[{"name":"falsesymmetry","amount":78},{"name":"Xisuma","amount":36},{"name":"impulseSV","amount":32},{"name":"Tango","amount":26},{"name":"Spumwackles","amount":13},{"name":"xBCrafted","amount":9},{"name":"Mumbo","amount":8},{"name":"PythonGB","amount":5},{"name":"topmass","amount":3},{"name":"Biffa2001","amount":2},{"name":"ZombieCleo","amount":2},{"name":"Tinfoilchef","amount":2},{"name":"monkeyfarm","amount":2},{"name":"iJevin","amount":1},{"name":"KingDaddyDMAC","amount":1},{"name":"Etho","amount":1},{"name":"hypnotizd","amount":1}]