[{"name":"falsesymmetry","amount":739},{"name":"hypnotizd","amount":141},{"name":"Xisuma","amount":114},{"name":"Tango","amount":106},{"name":"iJevin","amount":39},{"name":"xBCrafted","amount":35},{"name":"topmass","amount":27},{"name":"skyzm","amount":20},{"name":"Tinfoilchef","amount":15},{"name":"Mumbo","amount":11},{"name":"ZombieCleo","amount":10},{"name":"joehillssays","amount":7},{"name":"zueljin","amount":6},{"name":"Pungence","amount":5},{"name":"Etho","amount":5},{"name":"impulseSV","amount":5},{"name":"Collen","amount":5},{"name":"Biffa2001","amount":4},{"name":"sl1pg8r","amount":3},{"name":"monkeyfarm","amount":3},{"name":"Spumwackles","amount":3},{"name":"KingDaddyDMAC","amount":2},{"name":"Keralis1","amount":2},{"name":"Docm77","amount":1},{"name":"Mrs_Keralis","amount":1}]