[{"name":"falsesymmetry","amount":6112},{"name":"monkeyfarm","amount":5143},{"name":"xBCrafted","amount":4828},{"name":"Xisuma","amount":3119},{"name":"Tango","amount":2869},{"name":"impulseSV","amount":2063},{"name":"KingDaddyDMAC","amount":2022},{"name":"iJevin","amount":1462},{"name":"Mumbo","amount":1455},{"name":"Etho","amount":1171},{"name":"Biffa2001","amount":682},{"name":"topmass","amount":341},{"name":"zueljin","amount":269},{"name":"PythonGB","amount":251},{"name":"sl1pg8r","amount":249},{"name":"Tinfoilchef","amount":200},{"name":"ZombieCleo","amount":179},{"name":"Docm77","amount":134},{"name":"skyzm","amount":96},{"name":"Spumwackles","amount":76},{"name":"joehillssays","amount":45},{"name":"Keralis1","amount":9},{"name":"hypnotizd","amount":7}]