[{"name":"Xisuma","amount":2278},{"name":"falsesymmetry","amount":2274},{"name":"Tango","amount":1514},{"name":"Mumbo","amount":754},{"name":"zueljin","amount":735},{"name":"impulseSV","amount":717},{"name":"xBCrafted","amount":706},{"name":"sl1pg8r","amount":512},{"name":"Biffa2001","amount":512},{"name":"monkeyfarm","amount":378},{"name":"truesymmetry","amount":344},{"name":"Tinfoilchef","amount":313},{"name":"KingDaddyDMAC","amount":264},{"name":"hypnotizd","amount":261},{"name":"PythonGB","amount":242},{"name":"xisumavoid","amount":239},{"name":"iJevin","amount":212},{"name":"topmass","amount":197},{"name":"ZombieCleo","amount":171},{"name":"D_A_I_N_A","amount":155},{"name":"Spumwackles","amount":151},{"name":"MumboJumbo","amount":146},{"name":"TangoCam","amount":136},{"name":"joehillssays","amount":133},{"name":"xBCam","amount":119},{"name":"Docm77","amount":115},{"name":"snipepager","amount":108},{"name":"Etho","amount":91},{"name":"Donkeyfarm","amount":42},{"name":"Biffa001","amount":35},{"name":"Keralis1","amount":30},{"name":"NameOfSamuel","amount":30},{"name":"skyzm","amount":21},{"name":"HttpsSecure","amount":20},{"name":"WFRTNews","amount":12},{"name":"Cleophas","amount":11},{"name":"HypnotizdCam","amount":10},{"name":"Pungence","amount":9},{"name":"Mrs_Keralis","amount":8},{"name":"Collen","amount":7},{"name":"PythonGBCam","amount":1}]