[{"name":"Mumbo","amount":1020},{"name":"Tango","amount":906},{"name":"Xisuma","amount":905},{"name":"impulseSV","amount":831},{"name":"falsesymmetry","amount":389},{"name":"iJevin","amount":357},{"name":"xBCrafted","amount":263},{"name":"hypnotizd","amount":197},{"name":"Tinfoilchef","amount":197},{"name":"Docm77","amount":162},{"name":"sl1pg8r","amount":126},{"name":"zueljin","amount":74},{"name":"monkeyfarm","amount":64},{"name":"Etho","amount":54},{"name":"topmass","amount":28},{"name":"KingDaddyDMAC","amount":24},{"name":"PythonGB","amount":9},{"name":"Biffa2001","amount":6}]