[{"name":"xBCrafted","amount":1792},{"name":"falsesymmetry","amount":1664},{"name":"Tango","amount":1587},{"name":"Xisuma","amount":1168},{"name":"impulseSV","amount":976},{"name":"Mumbo","amount":948},{"name":"PythonGB","amount":576},{"name":"Spumwackles","amount":320},{"name":"Tinfoilchef","amount":192},{"name":"sl1pg8r","amount":160},{"name":"joehillssays","amount":160},{"name":"ZombieCleo","amount":160},{"name":"topmass","amount":96},{"name":"Docm77","amount":16},{"name":"iJevin","amount":16},{"name":"zueljin","amount":16},{"name":"monkeyfarm","amount":16}]