[{"name":"Xisuma","amount":2303},{"name":"impulseSV","amount":1409},{"name":"falsesymmetry","amount":829},{"name":"Tango","amount":241},{"name":"Tinfoilchef","amount":237},{"name":"PythonGB","amount":102},{"name":"ZombieCleo","amount":74},{"name":"xBCrafted","amount":57},{"name":"Spumwackles","amount":53},{"name":"zueljin","amount":41},{"name":"monkeyfarm","amount":30},{"name":"hypnotizd","amount":27},{"name":"KingDaddyDMAC","amount":24},{"name":"Biffa2001","amount":22},{"name":"sl1pg8r","amount":18},{"name":"topmass","amount":11}]