[{"name":"impulseSV","amount":91},{"name":"Tango","amount":41},{"name":"xBCrafted","amount":37},{"name":"falsesymmetry","amount":32},{"name":"Xisuma","amount":28},{"name":"zueljin","amount":17},{"name":"Biffa2001","amount":11},{"name":"topmass","amount":10},{"name":"PythonGB","amount":10},{"name":"sl1pg8r","amount":8},{"name":"Mumbo","amount":8},{"name":"hypnotizd","amount":8},{"name":"monkeyfarm","amount":8},{"name":"iJevin","amount":7},{"name":"Spumwackles","amount":7},{"name":"Tinfoilchef","amount":5},{"name":"Docm77","amount":4},{"name":"skyzm","amount":3},{"name":"Etho","amount":3},{"name":"Pungence","amount":2},{"name":"ZombieCleo","amount":2},{"name":"Keralis1","amount":1},{"name":"NameOfSamuel","amount":1},{"name":"Collen","amount":1}]