[{"name":"Tango","amount":2160839},{"name":"Xisuma","amount":1866185},{"name":"xBCrafted","amount":1551668},{"name":"falsesymmetry","amount":1538352},{"name":"impulseSV","amount":1201280},{"name":"Biffa2001","amount":648795},{"name":"Tinfoilchef","amount":619299},{"name":"Mumbo","amount":572444},{"name":"hypnotizd","amount":501848},{"name":"zueljin","amount":497015},{"name":"sl1pg8r","amount":488391},{"name":"PythonGB","amount":400137},{"name":"Spumwackles","amount":394840},{"name":"topmass","amount":360795},{"name":"monkeyfarm","amount":315064},{"name":"KingDaddyDMAC","amount":261633},{"name":"ZombieCleo","amount":216227},{"name":"iJevin","amount":182797},{"name":"Etho","amount":123463},{"name":"joehillssays","amount":96578},{"name":"Keralis1","amount":49645},{"name":"skyzm","amount":45105},{"name":"Docm77","amount":33674},{"name":"NameOfSamuel","amount":26985},{"name":"Pungence","amount":22575},{"name":"xisumavoid","amount":18519},{"name":"Collen","amount":16540},{"name":"Mrs_Keralis","amount":9855},{"name":"truesymmetry","amount":3270},{"name":"snipepager","amount":85}]