[{"name":"Tinfoilchef","amount":4349},{"name":"xBCrafted","amount":3613},{"name":"hypnotizd","amount":2714},{"name":"Tango","amount":347},{"name":"Biffa2001","amount":225},{"name":"KingDaddyDMAC","amount":166},{"name":"falsesymmetry","amount":118},{"name":"impulseSV","amount":61},{"name":"sl1pg8r","amount":60},{"name":"topmass","amount":48},{"name":"Xisuma","amount":45},{"name":"Mumbo","amount":21},{"name":"zueljin","amount":8},{"name":"Pungence","amount":4},{"name":"Etho","amount":3},{"name":"skyzm","amount":1},{"name":"monkeyfarm","amount":1}]