[{"name":"xBCrafted","amount":128},{"name":"falsesymmetry","amount":114},{"name":"Xisuma","amount":113},{"name":"Tango","amount":83},{"name":"Tinfoilchef","amount":62},{"name":"impulseSV","amount":62},{"name":"Mumbo","amount":54},{"name":"topmass","amount":42},{"name":"hypnotizd","amount":41},{"name":"iJevin","amount":39},{"name":"sl1pg8r","amount":38},{"name":"KingDaddyDMAC","amount":26},{"name":"Etho","amount":23},{"name":"Spumwackles","amount":22},{"name":"zueljin","amount":21},{"name":"ZombieCleo","amount":21},{"name":"Docm77","amount":19},{"name":"Biffa2001","amount":15},{"name":"PythonGB","amount":12},{"name":"monkeyfarm","amount":10},{"name":"joehillssays","amount":2},{"name":"skyzm","amount":1},{"name":"Pungence","amount":1},{"name":"Mrs_Keralis","amount":1},{"name":"Keralis1","amount":1}]