[{"name":"impulseSV","amount":592},{"name":"Xisuma","amount":445},{"name":"Mumbo","amount":365},{"name":"Tango","amount":204},{"name":"xBCrafted","amount":148},{"name":"falsesymmetry","amount":147},{"name":"zueljin","amount":85},{"name":"sl1pg8r","amount":81},{"name":"hypnotizd","amount":69},{"name":"KingDaddyDMAC","amount":66},{"name":"Docm77","amount":56},{"name":"Etho","amount":56},{"name":"monkeyfarm","amount":41},{"name":"iJevin","amount":20},{"name":"Tinfoilchef","amount":19},{"name":"topmass","amount":18},{"name":"Biffa2001","amount":11},{"name":"Spumwackles","amount":7}]