[{"name":"Spumwackles","amount":93},{"name":"falsesymmetry","amount":73},{"name":"Tango","amount":57},{"name":"impulseSV","amount":38},{"name":"Xisuma","amount":33},{"name":"joehillssays","amount":20},{"name":"sl1pg8r","amount":18},{"name":"Biffa2001","amount":15},{"name":"ZombieCleo","amount":15},{"name":"Mumbo","amount":14},{"name":"Tinfoilchef","amount":14},{"name":"NameOfSamuel","amount":11},{"name":"zueljin","amount":10},{"name":"monkeyfarm","amount":10},{"name":"PythonGB","amount":9},{"name":"xBCrafted","amount":9},{"name":"skyzm","amount":7},{"name":"iJevin","amount":7},{"name":"KingDaddyDMAC","amount":7},{"name":"Pungence","amount":3},{"name":"Keralis1","amount":3},{"name":"Docm77","amount":2},{"name":"topmass","amount":2},{"name":"Etho","amount":1},{"name":"hypnotizd","amount":1},{"name":"Collen","amount":1}]