[{"name":"Xisuma","amount":17256},{"name":"topmass","amount":8101},{"name":"Tinfoilchef","amount":6420},{"name":"falsesymmetry","amount":6140},{"name":"xBCrafted","amount":4618},{"name":"monkeyfarm","amount":2801},{"name":"iJevin","amount":2645},{"name":"ZombieCleo","amount":1881},{"name":"impulseSV","amount":1245},{"name":"joehillssays","amount":1147},{"name":"Etho","amount":959},{"name":"zueljin","amount":902},{"name":"Tango","amount":633},{"name":"hypnotizd","amount":568},{"name":"sl1pg8r","amount":335},{"name":"PythonGB","amount":292},{"name":"Mumbo","amount":248},{"name":"Biffa2001","amount":214},{"name":"skyzm","amount":100},{"name":"Mrs_Keralis","amount":78},{"name":"Docm77","amount":74},{"name":"Keralis1","amount":39},{"name":"Spumwackles","amount":6}]