[{"name":"sl1pg8r","amount":17633},{"name":"falsesymmetry","amount":11094},{"name":"impulseSV","amount":9495},{"name":"Xisuma","amount":8891},{"name":"Tango","amount":7510},{"name":"PythonGB","amount":4837},{"name":"Mumbo","amount":3656},{"name":"xBCrafted","amount":2892},{"name":"ZombieCleo","amount":2158},{"name":"Biffa2001","amount":1966},{"name":"joehillssays","amount":1431},{"name":"zueljin","amount":1371},{"name":"KingDaddyDMAC","amount":1177},{"name":"iJevin","amount":999},{"name":"topmass","amount":601},{"name":"Spumwackles","amount":560},{"name":"Tinfoilchef","amount":527},{"name":"monkeyfarm","amount":273},{"name":"hypnotizd","amount":136},{"name":"Docm77","amount":63},{"name":"Etho","amount":16}]