[{"name":"topmass","amount":214},{"name":"xBCrafted","amount":208},{"name":"Xisuma","amount":168},{"name":"falsesymmetry","amount":164},{"name":"Biffa2001","amount":121},{"name":"Tango","amount":96},{"name":"monkeyfarm","amount":74},{"name":"Etho","amount":64},{"name":"zueljin","amount":60},{"name":"PythonGB","amount":22},{"name":"Tinfoilchef","amount":21},{"name":"hypnotizd","amount":15},{"name":"ZombieCleo","amount":14},{"name":"sl1pg8r","amount":12},{"name":"Mumbo","amount":6},{"name":"NameOfSamuel","amount":6},{"name":"impulseSV","amount":1}]