[{"name":"falsesymmetry","amount":55},{"name":"Tango","amount":46},{"name":"Xisuma","amount":40},{"name":"xBCrafted","amount":9},{"name":"Etho","amount":9},{"name":"sl1pg8r","amount":7},{"name":"joehillssays","amount":5},{"name":"zueljin","amount":5},{"name":"ZombieCleo","amount":5},{"name":"Docm77","amount":4},{"name":"PythonGB","amount":4},{"name":"Biffa2001","amount":4},{"name":"Tinfoilchef","amount":4},{"name":"Spumwackles","amount":4},{"name":"Keralis1","amount":4},{"name":"impulseSV","amount":4},{"name":"KingDaddyDMAC","amount":3},{"name":"Mumbo","amount":3},{"name":"skyzm","amount":2},{"name":"topmass","amount":2},{"name":"iJevin","amount":2},{"name":"hypnotizd","amount":2},{"name":"Pungence","amount":1},{"name":"monkeyfarm","amount":1},{"name":"NameOfSamuel","amount":1},{"name":"Collen","amount":1}]