[{"name":"falsesymmetry","amount":721},{"name":"impulseSV","amount":514},{"name":"Xisuma","amount":384},{"name":"Spumwackles","amount":361},{"name":"xBCrafted","amount":299},{"name":"Tango","amount":226},{"name":"Mumbo","amount":124},{"name":"ZombieCleo","amount":105},{"name":"Biffa2001","amount":75},{"name":"monkeyfarm","amount":42},{"name":"joehillssays","amount":37},{"name":"sl1pg8r","amount":35},{"name":"PythonGB","amount":22},{"name":"topmass","amount":11},{"name":"Tinfoilchef","amount":10},{"name":"zueljin","amount":2}]