[{"name":"falsesymmetry","amount":45331},{"name":"Xisuma","amount":18866},{"name":"xBCrafted","amount":15497},{"name":"Tango","amount":14253},{"name":"monkeyfarm","amount":13069},{"name":"Biffa2001","amount":7872},{"name":"topmass","amount":7742},{"name":"impulseSV","amount":7182},{"name":"iJevin","amount":5786},{"name":"PythonGB","amount":4209},{"name":"Etho","amount":4055},{"name":"KingDaddyDMAC","amount":3040},{"name":"sl1pg8r","amount":1796},{"name":"Tinfoilchef","amount":1776},{"name":"joehillssays","amount":1664},{"name":"ZombieCleo","amount":1500},{"name":"Mumbo","amount":1480},{"name":"Spumwackles","amount":1088},{"name":"Docm77","amount":620},{"name":"skyzm","amount":468},{"name":"zueljin","amount":303},{"name":"hypnotizd","amount":264},{"name":"Keralis1","amount":64}]