[{"name":"falsesymmetry","amount":2944},{"name":"iJevin","amount":2593},{"name":"xBCrafted","amount":1622},{"name":"sl1pg8r","amount":1450},{"name":"impulseSV","amount":1371},{"name":"Tango","amount":1117},{"name":"Xisuma","amount":1043},{"name":"monkeyfarm","amount":836},{"name":"zueljin","amount":777},{"name":"ZombieCleo","amount":709},{"name":"Mumbo","amount":690},{"name":"topmass","amount":673},{"name":"Tinfoilchef","amount":438},{"name":"KingDaddyDMAC","amount":393},{"name":"skyzm","amount":275},{"name":"Biffa2001","amount":264},{"name":"Etho","amount":240},{"name":"hypnotizd","amount":51},{"name":"Spumwackles","amount":45},{"name":"Pungence","amount":40},{"name":"NameOfSamuel","amount":34},{"name":"joehillssays","amount":33},{"name":"Keralis1","amount":21},{"name":"PythonGB","amount":11},{"name":"Docm77","amount":1}]