[{"name":"falsesymmetry","amount":2060},{"name":"Xisuma","amount":1882},{"name":"Tango","amount":654},{"name":"xBCrafted","amount":616},{"name":"Biffa2001","amount":553},{"name":"impulseSV","amount":502},{"name":"PythonGB","amount":477},{"name":"monkeyfarm","amount":424},{"name":"Tinfoilchef","amount":358},{"name":"Mumbo","amount":197},{"name":"Etho","amount":192},{"name":"zueljin","amount":156},{"name":"ZombieCleo","amount":79},{"name":"sl1pg8r","amount":64},{"name":"iJevin","amount":58},{"name":"joehillssays","amount":28},{"name":"KingDaddyDMAC","amount":9},{"name":"hypnotizd","amount":9},{"name":"topmass","amount":7},{"name":"Docm77","amount":4}]