[{"name":"Mumbo","amount":2391},{"name":"Xisuma","amount":1188},{"name":"falsesymmetry","amount":912},{"name":"xBCrafted","amount":771},{"name":"monkeyfarm","amount":687},{"name":"topmass","amount":495},{"name":"impulseSV","amount":375},{"name":"ZombieCleo","amount":330},{"name":"sl1pg8r","amount":309},{"name":"Tango","amount":303},{"name":"PythonGB","amount":162},{"name":"Etho","amount":153},{"name":"hypnotizd","amount":96},{"name":"iJevin","amount":66},{"name":"zueljin","amount":60},{"name":"Spumwackles","amount":51},{"name":"joehillssays","amount":39},{"name":"skyzm","amount":30},{"name":"KingDaddyDMAC","amount":6},{"name":"Tinfoilchef","amount":3}]