[{"name":"Xisuma","amount":578},{"name":"falsesymmetry","amount":528},{"name":"xBCrafted","amount":456},{"name":"Tango","amount":410},{"name":"impulseSV","amount":401},{"name":"Mumbo","amount":237},{"name":"Biffa2001","amount":227},{"name":"topmass","amount":154},{"name":"zueljin","amount":140},{"name":"Spumwackles","amount":125},{"name":"sl1pg8r","amount":103},{"name":"hypnotizd","amount":102},{"name":"PythonGB","amount":95},{"name":"monkeyfarm","amount":94},{"name":"Etho","amount":79},{"name":"iJevin","amount":75},{"name":"ZombieCleo","amount":60},{"name":"KingDaddyDMAC","amount":58},{"name":"Tinfoilchef","amount":43},{"name":"skyzm","amount":31},{"name":"Keralis1","amount":31},{"name":"NameOfSamuel","amount":25},{"name":"Docm77","amount":15},{"name":"Pungence","amount":12},{"name":"joehillssays","amount":8},{"name":"Collen","amount":7},{"name":"xisumavoid","amount":1},{"name":"Mrs_Keralis","amount":1}]