[{"name":"falsesymmetry","amount":369},{"name":"monkeyfarm","amount":242},{"name":"Xisuma","amount":202},{"name":"xBCrafted","amount":197},{"name":"Tango","amount":171},{"name":"Etho","amount":159},{"name":"KingDaddyDMAC","amount":120},{"name":"impulseSV","amount":99},{"name":"Spumwackles","amount":70},{"name":"ZombieCleo","amount":60},{"name":"zueljin","amount":59},{"name":"topmass","amount":20},{"name":"PythonGB","amount":19},{"name":"joehillssays","amount":18},{"name":"skyzm","amount":16},{"name":"Mumbo","amount":15},{"name":"Biffa2001","amount":7},{"name":"sl1pg8r","amount":6},{"name":"iJevin","amount":1}]