[{"name":"Xisuma","amount":5414},{"name":"impulseSV","amount":1663},{"name":"iJevin","amount":825},{"name":"falsesymmetry","amount":193},{"name":"xBCrafted","amount":89},{"name":"topmass","amount":64},{"name":"Tinfoilchef","amount":64},{"name":"monkeyfarm","amount":40},{"name":"zueljin","amount":39},{"name":"PythonGB","amount":27},{"name":"Biffa2001","amount":23},{"name":"Tango","amount":21},{"name":"sl1pg8r","amount":16},{"name":"truesymmetry","amount":8},{"name":"hypnotizd","amount":3},{"name":"ZombieCleo","amount":1}]