[{"name":"joehillssays","amount":27},{"name":"zueljin","amount":20},{"name":"Tinfoilchef","amount":19},{"name":"Mumbo","amount":4},{"name":"Collen","amount":4},{"name":"KingDaddyDMAC","amount":3},{"name":"NameOfSamuel","amount":3},{"name":"sl1pg8r","amount":2},{"name":"Xisuma","amount":2},{"name":"iJevin","amount":2},{"name":"xBCrafted","amount":2},{"name":"falsesymmetry","amount":2},{"name":"ZombieCleo","amount":2},{"name":"monkeyfarm","amount":2},{"name":"topmass","amount":1},{"name":"Tango","amount":1},{"name":"Pungence","amount":1},{"name":"Biffa2001","amount":1},{"name":"Spumwackles","amount":1},{"name":"Keralis1","amount":1}]