[{"name":"impulseSV","amount":3822},{"name":"falsesymmetry","amount":2966},{"name":"Xisuma","amount":2316},{"name":"Tango","amount":1524},{"name":"xBCrafted","amount":1080},{"name":"Tinfoilchef","amount":863},{"name":"zueljin","amount":725},{"name":"monkeyfarm","amount":705},{"name":"iJevin","amount":689},{"name":"Biffa2001","amount":677},{"name":"hypnotizd","amount":483},{"name":"ZombieCleo","amount":461},{"name":"Mumbo","amount":375},{"name":"sl1pg8r","amount":369},{"name":"Spumwackles","amount":321},{"name":"PythonGB","amount":253},{"name":"topmass","amount":214},{"name":"KingDaddyDMAC","amount":203},{"name":"Docm77","amount":31},{"name":"skyzm","amount":21},{"name":"Pungence","amount":1}]