[{"name":"Xisuma","amount":93644},{"name":"falsesymmetry","amount":65128},{"name":"Mumbo","amount":49688},{"name":"xBCrafted","amount":48232},{"name":"Tango","amount":41130},{"name":"impulseSV","amount":35346},{"name":"Biffa2001","amount":31647},{"name":"iJevin","amount":31391},{"name":"Tinfoilchef","amount":28048},{"name":"hypnotizd","amount":22964},{"name":"zueljin","amount":19336},{"name":"sl1pg8r","amount":15792},{"name":"monkeyfarm","amount":15662},{"name":"ZombieCleo","amount":12736},{"name":"topmass","amount":10024},{"name":"Etho","amount":6133},{"name":"KingDaddyDMAC","amount":5712},{"name":"PythonGB","amount":4256},{"name":"Spumwackles","amount":4090},{"name":"Docm77","amount":2379},{"name":"joehillssays","amount":2048},{"name":"skyzm","amount":1276},{"name":"NameOfSamuel","amount":736},{"name":"Keralis1","amount":720},{"name":"Pungence","amount":168},{"name":"Collen","amount":148},{"name":"xisumavoid","amount":48},{"name":"Mrs_Keralis","amount":36},{"name":"truesymmetry","amount":20}]