[{"name":"Tango","amount":804},{"name":"Xisuma","amount":329},{"name":"impulseSV","amount":322},{"name":"Tinfoilchef","amount":318},{"name":"falsesymmetry","amount":302},{"name":"xBCrafted","amount":171},{"name":"Spumwackles","amount":125},{"name":"zueljin","amount":89},{"name":"sl1pg8r","amount":69},{"name":"PythonGB","amount":65},{"name":"Mumbo","amount":56},{"name":"ZombieCleo","amount":20},{"name":"joehillssays","amount":10},{"name":"hypnotizd","amount":7},{"name":"Biffa2001","amount":5},{"name":"skyzm","amount":1},{"name":"iJevin","amount":1},{"name":"monkeyfarm","amount":1}]