[{"name":"xBCrafted","amount":98},{"name":"hypnotizd","amount":64},{"name":"impulseSV","amount":52},{"name":"Xisuma","amount":47},{"name":"falsesymmetry","amount":38},{"name":"Biffa2001","amount":24},{"name":"Tango","amount":23},{"name":"Tinfoilchef","amount":20},{"name":"Etho","amount":13},{"name":"zueljin","amount":12},{"name":"topmass","amount":8},{"name":"monkeyfarm","amount":7},{"name":"Keralis1","amount":6},{"name":"Mumbo","amount":5},{"name":"skyzm","amount":4},{"name":"sl1pg8r","amount":3},{"name":"Collen","amount":3},{"name":"PythonGB","amount":2},{"name":"iJevin","amount":2},{"name":"KingDaddyDMAC","amount":2},{"name":"ZombieCleo","amount":1},{"name":"Mrs_Keralis","amount":1},{"name":"Spumwackles","amount":1}]