[{"name":"Xisuma","amount":288},{"name":"Tango","amount":244},{"name":"falsesymmetry","amount":199},{"name":"monkeyfarm","amount":184},{"name":"impulseSV","amount":183},{"name":"zueljin","amount":178},{"name":"xBCrafted","amount":165},{"name":"Spumwackles","amount":114},{"name":"Mumbo","amount":113},{"name":"Biffa2001","amount":74},{"name":"hypnotizd","amount":60},{"name":"topmass","amount":56},{"name":"PythonGB","amount":49},{"name":"Tinfoilchef","amount":42},{"name":"sl1pg8r","amount":41},{"name":"iJevin","amount":40},{"name":"ZombieCleo","amount":28},{"name":"KingDaddyDMAC","amount":25},{"name":"Etho","amount":18},{"name":"skyzm","amount":14},{"name":"Keralis1","amount":11},{"name":"Pungence","amount":5},{"name":"NameOfSamuel","amount":4},{"name":"Collen","amount":4},{"name":"Mrs_Keralis","amount":3},{"name":"Docm77","amount":2}]