[{"name":"Xisuma","amount":4927},{"name":"Mumbo","amount":3536},{"name":"Tango","amount":2364},{"name":"iJevin","amount":2319},{"name":"xBCrafted","amount":2295},{"name":"Tinfoilchef","amount":2291},{"name":"impulseSV","amount":1980},{"name":"falsesymmetry","amount":1515},{"name":"hypnotizd","amount":886},{"name":"sl1pg8r","amount":725},{"name":"Biffa2001","amount":665},{"name":"KingDaddyDMAC","amount":504},{"name":"ZombieCleo","amount":351},{"name":"zueljin","amount":322},{"name":"topmass","amount":309},{"name":"monkeyfarm","amount":287},{"name":"PythonGB","amount":165},{"name":"Spumwackles","amount":161},{"name":"Etho","amount":130},{"name":"Docm77","amount":97},{"name":"joehillssays","amount":52},{"name":"skyzm","amount":21},{"name":"Keralis1","amount":21},{"name":"NameOfSamuel","amount":7},{"name":"xisumavoid","amount":6},{"name":"Pungence","amount":6},{"name":"Collen","amount":2}]