[{"name":"Xisuma","amount":54},{"name":"falsesymmetry","amount":41},{"name":"Etho","amount":35},{"name":"Tango","amount":32},{"name":"PythonGB","amount":18},{"name":"zueljin","amount":15},{"name":"impulseSV","amount":12},{"name":"Biffa2001","amount":10},{"name":"topmass","amount":6},{"name":"joehillssays","amount":6},{"name":"Tinfoilchef","amount":6},{"name":"Docm77","amount":5},{"name":"skyzm","amount":5},{"name":"KingDaddyDMAC","amount":5},{"name":"xBCrafted","amount":5},{"name":"Spumwackles","amount":4},{"name":"ZombieCleo","amount":3},{"name":"iJevin","amount":2},{"name":"Mumbo","amount":2},{"name":"monkeyfarm","amount":2},{"name":"Keralis1","amount":2},{"name":"sl1pg8r","amount":1},{"name":"Pungence","amount":1},{"name":"hypnotizd","amount":1},{"name":"NameOfSamuel","amount":1},{"name":"Collen","amount":1}]