[{"name":"zueljin","amount":238},{"name":"falsesymmetry","amount":149},{"name":"xBCrafted","amount":125},{"name":"Mumbo","amount":105},{"name":"PythonGB","amount":78},{"name":"Spumwackles","amount":53},{"name":"Xisuma","amount":38},{"name":"joehillssays","amount":11},{"name":"Tango","amount":11},{"name":"Biffa2001","amount":7},{"name":"Tinfoilchef","amount":7},{"name":"topmass","amount":4},{"name":"Pungence","amount":3},{"name":"hypnotizd","amount":3},{"name":"Docm77","amount":2},{"name":"skyzm","amount":2},{"name":"sl1pg8r","amount":1},{"name":"KingDaddyDMAC","amount":1},{"name":"Etho","amount":1},{"name":"monkeyfarm","amount":1},{"name":"NameOfSamuel","amount":1},{"name":"Collen","amount":1}]