[{"name":"ZombieCleo","amount":761},{"name":"Tango","amount":678},{"name":"falsesymmetry","amount":643},{"name":"Spumwackles","amount":524},{"name":"sl1pg8r","amount":518},{"name":"Xisuma","amount":442},{"name":"PythonGB","amount":304},{"name":"xBCrafted","amount":219},{"name":"Biffa2001","amount":204},{"name":"KingDaddyDMAC","amount":174},{"name":"topmass","amount":173},{"name":"monkeyfarm","amount":153},{"name":"impulseSV","amount":129},{"name":"Tinfoilchef","amount":106},{"name":"zueljin","amount":103},{"name":"iJevin","amount":71},{"name":"hypnotizd","amount":70},{"name":"joehillssays","amount":49},{"name":"Docm77","amount":19},{"name":"NameOfSamuel","amount":6},{"name":"Collen","amount":5},{"name":"Mumbo","amount":4}]