[{"name":"Mumbo","amount":2983},{"name":"zueljin","amount":1949},{"name":"falsesymmetry","amount":1646},{"name":"Spumwackles","amount":1566},{"name":"Xisuma","amount":1501},{"name":"sl1pg8r","amount":877},{"name":"Tinfoilchef","amount":711},{"name":"Tango","amount":510},{"name":"xBCrafted","amount":499},{"name":"monkeyfarm","amount":427},{"name":"ZombieCleo","amount":292},{"name":"Etho","amount":283},{"name":"PythonGB","amount":247},{"name":"KingDaddyDMAC","amount":209},{"name":"Biffa2001","amount":191},{"name":"impulseSV","amount":156},{"name":"topmass","amount":63},{"name":"iJevin","amount":33},{"name":"hypnotizd","amount":13},{"name":"joehillssays","amount":7},{"name":"Keralis1","amount":7},{"name":"Mrs_Keralis","amount":5},{"name":"Docm77","amount":4}]