[{"name":"Tango","amount":648},{"name":"impulseSV","amount":226},{"name":"Mumbo","amount":182},{"name":"Tinfoilchef","amount":140},{"name":"Spumwackles","amount":66},{"name":"sl1pg8r","amount":64},{"name":"falsesymmetry","amount":45},{"name":"xBCrafted","amount":44},{"name":"monkeyfarm","amount":37},{"name":"Biffa2001","amount":32},{"name":"Xisuma","amount":28},{"name":"zueljin","amount":17},{"name":"topmass","amount":16},{"name":"PythonGB","amount":15},{"name":"hypnotizd","amount":3},{"name":"iJevin","amount":1},{"name":"ZombieCleo","amount":1}]