[{"name":"falsesymmetry","amount":5232},{"name":"Xisuma","amount":5088},{"name":"zueljin","amount":3973},{"name":"impulseSV","amount":1812},{"name":"Tinfoilchef","amount":1218},{"name":"xBCrafted","amount":1167},{"name":"Biffa2001","amount":977},{"name":"Tango","amount":937},{"name":"ZombieCleo","amount":297},{"name":"topmass","amount":282},{"name":"sl1pg8r","amount":207},{"name":"Mumbo","amount":195},{"name":"PythonGB","amount":66},{"name":"iJevin","amount":54},{"name":"Etho","amount":42},{"name":"monkeyfarm","amount":27},{"name":"Docm77","amount":3}]