[{"name":"falsesymmetry","amount":6450},{"name":"joehillssays","amount":1183},{"name":"zueljin","amount":750},{"name":"Tinfoilchef","amount":468},{"name":"Mumbo","amount":460},{"name":"Tango","amount":289},{"name":"Spumwackles","amount":225},{"name":"Xisuma","amount":116},{"name":"monkeyfarm","amount":94},{"name":"sl1pg8r","amount":60},{"name":"impulseSV","amount":44},{"name":"Etho","amount":43},{"name":"Biffa2001","amount":40},{"name":"PythonGB","amount":38},{"name":"xBCrafted","amount":35},{"name":"topmass","amount":22},{"name":"iJevin","amount":12},{"name":"Pungence","amount":11},{"name":"ZombieCleo","amount":11},{"name":"KingDaddyDMAC","amount":2}]