[{"name":"KingDaddyDMAC","amount":3480},{"name":"xBCrafted","amount":1496},{"name":"topmass","amount":1000},{"name":"Xisuma","amount":964},{"name":"impulseSV","amount":928},{"name":"Tango","amount":774},{"name":"falsesymmetry","amount":721},{"name":"PythonGB","amount":417},{"name":"zueljin","amount":389},{"name":"Mumbo","amount":299},{"name":"Biffa2001","amount":266},{"name":"Spumwackles","amount":221},{"name":"monkeyfarm","amount":203},{"name":"hypnotizd","amount":193},{"name":"sl1pg8r","amount":160},{"name":"ZombieCleo","amount":120},{"name":"iJevin","amount":104},{"name":"Tinfoilchef","amount":102},{"name":"Etho","amount":100},{"name":"skyzm","amount":50},{"name":"Keralis1","amount":42},{"name":"Docm77","amount":32},{"name":"NameOfSamuel","amount":30},{"name":"Collen","amount":21},{"name":"Pungence","amount":19},{"name":"joehillssays","amount":12},{"name":"Mrs_Keralis","amount":8},{"name":"snipepager","amount":1}]