[{"name":"xBCrafted","amount":5059},{"name":"Xisuma","amount":3798},{"name":"falsesymmetry","amount":2622},{"name":"zueljin","amount":2144},{"name":"Tango","amount":1729},{"name":"impulseSV","amount":1080},{"name":"Mumbo","amount":614},{"name":"monkeyfarm","amount":452},{"name":"iJevin","amount":381},{"name":"Biffa2001","amount":381},{"name":"topmass","amount":233},{"name":"sl1pg8r","amount":183},{"name":"Etho","amount":129},{"name":"hypnotizd","amount":91},{"name":"ZombieCleo","amount":53},{"name":"Tinfoilchef","amount":52},{"name":"joehillssays","amount":41},{"name":"Spumwackles","amount":34},{"name":"Docm77","amount":17},{"name":"PythonGB","amount":10},{"name":"KingDaddyDMAC","amount":8},{"name":"Keralis1","amount":1}]