[{"name":"impulseSV","amount":78184},{"name":"Tinfoilchef","amount":43068},{"name":"Xisuma","amount":42950},{"name":"falsesymmetry","amount":38382},{"name":"Tango","amount":36295},{"name":"Mumbo","amount":30433},{"name":"xBCrafted","amount":11342},{"name":"zueljin","amount":8804},{"name":"hypnotizd","amount":6342},{"name":"sl1pg8r","amount":6133},{"name":"Biffa2001","amount":4694},{"name":"monkeyfarm","amount":3974},{"name":"ZombieCleo","amount":3556},{"name":"KingDaddyDMAC","amount":2320},{"name":"PythonGB","amount":2140},{"name":"topmass","amount":1836},{"name":"iJevin","amount":1159},{"name":"Spumwackles","amount":631},{"name":"Docm77","amount":437},{"name":"Etho","amount":270},{"name":"skyzm","amount":147},{"name":"Keralis1","amount":75},{"name":"joehillssays","amount":51},{"name":"NameOfSamuel","amount":30},{"name":"Pungence","amount":6},{"name":"Collen","amount":3}]