[{"name":"hypnotizd","amount":2207},{"name":"xBCrafted","amount":310},{"name":"Xisuma","amount":230},{"name":"KingDaddyDMAC","amount":218},{"name":"Tango","amount":179},{"name":"Tinfoilchef","amount":146},{"name":"falsesymmetry","amount":120},{"name":"sl1pg8r","amount":103},{"name":"Mumbo","amount":103},{"name":"monkeyfarm","amount":50},{"name":"impulseSV","amount":41},{"name":"topmass","amount":33},{"name":"iJevin","amount":24},{"name":"zueljin","amount":21},{"name":"Docm77","amount":12},{"name":"Biffa2001","amount":9},{"name":"PythonGB","amount":7},{"name":"Etho","amount":6},{"name":"ZombieCleo","amount":5},{"name":"Pungence","amount":4},{"name":"skyzm","amount":3},{"name":"NameOfSamuel","amount":2},{"name":"Mrs_Keralis","amount":1},{"name":"Keralis1","amount":1}]