[{"name":"falsesymmetry","amount":95},{"name":"Mumbo","amount":69},{"name":"xBCrafted","amount":59},{"name":"impulseSV","amount":32},{"name":"Xisuma","amount":23},{"name":"monkeyfarm","amount":23},{"name":"topmass","amount":18},{"name":"zueljin","amount":15},{"name":"Docm77","amount":14},{"name":"Tango","amount":8},{"name":"sl1pg8r","amount":7},{"name":"Biffa2001","amount":5},{"name":"KingDaddyDMAC","amount":3},{"name":"ZombieCleo","amount":3},{"name":"Tinfoilchef","amount":3},{"name":"hypnotizd","amount":2},{"name":"Etho","amount":1}]