[{"name":"xBCrafted","amount":252},{"name":"hypnotizd","amount":208},{"name":"falsesymmetry","amount":147},{"name":"monkeyfarm","amount":107},{"name":"Tinfoilchef","amount":97},{"name":"Tango","amount":91},{"name":"Spumwackles","amount":62},{"name":"Xisuma","amount":60},{"name":"sl1pg8r","amount":59},{"name":"impulseSV","amount":51},{"name":"zueljin","amount":42},{"name":"topmass","amount":33},{"name":"ZombieCleo","amount":31},{"name":"Biffa2001","amount":30},{"name":"PythonGB","amount":16},{"name":"iJevin","amount":9},{"name":"KingDaddyDMAC","amount":8},{"name":"Mumbo","amount":6},{"name":"skyzm","amount":3},{"name":"Mrs_Keralis","amount":2},{"name":"Docm77","amount":1},{"name":"Pungence","amount":1},{"name":"Keralis1","amount":1}]