[{"name":"falsesymmetry","amount":3813},{"name":"Tango","amount":3279},{"name":"Xisuma","amount":2566},{"name":"xBCrafted","amount":1546},{"name":"zueljin","amount":988},{"name":"impulseSV","amount":820},{"name":"Spumwackles","amount":702},{"name":"sl1pg8r","amount":630},{"name":"ZombieCleo","amount":577},{"name":"monkeyfarm","amount":363},{"name":"Etho","amount":353},{"name":"iJevin","amount":321},{"name":"Tinfoilchef","amount":289},{"name":"hypnotizd","amount":268},{"name":"Mumbo","amount":224},{"name":"Biffa2001","amount":197},{"name":"PythonGB","amount":125},{"name":"Docm77","amount":114},{"name":"topmass","amount":111},{"name":"Mrs_Keralis","amount":111},{"name":"KingDaddyDMAC","amount":79},{"name":"Keralis1","amount":45},{"name":"skyzm","amount":44},{"name":"xisumavoid","amount":17},{"name":"Collen","amount":15},{"name":"NameOfSamuel","amount":6},{"name":"Pungence","amount":5},{"name":"truesymmetry","amount":4},{"name":"joehillssays","amount":4},{"name":"snipepager","amount":2}]