[{"name":"falsesymmetry","amount":354},{"name":"Xisuma","amount":270},{"name":"hypnotizd","amount":78},{"name":"Tango","amount":71},{"name":"impulseSV","amount":55},{"name":"Tinfoilchef","amount":44},{"name":"xBCrafted","amount":36},{"name":"iJevin","amount":35},{"name":"Spumwackles","amount":12},{"name":"topmass","amount":11},{"name":"zueljin","amount":11},{"name":"ZombieCleo","amount":8},{"name":"Mumbo","amount":7},{"name":"sl1pg8r","amount":6},{"name":"PythonGB","amount":6},{"name":"KingDaddyDMAC","amount":6},{"name":"Biffa2001","amount":5},{"name":"monkeyfarm","amount":4},{"name":"Etho","amount":3},{"name":"Docm77","amount":1},{"name":"joehillssays","amount":1}]