[{"name":"falsesymmetry","amount":9787},{"name":"Xisuma","amount":7611},{"name":"Tango","amount":6143},{"name":"Mumbo","amount":5495},{"name":"iJevin","amount":3514},{"name":"impulseSV","amount":3422},{"name":"xBCrafted","amount":3229},{"name":"zueljin","amount":2203},{"name":"Biffa2001","amount":639},{"name":"Tinfoilchef","amount":493},{"name":"PythonGB","amount":249},{"name":"Etho","amount":167},{"name":"sl1pg8r","amount":161},{"name":"topmass","amount":151},{"name":"monkeyfarm","amount":114},{"name":"ZombieCleo","amount":100},{"name":"Docm77","amount":55},{"name":"hypnotizd","amount":47},{"name":"joehillssays","amount":23},{"name":"KingDaddyDMAC","amount":5},{"name":"truesymmetry","amount":4},{"name":"NameOfSamuel","amount":4},{"name":"xisumavoid","amount":3}]