[{"name":"falsesymmetry","amount":639},{"name":"Tinfoilchef","amount":321},{"name":"PythonGB","amount":243},{"name":"Xisuma","amount":237},{"name":"iJevin","amount":167},{"name":"Biffa2001","amount":120},{"name":"topmass","amount":110},{"name":"impulseSV","amount":93},{"name":"Tango","amount":86},{"name":"xBCrafted","amount":86},{"name":"Etho","amount":75},{"name":"sl1pg8r","amount":62},{"name":"Mumbo","amount":62},{"name":"monkeyfarm","amount":30},{"name":"joehillssays","amount":24},{"name":"zueljin","amount":23},{"name":"Docm77","amount":22},{"name":"ZombieCleo","amount":16}]