[{"name":"Xisuma","amount":2013},{"name":"xBCrafted","amount":1084},{"name":"KingDaddyDMAC","amount":320},{"name":"Mumbo","amount":286},{"name":"falsesymmetry","amount":280},{"name":"impulseSV","amount":227},{"name":"monkeyfarm","amount":167},{"name":"sl1pg8r","amount":162},{"name":"Biffa2001","amount":151},{"name":"Tango","amount":110},{"name":"Etho","amount":101},{"name":"topmass","amount":75},{"name":"zueljin","amount":39},{"name":"hypnotizd","amount":38},{"name":"iJevin","amount":11},{"name":"PythonGB","amount":1}]