[{"name":"Xisuma","amount":312},{"name":"falsesymmetry","amount":261},{"name":"Tango","amount":68},{"name":"sl1pg8r","amount":60},{"name":"zueljin","amount":38},{"name":"xBCrafted","amount":37},{"name":"Tinfoilchef","amount":35},{"name":"iJevin","amount":30},{"name":"ZombieCleo","amount":26},{"name":"Mumbo","amount":25},{"name":"Spumwackles","amount":18},{"name":"monkeyfarm","amount":17},{"name":"impulseSV","amount":17},{"name":"PythonGB","amount":14},{"name":"Biffa2001","amount":9},{"name":"KingDaddyDMAC","amount":5},{"name":"Etho","amount":5},{"name":"topmass","amount":4},{"name":"Docm77","amount":3},{"name":"skyzm","amount":2},{"name":"joehillssays","amount":1}]