[{"name":"impulseSV","amount":895},{"name":"Tango","amount":824},{"name":"Xisuma","amount":367},{"name":"Biffa2001","amount":137},{"name":"ZombieCleo","amount":132},{"name":"Spumwackles","amount":104},{"name":"zueljin","amount":87},{"name":"xBCrafted","amount":87},{"name":"falsesymmetry","amount":66},{"name":"sl1pg8r","amount":57},{"name":"Tinfoilchef","amount":33},{"name":"monkeyfarm","amount":33},{"name":"hypnotizd","amount":29},{"name":"iJevin","amount":7},{"name":"Mumbo","amount":7},{"name":"topmass","amount":4},{"name":"PythonGB","amount":4},{"name":"KingDaddyDMAC","amount":3},{"name":"Pungence","amount":1},{"name":"Keralis1","amount":1}]