[{"name":"falsesymmetry","amount":39},{"name":"Xisuma","amount":33},{"name":"Etho","amount":10},{"name":"Tango","amount":9},{"name":"impulseSV","amount":7},{"name":"xBCrafted","amount":6},{"name":"ZombieCleo","amount":6},{"name":"joehillssays","amount":4},{"name":"zueljin","amount":4},{"name":"Biffa2001","amount":4},{"name":"Tinfoilchef","amount":4},{"name":"KingDaddyDMAC","amount":3},{"name":"Mumbo","amount":3},{"name":"Spumwackles","amount":3},{"name":"Docm77","amount":2},{"name":"sl1pg8r","amount":2},{"name":"skyzm","amount":2},{"name":"topmass","amount":2},{"name":"PythonGB","amount":2},{"name":"hypnotizd","amount":2},{"name":"Keralis1","amount":2},{"name":"iJevin","amount":1},{"name":"Pungence","amount":1},{"name":"Mrs_Keralis","amount":1},{"name":"monkeyfarm","amount":1},{"name":"NameOfSamuel","amount":1},{"name":"Collen","amount":1}]