[{"name":"hypnotizd","amount":3432},{"name":"Xisuma","amount":2262},{"name":"Mumbo","amount":2112},{"name":"impulseSV","amount":1422},{"name":"falsesymmetry","amount":810},{"name":"sl1pg8r","amount":630},{"name":"xBCrafted","amount":462},{"name":"Tinfoilchef","amount":378},{"name":"Tango","amount":360},{"name":"Etho","amount":324},{"name":"Biffa2001","amount":198},{"name":"monkeyfarm","amount":162},{"name":"topmass","amount":132},{"name":"zueljin","amount":96},{"name":"ZombieCleo","amount":84},{"name":"KingDaddyDMAC","amount":60},{"name":"iJevin","amount":48},{"name":"skyzm","amount":42},{"name":"Docm77","amount":12}]