[{"name":"Xisuma","amount":930},{"name":"Mumbo","amount":670},{"name":"Tango","amount":656},{"name":"xBCrafted","amount":450},{"name":"iJevin","amount":414},{"name":"falsesymmetry","amount":406},{"name":"impulseSV","amount":366},{"name":"hypnotizd","amount":176},{"name":"Tinfoilchef","amount":144},{"name":"zueljin","amount":104},{"name":"KingDaddyDMAC","amount":76},{"name":"topmass","amount":44},{"name":"monkeyfarm","amount":44},{"name":"Biffa2001","amount":34},{"name":"PythonGB","amount":10},{"name":"Docm77","amount":4},{"name":"sl1pg8r","amount":2}]