[{"name":"falsesymmetry","amount":195115747},{"name":"xBCrafted","amount":70670796},{"name":"Tango","amount":51710216},{"name":"Mumbo","amount":48636934},{"name":"Xisuma","amount":36458156},{"name":"truesymmetry","amount":31551205},{"name":"sl1pg8r","amount":27186168},{"name":"impulseSV","amount":25625781},{"name":"TangoCam","amount":22311495},{"name":"hypnotizd","amount":21785766},{"name":"xisumavoid","amount":18535789},{"name":"monkeyfarm","amount":17423327},{"name":"Biffa2001","amount":16563592},{"name":"zueljin","amount":14545501},{"name":"topmass","amount":13042545},{"name":"snipepager","amount":11903634},{"name":"iJevin","amount":11339684},{"name":"KingDaddyDMAC","amount":10901233},{"name":"PythonGB","amount":8937745},{"name":"D_A_I_N_A","amount":7512728},{"name":"ZombieCleo","amount":7371148},{"name":"MumboJumbo","amount":6036580},{"name":"Keralis1","amount":5797371},{"name":"xBCam","amount":5640085},{"name":"Tinfoilchef","amount":5116799},{"name":"HttpsSecure","amount":4859731},{"name":"Spumwackles","amount":4771746},{"name":"Docm77","amount":4423034},{"name":"Biffa001","amount":4417347},{"name":"Etho","amount":3529328},{"name":"Donkeyfarm","amount":2192151},{"name":"skyzm","amount":1717876},{"name":"joehillssays","amount":1526382},{"name":"NameOfSamuel","amount":1220311},{"name":"HypnotizdCam","amount":675549},{"name":"Pungence","amount":608669},{"name":"Cleophas","amount":419507},{"name":"WFRTNews","amount":400264},{"name":"PythonGBCam","amount":385530},{"name":"Collen","amount":166934},{"name":"Mrs_Keralis","amount":73487}]