[{"name":"Xisuma","amount":1768},{"name":"Mumbo","amount":740},{"name":"Tango","amount":708},{"name":"impulseSV","amount":510},{"name":"ZombieCleo","amount":383},{"name":"PythonGB","amount":327},{"name":"falsesymmetry","amount":291},{"name":"xBCrafted","amount":254},{"name":"iJevin","amount":181},{"name":"Etho","amount":154},{"name":"Docm77","amount":127},{"name":"Tinfoilchef","amount":107},{"name":"topmass","amount":72},{"name":"monkeyfarm","amount":68},{"name":"sl1pg8r","amount":67},{"name":"Biffa2001","amount":41},{"name":"zueljin","amount":40},{"name":"xisumavoid","amount":3},{"name":"joehillssays","amount":1}]