[{"name":"falsesymmetry","amount":698},{"name":"Xisuma","amount":266},{"name":"Mumbo","amount":121},{"name":"xBCrafted","amount":115},{"name":"sl1pg8r","amount":111},{"name":"Etho","amount":68},{"name":"monkeyfarm","amount":47},{"name":"impulseSV","amount":36},{"name":"Tango","amount":28},{"name":"topmass","amount":18},{"name":"Docm77","amount":17},{"name":"zueljin","amount":17},{"name":"Biffa2001","amount":7},{"name":"PythonGB","amount":6},{"name":"ZombieCleo","amount":6},{"name":"KingDaddyDMAC","amount":5},{"name":"Tinfoilchef","amount":5},{"name":"hypnotizd","amount":4},{"name":"iJevin","amount":2},{"name":"Spumwackles","amount":2}]