[{"name":"falsesymmetry","amount":1399},{"name":"Xisuma","amount":317},{"name":"xBCrafted","amount":231},{"name":"Tango","amount":153},{"name":"zueljin","amount":138},{"name":"iJevin","amount":122},{"name":"Biffa2001","amount":89},{"name":"impulseSV","amount":86},{"name":"monkeyfarm","amount":75},{"name":"KingDaddyDMAC","amount":67},{"name":"sl1pg8r","amount":64},{"name":"topmass","amount":62},{"name":"Mumbo","amount":50},{"name":"ZombieCleo","amount":37},{"name":"hypnotizd","amount":31},{"name":"Spumwackles","amount":29},{"name":"PythonGB","amount":26},{"name":"Tinfoilchef","amount":23},{"name":"Pungence","amount":12},{"name":"joehillssays","amount":11},{"name":"Docm77","amount":10},{"name":"Keralis1","amount":9},{"name":"Etho","amount":7},{"name":"Collen","amount":7},{"name":"NameOfSamuel","amount":6},{"name":"Mrs_Keralis","amount":5},{"name":"skyzm","amount":3}]