[{"name":"Xisuma","amount":3247},{"name":"topmass","amount":3107},{"name":"falsesymmetry","amount":2952},{"name":"Tinfoilchef","amount":2812},{"name":"xBCrafted","amount":2368},{"name":"impulseSV","amount":2104},{"name":"Mumbo","amount":1587},{"name":"sl1pg8r","amount":1326},{"name":"Biffa2001","amount":1322},{"name":"Tango","amount":1278},{"name":"KingDaddyDMAC","amount":933},{"name":"Spumwackles","amount":853},{"name":"PythonGB","amount":796},{"name":"hypnotizd","amount":723},{"name":"zueljin","amount":670},{"name":"ZombieCleo","amount":585},{"name":"Etho","amount":567},{"name":"monkeyfarm","amount":226},{"name":"iJevin","amount":215},{"name":"skyzm","amount":159},{"name":"Pungence","amount":33},{"name":"Docm77","amount":31},{"name":"Collen","amount":31},{"name":"Mrs_Keralis","amount":7},{"name":"Keralis1","amount":6}]