[{"name":"falsesymmetry","amount":18456},{"name":"ZombieCleo","amount":10391},{"name":"Tango","amount":6175},{"name":"impulseSV","amount":5790},{"name":"sl1pg8r","amount":5192},{"name":"Spumwackles","amount":3513},{"name":"Xisuma","amount":3483},{"name":"Tinfoilchef","amount":2820},{"name":"monkeyfarm","amount":1603},{"name":"xBCrafted","amount":1366},{"name":"KingDaddyDMAC","amount":1208},{"name":"PythonGB","amount":807},{"name":"hypnotizd","amount":608},{"name":"skyzm","amount":518},{"name":"NameOfSamuel","amount":512},{"name":"Biffa2001","amount":470},{"name":"joehillssays","amount":440},{"name":"topmass","amount":378},{"name":"zueljin","amount":366},{"name":"Docm77","amount":216},{"name":"iJevin","amount":209},{"name":"Mumbo","amount":51},{"name":"Pungence","amount":1}]