[{"name":"falsesymmetry","amount":898},{"name":"Xisuma","amount":737},{"name":"xBCrafted","amount":662},{"name":"topmass","amount":520},{"name":"Tinfoilchef","amount":378},{"name":"sl1pg8r","amount":339},{"name":"Tango","amount":337},{"name":"impulseSV","amount":315},{"name":"Biffa2001","amount":293},{"name":"KingDaddyDMAC","amount":254},{"name":"Mumbo","amount":226},{"name":"ZombieCleo","amount":219},{"name":"PythonGB","amount":178},{"name":"Spumwackles","amount":141},{"name":"hypnotizd","amount":134},{"name":"zueljin","amount":93},{"name":"Etho","amount":82},{"name":"monkeyfarm","amount":73},{"name":"iJevin","amount":58},{"name":"skyzm","amount":50},{"name":"Pungence","amount":20},{"name":"Keralis1","amount":19},{"name":"Docm77","amount":10},{"name":"Collen","amount":10},{"name":"Mrs_Keralis","amount":4},{"name":"joehillssays","amount":1}]