[{"name":"Mumbo","amount":2321059},{"name":"Xisuma","amount":1918418},{"name":"falsesymmetry","amount":399517},{"name":"Tango","amount":283880},{"name":"impulseSV","amount":176595},{"name":"xBCrafted","amount":131581},{"name":"zueljin","amount":123854},{"name":"sl1pg8r","amount":121127},{"name":"Biffa2001","amount":87509},{"name":"hypnotizd","amount":68391},{"name":"ZombieCleo","amount":57036},{"name":"Tinfoilchef","amount":52396},{"name":"Spumwackles","amount":40022},{"name":"PythonGB","amount":38504},{"name":"topmass","amount":31778},{"name":"Etho","amount":30469},{"name":"Docm77","amount":27886},{"name":"monkeyfarm","amount":27374},{"name":"KingDaddyDMAC","amount":27035},{"name":"joehillssays","amount":23207},{"name":"iJevin","amount":21878},{"name":"skyzm","amount":11985},{"name":"Keralis1","amount":6434},{"name":"NameOfSamuel","amount":4168},{"name":"Mrs_Keralis","amount":4140},{"name":"Pungence","amount":3542},{"name":"truesymmetry","amount":2660},{"name":"Collen","amount":1467},{"name":"xisumavoid","amount":374},{"name":"snipepager","amount":190},{"name":"TangoCam","amount":90},{"name":"D_A_I_N_A","amount":40},{"name":"MumboJumbo","amount":30},{"name":"WFRTNews","amount":10}]