[{"name":"monkeyfarm","amount":367},{"name":"sl1pg8r","amount":185},{"name":"falsesymmetry","amount":108},{"name":"joehillssays","amount":102},{"name":"Mumbo","amount":98},{"name":"Tinfoilchef","amount":43},{"name":"Xisuma","amount":34},{"name":"zueljin","amount":31},{"name":"topmass","amount":27},{"name":"Spumwackles","amount":17},{"name":"Tango","amount":15},{"name":"Biffa2001","amount":7},{"name":"impulseSV","amount":7},{"name":"Docm77","amount":6},{"name":"xBCrafted","amount":6},{"name":"PythonGB","amount":2},{"name":"Etho","amount":2},{"name":"ZombieCleo","amount":2},{"name":"skyzm","amount":1}]