[{"name":"xBCrafted","amount":22240},{"name":"ZombieCleo","amount":12016},{"name":"falsesymmetry","amount":11544},{"name":"Xisuma","amount":9488},{"name":"sl1pg8r","amount":9096},{"name":"hypnotizd","amount":5048},{"name":"KingDaddyDMAC","amount":3896},{"name":"Tango","amount":3232},{"name":"Tinfoilchef","amount":3200},{"name":"impulseSV","amount":2760},{"name":"Mumbo","amount":2352},{"name":"monkeyfarm","amount":968},{"name":"Biffa2001","amount":744},{"name":"zueljin","amount":624},{"name":"Docm77","amount":264},{"name":"PythonGB","amount":264},{"name":"skyzm","amount":240},{"name":"topmass","amount":200},{"name":"iJevin","amount":168},{"name":"Spumwackles","amount":16}]