[{"name":"Xisuma","amount":44285},{"name":"impulseSV","amount":10830},{"name":"iJevin","amount":3251},{"name":"Tango","amount":2286},{"name":"falsesymmetry","amount":999},{"name":"xBCrafted","amount":846},{"name":"topmass","amount":718},{"name":"Tinfoilchef","amount":666},{"name":"monkeyfarm","amount":513},{"name":"zueljin","amount":384},{"name":"sl1pg8r","amount":324},{"name":"PythonGB","amount":162},{"name":"Biffa2001","amount":121},{"name":"Docm77","amount":63},{"name":"truesymmetry","amount":63},{"name":"KingDaddyDMAC","amount":36},{"name":"ZombieCleo","amount":18},{"name":"hypnotizd","amount":18},{"name":"Spumwackles","amount":9}]