[{"name":"falsesymmetry","amount":1767},{"name":"Tango","amount":1206},{"name":"monkeyfarm","amount":823},{"name":"xBCrafted","amount":769},{"name":"Xisuma","amount":558},{"name":"iJevin","amount":408},{"name":"impulseSV","amount":394},{"name":"Biffa2001","amount":368},{"name":"Etho","amount":239},{"name":"sl1pg8r","amount":230},{"name":"topmass","amount":154},{"name":"PythonGB","amount":142},{"name":"ZombieCleo","amount":118},{"name":"KingDaddyDMAC","amount":72},{"name":"Tinfoilchef","amount":65},{"name":"zueljin","amount":64},{"name":"Mumbo","amount":16},{"name":"Docm77","amount":5},{"name":"skyzm","amount":4},{"name":"joehillssays","amount":4},{"name":"Spumwackles","amount":1}]