[{"name":"Xisuma","amount":10095103},{"name":"falsesymmetry","amount":8443088},{"name":"Tinfoilchef","amount":6767981},{"name":"xBCrafted","amount":5703445},{"name":"Tango","amount":4013942},{"name":"impulseSV","amount":3705527},{"name":"hypnotizd","amount":3174222},{"name":"Mumbo","amount":2986202},{"name":"monkeyfarm","amount":2930100},{"name":"zueljin","amount":2884930},{"name":"sl1pg8r","amount":2755154},{"name":"Biffa2001","amount":1803849},{"name":"KingDaddyDMAC","amount":1620898},{"name":"iJevin","amount":1614031},{"name":"ZombieCleo","amount":1520489},{"name":"topmass","amount":1089636},{"name":"joehillssays","amount":994510},{"name":"Spumwackles","amount":767595},{"name":"Etho","amount":397623},{"name":"skyzm","amount":262314},{"name":"PythonGB","amount":259315},{"name":"Docm77","amount":142539},{"name":"Pungence","amount":68611},{"name":"Keralis1","amount":53728},{"name":"xisumavoid","amount":18503},{"name":"NameOfSamuel","amount":16597},{"name":"Collen","amount":13252},{"name":"Mrs_Keralis","amount":9193},{"name":"truesymmetry","amount":907},{"name":"snipepager","amount":673},{"name":"Biffa001","amount":554},{"name":"D_A_I_N_A","amount":16}]