[{"name":"falsesymmetry","amount":1048},{"name":"xBCrafted","amount":914},{"name":"Tango","amount":902},{"name":"Biffa2001","amount":669},{"name":"Tinfoilchef","amount":594},{"name":"zueljin","amount":564},{"name":"Xisuma","amount":544},{"name":"Mumbo","amount":417},{"name":"sl1pg8r","amount":387},{"name":"Spumwackles","amount":348},{"name":"hypnotizd","amount":318},{"name":"ZombieCleo","amount":300},{"name":"KingDaddyDMAC","amount":232},{"name":"monkeyfarm","amount":223},{"name":"topmass","amount":212},{"name":"impulseSV","amount":202},{"name":"PythonGB","amount":197},{"name":"iJevin","amount":128},{"name":"joehillssays","amount":21},{"name":"NameOfSamuel","amount":5},{"name":"Collen","amount":3},{"name":"skyzm","amount":1},{"name":"Pungence","amount":1}]