[{"name":"falsesymmetry","amount":13},{"name":"impulseSV","amount":13},{"name":"ZombieCleo","amount":12},{"name":"PythonGB","amount":11},{"name":"joehillssays","amount":9},{"name":"skyzm","amount":8},{"name":"Xisuma","amount":8},{"name":"Biffa2001","amount":8},{"name":"Tango","amount":7},{"name":"zueljin","amount":5},{"name":"Tinfoilchef","amount":4},{"name":"topmass","amount":3},{"name":"monkeyfarm","amount":3},{"name":"Spumwackles","amount":3},{"name":"KingDaddyDMAC","amount":2},{"name":"xBCrafted","amount":2},{"name":"Mumbo","amount":2},{"name":"hypnotizd","amount":2},{"name":"Docm77","amount":1},{"name":"sl1pg8r","amount":1},{"name":"iJevin","amount":1},{"name":"Etho","amount":1},{"name":"Mrs_Keralis","amount":1},{"name":"Keralis1","amount":1},{"name":"NameOfSamuel","amount":1}]