[{"name":"Tango","amount":2192},{"name":"falsesymmetry","amount":1564},{"name":"Xisuma","amount":1030},{"name":"xBCrafted","amount":504},{"name":"Mumbo","amount":341},{"name":"sl1pg8r","amount":340},{"name":"hypnotizd","amount":247},{"name":"Biffa2001","amount":228},{"name":"iJevin","amount":223},{"name":"impulseSV","amount":220},{"name":"KingDaddyDMAC","amount":169},{"name":"zueljin","amount":167},{"name":"Spumwackles","amount":163},{"name":"topmass","amount":122},{"name":"ZombieCleo","amount":96},{"name":"Tinfoilchef","amount":90},{"name":"monkeyfarm","amount":80},{"name":"Docm77","amount":49},{"name":"PythonGB","amount":47},{"name":"joehillssays","amount":19},{"name":"Etho","amount":9},{"name":"truesymmetry","amount":6},{"name":"skyzm","amount":5},{"name":"NameOfSamuel","amount":3},{"name":"Keralis1","amount":2},{"name":"Pungence","amount":1},{"name":"Collen","amount":1}]