[{"name":"falsesymmetry","amount":716},{"name":"hypnotizd","amount":279},{"name":"Xisuma","amount":166},{"name":"Tango","amount":74},{"name":"iJevin","amount":65},{"name":"skyzm","amount":42},{"name":"xBCrafted","amount":41},{"name":"ZombieCleo","amount":32},{"name":"topmass","amount":27},{"name":"joehillssays","amount":16},{"name":"Mumbo","amount":14},{"name":"Pungence","amount":12},{"name":"Tinfoilchef","amount":12},{"name":"zueljin","amount":10},{"name":"Etho","amount":9},{"name":"KingDaddyDMAC","amount":3},{"name":"sl1pg8r","amount":2},{"name":"monkeyfarm","amount":2},{"name":"Spumwackles","amount":1}]