[{"name":"falsesymmetry","amount":423},{"name":"Xisuma","amount":159},{"name":"xBCrafted","amount":154},{"name":"Tango","amount":119},{"name":"monkeyfarm","amount":99},{"name":"Mumbo","amount":83},{"name":"iJevin","amount":79},{"name":"Biffa2001","amount":76},{"name":"topmass","amount":59},{"name":"impulseSV","amount":58},{"name":"zueljin","amount":55},{"name":"sl1pg8r","amount":44},{"name":"ZombieCleo","amount":33},{"name":"Tinfoilchef","amount":29},{"name":"Spumwackles","amount":29},{"name":"PythonGB","amount":23},{"name":"KingDaddyDMAC","amount":22},{"name":"joehillssays","amount":20},{"name":"Etho","amount":15},{"name":"hypnotizd","amount":14},{"name":"Keralis1","amount":14},{"name":"Docm77","amount":11},{"name":"skyzm","amount":10},{"name":"Pungence","amount":3},{"name":"NameOfSamuel","amount":2},{"name":"Collen","amount":2},{"name":"Mrs_Keralis","amount":1}]