[{"name":"Xisuma","amount":323},{"name":"impulseSV","amount":250},{"name":"Tango","amount":219},{"name":"falsesymmetry","amount":205},{"name":"sl1pg8r","amount":116},{"name":"xBCrafted","amount":100},{"name":"monkeyfarm","amount":97},{"name":"Biffa2001","amount":65},{"name":"PythonGB","amount":62},{"name":"Mumbo","amount":60},{"name":"hypnotizd","amount":60},{"name":"zueljin","amount":39},{"name":"Tinfoilchef","amount":38},{"name":"Etho","amount":34},{"name":"iJevin","amount":19},{"name":"KingDaddyDMAC","amount":18},{"name":"topmass","amount":15},{"name":"joehillssays","amount":9},{"name":"ZombieCleo","amount":9},{"name":"Docm77","amount":6},{"name":"skyzm","amount":1},{"name":"Pungence","amount":1}]