[{"name":"falsesymmetry","amount":4569},{"name":"Xisuma","amount":4123},{"name":"xBCrafted","amount":3200},{"name":"Tinfoilchef","amount":2960},{"name":"Tango","amount":2768},{"name":"sl1pg8r","amount":1920},{"name":"Mumbo","amount":1296},{"name":"monkeyfarm","amount":1283},{"name":"impulseSV","amount":1088},{"name":"topmass","amount":864},{"name":"ZombieCleo","amount":672},{"name":"Etho","amount":576},{"name":"Docm77","amount":560},{"name":"Biffa2001","amount":416},{"name":"iJevin","amount":192},{"name":"PythonGB","amount":112},{"name":"zueljin","amount":112},{"name":"KingDaddyDMAC","amount":80},{"name":"hypnotizd","amount":64}]