[{"name":"iJevin","amount":9738360},{"name":"TangoCam","amount":7430102},{"name":"xisumavoid","amount":4707507},{"name":"D_A_I_N_A","amount":4327828},{"name":"MumboJumbo","amount":4279417},{"name":"xBCrafted","amount":3898780},{"name":"monkeyfarm","amount":3813384},{"name":"xBCam","amount":3718651},{"name":"Biffa2001","amount":3288643},{"name":"HttpsSecure","amount":2003995},{"name":"Biffa001","amount":1755001},{"name":"KingDaddyDMAC","amount":1480899},{"name":"ZombieCleo","amount":1391814},{"name":"snipepager","amount":1295854},{"name":"Keralis1","amount":1090408},{"name":"Mumbo","amount":994908},{"name":"WFRTNews","amount":814744},{"name":"Pungence","amount":791258},{"name":"sl1pg8r","amount":787646},{"name":"joehillssays","amount":633141},{"name":"NameOfSamuel","amount":563638},{"name":"HypnotizdCam","amount":508358},{"name":"Cleophas","amount":507136},{"name":"Donkeyfarm","amount":493761},{"name":"topmass","amount":451945},{"name":"Mrs_Keralis","amount":320894},{"name":"Tinfoilchef","amount":287277},{"name":"Collen","amount":240724},{"name":"skyzm","amount":207619},{"name":"impulseSV","amount":203743},{"name":"zueljin","amount":164395},{"name":"Tango","amount":145035},{"name":"Docm77","amount":137391},{"name":"falsesymmetry","amount":136427},{"name":"hypnotizd","amount":129724},{"name":"Etho","amount":109317},{"name":"Xisuma","amount":49447},{"name":"PythonGBCam","amount":7551},{"name":"truesymmetry","amount":6480},{"name":"Spumwackles","amount":5069},{"name":"PythonGB","amount":57}]