[{"name":"falsesymmetry","amount":11428},{"name":"Mumbo","amount":8075},{"name":"xBCrafted","amount":6214},{"name":"Xisuma","amount":2645},{"name":"Tinfoilchef","amount":2531},{"name":"impulseSV","amount":2517},{"name":"Tango","amount":1844},{"name":"hypnotizd","amount":1456},{"name":"zueljin","amount":1302},{"name":"Etho","amount":1195},{"name":"Docm77","amount":1128},{"name":"KingDaddyDMAC","amount":581},{"name":"topmass","amount":540},{"name":"iJevin","amount":449},{"name":"Biffa2001","amount":80},{"name":"sl1pg8r","amount":49},{"name":"monkeyfarm","amount":21},{"name":"ZombieCleo","amount":1}]