[{"name":"falsesymmetry","amount":2049},{"name":"zueljin","amount":1469},{"name":"impulseSV","amount":1343},{"name":"xBCrafted","amount":1046},{"name":"Xisuma","amount":480},{"name":"Etho","amount":459},{"name":"Tango","amount":224},{"name":"ZombieCleo","amount":140},{"name":"sl1pg8r","amount":103},{"name":"Tinfoilchef","amount":97},{"name":"monkeyfarm","amount":94},{"name":"Mumbo","amount":54},{"name":"topmass","amount":30},{"name":"iJevin","amount":21},{"name":"Biffa2001","amount":16},{"name":"PythonGB","amount":6},{"name":"Mrs_Keralis","amount":3},{"name":"Keralis1","amount":1}]