[{"name":"xBCrafted","amount":28},{"name":"topmass","amount":22},{"name":"Tinfoilchef","amount":17},{"name":"Tango","amount":14},{"name":"Spumwackles","amount":13},{"name":"KingDaddyDMAC","amount":11},{"name":"iJevin","amount":10},{"name":"Xisuma","amount":8},{"name":"hypnotizd","amount":8},{"name":"Pungence","amount":5},{"name":"sl1pg8r","amount":4},{"name":"impulseSV","amount":4},{"name":"Biffa2001","amount":2},{"name":"ZombieCleo","amount":2},{"name":"Mumbo","amount":2},{"name":"joehillssays","amount":1},{"name":"monkeyfarm","amount":1},{"name":"Keralis1","amount":1},{"name":"Collen","amount":1}]