[{"name":"impulseSV","amount":21},{"name":"Xisuma","amount":17},{"name":"Tango","amount":14},{"name":"falsesymmetry","amount":11},{"name":"xBCrafted","amount":10},{"name":"topmass","amount":8},{"name":"sl1pg8r","amount":7},{"name":"Etho","amount":6},{"name":"KingDaddyDMAC","amount":5},{"name":"ZombieCleo","amount":5},{"name":"Mumbo","amount":5},{"name":"Tinfoilchef","amount":5},{"name":"zueljin","amount":4},{"name":"PythonGB","amount":3},{"name":"iJevin","amount":2},{"name":"Biffa2001","amount":2},{"name":"Mrs_Keralis","amount":2},{"name":"monkeyfarm","amount":2},{"name":"Docm77","amount":1},{"name":"hypnotizd","amount":1},{"name":"Spumwackles","amount":1}]