[{"name":"monkeyfarm","amount":140},{"name":"zueljin","amount":86},{"name":"falsesymmetry","amount":84},{"name":"xBCrafted","amount":45},{"name":"Biffa2001","amount":34},{"name":"hypnotizd","amount":25},{"name":"ZombieCleo","amount":11},{"name":"Xisuma","amount":9},{"name":"Tango","amount":9},{"name":"Mumbo","amount":8},{"name":"Tinfoilchef","amount":8},{"name":"Keralis1","amount":7},{"name":"impulseSV","amount":6},{"name":"KingDaddyDMAC","amount":5},{"name":"Spumwackles","amount":5},{"name":"Etho","amount":4},{"name":"sl1pg8r","amount":3},{"name":"skyzm","amount":3},{"name":"Docm77","amount":2},{"name":"PythonGB","amount":2},{"name":"Pungence","amount":2}]