[{"name":"falsesymmetry","amount":442},{"name":"xBCrafted","amount":313},{"name":"Xisuma","amount":297},{"name":"Mumbo","amount":153},{"name":"Tango","amount":125},{"name":"Etho","amount":125},{"name":"Biffa2001","amount":84},{"name":"sl1pg8r","amount":68},{"name":"monkeyfarm","amount":52},{"name":"joehillssays","amount":45},{"name":"Tinfoilchef","amount":37},{"name":"iJevin","amount":34},{"name":"topmass","amount":28},{"name":"PythonGB","amount":20},{"name":"impulseSV","amount":13},{"name":"skyzm","amount":4},{"name":"zueljin","amount":3},{"name":"Pungence","amount":2},{"name":"ZombieCleo","amount":2},{"name":"Docm77","amount":1}]