[{"name":"impulseSV","amount":49},{"name":"falsesymmetry","amount":45},{"name":"xBCrafted","amount":34},{"name":"Mumbo","amount":26},{"name":"Tango","amount":22},{"name":"Xisuma","amount":20},{"name":"sl1pg8r","amount":9},{"name":"KingDaddyDMAC","amount":9},{"name":"Biffa2001","amount":8},{"name":"iJevin","amount":5},{"name":"monkeyfarm","amount":5},{"name":"Docm77","amount":4},{"name":"topmass","amount":3},{"name":"Etho","amount":3},{"name":"zueljin","amount":2},{"name":"Tinfoilchef","amount":2}]