[{"name":"Mumbo","amount":2209},{"name":"Tango","amount":1672},{"name":"impulseSV","amount":1462},{"name":"Xisuma","amount":1461},{"name":"xBCrafted","amount":1393},{"name":"Tinfoilchef","amount":1233},{"name":"zueljin","amount":922},{"name":"falsesymmetry","amount":506},{"name":"monkeyfarm","amount":102},{"name":"topmass","amount":51},{"name":"ZombieCleo","amount":24},{"name":"Spumwackles","amount":20},{"name":"sl1pg8r","amount":14},{"name":"Etho","amount":4},{"name":"hypnotizd","amount":4},{"name":"Docm77","amount":3},{"name":"iJevin","amount":3}]