[{"name":"impulseSV","amount":23},{"name":"xBCrafted","amount":17},{"name":"Tango","amount":12},{"name":"sl1pg8r","amount":10},{"name":"falsesymmetry","amount":10},{"name":"Tinfoilchef","amount":9},{"name":"Mumbo","amount":8},{"name":"monkeyfarm","amount":7},{"name":"Xisuma","amount":6},{"name":"PythonGB","amount":6},{"name":"ZombieCleo","amount":6},{"name":"KingDaddyDMAC","amount":4},{"name":"zueljin","amount":4},{"name":"topmass","amount":3},{"name":"Biffa2001","amount":3},{"name":"hypnotizd","amount":3},{"name":"iJevin","amount":2},{"name":"Etho","amount":2},{"name":"Mrs_Keralis","amount":2},{"name":"Spumwackles","amount":2},{"name":"Pungence","amount":1},{"name":"Keralis1","amount":1}]