[{"name":"iJevin","amount":5785},{"name":"falsesymmetry","amount":403},{"name":"xBCrafted","amount":290},{"name":"Etho","amount":205},{"name":"Xisuma","amount":184},{"name":"Mumbo","amount":130},{"name":"sl1pg8r","amount":105},{"name":"Biffa2001","amount":97},{"name":"zueljin","amount":58},{"name":"ZombieCleo","amount":46},{"name":"Tinfoilchef","amount":32},{"name":"impulseSV","amount":32},{"name":"PythonGB","amount":27},{"name":"Tango","amount":21},{"name":"monkeyfarm","amount":11},{"name":"KingDaddyDMAC","amount":8},{"name":"topmass","amount":3},{"name":"hypnotizd","amount":2},{"name":"skyzm","amount":1},{"name":"truesymmetry","amount":1}]