[{"name":"Xisuma","amount":2422},{"name":"Tinfoilchef","amount":1851},{"name":"Tango","amount":1623},{"name":"Biffa2001","amount":1571},{"name":"falsesymmetry","amount":1309},{"name":"xBCrafted","amount":996},{"name":"impulseSV","amount":973},{"name":"KingDaddyDMAC","amount":622},{"name":"hypnotizd","amount":470},{"name":"ZombieCleo","amount":458},{"name":"Mumbo","amount":360},{"name":"Spumwackles","amount":308},{"name":"monkeyfarm","amount":217},{"name":"zueljin","amount":106},{"name":"PythonGB","amount":97},{"name":"sl1pg8r","amount":91},{"name":"topmass","amount":76},{"name":"iJevin","amount":53},{"name":"joehillssays","amount":39},{"name":"Etho","amount":36},{"name":"Keralis1","amount":12}]