[{"name":"Tinfoilchef","amount":24165},{"name":"falsesymmetry","amount":14802},{"name":"xBCrafted","amount":13424},{"name":"sl1pg8r","amount":12440},{"name":"Xisuma","amount":10437},{"name":"zueljin","amount":7688},{"name":"monkeyfarm","amount":7556},{"name":"KingDaddyDMAC","amount":7160},{"name":"Biffa2001","amount":6048},{"name":"Mumbo","amount":5773},{"name":"Tango","amount":5441},{"name":"Spumwackles","amount":5224},{"name":"topmass","amount":4490},{"name":"ZombieCleo","amount":4135},{"name":"joehillssays","amount":3343},{"name":"impulseSV","amount":1254},{"name":"PythonGB","amount":968},{"name":"hypnotizd","amount":904},{"name":"Etho","amount":752},{"name":"iJevin","amount":688},{"name":"skyzm","amount":558},{"name":"Docm77","amount":503},{"name":"Pungence","amount":384},{"name":"NameOfSamuel","amount":320},{"name":"Keralis1","amount":68},{"name":"Mrs_Keralis","amount":64}]