[{"name":"falsesymmetry","amount":2863},{"name":"Xisuma","amount":2632},{"name":"impulseSV","amount":2050},{"name":"Tango","amount":1956},{"name":"Tinfoilchef","amount":1279},{"name":"hypnotizd","amount":968},{"name":"Mumbo","amount":928},{"name":"joehillssays","amount":562},{"name":"iJevin","amount":475},{"name":"zueljin","amount":419},{"name":"PythonGB","amount":262},{"name":"topmass","amount":257},{"name":"Docm77","amount":256},{"name":"KingDaddyDMAC","amount":227},{"name":"ZombieCleo","amount":224},{"name":"sl1pg8r","amount":96},{"name":"Etho","amount":96},{"name":"xBCrafted","amount":55},{"name":"monkeyfarm","amount":2}]