[{"name":"xBCrafted","amount":16487},{"name":"Tango","amount":15751},{"name":"impulseSV","amount":13130},{"name":"Biffa2001","amount":10422},{"name":"monkeyfarm","amount":8828},{"name":"falsesymmetry","amount":8128},{"name":"topmass","amount":5819},{"name":"Mumbo","amount":5747},{"name":"iJevin","amount":4828},{"name":"Tinfoilchef","amount":3617},{"name":"sl1pg8r","amount":3498},{"name":"PythonGB","amount":3136},{"name":"Xisuma","amount":3046},{"name":"joehillssays","amount":2684},{"name":"hypnotizd","amount":2538},{"name":"zueljin","amount":1766},{"name":"ZombieCleo","amount":1489},{"name":"KingDaddyDMAC","amount":850},{"name":"Etho","amount":142},{"name":"Docm77","amount":90},{"name":"Spumwackles","amount":63},{"name":"Pungence","amount":4},{"name":"skyzm","amount":2},{"name":"xisumavoid","amount":1},{"name":"Keralis1","amount":1},{"name":"Collen","amount":1}]