[{"name":"Biffa2001","amount":266},{"name":"xBCrafted","amount":187},{"name":"Xisuma","amount":131},{"name":"falsesymmetry","amount":88},{"name":"KingDaddyDMAC","amount":37},{"name":"Tango","amount":33},{"name":"sl1pg8r","amount":12},{"name":"ZombieCleo","amount":10},{"name":"PythonGB","amount":6},{"name":"zueljin","amount":6},{"name":"Etho","amount":6},{"name":"monkeyfarm","amount":6},{"name":"impulseSV","amount":6},{"name":"Tinfoilchef","amount":4},{"name":"Mumbo","amount":1},{"name":"hypnotizd","amount":1},{"name":"Spumwackles","amount":1}]