[{"name":"Xisuma","amount":7149},{"name":"xBCrafted","amount":2538},{"name":"monkeyfarm","amount":1836},{"name":"joehillssays","amount":847},{"name":"falsesymmetry","amount":820},{"name":"zueljin","amount":791},{"name":"Tinfoilchef","amount":630},{"name":"topmass","amount":445},{"name":"sl1pg8r","amount":370},{"name":"Tango","amount":197},{"name":"iJevin","amount":167},{"name":"Docm77","amount":127},{"name":"ZombieCleo","amount":105},{"name":"hypnotizd","amount":103},{"name":"impulseSV","amount":87},{"name":"PythonGB","amount":57},{"name":"Mumbo","amount":50},{"name":"Biffa2001","amount":43},{"name":"Mrs_Keralis","amount":41},{"name":"skyzm","amount":31},{"name":"Etho","amount":26},{"name":"NameOfSamuel","amount":4},{"name":"KingDaddyDMAC","amount":3},{"name":"Pungence","amount":3},{"name":"Spumwackles","amount":3},{"name":"Keralis1","amount":3}]