[{"name":"joehillssays","amount":60},{"name":"Xisuma","amount":29},{"name":"Etho","amount":25},{"name":"zueljin","amount":22},{"name":"Tinfoilchef","amount":22},{"name":"xBCrafted","amount":10},{"name":"sl1pg8r","amount":9},{"name":"Biffa2001","amount":8},{"name":"Spumwackles","amount":8},{"name":"skyzm","amount":7},{"name":"falsesymmetry","amount":5},{"name":"Mumbo","amount":5},{"name":"Collen","amount":5},{"name":"KingDaddyDMAC","amount":4},{"name":"hypnotizd","amount":4},{"name":"iJevin","amount":3},{"name":"ZombieCleo","amount":3},{"name":"Keralis1","amount":3},{"name":"NameOfSamuel","amount":3},{"name":"topmass","amount":2},{"name":"Tango","amount":2},{"name":"Pungence","amount":2},{"name":"monkeyfarm","amount":2}]