[{"name":"Tango","amount":6266},{"name":"zueljin","amount":5513},{"name":"falsesymmetry","amount":4194},{"name":"impulseSV","amount":3929},{"name":"xBCrafted","amount":2507},{"name":"Spumwackles","amount":489},{"name":"Etho","amount":484},{"name":"Tinfoilchef","amount":333},{"name":"ZombieCleo","amount":249},{"name":"Mumbo","amount":242},{"name":"Xisuma","amount":232},{"name":"joehillssays","amount":98},{"name":"Biffa2001","amount":26},{"name":"monkeyfarm","amount":9},{"name":"iJevin","amount":2}]