[{"name":"Xisuma","amount":938},{"name":"Mumbo","amount":758},{"name":"falsesymmetry","amount":432},{"name":"impulseSV","amount":367},{"name":"Tango","amount":315},{"name":"zueljin","amount":217},{"name":"sl1pg8r","amount":216},{"name":"topmass","amount":168},{"name":"xBCrafted","amount":143},{"name":"iJevin","amount":139},{"name":"monkeyfarm","amount":100},{"name":"KingDaddyDMAC","amount":91},{"name":"Biffa2001","amount":69},{"name":"Spumwackles","amount":54},{"name":"joehillssays","amount":47},{"name":"ZombieCleo","amount":33},{"name":"PythonGB","amount":24},{"name":"skyzm","amount":22},{"name":"Tinfoilchef","amount":20},{"name":"Etho","amount":19},{"name":"hypnotizd","amount":18},{"name":"Keralis1","amount":12},{"name":"Docm77","amount":11},{"name":"NameOfSamuel","amount":8},{"name":"Pungence","amount":5},{"name":"Collen","amount":3}]