[{"name":"Tango","amount":39},{"name":"xBCrafted","amount":23},{"name":"falsesymmetry","amount":20},{"name":"Xisuma","amount":18},{"name":"sl1pg8r","amount":10},{"name":"impulseSV","amount":10},{"name":"Tinfoilchef","amount":8},{"name":"Etho","amount":7},{"name":"monkeyfarm","amount":7},{"name":"zueljin","amount":4},{"name":"Biffa2001","amount":4},{"name":"ZombieCleo","amount":4},{"name":"joehillssays","amount":3},{"name":"Mumbo","amount":3},{"name":"hypnotizd","amount":2},{"name":"topmass","amount":1},{"name":"PythonGB","amount":1},{"name":"iJevin","amount":1},{"name":"KingDaddyDMAC","amount":1},{"name":"Spumwackles","amount":1},{"name":"Keralis1","amount":1}]