[{"name":"ZombieCleo","amount":3360},{"name":"Xisuma","amount":2970},{"name":"falsesymmetry","amount":2850},{"name":"Tango","amount":1766},{"name":"xBCrafted","amount":1236},{"name":"impulseSV","amount":1209},{"name":"monkeyfarm","amount":840},{"name":"KingDaddyDMAC","amount":777},{"name":"sl1pg8r","amount":771},{"name":"zueljin","amount":702},{"name":"Tinfoilchef","amount":663},{"name":"Biffa2001","amount":621},{"name":"topmass","amount":507},{"name":"Mumbo","amount":492},{"name":"joehillssays","amount":243},{"name":"Etho","amount":240},{"name":"hypnotizd","amount":219},{"name":"skyzm","amount":195},{"name":"iJevin","amount":171},{"name":"PythonGB","amount":120},{"name":"Docm77","amount":75},{"name":"Collen","amount":54},{"name":"Spumwackles","amount":6},{"name":"Keralis1","amount":6}]