[{"name":"Xisuma","amount":3297},{"name":"Mumbo","amount":2017},{"name":"Tinfoilchef","amount":1522},{"name":"iJevin","amount":1403},{"name":"Tango","amount":1097},{"name":"xBCrafted","amount":1031},{"name":"impulseSV","amount":1016},{"name":"hypnotizd","amount":336},{"name":"sl1pg8r","amount":225},{"name":"KingDaddyDMAC","amount":198},{"name":"falsesymmetry","amount":157},{"name":"zueljin","amount":150},{"name":"Biffa2001","amount":146},{"name":"monkeyfarm","amount":129},{"name":"ZombieCleo","amount":102},{"name":"Etho","amount":74},{"name":"Docm77","amount":49},{"name":"topmass","amount":18},{"name":"PythonGB","amount":2},{"name":"xisumavoid","amount":2},{"name":"Spumwackles","amount":1}]