[{"name":"impulseSV","amount":335},{"name":"Xisuma","amount":297},{"name":"Mumbo","amount":193},{"name":"falsesymmetry","amount":180},{"name":"Tango","amount":156},{"name":"xBCrafted","amount":36},{"name":"iJevin","amount":29},{"name":"ZombieCleo","amount":15},{"name":"Etho","amount":12},{"name":"KingDaddyDMAC","amount":10},{"name":"Docm77","amount":7},{"name":"Biffa2001","amount":6},{"name":"zueljin","amount":4},{"name":"Tinfoilchef","amount":3},{"name":"monkeyfarm","amount":3},{"name":"sl1pg8r","amount":1},{"name":"PythonGB","amount":1},{"name":"hypnotizd","amount":1}]