[{"name":"iJevin","amount":847},{"name":"Xisuma","amount":637},{"name":"falsesymmetry","amount":627},{"name":"xBCrafted","amount":490},{"name":"sl1pg8r","amount":482},{"name":"Tango","amount":284},{"name":"Etho","amount":233},{"name":"Biffa2001","amount":207},{"name":"Mumbo","amount":90},{"name":"impulseSV","amount":65},{"name":"KingDaddyDMAC","amount":61},{"name":"zueljin","amount":51},{"name":"monkeyfarm","amount":38},{"name":"skyzm","amount":17},{"name":"hypnotizd","amount":17},{"name":"topmass","amount":2}]