[{"name":"xBCrafted","amount":17907521},{"name":"falsesymmetry","amount":8774862},{"name":"Tango","amount":8507355},{"name":"impulseSV","amount":6384112},{"name":"Xisuma","amount":4931734},{"name":"Mumbo","amount":4433993},{"name":"monkeyfarm","amount":4190195},{"name":"Tinfoilchef","amount":3768495},{"name":"zueljin","amount":2481866},{"name":"Spumwackles","amount":2179489},{"name":"hypnotizd","amount":2117356},{"name":"Biffa2001","amount":1814163},{"name":"topmass","amount":1275282},{"name":"KingDaddyDMAC","amount":1255535},{"name":"iJevin","amount":1052054},{"name":"sl1pg8r","amount":997782},{"name":"PythonGB","amount":893299},{"name":"ZombieCleo","amount":641664},{"name":"joehillssays","amount":431000},{"name":"Etho","amount":330118},{"name":"skyzm","amount":280414},{"name":"Docm77","amount":276883},{"name":"truesymmetry","amount":199600},{"name":"Pungence","amount":182374},{"name":"Keralis1","amount":143480},{"name":"xBCam","amount":124265},{"name":"NameOfSamuel","amount":85225},{"name":"TangoCam","amount":81105},{"name":"Mrs_Keralis","amount":65896},{"name":"Collen","amount":41517},{"name":"MumboJumbo","amount":38652},{"name":"xisumavoid","amount":33509},{"name":"snipepager","amount":17196},{"name":"Donkeyfarm","amount":12073},{"name":"D_A_I_N_A","amount":11718},{"name":"HypnotizdCam","amount":7916},{"name":"Biffa001","amount":7555},{"name":"WFRTNews","amount":7539},{"name":"HttpsSecure","amount":4644}]