[{"name":"xBCrafted","amount":18},{"name":"impulseSV","amount":16},{"name":"Tango","amount":14},{"name":"Xisuma","amount":8},{"name":"sl1pg8r","amount":7},{"name":"falsesymmetry","amount":6},{"name":"ZombieCleo","amount":5},{"name":"monkeyfarm","amount":5},{"name":"topmass","amount":3},{"name":"PythonGB","amount":3},{"name":"iJevin","amount":3},{"name":"KingDaddyDMAC","amount":3},{"name":"zueljin","amount":3},{"name":"Biffa2001","amount":3},{"name":"Mumbo","amount":3},{"name":"Tinfoilchef","amount":3},{"name":"hypnotizd","amount":2},{"name":"Spumwackles","amount":2},{"name":"Etho","amount":1},{"name":"Mrs_Keralis","amount":1}]