[{"name":"hypnotizd","amount":2204},{"name":"xBCrafted","amount":268},{"name":"Xisuma","amount":192},{"name":"Tango","amount":171},{"name":"Tinfoilchef","amount":135},{"name":"sl1pg8r","amount":100},{"name":"Mumbo","amount":97},{"name":"falsesymmetry","amount":85},{"name":"monkeyfarm","amount":41},{"name":"impulseSV","amount":34},{"name":"iJevin","amount":12},{"name":"Docm77","amount":10},{"name":"topmass","amount":6},{"name":"Etho","amount":6},{"name":"ZombieCleo","amount":6},{"name":"Biffa2001","amount":5},{"name":"zueljin","amount":3},{"name":"PythonGB","amount":2}]