[{"name":"Xisuma","amount":28010},{"name":"hypnotizd","amount":7090},{"name":"impulseSV","amount":4518},{"name":"falsesymmetry","amount":3622},{"name":"xBCrafted","amount":2666},{"name":"Mumbo","amount":2335},{"name":"iJevin","amount":2292},{"name":"sl1pg8r","amount":2199},{"name":"Spumwackles","amount":2007},{"name":"Tango","amount":2006},{"name":"Tinfoilchef","amount":1257},{"name":"Biffa2001","amount":1190},{"name":"ZombieCleo","amount":1100},{"name":"KingDaddyDMAC","amount":1010},{"name":"zueljin","amount":817},{"name":"topmass","amount":760},{"name":"PythonGB","amount":486},{"name":"monkeyfarm","amount":441},{"name":"Etho","amount":322},{"name":"Docm77","amount":71},{"name":"skyzm","amount":71},{"name":"Pungence","amount":66}]