[{"name":"falsesymmetry","amount":79411},{"name":"Xisuma","amount":71090},{"name":"Mumbo","amount":34916},{"name":"Tango","amount":29238},{"name":"xBCrafted","amount":16960},{"name":"impulseSV","amount":14102},{"name":"monkeyfarm","amount":9848},{"name":"sl1pg8r","amount":9366},{"name":"Biffa2001","amount":8487},{"name":"KingDaddyDMAC","amount":7967},{"name":"topmass","amount":6529},{"name":"zueljin","amount":6276},{"name":"hypnotizd","amount":4806},{"name":"Tinfoilchef","amount":4340},{"name":"ZombieCleo","amount":3984},{"name":"PythonGB","amount":3786},{"name":"iJevin","amount":2874},{"name":"joehillssays","amount":2532},{"name":"Etho","amount":826},{"name":"Docm77","amount":672},{"name":"Spumwackles","amount":627},{"name":"skyzm","amount":138}]