[{"name":"falsesymmetry","amount":889161},{"name":"xBCrafted","amount":400690},{"name":"Xisuma","amount":387110},{"name":"Tango","amount":297629},{"name":"Mumbo","amount":268941},{"name":"sl1pg8r","amount":185098},{"name":"impulseSV","amount":159009},{"name":"zueljin","amount":136446},{"name":"monkeyfarm","amount":115474},{"name":"hypnotizd","amount":113148},{"name":"Biffa2001","amount":100576},{"name":"topmass","amount":92488},{"name":"ZombieCleo","amount":87109},{"name":"iJevin","amount":66179},{"name":"KingDaddyDMAC","amount":64198},{"name":"Tinfoilchef","amount":60362},{"name":"Spumwackles","amount":57769},{"name":"PythonGB","amount":49090},{"name":"Etho","amount":29564},{"name":"Docm77","amount":25585},{"name":"joehillssays","amount":24359},{"name":"skyzm","amount":18144},{"name":"NameOfSamuel","amount":10652},{"name":"Pungence","amount":9273},{"name":"Keralis1","amount":7588},{"name":"Mrs_Keralis","amount":4179},{"name":"Collen","amount":2895},{"name":"snipepager","amount":452},{"name":"truesymmetry","amount":269},{"name":"xisumavoid","amount":224},{"name":"D_A_I_N_A","amount":70},{"name":"Cleophas","amount":27},{"name":"Biffa001","amount":24},{"name":"MumboJumbo","amount":24},{"name":"HttpsSecure","amount":10},{"name":"WFRTNews","amount":5},{"name":"TangoCam","amount":4},{"name":"PythonGBCam","amount":3},{"name":"xBCam","amount":2}]