[{"name":"Tango","amount":867},{"name":"falsesymmetry","amount":453},{"name":"Xisuma","amount":427},{"name":"sl1pg8r","amount":347},{"name":"iJevin","amount":327},{"name":"monkeyfarm","amount":246},{"name":"Tinfoilchef","amount":245},{"name":"Biffa2001","amount":208},{"name":"impulseSV","amount":182},{"name":"Mumbo","amount":169},{"name":"xBCrafted","amount":104},{"name":"Etho","amount":75},{"name":"hypnotizd","amount":57},{"name":"zueljin","amount":46},{"name":"Spumwackles","amount":40},{"name":"KingDaddyDMAC","amount":32},{"name":"ZombieCleo","amount":16},{"name":"topmass","amount":8},{"name":"Docm77","amount":6},{"name":"PythonGB","amount":1},{"name":"Keralis1","amount":1}]