[{"name":"zueljin","amount":7778},{"name":"xBCrafted","amount":2593},{"name":"sl1pg8r","amount":1908},{"name":"hypnotizd","amount":1444},{"name":"Biffa2001","amount":1389},{"name":"topmass","amount":1248},{"name":"Xisuma","amount":1224},{"name":"falsesymmetry","amount":959},{"name":"ZombieCleo","amount":884},{"name":"Spumwackles","amount":739},{"name":"monkeyfarm","amount":723},{"name":"Etho","amount":405},{"name":"PythonGB","amount":294},{"name":"joehillssays","amount":258},{"name":"impulseSV","amount":227},{"name":"KingDaddyDMAC","amount":171},{"name":"Mumbo","amount":153},{"name":"NameOfSamuel","amount":126},{"name":"skyzm","amount":87},{"name":"iJevin","amount":17},{"name":"Tango","amount":11},{"name":"Pungence","amount":9},{"name":"Tinfoilchef","amount":9}]