[{"name":"Biffa2001","amount":9507},{"name":"falsesymmetry","amount":2208},{"name":"sl1pg8r","amount":879},{"name":"xBCrafted","amount":726},{"name":"Etho","amount":543},{"name":"Xisuma","amount":351},{"name":"Mumbo","amount":348},{"name":"PythonGB","amount":246},{"name":"ZombieCleo","amount":231},{"name":"Tinfoilchef","amount":159},{"name":"iJevin","amount":144},{"name":"zueljin","amount":96},{"name":"Tango","amount":90},{"name":"topmass","amount":60},{"name":"KingDaddyDMAC","amount":33},{"name":"impulseSV","amount":18},{"name":"skyzm","amount":15},{"name":"monkeyfarm","amount":12},{"name":"truesymmetry","amount":6},{"name":"hypnotizd","amount":3}]