[{"name":"falsesymmetry","amount":876},{"name":"Xisuma","amount":836},{"name":"xBCrafted","amount":700},{"name":"zueljin","amount":492},{"name":"monkeyfarm","amount":484},{"name":"impulseSV","amount":332},{"name":"ZombieCleo","amount":296},{"name":"Tango","amount":208},{"name":"Docm77","amount":84},{"name":"hypnotizd","amount":60},{"name":"topmass","amount":32},{"name":"Tinfoilchef","amount":20},{"name":"Etho","amount":16},{"name":"sl1pg8r","amount":12},{"name":"PythonGB","amount":4},{"name":"iJevin","amount":4},{"name":"Mumbo","amount":4}]