[{"name":"iJevin","amount":1968},{"name":"falsesymmetry","amount":1820},{"name":"Xisuma","amount":1756},{"name":"xBCrafted","amount":1108},{"name":"Biffa2001","amount":696},{"name":"Tango","amount":694},{"name":"sl1pg8r","amount":688},{"name":"Etho","amount":252},{"name":"Mumbo","amount":172},{"name":"impulseSV","amount":164},{"name":"monkeyfarm","amount":140},{"name":"hypnotizd","amount":76},{"name":"KingDaddyDMAC","amount":64},{"name":"zueljin","amount":40},{"name":"skyzm","amount":24},{"name":"topmass","amount":8}]