[{"name":"Tinfoilchef","amount":7},{"name":"topmass","amount":6},{"name":"falsesymmetry","amount":5},{"name":"joehillssays","amount":4},{"name":"zueljin","amount":4},{"name":"hypnotizd","amount":3},{"name":"sl1pg8r","amount":1},{"name":"skyzm","amount":1},{"name":"Xisuma","amount":1},{"name":"KingDaddyDMAC","amount":1},{"name":"Tango","amount":1},{"name":"xBCrafted","amount":1},{"name":"Pungence","amount":1},{"name":"Biffa2001","amount":1},{"name":"Spumwackles","amount":1},{"name":"Collen","amount":1}]