[{"name":"falsesymmetry","amount":888},{"name":"xBCrafted","amount":627},{"name":"Xisuma","amount":599},{"name":"Tinfoilchef","amount":572},{"name":"topmass","amount":528},{"name":"Biffa2001","amount":454},{"name":"sl1pg8r","amount":431},{"name":"impulseSV","amount":384},{"name":"Spumwackles","amount":340},{"name":"ZombieCleo","amount":331},{"name":"hypnotizd","amount":315},{"name":"Tango","amount":290},{"name":"Mumbo","amount":251},{"name":"KingDaddyDMAC","amount":247},{"name":"Etho","amount":219},{"name":"iJevin","amount":184},{"name":"PythonGB","amount":164},{"name":"zueljin","amount":164},{"name":"monkeyfarm","amount":119},{"name":"skyzm","amount":79},{"name":"Pungence","amount":78},{"name":"Collen","amount":35},{"name":"Keralis1","amount":23},{"name":"Docm77","amount":22},{"name":"Mrs_Keralis","amount":6},{"name":"joehillssays","amount":1}]