[{"name":"monkeyfarm","amount":5293418},{"name":"hypnotizd","amount":2583236},{"name":"falsesymmetry","amount":2256274},{"name":"xBCrafted","amount":1513878},{"name":"zueljin","amount":1105848},{"name":"Biffa2001","amount":362138},{"name":"Xisuma","amount":247444},{"name":"Spumwackles","amount":211973},{"name":"Tinfoilchef","amount":135280},{"name":"KingDaddyDMAC","amount":107299},{"name":"impulseSV","amount":70792},{"name":"Keralis1","amount":61142},{"name":"Etho","amount":57816},{"name":"Docm77","amount":37448},{"name":"ZombieCleo","amount":29812},{"name":"joehillssays","amount":28904},{"name":"Mumbo","amount":26957},{"name":"sl1pg8r","amount":26300},{"name":"Tango","amount":17817},{"name":"skyzm","amount":15982},{"name":"iJevin","amount":12527},{"name":"Pungence","amount":6686},{"name":"PythonGB","amount":6635}]