[{"name":"falsesymmetry","amount":63733513},{"name":"Tinfoilchef","amount":47570119},{"name":"Mumbo","amount":42031000},{"name":"xBCrafted","amount":36055915},{"name":"sl1pg8r","amount":29889588},{"name":"Xisuma","amount":25552259},{"name":"Tango","amount":17986603},{"name":"impulseSV","amount":17308918},{"name":"monkeyfarm","amount":13721161},{"name":"zueljin","amount":11148422},{"name":"Biffa2001","amount":7690213},{"name":"PythonGB","amount":5301384},{"name":"iJevin","amount":4607349},{"name":"topmass","amount":4204287},{"name":"ZombieCleo","amount":4018609},{"name":"Etho","amount":2286478},{"name":"KingDaddyDMAC","amount":1859002},{"name":"Docm77","amount":1721129},{"name":"hypnotizd","amount":1183574},{"name":"snipepager","amount":392710},{"name":"joehillssays","amount":326067},{"name":"Spumwackles","amount":195050},{"name":"Keralis1","amount":99522},{"name":"skyzm","amount":86251},{"name":"Mrs_Keralis","amount":19612},{"name":"xisumavoid","amount":15757},{"name":"D_A_I_N_A","amount":10712},{"name":"Pungence","amount":10627}]