[{"name":"falsesymmetry","amount":1773},{"name":"Xisuma","amount":1011},{"name":"xBCrafted","amount":595},{"name":"sl1pg8r","amount":554},{"name":"monkeyfarm","amount":394},{"name":"zueljin","amount":262},{"name":"Tango","amount":161},{"name":"joehillssays","amount":118},{"name":"Biffa2001","amount":111},{"name":"Mumbo","amount":109},{"name":"topmass","amount":104},{"name":"impulseSV","amount":92},{"name":"ZombieCleo","amount":87},{"name":"hypnotizd","amount":73},{"name":"iJevin","amount":65},{"name":"Tinfoilchef","amount":64},{"name":"skyzm","amount":63},{"name":"KingDaddyDMAC","amount":52},{"name":"PythonGB","amount":40},{"name":"Etho","amount":18},{"name":"Docm77","amount":8},{"name":"Spumwackles","amount":2}]