[{"name":"falsesymmetry","amount":6559},{"name":"Xisuma","amount":2346},{"name":"xBCrafted","amount":1806},{"name":"Tango","amount":1760},{"name":"impulseSV","amount":1274},{"name":"Mumbo","amount":1186},{"name":"monkeyfarm","amount":948},{"name":"iJevin","amount":770},{"name":"PythonGB","amount":695},{"name":"zueljin","amount":602},{"name":"Tinfoilchef","amount":498},{"name":"Etho","amount":418},{"name":"ZombieCleo","amount":379},{"name":"Biffa2001","amount":365},{"name":"joehillssays","amount":269},{"name":"sl1pg8r","amount":261},{"name":"Docm77","amount":199},{"name":"topmass","amount":108},{"name":"NameOfSamuel","amount":35},{"name":"truesymmetry","amount":3},{"name":"xisumavoid","amount":3},{"name":"KingDaddyDMAC","amount":1},{"name":"hypnotizd","amount":1}]