[{"name":"Xisuma","amount":2907},{"name":"xBCrafted","amount":1425},{"name":"KingDaddyDMAC","amount":843},{"name":"Tango","amount":675},{"name":"impulseSV","amount":446},{"name":"Mumbo","amount":420},{"name":"zueljin","amount":417},{"name":"hypnotizd","amount":407},{"name":"falsesymmetry","amount":245},{"name":"Spumwackles","amount":241},{"name":"Tinfoilchef","amount":104},{"name":"Biffa2001","amount":64},{"name":"monkeyfarm","amount":48},{"name":"sl1pg8r","amount":24},{"name":"iJevin","amount":23},{"name":"Pungence","amount":12},{"name":"joehillssays","amount":11},{"name":"Etho","amount":4},{"name":"topmass","amount":1},{"name":"PythonGB","amount":1},{"name":"Collen","amount":1}]