[{"name":"falsesymmetry","amount":1488},{"name":"Xisuma","amount":1412},{"name":"impulseSV","amount":1379},{"name":"Tango","amount":905},{"name":"Tinfoilchef","amount":620},{"name":"Mumbo","amount":443},{"name":"Spumwackles","amount":440},{"name":"monkeyfarm","amount":418},{"name":"sl1pg8r","amount":399},{"name":"ZombieCleo","amount":384},{"name":"xBCrafted","amount":375},{"name":"KingDaddyDMAC","amount":200},{"name":"joehillssays","amount":113},{"name":"hypnotizd","amount":83},{"name":"PythonGB","amount":46},{"name":"Biffa2001","amount":32},{"name":"zueljin","amount":29},{"name":"iJevin","amount":23},{"name":"topmass","amount":13},{"name":"Docm77","amount":8},{"name":"Etho","amount":6},{"name":"NameOfSamuel","amount":2},{"name":"xisumavoid","amount":1}]