[{"name":"xBCrafted","amount":38357745},{"name":"falsesymmetry","amount":11672677},{"name":"hypnotizd","amount":6488653},{"name":"monkeyfarm","amount":5640572},{"name":"Tinfoilchef","amount":3058022},{"name":"Xisuma","amount":2547849},{"name":"Tango","amount":2500414},{"name":"Mumbo","amount":2441710},{"name":"zueljin","amount":2391531},{"name":"impulseSV","amount":2227612},{"name":"sl1pg8r","amount":1778840},{"name":"Biffa2001","amount":1754550},{"name":"Spumwackles","amount":1736904},{"name":"KingDaddyDMAC","amount":864527},{"name":"ZombieCleo","amount":831303},{"name":"xBCam","amount":752482},{"name":"topmass","amount":642528},{"name":"PythonGB","amount":493951},{"name":"joehillssays","amount":492165},{"name":"iJevin","amount":385119},{"name":"truesymmetry","amount":297201},{"name":"skyzm","amount":186925},{"name":"Docm77","amount":121945},{"name":"Pungence","amount":98780},{"name":"WFRTNews","amount":98149},{"name":"TangoCam","amount":97124},{"name":"Etho","amount":86141},{"name":"NameOfSamuel","amount":73703},{"name":"xisumavoid","amount":72211},{"name":"Keralis1","amount":52746},{"name":"Donkeyfarm","amount":41299},{"name":"D_A_I_N_A","amount":36612},{"name":"HypnotizdCam","amount":27388},{"name":"Collen","amount":23326},{"name":"MumboJumbo","amount":22651},{"name":"Mrs_Keralis","amount":22045},{"name":"Biffa001","amount":20864},{"name":"snipepager","amount":17997},{"name":"HttpsSecure","amount":1028}]