[{"name":"falsesymmetry","amount":11141},{"name":"xBCrafted","amount":5898},{"name":"Xisuma","amount":4417},{"name":"sl1pg8r","amount":2669},{"name":"zueljin","amount":2042},{"name":"impulseSV","amount":2013},{"name":"Tango","amount":1827},{"name":"ZombieCleo","amount":1795},{"name":"monkeyfarm","amount":1427},{"name":"Biffa2001","amount":761},{"name":"Tinfoilchef","amount":707},{"name":"Mumbo","amount":637},{"name":"topmass","amount":470},{"name":"skyzm","amount":371},{"name":"Spumwackles","amount":229},{"name":"Pungence","amount":220},{"name":"PythonGB","amount":173},{"name":"Etho","amount":167},{"name":"iJevin","amount":136},{"name":"hypnotizd","amount":133},{"name":"joehillssays","amount":99},{"name":"Docm77","amount":92},{"name":"Keralis1","amount":78},{"name":"KingDaddyDMAC","amount":59},{"name":"NameOfSamuel","amount":53},{"name":"Mrs_Keralis","amount":21},{"name":"Collen","amount":9}]