[{"name":"falsesymmetry","amount":23886},{"name":"Xisuma","amount":20230},{"name":"hypnotizd","amount":19200},{"name":"Biffa2001","amount":13260},{"name":"xBCrafted","amount":13234},{"name":"Mumbo","amount":12281},{"name":"ZombieCleo","amount":10062},{"name":"Tango","amount":8479},{"name":"Tinfoilchef","amount":7356},{"name":"monkeyfarm","amount":7309},{"name":"impulseSV","amount":6737},{"name":"sl1pg8r","amount":6184},{"name":"zueljin","amount":5856},{"name":"iJevin","amount":5316},{"name":"topmass","amount":5064},{"name":"PythonGB","amount":2176},{"name":"Etho","amount":2080},{"name":"KingDaddyDMAC","amount":1684},{"name":"Spumwackles","amount":1276},{"name":"Docm77","amount":1196},{"name":"joehillssays","amount":1152},{"name":"skyzm","amount":1004},{"name":"Collen","amount":228},{"name":"Pungence","amount":190},{"name":"Keralis1","amount":172},{"name":"NameOfSamuel","amount":100},{"name":"Mrs_Keralis","amount":64}]