[{"name":"impulseSV","amount":22},{"name":"Tango","amount":19},{"name":"Spumwackles","amount":14},{"name":"Mumbo","amount":10},{"name":"NameOfSamuel","amount":10},{"name":"ZombieCleo","amount":8},{"name":"PythonGB","amount":7},{"name":"Biffa2001","amount":7},{"name":"Tinfoilchef","amount":7},{"name":"monkeyfarm","amount":7},{"name":"joehillssays","amount":6},{"name":"zueljin","amount":5},{"name":"xBCrafted","amount":5},{"name":"Xisuma","amount":4},{"name":"skyzm","amount":3},{"name":"KingDaddyDMAC","amount":2},{"name":"falsesymmetry","amount":1},{"name":"Pungence","amount":1},{"name":"Keralis1","amount":1}]