[{"name":"Xisuma","amount":21296},{"name":"Tango","amount":14582},{"name":"Mumbo","amount":6395},{"name":"impulseSV","amount":5915},{"name":"hypnotizd","amount":4905},{"name":"Biffa2001","amount":4876},{"name":"falsesymmetry","amount":3906},{"name":"iJevin","amount":2587},{"name":"sl1pg8r","amount":1427},{"name":"monkeyfarm","amount":1134},{"name":"xBCrafted","amount":995},{"name":"Docm77","amount":909},{"name":"Spumwackles","amount":899},{"name":"topmass","amount":680},{"name":"Etho","amount":406},{"name":"KingDaddyDMAC","amount":261},{"name":"PythonGB","amount":180},{"name":"zueljin","amount":128},{"name":"ZombieCleo","amount":36},{"name":"Tinfoilchef","amount":9}]