[{"name":"iJevin","amount":253},{"name":"impulseSV","amount":130},{"name":"Tango","amount":127},{"name":"falsesymmetry","amount":125},{"name":"Xisuma","amount":104},{"name":"zueljin","amount":101},{"name":"Biffa2001","amount":88},{"name":"Mumbo","amount":80},{"name":"hypnotizd","amount":77},{"name":"sl1pg8r","amount":32},{"name":"Docm77","amount":19},{"name":"monkeyfarm","amount":12},{"name":"xBCrafted","amount":5},{"name":"KingDaddyDMAC","amount":3},{"name":"Tinfoilchef","amount":3},{"name":"topmass","amount":2},{"name":"Etho","amount":1},{"name":"ZombieCleo","amount":1}]