[{"name":"Xisuma","amount":2384},{"name":"iJevin","amount":2364},{"name":"Mumbo","amount":1106},{"name":"impulseSV","amount":859},{"name":"xBCrafted","amount":817},{"name":"Tango","amount":755},{"name":"falsesymmetry","amount":549},{"name":"Tinfoilchef","amount":505},{"name":"monkeyfarm","amount":505},{"name":"zueljin","amount":478},{"name":"sl1pg8r","amount":381},{"name":"Etho","amount":293},{"name":"Biffa2001","amount":113},{"name":"Docm77","amount":101},{"name":"PythonGB","amount":95},{"name":"ZombieCleo","amount":32},{"name":"KingDaddyDMAC","amount":11},{"name":"joehillssays","amount":8},{"name":"topmass","amount":5},{"name":"xisumavoid","amount":5},{"name":"NameOfSamuel","amount":3},{"name":"truesymmetry","amount":1},{"name":"hypnotizd","amount":1}]