[{"name":"Xisuma","amount":45},{"name":"falsesymmetry","amount":33},{"name":"topmass","amount":17},{"name":"Tango","amount":10},{"name":"Etho","amount":9},{"name":"sl1pg8r","amount":8},{"name":"joehillssays","amount":8},{"name":"impulseSV","amount":7},{"name":"xBCrafted","amount":6},{"name":"ZombieCleo","amount":5},{"name":"PythonGB","amount":4},{"name":"KingDaddyDMAC","amount":4},{"name":"zueljin","amount":4},{"name":"Biffa2001","amount":4},{"name":"Mumbo","amount":3},{"name":"Tinfoilchef","amount":3},{"name":"Spumwackles","amount":3},{"name":"Docm77","amount":2},{"name":"skyzm","amount":2},{"name":"Keralis1","amount":2},{"name":"iJevin","amount":1},{"name":"Pungence","amount":1},{"name":"hypnotizd","amount":1},{"name":"monkeyfarm","amount":1},{"name":"NameOfSamuel","amount":1},{"name":"Collen","amount":1}]