[{"name":"falsesymmetry","amount":2743},{"name":"Tango","amount":948},{"name":"Tinfoilchef","amount":767},{"name":"xBCrafted","amount":727},{"name":"Xisuma","amount":661},{"name":"monkeyfarm","amount":544},{"name":"zueljin","amount":397},{"name":"iJevin","amount":288},{"name":"sl1pg8r","amount":259},{"name":"Mumbo","amount":249},{"name":"impulseSV","amount":236},{"name":"Etho","amount":170},{"name":"ZombieCleo","amount":140},{"name":"Spumwackles","amount":35},{"name":"topmass","amount":11},{"name":"hypnotizd","amount":10},{"name":"Docm77","amount":9},{"name":"Biffa2001","amount":8},{"name":"joehillssays","amount":3}]