[{"name":"Xisuma","amount":5405},{"name":"Tango","amount":5113},{"name":"Mumbo","amount":4091},{"name":"impulseSV","amount":2627},{"name":"iJevin","amount":2148},{"name":"falsesymmetry","amount":1582},{"name":"Tinfoilchef","amount":1060},{"name":"xBCrafted","amount":962},{"name":"hypnotizd","amount":825},{"name":"Docm77","amount":678},{"name":"sl1pg8r","amount":518},{"name":"monkeyfarm","amount":495},{"name":"zueljin","amount":322},{"name":"Etho","amount":216},{"name":"topmass","amount":138},{"name":"Biffa2001","amount":125},{"name":"KingDaddyDMAC","amount":98},{"name":"ZombieCleo","amount":61},{"name":"skyzm","amount":57},{"name":"PythonGB","amount":24}]