[{"name":"xBCrafted","amount":998},{"name":"falsesymmetry","amount":811},{"name":"sl1pg8r","amount":691},{"name":"Xisuma","amount":526},{"name":"Tango","amount":288},{"name":"zueljin","amount":261},{"name":"monkeyfarm","amount":177},{"name":"impulseSV","amount":119},{"name":"Tinfoilchef","amount":104},{"name":"Mumbo","amount":84},{"name":"topmass","amount":66},{"name":"iJevin","amount":32},{"name":"ZombieCleo","amount":22},{"name":"KingDaddyDMAC","amount":10},{"name":"Docm77","amount":6},{"name":"Biffa2001","amount":3}]