[{"name":"Tango","amount":194},{"name":"Xisuma","amount":179},{"name":"impulseSV","amount":143},{"name":"falsesymmetry","amount":92},{"name":"sl1pg8r","amount":37},{"name":"xBCrafted","amount":20},{"name":"monkeyfarm","amount":18},{"name":"Biffa2001","amount":17},{"name":"zueljin","amount":12},{"name":"PythonGB","amount":11},{"name":"hypnotizd","amount":10},{"name":"Spumwackles","amount":10},{"name":"topmass","amount":9},{"name":"Mumbo","amount":6},{"name":"iJevin","amount":5},{"name":"KingDaddyDMAC","amount":3},{"name":"Docm77","amount":1},{"name":"Tinfoilchef","amount":1}]