[{"name":"falsesymmetry","amount":380345},{"name":"Xisuma","amount":345128},{"name":"xBCrafted","amount":298599},{"name":"Tango","amount":210403},{"name":"Mumbo","amount":179953},{"name":"hypnotizd","amount":179284},{"name":"impulseSV","amount":151474},{"name":"Spumwackles","amount":132258},{"name":"Tinfoilchef","amount":104491},{"name":"topmass","amount":102802},{"name":"sl1pg8r","amount":96467},{"name":"zueljin","amount":82836},{"name":"iJevin","amount":77083},{"name":"KingDaddyDMAC","amount":76616},{"name":"Biffa2001","amount":67589},{"name":"Etho","amount":49897},{"name":"monkeyfarm","amount":44461},{"name":"ZombieCleo","amount":36913},{"name":"PythonGB","amount":28797},{"name":"joehillssays","amount":18268},{"name":"Docm77","amount":11931},{"name":"skyzm","amount":7794},{"name":"Pungence","amount":2753},{"name":"Keralis1","amount":1571},{"name":"Collen","amount":662},{"name":"NameOfSamuel","amount":622},{"name":"Mrs_Keralis","amount":89}]