[{"name":"impulseSV","amount":1240},{"name":"hypnotizd","amount":960},{"name":"Xisuma","amount":774},{"name":"iJevin","amount":571},{"name":"falsesymmetry","amount":482},{"name":"Mumbo","amount":360},{"name":"sl1pg8r","amount":219},{"name":"Biffa2001","amount":215},{"name":"Tango","amount":188},{"name":"zueljin","amount":117},{"name":"topmass","amount":44},{"name":"Etho","amount":32},{"name":"xBCrafted","amount":26},{"name":"Tinfoilchef","amount":25},{"name":"Docm77","amount":23},{"name":"monkeyfarm","amount":18},{"name":"KingDaddyDMAC","amount":14}]