[{"name":"Xisuma","amount":113306155},{"name":"falsesymmetry","amount":93736828},{"name":"xBCrafted","amount":78387454},{"name":"Tango","amount":76111950},{"name":"impulseSV","amount":48582896},{"name":"Mumbo","amount":36772996},{"name":"Tinfoilchef","amount":30617837},{"name":"zueljin","amount":29552286},{"name":"sl1pg8r","amount":23627917},{"name":"truesymmetry","amount":21247816},{"name":"Biffa2001","amount":16931879},{"name":"monkeyfarm","amount":15440674},{"name":"hypnotizd","amount":14761888},{"name":"KingDaddyDMAC","amount":12326170},{"name":"ZombieCleo","amount":12041934},{"name":"Spumwackles","amount":11349512},{"name":"iJevin","amount":9962604},{"name":"topmass","amount":9738118},{"name":"PythonGB","amount":7907755},{"name":"TangoCam","amount":7430102},{"name":"Etho","amount":6778910},{"name":"xisumavoid","amount":5839994},{"name":"D_A_I_N_A","amount":4327828},{"name":"MumboJumbo","amount":4279417},{"name":"joehillssays","amount":4146465},{"name":"xBCam","amount":3718651},{"name":"Docm77","amount":3091197},{"name":"HttpsSecure","amount":2003995},{"name":"Biffa001","amount":1755001},{"name":"Keralis1","amount":1558765},{"name":"skyzm","amount":1383946},{"name":"snipepager","amount":1295855},{"name":"WFRTNews","amount":814744},{"name":"Pungence","amount":791258},{"name":"Mrs_Keralis","amount":657198},{"name":"NameOfSamuel","amount":563638},{"name":"Collen","amount":522658},{"name":"HypnotizdCam","amount":508358},{"name":"Cleophas","amount":507136},{"name":"Donkeyfarm","amount":493761},{"name":"PythonGBCam","amount":7551}]