[{"name":"Xisuma","amount":31128},{"name":"Tango","amount":9234},{"name":"zueljin","amount":4725},{"name":"Biffa2001","amount":1691},{"name":"falsesymmetry","amount":1599},{"name":"impulseSV","amount":1492},{"name":"hypnotizd","amount":502},{"name":"monkeyfarm","amount":349},{"name":"xBCrafted","amount":250},{"name":"PythonGB","amount":176},{"name":"Etho","amount":142},{"name":"joehillssays","amount":111},{"name":"Spumwackles","amount":24},{"name":"topmass","amount":18},{"name":"iJevin","amount":12},{"name":"Docm77","amount":5},{"name":"Mumbo","amount":5},{"name":"ZombieCleo","amount":3},{"name":"sl1pg8r","amount":2}]