[{"name":"xBCrafted","amount":5094},{"name":"Xisuma","amount":2017},{"name":"falsesymmetry","amount":1474},{"name":"sl1pg8r","amount":1450},{"name":"ZombieCleo","amount":998},{"name":"KingDaddyDMAC","amount":696},{"name":"impulseSV","amount":551},{"name":"Tinfoilchef","amount":367},{"name":"zueljin","amount":265},{"name":"Tango","amount":252},{"name":"Mumbo","amount":227},{"name":"PythonGB","amount":172},{"name":"hypnotizd","amount":112},{"name":"Biffa2001","amount":80},{"name":"Docm77","amount":68},{"name":"monkeyfarm","amount":43},{"name":"skyzm","amount":38},{"name":"topmass","amount":38},{"name":"iJevin","amount":4},{"name":"Spumwackles","amount":2}]