[{"name":"falsesymmetry","amount":121437},{"name":"Xisuma","amount":119703},{"name":"Tango","amount":84458},{"name":"xBCrafted","amount":46859},{"name":"impulseSV","amount":39703},{"name":"sl1pg8r","amount":31699},{"name":"zueljin","amount":29831},{"name":"Mumbo","amount":27433},{"name":"Biffa2001","amount":21040},{"name":"Tinfoilchef","amount":19204},{"name":"Spumwackles","amount":17642},{"name":"monkeyfarm","amount":17458},{"name":"hypnotizd","amount":14337},{"name":"ZombieCleo","amount":13770},{"name":"topmass","amount":13170},{"name":"PythonGB","amount":7558},{"name":"iJevin","amount":4711},{"name":"joehillssays","amount":4610},{"name":"KingDaddyDMAC","amount":3893},{"name":"Etho","amount":3004},{"name":"NameOfSamuel","amount":1901},{"name":"Docm77","amount":1732},{"name":"skyzm","amount":1456},{"name":"Keralis1","amount":687},{"name":"Pungence","amount":380},{"name":"Collen","amount":147},{"name":"truesymmetry","amount":1},{"name":"xisumavoid","amount":1}]