[{"name":"zueljin","amount":65},{"name":"Xisuma","amount":48},{"name":"ZombieCleo","amount":24},{"name":"skyzm","amount":7},{"name":"iJevin","amount":7},{"name":"hypnotizd","amount":7},{"name":"Etho","amount":6},{"name":"Tinfoilchef","amount":5},{"name":"impulseSV","amount":5},{"name":"topmass","amount":4},{"name":"KingDaddyDMAC","amount":4},{"name":"xBCrafted","amount":4},{"name":"falsesymmetry","amount":4},{"name":"Mumbo","amount":3},{"name":"monkeyfarm","amount":3},{"name":"joehillssays","amount":2},{"name":"Pungence","amount":2},{"name":"sl1pg8r","amount":1},{"name":"PythonGB","amount":1},{"name":"Tango","amount":1},{"name":"Keralis1","amount":1}]