[{"name":"falsesymmetry","amount":1096},{"name":"topmass","amount":748},{"name":"xBCrafted","amount":688},{"name":"impulseSV","amount":316},{"name":"PythonGB","amount":268},{"name":"Xisuma","amount":252},{"name":"Etho","amount":252},{"name":"Mumbo","amount":232},{"name":"monkeyfarm","amount":212},{"name":"sl1pg8r","amount":184},{"name":"Tango","amount":180},{"name":"Biffa2001","amount":164},{"name":"Tinfoilchef","amount":108},{"name":"joehillssays","amount":100},{"name":"ZombieCleo","amount":80},{"name":"skyzm","amount":60},{"name":"iJevin","amount":44},{"name":"zueljin","amount":8},{"name":"Pungence","amount":8},{"name":"hypnotizd","amount":8}]