[{"name":"impulseSV","amount":535},{"name":"Xisuma","amount":522},{"name":"Mumbo","amount":411},{"name":"hypnotizd","amount":353},{"name":"xBCrafted","amount":220},{"name":"falsesymmetry","amount":200},{"name":"Biffa2001","amount":180},{"name":"Tango","amount":161},{"name":"Etho","amount":119},{"name":"monkeyfarm","amount":117},{"name":"sl1pg8r","amount":83},{"name":"Tinfoilchef","amount":58},{"name":"zueljin","amount":53},{"name":"iJevin","amount":33},{"name":"KingDaddyDMAC","amount":15},{"name":"topmass","amount":6},{"name":"Docm77","amount":5},{"name":"skyzm","amount":3}]