[{"name":"Xisuma","amount":1018},{"name":"falsesymmetry","amount":748},{"name":"impulseSV","amount":543},{"name":"zueljin","amount":403},{"name":"sl1pg8r","amount":264},{"name":"Tango","amount":225},{"name":"Tinfoilchef","amount":212},{"name":"KingDaddyDMAC","amount":198},{"name":"ZombieCleo","amount":174},{"name":"Mumbo","amount":141},{"name":"xBCrafted","amount":118},{"name":"monkeyfarm","amount":45},{"name":"topmass","amount":35},{"name":"Docm77","amount":19},{"name":"iJevin","amount":11},{"name":"Biffa2001","amount":10},{"name":"Spumwackles","amount":10},{"name":"hypnotizd","amount":7},{"name":"Etho","amount":5},{"name":"PythonGB","amount":2}]