[{"name":"falsesymmetry","amount":7592},{"name":"Tango","amount":2484},{"name":"Xisuma","amount":2020},{"name":"xBCrafted","amount":1676},{"name":"Biffa2001","amount":1616},{"name":"PythonGB","amount":1496},{"name":"monkeyfarm","amount":1404},{"name":"topmass","amount":1392},{"name":"iJevin","amount":1288},{"name":"impulseSV","amount":932},{"name":"Etho","amount":780},{"name":"ZombieCleo","amount":640},{"name":"sl1pg8r","amount":548},{"name":"Tinfoilchef","amount":348},{"name":"joehillssays","amount":108},{"name":"KingDaddyDMAC","amount":92},{"name":"Spumwackles","amount":56},{"name":"zueljin","amount":44},{"name":"Docm77","amount":32},{"name":"skyzm","amount":12}]