[{"name":"impulseSV","amount":6},{"name":"Xisuma","amount":3},{"name":"joehillssays","amount":3},{"name":"falsesymmetry","amount":3},{"name":"Biffa2001","amount":3},{"name":"ZombieCleo","amount":3},{"name":"topmass","amount":2},{"name":"xBCrafted","amount":2},{"name":"Tinfoilchef","amount":2},{"name":"monkeyfarm","amount":2},{"name":"skyzm","amount":1},{"name":"PythonGB","amount":1},{"name":"zueljin","amount":1},{"name":"Tango","amount":1},{"name":"Etho","amount":1},{"name":"Mumbo","amount":1},{"name":"hypnotizd","amount":1}]