[{"name":"Xisuma","amount":294},{"name":"falsesymmetry","amount":231},{"name":"impulseSV","amount":105},{"name":"xBCrafted","amount":52},{"name":"Tango","amount":47},{"name":"zueljin","amount":36},{"name":"iJevin","amount":31},{"name":"Tinfoilchef","amount":30},{"name":"Spumwackles","amount":27},{"name":"sl1pg8r","amount":24},{"name":"KingDaddyDMAC","amount":19},{"name":"topmass","amount":18},{"name":"Biffa2001","amount":18},{"name":"ZombieCleo","amount":12},{"name":"Mumbo","amount":10},{"name":"monkeyfarm","amount":10},{"name":"PythonGB","amount":8},{"name":"hypnotizd","amount":8},{"name":"Docm77","amount":4},{"name":"Etho","amount":3},{"name":"joehillssays","amount":1},{"name":"xisumavoid","amount":1}]