[{"name":"Tango","amount":976},{"name":"falsesymmetry","amount":891},{"name":"xBCrafted","amount":801},{"name":"Xisuma","amount":741},{"name":"topmass","amount":530},{"name":"Tinfoilchef","amount":436},{"name":"sl1pg8r","amount":359},{"name":"impulseSV","amount":333},{"name":"ZombieCleo","amount":250},{"name":"Biffa2001","amount":227},{"name":"zueljin","amount":224},{"name":"Mumbo","amount":220},{"name":"PythonGB","amount":191},{"name":"monkeyfarm","amount":178},{"name":"KingDaddyDMAC","amount":152},{"name":"iJevin","amount":139},{"name":"hypnotizd","amount":138},{"name":"Etho","amount":130},{"name":"Spumwackles","amount":123},{"name":"skyzm","amount":29},{"name":"Docm77","amount":26},{"name":"Mrs_Keralis","amount":15},{"name":"Pungence","amount":11},{"name":"joehillssays","amount":9},{"name":"Keralis1","amount":6}]