[{"name":"Xisuma","amount":472},{"name":"falsesymmetry","amount":269},{"name":"xBCrafted","amount":199},{"name":"Tango","amount":161},{"name":"Mumbo","amount":138},{"name":"KingDaddyDMAC","amount":131},{"name":"zueljin","amount":124},{"name":"monkeyfarm","amount":89},{"name":"sl1pg8r","amount":84},{"name":"impulseSV","amount":79},{"name":"iJevin","amount":74},{"name":"Biffa2001","amount":62},{"name":"Spumwackles","amount":44},{"name":"hypnotizd","amount":39},{"name":"topmass","amount":38},{"name":"ZombieCleo","amount":31},{"name":"Etho","amount":24},{"name":"skyzm","amount":15},{"name":"Docm77","amount":14},{"name":"Tinfoilchef","amount":11},{"name":"joehillssays","amount":9},{"name":"NameOfSamuel","amount":8},{"name":"Pungence","amount":7},{"name":"Collen","amount":6},{"name":"PythonGB","amount":5},{"name":"Keralis1","amount":2}]