[{"name":"sl1pg8r","amount":2384},{"name":"falsesymmetry","amount":800},{"name":"Tango","amount":744},{"name":"Xisuma","amount":396},{"name":"PythonGB","amount":380},{"name":"ZombieCleo","amount":280},{"name":"impulseSV","amount":224},{"name":"Mumbo","amount":180},{"name":"Biffa2001","amount":152},{"name":"zueljin","amount":128},{"name":"xBCrafted","amount":124},{"name":"Spumwackles","amount":64},{"name":"monkeyfarm","amount":36},{"name":"Tinfoilchef","amount":24},{"name":"topmass","amount":8},{"name":"iJevin","amount":8}]