[{"name":"falsesymmetry","amount":24864},{"name":"Xisuma","amount":19533},{"name":"xBCrafted","amount":17082},{"name":"Mumbo","amount":14841},{"name":"zueljin","amount":13438},{"name":"hypnotizd","amount":6201},{"name":"sl1pg8r","amount":5545},{"name":"Biffa2001","amount":5204},{"name":"iJevin","amount":4719},{"name":"ZombieCleo","amount":4357},{"name":"Tango","amount":4139},{"name":"topmass","amount":3864},{"name":"impulseSV","amount":2983},{"name":"KingDaddyDMAC","amount":2974},{"name":"Etho","amount":2274},{"name":"monkeyfarm","amount":2192},{"name":"PythonGB","amount":1607},{"name":"Tinfoilchef","amount":1264},{"name":"Spumwackles","amount":1207},{"name":"joehillssays","amount":601},{"name":"skyzm","amount":371},{"name":"NameOfSamuel","amount":209},{"name":"Docm77","amount":70},{"name":"Pungence","amount":43},{"name":"Collen","amount":43},{"name":"Keralis1","amount":35},{"name":"Mrs_Keralis","amount":13}]