[{"name":"falsesymmetry","amount":127},{"name":"Xisuma","amount":112},{"name":"iJevin","amount":111},{"name":"Tango","amount":95},{"name":"impulseSV","amount":94},{"name":"Biffa2001","amount":82},{"name":"monkeyfarm","amount":72},{"name":"sl1pg8r","amount":59},{"name":"Mumbo","amount":54},{"name":"xBCrafted","amount":51},{"name":"KingDaddyDMAC","amount":50},{"name":"zueljin","amount":38},{"name":"Tinfoilchef","amount":31},{"name":"ZombieCleo","amount":11},{"name":"Docm77","amount":7},{"name":"Etho","amount":6},{"name":"Keralis1","amount":6},{"name":"hypnotizd","amount":4},{"name":"topmass","amount":2},{"name":"PythonGB","amount":1}]