[{"name":"Xisuma","amount":1591},{"name":"xBCrafted","amount":721},{"name":"Mumbo","amount":583},{"name":"Tango","amount":403},{"name":"iJevin","amount":369},{"name":"impulseSV","amount":247},{"name":"KingDaddyDMAC","amount":202},{"name":"Tinfoilchef","amount":199},{"name":"monkeyfarm","amount":194},{"name":"hypnotizd","amount":182},{"name":"Biffa2001","amount":176},{"name":"sl1pg8r","amount":84},{"name":"falsesymmetry","amount":78},{"name":"Etho","amount":62},{"name":"zueljin","amount":52},{"name":"Docm77","amount":46},{"name":"ZombieCleo","amount":18},{"name":"topmass","amount":15},{"name":"Spumwackles","amount":2}]