[{"name":"sl1pg8r","amount":924},{"name":"Xisuma","amount":729},{"name":"falsesymmetry","amount":547},{"name":"zueljin","amount":365},{"name":"Tango","amount":353},{"name":"Mumbo","amount":265},{"name":"impulseSV","amount":231},{"name":"Biffa2001","amount":182},{"name":"PythonGB","amount":160},{"name":"iJevin","amount":158},{"name":"Tinfoilchef","amount":146},{"name":"topmass","amount":141},{"name":"monkeyfarm","amount":139},{"name":"Spumwackles","amount":139},{"name":"hypnotizd","amount":124},{"name":"KingDaddyDMAC","amount":46},{"name":"xBCrafted","amount":44},{"name":"joehillssays","amount":32},{"name":"ZombieCleo","amount":28},{"name":"Etho","amount":16},{"name":"Docm77","amount":7}]