[{"name":"ZombieCleo","amount":24001},{"name":"Spumwackles","amount":14865},{"name":"falsesymmetry","amount":13822},{"name":"Mumbo","amount":10098},{"name":"sl1pg8r","amount":3823},{"name":"impulseSV","amount":3791},{"name":"Xisuma","amount":3134},{"name":"Tango","amount":2375},{"name":"Docm77","amount":854},{"name":"iJevin","amount":426},{"name":"topmass","amount":375},{"name":"Biffa2001","amount":231},{"name":"xBCrafted","amount":131},{"name":"zueljin","amount":90},{"name":"Keralis1","amount":66},{"name":"monkeyfarm","amount":44},{"name":"joehillssays","amount":33},{"name":"Tinfoilchef","amount":17},{"name":"Mrs_Keralis","amount":17},{"name":"skyzm","amount":3},{"name":"KingDaddyDMAC","amount":3}]