[{"name":"Xisuma","amount":18},{"name":"xBCrafted","amount":15},{"name":"impulseSV","amount":15},{"name":"Tango","amount":9},{"name":"falsesymmetry","amount":9},{"name":"iJevin","amount":6},{"name":"sl1pg8r","amount":5},{"name":"zueljin","amount":3},{"name":"ZombieCleo","amount":3},{"name":"Mumbo","amount":3},{"name":"Tinfoilchef","amount":3},{"name":"monkeyfarm","amount":3},{"name":"topmass","amount":2},{"name":"PythonGB","amount":2},{"name":"hypnotizd","amount":2},{"name":"KingDaddyDMAC","amount":1},{"name":"Biffa2001","amount":1},{"name":"Etho","amount":1},{"name":"Spumwackles","amount":1}]