[{"name":"xBCrafted","amount":24192},{"name":"hypnotizd","amount":17948},{"name":"falsesymmetry","amount":9645},{"name":"ZombieCleo","amount":1457},{"name":"Xisuma","amount":542},{"name":"impulseSV","amount":414},{"name":"Biffa2001","amount":412},{"name":"monkeyfarm","amount":312},{"name":"zueljin","amount":257},{"name":"Tinfoilchef","amount":241},{"name":"Tango","amount":211},{"name":"sl1pg8r","amount":79},{"name":"Mumbo","amount":25},{"name":"Spumwackles","amount":18},{"name":"iJevin","amount":3},{"name":"PythonGB","amount":2},{"name":"KingDaddyDMAC","amount":1},{"name":"Etho","amount":1}]