[{"name":"falsesymmetry","amount":321},{"name":"Xisuma","amount":318},{"name":"Mumbo","amount":69},{"name":"Tinfoilchef","amount":59},{"name":"Tango","amount":58},{"name":"Biffa2001","amount":52},{"name":"monkeyfarm","amount":52},{"name":"impulseSV","amount":49},{"name":"xBCrafted","amount":47},{"name":"zueljin","amount":23},{"name":"sl1pg8r","amount":14},{"name":"skyzm","amount":10},{"name":"iJevin","amount":6},{"name":"topmass","amount":5},{"name":"Etho","amount":5},{"name":"ZombieCleo","amount":4}]