[{"name":"falsesymmetry","amount":47},{"name":"Xisuma","amount":32},{"name":"xBCrafted","amount":32},{"name":"Tango","amount":24},{"name":"Mumbo","amount":22},{"name":"sl1pg8r","amount":18},{"name":"impulseSV","amount":18},{"name":"Tinfoilchef","amount":17},{"name":"ZombieCleo","amount":13},{"name":"Biffa2001","amount":12},{"name":"hypnotizd","amount":11},{"name":"monkeyfarm","amount":10},{"name":"zueljin","amount":7},{"name":"Etho","amount":7},{"name":"topmass","amount":6},{"name":"PythonGB","amount":6},{"name":"Spumwackles","amount":5},{"name":"iJevin","amount":4},{"name":"KingDaddyDMAC","amount":3},{"name":"Docm77","amount":1},{"name":"skyzm","amount":1}]