[{"name":"falsesymmetry","amount":668},{"name":"iJevin","amount":388},{"name":"Tango","amount":335},{"name":"Mumbo","amount":209},{"name":"zueljin","amount":164},{"name":"impulseSV","amount":148},{"name":"Biffa2001","amount":113},{"name":"Xisuma","amount":98},{"name":"ZombieCleo","amount":78},{"name":"PythonGB","amount":70},{"name":"monkeyfarm","amount":65},{"name":"xBCrafted","amount":64},{"name":"sl1pg8r","amount":58},{"name":"Tinfoilchef","amount":46},{"name":"topmass","amount":38},{"name":"Spumwackles","amount":20},{"name":"hypnotizd","amount":19},{"name":"Docm77","amount":11}]