[{"name":"falsesymmetry","amount":889},{"name":"Xisuma","amount":319},{"name":"xBCrafted","amount":288},{"name":"impulseSV","amount":230},{"name":"ZombieCleo","amount":221},{"name":"monkeyfarm","amount":125},{"name":"zueljin","amount":86},{"name":"Tango","amount":80},{"name":"sl1pg8r","amount":58},{"name":"Mumbo","amount":35},{"name":"skyzm","amount":31},{"name":"Biffa2001","amount":15},{"name":"topmass","amount":12},{"name":"Tinfoilchef","amount":7},{"name":"Docm77","amount":6},{"name":"iJevin","amount":6},{"name":"KingDaddyDMAC","amount":5},{"name":"PythonGB","amount":3},{"name":"Pungence","amount":2},{"name":"Etho","amount":1},{"name":"NameOfSamuel","amount":1}]