[{"name":"falsesymmetry","amount":389},{"name":"Xisuma","amount":151},{"name":"monkeyfarm","amount":136},{"name":"Tinfoilchef","amount":73},{"name":"hypnotizd","amount":47},{"name":"ZombieCleo","amount":37},{"name":"Biffa2001","amount":27},{"name":"Mumbo","amount":27},{"name":"Tango","amount":24},{"name":"xBCrafted","amount":23},{"name":"topmass","amount":22},{"name":"impulseSV","amount":22},{"name":"iJevin","amount":17},{"name":"zueljin","amount":11},{"name":"sl1pg8r","amount":8},{"name":"KingDaddyDMAC","amount":7},{"name":"Pungence","amount":7},{"name":"Spumwackles","amount":7},{"name":"Keralis1","amount":7},{"name":"skyzm","amount":6},{"name":"NameOfSamuel","amount":4},{"name":"Etho","amount":3},{"name":"Collen","amount":3}]