[{"name":"falsesymmetry","amount":518},{"name":"KingDaddyDMAC","amount":62},{"name":"xBCrafted","amount":24},{"name":"impulseSV","amount":23},{"name":"Tango","amount":14},{"name":"monkeyfarm","amount":13},{"name":"sl1pg8r","amount":12},{"name":"Tinfoilchef","amount":10},{"name":"zueljin","amount":6},{"name":"PythonGB","amount":4},{"name":"Mumbo","amount":4},{"name":"Biffa2001","amount":3},{"name":"ZombieCleo","amount":3},{"name":"hypnotizd","amount":2},{"name":"Spumwackles","amount":2},{"name":"Xisuma","amount":1},{"name":"topmass","amount":1}]