[{"name":"Tango","amount":966},{"name":"Xisuma","amount":48},{"name":"Spumwackles","amount":27},{"name":"zueljin","amount":18},{"name":"monkeyfarm","amount":18},{"name":"xBCrafted","amount":15},{"name":"falsesymmetry","amount":15},{"name":"joehillssays","amount":9},{"name":"Tinfoilchef","amount":9},{"name":"sl1pg8r","amount":6},{"name":"PythonGB","amount":6},{"name":"impulseSV","amount":6},{"name":"iJevin","amount":3},{"name":"Biffa2001","amount":3},{"name":"Mumbo","amount":3},{"name":"Keralis1","amount":3}]