[{"name":"KingDaddyDMAC","amount":32},{"name":"zueljin","amount":30},{"name":"falsesymmetry","amount":24},{"name":"joehillssays","amount":22},{"name":"Tinfoilchef","amount":17},{"name":"topmass","amount":15},{"name":"iJevin","amount":12},{"name":"Pungence","amount":10},{"name":"PythonGB","amount":9},{"name":"Biffa2001","amount":9},{"name":"monkeyfarm","amount":8},{"name":"Xisuma","amount":6},{"name":"ZombieCleo","amount":6},{"name":"impulseSV","amount":6},{"name":"skyzm","amount":5},{"name":"Tango","amount":5},{"name":"xBCrafted","amount":5},{"name":"Etho","amount":3},{"name":"NameOfSamuel","amount":3},{"name":"hypnotizd","amount":2},{"name":"Collen","amount":2},{"name":"Docm77","amount":1},{"name":"sl1pg8r","amount":1},{"name":"Spumwackles","amount":1}]