[{"name":"Xisuma","amount":351930},{"name":"Spumwackles","amount":150149},{"name":"impulseSV","amount":97499},{"name":"falsesymmetry","amount":94351},{"name":"xBCrafted","amount":93055},{"name":"Biffa2001","amount":67029},{"name":"Tinfoilchef","amount":66527},{"name":"hypnotizd","amount":56746},{"name":"Mumbo","amount":51190},{"name":"Tango","amount":48208},{"name":"sl1pg8r","amount":48179},{"name":"iJevin","amount":34565},{"name":"ZombieCleo","amount":28606},{"name":"zueljin","amount":25989},{"name":"KingDaddyDMAC","amount":21928},{"name":"topmass","amount":21166},{"name":"PythonGB","amount":18121},{"name":"monkeyfarm","amount":13429},{"name":"Etho","amount":6990},{"name":"Docm77","amount":3144},{"name":"joehillssays","amount":2782},{"name":"skyzm","amount":781},{"name":"Pungence","amount":407},{"name":"Keralis1","amount":338},{"name":"NameOfSamuel","amount":105},{"name":"Collen","amount":75},{"name":"Mrs_Keralis","amount":34},{"name":"xisumavoid","amount":11},{"name":"truesymmetry","amount":1},{"name":"snipepager","amount":1}]