[{"name":"Mumbo","amount":21},{"name":"Xisuma","amount":4},{"name":"xBCrafted","amount":3},{"name":"falsesymmetry","amount":3},{"name":"Tinfoilchef","amount":3},{"name":"sl1pg8r","amount":2},{"name":"topmass","amount":2},{"name":"iJevin","amount":2},{"name":"Biffa2001","amount":2},{"name":"monkeyfarm","amount":2},{"name":"Spumwackles","amount":2},{"name":"KingDaddyDMAC","amount":1},{"name":"zueljin","amount":1},{"name":"Tango","amount":1},{"name":"Etho","amount":1},{"name":"ZombieCleo","amount":1},{"name":"NameOfSamuel","amount":1}]