[{"name":"Xisuma","amount":3313},{"name":"xBCrafted","amount":2537},{"name":"falsesymmetry","amount":2535},{"name":"Tinfoilchef","amount":2535},{"name":"Tango","amount":2208},{"name":"Mumbo","amount":2191},{"name":"topmass","amount":2072},{"name":"Biffa2001","amount":1997},{"name":"Spumwackles","amount":1654},{"name":"hypnotizd","amount":1593},{"name":"KingDaddyDMAC","amount":1450},{"name":"sl1pg8r","amount":1231},{"name":"impulseSV","amount":1034},{"name":"ZombieCleo","amount":796},{"name":"monkeyfarm","amount":757},{"name":"iJevin","amount":653},{"name":"zueljin","amount":629},{"name":"PythonGB","amount":562},{"name":"skyzm","amount":251},{"name":"Etho","amount":238},{"name":"Collen","amount":213},{"name":"Keralis1","amount":206},{"name":"Pungence","amount":111},{"name":"NameOfSamuel","amount":102},{"name":"Docm77","amount":43},{"name":"joehillssays","amount":18},{"name":"Mrs_Keralis","amount":3}]