[{"name":"topmass","amount":2748},{"name":"ZombieCleo","amount":2373},{"name":"Spumwackles","amount":1382},{"name":"Mumbo","amount":761},{"name":"falsesymmetry","amount":667},{"name":"Tango","amount":180},{"name":"Docm77","amount":126},{"name":"iJevin","amount":107},{"name":"sl1pg8r","amount":91},{"name":"KingDaddyDMAC","amount":59},{"name":"xBCrafted","amount":48},{"name":"Xisuma","amount":40},{"name":"impulseSV","amount":33},{"name":"Tinfoilchef","amount":31},{"name":"hypnotizd","amount":14},{"name":"Etho","amount":3}]