[{"name":"Xisuma","amount":20328},{"name":"falsesymmetry","amount":19494},{"name":"xBCrafted","amount":10345},{"name":"monkeyfarm","amount":5939},{"name":"Mumbo","amount":5927},{"name":"Tinfoilchef","amount":5634},{"name":"impulseSV","amount":3589},{"name":"Tango","amount":2921},{"name":"PythonGB","amount":2916},{"name":"iJevin","amount":2327},{"name":"Biffa2001","amount":2141},{"name":"KingDaddyDMAC","amount":1744},{"name":"Spumwackles","amount":1587},{"name":"topmass","amount":1555},{"name":"sl1pg8r","amount":1408},{"name":"zueljin","amount":1363},{"name":"ZombieCleo","amount":1356},{"name":"hypnotizd","amount":1219},{"name":"joehillssays","amount":387},{"name":"Etho","amount":300},{"name":"skyzm","amount":252},{"name":"Keralis1","amount":145},{"name":"Docm77","amount":120},{"name":"NameOfSamuel","amount":36},{"name":"Pungence","amount":25},{"name":"Collen","amount":16},{"name":"Mrs_Keralis","amount":4}]