[{"name":"Xisuma","amount":427},{"name":"falsesymmetry","amount":376},{"name":"xBCrafted","amount":94},{"name":"Biffa2001","amount":72},{"name":"iJevin","amount":71},{"name":"ZombieCleo","amount":40},{"name":"Tinfoilchef","amount":39},{"name":"zueljin","amount":34},{"name":"Tango","amount":30},{"name":"monkeyfarm","amount":29},{"name":"Etho","amount":27},{"name":"Mumbo","amount":24},{"name":"hypnotizd","amount":22},{"name":"PythonGB","amount":17},{"name":"KingDaddyDMAC","amount":17},{"name":"sl1pg8r","amount":16},{"name":"impulseSV","amount":15},{"name":"joehillssays","amount":7},{"name":"Mrs_Keralis","amount":4},{"name":"Keralis1","amount":4},{"name":"skyzm","amount":3},{"name":"Docm77","amount":2},{"name":"NameOfSamuel","amount":2},{"name":"topmass","amount":1},{"name":"Spumwackles","amount":1},{"name":"Collen","amount":1}]