[{"name":"falsesymmetry","amount":152374},{"name":"Xisuma","amount":72584},{"name":"Tango","amount":29292},{"name":"ZombieCleo","amount":26119},{"name":"impulseSV","amount":25439},{"name":"xBCrafted","amount":24300},{"name":"Mumbo","amount":16022},{"name":"zueljin","amount":12682},{"name":"sl1pg8r","amount":11488},{"name":"monkeyfarm","amount":7114},{"name":"Tinfoilchef","amount":6320},{"name":"Biffa2001","amount":5307},{"name":"Spumwackles","amount":4312},{"name":"hypnotizd","amount":4173},{"name":"joehillssays","amount":3294},{"name":"KingDaddyDMAC","amount":1593},{"name":"topmass","amount":1525},{"name":"Etho","amount":1105},{"name":"iJevin","amount":1051},{"name":"PythonGB","amount":939},{"name":"Docm77","amount":440},{"name":"Mrs_Keralis","amount":16}]