[{"name":"falsesymmetry","amount":21837794},{"name":"Xisuma","amount":17020533},{"name":"Tango","amount":8234973},{"name":"Mumbo","amount":6888117},{"name":"zueljin","amount":6039024},{"name":"xBCrafted","amount":5818864},{"name":"sl1pg8r","amount":5790621},{"name":"impulseSV","amount":4454494},{"name":"hypnotizd","amount":3132727},{"name":"Biffa2001","amount":2398412},{"name":"topmass","amount":2165626},{"name":"monkeyfarm","amount":1937122},{"name":"PythonGB","amount":1704664},{"name":"iJevin","amount":1647071},{"name":"ZombieCleo","amount":1369196},{"name":"KingDaddyDMAC","amount":1313037},{"name":"Spumwackles","amount":1178876},{"name":"Etho","amount":792607},{"name":"Docm77","amount":732754},{"name":"joehillssays","amount":702251},{"name":"Tinfoilchef","amount":698668},{"name":"skyzm","amount":434167},{"name":"NameOfSamuel","amount":258424},{"name":"Pungence","amount":131206},{"name":"Keralis1","amount":96071},{"name":"Mrs_Keralis","amount":70589},{"name":"Collen","amount":69849},{"name":"truesymmetry","amount":24850},{"name":"xisumavoid","amount":3568},{"name":"snipepager","amount":2660},{"name":"D_A_I_N_A","amount":659},{"name":"MumboJumbo","amount":569},{"name":"WFRTNews","amount":335},{"name":"Biffa001","amount":269}]