[{"name":"Tango","amount":675},{"name":"falsesymmetry","amount":346},{"name":"impulseSV","amount":220},{"name":"Xisuma","amount":207},{"name":"Mumbo","amount":176},{"name":"monkeyfarm","amount":176},{"name":"xBCrafted","amount":167},{"name":"zueljin","amount":134},{"name":"iJevin","amount":74},{"name":"KingDaddyDMAC","amount":69},{"name":"sl1pg8r","amount":67},{"name":"Etho","amount":61},{"name":"Biffa2001","amount":45},{"name":"Tinfoilchef","amount":32},{"name":"Docm77","amount":24},{"name":"topmass","amount":16},{"name":"ZombieCleo","amount":4},{"name":"skyzm","amount":2},{"name":"hypnotizd","amount":2},{"name":"PythonGB","amount":1}]