[{"name":"falsesymmetry","amount":1357},{"name":"Xisuma","amount":1203},{"name":"Tango","amount":1089},{"name":"xBCrafted","amount":1056},{"name":"impulseSV","amount":979},{"name":"Biffa2001","amount":796},{"name":"Mumbo","amount":674},{"name":"zueljin","amount":466},{"name":"topmass","amount":410},{"name":"Spumwackles","amount":323},{"name":"monkeyfarm","amount":292},{"name":"PythonGB","amount":252},{"name":"iJevin","amount":227},{"name":"Tinfoilchef","amount":226},{"name":"hypnotizd","amount":201},{"name":"sl1pg8r","amount":173},{"name":"ZombieCleo","amount":160},{"name":"Etho","amount":152},{"name":"KingDaddyDMAC","amount":109},{"name":"Keralis1","amount":84},{"name":"skyzm","amount":42},{"name":"Docm77","amount":41},{"name":"NameOfSamuel","amount":32},{"name":"Pungence","amount":23},{"name":"joehillssays","amount":18},{"name":"Collen","amount":18},{"name":"Mrs_Keralis","amount":16},{"name":"xisumavoid","amount":9},{"name":"truesymmetry","amount":1}]