[{"name":"Xisuma","amount":99},{"name":"Mumbo","amount":34},{"name":"Tinfoilchef","amount":13},{"name":"falsesymmetry","amount":12},{"name":"Biffa2001","amount":12},{"name":"KingDaddyDMAC","amount":10},{"name":"impulseSV","amount":10},{"name":"xBCrafted","amount":8},{"name":"Tango","amount":7},{"name":"monkeyfarm","amount":6},{"name":"ZombieCleo","amount":4},{"name":"PythonGB","amount":3},{"name":"hypnotizd","amount":3},{"name":"Spumwackles","amount":2},{"name":"sl1pg8r","amount":1},{"name":"topmass","amount":1},{"name":"zueljin","amount":1}]