[{"name":"falsesymmetry","amount":46088},{"name":"Xisuma","amount":25180},{"name":"xBCrafted","amount":9088},{"name":"Mumbo","amount":7682},{"name":"hypnotizd","amount":6246},{"name":"Tinfoilchef","amount":3673},{"name":"ZombieCleo","amount":3652},{"name":"zueljin","amount":2114},{"name":"Tango","amount":1543},{"name":"impulseSV","amount":725},{"name":"KingDaddyDMAC","amount":373},{"name":"topmass","amount":336},{"name":"joehillssays","amount":195},{"name":"Biffa2001","amount":150},{"name":"PythonGB","amount":61},{"name":"monkeyfarm","amount":28},{"name":"sl1pg8r","amount":12},{"name":"iJevin","amount":10},{"name":"NameOfSamuel","amount":3},{"name":"skyzm","amount":1}]