[{"name":"falsesymmetry","amount":22807},{"name":"xBCrafted","amount":9549},{"name":"Xisuma","amount":9082},{"name":"zueljin","amount":4108},{"name":"Mumbo","amount":2936},{"name":"Tango","amount":2918},{"name":"Biffa2001","amount":2593},{"name":"sl1pg8r","amount":2453},{"name":"PythonGB","amount":2089},{"name":"impulseSV","amount":2044},{"name":"Tinfoilchef","amount":1802},{"name":"monkeyfarm","amount":1549},{"name":"topmass","amount":1502},{"name":"hypnotizd","amount":1065},{"name":"ZombieCleo","amount":1061},{"name":"Spumwackles","amount":959},{"name":"Etho","amount":705},{"name":"iJevin","amount":513},{"name":"joehillssays","amount":465},{"name":"Docm77","amount":340},{"name":"skyzm","amount":304},{"name":"KingDaddyDMAC","amount":177},{"name":"NameOfSamuel","amount":136},{"name":"Pungence","amount":68},{"name":"Keralis1","amount":17},{"name":"Collen","amount":13},{"name":"Mrs_Keralis","amount":2}]