[{"name":"Xisuma","amount":2829},{"name":"xBCrafted","amount":2139},{"name":"falsesymmetry","amount":1579},{"name":"monkeyfarm","amount":1117},{"name":"impulseSV","amount":1010},{"name":"Tango","amount":985},{"name":"Tinfoilchef","amount":882},{"name":"Biffa2001","amount":782},{"name":"sl1pg8r","amount":768},{"name":"Mumbo","amount":631},{"name":"zueljin","amount":530},{"name":"Etho","amount":362},{"name":"Docm77","amount":225},{"name":"iJevin","amount":189},{"name":"Pungence","amount":137},{"name":"skyzm","amount":89},{"name":"topmass","amount":67},{"name":"KingDaddyDMAC","amount":50},{"name":"ZombieCleo","amount":22},{"name":"hypnotizd","amount":4},{"name":"PythonGB","amount":2},{"name":"Keralis1","amount":2}]