[{"name":"impulseSV","amount":514},{"name":"Tango","amount":316},{"name":"falsesymmetry","amount":311},{"name":"iJevin","amount":289},{"name":"Biffa2001","amount":205},{"name":"Xisuma","amount":202},{"name":"Tinfoilchef","amount":185},{"name":"xBCrafted","amount":114},{"name":"monkeyfarm","amount":72},{"name":"Docm77","amount":51},{"name":"topmass","amount":43},{"name":"Etho","amount":33},{"name":"PythonGB","amount":32},{"name":"ZombieCleo","amount":15},{"name":"zueljin","amount":7},{"name":"joehillssays","amount":5}]