[{"name":"Tinfoilchef","amount":132},{"name":"Xisuma","amount":42},{"name":"sl1pg8r","amount":40},{"name":"Tango","amount":37},{"name":"monkeyfarm","amount":35},{"name":"falsesymmetry","amount":34},{"name":"xBCrafted","amount":26},{"name":"ZombieCleo","amount":24},{"name":"Mumbo","amount":18},{"name":"Spumwackles","amount":17},{"name":"Biffa2001","amount":12},{"name":"KingDaddyDMAC","amount":8},{"name":"zueljin","amount":8},{"name":"skyzm","amount":6},{"name":"impulseSV","amount":3},{"name":"topmass","amount":1},{"name":"iJevin","amount":1}]