[{"name":"impulseSV","amount":89},{"name":"falsesymmetry","amount":86},{"name":"sl1pg8r","amount":39},{"name":"Tango","amount":37},{"name":"xBCrafted","amount":29},{"name":"zueljin","amount":15},{"name":"Xisuma","amount":11},{"name":"hypnotizd","amount":11},{"name":"PythonGB","amount":6},{"name":"KingDaddyDMAC","amount":4},{"name":"Etho","amount":3},{"name":"Mumbo","amount":2},{"name":"monkeyfarm","amount":2},{"name":"Docm77","amount":1},{"name":"iJevin","amount":1},{"name":"joehillssays","amount":1},{"name":"Biffa2001","amount":1},{"name":"ZombieCleo","amount":1}]