[{"name":"Xisuma","amount":22483},{"name":"falsesymmetry","amount":13215},{"name":"Tango","amount":10747},{"name":"Mumbo","amount":6829},{"name":"xBCrafted","amount":5974},{"name":"impulseSV","amount":5358},{"name":"KingDaddyDMAC","amount":3462},{"name":"zueljin","amount":2680},{"name":"sl1pg8r","amount":2648},{"name":"monkeyfarm","amount":2203},{"name":"Biffa2001","amount":1766},{"name":"ZombieCleo","amount":802},{"name":"Etho","amount":612},{"name":"topmass","amount":593},{"name":"iJevin","amount":484},{"name":"PythonGB","amount":450},{"name":"hypnotizd","amount":344},{"name":"Tinfoilchef","amount":276},{"name":"joehillssays","amount":185},{"name":"Docm77","amount":116},{"name":"Spumwackles","amount":102},{"name":"skyzm","amount":16},{"name":"Keralis1","amount":4},{"name":"Mrs_Keralis","amount":3}]