[{"name":"sl1pg8r","amount":775},{"name":"falsesymmetry","amount":364},{"name":"monkeyfarm","amount":210},{"name":"Xisuma","amount":114},{"name":"Tango","amount":114},{"name":"impulseSV","amount":87},{"name":"Mumbo","amount":43},{"name":"Tinfoilchef","amount":36},{"name":"hypnotizd","amount":25},{"name":"Biffa2001","amount":21},{"name":"Spumwackles","amount":18},{"name":"xBCrafted","amount":16},{"name":"topmass","amount":12},{"name":"zueljin","amount":12},{"name":"joehillssays","amount":11},{"name":"iJevin","amount":6},{"name":"Keralis1","amount":5},{"name":"Pungence","amount":3},{"name":"Collen","amount":3},{"name":"PythonGB","amount":2},{"name":"KingDaddyDMAC","amount":1},{"name":"ZombieCleo","amount":1}]