[{"name":"falsesymmetry","amount":768},{"name":"xBCrafted","amount":521},{"name":"Xisuma","amount":475},{"name":"zueljin","amount":332},{"name":"ZombieCleo","amount":244},{"name":"Tango","amount":158},{"name":"Biffa2001","amount":153},{"name":"sl1pg8r","amount":134},{"name":"PythonGB","amount":110},{"name":"impulseSV","amount":89},{"name":"monkeyfarm","amount":63},{"name":"Spumwackles","amount":48},{"name":"Mumbo","amount":43},{"name":"topmass","amount":40},{"name":"Tinfoilchef","amount":23},{"name":"skyzm","amount":10},{"name":"NameOfSamuel","amount":9},{"name":"Keralis1","amount":8},{"name":"Docm77","amount":6},{"name":"Collen","amount":5},{"name":"iJevin","amount":4},{"name":"KingDaddyDMAC","amount":3},{"name":"Mrs_Keralis","amount":3},{"name":"joehillssays","amount":1},{"name":"Etho","amount":1}]