[{"name":"xBCrafted","amount":7677},{"name":"falsesymmetry","amount":7501},{"name":"Xisuma","amount":3768},{"name":"hypnotizd","amount":3531},{"name":"Tinfoilchef","amount":2827},{"name":"Tango","amount":2156},{"name":"monkeyfarm","amount":1438},{"name":"sl1pg8r","amount":1404},{"name":"zueljin","amount":1126},{"name":"KingDaddyDMAC","amount":981},{"name":"Biffa2001","amount":965},{"name":"topmass","amount":795},{"name":"Mumbo","amount":743},{"name":"impulseSV","amount":632},{"name":"Spumwackles","amount":355},{"name":"iJevin","amount":334},{"name":"Etho","amount":297},{"name":"joehillssays","amount":277},{"name":"ZombieCleo","amount":269},{"name":"PythonGB","amount":237},{"name":"skyzm","amount":59},{"name":"Keralis1","amount":44},{"name":"Docm77","amount":35},{"name":"Pungence","amount":17},{"name":"Collen","amount":12},{"name":"NameOfSamuel","amount":10},{"name":"Mrs_Keralis","amount":7},{"name":"truesymmetry","amount":1},{"name":"xisumavoid","amount":1}]