[{"name":"Xisuma","amount":28142},{"name":"zueljin","amount":12565},{"name":"xBCrafted","amount":12502},{"name":"falsesymmetry","amount":10856},{"name":"impulseSV","amount":4752},{"name":"Tango","amount":4411},{"name":"Mumbo","amount":4124},{"name":"topmass","amount":2106},{"name":"Biffa2001","amount":1860},{"name":"monkeyfarm","amount":1628},{"name":"iJevin","amount":1540},{"name":"sl1pg8r","amount":1002},{"name":"ZombieCleo","amount":546},{"name":"Etho","amount":522},{"name":"joehillssays","amount":306},{"name":"PythonGB","amount":270},{"name":"Tinfoilchef","amount":204},{"name":"hypnotizd","amount":198},{"name":"Spumwackles","amount":162},{"name":"Docm77","amount":150},{"name":"KingDaddyDMAC","amount":18}]