[{"name":"Xisuma","amount":621},{"name":"Tango","amount":391},{"name":"falsesymmetry","amount":225},{"name":"xBCrafted","amount":180},{"name":"impulseSV","amount":137},{"name":"PythonGB","amount":136},{"name":"Spumwackles","amount":100},{"name":"sl1pg8r","amount":82},{"name":"Biffa2001","amount":63},{"name":"hypnotizd","amount":49},{"name":"monkeyfarm","amount":47},{"name":"zueljin","amount":37},{"name":"KingDaddyDMAC","amount":19},{"name":"iJevin","amount":16},{"name":"ZombieCleo","amount":8},{"name":"Tinfoilchef","amount":8},{"name":"Etho","amount":3},{"name":"joehillssays","amount":1},{"name":"Mumbo","amount":1}]