[{"name":"falsesymmetry","amount":111},{"name":"Tango","amount":70},{"name":"xBCrafted","amount":45},{"name":"Xisuma","amount":16},{"name":"KingDaddyDMAC","amount":6},{"name":"zueljin","amount":6},{"name":"sl1pg8r","amount":5},{"name":"iJevin","amount":5},{"name":"monkeyfarm","amount":4},{"name":"Docm77","amount":2},{"name":"topmass","amount":2},{"name":"PythonGB","amount":2},{"name":"hypnotizd","amount":2},{"name":"skyzm","amount":1},{"name":"joehillssays","amount":1},{"name":"ZombieCleo","amount":1}]