[{"name":"falsesymmetry","amount":499},{"name":"xBCrafted","amount":340},{"name":"topmass","amount":314},{"name":"Tinfoilchef","amount":285},{"name":"Biffa2001","amount":161},{"name":"Tango","amount":147},{"name":"impulseSV","amount":121},{"name":"zueljin","amount":85},{"name":"sl1pg8r","amount":61},{"name":"Pungence","amount":59},{"name":"Xisuma","amount":43},{"name":"PythonGB","amount":41},{"name":"Mumbo","amount":41},{"name":"KingDaddyDMAC","amount":26},{"name":"Keralis1","amount":22},{"name":"monkeyfarm","amount":16},{"name":"Etho","amount":14},{"name":"skyzm","amount":2}]