[{"name":"Xisuma","amount":855},{"name":"Tango","amount":554},{"name":"Mumbo","amount":396},{"name":"iJevin","amount":302},{"name":"impulseSV","amount":300},{"name":"hypnotizd","amount":110},{"name":"Tinfoilchef","amount":106},{"name":"Docm77","amount":85},{"name":"xBCrafted","amount":52},{"name":"falsesymmetry","amount":40},{"name":"sl1pg8r","amount":32},{"name":"Etho","amount":29},{"name":"monkeyfarm","amount":17},{"name":"zueljin","amount":10},{"name":"topmass","amount":7},{"name":"KingDaddyDMAC","amount":5},{"name":"Biffa2001","amount":3},{"name":"PythonGB","amount":1}]