[{"name":"falsesymmetry","amount":6716},{"name":"joehillssays","amount":4660},{"name":"Tango","amount":779},{"name":"Tinfoilchef","amount":280},{"name":"PythonGB","amount":128},{"name":"Xisuma","amount":101},{"name":"zueljin","amount":99},{"name":"Spumwackles","amount":64},{"name":"iJevin","amount":61},{"name":"Etho","amount":42},{"name":"topmass","amount":40},{"name":"xBCrafted","amount":20},{"name":"impulseSV","amount":18},{"name":"sl1pg8r","amount":14},{"name":"ZombieCleo","amount":12},{"name":"Biffa2001","amount":3}]