[{"name":"Xisuma","amount":378},{"name":"xBCrafted","amount":318},{"name":"falsesymmetry","amount":267},{"name":"Biffa2001","amount":90},{"name":"impulseSV","amount":66},{"name":"monkeyfarm","amount":48},{"name":"Tango","amount":45},{"name":"Spumwackles","amount":42},{"name":"KingDaddyDMAC","amount":30},{"name":"hypnotizd","amount":27},{"name":"zueljin","amount":21},{"name":"topmass","amount":18},{"name":"PythonGB","amount":15},{"name":"ZombieCleo","amount":9},{"name":"Etho","amount":6},{"name":"Tinfoilchef","amount":6},{"name":"iJevin","amount":3},{"name":"Mumbo","amount":3}]