[{"name":"falsesymmetry","amount":470},{"name":"Xisuma","amount":108},{"name":"ZombieCleo","amount":94},{"name":"monkeyfarm","amount":73},{"name":"zueljin","amount":52},{"name":"hypnotizd","amount":48},{"name":"Tinfoilchef","amount":36},{"name":"topmass","amount":21},{"name":"Pungence","amount":11},{"name":"Biffa2001","amount":10},{"name":"Mumbo","amount":8},{"name":"skyzm","amount":7},{"name":"NameOfSamuel","amount":7},{"name":"xBCrafted","amount":6},{"name":"Collen","amount":6},{"name":"Etho","amount":4},{"name":"sl1pg8r","amount":3},{"name":"Tango","amount":3},{"name":"Spumwackles","amount":3},{"name":"KingDaddyDMAC","amount":2},{"name":"iJevin","amount":1}]