[{"name":"falsesymmetry","amount":2418},{"name":"Xisuma","amount":2358},{"name":"Tango","amount":2213},{"name":"Spumwackles","amount":817},{"name":"xBCrafted","amount":773},{"name":"Mumbo","amount":421},{"name":"zueljin","amount":345},{"name":"Tinfoilchef","amount":336},{"name":"sl1pg8r","amount":311},{"name":"Biffa2001","amount":152},{"name":"ZombieCleo","amount":139},{"name":"iJevin","amount":137},{"name":"hypnotizd","amount":128},{"name":"impulseSV","amount":111},{"name":"KingDaddyDMAC","amount":95},{"name":"topmass","amount":80},{"name":"joehillssays","amount":46},{"name":"PythonGB","amount":30},{"name":"Etho","amount":20},{"name":"Docm77","amount":3}]