[{"name":"impulseSV","amount":16},{"name":"Tango","amount":8},{"name":"Xisuma","amount":6},{"name":"xBCrafted","amount":6},{"name":"sl1pg8r","amount":4},{"name":"falsesymmetry","amount":4},{"name":"ZombieCleo","amount":4},{"name":"Mumbo","amount":4},{"name":"monkeyfarm","amount":4},{"name":"iJevin","amount":3},{"name":"zueljin","amount":3},{"name":"Tinfoilchef","amount":3},{"name":"topmass","amount":2},{"name":"PythonGB","amount":2},{"name":"Biffa2001","amount":2},{"name":"hypnotizd","amount":2},{"name":"KingDaddyDMAC","amount":1},{"name":"Etho","amount":1},{"name":"Spumwackles","amount":1}]