[{"name":"Tango","amount":60736},{"name":"Xisuma","amount":46466},{"name":"falsesymmetry","amount":19008},{"name":"Mumbo","amount":17330},{"name":"iJevin","amount":15095},{"name":"impulseSV","amount":14506},{"name":"xBCrafted","amount":13509},{"name":"Tinfoilchef","amount":13346},{"name":"hypnotizd","amount":11580},{"name":"topmass","amount":7443},{"name":"sl1pg8r","amount":4148},{"name":"Biffa2001","amount":3380},{"name":"monkeyfarm","amount":2903},{"name":"zueljin","amount":1935},{"name":"ZombieCleo","amount":1608},{"name":"KingDaddyDMAC","amount":1586},{"name":"PythonGB","amount":1560},{"name":"Etho","amount":1478},{"name":"Docm77","amount":1268},{"name":"Spumwackles","amount":968},{"name":"joehillssays","amount":351},{"name":"Pungence","amount":104},{"name":"skyzm","amount":96},{"name":"NameOfSamuel","amount":75},{"name":"Collen","amount":51},{"name":"Mrs_Keralis","amount":23},{"name":"Keralis1","amount":23}]