[{"name":"Xisuma","amount":1280},{"name":"joehillssays","amount":151},{"name":"Mumbo","amount":132},{"name":"xBCrafted","amount":108},{"name":"topmass","amount":87},{"name":"Tango","amount":64},{"name":"skyzm","amount":51},{"name":"ZombieCleo","amount":50},{"name":"Pungence","amount":29},{"name":"monkeyfarm","amount":29},{"name":"Tinfoilchef","amount":24},{"name":"sl1pg8r","amount":23},{"name":"falsesymmetry","amount":23},{"name":"zueljin","amount":22},{"name":"Docm77","amount":20},{"name":"iJevin","amount":20},{"name":"Biffa2001","amount":9},{"name":"impulseSV","amount":3}]