[{"name":"falsesymmetry","amount":90},{"name":"Xisuma","amount":70},{"name":"impulseSV","amount":60},{"name":"xBCrafted","amount":29},{"name":"Tango","amount":28},{"name":"Spumwackles","amount":18},{"name":"zueljin","amount":17},{"name":"KingDaddyDMAC","amount":14},{"name":"Biffa2001","amount":13},{"name":"sl1pg8r","amount":11},{"name":"iJevin","amount":9},{"name":"topmass","amount":8},{"name":"Mumbo","amount":7},{"name":"monkeyfarm","amount":7},{"name":"ZombieCleo","amount":6},{"name":"Docm77","amount":3},{"name":"PythonGB","amount":2},{"name":"Etho","amount":2},{"name":"hypnotizd","amount":1}]