[{"name":"falsesymmetry","amount":37},{"name":"Tango","amount":29},{"name":"Xisuma","amount":26},{"name":"impulseSV","amount":15},{"name":"Etho","amount":9},{"name":"xBCrafted","amount":8},{"name":"zueljin","amount":6},{"name":"ZombieCleo","amount":6},{"name":"Biffa2001","amount":4},{"name":"Tinfoilchef","amount":4},{"name":"Docm77","amount":3},{"name":"joehillssays","amount":3},{"name":"KingDaddyDMAC","amount":3},{"name":"Mumbo","amount":3},{"name":"Spumwackles","amount":3},{"name":"sl1pg8r","amount":2},{"name":"skyzm","amount":2},{"name":"topmass","amount":2},{"name":"PythonGB","amount":2},{"name":"Pungence","amount":2},{"name":"hypnotizd","amount":2},{"name":"Keralis1","amount":2},{"name":"iJevin","amount":1},{"name":"Mrs_Keralis","amount":1},{"name":"monkeyfarm","amount":1},{"name":"NameOfSamuel","amount":1},{"name":"Collen","amount":1}]