[{"name":"falsesymmetry","amount":5},{"name":"Xisuma","amount":3},{"name":"zueljin","amount":3},{"name":"impulseSV","amount":3},{"name":"topmass","amount":2},{"name":"PythonGB","amount":2},{"name":"iJevin","amount":2},{"name":"Tango","amount":2},{"name":"Mumbo","amount":2},{"name":"Tinfoilchef","amount":2},{"name":"Spumwackles","amount":2},{"name":"sl1pg8r","amount":1},{"name":"KingDaddyDMAC","amount":1},{"name":"xBCrafted","amount":1},{"name":"hypnotizd","amount":1},{"name":"monkeyfarm","amount":1}]