[{"name":"Xisuma","amount":26005},{"name":"falsesymmetry","amount":24261},{"name":"xBCrafted","amount":10301},{"name":"impulseSV","amount":7523},{"name":"Tango","amount":4754},{"name":"Mumbo","amount":2428},{"name":"monkeyfarm","amount":1334},{"name":"PythonGB","amount":1333},{"name":"Tinfoilchef","amount":1155},{"name":"topmass","amount":1018},{"name":"zueljin","amount":751},{"name":"ZombieCleo","amount":715},{"name":"Docm77","amount":629},{"name":"Biffa2001","amount":355},{"name":"sl1pg8r","amount":321},{"name":"KingDaddyDMAC","amount":140},{"name":"iJevin","amount":70},{"name":"joehillssays","amount":39}]