[{"name":"Xisuma","amount":91},{"name":"falsesymmetry","amount":52},{"name":"impulseSV","amount":40},{"name":"Tango","amount":22},{"name":"sl1pg8r","amount":17},{"name":"Biffa2001","amount":16},{"name":"topmass","amount":10},{"name":"xBCrafted","amount":8},{"name":"monkeyfarm","amount":8},{"name":"iJevin","amount":6},{"name":"ZombieCleo","amount":6},{"name":"Spumwackles","amount":5},{"name":"PythonGB","amount":4},{"name":"zueljin","amount":3},{"name":"KingDaddyDMAC","amount":2},{"name":"hypnotizd","amount":1}]