[{"name":"falsesymmetry","amount":2016},{"name":"Xisuma","amount":688},{"name":"monkeyfarm","amount":688},{"name":"joehillssays","amount":608},{"name":"Mumbo","amount":512},{"name":"Tinfoilchef","amount":448},{"name":"impulseSV","amount":336},{"name":"Spumwackles","amount":288},{"name":"sl1pg8r","amount":192},{"name":"Biffa2001","amount":160},{"name":"PythonGB","amount":144},{"name":"xBCrafted","amount":128},{"name":"Tango","amount":104},{"name":"zueljin","amount":48},{"name":"iJevin","amount":32},{"name":"ZombieCleo","amount":32},{"name":"Docm77","amount":16},{"name":"skyzm","amount":16}]