[{"name":"falsesymmetry","amount":13},{"name":"impulseSV","amount":10},{"name":"Xisuma","amount":6},{"name":"Tinfoilchef","amount":6},{"name":"Tango","amount":4},{"name":"topmass","amount":3},{"name":"Mumbo","amount":3},{"name":"hypnotizd","amount":3},{"name":"monkeyfarm","amount":3},{"name":"sl1pg8r","amount":2},{"name":"Biffa2001","amount":2},{"name":"PythonGB","amount":1},{"name":"zueljin","amount":1},{"name":"xBCrafted","amount":1},{"name":"Etho","amount":1},{"name":"Mrs_Keralis","amount":1},{"name":"Spumwackles","amount":1}]