[{"name":"Xisuma","amount":830},{"name":"Mumbo","amount":785},{"name":"impulseSV","amount":517},{"name":"Tango","amount":514},{"name":"xBCrafted","amount":182},{"name":"zueljin","amount":140},{"name":"sl1pg8r","amount":132},{"name":"Etho","amount":105},{"name":"falsesymmetry","amount":101},{"name":"hypnotizd","amount":87},{"name":"Biffa2001","amount":67},{"name":"Docm77","amount":36},{"name":"Tinfoilchef","amount":35},{"name":"KingDaddyDMAC","amount":30},{"name":"monkeyfarm","amount":23},{"name":"topmass","amount":21},{"name":"iJevin","amount":18},{"name":"PythonGB","amount":1}]