[{"name":"Xisuma","amount":13},{"name":"falsesymmetry","amount":12},{"name":"xBCrafted","amount":10},{"name":"Mumbo","amount":10},{"name":"Tinfoilchef","amount":8},{"name":"zueljin","amount":7},{"name":"iJevin","amount":6},{"name":"Tango","amount":6},{"name":"ZombieCleo","amount":4},{"name":"Spumwackles","amount":4},{"name":"impulseSV","amount":4},{"name":"topmass","amount":3},{"name":"Biffa2001","amount":3},{"name":"Etho","amount":3},{"name":"monkeyfarm","amount":3},{"name":"sl1pg8r","amount":2},{"name":"PythonGB","amount":2},{"name":"KingDaddyDMAC","amount":2},{"name":"hypnotizd","amount":2},{"name":"Docm77","amount":1},{"name":"skyzm","amount":1}]