[{"name":"xBCrafted","amount":67046},{"name":"Xisuma","amount":66082},{"name":"falsesymmetry","amount":58952},{"name":"hypnotizd","amount":29777},{"name":"Tango","amount":21091},{"name":"impulseSV","amount":15631},{"name":"ZombieCleo","amount":14724},{"name":"Biffa2001","amount":14658},{"name":"Mumbo","amount":12977},{"name":"sl1pg8r","amount":11491},{"name":"Tinfoilchef","amount":7554},{"name":"KingDaddyDMAC","amount":6759},{"name":"monkeyfarm","amount":6427},{"name":"Spumwackles","amount":4775},{"name":"zueljin","amount":2813},{"name":"skyzm","amount":1931},{"name":"topmass","amount":1673},{"name":"Docm77","amount":1540},{"name":"NameOfSamuel","amount":1095},{"name":"PythonGB","amount":812},{"name":"joehillssays","amount":553},{"name":"iJevin","amount":444},{"name":"Etho","amount":61}]