[{"name":"falsesymmetry","amount":63},{"name":"Xisuma","amount":49},{"name":"zueljin","amount":15},{"name":"xBCrafted","amount":14},{"name":"PythonGB","amount":12},{"name":"Tinfoilchef","amount":12},{"name":"Tango","amount":11},{"name":"sl1pg8r","amount":10},{"name":"Mumbo","amount":10},{"name":"ZombieCleo","amount":9},{"name":"xisumavoid","amount":6},{"name":"Biffa2001","amount":5},{"name":"Etho","amount":5},{"name":"Spumwackles","amount":4},{"name":"monkeyfarm","amount":2},{"name":"Docm77","amount":1},{"name":"iJevin","amount":1},{"name":"KingDaddyDMAC","amount":1},{"name":"impulseSV","amount":1}]