[{"name":"Tinfoilchef","amount":1009},{"name":"Xisuma","amount":956},{"name":"falsesymmetry","amount":776},{"name":"zueljin","amount":658},{"name":"KingDaddyDMAC","amount":328},{"name":"Tango","amount":321},{"name":"topmass","amount":310},{"name":"xBCrafted","amount":300},{"name":"Spumwackles","amount":291},{"name":"PythonGB","amount":258},{"name":"iJevin","amount":229},{"name":"Mumbo","amount":207},{"name":"sl1pg8r","amount":205},{"name":"Biffa2001","amount":202},{"name":"impulseSV","amount":135},{"name":"hypnotizd","amount":93},{"name":"monkeyfarm","amount":71},{"name":"Docm77","amount":60},{"name":"joehillssays","amount":4},{"name":"ZombieCleo","amount":2}]