[{"name":"Xisuma","amount":386},{"name":"Tango","amount":158},{"name":"falsesymmetry","amount":111},{"name":"Mumbo","amount":89},{"name":"xBCrafted","amount":77},{"name":"impulseSV","amount":63},{"name":"iJevin","amount":56},{"name":"monkeyfarm","amount":20},{"name":"topmass","amount":19},{"name":"hypnotizd","amount":15},{"name":"Etho","amount":13},{"name":"ZombieCleo","amount":12},{"name":"zueljin","amount":9},{"name":"Tinfoilchef","amount":5},{"name":"Docm77","amount":4},{"name":"Biffa2001","amount":4}]