[{"name":"Xisuma","amount":38},{"name":"falsesymmetry","amount":34},{"name":"impulseSV","amount":26},{"name":"xBCrafted","amount":23},{"name":"Biffa2001","amount":22},{"name":"Tango","amount":19},{"name":"KingDaddyDMAC","amount":15},{"name":"sl1pg8r","amount":12},{"name":"truesymmetry","amount":12},{"name":"zueljin","amount":9},{"name":"Mumbo","amount":9},{"name":"PythonGB","amount":5},{"name":"topmass","amount":4},{"name":"hypnotizd","amount":4},{"name":"xisumavoid","amount":2},{"name":"Docm77","amount":1},{"name":"Tinfoilchef","amount":1},{"name":"Mrs_Keralis","amount":1},{"name":"monkeyfarm","amount":1},{"name":"Spumwackles","amount":1},{"name":"Keralis1","amount":1}]