[{"name":"joehillssays","amount":78},{"name":"falsesymmetry","amount":51},{"name":"Spumwackles","amount":48},{"name":"KingDaddyDMAC","amount":47},{"name":"zueljin","amount":46},{"name":"Tango","amount":33},{"name":"PythonGB","amount":27},{"name":"Tinfoilchef","amount":24},{"name":"iJevin","amount":23},{"name":"skyzm","amount":19},{"name":"Biffa2001","amount":18},{"name":"impulseSV","amount":15},{"name":"topmass","amount":14},{"name":"ZombieCleo","amount":13},{"name":"Pungence","amount":10},{"name":"sl1pg8r","amount":9},{"name":"Xisuma","amount":9},{"name":"monkeyfarm","amount":9},{"name":"xBCrafted","amount":8},{"name":"Docm77","amount":7},{"name":"hypnotizd","amount":4},{"name":"Keralis1","amount":4},{"name":"NameOfSamuel","amount":4},{"name":"Collen","amount":4},{"name":"Etho","amount":3},{"name":"Mumbo","amount":1},{"name":"Mrs_Keralis","amount":1}]