[{"name":"falsesymmetry","amount":26},{"name":"Tango","amount":17},{"name":"Xisuma","amount":8},{"name":"sl1pg8r","amount":3},{"name":"topmass","amount":3},{"name":"zueljin","amount":3},{"name":"ZombieCleo","amount":3},{"name":"impulseSV","amount":3},{"name":"joehillssays","amount":2},{"name":"Etho","amount":2},{"name":"hypnotizd","amount":2},{"name":"Keralis1","amount":2},{"name":"Collen","amount":2},{"name":"skyzm","amount":1},{"name":"KingDaddyDMAC","amount":1},{"name":"xBCrafted","amount":1},{"name":"Pungence","amount":1},{"name":"Biffa2001","amount":1},{"name":"Tinfoilchef","amount":1},{"name":"monkeyfarm","amount":1},{"name":"Spumwackles","amount":1},{"name":"NameOfSamuel","amount":1}]