[{"name":"Xisuma","amount":108},{"name":"Mumbo","amount":34},{"name":"impulseSV","amount":22},{"name":"xBCrafted","amount":13},{"name":"Tinfoilchef","amount":13},{"name":"falsesymmetry","amount":12},{"name":"Biffa2001","amount":12},{"name":"KingDaddyDMAC","amount":10},{"name":"zueljin","amount":8},{"name":"Tango","amount":8},{"name":"monkeyfarm","amount":7},{"name":"Spumwackles","amount":7},{"name":"ZombieCleo","amount":4},{"name":"PythonGB","amount":3},{"name":"hypnotizd","amount":3},{"name":"sl1pg8r","amount":2},{"name":"topmass","amount":1}]