[{"name":"falsesymmetry","amount":21173775},{"name":"Xisuma","amount":18775027},{"name":"xBCrafted","amount":17331977},{"name":"Tango","amount":9279488},{"name":"impulseSV","amount":8696843},{"name":"zueljin","amount":8165222},{"name":"ZombieCleo","amount":5648644},{"name":"sl1pg8r","amount":4234016},{"name":"hypnotizd","amount":4145057},{"name":"topmass","amount":3872953},{"name":"monkeyfarm","amount":3553905},{"name":"Biffa2001","amount":3310834},{"name":"Mumbo","amount":3072974},{"name":"PythonGB","amount":2584677},{"name":"Spumwackles","amount":1197407},{"name":"Tinfoilchef","amount":1095440},{"name":"skyzm","amount":595750},{"name":"iJevin","amount":590824},{"name":"KingDaddyDMAC","amount":487750},{"name":"Etho","amount":455983},{"name":"joehillssays","amount":409118},{"name":"Docm77","amount":217471},{"name":"Keralis1","amount":81247},{"name":"Collen","amount":73732},{"name":"Mrs_Keralis","amount":61141},{"name":"NameOfSamuel","amount":50733},{"name":"Pungence","amount":38041},{"name":"snipepager","amount":11625},{"name":"xisumavoid","amount":6976},{"name":"truesymmetry","amount":3149},{"name":"WFRTNews","amount":994},{"name":"Biffa001","amount":258},{"name":"HttpsSecure","amount":170}]