[{"name":"falsesymmetry","amount":230},{"name":"Xisuma","amount":140},{"name":"Mumbo","amount":136},{"name":"Tango","amount":128},{"name":"sl1pg8r","amount":73},{"name":"Tinfoilchef","amount":73},{"name":"xBCrafted","amount":69},{"name":"Spumwackles","amount":58},{"name":"Biffa2001","amount":40},{"name":"KingDaddyDMAC","amount":38},{"name":"impulseSV","amount":21},{"name":"Etho","amount":15},{"name":"iJevin","amount":13},{"name":"topmass","amount":11},{"name":"monkeyfarm","amount":11},{"name":"Docm77","amount":7},{"name":"zueljin","amount":6},{"name":"PythonGB","amount":4}]