[{"name":"sl1pg8r","amount":87},{"name":"Xisuma","amount":71},{"name":"falsesymmetry","amount":61},{"name":"monkeyfarm","amount":46},{"name":"Tango","amount":29},{"name":"Tinfoilchef","amount":27},{"name":"Biffa2001","amount":26},{"name":"zueljin","amount":13},{"name":"ZombieCleo","amount":11},{"name":"KingDaddyDMAC","amount":9},{"name":"iJevin","amount":7},{"name":"Etho","amount":7},{"name":"Spumwackles","amount":7},{"name":"topmass","amount":6},{"name":"xBCrafted","amount":4},{"name":"hypnotizd","amount":4},{"name":"Pungence","amount":3},{"name":"Mumbo","amount":2},{"name":"joehillssays","amount":1},{"name":"Collen","amount":1}]