[{"name":"hypnotizd","amount":2221},{"name":"Xisuma","amount":636},{"name":"xBCrafted","amount":566},{"name":"falsesymmetry","amount":342},{"name":"Mumbo","amount":260},{"name":"Tango","amount":166},{"name":"impulseSV","amount":133},{"name":"monkeyfarm","amount":99},{"name":"Tinfoilchef","amount":81},{"name":"Biffa2001","amount":48},{"name":"zueljin","amount":42},{"name":"Spumwackles","amount":37},{"name":"sl1pg8r","amount":36},{"name":"KingDaddyDMAC","amount":29},{"name":"iJevin","amount":28},{"name":"joehillssays","amount":20},{"name":"Etho","amount":17},{"name":"ZombieCleo","amount":15},{"name":"topmass","amount":13},{"name":"Docm77","amount":11},{"name":"PythonGB","amount":10},{"name":"Pungence","amount":2},{"name":"Keralis1","amount":2},{"name":"skyzm","amount":1},{"name":"NameOfSamuel","amount":1},{"name":"Collen","amount":1}]