[{"name":"monkeyfarm","amount":938924},{"name":"falsesymmetry","amount":608125},{"name":"impulseSV","amount":603802},{"name":"Tango","amount":391692},{"name":"zueljin","amount":357160},{"name":"sl1pg8r","amount":277869},{"name":"Spumwackles","amount":259733},{"name":"topmass","amount":231363},{"name":"xBCrafted","amount":221529},{"name":"ZombieCleo","amount":89821},{"name":"Xisuma","amount":79501},{"name":"Biffa2001","amount":19571},{"name":"PythonGB","amount":19501},{"name":"Docm77","amount":14843},{"name":"Mumbo","amount":10215},{"name":"hypnotizd","amount":1526},{"name":"truesymmetry","amount":456}]