[{"name":"xBCrafted","amount":1355},{"name":"impulseSV","amount":1274},{"name":"Xisuma","amount":849},{"name":"falsesymmetry","amount":559},{"name":"Tango","amount":462},{"name":"sl1pg8r","amount":406},{"name":"Mumbo","amount":301},{"name":"Tinfoilchef","amount":286},{"name":"zueljin","amount":249},{"name":"ZombieCleo","amount":168},{"name":"hypnotizd","amount":123},{"name":"monkeyfarm","amount":113},{"name":"Etho","amount":98},{"name":"Biffa2001","amount":96},{"name":"KingDaddyDMAC","amount":47},{"name":"topmass","amount":45},{"name":"PythonGB","amount":33},{"name":"iJevin","amount":5},{"name":"Docm77","amount":4},{"name":"joehillssays","amount":4},{"name":"Keralis1","amount":1}]