[{"name":"falsesymmetry","amount":1509},{"name":"Mumbo","amount":481},{"name":"Xisuma","amount":438},{"name":"xBCrafted","amount":432},{"name":"Tango","amount":423},{"name":"zueljin","amount":267},{"name":"Tinfoilchef","amount":228},{"name":"Biffa2001","amount":225},{"name":"monkeyfarm","amount":174},{"name":"impulseSV","amount":171},{"name":"sl1pg8r","amount":147},{"name":"topmass","amount":135},{"name":"KingDaddyDMAC","amount":87},{"name":"ZombieCleo","amount":66},{"name":"iJevin","amount":48},{"name":"Spumwackles","amount":48},{"name":"joehillssays","amount":30},{"name":"hypnotizd","amount":30},{"name":"PythonGB","amount":24},{"name":"Etho","amount":24},{"name":"Keralis1","amount":15},{"name":"Docm77","amount":12},{"name":"Pungence","amount":6},{"name":"skyzm","amount":3},{"name":"NameOfSamuel","amount":3}]