[{"name":"falsesymmetry","amount":9995},{"name":"xBCrafted","amount":9050},{"name":"Biffa2001","amount":7400},{"name":"sl1pg8r","amount":7217},{"name":"Xisuma","amount":7137},{"name":"topmass","amount":6728},{"name":"Tinfoilchef","amount":5956},{"name":"Tango","amount":5657},{"name":"impulseSV","amount":5514},{"name":"Mumbo","amount":4558},{"name":"hypnotizd","amount":3261},{"name":"Spumwackles","amount":2992},{"name":"ZombieCleo","amount":2829},{"name":"zueljin","amount":2171},{"name":"KingDaddyDMAC","amount":1923},{"name":"PythonGB","amount":1732},{"name":"monkeyfarm","amount":1371},{"name":"iJevin","amount":1264},{"name":"Etho","amount":1021},{"name":"joehillssays","amount":600},{"name":"NameOfSamuel","amount":514},{"name":"skyzm","amount":459},{"name":"Keralis1","amount":347},{"name":"Pungence","amount":317},{"name":"Docm77","amount":232},{"name":"Collen","amount":176},{"name":"Mrs_Keralis","amount":9}]