[{"name":"Xisuma","amount":30},{"name":"Tinfoilchef","amount":11},{"name":"topmass","amount":9},{"name":"sl1pg8r","amount":5},{"name":"xBCrafted","amount":5},{"name":"falsesymmetry","amount":3},{"name":"zueljin","amount":2},{"name":"hypnotizd","amount":2},{"name":"Spumwackles","amount":2},{"name":"iJevin","amount":1},{"name":"joehillssays","amount":1},{"name":"KingDaddyDMAC","amount":1},{"name":"Tango","amount":1},{"name":"Biffa2001","amount":1},{"name":"Mumbo","amount":1},{"name":"monkeyfarm","amount":1},{"name":"Keralis1","amount":1},{"name":"NameOfSamuel","amount":1},{"name":"Collen","amount":1}]