[{"name":"falsesymmetry","amount":1990},{"name":"xBCrafted","amount":1196},{"name":"impulseSV","amount":386},{"name":"Xisuma","amount":294},{"name":"Biffa2001","amount":294},{"name":"Etho","amount":124},{"name":"Tango","amount":90},{"name":"ZombieCleo","amount":80},{"name":"sl1pg8r","amount":76},{"name":"topmass","amount":68},{"name":"zueljin","amount":66},{"name":"monkeyfarm","amount":32},{"name":"KingDaddyDMAC","amount":22},{"name":"Docm77","amount":20},{"name":"iJevin","amount":6},{"name":"Tinfoilchef","amount":6},{"name":"PythonGB","amount":4},{"name":"joehillssays","amount":4},{"name":"Mumbo","amount":4},{"name":"hypnotizd","amount":2}]