[{"name":"Xisuma","amount":737},{"name":"Tango","amount":732},{"name":"impulseSV","amount":142},{"name":"Mumbo","amount":60},{"name":"falsesymmetry","amount":48},{"name":"xBCrafted","amount":40},{"name":"zueljin","amount":28},{"name":"Tinfoilchef","amount":28},{"name":"Biffa2001","amount":20},{"name":"iJevin","amount":18},{"name":"KingDaddyDMAC","amount":12},{"name":"monkeyfarm","amount":10},{"name":"PythonGB","amount":6},{"name":"hypnotizd","amount":6},{"name":"topmass","amount":4},{"name":"Etho","amount":4},{"name":"ZombieCleo","amount":4},{"name":"Spumwackles","amount":4},{"name":"sl1pg8r","amount":2}]