[{"name":"Xisuma","amount":1846},{"name":"Mumbo","amount":1293},{"name":"impulseSV","amount":1059},{"name":"Tango","amount":729},{"name":"falsesymmetry","amount":487},{"name":"xBCrafted","amount":267},{"name":"sl1pg8r","amount":164},{"name":"zueljin","amount":140},{"name":"Tinfoilchef","amount":136},{"name":"hypnotizd","amount":130},{"name":"Etho","amount":100},{"name":"Biffa2001","amount":85},{"name":"KingDaddyDMAC","amount":82},{"name":"Docm77","amount":56},{"name":"iJevin","amount":31},{"name":"monkeyfarm","amount":26},{"name":"topmass","amount":22},{"name":"PythonGB","amount":14},{"name":"ZombieCleo","amount":13}]