[{"name":"Xisuma","amount":1813},{"name":"xBCrafted","amount":588},{"name":"topmass","amount":458},{"name":"falsesymmetry","amount":426},{"name":"sl1pg8r","amount":372},{"name":"impulseSV","amount":356},{"name":"Mumbo","amount":265},{"name":"ZombieCleo","amount":112},{"name":"monkeyfarm","amount":108},{"name":"Tango","amount":106},{"name":"zueljin","amount":102},{"name":"Tinfoilchef","amount":87},{"name":"KingDaddyDMAC","amount":75},{"name":"PythonGB","amount":64},{"name":"iJevin","amount":47},{"name":"joehillssays","amount":44},{"name":"hypnotizd","amount":39},{"name":"Etho","amount":12},{"name":"Biffa2001","amount":10},{"name":"Spumwackles","amount":10},{"name":"Pungence","amount":6},{"name":"Keralis1","amount":6},{"name":"skyzm","amount":3},{"name":"Collen","amount":2}]