[{"name":"Tango","amount":3677},{"name":"falsesymmetry","amount":2268},{"name":"xBCrafted","amount":693},{"name":"Xisuma","amount":661},{"name":"Tinfoilchef","amount":632},{"name":"Spumwackles","amount":543},{"name":"topmass","amount":542},{"name":"sl1pg8r","amount":518},{"name":"impulseSV","amount":345},{"name":"PythonGB","amount":256},{"name":"skyzm","amount":205},{"name":"ZombieCleo","amount":161},{"name":"joehillssays","amount":133},{"name":"NameOfSamuel","amount":132},{"name":"zueljin","amount":114},{"name":"iJevin","amount":101},{"name":"KingDaddyDMAC","amount":99},{"name":"Biffa2001","amount":81},{"name":"Pungence","amount":61},{"name":"monkeyfarm","amount":45},{"name":"Collen","amount":33},{"name":"Mumbo","amount":32}]