[{"name":"falsesymmetry","amount":268},{"name":"xBCrafted","amount":103},{"name":"Xisuma","amount":93},{"name":"zueljin","amount":63},{"name":"Tango","amount":62},{"name":"sl1pg8r","amount":59},{"name":"Tinfoilchef","amount":59},{"name":"Biffa2001","amount":49},{"name":"monkeyfarm","amount":35},{"name":"ZombieCleo","amount":27},{"name":"PythonGB","amount":25},{"name":"Mumbo","amount":20},{"name":"topmass","amount":12},{"name":"iJevin","amount":12},{"name":"impulseSV","amount":11},{"name":"Spumwackles","amount":9},{"name":"skyzm","amount":5},{"name":"Docm77","amount":3},{"name":"Keralis1","amount":3},{"name":"joehillssays","amount":2},{"name":"KingDaddyDMAC","amount":2},{"name":"Mrs_Keralis","amount":2},{"name":"Pungence","amount":1},{"name":"Etho","amount":1},{"name":"hypnotizd","amount":1}]