[{"name":"Tango","amount":537},{"name":"falsesymmetry","amount":532},{"name":"impulseSV","amount":465},{"name":"sl1pg8r","amount":371},{"name":"Mumbo","amount":363},{"name":"xBCrafted","amount":345},{"name":"monkeyfarm","amount":329},{"name":"Xisuma","amount":294},{"name":"Tinfoilchef","amount":234},{"name":"iJevin","amount":184},{"name":"zueljin","amount":107},{"name":"Biffa2001","amount":99},{"name":"Docm77","amount":42},{"name":"Etho","amount":37},{"name":"PythonGB","amount":35},{"name":"ZombieCleo","amount":22},{"name":"topmass","amount":11},{"name":"joehillssays","amount":1}]