[{"name":"Xisuma","amount":1022},{"name":"xBCrafted","amount":648},{"name":"impulseSV","amount":645},{"name":"iJevin","amount":511},{"name":"Tango","amount":504},{"name":"Tinfoilchef","amount":346},{"name":"falsesymmetry","amount":214},{"name":"Docm77","amount":180},{"name":"zueljin","amount":151},{"name":"PythonGB","amount":66},{"name":"Biffa2001","amount":47},{"name":"topmass","amount":10},{"name":"ZombieCleo","amount":10},{"name":"sl1pg8r","amount":7},{"name":"hypnotizd","amount":6},{"name":"Etho","amount":5},{"name":"Spumwackles","amount":4},{"name":"skyzm","amount":3},{"name":"joehillssays","amount":1},{"name":"monkeyfarm","amount":1}]