[{"name":"Xisuma","amount":395},{"name":"topmass","amount":364},{"name":"Tango","amount":321},{"name":"Mumbo","amount":257},{"name":"iJevin","amount":157},{"name":"impulseSV","amount":122},{"name":"Tinfoilchef","amount":78},{"name":"ZombieCleo","amount":76},{"name":"falsesymmetry","amount":66},{"name":"xBCrafted","amount":45},{"name":"Etho","amount":22},{"name":"Docm77","amount":20},{"name":"PythonGB","amount":16},{"name":"hypnotizd","amount":14},{"name":"zueljin","amount":11},{"name":"monkeyfarm","amount":8},{"name":"Biffa2001","amount":3},{"name":"sl1pg8r","amount":2}]