[{"name":"falsesymmetry","amount":61403},{"name":"Xisuma","amount":24955},{"name":"Tango","amount":16281},{"name":"xBCrafted","amount":16162},{"name":"impulseSV","amount":13517},{"name":"Mumbo","amount":10440},{"name":"Tinfoilchef","amount":9973},{"name":"iJevin","amount":8403},{"name":"PythonGB","amount":6542},{"name":"Biffa2001","amount":4907},{"name":"sl1pg8r","amount":4351},{"name":"monkeyfarm","amount":4325},{"name":"ZombieCleo","amount":3265},{"name":"Etho","amount":3027},{"name":"zueljin","amount":2779},{"name":"Docm77","amount":2308},{"name":"joehillssays","amount":1776},{"name":"topmass","amount":1097},{"name":"hypnotizd","amount":159},{"name":"NameOfSamuel","amount":148},{"name":"KingDaddyDMAC","amount":123},{"name":"xisumavoid","amount":36},{"name":"truesymmetry","amount":21},{"name":"Collen","amount":1}]