[{"name":"Mumbo","amount":107},{"name":"Xisuma","amount":104},{"name":"sl1pg8r","amount":79},{"name":"Tango","amount":63},{"name":"monkeyfarm","amount":54},{"name":"falsesymmetry","amount":52},{"name":"xBCrafted","amount":41},{"name":"impulseSV","amount":28},{"name":"iJevin","amount":10},{"name":"ZombieCleo","amount":8},{"name":"zueljin","amount":5},{"name":"Etho","amount":4},{"name":"Biffa2001","amount":3},{"name":"topmass","amount":2},{"name":"Docm77","amount":1},{"name":"KingDaddyDMAC","amount":1},{"name":"Tinfoilchef","amount":1}]