[{"name":"falsesymmetry","amount":630},{"name":"Tango","amount":263},{"name":"Mumbo","amount":259},{"name":"Tinfoilchef","amount":230},{"name":"ZombieCleo","amount":130},{"name":"xBCrafted","amount":124},{"name":"impulseSV","amount":99},{"name":"Xisuma","amount":75},{"name":"monkeyfarm","amount":65},{"name":"zueljin","amount":44},{"name":"sl1pg8r","amount":43},{"name":"KingDaddyDMAC","amount":31},{"name":"Mrs_Keralis","amount":21},{"name":"Etho","amount":14},{"name":"Spumwackles","amount":10},{"name":"topmass","amount":9},{"name":"hypnotizd","amount":8},{"name":"Biffa2001","amount":6},{"name":"NameOfSamuel","amount":5},{"name":"Keralis1","amount":4},{"name":"iJevin","amount":2}]