[{"name":"Xisuma","amount":704},{"name":"topmass","amount":580},{"name":"falsesymmetry","amount":556},{"name":"xBCrafted","amount":464},{"name":"Biffa2001","amount":396},{"name":"Etho","amount":268},{"name":"PythonGB","amount":260},{"name":"Tango","amount":180},{"name":"monkeyfarm","amount":148},{"name":"zueljin","amount":120},{"name":"Mumbo","amount":84},{"name":"hypnotizd","amount":84},{"name":"ZombieCleo","amount":80},{"name":"sl1pg8r","amount":44},{"name":"Tinfoilchef","amount":20},{"name":"NameOfSamuel","amount":20},{"name":"Spumwackles","amount":16},{"name":"impulseSV","amount":16},{"name":"iJevin","amount":4}]