[{"name":"xBCrafted","amount":17468},{"name":"hypnotizd","amount":8662},{"name":"falsesymmetry","amount":7521},{"name":"Xisuma","amount":6390},{"name":"Mumbo","amount":4100},{"name":"Tango","amount":3883},{"name":"impulseSV","amount":3226},{"name":"Tinfoilchef","amount":3163},{"name":"Spumwackles","amount":2570},{"name":"iJevin","amount":1996},{"name":"topmass","amount":1943},{"name":"sl1pg8r","amount":1918},{"name":"monkeyfarm","amount":1701},{"name":"Etho","amount":1685},{"name":"KingDaddyDMAC","amount":1668},{"name":"Biffa2001","amount":1401},{"name":"zueljin","amount":1042},{"name":"PythonGB","amount":945},{"name":"ZombieCleo","amount":651},{"name":"Docm77","amount":199},{"name":"joehillssays","amount":182},{"name":"skyzm","amount":173},{"name":"Pungence","amount":75},{"name":"Collen","amount":28},{"name":"NameOfSamuel","amount":17},{"name":"Keralis1","amount":11}]