[{"name":"xBCrafted","amount":16536},{"name":"falsesymmetry","amount":15376},{"name":"Xisuma","amount":10108},{"name":"Tinfoilchef","amount":7068},{"name":"Tango","amount":6857},{"name":"topmass","amount":6824},{"name":"monkeyfarm","amount":6443},{"name":"Biffa2001","amount":4872},{"name":"sl1pg8r","amount":4316},{"name":"impulseSV","amount":4020},{"name":"KingDaddyDMAC","amount":3896},{"name":"zueljin","amount":3436},{"name":"Mumbo","amount":3232},{"name":"hypnotizd","amount":1932},{"name":"Spumwackles","amount":1710},{"name":"iJevin","amount":1700},{"name":"PythonGB","amount":1608},{"name":"ZombieCleo","amount":1448},{"name":"Etho","amount":1148},{"name":"skyzm","amount":944},{"name":"joehillssays","amount":836},{"name":"Pungence","amount":536},{"name":"Docm77","amount":508},{"name":"Keralis1","amount":292},{"name":"Mrs_Keralis","amount":204},{"name":"NameOfSamuel","amount":204},{"name":"Collen","amount":200}]