[{"name":"falsesymmetry","amount":2710},{"name":"zueljin","amount":1075},{"name":"joehillssays","amount":911},{"name":"PythonGB","amount":732},{"name":"ZombieCleo","amount":700},{"name":"monkeyfarm","amount":638},{"name":"Tango","amount":630},{"name":"Etho","amount":541},{"name":"xBCrafted","amount":513},{"name":"Xisuma","amount":460},{"name":"Tinfoilchef","amount":391},{"name":"iJevin","amount":307},{"name":"impulseSV","amount":301},{"name":"sl1pg8r","amount":241},{"name":"Biffa2001","amount":179},{"name":"Mumbo","amount":128},{"name":"Docm77","amount":96},{"name":"NameOfSamuel","amount":82},{"name":"topmass","amount":64},{"name":"KingDaddyDMAC","amount":8}]