[{"name":"Tango","amount":11041},{"name":"Xisuma","amount":10164},{"name":"falsesymmetry","amount":6621},{"name":"impulseSV","amount":5250},{"name":"Tinfoilchef","amount":3912},{"name":"zueljin","amount":3864},{"name":"xBCrafted","amount":1599},{"name":"iJevin","amount":1491},{"name":"topmass","amount":1203},{"name":"KingDaddyDMAC","amount":984},{"name":"Spumwackles","amount":874},{"name":"Mumbo","amount":790},{"name":"PythonGB","amount":768},{"name":"monkeyfarm","amount":700},{"name":"sl1pg8r","amount":615},{"name":"Biffa2001","amount":606},{"name":"Docm77","amount":384},{"name":"hypnotizd","amount":327},{"name":"ZombieCleo","amount":153},{"name":"joehillssays","amount":12}]