[{"name":"falsesymmetry","amount":1428},{"name":"Xisuma","amount":1134},{"name":"xBCrafted","amount":696},{"name":"monkeyfarm","amount":594},{"name":"impulseSV","amount":438},{"name":"Spumwackles","amount":402},{"name":"Mumbo","amount":364},{"name":"Tango","amount":345},{"name":"topmass","amount":252},{"name":"zueljin","amount":210},{"name":"ZombieCleo","amount":204},{"name":"Etho","amount":180},{"name":"PythonGB","amount":126},{"name":"KingDaddyDMAC","amount":120},{"name":"skyzm","amount":66},{"name":"hypnotizd","amount":60},{"name":"joehillssays","amount":54}]