[{"name":"falsesymmetry","amount":22471},{"name":"impulseSV","amount":16799},{"name":"xBCrafted","amount":14859},{"name":"Xisuma","amount":10433},{"name":"Mumbo","amount":8736},{"name":"Tango","amount":8057},{"name":"Biffa2001","amount":3600},{"name":"ZombieCleo","amount":3378},{"name":"topmass","amount":2769},{"name":"PythonGB","amount":1698},{"name":"Docm77","amount":1508},{"name":"monkeyfarm","amount":1356},{"name":"zueljin","amount":1077},{"name":"joehillssays","amount":991},{"name":"sl1pg8r","amount":400},{"name":"KingDaddyDMAC","amount":270},{"name":"Tinfoilchef","amount":146},{"name":"Spumwackles","amount":13},{"name":"hypnotizd","amount":12},{"name":"iJevin","amount":6},{"name":"Etho","amount":3},{"name":"Keralis1","amount":1}]