[{"name":"sl1pg8r","amount":121},{"name":"impulseSV","amount":95},{"name":"Xisuma","amount":78},{"name":"falsesymmetry","amount":76},{"name":"Tango","amount":58},{"name":"Tinfoilchef","amount":40},{"name":"xBCrafted","amount":37},{"name":"zueljin","amount":30},{"name":"monkeyfarm","amount":28},{"name":"hypnotizd","amount":21},{"name":"Mumbo","amount":19},{"name":"Pungence","amount":18},{"name":"ZombieCleo","amount":16},{"name":"Biffa2001","amount":9},{"name":"iJevin","amount":8},{"name":"KingDaddyDMAC","amount":6},{"name":"Etho","amount":6},{"name":"topmass","amount":4},{"name":"Spumwackles","amount":3},{"name":"PythonGB","amount":1},{"name":"Collen","amount":1}]