[{"name":"Mumbo","amount":11276},{"name":"Xisuma","amount":5698},{"name":"impulseSV","amount":135},{"name":"Tango","amount":131},{"name":"Biffa2001","amount":96},{"name":"zueljin","amount":87},{"name":"falsesymmetry","amount":82},{"name":"sl1pg8r","amount":73},{"name":"xBCrafted","amount":70},{"name":"Tinfoilchef","amount":67},{"name":"ZombieCleo","amount":37},{"name":"Spumwackles","amount":37},{"name":"Etho","amount":24},{"name":"Docm77","amount":17},{"name":"PythonGB","amount":14},{"name":"KingDaddyDMAC","amount":14},{"name":"topmass","amount":11},{"name":"monkeyfarm","amount":11},{"name":"joehillssays","amount":9},{"name":"hypnotizd","amount":8},{"name":"Mrs_Keralis","amount":6},{"name":"skyzm","amount":5},{"name":"truesymmetry","amount":4},{"name":"Keralis1","amount":4},{"name":"iJevin","amount":1},{"name":"xisumavoid","amount":1},{"name":"Collen","amount":1}]