[{"name":"Mumbo","amount":190},{"name":"Xisuma","amount":144},{"name":"xBCrafted","amount":126},{"name":"Tango","amount":107},{"name":"hypnotizd","amount":92},{"name":"iJevin","amount":62},{"name":"falsesymmetry","amount":42},{"name":"zueljin","amount":28},{"name":"Biffa2001","amount":18},{"name":"impulseSV","amount":15},{"name":"KingDaddyDMAC","amount":12},{"name":"monkeyfarm","amount":9},{"name":"topmass","amount":6},{"name":"sl1pg8r","amount":5},{"name":"PythonGB","amount":2},{"name":"Tinfoilchef","amount":1}]