[{"name":"falsesymmetry","amount":233151562},{"name":"Xisuma","amount":177040263},{"name":"xBCrafted","amount":162643253},{"name":"Tango","amount":91881792},{"name":"impulseSV","amount":87782647},{"name":"Mumbo","amount":66117274},{"name":"sl1pg8r","amount":53350967},{"name":"zueljin","amount":48227899},{"name":"Biffa2001","amount":34002223},{"name":"ZombieCleo","amount":30189839},{"name":"topmass","amount":27674944},{"name":"iJevin","amount":27309708},{"name":"monkeyfarm","amount":23994354},{"name":"hypnotizd","amount":23504088},{"name":"PythonGB","amount":22486381},{"name":"KingDaddyDMAC","amount":20009857},{"name":"Tinfoilchef","amount":18700258},{"name":"Etho","amount":14647179},{"name":"Spumwackles","amount":13595989},{"name":"joehillssays","amount":9186604},{"name":"Docm77","amount":8117044},{"name":"skyzm","amount":3263080},{"name":"Keralis1","amount":2483073},{"name":"Pungence","amount":1559377},{"name":"NameOfSamuel","amount":1282321},{"name":"Collen","amount":175183},{"name":"Mrs_Keralis","amount":105974},{"name":"truesymmetry","amount":77727},{"name":"xisumavoid","amount":38978},{"name":"D_A_I_N_A","amount":24487},{"name":"snipepager","amount":17035},{"name":"Biffa001","amount":5109},{"name":"MumboJumbo","amount":3720},{"name":"xBCam","amount":287}]