[{"name":"falsesymmetry","amount":76},{"name":"Tango","amount":20},{"name":"xBCrafted","amount":16},{"name":"Xisuma","amount":14},{"name":"monkeyfarm","amount":14},{"name":"Mumbo","amount":13},{"name":"Biffa2001","amount":12},{"name":"sl1pg8r","amount":11},{"name":"ZombieCleo","amount":11},{"name":"joehillssays","amount":9},{"name":"Tinfoilchef","amount":9},{"name":"KingDaddyDMAC","amount":6},{"name":"zueljin","amount":6},{"name":"hypnotizd","amount":6},{"name":"topmass","amount":5},{"name":"impulseSV","amount":4},{"name":"Spumwackles","amount":3},{"name":"PythonGB","amount":2},{"name":"iJevin","amount":2},{"name":"Etho","amount":2},{"name":"Keralis1","amount":2},{"name":"Docm77","amount":1},{"name":"skyzm","amount":1},{"name":"Pungence","amount":1},{"name":"NameOfSamuel","amount":1},{"name":"Collen","amount":1}]