{"stats":{"minecraft:killed_by":{"minecraft:magma_cube":4,"minecraft:zombie":2,"minecraft:skeleton":13,"minecraft:stray":1,"minecraft:creeper":16,"minecraft:player":9,"minecraft:spider":1,"minecraft:hoglin":1},"minecraft:broken":{"minecraft:shears":13,"minecraft:diamond_shovel":1,"minecraft:diamond_pickaxe":4,"minecraft:leather_helmet":1,"minecraft:stone_pickaxe":2,"minecraft:stone_axe":1,"minecraft:golden_boots":1,"minecraft:golden_helmet":1,"minecraft:golden_leggings":1,"minecraft:chainmail_chestplate":1,"minecraft:golden_chestplate":1,"minecraft:flint_and_steel":25,"minecraft:leather_chestplate":1},"minecraft:custom":{"minecraft:interact_with_crafting_table":2525,"minecraft:damage_blocked_by_shield":735,"minecraft:play_time":77789956,"minecraft:deaths":75,"minecraft:jump":261804,"minecraft:play_record":5,"minecraft:interact_with_cartography_table":11,"minecraft:inspect_dispenser":491,"minecraft:horse_one_cm":1187870,"minecraft:inspect_dropper":567,"minecraft:interact_with_anvil":198,"minecraft:inspect_hopper":1985,"minecraft:tune_noteblock":823,"minecraft:time_since_rest":1940,"minecraft:swim_one_cm":10674665,"minecraft:open_chest":15910,"minecraft:open_shulker_box":20226,"minecraft:damage_resisted":9049,"minecraft:play_noteblock":25,"minecraft:talked_to_villager":79,"minecraft:interact_with_brewingstand":247,"minecraft:interact_with_beacon":28,"minecraft:fill_cauldron":5,"minecraft:interact_with_campfire":7,"minecraft:boat_one_cm":12388809,"minecraft:damage_taken":2051122,"minecraft:aviate_one_cm":508588703,"minecraft:open_barrel":901,"minecraft:leave_game":1244,"minecraft:time_since_death":1727,"minecraft:enchant_item":226,"minecraft:interact_with_furnace":1219,"minecraft:traded_with_villager":24,"minecraft:sleep_in_bed":912,"minecraft:damage_dealt":1536100,"minecraft:use_cauldron":10,"minecraft:interact_with_smithing_table":6,"minecraft:sneak_time":4522199,"minecraft:interact_with_lectern":29,"minecraft:interact_with_blast_furnace":5,"minecraft:total_world_time":77789956,"minecraft:interact_with_stonecutter":924,"minecraft:fly_one_cm":47320230,"minecraft:fall_one_cm":9210053,"minecraft:animals_bred":645,"minecraft:sprint_one_cm":80587118,"minecraft:drop":5853,"minecraft:walk_on_water_one_cm":6909948,"minecraft:open_enderchest":1832,"minecraft:player_kills":11,"minecraft:crouch_one_cm":16570605,"minecraft:mob_kills":965266,"minecraft:climb_one_cm":5899139,"minecraft:walk_one_cm":102605207,"minecraft:walk_under_water_one_cm":13083924,"minecraft:pot_flower":1,"minecraft:interact_with_grindstone":149,"minecraft:damage_absorbed":10,"minecraft:trigger_trapped_chest":14,"minecraft:minecart_one_cm":84910},"minecraft:mined":{"minecraft:dragon_wall_head":4,"minecraft:blackstone_stairs":19,"minecraft:red_shulker_box":447,"minecraft:white_bed":31,"minecraft:pink_bed":1,"minecraft:weathered_cut_copper_slab":20,"minecraft:fire_coral_wall_fan":123,"minecraft:granite":8921,"minecraft:acacia_log":85,"minecraft:deepslate_tile_wall":59,"minecraft:exposed_cut_copper_stairs":1,"minecraft:nether_wart":721,"minecraft:spawner":1,"minecraft:chorus_flower":1,"minecraft:polished_blackstone_bricks":1,"minecraft:magma_block":959,"minecraft:dark_oak_trapdoor":11,"minecraft:cobbled_deepslate":2330,"minecraft:fire":643,"minecraft:barrel":6,"minecraft:deepslate_lapis_ore":50,"minecraft:twisting_vines":50,"minecraft:spruce_pressure_plate":1,"minecraft:light_gray_concrete":4,"minecraft:white_shulker_box":246,"minecraft:waxed_exposed_copper":16,"minecraft:white_banner":2,"minecraft:player_head":16,"minecraft:tripwire":2,"minecraft:kelp_plant":326,"minecraft:crimson_nylium":1,"minecraft:deepslate_brick_wall":38,"minecraft:deepslate_tile_slab":968,"minecraft:torch":436,"minecraft:note_block":6,"minecraft:melon":4,"minecraft:oxidized_copper":6436,"minecraft:dead_bush":13,"minecraft:white_stained_glass_pane":10,"minecraft:spruce_wall_sign":1,"minecraft:smooth_quartz_slab":3,"minecraft:tube_coral_fan":8,"minecraft:lime_shulker_box":242,"minecraft:sugar_cane":1139,"minecraft:amethyst_block":1003,"minecraft:birch_sapling":5,"minecraft:chain":69,"minecraft:repeater":319,"minecraft:tinted_glass":87,"minecraft:jukebox":1,"minecraft:wither_rose":13,"minecraft:grass":777,"minecraft:smooth_basalt":883,"minecraft:deepslate":33070,"minecraft:deepslate_tiles":1025,"minecraft:dark_prismarine":7,"minecraft:mossy_cobblestone":236,"minecraft:dark_oak_log":304,"minecraft:sea_lantern":84,"minecraft:end_stone":373,"minecraft:birch_fence_gate":5,"minecraft:dark_oak_fence":14,"minecraft:spruce_fence":45,"minecraft:acacia_button":19,"minecraft:redstone_wire":877,"minecraft:cartography_table":4,"minecraft:red_mushroom":2,"minecraft:white_concrete_powder":319,"minecraft:waxed_weathered_copper":2,"minecraft:horn_coral":4,"minecraft:redstone_ore":822,"minecraft:acacia_trapdoor":65,"minecraft:andesite":10511,"minecraft:mossy_stone_brick_stairs":3,"minecraft:cobblestone_slab":14,"minecraft:vine":47,"minecraft:rail":210,"minecraft:brain_coral_wall_fan":7,"minecraft:bone_block":94,"minecraft:fire_coral_block":6,"minecraft:ender_chest":178,"minecraft:birch_stairs":2,"minecraft:oak_slab":6,"minecraft:redstone_block":1184,"minecraft:soul_sand":730,"minecraft:polished_blackstone_brick_wall":4,"minecraft:dandelion":5,"minecraft:fire_coral":9,"minecraft:warped_roots":1,"minecraft:campfire":2,"minecraft:copper_ore":1164,"minecraft:lightning_rod":69,"minecraft:brain_coral_fan":8,"minecraft:tall_grass":55,"minecraft:purpur_pillar":20,"minecraft:deepslate_gold_ore":52,"minecraft:diorite":11319,"minecraft:warped_wart_block":4,"minecraft:black_stained_glass":1171,"minecraft:red_terracotta":20,"minecraft:cut_copper_slab":7,"minecraft:coarse_dirt":82,"minecraft:cobblestone_wall":79,"minecraft:dark_oak_wall_sign":2,"minecraft:dark_prismarine_slab":10,"minecraft:gravel":6558,"minecraft:cobweb":109,"minecraft:birch_sign":3,"minecraft:polished_blackstone":182,"minecraft:stone_bricks":66,"minecraft:gold_ore":157,"minecraft:chipped_anvil":10,"minecraft:waxed_exposed_cut_copper":2,"minecraft:iron_trapdoor":17,"minecraft:fern":2,"minecraft:stone_pressure_plate":1,"minecraft:prismarine_wall":1,"minecraft:farmland":52,"minecraft:andesite_stairs":24,"minecraft:brewing_stand":3,"minecraft:spruce_trapdoor":34,"minecraft:budding_amethyst":33,"minecraft:white_concrete":1747,"minecraft:bubble_coral_fan":2,"minecraft:polished_diorite":5,"minecraft:polished_blackstone_brick_slab":1,"minecraft:composter":24,"minecraft:polished_blackstone_pressure_plate":5,"minecraft:mossy_cobblestone_slab":17,"minecraft:turtle_egg":62,"minecraft:dragon_head":2,"minecraft:pointed_dripstone":53,"minecraft:flowering_azalea_leaves":4,"minecraft:iron_bars":44,"minecraft:azalea":20,"minecraft:spruce_slab":21,"minecraft:deepslate_redstone_ore":446,"minecraft:polished_blackstone_wall":20,"minecraft:exposed_copper":27,"minecraft:medium_amethyst_bud":59,"minecraft:purpur_stairs":16,"minecraft:beacon":16,"minecraft:wither_skeleton_wall_skull":3,"minecraft:nether_quartz_ore":1118,"minecraft:oak_planks":203,"minecraft:wall_torch":238,"minecraft:cauldron":1,"minecraft:light_blue_terracotta":1,"minecraft:stone_stairs":9,"minecraft:fire_coral_fan":55,"minecraft:powered_rail":1392,"minecraft:dark_oak_slab":22,"minecraft:warped_planks":162,"minecraft:blue_ice":2,"minecraft:exposed_cut_copper_slab":17,"minecraft:tnt":7,"minecraft:smooth_stone_slab":157,"minecraft:oak_log":290,"minecraft:dirt":13191,"minecraft:dispenser":67,"minecraft:ancient_debris":11,"minecraft:quartz_stairs":2,"minecraft:dark_oak_leaves":40,"minecraft:red_stained_glass":14,"minecraft:glow_lichen":710,"minecraft:lever":26,"minecraft:ladder":92,"minecraft:tube_coral_wall_fan":14,"minecraft:stone_button":91,"minecraft:weathered_copper":25,"minecraft:brown_mushroom_block":135,"minecraft:soul_campfire":1,"minecraft:birch_slab":9,"minecraft:spruce_leaves":26,"minecraft:crimson_stem":18,"minecraft:hay_block":18,"minecraft:heavy_weighted_pressure_plate":1,"minecraft:polished_basalt":21,"minecraft:detector_rail":1,"minecraft:peony":1,"minecraft:gold_block":1,"minecraft:nether_brick_fence":3,"minecraft:deepslate_iron_ore":271,"minecraft:shroomlight":4,"minecraft:oxidized_cut_copper_slab":446,"minecraft:stripped_oak_log":30,"minecraft:wet_sponge":366,"minecraft:jungle_fence_gate":2,"minecraft:acacia_leaves":16,"minecraft:scaffolding":4907,"minecraft:magenta_stained_glass":26,"minecraft:snow_block":203,"minecraft:basalt":23297,"minecraft:oak_fence":122,"minecraft:honey_block":18,"minecraft:gray_stained_glass":259,"minecraft:stone_slab":717,"minecraft:deepslate_coal_ore":917,"minecraft:red_concrete":90,"minecraft:polished_blackstone_brick_stairs":4,"minecraft:birch_planks":132,"minecraft:bubble_coral":4,"minecraft:sea_pickle":8,"minecraft:polished_blackstone_slab":61,"minecraft:ice":10358,"minecraft:white_wall_banner":4,"minecraft:black_wool":13,"minecraft:flower_pot":1,"minecraft:yellow_concrete":18,"minecraft:cracked_stone_bricks":8,"minecraft:mossy_stone_bricks":9,"minecraft:dark_oak_planks":17,"minecraft:dark_prismarine_stairs":4,"minecraft:stripped_warped_stem":14,"minecraft:obsidian":2363,"minecraft:carved_pumpkin":119,"minecraft:chiseled_polished_blackstone":7,"minecraft:stone_brick_wall":2,"minecraft:jungle_log":3,"minecraft:horn_coral_fan":2,"minecraft:pink_stained_glass":7,"minecraft:deepslate_bricks":371,"minecraft:purpur_slab":2,"minecraft:deepslate_tile_stairs":244,"minecraft:bubble_coral_block":20,"minecraft:hopper":215,"minecraft:tube_coral_block":130,"minecraft:crimson_fungus":2,"minecraft:oxeye_daisy":10,"minecraft:light_blue_stained_glass":159,"minecraft:tall_seagrass":142,"minecraft:sticky_piston":118,"minecraft:dead_fire_coral_wall_fan":1,"minecraft:moss_carpet":70,"minecraft:pumpkin":35,"minecraft:stripped_dark_oak_wood":1,"minecraft:cave_vines":27,"minecraft:polished_deepslate_slab":534,"minecraft:dirt_path":199,"minecraft:small_amethyst_bud":59,"minecraft:oak_stairs":8,"minecraft:quartz_slab":1,"minecraft:deepslate_brick_stairs":92,"minecraft:smooth_sandstone_stairs":6,"minecraft:iron_block":1645,"minecraft:piston_head":5,"minecraft:soul_wall_torch":2,"minecraft:brown_mushroom":1,"minecraft:red_bed":11,"minecraft:player_wall_head":10,"minecraft:soul_fire":3,"minecraft:amethyst_cluster":717,"minecraft:oxidized_cut_copper_stairs":416,"minecraft:blast_furnace":1,"minecraft:glass":377,"minecraft:cyan_bed":6,"minecraft:damaged_anvil":4,"minecraft:black_concrete_powder":1,"minecraft:wheat":1849,"minecraft:lilac":6,"minecraft:lime_concrete":1,"minecraft:black_bed":60,"minecraft:stone_brick_stairs":7,"minecraft:copper_block":217,"minecraft:oak_fence_gate":3,"minecraft:blue_shulker_box":19,"minecraft:red_mushroom_block":6,"minecraft:stonecutter":70,"minecraft:piston":132,"minecraft:pink_shulker_box":59,"minecraft:stripped_birch_log":3,"minecraft:shulker_box":1220,"minecraft:cobbled_deepslate_slab":302,"minecraft:jungle_planks":41,"minecraft:crimson_roots":2,"minecraft:orange_shulker_box":1,"minecraft:moss_block":866,"minecraft:kelp":407,"minecraft:horn_coral_wall_fan":14,"minecraft:black_stained_glass_pane":18,"minecraft:polished_blackstone_button":8,"minecraft:snow":22,"minecraft:diamond_block":60,"minecraft:warped_stem":393,"minecraft:bamboo":31,"minecraft:warped_trapdoor":17,"minecraft:white_wool":5,"minecraft:brain_coral":2,"minecraft:gray_concrete":1,"minecraft:hanging_roots":12,"minecraft:comparator":40,"minecraft:stone_brick_slab":6,"minecraft:observer":160,"minecraft:cobbled_deepslate_wall":75,"minecraft:light_gray_concrete_powder":40,"minecraft:spruce_button":3,"minecraft:sponge":24,"minecraft:dropper":37,"minecraft:cracked_deepslate_bricks":5,"minecraft:purple_bed":6,"minecraft:purple_stained_glass":28,"minecraft:spruce_log":97,"minecraft:birch_leaves":726,"minecraft:jungle_fence":54,"minecraft:mycelium":38,"minecraft:dark_oak_sign":1,"minecraft:dripstone_block":59,"minecraft:acacia_planks":300,"minecraft:spruce_fence_gate":33,"minecraft:black_shulker_box":109,"minecraft:large_amethyst_bud":47,"minecraft:spruce_planks":310,"minecraft:cobbled_deepslate_stairs":48,"minecraft:jungle_slab":174,"minecraft:cobblestone_stairs":3,"minecraft:potted_cactus":2,"minecraft:cave_vines_plant":2,"minecraft:dead_tube_coral_block":130,"minecraft:grass_block":7982,"minecraft:purple_stained_glass_pane":4,"minecraft:soul_soil":929,"minecraft:stripped_warped_hyphae":12,"minecraft:smooth_stone":5,"minecraft:glowstone":570,"minecraft:iron_ore":1820,"minecraft:target":3,"minecraft:black_carpet":90,"minecraft:anvil":10,"minecraft:azure_bluet":2,"minecraft:dark_oak_stairs":2,"minecraft:warped_button":37,"minecraft:birch_wall_sign":25,"minecraft:azalea_leaves":6,"minecraft:end_stone_bricks":2,"minecraft:brain_coral_block":347,"minecraft:cyan_terracotta":23,"minecraft:blackstone":9293,"minecraft:dead_bubble_coral_block":51,"minecraft:twisting_vines_plant":217,"minecraft:polished_deepslate_stairs":236,"minecraft:soul_lantern":39,"minecraft:clay":79,"minecraft:dead_fire_coral_fan":1,"minecraft:calcite":1996,"minecraft:poppy":16,"minecraft:chest":363,"minecraft:mushroom_stem":15,"minecraft:cobblestone":2024,"minecraft:slime_block":242,"minecraft:grindstone":8,"minecraft:iron_door":18,"minecraft:deepslate_copper_ore":39,"minecraft:seagrass":349,"minecraft:nether_wart_block":12,"minecraft:birch_log":2577,"minecraft:birch_trapdoor":6,"minecraft:activator_rail":9,"minecraft:stripped_oak_wood":27,"minecraft:light_gray_wool":2,"minecraft:purpur_block":43,"minecraft:cracked_deepslate_tiles":1,"minecraft:diorite_wall":29,"minecraft:waxed_oxidized_copper":105,"minecraft:acacia_fence":1,"minecraft:sand":59527,"minecraft:waxed_exposed_cut_copper_slab":27,"minecraft:tripwire_hook":1,"minecraft:netherrack":10348,"minecraft:polished_deepslate_wall":95,"minecraft:oak_leaves":2473,"minecraft:horn_coral_block":2,"minecraft:emerald_block":1,"minecraft:redstone_lamp":9,"minecraft:nether_gold_ore":38,"minecraft:diamond_ore":702,"minecraft:tube_coral":3,"minecraft:tuff":553,"minecraft:deepslate_diamond_ore":488,"minecraft:blackstone_wall":9,"minecraft:weeping_vines":1,"minecraft:white_stained_glass":372,"minecraft:sandstone":14763,"minecraft:rooted_dirt":8,"minecraft:oxidized_cut_copper":17,"minecraft:deepslate_brick_slab":80,"minecraft:diorite_slab":9,"minecraft:oak_trapdoor":158,"minecraft:furnace":12,"minecraft:carrots":9,"minecraft:black_glazed_terracotta":8,"minecraft:black_concrete":1062,"minecraft:chiseled_deepslate":188,"minecraft:dead_horn_coral_block":1,"minecraft:polished_deepslate":1347,"minecraft:lantern":15,"minecraft:packed_ice":1105,"minecraft:chorus_plant":95,"minecraft:stone":168961,"minecraft:yellow_shulker_box":109,"minecraft:redstone_wall_torch":25,"minecraft:podzol":1,"minecraft:light_blue_shulker_box":27,"minecraft:flowering_azalea":12,"minecraft:cut_copper_stairs":24,"minecraft:soul_torch":54,"minecraft:spruce_door":1,"minecraft:crafting_table":84,"minecraft:blackstone_slab":67,"minecraft:rose_bush":9,"minecraft:andesite_slab":26,"minecraft:lectern":3,"minecraft:andesite_wall":10,"minecraft:lapis_ore":70,"minecraft:lily_pad":18,"minecraft:blue_bed":122,"minecraft:spruce_stairs":1,"minecraft:blue_candle":1,"minecraft:gray_wool":91,"minecraft:cactus":81,"minecraft:gray_concrete_powder":5,"minecraft:beehive":3,"minecraft:acacia_fence_gate":3,"minecraft:polished_blackstone_stairs":137,"minecraft:redstone_torch":17,"minecraft:gray_bed":2,"minecraft:yellow_bed":2,"minecraft:dead_brain_coral_block":445,"minecraft:coal_ore":5251,"minecraft:end_rod":80,"minecraft:bubble_coral_wall_fan":9,"minecraft:gray_carpet":141,"minecraft:polished_andesite":5,"minecraft:birch_fence":1},"minecraft:used":{"minecraft:moss_block":147,"minecraft:writable_book":29,"minecraft:chiseled_deepslate":1361,"minecraft:smooth_quartz_slab":3,"minecraft:dispenser":113,"minecraft:poppy":2,"minecraft:black_carpet":733,"minecraft:stone":13922,"minecraft:quartz_stairs":21,"minecraft:rotten_flesh":23,"minecraft:soul_sand":548,"minecraft:weathered_copper":26,"minecraft:cracked_deepslate_tiles":37,"minecraft:deepslate_brick_slab":1692,"minecraft:snowball":112,"minecraft:spruce_boat":41,"minecraft:polished_blackstone_slab":550,"minecraft:packed_ice":852,"minecraft:lava_bucket":61,"minecraft:stripped_dark_oak_wood":1,"minecraft:jungle_fence_gate":2,"minecraft:quartz_block":1,"minecraft:dark_oak_slab":57,"minecraft:diorite_wall":58,"minecraft:netherite_boots":4,"minecraft:bow":1753,"minecraft:cooked_cod":37,"minecraft:oak_sapling":12,"minecraft:acacia_fence":1,"minecraft:dark_prismarine_stairs":79,"minecraft:deepslate_brick_wall":485,"minecraft:mossy_stone_bricks":116,"minecraft:damaged_anvil":3,"minecraft:chorus_fruit":1,"minecraft:blackstone":4721,"minecraft:cactus":53,"minecraft:black_glazed_terracotta":53,"minecraft:wooden_pickaxe":12,"minecraft:leather_chestplate":2,"minecraft:mossy_stone_brick_stairs":10,"minecraft:composter":441,"minecraft:jungle_boat":21,"minecraft:glow_berries":157,"minecraft:cut_sandstone_slab":51,"minecraft:blast_furnace":12,"minecraft:weathered_cut_copper_slab":20,"minecraft:gray_concrete":2,"minecraft:deepslate_brick_stairs":729,"minecraft:birch_fence":59,"minecraft:flowering_azalea_leaves":5,"minecraft:nether_wart_block":5,"minecraft:diamond_sword":66142,"minecraft:smithing_table":2,"minecraft:birch_log":11,"minecraft:oak_boat":35,"minecraft:diorite_slab":99,"minecraft:oak_trapdoor":352,"minecraft:polished_blackstone_brick_slab":13,"minecraft:enchanting_table":1,"minecraft:dead_tube_coral_block":99,"minecraft:carved_pumpkin":87,"minecraft:armor_stand":24,"minecraft:tinted_glass":948,"minecraft:polished_blackstone_wall":280,"minecraft:exposed_cut_copper_stairs":1,"minecraft:torch":5172,"minecraft:brewing_stand":4,"minecraft:nether_quartz_ore":162,"minecraft:oak_fence_gate":166,"minecraft:fern":1,"minecraft:mossy_cobblestone_stairs":3,"minecraft:sea_lantern":445,"minecraft:chipped_anvil":9,"minecraft:iron_block":2819,"minecraft:polished_deepslate_wall":2081,"minecraft:jungle_log":3,"minecraft:barrel":14,"minecraft:bamboo":12,"minecraft:basalt":539,"minecraft:trapped_chest":2,"minecraft:acacia_planks":319,"minecraft:calcite":855,"minecraft:wheat_seeds":1867,"minecraft:warped_stem":27,"minecraft:light_blue_shulker_box":24,"minecraft:tube_coral_block":116,"minecraft:birch_planks":277,"minecraft:lead":2,"minecraft:cauldron":112,"minecraft:spruce_fence_gate":77,"minecraft:glow_ink_sac":8,"minecraft:leather_boots":8,"minecraft:gold_ore":17,"minecraft:deepslate_bricks":4966,"minecraft:waxed_exposed_copper":30,"minecraft:polished_deepslate_slab":5823,"minecraft:diamond_block":60,"minecraft:rail":361,"minecraft:red_bed":12,"minecraft:white_bed":33,"minecraft:campfire":10,"minecraft:spruce_log":68,"minecraft:amethyst_cluster":386,"minecraft:diamond_pickaxe":364073,"minecraft:warped_trapdoor":69,"minecraft:diamond_shovel":89302,"minecraft:oak_button":6,"minecraft:suspicious_stew":2,"minecraft:spruce_pressure_plate":1,"minecraft:leather_helmet":1,"minecraft:spruce_trapdoor":2,"minecraft:pink_bed":2,"minecraft:green_carpet":33,"minecraft:potion":35,"minecraft:purple_bed":6,"minecraft:cooked_porkchop":6,"minecraft:warped_fence_gate":1,"minecraft:andesite_stairs":131,"minecraft:stripped_oak_log":1,"minecraft:diamond_leggings":5,"minecraft:moss_carpet":73,"minecraft:waxed_exposed_cut_copper":2,"minecraft:polished_deepslate":13313,"minecraft:bone_block":416,"minecraft:polished_basalt":151,"minecraft:nether_wart":823,"minecraft:soul_campfire":28,"minecraft:jungle_planks":34,"minecraft:beehive":3,"minecraft:music_disc_13":3,"minecraft:obsidian":33346,"minecraft:crimson_button":36,"minecraft:waxed_oxidized_copper":322,"minecraft:lantern":110,"minecraft:polished_blackstone_brick_wall":19,"minecraft:mossy_cobblestone_slab":280,"minecraft:item_frame":300,"minecraft:deepslate_diamond_ore":179,"minecraft:golden_sword":7,"minecraft:birch_trapdoor":15,"minecraft:written_book":92,"minecraft:blue_shulker_box":19,"minecraft:tube_coral_fan":1,"minecraft:end_rod":1034,"minecraft:diamond_boots":6,"minecraft:dropper":181,"minecraft:wither_skeleton_skull":22,"minecraft:gray_carpet":1170,"minecraft:stone_pickaxe":262,"minecraft:oak_planks":43,"minecraft:jungle_fence":55,"minecraft:sandstone":6722,"minecraft:sugar_cane":140,"minecraft:diamond_axe":8062,"minecraft:white_wool":7,"minecraft:end_stone":83,"minecraft:sticky_piston":575,"minecraft:dead_fire_coral_fan":2,"minecraft:lever":145,"minecraft:bread":40,"minecraft:iron_door":52,"minecraft:deepslate":4540,"minecraft:prismarine_wall":25,"minecraft:stripped_warped_hyphae":46,"minecraft:blue_candle":9,"minecraft:chain":1639,"minecraft:waxed_oxidized_cut_copper_stairs":19,"minecraft:smooth_stone_slab":1339,"minecraft:mossy_cobblestone_wall":26,"minecraft:coarse_dirt":174,"minecraft:bone_meal":2326,"minecraft:waxed_weathered_copper":2,"minecraft:flint_and_steel":1630,"minecraft:redstone":2909,"minecraft:ender_chest":205,"minecraft:deepslate_gold_ore":4,"minecraft:cooked_chicken":147,"minecraft:dirt":6669,"minecraft:spruce_fence":71,"minecraft:warped_pressure_plate":1,"minecraft:oak_stairs":5,"minecraft:smooth_sandstone":1,"minecraft:dark_oak_pressure_plate":2,"minecraft:black_stained_glass":16049,"minecraft:soul_soil":384,"minecraft:lime_stained_glass":1,"minecraft:deepslate_tile_stairs":2966,"minecraft:minecart":158,"minecraft:cooked_beef":980,"minecraft:dead_bubble_coral_block":22,"minecraft:powder_snow_bucket":5,"minecraft:turtle_egg":17,"minecraft:pumpkin":115,"minecraft:cobbled_deepslate_wall":837,"minecraft:cobblestone_stairs":12,"minecraft:snow_block":209,"minecraft:birch_boat":36,"minecraft:spruce_sign":7,"minecraft:music_disc_cat":2,"minecraft:dark_prismarine_slab":84,"minecraft:red_mushroom":2,"minecraft:warped_planks":162,"minecraft:piston":430,"minecraft:wooden_hoe":5,"minecraft:flower_pot":2,"minecraft:black_wool":74,"minecraft:detector_rail":35,"minecraft:stone_slab":2464,"minecraft:stone_axe":131,"minecraft:end_crystal":2,"minecraft:cobbled_deepslate_slab":1600,"minecraft:pumpkin_pie":262,"minecraft:pink_shulker_box":59,"minecraft:wither_rose":93,"minecraft:sea_pickle":2,"minecraft:gray_wool":1880,"minecraft:birch_stairs":1,"minecraft:peony":2,"minecraft:nether_brick_fence":32,"minecraft:polished_blackstone":2473,"minecraft:spruce_slab":7,"minecraft:elytra":26,"minecraft:ladder":238,"minecraft:chest":1130,"minecraft:white_shulker_box":248,"minecraft:acacia_button":423,"minecraft:acacia_sapling":7,"minecraft:jungle_slab":178,"minecraft:honey_block":131,"minecraft:honeycomb":74,"minecraft:black_stained_glass_pane":371,"minecraft:grass_block":2418,"minecraft:birch_sapling":86,"minecraft:orange_shulker_box":2,"minecraft:copper_ore":61,"minecraft:stone_brick_stairs":65,"minecraft:red_stained_glass_pane":5,"minecraft:dark_oak_boat":73,"minecraft:furnace":67,"minecraft:egg":114,"minecraft:dragon_head":5,"minecraft:diorite":1252,"minecraft:cut_copper_slab":174,"minecraft:red_stained_glass":30,"minecraft:acacia_trapdoor":435,"minecraft:powered_rail":5620,"minecraft:blackstone_stairs":130,"minecraft:oak_leaves":14,"minecraft:dark_oak_trapdoor":96,"minecraft:sand":2919,"minecraft:blue_ice":37,"minecraft:netherite_helmet":2,"minecraft:oxidized_cut_copper_slab":1381,"minecraft:black_concrete_powder":689,"minecraft:pumpkin_seeds":21,"minecraft:lightning_rod":258,"minecraft:deepslate_tiles":6324,"minecraft:stone_button":3134,"minecraft:spore_blossom":19,"minecraft:lectern":4,"minecraft:red_terracotta":51,"minecraft:diamond_ore":225,"minecraft:lilac":3,"minecraft:soul_lantern":584,"minecraft:fire_charge":10,"minecraft:wooden_sword":37,"minecraft:dark_oak_fence":108,"minecraft:bubble_coral_block":53,"minecraft:white_stained_glass":2109,"minecraft:pink_stained_glass":151,"minecraft:ice":12416,"minecraft:gray_stained_glass":11051,"minecraft:iron_bars":113,"minecraft:stone_sword":60,"minecraft:acacia_log":16,"minecraft:red_concrete":34,"minecraft:mycelium":3,"minecraft:netherrack":892,"minecraft:anvil":30,"minecraft:target":15,"minecraft:chorus_flower":22,"minecraft:twisting_vines":531,"minecraft:stone_stairs":101,"minecraft:glow_lichen":2002,"minecraft:dead_brain_coral_block":388,"minecraft:polished_diorite":4,"minecraft:shroomlight":2,"minecraft:red_shulker_box":449,"minecraft:flowering_azalea":2,"minecraft:rooted_dirt":26,"minecraft:spruce_button":6,"minecraft:iron_axe":5,"minecraft:slime_block":1650,"minecraft:warped_fence":4,"minecraft:totem_of_undying":2,"minecraft:melon_seeds":3,"minecraft:waxed_exposed_cut_copper_slab":44,"minecraft:smooth_basalt":178,"minecraft:tripwire_hook":5,"minecraft:glowstone":301,"minecraft:oxidized_copper":3179,"minecraft:iron_trapdoor":53,"minecraft:cobbled_deepslate":7337,"minecraft:observer":844,"minecraft:pointed_dripstone":53,"minecraft:water_bucket":1295,"minecraft:yellow_shulker_box":110,"minecraft:cartography_table":4,"minecraft:polished_blackstone_bricks":9,"minecraft:cracked_stone_bricks":24,"minecraft:mossy_cobblestone":204,"minecraft:comparator":349,"minecraft:vine":3,"minecraft:tnt":140,"minecraft:oak_slab":2,"minecraft:crafting_table":142,"minecraft:birch_sign":137,"minecraft:cod":5,"minecraft:dark_oak_fence_gate":1,"minecraft:lime_shulker_box":248,"minecraft:cake":2,"minecraft:deepslate_tile_wall":1628,"minecraft:small_amethyst_bud":29,"minecraft:oak_log":5,"minecraft:dark_prismarine":202,"minecraft:oxeye_daisy":4,"minecraft:sunflower":1,"minecraft:iron_pickaxe":148,"minecraft:cobblestone":3821,"minecraft:red_concrete_powder":64,"minecraft:black_candle":29,"minecraft:kelp":406,"minecraft:jukebox":4,"minecraft:candle":34,"minecraft:oak_sign":11,"minecraft:diamond_hoe":509,"minecraft:white_concrete_powder":5871,"minecraft:shield":12,"minecraft:iron_sword":152,"minecraft:player_head":53,"minecraft:smooth_sandstone_stairs":3,"minecraft:oxidized_cut_copper":92,"minecraft:white_candle":27,"minecraft:birch_pressure_plate":1,"minecraft:carrot":17,"minecraft:deepslate_tile_slab":3192,"minecraft:tuff":297,"minecraft:axolotl_bucket":18,"minecraft:milk_bucket":8,"minecraft:polished_deepslate_stairs":2394,"minecraft:glass":1925,"minecraft:cyan_terracotta":1173,"minecraft:coal_ore":249,"minecraft:quartz_slab":2,"minecraft:gray_concrete_powder":427,"minecraft:hopper_minecart":89,"minecraft:stone_bricks":535,"minecraft:repeater":851,"minecraft:redstone_lamp":133,"minecraft:magma_block":573,"minecraft:hay_block":24,"minecraft:scaffolding":10339,"minecraft:oxidized_cut_copper_stairs":1856,"minecraft:gray_bed":68,"minecraft:fire_coral_fan":168,"minecraft:polished_blackstone_stairs":977,"minecraft:chiseled_polished_blackstone":64,"minecraft:birch_leaves":19,"minecraft:dark_oak_sign":59,"minecraft:ender_pearl":364,"minecraft:redstone_block":1378,"minecraft:blue_bed":122,"minecraft:large_amethyst_bud":27,"minecraft:deepslate_redstone_ore":12,"minecraft:sponge":388,"minecraft:note_block":72,"minecraft:blackstone_wall":389,"minecraft:dripstone_block":2,"minecraft:black_bed":62,"minecraft:stone_brick_wall":97,"minecraft:cobbled_deepslate_stairs":414,"minecraft:shears":3166,"minecraft:exposed_copper":13,"minecraft:redstone_torch":370,"minecraft:black_concrete":3280,"minecraft:gray_shulker_box":2,"minecraft:firework_rocket":24182,"minecraft:string":27,"minecraft:cyan_bed":6,"minecraft:birch_fence_gate":11,"minecraft:heavy_weighted_pressure_plate":3,"minecraft:gravel":1851,"minecraft:blackstone_slab":943,"minecraft:grindstone":47,"minecraft:medium_amethyst_bud":31,"minecraft:deepslate_coal_ore":11,"minecraft:andesite":1900,"minecraft:warped_button":1025,"minecraft:white_concrete":1216,"minecraft:tropical_fish_bucket":1,"minecraft:cobweb":71,"minecraft:oak_fence":18,"minecraft:purpur_block":363,"minecraft:azalea":3,"minecraft:petrified_oak_slab":4,"minecraft:trident":31,"minecraft:cracked_deepslate_bricks":67,"minecraft:redstone_ore":35,"minecraft:stone_shovel":4,"minecraft:light_blue_terracotta":31,"minecraft:spruce_planks":195,"minecraft:wooden_shovel":51,"minecraft:cut_copper_stairs":452,"minecraft:oak_door":1,"minecraft:spyglass":206,"minecraft:white_carpet":2,"minecraft:hopper":1607,"minecraft:spruce_stairs":1,"minecraft:cobblestone_wall":223,"minecraft:diamond_helmet":4,"minecraft:shulker_box":1628,"minecraft:granite":544,"minecraft:light_blue_stained_glass":708,"minecraft:andesite_wall":335,"minecraft:purple_stained_glass_pane":159,"minecraft:stone_brick_slab":147,"minecraft:bookshelf":15,"minecraft:red_candle":25,"minecraft:polished_blackstone_brick_stairs":123,"minecraft:light_gray_wool":92,"minecraft:golden_carrot":3842,"minecraft:emerald_block":1,"minecraft:white_stained_glass_pane":152,"minecraft:stone_pressure_plate":5,"minecraft:horn_coral_block":1,"minecraft:brain_coral_block":398,"minecraft:acacia_boat":24,"minecraft:cooked_mutton":12,"minecraft:iron_ore":115,"minecraft:amethyst_block":234,"minecraft:glass_bottle":103,"minecraft:polished_andesite":19,"minecraft:andesite_slab":280,"minecraft:copper_block":7048,"minecraft:black_shulker_box":109,"minecraft:magenta_stained_glass":715,"minecraft:stonecutter":73,"minecraft:beacon":25,"minecraft:cobblestone_slab":62,"minecraft:glow_item_frame":13,"minecraft:polished_blackstone_pressure_plate":361,"minecraft:light_gray_concrete_powder":314,"minecraft:purple_stained_glass":1057,"minecraft:activator_rail":25,"minecraft:map":3,"minecraft:acacia_fence_gate":10,"minecraft:white_banner":26,"minecraft:bucket":1388,"minecraft:yellow_bed":2,"minecraft:polished_blackstone_button":446,"minecraft:smooth_stone":30,"minecraft:splash_potion":8,"minecraft:soul_torch":68,"minecraft:chainmail_leggings":2},"minecraft:picked_up":{"minecraft:blue_candle":1,"minecraft:lead":178,"minecraft:stone_slab":625,"minecraft:enchanted_book":11,"minecraft:string":811,"minecraft:polished_deepslate":1232,"minecraft:music_disc_cat":2,"minecraft:polished_blackstone_brick_stairs":4,"minecraft:dark_oak_pressure_plate":2,"minecraft:shroomlight":4,"minecraft:diamond_leggings":41,"minecraft:horn_coral_block":2,"minecraft:bubble_coral":2,"minecraft:diamond_ore":377,"minecraft:polished_blackstone_brick_slab":12,"minecraft:spruce_pressure_plate":1,"minecraft:weathered_cut_copper_slab":20,"minecraft:polished_blackstone_stairs":91,"minecraft:jukebox":1,"minecraft:acacia_log":92,"minecraft:purpur_pillar":12,"minecraft:cut_copper_stairs":23,"minecraft:lightning_rod":66,"minecraft:warped_button":32,"minecraft:end_crystal":72,"minecraft:golden_chestplate":20,"minecraft:cauldron":1,"minecraft:orange_bed":1,"minecraft:stone_sword":11,"minecraft:horn_coral_fan":11,"minecraft:blackstone_wall":5,"minecraft:polished_basalt":20,"minecraft:carved_pumpkin":120,"minecraft:glowstone":535,"minecraft:end_rod":181,"minecraft:blaze_rod":479,"minecraft:iron_bars":42,"minecraft:snowball":21743,"minecraft:sponge":293,"minecraft:feather":315,"minecraft:cooked_beef":672,"minecraft:medium_amethyst_bud":65,"minecraft:water_bucket":21,"minecraft:dark_oak_boat":64,"minecraft:copper_block":267,"minecraft:flint":1088,"minecraft:purple_stained_glass":19,"minecraft:lantern":69,"minecraft:gray_concrete_powder":4,"minecraft:hanging_roots":12,"minecraft:exposed_cut_copper_stairs":1,"minecraft:large_amethyst_bud":33,"minecraft:stonecutter":71,"minecraft:dark_oak_sign":15,"minecraft:diamond_helmet":23,"minecraft:glow_lichen":1443,"minecraft:chiseled_polished_blackstone":7,"minecraft:birch_fence_gate":5,"minecraft:stripped_spruce_log":1,"minecraft:brown_mushroom_block":1,"minecraft:dead_fire_coral_fan":2,"minecraft:polished_andesite":5,"minecraft:deepslate":3708,"minecraft:lever":53,"minecraft:granite":4856,"minecraft:spruce_button":4,"minecraft:golden_horse_armor":2,"minecraft:rooted_dirt":35,"minecraft:deepslate_coal_ore":5,"minecraft:light_gray_carpet":32,"minecraft:crimson_roots":2,"minecraft:diamond_pickaxe":105,"minecraft:stripped_warped_hyphae":53,"minecraft:clay_ball":256,"minecraft:leather_leggings":3,"minecraft:redstone_lamp":7,"minecraft:dragon_head":5,"minecraft:acacia_button":34,"minecraft:purpur_block":38,"minecraft:fire_coral":8,"minecraft:heavy_weighted_pressure_plate":1,"minecraft:elytra":54,"minecraft:flint_and_steel":33,"minecraft:white_stained_glass":284,"minecraft:iron_shovel":1,"minecraft:polished_blackstone_wall":14,"minecraft:netherite_sword":4,"minecraft:stripped_warped_stem":11,"minecraft:poppy":555,"minecraft:spruce_slab":82,"minecraft:minecart":85,"minecraft:birch_sapling":259,"minecraft:piston":214,"minecraft:waxed_oxidized_copper":97,"minecraft:diamond_hoe":15,"minecraft:copper_ore":347,"minecraft:lime_shulker_box":253,"minecraft:black_stained_glass":1089,"minecraft:stone":31600,"minecraft:fire_charge":445,"minecraft:jungle_fence_gate":2,"minecraft:netherite_pickaxe":9,"minecraft:diamond_chestplate":1,"minecraft:purpur_slab":2,"minecraft:hay_block":34,"minecraft:cracked_deepslate_bricks":4,"minecraft:yellow_terracotta":51,"minecraft:polished_blackstone":240,"minecraft:mutton":86,"minecraft:rail":307,"minecraft:bone_block":198,"minecraft:oxeye_daisy":7,"minecraft:birch_leaves":478,"minecraft:yellow_shulker_box":109,"minecraft:tripwire_hook":2,"minecraft:blackstone_slab":25,"minecraft:jungle_fence":54,"minecraft:purpur_stairs":15,"minecraft:lily_pad":39,"minecraft:paper":43,"minecraft:apple":6,"minecraft:warped_stem":414,"minecraft:oak_fence_gate":2,"minecraft:iron_ore":455,"minecraft:magenta_stained_glass":17,"minecraft:gray_bed":53,"minecraft:dark_oak_stairs":2,"minecraft:smooth_basalt":922,"minecraft:milk_bucket":2,"minecraft:lime_concrete":2,"minecraft:weathered_copper":25,"minecraft:light_blue_stained_glass":122,"minecraft:crying_obsidian":183,"minecraft:leather_helmet":7,"minecraft:diamond_shovel":53,"minecraft:coal_ore":617,"minecraft:slime_ball":1010,"minecraft:deepslate_redstone_ore":25,"minecraft:birch_sign":62,"minecraft:polished_blackstone_brick_wall":9,"minecraft:baked_potato":4,"minecraft:smooth_quartz_slab":3,"minecraft:hopper":256,"minecraft:black_carpet":171,"minecraft:ender_chest":326,"minecraft:nether_brick_fence":4,"minecraft:stone_brick_stairs":5,"minecraft:lapis_block":16,"minecraft:dead_tube_coral_block":125,"minecraft:waxed_cut_copper_slab":2,"minecraft:bucket":41,"minecraft:smooth_stone":5,"minecraft:comparator":171,"minecraft:rose_bush":136,"minecraft:cobblestone_slab":22,"minecraft:azalea":45,"minecraft:tipped_arrow":462,"minecraft:acacia_fence":1,"minecraft:birch_trapdoor":6,"minecraft:polished_deepslate_stairs":237,"minecraft:spruce_stairs":1,"minecraft:netherite_shovel":4,"minecraft:diorite":4204,"minecraft:vine":131,"minecraft:andesite_wall":8,"minecraft:rotten_flesh":6722,"minecraft:chorus_flower":34,"minecraft:deepslate_brick_stairs":117,"minecraft:obsidian":14060,"minecraft:blaze_powder":15,"minecraft:cobblestone":31087,"minecraft:leather_chestplate":14,"minecraft:lilac":106,"minecraft:repeater":402,"minecraft:andesite":4079,"minecraft:golden_leggings":17,"minecraft:black_bed":63,"minecraft:beacon":20,"minecraft:potato":8,"minecraft:smooth_sandstone_stairs":6,"minecraft:prismarine_bricks":64,"minecraft:dirt":10994,"minecraft:stripped_birch_log":3,"minecraft:name_tag":144,"minecraft:glass":589,"minecraft:bone":2597,"minecraft:acacia_planks":300,"minecraft:bow":158,"minecraft:wheat_seeds":5114,"minecraft:grindstone":8,"minecraft:netherite_axe":3,"minecraft:purple_stained_glass_pane":3,"minecraft:mossy_stone_bricks":67,"minecraft:bamboo":409,"minecraft:waxed_exposed_copper":16,"minecraft:diorite_wall":30,"minecraft:gray_stained_glass":226,"minecraft:black_stained_glass_pane":15,"minecraft:light_blue_shulker_box":25,"minecraft:grass_block":3984,"minecraft:diamond_block":61,"minecraft:jungle_slab":162,"minecraft:spectral_arrow":3918,"minecraft:mossy_cobblestone":341,"minecraft:slime_block":253,"minecraft:netherite_helmet":16,"minecraft:polished_blackstone_pressure_plate":4,"minecraft:soul_lantern":98,"minecraft:bone_meal":1900,"minecraft:grass":11,"minecraft:golden_apple":1,"minecraft:spruce_sign":5,"minecraft:netherrack":7135,"minecraft:chorus_fruit":1060,"minecraft:andesite_slab":27,"minecraft:oak_leaves":2659,"minecraft:splash_potion":13,"minecraft:ladder":349,"minecraft:brown_mushroom":48,"minecraft:packed_ice":1174,"minecraft:stone_brick_wall":152,"minecraft:diorite_slab":57,"minecraft:chain":108,"minecraft:shield":17,"minecraft:moss_carpet":255,"minecraft:orange_stained_glass":2,"minecraft:oak_trapdoor":158,"minecraft:mycelium":4,"minecraft:birch_fence":4,"minecraft:blackstone":6625,"minecraft:end_stone":381,"minecraft:flowering_azalea_leaves":4,"minecraft:note_block":5,"minecraft:polished_blackstone_bricks":1,"minecraft:trident":15,"minecraft:stone_pressure_plate":3,"minecraft:weeping_vines":1,"minecraft:tube_coral":2,"minecraft:red_shulker_box":450,"minecraft:pumpkin_pie":68,"minecraft:stripped_dark_oak_wood":1,"minecraft:netherite_boots":30,"minecraft:jungle_boat":17,"minecraft:basalt":4496,"minecraft:golden_carrot":978,"minecraft:leather":1108,"minecraft:ice":10136,"minecraft:crimson_fungus":2,"minecraft:chainmail_chestplate":7,"minecraft:cobblestone_wall":26,"minecraft:yellow_bed":2,"minecraft:cobbled_deepslate_stairs":237,"minecraft:gunpowder":280,"minecraft:cooked_mutton":5,"minecraft:gray_carpet":270,"minecraft:acacia_trapdoor":52,"minecraft:iron_ingot":1768,"minecraft:cooked_chicken":193,"minecraft:pink_bed":2,"minecraft:nether_quartz_ore":417,"minecraft:emerald_block":3,"minecraft:stone_brick_slab":20,"minecraft:quartz":1391,"minecraft:dandelion":7,"minecraft:lava_bucket":7,"minecraft:amethyst_shard":2578,"minecraft:soul_torch":55,"minecraft:spruce_door":2,"minecraft:pumpkin_seeds":423,"minecraft:white_concrete_powder":607,"minecraft:prismarine_wall":1,"minecraft:chainmail_leggings":2,"minecraft:exposed_cut_copper_slab":17,"minecraft:mossy_cobblestone_stairs":29,"minecraft:damaged_anvil":4,"minecraft:netherite_hoe":1,"minecraft:sunflower":2,"minecraft:seagrass":45,"minecraft:iron_chestplate":10,"minecraft:chainmail_boots":3,"minecraft:flower_pot":3,"minecraft:anvil":16,"minecraft:diamond_sword":55,"minecraft:oak_stairs":7,"minecraft:wither_rose":17,"minecraft:brewing_stand":3,"minecraft:golden_sword":24,"minecraft:polished_deepslate_wall":203,"minecraft:amethyst_block":1412,"minecraft:dark_oak_trapdoor":10,"minecraft:soul_soil":927,"minecraft:waxed_weathered_copper":2,"minecraft:gold_nugget":6196,"minecraft:cobbled_deepslate":67104,"minecraft:black_glazed_terracotta":10,"minecraft:spruce_planks":238,"minecraft:waxed_exposed_cut_copper":2,"minecraft:acacia_fence_gate":2,"minecraft:written_book":39,"minecraft:azalea_leaves":5,"minecraft:melon_slice":25,"minecraft:golden_helmet":14,"minecraft:beehive":3,"minecraft:composter":12,"minecraft:warped_planks":183,"minecraft:deepslate_tile_stairs":280,"minecraft:black_dye":2,"minecraft:iron_block":2160,"minecraft:cyan_terracotta":477,"minecraft:blackstone_stairs":12,"minecraft:birch_log":2612,"minecraft:magma_block":911,"minecraft:mossy_cobblestone_slab":48,"minecraft:oxidized_copper":6489,"minecraft:iron_door":19,"minecraft:birch_slab":9,"minecraft:acacia_leaves":1,"minecraft:powder_snow_bucket":2,"minecraft:netherite_leggings":3,"minecraft:gray_concrete":1,"minecraft:light_gray_concrete_powder":54,"minecraft:twisting_vines":1586,"minecraft:chipped_anvil":11,"minecraft:glowstone_dust":43,"minecraft:moss_block":972,"minecraft:warped_wart_block":4,"minecraft:dropper":38,"minecraft:ink_sac":1289,"minecraft:dark_oak_log":304,"minecraft:red_terracotta":20,"minecraft:barrel":5,"minecraft:dispenser":102,"minecraft:black_concrete_powder":5,"minecraft:writable_book":10,"minecraft:blue_ice":1,"minecraft:dead_brain_coral_block":481,"minecraft:chainmail_helmet":1,"minecraft:bread":25,"minecraft:dark_oak_fence":22,"minecraft:crafting_table":88,"minecraft:coarse_dirt":286,"minecraft:bubble_coral_fan":10,"minecraft:nether_wart":3012,"minecraft:orange_stained_glass_pane":8,"minecraft:dead_horn_coral_block":1,"minecraft:red_bed":12,"minecraft:snow":1,"minecraft:cracked_stone_bricks":21,"minecraft:cartography_table":4,"minecraft:deepslate_diamond_ore":431,"minecraft:beef":1008,"minecraft:iron_nugget":328,"minecraft:quartz_stairs":2,"minecraft:chest":1763,"minecraft:egg":559,"minecraft:sandstone":8646,"minecraft:polished_deepslate_slab":832,"minecraft:oak_door":2,"minecraft:glow_item_frame":1,"minecraft:spruce_fence":92,"minecraft:amethyst_cluster":620,"minecraft:carrot":39,"minecraft:redstone":13884,"minecraft:prismarine_crystals":15,"minecraft:tnt":20,"minecraft:cooked_cod":16,"minecraft:peony":105,"minecraft:tube_coral_fan":17,"minecraft:shears":15,"minecraft:deepslate_bricks":306,"minecraft:diamond_boots":13,"minecraft:warped_sign":1,"minecraft:tube_coral_block":116,"minecraft:gold_ingot":32,"minecraft:white_shulker_box":249,"minecraft:glow_berries":184,"minecraft:white_wool":85,"minecraft:lapis_ore":5,"minecraft:stripped_oak_log":24,"minecraft:red_mushroom":2,"minecraft:filled_map":2,"minecraft:oak_log":314,"minecraft:ancient_debris":11,"minecraft:golden_boots":18,"minecraft:blue_bed":123,"minecraft:white_banner":12,"minecraft:stone_bricks":102,"minecraft:kelp":1422,"minecraft:music_disc_far":1,"minecraft:cobweb":134,"minecraft:glass_bottle":26,"minecraft:iron_sword":1,"minecraft:flowering_azalea":34,"minecraft:dark_oak_slab":23,"minecraft:white_stained_glass_pane":10,"minecraft:yellow_concrete":18,"minecraft:spyglass":20,"minecraft:gravel":3141,"minecraft:birch_stairs":2,"minecraft:small_amethyst_bud":58,"minecraft:spruce_sapling":46,"minecraft:spruce_log":240,"minecraft:sea_lantern":90,"minecraft:firework_rocket":3071,"minecraft:red_stained_glass":15,"minecraft:purple_bed":6,"minecraft:polished_diorite":4,"minecraft:redstone_ore":11,"minecraft:diamond_axe":58,"minecraft:gray_wool":979,"minecraft:warped_roots":89,"minecraft:ender_pearl":5921,"minecraft:shulker_shell":3731,"minecraft:chiseled_deepslate":176,"minecraft:wheat":1934,"minecraft:exposed_copper":27,"minecraft:redstone_block":1145,"minecraft:iron_trapdoor":16,"minecraft:turtle_egg":59,"minecraft:potion":41,"minecraft:brain_coral_block":334,"minecraft:nether_brick":344,"minecraft:raw_copper":4497,"minecraft:smooth_stone_slab":118,"minecraft:iron_leggings":8,"minecraft:armor_stand":57,"minecraft:sticky_piston":225,"minecraft:netherite_ingot":4,"minecraft:pink_shulker_box":59,"minecraft:oak_sign":12,"minecraft:sea_pickle":48,"minecraft:activator_rail":7,"minecraft:deepslate_tiles":1141,"minecraft:black_shulker_box":109,"minecraft:redstone_torch":134,"minecraft:calcite":2166,"minecraft:deepslate_tile_wall":44,"minecraft:iron_boots":14,"minecraft:furnace":4,"minecraft:stick":739,"minecraft:orange_shulker_box":1,"minecraft:deepslate_brick_wall":150,"minecraft:oak_fence":52,"minecraft:torch":3633,"minecraft:porkchop":23,"minecraft:snow_block":69,"minecraft:target":2,"minecraft:pointed_dripstone":78,"minecraft:waxed_exposed_cut_copper_slab":28,"minecraft:quartz_block":1,"minecraft:nether_gold_ore":3,"minecraft:cactus":240,"minecraft:leather_horse_armor":1,"minecraft:fire_coral_fan":164,"minecraft:cod":113,"minecraft:nautilus_shell":15,"minecraft:magma_cream":357,"minecraft:tuff":574,"minecraft:warped_trapdoor":16,"minecraft:wither_skeleton_skull":22,"minecraft:horn_coral":2,"minecraft:acacia_boat":15,"minecraft:lapis_lazuli":1212,"minecraft:leather_boots":5,"minecraft:cobbled_deepslate_wall":100,"minecraft:deepslate_brick_slab":151,"minecraft:raw_gold":212,"minecraft:cobbled_deepslate_slab":283,"minecraft:powered_rail":5476,"minecraft:oak_planks":306,"minecraft:mossy_stone_brick_stairs":1,"minecraft:brain_coral":2,"minecraft:ghast_tear":130,"minecraft:pink_stained_glass":5,"minecraft:music_disc_13":3,"minecraft:axolotl_bucket":3,"minecraft:poisonous_potato":1,"minecraft:polished_blackstone_slab":57,"minecraft:jungle_planks":139,"minecraft:sand":50506,"minecraft:cyan_bed":6,"minecraft:oxidized_cut_copper_slab":474,"minecraft:shulker_box":1249,"minecraft:dark_prismarine":5,"minecraft:light_gray_concrete":2,"minecraft:dark_prismarine_slab":10,"minecraft:spruce_fence_gate":19,"minecraft:spruce_boat":45,"minecraft:clay":10,"minecraft:diamond":1324,"minecraft:black_concrete":1199,"minecraft:polished_blackstone_button":66,"minecraft:white_concrete":1535,"minecraft:oak_sapling":20,"minecraft:bubble_coral_block":17,"minecraft:nether_star":3,"minecraft:fishing_rod":3,"minecraft:charcoal":3,"minecraft:chicken":296,"minecraft:gold_block":6,"minecraft:stone_stairs":4,"minecraft:item_frame":37,"minecraft:quartz_slab":2,"minecraft:detector_rail":3,"minecraft:dark_prismarine_stairs":4,"minecraft:mossy_cobblestone_wall":22,"minecraft:andesite_stairs":19,"minecraft:oak_boat":85,"minecraft:player_head":384,"minecraft:observer":223,"minecraft:light_gray_wool":1,"minecraft:lectern":3,"minecraft:tinted_glass":66,"minecraft:blue_shulker_box":19,"minecraft:sugar_cane":1736,"minecraft:spruce_trapdoor":37,"minecraft:phantom_membrane":36,"minecraft:dark_oak_sapling":9,"minecraft:raw_iron":1822,"minecraft:copper_ingot":166,"minecraft:stone_button":160,"minecraft:iron_horse_armor":1,"minecraft:dark_oak_planks":135,"minecraft:arrow":3312,"minecraft:soul_campfire":1,"minecraft:wet_sponge":386,"minecraft:cracked_deepslate_tiles":1,"minecraft:oxidized_cut_copper_stairs":379,"minecraft:glow_ink_sac":195,"minecraft:crimson_stem":18,"minecraft:salmon":3,"minecraft:birch_planks":140,"minecraft:nether_wart_block":10,"minecraft:cobblestone_stairs":58,"minecraft:deepslate_tile_slab":1409,"minecraft:cut_copper_slab":5,"minecraft:podzol":1,"minecraft:smooth_sandstone":1,"minecraft:fire_coral_block":6,"minecraft:stripped_oak_wood":22,"minecraft:acacia_sapling":12,"minecraft:oxidized_cut_copper":17,"minecraft:soul_sand":1087,"minecraft:oak_slab":6,"minecraft:book":39,"minecraft:scaffolding":9908,"minecraft:birch_boat":22,"minecraft:pumpkin":88,"minecraft:dripstone_block":68,"minecraft:brain_coral_fan":14,"minecraft:blast_furnace":1,"minecraft:white_bed":31,"minecraft:gold_ore":51,"minecraft:dark_oak_fence_gate":1,"minecraft:spider_eye":367,"minecraft:campfire":1,"minecraft:honey_block":16,"minecraft:dead_bubble_coral_block":47,"minecraft:iron_helmet":10,"minecraft:black_wool":75,"minecraft:red_concrete":82,"minecraft:coal":9763},"minecraft:crafted":{"minecraft:red_stained_glass_pane":32,"minecraft:black_dye":2633,"minecraft:oxidized_cut_copper_slab":124,"minecraft:oak_sign":15,"minecraft:polished_deepslate_wall":26,"minecraft:blaze_powder":122,"minecraft:birch_boat":25,"minecraft:chain":1396,"minecraft:diamond_shovel":9,"minecraft:gray_wool":417,"minecraft:cracked_stone_bricks":17,"minecraft:shulker_box":1924,"minecraft:diamond_helmet":2,"minecraft:beacon":2,"minecraft:stone_pressure_plate":40,"minecraft:iron_door":36,"minecraft:black_wool":8,"minecraft:gray_stained_glass":12744,"minecraft:white_shulker_box":1,"minecraft:pink_stained_glass":192,"minecraft:redstone_lamp":153,"minecraft:end_rod":1204,"minecraft:soul_campfire":39,"minecraft:jungle_boat":5,"minecraft:glow_item_frame":12,"minecraft:smithing_table":2,"minecraft:mossy_cobblestone":325,"minecraft:nether_brick_fence":36,"minecraft:sticky_piston":451,"minecraft:cracked_deepslate_tiles":36,"minecraft:polished_deepslate_slab":155,"minecraft:cartography_table":1,"minecraft:stone_brick_stairs":6,"minecraft:lectern":1,"minecraft:wooden_hoe":1,"minecraft:stone_slab":72,"minecraft:iron_pickaxe":3,"minecraft:sandstone":244,"minecraft:netherite_ingot":4,"minecraft:composter":428,"minecraft:polished_blackstone_bricks":8,"minecraft:jungle_sign":3,"minecraft:jukebox":3,"minecraft:orange_shulker_box":1,"minecraft:iron_nugget":10341,"minecraft:diamond_hoe":3,"minecraft:soul_torch":944,"minecraft:acacia_fence_gate":20,"minecraft:light_gray_wool":114,"minecraft:polished_blackstone_pressure_plate":393,"minecraft:blue_shulker_box":1,"minecraft:spruce_fence":3,"minecraft:waxed_oxidized_copper":268,"minecraft:stone_stairs":64,"minecraft:lantern":81,"minecraft:black_concrete_powder":688,"minecraft:red_shulker_box":2,"minecraft:stone_pickaxe":2,"minecraft:spruce_boat":19,"minecraft:lead":36,"minecraft:cut_copper_slab":98,"minecraft:enchanting_table":1,"minecraft:waxed_oxidized_cut_copper_stairs":20,"minecraft:acacia_trapdoor":558,"minecraft:polished_blackstone_stairs":76,"minecraft:deepslate_tiles":70,"minecraft:enchanted_book":1,"minecraft:orange_dye":2,"minecraft:oak_fence_gate":172,"minecraft:soul_lantern":655,"minecraft:fermented_spider_eye":29,"minecraft:birch_trapdoor":12,"minecraft:black_stained_glass_pane":480,"minecraft:writable_book":7,"minecraft:armor_stand":40,"minecraft:note_block":89,"minecraft:grindstone":47,"minecraft:barrel":15,"minecraft:cooked_chicken":124,"minecraft:lightning_rod":193,"minecraft:stone":832,"minecraft:heavy_weighted_pressure_plate":2,"minecraft:warped_planks":8336,"minecraft:polished_blackstone_button":443,"minecraft:cake":2,"minecraft:stone_brick_slab":24,"minecraft:bow":31,"minecraft:spore_blossom":32,"minecraft:comparator":137,"minecraft:chest":4068,"minecraft:netherite_helmet":1,"minecraft:oak_button":22,"minecraft:copper_block":7295,"minecraft:rail":256,"minecraft:ender_eye":50,"minecraft:stone_bricks":140,"minecraft:oak_fence":54,"minecraft:white_banner":42,"minecraft:dropper":156,"minecraft:cauldron":119,"minecraft:iron_helmet":1,"minecraft:birch_pressure_plate":1,"minecraft:chiseled_polished_blackstone":1,"minecraft:acacia_button":516,"minecraft:white_stained_glass_pane":192,"minecraft:oxidized_cut_copper":34,"minecraft:dispenser":72,"minecraft:tnt":144,"minecraft:purple_dye":128,"minecraft:yellow_dye":2,"minecraft:warped_fence_gate":1,"minecraft:stick":8700,"minecraft:iron_ingot":14495,"minecraft:andesite_stairs":1,"minecraft:black_bed":3,"minecraft:light_blue_stained_glass":192,"minecraft:petrified_oak_slab":4,"minecraft:dark_oak_fence_gate":2,"minecraft:deepslate_bricks":87,"minecraft:waxed_exposed_cut_copper_slab":17,"minecraft:deepslate_tile_slab":216,"minecraft:stone_brick_wall":1,"minecraft:tripwire_hook":6,"minecraft:golden_chestplate":1,"minecraft:spruce_button":3,"minecraft:mossy_stone_bricks":199,"minecraft:furnace":96,"minecraft:blast_furnace":14,"minecraft:piston":636,"minecraft:crimson_button":36,"minecraft:oak_trapdoor":228,"minecraft:flint_and_steel":393,"minecraft:scaffolding":2236,"minecraft:white_concrete_powder":7352,"minecraft:cobblestone_wall":324,"minecraft:honey_block":222,"minecraft:blackstone_stairs":2,"minecraft:purpur_block":384,"minecraft:birch_sign":183,"minecraft:glistering_melon_slice":7,"minecraft:purple_stained_glass":1248,"minecraft:iron_trapdoor":53,"minecraft:polished_blackstone_wall":9,"minecraft:iron_sword":1,"minecraft:black_banner":10,"minecraft:acacia_boat":15,"minecraft:jungle_planks":660,"minecraft:white_dye":2557,"minecraft:black_carpet":921,"minecraft:anvil":17,"minecraft:stonecutter":4,"minecraft:diorite_slab":60,"minecraft:torch":3732,"minecraft:ender_chest":50,"minecraft:light_gray_concrete_powder":512,"minecraft:smooth_stone":65,"minecraft:jungle_fence_gate":2,"minecraft:dark_oak_pressure_plate":1,"minecraft:oxidized_cut_copper_stairs":121,"minecraft:birch_slab":1686,"minecraft:slime_block":2026,"minecraft:polished_blackstone_slab":52,"minecraft:lever":138,"minecraft:bookshelf":16,"minecraft:cooked_mutton":68,"minecraft:iron_bars":176,"minecraft:red_concrete_powder":64,"minecraft:deepslate_brick_stairs":17,"minecraft:quartz_block":21,"minecraft:glass":2909,"minecraft:light_blue_terracotta":64,"minecraft:repeater":432,"minecraft:diamond_leggings":1,"minecraft:netherite_boots":1,"minecraft:birch_fence_gate":10,"minecraft:polished_blackstone":5,"minecraft:acacia_fence":3,"minecraft:magenta_dye":173,"minecraft:gray_bed":114,"minecraft:glass_bottle":1251,"minecraft:target":15,"minecraft:wooden_shovel":1,"minecraft:emerald":17,"minecraft:cooked_porkchop":11,"minecraft:diamond_axe":4,"minecraft:cobbled_deepslate_wall":68,"minecraft:copper_ingot":1150,"minecraft:hay_block":28,"minecraft:campfire":19,"minecraft:lime_shulker_box":5,"minecraft:chiseled_deepslate":18,"minecraft:compass":196,"minecraft:iron_block":3055,"minecraft:gold_ingot":23583,"minecraft:light_gray_dye":178,"minecraft:fire_charge":48,"minecraft:spruce_fence_gate":52,"minecraft:stone_shovel":1,"minecraft:smooth_stone_slab":120,"minecraft:player_head":6,"minecraft:polished_deepslate_stairs":14,"minecraft:tinted_glass":974,"minecraft:cut_copper_stairs":54,"minecraft:mossy_cobblestone_stairs":4,"minecraft:red_terracotta":128,"minecraft:bone_meal":11229,"minecraft:andesite_wall":16,"minecraft:pink_dye":204,"minecraft:white_carpet":3,"minecraft:warped_trapdoor":120,"minecraft:diamond":414,"minecraft:dark_oak_fence":99,"minecraft:detector_rail":48,"minecraft:deepslate_brick_wall":64,"minecraft:ladder":348,"minecraft:diamond_boots":1,"minecraft:cobbled_deepslate_stairs":43,"minecraft:deepslate_tile_wall":7,"minecraft:redstone_block":1320,"minecraft:jungle_fence":96,"minecraft:dark_oak_planks":2308,"minecraft:golden_helmet":1,"minecraft:wheat":189,"minecraft:coal_block":257,"minecraft:purple_stained_glass_pane":256,"minecraft:polished_blackstone_brick_slab":20,"minecraft:deepslate_brick_slab":49,"minecraft:magenta_stained_glass":896,"minecraft:gray_concrete_powder":512,"minecraft:conduit":1,"minecraft:waxed_exposed_copper":14,"minecraft:glowstone":26,"minecraft:white_stained_glass":2424,"minecraft:jungle_slab":174,"minecraft:mossy_stone_brick_stairs":14,"minecraft:andesite_slab":32,"minecraft:gray_shulker_box":2,"minecraft:warped_pressure_plate":1,"minecraft:deepslate_tile_stairs":39,"minecraft:iron_leggings":1,"minecraft:white_bed":4,"minecraft:oak_planks":7920,"minecraft:dark_oak_boat":30,"minecraft:pink_shulker_box":1,"minecraft:cobblestone_stairs":60,"minecraft:warped_hyphae":3,"minecraft:spruce_pressure_plate":1,"minecraft:green_dye":1,"minecraft:hopper":1256,"minecraft:iron_boots":1,"minecraft:mossy_cobblestone_slab":150,"minecraft:raw_iron_block":9,"minecraft:oak_slab":1458,"minecraft:item_frame":312,"minecraft:map":95,"minecraft:crafting_table":92,"minecraft:spruce_planks":9652,"minecraft:wooden_pickaxe":1,"minecraft:gold_block":8,"minecraft:hopper_minecart":89,"minecraft:brewing_stand":2,"minecraft:birch_planks":14856,"minecraft:black_shulker_box":1,"minecraft:dark_oak_slab":126,"minecraft:emerald_block":24,"minecraft:iron_chestplate":1,"minecraft:book":92,"minecraft:paper":5257,"minecraft:diamond_pickaxe":24,"minecraft:charcoal":24,"minecraft:shield":3,"minecraft:light_weighted_pressure_plate":2,"minecraft:birch_fence":129,"minecraft:light_blue_dye":128,"minecraft:stone_sword":1,"minecraft:snow_block":181,"minecraft:redstone_torch":1517,"minecraft:polished_blackstone_brick_stairs":40,"minecraft:gray_carpet":1220,"minecraft:sponge":169,"minecraft:shears":46,"minecraft:green_carpet":75,"minecraft:wooden_sword":1,"minecraft:cobbled_deepslate_slab":124,"minecraft:redstone":7099,"minecraft:coal":207,"minecraft:stone_button":3003,"minecraft:dark_oak_trapdoor":104,"minecraft:gray_dye":2230,"minecraft:dark_oak_sign":63,"minecraft:diamond_block":23,"minecraft:glass_pane":176,"minecraft:warped_fence":9,"minecraft:blue_ice":38,"minecraft:yellow_shulker_box":2,"minecraft:polished_deepslate":31,"minecraft:black_terracotta":64,"minecraft:iron_axe":1,"minecraft:slime_ball":639,"minecraft:lime_dye":130,"minecraft:warped_button":1012,"minecraft:netherite_scrap":16,"minecraft:observer":571,"minecraft:minecart":174,"minecraft:cooked_beef":622,"minecraft:sugar":36,"minecraft:red_dye":263,"minecraft:cooked_cod":14,"minecraft:bone_block":555,"minecraft:crimson_planks":36,"minecraft:diamond_sword":8,"minecraft:spruce_sign":3,"minecraft:powered_rail":554,"minecraft:activator_rail":24,"minecraft:nether_bricks":26,"minecraft:bucket":45,"minecraft:stone_axe":1,"minecraft:air":0,"minecraft:mossy_cobblestone_wall":20,"minecraft:bread":12,"minecraft:black_stained_glass":11024,"minecraft:blue_dye":129,"minecraft:oak_boat":19,"minecraft:white_wool":386,"minecraft:gold_nugget":1529,"minecraft:dark_prismarine_slab":50,"minecraft:green_wool":51,"minecraft:nether_wart_block":4,"minecraft:acacia_planks":6804,"minecraft:blackstone_slab":36,"minecraft:lapis_lazuli":279,"minecraft:lapis_block":54,"minecraft:clay":64,"minecraft:trapped_chest":3,"minecraft:firework_rocket":12222},"minecraft:dropped":{"minecraft:iron_sword":1,"minecraft:porkchop":4,"minecraft:lapis_lazuli":56,"minecraft:glow_ink_sac":106,"minecraft:chorus_fruit":21,"minecraft:glass_bottle":41,"minecraft:diamond":191,"minecraft:crafting_table":5,"minecraft:cooked_porkchop":5,"minecraft:dark_oak_slab":1,"minecraft:weeping_vines":1,"minecraft:glow_berries":5,"minecraft:warped_roots":44,"minecraft:black_bed":1,"minecraft:oxidized_cut_copper_slab":3,"minecraft:dark_oak_trapdoor":3,"minecraft:netherite_boots":2,"minecraft:writable_book":2,"minecraft:gold_nugget":1425,"minecraft:sand":2444,"minecraft:dark_oak_planks":5,"minecraft:fishing_rod":2,"minecraft:white_wool":2,"minecraft:waxed_cut_copper_slab":2,"minecraft:diamond_block":2,"minecraft:ancient_debris":1,"minecraft:lever":1,"minecraft:iron_nugget":176,"minecraft:cooked_chicken":46,"minecraft:cobbled_deepslate":965,"minecraft:tinted_glass":1,"minecraft:black_carpet":8,"minecraft:netherite_sword":2,"minecraft:wheat":124,"minecraft:obsidian":354,"minecraft:rotten_flesh":13339,"minecraft:oak_planks":79,"minecraft:glowstone_dust":46,"minecraft:warped_sign":1,"minecraft:warped_planks":72,"minecraft:sea_lantern":8,"minecraft:coal_ore":29,"minecraft:leather_boots":7,"minecraft:leather_leggings":5,"minecraft:glass":132,"minecraft:beef":4,"minecraft:golden_boots":21,"minecraft:black_dye":4,"minecraft:wheat_seeds":1590,"minecraft:deepslate_redstone_ore":20,"minecraft:dripstone_block":1,"minecraft:cobbled_deepslate_wall":64,"minecraft:prismarine_crystals":6,"minecraft:deepslate_tile_slab":40,"minecraft:warped_trapdoor":1,"minecraft:gray_wool":16,"minecraft:ink_sac":2,"minecraft:lapis_ore":3,"minecraft:potion":45,"minecraft:stripped_birch_log":1,"minecraft:red_dye":117,"minecraft:chipped_anvil":2,"minecraft:smooth_stone":2,"minecraft:chainmail_leggings":3,"minecraft:acacia_planks":118,"minecraft:snow_block":68,"minecraft:soul_soil":128,"minecraft:netherite_hoe":1,"minecraft:player_head":232,"minecraft:sticky_piston":32,"minecraft:iron_boots":6,"minecraft:damaged_anvil":1,"minecraft:cobbled_deepslate_slab":21,"minecraft:white_shulker_box":2,"minecraft:oak_sign":2,"minecraft:shears":11,"minecraft:diamond_sword":11,"minecraft:spruce_boat":2,"minecraft:sea_pickle":6,"minecraft:spruce_planks":49,"minecraft:diamond_pickaxe":9,"minecraft:fire_coral_block":5,"minecraft:redstone_torch":4,"minecraft:stone_bricks":40,"minecraft:sandstone":958,"minecraft:bow":127,"minecraft:acacia_boat":2,"minecraft:soul_sand":228,"minecraft:moss_block":18,"minecraft:orange_dye":1,"minecraft:oak_log":22,"minecraft:ender_pearl":4769,"minecraft:nether_star":1,"minecraft:jungle_fence":50,"minecraft:leather":316,"minecraft:jungle_planks":95,"minecraft:mossy_cobblestone_wall":11,"minecraft:birch_slab":5,"minecraft:cod":33,"minecraft:mutton":1,"minecraft:snowball":4500,"minecraft:axolotl_bucket":10,"minecraft:tube_coral":1,"minecraft:black_concrete":76,"minecraft:gold_ingot":79,"minecraft:magenta_stained_glass":5,"minecraft:twisting_vines":99,"minecraft:mycelium":1,"minecraft:leather_chestplate":15,"minecraft:trident":2,"minecraft:stone_brick_wall":100,"minecraft:iron_ore":33,"minecraft:scaffolding":301,"minecraft:white_concrete_powder":2,"minecraft:light_gray_concrete_powder":1,"minecraft:splash_potion":10,"minecraft:bread":2,"minecraft:vine":66,"minecraft:golden_helmet":18,"minecraft:lilac":2,"minecraft:netherite_axe":2,"minecraft:amethyst_block":74,"minecraft:spruce_fence_gate":14,"minecraft:iron_block":23,"minecraft:milk_bucket":1,"minecraft:mossy_cobblestone_slab":17,"minecraft:white_concrete":7,"minecraft:fire_charge":500,"minecraft:stonecutter":1,"minecraft:polished_basalt":1,"minecraft:orange_bed":1,"minecraft:cactus":46,"minecraft:redstone_block":37,"minecraft:polished_deepslate":52,"minecraft:kelp":827,"minecraft:lime_concrete":1,"minecraft:totem_of_undying":1,"minecraft:shulker_box":15,"minecraft:netherite_leggings":1,"minecraft:flint_and_steel":1,"minecraft:deepslate_bricks":42,"minecraft:copper_ore":64,"minecraft:andesite":1280,"minecraft:golden_leggings":18,"minecraft:oak_sapling":11,"minecraft:birch_sign":7,"minecraft:spruce_log":12,"minecraft:magma_cream":26,"minecraft:light_blue_terracotta":33,"minecraft:medium_amethyst_bud":6,"minecraft:amethyst_cluster":102,"minecraft:clay":10,"minecraft:piston":28,"minecraft:cooked_beef":42,"minecraft:purpur_stairs":3,"minecraft:elytra":9,"minecraft:rail":6,"minecraft:leather_helmet":7,"minecraft:item_frame":1,"minecraft:dirt":2234,"minecraft:grass":5,"minecraft:stone_button":26,"minecraft:chain":15,"minecraft:bone_block":75,"minecraft:bone_meal":2345,"minecraft:deepslate_coal_ore":5,"minecraft:sunflower":1,"minecraft:phantom_membrane":14,"minecraft:dark_oak_boat":17,"minecraft:gray_dye":1,"minecraft:bone":16563,"minecraft:green_wool":1,"minecraft:emerald_block":1,"minecraft:sugar_cane":9,"minecraft:golden_chestplate":28,"minecraft:detector_rail":1,"minecraft:nether_brick":258,"minecraft:birch_sapling":24,"minecraft:deepslate_brick_slab":60,"minecraft:netherite_shovel":2,"minecraft:end_stone":62,"minecraft:white_bed":1,"minecraft:dark_oak_fence_gate":2,"minecraft:salmon":3,"minecraft:tipped_arrow":5821,"minecraft:deepslate_tiles":104,"minecraft:charcoal":2,"minecraft:ladder":68,"minecraft:white_dye":22,"minecraft:crying_obsidian":89,"minecraft:ghast_tear":65,"minecraft:dead_tube_coral_block":4,"minecraft:egg":352,"minecraft:enchanted_book":5,"minecraft:iron_ingot":569,"minecraft:netherite_pickaxe":7,"minecraft:birch_leaves":1,"minecraft:cobbled_deepslate_stairs":145,"minecraft:copper_block":128,"minecraft:polished_blackstone":57,"minecraft:deepslate_brick_wall":4,"minecraft:netherite_helmet":2,"minecraft:iron_helmet":1,"minecraft:oak_fence":4,"minecraft:feather":296,"minecraft:cobblestone":7771,"minecraft:granite":1847,"minecraft:spruce_button":6,"minecraft:polished_blackstone_button":5,"minecraft:chainmail_helmet":2,"minecraft:coal":104,"minecraft:end_rod":64,"minecraft:oxeye_daisy":3,"minecraft:golden_carrot":102,"minecraft:sponge":1,"minecraft:wooden_hoe":1,"minecraft:gray_bed":58,"minecraft:rose_bush":4,"minecraft:diamond_helmet":3,"minecraft:mossy_cobblestone_stairs":14,"minecraft:iron_shovel":1,"minecraft:paper":43,"minecraft:string":240,"minecraft:blue_candle":4,"minecraft:polished_deepslate_wall":70,"minecraft:gray_carpet":127,"minecraft:spruce_sapling":1,"minecraft:purpur_pillar":6,"minecraft:moss_carpet":27,"minecraft:redstone_ore":2,"minecraft:soul_torch":2,"minecraft:stone_sword":11,"minecraft:cobblestone_wall":6,"minecraft:smooth_stone_slab":24,"minecraft:deepslate":1478,"minecraft:chicken":15,"minecraft:polished_deepslate_slab":250,"minecraft:stone_slab":133,"minecraft:glow_lichen":20,"minecraft:diamond_ore":1,"minecraft:spruce_fence":19,"minecraft:pumpkin_seeds":56,"minecraft:light_blue_dye":56,"minecraft:potato":1,"minecraft:cobblestone_slab":65,"minecraft:stone":8271,"minecraft:carved_pumpkin":1,"minecraft:spider_eye":151,"minecraft:birch_boat":3,"minecraft:spruce_sign":1,"minecraft:brown_mushroom":2,"minecraft:birch_planks":40,"minecraft:diamond_axe":10,"minecraft:baked_potato":2,"minecraft:lime_shulker_box":2,"minecraft:lantern":1,"minecraft:deepslate_tile_wall":1,"minecraft:tube_coral_fan":1,"minecraft:flint":69,"minecraft:deepslate_tile_stairs":16,"minecraft:cyan_terracotta":358,"minecraft:crimson_roots":2,"minecraft:cooked_cod":1,"minecraft:pumpkin_pie":4,"minecraft:amethyst_shard":18,"minecraft:birch_log":97,"minecraft:black_stained_glass":9,"minecraft:brown_mushroom_block":1,"minecraft:gravel":706,"minecraft:blackstone":1621,"minecraft:diamond_shovel":7,"minecraft:carrot":20,"minecraft:chainmail_chestplate":2,"minecraft:shulker_shell":352,"minecraft:poppy":1882,"minecraft:gunpowder":137,"minecraft:chainmail_boots":3,"minecraft:azalea":2,"minecraft:chest":81,"minecraft:arrow":7428,"minecraft:basalt":2428,"minecraft:blackstone_slab":2,"minecraft:powered_rail":11,"minecraft:prismarine_bricks":64,"minecraft:quartz":76,"minecraft:written_book":18,"minecraft:oak_leaves":109,"minecraft:netherrack":4944,"minecraft:firework_rocket":413,"minecraft:water_bucket":5,"minecraft:oak_slab":5,"minecraft:mossy_cobblestone":44,"minecraft:minecart":3,"minecraft:diamond_leggings":7,"minecraft:lead":12,"minecraft:spectral_arrow":251,"minecraft:observer":22,"minecraft:copper_ingot":57,"minecraft:grass_block":563,"minecraft:stick":162,"minecraft:diorite":1563,"minecraft:nether_gold_ore":3,"minecraft:light_blue_stained_glass":128,"minecraft:torch":191,"minecraft:flowering_azalea":4,"minecraft:bucket":7,"minecraft:dandelion":2,"minecraft:smooth_basalt":109,"minecraft:redstone":93,"minecraft:anvil":1,"minecraft:gray_stained_glass":8,"minecraft:ender_chest":1,"minecraft:coarse_dirt":112,"minecraft:raw_copper":61,"minecraft:tuff":91,"minecraft:raw_iron":157,"minecraft:acacia_leaves":1,"minecraft:glass_pane":16,"minecraft:red_terracotta":97,"minecraft:filled_map":3,"minecraft:snow":1,"minecraft:shield":3,"minecraft:black_concrete_powder":2,"minecraft:diamond_chestplate":2,"minecraft:iron_chestplate":1,"minecraft:oak_boat":56,"minecraft:golden_sword":18,"minecraft:diamond_boots":4,"minecraft:slime_ball":45,"minecraft:raw_gold":31,"minecraft:nether_quartz_ore":11,"minecraft:calcite":3},"minecraft:killed":{"minecraft:cod":13,"minecraft:salmon":1,"minecraft:pillager":22,"minecraft:goat":7,"minecraft:zombie":1093,"minecraft:endermite":8,"minecraft:snow_golem":3,"minecraft:husk":17,"minecraft:zombified_piglin":146857,"minecraft:witch":17,"minecraft:spider":277,"minecraft:wither":2,"minecraft:axolotl":3,"minecraft:silverfish":1,"minecraft:piglin":338,"minecraft:zombie_villager":16,"minecraft:sheep":54,"minecraft:trader_llama":14,"minecraft:ghast":18,"minecraft:slime":468,"minecraft:drowned":403679,"minecraft:hoglin":4,"minecraft:squid":423,"minecraft:wither_skeleton":91,"minecraft:player":9,"minecraft:villager":1,"minecraft:cave_spider":547,"minecraft:shulker":39,"minecraft:skeleton":2016,"minecraft:chicken":171,"minecraft:magma_cube":880,"minecraft:glow_squid":4,"minecraft:cow":433,"minecraft:wandering_trader":4,"minecraft:enderman":19130,"minecraft:creeper":381,"minecraft:stray":309577,"minecraft:blaze":274,"minecraft:phantom":18,"minecraft:bat":8}},"DataVersion":2730}