{"stats":{"minecraft:custom":{"minecraft:jump":2,"minecraft:time_since_rest":14691866,"minecraft:damage_taken":40,"minecraft:leave_game":214,"minecraft:play_time":14691866,"minecraft:time_since_death":14691866,"minecraft:walk_on_water_one_cm":11954,"minecraft:walk_one_cm":1481,"minecraft:sneak_time":29854,"minecraft:total_world_time":14691866,"minecraft:climb_one_cm":16,"minecraft:walk_under_water_one_cm":13988,"minecraft:fall_one_cm":659,"minecraft:fly_one_cm":11389716},"minecraft:picked_up":{"minecraft:dirt":2}},"DataVersion":2730}