{"stats":{"minecraft:killed_by":{"minecraft:zombie_villager":1,"minecraft:magma_cube":2,"minecraft:zombie":5,"minecraft:drowned":1,"minecraft:skeleton":11,"minecraft:slime":1,"minecraft:creeper":13,"minecraft:piglin":1,"minecraft:player":4,"minecraft:spider":1,"minecraft:enderman":1,"minecraft:phantom":1},"minecraft:broken":{"minecraft:shears":32,"minecraft:wooden_sword":1,"minecraft:iron_pickaxe":2,"minecraft:wooden_hoe":1,"minecraft:stone_axe":1,"minecraft:bow":1,"minecraft:iron_axe":1,"minecraft:golden_helmet":1,"minecraft:golden_leggings":1,"minecraft:leather_boots":1},"minecraft:custom":{"minecraft:interact_with_crafting_table":1777,"minecraft:damage_blocked_by_shield":610,"minecraft:play_time":32066556,"minecraft:deaths":88,"minecraft:jump":216692,"minecraft:play_record":8,"minecraft:inspect_dispenser":387,"minecraft:horse_one_cm":32339,"minecraft:inspect_dropper":44,"minecraft:interact_with_anvil":223,"minecraft:inspect_hopper":1024,"minecraft:tune_noteblock":67,"minecraft:time_since_rest":5470,"minecraft:swim_one_cm":6243935,"minecraft:open_chest":17498,"minecraft:open_shulker_box":15376,"minecraft:damage_resisted":187,"minecraft:play_noteblock":36,"minecraft:talked_to_villager":6,"minecraft:interact_with_brewingstand":334,"minecraft:interact_with_beacon":31,"minecraft:fill_cauldron":3,"minecraft:interact_with_campfire":36,"minecraft:boat_one_cm":9366751,"minecraft:damage_taken":264958,"minecraft:aviate_one_cm":518231626,"minecraft:open_barrel":2469,"minecraft:leave_game":735,"minecraft:eat_cake_slice":1,"minecraft:time_since_death":5409,"minecraft:enchant_item":373,"minecraft:interact_with_furnace":2738,"minecraft:sleep_in_bed":785,"minecraft:damage_dealt":362013,"minecraft:interact_with_smithing_table":13,"minecraft:sneak_time":1987239,"minecraft:interact_with_lectern":85,"minecraft:interact_with_blast_furnace":17,"minecraft:total_world_time":32066556,"minecraft:interact_with_stonecutter":635,"minecraft:fly_one_cm":60097607,"minecraft:fall_one_cm":5368122,"minecraft:animals_bred":281,"minecraft:sprint_one_cm":93522268,"minecraft:drop":4323,"minecraft:walk_on_water_one_cm":4089586,"minecraft:interact_with_loom":21,"minecraft:open_enderchest":1746,"minecraft:player_kills":8,"minecraft:crouch_one_cm":6534644,"minecraft:mob_kills":48563,"minecraft:climb_one_cm":965053,"minecraft:walk_one_cm":41271515,"minecraft:walk_under_water_one_cm":5243391,"minecraft:pot_flower":10,"minecraft:interact_with_grindstone":196,"minecraft:damage_absorbed":100,"minecraft:trigger_trapped_chest":12},"minecraft:used":{"minecraft:writable_book":209,"minecraft:chiseled_deepslate":2192,"minecraft:smooth_quartz_slab":150,"minecraft:dispenser":66,"minecraft:poppy":1,"minecraft:black_carpet":5,"minecraft:quartz_stairs":48,"minecraft:stone":19687,"minecraft:warped_sign":48,"minecraft:waxed_weathered_cut_copper_stairs":207,"minecraft:tube_coral":52,"minecraft:soul_sand":47,"minecraft:weathered_copper":255,"minecraft:cut_copper":77,"minecraft:cracked_deepslate_tiles":12,"minecraft:deepslate_brick_slab":1390,"minecraft:snowball":373,"minecraft:azure_bluet":4,"minecraft:weeping_vines":20,"minecraft:spruce_boat":4,"minecraft:polished_blackstone_slab":633,"minecraft:jungle_sapling":332,"minecraft:packed_ice":43,"minecraft:lava_bucket":179,"minecraft:stripped_dark_oak_wood":1,"minecraft:deepslate_copper_ore":29,"minecraft:quartz_block":48,"minecraft:dark_oak_slab":1306,"minecraft:waxed_weathered_cut_copper":2,"minecraft:bow":547,"minecraft:oak_sapling":262,"minecraft:cooked_cod":30,"minecraft:acacia_fence":5,"minecraft:deepslate_brick_wall":283,"minecraft:mossy_stone_bricks":4,"minecraft:damaged_anvil":3,"minecraft:chorus_fruit":6,"minecraft:blackstone":159,"minecraft:cactus":1051,"minecraft:clay":33,"minecraft:jungle_boat":28,"minecraft:glow_berries":205,"minecraft:cut_sandstone_slab":128,"minecraft:blast_furnace":182,"minecraft:weathered_cut_copper_slab":136,"minecraft:gray_concrete":186,"minecraft:deepslate_brick_stairs":957,"minecraft:purple_concrete_powder":64,"minecraft:birch_fence":85,"minecraft:birch_slab":13,"minecraft:deepslate_iron_ore":180,"minecraft:oak_pressure_plate":2,"minecraft:flowering_azalea_leaves":1,"minecraft:diamond_sword":8452,"minecraft:coal_block":28,"minecraft:smithing_table":3,"minecraft:birch_log":19,"minecraft:oak_boat":177,"minecraft:waxed_cut_copper_stairs":136,"minecraft:oak_trapdoor":22,"minecraft:polished_blackstone_brick_slab":68,"minecraft:enchanting_table":1,"minecraft:dead_tube_coral_block":4,"minecraft:orange_concrete":201,"minecraft:dead_bush":6,"minecraft:armor_stand":25,"minecraft:light_gray_carpet":15,"minecraft:polished_blackstone_wall":310,"minecraft:exposed_cut_copper_stairs":52,"minecraft:torch":12277,"minecraft:brewing_stand":1,"minecraft:nether_quartz_ore":66,"minecraft:yellow_carpet":6,"minecraft:fern":1,"minecraft:mossy_cobblestone_stairs":15,"minecraft:sea_lantern":84,"minecraft:chipped_anvil":12,"minecraft:iron_block":1834,"minecraft:polished_deepslate_wall":689,"minecraft:jungle_log":83,"minecraft:barrel":207,"minecraft:bamboo":123,"minecraft:basalt":255,"minecraft:lime_concrete":489,"minecraft:warped_stairs":79,"minecraft:podzol":131,"minecraft:horn_coral_fan":94,"minecraft:calcite":1282,"minecraft:wheat_seeds":9874,"minecraft:warped_stem":396,"minecraft:light_blue_shulker_box":476,"minecraft:tube_coral_block":529,"minecraft:birch_planks":15,"minecraft:blue_concrete_powder":131,"minecraft:cauldron":3,"minecraft:spruce_fence_gate":16,"minecraft:glow_ink_sac":33,"minecraft:leather_boots":1,"minecraft:gold_ore":155,"minecraft:deepslate_bricks":4985,"minecraft:waxed_exposed_copper":65,"minecraft:polished_deepslate_slab":2560,"minecraft:diamond_block":287,"minecraft:rail":8,"minecraft:red_bed":4,"minecraft:crimson_trapdoor":62,"minecraft:white_bed":44,"minecraft:campfire":5,"minecraft:spruce_log":301,"minecraft:mushroom_stem":12,"minecraft:amethyst_cluster":1674,"minecraft:blue_stained_glass_pane":39,"minecraft:yellow_dye":3,"minecraft:diamond_pickaxe":141282,"minecraft:warped_trapdoor":1,"minecraft:diamond_shovel":98250,"minecraft:suspicious_stew":1,"minecraft:spruce_pressure_plate":3,"minecraft:leather_helmet":1,"minecraft:spruce_trapdoor":390,"minecraft:spruce_sapling":1535,"minecraft:blue_carpet":7,"minecraft:pink_bed":5,"minecraft:potion":59,"minecraft:cooked_porkchop":7,"minecraft:andesite_stairs":145,"minecraft:warped_fence_gate":1,"minecraft:stripped_oak_log":1,"minecraft:dandelion":1,"minecraft:diamond_leggings":4,"minecraft:green_stained_glass":7,"minecraft:light_blue_banner":11,"minecraft:moss_carpet":77,"minecraft:polished_deepslate":9283,"minecraft:bone_block":11,"minecraft:nether_wart":40,"minecraft:grass":4,"minecraft:bubble_coral":59,"minecraft:soul_campfire":23,"minecraft:spruce_leaves":2,"minecraft:jungle_planks":59,"minecraft:obsidian":394,"minecraft:big_dripleaf":1,"minecraft:waxed_oxidized_copper":3,"minecraft:bricks":42,"minecraft:spruce_wood":2,"minecraft:lantern":295,"minecraft:blue_orchid":3,"minecraft:polished_blackstone_brick_wall":120,"minecraft:warped_nylium":20,"minecraft:mossy_cobblestone_slab":79,"minecraft:item_frame":151,"minecraft:deepslate_diamond_ore":150,"minecraft:horn_coral":66,"minecraft:written_book":181,"minecraft:blue_shulker_box":107,"minecraft:gold_block":147,"minecraft:dark_oak_sapling":729,"minecraft:diamond_boots":5,"minecraft:tube_coral_fan":94,"minecraft:end_rod":8,"minecraft:dropper":17,"minecraft:wither_skeleton_skull":6,"minecraft:gray_carpet":493,"minecraft:stone_pickaxe":243,"minecraft:oak_planks":425,"minecraft:jungle_fence":3,"minecraft:sandstone":244,"minecraft:sugar_cane":206,"minecraft:diamond_axe":29523,"minecraft:white_wool":81,"minecraft:light_blue_concrete":52,"minecraft:yellow_concrete":47,"minecraft:deepslate_lapis_ore":10,"minecraft:end_stone":10,"minecraft:sticky_piston":45,"minecraft:dead_fire_coral_fan":1,"minecraft:lever":32,"minecraft:acacia_door":4,"minecraft:dark_oak_log":245,"minecraft:bread":308,"minecraft:brown_wool":6,"minecraft:iron_door":11,"minecraft:deepslate":6474,"minecraft:stripped_warped_hyphae":215,"minecraft:dead_horn_coral":1,"minecraft:blue_candle":25,"minecraft:light_blue_concrete_powder":64,"minecraft:dead_horn_coral_fan":1,"minecraft:chain":663,"minecraft:waxed_oxidized_cut_copper_stairs":6,"minecraft:smooth_stone_slab":180,"minecraft:mossy_cobblestone_wall":4,"minecraft:coarse_dirt":246,"minecraft:bone_meal":26592,"minecraft:orange_concrete_powder":159,"minecraft:rose_bush":3,"minecraft:waxed_weathered_copper":32,"minecraft:flint_and_steel":122,"minecraft:redstone":659,"minecraft:ender_chest":79,"minecraft:brown_shulker_box":78,"minecraft:deepslate_gold_ore":110,"minecraft:stone_hoe":80,"minecraft:cooked_chicken":1369,"minecraft:dirt":17871,"minecraft:spruce_fence":733,"minecraft:warped_pressure_plate":8,"minecraft:iron_hoe":127,"minecraft:light_gray_stained_glass":313,"minecraft:oak_stairs":104,"minecraft:iron_boots":1,"minecraft:yellow_concrete_powder":72,"minecraft:weathered_cut_copper":4,"minecraft:waxed_cut_copper_slab":138,"minecraft:black_stained_glass":4449,"minecraft:soul_soil":5,"minecraft:dark_oak_pressure_plate":9,"minecraft:lime_stained_glass":2134,"minecraft:deepslate_tile_stairs":1617,"minecraft:netherite_pickaxe":264944,"minecraft:dead_bubble_coral_block":4,"minecraft:cooked_beef":256,"minecraft:orange_stained_glass_pane":2,"minecraft:iron_leggings":3,"minecraft:cobbled_deepslate_wall":890,"minecraft:cobblestone_stairs":98,"minecraft:baked_potato":20,"minecraft:birch_boat":6,"minecraft:spruce_sign":10,"minecraft:waxed_copper_block":248,"minecraft:warped_roots":20,"minecraft:warped_planks":297,"minecraft:netherite_block":1,"minecraft:piston":211,"minecraft:wooden_hoe":108,"minecraft:flower_pot":12,"minecraft:black_wool":189,"minecraft:lapis_ore":85,"minecraft:stone_slab":1596,"minecraft:jungle_stairs":6,"minecraft:stone_axe":205,"minecraft:magenta_banner":1,"minecraft:fire_coral_block":8,"minecraft:cobbled_deepslate_slab":1071,"minecraft:end_crystal":1,"minecraft:pink_shulker_box":46,"minecraft:pumpkin_pie":4,"minecraft:sea_pickle":1472,"minecraft:gray_wool":80,"minecraft:birch_stairs":72,"minecraft:music_disc_far":8,"minecraft:nether_brick_fence":32,"minecraft:dead_horn_coral_block":1,"minecraft:polished_blackstone":3591,"minecraft:spruce_slab":275,"minecraft:elytra":23,"minecraft:ladder":90,"minecraft:green_banner":4,"minecraft:chest":731,"minecraft:white_shulker_box":127,"minecraft:acacia_button":61,"minecraft:weathered_cut_copper_stairs":69,"minecraft:acacia_sapling":1332,"minecraft:yellow_candle":25,"minecraft:honeycomb":554,"minecraft:netherite_shovel":57863,"minecraft:black_stained_glass_pane":555,"minecraft:warped_hyphae":111,"minecraft:grass_block":4203,"minecraft:birch_sapling":1309,"minecraft:orange_shulker_box":11,"minecraft:copper_ore":1526,"minecraft:dark_oak_button":1,"minecraft:stone_brick_stairs":829,"minecraft:snow":52,"minecraft:red_stained_glass_pane":47,"minecraft:dark_oak_boat":14,"minecraft:furnace":287,"minecraft:egg":1807,"minecraft:dragon_head":7,"minecraft:seagrass":41,"minecraft:magenta_shulker_box":37,"minecraft:light_blue_carpet":2,"minecraft:emerald_ore":7,"minecraft:diorite":1138,"minecraft:spruce_door":3,"minecraft:brick_wall":36,"minecraft:cut_copper_slab":53,"minecraft:red_stained_glass":1085,"minecraft:acacia_trapdoor":93,"minecraft:powered_rail":362,"minecraft:blackstone_stairs":4,"minecraft:lime_concrete_powder":369,"minecraft:purpur_pillar":33,"minecraft:oak_leaves":335,"minecraft:dark_oak_trapdoor":1433,"minecraft:sand":10442,"minecraft:waxed_weathered_cut_copper_slab":21,"minecraft:oxidized_cut_copper_slab":296,"minecraft:black_concrete_powder":5793,"minecraft:lightning_rod":17,"minecraft:deepslate_tiles":4102,"minecraft:crying_obsidian":3,"minecraft:stone_button":21,"minecraft:spore_blossom":37,"minecraft:lectern":12,"minecraft:red_terracotta":18,"minecraft:diamond_ore":200,"minecraft:lilac":7,"minecraft:soul_lantern":552,"minecraft:wooden_sword":118,"minecraft:dark_oak_fence":115,"minecraft:bubble_coral_block":97,"minecraft:gray_stained_glass":192,"minecraft:iron_bars":943,"minecraft:acacia_log":49,"minecraft:brain_coral_fan":212,"minecraft:red_concrete":151,"minecraft:mycelium":75,"minecraft:netherrack":5205,"minecraft:anvil":56,"minecraft:chorus_flower":12,"minecraft:twisting_vines":416,"minecraft:stone_stairs":137,"minecraft:nether_brick_slab":34,"minecraft:glow_lichen":4844,"minecraft:blue_concrete":44,"minecraft:nether_brick_stairs":17,"minecraft:polished_diorite":3,"minecraft:red_shulker_box":47,"minecraft:flowering_azalea":237,"minecraft:rooted_dirt":247,"minecraft:cyan_shulker_box":10,"minecraft:spruce_button":1,"minecraft:iron_axe":641,"minecraft:brick_stairs":11,"minecraft:slime_block":5,"minecraft:warped_fence":49,"minecraft:smooth_quartz":1,"minecraft:totem_of_undying":3,"minecraft:waxed_exposed_cut_copper_slab":1,"minecraft:smooth_basalt":89,"minecraft:raw_copper_block":1,"minecraft:tripwire_hook":7,"minecraft:purple_concrete":33,"minecraft:glowstone":505,"minecraft:oxidized_copper":1759,"minecraft:iron_trapdoor":14,"minecraft:acacia_wood":1,"minecraft:cobbled_deepslate":3259,"minecraft:orange_terracotta":2,"minecraft:observer":185,"minecraft:pointed_dripstone":4,"minecraft:hanging_roots":72,"minecraft:crimson_stem":116,"minecraft:water_bucket":1418,"minecraft:yellow_banner":1,"minecraft:nether_brick_wall":3,"minecraft:yellow_shulker_box":1,"minecraft:bubble_coral_fan":65,"minecraft:polished_blackstone_bricks":293,"minecraft:cracked_stone_bricks":145,"minecraft:mossy_cobblestone":210,"minecraft:lime_terracotta":31,"minecraft:comparator":48,"minecraft:vine":97,"minecraft:oak_slab":29,"minecraft:crafting_table":101,"minecraft:birch_sign":67,"minecraft:cod":3,"minecraft:dark_oak_fence_gate":6,"minecraft:fire_coral":61,"minecraft:lime_shulker_box":389,"minecraft:cake":10,"minecraft:deepslate_tile_wall":1055,"minecraft:small_amethyst_bud":68,"minecraft:oak_log":99,"minecraft:waxed_exposed_cut_copper_stairs":8,"minecraft:oxeye_daisy":2,"minecraft:stripped_jungle_log":13,"minecraft:iron_pickaxe":506,"minecraft:crimson_nylium":1,"minecraft:cobblestone":3168,"minecraft:red_concrete_powder":331,"minecraft:glass_pane":26,"minecraft:black_candle":48,"minecraft:jukebox":2,"minecraft:kelp":233,"minecraft:candle":33,"minecraft:purple_candle":7,"minecraft:iron_shovel":340,"minecraft:dead_tube_coral_fan":1,"minecraft:oak_sign":4,"minecraft:diamond_hoe":106324,"minecraft:white_concrete_powder":27104,"minecraft:shield":14,"minecraft:white_terracotta":12,"minecraft:iron_sword":347,"minecraft:purple_shulker_box":99,"minecraft:bell":1,"minecraft:player_head":131,"minecraft:smooth_sandstone_stairs":1,"minecraft:oxidized_cut_copper":121,"minecraft:iron_chestplate":1,"minecraft:white_candle":12,"minecraft:birch_pressure_plate":6,"minecraft:nether_bricks":4,"minecraft:carrot":55,"minecraft:deepslate_tile_slab":1688,"minecraft:tuff":1340,"minecraft:axolotl_bucket":33,"minecraft:milk_bucket":15,"minecraft:polished_deepslate_stairs":1502,"minecraft:glass":1117,"minecraft:cyan_terracotta":1185,"minecraft:coal_ore":1908,"minecraft:quartz_slab":119,"minecraft:iron_helmet":2,"minecraft:dark_oak_wood":38,"minecraft:gray_concrete_powder":202,"minecraft:hopper_minecart":6,"minecraft:stone_bricks":3877,"minecraft:repeater":183,"minecraft:red_carpet":55,"minecraft:redstone_lamp":241,"minecraft:magma_block":184,"minecraft:brown_carpet":25,"minecraft:warped_fungus":56,"minecraft:hay_block":163,"minecraft:scaffolding":3907,"minecraft:oxidized_cut_copper_stairs":538,"minecraft:gray_bed":272,"minecraft:fire_coral_fan":169,"minecraft:polished_blackstone_stairs":1063,"minecraft:golden_boots":1,"minecraft:chiseled_polished_blackstone":61,"minecraft:dark_oak_stairs":146,"minecraft:waxed_oxidized_cut_copper_slab":4,"minecraft:dark_oak_sign":15,"minecraft:birch_leaves":17,"minecraft:birch_wood":4,"minecraft:ender_pearl":639,"minecraft:redstone_block":134,"minecraft:blue_bed":2,"minecraft:large_amethyst_bud":94,"minecraft:brain_coral":30,"minecraft:yellow_terracotta":48,"minecraft:loom":4,"minecraft:deepslate_redstone_ore":455,"minecraft:black_bed":206,"minecraft:blackstone_wall":17,"minecraft:note_block":7,"minecraft:stone_brick_wall":157,"minecraft:cobbled_deepslate_stairs":389,"minecraft:shears":15787,"minecraft:exposed_copper":135,"minecraft:redstone_torch":73,"minecraft:melon_slice":6,"minecraft:black_concrete":2914,"minecraft:firework_rocket":21335,"minecraft:string":43,"minecraft:birch_fence_gate":2,"minecraft:gravel":2642,"minecraft:golden_helmet":1,"minecraft:blackstone_slab":95,"minecraft:jungle_sign":8,"minecraft:grindstone":953,"minecraft:medium_amethyst_bud":109,"minecraft:petrified_oak_slab":227,"minecraft:deepslate_coal_ore":352,"minecraft:andesite":2587,"minecraft:azalea":1294,"minecraft:warped_button":8,"minecraft:chest_minecart":6,"minecraft:white_concrete":1064,"minecraft:cobweb":42,"minecraft:trident":1,"minecraft:cracked_deepslate_bricks":503,"minecraft:redstone_ore":1029,"minecraft:spruce_planks":642,"minecraft:cut_copper_stairs":328,"minecraft:oak_door":8,"minecraft:spyglass":760,"minecraft:white_carpet":10,"minecraft:hopper":695,"minecraft:pink_carpet":10,"minecraft:warped_door":4,"minecraft:spruce_stairs":262,"minecraft:cobblestone_wall":82,"minecraft:oak_wood":1,"minecraft:granite":390,"minecraft:diamond_helmet":3,"minecraft:shulker_box":464,"minecraft:raw_iron_block":2,"minecraft:light_blue_stained_glass":649,"minecraft:andesite_wall":3,"minecraft:dark_oak_planks":152,"minecraft:bookshelf":10,"minecraft:red_candle":5,"minecraft:polished_blackstone_brick_stairs":359,"minecraft:light_gray_wool":810,"minecraft:golden_carrot":2922,"minecraft:emerald_block":15,"minecraft:white_stained_glass_pane":3,"minecraft:stone_pressure_plate":7,"minecraft:horn_coral_block":31,"minecraft:iron_ore":1885,"minecraft:amethyst_block":1274,"minecraft:glass_bottle":150,"minecraft:cyan_candle":57,"minecraft:pink_banner":3,"minecraft:andesite_slab":24,"minecraft:copper_block":3002,"minecraft:black_shulker_box":116,"minecraft:stonecutter":82,"minecraft:white_dye":17,"minecraft:beacon":18,"minecraft:cobblestone_slab":197,"minecraft:glow_item_frame":52,"minecraft:jungle_wood":2,"minecraft:terracotta":31,"minecraft:dead_fire_coral_block":7,"minecraft:light_gray_concrete_powder":1591,"minecraft:painting":43,"minecraft:dark_oak_door":18,"minecraft:acacia_stairs":2,"minecraft:cracked_polished_blackstone_bricks":28,"minecraft:map":10,"minecraft:acacia_fence_gate":1,"minecraft:green_shulker_box":43,"minecraft:white_banner":43,"minecraft:bucket":1690,"minecraft:yellow_bed":3,"minecraft:polished_blackstone_button":138,"minecraft:purple_carpet":21,"minecraft:smooth_stone":8,"minecraft:splash_potion":18,"minecraft:soul_torch":196,"minecraft:moss_block":165},"minecraft:mined":{"minecraft:blue_carpet":3,"minecraft:dragon_wall_head":2,"minecraft:cut_sandstone_slab":80,"minecraft:red_shulker_box":44,"minecraft:white_bed":18,"minecraft:pink_bed":5,"minecraft:weathered_cut_copper_slab":1,"minecraft:fire_coral_wall_fan":443,"minecraft:cyan_shulker_box":8,"minecraft:light_blue_carpet":1,"minecraft:granite":12222,"minecraft:acacia_log":1810,"minecraft:deepslate_tile_wall":214,"minecraft:exposed_cut_copper_stairs":2,"minecraft:nether_wart":39,"minecraft:red_stained_glass_pane":7,"minecraft:spawner":2,"minecraft:chorus_flower":12,"minecraft:polished_blackstone_bricks":92,"minecraft:magma_block":217,"minecraft:dark_oak_trapdoor":93,"minecraft:mossy_cobblestone_stairs":1,"minecraft:warped_pressure_plate":4,"minecraft:cobbled_deepslate":570,"minecraft:fire":1051,"minecraft:barrel":70,"minecraft:deepslate_lapis_ore":93,"minecraft:nether_brick_stairs":5,"minecraft:twisting_vines":925,"minecraft:spruce_pressure_plate":1,"minecraft:light_gray_concrete":14,"minecraft:pink_tulip":1,"minecraft:white_shulker_box":121,"minecraft:waxed_exposed_copper":40,"minecraft:white_banner":16,"minecraft:player_head":58,"minecraft:tripwire":21,"minecraft:blue_concrete_powder":3,"minecraft:kelp_plant":136,"minecraft:crimson_nylium":47,"minecraft:deepslate_brick_wall":11,"minecraft:deepslate_tile_slab":427,"minecraft:torch":1063,"minecraft:note_block":1,"minecraft:dark_oak_wood":5,"minecraft:melon":11,"minecraft:oxidized_copper":1145,"minecraft:dead_bush":62,"minecraft:white_stained_glass_pane":3,"minecraft:nether_brick_slab":3,"minecraft:spruce_wall_sign":2,"minecraft:smooth_quartz_slab":30,"minecraft:white_candle":10,"minecraft:sugar_cane":1779,"minecraft:tube_coral_fan":43,"minecraft:dead_tube_coral_fan":1,"minecraft:lime_shulker_box":188,"minecraft:bricks":42,"minecraft:amethyst_block":929,"minecraft:birch_sapling":48,"minecraft:white_terracotta":6,"minecraft:chain":98,"minecraft:repeater":13,"minecraft:jukebox":2,"minecraft:grass":2039,"minecraft:dark_oak_sapling":9,"minecraft:smooth_basalt":326,"minecraft:deepslate":53414,"minecraft:attached_pumpkin_stem":1,"minecraft:deepslate_tiles":434,"minecraft:mossy_cobblestone":105,"minecraft:purple_candle":3,"minecraft:orange_concrete_powder":1,"minecraft:dark_oak_log":2678,"minecraft:sea_lantern":21,"minecraft:end_stone":4,"minecraft:birch_fence_gate":3,"minecraft:dark_oak_fence":24,"minecraft:spruce_fence":447,"minecraft:acacia_button":14,"minecraft:redstone_wire":69,"minecraft:red_mushroom":3,"minecraft:white_concrete_powder":1768,"minecraft:waxed_weathered_copper":71,"minecraft:horn_coral":67,"minecraft:redstone_ore":2635,"minecraft:acacia_trapdoor":6,"minecraft:andesite":13898,"minecraft:cobblestone_slab":4,"minecraft:vine":456,"minecraft:rail":27,"minecraft:brain_coral_wall_fan":424,"minecraft:bone_block":35,"minecraft:fire_coral_block":1177,"minecraft:ender_chest":66,"minecraft:birch_stairs":71,"minecraft:oak_slab":19,"minecraft:waxed_weathered_cut_copper_stairs":103,"minecraft:redstone_block":32,"minecraft:soul_sand":546,"minecraft:lily_of_the_valley":10,"minecraft:dandelion":123,"minecraft:polished_blackstone_brick_wall":8,"minecraft:fire_coral":67,"minecraft:cornflower":38,"minecraft:warped_roots":481,"minecraft:copper_ore":4109,"minecraft:tall_grass":315,"minecraft:campfire":4,"minecraft:lightning_rod":2,"minecraft:brain_coral_fan":45,"minecraft:purpur_pillar":38,"minecraft:deepslate_gold_ore":316,"minecraft:diorite":13360,"minecraft:warped_wart_block":2541,"minecraft:black_stained_glass":185,"minecraft:red_terracotta":8,"minecraft:cut_copper_slab":21,"minecraft:coarse_dirt":56,"minecraft:cobblestone_wall":4,"minecraft:dark_oak_wall_sign":5,"minecraft:purple_concrete":65,"minecraft:gravel":30149,"minecraft:cobweb":349,"minecraft:birch_sign":7,"minecraft:polished_blackstone":760,"minecraft:stone_bricks":846,"minecraft:gold_ore":496,"minecraft:chipped_anvil":17,"minecraft:iron_trapdoor":1,"minecraft:fern":80,"minecraft:oak_sapling":8,"minecraft:farmland":198,"minecraft:andesite_stairs":5,"minecraft:magenta_banner":1,"minecraft:dead_horn_coral":1,"minecraft:spruce_trapdoor":200,"minecraft:budding_amethyst":15,"minecraft:cracked_polished_blackstone_bricks":4,"minecraft:white_concrete":1598,"minecraft:bubble_coral_fan":67,"minecraft:polished_diorite":3,"minecraft:polished_blackstone_brick_slab":31,"minecraft:mossy_cobblestone_slab":3,"minecraft:dragon_head":4,"minecraft:green_stained_glass":2,"minecraft:red_tulip":18,"minecraft:pointed_dripstone":11,"minecraft:flowering_azalea_leaves":5277,"minecraft:iron_bars":190,"minecraft:azalea":36,"minecraft:spruce_slab":57,"minecraft:waxed_cut_copper_stairs":15,"minecraft:waxed_cut_copper":1,"minecraft:deepslate_redstone_ore":1317,"minecraft:brown_shulker_box":72,"minecraft:quartz_block":13,"minecraft:polished_blackstone_wall":35,"minecraft:exposed_copper":209,"minecraft:medium_amethyst_bud":117,"minecraft:orange_terracotta":29,"minecraft:purpur_stairs":8,"minecraft:jungle_stairs":4,"minecraft:beacon":20,"minecraft:wither_skeleton_wall_skull":1,"minecraft:nether_quartz_ore":1078,"minecraft:oak_planks":280,"minecraft:light_blue_banner":1,"minecraft:wall_torch":270,"minecraft:petrified_oak_slab":132,"minecraft:stone_stairs":7,"minecraft:fire_coral_fan":81,"minecraft:warped_nylium":41,"minecraft:powered_rail":10,"minecraft:dark_oak_slab":102,"minecraft:warped_planks":47,"minecraft:exposed_cut_copper_slab":1,"minecraft:smooth_stone_slab":27,"minecraft:oak_log":4095,"minecraft:lime_terracotta":1,"minecraft:dirt":19504,"minecraft:waxed_weathered_cut_copper":2,"minecraft:raw_copper_block":1,"minecraft:dispenser":7,"minecraft:ancient_debris":94,"minecraft:cyan_candle":12,"minecraft:crying_obsidian":2,"minecraft:pink_carpet":5,"minecraft:quartz_stairs":12,"minecraft:dark_oak_leaves":9649,"minecraft:red_stained_glass":102,"minecraft:glow_lichen":4518,"minecraft:lever":6,"minecraft:ladder":31,"minecraft:tube_coral_wall_fan":393,"minecraft:stone_button":6,"minecraft:yellow_candle":2,"minecraft:weathered_copper":585,"minecraft:brown_mushroom_block":293,"minecraft:soul_campfire":1,"minecraft:birch_slab":13,"minecraft:spruce_leaves":11336,"minecraft:crimson_stem":233,"minecraft:dead_horn_coral_wall_fan":2,"minecraft:hay_block":78,"minecraft:light_blue_wall_banner":2,"minecraft:nether_sprouts":321,"minecraft:waxed_oxidized_cut_copper_slab":4,"minecraft:orange_stained_glass_pane":2,"minecraft:peony":4,"minecraft:gold_block":35,"minecraft:nether_brick_fence":5,"minecraft:bookshelf":3,"minecraft:deepslate_iron_ore":806,"minecraft:shroomlight":66,"minecraft:oxidized_cut_copper_slab":115,"minecraft:stripped_oak_log":1,"minecraft:scaffolding":2203,"minecraft:acacia_leaves":18421,"minecraft:magenta_stained_glass":3,"minecraft:snow_block":142,"minecraft:stripped_dark_oak_log":1,"minecraft:basalt":2724,"minecraft:oak_fence":101,"minecraft:gray_stained_glass":4,"minecraft:stone_slab":74,"minecraft:deepslate_coal_ore":1581,"minecraft:red_concrete":330,"minecraft:polished_blackstone_brick_stairs":50,"minecraft:birch_planks":156,"minecraft:dead_fire_coral_block":8,"minecraft:bubble_coral":72,"minecraft:sea_pickle":442,"minecraft:polished_blackstone_slab":28,"minecraft:white_wall_banner":1,"minecraft:bee_nest":1,"minecraft:black_wool":6,"minecraft:dead_brain_coral_wall_fan":1,"minecraft:cocoa":18,"minecraft:flower_pot":3,"minecraft:yellow_concrete":81,"minecraft:purple_shulker_box":98,"minecraft:cracked_stone_bricks":8,"minecraft:mossy_stone_bricks":3,"minecraft:jungle_wall_sign":1,"minecraft:dark_oak_planks":35,"minecraft:stripped_warped_stem":320,"minecraft:light_blue_concrete":73,"minecraft:jungle_leaves":14995,"minecraft:obsidian":312,"minecraft:warped_stairs":3,"minecraft:chiseled_polished_blackstone":7,"minecraft:crimson_trapdoor":5,"minecraft:stone_brick_wall":27,"minecraft:jungle_log":4270,"minecraft:horn_coral_fan":67,"minecraft:coal_block":8,"minecraft:deepslate_bricks":802,"minecraft:hopper":72,"minecraft:lime_stained_glass":18,"minecraft:purpur_slab":2,"minecraft:deepslate_tile_stairs":363,"minecraft:bubble_coral_block":1382,"minecraft:tube_coral_block":1195,"minecraft:crimson_fungus":4,"minecraft:oxeye_daisy":9,"minecraft:light_blue_stained_glass":33,"minecraft:orange_concrete":233,"minecraft:tall_seagrass":260,"minecraft:sticky_piston":5,"minecraft:dead_fire_coral_wall_fan":1,"minecraft:moss_carpet":18,"minecraft:pumpkin":5,"minecraft:stripped_dark_oak_wood":1,"minecraft:oak_sign":1,"minecraft:cave_vines":18,"minecraft:polished_deepslate_slab":276,"minecraft:dirt_path":441,"minecraft:oak_stairs":56,"minecraft:small_amethyst_bud":162,"minecraft:quartz_slab":25,"minecraft:deepslate_brick_stairs":258,"minecraft:smooth_sandstone_stairs":1,"minecraft:blue_orchid":24,"minecraft:iron_block":1811,"minecraft:piston_head":1,"minecraft:soul_wall_torch":1,"minecraft:brown_mushroom":196,"minecraft:red_bed":3,"minecraft:player_wall_head":36,"minecraft:amethyst_cluster":1723,"minecraft:oxidized_cut_copper_stairs":139,"minecraft:blast_furnace":10,"minecraft:glass":554,"minecraft:damaged_anvil":3,"minecraft:weathered_cut_copper_stairs":28,"minecraft:black_concrete_powder":24,"minecraft:light_gray_stained_glass":30,"minecraft:wheat":5679,"minecraft:lilac":29,"minecraft:pumpkin_stem":3,"minecraft:waxed_copper_block":38,"minecraft:lime_concrete":524,"minecraft:black_bed":142,"minecraft:warped_fungus":56,"minecraft:stone_brick_stairs":45,"minecraft:copper_block":781,"minecraft:loom":3,"minecraft:stripped_birch_wood":3,"minecraft:blue_shulker_box":106,"minecraft:red_mushroom_block":310,"minecraft:stonecutter":78,"minecraft:piston":12,"minecraft:yellow_terracotta":13,"minecraft:pink_shulker_box":45,"minecraft:blue_stained_glass_pane":6,"minecraft:stripped_birch_log":1,"minecraft:shulker_box":534,"minecraft:cobbled_deepslate_slab":41,"minecraft:nether_bricks":4,"minecraft:jungle_planks":8,"minecraft:crimson_roots":7,"minecraft:orange_shulker_box":9,"minecraft:horn_coral_wall_fan":452,"minecraft:moss_block":207,"minecraft:kelp":228,"minecraft:black_stained_glass_pane":134,"minecraft:jungle_sapling":123,"minecraft:polished_blackstone_button":104,"minecraft:snow":33,"minecraft:diamond_block":175,"minecraft:warped_wall_sign":5,"minecraft:warped_stem":591,"minecraft:bamboo_sapling":2,"minecraft:bamboo":212,"minecraft:cut_copper":14,"minecraft:brain_coral":74,"minecraft:white_wool":45,"minecraft:cake":1,"minecraft:smithing_table":3,"minecraft:light_gray_carpet":3,"minecraft:gray_concrete":209,"minecraft:comparator":2,"minecraft:hanging_roots":9,"minecraft:brown_carpet":5,"minecraft:observer":22,"minecraft:cobbled_deepslate_wall":90,"minecraft:light_gray_concrete_powder":174,"minecraft:emerald_ore":8,"minecraft:dropper":2,"minecraft:cracked_deepslate_bricks":94,"minecraft:white_carpet":9,"minecraft:spruce_log":4409,"minecraft:birch_leaves":19113,"minecraft:mycelium":613,"minecraft:dripstone_block":38,"minecraft:spruce_fence_gate":13,"minecraft:deepslate_emerald_ore":1,"minecraft:black_shulker_box":109,"minecraft:waxed_cut_copper_slab":82,"minecraft:large_amethyst_bud":147,"minecraft:spruce_planks":215,"minecraft:cobbled_deepslate_stairs":21,"minecraft:cobblestone_stairs":16,"minecraft:potted_blue_orchid":1,"minecraft:cave_vines_plant":2,"minecraft:grass_block":11526,"minecraft:dead_tube_coral_block":20,"minecraft:blue_concrete":131,"minecraft:soul_soil":38,"minecraft:stripped_warped_hyphae":117,"minecraft:warped_sign":2,"minecraft:smooth_stone":6,"minecraft:raw_iron_block":1,"minecraft:glowstone":866,"minecraft:iron_ore":6364,"minecraft:black_carpet":4,"minecraft:anvil":18,"minecraft:azure_bluet":8,"minecraft:dark_oak_stairs":21,"minecraft:purple_carpet":1,"minecraft:black_candle":8,"minecraft:birch_wall_sign":17,"minecraft:azalea_leaves":15777,"minecraft:end_stone_bricks":20,"minecraft:brain_coral_block":1295,"minecraft:blackstone":5510,"minecraft:cyan_terracotta":85,"minecraft:dead_bubble_coral_block":37,"minecraft:twisting_vines_plant":119,"minecraft:polished_deepslate_stairs":330,"minecraft:melon_stem":2,"minecraft:soul_lantern":98,"minecraft:clay":99,"minecraft:dead_fire_coral_fan":1,"minecraft:calcite":1379,"minecraft:poppy":178,"minecraft:chest":367,"minecraft:mushroom_stem":81,"minecraft:cobblestone":759,"minecraft:grindstone":292,"minecraft:iron_door":9,"minecraft:deepslate_copper_ore":92,"minecraft:magenta_shulker_box":29,"minecraft:seagrass":305,"minecraft:red_candle":5,"minecraft:acacia_sapling":38,"minecraft:nether_wart_block":1,"minecraft:birch_log":2927,"minecraft:dark_oak_door":6,"minecraft:waxed_oxidized_cut_copper_stairs":6,"minecraft:purpur_block":24,"minecraft:light_gray_wool":36,"minecraft:orange_tulip":1,"minecraft:cracked_deepslate_tiles":2,"minecraft:acacia_fence":1,"minecraft:waxed_oxidized_copper":3,"minecraft:sand":88523,"minecraft:tripwire_hook":1,"minecraft:netherrack":13924,"minecraft:polished_deepslate_wall":44,"minecraft:oak_leaves":19422,"minecraft:horn_coral_block":1216,"minecraft:emerald_block":11,"minecraft:redstone_lamp":5,"minecraft:diamond_ore":439,"minecraft:nether_gold_ore":122,"minecraft:tube_coral":57,"minecraft:red_carpet":4,"minecraft:tuff":3214,"minecraft:deepslate_diamond_ore":247,"minecraft:potted_wither_rose":1,"minecraft:blackstone_wall":1,"minecraft:candle":11,"minecraft:oak_door":2,"minecraft:dark_oak_pressure_plate":7,"minecraft:brick_stairs":3,"minecraft:rooted_dirt":109,"minecraft:sandstone":1143,"minecraft:large_fern":1,"minecraft:spore_blossom":5,"minecraft:deepslate_brick_slab":130,"minecraft:oxidized_cut_copper":39,"minecraft:oak_trapdoor":6,"minecraft:red_concrete_powder":3,"minecraft:spruce_sapling":26,"minecraft:furnace":92,"minecraft:carrots":57,"minecraft:stripped_spruce_log":3,"minecraft:dark_oak_fence_gate":4,"minecraft:black_concrete":764,"minecraft:chiseled_deepslate":373,"minecraft:bell":1,"minecraft:dead_horn_coral_block":1,"minecraft:polished_deepslate":1941,"minecraft:lantern":27,"minecraft:stripped_acacia_log":1,"minecraft:stripped_jungle_log":13,"minecraft:packed_ice":507,"minecraft:chorus_plant":13,"minecraft:stone":208644,"minecraft:yellow_shulker_box":1,"minecraft:redstone_wall_torch":7,"minecraft:birch_pressure_plate":1,"minecraft:podzol":494,"minecraft:light_blue_shulker_box":430,"minecraft:flowering_azalea":28,"minecraft:cut_copper_stairs":17,"minecraft:brick_wall":4,"minecraft:soul_torch":8,"minecraft:spruce_door":3,"minecraft:crafting_table":68,"minecraft:blackstone_slab":11,"minecraft:lime_concrete_powder":1,"minecraft:rose_bush":23,"minecraft:andesite_slab":13,"minecraft:lectern":5,"minecraft:lapis_ore":303,"minecraft:lily_pad":12,"minecraft:blue_bed":1,"minecraft:spruce_stairs":99,"minecraft:blue_candle":6,"minecraft:gray_wool":2,"minecraft:cactus":1018,"minecraft:gray_concrete_powder":10,"minecraft:waxed_weathered_cut_copper_slab":1,"minecraft:green_shulker_box":42,"minecraft:polished_blackstone_stairs":175,"minecraft:redstone_torch":2,"minecraft:sweet_berry_bush":65,"minecraft:gray_bed":11,"minecraft:yellow_bed":3,"minecraft:coal_ore":10595,"minecraft:end_rod":12,"minecraft:bubble_coral_wall_fan":400,"minecraft:gray_carpet":120,"minecraft:terracotta":5993,"minecraft:birch_fence":127},"minecraft:picked_up":{"minecraft:blue_candle":6,"minecraft:smithing_table":3,"minecraft:lead":92,"minecraft:stone_slab":880,"minecraft:enchanted_book":1,"minecraft:purple_shulker_box":101,"minecraft:blue_concrete":131,"minecraft:polished_blackstone_brick_stairs":77,"minecraft:polished_deepslate":2097,"minecraft:music_disc_cat":2,"minecraft:string":259,"minecraft:dark_oak_pressure_plate":7,"minecraft:pufferfish":21,"minecraft:shroomlight":66,"minecraft:diamond_leggings":10,"minecraft:horn_coral_block":1161,"minecraft:bubble_coral":76,"minecraft:warped_slab":4,"minecraft:diamond_ore":139,"minecraft:polished_blackstone_brick_slab":31,"minecraft:weathered_cut_copper_slab":2,"minecraft:polished_blackstone_stairs":172,"minecraft:jukebox":2,"minecraft:big_dripleaf":1,"minecraft:acacia_log":1850,"minecraft:purpur_pillar":33,"minecraft:brick_wall":4,"minecraft:cut_copper_stairs":15,"minecraft:lightning_rod":2,"minecraft:warped_pressure_plate":4,"minecraft:end_crystal":29,"minecraft:golden_chestplate":7,"minecraft:cauldron":1,"minecraft:brown_carpet":7,"minecraft:stone_sword":11,"minecraft:horn_coral_fan":621,"minecraft:blackstone_wall":1,"minecraft:carved_pumpkin":1,"minecraft:red_tulip":33,"minecraft:glowstone":651,"minecraft:bookshelf":2,"minecraft:end_rod":65,"minecraft:white_terracotta":6,"minecraft:waxed_cut_copper":3,"minecraft:blaze_rod":26,"minecraft:iron_bars":275,"minecraft:snowball":847,"minecraft:feather":673,"minecraft:cooked_beef":115,"minecraft:medium_amethyst_bud":109,"minecraft:water_bucket":35,"minecraft:dark_oak_boat":17,"minecraft:copper_block":1465,"minecraft:flint":803,"minecraft:lantern":211,"minecraft:gray_concrete_powder":10,"minecraft:purple_carpet":9,"minecraft:hanging_roots":30,"minecraft:exposed_cut_copper_stairs":1,"minecraft:large_amethyst_bud":133,"minecraft:stonecutter":81,"minecraft:dark_oak_sign":19,"minecraft:diamond_helmet":9,"minecraft:rabbit":43,"minecraft:honeycomb":43,"minecraft:glow_lichen":4694,"minecraft:chiseled_polished_blackstone":7,"minecraft:lime_terracotta":1,"minecraft:birch_fence_gate":4,"minecraft:stripped_spruce_log":3,"minecraft:brown_mushroom_block":15,"minecraft:dead_fire_coral_fan":3,"minecraft:netherite_block":1,"minecraft:deepslate":13730,"minecraft:lever":12,"minecraft:granite":9370,"minecraft:rooted_dirt":141,"minecraft:deepslate_coal_ore":601,"minecraft:light_gray_carpet":3,"minecraft:crimson_roots":7,"minecraft:diamond_pickaxe":69,"minecraft:stripped_warped_hyphae":186,"minecraft:clay_ball":88,"minecraft:leather_leggings":4,"minecraft:redstone_lamp":13,"minecraft:dragon_head":7,"minecraft:acacia_button":14,"minecraft:purpur_block":21,"minecraft:yellow_candle":4,"minecraft:fire_coral":103,"minecraft:cornflower":37,"minecraft:elytra":52,"minecraft:flint_and_steel":8,"minecraft:white_carpet":13,"minecraft:iron_shovel":6,"minecraft:polished_blackstone_wall":28,"minecraft:glass_pane":20,"minecraft:stripped_warped_stem":320,"minecraft:jungle_sapling":685,"minecraft:poppy":181,"minecraft:spruce_slab":134,"minecraft:minecart":4,"minecraft:birch_sapling":1565,"minecraft:piston":11,"minecraft:waxed_oxidized_copper":3,"minecraft:diamond_hoe":18,"minecraft:copper_ore":1367,"minecraft:lime_shulker_box":196,"minecraft:black_stained_glass":176,"minecraft:stone":82895,"minecraft:fire_charge":170,"minecraft:white_dye":107,"minecraft:netherite_pickaxe":64,"minecraft:cyan_shulker_box":9,"minecraft:jungle_sign":4,"minecraft:purpur_slab":3,"minecraft:hay_block":78,"minecraft:cracked_deepslate_bricks":159,"minecraft:yellow_terracotta":12,"minecraft:totem_of_undying":4,"minecraft:polished_blackstone":742,"minecraft:mutton":35,"minecraft:rail":85,"minecraft:bone_block":242,"minecraft:emerald_ore":7,"minecraft:oxeye_daisy":10,"minecraft:birch_leaves":1983,"minecraft:yellow_shulker_box":1,"minecraft:tripwire_hook":2,"minecraft:fern":5,"minecraft:blackstone_slab":58,"minecraft:jungle_fence":1,"minecraft:purpur_stairs":7,"minecraft:lily_pad":13,"minecraft:paper":551,"minecraft:light_blue_banner":3,"minecraft:apple":152,"minecraft:warped_stem":638,"minecraft:spore_blossom":15,"minecraft:iron_ore":1869,"minecraft:magenta_stained_glass":3,"minecraft:gray_bed":19,"minecraft:dark_oak_stairs":20,"minecraft:smooth_basalt":315,"minecraft:milk_bucket":3,"minecraft:light_gray_stained_glass":23,"minecraft:sweet_berries":169,"minecraft:lime_concrete":518,"minecraft:weathered_copper":577,"minecraft:light_blue_stained_glass":159,"minecraft:crying_obsidian":2,"minecraft:leather_helmet":4,"minecraft:diamond_shovel":54,"minecraft:coal_ore":1648,"minecraft:slime_ball":325,"minecraft:deepslate_redstone_ore":652,"minecraft:painting":35,"minecraft:birch_sign":72,"minecraft:polished_blackstone_brick_wall":8,"minecraft:baked_potato":1139,"minecraft:smooth_quartz_slab":46,"minecraft:hopper":67,"minecraft:black_carpet":5,"minecraft:light_blue_concrete":67,"minecraft:ender_chest":71,"minecraft:nether_brick_fence":4,"minecraft:stone_brick_stairs":37,"minecraft:warped_stairs":2,"minecraft:lapis_block":6,"minecraft:dead_tube_coral_block":15,"minecraft:waxed_cut_copper_slab":90,"minecraft:deepslate_lapis_ore":56,"minecraft:red_candle":10,"minecraft:comparator":3,"minecraft:smooth_stone":190,"minecraft:bucket":33,"minecraft:red_dye":4,"minecraft:white_tulip":2,"minecraft:rose_bush":326,"minecraft:cobblestone_slab":60,"minecraft:azalea":1459,"minecraft:iron_pickaxe":1,"minecraft:deepslate_iron_ore":390,"minecraft:tipped_arrow":52,"minecraft:acacia_fence":2,"minecraft:polished_deepslate_stairs":395,"minecraft:spruce_stairs":96,"minecraft:netherite_shovel":10,"minecraft:diorite":10908,"minecraft:vine":351,"minecraft:rotten_flesh":727,"minecraft:brown_shulker_box":72,"minecraft:deepslate_copper_ore":33,"minecraft:chorus_flower":14,"minecraft:deepslate_brick_stairs":286,"minecraft:obsidian":346,"minecraft:blaze_powder":5,"minecraft:cobblestone":70459,"minecraft:leather_chestplate":8,"minecraft:lilac":31,"minecraft:repeater":17,"minecraft:dead_tube_coral_fan":1,"minecraft:andesite":11496,"minecraft:black_bed":160,"minecraft:golden_leggings":4,"minecraft:beacon":20,"minecraft:potato":5,"minecraft:smooth_sandstone_stairs":1,"minecraft:dirt":22656,"minecraft:cut_sandstone_slab":80,"minecraft:name_tag":5,"minecraft:glass":2692,"minecraft:bone":804,"minecraft:bow":56,"minecraft:wheat_seeds":17903,"minecraft:orange_tulip":19,"minecraft:grindstone":285,"minecraft:popped_chorus_fruit":14,"minecraft:netherite_axe":2,"minecraft:mossy_stone_bricks":5,"minecraft:bamboo":2620,"minecraft:waxed_exposed_copper":38,"minecraft:gray_stained_glass":11,"minecraft:black_stained_glass_pane":126,"minecraft:light_blue_shulker_box":442,"minecraft:nether_brick_stairs":5,"minecraft:grass_block":7143,"minecraft:warped_fence_gate":1,"minecraft:diamond_block":182,"minecraft:spectral_arrow":97,"minecraft:mossy_cobblestone":120,"minecraft:sugar":76,"minecraft:yellow_carpet":1,"minecraft:netherite_helmet":2,"minecraft:soul_lantern":155,"minecraft:cracked_polished_blackstone_bricks":4,"minecraft:bone_meal":589,"minecraft:grass":14,"minecraft:spruce_sign":6,"minecraft:netherrack":12760,"minecraft:chorus_fruit":113,"minecraft:andesite_slab":13,"minecraft:oak_leaves":12340,"minecraft:azure_bluet":9,"minecraft:ladder":77,"minecraft:brown_mushroom":300,"minecraft:packed_ice":445,"minecraft:stone_brick_wall":69,"minecraft:chain":105,"minecraft:shield":11,"minecraft:oak_trapdoor":6,"minecraft:moss_carpet":65,"minecraft:mycelium":241,"minecraft:birch_fence":192,"minecraft:blackstone":5690,"minecraft:blue_orchid":25,"minecraft:end_stone":4,"minecraft:flowering_azalea_leaves":15,"minecraft:note_block":1,"minecraft:polished_blackstone_bricks":87,"minecraft:trident":4,"minecraft:light_gray_stained_glass_pane":46,"minecraft:stone_pressure_plate":4,"minecraft:purple_candle":5,"minecraft:blue_concrete_powder":3,"minecraft:tube_coral":58,"minecraft:weeping_vines":88,"minecraft:red_shulker_box":45,"minecraft:pumpkin_pie":13,"minecraft:nether_bricks":7,"minecraft:stripped_dark_oak_wood":1,"minecraft:pink_tulip":2,"minecraft:petrified_oak_slab":132,"minecraft:brick_stairs":3,"minecraft:netherite_boots":3,"minecraft:jungle_boat":15,"minecraft:basalt":2228,"minecraft:golden_carrot":1250,"minecraft:magenta_banner":2,"minecraft:leather":173,"minecraft:crimson_fungus":4,"minecraft:chainmail_chestplate":1,"minecraft:cobblestone_wall":4,"minecraft:yellow_bed":3,"minecraft:cobbled_deepslate_stairs":19,"minecraft:gunpowder":315,"minecraft:orange_terracotta":2,"minecraft:cooked_mutton":3,"minecraft:red_carpet":4,"minecraft:gray_carpet":225,"minecraft:acacia_trapdoor":9,"minecraft:deepslate_emerald_ore":1,"minecraft:rabbit_hide":52,"minecraft:iron_ingot":472,"minecraft:cooked_chicken":660,"minecraft:dead_horn_coral":1,"minecraft:pink_bed":6,"minecraft:nether_quartz_ore":42,"minecraft:warped_fungus":56,"minecraft:black_candle":11,"minecraft:emerald_block":20,"minecraft:quartz":1453,"minecraft:dandelion":134,"minecraft:lava_bucket":4,"minecraft:amethyst_shard":177,"minecraft:green_stained_glass":8,"minecraft:soul_torch":27,"minecraft:nether_brick_slab":3,"minecraft:spruce_door":3,"minecraft:pumpkin_seeds":190,"minecraft:white_concrete_powder":1770,"minecraft:chainmail_leggings":1,"minecraft:mossy_cobblestone_stairs":19,"minecraft:terracotta":5956,"minecraft:damaged_anvil":3,"minecraft:netherite_hoe":1,"minecraft:dark_oak_wood":5,"minecraft:sunflower":69,"minecraft:seagrass":102,"minecraft:iron_chestplate":9,"minecraft:flower_pot":12,"minecraft:anvil":20,"minecraft:diamond_sword":48,"minecraft:oak_stairs":52,"minecraft:wither_rose":5,"minecraft:golden_sword":2,"minecraft:polished_deepslate_wall":41,"minecraft:amethyst_block":975,"minecraft:weathered_cut_copper_stairs":28,"minecraft:dark_oak_trapdoor":92,"minecraft:soul_soil":65,"minecraft:blue_stained_glass_pane":6,"minecraft:orange_concrete_powder":2,"minecraft:waxed_weathered_copper":70,"minecraft:gold_nugget":573,"minecraft:cobbled_deepslate":40611,"minecraft:spruce_planks":1277,"minecraft:written_book":36,"minecraft:azalea_leaves":3,"minecraft:melon_slice":60,"minecraft:coal_block":115,"minecraft:dark_oak_door":9,"minecraft:golden_helmet":20,"minecraft:pink_carpet":5,"minecraft:warped_planks":47,"minecraft:deepslate_tile_stairs":400,"minecraft:rabbit_foot":3,"minecraft:black_dye":3,"minecraft:waxed_cut_copper_stairs":15,"minecraft:iron_block":1884,"minecraft:cyan_terracotta":75,"minecraft:netherite_chestplate":1,"minecraft:birch_log":3106,"minecraft:magma_block":270,"minecraft:mossy_cobblestone_slab":10,"minecraft:oxidized_copper":1156,"minecraft:iron_door":12,"minecraft:birch_slab":27,"minecraft:jungle_log":4215,"minecraft:map":9,"minecraft:netherite_leggings":2,"minecraft:gray_concrete":317,"minecraft:light_gray_concrete_powder":302,"minecraft:twisting_vines":1368,"minecraft:chipped_anvil":17,"minecraft:waxed_weathered_cut_copper_slab":1,"minecraft:glowstone_dust":500,"minecraft:moss_block":261,"minecraft:warped_wart_block":2723,"minecraft:dropper":2,"minecraft:ink_sac":1807,"minecraft:loom":3,"minecraft:dark_oak_log":3054,"minecraft:red_terracotta":8,"minecraft:barrel":78,"minecraft:stripped_acacia_log":1,"minecraft:white_candle":12,"minecraft:dispenser":8,"minecraft:black_concrete_powder":5309,"minecraft:polished_granite_slab":1,"minecraft:writable_book":3,"minecraft:deepslate_gold_ore":210,"minecraft:bread":190,"minecraft:dark_oak_fence":23,"minecraft:bricks":105,"minecraft:spruce_leaves":9,"minecraft:lime_stained_glass_pane":1,"minecraft:crafting_table":72,"minecraft:coarse_dirt":190,"minecraft:bubble_coral_fan":493,"minecraft:nether_wart":211,"minecraft:orange_stained_glass_pane":3,"minecraft:crimson_trapdoor":5,"minecraft:dead_horn_coral_block":1,"minecraft:red_bed":5,"minecraft:snow":30,"minecraft:cracked_stone_bricks":8,"minecraft:deepslate_diamond_ore":155,"minecraft:beef":293,"minecraft:iron_nugget":199,"minecraft:quartz_stairs":12,"minecraft:chest":489,"minecraft:raw_copper_block":1,"minecraft:egg":1427,"minecraft:sandstone":1132,"minecraft:polished_deepslate_slab":321,"minecraft:oak_door":3,"minecraft:glow_item_frame":10,"minecraft:spruce_fence":465,"minecraft:amethyst_cluster":1935,"minecraft:carrot":175,"minecraft:redstone":14074,"minecraft:mushroom_stem":18,"minecraft:blue_carpet":3,"minecraft:tnt":60,"minecraft:cooked_cod":8,"minecraft:beetroot_seeds":4,"minecraft:peony":4,"minecraft:tube_coral_fan":415,"minecraft:shears":47,"minecraft:deepslate_bricks":893,"minecraft:diamond_boots":16,"minecraft:cut_copper":14,"minecraft:waxed_oxidized_cut_copper_stairs":6,"minecraft:warped_sign":17,"minecraft:tube_coral_block":1123,"minecraft:gold_ingot":333,"minecraft:white_shulker_box":121,"minecraft:glow_berries":289,"minecraft:lime_concrete_powder":1,"minecraft:white_wool":415,"minecraft:lapis_ore":89,"minecraft:stripped_oak_log":1,"minecraft:red_mushroom_block":23,"minecraft:red_mushroom":132,"minecraft:filled_map":48,"minecraft:oak_log":4212,"minecraft:ancient_debris":94,"minecraft:golden_boots":15,"minecraft:blue_bed":3,"minecraft:white_banner":28,"minecraft:birch_pressure_plate":1,"minecraft:stone_bricks":833,"minecraft:kelp":844,"minecraft:music_disc_far":9,"minecraft:waxed_weathered_cut_copper_stairs":100,"minecraft:cobweb":258,"minecraft:glass_bottle":28,"minecraft:iron_sword":8,"minecraft:flowering_azalea":470,"minecraft:dark_oak_slab":84,"minecraft:yellow_concrete":80,"minecraft:spyglass":12,"minecraft:gravel":29438,"minecraft:dead_fire_coral_block":8,"minecraft:birch_stairs":51,"minecraft:small_amethyst_bud":154,"minecraft:spruce_sapling":1253,"minecraft:spruce_log":5421,"minecraft:sea_lantern":82,"minecraft:firework_rocket":2615,"minecraft:red_stained_glass":85,"minecraft:polished_diorite":3,"minecraft:light_blue_carpet":1,"minecraft:redstone_ore":879,"minecraft:diamond_axe":60,"minecraft:gray_wool":965,"minecraft:warped_roots":621,"minecraft:melon_seeds":13,"minecraft:warped_nylium":28,"minecraft:stripped_dark_oak_log":1,"minecraft:crimson_nylium":1,"minecraft:ender_pearl":23191,"minecraft:shulker_shell":226,"minecraft:chiseled_deepslate":405,"minecraft:wheat":5084,"minecraft:exposed_copper":207,"minecraft:redstone_block":45,"minecraft:iron_trapdoor":1,"minecraft:dead_horn_coral_fan":1,"minecraft:potion":27,"minecraft:brain_coral_block":1222,"minecraft:nether_brick":47,"minecraft:raw_copper":16132,"minecraft:smooth_stone_slab":55,"minecraft:iron_leggings":7,"minecraft:armor_stand":6,"minecraft:sticky_piston":6,"minecraft:netherite_ingot":5,"minecraft:pink_shulker_box":46,"minecraft:oak_sign":4,"minecraft:sea_pickle":2220,"minecraft:deepslate_tiles":637,"minecraft:black_shulker_box":110,"minecraft:redstone_torch":20,"minecraft:calcite":1519,"minecraft:deepslate_tile_wall":188,"minecraft:iron_boots":9,"minecraft:furnace":124,"minecraft:stick":5076,"minecraft:orange_shulker_box":10,"minecraft:deepslate_brick_wall":29,"minecraft:oak_fence":67,"minecraft:torch":5979,"minecraft:porkchop":49,"minecraft:snow_block":9,"minecraft:pointed_dripstone":47,"minecraft:quartz_block":13,"minecraft:nether_gold_ore":31,"minecraft:cactus":2881,"minecraft:green_wool":2,"minecraft:fire_coral_fan":588,"minecraft:stripped_birch_wood":3,"minecraft:cod":145,"minecraft:magma_cream":110,"minecraft:tuff":3192,"minecraft:horn_coral":97,"minecraft:wither_skeleton_skull":3,"minecraft:green_shulker_box":43,"minecraft:lapis_lazuli":3613,"minecraft:leather_boots":6,"minecraft:cobbled_deepslate_wall":88,"minecraft:pink_banner":1,"minecraft:deepslate_brick_slab":159,"minecraft:raw_gold":928,"minecraft:cobbled_deepslate_slab":50,"minecraft:bell":1,"minecraft:light_blue_dye":1,"minecraft:cyan_candle":28,"minecraft:powered_rail":31,"minecraft:oak_planks":126,"minecraft:brain_coral":174,"minecraft:ghast_tear":9,"minecraft:music_disc_13":1,"minecraft:axolotl_bucket":5,"minecraft:oak_pressure_plate":1,"minecraft:poisonous_potato":2,"minecraft:polished_blackstone_slab":24,"minecraft:jungle_planks":27,"minecraft:sand":88505,"minecraft:dead_bush":6,"minecraft:lily_of_the_valley":8,"minecraft:oxidized_cut_copper_slab":122,"minecraft:shulker_box":566,"minecraft:light_gray_concrete":13,"minecraft:spruce_fence_gate":11,"minecraft:clay":77,"minecraft:diamond":1316,"minecraft:spruce_boat":10,"minecraft:black_concrete":1153,"minecraft:polished_blackstone_button":110,"minecraft:white_concrete":2489,"minecraft:oak_sapling":748,"minecraft:bubble_coral_block":1276,"minecraft:nether_star":2,"minecraft:end_stone_bricks":18,"minecraft:cocoa_beans":54,"minecraft:allium":32,"minecraft:chicken":660,"minecraft:gold_block":61,"minecraft:stone_stairs":6,"minecraft:iron_axe":5,"minecraft:orange_concrete":212,"minecraft:item_frame":65,"minecraft:quartz_slab":40,"minecraft:candle":27,"minecraft:andesite_stairs":4,"minecraft:oak_boat":147,"minecraft:player_head":302,"minecraft:observer":48,"minecraft:light_gray_wool":36,"minecraft:lectern":4,"minecraft:tinted_glass":1,"minecraft:blue_shulker_box":112,"minecraft:sugar_cane":3469,"minecraft:spruce_trapdoor":275,"minecraft:phantom_membrane":21,"minecraft:dark_oak_sapling":936,"minecraft:raw_iron":10518,"minecraft:copper_ingot":1277,"minecraft:red_stained_glass_pane":7,"minecraft:stone_button":9,"minecraft:magenta_shulker_box":29,"minecraft:dark_oak_planks":48,"minecraft:arrow":764,"minecraft:jungle_stairs":4,"minecraft:soul_campfire":13,"minecraft:lime_stained_glass":8,"minecraft:cracked_deepslate_tiles":2,"minecraft:oxidized_cut_copper_stairs":139,"minecraft:glow_ink_sac":103,"minecraft:crimson_stem":226,"minecraft:birch_planks":165,"minecraft:waxed_copper_block":38,"minecraft:nether_wart_block":1,"minecraft:cobblestone_stairs":14,"minecraft:deepslate_tile_slab":635,"minecraft:cut_copper_slab":32,"minecraft:podzol":438,"minecraft:waxed_weathered_cut_copper":2,"minecraft:fire_coral_block":1066,"minecraft:acacia_sapling":1545,"minecraft:oxidized_cut_copper":39,"minecraft:soul_sand":755,"minecraft:purple_concrete":66,"minecraft:green_dye":5,"minecraft:book":25,"minecraft:scaffolding":4445,"minecraft:oak_slab":38,"minecraft:red_concrete_powder":3,"minecraft:birch_boat":9,"minecraft:pumpkin":5,"minecraft:raw_iron_block":2,"minecraft:dripstone_block":102,"minecraft:brain_coral_fan":563,"minecraft:blast_furnace":10,"minecraft:white_bed":21,"minecraft:gold_ore":183,"minecraft:dark_oak_fence_gate":3,"minecraft:spider_eye":34,"minecraft:stripped_jungle_log":13,"minecraft:campfire":4,"minecraft:dead_bubble_coral_block":37,"minecraft:iron_helmet":3,"minecraft:waxed_oxidized_cut_copper_slab":4,"minecraft:black_wool":143,"minecraft:red_concrete":362,"minecraft:coal":23112},"minecraft:crafted":{"minecraft:lime_stained_glass":2456,"minecraft:green_banner":7,"minecraft:red_stained_glass_pane":144,"minecraft:black_dye":2744,"minecraft:yellow_wool":27,"minecraft:oxidized_cut_copper_slab":26,"minecraft:waxed_cut_copper_slab":46,"minecraft:polished_deepslate_wall":29,"minecraft:weathered_cut_copper_stairs":8,"minecraft:chain":1118,"minecraft:brick_wall":35,"minecraft:blue_stained_glass_pane":48,"minecraft:diamond_shovel":8,"minecraft:cracked_stone_bricks":64,"minecraft:nether_brick":573,"minecraft:gray_wool":374,"minecraft:shulker_box":292,"minecraft:diamond_helmet":1,"minecraft:beacon":1,"minecraft:light_blue_concrete_powder":64,"minecraft:stone_pressure_plate":8,"minecraft:iron_door":3,"minecraft:black_wool":8,"minecraft:gray_stained_glass":512,"minecraft:lime_concrete_powder":432,"minecraft:white_shulker_box":10,"minecraft:warped_stairs":80,"minecraft:redstone_lamp":180,"minecraft:soul_campfire":40,"minecraft:jungle_boat":12,"minecraft:glow_item_frame":45,"minecraft:chest_minecart":6,"minecraft:lime_banner":3,"minecraft:mossy_cobblestone":152,"minecraft:nether_brick_fence":108,"minecraft:sticky_piston":111,"minecraft:green_stained_glass":8,"minecraft:cracked_deepslate_tiles":71,"minecraft:polished_deepslate_slab":84,"minecraft:painting":15,"minecraft:stone_brick_stairs":29,"minecraft:lectern":8,"minecraft:wooden_hoe":2,"minecraft:golden_leggings":9,"minecraft:stone_slab":18,"minecraft:iron_pickaxe":2,"minecraft:acacia_door":6,"minecraft:netherite_ingot":22,"minecraft:polished_blackstone_bricks":4,"minecraft:jungle_sign":6,"minecraft:jukebox":1,"minecraft:orange_shulker_box":2,"minecraft:iron_nugget":7394,"minecraft:crimson_trapdoor":114,"minecraft:spyglass":4,"minecraft:diamond_hoe":2,"minecraft:brick_stairs":12,"minecraft:soul_torch":608,"minecraft:acacia_fence_gate":14,"minecraft:light_gray_wool":810,"minecraft:blue_shulker_box":2,"minecraft:spruce_fence":582,"minecraft:moss_carpet":27,"minecraft:waxed_copper_block":330,"minecraft:terracotta":5,"minecraft:lantern":199,"minecraft:spruce_stairs":268,"minecraft:polished_diorite":4,"minecraft:black_concrete_powder":5840,"minecraft:red_shulker_box":3,"minecraft:stone_pickaxe":4,"minecraft:quartz_slab":80,"minecraft:spruce_boat":3,"minecraft:purple_carpet":18,"minecraft:cut_copper_slab":6,"minecraft:enchanting_table":1,"minecraft:acacia_trapdoor":228,"minecraft:light_blue_wool":62,"minecraft:leather_helmet":8,"minecraft:polished_blackstone_stairs":25,"minecraft:dark_oak_button":2,"minecraft:acacia_stairs":4,"minecraft:red_carpet":57,"minecraft:deepslate_tiles":40,"minecraft:orange_dye":148,"minecraft:stripped_warped_hyphae":240,"minecraft:light_blue_carpet":3,"minecraft:red_stained_glass":1992,"minecraft:soul_lantern":330,"minecraft:warped_sign":42,"minecraft:fermented_spider_eye":2,"minecraft:black_stained_glass_pane":448,"minecraft:writable_book":18,"minecraft:iron_shovel":3,"minecraft:armor_stand":49,"minecraft:note_block":25,"minecraft:grindstone":697,"minecraft:cobblestone_slab":384,"minecraft:barrel":192,"minecraft:birch_wood":6,"minecraft:cooked_chicken":460,"minecraft:lightning_rod":35,"minecraft:stone":518,"minecraft:snow":66,"minecraft:pink_carpet":6,"minecraft:warped_planks":1000,"minecraft:cake":9,"minecraft:brown_carpet":60,"minecraft:polished_blackstone_button":152,"minecraft:orange_stained_glass_pane":16,"minecraft:bow":57,"minecraft:comparator":83,"minecraft:chest":1616,"minecraft:yellow_terracotta":104,"minecraft:copper_block":2036,"minecraft:jungle_stairs":4,"minecraft:rail":64,"minecraft:blue_concrete_powder":128,"minecraft:stone_bricks":3380,"minecraft:golden_boots":11,"minecraft:white_banner":46,"minecraft:dropper":22,"minecraft:cauldron":2,"minecraft:lime_terracotta":136,"minecraft:iron_helmet":6,"minecraft:brown_dye":14,"minecraft:cracked_deepslate_bricks":64,"minecraft:birch_pressure_plate":5,"minecraft:red_wool":44,"minecraft:chiseled_polished_blackstone":18,"minecraft:acacia_button":49,"minecraft:white_stained_glass_pane":16,"minecraft:warped_door":6,"minecraft:oxidized_cut_copper":94,"minecraft:dispenser":40,"minecraft:tnt":2218,"minecraft:spruce_trapdoor":1283,"minecraft:pink_wool":22,"minecraft:purple_dye":202,"minecraft:yellow_dye":194,"minecraft:warped_fence_gate":1,"minecraft:netherite_block":1,"minecraft:stick":7980,"minecraft:iron_ingot":10507,"minecraft:andesite_stairs":10,"minecraft:light_blue_shulker_box":51,"minecraft:black_bed":76,"minecraft:light_blue_stained_glass":1152,"minecraft:petrified_oak_slab":153,"minecraft:dark_oak_fence_gate":5,"minecraft:deepslate_bricks":32,"minecraft:deepslate_tile_slab":40,"minecraft:oak_door":9,"minecraft:nether_brick_slab":64,"minecraft:tripwire_hook":6,"minecraft:leather_boots":8,"minecraft:golden_chestplate":9,"minecraft:spruce_button":5,"minecraft:furnace":607,"minecraft:blast_furnace":185,"minecraft:piston":359,"minecraft:oak_trapdoor":32,"minecraft:flint_and_steel":7,"minecraft:scaffolding":348,"minecraft:white_concrete_powder":32592,"minecraft:cobblestone_wall":123,"minecraft:brown_shulker_box":6,"minecraft:smooth_quartz_slab":12,"minecraft:blackstone_stairs":4,"minecraft:birch_sign":66,"minecraft:jungle_wood":3,"minecraft:iron_trapdoor":13,"minecraft:polished_blackstone_wall":29,"minecraft:purple_shulker_box":2,"minecraft:iron_sword":2,"minecraft:exposed_cut_copper_stairs":20,"minecraft:jungle_planks":280,"minecraft:white_dye":6141,"minecraft:netherite_shovel":5,"minecraft:black_carpet":45,"minecraft:blue_wool":14,"minecraft:anvil":32,"minecraft:stonecutter":8,"minecraft:pink_banner":3,"minecraft:torch":10988,"minecraft:diamond_chestplate":2,"minecraft:ender_chest":8,"minecraft:light_gray_concrete_powder":1856,"minecraft:smooth_stone":132,"minecraft:dark_oak_pressure_plate":5,"minecraft:pink_bed":1,"minecraft:orange_stained_glass":8,"minecraft:dark_oak_wood":45,"minecraft:oak_pressure_plate":1,"minecraft:oxidized_cut_copper_stairs":65,"minecraft:birch_slab":48,"minecraft:polished_blackstone_slab":68,"minecraft:slime_block":15,"minecraft:loom":2,"minecraft:lever":74,"minecraft:bookshelf":15,"minecraft:cooked_mutton":29,"minecraft:iron_bars":944,"minecraft:red_concrete_powder":392,"minecraft:deepslate_brick_stairs":36,"minecraft:magenta_shulker_box":9,"minecraft:quartz_block":318,"minecraft:glass":1191,"minecraft:repeater":247,"minecraft:diamond_leggings":1,"minecraft:birch_fence_gate":2,"minecraft:polished_blackstone":2550,"minecraft:acacia_fence":21,"minecraft:magenta_dye":14,"minecraft:gray_bed":221,"minecraft:flower_pot":15,"minecraft:glass_bottle":174,"minecraft:deepslate":358,"minecraft:wooden_shovel":7,"minecraft:smooth_quartz":77,"minecraft:cooked_porkchop":35,"minecraft:diamond_axe":8,"minecraft:spruce_door":3,"minecraft:cobbled_deepslate_wall":9,"minecraft:copper_ingot":6468,"minecraft:hay_block":281,"minecraft:oak_wood":3,"minecraft:campfire":6,"minecraft:lime_shulker_box":242,"minecraft:chiseled_deepslate":8,"minecraft:compass":12,"minecraft:iron_block":908,"minecraft:white_terracotta":48,"minecraft:gold_ingot":1052,"minecraft:light_gray_dye":1206,"minecraft:spruce_fence_gate":11,"minecraft:birch_stairs":68,"minecraft:waxed_cut_copper":41,"minecraft:yellow_concrete_powder":72,"minecraft:smooth_stone_slab":258,"minecraft:polished_deepslate_stairs":167,"minecraft:cut_copper_stairs":80,"minecraft:red_terracotta":96,"minecraft:bone_meal":73660,"minecraft:andesite_wall":3,"minecraft:pink_dye":37,"minecraft:candle":2,"minecraft:white_carpet":15,"minecraft:diamond":567,"minecraft:dark_oak_fence":198,"minecraft:deepslate_brick_wall":1,"minecraft:ladder":180,"minecraft:spruce_slab":708,"minecraft:diamond_boots":2,"minecraft:cobbled_deepslate_stairs":48,"minecraft:deepslate_tile_wall":26,"minecraft:redstone_block":1462,"minecraft:jungle_fence":6,"minecraft:dark_oak_planks":6948,"minecraft:golden_helmet":9,"minecraft:wheat":378,"minecraft:coal_block":1977,"minecraft:firework_star":497,"minecraft:netherite_pickaxe":4,"minecraft:polished_blackstone_brick_slab":32,"minecraft:deepslate_brick_slab":4,"minecraft:red_bed":2,"minecraft:blue_bed":2,"minecraft:gray_concrete_powder":240,"minecraft:waxed_exposed_copper":21,"minecraft:white_stained_glass":8,"minecraft:jungle_slab":6,"minecraft:polished_blackstone_brick_wall":20,"minecraft:andesite_slab":18,"minecraft:cyan_shulker_box":2,"minecraft:oak_stairs":132,"minecraft:warped_pressure_plate":4,"minecraft:iron_leggings":6,"minecraft:deepslate_tile_stairs":39,"minecraft:white_bed":32,"minecraft:nether_brick_stairs":32,"minecraft:blue_carpet":9,"minecraft:brick":32,"minecraft:oak_planks":4496,"minecraft:dark_oak_boat":6,"minecraft:pink_shulker_box":2,"minecraft:cobblestone_stairs":52,"minecraft:warped_hyphae":111,"minecraft:light_blue_banner":16,"minecraft:spruce_pressure_plate":5,"minecraft:green_dye":412,"minecraft:dark_oak_door":21,"minecraft:hopper":688,"minecraft:iron_boots":6,"minecraft:raw_copper":9,"minecraft:mossy_cobblestone_slab":36,"minecraft:weathered_cut_copper":4,"minecraft:cyan_terracotta":3456,"minecraft:yellow_banner":1,"minecraft:stone_hoe":5,"minecraft:quartz_stairs":25,"minecraft:item_frame":127,"minecraft:oak_slab":438,"minecraft:acacia_wood":3,"minecraft:map":12,"minecraft:crafting_table":55,"minecraft:spruce_planks":19224,"minecraft:wooden_pickaxe":1,"minecraft:hopper_minecart":6,"minecraft:gold_block":86,"minecraft:birch_planks":3784,"minecraft:black_shulker_box":9,"minecraft:charcoal":32,"minecraft:dark_oak_slab":1344,"minecraft:diamond_pickaxe":15,"minecraft:iron_chestplate":6,"minecraft:book":134,"minecraft:paper":11079,"minecraft:emerald_block":71,"minecraft:shield":4,"minecraft:birch_fence":84,"minecraft:warped_slab":12,"minecraft:light_blue_dye":430,"minecraft:stone_sword":4,"minecraft:snow_block":92,"minecraft:green_shulker_box":1,"minecraft:redstone_torch":845,"minecraft:gray_carpet":552,"minecraft:light_gray_carpet":99,"minecraft:shears":64,"minecraft:polished_andesite":128,"minecraft:coarse_dirt":408,"minecraft:cobbled_deepslate_slab":68,"minecraft:wooden_sword":7,"minecraft:purple_wool":13,"minecraft:redstone":3856,"minecraft:coal":19239,"minecraft:light_gray_stained_glass":512,"minecraft:stone_button":62,"minecraft:dark_oak_trapdoor":1542,"minecraft:gray_dye":816,"minecraft:dark_oak_sign":6,"minecraft:waxed_weathered_copper":157,"minecraft:diamond_block":188,"minecraft:glass_pane":176,"minecraft:warped_fence":57,"minecraft:yellow_shulker_box":1,"minecraft:polished_deepslate":3724,"minecraft:iron_axe":3,"minecraft:spruce_wood":6,"minecraft:iron_hoe":1,"minecraft:slime_ball":81,"minecraft:orange_concrete_powder":160,"minecraft:lime_dye":910,"minecraft:warped_button":8,"minecraft:netherite_scrap":16,"minecraft:minecart":9,"minecraft:observer":270,"minecraft:cooked_beef":306,"minecraft:sugar":96,"minecraft:red_dye":728,"minecraft:cooked_cod":51,"minecraft:bone_block":4445,"minecraft:crimson_planks":348,"minecraft:diamond_sword":5,"minecraft:cyan_dye":570,"minecraft:spruce_sign":15,"minecraft:dark_oak_stairs":156,"minecraft:powered_rail":378,"minecraft:yellow_carpet":24,"minecraft:waxed_weathered_cut_copper_stairs":26,"minecraft:nether_bricks":246,"minecraft:bucket":158,"minecraft:stone_axe":4,"minecraft:amethyst_block":101,"minecraft:air":0,"minecraft:bread":373,"minecraft:blue_dye":700,"minecraft:black_stained_glass":9088,"minecraft:cut_copper":96,"minecraft:oak_boat":28,"minecraft:white_wool":174,"minecraft:gold_nugget":81,"minecraft:brown_wool":8,"minecraft:green_wool":30,"minecraft:acacia_planks":1508,"minecraft:purple_concrete_powder":128,"minecraft:blackstone_slab":22,"minecraft:lapis_lazuli":864,"minecraft:lapis_block":268,"minecraft:clay":13,"minecraft:firework_rocket":29964},"minecraft:dropped":{"minecraft:iron_sword":2,"minecraft:lapis_lazuli":1,"minecraft:glow_ink_sac":16,"minecraft:glass_bottle":55,"minecraft:diamond":53,"minecraft:crafting_table":5,"minecraft:cooked_porkchop":28,"minecraft:dark_oak_slab":1,"minecraft:warped_roots":425,"minecraft:black_bed":27,"minecraft:red_mushroom":24,"minecraft:red_bed":2,"minecraft:netherite_boots":1,"minecraft:writable_book":3,"minecraft:gold_nugget":14,"minecraft:sand":579,"minecraft:dark_oak_planks":20,"minecraft:white_wool":62,"minecraft:birch_stairs":3,"minecraft:stone_axe":2,"minecraft:lever":5,"minecraft:iron_nugget":8,"minecraft:cooked_chicken":51,"minecraft:cobbled_deepslate":311,"minecraft:wheat":316,"minecraft:obsidian":6,"minecraft:rotten_flesh":530,"minecraft:oak_planks":29,"minecraft:warped_sign":5,"minecraft:azure_bluet":2,"minecraft:dead_fire_coral_block":1,"minecraft:warped_planks":7,"minecraft:rabbit_foot":1,"minecraft:coal_ore":1,"minecraft:leather_boots":3,"minecraft:acacia_sapling":5,"minecraft:leather_leggings":4,"minecraft:glass":398,"minecraft:beef":50,"minecraft:podzol":13,"minecraft:warped_wart_block":2164,"minecraft:golden_boots":14,"minecraft:black_dye":8,"minecraft:wheat_seeds":3006,"minecraft:deepslate_redstone_ore":1,"minecraft:dripstone_block":2,"minecraft:cobbled_deepslate_wall":12,"minecraft:netherite_chestplate":1,"minecraft:red_stained_glass":5,"minecraft:deepslate_tile_slab":1,"minecraft:yellow_carpet":1,"minecraft:lava_bucket":4,"minecraft:gray_wool":14,"minecraft:ink_sac":3,"minecraft:lapis_ore":1,"minecraft:potion":12,"minecraft:oak_stairs":46,"minecraft:red_dye":1,"minecraft:chipped_anvil":1,"minecraft:chainmail_leggings":1,"minecraft:blue_carpet":3,"minecraft:snow_block":9,"minecraft:soul_soil":4,"minecraft:player_head":73,"minecraft:white_carpet":8,"minecraft:iron_boots":2,"minecraft:cobbled_deepslate_slab":1,"minecraft:deepslate_lapis_ore":1,"minecraft:polished_deepslate_stairs":1,"minecraft:shears":6,"minecraft:diamond_sword":2,"minecraft:spruce_boat":8,"minecraft:spruce_trapdoor":1,"minecraft:spruce_planks":12,"minecraft:diamond_pickaxe":8,"minecraft:popped_chorus_fruit":1,"minecraft:redstone_torch":3,"minecraft:stone_pressure_plate":1,"minecraft:stone_bricks":31,"minecraft:bamboo":7,"minecraft:sandstone":303,"minecraft:bow":26,"minecraft:magma_block":4,"minecraft:soul_sand":32,"minecraft:moss_block":24,"minecraft:polished_granite_slab":1,"minecraft:oak_log":302,"minecraft:ender_pearl":21112,"minecraft:nether_star":1,"minecraft:jungle_fence":4,"minecraft:lime_terracotta":2,"minecraft:leather":36,"minecraft:jungle_planks":20,"minecraft:cod":32,"minecraft:dark_oak_log":86,"minecraft:packed_ice":4,"minecraft:mutton":12,"minecraft:snowball":68,"minecraft:axolotl_bucket":1,"minecraft:black_concrete":84,"minecraft:light_blue_banner":1,"minecraft:gold_ingot":15,"minecraft:spyglass":2,"minecraft:twisting_vines":3,"minecraft:soul_lantern":1,"minecraft:pointed_dripstone":3,"minecraft:cooked_mutton":25,"minecraft:leather_chestplate":7,"minecraft:stone_brick_wall":49,"minecraft:iron_ore":4,"minecraft:iron_bars":40,"minecraft:scaffolding":126,"minecraft:light_gray_concrete_powder":128,"minecraft:purple_carpet":2,"minecraft:stone_hoe":1,"minecraft:bread":64,"minecraft:golden_helmet":16,"minecraft:lilac":14,"minecraft:netherite_axe":1,"minecraft:amethyst_block":96,"minecraft:acacia_log":22,"minecraft:acacia_trapdoor":1,"minecraft:milk_bucket":8,"minecraft:nether_wart_block":1,"minecraft:white_concrete":12,"minecraft:cactus":48,"minecraft:redstone_block":64,"minecraft:polished_deepslate":72,"minecraft:sweet_berries":169,"minecraft:kelp":154,"minecraft:oak_trapdoor":4,"minecraft:lime_concrete":1,"minecraft:warped_door":2,"minecraft:totem_of_undying":1,"minecraft:shulker_box":6,"minecraft:netherite_leggings":1,"minecraft:copper_ore":5,"minecraft:deepslate_bricks":1,"minecraft:oak_button":16,"minecraft:andesite":803,"minecraft:golden_leggings":3,"minecraft:oak_sapling":38,"minecraft:birch_sign":23,"minecraft:wooden_pickaxe":2,"minecraft:magma_cream":39,"minecraft:amethyst_cluster":4,"minecraft:brick":1,"minecraft:clay":2,"minecraft:piston":1,"minecraft:cooked_beef":75,"minecraft:orange_tulip":19,"minecraft:rooted_dirt":32,"minecraft:cut_sandstone_slab":14,"minecraft:elytra":6,"minecraft:rail":13,"minecraft:leather_helmet":4,"minecraft:red_carpet":3,"minecraft:item_frame":3,"minecraft:dirt":1228,"minecraft:grass":10,"minecraft:stone_button":2,"minecraft:jungle_sapling":1,"minecraft:wooden_sword":1,"minecraft:bone_block":102,"minecraft:bone_meal":295,"minecraft:sunflower":5,"minecraft:phantom_membrane":12,"minecraft:sugar":74,"minecraft:iron_pickaxe":1,"minecraft:dark_oak_boat":1,"minecraft:blue_bed":2,"minecraft:bone":316,"minecraft:sugar_cane":4,"minecraft:emerald_block":9,"minecraft:pink_bed":1,"minecraft:golden_chestplate":6,"minecraft:birch_sapling":91,"minecraft:netherite_shovel":2,"minecraft:light_gray_carpet":3,"minecraft:blaze_powder":2,"minecraft:white_bed":6,"minecraft:acacia_button":4,"minecraft:tipped_arrow":51,"minecraft:deepslate_tiles":5,"minecraft:hopper":1,"minecraft:white_dye":91,"minecraft:ghast_tear":64,"minecraft:egg":863,"minecraft:crimson_planks":1,"minecraft:iron_ingot":103,"minecraft:netherite_pickaxe":3,"minecraft:copper_block":48,"minecraft:polished_blackstone":61,"minecraft:netherite_helmet":2,"minecraft:oak_fence":23,"minecraft:feather":60,"minecraft:cobblestone":5199,"minecraft:apple":4,"minecraft:granite":738,"minecraft:spruce_button":4,"minecraft:purple_dye":1,"minecraft:polished_blackstone_button":18,"minecraft:coal":540,"minecraft:polished_blackstone_stairs":4,"minecraft:pufferfish":1,"minecraft:oxeye_daisy":5,"minecraft:jungle_slab":2,"minecraft:warped_slab":4,"minecraft:golden_carrot":102,"minecraft:wooden_hoe":1,"minecraft:rose_bush":1,"minecraft:rabbit":15,"minecraft:diamond_helmet":3,"minecraft:paper":17,"minecraft:iron_shovel":3,"minecraft:string":69,"minecraft:oxidized_copper":29,"minecraft:spruce_sapling":2,"minecraft:pink_tulip":1,"minecraft:redstone_ore":2,"minecraft:soul_torch":3,"minecraft:netherite_ingot":5,"minecraft:stone_sword":8,"minecraft:dark_oak_sign":3,"minecraft:deepslate":36,"minecraft:bowl":1,"minecraft:chicken":55,"minecraft:stone_slab":41,"minecraft:glow_lichen":55,"minecraft:spruce_fence":42,"minecraft:pumpkin_seeds":208,"minecraft:lily_of_the_valley":1,"minecraft:light_blue_dye":1,"minecraft:potato":4,"minecraft:shroomlight":1,"minecraft:stone":5232,"minecraft:wooden_shovel":3,"minecraft:carved_pumpkin":2,"minecraft:spider_eye":26,"minecraft:birch_boat":6,"minecraft:magenta_dye":1,"minecraft:red_tulip":16,"minecraft:black_wool":54,"minecraft:quartz_slab":1,"minecraft:gold_ore":2,"minecraft:spruce_sign":2,"minecraft:brown_mushroom":75,"minecraft:birch_planks":2,"minecraft:diamond_axe":5,"minecraft:baked_potato":611,"minecraft:lime_shulker_box":3,"minecraft:lime_stained_glass_pane":1,"minecraft:flint":418,"minecraft:stripped_warped_hyphae":90,"minecraft:cooked_cod":5,"minecraft:seagrass":4,"minecraft:pumpkin_pie":9,"minecraft:amethyst_shard":73,"minecraft:birch_log":68,"minecraft:gravel":993,"minecraft:white_tulip":2,"minecraft:blackstone":201,"minecraft:diamond_shovel":7,"minecraft:carrot":6,"minecraft:poppy":63,"minecraft:rabbit_hide":23,"minecraft:gunpowder":100,"minecraft:melon_seeds":9,"minecraft:chest":31,"minecraft:arrow":248,"minecraft:basalt":222,"minecraft:powered_rail":2,"minecraft:quartz":6,"minecraft:written_book":16,"minecraft:oak_leaves":14,"minecraft:netherrack":2155,"minecraft:firework_rocket":438,"minecraft:water_bucket":1,"minecraft:deepslate_iron_ore":2,"minecraft:bookshelf":1,"minecraft:cyan_dye":2,"minecraft:diamond_leggings":4,"minecraft:poisonous_potato":2,"minecraft:lead":5,"minecraft:spectral_arrow":64,"minecraft:observer":2,"minecraft:dark_oak_pressure_plate":1,"minecraft:copper_ingot":8,"minecraft:grass_block":319,"minecraft:stick":1252,"minecraft:diorite":1697,"minecraft:nether_gold_ore":10,"minecraft:torch":489,"minecraft:iron_leggings":2,"minecraft:flowering_azalea":2,"minecraft:iron_axe":1,"minecraft:bucket":3,"minecraft:dandelion":31,"minecraft:redstone":67,"minecraft:smooth_basalt":1,"minecraft:gray_stained_glass":3,"minecraft:coarse_dirt":127,"minecraft:tuff":65,"minecraft:raw_iron":26,"minecraft:filled_map":1,"minecraft:snow":18,"minecraft:iron_chestplate":2,"minecraft:oak_boat":1,"minecraft:golden_sword":2,"minecraft:slime_ball":10,"minecraft:diamond_boots":3,"minecraft:stone_pickaxe":2,"minecraft:raw_gold":3,"minecraft:nether_quartz_ore":13,"minecraft:calcite":1,"minecraft:light_blue_shulker_box":1},"minecraft:killed":{"minecraft:cod":144,"minecraft:pillager":5,"minecraft:goat":9,"minecraft:zombie":416,"minecraft:endermite":10,"minecraft:husk":17,"minecraft:rabbit":36,"minecraft:zombified_piglin":264,"minecraft:witch":5,"minecraft:spider":61,"minecraft:wither":3,"minecraft:piglin":4,"minecraft:zombie_villager":9,"minecraft:sheep":14,"minecraft:trader_llama":2,"minecraft:mooshroom":6,"minecraft:ghast":9,"minecraft:slime":258,"minecraft:drowned":63,"minecraft:hoglin":1,"minecraft:squid":524,"minecraft:wither_skeleton":46,"minecraft:player":8,"minecraft:cave_spider":12,"minecraft:dolphin":3,"minecraft:shulker":4,"minecraft:pufferfish":21,"minecraft:skeleton":577,"minecraft:chicken":574,"minecraft:magma_cube":278,"minecraft:glow_squid":15,"minecraft:cow":89,"minecraft:enderman":44353,"minecraft:pig":15,"minecraft:creeper":161,"minecraft:stray":3,"minecraft:blaze":11,"minecraft:phantom":28,"minecraft:llama":6,"minecraft:bat":4}},"DataVersion":2730}