{"stats":{"minecraft:killed_by":{"minecraft:magma_cube":1,"minecraft:zombie":1,"minecraft:zombified_piglin":1,"minecraft:drowned":1,"minecraft:ender_dragon":2,"minecraft:shulker":1,"minecraft:creeper":3,"minecraft:piglin":1,"minecraft:player":12,"minecraft:spider":1},"minecraft:broken":{"minecraft:shears":3,"minecraft:iron_pickaxe":32,"minecraft:iron_shovel":3,"minecraft:stone_pickaxe":8,"minecraft:stone_axe":4,"minecraft:stone_shovel":5,"minecraft:golden_boots":2,"minecraft:bow":1,"minecraft:iron_axe":3,"minecraft:iron_helmet":1,"minecraft:golden_helmet":1,"minecraft:flint_and_steel":1},"minecraft:custom":{"minecraft:interact_with_crafting_table":1480,"minecraft:play_time":31483904,"minecraft:deaths":58,"minecraft:jump":260507,"minecraft:interact_with_cartography_table":3,"minecraft:interact_with_smoker":35,"minecraft:inspect_dispenser":159,"minecraft:horse_one_cm":13294945,"minecraft:inspect_dropper":11,"minecraft:interact_with_anvil":141,"minecraft:inspect_hopper":322,"minecraft:time_since_rest":18184,"minecraft:swim_one_cm":334137,"minecraft:open_chest":9899,"minecraft:open_shulker_box":6022,"minecraft:damage_resisted":321,"minecraft:talked_to_villager":20,"minecraft:interact_with_brewingstand":385,"minecraft:interact_with_beacon":41,"minecraft:fill_cauldron":2,"minecraft:boat_one_cm":6926429,"minecraft:damage_taken":199856,"minecraft:aviate_one_cm":318662,"minecraft:open_barrel":6112,"minecraft:leave_game":371,"minecraft:time_since_death":943767,"minecraft:enchant_item":140,"minecraft:interact_with_furnace":923,"minecraft:traded_with_villager":2,"minecraft:sleep_in_bed":1533,"minecraft:damage_dealt":262255,"minecraft:use_cauldron":3,"minecraft:interact_with_smithing_table":34,"minecraft:sneak_time":1009857,"minecraft:interact_with_lectern":23,"minecraft:interact_with_blast_furnace":193,"minecraft:total_world_time":31483904,"minecraft:interact_with_stonecutter":190,"minecraft:fly_one_cm":51156398,"minecraft:fish_caught":1,"minecraft:fall_one_cm":9094010,"minecraft:animals_bred":288,"minecraft:sprint_one_cm":67840961,"minecraft:drop":1435,"minecraft:walk_on_water_one_cm":4269569,"minecraft:interact_with_loom":2,"minecraft:open_enderchest":936,"minecraft:player_kills":5,"minecraft:crouch_one_cm":3069303,"minecraft:mob_kills":22176,"minecraft:climb_one_cm":7209441,"minecraft:walk_one_cm":92138531,"minecraft:walk_under_water_one_cm":1886084,"minecraft:pot_flower":34,"minecraft:interact_with_grindstone":43,"minecraft:damage_absorbed":236,"minecraft:minecart_one_cm":4103352},"minecraft:mined":{"minecraft:cut_sandstone_slab":15,"minecraft:potted_pink_tulip":1,"minecraft:red_shulker_box":6,"minecraft:white_bed":61,"minecraft:light_blue_carpet":3,"minecraft:granite":5326,"minecraft:acacia_log":612,"minecraft:deepslate_tile_wall":89,"minecraft:exposed_cut_copper_stairs":21,"minecraft:oak_wall_sign":9,"minecraft:nether_wart":160,"minecraft:polished_blackstone_bricks":8,"minecraft:magma_block":19,"minecraft:dark_oak_trapdoor":34,"minecraft:fire":536,"minecraft:barrel":51,"minecraft:cobbled_deepslate":79,"minecraft:deepslate_lapis_ore":45,"minecraft:twisting_vines":3,"minecraft:pink_tulip":123,"minecraft:white_shulker_box":13,"minecraft:tripwire":33,"minecraft:sandstone_slab":64,"minecraft:cut_sandstone":1510,"minecraft:kelp_plant":5,"minecraft:deepslate_brick_wall":8,"minecraft:crimson_nylium":48,"minecraft:deepslate_tile_slab":112,"minecraft:torch":1669,"minecraft:oxidized_copper":311,"minecraft:white_stained_glass_pane":3,"minecraft:dead_bush":2,"minecraft:nether_brick_slab":1,"minecraft:spruce_wall_sign":19,"minecraft:lime_shulker_box":91,"minecraft:sugar_cane":1729,"minecraft:bricks":6,"minecraft:amethyst_block":949,"minecraft:birch_sapling":14,"minecraft:white_terracotta":10,"minecraft:chain":9,"minecraft:repeater":27,"minecraft:tinted_glass":564,"minecraft:grass":9503,"minecraft:dark_oak_sapling":9,"minecraft:birch_button":7,"minecraft:sandstone_wall":296,"minecraft:waxed_exposed_cut_copper_stairs":227,"minecraft:smooth_basalt":344,"minecraft:deepslate":7210,"minecraft:attached_pumpkin_stem":4,"minecraft:deepslate_tiles":615,"minecraft:mossy_cobblestone":143,"minecraft:dark_oak_log":9003,"minecraft:sea_lantern":14,"minecraft:end_stone":99,"minecraft:dark_oak_fence":152,"minecraft:spruce_fence":16,"minecraft:redstone_wire":156,"minecraft:cartography_table":3,"minecraft:redstone_ore":481,"minecraft:acacia_trapdoor":35,"minecraft:light_blue_concrete_powder":277,"minecraft:andesite":4769,"minecraft:cobblestone_slab":2,"minecraft:vine":117,"minecraft:rail":389,"minecraft:bone_block":30,"minecraft:ender_chest":13,"minecraft:potted_allium":3,"minecraft:birch_stairs":17,"minecraft:redstone_block":3,"minecraft:glass_pane":113,"minecraft:soul_sand":53,"minecraft:lily_of_the_valley":57,"minecraft:potted_lily_of_the_valley":1,"minecraft:dandelion":169,"minecraft:cornflower":163,"minecraft:warped_roots":64,"minecraft:campfire":7,"minecraft:lightning_rod":44,"minecraft:purpur_pillar":2,"minecraft:tall_grass":3755,"minecraft:copper_ore":985,"minecraft:deepslate_gold_ore":71,"minecraft:diorite":5367,"minecraft:warped_wart_block":4262,"minecraft:black_stained_glass":213,"minecraft:coarse_dirt":11,"minecraft:cobblestone_wall":1,"minecraft:dark_oak_wall_sign":73,"minecraft:dark_oak_button":2,"minecraft:sunflower":221,"minecraft:gravel":3267,"minecraft:cobweb":257,"minecraft:birch_sign":20,"minecraft:polished_blackstone":4,"minecraft:stone_bricks":2619,"minecraft:chipped_anvil":3,"minecraft:gold_ore":307,"minecraft:fern":1,"minecraft:stone_pressure_plate":2,"minecraft:oak_sapling":36,"minecraft:farmland":37,"minecraft:andesite_stairs":9,"minecraft:brewing_stand":2,"minecraft:spruce_trapdoor":11,"minecraft:budding_amethyst":11,"minecraft:polished_blackstone_brick_slab":11,"minecraft:composter":3,"minecraft:mossy_cobblestone_slab":1,"minecraft:green_stained_glass":1,"minecraft:red_tulip":136,"minecraft:pointed_dripstone":4985,"minecraft:flowering_azalea_leaves":144,"minecraft:iron_bars":13,"minecraft:potted_cornflower":1,"minecraft:azalea":116,"minecraft:potted_orange_tulip":1,"minecraft:spruce_slab":148,"minecraft:deepslate_redstone_ore":172,"minecraft:exposed_copper":18,"minecraft:medium_amethyst_bud":51,"minecraft:orange_terracotta":425,"minecraft:beacon":5,"minecraft:nether_quartz_ore":500,"minecraft:oak_planks":974,"minecraft:wall_torch":1018,"minecraft:stone_stairs":1,"minecraft:warped_nylium":29,"minecraft:blue_terracotta":71,"minecraft:powered_rail":29,"minecraft:dark_oak_slab":351,"minecraft:warped_planks":15,"minecraft:tnt":2,"minecraft:smooth_stone_slab":15,"minecraft:oak_log":4822,"minecraft:beetroots":122,"minecraft:dirt":13945,"minecraft:dispenser":16,"minecraft:ancient_debris":46,"minecraft:cyan_candle":2,"minecraft:dark_oak_leaves":801,"minecraft:glow_lichen":27,"minecraft:lever":2,"minecraft:ladder":58,"minecraft:weathered_copper":34,"minecraft:brown_mushroom_block":3094,"minecraft:birch_slab":36,"minecraft:spruce_leaves":2995,"minecraft:acacia_slab":81,"minecraft:crimson_stem":38,"minecraft:hay_block":447,"minecraft:raw_gold_block":1,"minecraft:polished_basalt":65,"minecraft:nether_sprouts":29,"minecraft:light_gray_shulker_box":42,"minecraft:detector_rail":1,"minecraft:peony":25,"minecraft:gold_block":78,"minecraft:nether_brick_fence":6,"minecraft:bookshelf":18,"minecraft:deepslate_iron_ore":250,"minecraft:shroomlight":170,"minecraft:stripped_oak_log":1530,"minecraft:acacia_leaves":237,"minecraft:scaffolding":3276,"minecraft:stripped_dark_oak_log":91,"minecraft:basalt":4007,"minecraft:warped_fence":44,"minecraft:oak_fence":364,"minecraft:gray_stained_glass":2,"minecraft:deepslate_coal_ore":188,"minecraft:polished_blackstone_brick_stairs":14,"minecraft:prismarine_bricks":6,"minecraft:birch_planks":56,"minecraft:sea_pickle":27,"minecraft:white_wall_banner":11,"minecraft:cocoa":151,"minecraft:flower_pot":14,"minecraft:dark_oak_planks":108,"minecraft:light_blue_concrete":8,"minecraft:warped_stairs":17,"minecraft:carved_pumpkin":743,"minecraft:obsidian":231,"minecraft:stone_brick_wall":8,"minecraft:yellow_carpet":4,"minecraft:jungle_log":1,"minecraft:deepslate_bricks":54,"minecraft:deepslate_tile_stairs":1612,"minecraft:purpur_slab":2,"minecraft:lime_stained_glass":1,"minecraft:crimson_fungus":9,"minecraft:hopper":33,"minecraft:oxeye_daisy":137,"minecraft:chiseled_stone_bricks":54,"minecraft:orange_concrete":1,"minecraft:weeping_vines_plant":1,"minecraft:tall_seagrass":27,"minecraft:sticky_piston":5,"minecraft:pumpkin":209,"minecraft:moss_carpet":646,"minecraft:enchanting_table":3,"minecraft:lime_stained_glass_pane":67,"minecraft:polished_deepslate_slab":3,"minecraft:cave_vines":60,"minecraft:oak_sign":6,"minecraft:dirt_path":1057,"minecraft:oak_stairs":77,"minecraft:small_amethyst_bud":55,"minecraft:quartz_slab":11,"minecraft:smooth_sandstone_stairs":133,"minecraft:iron_block":775,"minecraft:blue_orchid":89,"minecraft:piston_head":1,"minecraft:brown_mushroom":4,"minecraft:red_bed":1,"minecraft:player_wall_head":2,"minecraft:soul_fire":1,"minecraft:amethyst_cluster":1157,"minecraft:blue_stained_glass":12,"minecraft:oxidized_cut_copper_stairs":34,"minecraft:blast_furnace":2,"minecraft:glass":97,"minecraft:cyan_bed":8,"minecraft:damaged_anvil":2,"minecraft:smooth_sandstone_slab":38,"minecraft:crimson_stairs":3,"minecraft:spruce_sign":1,"minecraft:wheat":16287,"minecraft:lilac":13,"minecraft:lime_concrete":1,"minecraft:waxed_copper_block":9,"minecraft:pumpkin_stem":18,"minecraft:birch_door":3,"minecraft:warped_fungus":6,"minecraft:potted_poppy":1,"minecraft:stone_brick_stairs":13,"minecraft:copper_block":40,"minecraft:oak_fence_gate":3,"minecraft:stripped_birch_wood":58,"minecraft:blue_shulker_box":23,"minecraft:red_mushroom_block":611,"minecraft:stonecutter":15,"minecraft:piston":17,"minecraft:light_gray_stained_glass_pane":3,"minecraft:stripped_birch_log":1843,"minecraft:jack_o_lantern":23,"minecraft:shulker_box":810,"minecraft:nether_bricks":10,"minecraft:cobbled_deepslate_slab":7,"minecraft:allium":449,"minecraft:crimson_roots":2,"minecraft:moss_block":965,"minecraft:kelp":17,"minecraft:polished_blackstone_button":42,"minecraft:diamond_block":2,"minecraft:warped_wall_sign":4,"minecraft:potatoes":336,"minecraft:warped_stem":729,"minecraft:bamboo_sapling":2,"minecraft:warped_trapdoor":1,"minecraft:bamboo":297,"minecraft:white_wool":3,"minecraft:smithing_table":9,"minecraft:comparator":2,"minecraft:stone_brick_slab":88,"minecraft:observer":3,"minecraft:smooth_sandstone":4964,"minecraft:cobbled_deepslate_wall":74,"minecraft:spruce_button":1,"minecraft:white_carpet":2,"minecraft:spruce_log":2080,"minecraft:birch_leaves":4718,"minecraft:magenta_candle":1,"minecraft:dark_oak_sign":2,"minecraft:dripstone_block":2193,"minecraft:acacia_door":2,"minecraft:acacia_planks":678,"minecraft:spruce_fence_gate":5,"minecraft:infested_stone":33,"minecraft:large_amethyst_bud":57,"minecraft:spruce_planks":162,"minecraft:cobbled_deepslate_stairs":1,"minecraft:cobblestone_stairs":17,"minecraft:potted_cactus":1,"minecraft:cave_vines_plant":50,"minecraft:grass_block":18893,"minecraft:sandstone_stairs":232,"minecraft:smooth_stone":1,"minecraft:raw_iron_block":3,"minecraft:glowstone":38,"minecraft:iron_ore":2245,"minecraft:anvil":5,"minecraft:azure_bluet":246,"minecraft:dark_oak_stairs":150,"minecraft:black_candle":1,"minecraft:birch_wall_sign":59,"minecraft:azalea_leaves":392,"minecraft:end_stone_bricks":6,"minecraft:blackstone":1602,"minecraft:clay":303,"minecraft:calcite":1383,"minecraft:poppy":98,"minecraft:chest":145,"minecraft:mushroom_stem":272,"minecraft:cobblestone":777,"minecraft:birch_wood":3,"minecraft:slime_block":5,"minecraft:deepslate_copper_ore":52,"minecraft:seagrass":25,"minecraft:acacia_sapling":3,"minecraft:dark_oak_door":6,"minecraft:nether_wart_block":11,"minecraft:birch_log":4469,"minecraft:birch_trapdoor":18,"minecraft:stripped_oak_wood":215,"minecraft:orange_tulip":195,"minecraft:purpur_block":17,"minecraft:yellow_stained_glass_pane":29,"minecraft:sand":22041,"minecraft:tripwire_hook":8,"minecraft:potted_red_tulip":1,"minecraft:netherrack":13093,"minecraft:polished_deepslate_wall":26,"minecraft:oak_leaves":9061,"minecraft:redstone_lamp":1,"minecraft:nether_gold_ore":118,"minecraft:diamond_ore":148,"minecraft:tuff":2551,"minecraft:candle":15,"minecraft:deepslate_diamond_ore":33,"minecraft:oak_door":6,"minecraft:gray_stained_glass_pane":6,"minecraft:dark_oak_pressure_plate":2,"minecraft:brick_stairs":2,"minecraft:light_blue_glazed_terracotta":451,"minecraft:weeping_vines":1,"minecraft:white_stained_glass":10,"minecraft:sandstone":14772,"minecraft:rooted_dirt":7,"minecraft:large_fern":2,"minecraft:oxidized_cut_copper":5,"minecraft:oak_trapdoor":42,"minecraft:spruce_sapling":9,"minecraft:furnace":34,"minecraft:carrots":271,"minecraft:chiseled_sandstone":1,"minecraft:acacia_stairs":122,"minecraft:dark_oak_fence_gate":19,"minecraft:stripped_spruce_log":49,"minecraft:chiseled_deepslate":7,"minecraft:polished_deepslate":46,"minecraft:lantern":57,"minecraft:stripped_acacia_log":4,"minecraft:chorus_plant":9,"minecraft:stone":75558,"minecraft:white_tulip":223,"minecraft:redstone_wall_torch":49,"minecraft:podzol":10,"minecraft:light_blue_shulker_box":8,"minecraft:flowering_azalea":53,"minecraft:cut_copper_stairs":36,"minecraft:spruce_door":23,"minecraft:crafting_table":69,"minecraft:oak_wood":10,"minecraft:rose_bush":27,"minecraft:andesite_slab":113,"minecraft:lapis_ore":103,"minecraft:lily_pad":1,"minecraft:blue_candle":9,"minecraft:spruce_stairs":127,"minecraft:cactus":617,"minecraft:brick_slab":2,"minecraft:beehive":5,"minecraft:polished_blackstone_stairs":4,"minecraft:redstone_torch":35,"minecraft:yellow_bed":3,"minecraft:potted_azure_bluet":1,"minecraft:coal_ore":3041,"minecraft:end_rod":13,"minecraft:terracotta":561,"minecraft:birch_fence":17},"minecraft:used":{"minecraft:moss_block":159,"minecraft:jack_o_lantern":659,"minecraft:writable_book":163,"minecraft:chiseled_deepslate":79,"minecraft:dispenser":34,"minecraft:poppy":8,"minecraft:stone":1415,"minecraft:warped_sign":13,"minecraft:soul_sand":27,"minecraft:weathered_copper":30,"minecraft:cocoa_beans":152,"minecraft:lily_of_the_valley":3,"minecraft:deepslate_brick_slab":16,"minecraft:magenta_candle":4,"minecraft:snowball":495,"minecraft:azure_bluet":23,"minecraft:weeping_vines":9,"minecraft:spruce_boat":1,"minecraft:lava_bucket":23,"minecraft:deepslate_copper_ore":13,"minecraft:netherite_hoe":4734,"minecraft:dark_oak_leaves":13,"minecraft:dark_oak_slab":1854,"minecraft:diorite_wall":8,"minecraft:bow":234,"minecraft:cooked_cod":33,"minecraft:oak_sapling":1095,"minecraft:deepslate_brick_wall":8,"minecraft:leather_leggings":1,"minecraft:damaged_anvil":2,"minecraft:chorus_fruit":1,"minecraft:blackstone":42,"minecraft:cactus":22,"minecraft:wooden_pickaxe":6,"minecraft:leather_chestplate":1,"minecraft:composter":4,"minecraft:clay":1,"minecraft:glow_berries":671,"minecraft:golden_apple":8,"minecraft:cut_sandstone_slab":6,"minecraft:blast_furnace":5,"minecraft:cyan_dye":1,"minecraft:deepslate_brick_stairs":3,"minecraft:birch_fence":17,"minecraft:gray_stained_glass_pane":16,"minecraft:birch_slab":115,"minecraft:deepslate_iron_ore":55,"minecraft:oak_pressure_plate":1,"minecraft:flowering_azalea_leaves":26,"minecraft:nether_wart_block":7,"minecraft:diamond_sword":5780,"minecraft:smithing_table":28,"minecraft:birch_log":2274,"minecraft:oak_boat":8,"minecraft:oak_trapdoor":175,"minecraft:polished_blackstone_brick_slab":22,"minecraft:enchanting_table":3,"minecraft:carved_pumpkin":4,"minecraft:armor_stand":17,"minecraft:light_gray_carpet":4,"minecraft:tinted_glass":2606,"minecraft:cooked_salmon":11,"minecraft:exposed_cut_copper_stairs":21,"minecraft:torch":11810,"minecraft:brewing_stand":5,"minecraft:nether_quartz_ore":42,"minecraft:yellow_carpet":4,"minecraft:oak_fence_gate":13,"minecraft:sea_lantern":73,"minecraft:chipped_anvil":3,"minecraft:iron_block":781,"minecraft:polished_deepslate_wall":87,"minecraft:jungle_log":1,"minecraft:barrel":174,"minecraft:bamboo":128,"minecraft:diamond_chestplate":1,"minecraft:basalt":2323,"minecraft:warped_stairs":65,"minecraft:podzol":361,"minecraft:acacia_planks":699,"minecraft:calcite":1154,"minecraft:wheat_seeds":20782,"minecraft:warped_stem":18,"minecraft:light_blue_shulker_box":9,"minecraft:birch_planks":26,"minecraft:lead":5,"minecraft:cauldron":2,"minecraft:spruce_fence_gate":33,"minecraft:glow_ink_sac":485,"minecraft:leather_boots":1,"minecraft:gold_ore":71,"minecraft:deepslate_bricks":183,"minecraft:polished_deepslate_slab":19,"minecraft:diamond_block":3,"minecraft:rail":503,"minecraft:white_bed":121,"minecraft:campfire":7,"minecraft:spruce_log":830,"minecraft:mushroom_stem":8,"minecraft:amethyst_cluster":111,"minecraft:diamond_pickaxe":148805,"minecraft:warped_trapdoor":28,"minecraft:diamond_shovel":62263,"minecraft:oak_button":6,"minecraft:leather_helmet":1,"minecraft:spruce_trapdoor":44,"minecraft:spruce_sapling":282,"minecraft:potion":101,"minecraft:azalea_leaves":7,"minecraft:crimson_stairs":47,"minecraft:cooked_porkchop":192,"minecraft:andesite_stairs":116,"minecraft:stripped_oak_log":1484,"minecraft:dandelion":1,"minecraft:green_stained_glass":1,"minecraft:moss_carpet":1031,"minecraft:blue_terracotta":380,"minecraft:polished_deepslate":252,"minecraft:light_gray_stained_glass_pane":20,"minecraft:bone_block":34,"minecraft:polished_basalt":109,"minecraft:nether_wart":175,"minecraft:spruce_leaves":253,"minecraft:beehive":3,"minecraft:obsidian":100,"minecraft:bricks":87,"minecraft:lantern":278,"minecraft:warped_nylium":16,"minecraft:light_blue_bed":42,"minecraft:mossy_cobblestone_slab":68,"minecraft:raw_gold_block":1,"minecraft:item_frame":33,"minecraft:birch_button":21,"minecraft:deepslate_diamond_ore":7,"minecraft:birch_trapdoor":51,"minecraft:written_book":312,"minecraft:blue_shulker_box":24,"minecraft:gold_block":71,"minecraft:dark_oak_sapling":201,"minecraft:end_rod":46,"minecraft:diamond_boots":1,"minecraft:stone_pickaxe":1501,"minecraft:oak_planks":181,"minecraft:sandstone":5359,"minecraft:sugar_cane":65,"minecraft:diamond_axe":35975,"minecraft:white_wool":4,"minecraft:lime_stained_glass_pane":71,"minecraft:deepslate_lapis_ore":16,"minecraft:end_stone":41,"minecraft:sticky_piston":8,"minecraft:lever":35,"minecraft:acacia_door":2,"minecraft:dark_oak_log":1587,"minecraft:bread":1655,"minecraft:warped_slab":16,"minecraft:iron_door":4,"minecraft:deepslate":2108,"minecraft:blue_candle":18,"minecraft:light_blue_concrete_powder":305,"minecraft:cooked_rabbit":1,"minecraft:chain":61,"minecraft:coarse_dirt":66,"minecraft:bone_meal":6712,"minecraft:netherite_sword":179,"minecraft:rose_bush":8,"minecraft:white_tulip":11,"minecraft:flint_and_steel":214,"minecraft:redstone":448,"minecraft:ender_chest":32,"minecraft:deepslate_gold_ore":17,"minecraft:stripped_birch_wood":71,"minecraft:cooked_chicken":5,"minecraft:dirt":17179,"minecraft:prismarine_bricks":70,"minecraft:golden_chestplate":1,"minecraft:spruce_fence":50,"minecraft:iron_hoe":349,"minecraft:light_gray_stained_glass":2,"minecraft:smooth_sandstone":5798,"minecraft:iron_boots":1,"minecraft:black_stained_glass":1021,"minecraft:dark_oak_pressure_plate":3,"minecraft:lime_stained_glass":1,"minecraft:deepslate_tile_stairs":3483,"minecraft:netherite_pickaxe":13728,"minecraft:minecart":30,"minecraft:cooked_beef":1029,"minecraft:pumpkin":230,"minecraft:beetroot_soup":4,"minecraft:cobbled_deepslate_wall":97,"minecraft:cobblestone_stairs":7,"minecraft:baked_potato":847,"minecraft:birch_boat":6,"minecraft:brown_mushroom":14,"minecraft:cut_sandstone":1283,"minecraft:spruce_sign":51,"minecraft:waxed_copper_block":9,"minecraft:warped_planks":122,"minecraft:piston":19,"minecraft:wooden_hoe":8,"minecraft:flower_pot":59,"minecraft:gray_candle":20,"minecraft:lapis_ore":38,"minecraft:detector_rail":2,"minecraft:stone_axe":993,"minecraft:brown_stained_glass_pane":42,"minecraft:crimson_fungus":14,"minecraft:cobbled_deepslate_slab":54,"minecraft:pumpkin_pie":1,"minecraft:sea_pickle":1563,"minecraft:birch_stairs":67,"minecraft:peony":4,"minecraft:nether_brick_fence":4,"minecraft:elytra":1,"minecraft:spruce_slab":293,"minecraft:polished_blackstone":2,"minecraft:ladder":335,"minecraft:chest":374,"minecraft:white_shulker_box":13,"minecraft:blue_stained_glass":751,"minecraft:brick_slab":7,"minecraft:allium":50,"minecraft:acacia_sapling":80,"minecraft:stripped_spruce_log":18,"minecraft:honeycomb":218,"minecraft:netherite_shovel":967,"minecraft:grass_block":52,"minecraft:birch_sapling":524,"minecraft:copper_ore":207,"minecraft:dark_oak_button":23,"minecraft:stone_brick_stairs":9,"minecraft:dark_oak_boat":8,"minecraft:furnace":48,"minecraft:egg":49,"minecraft:potato":413,"minecraft:light_blue_carpet":55,"minecraft:diorite":128,"minecraft:end_stone_bricks":1,"minecraft:spruce_door":59,"minecraft:stripped_birch_log":1809,"minecraft:acacia_trapdoor":69,"minecraft:powered_rail":150,"minecraft:orange_tulip":10,"minecraft:oak_leaves":16,"minecraft:cookie":5,"minecraft:dark_oak_trapdoor":80,"minecraft:blue_dye":1,"minecraft:sand":6384,"minecraft:netherite_helmet":1,"minecraft:pumpkin_seeds":89,"minecraft:lightning_rod":86,"minecraft:deepslate_tiles":1437,"minecraft:chiseled_sandstone":1,"minecraft:stone_button":2,"minecraft:spore_blossom":52,"minecraft:diamond_ore":43,"minecraft:lilac":7,"minecraft:dark_oak_fence":302,"minecraft:white_stained_glass":10,"minecraft:gray_stained_glass":2,"minecraft:iron_bars":103,"minecraft:stone_sword":122,"minecraft:acacia_log":153,"minecraft:sandstone_wall":906,"minecraft:netherrack":2009,"minecraft:light_gray_shulker_box":43,"minecraft:dragon_egg":1,"minecraft:anvil":16,"minecraft:warped_wart_block":62,"minecraft:ancient_debris":2,"minecraft:wheat":13,"minecraft:chorus_flower":9,"minecraft:stone_stairs":1,"minecraft:glow_lichen":9,"minecraft:shroomlight":167,"minecraft:red_shulker_box":8,"minecraft:flowering_azalea":13,"minecraft:rooted_dirt":2,"minecraft:iron_axe":4533,"minecraft:spruce_button":1,"minecraft:brick_stairs":6,"minecraft:slime_block":13,"minecraft:warped_fence":92,"minecraft:smooth_basalt":63,"minecraft:tripwire_hook":8,"minecraft:glowstone":14,"minecraft:iron_trapdoor":3,"minecraft:oxidized_copper":115,"minecraft:cobbled_deepslate":342,"minecraft:orange_terracotta":2,"minecraft:observer":3,"minecraft:pointed_dripstone":173,"minecraft:hanging_roots":6,"minecraft:water_bucket":211,"minecraft:light_blue_glazed_terracotta":505,"minecraft:sandstone_stairs":350,"minecraft:cartography_table":9,"minecraft:smooth_sandstone_slab":798,"minecraft:red_mushroom_block":22,"minecraft:polished_blackstone_bricks":308,"minecraft:mossy_cobblestone":609,"minecraft:comparator":4,"minecraft:vine":47,"minecraft:tnt":176,"minecraft:crafting_table":113,"minecraft:birch_sign":310,"minecraft:dark_oak_fence_gate":52,"minecraft:lime_shulker_box":92,"minecraft:deepslate_tile_wall":207,"minecraft:small_amethyst_bud":48,"minecraft:oak_log":1968,"minecraft:waxed_exposed_cut_copper_stairs":179,"minecraft:oxeye_daisy":15,"minecraft:sunflower":13,"minecraft:iron_pickaxe":13650,"minecraft:crimson_nylium":9,"minecraft:chiseled_stone_bricks":1011,"minecraft:cobblestone":901,"minecraft:sandstone_slab":265,"minecraft:glass_pane":112,"minecraft:black_candle":16,"minecraft:brown_mushroom_block":2799,"minecraft:candle":72,"minecraft:purple_candle":24,"minecraft:iron_shovel":1354,"minecraft:diamond_hoe":16850,"minecraft:oak_sign":229,"minecraft:white_terracotta":16,"minecraft:iron_sword":1758,"minecraft:player_head":33,"minecraft:smooth_sandstone_stairs":732,"minecraft:oxidized_cut_copper":49,"minecraft:white_candle":24,"minecraft:nether_bricks":1,"minecraft:carrot":405,"minecraft:deepslate_tile_slab":291,"minecraft:tuff":1575,"minecraft:axolotl_bucket":2,"minecraft:milk_bucket":5,"minecraft:glass":336,"minecraft:coal_ore":508,"minecraft:quartz_slab":11,"minecraft:stone_bricks":2654,"minecraft:repeater":71,"minecraft:redstone_lamp":10,"minecraft:magma_block":17,"minecraft:warped_fungus":70,"minecraft:hay_block":1604,"minecraft:scaffolding":9399,"minecraft:oxidized_cut_copper_stairs":44,"minecraft:beetroot_seeds":171,"minecraft:dark_oak_stairs":624,"minecraft:birch_leaves":439,"minecraft:dark_oak_sign":462,"minecraft:birch_wood":82,"minecraft:ender_pearl":4420,"minecraft:redstone_block":13,"minecraft:large_amethyst_bud":33,"minecraft:loom":1,"minecraft:deepslate_redstone_ore":56,"minecraft:dripstone_block":4473,"minecraft:stone_brick_wall":8,"minecraft:shears":3449,"minecraft:cobbled_deepslate_stairs":5,"minecraft:exposed_copper":1,"minecraft:redstone_torch":312,"minecraft:firework_rocket":64,"minecraft:string":95,"minecraft:cyan_bed":9,"minecraft:brown_stained_glass":2,"minecraft:gravel":26,"minecraft:stripped_oak_wood":309,"minecraft:medium_amethyst_bud":43,"minecraft:deepslate_coal_ore":27,"minecraft:andesite":337,"minecraft:oak_fence":173,"minecraft:azalea":4,"minecraft:cobweb":1,"minecraft:purpur_block":10,"minecraft:trident":1818,"minecraft:redstone_ore":148,"minecraft:stone_shovel":770,"minecraft:spruce_planks":1001,"minecraft:cut_copper_stairs":262,"minecraft:oak_door":5,"minecraft:hopper":63,"minecraft:spyglass":87,"minecraft:white_carpet":34,"minecraft:spruce_stairs":156,"minecraft:shulker_box":832,"minecraft:oak_wood":390,"minecraft:raw_iron_block":69,"minecraft:granite":222,"minecraft:birch_door":6,"minecraft:stone_brick_slab":25,"minecraft:dark_oak_planks":239,"minecraft:red_tulip":6,"minecraft:bookshelf":24,"minecraft:acacia_slab":344,"minecraft:red_candle":28,"minecraft:polished_blackstone_brick_stairs":28,"minecraft:golden_carrot":587,"minecraft:white_stained_glass_pane":15,"minecraft:granite_wall":4,"minecraft:stone_pressure_plate":3,"minecraft:red_dye":9,"minecraft:acacia_boat":1,"minecraft:cooked_mutton":5,"minecraft:pink_tulip":25,"minecraft:iron_ore":477,"minecraft:amethyst_block":1054,"minecraft:glass_bottle":202,"minecraft:cyan_candle":8,"minecraft:netherite_chestplate":2,"minecraft:andesite_slab":230,"minecraft:copper_block":272,"minecraft:stonecutter":19,"minecraft:white_dye":8,"minecraft:beacon":5,"minecraft:glow_item_frame":7,"minecraft:stripped_dark_oak_log":83,"minecraft:lime_bed":21,"minecraft:yellow_stained_glass_pane":60,"minecraft:painting":31,"minecraft:smoker":1,"minecraft:dark_oak_door":17,"minecraft:nether_gold_ore":1,"minecraft:acacia_stairs":583,"minecraft:apple":128,"minecraft:map":4,"minecraft:netherite_axe":2134,"minecraft:acacia_fence_gate":3,"minecraft:fishing_rod":2,"minecraft:white_banner":19,"minecraft:bucket":678,"minecraft:yellow_bed":3,"minecraft:polished_blackstone_button":970,"minecraft:smooth_stone":2,"minecraft:splash_potion":1},"minecraft:picked_up":{"minecraft:blue_candle":10,"minecraft:smithing_table":16,"minecraft:lead":65,"minecraft:enchanted_book":20,"minecraft:string":276,"minecraft:music_disc_cat":1,"minecraft:polished_deepslate":74,"minecraft:polished_blackstone_brick_stairs":11,"minecraft:dark_oak_pressure_plate":2,"minecraft:pufferfish":4,"minecraft:shroomlight":170,"minecraft:diamond_leggings":8,"minecraft:diamond_ore":47,"minecraft:polished_blackstone_brick_slab":10,"minecraft:polished_blackstone_stairs":1,"minecraft:acacia_log":663,"minecraft:purpur_pillar":2,"minecraft:cut_copper_stairs":36,"minecraft:lightning_rod":45,"minecraft:golden_chestplate":12,"minecraft:stone_sword":5,"minecraft:polished_basalt":60,"minecraft:carved_pumpkin":730,"minecraft:red_tulip":887,"minecraft:glowstone":16,"minecraft:bookshelf":46,"minecraft:end_rod":54,"minecraft:white_terracotta":21,"minecraft:blaze_rod":61,"minecraft:iron_bars":13,"minecraft:snowball":384,"minecraft:cooked_beef":354,"minecraft:feather":17,"minecraft:medium_amethyst_bud":47,"minecraft:water_bucket":5,"minecraft:brown_wool":3,"minecraft:dark_oak_boat":6,"minecraft:copper_block":104,"minecraft:flint":280,"minecraft:lantern":107,"minecraft:hanging_roots":102,"minecraft:exposed_cut_copper_stairs":21,"minecraft:large_amethyst_bud":45,"minecraft:stonecutter":15,"minecraft:dark_oak_sign":114,"minecraft:diamond_helmet":13,"minecraft:rabbit":10,"minecraft:honeycomb":495,"minecraft:magenta_candle":4,"minecraft:glow_lichen":28,"minecraft:stripped_spruce_log":44,"minecraft:brown_mushroom_block":2611,"minecraft:acacia_stairs":101,"minecraft:iron_hoe":2,"minecraft:blue_terracotta":65,"minecraft:deepslate":4600,"minecraft:lever":5,"minecraft:granite":5035,"minecraft:spruce_button":2,"minecraft:deepslate_coal_ore":71,"minecraft:rooted_dirt":7,"minecraft:jack_o_lantern":76,"minecraft:crimson_roots":6,"minecraft:diamond_pickaxe":52,"minecraft:bee_nest":1,"minecraft:clay_ball":1173,"minecraft:leather_leggings":9,"minecraft:redstone_lamp":1,"minecraft:dragon_head":3,"minecraft:purpur_block":6,"minecraft:cornflower":227,"minecraft:elytra":5,"minecraft:acacia_door":2,"minecraft:flint_and_steel":10,"minecraft:white_carpet":12,"minecraft:white_stained_glass":9,"minecraft:iron_shovel":8,"minecraft:glass_pane":210,"minecraft:netherite_sword":1,"minecraft:poppy":899,"minecraft:spruce_slab":196,"minecraft:minecart":38,"minecraft:birch_sapling":750,"minecraft:piston":19,"minecraft:diamond_hoe":7,"minecraft:copper_ore":207,"minecraft:lime_shulker_box":91,"minecraft:black_stained_glass":369,"minecraft:stone":44309,"minecraft:raw_gold_block":5,"minecraft:white_dye":15,"minecraft:netherite_pickaxe":3,"minecraft:diamond_chestplate":20,"minecraft:stone_shovel":10,"minecraft:hay_block":568,"minecraft:polished_blackstone":4,"minecraft:rail":602,"minecraft:bone_block":237,"minecraft:oxeye_daisy":175,"minecraft:birch_leaves":607,"minecraft:clock":2,"minecraft:tripwire_hook":14,"minecraft:lily_pad":24,"minecraft:paper":128,"minecraft:apple":295,"minecraft:oak_fence_gate":3,"minecraft:warped_stem":710,"minecraft:spore_blossom":23,"minecraft:stone_pickaxe":8,"minecraft:iron_ore":561,"minecraft:dark_oak_stairs":161,"minecraft:smooth_basalt":328,"minecraft:sweet_berries":5,"minecraft:red_wool":48,"minecraft:lime_concrete":1,"minecraft:weathered_copper":34,"minecraft:crimson_stairs":46,"minecraft:leather_helmet":2,"minecraft:oak_wood":32,"minecraft:diamond_shovel":26,"minecraft:coal_ore":644,"minecraft:slime_ball":417,"minecraft:deepslate_redstone_ore":57,"minecraft:painting":30,"minecraft:birch_sign":132,"minecraft:baked_potato":627,"minecraft:hopper":40,"minecraft:light_blue_concrete":8,"minecraft:ender_chest":31,"minecraft:nether_brick_fence":5,"minecraft:stone_brick_stairs":10,"minecraft:warped_stairs":17,"minecraft:deepslate_lapis_ore":21,"minecraft:experience_bottle":64,"minecraft:smooth_stone":54,"minecraft:comparator":2,"minecraft:bucket":11,"minecraft:red_dye":8,"minecraft:white_tulip":2128,"minecraft:rose_bush":34,"minecraft:cobblestone_slab":30,"minecraft:azalea":126,"minecraft:iron_pickaxe":16,"minecraft:deepslate_iron_ore":91,"minecraft:birch_trapdoor":22,"minecraft:spruce_stairs":164,"minecraft:netherite_shovel":2,"minecraft:diorite":5265,"minecraft:vine":86,"minecraft:rotten_flesh":554,"minecraft:deepslate_copper_ore":13,"minecraft:chorus_flower":10,"minecraft:obsidian":239,"minecraft:cobblestone":31965,"minecraft:enchanting_table":5,"minecraft:leather_chestplate":3,"minecraft:lilac":14,"minecraft:repeater":35,"minecraft:andesite":4436,"minecraft:golden_leggings":20,"minecraft:beacon":5,"minecraft:potato":1232,"minecraft:smooth_sandstone_stairs":148,"minecraft:prismarine_bricks":70,"minecraft:dirt":33025,"minecraft:stripped_birch_log":1823,"minecraft:cut_sandstone_slab":9,"minecraft:glass":1261,"minecraft:bone":258,"minecraft:acacia_planks":616,"minecraft:bow":30,"minecraft:wheat_seeds":55448,"minecraft:orange_tulip":2520,"minecraft:small_dripleaf":2,"minecraft:birch_wood":3,"minecraft:popped_chorus_fruit":31,"minecraft:netherite_axe":2,"minecraft:bamboo":3639,"minecraft:gray_stained_glass":1,"minecraft:light_blue_shulker_box":8,"minecraft:grass_block":559,"minecraft:diamond_block":9,"minecraft:mossy_cobblestone":145,"minecraft:yellow_carpet":6,"minecraft:slime_block":5,"minecraft:netherite_helmet":2,"minecraft:yellow_stained_glass_pane":24,"minecraft:bone_meal":569,"minecraft:grass":12,"minecraft:golden_apple":14,"minecraft:spruce_sign":60,"minecraft:emerald":6,"minecraft:netherrack":14640,"minecraft:chorus_fruit":93,"minecraft:andesite_slab":119,"minecraft:oak_leaves":243,"minecraft:azure_bluet":773,"minecraft:splash_potion":2,"minecraft:ladder":238,"minecraft:brown_mushroom":172,"minecraft:stone_brick_wall":7,"minecraft:chain":44,"minecraft:brick":193,"minecraft:moss_carpet":767,"minecraft:oak_trapdoor":48,"minecraft:birch_fence":18,"minecraft:blackstone":1898,"minecraft:blue_orchid":88,"minecraft:end_stone":116,"minecraft:flowering_azalea_leaves":93,"minecraft:polished_blackstone_bricks":8,"minecraft:cookie":18,"minecraft:trident":13,"minecraft:light_gray_stained_glass_pane":9,"minecraft:stone_pressure_plate":2,"minecraft:purple_candle":2,"minecraft:weeping_vines":116,"minecraft:red_shulker_box":10,"minecraft:pumpkin_pie":1,"minecraft:nether_bricks":9,"minecraft:pink_tulip":334,"minecraft:brick_stairs":2,"minecraft:netherite_boots":2,"minecraft:basalt":5137,"minecraft:dark_oak_button":21,"minecraft:golden_carrot":471,"minecraft:leather":683,"minecraft:crimson_fungus":124,"minecraft:chainmail_chestplate":1,"minecraft:cobblestone_wall":8,"minecraft:yellow_bed":3,"minecraft:cobbled_deepslate_stairs":1,"minecraft:gunpowder":136,"minecraft:orange_terracotta":437,"minecraft:cooked_mutton":1,"minecraft:acacia_trapdoor":34,"minecraft:rabbit_hide":7,"minecraft:iron_ingot":154,"minecraft:nether_quartz_ore":52,"minecraft:warped_fungus":55,"minecraft:black_candle":4,"minecraft:stone_brick_slab":80,"minecraft:quartz":1056,"minecraft:dandelion":265,"minecraft:amethyst_shard":6047,"minecraft:green_stained_glass":1,"minecraft:spruce_door":47,"minecraft:brick_slab":2,"minecraft:light_blue_concrete_powder":278,"minecraft:pumpkin_seeds":3010,"minecraft:terracotta":594,"minecraft:damaged_anvil":3,"minecraft:netherite_hoe":1,"minecraft:sunflower":223,"minecraft:birch_door":3,"minecraft:iron_chestplate":14,"minecraft:prismarine_shard":1,"minecraft:flower_pot":29,"minecraft:anvil":5,"minecraft:diamond_sword":28,"minecraft:oak_stairs":82,"minecraft:birch_button":14,"minecraft:brewing_stand":3,"minecraft:polished_deepslate_wall":56,"minecraft:amethyst_block":958,"minecraft:dark_oak_trapdoor":55,"minecraft:beetroot":140,"minecraft:gold_nugget":888,"minecraft:cobbled_deepslate":3876,"minecraft:spruce_planks":244,"minecraft:written_book":5,"minecraft:azalea_leaves":210,"minecraft:coal_block":41,"minecraft:dark_oak_door":3,"minecraft:golden_helmet":3,"minecraft:beehive":11,"minecraft:composter":4,"minecraft:sandstone_wall":272,"minecraft:warped_planks":27,"minecraft:deepslate_tile_stairs":1526,"minecraft:gray_stained_glass_pane":11,"minecraft:black_dye":4,"minecraft:light_blue_wool":150,"minecraft:tropical_fish":22,"minecraft:iron_block":799,"minecraft:netherite_chestplate":1,"minecraft:birch_log":4583,"minecraft:magma_block":19,"minecraft:mossy_cobblestone_slab":4,"minecraft:oxidized_copper":326,"minecraft:birch_slab":37,"minecraft:jungle_log":1,"minecraft:acacia_leaves":1,"minecraft:powder_snow_bucket":1,"minecraft:netherite_leggings":1,"minecraft:chipped_anvil":3,"minecraft:glowstone_dust":67,"minecraft:moss_block":982,"minecraft:warped_wart_block":3944,"minecraft:ink_sac":61,"minecraft:dark_oak_log":10372,"minecraft:barrel":50,"minecraft:stripped_acacia_log":5,"minecraft:dispenser":23,"minecraft:writable_book":8,"minecraft:deepslate_gold_ore":22,"minecraft:chainmail_helmet":2,"minecraft:bread":241,"minecraft:dark_oak_fence":391,"minecraft:bricks":6,"minecraft:spruce_leaves":1008,"minecraft:lime_stained_glass_pane":65,"minecraft:coarse_dirt":11,"minecraft:crafting_table":79,"minecraft:sandstone_slab":66,"minecraft:nether_wart":467,"minecraft:red_bed":1,"minecraft:cartography_table":3,"minecraft:deepslate_diamond_ore":7,"minecraft:beef":814,"minecraft:iron_nugget":291,"minecraft:chest":183,"minecraft:egg":133,"minecraft:sandstone":13653,"minecraft:polished_deepslate_slab":49,"minecraft:oak_door":11,"minecraft:glow_item_frame":1,"minecraft:spruce_fence":21,"minecraft:amethyst_cluster":244,"minecraft:carrot":1047,"minecraft:redstone":2565,"minecraft:mushroom_stem":226,"minecraft:tnt":6,"minecraft:cooked_cod":17,"minecraft:beetroot_seeds":334,"minecraft:peony":21,"minecraft:deepslate_bricks":151,"minecraft:shears":13,"minecraft:diamond_boots":13,"minecraft:warped_sign":6,"minecraft:sandstone_stairs":253,"minecraft:gold_ingot":13,"minecraft:white_shulker_box":14,"minecraft:glow_berries":690,"minecraft:white_wool":115,"minecraft:lapis_ore":56,"minecraft:stripped_oak_log":1481,"minecraft:red_mushroom_block":440,"minecraft:red_mushroom":84,"minecraft:filled_map":41,"minecraft:oak_log":5336,"minecraft:ancient_debris":46,"minecraft:golden_boots":9,"minecraft:white_banner":15,"minecraft:stone_bricks":2241,"minecraft:kelp":53,"minecraft:cobweb":266,"minecraft:glass_bottle":10,"minecraft:iron_sword":9,"minecraft:flowering_azalea":58,"minecraft:dark_oak_slab":393,"minecraft:spyglass":4,"minecraft:light_blue_glazed_terracotta":508,"minecraft:gravel":2673,"minecraft:birch_stairs":14,"minecraft:small_amethyst_bud":54,"minecraft:spruce_sapling":430,"minecraft:spruce_log":2058,"minecraft:waxed_exposed_cut_copper_stairs":273,"minecraft:sea_lantern":14,"minecraft:firework_rocket":455,"minecraft:stone_axe":7,"minecraft:light_blue_carpet":19,"minecraft:redstone_ore":148,"minecraft:diamond_axe":17,"minecraft:warped_roots":82,"minecraft:oak_button":1,"minecraft:melon_seeds":3,"minecraft:warped_nylium":135,"minecraft:stripped_dark_oak_log":88,"minecraft:crimson_nylium":82,"minecraft:ender_pearl":7335,"minecraft:shulker_shell":28,"minecraft:chiseled_deepslate":7,"minecraft:wheat":15985,"minecraft:exposed_copper":18,"minecraft:redstone_block":14,"minecraft:iron_trapdoor":10,"minecraft:light_gray_shulker_box":43,"minecraft:potion":18,"minecraft:raw_copper":3360,"minecraft:smooth_stone_slab":52,"minecraft:iron_leggings":18,"minecraft:armor_stand":40,"minecraft:sticky_piston":5,"minecraft:netherite_ingot":1,"minecraft:oak_sign":63,"minecraft:sea_pickle":373,"minecraft:deepslate_tiles":585,"minecraft:dark_oak_leaves":96,"minecraft:redstone_torch":528,"minecraft:calcite":1443,"minecraft:deepslate_tile_wall":114,"minecraft:furnace":48,"minecraft:iron_boots":17,"minecraft:stick":2189,"minecraft:orange_shulker_box":1,"minecraft:deepslate_brick_wall":35,"minecraft:oak_fence":463,"minecraft:torch":5266,"minecraft:pointed_dripstone":7328,"minecraft:blue_stained_glass":7,"minecraft:nether_gold_ore":4,"minecraft:cactus":872,"minecraft:stripped_birch_wood":82,"minecraft:cod":44,"minecraft:magma_cream":134,"minecraft:tuff":2468,"minecraft:light_gray_dye":1,"minecraft:warped_trapdoor":1,"minecraft:lapis_lazuli":1089,"minecraft:leather_boots":3,"minecraft:cobbled_deepslate_wall":123,"minecraft:raw_gold":461,"minecraft:cobbled_deepslate_slab":14,"minecraft:light_blue_dye":3,"minecraft:cyan_candle":8,"minecraft:powered_rail":37,"minecraft:oak_planks":1225,"minecraft:cooked_porkchop":8,"minecraft:music_disc_13":1,"minecraft:poisonous_potato":8,"minecraft:sand":21112,"minecraft:lily_of_the_valley":79,"minecraft:cyan_bed":8,"minecraft:chiseled_sandstone":1,"minecraft:shulker_box":840,"minecraft:spruce_fence_gate":7,"minecraft:clay":1,"minecraft:diamond":314,"minecraft:polished_blackstone_button":193,"minecraft:oak_sapling":1734,"minecraft:cocoa_beans":517,"minecraft:end_stone_bricks":7,"minecraft:fishing_rod":2,"minecraft:charcoal":22,"minecraft:allium":5764,"minecraft:chicken":12,"minecraft:wooden_pickaxe":4,"minecraft:gold_block":79,"minecraft:dragon_breath":2,"minecraft:stone_stairs":1,"minecraft:iron_axe":18,"minecraft:orange_concrete":1,"minecraft:quartz_slab":11,"minecraft:item_frame":28,"minecraft:warped_fence":44,"minecraft:candle":46,"minecraft:detector_rail":3,"minecraft:andesite_stairs":9,"minecraft:oak_boat":3,"minecraft:player_head":110,"minecraft:observer":3,"minecraft:tinted_glass":551,"minecraft:blue_shulker_box":24,"minecraft:sugar_cane":2550,"minecraft:spruce_trapdoor":13,"minecraft:phantom_membrane":26,"minecraft:dark_oak_sapling":543,"minecraft:raw_iron":3385,"minecraft:copper_ingot":299,"minecraft:iron_horse_armor":1,"minecraft:dark_oak_planks":687,"minecraft:smooth_sandstone_slab":35,"minecraft:arrow":627,"minecraft:saddle":1,"minecraft:lime_stained_glass":1,"minecraft:oxidized_cut_copper_stairs":34,"minecraft:glow_ink_sac":486,"minecraft:crimson_stem":38,"minecraft:salmon":11,"minecraft:cut_sandstone":1382,"minecraft:birch_planks":192,"minecraft:waxed_copper_block":9,"minecraft:nether_wart_block":11,"minecraft:cobblestone_stairs":32,"minecraft:wooden_hoe":1,"minecraft:deepslate_tile_slab":106,"minecraft:smooth_sandstone":4792,"minecraft:stripped_oak_wood":210,"minecraft:acacia_sapling":99,"minecraft:oxidized_cut_copper":4,"minecraft:soul_sand":52,"minecraft:scaffolding":9374,"minecraft:green_dye":7,"minecraft:book":109,"minecraft:pumpkin":232,"minecraft:birch_boat":1,"minecraft:chiseled_stone_bricks":48,"minecraft:raw_iron_block":3,"minecraft:dripstone_block":2517,"minecraft:white_bed":62,"minecraft:gold_ore":80,"minecraft:dark_oak_fence_gate":19,"minecraft:spider_eye":160,"minecraft:lime_dye":1,"minecraft:campfire":2,"minecraft:iron_helmet":14,"minecraft:acacia_slab":253,"minecraft:coal":4165},"minecraft:crafted":{"minecraft:lime_stained_glass":16,"minecraft:black_dye":151,"minecraft:oak_sign":470,"minecraft:polished_deepslate_wall":98,"minecraft:blaze_powder":26,"minecraft:birch_boat":19,"minecraft:chain":119,"minecraft:diamond_shovel":9,"minecraft:shulker_box":8,"minecraft:diamond_helmet":1,"minecraft:light_blue_concrete_powder":112,"minecraft:stone_pressure_plate":3,"minecraft:iron_door":6,"minecraft:gray_stained_glass_pane":16,"minecraft:dried_kelp_block":2,"minecraft:gray_stained_glass":16,"minecraft:warped_stairs":148,"minecraft:blue_stained_glass":744,"minecraft:redstone_lamp":9,"minecraft:end_rod":88,"minecraft:acacia_slab":330,"minecraft:glow_item_frame":6,"minecraft:raw_gold_block":14,"minecraft:smithing_table":26,"minecraft:mossy_cobblestone":585,"minecraft:sticky_piston":3,"minecraft:polished_deepslate_slab":66,"minecraft:painting":3,"minecraft:cartography_table":9,"minecraft:wooden_hoe":1,"minecraft:golden_leggings":11,"minecraft:iron_pickaxe":77,"minecraft:acacia_door":3,"minecraft:sandstone":554,"minecraft:netherite_ingot":9,"minecraft:composter":3,"minecraft:polished_blackstone_bricks":25,"minecraft:golden_carrot":10,"minecraft:iron_nugget":1815,"minecraft:spyglass":2,"minecraft:diamond_hoe":1,"minecraft:brick_stairs":4,"minecraft:acacia_fence_gate":3,"minecraft:light_gray_wool":4,"minecraft:jack_o_lantern":697,"minecraft:blue_shulker_box":1,"minecraft:lime_stained_glass_pane":32,"minecraft:spruce_fence":57,"minecraft:moss_carpet":699,"minecraft:lantern":186,"minecraft:spruce_stairs":128,"minecraft:light_gray_shulker_box":1,"minecraft:stripped_birch_wood":72,"minecraft:red_shulker_box":2,"minecraft:stone_pickaxe":25,"minecraft:quartz_slab":12,"minecraft:spruce_boat":1,"minecraft:brick_slab":6,"minecraft:lead":18,"minecraft:enchanting_table":1,"minecraft:cyan_bed":1,"minecraft:acacia_trapdoor":40,"minecraft:light_blue_wool":25,"minecraft:yellow_stained_glass_pane":128,"minecraft:leather_helmet":3,"minecraft:acacia_stairs":516,"minecraft:dark_oak_button":14,"minecraft:light_blue_carpet":36,"minecraft:crimson_stairs":88,"minecraft:oak_fence_gate":20,"minecraft:warped_sign":27,"minecraft:fermented_spider_eye":1,"minecraft:birch_trapdoor":40,"minecraft:writable_book":6,"minecraft:iron_shovel":18,"minecraft:armor_stand":118,"minecraft:barrel":160,"minecraft:birch_wood":198,"minecraft:cooked_chicken":4,"minecraft:lightning_rod":44,"minecraft:stone":429,"minecraft:warped_planks":788,"minecraft:polished_blackstone_button":948,"minecraft:brown_stained_glass":64,"minecraft:bow":29,"minecraft:spore_blossom":48,"minecraft:comparator":2,"minecraft:polished_basalt":412,"minecraft:chest":312,"minecraft:oak_button":22,"minecraft:copper_block":401,"minecraft:rail":32,"minecraft:bricks":132,"minecraft:birch_button":14,"minecraft:ender_eye":13,"minecraft:oak_fence":264,"minecraft:stone_bricks":3260,"minecraft:golden_boots":4,"minecraft:white_banner":8,"minecraft:cauldron":5,"minecraft:iron_helmet":25,"minecraft:brown_dye":83,"minecraft:white_stained_glass_pane":64,"minecraft:yellow_stained_glass":32,"minecraft:oxidized_cut_copper":24,"minecraft:dispenser":25,"minecraft:tnt":381,"minecraft:spruce_trapdoor":40,"minecraft:yellow_dye":17,"minecraft:warped_fence_gate":8,"minecraft:stick":5068,"minecraft:iron_ingot":2139,"minecraft:andesite_stairs":84,"minecraft:light_blue_shulker_box":1,"minecraft:dark_oak_fence_gate":56,"minecraft:deepslate_bricks":81,"minecraft:beetroot_soup":4,"minecraft:blue_terracotta":592,"minecraft:deepslate_tile_slab":6,"minecraft:oak_door":9,"minecraft:tripwire_hook":10,"minecraft:beehive":3,"minecraft:leather_boots":19,"minecraft:golden_chestplate":4,"minecraft:spruce_button":1,"minecraft:furnace":34,"minecraft:blast_furnace":3,"minecraft:piston":5,"minecraft:raw_copper_block":21,"minecraft:oak_trapdoor":224,"minecraft:flint_and_steel":9,"minecraft:scaffolding":2327,"minecraft:granite_wall":18,"minecraft:cobblestone_wall":12,"minecraft:birch_sign":303,"minecraft:glistering_melon_slice":1,"minecraft:smooth_sandstone_stairs":8,"minecraft:stripped_spruce_wood":3,"minecraft:iron_trapdoor":4,"minecraft:diorite_wall":12,"minecraft:iron_sword":8,"minecraft:acacia_boat":1,"minecraft:white_dye":88,"minecraft:stonecutter":5,"minecraft:anvil":8,"minecraft:torch":8982,"minecraft:ender_chest":13,"minecraft:smooth_stone":16,"minecraft:cut_sandstone":409,"minecraft:dark_oak_pressure_plate":2,"minecraft:dark_oak_wood":54,"minecraft:oak_pressure_plate":1,"minecraft:oxidized_cut_copper_stairs":17,"minecraft:birch_slab":216,"minecraft:slime_block":11,"minecraft:loom":1,"minecraft:lever":41,"minecraft:bookshelf":27,"minecraft:cooked_mutton":4,"minecraft:iron_bars":128,"minecraft:deepslate_brick_stairs":4,"minecraft:quartz_block":151,"minecraft:glass":855,"minecraft:light_blue_terracotta":488,"minecraft:repeater":57,"minecraft:diamond_leggings":2,"minecraft:polished_blackstone":949,"minecraft:birch_door":6,"minecraft:magenta_dye":3,"minecraft:cooked_rabbit":2,"minecraft:flower_pot":160,"minecraft:glass_bottle":150,"minecraft:deepslate":239,"minecraft:emerald":144,"minecraft:cooked_porkchop":7,"minecraft:diamond_axe":5,"minecraft:spruce_door":45,"minecraft:clock":3,"minecraft:cobbled_deepslate_wall":48,"minecraft:copper_ingot":682,"minecraft:hay_block":1311,"minecraft:oak_wood":411,"minecraft:campfire":7,"minecraft:lime_shulker_box":1,"minecraft:lime_bed":21,"minecraft:compass":4,"minecraft:light_blue_bed":42,"minecraft:iron_block":199,"minecraft:white_terracotta":32,"minecraft:gold_ingot":493,"minecraft:light_gray_dye":10,"minecraft:spruce_fence_gate":32,"minecraft:birch_stairs":108,"minecraft:stone_shovel":21,"minecraft:smooth_stone_slab":126,"minecraft:leather_leggings":20,"minecraft:player_head":16,"minecraft:tinted_glass":2162,"minecraft:bone_meal":13150,"minecraft:pink_dye":4,"minecraft:candle":6,"minecraft:white_carpet":36,"minecraft:warped_trapdoor":30,"minecraft:diamond":81,"minecraft:dark_oak_fence":288,"minecraft:deepslate_brick_wall":12,"minecraft:ladder":477,"minecraft:spruce_slab":354,"minecraft:diamond_boots":4,"minecraft:cobbled_deepslate_stairs":4,"minecraft:deepslate_tile_wall":28,"minecraft:redstone_block":257,"minecraft:dark_oak_planks":6752,"minecraft:golden_helmet":2,"minecraft:wheat":3890,"minecraft:dripstone_block":1636,"minecraft:coal_block":97,"minecraft:polished_blackstone_brick_slab":34,"minecraft:dried_kelp":26,"minecraft:sandstone_slab":380,"minecraft:glowstone":9,"minecraft:white_stained_glass":40,"minecraft:sandstone_wall":795,"minecraft:golden_apple":4,"minecraft:deepslate_tile_stairs":24,"minecraft:iron_leggings":10,"minecraft:white_bed":73,"minecraft:brick":190,"minecraft:oak_planks":4556,"minecraft:dark_oak_boat":7,"minecraft:cobblestone_stairs":4,"minecraft:green_dye":8,"minecraft:dark_oak_door":18,"minecraft:hopper":34,"minecraft:iron_boots":18,"minecraft:raw_copper":189,"minecraft:mossy_cobblestone_slab":106,"minecraft:raw_iron_block":126,"minecraft:smoker":1,"minecraft:oak_slab":30,"minecraft:item_frame":23,"minecraft:map":4,"minecraft:crafting_table":72,"minecraft:spruce_planks":2508,"minecraft:wooden_pickaxe":1,"minecraft:brown_stained_glass_pane":128,"minecraft:baked_potato":329,"minecraft:gold_block":41,"minecraft:pumpkin_seeds":4,"minecraft:birch_planks":2372,"minecraft:brewing_stand":3,"minecraft:dark_oak_slab":2016,"minecraft:iron_chestplate":18,"minecraft:book":105,"minecraft:paper":435,"minecraft:diamond_pickaxe":12,"minecraft:charcoal":83,"minecraft:shield":1,"minecraft:warped_slab":60,"minecraft:birch_fence":57,"minecraft:light_blue_dye":114,"minecraft:leather_chestplate":19,"minecraft:stone_sword":2,"minecraft:redstone_torch":347,"minecraft:light_gray_carpet":6,"minecraft:shears":28,"minecraft:light_gray_stained_glass_pane":24,"minecraft:sandstone_stairs":56,"minecraft:coarse_dirt":168,"minecraft:cobbled_deepslate_slab":54,"minecraft:raw_iron":117,"minecraft:redstone":801,"minecraft:coal":441,"minecraft:light_gray_stained_glass":8,"minecraft:stone_button":2,"minecraft:dark_oak_trapdoor":54,"minecraft:gray_dye":6,"minecraft:dark_oak_sign":451,"minecraft:diamond_block":16,"minecraft:glass_pane":272,"minecraft:warped_fence":99,"minecraft:polished_deepslate":332,"minecraft:iron_axe":29,"minecraft:iron_hoe":3,"minecraft:lime_dye":4,"minecraft:filled_map":6,"minecraft:chiseled_sandstone":1,"minecraft:observer":1,"minecraft:minecart":5,"minecraft:cooked_beef":324,"minecraft:sugar":41,"minecraft:red_dye":31,"minecraft:cooked_cod":5,"minecraft:crimson_planks":152,"minecraft:bone_block":170,"minecraft:diamond_sword":5,"minecraft:cyan_dye":4,"minecraft:spruce_sign":12,"minecraft:dark_oak_stairs":716,"minecraft:powered_rail":132,"minecraft:smooth_sandstone":140,"minecraft:bowl":8,"minecraft:stripped_oak_wood":69,"minecraft:bucket":100,"minecraft:stone_axe":29,"minecraft:amethyst_block":178,"minecraft:air":0,"minecraft:bread":2005,"minecraft:black_stained_glass":1088,"minecraft:blue_dye":249,"minecraft:cut_copper":20,"minecraft:oak_boat":8,"minecraft:smooth_sandstone_slab":36,"minecraft:white_wool":357,"minecraft:gold_nugget":63,"minecraft:acacia_planks":1348,"minecraft:lapis_lazuli":378,"minecraft:lapis_block":68},"minecraft:dropped":{"minecraft:iron_sword":1,"minecraft:lapis_lazuli":1,"minecraft:glow_ink_sac":209,"minecraft:glass_bottle":6,"minecraft:diamond":1,"minecraft:crafting_table":1,"minecraft:dark_oak_slab":4,"minecraft:glow_berries":3,"minecraft:warped_roots":1,"minecraft:emerald":2,"minecraft:gold_nugget":2,"minecraft:writable_book":1,"minecraft:sand":56,"minecraft:dark_oak_planks":79,"minecraft:stone_axe":6,"minecraft:diamond_block":11,"minecraft:ancient_debris":4,"minecraft:cobbled_deepslate":10,"minecraft:tinted_glass":65,"minecraft:wheat":8,"minecraft:obsidian":10,"minecraft:rotten_flesh":95,"minecraft:oak_planks":36,"minecraft:azure_bluet":9,"minecraft:warped_planks":6,"minecraft:red_mushroom_block":37,"minecraft:azalea_leaves":33,"minecraft:coal_ore":1,"minecraft:leather_leggings":1,"minecraft:warped_wart_block":328,"minecraft:orange_shulker_box":1,"minecraft:wheat_seeds":1359,"minecraft:golden_apple":11,"minecraft:cobweb":1,"minecraft:potion":2,"minecraft:smooth_sandstone":36,"minecraft:stone_brick_slab":37,"minecraft:player_head":8,"minecraft:stone_shovel":1,"minecraft:iron_boots":2,"minecraft:name_tag":1,"minecraft:white_terracotta":20,"minecraft:oak_sign":6,"minecraft:diamond_sword":1,"minecraft:flower_pot":2,"minecraft:peony":4,"minecraft:spruce_planks":3,"minecraft:diamond_pickaxe":2,"minecraft:redstone_torch":96,"minecraft:stone_bricks":1,"minecraft:bamboo":96,"minecraft:sandstone":705,"minecraft:bow":1,"minecraft:soul_sand":1,"minecraft:moss_block":1,"minecraft:oak_log":364,"minecraft:ender_pearl":1291,"minecraft:dark_oak_sapling":61,"minecraft:iron_horse_armor":1,"minecraft:raw_gold_block":6,"minecraft:cauldron":3,"minecraft:gold_ingot":12,"minecraft:spyglass":1,"minecraft:smooth_sandstone_stairs":136,"minecraft:pointed_dripstone":1,"minecraft:trident":1,"minecraft:scaffolding":76,"minecraft:splash_potion":1,"minecraft:bread":59,"minecraft:netherite_axe":1,"minecraft:iron_block":8,"minecraft:repeater":6,"minecraft:raw_iron_block":47,"minecraft:kelp":2,"minecraft:oak_trapdoor":7,"minecraft:dragon_head":1,"minecraft:shulker_box":8,"minecraft:flint_and_steel":1,"minecraft:andesite":148,"minecraft:oak_sapling":107,"minecraft:birch_sign":24,"minecraft:spruce_log":26,"minecraft:wooden_pickaxe":1,"minecraft:amethyst_cluster":20,"minecraft:cooked_beef":49,"minecraft:spore_blossom":1,"minecraft:dark_oak_button":1,"minecraft:elytra":2,"minecraft:leather_helmet":1,"minecraft:dirt":722,"minecraft:grass":7,"minecraft:chain":12,"minecraft:bone_meal":66,"minecraft:sunflower":32,"minecraft:iron_pickaxe":1,"minecraft:bone":22,"minecraft:sugar_cane":7,"minecraft:golden_chestplate":2,"minecraft:birch_sapling":1,"minecraft:netherite_shovel":1,"minecraft:white_dye":2,"minecraft:end_stone_bricks":2,"minecraft:flowering_azalea_leaves":12,"minecraft:egg":17,"minecraft:netherite_pickaxe":1,"minecraft:tnt":10,"minecraft:netherite_helmet":1,"minecraft:oak_fence":15,"minecraft:iron_helmet":1,"minecraft:cobblestone":1456,"minecraft:apple":7,"minecraft:granite":158,"minecraft:polished_blackstone_button":1,"minecraft:coal":10,"minecraft:end_rod":56,"minecraft:oxeye_daisy":3,"minecraft:golden_carrot":107,"minecraft:iron_trapdoor":4,"minecraft:rose_bush":3,"minecraft:string":39,"minecraft:paper":3,"minecraft:blue_candle":1,"minecraft:oxidized_copper":126,"minecraft:spruce_sapling":32,"minecraft:pink_tulip":1,"minecraft:pumpkin_seeds":80,"minecraft:lily_of_the_valley":1,"minecraft:potato":1,"minecraft:hay_block":8,"minecraft:stone":701,"minecraft:allium":9,"minecraft:carved_pumpkin":29,"minecraft:spider_eye":18,"minecraft:red_tulip":1,"minecraft:spruce_sign":6,"minecraft:brown_mushroom":3,"minecraft:birch_planks":36,"minecraft:flint":25,"minecraft:spruce_leaves":2,"minecraft:deepslate_gold_ore":5,"minecraft:cornflower":25,"minecraft:amethyst_shard":115,"minecraft:birch_log":18,"minecraft:brown_mushroom_block":16,"minecraft:armor_stand":71,"minecraft:gravel":28,"minecraft:blackstone":65,"minecraft:diamond_shovel":1,"minecraft:carrot":1,"minecraft:shulker_shell":1,"minecraft:poppy":9,"minecraft:gunpowder":2,"minecraft:melon_seeds":4,"minecraft:azalea":8,"minecraft:chest":3,"minecraft:basalt":128,"minecraft:arrow":47,"minecraft:written_book":3,"minecraft:netherrack":4284,"minecraft:firework_rocket":68,"minecraft:water_bucket":1,"minecraft:mossy_cobblestone":1,"minecraft:minecart":1,"minecraft:lead":3,"minecraft:copper_ingot":8,"minecraft:grass_block":1,"minecraft:stick":215,"minecraft:diorite":239,"minecraft:nether_gold_ore":1,"minecraft:torch":331,"minecraft:iron_leggings":1,"minecraft:dandelion":28,"minecraft:smooth_basalt":4,"minecraft:redstone":17,"minecraft:ender_chest":16,"minecraft:tuff":7,"minecraft:iron_hoe":1,"minecraft:acacia_leaves":1,"minecraft:filled_map":2,"minecraft:iron_chestplate":2,"minecraft:oak_boat":1,"minecraft:diamond_boots":1},"minecraft:killed":{"minecraft:cod":38,"minecraft:tropical_fish":13,"minecraft:zombie":230,"minecraft:endermite":39,"minecraft:husk":1,"minecraft:rabbit":4,"minecraft:spider":89,"minecraft:silverfish":16,"minecraft:piglin":3,"minecraft:zombie_villager":4,"minecraft:trader_llama":1,"minecraft:slime":314,"minecraft:drowned":9,"minecraft:squid":21,"minecraft:wither_skeleton":6,"minecraft:player":14,"minecraft:cave_spider":998,"minecraft:shulker":8,"minecraft:pufferfish":2,"minecraft:skeleton":154,"minecraft:chicken":7,"minecraft:magma_cube":397,"minecraft:glow_squid":3,"minecraft:cow":272,"minecraft:enderman":19425,"minecraft:creeper":41,"minecraft:blaze":51,"minecraft:phantom":8,"minecraft:bat":2}},"DataVersion":2730}