{"stats":{"minecraft:killed_by":{"minecraft:magma_cube":2,"minecraft:zombie":1,"minecraft:pillager":1,"minecraft:creeper":5,"minecraft:player":1,"minecraft:enderman":1},"minecraft:broken":{"minecraft:shears":27,"minecraft:iron_hoe":1,"minecraft:iron_pickaxe":10,"minecraft:iron_shovel":5,"minecraft:leather_leggings":1,"minecraft:iron_boots":1,"minecraft:iron_sword":3,"minecraft:iron_axe":10},"minecraft:custom":{"minecraft:interact_with_crafting_table":1277,"minecraft:damage_blocked_by_shield":1425,"minecraft:play_time":17790199,"minecraft:deaths":18,"minecraft:jump":277195,"minecraft:interact_with_smoker":2,"minecraft:inspect_dispenser":86,"minecraft:horse_one_cm":11511433,"minecraft:inspect_dropper":8,"minecraft:interact_with_anvil":48,"minecraft:inspect_hopper":82,"minecraft:tune_noteblock":98,"minecraft:time_since_rest":6342,"minecraft:swim_one_cm":1166171,"minecraft:open_chest":9201,"minecraft:open_shulker_box":5627,"minecraft:play_noteblock":29,"minecraft:talked_to_villager":162,"minecraft:interact_with_brewingstand":17,"minecraft:interact_with_beacon":6,"minecraft:fill_cauldron":2,"minecraft:boat_one_cm":2311769,"minecraft:damage_taken":66172,"minecraft:aviate_one_cm":92224764,"minecraft:open_barrel":2549,"minecraft:bell_ring":8,"minecraft:eat_cake_slice":2,"minecraft:leave_game":439,"minecraft:time_since_death":69435,"minecraft:enchant_item":26,"minecraft:interact_with_furnace":753,"minecraft:traded_with_villager":644,"minecraft:sleep_in_bed":589,"minecraft:damage_dealt":172524,"minecraft:interact_with_smithing_table":6,"minecraft:sneak_time":1248245,"minecraft:interact_with_lectern":59,"minecraft:total_world_time":17790199,"minecraft:interact_with_stonecutter":12,"minecraft:fly_one_cm":71415319,"minecraft:fall_one_cm":9757853,"minecraft:animals_bred":558,"minecraft:sprint_one_cm":45351175,"minecraft:drop":1175,"minecraft:walk_on_water_one_cm":1325813,"minecraft:open_enderchest":441,"minecraft:player_kills":1,"minecraft:crouch_one_cm":4889918,"minecraft:mob_kills":8858,"minecraft:climb_one_cm":3190928,"minecraft:walk_one_cm":41924777,"minecraft:walk_under_water_one_cm":761575,"minecraft:raid_trigger":1,"minecraft:pot_flower":58,"minecraft:interact_with_grindstone":7,"minecraft:minecart_one_cm":110697},"minecraft:mined":{"minecraft:red_shulker_box":34,"minecraft:white_bed":32,"minecraft:pink_bed":2,"minecraft:granite":1977,"minecraft:acacia_log":44,"minecraft:oak_wall_sign":2,"minecraft:nether_wart":22,"minecraft:spawner":1,"minecraft:magma_block":30,"minecraft:dark_oak_trapdoor":29,"minecraft:fire":15,"minecraft:barrel":24,"minecraft:cobbled_deepslate":61,"minecraft:granite_slab":11,"minecraft:deepslate_lapis_ore":38,"minecraft:twisting_vines":13,"minecraft:pink_tulip":2,"minecraft:white_shulker_box":31,"minecraft:spruce_wood":63,"minecraft:player_head":11,"minecraft:tripwire":4,"minecraft:orange_bed":105,"minecraft:jungle_trapdoor":32,"minecraft:jungle_button":1,"minecraft:sandstone_slab":4,"minecraft:kelp_plant":40,"minecraft:crimson_nylium":2,"minecraft:deepslate_tile_slab":9,"minecraft:torch":343,"minecraft:note_block":21,"minecraft:dark_oak_wood":237,"minecraft:melon":52,"minecraft:white_stained_glass_pane":28,"minecraft:dead_bush":1100,"minecraft:nether_brick_slab":3,"minecraft:spruce_wall_sign":12,"minecraft:smooth_quartz_slab":11,"minecraft:sugar_cane":359,"minecraft:amethyst_block":281,"minecraft:birch_sapling":2,"minecraft:chain":7,"minecraft:repeater":23,"minecraft:tinted_glass":5,"minecraft:magenta_glazed_terracotta":1,"minecraft:wither_rose":23,"minecraft:grass":4222,"minecraft:dark_oak_sapling":22,"minecraft:smooth_quartz":33,"minecraft:smooth_basalt":80,"minecraft:brown_candle":5,"minecraft:stripped_crimson_stem":1,"minecraft:deepslate":4090,"minecraft:deepslate_tiles":20,"minecraft:mossy_cobblestone":6,"minecraft:dark_oak_log":2837,"minecraft:cyan_stained_glass":2,"minecraft:sea_lantern":7,"minecraft:end_stone":80,"minecraft:dark_oak_fence":44,"minecraft:spruce_fence":73,"minecraft:stripped_jungle_wood":1,"minecraft:redstone_wire":147,"minecraft:red_mushroom":1,"minecraft:redstone_ore":761,"minecraft:green_terracotta":102,"minecraft:andesite":3165,"minecraft:big_dripleaf_stem":37,"minecraft:cobblestone_slab":5,"minecraft:vine":119,"minecraft:rail":42,"minecraft:brain_coral_wall_fan":1,"minecraft:bone_block":13,"minecraft:pink_glazed_terracotta":3,"minecraft:green_wool":9,"minecraft:ender_chest":10,"minecraft:oak_slab":6,"minecraft:birch_stairs":52,"minecraft:redstone_block":19,"minecraft:soul_sand":252,"minecraft:lily_of_the_valley":23,"minecraft:dandelion":57,"minecraft:cornflower":3,"minecraft:prismarine_slab":14,"minecraft:warped_roots":60,"minecraft:campfire":1,"minecraft:tall_grass":938,"minecraft:copper_ore":582,"minecraft:deepslate_gold_ore":177,"minecraft:green_stained_glass_pane":6,"minecraft:diorite":1930,"minecraft:warped_wart_block":209,"minecraft:coarse_dirt":345,"minecraft:red_terracotta":3,"minecraft:cut_copper_slab":3,"minecraft:light_blue_bed":129,"minecraft:stripped_spruce_wood":1,"minecraft:cobblestone_wall":18,"minecraft:dark_oak_wall_sign":7,"minecraft:purple_concrete":8,"minecraft:dark_oak_button":2,"minecraft:sunflower":11,"minecraft:gravel":1726,"minecraft:cobweb":125,"minecraft:birch_sign":5,"minecraft:stone_bricks":87,"minecraft:gold_ore":325,"minecraft:iron_trapdoor":15,"minecraft:fern":16,"minecraft:prismarine_wall":1,"minecraft:oak_sapling":9,"minecraft:farmland":3,"minecraft:orange_wool":113,"minecraft:spruce_trapdoor":54,"minecraft:budding_amethyst":5,"minecraft:white_concrete":206,"minecraft:composter":23,"minecraft:green_wall_banner":1,"minecraft:pink_candle":1,"minecraft:green_stained_glass":6,"minecraft:red_tulip":3,"minecraft:pointed_dripstone":16,"minecraft:flowering_azalea_leaves":1659,"minecraft:potted_cornflower":1,"minecraft:azalea":509,"minecraft:granite_stairs":1,"minecraft:spruce_slab":545,"minecraft:deepslate_redstone_ore":344,"minecraft:brown_shulker_box":43,"minecraft:orange_terracotta":20,"minecraft:light_gray_terracotta":2,"minecraft:jungle_stairs":27,"minecraft:beacon":2,"minecraft:nether_quartz_ore":314,"minecraft:oak_planks":389,"minecraft:wall_torch":317,"minecraft:cauldron":4,"minecraft:light_blue_terracotta":2,"minecraft:warped_nylium":256,"minecraft:blue_terracotta":2,"minecraft:powered_rail":18,"minecraft:dark_oak_slab":186,"minecraft:warped_planks":49,"minecraft:oak_log":3153,"minecraft:beetroots":103,"minecraft:lime_terracotta":12,"minecraft:dirt":6139,"minecraft:prismarine_stairs":5,"minecraft:dispenser":5,"minecraft:ancient_debris":14,"minecraft:daylight_detector":2,"minecraft:crying_obsidian":6,"minecraft:dark_oak_leaves":454,"minecraft:glow_lichen":221,"minecraft:lever":30,"minecraft:ladder":47,"minecraft:stone_button":167,"minecraft:yellow_candle":2,"minecraft:brown_mushroom_block":3248,"minecraft:birch_slab":108,"minecraft:spruce_leaves":111,"minecraft:crimson_stem":2,"minecraft:hay_block":23,"minecraft:raw_gold_block":3,"minecraft:polished_basalt":8,"minecraft:nether_sprouts":27,"minecraft:peony":11,"minecraft:gold_block":341,"minecraft:bookshelf":24,"minecraft:shroomlight":35,"minecraft:deepslate_iron_ore":328,"minecraft:stripped_oak_log":25,"minecraft:acacia_leaves":24,"minecraft:scaffolding":4818,"minecraft:magenta_stained_glass":1,"minecraft:stripped_dark_oak_log":13,"minecraft:basalt":525,"minecraft:warped_fence":7,"minecraft:gray_stained_glass":1,"minecraft:deepslate_coal_ore":273,"minecraft:red_glazed_terracotta":2,"minecraft:red_concrete":40,"minecraft:prismarine_bricks":16,"minecraft:birch_planks":246,"minecraft:sea_pickle":7,"minecraft:white_wall_banner":1,"minecraft:bee_nest":1,"minecraft:black_wool":12,"minecraft:cocoa":16,"minecraft:cyan_carpet":3,"minecraft:flower_pot":18,"minecraft:yellow_concrete":58,"minecraft:small_dripleaf":3,"minecraft:crimson_fence":3,"minecraft:dark_oak_planks":308,"minecraft:light_blue_concrete":8,"minecraft:jungle_leaves":893,"minecraft:carved_pumpkin":18,"minecraft:obsidian":96,"minecraft:red_sand":1957,"minecraft:stone_brick_wall":2,"minecraft:jungle_log":1278,"minecraft:pink_stained_glass":3,"minecraft:deepslate_bricks":14,"minecraft:lime_stained_glass":5,"minecraft:crimson_fungus":20,"minecraft:hopper":3,"minecraft:oxeye_daisy":3,"minecraft:weeping_vines_plant":7,"minecraft:tall_seagrass":8,"minecraft:brown_stained_glass":22,"minecraft:sticky_piston":28,"minecraft:pumpkin":53,"minecraft:moss_carpet":917,"minecraft:cave_vines":33,"minecraft:oak_sign":5,"minecraft:dirt_path":430,"minecraft:oak_stairs":20,"minecraft:deepslate_brick_stairs":1,"minecraft:smooth_sandstone_stairs":2,"minecraft:iron_block":2,"minecraft:blue_orchid":2,"minecraft:piston_head":1,"minecraft:brown_mushroom":221,"minecraft:red_bed":1,"minecraft:player_wall_head":17,"minecraft:amethyst_cluster":52,"minecraft:glass":168,"minecraft:cyan_bed":203,"minecraft:smooth_sandstone_slab":1,"minecraft:spruce_sign":6,"minecraft:cyan_wool":16,"minecraft:light_gray_stained_glass":3,"minecraft:wheat":1654,"minecraft:lilac":30,"minecraft:pumpkin_stem":3,"minecraft:lime_concrete":8,"minecraft:warped_fungus":34,"minecraft:copper_block":1,"minecraft:loom":3,"minecraft:stripped_birch_wood":7,"minecraft:blue_shulker_box":19,"minecraft:red_mushroom_block":373,"minecraft:stonecutter":3,"minecraft:yellow_stained_glass":18,"minecraft:piston":21,"minecraft:yellow_terracotta":5,"minecraft:light_blue_stained_glass_pane":1,"minecraft:stripped_birch_log":131,"minecraft:jack_o_lantern":2,"minecraft:shulker_box":223,"minecraft:nether_bricks":29,"minecraft:allium":80,"minecraft:jungle_planks":197,"minecraft:crimson_roots":17,"minecraft:orange_shulker_box":94,"minecraft:yellow_concrete_powder":1,"minecraft:moss_block":7814,"minecraft:kelp":26,"minecraft:horn_coral_wall_fan":1,"minecraft:pink_wool":21,"minecraft:jungle_sapling":2,"minecraft:snow":12,"minecraft:diamond_block":16,"minecraft:potatoes":32,"minecraft:warped_stem":66,"minecraft:warped_trapdoor":2,"minecraft:bamboo":47,"minecraft:cut_copper":1,"minecraft:white_wool":19,"minecraft:light_gray_carpet":4,"minecraft:gray_concrete":1,"minecraft:hanging_roots":1180,"minecraft:comparator":3,"minecraft:stone_brick_slab":1,"minecraft:observer":52,"minecraft:smooth_sandstone":1416,"minecraft:light_gray_concrete_powder":5,"minecraft:spruce_button":1,"minecraft:dropper":7,"minecraft:big_dripleaf":20,"minecraft:lime_glazed_terracotta":3,"minecraft:white_carpet":37,"minecraft:spruce_log":5532,"minecraft:birch_leaves":8953,"minecraft:jungle_fence":2,"minecraft:dark_oak_sign":4,"minecraft:pink_stained_glass_pane":1,"minecraft:dripstone_block":49,"minecraft:spruce_fence_gate":15,"minecraft:spruce_planks":1315,"minecraft:jungle_slab":138,"minecraft:cobblestone_stairs":3,"minecraft:cave_vines_plant":13,"minecraft:grass_block":10508,"minecraft:soul_soil":358,"minecraft:sandstone_stairs":15,"minecraft:glowstone":10,"minecraft:iron_ore":1385,"minecraft:azure_bluet":38,"minecraft:dark_oak_stairs":55,"minecraft:birch_wall_sign":6,"minecraft:azalea_leaves":5196,"minecraft:brain_coral_block":2,"minecraft:cyan_terracotta":14,"minecraft:blackstone":92,"minecraft:twisting_vines_plant":9,"minecraft:melon_stem":2,"minecraft:soul_lantern":2,"minecraft:clay":146,"minecraft:calcite":121,"minecraft:poppy":74,"minecraft:chest":39,"minecraft:mushroom_stem":402,"minecraft:birch_wood":96,"minecraft:cobblestone":457,"minecraft:honeycomb_block":2,"minecraft:slime_block":3,"minecraft:prismarine":28,"minecraft:iron_door":7,"minecraft:deepslate_copper_ore":32,"minecraft:magenta_shulker_box":64,"minecraft:seagrass":71,"minecraft:red_candle":4,"minecraft:dark_oak_door":4,"minecraft:nether_wart_block":1,"minecraft:yellow_wool":329,"minecraft:birch_log":4729,"minecraft:birch_trapdoor":13,"minecraft:stripped_oak_wood":7,"minecraft:orange_tulip":2,"minecraft:diorite_wall":8,"minecraft:sand":1246,"minecraft:netherrack":16960,"minecraft:magenta_wool":1,"minecraft:oak_leaves":9546,"minecraft:granite_wall":1,"minecraft:nether_gold_ore":10,"minecraft:diamond_ore":213,"minecraft:red_carpet":1,"minecraft:tuff":331,"minecraft:deepslate_diamond_ore":81,"minecraft:gray_shulker_box":8,"minecraft:gray_stained_glass_pane":6,"minecraft:weeping_vines":3,"minecraft:white_stained_glass":20,"minecraft:sandstone":11044,"minecraft:rooted_dirt":45,"minecraft:large_fern":1,"minecraft:spore_blossom":6,"minecraft:oak_trapdoor":2,"minecraft:spruce_sapling":23,"minecraft:furnace":12,"minecraft:carrots":772,"minecraft:stripped_spruce_log":71,"minecraft:black_concrete":1,"minecraft:polished_deepslate":16,"minecraft:lantern":6,"minecraft:stripped_acacia_log":5,"minecraft:stripped_jungle_log":55,"minecraft:stone":29802,"minecraft:white_tulip":14,"minecraft:yellow_shulker_box":42,"minecraft:redstone_wall_torch":3,"minecraft:podzol":20,"minecraft:flowering_azalea":254,"minecraft:red_wool":388,"minecraft:spruce_door":12,"minecraft:crafting_table":105,"minecraft:oak_wood":139,"minecraft:rose_bush":13,"minecraft:lapis_ore":130,"minecraft:lily_pad":28,"minecraft:blue_candle":1,"minecraft:spruce_stairs":219,"minecraft:gray_wool":3,"minecraft:cactus":13,"minecraft:gray_concrete_powder":2,"minecraft:green_shulker_box":82,"minecraft:beehive":1,"minecraft:redstone_torch":6,"minecraft:magenta_terracotta":9,"minecraft:sweet_berry_bush":1,"minecraft:yellow_bed":15,"minecraft:coal_ore":2353,"minecraft:end_rod":36,"minecraft:gray_carpet":17,"minecraft:terracotta":6137,"minecraft:polished_andesite":4,"minecraft:birch_fence":73,"minecraft:warped_slab":23},"minecraft:used":{"minecraft:moss_block":6407,"minecraft:jack_o_lantern":7,"minecraft:writable_book":19,"minecraft:smooth_quartz_slab":20,"minecraft:dispenser":20,"minecraft:poppy":36,"minecraft:stone":5268,"minecraft:rotten_flesh":4,"minecraft:soul_sand":128,"minecraft:cocoa_beans":40,"minecraft:lily_of_the_valley":68,"minecraft:cut_copper":20,"minecraft:deepslate_brick_slab":12,"minecraft:snowball":29,"minecraft:azure_bluet":58,"minecraft:spruce_boat":11,"minecraft:jungle_sapling":58,"minecraft:lava_bucket":4,"minecraft:quartz_pillar":18,"minecraft:red_wool":402,"minecraft:deepslate_copper_ore":20,"minecraft:netherite_hoe":7442,"minecraft:dark_oak_leaves":261,"minecraft:dark_oak_slab":1100,"minecraft:diorite_wall":33,"minecraft:netherite_boots":2,"minecraft:bow":238,"minecraft:cooked_cod":4,"minecraft:oak_sapling":272,"minecraft:green_stained_glass_pane":70,"minecraft:lime_glazed_terracotta":55,"minecraft:prismarine":114,"minecraft:blackstone":29,"minecraft:cactus":15,"minecraft:wooden_pickaxe":8,"minecraft:composter":91,"minecraft:jungle_boat":2,"minecraft:glow_berries":342,"minecraft:gray_concrete":1,"minecraft:purple_concrete_powder":8,"minecraft:deepslate_brick_stairs":6,"minecraft:birch_fence":204,"minecraft:birch_slab":396,"minecraft:gray_stained_glass_pane":8,"minecraft:deepslate_iron_ore":102,"minecraft:flowering_azalea_leaves":909,"minecraft:coal_block":4,"minecraft:diamond_sword":2420,"minecraft:smithing_table":2,"minecraft:birch_log":1405,"minecraft:oak_boat":14,"minecraft:oak_trapdoor":41,"minecraft:enchanting_table":2,"minecraft:carved_pumpkin":1,"minecraft:armor_stand":16,"minecraft:light_gray_carpet":40,"minecraft:tinted_glass":2,"minecraft:cooked_salmon":6,"minecraft:torch":3970,"minecraft:brewing_stand":1,"minecraft:oak_fence_gate":2,"minecraft:sea_lantern":36,"minecraft:iron_block":1,"minecraft:jungle_log":299,"minecraft:barrel":85,"minecraft:bamboo":28,"minecraft:diamond_chestplate":1,"minecraft:basalt":48,"minecraft:lime_concrete":6,"minecraft:warped_stairs":8,"minecraft:magenta_terracotta":257,"minecraft:podzol":6,"minecraft:calcite":19,"minecraft:wheat_seeds":2327,"minecraft:birch_planks":2148,"minecraft:lead":2,"minecraft:cauldron":18,"minecraft:spruce_fence_gate":42,"minecraft:glow_ink_sac":29,"minecraft:leather_boots":1,"minecraft:gold_ore":136,"minecraft:deepslate_bricks":85,"minecraft:diamond_block":45,"minecraft:rail":71,"minecraft:red_bed":1,"minecraft:green_dye":4,"minecraft:white_bed":37,"minecraft:campfire":49,"minecraft:spruce_log":911,"minecraft:mushroom_stem":62,"minecraft:amethyst_cluster":46,"minecraft:light_blue_candle":7,"minecraft:yellow_dye":12,"minecraft:diamond_pickaxe":52885,"minecraft:diamond_shovel":25004,"minecraft:warped_trapdoor":18,"minecraft:suspicious_stew":2,"minecraft:spruce_trapdoor":540,"minecraft:spruce_sapling":294,"minecraft:pink_bed":4,"minecraft:green_carpet":11,"minecraft:potion":3,"minecraft:azalea_leaves":4983,"minecraft:cooked_porkchop":29,"minecraft:stripped_oak_log":10,"minecraft:dandelion":26,"minecraft:diamond_leggings":3,"minecraft:green_stained_glass":39,"minecraft:moss_carpet":339,"minecraft:blue_terracotta":5,"minecraft:polished_deepslate":111,"minecraft:melon":227,"minecraft:bone_block":1,"minecraft:polished_basalt":184,"minecraft:nether_wart":29,"minecraft:stripped_jungle_wood":15,"minecraft:grass":5,"minecraft:mossy_stone_brick_slab":18,"minecraft:green_terracotta":314,"minecraft:spruce_leaves":1,"minecraft:jungle_planks":1210,"minecraft:beehive":7,"minecraft:obsidian":77,"minecraft:big_dripleaf":1010,"minecraft:spruce_wood":1338,"minecraft:lantern":51,"minecraft:blue_orchid":28,"minecraft:green_wool":51,"minecraft:warped_nylium":33,"minecraft:light_blue_bed":129,"minecraft:mossy_cobblestone_slab":6,"minecraft:raw_gold_block":29,"minecraft:item_frame":101,"minecraft:birch_button":5,"minecraft:deepslate_diamond_ore":42,"minecraft:birch_trapdoor":55,"minecraft:written_book":56,"minecraft:jungle_button":22,"minecraft:blue_shulker_box":20,"minecraft:gold_block":509,"minecraft:dark_oak_sapling":55,"minecraft:end_rod":128,"minecraft:diamond_boots":1,"minecraft:dropper":9,"minecraft:gray_carpet":70,"minecraft:stone_pickaxe":82,"minecraft:jungle_fence":44,"minecraft:oak_planks":868,"minecraft:prismarine_stairs":14,"minecraft:sandstone":1879,"minecraft:sugar_cane":54,"minecraft:diamond_axe":21307,"minecraft:white_wool":131,"minecraft:light_blue_concrete":4,"minecraft:yellow_concrete":31,"minecraft:deepslate_lapis_ore":1,"minecraft:end_stone":13,"minecraft:sticky_piston":46,"minecraft:lever":97,"minecraft:daylight_detector":4,"minecraft:dark_oak_log":199,"minecraft:brown_wool":16,"minecraft:warped_slab":84,"minecraft:iron_door":16,"minecraft:deepslate":286,"minecraft:prismarine_wall":14,"minecraft:blue_candle":1,"minecraft:light_blue_concrete_powder":8,"minecraft:chain":105,"minecraft:coarse_dirt":1645,"minecraft:bone_meal":2926,"minecraft:rose_bush":32,"minecraft:granite_stairs":39,"minecraft:crimson_fence":20,"minecraft:white_tulip":70,"minecraft:flint_and_steel":54,"minecraft:redstone":347,"minecraft:ender_chest":13,"minecraft:brown_shulker_box":50,"minecraft:deepslate_gold_ore":69,"minecraft:stone_hoe":75,"minecraft:dirt":10911,"minecraft:prismarine_bricks":67,"minecraft:bee_nest":1,"minecraft:spruce_fence":869,"minecraft:iron_hoe":349,"minecraft:light_gray_stained_glass":3,"minecraft:oak_stairs":2,"minecraft:smooth_sandstone":7948,"minecraft:crimson_slab":10,"minecraft:iron_boots":1,"minecraft:yellow_concrete_powder":41,"minecraft:soul_soil":35,"minecraft:dark_oak_pressure_plate":1,"minecraft:lime_stained_glass":91,"minecraft:deepslate_tile_stairs":6,"minecraft:netherite_pickaxe":34432,"minecraft:minecart":13,"minecraft:cooked_beef":1221,"minecraft:pumpkin":55,"minecraft:cobblestone_stairs":133,"minecraft:pink_glazed_terracotta":43,"minecraft:baked_potato":36,"minecraft:birch_boat":12,"minecraft:brown_mushroom":69,"minecraft:spruce_sign":188,"minecraft:green_bed":4,"minecraft:warped_roots":37,"minecraft:warped_planks":71,"minecraft:cyan_stained_glass":3,"minecraft:piston":78,"minecraft:flower_pot":79,"minecraft:black_wool":12,"minecraft:lapis_ore":26,"minecraft:jungle_stairs":301,"minecraft:stone_slab":2,"minecraft:yellow_wool":353,"minecraft:stone_axe":135,"minecraft:crimson_fungus":11,"minecraft:cobbled_deepslate_slab":21,"minecraft:lapis_block":1,"minecraft:pumpkin_pie":44,"minecraft:wither_rose":23,"minecraft:gray_wool":37,"minecraft:birch_stairs":349,"minecraft:peony":22,"minecraft:spruce_slab":3163,"minecraft:ladder":237,"minecraft:chest":225,"minecraft:green_banner":6,"minecraft:white_shulker_box":32,"minecraft:pink_candle":8,"minecraft:acacia_sapling":2,"minecraft:orange_wool":113,"minecraft:allium":72,"minecraft:jungle_slab":709,"minecraft:yellow_candle":19,"minecraft:stripped_spruce_log":50,"minecraft:grass_block":47,"minecraft:birch_sapling":25,"minecraft:orange_shulker_box":95,"minecraft:copper_ore":228,"minecraft:dark_oak_button":8,"minecraft:pink_wool":604,"minecraft:sweet_berries":13,"minecraft:furnace":33,"minecraft:egg":170,"minecraft:potato":222,"minecraft:dragon_head":1,"minecraft:magenta_shulker_box":66,"minecraft:diorite":208,"minecraft:spruce_door":17,"minecraft:stripped_birch_log":50,"minecraft:cut_copper_slab":80,"minecraft:red_stained_glass":18,"minecraft:powered_rail":69,"minecraft:orange_tulip":66,"minecraft:lime_concrete_powder":8,"minecraft:oak_leaves":8348,"minecraft:smooth_quartz_stairs":8,"minecraft:dark_oak_trapdoor":209,"minecraft:sand":113,"minecraft:pumpkin_seeds":15,"minecraft:deepslate_tiles":235,"minecraft:crying_obsidian":5,"minecraft:stone_button":108,"minecraft:cyan_carpet":15,"minecraft:spore_blossom":42,"minecraft:lectern":12,"minecraft:red_terracotta":19,"minecraft:polished_granite":7,"minecraft:diamond_ore":112,"minecraft:lilac":94,"minecraft:soul_lantern":8,"minecraft:green_candle":12,"minecraft:dark_oak_fence":129,"minecraft:white_stained_glass":591,"minecraft:pink_stained_glass":166,"minecraft:iron_bars":44,"minecraft:stone_sword":7,"minecraft:acacia_log":2,"minecraft:red_concrete":35,"minecraft:netherrack":124,"minecraft:orange_bed":106,"minecraft:dragon_egg":5,"minecraft:anvil":2,"minecraft:warped_wart_block":107,"minecraft:ancient_debris":2,"minecraft:twisting_vines":12,"minecraft:crimson_hyphae":3,"minecraft:nether_brick_slab":46,"minecraft:glow_lichen":112,"minecraft:jungle_trapdoor":183,"minecraft:small_dripleaf":32,"minecraft:shroomlight":215,"minecraft:red_shulker_box":35,"minecraft:flowering_azalea":65,"minecraft:iron_axe":2441,"minecraft:rooted_dirt":11,"minecraft:spruce_button":22,"minecraft:slime_block":3,"minecraft:warped_fence":22,"minecraft:smooth_quartz":91,"minecraft:lime_dye":2,"minecraft:pink_stained_glass_pane":54,"minecraft:prismarine_slab":144,"minecraft:melon_seeds":13,"minecraft:smooth_basalt":30,"minecraft:purple_concrete":5,"minecraft:magenta_wool":16,"minecraft:iron_trapdoor":56,"minecraft:cobbled_deepslate":498,"minecraft:orange_terracotta":21,"minecraft:observer":94,"minecraft:hanging_roots":84,"minecraft:pointed_dripstone":163,"minecraft:crimson_stem":5,"minecraft:water_bucket":526,"minecraft:sandstone_stairs":51,"minecraft:yellow_shulker_box":43,"minecraft:smooth_sandstone_slab":33,"minecraft:red_mushroom_block":32,"minecraft:gilded_blackstone":6,"minecraft:lime_terracotta":75,"minecraft:mossy_cobblestone":182,"minecraft:comparator":7,"minecraft:vine":7,"minecraft:oak_slab":11,"minecraft:crafting_table":176,"minecraft:birch_sign":38,"minecraft:dark_oak_fence_gate":1,"minecraft:cake":10,"minecraft:oak_log":796,"minecraft:cornflower":1,"minecraft:oxeye_daisy":76,"minecraft:stripped_jungle_log":21,"minecraft:sunflower":94,"minecraft:iron_pickaxe":2553,"minecraft:cobblestone":1867,"minecraft:red_concrete_powder":40,"minecraft:sandstone_slab":22,"minecraft:kelp":63,"minecraft:brown_mushroom_block":2877,"minecraft:candle":57,"minecraft:light_blue_stained_glass_pane":6,"minecraft:iron_shovel":1463,"minecraft:diamond_hoe":25897,"minecraft:oak_sign":31,"minecraft:white_concrete_powder":184,"minecraft:shield":30,"minecraft:iron_sword":916,"minecraft:player_head":89,"minecraft:smooth_sandstone_stairs":22,"minecraft:iron_chestplate":2,"minecraft:white_candle":60,"minecraft:nether_bricks":2,"minecraft:carrot":1202,"minecraft:deepslate_tile_slab":15,"minecraft:tuff":51,"minecraft:cyan_wool":36,"minecraft:axolotl_bucket":17,"minecraft:milk_bucket":1,"minecraft:glass":294,"minecraft:cyan_terracotta":67,"minecraft:coal_ore":598,"minecraft:quartz_slab":11,"minecraft:dark_oak_wood":907,"minecraft:gray_concrete_powder":10,"minecraft:crimson_roots":6,"minecraft:hopper_minecart":7,"minecraft:stone_bricks":701,"minecraft:repeater":37,"minecraft:red_carpet":9,"minecraft:honeycomb_block":65,"minecraft:warped_fungus":19,"minecraft:hay_block":11,"minecraft:scaffolding":8479,"minecraft:beetroot_seeds":260,"minecraft:dark_oak_stairs":527,"minecraft:dark_oak_sign":48,"minecraft:birch_leaves":3530,"minecraft:birch_wood":655,"minecraft:ender_pearl":44,"minecraft:redstone_block":33,"minecraft:yellow_terracotta":8,"minecraft:loom":8,"minecraft:light_gray_terracotta":4,"minecraft:deepslate_redstone_ore":35,"minecraft:note_block":346,"minecraft:dripstone_block":227,"minecraft:stone_brick_wall":15,"minecraft:shears":7502,"minecraft:redstone_torch":20,"minecraft:gray_shulker_box":9,"minecraft:firework_rocket":2190,"minecraft:string":5,"minecraft:cyan_bed":203,"minecraft:brown_stained_glass":62,"minecraft:gravel":41,"minecraft:granite_slab":64,"minecraft:jungle_sign":2,"minecraft:grindstone":5,"minecraft:deepslate_coal_ore":48,"minecraft:andesite":2267,"minecraft:white_concrete":194,"minecraft:cobweb":36,"minecraft:oak_fence":2,"minecraft:azalea":251,"minecraft:jungle_leaves":616,"minecraft:redstone_ore":122,"minecraft:light_blue_terracotta":5,"minecraft:spruce_planks":7254,"minecraft:spyglass":80,"minecraft:white_carpet":76,"minecraft:hopper":54,"minecraft:spruce_stairs":1170,"minecraft:cobblestone_wall":18,"minecraft:warped_door":3,"minecraft:shulker_box":229,"minecraft:oak_wood":1629,"minecraft:raw_iron_block":7,"minecraft:pink_dye":1,"minecraft:granite":444,"minecraft:light_blue_stained_glass":7,"minecraft:stone_brick_slab":19,"minecraft:dark_oak_planks":1764,"minecraft:bookshelf":295,"minecraft:yellow_stained_glass":102,"minecraft:red_candle":27,"minecraft:golden_carrot":503,"minecraft:white_stained_glass_pane":42,"minecraft:cyan_banner":12,"minecraft:granite_wall":20,"minecraft:brown_candle":25,"minecraft:pink_tulip":47,"minecraft:iron_ore":319,"minecraft:amethyst_block":110,"minecraft:glass_bottle":123,"minecraft:polished_andesite":140,"minecraft:andesite_slab":23,"minecraft:copper_block":1,"minecraft:magenta_stained_glass":369,"minecraft:stonecutter":4,"minecraft:white_dye":7,"minecraft:beacon":3,"minecraft:red_glazed_terracotta":10,"minecraft:cobblestone_slab":125,"minecraft:glow_item_frame":5,"minecraft:stripped_dark_oak_log":4,"minecraft:terracotta":49,"minecraft:lime_bed":2,"minecraft:light_gray_concrete_powder":4,"minecraft:painting":80,"minecraft:smoker":4,"minecraft:dark_oak_door":5,"minecraft:purple_stained_glass":5,"minecraft:apple":4,"minecraft:map":9,"minecraft:netherite_axe":7651,"minecraft:green_shulker_box":88,"minecraft:white_banner":2,"minecraft:bucket":560,"minecraft:magenta_glazed_terracotta":6,"minecraft:yellow_bed":18,"minecraft:polished_blackstone_button":52,"minecraft:splash_potion":1},"minecraft:picked_up":{"minecraft:blue_candle":3,"minecraft:lead":105,"minecraft:enchanted_book":5,"minecraft:polished_deepslate":17,"minecraft:string":178,"minecraft:shroomlight":94,"minecraft:diamond_leggings":4,"minecraft:warped_slab":26,"minecraft:diamond_ore":118,"minecraft:big_dripleaf":4389,"minecraft:acacia_log":44,"minecraft:cyan_stained_glass":2,"minecraft:honeycomb_block":3,"minecraft:golden_chestplate":1,"minecraft:gray_shulker_box":9,"minecraft:green_terracotta":94,"minecraft:cauldron":4,"minecraft:orange_bed":110,"minecraft:stone_sword":1,"minecraft:polished_basalt":12,"minecraft:carved_pumpkin":26,"minecraft:red_tulip":3,"minecraft:bookshelf":24,"minecraft:end_rod":357,"minecraft:blaze_rod":3,"minecraft:iron_bars":8,"minecraft:snowball":44,"minecraft:feather":3,"minecraft:cooked_beef":984,"minecraft:water_bucket":12,"minecraft:copper_block":1,"minecraft:flint":136,"minecraft:magenta_terracotta":9,"minecraft:lantern":9,"minecraft:gray_concrete_powder":2,"minecraft:hanging_roots":1408,"minecraft:stonecutter":3,"minecraft:dark_oak_sign":22,"minecraft:diamond_helmet":11,"minecraft:honeycomb":467,"minecraft:glow_lichen":357,"minecraft:lime_terracotta":12,"minecraft:stripped_crimson_stem":1,"minecraft:stripped_spruce_log":74,"minecraft:brown_mushroom_block":3201,"minecraft:polished_andesite":4,"minecraft:blue_terracotta":2,"minecraft:deepslate":1731,"minecraft:lever":43,"minecraft:granite":1861,"minecraft:spruce_button":10,"minecraft:golden_horse_armor":1,"minecraft:deepslate_coal_ore":80,"minecraft:rooted_dirt":45,"minecraft:jack_o_lantern":2,"minecraft:light_gray_carpet":4,"minecraft:light_blue_candle":16,"minecraft:crimson_roots":20,"minecraft:diamond_pickaxe":10,"minecraft:magenta_glazed_terracotta":1,"minecraft:bee_nest":1,"minecraft:clay_ball":560,"minecraft:leather_leggings":2,"minecraft:dragon_head":2,"minecraft:yellow_candle":19,"minecraft:cornflower":5,"minecraft:pink_candle":3,"minecraft:elytra":13,"minecraft:flint_and_steel":2,"minecraft:white_carpet":41,"minecraft:white_stained_glass":186,"minecraft:iron_shovel":1,"minecraft:netherite_sword":1,"minecraft:jungle_sapling":99,"minecraft:poppy":88,"minecraft:spruce_slab":544,"minecraft:minecart":21,"minecraft:birch_sapling":695,"minecraft:piston":22,"minecraft:diamond_hoe":4,"minecraft:copper_ore":159,"minecraft:stone":18221,"minecraft:raw_gold_block":3,"minecraft:music_disc_mellohi":1,"minecraft:white_dye":22,"minecraft:netherite_pickaxe":14,"minecraft:diamond_chestplate":1,"minecraft:hay_block":26,"minecraft:yellow_terracotta":4,"minecraft:mutton":2,"minecraft:rail":65,"minecraft:bone_block":148,"minecraft:oxeye_daisy":13,"minecraft:birch_leaves":8192,"minecraft:yellow_shulker_box":42,"minecraft:jungle_fence":2,"minecraft:red_glazed_terracotta":2,"minecraft:lily_pad":28,"minecraft:paper":4,"minecraft:apple":48,"minecraft:warped_stem":65,"minecraft:yellow_stained_glass":17,"minecraft:spore_blossom":71,"minecraft:stone_pickaxe":1,"minecraft:iron_ore":449,"minecraft:dark_oak_stairs":70,"minecraft:smooth_basalt":89,"minecraft:light_gray_stained_glass":3,"minecraft:sweet_berries":20,"minecraft:red_wool":440,"minecraft:lime_concrete":8,"minecraft:crying_obsidian":6,"minecraft:dragon_egg":5,"minecraft:oak_wood":122,"minecraft:diamond_shovel":11,"minecraft:coal_ore":733,"minecraft:slime_ball":126,"minecraft:deepslate_redstone_ore":150,"minecraft:painting":56,"minecraft:birch_sign":14,"minecraft:baked_potato":9,"minecraft:smooth_quartz_slab":11,"minecraft:hopper":7,"minecraft:prismarine_stairs":5,"minecraft:light_blue_concrete":8,"minecraft:ender_chest":12,"minecraft:yellow_wool":326,"minecraft:gilded_blackstone":16,"minecraft:lapis_block":5,"minecraft:deepslate_lapis_ore":19,"minecraft:red_candle":43,"minecraft:red_sand":1928,"minecraft:comparator":4,"minecraft:bucket":7,"minecraft:white_tulip":38,"minecraft:rose_bush":65,"minecraft:cobblestone_slab":5,"minecraft:azalea":962,"minecraft:iron_pickaxe":2,"minecraft:smooth_quartz":33,"minecraft:deepslate_iron_ore":127,"minecraft:blue_wool":32,"minecraft:birch_trapdoor":15,"minecraft:spruce_stairs":217,"minecraft:netherite_shovel":1,"minecraft:diorite":1822,"minecraft:vine":14,"minecraft:rotten_flesh":254,"minecraft:brown_shulker_box":45,"minecraft:deepslate_copper_ore":7,"minecraft:deepslate_brick_stairs":1,"minecraft:obsidian":95,"minecraft:cobblestone":7617,"minecraft:lilac":103,"minecraft:repeater":25,"minecraft:andesite":3133,"minecraft:golden_leggings":2,"minecraft:beacon":3,"minecraft:potato":144,"minecraft:smooth_sandstone_stairs":2,"minecraft:prismarine_bricks":16,"minecraft:dirt":16941,"minecraft:stripped_birch_log":115,"minecraft:name_tag":3,"minecraft:glass":386,"minecraft:bone":279,"minecraft:acacia_planks":1,"minecraft:granite_wall":1,"minecraft:bow":12,"minecraft:wheat_seeds":5801,"minecraft:orange_tulip":13,"minecraft:birch_wood":92,"minecraft:netherite_axe":8,"minecraft:bamboo":461,"minecraft:prismarine":284,"minecraft:diorite_wall":8,"minecraft:brown_stained_glass":45,"minecraft:melon":10,"minecraft:grass_block":47,"minecraft:diamond_block":18,"minecraft:jungle_slab":130,"minecraft:mossy_cobblestone":8,"minecraft:jungle_leaves":828,"minecraft:light_gray_terracotta":2,"minecraft:light_blue_terracotta":2,"minecraft:netherite_helmet":1,"minecraft:slime_block":11,"minecraft:soul_lantern":2,"minecraft:crossbow":4,"minecraft:bone_meal":194,"minecraft:grass":52,"minecraft:nether_sprouts":15,"minecraft:spruce_sign":101,"minecraft:emerald":19,"minecraft:netherrack":2334,"minecraft:oak_leaves":8813,"minecraft:azure_bluet":47,"minecraft:ladder":73,"minecraft:brown_mushroom":223,"minecraft:pink_wool":142,"minecraft:stone_brick_wall":2,"minecraft:chain":9,"minecraft:shield":6,"minecraft:moss_carpet":3074,"minecraft:oak_trapdoor":1,"minecraft:birch_fence":78,"minecraft:magenta_wool":18,"minecraft:blackstone":72,"minecraft:blue_orchid":3,"minecraft:lime_wool":8,"minecraft:end_stone":77,"minecraft:flowering_azalea_leaves":1931,"minecraft:note_block":18,"minecraft:light_blue_bed":131,"minecraft:weeping_vines":12,"minecraft:red_shulker_box":34,"minecraft:nether_bricks":25,"minecraft:pink_tulip":24,"minecraft:netherite_boots":10,"minecraft:basalt":469,"minecraft:jungle_boat":1,"minecraft:prismarine_slab":16,"minecraft:dark_oak_button":3,"minecraft:golden_carrot":341,"minecraft:leather":880,"minecraft:crimson_fungus":20,"minecraft:yellow_bed":16,"minecraft:cobblestone_wall":18,"minecraft:gunpowder":82,"minecraft:orange_terracotta":162,"minecraft:red_carpet":1,"minecraft:gray_carpet":18,"minecraft:spruce_wood":51,"minecraft:iron_ingot":644,"minecraft:cooked_chicken":3,"minecraft:pink_bed":2,"minecraft:nether_quartz_ore":166,"minecraft:warped_fungus":38,"minecraft:stone_brick_slab":1,"minecraft:quartz":266,"minecraft:dandelion":71,"minecraft:amethyst_shard":38,"minecraft:green_stained_glass":5,"minecraft:nether_brick_slab":5,"minecraft:spruce_door":13,"minecraft:pumpkin_seeds":73,"minecraft:prismarine_wall":1,"minecraft:terracotta":6106,"minecraft:netherite_hoe":8,"minecraft:dark_oak_wood":299,"minecraft:sunflower":147,"minecraft:iron_chestplate":4,"minecraft:flower_pot":20,"minecraft:diamond_sword":14,"minecraft:oak_stairs":10,"minecraft:wither_rose":22,"minecraft:amethyst_block":283,"minecraft:dark_oak_trapdoor":35,"minecraft:soul_soil":352,"minecraft:cooked_salmon":6,"minecraft:beetroot":93,"minecraft:acacia_sign":2,"minecraft:gold_nugget":10,"minecraft:cobbled_deepslate":1953,"minecraft:crimson_fence":2,"minecraft:spruce_planks":1558,"minecraft:written_book":1,"minecraft:azalea_leaves":5745,"minecraft:melon_slice":238,"minecraft:dark_oak_door":4,"minecraft:golden_helmet":2,"minecraft:beehive":1,"minecraft:composter":23,"minecraft:warped_planks":48,"minecraft:gray_stained_glass_pane":7,"minecraft:light_blue_wool":8,"minecraft:iron_block":2,"minecraft:cyan_terracotta":14,"minecraft:netherite_chestplate":1,"minecraft:birch_log":4716,"minecraft:magma_block":25,"minecraft:iron_door":9,"minecraft:birch_slab":192,"minecraft:jungle_log":1276,"minecraft:stripped_spruce_wood":1,"minecraft:netherite_leggings":1,"minecraft:gray_concrete":1,"minecraft:brown_candle":5,"minecraft:light_gray_concrete_powder":4,"minecraft:twisting_vines":47,"minecraft:glowstone_dust":33,"minecraft:moss_block":8592,"minecraft:warped_wart_block":203,"minecraft:dropper":7,"minecraft:ink_sac":9,"minecraft:granite_slab":9,"minecraft:loom":3,"minecraft:dark_oak_log":2960,"minecraft:red_terracotta":3,"minecraft:barrel":25,"minecraft:stripped_acacia_log":5,"minecraft:dispenser":5,"minecraft:writable_book":3,"minecraft:deepslate_gold_ore":75,"minecraft:bread":4,"minecraft:dark_oak_fence":49,"minecraft:spruce_leaves":16,"minecraft:coarse_dirt":344,"minecraft:crafting_table":108,"minecraft:sandstone_slab":4,"minecraft:nether_wart":81,"minecraft:jungle_trapdoor":32,"minecraft:red_bed":1,"minecraft:deepslate_diamond_ore":39,"minecraft:beef":540,"minecraft:cyan_wool":124,"minecraft:iron_nugget":82,"minecraft:chest":45,"minecraft:egg":36,"minecraft:sandstone":10632,"minecraft:glow_item_frame":3,"minecraft:amethyst_cluster":47,"minecraft:spruce_fence":107,"minecraft:cake":9,"minecraft:carrot":3313,"minecraft:redstone":3494,"minecraft:mushroom_stem":402,"minecraft:tnt":13,"minecraft:beetroot_seeds":269,"minecraft:peony":23,"minecraft:deepslate_bricks":15,"minecraft:shears":9,"minecraft:diamond_boots":3,"minecraft:cut_copper":1,"minecraft:sandstone_stairs":15,"minecraft:white_shulker_box":32,"minecraft:glow_berries":524,"minecraft:white_wool":155,"minecraft:lapis_ore":60,"minecraft:stripped_oak_log":22,"minecraft:red_mushroom_block":363,"minecraft:red_mushroom":1,"minecraft:filled_map":28,"minecraft:jungle_button":1,"minecraft:oak_log":3134,"minecraft:ancient_debris":14,"minecraft:white_banner":5,"minecraft:stone_bricks":80,"minecraft:kelp":186,"minecraft:cobweb":51,"minecraft:iron_sword":2,"minecraft:flowering_azalea":492,"minecraft:white_stained_glass_pane":29,"minecraft:dark_oak_slab":190,"minecraft:daylight_detector":2,"minecraft:yellow_concrete":74,"minecraft:spyglass":2,"minecraft:gravel":1403,"minecraft:birch_stairs":49,"minecraft:spruce_sapling":430,"minecraft:spruce_log":5510,"minecraft:sea_lantern":70,"minecraft:firework_rocket":970,"minecraft:polished_diorite":9,"minecraft:stone_axe":1,"minecraft:redstone_ore":300,"minecraft:diamond_axe":6,"minecraft:gray_wool":83,"minecraft:warped_roots":75,"minecraft:melon_seeds":6,"minecraft:warped_nylium":238,"minecraft:stripped_dark_oak_log":12,"minecraft:ender_pearl":1134,"minecraft:wheat":1624,"minecraft:redstone_block":26,"minecraft:iron_trapdoor":17,"minecraft:green_stained_glass_pane":22,"minecraft:potion":5,"minecraft:brain_coral_block":2,"minecraft:raw_copper":1976,"minecraft:armor_stand":33,"minecraft:sticky_piston":28,"minecraft:netherite_ingot":1,"minecraft:oak_sign":17,"minecraft:sea_pickle":19,"minecraft:deepslate_tiles":18,"minecraft:dark_oak_leaves":347,"minecraft:redstone_torch":55,"minecraft:calcite":132,"minecraft:furnace":13,"minecraft:iron_boots":3,"minecraft:stick":1284,"minecraft:orange_shulker_box":94,"minecraft:oak_fence":10,"minecraft:torch":1526,"minecraft:porkchop":40,"minecraft:snow_block":256,"minecraft:pointed_dripstone":610,"minecraft:yellow_concrete_powder":1,"minecraft:green_banner":4,"minecraft:cactus":35,"minecraft:green_wool":71,"minecraft:leather_horse_armor":7,"minecraft:stripped_birch_wood":7,"minecraft:cod":20,"minecraft:nautilus_shell":1,"minecraft:magma_cream":33,"minecraft:tuff":338,"minecraft:warped_trapdoor":2,"minecraft:green_shulker_box":82,"minecraft:lapis_lazuli":880,"minecraft:polished_granite":4,"minecraft:leather_boots":5,"minecraft:raw_gold":650,"minecraft:powered_rail":17,"minecraft:oak_planks":503,"minecraft:lime_glazed_terracotta":3,"minecraft:pink_stained_glass":67,"minecraft:ghast_tear":3,"minecraft:pink_stained_glass_pane":1,"minecraft:axolotl_bucket":3,"minecraft:jungle_planks":182,"minecraft:sand":1155,"minecraft:lily_of_the_valley":52,"minecraft:dead_bush":1025,"minecraft:cyan_bed":204,"minecraft:shulker_box":242,"minecraft:orange_wool":113,"minecraft:spruce_fence_gate":15,"minecraft:black_concrete":2,"minecraft:spruce_boat":8,"minecraft:diamond":382,"minecraft:white_concrete":205,"minecraft:oak_sapling":369,"minecraft:nether_star":1,"minecraft:cocoa_beans":61,"minecraft:allium":322,"minecraft:chicken":1,"minecraft:wooden_pickaxe":3,"minecraft:gold_block":341,"minecraft:diamond_horse_armor":1,"minecraft:dragon_breath":114,"minecraft:iron_axe":1,"minecraft:item_frame":37,"minecraft:quartz_slab":48,"minecraft:warped_fence":6,"minecraft:cyan_carpet":3,"minecraft:oak_boat":12,"minecraft:player_head":46,"minecraft:observer":52,"minecraft:light_gray_wool":18,"minecraft:tinted_glass":26,"minecraft:blue_shulker_box":19,"minecraft:sugar_cane":692,"minecraft:spruce_trapdoor":60,"minecraft:phantom_membrane":8,"minecraft:dark_oak_sapling":146,"minecraft:raw_iron":1915,"minecraft:stone_button":442,"minecraft:magenta_shulker_box":64,"minecraft:iron_horse_armor":1,"minecraft:dark_oak_planks":430,"minecraft:smooth_sandstone_slab":1,"minecraft:arrow":824,"minecraft:light_blue_stained_glass_pane":1,"minecraft:jungle_stairs":25,"minecraft:pink_glazed_terracotta":3,"minecraft:lime_stained_glass":4,"minecraft:glow_ink_sac":13,"minecraft:crimson_stem":2,"minecraft:birch_planks":448,"minecraft:nether_wart_block":1,"minecraft:cobblestone_stairs":3,"minecraft:deepslate_tile_slab":9,"minecraft:cut_copper_slab":3,"minecraft:podzol":6,"minecraft:smooth_sandstone":1400,"minecraft:stripped_oak_wood":11,"minecraft:acacia_sapling":16,"minecraft:soul_sand":240,"minecraft:purple_concrete":8,"minecraft:oak_slab":8,"minecraft:scaffolding":8843,"minecraft:pumpkin":118,"minecraft:birch_boat":11,"minecraft:dripstone_block":353,"minecraft:brain_coral_fan":1,"minecraft:white_bed":33,"minecraft:gold_ore":94,"minecraft:green_carpet":3,"minecraft:spider_eye":23,"minecraft:stripped_jungle_log":54,"minecraft:campfire":1,"minecraft:iron_helmet":1,"minecraft:stripped_jungle_wood":1,"minecraft:black_wool":24,"minecraft:red_concrete":40,"minecraft:coal":3412},"minecraft:crafted":{"minecraft:lime_stained_glass":112,"minecraft:green_banner":2,"minecraft:black_dye":49,"minecraft:oak_sign":36,"minecraft:melon":475,"minecraft:blaze_powder":2,"minecraft:birch_boat":3,"minecraft:chain":101,"minecraft:diamond_shovel":1,"minecraft:gray_wool":25,"minecraft:shulker_box":1,"minecraft:diamond_helmet":2,"minecraft:light_blue_concrete_powder":8,"minecraft:iron_door":15,"minecraft:cyan_banner":12,"minecraft:white_shulker_box":1,"minecraft:lime_concrete_powder":8,"minecraft:pink_stained_glass":124,"minecraft:warped_stairs":8,"minecraft:glow_item_frame":2,"minecraft:jungle_boat":1,"minecraft:green_bed":4,"minecraft:raw_gold_block":33,"minecraft:smithing_table":2,"minecraft:mossy_cobblestone":236,"minecraft:sticky_piston":27,"minecraft:fletching_table":1,"minecraft:green_stained_glass":72,"minecraft:painting":23,"minecraft:cartography_table":1,"minecraft:stone_brick_stairs":4,"minecraft:lectern":21,"minecraft:stone_slab":24,"minecraft:iron_pickaxe":11,"minecraft:netherite_ingot":3,"minecraft:composter":77,"minecraft:jungle_sign":3,"minecraft:golden_carrot":593,"minecraft:orange_shulker_box":1,"minecraft:iron_nugget":639,"minecraft:spyglass":1,"minecraft:diamond_hoe":1,"minecraft:soul_torch":8,"minecraft:light_gray_wool":6,"minecraft:jack_o_lantern":17,"minecraft:blue_shulker_box":1,"minecraft:spruce_fence":834,"minecraft:moss_carpet":39,"minecraft:lantern":43,"minecraft:spruce_stairs":988,"minecraft:red_shulker_box":1,"minecraft:stone_pickaxe":1,"minecraft:quartz_slab":48,"minecraft:spruce_boat":3,"minecraft:prismarine_slab":102,"minecraft:lead":2,"minecraft:light_gray_terracotta":8,"minecraft:cut_copper_slab":114,"minecraft:enchanting_table":2,"minecraft:cyan_bed":1,"minecraft:crimson_slab":24,"minecraft:dark_oak_button":5,"minecraft:red_carpet":9,"minecraft:deepslate_tiles":320,"minecraft:orange_dye":11,"minecraft:magenta_glazed_terracotta":8,"minecraft:oak_fence_gate":2,"minecraft:soul_lantern":7,"minecraft:red_stained_glass":24,"minecraft:fermented_spider_eye":1,"minecraft:birch_trapdoor":50,"minecraft:writable_book":1,"minecraft:iron_shovel":6,"minecraft:prismarine_wall":7,"minecraft:note_block":369,"minecraft:pink_terracotta":40,"minecraft:grindstone":5,"minecraft:cobblestone_slab":164,"minecraft:barrel":65,"minecraft:birch_wood":990,"minecraft:leather_horse_armor":21,"minecraft:stone":24,"minecraft:red_sandstone":64,"minecraft:quartz_pillar":64,"minecraft:warped_planks":220,"minecraft:polished_blackstone_button":52,"minecraft:stone_brick_slab":30,"minecraft:brown_stained_glass":32,"minecraft:bow":40,"minecraft:spore_blossom":391,"minecraft:comparator":5,"minecraft:polished_basalt":220,"minecraft:chest":262,"minecraft:copper_block":92,"minecraft:yellow_terracotta":8,"minecraft:jungle_stairs":284,"minecraft:rail":112,"minecraft:birch_button":5,"minecraft:oak_fence":3,"minecraft:stone_bricks":1208,"minecraft:granite_stairs":40,"minecraft:dropper":3,"minecraft:cauldron":15,"minecraft:lime_terracotta":144,"minecraft:iron_helmet":1,"minecraft:brown_dye":15,"minecraft:warped_door":3,"minecraft:yellow_stained_glass":232,"minecraft:dispenser":16,"minecraft:apple":4,"minecraft:spruce_trapdoor":496,"minecraft:purple_dye":2,"minecraft:yellow_dye":95,"minecraft:stick":2708,"minecraft:iron_ingot":2034,"minecraft:light_blue_stained_glass":16,"minecraft:cyan_carpet":12,"minecraft:dark_oak_fence_gate":1,"minecraft:deepslate_bricks":476,"minecraft:blue_terracotta":8,"minecraft:deepslate_tile_slab":24,"minecraft:small_dripleaf":547,"minecraft:oak_door":3,"minecraft:nether_brick_slab":42,"minecraft:stone_brick_wall":12,"minecraft:beehive":6,"minecraft:leather_boots":2,"minecraft:spruce_button":15,"minecraft:mossy_stone_bricks":32,"minecraft:furnace":32,"minecraft:piston":84,"minecraft:raw_copper_block":118,"minecraft:smooth_quartz_stairs":8,"minecraft:oak_trapdoor":56,"minecraft:flint_and_steel":3,"minecraft:scaffolding":324,"minecraft:granite_wall":42,"minecraft:white_concrete_powder":184,"minecraft:orange_terracotta":8,"minecraft:cobblestone_wall":18,"minecraft:brown_shulker_box":9,"minecraft:smooth_quartz_slab":12,"minecraft:birch_sign":39,"minecraft:smooth_sandstone_stairs":4,"minecraft:purple_stained_glass":8,"minecraft:iron_trapdoor":33,"minecraft:diorite_wall":30,"minecraft:iron_sword":6,"minecraft:jungle_planks":2592,"minecraft:white_dye":257,"minecraft:stonecutter":1,"minecraft:anvil":2,"minecraft:andesite":30,"minecraft:orange_bed":1,"minecraft:torch":2872,"minecraft:granite_slab":66,"minecraft:diamond_chestplate":1,"minecraft:ender_chest":4,"minecraft:jungle_button":22,"minecraft:dark_oak_pressure_plate":1,"minecraft:pink_bed":2,"minecraft:dark_oak_wood":978,"minecraft:birch_slab":672,"minecraft:loom":19,"minecraft:lever":88,"minecraft:lime_glazed_terracotta":81,"minecraft:bookshelf":99,"minecraft:iron_bars":48,"minecraft:red_concrete_powder":40,"minecraft:deepslate_brick_stairs":8,"minecraft:magenta_shulker_box":2,"minecraft:quartz_block":49,"minecraft:glass":550,"minecraft:light_blue_terracotta":8,"minecraft:repeater":27,"minecraft:diamond_leggings":2,"minecraft:netherite_boots":1,"minecraft:melon_seeds":13,"minecraft:polished_blackstone":52,"minecraft:magenta_dye":131,"minecraft:flower_pot":79,"minecraft:glass_bottle":123,"minecraft:emerald":393,"minecraft:cooked_porkchop":35,"minecraft:diamond_axe":1,"minecraft:spruce_door":9,"minecraft:copper_ingot":839,"minecraft:hay_block":17,"minecraft:oak_wood":1674,"minecraft:campfire":51,"minecraft:lime_bed":2,"minecraft:green_terracotta":600,"minecraft:compass":9,"minecraft:iron_block":111,"minecraft:light_blue_bed":1,"minecraft:gold_ingot":300,"minecraft:light_gray_dye":10,"minecraft:spruce_fence_gate":32,"minecraft:birch_stairs":324,"minecraft:yellow_concrete_powder":40,"minecraft:leather_leggings":19,"minecraft:player_head":204,"minecraft:yellow_bed":3,"minecraft:red_terracotta":8,"minecraft:bone_meal":8804,"minecraft:cyan_stained_glass":8,"minecraft:pink_dye":31,"minecraft:white_carpet":57,"minecraft:candle":57,"minecraft:warped_trapdoor":18,"minecraft:diamond":99,"minecraft:netherite_axe":1,"minecraft:dark_oak_fence":108,"minecraft:yellow_glazed_terracotta":4,"minecraft:ladder":231,"minecraft:spruce_slab":2928,"minecraft:diamond_boots":1,"minecraft:red_glazed_terracotta":8,"minecraft:redstone_block":303,"minecraft:jungle_fence":42,"minecraft:dark_oak_planks":4576,"minecraft:wheat":27,"minecraft:dripstone_block":88,"minecraft:coal_block":67,"minecraft:daylight_detector":2,"minecraft:crossbow":3,"minecraft:netherite_pickaxe":1,"minecraft:red_sandstone_slab":12,"minecraft:deepslate_brick_slab":18,"minecraft:magenta_stained_glass":528,"minecraft:gray_concrete_powder":48,"minecraft:polished_granite":36,"minecraft:sandstone_slab":24,"minecraft:white_stained_glass":624,"minecraft:green_stained_glass_pane":64,"minecraft:jungle_slab":612,"minecraft:andesite_slab":24,"minecraft:gray_shulker_box":1,"minecraft:oak_stairs":4,"minecraft:crimson_fence":18,"minecraft:deepslate_tile_stairs":8,"minecraft:iron_leggings":1,"minecraft:white_bed":5,"minecraft:brick":240,"minecraft:oak_planks":2868,"minecraft:mossy_stone_brick_slab":18,"minecraft:cobblestone_stairs":148,"minecraft:suspicious_stew":2,"minecraft:green_dye":199,"minecraft:dark_oak_door":3,"minecraft:hopper":67,"minecraft:iron_boots":1,"minecraft:cyan_terracotta":120,"minecraft:mossy_cobblestone_slab":6,"minecraft:stone_hoe":1,"minecraft:raw_iron_block":24,"minecraft:smoker":4,"minecraft:oak_slab":150,"minecraft:item_frame":73,"minecraft:map":9,"minecraft:crafting_table":80,"minecraft:spruce_planks":14764,"minecraft:wooden_pickaxe":1,"minecraft:baked_potato":30,"minecraft:gold_block":15,"minecraft:hopper_minecart":8,"minecraft:pumpkin_seeds":16,"minecraft:birch_planks":6472,"minecraft:brewing_stand":1,"minecraft:iron_chestplate":2,"minecraft:stripped_jungle_wood":18,"minecraft:dark_oak_slab":1122,"minecraft:book":335,"minecraft:paper":1155,"minecraft:diamond_pickaxe":4,"minecraft:shield":2,"minecraft:warped_slab":60,"minecraft:birch_fence":159,"minecraft:light_blue_dye":8,"minecraft:netherite_hoe":1,"minecraft:leather_chestplate":38,"minecraft:stone_sword":1,"minecraft:snow_block":8,"minecraft:green_shulker_box":6,"minecraft:gray_carpet":57,"minecraft:redstone_torch":87,"minecraft:light_gray_carpet":36,"minecraft:shears":39,"minecraft:green_carpet":12,"minecraft:sandstone_stairs":44,"minecraft:crimson_hyphae":6,"minecraft:polished_andesite":140,"minecraft:coarse_dirt":1556,"minecraft:cobbled_deepslate_slab":20,"minecraft:raw_iron":90,"minecraft:redstone":722,"minecraft:stone_button":114,"minecraft:dark_oak_trapdoor":186,"minecraft:jungle_trapdoor":160,"minecraft:gray_dye":66,"minecraft:dark_oak_sign":51,"minecraft:diamond_block":32,"minecraft:warped_fence":21,"minecraft:yellow_shulker_box":1,"minecraft:polished_deepslate":712,"minecraft:iron_axe":11,"minecraft:spruce_wood":1362,"minecraft:slime_ball":45,"minecraft:iron_hoe":4,"minecraft:lime_dye":38,"minecraft:pink_glazed_terracotta":40,"minecraft:netherite_scrap":12,"minecraft:observer":44,"minecraft:minecart":8,"minecraft:cooked_beef":545,"minecraft:sugar":65,"minecraft:red_dye":51,"minecraft:cooked_cod":4,"minecraft:crimson_planks":36,"minecraft:diamond_sword":2,"minecraft:cyan_dye":34,"minecraft:spruce_sign":258,"minecraft:dark_oak_stairs":496,"minecraft:powered_rail":120,"minecraft:bucket":19,"minecraft:stone_axe":1,"minecraft:amethyst_block":3,"minecraft:air":0,"minecraft:blue_dye":32,"minecraft:cut_copper":92,"minecraft:oak_boat":4,"minecraft:magenta_terracotta":256,"minecraft:smooth_sandstone_slab":34,"minecraft:gold_nugget":45,"minecraft:pink_stained_glass_pane":64,"minecraft:pumpkin_pie":44,"minecraft:acacia_planks":152,"minecraft:purple_concrete_powder":8,"minecraft:lapis_lazuli":9,"minecraft:lapis_block":44},"minecraft:dropped":{"minecraft:iron_sword":1,"minecraft:glow_ink_sac":1,"minecraft:glass_bottle":1,"minecraft:diamond":20,"minecraft:crafting_table":2,"minecraft:cooked_porkchop":6,"minecraft:glow_berries":1,"minecraft:birch_fence":1,"minecraft:dark_oak_fence":13,"minecraft:writable_book":3,"minecraft:gold_nugget":10,"minecraft:sand":52,"minecraft:dark_oak_planks":30,"minecraft:white_wool":1,"minecraft:stone_axe":1,"minecraft:lever":4,"minecraft:cobbled_deepslate":18,"minecraft:wheat":54,"minecraft:rotten_flesh":156,"minecraft:oak_planks":65,"minecraft:red_candle":16,"minecraft:azalea_leaves":93,"minecraft:coal_ore":44,"minecraft:leather_boots":4,"minecraft:acacia_sapling":9,"minecraft:leather_leggings":2,"minecraft:glass":48,"minecraft:warped_wart_block":1,"minecraft:green_stained_glass":1,"minecraft:wheat_seeds":1641,"minecraft:dark_oak_leaves":20,"minecraft:gray_wool":1,"minecraft:ink_sac":1,"minecraft:potion":1,"minecraft:oak_stairs":10,"minecraft:pumpkin":62,"minecraft:white_banner":1,"minecraft:smooth_sandstone":65,"minecraft:lily_pad":1,"minecraft:snow_block":258,"minecraft:netherite_hoe":1,"minecraft:player_head":7,"minecraft:iron_boots":1,"minecraft:oak_sign":6,"minecraft:shears":2,"minecraft:diamond_sword":3,"minecraft:flower_pot":17,"minecraft:spruce_trapdoor":2,"minecraft:spruce_planks":150,"minecraft:diamond_pickaxe":1,"minecraft:redstone_torch":43,"minecraft:small_dripleaf":1,"minecraft:barrel":3,"minecraft:bamboo":106,"minecraft:sandstone":64,"minecraft:bow":4,"minecraft:magma_block":14,"minecraft:terracotta":31,"minecraft:moss_block":372,"minecraft:ender_pearl":940,"minecraft:leather":99,"minecraft:red_wool":50,"minecraft:birch_slab":5,"minecraft:dark_oak_log":96,"minecraft:mutton":2,"minecraft:dark_oak_wood":64,"minecraft:snowball":16,"minecraft:axolotl_bucket":2,"minecraft:gold_ingot":128,"minecraft:magenta_stained_glass":80,"minecraft:beetroot":34,"minecraft:yellow_stained_glass":64,"minecraft:beetroot_seeds":6,"minecraft:iron_ore":2,"minecraft:scaffolding":46,"minecraft:stone_hoe":1,"minecraft:bread":2,"minecraft:spruce_stairs":1,"minecraft:milk_bucket":1,"minecraft:green_dye":15,"minecraft:nether_wart_block":1,"minecraft:jungle_leaves":2,"minecraft:orange_bed":2,"minecraft:cactus":2,"minecraft:redstone_block":7,"minecraft:dragon_head":1,"minecraft:shulker_box":3,"minecraft:flint_and_steel":1,"minecraft:andesite":218,"minecraft:oak_sapling":4,"minecraft:birch_sign":2,"minecraft:wooden_pickaxe":3,"minecraft:magma_cream":5,"minecraft:cooked_beef":135,"minecraft:spore_blossom":44,"minecraft:rooted_dirt":24,"minecraft:saddle":1,"minecraft:elytra":2,"minecraft:rail":44,"minecraft:dirt":942,"minecraft:grass":44,"minecraft:yellow_dye":28,"minecraft:bone_meal":1,"minecraft:iron_pickaxe":1,"minecraft:bone":140,"minecraft:green_wool":64,"minecraft:sugar_cane":1,"minecraft:birch_sapling":124,"minecraft:white_dye":50,"minecraft:spruce_slab":2,"minecraft:flowering_azalea_leaves":63,"minecraft:egg":22,"minecraft:iron_ingot":106,"minecraft:netherite_pickaxe":2,"minecraft:birch_leaves":64,"minecraft:oak_fence":6,"minecraft:feather":1,"minecraft:cobblestone":765,"minecraft:apple":4,"minecraft:granite":188,"minecraft:spruce_button":3,"minecraft:coal":15,"minecraft:end_rod":128,"minecraft:oxeye_daisy":2,"minecraft:golden_carrot":87,"minecraft:iron_trapdoor":2,"minecraft:diamond_helmet":1,"minecraft:paper":2,"minecraft:string":7,"minecraft:spruce_sapling":3,"minecraft:moss_carpet":386,"minecraft:redstone_ore":20,"minecraft:deepslate":132,"minecraft:chicken":1,"minecraft:glow_lichen":1,"minecraft:big_dripleaf":38,"minecraft:potato":22,"minecraft:stone":816,"minecraft:allium":33,"minecraft:carved_pumpkin":6,"minecraft:spider_eye":16,"minecraft:magenta_dye":26,"minecraft:blue_orchid":1,"minecraft:quartz_slab":48,"minecraft:spruce_sign":105,"minecraft:birch_planks":92,"minecraft:diamond_axe":1,"minecraft:baked_potato":3,"minecraft:flint":25,"minecraft:spruce_leaves":8,"minecraft:dispenser":1,"minecraft:crimson_roots":4,"minecraft:amethyst_shard":2,"minecraft:birch_log":76,"minecraft:armor_stand":9,"minecraft:gravel":47,"minecraft:carrot":15,"minecraft:poppy":2,"minecraft:gunpowder":16,"minecraft:birch_trapdoor":4,"minecraft:melon_seeds":2,"minecraft:azalea":47,"minecraft:chest":1,"minecraft:basalt":23,"minecraft:arrow":84,"minecraft:oak_leaves":88,"minecraft:netherrack":2327,"minecraft:firework_rocket":207,"minecraft:water_bucket":2,"minecraft:oak_slab":4,"minecraft:deepslate_iron_ore":4,"minecraft:minecart":3,"minecraft:bookshelf":8,"minecraft:diamond_leggings":1,"minecraft:lead":4,"minecraft:stick":60,"minecraft:blue_dye":6,"minecraft:diorite":483,"minecraft:torch":53,"minecraft:leather_horse_armor":6,"minecraft:flowering_azalea":24,"minecraft:lapis_block":2,"minecraft:dandelion":16,"minecraft:smooth_basalt":2,"minecraft:redstone":19,"minecraft:ender_chest":1,"minecraft:blaze_rod":1,"minecraft:tuff":16,"minecraft:red_terracotta":56,"minecraft:orange_terracotta":146,"minecraft:iron_chestplate":3,"minecraft:cake":6,"minecraft:pink_wool":192,"minecraft:diamond_boots":1,"minecraft:raw_gold":2,"minecraft:calcite":3,"minecraft:white_stained_glass":67},"minecraft:killed":{"minecraft:cod":12,"minecraft:pillager":24,"minecraft:zombie":205,"minecraft:vindicator":4,"minecraft:endermite":1,"minecraft:husk":4,"minecraft:zombified_piglin":2,"minecraft:witch":1,"minecraft:spider":22,"minecraft:silverfish":6,"minecraft:piglin":2,"minecraft:zombie_villager":2,"minecraft:sheep":1,"minecraft:ghast":2,"minecraft:slime":44,"minecraft:drowned":4,"minecraft:hoglin":3,"minecraft:squid":1,"minecraft:player":1,"minecraft:cave_spider":11,"minecraft:skeleton":302,"minecraft:chicken":1,"minecraft:magma_cube":86,"minecraft:glow_squid":1,"minecraft:cow":483,"minecraft:enderman":7507,"minecraft:pig":21,"minecraft:creeper":62,"minecraft:blaze":6,"minecraft:phantom":3,"minecraft:bat":1}},"DataVersion":2730}