{"stats":{"minecraft:killed_by":{"minecraft:magma_cube":3,"minecraft:zombie":8,"minecraft:drowned":3,"minecraft:skeleton":3,"minecraft:slime":1,"minecraft:creeper":9,"minecraft:player":3,"minecraft:iron_golem":2,"minecraft:phantom":1},"minecraft:broken":{"minecraft:shears":5,"minecraft:diamond_shovel":2,"minecraft:diamond_pickaxe":3,"minecraft:iron_pickaxe":13,"minecraft:iron_shovel":3,"minecraft:iron_axe":2,"minecraft:golden_leggings":1,"minecraft:flint_and_steel":1},"minecraft:custom":{"minecraft:interact_with_crafting_table":1951,"minecraft:damage_blocked_by_shield":2500,"minecraft:play_time":48330866,"minecraft:deaths":49,"minecraft:jump":125218,"minecraft:interact_with_cartography_table":1,"minecraft:interact_with_smoker":1,"minecraft:inspect_dispenser":967,"minecraft:horse_one_cm":4513321,"minecraft:inspect_dropper":491,"minecraft:interact_with_anvil":140,"minecraft:inspect_hopper":1496,"minecraft:tune_noteblock":77,"minecraft:time_since_rest":19633,"minecraft:swim_one_cm":904097,"minecraft:open_chest":18759,"minecraft:open_shulker_box":6060,"minecraft:talked_to_villager":123,"minecraft:interact_with_brewingstand":213,"minecraft:interact_with_beacon":25,"minecraft:fill_cauldron":4,"minecraft:raid_win":8,"minecraft:boat_one_cm":10681833,"minecraft:damage_taken":117931,"minecraft:aviate_one_cm":321715232,"minecraft:open_barrel":2161,"minecraft:bell_ring":47,"minecraft:leave_game":731,"minecraft:time_since_death":67419,"minecraft:enchant_item":32,"minecraft:interact_with_furnace":1248,"minecraft:traded_with_villager":358,"minecraft:sleep_in_bed":676,"minecraft:damage_dealt":2992819,"minecraft:use_cauldron":77,"minecraft:sneak_time":2028227,"minecraft:interact_with_lectern":69,"minecraft:interact_with_blast_furnace":131,"minecraft:total_world_time":48330866,"minecraft:interact_with_stonecutter":129,"minecraft:fly_one_cm":17116991,"minecraft:fall_one_cm":2619108,"minecraft:animals_bred":109,"minecraft:sprint_one_cm":32753205,"minecraft:drop":5769,"minecraft:walk_on_water_one_cm":1790959,"minecraft:interact_with_loom":3,"minecraft:open_enderchest":1315,"minecraft:player_kills":1,"minecraft:crouch_one_cm":7018357,"minecraft:mob_kills":368573,"minecraft:climb_one_cm":1380040,"minecraft:walk_one_cm":61130245,"minecraft:walk_under_water_one_cm":4742074,"minecraft:raid_trigger":42,"minecraft:pot_flower":8,"minecraft:interact_with_grindstone":7,"minecraft:minecart_one_cm":1067,"minecraft:pig_one_cm":22250},"minecraft:used":{"minecraft:moss_block":69,"minecraft:writable_book":40,"minecraft:jack_o_lantern":109,"minecraft:chiseled_deepslate":247,"minecraft:dispenser":210,"minecraft:poppy":10,"minecraft:black_carpet":2,"minecraft:stone":9039,"minecraft:quartz_stairs":94,"minecraft:red_nether_brick_stairs":96,"minecraft:warped_sign":2,"minecraft:soul_sand":342,"minecraft:weathered_copper":15,"minecraft:cocoa_beans":350,"minecraft:lily_of_the_valley":3,"minecraft:deepslate_brick_slab":35,"minecraft:magenta_candle":6,"minecraft:snowball":147,"minecraft:azure_bluet":4,"minecraft:weeping_vines":5,"minecraft:spruce_boat":31,"minecraft:polished_blackstone_slab":4,"minecraft:jungle_sapling":23,"minecraft:packed_ice":890,"minecraft:lava_bucket":421,"minecraft:stripped_dark_oak_wood":828,"minecraft:red_wool":1809,"minecraft:deepslate_copper_ore":1,"minecraft:quartz_block":152,"minecraft:dark_oak_slab":48,"minecraft:bow":1365,"minecraft:cooked_cod":41,"minecraft:oak_sapling":220,"minecraft:green_stained_glass_pane":2,"minecraft:mossy_stone_bricks":82,"minecraft:blackstone":307,"minecraft:cactus":154,"minecraft:wooden_pickaxe":8,"minecraft:mossy_stone_brick_stairs":10,"minecraft:composter":181,"minecraft:jungle_boat":2,"minecraft:glow_berries":52,"minecraft:blast_furnace":8,"minecraft:cyan_dye":4,"minecraft:gray_concrete":1812,"minecraft:deepslate_brick_stairs":8,"minecraft:gray_stained_glass_pane":22,"minecraft:deepslate_iron_ore":14,"minecraft:oak_pressure_plate":6,"minecraft:nether_wart_block":4,"minecraft:diamond_sword":66928,"minecraft:coal_block":28,"minecraft:birch_log":2,"minecraft:oak_boat":36,"minecraft:diorite_slab":1,"minecraft:purple_wool":18,"minecraft:oak_trapdoor":29,"minecraft:enchanting_table":2,"minecraft:carved_pumpkin":109,"minecraft:armor_stand":10,"minecraft:light_gray_carpet":266,"minecraft:tinted_glass":1369,"minecraft:polished_blackstone_wall":16,"minecraft:cooked_salmon":22,"minecraft:torch":6221,"minecraft:orange_stained_glass":27,"minecraft:brewing_stand":6,"minecraft:light_blue_dye":1,"minecraft:nether_quartz_ore":519,"minecraft:oak_fence_gate":9,"minecraft:fern":2,"minecraft:orange_candle":2,"minecraft:mossy_cobblestone_stairs":29,"minecraft:sea_lantern":18,"minecraft:chipped_anvil":1,"minecraft:iron_block":4677,"minecraft:polished_deepslate_wall":91,"minecraft:jungle_log":40,"minecraft:barrel":162,"minecraft:bamboo":45,"minecraft:lime_concrete":14,"minecraft:basalt":4778,"minecraft:warped_stairs":10,"minecraft:calcite":395,"minecraft:deepslate_emerald_ore":4,"minecraft:wheat_seeds":608,"minecraft:warped_stem":7,"minecraft:light_blue_shulker_box":16,"minecraft:lead":6,"minecraft:blue_concrete_powder":256,"minecraft:cauldron":695,"minecraft:glow_ink_sac":47,"minecraft:spruce_fence_gate":563,"minecraft:gold_ore":9,"minecraft:deepslate_bricks":99,"minecraft:polished_deepslate_slab":5150,"minecraft:diamond_block":1,"minecraft:rail":535,"minecraft:red_bed":60,"minecraft:white_bed":97,"minecraft:campfire":33,"minecraft:spruce_log":455,"minecraft:amethyst_cluster":12,"minecraft:light_blue_candle":5,"minecraft:yellow_dye":2,"minecraft:diamond_pickaxe":316152,"minecraft:warped_trapdoor":8,"minecraft:diamond_shovel":93256,"minecraft:oak_button":4,"minecraft:spruce_pressure_plate":6,"minecraft:spruce_trapdoor":861,"minecraft:spruce_sapling":623,"minecraft:blue_carpet":1,"minecraft:potion":1,"minecraft:cooked_porkchop":984,"minecraft:andesite_stairs":39,"minecraft:dandelion":3,"minecraft:green_stained_glass":57,"minecraft:moss_carpet":67,"minecraft:polished_deepslate":1667,"minecraft:light_gray_stained_glass_pane":88,"minecraft:bone_block":267,"minecraft:polished_basalt":382,"minecraft:nether_wart":440,"minecraft:mossy_stone_brick_slab":149,"minecraft:grass":4,"minecraft:spruce_leaves":236,"minecraft:beehive":7,"minecraft:obsidian":357,"minecraft:bricks":70,"minecraft:spruce_wood":432,"minecraft:lantern":133,"minecraft:warped_nylium":1,"minecraft:mossy_cobblestone_slab":7,"minecraft:item_frame":557,"minecraft:deepslate_diamond_ore":3,"minecraft:birch_trapdoor":2,"minecraft:written_book":145,"minecraft:blue_shulker_box":2,"minecraft:dark_oak_sapling":145,"minecraft:end_rod":42,"minecraft:dropper":309,"minecraft:gray_carpet":420,"minecraft:stone_pickaxe":136,"minecraft:oak_planks":293,"minecraft:polished_diorite_slab":3,"minecraft:sandstone":58,"minecraft:sugar_cane":74,"minecraft:diamond_axe":24843,"minecraft:white_wool":1982,"minecraft:light_blue_wool":11,"minecraft:deepslate_lapis_ore":1,"minecraft:end_stone":16,"minecraft:sticky_piston":160,"minecraft:lever":101,"minecraft:daylight_detector":2,"minecraft:dark_oak_log":170,"minecraft:bread":13,"minecraft:brown_wool":248,"minecraft:warped_slab":49,"minecraft:iron_door":6,"minecraft:deepslate":1122,"minecraft:blue_candle":6,"minecraft:light_blue_concrete_powder":512,"minecraft:chain":284,"minecraft:smooth_stone_slab":1711,"minecraft:coarse_dirt":26,"minecraft:bone_meal":1783,"minecraft:rose_bush":1,"minecraft:granite_stairs":45,"minecraft:flint_and_steel":173,"minecraft:dried_kelp":27,"minecraft:redstone":1878,"minecraft:ender_chest":209,"minecraft:brown_shulker_box":3,"minecraft:deepslate_gold_ore":6,"minecraft:cooked_chicken":6,"minecraft:dirt":25617,"minecraft:red_nether_brick_slab":10,"minecraft:bee_nest":3,"minecraft:spruce_fence":401,"minecraft:warped_pressure_plate":1,"minecraft:iron_hoe":495,"minecraft:wooden_axe":17,"minecraft:brown_terracotta":208,"minecraft:oak_stairs":13,"minecraft:smooth_sandstone":13,"minecraft:soul_soil":12,"minecraft:dark_oak_pressure_plate":2,"minecraft:deepslate_tile_stairs":9,"minecraft:minecart":19,"minecraft:cooked_beef":82,"minecraft:powder_snow_bucket":67,"minecraft:turtle_egg":3,"minecraft:pumpkin":339,"minecraft:cobbled_deepslate_wall":127,"minecraft:cobblestone_stairs":100,"minecraft:snow_block":294,"minecraft:baked_potato":177,"minecraft:red_nether_bricks":260,"minecraft:birch_boat":5,"minecraft:spruce_sign":252,"minecraft:piston":213,"minecraft:wooden_hoe":10,"minecraft:flower_pot":10,"minecraft:black_wool":1,"minecraft:lapis_ore":3,"minecraft:stone_slab":590,"minecraft:yellow_wool":2,"minecraft:stone_axe":48,"minecraft:cobbled_deepslate_slab":2305,"minecraft:stripped_crimson_hyphae":15,"minecraft:pink_shulker_box":9,"minecraft:sea_pickle":2,"minecraft:gray_wool":331,"minecraft:polished_blackstone":12,"minecraft:spruce_slab":560,"minecraft:ladder":206,"minecraft:chest":789,"minecraft:brown_concrete":158,"minecraft:white_shulker_box":116,"minecraft:pink_candle":3,"minecraft:yellow_candle":7,"minecraft:stripped_spruce_log":160,"minecraft:honey_block":33,"minecraft:honeycomb":147,"minecraft:grass_block":471,"minecraft:birch_sapling":35,"minecraft:polished_andesite_stairs":2,"minecraft:copper_ore":327,"minecraft:dark_oak_button":14,"minecraft:blue_banner":26,"minecraft:stone_brick_stairs":54,"minecraft:snow":25,"minecraft:red_stained_glass_pane":60,"minecraft:dark_oak_boat":8,"minecraft:sweet_berries":36,"minecraft:furnace":47,"minecraft:egg":7,"minecraft:potato":217,"minecraft:brown_concrete_powder":672,"minecraft:diorite":64,"minecraft:spruce_door":16,"minecraft:cut_copper_slab":144,"minecraft:red_stained_glass":14,"minecraft:powered_rail":370,"minecraft:blackstone_stairs":13,"minecraft:purpur_pillar":33,"minecraft:oak_leaves":129,"minecraft:dark_oak_trapdoor":99,"minecraft:blue_dye":1,"minecraft:sand":262,"minecraft:blue_ice":24,"minecraft:oxidized_cut_copper_slab":9,"minecraft:black_concrete_powder":1568,"minecraft:pumpkin_seeds":95,"minecraft:lightning_rod":35,"minecraft:deepslate_tiles":43,"minecraft:crying_obsidian":317,"minecraft:stone_button":789,"minecraft:spore_blossom":4,"minecraft:lectern":4,"minecraft:red_terracotta":158,"minecraft:polished_granite":65,"minecraft:diamond_ore":2,"minecraft:lilac":1,"minecraft:polished_andesite_slab":121,"minecraft:soul_lantern":11,"minecraft:green_candle":2,"minecraft:wooden_sword":25,"minecraft:dark_oak_fence":51,"minecraft:white_stained_glass":19,"minecraft:ice":208,"minecraft:gray_stained_glass":1,"minecraft:iron_bars":478,"minecraft:stone_sword":39,"minecraft:red_concrete":504,"minecraft:netherrack":238,"minecraft:anvil":19,"minecraft:target":1,"minecraft:crimson_hyphae":15,"minecraft:stone_stairs":80,"minecraft:polished_granite_slab":9,"minecraft:glow_lichen":888,"minecraft:blue_concrete":105,"minecraft:shroomlight":13,"minecraft:red_shulker_box":140,"minecraft:flowering_azalea":285,"minecraft:rooted_dirt":253,"minecraft:iron_axe":1164,"minecraft:spruce_button":5,"minecraft:slime_block":37,"minecraft:warped_fence":22,"minecraft:smooth_quartz":118,"minecraft:lime_dye":1,"minecraft:melon_seeds":7,"minecraft:smooth_basalt":110,"minecraft:tripwire_hook":9,"minecraft:glowstone":222,"minecraft:iron_trapdoor":89,"minecraft:oxidized_copper":72,"minecraft:cobbled_deepslate":220,"minecraft:orange_terracotta":1,"minecraft:observer":463,"minecraft:pointed_dripstone":237,"minecraft:water_bucket":1025,"minecraft:smooth_sandstone_slab":8,"minecraft:cracked_stone_bricks":156,"minecraft:mossy_cobblestone":33,"minecraft:comparator":364,"minecraft:vine":79,"minecraft:tnt":302,"minecraft:oak_slab":330,"minecraft:crafting_table":101,"minecraft:birch_sign":6,"minecraft:dark_oak_fence_gate":27,"minecraft:lime_shulker_box":8,"minecraft:cake":1,"minecraft:oak_log":325,"minecraft:cornflower":6,"minecraft:oxeye_daisy":5,"minecraft:iron_pickaxe":5517,"minecraft:purpur_slab":4,"minecraft:crimson_nylium":11,"minecraft:cobblestone":2365,"minecraft:red_concrete_powder":1659,"minecraft:sandstone_slab":2,"minecraft:glass_pane":4,"minecraft:black_candle":4,"minecraft:kelp":719,"minecraft:candle":43,"minecraft:light_blue_stained_glass_pane":4,"minecraft:purple_candle":2,"minecraft:iron_shovel":1280,"minecraft:diamond_hoe":585,"minecraft:oak_sign":27,"minecraft:white_concrete_powder":12982,"minecraft:shield":72,"minecraft:iron_sword":998,"minecraft:bell":1,"minecraft:player_head":14,"minecraft:carrot":935,"minecraft:deepslate_tile_slab":380,"minecraft:tuff":15,"minecraft:axolotl_bucket":1,"minecraft:milk_bucket":9,"minecraft:polished_deepslate_stairs":306,"minecraft:glass":5586,"minecraft:coal_ore":480,"minecraft:quartz_slab":215,"minecraft:dark_oak_wood":631,"minecraft:gray_concrete_powder":2563,"minecraft:hopper_minecart":5,"minecraft:stone_bricks":471,"minecraft:repeater":698,"minecraft:red_carpet":41,"minecraft:redstone_lamp":21,"minecraft:honeycomb_block":25,"minecraft:magma_block":389,"minecraft:brown_carpet":52,"minecraft:warped_fungus":14,"minecraft:scaffolding":4754,"minecraft:polished_diorite_stairs":1,"minecraft:stripped_spruce_wood":527,"minecraft:dark_oak_stairs":395,"minecraft:dark_oak_sign":450,"minecraft:ender_pearl":56,"minecraft:redstone_block":113,"minecraft:yellow_terracotta":16,"minecraft:loom":5,"minecraft:black_banner":18,"minecraft:light_gray_terracotta":3073,"minecraft:deepslate_redstone_ore":8,"minecraft:note_block":2,"minecraft:dripstone_block":3705,"minecraft:stone_brick_wall":119,"minecraft:cobbled_deepslate_stairs":400,"minecraft:shears":2969,"minecraft:exposed_copper":21,"minecraft:redstone_torch":659,"minecraft:black_concrete":40,"minecraft:gray_shulker_box":1,"minecraft:firework_rocket":9999,"minecraft:string":40,"minecraft:heavy_weighted_pressure_plate":2,"minecraft:light_gray_concrete":19,"minecraft:gravel":279,"minecraft:blackstone_slab":400,"minecraft:granite_slab":64,"minecraft:grindstone":4,"minecraft:deepslate_coal_ore":44,"minecraft:andesite":1597,"minecraft:oak_fence":195,"minecraft:purpur_block":10,"minecraft:azalea":26,"minecraft:white_concrete":1528,"minecraft:experience_bottle":34,"minecraft:cobweb":68,"minecraft:golden_pickaxe":40,"minecraft:redstone_ore":29,"minecraft:stone_shovel":14,"minecraft:spruce_planks":264,"minecraft:cut_copper_stairs":33,"minecraft:oak_door":8,"minecraft:spyglass":94,"minecraft:white_carpet":196,"minecraft:hopper":1199,"minecraft:spruce_stairs":376,"minecraft:cobblestone_wall":1009,"minecraft:warped_door":3,"minecraft:shulker_box":780,"minecraft:oak_wood":43,"minecraft:granite":2224,"minecraft:raw_iron_block":49,"minecraft:light_blue_stained_glass":136,"minecraft:andesite_wall":158,"minecraft:dark_oak_planks":135,"minecraft:stone_brick_slab":159,"minecraft:bookshelf":29,"minecraft:red_candle":14,"minecraft:light_gray_wool":405,"minecraft:golden_carrot":653,"minecraft:white_stained_glass_pane":310,"minecraft:granite_wall":83,"minecraft:stone_pressure_plate":151,"minecraft:red_dye":3,"minecraft:brown_candle":3,"minecraft:cooked_mutton":21,"minecraft:acacia_boat":1,"minecraft:iron_ore":231,"minecraft:amethyst_block":95,"minecraft:glass_bottle":102,"minecraft:polished_andesite":652,"minecraft:andesite_slab":84,"minecraft:copper_block":684,"minecraft:black_shulker_box":22,"minecraft:stonecutter":8,"minecraft:white_dye":58,"minecraft:beacon":17,"minecraft:cobblestone_slab":69,"minecraft:glow_item_frame":27,"minecraft:terracotta":2,"minecraft:lime_bed":7,"minecraft:light_gray_concrete_powder":72,"minecraft:painting":12,"minecraft:dark_oak_door":5,"minecraft:purple_dye":1,"minecraft:green_shulker_box":1,"minecraft:white_banner":65,"minecraft:red_banner":89,"minecraft:bucket":1696,"minecraft:smooth_stone":655,"minecraft:splash_potion":52,"minecraft:soul_torch":2,"minecraft:lime_candle":5},"minecraft:mined":{"minecraft:red_nether_brick_slab":4,"minecraft:cut_sandstone_slab":3,"minecraft:blackstone_stairs":2,"minecraft:red_shulker_box":141,"minecraft:white_bed":84,"minecraft:red_nether_bricks":66,"minecraft:granite":13453,"minecraft:brown_wool":15,"minecraft:oak_pressure_plate":3,"minecraft:oak_wall_sign":12,"minecraft:nether_wart":434,"minecraft:magma_block":839,"minecraft:mossy_cobblestone_stairs":8,"minecraft:dark_oak_trapdoor":39,"minecraft:cobbled_deepslate":76,"minecraft:fire":82,"minecraft:barrel":38,"minecraft:granite_slab":11,"minecraft:deepslate_lapis_ore":19,"minecraft:twisting_vines":4,"minecraft:spruce_pressure_plate":2,"minecraft:light_gray_concrete":27,"minecraft:white_shulker_box":114,"minecraft:player_head":2,"minecraft:tripwire":7,"minecraft:blue_wall_banner":8,"minecraft:blue_concrete_powder":1,"minecraft:kelp_plant":228,"minecraft:crimson_nylium":27,"minecraft:deepslate_tile_slab":115,"minecraft:powder_snow":4,"minecraft:torch":646,"minecraft:dark_oak_wood":10,"minecraft:oxidized_copper":530,"minecraft:melon":20,"minecraft:white_stained_glass_pane":35,"minecraft:dead_bush":16,"minecraft:spruce_wall_sign":32,"minecraft:lime_shulker_box":13,"minecraft:sugar_cane":146,"minecraft:bricks":10,"minecraft:amethyst_block":193,"minecraft:birch_sapling":1,"minecraft:white_terracotta":2014,"minecraft:chain":139,"minecraft:repeater":150,"minecraft:tinted_glass":286,"minecraft:grass":1821,"minecraft:dark_oak_sapling":6,"minecraft:smooth_quartz":22,"minecraft:smooth_basalt":251,"minecraft:deepslate":7290,"minecraft:attached_pumpkin_stem":13,"minecraft:deepslate_tiles":6,"minecraft:brown_concrete":186,"minecraft:light_blue_wool":180,"minecraft:mossy_cobblestone":54,"minecraft:dark_oak_log":2723,"minecraft:sea_lantern":3,"minecraft:end_stone":32,"minecraft:dark_oak_fence":2,"minecraft:spruce_fence":58,"minecraft:redstone_wire":522,"minecraft:white_concrete_powder":414,"minecraft:redstone_ore":438,"minecraft:andesite":14505,"minecraft:cobblestone_slab":22,"minecraft:vine":717,"minecraft:rail":444,"minecraft:potted_spruce_sapling":1,"minecraft:bone_block":176,"minecraft:ender_chest":206,"minecraft:oak_slab":43,"minecraft:redstone_block":98,"minecraft:soul_sand":583,"minecraft:lily_of_the_valley":1,"minecraft:dandelion":208,"minecraft:cornflower":60,"minecraft:warped_roots":74,"minecraft:campfire":3,"minecraft:copper_ore":1238,"minecraft:tall_grass":584,"minecraft:lightning_rod":15,"minecraft:purpur_pillar":23,"minecraft:deepslate_gold_ore":36,"minecraft:diorite":12601,"minecraft:warped_wart_block":5,"minecraft:purple_wool":13,"minecraft:red_terracotta":95,"minecraft:cut_copper_slab":8,"minecraft:coarse_dirt":7,"minecraft:stripped_spruce_wood":564,"minecraft:cobblestone_wall":795,"minecraft:dark_oak_wall_sign":64,"minecraft:sunflower":27,"minecraft:gravel":3702,"minecraft:cobweb":128,"minecraft:brown_terracotta":3456,"minecraft:polished_blackstone":1,"minecraft:stone_bricks":269,"minecraft:gold_ore":122,"minecraft:chipped_anvil":2,"minecraft:iron_trapdoor":8,"minecraft:fern":40,"minecraft:stone_pressure_plate":82,"minecraft:oak_sapling":4,"minecraft:farmland":56,"minecraft:mossy_stone_brick_slab":34,"minecraft:andesite_stairs":11,"minecraft:orange_stained_glass":1,"minecraft:brewing_stand":3,"minecraft:spruce_trapdoor":256,"minecraft:budding_amethyst":1,"minecraft:white_concrete":687,"minecraft:composter":35,"minecraft:mossy_cobblestone_slab":2,"minecraft:turtle_egg":10,"minecraft:green_stained_glass":18,"minecraft:pointed_dripstone":31,"minecraft:flowering_azalea_leaves":18,"minecraft:iron_bars":106,"minecraft:potted_cornflower":1,"minecraft:azalea":27,"minecraft:granite_stairs":8,"minecraft:spruce_slab":195,"minecraft:deepslate_redstone_ore":182,"minecraft:brown_shulker_box":3,"minecraft:quartz_block":7,"minecraft:polished_blackstone_wall":4,"minecraft:exposed_copper":26,"minecraft:orange_terracotta":2,"minecraft:light_gray_terracotta":5658,"minecraft:beacon":12,"minecraft:nether_quartz_ore":1128,"minecraft:oak_planks":5822,"minecraft:wall_torch":200,"minecraft:cauldron":15,"minecraft:stone_stairs":49,"minecraft:warped_nylium":1,"minecraft:powered_rail":136,"minecraft:dark_oak_slab":5,"minecraft:blue_ice":12,"minecraft:tnt":7,"minecraft:smooth_stone_slab":495,"minecraft:oak_log":1275,"minecraft:dirt":30902,"minecraft:dispenser":14,"minecraft:ancient_debris":2,"minecraft:crying_obsidian":9,"minecraft:quartz_stairs":19,"minecraft:dark_oak_leaves":180,"minecraft:red_stained_glass":4,"minecraft:glow_lichen":33,"minecraft:lever":22,"minecraft:ladder":22,"minecraft:stone_button":34,"minecraft:weathered_copper":31,"minecraft:birch_slab":9,"minecraft:spruce_leaves":1196,"minecraft:crimson_stem":7,"minecraft:nether_sprouts":16,"minecraft:polished_basalt":189,"minecraft:peony":2,"minecraft:nether_brick_fence":1,"minecraft:bookshelf":116,"minecraft:deepslate_iron_ore":135,"minecraft:shroomlight":43,"minecraft:stripped_oak_log":623,"minecraft:scaffolding":2243,"minecraft:magenta_stained_glass":439,"minecraft:snow_block":39,"minecraft:stripped_dark_oak_log":165,"minecraft:basalt":6832,"minecraft:warped_fence":4,"minecraft:polished_granite":9,"minecraft:oak_fence":93,"minecraft:honey_block":3,"minecraft:gray_stained_glass":1,"minecraft:stone_slab":170,"minecraft:deepslate_coal_ore":266,"minecraft:red_concrete":1287,"minecraft:birch_planks":2,"minecraft:sea_pickle":2,"minecraft:black_wall_banner":5,"minecraft:ice":2119,"minecraft:bee_nest":3,"minecraft:black_wool":4,"minecraft:cocoa":320,"minecraft:flower_pot":2,"minecraft:yellow_concrete":18,"minecraft:cracked_stone_bricks":55,"minecraft:mossy_stone_bricks":17,"minecraft:dark_oak_planks":73,"minecraft:jungle_leaves":832,"minecraft:obsidian":222,"minecraft:carved_pumpkin":342,"minecraft:stone_brick_wall":13,"minecraft:jungle_log":189,"minecraft:pink_stained_glass":355,"minecraft:coal_block":1,"minecraft:deepslate_bricks":15,"minecraft:purpur_slab":3,"minecraft:deepslate_tile_stairs":1,"minecraft:hopper":323,"minecraft:crimson_fungus":3,"minecraft:oxeye_daisy":58,"minecraft:light_blue_stained_glass":8,"minecraft:weeping_vines_plant":5,"minecraft:tall_seagrass":50,"minecraft:sticky_piston":52,"minecraft:moss_carpet":67,"minecraft:pumpkin":373,"minecraft:stripped_dark_oak_wood":799,"minecraft:enchanting_table":1,"minecraft:oak_sign":2,"minecraft:cave_vines":34,"minecraft:polished_deepslate_slab":872,"minecraft:dirt_path":118,"minecraft:small_amethyst_bud":2,"minecraft:oak_stairs":10,"minecraft:quartz_slab":15,"minecraft:blue_orchid":1,"minecraft:iron_block":1840,"minecraft:piston_head":6,"minecraft:brown_mushroom":3,"minecraft:red_bed":21,"minecraft:amethyst_cluster":301,"minecraft:blast_furnace":4,"minecraft:polished_andesite_stairs":5,"minecraft:glass":1299,"minecraft:smooth_sandstone_slab":3,"minecraft:spruce_sign":2,"minecraft:black_concrete_powder":2,"minecraft:wheat":564,"minecraft:lilac":2,"minecraft:pumpkin_stem":42,"minecraft:lime_concrete":14,"minecraft:warped_fungus":32,"minecraft:stone_brick_stairs":19,"minecraft:potted_poppy":2,"minecraft:copper_block":58,"minecraft:oak_fence_gate":1,"minecraft:loom":4,"minecraft:blue_shulker_box":1,"minecraft:stonecutter":6,"minecraft:piston":83,"minecraft:infested_deepslate":5,"minecraft:yellow_terracotta":8,"minecraft:light_blue_stained_glass_pane":4,"minecraft:pink_shulker_box":9,"minecraft:light_gray_stained_glass_pane":26,"minecraft:stripped_birch_log":166,"minecraft:jack_o_lantern":40,"minecraft:warped_door":2,"minecraft:shulker_box":765,"minecraft:cobbled_deepslate_slab":383,"minecraft:allium":27,"minecraft:jungle_planks":15,"minecraft:crimson_roots":2,"minecraft:moss_block":152,"minecraft:kelp":243,"minecraft:pink_wool":535,"minecraft:jungle_sapling":3,"minecraft:snow":1202,"minecraft:diamond_block":2,"minecraft:potatoes":179,"minecraft:warped_stem":111,"minecraft:green_candle":1,"minecraft:bamboo_sapling":2,"minecraft:bamboo":107,"minecraft:warped_trapdoor":4,"minecraft:white_wool":431,"minecraft:cake":1,"minecraft:light_gray_carpet":30,"minecraft:gray_concrete":457,"minecraft:comparator":101,"minecraft:brown_carpet":4,"minecraft:stone_brick_slab":14,"minecraft:observer":84,"minecraft:smooth_sandstone":30,"minecraft:cobbled_deepslate_wall":16,"minecraft:light_gray_concrete_powder":1,"minecraft:spruce_button":4,"minecraft:emerald_ore":13,"minecraft:dropper":38,"minecraft:white_carpet":66,"minecraft:spruce_log":3280,"minecraft:birch_leaves":175,"minecraft:magenta_candle":2,"minecraft:red_wall_banner":8,"minecraft:dark_oak_sign":4,"minecraft:dripstone_block":812,"minecraft:spruce_fence_gate":271,"minecraft:deepslate_emerald_ore":16,"minecraft:infested_stone":6,"minecraft:black_shulker_box":21,"minecraft:waxed_cut_copper_slab":121,"minecraft:large_amethyst_bud":1,"minecraft:spruce_planks":1264,"minecraft:cobbled_deepslate_stairs":56,"minecraft:cobblestone_stairs":13,"minecraft:cave_vines_plant":9,"minecraft:stripped_crimson_hyphae":15,"minecraft:grass_block":27153,"minecraft:blue_concrete":1,"minecraft:soul_soil":478,"minecraft:smooth_stone":298,"minecraft:glowstone":19,"minecraft:red_nether_brick_stairs":16,"minecraft:iron_ore":2239,"minecraft:anvil":1,"minecraft:azure_bluet":65,"minecraft:dark_oak_stairs":30,"minecraft:birch_wall_sign":4,"minecraft:azalea_leaves":41,"minecraft:end_stone_bricks":10,"minecraft:blackstone":480,"minecraft:twisting_vines_plant":12,"minecraft:polished_deepslate_stairs":92,"minecraft:melon_stem":7,"minecraft:soul_lantern":4,"minecraft:clay":57,"minecraft:calcite":1111,"minecraft:poppy":300,"minecraft:chest":330,"minecraft:honeycomb_block":2,"minecraft:cobblestone":1066,"minecraft:slime_block":7,"minecraft:grindstone":2,"minecraft:iron_door":5,"minecraft:deepslate_copper_ore":27,"minecraft:seagrass":35,"minecraft:red_candle":2,"minecraft:nether_wart_block":24,"minecraft:birch_log":105,"minecraft:dark_oak_door":1,"minecraft:yellow_wool":170,"minecraft:stripped_oak_wood":6,"minecraft:light_gray_wool":4,"minecraft:purpur_block":27,"minecraft:sand":30215,"minecraft:tripwire_hook":4,"minecraft:netherrack":1753,"minecraft:polished_deepslate_wall":2,"minecraft:oak_leaves":873,"minecraft:redstone_lamp":4,"minecraft:granite_wall":4,"minecraft:diamond_ore":44,"minecraft:nether_gold_ore":67,"minecraft:red_carpet":24,"minecraft:tuff":152,"minecraft:deepslate_diamond_ore":24,"minecraft:candle":9,"minecraft:oak_door":1,"minecraft:gray_shulker_box":1,"minecraft:gray_stained_glass_pane":4,"minecraft:dark_oak_pressure_plate":2,"minecraft:black_banner":3,"minecraft:weeping_vines":4,"minecraft:white_stained_glass":14,"minecraft:polished_andesite_slab":7,"minecraft:sandstone":207,"minecraft:rooted_dirt":268,"minecraft:large_fern":86,"minecraft:spore_blossom":3,"minecraft:deepslate_brick_slab":14,"minecraft:oak_trapdoor":12,"minecraft:spruce_sapling":20,"minecraft:furnace":32,"minecraft:carrots":735,"minecraft:red_concrete_powder":11,"minecraft:acacia_stairs":1,"minecraft:dark_oak_fence_gate":7,"minecraft:stripped_spruce_log":967,"minecraft:black_concrete":1567,"minecraft:chiseled_deepslate":102,"minecraft:polished_deepslate":344,"minecraft:lantern":21,"minecraft:stripped_jungle_log":2,"minecraft:packed_ice":160,"minecraft:stone":216061,"minecraft:redstone_wall_torch":40,"minecraft:light_blue_shulker_box":16,"minecraft:flowering_azalea":10,"minecraft:red_wool":368,"minecraft:cut_copper_stairs":4,"minecraft:infested_stone_bricks":1,"minecraft:soul_torch":2,"minecraft:spruce_door":4,"minecraft:red_banner":1,"minecraft:crafting_table":64,"minecraft:blackstone_slab":53,"minecraft:oak_wood":15,"minecraft:rose_bush":5,"minecraft:andesite_slab":9,"minecraft:lectern":3,"minecraft:andesite_wall":11,"minecraft:lapis_ore":72,"minecraft:lily_pad":34,"minecraft:spruce_stairs":142,"minecraft:gray_wool":1,"minecraft:cactus":145,"minecraft:lime_bed":7,"minecraft:gray_concrete_powder":2,"minecraft:green_shulker_box":1,"minecraft:beehive":2,"minecraft:redstone_torch":34,"minecraft:magenta_terracotta":248,"minecraft:sweet_berry_bush":5,"minecraft:coal_ore":5308,"minecraft:end_rod":43,"minecraft:gray_carpet":57,"minecraft:terracotta":54,"minecraft:polished_andesite":31,"minecraft:warped_slab":3},"minecraft:picked_up":{"minecraft:blue_candle":100,"minecraft:lead":96,"minecraft:stone_slab":190,"minecraft:enchanted_book":2,"minecraft:blue_concrete":28,"minecraft:polished_deepslate":752,"minecraft:string":748,"minecraft:dark_oak_pressure_plate":4,"minecraft:shroomlight":47,"minecraft:diamond_leggings":29,"minecraft:warped_slab":3,"minecraft:hopper_minecart":1,"minecraft:diamond_ore":2,"minecraft:spruce_pressure_plate":2,"minecraft:purpur_pillar":24,"minecraft:cut_copper_stairs":4,"minecraft:lightning_rod":20,"minecraft:honeycomb_block":2,"minecraft:golden_chestplate":93,"minecraft:gray_shulker_box":1,"minecraft:warped_door":2,"minecraft:cauldron":18,"minecraft:brown_carpet":226,"minecraft:stone_sword":1,"minecraft:honey_bottle":7,"minecraft:polished_basalt":201,"minecraft:carved_pumpkin":964,"minecraft:glowstone":524,"minecraft:bookshelf":58,"minecraft:end_rod":69,"minecraft:white_terracotta":1972,"minecraft:blaze_rod":10,"minecraft:iron_bars":218,"minecraft:snowball":1737,"minecraft:cooked_beef":103,"minecraft:feather":162,"minecraft:water_bucket":49,"minecraft:brown_wool":526,"minecraft:dark_oak_boat":4,"minecraft:copper_block":311,"minecraft:flint":279,"minecraft:magenta_terracotta":233,"minecraft:lantern":96,"minecraft:gray_concrete_powder":3,"minecraft:stonecutter":8,"minecraft:dark_oak_sign":215,"minecraft:diamond_helmet":17,"minecraft:rabbit":1,"minecraft:honeycomb":690,"minecraft:magenta_candle":171,"minecraft:glow_lichen":52,"minecraft:stripped_spruce_log":437,"minecraft:acacia_stairs":3,"minecraft:iron_hoe":1,"minecraft:polished_andesite":29,"minecraft:deepslate":784,"minecraft:lever":121,"minecraft:granite":9129,"minecraft:spruce_button":4,"minecraft:golden_horse_armor":5,"minecraft:cyan_dye":1,"minecraft:blue_banner":8,"minecraft:rooted_dirt":10,"minecraft:deepslate_coal_ore":66,"minecraft:jack_o_lantern":40,"minecraft:light_gray_carpet":47,"minecraft:light_blue_candle":64,"minecraft:crimson_roots":2,"minecraft:diamond_pickaxe":38,"minecraft:bee_nest":5,"minecraft:clay_ball":372,"minecraft:leather_leggings":50,"minecraft:golden_pickaxe":3,"minecraft:redstone_lamp":4,"minecraft:purpur_block":33,"minecraft:yellow_candle":160,"minecraft:cornflower":64,"minecraft:pink_candle":131,"minecraft:elytra":41,"minecraft:flint_and_steel":11,"minecraft:white_carpet":98,"minecraft:white_stained_glass":14,"minecraft:iron_shovel":56,"minecraft:polished_blackstone_wall":4,"minecraft:jungle_sapling":30,"minecraft:poppy":374,"minecraft:spruce_slab":289,"minecraft:minecart":83,"minecraft:birch_sapling":81,"minecraft:piston":161,"minecraft:diamond_hoe":1,"minecraft:copper_ore":448,"minecraft:lime_shulker_box":13,"minecraft:stone":63581,"minecraft:fire_charge":2,"minecraft:white_dye":303,"minecraft:netherite_pickaxe":1,"minecraft:diamond_chestplate":15,"minecraft:purpur_slab":3,"minecraft:yellow_terracotta":8,"minecraft:totem_of_undying":6,"minecraft:mutton":42,"minecraft:rail":589,"minecraft:bone_block":338,"minecraft:oxeye_daisy":89,"minecraft:lime_bed":7,"minecraft:birch_leaves":2,"minecraft:clock":27,"minecraft:tripwire_hook":6,"minecraft:fern":2,"minecraft:yellow_dye":138,"minecraft:blackstone_slab":46,"minecraft:lily_pad":102,"minecraft:paper":1091,"minecraft:apple":63,"minecraft:warped_stem":245,"minecraft:spore_blossom":4,"minecraft:oak_fence_gate":1,"minecraft:stone_pickaxe":3,"minecraft:iron_ore":625,"minecraft:dark_oak_stairs":49,"minecraft:polished_andesite_stairs":9,"minecraft:smooth_basalt":462,"minecraft:milk_bucket":3,"minecraft:sweet_berries":74,"minecraft:red_wool":415,"minecraft:lime_concrete":14,"minecraft:weathered_copper":41,"minecraft:light_blue_stained_glass":9,"minecraft:crying_obsidian":185,"minecraft:leather_helmet":47,"minecraft:oak_wood":56,"minecraft:diamond_shovel":26,"minecraft:coal_ore":1856,"minecraft:slime_ball":33,"minecraft:deepslate_redstone_ore":30,"minecraft:painting":294,"minecraft:birch_sign":16,"minecraft:red_nether_brick_slab":4,"minecraft:baked_potato":386,"minecraft:hopper":355,"minecraft:light_blue_concrete":16,"minecraft:ender_chest":215,"minecraft:nether_brick_fence":1,"minecraft:yellow_wool":154,"minecraft:stone_brick_stairs":27,"minecraft:waxed_cut_copper_slab":183,"minecraft:deepslate_lapis_ore":1,"minecraft:red_candle":266,"minecraft:red_sand":1,"minecraft:smooth_stone":425,"minecraft:comparator":195,"minecraft:bucket":16,"minecraft:red_dye":254,"minecraft:rose_bush":69,"minecraft:cobblestone_slab":68,"minecraft:iron_pickaxe":18,"minecraft:ender_eye":1,"minecraft:azalea":84,"minecraft:smooth_quartz":22,"minecraft:deepslate_iron_ore":23,"minecraft:tipped_arrow":2,"minecraft:polished_deepslate_stairs":131,"minecraft:spruce_stairs":204,"minecraft:diorite":8818,"minecraft:vine":1371,"minecraft:andesite_wall":11,"minecraft:rotten_flesh":26523,"minecraft:brown_shulker_box":4,"minecraft:deepslate_copper_ore":7,"minecraft:obsidian":227,"minecraft:cobblestone":57329,"minecraft:enchanting_table":1,"minecraft:leather_chestplate":69,"minecraft:lilac":72,"minecraft:repeater":240,"minecraft:andesite":11327,"minecraft:golden_leggings":92,"minecraft:beacon":12,"minecraft:potato":941,"minecraft:dirt":50818,"minecraft:stripped_birch_log":2,"minecraft:cut_sandstone_slab":15,"minecraft:name_tag":1,"minecraft:glass":2140,"minecraft:bone":1229,"minecraft:granite_wall":11,"minecraft:bow":43,"minecraft:wheat_seeds":1934,"minecraft:grindstone":2,"minecraft:mossy_stone_bricks":66,"minecraft:bamboo":1436,"minecraft:gray_stained_glass":21,"minecraft:light_blue_shulker_box":16,"minecraft:grass_block":11,"minecraft:diamond_block":2,"minecraft:mossy_cobblestone":52,"minecraft:light_gray_terracotta":5568,"minecraft:sugar":84,"minecraft:slime_block":92,"minecraft:soul_lantern":5,"minecraft:crossbow":12,"minecraft:bone_meal":3329,"minecraft:grass":42,"minecraft:spruce_sign":71,"minecraft:emerald":366,"minecraft:netherrack":1901,"minecraft:andesite_slab":9,"minecraft:oak_leaves":368,"minecraft:azure_bluet":65,"minecraft:splash_potion":9,"minecraft:ladder":194,"minecraft:brown_mushroom":4,"minecraft:packed_ice":167,"minecraft:pink_wool":391,"minecraft:stone_brick_wall":13,"minecraft:diorite_slab":5,"minecraft:chain":180,"minecraft:shield":13,"minecraft:brick":132,"minecraft:moss_carpet":87,"minecraft:orange_stained_glass":33,"minecraft:oak_trapdoor":12,"minecraft:blackstone":432,"minecraft:blue_orchid":1,"minecraft:end_stone":31,"minecraft:music_disc_11":1,"minecraft:light_gray_stained_glass_pane":58,"minecraft:brown_dye":119,"minecraft:stone_pressure_plate":87,"minecraft:blue_concrete_powder":1,"minecraft:weeping_vines":10,"minecraft:red_shulker_box":141,"minecraft:stripped_dark_oak_wood":864,"minecraft:black_banner":8,"minecraft:jungle_boat":2,"minecraft:basalt":1260,"minecraft:dark_oak_button":6,"minecraft:golden_carrot":1024,"minecraft:leather":292,"minecraft:ice":1955,"minecraft:granite_stairs":7,"minecraft:crimson_fungus":3,"minecraft:chainmail_chestplate":19,"minecraft:cobblestone_wall":805,"minecraft:cobbled_deepslate_stairs":56,"minecraft:gunpowder":6945,"minecraft:orange_terracotta":3,"minecraft:cooked_mutton":16,"minecraft:red_carpet":27,"minecraft:gray_carpet":74,"minecraft:deepslate_emerald_ore":4,"minecraft:rabbit_hide":1,"minecraft:iron_ingot":85607,"minecraft:cooked_chicken":33,"minecraft:polished_andesite_slab":21,"minecraft:nether_quartz_ore":719,"minecraft:warped_fungus":32,"minecraft:black_candle":36,"minecraft:stone_brick_slab":25,"minecraft:quartz":1578,"minecraft:dandelion":195,"minecraft:lava_bucket":4,"minecraft:amethyst_shard":2533,"minecraft:soul_torch":2,"minecraft:green_stained_glass":174,"minecraft:red_banner":9,"minecraft:spruce_door":22,"minecraft:light_blue_concrete_powder":8,"minecraft:pumpkin_seeds":1364,"minecraft:white_concrete_powder":486,"minecraft:chainmail_leggings":25,"minecraft:mossy_cobblestone_stairs":52,"minecraft:terracotta":42,"minecraft:dark_oak_wood":58,"minecraft:sunflower":16,"minecraft:wooden_axe":4,"minecraft:seagrass":76,"minecraft:iron_chestplate":24,"minecraft:chainmail_boots":21,"minecraft:flower_pot":28,"minecraft:anvil":2,"minecraft:diamond_sword":19,"minecraft:oak_stairs":8,"minecraft:wither_rose":1,"minecraft:brewing_stand":2,"minecraft:golden_sword":2,"minecraft:polished_deepslate_wall":46,"minecraft:amethyst_block":295,"minecraft:dark_oak_trapdoor":32,"minecraft:soul_soil":415,"minecraft:red_nether_bricks":75,"minecraft:cobbled_deepslate":7496,"minecraft:spruce_planks":842,"minecraft:written_book":1,"minecraft:coal_block":166,"minecraft:melon_slice":138,"minecraft:dark_oak_door":8,"minecraft:golden_helmet":58,"minecraft:beehive":2,"minecraft:composter":62,"minecraft:deepslate_tile_stairs":1,"minecraft:black_dye":36,"minecraft:gray_stained_glass_pane":18,"minecraft:light_blue_wool":179,"minecraft:tropical_fish":20,"minecraft:blue_dye":128,"minecraft:iron_block":5149,"minecraft:blackstone_stairs":2,"minecraft:birch_log":107,"minecraft:magma_block":1953,"minecraft:mossy_cobblestone_slab":2,"minecraft:polished_diorite_slab":4,"minecraft:oxidized_copper":563,"minecraft:iron_door":5,"minecraft:birch_slab":8,"minecraft:jungle_log":205,"minecraft:powder_snow_bucket":4,"minecraft:stripped_spruce_wood":589,"minecraft:netherite_leggings":1,"minecraft:gray_concrete":453,"minecraft:brown_candle":144,"minecraft:light_gray_concrete_powder":1,"minecraft:twisting_vines":21,"minecraft:chipped_anvil":9,"minecraft:glowstone_dust":51,"minecraft:moss_block":185,"minecraft:warped_wart_block":4,"minecraft:dropper":90,"minecraft:ink_sac":194,"minecraft:granite_slab":11,"minecraft:loom":4,"minecraft:dark_oak_log":3313,"minecraft:red_terracotta":95,"minecraft:barrel":76,"minecraft:white_candle":243,"minecraft:dispenser":29,"minecraft:black_concrete_powder":2,"minecraft:polished_granite_slab":2,"minecraft:writable_book":7,"minecraft:deepslate_gold_ore":14,"minecraft:blue_ice":12,"minecraft:chainmail_helmet":18,"minecraft:bread":6,"minecraft:dark_oak_fence":18,"minecraft:bricks":11,"minecraft:spruce_leaves":623,"minecraft:crafting_table":94,"minecraft:coarse_dirt":9,"minecraft:sandstone_slab":5,"minecraft:purple_wool":13,"minecraft:nether_wart":1949,"minecraft:red_bed":23,"minecraft:snow":822,"minecraft:cracked_stone_bricks":249,"minecraft:deepslate_diamond_ore":3,"minecraft:beef":107,"minecraft:iron_nugget":48,"minecraft:quartz_stairs":19,"minecraft:chest":355,"minecraft:egg":40,"minecraft:sandstone":441,"minecraft:polished_deepslate_slab":1126,"minecraft:oak_door":5,"minecraft:glow_item_frame":6,"minecraft:amethyst_cluster":25,"minecraft:spruce_fence":143,"minecraft:carrot":4672,"minecraft:redstone":4282,"minecraft:prismarine_crystals":32,"minecraft:tnt":183,"minecraft:cooked_cod":55,"minecraft:beetroot_seeds":65,"minecraft:peony":67,"minecraft:deepslate_bricks":16,"minecraft:shears":27,"minecraft:diamond_boots":29,"minecraft:gold_ingot":637,"minecraft:white_shulker_box":114,"minecraft:glow_berries":101,"minecraft:white_wool":546,"minecraft:lapis_ore":3,"minecraft:stripped_oak_log":457,"minecraft:red_mushroom":8,"minecraft:filled_map":2,"minecraft:brown_concrete":215,"minecraft:oak_log":1344,"minecraft:ancient_debris":2,"minecraft:golden_boots":76,"minecraft:white_banner":57,"minecraft:stone_bricks":254,"minecraft:kelp":2691,"minecraft:cobweb":222,"minecraft:glass_bottle":18,"minecraft:iron_sword":38,"minecraft:flowering_azalea":32,"minecraft:white_stained_glass_pane":34,"minecraft:dark_oak_slab":14,"minecraft:yellow_concrete":18,"minecraft:spyglass":4,"minecraft:gravel":3011,"minecraft:spruce_sapling":1291,"minecraft:spruce_log":4163,"minecraft:sea_lantern":20,"minecraft:firework_rocket":1412,"minecraft:red_stained_glass":4,"minecraft:polished_diorite":42,"minecraft:stone_axe":5,"minecraft:redstone_ore":41,"minecraft:diamond_axe":22,"minecraft:gray_wool":48,"minecraft:warped_roots":66,"minecraft:melon_seeds":8,"minecraft:warped_nylium":1,"minecraft:stripped_dark_oak_log":165,"minecraft:crimson_nylium":26,"minecraft:pink_dye":136,"minecraft:ender_pearl":1584,"minecraft:shulker_shell":76,"minecraft:chiseled_deepslate":115,"minecraft:music_disc_strad":1,"minecraft:wheat":1038,"minecraft:exposed_copper":28,"minecraft:redstone_block":361,"minecraft:iron_trapdoor":11,"minecraft:green_stained_glass_pane":2,"minecraft:turtle_egg":10,"minecraft:potion":25,"minecraft:raw_copper":3973,"minecraft:smooth_stone_slab":727,"minecraft:iron_leggings":16,"minecraft:armor_stand":4,"minecraft:sticky_piston":65,"minecraft:pink_shulker_box":9,"minecraft:oak_sign":24,"minecraft:sea_pickle":4,"minecraft:deepslate_tiles":6,"minecraft:black_shulker_box":21,"minecraft:redstone_torch":237,"minecraft:calcite":1504,"minecraft:iron_boots":21,"minecraft:furnace":38,"minecraft:stick":1879,"minecraft:brown_terracotta":3438,"minecraft:oak_fence":120,"minecraft:torch":5809,"minecraft:porkchop":74,"minecraft:snow_block":359,"minecraft:pointed_dripstone":35,"minecraft:quartz_block":8,"minecraft:nether_gold_ore":122,"minecraft:cactus":465,"minecraft:cod":6,"minecraft:magma_cream":71,"minecraft:magenta_dye":148,"minecraft:tuff":143,"minecraft:light_gray_dye":16,"minecraft:warped_trapdoor":4,"minecraft:acacia_boat":3,"minecraft:green_shulker_box":1,"minecraft:lapis_lazuli":1261,"minecraft:polished_granite":12,"minecraft:leather_boots":63,"minecraft:cobbled_deepslate_wall":16,"minecraft:green_candle":78,"minecraft:deepslate_brick_slab":14,"minecraft:raw_gold":349,"minecraft:cobbled_deepslate_slab":402,"minecraft:powered_rail":174,"minecraft:oak_planks":4467,"minecraft:ghast_tear":1,"minecraft:pink_stained_glass":48,"minecraft:cooked_porkchop":675,"minecraft:axolotl_bucket":2,"minecraft:oak_pressure_plate":5,"minecraft:poisonous_potato":3,"minecraft:polished_blackstone_slab":2,"minecraft:jungle_planks":14,"minecraft:sand":49384,"minecraft:dead_bush":1,"minecraft:lily_of_the_valley":10,"minecraft:oxidized_cut_copper_slab":7,"minecraft:shulker_box":797,"minecraft:light_gray_concrete":27,"minecraft:spruce_fence_gate":275,"minecraft:diamond":226,"minecraft:spruce_boat":30,"minecraft:black_concrete":1566,"minecraft:white_concrete":1270,"minecraft:oak_sapling":467,"minecraft:end_stone_bricks":7,"minecraft:cocoa_beans":1324,"minecraft:charcoal":12,"minecraft:allium":27,"minecraft:chicken":63,"minecraft:wooden_pickaxe":2,"minecraft:gold_block":64,"minecraft:diamond_horse_armor":5,"minecraft:stone_stairs":44,"minecraft:iron_axe":18,"minecraft:wooden_sword":2,"minecraft:item_frame":265,"minecraft:quartz_slab":17,"minecraft:warped_fence":10,"minecraft:candle":239,"minecraft:andesite_stairs":17,"minecraft:oak_boat":21,"minecraft:player_head":3217,"minecraft:observer":104,"minecraft:light_gray_wool":18,"minecraft:lectern":5,"minecraft:tinted_glass":864,"minecraft:blue_shulker_box":1,"minecraft:sugar_cane":583,"minecraft:spruce_trapdoor":817,"minecraft:phantom_membrane":8,"minecraft:dark_oak_sapling":255,"minecraft:stripped_crimson_hyphae":15,"minecraft:raw_iron":2598,"minecraft:copper_ingot":6579,"minecraft:stone_button":329,"minecraft:iron_horse_armor":6,"minecraft:dark_oak_planks":121,"minecraft:smooth_sandstone_slab":18,"minecraft:lime_candle":64,"minecraft:arrow":1874,"minecraft:light_blue_stained_glass_pane":4,"minecraft:saddle":5,"minecraft:glow_ink_sac":330,"minecraft:crimson_stem":135,"minecraft:salmon":3,"minecraft:birch_planks":7,"minecraft:nether_wart_block":20,"minecraft:cobblestone_stairs":124,"minecraft:deepslate_tile_slab":191,"minecraft:cut_copper_slab":33,"minecraft:smooth_sandstone":36,"minecraft:red_nether_brick_stairs":16,"minecraft:heart_of_the_sea":33,"minecraft:stripped_oak_wood":6,"minecraft:soul_sand":565,"minecraft:green_dye":56,"minecraft:book":267,"minecraft:oak_slab":47,"minecraft:scaffolding":5882,"minecraft:red_concrete_powder":96,"minecraft:birch_boat":8,"minecraft:pumpkin":432,"minecraft:dripstone_block":796,"minecraft:blast_furnace":4,"minecraft:white_bed":101,"minecraft:gold_ore":9,"minecraft:dark_oak_fence_gate":7,"minecraft:mossy_stone_brick_slab":44,"minecraft:spider_eye":238,"minecraft:stripped_jungle_log":2,"minecraft:light_gray_candle":16,"minecraft:campfire":6,"minecraft:honey_block":3,"minecraft:iron_helmet":19,"minecraft:black_wool":24,"minecraft:red_concrete":2602,"minecraft:coal":5915},"minecraft:crafted":{"minecraft:red_stained_glass_pane":96,"minecraft:black_dye":856,"minecraft:oxidized_cut_copper_slab":16,"minecraft:oak_sign":18,"minecraft:blaze_powder":22,"minecraft:birch_boat":1,"minecraft:chain":291,"minecraft:diamond_shovel":4,"minecraft:gray_wool":48,"minecraft:nether_brick":862,"minecraft:cracked_stone_bricks":126,"minecraft:shulker_box":34,"minecraft:diamond_helmet":2,"minecraft:light_blue_concrete_powder":504,"minecraft:stone_pressure_plate":175,"minecraft:iron_door":6,"minecraft:gray_stained_glass_pane":32,"minecraft:black_wool":13,"minecraft:gray_stained_glass":16,"minecraft:white_shulker_box":4,"minecraft:warped_stairs":16,"minecraft:redstone_lamp":25,"minecraft:polished_andesite_stairs":4,"minecraft:glow_item_frame":25,"minecraft:raw_gold_block":1,"minecraft:mossy_cobblestone":100,"minecraft:sticky_piston":79,"minecraft:red_nether_bricks":305,"minecraft:orange_candle":2,"minecraft:green_stained_glass":128,"minecraft:polished_deepslate_slab":3588,"minecraft:painting":267,"minecraft:stone_brick_stairs":53,"minecraft:lectern":2,"minecraft:wooden_hoe":1,"minecraft:stone_slab":950,"minecraft:iron_pickaxe":25,"minecraft:black_candle":69,"minecraft:sandstone":9,"minecraft:composter":195,"minecraft:lime_concrete":16,"minecraft:golden_carrot":7,"minecraft:iron_nugget":1710,"minecraft:spyglass":1,"minecraft:diamond_hoe":1,"minecraft:soul_torch":40,"minecraft:red_banner":99,"minecraft:jack_o_lantern":105,"minecraft:blue_shulker_box":1,"minecraft:spruce_fence":408,"minecraft:moss_carpet":6,"minecraft:stone_stairs":36,"minecraft:lantern":133,"minecraft:spruce_stairs":356,"minecraft:polished_diorite":24,"minecraft:black_concrete_powder":1680,"minecraft:red_shulker_box":1,"minecraft:stone_pickaxe":3,"minecraft:quartz_slab":72,"minecraft:spruce_boat":16,"minecraft:lead":20,"minecraft:cut_copper_slab":24,"minecraft:enchanting_table":1,"minecraft:dark_oak_button":20,"minecraft:red_carpet":69,"minecraft:orange_dye":6,"minecraft:oak_fence_gate":8,"minecraft:green_candle":81,"minecraft:soul_lantern":12,"minecraft:red_stained_glass":280,"minecraft:warped_sign":3,"minecraft:birch_trapdoor":2,"minecraft:writable_book":11,"minecraft:iron_shovel":6,"minecraft:armor_stand":13,"minecraft:note_block":8,"minecraft:grindstone":2,"minecraft:cobblestone_slab":76,"minecraft:barrel":127,"minecraft:polished_granite_slab":126,"minecraft:leather_horse_armor":5,"minecraft:cooked_chicken":6,"minecraft:lightning_rod":21,"minecraft:snow":30,"minecraft:stone":3803,"minecraft:white_candle":256,"minecraft:heavy_weighted_pressure_plate":2,"minecraft:warped_planks":140,"minecraft:brown_carpet":240,"minecraft:cake":1,"minecraft:stone_brick_slab":60,"minecraft:bow":197,"minecraft:purpur_pillar":10,"minecraft:comparator":254,"minecraft:polished_basalt":236,"minecraft:chest":1269,"minecraft:copper_block":5601,"minecraft:oak_button":6,"minecraft:yellow_terracotta":64,"minecraft:rail":1152,"minecraft:blue_concrete_powder":256,"minecraft:bricks":64,"minecraft:red_nether_brick_slab":6,"minecraft:ender_eye":12,"minecraft:oak_fence":123,"minecraft:stone_bricks":1006,"minecraft:polished_diorite_slab":4,"minecraft:granite_stairs":40,"minecraft:golden_boots":1,"minecraft:white_banner":71,"minecraft:dropper":287,"minecraft:cauldron":774,"minecraft:red_candle":278,"minecraft:brown_dye":305,"minecraft:iron_helmet":2,"minecraft:cracked_deepslate_bricks":64,"minecraft:red_wool":747,"minecraft:white_stained_glass_pane":288,"minecraft:warped_door":3,"minecraft:dispenser":194,"minecraft:tnt":3289,"minecraft:spruce_trapdoor":834,"minecraft:purple_dye":23,"minecraft:yellow_dye":186,"minecraft:stick":10659,"minecraft:iron_ingot":11834,"minecraft:andesite_stairs":44,"minecraft:light_blue_shulker_box":1,"minecraft:magenta_candle":169,"minecraft:deepslate_bricks":64,"minecraft:dark_oak_fence_gate":71,"minecraft:polished_diorite_stairs":1,"minecraft:deepslate_tile_slab":140,"minecraft:oak_door":3,"minecraft:stone_brick_wall":138,"minecraft:tripwire_hook":8,"minecraft:beehive":7,"minecraft:spruce_button":2,"minecraft:mossy_stone_bricks":236,"minecraft:furnace":38,"minecraft:blast_furnace":4,"minecraft:piston":222,"minecraft:polished_andesite_slab":132,"minecraft:raw_copper_block":77,"minecraft:oak_trapdoor":30,"minecraft:pink_candle":132,"minecraft:flint_and_steel":5,"minecraft:scaffolding":846,"minecraft:granite_wall":180,"minecraft:white_concrete_powder":14024,"minecraft:cobblestone_wall":1002,"minecraft:honey_block":69,"minecraft:blackstone_stairs":20,"minecraft:birch_sign":3,"minecraft:glistering_melon_slice":42,"minecraft:brown_candle":216,"minecraft:stripped_spruce_wood":6,"minecraft:iron_trapdoor":105,"minecraft:polished_blackstone_wall":18,"minecraft:iron_sword":2,"minecraft:black_banner":22,"minecraft:white_dye":2673,"minecraft:brown_concrete_powder":672,"minecraft:black_carpet":3,"minecraft:blue_wool":97,"minecraft:anvil":18,"minecraft:stonecutter":4,"minecraft:lime_candle":71,"minecraft:diorite_slab":6,"minecraft:torch":3040,"minecraft:granite_slab":54,"minecraft:diamond_chestplate":1,"minecraft:ender_chest":8,"minecraft:light_gray_concrete_powder":192,"minecraft:smooth_stone":1300,"minecraft:dark_oak_pressure_plate":2,"minecraft:orange_stained_glass":32,"minecraft:dark_oak_wood":621,"minecraft:oak_pressure_plate":3,"minecraft:birch_slab":18,"minecraft:loom":3,"minecraft:polished_blackstone_slab":6,"minecraft:lever":146,"minecraft:bookshelf":20,"minecraft:cooked_mutton":26,"minecraft:iron_bars":752,"minecraft:red_concrete_powder":1728,"minecraft:deepslate_brick_stairs":16,"minecraft:quartz_block":292,"minecraft:glass":4774,"minecraft:repeater":495,"minecraft:diamond_leggings":1,"minecraft:melon_seeds":7,"minecraft:polished_blackstone":36,"minecraft:stripped_dark_oak_wood":123,"minecraft:magenta_dye":169,"minecraft:flower_pot":10,"minecraft:purple_candle":3,"minecraft:glass_bottle":615,"minecraft:target":1,"minecraft:smooth_quartz":145,"minecraft:cooked_porkchop":36,"minecraft:diamond_axe":2,"minecraft:spruce_door":24,"minecraft:cobbled_deepslate_wall":48,"minecraft:copper_ingot":2833,"minecraft:hay_block":4,"minecraft:oak_wood":27,"minecraft:campfire":48,"minecraft:chiseled_deepslate":96,"minecraft:iron_block":20457,"minecraft:gold_ingot":551,"minecraft:light_gray_dye":79,"minecraft:spruce_fence_gate":320,"minecraft:packed_ice":168,"minecraft:stone_shovel":1,"minecraft:smooth_stone_slab":1036,"minecraft:polished_deepslate_stairs":96,"minecraft:tinted_glass":1044,"minecraft:cut_copper_stairs":32,"minecraft:mossy_cobblestone_stairs":24,"minecraft:red_terracotta":64,"minecraft:bone_meal":59650,"minecraft:andesite_wall":216,"minecraft:pink_dye":136,"minecraft:white_carpet":195,"minecraft:candle":2477,"minecraft:warped_trapdoor":6,"minecraft:diamond":306,"minecraft:dark_oak_fence":57,"minecraft:deepslate_brick_wall":6,"minecraft:ladder":228,"minecraft:spruce_slab":1600,"minecraft:blue_banner":21,"minecraft:diamond_boots":2,"minecraft:cobbled_deepslate_stairs":85,"minecraft:deepslate_tile_wall":6,"minecraft:redstone_block":262,"minecraft:dark_oak_planks":6416,"minecraft:dripstone_block":256,"minecraft:coal_block":262,"minecraft:daylight_detector":2,"minecraft:dried_kelp":36,"minecraft:red_bed":40,"minecraft:gray_concrete_powder":2560,"minecraft:polished_granite":144,"minecraft:sandstone_slab":12,"minecraft:white_stained_glass":256,"minecraft:mossy_stone_brick_stairs":24,"minecraft:andesite_slab":24,"minecraft:oak_stairs":12,"minecraft:wooden_axe":1,"minecraft:warped_pressure_plate":1,"minecraft:deepslate_tile_stairs":16,"minecraft:iron_leggings":1,"minecraft:white_bed":50,"minecraft:blue_carpet":3,"minecraft:brick":128,"minecraft:oak_planks":3316,"minecraft:blue_candle":136,"minecraft:dark_oak_boat":5,"minecraft:pink_shulker_box":1,"minecraft:mossy_stone_brick_slab":148,"minecraft:cobblestone_stairs":186,"minecraft:spruce_pressure_plate":6,"minecraft:green_dye":193,"minecraft:dark_oak_door":6,"minecraft:hopper":755,"minecraft:iron_boots":2,"minecraft:raw_copper":9,"minecraft:mossy_cobblestone_slab":12,"minecraft:honeycomb_block":878,"minecraft:raw_iron_block":75,"minecraft:quartz_stairs":36,"minecraft:oak_slab":396,"minecraft:item_frame":272,"minecraft:light_blue_candle":87,"minecraft:crafting_table":56,"minecraft:spruce_planks":16560,"minecraft:wooden_pickaxe":1,"minecraft:baked_potato":182,"minecraft:yellow_candle":169,"minecraft:gold_block":36,"minecraft:hopper_minecart":5,"minecraft:brewing_stand":4,"minecraft:birch_planks":152,"minecraft:pumpkin_seeds":20,"minecraft:black_shulker_box":1,"minecraft:dark_oak_slab":582,"minecraft:iron_chestplate":2,"minecraft:book":15,"minecraft:paper":8635,"minecraft:diamond_pickaxe":13,"minecraft:charcoal":35,"minecraft:shield":4,"minecraft:warped_slab":60,"minecraft:light_blue_dye":88,"minecraft:stone_sword":1,"minecraft:snow_block":334,"minecraft:redstone_torch":2156,"minecraft:gray_carpet":497,"minecraft:light_gray_carpet":235,"minecraft:shears":44,"minecraft:light_gray_stained_glass_pane":80,"minecraft:crimson_hyphae":15,"minecraft:polished_andesite":968,"minecraft:coarse_dirt":20,"minecraft:purple_wool":16,"minecraft:wooden_sword":2,"minecraft:cobbled_deepslate_slab":636,"minecraft:redstone":4304,"minecraft:coal":576,"minecraft:light_gray_stained_glass":32,"minecraft:stone_button":1104,"minecraft:dark_oak_trapdoor":80,"minecraft:gray_dye":818,"minecraft:dark_oak_sign":330,"minecraft:diamond_block":61,"minecraft:glass_pane":16,"minecraft:warped_fence":24,"minecraft:blue_ice":12,"minecraft:polished_deepslate":4072,"minecraft:iron_axe":6,"minecraft:spruce_wood":432,"minecraft:slime_ball":90,"minecraft:iron_hoe":4,"minecraft:lime_dye":72,"minecraft:observer":380,"minecraft:minecart":15,"minecraft:cooked_beef":109,"minecraft:sugar":2,"minecraft:red_dye":1420,"minecraft:bone_block":4547,"minecraft:diamond_sword":3,"minecraft:cyan_dye":10,"minecraft:spruce_sign":216,"minecraft:dark_oak_stairs":380,"minecraft:powered_rail":390,"minecraft:bucket":448,"minecraft:stone_axe":1,"minecraft:air":0,"minecraft:bread":17,"minecraft:blue_dye":295,"minecraft:cut_copper":64,"minecraft:oak_boat":27,"minecraft:smooth_sandstone_slab":18,"minecraft:white_wool":3452,"minecraft:gold_nugget":414,"minecraft:raw_gold":9,"minecraft:acacia_sapling":1,"minecraft:blackstone_slab":574,"minecraft:firework_rocket":22688,"minecraft:light_gray_candle":21},"minecraft:dropped":{"minecraft:iron_sword":30,"minecraft:glow_ink_sac":110,"minecraft:glass_bottle":22,"minecraft:diamond":1,"minecraft:crafting_table":4,"minecraft:cooked_porkchop":177,"minecraft:dark_oak_slab":1,"minecraft:warped_roots":2,"minecraft:cracked_stone_bricks":10,"minecraft:emerald":11,"minecraft:red_bed":1,"minecraft:dark_oak_trapdoor":4,"minecraft:writable_book":3,"minecraft:gold_nugget":10,"minecraft:sand":3534,"minecraft:dark_oak_planks":8,"minecraft:white_wool":52,"minecraft:diorite_slab":10,"minecraft:dark_oak_door":2,"minecraft:stone_axe":4,"minecraft:lever":15,"minecraft:iron_nugget":283,"minecraft:cooked_chicken":33,"minecraft:cobbled_deepslate":77,"minecraft:wheat":39,"minecraft:rotten_flesh":32329,"minecraft:oak_planks":78,"minecraft:glowstone_dust":8,"minecraft:azure_bluet":1,"minecraft:red_candle":16,"minecraft:coal_ore":54,"minecraft:leather_boots":67,"minecraft:leather_leggings":51,"minecraft:painting":5,"minecraft:glass":1040,"minecraft:green_stained_glass":1,"minecraft:brown_concrete":32,"minecraft:golden_boots":78,"minecraft:wheat_seeds":1160,"minecraft:clock":16,"minecraft:dripstone_block":2,"minecraft:light_gray_stained_glass_pane":32,"minecraft:deepslate_tile_slab":1,"minecraft:wooden_axe":1,"minecraft:potion":7,"minecraft:smooth_sandstone_slab":18,"minecraft:white_banner":57,"minecraft:chipped_anvil":4,"minecraft:smooth_stone":5,"minecraft:chainmail_leggings":27,"minecraft:smooth_sandstone":5,"minecraft:blue_carpet":2,"minecraft:lily_pad":31,"minecraft:stone_brick_slab":11,"minecraft:snow_block":2,"minecraft:bricks":1,"minecraft:player_head":3029,"minecraft:sticky_piston":10,"minecraft:white_carpet":5,"minecraft:iron_boots":15,"minecraft:cobbled_deepslate_slab":2,"minecraft:shears":8,"minecraft:diamond_sword":1,"minecraft:spruce_boat":15,"minecraft:powder_snow_bucket":1,"minecraft:spruce_trapdoor":95,"minecraft:spruce_planks":182,"minecraft:diamond_pickaxe":5,"minecraft:andesite_stairs":7,"minecraft:redstone_torch":68,"minecraft:stone_pressure_plate":6,"minecraft:barrel":16,"minecraft:stone_bricks":7,"minecraft:bamboo":98,"minecraft:sandstone":98,"minecraft:bow":21,"minecraft:red_sand":1,"minecraft:magma_block":50,"minecraft:terracotta":35,"minecraft:acacia_boat":1,"minecraft:moss_block":62,"minecraft:candle":1,"minecraft:golden_pickaxe":1,"minecraft:loom":1,"minecraft:ender_pearl":1073,"minecraft:dark_oak_sapling":1,"minecraft:leather":207,"minecraft:honeycomb":258,"minecraft:red_wool":55,"minecraft:jungle_planks":3,"minecraft:iron_horse_armor":2,"minecraft:cod":6,"minecraft:cobblestone_stairs":32,"minecraft:dark_oak_log":16,"minecraft:packed_ice":46,"minecraft:ice":64,"minecraft:dark_oak_wood":48,"minecraft:snowball":37,"minecraft:cauldron":179,"minecraft:purpur_block":26,"minecraft:spyglass":1,"minecraft:twisting_vines":4,"minecraft:andesite_slab":6,"minecraft:beetroot":3,"minecraft:mossy_stone_brick_slab":7,"minecraft:cooked_mutton":5,"minecraft:acacia_stairs":3,"minecraft:leather_chestplate":73,"minecraft:dropper":33,"minecraft:beetroot_seeds":73,"minecraft:birch_door":2,"minecraft:iron_ore":98,"minecraft:iron_bars":76,"minecraft:scaffolding":380,"minecraft:white_concrete_powder":56,"minecraft:polished_granite":6,"minecraft:vine":20,"minecraft:light_blue_candle":16,"minecraft:golden_helmet":55,"minecraft:andesite_wall":5,"minecraft:amethyst_block":9,"minecraft:tropical_fish":13,"minecraft:spruce_stairs":13,"minecraft:iron_block":60,"minecraft:repeater":61,"minecraft:white_concrete":248,"minecraft:iron_door":3,"minecraft:jungle_door":2,"minecraft:polished_andesite_stairs":8,"minecraft:polished_basalt":18,"minecraft:cactus":88,"minecraft:tripwire_hook":2,"minecraft:redstone_block":117,"minecraft:polished_deepslate":112,"minecraft:kelp":1507,"minecraft:sweet_berries":1,"minecraft:light_gray_terracotta":93,"minecraft:comparator":110,"minecraft:stripped_oak_log":1,"minecraft:totem_of_undying":13,"minecraft:shulker_box":28,"minecraft:netherite_leggings":1,"minecraft:flint_and_steel":3,"minecraft:copper_ore":25,"minecraft:andesite":2577,"minecraft:golden_leggings":88,"minecraft:oak_sapling":57,"minecraft:birch_sign":1,"minecraft:spruce_log":199,"minecraft:wooden_pickaxe":1,"minecraft:magma_cream":3,"minecraft:piston":5,"minecraft:oak_pressure_plate":2,"minecraft:cooked_beef":44,"minecraft:crossbow":13,"minecraft:saddle":1,"minecraft:elytra":2,"minecraft:rail":7,"minecraft:cut_sandstone_slab":12,"minecraft:leather_helmet":45,"minecraft:red_carpet":10,"minecraft:item_frame":2,"minecraft:dirt":2341,"minecraft:stone_button":66,"minecraft:yellow_dye":1,"minecraft:chain":3,"minecraft:wooden_sword":1,"minecraft:bone_block":105,"minecraft:bone_meal":893,"minecraft:sunflower":6,"minecraft:phantom_membrane":1,"minecraft:sugar":101,"minecraft:iron_pickaxe":8,"minecraft:polished_blackstone_slab":4,"minecraft:bone":3116,"minecraft:oak_door":2,"minecraft:sugar_cane":10,"minecraft:golden_chestplate":97,"minecraft:nether_brick":1,"minecraft:birch_sapling":2,"minecraft:deepslate_brick_slab":1,"minecraft:end_stone":4,"minecraft:white_bed":7,"minecraft:salmon":1,"minecraft:tipped_arrow":1,"minecraft:hopper":57,"minecraft:ladder":67,"minecraft:white_dye":179,"minecraft:spruce_slab":106,"minecraft:end_stone_bricks":7,"minecraft:crying_obsidian":119,"minecraft:egg":7,"minecraft:enchanted_book":2,"minecraft:iron_ingot":1939,"minecraft:netherite_pickaxe":1,"minecraft:copper_block":256,"minecraft:golden_horse_armor":5,"minecraft:iron_helmet":14,"minecraft:oak_fence":5,"minecraft:purpur_slab":1,"minecraft:feather":25,"minecraft:cobblestone":17896,"minecraft:apple":10,"minecraft:granite":3878,"minecraft:spruce_button":1,"minecraft:spruce_door":20,"minecraft:chainmail_helmet":17,"minecraft:coal":5,"minecraft:end_rod":4,"minecraft:oxeye_daisy":11,"minecraft:golden_carrot":98,"minecraft:wooden_hoe":1,"minecraft:rabbit":1,"minecraft:brown_terracotta":61,"minecraft:dead_bush":1,"minecraft:dried_kelp":9,"minecraft:paper":946,"minecraft:iron_shovel":52,"minecraft:string":1410,"minecraft:spruce_sapling":11,"minecraft:purpur_pillar":5,"minecraft:furnace":1,"minecraft:moss_carpet":2,"minecraft:redstone_ore":7,"minecraft:stone_sword":1,"minecraft:cobblestone_wall":306,"minecraft:dark_oak_sign":3,"minecraft:smooth_stone_slab":309,"minecraft:deepslate":101,"minecraft:chicken":30,"minecraft:polished_deepslate_slab":149,"minecraft:blue_concrete":27,"minecraft:stone_slab":187,"minecraft:pumpkin_seeds":913,"minecraft:lily_of_the_valley":3,"minecraft:potato":807,"minecraft:cobblestone_slab":35,"minecraft:hay_block":3,"minecraft:stone":12639,"minecraft:carved_pumpkin":574,"minecraft:spider_eye":1011,"minecraft:birch_boat":3,"minecraft:black_wool":67,"minecraft:warped_stem":6,"minecraft:dark_oak_stairs":2,"minecraft:diamond_axe":6,"minecraft:baked_potato":34,"minecraft:lantern":1,"minecraft:flint":131,"minecraft:deepslate_gold_ore":8,"minecraft:crimson_trapdoor":1,"minecraft:dispenser":9,"minecraft:cornflower":10,"minecraft:amethyst_shard":6,"minecraft:glistering_melon_slice":1,"minecraft:gravel":2180,"minecraft:blackstone":23,"minecraft:diamond_shovel":2,"minecraft:stone_stairs":1,"minecraft:carrot":3882,"minecraft:chainmail_chestplate":20,"minecraft:poppy":14616,"minecraft:rabbit_hide":1,"minecraft:gunpowder":4217,"minecraft:melon_seeds":8,"minecraft:azalea":25,"minecraft:chainmail_boots":21,"minecraft:chest":5,"minecraft:basalt":263,"minecraft:arrow":21332,"minecraft:written_book":1,"minecraft:netherrack":10,"minecraft:firework_rocket":1381,"minecraft:water_bucket":2,"minecraft:stripped_spruce_log":12,"minecraft:oak_slab":2,"minecraft:red_concrete_powder":117,"minecraft:minecart":5,"minecraft:cyan_dye":5,"minecraft:poisonous_potato":1,"minecraft:lead":9,"minecraft:observer":12,"minecraft:copper_ingot":138,"minecraft:grass_block":2,"minecraft:stick":321,"minecraft:diorite":3988,"minecraft:torch":356,"minecraft:brown_wool":1,"minecraft:iron_leggings":13,"minecraft:iron_axe":9,"minecraft:bucket":15,"minecraft:dandelion":16,"minecraft:smooth_basalt":38,"minecraft:redstone":185,"minecraft:red_concrete":781,"minecraft:ender_chest":4,"minecraft:coarse_dirt":1,"minecraft:tuff":12,"minecraft:raw_iron":179,"minecraft:light_gray_wool":4,"minecraft:iron_hoe":3,"minecraft:yellow_candle":16,"minecraft:filled_map":1,"minecraft:snow":306,"minecraft:shield":3,"minecraft:diamond_chestplate":2,"minecraft:orange_terracotta":2,"minecraft:iron_chestplate":13,"minecraft:warped_fence":6,"minecraft:golden_sword":2,"minecraft:stone_pickaxe":5,"minecraft:raw_gold":1,"minecraft:calcite":2},"minecraft:killed":{"minecraft:salmon":2,"minecraft:iron_golem":45,"minecraft:pillager":1511,"minecraft:zombie":11866,"minecraft:evoker":242,"minecraft:vindicator":1032,"minecraft:endermite":4,"minecraft:snow_golem":16,"minecraft:husk":3,"minecraft:rabbit":1,"minecraft:ravager":1,"minecraft:witch":308,"minecraft:zombified_piglin":2,"minecraft:spider":126,"minecraft:silverfish":13,"minecraft:piglin":7,"minecraft:zombie_villager":47,"minecraft:sheep":18,"minecraft:trader_llama":14,"minecraft:ghast":6,"minecraft:slime":55,"minecraft:drowned":337790,"minecraft:hoglin":1,"minecraft:squid":67,"minecraft:player":1,"minecraft:villager":2,"minecraft:cave_spider":949,"minecraft:shulker":89,"minecraft:skeleton":298,"minecraft:chicken":76,"minecraft:magma_cube":353,"minecraft:glow_squid":1,"minecraft:cow":44,"minecraft:horse":10,"minecraft:wandering_trader":6,"minecraft:enderman":12425,"minecraft:pig":17,"minecraft:creeper":1070,"minecraft:blaze":1,"minecraft:phantom":17,"minecraft:bat":1}},"DataVersion":2730}