{"stats":{"minecraft:killed_by":{"minecraft:magma_cube":1,"minecraft:zombie":1,"minecraft:creeper":5,"minecraft:player":7,"minecraft:enderman":1},"minecraft:broken":{"minecraft:wooden_shovel":53,"minecraft:shears":22,"minecraft:iron_hoe":2,"minecraft:chainmail_leggings":1,"minecraft:stone_hoe":13,"minecraft:iron_pickaxe":48,"minecraft:wooden_hoe":2,"minecraft:iron_shovel":6,"minecraft:stone_pickaxe":6,"minecraft:stone_axe":4,"minecraft:stone_shovel":78,"minecraft:iron_sword":6,"minecraft:iron_axe":2},"minecraft:custom":{"minecraft:interact_with_crafting_table":1985,"minecraft:damage_blocked_by_shield":80,"minecraft:play_time":20961478,"minecraft:deaths":32,"minecraft:jump":199057,"minecraft:interact_with_cartography_table":10,"minecraft:interact_with_smoker":109,"minecraft:inspect_dispenser":233,"minecraft:horse_one_cm":23572830,"minecraft:inspect_dropper":201,"minecraft:interact_with_anvil":86,"minecraft:inspect_hopper":1240,"minecraft:tune_noteblock":26,"minecraft:time_since_rest":14096,"minecraft:swim_one_cm":913073,"minecraft:open_chest":7454,"minecraft:open_shulker_box":7138,"minecraft:clean_armor":2,"minecraft:talked_to_villager":1260,"minecraft:interact_with_brewingstand":33,"minecraft:interact_with_beacon":4,"minecraft:fill_cauldron":7,"minecraft:boat_one_cm":12736838,"minecraft:damage_taken":47242,"minecraft:aviate_one_cm":75119798,"minecraft:open_barrel":5435,"minecraft:bell_ring":73,"minecraft:eat_cake_slice":1,"minecraft:leave_game":492,"minecraft:time_since_death":244057,"minecraft:enchant_item":19,"minecraft:interact_with_furnace":1430,"minecraft:traded_with_villager":3768,"minecraft:sleep_in_bed":1466,"minecraft:damage_dealt":427090,"minecraft:use_cauldron":1,"minecraft:interact_with_smithing_table":5,"minecraft:target_hit":1,"minecraft:sneak_time":2599974,"minecraft:interact_with_lectern":28,"minecraft:interact_with_blast_furnace":334,"minecraft:total_world_time":20961478,"minecraft:interact_with_stonecutter":525,"minecraft:fly_one_cm":22285041,"minecraft:fish_caught":97,"minecraft:fall_one_cm":3532271,"minecraft:animals_bred":1129,"minecraft:sprint_one_cm":22290039,"minecraft:drop":2002,"minecraft:walk_on_water_one_cm":1690525,"minecraft:interact_with_loom":10,"minecraft:open_enderchest":1330,"minecraft:crouch_one_cm":10217037,"minecraft:mob_kills":4581,"minecraft:climb_one_cm":1142023,"minecraft:walk_one_cm":52613337,"minecraft:walk_under_water_one_cm":2205928,"minecraft:pot_flower":32,"minecraft:interact_with_grindstone":11,"minecraft:minecart_one_cm":2783},"minecraft:mined":{"minecraft:white_bed":1005,"minecraft:weathered_cut_copper_slab":1,"minecraft:fire_coral_wall_fan":23,"minecraft:cyan_shulker_box":76,"minecraft:granite":2078,"minecraft:acacia_log":2539,"minecraft:exposed_cut_copper_stairs":1,"minecraft:oak_pressure_plate":3,"minecraft:nether_wart":662,"minecraft:magma_block":3,"minecraft:dark_oak_trapdoor":8,"minecraft:mossy_cobblestone_stairs":4,"minecraft:warped_pressure_plate":1,"minecraft:cobbled_deepslate":195,"minecraft:fire":15,"minecraft:barrel":43,"minecraft:deepslate_lapis_ore":72,"minecraft:potted_dandelion":2,"minecraft:spruce_pressure_plate":1,"minecraft:light_gray_concrete":64,"minecraft:pink_tulip":13,"minecraft:white_shulker_box":298,"minecraft:spruce_wood":4,"minecraft:waxed_exposed_copper":2,"minecraft:player_head":15,"minecraft:tripwire":12,"minecraft:orange_bed":2,"minecraft:jungle_trapdoor":8,"minecraft:jungle_button":1,"minecraft:kelp_plant":355,"minecraft:crimson_nylium":41,"minecraft:smoker":2,"minecraft:deepslate_tile_slab":8,"minecraft:torch":254,"minecraft:melon":2,"minecraft:oxidized_copper":104,"minecraft:dead_bush":50,"minecraft:spruce_wall_sign":30,"minecraft:tube_coral_fan":7,"minecraft:dead_tube_coral_fan":2,"minecraft:lime_shulker_box":59,"minecraft:sugar_cane":1489,"minecraft:bricks":6,"minecraft:birch_sapling":21,"minecraft:white_terracotta":86,"minecraft:chain":7,"minecraft:repeater":20,"minecraft:jungle_wood":1,"minecraft:grass":2864,"minecraft:dark_oak_sapling":13,"minecraft:birch_button":1,"minecraft:sandstone_wall":2,"minecraft:smooth_basalt":9,"minecraft:stripped_crimson_stem":1,"minecraft:deepslate":10621,"minecraft:deepslate_tiles":35,"minecraft:brown_concrete":24,"minecraft:light_blue_wool":24,"minecraft:mossy_cobblestone":32,"minecraft:dark_oak_log":3937,"minecraft:cyan_stained_glass":1,"minecraft:crimson_fence_gate":1,"minecraft:sea_lantern":3,"minecraft:birch_fence_gate":1,"minecraft:dark_oak_fence":10,"minecraft:spruce_fence":194,"minecraft:acacia_button":1,"minecraft:stripped_jungle_wood":15,"minecraft:redstone_wire":82,"minecraft:red_mushroom":1,"minecraft:waxed_weathered_copper":14,"minecraft:horn_coral":1,"minecraft:redstone_ore":1107,"minecraft:acacia_trapdoor":89,"minecraft:andesite":2093,"minecraft:big_dripleaf_stem":33,"minecraft:mossy_stone_brick_stairs":1,"minecraft:cobblestone_slab":48,"minecraft:vine":2201,"minecraft:rail":37,"minecraft:brain_coral_wall_fan":28,"minecraft:bone_block":2,"minecraft:fire_coral_block":73,"minecraft:ender_chest":319,"minecraft:birch_stairs":2,"minecraft:oak_slab":9,"minecraft:waxed_weathered_cut_copper_stairs":13,"minecraft:redstone_block":49,"minecraft:red_sandstone_slab":2,"minecraft:soul_sand":18,"minecraft:lily_of_the_valley":30,"minecraft:dandelion":41,"minecraft:fire_coral":5,"minecraft:cornflower":7,"minecraft:warped_roots":442,"minecraft:crimson_slab":2,"minecraft:copper_ore":593,"minecraft:tall_grass":224,"minecraft:campfire":85,"minecraft:lightning_rod":17,"minecraft:brain_coral_fan":6,"minecraft:deepslate_gold_ore":160,"minecraft:diorite":2050,"minecraft:warped_wart_block":4817,"minecraft:red_terracotta":8,"minecraft:cut_copper_slab":22,"minecraft:coarse_dirt":30,"minecraft:cobblestone_wall":32,"minecraft:stripped_spruce_wood":23,"minecraft:dark_oak_wall_sign":9,"minecraft:dark_oak_button":1,"minecraft:sunflower":16,"minecraft:gravel":1598,"minecraft:brown_terracotta":1,"minecraft:birch_sign":1,"minecraft:oak_button":3,"minecraft:polished_blackstone":1,"minecraft:stone_bricks":12,"minecraft:gold_ore":281,"minecraft:chipped_anvil":1,"minecraft:iron_trapdoor":3,"minecraft:fern":213,"minecraft:prismarine_wall":1,"minecraft:oak_sapling":23,"minecraft:farmland":318,"minecraft:warped_fence_gate":16,"minecraft:andesite_stairs":3,"minecraft:brewing_stand":3,"minecraft:spruce_trapdoor":184,"minecraft:budding_amethyst":1,"minecraft:white_concrete":2,"minecraft:bubble_coral_fan":1,"minecraft:composter":3,"minecraft:mossy_cobblestone_slab":1,"minecraft:pink_candle":3,"minecraft:red_tulip":6,"minecraft:pointed_dripstone":74,"minecraft:flowering_azalea_leaves":204,"minecraft:iron_bars":6,"minecraft:azalea":43,"minecraft:granite_stairs":2,"minecraft:spruce_slab":326,"minecraft:deepslate_redstone_ore":484,"minecraft:gray_terracotta":5,"minecraft:jungle_door":5,"minecraft:exposed_copper":6,"minecraft:orange_terracotta":24,"minecraft:light_gray_terracotta":167,"minecraft:jungle_stairs":5,"minecraft:beacon":6,"minecraft:nether_quartz_ore":48,"minecraft:oak_planks":1214,"minecraft:wall_torch":184,"minecraft:stone_stairs":20,"minecraft:fire_coral_fan":6,"minecraft:warped_nylium":64,"minecraft:powered_rail":8,"minecraft:dark_oak_slab":17,"minecraft:warped_planks":51,"minecraft:blue_ice":5,"minecraft:exposed_cut_copper_slab":2,"minecraft:tnt":35,"minecraft:smooth_stone_slab":4,"minecraft:oak_log":2015,"minecraft:beetroots":7,"minecraft:lime_terracotta":6,"minecraft:dirt":8580,"minecraft:waxed_weathered_cut_copper":10,"minecraft:prismarine_stairs":4,"minecraft:dispenser":12,"minecraft:crying_obsidian":87,"minecraft:dark_oak_leaves":885,"minecraft:glow_lichen":50,"minecraft:lever":10,"minecraft:ladder":2,"minecraft:tube_coral_wall_fan":31,"minecraft:stone_button":2,"minecraft:weathered_copper":29,"minecraft:brown_mushroom_block":1530,"minecraft:birch_slab":13,"minecraft:spruce_leaves":5544,"minecraft:acacia_slab":5,"minecraft:crimson_stem":35,"minecraft:hay_block":27,"minecraft:raw_gold_block":1,"minecraft:nether_sprouts":335,"minecraft:polished_basalt":43,"minecraft:detector_rail":1,"minecraft:peony":16,"minecraft:deepslate_iron_ore":448,"minecraft:shroomlight":141,"minecraft:stripped_oak_log":221,"minecraft:wet_sponge":27,"minecraft:jungle_fence_gate":1,"minecraft:pink_terracotta":2,"minecraft:orange_glazed_terracotta":2,"minecraft:acacia_leaves":829,"minecraft:scaffolding":1815,"minecraft:stripped_dark_oak_log":502,"minecraft:basalt":8364,"minecraft:warped_fence":1,"minecraft:oak_fence":13,"minecraft:honey_block":3,"minecraft:stone_slab":23,"minecraft:deepslate_coal_ore":984,"minecraft:crimson_pressure_plate":2,"minecraft:red_concrete":3,"minecraft:dead_fire_coral_block":54,"minecraft:birch_planks":5,"minecraft:bubble_coral":9,"minecraft:sea_pickle":10,"minecraft:black_wool":70,"minecraft:cocoa":25,"minecraft:flower_pot":1,"minecraft:yellow_concrete":216,"minecraft:stripped_acacia_wood":33,"minecraft:small_dripleaf":2,"minecraft:mossy_stone_bricks":2,"minecraft:crimson_fence":1,"minecraft:jungle_wall_sign":1,"minecraft:dark_oak_planks":84,"minecraft:stripped_warped_stem":750,"minecraft:jungle_leaves":570,"minecraft:obsidian":119,"minecraft:warped_stairs":1,"minecraft:carved_pumpkin":1,"minecraft:red_sand":1313,"minecraft:smooth_red_sandstone_stairs":5,"minecraft:crimson_trapdoor":3,"minecraft:stone_brick_wall":10,"minecraft:jungle_log":1240,"minecraft:horn_coral_fan":2,"minecraft:deepslate_bricks":2,"minecraft:deepslate_tile_stairs":1,"minecraft:diorite_stairs":1,"minecraft:bubble_coral_block":2,"minecraft:hopper":48,"minecraft:crimson_fungus":13,"minecraft:acacia_pressure_plate":1,"minecraft:oxeye_daisy":18,"minecraft:potted_fern":1,"minecraft:tall_seagrass":30,"minecraft:sticky_piston":6,"minecraft:moss_carpet":105,"minecraft:stripped_dark_oak_wood":490,"minecraft:smooth_red_sandstone":3,"minecraft:oak_sign":6,"minecraft:cave_vines":6,"minecraft:dirt_path":423,"minecraft:oak_stairs":13,"minecraft:deepslate_brick_stairs":1,"minecraft:blue_orchid":20,"minecraft:iron_block":437,"minecraft:brown_mushroom":8,"minecraft:red_bed":6,"minecraft:amethyst_cluster":11,"minecraft:blast_furnace":4,"minecraft:polished_andesite_stairs":4,"minecraft:green_concrete_powder":1,"minecraft:polished_diorite_slab":3,"minecraft:glass":42,"minecraft:damaged_anvil":9,"minecraft:smooth_sandstone_slab":2,"minecraft:crimson_stairs":3,"minecraft:spruce_sign":5,"minecraft:weathered_cut_copper_stairs":1,"minecraft:polished_diorite_stairs":1,"minecraft:light_gray_stained_glass":9,"minecraft:wheat":10961,"minecraft:lilac":8,"minecraft:warped_fungus":85,"minecraft:stone_brick_stairs":12,"minecraft:copper_block":17,"minecraft:prismarine_brick_stairs":5,"minecraft:oak_fence_gate":4,"minecraft:loom":4,"minecraft:cut_red_sandstone":6,"minecraft:stonecutter":131,"minecraft:red_mushroom_block":450,"minecraft:piston":14,"minecraft:infested_deepslate":2,"minecraft:yellow_terracotta":13,"minecraft:pink_shulker_box":20,"minecraft:light_gray_stained_glass_pane":37,"minecraft:stripped_birch_log":21,"minecraft:warped_door":2,"minecraft:shulker_box":394,"minecraft:jungle_planks":15,"minecraft:crimson_roots":100,"minecraft:red_sandstone_stairs":4,"minecraft:crimson_button":1,"minecraft:horn_coral_wall_fan":26,"minecraft:moss_block":1208,"minecraft:kelp":46,"minecraft:jungle_sapling":12,"minecraft:red_sandstone":16,"minecraft:snow":111,"minecraft:potatoes":6,"minecraft:warped_stem":63,"minecraft:bamboo":57,"minecraft:warped_trapdoor":7,"minecraft:cut_copper":1,"minecraft:brain_coral":12,"minecraft:white_wool":799,"minecraft:cake":1,"minecraft:comparator":2,"minecraft:hanging_roots":1,"minecraft:brown_carpet":12,"minecraft:observer":22,"minecraft:jungle_sign":3,"minecraft:smooth_sandstone":9,"minecraft:spruce_button":1,"minecraft:emerald_ore":17,"minecraft:sponge":1,"minecraft:dropper":4,"minecraft:smooth_red_sandstone_slab":1,"minecraft:spruce_log":9487,"minecraft:birch_leaves":1257,"minecraft:jungle_fence":27,"minecraft:quartz_pillar":1,"minecraft:red_wall_banner":1,"minecraft:dark_oak_sign":1,"minecraft:dripstone_block":1,"minecraft:acacia_door":2,"minecraft:acacia_planks":6,"minecraft:spruce_fence_gate":45,"minecraft:deepslate_emerald_ore":17,"minecraft:infested_stone":15,"minecraft:spruce_planks":996,"minecraft:jungle_slab":2,"minecraft:cobblestone_stairs":29,"minecraft:grass_block":44218,"minecraft:soul_soil":10,"minecraft:stripped_warped_hyphae":5,"minecraft:warped_sign":4,"minecraft:smooth_stone":4,"minecraft:raw_iron_block":1,"minecraft:glowstone":40,"minecraft:iron_ore":1927,"minecraft:anvil":5,"minecraft:azure_bluet":1,"minecraft:dark_oak_stairs":31,"minecraft:brown_glazed_terracotta":24,"minecraft:warped_button":1,"minecraft:birch_wall_sign":1,"minecraft:jungle_pressure_plate":1,"minecraft:azalea_leaves":740,"minecraft:brain_coral_block":1789,"minecraft:polished_granite_stairs":3,"minecraft:green_bed":111,"minecraft:blackstone":99,"minecraft:cyan_terracotta":2,"minecraft:twisting_vines_plant":4,"minecraft:clay":913,"minecraft:calcite":17,"minecraft:poppy":51,"minecraft:chest":136,"minecraft:mushroom_stem":222,"minecraft:cobblestone":4784,"minecraft:birch_wood":48,"minecraft:slime_block":7,"minecraft:prismarine":79,"minecraft:iron_door":1,"minecraft:deepslate_copper_ore":55,"minecraft:magenta_shulker_box":48,"minecraft:seagrass":55,"minecraft:red_candle":9,"minecraft:acacia_sapling":79,"minecraft:dark_oak_door":3,"minecraft:nether_wart_block":211,"minecraft:yellow_wool":702,"minecraft:birch_log":1203,"minecraft:birch_trapdoor":8,"minecraft:stripped_oak_wood":7,"minecraft:orange_tulip":7,"minecraft:green_glazed_terracotta":1,"minecraft:acacia_fence":35,"minecraft:waxed_exposed_cut_copper_slab":1,"minecraft:sand":1813,"minecraft:crimson_planks":13,"minecraft:potted_red_tulip":2,"minecraft:netherrack":44,"minecraft:polished_deepslate_wall":3,"minecraft:oak_leaves":2030,"minecraft:tube_coral":7,"minecraft:diamond_ore":137,"minecraft:tuff":3353,"minecraft:deepslate_diamond_ore":59,"minecraft:candle":29,"minecraft:gray_shulker_box":125,"minecraft:dark_oak_pressure_plate":1,"minecraft:white_stained_glass":3,"minecraft:polished_andesite_slab":1,"minecraft:sandstone":1,"minecraft:rooted_dirt":1,"minecraft:large_fern":236,"minecraft:spore_blossom":1,"minecraft:oak_trapdoor":139,"minecraft:spruce_sapling":10,"minecraft:furnace":33,"minecraft:carrots":336,"minecraft:red_concrete_powder":2,"minecraft:chiseled_sandstone":1,"minecraft:acacia_stairs":6,"minecraft:dark_oak_fence_gate":19,"minecraft:stripped_spruce_log":260,"minecraft:black_concrete":1,"minecraft:chiseled_deepslate":1,"minecraft:bell":4,"minecraft:polished_deepslate":2,"minecraft:lantern":22,"minecraft:stripped_acacia_log":128,"minecraft:stripped_jungle_log":26,"minecraft:stone":44493,"minecraft:yellow_shulker_box":137,"minecraft:redstone_wall_torch":7,"minecraft:birch_pressure_plate":1,"minecraft:podzol":382,"minecraft:light_blue_shulker_box":36,"minecraft:flowering_azalea":28,"minecraft:red_wool":678,"minecraft:cut_copper_stairs":4,"minecraft:brick_wall":3,"minecraft:spruce_door":32,"minecraft:crafting_table":305,"minecraft:cyan_stained_glass_pane":2,"minecraft:blackstone_slab":2,"minecraft:oak_wood":10,"minecraft:rose_bush":6,"minecraft:andesite_slab":14,"minecraft:lectern":2,"minecraft:lapis_ore":165,"minecraft:lily_pad":8,"minecraft:spruce_stairs":50,"minecraft:blue_candle":4,"minecraft:gray_wool":1,"minecraft:cactus":87,"minecraft:brick_slab":2,"minecraft:waxed_weathered_cut_copper_slab":3,"minecraft:green_shulker_box":124,"minecraft:acacia_fence_gate":4,"minecraft:beehive":1,"minecraft:redstone_torch":13,"minecraft:sweet_berry_bush":66,"minecraft:yellow_bed":1,"minecraft:dead_brain_coral_block":92,"minecraft:coal_ore":3405,"minecraft:bubble_coral_wall_fan":18,"minecraft:gray_carpet":4,"minecraft:lodestone":5,"minecraft:terracotta":714,"minecraft:polished_andesite":5,"minecraft:birch_fence":1,"minecraft:warped_slab":19},"minecraft:used":{"minecraft:moss_block":1389,"minecraft:writable_book":14,"minecraft:polished_granite_stairs":12,"minecraft:chiseled_deepslate":1,"minecraft:smooth_quartz_slab":15,"minecraft:dispenser":21,"minecraft:red_sandstone_slab":34,"minecraft:poppy":56,"minecraft:stone":22755,"minecraft:warped_sign":6,"minecraft:rotten_flesh":2,"minecraft:waxed_weathered_cut_copper_stairs":13,"minecraft:tube_coral":1,"minecraft:soul_sand":246,"minecraft:weathered_copper":15,"minecraft:cocoa_beans":20,"minecraft:cut_copper":37,"minecraft:cracked_deepslate_tiles":3,"minecraft:deepslate_brick_slab":16,"minecraft:snowball":58,"minecraft:azure_bluet":1,"minecraft:weeping_vines":3,"minecraft:spruce_boat":20,"minecraft:polished_blackstone_slab":8,"minecraft:jungle_sapling":85,"minecraft:lava_bucket":26,"minecraft:stripped_dark_oak_wood":464,"minecraft:quartz_pillar":4,"minecraft:jungle_fence_gate":13,"minecraft:red_wool":1633,"minecraft:deepslate_copper_ore":17,"minecraft:dark_oak_leaves":2,"minecraft:dark_oak_slab":457,"minecraft:diorite_wall":35,"minecraft:waxed_weathered_cut_copper":10,"minecraft:bow":390,"minecraft:acacia_fence":85,"minecraft:oak_sapling":306,"minecraft:green_stained_glass_pane":1,"minecraft:deepslate_brick_wall":22,"minecraft:mossy_stone_bricks":9,"minecraft:damaged_anvil":8,"minecraft:prismarine":2002,"minecraft:blackstone":66,"minecraft:cactus":116,"minecraft:mossy_stone_brick_stairs":4,"minecraft:composter":16,"minecraft:clay":424,"minecraft:jungle_boat":3,"minecraft:glow_berries":24,"minecraft:cut_sandstone_slab":1,"minecraft:blast_furnace":8,"minecraft:weathered_cut_copper_slab":5,"minecraft:cyan_dye":4,"minecraft:red_sandstone_wall":29,"minecraft:deepslate_brick_stairs":16,"minecraft:crimson_fence_gate":1,"minecraft:birch_fence":2,"minecraft:red_sandstone":72,"minecraft:birch_slab":6,"minecraft:gray_stained_glass_pane":7,"minecraft:deepslate_iron_ore":143,"minecraft:oak_pressure_plate":2,"minecraft:cut_red_sandstone":6,"minecraft:flowering_azalea_leaves":79,"minecraft:diamond_sword":2363,"minecraft:smithing_table":29,"minecraft:poisonous_potato":1,"minecraft:birch_log":70,"minecraft:oak_boat":18,"minecraft:diorite_slab":34,"minecraft:diorite_stairs":6,"minecraft:oak_trapdoor":580,"minecraft:stripped_acacia_wood":33,"minecraft:enchanting_table":1,"minecraft:dead_bush":10,"minecraft:carved_pumpkin":1,"minecraft:armor_stand":5,"minecraft:light_gray_carpet":6,"minecraft:polished_blackstone_wall":7,"minecraft:exposed_cut_copper_stairs":1,"minecraft:torch":3355,"minecraft:brewing_stand":4,"minecraft:nether_quartz_ore":48,"minecraft:oak_fence_gate":26,"minecraft:fern":40,"minecraft:mossy_cobblestone_stairs":18,"minecraft:sea_lantern":4,"minecraft:chipped_anvil":1,"minecraft:iron_block":501,"minecraft:polished_deepslate_wall":5,"minecraft:jungle_log":72,"minecraft:barrel":252,"minecraft:bamboo":24,"minecraft:basalt":189,"minecraft:warped_stairs":5,"minecraft:podzol":226,"minecraft:acacia_planks":10,"minecraft:horn_coral_fan":7,"minecraft:deepslate_emerald_ore":4,"minecraft:calcite":76,"minecraft:wheat_seeds":12528,"minecraft:warped_stem":41,"minecraft:light_blue_shulker_box":36,"minecraft:birch_planks":4,"minecraft:lead":6,"minecraft:cauldron":8,"minecraft:spruce_fence_gate":206,"minecraft:glow_ink_sac":7,"minecraft:gold_ore":82,"minecraft:deepslate_bricks":64,"minecraft:waxed_exposed_copper":2,"minecraft:polished_deepslate_slab":8,"minecraft:light_gray_banner":9,"minecraft:rail":200,"minecraft:red_bed":7,"minecraft:crimson_trapdoor":11,"minecraft:white_bed":1023,"minecraft:campfire":92,"minecraft:spruce_log":679,"minecraft:mushroom_stem":138,"minecraft:acacia_sign":8,"minecraft:diamond_pickaxe":57762,"minecraft:warped_trapdoor":118,"minecraft:diamond_shovel":44343,"minecraft:oak_button":13,"minecraft:spruce_pressure_plate":3,"minecraft:leather_helmet":1,"minecraft:spruce_trapdoor":775,"minecraft:spruce_sapling":94,"minecraft:green_carpet":18,"minecraft:potion":14,"minecraft:azalea_leaves":1440,"minecraft:crimson_stairs":5,"minecraft:cooked_porkchop":3,"minecraft:porkchop":1,"minecraft:andesite_stairs":19,"minecraft:warped_fence_gate":58,"minecraft:stripped_oak_log":42,"minecraft:dandelion":24,"minecraft:diamond_leggings":2,"minecraft:moss_carpet":212,"minecraft:red_sand":18,"minecraft:polished_deepslate":15,"minecraft:bone_block":41,"minecraft:polished_basalt":135,"minecraft:nether_wart":764,"minecraft:stripped_jungle_wood":15,"minecraft:grass":328,"minecraft:bubble_coral":1,"minecraft:green_terracotta":8,"minecraft:spruce_leaves":634,"minecraft:orange_glazed_terracotta":15,"minecraft:jungle_planks":104,"minecraft:pink_terracotta":9,"minecraft:beehive":10,"minecraft:obsidian":32,"minecraft:honey_bottle":2,"minecraft:big_dripleaf":93,"minecraft:crimson_button":1,"minecraft:bricks":378,"minecraft:spruce_wood":47,"minecraft:lantern":92,"minecraft:blue_orchid":13,"minecraft:green_wool":10,"minecraft:warped_nylium":4,"minecraft:mossy_cobblestone_slab":53,"minecraft:item_frame":60,"minecraft:birch_button":1,"minecraft:deepslate_diamond_ore":14,"minecraft:birch_trapdoor":26,"minecraft:horn_coral":1,"minecraft:written_book":2,"minecraft:jungle_button":1,"minecraft:dark_oak_sapling":221,"minecraft:tube_coral_fan":13,"minecraft:end_rod":3,"minecraft:diamond_boots":7,"minecraft:dropper":34,"minecraft:stripped_acacia_log":127,"minecraft:gray_carpet":42,"minecraft:stone_pickaxe":815,"minecraft:jungle_fence":44,"minecraft:oak_planks":105,"minecraft:prismarine_stairs":36,"minecraft:polished_diorite_slab":15,"minecraft:sandstone":16,"minecraft:sugar_cane":271,"minecraft:diamond_axe":36597,"minecraft:white_wool":921,"minecraft:light_blue_wool":650,"minecraft:yellow_concrete":183,"minecraft:crossbow":4,"minecraft:deepslate_lapis_ore":31,"minecraft:sticky_piston":22,"minecraft:black_terracotta":53,"minecraft:lever":31,"minecraft:daylight_detector":1,"minecraft:acacia_door":7,"minecraft:dark_oak_log":1266,"minecraft:nether_sprouts":7,"minecraft:bread":8,"minecraft:brown_wool":18,"minecraft:warped_slab":41,"minecraft:deepslate":837,"minecraft:prismarine_wall":257,"minecraft:stripped_warped_hyphae":1,"minecraft:chain":95,"minecraft:smooth_stone_slab":211,"minecraft:mossy_cobblestone_wall":77,"minecraft:coarse_dirt":848,"minecraft:bone_meal":1121,"minecraft:rose_bush":26,"minecraft:waxed_weathered_copper":14,"minecraft:granite_stairs":34,"minecraft:crimson_fence":1,"minecraft:flint_and_steel":44,"minecraft:redstone":353,"minecraft:dried_kelp":1,"minecraft:ender_chest":322,"minecraft:deepslate_gold_ore":59,"minecraft:stone_hoe":1630,"minecraft:cooked_chicken":1,"minecraft:dried_kelp_block":7,"minecraft:dirt":13914,"minecraft:prismarine_bricks":39,"minecraft:spruce_fence":1118,"minecraft:warped_pressure_plate":1,"minecraft:iron_hoe":650,"minecraft:wooden_axe":1,"minecraft:brown_terracotta":46,"minecraft:light_gray_stained_glass":14,"minecraft:oak_stairs":131,"minecraft:smooth_sandstone":202,"minecraft:crimson_slab":6,"minecraft:iron_boots":2,"minecraft:yellow_concrete_powder":224,"minecraft:weathered_cut_copper":9,"minecraft:black_stained_glass":4,"minecraft:soul_soil":14,"minecraft:dark_oak_pressure_plate":1,"minecraft:lime_stained_glass":1,"minecraft:deepslate_tile_stairs":5,"minecraft:netherite_pickaxe":25340,"minecraft:minecart":4,"minecraft:cooked_beef":439,"minecraft:powder_snow_bucket":2,"minecraft:orange_stained_glass_pane":5,"minecraft:pumpkin":1,"minecraft:light_gray_bed":1,"minecraft:iron_leggings":2,"minecraft:cobbled_deepslate_wall":6,"minecraft:cobblestone_stairs":286,"minecraft:lodestone":4,"minecraft:snow_block":2,"minecraft:birch_boat":5,"minecraft:brown_mushroom":38,"minecraft:spruce_sign":78,"minecraft:green_bed":125,"minecraft:warped_roots":1,"minecraft:red_mushroom":5,"minecraft:warped_planks":6,"minecraft:cyan_stained_glass":20,"minecraft:piston":64,"minecraft:gray_terracotta":37,"minecraft:wooden_hoe":173,"minecraft:flower_pot":51,"minecraft:black_wool":128,"minecraft:chicken":1,"minecraft:lapis_ore":59,"minecraft:stone_slab":741,"minecraft:detector_rail":6,"minecraft:jungle_stairs":60,"minecraft:golden_leggings":1,"minecraft:yellow_wool":1184,"minecraft:stone_axe":542,"minecraft:fire_coral_block":55,"minecraft:crimson_fungus":2,"minecraft:cobbled_deepslate_slab":29,"minecraft:cyan_stained_glass_pane":60,"minecraft:pink_shulker_box":20,"minecraft:gray_wool":11,"minecraft:birch_stairs":8,"minecraft:peony":7,"minecraft:cut_red_sandstone_slab":8,"minecraft:spruce_slab":1249,"minecraft:polished_blackstone":10,"minecraft:elytra":9,"minecraft:ladder":44,"minecraft:chest":235,"minecraft:green_banner":1,"minecraft:brown_concrete":18,"minecraft:white_shulker_box":296,"minecraft:pink_candle":4,"minecraft:acacia_button":1,"minecraft:weathered_cut_copper_stairs":4,"minecraft:acacia_sapling":376,"minecraft:brick_slab":45,"minecraft:jungle_slab":224,"minecraft:stripped_spruce_log":168,"minecraft:honeycomb":99,"minecraft:netherite_shovel":17097,"minecraft:warped_hyphae":1,"minecraft:black_stained_glass_pane":2,"minecraft:grass_block":39911,"minecraft:birch_sapling":145,"minecraft:polished_andesite_stairs":59,"minecraft:copper_ore":170,"minecraft:dark_oak_button":17,"minecraft:stone_brick_stairs":256,"minecraft:exposed_cut_copper_slab":2,"minecraft:snow":36,"minecraft:dark_oak_boat":1,"minecraft:sweet_berries":41,"minecraft:furnace":75,"minecraft:egg":31,"minecraft:brown_concrete_powder":24,"minecraft:magenta_shulker_box":48,"minecraft:spruce_door":52,"minecraft:diorite":603,"minecraft:brick_wall":40,"minecraft:stripped_birch_log":17,"minecraft:cut_copper_slab":56,"minecraft:acacia_trapdoor":558,"minecraft:powered_rail":45,"minecraft:orange_tulip":2,"minecraft:jungle_pressure_plate":1,"minecraft:oak_leaves":98,"minecraft:smooth_quartz_stairs":4,"minecraft:dark_oak_trapdoor":63,"minecraft:sand":478,"minecraft:waxed_weathered_cut_copper_slab":3,"minecraft:smooth_red_sandstone":130,"minecraft:blue_ice":10,"minecraft:oxidized_cut_copper_slab":6,"minecraft:lightning_rod":29,"minecraft:deepslate_tiles":132,"minecraft:chiseled_sandstone":27,"minecraft:stone_button":38,"minecraft:spore_blossom":2,"minecraft:lectern":9,"minecraft:red_terracotta":18,"minecraft:polished_granite":229,"minecraft:diamond_ore":38,"minecraft:lilac":1,"minecraft:polished_andesite_slab":283,"minecraft:green_candle":9,"minecraft:wooden_sword":10,"minecraft:dark_oak_fence":132,"minecraft:white_stained_glass":161,"minecraft:bubble_coral_block":2,"minecraft:green_concrete_powder":1,"minecraft:gray_stained_glass":8,"minecraft:iron_bars":201,"minecraft:acacia_log":235,"minecraft:brain_coral_fan":7,"minecraft:red_concrete":75,"minecraft:stripped_warped_stem":609,"minecraft:sandstone_wall":4,"minecraft:netherrack":285,"minecraft:green_glazed_terracotta":5,"minecraft:anvil":11,"minecraft:warped_wart_block":90,"minecraft:twisting_vines":2,"minecraft:stone_stairs":310,"minecraft:polished_granite_slab":41,"minecraft:glow_lichen":27,"minecraft:jungle_trapdoor":74,"minecraft:dead_brain_coral_block":89,"minecraft:polished_diorite":22,"minecraft:small_dripleaf":8,"minecraft:shroomlight":60,"minecraft:flowering_azalea":20,"minecraft:cyan_shulker_box":76,"minecraft:spruce_button":28,"minecraft:brick_stairs":6,"minecraft:iron_axe":571,"minecraft:slime_block":38,"minecraft:warped_fence":8,"minecraft:smooth_quartz":13,"minecraft:lime_dye":3,"minecraft:prismarine_slab":11,"minecraft:waxed_exposed_cut_copper_slab":1,"minecraft:smooth_basalt":68,"minecraft:glowstone":1,"minecraft:oxidized_copper":43,"minecraft:beef":9,"minecraft:iron_trapdoor":34,"minecraft:acacia_wood":35,"minecraft:cobbled_deepslate":2974,"minecraft:crimson_pressure_plate":2,"minecraft:orange_terracotta":215,"minecraft:observer":114,"minecraft:hanging_roots":5,"minecraft:pointed_dripstone":10,"minecraft:crimson_stem":2,"minecraft:water_bucket":310,"minecraft:sandstone_stairs":7,"minecraft:prismarine_brick_slab":12,"minecraft:yellow_shulker_box":137,"minecraft:bubble_coral_fan":4,"minecraft:smooth_sandstone_slab":17,"minecraft:red_mushroom_block":76,"minecraft:cracked_stone_bricks":13,"minecraft:mossy_cobblestone":507,"minecraft:lime_terracotta":216,"minecraft:comparator":22,"minecraft:vine":51,"minecraft:tnt":113,"minecraft:oak_slab":338,"minecraft:crafting_table":311,"minecraft:birch_sign":10,"minecraft:dark_oak_fence_gate":35,"minecraft:lime_shulker_box":59,"minecraft:cake":3,"minecraft:oak_log":279,"minecraft:cornflower":6,"minecraft:oxeye_daisy":2,"minecraft:stripped_jungle_log":24,"minecraft:sunflower":4,"minecraft:iron_pickaxe":12103,"minecraft:crimson_nylium":13,"minecraft:crimson_sign":1,"minecraft:cobblestone":4556,"minecraft:acacia_pressure_plate":1,"minecraft:red_concrete_powder":33,"minecraft:sandstone_slab":2,"minecraft:brown_mushroom_block":2,"minecraft:candle":91,"minecraft:light_blue_stained_glass_pane":24,"minecraft:iron_shovel":1676,"minecraft:dead_tube_coral_fan":2,"minecraft:diamond_hoe":6881,"minecraft:oak_sign":30,"minecraft:shield":2,"minecraft:white_terracotta":317,"minecraft:iron_sword":1681,"minecraft:bell":3,"minecraft:player_head":20,"minecraft:smooth_sandstone_stairs":15,"minecraft:iron_chestplate":2,"minecraft:birch_pressure_plate":1,"minecraft:prismarine_brick_stairs":175,"minecraft:carrot":447,"minecraft:deepslate_tile_slab":13,"minecraft:tuff":710,"minecraft:axolotl_bucket":2,"minecraft:milk_bucket":1,"minecraft:red_sandstone_stairs":32,"minecraft:glass":230,"minecraft:cyan_terracotta":228,"minecraft:coal_ore":983,"minecraft:iron_helmet":1,"minecraft:dark_oak_wood":458,"minecraft:crimson_roots":40,"minecraft:hopper_minecart":31,"minecraft:stone_bricks":734,"minecraft:redstone_lamp":34,"minecraft:repeater":57,"minecraft:red_carpet":10,"minecraft:magma_block":1,"minecraft:brown_carpet":34,"minecraft:warped_fungus":83,"minecraft:hay_block":77,"minecraft:scaffolding":2227,"minecraft:oxidized_cut_copper_stairs":14,"minecraft:beetroot_seeds":7,"minecraft:polished_diorite_stairs":9,"minecraft:fire_coral_fan":10,"minecraft:polished_blackstone_stairs":2,"minecraft:stripped_spruce_wood":18,"minecraft:dark_oak_stairs":295,"minecraft:birch_leaves":137,"minecraft:dark_oak_sign":19,"minecraft:birch_wood":53,"minecraft:ender_pearl":188,"minecraft:redstone_block":84,"minecraft:brain_coral":2,"minecraft:black_banner":1,"minecraft:yellow_terracotta":190,"minecraft:loom":16,"minecraft:light_gray_terracotta":228,"minecraft:deepslate_redstone_ore":182,"minecraft:sponge":28,"minecraft:blackstone_wall":3,"minecraft:note_block":46,"minecraft:dripstone_block":4,"minecraft:stone_brick_wall":152,"minecraft:cobbled_deepslate_stairs":5,"minecraft:shears":6222,"minecraft:exposed_copper":6,"minecraft:redstone_torch":82,"minecraft:black_concrete":1,"minecraft:firework_rocket":1890,"minecraft:gray_shulker_box":125,"minecraft:birch_fence_gate":1,"minecraft:light_gray_concrete":61,"minecraft:string":175,"minecraft:gravel":669,"minecraft:golden_helmet":1,"minecraft:blackstone_slab":15,"minecraft:granite_slab":75,"minecraft:jungle_sign":23,"minecraft:smooth_red_sandstone_slab":9,"minecraft:grindstone":7,"minecraft:crimson_door":1,"minecraft:deepslate_coal_ore":414,"minecraft:andesite":243,"minecraft:white_concrete":14,"minecraft:chest_minecart":2,"minecraft:warped_button":1,"minecraft:experience_bottle":2,"minecraft:oak_fence":201,"minecraft:azalea":38,"minecraft:trident":1,"minecraft:redstone_ore":347,"minecraft:stone_shovel":10259,"minecraft:light_blue_terracotta":21,"minecraft:spruce_planks":1353,"minecraft:wooden_shovel":3153,"minecraft:cut_copper_stairs":5,"minecraft:oak_door":1,"minecraft:spyglass":3,"minecraft:hopper":138,"minecraft:spruce_stairs":262,"minecraft:cobblestone_wall":201,"minecraft:warped_door":7,"minecraft:shulker_box":392,"minecraft:pink_dye":1,"minecraft:oak_wood":65,"minecraft:raw_iron_block":1,"minecraft:granite":1870,"minecraft:light_blue_stained_glass":8,"minecraft:birch_door":1,"minecraft:andesite_wall":26,"minecraft:stone_brick_slab":127,"minecraft:dark_oak_planks":919,"minecraft:bookshelf":47,"minecraft:acacia_slab":353,"minecraft:crimson_planks":1,"minecraft:golden_carrot":621,"minecraft:white_stained_glass_pane":64,"minecraft:granite_wall":93,"minecraft:stone_pressure_plate":38,"minecraft:brain_coral_block":277,"minecraft:cooked_mutton":7,"minecraft:acacia_boat":2,"minecraft:iron_ore":629,"minecraft:glass_bottle":27,"minecraft:polished_andesite":399,"minecraft:andesite_slab":167,"minecraft:copper_block":134,"minecraft:stonecutter":135,"minecraft:white_dye":3,"minecraft:beacon":8,"minecraft:red_glazed_terracotta":4,"minecraft:cobblestone_slab":418,"minecraft:jungle_wood":11,"minecraft:glow_item_frame":20,"minecraft:stripped_dark_oak_log":491,"minecraft:terracotta":396,"minecraft:dead_fire_coral_block":54,"minecraft:light_gray_concrete_powder":64,"minecraft:painting":50,"minecraft:smoker":3,"minecraft:smooth_red_sandstone_stairs":9,"minecraft:dark_oak_door":8,"minecraft:acacia_stairs":16,"minecraft:apple":45,"minecraft:acacia_fence_gate":19,"minecraft:fishing_rod":130,"minecraft:green_shulker_box":124,"minecraft:white_banner":1,"minecraft:jungle_door":24,"minecraft:red_banner":10,"minecraft:bucket":344,"minecraft:yellow_bed":1,"minecraft:smooth_stone":155,"minecraft:splash_potion":1,"minecraft:soul_torch":4},"minecraft:picked_up":{"minecraft:blue_candle":4,"minecraft:red_sandstone_stairs":23,"minecraft:lead":464,"minecraft:stone_slab":23,"minecraft:enchanted_book":3,"minecraft:polished_deepslate":5,"minecraft:string":388,"minecraft:orange_glazed_terracotta":2,"minecraft:pufferfish":16,"minecraft:shroomlight":143,"minecraft:diamond_leggings":1,"minecraft:bubble_coral":6,"minecraft:warped_slab":28,"minecraft:crimson_sign":9,"minecraft:diamond_ore":67,"minecraft:weathered_cut_copper_slab":1,"minecraft:big_dripleaf":100,"minecraft:acacia_log":2611,"minecraft:cyan_stained_glass":1,"minecraft:brick_wall":3,"minecraft:cut_copper_stairs":12,"minecraft:lightning_rod":24,"minecraft:warped_pressure_plate":1,"minecraft:cyan_stained_glass_pane":2,"minecraft:gray_shulker_box":126,"minecraft:warped_door":4,"minecraft:pink_terracotta":2,"minecraft:brown_carpet":12,"minecraft:stone_sword":1,"minecraft:lime_carpet":13,"minecraft:honey_bottle":18,"minecraft:horn_coral_fan":26,"minecraft:polished_basalt":48,"minecraft:carved_pumpkin":11,"minecraft:red_tulip":11,"minecraft:bookshelf":1,"minecraft:end_rod":26,"minecraft:white_terracotta":86,"minecraft:iron_bars":37,"minecraft:snowball":48,"minecraft:sponge":1,"minecraft:feather":1,"minecraft:cooked_beef":376,"minecraft:water_bucket":7,"minecraft:dark_oak_boat":18,"minecraft:copper_block":58,"minecraft:flint":122,"minecraft:lantern":47,"minecraft:hanging_roots":5,"minecraft:exposed_cut_copper_stairs":2,"minecraft:stonecutter":138,"minecraft:dark_oak_sign":38,"minecraft:glow_lichen":56,"minecraft:lime_terracotta":112,"minecraft:stripped_acacia_wood":33,"minecraft:birch_fence_gate":1,"minecraft:stripped_spruce_log":295,"minecraft:brown_mushroom_block":1035,"minecraft:acacia_stairs":5,"minecraft:polished_andesite":5,"minecraft:deepslate":3121,"minecraft:lever":14,"minecraft:granite":2479,"minecraft:spruce_button":12,"minecraft:cyan_dye":5,"minecraft:deepslate_coal_ore":478,"minecraft:rooted_dirt":2,"minecraft:crimson_roots":100,"minecraft:diamond_pickaxe":9,"minecraft:stripped_warped_hyphae":6,"minecraft:clay_ball":1868,"minecraft:leather_leggings":1,"minecraft:fire_coral":4,"minecraft:cornflower":7,"minecraft:pink_candle":3,"minecraft:elytra":13,"minecraft:acacia_door":3,"minecraft:flint_and_steel":2,"minecraft:white_stained_glass":34,"minecraft:iron_shovel":1,"minecraft:glass_pane":8,"minecraft:stripped_warped_stem":813,"minecraft:jungle_sapling":157,"minecraft:poppy":88,"minecraft:spruce_slab":409,"minecraft:minecart":10,"minecraft:birch_sapling":629,"minecraft:piston":11,"minecraft:diamond_hoe":1,"minecraft:copper_ore":198,"minecraft:lime_shulker_box":59,"minecraft:black_stained_glass":36,"minecraft:stone":35395,"minecraft:raw_gold_block":5,"minecraft:fire_charge":1,"minecraft:netherite_pickaxe":8,"minecraft:cyan_shulker_box":78,"minecraft:jungle_sign":14,"minecraft:stone_shovel":3,"minecraft:hay_block":128,"minecraft:yellow_terracotta":13,"minecraft:polished_blackstone":1,"minecraft:mutton":3,"minecraft:rail":40,"minecraft:bone_block":154,"minecraft:emerald_ore":16,"minecraft:oxeye_daisy":26,"minecraft:birch_leaves":195,"minecraft:yellow_shulker_box":139,"minecraft:clock":144,"minecraft:tripwire_hook":1,"minecraft:smooth_red_sandstone":103,"minecraft:fern":159,"minecraft:blackstone_slab":5,"minecraft:jungle_fence":40,"minecraft:lily_pad":18,"minecraft:diorite_stairs":1,"minecraft:paper":81,"minecraft:apple":146,"minecraft:warped_stem":103,"minecraft:spore_blossom":3,"minecraft:oak_fence_gate":3,"minecraft:stone_pickaxe":4,"minecraft:iron_ore":766,"minecraft:dark_oak_stairs":36,"minecraft:polished_andesite_stairs":7,"minecraft:smooth_basalt":65,"minecraft:light_gray_stained_glass":33,"minecraft:sweet_berries":211,"minecraft:green_glazed_terracotta":1,"minecraft:red_wool":1639,"minecraft:weathered_copper":29,"minecraft:crimson_stairs":2,"minecraft:crying_obsidian":34,"minecraft:leather_helmet":2,"minecraft:oak_wood":138,"minecraft:diamond_shovel":9,"minecraft:coal_ore":1464,"minecraft:slime_ball":114,"minecraft:deepslate_redstone_ore":209,"minecraft:painting":34,"minecraft:birch_sign":8,"minecraft:lodestone":5,"minecraft:hopper":51,"minecraft:prismarine_stairs":4,"minecraft:ender_chest":327,"minecraft:yellow_wool":2344,"minecraft:stone_brick_stairs":12,"minecraft:lapis_block":12,"minecraft:deepslate_lapis_ore":31,"minecraft:red_candle":8,"minecraft:experience_bottle":29,"minecraft:smooth_red_sandstone_slab":1,"minecraft:bucket":8,"minecraft:red_sand":1297,"minecraft:smooth_stone":20,"minecraft:comparator":2,"minecraft:red_dye":14,"minecraft:rose_bush":83,"minecraft:cobblestone_slab":83,"minecraft:azalea":147,"minecraft:wooden_shovel":6,"minecraft:deepslate_iron_ore":204,"minecraft:tipped_arrow":30,"minecraft:acacia_fence":52,"minecraft:birch_trapdoor":7,"minecraft:spruce_stairs":99,"minecraft:netherite_shovel":6,"minecraft:diorite":2193,"minecraft:vine":2179,"minecraft:rotten_flesh":352,"minecraft:red_sandstone_slab":36,"minecraft:deepslate_copper_ore":24,"minecraft:deepslate_brick_stairs":1,"minecraft:obsidian":218,"minecraft:cobblestone":7186,"minecraft:leather_chestplate":3,"minecraft:lilac":16,"minecraft:repeater":23,"minecraft:dead_tube_coral_fan":2,"minecraft:andesite":2614,"minecraft:orange_carpet":11,"minecraft:golden_leggings":2,"minecraft:beacon":6,"minecraft:potato":13,"minecraft:smooth_sandstone_stairs":1,"minecraft:dirt":11932,"minecraft:stripped_birch_log":20,"minecraft:name_tag":2,"minecraft:glass":78,"minecraft:bone":107,"minecraft:acacia_planks":76,"minecraft:bow":18,"minecraft:wheat_seeds":33318,"minecraft:orange_tulip":7,"minecraft:birch_wood":47,"minecraft:mossy_stone_bricks":2,"minecraft:bamboo":549,"minecraft:prismarine":143,"minecraft:waxed_exposed_copper":2,"minecraft:gray_stained_glass":16,"minecraft:light_blue_shulker_box":36,"minecraft:grass_block":44726,"minecraft:warped_fence_gate":15,"minecraft:diamond_block":28,"minecraft:jungle_slab":1,"minecraft:mossy_cobblestone":167,"minecraft:light_gray_terracotta":449,"minecraft:slime_block":50,"minecraft:soul_lantern":1,"minecraft:crossbow":5,"minecraft:bone_meal":795,"minecraft:grass":706,"minecraft:golden_apple":1,"minecraft:nether_sprouts":98,"minecraft:spruce_sign":52,"minecraft:emerald":110,"minecraft:netherrack":44,"minecraft:andesite_slab":14,"minecraft:oak_leaves":195,"minecraft:azure_bluet":2,"minecraft:ladder":2,"minecraft:brown_mushroom":174,"minecraft:pink_wool":10,"minecraft:stone_brick_wall":12,"minecraft:chain":9,"minecraft:shield":2,"minecraft:brick":74,"minecraft:moss_carpet":251,"minecraft:oak_trapdoor":210,"minecraft:birch_fence":5,"minecraft:blackstone":232,"minecraft:blue_orchid":29,"minecraft:lime_wool":22,"minecraft:flowering_azalea_leaves":219,"minecraft:cookie":64,"minecraft:trident":1,"minecraft:light_gray_stained_glass_pane":34,"minecraft:weeping_vines":7,"minecraft:tube_coral":4,"minecraft:pumpkin_pie":5,"minecraft:nether_bricks":1,"minecraft:stripped_dark_oak_wood":503,"minecraft:pink_tulip":35,"minecraft:glistering_melon_slice":12,"minecraft:jungle_boat":1,"minecraft:basalt":397,"minecraft:golden_carrot":357,"minecraft:leather":1848,"minecraft:granite_stairs":2,"minecraft:crimson_fungus":14,"minecraft:chainmail_chestplate":2,"minecraft:yellow_bed":5,"minecraft:cobblestone_wall":32,"minecraft:gunpowder":95,"minecraft:orange_terracotta":26,"minecraft:cooked_mutton":6,"minecraft:red_carpet":4,"minecraft:gray_carpet":3,"minecraft:acacia_trapdoor":91,"minecraft:deepslate_emerald_ore":13,"minecraft:spruce_wood":6,"minecraft:iron_ingot":317,"minecraft:warped_fungus":93,"minecraft:quartz":113,"minecraft:dandelion":58,"minecraft:amethyst_shard":42,"minecraft:red_banner":1,"minecraft:spruce_door":34,"minecraft:brick_slab":2,"minecraft:cut_red_sandstone":6,"minecraft:polished_diorite_stairs":1,"minecraft:pumpkin_seeds":4,"minecraft:white_concrete_powder":15,"minecraft:prismarine_wall":1,"minecraft:chainmail_leggings":2,"minecraft:exposed_cut_copper_slab":3,"minecraft:mossy_cobblestone_stairs":4,"minecraft:terracotta":1833,"minecraft:damaged_anvil":9,"minecraft:sunflower":64,"minecraft:wooden_axe":2,"minecraft:iron_chestplate":7,"minecraft:flower_pot":25,"minecraft:creeper_head":1,"minecraft:anvil":5,"minecraft:diamond_sword":13,"minecraft:oak_stairs":15,"minecraft:brewing_stand":3,"minecraft:polished_deepslate_wall":6,"minecraft:amethyst_block":1,"minecraft:weathered_cut_copper_stairs":1,"minecraft:dark_oak_trapdoor":16,"minecraft:soul_soil":13,"minecraft:beetroot":6,"minecraft:waxed_weathered_copper":14,"minecraft:gold_nugget":9,"minecraft:cobbled_deepslate":9277,"minecraft:crimson_fence":6,"minecraft:spruce_planks":455,"minecraft:acacia_sign":6,"minecraft:acacia_fence_gate":3,"minecraft:azalea_leaves":888,"minecraft:coal_block":52,"minecraft:melon_slice":16,"minecraft:dark_oak_door":7,"minecraft:golden_helmet":1,"minecraft:beehive":1,"minecraft:crimson_pressure_plate":1,"minecraft:composter":3,"minecraft:green_bed":122,"minecraft:sandstone_wall":2,"minecraft:warped_planks":103,"minecraft:deepslate_tile_stairs":1,"minecraft:light_blue_wool":785,"minecraft:tropical_fish":10,"minecraft:iron_block":356,"minecraft:cyan_terracotta":26,"minecraft:birch_log":2448,"minecraft:magma_block":5,"minecraft:mossy_cobblestone_slab":1,"minecraft:polished_diorite_slab":3,"minecraft:oxidized_copper":104,"minecraft:iron_door":2,"minecraft:birch_slab":9,"minecraft:jungle_log":1367,"minecraft:green_concrete_powder":1,"minecraft:powder_snow_bucket":1,"minecraft:jungle_wood":1,"minecraft:smoker":2,"minecraft:stripped_spruce_wood":23,"minecraft:twisting_vines":10,"minecraft:chipped_anvil":1,"minecraft:gray_terracotta":4,"minecraft:waxed_weathered_cut_copper_slab":3,"minecraft:glowstone_dust":7,"minecraft:moss_block":1608,"minecraft:warped_wart_block":4876,"minecraft:dropper":4,"minecraft:ink_sac":137,"minecraft:loom":4,"minecraft:dark_oak_log":6038,"minecraft:red_terracotta":8,"minecraft:barrel":48,"minecraft:stripped_acacia_log":127,"minecraft:dispenser":10,"minecraft:writable_book":4,"minecraft:deepslate_gold_ore":84,"minecraft:dead_brain_coral_block":92,"minecraft:blue_ice":64,"minecraft:chainmail_helmet":1,"minecraft:bread":3,"minecraft:dark_oak_fence":22,"minecraft:bricks":6,"minecraft:spruce_leaves":710,"minecraft:crafting_table":325,"minecraft:coarse_dirt":44,"minecraft:bubble_coral_fan":14,"minecraft:nether_wart":2934,"minecraft:orange_banner":8,"minecraft:crimson_trapdoor":3,"minecraft:jungle_trapdoor":7,"minecraft:red_bed":6,"minecraft:snow":128,"minecraft:compass":35,"minecraft:deepslate_diamond_ore":23,"minecraft:beef":2687,"minecraft:iron_nugget":21,"minecraft:chest":426,"minecraft:raw_copper_block":27,"minecraft:egg":31,"minecraft:sandstone":53,"minecraft:glow_item_frame":2,"minecraft:amethyst_cluster":22,"minecraft:spruce_fence":289,"minecraft:cake":2,"minecraft:carrot":1449,"minecraft:redstone":7475,"minecraft:mushroom_stem":179,"minecraft:prismarine_crystals":33,"minecraft:tnt":38,"minecraft:polished_granite_stairs":3,"minecraft:cooked_cod":6,"minecraft:beetroot_seeds":23,"minecraft:peony":23,"minecraft:tube_coral_fan":35,"minecraft:deepslate_bricks":4,"minecraft:shears":17,"minecraft:diamond_boots":12,"minecraft:cut_copper":2,"minecraft:warped_sign":15,"minecraft:gold_ingot":64,"minecraft:white_shulker_box":300,"minecraft:glow_berries":30,"minecraft:white_wool":5666,"minecraft:crimson_slab":1,"minecraft:lapis_ore":59,"minecraft:stripped_oak_log":204,"minecraft:smooth_red_sandstone_stairs":5,"minecraft:red_mushroom_block":137,"minecraft:red_mushroom":110,"minecraft:filled_map":3,"minecraft:brown_concrete":46,"minecraft:oak_log":2812,"minecraft:golden_boots":4,"minecraft:white_banner":1,"minecraft:stone_bricks":14,"minecraft:kelp":2460,"minecraft:waxed_weathered_cut_copper_stairs":13,"minecraft:iron_sword":3,"minecraft:flowering_azalea":62,"minecraft:prismarine_brick_stairs":5,"minecraft:dark_oak_slab":61,"minecraft:yellow_concrete":213,"minecraft:spyglass":2,"minecraft:gravel":2271,"minecraft:dead_fire_coral_block":54,"minecraft:birch_stairs":1,"minecraft:spruce_sapling":2853,"minecraft:spruce_log":15418,"minecraft:sea_lantern":3,"minecraft:firework_rocket":938,"minecraft:stone_axe":3,"minecraft:redstone_ore":411,"minecraft:diamond_axe":11,"minecraft:gray_wool":512,"minecraft:warped_roots":442,"minecraft:oak_button":2,"minecraft:warped_nylium":63,"minecraft:stripped_dark_oak_log":528,"minecraft:crimson_nylium":41,"minecraft:pink_dye":1,"minecraft:ender_pearl":7,"minecraft:shulker_shell":12,"minecraft:chiseled_deepslate":3,"minecraft:wheat":10940,"minecraft:exposed_copper":6,"minecraft:redstone_block":411,"minecraft:iron_trapdoor":3,"minecraft:potion":2,"minecraft:brain_coral_block":1773,"minecraft:crimson_planks":92,"minecraft:raw_copper":1810,"minecraft:smooth_stone_slab":5,"minecraft:iron_leggings":4,"minecraft:sticky_piston":6,"minecraft:netherite_ingot":2,"minecraft:pink_shulker_box":20,"minecraft:oak_sign":13,"minecraft:sea_pickle":192,"minecraft:deepslate_tiles":45,"minecraft:dark_oak_leaves":42,"minecraft:redstone_torch":27,"minecraft:calcite":71,"minecraft:iron_boots":4,"minecraft:furnace":33,"minecraft:stick":3424,"minecraft:jungle_door":6,"minecraft:brown_terracotta":5,"minecraft:oak_fence":14,"minecraft:torch":991,"minecraft:porkchop":12,"minecraft:snow_block":3,"minecraft:pointed_dripstone":132,"minecraft:waxed_exposed_cut_copper_slab":1,"minecraft:cactus":495,"minecraft:green_wool":40,"minecraft:leather_horse_armor":1,"minecraft:fire_coral_fan":25,"minecraft:stripped_birch_wood":1,"minecraft:cod":69,"minecraft:nautilus_shell":9,"minecraft:tuff":4730,"minecraft:warped_trapdoor":7,"minecraft:horn_coral":1,"minecraft:acacia_boat":3,"minecraft:green_shulker_box":125,"minecraft:lapis_lazuli":1815,"minecraft:polished_granite":10,"minecraft:leather_boots":1,"minecraft:cobbled_deepslate_wall":2,"minecraft:deepslate_brick_slab":8,"minecraft:raw_gold":407,"minecraft:bell":7,"minecraft:powered_rail":10,"minecraft:oak_planks":288,"minecraft:stone_hoe":1,"minecraft:mossy_stone_brick_stairs":1,"minecraft:brain_coral":9,"minecraft:oak_pressure_plate":4,"minecraft:poisonous_potato":5,"minecraft:jungle_planks":70,"minecraft:sand":1889,"minecraft:dead_bush":88,"minecraft:lily_of_the_valley":30,"minecraft:chiseled_sandstone":1,"minecraft:shulker_box":401,"minecraft:orange_wool":21,"minecraft:light_gray_concrete":131,"minecraft:spruce_fence_gate":45,"minecraft:clay":424,"minecraft:diamond":240,"minecraft:spruce_boat":201,"minecraft:black_concrete":1,"minecraft:polished_blackstone_button":8,"minecraft:white_concrete":52,"minecraft:oak_sapling":1228,"minecraft:bubble_coral_block":2,"minecraft:cocoa_beans":89,"minecraft:charcoal":2,"minecraft:chicken":4,"minecraft:wooden_pickaxe":3,"minecraft:diamond_horse_armor":5,"minecraft:stone_stairs":21,"minecraft:wooden_sword":2,"minecraft:item_frame":38,"minecraft:cyan_carpet":2,"minecraft:candle":36,"minecraft:detector_rail":1,"minecraft:andesite_stairs":3,"minecraft:oak_boat":17,"minecraft:player_head":182,"minecraft:observer":23,"minecraft:light_gray_wool":2081,"minecraft:lectern":2,"minecraft:tinted_glass":23,"minecraft:sugar_cane":2440,"minecraft:spruce_trapdoor":217,"minecraft:dark_oak_sapling":439,"minecraft:raw_iron":2591,"minecraft:copper_ingot":12,"minecraft:brown_glazed_terracotta":24,"minecraft:quartz_pillar":1,"minecraft:stone_button":61,"minecraft:magenta_shulker_box":48,"minecraft:iron_horse_armor":5,"minecraft:dark_oak_planks":174,"minecraft:smooth_sandstone_slab":3,"minecraft:arrow":276,"minecraft:jungle_stairs":4,"minecraft:saddle":5,"minecraft:wet_sponge":27,"minecraft:glow_ink_sac":108,"minecraft:crimson_stem":34,"minecraft:salmon":31,"minecraft:birch_planks":39,"minecraft:nether_wart_block":211,"minecraft:cobblestone_stairs":75,"minecraft:deepslate_tile_slab":18,"minecraft:cut_copper_slab":50,"minecraft:podzol":319,"minecraft:smooth_sandstone":10,"minecraft:waxed_weathered_cut_copper":10,"minecraft:red_sandstone":594,"minecraft:fire_coral_block":73,"minecraft:heart_of_the_sea":5,"minecraft:stripped_oak_wood":8,"minecraft:acacia_sapling":1160,"minecraft:soul_sand":48,"minecraft:green_dye":3,"minecraft:book":6,"minecraft:scaffolding":2541,"minecraft:oak_slab":12,"minecraft:red_concrete_powder":34,"minecraft:birch_boat":98,"minecraft:raw_iron_block":21,"minecraft:dripstone_block":4,"minecraft:brain_coral_fan":30,"minecraft:blast_furnace":4,"minecraft:white_bed":1035,"minecraft:gold_ore":114,"minecraft:dark_oak_fence_gate":19,"minecraft:spider_eye":344,"minecraft:stripped_jungle_log":25,"minecraft:cyan_banner":12,"minecraft:campfire":98,"minecraft:honey_block":3,"minecraft:iron_helmet":3,"minecraft:stripped_jungle_wood":15,"minecraft:acacia_slab":4,"minecraft:black_wool":113,"minecraft:red_concrete":172,"minecraft:coal":4766},"minecraft:crafted":{"minecraft:lime_stained_glass":8,"minecraft:green_banner":1,"minecraft:black_dye":38,"minecraft:oxidized_cut_copper_slab":6,"minecraft:oak_sign":30,"minecraft:blaze_powder":14,"minecraft:birch_boat":7,"minecraft:chain":89,"minecraft:cut_red_sandstone_slab":8,"minecraft:diorite_stairs":2,"minecraft:diamond_shovel":2,"minecraft:cracked_stone_bricks":13,"minecraft:gray_wool":15,"minecraft:shulker_box":6,"minecraft:stone_pressure_plate":39,"minecraft:gray_stained_glass_pane":16,"minecraft:dried_kelp_block":7,"minecraft:black_wool":6,"minecraft:gray_stained_glass":16,"minecraft:name_tag":1,"minecraft:warped_stairs":8,"minecraft:redstone_lamp":34,"minecraft:glow_item_frame":15,"minecraft:jungle_boat":3,"minecraft:acacia_slab":372,"minecraft:chest_minecart":2,"minecraft:jungle_pressure_plate":1,"minecraft:raw_gold_block":13,"minecraft:green_bed":4,"minecraft:smithing_table":33,"minecraft:mossy_cobblestone":576,"minecraft:sticky_piston":16,"minecraft:green_stained_glass":8,"minecraft:cracked_deepslate_tiles":3,"minecraft:polished_deepslate_slab":8,"minecraft:painting":12,"minecraft:stone_brick_stairs":9,"minecraft:lectern":7,"minecraft:wooden_hoe":4,"minecraft:stone_slab":14,"minecraft:iron_pickaxe":49,"minecraft:acacia_door":9,"minecraft:sandstone":177,"minecraft:composter":14,"minecraft:jungle_sign":21,"minecraft:golden_carrot":290,"minecraft:iron_nugget":954,"minecraft:crimson_trapdoor":10,"minecraft:diamond_hoe":1,"minecraft:soul_torch":4,"minecraft:acacia_fence_gate":16,"minecraft:red_banner":13,"minecraft:blue_shulker_box":1,"minecraft:spruce_fence":933,"minecraft:stone_stairs":14,"minecraft:lantern":63,"minecraft:spruce_stairs":216,"minecraft:red_shulker_box":1,"minecraft:stone_pickaxe":6,"minecraft:spruce_boat":4,"minecraft:lead":12,"minecraft:light_gray_terracotta":72,"minecraft:enchanting_table":1,"minecraft:crimson_slab":12,"minecraft:acacia_trapdoor":474,"minecraft:leather_helmet":1,"minecraft:polished_blackstone_stairs":2,"minecraft:dark_oak_button":17,"minecraft:acacia_stairs":12,"minecraft:red_carpet":6,"minecraft:deepslate_tiles":20,"minecraft:enchanted_book":2,"minecraft:orange_dye":8,"minecraft:crimson_stairs":4,"minecraft:oak_fence_gate":23,"minecraft:warped_sign":3,"minecraft:birch_trapdoor":22,"minecraft:black_stained_glass_pane":16,"minecraft:writable_book":2,"minecraft:iron_shovel":7,"minecraft:armor_stand":5,"minecraft:note_block":46,"minecraft:pink_terracotta":8,"minecraft:grindstone":7,"minecraft:cobblestone_slab":20,"minecraft:barrel":208,"minecraft:birch_wood":6,"minecraft:polished_granite_slab":6,"minecraft:acacia_pressure_plate":1,"minecraft:leather_horse_armor":5,"minecraft:cooked_chicken":1,"minecraft:crimson_sign":3,"minecraft:lightning_rod":14,"minecraft:stone":833,"minecraft:red_sandstone":320,"minecraft:pink_carpet":15,"minecraft:quartz_pillar":3,"minecraft:warped_planks":528,"minecraft:brown_carpet":24,"minecraft:cake":1,"minecraft:orange_stained_glass_pane":16,"minecraft:bow":8,"minecraft:comparator":22,"minecraft:chest":258,"minecraft:polished_basalt":98,"minecraft:copper_block":186,"minecraft:oak_button":11,"minecraft:yellow_terracotta":184,"minecraft:jungle_stairs":56,"minecraft:rail":160,"minecraft:bricks":445,"minecraft:birch_button":1,"minecraft:ender_eye":2,"minecraft:stone_bricks":211,"minecraft:oak_fence":198,"minecraft:white_banner":1,"minecraft:dropper":27,"minecraft:cauldron":18,"minecraft:lime_terracotta":216,"minecraft:iron_helmet":1,"minecraft:brown_dye":41,"minecraft:birch_pressure_plate":1,"minecraft:acacia_button":1,"minecraft:white_stained_glass_pane":64,"minecraft:warped_door":6,"minecraft:dispenser":11,"minecraft:green_glazed_terracotta":4,"minecraft:tnt":428,"minecraft:spruce_trapdoor":558,"minecraft:purple_dye":2,"minecraft:yellow_dye":73,"minecraft:warped_fence_gate":44,"minecraft:gray_terracotta":40,"minecraft:stick":10614,"minecraft:iron_ingot":5017,"minecraft:light_blue_shulker_box":1,"minecraft:light_blue_stained_glass":24,"minecraft:lime_carpet":33,"minecraft:deepslate_bricks":7,"minecraft:dark_oak_fence_gate":35,"minecraft:polished_diorite_stairs":2,"minecraft:orange_glazed_terracotta":13,"minecraft:deepslate_tile_slab":2,"minecraft:small_dripleaf":8,"minecraft:oak_door":3,"minecraft:stone_brick_wall":5,"minecraft:fishing_rod":1,"minecraft:beehive":9,"minecraft:spruce_button":32,"minecraft:mossy_stone_bricks":10,"minecraft:furnace":49,"minecraft:blast_furnace":4,"minecraft:piston":65,"minecraft:crimson_button":1,"minecraft:raw_copper_block":92,"minecraft:smooth_quartz_stairs":1,"minecraft:oak_trapdoor":390,"minecraft:flint_and_steel":1,"minecraft:scaffolding":462,"minecraft:polished_granite_stairs":8,"minecraft:orange_terracotta":16,"minecraft:cobblestone_wall":8,"minecraft:smooth_quartz_slab":2,"minecraft:red_sandstone_stairs":8,"minecraft:birch_sign":12,"minecraft:light_blue_stained_glass_pane":32,"minecraft:jungle_wood":12,"minecraft:iron_trapdoor":32,"minecraft:purple_shulker_box":1,"minecraft:iron_sword":8,"minecraft:black_banner":1,"minecraft:acacia_boat":2,"minecraft:jungle_planks":768,"minecraft:jungle_door":21,"minecraft:white_dye":139,"minecraft:brown_concrete_powder":24,"minecraft:netherite_shovel":1,"minecraft:anvil":7,"minecraft:stonecutter":7,"minecraft:crimson_door":3,"minecraft:torch":2868,"minecraft:granite_slab":14,"minecraft:ender_chest":2,"minecraft:jungle_button":1,"minecraft:light_gray_concrete_powder":64,"minecraft:smooth_stone":269,"minecraft:jungle_fence_gate":13,"minecraft:dark_oak_pressure_plate":1,"minecraft:orange_carpet":30,"minecraft:dark_oak_wood":465,"minecraft:orange_stained_glass":8,"minecraft:oak_pressure_plate":2,"minecraft:oxidized_cut_copper_stairs":2,"minecraft:birch_slab":12,"minecraft:slime_block":3,"minecraft:loom":13,"minecraft:lever":18,"minecraft:lime_glazed_terracotta":4,"minecraft:bookshelf":200,"minecraft:cooked_mutton":1,"minecraft:iron_bars":224,"minecraft:deepslate_brick_stairs":4,"minecraft:magenta_shulker_box":1,"minecraft:quartz_block":23,"minecraft:glass":7756,"minecraft:light_blue_terracotta":24,"minecraft:repeater":37,"minecraft:cyan_stained_glass_pane":64,"minecraft:birch_fence_gate":1,"minecraft:polished_blackstone":3,"minecraft:acacia_fence":63,"minecraft:birch_door":3,"minecraft:magenta_dye":2,"minecraft:flower_pot":45,"minecraft:glass_bottle":18,"minecraft:target":1,"minecraft:deepslate":64,"minecraft:wooden_shovel":53,"minecraft:emerald":1931,"minecraft:smooth_quartz":66,"minecraft:cooked_porkchop":3,"minecraft:diamond_axe":2,"minecraft:spruce_door":24,"minecraft:clock":70,"minecraft:cobbled_deepslate_wall":5,"minecraft:copper_ingot":1723,"minecraft:hay_block":1102,"minecraft:oak_wood":9,"minecraft:campfire":16,"minecraft:light_gray_bed":1,"minecraft:lime_shulker_box":1,"minecraft:smooth_basalt":53,"minecraft:green_terracotta":16,"minecraft:chiseled_deepslate":1,"minecraft:iron_block":273,"minecraft:white_terracotta":296,"minecraft:gold_ingot":822,"minecraft:light_gray_dye":24,"minecraft:spruce_fence_gate":162,"minecraft:birch_stairs":12,"minecraft:yellow_concrete_powder":224,"minecraft:stone_shovel":80,"minecraft:smooth_stone_slab":36,"minecraft:crimson_fence_gate":1,"minecraft:smooth_red_sandstone_slab":8,"minecraft:red_terracotta":24,"minecraft:bone_meal":1302,"minecraft:cyan_stained_glass":48,"minecraft:pink_dye":8,"minecraft:candle":13,"minecraft:orange_wool":2,"minecraft:warped_trapdoor":112,"minecraft:diamond":9,"minecraft:dark_oak_fence":138,"minecraft:detector_rail":6,"minecraft:deepslate_brick_wall":12,"minecraft:ladder":3894,"minecraft:spruce_slab":1392,"minecraft:diamond_boots":2,"minecraft:cobbled_deepslate_stairs":2,"minecraft:red_glazed_terracotta":4,"minecraft:redstone_block":590,"minecraft:jungle_fence":24,"minecraft:dark_oak_planks":2564,"minecraft:golden_helmet":2,"minecraft:dripstone_block":2,"minecraft:coal_block":436,"minecraft:daylight_detector":1,"minecraft:crossbow":1,"minecraft:netherite_pickaxe":1,"minecraft:dried_kelp":64,"minecraft:red_sandstone_slab":36,"minecraft:deepslate_brick_slab":6,"minecraft:red_bed":1,"minecraft:polished_granite":20,"minecraft:glowstone":1,"minecraft:white_stained_glass":192,"minecraft:green_stained_glass_pane":16,"minecraft:jungle_slab":240,"minecraft:acacia_sign":12,"minecraft:gray_shulker_box":1,"minecraft:cyan_shulker_box":1,"minecraft:oak_stairs":124,"minecraft:crimson_fence":3,"minecraft:warped_pressure_plate":1,"minecraft:deepslate_tile_stairs":1,"minecraft:iron_leggings":1,"minecraft:white_bed":5,"minecraft:brick":1866,"minecraft:oak_planks":2196,"minecraft:dark_oak_boat":1,"minecraft:pink_shulker_box":2,"minecraft:cobblestone_stairs":31,"minecraft:warped_hyphae":3,"minecraft:spruce_pressure_plate":3,"minecraft:green_dye":47,"minecraft:dark_oak_door":9,"minecraft:hopper":112,"minecraft:iron_boots":2,"minecraft:raw_copper":783,"minecraft:mossy_cobblestone_slab":2,"minecraft:cyan_terracotta":232,"minecraft:stone_hoe":12,"minecraft:raw_iron_block":173,"minecraft:smoker":1,"minecraft:smooth_red_sandstone":148,"minecraft:item_frame":43,"minecraft:oak_slab":366,"minecraft:acacia_wood":39,"minecraft:crafting_table":18,"minecraft:spruce_planks":15444,"minecraft:light_gray_banner":9,"minecraft:gold_block":11,"minecraft:hopper_minecart":31,"minecraft:crimson_pressure_plate":1,"minecraft:brewing_stand":1,"minecraft:birch_planks":268,"minecraft:dark_oak_slab":504,"minecraft:iron_chestplate":1,"minecraft:book":561,"minecraft:paper":1272,"minecraft:diamond_pickaxe":7,"minecraft:shield":1,"minecraft:birch_fence":3,"minecraft:warped_slab":54,"minecraft:light_blue_dye":10,"minecraft:snow_block":2,"minecraft:green_shulker_box":2,"minecraft:gray_carpet":39,"minecraft:redstone_torch":200,"minecraft:light_gray_carpet":6,"minecraft:sponge":27,"minecraft:shears":66,"minecraft:light_gray_stained_glass_pane":16,"minecraft:green_carpet":18,"minecraft:coarse_dirt":880,"minecraft:redstone":1287,"minecraft:raw_iron":977,"minecraft:coal":2088,"minecraft:light_gray_stained_glass":24,"minecraft:stone_button":35,"minecraft:dark_oak_trapdoor":54,"minecraft:jungle_trapdoor":68,"minecraft:gray_dye":32,"minecraft:dark_oak_sign":9,"minecraft:diamond_block":15,"minecraft:glass_pane":19800,"minecraft:warped_fence":15,"minecraft:yellow_shulker_box":1,"minecraft:polished_deepslate":5,"minecraft:black_terracotta":56,"minecraft:iron_axe":4,"minecraft:spruce_wood":48,"minecraft:slime_ball":9,"minecraft:iron_hoe":2,"minecraft:lime_dye":36,"minecraft:warped_button":1,"minecraft:minecart":19,"minecraft:observer":116,"minecraft:cooked_beef":609,"minecraft:sugar":1439,"minecraft:red_dye":29,"minecraft:bone_block":28,"minecraft:crimson_planks":96,"minecraft:diamond_sword":1,"minecraft:cyan_dye":32,"minecraft:spruce_sign":51,"minecraft:dark_oak_stairs":272,"minecraft:powered_rail":30,"minecraft:smooth_sandstone":444,"minecraft:bucket":160,"minecraft:stone_axe":3,"minecraft:brown_terracotta":48,"minecraft:air":0,"minecraft:bread":5,"minecraft:blue_dye":28,"minecraft:black_stained_glass":16,"minecraft:oak_boat":13,"minecraft:cut_copper":1,"minecraft:gold_nugget":2671,"minecraft:raw_gold":99,"minecraft:brown_wool":34,"minecraft:green_wool":6,"minecraft:acacia_planks":1844,"minecraft:lapis_lazuli":36,"minecraft:lapis_block":198},"minecraft:dropped":{"minecraft:glow_ink_sac":43,"minecraft:diamond":54,"minecraft:crafting_table":4,"minecraft:red_sandstone":107,"minecraft:dark_oak_slab":36,"minecraft:red_mushroom":41,"minecraft:birch_fence":5,"minecraft:dark_oak_fence":1,"minecraft:dark_oak_trapdoor":5,"minecraft:writable_book":3,"minecraft:gold_nugget":14,"minecraft:sand":189,"minecraft:dark_oak_planks":84,"minecraft:white_wool":2,"minecraft:dark_oak_door":2,"minecraft:compass":5,"minecraft:diamond_block":36,"minecraft:lever":1,"minecraft:iron_nugget":4,"minecraft:cobbled_deepslate":89,"minecraft:wheat":77,"minecraft:obsidian":12,"minecraft:stripped_dark_oak_log":25,"minecraft:rotten_flesh":320,"minecraft:oak_planks":73,"minecraft:glowstone_dust":3,"minecraft:warped_sign":7,"minecraft:warped_planks":102,"minecraft:azalea_leaves":59,"minecraft:coal_ore":6,"minecraft:jungle_log":10,"minecraft:leather_boots":1,"minecraft:acacia_sapling":481,"minecraft:leather_leggings":1,"minecraft:painting":1,"minecraft:glass":8,"minecraft:beef":36,"minecraft:podzol":33,"minecraft:warped_wart_block":106,"minecraft:acacia_fence":1,"minecraft:brown_concrete":22,"minecraft:golden_boots":4,"minecraft:wheat_seeds":19086,"minecraft:clock":70,"minecraft:prismarine_crystals":2,"minecraft:deepslate_tile_slab":2,"minecraft:coal_block":19,"minecraft:warped_trapdoor":1,"minecraft:acacia_sign":7,"minecraft:diamond_horse_armor":1,"minecraft:gray_wool":1,"minecraft:ink_sac":29,"minecraft:cooked_salmon":3,"minecraft:potion":1,"minecraft:chainmail_leggings":1,"minecraft:lily_pad":6,"minecraft:acacia_planks":71,"minecraft:player_head":27,"minecraft:cocoa_beans":1,"minecraft:stone_shovel":2,"minecraft:iron_boots":2,"minecraft:white_terracotta":65,"minecraft:oak_sign":8,"minecraft:shears":13,"minecraft:suspicious_stew":1,"minecraft:diamond_sword":4,"minecraft:spruce_boat":1,"minecraft:flower_pot":8,"minecraft:sea_pickle":1,"minecraft:spruce_planks":84,"minecraft:diamond_pickaxe":5,"minecraft:stone_bricks":2,"minecraft:bamboo":40,"minecraft:sandstone":26,"minecraft:bow":7,"minecraft:terracotta":100,"minecraft:soul_sand":30,"minecraft:candle":11,"minecraft:moss_block":121,"minecraft:warped_fungus":4,"minecraft:oak_log":36,"minecraft:ender_pearl":5,"minecraft:dark_oak_sapling":38,"minecraft:jungle_fence":14,"minecraft:leather":2,"minecraft:jungle_planks":60,"minecraft:birch_slab":1,"minecraft:cod":20,"minecraft:cobblestone_stairs":4,"minecraft:dark_oak_log":410,"minecraft:mutton":2,"minecraft:snowball":8,"minecraft:jungle_sign":10,"minecraft:stripped_oak_wood":1,"minecraft:cauldron":10,"minecraft:gold_ingot":14,"minecraft:smooth_sandstone_stairs":1,"minecraft:soul_lantern":1,"minecraft:pointed_dripstone":1,"minecraft:beetroot":3,"minecraft:birch_fence_gate":1,"minecraft:leather_chestplate":1,"minecraft:trident":1,"minecraft:stone_brick_wall":2,"minecraft:beetroot_seeds":8,"minecraft:horn_coral_fan":8,"minecraft:fire_coral_fan":10,"minecraft:iron_ore":9,"minecraft:iron_bars":31,"minecraft:scaffolding":52,"minecraft:polished_granite":5,"minecraft:splash_potion":1,"minecraft:golden_helmet":1,"minecraft:tropical_fish":7,"minecraft:spruce_stairs":3,"minecraft:acacia_log":160,"minecraft:acacia_trapdoor":2,"minecraft:green_dye":4,"minecraft:iron_door":1,"minecraft:light_gray_stained_glass":6,"minecraft:crimson_sign":9,"minecraft:fire_charge":1,"minecraft:polished_andesite_stairs":3,"minecraft:stonecutter":2,"minecraft:polished_basalt":4,"minecraft:tripwire_hook":1,"minecraft:polished_deepslate":1,"minecraft:kelp":617,"minecraft:sweet_berries":24,"minecraft:oak_trapdoor":18,"minecraft:light_gray_terracotta":25,"minecraft:stripped_oak_log":158,"minecraft:deepslate_bricks":1,"minecraft:gray_terracotta":3,"minecraft:andesite":218,"minecraft:golden_leggings":2,"minecraft:oak_sapling":212,"minecraft:brain_coral":4,"minecraft:birch_sign":6,"minecraft:spruce_log":1074,"minecraft:wooden_pickaxe":1,"minecraft:oak_pressure_plate":4,"minecraft:cooked_beef":110,"minecraft:spore_blossom":1,"minecraft:crossbow":3,"minecraft:bubble_coral_fan":3,"minecraft:elytra":8,"minecraft:leather_helmet":2,"minecraft:rail":1,"minecraft:item_frame":6,"minecraft:dirt":753,"minecraft:grass":9,"minecraft:raw_copper_block":5,"minecraft:stone_button":13,"minecraft:chain":2,"minecraft:jungle_sapling":1,"minecraft:bone_block":48,"minecraft:bone_meal":279,"minecraft:dark_oak_boat":1,"minecraft:cyan_carpet":2,"minecraft:bone":39,"minecraft:brain_coral_fan":19,"minecraft:sugar_cane":36,"minecraft:birch_sapling":114,"minecraft:deepslate_brick_slab":3,"minecraft:netherite_shovel":1,"minecraft:white_bed":5,"minecraft:dark_oak_fence_gate":1,"minecraft:salmon":10,"minecraft:chiseled_deepslate":1,"minecraft:tipped_arrow":19,"minecraft:honey_block":3,"minecraft:hopper":1,"minecraft:spruce_slab":14,"minecraft:egg":4,"minecraft:crimson_planks":86,"minecraft:iron_ingot":50,"minecraft:netherite_pickaxe":2,"minecraft:birch_leaves":1,"minecraft:tnt":3,"minecraft:copper_block":41,"minecraft:oak_fence":2,"minecraft:iron_helmet":3,"minecraft:feather":1,"minecraft:cobblestone":222,"minecraft:apple":36,"minecraft:granite":123,"minecraft:spruce_button":5,"minecraft:spruce_door":2,"minecraft:stripped_jungle_log":1,"minecraft:chainmail_helmet":1,"minecraft:coal":80,"minecraft:end_rod":1,"minecraft:warped_slab":27,"minecraft:golden_carrot":26,"minecraft:wooden_hoe":2,"minecraft:brown_terracotta":1,"minecraft:iron_shovel":1,"minecraft:paper":22,"minecraft:string":139,"minecraft:spruce_sapling":385,"minecraft:moss_carpet":1,"minecraft:stone_sword":1,"minecraft:dark_oak_sign":8,"minecraft:deepslate":232,"minecraft:cut_copper_stairs":3,"minecraft:chicken":2,"minecraft:orange_wool":3,"minecraft:nether_bricks":1,"minecraft:spruce_fence":58,"minecraft:pumpkin_seeds":4,"minecraft:potato":5,"minecraft:cobblestone_slab":34,"minecraft:stone":6456,"minecraft:wooden_shovel":5,"minecraft:carved_pumpkin":9,"minecraft:spider_eye":74,"minecraft:birch_boat":5,"minecraft:black_wool":9,"minecraft:spruce_sign":7,"minecraft:crimson_nylium":1,"minecraft:birch_planks":37,"minecraft:brown_mushroom":89,"minecraft:dark_oak_stairs":2,"minecraft:diamond_axe":1,"minecraft:stripped_birch_wood":1,"minecraft:lantern":3,"minecraft:tube_coral_fan":13,"minecraft:flint":19,"minecraft:stripped_warped_hyphae":1,"minecraft:warped_pressure_plate":1,"minecraft:cyan_terracotta":5,"minecraft:crimson_trapdoor":1,"minecraft:crimson_roots":1,"minecraft:cooked_cod":9,"minecraft:amethyst_shard":8,"minecraft:birch_log":134,"minecraft:black_stained_glass":14,"minecraft:gravel":77,"minecraft:crimson_fungus":2,"minecraft:blackstone":25,"minecraft:yellow_wool":879,"minecraft:diamond_shovel":2,"minecraft:stone_stairs":1,"minecraft:honey_bottle":1,"minecraft:carrot":1,"minecraft:chainmail_chestplate":2,"minecraft:poppy":22,"minecraft:gunpowder":71,"minecraft:azalea":6,"minecraft:chest":4,"minecraft:blackstone_slab":1,"minecraft:arrow":82,"minecraft:oak_leaves":35,"minecraft:firework_rocket":166,"minecraft:oak_slab":2,"minecraft:diamond_leggings":1,"minecraft:poisonous_potato":4,"minecraft:lead":3,"minecraft:grass_block":802,"minecraft:stick":66,"minecraft:diorite":81,"minecraft:torch":1,"minecraft:leather_horse_armor":1,"minecraft:iron_leggings":3,"minecraft:crimson_fence":6,"minecraft:flowering_azalea":1,"minecraft:bucket":27,"minecraft:dandelion":14,"minecraft:smooth_basalt":12,"minecraft:redstone":182,"minecraft:red_concrete":43,"minecraft:bubble_coral":2,"minecraft:gray_stained_glass":4,"minecraft:warped_nylium":1,"minecraft:ender_chest":2,"minecraft:coarse_dirt":6,"minecraft:nether_wart":37,"minecraft:raw_copper":38,"minecraft:tuff":63,"minecraft:light_gray_wool":960,"minecraft:red_terracotta":3,"minecraft:filled_map":4,"minecraft:snow":30,"minecraft:shield":1,"minecraft:orange_terracotta":22,"minecraft:iron_chestplate":4,"minecraft:cake":1,"minecraft:pink_wool":2,"minecraft:fire_coral":2,"minecraft:oak_boat":2,"minecraft:stripped_warped_stem":32,"minecraft:diamond_boots":1,"minecraft:stripped_acacia_log":1,"minecraft:stone_pickaxe":1,"minecraft:calcite":2,"minecraft:white_stained_glass":12},"minecraft:killed":{"minecraft:cod":6,"minecraft:tropical_fish":6,"minecraft:pillager":7,"minecraft:zombie":166,"minecraft:endermite":7,"minecraft:ravager":1,"minecraft:witch":2,"minecraft:spider":25,"minecraft:zombie_villager":4,"minecraft:sheep":4,"minecraft:trader_llama":10,"minecraft:slime":48,"minecraft:drowned":17,"minecraft:squid":20,"minecraft:cave_spider":2620,"minecraft:pufferfish":7,"minecraft:skeleton":83,"minecraft:chicken":1,"minecraft:magma_cube":42,"minecraft:glow_squid":7,"minecraft:cow":591,"minecraft:horse":230,"minecraft:wandering_trader":4,"minecraft:enderman":281,"minecraft:wolf":2,"minecraft:pig":3,"minecraft:creeper":87,"minecraft:llama":290,"minecraft:bat":5}},"DataVersion":2730}