{"stats":{"minecraft:killed_by":{"minecraft:ravager":1,"minecraft:magma_cube":1,"minecraft:zombie":6,"minecraft:skeleton":2,"minecraft:creeper":8,"minecraft:player":13},"minecraft:broken":{"minecraft:shears":5,"minecraft:shield":2,"minecraft:iron_pickaxe":21,"minecraft:iron_shovel":10,"minecraft:stone_pickaxe":3,"minecraft:stone_axe":6,"minecraft:stone_shovel":12,"minecraft:diamond_hoe":1,"minecraft:iron_sword":1,"minecraft:iron_axe":19,"minecraft:leather_boots":2},"minecraft:custom":{"minecraft:interact_with_crafting_table":1497,"minecraft:damage_blocked_by_shield":5420,"minecraft:play_time":45613753,"minecraft:deaths":60,"minecraft:jump":300424,"minecraft:interact_with_smoker":67,"minecraft:inspect_dispenser":64,"minecraft:horse_one_cm":11068189,"minecraft:inspect_dropper":2,"minecraft:interact_with_anvil":198,"minecraft:inspect_hopper":17,"minecraft:tune_noteblock":225,"minecraft:time_since_rest":12894,"minecraft:swim_one_cm":3541679,"minecraft:open_chest":18659,"minecraft:open_shulker_box":15006,"minecraft:clean_armor":1,"minecraft:play_noteblock":122,"minecraft:talked_to_villager":4080,"minecraft:interact_with_brewingstand":312,"minecraft:interact_with_beacon":20,"minecraft:fill_cauldron":38,"minecraft:boat_one_cm":5283253,"minecraft:damage_taken":158890,"minecraft:aviate_one_cm":377404557,"minecraft:open_barrel":3855,"minecraft:bell_ring":51,"minecraft:eat_cake_slice":28,"minecraft:leave_game":545,"minecraft:time_since_death":12753,"minecraft:enchant_item":46,"minecraft:interact_with_furnace":1795,"minecraft:traded_with_villager":22602,"minecraft:sleep_in_bed":700,"minecraft:damage_dealt":333845,"minecraft:use_cauldron":103,"minecraft:interact_with_smithing_table":30,"minecraft:sneak_time":3534812,"minecraft:interact_with_lectern":69,"minecraft:interact_with_blast_furnace":481,"minecraft:total_world_time":45613753,"minecraft:interact_with_stonecutter":167,"minecraft:fly_one_cm":64305285,"minecraft:fall_one_cm":5505329,"minecraft:animals_bred":31,"minecraft:sprint_one_cm":92205099,"minecraft:drop":3525,"minecraft:walk_on_water_one_cm":1785920,"minecraft:interact_with_loom":8,"minecraft:open_enderchest":1808,"minecraft:player_kills":13,"minecraft:crouch_one_cm":12636787,"minecraft:mob_kills":33829,"minecraft:climb_one_cm":622123,"minecraft:walk_one_cm":102377031,"minecraft:walk_under_water_one_cm":3468754,"minecraft:pot_flower":130,"minecraft:interact_with_grindstone":28,"minecraft:damage_absorbed":40,"minecraft:minecart_one_cm":306300,"minecraft:pig_one_cm":257333},"minecraft:mined":{"minecraft:dragon_wall_head":12,"minecraft:blue_carpet":10,"minecraft:cut_sandstone_slab":1,"minecraft:red_shulker_box":82,"minecraft:blackstone_stairs":6,"minecraft:white_bed":33,"minecraft:fire_coral_wall_fan":1,"minecraft:red_nether_bricks":8,"minecraft:granite":5832,"minecraft:acacia_log":1588,"minecraft:brown_wool":88,"minecraft:light_gray_bed":13,"minecraft:blue_wool":10,"minecraft:green_concrete":3,"minecraft:oak_wall_sign":4,"minecraft:nether_wart":1262,"minecraft:spawner":1,"minecraft:polished_blackstone_bricks":1,"minecraft:magma_block":163,"minecraft:dark_oak_trapdoor":14,"minecraft:mossy_cobblestone_stairs":31,"minecraft:cobbled_deepslate":83,"minecraft:fire":75,"minecraft:barrel":174,"minecraft:fletching_table":88,"minecraft:deepslate_lapis_ore":102,"minecraft:granite_slab":45,"minecraft:twisting_vines":1,"minecraft:light_gray_concrete":1068,"minecraft:green_carpet":28,"minecraft:white_shulker_box":11,"minecraft:spruce_wood":30,"minecraft:white_banner":1,"minecraft:player_head":59,"minecraft:orange_bed":8,"minecraft:tripwire":1652,"minecraft:jungle_trapdoor":82,"minecraft:sandstone_slab":10,"minecraft:kelp_plant":8,"minecraft:crimson_nylium":66,"minecraft:deepslate_brick_wall":2,"minecraft:smoker":26,"minecraft:deepslate_tile_slab":129,"minecraft:torch":1908,"minecraft:note_block":96,"minecraft:dark_oak_wood":13,"minecraft:melon":3,"minecraft:oxidized_copper":37,"minecraft:dead_bush":119,"minecraft:white_stained_glass_pane":28,"minecraft:nether_brick_slab":1,"minecraft:spruce_wall_sign":44,"minecraft:smooth_quartz_slab":15,"minecraft:lime_shulker_box":42,"minecraft:sugar_cane":664,"minecraft:bricks":28,"minecraft:amethyst_block":2222,"minecraft:birch_sapling":9,"minecraft:white_terracotta":28,"minecraft:chain":37,"minecraft:repeater":15,"minecraft:tinted_glass":5,"minecraft:jukebox":1,"minecraft:grass":1977,"minecraft:dark_oak_sapling":13,"minecraft:smooth_quartz":97,"minecraft:brown_candle":2,"minecraft:smooth_basalt":573,"minecraft:deepslate":22435,"minecraft:deepslate_tiles":509,"minecraft:brown_concrete":1,"minecraft:light_blue_wool":14,"minecraft:mossy_cobblestone":72,"minecraft:dark_oak_log":6685,"minecraft:potted_flowering_azalea_bush":4,"minecraft:cyan_stained_glass":9,"minecraft:sea_lantern":31,"minecraft:end_stone":2,"minecraft:birch_fence_gate":1,"minecraft:dark_oak_fence":3,"minecraft:spruce_fence":446,"minecraft:stripped_jungle_wood":71,"minecraft:redstone_wire":72,"minecraft:red_mushroom":1,"minecraft:white_concrete_powder":37,"minecraft:redstone_ore":2609,"minecraft:acacia_trapdoor":33,"minecraft:light_blue_concrete_powder":7,"minecraft:andesite":5147,"minecraft:green_terracotta":1137,"minecraft:big_dripleaf_stem":8,"minecraft:mossy_stone_brick_stairs":18,"minecraft:vine":512,"minecraft:cobblestone_slab":13,"minecraft:rail":907,"minecraft:bone_block":25,"minecraft:green_wool":10,"minecraft:ender_chest":318,"minecraft:birch_stairs":11,"minecraft:oak_slab":110,"minecraft:soul_sand":1174,"minecraft:glass_pane":127,"minecraft:redstone_block":8,"minecraft:red_sandstone_slab":9,"minecraft:lily_of_the_valley":18,"minecraft:potted_lily_of_the_valley":2,"minecraft:dandelion":96,"minecraft:cornflower":41,"minecraft:warped_roots":8,"minecraft:copper_ore":1298,"minecraft:lightning_rod":29,"minecraft:campfire":66,"minecraft:purpur_pillar":19,"minecraft:tall_grass":393,"minecraft:deepslate_gold_ore":398,"minecraft:green_stained_glass_pane":1,"minecraft:diorite":5562,"minecraft:orange_carpet":36,"minecraft:warped_wart_block":91,"minecraft:black_stained_glass":2,"minecraft:red_terracotta":6418,"minecraft:cut_copper_slab":17,"minecraft:coarse_dirt":6540,"minecraft:cobblestone_wall":8,"minecraft:stripped_spruce_wood":23,"minecraft:weathered_cut_copper":6,"minecraft:sunflower":2,"minecraft:gravel":11239,"minecraft:brown_terracotta":345,"minecraft:cobweb":16,"minecraft:birch_sign":2,"minecraft:oak_button":4,"minecraft:polished_blackstone":178,"minecraft:stone_bricks":79,"minecraft:gold_ore":782,"minecraft:waxed_exposed_cut_copper":2,"minecraft:iron_trapdoor":27,"minecraft:fern":34,"minecraft:oak_sapling":6,"minecraft:farmland":204,"minecraft:mossy_stone_brick_slab":11,"minecraft:andesite_stairs":8,"minecraft:orange_wool":14,"minecraft:brewing_stand":1,"minecraft:spruce_trapdoor":874,"minecraft:budding_amethyst":19,"minecraft:white_concrete":3037,"minecraft:polished_diorite":18,"minecraft:composter":31,"minecraft:mossy_cobblestone_slab":21,"minecraft:brown_bed":44,"minecraft:green_stained_glass":26,"minecraft:pointed_dripstone":32,"minecraft:flowering_azalea_leaves":1299,"minecraft:iron_bars":107,"minecraft:azalea":126,"minecraft:spruce_slab":450,"minecraft:waxed_cut_copper_stairs":2,"minecraft:waxed_cut_copper":1,"minecraft:deepslate_redstone_ore":1173,"minecraft:brown_shulker_box":28,"minecraft:jungle_door":27,"minecraft:quartz_block":50,"minecraft:polished_blackstone_wall":1,"minecraft:powder_snow_cauldron":1,"minecraft:exposed_copper":8,"minecraft:medium_amethyst_bud":3,"minecraft:orange_terracotta":2500,"minecraft:purpur_stairs":1,"minecraft:jungle_stairs":157,"minecraft:mossy_cobblestone_wall":2,"minecraft:beacon":17,"minecraft:nether_quartz_ore":3307,"minecraft:oak_planks":301,"minecraft:light_blue_banner":1,"minecraft:wall_torch":567,"minecraft:cauldron":29,"minecraft:stone_stairs":143,"minecraft:warped_nylium":81,"minecraft:powered_rail":3,"minecraft:dark_oak_slab":6,"minecraft:blue_ice":13,"minecraft:tnt":6,"minecraft:smooth_stone_slab":6,"minecraft:oak_log":3377,"minecraft:beetroots":80,"minecraft:dirt":15105,"minecraft:dispenser":5,"minecraft:ancient_debris":151,"minecraft:daylight_detector":7,"minecraft:quartz_stairs":20,"minecraft:dark_oak_leaves":443,"minecraft:red_stained_glass":1,"minecraft:glow_lichen":71,"minecraft:lever":2,"minecraft:ladder":18,"minecraft:stone_button":4,"minecraft:weathered_copper":1,"minecraft:potted_azalea_bush":6,"minecraft:brown_mushroom_block":536,"minecraft:birch_slab":14,"minecraft:spruce_leaves":5859,"minecraft:acacia_slab":308,"minecraft:crimson_stem":2,"minecraft:hay_block":59,"minecraft:nether_sprouts":2,"minecraft:polished_basalt":13,"minecraft:light_gray_shulker_box":204,"minecraft:gold_block":221,"minecraft:nether_brick_fence":30,"minecraft:bookshelf":1260,"minecraft:deepslate_iron_ore":751,"minecraft:shroomlight":548,"minecraft:oxidized_cut_copper_slab":4,"minecraft:stripped_oak_log":39,"minecraft:jungle_fence_gate":6,"minecraft:scaffolding":414,"minecraft:acacia_leaves":3295,"minecraft:magenta_stained_glass":1,"minecraft:snow_block":2974,"minecraft:stripped_dark_oak_log":1104,"minecraft:basalt":3041,"minecraft:polished_granite":10,"minecraft:oak_fence":77,"minecraft:honey_block":4,"minecraft:gray_stained_glass":97,"minecraft:stone_slab":177,"minecraft:deepslate_coal_ore":1259,"minecraft:red_concrete":1617,"minecraft:prismarine_bricks":2,"minecraft:birch_planks":264,"minecraft:sea_pickle":73,"minecraft:polished_blackstone_slab":143,"minecraft:ice":16,"minecraft:bee_nest":7,"minecraft:black_wool":45,"minecraft:cocoa":315,"minecraft:flower_pot":9,"minecraft:cyan_carpet":8,"minecraft:yellow_concrete":528,"minecraft:cracked_stone_bricks":22,"minecraft:small_dripleaf":6,"minecraft:mossy_stone_bricks":57,"minecraft:jungle_wall_sign":5,"minecraft:dark_oak_planks":69,"minecraft:polished_granite_slab":2,"minecraft:stripped_warped_stem":5,"minecraft:potted_crimson_roots":1,"minecraft:light_blue_concrete":26,"minecraft:black_terracotta":16,"minecraft:jungle_leaves":1710,"minecraft:potted_crimson_fungus":2,"minecraft:obsidian":423,"minecraft:carved_pumpkin":260,"minecraft:red_sand":2116,"minecraft:smooth_red_sandstone_stairs":1,"minecraft:yellow_carpet":5,"minecraft:jungle_log":9113,"minecraft:pink_stained_glass":31,"minecraft:orange_candle":6,"minecraft:coal_block":3,"minecraft:deepslate_bricks":341,"minecraft:purpur_slab":1,"minecraft:lime_stained_glass":21,"minecraft:hopper":22,"minecraft:oxeye_daisy":38,"minecraft:crimson_fungus":16,"minecraft:light_blue_stained_glass":3,"minecraft:weeping_vines_plant":39,"minecraft:tall_seagrass":22,"minecraft:brown_stained_glass":10,"minecraft:sticky_piston":2,"minecraft:moss_carpet":592,"minecraft:pumpkin":578,"minecraft:stripped_dark_oak_wood":118,"minecraft:smooth_red_sandstone":15,"minecraft:oak_sign":1,"minecraft:cave_vines":157,"minecraft:oak_stairs":73,"minecraft:water_cauldron":2,"minecraft:polished_deepslate_slab":20,"minecraft:dirt_path":1240,"minecraft:small_amethyst_bud":1,"minecraft:quartz_slab":14,"minecraft:deepslate_brick_stairs":17,"minecraft:smooth_sandstone_stairs":10,"minecraft:iron_block":1450,"minecraft:piston_head":2,"minecraft:brown_mushroom":7,"minecraft:red_bed":2,"minecraft:player_wall_head":32,"minecraft:amethyst_cluster":1438,"minecraft:soul_fire":11,"minecraft:oxidized_cut_copper_stairs":4,"minecraft:blast_furnace":19,"minecraft:polished_andesite_stairs":29,"minecraft:green_concrete_powder":35,"minecraft:polished_diorite_slab":2,"minecraft:glass":376,"minecraft:potted_oak_sapling":3,"minecraft:smooth_sandstone_slab":12,"minecraft:spruce_sign":9,"minecraft:polished_diorite_stairs":2,"minecraft:cyan_wool":3,"minecraft:black_concrete_powder":4,"minecraft:light_gray_stained_glass":36,"minecraft:wheat":2030,"minecraft:lilac":1,"minecraft:pumpkin_stem":2,"minecraft:waxed_copper_block":3,"minecraft:lime_concrete":1,"minecraft:warped_fungus":17,"minecraft:stone_brick_stairs":11,"minecraft:potted_poppy":4,"minecraft:copper_block":12,"minecraft:prismarine_brick_stairs":1,"minecraft:loom":40,"minecraft:stonecutter":35,"minecraft:red_mushroom_block":262,"minecraft:yellow_stained_glass":1,"minecraft:piston":23,"minecraft:yellow_terracotta":8,"minecraft:stripped_birch_log":1,"minecraft:jack_o_lantern":4,"minecraft:shulker_box":1819,"minecraft:cobbled_deepslate_slab":2,"minecraft:nether_bricks":179,"minecraft:allium":1,"minecraft:jungle_planks":1474,"minecraft:crimson_roots":141,"minecraft:orange_shulker_box":101,"minecraft:horn_coral_wall_fan":1,"minecraft:moss_block":7806,"minecraft:pink_wool":1,"minecraft:jungle_sapling":40,"minecraft:polished_blackstone_button":4,"minecraft:red_sandstone":2,"minecraft:snow":37900,"minecraft:acacia_wood":1,"minecraft:diamond_block":23,"minecraft:potatoes":608,"minecraft:warped_stem":425,"minecraft:bamboo":43,"minecraft:smooth_quartz_stairs":86,"minecraft:warped_trapdoor":7,"minecraft:cut_copper":6,"minecraft:white_wool":119,"minecraft:smithing_table":34,"minecraft:light_gray_carpet":1,"minecraft:gray_concrete":3115,"minecraft:hanging_roots":20,"minecraft:brown_carpet":101,"minecraft:stone_brick_slab":32,"minecraft:observer":11,"minecraft:smooth_sandstone":14,"minecraft:light_gray_concrete_powder":4,"minecraft:emerald_ore":41,"minecraft:smooth_red_sandstone_slab":3,"minecraft:big_dripleaf":2,"minecraft:purple_bed":1,"minecraft:white_carpet":32,"minecraft:spruce_log":21911,"minecraft:birch_leaves":3509,"minecraft:jungle_fence":28,"minecraft:quartz_pillar":22,"minecraft:dark_oak_sign":1,"minecraft:dripstone_block":528,"minecraft:acacia_planks":400,"minecraft:spruce_fence_gate":44,"minecraft:deepslate_emerald_ore":2,"minecraft:infested_stone":7,"minecraft:black_shulker_box":21,"minecraft:waxed_cut_copper_slab":8,"minecraft:large_amethyst_bud":18,"minecraft:spruce_planks":1466,"minecraft:jungle_slab":110,"minecraft:cobblestone_stairs":19,"minecraft:cave_vines_plant":190,"minecraft:grass_block":16485,"minecraft:blue_concrete":1,"minecraft:soul_soil":493,"minecraft:smooth_stone":172,"minecraft:glowstone":118,"minecraft:iron_ore":4776,"minecraft:anvil":6,"minecraft:azure_bluet":43,"minecraft:dark_oak_stairs":1,"minecraft:azalea_leaves":4229,"minecraft:end_stone_bricks":4,"minecraft:brain_coral_block":11,"minecraft:polished_granite_stairs":9,"minecraft:green_bed":6,"minecraft:blackstone":5953,"minecraft:cyan_terracotta":342,"minecraft:twisting_vines_plant":17,"minecraft:polished_deepslate_stairs":19,"minecraft:soul_lantern":13,"minecraft:clay":343,"minecraft:calcite":2984,"minecraft:poppy":117,"minecraft:chest":626,"minecraft:mushroom_stem":113,"minecraft:honeycomb_block":1,"minecraft:cobblestone":487,"minecraft:birch_wood":2,"minecraft:slime_block":48,"minecraft:grindstone":2,"minecraft:iron_door":18,"minecraft:deepslate_copper_ore":128,"minecraft:seagrass":31,"minecraft:acacia_sapling":15,"minecraft:brown_concrete_powder":35,"minecraft:nether_wart_block":919,"minecraft:birch_log":1961,"minecraft:yellow_wool":50,"minecraft:stripped_oak_wood":63,"minecraft:purpur_block":65,"minecraft:light_gray_wool":4,"minecraft:orange_tulip":1,"minecraft:yellow_stained_glass_pane":2,"minecraft:cracked_deepslate_tiles":2,"minecraft:acacia_fence":4,"minecraft:waxed_exposed_cut_copper_slab":10,"minecraft:sand":32794,"minecraft:wither_skeleton_skull":2,"minecraft:netherrack":128227,"minecraft:polished_deepslate_wall":83,"minecraft:oak_leaves":2662,"minecraft:redstone_lamp":30,"minecraft:granite_wall":14,"minecraft:nether_gold_ore":338,"minecraft:diamond_ore":611,"minecraft:red_carpet":57,"minecraft:tuff":3509,"minecraft:deepslate_diamond_ore":293,"minecraft:potted_wither_rose":1,"minecraft:candle":3,"minecraft:blackstone_wall":18,"minecraft:gray_shulker_box":123,"minecraft:gray_stained_glass_pane":4,"minecraft:black_banner":3,"minecraft:weeping_vines":13,"minecraft:white_stained_glass":27,"minecraft:sandstone":7232,"minecraft:rooted_dirt":282,"minecraft:large_fern":13,"minecraft:spore_blossom":8,"minecraft:deepslate_brick_slab":9,"minecraft:diorite_slab":1,"minecraft:oxidized_cut_copper":9,"minecraft:oak_trapdoor":280,"minecraft:spruce_sapling":25,"minecraft:furnace":95,"minecraft:carrots":124,"minecraft:red_concrete_powder":4,"minecraft:acacia_stairs":13,"minecraft:stripped_spruce_log":110,"minecraft:black_concrete":30,"minecraft:polished_deepslate":87,"minecraft:lantern":41,"minecraft:stripped_acacia_log":39,"minecraft:stripped_jungle_log":168,"minecraft:packed_ice":727,"minecraft:chorus_plant":8,"minecraft:stone":100996,"minecraft:yellow_shulker_box":25,"minecraft:redstone_wall_torch":4,"minecraft:podzol":730,"minecraft:light_blue_shulker_box":2,"minecraft:flowering_azalea":91,"minecraft:red_wool":991,"minecraft:soul_torch":1,"minecraft:spruce_door":65,"minecraft:red_banner":4,"minecraft:crafting_table":217,"minecraft:blackstone_slab":10,"minecraft:oak_wood":75,"minecraft:rose_bush":7,"minecraft:andesite_slab":31,"minecraft:lectern":810,"minecraft:andesite_wall":105,"minecraft:lapis_ore":352,"minecraft:lily_pad":3,"minecraft:blue_bed":4,"minecraft:spruce_stairs":219,"minecraft:gray_wool":6,"minecraft:cactus":22,"minecraft:gray_concrete_powder":31,"minecraft:green_shulker_box":65,"minecraft:acacia_fence_gate":6,"minecraft:beehive":399,"minecraft:polished_blackstone_stairs":44,"minecraft:redstone_torch":6,"minecraft:sweet_berry_bush":37,"minecraft:yellow_bed":3,"minecraft:coal_ore":9670,"minecraft:end_rod":8,"minecraft:bubble_coral_wall_fan":1,"minecraft:gray_carpet":7,"minecraft:terracotta":34264,"minecraft:polished_andesite":73,"minecraft:birch_fence":22,"minecraft:warped_slab":4},"minecraft:used":{"minecraft:moss_block":12284,"minecraft:writable_book":39,"minecraft:jack_o_lantern":14,"minecraft:polished_granite_stairs":5,"minecraft:chiseled_deepslate":1,"minecraft:smooth_quartz_slab":235,"minecraft:dispenser":19,"minecraft:red_sandstone_slab":28,"minecraft:poppy":2,"minecraft:stone":57770,"minecraft:rotten_flesh":2,"minecraft:soul_sand":379,"minecraft:cocoa_beans":323,"minecraft:lily_of_the_valley":5,"minecraft:cut_copper":19,"minecraft:cracked_deepslate_tiles":2,"minecraft:deepslate_brick_slab":288,"minecraft:snowball":504,"minecraft:spruce_boat":60,"minecraft:polished_blackstone_slab":1295,"minecraft:jungle_sapling":464,"minecraft:packed_ice":297,"minecraft:stripped_dark_oak_wood":230,"minecraft:quartz_pillar":283,"minecraft:red_wool":907,"minecraft:lava_bucket":629,"minecraft:lime_banner":1,"minecraft:jungle_fence_gate":17,"minecraft:quartz_block":253,"minecraft:netherite_hoe":8896,"minecraft:dark_oak_slab":85,"minecraft:dark_oak_leaves":59,"minecraft:diorite_wall":5,"minecraft:netherite_boots":12,"minecraft:bow":3670,"minecraft:cooked_cod":26,"minecraft:oak_sapling":183,"minecraft:acacia_fence":6,"minecraft:green_stained_glass_pane":2,"minecraft:deepslate_brick_wall":23,"minecraft:mossy_stone_bricks":318,"minecraft:blackstone":6645,"minecraft:cactus":72,"minecraft:wooden_pickaxe":13,"minecraft:mossy_stone_brick_stairs":133,"minecraft:composter":135,"minecraft:clay":138,"minecraft:jungle_boat":1,"minecraft:glow_berries":425,"minecraft:golden_apple":1,"minecraft:cut_sandstone_slab":115,"minecraft:blast_furnace":36,"minecraft:cyan_dye":1,"minecraft:gray_concrete":2842,"minecraft:red_sandstone_wall":4,"minecraft:deepslate_brick_stairs":110,"minecraft:birch_fence":23,"minecraft:red_sandstone":17,"minecraft:gray_stained_glass_pane":63,"minecraft:birch_slab":247,"minecraft:deepslate_iron_ore":8,"minecraft:flowering_azalea_leaves":77,"minecraft:nether_wart_block":227,"minecraft:diamond_sword":1499,"minecraft:smithing_table":370,"minecraft:waxed_cut_copper_stairs":2,"minecraft:oak_boat":32,"minecraft:diorite_slab":9,"minecraft:diorite_stairs":8,"minecraft:oak_trapdoor":630,"minecraft:enchanting_table":1,"minecraft:dead_bush":12,"minecraft:carved_pumpkin":33,"minecraft:armor_stand":39,"minecraft:light_gray_carpet":29,"minecraft:tinted_glass":45,"minecraft:polished_blackstone_wall":59,"minecraft:cooked_salmon":9,"minecraft:torch":9722,"minecraft:orange_stained_glass":1,"minecraft:brewing_stand":12,"minecraft:light_blue_dye":2,"minecraft:nether_quartz_ore":129,"minecraft:yellow_carpet":48,"minecraft:fern":5,"minecraft:orange_candle":27,"minecraft:mossy_cobblestone_stairs":194,"minecraft:sea_lantern":84,"minecraft:iron_block":1443,"minecraft:filled_map":7,"minecraft:polished_deepslate_wall":316,"minecraft:jungle_log":1863,"minecraft:barrel":510,"minecraft:bamboo":50,"minecraft:diamond_chestplate":1,"minecraft:basalt":361,"minecraft:lime_concrete":1,"minecraft:podzol":119,"minecraft:acacia_planks":1032,"minecraft:calcite":542,"minecraft:wheat_seeds":2206,"minecraft:warped_stem":4,"minecraft:light_blue_shulker_box":2,"minecraft:birch_planks":1013,"minecraft:lead":33,"minecraft:blue_concrete_powder":1,"minecraft:cauldron":47,"minecraft:spruce_fence_gate":193,"minecraft:glow_ink_sac":92,"minecraft:leather_boots":2,"minecraft:gold_ore":286,"minecraft:deepslate_bricks":6568,"minecraft:polished_deepslate_slab":45,"minecraft:diamond_block":142,"minecraft:rail":902,"minecraft:red_bed":2,"minecraft:white_bed":27,"minecraft:campfire":204,"minecraft:spruce_log":530,"minecraft:mushroom_stem":19,"minecraft:amethyst_cluster":4,"minecraft:blue_stained_glass_pane":5,"minecraft:yellow_dye":1,"minecraft:diamond_pickaxe":75411,"minecraft:warped_trapdoor":22,"minecraft:diamond_shovel":11695,"minecraft:oak_button":13,"minecraft:spruce_pressure_plate":2,"minecraft:leather_helmet":1,"minecraft:spruce_trapdoor":1866,"minecraft:spruce_sapling":1149,"minecraft:blue_carpet":10,"minecraft:green_carpet":137,"minecraft:potion":14,"minecraft:azalea_leaves":1714,"minecraft:orange_banner":1,"minecraft:andesite_stairs":31,"minecraft:cooked_porkchop":150,"minecraft:stripped_oak_log":50,"minecraft:dandelion":2,"minecraft:green_stained_glass":65,"minecraft:light_blue_banner":2,"minecraft:moss_carpet":1762,"minecraft:waxed_exposed_cut_copper":2,"minecraft:red_sand":18,"minecraft:polished_deepslate":820,"minecraft:polished_basalt":101,"minecraft:nether_wart":1464,"minecraft:stripped_jungle_wood":57,"minecraft:mossy_stone_brick_slab":133,"minecraft:grass":58,"minecraft:green_terracotta":11704,"minecraft:spruce_leaves":4497,"minecraft:jungle_planks":9250,"minecraft:furnace_minecart":1,"minecraft:beehive":1092,"minecraft:obsidian":194,"minecraft:big_dripleaf":23,"minecraft:bricks":14,"minecraft:spruce_wood":279,"minecraft:lantern":146,"minecraft:green_wool":286,"minecraft:mossy_cobblestone_slab":215,"minecraft:raw_gold_block":2,"minecraft:item_frame":470,"minecraft:birch_button":2,"minecraft:deepslate_diamond_ore":98,"minecraft:written_book":671,"minecraft:gold_block":239,"minecraft:dark_oak_sapling":606,"minecraft:end_rod":45,"minecraft:wither_skeleton_skull":8,"minecraft:stripped_acacia_log":6,"minecraft:gray_carpet":44,"minecraft:stone_pickaxe":393,"minecraft:oak_planks":8422,"minecraft:jungle_fence":73,"minecraft:polished_diorite_slab":20,"minecraft:sandstone":7,"minecraft:sugar_cane":9,"minecraft:diamond_axe":10876,"minecraft:white_wool":570,"minecraft:light_blue_concrete":25,"minecraft:netherite_leggings":12,"minecraft:light_blue_wool":77,"minecraft:yellow_concrete":383,"minecraft:end_stone":1,"minecraft:sticky_piston":27,"minecraft:black_terracotta":174,"minecraft:lever":13,"minecraft:daylight_detector":9,"minecraft:dark_oak_log":5117,"minecraft:bread":76,"minecraft:brown_wool":453,"minecraft:warped_slab":14,"minecraft:iron_door":27,"minecraft:deepslate":844,"minecraft:light_blue_concrete_powder":124,"minecraft:chain":169,"minecraft:smooth_stone_slab":150,"minecraft:mossy_cobblestone_wall":19,"minecraft:coarse_dirt":4082,"minecraft:bone_meal":10054,"minecraft:netherite_sword":4864,"minecraft:rose_bush":6,"minecraft:flint_and_steel":25,"minecraft:redstone":354,"minecraft:ender_chest":314,"minecraft:brown_shulker_box":23,"minecraft:deepslate_gold_ore":152,"minecraft:cooked_chicken":41,"minecraft:dirt":17317,"minecraft:prismarine_bricks":17,"minecraft:bee_nest":5,"minecraft:spruce_fence":1416,"minecraft:iron_hoe":178,"minecraft:wooden_axe":1,"minecraft:brown_terracotta":3555,"minecraft:light_gray_stained_glass":84,"minecraft:waxed_cut_copper":2,"minecraft:oak_stairs":111,"minecraft:smooth_sandstone":141,"minecraft:yellow_concrete_powder":517,"minecraft:weathered_cut_copper":6,"minecraft:waxed_cut_copper_slab":25,"minecraft:black_stained_glass":2,"minecraft:soul_soil":85,"minecraft:lime_stained_glass":60,"minecraft:deepslate_tile_stairs":42,"minecraft:netherite_pickaxe":311670,"minecraft:minecart":88,"minecraft:cyan_concrete_powder":1,"minecraft:cooked_beef":71,"minecraft:mossy_stone_brick_wall":10,"minecraft:powder_snow_bucket":117,"minecraft:pumpkin":249,"minecraft:light_gray_bed":14,"minecraft:cobblestone_stairs":90,"minecraft:snow_block":9318,"minecraft:baked_potato":672,"minecraft:red_nether_bricks":329,"minecraft:birch_boat":45,"minecraft:brown_mushroom":13,"minecraft:spruce_sign":449,"minecraft:red_mushroom":6,"minecraft:cyan_stained_glass":161,"minecraft:piston":25,"minecraft:gray_terracotta":1,"minecraft:flower_pot":141,"minecraft:black_wool":55,"minecraft:lapis_ore":5,"minecraft:stone_slab":1060,"minecraft:detector_rail":8,"minecraft:jungle_stairs":689,"minecraft:yellow_wool":204,"minecraft:stone_axe":772,"minecraft:cobbled_deepslate_slab":21,"minecraft:end_crystal":2,"minecraft:pumpkin_pie":4,"minecraft:sea_pickle":132,"minecraft:gray_wool":205,"minecraft:birch_stairs":18,"minecraft:beetroot":15,"minecraft:nether_brick_fence":53,"minecraft:polished_blackstone":1099,"minecraft:spruce_slab":2247,"minecraft:elytra":18,"minecraft:ladder":123,"minecraft:chest":1556,"minecraft:brown_concrete":1,"minecraft:white_shulker_box":14,"minecraft:orange_wool":14,"minecraft:allium":2,"minecraft:jungle_slab":351,"minecraft:acacia_sapling":239,"minecraft:stripped_spruce_log":119,"minecraft:honey_block":47,"minecraft:honeycomb":173,"minecraft:netherite_shovel":121897,"minecraft:grass_block":10309,"minecraft:birch_sapling":411,"minecraft:polished_andesite_stairs":56,"minecraft:orange_shulker_box":92,"minecraft:copper_ore":261,"minecraft:dark_oak_button":2,"minecraft:pink_wool":53,"minecraft:stone_brick_stairs":147,"minecraft:snow":196,"minecraft:dark_oak_boat":1,"minecraft:sweet_berries":176,"minecraft:furnace":127,"minecraft:egg":109,"minecraft:potato":445,"minecraft:seagrass":9,"minecraft:brown_concrete_powder":51,"minecraft:emerald_ore":12,"minecraft:spruce_door":159,"minecraft:diorite":1046,"minecraft:end_stone_bricks":2,"minecraft:cut_copper_slab":180,"minecraft:brick_wall":4,"minecraft:red_stained_glass":62,"minecraft:acacia_trapdoor":292,"minecraft:powered_rail":4,"minecraft:blackstone_stairs":6,"minecraft:orange_tulip":2,"minecraft:lime_concrete_powder":1,"minecraft:purpur_pillar":6,"minecraft:oak_leaves":1303,"minecraft:cookie":3,"minecraft:smooth_quartz_stairs":749,"minecraft:dark_oak_trapdoor":68,"minecraft:sand":2196,"minecraft:smooth_red_sandstone":82,"minecraft:netherite_helmet":9,"minecraft:oxidized_cut_copper_slab":4,"minecraft:black_concrete_powder":69,"minecraft:pumpkin_seeds":65,"minecraft:lightning_rod":69,"minecraft:deepslate_tiles":1171,"minecraft:stone_button":52,"minecraft:cyan_carpet":42,"minecraft:red_terracotta":718,"minecraft:spore_blossom":15,"minecraft:lectern":823,"minecraft:polished_granite":164,"minecraft:diamond_ore":215,"minecraft:soul_lantern":22,"minecraft:wooden_sword":23,"minecraft:dark_oak_fence":12,"minecraft:white_stained_glass":257,"minecraft:green_concrete_powder":351,"minecraft:pink_stained_glass":322,"minecraft:ice":12,"minecraft:gray_stained_glass":275,"minecraft:iron_bars":206,"minecraft:stone_sword":55,"minecraft:acacia_log":664,"minecraft:red_concrete":957,"minecraft:stripped_warped_stem":2,"minecraft:netherrack":2841,"minecraft:anvil":194,"minecraft:orange_bed":10,"minecraft:light_gray_shulker_box":204,"minecraft:dragon_egg":2,"minecraft:target":4,"minecraft:wheat":8,"minecraft:ancient_debris":1,"minecraft:stone_stairs":434,"minecraft:polished_granite_slab":36,"minecraft:glow_lichen":24,"minecraft:nether_brick_slab":265,"minecraft:jungle_trapdoor":241,"minecraft:polished_diorite":347,"minecraft:small_dripleaf":98,"minecraft:shroomlight":1224,"minecraft:red_shulker_box":81,"minecraft:flowering_azalea":99,"minecraft:rooted_dirt":47,"minecraft:iron_axe":5560,"minecraft:spruce_button":1,"minecraft:slime_block":62,"minecraft:smooth_quartz":632,"minecraft:waxed_exposed_cut_copper_slab":9,"minecraft:smooth_basalt":577,"minecraft:tripwire_hook":25,"minecraft:glowstone":150,"minecraft:raw_copper_block":4,"minecraft:oxidized_copper":38,"minecraft:iron_trapdoor":62,"minecraft:acacia_wood":142,"minecraft:cobbled_deepslate":283,"minecraft:orange_terracotta":2483,"minecraft:observer":31,"minecraft:hanging_roots":7,"minecraft:pointed_dripstone":242,"minecraft:water_bucket":971,"minecraft:yellow_banner":1,"minecraft:yellow_shulker_box":26,"minecraft:smooth_sandstone_slab":431,"minecraft:red_mushroom_block":6,"minecraft:fletching_table":91,"minecraft:polished_blackstone_bricks":56,"minecraft:cracked_stone_bricks":18,"minecraft:orange_carpet":66,"minecraft:mossy_cobblestone":547,"minecraft:lime_terracotta":16,"minecraft:vine":7,"minecraft:tnt":17,"minecraft:oak_slab":534,"minecraft:crafting_table":262,"minecraft:birch_sign":16,"minecraft:cod":10,"minecraft:lime_shulker_box":44,"minecraft:cake":4,"minecraft:deepslate_tile_wall":19,"minecraft:oak_log":511,"minecraft:cornflower":8,"minecraft:stripped_jungle_log":151,"minecraft:sunflower":1,"minecraft:iron_pickaxe":5536,"minecraft:crimson_nylium":34,"minecraft:chiseled_stone_bricks":2,"minecraft:cobblestone":2016,"minecraft:red_concrete_powder":1539,"minecraft:sandstone_slab":186,"minecraft:glass_pane":243,"minecraft:black_candle":2,"minecraft:brown_mushroom_block":206,"minecraft:jukebox":1,"minecraft:kelp":5,"minecraft:candle":43,"minecraft:light_gray_dye":1,"minecraft:iron_shovel":2532,"minecraft:oak_sign":52,"minecraft:diamond_hoe":22037,"minecraft:white_concrete_powder":3384,"minecraft:shield":59,"minecraft:white_terracotta":14,"minecraft:iron_sword":248,"minecraft:player_head":206,"minecraft:smooth_sandstone_stairs":848,"minecraft:oxidized_cut_copper":9,"minecraft:nether_bricks":170,"minecraft:prismarine_brick_stairs":9,"minecraft:carrot":142,"minecraft:deepslate_tile_slab":374,"minecraft:tuff":394,"minecraft:cyan_wool":4,"minecraft:axolotl_bucket":51,"minecraft:polished_deepslate_stairs":58,"minecraft:milk_bucket":13,"minecraft:glass":1535,"minecraft:cyan_terracotta":3917,"minecraft:coal_ore":3465,"minecraft:quartz_slab":5,"minecraft:iron_helmet":1,"minecraft:dark_oak_wood":187,"minecraft:gray_concrete_powder":3136,"minecraft:crimson_roots":1,"minecraft:stone_bricks":828,"minecraft:repeater":51,"minecraft:red_carpet":115,"minecraft:redstone_lamp":95,"minecraft:magma_block":121,"minecraft:brown_carpet":350,"minecraft:hay_block":178,"minecraft:scaffolding":949,"minecraft:oxidized_cut_copper_stairs":4,"minecraft:beetroot_seeds":244,"minecraft:polished_diorite_stairs":16,"minecraft:polished_blackstone_stairs":144,"minecraft:stripped_spruce_wood":15,"minecraft:chiseled_polished_blackstone":1,"minecraft:dark_oak_stairs":82,"minecraft:birch_leaves":1333,"minecraft:birch_wood":15,"minecraft:ender_pearl":38,"minecraft:redstone_block":9,"minecraft:blue_bed":4,"minecraft:yellow_terracotta":86,"minecraft:loom":80,"minecraft:black_banner":3,"minecraft:deepslate_redstone_ore":10,"minecraft:note_block":675,"minecraft:blackstone_wall":49,"minecraft:dripstone_block":32,"minecraft:stone_brick_wall":4,"minecraft:shears":2565,"minecraft:exposed_copper":8,"minecraft:redstone_torch":24,"minecraft:black_concrete":25,"minecraft:gray_shulker_box":119,"minecraft:firework_rocket":10046,"minecraft:string":19330,"minecraft:light_gray_concrete":431,"minecraft:brown_stained_glass":320,"minecraft:gravel":37,"minecraft:blackstone_slab":118,"minecraft:granite_slab":28,"minecraft:smooth_red_sandstone_slab":17,"minecraft:jungle_sign":60,"minecraft:stripped_oak_wood":61,"minecraft:grindstone":6,"minecraft:deepslate_coal_ore":22,"minecraft:andesite":1045,"minecraft:white_concrete":1978,"minecraft:chest_minecart":1,"minecraft:oak_fence":107,"minecraft:jungle_leaves":95,"minecraft:purpur_block":3,"minecraft:experience_bottle":64,"minecraft:azalea":238,"minecraft:tropical_fish":1,"minecraft:redstone_ore":16,"minecraft:stone_shovel":1643,"minecraft:spruce_planks":11277,"minecraft:cut_copper_stairs":84,"minecraft:white_carpet":106,"minecraft:hopper":37,"minecraft:spruce_stairs":797,"minecraft:cobblestone_wall":17,"minecraft:diamond_helmet":1,"minecraft:shulker_box":1774,"minecraft:oak_wood":536,"minecraft:raw_iron_block":12,"minecraft:granite":7493,"minecraft:light_blue_stained_glass":55,"minecraft:andesite_wall":451,"minecraft:dark_oak_planks":292,"minecraft:stone_brick_slab":131,"minecraft:bookshelf":1427,"minecraft:yellow_stained_glass":26,"minecraft:acacia_slab":763,"minecraft:red_candle":2,"minecraft:polished_blackstone_brick_stairs":6,"minecraft:light_gray_wool":227,"minecraft:golden_carrot":2877,"minecraft:white_stained_glass_pane":92,"minecraft:cyan_banner":1,"minecraft:granite_wall":35,"minecraft:stone_pressure_plate":2,"minecraft:red_dye":12,"minecraft:brown_candle":24,"minecraft:brown_bed":46,"minecraft:brain_coral_block":1,"minecraft:acacia_boat":2,"minecraft:pink_tulip":1,"minecraft:cooked_mutton":12,"minecraft:iron_ore":1393,"minecraft:amethyst_block":36,"minecraft:glass_bottle":171,"minecraft:cyan_candle":3,"minecraft:polished_andesite":148,"minecraft:netherite_chestplate":2,"minecraft:blue_wool":3,"minecraft:andesite_slab":182,"minecraft:copper_block":76,"minecraft:black_shulker_box":20,"minecraft:magenta_stained_glass":73,"minecraft:white_dye":64,"minecraft:stonecutter":36,"minecraft:beacon":16,"minecraft:cobblestone_slab":73,"minecraft:jungle_wood":82,"minecraft:glow_item_frame":1,"minecraft:stripped_dark_oak_log":740,"minecraft:terracotta":277,"minecraft:light_gray_concrete_powder":1025,"minecraft:painting":75,"minecraft:smoker":48,"minecraft:nether_gold_ore":7,"minecraft:acacia_stairs":144,"minecraft:apple":1,"minecraft:map":20,"minecraft:netherite_axe":52627,"minecraft:acacia_fence_gate":9,"minecraft:green_shulker_box":65,"minecraft:jungle_door":29,"minecraft:red_banner":5,"minecraft:bucket":1591,"minecraft:yellow_bed":9,"minecraft:polished_blackstone_button":8,"minecraft:smooth_stone":195,"minecraft:splash_potion":44,"minecraft:soul_torch":1},"minecraft:picked_up":{"minecraft:lead":327,"minecraft:smithing_table":35,"minecraft:stone_slab":471,"minecraft:enchanted_book":45,"minecraft:blue_concrete":1,"minecraft:polished_deepslate":83,"minecraft:music_disc_cat":2,"minecraft:polished_blackstone_brick_stairs":8,"minecraft:string":2316,"minecraft:pufferfish":6,"minecraft:shroomlight":595,"minecraft:diamond_leggings":20,"minecraft:warped_slab":4,"minecraft:diamond_ore":215,"minecraft:spruce_pressure_plate":14,"minecraft:polished_blackstone_brick_slab":2,"minecraft:polished_blackstone_stairs":97,"minecraft:jukebox":1,"minecraft:big_dripleaf":1333,"minecraft:acacia_log":1937,"minecraft:purpur_pillar":19,"minecraft:cyan_stained_glass":8,"minecraft:brick_wall":4,"minecraft:lightning_rod":29,"minecraft:honeycomb_block":60,"minecraft:warped_button":2,"minecraft:end_crystal":8,"minecraft:golden_chestplate":10,"minecraft:gray_shulker_box":144,"minecraft:green_terracotta":1154,"minecraft:cauldron":88,"minecraft:brown_carpet":144,"minecraft:orange_bed":8,"minecraft:stone_sword":7,"minecraft:honey_bottle":10,"minecraft:horn_coral_fan":2,"minecraft:blackstone_wall":11,"minecraft:polished_basalt":13,"minecraft:carved_pumpkin":440,"minecraft:glowstone":151,"minecraft:bookshelf":461,"minecraft:end_rod":8,"minecraft:white_terracotta":117,"minecraft:waxed_cut_copper":3,"minecraft:blaze_rod":77,"minecraft:iron_bars":340,"minecraft:snowball":3298,"minecraft:sponge":13,"minecraft:feather":74,"minecraft:cooked_beef":155,"minecraft:water_bucket":23,"minecraft:brown_wool":156,"minecraft:dark_oak_boat":3,"minecraft:copper_block":47,"minecraft:flint":1120,"minecraft:purple_stained_glass":3,"minecraft:lantern":580,"minecraft:gray_concrete_powder":31,"minecraft:hanging_roots":17,"minecraft:large_amethyst_bud":1,"minecraft:stonecutter":36,"minecraft:dark_oak_sign":1,"minecraft:diamond_helmet":17,"minecraft:rabbit":9,"minecraft:honeycomb":6412,"minecraft:glow_lichen":120,"minecraft:birch_fence_gate":1,"minecraft:stripped_spruce_log":135,"minecraft:brown_mushroom_block":189,"minecraft:acacia_stairs":15,"minecraft:iron_hoe":4,"minecraft:polished_andesite":66,"minecraft:deepslate":11773,"minecraft:lever":77,"minecraft:granite":5964,"minecraft:spruce_button":2,"minecraft:golden_horse_armor":1,"minecraft:rooted_dirt":334,"minecraft:deepslate_coal_ore":858,"minecraft:jack_o_lantern":37,"minecraft:light_gray_carpet":1,"minecraft:crimson_roots":152,"minecraft:diamond_pickaxe":40,"minecraft:bee_nest":3,"minecraft:clay_ball":404,"minecraft:leather_leggings":6,"minecraft:redstone_lamp":30,"minecraft:dragon_head":12,"minecraft:purpur_block":70,"minecraft:cornflower":44,"minecraft:elytra":65,"minecraft:flint_and_steel":5,"minecraft:white_carpet":59,"minecraft:white_stained_glass":116,"minecraft:iron_shovel":12,"minecraft:polished_blackstone_wall":23,"minecraft:glass_pane":113,"minecraft:netherite_sword":28,"minecraft:stripped_warped_stem":6,"minecraft:jungle_sapling":952,"minecraft:poppy":155,"minecraft:spruce_slab":816,"minecraft:minecart":92,"minecraft:birch_sapling":464,"minecraft:piston":48,"minecraft:diamond_hoe":20,"minecraft:copper_ore":636,"minecraft:lime_shulker_box":54,"minecraft:black_stained_glass":2,"minecraft:stone":84584,"minecraft:cyan_glazed_terracotta":3,"minecraft:white_dye":84,"minecraft:jungle_fence_gate":6,"minecraft:netherite_pickaxe":65,"minecraft:jungle_sign":29,"minecraft:diamond_chestplate":11,"minecraft:purpur_slab":1,"minecraft:hay_block":96,"minecraft:cracked_deepslate_bricks":1,"minecraft:yellow_terracotta":7,"minecraft:totem_of_undying":2,"minecraft:polished_blackstone":455,"minecraft:mutton":11,"minecraft:rail":1607,"minecraft:bone_block":132,"minecraft:emerald_ore":18,"minecraft:oxeye_daisy":52,"minecraft:lime_bed":2,"minecraft:birch_leaves":3096,"minecraft:yellow_shulker_box":28,"minecraft:clock":248,"minecraft:smooth_red_sandstone":25,"minecraft:tripwire_hook":1,"minecraft:fern":40,"minecraft:yellow_dye":32,"minecraft:blackstone_slab":57,"minecraft:jungle_fence":64,"minecraft:acacia_wood":1,"minecraft:purpur_stairs":1,"minecraft:lily_pad":36,"minecraft:paper":518,"minecraft:light_blue_banner":1,"minecraft:apple":240,"minecraft:warped_stem":424,"minecraft:yellow_stained_glass":65,"minecraft:spore_blossom":63,"minecraft:stone_pickaxe":2,"minecraft:iron_ore":2292,"minecraft:magenta_stained_glass":81,"minecraft:dark_oak_stairs":1,"minecraft:polished_andesite_stairs":24,"minecraft:smooth_basalt":838,"minecraft:milk_bucket":2,"minecraft:light_gray_stained_glass":36,"minecraft:sweet_berries":401,"minecraft:red_wool":1236,"minecraft:lime_concrete":1,"minecraft:weathered_copper":1,"minecraft:light_blue_stained_glass":3,"minecraft:dragon_egg":2,"minecraft:leather_helmet":13,"minecraft:oak_wood":173,"minecraft:diamond_shovel":30,"minecraft:coal_ore":4562,"minecraft:slime_ball":107,"minecraft:deepslate_redstone_ore":1003,"minecraft:painting":300,"minecraft:birch_sign":24,"minecraft:baked_potato":1344,"minecraft:smooth_quartz_slab":18,"minecraft:hopper":22,"minecraft:light_blue_concrete":26,"minecraft:ender_chest":343,"minecraft:nether_brick_fence":51,"minecraft:yellow_wool":49,"minecraft:stone_brick_stairs":61,"minecraft:waxed_cut_copper_slab":9,"minecraft:deepslate_lapis_ore":70,"minecraft:experience_bottle":186,"minecraft:smooth_red_sandstone_slab":5,"minecraft:red_sand":2105,"minecraft:smooth_stone":185,"minecraft:comparator":1,"minecraft:bucket":113,"minecraft:rose_bush":393,"minecraft:cobblestone_slab":16,"minecraft:azalea":917,"minecraft:iron_pickaxe":28,"minecraft:smooth_quartz":468,"minecraft:smooth_quartz_stairs":163,"minecraft:deepslate_iron_ore":578,"minecraft:blue_wool":19,"minecraft:tipped_arrow":4,"minecraft:acacia_fence":4,"minecraft:polished_deepslate_stairs":20,"minecraft:spruce_stairs":426,"minecraft:netherite_shovel":37,"minecraft:diorite":5973,"minecraft:vine":64,"minecraft:andesite_wall":431,"minecraft:rotten_flesh":1883,"minecraft:red_sandstone_slab":54,"minecraft:brown_shulker_box":38,"minecraft:deepslate_copper_ore":104,"minecraft:chorus_flower":5,"minecraft:deepslate_brick_stairs":21,"minecraft:obsidian":484,"minecraft:blaze_powder":8,"minecraft:cobblestone":14715,"minecraft:leather_chestplate":9,"minecraft:lilac":1,"minecraft:repeater":16,"minecraft:andesite":6450,"minecraft:orange_carpet":36,"minecraft:golden_leggings":18,"minecraft:beacon":17,"minecraft:potato":5343,"minecraft:smooth_sandstone_stairs":11,"minecraft:prismarine_bricks":7,"minecraft:dirt":20079,"minecraft:stripped_birch_log":1,"minecraft:cut_sandstone_slab":2,"minecraft:name_tag":863,"minecraft:glass":604,"minecraft:bone":1116,"minecraft:acacia_planks":585,"minecraft:granite_wall":16,"minecraft:bow":81,"minecraft:wheat_seeds":8136,"minecraft:orange_tulip":4,"minecraft:small_dripleaf":135,"minecraft:birch_wood":2,"minecraft:grindstone":3,"minecraft:netherite_axe":36,"minecraft:mossy_stone_bricks":197,"minecraft:fletching_table":88,"minecraft:bamboo":820,"minecraft:brown_stained_glass":137,"minecraft:gray_stained_glass":91,"minecraft:light_blue_shulker_box":2,"minecraft:melon":21,"minecraft:grass_block":16128,"minecraft:diamond_block":23,"minecraft:jungle_slab":259,"minecraft:spectral_arrow":93,"minecraft:mossy_cobblestone":178,"minecraft:jungle_leaves":705,"minecraft:sugar":30,"minecraft:yellow_carpet":5,"minecraft:slime_block":185,"minecraft:netherite_helmet":20,"minecraft:soul_lantern":13,"minecraft:crossbow":8,"minecraft:bone_meal":791,"minecraft:grass":228,"minecraft:golden_apple":3,"minecraft:spruce_sign":84,"minecraft:emerald":324,"minecraft:netherrack":17751,"minecraft:chorus_fruit":92,"minecraft:andesite_slab":135,"minecraft:oak_leaves":2484,"minecraft:azure_bluet":59,"minecraft:ladder":112,"minecraft:brown_mushroom":163,"minecraft:packed_ice":825,"minecraft:pink_wool":195,"minecraft:stone_brick_wall":4,"minecraft:diorite_slab":1,"minecraft:chain":149,"minecraft:shield":7,"minecraft:brick":76,"minecraft:oak_trapdoor":355,"minecraft:moss_carpet":2086,"minecraft:birch_fence":24,"minecraft:magenta_wool":3,"minecraft:blackstone":5684,"minecraft:lime_wool":4,"minecraft:end_stone":2,"minecraft:flowering_azalea_leaves":653,"minecraft:note_block":282,"minecraft:polished_blackstone_bricks":1,"minecraft:cookie":18,"minecraft:brown_concrete_powder":146,"minecraft:brown_dye":42,"minecraft:weeping_vines":85,"minecraft:red_shulker_box":85,"minecraft:pumpkin_pie":1,"minecraft:nether_bricks":197,"minecraft:stripped_dark_oak_wood":171,"minecraft:pink_tulip":9,"minecraft:black_banner":3,"minecraft:netherite_boots":29,"minecraft:jungle_boat":5,"minecraft:basalt":2796,"minecraft:dark_oak_button":2,"minecraft:golden_carrot":1889,"minecraft:leather":786,"minecraft:ice":41,"minecraft:crimson_fungus":18,"minecraft:chainmail_chestplate":1,"minecraft:yellow_bed":1,"minecraft:cobblestone_wall":10,"minecraft:gunpowder":497,"minecraft:orange_terracotta":3774,"minecraft:cooked_mutton":11,"minecraft:red_carpet":58,"minecraft:gray_carpet":18,"minecraft:acacia_trapdoor":71,"minecraft:deepslate_emerald_ore":2,"minecraft:rabbit_hide":11,"minecraft:spruce_wood":30,"minecraft:iron_ingot":877,"minecraft:cooked_chicken":174,"minecraft:nether_quartz_ore":186,"minecraft:warped_fungus":18,"minecraft:black_candle":3,"minecraft:stone_brick_slab":154,"minecraft:quartz":6540,"minecraft:dandelion":107,"minecraft:lava_bucket":5,"minecraft:amethyst_shard":12488,"minecraft:soul_torch":1,"minecraft:green_stained_glass":64,"minecraft:red_banner":4,"minecraft:nether_brick_slab":2,"minecraft:spruce_door":103,"minecraft:light_blue_concrete_powder":7,"minecraft:polished_diorite_stairs":2,"minecraft:pumpkin_seeds":1028,"minecraft:white_concrete_powder":304,"minecraft:chainmail_leggings":2,"minecraft:mossy_cobblestone_stairs":43,"minecraft:terracotta":34301,"minecraft:netherite_hoe":1,"minecraft:dark_oak_wood":60,"minecraft:sunflower":194,"minecraft:seagrass":50,"minecraft:iron_chestplate":11,"minecraft:chainmail_boots":4,"minecraft:creeper_head":2,"minecraft:flower_pot":68,"minecraft:anvil":7,"minecraft:diamond_sword":29,"minecraft:oak_stairs":113,"minecraft:brown_bed":47,"minecraft:wither_rose":60,"minecraft:brewing_stand":1,"minecraft:golden_sword":1,"minecraft:polished_deepslate_wall":83,"minecraft:amethyst_block":2221,"minecraft:dark_oak_trapdoor":59,"minecraft:soul_soil":501,"minecraft:cooked_salmon":2,"minecraft:red_nether_bricks":14,"minecraft:beetroot":93,"minecraft:orange_concrete_powder":1,"minecraft:gold_nugget":672,"minecraft:cobbled_deepslate":11886,"minecraft:spruce_planks":1968,"minecraft:waxed_exposed_cut_copper":2,"minecraft:acacia_fence_gate":5,"minecraft:written_book":4,"minecraft:azalea_leaves":2235,"minecraft:melon_slice":732,"minecraft:coal_block":144,"minecraft:dark_oak_door":2,"minecraft:golden_helmet":14,"minecraft:beehive":464,"minecraft:composter":74,"minecraft:green_bed":3,"minecraft:rabbit_foot":1,"minecraft:black_dye":67,"minecraft:gray_stained_glass_pane":4,"minecraft:waxed_cut_copper_stairs":2,"minecraft:light_gray_bed":15,"minecraft:light_blue_wool":18,"minecraft:tropical_fish":57,"minecraft:blue_dye":7,"minecraft:iron_block":1684,"minecraft:cyan_terracotta":413,"minecraft:netherite_chestplate":1,"minecraft:blackstone_stairs":6,"minecraft:birch_log":2100,"minecraft:magma_block":113,"minecraft:mossy_cobblestone_slab":92,"minecraft:polished_diorite_slab":2,"minecraft:oxidized_copper":38,"minecraft:iron_door":20,"minecraft:birch_slab":33,"minecraft:jungle_log":9808,"minecraft:acacia_leaves":61,"minecraft:green_concrete_powder":388,"minecraft:powder_snow_bucket":7,"minecraft:jungle_wood":6,"minecraft:smoker":49,"minecraft:stripped_spruce_wood":23,"minecraft:netherite_leggings":32,"minecraft:gray_concrete":3113,"minecraft:brown_candle":38,"minecraft:light_gray_concrete_powder":5,"minecraft:twisting_vines":58,"minecraft:glowstone_dust":206,"minecraft:moss_block":8862,"minecraft:warped_wart_block":89,"minecraft:ink_sac":242,"minecraft:granite_slab":45,"minecraft:loom":73,"minecraft:dark_oak_log":7918,"minecraft:red_terracotta":6460,"minecraft:barrel":251,"minecraft:stripped_acacia_log":49,"minecraft:white_candle":32,"minecraft:dispenser":5,"minecraft:black_concrete_powder":42,"minecraft:green_concrete":2,"minecraft:polished_granite_slab":66,"minecraft:writable_book":5,"minecraft:deepslate_gold_ore":161,"minecraft:blue_ice":13,"minecraft:chainmail_helmet":1,"minecraft:bread":22,"minecraft:dark_oak_fence":64,"minecraft:bricks":60,"minecraft:spruce_leaves":5934,"minecraft:crafting_table":243,"minecraft:coarse_dirt":7207,"minecraft:sandstone_slab":13,"minecraft:purple_wool":2,"minecraft:nether_wart":5334,"minecraft:jungle_trapdoor":80,"minecraft:red_bed":3,"minecraft:snow":23505,"minecraft:netherite_scrap":4,"minecraft:compass":188,"minecraft:cracked_stone_bricks":22,"minecraft:deepslate_diamond_ore":98,"minecraft:beef":55,"minecraft:cyan_wool":7,"minecraft:iron_nugget":122,"minecraft:quartz_stairs":20,"minecraft:chest":679,"minecraft:egg":518,"minecraft:sandstone":7268,"minecraft:polished_deepslate_slab":24,"minecraft:oak_door":3,"minecraft:glow_item_frame":1,"minecraft:spruce_fence":1064,"minecraft:amethyst_cluster":25,"minecraft:carrot":5167,"minecraft:redstone":4111,"minecraft:mushroom_stem":43,"minecraft:prismarine_crystals":9,"minecraft:blue_carpet":10,"minecraft:tnt":15,"minecraft:polished_granite_stairs":9,"minecraft:cooked_cod":93,"minecraft:beetroot_seeds":411,"minecraft:shears":33,"minecraft:deepslate_bricks":458,"minecraft:diamond_boots":21,"minecraft:cut_copper":18,"minecraft:warped_sign":3,"minecraft:gold_ingot":223,"minecraft:white_shulker_box":24,"minecraft:glow_berries":1172,"minecraft:white_wool":526,"minecraft:lapis_ore":248,"minecraft:stripped_oak_log":308,"minecraft:red_mushroom":91,"minecraft:filled_map":80,"minecraft:brown_concrete":1,"minecraft:oak_log":4244,"minecraft:ancient_debris":151,"minecraft:golden_boots":12,"minecraft:blue_bed":4,"minecraft:white_banner":2,"minecraft:stone_bricks":227,"minecraft:kelp":72,"minecraft:music_disc_far":1,"minecraft:glass_bottle":47,"minecraft:iron_sword":10,"minecraft:flowering_azalea":403,"minecraft:prismarine_brick_stairs":1,"minecraft:white_stained_glass_pane":25,"minecraft:dark_oak_slab":9,"minecraft:daylight_detector":7,"minecraft:yellow_concrete":528,"minecraft:spyglass":2,"minecraft:gravel":9396,"minecraft:birch_stairs":14,"minecraft:small_amethyst_bud":1,"minecraft:spruce_sapling":2134,"minecraft:orange_candle":13,"minecraft:spruce_log":23642,"minecraft:sea_lantern":50,"minecraft:firework_rocket":4560,"minecraft:red_stained_glass":1,"minecraft:polished_diorite":101,"minecraft:stone_axe":2,"minecraft:redstone_ore":2185,"minecraft:diamond_axe":37,"minecraft:gray_wool":8,"minecraft:warped_roots":15,"minecraft:oak_button":10,"minecraft:warped_nylium":83,"minecraft:melon_seeds":9,"minecraft:stripped_dark_oak_log":1198,"minecraft:crimson_nylium":64,"minecraft:ender_pearl":14137,"minecraft:shulker_shell":144,"minecraft:wheat":1950,"minecraft:exposed_copper":8,"minecraft:redstone_block":39,"minecraft:iron_trapdoor":35,"minecraft:light_gray_shulker_box":204,"minecraft:green_stained_glass_pane":1,"minecraft:potion":21,"minecraft:brain_coral_block":23,"minecraft:nether_brick":2,"minecraft:raw_copper":3389,"minecraft:smooth_stone_slab":18,"minecraft:iron_leggings":8,"minecraft:armor_stand":33,"minecraft:sticky_piston":2,"minecraft:netherite_ingot":1,"minecraft:oak_sign":29,"minecraft:sea_pickle":332,"minecraft:deepslate_tiles":507,"minecraft:black_shulker_box":27,"minecraft:dark_oak_leaves":218,"minecraft:redstone_torch":13,"minecraft:calcite":3417,"minecraft:deepslate_tile_wall":30,"minecraft:iron_boots":7,"minecraft:furnace":114,"minecraft:stick":5237,"minecraft:orange_shulker_box":139,"minecraft:jungle_door":33,"minecraft:deepslate_brick_wall":66,"minecraft:brown_terracotta":654,"minecraft:oak_fence":247,"minecraft:torch":5666,"minecraft:porkchop":56,"minecraft:snow_block":3745,"minecraft:pointed_dripstone":591,"minecraft:waxed_exposed_cut_copper_slab":10,"minecraft:quartz_block":49,"minecraft:nether_gold_ore":131,"minecraft:cactus":81,"minecraft:green_wool":150,"minecraft:leather_horse_armor":5,"minecraft:fire_coral_fan":2,"minecraft:cod":262,"minecraft:nautilus_shell":5,"minecraft:magma_cream":242,"minecraft:magenta_dye":26,"minecraft:tuff":3742,"minecraft:warped_trapdoor":21,"minecraft:wither_skeleton_skull":5,"minecraft:acacia_boat":3,"minecraft:green_shulker_box":73,"minecraft:lapis_lazuli":1688,"minecraft:weathered_cut_copper":6,"minecraft:polished_granite":48,"minecraft:leather_boots":17,"minecraft:deepslate_brick_slab":14,"minecraft:raw_gold":1382,"minecraft:cobbled_deepslate_slab":7,"minecraft:powered_rail":8,"minecraft:oak_planks":403,"minecraft:mossy_stone_brick_stairs":42,"minecraft:ghast_tear":18,"minecraft:pink_stained_glass":30,"minecraft:black_terracotta":39,"minecraft:cooked_porkchop":156,"minecraft:axolotl_bucket":3,"minecraft:poisonous_potato":43,"minecraft:polished_blackstone_slab":181,"minecraft:jungle_planks":1572,"minecraft:sand":32569,"minecraft:lily_of_the_valley":38,"minecraft:oxidized_cut_copper_slab":4,"minecraft:shulker_box":2002,"minecraft:orange_wool":14,"minecraft:light_gray_concrete":1068,"minecraft:spruce_fence_gate":197,"minecraft:clay":257,"minecraft:diamond":1455,"minecraft:spruce_boat":80,"minecraft:black_concrete":30,"minecraft:polished_blackstone_button":8,"minecraft:white_concrete":3120,"minecraft:oak_sapling":428,"minecraft:nether_star":4,"minecraft:end_stone_bricks":4,"minecraft:cocoa_beans":1148,"minecraft:allium":1,"minecraft:chicken":7,"minecraft:gold_block":222,"minecraft:diamond_horse_armor":6,"minecraft:stone_stairs":323,"minecraft:iron_axe":10,"minecraft:item_frame":605,"minecraft:quartz_slab":20,"minecraft:cyan_carpet":8,"minecraft:candle":129,"minecraft:detector_rail":3,"minecraft:mossy_cobblestone_wall":43,"minecraft:andesite_stairs":32,"minecraft:oak_boat":50,"minecraft:player_head":422,"minecraft:observer":7,"minecraft:light_gray_wool":130,"minecraft:lectern":814,"minecraft:tinted_glass":660,"minecraft:sugar_cane":2008,"minecraft:spruce_trapdoor":1312,"minecraft:phantom_membrane":98,"minecraft:dark_oak_sapling":733,"minecraft:raw_iron":5299,"minecraft:copper_ingot":176,"minecraft:gray_dye":5,"minecraft:quartz_pillar":22,"minecraft:stone_button":11,"minecraft:iron_horse_armor":3,"minecraft:dark_oak_planks":536,"minecraft:smooth_sandstone_slab":23,"minecraft:arrow":2148,"minecraft:jungle_stairs":181,"minecraft:saddle":37,"minecraft:lime_stained_glass":21,"minecraft:cracked_deepslate_tiles":3,"minecraft:oxidized_cut_copper_stairs":4,"minecraft:glow_ink_sac":314,"minecraft:crimson_stem":2,"minecraft:salmon":10,"minecraft:birch_planks":424,"minecraft:waxed_copper_block":3,"minecraft:nether_wart_block":832,"minecraft:cobblestone_stairs":22,"minecraft:deepslate_tile_slab":128,"minecraft:cut_copper_slab":19,"minecraft:podzol":353,"minecraft:smooth_sandstone":812,"minecraft:red_sandstone":3,"minecraft:heart_of_the_sea":4,"minecraft:stripped_oak_wood":63,"minecraft:mossy_stone_brick_wall":38,"minecraft:acacia_sapling":542,"minecraft:oxidized_cut_copper":9,"minecraft:soul_sand":1150,"minecraft:green_dye":30,"minecraft:book":3623,"minecraft:scaffolding":1412,"minecraft:oak_slab":127,"minecraft:red_concrete_powder":391,"minecraft:birch_boat":58,"minecraft:pumpkin":985,"minecraft:dripstone_block":1126,"minecraft:blast_furnace":19,"minecraft:white_bed":34,"minecraft:gold_ore":362,"minecraft:green_carpet":30,"minecraft:mossy_stone_brick_slab":99,"minecraft:spider_eye":93,"minecraft:stripped_jungle_log":161,"minecraft:campfire":123,"minecraft:honey_block":71,"minecraft:iron_helmet":9,"minecraft:stripped_jungle_wood":72,"minecraft:acacia_slab":324,"minecraft:black_wool":54,"minecraft:red_concrete":1741,"minecraft:coal":13494},"minecraft:crafted":{"minecraft:lime_stained_glass":64,"minecraft:black_dye":408,"minecraft:oak_sign":63,"minecraft:waxed_cut_copper_slab":16,"minecraft:polished_deepslate_wall":32,"minecraft:melon":1,"minecraft:birch_boat":2,"minecraft:blaze_powder":22,"minecraft:chain":217,"minecraft:brick_wall":6,"minecraft:blue_stained_glass_pane":16,"minecraft:diamond_shovel":1,"minecraft:nether_brick":2745,"minecraft:shulker_box":80,"minecraft:diamond_helmet":1,"minecraft:beacon":1,"minecraft:light_blue_concrete_powder":216,"minecraft:stone_pressure_plate":6,"minecraft:iron_door":9,"minecraft:gray_stained_glass_pane":112,"minecraft:cyan_banner":1,"minecraft:dried_kelp_block":1,"minecraft:gray_stained_glass":304,"minecraft:white_shulker_box":10,"minecraft:name_tag":2055,"minecraft:lime_concrete_powder":368,"minecraft:pink_stained_glass":448,"minecraft:blue_stained_glass":8,"minecraft:redstone_lamp":205,"minecraft:end_rod":100,"minecraft:polished_andesite_stairs":32,"minecraft:acacia_slab":736,"minecraft:chest_minecart":1,"minecraft:raw_gold_block":27,"minecraft:lime_banner":1,"minecraft:smithing_table":307,"minecraft:mossy_cobblestone":672,"minecraft:brown_bed":4,"minecraft:nether_brick_fence":60,"minecraft:sticky_piston":38,"minecraft:red_nether_bricks":457,"minecraft:fletching_table":5,"minecraft:orange_candle":13,"minecraft:green_stained_glass":80,"minecraft:cracked_deepslate_tiles":1,"minecraft:polished_deepslate_slab":52,"minecraft:painting":64,"minecraft:cartography_table":1,"minecraft:stone_brick_stairs":252,"minecraft:lectern":66,"minecraft:stone_slab":404,"minecraft:iron_pickaxe":27,"minecraft:black_candle":5,"minecraft:sandstone":39,"minecraft:netherite_ingot":36,"minecraft:composter":124,"minecraft:polished_blackstone_bricks":108,"minecraft:nautilus_shell":13,"minecraft:jungle_sign":51,"minecraft:golden_carrot":2022,"minecraft:orange_shulker_box":6,"minecraft:iron_nugget":1017,"minecraft:diamond_hoe":3,"minecraft:soul_torch":60,"minecraft:acacia_fence_gate":12,"minecraft:red_banner":1,"minecraft:light_gray_wool":2,"minecraft:jack_o_lantern":23,"minecraft:prismarine_brick_stairs":12,"minecraft:spruce_fence":1158,"minecraft:moss_carpet":984,"minecraft:stone_stairs":210,"minecraft:terracotta":6,"minecraft:lantern":475,"minecraft:spruce_stairs":760,"minecraft:light_gray_shulker_box":5,"minecraft:polished_diorite":512,"minecraft:black_concrete_powder":72,"minecraft:red_shulker_box":4,"minecraft:stone_pickaxe":4,"minecraft:spruce_boat":36,"minecraft:purple_carpet":3,"minecraft:lead":162,"minecraft:cut_copper_slab":180,"minecraft:enchanting_table":2,"minecraft:acacia_trapdoor":312,"minecraft:polished_blackstone_stairs":98,"minecraft:dark_oak_button":4,"minecraft:acacia_stairs":144,"minecraft:red_carpet":93,"minecraft:deepslate_tiles":608,"minecraft:enchanted_book":166,"minecraft:orange_dye":204,"minecraft:light_blue_carpet":6,"minecraft:red_stained_glass":64,"minecraft:soul_lantern":36,"minecraft:gunpowder":8,"minecraft:fermented_spider_eye":45,"minecraft:writable_book":18,"minecraft:iron_shovel":10,"minecraft:armor_stand":71,"minecraft:note_block":699,"minecraft:grindstone":2,"minecraft:cobblestone_slab":66,"minecraft:barrel":352,"minecraft:birch_wood":36,"minecraft:polished_granite_slab":66,"minecraft:magenta_banner":1,"minecraft:leather_horse_armor":9,"minecraft:cooked_chicken":1,"minecraft:lightning_rod":42,"minecraft:stone":64,"minecraft:red_sandstone":180,"minecraft:pink_carpet":3,"minecraft:quartz_pillar":126,"minecraft:warped_planks":140,"minecraft:brown_carpet":303,"minecraft:cake":11,"minecraft:stone_brick_slab":114,"minecraft:brown_stained_glass":400,"minecraft:nether_brick_wall":12,"minecraft:bow":13,"minecraft:chest":1085,"minecraft:polished_basalt":420,"minecraft:oak_button":30,"minecraft:yellow_terracotta":256,"minecraft:copper_block":352,"minecraft:jungle_stairs":608,"minecraft:rail":496,"minecraft:blue_concrete_powder":32,"minecraft:bricks":22,"minecraft:birch_button":2,"minecraft:ender_eye":5,"minecraft:stone_bricks":1104,"minecraft:oak_fence":171,"minecraft:polished_diorite_slab":18,"minecraft:dropper":1,"minecraft:arrow":336,"minecraft:cauldron":123,"minecraft:lime_terracotta":272,"minecraft:iron_helmet":1,"minecraft:brown_dye":579,"minecraft:cracked_deepslate_bricks":1,"minecraft:chiseled_polished_blackstone":1,"minecraft:white_stained_glass_pane":80,"minecraft:dispenser":14,"minecraft:tnt":42,"minecraft:spruce_trapdoor":968,"minecraft:purple_dye":2,"minecraft:yellow_dye":278,"minecraft:gray_terracotta":8,"minecraft:stick":91166,"minecraft:iron_ingot":8150,"minecraft:andesite_stairs":13,"minecraft:light_blue_stained_glass":360,"minecraft:lime_carpet":3,"minecraft:cyan_carpet":45,"minecraft:deepslate_bricks":1972,"minecraft:polished_diorite_stairs":33,"minecraft:deepslate_tile_slab":186,"minecraft:small_dripleaf":240,"minecraft:nether_brick_slab":6,"minecraft:stone_brick_wall":12,"minecraft:tripwire_hook":90,"minecraft:beehive":700,"minecraft:leather_boots":89,"minecraft:mossy_stone_bricks":313,"minecraft:blast_furnace":18,"minecraft:furnace":122,"minecraft:piston":56,"minecraft:raw_copper_block":47,"minecraft:smooth_quartz_stairs":133,"minecraft:oak_trapdoor":438,"minecraft:flint_and_steel":2,"minecraft:scaffolding":288,"minecraft:granite_wall":66,"minecraft:white_concrete_powder":3672,"minecraft:orange_terracotta":304,"minecraft:cobblestone_wall":20,"minecraft:brown_shulker_box":2,"minecraft:smooth_quartz_slab":120,"minecraft:birch_sign":15,"minecraft:glistering_melon_slice":68,"minecraft:orange_tulip":3,"minecraft:brown_candle":3,"minecraft:jungle_wood":138,"minecraft:iron_trapdoor":57,"minecraft:polished_blackstone_wall":41,"minecraft:diorite_wall":8,"minecraft:iron_sword":1,"minecraft:acacia_boat":1,"minecraft:jungle_planks":25993,"minecraft:jungle_door":6,"minecraft:white_dye":1057,"minecraft:brown_concrete_powder":264,"minecraft:black_carpet":6,"minecraft:blue_wool":1,"minecraft:anvil":197,"minecraft:stonecutter":3,"minecraft:pink_banner":1,"minecraft:torch":7072,"minecraft:orange_bed":7,"minecraft:magenta_carpet":3,"minecraft:diamond_chestplate":1,"minecraft:ender_chest":5,"minecraft:light_gray_concrete_powder":1024,"minecraft:smooth_stone":627,"minecraft:jungle_fence_gate":25,"minecraft:orange_carpet":99,"minecraft:orange_stained_glass":8,"minecraft:dark_oak_wood":267,"minecraft:birch_slab":414,"minecraft:polished_blackstone_slab":120,"minecraft:loom":98,"minecraft:lever":36,"minecraft:bookshelf":2024,"minecraft:red_sandstone_wall":6,"minecraft:cooked_mutton":7,"minecraft:iron_bars":144,"minecraft:red_concrete_powder":1536,"minecraft:deepslate_brick_stairs":36,"minecraft:quartz_block":1603,"minecraft:glass":24043,"minecraft:repeater":54,"minecraft:diamond_leggings":1,"minecraft:polished_blackstone":1628,"minecraft:stripped_dark_oak_wood":45,"minecraft:acacia_fence":24,"minecraft:magenta_dye":2,"minecraft:flower_pot":103,"minecraft:glass_bottle":165,"minecraft:furnace_minecart":1,"minecraft:target":5,"minecraft:emerald":13311,"minecraft:smooth_quartz":1476,"minecraft:cooked_porkchop":26,"minecraft:diamond_axe":6,"minecraft:spruce_door":174,"minecraft:clock":253,"minecraft:copper_ingot":3298,"minecraft:purple_banner":1,"minecraft:oak_wood":279,"minecraft:hay_block":192,"minecraft:campfire":127,"minecraft:lime_shulker_box":7,"minecraft:smooth_basalt":295,"minecraft:green_terracotta":13723,"minecraft:chiseled_deepslate":1,"minecraft:compass":96,"minecraft:iron_block":487,"minecraft:white_terracotta":104,"minecraft:gold_ingot":1727,"minecraft:light_gray_dye":154,"minecraft:spruce_fence_gate":295,"minecraft:birch_stairs":60,"minecraft:yellow_concrete_powder":760,"minecraft:stone_shovel":13,"minecraft:smooth_stone_slab":154,"minecraft:leather_leggings":8,"minecraft:polished_deepslate_stairs":47,"minecraft:player_head":570,"minecraft:tinted_glass":4600,"minecraft:cut_copper_stairs":58,"minecraft:smooth_red_sandstone_slab":12,"minecraft:mossy_cobblestone_stairs":192,"minecraft:yellow_bed":8,"minecraft:bone_meal":10456,"minecraft:cyan_stained_glass":200,"minecraft:andesite_wall":354,"minecraft:pink_dye":72,"minecraft:candle":114,"minecraft:white_carpet":135,"minecraft:warped_trapdoor":24,"minecraft:diamond":729,"minecraft:detector_rail":6,"minecraft:deepslate_brick_wall":30,"minecraft:ladder":216,"minecraft:blue_banner":1,"minecraft:spruce_slab":3358,"minecraft:diamond_boots":1,"minecraft:deepslate_tile_wall":36,"minecraft:redstone_block":373,"minecraft:jungle_fence":132,"minecraft:dark_oak_planks":4376,"minecraft:golden_helmet":2,"minecraft:wheat":18,"minecraft:coal_block":1029,"minecraft:dripstone_block":2,"minecraft:daylight_detector":64,"minecraft:crossbow":6,"minecraft:rooted_dirt":20,"minecraft:dried_kelp":9,"minecraft:red_sandstone_slab":66,"minecraft:deepslate_brick_slab":84,"minecraft:magenta_stained_glass":72,"minecraft:red_bed":1,"minecraft:polished_granite":544,"minecraft:gray_concrete_powder":3560,"minecraft:glowstone":42,"minecraft:white_stained_glass":616,"minecraft:green_stained_glass_pane":16,"minecraft:jungle_slab":846,"minecraft:mossy_stone_brick_stairs":124,"minecraft:golden_apple":76,"minecraft:andesite_slab":72,"minecraft:gray_shulker_box":6,"minecraft:oak_stairs":96,"minecraft:wooden_axe":1,"minecraft:deepslate_tile_stairs":57,"minecraft:iron_leggings":1,"minecraft:white_bed":13,"minecraft:blue_carpet":9,"minecraft:brick":403,"minecraft:oak_planks":10804,"minecraft:mossy_stone_brick_slab":150,"minecraft:cobblestone_stairs":109,"minecraft:light_blue_banner":1,"minecraft:spruce_pressure_plate":5,"minecraft:suspicious_stew":7,"minecraft:green_dye":3040,"minecraft:hopper":15,"minecraft:iron_boots":1,"minecraft:raw_copper":387,"minecraft:written_book":14,"minecraft:blackstone_wall":126,"minecraft:mossy_cobblestone_slab":172,"minecraft:cyan_terracotta":5200,"minecraft:chiseled_stone_bricks":2,"minecraft:yellow_banner":1,"minecraft:raw_iron_block":155,"minecraft:smoker":16,"minecraft:smooth_red_sandstone":68,"minecraft:item_frame":261,"minecraft:oak_slab":474,"minecraft:acacia_wood":144,"minecraft:map":20,"minecraft:crafting_table":180,"minecraft:spruce_planks":66993,"minecraft:wooden_pickaxe":2,"minecraft:baked_potato":645,"minecraft:gold_block":104,"minecraft:brewing_stand":17,"minecraft:birch_planks":2856,"minecraft:black_shulker_box":2,"minecraft:emerald_block":65,"minecraft:dark_oak_slab":252,"minecraft:book":7,"minecraft:iron_chestplate":1,"minecraft:paper":984,"minecraft:charcoal":9,"minecraft:diamond_pickaxe":2,"minecraft:shield":3,"minecraft:birch_fence":30,"minecraft:warped_slab":18,"minecraft:light_blue_dye":138,"minecraft:stone_sword":2,"minecraft:snow_block":5869,"minecraft:green_shulker_box":9,"minecraft:redstone_torch":131,"minecraft:polished_blackstone_brick_stairs":20,"minecraft:gray_carpet":51,"minecraft:light_gray_carpet":54,"minecraft:shears":7,"minecraft:green_carpet":147,"minecraft:polished_andesite":352,"minecraft:coarse_dirt":888,"minecraft:wooden_sword":1,"minecraft:cobbled_deepslate_slab":42,"minecraft:cookie":270,"minecraft:redstone":2565,"minecraft:raw_iron":1287,"minecraft:coal":5968,"minecraft:light_gray_stained_glass":96,"minecraft:popped_chorus_fruit":92,"minecraft:stone_button":139,"minecraft:dark_oak_trapdoor":42,"minecraft:jungle_trapdoor":226,"minecraft:gray_dye":488,"minecraft:diamond_block":203,"minecraft:glass_pane":256,"minecraft:yellow_shulker_box":4,"minecraft:polished_deepslate":2412,"minecraft:iron_axe":29,"minecraft:black_terracotta":968,"minecraft:green_concrete_powder":384,"minecraft:spruce_wood":255,"minecraft:iron_hoe":2,"minecraft:slime_ball":522,"minecraft:orange_concrete_powder":392,"minecraft:lime_dye":98,"minecraft:netherite_scrap":150,"minecraft:orange_banner":1,"minecraft:minecart":7,"minecraft:observer":37,"minecraft:cooked_beef":37,"minecraft:sugar":96,"minecraft:red_dye":519,"minecraft:cooked_cod":22,"minecraft:cyan_concrete_powder":8,"minecraft:bone_block":131,"minecraft:crimson_planks":8,"minecraft:diamond_sword":1,"minecraft:cyan_dye":806,"minecraft:spruce_sign":495,"minecraft:dark_oak_stairs":120,"minecraft:yellow_carpet":63,"minecraft:smooth_sandstone":2782,"minecraft:nether_bricks":91,"minecraft:bucket":140,"minecraft:stone_axe":5,"minecraft:brown_terracotta":3880,"minecraft:mossy_cobblestone_wall":42,"minecraft:air":0,"minecraft:bread":215,"minecraft:blue_dye":506,"minecraft:cut_copper":128,"minecraft:oak_boat":2,"minecraft:smooth_sandstone_slab":6,"minecraft:gold_nugget":576,"minecraft:raw_gold":225,"minecraft:brown_wool":29,"minecraft:pumpkin_pie":104,"minecraft:acacia_planks":2316,"minecraft:blackstone_slab":34,"minecraft:lapis_lazuli":1215,"minecraft:lapis_block":222,"minecraft:firework_rocket":465},"minecraft:dropped":{"minecraft:iron_sword":4,"minecraft:pink_stained_glass":64,"minecraft:glow_ink_sac":1,"minecraft:glass_bottle":1,"minecraft:diamond":170,"minecraft:crafting_table":7,"minecraft:cooked_porkchop":22,"minecraft:glow_berries":5,"minecraft:gold_block":1,"minecraft:emerald":119,"minecraft:red_bed":1,"minecraft:dark_oak_fence":48,"minecraft:dark_oak_trapdoor":21,"minecraft:netherite_boots":1,"minecraft:writable_book":2,"minecraft:gold_nugget":80,"minecraft:sand":77,"minecraft:smooth_red_sandstone_slab":1,"minecraft:dark_oak_planks":241,"minecraft:white_wool":8,"minecraft:dark_oak_door":1,"minecraft:stone_axe":1,"minecraft:compass":74,"minecraft:diamond_block":3,"minecraft:iron_nugget":64,"minecraft:cobbled_deepslate":161,"minecraft:netherite_sword":4,"minecraft:wheat":2,"minecraft:obsidian":40,"minecraft:stripped_dark_oak_log":1,"minecraft:rotten_flesh":1338,"minecraft:oak_planks":7,"minecraft:warped_sign":3,"minecraft:music_disc_far":1,"minecraft:azure_bluet":6,"minecraft:waxed_copper_block":3,"minecraft:red_mushroom_block":32,"minecraft:azalea_leaves":65,"minecraft:coal_ore":2,"minecraft:jungle_log":64,"minecraft:leather_boots":6,"minecraft:leather_leggings":3,"minecraft:brown_candle":5,"minecraft:glass":19,"minecraft:golden_boots":6,"minecraft:orange_shulker_box":9,"minecraft:wheat_seeds":628,"minecraft:clock":36,"minecraft:smooth_quartz_stairs":1,"minecraft:prismarine_crystals":5,"minecraft:golden_apple":1,"minecraft:coal_block":2,"minecraft:gray_wool":64,"minecraft:cooked_salmon":2,"minecraft:chainmail_leggings":2,"minecraft:stone_brick_slab":5,"minecraft:snow_block":8,"minecraft:green_terracotta":6,"minecraft:netherite_hoe":1,"minecraft:soul_soil":1,"minecraft:player_head":25,"minecraft:cocoa_beans":12,"minecraft:stone_shovel":1,"minecraft:white_carpet":3,"minecraft:iron_boots":1,"minecraft:name_tag":35,"minecraft:white_terracotta":52,"minecraft:white_shulker_box":2,"minecraft:oak_sign":3,"minecraft:shears":5,"minecraft:diamond_sword":10,"minecraft:spruce_trapdoor":68,"minecraft:spruce_planks":350,"minecraft:diamond_pickaxe":18,"minecraft:brown_bed":2,"minecraft:barrel":4,"minecraft:bamboo":41,"minecraft:sandstone":5,"minecraft:bow":39,"minecraft:red_sand":18,"minecraft:magma_block":4,"minecraft:green_concrete_powder":64,"minecraft:terracotta":128,"minecraft:soul_sand":1,"minecraft:moss_block":169,"minecraft:oak_log":258,"minecraft:ender_pearl":13841,"minecraft:dark_oak_sapling":10,"minecraft:leather":41,"minecraft:red_wool":11,"minecraft:jungle_planks":38,"minecraft:mossy_cobblestone_wall":15,"minecraft:dark_oak_log":86,"minecraft:snowball":34,"minecraft:jungle_sign":6,"minecraft:axolotl_bucket":4,"minecraft:cauldron":83,"minecraft:purpur_block":10,"minecraft:andesite_slab":1,"minecraft:pointed_dripstone":32,"minecraft:beetroot":1,"minecraft:leather_chestplate":4,"minecraft:oak_wood":64,"minecraft:beetroot_seeds":4,"minecraft:iron_ore":2,"minecraft:iron_bars":64,"minecraft:scaffolding":263,"minecraft:white_concrete_powder":1,"minecraft:light_gray_concrete_powder":4,"minecraft:bread":18,"minecraft:golden_helmet":4,"minecraft:netherite_axe":6,"minecraft:andesite_wall":63,"minecraft:amethyst_block":32,"minecraft:acacia_log":36,"minecraft:spruce_fence_gate":1,"minecraft:iron_block":12,"minecraft:melon_slice":64,"minecraft:stonecutter":1,"minecraft:cactus":11,"minecraft:polished_deepslate":8,"minecraft:polished_diorite":9,"minecraft:sweet_berries":1,"minecraft:oak_trapdoor":10,"minecraft:totem_of_undying":1,"minecraft:shulker_box":32,"minecraft:netherite_leggings":1,"minecraft:flint_and_steel":3,"minecraft:deepslate_bricks":1,"minecraft:andesite":434,"minecraft:golden_leggings":11,"minecraft:oak_sapling":45,"minecraft:spruce_log":928,"minecraft:wooden_pickaxe":1,"minecraft:magma_cream":2,"minecraft:brown_stained_glass":24,"minecraft:crossbow":6,"minecraft:cookie":2,"minecraft:rooted_dirt":64,"minecraft:saddle":11,"minecraft:elytra":16,"minecraft:leather_helmet":4,"minecraft:red_shulker_box":3,"minecraft:dirt":1066,"minecraft:grass":27,"minecraft:chain":2,"minecraft:jungle_sapling":73,"minecraft:bone_meal":90,"minecraft:phantom_membrane":10,"minecraft:sugar":1,"minecraft:iron_pickaxe":8,"minecraft:bone":226,"minecraft:golden_chestplate":6,"minecraft:birch_sapling":32,"minecraft:netherite_shovel":6,"minecraft:jungle_trapdoor":1,"minecraft:white_bed":3,"minecraft:tipped_arrow":5,"minecraft:jungle_stairs":2,"minecraft:hopper":1,"minecraft:spruce_slab":120,"minecraft:ghast_tear":15,"minecraft:lectern":1,"minecraft:egg":66,"minecraft:enchanted_book":2,"minecraft:iron_ingot":116,"minecraft:netherite_pickaxe":13,"minecraft:birch_leaves":52,"minecraft:netherite_helmet":1,"minecraft:iron_helmet":1,"minecraft:oak_fence":138,"minecraft:feather":9,"minecraft:cobblestone":2790,"minecraft:apple":2,"minecraft:granite":281,"minecraft:spruce_button":1,"minecraft:chainmail_helmet":1,"minecraft:coal":27,"minecraft:jungle_slab":32,"minecraft:golden_carrot":517,"minecraft:iron_trapdoor":8,"minecraft:rabbit":4,"minecraft:diamond_helmet":4,"minecraft:paper":1,"minecraft:string":71,"minecraft:polished_deepslate_wall":1,"minecraft:purpur_pillar":3,"minecraft:moss_carpet":147,"minecraft:redstone_ore":42,"minecraft:stone_sword":4,"minecraft:deepslate":95,"minecraft:diamond_hoe":5,"minecraft:slime_block":83,"minecraft:stone_slab":358,"minecraft:red_sandstone_slab":1,"minecraft:nether_bricks":1,"minecraft:spruce_fence":20,"minecraft:pumpkin_seeds":21,"minecraft:potato":485,"minecraft:shroomlight":11,"minecraft:stone":3590,"minecraft:carved_pumpkin":42,"minecraft:spider_eye":27,"minecraft:birch_boat":2,"minecraft:birch_planks":17,"minecraft:diamond_axe":14,"minecraft:baked_potato":11,"minecraft:lantern":4,"minecraft:flint":43,"minecraft:spruce_leaves":211,"minecraft:cyan_terracotta":323,"minecraft:cornflower":1,"minecraft:cooked_cod":4,"minecraft:cut_copper":10,"minecraft:birch_log":7,"minecraft:brown_mushroom_block":28,"minecraft:armor_stand":16,"minecraft:gravel":771,"minecraft:blackstone":7,"minecraft:diamond_shovel":12,"minecraft:carrot":310,"minecraft:brown_shulker_box":1,"minecraft:poppy":58,"minecraft:rabbit_hide":1,"minecraft:gunpowder":78,"minecraft:glowstone":88,"minecraft:chainmail_boots":3,"minecraft:azalea":113,"minecraft:bee_nest":1,"minecraft:chest":1,"minecraft:arrow":854,"minecraft:basalt":223,"minecraft:gray_shulker_box":4,"minecraft:prismarine_bricks":5,"minecraft:quartz":111,"minecraft:written_book":4,"minecraft:oak_leaves":68,"minecraft:netherrack":12032,"minecraft:firework_rocket":734,"minecraft:water_bucket":2,"minecraft:stripped_spruce_log":3,"minecraft:mossy_cobblestone":2,"minecraft:minecart":2,"minecraft:diamond_leggings":6,"minecraft:poisonous_potato":4,"minecraft:lead":51,"minecraft:observer":1,"minecraft:grass_block":212,"minecraft:stick":1479,"minecraft:diorite":244,"minecraft:torch":87,"minecraft:leather_horse_armor":6,"minecraft:brown_wool":64,"minecraft:iron_leggings":2,"minecraft:iron_axe":6,"minecraft:bucket":13,"minecraft:dandelion":32,"minecraft:smooth_basalt":65,"minecraft:redstone":59,"minecraft:ender_chest":5,"minecraft:coarse_dirt":463,"minecraft:tuff":364,"minecraft:iron_hoe":2,"minecraft:acacia_leaves":12,"minecraft:filled_map":3,"minecraft:snow":4646,"minecraft:shield":1,"minecraft:diamond_chestplate":3,"minecraft:orange_terracotta":106,"minecraft:iron_chestplate":1,"minecraft:pink_wool":122,"minecraft:light_gray_bed":1,"minecraft:oak_boat":11,"minecraft:diamond_boots":3,"minecraft:slime_ball":4,"minecraft:stone_pickaxe":1,"minecraft:nether_quartz_ore":5,"minecraft:calcite":193,"minecraft:white_stained_glass":128},"minecraft:killed":{"minecraft:cod":257,"minecraft:tropical_fish":29,"minecraft:salmon":15,"minecraft:iron_golem":3,"minecraft:pillager":17,"minecraft:goat":16,"minecraft:zombie":831,"minecraft:endermite":3,"minecraft:snow_golem":5,"minecraft:husk":15,"minecraft:rabbit":4,"minecraft:ravager":27,"minecraft:polar_bear":3,"minecraft:zombified_piglin":3,"minecraft:witch":7,"minecraft:spider":114,"minecraft:wither":3,"minecraft:axolotl":32,"minecraft:silverfish":14,"minecraft:piglin":42,"minecraft:zombie_villager":11,"minecraft:sheep":9,"minecraft:trader_llama":5,"minecraft:ghast":3,"minecraft:slime":59,"minecraft:drowned":14,"minecraft:hoglin":43,"minecraft:squid":53,"minecraft:wither_skeleton":24,"minecraft:player":11,"minecraft:villager":13,"minecraft:shulker":204,"minecraft:pufferfish":3,"minecraft:skeleton":607,"minecraft:chicken":33,"minecraft:cat":1,"minecraft:magma_cube":523,"minecraft:glow_squid":29,"minecraft:cow":29,"minecraft:wandering_trader":3,"minecraft:enderman":29826,"minecraft:pig":30,"minecraft:creeper":372,"minecraft:blaze":39,"minecraft:phantom":112,"minecraft:llama":9,"minecraft:bat":12}},"DataVersion":2730}