{"stats":{"minecraft:used":{"minecraft:moss_block":4058,"minecraft:jack_o_lantern":24,"minecraft:writable_book":3,"minecraft:chiseled_deepslate":14,"minecraft:dispenser":3,"minecraft:stone":6970,"minecraft:warped_sign":26,"minecraft:rotten_flesh":6,"minecraft:soul_sand":157,"minecraft:cocoa_beans":5,"minecraft:spruce_boat":10,"minecraft:jungle_sapling":46,"minecraft:packed_ice":103,"minecraft:lava_bucket":18,"minecraft:dark_oak_slab":202,"minecraft:diorite_wall":12,"minecraft:bow":422,"minecraft:cooked_cod":101,"minecraft:oak_sapling":196,"minecraft:dark_prismarine_stairs":1,"minecraft:mossy_stone_bricks":87,"minecraft:leather_leggings":1,"minecraft:prismarine":1422,"minecraft:cactus":81,"minecraft:wooden_pickaxe":9,"minecraft:composter":7,"minecraft:jungle_boat":3,"minecraft:glow_berries":35,"minecraft:golden_apple":1,"minecraft:blast_furnace":8,"minecraft:cyan_dye":19,"minecraft:gray_stained_glass_pane":85,"minecraft:deepslate_iron_ore":1,"minecraft:oak_pressure_plate":4,"minecraft:flowering_azalea_leaves":39,"minecraft:diamond_sword":4429,"minecraft:birch_log":30,"minecraft:oak_boat":11,"minecraft:diorite_stairs":1,"minecraft:oak_trapdoor":58,"minecraft:enchanting_table":2,"minecraft:tinted_glass":1202,"minecraft:cooked_salmon":6,"minecraft:exposed_cut_copper_stairs":87,"minecraft:torch":3148,"minecraft:brewing_stand":3,"minecraft:light_blue_dye":2,"minecraft:cod_bucket":9,"minecraft:oak_fence_gate":1,"minecraft:mossy_cobblestone_stairs":9,"minecraft:sea_lantern":684,"minecraft:iron_block":990,"minecraft:polished_deepslate_wall":27,"minecraft:jungle_log":564,"minecraft:barrel":90,"minecraft:bamboo":76,"minecraft:basalt":246,"minecraft:podzol":7,"minecraft:calcite":187,"minecraft:wheat_seeds":292,"minecraft:light_blue_shulker_box":25,"minecraft:blue_concrete_powder":8,"minecraft:cauldron":1,"minecraft:glow_ink_sac":27,"minecraft:spruce_fence_gate":13,"minecraft:deepslate_bricks":450,"minecraft:polished_deepslate_slab":33,"minecraft:diamond_block":2,"minecraft:rail":2084,"minecraft:red_bed":2,"minecraft:campfire":34,"minecraft:white_bed":27,"minecraft:spruce_log":1211,"minecraft:amethyst_cluster":15,"minecraft:diamond_pickaxe":89204,"minecraft:diamond_shovel":32012,"minecraft:oak_button":4,"minecraft:suspicious_stew":7,"minecraft:spruce_pressure_plate":1,"minecraft:magenta_concrete_powder":8,"minecraft:spruce_trapdoor":332,"minecraft:spruce_sapling":148,"minecraft:potion":19,"minecraft:azalea_leaves":552,"minecraft:cooked_porkchop":27,"minecraft:stripped_oak_log":21,"minecraft:diamond_leggings":1,"minecraft:moss_carpet":391,"minecraft:polished_deepslate":433,"minecraft:melon":3,"minecraft:bone_block":69,"minecraft:polished_basalt":524,"minecraft:nether_wart":8,"minecraft:stripped_jungle_wood":2,"minecraft:green_terracotta":38,"minecraft:jungle_planks":114,"minecraft:furnace_minecart":11,"minecraft:obsidian":60,"minecraft:big_dripleaf":8,"minecraft:spruce_wood":1,"minecraft:lantern":102,"minecraft:mossy_cobblestone_slab":10,"minecraft:raw_gold_block":1,"minecraft:item_frame":164,"minecraft:deepslate_diamond_ore":6,"minecraft:birch_trapdoor":2,"minecraft:written_book":1,"minecraft:gold_block":8,"minecraft:dropper":35,"minecraft:wither_skeleton_skull":3,"minecraft:stone_pickaxe":97,"minecraft:jungle_fence":14,"minecraft:oak_planks":163,"minecraft:prismarine_stairs":6,"minecraft:sandstone":2,"minecraft:sugar_cane":4,"minecraft:diamond_axe":9596,"minecraft:white_wool":1,"minecraft:yellow_concrete":3,"minecraft:sticky_piston":31,"minecraft:lever":11,"minecraft:dark_oak_log":53,"minecraft:bread":65,"minecraft:iron_door":1,"minecraft:deepslate":510,"minecraft:pufferfish_bucket":1,"minecraft:chain":147,"minecraft:mossy_cobblestone_wall":3,"minecraft:smooth_stone_slab":7,"minecraft:coarse_dirt":1359,"minecraft:bone_meal":1780,"minecraft:rose_bush":1,"minecraft:flint_and_steel":85,"minecraft:redstone":404,"minecraft:dried_kelp":64,"minecraft:ender_chest":27,"minecraft:stone_hoe":216,"minecraft:cooked_chicken":3,"minecraft:dirt":2996,"minecraft:prismarine_bricks":884,"minecraft:spruce_fence":73,"minecraft:iron_hoe":220,"minecraft:iron_boots":2,"minecraft:yellow_concrete_powder":8,"minecraft:deepslate_tile_stairs":217,"minecraft:minecart":20,"minecraft:cooked_beef":787,"minecraft:pumpkin":3,"minecraft:iron_leggings":2,"minecraft:cobblestone_stairs":1,"minecraft:baked_potato":310,"minecraft:birch_boat":1,"minecraft:brown_mushroom":1,"minecraft:spruce_sign":16,"minecraft:piston":179,"minecraft:wooden_hoe":78,"minecraft:flower_pot":10,"minecraft:lapis_ore":2,"minecraft:stone_slab":146,"minecraft:jungle_stairs":27,"minecraft:magenta_concrete":3,"minecraft:stone_axe":151,"minecraft:cobbled_deepslate_slab":2,"minecraft:end_crystal":1,"minecraft:sea_pickle":38,"minecraft:spruce_slab":617,"minecraft:ladder":18,"minecraft:chest":445,"minecraft:brown_concrete":3,"minecraft:white_shulker_box":41,"minecraft:weathered_cut_copper_stairs":36,"minecraft:jungle_slab":40,"minecraft:allium":2,"minecraft:yellow_candle":1,"minecraft:stripped_spruce_log":150,"minecraft:honey_block":74,"minecraft:black_stained_glass_pane":44,"minecraft:grass_block":221,"minecraft:polished_andesite_stairs":8,"minecraft:wet_sponge":2060,"minecraft:dark_oak_button":1,"minecraft:stone_brick_stairs":45,"minecraft:dark_oak_boat":17,"minecraft:sweet_berries":10,"minecraft:furnace":22,"minecraft:egg":4,"minecraft:brown_concrete_powder":27,"minecraft:diorite":263,"minecraft:spruce_door":29,"minecraft:cut_copper_slab":2,"minecraft:powered_rail":33,"minecraft:oak_leaves":45,"minecraft:cookie":3,"minecraft:dark_oak_trapdoor":31,"minecraft:sand":26414,"minecraft:black_concrete_powder":8,"minecraft:lightning_rod":35,"minecraft:deepslate_tiles":692,"minecraft:stone_button":298,"minecraft:lectern":16,"minecraft:spore_blossom":7,"minecraft:polished_granite":9,"minecraft:diamond_ore":25,"minecraft:soul_lantern":73,"minecraft:bubble_coral_block":1,"minecraft:green_concrete_powder":8,"minecraft:ice":99,"minecraft:iron_bars":19,"minecraft:acacia_log":2,"minecraft:red_concrete":3,"minecraft:netherrack":1917,"minecraft:dragon_egg":6,"minecraft:warped_wart_block":212,"minecraft:anvil":5,"minecraft:polished_granite_slab":7,"minecraft:blue_concrete":2,"minecraft:polished_diorite":50,"minecraft:small_dripleaf":3,"minecraft:shroomlight":11,"minecraft:red_shulker_box":26,"minecraft:flowering_azalea":26,"minecraft:cyan_shulker_box":45,"minecraft:rooted_dirt":14,"minecraft:iron_axe":1217,"minecraft:spruce_button":26,"minecraft:slime_block":543,"minecraft:prismarine_slab":16,"minecraft:melon_seeds":2,"minecraft:smooth_basalt":47,"minecraft:glowstone":95,"minecraft:raw_copper_block":7,"minecraft:iron_trapdoor":10,"minecraft:oxidized_copper":16,"minecraft:orange_terracotta":2,"minecraft:cobbled_deepslate":347,"minecraft:observer":119,"minecraft:pointed_dripstone":1,"minecraft:water_bucket":1114,"minecraft:fletching_table":5,"minecraft:cracked_stone_bricks":103,"minecraft:mossy_cobblestone":499,"minecraft:lime_terracotta":678,"minecraft:comparator":35,"minecraft:oak_slab":241,"minecraft:tnt":22,"minecraft:crafting_table":136,"minecraft:birch_sign":94,"minecraft:cod":25,"minecraft:oak_log":722,"minecraft:dark_prismarine":114,"minecraft:stripped_jungle_log":52,"minecraft:sunflower":5,"minecraft:iron_pickaxe":1148,"minecraft:cobblestone":2440,"minecraft:red_concrete_powder":8,"minecraft:glass_pane":573,"minecraft:black_candle":4,"minecraft:kelp":1462,"minecraft:candle":22,"minecraft:light_blue_stained_glass_pane":36,"minecraft:iron_shovel":397,"minecraft:diamond_hoe":5862,"minecraft:oak_sign":35,"minecraft:white_concrete_powder":8,"minecraft:shield":44,"minecraft:white_terracotta":2,"minecraft:bell":1,"minecraft:player_head":27,"minecraft:smooth_sandstone_stairs":1,"minecraft:iron_chestplate":3,"minecraft:nether_bricks":5,"minecraft:prismarine_brick_stairs":163,"minecraft:carrot":569,"minecraft:deepslate_tile_slab":702,"minecraft:tuff":865,"minecraft:axolotl_bucket":9,"minecraft:polished_deepslate_stairs":545,"minecraft:glass":133,"minecraft:coal_ore":40,"minecraft:stone_bricks":1363,"minecraft:repeater":150,"minecraft:hay_block":8,"minecraft:oxidized_cut_copper_stairs":35,"minecraft:stripped_spruce_wood":4,"minecraft:dark_oak_stairs":346,"minecraft:birch_leaves":4,"minecraft:dark_oak_sign":1,"minecraft:ender_pearl":20,"minecraft:redstone_block":6,"minecraft:sponge":1942,"minecraft:note_block":92,"minecraft:shears":928,"minecraft:redstone_torch":184,"minecraft:green_concrete":3,"minecraft:black_concrete":2,"minecraft:string":2,"minecraft:gravel":483,"minecraft:jungle_sign":3,"minecraft:grindstone":49,"minecraft:andesite":491,"minecraft:white_concrete":2,"minecraft:oak_fence":142,"minecraft:jungle_leaves":5,"minecraft:petrified_oak_slab":5,"minecraft:azalea":91,"minecraft:trident":2126,"minecraft:tropical_fish":1,"minecraft:cracked_deepslate_bricks":1,"minecraft:stone_shovel":367,"minecraft:spruce_planks":411,"minecraft:cut_copper_stairs":113,"minecraft:oak_door":6,"minecraft:spyglass":15,"minecraft:hopper":189,"minecraft:spruce_stairs":214,"minecraft:cobblestone_wall":4,"minecraft:shulker_box":449,"minecraft:raw_iron_block":4,"minecraft:granite":93,"minecraft:light_blue_stained_glass":1590,"minecraft:andesite_wall":3,"minecraft:birch_door":90,"minecraft:dark_oak_planks":54,"minecraft:bookshelf":42,"minecraft:red_candle":6,"minecraft:golden_carrot":387,"minecraft:cooked_mutton":14,"minecraft:acacia_boat":6,"minecraft:amethyst_block":181,"minecraft:iron_ore":4,"minecraft:polished_andesite":447,"minecraft:glass_bottle":45,"minecraft:andesite_slab":33,"minecraft:copper_block":123,"minecraft:black_shulker_box":11,"minecraft:white_dye":3,"minecraft:beacon":7,"minecraft:stonecutter":25,"minecraft:cobblestone_slab":31,"minecraft:glow_item_frame":12,"minecraft:jungle_wood":11,"minecraft:stripped_dark_oak_log":5,"minecraft:lime_bed":2,"minecraft:painting":39,"minecraft:dark_oak_door":55,"minecraft:smoker":1,"minecraft:fishing_rod":9,"minecraft:jungle_door":7,"minecraft:bucket":1153,"minecraft:yellow_bed":17,"minecraft:polished_blackstone_button":8,"minecraft:smooth_stone":761,"minecraft:splash_potion":23},"minecraft:killed_by":{"minecraft:skeleton":1,"minecraft:creeper":6,"minecraft:player":2},"minecraft:killed":{"minecraft:cod":2,"minecraft:guardian":811,"minecraft:elder_guardian":3,"minecraft:salmon":2,"minecraft:zombie":422,"minecraft:husk":4,"minecraft:rabbit":1,"minecraft:zombified_piglin":7,"minecraft:witch":1,"minecraft:spider":46,"minecraft:axolotl":2,"minecraft:piglin":8,"minecraft:zombie_villager":5,"minecraft:sheep":12,"minecraft:ghast":7,"minecraft:slime":177,"minecraft:drowned":222,"minecraft:squid":7,"minecraft:wither_skeleton":36,"minecraft:player":6,"minecraft:skeleton":1351,"minecraft:chicken":6,"minecraft:magma_cube":169,"minecraft:glow_squid":32,"minecraft:cow":80,"minecraft:enderman":1634,"minecraft:pig":15,"minecraft:creeper":119,"minecraft:blaze":59,"minecraft:phantom":6,"minecraft:bat":7},"minecraft:mined":{"minecraft:red_shulker_box":25,"minecraft:white_bed":25,"minecraft:cyan_shulker_box":39,"minecraft:granite":1616,"minecraft:acacia_log":120,"minecraft:exposed_cut_copper_stairs":83,"minecraft:oak_pressure_plate":2,"minecraft:green_concrete":11,"minecraft:oak_wall_sign":7,"minecraft:nether_wart":50,"minecraft:magma_block":11,"minecraft:mossy_cobblestone_stairs":5,"minecraft:dark_oak_trapdoor":12,"minecraft:fire":110,"minecraft:barrel":37,"minecraft:cobbled_deepslate":201,"minecraft:fletching_table":3,"minecraft:deepslate_lapis_ore":11,"minecraft:spruce_pressure_plate":1,"minecraft:white_shulker_box":30,"minecraft:player_head":5,"minecraft:tripwire":1,"minecraft:cut_sandstone":5,"minecraft:kelp_plant":539,"minecraft:crimson_nylium":3,"minecraft:deepslate_tile_slab":110,"minecraft:torch":1257,"minecraft:note_block":17,"minecraft:oxidized_copper":7,"minecraft:melon":24,"minecraft:dead_bush":11,"minecraft:spruce_wall_sign":1,"minecraft:sugar_cane":250,"minecraft:amethyst_block":120,"minecraft:white_terracotta":2,"minecraft:chain":28,"minecraft:repeater":108,"minecraft:tinted_glass":202,"minecraft:grass":244,"minecraft:smooth_basalt":85,"minecraft:deepslate":2979,"minecraft:deepslate_tiles":151,"minecraft:dark_prismarine":566,"minecraft:brown_concrete":11,"minecraft:mossy_cobblestone":106,"minecraft:dark_oak_log":446,"minecraft:sea_lantern":388,"minecraft:spruce_fence":12,"minecraft:stripped_jungle_wood":2,"minecraft:redstone_wire":173,"minecraft:red_mushroom":2,"minecraft:redstone_ore":72,"minecraft:andesite":2213,"minecraft:mossy_stone_brick_stairs":2,"minecraft:cobblestone_slab":13,"minecraft:vine":85,"minecraft:rail":1962,"minecraft:bone_block":41,"minecraft:ender_chest":27,"minecraft:oak_slab":86,"minecraft:redstone_block":5,"minecraft:glass_pane":181,"minecraft:soul_sand":170,"minecraft:lily_of_the_valley":1,"minecraft:dandelion":6,"minecraft:prismarine_slab":2,"minecraft:warped_roots":1,"minecraft:campfire":10,"minecraft:lightning_rod":26,"minecraft:tall_grass":48,"minecraft:copper_ore":174,"minecraft:deepslate_gold_ore":33,"minecraft:diorite":2399,"minecraft:warped_wart_block":996,"minecraft:coarse_dirt":1198,"minecraft:cobblestone_wall":4,"minecraft:dark_oak_wall_sign":2,"minecraft:sunflower":6,"minecraft:gravel":1775,"minecraft:birch_sign":9,"minecraft:stone_bricks":428,"minecraft:gold_ore":123,"minecraft:iron_trapdoor":5,"minecraft:stone_pressure_plate":1,"minecraft:oak_sapling":31,"minecraft:farmland":164,"minecraft:mossy_stone_brick_slab":2,"minecraft:brewing_stand":1,"minecraft:spruce_trapdoor":90,"minecraft:budding_amethyst":8,"minecraft:white_concrete":10,"minecraft:polished_diorite":27,"minecraft:composter":2,"minecraft:pointed_dripstone":7,"minecraft:flowering_azalea_leaves":286,"minecraft:iron_bars":7,"minecraft:azalea":53,"minecraft:spruce_slab":138,"minecraft:deepslate_redstone_ore":34,"minecraft:jungle_door":5,"minecraft:exposed_copper":9,"minecraft:medium_amethyst_bud":3,"minecraft:orange_terracotta":2,"minecraft:jungle_stairs":1,"minecraft:mossy_cobblestone_wall":3,"minecraft:beacon":7,"minecraft:nether_quartz_ore":91,"minecraft:wither_skeleton_wall_skull":3,"minecraft:oak_planks":30,"minecraft:wall_torch":130,"minecraft:petrified_oak_slab":5,"minecraft:powered_rail":27,"minecraft:dark_oak_slab":20,"minecraft:tnt":3,"minecraft:smooth_stone_slab":4,"minecraft:oak_log":1347,"minecraft:lime_terracotta":91,"minecraft:dirt":5375,"minecraft:raw_copper_block":3,"minecraft:dispenser":3,"minecraft:ancient_debris":1,"minecraft:dark_oak_leaves":41,"minecraft:glow_lichen":4,"minecraft:lever":3,"minecraft:ladder":1,"minecraft:stone_button":18,"minecraft:yellow_candle":1,"minecraft:weathered_copper":5,"minecraft:potted_azalea_bush":1,"minecraft:brown_mushroom_block":59,"minecraft:spruce_leaves":297,"minecraft:hay_block":92,"minecraft:polished_basalt":72,"minecraft:nether_sprouts":1,"minecraft:gold_block":14,"minecraft:nether_brick_fence":5,"minecraft:bookshelf":26,"minecraft:deepslate_iron_ore":102,"minecraft:shroomlight":43,"minecraft:stripped_oak_log":39,"minecraft:wet_sponge":2090,"minecraft:acacia_leaves":35,"minecraft:scaffolding":1,"minecraft:stripped_dark_oak_log":13,"minecraft:basalt":751,"minecraft:polished_granite":1,"minecraft:oak_fence":31,"minecraft:honey_block":22,"minecraft:stone_slab":47,"minecraft:deepslate_coal_ore":159,"minecraft:red_concrete":11,"minecraft:prismarine_bricks":6350,"minecraft:sea_pickle":23,"minecraft:ice":86,"minecraft:white_wall_banner":1,"minecraft:cocoa":5,"minecraft:flower_pot":1,"minecraft:yellow_concrete":11,"minecraft:cracked_stone_bricks":30,"minecraft:small_dripleaf":2,"minecraft:mossy_stone_bricks":88,"minecraft:jungle_wall_sign":1,"minecraft:dark_oak_planks":7,"minecraft:polished_granite_slab":12,"minecraft:dark_prismarine_stairs":1,"minecraft:jungle_leaves":614,"minecraft:obsidian":63,"minecraft:jungle_log":860,"minecraft:deepslate_bricks":109,"minecraft:deepslate_tile_stairs":64,"minecraft:bubble_coral_block":2,"minecraft:tube_coral_block":2,"minecraft:hopper":19,"minecraft:light_blue_stained_glass":51,"minecraft:tall_seagrass":450,"minecraft:sticky_piston":14,"minecraft:pumpkin":21,"minecraft:moss_carpet":176,"minecraft:enchanting_table":1,"minecraft:cave_vines":3,"minecraft:polished_deepslate_slab":8,"minecraft:oak_sign":5,"minecraft:dirt_path":9,"minecraft:oak_stairs":1,"minecraft:smooth_sandstone_stairs":1,"minecraft:iron_block":824,"minecraft:red_bed":1,"minecraft:player_wall_head":7,"minecraft:soul_fire":1,"minecraft:amethyst_cluster":256,"minecraft:oxidized_cut_copper_stairs":67,"minecraft:blast_furnace":7,"minecraft:glass":46,"minecraft:smooth_sandstone_slab":6,"minecraft:weathered_cut_copper_stairs":54,"minecraft:light_gray_stained_glass":2,"minecraft:wheat":496,"minecraft:lilac":1,"minecraft:birch_door":77,"minecraft:stone_brick_stairs":12,"minecraft:copper_block":90,"minecraft:prismarine_brick_stairs":115,"minecraft:red_mushroom_block":45,"minecraft:stonecutter":25,"minecraft:piston":105,"minecraft:light_blue_stained_glass_pane":16,"minecraft:jack_o_lantern":6,"minecraft:shulker_box":432,"minecraft:nether_bricks":185,"minecraft:allium":3,"minecraft:jungle_planks":100,"minecraft:magenta_concrete":11,"minecraft:moss_block":1136,"minecraft:kelp":237,"minecraft:jungle_sapling":5,"minecraft:polished_blackstone_button":3,"minecraft:warped_wall_sign":4,"minecraft:potatoes":24,"minecraft:warped_stem":32,"minecraft:bamboo":114,"minecraft:white_wool":3,"minecraft:comparator":3,"minecraft:stone_brick_slab":1,"minecraft:observer":22,"minecraft:smooth_sandstone":1,"minecraft:spruce_button":12,"minecraft:sponge":2125,"minecraft:dropper":29,"minecraft:cracked_deepslate_bricks":1,"minecraft:spruce_log":2966,"minecraft:birch_leaves":83,"minecraft:jungle_fence":5,"minecraft:dripstone_block":2,"minecraft:spruce_fence_gate":1,"minecraft:black_shulker_box":12,"minecraft:large_amethyst_bud":1,"minecraft:spruce_planks":91,"minecraft:attached_melon_stem":1,"minecraft:jungle_slab":6,"minecraft:grass_block":1242,"minecraft:blue_concrete":10,"minecraft:soul_soil":16,"minecraft:warped_sign":1,"minecraft:smooth_stone":690,"minecraft:glowstone":113,"minecraft:iron_ore":565,"minecraft:anvil":1,"minecraft:azure_bluet":1,"minecraft:dark_oak_stairs":66,"minecraft:birch_wall_sign":23,"minecraft:azalea_leaves":1102,"minecraft:blackstone":5,"minecraft:polished_deepslate_stairs":118,"minecraft:soul_lantern":12,"minecraft:clay":16,"minecraft:calcite":174,"minecraft:poppy":3,"minecraft:chest":46,"minecraft:mushroom_stem":12,"minecraft:cobblestone":1254,"minecraft:slime_block":476,"minecraft:grindstone":22,"minecraft:prismarine":4493,"minecraft:deepslate_copper_ore":21,"minecraft:seagrass":173,"minecraft:dark_oak_door":11,"minecraft:nether_wart_block":1,"minecraft:birch_log":100,"minecraft:birch_trapdoor":2,"minecraft:diorite_wall":6,"minecraft:sand":22889,"minecraft:netherrack":4959,"minecraft:polished_deepslate_wall":4,"minecraft:oak_leaves":653,"minecraft:nether_gold_ore":8,"minecraft:diamond_ore":92,"minecraft:tuff":949,"minecraft:deepslate_diamond_ore":16,"minecraft:candle":10,"minecraft:oak_door":2,"minecraft:gray_stained_glass_pane":31,"minecraft:sandstone":59,"minecraft:rooted_dirt":15,"minecraft:spore_blossom":6,"minecraft:oak_trapdoor":45,"minecraft:spruce_sapling":12,"minecraft:furnace":6,"minecraft:carrots":174,"minecraft:chiseled_sandstone":2,"minecraft:dark_oak_fence_gate":1,"minecraft:stripped_spruce_log":227,"minecraft:black_concrete":10,"minecraft:chiseled_deepslate":14,"minecraft:bell":3,"minecraft:polished_deepslate":148,"minecraft:lantern":11,"minecraft:stripped_jungle_log":105,"minecraft:packed_ice":15,"minecraft:stone":48869,"minecraft:redstone_wall_torch":24,"minecraft:podzol":77,"minecraft:light_blue_shulker_box":15,"minecraft:flowering_azalea":22,"minecraft:cut_copper_stairs":30,"minecraft:spruce_door":13,"minecraft:crafting_table":99,"minecraft:rose_bush":2,"minecraft:andesite_slab":5,"minecraft:lectern":14,"minecraft:lapis_ore":35,"minecraft:spruce_stairs":73,"minecraft:lime_bed":2,"minecraft:cactus":42,"minecraft:redstone_torch":103,"minecraft:sweet_berry_bush":1,"minecraft:yellow_bed":17,"minecraft:potted_azure_bluet":1,"minecraft:coal_ore":1761,"minecraft:polished_andesite":109},"minecraft:dropped":{"minecraft:iron_sword":1,"minecraft:porkchop":11,"minecraft:glow_ink_sac":2,"minecraft:glass_bottle":17,"minecraft:diamond":21,"minecraft:crafting_table":3,"minecraft:cooked_porkchop":1,"minecraft:dark_oak_slab":49,"minecraft:glow_berries":9,"minecraft:emerald":61,"minecraft:dark_oak_trapdoor":1,"minecraft:gold_nugget":2,"minecraft:sand":159,"minecraft:dark_oak_planks":50,"minecraft:stone_axe":3,"minecraft:iron_nugget":23,"minecraft:cobbled_deepslate":555,"minecraft:tinted_glass":2,"minecraft:wheat":30,"minecraft:grindstone":16,"minecraft:rotten_flesh":673,"minecraft:oak_planks":105,"minecraft:glowstone_dust":2,"minecraft:nether_brick_fence":4,"minecraft:azure_bluet":1,"minecraft:sea_lantern":113,"minecraft:azalea_leaves":174,"minecraft:coal_ore":142,"minecraft:jungle_log":74,"minecraft:leather_boots":10,"minecraft:leather_leggings":8,"minecraft:podzol":43,"minecraft:stone_brick_stairs":36,"minecraft:brown_concrete":2,"minecraft:golden_boots":7,"minecraft:wheat_seeds":989,"minecraft:dripstone_block":2,"minecraft:prismarine_crystals":997,"minecraft:deepslate_tile_slab":6,"minecraft:golden_apple":1,"minecraft:diamond_horse_armor":2,"minecraft:ink_sac":3,"minecraft:wooden_axe":1,"minecraft:potion":1,"minecraft:oak_stairs":6,"minecraft:pumpkin":4,"minecraft:smooth_stone":16,"minecraft:chainmail_leggings":4,"minecraft:smooth_sandstone":1,"minecraft:soul_soil":15,"minecraft:player_head":4,"minecraft:iron_boots":3,"minecraft:name_tag":31,"minecraft:white_shulker_box":2,"minecraft:oak_sign":6,"minecraft:shears":2,"minecraft:diamond_sword":7,"minecraft:spruce_planks":41,"minecraft:diamond_pickaxe":6,"minecraft:stone_bricks":33,"minecraft:bamboo":20,"minecraft:sandstone":4,"minecraft:bow":136,"minecraft:magma_block":1,"minecraft:soul_sand":9,"minecraft:moss_block":876,"minecraft:oak_log":212,"minecraft:ender_pearl":764,"minecraft:dark_oak_sapling":1,"minecraft:jungle_fence":4,"minecraft:lime_terracotta":3,"minecraft:jungle_planks":40,"minecraft:cod":2000,"minecraft:dark_oak_log":64,"minecraft:black_concrete":2,"minecraft:gold_ingot":67,"minecraft:pointed_dripstone":22,"minecraft:leather_chestplate":8,"minecraft:trident":6,"minecraft:iron_ore":3,"minecraft:polished_granite":11,"minecraft:stone_hoe":2,"minecraft:bread":30,"minecraft:golden_helmet":12,"minecraft:yellow_concrete":2,"minecraft:white_concrete":1,"minecraft:light_gray_stained_glass":2,"minecraft:fire_charge":1,"minecraft:polished_basalt":1,"minecraft:cactus":3,"minecraft:redstone_block":16,"minecraft:chiseled_sandstone":2,"minecraft:polished_diorite":2,"minecraft:kelp":31,"minecraft:oak_trapdoor":1,"minecraft:green_concrete":2,"minecraft:shulker_box":4,"minecraft:netherite_leggings":1,"minecraft:deepslate_bricks":93,"minecraft:copper_ore":6,"minecraft:andesite":211,"minecraft:golden_leggings":9,"minecraft:oak_sapling":2,"minecraft:birch_sign":1,"minecraft:spruce_log":35,"minecraft:wooden_pickaxe":3,"minecraft:magma_cream":11,"minecraft:nautilus_shell":5,"minecraft:crossbow":2,"minecraft:cookie":653,"minecraft:mossy_stone_brick_stairs":2,"minecraft:rail":7,"minecraft:leather_helmet":13,"minecraft:item_frame":14,"minecraft:red_shulker_box":1,"minecraft:dirt":301,"minecraft:stone_button":3,"minecraft:bone_block":11,"minecraft:bone_meal":87,"minecraft:sunflower":1,"minecraft:sugar":1,"minecraft:iron_pickaxe":1,"minecraft:end_crystal":22,"minecraft:bone":104,"minecraft:oak_door":1,"minecraft:sugar_cane":1,"minecraft:golden_chestplate":3,"minecraft:birch_sapling":5,"minecraft:netherite_shovel":1,"minecraft:salmon":6,"minecraft:deepslate_tiles":1,"minecraft:ladder":25,"minecraft:spruce_slab":22,"minecraft:campfire":6,"minecraft:flowering_azalea_leaves":63,"minecraft:dead_tube_coral_block":2,"minecraft:egg":1,"minecraft:enchanted_book":2,"minecraft:iron_ingot":38,"minecraft:netherite_pickaxe":1,"minecraft:gray_stained_glass_pane":1,"minecraft:golden_horse_armor":1,"minecraft:oak_fence":2,"minecraft:iron_helmet":5,"minecraft:cobblestone":1326,"minecraft:apple":133,"minecraft:granite":262,"minecraft:spruce_button":2,"minecraft:spruce_door":2,"minecraft:stripped_jungle_log":5,"minecraft:polished_blackstone_button":3,"minecraft:chainmail_helmet":6,"minecraft:coal":57,"minecraft:polished_andesite":13,"minecraft:golden_carrot":27,"minecraft:sponge":64,"minecraft:wooden_hoe":1,"minecraft:mossy_cobblestone_stairs":1,"minecraft:paper":36,"minecraft:string":25,"minecraft:spruce_sapling":1,"minecraft:furnace":1,"minecraft:moss_carpet":243,"minecraft:stone_sword":10,"minecraft:dark_oak_sign":1,"minecraft:deepslate":70,"minecraft:smooth_stone_slab":5,"minecraft:bowl":7,"minecraft:chicken":2,"minecraft:polished_deepslate_slab":10,"minecraft:blue_concrete":2,"minecraft:stone_slab":14,"minecraft:spruce_fence":1,"minecraft:lightning_rod":1,"minecraft:potato":10,"minecraft:cobblestone_slab":9,"minecraft:stone":1755,"minecraft:carved_pumpkin":2,"minecraft:spider_eye":24,"minecraft:dark_prismarine":2,"minecraft:spruce_sign":2,"minecraft:birch_planks":66,"minecraft:diamond_axe":10,"minecraft:baked_potato":2,"minecraft:lantern":12,"minecraft:flint":7,"minecraft:cooked_cod":25,"minecraft:cut_sandstone":5,"minecraft:amethyst_shard":2,"minecraft:glistering_melon_slice":144,"minecraft:birch_log":64,"minecraft:black_stained_glass":2,"minecraft:gravel":224,"minecraft:prismarine":260,"minecraft:carrot":907,"minecraft:chainmail_chestplate":1,"minecraft:poppy":3,"minecraft:gunpowder":42,"minecraft:petrified_oak_slab":1,"minecraft:azalea":129,"minecraft:chainmail_boots":5,"minecraft:arrow":411,"minecraft:prismarine_bricks":114,"minecraft:netherrack":1260,"minecraft:water_bucket":1,"minecraft:stripped_spruce_log":1,"minecraft:oak_slab":6,"minecraft:mossy_cobblestone":249,"minecraft:minecart":1,"minecraft:poisonous_potato":4,"minecraft:prismarine_shard":2440,"minecraft:lead":1,"minecraft:copper_ingot":3,"minecraft:grass_block":105,"minecraft:stick":252,"minecraft:blue_dye":1,"minecraft:diorite":662,"minecraft:torch":19,"minecraft:iron_leggings":3,"minecraft:flowering_azalea":38,"minecraft:iron_axe":2,"minecraft:dandelion":5,"minecraft:smooth_basalt":15,"minecraft:redstone":27,"minecraft:coarse_dirt":13,"minecraft:nether_wart":2,"minecraft:blaze_rod":2,"minecraft:raw_copper":2,"minecraft:tuff":65,"minecraft:wither_skeleton_skull":2,"minecraft:light_gray_wool":1,"minecraft:iron_hoe":2,"minecraft:glass_pane":39,"minecraft:filled_map":9,"minecraft:shield":2,"minecraft:iron_chestplate":4,"minecraft:mossy_stone_bricks":13,"minecraft:golden_sword":1,"minecraft:diamond_boots":3,"minecraft:slime_ball":1,"minecraft:stone_pickaxe":4,"minecraft:calcite":23},"minecraft:custom":{"minecraft:interact_with_crafting_table":891,"minecraft:damage_blocked_by_shield":1843,"minecraft:play_time":16135425,"minecraft:deaths":32,"minecraft:jump":134646,"minecraft:interact_with_smoker":13,"minecraft:inspect_dispenser":10,"minecraft:horse_one_cm":264376,"minecraft:inspect_dropper":80,"minecraft:interact_with_anvil":79,"minecraft:inspect_hopper":128,"minecraft:tune_noteblock":54,"minecraft:time_since_rest":84415,"minecraft:swim_one_cm":3462535,"minecraft:open_chest":6860,"minecraft:open_shulker_box":2772,"minecraft:damage_resisted":14,"minecraft:play_noteblock":33,"minecraft:talked_to_villager":521,"minecraft:interact_with_brewingstand":150,"minecraft:interact_with_beacon":6,"minecraft:boat_one_cm":7656667,"minecraft:damage_taken":92146,"minecraft:aviate_one_cm":8549906,"minecraft:open_barrel":865,"minecraft:leave_game":222,"minecraft:time_since_death":341355,"minecraft:enchant_item":17,"minecraft:interact_with_furnace":489,"minecraft:traded_with_villager":2352,"minecraft:sleep_in_bed":185,"minecraft:damage_dealt":234129,"minecraft:interact_with_smithing_table":1,"minecraft:sneak_time":420829,"minecraft:interact_with_lectern":9,"minecraft:interact_with_blast_furnace":1,"minecraft:total_world_time":16135425,"minecraft:interact_with_stonecutter":103,"minecraft:fly_one_cm":34657498,"minecraft:fish_caught":3,"minecraft:fall_one_cm":4855737,"minecraft:animals_bred":53,"minecraft:sprint_one_cm":23775239,"minecraft:drop":1665,"minecraft:walk_on_water_one_cm":2992785,"minecraft:open_enderchest":189,"minecraft:player_kills":5,"minecraft:crouch_one_cm":1359615,"minecraft:mob_kills":5276,"minecraft:climb_one_cm":214962,"minecraft:walk_one_cm":20502132,"minecraft:walk_under_water_one_cm":5883019,"minecraft:pot_flower":9,"minecraft:interact_with_grindstone":12,"minecraft:damage_absorbed":19},"minecraft:broken":{"minecraft:shears":2,"minecraft:stone_hoe":1,"minecraft:iron_pickaxe":4,"minecraft:wooden_hoe":1,"minecraft:iron_shovel":1,"minecraft:stone_shovel":2,"minecraft:iron_axe":3,"minecraft:iron_helmet":1,"minecraft:golden_leggings":1,"minecraft:leather_boots":1},"minecraft:picked_up":{"minecraft:lead":2,"minecraft:stone_slab":43,"minecraft:enchanted_book":8,"minecraft:blue_concrete":12,"minecraft:polished_deepslate":160,"minecraft:string":65,"minecraft:pufferfish":4,"minecraft:shroomlight":43,"minecraft:diamond_leggings":6,"minecraft:diamond_ore":25,"minecraft:spruce_pressure_plate":1,"minecraft:acacia_log":119,"minecraft:cut_copper_stairs":30,"minecraft:lightning_rod":27,"minecraft:end_crystal":22,"minecraft:golden_chestplate":3,"minecraft:stone_sword":10,"minecraft:polished_basalt":72,"minecraft:carved_pumpkin":9,"minecraft:glowstone":55,"minecraft:bookshelf":18,"minecraft:white_terracotta":2,"minecraft:blaze_rod":61,"minecraft:iron_bars":7,"minecraft:sponge":2125,"minecraft:cooked_beef":513,"minecraft:feather":8,"minecraft:water_bucket":34,"minecraft:dark_oak_boat":17,"minecraft:copper_block":101,"minecraft:flint":141,"minecraft:lantern":66,"minecraft:exposed_cut_copper_stairs":83,"minecraft:stonecutter":25,"minecraft:dark_oak_sign":2,"minecraft:diamond_helmet":7,"minecraft:lime_terracotta":88,"minecraft:stripped_spruce_log":169,"minecraft:iron_hoe":1,"minecraft:polished_andesite":129,"minecraft:deepslate":795,"minecraft:lever":6,"minecraft:granite":1520,"minecraft:spruce_button":15,"minecraft:cyan_dye":27,"minecraft:rooted_dirt":14,"minecraft:jack_o_lantern":21,"minecraft:diamond_pickaxe":36,"minecraft:clay_ball":64,"minecraft:leather_leggings":11,"minecraft:yellow_candle":1,"minecraft:elytra":5,"minecraft:flint_and_steel":7,"minecraft:iron_shovel":6,"minecraft:glass_pane":193,"minecraft:jungle_sapling":70,"minecraft:poppy":4,"minecraft:spruce_slab":135,"minecraft:minecart":31,"minecraft:birch_sapling":11,"minecraft:piston":113,"minecraft:diamond_hoe":5,"minecraft:copper_ore":68,"minecraft:stone":41754,"minecraft:music_disc_mellohi":1,"minecraft:fire_charge":1,"minecraft:netherite_pickaxe":1,"minecraft:cyan_shulker_box":40,"minecraft:jungle_sign":1,"minecraft:diamond_chestplate":7,"minecraft:hay_block":92,"minecraft:cracked_deepslate_bricks":1,"minecraft:totem_of_undying":3,"minecraft:mutton":17,"minecraft:rail":2258,"minecraft:bone_block":230,"minecraft:lime_bed":2,"minecraft:birch_leaves":133,"minecraft:jungle_fence":5,"minecraft:lily_pad":2,"minecraft:paper":43,"minecraft:apple":15,"minecraft:warped_stem":32,"minecraft:spore_blossom":6,"minecraft:stone_pickaxe":1,"minecraft:iron_ore":67,"minecraft:dark_oak_stairs":47,"minecraft:polished_andesite_stairs":3,"minecraft:smooth_basalt":72,"minecraft:light_gray_stained_glass":66,"minecraft:sweet_berries":10,"minecraft:weathered_copper":5,"minecraft:light_blue_stained_glass":47,"minecraft:crying_obsidian":2,"minecraft:dragon_egg":6,"minecraft:leather_helmet":11,"minecraft:oak_wood":64,"minecraft:diamond_shovel":14,"minecraft:coal_ore":543,"minecraft:slime_ball":266,"minecraft:painting":32,"minecraft:birch_sign":40,"minecraft:baked_potato":373,"minecraft:hopper":18,"minecraft:ender_chest":29,"minecraft:nether_brick_fence":5,"minecraft:stone_brick_stairs":48,"minecraft:dead_tube_coral_block":2,"minecraft:smooth_stone":631,"minecraft:comparator":4,"minecraft:bucket":1,"minecraft:rose_bush":3,"minecraft:cobblestone_slab":14,"minecraft:azalea":555,"minecraft:iron_pickaxe":8,"minecraft:deepslate_iron_ore":1,"minecraft:birch_trapdoor":2,"minecraft:polished_deepslate_stairs":116,"minecraft:spruce_stairs":65,"minecraft:netherite_shovel":1,"minecraft:diorite":2258,"minecraft:vine":55,"minecraft:andesite_wall":1,"minecraft:rotten_flesh":1065,"minecraft:obsidian":139,"minecraft:cobblestone":7479,"minecraft:enchanting_table":1,"minecraft:leather_chestplate":8,"minecraft:lilac":1,"minecraft:repeater":109,"minecraft:andesite":2176,"minecraft:golden_leggings":10,"minecraft:beacon":7,"minecraft:potato":2,"minecraft:smooth_sandstone_stairs":1,"minecraft:prismarine_bricks":6121,"minecraft:dirt":5870,"minecraft:name_tag":31,"minecraft:glass":83,"minecraft:bone":1901,"minecraft:acacia_planks":6,"minecraft:bow":156,"minecraft:wheat_seeds":2116,"minecraft:grindstone":35,"minecraft:mossy_stone_bricks":93,"minecraft:fletching_table":3,"minecraft:bamboo":5188,"minecraft:prismarine":4533,"minecraft:diorite_wall":6,"minecraft:light_blue_shulker_box":15,"minecraft:grass_block":731,"minecraft:jungle_slab":1,"minecraft:spectral_arrow":199,"minecraft:mossy_cobblestone":409,"minecraft:jungle_leaves":5,"minecraft:sugar":28,"minecraft:slime_block":563,"minecraft:soul_lantern":37,"minecraft:bone_meal":190,"minecraft:grass":1,"minecraft:spruce_sign":9,"minecraft:emerald":126,"minecraft:netherrack":3803,"minecraft:andesite_slab":6,"minecraft:oak_leaves":189,"minecraft:azure_bluet":2,"minecraft:ladder":41,"minecraft:brown_mushroom":17,"minecraft:packed_ice":12,"minecraft:chain":120,"minecraft:shield":5,"minecraft:brick":3,"minecraft:moss_carpet":1485,"minecraft:oak_trapdoor":42,"minecraft:blackstone":4,"minecraft:flowering_azalea_leaves":465,"minecraft:note_block":29,"minecraft:trident":25,"minecraft:stone_pressure_plate":13,"minecraft:red_shulker_box":27,"minecraft:nether_bricks":166,"minecraft:petrified_oak_slab":6,"minecraft:prismarine_slab":2,"minecraft:jungle_boat":1,"minecraft:basalt":748,"minecraft:golden_carrot":226,"minecraft:leather":123,"minecraft:chainmail_chestplate":1,"minecraft:yellow_bed":17,"minecraft:cobblestone_wall":3,"minecraft:gunpowder":135,"minecraft:orange_terracotta":4,"minecraft:iron_ingot":76,"minecraft:quartz":203,"minecraft:dandelion":8,"minecraft:amethyst_shard":1800,"minecraft:spruce_door":22,"minecraft:chainmail_leggings":2,"minecraft:mossy_cobblestone_stairs":6,"minecraft:sunflower":6,"minecraft:birch_door":83,"minecraft:iron_chestplate":20,"minecraft:chainmail_boots":5,"minecraft:flower_pot":4,"minecraft:anvil":1,"minecraft:prismarine_shard":32455,"minecraft:diamond_sword":27,"minecraft:oak_stairs":11,"minecraft:brewing_stand":2,"minecraft:golden_sword":1,"minecraft:polished_deepslate_wall":4,"minecraft:amethyst_block":110,"minecraft:weathered_cut_copper_stairs":56,"minecraft:dark_oak_trapdoor":13,"minecraft:soul_soil":15,"minecraft:cooked_salmon":5,"minecraft:gold_nugget":70,"minecraft:cobbled_deepslate":2438,"minecraft:spruce_planks":303,"minecraft:azalea_leaves":1420,"minecraft:melon_slice":112,"minecraft:dark_oak_door":10,"minecraft:golden_helmet":13,"minecraft:composter":3,"minecraft:warped_planks":20,"minecraft:deepslate_tile_stairs":59,"minecraft:gray_stained_glass_pane":26,"minecraft:tropical_fish":1,"minecraft:iron_block":821,"minecraft:blue_dye":1,"minecraft:birch_log":209,"minecraft:magma_block":5,"minecraft:oxidized_copper":7,"minecraft:jungle_log":960,"minecraft:acacia_leaves":6,"minecraft:powder_snow_bucket":1,"minecraft:netherite_leggings":1,"minecraft:glowstone_dust":158,"minecraft:moss_block":6315,"minecraft:warped_wart_block":1024,"minecraft:dropper":29,"minecraft:ink_sac":84,"minecraft:dark_oak_log":509,"minecraft:barrel":42,"minecraft:dispenser":2,"minecraft:green_concrete":13,"minecraft:polished_granite_slab":59,"minecraft:chainmail_helmet":5,"minecraft:bread":7,"minecraft:coarse_dirt":1169,"minecraft:crafting_table":98,"minecraft:nether_wart":119,"minecraft:red_bed":1,"minecraft:cracked_stone_bricks":25,"minecraft:deepslate_diamond_ore":6,"minecraft:beef":175,"minecraft:iron_nugget":184,"minecraft:chest":84,"minecraft:raw_copper_block":3,"minecraft:egg":6,"minecraft:sandstone":63,"minecraft:polished_deepslate_slab":9,"minecraft:oak_door":3,"minecraft:glow_item_frame":2,"minecraft:spruce_fence":14,"minecraft:amethyst_cluster":15,"minecraft:carrot":1900,"minecraft:redstone":1162,"minecraft:prismarine_crystals":12639,"minecraft:tnt":3,"minecraft:cooked_cod":1,"minecraft:deepslate_bricks":193,"minecraft:shears":2,"minecraft:diamond_boots":22,"minecraft:warped_sign":7,"minecraft:gold_ingot":32,"minecraft:white_shulker_box":33,"minecraft:glow_berries":51,"minecraft:white_wool":12,"minecraft:lapis_ore":7,"minecraft:stripped_oak_log":34,"minecraft:red_mushroom":11,"minecraft:filled_map":6,"minecraft:brown_concrete":13,"minecraft:oak_log":1838,"minecraft:ancient_debris":1,"minecraft:golden_boots":6,"minecraft:white_banner":1,"minecraft:stone_bricks":371,"minecraft:kelp":3727,"minecraft:glass_bottle":4,"minecraft:iron_sword":1,"minecraft:flowering_azalea":311,"minecraft:prismarine_brick_stairs":115,"minecraft:dark_oak_slab":23,"minecraft:yellow_concrete":13,"minecraft:spyglass":2,"minecraft:gravel":2093,"minecraft:spruce_sapling":191,"minecraft:spruce_log":3574,"minecraft:sea_lantern":730,"minecraft:firework_rocket":10,"minecraft:polished_diorite":28,"minecraft:stone_axe":2,"minecraft:diamond_axe":26,"minecraft:warped_roots":1,"minecraft:melon_seeds":4,"minecraft:stripped_dark_oak_log":10,"minecraft:ender_pearl":834,"minecraft:chiseled_deepslate":14,"minecraft:wheat":560,"minecraft:exposed_copper":9,"minecraft:redstone_block":20,"minecraft:iron_trapdoor":5,"minecraft:potion":1,"minecraft:raw_copper":622,"minecraft:smooth_stone_slab":2,"minecraft:iron_leggings":19,"minecraft:sticky_piston":13,"minecraft:oak_sign":22,"minecraft:sea_pickle":87,"minecraft:deepslate_tiles":140,"minecraft:black_shulker_box":12,"minecraft:redstone_torch":161,"minecraft:calcite":146,"minecraft:furnace":20,"minecraft:iron_boots":4,"minecraft:stick":636,"minecraft:jungle_door":6,"minecraft:oak_fence":92,"minecraft:torch":2086,"minecraft:porkchop":33,"minecraft:dried_kelp":15,"minecraft:pointed_dripstone":41,"minecraft:cactus":318,"minecraft:cod":13806,"minecraft:nautilus_shell":14,"minecraft:magma_cream":61,"minecraft:tuff":1004,"minecraft:wither_skeleton_skull":7,"minecraft:acacia_boat":5,"minecraft:lapis_lazuli":801,"minecraft:polished_granite":47,"minecraft:leather_boots":8,"minecraft:raw_gold":278,"minecraft:bell":3,"minecraft:powered_rail":77,"minecraft:oak_planks":132,"minecraft:stone_hoe":4,"minecraft:mossy_stone_brick_stairs":2,"minecraft:ghast_tear":2,"minecraft:cooked_porkchop":3,"minecraft:jungle_planks":121,"minecraft:oak_pressure_plate":2,"minecraft:poisonous_potato":4,"minecraft:sand":46691,"minecraft:lily_of_the_valley":1,"minecraft:chiseled_sandstone":2,"minecraft:shulker_box":437,"minecraft:dark_prismarine":550,"minecraft:spruce_fence_gate":1,"minecraft:black_concrete":12,"minecraft:spruce_boat":12,"minecraft:diamond":199,"minecraft:polished_blackstone_button":11,"minecraft:white_concrete":10,"minecraft:oak_sapling":158,"minecraft:bubble_coral_block":2,"minecraft:cocoa_beans":22,"minecraft:charcoal":4,"minecraft:chicken":9,"minecraft:allium":5,"minecraft:wooden_pickaxe":2,"minecraft:gold_block":14,"minecraft:iron_axe":9,"minecraft:item_frame":106,"minecraft:candle":12,"minecraft:mossy_cobblestone_wall":2,"minecraft:dark_prismarine_stairs":1,"minecraft:oak_boat":10,"minecraft:player_head":110,"minecraft:observer":34,"minecraft:sugar_cane":544,"minecraft:light_gray_wool":1,"minecraft:lectern":14,"minecraft:tinted_glass":226,"minecraft:phantom_membrane":7,"minecraft:spruce_trapdoor":87,"minecraft:dark_oak_sapling":41,"minecraft:raw_iron":980,"minecraft:copper_ingot":51,"minecraft:stone_button":31,"minecraft:dark_oak_planks":54,"minecraft:smooth_sandstone_slab":12,"minecraft:arrow":1498,"minecraft:light_blue_stained_glass_pane":12,"minecraft:jungle_stairs":25,"minecraft:saddle":1,"minecraft:wet_sponge":2087,"minecraft:oxidized_cut_copper_stairs":67,"minecraft:glow_ink_sac":137,"minecraft:salmon":8,"minecraft:cut_sandstone":5,"minecraft:birch_planks":64,"minecraft:deepslate_tile_slab":121,"minecraft:smooth_sandstone":1,"minecraft:podzol":50,"minecraft:heart_of_the_sea":3,"minecraft:acacia_sapling":18,"minecraft:soul_sand":196,"minecraft:book":54,"minecraft:oak_slab":115,"minecraft:pumpkin":21,"minecraft:dripstone_block":2,"minecraft:blast_furnace":7,"minecraft:white_bed":26,"minecraft:gold_ore":3,"minecraft:dark_oak_fence_gate":1,"minecraft:spider_eye":42,"minecraft:stripped_jungle_log":81,"minecraft:light_gray_candle":18,"minecraft:campfire":14,"minecraft:honey_block":21,"minecraft:iron_helmet":18,"minecraft:stripped_jungle_wood":2,"minecraft:magenta_concrete":10,"minecraft:red_concrete":11,"minecraft:coal":3142},"minecraft:crafted":{"minecraft:black_dye":1459,"minecraft:oak_sign":45,"minecraft:polished_deepslate_wall":27,"minecraft:melon":4,"minecraft:birch_boat":1,"minecraft:blaze_powder":4,"minecraft:chain":181,"minecraft:diorite_stairs":1,"minecraft:diamond_shovel":2,"minecraft:cracked_stone_bricks":128,"minecraft:shulker_box":43,"minecraft:magenta_concrete_powder":8,"minecraft:iron_door":3,"minecraft:gray_stained_glass_pane":160,"minecraft:gray_stained_glass":64,"minecraft:white_shulker_box":14,"minecraft:blue_stained_glass":128,"minecraft:acacia_slab":18,"minecraft:jungle_boat":3,"minecraft:polished_andesite_stairs":12,"minecraft:glow_item_frame":10,"minecraft:raw_gold_block":9,"minecraft:mossy_cobblestone":561,"minecraft:sticky_piston":32,"minecraft:fletching_table":5,"minecraft:polished_deepslate_slab":54,"minecraft:painting":7,"minecraft:stone_brick_stairs":40,"minecraft:lectern":2,"minecraft:wooden_hoe":2,"minecraft:golden_leggings":1,"minecraft:stone_slab":196,"minecraft:iron_pickaxe":5,"minecraft:composter":4,"minecraft:dark_prismarine":1376,"minecraft:jungle_sign":3,"minecraft:golden_carrot":474,"minecraft:iron_nugget":1700,"minecraft:diamond_hoe":1,"minecraft:soul_torch":196,"minecraft:spruce_fence":66,"minecraft:moss_carpet":105,"minecraft:brain_coral_block":8,"minecraft:lantern":92,"minecraft:spruce_stairs":244,"minecraft:polished_diorite":36,"minecraft:black_concrete_powder":8,"minecraft:red_shulker_box":1,"minecraft:stone_pickaxe":3,"minecraft:spruce_boat":3,"minecraft:prismarine_slab":54,"minecraft:cut_copper_slab":2,"minecraft:dark_oak_button":1,"minecraft:deepslate_tiles":15,"minecraft:enchanted_book":13,"minecraft:oak_fence_gate":1,"minecraft:soul_lantern":72,"minecraft:warped_sign":24,"minecraft:fermented_spider_eye":12,"minecraft:birch_trapdoor":2,"minecraft:black_stained_glass_pane":80,"minecraft:writable_book":1,"minecraft:iron_shovel":3,"minecraft:grindstone":58,"minecraft:cobblestone_slab":30,"minecraft:barrel":69,"minecraft:polished_granite_slab":60,"minecraft:cooked_chicken":4,"minecraft:lightning_rod":7,"minecraft:stone":131,"minecraft:warped_planks":76,"minecraft:polished_blackstone_button":8,"minecraft:comparator":15,"minecraft:polished_basalt":424,"minecraft:chest":682,"minecraft:oak_button":4,"minecraft:copper_block":42,"minecraft:jungle_stairs":44,"minecraft:rail":320,"minecraft:blue_concrete_powder":8,"minecraft:oak_fence":186,"minecraft:stone_bricks":1576,"minecraft:sea_lantern":22339,"minecraft:arrow":384,"minecraft:cauldron":1,"minecraft:lime_terracotta":632,"minecraft:iron_helmet":3,"minecraft:brown_dye":5,"minecraft:chiseled_polished_blackstone":1,"minecraft:dispenser":1,"minecraft:apple":184,"minecraft:spruce_trapdoor":242,"minecraft:yellow_dye":1,"minecraft:stick":3720,"minecraft:iron_ingot":1463,"minecraft:light_blue_shulker_box":11,"minecraft:light_blue_stained_glass":1744,"minecraft:deepslate_bricks":1,"minecraft:deepslate_tile_slab":164,"minecraft:oak_door":6,"minecraft:fishing_rod":1,"minecraft:spruce_button":19,"minecraft:mossy_stone_bricks":64,"minecraft:furnace":26,"minecraft:blast_furnace":2,"minecraft:raw_copper_block":33,"minecraft:oak_trapdoor":26,"minecraft:flint_and_steel":2,"minecraft:white_concrete_powder":8,"minecraft:cobblestone_wall":12,"minecraft:birch_sign":162,"minecraft:glistering_melon_slice":144,"minecraft:light_blue_stained_glass_pane":48,"minecraft:jungle_wood":24,"minecraft:stripped_spruce_wood":6,"minecraft:iron_trapdoor":5,"minecraft:diorite_wall":8,"minecraft:acacia_boat":2,"minecraft:jungle_planks":724,"minecraft:jungle_door":3,"minecraft:white_dye":158,"minecraft:brown_concrete_powder":40,"minecraft:stonecutter":7,"minecraft:anvil":4,"minecraft:prismarine_stairs":9,"minecraft:torch":1516,"minecraft:ender_chest":1,"minecraft:oak_pressure_plate":2,"minecraft:lever":7,"minecraft:bookshelf":9,"minecraft:dark_prismarine_stairs":1,"minecraft:cooked_mutton":14,"minecraft:iron_bars":80,"minecraft:red_concrete_powder":8,"minecraft:glass":2043,"minecraft:repeater":24,"minecraft:diamond_leggings":1,"minecraft:polished_blackstone":12,"minecraft:birch_door":120,"minecraft:magenta_dye":2,"minecraft:flower_pot":4,"minecraft:glass_bottle":21,"minecraft:furnace_minecart":11,"minecraft:deepslate":33,"minecraft:emerald":1904,"minecraft:cooked_porkchop":22,"minecraft:diamond_axe":4,"minecraft:prismarine_bricks":7017,"minecraft:spruce_door":21,"minecraft:copper_ingot":135,"minecraft:hay_block":3,"minecraft:campfire":36,"minecraft:green_terracotta":64,"minecraft:chiseled_deepslate":9,"minecraft:iron_block":84,"minecraft:gold_ingot":18,"minecraft:light_gray_dye":32,"minecraft:spruce_fence_gate":16,"minecraft:yellow_concrete_powder":8,"minecraft:prismarine":9341,"minecraft:stone_shovel":3,"minecraft:smooth_stone_slab":12,"minecraft:exposed_cut_copper":1,"minecraft:player_head":95,"minecraft:polished_deepslate_stairs":46,"minecraft:tinted_glass":1222,"minecraft:mossy_cobblestone_stairs":4,"minecraft:bone_meal":8352,"minecraft:andesite_wall":12,"minecraft:diamond":27,"minecraft:ladder":21,"minecraft:spruce_slab":910,"minecraft:diamond_boots":2,"minecraft:redstone_block":29,"minecraft:jungle_fence":18,"minecraft:dark_oak_planks":1016,"minecraft:golden_helmet":2,"minecraft:wheat":171,"minecraft:coal_block":221,"minecraft:dried_kelp":29,"minecraft:red_bed":1,"minecraft:polished_granite":64,"minecraft:glowstone":34,"minecraft:jungle_slab":84,"minecraft:golden_apple":9,"minecraft:andesite_slab":18,"minecraft:cyan_shulker_box":7,"minecraft:wooden_axe":1,"minecraft:deepslate_tile_stairs":45,"minecraft:iron_leggings":2,"minecraft:white_bed":2,"minecraft:brick":30,"minecraft:oak_planks":4652,"minecraft:dark_oak_boat":2,"minecraft:cobblestone_stairs":1,"minecraft:spruce_pressure_plate":2,"minecraft:suspicious_stew":5,"minecraft:green_dye":1,"minecraft:dark_oak_door":51,"minecraft:hopper":184,"minecraft:iron_boots":7,"minecraft:raw_copper":72,"minecraft:mossy_cobblestone_slab":14,"minecraft:stone_hoe":3,"minecraft:raw_iron_block":56,"minecraft:smoker":1,"minecraft:item_frame":123,"minecraft:oak_slab":258,"minecraft:crafting_table":67,"minecraft:spruce_planks":3940,"minecraft:wooden_pickaxe":3,"minecraft:birch_planks":1248,"minecraft:dark_oak_slab":270,"minecraft:diamond_pickaxe":4,"minecraft:iron_chestplate":5,"minecraft:book":37,"minecraft:paper":237,"minecraft:charcoal":23,"minecraft:shield":4,"minecraft:light_blue_dye":282,"minecraft:redstone_torch":140,"minecraft:sponge":27,"minecraft:shears":7,"minecraft:polished_andesite":464,"minecraft:coarse_dirt":468,"minecraft:cobbled_deepslate_slab":6,"minecraft:cookie":872,"minecraft:raw_iron":63,"minecraft:redstone":342,"minecraft:coal":576,"minecraft:light_gray_stained_glass":32,"minecraft:stone_button":313,"minecraft:dark_oak_trapdoor":4,"minecraft:gray_dye":28,"minecraft:diamond_block":2,"minecraft:glass_pane":512,"minecraft:polished_deepslate":5,"minecraft:green_concrete_powder":8,"minecraft:iron_axe":8,"minecraft:spruce_wood":3,"minecraft:iron_hoe":3,"minecraft:minecart":6,"minecraft:observer":64,"minecraft:cooked_beef":154,"minecraft:sugar":1,"minecraft:red_dye":3,"minecraft:cooked_cod":181,"minecraft:bone_block":660,"minecraft:diamond_sword":1,"minecraft:cyan_dye":34,"minecraft:dark_oak_stairs":360,"minecraft:spruce_sign":21,"minecraft:powered_rail":18,"minecraft:bowl":4,"minecraft:bucket":6,"minecraft:stone_axe":2,"minecraft:mossy_cobblestone_wall":12,"minecraft:air":0,"minecraft:bread":78,"minecraft:black_stained_glass":32,"minecraft:blue_dye":100,"minecraft:oak_boat":4,"minecraft:white_wool":13,"minecraft:gold_nugget":9,"minecraft:acacia_planks":464,"minecraft:lapis_lazuli":99}},"DataVersion":2730}