{"stats":{"minecraft:killed_by":{"minecraft:zombie":2,"minecraft:skeleton":1,"minecraft:creeper":2,"minecraft:player":3},"minecraft:broken":{"minecraft:diamond_helmet":1,"minecraft:shears":31,"minecraft:diamond_shovel":2,"minecraft:leather_helmet":1,"minecraft:diamond_leggings":1,"minecraft:stone_hoe":1,"minecraft:shield":1,"minecraft:iron_pickaxe":2,"minecraft:netherite_pickaxe":1,"minecraft:diamond_boots":1,"minecraft:stone_axe":3,"minecraft:stone_shovel":1,"minecraft:diamond_axe":1,"minecraft:iron_sword":1,"minecraft:bow":3,"minecraft:flint_and_steel":19},"minecraft:custom":{"minecraft:interact_with_crafting_table":3423,"minecraft:damage_blocked_by_shield":3550,"minecraft:play_time":75314116,"minecraft:deaths":25,"minecraft:jump":388306,"minecraft:interact_with_cartography_table":5,"minecraft:inspect_dispenser":1537,"minecraft:horse_one_cm":7533378,"minecraft:inspect_dropper":805,"minecraft:interact_with_anvil":222,"minecraft:inspect_hopper":854,"minecraft:tune_noteblock":408,"minecraft:time_since_rest":1138,"minecraft:swim_one_cm":4914316,"minecraft:open_chest":31669,"minecraft:open_shulker_box":22567,"minecraft:clean_banner":3,"minecraft:clean_armor":1,"minecraft:damage_resisted":482,"minecraft:play_noteblock":149,"minecraft:talked_to_villager":1394,"minecraft:interact_with_brewingstand":411,"minecraft:interact_with_beacon":42,"minecraft:fill_cauldron":437,"minecraft:interact_with_campfire":3,"minecraft:boat_one_cm":3649910,"minecraft:damage_taken":147947,"minecraft:aviate_one_cm":472355874,"minecraft:open_barrel":3673,"minecraft:bell_ring":33,"minecraft:leave_game":927,"minecraft:time_since_death":2447204,"minecraft:eat_cake_slice":55,"minecraft:enchant_item":41,"minecraft:interact_with_furnace":2550,"minecraft:traded_with_villager":4501,"minecraft:sleep_in_bed":1569,"minecraft:damage_dealt":1014415,"minecraft:use_cauldron":11641,"minecraft:interact_with_smithing_table":21,"minecraft:target_hit":163,"minecraft:sneak_time":1790249,"minecraft:interact_with_lectern":279,"minecraft:interact_with_blast_furnace":816,"minecraft:total_world_time":75314116,"minecraft:interact_with_stonecutter":131,"minecraft:fly_one_cm":78646593,"minecraft:fish_caught":317,"minecraft:fall_one_cm":9466725,"minecraft:animals_bred":46,"minecraft:sprint_one_cm":121351940,"minecraft:drop":5923,"minecraft:walk_on_water_one_cm":6467008,"minecraft:interact_with_loom":14,"minecraft:open_enderchest":6537,"minecraft:player_kills":3,"minecraft:crouch_one_cm":4897886,"minecraft:mob_kills":41242,"minecraft:climb_one_cm":2456885,"minecraft:walk_one_cm":183111083,"minecraft:strider_one_cm":59869,"minecraft:walk_under_water_one_cm":13141719,"minecraft:raid_trigger":1,"minecraft:pot_flower":60,"minecraft:interact_with_grindstone":51,"minecraft:damage_absorbed":198,"minecraft:minecart_one_cm":120904,"minecraft:pig_one_cm":98903},"minecraft:mined":{"minecraft:red_nether_brick_slab":17,"minecraft:dragon_wall_head":6,"minecraft:blue_carpet":67,"minecraft:cut_sandstone_slab":37,"minecraft:white_bed":34,"minecraft:red_shulker_box":212,"minecraft:blackstone_stairs":3,"minecraft:weathered_cut_copper_slab":7,"minecraft:fire_coral_wall_fan":630,"minecraft:cyan_shulker_box":86,"minecraft:granite":18146,"minecraft:acacia_log":1696,"minecraft:deepslate_tile_wall":244,"minecraft:exposed_cut_copper_stairs":5,"minecraft:oak_pressure_plate":3,"minecraft:blue_wool":2,"minecraft:oak_wall_sign":13,"minecraft:nether_wart":157,"minecraft:spawner":47,"minecraft:polished_blackstone_bricks":101,"minecraft:magma_block":811,"minecraft:dark_oak_trapdoor":49,"minecraft:mossy_cobblestone_stairs":26,"minecraft:cobbled_deepslate":483,"minecraft:barrel":127,"minecraft:fire":154,"minecraft:fletching_table":6,"minecraft:deepslate_lapis_ore":192,"minecraft:nether_brick_stairs":3,"minecraft:twisting_vines":51,"minecraft:spruce_pressure_plate":5,"minecraft:green_carpet":1,"minecraft:waxed_exposed_copper":15,"minecraft:white_shulker_box":639,"minecraft:spruce_wood":1,"minecraft:white_banner":3,"minecraft:player_head":22,"minecraft:tripwire":19,"minecraft:jungle_trapdoor":15,"minecraft:sandstone_slab":20,"minecraft:kelp_plant":432,"minecraft:deepslate_brick_wall":2,"minecraft:crimson_nylium":1156,"minecraft:deepslate_tile_slab":35,"minecraft:powder_snow":16,"minecraft:torch":2037,"minecraft:note_block":60,"minecraft:melon":164,"minecraft:oxidized_copper":1077,"minecraft:dead_bush":2439,"minecraft:white_stained_glass_pane":16,"minecraft:nether_brick_slab":1,"minecraft:spruce_wall_sign":4,"minecraft:white_candle":14,"minecraft:tube_coral_fan":96,"minecraft:dead_tube_coral_fan":3,"minecraft:lime_shulker_box":146,"minecraft:sugar_cane":1752,"minecraft:amethyst_block":2018,"minecraft:birch_sapling":2,"minecraft:chain":97,"minecraft:repeater":214,"minecraft:tinted_glass":134,"minecraft:wither_rose":6,"minecraft:grass":2979,"minecraft:dark_oak_sapling":4,"minecraft:birch_button":2,"minecraft:smooth_quartz":2,"minecraft:sandstone_wall":2,"minecraft:smooth_basalt":1980,"minecraft:stripped_crimson_stem":8,"minecraft:deepslate":11701,"minecraft:attached_pumpkin_stem":14,"minecraft:dark_prismarine":10,"minecraft:deepslate_tiles":87,"minecraft:exposed_cut_copper":3,"minecraft:light_blue_wool":4,"minecraft:mossy_cobblestone":504,"minecraft:purple_candle":2,"minecraft:cyan_stained_glass":1,"minecraft:orange_concrete_powder":5371,"minecraft:potted_flowering_azalea_bush":6,"minecraft:crimson_fence_gate":4,"minecraft:dark_oak_log":533,"minecraft:end_stone":545,"minecraft:sea_lantern":28,"minecraft:birch_fence_gate":1,"minecraft:dark_oak_fence":15,"minecraft:spruce_fence":88,"minecraft:redstone_wire":517,"minecraft:potted_bamboo":1,"minecraft:red_mushroom":8,"minecraft:cartography_table":1,"minecraft:white_concrete_powder":48,"minecraft:horn_coral":310,"minecraft:redstone_ore":1649,"minecraft:acacia_trapdoor":1,"minecraft:pink_concrete":168,"minecraft:andesite":17037,"minecraft:green_terracotta":8,"minecraft:big_dripleaf_stem":13,"minecraft:mossy_stone_brick_stairs":2,"minecraft:vine":2,"minecraft:rail":234,"minecraft:brain_coral_wall_fan":601,"minecraft:bone_block":971,"minecraft:green_wool":4,"minecraft:fire_coral_block":201,"minecraft:pink_glazed_terracotta":330,"minecraft:ender_chest":1350,"minecraft:oak_slab":5,"minecraft:waxed_weathered_cut_copper_stairs":1,"minecraft:soul_sand":517,"minecraft:glass_pane":45,"minecraft:redstone_block":45,"minecraft:chiseled_nether_bricks":37,"minecraft:red_sandstone_slab":170,"minecraft:lily_of_the_valley":7,"minecraft:dandelion":32,"minecraft:fire_coral":323,"minecraft:cornflower":25,"minecraft:dead_tube_coral_wall_fan":1,"minecraft:warped_roots":220,"minecraft:crimson_slab":23,"minecraft:copper_ore":9062,"minecraft:campfire":18,"minecraft:lightning_rod":44,"minecraft:brain_coral_fan":106,"minecraft:potted_oxeye_daisy":1,"minecraft:purpur_pillar":56,"minecraft:tall_grass":600,"minecraft:deepslate_gold_ore":378,"minecraft:green_stained_glass_pane":49,"minecraft:diorite":15490,"minecraft:warped_wart_block":89,"minecraft:black_stained_glass":9,"minecraft:red_terracotta":7,"minecraft:cut_copper_slab":40,"minecraft:light_blue_bed":490,"minecraft:coarse_dirt":671,"minecraft:cobblestone_wall":12,"minecraft:dark_oak_wall_sign":56,"minecraft:stripped_spruce_wood":1,"minecraft:dead_bubble_coral_fan":2,"minecraft:weathered_cut_copper":1,"minecraft:purple_concrete":364,"minecraft:red_sandstone_wall":57,"minecraft:sunflower":39,"minecraft:gravel":5541,"minecraft:cobweb":938,"minecraft:brown_terracotta":227,"minecraft:birch_sign":33,"minecraft:polished_blackstone":117,"minecraft:stone_bricks":1327,"minecraft:gold_ore":2993,"minecraft:chipped_anvil":17,"minecraft:waxed_exposed_cut_copper":5,"minecraft:iron_trapdoor":12,"minecraft:fern":970,"minecraft:stone_pressure_plate":77,"minecraft:oak_sapling":3,"minecraft:farmland":465,"minecraft:mossy_stone_brick_slab":6,"minecraft:orange_stained_glass":16,"minecraft:orange_wool":7,"minecraft:brewing_stand":11,"minecraft:spruce_trapdoor":6,"minecraft:dead_horn_coral":1,"minecraft:budding_amethyst":60,"minecraft:white_concrete":911,"minecraft:cracked_polished_blackstone_bricks":95,"minecraft:bubble_coral_fan":113,"minecraft:polished_diorite":129,"minecraft:composter":17,"minecraft:gilded_blackstone":72,"minecraft:mossy_cobblestone_slab":939,"minecraft:pink_candle":4,"minecraft:green_stained_glass":1339,"minecraft:pointed_dripstone":3659,"minecraft:flowering_azalea_leaves":1123,"minecraft:iron_bars":37,"minecraft:azalea":313,"minecraft:granite_stairs":8,"minecraft:spruce_slab":82,"minecraft:waxed_cut_copper_stairs":5,"minecraft:waxed_cut_copper":6,"minecraft:netherite_block":1,"minecraft:deepslate_redstone_ore":813,"minecraft:quartz_block":399,"minecraft:polished_blackstone_wall":1,"minecraft:powder_snow_cauldron":68,"minecraft:exposed_copper":72,"minecraft:medium_amethyst_bud":1628,"minecraft:orange_terracotta":921,"minecraft:purpur_stairs":29,"minecraft:jungle_stairs":3,"minecraft:mossy_cobblestone_wall":18,"minecraft:beacon":30,"minecraft:nether_quartz_ore":457,"minecraft:oak_planks":325,"minecraft:light_blue_banner":1,"minecraft:wall_torch":409,"minecraft:cauldron":89,"minecraft:light_blue_terracotta":67,"minecraft:stone_stairs":105,"minecraft:fire_coral_fan":112,"minecraft:warped_nylium":658,"minecraft:blue_terracotta":56,"minecraft:powered_rail":255,"minecraft:dark_oak_slab":21,"minecraft:mossy_stone_brick_wall":5,"minecraft:warped_planks":4,"minecraft:blue_ice":2261,"minecraft:lava_cauldron":1,"minecraft:exposed_cut_copper_slab":37,"minecraft:tnt":32,"minecraft:smooth_stone_slab":104,"minecraft:oak_log":5866,"minecraft:beetroots":134,"minecraft:lime_terracotta":1,"minecraft:dirt":73214,"minecraft:raw_copper_block":62,"minecraft:dispenser":61,"minecraft:ancient_debris":47,"minecraft:cyan_candle":5,"minecraft:daylight_detector":4,"minecraft:crying_obsidian":257,"minecraft:dark_oak_leaves":257,"minecraft:red_stained_glass":1,"minecraft:glow_lichen":2883,"minecraft:lever":32,"minecraft:ladder":107,"minecraft:tube_coral_wall_fan":562,"minecraft:stone_button":71,"minecraft:weathered_copper":29,"minecraft:potted_azalea_bush":1,"minecraft:birch_slab":165,"minecraft:spruce_leaves":10343,"minecraft:acacia_slab":12,"minecraft:cracked_nether_bricks":5,"minecraft:crimson_stem":63,"minecraft:dead_horn_coral_wall_fan":3,"minecraft:hay_block":2,"minecraft:heavy_weighted_pressure_plate":3,"minecraft:raw_gold_block":20,"minecraft:nether_sprouts":257,"minecraft:polished_basalt":167,"minecraft:detector_rail":2,"minecraft:peony":1,"minecraft:gold_block":205,"minecraft:nether_brick_fence":103,"minecraft:bookshelf":73,"minecraft:deepslate_iron_ore":1068,"minecraft:shroomlight":151,"minecraft:oxidized_cut_copper_slab":24,"minecraft:stripped_oak_log":130,"minecraft:wet_sponge":643,"minecraft:jungle_fence_gate":4,"minecraft:pink_terracotta":71,"minecraft:orange_glazed_terracotta":356,"minecraft:scaffolding":356,"minecraft:acacia_leaves":549,"minecraft:magenta_stained_glass":2,"minecraft:snow_block":3171,"minecraft:basalt":9468,"minecraft:stripped_dark_oak_log":1,"minecraft:polished_granite":158,"minecraft:oak_fence":182,"minecraft:honey_block":20,"minecraft:gray_stained_glass":26,"minecraft:lime_carpet":10,"minecraft:stone_slab":23,"minecraft:deepslate_coal_ore":731,"minecraft:quartz_bricks":2,"minecraft:crimson_pressure_plate":3,"minecraft:polished_blackstone_brick_stairs":4,"minecraft:prismarine_bricks":38,"minecraft:birch_planks":24,"minecraft:dead_fire_coral_block":4,"minecraft:bubble_coral":323,"minecraft:sea_pickle":815,"minecraft:polished_blackstone_slab":85,"minecraft:ice":41842,"minecraft:white_wall_banner":3,"minecraft:bee_nest":8,"minecraft:flower_pot":5,"minecraft:yellow_concrete":18,"minecraft:purple_shulker_box":18,"minecraft:stripped_acacia_wood":3,"minecraft:dead_bubble_coral_wall_fan":14,"minecraft:small_dripleaf":1,"minecraft:mossy_stone_bricks":61,"minecraft:dark_oak_planks":21,"minecraft:light_blue_concrete":693,"minecraft:chiseled_red_sandstone":38,"minecraft:jungle_leaves":116,"minecraft:obsidian":643,"minecraft:warped_stairs":2,"minecraft:carved_pumpkin":393,"minecraft:chiseled_polished_blackstone":21,"minecraft:red_sand":81041,"minecraft:smooth_red_sandstone_stairs":30,"minecraft:crimson_trapdoor":14,"minecraft:yellow_carpet":1,"minecraft:jungle_log":211,"minecraft:coal_block":14,"minecraft:horn_coral_fan":107,"minecraft:deepslate_bricks":29,"minecraft:pink_stained_glass":16,"minecraft:hopper":216,"minecraft:lime_stained_glass":3,"minecraft:purpur_slab":11,"minecraft:oxeye_daisy":20,"minecraft:bubble_coral_block":9943,"minecraft:deepslate_tile_stairs":18,"minecraft:acacia_pressure_plate":3,"minecraft:tube_coral_block":502,"minecraft:crimson_fungus":7,"minecraft:chiseled_stone_bricks":14,"minecraft:weeping_vines_plant":78,"minecraft:orange_concrete":150,"minecraft:tall_seagrass":461,"minecraft:sticky_piston":124,"minecraft:dead_fire_coral_wall_fan":4,"minecraft:moss_carpet":827,"minecraft:pumpkin":666,"minecraft:enchanting_table":1,"minecraft:lime_stained_glass_pane":17,"minecraft:smooth_red_sandstone":54,"minecraft:oak_sign":3,"minecraft:cave_vines":52,"minecraft:water_cauldron":14,"minecraft:polished_deepslate_slab":6,"minecraft:dirt_path":1656,"minecraft:small_amethyst_bud":3747,"minecraft:quartz_slab":6,"minecraft:deepslate_brick_stairs":7,"minecraft:smooth_sandstone_stairs":204,"minecraft:blue_orchid":7,"minecraft:iron_block":3385,"minecraft:piston_head":5,"minecraft:conduit":11,"minecraft:soul_wall_torch":2,"minecraft:brown_mushroom":13,"minecraft:player_wall_head":8,"minecraft:amethyst_cluster":3301,"minecraft:soul_fire":10,"minecraft:oxidized_cut_copper_stairs":57,"minecraft:blast_furnace":25,"minecraft:polished_andesite_stairs":18,"minecraft:dead_brain_coral_fan":3,"minecraft:polished_diorite_slab":11,"minecraft:glass":888,"minecraft:damaged_anvil":16,"minecraft:smooth_sandstone_slab":67,"minecraft:crimson_stairs":4,"minecraft:spruce_sign":9,"minecraft:weathered_cut_copper_stairs":7,"minecraft:black_concrete_powder":7,"minecraft:wheat":1324,"minecraft:lilac":2,"minecraft:pumpkin_stem":66,"minecraft:lime_concrete":422,"minecraft:waxed_copper_block":20,"minecraft:warped_fungus":27,"minecraft:stone_brick_stairs":25,"minecraft:copper_block":135,"minecraft:oak_fence_gate":11,"minecraft:purple_concrete_powder":1,"minecraft:loom":3,"minecraft:blue_shulker_box":94,"minecraft:cut_red_sandstone":45,"minecraft:stonecutter":77,"minecraft:piston":60,"minecraft:yellow_terracotta":4,"minecraft:light_gray_stained_glass_pane":1,"minecraft:stripped_birch_log":268,"minecraft:jack_o_lantern":259,"minecraft:shulker_box":5408,"minecraft:cobbled_deepslate_slab":1,"minecraft:nether_bricks":1390,"minecraft:crimson_roots":39,"minecraft:orange_shulker_box":184,"minecraft:red_sandstone_stairs":62,"minecraft:lime_wool":12,"minecraft:crimson_button":5,"minecraft:horn_coral_wall_fan":590,"minecraft:moss_block":4850,"minecraft:kelp":230,"minecraft:pink_wool":25,"minecraft:black_stained_glass_pane":6,"minecraft:jungle_sapling":1,"minecraft:polished_blackstone_button":29,"minecraft:red_sandstone":82,"minecraft:snow":2885,"minecraft:acacia_wood":7,"minecraft:diamond_block":20,"minecraft:potatoes":441,"minecraft:warped_stem":110,"minecraft:bamboo":2178,"minecraft:green_candle":2,"minecraft:bamboo_sapling":23,"minecraft:warped_trapdoor":1,"minecraft:cut_copper":225,"minecraft:white_wool":85,"minecraft:brain_coral":310,"minecraft:smithing_table":4,"minecraft:light_gray_carpet":1,"minecraft:comparator":89,"minecraft:hanging_roots":334,"minecraft:stone_brick_slab":79,"minecraft:pink_concrete_powder":8,"minecraft:observer":373,"minecraft:cobbled_deepslate_wall":40,"minecraft:light_gray_concrete_powder":11,"minecraft:spruce_button":2,"minecraft:emerald_ore":2,"minecraft:sponge":30,"minecraft:dropper":73,"minecraft:smooth_red_sandstone_slab":18,"minecraft:dried_kelp_block":84,"minecraft:cracked_deepslate_bricks":144,"minecraft:big_dripleaf":87,"minecraft:purple_bed":5,"minecraft:white_carpet":38,"minecraft:spruce_log":6499,"minecraft:birch_leaves":251,"minecraft:jungle_fence":8,"minecraft:quartz_pillar":36,"minecraft:dark_oak_sign":2,"minecraft:dripstone_block":5186,"minecraft:spruce_fence_gate":6,"minecraft:infested_stone":13,"minecraft:black_shulker_box":125,"minecraft:waxed_cut_copper_slab":8,"minecraft:large_amethyst_bud":1032,"minecraft:spruce_planks":1066,"minecraft:attached_melon_stem":8,"minecraft:cobbled_deepslate_stairs":4,"minecraft:potted_cactus":1,"minecraft:cave_vines_plant":10,"minecraft:stripped_crimson_hyphae":1,"minecraft:grass_block":139486,"minecraft:dead_tube_coral_block":4,"minecraft:soul_soil":1810,"minecraft:stripped_warped_hyphae":1,"minecraft:warped_sign":1,"minecraft:smooth_stone":444,"minecraft:raw_iron_block":1311,"minecraft:glowstone":349,"minecraft:iron_ore":20246,"minecraft:target":5,"minecraft:potted_red_mushroom":1,"minecraft:anvil":21,"minecraft:azure_bluet":11,"minecraft:dark_oak_stairs":58,"minecraft:brown_glazed_terracotta":15,"minecraft:warped_button":1,"minecraft:purple_carpet":17,"minecraft:black_candle":11,"minecraft:birch_wall_sign":112,"minecraft:azalea_leaves":2758,"minecraft:end_stone_bricks":74,"minecraft:brain_coral_block":346,"minecraft:dead_fire_coral":2,"minecraft:dead_bubble_coral_block":258,"minecraft:blackstone":2307,"minecraft:cyan_terracotta":152,"minecraft:twisting_vines_plant":194,"minecraft:polished_deepslate_stairs":4,"minecraft:melon_stem":13,"minecraft:soul_lantern":112,"minecraft:chiseled_quartz_block":1,"minecraft:clay":936,"minecraft:dead_fire_coral_fan":7,"minecraft:calcite":3118,"minecraft:poppy":60,"minecraft:chest":430,"minecraft:honeycomb_block":71,"minecraft:cobblestone":2424,"minecraft:slime_block":2688,"minecraft:grindstone":7,"minecraft:prismarine":366,"minecraft:iron_door":23,"minecraft:deepslate_copper_ore":137,"minecraft:seagrass":740,"minecraft:acacia_sapling":13,"minecraft:nether_wart_block":175,"minecraft:birch_log":944,"minecraft:lapis_block":64,"minecraft:yellow_wool":67,"minecraft:birch_trapdoor":4,"minecraft:stripped_oak_wood":53,"minecraft:activator_rail":2,"minecraft:brown_wall_banner":1,"minecraft:purpur_block":80,"minecraft:diorite_wall":12,"minecraft:sand":11513,"minecraft:crimson_planks":9,"minecraft:tripwire_hook":3,"minecraft:polished_deepslate_wall":10,"minecraft:netherrack":32354,"minecraft:oak_leaves":2068,"minecraft:horn_coral_block":260,"minecraft:emerald_block":7,"minecraft:redstone_lamp":31,"minecraft:nether_gold_ore":96,"minecraft:diamond_ore":583,"minecraft:tube_coral":217,"minecraft:tuff":835,"minecraft:deepslate_diamond_ore":278,"minecraft:candle":13,"minecraft:oak_door":8,"minecraft:gray_shulker_box":296,"minecraft:gray_stained_glass_pane":21,"minecraft:dark_oak_pressure_plate":1,"minecraft:light_blue_glazed_terracotta":30,"minecraft:weeping_vines":91,"minecraft:white_stained_glass":54,"minecraft:polished_andesite_slab":89,"minecraft:rooted_dirt":2658,"minecraft:sandstone":2606,"minecraft:large_fern":985,"minecraft:spore_blossom":3,"minecraft:deepslate_brick_slab":5,"minecraft:diorite_slab":39,"minecraft:oxidized_cut_copper":27,"minecraft:oak_trapdoor":6,"minecraft:red_concrete_powder":7,"minecraft:spruce_sapling":13,"minecraft:furnace":100,"minecraft:carrots":1623,"minecraft:dark_oak_fence_gate":4,"minecraft:stripped_spruce_log":10,"minecraft:black_concrete":1,"minecraft:chiseled_deepslate":47,"minecraft:polished_deepslate":95,"minecraft:bell":9,"minecraft:dead_horn_coral_block":6,"minecraft:lantern":61,"minecraft:crimson_door":4,"minecraft:stripped_acacia_log":46,"minecraft:stripped_jungle_log":2,"minecraft:packed_ice":9149,"minecraft:chorus_plant":82,"minecraft:stone":274939,"minecraft:yellow_shulker_box":64,"minecraft:redstone_wall_torch":32,"minecraft:podzol":318,"minecraft:light_blue_shulker_box":146,"minecraft:flowering_azalea":94,"minecraft:red_wool":74,"minecraft:cut_copper_stairs":47,"minecraft:soul_torch":11,"minecraft:spruce_door":2,"minecraft:crafting_table":414,"minecraft:blackstone_slab":3,"minecraft:oak_wood":18,"minecraft:lime_concrete_powder":21,"minecraft:rose_bush":4,"minecraft:lectern":282,"minecraft:lapis_ore":708,"minecraft:lily_pad":8,"minecraft:spruce_stairs":4,"minecraft:gray_wool":1,"minecraft:gray_concrete_powder":5,"minecraft:cactus":946,"minecraft:brick_slab":2,"minecraft:green_shulker_box":54,"minecraft:beehive":7,"minecraft:polished_blackstone_stairs":67,"minecraft:redstone_torch":41,"minecraft:sweet_berry_bush":69,"minecraft:dead_brain_coral_block":5,"minecraft:coal_ore":9330,"minecraft:end_rod":227,"minecraft:bubble_coral_wall_fan":630,"minecraft:gray_carpet":30,"minecraft:lodestone":4,"minecraft:terracotta":3870,"minecraft:polished_andesite":512,"minecraft:acacia_wall_sign":2,"minecraft:birch_fence":32,"minecraft:warped_slab":22},"minecraft:used":{"minecraft:moss_block":5197,"minecraft:writable_book":190,"minecraft:jack_o_lantern":657,"minecraft:chiseled_deepslate":55,"minecraft:dispenser":359,"minecraft:red_sandstone_slab":2892,"minecraft:poppy":12,"minecraft:stone":25117,"minecraft:warped_sign":6,"minecraft:waxed_weathered_cut_copper_stairs":1,"minecraft:rotten_flesh":48,"minecraft:tube_coral":113,"minecraft:chiseled_red_sandstone":168,"minecraft:soul_sand":726,"minecraft:weathered_copper":28,"minecraft:cut_copper":420,"minecraft:deepslate_brick_slab":7,"minecraft:snowball":435,"minecraft:weeping_vines":1553,"minecraft:spruce_boat":3,"minecraft:polished_blackstone_slab":169,"minecraft:jungle_sapling":24,"minecraft:packed_ice":4361,"minecraft:lava_bucket":10965,"minecraft:quartz_pillar":267,"minecraft:red_wool":81,"minecraft:lime_banner":1,"minecraft:jungle_fence_gate":4,"minecraft:deepslate_copper_ore":32,"minecraft:quartz_block":1598,"minecraft:netherite_hoe":18303,"minecraft:dark_oak_slab":87,"minecraft:dark_oak_leaves":1,"minecraft:diorite_wall":12,"minecraft:netherite_boots":7,"minecraft:bow":6223,"minecraft:cooked_cod":238,"minecraft:oak_sapling":65,"minecraft:gray_banner":1,"minecraft:green_stained_glass_pane":2011,"minecraft:deepslate_brick_wall":53,"minecraft:mossy_stone_bricks":597,"minecraft:leather_leggings":1,"minecraft:damaged_anvil":15,"minecraft:prismarine":625,"minecraft:blackstone":306,"minecraft:cactus":1591,"minecraft:clay":445,"minecraft:mossy_stone_brick_stairs":25,"minecraft:wooden_pickaxe":22,"minecraft:composter":34,"minecraft:glow_berries":224,"minecraft:golden_apple":15,"minecraft:cut_sandstone_slab":468,"minecraft:blast_furnace":25,"minecraft:weathered_cut_copper_slab":2,"minecraft:acacia_leaves":7,"minecraft:cyan_dye":5,"minecraft:chiseled_quartz_block":1,"minecraft:purple_concrete_powder":321,"minecraft:red_sandstone_wall":194,"minecraft:deepslate_brick_stairs":49,"minecraft:crimson_fence_gate":8,"minecraft:birch_fence":50,"minecraft:red_sandstone":1163,"minecraft:birch_slab":186,"minecraft:deepslate_iron_ore":225,"minecraft:gray_stained_glass_pane":171,"minecraft:oak_pressure_plate":8,"minecraft:cut_red_sandstone":204,"minecraft:flowering_azalea_leaves":285,"minecraft:coal_block":38,"minecraft:nether_wart_block":53,"minecraft:diamond_sword":10519,"minecraft:exposed_cut_copper":3,"minecraft:smithing_table":4,"minecraft:birch_log":415,"minecraft:oak_boat":45,"minecraft:waxed_cut_copper_stairs":7,"minecraft:compass":6,"minecraft:stripped_acacia_wood":3,"minecraft:diorite_slab":397,"minecraft:oak_trapdoor":7,"minecraft:enchanting_table":1,"minecraft:orange_concrete":45,"minecraft:dead_bush":2093,"minecraft:carved_pumpkin":2,"minecraft:armor_stand":60,"minecraft:tinted_glass":813,"minecraft:light_gray_carpet":1,"minecraft:polished_blackstone_wall":1,"minecraft:cooked_salmon":14,"minecraft:exposed_cut_copper_stairs":5,"minecraft:torch":24557,"minecraft:orange_stained_glass":1221,"minecraft:brewing_stand":10,"minecraft:light_blue_dye":8,"minecraft:yellow_carpet":17,"minecraft:oak_fence_gate":6,"minecraft:fern":2121,"minecraft:mossy_cobblestone_stairs":50,"minecraft:sea_lantern":563,"minecraft:chipped_anvil":15,"minecraft:filled_map":33,"minecraft:iron_block":3393,"minecraft:light_weighted_pressure_plate":10,"minecraft:polished_deepslate_wall":27,"minecraft:jungle_log":32,"minecraft:barrel":203,"minecraft:bamboo":671,"minecraft:diamond_chestplate":4,"minecraft:basalt":1471,"minecraft:lime_concrete":412,"minecraft:warped_stairs":42,"minecraft:podzol":66,"minecraft:dead_bubble_coral_fan":14,"minecraft:horn_coral_fan":324,"minecraft:calcite":1161,"minecraft:warped_stem":590,"minecraft:wheat_seeds":1773,"minecraft:light_blue_shulker_box":148,"minecraft:tube_coral_block":95,"minecraft:birch_planks":23,"minecraft:lead":2,"minecraft:spruce_fence_gate":17,"minecraft:cauldron":1974,"minecraft:glow_ink_sac":526,"minecraft:leather_boots":40,"minecraft:gold_ore":610,"minecraft:deepslate_bricks":158,"minecraft:conduit":13,"minecraft:waxed_exposed_copper":11,"minecraft:diamond_block":3,"minecraft:light_gray_banner":1,"minecraft:polished_deepslate_slab":6,"minecraft:rail":347,"minecraft:red_bed":6,"minecraft:white_bed":34,"minecraft:crimson_trapdoor":152,"minecraft:green_dye":10,"minecraft:campfire":147,"minecraft:spruce_log":351,"minecraft:acacia_sign":9,"minecraft:yellow_dye":4,"minecraft:amethyst_cluster":1033,"minecraft:diamond_shovel":39438,"minecraft:diamond_pickaxe":211287,"minecraft:warped_trapdoor":1,"minecraft:suspicious_stew":6,"minecraft:spruce_pressure_plate":9,"minecraft:tnt_minecart":1,"minecraft:leather_helmet":1,"minecraft:spruce_trapdoor":13,"minecraft:blue_carpet":310,"minecraft:pink_bed":1,"minecraft:spruce_sapling":127,"minecraft:green_carpet":66,"minecraft:potion":146,"minecraft:azalea_leaves":761,"minecraft:orange_banner":2,"minecraft:purple_bed":7,"minecraft:crimson_stairs":33,"minecraft:cooked_porkchop":6,"minecraft:porkchop":5,"minecraft:stripped_oak_log":80,"minecraft:diamond_leggings":3,"minecraft:green_stained_glass":1337,"minecraft:light_blue_banner":2,"minecraft:moss_carpet":2353,"minecraft:blue_terracotta":56,"minecraft:waxed_exposed_cut_copper":9,"minecraft:red_sand":49965,"minecraft:polished_deepslate":770,"minecraft:light_gray_stained_glass_pane":1,"minecraft:melon":8,"minecraft:bone_block":1125,"minecraft:polished_basalt":696,"minecraft:nether_wart":226,"minecraft:mossy_stone_brick_slab":31,"minecraft:grass":2,"minecraft:bubble_coral":139,"minecraft:green_terracotta":8,"minecraft:stripped_crimson_stem":7,"minecraft:spruce_leaves":1783,"minecraft:orange_glazed_terracotta":1198,"minecraft:pink_terracotta":377,"minecraft:beehive":7,"minecraft:obsidian":292,"minecraft:honey_bottle":120,"minecraft:big_dripleaf":663,"minecraft:crimson_button":121,"minecraft:spruce_wood":3,"minecraft:lantern":282,"minecraft:blue_orchid":1,"minecraft:green_wool":2,"minecraft:warped_nylium":86,"minecraft:light_blue_bed":496,"minecraft:mossy_cobblestone_slab":973,"minecraft:raw_gold_block":79,"minecraft:item_frame":151,"minecraft:birch_button":7,"minecraft:deepslate_diamond_ore":44,"minecraft:birch_trapdoor":4,"minecraft:red_nether_brick_wall":24,"minecraft:horn_coral":145,"minecraft:written_book":40,"minecraft:blue_shulker_box":94,"minecraft:gold_block":230,"minecraft:pink_concrete_powder":160,"minecraft:dark_oak_sapling":49,"minecraft:diamond_boots":3,"minecraft:tube_coral_fan":334,"minecraft:dropper":199,"minecraft:wither_skeleton_skull":3,"minecraft:end_rod":167,"minecraft:stripped_acacia_log":1,"minecraft:gray_carpet":92,"minecraft:stone_pickaxe":95,"minecraft:oak_planks":9,"minecraft:jungle_fence":9,"minecraft:polished_diorite_slab":414,"minecraft:sandstone":82,"minecraft:sugar_cane":295,"minecraft:diamond_axe":7256,"minecraft:white_wool":114,"minecraft:light_blue_concrete":546,"minecraft:netherite_leggings":5,"minecraft:lime_stained_glass_pane":20,"minecraft:crossbow":48,"minecraft:deepslate_lapis_ore":37,"minecraft:end_stone":3,"minecraft:sticky_piston":201,"minecraft:dead_fire_coral_fan":8,"minecraft:lever":157,"minecraft:daylight_detector":1229,"minecraft:acacia_door":4,"minecraft:dark_oak_log":546,"minecraft:nether_sprouts":55,"minecraft:bread":57,"minecraft:warped_slab":44,"minecraft:iron_door":45,"minecraft:deepslate":2867,"minecraft:dead_horn_coral":1,"minecraft:light_blue_concrete_powder":608,"minecraft:coarse_dirt":11033,"minecraft:dead_horn_coral_fan":1,"minecraft:chain":236,"minecraft:smooth_stone_slab":711,"minecraft:mossy_cobblestone_wall":35,"minecraft:bone_meal":19877,"minecraft:orange_concrete_powder":27734,"minecraft:netherite_sword":10215,"minecraft:rose_bush":5,"minecraft:granite_stairs":8,"minecraft:flint_and_steel":1349,"minecraft:dried_kelp":30,"minecraft:redstone":3097,"minecraft:ender_chest":1362,"minecraft:deepslate_gold_ore":64,"minecraft:stone_hoe":188,"minecraft:dried_kelp_block":288,"minecraft:dirt":20117,"minecraft:red_nether_brick_slab":20,"minecraft:prismarine_bricks":47,"minecraft:bee_nest":5,"minecraft:spruce_fence":211,"minecraft:iron_hoe":285,"minecraft:brown_terracotta":24,"minecraft:crimson_slab":57,"minecraft:iron_boots":1,"minecraft:dark_oak_pressure_plate":17,"minecraft:soul_soil":1140,"minecraft:waxed_cut_copper_slab":5,"minecraft:black_stained_glass":13,"minecraft:lime_stained_glass":5,"minecraft:black_dye":1,"minecraft:deepslate_tile_stairs":21,"minecraft:netherite_pickaxe":368238,"minecraft:minecart":25,"minecraft:cooked_beef":193,"minecraft:dead_bubble_coral_block":220,"minecraft:mossy_stone_brick_wall":18,"minecraft:powder_snow_bucket":739,"minecraft:pumpkin":379,"minecraft:beetroot_soup":1,"minecraft:cobbled_deepslate_wall":147,"minecraft:quartz_bricks":32,"minecraft:pink_glazed_terracotta":572,"minecraft:lodestone":7,"minecraft:snow_block":23442,"minecraft:baked_potato":1338,"minecraft:birch_boat":20,"minecraft:brown_mushroom":7,"minecraft:spruce_sign":15,"minecraft:green_bed":1,"minecraft:warped_roots":10,"minecraft:waxed_copper_block":25,"minecraft:magenta_bed":1,"minecraft:red_mushroom":1,"minecraft:brown_glazed_terracotta":15,"minecraft:warped_planks":117,"minecraft:cyan_stained_glass":31,"minecraft:netherite_block":1,"minecraft:piston":104,"minecraft:flower_pot":61,"minecraft:chicken":1,"minecraft:lapis_ore":137,"minecraft:gray_candle":4,"minecraft:stone_slab":26,"minecraft:detector_rail":5,"minecraft:jungle_stairs":3,"minecraft:yellow_wool":90,"minecraft:stone_axe":482,"minecraft:magenta_banner":3,"minecraft:fire_coral_block":98,"minecraft:crimson_fungus":8,"minecraft:stripped_crimson_hyphae":1,"minecraft:cobbled_deepslate_slab":43,"minecraft:pink_shulker_box":1,"minecraft:lapis_block":404,"minecraft:wither_rose":327,"minecraft:sea_pickle":9374,"minecraft:gray_wool":1,"minecraft:peony":2,"minecraft:beetroot":107,"minecraft:orange_dye":50,"minecraft:elytra":23,"minecraft:dead_horn_coral_block":1,"minecraft:polished_blackstone":591,"minecraft:ladder":310,"minecraft:spruce_slab":261,"minecraft:chest":940,"minecraft:green_banner":2,"minecraft:white_shulker_box":639,"minecraft:weathered_cut_copper_stairs":9,"minecraft:acacia_sapling":181,"minecraft:brick_slab":2,"minecraft:pink_candle":135,"minecraft:orange_wool":57,"minecraft:jungle_slab":17,"minecraft:stripped_spruce_log":8,"minecraft:honey_block":123,"minecraft:honeycomb":1508,"minecraft:netherite_shovel":295901,"minecraft:birch_sapling":136,"minecraft:black_stained_glass_pane":6,"minecraft:grass_block":28242,"minecraft:polished_andesite_stairs":61,"minecraft:orange_shulker_box":183,"minecraft:copper_ore":2298,"minecraft:wet_sponge":30,"minecraft:blue_banner":1,"minecraft:stone_brick_stairs":53,"minecraft:pink_wool":183,"minecraft:exposed_cut_copper_slab":31,"minecraft:snow":18019,"minecraft:dark_oak_boat":3,"minecraft:sweet_berries":149,"minecraft:furnace":131,"minecraft:egg":125,"minecraft:potato":519,"minecraft:dragon_head":1,"minecraft:dead_brain_coral_fan":3,"minecraft:seagrass":78,"minecraft:magenta_shulker_box":1,"minecraft:diorite":919,"minecraft:end_stone_bricks":82,"minecraft:spruce_door":6,"minecraft:warped_fungus_on_a_stick":22,"minecraft:stripped_birch_log":202,"minecraft:cut_copper_slab":271,"minecraft:red_stained_glass":31,"minecraft:powered_rail":997,"minecraft:blackstone_stairs":20,"minecraft:orange_tulip":5,"minecraft:lime_concrete_powder":348,"minecraft:purpur_pillar":168,"minecraft:oak_leaves":412,"minecraft:cookie":109,"minecraft:respawn_anchor":2,"minecraft:dark_oak_trapdoor":92,"minecraft:blue_dye":5,"minecraft:sand":3260,"minecraft:purpur_stairs":39,"minecraft:smooth_red_sandstone":612,"minecraft:blue_ice":25,"minecraft:netherite_helmet":8,"minecraft:oxidized_cut_copper_slab":31,"minecraft:black_concrete_powder":7,"minecraft:pumpkin_seeds":86,"minecraft:lightning_rod":90,"minecraft:deepslate_tiles":1134,"minecraft:crying_obsidian":547,"minecraft:stone_button":260,"minecraft:spore_blossom":30,"minecraft:lectern":303,"minecraft:polished_granite":375,"minecraft:diamond_ore":107,"minecraft:lilac":1,"minecraft:polished_andesite_slab":172,"minecraft:soul_lantern":228,"minecraft:green_candle":8,"minecraft:fire_charge":1,"minecraft:dark_oak_fence":68,"minecraft:bubble_coral_block":9109,"minecraft:white_stained_glass":381,"minecraft:pink_stained_glass":24,"minecraft:ice":6683,"minecraft:gray_stained_glass":26,"minecraft:iron_bars":57,"minecraft:acacia_log":826,"minecraft:brain_coral_fan":265,"minecraft:sandstone_wall":15,"minecraft:netherrack":2972,"minecraft:orange_bed":2,"minecraft:anvil":28,"minecraft:dragon_egg":4,"minecraft:target":48,"minecraft:wheat":1,"minecraft:stone_stairs":107,"minecraft:twisting_vines":267,"minecraft:nether_brick_stairs":45,"minecraft:crimson_hyphae":24,"minecraft:glow_lichen":26095,"minecraft:nether_brick_slab":15,"minecraft:jungle_trapdoor":39,"minecraft:polished_diorite":589,"minecraft:dead_brain_coral_block":1,"minecraft:small_dripleaf":8,"minecraft:shroomlight":487,"minecraft:red_shulker_box":213,"minecraft:flowering_azalea":720,"minecraft:rooted_dirt":2583,"minecraft:cyan_shulker_box":85,"minecraft:iron_axe":207,"minecraft:spruce_button":23,"minecraft:slime_block":3119,"minecraft:smooth_quartz":3,"minecraft:lime_dye":6,"minecraft:raw_copper_block":2411,"minecraft:melon_seeds":24,"minecraft:tripwire_hook":169,"minecraft:waxed_exposed_cut_copper_slab":6,"minecraft:smooth_basalt":3214,"minecraft:purple_concrete":284,"minecraft:glowstone":964,"minecraft:cobbled_deepslate":1817,"minecraft:oxidized_copper":646,"minecraft:beef":2,"minecraft:iron_trapdoor":17,"minecraft:acacia_wood":139,"minecraft:orange_terracotta":1,"minecraft:crimson_pressure_plate":16,"minecraft:magenta_dye":3,"minecraft:observer":682,"minecraft:pointed_dripstone":34162,"minecraft:hanging_roots":174,"minecraft:crimson_stem":295,"minecraft:water_bucket":1572,"minecraft:yellow_banner":1,"minecraft:nether_brick_wall":20,"minecraft:light_blue_glazed_terracotta":30,"minecraft:rabbit":3,"minecraft:yellow_shulker_box":65,"minecraft:cartography_table":3,"minecraft:lime_wool":32,"minecraft:bubble_coral_fan":397,"minecraft:smooth_sandstone_slab":525,"minecraft:fletching_table":10,"minecraft:pink_concrete":149,"minecraft:salmon":4,"minecraft:polished_blackstone_bricks":80,"minecraft:gilded_blackstone":63,"minecraft:orange_carpet":6,"minecraft:lime_terracotta":1,"minecraft:comparator":320,"minecraft:mossy_cobblestone":731,"minecraft:tnt":719,"minecraft:crafting_table":463,"minecraft:birch_sign":487,"minecraft:fire_coral":131,"minecraft:cod":3,"minecraft:dark_oak_fence_gate":9,"minecraft:lime_shulker_box":148,"minecraft:cake":9,"minecraft:deepslate_tile_wall":670,"minecraft:small_amethyst_bud":2853,"minecraft:oak_log":1846,"minecraft:ender_eye":4,"minecraft:sunflower":5,"minecraft:iron_pickaxe":619,"minecraft:crimson_nylium":288,"minecraft:crimson_sign":9,"minecraft:chiseled_stone_bricks":305,"minecraft:cobblestone":5978,"minecraft:acacia_pressure_plate":7,"minecraft:red_concrete_powder":7,"minecraft:sandstone_slab":463,"minecraft:glass_pane":65,"minecraft:black_candle":153,"minecraft:kelp":683,"minecraft:candle":30,"minecraft:light_gray_dye":1,"minecraft:light_blue_stained_glass_pane":8,"minecraft:purple_candle":26,"minecraft:iron_shovel":16,"minecraft:dead_tube_coral_fan":4,"minecraft:diamond_hoe":1586,"minecraft:oak_sign":183,"minecraft:white_concrete_powder":850,"minecraft:shield":87,"minecraft:iron_sword":235,"minecraft:purple_shulker_box":18,"minecraft:bell":11,"minecraft:player_head":52,"minecraft:smooth_sandstone_stairs":2401,"minecraft:oxidized_cut_copper":689,"minecraft:white_candle":121,"minecraft:birch_pressure_plate":2,"minecraft:nether_bricks":135,"minecraft:carrot":2609,"minecraft:deepslate_tile_slab":3446,"minecraft:tuff":349,"minecraft:axolotl_bucket":52,"minecraft:polished_deepslate_stairs":16,"minecraft:milk_bucket":11,"minecraft:red_sandstone_stairs":666,"minecraft:glass":2666,"minecraft:cyan_terracotta":364,"minecraft:coal_ore":1864,"minecraft:quartz_slab":82,"minecraft:gray_concrete_powder":7,"minecraft:crimson_roots":31,"minecraft:hopper_minecart":57,"minecraft:stone_bricks":5250,"minecraft:redstone_lamp":46,"minecraft:repeater":901,"minecraft:red_carpet":3,"minecraft:honeycomb_block":71,"minecraft:magma_block":626,"minecraft:warped_fungus":14,"minecraft:hay_block":36,"minecraft:scaffolding":1764,"minecraft:oxidized_cut_copper_stairs":190,"minecraft:beetroot_seeds":223,"minecraft:fire_coral_fan":331,"minecraft:polished_blackstone_stairs":614,"minecraft:chiseled_polished_blackstone":1,"minecraft:dark_oak_stairs":146,"minecraft:dark_oak_sign":100,"minecraft:birch_leaves":25,"minecraft:birch_wood":5,"minecraft:ender_pearl":289,"minecraft:redstone_block":52,"minecraft:blue_bed":6,"minecraft:large_amethyst_bud":673,"minecraft:brain_coral":149,"minecraft:yellow_terracotta":12,"minecraft:loom":2,"minecraft:black_banner":1,"minecraft:deepslate_redstone_ore":285,"minecraft:sponge":643,"minecraft:black_bed":1,"minecraft:note_block":77,"minecraft:dripstone_block":38322,"minecraft:cobbled_deepslate_stairs":16,"minecraft:shears":4403,"minecraft:exposed_copper":71,"minecraft:redstone_torch":230,"minecraft:gray_shulker_box":296,"minecraft:melon_slice":259,"minecraft:firework_rocket":16219,"minecraft:string":265,"minecraft:cyan_bed":1,"minecraft:birch_fence_gate":2,"minecraft:heavy_weighted_pressure_plate":9,"minecraft:lime_carpet":93,"minecraft:gravel":396,"minecraft:golden_helmet":12,"minecraft:blackstone_slab":57,"minecraft:oak_fence":26,"minecraft:jungle_sign":3,"minecraft:medium_amethyst_bud":922,"minecraft:smooth_red_sandstone_slab":438,"minecraft:stripped_oak_wood":53,"minecraft:jungle_leaves":1,"minecraft:purpur_block":49,"minecraft:grindstone":7,"minecraft:crimson_door":9,"minecraft:deepslate_coal_ore":206,"minecraft:azalea":2439,"minecraft:warped_button":3,"minecraft:white_concrete":830,"minecraft:andesite":779,"minecraft:experience_bottle":3422,"minecraft:cobweb":29,"minecraft:chest_minecart":3,"minecraft:tropical_fish_bucket":14,"minecraft:trident":25,"minecraft:tropical_fish":2,"minecraft:cracked_deepslate_bricks":491,"minecraft:redstone_ore":508,"minecraft:stone_shovel":158,"minecraft:light_blue_terracotta":67,"minecraft:spruce_planks":1312,"minecraft:cut_copper_stairs":134,"minecraft:oak_door":8,"minecraft:spyglass":662,"minecraft:white_carpet":77,"minecraft:hopper":532,"minecraft:spruce_stairs":6,"minecraft:cobblestone_wall":18,"minecraft:diamond_helmet":4,"minecraft:shulker_box":5428,"minecraft:oak_wood":159,"minecraft:raw_iron_block":4370,"minecraft:granite":1047,"minecraft:purple_banner":3,"minecraft:dark_oak_planks":78,"minecraft:stone_brick_slab":192,"minecraft:bookshelf":101,"minecraft:acacia_slab":636,"minecraft:crimson_planks":120,"minecraft:golden_carrot":2870,"minecraft:emerald_block":86,"minecraft:white_stained_glass_pane":77,"minecraft:cyan_banner":2,"minecraft:granite_wall":1,"minecraft:stone_pressure_plate":340,"minecraft:horn_coral_block":108,"minecraft:red_dye":5,"minecraft:brown_bed":1,"minecraft:brain_coral_block":154,"minecraft:cooked_mutton":17,"minecraft:iron_ore":5756,"minecraft:amethyst_block":476,"minecraft:glass_bottle":186,"minecraft:cyan_candle":24,"minecraft:polished_andesite":1686,"minecraft:netherite_chestplate":10,"minecraft:blue_wool":42,"minecraft:copper_block":1753,"minecraft:black_shulker_box":125,"minecraft:magenta_stained_glass":1,"minecraft:stonecutter":78,"minecraft:white_dye":105,"minecraft:beacon":34,"minecraft:chiseled_nether_bricks":434,"minecraft:glow_item_frame":53,"minecraft:polished_blackstone_pressure_plate":6,"minecraft:terracotta":870,"minecraft:lime_bed":1,"minecraft:dead_fire_coral_block":1,"minecraft:brown_banner":16,"minecraft:yellow_stained_glass_pane":2,"minecraft:painting":231,"minecraft:light_gray_concrete_powder":69,"minecraft:smooth_red_sandstone_stairs":313,"minecraft:dark_oak_door":1,"minecraft:activator_rail":4,"minecraft:apple":68,"minecraft:map":24,"minecraft:dead_fire_coral":2,"minecraft:cracked_polished_blackstone_bricks":55,"minecraft:netherite_axe":23859,"minecraft:cracked_nether_bricks":72,"minecraft:purple_dye":1,"minecraft:fishing_rod":448,"minecraft:green_shulker_box":54,"minecraft:white_banner":14,"minecraft:red_banner":1,"minecraft:bucket":14465,"minecraft:smooth_stone":9405,"minecraft:splash_potion":44,"minecraft:yellow_bed":2,"minecraft:polished_blackstone_button":1339,"minecraft:soul_torch":18,"minecraft:purple_carpet":109},"minecraft:picked_up":{"minecraft:suspicious_stew":1,"minecraft:red_sandstone_stairs":62,"minecraft:smithing_table":4,"minecraft:lead":101,"minecraft:stone_slab":36,"minecraft:enchanted_book":22,"minecraft:purple_shulker_box":18,"minecraft:polished_blackstone_brick_stairs":4,"minecraft:polished_deepslate":214,"minecraft:string":1740,"minecraft:dark_oak_pressure_plate":9,"minecraft:orange_glazed_terracotta":353,"minecraft:pufferfish":38,"minecraft:shroomlight":150,"minecraft:diamond_leggings":7,"minecraft:dead_bubble_coral_fan":16,"minecraft:horn_coral_block":258,"minecraft:bubble_coral":313,"minecraft:warped_slab":22,"minecraft:diamond_ore":123,"minecraft:spruce_pressure_plate":9,"minecraft:weathered_cut_copper_slab":8,"minecraft:polished_blackstone_stairs":103,"minecraft:big_dripleaf":1330,"minecraft:acacia_log":1911,"minecraft:cyan_stained_glass":1,"minecraft:purpur_pillar":54,"minecraft:cut_copper_stairs":43,"minecraft:golden_axe":2,"minecraft:lightning_rod":45,"minecraft:honeycomb_block":86,"minecraft:warped_button":1,"minecraft:gray_shulker_box":296,"minecraft:cauldron":524,"minecraft:golden_chestplate":6,"minecraft:green_terracotta":10,"minecraft:pink_terracotta":71,"minecraft:stone_sword":10,"minecraft:lime_carpet":12,"minecraft:honey_bottle":72,"minecraft:horn_coral_fan":671,"minecraft:polished_basalt":200,"minecraft:carved_pumpkin":449,"minecraft:glowstone":283,"minecraft:bookshelf":48,"minecraft:end_rod":217,"minecraft:waxed_cut_copper":6,"minecraft:blaze_rod":121,"minecraft:iron_bars":37,"minecraft:snowball":1121,"minecraft:sponge":99,"minecraft:feather":22,"minecraft:cooked_beef":367,"minecraft:medium_amethyst_bud":1305,"minecraft:water_bucket":12,"minecraft:dark_oak_boat":3,"minecraft:copper_block":563,"minecraft:flint":131,"minecraft:pink_concrete_powder":8,"minecraft:lantern":105,"minecraft:gray_concrete_powder":5,"minecraft:purple_carpet":17,"minecraft:hanging_roots":315,"minecraft:exposed_cut_copper_stairs":5,"minecraft:large_amethyst_bud":878,"minecraft:stonecutter":78,"minecraft:dark_oak_sign":66,"minecraft:diamond_helmet":7,"minecraft:rabbit":18,"minecraft:honeycomb":230,"minecraft:glow_lichen":3866,"minecraft:chiseled_polished_blackstone":19,"minecraft:lime_terracotta":1,"minecraft:stripped_acacia_wood":3,"minecraft:stripped_crimson_stem":9,"minecraft:birch_fence_gate":1,"minecraft:stripped_spruce_log":10,"minecraft:dead_fire_coral_fan":11,"minecraft:netherite_block":1,"minecraft:polished_andesite":608,"minecraft:blue_terracotta":53,"minecraft:deepslate":2469,"minecraft:lever":91,"minecraft:granite":14676,"minecraft:spruce_button":19,"minecraft:rooted_dirt":2661,"minecraft:deepslate_coal_ore":263,"minecraft:jack_o_lantern":256,"minecraft:light_gray_carpet":1,"minecraft:crimson_roots":139,"minecraft:diamond_pickaxe":17,"minecraft:bee_nest":5,"minecraft:stripped_warped_hyphae":1,"minecraft:clay_ball":348,"minecraft:leather_leggings":16,"minecraft:redstone_lamp":35,"minecraft:dragon_head":6,"minecraft:purpur_block":86,"minecraft:fire_coral":315,"minecraft:heavy_weighted_pressure_plate":3,"minecraft:cornflower":43,"minecraft:pink_candle":5,"minecraft:elytra":18,"minecraft:flint_and_steel":4,"minecraft:white_carpet":37,"minecraft:white_stained_glass":50,"minecraft:iron_shovel":5,"minecraft:polished_blackstone_wall":1,"minecraft:glass_pane":91,"minecraft:netherite_sword":4,"minecraft:jungle_sapling":33,"minecraft:poppy":113,"minecraft:spruce_slab":65,"minecraft:minecart":49,"minecraft:birch_sapling":162,"minecraft:piston":57,"minecraft:diamond_hoe":3,"minecraft:copper_ore":2354,"minecraft:lime_shulker_box":149,"minecraft:black_stained_glass":9,"minecraft:stone":139454,"minecraft:raw_gold_block":34,"minecraft:fire_charge":85,"minecraft:white_dye":1,"minecraft:jungle_fence_gate":4,"minecraft:netherite_pickaxe":3,"minecraft:cyan_shulker_box":86,"minecraft:stone_shovel":3,"minecraft:diamond_chestplate":5,"minecraft:purpur_slab":11,"minecraft:hay_block":14,"minecraft:cracked_deepslate_bricks":850,"minecraft:yellow_terracotta":4,"minecraft:polished_blackstone":121,"minecraft:rail":527,"minecraft:bone_block":1127,"minecraft:emerald_ore":1,"minecraft:oxeye_daisy":60,"minecraft:birch_leaves":128,"minecraft:yellow_shulker_box":64,"minecraft:clock":21,"minecraft:smooth_red_sandstone":1780,"minecraft:tripwire_hook":61,"minecraft:fern":2559,"minecraft:blackstone_slab":2,"minecraft:jungle_fence":8,"minecraft:acacia_wood":7,"minecraft:purpur_stairs":26,"minecraft:lily_pad":15,"minecraft:paper":190,"minecraft:light_blue_banner":1,"minecraft:apple":117,"minecraft:warped_stem":104,"minecraft:spore_blossom":5,"minecraft:oak_fence_gate":11,"minecraft:stone_pickaxe":1,"minecraft:iron_ore":5062,"minecraft:magenta_stained_glass":2,"minecraft:dark_oak_stairs":58,"minecraft:polished_andesite_stairs":18,"minecraft:smooth_basalt":3799,"minecraft:sweet_berries":325,"minecraft:red_wool":73,"minecraft:lime_concrete":422,"minecraft:cracked_nether_bricks":343,"minecraft:weathered_copper":29,"minecraft:crimson_stairs":7,"minecraft:crying_obsidian":453,"minecraft:dragon_egg":5,"minecraft:leather_helmet":8,"minecraft:oak_wood":79,"minecraft:diamond_shovel":9,"minecraft:coal_ore":4710,"minecraft:slime_ball":7318,"minecraft:deepslate_redstone_ore":312,"minecraft:painting":187,"minecraft:birch_sign":238,"minecraft:lodestone":4,"minecraft:red_nether_brick_slab":17,"minecraft:baked_potato":460,"minecraft:hopper":224,"minecraft:light_blue_concrete":693,"minecraft:ender_chest":1366,"minecraft:nether_brick_fence":96,"minecraft:yellow_wool":70,"minecraft:gilded_blackstone":70,"minecraft:stone_brick_stairs":27,"minecraft:warped_stairs":2,"minecraft:lapis_block":336,"minecraft:dead_tube_coral_block":4,"minecraft:waxed_cut_copper_slab":8,"minecraft:deepslate_lapis_ore":46,"minecraft:experience_bottle":160,"minecraft:smooth_red_sandstone_slab":18,"minecraft:red_sand":79534,"minecraft:smooth_stone":966,"minecraft:comparator":115,"minecraft:bucket":363,"minecraft:red_dye":40,"minecraft:rose_bush":1726,"minecraft:iron_pickaxe":3,"minecraft:ender_eye":2,"minecraft:azalea":2232,"minecraft:smooth_quartz":2,"minecraft:deepslate_iron_ore":238,"minecraft:blue_wool":2,"minecraft:tipped_arrow":3,"minecraft:birch_trapdoor":5,"minecraft:polished_deepslate_stairs":4,"minecraft:spruce_stairs":4,"minecraft:netherite_shovel":2,"minecraft:crimson_button":6,"minecraft:diorite":12906,"minecraft:rotten_flesh":5064,"minecraft:red_sandstone_slab":173,"minecraft:music_disc_ward":1,"minecraft:deepslate_copper_ore":35,"minecraft:deepslate_brick_stairs":7,"minecraft:obsidian":770,"minecraft:blaze_powder":4,"minecraft:cobblestone":56250,"minecraft:enchanting_table":1,"minecraft:leather_chestplate":7,"minecraft:lilac":113,"minecraft:repeater":421,"minecraft:dead_tube_coral_fan":4,"minecraft:andesite":14281,"minecraft:golden_leggings":12,"minecraft:beacon":30,"minecraft:potato":1694,"minecraft:smooth_sandstone_stairs":199,"minecraft:prismarine_bricks":10,"minecraft:dirt":43088,"minecraft:stripped_birch_log":263,"minecraft:cut_sandstone_slab":34,"minecraft:name_tag":7,"minecraft:glass":2623,"minecraft:bone":1969,"minecraft:acacia_planks":6,"minecraft:bow":96,"minecraft:wheat_seeds":5672,"minecraft:orange_tulip":5,"minecraft:small_dripleaf":1,"minecraft:crimson_fence_gate":4,"minecraft:grindstone":7,"minecraft:popped_chorus_fruit":656,"minecraft:netherite_axe":10,"minecraft:mossy_stone_bricks":50,"minecraft:fletching_table":6,"minecraft:bamboo":29711,"minecraft:prismarine":350,"minecraft:waxed_exposed_copper":15,"minecraft:diorite_wall":12,"minecraft:red_sandstone_wall":55,"minecraft:gray_stained_glass":24,"minecraft:black_stained_glass_pane":6,"minecraft:light_blue_shulker_box":145,"minecraft:melon":104,"minecraft:nether_brick_stairs":3,"minecraft:grass_block":96278,"minecraft:diamond_block":40,"minecraft:spectral_arrow":885,"minecraft:mossy_cobblestone":514,"minecraft:jungle_leaves":1,"minecraft:light_blue_terracotta":67,"minecraft:sugar":5,"minecraft:yellow_carpet":1,"minecraft:slime_block":2338,"minecraft:soul_lantern":138,"minecraft:cracked_polished_blackstone_bricks":90,"minecraft:crossbow":7,"minecraft:bone_meal":454,"minecraft:grass":38,"minecraft:golden_apple":14,"minecraft:nether_sprouts":218,"minecraft:spruce_sign":18,"minecraft:emerald":348,"minecraft:netherrack":7439,"minecraft:chorus_fruit":864,"minecraft:oak_leaves":1529,"minecraft:azure_bluet":35,"minecraft:splash_potion":17,"minecraft:ladder":225,"minecraft:brown_mushroom":38,"minecraft:packed_ice":8981,"minecraft:pink_wool":34,"minecraft:diorite_slab":38,"minecraft:chain":97,"minecraft:shield":2,"minecraft:orange_stained_glass":16,"minecraft:oak_trapdoor":17,"minecraft:moss_carpet":1553,"minecraft:birch_fence":23,"minecraft:magenta_wool":25,"minecraft:blackstone":2533,"minecraft:blue_orchid":14,"minecraft:lime_wool":28,"minecraft:end_stone":540,"minecraft:flowering_azalea_leaves":564,"minecraft:note_block":65,"minecraft:polished_blackstone_bricks":99,"minecraft:cookie":92,"minecraft:trident":2,"minecraft:light_blue_bed":491,"minecraft:light_gray_stained_glass_pane":1,"minecraft:stone_pressure_plate":114,"minecraft:purple_candle":6,"minecraft:tube_coral":208,"minecraft:weeping_vines":144,"minecraft:red_shulker_box":212,"minecraft:nether_bricks":1330,"minecraft:basalt":8209,"minecraft:golden_carrot":151,"minecraft:leather":453,"minecraft:music_disc_stal":1,"minecraft:ice":40854,"minecraft:granite_stairs":8,"minecraft:crimson_fungus":15,"minecraft:chainmail_chestplate":1,"minecraft:cobbled_deepslate_stairs":4,"minecraft:cobblestone_wall":12,"minecraft:gunpowder":1832,"minecraft:orange_terracotta":1344,"minecraft:cooked_mutton":51,"minecraft:gray_carpet":62,"minecraft:acacia_trapdoor":1,"minecraft:rabbit_hide":17,"minecraft:spruce_wood":1,"minecraft:iron_ingot":373,"minecraft:polished_andesite_slab":96,"minecraft:dead_horn_coral":1,"minecraft:nether_quartz_ore":185,"minecraft:warped_fungus":41,"minecraft:black_candle":41,"minecraft:emerald_block":7,"minecraft:stone_brick_slab":123,"minecraft:quartz":614,"minecraft:dandelion":147,"minecraft:lava_bucket":271,"minecraft:amethyst_shard":1236,"minecraft:green_stained_glass":1245,"minecraft:soul_torch":13,"minecraft:nether_brick_slab":6,"minecraft:spruce_door":2,"minecraft:brick_slab":2,"minecraft:cut_red_sandstone":42,"minecraft:pumpkin_seeds":1655,"minecraft:white_concrete_powder":195,"minecraft:chainmail_leggings":5,"minecraft:exposed_cut_copper_slab":50,"minecraft:mossy_cobblestone_stairs":22,"minecraft:terracotta":4044,"minecraft:damaged_anvil":16,"minecraft:netherite_hoe":2,"minecraft:sunflower":1482,"minecraft:seagrass":260,"minecraft:iron_chestplate":1,"minecraft:chainmail_boots":8,"minecraft:anvil":21,"minecraft:flower_pot":18,"minecraft:prismarine_shard":1,"minecraft:diamond_sword":10,"minecraft:acacia_pressure_plate":3,"minecraft:wither_rose":6,"minecraft:birch_button":4,"minecraft:brewing_stand":12,"minecraft:golden_sword":1,"minecraft:polished_deepslate_wall":10,"minecraft:amethyst_block":1961,"minecraft:weathered_cut_copper_stairs":7,"minecraft:dark_oak_trapdoor":54,"minecraft:soul_soil":1682,"minecraft:cooked_salmon":1,"minecraft:blue_stained_glass_pane":14,"minecraft:beetroot":175,"minecraft:orange_concrete_powder":5107,"minecraft:gold_nugget":102,"minecraft:cobbled_deepslate":9563,"minecraft:spruce_planks":1126,"minecraft:waxed_exposed_cut_copper":5,"minecraft:acacia_sign":3,"minecraft:written_book":1,"minecraft:flower_banner_pattern":1,"minecraft:azalea_leaves":1574,"minecraft:melon_slice":334,"minecraft:coal_block":178,"minecraft:golden_helmet":5,"minecraft:beehive":8,"minecraft:crimson_pressure_plate":7,"minecraft:music_disc_blocks":2,"minecraft:composter":27,"minecraft:sandstone_wall":2,"minecraft:warped_planks":30,"minecraft:deepslate_tile_stairs":18,"minecraft:rabbit_foot":2,"minecraft:chiseled_nether_bricks":37,"minecraft:gray_stained_glass_pane":19,"minecraft:waxed_cut_copper_stairs":5,"minecraft:tropical_fish":12,"minecraft:iron_block":3638,"minecraft:cyan_terracotta":145,"minecraft:blackstone_stairs":1,"minecraft:birch_log":1036,"minecraft:magma_block":736,"minecraft:mossy_cobblestone_slab":658,"minecraft:polished_diorite_slab":11,"minecraft:oxidized_copper":1076,"minecraft:birch_slab":200,"minecraft:iron_door":26,"minecraft:jungle_log":210,"minecraft:acacia_leaves":200,"minecraft:powder_snow_bucket":16,"minecraft:stripped_spruce_wood":1,"minecraft:light_gray_concrete_powder":8,"minecraft:twisting_vines":1475,"minecraft:chipped_anvil":17,"minecraft:glowstone_dust":715,"minecraft:moss_block":4356,"minecraft:warped_wart_block":43,"minecraft:dropper":68,"minecraft:ink_sac":209,"minecraft:crimson_door":4,"minecraft:loom":3,"minecraft:red_terracotta":4,"minecraft:dark_oak_log":731,"minecraft:barrel":130,"minecraft:quartz_bricks":2,"minecraft:stripped_acacia_log":46,"minecraft:white_candle":32,"minecraft:dispenser":59,"minecraft:black_concrete_powder":7,"minecraft:writable_book":5,"minecraft:deepslate_gold_ore":83,"minecraft:dead_brain_coral_block":5,"minecraft:blue_ice":2213,"minecraft:chainmail_helmet":3,"minecraft:bread":32,"minecraft:dark_oak_fence":15,"minecraft:spruce_leaves":8219,"minecraft:lime_stained_glass_pane":17,"minecraft:crafting_table":427,"minecraft:coarse_dirt":641,"minecraft:bubble_coral_fan":717,"minecraft:sandstone_slab":17,"minecraft:purple_wool":17,"minecraft:nether_wart":623,"minecraft:conduit":11,"minecraft:crimson_trapdoor":14,"minecraft:dead_horn_coral_block":6,"minecraft:jungle_trapdoor":15,"minecraft:snow":5243,"minecraft:compass":17,"minecraft:cracked_stone_bricks":45,"minecraft:cartography_table":1,"minecraft:deepslate_diamond_ore":64,"minecraft:beef":114,"minecraft:cyan_wool":27,"minecraft:iron_nugget":526,"minecraft:chest":457,"minecraft:raw_copper_block":118,"minecraft:egg":94,"minecraft:sandstone":5222,"minecraft:polished_deepslate_slab":6,"minecraft:oak_door":10,"minecraft:glow_item_frame":18,"minecraft:amethyst_cluster":2674,"minecraft:spruce_fence":148,"minecraft:cake":4,"minecraft:carrot":6507,"minecraft:redstone":9743,"minecraft:prismarine_crystals":2,"minecraft:blue_carpet":67,"minecraft:tnt":95,"minecraft:cooked_cod":104,"minecraft:beetroot_seeds":470,"minecraft:peony":143,"minecraft:tube_coral_fan":630,"minecraft:diamond_boots":14,"minecraft:shears":70,"minecraft:deepslate_bricks":29,"minecraft:cut_copper":205,"minecraft:warped_sign":5,"minecraft:tube_coral_block":491,"minecraft:gold_ingot":329,"minecraft:white_shulker_box":639,"minecraft:glow_berries":168,"minecraft:lime_concrete_powder":20,"minecraft:white_wool":96,"minecraft:crimson_slab":23,"minecraft:lapis_ore":176,"minecraft:stripped_oak_log":132,"minecraft:smooth_red_sandstone_stairs":28,"minecraft:red_mushroom":20,"minecraft:filled_map":349,"minecraft:oak_log":5673,"minecraft:ancient_debris":47,"minecraft:golden_boots":13,"minecraft:white_banner":21,"minecraft:stone_bricks":1354,"minecraft:kelp":3997,"minecraft:music_disc_far":1,"minecraft:waxed_weathered_cut_copper_stairs":1,"minecraft:cobweb":400,"minecraft:glass_bottle":547,"minecraft:iron_sword":4,"minecraft:flowering_azalea":873,"minecraft:white_stained_glass_pane":27,"minecraft:dark_oak_slab":22,"minecraft:daylight_detector":4,"minecraft:yellow_concrete":18,"minecraft:spyglass":1,"minecraft:light_blue_glazed_terracotta":30,"minecraft:gravel":5018,"minecraft:dead_fire_coral_block":3,"minecraft:small_amethyst_bud":2614,"minecraft:spruce_sapling":560,"minecraft:spruce_log":6356,"minecraft:sea_lantern":25,"minecraft:firework_rocket":814,"minecraft:red_stained_glass":1,"minecraft:purple_bed":6,"minecraft:polished_diorite":123,"minecraft:stone_axe":2,"minecraft:redstone_ore":615,"minecraft:diamond_axe":7,"minecraft:gray_wool":1,"minecraft:warped_roots":290,"minecraft:brown_banner":1,"minecraft:melon_seeds":62,"minecraft:warped_nylium":640,"minecraft:stripped_dark_oak_log":1,"minecraft:crimson_nylium":1135,"minecraft:ender_pearl":6638,"minecraft:shulker_shell":508,"minecraft:chiseled_deepslate":47,"minecraft:wheat":1520,"minecraft:exposed_copper":71,"minecraft:redstone_block":608,"minecraft:iron_trapdoor":11,"minecraft:green_stained_glass_pane":195,"minecraft:dead_horn_coral_fan":3,"minecraft:potion":65,"minecraft:brain_coral_block":365,"minecraft:nether_brick":371,"minecraft:crimson_planks":9,"minecraft:raw_copper":38628,"minecraft:smooth_stone_slab":116,"minecraft:iron_leggings":4,"minecraft:armor_stand":59,"minecraft:sticky_piston":122,"minecraft:oak_sign":19,"minecraft:sea_pickle":12826,"minecraft:activator_rail":4,"minecraft:deepslate_tiles":80,"minecraft:black_shulker_box":125,"minecraft:dark_oak_leaves":114,"minecraft:redstone_torch":124,"minecraft:calcite":2985,"minecraft:deepslate_tile_wall":240,"minecraft:iron_boots":16,"minecraft:furnace":99,"minecraft:stick":6199,"minecraft:orange_shulker_box":186,"minecraft:deepslate_brick_wall":2,"minecraft:brown_terracotta":219,"minecraft:oak_fence":182,"minecraft:torch":6064,"minecraft:porkchop":13,"minecraft:snow_block":13683,"minecraft:dried_kelp":2547,"minecraft:target":5,"minecraft:dead_brain_coral_fan":3,"minecraft:pointed_dripstone":11115,"minecraft:quartz_block":383,"minecraft:nether_gold_ore":85,"minecraft:cactus":2672,"minecraft:green_wool":59,"minecraft:fire_coral_fan":715,"minecraft:cod":256,"minecraft:nautilus_shell":12,"minecraft:magma_cream":355,"minecraft:chiseled_quartz_block":1,"minecraft:tuff":773,"minecraft:warped_trapdoor":1,"minecraft:horn_coral":301,"minecraft:wither_skeleton_skull":3,"minecraft:green_shulker_box":54,"minecraft:lapis_lazuli":9266,"minecraft:weathered_cut_copper":1,"minecraft:polished_granite":218,"minecraft:leather_boots":27,"minecraft:cobbled_deepslate_slab":1,"minecraft:cobbled_deepslate_wall":55,"minecraft:green_candle":8,"minecraft:deepslate_brick_slab":6,"minecraft:raw_gold":5701,"minecraft:bell":9,"minecraft:cyan_candle":8,"minecraft:powered_rail":351,"minecraft:oak_planks":324,"minecraft:mossy_stone_brick_stairs":2,"minecraft:brain_coral":300,"minecraft:ghast_tear":2,"minecraft:pink_stained_glass":16,"minecraft:pink_concrete":168,"minecraft:music_disc_13":1,"minecraft:axolotl_bucket":2,"minecraft:poisonous_potato":15,"minecraft:oak_pressure_plate":3,"minecraft:polished_blackstone_slab":87,"minecraft:sand":22494,"minecraft:dead_bush":1990,"minecraft:lily_of_the_valley":21,"minecraft:oxidized_cut_copper_slab":39,"minecraft:shulker_box":5453,"minecraft:orange_wool":7,"minecraft:dark_prismarine":9,"minecraft:exposed_cut_copper":3,"minecraft:dead_fire_coral":2,"minecraft:spruce_fence_gate":6,"minecraft:clay":793,"minecraft:diamond":1600,"minecraft:spruce_boat":2,"minecraft:black_concrete":1,"minecraft:polished_blackstone_button":40,"minecraft:white_concrete":949,"minecraft:chiseled_red_sandstone":36,"minecraft:oak_sapling":108,"minecraft:bubble_coral_block":9634,"minecraft:nether_star":2,"minecraft:end_stone_bricks":137,"minecraft:fishing_rod":6,"minecraft:charcoal":8,"minecraft:firework_star":3,"minecraft:allium":32,"minecraft:chicken":15,"minecraft:gold_block":394,"minecraft:stone_stairs":104,"minecraft:orange_concrete":150,"minecraft:item_frame":69,"minecraft:quartz_slab":6,"minecraft:candle":30,"minecraft:detector_rail":7,"minecraft:mossy_cobblestone_wall":18,"minecraft:oak_boat":45,"minecraft:player_head":243,"minecraft:observer":440,"minecraft:lectern":283,"minecraft:tinted_glass":129,"minecraft:sugar_cane":3494,"minecraft:blue_shulker_box":94,"minecraft:spruce_trapdoor":62,"minecraft:phantom_membrane":127,"minecraft:dark_oak_sapling":67,"minecraft:stripped_crimson_hyphae":1,"minecraft:raw_iron":35224,"minecraft:copper_ingot":10870,"minecraft:bowl":16,"minecraft:brown_glazed_terracotta":15,"minecraft:quartz_pillar":36,"minecraft:stone_button":114,"minecraft:dark_oak_planks":22,"minecraft:smooth_sandstone_slab":79,"minecraft:arrow":1812,"minecraft:jungle_stairs":3,"minecraft:pink_glazed_terracotta":561,"minecraft:saddle":5,"minecraft:lime_stained_glass":3,"minecraft:wet_sponge":648,"minecraft:oxidized_cut_copper_stairs":57,"minecraft:crimson_stem":63,"minecraft:glow_ink_sac":561,"minecraft:salmon":68,"minecraft:birch_planks":105,"minecraft:waxed_copper_block":23,"minecraft:nether_wart_block":149,"minecraft:deepslate_tile_slab":56,"minecraft:cut_copper_slab":36,"minecraft:podzol":109,"minecraft:smooth_sandstone":4593,"minecraft:red_sandstone":82,"minecraft:fire_coral_block":204,"minecraft:stripped_oak_wood":53,"minecraft:mossy_stone_brick_wall":5,"minecraft:acacia_sapling":406,"minecraft:oxidized_cut_copper":29,"minecraft:soul_sand":824,"minecraft:music_disc_chirp":1,"minecraft:purple_concrete":384,"minecraft:book":80,"minecraft:scaffolding":1600,"minecraft:oak_slab":9,"minecraft:red_concrete_powder":7,"minecraft:birch_boat":20,"minecraft:pumpkin":666,"minecraft:chiseled_stone_bricks":14,"minecraft:raw_iron_block":1829,"minecraft:dripstone_block":5663,"minecraft:brain_coral_fan":681,"minecraft:blast_furnace":23,"minecraft:white_bed":35,"minecraft:gold_ore":699,"minecraft:dark_oak_fence_gate":4,"minecraft:green_carpet":3,"minecraft:mossy_stone_brick_slab":5,"minecraft:spider_eye":516,"minecraft:stripped_jungle_log":2,"minecraft:music_disc_mall":1,"minecraft:dried_kelp_block":84,"minecraft:campfire":12,"minecraft:honey_block":20,"minecraft:dead_bubble_coral_block":247,"minecraft:iron_helmet":2,"minecraft:acacia_slab":154,"minecraft:coal":11762,"minecraft:purple_concrete_powder":1},"minecraft:crafted":{"minecraft:lime_stained_glass":80,"minecraft:green_banner":2,"minecraft:black_dye":183,"minecraft:oxidized_cut_copper_slab":6,"minecraft:oak_sign":78,"minecraft:polished_deepslate_wall":36,"minecraft:weathered_cut_copper_stairs":1,"minecraft:blaze_powder":40,"minecraft:birch_boat":12,"minecraft:chain":161,"minecraft:diamond_shovel":2,"minecraft:cracked_stone_bricks":192,"minecraft:gray_wool":41,"minecraft:shulker_box":217,"minecraft:diamond_helmet":2,"minecraft:beacon":2,"minecraft:light_blue_concrete_powder":608,"minecraft:stone_pressure_plate":331,"minecraft:iron_door":39,"minecraft:cyan_banner":2,"minecraft:gray_stained_glass_pane":160,"minecraft:dried_kelp_block":286,"minecraft:waxed_cut_copper_stairs":4,"minecraft:black_wool":6,"minecraft:gray_stained_glass":64,"minecraft:white_shulker_box":3,"minecraft:lime_concrete_powder":328,"minecraft:pink_stained_glass":24,"minecraft:warped_stairs":44,"minecraft:turtle_helmet":2,"minecraft:golden_axe":1,"minecraft:redstone_lamp":22,"minecraft:acacia_slab":822,"minecraft:polished_andesite_stairs":74,"minecraft:glow_item_frame":36,"minecraft:smooth_red_sandstone_stairs":348,"minecraft:chest_minecart":3,"minecraft:raw_gold_block":570,"minecraft:green_bed":1,"minecraft:lime_banner":1,"minecraft:smithing_table":1,"minecraft:mossy_cobblestone":1137,"minecraft:brown_bed":1,"minecraft:sticky_piston":82,"minecraft:red_nether_bricks":64,"minecraft:fletching_table":4,"minecraft:green_stained_glass":2016,"minecraft:polished_deepslate_slab":12,"minecraft:painting":64,"minecraft:cartography_table":3,"minecraft:stone_brick_stairs":60,"minecraft:lectern":21,"minecraft:stone_slab":24,"minecraft:iron_pickaxe":2,"minecraft:black_candle":123,"minecraft:acacia_door":6,"minecraft:sandstone":64,"minecraft:netherite_ingot":21,"minecraft:composter":23,"minecraft:polished_blackstone_bricks":76,"minecraft:cyan_wool":7,"minecraft:nautilus_shell":5,"minecraft:jungle_sign":3,"minecraft:golden_carrot":405,"minecraft:magenta_wool":6,"minecraft:orange_shulker_box":2,"minecraft:iron_nugget":3119,"minecraft:spyglass":4,"minecraft:crimson_trapdoor":186,"minecraft:diamond_hoe":1,"minecraft:experience_bottle":387,"minecraft:pointed_dripstone":10,"minecraft:soul_torch":292,"minecraft:red_banner":1,"minecraft:light_gray_wool":6,"minecraft:polished_blackstone_pressure_plate":6,"minecraft:jack_o_lantern":427,"minecraft:blue_shulker_box":3,"minecraft:lime_stained_glass_pane":32,"minecraft:spruce_fence":234,"minecraft:cracked_polished_blackstone_bricks":53,"minecraft:moss_carpet":339,"minecraft:stone_stairs":40,"minecraft:waxed_copper_block":2,"minecraft:lantern":231,"minecraft:spruce_stairs":4,"minecraft:polished_diorite":752,"minecraft:black_concrete_powder":8,"minecraft:red_shulker_box":2,"minecraft:stone_pickaxe":1,"minecraft:quartz_slab":6,"minecraft:spruce_boat":1,"minecraft:jungle_sapling":6,"minecraft:purple_carpet":99,"minecraft:brick_slab":6,"minecraft:lead":22,"minecraft:cut_copper_slab":32,"minecraft:light_blue_glazed_terracotta":48,"minecraft:enchanting_table":1,"minecraft:cyan_bed":1,"minecraft:crimson_slab":42,"minecraft:yellow_stained_glass_pane":16,"minecraft:polished_blackstone_stairs":151,"minecraft:red_carpet":3,"minecraft:deepslate_tiles":1920,"minecraft:podzol":18,"minecraft:enchanted_book":51,"minecraft:orange_dye":4130,"minecraft:crimson_stairs":32,"minecraft:green_candle":4,"minecraft:soul_lantern":157,"minecraft:red_stained_glass":32,"minecraft:warped_fungus_on_a_stick":1,"minecraft:warped_sign":6,"minecraft:fermented_spider_eye":5,"minecraft:birch_trapdoor":2,"minecraft:writable_book":18,"minecraft:iron_shovel":1,"minecraft:armor_stand":30,"minecraft:note_block":23,"minecraft:pink_terracotta":680,"minecraft:grindstone":2,"minecraft:barrel":81,"minecraft:birch_wood":6,"minecraft:magenta_banner":4,"minecraft:acacia_pressure_plate":12,"minecraft:leather_horse_armor":1,"minecraft:quartz_bricks":32,"minecraft:cooked_chicken":10,"minecraft:crimson_sign":9,"minecraft:lightning_rod":55,"minecraft:snow":16855,"minecraft:stone":802,"minecraft:red_sandstone":7198,"minecraft:heavy_weighted_pressure_plate":8,"minecraft:white_candle":108,"minecraft:quartz_pillar":2,"minecraft:warped_planks":300,"minecraft:polished_blackstone_button":1401,"minecraft:cake":2,"minecraft:stone_brick_slab":872,"minecraft:nether_brick_wall":60,"minecraft:bow":295,"minecraft:spore_blossom":2,"minecraft:comparator":168,"minecraft:chest":1171,"minecraft:polished_basalt":560,"minecraft:yellow_terracotta":64,"minecraft:copper_block":2010,"minecraft:jungle_stairs":8,"minecraft:rail":16,"minecraft:bricks":7,"minecraft:birch_button":5,"minecraft:red_nether_brick_slab":18,"minecraft:ender_eye":25,"minecraft:stone_bricks":5713,"minecraft:oak_fence":24,"minecraft:polished_diorite_slab":6,"minecraft:respawn_anchor":2,"minecraft:white_banner":1,"minecraft:dropper":189,"minecraft:arrow":88,"minecraft:cauldron":1552,"minecraft:chiseled_nether_bricks":516,"minecraft:lime_terracotta":8,"minecraft:iron_helmet":1,"minecraft:brown_dye":36,"minecraft:birch_pressure_plate":3,"minecraft:spectral_arrow":282,"minecraft:white_stained_glass_pane":64,"minecraft:yellow_stained_glass":8,"minecraft:oxidized_cut_copper":718,"minecraft:dispenser":304,"minecraft:apple":48,"minecraft:tnt":53,"minecraft:spruce_trapdoor":4,"minecraft:yellow_dye":1361,"minecraft:purple_dye":100,"minecraft:netherite_block":1,"minecraft:stick":92335,"minecraft:iron_ingot":16091,"minecraft:light_blue_shulker_box":3,"minecraft:black_bed":1,"minecraft:lime_carpet":105,"minecraft:red_nether_brick_wall":24,"minecraft:beetroot_soup":1,"minecraft:deepslate_bricks":2708,"minecraft:dark_oak_fence_gate":9,"minecraft:polished_diorite_stairs":40,"minecraft:deepslate_tile_slab":2086,"minecraft:waxed_exposed_cut_copper_slab":6,"minecraft:blue_terracotta":32,"minecraft:orange_glazed_terracotta":925,"minecraft:small_dripleaf":20,"minecraft:oak_door":3,"minecraft:nether_brick_slab":1058,"minecraft:fishing_rod":2,"minecraft:tripwire_hook":122,"minecraft:beehive":2,"minecraft:netherite_sword":1,"minecraft:leather_boots":42,"minecraft:golden_chestplate":1,"minecraft:spruce_button":36,"minecraft:mossy_stone_bricks":692,"minecraft:blast_furnace":9,"minecraft:furnace":51,"minecraft:piston":143,"minecraft:crimson_button":128,"minecraft:polished_andesite_slab":114,"minecraft:raw_copper_block":3677,"minecraft:oak_trapdoor":4,"minecraft:flint_and_steel":66,"minecraft:pink_candle":146,"minecraft:scaffolding":768,"minecraft:netherite_chestplate":1,"minecraft:granite_wall":6,"minecraft:white_concrete_powder":1064,"minecraft:orange_terracotta":48,"minecraft:cobblestone_wall":12,"minecraft:honey_block":811,"minecraft:red_sandstone_stairs":620,"minecraft:blackstone_stairs":21,"minecraft:purpur_block":364,"minecraft:birch_sign":342,"minecraft:smooth_sandstone_stairs":12,"minecraft:light_blue_stained_glass_pane":8,"minecraft:iron_trapdoor":12,"minecraft:polished_blackstone_wall":6,"minecraft:purple_shulker_box":2,"minecraft:diorite_wall":30,"minecraft:iron_sword":1,"minecraft:black_banner":1,"minecraft:cooked_salmon":76,"minecraft:jungle_planks":500,"minecraft:white_dye":745,"minecraft:cyan_candle":26,"minecraft:netherite_shovel":1,"minecraft:blue_wool":119,"minecraft:anvil":7,"minecraft:stonecutter":4,"minecraft:crimson_door":6,"minecraft:cut_red_sandstone":320,"minecraft:torch":20230,"minecraft:orange_bed":2,"minecraft:diamond_chestplate":1,"minecraft:ender_chest":21,"minecraft:light_gray_concrete_powder":168,"minecraft:smooth_stone":3077,"minecraft:jungle_fence_gate":4,"minecraft:chiseled_red_sandstone":263,"minecraft:cut_sandstone":192,"minecraft:dark_oak_pressure_plate":8,"minecraft:cut_sandstone_slab":384,"minecraft:purple_bed":1,"minecraft:orange_carpet":6,"minecraft:pink_bed":1,"minecraft:orange_stained_glass":1688,"minecraft:oak_pressure_plate":8,"minecraft:oxidized_cut_copper_stairs":62,"minecraft:birch_slab":744,"minecraft:slime_block":22386,"minecraft:horn_coral_block":8,"minecraft:polished_blackstone_slab":12,"minecraft:lever":88,"minecraft:bookshelf":23,"minecraft:red_sandstone_wall":162,"minecraft:iron_bars":96,"minecraft:red_concrete_powder":8,"minecraft:deepslate_brick_stairs":44,"minecraft:magenta_shulker_box":1,"minecraft:quartz_block":48,"minecraft:glass":5320,"minecraft:light_blue_terracotta":48,"minecraft:repeater":499,"minecraft:diamond_leggings":2,"minecraft:netherite_boots":1,"minecraft:melon_seeds":29,"minecraft:birch_fence_gate":1,"minecraft:polished_blackstone":1980,"minecraft:chiseled_quartz_block":1,"minecraft:magenta_dye":42,"minecraft:flower_pot":45,"minecraft:purple_candle":30,"minecraft:glass_bottle":1764,"minecraft:target":43,"minecraft:emerald":4131,"minecraft:smooth_quartz":69,"minecraft:cooked_porkchop":8,"minecraft:diamond_axe":3,"minecraft:spruce_door":6,"minecraft:clock":2,"minecraft:cobbled_deepslate_wall":402,"minecraft:copper_ingot":4286,"minecraft:purple_banner":3,"minecraft:oak_wood":273,"minecraft:hay_block":66,"minecraft:campfire":175,"minecraft:tnt_minecart":1,"minecraft:brown_banner":19,"minecraft:lime_shulker_box":6,"minecraft:lime_bed":1,"minecraft:smooth_basalt":128,"minecraft:green_terracotta":8,"minecraft:chiseled_deepslate":63,"minecraft:compass":7,"minecraft:iron_block":339,"minecraft:light_blue_bed":7,"minecraft:gold_ingot":2523,"minecraft:light_gray_dye":28,"minecraft:spruce_fence_gate":14,"minecraft:packed_ice":2923,"minecraft:stone_shovel":2,"minecraft:smooth_stone_slab":432,"minecraft:leather_leggings":3,"minecraft:polished_deepslate_stairs":20,"minecraft:player_head":41,"minecraft:tinted_glass":464,"minecraft:crimson_fence_gate":7,"minecraft:cut_copper_stairs":42,"minecraft:smooth_red_sandstone_slab":504,"minecraft:mossy_cobblestone_stairs":43,"minecraft:yellow_bed":2,"minecraft:bone_meal":73968,"minecraft:cyan_stained_glass":32,"minecraft:pink_dye":300,"minecraft:candle":445,"minecraft:white_carpet":225,"minecraft:warped_trapdoor":2,"minecraft:netherite_axe":1,"minecraft:diamond":981,"minecraft:dark_oak_fence":114,"minecraft:deepslate_brick_wall":78,"minecraft:ladder":243,"minecraft:blue_banner":1,"minecraft:spruce_slab":318,"minecraft:ender_pearl":6,"minecraft:diamond_boots":2,"minecraft:cobbled_deepslate_stairs":16,"minecraft:deepslate_tile_wall":486,"minecraft:redstone_block":996,"minecraft:jungle_fence":9,"minecraft:dark_oak_planks":2044,"minecraft:golden_helmet":1,"minecraft:coal_block":732,"minecraft:dripstone_block":43298,"minecraft:firework_star":181,"minecraft:daylight_detector":1259,"minecraft:crossbow":2,"minecraft:netherite_pickaxe":4,"minecraft:polished_blackstone_brick_slab":2,"minecraft:rooted_dirt":10,"minecraft:dried_kelp":64,"minecraft:red_sandstone_slab":3408,"minecraft:deepslate_brick_slab":20,"minecraft:red_bed":6,"minecraft:blue_bed":6,"minecraft:polished_granite":540,"minecraft:gray_concrete_powder":8,"minecraft:sandstone_slab":450,"minecraft:conduit":2,"minecraft:glowstone":64,"minecraft:white_stained_glass":424,"minecraft:green_stained_glass_pane":2128,"minecraft:jungle_slab":72,"minecraft:sandstone_wall":30,"minecraft:mossy_stone_brick_stairs":41,"minecraft:acacia_sign":6,"minecraft:gray_shulker_box":2,"minecraft:cyan_shulker_box":1,"minecraft:deepslate_tile_stairs":12,"minecraft:iron_leggings":1,"minecraft:white_bed":12,"minecraft:nether_brick_stairs":64,"minecraft:blue_carpet":268,"minecraft:brick":192,"minecraft:oak_planks":4832,"minecraft:dark_oak_boat":1,"minecraft:pink_shulker_box":1,"minecraft:mossy_stone_brick_slab":42,"minecraft:light_blue_banner":1,"minecraft:flower_banner_pattern":1,"minecraft:spruce_pressure_plate":12,"minecraft:suspicious_stew":7,"minecraft:purpur_stairs":24,"minecraft:green_dye":380,"minecraft:dark_oak_door":3,"minecraft:hopper":375,"minecraft:honey_bottle":48,"minecraft:iron_boots":1,"minecraft:raw_copper":12605,"minecraft:written_book":3,"minecraft:mossy_cobblestone_slab":718,"minecraft:cyan_terracotta":248,"minecraft:chiseled_stone_bricks":386,"minecraft:yellow_banner":1,"minecraft:stone_hoe":2,"minecraft:waxed_exposed_cut_copper":4,"minecraft:honeycomb_block":2267,"minecraft:raw_iron_block":3669,"minecraft:smooth_red_sandstone":64,"minecraft:item_frame":112,"minecraft:oak_slab":3126,"minecraft:acacia_wood":159,"minecraft:crafting_table":68,"minecraft:spruce_planks":6014,"minecraft:wooden_pickaxe":2,"minecraft:baked_potato":1026,"minecraft:mojang_banner_pattern":1,"minecraft:light_gray_banner":1,"minecraft:gold_block":222,"minecraft:hopper_minecart":57,"minecraft:crimson_pressure_plate":10,"minecraft:birch_planks":3252,"minecraft:pumpkin_seeds":24,"minecraft:black_shulker_box":1,"minecraft:brown_glazed_terracotta":17,"minecraft:dark_oak_slab":354,"minecraft:book":103,"minecraft:iron_chestplate":2,"minecraft:paper":16031,"minecraft:charcoal":82,"minecraft:diamond_pickaxe":2,"minecraft:emerald_block":130,"minecraft:shield":3,"minecraft:warped_slab":30,"minecraft:light_weighted_pressure_plate":10,"minecraft:birch_fence":78,"minecraft:light_blue_dye":143,"minecraft:netherite_hoe":1,"minecraft:leather_chestplate":1,"minecraft:stone_sword":1,"minecraft:snow_block":37397,"minecraft:green_shulker_box":1,"minecraft:redstone_torch":1675,"minecraft:gray_carpet":51,"minecraft:sponge":451,"minecraft:shears":101,"minecraft:green_carpet":64,"minecraft:crimson_hyphae":24,"minecraft:polished_andesite":1500,"minecraft:coarse_dirt":10576,"minecraft:cobbled_deepslate_slab":168,"minecraft:cookie":108,"minecraft:raw_iron":6780,"minecraft:redstone":6285,"minecraft:coal":5260,"minecraft:stone_button":211,"minecraft:dark_oak_trapdoor":54,"minecraft:jungle_trapdoor":32,"minecraft:gray_dye":68,"minecraft:dark_oak_sign":48,"minecraft:mossy_stone_brick_wall":15,"minecraft:diamond_block":103,"minecraft:glass_pane":64,"minecraft:end_stone_bricks":432,"minecraft:blue_ice":366,"minecraft:netherite_leggings":1,"minecraft:yellow_shulker_box":2,"minecraft:polished_deepslate":3620,"minecraft:iron_axe":1,"minecraft:green_concrete_powder":16,"minecraft:spruce_wood":33,"minecraft:iron_hoe":1,"minecraft:slime_ball":2990,"minecraft:orange_concrete_powder":27400,"minecraft:lime_dye":67,"minecraft:warped_button":2,"minecraft:pink_glazed_terracotta":64,"minecraft:filled_map":6,"minecraft:gray_banner":1,"minecraft:netherite_scrap":49,"minecraft:orange_banner":2,"minecraft:minecart":43,"minecraft:observer":246,"minecraft:cooked_beef":88,"minecraft:sugar":73,"minecraft:red_dye":1600,"minecraft:cooked_cod":235,"minecraft:magenta_bed":1,"minecraft:crimson_planks":1036,"minecraft:diamond_sword":2,"minecraft:cyan_dye":98,"minecraft:spruce_sign":9,"minecraft:dark_oak_stairs":92,"minecraft:pink_concrete_powder":152,"minecraft:gray_candle":8,"minecraft:powered_rail":666,"minecraft:yellow_carpet":18,"minecraft:smooth_sandstone":1166,"minecraft:nether_bricks":60,"minecraft:stripped_oak_wood":6,"minecraft:bucket":1254,"minecraft:stone_axe":4,"minecraft:amethyst_block":67,"minecraft:lodestone":3,"minecraft:mossy_cobblestone_wall":24,"minecraft:air":0,"minecraft:bread":35,"minecraft:blue_dye":327,"minecraft:black_stained_glass":16,"minecraft:cut_copper":320,"minecraft:oak_boat":4,"minecraft:smooth_sandstone_slab":84,"minecraft:white_wool":110,"minecraft:gold_nugget":1556,"minecraft:raw_gold":2326,"minecraft:acacia_planks":2400,"minecraft:purple_concrete_powder":376,"minecraft:blackstone_slab":60,"minecraft:lapis_lazuli":362,"minecraft:clay":64,"minecraft:lapis_block":993,"minecraft:carrot_on_a_stick":1,"minecraft:firework_rocket":483},"minecraft:dropped":{"minecraft:iron_sword":3,"minecraft:lapis_lazuli":115,"minecraft:glow_ink_sac":16,"minecraft:chorus_fruit":5,"minecraft:glass_bottle":93,"minecraft:diamond":140,"minecraft:crafting_table":6,"minecraft:weeping_vines":3,"minecraft:glow_berries":4,"minecraft:oxidized_cut_copper_slab":1,"minecraft:red_mushroom":8,"minecraft:gold_block":31,"minecraft:emerald":27,"minecraft:dark_oak_trapdoor":1,"minecraft:gold_nugget":31,"minecraft:writable_book":1,"minecraft:bubble_coral_block":103,"minecraft:sand":108,"minecraft:fishing_rod":4,"minecraft:exposed_cut_copper_slab":13,"minecraft:small_amethyst_bud":21,"minecraft:diamond_block":29,"minecraft:lever":5,"minecraft:iron_nugget":23,"minecraft:cobbled_deepslate":181,"minecraft:wheat":27,"minecraft:netherite_sword":3,"minecraft:obsidian":2,"minecraft:rotten_flesh":2451,"minecraft:oak_planks":112,"minecraft:glowstone_dust":12,"minecraft:warped_sign":2,"minecraft:azure_bluet":2,"minecraft:nether_brick_fence":5,"minecraft:warped_planks":26,"minecraft:azalea_leaves":78,"minecraft:coal_ore":69,"minecraft:quartz_block":2,"minecraft:jungle_log":1,"minecraft:leather_boots":8,"minecraft:acacia_sapling":6,"minecraft:leather_leggings":4,"minecraft:painting":12,"minecraft:glass":8,"minecraft:beef":11,"minecraft:stone_brick_stairs":3,"minecraft:golden_boots":6,"minecraft:orange_shulker_box":3,"minecraft:wheat_seeds":646,"minecraft:dripstone_block":833,"minecraft:oxidized_cut_copper":2,"minecraft:cobbled_deepslate_wall":18,"minecraft:golden_apple":3,"minecraft:lava_bucket":5,"minecraft:cobweb":64,"minecraft:stripped_crimson_stem":1,"minecraft:ink_sac":4,"minecraft:potion":30,"minecraft:pumpkin":6,"minecraft:red_dye":41,"minecraft:smooth_stone":183,"minecraft:chainmail_leggings":1,"minecraft:acacia_planks":6,"minecraft:snow_block":4356,"minecraft:green_terracotta":2,"minecraft:soul_soil":44,"minecraft:netherite_hoe":1,"minecraft:player_head":15,"minecraft:experience_bottle":96,"minecraft:stone_shovel":1,"minecraft:white_carpet":1,"minecraft:iron_boots":14,"minecraft:oak_sign":4,"minecraft:shears":3,"minecraft:suspicious_stew":1,"minecraft:diamond_sword":4,"minecraft:brain_coral_block":29,"minecraft:sea_pickle":8,"minecraft:powder_snow_bucket":9,"minecraft:spruce_trapdoor":54,"minecraft:spruce_planks":5,"minecraft:diamond_pickaxe":8,"minecraft:fire_coral_block":6,"minecraft:redstone_torch":1,"minecraft:small_dripleaf":5,"minecraft:stone_pressure_plate":2,"minecraft:barrel":2,"minecraft:stone_bricks":35,"minecraft:bamboo":1231,"minecraft:sandstone":846,"minecraft:bow":39,"minecraft:red_sand":1068,"minecraft:magma_block":5,"minecraft:terracotta":194,"minecraft:soul_sand":5,"minecraft:moss_block":164,"minecraft:oak_log":71,"minecraft:ender_pearl":5187,"minecraft:leather":6,"minecraft:honeycomb":33,"minecraft:iron_horse_armor":1,"minecraft:birch_slab":24,"minecraft:cod":2,"minecraft:dark_oak_log":10,"minecraft:packed_ice":213,"minecraft:ice":244,"minecraft:snowball":163,"minecraft:axolotl_bucket":1,"minecraft:gold_ingot":1236,"minecraft:purpur_block":8,"minecraft:spyglass":2,"minecraft:twisting_vines":810,"minecraft:pointed_dripstone":1036,"minecraft:leather_chestplate":1,"minecraft:iron_ore":34,"minecraft:birch_button":1,"minecraft:scaffolding":130,"minecraft:white_concrete_powder":147,"minecraft:splash_potion":1,"minecraft:bread":5,"minecraft:golden_helmet":1,"minecraft:lilac":1,"minecraft:netherite_axe":10,"minecraft:amethyst_block":338,"minecraft:activator_rail":1,"minecraft:acacia_log":74,"minecraft:acacia_trapdoor":1,"minecraft:iron_block":154,"minecraft:mossy_cobblestone_slab":30,"minecraft:repeater":10,"minecraft:melon_slice":389,"minecraft:fire_charge":2,"minecraft:polished_basalt":4,"minecraft:cactus":32,"minecraft:redstone_block":69,"minecraft:polished_deepslate":39,"minecraft:kelp":162,"minecraft:sweet_berries":11,"minecraft:lime_concrete":1,"minecraft:stripped_oak_log":7,"minecraft:shulker_box":20,"minecraft:flint_and_steel":1,"minecraft:copper_ore":4,"minecraft:andesite":991,"minecraft:golden_leggings":10,"minecraft:oak_sapling":4,"minecraft:birch_sign":31,"minecraft:spruce_log":174,"minecraft:magma_cream":60,"minecraft:medium_amethyst_bud":3,"minecraft:amethyst_cluster":43,"minecraft:clay":2,"minecraft:cooked_beef":81,"minecraft:spore_blossom":4,"minecraft:rooted_dirt":1,"minecraft:elytra":7,"minecraft:rail":49,"minecraft:leather_helmet":5,"minecraft:dirt":7113,"minecraft:stone_button":9,"minecraft:jack_o_lantern":17,"minecraft:jungle_sapling":5,"minecraft:bone_meal":5,"minecraft:deepslate_coal_ore":1,"minecraft:sunflower":19,"minecraft:phantom_membrane":27,"minecraft:sugar":5,"minecraft:bone":253,"minecraft:green_wool":57,"minecraft:note_block":5,"minecraft:sugar_cane":225,"minecraft:golden_chestplate":2,"minecraft:netherite_shovel":2,"minecraft:white_bed":1,"minecraft:firework_star":3,"minecraft:charcoal":2,"minecraft:hopper":1,"minecraft:ladder":8,"minecraft:white_dye":9,"minecraft:end_stone_bricks":64,"minecraft:flowering_azalea_leaves":3,"minecraft:egg":9,"minecraft:enchanted_book":2,"minecraft:iron_ingot":216,"minecraft:blue_stained_glass_pane":14,"minecraft:netherite_pickaxe":2,"minecraft:copper_block":12,"minecraft:polished_blackstone":6,"minecraft:oak_fence":31,"minecraft:feather":1,"minecraft:cobblestone":7796,"minecraft:purple_concrete":20,"minecraft:apple":15,"minecraft:granite":612,"minecraft:polished_blackstone_button":5,"minecraft:coal":31,"minecraft:pufferfish":4,"minecraft:polished_blackstone_stairs":42,"minecraft:polished_andesite":38,"minecraft:end_rod":1,"minecraft:oxeye_daisy":17,"minecraft:crimson_stairs":3,"minecraft:golden_carrot":9,"minecraft:iron_trapdoor":1,"minecraft:diamond_helmet":2,"minecraft:dried_kelp":7,"minecraft:orange_concrete_powder":85,"minecraft:mossy_cobblestone_stairs":3,"minecraft:iron_shovel":4,"minecraft:paper":74,"minecraft:string":173,"minecraft:gray_carpet":11,"minecraft:spruce_sapling":97,"minecraft:moss_carpet":52,"minecraft:stone_sword":8,"minecraft:dark_oak_sign":4,"minecraft:bowl":1,"minecraft:deepslate":170,"minecraft:diamond_hoe":2,"minecraft:stone_slab":12,"minecraft:slime_block":195,"minecraft:glow_lichen":36,"minecraft:nether_bricks":7,"minecraft:spruce_fence":1,"minecraft:pumpkin_seeds":239,"minecraft:big_dripleaf":115,"minecraft:potato":29,"minecraft:hay_block":1,"minecraft:stone":26705,"minecraft:allium":32,"minecraft:carved_pumpkin":17,"minecraft:spider_eye":119,"minecraft:birch_boat":3,"minecraft:birch_planks":40,"minecraft:diamond_axe":2,"minecraft:baked_potato":9,"minecraft:lime_shulker_box":1,"minecraft:weathered_cut_copper_slab":1,"minecraft:flint":19,"minecraft:spruce_leaves":88,"minecraft:cornflower":2,"minecraft:seagrass":2,"minecraft:cooked_cod":1,"minecraft:white_stained_glass_pane":11,"minecraft:amethyst_shard":2,"minecraft:birch_log":58,"minecraft:honeycomb_block":64,"minecraft:gravel":280,"minecraft:blackstone":18,"minecraft:yellow_wool":3,"minecraft:fern":2,"minecraft:diamond_shovel":3,"minecraft:beehive":1,"minecraft:honey_bottle":9,"minecraft:carrot":465,"minecraft:poppy":8,"minecraft:gunpowder":31,"minecraft:birch_trapdoor":1,"minecraft:melon_seeds":16,"minecraft:spruce_pressure_plate":4,"minecraft:chainmail_boots":2,"minecraft:azalea":75,"minecraft:chest":7,"minecraft:basalt":656,"minecraft:arrow":499,"minecraft:prismarine_bricks":1,"minecraft:oak_leaves":272,"minecraft:netherrack":2160,"minecraft:firework_rocket":145,"minecraft:water_bucket":3,"minecraft:oak_slab":4,"minecraft:mossy_cobblestone":60,"minecraft:minecart":4,"minecraft:diamond_leggings":2,"minecraft:lead":5,"minecraft:spectral_arrow":62,"minecraft:observer":58,"minecraft:copper_ingot":18,"minecraft:grass_block":36774,"minecraft:stick":3655,"minecraft:diorite":515,"minecraft:nether_gold_ore":1,"minecraft:brewing_stand":1,"minecraft:torch":461,"minecraft:iron_leggings":2,"minecraft:flowering_azalea":2,"minecraft:bucket":12,"minecraft:dandelion":11,"minecraft:smooth_basalt":131,"minecraft:redstone":169,"minecraft:ender_chest":18,"minecraft:coarse_dirt":1,"minecraft:raw_copper":203,"minecraft:tuff":24,"minecraft:raw_iron":239,"minecraft:iron_hoe":1,"minecraft:red_terracotta":2,"minecraft:filled_map":4,"minecraft:snow":1993,"minecraft:orange_terracotta":261,"minecraft:dragon_egg":1,"minecraft:iron_chestplate":1,"minecraft:mossy_stone_bricks":1,"minecraft:golden_sword":1,"minecraft:slime_ball":4072,"minecraft:diamond_boots":5,"minecraft:stone_pickaxe":1,"minecraft:raw_gold":37,"minecraft:nether_quartz_ore":1,"minecraft:cracked_deepslate_bricks":112,"minecraft:calcite":9,"minecraft:white_stained_glass":1,"minecraft:light_blue_bed":2},"minecraft:killed":{"minecraft:cod":108,"minecraft:tropical_fish":1,"minecraft:elder_guardian":5,"minecraft:salmon":4,"minecraft:pillager":126,"minecraft:zombie":2574,"minecraft:endermite":6,"minecraft:husk":6,"minecraft:rabbit":17,"minecraft:zombified_piglin":37,"minecraft:witch":26,"minecraft:spider":362,"minecraft:wither":1,"minecraft:axolotl":2,"minecraft:silverfish":4,"minecraft:piglin_brute":32,"minecraft:piglin":63,"minecraft:zombie_villager":48,"minecraft:sheep":6,"minecraft:trader_llama":21,"minecraft:ghast":11,"minecraft:slime":3711,"minecraft:drowned":86,"minecraft:hoglin":14,"minecraft:squid":57,"minecraft:wither_skeleton":48,"minecraft:player":1,"minecraft:cave_spider":133,"minecraft:dolphin":1,"minecraft:shulker":319,"minecraft:pufferfish":7,"minecraft:skeleton":1324,"minecraft:chicken":12,"minecraft:magma_cube":909,"minecraft:glow_squid":8,"minecraft:cow":86,"minecraft:wandering_trader":10,"minecraft:enderman":29121,"minecraft:wolf":2,"minecraft:pig":2,"minecraft:creeper":1308,"minecraft:stray":13,"minecraft:blaze":57,"minecraft:phantom":348,"minecraft:llama":1,"minecraft:bat":67}},"DataVersion":2730}