{"stats":{"minecraft:broken":{"minecraft:shears":3,"minecraft:iron_leggings":1,"minecraft:chainmail_leggings":2,"minecraft:stone_hoe":1,"minecraft:leather_leggings":1,"minecraft:stone_axe":1,"minecraft:stone_shovel":2,"minecraft:iron_boots":1,"minecraft:iron_chestplate":2,"minecraft:iron_sword":4,"minecraft:stone_sword":1,"minecraft:chainmail_helmet":1,"minecraft:iron_helmet":1,"minecraft:golden_helmet":3,"minecraft:chainmail_chestplate":3,"minecraft:golden_chestplate":2,"minecraft:flint_and_steel":1,"minecraft:leather_chestplate":1},"minecraft:mined":{"minecraft:dragon_wall_head":1,"minecraft:red_shulker_box":148,"minecraft:white_bed":12,"minecraft:weathered_cut_copper_slab":5,"minecraft:granite":2585,"minecraft:acacia_log":259,"minecraft:oak_wall_sign":8,"minecraft:nether_wart":887,"minecraft:magma_block":388,"minecraft:fire":97,"minecraft:barrel":18,"minecraft:cobbled_deepslate":42,"minecraft:fletching_table":1,"minecraft:deepslate_lapis_ore":36,"minecraft:twisting_vines":1,"minecraft:spruce_pressure_plate":12,"minecraft:white_shulker_box":7,"minecraft:player_head":19,"minecraft:tripwire":7,"minecraft:orange_bed":533,"minecraft:jungle_trapdoor":23,"minecraft:sandstone_slab":2,"minecraft:cut_sandstone":7,"minecraft:kelp_plant":16,"minecraft:smoker":1,"minecraft:torch":189,"minecraft:note_block":5,"minecraft:dark_oak_wood":4,"minecraft:oxidized_copper":335,"minecraft:dead_bush":517,"minecraft:nether_brick_slab":23,"minecraft:spruce_wall_sign":3,"minecraft:lime_shulker_box":105,"minecraft:sugar_cane":4375,"minecraft:bricks":18,"minecraft:amethyst_block":275,"minecraft:birch_sapling":2,"minecraft:white_terracotta":2532,"minecraft:chain":4,"minecraft:repeater":78,"minecraft:jungle_wood":20,"minecraft:tinted_glass":130,"minecraft:grass":602,"minecraft:smooth_basalt":68,"minecraft:deepslate":5887,"minecraft:deepslate_tiles":17,"minecraft:mossy_cobblestone":55,"minecraft:dark_oak_log":962,"minecraft:potted_flowering_azalea_bush":1,"minecraft:cyan_stained_glass":324,"minecraft:sea_lantern":33,"minecraft:end_stone":206,"minecraft:dark_oak_fence":1,"minecraft:spruce_fence":133,"minecraft:stripped_jungle_wood":11,"minecraft:redstone_wire":307,"minecraft:cartography_table":1,"minecraft:redstone_ore":1297,"minecraft:andesite":2689,"minecraft:big_dripleaf_stem":13,"minecraft:cobblestone_slab":5,"minecraft:vine":27,"minecraft:rail":41,"minecraft:bone_block":69,"minecraft:ender_chest":140,"minecraft:oak_slab":10,"minecraft:birch_stairs":12,"minecraft:redstone_block":15,"minecraft:soul_sand":541,"minecraft:dandelion":6,"minecraft:cornflower":23,"minecraft:prismarine_slab":5,"minecraft:lightning_rod":26,"minecraft:copper_ore":649,"minecraft:tall_grass":109,"minecraft:deepslate_gold_ore":124,"minecraft:diorite":2448,"minecraft:warped_wart_block":4,"minecraft:red_terracotta":336,"minecraft:coarse_dirt":1499,"minecraft:stripped_spruce_wood":22,"minecraft:dark_oak_wall_sign":3,"minecraft:sunflower":24,"minecraft:gravel":1928,"minecraft:cobweb":32,"minecraft:brown_terracotta":4767,"minecraft:birch_sign":3,"minecraft:polished_blackstone":6,"minecraft:stone_bricks":75,"minecraft:gold_ore":221,"minecraft:fern":2,"minecraft:stone_pressure_plate":8,"minecraft:oak_sapling":6,"minecraft:farmland":7,"minecraft:mossy_stone_brick_slab":1,"minecraft:andesite_stairs":3,"minecraft:brewing_stand":10,"minecraft:spruce_trapdoor":166,"minecraft:budding_amethyst":1,"minecraft:composter":33,"minecraft:pointed_dripstone":5,"minecraft:flowering_azalea_leaves":315,"minecraft:iron_bars":2,"minecraft:azalea":30,"minecraft:spruce_slab":173,"minecraft:deepslate_redstone_ore":314,"minecraft:brown_shulker_box":7,"minecraft:exposed_copper":47,"minecraft:orange_terracotta":4519,"minecraft:light_gray_terracotta":2149,"minecraft:jungle_stairs":57,"minecraft:beacon":17,"minecraft:nether_quartz_ore":510,"minecraft:oak_planks":33,"minecraft:wall_torch":161,"minecraft:stone_stairs":2,"minecraft:warped_nylium":10,"minecraft:powered_rail":25,"minecraft:blue_ice":79,"minecraft:tnt":15,"minecraft:smooth_stone_slab":65,"minecraft:oak_log":677,"minecraft:beetroots":2,"minecraft:lime_terracotta":13,"minecraft:dirt":8736,"minecraft:raw_copper_block":26,"minecraft:dispenser":42,"minecraft:daylight_detector":7,"minecraft:crying_obsidian":2,"minecraft:dark_oak_leaves":157,"minecraft:glow_lichen":36,"minecraft:lever":16,"minecraft:ladder":33,"minecraft:stone_button":22,"minecraft:yellow_candle":4,"minecraft:weathered_copper":116,"minecraft:brown_mushroom_block":3056,"minecraft:birch_slab":43,"minecraft:spruce_leaves":136,"minecraft:hay_block":13,"minecraft:raw_gold_block":23,"minecraft:light_gray_shulker_box":11,"minecraft:peony":2,"minecraft:gold_block":4,"minecraft:nether_brick_fence":1,"minecraft:bookshelf":23,"minecraft:deepslate_iron_ore":259,"minecraft:shroomlight":5,"minecraft:oxidized_cut_copper_slab":8,"minecraft:stripped_oak_log":125,"minecraft:wet_sponge":416,"minecraft:acacia_leaves":95,"minecraft:snow_block":71,"minecraft:stripped_dark_oak_log":123,"minecraft:basalt":504,"minecraft:polished_granite":4,"minecraft:oak_fence":41,"minecraft:honey_block":78,"minecraft:stone_slab":3,"minecraft:deepslate_coal_ore":142,"minecraft:prismarine_bricks":5,"minecraft:birch_planks":100,"minecraft:sea_pickle":2,"minecraft:ice":679,"minecraft:bee_nest":16,"minecraft:cocoa":1,"minecraft:flower_pot":2,"minecraft:yellow_concrete":18,"minecraft:purple_shulker_box":13,"minecraft:cracked_stone_bricks":1,"minecraft:dark_oak_planks":1,"minecraft:jungle_leaves":430,"minecraft:obsidian":147,"minecraft:carved_pumpkin":2,"minecraft:red_sand":10229,"minecraft:jungle_log":1131,"minecraft:deepslate_bricks":1,"minecraft:lime_stained_glass":21,"minecraft:hopper":132,"minecraft:tall_seagrass":16,"minecraft:brown_stained_glass":23,"minecraft:sticky_piston":52,"minecraft:pumpkin":8,"minecraft:moss_carpet":115,"minecraft:stripped_dark_oak_wood":32,"minecraft:enchanting_table":1,"minecraft:oak_sign":1,"minecraft:cave_vines":3,"minecraft:water_cauldron":2,"minecraft:dirt_path":340,"minecraft:oak_stairs":3,"minecraft:smooth_sandstone_stairs":17,"minecraft:iron_block":1039,"minecraft:piston_head":6,"minecraft:brown_mushroom":15,"minecraft:player_wall_head":3,"minecraft:soul_fire":7,"minecraft:amethyst_cluster":225,"minecraft:oxidized_cut_copper_stairs":33,"minecraft:blast_furnace":4,"minecraft:damaged_anvil":1,"minecraft:weathered_cut_copper_stairs":3,"minecraft:light_gray_stained_glass":54,"minecraft:wheat":1575,"minecraft:lilac":21,"minecraft:waxed_copper_block":21,"minecraft:warped_fungus":2,"minecraft:stone_brick_stairs":1,"minecraft:copper_block":55,"minecraft:oak_fence_gate":2,"minecraft:loom":24,"minecraft:stonecutter":14,"minecraft:piston":69,"minecraft:yellow_terracotta":7,"minecraft:stripped_birch_log":18,"minecraft:shulker_box":784,"minecraft:nether_bricks":23,"minecraft:jungle_planks":13,"minecraft:orange_shulker_box":13,"minecraft:moss_block":1630,"minecraft:kelp":13,"minecraft:horn_coral_wall_fan":1,"minecraft:jungle_sapling":17,"minecraft:snow":342,"minecraft:diamond_block":2,"minecraft:warped_wall_sign":1,"minecraft:potatoes":50,"minecraft:bamboo_sapling":5,"minecraft:bamboo":842,"minecraft:smithing_table":2,"minecraft:hanging_roots":23,"minecraft:comparator":25,"minecraft:observer":101,"minecraft:jungle_sign":1,"minecraft:smooth_sandstone":97,"minecraft:spruce_button":2,"minecraft:emerald_ore":1,"minecraft:sponge":348,"minecraft:dropper":10,"minecraft:big_dripleaf":8,"minecraft:spruce_log":3679,"minecraft:birch_leaves":22,"minecraft:dark_oak_sign":1,"minecraft:dripstone_block":130,"minecraft:spruce_fence_gate":20,"minecraft:black_shulker_box":13,"minecraft:large_amethyst_bud":3,"minecraft:spruce_planks":365,"minecraft:jungle_slab":96,"minecraft:cobblestone_stairs":4,"minecraft:cave_vines_plant":1,"minecraft:grass_block":4665,"minecraft:sandstone_stairs":10,"minecraft:smooth_stone":681,"minecraft:raw_iron_block":1,"minecraft:glowstone":121,"minecraft:iron_ore":1960,"minecraft:target":19,"minecraft:anvil":4,"minecraft:dark_oak_stairs":2,"minecraft:birch_wall_sign":13,"minecraft:azalea_leaves":844,"minecraft:blackstone":115,"minecraft:twisting_vines_plant":5,"minecraft:clay":868,"minecraft:calcite":484,"minecraft:poppy":13,"minecraft:chest":141,"minecraft:mushroom_stem":266,"minecraft:cobblestone":558,"minecraft:slime_block":34,"minecraft:grindstone":2,"minecraft:prismarine":4,"minecraft:iron_door":1,"minecraft:deepslate_copper_ore":17,"minecraft:magenta_shulker_box":38,"minecraft:seagrass":26,"minecraft:brown_concrete_powder":7,"minecraft:nether_wart_block":1,"minecraft:birch_log":473,"minecraft:birch_trapdoor":11,"minecraft:activator_rail":4,"minecraft:stripped_oak_wood":13,"minecraft:green_glazed_terracotta":1,"minecraft:sand":7690,"minecraft:wither_skeleton_skull":3,"minecraft:netherrack":4761,"minecraft:oak_leaves":1056,"minecraft:horn_coral_block":47,"minecraft:redstone_lamp":19,"minecraft:nether_gold_ore":213,"minecraft:diamond_ore":128,"minecraft:tuff":1124,"minecraft:deepslate_diamond_ore":44,"minecraft:brick_stairs":1,"minecraft:sandstone":3288,"minecraft:rooted_dirt":14,"minecraft:large_fern":7,"minecraft:oak_trapdoor":48,"minecraft:spruce_sapling":23,"minecraft:furnace":36,"minecraft:carrots":115,"minecraft:chiseled_sandstone":1,"minecraft:stripped_spruce_log":49,"minecraft:black_concrete":1,"minecraft:chiseled_deepslate":2,"minecraft:bell":10,"minecraft:lantern":17,"minecraft:stripped_jungle_log":185,"minecraft:packed_ice":4189,"minecraft:chorus_plant":2,"minecraft:stone":65905,"minecraft:yellow_shulker_box":109,"minecraft:redstone_wall_torch":30,"minecraft:podzol":201,"minecraft:light_blue_shulker_box":3,"minecraft:flowering_azalea":17,"minecraft:brick_wall":22,"minecraft:spruce_door":1,"minecraft:crafting_table":56,"minecraft:oak_wood":54,"minecraft:rose_bush":4,"minecraft:andesite_slab":2,"minecraft:lapis_ore":152,"minecraft:lily_pad":1,"minecraft:spruce_stairs":42,"minecraft:cactus":202,"minecraft:brick_slab":7,"minecraft:green_shulker_box":42,"minecraft:beehive":43,"minecraft:redstone_torch":67,"minecraft:sweet_berry_bush":10,"minecraft:coal_ore":2142,"minecraft:terracotta":8765,"minecraft:polished_andesite":4},"minecraft:used":{"minecraft:moss_block":9278,"minecraft:chiseled_deepslate":2,"minecraft:dispenser":98,"minecraft:poppy":12,"minecraft:stone":4919,"minecraft:rotten_flesh":156,"minecraft:soul_sand":528,"minecraft:weathered_copper":44,"minecraft:cocoa_beans":101,"minecraft:snowball":10,"minecraft:weeping_vines":1,"minecraft:spruce_boat":100,"minecraft:jungle_sapling":80,"minecraft:packed_ice":10,"minecraft:lava_bucket":32,"minecraft:stripped_dark_oak_wood":26,"minecraft:bow":1345,"minecraft:oak_sapling":71,"minecraft:cooked_cod":83,"minecraft:damaged_anvil":1,"minecraft:cactus":131,"minecraft:leather_chestplate":1,"minecraft:wooden_pickaxe":3,"minecraft:composter":269,"minecraft:clay":19,"minecraft:glow_berries":16,"minecraft:blast_furnace":3,"minecraft:weathered_cut_copper_slab":83,"minecraft:acacia_leaves":1,"minecraft:purple_terracotta":10,"minecraft:birch_slab":187,"minecraft:deepslate_iron_ore":5,"minecraft:oak_pressure_plate":1,"minecraft:flowering_azalea_leaves":179,"minecraft:diamond_sword":5723,"minecraft:smithing_table":2,"minecraft:birch_log":64,"minecraft:oak_boat":9,"minecraft:oak_trapdoor":50,"minecraft:enchanting_table":1,"minecraft:carved_pumpkin":1,"minecraft:tinted_glass":497,"minecraft:cooked_salmon":5,"minecraft:torch":5880,"minecraft:brewing_stand":10,"minecraft:fern":1,"minecraft:sea_lantern":168,"minecraft:iron_block":1203,"minecraft:jungle_log":531,"minecraft:barrel":50,"minecraft:bamboo":76,"minecraft:basalt":1,"minecraft:podzol":11,"minecraft:calcite":4,"minecraft:wheat_seeds":5590,"minecraft:light_blue_shulker_box":3,"minecraft:birch_planks":297,"minecraft:lead":7,"minecraft:glow_ink_sac":12,"minecraft:spruce_fence_gate":289,"minecraft:gold_ore":12,"minecraft:diamond_block":3,"minecraft:rail":35,"minecraft:white_bed":9,"minecraft:spruce_log":313,"minecraft:diamond_pickaxe":134828,"minecraft:diamond_shovel":36893,"minecraft:suspicious_stew":2,"minecraft:spruce_pressure_plate":37,"minecraft:spruce_trapdoor":406,"minecraft:spruce_sapling":260,"minecraft:azalea_leaves":702,"minecraft:potion":22,"minecraft:cooked_porkchop":11,"minecraft:andesite_stairs":13,"minecraft:stripped_oak_log":117,"minecraft:dandelion":1,"minecraft:diamond_leggings":1,"minecraft:moss_carpet":474,"minecraft:polished_deepslate":4,"minecraft:bone_block":15,"minecraft:nether_wart":988,"minecraft:stripped_jungle_wood":10,"minecraft:grass":1,"minecraft:jungle_planks":44,"minecraft:beehive":108,"minecraft:obsidian":70,"minecraft:big_dripleaf":94,"minecraft:bricks":74,"minecraft:spruce_wood":25,"minecraft:lantern":57,"minecraft:warped_nylium":2,"minecraft:raw_gold_block":23,"minecraft:item_frame":78,"minecraft:birch_trapdoor":39,"minecraft:written_book":3,"minecraft:dark_oak_sapling":28,"minecraft:diamond_boots":2,"minecraft:dropper":37,"minecraft:wither_skeleton_skull":6,"minecraft:stone_pickaxe":148,"minecraft:jungle_fence":5,"minecraft:oak_planks":87,"minecraft:sandstone":409,"minecraft:sugar_cane":293,"minecraft:diamond_axe":14391,"minecraft:crossbow":75,"minecraft:lingering_potion":3,"minecraft:end_stone":33,"minecraft:sticky_piston":149,"minecraft:lever":60,"minecraft:daylight_detector":11,"minecraft:dark_oak_log":471,"minecraft:bread":33,"minecraft:iron_door":2,"minecraft:deepslate":16,"minecraft:cooked_rabbit":55,"minecraft:chain":4,"minecraft:smooth_stone_slab":442,"minecraft:coarse_dirt":833,"minecraft:bone_meal":1714,"minecraft:rose_bush":3,"minecraft:flint_and_steel":95,"minecraft:redstone":1816,"minecraft:ender_chest":147,"minecraft:brown_shulker_box":11,"minecraft:stone_hoe":277,"minecraft:cooked_chicken":4,"minecraft:dirt":5946,"minecraft:prismarine_bricks":4,"minecraft:bee_nest":13,"minecraft:spruce_fence":580,"minecraft:brown_terracotta":3,"minecraft:light_gray_stained_glass":371,"minecraft:oak_stairs":6,"minecraft:smooth_sandstone":211,"minecraft:iron_boots":1,"minecraft:lime_stained_glass":72,"minecraft:minecart":6,"minecraft:cooked_beef":1063,"minecraft:pumpkin":2,"minecraft:iron_leggings":1,"minecraft:cobblestone_stairs":6,"minecraft:snow_block":2,"minecraft:baked_potato":94,"minecraft:brown_mushroom":69,"minecraft:cut_sandstone":1,"minecraft:spruce_sign":10,"minecraft:waxed_copper_block":21,"minecraft:spider_eye":983,"minecraft:brown_glazed_terracotta":28,"minecraft:cyan_stained_glass":1748,"minecraft:piston":132,"minecraft:flower_pot":13,"minecraft:lapis_ore":4,"minecraft:jungle_stairs":137,"minecraft:stone_slab":15,"minecraft:stone_axe":122,"minecraft:end_crystal":4,"minecraft:sea_pickle":1,"minecraft:birch_stairs":55,"minecraft:peony":3,"minecraft:beetroot":3,"minecraft:spruce_slab":427,"minecraft:ladder":310,"minecraft:chest":263,"minecraft:white_shulker_box":7,"minecraft:brick_slab":113,"minecraft:jungle_slab":280,"minecraft:weathered_cut_copper_stairs":38,"minecraft:acacia_sapling":27,"minecraft:yellow_candle":4,"minecraft:stripped_spruce_log":1,"minecraft:honey_block":87,"minecraft:honeycomb":53,"minecraft:grass_block":4001,"minecraft:birch_sapling":59,"minecraft:orange_shulker_box":13,"minecraft:copper_ore":22,"minecraft:wet_sponge":344,"minecraft:snow":125,"minecraft:dark_oak_boat":114,"minecraft:sweet_berries":28,"minecraft:furnace":51,"minecraft:egg":8,"minecraft:potato":49,"minecraft:dragon_head":1,"minecraft:brown_concrete_powder":7,"minecraft:magenta_shulker_box":39,"minecraft:diorite":67,"minecraft:spruce_door":19,"minecraft:brick_wall":78,"minecraft:stripped_birch_log":15,"minecraft:powered_rail":42,"minecraft:oak_leaves":1,"minecraft:sand":713,"minecraft:blue_ice":79,"minecraft:oxidized_cut_copper_slab":102,"minecraft:lightning_rod":52,"minecraft:deepslate_tiles":17,"minecraft:stone_button":30,"minecraft:red_terracotta":3,"minecraft:polished_granite":4,"minecraft:lilac":15,"minecraft:fire_charge":1,"minecraft:dark_oak_fence":3,"minecraft:ice":208,"minecraft:iron_bars":3,"minecraft:stone_sword":122,"minecraft:acacia_log":11,"minecraft:netherrack":1014,"minecraft:green_glazed_terracotta":1,"minecraft:orange_bed":536,"minecraft:light_gray_shulker_box":12,"minecraft:dragon_egg":4,"minecraft:anvil":9,"minecraft:target":41,"minecraft:twisting_vines":2,"minecraft:stone_stairs":20,"minecraft:nether_brick_slab":23,"minecraft:glow_lichen":2,"minecraft:jungle_trapdoor":83,"minecraft:shroomlight":5,"minecraft:red_shulker_box":148,"minecraft:flowering_azalea":23,"minecraft:rooted_dirt":1,"minecraft:iron_axe":40,"minecraft:brick_stairs":3,"minecraft:spruce_button":6,"minecraft:slime_block":47,"minecraft:totem_of_undying":1,"minecraft:prismarine_slab":7,"minecraft:raw_copper_block":26,"minecraft:oxidized_copper":134,"minecraft:cobbled_deepslate":332,"minecraft:observer":176,"minecraft:pointed_dripstone":3,"minecraft:hanging_roots":9,"minecraft:water_bucket":2204,"minecraft:sandstone_stairs":28,"minecraft:yellow_shulker_box":110,"minecraft:fletching_table":1,"minecraft:mossy_cobblestone":51,"minecraft:lime_terracotta":102,"minecraft:comparator":97,"minecraft:tnt":90,"minecraft:oak_slab":103,"minecraft:crafting_table":114,"minecraft:birch_sign":18,"minecraft:lime_shulker_box":105,"minecraft:oak_log":215,"minecraft:ender_eye":2,"minecraft:cornflower":14,"minecraft:stripped_jungle_log":165,"minecraft:sunflower":6,"minecraft:crimson_nylium":1,"minecraft:cobblestone":1781,"minecraft:sandstone_slab":2,"minecraft:kelp":14,"minecraft:candle":4,"minecraft:brown_mushroom_block":439,"minecraft:iron_shovel":223,"minecraft:diamond_hoe":4084,"minecraft:oak_sign":24,"minecraft:white_terracotta":486,"minecraft:iron_sword":835,"minecraft:purple_shulker_box":13,"minecraft:bell":11,"minecraft:player_head":29,"minecraft:smooth_sandstone_stairs":18,"minecraft:iron_chestplate":1,"minecraft:nether_bricks":1,"minecraft:carrot":441,"minecraft:tuff":1,"minecraft:axolotl_bucket":5,"minecraft:glass":2,"minecraft:coal_ore":134,"minecraft:dark_oak_wood":68,"minecraft:hopper_minecart":7,"minecraft:stone_bricks":323,"minecraft:repeater":444,"minecraft:redstone_lamp":98,"minecraft:magma_block":319,"minecraft:hay_block":20,"minecraft:oxidized_cut_copper_stairs":62,"minecraft:stripped_spruce_wood":10,"minecraft:birch_leaves":43,"minecraft:dark_oak_sign":13,"minecraft:birch_wood":6,"minecraft:ender_pearl":574,"minecraft:redstone_block":34,"minecraft:yellow_terracotta":37,"minecraft:loom":24,"minecraft:light_gray_terracotta":588,"minecraft:deepslate_redstone_ore":13,"minecraft:sponge":420,"minecraft:note_block":47,"minecraft:dripstone_block":124,"minecraft:shears":966,"minecraft:exposed_copper":36,"minecraft:redstone_torch":264,"minecraft:brown_stained_glass":127,"minecraft:string":11,"minecraft:gravel":91,"minecraft:jungle_sign":1,"minecraft:stripped_oak_wood":3,"minecraft:grindstone":2,"minecraft:andesite":76,"minecraft:deepslate_coal_ore":1,"minecraft:oak_fence":72,"minecraft:cobweb":15,"minecraft:azalea":6,"minecraft:jungle_leaves":5,"minecraft:trident":747,"minecraft:tropical_fish":1,"minecraft:redstone_ore":60,"minecraft:stone_shovel":248,"minecraft:spruce_planks":1000,"minecraft:oak_door":1,"minecraft:spyglass":433,"minecraft:hopper":593,"minecraft:spruce_stairs":191,"minecraft:diamond_helmet":2,"minecraft:shulker_box":755,"minecraft:oak_wood":191,"minecraft:raw_iron_block":1,"minecraft:granite":62,"minecraft:dark_oak_planks":2,"minecraft:bookshelf":15,"minecraft:golden_carrot":195,"minecraft:horn_coral_block":9,"minecraft:stone_pressure_plate":16,"minecraft:cooked_mutton":5,"minecraft:iron_ore":15,"minecraft:amethyst_block":18,"minecraft:glass_bottle":682,"minecraft:copper_block":501,"minecraft:andesite_slab":4,"minecraft:black_shulker_box":14,"minecraft:white_dye":1,"minecraft:beacon":19,"minecraft:stonecutter":16,"minecraft:cobblestone_slab":20,"minecraft:jungle_wood":38,"minecraft:glow_item_frame":3,"minecraft:stripped_dark_oak_log":112,"minecraft:terracotta":23,"minecraft:painting":6,"minecraft:smoker":1,"minecraft:activator_rail":4,"minecraft:apple":5,"minecraft:map":3,"minecraft:fishing_rod":21,"minecraft:green_shulker_box":111,"minecraft:white_banner":1,"minecraft:bucket":2596,"minecraft:yellow_bed":1,"minecraft:smooth_stone":2078,"minecraft:splash_potion":13,"minecraft:chainmail_leggings":1},"minecraft:crafted":{"minecraft:lime_stained_glass":832,"minecraft:black_dye":422,"minecraft:oxidized_cut_copper_slab":18,"minecraft:oak_sign":15,"minecraft:weathered_cut_copper_stairs":4,"minecraft:blaze_powder":26,"minecraft:chain":33,"minecraft:brick_wall":4,"minecraft:diamond_shovel":3,"minecraft:nether_brick":450,"minecraft:cracked_stone_bricks":752,"minecraft:shulker_box":126,"minecraft:diamond_helmet":2,"minecraft:beacon":1,"minecraft:stone_pressure_plate":21,"minecraft:tipped_arrow":2016,"minecraft:iron_door":3,"minecraft:gray_stained_glass":800,"minecraft:pink_stained_glass":320,"minecraft:weathered_cut_copper_slab":22,"minecraft:blue_stained_glass":384,"minecraft:redstone_lamp":260,"minecraft:glow_item_frame":1,"minecraft:raw_gold_block":23,"minecraft:smithing_table":1,"minecraft:mossy_cobblestone":892,"minecraft:sticky_piston":142,"minecraft:fletching_table":1,"minecraft:green_stained_glass":696,"minecraft:painting":1,"minecraft:stone_slab":144,"minecraft:composter":277,"minecraft:golden_carrot":36,"minecraft:orange_shulker_box":1,"minecraft:iron_nugget":614,"minecraft:spyglass":1,"minecraft:diamond_hoe":3,"minecraft:spruce_fence":541,"minecraft:moss_carpet":189,"minecraft:lantern":48,"minecraft:spruce_stairs":212,"minecraft:light_gray_shulker_box":2,"minecraft:polished_diorite":676,"minecraft:red_shulker_box":1,"minecraft:stone_pickaxe":3,"minecraft:spruce_boat":2,"minecraft:prismarine_slab":6,"minecraft:brick_slab":42,"minecraft:lead":14,"minecraft:chainmail_leggings":3,"minecraft:enchanting_table":1,"minecraft:acacia_trapdoor":84,"minecraft:deepslate_tiles":128,"minecraft:enchanted_book":6,"minecraft:orange_dye":256,"minecraft:red_stained_glass":840,"minecraft:fermented_spider_eye":195,"minecraft:black_glazed_terracotta":768,"minecraft:birch_trapdoor":98,"minecraft:iron_shovel":1,"minecraft:note_block":102,"minecraft:pink_terracotta":1600,"minecraft:grindstone":6,"minecraft:cobblestone_slab":18,"minecraft:barrel":42,"minecraft:birch_wood":48,"minecraft:leather_horse_armor":5,"minecraft:cooked_chicken":2,"minecraft:lightning_rod":37,"minecraft:stone":850,"minecraft:red_sandstone":2326,"minecraft:warped_planks":4,"minecraft:brown_stained_glass":832,"minecraft:bow":4,"minecraft:comparator":178,"minecraft:chest":639,"minecraft:copper_block":387,"minecraft:yellow_terracotta":1600,"minecraft:jungle_stairs":88,"minecraft:rail":64,"minecraft:bricks":14,"minecraft:ender_eye":9,"minecraft:oak_fence":78,"minecraft:stone_bricks":2488,"minecraft:dropper":360,"minecraft:arrow":336,"minecraft:lime_terracotta":576,"minecraft:iron_helmet":2,"minecraft:brown_dye":108,"minecraft:chainmail_chestplate":2,"minecraft:yellow_stained_glass":832,"minecraft:dispenser":146,"minecraft:green_glazed_terracotta":214,"minecraft:tnt":324,"minecraft:spruce_trapdoor":376,"minecraft:purple_dye":414,"minecraft:yellow_dye":982,"minecraft:gray_terracotta":1328,"minecraft:stick":9511,"minecraft:iron_ingot":7337,"minecraft:light_blue_shulker_box":3,"minecraft:light_blue_stained_glass":704,"minecraft:deepslate_bricks":128,"minecraft:blue_terracotta":832,"minecraft:nether_brick_slab":60,"minecraft:tripwire_hook":128,"minecraft:beehive":67,"minecraft:spruce_button":3,"minecraft:mossy_stone_bricks":704,"minecraft:furnace":672,"minecraft:piston":440,"minecraft:raw_copper_block":150,"minecraft:oak_trapdoor":86,"minecraft:flint_and_steel":4,"minecraft:brown_shulker_box":4,"minecraft:glistering_melon_slice":36,"minecraft:smooth_sandstone_stairs":5,"minecraft:purple_terracotta":1608,"minecraft:jungle_wood":108,"minecraft:purple_stained_glass":672,"minecraft:purple_shulker_box":1,"minecraft:iron_sword":7,"minecraft:cooked_salmon":14,"minecraft:jungle_planks":1208,"minecraft:white_dye":610,"minecraft:stonecutter":64,"minecraft:anvil":6,"minecraft:torch":4996,"minecraft:ender_chest":8,"minecraft:smooth_stone":3075,"minecraft:orange_stained_glass":832,"minecraft:dark_oak_wood":87,"minecraft:oak_pressure_plate":1,"minecraft:oxidized_cut_copper_stairs":12,"minecraft:birch_slab":312,"minecraft:slime_block":7,"minecraft:loom":19,"minecraft:lever":70,"minecraft:bookshelf":15,"minecraft:cooked_mutton":1,"minecraft:iron_bars":32,"minecraft:magenta_shulker_box":2,"minecraft:glass":13726,"minecraft:light_blue_terracotta":832,"minecraft:repeater":475,"minecraft:diamond_leggings":2,"minecraft:magenta_dye":756,"minecraft:flower_pot":12,"minecraft:glass_bottle":1821,"minecraft:target":36,"minecraft:deepslate":65,"minecraft:emerald":9,"minecraft:cooked_porkchop":5,"minecraft:diamond_axe":4,"minecraft:spruce_door":12,"minecraft:copper_ingot":3481,"minecraft:oak_wood":153,"minecraft:hay_block":495,"minecraft:lime_shulker_box":74,"minecraft:green_terracotta":1088,"minecraft:compass":1,"minecraft:iron_block":397,"minecraft:gold_ingot":1064,"minecraft:light_gray_dye":91,"minecraft:spruce_fence_gate":290,"minecraft:birch_stairs":72,"minecraft:stone_shovel":2,"minecraft:smooth_stone_slab":132,"minecraft:player_head":145,"minecraft:tinted_glass":578,"minecraft:red_terracotta":1344,"minecraft:bone_meal":41510,"minecraft:cyan_stained_glass":1640,"minecraft:pink_dye":324,"minecraft:warped_trapdoor":2,"minecraft:dark_oak_fence":3,"minecraft:yellow_glazed_terracotta":768,"minecraft:ladder":252,"minecraft:spruce_slab":2294,"minecraft:diamond_boots":2,"minecraft:red_glazed_terracotta":832,"minecraft:redstone_block":910,"minecraft:dark_oak_planks":1360,"minecraft:golden_helmet":1,"minecraft:wheat":594,"minecraft:coal_block":253,"minecraft:firework_star":18,"minecraft:cyan_glazed_terracotta":768,"minecraft:daylight_detector":21,"minecraft:crossbow":24,"minecraft:dried_kelp":35,"minecraft:magenta_stained_glass":832,"minecraft:polished_granite":708,"minecraft:sandstone_slab":6,"minecraft:white_stained_glass":832,"minecraft:jungle_slab":306,"minecraft:golden_apple":17,"minecraft:andesite_slab":8,"minecraft:oak_stairs":4,"minecraft:iron_leggings":3,"minecraft:white_bed":1,"minecraft:brick":72,"minecraft:oak_planks":712,"minecraft:dark_oak_boat":22,"minecraft:purple_glazed_terracotta":768,"minecraft:spruce_pressure_plate":23,"minecraft:green_dye":748,"minecraft:hopper":368,"minecraft:iron_boots":2,"minecraft:raw_copper":1539,"minecraft:cyan_terracotta":1600,"minecraft:stone_hoe":3,"minecraft:raw_iron_block":122,"minecraft:smooth_red_sandstone":832,"minecraft:oak_slab":174,"minecraft:item_frame":85,"minecraft:acacia_wood":48,"minecraft:map":1,"minecraft:crafting_table":67,"minecraft:spruce_planks":13866,"minecraft:wooden_pickaxe":1,"minecraft:baked_potato":90,"minecraft:gold_block":40,"minecraft:hopper_minecart":7,"minecraft:birch_planks":860,"minecraft:brewing_stand":5,"minecraft:black_shulker_box":2,"minecraft:brown_glazed_terracotta":832,"minecraft:dark_oak_slab":12,"minecraft:iron_chestplate":5,"minecraft:book":119,"minecraft:paper":503,"minecraft:diamond_pickaxe":5,"minecraft:charcoal":14,"minecraft:light_blue_dye":302,"minecraft:leather_chestplate":1,"minecraft:stone_sword":1,"minecraft:snow_block":4,"minecraft:green_shulker_box":84,"minecraft:redstone_torch":2008,"minecraft:shears":58,"minecraft:sandstone_stairs":18,"minecraft:polished_andesite":192,"minecraft:coarse_dirt":512,"minecraft:gray_glazed_terracotta":512,"minecraft:raw_iron":1089,"minecraft:redstone":6489,"minecraft:coal":1476,"minecraft:light_gray_stained_glass":832,"minecraft:popped_chorus_fruit":8,"minecraft:stone_button":16,"minecraft:dark_oak_trapdoor":84,"minecraft:jungle_trapdoor":96,"minecraft:gray_dye":310,"minecraft:dark_oak_sign":15,"minecraft:diamond_block":1,"minecraft:blue_ice":415,"minecraft:yellow_shulker_box":54,"minecraft:polished_deepslate":132,"minecraft:black_terracotta":1344,"minecraft:iron_axe":1,"minecraft:spruce_wood":195,"minecraft:slime_ball":9,"minecraft:lime_dye":788,"minecraft:pink_glazed_terracotta":768,"minecraft:observer":192,"minecraft:minecart":8,"minecraft:cooked_beef":209,"minecraft:sugar":5613,"minecraft:red_dye":1122,"minecraft:bone_block":922,"minecraft:diamond_sword":2,"minecraft:cyan_dye":484,"minecraft:spruce_sign":6,"minecraft:powered_rail":60,"minecraft:activator_rail":18,"minecraft:smooth_sandstone":797,"minecraft:nether_bricks":112,"minecraft:bucket":39,"minecraft:stone_axe":1,"minecraft:amethyst_block":3,"minecraft:air":0,"minecraft:bread":8,"minecraft:black_stained_glass":792,"minecraft:blue_dye":915,"minecraft:oak_boat":2,"minecraft:magenta_terracotta":768,"minecraft:acacia_planks":256,"minecraft:lapis_lazuli":1062,"minecraft:lapis_block":258,"minecraft:firework_rocket":156},"minecraft:killed":{"minecraft:guardian":230,"minecraft:tropical_fish":1,"minecraft:salmon":17,"minecraft:ender_dragon":1,"minecraft:pillager":58,"minecraft:donkey":241,"minecraft:zombie":379,"minecraft:evoker":8,"minecraft:vindicator":32,"minecraft:endermite":10,"minecraft:husk":1,"minecraft:rabbit":341,"minecraft:ravager":5,"minecraft:witch":9,"minecraft:spider":66,"minecraft:bee":1,"minecraft:axolotl":6,"minecraft:piglin":11,"minecraft:zombie_villager":5,"minecraft:sheep":1,"minecraft:trader_llama":7,"minecraft:ghast":8,"minecraft:vex":15,"minecraft:slime":192,"minecraft:drowned":2030,"minecraft:hoglin":5,"minecraft:squid":77,"minecraft:wither_skeleton":38,"minecraft:cave_spider":1,"minecraft:skeleton":3372,"minecraft:chicken":2,"minecraft:magma_cube":128,"minecraft:glow_squid":15,"minecraft:cow":551,"minecraft:wandering_trader":3,"minecraft:enderman":1492,"minecraft:creeper":161,"minecraft:blaze":23,"minecraft:phantom":15,"minecraft:bat":14},"minecraft:custom":{"minecraft:interact_with_crafting_table":1098,"minecraft:play_time":15830009,"minecraft:deaths":23,"minecraft:jump":87249,"minecraft:interact_with_cartography_table":1,"minecraft:interact_with_smoker":6,"minecraft:inspect_dispenser":363,"minecraft:horse_one_cm":35470054,"minecraft:inspect_dropper":726,"minecraft:interact_with_anvil":77,"minecraft:inspect_hopper":1481,"minecraft:tune_noteblock":391,"minecraft:time_since_rest":24445,"minecraft:swim_one_cm":2244186,"minecraft:open_chest":10197,"minecraft:open_shulker_box":7043,"minecraft:play_noteblock":11,"minecraft:talked_to_villager":268,"minecraft:interact_with_brewingstand":550,"minecraft:interact_with_beacon":19,"minecraft:interact_with_campfire":6,"minecraft:raid_win":1,"minecraft:boat_one_cm":7280353,"minecraft:damage_taken":106846,"minecraft:open_barrel":1494,"minecraft:bell_ring":33,"minecraft:leave_game":294,"minecraft:time_since_death":24418,"minecraft:enchant_item":85,"minecraft:interact_with_furnace":2022,"minecraft:traded_with_villager":134,"minecraft:sleep_in_bed":521,"minecraft:damage_dealt":368647,"minecraft:interact_with_smithing_table":4,"minecraft:target_hit":50,"minecraft:sneak_time":513396,"minecraft:interact_with_lectern":10,"minecraft:interact_with_blast_furnace":4,"minecraft:total_world_time":15830009,"minecraft:interact_with_stonecutter":78,"minecraft:fly_one_cm":16709765,"minecraft:fish_caught":2,"minecraft:fall_one_cm":2828363,"minecraft:animals_bred":1255,"minecraft:sprint_one_cm":43963765,"minecraft:drop":4116,"minecraft:walk_on_water_one_cm":2361223,"minecraft:open_enderchest":1014,"minecraft:crouch_one_cm":1342227,"minecraft:mob_kills":9659,"minecraft:climb_one_cm":300401,"minecraft:walk_one_cm":33970492,"minecraft:walk_under_water_one_cm":5463427,"minecraft:raid_trigger":2,"minecraft:pot_flower":20,"minecraft:interact_with_grindstone":24,"minecraft:damage_absorbed":32},"minecraft:picked_up":{"minecraft:smithing_table":2,"minecraft:lead":95,"minecraft:stone_slab":2,"minecraft:enchanted_book":56,"minecraft:purple_shulker_box":13,"minecraft:music_disc_cat":2,"minecraft:string":274,"minecraft:pufferfish":6,"minecraft:shroomlight":5,"minecraft:diamond_leggings":2,"minecraft:horn_coral_block":47,"minecraft:spruce_pressure_plate":19,"minecraft:weathered_cut_copper_slab":9,"minecraft:big_dripleaf":126,"minecraft:acacia_log":261,"minecraft:cyan_stained_glass":373,"minecraft:brick_wall":25,"minecraft:lightning_rod":27,"minecraft:cauldron":3,"minecraft:golden_chestplate":13,"minecraft:green_terracotta":1,"minecraft:pink_terracotta":1,"minecraft:orange_bed":548,"minecraft:stone_sword":3,"minecraft:horn_coral_fan":1,"minecraft:carved_pumpkin":8,"minecraft:glowstone":407,"minecraft:bookshelf":23,"minecraft:white_terracotta":2604,"minecraft:blaze_rod":18,"minecraft:iron_bars":17,"minecraft:snowball":18,"minecraft:sponge":412,"minecraft:cooked_beef":2600,"minecraft:feather":5,"minecraft:water_bucket":20,"minecraft:dark_oak_boat":107,"minecraft:copper_block":355,"minecraft:flint":20,"minecraft:purple_stained_glass":1,"minecraft:lantern":35,"minecraft:magenta_terracotta":1,"minecraft:hanging_roots":120,"minecraft:stonecutter":16,"minecraft:dark_oak_sign":10,"minecraft:diamond_helmet":2,"minecraft:rabbit":903,"minecraft:honeycomb":108,"minecraft:glow_lichen":69,"minecraft:lime_terracotta":20,"minecraft:stripped_spruce_log":48,"minecraft:brown_mushroom_block":1276,"minecraft:polished_andesite":8,"minecraft:blue_terracotta":1,"minecraft:deepslate":660,"minecraft:lever":83,"minecraft:granite":2642,"minecraft:spruce_button":3,"minecraft:cyan_dye":96,"minecraft:rooted_dirt":25,"minecraft:deepslate_coal_ore":1,"minecraft:crimson_roots":1155,"minecraft:diamond_pickaxe":40,"minecraft:bee_nest":16,"minecraft:clay_ball":72,"minecraft:leather_leggings":13,"minecraft:redstone_lamp":23,"minecraft:dragon_head":4,"minecraft:yellow_candle":4,"minecraft:cornflower":54,"minecraft:elytra":1,"minecraft:flint_and_steel":4,"minecraft:white_stained_glass":1,"minecraft:iron_shovel":6,"minecraft:glass_pane":32,"minecraft:jungle_sapling":90,"minecraft:poppy":13,"minecraft:spruce_slab":200,"minecraft:minecart":10,"minecraft:birch_sapling":146,"minecraft:piston":69,"minecraft:diamond_hoe":17,"minecraft:copper_ore":22,"minecraft:lime_shulker_box":105,"minecraft:black_stained_glass":1,"minecraft:stone":31615,"minecraft:raw_gold_block":23,"minecraft:fire_charge":54,"minecraft:white_dye":64,"minecraft:jungle_sign":1,"minecraft:stone_shovel":2,"minecraft:hay_block":82,"minecraft:yellow_terracotta":8,"minecraft:totem_of_undying":8,"minecraft:polished_blackstone":6,"minecraft:mutton":1,"minecraft:rail":75,"minecraft:bone_block":230,"minecraft:emerald_ore":1,"minecraft:yellow_shulker_box":109,"minecraft:birch_leaves":8,"minecraft:clock":6,"minecraft:smooth_red_sandstone":1,"minecraft:red_glazed_terracotta":1,"minecraft:fern":31,"minecraft:yellow_dye":205,"minecraft:jungle_fence":8,"minecraft:lily_pad":10,"minecraft:paper":218,"minecraft:apple":32,"minecraft:yellow_stained_glass":1,"minecraft:oak_fence_gate":4,"minecraft:stone_pickaxe":1,"minecraft:iron_ore":139,"minecraft:magenta_stained_glass":1,"minecraft:dark_oak_stairs":2,"minecraft:smooth_basalt":79,"minecraft:light_gray_stained_glass":70,"minecraft:sweet_berries":173,"minecraft:weathered_copper":116,"minecraft:light_blue_stained_glass":1,"minecraft:crying_obsidian":71,"minecraft:dragon_egg":4,"minecraft:leather_helmet":10,"minecraft:oak_wood":46,"minecraft:diamond_shovel":17,"minecraft:coal_ore":169,"minecraft:slime_ball":366,"minecraft:deepslate_redstone_ore":13,"minecraft:painting":6,"minecraft:birch_sign":25,"minecraft:baked_potato":150,"minecraft:hopper":337,"minecraft:ender_chest":155,"minecraft:lapis_block":88,"minecraft:red_sand":10007,"minecraft:smooth_stone":1197,"minecraft:comparator":66,"minecraft:bucket":11,"minecraft:red_dye":64,"minecraft:rose_bush":338,"minecraft:cobblestone_slab":16,"minecraft:ender_eye":5,"minecraft:azalea":1112,"minecraft:deepslate_iron_ore":12,"minecraft:tipped_arrow":134,"minecraft:birch_trapdoor":11,"minecraft:spruce_stairs":171,"minecraft:diorite":3062,"minecraft:rotten_flesh":6805,"minecraft:brown_shulker_box":7,"minecraft:chorus_flower":3,"minecraft:obsidian":186,"minecraft:blaze_powder":6,"minecraft:cobblestone":36562,"minecraft:enchanting_table":1,"minecraft:leather_chestplate":9,"minecraft:lilac":411,"minecraft:repeater":211,"minecraft:andesite":3091,"minecraft:golden_leggings":17,"minecraft:beacon":19,"minecraft:potato":142,"minecraft:smooth_sandstone_stairs":46,"minecraft:prismarine_bricks":5,"minecraft:dirt":9415,"minecraft:stripped_birch_log":16,"minecraft:name_tag":32,"minecraft:glass":3763,"minecraft:bone":2954,"minecraft:acacia_planks":6,"minecraft:bow":288,"minecraft:wheat_seeds":16551,"minecraft:orange_tulip":2,"minecraft:grindstone":33,"minecraft:mossy_stone_bricks":1,"minecraft:fletching_table":1,"minecraft:bamboo":9281,"minecraft:prismarine":8,"minecraft:brown_stained_glass":24,"minecraft:gray_stained_glass":1,"minecraft:light_blue_shulker_box":3,"minecraft:grass_block":5700,"minecraft:diamond_block":4,"minecraft:jungle_slab":165,"minecraft:spectral_arrow":232,"minecraft:mossy_cobblestone":159,"minecraft:jungle_leaves":252,"minecraft:light_gray_terracotta":2123,"minecraft:sugar":42,"minecraft:light_blue_terracotta":1,"minecraft:slime_block":54,"minecraft:crossbow":36,"minecraft:bone_meal":6103,"minecraft:grass":2,"minecraft:golden_apple":6,"minecraft:spruce_sign":15,"minecraft:emerald":96,"minecraft:netherrack":3174,"minecraft:chorus_fruit":28,"minecraft:andesite_slab":2,"minecraft:oak_leaves":756,"minecraft:splash_potion":301,"minecraft:ladder":3588,"minecraft:brown_mushroom":726,"minecraft:packed_ice":4183,"minecraft:chain":4,"minecraft:brick":3,"minecraft:moss_carpet":3178,"minecraft:orange_stained_glass":1,"minecraft:oak_trapdoor":48,"minecraft:blackstone":421,"minecraft:end_stone":206,"minecraft:flowering_azalea_leaves":295,"minecraft:note_block":6,"minecraft:brown_concrete_powder":7,"minecraft:trident":43,"minecraft:stone_pressure_plate":14,"minecraft:purple_terracotta":2,"minecraft:weeping_vines":2,"minecraft:red_shulker_box":151,"minecraft:nether_bricks":3,"minecraft:stripped_dark_oak_wood":31,"minecraft:pink_tulip":4,"minecraft:brick_stairs":1,"minecraft:netherite_boots":3,"minecraft:purple_dye":64,"minecraft:prismarine_slab":7,"minecraft:basalt":475,"minecraft:golden_carrot":1297,"minecraft:leather":2576,"minecraft:ice":564,"minecraft:crimson_fungus":67,"minecraft:chainmail_chestplate":2,"minecraft:yellow_bed":1,"minecraft:gunpowder":270,"minecraft:orange_terracotta":4407,"minecraft:cooked_mutton":4,"minecraft:rabbit_hide":630,"minecraft:iron_ingot":167,"minecraft:cooked_chicken":4,"minecraft:warped_fungus":115,"minecraft:emerald_block":1,"minecraft:stone_brick_slab":1,"minecraft:quartz":1610,"minecraft:dandelion":10,"minecraft:lava_bucket":15,"minecraft:amethyst_shard":1880,"minecraft:green_stained_glass":1,"minecraft:nether_brick_slab":21,"minecraft:spruce_door":7,"minecraft:brick_slab":8,"minecraft:cut_red_sandstone":1,"minecraft:pumpkin_seeds":11,"minecraft:chainmail_leggings":10,"minecraft:terracotta":8568,"minecraft:damaged_anvil":1,"minecraft:dark_oak_wood":24,"minecraft:sunflower":262,"minecraft:iron_chestplate":5,"minecraft:chainmail_boots":4,"minecraft:flower_pot":3,"minecraft:anvil":6,"minecraft:prismarine_shard":266,"minecraft:diamond_sword":25,"minecraft:oak_stairs":9,"minecraft:brewing_stand":11,"minecraft:amethyst_block":272,"minecraft:weathered_cut_copper_stairs":3,"minecraft:cooked_salmon":1,"minecraft:beetroot":3,"minecraft:gold_nugget":1563,"minecraft:cobbled_deepslate":5713,"minecraft:black_glazed_terracotta":1,"minecraft:spruce_planks":452,"minecraft:azalea_leaves":676,"minecraft:coal_block":7,"minecraft:golden_helmet":11,"minecraft:beehive":44,"minecraft:composter":33,"minecraft:deepslate_tile_stairs":2,"minecraft:rabbit_foot":123,"minecraft:black_dye":4,"minecraft:gray_stained_glass_pane":61,"minecraft:tropical_fish":1,"minecraft:blue_dye":83,"minecraft:iron_block":1444,"minecraft:cyan_terracotta":1,"minecraft:birch_log":473,"minecraft:magma_block":355,"minecraft:oxidized_copper":473,"minecraft:iron_door":1,"minecraft:birch_slab":54,"minecraft:jungle_log":1237,"minecraft:acacia_leaves":74,"minecraft:jungle_wood":46,"minecraft:smoker":1,"minecraft:stripped_spruce_wood":21,"minecraft:twisting_vines":302,"minecraft:gray_terracotta":1,"minecraft:glowstone_dust":20,"minecraft:moss_block":18672,"minecraft:gray_glazed_terracotta":1,"minecraft:warped_wart_block":8,"minecraft:dropper":11,"minecraft:ink_sac":2017,"minecraft:loom":43,"minecraft:fermented_spider_eye":172,"minecraft:dark_oak_log":1143,"minecraft:red_terracotta":318,"minecraft:barrel":24,"minecraft:dispenser":105,"minecraft:deepslate_gold_ore":10,"minecraft:blue_ice":70,"minecraft:chainmail_helmet":2,"minecraft:bread":34,"minecraft:dark_oak_fence":1,"minecraft:bricks":564,"minecraft:spruce_leaves":10,"minecraft:crafting_table":78,"minecraft:coarse_dirt":1726,"minecraft:sandstone_slab":8,"minecraft:nether_wart":4212,"minecraft:jungle_trapdoor":25,"minecraft:snow":314,"minecraft:compass":1,"minecraft:cracked_stone_bricks":1,"minecraft:cartography_table":1,"minecraft:beef":232,"minecraft:iron_nugget":343,"minecraft:chest":328,"minecraft:raw_copper_block":28,"minecraft:egg":77,"minecraft:sandstone":4163,"minecraft:oak_door":3,"minecraft:glow_item_frame":2,"minecraft:spruce_fence":134,"minecraft:carrot":1538,"minecraft:redstone":9861,"minecraft:mushroom_stem":265,"minecraft:prismarine_crystals":75,"minecraft:tnt":18,"minecraft:cooked_cod":33,"minecraft:beetroot_seeds":6,"minecraft:peony":370,"minecraft:shears":33,"minecraft:deepslate_bricks":2,"minecraft:diamond_boots":18,"minecraft:sandstone_stairs":10,"minecraft:warped_sign":2,"minecraft:gold_ingot":54,"minecraft:white_shulker_box":9,"minecraft:glow_berries":60,"minecraft:white_wool":1,"minecraft:lapis_ore":13,"minecraft:stripped_oak_log":129,"minecraft:red_mushroom":1,"minecraft:filled_map":7,"minecraft:oak_log":739,"minecraft:golden_boots":15,"minecraft:white_banner":19,"minecraft:stone_bricks":65,"minecraft:kelp":524,"minecraft:cobweb":51,"minecraft:glass_bottle":48,"minecraft:iron_sword":1,"minecraft:flowering_azalea":78,"minecraft:daylight_detector":7,"minecraft:yellow_concrete":18,"minecraft:spyglass":1,"minecraft:gravel":2457,"minecraft:birch_stairs":26,"minecraft:spruce_sapling":288,"minecraft:spruce_log":4518,"minecraft:sea_lantern":289,"minecraft:firework_rocket":45,"minecraft:red_stained_glass":1,"minecraft:purple_glazed_terracotta":1,"minecraft:polished_diorite":1,"minecraft:stone_axe":2,"minecraft:redstone_ore":74,"minecraft:diamond_axe":23,"minecraft:warped_roots":973,"minecraft:oak_button":1,"minecraft:melon_seeds":2,"minecraft:warped_nylium":5,"minecraft:stripped_dark_oak_log":132,"minecraft:pink_dye":64,"minecraft:ender_pearl":1980,"minecraft:shulker_shell":192,"minecraft:chiseled_deepslate":3,"minecraft:wheat":5168,"minecraft:exposed_copper":47,"minecraft:redstone_block":160,"minecraft:light_gray_shulker_box":11,"minecraft:potion":56,"minecraft:nether_brick":137,"minecraft:raw_copper":3188,"minecraft:smooth_stone_slab":410,"minecraft:iron_leggings":3,"minecraft:sticky_piston":63,"minecraft:oak_sign":28,"minecraft:sea_pickle":1675,"minecraft:activator_rail":4,"minecraft:deepslate_tiles":17,"minecraft:black_shulker_box":13,"minecraft:redstone_torch":265,"minecraft:calcite":615,"minecraft:iron_boots":14,"minecraft:furnace":46,"minecraft:stick":1930,"minecraft:orange_shulker_box":13,"minecraft:jungle_door":2,"minecraft:brown_terracotta":5149,"minecraft:oak_fence":64,"minecraft:torch":1792,"minecraft:porkchop":30,"minecraft:snow_block":68,"minecraft:target":25,"minecraft:pointed_dripstone":12,"minecraft:blue_stained_glass":1,"minecraft:nether_gold_ore":24,"minecraft:cactus":849,"minecraft:cod":207,"minecraft:nautilus_shell":57,"minecraft:magma_cream":56,"minecraft:magenta_dye":66,"minecraft:tuff":1332,"minecraft:light_gray_dye":12,"minecraft:wither_skeleton_skull":6,"minecraft:acacia_boat":1,"minecraft:green_shulker_box":43,"minecraft:lapis_lazuli":2345,"minecraft:polished_granite":5,"minecraft:leather_boots":12,"minecraft:raw_gold":688,"minecraft:bell":14,"minecraft:light_blue_dye":139,"minecraft:powered_rail":32,"minecraft:oak_planks":49,"minecraft:stone_hoe":2,"minecraft:pink_stained_glass":1,"minecraft:black_terracotta":1,"minecraft:cooked_porkchop":11,"minecraft:music_disc_13":2,"minecraft:poisonous_potato":7,"minecraft:jungle_planks":78,"minecraft:sand":14542,"minecraft:dead_bush":469,"minecraft:oxidized_cut_copper_slab":32,"minecraft:chiseled_sandstone":1,"minecraft:shulker_box":828,"minecraft:spruce_fence_gate":20,"minecraft:clay":786,"minecraft:spruce_boat":117,"minecraft:diamond":448,"minecraft:black_concrete":1,"minecraft:polished_blackstone_button":2,"minecraft:chiseled_red_sandstone":1,"minecraft:oak_sapling":218,"minecraft:nether_star":1,"minecraft:lingering_potion":481,"minecraft:fishing_rod":13,"minecraft:cocoa_beans":42,"minecraft:chicken":6,"minecraft:wooden_pickaxe":2,"minecraft:cooked_rabbit":62,"minecraft:gold_block":34,"minecraft:diamond_horse_armor":3,"minecraft:dragon_breath":9,"minecraft:stone_stairs":2,"minecraft:iron_axe":7,"minecraft:item_frame":49,"minecraft:candle":1,"minecraft:andesite_stairs":7,"minecraft:oak_boat":9,"minecraft:player_head":719,"minecraft:observer":129,"minecraft:tinted_glass":125,"minecraft:sugar_cane":8939,"minecraft:spruce_trapdoor":174,"minecraft:phantom_membrane":11,"minecraft:dark_oak_sapling":75,"minecraft:raw_iron":4159,"minecraft:orange_dye":257,"minecraft:copper_ingot":450,"minecraft:bowl":2,"minecraft:brown_glazed_terracotta":1,"minecraft:gray_dye":16,"minecraft:stone_button":67,"minecraft:magenta_shulker_box":38,"minecraft:iron_horse_armor":1,"minecraft:dark_oak_planks":129,"minecraft:arrow":9230,"minecraft:jungle_stairs":71,"minecraft:pink_glazed_terracotta":1,"minecraft:saddle":259,"minecraft:lime_stained_glass":7,"minecraft:wet_sponge":415,"minecraft:oxidized_cut_copper_stairs":99,"minecraft:glow_ink_sac":107,"minecraft:salmon":104,"minecraft:cut_sandstone":5,"minecraft:birch_planks":168,"minecraft:waxed_copper_block":21,"minecraft:yellow_glazed_terracotta":1,"minecraft:nether_wart_block":1,"minecraft:cobblestone_stairs":4,"minecraft:podzol":187,"minecraft:smooth_sandstone":91,"minecraft:red_sandstone":1,"minecraft:heart_of_the_sea":9,"minecraft:stripped_oak_wood":13,"minecraft:acacia_sapling":75,"minecraft:soul_sand":740,"minecraft:oak_slab":17,"minecraft:green_dye":132,"minecraft:book":72,"minecraft:scaffolding":49,"minecraft:pumpkin":24,"minecraft:chiseled_stone_bricks":1,"minecraft:raw_iron_block":46,"minecraft:dripstone_block":161,"minecraft:blast_furnace":4,"minecraft:white_bed":10,"minecraft:gold_ore":32,"minecraft:spider_eye":252,"minecraft:stripped_jungle_log":178,"minecraft:lime_dye":363,"minecraft:honey_block":83,"minecraft:iron_helmet":4,"minecraft:stripped_jungle_wood":12,"minecraft:coal":4873},"minecraft:dropped":{"minecraft:iron_sword":4,"minecraft:pink_stained_glass":1,"minecraft:glow_ink_sac":17,"minecraft:glass_bottle":13,"minecraft:diamond":115,"minecraft:crafting_table":8,"minecraft:lime_stained_glass":1,"minecraft:cooked_porkchop":1,"minecraft:red_sandstone":1,"minecraft:weeping_vines":1,"minecraft:glow_berries":9,"minecraft:warped_roots":270,"minecraft:cracked_stone_bricks":1,"minecraft:red_mushroom":1,"minecraft:emerald":1,"minecraft:dark_oak_fence":1,"minecraft:netherite_boots":3,"minecraft:gold_nugget":92,"minecraft:sand":101,"minecraft:dark_oak_planks":7,"minecraft:fermented_spider_eye":172,"minecraft:fishing_rod":10,"minecraft:stone_axe":1,"minecraft:lever":46,"minecraft:iron_nugget":18,"minecraft:cobbled_deepslate":1082,"minecraft:wheat":3,"minecraft:stripped_dark_oak_log":4,"minecraft:rotten_flesh":5210,"minecraft:oak_planks":11,"minecraft:glowstone_dust":5,"minecraft:rabbit_foot":54,"minecraft:blue_stained_glass":1,"minecraft:sea_lantern":3,"minecraft:coal_ore":41,"minecraft:jungle_log":7,"minecraft:leather_boots":24,"minecraft:leather_leggings":27,"minecraft:glass":3393,"minecraft:podzol":4,"minecraft:warped_wart_block":2,"minecraft:green_stained_glass":1,"minecraft:golden_boots":34,"minecraft:black_dye":4,"minecraft:wheat_seeds":220,"minecraft:clock":1,"minecraft:dripstone_block":9,"minecraft:prismarine_crystals":68,"minecraft:red_stained_glass":1,"minecraft:lava_bucket":13,"minecraft:ink_sac":1841,"minecraft:cooked_salmon":10,"minecraft:potion":17,"minecraft:oak_stairs":4,"minecraft:red_dye":64,"minecraft:smooth_stone":67,"minecraft:chainmail_leggings":5,"minecraft:smooth_sandstone":1,"minecraft:lily_pad":2,"minecraft:stone_brick_slab":1,"minecraft:snow_block":5,"minecraft:green_terracotta":1,"minecraft:player_head":134,"minecraft:cocoa_beans":3,"minecraft:chiseled_red_sandstone":1,"minecraft:sticky_piston":19,"minecraft:stone_shovel":2,"minecraft:iron_boots":9,"minecraft:white_terracotta":141,"minecraft:oak_sign":8,"minecraft:shears":22,"minecraft:diamond_sword":5,"minecraft:spruce_boat":4,"minecraft:sea_pickle":32,"minecraft:peony":175,"minecraft:spruce_trapdoor":5,"minecraft:spruce_planks":34,"minecraft:diamond_pickaxe":3,"minecraft:andesite_stairs":4,"minecraft:redstone_torch":1,"minecraft:stone_pressure_plate":29,"minecraft:barrel":2,"minecraft:stone_bricks":19,"minecraft:bamboo":2,"minecraft:sandstone":68,"minecraft:bow":458,"minecraft:red_sand":1,"minecraft:terracotta":2,"minecraft:soul_sand":22,"minecraft:moss_block":388,"minecraft:orange_dye":65,"minecraft:warped_fungus":36,"minecraft:oak_log":17,"minecraft:purple_glazed_terracotta":1,"minecraft:ender_pearl":7,"minecraft:dark_oak_sapling":5,"minecraft:jungle_fence":3,"minecraft:lime_terracotta":1,"minecraft:green_shulker_box":1,"minecraft:leather":443,"minecraft:jungle_planks":13,"minecraft:cod":167,"minecraft:redstone_lamp":4,"minecraft:packed_ice":72,"minecraft:ice":33,"minecraft:stripped_oak_wood":1,"minecraft:pink_glazed_terracotta":1,"minecraft:gold_ingot":443,"minecraft:red_glazed_terracotta":1,"minecraft:magenta_stained_glass":1,"minecraft:pink_terracotta":1,"minecraft:twisting_vines":101,"minecraft:andesite_slab":6,"minecraft:yellow_stained_glass":1,"minecraft:leather_chestplate":17,"minecraft:trident":15,"minecraft:dropper":33,"minecraft:iron_ore":19,"minecraft:polished_granite":1,"minecraft:splash_potion":261,"minecraft:stone_hoe":2,"minecraft:bread":11,"minecraft:golden_helmet":22,"minecraft:lilac":157,"minecraft:jungle_wood":3,"minecraft:spruce_stairs":2,"minecraft:spruce_fence_gate":1,"minecraft:iron_block":5,"minecraft:green_dye":65,"minecraft:repeater":11,"minecraft:nether_wart_block":1,"minecraft:iron_door":2,"minecraft:light_gray_stained_glass":22,"minecraft:fire_charge":1,"minecraft:jungle_leaves":7,"minecraft:stonecutter":2,"minecraft:orange_bed":2,"minecraft:cactus":4,"minecraft:redstone_block":2,"minecraft:chiseled_sandstone":1,"minecraft:polished_diorite":1,"minecraft:blue_terracotta":1,"minecraft:kelp":72,"minecraft:sweet_berries":64,"minecraft:oak_trapdoor":1,"minecraft:dragon_head":2,"minecraft:gray_glazed_terracotta":1,"minecraft:light_gray_terracotta":1,"minecraft:comparator":3,"minecraft:stripped_oak_log":2,"minecraft:totem_of_undying":3,"minecraft:shulker_box":23,"minecraft:flint_and_steel":4,"minecraft:deepslate_bricks":1,"minecraft:copper_ore":7,"minecraft:gray_terracotta":1,"minecraft:oak_button":1,"minecraft:andesite":199,"minecraft:golden_leggings":23,"minecraft:oak_sapling":3,"minecraft:birch_sign":3,"minecraft:spruce_log":192,"minecraft:wooden_pickaxe":2,"minecraft:light_blue_terracotta":1,"minecraft:magma_cream":3,"minecraft:brown_stained_glass":2,"minecraft:nautilus_shell":7,"minecraft:brick":1,"minecraft:magenta_terracotta":1,"minecraft:clay":3,"minecraft:piston":1,"minecraft:cooked_beef":41,"minecraft:crossbow":32,"minecraft:orange_tulip":2,"minecraft:rooted_dirt":6,"minecraft:saddle":10,"minecraft:dragon_breath":9,"minecraft:rail":2,"minecraft:leather_helmet":27,"minecraft:item_frame":4,"minecraft:dirt":202,"minecraft:raw_copper_block":11,"minecraft:stone_button":53,"minecraft:yellow_dye":65,"minecraft:jungle_sapling":1,"minecraft:sunflower":137,"minecraft:bone_meal":6671,"minecraft:bone_block":128,"minecraft:phantom_membrane":1,"minecraft:sugar":37,"minecraft:dark_oak_boat":11,"minecraft:gray_dye":16,"minecraft:bone":1659,"minecraft:note_block":1,"minecraft:sugar_cane":131,"minecraft:golden_chestplate":24,"minecraft:pink_dye":64,"minecraft:birch_sapling":4,"minecraft:lime_dye":74,"minecraft:jungle_trapdoor":3,"minecraft:salmon":20,"minecraft:orange_stained_glass":1,"minecraft:chiseled_deepslate":1,"minecraft:black_glazed_terracotta":1,"minecraft:tipped_arrow":34,"minecraft:deepslate_tiles":1,"minecraft:jungle_stairs":1,"minecraft:honey_block":2,"minecraft:hopper":37,"minecraft:ladder":3584,"minecraft:spruce_slab":18,"minecraft:white_dye":64,"minecraft:flowering_azalea_leaves":1,"minecraft:enchanted_book":6,"minecraft:iron_ingot":13,"minecraft:cyan_stained_glass":37,"minecraft:yellow_terracotta":1,"minecraft:oak_fence":24,"minecraft:iron_helmet":3,"minecraft:feather":1,"minecraft:cobblestone":2389,"minecraft:granite":144,"minecraft:purple_dye":64,"minecraft:polished_blackstone_button":2,"minecraft:chainmail_helmet":5,"minecraft:coal":4,"minecraft:polished_andesite":4,"minecraft:jungle_slab":6,"minecraft:golden_carrot":1030,"minecraft:rose_bush":128,"minecraft:rabbit":320,"minecraft:yellow_glazed_terracotta":1,"minecraft:brown_terracotta":493,"minecraft:prismarine_slab":6,"minecraft:paper":65,"minecraft:iron_shovel":6,"minecraft:string":36,"minecraft:spruce_sapling":7,"minecraft:pink_tulip":4,"minecraft:hanging_roots":23,"minecraft:furnace":8,"minecraft:moss_carpet":78,"minecraft:brick_wall":3,"minecraft:stone_sword":2,"minecraft:dark_oak_sign":1,"minecraft:smooth_stone_slab":41,"minecraft:bowl":4,"minecraft:deepslate":2,"minecraft:chicken":4,"minecraft:slime_block":33,"minecraft:stone_slab":1,"minecraft:glow_lichen":20,"minecraft:nether_bricks":2,"minecraft:spruce_fence":3,"minecraft:pumpkin_seeds":4,"minecraft:lightning_rod":1,"minecraft:purple_stained_glass":1,"minecraft:target":6,"minecraft:light_blue_dye":64,"minecraft:big_dripleaf":2,"minecraft:potato":5,"minecraft:cobblestone_slab":22,"minecraft:stone":1275,"minecraft:carved_pumpkin":6,"minecraft:spider_eye":26,"minecraft:light_gray_dye":12,"minecraft:magenta_dye":66,"minecraft:spruce_sign":6,"minecraft:birch_planks":2,"minecraft:diamond_axe":4,"minecraft:baked_potato":5,"minecraft:sandstone_slab":12,"minecraft:lantern":4,"minecraft:flint":4,"minecraft:spruce_leaves":2,"minecraft:cyan_terracotta":1,"minecraft:dispenser":8,"minecraft:cornflower":4,"minecraft:crimson_roots":403,"minecraft:cooked_cod":13,"minecraft:cut_sandstone":4,"minecraft:amethyst_shard":52,"minecraft:birch_log":9,"minecraft:black_stained_glass":1,"minecraft:brown_mushroom_block":128,"minecraft:gravel":73,"minecraft:crimson_fungus":22,"minecraft:blackstone":1,"minecraft:black_terracotta":1,"minecraft:prismarine":7,"minecraft:chainmail_chestplate":2,"minecraft:chiseled_stone_bricks":1,"minecraft:shulker_shell":10,"minecraft:poppy":1,"minecraft:oak_fence_gate":2,"minecraft:gunpowder":33,"minecraft:spruce_pressure_plate":5,"minecraft:lingering_potion":389,"minecraft:azalea":644,"minecraft:chainmail_boots":4,"minecraft:chest":6,"minecraft:arrow":3213,"minecraft:basalt":6,"minecraft:prismarine_bricks":1,"minecraft:quartz":24,"minecraft:oak_leaves":1,"minecraft:netherrack":738,"minecraft:water_bucket":4,"minecraft:purple_terracotta":2,"minecraft:mossy_cobblestone":54,"minecraft:minecart":3,"minecraft:cyan_dye":32,"minecraft:poisonous_potato":1,"minecraft:prismarine_shard":246,"minecraft:lead":1,"minecraft:spectral_arrow":37,"minecraft:observer":12,"minecraft:grass_block":33,"minecraft:stick":213,"minecraft:blue_dye":64,"minecraft:smooth_red_sandstone":1,"minecraft:diorite":216,"minecraft:light_blue_stained_glass":1,"minecraft:torch":14,"minecraft:iron_leggings":5,"minecraft:flowering_azalea":4,"minecraft:iron_axe":6,"minecraft:bucket":2,"minecraft:dandelion":6,"minecraft:redstone":135,"minecraft:gray_stained_glass":1,"minecraft:coarse_dirt":180,"minecraft:nether_wart":787,"minecraft:tuff":67,"minecraft:brown_glazed_terracotta":1,"minecraft:ender_eye":3,"minecraft:red_terracotta":2,"minecraft:cut_red_sandstone":1,"minecraft:filled_map":10,"minecraft:snow":15,"minecraft:orange_terracotta":8,"minecraft:iron_chestplate":6,"minecraft:mossy_stone_bricks":1,"minecraft:oak_boat":1,"minecraft:diamond_boots":3,"minecraft:beacon":3,"minecraft:stone_pickaxe":3,"minecraft:calcite":3,"minecraft:white_stained_glass":1},"minecraft:killed_by":{"minecraft:zombie":1,"minecraft:skeleton":7,"minecraft:creeper":4,"minecraft:endermite":1,"minecraft:player":1,"minecraft:iron_golem":1}},"DataVersion":2730}