{"stats":{"minecraft:killed_by":{"minecraft:magma_cube":1,"minecraft:creeper":3,"minecraft:blaze":1,"minecraft:player":6},"minecraft:broken":{"minecraft:diamond_helmet":1,"minecraft:shears":45,"minecraft:stone_hoe":5,"minecraft:wooden_pickaxe":2,"minecraft:iron_pickaxe":3,"minecraft:iron_shovel":3,"minecraft:netherite_pickaxe":1,"minecraft:stone_pickaxe":1,"minecraft:stone_axe":1,"minecraft:iron_axe":1,"minecraft:golden_helmet":1,"minecraft:flint_and_steel":2},"minecraft:custom":{"minecraft:interact_with_crafting_table":1526,"minecraft:damage_blocked_by_shield":233040,"minecraft:play_time":27219130,"minecraft:deaths":22,"minecraft:jump":153839,"minecraft:interact_with_smoker":40,"minecraft:inspect_dispenser":80,"minecraft:horse_one_cm":3406656,"minecraft:inspect_dropper":616,"minecraft:interact_with_anvil":123,"minecraft:inspect_hopper":358,"minecraft:tune_noteblock":664,"minecraft:time_since_rest":27990,"minecraft:swim_one_cm":137844,"minecraft:open_chest":17180,"minecraft:open_shulker_box":4666,"minecraft:clean_banner":6,"minecraft:damage_resisted":14,"minecraft:play_noteblock":316,"minecraft:talked_to_villager":157,"minecraft:interact_with_brewingstand":4,"minecraft:interact_with_beacon":16,"minecraft:fill_cauldron":36,"minecraft:boat_one_cm":1816058,"minecraft:damage_taken":111771,"minecraft:aviate_one_cm":352225406,"minecraft:open_barrel":2525,"minecraft:bell_ring":101,"minecraft:leave_game":725,"minecraft:time_since_death":36416,"minecraft:enchant_item":18,"minecraft:interact_with_furnace":908,"minecraft:traded_with_villager":400,"minecraft:sleep_in_bed":456,"minecraft:damage_dealt":285,"minecraft:use_cauldron":839,"minecraft:interact_with_smithing_table":57,"minecraft:target_hit":97,"minecraft:sneak_time":1750825,"minecraft:interact_with_lectern":24,"minecraft:interact_with_blast_furnace":3,"minecraft:total_world_time":27219130,"minecraft:fly_one_cm":27051951,"minecraft:fall_one_cm":4251292,"minecraft:animals_bred":4,"minecraft:sprint_one_cm":33313917,"minecraft:drop":2399,"minecraft:walk_on_water_one_cm":1175352,"minecraft:interact_with_loom":16,"minecraft:open_enderchest":145,"minecraft:player_kills":1,"minecraft:crouch_one_cm":5351142,"minecraft:climb_one_cm":1666309,"minecraft:walk_one_cm":53158133,"minecraft:walk_under_water_one_cm":730794,"minecraft:pot_flower":61,"minecraft:interact_with_grindstone":11,"minecraft:minecart_one_cm":328452,"minecraft:pig_one_cm":976},"minecraft:used":{"minecraft:moss_block":301,"minecraft:jack_o_lantern":16,"minecraft:writable_book":56,"minecraft:red_sandstone_slab":167,"minecraft:dispenser":28,"minecraft:poppy":1,"minecraft:stone":53774,"minecraft:quartz_stairs":34,"minecraft:soul_sand":86,"minecraft:weathered_copper":9,"minecraft:deepslate_brick_slab":10,"minecraft:spruce_boat":1,"minecraft:jungle_sapling":3,"minecraft:packed_ice":35,"minecraft:lava_bucket":551,"minecraft:quartz_block":698,"minecraft:dark_oak_slab":25,"minecraft:oak_sapling":1463,"minecraft:acacia_fence":118,"minecraft:dark_prismarine_stairs":83,"minecraft:blackstone":2,"minecraft:wooden_pickaxe":118,"minecraft:composter":3,"minecraft:clay":476,"minecraft:glow_berries":32,"minecraft:cyan_dye":4,"minecraft:red_sandstone_wall":26,"minecraft:birch_fence":252,"minecraft:red_sandstone":7,"minecraft:birch_slab":1052,"minecraft:oak_pressure_plate":1,"minecraft:cut_red_sandstone":93,"minecraft:flowering_azalea_leaves":47,"minecraft:coal_block":34,"minecraft:smithing_table":1,"minecraft:birch_log":268,"minecraft:oak_boat":18,"minecraft:oak_trapdoor":150,"minecraft:armor_stand":1,"minecraft:light_gray_carpet":24,"minecraft:tinted_glass":2,"minecraft:torch":4958,"minecraft:oak_fence_gate":2,"minecraft:sea_lantern":370,"minecraft:chipped_anvil":2,"minecraft:iron_block":14,"minecraft:jungle_log":671,"minecraft:barrel":115,"minecraft:bamboo":7,"minecraft:basalt":9,"minecraft:lime_concrete":38,"minecraft:warped_stairs":1386,"minecraft:acacia_planks":112,"minecraft:wheat_seeds":1277,"minecraft:warped_stem":661,"minecraft:birch_planks":105,"minecraft:lead":7,"minecraft:cauldron":553,"minecraft:glow_ink_sac":5,"minecraft:spruce_fence_gate":9,"minecraft:deepslate_bricks":654,"minecraft:polished_deepslate_slab":86,"minecraft:diamond_block":25,"minecraft:rail":101,"minecraft:cyan_glazed_terracotta":12,"minecraft:crimson_trapdoor":38,"minecraft:campfire":1,"minecraft:white_bed":10,"minecraft:spruce_log":40,"minecraft:mushroom_stem":15,"minecraft:yellow_dye":3,"minecraft:diamond_pickaxe":247038,"minecraft:warped_trapdoor":66,"minecraft:diamond_shovel":18909,"minecraft:oak_button":13,"minecraft:spruce_trapdoor":4,"minecraft:spruce_sapling":5,"minecraft:green_carpet":17,"minecraft:azalea_leaves":2298,"minecraft:crimson_stairs":125,"minecraft:cooked_porkchop":3,"minecraft:stripped_oak_log":45,"minecraft:dandelion":1,"minecraft:moss_carpet":1347,"minecraft:blue_terracotta":278,"minecraft:polished_deepslate":1173,"minecraft:polished_basalt":1,"minecraft:stripped_crimson_stem":10,"minecraft:spruce_leaves":144,"minecraft:jungle_planks":23,"minecraft:pink_terracotta":8,"minecraft:obsidian":2084,"minecraft:lantern":42,"minecraft:item_frame":52,"minecraft:birch_button":37,"minecraft:deepslate_diamond_ore":2,"minecraft:birch_trapdoor":73,"minecraft:written_book":4,"minecraft:jungle_button":4,"minecraft:gold_block":29,"minecraft:pink_concrete_powder":16,"minecraft:dark_oak_sapling":4,"minecraft:end_rod":75,"minecraft:dropper":138,"minecraft:stripped_acacia_log":7,"minecraft:stone_pickaxe":130,"minecraft:jungle_fence":211,"minecraft:oak_planks":5344,"minecraft:sandstone":1,"minecraft:sugar_cane":7,"minecraft:diamond_axe":8211,"minecraft:white_wool":35,"minecraft:light_blue_wool":93,"minecraft:yellow_concrete":286,"minecraft:end_stone":219,"minecraft:sticky_piston":400,"minecraft:lever":49,"minecraft:daylight_detector":53,"minecraft:acacia_door":7,"minecraft:bread":66,"minecraft:warped_slab":933,"minecraft:deepslate":2142,"minecraft:prismarine_wall":15,"minecraft:chain":6,"minecraft:smooth_stone_slab":2408,"minecraft:coarse_dirt":903,"minecraft:bone_meal":3957,"minecraft:rose_bush":5,"minecraft:flint_and_steel":256,"minecraft:crimson_fence":15,"minecraft:redstone":1563,"minecraft:ender_chest":7,"minecraft:stone_hoe":759,"minecraft:dirt":3143,"minecraft:light_gray_stained_glass":2,"minecraft:oak_stairs":547,"minecraft:crimson_slab":204,"minecraft:yellow_concrete_powder":512,"minecraft:black_stained_glass":3604,"minecraft:minecart":67,"minecraft:netherite_pickaxe":13239,"minecraft:pumpkin":16,"minecraft:cobblestone_stairs":928,"minecraft:snow_block":1,"minecraft:baked_potato":1895,"minecraft:green_bed":14,"minecraft:waxed_copper_block":1,"minecraft:dark_prismarine_slab":118,"minecraft:warped_planks":702,"minecraft:piston":175,"minecraft:flower_pot":63,"minecraft:black_wool":75,"minecraft:detector_rail":1,"minecraft:jungle_stairs":60,"minecraft:stone_slab":69,"minecraft:yellow_wool":22,"minecraft:stone_axe":131,"minecraft:end_crystal":332,"minecraft:cobbled_deepslate_slab":170,"minecraft:wither_rose":1,"minecraft:birch_stairs":172,"minecraft:beetroot":1,"minecraft:peony":2,"minecraft:cut_red_sandstone_slab":11,"minecraft:spruce_slab":22,"minecraft:ladder":232,"minecraft:elytra":3,"minecraft:chest":1270,"minecraft:jungle_slab":588,"minecraft:acacia_sapling":124,"minecraft:stripped_spruce_log":5,"minecraft:honey_block":111,"minecraft:netherite_shovel":31915,"minecraft:grass_block":2682,"minecraft:birch_sapling":38,"minecraft:polished_andesite_stairs":36,"minecraft:dark_oak_button":2,"minecraft:stone_brick_stairs":142,"minecraft:sweet_berries":509,"minecraft:furnace":218,"minecraft:egg":55,"minecraft:potato":1038,"minecraft:seagrass":171,"minecraft:diorite":45,"minecraft:stripped_birch_log":102,"minecraft:acacia_trapdoor":16,"minecraft:powered_rail":16,"minecraft:lime_concrete_powder":48,"minecraft:oak_leaves":15336,"minecraft:sand":203,"minecraft:oxidized_cut_copper_slab":87,"minecraft:stone_button":108,"minecraft:lectern":2,"minecraft:spore_blossom":1,"minecraft:red_terracotta":321,"minecraft:diamond_ore":77,"minecraft:lilac":4,"minecraft:ice":93,"minecraft:iron_bars":432,"minecraft:acacia_log":1351,"minecraft:red_concrete":3434,"minecraft:stripped_warped_stem":430,"minecraft:sandstone_wall":65,"minecraft:netherrack":566,"minecraft:dragon_egg":1,"minecraft:anvil":4,"minecraft:warped_wart_block":3,"minecraft:target":13,"minecraft:stone_stairs":33,"minecraft:nether_brick_slab":74,"minecraft:polished_granite_slab":5,"minecraft:glow_lichen":511,"minecraft:jungle_trapdoor":18,"minecraft:shroomlight":350,"minecraft:flowering_azalea":6,"minecraft:iron_axe":410,"minecraft:spruce_button":3,"minecraft:slime_block":303,"minecraft:warped_fence":48,"minecraft:smooth_basalt":3,"minecraft:tripwire_hook":52,"minecraft:glowstone":13,"minecraft:raw_copper_block":1,"minecraft:iron_trapdoor":31,"minecraft:oxidized_copper":12,"minecraft:orange_terracotta":177,"minecraft:cobbled_deepslate":286,"minecraft:observer":390,"minecraft:pointed_dripstone":452,"minecraft:crimson_stem":245,"minecraft:water_bucket":556,"minecraft:sandstone_stairs":34,"minecraft:prismarine_brick_slab":2,"minecraft:lime_wool":105,"minecraft:fletching_table":2,"minecraft:pink_concrete":15,"minecraft:vine":192,"minecraft:lime_terracotta":56,"minecraft:comparator":306,"minecraft:oak_slab":1202,"minecraft:tnt":54,"minecraft:crafting_table":169,"minecraft:birch_sign":20,"minecraft:lime_shulker_box":68,"minecraft:oak_log":1183,"minecraft:dark_prismarine":17,"minecraft:oxeye_daisy":2,"minecraft:ender_eye":1,"minecraft:cornflower":1,"minecraft:sunflower":2,"minecraft:iron_pickaxe":972,"minecraft:crimson_sign":10,"minecraft:cobblestone":7619,"minecraft:red_concrete_powder":2897,"minecraft:sandstone_slab":206,"minecraft:glass_pane":160,"minecraft:kelp":82,"minecraft:iron_shovel":1190,"minecraft:diamond_hoe":17777,"minecraft:oak_sign":166,"minecraft:white_concrete_powder":1178,"minecraft:shield":4566,"minecraft:white_terracotta":112,"minecraft:bell":2,"minecraft:player_head":6,"minecraft:oxidized_cut_copper":16,"minecraft:nether_bricks":445,"minecraft:prismarine_brick_stairs":23,"minecraft:carrot":56,"minecraft:tuff":18,"minecraft:red_sandstone_stairs":29,"minecraft:glass":3638,"minecraft:cyan_terracotta":658,"minecraft:coal_ore":7,"minecraft:quartz_slab":398,"minecraft:hopper_minecart":21,"minecraft:stone_bricks":9416,"minecraft:repeater":667,"minecraft:redstone_lamp":115,"minecraft:magma_block":52,"minecraft:hay_block":75,"minecraft:stripped_spruce_wood":5,"minecraft:birch_leaves":179,"minecraft:ender_pearl":94,"minecraft:redstone_block":16,"minecraft:yellow_terracotta":640,"minecraft:loom":1,"minecraft:black_banner":3,"minecraft:dripstone_block":4,"minecraft:note_block":56,"minecraft:stone_brick_wall":100,"minecraft:shears":11275,"minecraft:exposed_copper":14,"minecraft:redstone_torch":268,"minecraft:black_concrete":1,"minecraft:firework_rocket":7899,"minecraft:heavy_weighted_pressure_plate":5,"minecraft:lime_carpet":1,"minecraft:light_gray_concrete":258,"minecraft:string":599,"minecraft:gravel":54,"minecraft:stripped_oak_wood":7,"minecraft:grindstone":2,"minecraft:andesite":227,"minecraft:white_concrete":1164,"minecraft:warped_button":6,"minecraft:experience_bottle":615,"minecraft:azalea":51,"minecraft:oak_fence":1670,"minecraft:jungle_leaves":13,"minecraft:redstone_ore":448,"minecraft:stone_shovel":130,"minecraft:light_blue_terracotta":288,"minecraft:spruce_planks":3023,"minecraft:wooden_shovel":8,"minecraft:oak_door":10,"minecraft:spyglass":2,"minecraft:white_carpet":5,"minecraft:hopper":1001,"minecraft:spruce_stairs":11,"minecraft:cobblestone_wall":84,"minecraft:warped_door":8,"minecraft:shulker_box":185,"minecraft:oak_wood":54,"minecraft:granite":41,"minecraft:birch_door":62,"minecraft:stone_brick_slab":2432,"minecraft:bookshelf":3,"minecraft:acacia_slab":606,"minecraft:crimson_planks":118,"minecraft:golden_carrot":525,"minecraft:emerald_block":1326,"minecraft:white_stained_glass_pane":13,"minecraft:stone_pressure_plate":7,"minecraft:amethyst_block":4,"minecraft:polished_andesite":819,"minecraft:copper_block":16,"minecraft:white_dye":3,"minecraft:beacon":8,"minecraft:cobblestone_slab":1739,"minecraft:glow_item_frame":2,"minecraft:terracotta":330,"minecraft:light_gray_concrete_powder":431,"minecraft:painting":1,"minecraft:smoker":3,"minecraft:acacia_stairs":50,"minecraft:apple":3,"minecraft:netherite_axe":13216,"minecraft:white_banner":2,"minecraft:jungle_door":10,"minecraft:red_banner":3,"minecraft:bucket":1977,"minecraft:yellow_bed":3,"minecraft:polished_blackstone_button":24,"minecraft:purple_carpet":4,"minecraft:smooth_stone":1777},"minecraft:mined":{"minecraft:cut_red_sandstone_slab":2,"minecraft:white_bed":7,"minecraft:granite":8929,"minecraft:acacia_log":1485,"minecraft:oak_wall_sign":8,"minecraft:magma_block":178,"minecraft:fire":222,"minecraft:barrel":64,"minecraft:cobbled_deepslate":98,"minecraft:deepslate_lapis_ore":43,"minecraft:light_gray_concrete":417,"minecraft:green_carpet":1,"minecraft:player_head":3,"minecraft:tripwire":12,"minecraft:jungle_trapdoor":3,"minecraft:sandstone_slab":39,"minecraft:kelp_plant":12,"minecraft:smoker":3,"minecraft:crimson_nylium":2,"minecraft:deepslate_tile_slab":3,"minecraft:powder_snow":1,"minecraft:torch":277,"minecraft:note_block":18,"minecraft:oxidized_copper":11,"minecraft:white_stained_glass_pane":1,"minecraft:dead_bush":8,"minecraft:nether_brick_slab":10,"minecraft:lime_shulker_box":71,"minecraft:sugar_cane":716,"minecraft:amethyst_block":51,"minecraft:white_terracotta":112,"minecraft:repeater":121,"minecraft:tinted_glass":5,"minecraft:grass":2965,"minecraft:birch_button":3,"minecraft:smooth_basalt":7,"minecraft:stripped_crimson_stem":11,"minecraft:deepslate":15818,"minecraft:dark_prismarine":1,"minecraft:light_blue_wool":14,"minecraft:dark_oak_log":42,"minecraft:sea_lantern":63,"minecraft:end_stone":287,"minecraft:redstone_wire":227,"minecraft:white_concrete_powder":36,"minecraft:redstone_ore":1654,"minecraft:pink_concrete":31,"minecraft:andesite":8874,"minecraft:mossy_stone_brick_stairs":1,"minecraft:cobblestone_slab":102,"minecraft:vine":317,"minecraft:rail":94,"minecraft:green_wool":2,"minecraft:ender_chest":2,"minecraft:oak_slab":227,"minecraft:birch_stairs":12,"minecraft:redstone_block":6,"minecraft:glass_pane":31,"minecraft:red_sandstone_slab":3,"minecraft:soul_sand":148,"minecraft:dandelion":27,"minecraft:cornflower":7,"minecraft:crimson_slab":16,"minecraft:tall_grass":759,"minecraft:copper_ore":547,"minecraft:deepslate_gold_ore":115,"minecraft:diorite":9310,"minecraft:warped_wart_block":8,"minecraft:black_stained_glass":44,"minecraft:red_terracotta":96,"minecraft:coarse_dirt":189,"minecraft:cobblestone_wall":13,"minecraft:stripped_spruce_wood":7,"minecraft:dark_prismarine_slab":1,"minecraft:red_sandstone_wall":5,"minecraft:dark_oak_button":1,"minecraft:sunflower":2,"minecraft:gravel":3512,"minecraft:oak_button":6,"minecraft:stone_bricks":1920,"minecraft:chipped_anvil":2,"minecraft:gold_ore":233,"minecraft:iron_trapdoor":4,"minecraft:fern":2,"minecraft:prismarine_wall":15,"minecraft:oak_sapling":20,"minecraft:orange_wool":10,"minecraft:budding_amethyst":1,"minecraft:white_concrete":1337,"minecraft:composter":1,"minecraft:pointed_dripstone":55,"minecraft:flowering_azalea_leaves":688,"minecraft:iron_bars":8,"minecraft:azalea":300,"minecraft:spruce_slab":11,"minecraft:deepslate_redstone_ore":355,"minecraft:quartz_block":188,"minecraft:exposed_copper":16,"minecraft:orange_terracotta":50,"minecraft:jungle_stairs":8,"minecraft:beacon":9,"minecraft:nether_quartz_ore":458,"minecraft:oak_planks":114,"minecraft:wall_torch":156,"minecraft:cauldron":27,"minecraft:stone_stairs":19,"minecraft:light_blue_terracotta":40,"minecraft:warped_nylium":5,"minecraft:blue_terracotta":37,"minecraft:dark_oak_slab":5,"minecraft:warped_planks":46,"minecraft:smooth_stone_slab":382,"minecraft:oak_log":10444,"minecraft:lime_terracotta":10,"minecraft:dirt":11073,"minecraft:raw_copper_block":1,"minecraft:dispenser":7,"minecraft:ancient_debris":25,"minecraft:daylight_detector":35,"minecraft:quartz_stairs":2,"minecraft:dark_oak_leaves":2,"minecraft:glow_lichen":108,"minecraft:lever":27,"minecraft:ladder":17,"minecraft:stone_button":12,"minecraft:weathered_copper":8,"minecraft:brown_mushroom_block":5,"minecraft:birch_slab":202,"minecraft:spruce_leaves":106,"minecraft:acacia_slab":104,"minecraft:crimson_stem":1017,"minecraft:hay_block":14,"minecraft:heavy_weighted_pressure_plate":2,"minecraft:polished_basalt":1,"minecraft:peony":8,"minecraft:nether_brick_fence":29,"minecraft:bookshelf":3,"minecraft:deepslate_iron_ore":231,"minecraft:shroomlight":25,"minecraft:oxidized_cut_copper_slab":7,"minecraft:stripped_oak_log":78,"minecraft:pink_terracotta":5,"minecraft:acacia_leaves":185,"minecraft:snow_block":1,"minecraft:basalt":208,"minecraft:warped_fence":38,"minecraft:oak_fence":153,"minecraft:honey_block":18,"minecraft:stone_slab":25,"minecraft:deepslate_coal_ore":645,"minecraft:red_concrete":5655,"minecraft:birch_planks":7,"minecraft:ice":269,"minecraft:black_wall_banner":1,"minecraft:white_wall_banner":2,"minecraft:black_wool":51,"minecraft:flower_pot":2,"minecraft:yellow_concrete":554,"minecraft:mossy_stone_bricks":1,"minecraft:polished_granite_slab":5,"minecraft:dark_prismarine_stairs":4,"minecraft:stripped_warped_stem":448,"minecraft:jungle_leaves":13,"minecraft:warped_stairs":219,"minecraft:carved_pumpkin":16,"minecraft:obsidian":3735,"minecraft:red_sand":1401,"minecraft:crimson_trapdoor":6,"minecraft:stone_brick_wall":9,"minecraft:jungle_log":136,"minecraft:deepslate_bricks":459,"minecraft:coal_block":191,"minecraft:deepslate_tile_stairs":2,"minecraft:hopper":90,"minecraft:oxeye_daisy":6,"minecraft:weeping_vines_plant":4,"minecraft:tall_seagrass":50,"minecraft:sticky_piston":61,"minecraft:moss_carpet":1619,"minecraft:cave_vines":2,"minecraft:polished_deepslate_slab":2,"minecraft:oak_sign":12,"minecraft:water_cauldron":1,"minecraft:dirt_path":106,"minecraft:oak_stairs":119,"minecraft:quartz_slab":13,"minecraft:crimson_sign":1,"minecraft:iron_block":9,"minecraft:piston_head":7,"minecraft:player_wall_head":2,"minecraft:polished_andesite_stairs":5,"minecraft:glass":347,"minecraft:potted_oak_sapling":6,"minecraft:crimson_stairs":17,"minecraft:light_gray_stained_glass":2,"minecraft:wheat":1148,"minecraft:lilac":12,"minecraft:waxed_copper_block":2,"minecraft:lime_concrete":55,"minecraft:birch_door":5,"minecraft:stone_brick_stairs":45,"minecraft:copper_block":8,"minecraft:prismarine_brick_stairs":1,"minecraft:oak_fence_gate":1,"minecraft:cut_red_sandstone":12,"minecraft:piston":34,"minecraft:yellow_terracotta":187,"minecraft:stripped_birch_log":137,"minecraft:jack_o_lantern":1,"minecraft:warped_door":2,"minecraft:shulker_box":183,"minecraft:nether_bricks":1222,"minecraft:cobbled_deepslate_slab":16,"minecraft:jungle_planks":3,"minecraft:crimson_roots":5,"minecraft:red_sandstone_stairs":3,"minecraft:lime_wool":10,"minecraft:moss_block":1803,"minecraft:kelp":4,"minecraft:polished_blackstone_button":2,"minecraft:red_sandstone":1,"minecraft:snow":26,"minecraft:diamond_block":15,"minecraft:potatoes":555,"minecraft:warped_stem":17,"minecraft:warped_trapdoor":4,"minecraft:bamboo":23,"minecraft:white_wool":35,"minecraft:light_gray_carpet":4,"minecraft:comparator":11,"minecraft:stone_brick_slab":155,"minecraft:observer":44,"minecraft:light_gray_concrete_powder":21,"minecraft:spruce_button":1,"minecraft:emerald_ore":10,"minecraft:dropper":40,"minecraft:prismarine_brick_slab":2,"minecraft:white_carpet":6,"minecraft:spruce_log":357,"minecraft:birch_leaves":242,"minecraft:jungle_fence":18,"minecraft:dripstone_block":43,"minecraft:acacia_door":2,"minecraft:acacia_planks":6,"minecraft:spruce_fence_gate":2,"minecraft:deepslate_emerald_ore":3,"minecraft:infested_stone":1,"minecraft:spruce_planks":5,"minecraft:jungle_slab":104,"minecraft:cobblestone_stairs":43,"minecraft:grass_block":14822,"minecraft:sandstone_stairs":2,"minecraft:smooth_stone":270,"minecraft:glowstone":168,"minecraft:iron_ore":1970,"minecraft:target":1,"minecraft:anvil":2,"minecraft:azure_bluet":4,"minecraft:purple_carpet":5,"minecraft:birch_wall_sign":6,"minecraft:azalea_leaves":2624,"minecraft:green_bed":12,"minecraft:cyan_terracotta":49,"minecraft:blackstone":68,"minecraft:clay":707,"minecraft:calcite":30,"minecraft:poppy":7,"minecraft:chest":347,"minecraft:mushroom_stem":15,"minecraft:cobblestone":2030,"minecraft:slime_block":59,"minecraft:grindstone":2,"minecraft:deepslate_copper_ore":70,"minecraft:seagrass":101,"minecraft:acacia_sapling":1,"minecraft:nether_wart_block":21,"minecraft:yellow_wool":2,"minecraft:birch_log":698,"minecraft:birch_trapdoor":5,"minecraft:stripped_oak_wood":7,"minecraft:acacia_fence":20,"minecraft:sand":18621,"minecraft:crimson_planks":18,"minecraft:tripwire_hook":2,"minecraft:netherrack":1581,"minecraft:oak_leaves":29636,"minecraft:emerald_block":1482,"minecraft:redstone_lamp":5,"minecraft:nether_gold_ore":4,"minecraft:diamond_ore":238,"minecraft:tuff":1944,"minecraft:deepslate_diamond_ore":41,"minecraft:oak_door":6,"minecraft:weeping_vines":4,"minecraft:sandstone":669,"minecraft:rooted_dirt":14,"minecraft:large_fern":4,"minecraft:deepslate_brick_slab":10,"minecraft:oak_trapdoor":28,"minecraft:spruce_sapling":1,"minecraft:furnace":43,"minecraft:carrots":52,"minecraft:red_concrete_powder":1,"minecraft:acacia_stairs":5,"minecraft:stripped_spruce_log":29,"minecraft:black_concrete":1,"minecraft:bell":2,"minecraft:polished_deepslate":267,"minecraft:lantern":3,"minecraft:stripped_acacia_log":25,"minecraft:stripped_jungle_log":14,"minecraft:packed_ice":1,"minecraft:stone":172623,"minecraft:redstone_wall_torch":7,"minecraft:podzol":2,"minecraft:flowering_azalea":166,"minecraft:crafting_table":128,"minecraft:oak_wood":63,"minecraft:rose_bush":6,"minecraft:lapis_ore":123,"minecraft:spruce_stairs":2,"minecraft:redstone_torch":29,"minecraft:sweet_berry_bush":321,"minecraft:yellow_bed":2,"minecraft:potted_azure_bluet":1,"minecraft:coal_ore":4565,"minecraft:end_rod":75,"minecraft:terracotta":5707,"minecraft:crimson_wall_sign":2,"minecraft:polished_andesite":101,"minecraft:birch_fence":16,"minecraft:warped_slab":54},"minecraft:picked_up":{"minecraft:red_sandstone_stairs":3,"minecraft:lead":43,"minecraft:stone_slab":27,"minecraft:enchanted_book":2,"minecraft:polished_deepslate":239,"minecraft:string":20,"minecraft:shroomlight":22,"minecraft:diamond_leggings":14,"minecraft:warped_slab":57,"minecraft:crimson_sign":5,"minecraft:diamond_ore":77,"minecraft:acacia_log":1466,"minecraft:end_crystal":261,"minecraft:cauldron":11,"minecraft:warped_door":2,"minecraft:pink_terracotta":3,"minecraft:stone_sword":1,"minecraft:polished_basalt":1,"minecraft:carved_pumpkin":28,"minecraft:glowstone":127,"minecraft:end_rod":249,"minecraft:white_terracotta":87,"minecraft:blaze_rod":171,"minecraft:iron_bars":7,"minecraft:snowball":11,"minecraft:feather":7,"minecraft:cooked_beef":12,"minecraft:water_bucket":4,"minecraft:copper_block":8,"minecraft:flint":51,"minecraft:lantern":40,"minecraft:purple_carpet":9,"minecraft:dark_oak_sign":4,"minecraft:diamond_helmet":11,"minecraft:rabbit":1,"minecraft:glow_lichen":142,"minecraft:lime_terracotta":14,"minecraft:stripped_crimson_stem":10,"minecraft:stripped_spruce_log":28,"minecraft:brown_mushroom_block":1,"minecraft:acacia_stairs":5,"minecraft:polished_andesite":72,"minecraft:blue_terracotta":32,"minecraft:deepslate":10901,"minecraft:lever":35,"minecraft:granite":4893,"minecraft:spruce_button":2,"minecraft:golden_horse_armor":1,"minecraft:deepslate_coal_ore":30,"minecraft:cyan_dye":4,"minecraft:rooted_dirt":33,"minecraft:jack_o_lantern":1,"minecraft:light_gray_carpet":7,"minecraft:crimson_roots":3,"minecraft:diamond_pickaxe":34,"minecraft:clay_ball":240,"minecraft:leather_leggings":1,"minecraft:redstone_lamp":6,"minecraft:heavy_weighted_pressure_plate":3,"minecraft:cornflower":6,"minecraft:elytra":24,"minecraft:acacia_door":2,"minecraft:flint_and_steel":4,"minecraft:white_carpet":6,"minecraft:iron_shovel":2,"minecraft:glass_pane":13,"minecraft:stripped_warped_stem":444,"minecraft:jungle_sapling":5,"minecraft:poppy":90,"minecraft:spruce_slab":12,"minecraft:minecart":64,"minecraft:birch_sapling":49,"minecraft:piston":46,"minecraft:diamond_hoe":9,"minecraft:copper_ore":65,"minecraft:lime_shulker_box":71,"minecraft:black_stained_glass":43,"minecraft:stone":79717,"minecraft:white_dye":9,"minecraft:diamond_chestplate":2,"minecraft:stone_shovel":1,"minecraft:hay_block":25,"minecraft:yellow_terracotta":167,"minecraft:mutton":1,"minecraft:rail":89,"minecraft:bone_block":14,"minecraft:oxeye_daisy":7,"minecraft:birch_leaves":165,"minecraft:clock":1,"minecraft:yellow_dye":11,"minecraft:jungle_fence":16,"minecraft:paper":86,"minecraft:apple":115,"minecraft:warped_stem":15,"minecraft:oak_fence_gate":31,"minecraft:spore_blossom":2,"minecraft:stone_pickaxe":2,"minecraft:iron_ore":212,"minecraft:polished_andesite_stairs":4,"minecraft:smooth_basalt":8,"minecraft:light_gray_stained_glass":2,"minecraft:sweet_berries":735,"minecraft:lime_concrete":55,"minecraft:weathered_copper":8,"minecraft:crimson_stairs":17,"minecraft:dragon_egg":1,"minecraft:oak_wood":125,"minecraft:diamond_shovel":9,"minecraft:coal_ore":908,"minecraft:slime_ball":77,"minecraft:deepslate_redstone_ore":70,"minecraft:painting":2,"minecraft:birch_sign":6,"minecraft:baked_potato":1967,"minecraft:hopper":65,"minecraft:ender_chest":7,"minecraft:nether_brick_fence":6,"minecraft:yellow_wool":2,"minecraft:stone_brick_stairs":79,"minecraft:warped_stairs":211,"minecraft:deepslate_lapis_ore":4,"minecraft:experience_bottle":140,"minecraft:smooth_stone":268,"minecraft:red_sand":1393,"minecraft:comparator":34,"minecraft:bucket":881,"minecraft:rose_bush":577,"minecraft:cobblestone_slab":106,"minecraft:ender_eye":35,"minecraft:azalea":300,"minecraft:iron_pickaxe":1,"minecraft:deepslate_iron_ore":9,"minecraft:acacia_fence":13,"minecraft:birch_trapdoor":5,"minecraft:spruce_stairs":2,"minecraft:netherite_shovel":7,"minecraft:diorite":4369,"minecraft:vine":202,"minecraft:andesite_wall":1,"minecraft:rotten_flesh":63,"minecraft:red_sandstone_slab":4,"minecraft:obsidian":3818,"minecraft:blaze_powder":1,"minecraft:cobblestone":61482,"minecraft:lilac":12,"minecraft:repeater":240,"minecraft:andesite":5329,"minecraft:golden_leggings":1,"minecraft:beacon":11,"minecraft:potato":21091,"minecraft:prismarine_bricks":91,"minecraft:dirt":9931,"minecraft:stripped_birch_log":118,"minecraft:name_tag":32,"minecraft:glass":546,"minecraft:bone":10,"minecraft:acacia_planks":6,"minecraft:bow":3,"minecraft:wheat_seeds":4316,"minecraft:grindstone":2,"minecraft:netherite_axe":8,"minecraft:mossy_stone_bricks":1,"minecraft:bamboo":130,"minecraft:red_sandstone_wall":2,"minecraft:warped_fence_gate":13,"minecraft:grass_block":11573,"minecraft:diamond_block":15,"minecraft:jungle_slab":76,"minecraft:spectral_arrow":51,"minecraft:jungle_leaves":25,"minecraft:light_blue_terracotta":35,"minecraft:slime_block":739,"minecraft:grass":10,"minecraft:bone_meal":130,"minecraft:golden_apple":1,"minecraft:emerald":226,"minecraft:netherrack":2730,"minecraft:oak_leaves":26534,"minecraft:azure_bluet":7,"minecraft:ladder":33,"minecraft:brown_mushroom":2,"minecraft:packed_ice":32,"minecraft:stone_brick_wall":8,"minecraft:moss_carpet":1548,"minecraft:oak_trapdoor":24,"minecraft:birch_fence":14,"minecraft:blackstone":125,"minecraft:lime_wool":14,"minecraft:end_stone":282,"minecraft:flowering_azalea_leaves":809,"minecraft:note_block":19,"minecraft:trident":2,"minecraft:stone_pressure_plate":4,"minecraft:weeping_vines":4,"minecraft:nether_bricks":1060,"minecraft:black_banner":1,"minecraft:netherite_boots":7,"minecraft:basalt":132,"minecraft:dark_oak_button":2,"minecraft:golden_carrot":567,"minecraft:leather":4,"minecraft:ice":130,"minecraft:yellow_bed":3,"minecraft:cobblestone_wall":13,"minecraft:gunpowder":11,"minecraft:orange_terracotta":103,"minecraft:cooked_mutton":5,"minecraft:iron_ingot":195,"minecraft:cooked_chicken":2,"minecraft:prismarine_brick_slab":2,"minecraft:nether_quartz_ore":42,"minecraft:emerald_block":1691,"minecraft:stone_brick_slab":122,"minecraft:quartz":735,"minecraft:dandelion":52,"minecraft:lava_bucket":18,"minecraft:nether_brick_slab":16,"minecraft:cut_red_sandstone":12,"minecraft:pumpkin_seeds":64,"minecraft:white_concrete_powder":36,"minecraft:prismarine_wall":14,"minecraft:terracotta":5635,"minecraft:sunflower":370,"minecraft:birch_door":7,"minecraft:seagrass":171,"minecraft:iron_chestplate":1,"minecraft:flower_pot":11,"minecraft:anvil":2,"minecraft:diamond_sword":4,"minecraft:oak_stairs":148,"minecraft:birch_button":6,"minecraft:amethyst_block":56,"minecraft:beetroot":1,"minecraft:gold_nugget":25,"minecraft:cobbled_deepslate":3545,"minecraft:spruce_planks":456,"minecraft:written_book":2,"minecraft:azalea_leaves":2508,"minecraft:coal_block":225,"minecraft:composter":1,"minecraft:green_bed":14,"minecraft:warped_planks":84,"minecraft:light_blue_wool":62,"minecraft:iron_block":61,"minecraft:cyan_terracotta":84,"minecraft:birch_log":696,"minecraft:magma_block":184,"minecraft:oxidized_copper":75,"minecraft:birch_slab":137,"minecraft:jungle_log":129,"minecraft:acacia_leaves":177,"minecraft:powder_snow_bucket":1,"minecraft:smoker":3,"minecraft:stripped_spruce_wood":7,"minecraft:netherite_leggings":6,"minecraft:light_gray_concrete_powder":21,"minecraft:chipped_anvil":2,"minecraft:glowstone_dust":93,"minecraft:moss_block":1403,"minecraft:warped_wart_block":8,"minecraft:dropper":61,"minecraft:ink_sac":23,"minecraft:barrel":60,"minecraft:dark_oak_log":46,"minecraft:red_terracotta":86,"minecraft:stripped_acacia_log":25,"minecraft:dispenser":8,"minecraft:polished_granite_slab":7,"minecraft:writable_book":9,"minecraft:deepslate_gold_ore":9,"minecraft:bread":50,"minecraft:spruce_leaves":53,"minecraft:coarse_dirt":517,"minecraft:crafting_table":120,"minecraft:sandstone_slab":17,"minecraft:crimson_trapdoor":4,"minecraft:jungle_trapdoor":2,"minecraft:snow":15,"minecraft:deepslate_diamond_ore":5,"minecraft:beef":12,"minecraft:quartz_stairs":2,"minecraft:chest":399,"minecraft:raw_copper_block":1,"minecraft:egg":104,"minecraft:sandstone":568,"minecraft:polished_deepslate_slab":1,"minecraft:oak_door":7,"minecraft:glow_item_frame":1,"minecraft:cut_red_sandstone_slab":2,"minecraft:spruce_fence":1,"minecraft:carrot":180,"minecraft:redstone":8174,"minecraft:prismarine_crystals":9,"minecraft:cooked_cod":4,"minecraft:deepslate_bricks":215,"minecraft:beetroot_seeds":3,"minecraft:peony":5,"minecraft:shears":1,"minecraft:diamond_boots":14,"minecraft:sandstone_stairs":2,"minecraft:gold_ingot":4,"minecraft:glow_berries":67,"minecraft:crimson_slab":14,"minecraft:white_wool":53,"minecraft:stripped_oak_log":74,"minecraft:filled_map":1,"minecraft:oak_log":10410,"minecraft:ancient_debris":26,"minecraft:white_banner":3,"minecraft:stone_bricks":1376,"minecraft:kelp":82,"minecraft:flowering_azalea":145,"minecraft:prismarine_brick_stairs":1,"minecraft:dark_oak_slab":11,"minecraft:daylight_detector":35,"minecraft:yellow_concrete":548,"minecraft:spyglass":1,"minecraft:gravel":2257,"minecraft:birch_stairs":9,"minecraft:spruce_sapling":13,"minecraft:spruce_log":1205,"minecraft:sea_lantern":107,"minecraft:firework_rocket":742,"minecraft:redstone_ore":212,"minecraft:diamond_axe":16,"minecraft:oak_button":6,"minecraft:crimson_nylium":1,"minecraft:ender_pearl":72,"minecraft:wheat":1129,"minecraft:exposed_copper":16,"minecraft:redstone_block":12,"minecraft:iron_trapdoor":3,"minecraft:crimson_planks":18,"minecraft:raw_copper":1732,"minecraft:smooth_stone_slab":382,"minecraft:iron_leggings":1,"minecraft:sticky_piston":106,"minecraft:oak_sign":185,"minecraft:redstone_torch":84,"minecraft:calcite":32,"minecraft:furnace":71,"minecraft:iron_boots":1,"minecraft:stick":1004,"minecraft:oak_fence":182,"minecraft:torch":2114,"minecraft:porkchop":26,"minecraft:snow_block":1,"minecraft:target":12,"minecraft:pointed_dripstone":17,"minecraft:quartz_block":149,"minecraft:nether_gold_ore":1,"minecraft:cactus":2,"minecraft:green_wool":3,"minecraft:cod":4,"minecraft:magma_cream":3,"minecraft:tuff":725,"minecraft:warped_trapdoor":4,"minecraft:wither_skeleton_skull":1,"minecraft:lapis_lazuli":849,"minecraft:polished_granite":12,"minecraft:bell":2,"minecraft:raw_gold":402,"minecraft:deepslate_brick_slab":12,"minecraft:cobbled_deepslate_slab":16,"minecraft:oak_planks":335,"minecraft:mossy_stone_brick_stairs":1,"minecraft:ghast_tear":129,"minecraft:pink_concrete":35,"minecraft:cooked_porkchop":20,"minecraft:sand":18179,"minecraft:poisonous_potato":23,"minecraft:jungle_planks":5,"minecraft:oxidized_cut_copper_slab":7,"minecraft:shulker_box":186,"minecraft:orange_wool":10,"minecraft:dark_prismarine":1,"minecraft:light_gray_concrete":400,"minecraft:dark_prismarine_slab":1,"minecraft:spruce_fence_gate":3,"minecraft:black_concrete":1,"minecraft:clay":604,"minecraft:diamond":376,"minecraft:polished_blackstone_button":4,"minecraft:white_concrete":1231,"minecraft:oak_sapling":1548,"minecraft:chicken":4,"minecraft:stone_stairs":16,"minecraft:quartz_slab":12,"minecraft:item_frame":21,"minecraft:warped_fence":36,"minecraft:dark_prismarine_stairs":4,"minecraft:oak_boat":13,"minecraft:player_head":19,"minecraft:observer":87,"minecraft:tinted_glass":3,"minecraft:sugar_cane":1306,"minecraft:phantom_membrane":7,"minecraft:dark_oak_sapling":11,"minecraft:raw_iron":2699,"minecraft:stone_button":39,"minecraft:arrow":68,"minecraft:jungle_stairs":6,"minecraft:glow_ink_sac":8,"minecraft:crimson_stem":984,"minecraft:salmon":1,"minecraft:birch_planks":7,"minecraft:waxed_copper_block":2,"minecraft:nether_wart_block":17,"minecraft:cobblestone_stairs":37,"minecraft:deepslate_tile_slab":3,"minecraft:red_sandstone":1,"minecraft:stripped_oak_wood":7,"minecraft:acacia_sapling":127,"minecraft:soul_sand":136,"minecraft:book":9,"minecraft:oak_slab":236,"minecraft:scaffolding":8,"minecraft:red_concrete_powder":1,"minecraft:dripstone_block":39,"minecraft:white_bed":7,"minecraft:gold_ore":7,"minecraft:green_carpet":1,"minecraft:stripped_jungle_log":14,"minecraft:campfire":2,"minecraft:honey_block":56,"minecraft:iron_helmet":1,"minecraft:black_wool":38,"minecraft:acacia_slab":78,"minecraft:red_concrete":5142,"minecraft:coal":6490},"minecraft:crafted":{"minecraft:black_dye":507,"minecraft:yellow_wool":2,"minecraft:oxidized_cut_copper_slab":96,"minecraft:oak_sign":294,"minecraft:blaze_powder":1488,"minecraft:chain":6,"minecraft:cut_red_sandstone_slab":18,"minecraft:diamond_shovel":4,"minecraft:diamond_helmet":3,"minecraft:stone_pressure_plate":13,"minecraft:lime_concrete_powder":48,"minecraft:warped_stairs":1192,"minecraft:redstone_lamp":112,"minecraft:acacia_slab":630,"minecraft:polished_andesite_stairs":128,"minecraft:green_bed":4,"minecraft:smithing_table":1,"minecraft:sticky_piston":354,"minecraft:fletching_table":2,"minecraft:polished_deepslate_slab":84,"minecraft:stone_brick_stairs":140,"minecraft:lectern":2,"minecraft:stone_slab":72,"minecraft:iron_pickaxe":4,"minecraft:acacia_door":6,"minecraft:netherite_ingot":6,"minecraft:composter":2,"minecraft:iron_nugget":288,"minecraft:crimson_trapdoor":48,"minecraft:experience_bottle":362,"minecraft:red_banner":5,"minecraft:light_gray_wool":20,"minecraft:jack_o_lantern":16,"minecraft:prismarine_brick_stairs":28,"minecraft:moss_carpet":990,"minecraft:stone_stairs":40,"minecraft:lantern":33,"minecraft:spruce_stairs":12,"minecraft:stone_pickaxe":3,"minecraft:quartz_slab":528,"minecraft:lead":10,"minecraft:crimson_slab":510,"minecraft:acacia_trapdoor":18,"minecraft:dark_oak_button":1,"minecraft:acacia_stairs":56,"minecraft:enchanted_book":5,"minecraft:orange_dye":142,"minecraft:crimson_stairs":136,"minecraft:oak_fence_gate":32,"minecraft:birch_trapdoor":72,"minecraft:writable_book":5,"minecraft:iron_shovel":5,"minecraft:armor_stand":1,"minecraft:prismarine_wall":24,"minecraft:note_block":40,"minecraft:pink_terracotta":8,"minecraft:cobblestone_slab":1788,"minecraft:barrel":59,"minecraft:crimson_sign":6,"minecraft:stone":144,"minecraft:red_sandstone":348,"minecraft:heavy_weighted_pressure_plate":2,"minecraft:warped_planks":3448,"minecraft:polished_blackstone_button":24,"minecraft:stone_brick_slab":2658,"minecraft:bow":25,"minecraft:comparator":291,"minecraft:polished_basalt":4,"minecraft:chest":2061,"minecraft:oak_button":23,"minecraft:yellow_terracotta":840,"minecraft:copper_block":8,"minecraft:jungle_stairs":72,"minecraft:rail":80,"minecraft:birch_button":42,"minecraft:oak_fence":1614,"minecraft:ender_eye":963,"minecraft:stone_bricks":10636,"minecraft:white_banner":3,"minecraft:dropper":106,"minecraft:arrow":16,"minecraft:cauldron":576,"minecraft:lime_terracotta":64,"minecraft:iron_helmet":1,"minecraft:red_wool":30,"minecraft:white_stained_glass_pane":16,"minecraft:warped_door":9,"minecraft:oxidized_cut_copper":64,"minecraft:dispenser":26,"minecraft:prismarine_brick_slab":18,"minecraft:tnt":39,"minecraft:spruce_trapdoor":4,"minecraft:yellow_dye":307,"minecraft:stick":6024,"minecraft:iron_ingot":13430,"minecraft:lime_carpet":6,"minecraft:deepslate_bricks":584,"minecraft:blue_terracotta":304,"minecraft:oak_door":6,"minecraft:nether_brick_slab":132,"minecraft:stone_brick_wall":96,"minecraft:tripwire_hook":56,"minecraft:spruce_button":1,"minecraft:furnace":324,"minecraft:piston":536,"minecraft:raw_copper_block":1,"minecraft:oak_trapdoor":144,"minecraft:flint_and_steel":10,"minecraft:white_concrete_powder":1312,"minecraft:orange_terracotta":256,"minecraft:cobblestone_wall":102,"minecraft:red_sandstone_stairs":32,"minecraft:birch_sign":18,"minecraft:iron_trapdoor":28,"minecraft:black_banner":3,"minecraft:jungle_planks":1012,"minecraft:jungle_door":12,"minecraft:white_dye":411,"minecraft:netherite_shovel":1,"minecraft:anvil":2,"minecraft:cut_red_sandstone":128,"minecraft:torch":5149,"minecraft:diamond_chestplate":2,"minecraft:ender_chest":67,"minecraft:jungle_button":4,"minecraft:light_gray_concrete_powder":448,"minecraft:oak_pressure_plate":1,"minecraft:birch_slab":978,"minecraft:slime_block":13,"minecraft:loom":1,"minecraft:lever":35,"minecraft:bookshelf":3,"minecraft:dark_prismarine_stairs":88,"minecraft:red_sandstone_wall":54,"minecraft:iron_bars":480,"minecraft:red_concrete_powder":2896,"minecraft:quartz_block":46,"minecraft:glass":180,"minecraft:light_blue_terracotta":256,"minecraft:repeater":526,"minecraft:diamond_leggings":3,"minecraft:netherite_boots":1,"minecraft:polished_blackstone":24,"minecraft:birch_door":72,"minecraft:acacia_fence":120,"minecraft:magenta_dye":10,"minecraft:flower_pot":54,"minecraft:target":23,"minecraft:wooden_shovel":1,"minecraft:emerald":3723,"minecraft:cooked_porkchop":12,"minecraft:diamond_axe":3,"minecraft:copper_ingot":211,"minecraft:hay_block":103,"minecraft:oak_wood":96,"minecraft:campfire":2,"minecraft:iron_block":114,"minecraft:white_terracotta":104,"minecraft:gold_ingot":49,"minecraft:light_gray_dye":78,"minecraft:spruce_fence_gate":7,"minecraft:birch_stairs":172,"minecraft:packed_ice":1,"minecraft:yellow_concrete_powder":512,"minecraft:stone_shovel":1,"minecraft:smooth_stone_slab":2204,"minecraft:red_terracotta":344,"minecraft:bone_meal":5174,"minecraft:pink_dye":4,"minecraft:white_carpet":3,"minecraft:warped_trapdoor":70,"minecraft:diamond":135,"minecraft:netherite_axe":1,"minecraft:detector_rail":6,"minecraft:ladder":144,"minecraft:spruce_slab":24,"minecraft:diamond_boots":4,"minecraft:redstone_block":500,"minecraft:jungle_fence":198,"minecraft:dark_oak_planks":140,"minecraft:golden_helmet":2,"minecraft:wheat":54,"minecraft:coal_block":361,"minecraft:firework_star":170,"minecraft:daylight_detector":18,"minecraft:cyan_glazed_terracotta":16,"minecraft:netherite_pickaxe":1,"minecraft:red_sandstone_slab":264,"minecraft:deepslate_brick_slab":6,"minecraft:sandstone_slab":216,"minecraft:glowstone":46,"minecraft:white_stained_glass":8,"minecraft:jungle_slab":810,"minecraft:sandstone_wall":102,"minecraft:oak_stairs":508,"minecraft:wooden_axe":1,"minecraft:crimson_fence":21,"minecraft:iron_leggings":1,"minecraft:white_bed":4,"minecraft:brick":112,"minecraft:oak_planks":29170,"minecraft:cobblestone_stairs":1032,"minecraft:green_dye":8,"minecraft:white_concrete":192,"minecraft:hopper":942,"minecraft:iron_boots":1,"minecraft:raw_copper":9,"minecraft:cyan_terracotta":720,"minecraft:stone_hoe":7,"minecraft:smoker":2,"minecraft:quartz_stairs":36,"minecraft:item_frame":38,"minecraft:oak_slab":1284,"minecraft:crafting_table":68,"minecraft:spruce_planks":3904,"minecraft:wooden_pickaxe":2,"minecraft:baked_potato":598,"minecraft:gold_block":29,"minecraft:hopper_minecart":21,"minecraft:birch_planks":2204,"minecraft:iron_chestplate":1,"minecraft:dark_oak_slab":24,"minecraft:book":6,"minecraft:paper":1584,"minecraft:diamond_pickaxe":16,"minecraft:emerald_block":259,"minecraft:shield":2,"minecraft:birch_fence":246,"minecraft:warped_slab":942,"minecraft:light_blue_dye":202,"minecraft:redstone_torch":2155,"minecraft:light_gray_carpet":30,"minecraft:shears":58,"minecraft:green_carpet":21,"minecraft:sandstone_stairs":32,"minecraft:polished_andesite":1072,"minecraft:coarse_dirt":1380,"minecraft:cobbled_deepslate_slab":186,"minecraft:redstone":4617,"minecraft:coal":4370,"minecraft:stone_button":148,"minecraft:jungle_trapdoor":16,"minecraft:diamond_block":25,"minecraft:glass_pane":288,"minecraft:warped_fence":48,"minecraft:netherite_leggings":1,"minecraft:polished_deepslate":1648,"minecraft:iron_axe":3,"minecraft:slime_ball":549,"minecraft:lime_dye":14,"minecraft:warped_button":8,"minecraft:netherite_scrap":24,"minecraft:minecart":36,"minecraft:observer":302,"minecraft:red_dye":686,"minecraft:crimson_planks":1872,"minecraft:diamond_sword":1,"minecraft:cyan_dye":70,"minecraft:pink_concrete_powder":16,"minecraft:powered_rail":18,"minecraft:yellow_carpet":3,"minecraft:bucket":1101,"minecraft:stone_axe":1,"minecraft:air":0,"minecraft:bread":64,"minecraft:black_stained_glass":3584,"minecraft:blue_dye":174,"minecraft:oak_boat":6,"minecraft:white_wool":6,"minecraft:dark_prismarine_slab":162,"minecraft:acacia_planks":976,"minecraft:end_crystal":658,"minecraft:lapis_lazuli":729,"minecraft:lapis_block":81,"minecraft:firework_rocket":4452},"minecraft:dropped":{"minecraft:porkchop":9,"minecraft:lapis_lazuli":2,"minecraft:diamond":20,"minecraft:crafting_table":1,"minecraft:cooked_porkchop":29,"minecraft:dark_oak_slab":8,"minecraft:weeping_vines":4,"minecraft:emerald":210,"minecraft:netherite_boots":2,"minecraft:writable_book":8,"minecraft:sand":59,"minecraft:purple_wool":1,"minecraft:white_wool":2,"minecraft:lever":1,"minecraft:iron_nugget":7,"minecraft:cooked_chicken":1,"minecraft:cobbled_deepslate":565,"minecraft:tinted_glass":1,"minecraft:wheat":2,"minecraft:obsidian":149,"minecraft:rotten_flesh":39,"minecraft:oak_planks":25,"minecraft:nether_brick_fence":4,"minecraft:azure_bluet":2,"minecraft:warped_planks":54,"minecraft:sea_lantern":5,"minecraft:azalea_leaves":46,"minecraft:coal_ore":40,"minecraft:leather_leggings":1,"minecraft:glass":2,"minecraft:stone_brick_stairs":36,"minecraft:wheat_seeds":1319,"minecraft:deepslate_redstone_ore":21,"minecraft:dripstone_block":16,"minecraft:prismarine_crystals":5,"minecraft:yellow_carpet":3,"minecraft:lava_bucket":1,"minecraft:ink_sac":2,"minecraft:oak_stairs":56,"minecraft:white_banner":3,"minecraft:smooth_stone":10,"minecraft:acacia_planks":1,"minecraft:stone_brick_slab":4,"minecraft:player_head":2,"minecraft:green_bed":2,"minecraft:stone_shovel":2,"minecraft:white_carpet":1,"minecraft:name_tag":32,"minecraft:light_gray_concrete":1,"minecraft:deepslate_lapis_ore":4,"minecraft:shears":7,"minecraft:diamond_sword":4,"minecraft:flower_pot":1,"minecraft:peony":2,"minecraft:spruce_planks":129,"minecraft:diamond_pickaxe":25,"minecraft:redstone_torch":1,"minecraft:stone_bricks":79,"minecraft:barrel":2,"minecraft:sandstone":4,"minecraft:bow":1,"minecraft:red_sand":1,"minecraft:soul_sand":7,"minecraft:moss_block":44,"minecraft:oak_log":196,"minecraft:ender_pearl":48,"minecraft:jungle_fence":3,"minecraft:lime_terracotta":1,"minecraft:birch_slab":5,"minecraft:cod":1,"minecraft:dark_oak_log":8,"minecraft:ice":22,"minecraft:snowball":2,"minecraft:gold_ingot":3,"minecraft:spyglass":1,"minecraft:cooked_mutton":5,"minecraft:dropper":9,"minecraft:acacia_slab":10,"minecraft:birch_button":8,"minecraft:iron_ore":48,"minecraft:white_concrete_powder":8,"minecraft:scaffolding":6,"minecraft:light_gray_concrete_powder":2,"minecraft:polished_granite":1,"minecraft:stone_hoe":1,"minecraft:lilac":3,"minecraft:netherite_axe":3,"minecraft:spruce_stairs":3,"minecraft:iron_block":17,"minecraft:repeater":1,"minecraft:nether_wart_block":15,"minecraft:white_concrete":1,"minecraft:cactus":2,"minecraft:polished_deepslate":56,"minecraft:stripped_oak_log":1,"minecraft:netherite_leggings":1,"minecraft:copper_ore":6,"minecraft:andesite":805,"minecraft:golden_leggings":1,"minecraft:oak_sapling":28,"minecraft:spruce_log":192,"minecraft:light_blue_terracotta":2,"minecraft:brick":25,"minecraft:piston":3,"minecraft:elytra":11,"minecraft:rail":1,"minecraft:dirt":1002,"minecraft:grass":10,"minecraft:stone_button":23,"minecraft:yellow_dye":11,"minecraft:deepslate_coal_ore":17,"minecraft:phantom_membrane":1,"minecraft:iron_pickaxe":2,"minecraft:end_crystal":66,"minecraft:bone":3,"minecraft:green_wool":2,"minecraft:pink_concrete":9,"minecraft:sugar_cane":59,"minecraft:birch_sapling":4,"minecraft:deepslate_brick_slab":2,"minecraft:netherite_shovel":2,"minecraft:end_stone":2,"minecraft:light_gray_carpet":10,"minecraft:salmon":1,"minecraft:hopper":1,"minecraft:ladder":3,"minecraft:spruce_slab":5,"minecraft:flowering_azalea_leaves":1,"minecraft:egg":206,"minecraft:iron_ingot":79,"minecraft:birch_leaves":104,"minecraft:golden_horse_armor":1,"minecraft:cobblestone":2432,"minecraft:feather":2,"minecraft:oak_fence":82,"minecraft:iron_helmet":1,"minecraft:yellow_terracotta":1,"minecraft:apple":50,"minecraft:granite":1246,"minecraft:polished_blackstone_button":1,"minecraft:coal":122,"minecraft:polished_andesite":7,"minecraft:warped_slab":2,"minecraft:golden_carrot":214,"minecraft:rose_bush":1,"minecraft:diamond_helmet":8,"minecraft:iron_shovel":3,"minecraft:paper":73,"minecraft:string":5,"minecraft:spruce_sapling":1,"minecraft:furnace":1,"minecraft:moss_carpet":77,"minecraft:redstone_ore":27,"minecraft:stone_sword":1,"minecraft:cobblestone_wall":1,"minecraft:dark_oak_sign":2,"minecraft:smooth_stone_slab":13,"minecraft:deepslate":48,"minecraft:diamond_hoe":5,"minecraft:chicken":1,"minecraft:slime_block":259,"minecraft:stone_slab":7,"minecraft:orange_wool":10,"minecraft:potato":39883,"minecraft:hay_block":13,"minecraft:shroomlight":2,"minecraft:stone":873,"minecraft:yellow_bed":1,"minecraft:wooden_shovel":1,"minecraft:carved_pumpkin":9,"minecraft:black_wool":2,"minecraft:gold_ore":5,"minecraft:brown_mushroom":2,"minecraft:birch_planks":9,"minecraft:diamond_axe":9,"minecraft:baked_potato":2351,"minecraft:flint":21,"minecraft:spruce_leaves":5,"minecraft:cyan_terracotta":55,"minecraft:deepslate_gold_ore":7,"minecraft:dispenser":2,"minecraft:crimson_roots":3,"minecraft:cooked_cod":4,"minecraft:birch_log":13,"minecraft:black_stained_glass":3,"minecraft:gravel":377,"minecraft:diamond_shovel":5,"minecraft:sandstone_wall":9,"minecraft:poppy":59,"minecraft:oak_fence_gate":40,"minecraft:gunpowder":87,"minecraft:birch_trapdoor":2,"minecraft:azalea":33,"minecraft:chest":2,"minecraft:basalt":1,"minecraft:arrow":75,"minecraft:oak_leaves":1776,"minecraft:netherrack":782,"minecraft:firework_rocket":365,"minecraft:oak_slab":78,"minecraft:deepslate_iron_ore":2,"minecraft:diamond_leggings":10,"minecraft:poisonous_potato":9,"minecraft:lead":4,"minecraft:observer":6,"minecraft:grass_block":351,"minecraft:stick":457,"minecraft:diorite":943,"minecraft:torch":51,"minecraft:flowering_azalea":9,"minecraft:iron_axe":1,"minecraft:bucket":109,"minecraft:dandelion":35,"minecraft:redstone":55,"minecraft:red_concrete":1,"minecraft:ender_chest":1,"minecraft:coarse_dirt":186,"minecraft:tuff":229,"minecraft:raw_iron":51,"minecraft:wither_skeleton_skull":1,"minecraft:ender_eye":34,"minecraft:acacia_leaves":19,"minecraft:red_terracotta":36,"minecraft:cut_red_sandstone":2,"minecraft:diamond_chestplate":1,"minecraft:orange_terracotta":15,"minecraft:oak_boat":1,"minecraft:diamond_boots":8,"minecraft:slime_ball":13,"minecraft:stone_pickaxe":4,"minecraft:raw_gold":1,"minecraft:calcite":28},"minecraft:killed":{"minecraft:player":1}},"DataVersion":2730}