{"stats":{"minecraft:crafted":{"minecraft:green_banner":21,"minecraft:black_dye":1036,"minecraft:oxidized_cut_copper_slab":512,"minecraft:oak_sign":234,"minecraft:polished_deepslate_wall":1096,"minecraft:melon":2553,"minecraft:birch_boat":2,"minecraft:blaze_powder":64,"minecraft:chain":1287,"minecraft:brick_wall":132,"minecraft:diamond_shovel":9,"minecraft:gray_wool":4,"minecraft:shulker_box":351,"minecraft:diamond_helmet":4,"minecraft:beacon":1,"minecraft:stone_pressure_plate":13,"minecraft:iron_door":3,"minecraft:cyan_banner":80,"minecraft:gray_stained_glass_pane":184,"minecraft:gray_stained_glass":256,"minecraft:name_tag":134,"minecraft:lime_concrete_powder":104,"minecraft:pink_stained_glass":24,"minecraft:warped_stairs":468,"minecraft:soul_campfire":10,"minecraft:polished_andesite_stairs":76,"minecraft:acacia_slab":678,"minecraft:chest_minecart":1,"minecraft:jungle_pressure_plate":15,"minecraft:raw_gold_block":135,"minecraft:lime_banner":6,"minecraft:smithing_table":269,"minecraft:brown_bed":3,"minecraft:nether_brick_fence":24,"minecraft:sticky_piston":31,"minecraft:red_nether_bricks":98,"minecraft:fletching_table":1,"minecraft:green_stained_glass":120,"minecraft:polished_deepslate_slab":766,"minecraft:painting":76,"minecraft:cartography_table":83,"minecraft:stone_brick_stairs":12,"minecraft:lectern":63,"minecraft:stone_slab":4380,"minecraft:iron_pickaxe":30,"minecraft:black_candle":10,"minecraft:acacia_door":15,"minecraft:composter":54,"minecraft:polished_blackstone_bricks":764,"minecraft:cyan_wool":16,"minecraft:jungle_sign":30,"minecraft:golden_carrot":4937,"minecraft:jukebox":1,"minecraft:orange_shulker_box":4,"minecraft:iron_nugget":6975,"minecraft:spyglass":1,"minecraft:crimson_trapdoor":52,"minecraft:diamond_hoe":9,"minecraft:experience_bottle":312,"minecraft:brick_stairs":36,"minecraft:soul_torch":252,"minecraft:acacia_fence_gate":52,"minecraft:red_banner":20,"minecraft:polished_blackstone_pressure_plate":81,"minecraft:spruce_fence":3603,"minecraft:moss_carpet":3072,"minecraft:stone_stairs":60,"minecraft:terracotta":28,"minecraft:lantern":957,"minecraft:spruce_stairs":1476,"minecraft:polished_diorite":1664,"minecraft:black_concrete_powder":2776,"minecraft:stone_pickaxe":42,"minecraft:quartz_slab":30,"minecraft:spruce_boat":5,"minecraft:brick_slab":132,"minecraft:lead":78,"minecraft:light_gray_terracotta":184,"minecraft:cut_copper_slab":162,"minecraft:enchanting_table":6,"minecraft:crimson_slab":54,"minecraft:acacia_trapdoor":708,"minecraft:yellow_stained_glass_pane":64,"minecraft:polished_blackstone_stairs":512,"minecraft:dark_oak_button":10,"minecraft:acacia_stairs":48,"minecraft:deepslate_tiles":2,"minecraft:enchanted_book":317,"minecraft:orange_dye":140,"minecraft:magenta_glazed_terracotta":12,"minecraft:crimson_stairs":44,"minecraft:oak_fence_gate":52,"minecraft:green_candle":10,"minecraft:soul_lantern":38,"minecraft:warped_sign":237,"minecraft:chainmail_boots":12,"minecraft:fermented_spider_eye":49,"minecraft:birch_trapdoor":26,"minecraft:black_stained_glass_pane":112,"minecraft:writable_book":7,"minecraft:iron_shovel":112,"minecraft:armor_stand":35,"minecraft:note_block":47,"minecraft:pink_terracotta":12,"minecraft:grindstone":690,"minecraft:cobblestone_slab":138,"minecraft:barrel":465,"minecraft:birch_wood":174,"minecraft:acacia_pressure_plate":48,"minecraft:lightning_rod":655,"minecraft:stone":733,"minecraft:red_sandstone":864,"minecraft:heavy_weighted_pressure_plate":1,"minecraft:quartz_pillar":12,"minecraft:warped_planks":3248,"minecraft:cake":33,"minecraft:brown_carpet":318,"minecraft:polished_blackstone_button":381,"minecraft:stone_brick_slab":336,"minecraft:nether_brick_wall":30,"minecraft:orange_stained_glass_pane":16,"minecraft:bow":61,"minecraft:spore_blossom":5,"minecraft:comparator":225,"minecraft:chest":1556,"minecraft:polished_basalt":2204,"minecraft:copper_block":1550,"minecraft:cod_bucket":42,"minecraft:jungle_stairs":48,"minecraft:rail":1584,"minecraft:bricks":7865,"minecraft:ender_eye":18,"minecraft:stone_bricks":536,"minecraft:oak_fence":102,"minecraft:dropper":250,"minecraft:arrow":4,"minecraft:cauldron":65,"minecraft:chiseled_nether_bricks":2,"minecraft:lime_terracotta":52,"minecraft:iron_helmet":6,"minecraft:brown_dye":36,"minecraft:chainmail_chestplate":12,"minecraft:chiseled_polished_blackstone":7,"minecraft:acacia_button":1,"minecraft:white_stained_glass_pane":64,"minecraft:warped_door":12,"minecraft:yellow_stained_glass":48,"minecraft:oxidized_cut_copper":452,"minecraft:dispenser":60,"minecraft:apple":348,"minecraft:tnt":24,"minecraft:spruce_trapdoor":2884,"minecraft:purple_dye":36,"minecraft:yellow_dye":431,"minecraft:warped_fence_gate":48,"minecraft:gray_terracotta":1224,"minecraft:stick":17132,"minecraft:iron_ingot":15762,"minecraft:andesite_stairs":36,"minecraft:red_nether_brick_wall":30,"minecraft:magenta_candle":6,"minecraft:dark_oak_fence_gate":91,"minecraft:deepslate_bricks":624,"minecraft:blue_terracotta":40,"minecraft:deepslate_tile_slab":280,"minecraft:small_dripleaf":7,"minecraft:nether_brick_slab":12,"minecraft:fishing_rod":6,"minecraft:stone_brick_wall":36,"minecraft:tripwire_hook":34,"minecraft:beehive":154,"minecraft:leather_boots":6,"minecraft:spruce_button":1,"minecraft:furnace":94,"minecraft:blast_furnace":57,"minecraft:piston":952,"minecraft:polished_andesite_slab":60,"minecraft:raw_copper_block":432,"minecraft:oak_trapdoor":518,"minecraft:flint_and_steel":12,"minecraft:granite_wall":138,"minecraft:white_concrete_powder":512,"minecraft:cobblestone_wall":54,"minecraft:brown_shulker_box":7,"minecraft:honey_block":6920,"minecraft:blackstone_stairs":47,"minecraft:birch_sign":18,"minecraft:glistering_melon_slice":2,"minecraft:smooth_sandstone_stairs":4,"minecraft:iron_trapdoor":13,"minecraft:polished_blackstone_wall":641,"minecraft:diorite_wall":42,"minecraft:iron_sword":27,"minecraft:acacia_boat":27,"minecraft:jungle_planks":564,"minecraft:white_dye":1272,"minecraft:black_carpet":93,"minecraft:anvil":71,"minecraft:stonecutter":52,"minecraft:crimson_door":3,"minecraft:lime_candle":8,"minecraft:torch":11004,"minecraft:orange_bed":2,"minecraft:diamond_chestplate":2,"minecraft:ender_chest":3,"minecraft:light_gray_concrete_powder":2360,"minecraft:smooth_stone":285,"minecraft:jungle_fence_gate":6,"minecraft:dark_oak_pressure_plate":7,"minecraft:orange_stained_glass":16,"minecraft:dark_oak_wood":2247,"minecraft:oxidized_cut_copper_stairs":322,"minecraft:birch_slab":666,"minecraft:slime_block":55,"minecraft:loom":65,"minecraft:polished_blackstone_slab":552,"minecraft:lever":88,"minecraft:bookshelf":979,"minecraft:red_sandstone_wall":432,"minecraft:cooked_mutton":237,"minecraft:iron_bars":432,"minecraft:deepslate_brick_stairs":121,"minecraft:quartz_block":4849,"minecraft:glass":38950,"minecraft:light_blue_terracotta":64,"minecraft:repeater":302,"minecraft:diamond_leggings":6,"minecraft:cyan_stained_glass_pane":16,"minecraft:melon_seeds":19,"minecraft:birch_fence_gate":33,"minecraft:polished_blackstone":5352,"minecraft:stripped_dark_oak_wood":516,"minecraft:acacia_fence":501,"minecraft:magenta_dye":15,"minecraft:flower_pot":269,"minecraft:purple_candle":5,"minecraft:glass_bottle":17997,"minecraft:furnace_minecart":3,"minecraft:deepslate":1,"minecraft:target":22,"minecraft:emerald":61041,"minecraft:cooked_porkchop":271,"minecraft:diamond_axe":21,"minecraft:spruce_door":18,"minecraft:clock":76,"minecraft:cobbled_deepslate_wall":273,"minecraft:copper_ingot":8244,"minecraft:purple_banner":4,"minecraft:oak_wood":108,"minecraft:hay_block":361,"minecraft:campfire":300,"minecraft:brown_banner":27,"minecraft:lime_bed":12,"minecraft:green_terracotta":252,"minecraft:chiseled_deepslate":15,"minecraft:compass":9,"minecraft:iron_block":1076,"minecraft:white_terracotta":256,"minecraft:gold_ingot":3500,"minecraft:light_gray_dye":574,"minecraft:spruce_fence_gate":325,"minecraft:birch_stairs":40,"minecraft:stone_shovel":13,"minecraft:smooth_stone_slab":450,"minecraft:exposed_cut_copper":1,"minecraft:leather_leggings":8,"minecraft:polished_deepslate_stairs":942,"minecraft:player_head":508,"minecraft:crimson_fence_gate":24,"minecraft:cut_copper_stairs":138,"minecraft:yellow_bed":1,"minecraft:red_terracotta":416,"minecraft:bone_meal":23754,"minecraft:cyan_stained_glass":24,"minecraft:andesite_wall":132,"minecraft:pink_dye":29,"minecraft:candle":79,"minecraft:white_carpet":63,"minecraft:orange_wool":27,"minecraft:warped_trapdoor":168,"minecraft:diamond":828,"minecraft:dark_oak_fence":417,"minecraft:deepslate_brick_wall":86,"minecraft:ladder":576,"minecraft:blue_banner":1,"minecraft:spruce_slab":1998,"minecraft:ender_pearl":20,"minecraft:diamond_boots":7,"minecraft:cobbled_deepslate_stairs":260,"minecraft:deepslate_tile_wall":45,"minecraft:redstone_block":1684,"minecraft:jungle_fence":18,"minecraft:dark_oak_planks":8980,"minecraft:wheat":882,"minecraft:coal_block":1438,"minecraft:dripstone_block":7728,"minecraft:firework_star":95,"minecraft:polished_blackstone_brick_slab":60,"minecraft:deepslate_brick_slab":132,"minecraft:polished_granite":696,"minecraft:gray_concrete_powder":1472,"minecraft:sandstone_slab":366,"minecraft:glowstone":133,"minecraft:white_stained_glass":104,"minecraft:green_stained_glass_pane":112,"minecraft:jungle_slab":84,"minecraft:golden_apple":213,"minecraft:acacia_sign":114,"minecraft:andesite_slab":300,"minecraft:oak_stairs":24,"minecraft:crimson_fence":87,"minecraft:warped_pressure_plate":13,"minecraft:deepslate_tile_stairs":43,"minecraft:iron_leggings":20,"minecraft:white_bed":26,"minecraft:lime_wool":6,"minecraft:nether_brick_stairs":44,"minecraft:brick":32738,"minecraft:oak_planks":6132,"minecraft:dark_oak_boat":3,"minecraft:purple_glazed_terracotta":24,"minecraft:cobblestone_stairs":20,"minecraft:warped_hyphae":1035,"minecraft:spruce_pressure_plate":1,"minecraft:suspicious_stew":12,"minecraft:green_dye":16,"minecraft:dark_oak_door":3,"minecraft:hopper":544,"minecraft:iron_boots":8,"minecraft:raw_copper":3875,"minecraft:blackstone_wall":138,"minecraft:weathered_cut_copper":2,"minecraft:cyan_terracotta":4586,"minecraft:chiseled_stone_bricks":1309,"minecraft:stone_hoe":1,"minecraft:honeycomb_block":6143,"minecraft:raw_iron_block":353,"minecraft:smoker":6,"minecraft:quartz_stairs":16,"minecraft:item_frame":691,"minecraft:oak_slab":216,"minecraft:acacia_wood":1569,"minecraft:map":32,"minecraft:crafting_table":84,"minecraft:spruce_planks":32462,"minecraft:wooden_pickaxe":1,"minecraft:baked_potato":435,"minecraft:hopper_minecart":1,"minecraft:light_gray_banner":10,"minecraft:gold_block":281,"minecraft:brewing_stand":13,"minecraft:birch_planks":12488,"minecraft:pumpkin_seeds":28,"minecraft:dark_oak_slab":954,"minecraft:book":539,"minecraft:iron_chestplate":8,"minecraft:paper":9165,"minecraft:emerald_block":2118,"minecraft:diamond_pickaxe":5,"minecraft:shield":10,"minecraft:warped_slab":462,"minecraft:light_blue_dye":12,"minecraft:leather_chestplate":9,"minecraft:stone_sword":1,"minecraft:snow_block":6199,"minecraft:redstone_torch":1707,"minecraft:gray_carpet":541,"minecraft:light_gray_carpet":894,"minecraft:light_gray_stained_glass_pane":1024,"minecraft:shears":324,"minecraft:green_carpet":304,"minecraft:crimson_hyphae":144,"minecraft:polished_andesite":4068,"minecraft:coarse_dirt":6084,"minecraft:cobbled_deepslate_slab":186,"minecraft:cookie":718,"minecraft:redstone":5745,"minecraft:raw_iron":3172,"minecraft:coal":7866,"minecraft:light_gray_stained_glass":744,"minecraft:stone_button":92,"minecraft:dark_oak_trapdoor":934,"minecraft:jungle_trapdoor":20,"minecraft:gray_dye":490,"minecraft:dark_oak_sign":102,"minecraft:diamond_block":93,"minecraft:glass_pane":53328,"minecraft:warped_fence":291,"minecraft:polished_deepslate":6932,"minecraft:iron_axe":152,"minecraft:spruce_wood":60,"minecraft:slime_ball":63,"minecraft:lime_dye":52,"minecraft:warped_button":8,"minecraft:gray_banner":10,"minecraft:orange_banner":21,"minecraft:minecart":76,"minecraft:observer":219,"minecraft:cooked_beef":858,"minecraft:sugar":281,"minecraft:red_dye":286,"minecraft:cyan_concrete_powder":64,"minecraft:bone_block":1346,"minecraft:crimson_planks":1404,"minecraft:diamond_sword":2,"minecraft:cyan_dye":876,"minecraft:dark_oak_stairs":720,"minecraft:spruce_sign":1360,"minecraft:gray_candle":5,"minecraft:powered_rail":858,"minecraft:bell":39,"minecraft:nether_bricks":317,"minecraft:bucket":45,"minecraft:stone_axe":3,"minecraft:brown_terracotta":244,"minecraft:air":0,"minecraft:bread":1623,"minecraft:blue_dye":467,"minecraft:black_stained_glass":96,"minecraft:cut_copper":127,"minecraft:oak_boat":5,"minecraft:gold_nugget":981,"minecraft:raw_gold":1215,"minecraft:pink_stained_glass_pane":32,"minecraft:pumpkin_pie":256,"minecraft:acacia_planks":5328,"minecraft:end_crystal":3,"minecraft:blackstone_slab":934,"minecraft:lapis_block":616,"minecraft:lapis_lazuli":814,"minecraft:clay":29,"minecraft:firework_rocket":423,"minecraft:light_gray_candle":5},"minecraft:picked_up":{"minecraft:suspicious_stew":1,"minecraft:smithing_table":86,"minecraft:lead":131,"minecraft:stone_slab":402,"minecraft:enchanted_book":26,"minecraft:polished_deepslate":1209,"minecraft:polished_blackstone_brick_stairs":2,"minecraft:music_disc_cat":1,"minecraft:string":1015,"minecraft:dark_oak_pressure_plate":7,"minecraft:orange_glazed_terracotta":1,"minecraft:shroomlight":203,"minecraft:diamond_leggings":77,"minecraft:warped_slab":200,"minecraft:diamond_ore":179,"minecraft:spruce_pressure_plate":2,"minecraft:polished_blackstone_brick_slab":19,"minecraft:weathered_cut_copper_slab":5,"minecraft:polished_blackstone_stairs":117,"minecraft:jukebox":5,"minecraft:big_dripleaf":80,"minecraft:acacia_log":4582,"minecraft:purpur_pillar":42,"minecraft:brick_wall":9,"minecraft:cut_copper_stairs":21,"minecraft:lightning_rod":363,"minecraft:honeycomb_block":131,"minecraft:warped_button":2,"minecraft:warped_pressure_plate":3,"minecraft:warped_door":3,"minecraft:golden_chestplate":10,"minecraft:green_terracotta":92,"minecraft:cauldron":40,"minecraft:brown_carpet":50,"minecraft:orange_bed":3,"minecraft:stone_sword":13,"minecraft:honey_bottle":27,"minecraft:horn_coral_fan":8,"minecraft:polished_basalt":358,"minecraft:red_tulip":4,"minecraft:carved_pumpkin":312,"minecraft:glowstone":2,"minecraft:bookshelf":152,"minecraft:end_rod":1393,"minecraft:white_terracotta":3407,"minecraft:waxed_cut_copper":3,"minecraft:blaze_rod":83,"minecraft:iron_bars":241,"minecraft:snowball":24543,"minecraft:feather":31,"minecraft:cooked_beef":1881,"minecraft:water_bucket":2,"minecraft:brown_wool":166,"minecraft:dark_oak_boat":9,"minecraft:copper_block":1239,"minecraft:flint":1045,"minecraft:lantern":851,"minecraft:purple_carpet":4,"minecraft:hanging_roots":15,"minecraft:warped_hyphae":134,"minecraft:stonecutter":93,"minecraft:dark_oak_sign":33,"minecraft:rabbit":2,"minecraft:diamond_helmet":34,"minecraft:honeycomb":491,"minecraft:glow_lichen":6,"minecraft:chiseled_polished_blackstone":8,"minecraft:stripped_acacia_wood":321,"minecraft:birch_fence_gate":11,"minecraft:stripped_spruce_log":3201,"minecraft:acacia_stairs":3,"minecraft:polished_andesite":642,"minecraft:blue_terracotta":26,"minecraft:deepslate":8185,"minecraft:lever":21,"minecraft:granite":8367,"minecraft:spruce_button":5,"minecraft:cyan_dye":175,"minecraft:rooted_dirt":471,"minecraft:deepslate_coal_ore":390,"minecraft:jack_o_lantern":1,"minecraft:light_gray_carpet":360,"minecraft:crimson_roots":36,"minecraft:diamond_pickaxe":142,"minecraft:bee_nest":34,"minecraft:stripped_warped_hyphae":446,"minecraft:clay_ball":208,"minecraft:leather_leggings":12,"minecraft:dragon_head":19,"minecraft:purpur_block":87,"minecraft:fire_coral":7,"minecraft:heavy_weighted_pressure_plate":2,"minecraft:cornflower":115,"minecraft:elytra":148,"minecraft:acacia_door":7,"minecraft:flint_and_steel":6,"minecraft:white_carpet":2,"minecraft:white_stained_glass":5,"minecraft:iron_shovel":23,"minecraft:polished_blackstone_wall":103,"minecraft:glass_pane":950,"minecraft:stripped_warped_stem":85,"minecraft:jungle_sapling":23,"minecraft:poppy":920,"minecraft:spruce_slab":537,"minecraft:minecart":116,"minecraft:birch_sapling":1225,"minecraft:piston":551,"minecraft:waxed_oxidized_copper":1,"minecraft:diamond_hoe":20,"minecraft:copper_ore":616,"minecraft:lime_shulker_box":4,"minecraft:stone":93785,"minecraft:white_dye":73,"minecraft:netherite_pickaxe":2,"minecraft:cyan_shulker_box":1,"minecraft:red_nether_brick_wall":24,"minecraft:jungle_sign":3,"minecraft:diamond_chestplate":14,"minecraft:purpur_slab":15,"minecraft:hay_block":35,"minecraft:polished_blackstone":165,"minecraft:mutton":250,"minecraft:rail":2231,"minecraft:bone_block":885,"minecraft:emerald_ore":11,"minecraft:oxeye_daisy":143,"minecraft:birch_leaves":3748,"minecraft:clock":24,"minecraft:tripwire_hook":12,"minecraft:fern":18,"minecraft:blackstone_slab":25,"minecraft:acacia_wood":294,"minecraft:purpur_stairs":32,"minecraft:lily_pad":1,"minecraft:paper":273,"minecraft:apple":316,"minecraft:warped_stem":3221,"minecraft:yellow_stained_glass":15,"minecraft:spore_blossom":5,"minecraft:oak_fence_gate":81,"minecraft:stone_pickaxe":3,"minecraft:iron_ore":3055,"minecraft:magenta_stained_glass":3,"minecraft:dark_oak_stairs":132,"minecraft:polished_andesite_stairs":98,"minecraft:smooth_basalt":5079,"minecraft:milk_bucket":10,"minecraft:light_gray_stained_glass":62,"minecraft:sweet_berries":470,"minecraft:red_wool":722,"minecraft:lime_concrete":38,"minecraft:cracked_nether_bricks":2,"minecraft:weathered_copper":52,"minecraft:crimson_stairs":8,"minecraft:crying_obsidian":3,"minecraft:dragon_egg":9,"minecraft:leather_helmet":6,"minecraft:oak_wood":3,"minecraft:diamond_shovel":108,"minecraft:coal_ore":3953,"minecraft:slime_ball":130,"minecraft:deepslate_redstone_ore":402,"minecraft:painting":28,"minecraft:birch_sign":8,"minecraft:lodestone":5,"minecraft:baked_potato":1106,"minecraft:hopper":260,"minecraft:black_carpet":19,"minecraft:ender_chest":588,"minecraft:nether_brick_fence":20,"minecraft:gilded_blackstone":128,"minecraft:stone_brick_stairs":9,"minecraft:warped_stairs":138,"minecraft:lapis_block":152,"minecraft:deepslate_lapis_ore":37,"minecraft:red_sand":3536,"minecraft:smooth_stone":331,"minecraft:comparator":80,"minecraft:bucket":9,"minecraft:red_dye":80,"minecraft:white_tulip":8,"minecraft:rose_bush":165,"minecraft:cobblestone_slab":5,"minecraft:iron_pickaxe":38,"minecraft:azalea":460,"minecraft:wooden_shovel":1,"minecraft:smooth_quartz":35,"minecraft:smooth_quartz_stairs":33,"minecraft:deepslate_iron_ore":461,"minecraft:acacia_fence":29,"minecraft:birch_trapdoor":4,"minecraft:polished_deepslate_stairs":426,"minecraft:spruce_stairs":594,"minecraft:netherite_shovel":1,"minecraft:diorite":7880,"minecraft:vine":7,"minecraft:andesite_wall":203,"minecraft:rotten_flesh":6499,"minecraft:red_sandstone_slab":240,"minecraft:music_disc_ward":1,"minecraft:brown_shulker_box":4,"minecraft:deepslate_copper_ore":59,"minecraft:deepslate_brick_stairs":58,"minecraft:obsidian":207,"minecraft:blaze_powder":2,"minecraft:cobblestone":48865,"minecraft:enchanting_table":2,"minecraft:leather_chestplate":7,"minecraft:lilac":1,"minecraft:repeater":97,"minecraft:andesite":11938,"minecraft:golden_leggings":6,"minecraft:beacon":7,"minecraft:potato":3978,"minecraft:smooth_sandstone_stairs":2,"minecraft:stripped_birch_log":88,"minecraft:dirt":40906,"minecraft:name_tag":3,"minecraft:glass":550,"minecraft:bone":2040,"minecraft:acacia_planks":224,"minecraft:granite_wall":9,"minecraft:bow":167,"minecraft:wheat_seeds":21785,"minecraft:orange_tulip":10,"minecraft:small_dripleaf":4,"minecraft:birch_wood":80,"minecraft:grindstone":357,"minecraft:netherite_axe":4,"minecraft:fletching_table":1,"minecraft:bamboo":261,"minecraft:diorite_wall":14,"minecraft:red_sandstone_wall":15,"minecraft:brown_stained_glass":2,"minecraft:gray_stained_glass":3,"minecraft:black_stained_glass_pane":22,"minecraft:melon":33,"minecraft:nether_brick_stairs":12,"minecraft:grass_block":54672,"minecraft:warped_fence_gate":34,"minecraft:diamond_block":345,"minecraft:spectral_arrow":20,"minecraft:jungle_slab":61,"minecraft:mossy_cobblestone":121,"minecraft:jungle_leaves":3,"minecraft:light_gray_terracotta":3061,"minecraft:light_blue_terracotta":1,"minecraft:slime_block":14,"minecraft:polished_blackstone_pressure_plate":9,"minecraft:soul_lantern":10,"minecraft:yellow_stained_glass_pane":4,"minecraft:cracked_polished_blackstone_bricks":67,"minecraft:crossbow":2,"minecraft:bone_meal":1170,"minecraft:grass":18,"minecraft:golden_apple":33,"minecraft:spruce_sign":390,"minecraft:emerald":1881,"minecraft:netherrack":5360,"minecraft:andesite_slab":104,"minecraft:oak_leaves":5393,"minecraft:azure_bluet":90,"minecraft:splash_potion":29,"minecraft:ladder":393,"minecraft:brown_mushroom":91,"minecraft:packed_ice":118,"minecraft:stone_brick_wall":1,"minecraft:chain":769,"minecraft:shield":20,"minecraft:brick":63,"minecraft:oak_trapdoor":257,"minecraft:moss_carpet":1561,"minecraft:birch_fence":1,"minecraft:blackstone":1324,"minecraft:blue_orchid":23,"minecraft:lime_wool":9,"minecraft:end_stone":4,"minecraft:flowering_azalea_leaves":6015,"minecraft:note_block":12,"minecraft:polished_blackstone_bricks":192,"minecraft:cookie":9,"minecraft:music_disc_11":11,"minecraft:trident":19,"minecraft:light_blue_bed":1,"minecraft:light_gray_stained_glass_pane":94,"minecraft:stone_pressure_plate":8,"minecraft:tube_coral":3,"minecraft:weeping_vines":43,"minecraft:pumpkin_pie":167,"minecraft:nether_bricks":178,"minecraft:stripped_dark_oak_wood":413,"minecraft:pink_tulip":2,"minecraft:brick_stairs":2,"minecraft:nether_brick_wall":29,"minecraft:jungle_boat":3,"minecraft:basalt":5177,"minecraft:golden_carrot":3381,"minecraft:leather":2059,"minecraft:ice":80,"minecraft:crimson_fungus":56,"minecraft:chainmail_chestplate":5,"minecraft:cobbled_deepslate_stairs":300,"minecraft:yellow_bed":5,"minecraft:cobblestone_wall":32,"minecraft:gunpowder":418,"minecraft:orange_terracotta":5611,"minecraft:cooked_mutton":34,"minecraft:gray_carpet":46,"minecraft:acacia_trapdoor":157,"minecraft:deepslate_emerald_ore":2,"minecraft:rabbit_hide":1,"minecraft:spruce_wood":15,"minecraft:iron_ingot":2255,"minecraft:cooked_chicken":29,"minecraft:polished_andesite_slab":132,"minecraft:nether_quartz_ore":2161,"minecraft:warped_fungus":21,"minecraft:black_candle":1,"minecraft:emerald_block":183,"minecraft:stone_brick_slab":94,"minecraft:quartz":3165,"minecraft:dandelion":484,"minecraft:lava_bucket":1,"minecraft:amethyst_shard":532,"minecraft:soul_torch":3,"minecraft:green_stained_glass":12,"minecraft:red_banner":8,"minecraft:spruce_door":13,"minecraft:brick_slab":26,"minecraft:pumpkin_seeds":416,"minecraft:white_concrete_powder":13,"minecraft:gray_banner":8,"minecraft:chainmail_leggings":5,"minecraft:exposed_cut_copper_slab":25,"minecraft:terracotta":29010,"minecraft:damaged_anvil":1,"minecraft:dark_oak_wood":116,"minecraft:sunflower":199,"minecraft:wooden_axe":1,"minecraft:iron_chestplate":18,"minecraft:anvil":33,"minecraft:chainmail_boots":5,"minecraft:creeper_head":5,"minecraft:flower_pot":38,"minecraft:diamond_sword":130,"minecraft:oak_stairs":81,"minecraft:brown_bed":2,"minecraft:acacia_pressure_plate":2,"minecraft:wither_rose":141,"minecraft:brewing_stand":33,"minecraft:polished_deepslate_wall":683,"minecraft:amethyst_block":1602,"minecraft:dark_oak_trapdoor":246,"minecraft:soul_soil":3064,"minecraft:red_nether_bricks":51,"minecraft:blue_stained_glass_pane":2,"minecraft:beetroot":1,"minecraft:gold_nugget":2,"minecraft:cobbled_deepslate":20847,"minecraft:crimson_fence":6,"minecraft:spruce_planks":998,"minecraft:acacia_sign":34,"minecraft:acacia_fence_gate":17,"minecraft:written_book":1,"minecraft:azalea_leaves":19588,"minecraft:melon_slice":51,"minecraft:coal_block":77,"minecraft:golden_helmet":8,"minecraft:beehive":271,"minecraft:composter":66,"minecraft:warped_planks":106,"minecraft:deepslate_tile_stairs":38,"minecraft:black_dye":18,"minecraft:gray_stained_glass_pane":12,"minecraft:light_blue_wool":160,"minecraft:tropical_fish":3,"minecraft:blue_dye":86,"minecraft:iron_block":1725,"minecraft:cyan_terracotta":647,"minecraft:blackstone_stairs":12,"minecraft:birch_log":5055,"minecraft:magma_block":68,"minecraft:oxidized_copper":2033,"minecraft:birch_slab":4,"minecraft:iron_door":3,"minecraft:jungle_log":356,"minecraft:acacia_leaves":1589,"minecraft:green_concrete_powder":1,"minecraft:powder_snow_bucket":6,"minecraft:smoker":8,"minecraft:stripped_spruce_wood":9,"minecraft:gray_concrete":707,"minecraft:map":1,"minecraft:light_gray_concrete_powder":78,"minecraft:twisting_vines":120,"minecraft:chipped_anvil":7,"minecraft:gray_terracotta":10,"minecraft:glowstone_dust":30,"minecraft:moss_block":5411,"minecraft:warped_wart_block":35,"minecraft:dropper":139,"minecraft:ink_sac":3050,"minecraft:crimson_door":1,"minecraft:loom":42,"minecraft:red_terracotta":102,"minecraft:dark_oak_log":10788,"minecraft:barrel":261,"minecraft:stripped_acacia_log":2,"minecraft:dispenser":28,"minecraft:black_concrete_powder":230,"minecraft:writable_book":1,"minecraft:deepslate_gold_ore":139,"minecraft:bread":222,"minecraft:chainmail_helmet":3,"minecraft:dark_oak_fence":97,"minecraft:bricks":513,"minecraft:spruce_leaves":67800,"minecraft:crafting_table":132,"minecraft:coarse_dirt":1177,"minecraft:bubble_coral_fan":2,"minecraft:sandstone_slab":24,"minecraft:nether_wart":578,"minecraft:orange_stained_glass_pane":1,"minecraft:orange_banner":10,"minecraft:crimson_trapdoor":4,"minecraft:jungle_trapdoor":4,"minecraft:snow":9548,"minecraft:compass":9,"minecraft:cartography_table":29,"minecraft:deepslate_diamond_ore":47,"minecraft:beef":2651,"minecraft:cyan_wool":64,"minecraft:iron_nugget":87,"minecraft:quartz_stairs":37,"minecraft:chest":453,"minecraft:raw_copper_block":27,"minecraft:egg":182,"minecraft:sandstone":25236,"minecraft:polished_deepslate_slab":554,"minecraft:amethyst_cluster":91,"minecraft:spruce_fence":555,"minecraft:cake":17,"minecraft:carrot":7144,"minecraft:redstone":16220,"minecraft:mushroom_stem":3,"minecraft:tnt":3,"minecraft:cooked_cod":1,"minecraft:beetroot_seeds":3,"minecraft:tube_coral_fan":4,"minecraft:diamond_boots":122,"minecraft:shears":33,"minecraft:deepslate_bricks":678,"minecraft:cut_copper":3,"minecraft:warped_sign":181,"minecraft:gold_ingot":388,"minecraft:glow_berries":21,"minecraft:lime_concrete_powder":22,"minecraft:white_wool":207,"minecraft:crimson_slab":1,"minecraft:lapis_ore":259,"minecraft:stripped_oak_log":34,"minecraft:red_mushroom_block":3,"minecraft:red_mushroom":4,"minecraft:filled_map":9,"minecraft:oak_log":7579,"minecraft:ancient_debris":1,"minecraft:jungle_button":11,"minecraft:golden_boots":6,"minecraft:blue_bed":6,"minecraft:white_banner":1,"minecraft:stone_bricks":228,"minecraft:kelp":210,"minecraft:glass_bottle":624,"minecraft:iron_sword":20,"minecraft:flowering_azalea":236,"minecraft:dark_oak_slab":126,"minecraft:spyglass":7,"minecraft:gravel":75010,"minecraft:birch_stairs":1,"minecraft:spruce_sapling":1110,"minecraft:spruce_log":18954,"minecraft:sea_lantern":3,"minecraft:firework_rocket":8072,"minecraft:red_stained_glass":2,"minecraft:purple_bed":12,"minecraft:polished_diorite":273,"minecraft:stone_axe":4,"minecraft:redstone_ore":1426,"minecraft:diamond_axe":108,"minecraft:gray_wool":245,"minecraft:warped_roots":56,"minecraft:brown_banner":21,"minecraft:warped_nylium":22,"minecraft:stripped_dark_oak_log":1036,"minecraft:crimson_nylium":12,"minecraft:ender_pearl":8895,"minecraft:shulker_shell":1081,"minecraft:chiseled_deepslate":51,"minecraft:wheat":7665,"minecraft:exposed_copper":40,"minecraft:redstone_block":382,"minecraft:iron_trapdoor":1,"minecraft:green_stained_glass_pane":23,"minecraft:potion":18,"minecraft:crimson_planks":1,"minecraft:raw_copper":13416,"minecraft:smooth_stone_slab":65,"minecraft:iron_leggings":20,"minecraft:armor_stand":31,"minecraft:sticky_piston":8,"minecraft:oak_sign":46,"minecraft:deepslate_tiles":143,"minecraft:dark_oak_leaves":25,"minecraft:redstone_torch":70,"minecraft:calcite":9446,"minecraft:deepslate_tile_wall":6,"minecraft:iron_boots":26,"minecraft:furnace":44,"minecraft:stick":5202,"minecraft:orange_shulker_box":6,"minecraft:jungle_door":1,"minecraft:deepslate_brick_wall":31,"minecraft:brown_terracotta":5293,"minecraft:oak_fence":165,"minecraft:torch":6583,"minecraft:porkchop":769,"minecraft:snow_block":86,"minecraft:target":11,"minecraft:pointed_dripstone":275,"minecraft:quartz_block":413,"minecraft:nether_gold_ore":789,"minecraft:cactus":1081,"minecraft:green_wool":1109,"minecraft:fire_coral_fan":4,"minecraft:stripped_birch_wood":7,"minecraft:cod":29,"minecraft:nautilus_shell":59,"minecraft:magma_cream":124,"minecraft:tuff":6646,"minecraft:light_gray_dye":116,"minecraft:warped_trapdoor":115,"minecraft:horn_coral":2,"minecraft:wither_skeleton_skull":3,"minecraft:acacia_boat":28,"minecraft:lapis_lazuli":6131,"minecraft:polished_granite":290,"minecraft:leather_boots":9,"minecraft:cobbled_deepslate_slab":141,"minecraft:cobbled_deepslate_wall":62,"minecraft:deepslate_brick_slab":123,"minecraft:raw_gold":2414,"minecraft:bell":33,"minecraft:powered_rail":869,"minecraft:stone_hoe":2,"minecraft:oak_planks":132,"minecraft:brain_coral":2,"minecraft:ghast_tear":46,"minecraft:cooked_porkchop":204,"minecraft:music_disc_13":1,"minecraft:axolotl_bucket":3,"minecraft:poisonous_potato":30,"minecraft:pink_stained_glass_pane":1,"minecraft:polished_blackstone_slab":50,"minecraft:jungle_planks":132,"minecraft:sand":59079,"minecraft:oxidized_cut_copper_slab":428,"minecraft:shulker_box":2215,"minecraft:light_gray_concrete":930,"minecraft:spruce_fence_gate":133,"minecraft:diamond":1314,"minecraft:spruce_boat":4,"minecraft:black_concrete":2024,"minecraft:polished_blackstone_button":221,"minecraft:oak_sapling":1434,"minecraft:nether_star":2,"minecraft:end_stone_bricks":66,"minecraft:fishing_rod":10,"minecraft:charcoal":8,"minecraft:cocoa_beans":309,"minecraft:firework_star":6,"minecraft:chicken":14,"minecraft:wooden_pickaxe":2,"minecraft:gold_block":142,"minecraft:diamond_horse_armor":1,"minecraft:stone_stairs":33,"minecraft:iron_axe":29,"minecraft:item_frame":307,"minecraft:quartz_slab":53,"minecraft:warped_fence":6,"minecraft:candle":25,"minecraft:andesite_stairs":10,"minecraft:oak_boat":7,"minecraft:player_head":567,"minecraft:observer":65,"minecraft:light_gray_wool":36,"minecraft:lectern":246,"minecraft:tinted_glass":61,"minecraft:sugar_cane":11993,"minecraft:spruce_trapdoor":1316,"minecraft:phantom_membrane":19,"minecraft:dark_oak_sapling":1320,"minecraft:stripped_crimson_hyphae":133,"minecraft:raw_iron":14449,"minecraft:copper_ingot":1365,"minecraft:stone_button":9,"minecraft:iron_horse_armor":2,"minecraft:dark_oak_planks":589,"minecraft:lime_candle":1,"minecraft:arrow":4159,"minecraft:light_blue_stained_glass_pane":4,"minecraft:jungle_stairs":42,"minecraft:saddle":29,"minecraft:oxidized_cut_copper_stairs":74,"minecraft:crimson_stem":1335,"minecraft:glow_ink_sac":135,"minecraft:salmon":1,"minecraft:cut_sandstone":26,"minecraft:birch_planks":116,"minecraft:waxed_copper_block":16,"minecraft:nether_wart_block":18,"minecraft:cobblestone_stairs":33,"minecraft:deepslate_tile_slab":48,"minecraft:cut_copper_slab":103,"minecraft:podzol":366,"minecraft:smooth_sandstone":74,"minecraft:red_sandstone":46,"minecraft:stripped_oak_wood":4,"minecraft:oxidized_cut_copper":2,"minecraft:acacia_sapling":759,"minecraft:soul_sand":396,"minecraft:green_dye":62,"minecraft:book":2321,"minecraft:scaffolding":224,"minecraft:oak_slab":105,"minecraft:birch_boat":7,"minecraft:pumpkin":62,"minecraft:chiseled_stone_bricks":80,"minecraft:raw_iron_block":20,"minecraft:dripstone_block":3060,"minecraft:brain_coral_fan":6,"minecraft:blast_furnace":30,"minecraft:white_bed":58,"minecraft:gold_ore":462,"minecraft:dark_oak_fence_gate":35,"minecraft:green_carpet":11,"minecraft:spider_eye":779,"minecraft:stripped_jungle_log":3,"minecraft:cyan_banner":59,"minecraft:lime_dye":9,"minecraft:campfire":104,"minecraft:honey_block":456,"minecraft:iron_helmet":15,"minecraft:acacia_slab":79,"minecraft:black_wool":66,"minecraft:coal":20625},"minecraft:mined":{"minecraft:dragon_wall_head":19,"minecraft:blackstone_stairs":12,"minecraft:white_bed":63,"minecraft:weathered_cut_copper_slab":5,"minecraft:fire_coral_wall_fan":1,"minecraft:granite":8737,"minecraft:acacia_log":3786,"minecraft:deepslate_tile_wall":1,"minecraft:oak_wall_sign":6,"minecraft:nether_wart":161,"minecraft:polished_blackstone_bricks":122,"minecraft:magma_block":62,"minecraft:dark_oak_trapdoor":106,"minecraft:warped_pressure_plate":3,"minecraft:cobbled_deepslate":83,"minecraft:barrel":114,"minecraft:fire":439,"minecraft:fletching_table":1,"minecraft:nether_brick_stairs":5,"minecraft:deepslate_lapis_ore":110,"minecraft:twisting_vines":23,"minecraft:spruce_pressure_plate":1,"minecraft:light_gray_concrete":935,"minecraft:green_carpet":10,"minecraft:pink_tulip":2,"minecraft:spruce_wood":24,"minecraft:white_banner":1,"minecraft:player_head":14,"minecraft:orange_bed":4,"minecraft:tripwire":162,"minecraft:jungle_trapdoor":4,"minecraft:sandstone_slab":21,"minecraft:kelp_plant":17,"minecraft:crimson_nylium":19,"minecraft:deepslate_brick_wall":13,"minecraft:deepslate_tile_slab":11,"minecraft:torch":1140,"minecraft:note_block":8,"minecraft:dark_oak_wood":72,"minecraft:melon":6,"minecraft:oxidized_copper":1824,"minecraft:dead_bush":45,"minecraft:spruce_wall_sign":48,"minecraft:tube_coral_fan":1,"minecraft:lime_shulker_box":2,"minecraft:sugar_cane":6737,"minecraft:bricks":32,"minecraft:amethyst_block":1477,"minecraft:birch_sapling":21,"minecraft:white_terracotta":3455,"minecraft:chain":308,"minecraft:repeater":22,"minecraft:tinted_glass":20,"minecraft:jukebox":5,"minecraft:wither_rose":2,"minecraft:grass":2366,"minecraft:dark_oak_sapling":29,"minecraft:smooth_quartz":36,"minecraft:smooth_basalt":4344,"minecraft:acacia_sign":2,"minecraft:deepslate":27743,"minecraft:deepslate_tiles":65,"minecraft:light_blue_wool":209,"minecraft:mossy_cobblestone":140,"minecraft:nether_brick_wall":4,"minecraft:dark_oak_log":9718,"minecraft:sea_lantern":3,"minecraft:end_stone":7,"minecraft:birch_fence_gate":11,"minecraft:dark_oak_fence":17,"minecraft:spruce_fence":298,"minecraft:redstone_wire":104,"minecraft:red_mushroom":5,"minecraft:cartography_table":27,"minecraft:white_concrete_powder":14,"minecraft:horn_coral":1,"minecraft:redstone_ore":3538,"minecraft:acacia_trapdoor":116,"minecraft:andesite":12511,"minecraft:green_terracotta":2,"minecraft:big_dripleaf_stem":5,"minecraft:vine":7,"minecraft:cobblestone_slab":5,"minecraft:rail":1429,"minecraft:brain_coral_wall_fan":5,"minecraft:bone_block":507,"minecraft:green_wool":7,"minecraft:ender_chest":416,"minecraft:birch_stairs":1,"minecraft:oak_slab":5,"minecraft:redstone_block":76,"minecraft:glass_pane":62,"minecraft:red_sandstone_slab":23,"minecraft:soul_sand":345,"minecraft:dandelion":513,"minecraft:fire_coral":4,"minecraft:cornflower":110,"minecraft:warped_roots":60,"minecraft:crimson_slab":1,"minecraft:copper_ore":3143,"minecraft:tall_grass":583,"minecraft:lightning_rod":206,"minecraft:campfire":99,"minecraft:purpur_pillar":44,"minecraft:brain_coral_fan":2,"minecraft:deepslate_gold_ore":436,"minecraft:green_stained_glass_pane":12,"minecraft:diorite":8437,"minecraft:warped_wart_block":35,"minecraft:red_terracotta":42,"minecraft:cut_copper_slab":51,"minecraft:coarse_dirt":771,"minecraft:light_blue_bed":1,"minecraft:cobblestone_wall":40,"minecraft:dark_oak_wall_sign":1,"minecraft:stripped_spruce_wood":8,"minecraft:red_sandstone_wall":9,"minecraft:sunflower":9,"minecraft:gravel":78814,"minecraft:cobweb":39,"minecraft:brown_terracotta":5388,"minecraft:polished_blackstone":128,"minecraft:stone_bricks":38,"minecraft:orange_wall_banner":2,"minecraft:gold_ore":1291,"minecraft:chipped_anvil":6,"minecraft:iron_trapdoor":1,"minecraft:fern":112,"minecraft:stone_pressure_plate":1,"minecraft:oak_sapling":43,"minecraft:farmland":91,"minecraft:warped_fence_gate":6,"minecraft:brewing_stand":30,"minecraft:spruce_trapdoor":727,"minecraft:budding_amethyst":74,"minecraft:cracked_polished_blackstone_bricks":55,"minecraft:bubble_coral_fan":1,"minecraft:polished_diorite":26,"minecraft:composter":28,"minecraft:polished_blackstone_pressure_plate":7,"minecraft:gilded_blackstone":77,"minecraft:brown_bed":3,"minecraft:green_stained_glass":10,"minecraft:red_tulip":4,"minecraft:pointed_dripstone":98,"minecraft:flowering_azalea_leaves":6106,"minecraft:iron_bars":9,"minecraft:azalea":176,"minecraft:spruce_slab":234,"minecraft:brown_shulker_box":4,"minecraft:deepslate_redstone_ore":1110,"minecraft:gray_terracotta":11,"minecraft:quartz_block":3,"minecraft:polished_blackstone_wall":43,"minecraft:exposed_copper":39,"minecraft:orange_terracotta":5444,"minecraft:lime_candle":1,"minecraft:purpur_stairs":33,"minecraft:light_gray_terracotta":3137,"minecraft:jungle_stairs":2,"minecraft:beacon":7,"minecraft:nether_quartz_ore":3310,"minecraft:oak_planks":100,"minecraft:wall_torch":807,"minecraft:cauldron":2,"minecraft:light_blue_terracotta":1,"minecraft:stone_stairs":5,"minecraft:fire_coral_fan":2,"minecraft:warped_nylium":24,"minecraft:blue_terracotta":2,"minecraft:powered_rail":423,"minecraft:dark_oak_slab":7,"minecraft:warped_planks":28,"minecraft:tnt":1,"minecraft:exposed_cut_copper_slab":23,"minecraft:smooth_stone_slab":27,"minecraft:oak_log":6256,"minecraft:dirt":30460,"minecraft:raw_copper_block":2,"minecraft:dispenser":36,"minecraft:crying_obsidian":2,"minecraft:quartz_stairs":3,"minecraft:dark_oak_leaves":213,"minecraft:red_stained_glass":2,"minecraft:glow_lichen":5,"minecraft:lever":3,"minecraft:ladder":46,"minecraft:tube_coral_wall_fan":4,"minecraft:weathered_copper":47,"minecraft:potted_azalea_bush":1,"minecraft:birch_slab":4,"minecraft:spruce_leaves":65121,"minecraft:acacia_slab":6,"minecraft:crimson_stem":1252,"minecraft:hay_block":16,"minecraft:heavy_weighted_pressure_plate":2,"minecraft:nether_sprouts":4,"minecraft:polished_basalt":290,"minecraft:orange_stained_glass_pane":3,"minecraft:gray_wall_banner":4,"minecraft:gold_block":59,"minecraft:bookshelf":769,"minecraft:deepslate_iron_ore":1267,"minecraft:shroomlight":116,"minecraft:oxidized_cut_copper_slab":292,"minecraft:stripped_oak_log":30,"minecraft:orange_glazed_terracotta":1,"minecraft:scaffolding":4,"minecraft:acacia_leaves":2065,"minecraft:magenta_stained_glass":3,"minecraft:snow_block":29,"minecraft:stripped_dark_oak_log":1187,"minecraft:basalt":5372,"minecraft:warped_fence":3,"minecraft:polished_granite":104,"minecraft:oak_fence":9,"minecraft:honey_block":153,"minecraft:gray_stained_glass":3,"minecraft:stone_slab":125,"minecraft:deepslate_coal_ore":1448,"minecraft:polished_blackstone_brick_stairs":1,"minecraft:birch_planks":22,"minecraft:polished_blackstone_slab":11,"minecraft:ice":113,"minecraft:bee_nest":31,"minecraft:warped_hyphae":26,"minecraft:black_wool":26,"minecraft:cocoa":58,"minecraft:flower_pot":20,"minecraft:stripped_acacia_wood":286,"minecraft:crimson_fence":2,"minecraft:jungle_wall_sign":2,"minecraft:dark_oak_planks":108,"minecraft:stripped_warped_stem":86,"minecraft:jungle_leaves":224,"minecraft:obsidian":24,"minecraft:warped_stairs":53,"minecraft:carved_pumpkin":105,"minecraft:chiseled_polished_blackstone":2,"minecraft:red_sand":3604,"minecraft:crimson_trapdoor":5,"minecraft:stone_brick_wall":6,"minecraft:jungle_log":198,"minecraft:horn_coral_fan":3,"minecraft:coal_block":14,"minecraft:deepslate_bricks":223,"minecraft:hopper":83,"minecraft:purpur_slab":16,"minecraft:deepslate_tile_stairs":2,"minecraft:oxeye_daisy":140,"minecraft:acacia_pressure_plate":2,"minecraft:crimson_fungus":39,"minecraft:chiseled_stone_bricks":18,"minecraft:weeping_vines_plant":37,"minecraft:tall_seagrass":9,"minecraft:brown_stained_glass":1,"minecraft:sticky_piston":2,"minecraft:moss_carpet":652,"minecraft:cyan_wall_banner":7,"minecraft:pumpkin":19,"minecraft:stripped_dark_oak_wood":365,"minecraft:oak_sign":16,"minecraft:cave_vines":5,"minecraft:polished_deepslate_slab":122,"minecraft:water_cauldron":2,"minecraft:dirt_path":1695,"minecraft:oak_stairs":1,"minecraft:quartz_slab":1,"minecraft:deepslate_brick_stairs":15,"minecraft:smooth_sandstone_stairs":2,"minecraft:blue_orchid":26,"minecraft:iron_block":936,"minecraft:piston_head":6,"minecraft:soul_wall_torch":1,"minecraft:brown_mushroom":75,"minecraft:player_wall_head":8,"minecraft:amethyst_cluster":123,"minecraft:soul_fire":3,"minecraft:oxidized_cut_copper_stairs":61,"minecraft:blast_furnace":17,"minecraft:polished_andesite_stairs":34,"minecraft:green_concrete_powder":1,"minecraft:glass":83,"minecraft:damaged_anvil":1,"minecraft:crimson_stairs":7,"minecraft:spruce_sign":24,"minecraft:black_concrete_powder":21,"minecraft:light_gray_stained_glass":31,"minecraft:wheat":7471,"minecraft:lilac":2,"minecraft:lime_concrete":40,"minecraft:waxed_copper_block":18,"minecraft:warped_fungus":22,"minecraft:potted_poppy":1,"minecraft:copper_block":214,"minecraft:oak_fence_gate":8,"minecraft:loom":3,"minecraft:stripped_birch_wood":7,"minecraft:stonecutter":90,"minecraft:red_mushroom_block":3,"minecraft:yellow_stained_glass":12,"minecraft:piston":133,"minecraft:infested_deepslate":1,"minecraft:light_blue_stained_glass_pane":4,"minecraft:light_gray_stained_glass_pane":86,"minecraft:blue_stained_glass_pane":2,"minecraft:stripped_birch_log":91,"minecraft:jack_o_lantern":1,"minecraft:warped_door":3,"minecraft:shulker_box":1790,"minecraft:cobbled_deepslate_slab":15,"minecraft:nether_bricks":81,"minecraft:jungle_planks":2,"minecraft:crimson_roots":35,"minecraft:orange_shulker_box":5,"minecraft:horn_coral_wall_fan":3,"minecraft:moss_block":4515,"minecraft:kelp":18,"minecraft:black_stained_glass_pane":25,"minecraft:polished_blackstone_button":17,"minecraft:snow":35320,"minecraft:acacia_wood":88,"minecraft:diamond_block":341,"minecraft:warped_wall_sign":27,"minecraft:potatoes":1068,"minecraft:warped_stem":2823,"minecraft:bamboo":19,"minecraft:smooth_quartz_stairs":33,"minecraft:warped_trapdoor":33,"minecraft:cut_copper":3,"minecraft:brain_coral":2,"minecraft:white_wool":7,"minecraft:cake":3,"minecraft:smithing_table":29,"minecraft:light_gray_carpet":38,"minecraft:gray_concrete":711,"minecraft:comparator":18,"minecraft:hanging_roots":4,"minecraft:brown_carpet":14,"minecraft:observer":18,"minecraft:jungle_sign":2,"minecraft:smooth_sandstone":24,"minecraft:cobbled_deepslate_wall":18,"minecraft:light_gray_concrete_powder":83,"minecraft:emerald_ore":53,"minecraft:dropper":23,"minecraft:big_dripleaf":5,"minecraft:purple_bed":11,"minecraft:white_carpet":1,"minecraft:spruce_log":17561,"minecraft:birch_leaves":4023,"minecraft:dark_oak_sign":1,"minecraft:dripstone_block":451,"minecraft:pink_stained_glass_pane":1,"minecraft:acacia_door":1,"minecraft:acacia_planks":10,"minecraft:spruce_fence_gate":46,"minecraft:deepslate_emerald_ore":4,"minecraft:infested_stone":32,"minecraft:large_amethyst_bud":6,"minecraft:spruce_planks":699,"minecraft:cobbled_deepslate_stairs":46,"minecraft:jungle_slab":4,"minecraft:cobblestone_stairs":28,"minecraft:potted_blue_orchid":1,"minecraft:potted_cactus":1,"minecraft:cave_vines_plant":5,"minecraft:stripped_crimson_hyphae":133,"minecraft:grass_block":68035,"minecraft:soul_soil":2229,"minecraft:stripped_warped_hyphae":445,"minecraft:warped_sign":12,"minecraft:smooth_stone":1,"minecraft:potted_birch_sapling":1,"minecraft:glowstone":11,"minecraft:iron_ore":9283,"minecraft:target":4,"minecraft:anvil":21,"minecraft:black_carpet":21,"minecraft:azure_bluet":90,"minecraft:dark_oak_stairs":70,"minecraft:warped_button":2,"minecraft:purple_carpet":5,"minecraft:black_candle":1,"minecraft:birch_wall_sign":3,"minecraft:azalea_leaves":18279,"minecraft:end_stone_bricks":61,"minecraft:blackstone":843,"minecraft:cyan_terracotta":128,"minecraft:twisting_vines_plant":47,"minecraft:polished_deepslate_stairs":173,"minecraft:soul_lantern":9,"minecraft:clay":55,"minecraft:calcite":9006,"minecraft:poppy":946,"minecraft:chest":294,"minecraft:mushroom_stem":3,"minecraft:honeycomb_block":1,"minecraft:cobblestone":1067,"minecraft:birch_wood":64,"minecraft:slime_block":14,"minecraft:grindstone":238,"minecraft:iron_door":3,"minecraft:deepslate_copper_ore":161,"minecraft:seagrass":4,"minecraft:acacia_sapling":52,"minecraft:nether_wart_block":20,"minecraft:birch_log":4306,"minecraft:birch_trapdoor":4,"minecraft:brown_wall_banner":1,"minecraft:stripped_oak_wood":5,"minecraft:purpur_block":84,"minecraft:light_gray_wool":45,"minecraft:orange_tulip":11,"minecraft:yellow_stained_glass_pane":8,"minecraft:acacia_fence":36,"minecraft:waxed_oxidized_copper":1,"minecraft:sand":60256,"minecraft:crimson_planks":1,"minecraft:netherrack":5532,"minecraft:polished_deepslate_wall":199,"minecraft:oak_leaves":5171,"minecraft:emerald_block":170,"minecraft:nether_gold_ore":801,"minecraft:diamond_ore":470,"minecraft:tube_coral":2,"minecraft:tuff":6255,"minecraft:candle_cake":1,"minecraft:potted_wither_rose":1,"minecraft:deepslate_diamond_ore":172,"minecraft:candle":9,"minecraft:gray_stained_glass_pane":7,"minecraft:dark_oak_pressure_plate":6,"minecraft:brick_stairs":5,"minecraft:weeping_vines":22,"minecraft:white_stained_glass":5,"minecraft:polished_andesite_slab":6,"minecraft:rooted_dirt":319,"minecraft:sandstone":25066,"minecraft:large_fern":267,"minecraft:deepslate_brick_slab":10,"minecraft:oxidized_cut_copper":2,"minecraft:oak_trapdoor":115,"minecraft:spruce_sapling":87,"minecraft:furnace":28,"minecraft:carrots":1851,"minecraft:acacia_stairs":1,"minecraft:dark_oak_fence_gate":7,"minecraft:stripped_spruce_log":2806,"minecraft:black_concrete":1664,"minecraft:chiseled_deepslate":5,"minecraft:bell":6,"minecraft:polished_deepslate":423,"minecraft:crimson_door":1,"minecraft:lantern":75,"minecraft:stripped_acacia_log":3,"minecraft:stripped_jungle_log":3,"minecraft:packed_ice":126,"minecraft:white_tulip":6,"minecraft:stone":163217,"minecraft:redstone_wall_torch":3,"minecraft:podzol":1693,"minecraft:flowering_azalea":108,"minecraft:red_wool":980,"minecraft:cut_copper_stairs":17,"minecraft:brick_wall":3,"minecraft:soul_torch":1,"minecraft:spruce_door":10,"minecraft:crafting_table":118,"minecraft:blackstone_slab":29,"minecraft:oak_wood":3,"minecraft:lime_concrete_powder":22,"minecraft:rose_bush":19,"minecraft:andesite_slab":14,"minecraft:lectern":206,"minecraft:andesite_wall":11,"minecraft:lapis_ore":631,"minecraft:blue_bed":7,"minecraft:spruce_stairs":317,"minecraft:gray_wool":24,"minecraft:cactus":365,"minecraft:brick_slab":8,"minecraft:beehive":129,"minecraft:acacia_fence_gate":12,"minecraft:polished_blackstone_stairs":83,"minecraft:redstone_torch":5,"minecraft:sweet_berry_bush":111,"minecraft:yellow_bed":6,"minecraft:coal_ore":12300,"minecraft:end_rod":1426,"minecraft:bubble_coral_wall_fan":2,"minecraft:gray_carpet":44,"minecraft:lodestone":3,"minecraft:terracotta":29304,"minecraft:polished_andesite":263,"minecraft:acacia_wall_sign":13,"minecraft:crimson_hyphae":1,"minecraft:birch_fence":1,"minecraft:warped_slab":9},"minecraft:killed":{"minecraft:cod":36,"minecraft:iron_golem":4,"minecraft:pillager":5,"minecraft:goat":15,"minecraft:zombie":1196,"minecraft:endermite":1,"minecraft:husk":11,"minecraft:ravager":1,"minecraft:witch":15,"minecraft:spider":183,"minecraft:wither":1,"minecraft:bee":52,"minecraft:silverfish":8,"minecraft:piglin_brute":4,"minecraft:piglin":53,"minecraft:zombie_villager":32,"minecraft:sheep":156,"minecraft:trader_llama":12,"minecraft:ghast":50,"minecraft:slime":75,"minecraft:drowned":1727,"minecraft:hoglin":19,"minecraft:squid":650,"minecraft:wither_skeleton":70,"minecraft:player":8,"minecraft:villager":1,"minecraft:cave_spider":5,"minecraft:shulker":635,"minecraft:skeleton":2554,"minecraft:chicken":10,"minecraft:cat":6,"minecraft:magma_cube":264,"minecraft:glow_squid":7,"minecraft:cow":1021,"minecraft:wandering_trader":7,"minecraft:enderman":47717,"minecraft:pig":294,"minecraft:creeper":307,"minecraft:blaze":51,"minecraft:phantom":22,"minecraft:bat":15},"minecraft:killed_by":{"minecraft:zombie_villager":14,"minecraft:ravager":7,"minecraft:magma_cube":10,"minecraft:zombie":10,"minecraft:wither":4,"minecraft:skeleton":22,"minecraft:piglin_brute":1,"minecraft:pillager":1,"minecraft:slime":1,"minecraft:trader_llama":1,"minecraft:creeper":25,"minecraft:player":21,"minecraft:enderman":1,"minecraft:iron_golem":4,"minecraft:bee":7,"minecraft:phantom":3},"minecraft:dropped":{"minecraft:iron_sword":20,"minecraft:porkchop":65,"minecraft:lapis_lazuli":91,"minecraft:glow_ink_sac":3,"minecraft:glass_bottle":132,"minecraft:diamond":270,"minecraft:crafting_table":24,"minecraft:lime_concrete_powder":1,"minecraft:cooked_porkchop":6,"minecraft:red_sandstone":4,"minecraft:dark_oak_slab":13,"minecraft:weeping_vines":6,"minecraft:warped_roots":9,"minecraft:oxidized_cut_copper_slab":51,"minecraft:brown_banner":22,"minecraft:gold_block":1,"minecraft:emerald":571,"minecraft:gray_concrete":3,"minecraft:birch_fence":1,"minecraft:dark_oak_fence":22,"minecraft:dark_oak_trapdoor":59,"minecraft:stripped_dark_oak_wood":3,"minecraft:gold_nugget":5,"minecraft:acacia_fence_gate":10,"minecraft:sand":600,"minecraft:fishing_rod":15,"minecraft:dark_oak_planks":180,"minecraft:white_wool":28,"minecraft:birch_stairs":29,"minecraft:dark_oak_door":2,"minecraft:stone_axe":5,"minecraft:compass":3,"minecraft:lever":1,"minecraft:iron_nugget":410,"minecraft:cooked_chicken":5,"minecraft:cobbled_deepslate":383,"minecraft:wheat":139,"minecraft:obsidian":165,"minecraft:stripped_dark_oak_log":21,"minecraft:grindstone":1,"minecraft:rotten_flesh":6204,"minecraft:oak_planks":68,"minecraft:birch_wood":6,"minecraft:glowstone_dust":3,"minecraft:warped_sign":7,"minecraft:azure_bluet":36,"minecraft:warped_planks":8,"minecraft:azalea_leaves":457,"minecraft:orange_banner":11,"minecraft:coal_ore":156,"minecraft:leather_boots":6,"minecraft:acacia_sapling":9,"minecraft:leather_leggings":6,"minecraft:painting":3,"minecraft:glass":30,"minecraft:beef":435,"minecraft:podzol":147,"minecraft:warped_wart_block":4,"minecraft:acacia_fence":12,"minecraft:green_stained_glass":24,"minecraft:golden_boots":5,"minecraft:wheat_seeds":13280,"minecraft:clock":28,"minecraft:deepslate_redstone_ore":3,"minecraft:smooth_quartz_stairs":16,"minecraft:dripstone_block":507,"minecraft:light_gray_stained_glass_pane":180,"minecraft:cobbled_deepslate_wall":18,"minecraft:book":1,"minecraft:deepslate_tile_slab":4,"minecraft:golden_apple":22,"minecraft:lime_banner":5,"minecraft:acacia_sign":20,"minecraft:lava_bucket":1,"minecraft:diamond_horse_armor":1,"minecraft:dark_oak_leaves":18,"minecraft:gray_wool":64,"minecraft:ink_sac":3,"minecraft:lodestone":1,"minecraft:lapis_ore":1,"minecraft:potion":9,"minecraft:stripped_birch_log":5,"minecraft:oak_stairs":25,"minecraft:pumpkin":1223,"minecraft:jungle_boat":1,"minecraft:red_dye":4,"minecraft:chipped_anvil":2,"minecraft:smooth_stone":1,"minecraft:chainmail_leggings":4,"minecraft:smooth_sandstone":267,"minecraft:acacia_planks":53,"minecraft:snow_block":72,"minecraft:bricks":57,"minecraft:soul_soil":43,"minecraft:player_head":131,"minecraft:cocoa_beans":8,"minecraft:experience_bottle":284,"minecraft:stone_shovel":13,"minecraft:red_banner":24,"minecraft:iron_boots":5,"minecraft:name_tag":1,"minecraft:cobbled_deepslate_slab":1,"minecraft:white_terracotta":51,"minecraft:polished_deepslate_stairs":127,"minecraft:oak_sign":7,"minecraft:shears":35,"minecraft:suspicious_stew":12,"minecraft:diamond_sword":14,"minecraft:cyan_wool":729,"minecraft:flower_pot":8,"minecraft:powder_snow_bucket":1,"minecraft:waxed_cut_copper":2,"minecraft:spruce_trapdoor":32,"minecraft:spruce_planks":182,"minecraft:diamond_pickaxe":7,"minecraft:redstone_torch":18,"minecraft:small_dripleaf":1,"minecraft:stone_pressure_plate":2,"minecraft:barrel":25,"minecraft:stone_bricks":8,"minecraft:sandstone":443,"minecraft:red_sand":11,"minecraft:bow":53,"minecraft:stripped_spruce_wood":1,"minecraft:terracotta":580,"minecraft:acacia_boat":7,"minecraft:soul_sand":13,"minecraft:candle":1,"minecraft:moss_block":671,"minecraft:warped_fungus":1,"minecraft:oak_log":152,"minecraft:loom":1,"minecraft:ender_pearl":8250,"minecraft:nether_star":1,"minecraft:dark_oak_sapling":5,"minecraft:leather":97,"minecraft:honeycomb":599,"minecraft:red_wool":70,"minecraft:jungle_planks":23,"minecraft:iron_horse_armor":2,"minecraft:birch_slab":246,"minecraft:cod":14,"minecraft:cobblestone_stairs":17,"minecraft:cracked_polished_blackstone_bricks":29,"minecraft:dark_oak_log":7,"minecraft:ice":2,"minecraft:polished_blackstone_pressure_plate":1,"minecraft:mutton":2,"minecraft:snowball":337,"minecraft:light_gray_banner":7,"minecraft:jungle_sign":1,"minecraft:axolotl_bucket":1,"minecraft:tube_coral":1,"minecraft:stripped_oak_wood":1,"minecraft:black_concrete":2,"minecraft:cauldron":2,"minecraft:magenta_stained_glass":3,"minecraft:purpur_block":49,"minecraft:spyglass":4,"minecraft:twisting_vines":1,"minecraft:pointed_dripstone":21,"minecraft:purple_banner":3,"minecraft:yellow_stained_glass":15,"minecraft:acacia_stairs":3,"minecraft:birch_fence_gate":1,"minecraft:leather_chestplate":4,"minecraft:trident":1,"minecraft:cyan_banner":16,"minecraft:horn_coral_fan":3,"minecraft:fire_coral_fan":2,"minecraft:acacia_slab":2,"minecraft:iron_ore":137,"minecraft:iron_bars":49,"minecraft:scaffolding":221,"minecraft:polished_granite":23,"minecraft:splash_potion":1,"minecraft:acacia_pressure_plate":5,"minecraft:purple_carpet":2,"minecraft:stone_hoe":3,"minecraft:bread":1510,"minecraft:exposed_copper":1,"minecraft:golden_helmet":6,"minecraft:netherite_axe":4,"minecraft:andesite_wall":2,"minecraft:amethyst_block":80,"minecraft:tropical_fish":1,"minecraft:spruce_stairs":107,"minecraft:acacia_log":65,"minecraft:acacia_trapdoor":6,"minecraft:spruce_fence_gate":3,"minecraft:green_dye":1,"minecraft:repeater":33,"minecraft:light_blue_wool":48,"minecraft:nether_wart_block":14,"minecraft:melon_slice":48,"minecraft:light_gray_stained_glass":56,"minecraft:jungle_leaves":15,"minecraft:music_disc_ward":1,"minecraft:stonecutter":1,"minecraft:polished_basalt":20,"minecraft:orange_bed":1,"minecraft:cactus":13,"minecraft:polished_deepslate":24,"minecraft:polished_diorite":192,"minecraft:kelp":68,"minecraft:sweet_berries":108,"minecraft:oak_trapdoor":95,"minecraft:light_gray_terracotta":22,"minecraft:comparator":32,"minecraft:oxidized_cut_copper_stairs":4,"minecraft:stripped_oak_log":4,"minecraft:warped_door":4,"minecraft:shulker_box":51,"minecraft:flint_and_steel":1,"minecraft:deepslate_bricks":135,"minecraft:copper_ore":19,"minecraft:gray_terracotta":12,"minecraft:andesite":283,"minecraft:golden_leggings":5,"minecraft:oak_sapling":268,"minecraft:birch_sign":4,"minecraft:spruce_log":103,"minecraft:wooden_pickaxe":2,"minecraft:magma_cream":57,"minecraft:brown_stained_glass":1,"minecraft:amethyst_cluster":21,"minecraft:brick":19,"minecraft:acacia_wood":1,"minecraft:piston":1,"minecraft:cooked_beef":208,"minecraft:orange_tulip":1,"minecraft:crossbow":2,"minecraft:cookie":152,"minecraft:rooted_dirt":2,"minecraft:dark_oak_button":8,"minecraft:fletching_table":1,"minecraft:saddle":16,"minecraft:red_sandstone_wall":5,"minecraft:purpur_stairs":24,"minecraft:elytra":12,"minecraft:rail":22,"minecraft:leather_helmet":6,"minecraft:item_frame":18,"minecraft:dirt":1546,"minecraft:grass":1,"minecraft:stone_button":2,"minecraft:horn_coral":1,"minecraft:chain":45,"minecraft:deepslate_coal_ore":1,"minecraft:bone_meal":429,"minecraft:phantom_membrane":10,"minecraft:iron_pickaxe":11,"minecraft:green_stained_glass_pane":49,"minecraft:end_crystal":1,"minecraft:bone":454,"minecraft:green_wool":78,"minecraft:note_block":4,"minecraft:emerald_block":15,"minecraft:sugar_cane":313,"minecraft:polished_andesite_slab":58,"minecraft:golden_chestplate":6,"minecraft:detector_rail":1,"minecraft:birch_sapling":189,"minecraft:green_banner":4,"minecraft:netherite_shovel":1,"minecraft:light_gray_carpet":1,"minecraft:end_stone":4,"minecraft:white_bed":28,"minecraft:orange_stained_glass":10,"minecraft:salmon":1,"minecraft:chiseled_deepslate":46,"minecraft:yellow_stained_glass_pane":16,"minecraft:lime_bed":12,"minecraft:tipped_arrow":1,"minecraft:deepslate_tiles":2,"minecraft:brick_stairs":1,"minecraft:heavy_weighted_pressure_plate":1,"minecraft:deepslate_copper_ore":1,"minecraft:jungle_stairs":40,"minecraft:honey_block":158,"minecraft:cod_bucket":42,"minecraft:hopper":2,"minecraft:ladder":80,"minecraft:white_dye":56,"minecraft:spruce_slab":122,"minecraft:end_stone_bricks":51,"minecraft:campfire":1,"minecraft:flowering_azalea_leaves":27,"minecraft:ghast_tear":3,"minecraft:lectern":1,"minecraft:egg":42,"minecraft:crimson_planks":2,"minecraft:enchanted_book":48,"minecraft:iron_ingot":230,"minecraft:blue_stained_glass_pane":2,"minecraft:netherite_pickaxe":2,"minecraft:birch_leaves":94,"minecraft:gray_stained_glass_pane":68,"minecraft:tnt":1,"minecraft:copper_block":301,"minecraft:polished_blackstone":13,"minecraft:feather":5,"minecraft:purpur_slab":5,"minecraft:oak_fence":15,"minecraft:iron_helmet":4,"minecraft:cobblestone":4420,"minecraft:apple":105,"minecraft:granite":973,"minecraft:spruce_door":6,"minecraft:polished_blackstone_button":28,"minecraft:chainmail_helmet":1,"minecraft:coal":541,"minecraft:polished_andesite":16,"minecraft:end_rod":61,"minecraft:oxeye_daisy":35,"minecraft:jungle_slab":1,"minecraft:crimson_stairs":1,"minecraft:golden_carrot":350,"minecraft:rose_bush":1,"minecraft:rabbit":2,"minecraft:iron_shovel":7,"minecraft:paper":128,"minecraft:string":134,"minecraft:polished_deepslate_wall":53,"minecraft:gray_carpet":66,"minecraft:spruce_sapling":45,"minecraft:pink_tulip":1,"minecraft:purpur_pillar":34,"minecraft:furnace":1,"minecraft:brick_wall":3,"minecraft:moss_carpet":310,"minecraft:redstone_ore":2,"minecraft:stone_sword":11,"minecraft:cobblestone_wall":30,"minecraft:smooth_stone_slab":6,"minecraft:deepslate":267,"minecraft:diamond_hoe":3,"minecraft:chicken":12,"minecraft:polished_deepslate_slab":2,"minecraft:stone_slab":340,"minecraft:red_sandstone_slab":27,"minecraft:orange_wool":91,"minecraft:nether_bricks":2,"minecraft:spruce_fence":24,"minecraft:pumpkin_seeds":142,"minecraft:potato":1917,"minecraft:hay_block":28,"minecraft:shroomlight":1,"minecraft:stone":3897,"minecraft:yellow_bed":2,"minecraft:blue_banner":1,"minecraft:carved_pumpkin":54,"minecraft:spider_eye":186,"minecraft:brown_carpet":1,"minecraft:light_gray_dye":204,"minecraft:orange_stained_glass_pane":4,"minecraft:red_tulip":3,"minecraft:cyan_concrete_powder":64,"minecraft:black_wool":2,"minecraft:spruce_sign":44,"minecraft:gold_ore":3,"minecraft:crimson_nylium":6,"minecraft:birch_planks":71,"minecraft:brown_mushroom":8,"minecraft:dark_oak_stairs":2,"minecraft:diamond_axe":13,"minecraft:baked_potato":19,"minecraft:lantern":102,"minecraft:deepslate_tile_wall":4,"minecraft:flint":483,"minecraft:spruce_leaves":501,"minecraft:deepslate_tile_stairs":1,"minecraft:cyan_terracotta":64,"minecraft:stripped_warped_hyphae":5,"minecraft:deepslate_gold_ore":1,"minecraft:jungle_button":3,"minecraft:polished_blackstone_brick_stairs":1,"minecraft:cornflower":33,"minecraft:crimson_roots":10,"minecraft:cooked_cod":1,"minecraft:cut_sandstone":10,"minecraft:amethyst_shard":77,"minecraft:polished_blackstone_bricks":75,"minecraft:acacia_door":2,"minecraft:birch_log":548,"minecraft:armor_stand":11,"minecraft:honeycomb_block":7,"minecraft:gravel":419,"minecraft:white_tulip":5,"minecraft:blackstone":72,"minecraft:lime_wool":8,"minecraft:diamond_shovel":2,"minecraft:beehive":3,"minecraft:stone_stairs":28,"minecraft:honey_bottle":69,"minecraft:carrot":3251,"minecraft:chainmail_chestplate":16,"minecraft:chiseled_stone_bricks":448,"minecraft:shulker_shell":52,"minecraft:poppy":303,"minecraft:rabbit_hide":1,"minecraft:oak_fence_gate":34,"minecraft:gunpowder":157,"minecraft:birch_trapdoor":6,"minecraft:spruce_pressure_plate":2,"minecraft:chainmail_boots":16,"minecraft:azalea":15,"minecraft:bee_nest":1,"minecraft:chest":9,"minecraft:blackstone_slab":5,"minecraft:basalt":430,"minecraft:arrow":818,"minecraft:powered_rail":64,"minecraft:quartz":5,"minecraft:written_book":2,"minecraft:oak_leaves":324,"minecraft:netherrack":476,"minecraft:firework_rocket":257,"minecraft:water_bucket":2,"minecraft:oak_slab":23,"minecraft:stripped_spruce_log":7,"minecraft:mossy_cobblestone":88,"minecraft:diamond_leggings":3,"minecraft:poisonous_potato":14,"minecraft:lead":13,"minecraft:spectral_arrow":12,"minecraft:observer":33,"minecraft:copper_ingot":196,"minecraft:grass_block":851,"minecraft:stick":1716,"minecraft:deepslate_brick_stairs":4,"minecraft:diorite":1216,"minecraft:nether_gold_ore":16,"minecraft:torch":111,"minecraft:smooth_quartz":1,"minecraft:map":21,"minecraft:green_carpet":64,"minecraft:iron_leggings":14,"minecraft:crimson_fence":4,"minecraft:flowering_azalea":2,"minecraft:iron_axe":128,"minecraft:bucket":10,"minecraft:dandelion":171,"minecraft:smooth_basalt":71,"minecraft:redstone":739,"minecraft:anvil":6,"minecraft:gray_stained_glass":40,"minecraft:warped_nylium":22,"minecraft:ender_chest":7,"minecraft:coarse_dirt":76,"minecraft:blaze_rod":34,"minecraft:raw_copper":402,"minecraft:tuff":182,"minecraft:raw_iron":90,"minecraft:composter":19,"minecraft:stripped_acacia_wood":1,"minecraft:acacia_leaves":86,"minecraft:glass_pane":580,"minecraft:red_terracotta":96,"minecraft:filled_map":2,"minecraft:snow":2693,"minecraft:shield":8,"minecraft:diamond_chestplate":2,"minecraft:orange_terracotta":195,"minecraft:dragon_egg":3,"minecraft:iron_chestplate":1,"minecraft:purple_bed":1,"minecraft:fire_coral":3,"minecraft:oak_boat":1,"minecraft:diamond_boots":16,"minecraft:slime_ball":7,"minecraft:stripped_warped_stem":1,"minecraft:stone_pickaxe":40,"minecraft:raw_gold":206,"minecraft:nether_quartz_ore":6,"minecraft:calcite":9},"minecraft:broken":{"minecraft:shears":10,"minecraft:diamond_shovel":1,"minecraft:diamond_pickaxe":1,"minecraft:iron_pickaxe":9,"minecraft:iron_shovel":110,"minecraft:stone_pickaxe":2,"minecraft:stone_axe":2,"minecraft:iron_boots":2,"minecraft:iron_chestplate":1,"minecraft:iron_sword":4,"minecraft:iron_axe":21,"minecraft:iron_helmet":3,"minecraft:flint_and_steel":3},"minecraft:used":{"minecraft:moss_block":5405,"minecraft:jack_o_lantern":1,"minecraft:writable_book":14,"minecraft:chiseled_deepslate":13,"minecraft:dispenser":56,"minecraft:red_sandstone_slab":202,"minecraft:poppy":72,"minecraft:black_carpet":54,"minecraft:quartz_stairs":13,"minecraft:warped_sign":239,"minecraft:stone":50826,"minecraft:rotten_flesh":2,"minecraft:tube_coral":1,"minecraft:soul_sand":104,"minecraft:weathered_copper":42,"minecraft:cocoa_beans":101,"minecraft:cut_copper":102,"minecraft:deepslate_brick_slab":159,"minecraft:magenta_candle":2,"minecraft:snowball":6,"minecraft:azure_bluet":11,"minecraft:weeping_vines":15,"minecraft:spruce_boat":8,"minecraft:polished_blackstone_slab":288,"minecraft:jungle_sapling":23,"minecraft:packed_ice":5,"minecraft:stripped_dark_oak_wood":628,"minecraft:lava_bucket":2,"minecraft:red_wool":1209,"minecraft:lime_banner":1,"minecraft:jungle_fence_gate":4,"minecraft:deepslate_copper_ore":31,"minecraft:quartz_block":13,"minecraft:dark_oak_slab":78,"minecraft:diorite_wall":28,"minecraft:bow":4046,"minecraft:oak_sapling":654,"minecraft:acacia_fence":420,"minecraft:gray_banner":6,"minecraft:green_stained_glass_pane":37,"minecraft:deepslate_brick_wall":87,"minecraft:damaged_anvil":1,"minecraft:blackstone":253,"minecraft:cactus":334,"minecraft:wooden_pickaxe":7,"minecraft:composter":56,"minecraft:glow_berries":14,"minecraft:golden_apple":29,"minecraft:blast_furnace":69,"minecraft:weathered_cut_copper_slab":5,"minecraft:gray_concrete":120,"minecraft:red_sandstone_wall":200,"minecraft:deepslate_brick_stairs":141,"minecraft:crimson_fence_gate":4,"minecraft:birch_slab":11,"minecraft:gray_stained_glass_pane":21,"minecraft:deepslate_iron_ore":298,"minecraft:flowering_azalea_leaves":158,"minecraft:coal_block":194,"minecraft:diamond_sword":14422,"minecraft:smithing_table":222,"minecraft:birch_log":344,"minecraft:oak_boat":11,"minecraft:oak_trapdoor":369,"minecraft:stripped_acacia_wood":122,"minecraft:polished_blackstone_brick_slab":18,"minecraft:enchanting_table":5,"minecraft:carved_pumpkin":10,"minecraft:armor_stand":34,"minecraft:tinted_glass":89,"minecraft:light_gray_carpet":761,"minecraft:polished_blackstone_wall":449,"minecraft:torch":12046,"minecraft:brewing_stand":36,"minecraft:nether_quartz_ore":616,"minecraft:oak_fence_gate":24,"minecraft:fern":15,"minecraft:sea_lantern":2,"minecraft:chipped_anvil":5,"minecraft:iron_block":930,"minecraft:polished_deepslate_wall":1733,"minecraft:jungle_log":160,"minecraft:barrel":446,"minecraft:bamboo":26,"minecraft:diamond_chestplate":1,"minecraft:basalt":2050,"minecraft:lime_concrete":38,"minecraft:warped_stairs":342,"minecraft:podzol":1,"minecraft:acacia_planks":170,"minecraft:horn_coral_fan":2,"minecraft:calcite":1155,"minecraft:deepslate_emerald_ore":1,"minecraft:wheat_seeds":7519,"minecraft:warped_stem":339,"minecraft:birch_planks":26,"minecraft:lead":2,"minecraft:spruce_fence_gate":185,"minecraft:cauldron":21,"minecraft:glow_ink_sac":16,"minecraft:gold_ore":200,"minecraft:deepslate_bricks":1733,"minecraft:diamond_block":346,"minecraft:light_gray_banner":3,"minecraft:white_bed":63,"minecraft:crimson_trapdoor":34,"minecraft:polished_deepslate_slab":1240,"minecraft:rail":1661,"minecraft:green_dye":2,"minecraft:campfire":211,"minecraft:spruce_log":4341,"minecraft:mushroom_stem":35,"minecraft:acacia_sign":114,"minecraft:amethyst_cluster":3,"minecraft:diamond_shovel":253918,"minecraft:diamond_pickaxe":358880,"minecraft:warped_trapdoor":99,"minecraft:suspicious_stew":1,"minecraft:spruce_pressure_plate":1,"minecraft:spruce_trapdoor":2658,"minecraft:spruce_sapling":517,"minecraft:green_carpet":56,"minecraft:potion":32,"minecraft:azalea_leaves":3900,"minecraft:orange_banner":19,"minecraft:purple_bed":8,"minecraft:crimson_stairs":27,"minecraft:andesite_stairs":6,"minecraft:cooked_porkchop":288,"minecraft:porkchop":1,"minecraft:warped_fence_gate":29,"minecraft:stripped_oak_log":6,"minecraft:dandelion":31,"minecraft:diamond_leggings":1,"minecraft:green_stained_glass":10,"minecraft:moss_carpet":3987,"minecraft:blue_terracotta":30,"minecraft:red_sand":10,"minecraft:polished_deepslate":4607,"minecraft:light_gray_stained_glass_pane":394,"minecraft:bone_block":561,"minecraft:polished_basalt":2200,"minecraft:nether_wart":222,"minecraft:grass":2,"minecraft:green_terracotta":63,"minecraft:soul_campfire":4,"minecraft:spruce_leaves":21509,"minecraft:orange_glazed_terracotta":1,"minecraft:jungle_planks":37,"minecraft:furnace_minecart":3,"minecraft:beehive":189,"minecraft:obsidian":66,"minecraft:honey_bottle":40,"minecraft:big_dripleaf":17,"minecraft:bricks":333,"minecraft:spruce_wood":44,"minecraft:lantern":576,"minecraft:blue_orchid":11,"minecraft:green_wool":204,"minecraft:light_blue_bed":1,"minecraft:item_frame":262,"minecraft:deepslate_diamond_ore":20,"minecraft:birch_trapdoor":5,"minecraft:red_nether_brick_wall":6,"minecraft:written_book":326,"minecraft:gold_block":42,"minecraft:dark_oak_sapling":909,"minecraft:tube_coral_fan":4,"minecraft:end_rod":318,"minecraft:dropper":123,"minecraft:wither_skeleton_skull":3,"minecraft:gray_carpet":256,"minecraft:stone_pickaxe":327,"minecraft:jungle_fence":16,"minecraft:oak_planks":119,"minecraft:sandstone":25,"minecraft:sugar_cane":137,"minecraft:diamond_axe":68019,"minecraft:white_wool":1770,"minecraft:light_blue_wool":424,"minecraft:crossbow":1,"minecraft:deepslate_lapis_ore":20,"minecraft:sticky_piston":13,"minecraft:lever":23,"minecraft:acacia_door":6,"minecraft:dark_oak_log":3743,"minecraft:bread":120,"minecraft:brown_wool":4,"minecraft:warped_slab":273,"minecraft:iron_door":4,"minecraft:deepslate":2507,"minecraft:stripped_warped_hyphae":366,"minecraft:pufferfish_bucket":3,"minecraft:chain":1204,"minecraft:smooth_stone_slab":200,"minecraft:coarse_dirt":5424,"minecraft:bone_meal":9857,"minecraft:rose_bush":3,"minecraft:white_tulip":1,"minecraft:flint_and_steel":321,"minecraft:crimson_fence":25,"minecraft:redstone":311,"minecraft:ender_chest":391,"minecraft:brown_shulker_box":6,"minecraft:deepslate_gold_ore":74,"minecraft:stone_hoe":102,"minecraft:stripped_birch_wood":5,"minecraft:cooked_chicken":3,"minecraft:dirt":26485,"minecraft:bee_nest":35,"minecraft:spruce_fence":3322,"minecraft:warped_pressure_plate":8,"minecraft:wooden_axe":1,"minecraft:brown_terracotta":242,"minecraft:light_gray_stained_glass":185,"minecraft:smooth_sandstone":220,"minecraft:crimson_slab":36,"minecraft:iron_boots":1,"minecraft:soul_soil":1468,"minecraft:dark_oak_pressure_plate":12,"minecraft:deepslate_tile_stairs":12,"minecraft:minecart":132,"minecraft:cooked_beef":1384,"minecraft:powder_snow_bucket":6,"minecraft:pumpkin":102,"minecraft:orange_stained_glass_pane":13,"minecraft:iron_leggings":1,"minecraft:cobbled_deepslate_wall":203,"minecraft:cobblestone_stairs":24,"minecraft:lodestone":4,"minecraft:snow_block":2141,"minecraft:baked_potato":71,"minecraft:red_nether_bricks":13,"minecraft:birch_boat":8,"minecraft:spruce_sign":1248,"minecraft:warped_roots":7,"minecraft:waxed_copper_block":15,"minecraft:red_mushroom":1,"minecraft:warped_planks":305,"minecraft:piston":635,"minecraft:gray_terracotta":290,"minecraft:flower_pot":87,"minecraft:black_wool":366,"minecraft:lapis_ore":121,"minecraft:gray_candle":2,"minecraft:stone_slab":3494,"minecraft:jungle_stairs":10,"minecraft:stone_axe":374,"minecraft:crimson_fungus":2,"minecraft:cobbled_deepslate_slab":293,"minecraft:stripped_crimson_hyphae":27,"minecraft:end_crystal":2,"minecraft:cyan_stained_glass_pane":3,"minecraft:pumpkin_pie":144,"minecraft:wither_rose":1,"minecraft:gray_wool":287,"minecraft:birch_stairs":12,"minecraft:nether_brick_fence":4,"minecraft:polished_blackstone":1363,"minecraft:spruce_slab":943,"minecraft:elytra":4,"minecraft:ladder":325,"minecraft:green_banner":5,"minecraft:chest":708,"minecraft:acacia_button":1,"minecraft:acacia_sapling":529,"minecraft:brick_slab":114,"minecraft:jungle_slab":33,"minecraft:stripped_spruce_log":2182,"minecraft:honey_block":328,"minecraft:honeycomb":1344,"minecraft:black_stained_glass_pane":65,"minecraft:warped_hyphae":844,"minecraft:grass_block":23635,"minecraft:birch_sapling":661,"minecraft:polished_andesite_stairs":188,"minecraft:orange_shulker_box":8,"minecraft:copper_ore":539,"minecraft:dark_oak_button":1,"minecraft:stone_brick_stairs":3,"minecraft:snow":14,"minecraft:exposed_cut_copper_slab":25,"minecraft:dark_oak_boat":11,"minecraft:sweet_berries":85,"minecraft:furnace":33,"minecraft:egg":77,"minecraft:potato":1066,"minecraft:dragon_head":1,"minecraft:emerald_ore":2,"minecraft:spruce_door":5,"minecraft:stripped_birch_log":73,"minecraft:diorite":1016,"minecraft:end_stone_bricks":15,"minecraft:cut_copper_slab":117,"minecraft:brick_wall":24,"minecraft:red_stained_glass":2,"minecraft:acacia_trapdoor":592,"minecraft:powered_rail":503,"minecraft:blackstone_stairs":69,"minecraft:lime_concrete_powder":111,"minecraft:jungle_pressure_plate":6,"minecraft:purpur_pillar":8,"minecraft:oak_leaves":597,"minecraft:smooth_quartz_stairs":81,"minecraft:dark_oak_trapdoor":616,"minecraft:sand":1678,"minecraft:purpur_stairs":8,"minecraft:oxidized_cut_copper_slab":888,"minecraft:black_concrete_powder":1802,"minecraft:pumpkin_seeds":10,"minecraft:lightning_rod":730,"minecraft:deepslate_tiles":184,"minecraft:crying_obsidian":3,"minecraft:stone_button":11,"minecraft:red_terracotta":286,"minecraft:lectern":224,"minecraft:polished_granite":520,"minecraft:diamond_ore":62,"minecraft:polished_andesite_slab":329,"minecraft:soul_lantern":30,"minecraft:green_candle":3,"minecraft:dark_oak_fence":173,"minecraft:white_stained_glass":26,"minecraft:ice":33,"minecraft:gray_stained_glass":50,"minecraft:iron_bars":108,"minecraft:stone_sword":13,"minecraft:acacia_log":638,"minecraft:brain_coral_fan":6,"minecraft:sandstone_wall":24,"minecraft:netherrack":1330,"minecraft:orange_bed":4,"minecraft:dragon_egg":5,"minecraft:anvil":77,"minecraft:target":24,"minecraft:warped_wart_block":2,"minecraft:stone_stairs":27,"minecraft:twisting_vines":41,"minecraft:crimson_hyphae":138,"minecraft:glow_lichen":7,"minecraft:jungle_trapdoor":22,"minecraft:nether_brick_stairs":26,"minecraft:polished_diorite":1117,"minecraft:small_dripleaf":1,"minecraft:shroomlight":2,"minecraft:flowering_azalea":89,"minecraft:cyan_shulker_box":1,"minecraft:rooted_dirt":73,"minecraft:iron_axe":15853,"minecraft:spruce_button":6,"minecraft:brick_stairs":37,"minecraft:slime_block":39,"minecraft:warped_fence":95,"minecraft:smooth_quartz":137,"minecraft:pink_stained_glass_pane":4,"minecraft:melon_seeds":9,"minecraft:smooth_basalt":161,"minecraft:tripwire_hook":4,"minecraft:raw_copper_block":3,"minecraft:glowstone":57,"minecraft:oxidized_copper":1383,"minecraft:gray_glazed_terracotta":25,"minecraft:iron_trapdoor":12,"minecraft:acacia_wood":1466,"minecraft:cobbled_deepslate":433,"minecraft:pointed_dripstone":43,"minecraft:orange_terracotta":86,"minecraft:observer":56,"minecraft:hanging_roots":5,"minecraft:crimson_stem":24,"minecraft:water_bucket":513,"minecraft:nether_brick_wall":9,"minecraft:cartography_table":50,"minecraft:lime_wool":6,"minecraft:bubble_coral_fan":2,"minecraft:red_mushroom_block":3,"minecraft:fletching_table":1,"minecraft:polished_blackstone_bricks":389,"minecraft:gilded_blackstone":12,"minecraft:mossy_cobblestone":4,"minecraft:lime_terracotta":24,"minecraft:comparator":65,"minecraft:tnt":16,"minecraft:oak_slab":19,"minecraft:crafting_table":137,"minecraft:birch_sign":16,"minecraft:fire_coral":1,"minecraft:dark_oak_fence_gate":43,"minecraft:lime_shulker_box":3,"minecraft:cake":19,"minecraft:deepslate_tile_wall":10,"minecraft:oak_log":601,"minecraft:ender_eye":2,"minecraft:cornflower":14,"minecraft:oxeye_daisy":29,"minecraft:stripped_jungle_log":3,"minecraft:sunflower":3,"minecraft:iron_pickaxe":26946,"minecraft:purpur_slab":10,"minecraft:crimson_nylium":6,"minecraft:chiseled_stone_bricks":67,"minecraft:cobblestone":1855,"minecraft:acacia_pressure_plate":44,"minecraft:sandstone_slab":305,"minecraft:glass_pane":26,"minecraft:black_candle":10,"minecraft:jukebox":6,"minecraft:kelp":60,"minecraft:candle":22,"minecraft:light_blue_stained_glass_pane":4,"minecraft:iron_shovel":28737,"minecraft:diamond_hoe":97735,"minecraft:oak_sign":162,"minecraft:white_concrete_powder":149,"minecraft:shield":132,"minecraft:white_terracotta":128,"minecraft:iron_sword":3308,"minecraft:bell":9,"minecraft:player_head":81,"minecraft:smooth_sandstone_stairs":3,"minecraft:oxidized_cut_copper":83,"minecraft:iron_chestplate":1,"minecraft:nether_bricks":53,"minecraft:carrot":1918,"minecraft:deepslate_tile_slab":194,"minecraft:music_disc_11":10,"minecraft:tuff":255,"minecraft:axolotl_bucket":4,"minecraft:polished_deepslate_stairs":1008,"minecraft:milk_bucket":53,"minecraft:glass":158,"minecraft:cyan_terracotta":2630,"minecraft:coal_ore":2397,"minecraft:quartz_slab":4,"minecraft:iron_helmet":2,"minecraft:dark_oak_wood":2065,"minecraft:gray_concrete_powder":807,"minecraft:hopper_minecart":1,"minecraft:stone_bricks":98,"minecraft:honeycomb_block":2,"minecraft:brown_carpet":122,"minecraft:repeater":91,"minecraft:redstone_lamp":1,"minecraft:magma_block":6,"minecraft:warped_fungus":1,"minecraft:hay_block":32,"minecraft:scaffolding":1,"minecraft:oxidized_cut_copper_stairs":355,"minecraft:polished_blackstone_stairs":455,"minecraft:stripped_spruce_wood":2,"minecraft:chiseled_polished_blackstone":1,"minecraft:dark_oak_stairs":374,"minecraft:dark_oak_sign":71,"minecraft:birch_leaves":121,"minecraft:birch_wood":174,"minecraft:ender_pearl":66,"minecraft:redstone_block":115,"minecraft:blue_bed":6,"minecraft:brain_coral":2,"minecraft:light_gray_terracotta":146,"minecraft:loom":23,"minecraft:deepslate_redstone_ore":182,"minecraft:note_block":27,"minecraft:blackstone_wall":24,"minecraft:dripstone_block":2529,"minecraft:stone_brick_wall":5,"minecraft:cobbled_deepslate_stairs":374,"minecraft:shears":3799,"minecraft:exposed_copper":33,"minecraft:redstone_torch":59,"minecraft:firework_rocket":31726,"minecraft:black_concrete":665,"minecraft:string":2644,"minecraft:birch_fence_gate":27,"minecraft:heavy_weighted_pressure_plate":2,"minecraft:light_gray_concrete":783,"minecraft:light_gray_candle":4,"minecraft:gravel":624,"minecraft:blackstone_slab":1307,"minecraft:jungle_sign":23,"minecraft:grindstone":786,"minecraft:crimson_door":2,"minecraft:deepslate_coal_ore":284,"minecraft:andesite":1266,"minecraft:oak_fence":55,"minecraft:purpur_block":38,"minecraft:azalea":262,"minecraft:chest_minecart":1,"minecraft:warped_button":2,"minecraft:experience_bottle":24,"minecraft:trident":123,"minecraft:tropical_fish":2,"minecraft:redstone_ore":568,"minecraft:stone_shovel":123,"minecraft:light_blue_terracotta":17,"minecraft:spruce_planks":939,"minecraft:cut_copper_stairs":115,"minecraft:spyglass":202,"minecraft:white_carpet":1,"minecraft:hopper":410,"minecraft:spruce_stairs":1416,"minecraft:cobblestone_wall":8,"minecraft:warped_door":10,"minecraft:shulker_box":1955,"minecraft:oak_wood":46,"minecraft:pink_dye":5,"minecraft:granite":271,"minecraft:purple_banner":1,"minecraft:andesite_wall":152,"minecraft:dark_oak_planks":744,"minecraft:stone_brick_slab":22,"minecraft:bookshelf":828,"minecraft:yellow_stained_glass":14,"minecraft:acacia_slab":74,"minecraft:crimson_planks":25,"minecraft:light_gray_wool":1685,"minecraft:emerald_block":347,"minecraft:golden_carrot":2655,"minecraft:white_stained_glass_pane":48,"minecraft:cyan_banner":31,"minecraft:granite_wall":51,"minecraft:stone_pressure_plate":19,"minecraft:red_dye":37,"minecraft:brown_bed":5,"minecraft:cooked_mutton":125,"minecraft:acacia_boat":24,"minecraft:iron_ore":1747,"minecraft:amethyst_block":23,"minecraft:glass_bottle":180,"minecraft:andesite_slab":134,"minecraft:polished_andesite":1326,"minecraft:copper_block":2719,"minecraft:stonecutter":114,"minecraft:white_dye":2,"minecraft:beacon":7,"minecraft:chiseled_nether_bricks":2,"minecraft:cobblestone_slab":148,"minecraft:polished_blackstone_pressure_plate":40,"minecraft:stripped_dark_oak_log":195,"minecraft:terracotta":960,"minecraft:brown_banner":2,"minecraft:yellow_stained_glass_pane":18,"minecraft:light_gray_concrete_powder":2382,"minecraft:painting":11,"minecraft:smoker":4,"minecraft:dark_oak_door":1,"minecraft:acacia_stairs":11,"minecraft:apple":32,"minecraft:netherite_axe":23,"minecraft:cracked_nether_bricks":5,"minecraft:purple_dye":1,"minecraft:acacia_fence_gate":44,"minecraft:red_banner":4,"minecraft:bucket":545,"minecraft:yellow_bed":2,"minecraft:polished_blackstone_button":169,"minecraft:smooth_stone":93,"minecraft:splash_potion":86,"minecraft:soul_torch":7,"minecraft:lime_candle":5},"minecraft:custom":{"minecraft:interact_with_crafting_table":3208,"minecraft:damage_blocked_by_shield":6030,"minecraft:play_time":41502611,"minecraft:deaths":209,"minecraft:jump":300753,"minecraft:play_record":10,"minecraft:interact_with_cartography_table":56,"minecraft:interact_with_smoker":1,"minecraft:inspect_dispenser":673,"minecraft:horse_one_cm":9388252,"minecraft:inspect_dropper":555,"minecraft:interact_with_anvil":448,"minecraft:inspect_hopper":646,"minecraft:tune_noteblock":16,"minecraft:time_since_rest":6311,"minecraft:swim_one_cm":536155,"minecraft:open_chest":23104,"minecraft:open_shulker_box":17672,"minecraft:damage_resisted":53,"minecraft:play_noteblock":16,"minecraft:talked_to_villager":9705,"minecraft:interact_with_brewingstand":302,"minecraft:interact_with_beacon":11,"minecraft:fill_cauldron":1,"minecraft:boat_one_cm":1932179,"minecraft:damage_taken":405801,"minecraft:aviate_one_cm":964451312,"minecraft:open_barrel":11522,"minecraft:bell_ring":11,"minecraft:leave_game":1122,"minecraft:eat_cake_slice":3,"minecraft:time_since_death":44087,"minecraft:enchant_item":331,"minecraft:interact_with_furnace":1364,"minecraft:traded_with_villager":78547,"minecraft:sleep_in_bed":845,"minecraft:damage_dealt":817604,"minecraft:use_cauldron":42,"minecraft:interact_with_smithing_table":115,"minecraft:target_hit":1,"minecraft:sneak_time":2743368,"minecraft:interact_with_lectern":34,"minecraft:interact_with_blast_furnace":20,"minecraft:total_world_time":41502611,"minecraft:interact_with_stonecutter":194,"minecraft:fly_one_cm":56276769,"minecraft:fall_one_cm":9150407,"minecraft:animals_bred":1982,"minecraft:sprint_one_cm":61801157,"minecraft:drop":8265,"minecraft:walk_on_water_one_cm":1643477,"minecraft:interact_with_loom":21,"minecraft:open_enderchest":2319,"minecraft:player_kills":8,"minecraft:crouch_one_cm":7705412,"minecraft:mob_kills":57412,"minecraft:climb_one_cm":2769450,"minecraft:walk_one_cm":124260536,"minecraft:walk_under_water_one_cm":2714577,"minecraft:pot_flower":30,"minecraft:interact_with_grindstone":141,"minecraft:damage_absorbed":1017,"minecraft:minecart_one_cm":308168,"minecraft:pig_one_cm":44435}},"DataVersion":2730}