{"stats":{"minecraft:crafted":{"minecraft:oak_door":3,"minecraft:oak_planks":820,"minecraft:redstone":1341,"minecraft:stone_shovel":11,"minecraft:cobblestone_slab":768,"minecraft:coal":1287,"minecraft:blaze_powder":124,"minecraft:lightning_rod":21,"minecraft:furnace":2,"minecraft:cobblestone_stairs":144,"minecraft:lever":1,"minecraft:diamond_shovel":1,"minecraft:iron_bars":128,"minecraft:raw_copper_block":5,"minecraft:diamond_block":25,"minecraft:oak_trapdoor":16,"minecraft:flint_and_steel":2,"minecraft:glass":27,"minecraft:hopper":4,"minecraft:diamond":54,"minecraft:repeater":64,"minecraft:diamond_helmet":1,"minecraft:bow":2,"minecraft:polished_diorite":104,"minecraft:iron_axe":1,"minecraft:polished_granite_stairs":144,"minecraft:ladder":54,"minecraft:slime_ball":45,"minecraft:stone_pickaxe":7,"minecraft:chest":37,"minecraft:diamond_boots":2,"minecraft:oak_button":2,"minecraft:copper_block":53,"minecraft:redstone_block":652,"minecraft:rail":128,"minecraft:stone_hoe":2,"minecraft:raw_iron_block":18,"minecraft:polished_diorite_slab":204,"minecraft:minecart":3,"minecraft:magma_cream":30,"minecraft:coal_block":319,"minecraft:glass_bottle":45,"minecraft:oak_slab":36,"minecraft:diamond_sword":1,"minecraft:diamond_axe":1,"minecraft:crafting_table":3,"minecraft:polished_andesite_stairs":4,"minecraft:powered_rail":102,"minecraft:iron_sword":1,"minecraft:raw_gold_block":2,"minecraft:polished_granite":220,"minecraft:copper_ingot":61,"minecraft:gold_block":22,"minecraft:bucket":1,"minecraft:birch_planks":100,"minecraft:brewing_stand":2,"minecraft:air":0,"minecraft:diamond_pickaxe":1,"minecraft:gold_nugget":9,"minecraft:stick":988,"minecraft:iron_ingot":236,"minecraft:iron_pickaxe":18,"minecraft:iron_block":63,"minecraft:iron_shovel":10,"minecraft:gold_ingot":140,"minecraft:anvil":1,"minecraft:white_bed":1,"minecraft:redstone_torch":192,"minecraft:torch":2556,"minecraft:lapis_block":136,"minecraft:polished_andesite":288},"minecraft:mined":{"minecraft:diamond_ore":121,"minecraft:tuff":369,"minecraft:white_bed":5,"minecraft:oak_sapling":1,"minecraft:farmland":1,"minecraft:deepslate_diamond_ore":30,"minecraft:candle":22,"minecraft:cobblestone_stairs":2,"minecraft:shulker_box":23,"minecraft:lever":1,"minecraft:granite":733,"minecraft:grass_block":1404,"minecraft:redstone_wire":19,"minecraft:kelp":87,"minecraft:sandstone":7,"minecraft:hopper":1,"minecraft:tall_seagrass":5,"minecraft:oak_trapdoor":6,"minecraft:redstone_ore":667,"minecraft:magma_block":39,"minecraft:carrots":200,"minecraft:iron_ore":549,"minecraft:fire":1,"minecraft:cobbled_deepslate":9,"minecraft:andesite":741,"minecraft:deepslate_lapis_ore":45,"minecraft:dirt_path":20,"minecraft:cobblestone_slab":627,"minecraft:shroomlight":3,"minecraft:deepslate_iron_ore":161,"minecraft:rail":28,"minecraft:iron_bars":10,"minecraft:stripped_oak_log":1,"minecraft:stone":9812,"minecraft:polished_granite_stairs":1,"minecraft:deepslate_redstone_ore":275,"minecraft:oak_slab":9,"minecraft:kelp_plant":47,"minecraft:dandelion":1,"minecraft:clay":21,"minecraft:crafting_table":6,"minecraft:torch":165,"minecraft:poppy":1,"minecraft:polished_andesite_stairs":1,"minecraft:chest":6,"minecraft:polished_diorite_slab":22,"minecraft:copper_ore":119,"minecraft:glass":9,"minecraft:cobblestone":1064,"minecraft:deepslate_coal_ore":297,"minecraft:deepslate_gold_ore":70,"minecraft:lapis_ore":52,"minecraft:oak_planks":6,"minecraft:diorite":415,"minecraft:wall_torch":77,"minecraft:deepslate_copper_ore":30,"minecraft:seagrass":2,"minecraft:repeater":14,"minecraft:powered_rail":6,"minecraft:birch_log":25,"minecraft:birch_leaves":1,"minecraft:grass":21,"minecraft:coal_ore":1294,"minecraft:oak_log":459,"minecraft:gravel":355,"minecraft:sand":650,"minecraft:dirt":2204,"minecraft:oak_button":1,"minecraft:polished_andesite":7,"minecraft:gold_ore":109,"minecraft:oak_leaves":630,"minecraft:deepslate":4043},"minecraft:picked_up":{"minecraft:crafting_table":7,"minecraft:ender_chest":3,"minecraft:ladder":30,"minecraft:clay_ball":84,"minecraft:diamond_sword":1,"minecraft:string":14,"minecraft:oak_trapdoor":20,"minecraft:raw_copper":863,"minecraft:iron_shovel":7,"minecraft:shroomlight":3,"minecraft:candle":41,"minecraft:cobbled_deepslate":4029,"minecraft:cobblestone_slab":602,"minecraft:player_head":2,"minecraft:poppy":6,"minecraft:minecart":1,"minecraft:chest":6,"minecraft:birch_sapling":4,"minecraft:phantom_membrane":4,"minecraft:egg":2,"minecraft:raw_iron":1268,"minecraft:stick":227,"minecraft:sandstone":7,"minecraft:oak_door":4,"minecraft:torch":589,"minecraft:porkchop":1,"minecraft:lightning_rod":12,"minecraft:diorite":420,"minecraft:carrot":873,"minecraft:redstone":5320,"minecraft:polished_granite_stairs":69,"minecraft:arrow":23,"minecraft:rotten_flesh":17,"minecraft:carved_pumpkin":2,"minecraft:blaze_rod":64,"minecraft:mutton":14,"minecraft:iron_bars":10,"minecraft:cod":4,"minecraft:rail":109,"minecraft:white_wool":5,"minecraft:cobblestone":11479,"minecraft:stripped_oak_log":1,"minecraft:birch_log":37,"minecraft:magma_block":19,"minecraft:polished_diorite_slab":102,"minecraft:cooked_beef":4,"minecraft:repeater":51,"minecraft:golden_carrot":50,"minecraft:glow_ink_sac":8,"minecraft:water_bucket":3,"minecraft:andesite":737,"minecraft:potato":8,"minecraft:flint":41,"minecraft:tuff":366,"minecraft:oak_log":457,"minecraft:gunpowder":6,"minecraft:cobblestone_stairs":2,"minecraft:lapis_lazuli":1260,"minecraft:dirt":4292,"minecraft:bone":14,"minecraft:apple":22,"minecraft:kelp":605,"minecraft:wheat_seeds":42,"minecraft:raw_gold":327,"minecraft:iron_ingot":2,"minecraft:stone_pickaxe":7,"minecraft:powered_rail":103,"minecraft:iron_sword":2,"minecraft:oak_planks":10,"minecraft:polished_andesite_stairs":3,"minecraft:oak_slab":8,"minecraft:birch_boat":2,"minecraft:dandelion":6,"minecraft:gravel":424,"minecraft:sand":713,"minecraft:white_bed":5,"minecraft:diamond_block":13,"minecraft:spider_eye":7,"minecraft:shulker_box":23,"minecraft:polished_andesite":7,"minecraft:diamond":277,"minecraft:polished_diorite":1,"minecraft:lever":4,"minecraft:granite":733,"minecraft:oak_button":3,"minecraft:oak_sapling":211,"minecraft:coal":3059,"minecraft:hopper":1,"minecraft:diamond_pickaxe":2},"minecraft:killed":{"minecraft:spider":6,"minecraft:dolphin":1,"minecraft:phantom":2,"minecraft:skeleton":4,"minecraft:drowned":2,"minecraft:pig":1,"minecraft:creeper":3,"minecraft:sheep":5,"minecraft:zombie":8},"minecraft:killed_by":{"minecraft:drowned":1,"minecraft:skeleton":1,"minecraft:zombie":2},"minecraft:dropped":{"minecraft:iron_sword":1,"minecraft:crafting_table":1,"minecraft:cobblestone":166,"minecraft:flint":6,"minecraft:stick":24,"minecraft:dirt":6,"minecraft:diorite":3,"minecraft:sand":11,"minecraft:iron_shovel":1,"minecraft:gravel":18,"minecraft:oak_trapdoor":20,"minecraft:tuff":2,"minecraft:oak_planks":4,"minecraft:stripped_oak_log":1,"minecraft:carrot":1,"minecraft:poppy":2,"minecraft:cobblestone_slab":7,"minecraft:diamond_pickaxe":1,"minecraft:oak_sapling":7,"minecraft:powered_rail":1,"minecraft:magma_block":4},"minecraft:broken":{"minecraft:iron_shovel":9,"minecraft:stone_hoe":1,"minecraft:stone_pickaxe":8,"minecraft:iron_axe":1,"minecraft:stone_axe":1,"minecraft:iron_pickaxe":18,"minecraft:stone_shovel":12},"minecraft:used":{"minecraft:iron_bars":10,"minecraft:polished_granite_stairs":109,"minecraft:oak_trapdoor":12,"minecraft:iron_shovel":2472,"minecraft:flint_and_steel":31,"minecraft:stone_shovel":1587,"minecraft:redstone":272,"minecraft:ladder":56,"minecraft:chest":37,"minecraft:ender_chest":1,"minecraft:iron_sword":29,"minecraft:stone_hoe":165,"minecraft:oak_door":2,"minecraft:torch":1940,"minecraft:brewing_stand":2,"minecraft:dirt":1899,"minecraft:anvil":1,"minecraft:hopper":5,"minecraft:carrot":419,"minecraft:shulker_box":22,"minecraft:granite":128,"minecraft:shroomlight":17,"minecraft:glass":35,"minecraft:iron_axe":250,"minecraft:polished_andesite_stairs":2,"minecraft:repeater":92,"minecraft:golden_carrot":32,"minecraft:bow":23,"minecraft:oak_sapling":67,"minecraft:furnace":2,"minecraft:minecart":2,"minecraft:cobbled_deepslate":182,"minecraft:water_bucket":157,"minecraft:diorite":1,"minecraft:cobblestone_stairs":101,"minecraft:stone_pickaxe":1063,"minecraft:powered_rail":12,"minecraft:polished_andesite":177,"minecraft:oak_planks":46,"minecraft:polished_diorite_slab":172,"minecraft:birch_boat":1,"minecraft:sandstone":1,"minecraft:redstone_block":3,"minecraft:diamond_axe":47,"minecraft:cobblestone_slab":811,"minecraft:rail":81,"minecraft:sand":51,"minecraft:oak_slab":23,"minecraft:crafting_table":9,"minecraft:white_bed":6,"minecraft:lightning_rod":15,"minecraft:sticky_piston":63,"minecraft:oak_log":1,"minecraft:lever":5,"minecraft:diamond_pickaxe":16320,"minecraft:apple":1,"minecraft:diamond_shovel":566,"minecraft:iron_pickaxe":4511,"minecraft:oak_button":5,"minecraft:polished_granite":1,"minecraft:deepslate":676,"minecraft:stone_axe":127,"minecraft:diamond_sword":60,"minecraft:cobblestone":7276,"minecraft:andesite":355,"minecraft:bucket":158,"minecraft:candle":47},"minecraft:custom":{"minecraft:inspect_dropper":2,"minecraft:interact_with_anvil":22,"minecraft:mob_kills":32,"minecraft:inspect_hopper":61,"minecraft:interact_with_crafting_table":169,"minecraft:open_barrel":73,"minecraft:open_shulker_box":126,"minecraft:leave_game":103,"minecraft:time_since_death":922952,"minecraft:climb_one_cm":252200,"minecraft:sprint_one_cm":1892674,"minecraft:walk_one_cm":5831065,"minecraft:drop":77,"minecraft:talked_to_villager":1,"minecraft:play_time":2548711,"minecraft:sneak_time":39890,"minecraft:deaths":4,"minecraft:walk_under_water_one_cm":248813,"minecraft:boat_one_cm":148932,"minecraft:interact_with_lectern":5,"minecraft:jump":2640,"minecraft:interact_with_brewingstand":6,"minecraft:walk_on_water_one_cm":577063,"minecraft:total_world_time":2548711,"minecraft:interact_with_furnace":93,"minecraft:sleep_in_bed":23,"minecraft:time_since_rest":122972,"minecraft:damage_taken":3146,"minecraft:open_enderchest":44,"minecraft:damage_dealt":4212,"minecraft:minecart_one_cm":64077,"minecraft:swim_one_cm":79833,"minecraft:fly_one_cm":204021,"minecraft:open_chest":1215,"minecraft:crouch_one_cm":127178,"minecraft:inspect_dispenser":1,"minecraft:fall_one_cm":20025,"minecraft:horse_one_cm":700}},"DataVersion":2730}