{"stats":{"minecraft:killed_by":{"minecraft:zombie":1},"minecraft:custom":{"minecraft:interact_with_crafting_table":668,"minecraft:open_barrel":74,"minecraft:leave_game":146,"minecraft:time_since_death":6908262,"minecraft:play_time":7698061,"minecraft:deaths":1,"minecraft:jump":52731,"minecraft:enchant_item":10,"minecraft:interact_with_furnace":665,"minecraft:traded_with_villager":19331,"minecraft:sleep_in_bed":224,"minecraft:damage_dealt":24107,"minecraft:horse_one_cm":1184072,"minecraft:interact_with_anvil":26,"minecraft:inspect_hopper":79,"minecraft:sneak_time":163944,"minecraft:interact_with_lectern":1,"minecraft:total_world_time":7698061,"minecraft:interact_with_stonecutter":8,"minecraft:time_since_rest":15086,"minecraft:swim_one_cm":264691,"minecraft:fly_one_cm":11202693,"minecraft:open_chest":4638,"minecraft:fall_one_cm":1207352,"minecraft:animals_bred":92,"minecraft:open_shulker_box":929,"minecraft:sprint_one_cm":13454992,"minecraft:drop":1505,"minecraft:talked_to_villager":3225,"minecraft:interact_with_brewingstand":24,"minecraft:walk_on_water_one_cm":270135,"minecraft:open_enderchest":233,"minecraft:interact_with_beacon":3,"minecraft:crouch_one_cm":470577,"minecraft:mob_kills":577,"minecraft:climb_one_cm":677716,"minecraft:walk_one_cm":12126628,"minecraft:walk_under_water_one_cm":114083,"minecraft:boat_one_cm":966423,"minecraft:pot_flower":1,"minecraft:interact_with_grindstone":7,"minecraft:damage_taken":16675,"minecraft:minecart_one_cm":59976,"minecraft:aviate_one_cm":4557247},"minecraft:dropped":{"minecraft:iron_sword":2,"minecraft:piston":8,"minecraft:porkchop":7,"minecraft:crafting_table":1,"minecraft:cooked_porkchop":1,"minecraft:rail":4,"minecraft:leather_helmet":2,"minecraft:dirt":239,"minecraft:stone_button":1,"minecraft:dark_oak_trapdoor":1,"minecraft:jack_o_lantern":15,"minecraft:chain":27,"minecraft:bone_meal":64,"minecraft:sand":1,"minecraft:bone":5,"minecraft:note_block":12,"minecraft:stone_axe":13,"minecraft:iron_nugget":7,"minecraft:golden_chestplate":1,"minecraft:cobbled_deepslate":1,"minecraft:birch_sapling":7,"minecraft:rotten_flesh":7,"minecraft:oak_planks":9,"minecraft:chiseled_deepslate":17,"minecraft:azalea_leaves":64,"minecraft:coal_ore":22,"minecraft:leather_boots":1,"minecraft:leather_leggings":1,"minecraft:glass":24,"minecraft:egg":1,"minecraft:enchanted_book":5,"minecraft:golden_boots":1,"minecraft:iron_ingot":17,"minecraft:birch_leaves":1,"minecraft:wheat_seeds":13,"minecraft:feather":4,"minecraft:cobblestone":58,"minecraft:apple":1,"minecraft:granite":190,"minecraft:coal":52,"minecraft:golden_carrot":1,"minecraft:wooden_axe":2,"minecraft:diamond_helmet":1,"minecraft:oak_stairs":7,"minecraft:string":2,"minecraft:moss_carpet":6,"minecraft:stone_sword":1,"minecraft:chicken":1,"minecraft:stone_slab":5,"minecraft:oak_sign":1,"minecraft:diamond_sword":1,"minecraft:shroomlight":3,"minecraft:stone":676,"minecraft:allium":64,"minecraft:peony":1,"minecraft:spruce_planks":128,"minecraft:yellow_bed":1,"minecraft:redstone_torch":31,"minecraft:bow":43,"minecraft:moss_block":6,"minecraft:brown_mushroom":2,"minecraft:diamond_axe":1,"minecraft:oak_log":65,"minecraft:flint":32,"minecraft:dark_oak_log":58,"minecraft:crimson_roots":1,"minecraft:pumpkin_pie":7,"minecraft:gravel":17,"minecraft:diamond_shovel":1,"minecraft:carrot":2859,"minecraft:chainmail_chestplate":1,"minecraft:poppy":4,"minecraft:gunpowder":2,"minecraft:chainmail_boots":2,"minecraft:arrow":152,"minecraft:powered_rail":48,"minecraft:netherrack":31,"minecraft:bread":7,"minecraft:golden_helmet":1,"minecraft:minecart":1,"minecraft:observer":12,"minecraft:stick":38,"minecraft:diorite":273,"minecraft:torch":65,"minecraft:iron_axe":3,"minecraft:cactus":11,"minecraft:dandelion":10,"minecraft:redstone":27,"minecraft:tuff":2,"minecraft:comparator":1,"minecraft:diamond_chestplate":1,"minecraft:andesite":72,"minecraft:oak_sapling":17,"minecraft:oak_boat":2,"minecraft:golden_leggings":1,"minecraft:stone_pickaxe":2,"minecraft:wooden_pickaxe":1,"minecraft:calcite":3},"minecraft:picked_up":{"minecraft:chainmail_boots":3,"minecraft:flower_pot":1,"minecraft:anvil":1,"minecraft:smithing_table":2,"minecraft:stone_slab":11,"minecraft:diamond_sword":2,"minecraft:oak_stairs":7,"minecraft:purple_shulker_box":35,"minecraft:polished_deepslate":139,"minecraft:string":24,"minecraft:dark_oak_trapdoor":7,"minecraft:shroomlight":91,"minecraft:beetroot":2,"minecraft:cobbled_deepslate":4742,"minecraft:spruce_planks":327,"minecraft:azalea_leaves":413,"minecraft:melon_slice":739,"minecraft:golden_helmet":2,"minecraft:composter":76,"minecraft:big_dripleaf":62,"minecraft:deepslate_tile_stairs":52,"minecraft:golden_chestplate":3,"minecraft:red_tulip":1,"minecraft:blue_dye":9,"minecraft:iron_block":333,"minecraft:carved_pumpkin":20,"minecraft:cyan_terracotta":118,"minecraft:white_terracotta":22,"minecraft:blaze_rod":4,"minecraft:birch_log":313,"minecraft:magma_block":16,"minecraft:feather":4,"minecraft:cooked_beef":6,"minecraft:iron_door":4,"minecraft:water_bucket":1,"minecraft:dark_oak_boat":3,"minecraft:flint":112,"minecraft:purple_stained_glass":1,"minecraft:twisting_vines":4,"minecraft:stonecutter":6,"minecraft:moss_block":248,"minecraft:honeycomb":6,"minecraft:glow_lichen":11,"minecraft:warped_wart_block":14,"minecraft:stripped_crimson_stem":642,"minecraft:ink_sac":17,"minecraft:dark_oak_log":511,"minecraft:barrel":58,"minecraft:iron_hoe":2,"minecraft:polished_andesite":21,"minecraft:blue_terracotta":12,"minecraft:deepslate":311,"minecraft:lever":6,"minecraft:granite":1378,"minecraft:spruce_button":1,"minecraft:deepslate_coal_ore":13,"minecraft:rooted_dirt":16,"minecraft:dark_oak_fence":10,"minecraft:crimson_roots":374,"minecraft:diamond_pickaxe":3,"minecraft:crafting_table":46,"minecraft:coarse_dirt":76,"minecraft:clay_ball":36,"minecraft:leather_leggings":3,"minecraft:white_carpet":23,"minecraft:beef":167,"minecraft:iron_nugget":29,"minecraft:poppy":11,"minecraft:spruce_slab":94,"minecraft:minecart":102,"minecraft:chest":37,"minecraft:birch_sapling":75,"minecraft:piston":9,"minecraft:egg":20,"minecraft:copper_ore":98,"minecraft:stone":16898,"minecraft:oak_door":5,"minecraft:spruce_fence":57,"minecraft:carrot":7715,"minecraft:redstone":2080,"minecraft:cyan_shulker_box":21,"minecraft:beetroot_seeds":1,"minecraft:peony":9,"minecraft:deepslate_bricks":108,"minecraft:hay_block":15,"minecraft:cracked_deepslate_bricks":80,"minecraft:gold_ingot":64,"minecraft:glow_berries":5,"minecraft:mutton":10,"minecraft:white_wool":60,"minecraft:rail":1253,"minecraft:lapis_ore":5,"minecraft:birch_leaves":166,"minecraft:oak_log":1418,"minecraft:lily_pad":1,"minecraft:golden_boots":3,"minecraft:apple":53,"minecraft:kelp":128,"minecraft:warped_stem":86,"minecraft:spore_blossom":6,"minecraft:iron_ore":165,"minecraft:flowering_azalea":4,"minecraft:dark_oak_slab":12,"minecraft:sweet_berries":5,"minecraft:gravel":969,"minecraft:spruce_sapling":112,"minecraft:spruce_log":927,"minecraft:leather_helmet":2,"minecraft:oak_wood":12,"minecraft:diamond_shovel":2,"minecraft:coal_ore":414,"minecraft:slime_ball":19,"minecraft:redstone_ore":41,"minecraft:diamond_axe":2,"minecraft:deepslate_redstone_ore":20,"minecraft:birch_sign":9,"minecraft:gray_wool":2,"minecraft:warped_roots":212,"minecraft:baked_potato":48,"minecraft:melon_seeds":17,"minecraft:warped_nylium":32,"minecraft:crimson_nylium":43,"minecraft:hopper":1,"minecraft:ender_pearl":2,"minecraft:chiseled_deepslate":17,"minecraft:wheat":282,"minecraft:redstone_block":116,"minecraft:ender_chest":18,"minecraft:lapis_block":2,"minecraft:raw_copper":188,"minecraft:deepslate_lapis_ore":2,"minecraft:iron_leggings":1,"minecraft:pink_shulker_box":33,"minecraft:oak_sign":15,"minecraft:deepslate_tiles":535,"minecraft:rose_bush":69,"minecraft:redstone_torch":44,"minecraft:cobblestone_slab":5,"minecraft:calcite":6,"minecraft:azalea":38,"minecraft:deepslate_tile_wall":1,"minecraft:deepslate_iron_ore":19,"minecraft:iron_boots":1,"minecraft:furnace":5,"minecraft:stick":431,"minecraft:deepslate_brick_wall":1,"minecraft:polished_deepslate_stairs":1,"minecraft:oak_fence":8,"minecraft:torch":857,"minecraft:spruce_stairs":4,"minecraft:porkchop":21,"minecraft:diorite":929,"minecraft:vine":358,"minecraft:quartz_block":1,"minecraft:cactus":404,"minecraft:rotten_flesh":42,"minecraft:deepslate_copper_ore":12,"minecraft:deepslate_brick_stairs":29,"minecraft:obsidian":412,"minecraft:cod":4,"minecraft:cobblestone":6052,"minecraft:lilac":21,"minecraft:magma_cream":7,"minecraft:andesite":1467,"minecraft:black_bed":2,"minecraft:golden_leggings":1,"minecraft:beacon":2,"minecraft:potato":89,"minecraft:magenta_dye":3,"minecraft:tuff":883,"minecraft:lapis_lazuli":379,"minecraft:dirt":12913,"minecraft:leather_boots":1,"minecraft:glass":8,"minecraft:bone":301,"minecraft:bow":29,"minecraft:wheat_seeds":612,"minecraft:cobbled_deepslate_wall":2,"minecraft:deepslate_brick_slab":22,"minecraft:raw_gold":200,"minecraft:bell":1,"minecraft:light_blue_dye":23,"minecraft:grindstone":17,"minecraft:powered_rail":460,"minecraft:oak_planks":26,"minecraft:cooked_porkchop":21,"minecraft:gray_stained_glass":1,"minecraft:sand":126,"minecraft:light_blue_shulker_box":16,"minecraft:melon":78,"minecraft:cyan_bed":4,"minecraft:dead_bush":34,"minecraft:grass_block":13,"minecraft:lily_of_the_valley":10,"minecraft:shulker_box":17,"minecraft:mossy_cobblestone":65,"minecraft:diamond":70,"minecraft:crossbow":1,"minecraft:grass":59,"minecraft:bone_meal":122,"minecraft:spruce_sign":7,"minecraft:emerald":46,"minecraft:netherrack":211,"minecraft:oak_sapling":423,"minecraft:andesite_slab":17,"minecraft:oak_leaves":1348,"minecraft:charcoal":8,"minecraft:allium":107,"minecraft:chicken":8,"minecraft:ladder":116,"minecraft:brown_mushroom":15,"minecraft:chain":46,"minecraft:shield":3,"minecraft:stone_stairs":1,"minecraft:moss_carpet":90,"minecraft:oak_trapdoor":1,"minecraft:item_frame":1,"minecraft:magenta_wool":684,"minecraft:blue_orchid":1,"minecraft:detector_rail":7,"minecraft:oak_boat":3,"minecraft:player_head":21,"minecraft:observer":2,"minecraft:lectern":799,"minecraft:sugar_cane":209,"minecraft:spruce_trapdoor":53,"minecraft:dark_oak_sapling":46,"minecraft:raw_iron":1262,"minecraft:flowering_azalea_leaves":238,"minecraft:stone_button":1,"minecraft:magenta_shulker_box":33,"minecraft:stone_pressure_plate":2,"minecraft:dark_oak_planks":29,"minecraft:weeping_vines":115,"minecraft:arrow":396,"minecraft:stripped_dark_oak_wood":1,"minecraft:cracked_deepslate_tiles":120,"minecraft:glow_ink_sac":18,"minecraft:crimson_stem":14,"minecraft:salmon":43,"minecraft:leather":104,"minecraft:birch_planks":14,"minecraft:crimson_fungus":53,"minecraft:chainmail_chestplate":1,"minecraft:yellow_bed":2,"minecraft:nether_wart_block":2840,"minecraft:cobbled_deepslate_stairs":3,"minecraft:gunpowder":13,"minecraft:cobblestone_stairs":3,"minecraft:deepslate_tile_slab":3,"minecraft:cooked_mutton":1,"minecraft:iron_ingot":37,"minecraft:cooked_chicken":4,"minecraft:soul_sand":25,"minecraft:book":618,"minecraft:oak_slab":5,"minecraft:warped_fungus":35,"minecraft:nether_quartz_ore":14,"minecraft:pumpkin":210,"minecraft:quartz":78,"minecraft:dandelion":10,"minecraft:blast_furnace":2,"minecraft:white_bed":44,"minecraft:spruce_door":6,"minecraft:gold_ore":33,"minecraft:dark_oak_fence_gate":22,"minecraft:spider_eye":8,"minecraft:pumpkin_seeds":92,"minecraft:campfire":4,"minecraft:chainmail_leggings":1,"minecraft:iron_helmet":1,"minecraft:coal":1655,"minecraft:sunflower":4,"minecraft:wooden_axe":1},"minecraft:crafted":{"minecraft:ender_chest":3,"minecraft:smooth_stone":8,"minecraft:oak_sign":33,"minecraft:melon":13528,"minecraft:oak_pressure_plate":2,"minecraft:blaze_powder":4,"minecraft:birch_boat":1,"minecraft:chain":331,"minecraft:lever":65,"minecraft:diamond_shovel":4,"minecraft:bookshelf":222,"minecraft:cooked_mutton":8,"minecraft:deepslate_brick_stairs":60,"minecraft:magenta_shulker_box":1,"minecraft:quartz_block":6,"minecraft:glass":335,"minecraft:diamond_helmet":2,"minecraft:diamond_leggings":1,"minecraft:melon_seeds":74,"minecraft:stone_pressure_plate":1,"minecraft:iron_door":6,"minecraft:magenta_dye":36,"minecraft:glass_bottle":21,"minecraft:emerald":21277,"minecraft:cooked_porkchop":9,"minecraft:diamond_axe":4,"minecraft:spruce_door":9,"minecraft:smithing_table":1,"minecraft:mossy_cobblestone":167,"minecraft:copper_ingot":153,"minecraft:cobbled_deepslate_wall":60,"minecraft:sticky_piston":1,"minecraft:oak_wood":6,"minecraft:cracked_deepslate_tiles":568,"minecraft:campfire":29,"minecraft:lectern":16,"minecraft:chiseled_deepslate":20,"minecraft:stone_slab":90,"minecraft:iron_pickaxe":9,"minecraft:iron_block":32,"minecraft:gold_ingot":192,"minecraft:composter":58,"minecraft:cyan_wool":3,"minecraft:golden_carrot":1185,"minecraft:iron_nugget":756,"minecraft:polished_deepslate_stairs":10,"minecraft:diamond_hoe":1,"minecraft:jack_o_lantern":20,"minecraft:bone_meal":2064,"minecraft:cyan_stained_glass":32,"minecraft:spruce_fence":81,"minecraft:pink_dye":2,"minecraft:white_carpet":45,"minecraft:moss_carpet":9,"minecraft:stone_stairs":4,"minecraft:dark_oak_fence":15,"minecraft:spruce_stairs":80,"minecraft:detector_rail":6,"minecraft:deepslate_brick_wall":54,"minecraft:ladder":114,"minecraft:spruce_slab":558,"minecraft:stone_pickaxe":2,"minecraft:diamond_boots":6,"minecraft:cobbled_deepslate_stairs":60,"minecraft:deepslate_tile_wall":156,"minecraft:redstone_block":167,"minecraft:dark_oak_planks":1268,"minecraft:wheat":135,"minecraft:cyan_bed":1,"minecraft:deepslate_brick_slab":54,"minecraft:polished_granite":52,"minecraft:dark_oak_button":8,"minecraft:deepslate_tiles":3344,"minecraft:enchanted_book":595,"minecraft:golden_apple":18,"minecraft:andesite_slab":78,"minecraft:chainmail_boots":28,"minecraft:fermented_spider_eye":8,"minecraft:cyan_shulker_box":1,"minecraft:wooden_axe":1,"minecraft:iron_leggings":1,"minecraft:deepslate_tile_stairs":408,"minecraft:white_bed":9,"minecraft:note_block":76,"minecraft:brick":160,"minecraft:grindstone":16,"minecraft:oak_planks":804,"minecraft:cobblestone_slab":96,"minecraft:barrel":55,"minecraft:dark_oak_boat":1,"minecraft:cooked_chicken":7,"minecraft:pink_shulker_box":1,"minecraft:stone":1504,"minecraft:suspicious_stew":1,"minecraft:warped_planks":4,"minecraft:green_dye":61,"minecraft:hopper":11,"minecraft:iron_boots":1,"minecraft:comparator":1,"minecraft:cyan_terracotta":320,"minecraft:chest":126,"minecraft:rail":400,"minecraft:oak_fence":54,"minecraft:stone_hoe":1,"minecraft:ender_eye":3,"minecraft:stone_bricks":768,"minecraft:oak_slab":252,"minecraft:item_frame":1,"minecraft:crafting_table":23,"minecraft:spruce_planks":2348,"minecraft:lime_terracotta":12,"minecraft:iron_helmet":12,"minecraft:wooden_pickaxe":1,"minecraft:baked_potato":32,"minecraft:cracked_deepslate_bricks":218,"minecraft:hopper_minecart":1,"minecraft:birch_planks":72,"minecraft:brewing_stand":1,"minecraft:pumpkin_seeds":48,"minecraft:apple":24,"minecraft:spruce_trapdoor":64,"minecraft:dark_oak_slab":84,"minecraft:book":35,"minecraft:paper":105,"minecraft:diamond_pickaxe":6,"minecraft:emerald_block":953,"minecraft:purple_dye":42,"minecraft:stick":1156,"minecraft:light_blue_dye":45,"minecraft:iron_ingot":1364,"minecraft:light_blue_shulker_box":1,"minecraft:stone_sword":1,"minecraft:redstone_torch":20,"minecraft:dark_oak_fence_gate":31,"minecraft:deepslate_bricks":3784,"minecraft:shears":10,"minecraft:blue_terracotta":448,"minecraft:deepslate_tile_slab":156,"minecraft:polished_andesite":80,"minecraft:coarse_dirt":248,"minecraft:wooden_sword":1,"minecraft:cobbled_deepslate_slab":60,"minecraft:oak_door":3,"minecraft:redstone":378,"minecraft:coal":576,"minecraft:golden_chestplate":1,"minecraft:mossy_stone_bricks":31,"minecraft:furnace":13,"minecraft:stone_button":15,"minecraft:blast_furnace":1,"minecraft:piston":84,"minecraft:dark_oak_trapdoor":26,"minecraft:oak_trapdoor":2,"minecraft:flint_and_steel":1,"minecraft:polished_deepslate":3780,"minecraft:iron_axe":6,"minecraft:iron_hoe":1,"minecraft:birch_sign":21,"minecraft:minecart":11,"minecraft:observer":77,"minecraft:cooked_beef":143,"minecraft:sugar":8,"minecraft:red_dye":129,"minecraft:diamond_sword":1,"minecraft:cyan_dye":54,"minecraft:purple_stained_glass":136,"minecraft:spruce_sign":3,"minecraft:powered_rail":90,"minecraft:purple_shulker_box":1,"minecraft:iron_sword":5,"minecraft:cooked_salmon":13,"minecraft:bucket":3,"minecraft:stone_axe":13,"minecraft:air":0,"minecraft:bread":885,"minecraft:blue_dye":130,"minecraft:white_dye":25,"minecraft:stonecutter":2,"minecraft:anvil":5,"minecraft:pumpkin_pie":72,"minecraft:torch":2444,"minecraft:lapis_lazuli":54,"minecraft:lapis_block":35,"minecraft:diamond_chestplate":2},"minecraft:killed":{"minecraft:skeleton":327,"minecraft:chicken":3,"minecraft:magma_cube":28,"minecraft:salmon":30,"minecraft:pillager":4,"minecraft:zombie":39,"minecraft:glow_squid":5,"minecraft:cow":67,"minecraft:enderman":1,"minecraft:spider":13,"minecraft:silverfish":3,"minecraft:pig":8,"minecraft:zombie_villager":1,"minecraft:creeper":13,"minecraft:sheep":5,"minecraft:blaze":3,"minecraft:slime":15,"minecraft:hoglin":3,"minecraft:squid":3,"minecraft:wither_skeleton":1,"minecraft:villager":4},"minecraft:mined":{"minecraft:dark_oak_planks":13,"minecraft:white_bed":44,"minecraft:cyan_shulker_box":21,"minecraft:obsidian":446,"minecraft:carved_pumpkin":20,"minecraft:granite":1519,"minecraft:deepslate_tile_wall":1,"minecraft:deepslate_bricks":47,"minecraft:deepslate_tile_stairs":71,"minecraft:crimson_fungus":53,"minecraft:hopper":1,"minecraft:oak_wall_sign":5,"minecraft:weeping_vines_plant":24,"minecraft:tall_seagrass":4,"minecraft:magma_block":16,"minecraft:dark_oak_trapdoor":6,"minecraft:fire":22,"minecraft:barrel":15,"minecraft:cobbled_deepslate":32,"minecraft:moss_carpet":63,"minecraft:pumpkin":196,"minecraft:deepslate_lapis_ore":11,"minecraft:stripped_dark_oak_wood":1,"minecraft:twisting_vines":2,"minecraft:cave_vines":1,"minecraft:dirt_path":27,"minecraft:oak_stairs":11,"minecraft:deepslate_brick_stairs":30,"minecraft:blue_orchid":1,"minecraft:iron_block":330,"minecraft:player_head":2,"minecraft:piston_head":2,"minecraft:brown_mushroom":15,"minecraft:kelp_plant":16,"minecraft:player_wall_head":7,"minecraft:deepslate_brick_wall":1,"minecraft:crimson_nylium":44,"minecraft:deepslate_tile_slab":7,"minecraft:torch":275,"minecraft:blast_furnace":2,"minecraft:melon":221,"minecraft:dead_bush":18,"minecraft:spruce_wall_sign":5,"minecraft:glass":12,"minecraft:cyan_bed":4,"minecraft:sugar_cane":80,"minecraft:white_terracotta":11,"minecraft:chain":7,"minecraft:wheat":230,"minecraft:lilac":20,"minecraft:pumpkin_stem":5,"minecraft:warped_fungus":34,"minecraft:black_bed":2,"minecraft:grass":252,"minecraft:stonecutter":5,"minecraft:stripped_crimson_stem":645,"minecraft:piston":7,"minecraft:deepslate":4526,"minecraft:attached_pumpkin_stem":3,"minecraft:deepslate_tiles":548,"minecraft:pink_shulker_box":33,"minecraft:dark_oak_log":325,"minecraft:shulker_box":17,"minecraft:cobbled_deepslate_slab":2,"minecraft:dark_oak_fence":4,"minecraft:allium":43,"minecraft:spruce_fence":43,"minecraft:crimson_roots":373,"minecraft:kelp":14,"minecraft:moss_block":243,"minecraft:redstone_ore":396,"minecraft:andesite":1520,"minecraft:potatoes":18,"minecraft:cobblestone_slab":8,"minecraft:vine":339,"minecraft:rail":1132,"minecraft:warped_stem":91,"minecraft:potted_spruce_sapling":1,"minecraft:white_wool":3,"minecraft:ender_chest":17,"minecraft:smithing_table":2,"minecraft:redstone_block":42,"minecraft:glass_pane":1,"minecraft:soul_sand":26,"minecraft:lily_of_the_valley":3,"minecraft:observer":2,"minecraft:dandelion":7,"minecraft:cobbled_deepslate_wall":3,"minecraft:warped_roots":211,"minecraft:campfire":2,"minecraft:copper_ore":160,"minecraft:tall_grass":14,"minecraft:deepslate_gold_ore":25,"minecraft:cracked_deepslate_bricks":29,"minecraft:diorite":1031,"minecraft:warped_wart_block":12,"minecraft:coarse_dirt":11,"minecraft:purple_stained_glass":1,"minecraft:white_carpet":21,"minecraft:spruce_log":835,"minecraft:birch_leaves":282,"minecraft:sunflower":4,"minecraft:gravel":829,"minecraft:cobweb":2,"minecraft:birch_sign":2,"minecraft:gold_ore":135,"minecraft:spruce_planks":106,"minecraft:stone_pressure_plate":1,"minecraft:attached_melon_stem":4,"minecraft:oak_sapling":1,"minecraft:farmland":70,"minecraft:cobbled_deepslate_stairs":3,"minecraft:cobblestone_stairs":3,"minecraft:spruce_trapdoor":45,"minecraft:grass_block":6093,"minecraft:composter":68,"minecraft:iron_ore":880,"minecraft:anvil":1,"minecraft:flowering_azalea_leaves":149,"minecraft:birch_wall_sign":4,"minecraft:azalea_leaves":266,"minecraft:azalea":12,"minecraft:spruce_slab":55,"minecraft:deepslate_redstone_ore":92,"minecraft:quartz_block":1,"minecraft:cyan_terracotta":119,"minecraft:twisting_vines_plant":3,"minecraft:melon_stem":17,"minecraft:polished_deepslate_stairs":1,"minecraft:clay":9,"minecraft:calcite":3,"minecraft:poppy":13,"minecraft:beacon":2,"minecraft:chest":37,"minecraft:nether_quartz_ore":60,"minecraft:cobblestone":1015,"minecraft:grindstone":18,"minecraft:oak_planks":21,"minecraft:iron_door":2,"minecraft:wall_torch":167,"minecraft:deepslate_copper_ore":19,"minecraft:magenta_shulker_box":33,"minecraft:stone_stairs":1,"minecraft:warped_nylium":36,"minecraft:blue_terracotta":16,"minecraft:powered_rail":392,"minecraft:dark_oak_slab":12,"minecraft:nether_wart_block":2855,"minecraft:birch_log":315,"minecraft:lapis_block":2,"minecraft:cracked_deepslate_tiles":85,"minecraft:oak_log":1406,"minecraft:beetroots":1,"minecraft:sand":125,"minecraft:dirt":7976,"minecraft:netherrack":222,"minecraft:magenta_wool":6,"minecraft:oak_leaves":4290,"minecraft:diamond_ore":20,"minecraft:tuff":856,"minecraft:dark_oak_leaves":82,"minecraft:deepslate_diamond_ore":27,"minecraft:oak_door":5,"minecraft:glow_lichen":8,"minecraft:lever":4,"minecraft:ladder":64,"minecraft:weeping_vines":8,"minecraft:spruce_leaves":407,"minecraft:rooted_dirt":12,"minecraft:crimson_stem":14,"minecraft:large_fern":1,"minecraft:hay_block":18,"minecraft:deepslate_brick_slab":4,"minecraft:oak_trapdoor":1,"minecraft:spruce_sapling":4,"minecraft:furnace":5,"minecraft:carrots":1700,"minecraft:nether_sprouts":158,"minecraft:dark_oak_fence_gate":2,"minecraft:detector_rail":1,"minecraft:peony":7,"minecraft:bell":1,"minecraft:polished_deepslate":11,"minecraft:bookshelf":206,"minecraft:deepslate_iron_ore":113,"minecraft:shroomlight":91,"minecraft:stone":24185,"minecraft:podzol":127,"minecraft:light_blue_shulker_box":16,"minecraft:flowering_azalea":2,"minecraft:spruce_door":5,"minecraft:oak_fence":4,"minecraft:crafting_table":45,"minecraft:rose_bush":5,"minecraft:andesite_slab":22,"minecraft:lectern":799,"minecraft:stone_slab":18,"minecraft:deepslate_coal_ore":141,"minecraft:lapis_ore":43,"minecraft:lily_pad":2,"minecraft:spruce_stairs":4,"minecraft:cactus":135,"minecraft:redstone_torch":38,"minecraft:bee_nest":1,"minecraft:yellow_bed":3,"minecraft:coal_ore":1329,"minecraft:purple_shulker_box":35,"minecraft:polished_andesite":22},"minecraft:broken":{"minecraft:shears":6,"minecraft:stone_hoe":1,"minecraft:iron_axe":2,"minecraft:iron_pickaxe":8,"minecraft:golden_chestplate":1},"minecraft:used":{"minecraft:peony":4,"minecraft:moss_block":197,"minecraft:jack_o_lantern":1,"minecraft:chiseled_deepslate":26,"minecraft:spruce_slab":338,"minecraft:ladder":178,"minecraft:chest":145,"minecraft:stone":3732,"minecraft:soul_sand":1,"minecraft:cracked_deepslate_tiles":646,"minecraft:deepslate_brick_slab":26,"minecraft:stripped_dark_oak_wood":1,"minecraft:grass_block":10,"minecraft:birch_sapling":1,"minecraft:quartz_block":1,"minecraft:dark_oak_slab":12,"minecraft:dark_oak_button":8,"minecraft:bow":85,"minecraft:dark_oak_boat":3,"minecraft:furnace":15,"minecraft:oak_sapling":58,"minecraft:egg":9,"minecraft:potato":19,"minecraft:magenta_shulker_box":34,"minecraft:deepslate_brick_wall":127,"minecraft:diorite":33,"minecraft:spruce_door":11,"minecraft:powered_rail":539,"minecraft:cactus":152,"minecraft:wooden_pickaxe":10,"minecraft:composter":100,"minecraft:oak_leaves":807,"minecraft:glow_berries":4,"minecraft:dark_oak_trapdoor":11,"minecraft:blue_dye":1,"minecraft:sand":20,"minecraft:blast_furnace":3,"minecraft:pumpkin_seeds":51,"minecraft:deepslate_brick_stairs":84,"minecraft:deepslate_tiles":3638,"minecraft:deepslate_iron_ore":3,"minecraft:stone_button":13,"minecraft:spore_blossom":12,"minecraft:lectern":814,"minecraft:polished_granite":8,"minecraft:oak_pressure_plate":2,"minecraft:flowering_azalea_leaves":83,"minecraft:lilac":2,"minecraft:diamond_sword":424,"minecraft:wooden_sword":25,"minecraft:smithing_table":3,"minecraft:dark_oak_fence":8,"minecraft:birch_log":5,"minecraft:oak_boat":1,"minecraft:oak_trapdoor":3,"minecraft:stone_sword":43,"minecraft:cooked_salmon":6,"minecraft:netherrack":20,"minecraft:torch":3049,"minecraft:brewing_stand":1,"minecraft:anvil":6,"minecraft:warped_wart_block":276,"minecraft:wheat":8,"minecraft:light_blue_dye":20,"minecraft:stone_stairs":5,"minecraft:glow_lichen":6,"minecraft:flowering_azalea":1,"minecraft:cyan_shulker_box":22,"minecraft:iron_block":330,"minecraft:iron_axe":699,"minecraft:rooted_dirt":8,"minecraft:spruce_button":1,"minecraft:barrel":30,"minecraft:melon_seeds":61,"minecraft:diamond_chestplate":2,"minecraft:magenta_wool":182,"minecraft:cobbled_deepslate":255,"minecraft:magenta_dye":32,"minecraft:observer":3,"minecraft:crimson_stem":14,"minecraft:wheat_seeds":361,"minecraft:water_bucket":124,"minecraft:warped_stem":391,"minecraft:light_blue_shulker_box":16,"minecraft:birch_planks":5,"minecraft:glow_ink_sac":17,"minecraft:gold_ore":29,"minecraft:deepslate_bricks":130,"minecraft:mossy_cobblestone":38,"minecraft:rail":1530,"minecraft:vine":19,"minecraft:crafting_table":62,"minecraft:oak_slab":15,"minecraft:birch_sign":24,"minecraft:dark_oak_fence_gate":23,"minecraft:white_bed":53,"minecraft:campfire":20,"minecraft:spruce_log":7,"minecraft:deepslate_tile_wall":147,"minecraft:oak_log":251,"minecraft:diamond_pickaxe":40190,"minecraft:diamond_shovel":15648,"minecraft:sunflower":3,"minecraft:iron_pickaxe":2251,"minecraft:spruce_trapdoor":69,"minecraft:spruce_sapling":49,"minecraft:crimson_nylium":26,"minecraft:cobblestone":1532,"minecraft:azalea_leaves":43,"minecraft:cooked_porkchop":14,"minecraft:porkchop":4,"minecraft:kelp":8,"minecraft:diamond_leggings":1,"minecraft:moss_carpet":38,"minecraft:blue_terracotta":252,"minecraft:polished_deepslate":39,"minecraft:melon":9,"minecraft:diamond_hoe":5765,"minecraft:oak_sign":27,"minecraft:white_terracotta":10,"minecraft:iron_sword":119,"minecraft:purple_shulker_box":36,"minecraft:bell":1,"minecraft:grass":54,"minecraft:player_head":14,"minecraft:stripped_crimson_stem":412,"minecraft:carrot":1730,"minecraft:deepslate_tile_slab":125,"minecraft:tuff":214,"minecraft:obsidian":134,"minecraft:polished_deepslate_stairs":4,"minecraft:glass":39,"minecraft:cyan_terracotta":184,"minecraft:coal_ore":160,"minecraft:warped_nylium":11,"minecraft:iron_helmet":1,"minecraft:hopper_minecart":1,"minecraft:item_frame":1,"minecraft:dark_oak_sapling":24,"minecraft:end_rod":1,"minecraft:diamond_boots":1,"minecraft:stone_pickaxe":116,"minecraft:birch_leaves":52,"minecraft:oak_planks":22,"minecraft:redstone_block":51,"minecraft:diamond_axe":5976,"minecraft:cobbled_deepslate_stairs":37,"minecraft:black_bed":2,"minecraft:deepslate_lapis_ore":2,"minecraft:shears":2197,"minecraft:redstone_torch":47,"minecraft:sticky_piston":1,"minecraft:lever":26,"minecraft:firework_rocket":164,"minecraft:bread":14,"minecraft:dark_oak_log":2,"minecraft:string":1,"minecraft:cyan_bed":5,"minecraft:iron_door":6,"minecraft:deepslate":28,"minecraft:gravel":4,"minecraft:grindstone":27,"minecraft:andesite":361,"minecraft:chain":276,"minecraft:deepslate_coal_ore":13,"minecraft:coarse_dirt":153,"minecraft:bone_meal":1728,"minecraft:azalea":16,"minecraft:oak_fence":43,"minecraft:rose_bush":3,"minecraft:flint_and_steel":18,"minecraft:cracked_deepslate_bricks":157,"minecraft:redstone":2,"minecraft:spruce_planks":189,"minecraft:ender_chest":20,"minecraft:stone_hoe":143,"minecraft:cooked_chicken":8,"minecraft:oak_door":4,"minecraft:dirt":5411,"minecraft:white_carpet":60,"minecraft:hopper":11,"minecraft:spruce_stairs":81,"minecraft:diamond_helmet":3,"minecraft:shulker_box":13,"minecraft:oak_wood":33,"minecraft:golden_chestplate":2,"minecraft:spruce_fence":107,"minecraft:granite":18,"minecraft:iron_hoe":181,"minecraft:dark_oak_planks":57,"minecraft:wooden_axe":60,"minecraft:bookshelf":206,"minecraft:iron_boots":1,"minecraft:golden_carrot":261,"minecraft:deepslate_tile_stairs":439,"minecraft:minecart":108,"minecraft:stone_pressure_plate":2,"minecraft:cooked_beef":137,"minecraft:pumpkin":24,"minecraft:iron_leggings":1,"minecraft:cobbled_deepslate_wall":27,"minecraft:cooked_mutton":1,"minecraft:iron_ore":116,"minecraft:glass_bottle":21,"minecraft:polished_andesite":30,"minecraft:baked_potato":67,"minecraft:andesite_slab":41,"minecraft:spruce_sign":5,"minecraft:birch_boat":1,"minecraft:white_dye":2,"minecraft:beacon":2,"minecraft:stonecutter":6,"minecraft:cobblestone_slab":20,"minecraft:cyan_stained_glass":21,"minecraft:purple_stained_glass":130,"minecraft:piston":9,"minecraft:flower_pot":1,"minecraft:apple":2,"minecraft:lapis_ore":5,"minecraft:detector_rail":1,"minecraft:stone_slab":34,"minecraft:stone_axe":97,"minecraft:crimson_fungus":45,"minecraft:cobbled_deepslate_slab":22,"minecraft:bucket":126,"minecraft:lapis_block":1,"minecraft:pink_shulker_box":34,"minecraft:pumpkin_pie":42,"minecraft:yellow_bed":1,"minecraft:splash_potion":18}},"DataVersion":2730}