{"stats":{"minecraft:crafted":{"minecraft:black_dye":8,"minecraft:oak_sign":60,"minecraft:melon":6464,"minecraft:blaze_powder":116,"minecraft:diamond_shovel":7,"minecraft:diamond_helmet":1,"minecraft:stone_pressure_plate":66,"minecraft:iron_door":9,"minecraft:dried_kelp_block":167,"minecraft:name_tag":144,"minecraft:white_shulker_box":70,"minecraft:turtle_helmet":27,"minecraft:redstone_lamp":45,"minecraft:end_rod":56,"minecraft:glow_item_frame":25,"minecraft:chest_minecart":3,"minecraft:smithing_table":6,"minecraft:sticky_piston":140,"minecraft:fletching_table":4,"minecraft:polished_deepslate_slab":270,"minecraft:cartography_table":4,"minecraft:lectern":5,"minecraft:wooden_hoe":3,"minecraft:stone_slab":12,"minecraft:iron_pickaxe":8,"minecraft:sandstone":9,"minecraft:composter":12,"minecraft:golden_carrot":1008,"minecraft:experience_bottle":108,"minecraft:polished_blackstone_pressure_plate":22,"minecraft:jack_o_lantern":53,"minecraft:moss_carpet":111,"minecraft:stone_stairs":8,"minecraft:lantern":12,"minecraft:polished_diorite":96,"minecraft:black_concrete_powder":24,"minecraft:red_shulker_box":1,"minecraft:stone_pickaxe":28,"minecraft:spruce_boat":1,"minecraft:lead":16,"minecraft:enchanting_table":1,"minecraft:light_blue_wool":24,"minecraft:leather_helmet":12,"minecraft:enchanted_book":172,"minecraft:orange_dye":12,"minecraft:oak_fence_gate":4,"minecraft:red_stained_glass":8,"minecraft:fermented_spider_eye":76,"minecraft:writable_book":24,"minecraft:iron_shovel":9,"minecraft:armor_stand":7,"minecraft:note_block":50,"minecraft:grindstone":4,"minecraft:cobblestone_slab":66,"minecraft:barrel":9,"minecraft:cooked_chicken":14,"minecraft:crimson_sign":6,"minecraft:lightning_rod":1,"minecraft:stone":424,"minecraft:heavy_weighted_pressure_plate":1,"minecraft:quartz_pillar":280,"minecraft:polished_blackstone_button":34,"minecraft:cake":4,"minecraft:stone_brick_slab":30,"minecraft:bow":29,"minecraft:comparator":77,"minecraft:polished_basalt":72,"minecraft:chest":268,"minecraft:oak_button":9,"minecraft:copper_block":102,"minecraft:rail":464,"minecraft:oak_fence":222,"minecraft:stone_bricks":740,"minecraft:sea_lantern":45,"minecraft:white_banner":2,"minecraft:dropper":48,"minecraft:cauldron":21,"minecraft:iron_helmet":5,"minecraft:brown_dye":8,"minecraft:red_wool":5,"minecraft:dispenser":26,"minecraft:apple":128,"minecraft:tnt":5,"minecraft:spruce_trapdoor":4,"minecraft:yellow_dye":18,"minecraft:purple_dye":4,"minecraft:pink_wool":5,"minecraft:stick":2747,"minecraft:iron_ingot":4169,"minecraft:light_blue_stained_glass":1976,"minecraft:deepslate_tile_slab":588,"minecraft:orange_glazed_terracotta":12,"minecraft:fishing_rod":1,"minecraft:tripwire_hook":4,"minecraft:furnace":149,"minecraft:blast_furnace":3,"minecraft:piston":295,"minecraft:mushroom_stew":10,"minecraft:smooth_quartz_stairs":53,"minecraft:oak_trapdoor":49,"minecraft:flint_and_steel":1,"minecraft:scaffolding":30,"minecraft:white_concrete_powder":6896,"minecraft:smooth_quartz_slab":174,"minecraft:birch_sign":3,"minecraft:glistering_melon_slice":73,"minecraft:magma_cream":59,"minecraft:light_blue_stained_glass_pane":1520,"minecraft:iron_trapdoor":170,"minecraft:yellow_concrete":8,"minecraft:purple_shulker_box":1,"minecraft:iron_sword":5,"minecraft:white_dye":1225,"minecraft:blue_wool":5,"minecraft:stonecutter":9,"minecraft:anvil":11,"minecraft:torch":1796,"minecraft:diamond_chestplate":1,"minecraft:smooth_stone":239,"minecraft:oak_pressure_plate":1,"minecraft:slime_block":11,"minecraft:loom":5,"minecraft:lever":160,"minecraft:bookshelf":243,"minecraft:cooked_mutton":16,"minecraft:iron_bars":64,"minecraft:quartz_block":785,"minecraft:glass":4053,"minecraft:repeater":316,"minecraft:diamond_leggings":1,"minecraft:cyan_stained_glass_pane":272,"minecraft:melon_seeds":44,"minecraft:polished_blackstone":76,"minecraft:magenta_dye":2,"minecraft:glass_bottle":660,"minecraft:target":72,"minecraft:emerald":4575,"minecraft:smooth_quartz":235,"minecraft:cooked_porkchop":15,"minecraft:diamond_axe":1,"minecraft:clock":42,"minecraft:copper_ingot":436,"minecraft:hay_block":76,"minecraft:compass":1,"minecraft:iron_block":191,"minecraft:white_terracotta":9,"minecraft:gold_ingot":467,"minecraft:light_gray_dye":2,"minecraft:packed_ice":194,"minecraft:saddle":1,"minecraft:yellow_concrete_powder":48,"minecraft:stone_shovel":21,"minecraft:smooth_stone_slab":4,"minecraft:leather_leggings":14,"minecraft:polished_deepslate_stairs":8,"minecraft:tinted_glass":102,"minecraft:orange_concrete":8,"minecraft:bone_meal":153,"minecraft:cyan_stained_glass":176,"minecraft:pink_dye":8,"minecraft:white_carpet":81,"minecraft:orange_wool":6,"minecraft:detector_rail":6,"minecraft:ladder":57,"minecraft:ender_pearl":240,"minecraft:diamond_boots":1,"minecraft:deepslate_tile_wall":2,"minecraft:redstone_block":266,"minecraft:dark_oak_planks":4,"minecraft:wheat":9,"minecraft:dripstone_block":128,"minecraft:coal_block":105,"minecraft:daylight_detector":2,"minecraft:dried_kelp":1997,"minecraft:sandstone_slab":12,"minecraft:polished_granite":64,"minecraft:glowstone":38,"minecraft:white_stained_glass":8,"minecraft:golden_apple":41,"minecraft:wooden_axe":1,"minecraft:deepslate_tile_stairs":17,"minecraft:iron_leggings":3,"minecraft:white_bed":9,"minecraft:lime_wool":2,"minecraft:brick":1054,"minecraft:oak_planks":6019,"minecraft:cobblestone_stairs":89,"minecraft:light_blue_banner":4,"minecraft:suspicious_stew":9,"minecraft:green_dye":30,"minecraft:hopper":166,"minecraft:iron_boots":2,"minecraft:cyan_terracotta":1,"minecraft:chiseled_stone_bricks":320,"minecraft:stone_hoe":4,"minecraft:raw_iron_block":22,"minecraft:smoker":3,"minecraft:item_frame":87,"minecraft:oak_slab":246,"minecraft:crafting_table":11,"minecraft:spruce_planks":60,"minecraft:wooden_pickaxe":1,"minecraft:gold_block":22,"minecraft:hopper_minecart":24,"minecraft:birch_planks":16,"minecraft:brewing_stand":6,"minecraft:pumpkin_seeds":44,"minecraft:diamond_pickaxe":3,"minecraft:iron_chestplate":4,"minecraft:book":74,"minecraft:paper":1248,"minecraft:charcoal":64,"minecraft:emerald_block":1,"minecraft:shield":2,"minecraft:birch_fence":3,"minecraft:light_blue_dye":280,"minecraft:leather_chestplate":2,"minecraft:stone_sword":8,"minecraft:snow_block":12,"minecraft:redstone_torch":949,"minecraft:shears":38,"minecraft:wooden_sword":1,"minecraft:cookie":216,"minecraft:raw_iron":198,"minecraft:redstone":2801,"minecraft:coal":18,"minecraft:red_concrete":16,"minecraft:popped_chorus_fruit":9,"minecraft:stone_button":13,"minecraft:gray_dye":2,"minecraft:glass_pane":16,"minecraft:blue_ice":2,"minecraft:iron_axe":11,"minecraft:iron_hoe":4,"minecraft:slime_ball":216,"minecraft:lime_dye":4,"minecraft:orange_banner":1,"minecraft:minecart":16,"minecraft:observer":218,"minecraft:cooked_beef":108,"minecraft:sugar":149,"minecraft:red_dye":61,"minecraft:cooked_cod":68,"minecraft:crimson_planks":16,"minecraft:bone_block":1904,"minecraft:diamond_sword":5,"minecraft:cyan_dye":24,"minecraft:powered_rail":114,"minecraft:activator_rail":6,"minecraft:bowl":8,"minecraft:bucket":171,"minecraft:stone_axe":31,"minecraft:air":0,"minecraft:bread":21,"minecraft:blue_dye":165,"minecraft:oak_boat":26,"minecraft:magenta_terracotta":12,"minecraft:white_wool":28,"minecraft:pumpkin_pie":48,"minecraft:lapis_lazuli":24,"minecraft:clay":8,"minecraft:lapis_block":140,"minecraft:firework_rocket":603},"minecraft:picked_up":{"minecraft:smithing_table":6,"minecraft:lead":31,"minecraft:stone_slab":18,"minecraft:enchanted_book":135,"minecraft:music_disc_cat":1,"minecraft:polished_deepslate":347,"minecraft:string":106,"minecraft:pufferfish":71,"minecraft:shroomlight":120,"minecraft:diamond_leggings":15,"minecraft:crimson_sign":1,"minecraft:diamond_ore":8,"minecraft:polished_blackstone_stairs":7,"minecraft:cyan_stained_glass":19,"minecraft:lightning_rod":1,"minecraft:green_terracotta":1,"minecraft:golden_chestplate":2,"minecraft:cyan_stained_glass_pane":143,"minecraft:cauldron":911,"minecraft:stone_sword":19,"minecraft:carved_pumpkin":68,"minecraft:glowstone":94,"minecraft:end_rod":8,"minecraft:blaze_rod":56,"minecraft:iron_bars":48,"minecraft:snowball":101,"minecraft:feather":9,"minecraft:cooked_beef":219,"minecraft:water_bucket":16,"minecraft:brown_wool":555,"minecraft:dark_oak_boat":1,"minecraft:flint":527,"minecraft:stonecutter":21,"minecraft:diamond_helmet":13,"minecraft:rabbit":86,"minecraft:deepslate":994,"minecraft:lever":542,"minecraft:granite":1049,"minecraft:golden_horse_armor":1,"minecraft:cyan_dye":2,"minecraft:deepslate_coal_ore":7,"minecraft:jack_o_lantern":73,"minecraft:crimson_roots":3,"minecraft:diamond_pickaxe":24,"minecraft:clay_ball":32,"minecraft:leather_leggings":2,"minecraft:redstone_lamp":132,"minecraft:elytra":15,"minecraft:flint_and_steel":3,"minecraft:white_carpet":39,"minecraft:white_stained_glass":2,"minecraft:iron_shovel":2,"minecraft:glass_pane":7,"minecraft:netherite_sword":1,"minecraft:poppy":113,"minecraft:spruce_slab":51,"minecraft:minecart":51,"minecraft:birch_sapling":15,"minecraft:piston":104,"minecraft:copper_ore":67,"minecraft:stone":37206,"minecraft:fire_charge":3,"minecraft:white_dye":560,"minecraft:netherite_pickaxe":2,"minecraft:stone_shovel":2,"minecraft:diamond_chestplate":5,"minecraft:hay_block":4,"minecraft:polished_blackstone":3,"minecraft:mutton":21,"minecraft:rail":507,"minecraft:bone_block":20,"minecraft:emerald_ore":15,"minecraft:clock":31,"minecraft:tripwire_hook":3,"minecraft:yellow_dye":4,"minecraft:lily_pad":11,"minecraft:paper":72,"minecraft:light_blue_banner":3,"minecraft:apple":433,"minecraft:warped_stem":1,"minecraft:oak_fence_gate":14,"minecraft:stone_pickaxe":3,"minecraft:iron_ore":134,"minecraft:dark_oak_stairs":1,"minecraft:smooth_basalt":115,"minecraft:light_gray_stained_glass":2,"minecraft:sweet_berries":60,"minecraft:red_wool":405,"minecraft:light_blue_stained_glass":1360,"minecraft:diamond_shovel":32,"minecraft:coal_ore":463,"minecraft:slime_ball":152,"minecraft:deepslate_redstone_ore":25,"minecraft:birch_sign":4,"minecraft:smooth_quartz_slab":138,"minecraft:hopper":264,"minecraft:ender_chest":12,"minecraft:yellow_wool":601,"minecraft:lapis_block":58,"minecraft:deepslate_lapis_ore":2,"minecraft:smooth_stone":342,"minecraft:comparator":256,"minecraft:bucket":4,"minecraft:red_dye":6,"minecraft:rose_bush":4,"minecraft:cobblestone_slab":162,"minecraft:azalea":12,"minecraft:iron_pickaxe":1,"minecraft:smooth_quartz":68,"minecraft:smooth_quartz_stairs":109,"minecraft:deepslate_iron_ore":10,"minecraft:blue_wool":475,"minecraft:polished_deepslate_stairs":1,"minecraft:netherite_shovel":1,"minecraft:diorite":1516,"minecraft:rotten_flesh":225,"minecraft:deepslate_copper_ore":6,"minecraft:chorus_flower":2,"minecraft:obsidian":455,"minecraft:blaze_powder":45,"minecraft:cobblestone":16815,"minecraft:enchanting_table":4,"minecraft:leather_chestplate":3,"minecraft:repeater":360,"minecraft:andesite":1050,"minecraft:potato":19280,"minecraft:smooth_sandstone_stairs":8,"minecraft:prismarine_bricks":132,"minecraft:dirt":8498,"minecraft:cut_sandstone_slab":1,"minecraft:name_tag":3,"minecraft:glass":778,"minecraft:bone":91,"minecraft:bow":38,"minecraft:wheat_seeds":9229,"minecraft:grindstone":21,"minecraft:fletching_table":7,"minecraft:bamboo":1271,"minecraft:prismarine":260,"minecraft:light_blue_shulker_box":115,"minecraft:melon":2082,"minecraft:grass_block":436,"minecraft:diamond_block":2,"minecraft:spectral_arrow":5,"minecraft:sugar":47,"minecraft:slime_block":326,"minecraft:polished_blackstone_pressure_plate":33,"minecraft:soul_lantern":1,"minecraft:bone_meal":9619,"minecraft:grass":1,"minecraft:golden_apple":14,"minecraft:emerald":740,"minecraft:netherrack":3681,"minecraft:chorus_fruit":116,"minecraft:oak_leaves":236,"minecraft:splash_potion":11,"minecraft:ladder":145,"minecraft:brown_mushroom":126,"minecraft:packed_ice":35,"minecraft:pink_wool":437,"minecraft:shield":5,"minecraft:brick":64,"minecraft:moss_carpet":77,"minecraft:oak_trapdoor":77,"minecraft:magenta_wool":552,"minecraft:blackstone":188,"minecraft:lime_wool":493,"minecraft:end_stone":20,"minecraft:note_block":5,"minecraft:trident":1,"minecraft:brown_dye":14,"minecraft:stone_pressure_plate":18,"minecraft:red_shulker_box":92,"minecraft:nether_bricks":4,"minecraft:glistering_melon_slice":55,"minecraft:netherite_boots":1,"minecraft:basalt":814,"minecraft:golden_carrot":878,"minecraft:leather":168,"minecraft:ice":2524,"minecraft:gunpowder":86,"minecraft:cooked_mutton":11,"minecraft:deepslate_emerald_ore":2,"minecraft:rabbit_hide":143,"minecraft:iron_ingot":143,"minecraft:cooked_chicken":82,"minecraft:emerald_block":2,"minecraft:nether_quartz_ore":457,"minecraft:warped_fungus":18,"minecraft:stone_brick_slab":6,"minecraft:quartz":1460,"minecraft:dandelion":24,"minecraft:lava_bucket":1,"minecraft:amethyst_shard":204,"minecraft:pumpkin_seeds":232,"minecraft:white_concrete_powder":2735,"minecraft:damaged_anvil":3,"minecraft:seagrass":425,"minecraft:iron_chestplate":5,"minecraft:chainmail_boots":3,"minecraft:prismarine_shard":36825,"minecraft:anvil":3,"minecraft:diamond_sword":22,"minecraft:brewing_stand":41,"minecraft:golden_sword":4,"minecraft:amethyst_block":329,"minecraft:beetroot":2982,"minecraft:gold_nugget":18,"minecraft:cobbled_deepslate":3122,"minecraft:spruce_planks":82,"minecraft:written_book":12,"minecraft:enchanted_golden_apple":1,"minecraft:melon_slice":12581,"minecraft:golden_helmet":3,"minecraft:white_glazed_terracotta":1,"minecraft:composter":23,"minecraft:deepslate_tile_stairs":1,"minecraft:rabbit_foot":53,"minecraft:black_dye":3,"minecraft:light_blue_wool":477,"minecraft:iron_block":4,"minecraft:blue_dye":18,"minecraft:birch_log":36,"minecraft:magma_block":262,"minecraft:iron_door":17,"minecraft:birch_slab":9,"minecraft:powder_snow_bucket":6,"minecraft:smoker":16,"minecraft:netherite_leggings":1,"minecraft:twisting_vines":6,"minecraft:chipped_anvil":6,"minecraft:glowstone_dust":135,"minecraft:moss_block":204,"minecraft:warped_wart_block":37,"minecraft:dropper":172,"minecraft:ink_sac":80,"minecraft:loom":5,"minecraft:fermented_spider_eye":44,"minecraft:dark_oak_log":12,"minecraft:barrel":22,"minecraft:dispenser":5,"minecraft:writable_book":40,"minecraft:deepslate_gold_ore":8,"minecraft:blue_ice":2,"minecraft:bread":2,"minecraft:crafting_table":117,"minecraft:sandstone_slab":6,"minecraft:purple_wool":367,"minecraft:nether_wart":1298,"minecraft:compass":1,"minecraft:cartography_table":10,"minecraft:beef":119,"minecraft:cyan_wool":531,"minecraft:iron_nugget":51,"minecraft:chest":258,"minecraft:quartz_stairs":2,"minecraft:egg":379,"minecraft:sandstone":44,"minecraft:polished_deepslate_slab":93,"minecraft:oak_door":5,"minecraft:glow_item_frame":22,"minecraft:amethyst_cluster":1,"minecraft:cake":1,"minecraft:carrot":25669,"minecraft:redstone":5336,"minecraft:prismarine_crystals":135,"minecraft:cooked_cod":1,"minecraft:beetroot_seeds":5614,"minecraft:deepslate_bricks":2,"minecraft:shears":2,"minecraft:diamond_boots":11,"minecraft:warped_sign":1,"minecraft:gold_ingot":4,"minecraft:white_shulker_box":39,"minecraft:white_wool":836,"minecraft:lapis_ore":14,"minecraft:red_mushroom":57,"minecraft:oak_log":2195,"minecraft:golden_boots":2,"minecraft:white_banner":2,"minecraft:stone_bricks":713,"minecraft:kelp":2702,"minecraft:cobweb":6,"minecraft:glass_bottle":602,"minecraft:iron_sword":7,"minecraft:flowering_azalea":15,"minecraft:daylight_detector":2,"minecraft:yellow_concrete":43,"minecraft:spyglass":2,"minecraft:gravel":4039,"minecraft:spruce_sapling":14,"minecraft:spruce_log":39,"minecraft:sea_lantern":262,"minecraft:firework_rocket":398,"minecraft:scute":10,"minecraft:redstone_ore":48,"minecraft:diamond_axe":14,"minecraft:gray_wool":353,"minecraft:oak_button":3,"minecraft:melon_seeds":18,"minecraft:crimson_nylium":7,"minecraft:ender_pearl":118,"minecraft:wheat":12337,"minecraft:redstone_block":47,"minecraft:iron_trapdoor":207,"minecraft:turtle_egg":208,"minecraft:potion":44,"minecraft:nether_brick":19,"minecraft:cod_bucket":1,"minecraft:raw_copper":981,"minecraft:smooth_stone_slab":199,"minecraft:iron_leggings":5,"minecraft:armor_stand":10,"minecraft:sticky_piston":261,"minecraft:oak_sign":43,"minecraft:activator_rail":1,"minecraft:deepslate_tiles":1225,"minecraft:redstone_torch":345,"minecraft:calcite":294,"minecraft:furnace":114,"minecraft:iron_boots":5,"minecraft:stick":311,"minecraft:oak_fence":241,"minecraft:torch":2915,"minecraft:porkchop":25,"minecraft:snow_block":12,"minecraft:dried_kelp":151,"minecraft:target":336,"minecraft:pointed_dripstone":53,"minecraft:quartz_block":22,"minecraft:cactus":366,"minecraft:green_wool":414,"minecraft:cod":86,"minecraft:magma_cream":81,"minecraft:magenta_dye":2,"minecraft:tuff":196,"minecraft:light_gray_dye":4,"minecraft:lapis_lazuli":1537,"minecraft:raw_gold":378,"minecraft:deepslate_brick_slab":23,"minecraft:light_blue_dye":11,"minecraft:powered_rail":166,"minecraft:oak_planks":384,"minecraft:stone_hoe":4,"minecraft:ghast_tear":45,"minecraft:cooked_porkchop":31,"minecraft:music_disc_13":2,"minecraft:poisonous_potato":126,"minecraft:sand":9245,"minecraft:lily_of_the_valley":1,"minecraft:shulker_box":65,"minecraft:orange_wool":623,"minecraft:black_concrete":25,"minecraft:spruce_boat":43,"minecraft:diamond":235,"minecraft:polished_blackstone_button":103,"minecraft:white_concrete":10071,"minecraft:oak_sapling":492,"minecraft:fishing_rod":1,"minecraft:charcoal":70,"minecraft:chicken":5,"minecraft:turtle_helmet":16,"minecraft:cooked_rabbit":58,"minecraft:gold_block":13,"minecraft:dragon_breath":45,"minecraft:stone_stairs":7,"minecraft:iron_axe":5,"minecraft:item_frame":44,"minecraft:detector_rail":2,"minecraft:oak_boat":87,"minecraft:player_head":138,"minecraft:observer":292,"minecraft:sugar_cane":2480,"minecraft:light_gray_wool":378,"minecraft:lectern":94,"minecraft:tinted_glass":94,"minecraft:spruce_trapdoor":4,"minecraft:phantom_membrane":128,"minecraft:orange_dye":4,"minecraft:raw_iron":1711,"minecraft:copper_ingot":65,"minecraft:bowl":7,"minecraft:quartz_pillar":84,"minecraft:stone_button":40,"minecraft:dark_oak_planks":3,"minecraft:arrow":678,"minecraft:light_blue_stained_glass_pane":856,"minecraft:saddle":3,"minecraft:glow_ink_sac":11,"minecraft:crimson_stem":5,"minecraft:birch_planks":2,"minecraft:nether_wart_block":25,"minecraft:cobblestone_stairs":29,"minecraft:deepslate_tile_slab":266,"minecraft:podzol":21,"minecraft:stripped_oak_wood":5,"minecraft:soul_sand":83,"minecraft:green_dye":29,"minecraft:book":485,"minecraft:oak_slab":27,"minecraft:scaffolding":71,"minecraft:pumpkin":3077,"minecraft:dripstone_block":59,"minecraft:blast_furnace":22,"minecraft:white_bed":46,"minecraft:gold_ore":36,"minecraft:spider_eye":59,"minecraft:lime_dye":2,"minecraft:dried_kelp_block":29,"minecraft:iron_helmet":3,"minecraft:black_wool":348,"minecraft:coal":1627},"minecraft:mined":{"minecraft:cut_sandstone_slab":1,"minecraft:red_shulker_box":89,"minecraft:white_bed":46,"minecraft:granite":930,"minecraft:brown_wool":77,"minecraft:blue_wool":1,"minecraft:oak_wall_sign":11,"minecraft:nether_wart":346,"minecraft:chorus_flower":2,"minecraft:magma_block":282,"minecraft:fire":104,"minecraft:barrel":8,"minecraft:fletching_table":4,"minecraft:deepslate_lapis_ore":20,"minecraft:twisting_vines":1,"minecraft:white_shulker_box":38,"minecraft:player_head":17,"minecraft:tripwire":14,"minecraft:sandstone_slab":6,"minecraft:kelp_plant":573,"minecraft:smoker":2,"minecraft:crimson_nylium":3,"minecraft:deepslate_tile_slab":264,"minecraft:torch":1004,"minecraft:note_block":5,"minecraft:melon":39,"minecraft:dead_bush":1,"minecraft:smooth_quartz_slab":26,"minecraft:sugar_cane":291,"minecraft:amethyst_block":323,"minecraft:repeater":132,"minecraft:tinted_glass":92,"minecraft:grass":413,"minecraft:smooth_quartz":19,"minecraft:smooth_basalt":115,"minecraft:deepslate":3635,"minecraft:attached_pumpkin_stem":3,"minecraft:deepslate_tiles":1037,"minecraft:light_blue_wool":12,"minecraft:dark_oak_log":1,"minecraft:sea_lantern":125,"minecraft:end_stone":20,"minecraft:redstone_wire":556,"minecraft:cartography_table":3,"minecraft:red_mushroom":12,"minecraft:white_concrete_powder":148,"minecraft:redstone_ore":422,"minecraft:green_terracotta":1,"minecraft:andesite":892,"minecraft:cobblestone_slab":12,"minecraft:rail":359,"minecraft:green_wool":3,"minecraft:ender_chest":8,"minecraft:oak_slab":12,"minecraft:redstone_block":12,"minecraft:glass_pane":3,"minecraft:soul_sand":80,"minecraft:dandelion":23,"minecraft:lightning_rod":1,"minecraft:tall_grass":45,"minecraft:copper_ore":265,"minecraft:deepslate_gold_ore":50,"minecraft:diorite":1349,"minecraft:warped_wart_block":38,"minecraft:purple_wool":27,"minecraft:gravel":3496,"minecraft:cobweb":36,"minecraft:polished_blackstone":3,"minecraft:stone_bricks":392,"minecraft:chipped_anvil":5,"minecraft:gold_ore":181,"minecraft:iron_trapdoor":152,"minecraft:stone_pressure_plate":5,"minecraft:oak_sapling":30,"minecraft:farmland":93,"minecraft:orange_wool":125,"minecraft:brewing_stand":25,"minecraft:spruce_trapdoor":4,"minecraft:budding_amethyst":1,"minecraft:white_concrete":8575,"minecraft:composter":21,"minecraft:polished_blackstone_pressure_plate":30,"minecraft:turtle_egg":190,"minecraft:pointed_dripstone":25,"minecraft:iron_bars":7,"minecraft:azalea":2,"minecraft:spruce_slab":9,"minecraft:deepslate_redstone_ore":285,"minecraft:quartz_block":12,"minecraft:powder_snow_cauldron":89,"minecraft:nether_quartz_ore":1193,"minecraft:oak_planks":93,"minecraft:wall_torch":334,"minecraft:cauldron":208,"minecraft:stone_stairs":4,"minecraft:powered_rail":111,"minecraft:blue_ice":2,"minecraft:smooth_stone_slab":20,"minecraft:oak_log":1757,"minecraft:beetroots":623,"minecraft:dirt":4657,"minecraft:dispenser":6,"minecraft:daylight_detector":1,"minecraft:quartz_stairs":1,"minecraft:glow_lichen":1,"minecraft:lever":131,"minecraft:ladder":119,"minecraft:stone_button":10,"minecraft:brown_mushroom_block":360,"minecraft:birch_slab":9,"minecraft:spruce_leaves":104,"minecraft:crimson_stem":5,"minecraft:hay_block":1,"minecraft:light_blue_wall_banner":3,"minecraft:gold_block":13,"minecraft:bookshelf":147,"minecraft:deepslate_iron_ore":144,"minecraft:shroomlight":113,"minecraft:scaffolding":34,"minecraft:basalt":770,"minecraft:oak_fence":152,"minecraft:stone_slab":9,"minecraft:deepslate_coal_ore":20,"minecraft:prismarine_bricks":2,"minecraft:birch_planks":2,"minecraft:ice":2474,"minecraft:white_wall_banner":1,"minecraft:black_wool":2,"minecraft:yellow_concrete":43,"minecraft:carved_pumpkin":53,"minecraft:obsidian":451,"minecraft:deepslate_bricks":2,"minecraft:deepslate_tile_stairs":1,"minecraft:hopper":143,"minecraft:light_blue_stained_glass":957,"minecraft:tall_seagrass":72,"minecraft:sticky_piston":95,"minecraft:pumpkin":42,"minecraft:moss_carpet":27,"minecraft:enchanting_table":4,"minecraft:polished_deepslate_slab":82,"minecraft:oak_sign":13,"minecraft:water_cauldron":17,"minecraft:dirt_path":24,"minecraft:smooth_sandstone_stairs":8,"minecraft:iron_block":53,"minecraft:piston_head":3,"minecraft:brown_mushroom":9,"minecraft:player_wall_head":6,"minecraft:amethyst_cluster":26,"minecraft:blast_furnace":6,"minecraft:glass":665,"minecraft:damaged_anvil":2,"minecraft:cyan_wool":21,"minecraft:wheat":1878,"minecraft:pumpkin_stem":9,"minecraft:warped_fungus":17,"minecraft:oak_fence_gate":14,"minecraft:loom":2,"minecraft:red_mushroom_block":135,"minecraft:stonecutter":17,"minecraft:piston":77,"minecraft:light_blue_stained_glass_pane":186,"minecraft:jack_o_lantern":38,"minecraft:shulker_box":60,"minecraft:nether_bricks":2,"minecraft:crimson_roots":1,"minecraft:lime_wool":22,"minecraft:moss_block":198,"minecraft:kelp":100,"minecraft:pink_wool":2,"minecraft:polished_blackstone_button":27,"minecraft:snow":101,"minecraft:white_glazed_terracotta":1,"minecraft:potatoes":1587,"minecraft:warped_stem":1,"minecraft:smooth_quartz_stairs":82,"minecraft:bamboo":41,"minecraft:cake":1,"minecraft:white_wool":82,"minecraft:smithing_table":3,"minecraft:comparator":40,"minecraft:stone_brick_slab":6,"minecraft:observer":211,"minecraft:emerald_ore":19,"minecraft:dropper":48,"minecraft:white_carpet":14,"minecraft:spruce_log":41,"minecraft:birch_leaves":41,"minecraft:quartz_pillar":84,"minecraft:dripstone_block":56,"minecraft:deepslate_emerald_ore":2,"minecraft:infested_stone":10,"minecraft:spruce_planks":88,"minecraft:cobblestone_stairs":19,"minecraft:grass_block":2633,"minecraft:smooth_stone":28,"minecraft:glowstone":117,"minecraft:iron_ore":826,"minecraft:target":29,"minecraft:anvil":3,"minecraft:dark_oak_stairs":2,"minecraft:birch_wall_sign":2,"minecraft:blackstone":208,"minecraft:twisting_vines_plant":3,"minecraft:melon_stem":12,"minecraft:polished_deepslate_stairs":1,"minecraft:clay":8,"minecraft:calcite":237,"minecraft:poppy":90,"minecraft:chest":227,"minecraft:mushroom_stem":64,"minecraft:cobblestone":553,"minecraft:slime_block":97,"minecraft:grindstone":7,"minecraft:prismarine":2,"minecraft:iron_door":15,"minecraft:deepslate_copper_ore":14,"minecraft:seagrass":109,"minecraft:nether_wart_block":25,"minecraft:yellow_wool":27,"minecraft:birch_log":14,"minecraft:activator_rail":1,"minecraft:stripped_oak_wood":6,"minecraft:sand":6415,"minecraft:netherrack":3403,"minecraft:magenta_wool":5,"minecraft:oak_leaves":1516,"minecraft:emerald_block":2,"minecraft:redstone_lamp":24,"minecraft:nether_gold_ore":3,"minecraft:diamond_ore":80,"minecraft:tuff":154,"minecraft:deepslate_diamond_ore":33,"minecraft:oak_door":1,"minecraft:white_stained_glass":2,"minecraft:sandstone":42,"minecraft:deepslate_brick_slab":24,"minecraft:oak_trapdoor":58,"minecraft:spruce_sapling":1,"minecraft:furnace":102,"minecraft:carrots":1378,"minecraft:black_concrete":25,"minecraft:polished_deepslate":214,"minecraft:packed_ice":14,"minecraft:chorus_plant":19,"minecraft:stone":42015,"minecraft:redstone_wall_torch":37,"minecraft:podzol":21,"minecraft:light_blue_shulker_box":111,"minecraft:flowering_azalea":3,"minecraft:red_wool":17,"minecraft:crafting_table":101,"minecraft:cyan_stained_glass_pane":64,"minecraft:rose_bush":4,"minecraft:lectern":80,"minecraft:lapis_ore":112,"minecraft:gray_wool":1,"minecraft:cactus":115,"minecraft:polished_blackstone_stairs":7,"minecraft:redstone_torch":5,"minecraft:sweet_berry_bush":8,"minecraft:coal_ore":1383,"minecraft:end_rod":8},"minecraft:killed":{"minecraft:cod":65,"minecraft:guardian":32,"minecraft:pillager":3,"minecraft:zombie":115,"minecraft:endermite":6,"minecraft:rabbit":268,"minecraft:zombified_piglin":17,"minecraft:witch":2,"minecraft:spider":34,"minecraft:piglin":4,"minecraft:zombie_villager":4,"minecraft:sheep":7,"minecraft:trader_llama":10,"minecraft:ghast":4,"minecraft:slime":139,"minecraft:drowned":13,"minecraft:squid":26,"minecraft:wither_skeleton":10,"minecraft:player":5,"minecraft:villager":15,"minecraft:cave_spider":24,"minecraft:pufferfish":20,"minecraft:skeleton":60,"minecraft:chicken":7,"minecraft:magma_cube":148,"minecraft:glow_squid":1,"minecraft:cow":93,"minecraft:wandering_trader":4,"minecraft:enderman":4,"minecraft:turtle":181,"minecraft:pig":6,"minecraft:creeper":36,"minecraft:blaze":33,"minecraft:phantom":57},"minecraft:killed_by":{"minecraft:zombified_piglin":1,"minecraft:skeleton":1,"minecraft:wither_skeleton":1,"minecraft:player":7,"minecraft:hoglin":1},"minecraft:dropped":{"minecraft:iron_sword":3,"minecraft:porkchop":5,"minecraft:lapis_lazuli":41,"minecraft:glass_bottle":15,"minecraft:diamond":15,"minecraft:crafting_table":6,"minecraft:red_mushroom":5,"minecraft:emerald":6,"minecraft:writable_book":10,"minecraft:gold_nugget":2,"minecraft:sand":408,"minecraft:purple_wool":110,"minecraft:dark_oak_planks":1,"minecraft:fermented_spider_eye":134,"minecraft:white_wool":400,"minecraft:stone_axe":29,"minecraft:lever":56,"minecraft:cooked_chicken":150,"minecraft:cobbled_deepslate":577,"minecraft:tinted_glass":2,"minecraft:wheat":7878,"minecraft:obsidian":22,"minecraft:rotten_flesh":121,"minecraft:oak_planks":69,"minecraft:glowstone_dust":156,"minecraft:warped_sign":1,"minecraft:rabbit_foot":110,"minecraft:sea_lantern":24,"minecraft:coal_ore":11,"minecraft:leather_leggings":12,"minecraft:glass":50,"minecraft:warped_wart_block":4,"minecraft:cartography_table":7,"minecraft:black_dye":6,"minecraft:wheat_seeds":3814,"minecraft:clock":36,"minecraft:smooth_quartz_stairs":16,"minecraft:dripstone_block":128,"minecraft:prismarine_crystals":135,"minecraft:red_stained_glass":8,"minecraft:deepslate_tile_slab":68,"minecraft:coal_block":39,"minecraft:turtle_egg":45,"minecraft:gray_wool":110,"minecraft:ink_sac":31,"minecraft:potion":29,"minecraft:pumpkin":2919,"minecraft:white_banner":2,"minecraft:red_dye":22,"minecraft:player_head":7,"minecraft:sticky_piston":8,"minecraft:stone_shovel":15,"minecraft:white_carpet":18,"minecraft:iron_boots":2,"minecraft:white_terracotta":8,"minecraft:white_shulker_box":1,"minecraft:oak_sign":21,"minecraft:shears":1,"minecraft:suspicious_stew":9,"minecraft:blast_furnace":4,"minecraft:diamond_sword":16,"minecraft:cyan_wool":255,"minecraft:spruce_boat":4,"minecraft:powder_snow_bucket":3,"minecraft:spruce_trapdoor":4,"minecraft:diamond_pickaxe":13,"minecraft:redstone_torch":47,"minecraft:stone_pressure_plate":12,"minecraft:stone_bricks":171,"minecraft:barrel":1,"minecraft:bamboo":436,"minecraft:bow":23,"minecraft:magma_block":185,"minecraft:soul_sand":2,"minecraft:orange_dye":6,"minecraft:loom":3,"minecraft:ender_pearl":15,"minecraft:leather":4,"minecraft:red_wool":118,"minecraft:cod":17,"minecraft:music_disc_13":2,"minecraft:orange_glazed_terracotta":12,"minecraft:cobblestone_stairs":32,"minecraft:redstone_lamp":1,"minecraft:packed_ice":5,"minecraft:ice":23,"minecraft:polished_blackstone_pressure_plate":2,"minecraft:snowball":20,"minecraft:black_concrete":9,"minecraft:light_blue_banner":1,"minecraft:cauldron":3,"minecraft:spyglass":1,"minecraft:soul_lantern":1,"minecraft:pointed_dripstone":3,"minecraft:beetroot":983,"minecraft:leather_chestplate":1,"minecraft:dropper":7,"minecraft:beetroot_seeds":2985,"minecraft:white_concrete_powder":356,"minecraft:magenta_wool":307,"minecraft:polished_granite":64,"minecraft:stone_hoe":4,"minecraft:bread":1,"minecraft:golden_helmet":1,"minecraft:yellow_concrete":9,"minecraft:iron_block":4,"minecraft:green_dye":12,"minecraft:repeater":36,"minecraft:light_blue_wool":243,"minecraft:nether_wart_block":17,"minecraft:melon_slice":12272,"minecraft:white_concrete":697,"minecraft:crimson_sign":1,"minecraft:fire_charge":3,"minecraft:stonecutter":6,"minecraft:cactus":3,"minecraft:light_blue_stained_glass_pane":5,"minecraft:redstone_block":32,"minecraft:polished_deepslate":1,"minecraft:polished_diorite":96,"minecraft:kelp":42,"minecraft:sweet_berries":4,"minecraft:oak_trapdoor":25,"minecraft:comparator":9,"minecraft:shulker_box":5,"minecraft:flint_and_steel":1,"minecraft:oak_button":11,"minecraft:andesite":621,"minecraft:birch_sign":2,"minecraft:magma_cream":181,"minecraft:brick":1118,"minecraft:magenta_terracotta":12,"minecraft:piston":1,"minecraft:cooked_beef":68,"minecraft:fletching_table":3,"minecraft:saddle":3,"minecraft:elytra":1,"minecraft:rail":9,"minecraft:dragon_breath":138,"minecraft:leather_helmet":12,"minecraft:item_frame":1,"minecraft:dirt":2495,"minecraft:melon":2466,"minecraft:stone_button":19,"minecraft:yellow_dye":6,"minecraft:jack_o_lantern":1,"minecraft:bone_block":20,"minecraft:bone_meal":9482,"minecraft:phantom_membrane":149,"minecraft:sugar":133,"minecraft:iron_pickaxe":1,"minecraft:dark_oak_boat":1,"minecraft:bone":13,"minecraft:green_wool":187,"minecraft:oak_door":2,"minecraft:sugar_cane":149,"minecraft:golden_chestplate":2,"minecraft:nether_brick":19,"minecraft:pink_dye":1,"minecraft:blue_wool":236,"minecraft:deepslate_brick_slab":23,"minecraft:lime_dye":3,"minecraft:end_stone":2,"minecraft:blaze_powder":133,"minecraft:deepslate_tiles":36,"minecraft:hopper":28,"minecraft:ladder":1,"minecraft:spruce_slab":9,"minecraft:white_dye":1144,"minecraft:ghast_tear":132,"minecraft:white_glazed_terracotta":1,"minecraft:egg":877,"minecraft:enchanted_book":108,"minecraft:iron_ingot":67,"minecraft:oak_fence":5,"minecraft:iron_helmet":4,"minecraft:feather":9,"minecraft:cobblestone":6923,"minecraft:apple":2,"minecraft:granite":698,"minecraft:polished_blackstone_button":3,"minecraft:coal":4,"minecraft:pufferfish":100,"minecraft:golden_carrot":442,"minecraft:iron_trapdoor":4,"minecraft:diamond_helmet":5,"minecraft:dried_kelp":53,"minecraft:iron_shovel":2,"minecraft:paper":86,"minecraft:furnace":1,"minecraft:moss_carpet":13,"minecraft:stone_sword":17,"minecraft:smooth_stone_slab":1,"minecraft:deepslate":95,"minecraft:bowl":9,"minecraft:chicken":3,"minecraft:polished_deepslate_slab":1,"minecraft:slime_block":3,"minecraft:stone_slab":16,"minecraft:orange_wool":245,"minecraft:nether_bricks":4,"minecraft:pumpkin_seeds":135,"minecraft:lily_of_the_valley":1,"minecraft:target":3,"minecraft:light_blue_dye":3,"minecraft:potato":9369,"minecraft:cobblestone_slab":140,"minecraft:shroomlight":8,"minecraft:stone":23615,"minecraft:carved_pumpkin":14,"minecraft:spider_eye":173,"minecraft:light_gray_dye":5,"minecraft:magenta_dye":3,"minecraft:black_wool":104,"minecraft:crimson_nylium":7,"minecraft:warped_stem":1,"minecraft:brown_mushroom":1,"minecraft:diamond_axe":7,"minecraft:sandstone_slab":3,"minecraft:scute":5,"minecraft:flint":183,"minecraft:cyan_terracotta":1,"minecraft:crimson_roots":1,"minecraft:seagrass":30,"minecraft:glistering_melon_slice":149,"minecraft:birch_log":8,"minecraft:gravel":557,"minecraft:yellow_wool":362,"minecraft:lime_wool":221,"minecraft:diamond_shovel":22,"minecraft:prismarine":130,"minecraft:stone_stairs":11,"minecraft:carrot":15586,"minecraft:chiseled_stone_bricks":320,"minecraft:poppy":2,"minecraft:oak_fence_gate":2,"minecraft:turtle_helmet":58,"minecraft:gunpowder":198,"minecraft:glowstone":32,"minecraft:chainmail_boots":2,"minecraft:chest":26,"minecraft:basalt":660,"minecraft:arrow":84,"minecraft:powered_rail":4,"minecraft:prismarine_bricks":64,"minecraft:quartz":76,"minecraft:written_book":5,"minecraft:netherrack":2343,"minecraft:firework_rocket":174,"minecraft:water_bucket":4,"minecraft:oak_slab":39,"minecraft:deepslate_iron_ore":5,"minecraft:smithing_table":3,"minecraft:minecart":1,"minecraft:cyan_dye":3,"minecraft:diamond_leggings":7,"minecraft:poisonous_potato":63,"minecraft:prismarine_shard":38522,"minecraft:lead":1,"minecraft:observer":40,"minecraft:grass_block":1,"minecraft:stick":8,"minecraft:blue_dye":20,"minecraft:diorite":1132,"minecraft:brewing_stand":2,"minecraft:light_blue_stained_glass":72,"minecraft:torch":239,"minecraft:smooth_quartz":6,"minecraft:brown_wool":224,"minecraft:iron_leggings":2,"minecraft:smooth_quartz_slab":1,"minecraft:iron_axe":6,"minecraft:bucket":2,"minecraft:music_disc_cat":1,"minecraft:lapis_block":58,"minecraft:redstone":454,"minecraft:red_concrete":7,"minecraft:brown_dye":21,"minecraft:ender_chest":1,"minecraft:nether_wart":140,"minecraft:raw_copper":3,"minecraft:tuff":2,"minecraft:composter":2,"minecraft:raw_iron":7,"minecraft:light_gray_wool":141,"minecraft:glass_pane":4,"minecraft:shield":2,"minecraft:diamond_chestplate":2,"minecraft:iron_chestplate":2,"minecraft:quartz_stairs":2,"minecraft:pink_wool":227,"minecraft:oak_boat":2,"minecraft:golden_sword":4,"minecraft:diamond_boots":3,"minecraft:stone_pickaxe":6,"minecraft:white_stained_glass":6},"minecraft:broken":{"minecraft:shears":1,"minecraft:stone_hoe":2,"minecraft:iron_pickaxe":7,"minecraft:wooden_hoe":3,"minecraft:iron_shovel":8,"minecraft:stone_pickaxe":21,"minecraft:stone_axe":2,"minecraft:stone_shovel":5,"minecraft:iron_sword":1,"minecraft:iron_axe":5,"minecraft:iron_helmet":1,"minecraft:wooden_axe":1},"minecraft:used":{"minecraft:moss_block":6,"minecraft:jack_o_lantern":39,"minecraft:writable_book":146,"minecraft:smooth_quartz_slab":250,"minecraft:dispenser":26,"minecraft:poppy":50,"minecraft:stone":5514,"minecraft:quartz_stairs":1,"minecraft:soul_sand":38,"minecraft:snowball":95,"minecraft:spruce_boat":5,"minecraft:packed_ice":141,"minecraft:lava_bucket":55,"minecraft:quartz_pillar":308,"minecraft:red_wool":25,"minecraft:deepslate_copper_ore":6,"minecraft:quartz_block":12,"minecraft:bow":907,"minecraft:oak_sapling":414,"minecraft:cooked_cod":68,"minecraft:damaged_anvil":2,"minecraft:prismarine":1,"minecraft:cactus":152,"minecraft:wooden_pickaxe":12,"minecraft:composter":29,"minecraft:cut_sandstone_slab":1,"minecraft:blast_furnace":6,"minecraft:birch_fence":1,"minecraft:deepslate_iron_ore":5,"minecraft:white_glazed_terracotta":1,"minecraft:oak_pressure_plate":1,"minecraft:nether_wart_block":4,"minecraft:diamond_sword":1138,"minecraft:smithing_table":6,"minecraft:oak_boat":93,"minecraft:purple_wool":65,"minecraft:oak_trapdoor":77,"minecraft:enchanting_table":5,"minecraft:armor_stand":16,"minecraft:tinted_glass":177,"minecraft:torch":3733,"minecraft:brewing_stand":28,"minecraft:nether_quartz_ore":457,"minecraft:cod_bucket":1,"minecraft:oak_fence_gate":14,"minecraft:sea_lantern":463,"minecraft:chipped_anvil":5,"minecraft:iron_block":1,"minecraft:barrel":12,"minecraft:bamboo":169,"minecraft:diamond_chestplate":1,"minecraft:basalt":18,"minecraft:podzol":2,"minecraft:calcite":10,"minecraft:wheat_seeds":2168,"minecraft:light_blue_shulker_box":110,"minecraft:cauldron":438,"minecraft:glow_ink_sac":2,"minecraft:gold_ore":36,"minecraft:deepslate_bricks":2,"minecraft:polished_deepslate_slab":419,"minecraft:rail":845,"minecraft:white_bed":53,"minecraft:amethyst_cluster":1,"minecraft:diamond_pickaxe":74320,"minecraft:diamond_shovel":13965,"minecraft:spruce_trapdoor":4,"minecraft:spruce_sapling":6,"minecraft:potion":6,"minecraft:orange_banner":1,"minecraft:cooked_porkchop":15,"minecraft:dandelion":5,"minecraft:diamond_leggings":3,"minecraft:light_blue_banner":6,"minecraft:moss_carpet":151,"minecraft:polished_deepslate":342,"minecraft:melon":24,"minecraft:polished_basalt":72,"minecraft:nether_wart":362,"minecraft:grass":1,"minecraft:green_terracotta":1,"minecraft:obsidian":176,"minecraft:green_wool":56,"minecraft:item_frame":90,"minecraft:written_book":188,"minecraft:gold_block":13,"minecraft:end_rod":49,"minecraft:diamond_boots":4,"minecraft:dropper":88,"minecraft:stone_pickaxe":2971,"minecraft:oak_planks":53,"minecraft:sandstone":3,"minecraft:sugar_cane":368,"minecraft:diamond_axe":2675,"minecraft:white_wool":179,"minecraft:mushroom_stew":10,"minecraft:light_blue_wool":65,"minecraft:yellow_concrete":19,"minecraft:deepslate_lapis_ore":2,"minecraft:end_stone":18,"minecraft:sticky_piston":209,"minecraft:lever":291,"minecraft:daylight_detector":3,"minecraft:bread":22,"minecraft:brown_wool":96,"minecraft:iron_door":23,"minecraft:deepslate":165,"minecraft:smooth_stone_slab":415,"minecraft:bone_meal":405,"minecraft:flint_and_steel":26,"minecraft:redstone":2031,"minecraft:dried_kelp":164,"minecraft:ender_chest":9,"minecraft:deepslate_gold_ore":8,"minecraft:stone_hoe":368,"minecraft:cooked_chicken":173,"minecraft:dirt":4002,"minecraft:iron_hoe":225,"minecraft:wooden_axe":30,"minecraft:iron_boots":1,"minecraft:yellow_concrete_powder":24,"minecraft:deepslate_tile_stairs":18,"minecraft:minecart":30,"minecraft:cooked_beef":108,"minecraft:powder_snow_bucket":26,"minecraft:turtle_egg":190,"minecraft:pumpkin":205,"minecraft:iron_leggings":2,"minecraft:cobblestone_stairs":79,"minecraft:brown_mushroom":16,"minecraft:cyan_stained_glass":25,"minecraft:piston":199,"minecraft:wooden_hoe":179,"minecraft:black_wool":3,"minecraft:lapis_ore":14,"minecraft:detector_rail":2,"minecraft:stone_slab":7,"minecraft:yellow_wool":50,"minecraft:stone_axe":363,"minecraft:end_crystal":2,"minecraft:cyan_stained_glass_pane":233,"minecraft:gray_wool":9,"minecraft:beetroot":122,"minecraft:spruce_slab":28,"minecraft:polished_blackstone":3,"minecraft:elytra":3,"minecraft:ladder":159,"minecraft:chest":292,"minecraft:white_shulker_box":108,"minecraft:orange_wool":386,"minecraft:grass_block":402,"minecraft:birch_sapling":1,"minecraft:copper_ore":57,"minecraft:pink_wool":72,"minecraft:sweet_berries":25,"minecraft:furnace":238,"minecraft:egg":1669,"minecraft:potato":1806,"minecraft:seagrass":26,"minecraft:diorite":80,"minecraft:powered_rail":249,"minecraft:smooth_quartz_stairs":347,"minecraft:oak_leaves":236,"minecraft:sand":320,"minecraft:blue_ice":4,"minecraft:black_concrete_powder":24,"minecraft:pumpkin_seeds":57,"minecraft:lightning_rod":2,"minecraft:deepslate_tiles":1927,"minecraft:stone_button":32,"minecraft:lectern":81,"minecraft:diamond_ore":8,"minecraft:wooden_sword":51,"minecraft:white_stained_glass":4,"minecraft:ice":343,"minecraft:iron_bars":30,"minecraft:red_concrete":7,"minecraft:netherrack":1456,"minecraft:anvil":14,"minecraft:warped_wart_block":2,"minecraft:target":64,"minecraft:wheat":30,"minecraft:chorus_flower":2,"minecraft:twisting_vines":2,"minecraft:stone_stairs":4,"minecraft:shroomlight":98,"minecraft:red_shulker_box":90,"minecraft:flowering_azalea":3,"minecraft:iron_axe":1236,"minecraft:slime_block":110,"minecraft:smooth_quartz":41,"minecraft:melon_seeds":32,"minecraft:smooth_basalt":1,"minecraft:tripwire_hook":7,"minecraft:glowstone":27,"minecraft:magenta_wool":8,"minecraft:iron_trapdoor":307,"minecraft:cobbled_deepslate":2,"minecraft:observer":412,"minecraft:pointed_dripstone":43,"minecraft:water_bucket":869,"minecraft:lime_wool":220,"minecraft:cartography_table":4,"minecraft:fletching_table":5,"minecraft:comparator":105,"minecraft:oak_slab":10,"minecraft:tnt":4,"minecraft:crafting_table":107,"minecraft:birch_sign":2,"minecraft:cod":1,"minecraft:cake":4,"minecraft:deepslate_tile_wall":2,"minecraft:oak_log":31,"minecraft:iron_pickaxe":1970,"minecraft:crimson_sign":5,"minecraft:cobblestone":1204,"minecraft:sandstone_slab":15,"minecraft:glass_pane":15,"minecraft:kelp":330,"minecraft:light_blue_stained_glass_pane":1664,"minecraft:iron_shovel":2182,"minecraft:oak_sign":59,"minecraft:white_concrete_powder":7021,"minecraft:shield":34,"minecraft:iron_sword":747,"minecraft:purple_shulker_box":1,"minecraft:player_head":28,"minecraft:smooth_sandstone_stairs":8,"minecraft:iron_chestplate":2,"minecraft:carrot":1498,"minecraft:deepslate_tile_slab":1308,"minecraft:cyan_wool":49,"minecraft:milk_bucket":1,"minecraft:polished_deepslate_stairs":9,"minecraft:glass":989,"minecraft:coal_ore":382,"minecraft:iron_helmet":1,"minecraft:crimson_roots":1,"minecraft:hopper_minecart":24,"minecraft:stone_bricks":752,"minecraft:repeater":494,"minecraft:redstone_lamp":37,"minecraft:magma_block":3,"minecraft:warped_fungus":13,"minecraft:hay_block":1,"minecraft:scaffolding":57,"minecraft:beetroot_seeds":714,"minecraft:polished_blackstone_stairs":7,"minecraft:golden_boots":1,"minecraft:ender_pearl":213,"minecraft:redstone_block":21,"minecraft:loom":4,"minecraft:deepslate_redstone_ore":25,"minecraft:dripstone_block":25,"minecraft:note_block":52,"minecraft:shears":296,"minecraft:redstone_torch":130,"minecraft:black_concrete":16,"minecraft:firework_rocket":573,"minecraft:melon_slice":142,"minecraft:heavy_weighted_pressure_plate":1,"minecraft:string":77,"minecraft:gravel":33,"minecraft:grindstone":8,"minecraft:andesite":23,"minecraft:deepslate_coal_ore":7,"minecraft:chest_minecart":3,"minecraft:white_concrete":8335,"minecraft:cobweb":1,"minecraft:experience_bottle":101,"minecraft:oak_fence":168,"minecraft:azalea":4,"minecraft:redstone_ore":48,"minecraft:stone_shovel":833,"minecraft:spyglass":3,"minecraft:white_carpet":58,"minecraft:hopper":291,"minecraft:diamond_helmet":5,"minecraft:shulker_box":60,"minecraft:granite":89,"minecraft:light_blue_stained_glass":2155,"minecraft:stone_brick_slab":15,"minecraft:bookshelf":165,"minecraft:light_gray_wool":5,"minecraft:golden_carrot":724,"minecraft:emerald_block":3,"minecraft:stone_pressure_plate":28,"minecraft:cooked_mutton":17,"minecraft:amethyst_block":1,"minecraft:iron_ore":134,"minecraft:glass_bottle":221,"minecraft:blue_wool":8,"minecraft:white_dye":2,"minecraft:stonecutter":20,"minecraft:cobblestone_slab":33,"minecraft:glow_item_frame":43,"minecraft:polished_blackstone_pressure_plate":53,"minecraft:smoker":2,"minecraft:activator_rail":2,"minecraft:apple":8,"minecraft:fishing_rod":2,"minecraft:white_banner":2,"minecraft:bucket":1112,"minecraft:polished_blackstone_button":70,"minecraft:smooth_stone":3,"minecraft:splash_potion":37},"minecraft:custom":{"minecraft:interact_with_crafting_table":1178,"minecraft:damage_blocked_by_shield":1590,"minecraft:play_time":16039548,"minecraft:deaths":24,"minecraft:jump":90971,"minecraft:inspect_dispenser":121,"minecraft:horse_one_cm":18087,"minecraft:inspect_dropper":506,"minecraft:interact_with_anvil":120,"minecraft:inspect_hopper":1134,"minecraft:tune_noteblock":18,"minecraft:time_since_rest":53320,"minecraft:swim_one_cm":1559313,"minecraft:open_chest":10772,"minecraft:open_shulker_box":1568,"minecraft:clean_armor":2,"minecraft:play_noteblock":7,"minecraft:talked_to_villager":1175,"minecraft:interact_with_brewingstand":124,"minecraft:fill_cauldron":11,"minecraft:boat_one_cm":3038645,"minecraft:damage_taken":55317,"minecraft:aviate_one_cm":24612181,"minecraft:open_barrel":212,"minecraft:eat_cake_slice":4,"minecraft:leave_game":376,"minecraft:time_since_death":53466,"minecraft:enchant_item":17,"minecraft:interact_with_furnace":1427,"minecraft:traded_with_villager":8015,"minecraft:sleep_in_bed":319,"minecraft:damage_dealt":93738,"minecraft:use_cauldron":170,"minecraft:interact_with_smithing_table":4,"minecraft:target_hit":65,"minecraft:sneak_time":1023380,"minecraft:interact_with_lectern":10,"minecraft:interact_with_blast_furnace":2,"minecraft:total_world_time":16039548,"minecraft:interact_with_stonecutter":74,"minecraft:fly_one_cm":9186441,"minecraft:fall_one_cm":1552151,"minecraft:animals_bred":752,"minecraft:sprint_one_cm":24520045,"minecraft:drop":5085,"minecraft:walk_on_water_one_cm":1296241,"minecraft:interact_with_loom":11,"minecraft:open_enderchest":122,"minecraft:crouch_one_cm":3394348,"minecraft:mob_kills":1478,"minecraft:climb_one_cm":549788,"minecraft:walk_one_cm":28242435,"minecraft:walk_under_water_one_cm":599682,"minecraft:interact_with_grindstone":11,"minecraft:minecart_one_cm":113728,"minecraft:pig_one_cm":3292}},"DataVersion":2730}