{"stats":{"minecraft:killed_by":{"minecraft:ravager":4,"minecraft:zombie":5,"minecraft:wither":1,"minecraft:zombified_piglin":5,"minecraft:drowned":1,"minecraft:skeleton":2,"minecraft:pillager":1,"minecraft:vindicator":1,"minecraft:vex":3,"minecraft:husk":1,"minecraft:ender_dragon":1,"minecraft:guardian":8,"minecraft:creeper":20,"minecraft:piglin":6,"minecraft:player":32,"minecraft:spider":1,"minecraft:enderman":8,"minecraft:iron_golem":2,"minecraft:hoglin":2,"minecraft:phantom":3},"minecraft:dropped":{"minecraft:iron_sword":10,"minecraft:porkchop":56,"minecraft:lapis_lazuli":1,"minecraft:chorus_fruit":305,"minecraft:glass_bottle":77,"minecraft:diamond":1320,"minecraft:crafting_table":10,"minecraft:cooked_porkchop":323,"minecraft:weeping_vines":8,"minecraft:warped_roots":19,"minecraft:cracked_stone_bricks":1,"minecraft:red_mushroom":1,"minecraft:gold_block":1,"minecraft:emerald":12,"minecraft:gray_concrete":36,"minecraft:dark_oak_trapdoor":64,"minecraft:netherite_boots":2,"minecraft:writable_book":6,"minecraft:gold_nugget":657,"minecraft:sand":2042,"minecraft:purple_wool":69,"minecraft:dark_oak_planks":168,"minecraft:fishing_rod":3,"minecraft:white_wool":64,"minecraft:stone_axe":2,"minecraft:compass":28,"minecraft:diamond_block":73,"minecraft:lever":4,"minecraft:ancient_debris":23,"minecraft:iron_nugget":27,"minecraft:cooked_chicken":40,"minecraft:black_carpet":1,"minecraft:netherite_sword":7,"minecraft:obsidian":70,"minecraft:rotten_flesh":4421,"minecraft:grindstone":2,"minecraft:oak_planks":74,"minecraft:glowstone_dust":30,"minecraft:golden_shovel":3,"minecraft:nether_brick_fence":66,"minecraft:azure_bluet":4,"minecraft:warped_planks":7,"minecraft:blue_stained_glass":1,"minecraft:sea_lantern":140,"minecraft:coal_ore":726,"minecraft:leather_boots":5,"minecraft:acacia_sapling":1,"minecraft:leather_leggings":7,"minecraft:glass":82,"minecraft:beef":12,"minecraft:podzol":1,"minecraft:golden_boots":10,"minecraft:wheat_seeds":733,"minecraft:clock":2,"minecraft:light_gray_stained_glass_pane":1042,"minecraft:book":1,"minecraft:prismarine_crystals":433,"minecraft:acacia_sign":221,"minecraft:cobweb":54,"minecraft:ink_sac":44,"minecraft:lapis_ore":11,"minecraft:potion":35,"minecraft:oak_stairs":3,"minecraft:pumpkin":61,"minecraft:white_banner":38,"minecraft:jungle_boat":2,"minecraft:red_dye":152,"minecraft:smooth_stone":1,"minecraft:chainmail_leggings":4,"minecraft:smooth_sandstone":1,"minecraft:lily_pad":14,"minecraft:acacia_planks":22,"minecraft:stone_brick_slab":84,"minecraft:snow_block":68,"minecraft:bricks":83,"minecraft:soul_soil":162,"minecraft:player_head":33,"minecraft:white_carpet":171,"minecraft:iron_boots":4,"minecraft:name_tag":1,"minecraft:white_terracotta":6,"minecraft:oak_sign":46,"minecraft:shears":23,"minecraft:suspicious_stew":1,"minecraft:diamond_sword":50,"minecraft:spruce_trapdoor":8,"minecraft:spruce_planks":376,"minecraft:diamond_pickaxe":31,"minecraft:fire_coral_block":17,"minecraft:redstone_torch":34,"minecraft:stone_pressure_plate":1,"minecraft:stone_bricks":1158,"minecraft:sandstone":58,"minecraft:bow":41,"minecraft:green_concrete_powder":1,"minecraft:magma_block":98,"minecraft:brick_slab":22,"minecraft:terracotta":19,"minecraft:nether_brick_stairs":3,"minecraft:daylight_detector":1,"minecraft:acacia_boat":1,"minecraft:soul_sand":431,"minecraft:warped_fungus":3,"minecraft:oak_log":6,"minecraft:ender_pearl":104484,"minecraft:jungle_fence":3,"minecraft:leather":80,"minecraft:red_wool":71,"minecraft:prismarine_brick_stairs":2,"minecraft:jungle_planks":41,"minecraft:cod":32,"minecraft:cracked_polished_blackstone_bricks":11,"minecraft:dark_oak_log":8,"minecraft:packed_ice":7,"minecraft:ice":68,"minecraft:mutton":18,"minecraft:snowball":717,"minecraft:jungle_sign":48,"minecraft:gold_ingot":35,"minecraft:magenta_stained_glass":5,"minecraft:purpur_block":69,"minecraft:twisting_vines":11,"minecraft:mycelium":284,"minecraft:mushroom_stem":1,"minecraft:leather_chestplate":3,"minecraft:iron_ore":431,"minecraft:white_concrete_powder":66,"minecraft:polished_granite":1,"minecraft:purple_carpet":1,"minecraft:stone_hoe":5,"minecraft:bread":172,"minecraft:golden_helmet":16,"minecraft:netherite_axe":3,"minecraft:tropical_fish":4,"minecraft:spruce_stairs":1,"minecraft:acacia_log":2,"minecraft:iron_block":49,"minecraft:milk_bucket":5,"minecraft:green_dye":18,"minecraft:repeater":12,"minecraft:nether_wart_block":1,"minecraft:melon_slice":2,"minecraft:jungle_door":9,"minecraft:light_gray_stained_glass":188,"minecraft:fire_charge":12,"minecraft:polished_blackstone_brick_slab":64,"minecraft:cactus":5,"minecraft:redstone_block":69,"minecraft:chiseled_sandstone":1,"minecraft:polished_diorite":1,"minecraft:blue_terracotta":1,"minecraft:kelp":3537,"minecraft:lime_concrete":182,"minecraft:shulker_box":7,"minecraft:flint_and_steel":7,"minecraft:oak_button":1,"minecraft:andesite":3548,"minecraft:golden_leggings":7,"minecraft:oak_sapling":21,"minecraft:birch_sign":20,"minecraft:spruce_log":98,"minecraft:wooden_pickaxe":1,"minecraft:magma_cream":6,"minecraft:nautilus_shell":3,"minecraft:clay":1,"minecraft:cooked_beef":134,"minecraft:crossbow":3,"minecraft:saddle":1,"minecraft:purpur_stairs":9,"minecraft:elytra":4,"minecraft:rail":95,"minecraft:leather_helmet":6,"minecraft:item_frame":36,"minecraft:dirt":3520,"minecraft:stone_button":319,"minecraft:chain":6,"minecraft:bone_meal":10,"minecraft:bone_block":21,"minecraft:phantom_membrane":7,"minecraft:sugar":8,"minecraft:iron_pickaxe":2,"minecraft:cyan_carpet":1,"minecraft:bone":2131,"minecraft:polished_blackstone_wall":19,"minecraft:emerald_block":1,"minecraft:sugar_cane":92,"minecraft:polished_andesite_slab":34,"minecraft:golden_chestplate":8,"minecraft:nether_brick":19,"minecraft:birch_sapling":8,"minecraft:netherite_shovel":7,"minecraft:end_stone":213,"minecraft:blaze_powder":11,"minecraft:white_bed":1,"minecraft:dark_oak_fence_gate":11,"minecraft:salmon":3,"minecraft:acacia_button":27,"minecraft:heavy_weighted_pressure_plate":64,"minecraft:charcoal":19,"minecraft:jungle_stairs":6,"minecraft:hopper":1,"minecraft:spruce_slab":13,"minecraft:end_stone_bricks":165,"minecraft:ghast_tear":2,"minecraft:egg":4,"minecraft:enchanted_book":9,"minecraft:crimson_planks":56,"minecraft:iron_ingot":19,"minecraft:netherite_pickaxe":13,"minecraft:cyan_stained_glass":6,"minecraft:birch_leaves":1,"minecraft:tnt":66,"minecraft:golden_horse_armor":1,"minecraft:oak_fence":17,"minecraft:purpur_slab":4,"minecraft:iron_helmet":5,"minecraft:feather":7,"minecraft:cobblestone":7103,"minecraft:apple":1,"minecraft:granite":3198,"minecraft:coal":232,"minecraft:pufferfish":2,"minecraft:polished_andesite":65,"minecraft:end_rod":3,"minecraft:jungle_slab":1,"minecraft:golden_carrot":352,"minecraft:sponge":1,"minecraft:wooden_hoe":1,"minecraft:rose_bush":497,"minecraft:rabbit":1,"minecraft:diamond_helmet":30,"minecraft:iron_shovel":3,"minecraft:paper":177,"minecraft:string":1764,"minecraft:gray_carpet":17,"minecraft:spruce_sapling":24,"minecraft:purpur_pillar":23,"minecraft:furnace":39,"minecraft:redstone_ore":279,"minecraft:jungle_fence_gate":76,"minecraft:stone_sword":131,"minecraft:dark_oak_sign":4,"minecraft:diamond_hoe":4,"minecraft:slime_block":24,"minecraft:stone_slab":22,"minecraft:light_blue_concrete":1,"minecraft:diamond_ore":635,"minecraft:orange_wool":64,"minecraft:nether_bricks":138,"minecraft:spruce_fence":1,"minecraft:lily_of_the_valley":1,"minecraft:potato":321,"minecraft:cobblestone_slab":241,"minecraft:stone":17742,"minecraft:carved_pumpkin":1,"minecraft:spider_eye":126,"minecraft:rabbit_stew":1,"minecraft:birch_boat":16,"minecraft:dark_prismarine":45,"minecraft:cyan_concrete_powder":5,"minecraft:black_wool":19,"minecraft:spruce_sign":16,"minecraft:gold_ore":57,"minecraft:crimson_nylium":3,"minecraft:warped_stem":1,"minecraft:brown_mushroom":125,"minecraft:birch_planks":37,"minecraft:diamond_axe":18,"minecraft:lime_shulker_box":1,"minecraft:lantern":5,"minecraft:flint":838,"minecraft:cyan_terracotta":2,"minecraft:orange_carpet":14,"minecraft:jungle_button":1,"minecraft:cornflower":1,"minecraft:crimson_roots":22,"minecraft:seagrass":7,"minecraft:cooked_cod":1,"minecraft:cut_sandstone":11,"minecraft:pumpkin_pie":3,"minecraft:gilded_blackstone":1,"minecraft:polished_blackstone_bricks":20,"minecraft:glistering_melon_slice":9,"minecraft:birch_log":25,"minecraft:armor_stand":5,"minecraft:gravel":2499,"minecraft:crimson_fungus":24,"minecraft:blackstone":732,"minecraft:diamond_shovel":29,"minecraft:prismarine":259,"minecraft:honey_bottle":1,"minecraft:carrot":322,"minecraft:chainmail_chestplate":3,"minecraft:shulker_shell":10,"minecraft:poppy":8,"minecraft:gunpowder":2104,"minecraft:chainmail_boots":24,"minecraft:chest":76,"minecraft:basalt":679,"minecraft:arrow":2455,"minecraft:prismarine_bricks":152,"minecraft:quartz":186,"minecraft:written_book":11,"minecraft:oak_leaves":5,"minecraft:netherrack":37366,"minecraft:firework_rocket":1678,"minecraft:water_bucket":2,"minecraft:red_concrete_powder":24,"minecraft:mossy_cobblestone":2,"minecraft:smithing_table":1,"minecraft:cyan_dye":7,"minecraft:diamond_leggings":33,"minecraft:poisonous_potato":3,"minecraft:prismarine_shard":73,"minecraft:lead":3,"minecraft:spectral_arrow":9,"minecraft:grass_block":271,"minecraft:stick":470,"minecraft:blue_dye":18,"minecraft:diorite":3435,"minecraft:nether_gold_ore":35,"minecraft:torch":1005,"minecraft:brown_wool":122,"minecraft:iron_leggings":21,"minecraft:smooth_quartz_slab":1,"minecraft:wither_rose":3,"minecraft:iron_axe":10,"minecraft:bucket":25,"minecraft:lapis_block":49,"minecraft:dandelion":5,"minecraft:redstone":92,"minecraft:anvil":2,"minecraft:warped_nylium":2,"minecraft:ender_chest":2,"minecraft:coarse_dirt":27,"minecraft:blaze_rod":47,"minecraft:light_gray_wool":1,"minecraft:iron_hoe":2,"minecraft:cyan_stained_glass_pane":56,"minecraft:glass_pane":53,"minecraft:prismarine_stairs":7,"minecraft:crimson_button":4,"minecraft:filled_map":33,"minecraft:snow":54,"minecraft:shield":22,"minecraft:diamond_chestplate":44,"minecraft:iron_chestplate":1,"minecraft:mossy_stone_bricks":3,"minecraft:oak_boat":3,"minecraft:golden_sword":25,"minecraft:diamond_boots":28,"minecraft:slime_ball":276,"minecraft:stone_pickaxe":16,"minecraft:nether_quartz_ore":133,"minecraft:white_stained_glass":1,"minecraft:light_blue_shulker_box":1},"minecraft:custom":{"minecraft:interact_with_crafting_table":2200,"minecraft:deaths":144,"minecraft:jump":264207,"minecraft:inspect_dispenser":111,"minecraft:horse_one_cm":161519,"minecraft:inspect_dropper":513,"minecraft:interact_with_anvil":599,"minecraft:inspect_hopper":1570,"minecraft:tune_noteblock":21,"minecraft:time_since_rest":21858,"minecraft:swim_one_cm":14613313,"minecraft:open_chest":29105,"minecraft:open_shulker_box":45841,"minecraft:damage_resisted":9859,"minecraft:talked_to_villager":509,"minecraft:interact_with_brewingstand":484,"minecraft:interact_with_beacon":126,"minecraft:boat_one_cm":35163973,"minecraft:damage_taken":304102,"minecraft:aviate_one_cm":935295987,"minecraft:open_barrel":1405,"minecraft:bell_ring":47,"minecraft:leave_game":1195,"minecraft:time_since_death":1087601,"minecraft:enchant_item":21,"minecraft:interact_with_furnace":2787,"minecraft:traded_with_villager":622,"minecraft:sleep_in_bed":496,"minecraft:damage_dealt":2249359,"minecraft:interact_with_smithing_table":56,"minecraft:target_hit":605,"minecraft:sneak_time":2732646,"minecraft:interact_with_lectern":216,"minecraft:interact_with_stonecutter":1,"minecraft:fly_one_cm":67330310,"minecraft:fall_one_cm":5505578,"minecraft:animals_bred":288,"minecraft:sprint_one_cm":53321853,"minecraft:drop":12798,"minecraft:walk_on_water_one_cm":9773804,"minecraft:play_one_minute":45737136,"minecraft:interact_with_loom":12,"minecraft:open_enderchest":2045,"minecraft:player_kills":73,"minecraft:crouch_one_cm":10262749,"minecraft:mob_kills":98505,"minecraft:climb_one_cm":2941733,"minecraft:walk_one_cm":129512017,"minecraft:walk_under_water_one_cm":39410708,"minecraft:raid_trigger":5,"minecraft:pot_flower":1,"minecraft:interact_with_grindstone":42,"minecraft:damage_absorbed":430,"minecraft:minecart_one_cm":28019},"minecraft:broken":{"minecraft:diamond_helmet":1,"minecraft:shears":5,"minecraft:diamond_shovel":7,"minecraft:diamond_pickaxe":3,"minecraft:diamond_leggings":1,"minecraft:iron_pickaxe":3,"minecraft:stone_pickaxe":1,"minecraft:diamond_boots":1,"minecraft:diamond_axe":1,"minecraft:golden_sword":3,"minecraft:golden_shovel":3},"minecraft:picked_up":{"minecraft:suspicious_stew":23,"minecraft:smithing_table":27,"minecraft:lead":85,"minecraft:stone_slab":358,"minecraft:enchanted_book":59,"minecraft:music_disc_cat":1,"minecraft:polished_blackstone_brick_stairs":56,"minecraft:string":3124,"minecraft:orange_glazed_terracotta":1,"minecraft:pufferfish":37,"minecraft:shroomlight":49,"minecraft:diamond_leggings":61,"minecraft:warped_slab":39,"minecraft:crimson_sign":3,"minecraft:diamond_ore":3111,"minecraft:polished_blackstone_brick_slab":1265,"minecraft:polished_blackstone_stairs":1,"minecraft:jukebox":3,"minecraft:acacia_log":525,"minecraft:cyan_stained_glass":26399,"minecraft:purpur_pillar":179,"minecraft:end_crystal":1,"minecraft:green_terracotta":32,"minecraft:golden_chestplate":12,"minecraft:cyan_stained_glass_pane":981,"minecraft:cauldron":10,"minecraft:orange_bed":19,"minecraft:stone_sword":66,"minecraft:lime_carpet":90,"minecraft:honey_bottle":1,"minecraft:polished_basalt":133,"minecraft:carved_pumpkin":106,"minecraft:glowstone":540,"minecraft:bookshelf":405,"minecraft:end_rod":566,"minecraft:white_terracotta":36,"minecraft:blaze_rod":274,"minecraft:iron_bars":233,"minecraft:snowball":16682,"minecraft:sponge":869,"minecraft:cooked_beef":2725,"minecraft:feather":74,"minecraft:water_bucket":84,"minecraft:brown_wool":114,"minecraft:dark_oak_boat":7,"minecraft:flint":2857,"minecraft:cyan_concrete_powder":51,"minecraft:lantern":77,"minecraft:gray_concrete_powder":332,"minecraft:purple_carpet":273,"minecraft:stonecutter":3,"minecraft:dark_oak_sign":51,"minecraft:diamond_helmet":60,"minecraft:rabbit":1,"minecraft:birch_fence_gate":46,"minecraft:polished_andesite":155,"minecraft:blue_terracotta":1,"minecraft:lever":202,"minecraft:granite":18608,"minecraft:spruce_button":315,"minecraft:golden_horse_armor":5,"minecraft:cyan_dye":666,"minecraft:jack_o_lantern":21,"minecraft:light_gray_carpet":204,"minecraft:crimson_roots":135,"minecraft:diamond_pickaxe":138,"minecraft:bee_nest":40,"minecraft:clay_ball":2779,"minecraft:leather_leggings":15,"minecraft:redstone_lamp":17,"minecraft:dragon_head":38,"minecraft:acacia_button":17,"minecraft:purpur_block":314,"minecraft:heavy_weighted_pressure_plate":256,"minecraft:cornflower":1,"minecraft:elytra":144,"minecraft:flint_and_steel":25,"minecraft:white_carpet":1464,"minecraft:white_stained_glass":1,"minecraft:iron_shovel":9,"minecraft:polished_blackstone_wall":19,"minecraft:glass_pane":198,"minecraft:netherite_sword":29,"minecraft:poppy":191,"minecraft:spruce_slab":27,"minecraft:minecart":55,"minecraft:birch_sapling":38,"minecraft:piston":652,"minecraft:diamond_hoe":9,"minecraft:lime_shulker_box":139,"minecraft:black_stained_glass":1,"minecraft:stone":213280,"minecraft:fire_charge":14,"minecraft:white_dye":743,"minecraft:jungle_fence_gate":226,"minecraft:netherite_pickaxe":52,"minecraft:jungle_sign":250,"minecraft:diamond_chestplate":53,"minecraft:purpur_slab":11,"minecraft:hay_block":76,"minecraft:yellow_terracotta":4,"minecraft:totem_of_undying":10,"minecraft:polished_blackstone":49,"minecraft:mutton":32,"minecraft:rail":3363,"minecraft:bone_block":808,"minecraft:emerald_ore":38,"minecraft:lime_bed":2,"minecraft:birch_leaves":7,"minecraft:yellow_shulker_box":51,"minecraft:clock":2,"minecraft:tripwire_hook":13,"minecraft:fern":4,"minecraft:yellow_dye":56,"minecraft:blackstone_slab":2,"minecraft:jungle_fence":6,"minecraft:purpur_stairs":83,"minecraft:lily_pad":130,"minecraft:paper":1155,"minecraft:apple":32,"minecraft:warped_stem":428,"minecraft:oak_fence_gate":68,"minecraft:stone_pickaxe":9,"minecraft:iron_ore":6696,"minecraft:magenta_stained_glass":6,"minecraft:dark_oak_stairs":4,"minecraft:milk_bucket":18,"minecraft:light_gray_stained_glass":284,"minecraft:sweet_berries":2,"minecraft:red_wool":1797,"minecraft:lime_concrete":1955,"minecraft:light_blue_stained_glass":144,"minecraft:crying_obsidian":81,"minecraft:leather_helmet":9,"minecraft:diamond_shovel":101,"minecraft:coal_ore":8409,"minecraft:slime_ball":2339,"minecraft:painting":7,"minecraft:birch_sign":89,"minecraft:polished_blackstone_brick_wall":78,"minecraft:smooth_quartz_slab":7,"minecraft:hopper":2695,"minecraft:prismarine_stairs":642,"minecraft:black_carpet":1,"minecraft:light_blue_concrete":488,"minecraft:ender_chest":348,"minecraft:nether_brick_fence":157,"minecraft:gilded_blackstone":12,"minecraft:stone_brick_stairs":205,"minecraft:lapis_block":425,"minecraft:smooth_stone":448,"minecraft:red_sand":107,"minecraft:comparator":519,"minecraft:bucket":161,"minecraft:red_dye":396,"minecraft:rose_bush":1109,"minecraft:cobblestone_slab":2194,"minecraft:iron_pickaxe":10,"minecraft:smooth_quartz":309,"minecraft:smooth_quartz_stairs":1,"minecraft:blue_wool":1915,"minecraft:birch_trapdoor":110,"minecraft:spruce_stairs":148,"minecraft:netherite_shovel":31,"minecraft:crimson_button":15,"minecraft:diorite":19910,"minecraft:rotten_flesh":12449,"minecraft:chorus_flower":3,"minecraft:obsidian":956,"minecraft:blaze_powder":46,"minecraft:cobblestone":53653,"minecraft:enchanting_table":4,"minecraft:leather_chestplate":10,"minecraft:repeater":692,"minecraft:golden_leggings":9,"minecraft:andesite":19773,"minecraft:orange_carpet":227,"minecraft:black_bed":1,"minecraft:beacon":47,"minecraft:potato":17308,"minecraft:smooth_sandstone_stairs":1,"minecraft:prismarine_bricks":17865,"minecraft:dirt":33148,"minecraft:name_tag":13,"minecraft:glass":5357,"minecraft:bone":5993,"minecraft:acacia_planks":217,"minecraft:bow":85,"minecraft:wheat_seeds":2319,"minecraft:crimson_fence_gate":2,"minecraft:grindstone":16,"minecraft:netherite_axe":24,"minecraft:mossy_stone_bricks":122,"minecraft:bamboo":318,"minecraft:cyan_concrete":7657,"minecraft:prismarine":19856,"minecraft:light_blue_shulker_box":69,"minecraft:melon":97,"minecraft:nether_brick_stairs":29,"minecraft:grass_block":2895,"minecraft:diamond_block":771,"minecraft:jungle_slab":10,"minecraft:spectral_arrow":15,"minecraft:mossy_cobblestone":261,"minecraft:jungle_leaves":1,"minecraft:sugar":83,"minecraft:yellow_carpet":21,"minecraft:slime_block":532,"minecraft:netherite_helmet":18,"minecraft:soul_lantern":66,"minecraft:cracked_polished_blackstone_bricks":128,"minecraft:crossbow":7,"minecraft:bone_meal":1236,"minecraft:golden_apple":11,"minecraft:spruce_sign":70,"minecraft:emerald":306,"minecraft:netherrack":52112,"minecraft:chorus_fruit":625,"minecraft:oak_leaves":3815,"minecraft:azure_bluet":4,"minecraft:splash_potion":5,"minecraft:ladder":725,"minecraft:rabbit_stew":1,"minecraft:brown_mushroom":217,"minecraft:packed_ice":8,"minecraft:stone_brick_wall":83,"minecraft:chain":83,"minecraft:shield":10,"minecraft:brick":414,"minecraft:orange_stained_glass":443,"minecraft:oak_trapdoor":42,"minecraft:end_stone_brick_wall":39,"minecraft:mycelium":7378,"minecraft:blackstone":3048,"minecraft:blue_orchid":1,"minecraft:end_stone":34993,"minecraft:polished_blackstone_bricks":1721,"minecraft:brown_concrete_powder":2,"minecraft:cookie":544,"minecraft:trident":12,"minecraft:light_blue_bed":4,"minecraft:light_gray_stained_glass_pane":765,"minecraft:stone_pressure_plate":130,"minecraft:blue_concrete_powder":16,"minecraft:weeping_vines":38,"minecraft:red_shulker_box":69,"minecraft:pumpkin_pie":199,"minecraft:nether_bricks":3683,"minecraft:glistering_melon_slice":9,"minecraft:brick_stairs":54,"minecraft:nether_brick_wall":110,"minecraft:netherite_boots":19,"minecraft:jungle_boat":25,"minecraft:prismarine_slab":986,"minecraft:basalt":1531,"minecraft:dark_oak_button":255,"minecraft:golden_carrot":2164,"minecraft:leather":2887,"minecraft:ice":1886,"minecraft:crimson_fungus":103,"minecraft:chainmail_chestplate":5,"minecraft:yellow_bed":35,"minecraft:cobblestone_wall":119,"minecraft:gunpowder":6038,"minecraft:orange_terracotta":210,"minecraft:red_carpet":41,"minecraft:gray_carpet":397,"minecraft:iron_ingot":2196,"minecraft:cooked_chicken":69,"minecraft:prismarine_brick_slab":528,"minecraft:polished_andesite_slab":40,"minecraft:nether_quartz_ore":1620,"minecraft:warped_fungus":164,"minecraft:emerald_block":4645,"minecraft:stone_brick_slab":5723,"minecraft:quartz":4791,"minecraft:dandelion":100,"minecraft:lava_bucket":12,"minecraft:green_stained_glass":3,"minecraft:nether_brick_slab":14,"minecraft:spruce_door":13,"minecraft:brick_slab":104,"minecraft:pumpkin_seeds":1849,"minecraft:white_concrete_powder":357,"minecraft:prismarine_wall":190,"minecraft:chainmail_leggings":5,"minecraft:terracotta":288,"minecraft:damaged_anvil":26,"minecraft:end_stone_brick_slab":2213,"minecraft:wooden_axe":2,"minecraft:seagrass":30,"minecraft:iron_chestplate":5,"minecraft:chainmail_boots":6,"minecraft:flower_pot":1,"minecraft:anvil":68,"minecraft:prismarine_shard":812,"minecraft:diamond_sword":89,"minecraft:oak_stairs":60,"minecraft:wither_rose":454,"minecraft:golden_shovel":6,"minecraft:birch_button":3,"minecraft:brewing_stand":106,"minecraft:golden_sword":70,"minecraft:dark_oak_trapdoor":673,"minecraft:soul_soil":1133,"minecraft:cooked_salmon":10,"minecraft:gold_nugget":3800,"minecraft:spruce_planks":776,"minecraft:acacia_sign":90,"minecraft:written_book":47,"minecraft:enchanted_golden_apple":1,"minecraft:melon_slice":364,"minecraft:coal_block":478,"minecraft:golden_helmet":39,"minecraft:music_disc_blocks":3,"minecraft:composter":49,"minecraft:green_bed":19,"minecraft:warped_planks":65,"minecraft:chiseled_nether_bricks":2,"minecraft:black_dye":3,"minecraft:tropical_fish":118,"minecraft:blue_dye":177,"minecraft:iron_block":1937,"minecraft:cyan_terracotta":74,"minecraft:netherite_chestplate":1,"minecraft:blackstone_stairs":3,"minecraft:birch_log":510,"minecraft:magma_block":3627,"minecraft:iron_door":11,"minecraft:birch_slab":19,"minecraft:jungle_log":369,"minecraft:green_concrete_powder":4,"minecraft:jungle_wood":8,"minecraft:netherite_leggings":17,"minecraft:gray_concrete":1520,"minecraft:twisting_vines":86,"minecraft:chipped_anvil":31,"minecraft:glowstone_dust":357,"minecraft:warped_wart_block":46,"minecraft:dropper":802,"minecraft:ink_sac":244,"minecraft:loom":17,"minecraft:fermented_spider_eye":36,"minecraft:dark_oak_log":741,"minecraft:red_terracotta":99,"minecraft:barrel":3,"minecraft:quartz_bricks":1,"minecraft:dispenser":61,"minecraft:black_concrete_powder":280,"minecraft:green_concrete":996,"minecraft:writable_book":13,"minecraft:blue_ice":368,"minecraft:bread":287,"minecraft:dark_oak_fence":10,"minecraft:bricks":598,"minecraft:spruce_leaves":351,"minecraft:lime_stained_glass_pane":108,"minecraft:crafting_table":465,"minecraft:coarse_dirt":47,"minecraft:purple_wool":362,"minecraft:nether_wart":418,"minecraft:orange_stained_glass_pane":478,"minecraft:conduit":8,"minecraft:crimson_trapdoor":60,"minecraft:snow":118,"minecraft:netherite_scrap":17,"minecraft:compass":43,"minecraft:cracked_stone_bricks":113,"minecraft:cartography_table":5,"minecraft:beef":341,"minecraft:cyan_wool":7,"minecraft:iron_nugget":258,"minecraft:chest":2934,"minecraft:egg":28,"minecraft:sandstone":1055,"minecraft:oak_door":7,"minecraft:spruce_fence":94,"minecraft:cake":2,"minecraft:carrot":2370,"minecraft:redstone":13808,"minecraft:mushroom_stem":1,"minecraft:prismarine_crystals":1354,"minecraft:tnt":604,"minecraft:cooked_cod":20,"minecraft:shears":48,"minecraft:diamond_boots":58,"minecraft:gold_ingot":1354,"minecraft:white_shulker_box":13,"minecraft:lime_concrete_powder":794,"minecraft:white_wool":367,"minecraft:crimson_slab":15,"minecraft:lapis_ore":1282,"minecraft:stripped_oak_log":35,"minecraft:red_mushroom":14,"minecraft:filled_map":34,"minecraft:oak_log":935,"minecraft:jungle_button":2,"minecraft:ancient_debris":271,"minecraft:golden_boots":11,"minecraft:blue_bed":22,"minecraft:white_banner":163,"minecraft:stone_bricks":24397,"minecraft:kelp":17204,"minecraft:cobweb":550,"minecraft:glass_bottle":151,"minecraft:iron_sword":18,"minecraft:prismarine_brick_stairs":657,"minecraft:dark_oak_slab":6,"minecraft:daylight_detector":23,"minecraft:yellow_concrete":3,"minecraft:gravel":12679,"minecraft:spruce_sapling":92,"minecraft:spruce_log":1745,"minecraft:sea_lantern":2822,"minecraft:firework_rocket":9061,"minecraft:red_stained_glass":197,"minecraft:purple_bed":8,"minecraft:polished_diorite":220,"minecraft:stone_axe":3,"minecraft:light_blue_carpet":540,"minecraft:redstone_ore":3722,"minecraft:diamond_axe":42,"minecraft:gray_wool":331,"minecraft:warped_roots":24,"minecraft:oak_button":2,"minecraft:melon_seeds":14,"minecraft:warped_nylium":627,"minecraft:crimson_nylium":445,"minecraft:ender_pearl":106687,"minecraft:shulker_shell":804,"minecraft:wheat":779,"minecraft:redstone_block":2168,"minecraft:iron_trapdoor":167,"minecraft:light_gray_shulker_box":29,"minecraft:turtle_egg":11,"minecraft:potion":96,"minecraft:nether_brick":40,"minecraft:crimson_planks":1022,"minecraft:smooth_stone_slab":239,"minecraft:iron_leggings":6,"minecraft:armor_stand":65,"minecraft:sticky_piston":114,"minecraft:netherite_ingot":4,"minecraft:pink_shulker_box":2,"minecraft:oak_sign":278,"minecraft:black_shulker_box":238,"minecraft:redstone_torch":1211,"minecraft:iron_boots":6,"minecraft:furnace":1604,"minecraft:stick":2297,"minecraft:orange_shulker_box":55,"minecraft:jungle_door":28,"minecraft:brown_terracotta":186,"minecraft:oak_fence":676,"minecraft:torch":11648,"minecraft:porkchop":718,"minecraft:snow_block":4440,"minecraft:dried_kelp":25,"minecraft:blue_stained_glass":1,"minecraft:quartz_block":10,"minecraft:nether_gold_ore":53,"minecraft:cactus":1952,"minecraft:cod":292,"minecraft:nautilus_shell":111,"minecraft:magma_cream":89,"minecraft:light_gray_dye":7,"minecraft:warped_trapdoor":248,"minecraft:wither_skeleton_skull":21,"minecraft:acacia_boat":2,"minecraft:green_shulker_box":10,"minecraft:lapis_lazuli":3980,"minecraft:polished_granite":1039,"minecraft:leather_boots":15,"minecraft:bell":19,"minecraft:light_blue_dye":1,"minecraft:powered_rail":753,"minecraft:oak_planks":582,"minecraft:stone_hoe":6,"minecraft:ghast_tear":124,"minecraft:cooked_porkchop":347,"minecraft:music_disc_13":1,"minecraft:oak_pressure_plate":14,"minecraft:poisonous_potato":22,"minecraft:jungle_planks":184,"minecraft:sand":131365,"minecraft:dead_bush":30,"minecraft:chiseled_sandstone":1,"minecraft:shulker_box":5747,"minecraft:orange_wool":1681,"minecraft:dark_prismarine":1169,"minecraft:light_gray_concrete":308,"minecraft:spruce_fence_gate":159,"minecraft:clay":141,"minecraft:diamond":5856,"minecraft:spruce_boat":37,"minecraft:black_concrete":1001,"minecraft:white_concrete":257,"minecraft:oak_sapling":109,"minecraft:bubble_coral_block":8,"minecraft:nether_star":12,"minecraft:end_stone_bricks":28637,"minecraft:fishing_rod":4,"minecraft:charcoal":14,"minecraft:end_stone_brick_stairs":548,"minecraft:chicken":16,"minecraft:wooden_pickaxe":2,"minecraft:gold_block":215,"minecraft:diamond_horse_armor":4,"minecraft:stone_stairs":186,"minecraft:orange_concrete":917,"minecraft:item_frame":384,"minecraft:quartz_slab":6,"minecraft:cyan_carpet":1,"minecraft:andesite_stairs":2,"minecraft:oak_boat":99,"minecraft:player_head":696,"minecraft:observer":241,"minecraft:light_gray_wool":80,"minecraft:lectern":96,"minecraft:blue_shulker_box":22,"minecraft:sugar_cane":11061,"minecraft:spruce_trapdoor":1930,"minecraft:phantom_membrane":246,"minecraft:orange_dye":8,"minecraft:bowl":2,"minecraft:gray_dye":28,"minecraft:quartz_pillar":6,"minecraft:stone_button":809,"minecraft:magenta_shulker_box":20,"minecraft:iron_horse_armor":3,"minecraft:dark_oak_planks":631,"minecraft:arrow":5403,"minecraft:jungle_stairs":48,"minecraft:saddle":3,"minecraft:soul_campfire":9,"minecraft:lime_stained_glass":1,"minecraft:wet_sponge":3177,"minecraft:crimson_stem":253,"minecraft:salmon":9,"minecraft:cut_sandstone":23,"minecraft:birch_planks":232,"minecraft:mushroom_stew":2,"minecraft:nether_wart_block":180,"minecraft:cobblestone_stairs":9,"minecraft:wooden_hoe":1,"minecraft:podzol":2,"minecraft:smooth_sandstone":19,"minecraft:red_sandstone":5,"minecraft:fire_coral_block":69,"minecraft:heart_of_the_sea":2,"minecraft:acacia_sapling":7,"minecraft:soul_sand":8141,"minecraft:green_dye":1153,"minecraft:book":3241,"minecraft:scaffolding":5085,"minecraft:oak_slab":151,"minecraft:red_concrete_powder":40,"minecraft:birch_boat":86,"minecraft:pumpkin":143,"minecraft:chiseled_stone_bricks":224,"minecraft:blast_furnace":6,"minecraft:white_bed":121,"minecraft:gold_ore":1797,"minecraft:dark_oak_fence_gate":316,"minecraft:green_carpet":1,"minecraft:spider_eye":1229,"minecraft:lime_dye":197,"minecraft:dried_kelp_block":203,"minecraft:campfire":59,"minecraft:honey_block":7,"minecraft:iron_helmet":26,"minecraft:black_wool":82,"minecraft:red_concrete":1093,"minecraft:coal":11511},"minecraft:crafted":{"minecraft:black_dye":104,"minecraft:oak_sign":174,"minecraft:end_stone_brick_wall":18,"minecraft:blaze_powder":88,"minecraft:birch_boat":29,"minecraft:chain":82,"minecraft:diamond_shovel":34,"minecraft:shulker_box":192,"minecraft:diamond_helmet":34,"minecraft:beacon":5,"minecraft:stone_pressure_plate":36,"minecraft:iron_door":3,"minecraft:dried_kelp_block":99,"minecraft:white_shulker_box":1,"minecraft:name_tag":19,"minecraft:lime_concrete_powder":1024,"minecraft:redstone_lamp":9,"minecraft:jungle_boat":13,"minecraft:fern":1,"minecraft:smithing_table":6,"minecraft:sticky_piston":116,"minecraft:painting":6,"minecraft:end_stone_brick_slab":2616,"minecraft:stone_brick_stairs":104,"minecraft:lectern":4,"minecraft:stone_slab":192,"minecraft:iron_pickaxe":3,"minecraft:sandstone":509,"minecraft:netherite_ingot":52,"minecraft:composter":14,"minecraft:polished_blackstone_bricks":1840,"minecraft:jungle_sign":192,"minecraft:golden_carrot":1675,"minecraft:iron_nugget":603,"minecraft:crimson_trapdoor":202,"minecraft:diamond_hoe":4,"minecraft:brick_stairs":48,"minecraft:acacia_fence_gate":3,"minecraft:jack_o_lantern":100,"minecraft:blue_shulker_box":1,"minecraft:prismarine_brick_stairs":900,"minecraft:spruce_fence":21,"minecraft:lantern":34,"minecraft:spruce_stairs":40,"minecraft:light_gray_shulker_box":1,"minecraft:polished_diorite":24,"minecraft:black_concrete_powder":296,"minecraft:red_shulker_box":1,"minecraft:stone_pickaxe":18,"minecraft:quartz_slab":6,"minecraft:spruce_boat":7,"minecraft:purple_carpet":294,"minecraft:prismarine_slab":396,"minecraft:brick_slab":48,"minecraft:lead":6,"minecraft:enchanting_table":1,"minecraft:crimson_slab":6,"minecraft:leather_helmet":1,"minecraft:dark_oak_button":163,"minecraft:red_carpet":6,"minecraft:enchanted_book":14,"minecraft:orange_dye":138,"minecraft:light_blue_carpet":192,"minecraft:oak_fence_gate":27,"minecraft:red_stained_glass":1352,"minecraft:warped_sign":60,"minecraft:chainmail_boots":18,"minecraft:fermented_spider_eye":40,"minecraft:birch_trapdoor":132,"minecraft:writable_book":6,"minecraft:iron_shovel":1,"minecraft:armor_stand":19,"minecraft:prismarine_wall":120,"minecraft:grindstone":3,"minecraft:cobblestone_slab":3918,"minecraft:crimson_sign":3,"minecraft:stone":1235,"minecraft:red_sandstone":1,"minecraft:heavy_weighted_pressure_plate":64,"minecraft:warped_planks":1200,"minecraft:stone_brick_slab":9382,"minecraft:nether_brick_wall":228,"minecraft:orange_stained_glass_pane":288,"minecraft:bow":53,"minecraft:comparator":2,"minecraft:polished_basalt":4,"minecraft:chest":2070,"minecraft:netherite_helmet":3,"minecraft:rail":1440,"minecraft:bricks":395,"minecraft:birch_button":1,"minecraft:ender_eye":13,"minecraft:stone_bricks":28580,"minecraft:oak_fence":48,"minecraft:white_banner":59,"minecraft:dropper":240,"minecraft:iron_helmet":1,"minecraft:red_wool":512,"minecraft:acacia_button":80,"minecraft:prismarine_brick_slab":348,"minecraft:dispenser":49,"minecraft:tnt":7562,"minecraft:spruce_trapdoor":618,"minecraft:yellow_dye":85,"minecraft:stick":10192,"minecraft:iron_ingot":8537,"minecraft:light_blue_shulker_box":2,"minecraft:dark_oak_fence_gate":375,"minecraft:oak_door":6,"minecraft:nether_brick_slab":66,"minecraft:tripwire_hook":6,"minecraft:stone_brick_wall":60,"minecraft:fishing_rod":18,"minecraft:netherite_sword":4,"minecraft:leather_boots":1,"minecraft:spruce_button":1536,"minecraft:furnace":389,"minecraft:blast_furnace":1,"minecraft:piston":94,"minecraft:mushroom_stew":4,"minecraft:crimson_button":1537,"minecraft:oak_trapdoor":26,"minecraft:flint_and_steel":7,"minecraft:scaffolding":264,"minecraft:white_concrete_powder":1264,"minecraft:orange_terracotta":96,"minecraft:cobblestone_wall":54,"minecraft:smooth_quartz_slab":6,"minecraft:blackstone_stairs":4,"minecraft:birch_sign":21,"minecraft:magma_cream":14,"minecraft:iron_trapdoor":142,"minecraft:iron_sword":5,"minecraft:acacia_boat":3,"minecraft:jungle_planks":7972,"minecraft:white_dye":986,"minecraft:netherite_shovel":2,"minecraft:blue_wool":432,"minecraft:anvil":29,"minecraft:stonecutter":1,"minecraft:prismarine_stairs":632,"minecraft:torch":8128,"minecraft:diamond_chestplate":28,"minecraft:ender_chest":5,"minecraft:jungle_button":32,"minecraft:light_gray_concrete_powder":40,"minecraft:smooth_stone":123,"minecraft:jungle_fence_gate":160,"minecraft:cut_sandstone":64,"minecraft:orange_carpet":288,"minecraft:orange_stained_glass":432,"minecraft:oak_pressure_plate":3,"minecraft:birch_slab":30,"minecraft:slime_block":139,"minecraft:loom":1,"minecraft:lever":102,"minecraft:bookshelf":39,"minecraft:iron_bars":160,"minecraft:red_concrete_powder":552,"minecraft:quartz_block":160,"minecraft:glass":4465,"minecraft:repeater":24,"minecraft:diamond_leggings":30,"minecraft:cyan_stained_glass_pane":608,"minecraft:netherite_boots":4,"minecraft:melon_seeds":6,"minecraft:birch_fence_gate":10,"minecraft:polished_blackstone":1856,"minecraft:glass_bottle":213,"minecraft:emerald":1605,"minecraft:smooth_quartz":155,"minecraft:cooked_porkchop":154,"minecraft:diamond_axe":44,"minecraft:spruce_door":3,"minecraft:end_stone_brick_stairs":284,"minecraft:campfire":23,"minecraft:lime_shulker_box":2,"minecraft:green_terracotta":112,"minecraft:iron_block":382,"minecraft:light_blue_bed":1,"minecraft:gold_ingot":3605,"minecraft:light_gray_dye":10,"minecraft:spruce_fence_gate":58,"minecraft:smooth_stone_slab":120,"minecraft:leather_leggings":1,"minecraft:player_head":125,"minecraft:crimson_fence_gate":1,"minecraft:bone_meal":8031,"minecraft:cyan_stained_glass":17776,"minecraft:white_carpet":729,"minecraft:orange_wool":134,"minecraft:warped_trapdoor":334,"minecraft:diamond":3888,"minecraft:netherite_axe":2,"minecraft:dark_oak_fence":3,"minecraft:ladder":591,"minecraft:spruce_slab":12,"minecraft:diamond_boots":32,"minecraft:redstone_block":1120,"minecraft:dark_oak_planks":6750,"minecraft:golden_helmet":1,"minecraft:wheat":684,"minecraft:coal_block":875,"minecraft:daylight_detector":5,"minecraft:netherite_pickaxe":13,"minecraft:polished_blackstone_brick_slab":1482,"minecraft:dried_kelp":896,"minecraft:blue_bed":5,"minecraft:gray_concrete_powder":784,"minecraft:polished_granite":300,"minecraft:conduit":4,"minecraft:glowstone":23,"minecraft:jungle_slab":18,"minecraft:polished_blackstone_brick_wall":72,"minecraft:acacia_sign":782,"minecraft:oak_stairs":44,"minecraft:wooden_axe":1,"minecraft:iron_leggings":18,"minecraft:white_bed":10,"minecraft:nether_brick_stairs":72,"minecraft:brick":21,"minecraft:oak_planks":3120,"minecraft:dark_oak_boat":2,"minecraft:cobblestone_stairs":8,"minecraft:suspicious_stew":6,"minecraft:green_dye":869,"minecraft:hopper":547,"minecraft:iron_boots":1,"minecraft:cyan_terracotta":152,"minecraft:stone_hoe":4,"minecraft:oak_slab":204,"minecraft:item_frame":100,"minecraft:crafting_table":136,"minecraft:spruce_planks":9324,"minecraft:wooden_pickaxe":3,"minecraft:gold_block":153,"minecraft:hopper_minecart":33,"minecraft:brewing_stand":15,"minecraft:birch_planks":2768,"minecraft:black_shulker_box":7,"minecraft:dark_oak_slab":30,"minecraft:emerald_block":735,"minecraft:iron_chestplate":2,"minecraft:book":48,"minecraft:paper":3606,"minecraft:diamond_pickaxe":57,"minecraft:charcoal":15,"minecraft:shield":19,"minecraft:warped_slab":60,"minecraft:light_blue_dye":2,"minecraft:leather_chestplate":1,"minecraft:stone_sword":1,"minecraft:snow_block":5454,"minecraft:redstone_torch":523,"minecraft:polished_blackstone_brick_stairs":56,"minecraft:gray_carpet":480,"minecraft:light_gray_carpet":96,"minecraft:sponge":2290,"minecraft:shears":27,"minecraft:light_gray_stained_glass_pane":352,"minecraft:polished_andesite":68,"minecraft:coarse_dirt":4,"minecraft:cookie":162,"minecraft:redstone":3197,"minecraft:coal":5096,"minecraft:stone_button":11891,"minecraft:dark_oak_trapdoor":768,"minecraft:gray_dye":110,"minecraft:dark_oak_sign":24,"minecraft:end_stone_bricks":33012,"minecraft:diamond_block":610,"minecraft:glass_pane":128,"minecraft:netherite_leggings":2,"minecraft:yellow_shulker_box":2,"minecraft:green_concrete_powder":536,"minecraft:iron_axe":10,"minecraft:iron_hoe":2,"minecraft:slime_ball":171,"minecraft:lime_dye":260,"minecraft:netherite_scrap":195,"minecraft:observer":48,"minecraft:minecart":28,"minecraft:cooked_beef":165,"minecraft:sugar":86,"minecraft:red_dye":1024,"minecraft:cyan_concrete_powder":2456,"minecraft:bone_block":447,"minecraft:crimson_planks":2848,"minecraft:diamond_sword":38,"minecraft:cyan_dye":3138,"minecraft:spruce_sign":39,"minecraft:powered_rail":306,"minecraft:bowl":4,"minecraft:bucket":168,"minecraft:stone_axe":3,"minecraft:air":0,"minecraft:bread":205,"minecraft:blue_dye":2095,"minecraft:oak_boat":19,"minecraft:white_wool":151,"minecraft:gold_nugget":13117,"minecraft:pumpkin_pie":48,"minecraft:acacia_planks":5004,"minecraft:end_crystal":8,"minecraft:lapis_lazuli":1875,"minecraft:lapis_block":328,"minecraft:clay":136,"minecraft:firework_rocket":8387},"minecraft:mined":{"minecraft:dragon_wall_head":33,"minecraft:blackstone_stairs":1,"minecraft:red_shulker_box":67,"minecraft:white_bed":101,"minecraft:light_blue_carpet":89,"minecraft:granite":14379,"minecraft:acacia_log":150,"minecraft:brown_wool":167,"minecraft:oak_pressure_plate":4,"minecraft:blue_wool":60,"minecraft:green_concrete":563,"minecraft:oak_wall_sign":51,"minecraft:nether_wart":56,"minecraft:spawner":8,"minecraft:chorus_flower":1,"minecraft:polished_blackstone_bricks":896,"minecraft:magma_block":2658,"minecraft:dark_oak_trapdoor":94,"minecraft:fire":278,"minecraft:barrel":1,"minecraft:nether_brick_stairs":26,"minecraft:twisting_vines":2,"minecraft:light_gray_concrete":62,"minecraft:green_carpet":1,"minecraft:white_shulker_box":13,"minecraft:player_head":13,"minecraft:tripwire":116,"minecraft:orange_bed":18,"minecraft:cut_sandstone":25,"minecraft:kelp_plant":1272,"minecraft:crimson_nylium":331,"minecraft:torch":5272,"minecraft:melon":128,"minecraft:dead_bush":34,"minecraft:nether_brick_slab":17,"minecraft:spruce_wall_sign":11,"minecraft:smooth_quartz_slab":1,"minecraft:tube_coral_fan":1,"minecraft:lime_shulker_box":133,"minecraft:sugar_cane":4318,"minecraft:bricks":348,"minecraft:white_terracotta":18,"minecraft:chain":8,"minecraft:repeater":142,"minecraft:jungle_wood":8,"minecraft:jukebox":1,"minecraft:wither_rose":233,"minecraft:infested_mossy_stone_bricks":2,"minecraft:grass":181,"minecraft:smooth_quartz":70,"minecraft:acacia_sign":5,"minecraft:dark_prismarine":541,"minecraft:mossy_cobblestone":124,"minecraft:nether_brick_wall":62,"minecraft:dark_oak_log":143,"minecraft:cyan_stained_glass":22955,"minecraft:sea_lantern":1726,"minecraft:end_stone":35370,"minecraft:birch_fence_gate":14,"minecraft:dark_oak_fence":1,"minecraft:spruce_fence":54,"minecraft:acacia_button":13,"minecraft:redstone_wire":298,"minecraft:potted_bamboo":1,"minecraft:cartography_table":1,"minecraft:red_mushroom":1,"minecraft:white_concrete_powder":4,"minecraft:horn_coral":1,"minecraft:redstone_ore":5197,"minecraft:green_terracotta":28,"minecraft:andesite":16848,"minecraft:cyan_concrete":6485,"minecraft:cobblestone_slab":292,"minecraft:vine":9,"minecraft:rail":797,"minecraft:bone_block":135,"minecraft:fire_coral_block":18,"minecraft:ender_chest":334,"minecraft:oak_slab":96,"minecraft:redstone_block":19,"minecraft:soul_sand":5861,"minecraft:glass_pane":106,"minecraft:chiseled_nether_bricks":2,"minecraft:polished_blackstone_brick_wall":39,"minecraft:dandelion":93,"minecraft:prismarine_slab":43,"minecraft:warped_roots":15,"minecraft:crimson_slab":3,"minecraft:campfire":26,"minecraft:tall_grass":25,"minecraft:brain_coral_fan":1,"minecraft:purpur_pillar":113,"minecraft:diorite":15373,"minecraft:orange_carpet":26,"minecraft:warped_wart_block":12,"minecraft:purple_wool":25,"minecraft:black_stained_glass":1,"minecraft:red_terracotta":33,"minecraft:coarse_dirt":29,"minecraft:light_blue_bed":4,"minecraft:cobblestone_wall":14,"minecraft:dark_oak_wall_sign":12,"minecraft:dark_oak_button":8,"minecraft:sunflower":1,"minecraft:gravel":9963,"minecraft:cobweb":761,"minecraft:brown_terracotta":98,"minecraft:birch_sign":10,"minecraft:polished_blackstone":1,"minecraft:stone_bricks":14745,"minecraft:gold_ore":1401,"minecraft:chipped_anvil":20,"minecraft:iron_trapdoor":19,"minecraft:fern":1,"minecraft:prismarine_wall":68,"minecraft:farmland":285,"minecraft:andesite_stairs":4,"minecraft:orange_stained_glass":8,"minecraft:end_stone_brick_wall":15,"minecraft:orange_wool":76,"minecraft:brewing_stand":51,"minecraft:spruce_trapdoor":871,"minecraft:cracked_polished_blackstone_bricks":100,"minecraft:white_concrete":179,"minecraft:polished_blackstone_brick_slab":961,"minecraft:composter":16,"minecraft:gilded_blackstone":3,"minecraft:turtle_egg":7,"minecraft:green_stained_glass":3,"minecraft:iron_bars":111,"minecraft:spruce_slab":1,"minecraft:jungle_door":12,"minecraft:polished_blackstone_wall":20,"minecraft:orange_terracotta":148,"minecraft:purpur_stairs":42,"minecraft:jungle_stairs":22,"minecraft:end_stone_brick_slab":1131,"minecraft:beacon":40,"minecraft:nether_quartz_ore":2969,"minecraft:oak_planks":131,"minecraft:wall_torch":961,"minecraft:cauldron":2,"minecraft:stone_stairs":134,"minecraft:warped_nylium":297,"minecraft:powered_rail":151,"minecraft:blue_ice":47,"minecraft:tnt":54,"minecraft:oak_log":705,"minecraft:dirt":24767,"minecraft:prismarine_stairs":510,"minecraft:dispenser":49,"minecraft:ancient_debris":221,"minecraft:daylight_detector":11,"minecraft:crying_obsidian":13,"minecraft:red_stained_glass":97,"minecraft:lever":55,"minecraft:ladder":35,"minecraft:tube_coral_wall_fan":1,"minecraft:stone_button":476,"minecraft:brown_mushroom_block":49,"minecraft:birch_slab":7,"minecraft:spruce_leaves":170,"minecraft:crimson_stem":94,"minecraft:hay_block":77,"minecraft:nether_sprouts":6,"minecraft:polished_basalt":1,"minecraft:light_gray_shulker_box":29,"minecraft:orange_stained_glass_pane":5,"minecraft:gold_block":70,"minecraft:nether_brick_fence":138,"minecraft:bookshelf":309,"minecraft:shroomlight":29,"minecraft:stripped_oak_log":35,"minecraft:wet_sponge":3035,"minecraft:jungle_fence_gate":137,"minecraft:orange_glazed_terracotta":1,"minecraft:acacia_leaves":19,"minecraft:scaffolding":1235,"minecraft:magenta_stained_glass":7,"minecraft:snow_block":1377,"minecraft:basalt":974,"minecraft:polished_granite":217,"minecraft:oak_fence":402,"minecraft:honey_block":7,"minecraft:lime_carpet":90,"minecraft:stone_slab":14,"minecraft:quartz_bricks":1,"minecraft:red_concrete":704,"minecraft:polished_blackstone_brick_stairs":32,"minecraft:prismarine_bricks":18113,"minecraft:birch_planks":9,"minecraft:end_stone_brick_stairs":271,"minecraft:ice":485,"minecraft:white_wall_banner":1,"minecraft:bee_nest":8,"minecraft:grass_path":24,"minecraft:black_wool":53,"minecraft:cyan_carpet":1,"minecraft:cracked_stone_bricks":29,"minecraft:mossy_stone_bricks":40,"minecraft:jungle_wall_sign":19,"minecraft:dark_oak_planks":77,"minecraft:light_blue_concrete":7,"minecraft:jungle_leaves":3,"minecraft:obsidian":840,"minecraft:carved_pumpkin":103,"minecraft:red_sand":50,"minecraft:crimson_trapdoor":24,"minecraft:stone_brick_wall":29,"minecraft:yellow_carpet":2,"minecraft:jungle_log":24,"minecraft:coal_block":49,"minecraft:purpur_slab":9,"minecraft:lime_stained_glass":1,"minecraft:bubble_coral_block":2,"minecraft:hopper":1869,"minecraft:crimson_fungus":57,"minecraft:light_blue_stained_glass":14,"minecraft:orange_concrete":283,"minecraft:weeping_vines_plant":53,"minecraft:tall_seagrass":598,"minecraft:sticky_piston":18,"minecraft:pumpkin":70,"minecraft:enchanting_table":5,"minecraft:lime_stained_glass_pane":109,"minecraft:oak_sign":16,"minecraft:oak_stairs":52,"minecraft:smooth_sandstone_stairs":1,"minecraft:crimson_sign":1,"minecraft:blue_orchid":1,"minecraft:iron_block":1094,"minecraft:piston_head":4,"minecraft:conduit":8,"minecraft:brown_mushroom":40,"minecraft:player_wall_head":13,"minecraft:soul_fire":54,"minecraft:blast_furnace":4,"minecraft:green_concrete_powder":4,"minecraft:glass":824,"minecraft:damaged_anvil":20,"minecraft:spruce_sign":2,"minecraft:cyan_wool":5,"minecraft:wheat":612,"minecraft:lilac":1,"minecraft:black_bed":1,"minecraft:pumpkin_stem":1,"minecraft:lime_concrete":1069,"minecraft:warped_fungus":98,"minecraft:stone_brick_stairs":60,"minecraft:prismarine_brick_stairs":558,"minecraft:oak_fence_gate":28,"minecraft:loom":4,"minecraft:blue_shulker_box":22,"minecraft:red_mushroom_block":24,"minecraft:stonecutter":1,"minecraft:piston":361,"minecraft:yellow_terracotta":4,"minecraft:pink_shulker_box":2,"minecraft:light_gray_stained_glass_pane":24,"minecraft:jack_o_lantern":3,"minecraft:shulker_box":5577,"minecraft:nether_bricks":4342,"minecraft:jungle_planks":64,"minecraft:crimson_roots":64,"minecraft:orange_shulker_box":54,"minecraft:crimson_button":2,"minecraft:kelp":1629,"minecraft:snow":19335,"minecraft:diamond_block":527,"minecraft:potatoes":383,"minecraft:warped_stem":384,"minecraft:smooth_quartz_stairs":1,"minecraft:bamboo":23,"minecraft:warped_trapdoor":307,"minecraft:white_wool":6,"minecraft:smithing_table":19,"minecraft:light_gray_carpet":10,"minecraft:gray_concrete":990,"minecraft:comparator":85,"minecraft:stone_brick_slab":2269,"minecraft:observer":151,"minecraft:jungle_sign":2,"minecraft:smooth_sandstone":13,"minecraft:spruce_button":4,"minecraft:emerald_ore":14,"minecraft:cyan_concrete_powder":9,"minecraft:sponge":627,"minecraft:dropper":233,"minecraft:purple_bed":7,"minecraft:prismarine_brick_slab":34,"minecraft:white_carpet":671,"minecraft:spruce_log":957,"minecraft:birch_leaves":21,"minecraft:jungle_fence":3,"minecraft:quartz_pillar":6,"minecraft:mycelium":8246,"minecraft:dark_oak_sign":8,"minecraft:spruce_fence_gate":57,"minecraft:infested_stone":2,"minecraft:black_shulker_box":199,"minecraft:spruce_planks":338,"minecraft:jungle_slab":1,"minecraft:grass_block":5057,"minecraft:soul_soil":977,"minecraft:smooth_stone":83,"minecraft:glowstone":272,"minecraft:iron_ore":5511,"minecraft:anvil":47,"minecraft:azure_bluet":1,"minecraft:dark_oak_stairs":2,"minecraft:purple_carpet":79,"minecraft:birch_wall_sign":14,"minecraft:end_stone_bricks":26572,"minecraft:green_bed":19,"minecraft:cyan_terracotta":8,"minecraft:blackstone":2151,"minecraft:twisting_vines_plant":10,"minecraft:melon_stem":6,"minecraft:clay":658,"minecraft:poppy":167,"minecraft:chest":2033,"minecraft:mushroom_stem":6,"minecraft:cobblestone":8460,"minecraft:slime_block":86,"minecraft:grindstone":14,"minecraft:prismarine":17226,"minecraft:magenta_shulker_box":19,"minecraft:seagrass":1016,"minecraft:nether_wart_block":136,"minecraft:birch_log":177,"minecraft:lapis_block":3,"minecraft:birch_trapdoor":46,"minecraft:purpur_block":154,"minecraft:crimson_planks":563,"minecraft:sand":86832,"minecraft:infested_cracked_stone_bricks":1,"minecraft:tripwire_hook":4,"minecraft:wither_skeleton_skull":1,"minecraft:netherrack":26213,"minecraft:oak_leaves":1380,"minecraft:emerald_block":4353,"minecraft:redstone_lamp":8,"minecraft:nether_gold_ore":95,"minecraft:diamond_ore":5155,"minecraft:red_carpet":24,"minecraft:brick_stairs":54,"minecraft:weeping_vines":15,"minecraft:polished_andesite_slab":40,"minecraft:sandstone":690,"minecraft:oak_trapdoor":27,"minecraft:spruce_sapling":2,"minecraft:furnace":518,"minecraft:carrots":176,"minecraft:red_concrete_powder":11,"minecraft:chiseled_sandstone":4,"minecraft:dark_oak_fence_gate":228,"minecraft:black_concrete":255,"minecraft:bell":16,"minecraft:lantern":11,"minecraft:packed_ice":8,"minecraft:chorus_plant":21,"minecraft:stone":270132,"minecraft:yellow_shulker_box":51,"minecraft:redstone_wall_torch":77,"minecraft:podzol":1,"minecraft:light_blue_shulker_box":67,"minecraft:red_wool":312,"minecraft:infested_stone_bricks":3,"minecraft:crafting_table":296,"minecraft:cyan_stained_glass_pane":361,"minecraft:blackstone_slab":2,"minecraft:lime_concrete_powder":3,"minecraft:rose_bush":393,"minecraft:lectern":74,"minecraft:lapis_ore":924,"minecraft:lily_pad":26,"minecraft:blue_bed":13,"minecraft:spruce_stairs":63,"minecraft:gray_wool":38,"minecraft:cactus":236,"minecraft:lime_bed":2,"minecraft:gray_concrete_powder":11,"minecraft:brick_slab":50,"minecraft:green_shulker_box":10,"minecraft:polished_blackstone_stairs":1,"minecraft:redstone_torch":72,"minecraft:sweet_berry_bush":1,"minecraft:yellow_bed":31,"minecraft:coal_ore":11007,"minecraft:end_rod":62,"minecraft:gray_carpet":118,"minecraft:terracotta":288,"minecraft:polished_andesite":1,"minecraft:acacia_wall_sign":26,"minecraft:warped_slab":40},"minecraft:used":{"minecraft:writable_book":89,"minecraft:jack_o_lantern":97,"minecraft:dispenser":95,"minecraft:poppy":1,"minecraft:stone":113862,"minecraft:warped_sign":39,"minecraft:rotten_flesh":27,"minecraft:soul_sand":1588,"minecraft:snowball":957,"minecraft:spruce_boat":41,"minecraft:packed_ice":1,"minecraft:lava_bucket":72,"minecraft:quartz_pillar":6,"minecraft:red_wool":312,"minecraft:jungle_fence_gate":169,"minecraft:bow":2180,"minecraft:cooked_cod":2,"minecraft:end_stone_brick_stairs":342,"minecraft:damaged_anvil":11,"minecraft:chorus_fruit":7,"minecraft:prismarine":22127,"minecraft:lily_pad":16,"minecraft:blackstone":103,"minecraft:cactus":200,"minecraft:wooden_pickaxe":19,"minecraft:composter":17,"minecraft:clay":66,"minecraft:jungle_boat":19,"minecraft:golden_apple":7,"minecraft:blast_furnace":4,"minecraft:gray_concrete":752,"minecraft:birch_slab":6,"minecraft:oak_pressure_plate":4,"minecraft:coal_block":49,"minecraft:nether_wart_block":31,"minecraft:diamond_sword":23362,"minecraft:smithing_table":20,"minecraft:poisonous_potato":2,"minecraft:birch_log":1,"minecraft:oak_boat":97,"minecraft:purple_wool":7,"minecraft:oak_trapdoor":26,"minecraft:polished_blackstone_brick_slab":2157,"minecraft:enchanting_table":5,"minecraft:orange_concrete":837,"minecraft:carved_pumpkin":7,"minecraft:armor_stand":56,"minecraft:light_gray_carpet":10,"minecraft:torch":11824,"minecraft:orange_stained_glass":8,"minecraft:brewing_stand":45,"minecraft:nether_quartz_ore":55,"minecraft:yellow_carpet":1,"minecraft:golden_shovel":95,"minecraft:oak_fence_gate":29,"minecraft:sea_lantern":3352,"minecraft:chipped_anvil":14,"minecraft:iron_block":1842,"minecraft:jungle_log":3,"minecraft:bamboo":36,"minecraft:lime_concrete":203,"minecraft:basalt":217,"minecraft:wheat_seeds":621,"minecraft:warped_stem":64,"minecraft:light_blue_shulker_box":67,"minecraft:birch_planks":6,"minecraft:spruce_fence_gate":87,"minecraft:gold_ore":8,"minecraft:conduit":12,"minecraft:diamond_block":480,"minecraft:rail":969,"minecraft:crimson_trapdoor":153,"minecraft:white_bed":103,"minecraft:campfire":33,"minecraft:spruce_log":169,"minecraft:diamond_pickaxe":314950,"minecraft:warped_trapdoor":489,"minecraft:diamond_shovel":99377,"minecraft:acacia_sign":675,"minecraft:spruce_trapdoor":896,"minecraft:spruce_sapling":34,"minecraft:green_carpet":1,"minecraft:potion":155,"minecraft:purple_bed":6,"minecraft:cooked_porkchop":142,"minecraft:porkchop":28,"minecraft:dandelion":8,"minecraft:green_stained_glass":3,"minecraft:red_sand":45,"minecraft:light_gray_stained_glass_pane":86,"minecraft:melon":2,"minecraft:bone_block":145,"minecraft:polished_basalt":1,"minecraft:nether_wart":45,"minecraft:green_terracotta":128,"minecraft:mutton":3,"minecraft:orange_glazed_terracotta":1,"minecraft:jungle_planks":44,"minecraft:obsidian":747,"minecraft:crimson_button":1533,"minecraft:bricks":348,"minecraft:lantern":40,"minecraft:polished_blackstone_brick_wall":71,"minecraft:warped_nylium":157,"minecraft:light_blue_bed":4,"minecraft:item_frame":156,"minecraft:birch_button":1,"minecraft:golden_sword":11,"minecraft:birch_trapdoor":127,"minecraft:written_book":214,"minecraft:jungle_button":32,"minecraft:blue_shulker_box":22,"minecraft:gold_block":198,"minecraft:end_rod":180,"minecraft:dropper":256,"minecraft:wither_skeleton_skull":19,"minecraft:gray_carpet":423,"minecraft:stone_pickaxe":439,"minecraft:oak_planks":174,"minecraft:prismarine_stairs":1011,"minecraft:sandstone":803,"minecraft:sugar_cane":1662,"minecraft:diamond_axe":6331,"minecraft:white_wool":35,"minecraft:light_blue_concrete":471,"minecraft:mushroom_stew":2,"minecraft:crossbow":100,"minecraft:end_stone":1746,"minecraft:sticky_piston":31,"minecraft:lever":109,"minecraft:daylight_detector":11,"minecraft:dark_oak_log":24,"minecraft:bread":23,"minecraft:brown_wool":312,"minecraft:warped_slab":41,"minecraft:iron_door":8,"minecraft:prismarine_wall":71,"minecraft:chain":13,"minecraft:bone_meal":2681,"minecraft:netherite_sword":6458,"minecraft:rose_bush":135,"minecraft:flint_and_steel":14,"minecraft:redstone":962,"minecraft:ender_chest":335,"minecraft:stone_hoe":81,"minecraft:cooked_chicken":2,"minecraft:dirt":21544,"minecraft:prismarine_bricks":16356,"minecraft:spruce_fence":51,"minecraft:iron_hoe":54,"minecraft:wooden_axe":23,"minecraft:brown_terracotta":42,"minecraft:oak_stairs":79,"minecraft:smooth_sandstone":15,"minecraft:crimson_slab":3,"minecraft:black_stained_glass":1,"minecraft:soul_soil":467,"minecraft:lime_stained_glass":1,"minecraft:netherite_pickaxe":261480,"minecraft:minecart":31,"minecraft:cyan_concrete_powder":2331,"minecraft:enchanted_golden_apple":1,"minecraft:cooked_beef":1261,"minecraft:pumpkin":177,"minecraft:turtle_egg":6,"minecraft:orange_stained_glass_pane":113,"minecraft:quartz_bricks":1,"minecraft:cobblestone_stairs":5,"minecraft:snow_block":8001,"minecraft:birch_boat":76,"minecraft:cut_sandstone":67,"minecraft:spruce_sign":33,"minecraft:green_bed":19,"minecraft:cyan_stained_glass":38416,"minecraft:piston":632,"minecraft:wooden_hoe":2,"minecraft:flower_pot":1,"minecraft:black_wool":603,"minecraft:lapis_ore":198,"minecraft:stone_slab":17,"minecraft:stone_axe":280,"minecraft:crimson_fungus":2,"minecraft:end_crystal":8,"minecraft:cyan_stained_glass_pane":477,"minecraft:pink_shulker_box":2,"minecraft:lapis_block":3,"minecraft:pumpkin_pie":1,"minecraft:wither_rose":793,"minecraft:gray_wool":73,"minecraft:nether_brick_fence":15,"minecraft:polished_blackstone":1,"minecraft:ladder":483,"minecraft:chest":2716,"minecraft:white_shulker_box":13,"minecraft:brick_slab":52,"minecraft:acacia_button":70,"minecraft:orange_wool":729,"minecraft:honey_block":7,"minecraft:netherite_shovel":60567,"minecraft:grass_block":1577,"minecraft:orange_shulker_box":52,"minecraft:wet_sponge":599,"minecraft:dark_oak_button":196,"minecraft:stone_brick_stairs":90,"minecraft:dark_oak_boat":8,"minecraft:sweet_berries":2,"minecraft:furnace":579,"minecraft:egg":10,"minecraft:potato":409,"minecraft:brown_concrete_powder":2,"minecraft:magenta_shulker_box":19,"minecraft:light_blue_carpet":197,"minecraft:emerald_ore":2,"minecraft:diorite":4532,"minecraft:end_stone_bricks":55061,"minecraft:spruce_door":1,"minecraft:red_stained_glass":940,"minecraft:powered_rail":430,"minecraft:blackstone_stairs":3,"minecraft:lime_concrete_powder":1027,"minecraft:purpur_pillar":62,"minecraft:oak_leaves":1185,"minecraft:cookie":14,"minecraft:smooth_quartz_stairs":1,"minecraft:dark_oak_trapdoor":1008,"minecraft:sand":49803,"minecraft:blue_ice":123,"minecraft:black_concrete_powder":16,"minecraft:pumpkin_seeds":9,"minecraft:crying_obsidian":7,"minecraft:stone_button":12209,"minecraft:lectern":66,"minecraft:polished_granite":221,"minecraft:diamond_ore":2255,"minecraft:polished_andesite_slab":6,"minecraft:wooden_sword":6,"minecraft:dark_oak_fence":1,"minecraft:green_concrete_powder":539,"minecraft:ice":995,"minecraft:iron_bars":137,"minecraft:stone_sword":36,"minecraft:acacia_log":8,"minecraft:red_concrete":775,"minecraft:mycelium":551,"minecraft:netherrack":4485,"minecraft:orange_bed":16,"minecraft:light_gray_shulker_box":29,"minecraft:anvil":79,"minecraft:twisting_vines":25,"minecraft:nether_brick_slab":67,"minecraft:nether_brick_stairs":92,"minecraft:shroomlight":3,"minecraft:red_shulker_box":65,"minecraft:spruce_button":1305,"minecraft:brick_stairs":54,"minecraft:slime_block":61,"minecraft:smooth_quartz":71,"minecraft:totem_of_undying":12,"minecraft:prismarine_slab":43,"minecraft:melon_seeds":6,"minecraft:tripwire_hook":10,"minecraft:glowstone":37,"minecraft:beef":9,"minecraft:iron_trapdoor":328,"minecraft:observer":255,"minecraft:orange_terracotta":248,"minecraft:crimson_stem":2,"minecraft:water_bucket":3440,"minecraft:nether_brick_wall":127,"minecraft:prismarine_brick_slab":99,"minecraft:yellow_shulker_box":51,"minecraft:polished_blackstone_bricks":1334,"minecraft:cracked_stone_bricks":31,"minecraft:gilded_blackstone":7,"minecraft:orange_carpet":216,"minecraft:mossy_cobblestone":2,"minecraft:comparator":232,"minecraft:tnt":2742,"minecraft:crafting_table":336,"minecraft:oak_slab":213,"minecraft:birch_sign":33,"minecraft:cod":29,"minecraft:dark_oak_fence_gate":567,"minecraft:lime_shulker_box":132,"minecraft:oak_log":111,"minecraft:dark_prismarine":95,"minecraft:iron_pickaxe":730,"minecraft:cyan_concrete":5148,"minecraft:crimson_nylium":167,"minecraft:crimson_sign":3,"minecraft:cobblestone":11698,"minecraft:red_concrete_powder":478,"minecraft:glass_pane":162,"minecraft:kelp":6041,"minecraft:jukebox":1,"minecraft:iron_shovel":56,"minecraft:diamond_hoe":1527,"minecraft:oak_sign":169,"minecraft:white_concrete_powder":161,"minecraft:shield":1,"minecraft:iron_sword":158,"minecraft:bell":16,"minecraft:player_head":28,"minecraft:smooth_sandstone_stairs":1,"minecraft:nether_bricks":1631,"minecraft:prismarine_brick_stairs":1189,"minecraft:carrot":393,"minecraft:cyan_wool":3,"minecraft:milk_bucket":15,"minecraft:glass":1204,"minecraft:cyan_terracotta":98,"minecraft:coal_ore":3496,"minecraft:gray_concrete_powder":701,"minecraft:crimson_roots":1,"minecraft:hopper_minecart":33,"minecraft:stone_bricks":28746,"minecraft:repeater":398,"minecraft:red_carpet":26,"minecraft:redstone_lamp":8,"minecraft:magma_block":1750,"minecraft:warped_fungus":100,"minecraft:scaffolding":4296,"minecraft:polished_blackstone_stairs":1,"minecraft:dark_oak_sign":34,"minecraft:ender_pearl":220,"minecraft:redstone_block":222,"minecraft:end_stone_brick_slab":2620,"minecraft:blue_bed":15,"minecraft:loom":2,"minecraft:sponge":2487,"minecraft:stone_brick_wall":41,"minecraft:shears":1911,"minecraft:redstone_torch":647,"minecraft:green_concrete":141,"minecraft:black_concrete":830,"minecraft:melon_slice":14,"minecraft:firework_rocket":968,"minecraft:string":512,"minecraft:birch_fence_gate":14,"minecraft:lime_carpet":1,"minecraft:light_gray_concrete":72,"minecraft:gravel":407,"minecraft:blackstone_slab":2,"minecraft:jungle_sign":125,"minecraft:grindstone":15,"minecraft:andesite":5996,"minecraft:white_concrete":99,"minecraft:experience_bottle":2,"minecraft:cobweb":283,"minecraft:oak_fence":172,"minecraft:purpur_block":3,"minecraft:jungle_leaves":1,"minecraft:trident":349,"minecraft:redstone_ore":1371,"minecraft:spruce_planks":317,"minecraft:oak_door":3,"minecraft:end_stone_brick_wall":15,"minecraft:white_carpet":1600,"minecraft:hopper":2965,"minecraft:spruce_stairs":78,"minecraft:cobblestone_wall":14,"minecraft:shulker_box":5666,"minecraft:granite":2825,"minecraft:light_blue_stained_glass":18,"minecraft:stone_brick_slab":10422,"minecraft:dark_oak_planks":65,"minecraft:bookshelf":82,"minecraft:polished_blackstone_brick_stairs":76,"minecraft:crimson_planks":612,"minecraft:golden_carrot":2395,"minecraft:emerald_block":4764,"minecraft:stone_pressure_plate":2,"minecraft:acacia_boat":3,"minecraft:iron_ore":40,"minecraft:glass_bottle":262,"minecraft:polished_andesite":1,"minecraft:blue_wool":60,"minecraft:black_shulker_box":200,"minecraft:stonecutter":1,"minecraft:beacon":52,"minecraft:chiseled_nether_bricks":2,"minecraft:cobblestone_slab":3269,"minecraft:jungle_wood":7,"minecraft:terracotta":2,"minecraft:lime_bed":2,"minecraft:light_gray_concrete_powder":40,"minecraft:painting":11,"minecraft:nether_gold_ore":4,"minecraft:cracked_polished_blackstone_bricks":20,"minecraft:netherite_axe":4303,"minecraft:acacia_fence_gate":1,"minecraft:fishing_rod":133,"minecraft:green_shulker_box":8,"minecraft:white_banner":11,"minecraft:bucket":3599,"minecraft:yellow_bed":29,"minecraft:purple_carpet":264,"minecraft:smooth_stone":36,"minecraft:splash_potion":5},"minecraft:killed":{"minecraft:cod":152,"minecraft:guardian":39,"minecraft:tropical_fish":8,"minecraft:elder_guardian":27,"minecraft:salmon":4,"minecraft:iron_golem":29,"minecraft:ender_dragon":2,"minecraft:pillager":56,"minecraft:zombie":861,"minecraft:vindicator":1,"minecraft:endermite":4,"minecraft:snow_golem":4,"minecraft:husk":37,"minecraft:zombified_piglin":18,"minecraft:witch":15,"minecraft:spider":242,"minecraft:wither":6,"minecraft:silverfish":1,"minecraft:piglin":107,"minecraft:zombie_villager":17,"minecraft:sheep":13,"minecraft:trader_llama":14,"minecraft:mooshroom":348,"minecraft:ghast":55,"minecraft:slime":884,"minecraft:drowned":662,"minecraft:hoglin":72,"minecraft:squid":13,"minecraft:wither_skeleton":393,"minecraft:player":4,"minecraft:villager":8,"minecraft:cave_spider":377,"minecraft:shulker":289,"minecraft:pufferfish":15,"minecraft:skeleton":599,"minecraft:chicken":14,"minecraft:magma_cube":162,"minecraft:cow":62,"minecraft:horse":7,"minecraft:wandering_trader":6,"minecraft:enderman":77724,"minecraft:pig":118,"minecraft:creeper":744,"minecraft:blaze":127,"minecraft:phantom":50,"minecraft:bat":42}},"DataVersion":2584}