{"stats":{"minecraft:custom":{"minecraft:interact_with_crafting_table":2791,"minecraft:deaths":66,"minecraft:jump":221393,"minecraft:play_record":1,"minecraft:interact_with_smoker":48,"minecraft:inspect_dispenser":233,"minecraft:horse_one_cm":242018,"minecraft:inspect_dropper":466,"minecraft:interact_with_anvil":248,"minecraft:inspect_hopper":2250,"minecraft:tune_noteblock":2171,"minecraft:time_since_rest":4226,"minecraft:swim_one_cm":3603984,"minecraft:open_chest":29166,"minecraft:open_shulker_box":25049,"minecraft:damage_resisted":11847,"minecraft:play_noteblock":25,"minecraft:talked_to_villager":1881,"minecraft:interact_with_brewingstand":77,"minecraft:interact_with_beacon":97,"minecraft:fill_cauldron":24,"minecraft:interact_with_campfire":1,"minecraft:raid_win":1,"minecraft:boat_one_cm":1218705,"minecraft:damage_taken":139459,"minecraft:aviate_one_cm":683213232,"minecraft:open_barrel":8906,"minecraft:bell_ring":132,"minecraft:leave_game":508,"minecraft:time_since_death":1522977,"minecraft:enchant_item":39,"minecraft:interact_with_furnace":511,"minecraft:traded_with_villager":3660,"minecraft:sleep_in_bed":892,"minecraft:damage_dealt":750471,"minecraft:use_cauldron":9,"minecraft:interact_with_smithing_table":31,"minecraft:target_hit":2123,"minecraft:sneak_time":3026337,"minecraft:interact_with_lectern":310,"minecraft:interact_with_blast_furnace":108,"minecraft:interact_with_stonecutter":864,"minecraft:fly_one_cm":47320850,"minecraft:fish_caught":8,"minecraft:fall_one_cm":3781304,"minecraft:animals_bred":219,"minecraft:sprint_one_cm":108694648,"minecraft:drop":11076,"minecraft:walk_on_water_one_cm":4313966,"minecraft:play_one_minute":58912101,"minecraft:interact_with_loom":1,"minecraft:open_enderchest":2392,"minecraft:player_kills":47,"minecraft:crouch_one_cm":11518276,"minecraft:mob_kills":33983,"minecraft:climb_one_cm":4702345,"minecraft:walk_one_cm":180396148,"minecraft:clean_shulker_box":10,"minecraft:strider_one_cm":15378,"minecraft:walk_under_water_one_cm":5009126,"minecraft:pot_flower":2,"minecraft:interact_with_grindstone":50,"minecraft:minecart_one_cm":158963},"minecraft:killed":{"minecraft:cod":26,"minecraft:guardian":204,"minecraft:tropical_fish":3,"minecraft:elder_guardian":6,"minecraft:salmon":8,"minecraft:iron_golem":1,"minecraft:pillager":47,"minecraft:zombie":800,"minecraft:evoker":2,"minecraft:vindicator":4,"minecraft:husk":4,"minecraft:ravager":2,"minecraft:zombified_piglin":974,"minecraft:witch":9,"minecraft:spider":170,"minecraft:wither":43,"minecraft:bee":7,"minecraft:silverfish":1,"minecraft:piglin":173,"minecraft:zombie_villager":13,"minecraft:sheep":15,"minecraft:trader_llama":13,"minecraft:ghast":122,"minecraft:vex":1,"minecraft:slime":508,"minecraft:drowned":30,"minecraft:hoglin":184,"minecraft:squid":12,"minecraft:wither_skeleton":2836,"minecraft:cave_spider":21,"minecraft:shulker":131,"minecraft:pufferfish":5,"minecraft:skeleton":4746,"minecraft:chicken":46,"minecraft:cat":4,"minecraft:magma_cube":330,"minecraft:cow":118,"minecraft:zoglin":1,"minecraft:wandering_trader":5,"minecraft:enderman":20215,"minecraft:pig":10,"minecraft:strider":3,"minecraft:creeper":489,"minecraft:blaze":418,"minecraft:phantom":48,"minecraft:bat":25},"minecraft:used":{"minecraft:writable_book":94,"minecraft:polished_granite_stairs":24,"minecraft:smooth_quartz_slab":756,"minecraft:dispenser":33,"minecraft:poppy":24,"minecraft:black_carpet":46,"minecraft:stone":21429,"minecraft:quartz_stairs":434,"minecraft:red_nether_brick_stairs":24,"minecraft:rotten_flesh":11,"minecraft:tube_coral":2,"minecraft:soul_sand":366,"minecraft:snowball":514,"minecraft:weeping_vines":6,"minecraft:spruce_boat":3,"minecraft:polished_blackstone_slab":3605,"minecraft:packed_ice":42,"minecraft:lava_bucket":70,"minecraft:quartz_pillar":205,"minecraft:quartz_block":9,"minecraft:netherite_hoe":5015,"minecraft:dark_oak_slab":856,"minecraft:diorite_wall":257,"minecraft:bow":10016,"minecraft:cooked_cod":2,"minecraft:acacia_fence":162,"minecraft:oak_sapling":214,"minecraft:gray_banner":10,"minecraft:dark_prismarine_stairs":8,"minecraft:mossy_stone_bricks":214,"minecraft:chorus_fruit":7,"minecraft:prismarine":289,"minecraft:lily_pad":11,"minecraft:blackstone":592,"minecraft:cactus":19,"minecraft:wooden_pickaxe":7,"minecraft:mossy_stone_brick_stairs":212,"minecraft:composter":87,"minecraft:clay":386,"minecraft:jungle_boat":4,"minecraft:golden_apple":1,"minecraft:blast_furnace":24,"minecraft:acacia_leaves":20,"minecraft:gray_concrete":14815,"minecraft:chiseled_quartz_block":15,"minecraft:crimson_fence_gate":2,"minecraft:birch_fence":71,"minecraft:birch_slab":1125,"minecraft:nether_wart_block":404,"minecraft:diamond_sword":9704,"minecraft:coal_block":254,"minecraft:smithing_table":20,"minecraft:poisonous_potato":1,"minecraft:birch_log":456,"minecraft:oak_boat":12,"minecraft:diorite_slab":1064,"minecraft:diorite_stairs":293,"minecraft:oak_trapdoor":326,"minecraft:polished_blackstone_brick_slab":1563,"minecraft:enchanting_table":1,"minecraft:orange_concrete":3602,"minecraft:dead_bush":26,"minecraft:carved_pumpkin":11,"minecraft:armor_stand":83,"minecraft:light_gray_carpet":391,"minecraft:polished_blackstone_wall":1592,"minecraft:torch":20309,"minecraft:orange_stained_glass":353,"minecraft:brewing_stand":6,"minecraft:nether_quartz_ore":3088,"minecraft:cod_bucket":15,"minecraft:golden_shovel":384,"minecraft:oak_fence_gate":12,"minecraft:fern":54,"minecraft:mossy_cobblestone_stairs":22,"minecraft:sea_lantern":586,"minecraft:chipped_anvil":3,"minecraft:filled_map":1,"minecraft:iron_block":10344,"minecraft:barrel":244,"minecraft:bamboo":14,"minecraft:basalt":1830,"minecraft:lime_concrete":6,"minecraft:warped_stairs":119,"minecraft:podzol":1594,"minecraft:acacia_planks":469,"minecraft:horn_coral_fan":5,"minecraft:wheat_seeds":1556,"minecraft:warped_stem":364,"minecraft:light_blue_shulker_box":64,"minecraft:tube_coral_block":15,"minecraft:birch_planks":88,"minecraft:blue_concrete_powder":199,"minecraft:cauldron":43,"minecraft:spruce_fence_gate":21,"minecraft:conduit":2,"minecraft:diamond_block":221,"minecraft:light_gray_banner":6,"minecraft:rail":1723,"minecraft:red_bed":15,"minecraft:white_bed":16,"minecraft:campfire":531,"minecraft:spruce_log":4408,"minecraft:mushroom_stem":24,"minecraft:blue_stained_glass_pane":26,"minecraft:diamond_pickaxe":326102,"minecraft:warped_trapdoor":153,"minecraft:diamond_shovel":129902,"minecraft:acacia_sign":30,"minecraft:oak_button":2,"minecraft:spruce_pressure_plate":76,"minecraft:spruce_trapdoor":1888,"minecraft:spruce_sapling":598,"minecraft:green_carpet":80,"minecraft:potion":12,"minecraft:cooked_porkchop":625,"minecraft:andesite_stairs":193,"minecraft:warped_fence_gate":81,"minecraft:stripped_oak_log":14,"minecraft:dandelion":125,"minecraft:green_stained_glass":174,"minecraft:red_sand":4,"minecraft:light_gray_stained_glass_pane":6,"minecraft:melon":2,"minecraft:bone_block":881,"minecraft:polished_basalt":2629,"minecraft:nether_wart":58,"minecraft:grass":409,"minecraft:mossy_stone_brick_slab":32,"minecraft:green_terracotta":296,"minecraft:soul_campfire":2,"minecraft:spruce_leaves":263,"minecraft:beehive":1,"minecraft:obsidian":133,"minecraft:bricks":446,"minecraft:spruce_wood":4,"minecraft:lantern":281,"minecraft:blue_orchid":33,"minecraft:polished_blackstone_brick_wall":215,"minecraft:warped_nylium":1113,"minecraft:light_blue_bed":1,"minecraft:mossy_cobblestone_slab":30,"minecraft:item_frame":370,"minecraft:birch_button":258,"minecraft:birch_trapdoor":75,"minecraft:written_book":572,"minecraft:blue_shulker_box":43,"minecraft:tube_coral_fan":4,"minecraft:end_rod":334,"minecraft:dropper":25,"minecraft:wither_skeleton_skull":135,"minecraft:stripped_acacia_log":8,"minecraft:gray_carpet":1251,"minecraft:stone_pickaxe":262,"minecraft:oak_planks":1394,"minecraft:prismarine_stairs":23,"minecraft:polished_diorite_slab":2064,"minecraft:sandstone":20,"minecraft:sugar_cane":237,"minecraft:diamond_axe":20841,"minecraft:white_wool":182,"minecraft:crossbow":154,"minecraft:end_stone":40,"minecraft:sticky_piston":152,"minecraft:black_terracotta":6,"minecraft:lever":120,"minecraft:daylight_detector":142,"minecraft:acacia_door":11,"minecraft:dark_oak_log":1258,"minecraft:bread":81,"minecraft:warped_slab":886,"minecraft:iron_door":71,"minecraft:pufferfish_bucket":2,"minecraft:chain":562,"minecraft:smooth_stone_slab":14805,"minecraft:coarse_dirt":4346,"minecraft:bone_meal":8873,"minecraft:orange_concrete_powder":3008,"minecraft:netherite_sword":971,"minecraft:rose_bush":13,"minecraft:dried_kelp":57,"minecraft:flint_and_steel":196,"minecraft:granite_stairs":16,"minecraft:redstone":834,"minecraft:ender_chest":249,"minecraft:stone_hoe":159,"minecraft:dirt":25536,"minecraft:red_nether_brick_slab":15,"minecraft:prismarine_bricks":178,"minecraft:bee_nest":1,"minecraft:spruce_fence":1577,"minecraft:iron_hoe":375,"minecraft:oak_stairs":726,"minecraft:smooth_sandstone":188,"minecraft:crimson_slab":117,"minecraft:yellow_concrete_powder":77,"minecraft:black_stained_glass":3507,"minecraft:soul_soil":1465,"minecraft:dark_oak_pressure_plate":2,"minecraft:netherite_pickaxe":215322,"minecraft:minecart":181,"minecraft:cyan_concrete_powder":641,"minecraft:cooked_beef":504,"minecraft:pumpkin":84,"minecraft:turtle_egg":1,"minecraft:orange_stained_glass_pane":753,"minecraft:quartz_bricks":1,"minecraft:cobblestone_stairs":254,"minecraft:baked_potato":115,"minecraft:red_nether_bricks":24,"minecraft:brown_mushroom":5,"minecraft:spruce_sign":90,"minecraft:warped_roots":27,"minecraft:music_disc_cat":1,"minecraft:dark_prismarine_slab":14,"minecraft:red_mushroom":18,"minecraft:warped_planks":29,"minecraft:cyan_stained_glass":2374,"minecraft:piston":95,"minecraft:wooden_hoe":5,"minecraft:flower_pot":8,"minecraft:black_wool":2,"minecraft:lapis_ore":200,"minecraft:stone_slab":6054,"minecraft:detector_rail":21,"minecraft:stone_axe":234,"minecraft:brown_stained_glass_pane":35,"minecraft:fire_coral_block":1,"minecraft:crimson_fungus":23,"minecraft:cyan_stained_glass_pane":81,"minecraft:pink_shulker_box":1,"minecraft:pumpkin_pie":10,"minecraft:wither_rose":331,"minecraft:sea_pickle":65,"minecraft:gray_wool":7,"minecraft:birch_stairs":540,"minecraft:peony":5,"minecraft:nether_brick_fence":1,"minecraft:polished_blackstone":1810,"minecraft:spruce_slab":3776,"minecraft:ladder":418,"minecraft:chest":1665,"minecraft:white_shulker_box":18,"minecraft:acacia_button":3,"minecraft:acacia_sapling":228,"minecraft:blue_stained_glass":358,"minecraft:orange_wool":6,"minecraft:stripped_spruce_log":171,"minecraft:honey_block":28,"minecraft:netherite_shovel":122992,"minecraft:black_stained_glass_pane":1073,"minecraft:grass_block":38061,"minecraft:birch_sapling":71,"minecraft:polished_andesite_stairs":4508,"minecraft:orange_shulker_box":5,"minecraft:dark_oak_button":1390,"minecraft:pink_wool":1,"minecraft:stone_brick_stairs":5685,"minecraft:red_stained_glass_pane":63,"minecraft:sweet_berries":1045,"minecraft:furnace":56,"minecraft:egg":259,"minecraft:potato":2190,"minecraft:dragon_head":1,"minecraft:seagrass":54,"minecraft:brown_concrete_powder":2,"minecraft:magenta_shulker_box":11,"minecraft:diorite":471,"minecraft:spruce_door":57,"minecraft:warped_fungus_on_a_stick":2,"minecraft:brick_wall":142,"minecraft:stripped_birch_log":119,"minecraft:red_stained_glass":226,"minecraft:acacia_trapdoor":333,"minecraft:powered_rail":30,"minecraft:blackstone_stairs":286,"minecraft:orange_tulip":35,"minecraft:purpur_pillar":1,"minecraft:oak_leaves":736,"minecraft:cookie":7,"minecraft:smooth_quartz_stairs":1878,"minecraft:dark_oak_trapdoor":428,"minecraft:sand":2660,"minecraft:blue_ice":7,"minecraft:black_concrete_powder":1614,"minecraft:pumpkin_seeds":3,"minecraft:crying_obsidian":166,"minecraft:stone_button":31232,"minecraft:cyan_carpet":92,"minecraft:lectern":337,"minecraft:red_terracotta":3391,"minecraft:polished_granite":551,"minecraft:diamond_ore":395,"minecraft:lilac":6,"minecraft:polished_andesite_slab":2765,"minecraft:soul_lantern":320,"minecraft:wooden_sword":13,"minecraft:dark_oak_fence":333,"minecraft:white_stained_glass":278,"minecraft:green_concrete_powder":56,"minecraft:ice":589,"minecraft:iron_bars":1489,"minecraft:stone_sword":30,"minecraft:acacia_log":3458,"minecraft:red_concrete":87,"minecraft:mycelium":3186,"minecraft:stripped_warped_stem":77,"minecraft:netherrack":4288,"minecraft:orange_bed":25,"minecraft:anvil":57,"minecraft:target":6,"minecraft:warped_wart_block":226,"minecraft:twisting_vines":821,"minecraft:stone_stairs":4246,"minecraft:nether_brick_slab":596,"minecraft:polished_granite_slab":37,"minecraft:blue_concrete":54,"minecraft:nether_brick_stairs":264,"minecraft:polished_diorite":3792,"minecraft:shroomlight":346,"minecraft:red_shulker_box":98,"minecraft:cyan_shulker_box":33,"minecraft:iron_axe":1035,"minecraft:spruce_button":25,"minecraft:brick_stairs":101,"minecraft:slime_block":166,"minecraft:warped_fence":55,"minecraft:smooth_quartz":208,"minecraft:totem_of_undying":2,"minecraft:prismarine_slab":433,"minecraft:melon_seeds":3,"minecraft:tripwire_hook":56,"minecraft:glowstone":256,"minecraft:iron_trapdoor":1386,"minecraft:acacia_wood":12,"minecraft:crimson_pressure_plate":1,"minecraft:orange_terracotta":24,"minecraft:observer":90,"minecraft:crimson_stem":15,"minecraft:water_bucket":3540,"minecraft:nether_brick_wall":470,"minecraft:sandstone_stairs":9,"minecraft:prismarine_brick_slab":229,"minecraft:smooth_sandstone_slab":286,"minecraft:red_mushroom_block":18,"minecraft:fletching_table":1,"minecraft:polished_blackstone_bricks":951,"minecraft:cracked_stone_bricks":248,"minecraft:orange_carpet":43,"minecraft:mossy_cobblestone":123,"minecraft:comparator":174,"minecraft:vine":113,"minecraft:tnt":913,"minecraft:oak_slab":273,"minecraft:crafting_table":186,"minecraft:birch_sign":64,"minecraft:dark_oak_fence_gate":29,"minecraft:oak_log":526,"minecraft:dark_prismarine":2,"minecraft:iron_pickaxe":500,"minecraft:cyan_concrete":777,"minecraft:crimson_nylium":1060,"minecraft:chiseled_stone_bricks":10,"minecraft:cobblestone":3359,"minecraft:acacia_pressure_plate":1,"minecraft:red_concrete_powder":193,"minecraft:glass_pane":1563,"minecraft:brown_mushroom_block":12,"minecraft:jukebox":1,"minecraft:kelp":581,"minecraft:iron_shovel":1266,"minecraft:diamond_hoe":134,"minecraft:oak_sign":19,"minecraft:white_concrete_powder":12693,"minecraft:white_terracotta":25,"minecraft:iron_sword":239,"minecraft:bell":13,"minecraft:player_head":52,"minecraft:smooth_sandstone_stairs":10,"minecraft:nether_bricks":4100,"minecraft:prismarine_brick_stairs":182,"minecraft:carrot":854,"minecraft:cyan_wool":25,"minecraft:milk_bucket":3,"minecraft:glass":2047,"minecraft:cyan_terracotta":4124,"minecraft:coal_ore":3392,"minecraft:quartz_slab":13,"minecraft:gray_concrete_powder":10797,"minecraft:crimson_roots":21,"minecraft:hopper_minecart":28,"minecraft:stone_bricks":7242,"minecraft:repeater":263,"minecraft:red_carpet":102,"minecraft:redstone_lamp":93,"minecraft:magma_block":3241,"minecraft:brown_carpet":25,"minecraft:warped_fungus":105,"minecraft:hay_block":32,"minecraft:scaffolding":1676,"minecraft:beetroot_seeds":2182,"minecraft:polished_diorite_stairs":1091,"minecraft:fire_coral_fan":9,"minecraft:polished_blackstone_stairs":401,"minecraft:chiseled_polished_blackstone":721,"minecraft:dark_oak_stairs":102,"minecraft:dark_oak_sign":2,"minecraft:birch_leaves":150,"minecraft:ender_pearl":8,"minecraft:redstone_block":75,"minecraft:brain_coral":1,"minecraft:yellow_terracotta":3,"minecraft:black_banner":32,"minecraft:light_gray_terracotta":10,"minecraft:sponge":35,"minecraft:blackstone_wall":5535,"minecraft:note_block":32,"minecraft:stone_brick_wall":2041,"minecraft:shears":1306,"minecraft:redstone_torch":167,"minecraft:green_concrete":59,"minecraft:gray_shulker_box":27,"minecraft:black_concrete":1610,"minecraft:firework_rocket":751,"minecraft:string":1057,"minecraft:cyan_bed":11,"minecraft:heavy_weighted_pressure_plate":2,"minecraft:light_gray_concrete":3129,"minecraft:brown_stained_glass":27,"minecraft:gravel":657,"minecraft:blackstone_slab":4027,"minecraft:granite_slab":22,"minecraft:grindstone":44,"minecraft:oak_fence":965,"minecraft:jungle_leaves":530,"minecraft:purpur_block":7,"minecraft:andesite":799,"minecraft:white_concrete":18809,"minecraft:experience_bottle":3,"minecraft:chest_minecart":2,"minecraft:tropical_fish_bucket":11,"minecraft:cobweb":57,"minecraft:trident":516,"minecraft:redstone_ore":3240,"minecraft:stone_shovel":272,"minecraft:spruce_planks":1210,"minecraft:oak_door":10,"minecraft:white_carpet":3064,"minecraft:hopper":723,"minecraft:spruce_stairs":1762,"minecraft:cobblestone_wall":638,"minecraft:warped_door":17,"minecraft:shulker_box":1089,"minecraft:salmon_bucket":11,"minecraft:granite":421,"minecraft:andesite_wall":649,"minecraft:purple_stained_glass_pane":42,"minecraft:stone_brick_slab":6905,"minecraft:dark_oak_planks":58,"minecraft:bookshelf":186,"minecraft:yellow_stained_glass":1,"minecraft:acacia_slab":501,"minecraft:polished_blackstone_brick_stairs":1873,"minecraft:crimson_planks":1,"minecraft:light_gray_wool":118,"minecraft:golden_carrot":2190,"minecraft:white_stained_glass_pane":2002,"minecraft:cyan_banner":5,"minecraft:granite_wall":222,"minecraft:stone_pressure_plate":52,"minecraft:horn_coral_block":14,"minecraft:brain_coral_block":17,"minecraft:cooked_mutton":1,"minecraft:acacia_boat":10,"minecraft:iron_ore":11,"minecraft:glass_bottle":47,"minecraft:polished_andesite":2283,"minecraft:blue_wool":65,"minecraft:andesite_slab":171,"minecraft:black_shulker_box":154,"minecraft:stonecutter":466,"minecraft:beacon":114,"minecraft:cobblestone_slab":1623,"minecraft:stripped_dark_oak_log":56,"minecraft:brown_banner":18,"minecraft:light_gray_concrete_powder":2051,"minecraft:painting":565,"minecraft:smoker":45,"minecraft:nether_gold_ore":36,"minecraft:dark_oak_door":16,"minecraft:purple_stained_glass":9,"minecraft:acacia_stairs":195,"minecraft:cracked_polished_blackstone_bricks":2,"minecraft:map":26,"minecraft:netherite_axe":14493,"minecraft:acacia_fence_gate":17,"minecraft:fishing_rod":455,"minecraft:green_shulker_box":10,"minecraft:white_banner":21,"minecraft:bucket":3685,"minecraft:smooth_stone":4523,"minecraft:purple_carpet":102,"minecraft:splash_potion":35,"minecraft:soul_torch":38},"minecraft:crafted":{"minecraft:red_stained_glass_pane":272,"minecraft:black_dye":1149,"minecraft:oak_sign":12,"minecraft:melon":566,"minecraft:blaze_powder":48,"minecraft:chain":355,"minecraft:brick_wall":153,"minecraft:blue_stained_glass_pane":128,"minecraft:diorite_stairs":20,"minecraft:diamond_shovel":3,"minecraft:gray_wool":28,"minecraft:shulker_box":96,"minecraft:diamond_helmet":4,"minecraft:beacon":45,"minecraft:stone_pressure_plate":136,"minecraft:iron_door":126,"minecraft:cyan_banner":3,"minecraft:black_wool":61,"minecraft:name_tag":53,"minecraft:white_shulker_box":2,"minecraft:warped_stairs":124,"minecraft:blue_stained_glass":472,"minecraft:redstone_lamp":1112,"minecraft:end_rod":296,"minecraft:soul_campfire":8,"minecraft:polished_andesite_stairs":40,"minecraft:acacia_slab":636,"minecraft:chest_minecart":2,"minecraft:smithing_table":4,"minecraft:mossy_cobblestone":64,"minecraft:sticky_piston":514,"minecraft:red_nether_bricks":93,"minecraft:green_stained_glass":224,"minecraft:painting":13,"minecraft:stone_brick_stairs":498,"minecraft:lectern":20,"minecraft:wooden_hoe":1,"minecraft:stone_slab":4758,"minecraft:iron_pickaxe":2,"minecraft:acacia_door":12,"minecraft:sandstone":61,"minecraft:netherite_ingot":21,"minecraft:composter":77,"minecraft:polished_blackstone_bricks":276,"minecraft:golden_carrot":390,"minecraft:jukebox":1,"minecraft:orange_shulker_box":1,"minecraft:iron_nugget":3632,"minecraft:diamond_hoe":6,"minecraft:brick_stairs":78,"minecraft:soul_torch":576,"minecraft:acacia_fence_gate":8,"minecraft:light_gray_wool":62,"minecraft:blue_shulker_box":1,"minecraft:spruce_fence":1569,"minecraft:stone_stairs":485,"minecraft:lantern":186,"minecraft:spruce_stairs":1116,"minecraft:polished_diorite":280,"minecraft:black_concrete_powder":1088,"minecraft:red_shulker_box":8,"minecraft:stone_pickaxe":2,"minecraft:quartz_slab":84,"minecraft:spruce_boat":7,"minecraft:purple_carpet":123,"minecraft:lead":16,"minecraft:enchanting_table":1,"minecraft:cyan_bed":2,"minecraft:crimson_slab":192,"minecraft:acacia_trapdoor":250,"minecraft:yellow_stained_glass_pane":160,"minecraft:leather_helmet":21,"minecraft:polished_blackstone_stairs":45,"minecraft:dark_oak_button":1401,"minecraft:acacia_stairs":72,"minecraft:red_carpet":111,"minecraft:enchanted_book":85,"minecraft:orange_dye":81,"minecraft:oak_fence_gate":12,"minecraft:red_stained_glass":496,"minecraft:soul_lantern":332,"minecraft:fermented_spider_eye":4,"minecraft:birch_trapdoor":40,"minecraft:black_stained_glass_pane":1616,"minecraft:writable_book":8,"minecraft:iron_shovel":4,"minecraft:armor_stand":42,"minecraft:note_block":27,"minecraft:grindstone":17,"minecraft:cobblestone_slab":12,"minecraft:barrel":218,"minecraft:polished_granite_slab":90,"minecraft:stone":387,"minecraft:heavy_weighted_pressure_plate":11,"minecraft:quartz_pillar":180,"minecraft:warped_planks":1516,"minecraft:brown_carpet":24,"minecraft:stone_brick_slab":596,"minecraft:brown_stained_glass":56,"minecraft:nether_brick_wall":402,"minecraft:orange_stained_glass_pane":1072,"minecraft:bow":458,"minecraft:comparator":1209,"minecraft:polished_basalt":9,"minecraft:chest":4487,"minecraft:netherite_helmet":1,"minecraft:oak_button":2,"minecraft:rail":896,"minecraft:blue_concrete_powder":352,"minecraft:bricks":392,"minecraft:birch_button":256,"minecraft:ender_eye":5,"minecraft:stone_bricks":4811,"minecraft:oak_fence":951,"minecraft:polished_diorite_slab":30,"minecraft:granite_stairs":120,"minecraft:sea_lantern":35,"minecraft:white_banner":4,"minecraft:dropper":473,"minecraft:cauldron":28,"minecraft:iron_helmet":7,"minecraft:red_wool":75,"minecraft:acacia_button":2,"minecraft:white_stained_glass_pane":2160,"minecraft:warped_door":12,"minecraft:dispenser":531,"minecraft:apple":20,"minecraft:tnt":831,"minecraft:spruce_trapdoor":1426,"minecraft:purple_dye":40,"minecraft:yellow_dye":36,"minecraft:warped_fence_gate":117,"minecraft:stick":24440,"minecraft:iron_ingot":21807,"minecraft:andesite_stairs":106,"minecraft:cyan_carpet":81,"minecraft:dark_oak_fence_gate":56,"minecraft:polished_diorite_stairs":382,"minecraft:oak_door":15,"minecraft:nether_brick_slab":306,"minecraft:tripwire_hook":74,"minecraft:stone_brick_wall":120,"minecraft:fishing_rod":21,"minecraft:netherite_sword":2,"minecraft:leather_boots":9,"minecraft:spruce_button":77,"minecraft:mossy_stone_bricks":456,"minecraft:furnace":105,"minecraft:blast_furnace":13,"minecraft:piston":1948,"minecraft:polished_andesite_slab":380,"minecraft:smooth_quartz_stairs":367,"minecraft:oak_trapdoor":298,"minecraft:flint_and_steel":5,"minecraft:scaffolding":60,"minecraft:netherite_chestplate":2,"minecraft:granite_wall":45,"minecraft:white_concrete_powder":12544,"minecraft:polished_granite_stairs":58,"minecraft:cobblestone_wall":24,"minecraft:smooth_quartz_slab":342,"minecraft:blackstone_stairs":323,"minecraft:birch_sign":27,"minecraft:glistering_melon_slice":24,"minecraft:magma_cream":16,"minecraft:purple_stained_glass":48,"minecraft:iron_trapdoor":1219,"minecraft:diorite_wall":60,"minecraft:iron_sword":12,"minecraft:black_banner":33,"minecraft:cooked_salmon":3,"minecraft:acacia_boat":2,"minecraft:jungle_planks":3081,"minecraft:white_dye":2714,"minecraft:netherite_shovel":2,"minecraft:black_carpet":39,"minecraft:blue_wool":86,"minecraft:anvil":32,"minecraft:stonecutter":321,"minecraft:orange_bed":5,"minecraft:diorite_slab":222,"minecraft:torch":12544,"minecraft:granite_slab":90,"minecraft:diamond_chestplate":3,"minecraft:ender_chest":5,"minecraft:light_gray_concrete_powder":1952,"minecraft:smooth_stone":271,"minecraft:dark_oak_pressure_plate":1,"minecraft:orange_carpet":54,"minecraft:orange_stained_glass":904,"minecraft:birch_slab":1080,"minecraft:slime_block":5293,"minecraft:polished_blackstone_slab":60,"minecraft:lever":94,"minecraft:bookshelf":142,"minecraft:dark_prismarine_stairs":55,"minecraft:iron_bars":1952,"minecraft:red_concrete_powder":192,"minecraft:quartz_block":3023,"minecraft:glass":1369,"minecraft:repeater":1295,"minecraft:diamond_leggings":3,"minecraft:cyan_stained_glass_pane":240,"minecraft:netherite_boots":1,"minecraft:polished_blackstone":344,"minecraft:acacia_fence":90,"minecraft:chiseled_quartz_block":42,"minecraft:flower_pot":3,"minecraft:glass_bottle":51,"minecraft:target":199,"minecraft:emerald":2450,"minecraft:smooth_quartz":1,"minecraft:diamond_axe":1,"minecraft:spruce_door":75,"minecraft:hay_block":229,"minecraft:campfire":340,"minecraft:compass":26,"minecraft:iron_block":9123,"minecraft:gold_ingot":8554,"minecraft:light_gray_dye":234,"minecraft:spruce_fence_gate":26,"minecraft:birch_stairs":380,"minecraft:yellow_concrete_powder":512,"minecraft:prismarine":64,"minecraft:stone_shovel":3,"minecraft:smooth_stone_slab":1022,"minecraft:leather_leggings":15,"minecraft:player_head":8,"minecraft:bone_meal":42402,"minecraft:cyan_stained_glass":2424,"minecraft:andesite_wall":21,"minecraft:white_carpet":2250,"minecraft:warped_trapdoor":156,"minecraft:diamond":3614,"minecraft:dark_oak_fence":255,"minecraft:detector_rail":30,"minecraft:ladder":522,"minecraft:spruce_slab":4350,"minecraft:diamond_boots":2,"minecraft:redstone_block":3942,"minecraft:dark_oak_planks":8792,"minecraft:golden_helmet":4,"minecraft:wheat":72,"minecraft:coal_block":1081,"minecraft:daylight_detector":521,"minecraft:purple_stained_glass_pane":48,"minecraft:netherite_pickaxe":1,"minecraft:polished_blackstone_brick_slab":180,"minecraft:dried_kelp":65,"minecraft:gray_concrete_powder":11352,"minecraft:sandstone_slab":6,"minecraft:conduit":1,"minecraft:glowstone":564,"minecraft:white_stained_glass":992,"minecraft:jungle_slab":378,"minecraft:polished_blackstone_brick_wall":183,"minecraft:golden_apple":20,"minecraft:acacia_sign":51,"minecraft:andesite_slab":6,"minecraft:gray_shulker_box":2,"minecraft:cyan_shulker_box":12,"minecraft:oak_stairs":272,"minecraft:iron_leggings":8,"minecraft:white_bed":9,"minecraft:nether_brick_stairs":152,"minecraft:brick":710,"minecraft:oak_planks":8056,"minecraft:cobblestone_stairs":56,"minecraft:spruce_pressure_plate":146,"minecraft:dark_oak_door":6,"minecraft:hopper":3076,"minecraft:iron_boots":8,"minecraft:blackstone_wall":126,"minecraft:cyan_terracotta":168,"minecraft:stone_hoe":2,"minecraft:smoker":11,"minecraft:oak_slab":414,"minecraft:item_frame":198,"minecraft:map":24,"minecraft:crafting_table":96,"minecraft:spruce_planks":47900,"minecraft:wooden_pickaxe":1,"minecraft:brown_stained_glass_pane":96,"minecraft:baked_potato":252,"minecraft:light_gray_banner":4,"minecraft:gold_block":394,"minecraft:hopper_minecart":28,"minecraft:brewing_stand":4,"minecraft:birch_planks":4148,"minecraft:pumpkin_seeds":12,"minecraft:black_shulker_box":8,"minecraft:dark_oak_slab":1264,"minecraft:iron_chestplate":10,"minecraft:book":80,"minecraft:paper":34089,"minecraft:diamond_pickaxe":14,"minecraft:charcoal":32,"minecraft:shield":1,"minecraft:birch_fence":189,"minecraft:warped_slab":840,"minecraft:light_blue_dye":59,"minecraft:leather_chestplate":13,"minecraft:stone_sword":2,"minecraft:redstone_torch":6378,"minecraft:polished_blackstone_brick_stairs":532,"minecraft:gray_carpet":1068,"minecraft:light_gray_carpet":351,"minecraft:shears":24,"minecraft:green_carpet":192,"minecraft:sandstone_stairs":8,"minecraft:polished_andesite":388,"minecraft:coarse_dirt":2368,"minecraft:wooden_sword":2,"minecraft:purple_wool":84,"minecraft:redstone":15321,"minecraft:coal":7132,"minecraft:stone_button":33479,"minecraft:dark_oak_trapdoor":184,"minecraft:gray_dye":954,"minecraft:dark_oak_sign":3,"minecraft:diamond_block":362,"minecraft:glass_pane":1680,"minecraft:warped_fence":114,"minecraft:blue_ice":71,"minecraft:netherite_leggings":1,"minecraft:iron_axe":7,"minecraft:black_terracotta":64,"minecraft:green_concrete_powder":56,"minecraft:spruce_wood":3,"minecraft:iron_hoe":3,"minecraft:slime_ball":5705,"minecraft:orange_concrete_powder":2560,"minecraft:filled_map":44,"minecraft:gray_banner":10,"minecraft:observer":1584,"minecraft:minecart":100,"minecraft:cooked_beef":519,"minecraft:sugar":4,"minecraft:red_dye":251,"minecraft:cooked_cod":3,"minecraft:cyan_concrete_powder":128,"minecraft:bone_block":2524,"minecraft:crimson_planks":96,"minecraft:diamond_sword":2,"minecraft:cyan_dye":48,"minecraft:spruce_sign":126,"minecraft:dark_oak_stairs":184,"minecraft:powered_rail":6,"minecraft:nether_bricks":930,"minecraft:bucket":37,"minecraft:stone_axe":2,"minecraft:air":0,"minecraft:bread":100,"minecraft:blue_dye":180,"minecraft:black_stained_glass":2600,"minecraft:oak_boat":4,"minecraft:white_wool":265,"minecraft:brown_wool":16,"minecraft:dark_prismarine_slab":306,"minecraft:pumpkin_pie":128,"minecraft:acacia_planks":6720,"minecraft:blackstone_slab":60,"minecraft:lapis_lazuli":288,"minecraft:lapis_block":342,"minecraft:firework_rocket":17172},"minecraft:dropped":{"minecraft:iron_sword":11,"minecraft:porkchop":43,"minecraft:lapis_lazuli":43,"minecraft:chorus_fruit":589,"minecraft:glass_bottle":9,"minecraft:diamond":48,"minecraft:crafting_table":6,"minecraft:cooked_porkchop":115,"minecraft:weeping_vines":3,"minecraft:warped_roots":487,"minecraft:cracked_stone_bricks":33,"minecraft:red_mushroom":67,"minecraft:gray_concrete":63,"minecraft:dark_oak_trapdoor":7,"minecraft:writable_book":6,"minecraft:gold_nugget":285,"minecraft:sand":648,"minecraft:dark_oak_planks":4,"minecraft:diorite_slab":1,"minecraft:birch_stairs":2,"minecraft:dark_oak_door":1,"minecraft:stone_axe":3,"minecraft:compass":2,"minecraft:diamond_block":70,"minecraft:ancient_debris":3,"minecraft:lever":26,"minecraft:iron_nugget":33,"minecraft:cooked_chicken":2,"minecraft:black_carpet":1,"minecraft:netherite_sword":1,"minecraft:wheat":3,"minecraft:obsidian":1,"minecraft:rotten_flesh":18237,"minecraft:oak_planks":75,"minecraft:glowstone_dust":1,"minecraft:golden_shovel":1,"minecraft:azure_bluet":28,"minecraft:nether_brick_fence":26,"minecraft:warped_planks":3,"minecraft:blue_stained_glass":1,"minecraft:red_mushroom_block":10,"minecraft:sea_lantern":1,"minecraft:coal_ore":427,"minecraft:leather_boots":19,"minecraft:acacia_sapling":122,"minecraft:leather_leggings":21,"minecraft:glass":3,"minecraft:beef":4,"minecraft:podzol":19,"minecraft:warped_wart_block":1,"minecraft:granite_wall":2,"minecraft:stone_brick_stairs":104,"minecraft:cartography_table":1,"minecraft:golden_boots":23,"minecraft:wheat_seeds":2236,"minecraft:light_gray_stained_glass_pane":84,"minecraft:netherite_chestplate":1,"minecraft:prismarine_crystals":5,"minecraft:golden_apple":5,"minecraft:coal_block":71,"minecraft:acacia_sign":2,"minecraft:ink_sac":10,"minecraft:blackstone_wall":1,"minecraft:potion":106,"minecraft:oak_stairs":4,"minecraft:red_dye":8,"minecraft:smooth_stone":7,"minecraft:chainmail_leggings":7,"minecraft:lily_pad":3,"minecraft:acacia_planks":44,"minecraft:stone_brick_slab":51,"minecraft:player_head":18,"minecraft:red_banner":1,"minecraft:white_carpet":3,"minecraft:iron_boots":102,"minecraft:light_gray_concrete":64,"minecraft:oak_sign":9,"minecraft:shears":7,"minecraft:peony":2,"minecraft:spruce_trapdoor":6,"minecraft:spruce_planks":188,"minecraft:redstone_torch":7,"minecraft:stone_bricks":5,"minecraft:bamboo":1,"minecraft:sandstone":377,"minecraft:bow":633,"minecraft:magma_block":1,"minecraft:nether_brick_stairs":5,"minecraft:soul_sand":50,"minecraft:warped_fungus":32,"minecraft:oak_log":9,"minecraft:ender_pearl":39011,"minecraft:dark_oak_sapling":1,"minecraft:leather":41,"minecraft:jungle_planks":68,"minecraft:iron_horse_armor":1,"minecraft:polished_blackstone_brick_wall":6,"minecraft:black_banner":16,"minecraft:birch_slab":3,"minecraft:cod":17,"minecraft:dark_oak_log":10,"minecraft:polished_diorite_stairs":3,"minecraft:mutton":18,"minecraft:gold_ingot":25,"minecraft:purpur_block":15,"minecraft:andesite_slab":7,"minecraft:soul_lantern":1,"minecraft:beetroot":1,"minecraft:acacia_stairs":64,"minecraft:mycelium":191,"minecraft:mushroom_stem":1,"minecraft:leather_chestplate":17,"minecraft:beetroot_seeds":10,"minecraft:acacia_slab":7,"minecraft:iron_ore":282,"minecraft:iron_bars":1,"minecraft:scaffolding":93,"minecraft:light_gray_concrete_powder":1,"minecraft:splash_potion":46,"minecraft:bread":1,"minecraft:golden_helmet":33,"minecraft:andesite_wall":6,"minecraft:activator_rail":1,"minecraft:tropical_fish":1,"minecraft:spruce_stairs":34,"minecraft:acacia_log":94,"minecraft:acacia_trapdoor":1,"minecraft:iron_block":4,"minecraft:milk_bucket":1,"minecraft:white_concrete":228,"minecraft:fire_charge":13,"minecraft:polished_andesite_stairs":3,"minecraft:music_disc_ward":1,"minecraft:polished_basalt":3,"minecraft:cactus":18,"minecraft:tripwire_hook":10,"minecraft:redstone_block":29,"minecraft:polished_diorite":2,"minecraft:kelp":5,"minecraft:sweet_berries":1257,"minecraft:oak_trapdoor":4,"minecraft:tall_grass":2,"minecraft:totem_of_undying":7,"minecraft:shulker_box":3,"minecraft:flint_and_steel":1,"minecraft:andesite":2023,"minecraft:golden_leggings":20,"minecraft:oak_sapling":33,"minecraft:birch_sign":1,"minecraft:gray_concrete_powder":1,"minecraft:spruce_log":120,"minecraft:wooden_pickaxe":1,"minecraft:magma_cream":24,"minecraft:clay":5,"minecraft:cooked_beef":148,"minecraft:crossbow":5,"minecraft:cookie":15,"minecraft:purpur_stairs":3,"minecraft:elytra":4,"minecraft:leather_helmet":20,"minecraft:rail":146,"minecraft:red_carpet":1,"minecraft:dirt":8016,"minecraft:melon":8,"minecraft:grass":10,"minecraft:stone_button":77,"minecraft:jack_o_lantern":1,"minecraft:chain":125,"minecraft:wooden_sword":2,"minecraft:bone_block":213,"minecraft:bone_meal":6000,"minecraft:phantom_membrane":27,"minecraft:polished_blackstone_slab":48,"minecraft:end_crystal":1,"minecraft:bone":8333,"minecraft:oak_door":2,"minecraft:polished_blackstone_wall":4,"minecraft:sugar_cane":66,"minecraft:polished_andesite_slab":20,"minecraft:golden_chestplate":17,"minecraft:nether_brick":19,"minecraft:birch_sapling":137,"minecraft:end_stone":8,"minecraft:light_gray_carpet":8,"minecraft:heavy_weighted_pressure_plate":1,"minecraft:hopper":3,"minecraft:ladder":27,"minecraft:yellow_banner":1,"minecraft:spruce_slab":1,"minecraft:end_stone_bricks":15,"minecraft:campfire":1,"minecraft:ghast_tear":6,"minecraft:egg":41,"minecraft:enchanted_book":22,"minecraft:crimson_planks":2,"minecraft:iron_ingot":2227,"minecraft:polished_blackstone":2,"minecraft:oak_fence":5,"minecraft:purpur_slab":6,"minecraft:iron_helmet":6,"minecraft:feather":1,"minecraft:cobblestone":1304,"minecraft:apple":6,"minecraft:granite":4521,"minecraft:spruce_button":19,"minecraft:spruce_door":28,"minecraft:chainmail_helmet":5,"minecraft:coal":116,"minecraft:pufferfish":1,"minecraft:polished_andesite":12,"minecraft:end_rod":2,"minecraft:oxeye_daisy":36,"minecraft:warped_slab":3,"minecraft:iron_trapdoor":2,"minecraft:golden_carrot":89,"minecraft:rose_bush":61,"minecraft:yellow_glazed_terracotta":6,"minecraft:diamond_helmet":2,"minecraft:heart_of_the_sea":72,"minecraft:iron_shovel":2,"minecraft:paper":109,"minecraft:string":234,"minecraft:purpur_pillar":4,"minecraft:redstone_ore":1,"minecraft:soul_torch":2,"minecraft:netherite_ingot":6,"minecraft:polished_diorite_slab":17,"minecraft:stone_sword":263,"minecraft:cobblestone_wall":18,"minecraft:dark_oak_sign":2,"minecraft:smooth_stone_slab":71,"minecraft:chicken":31,"minecraft:slime_block":64,"minecraft:light_blue_concrete":1,"minecraft:diamond_ore":1,"minecraft:nether_bricks":30,"minecraft:spruce_fence":44,"minecraft:potato":454,"minecraft:cobblestone_slab":86,"minecraft:polished_granite_stairs":8,"minecraft:shroomlight":1,"minecraft:stone":22708,"minecraft:carved_pumpkin":1,"minecraft:spider_eye":28,"minecraft:blue_orchid":10,"minecraft:dark_prismarine":7,"minecraft:gold_ore":8,"minecraft:spruce_sign":18,"minecraft:warped_stem":2,"minecraft:birch_planks":8,"minecraft:brown_mushroom":231,"minecraft:dark_oak_stairs":3,"minecraft:diamond_axe":1,"minecraft:lime_shulker_box":1,"minecraft:lantern":17,"minecraft:flint":19,"minecraft:dispenser":1,"minecraft:cornflower":22,"minecraft:crimson_roots":302,"minecraft:cut_sandstone":1,"minecraft:pumpkin_pie":2,"minecraft:birch_log":7,"minecraft:armor_stand":14,"minecraft:gravel":3354,"minecraft:crimson_fungus":14,"minecraft:blackstone":149,"minecraft:prismarine":2,"minecraft:stone_stairs":170,"minecraft:carrot":5,"minecraft:chainmail_chestplate":4,"minecraft:poppy":19495,"minecraft:rabbit_hide":1,"minecraft:gunpowder":209,"minecraft:spruce_pressure_plate":64,"minecraft:glowstone":1,"minecraft:melon_seeds":47,"minecraft:chainmail_boots":4,"minecraft:bee_nest":1,"minecraft:chest":12,"minecraft:basalt":14,"minecraft:blackstone_slab":52,"minecraft:gray_shulker_box":1,"minecraft:arrow":250,"minecraft:powered_rail":1,"minecraft:prismarine_bricks":2,"minecraft:quartz":32,"minecraft:written_book":5,"minecraft:oak_leaves":7,"minecraft:netherrack":21763,"minecraft:firework_rocket":368,"minecraft:water_bucket":1,"minecraft:stripped_spruce_log":1,"minecraft:oak_slab":2,"minecraft:mossy_cobblestone":1,"minecraft:minecart":26,"minecraft:poisonous_potato":7,"minecraft:prismarine_shard":17,"minecraft:lead":2,"minecraft:spectral_arrow":47,"minecraft:grass_block":2778,"minecraft:stick":390,"minecraft:diorite":1686,"minecraft:nether_gold_ore":35,"minecraft:torch":121,"minecraft:smooth_quartz":1,"minecraft:map":5,"minecraft:iron_leggings":6,"minecraft:wither_rose":9,"minecraft:iron_axe":1,"minecraft:bucket":3,"minecraft:dandelion":148,"minecraft:redstone":50,"minecraft:brown_dye":2,"minecraft:coarse_dirt":141,"minecraft:blaze_rod":8,"minecraft:wither_skeleton_skull":4,"minecraft:light_gray_wool":21,"minecraft:cyan_stained_glass_pane":64,"minecraft:acacia_leaves":7,"minecraft:glass_pane":35,"minecraft:red_terracotta":159,"minecraft:filled_map":22,"minecraft:orange_terracotta":1,"minecraft:iron_chestplate":12,"minecraft:golden_sword":479,"minecraft:slime_ball":36,"minecraft:nether_quartz_ore":41},"minecraft:picked_up":{"minecraft:smithing_table":18,"minecraft:lead":34,"minecraft:stone_slab":265,"minecraft:enchanted_book":4,"minecraft:blue_concrete":54,"minecraft:string":650,"minecraft:music_disc_cat":2,"minecraft:polished_blackstone_brick_stairs":356,"minecraft:dark_oak_pressure_plate":1,"minecraft:pufferfish":6,"minecraft:shroomlight":149,"minecraft:diamond_leggings":5,"minecraft:horn_coral_block":29,"minecraft:warped_slab":144,"minecraft:diamond_ore":419,"minecraft:spruce_pressure_plate":67,"minecraft:polished_blackstone_brick_slab":103,"minecraft:polished_blackstone_stairs":209,"minecraft:acacia_log":2918,"minecraft:purpur_pillar":7,"minecraft:cyan_stained_glass":739,"minecraft:brick_wall":136,"minecraft:end_crystal":1,"minecraft:green_terracotta":166,"minecraft:cyan_stained_glass_pane":75,"minecraft:golden_chestplate":10,"minecraft:gray_shulker_box":24,"minecraft:warped_door":7,"minecraft:cauldron":20,"minecraft:brown_carpet":5,"minecraft:yellow_banner":1,"minecraft:orange_bed":24,"minecraft:stone_sword":131,"minecraft:honey_bottle":2,"minecraft:horn_coral_fan":5,"minecraft:blackstone_wall":175,"minecraft:polished_basalt":651,"minecraft:carved_pumpkin":93,"minecraft:red_tulip":1,"minecraft:glowstone":1009,"minecraft:bookshelf":72,"minecraft:end_rod":239,"minecraft:white_terracotta":3,"minecraft:blaze_rod":105,"minecraft:iron_bars":325,"minecraft:snowball":643,"minecraft:sponge":1,"minecraft:cooked_beef":372,"minecraft:feather":37,"minecraft:water_bucket":11,"minecraft:flint":49,"minecraft:cyan_concrete_powder":484,"minecraft:lantern":129,"minecraft:gray_concrete_powder":9782,"minecraft:purple_carpet":1,"minecraft:stonecutter":254,"minecraft:dark_oak_sign":2,"minecraft:diamond_helmet":7,"minecraft:rabbit":2,"minecraft:chiseled_polished_blackstone":95,"minecraft:stripped_spruce_log":246,"minecraft:brown_mushroom_block":1837,"minecraft:acacia_stairs":586,"minecraft:polished_andesite":666,"minecraft:lever":68,"minecraft:granite":8924,"minecraft:spruce_button":46,"minecraft:jack_o_lantern":1,"minecraft:light_gray_carpet":46,"minecraft:crimson_roots":1583,"minecraft:diamond_pickaxe":13,"minecraft:bee_nest":5,"minecraft:clay_ball":500,"minecraft:leather_leggings":10,"minecraft:redstone_lamp":29,"minecraft:dragon_head":3,"minecraft:acacia_button":3,"minecraft:purpur_block":64,"minecraft:heavy_weighted_pressure_plate":3,"minecraft:cornflower":128,"minecraft:elytra":24,"minecraft:acacia_door":16,"minecraft:flint_and_steel":2,"minecraft:white_carpet":1051,"minecraft:white_stained_glass":109,"minecraft:iron_shovel":4,"minecraft:polished_blackstone_wall":196,"minecraft:glass_pane":339,"minecraft:brown_stained_glass_pane":5,"minecraft:netherite_sword":10,"minecraft:stripped_warped_stem":117,"minecraft:poppy":5786,"minecraft:spruce_slab":1568,"minecraft:minecart":136,"minecraft:birch_sapling":350,"minecraft:piston":45,"minecraft:lime_shulker_box":2,"minecraft:black_stained_glass":934,"minecraft:stone":161266,"minecraft:fire_charge":25,"minecraft:netherite_pickaxe":17,"minecraft:cyan_shulker_box":30,"minecraft:diamond_chestplate":5,"minecraft:purpur_slab":13,"minecraft:hay_block":10,"minecraft:yellow_terracotta":393,"minecraft:totem_of_undying":11,"minecraft:polished_blackstone":147,"minecraft:mutton":20,"minecraft:rail":1465,"minecraft:bone_block":842,"minecraft:oxeye_daisy":160,"minecraft:birch_leaves":2,"minecraft:yellow_shulker_box":2,"minecraft:tripwire_hook":11,"minecraft:blackstone_slab":720,"minecraft:acacia_wood":128,"minecraft:purpur_stairs":8,"minecraft:lily_pad":102,"minecraft:diorite_stairs":182,"minecraft:paper":283,"minecraft:apple":19,"minecraft:warped_stem":183,"minecraft:yellow_stained_glass":1,"minecraft:oak_fence_gate":2,"minecraft:iron_ore":1451,"minecraft:magenta_stained_glass":5,"minecraft:tall_grass":2,"minecraft:dark_oak_stairs":32,"minecraft:polished_andesite_stairs":909,"minecraft:milk_bucket":4,"minecraft:sweet_berries":6582,"minecraft:red_wool":2,"minecraft:lime_concrete":2,"minecraft:crying_obsidian":42,"minecraft:leather_helmet":112,"minecraft:diamond_shovel":7,"minecraft:coal_ore":7098,"minecraft:slime_ball":651,"minecraft:painting":546,"minecraft:birch_sign":35,"minecraft:polished_blackstone_brick_wall":130,"minecraft:baked_potato":45,"minecraft:smooth_quartz_slab":295,"minecraft:hopper":302,"minecraft:prismarine_stairs":9,"minecraft:black_carpet":7,"minecraft:light_blue_concrete":1,"minecraft:ender_chest":259,"minecraft:nether_brick_fence":91,"minecraft:gilded_blackstone":1,"minecraft:stone_brick_stairs":2209,"minecraft:warped_stairs":38,"minecraft:red_sand":57,"minecraft:bucket":15,"minecraft:smooth_stone":1456,"minecraft:comparator":106,"minecraft:white_tulip":8,"minecraft:rose_bush":211,"minecraft:cobblestone_slab":515,"minecraft:iron_pickaxe":1,"minecraft:smooth_quartz":44,"minecraft:smooth_quartz_stairs":420,"minecraft:blue_wool":5,"minecraft:acacia_fence":181,"minecraft:birch_trapdoor":53,"minecraft:spruce_stairs":672,"minecraft:netherite_shovel":9,"minecraft:diorite":10891,"minecraft:vine":183,"minecraft:andesite_wall":269,"minecraft:rotten_flesh":1816,"minecraft:music_disc_ward":1,"minecraft:chorus_flower":14,"minecraft:obsidian":504,"minecraft:cobblestone":22963,"minecraft:leather_chestplate":11,"minecraft:lilac":14,"minecraft:repeater":150,"minecraft:andesite":12332,"minecraft:orange_carpet":3,"minecraft:golden_leggings":12,"minecraft:beacon":84,"minecraft:potato":2283,"minecraft:smooth_sandstone_stairs":8,"minecraft:prismarine_bricks":178,"minecraft:dirt":55582,"minecraft:stripped_birch_log":179,"minecraft:glass":921,"minecraft:bone":6030,"minecraft:acacia_planks":500,"minecraft:granite_wall":180,"minecraft:bow":591,"minecraft:wheat_seeds":5531,"minecraft:orange_tulip":44,"minecraft:crimson_fence_gate":4,"minecraft:grindstone":38,"minecraft:netherite_axe":6,"minecraft:purple_stained_glass_pane":1,"minecraft:mossy_stone_bricks":68,"minecraft:fletching_table":2,"minecraft:bamboo":142,"minecraft:cyan_concrete":409,"minecraft:prismarine":189,"minecraft:diorite_wall":114,"minecraft:brown_stained_glass":9,"minecraft:black_stained_glass_pane":297,"minecraft:light_blue_shulker_box":68,"minecraft:melon":12,"minecraft:nether_brick_stairs":120,"minecraft:grass_block":63010,"minecraft:warped_fence_gate":17,"minecraft:diamond_block":340,"minecraft:spectral_arrow":23,"minecraft:mossy_cobblestone":90,"minecraft:jungle_leaves":50,"minecraft:light_gray_terracotta":10,"minecraft:sugar":2,"minecraft:slime_block":361,"minecraft:netherite_helmet":10,"minecraft:soul_lantern":102,"minecraft:cracked_polished_blackstone_bricks":15,"minecraft:crossbow":9,"minecraft:bone_meal":6262,"minecraft:grass":2112,"minecraft:spruce_sign":35,"minecraft:emerald":101,"minecraft:netherrack":66748,"minecraft:chorus_fruit":866,"minecraft:andesite_slab":124,"minecraft:oak_leaves":332,"minecraft:azure_bluet":123,"minecraft:splash_potion":4,"minecraft:ladder":104,"minecraft:brown_mushroom":271,"minecraft:packed_ice":3508,"minecraft:pink_wool":1,"minecraft:stone_brick_wall":890,"minecraft:diorite_slab":255,"minecraft:chain":358,"minecraft:shield":2,"minecraft:orange_stained_glass":212,"minecraft:oak_trapdoor":148,"minecraft:mycelium":27178,"minecraft:birch_fence":71,"minecraft:blackstone":9256,"minecraft:blue_orchid":81,"minecraft:end_stone":61,"minecraft:note_block":23,"minecraft:polished_blackstone_bricks":420,"minecraft:brown_concrete_powder":2,"minecraft:cookie":15,"minecraft:trident":30,"minecraft:light_blue_bed":1,"minecraft:light_gray_stained_glass_pane":88,"minecraft:brown_dye":2,"minecraft:stone_pressure_plate":9,"minecraft:blue_concrete_powder":35,"minecraft:tube_coral":2,"minecraft:weeping_vines":28,"minecraft:red_shulker_box":97,"minecraft:pumpkin_pie":2,"minecraft:nether_bricks":6118,"minecraft:pink_tulip":22,"minecraft:black_banner":23,"minecraft:brick_stairs":87,"minecraft:nether_brick_wall":154,"minecraft:netherite_boots":9,"minecraft:jungle_boat":4,"minecraft:prismarine_slab":253,"minecraft:basalt":837,"minecraft:dark_oak_button":2,"minecraft:golden_carrot":547,"minecraft:leather":376,"minecraft:ice":104,"minecraft:granite_stairs":16,"minecraft:crimson_fungus":198,"minecraft:chainmail_chestplate":2,"minecraft:cobblestone_wall":104,"minecraft:gunpowder":331,"minecraft:orange_terracotta":376,"minecraft:cooked_mutton":1,"minecraft:red_carpet":15,"minecraft:gray_carpet":371,"minecraft:acacia_trapdoor":83,"minecraft:rabbit_hide":3,"minecraft:spruce_wood":2,"minecraft:iron_ingot":4143,"minecraft:cooked_chicken":2,"minecraft:prismarine_brick_slab":130,"minecraft:polished_andesite_slab":1005,"minecraft:warped_fungus":335,"minecraft:nether_quartz_ore":4445,"minecraft:emerald_block":1,"minecraft:stone_brick_slab":1047,"minecraft:quartz":4274,"minecraft:dandelion":579,"minecraft:soul_torch":35,"minecraft:green_stained_glass":70,"minecraft:red_banner":1,"minecraft:nether_brick_slab":64,"minecraft:spruce_door":57,"minecraft:polished_diorite_stairs":518,"minecraft:pumpkin_seeds":333,"minecraft:white_concrete_powder":11371,"minecraft:chainmail_leggings":3,"minecraft:mossy_cobblestone_stairs":4,"minecraft:terracotta":264,"minecraft:netherite_hoe":3,"minecraft:seagrass":178,"minecraft:iron_chestplate":21,"minecraft:chainmail_boots":1,"minecraft:flower_pot":7,"minecraft:anvil":26,"minecraft:prismarine_shard":79,"minecraft:diamond_sword":6,"minecraft:golden_shovel":22,"minecraft:oak_stairs":484,"minecraft:brown_bed":2,"minecraft:acacia_pressure_plate":3,"minecraft:wither_rose":37,"minecraft:birch_button":2,"minecraft:brewing_stand":6,"minecraft:golden_sword":135,"minecraft:dark_oak_trapdoor":189,"minecraft:soul_soil":1761,"minecraft:beetroot":651,"minecraft:blue_stained_glass_pane":4,"minecraft:orange_concrete_powder":2902,"minecraft:gold_nugget":559,"minecraft:spruce_planks":893,"minecraft:acacia_sign":18,"minecraft:acacia_fence_gate":11,"minecraft:written_book":19,"minecraft:coal_block":756,"minecraft:melon_slice":104,"minecraft:dark_oak_door":12,"minecraft:golden_helmet":22,"minecraft:beehive":7,"minecraft:crimson_pressure_plate":1,"minecraft:composter":42,"minecraft:warped_planks":26,"minecraft:tropical_fish":2,"minecraft:iron_block":6271,"minecraft:cyan_terracotta":1216,"minecraft:netherite_chestplate":11,"minecraft:blackstone_stairs":230,"minecraft:birch_log":423,"minecraft:magma_block":3439,"minecraft:mossy_cobblestone_slab":3,"minecraft:polished_diorite_slab":618,"minecraft:iron_door":36,"minecraft:birch_slab":371,"minecraft:acacia_leaves":87,"minecraft:smoker":36,"minecraft:map":6,"minecraft:netherite_leggings":9,"minecraft:gray_concrete":5476,"minecraft:light_gray_concrete_powder":2213,"minecraft:twisting_vines":137,"minecraft:chipped_anvil":13,"minecraft:glowstone_dust":134,"minecraft:warped_wart_block":648,"minecraft:dropper":24,"minecraft:ink_sac":192,"minecraft:granite_slab":22,"minecraft:dark_oak_log":1318,"minecraft:red_terracotta":2252,"minecraft:barrel":64,"minecraft:quartz_bricks":2,"minecraft:stripped_acacia_log":20,"minecraft:dispenser":19,"minecraft:black_concrete_powder":1449,"minecraft:green_concrete":41,"minecraft:writable_book":14,"minecraft:polished_granite_slab":31,"minecraft:blue_ice":1,"minecraft:chainmail_helmet":2,"minecraft:dark_oak_fence":92,"minecraft:bricks":309,"minecraft:spruce_leaves":185,"minecraft:crafting_table":139,"minecraft:coarse_dirt":6176,"minecraft:bubble_coral_fan":2,"minecraft:nether_wart":342,"minecraft:orange_stained_glass_pane":30,"minecraft:conduit":2,"minecraft:red_bed":16,"minecraft:snow":26,"minecraft:compass":5,"minecraft:cracked_stone_bricks":39,"minecraft:cartography_table":2,"minecraft:beef":264,"minecraft:cyan_wool":86,"minecraft:iron_nugget":42,"minecraft:quartz_stairs":94,"minecraft:chest":463,"minecraft:egg":93,"minecraft:sandstone":3856,"minecraft:oak_door":18,"minecraft:spruce_fence":447,"minecraft:carrot":7,"minecraft:redstone":7350,"minecraft:mushroom_stem":504,"minecraft:prismarine_crystals":84,"minecraft:tnt":28,"minecraft:polished_granite_stairs":20,"minecraft:cooked_cod":1,"minecraft:beetroot_seeds":2272,"minecraft:peony":23,"minecraft:tube_coral_fan":7,"minecraft:shears":3,"minecraft:diamond_boots":33,"minecraft:sandstone_stairs":5,"minecraft:tube_coral_block":19,"minecraft:gold_ingot":15,"minecraft:white_shulker_box":17,"minecraft:white_wool":73,"minecraft:lapis_ore":317,"minecraft:stripped_oak_log":31,"minecraft:red_mushroom_block":2479,"minecraft:red_mushroom":121,"minecraft:filled_map":100,"minecraft:oak_log":1088,"minecraft:ancient_debris":91,"minecraft:golden_boots":14,"minecraft:white_banner":22,"minecraft:stone_bricks":2269,"minecraft:kelp":877,"minecraft:cobweb":57,"minecraft:iron_sword":30,"minecraft:prismarine_brick_stairs":120,"minecraft:white_stained_glass_pane":293,"minecraft:dark_oak_slab":84,"minecraft:daylight_detector":3,"minecraft:yellow_concrete":8,"minecraft:gravel":19558,"minecraft:dead_fire_coral_block":1,"minecraft:birch_stairs":185,"minecraft:spruce_sapling":868,"minecraft:spruce_log":12989,"minecraft:sea_lantern":338,"minecraft:firework_rocket":1088,"minecraft:red_stained_glass":114,"minecraft:polished_diorite":1936,"minecraft:stone_axe":2,"minecraft:redstone_ore":5874,"minecraft:diamond_axe":10,"minecraft:gray_wool":11,"minecraft:warped_roots":1644,"minecraft:brown_banner":28,"minecraft:melon_seeds":74,"minecraft:warped_nylium":1420,"minecraft:stripped_dark_oak_log":62,"minecraft:crimson_nylium":1393,"minecraft:ender_pearl":38686,"minecraft:shulker_shell":257,"minecraft:wheat":1195,"minecraft:redstone_block":76,"minecraft:iron_trapdoor":293,"minecraft:turtle_egg":12,"minecraft:potion":44,"minecraft:brain_coral_block":52,"minecraft:crimson_planks":1,"minecraft:smooth_stone_slab":3062,"minecraft:iron_leggings":17,"minecraft:armor_stand":68,"minecraft:sticky_piston":105,"minecraft:netherite_ingot":1,"minecraft:pink_shulker_box":2,"minecraft:oak_sign":29,"minecraft:sea_pickle":101,"minecraft:activator_rail":1,"minecraft:black_shulker_box":147,"minecraft:redstone_torch":145,"minecraft:iron_boots":51,"minecraft:furnace":43,"minecraft:stick":1094,"minecraft:orange_shulker_box":6,"minecraft:oak_fence":168,"minecraft:torch":8617,"minecraft:porkchop":46,"minecraft:target":6,"minecraft:yellow_concrete_powder":49,"minecraft:light_gray_banner":3,"minecraft:blue_stained_glass":69,"minecraft:quartz_block":4,"minecraft:nether_gold_ore":196,"minecraft:cactus":63,"minecraft:fire_coral_fan":9,"minecraft:cod":110,"minecraft:magma_cream":56,"minecraft:chiseled_quartz_block":2,"minecraft:warped_trapdoor":57,"minecraft:wither_skeleton_skull":67,"minecraft:horn_coral":1,"minecraft:acacia_boat":10,"minecraft:green_shulker_box":7,"minecraft:lapis_lazuli":2018,"minecraft:polished_granite":371,"minecraft:leather_boots":20,"minecraft:bell":13,"minecraft:powered_rail":26,"minecraft:oak_planks":661,"minecraft:mossy_stone_brick_stairs":23,"minecraft:brain_coral":1,"minecraft:ghast_tear":30,"minecraft:black_terracotta":2,"minecraft:cooked_porkchop":345,"minecraft:music_disc_13":1,"minecraft:poisonous_potato":21,"minecraft:polished_blackstone_slab":831,"minecraft:jungle_planks":73,"minecraft:sand":29074,"minecraft:dead_bush":49,"minecraft:cyan_bed":10,"minecraft:shulker_box":1062,"minecraft:orange_wool":6,"minecraft:dark_prismarine":9,"minecraft:light_gray_concrete":636,"minecraft:spruce_fence_gate":4,"minecraft:clay":642,"minecraft:diamond":773,"minecraft:black_concrete":1541,"minecraft:white_concrete":8242,"minecraft:oak_sapling":330,"minecraft:bubble_coral_block":13,"minecraft:nether_star":45,"minecraft:end_stone_bricks":32,"minecraft:fishing_rod":6,"minecraft:charcoal":24,"minecraft:chicken":38,"minecraft:gold_block":19,"minecraft:diamond_horse_armor":1,"minecraft:stone_stairs":1543,"minecraft:iron_axe":2,"minecraft:orange_concrete":819,"minecraft:wooden_sword":3,"minecraft:item_frame":148,"minecraft:quartz_slab":1,"minecraft:warped_fence":18,"minecraft:cyan_carpet":60,"minecraft:detector_rail":17,"minecraft:dark_prismarine_stairs":1,"minecraft:andesite_stairs":204,"minecraft:oak_boat":12,"minecraft:player_head":246,"minecraft:observer":71,"minecraft:light_gray_wool":50,"minecraft:lectern":321,"minecraft:blue_shulker_box":44,"minecraft:sugar_cane":1398,"minecraft:spruce_trapdoor":623,"minecraft:phantom_membrane":57,"minecraft:dark_oak_sapling":63,"minecraft:orange_dye":33,"minecraft:red_stained_glass_pane":23,"minecraft:quartz_pillar":44,"minecraft:stone_button":374,"minecraft:magenta_shulker_box":11,"minecraft:iron_horse_armor":1,"minecraft:dark_oak_planks":40,"minecraft:smooth_sandstone_slab":114,"minecraft:arrow":4761,"minecraft:saddle":1,"minecraft:wet_sponge":65,"minecraft:crimson_stem":69,"minecraft:salmon":9,"minecraft:cut_sandstone":5,"minecraft:birch_planks":37,"minecraft:yellow_glazed_terracotta":12,"minecraft:nether_wart_block":635,"minecraft:cobblestone_stairs":42,"minecraft:podzol":2251,"minecraft:smooth_sandstone":134,"minecraft:fire_coral_block":11,"minecraft:heart_of_the_sea":60,"minecraft:acacia_sapling":486,"minecraft:soul_sand":1415,"minecraft:purple_concrete":1,"minecraft:green_dye":228,"minecraft:book":219,"minecraft:scaffolding":1627,"minecraft:oak_slab":69,"minecraft:pumpkin":14,"minecraft:chiseled_stone_bricks":1,"minecraft:brain_coral_fan":5,"minecraft:blast_furnace":24,"minecraft:white_bed":8,"minecraft:gold_ore":575,"minecraft:dark_oak_fence_gate":8,"minecraft:green_carpet":62,"minecraft:mossy_stone_brick_slab":18,"minecraft:spider_eye":60,"minecraft:cyan_banner":2,"minecraft:campfire":257,"minecraft:honey_block":130,"minecraft:iron_helmet":28,"minecraft:acacia_slab":380,"minecraft:black_wool":2,"minecraft:red_concrete":246,"minecraft:coal":5769},"minecraft:broken":{"minecraft:shears":5,"minecraft:diamond_pickaxe":1,"minecraft:fishing_rod":3,"minecraft:iron_hoe":1,"minecraft:iron_pickaxe":2,"minecraft:iron_shovel":5,"minecraft:stone_pickaxe":2,"minecraft:stone_shovel":2,"minecraft:netherite_shovel":1,"minecraft:iron_axe":3,"minecraft:golden_helmet":2,"minecraft:golden_shovel":20},"minecraft:killed_by":{"minecraft:ravager":2,"minecraft:zombie":1,"minecraft:elder_guardian":1,"minecraft:vindicator":2,"minecraft:vex":1,"minecraft:creeper":4,"minecraft:player":36},"minecraft:mined":{"minecraft:dragon_wall_head":3,"minecraft:red_shulker_box":97,"minecraft:blackstone_stairs":181,"minecraft:white_bed":8,"minecraft:fire_coral_wall_fan":7,"minecraft:cyan_shulker_box":28,"minecraft:granite":10343,"minecraft:acacia_log":2844,"minecraft:blue_wool":5,"minecraft:green_concrete":76,"minecraft:oak_wall_sign":10,"minecraft:nether_wart":98,"minecraft:red_stained_glass_pane":23,"minecraft:spawner":19,"minecraft:chorus_flower":3,"minecraft:polished_blackstone_bricks":430,"minecraft:magma_block":3564,"minecraft:dark_oak_trapdoor":256,"minecraft:mossy_cobblestone_stairs":4,"minecraft:fire":346,"minecraft:barrel":66,"minecraft:fletching_table":2,"minecraft:nether_brick_stairs":120,"minecraft:granite_slab":22,"minecraft:twisting_vines":9,"minecraft:spruce_pressure_plate":76,"minecraft:light_gray_concrete":2379,"minecraft:green_carpet":60,"minecraft:pink_tulip":22,"minecraft:white_shulker_box":16,"minecraft:spruce_wood":2,"minecraft:player_head":12,"minecraft:tripwire":43,"minecraft:orange_bed":23,"minecraft:cut_sandstone":5,"minecraft:blue_concrete_powder":35,"minecraft:kelp_plant":135,"minecraft:crimson_nylium":1402,"minecraft:smoker":36,"minecraft:torch":4172,"minecraft:note_block":22,"minecraft:melon":20,"minecraft:white_stained_glass_pane":89,"minecraft:dead_bush":56,"minecraft:nether_brick_slab":59,"minecraft:spruce_wall_sign":16,"minecraft:smooth_quartz_slab":280,"minecraft:tube_coral_fan":1,"minecraft:lime_shulker_box":1,"minecraft:sugar_cane":595,"minecraft:bricks":309,"minecraft:birch_sapling":1,"minecraft:white_terracotta":3,"minecraft:chain":267,"minecraft:repeater":101,"minecraft:yellow_glazed_terracotta":6,"minecraft:wither_rose":33,"minecraft:grass":12305,"minecraft:birch_button":2,"minecraft:smooth_quartz":45,"minecraft:dark_prismarine":9,"minecraft:mossy_cobblestone":111,"minecraft:nether_brick_wall":129,"minecraft:dark_oak_log":1258,"minecraft:crimson_fence_gate":4,"minecraft:cyan_stained_glass":763,"minecraft:sea_lantern":184,"minecraft:end_stone":66,"minecraft:dark_oak_fence":92,"minecraft:spruce_fence":287,"minecraft:redstone_wire":346,"minecraft:red_mushroom":86,"minecraft:cartography_table":2,"minecraft:white_concrete_powder":80,"minecraft:horn_coral":1,"minecraft:redstone_ore":6416,"minecraft:acacia_trapdoor":86,"minecraft:andesite":13554,"minecraft:green_terracotta":174,"minecraft:mossy_stone_brick_stairs":24,"minecraft:cyan_concrete":969,"minecraft:cobblestone_slab":419,"minecraft:vine":492,"minecraft:rail":1164,"minecraft:brain_coral_wall_fan":5,"minecraft:bone_block":403,"minecraft:fire_coral_block":11,"minecraft:ender_chest":246,"minecraft:birch_stairs":186,"minecraft:oak_slab":64,"minecraft:redstone_block":40,"minecraft:glass_pane":285,"minecraft:soul_sand":1361,"minecraft:dandelion":544,"minecraft:polished_blackstone_brick_wall":110,"minecraft:cornflower":134,"minecraft:prismarine_slab":239,"minecraft:warped_roots":469,"minecraft:campfire":263,"minecraft:tall_grass":2329,"minecraft:purpur_pillar":7,"minecraft:diorite":12110,"minecraft:orange_carpet":3,"minecraft:warped_wart_block":716,"minecraft:black_stained_glass":876,"minecraft:red_terracotta":2207,"minecraft:coarse_dirt":9089,"minecraft:cobblestone_wall":99,"minecraft:dark_oak_button":2,"minecraft:gravel":23935,"minecraft:cobweb":304,"minecraft:birch_sign":3,"minecraft:polished_blackstone":83,"minecraft:stone_bricks":2113,"minecraft:gold_ore":521,"minecraft:chipped_anvil":13,"minecraft:iron_trapdoor":288,"minecraft:stone_pressure_plate":11,"minecraft:oak_sapling":9,"minecraft:farmland":289,"minecraft:mossy_stone_brick_slab":1,"minecraft:warped_fence_gate":17,"minecraft:andesite_stairs":102,"minecraft:orange_stained_glass":219,"minecraft:orange_wool":6,"minecraft:brewing_stand":5,"minecraft:spruce_trapdoor":574,"minecraft:cracked_polished_blackstone_bricks":15,"minecraft:white_concrete":19224,"minecraft:bubble_coral_fan":1,"minecraft:polished_blackstone_brick_slab":38,"minecraft:polished_diorite":1930,"minecraft:composter":42,"minecraft:gilded_blackstone":1,"minecraft:mossy_cobblestone_slab":3,"minecraft:turtle_egg":6,"minecraft:green_stained_glass":10,"minecraft:red_tulip":1,"minecraft:iron_bars":251,"minecraft:granite_stairs":16,"minecraft:spruce_slab":1547,"minecraft:quartz_block":5,"minecraft:polished_blackstone_wall":193,"minecraft:orange_terracotta":265,"minecraft:purpur_stairs":8,"minecraft:light_gray_terracotta":10,"minecraft:jungle_stairs":1,"minecraft:beacon":83,"minecraft:nether_quartz_ore":6541,"minecraft:oak_planks":601,"minecraft:wall_torch":1406,"minecraft:cauldron":19,"minecraft:stone_stairs":1314,"minecraft:fire_coral_fan":2,"minecraft:warped_nylium":1411,"minecraft:powered_rail":20,"minecraft:dark_oak_slab":80,"minecraft:warped_planks":25,"minecraft:blue_ice":2,"minecraft:tnt":14,"minecraft:smooth_stone_slab":2454,"minecraft:oak_log":1127,"minecraft:beetroots":320,"minecraft:dirt":65993,"minecraft:prismarine_stairs":9,"minecraft:dispenser":17,"minecraft:ancient_debris":89,"minecraft:daylight_detector":3,"minecraft:crying_obsidian":33,"minecraft:quartz_stairs":94,"minecraft:dark_oak_leaves":43,"minecraft:red_stained_glass":117,"minecraft:lever":38,"minecraft:ladder":76,"minecraft:stone_button":134,"minecraft:tube_coral_wall_fan":7,"minecraft:cyan_banner":2,"minecraft:brown_mushroom_block":1972,"minecraft:birch_slab":371,"minecraft:spruce_leaves":793,"minecraft:acacia_slab":307,"minecraft:crimson_stem":69,"minecraft:hay_block":10,"minecraft:nether_sprouts":304,"minecraft:polished_basalt":663,"minecraft:orange_stained_glass_pane":30,"minecraft:detector_rail":7,"minecraft:peony":9,"minecraft:nether_brick_fence":140,"minecraft:bookshelf":135,"minecraft:shroomlight":155,"minecraft:stripped_oak_log":31,"minecraft:wet_sponge":61,"minecraft:scaffolding":454,"minecraft:acacia_leaves":414,"minecraft:magenta_stained_glass":7,"minecraft:stripped_dark_oak_log":63,"minecraft:basalt":14504,"minecraft:warped_fence":18,"minecraft:polished_granite":372,"minecraft:oak_fence":168,"minecraft:honey_block":6,"minecraft:gray_stained_glass":2,"minecraft:stone_slab":223,"minecraft:quartz_bricks":1,"minecraft:red_concrete":208,"minecraft:crimson_pressure_plate":1,"minecraft:polished_blackstone_brick_stairs":299,"minecraft:prismarine_bricks":179,"minecraft:birch_planks":37,"minecraft:dead_fire_coral_block":1,"minecraft:sea_pickle":13,"minecraft:polished_blackstone_slab":623,"minecraft:black_wall_banner":13,"minecraft:ice":543,"minecraft:white_wall_banner":21,"minecraft:bee_nest":5,"minecraft:grass_path":2377,"minecraft:black_wool":2,"minecraft:cyan_carpet":39,"minecraft:flower_pot":5,"minecraft:yellow_concrete":8,"minecraft:cracked_stone_bricks":38,"minecraft:stripped_acacia_wood":1,"minecraft:mossy_stone_bricks":68,"minecraft:dark_oak_planks":40,"minecraft:polished_granite_slab":31,"minecraft:dark_prismarine_stairs":1,"minecraft:stripped_warped_stem":118,"minecraft:black_terracotta":2,"minecraft:jungle_leaves":61,"minecraft:warped_stairs":38,"minecraft:obsidian":639,"minecraft:carved_pumpkin":82,"minecraft:chiseled_polished_blackstone":40,"minecraft:red_sand":63,"minecraft:stone_brick_wall":910,"minecraft:jungle_log":1,"minecraft:horn_coral_fan":1,"minecraft:coal_block":195,"minecraft:hopper":275,"minecraft:purpur_slab":13,"minecraft:diorite_stairs":177,"minecraft:bubble_coral_block":13,"minecraft:oxeye_daisy":136,"minecraft:tube_coral_block":20,"minecraft:crimson_fungus":35,"minecraft:acacia_pressure_plate":1,"minecraft:chiseled_stone_bricks":1,"minecraft:weeping_vines_plant":10,"minecraft:orange_concrete":3703,"minecraft:tall_seagrass":30,"minecraft:brown_stained_glass":9,"minecraft:sticky_piston":87,"minecraft:pumpkin":14,"minecraft:oak_sign":8,"minecraft:oak_stairs":486,"minecraft:quartz_slab":1,"minecraft:smooth_sandstone_stairs":8,"minecraft:blue_orchid":71,"minecraft:iron_block":5980,"minecraft:piston_head":3,"minecraft:conduit":2,"minecraft:soul_wall_torch":2,"minecraft:brown_mushroom":116,"minecraft:red_bed":16,"minecraft:player_wall_head":32,"minecraft:soul_fire":14,"minecraft:blue_stained_glass":70,"minecraft:blast_furnace":24,"minecraft:polished_andesite_stairs":809,"minecraft:polished_diorite_slab":591,"minecraft:glass":783,"minecraft:cyan_bed":10,"minecraft:smooth_sandstone_slab":114,"minecraft:spruce_sign":9,"minecraft:polished_diorite_stairs":512,"minecraft:cyan_wool":21,"minecraft:black_concrete_powder":333,"minecraft:wheat":1201,"minecraft:lilac":3,"minecraft:warped_fungus":121,"minecraft:stone_brick_stairs":2129,"minecraft:prismarine_brick_stairs":120,"minecraft:oak_fence_gate":2,"minecraft:blue_shulker_box":44,"minecraft:red_mushroom_block":2524,"minecraft:stonecutter":197,"minecraft:yellow_stained_glass":1,"minecraft:piston":41,"minecraft:yellow_terracotta":218,"minecraft:pink_shulker_box":2,"minecraft:light_gray_stained_glass_pane":3,"minecraft:blue_stained_glass_pane":14,"minecraft:stripped_birch_log":179,"minecraft:warped_door":5,"minecraft:shulker_box":1048,"minecraft:nether_bricks":6396,"minecraft:jungle_planks":7,"minecraft:crimson_roots":304,"minecraft:orange_shulker_box":5,"minecraft:yellow_concrete_powder":49,"minecraft:horn_coral_wall_fan":4,"minecraft:kelp":234,"minecraft:pink_wool":1,"minecraft:black_stained_glass_pane":157,"minecraft:snow":603,"minecraft:acacia_wood":117,"minecraft:diamond_block":260,"minecraft:potatoes":359,"minecraft:warped_stem":138,"minecraft:smooth_quartz_stairs":383,"minecraft:bamboo":8,"minecraft:warped_trapdoor":57,"minecraft:white_wool":60,"minecraft:brain_coral":1,"minecraft:smithing_table":18,"minecraft:light_gray_carpet":21,"minecraft:gray_concrete":15463,"minecraft:comparator":78,"minecraft:brown_stained_glass_pane":5,"minecraft:brown_carpet":3,"minecraft:stone_brick_slab":601,"minecraft:observer":71,"minecraft:smooth_sandstone":70,"minecraft:light_gray_concrete_powder":163,"minecraft:spruce_button":20,"minecraft:sponge":1,"minecraft:dropper":12,"minecraft:prismarine_brick_slab":127,"minecraft:white_carpet":417,"minecraft:spruce_log":12059,"minecraft:birch_leaves":97,"minecraft:quartz_pillar":44,"minecraft:mycelium":28034,"minecraft:dark_oak_sign":1,"minecraft:acacia_planks":410,"minecraft:spruce_fence_gate":4,"minecraft:black_shulker_box":144,"minecraft:light_gray_banner":2,"minecraft:spruce_planks":764,"minecraft:attached_melon_stem":2,"minecraft:cobblestone_stairs":42,"minecraft:grass_block":77838,"minecraft:blue_concrete":83,"minecraft:purple_stained_glass_pane":1,"minecraft:soul_soil":1724,"minecraft:sandstone_stairs":5,"minecraft:smooth_stone":1070,"minecraft:glowstone":1070,"minecraft:iron_ore":1530,"minecraft:target":6,"minecraft:potted_red_mushroom":1,"minecraft:anvil":26,"minecraft:black_carpet":5,"minecraft:azure_bluet":126,"minecraft:dark_oak_stairs":32,"minecraft:purple_carpet":1,"minecraft:birch_wall_sign":21,"minecraft:end_stone_bricks":31,"minecraft:brain_coral_block":52,"minecraft:polished_granite_stairs":12,"minecraft:cyan_terracotta":1222,"minecraft:blackstone":9215,"minecraft:twisting_vines_plant":11,"minecraft:melon_stem":35,"minecraft:soul_lantern":37,"minecraft:clay":853,"minecraft:chiseled_quartz_block":2,"minecraft:poppy":628,"minecraft:chest":400,"minecraft:mushroom_stem":514,"minecraft:cobblestone":1819,"minecraft:slime_block":142,"minecraft:grindstone":37,"minecraft:prismarine":164,"minecraft:iron_door":13,"minecraft:magenta_shulker_box":11,"minecraft:seagrass":152,"minecraft:acacia_sapling":27,"minecraft:brown_concrete_powder":1,"minecraft:dark_oak_door":10,"minecraft:nether_wart_block":677,"minecraft:birch_log":375,"minecraft:birch_trapdoor":53,"minecraft:activator_rail":1,"minecraft:brown_wall_banner":18,"minecraft:light_gray_wool":40,"minecraft:orange_tulip":44,"minecraft:purpur_block":63,"minecraft:acacia_fence":185,"minecraft:diorite_wall":113,"minecraft:sand":29851,"minecraft:netherrack":92828,"minecraft:oak_leaves":652,"minecraft:horn_coral_block":30,"minecraft:emerald_block":1,"minecraft:redstone_lamp":29,"minecraft:granite_wall":180,"minecraft:nether_gold_ore":251,"minecraft:diamond_ore":903,"minecraft:tube_coral":2,"minecraft:red_carpet":13,"minecraft:blackstone_wall":129,"minecraft:oak_door":11,"minecraft:gray_shulker_box":24,"minecraft:dark_oak_pressure_plate":2,"minecraft:black_banner":1,"minecraft:brick_stairs":87,"minecraft:weeping_vines":12,"minecraft:white_stained_glass":108,"minecraft:polished_andesite_slab":849,"minecraft:sandstone":2033,"minecraft:large_fern":1,"minecraft:diorite_slab":238,"minecraft:oak_trapdoor":74,"minecraft:spruce_sapling":66,"minecraft:furnace":45,"minecraft:acacia_stairs":489,"minecraft:stripped_spruce_log":246,"minecraft:dark_oak_fence_gate":8,"minecraft:black_concrete":2597,"minecraft:bell":6,"minecraft:lantern":59,"minecraft:stripped_acacia_log":20,"minecraft:packed_ice":3570,"minecraft:chorus_plant":15,"minecraft:white_tulip":8,"minecraft:stone":249754,"minecraft:yellow_shulker_box":2,"minecraft:redstone_wall_torch":46,"minecraft:podzol":2371,"minecraft:light_blue_shulker_box":68,"minecraft:red_wool":2,"minecraft:brick_wall":136,"minecraft:soul_torch":12,"minecraft:spruce_door":1,"minecraft:crafting_table":141,"minecraft:cyan_stained_glass_pane":11,"minecraft:blackstone_slab":570,"minecraft:light_gray_wall_banner":1,"minecraft:rose_bush":74,"minecraft:andesite_slab":59,"minecraft:lectern":321,"minecraft:andesite_wall":264,"minecraft:lapis_ore":566,"minecraft:lily_pad":95,"minecraft:spruce_stairs":621,"minecraft:gray_wool":6,"minecraft:cactus":15,"minecraft:gray_concrete_powder":86,"minecraft:green_shulker_box":7,"minecraft:acacia_fence_gate":11,"minecraft:beehive":9,"minecraft:polished_blackstone_stairs":209,"minecraft:redstone_torch":49,"minecraft:sweet_berry_bush":2817,"minecraft:coal_ore":9404,"minecraft:end_rod":123,"minecraft:bubble_coral_wall_fan":1,"minecraft:gray_carpet":124,"minecraft:terracotta":264,"minecraft:polished_andesite":599,"minecraft:acacia_wall_sign":10,"minecraft:birch_fence":71,"minecraft:warped_slab":130}},"DataVersion":2584}