{"stats":{"minecraft:picked_up":{"minecraft:yellow_shulker_box":1,"minecraft:stone":3,"minecraft:prismarine_shard":4,"minecraft:enchanted_book":4,"minecraft:purple_shulker_box":1,"minecraft:light_blue_shulker_box":1,"minecraft:ink_sac":1,"minecraft:gray_shulker_box":1,"minecraft:shulker_box":2,"minecraft:pufferfish":1,"minecraft:tropical_fish":8,"minecraft:black_concrete":31,"minecraft:iron_ingot":16,"minecraft:bone_meal":1,"minecraft:player_head":58,"minecraft:poppy":2,"minecraft:bamboo":1469,"minecraft:minecart":1,"minecraft:netherrack":1,"minecraft:blue_shulker_box":1,"minecraft:cod":14,"minecraft:hopper":1,"minecraft:rail":3},"minecraft:mined":{"minecraft:wall_torch":1},"minecraft:custom":{"minecraft:time_since_rest":26744418,"minecraft:inspect_dropper":5,"minecraft:sprint_one_cm":211,"minecraft:damage_taken":110,"minecraft:walk_one_cm":17050,"minecraft:interact_with_anvil":7,"minecraft:drop":14,"minecraft:inspect_hopper":15,"minecraft:damage_dealt":18,"minecraft:talked_to_villager":1,"minecraft:fly_one_cm":50238646,"minecraft:open_chest":60,"minecraft:play_one_minute":51902616,"minecraft:crouch_one_cm":2517,"minecraft:open_shulker_box":11,"minecraft:deaths":1,"minecraft:sneak_time":111302,"minecraft:walk_under_water_one_cm":451540,"minecraft:jump":42,"minecraft:interact_with_brewingstand":4,"minecraft:leave_game":1398,"minecraft:time_since_death":26744389,"minecraft:walk_on_water_one_cm":225357,"minecraft:fall_one_cm":659},"minecraft:used":{"minecraft:redstone_torch":2,"minecraft:sticky_piston":59,"minecraft:jungle_leaves":3,"minecraft:light_blue_shulker_box":1,"minecraft:black_wool":4,"minecraft:flint_and_steel":1,"minecraft:gray_shulker_box":1,"minecraft:command_block":1,"minecraft:slime_block":80,"minecraft:powered_rail":1,"minecraft:yellow_shulker_box":1,"minecraft:redstone":1,"minecraft:blackstone":6,"minecraft:chest":2,"minecraft:stone_slab":3,"minecraft:stone":50,"minecraft:purple_shulker_box":1,"minecraft:redstone_block":1,"minecraft:hopper_minecart":4,"minecraft:oak_leaves":29,"minecraft:gilded_blackstone":8,"minecraft:torch":7,"minecraft:birch_trapdoor":1,"minecraft:rail":6,"minecraft:repeater":1,"minecraft:anvil":5,"minecraft:comparator":1,"minecraft:vine":1,"minecraft:blue_shulker_box":1,"minecraft:jungle_planks":4,"minecraft:minecart":4,"minecraft:smooth_stone_slab":1,"minecraft:shulker_box":3,"minecraft:gray_concrete":1,"minecraft:observer":46,"minecraft:obsidian":1},"minecraft:dropped":{"minecraft:enchanted_book":4,"minecraft:iron_ingot":16,"minecraft:player_head":5,"minecraft:pink_shulker_box":1,"minecraft:powered_rail":64,"minecraft:name_tag":12,"minecraft:shulker_box":1,"minecraft:rail":64,"minecraft:netherrack":1}},"DataVersion":2584}