{"stats":{"minecraft:killed_by":{"minecraft:ravager":3,"minecraft:vex":1,"minecraft:creeper":4,"minecraft:player":4,"minecraft:hoglin":2},"minecraft:mined":{"minecraft:dark_oak_planks":10,"minecraft:red_nether_brick_slab":8,"minecraft:polished_granite_slab":4,"minecraft:stripped_warped_stem":1,"minecraft:red_shulker_box":36,"minecraft:cut_sandstone_slab":11,"minecraft:blackstone_stairs":16,"minecraft:white_bed":19,"minecraft:jungle_leaves":32,"minecraft:obsidian":155,"minecraft:warped_stairs":4,"minecraft:granite":6588,"minecraft:acacia_log":41,"minecraft:smooth_red_sandstone_stairs":5,"minecraft:oak_pressure_plate":1,"minecraft:coal_block":16,"minecraft:oxeye_daisy":23,"minecraft:blue_wool":80,"minecraft:green_concrete":1,"minecraft:hopper":96,"minecraft:crimson_fungus":13,"minecraft:oak_wall_sign":12,"minecraft:nether_wart":20,"minecraft:polished_blackstone_bricks":8,"minecraft:weeping_vines_plant":7,"minecraft:magma_block":42,"minecraft:dark_oak_trapdoor":18,"minecraft:sticky_piston":1,"minecraft:barrel":60,"minecraft:fire":81,"minecraft:pumpkin":1,"minecraft:smooth_red_sandstone":1,"minecraft:oak_sign":15,"minecraft:oak_stairs":19,"minecraft:light_gray_concrete":892,"minecraft:pink_tulip":14,"minecraft:green_carpet":1,"minecraft:smooth_sandstone_stairs":361,"minecraft:spruce_wood":9,"minecraft:white_shulker_box":73,"minecraft:blue_orchid":23,"minecraft:iron_block":857,"minecraft:tripwire":3,"minecraft:cut_sandstone":5,"minecraft:brown_mushroom":1,"minecraft:red_bed":163,"minecraft:kelp_plant":15,"minecraft:crimson_nylium":209,"minecraft:torch":551,"minecraft:green_concrete_powder":26,"minecraft:white_stained_glass_pane":78,"minecraft:dead_bush":5,"minecraft:nether_brick_slab":2,"minecraft:glass":1,"minecraft:smooth_quartz_slab":65,"minecraft:cyan_bed":1,"minecraft:potted_oak_sapling":1,"minecraft:sugar_cane":436,"minecraft:smooth_sandstone_slab":159,"minecraft:crimson_stairs":8,"minecraft:chain":3,"minecraft:cyan_wool":37,"minecraft:repeater":5,"minecraft:wheat":112,"minecraft:lilac":1,"minecraft:black_bed":176,"minecraft:warped_fungus":24,"minecraft:yellow_glazed_terracotta":1,"minecraft:stone_brick_stairs":2,"minecraft:grass":778,"minecraft:loom":23,"minecraft:smooth_quartz":40,"minecraft:sandstone_wall":42,"minecraft:stripped_birch_wood":2,"minecraft:red_mushroom_block":92,"minecraft:stonecutter":17,"minecraft:stripped_crimson_stem":1,"minecraft:piston":1,"minecraft:yellow_terracotta":2,"minecraft:mossy_cobblestone":3,"minecraft:stripped_birch_log":4,"minecraft:dark_oak_log":9,"minecraft:sea_lantern":20,"minecraft:shulker_box":1465,"minecraft:nether_bricks":2,"minecraft:birch_fence_gate":28,"minecraft:dark_oak_fence":5,"minecraft:spruce_fence":94,"minecraft:crimson_roots":35,"minecraft:redstone_wire":79,"minecraft:kelp":13,"minecraft:white_concrete_powder":4,"minecraft:redstone_ore":3823,"minecraft:andesite":6817,"minecraft:diamond_block":8,"minecraft:potatoes":1,"minecraft:cobblestone_slab":24,"minecraft:vine":365,"minecraft:rail":7,"minecraft:warped_stem":102,"minecraft:smooth_quartz_stairs":41,"minecraft:bamboo_sapling":1,"minecraft:bamboo":4,"minecraft:bone_block":720,"minecraft:white_wool":10,"minecraft:ender_chest":519,"minecraft:birch_stairs":37,"minecraft:oak_slab":273,"minecraft:light_gray_carpet":27,"minecraft:gray_concrete":519,"minecraft:chiseled_nether_bricks":2,"minecraft:comparator":2,"minecraft:soul_sand":992,"minecraft:stone_brick_slab":1,"minecraft:observer":11,"minecraft:polished_blackstone_brick_wall":3,"minecraft:dandelion":25,"minecraft:jungle_sign":3,"minecraft:smooth_sandstone":404,"minecraft:cornflower":11,"minecraft:light_gray_concrete_powder":68,"minecraft:spruce_button":7,"minecraft:dropper":6,"minecraft:warped_roots":16,"minecraft:campfire":18,"minecraft:tall_grass":13,"minecraft:smooth_red_sandstone_slab":4,"minecraft:diorite":7564,"minecraft:warped_wart_block":387,"minecraft:coarse_dirt":73,"minecraft:trapped_chest":4,"minecraft:cobblestone_wall":3,"minecraft:dark_oak_wall_sign":3,"minecraft:white_carpet":76,"minecraft:spruce_log":85,"minecraft:birch_leaves":686,"minecraft:red_wall_banner":1,"minecraft:dark_oak_sign":2,"minecraft:mycelium":165,"minecraft:gravel":4992,"minecraft:cobweb":93,"minecraft:polished_blackstone":126,"minecraft:spruce_fence_gate":6,"minecraft:acacia_planks":22,"minecraft:birch_sign":2,"minecraft:stone_bricks":278,"minecraft:gold_ore":673,"minecraft:fern":1,"minecraft:black_shulker_box":9,"minecraft:spruce_planks":63,"minecraft:mossy_stone_brick_slab":1,"minecraft:potted_cactus":1,"minecraft:spruce_trapdoor":204,"minecraft:grass_block":12746,"minecraft:cracked_polished_blackstone_bricks":1,"minecraft:blue_concrete":513,"minecraft:white_concrete":10105,"minecraft:soul_soil":377,"minecraft:polished_diorite":170,"minecraft:sandstone_stairs":14,"minecraft:gilded_blackstone":7,"minecraft:smooth_stone":1,"minecraft:potted_birch_sapling":8,"minecraft:mossy_cobblestone_slab":2,"minecraft:glowstone":114,"minecraft:red_nether_brick_stairs":2,"minecraft:iron_ore":3505,"minecraft:anvil":7,"minecraft:azure_bluet":11,"minecraft:dark_oak_stairs":10,"minecraft:red_tulip":9,"minecraft:iron_bars":65,"minecraft:birch_wall_sign":1,"minecraft:spruce_slab":130,"minecraft:green_bed":1,"minecraft:brown_shulker_box":11,"minecraft:polished_blackstone_wall":1,"minecraft:cyan_terracotta":18,"minecraft:blackstone":1662,"minecraft:twisting_vines_plant":1,"minecraft:orange_terracotta":16,"minecraft:clay":60,"minecraft:poppy":13,"minecraft:beacon":7,"minecraft:chest":389,"minecraft:mushroom_stem":102,"minecraft:cobblestone":668,"minecraft:nether_quartz_ore":2663,"minecraft:oak_planks":120,"minecraft:wall_torch":266,"minecraft:seagrass":375,"minecraft:stone_stairs":17,"minecraft:warped_nylium":68,"minecraft:powered_rail":4,"minecraft:dark_oak_slab":19,"minecraft:brown_concrete_powder":22,"minecraft:nether_wart_block":358,"minecraft:birch_log":244,"minecraft:birch_trapdoor":6,"minecraft:orange_tulip":3,"minecraft:light_gray_wool":59,"minecraft:smooth_stone_slab":264,"minecraft:oak_log":909,"minecraft:dirt":8798,"minecraft:sand":8579,"minecraft:dispenser":2,"minecraft:netherrack":55575,"minecraft:ancient_debris":99,"minecraft:emerald_block":2,"minecraft:oak_leaves":34656,"minecraft:redstone_lamp":1,"minecraft:nether_gold_ore":263,"minecraft:crying_obsidian":3,"minecraft:diamond_ore":601,"minecraft:red_carpet":4,"minecraft:blackstone_wall":2,"minecraft:gray_shulker_box":25,"minecraft:lever":4,"minecraft:purple_terracotta":860,"minecraft:stone_button":22,"minecraft:brown_mushroom_block":648,"minecraft:birch_slab":45,"minecraft:sandstone":3671,"minecraft:crimson_stem":75,"minecraft:hay_block":5,"minecraft:oak_trapdoor":18,"minecraft:furnace":45,"minecraft:carrots":1,"minecraft:nether_sprouts":6,"minecraft:polished_basalt":11,"minecraft:dark_oak_fence_gate":2,"minecraft:stripped_spruce_log":1,"minecraft:gold_block":5,"minecraft:nether_brick_fence":1,"minecraft:bookshelf":81,"minecraft:shroomlight":57,"minecraft:lantern":34,"minecraft:stripped_oak_log":2,"minecraft:stripped_acacia_log":1,"minecraft:stripped_jungle_log":1,"minecraft:packed_ice":17,"minecraft:stone":112709,"minecraft:yellow_shulker_box":501,"minecraft:birch_pressure_plate":1,"minecraft:redstone_wall_torch":4,"minecraft:acacia_leaves":11,"minecraft:basalt":1320,"minecraft:stripped_dark_oak_log":1,"minecraft:polished_granite":8,"minecraft:oak_fence":15,"minecraft:crafting_table":102,"minecraft:andesite_slab":1,"minecraft:lectern":1,"minecraft:stone_slab":139,"minecraft:lapis_ore":551,"minecraft:red_concrete":1,"minecraft:polished_blackstone_brick_stairs":1,"minecraft:spruce_stairs":48,"minecraft:birch_planks":17,"minecraft:gray_wool":1,"minecraft:cactus":7,"minecraft:polished_blackstone_slab":22,"minecraft:polished_blackstone_stairs":29,"minecraft:redstone_torch":1,"minecraft:magenta_terracotta":31,"minecraft:white_wall_banner":1,"minecraft:bee_nest":1,"minecraft:grass_path":5,"minecraft:coal_ore":6552,"minecraft:flower_pot":8,"minecraft:cyan_carpet":212,"minecraft:cracked_stone_bricks":6,"minecraft:terracotta":4207,"minecraft:polished_andesite":36,"minecraft:mossy_stone_bricks":1,"minecraft:crimson_fence":9,"minecraft:acacia_wall_sign":2,"minecraft:birch_fence":59},"minecraft:custom":{"minecraft:interact_with_crafting_table":642,"minecraft:open_barrel":489,"minecraft:leave_game":265,"minecraft:time_since_death":205165,"minecraft:deaths":18,"minecraft:jump":87109,"minecraft:interact_with_furnace":345,"minecraft:traded_with_villager":3,"minecraft:sleep_in_bed":527,"minecraft:damage_dealt":791373,"minecraft:interact_with_smoker":1,"minecraft:inspect_dispenser":106,"minecraft:horse_one_cm":5354,"minecraft:interact_with_smithing_table":14,"minecraft:inspect_dropper":56,"minecraft:interact_with_anvil":97,"minecraft:inspect_hopper":581,"minecraft:target_hit":64,"minecraft:sneak_time":355858,"minecraft:interact_with_lectern":50,"minecraft:interact_with_blast_furnace":1,"minecraft:interact_with_stonecutter":54,"minecraft:time_since_rest":89704,"minecraft:swim_one_cm":431148,"minecraft:fly_one_cm":25194813,"minecraft:open_chest":8491,"minecraft:fall_one_cm":2125209,"minecraft:animals_bred":1152,"minecraft:open_shulker_box":6450,"minecraft:damage_resisted":172,"minecraft:sprint_one_cm":43779553,"minecraft:drop":1676,"minecraft:talked_to_villager":4,"minecraft:interact_with_brewingstand":59,"minecraft:walk_on_water_one_cm":1423091,"minecraft:play_one_minute":13368740,"minecraft:interact_with_loom":7,"minecraft:open_enderchest":1986,"minecraft:interact_with_beacon":8,"minecraft:player_kills":3,"minecraft:crouch_one_cm":1372930,"minecraft:mob_kills":22182,"minecraft:fill_cauldron":1,"minecraft:climb_one_cm":227123,"minecraft:walk_one_cm":34654419,"minecraft:raid_win":1,"minecraft:strider_one_cm":462,"minecraft:walk_under_water_one_cm":1104950,"minecraft:boat_one_cm":672636,"minecraft:raid_trigger":1,"minecraft:pot_flower":50,"minecraft:damage_taken":54101,"minecraft:trigger_trapped_chest":52,"minecraft:minecart_one_cm":13850,"minecraft:aviate_one_cm":158586223},"minecraft:picked_up":{"minecraft:iron_chestplate":5,"minecraft:chainmail_boots":1,"minecraft:flower_pot":18,"minecraft:anvil":7,"minecraft:lead":7,"minecraft:stone_slab":141,"minecraft:diamond_sword":4,"minecraft:oak_stairs":19,"minecraft:enchanted_book":3,"minecraft:golden_sword":1,"minecraft:blue_concrete":73,"minecraft:music_disc_cat":1,"minecraft:polished_blackstone_brick_stairs":1,"minecraft:string":823,"minecraft:dark_oak_trapdoor":26,"minecraft:soul_soil":396,"minecraft:cooked_salmon":48,"minecraft:pufferfish":1,"minecraft:shroomlight":56,"minecraft:beetroot":15,"minecraft:diamond_leggings":4,"minecraft:gold_nugget":2036,"minecraft:crimson_fence":9,"minecraft:spruce_planks":120,"minecraft:acacia_sign":4,"minecraft:written_book":5,"minecraft:melon_slice":13,"minecraft:coal_block":260,"minecraft:diamond_ore":9,"minecraft:golden_helmet":3,"minecraft:polished_blackstone_stairs":28,"minecraft:acacia_log":78,"minecraft:sandstone_wall":71,"minecraft:golden_chestplate":1,"minecraft:gray_shulker_box":25,"minecraft:chiseled_nether_bricks":2,"minecraft:yellow_banner":1,"minecraft:stone_sword":6,"minecraft:blackstone_wall":2,"minecraft:polished_basalt":12,"minecraft:iron_block":896,"minecraft:red_tulip":9,"minecraft:carved_pumpkin":1,"minecraft:cyan_terracotta":18,"minecraft:glowstone":173,"minecraft:bookshelf":132,"minecraft:netherite_chestplate":2,"minecraft:blaze_rod":72,"minecraft:blackstone_stairs":16,"minecraft:iron_bars":63,"minecraft:birch_log":350,"minecraft:magma_block":28,"minecraft:mossy_cobblestone_slab":2,"minecraft:feather":16,"minecraft:cooked_beef":2233,"minecraft:birch_slab":51,"minecraft:water_bucket":3,"minecraft:jungle_log":2,"minecraft:acacia_leaves":2,"minecraft:green_concrete_powder":39,"minecraft:flint":17,"minecraft:netherite_leggings":4,"minecraft:gray_concrete":43,"minecraft:magenta_terracotta":819,"minecraft:lantern":168,"minecraft:light_gray_concrete_powder":710,"minecraft:gray_concrete_powder":448,"minecraft:twisting_vines":3,"minecraft:stonecutter":17,"minecraft:dark_oak_sign":13,"minecraft:diamond_helmet":5,"minecraft:glowstone_dust":11,"minecraft:warped_wart_block":366,"minecraft:stripped_crimson_stem":1,"minecraft:dropper":6,"minecraft:birch_fence_gate":31,"minecraft:stripped_spruce_log":1,"minecraft:ink_sac":70,"minecraft:brown_mushroom_block":651,"minecraft:loom":23,"minecraft:trapped_chest":4,"minecraft:dark_oak_log":47,"minecraft:barrel":60,"minecraft:iron_hoe":1,"minecraft:stripped_acacia_log":1,"minecraft:polished_andesite":148,"minecraft:dispenser":2,"minecraft:green_concrete":1,"minecraft:lever":23,"minecraft:writable_book":3,"minecraft:polished_granite_slab":4,"minecraft:granite":7094,"minecraft:chainmail_helmet":1,"minecraft:golden_horse_armor":2,"minecraft:spruce_button":21,"minecraft:bread":3,"minecraft:light_gray_carpet":44,"minecraft:dark_oak_fence":5,"minecraft:crimson_roots":48,"minecraft:diamond_pickaxe":9,"minecraft:crafting_table":109,"minecraft:coarse_dirt":120,"minecraft:bee_nest":1,"minecraft:nether_wart":31,"minecraft:clay_ball":192,"minecraft:leather_leggings":5,"minecraft:redstone_lamp":1,"minecraft:cornflower":11,"minecraft:red_bed":166,"minecraft:elytra":10,"minecraft:white_carpet":255,"minecraft:compass":4,"minecraft:white_stained_glass":2,"minecraft:polished_blackstone_wall":1,"minecraft:cracked_stone_bricks":9,"minecraft:netherite_sword":5,"minecraft:stripped_warped_stem":1,"minecraft:beef":1334,"minecraft:cyan_wool":115,"minecraft:poppy":37,"minecraft:spruce_slab":144,"minecraft:minecart":4,"minecraft:chest":427,"minecraft:birch_sapling":75,"minecraft:piston":1,"minecraft:egg":21,"minecraft:sandstone":3993,"minecraft:stone":58262,"minecraft:oak_door":5,"minecraft:spruce_fence":144,"minecraft:carrot":11,"minecraft:mushroom_stem":102,"minecraft:redstone":22643,"minecraft:netherite_pickaxe":8,"minecraft:jungle_sign":3,"minecraft:beetroot_seeds":48,"minecraft:peony":3,"minecraft:diamond_boots":4,"minecraft:hay_block":5,"minecraft:sandstone_stairs":25,"minecraft:yellow_terracotta":2,"minecraft:gold_ingot":4,"minecraft:totem_of_undying":7,"minecraft:polished_blackstone":126,"minecraft:white_shulker_box":73,"minecraft:white_wool":25,"minecraft:rail":83,"minecraft:bone_block":1382,"minecraft:oxeye_daisy":23,"minecraft:lapis_ore":4,"minecraft:stripped_oak_log":1,"minecraft:smooth_red_sandstone_stairs":5,"minecraft:birch_leaves":724,"minecraft:yellow_shulker_box":504,"minecraft:smooth_red_sandstone":1,"minecraft:tripwire_hook":4,"minecraft:red_mushroom_block":92,"minecraft:fern":1,"minecraft:filled_map":199,"minecraft:oak_log":1297,"minecraft:ancient_debris":99,"minecraft:golden_boots":5,"minecraft:paper":65,"minecraft:white_banner":12,"minecraft:birch_pressure_plate":1,"minecraft:stone_bricks":282,"minecraft:apple":46,"minecraft:kelp":332,"minecraft:warped_stem":99,"minecraft:iron_ore":3721,"minecraft:glass_bottle":25,"minecraft:iron_sword":6,"minecraft:dark_oak_stairs":12,"minecraft:white_stained_glass_pane":78,"minecraft:dark_oak_slab":39,"minecraft:sweet_berries":16,"minecraft:gravel":5989,"minecraft:crimson_stairs":106,"minecraft:birch_stairs":37,"minecraft:spruce_log":1963,"minecraft:crying_obsidian":2,"minecraft:sea_lantern":20,"minecraft:leather_helmet":4,"minecraft:firework_rocket":162,"minecraft:diamond_shovel":3,"minecraft:coal_ore":385,"minecraft:slime_ball":2,"minecraft:polished_diorite":176,"minecraft:redstone_ore":90,"minecraft:diamond_axe":5,"minecraft:painting":21,"minecraft:birch_sign":4,"minecraft:gray_wool":1,"minecraft:polished_blackstone_brick_wall":3,"minecraft:warped_roots":35,"minecraft:red_nether_brick_slab":14,"minecraft:baked_potato":4,"minecraft:melon_seeds":3,"minecraft:warped_nylium":68,"minecraft:stripped_dark_oak_log":1,"minecraft:crimson_nylium":208,"minecraft:smooth_quartz_slab":79,"minecraft:hopper":202,"minecraft:ender_pearl":19780,"minecraft:wheat":162,"minecraft:light_blue_concrete":2,"minecraft:redstone_block":70,"minecraft:ender_chest":526,"minecraft:nether_brick_fence":1,"minecraft:potion":3,"minecraft:gilded_blackstone":5,"minecraft:stone_brick_stairs":2,"minecraft:crimson_planks":2,"minecraft:warped_stairs":4,"minecraft:lapis_block":197,"minecraft:smooth_stone_slab":318,"minecraft:iron_leggings":3,"minecraft:armor_stand":4,"minecraft:sticky_piston":1,"minecraft:netherite_ingot":2,"minecraft:oak_sign":55,"minecraft:smooth_red_sandstone_slab":4,"minecraft:activator_rail":3,"minecraft:red_sand":64,"minecraft:black_shulker_box":10,"minecraft:smooth_stone":4,"minecraft:comparator":18,"minecraft:bucket":7,"minecraft:white_tulip":1,"minecraft:rose_bush":131,"minecraft:redstone_torch":25,"minecraft:cobblestone_slab":28,"minecraft:smooth_quartz":103,"minecraft:smooth_quartz_stairs":48,"minecraft:iron_boots":3,"minecraft:furnace":61,"minecraft:blue_wool":80,"minecraft:stick":371,"minecraft:birch_trapdoor":6,"minecraft:oak_fence":20,"minecraft:torch":1645,"minecraft:spruce_stairs":55,"minecraft:porkchop":3,"minecraft:netherite_shovel":4,"minecraft:diorite":7710,"minecraft:vine":360,"minecraft:nether_gold_ore":12,"minecraft:cactus":20,"minecraft:rotten_flesh":2319,"minecraft:brown_shulker_box":11,"minecraft:music_disc_wait":1,"minecraft:stripped_birch_wood":2,"minecraft:obsidian":177,"minecraft:cobblestone":54044,"minecraft:leather_chestplate":4,"minecraft:lilac":70,"minecraft:magma_cream":29,"minecraft:repeater":46,"minecraft:andesite":7018,"minecraft:black_bed":176,"minecraft:golden_leggings":2,"minecraft:beacon":8,"minecraft:potato":12,"minecraft:magenta_dye":5,"minecraft:smooth_sandstone_stairs":468,"minecraft:wither_skeleton_skull":3,"minecraft:lapis_lazuli":7844,"minecraft:dirt":8927,"minecraft:stripped_birch_log":4,"minecraft:cut_sandstone_slab":173,"minecraft:polished_granite":13,"minecraft:name_tag":1,"minecraft:leather_boots":8,"minecraft:glass":2,"minecraft:bone":1183,"minecraft:acacia_planks":22,"minecraft:bow":35,"minecraft:wheat_seeds":772,"minecraft:orange_tulip":3,"minecraft:grindstone":1,"minecraft:netherite_axe":5,"minecraft:mossy_stone_bricks":3,"minecraft:bamboo":137,"minecraft:powered_rail":90,"minecraft:oak_planks":277,"minecraft:ghast_tear":12,"minecraft:cooked_porkchop":13,"minecraft:music_disc_13":2,"minecraft:oak_pressure_plate":1,"minecraft:poisonous_potato":1,"minecraft:polished_blackstone_slab":23,"minecraft:sand":9338,"minecraft:grass_block":13984,"minecraft:dead_bush":30,"minecraft:cyan_bed":1,"minecraft:diamond_block":35,"minecraft:spectral_arrow":1,"minecraft:shulker_box":1481,"minecraft:mossy_cobblestone":5,"minecraft:jungle_leaves":161,"minecraft:light_gray_concrete":471,"minecraft:spruce_fence_gate":6,"minecraft:sugar":17,"minecraft:clay":62,"minecraft:diamond":1615,"minecraft:netherite_helmet":4,"minecraft:soul_lantern":1,"minecraft:cracked_polished_blackstone_bricks":2,"minecraft:crossbow":42,"minecraft:grass":208,"minecraft:golden_apple":1,"minecraft:white_concrete":9992,"minecraft:spruce_sign":1,"minecraft:emerald":2,"minecraft:oak_sapling":336,"minecraft:netherrack":24381,"minecraft:andesite_slab":1,"minecraft:oak_leaves":33999,"minecraft:nether_star":1,"minecraft:cocoa_beans":57,"minecraft:azure_bluet":11,"minecraft:ladder":2,"minecraft:chest_minecart":5,"minecraft:brown_mushroom":13,"minecraft:packed_ice":68,"minecraft:gold_block":5,"minecraft:chain":2,"minecraft:brick":64,"minecraft:oak_trapdoor":24,"minecraft:stone_stairs":18,"minecraft:iron_axe":1,"minecraft:orange_concrete":1,"minecraft:item_frame":196,"minecraft:mycelium":200,"minecraft:birch_fence":85,"minecraft:cyan_carpet":400,"minecraft:blackstone":1480,"minecraft:blue_orchid":23,"minecraft:oak_boat":10,"minecraft:player_head":28,"minecraft:observer":11,"minecraft:light_gray_wool":121,"minecraft:lectern":1,"minecraft:sugar_cane":866,"minecraft:spruce_trapdoor":277,"minecraft:polished_blackstone_bricks":9,"minecraft:stone_button":39,"minecraft:brown_concrete_powder":31,"minecraft:purple_terracotta":1172,"minecraft:dark_oak_planks":14,"minecraft:smooth_sandstone_slab":278,"minecraft:blue_concrete_powder":448,"minecraft:arrow":1025,"minecraft:weeping_vines":20,"minecraft:red_shulker_box":36,"minecraft:golden_hoe":1,"minecraft:nether_bricks":2,"minecraft:pink_tulip":25,"minecraft:saddle":3,"minecraft:netherite_boots":4,"minecraft:purple_dye":2,"minecraft:basalt":1294,"minecraft:golden_carrot":132,"minecraft:crimson_stem":75,"minecraft:cut_sandstone":6,"minecraft:leather":2287,"minecraft:birch_planks":18,"minecraft:crimson_fungus":13,"minecraft:chainmail_chestplate":1,"minecraft:yellow_glazed_terracotta":1,"minecraft:cobblestone_wall":3,"minecraft:nether_wart_block":357,"minecraft:gunpowder":733,"minecraft:orange_terracotta":17,"minecraft:smooth_sandstone":991,"minecraft:red_carpet":4,"minecraft:red_nether_brick_stairs":2,"minecraft:gray_carpet":5,"minecraft:spruce_wood":10,"minecraft:iron_ingot":255,"minecraft:cooked_chicken":20,"minecraft:acacia_sapling":16,"minecraft:soul_sand":964,"minecraft:book":9,"minecraft:oak_slab":563,"minecraft:warped_fungus":25,"minecraft:nether_quartz_ore":23,"minecraft:emerald_block":2,"minecraft:pumpkin":6,"minecraft:stone_brick_slab":1,"minecraft:quartz":5587,"minecraft:dandelion":27,"minecraft:soul_torch":1,"minecraft:red_banner":8,"minecraft:white_bed":20,"minecraft:nether_brick_slab":2,"minecraft:gold_ore":784,"minecraft:green_carpet":1,"minecraft:dark_oak_fence_gate":4,"minecraft:spider_eye":148,"minecraft:mossy_stone_brick_slab":1,"minecraft:spruce_door":7,"minecraft:stripped_jungle_log":1,"minecraft:pumpkin_seeds":8,"minecraft:white_concrete_powder":3332,"minecraft:campfire":15,"minecraft:chainmail_leggings":2,"minecraft:iron_helmet":3,"minecraft:terracotta":4406,"minecraft:netherite_hoe":1,"minecraft:black_wool":3,"minecraft:red_concrete":1,"minecraft:coal":13954},"minecraft:broken":{"minecraft:diamond_pickaxe":1,"minecraft:iron_sword":2,"minecraft:iron_hoe":1,"minecraft:iron_pickaxe":10,"minecraft:golden_helmet":1},"minecraft:killed":{"minecraft:cave_spider":16,"minecraft:skeleton":322,"minecraft:chicken":5,"minecraft:magma_cube":77,"minecraft:pillager":24,"minecraft:zombie":393,"minecraft:cow":973,"minecraft:evoker":1,"minecraft:vindicator":2,"minecraft:enderman":19597,"minecraft:zombified_piglin":11,"minecraft:witch":9,"minecraft:spider":65,"minecraft:wither":1,"minecraft:piglin":17,"minecraft:pig":2,"minecraft:zombie_villager":14,"minecraft:creeper":187,"minecraft:ghast":15,"minecraft:blaze":41,"minecraft:vex":1,"minecraft:slime":1,"minecraft:phantom":1,"minecraft:drowned":3,"minecraft:bat":16,"minecraft:hoglin":10,"minecraft:squid":16,"minecraft:wither_skeleton":60},"minecraft:dropped":{"minecraft:iron_sword":1,"minecraft:lapis_lazuli":5,"minecraft:cooked_beef":134,"minecraft:glass_bottle":4,"minecraft:crossbow":128,"minecraft:crafting_table":2,"minecraft:warped_roots":5,"minecraft:rail":1,"minecraft:dirt":36,"minecraft:red_bed":1,"minecraft:birch_fence":10,"minecraft:writable_book":2,"minecraft:sugar":4,"minecraft:cyan_carpet":1,"minecraft:bone":3,"minecraft:compass":3,"minecraft:diamond_block":5,"minecraft:lever":1,"minecraft:netherite_sword":1,"minecraft:rotten_flesh":19,"minecraft:oak_planks":1,"minecraft:ghast_tear":6,"minecraft:iron_ingot":10,"minecraft:netherite_pickaxe":1,"minecraft:wheat_seeds":4,"minecraft:oak_fence":1,"minecraft:yellow_terracotta":1,"minecraft:cobblestone":2583,"minecraft:apple":1,"minecraft:granite":198,"minecraft:coal":21,"minecraft:coal_block":28,"minecraft:golden_carrot":1,"minecraft:string":101,"minecraft:soul_soil":12,"minecraft:player_head":2,"minecraft:light_gray_concrete":3,"minecraft:diamond_sword":1,"minecraft:stone":229,"minecraft:spruce_planks":2,"minecraft:diamond_pickaxe":3,"minecraft:bow":1,"minecraft:oak_log":36,"minecraft:ender_pearl":18792,"minecraft:flint":2,"minecraft:packed_ice":79,"minecraft:black_shulker_box":1,"minecraft:birch_log":64,"minecraft:gold_ingot":5,"minecraft:gravel":52,"minecraft:smooth_sandstone_stairs":12,"minecraft:gunpowder":5,"minecraft:glowstone":1,"minecraft:arrow":2,"minecraft:written_book":2,"minecraft:oak_leaves":2,"minecraft:netherrack":170,"minecraft:firework_rocket":33,"minecraft:purple_terracotta":64,"minecraft:netherite_axe":1,"minecraft:spectral_arrow":1,"minecraft:stick":70,"minecraft:diorite":256,"minecraft:torch":2,"minecraft:white_concrete":1,"minecraft:redstone":10,"minecraft:ender_chest":1,"minecraft:coarse_dirt":1,"minecraft:blaze_rod":4,"minecraft:iron_hoe":1,"minecraft:andesite":5,"minecraft:oak_boat":1},"minecraft:crafted":{"minecraft:ender_chest":11,"minecraft:black_dye":130,"minecraft:light_gray_concrete_powder":2048,"minecraft:smooth_stone":512,"minecraft:oak_sign":57,"minecraft:cut_sandstone":72,"minecraft:cut_sandstone_slab":126,"minecraft:melon":1,"minecraft:blaze_powder":14,"minecraft:oak_pressure_plate":1,"minecraft:chain":81,"minecraft:birch_slab":180,"minecraft:loom":32,"minecraft:polished_blackstone_slab":108,"minecraft:lever":25,"minecraft:diamond_shovel":3,"minecraft:gray_wool":3,"minecraft:cracked_stone_bricks":128,"minecraft:shulker_box":4,"minecraft:iron_bars":160,"minecraft:quartz_block":1162,"minecraft:glass":320,"minecraft:repeater":66,"minecraft:diamond_leggings":1,"minecraft:beacon":1,"minecraft:birch_fence_gate":143,"minecraft:polished_blackstone":1396,"minecraft:stone_pressure_plate":1,"minecraft:cyan_banner":4,"minecraft:magenta_dye":128,"minecraft:white_shulker_box":1,"minecraft:flower_pot":63,"minecraft:warped_stairs":8,"minecraft:glass_bottle":27,"minecraft:redstone_lamp":146,"minecraft:emerald":18,"minecraft:smooth_quartz":64,"minecraft:cooked_porkchop":3,"minecraft:diamond_axe":1,"minecraft:acacia_slab":6,"minecraft:chest_minecart":5,"minecraft:spruce_door":15,"minecraft:smithing_table":1,"minecraft:mossy_cobblestone":192,"minecraft:sticky_piston":32,"minecraft:hay_block":105,"minecraft:painting":6,"minecraft:stone_brick_stairs":4,"minecraft:lectern":1,"minecraft:golden_leggings":2,"minecraft:stone_slab":132,"minecraft:iron_pickaxe":13,"minecraft:iron_block":235,"minecraft:gold_ingot":372,"minecraft:light_gray_dye":256,"minecraft:netherite_ingot":24,"minecraft:composter":2,"minecraft:spruce_fence_gate":9,"minecraft:birch_stairs":136,"minecraft:smooth_stone_slab":588,"minecraft:iron_nugget":162,"minecraft:diamond_hoe":5,"minecraft:red_banner":6,"minecraft:smooth_red_sandstone_slab":24,"minecraft:bone_meal":17469,"minecraft:spruce_fence":189,"minecraft:white_carpet":507,"minecraft:diamond":882,"minecraft:dark_oak_fence":6,"minecraft:spruce_stairs":76,"minecraft:detector_rail":6,"minecraft:polished_diorite":196,"minecraft:ladder":84,"minecraft:spruce_slab":456,"minecraft:red_shulker_box":1,"minecraft:redstone_block":2235,"minecraft:dark_oak_planks":336,"minecraft:lead":6,"minecraft:golden_helmet":2,"minecraft:wheat":720,"minecraft:coal_block":932,"minecraft:crossbow":130,"minecraft:cyan_bed":4,"minecraft:crimson_slab":6,"minecraft:red_bed":1,"minecraft:gray_concrete_powder":512,"minecraft:polished_granite":36,"minecraft:sandstone_slab":30,"minecraft:red_carpet":21,"minecraft:glowstone":1,"minecraft:enchanted_book":3,"minecraft:white_stained_glass":768,"minecraft:jungle_slab":6,"minecraft:polished_blackstone_brick_wall":42,"minecraft:crimson_stairs":348,"minecraft:sandstone_wall":114,"minecraft:andesite_slab":30,"minecraft:gray_shulker_box":1,"minecraft:birch_trapdoor":12,"minecraft:oak_stairs":76,"minecraft:writable_book":6,"minecraft:iron_shovel":2,"minecraft:iron_leggings":9,"minecraft:armor_stand":12,"minecraft:white_bed":1,"minecraft:brick":192,"minecraft:grindstone":1,"minecraft:oak_planks":4252,"minecraft:cobblestone_slab":2838,"minecraft:barrel":106,"minecraft:polished_granite_slab":6,"minecraft:mossy_stone_brick_slab":12,"minecraft:red_sandstone":64,"minecraft:warped_planks":16,"minecraft:hopper":118,"minecraft:stone_brick_slab":132,"minecraft:bow":80,"minecraft:iron_boots":9,"minecraft:written_book":4,"minecraft:blackstone_wall":24,"minecraft:comparator":64,"minecraft:mossy_cobblestone_slab":36,"minecraft:polished_basalt":260,"minecraft:chest":1337,"minecraft:rail":64,"minecraft:blue_concrete_powder":512,"minecraft:ender_eye":11,"minecraft:stone_bricks":1688,"minecraft:oak_fence":54,"minecraft:golden_boots":1,"minecraft:smoker":2,"minecraft:dropper":64,"minecraft:oak_slab":1590,"minecraft:item_frame":64,"minecraft:cauldron":2,"minecraft:crafting_table":15,"minecraft:spruce_planks":12208,"minecraft:iron_helmet":1,"minecraft:baked_potato":4,"minecraft:birch_pressure_plate":1,"minecraft:light_gray_banner":1,"minecraft:gold_block":5,"minecraft:brewing_stand":2,"minecraft:birch_planks":2296,"minecraft:white_stained_glass_pane":864,"minecraft:dispenser":70,"minecraft:spruce_trapdoor":294,"minecraft:dark_oak_slab":48,"minecraft:iron_chestplate":10,"minecraft:purple_dye":384,"minecraft:diamond_pickaxe":5,"minecraft:yellow_dye":2,"minecraft:warped_slab":6,"minecraft:birch_fence":264,"minecraft:stick":5316,"minecraft:iron_ingot":3918,"minecraft:black_bed":1,"minecraft:cyan_carpet":966,"minecraft:redstone_torch":467,"minecraft:light_gray_carpet":45,"minecraft:dark_oak_fence_gate":2,"minecraft:shears":9,"minecraft:sandstone_stairs":4,"minecraft:polished_andesite":328,"minecraft:coarse_dirt":256,"minecraft:oak_door":3,"minecraft:nether_brick_slab":12,"minecraft:coal":3344,"minecraft:redstone":1593,"minecraft:tripwire_hook":10,"minecraft:golden_chestplate":1,"minecraft:spruce_button":16,"minecraft:furnace":38,"minecraft:piston":128,"minecraft:dark_oak_trapdoor":54,"minecraft:gray_dye":132,"minecraft:dark_oak_sign":36,"minecraft:polished_andesite_slab":24,"minecraft:smooth_quartz_stairs":231,"minecraft:diamond_block":164,"minecraft:oak_trapdoor":20,"minecraft:flint_and_steel":2,"minecraft:white_concrete_powder":8592,"minecraft:yellow_shulker_box":2,"minecraft:iron_axe":2,"minecraft:iron_hoe":2,"minecraft:brown_shulker_box":1,"minecraft:smooth_quartz_slab":246,"minecraft:netherite_scrap":45,"minecraft:birch_sign":3,"minecraft:observer":96,"minecraft:minecart":5,"minecraft:cooked_beef":6,"minecraft:red_dye":225,"minecraft:smooth_sandstone_stairs":12,"minecraft:bone_block":1731,"minecraft:crimson_planks":528,"minecraft:purple_terracotta":3064,"minecraft:diamond_sword":2,"minecraft:dark_oak_stairs":20,"minecraft:spruce_sign":6,"minecraft:powered_rail":60,"minecraft:iron_sword":6,"minecraft:smooth_sandstone":1792,"minecraft:nether_bricks":1248,"minecraft:bucket":68,"minecraft:air":0,"minecraft:jungle_planks":4,"minecraft:blue_dye":256,"minecraft:magenta_terracotta":984,"minecraft:smooth_sandstone_slab":390,"minecraft:white_wool":23,"minecraft:white_dye":1365,"minecraft:stonecutter":2,"minecraft:anvil":4,"minecraft:acacia_planks":32,"minecraft:torch":11244,"minecraft:blackstone_slab":6,"minecraft:lapis_lazuli":432,"minecraft:lapis_block":657,"minecraft:trapped_chest":4},"minecraft:used":{"minecraft:writable_book":15,"minecraft:smooth_quartz_slab":579,"minecraft:dispenser":26,"minecraft:spruce_slab":297,"minecraft:polished_blackstone":1093,"minecraft:ladder":73,"minecraft:chest":1562,"minecraft:red_nether_brick_stairs":1,"minecraft:stone":10433,"minecraft:white_shulker_box":73,"minecraft:soul_sand":10,"minecraft:azure_bluet":5,"minecraft:polished_blackstone_slab":259,"minecraft:packed_ice":130,"minecraft:lava_bucket":2,"minecraft:netherite_shovel":14834,"minecraft:grass_block":7369,"minecraft:netherite_hoe":35603,"minecraft:dark_oak_slab":34,"minecraft:stone_brick_stairs":2,"minecraft:bow":231,"minecraft:furnace":71,"minecraft:sweet_berries":9,"minecraft:yellow_glazed_terracotta":1,"minecraft:egg":6,"minecraft:potato":1,"minecraft:diorite":222,"minecraft:mossy_stone_bricks":52,"minecraft:spruce_door":18,"minecraft:stripped_birch_log":1,"minecraft:powered_rail":83,"minecraft:blackstone":53,"minecraft:composter":2,"minecraft:smooth_quartz_stairs":211,"minecraft:oak_leaves":444,"minecraft:dark_oak_trapdoor":71,"minecraft:sand":1240,"minecraft:cut_sandstone_slab":57,"minecraft:smooth_red_sandstone":5,"minecraft:gray_concrete":176,"minecraft:purple_terracotta":3852,"minecraft:birch_fence":321,"minecraft:birch_slab":157,"minecraft:cyan_carpet":1143,"minecraft:stone_button":7,"minecraft:lectern":2,"minecraft:polished_granite":9,"minecraft:oak_pressure_plate":2,"minecraft:diamond_ore":9,"minecraft:lilac":1,"minecraft:polished_andesite_slab":20,"minecraft:diamond_sword":3160,"minecraft:coal_block":16,"minecraft:poisonous_potato":1,"minecraft:smithing_table":1,"minecraft:green_concrete_powder":1,"minecraft:dark_oak_fence":5,"minecraft:birch_log":32,"minecraft:oak_boat":7,"minecraft:oak_trapdoor":32,"minecraft:iron_bars":195,"minecraft:acacia_log":20,"minecraft:dead_bush":5,"minecraft:red_concrete":1,"minecraft:armor_stand":15,"minecraft:light_gray_carpet":53,"minecraft:mycelium":3,"minecraft:cooked_salmon":48,"minecraft:polished_blackstone_wall":1,"minecraft:sandstone_wall":180,"minecraft:netherrack":1627,"minecraft:torch":12206,"minecraft:anvil":11,"minecraft:brewing_stand":2,"minecraft:warped_wart_block":1,"minecraft:nether_quartz_ore":23,"minecraft:stone_stairs":47,"minecraft:nether_brick_slab":6,"minecraft:polished_granite_slab":4,"minecraft:blue_concrete":259,"minecraft:polished_diorite":297,"minecraft:shroomlight":49,"minecraft:red_shulker_box":37,"minecraft:sea_lantern":78,"minecraft:iron_block":1035,"minecraft:iron_axe":95,"minecraft:spruce_button":11,"minecraft:jungle_log":1,"minecraft:smooth_quartz":488,"minecraft:barrel":143,"minecraft:bamboo":8,"minecraft:basalt":4,"minecraft:tripwire_hook":4,"minecraft:glowstone":254,"minecraft:warped_stairs":4,"minecraft:magenta_terracotta":388,"minecraft:trapped_chest":5,"minecraft:acacia_planks":22,"minecraft:observer":41,"minecraft:crimson_stem":1,"minecraft:water_bucket":508,"minecraft:wheat_seeds":3108,"minecraft:yellow_banner":1,"minecraft:warped_stem":1,"minecraft:sandstone_stairs":139,"minecraft:birch_planks":9,"minecraft:yellow_shulker_box":501,"minecraft:smooth_sandstone_slab":1098,"minecraft:red_mushroom_block":4,"minecraft:blue_concrete_powder":512,"minecraft:cauldron":2,"minecraft:gold_ore":2,"minecraft:spruce_fence_gate":15,"minecraft:cracked_stone_bricks":184,"minecraft:diamond_block":29,"minecraft:rail":22,"minecraft:mossy_cobblestone":145,"minecraft:light_gray_banner":1,"minecraft:comparator":35,"minecraft:crafting_table":109,"minecraft:oak_slab":1669,"minecraft:red_bed":163,"minecraft:birch_sign":5,"minecraft:white_bed":20,"minecraft:campfire":18,"minecraft:dark_oak_fence_gate":3,"minecraft:spruce_log":172,"minecraft:mushroom_stem":29,"minecraft:oak_log":220,"minecraft:oxeye_daisy":1,"minecraft:cornflower":1,"minecraft:diamond_pickaxe":131354,"minecraft:diamond_shovel":22077,"minecraft:acacia_sign":2,"minecraft:iron_pickaxe":2614,"minecraft:magenta_concrete_powder":8,"minecraft:spruce_trapdoor":464,"minecraft:green_carpet":1,"minecraft:cobblestone":4926,"minecraft:potion":11,"minecraft:crimson_stairs":250,"minecraft:sandstone_slab":5,"minecraft:kelp":135,"minecraft:brown_mushroom_block":210,"minecraft:iron_shovel":311,"minecraft:oak_sign":96,"minecraft:bone_block":2905,"minecraft:polished_basalt":11,"minecraft:white_concrete_powder":8596,"minecraft:iron_sword":551,"minecraft:grass":60,"minecraft:mossy_stone_brick_slab":8,"minecraft:player_head":1,"minecraft:smooth_sandstone_stairs":2112,"minecraft:birch_pressure_plate":2,"minecraft:nether_bricks":1,"minecraft:carrot":78,"minecraft:cyan_wool":124,"minecraft:obsidian":74,"minecraft:milk_bucket":1,"minecraft:glass":1,"minecraft:coal_ore":132,"minecraft:cyan_terracotta":18,"minecraft:lantern":178,"minecraft:blue_orchid":5,"minecraft:polished_blackstone_brick_wall":10,"minecraft:mossy_cobblestone_slab":32,"minecraft:gray_concrete_powder":512,"minecraft:stone_bricks":774,"minecraft:item_frame":545,"minecraft:birch_trapdoor":12,"minecraft:repeater":83,"minecraft:red_carpet":24,"minecraft:redstone_lamp":56,"minecraft:hay_block":62,"minecraft:written_book":4,"minecraft:beetroot_seeds":12,"minecraft:gold_block":2,"minecraft:polished_blackstone_stairs":149,"minecraft:dark_oak_stairs":17,"minecraft:dropper":12,"minecraft:wither_skeleton_skull":3,"minecraft:dark_oak_sign":40,"minecraft:birch_leaves":46,"minecraft:oak_planks":495,"minecraft:ender_pearl":12,"minecraft:sandstone":16,"minecraft:sugar_cane":71,"minecraft:diamond_axe":2429,"minecraft:white_wool":24,"minecraft:yellow_terracotta":1,"minecraft:loom":54,"minecraft:crossbow":1,"minecraft:blackstone_wall":14,"minecraft:black_bed":176,"minecraft:shears":721,"minecraft:redstone_torch":76,"minecraft:sticky_piston":3,"minecraft:lever":31,"minecraft:gray_shulker_box":25,"minecraft:firework_rocket":47,"minecraft:birch_fence_gate":164,"minecraft:light_gray_concrete":408,"minecraft:dark_oak_log":10,"minecraft:string":3,"minecraft:cyan_bed":5,"minecraft:gravel":401,"minecraft:smooth_red_sandstone_slab":48,"minecraft:andesite":227,"minecraft:coarse_dirt":190,"minecraft:chain":38,"minecraft:grindstone":2,"minecraft:bone_meal":503,"minecraft:chest_minecart":5,"minecraft:smooth_stone_slab":1274,"minecraft:white_concrete":8206,"minecraft:oak_fence":41,"minecraft:netherite_sword":4065,"minecraft:rose_bush":9,"minecraft:jungle_leaves":46,"minecraft:white_tulip":1,"minecraft:flint_and_steel":4,"minecraft:redstone_ore":90,"minecraft:redstone":343,"minecraft:spruce_planks":115,"minecraft:ender_chest":525,"minecraft:brown_shulker_box":11,"minecraft:oak_door":2,"minecraft:red_nether_brick_slab":7,"minecraft:dirt":3170,"minecraft:white_carpet":560,"minecraft:hopper":296,"minecraft:spruce_stairs":117,"minecraft:shulker_box":1438,"minecraft:spruce_fence":257,"minecraft:granite":137,"minecraft:iron_hoe":453,"minecraft:stone_brick_slab":10,"minecraft:dark_oak_planks":14,"minecraft:bookshelf":165,"minecraft:red_tulip":2,"minecraft:oak_stairs":69,"minecraft:smooth_sandstone":958,"minecraft:yellow_concrete_powder":1,"minecraft:light_gray_wool":66,"minecraft:golden_carrot":500,"minecraft:white_stained_glass_pane":432,"minecraft:netherite_pickaxe":106699,"minecraft:cyan_banner":4,"minecraft:cyan_concrete_powder":1,"minecraft:cooked_beef":860,"minecraft:pumpkin":4,"minecraft:pink_tulip":1,"minecraft:iron_ore":9,"minecraft:cobblestone_stairs":14,"minecraft:glass_bottle":33,"minecraft:polished_andesite":238,"minecraft:andesite_slab":13,"minecraft:brown_mushroom":11,"minecraft:cut_sandstone":10,"minecraft:black_shulker_box":5,"minecraft:spruce_sign":7,"minecraft:beacon":8,"minecraft:stonecutter":18,"minecraft:chiseled_nether_bricks":2,"minecraft:cobblestone_slab":2762,"minecraft:terracotta":9,"minecraft:light_gray_concrete_powder":1085,"minecraft:painting":27,"minecraft:smooth_red_sandstone_stairs":10,"minecraft:smoker":2,"minecraft:nether_gold_ore":12,"minecraft:piston":65,"minecraft:flower_pot":68,"minecraft:map":15,"minecraft:netherite_axe":2203,"minecraft:lapis_ore":4,"minecraft:stone_slab":283,"minecraft:detector_rail":2,"minecraft:white_banner":1,"minecraft:bucket":559,"minecraft:red_banner":14,"minecraft:gray_wool":4,"minecraft:smooth_stone":1,"minecraft:birch_stairs":150}},"DataVersion":2584}