{"stats":{"minecraft:custom":{"minecraft:interact_with_furnace":3,"minecraft:interact_with_anvil":2,"minecraft:mob_kills":9,"minecraft:inspect_hopper":1,"minecraft:play_record":1,"minecraft:interact_with_crafting_table":2,"minecraft:open_barrel":19,"minecraft:play_one_minute":188717,"minecraft:open_shulker_box":61,"minecraft:leave_game":1,"minecraft:sleep_in_bed":1,"minecraft:time_since_death":7292,"minecraft:climb_one_cm":16012,"minecraft:damage_resisted":38,"minecraft:time_since_rest":7329,"minecraft:damage_taken":3976,"minecraft:sprint_one_cm":350311,"minecraft:open_enderchest":3,"minecraft:walk_one_cm":677848,"minecraft:drop":70,"minecraft:damage_dealt":1195,"minecraft:swim_one_cm":8933,"minecraft:talked_to_villager":1,"minecraft:fly_one_cm":286874,"minecraft:open_chest":58,"minecraft:crouch_one_cm":5628,"minecraft:deaths":3,"minecraft:sneak_time":2102,"minecraft:walk_under_water_one_cm":48143,"minecraft:aviate_one_cm":7574204,"minecraft:jump":1978,"minecraft:walk_on_water_one_cm":21913,"minecraft:fall_one_cm":97319},"minecraft:killed":{"minecraft:piglin":1,"minecraft:creeper":1,"minecraft:skeleton":4,"minecraft:zombie":2,"minecraft:enderman":1},"minecraft:used":{"minecraft:water_bucket":2,"minecraft:gray_carpet":2,"minecraft:oak_sign":2,"minecraft:ender_pearl":5,"minecraft:spruce_planks":2,"minecraft:spruce_sign":4,"minecraft:rotten_flesh":1,"minecraft:dirt":27,"minecraft:spruce_stairs":15,"minecraft:painting":8,"minecraft:crossbow":9,"minecraft:yellow_concrete":2,"minecraft:white_bed":1,"minecraft:gray_concrete":7,"minecraft:music_disc_strad":1,"minecraft:dark_prismarine":165,"minecraft:diamond_pickaxe":33,"minecraft:firework_rocket":50,"minecraft:oak_stairs":2,"minecraft:grass_block":8,"minecraft:string":1,"minecraft:slime_block":1,"minecraft:lectern":1,"minecraft:gray_concrete_powder":77,"minecraft:soul_lantern":1,"minecraft:item_frame":7,"minecraft:basalt":2,"minecraft:diamond_sword":17,"minecraft:golden_carrot":3,"minecraft:sweet_berries":4,"minecraft:scaffolding":31,"minecraft:cooked_porkchop":28,"minecraft:bucket":2,"minecraft:gray_wool":57,"minecraft:jukebox":2},"minecraft:dropped":{"minecraft:water_bucket":1,"minecraft:gravel":197,"minecraft:spruce_sign":1,"minecraft:emerald_block":1,"minecraft:player_head":1,"minecraft:ender_pearl":24,"minecraft:cooked_porkchop":43,"minecraft:diamond_leggings":1,"minecraft:soul_lantern":27,"minecraft:crossbow":1,"minecraft:spruce_door":4,"minecraft:totem_of_undying":1,"minecraft:elytra":3,"minecraft:end_rod":10,"minecraft:diamond_sword":1,"minecraft:dirt":6,"minecraft:gunpowder":6,"minecraft:spruce_planks":21,"minecraft:diamond_pickaxe":1,"minecraft:andesite":64,"minecraft:diamond_helmet":1,"minecraft:stone_bricks":2,"minecraft:diamond_boots":1,"minecraft:string":1,"minecraft:dark_prismarine":176,"minecraft:firework_rocket":134},"minecraft:picked_up":{"minecraft:music_disc_strad":1,"minecraft:basalt":6,"minecraft:golden_carrot":3,"minecraft:water_bucket":2,"minecraft:diamond_sword":2,"minecraft:oak_stairs":2,"minecraft:stone_brick_stairs":1,"minecraft:gunpowder":15,"minecraft:gray_concrete":17,"minecraft:string":2,"minecraft:dirt":37,"minecraft:elytra":7,"minecraft:gray_concrete_powder":85,"minecraft:item_frame":8,"minecraft:bone":8,"minecraft:oak_sign":1,"minecraft:gray_carpet":2,"minecraft:stone_bricks":2,"minecraft:bow":1,"minecraft:diamond_leggings":2,"minecraft:spruce_planks":23,"minecraft:spruce_slab":12,"minecraft:player_head":3,"minecraft:lectern":1,"minecraft:diamond_helmet":3,"minecraft:jukebox":1,"minecraft:scaffolding":101,"minecraft:emerald_block":1,"minecraft:cooked_porkchop":158,"minecraft:pumpkin":1,"minecraft:sweet_berries":3,"minecraft:yellow_concrete":2,"minecraft:spruce_stairs":7,"minecraft:gravel":77,"minecraft:white_bed":1,"minecraft:grass_block":10,"minecraft:spruce_door":6,"minecraft:dark_prismarine":134,"minecraft:firework_rocket":499,"minecraft:arrow":8,"minecraft:rotten_flesh":4,"minecraft:campfire":3,"minecraft:slime_block":1,"minecraft:soul_lantern":28,"minecraft:diamond_boots":4,"minecraft:crossbow":2,"minecraft:painting":5,"minecraft:spruce_sign":5,"minecraft:end_rod":20,"minecraft:totem_of_undying":3,"minecraft:cobblestone":1,"minecraft:ender_pearl":52,"minecraft:diamond_pickaxe":2},"minecraft:killed_by":{"minecraft:player":2},"minecraft:mined":{"minecraft:dark_prismarine":14,"minecraft:spruce_planks":2,"minecraft:scaffolding":13,"minecraft:white_bed":1,"minecraft:gray_concrete":11,"minecraft:player_wall_head":1,"minecraft:basalt":1,"minecraft:spruce_door":2,"minecraft:grass_block":2,"minecraft:spruce_wall_sign":1,"minecraft:slime_block":1,"minecraft:spruce_stairs":7,"minecraft:gray_concrete_powder":7,"minecraft:jukebox":1,"minecraft:oak_sign":1,"minecraft:oak_stairs":2,"minecraft:yellow_concrete":2,"minecraft:dirt":7,"minecraft:gray_carpet":1,"minecraft:fern":4,"minecraft:tripwire":1,"minecraft:emerald_block":2}},"DataVersion":2584}