{"stats":{"minecraft:broken":{"minecraft:shears":3,"minecraft:diamond_shovel":1,"minecraft:diamond_pickaxe":2,"minecraft:stone_hoe":1,"minecraft:iron_pickaxe":3,"minecraft:iron_shovel":1,"minecraft:stone_pickaxe":2,"minecraft:netherite_shovel":1,"minecraft:iron_sword":1,"minecraft:iron_axe":3,"minecraft:flint_and_steel":1},"minecraft:custom":{"minecraft:interact_with_crafting_table":1641,"minecraft:deaths":46,"minecraft:jump":169015,"minecraft:play_record":2,"minecraft:interact_with_cartography_table":25,"minecraft:inspect_dispenser":151,"minecraft:horse_one_cm":251240,"minecraft:inspect_dropper":400,"minecraft:interact_with_anvil":379,"minecraft:inspect_hopper":1652,"minecraft:tune_noteblock":3,"minecraft:time_since_rest":3254,"minecraft:swim_one_cm":8929749,"minecraft:open_chest":18855,"minecraft:open_shulker_box":12760,"minecraft:damage_resisted":3436,"minecraft:play_noteblock":1,"minecraft:talked_to_villager":3550,"minecraft:interact_with_brewingstand":631,"minecraft:interact_with_beacon":13,"minecraft:fill_cauldron":10,"minecraft:boat_one_cm":5074454,"minecraft:damage_taken":128797,"minecraft:aviate_one_cm":458089383,"minecraft:open_barrel":1679,"minecraft:bell_ring":23,"minecraft:eat_cake_slice":3,"minecraft:leave_game":577,"minecraft:time_since_death":8021388,"minecraft:enchant_item":298,"minecraft:interact_with_furnace":880,"minecraft:traded_with_villager":8322,"minecraft:sleep_in_bed":740,"minecraft:damage_dealt":1636939,"minecraft:use_cauldron":1,"minecraft:interact_with_smithing_table":43,"minecraft:target_hit":110,"minecraft:sneak_time":2502138,"minecraft:interact_with_lectern":148,"minecraft:interact_with_blast_furnace":120,"minecraft:interact_with_stonecutter":140,"minecraft:fly_one_cm":37663860,"minecraft:fall_one_cm":3490848,"minecraft:animals_bred":1460,"minecraft:sprint_one_cm":66817843,"minecraft:drop":10956,"minecraft:walk_on_water_one_cm":10080928,"minecraft:play_one_minute":48472540,"minecraft:interact_with_loom":19,"minecraft:open_enderchest":5579,"minecraft:player_kills":6,"minecraft:crouch_one_cm":7606400,"minecraft:mob_kills":44180,"minecraft:climb_one_cm":3262822,"minecraft:walk_one_cm":109843023,"minecraft:clean_shulker_box":20,"minecraft:walk_under_water_one_cm":15519717,"minecraft:pot_flower":11,"minecraft:interact_with_grindstone":317,"minecraft:trigger_trapped_chest":199,"minecraft:minecart_one_cm":10896087},"minecraft:used":{"minecraft:writable_book":45,"minecraft:jack_o_lantern":57,"minecraft:smooth_quartz_slab":6,"minecraft:dispenser":37,"minecraft:poppy":2,"minecraft:black_carpet":1454,"minecraft:stone":42515,"minecraft:red_nether_brick_stairs":1,"minecraft:quartz_stairs":277,"minecraft:rotten_flesh":2,"minecraft:tube_coral":3,"minecraft:chiseled_red_sandstone":386,"minecraft:soul_sand":743,"minecraft:cocoa_beans":173,"minecraft:snowball":81,"minecraft:azure_bluet":3,"minecraft:polished_blackstone_slab":489,"minecraft:jungle_sapling":29,"minecraft:packed_ice":63,"minecraft:lava_bucket":488,"minecraft:red_wool":2,"minecraft:music_disc_pigstep":2,"minecraft:jungle_fence_gate":481,"minecraft:quartz_block":15,"minecraft:netherite_hoe":2776,"minecraft:dark_oak_leaves":5,"minecraft:bow":7933,"minecraft:oak_sapling":176,"minecraft:cooked_cod":7,"minecraft:mossy_stone_bricks":135,"minecraft:prismarine":2288,"minecraft:lily_pad":1,"minecraft:blackstone":567,"minecraft:cactus":88,"minecraft:wooden_pickaxe":3,"minecraft:composter":83,"minecraft:clay":64,"minecraft:jungle_boat":3,"minecraft:blast_furnace":9,"minecraft:purple_concrete_powder":8,"minecraft:birch_slab":15,"minecraft:oak_pressure_plate":11,"minecraft:cut_red_sandstone":36,"minecraft:nether_wart_block":57,"minecraft:diamond_sword":16516,"minecraft:smithing_table":11,"minecraft:birch_log":10,"minecraft:oak_boat":138,"minecraft:purple_wool":2,"minecraft:oak_trapdoor":83,"minecraft:polished_blackstone_brick_slab":2132,"minecraft:enchanting_table":3,"minecraft:dead_bush":103,"minecraft:armor_stand":36,"minecraft:light_gray_carpet":107,"minecraft:polished_blackstone_wall":425,"minecraft:cooked_salmon":3,"minecraft:torch":14281,"minecraft:brewing_stand":41,"minecraft:cod_bucket":10,"minecraft:oak_fence_gate":23,"minecraft:fern":7,"minecraft:mossy_cobblestone_stairs":1,"minecraft:sea_lantern":2030,"minecraft:chipped_anvil":2,"minecraft:iron_block":82,"minecraft:light_weighted_pressure_plate":15,"minecraft:jungle_log":18,"minecraft:barrel":52,"minecraft:bamboo":181,"minecraft:lime_concrete":1,"minecraft:podzol":201,"minecraft:trapped_chest":34,"minecraft:horn_coral_fan":2,"minecraft:wheat_seeds":5262,"minecraft:warped_stem":7,"minecraft:tube_coral_block":156,"minecraft:birch_planks":13036,"minecraft:blue_concrete_powder":512,"minecraft:cauldron":7,"minecraft:conduit":7,"minecraft:diamond_block":23,"minecraft:rail":679,"minecraft:white_bed":608,"minecraft:campfire":30,"minecraft:spruce_log":139,"minecraft:diamond_pickaxe":202324,"minecraft:diamond_shovel":110645,"minecraft:acacia_sign":37,"minecraft:suspicious_stew":1,"minecraft:spruce_trapdoor":1225,"minecraft:spruce_sapling":444,"minecraft:potion":52,"minecraft:orange_banner":17,"minecraft:cooked_porkchop":158,"minecraft:stripped_oak_log":55,"minecraft:dandelion":2,"minecraft:red_sand":2,"minecraft:nether_wart":701,"minecraft:grass":199,"minecraft:bubble_coral":5,"minecraft:spruce_leaves":63,"minecraft:jungle_planks":1,"minecraft:beehive":269,"minecraft:obsidian":451,"minecraft:lantern":261,"minecraft:green_wool":3,"minecraft:polished_blackstone_brick_wall":10,"minecraft:warped_nylium":11,"minecraft:item_frame":215,"minecraft:birch_trapdoor":2578,"minecraft:horn_coral":4,"minecraft:blue_shulker_box":490,"minecraft:written_book":322,"minecraft:gold_block":613,"minecraft:dark_oak_sapling":31,"minecraft:tube_coral_fan":1,"minecraft:end_rod":16,"minecraft:dropper":24,"minecraft:wither_skeleton_skull":9,"minecraft:stone_pickaxe":430,"minecraft:jungle_fence":4,"minecraft:oak_planks":22,"minecraft:prismarine_stairs":8,"minecraft:sandstone":47,"minecraft:sugar_cane":489,"minecraft:diamond_axe":15685,"minecraft:white_wool":2,"minecraft:light_blue_concrete":759,"minecraft:light_blue_wool":99,"minecraft:sticky_piston":93,"minecraft:lever":187,"minecraft:daylight_detector":5,"minecraft:dark_oak_log":137,"minecraft:brown_wool":3,"minecraft:warped_slab":5,"minecraft:light_blue_concrete_powder":1024,"minecraft:pufferfish_bucket":33,"minecraft:chain":31,"minecraft:smooth_stone_slab":15677,"minecraft:coarse_dirt":3881,"minecraft:bone_meal":6228,"minecraft:netherite_sword":5942,"minecraft:rose_bush":4,"minecraft:flint_and_steel":68,"minecraft:redstone":1123,"minecraft:dried_kelp":37,"minecraft:ender_chest":744,"minecraft:brown_shulker_box":3,"minecraft:stone_hoe":428,"minecraft:dirt":68327,"minecraft:red_nether_brick_slab":3,"minecraft:prismarine_bricks":860,"minecraft:spruce_fence":506,"minecraft:oak_stairs":3,"minecraft:smooth_sandstone":822,"minecraft:black_stained_glass":376,"minecraft:soul_soil":396,"minecraft:netherite_pickaxe":160597,"minecraft:minecart":83,"minecraft:cyan_concrete_powder":841,"minecraft:cooked_beef":2516,"minecraft:pumpkin":64,"minecraft:turtle_egg":286,"minecraft:cobblestone_stairs":17,"minecraft:snow_block":145,"minecraft:brown_mushroom":4,"minecraft:cut_sandstone":634,"minecraft:spruce_sign":13,"minecraft:warped_roots":258,"minecraft:red_mushroom":1,"minecraft:cyan_stained_glass":20,"minecraft:piston":380,"minecraft:flower_pot":14,"minecraft:black_wool":2,"minecraft:lapis_ore":601,"minecraft:detector_rail":86,"minecraft:stone_slab":99,"minecraft:yellow_wool":63,"minecraft:stone_axe":36,"minecraft:pink_shulker_box":64,"minecraft:pumpkin_pie":40,"minecraft:wither_rose":60,"minecraft:sea_pickle":615,"minecraft:gray_wool":2,"minecraft:polished_blackstone":1500,"minecraft:spruce_slab":377,"minecraft:ladder":290,"minecraft:chest":1164,"minecraft:white_shulker_box":371,"minecraft:orange_wool":2,"minecraft:stripped_spruce_log":1,"minecraft:honey_block":2,"minecraft:netherite_shovel":87337,"minecraft:black_stained_glass_pane":2084,"minecraft:grass_block":5309,"minecraft:birch_sapling":600,"minecraft:polished_andesite_stairs":19,"minecraft:orange_shulker_box":7,"minecraft:pink_wool":2,"minecraft:stone_brick_stairs":177,"minecraft:snow":5,"minecraft:sweet_berries":30,"minecraft:furnace":70,"minecraft:egg":11,"minecraft:brown_concrete_powder":9,"minecraft:light_blue_carpet":354,"minecraft:emerald_ore":22,"minecraft:diorite":152,"minecraft:end_stone_bricks":3,"minecraft:spruce_door":4,"minecraft:acacia_trapdoor":17,"minecraft:powered_rail":1164,"minecraft:blackstone_stairs":1812,"minecraft:oak_leaves":478,"minecraft:smooth_quartz_stairs":272,"minecraft:cookie":2,"minecraft:dark_oak_trapdoor":1024,"minecraft:sand":24736,"minecraft:black_concrete_powder":2433,"minecraft:pumpkin_seeds":2,"minecraft:chiseled_sandstone":528,"minecraft:crying_obsidian":945,"minecraft:stone_button":29,"minecraft:cyan_carpet":405,"minecraft:lectern":1478,"minecraft:red_terracotta":179,"minecraft:polished_granite":147,"minecraft:diamond_ore":986,"minecraft:soul_lantern":84,"minecraft:wooden_sword":4,"minecraft:white_stained_glass":28,"minecraft:green_concrete_powder":1,"minecraft:ice":13,"minecraft:iron_bars":39,"minecraft:acacia_log":170,"minecraft:brain_coral_fan":3,"minecraft:red_concrete":330,"minecraft:mycelium":92,"minecraft:sandstone_wall":24,"minecraft:netherrack":9944,"minecraft:anvil":30,"minecraft:warped_wart_block":62,"minecraft:ancient_debris":1,"minecraft:stone_stairs":1,"minecraft:nether_brick_slab":9,"minecraft:blue_concrete":372,"minecraft:nether_brick_stairs":8,"minecraft:shroomlight":84,"minecraft:red_shulker_box":428,"minecraft:iron_axe":584,"minecraft:slime_block":21,"minecraft:smooth_quartz":65,"minecraft:prismarine_slab":134,"minecraft:melon_seeds":1,"minecraft:tripwire_hook":87,"minecraft:glowstone":97,"minecraft:iron_trapdoor":701,"minecraft:magenta_wool":2,"minecraft:orange_terracotta":1,"minecraft:observer":345,"minecraft:crimson_stem":10,"minecraft:water_bucket":2339,"minecraft:sandstone_stairs":291,"minecraft:prismarine_brick_slab":3588,"minecraft:yellow_shulker_box":25,"minecraft:cartography_table":5,"minecraft:lime_wool":2,"minecraft:bubble_coral_fan":3,"minecraft:smooth_sandstone_slab":1323,"minecraft:fletching_table":108,"minecraft:polished_blackstone_bricks":261,"minecraft:cracked_stone_bricks":198,"minecraft:gilded_blackstone":3,"minecraft:salmon":1,"minecraft:comparator":82,"minecraft:vine":30,"minecraft:tnt":694,"minecraft:oak_slab":10,"minecraft:crafting_table":251,"minecraft:birch_sign":15,"minecraft:fire_coral":2,"minecraft:dark_oak_fence_gate":98,"minecraft:lime_shulker_box":24,"minecraft:oak_log":181,"minecraft:dark_prismarine":134,"minecraft:oxeye_daisy":1,"minecraft:sunflower":3,"minecraft:iron_pickaxe":1024,"minecraft:cyan_concrete":814,"minecraft:crimson_nylium":80,"minecraft:cobblestone":3879,"minecraft:red_concrete_powder":512,"minecraft:sandstone_slab":40,"minecraft:glass_pane":873,"minecraft:jukebox":2,"minecraft:kelp":907,"minecraft:iron_shovel":683,"minecraft:oak_sign":330,"minecraft:diamond_hoe":738,"minecraft:white_concrete_powder":22119,"minecraft:iron_sword":344,"minecraft:bell":3,"minecraft:player_head":34,"minecraft:smooth_sandstone_stairs":305,"minecraft:birch_pressure_plate":47,"minecraft:nether_bricks":198,"minecraft:prismarine_brick_stairs":3,"minecraft:carrot":89,"minecraft:cyan_wool":49,"minecraft:milk_bucket":4,"minecraft:glass":4386,"minecraft:cyan_terracotta":1,"minecraft:coal_ore":2878,"minecraft:quartz_slab":186,"minecraft:gray_concrete_powder":1,"minecraft:hopper_minecart":29,"minecraft:stone_bricks":13899,"minecraft:repeater":152,"minecraft:red_carpet":173,"minecraft:redstone_lamp":15,"minecraft:brown_carpet":406,"minecraft:magma_block":5430,"minecraft:warped_fungus":48,"minecraft:hay_block":7,"minecraft:scaffolding":3607,"minecraft:fire_coral_fan":4,"minecraft:chiseled_polished_blackstone":257,"minecraft:birch_leaves":437,"minecraft:dark_oak_sign":1,"minecraft:ender_pearl":303,"minecraft:redstone_block":156,"minecraft:brain_coral":3,"minecraft:loom":5,"minecraft:sponge":316,"minecraft:blackstone_wall":15,"minecraft:shears":2879,"minecraft:redstone_torch":215,"minecraft:green_concrete":2,"minecraft:black_concrete":1897,"minecraft:firework_rocket":877,"minecraft:string":347,"minecraft:light_gray_concrete":1711,"minecraft:brown_stained_glass":1,"minecraft:gravel":3235,"minecraft:blackstone_slab":92,"minecraft:stripped_oak_wood":207,"minecraft:grindstone":10,"minecraft:andesite":1832,"minecraft:oak_fence":521,"minecraft:white_concrete":22512,"minecraft:chest_minecart":9,"minecraft:experience_bottle":285,"minecraft:tropical_fish_bucket":15,"minecraft:cobweb":4,"minecraft:jungle_leaves":875,"minecraft:trident":1004,"minecraft:redstone_ore":1030,"minecraft:oak_door":13,"minecraft:white_carpet":4246,"minecraft:hopper":940,"minecraft:spruce_stairs":109,"minecraft:cobblestone_wall":28,"minecraft:shulker_box":3096,"minecraft:oak_wood":576,"minecraft:granite":118,"minecraft:purple_stained_glass_pane":1618,"minecraft:stone_brick_slab":3443,"minecraft:bookshelf":104,"minecraft:yellow_stained_glass":1,"minecraft:polished_blackstone_brick_stairs":489,"minecraft:light_gray_wool":2,"minecraft:golden_carrot":3,"minecraft:emerald_block":1652,"minecraft:white_stained_glass_pane":27,"minecraft:stone_pressure_plate":3,"minecraft:iron_ore":5,"minecraft:glass_bottle":469,"minecraft:polished_andesite":276,"minecraft:blue_wool":70,"minecraft:black_shulker_box":304,"minecraft:stonecutter":43,"minecraft:beacon":13,"minecraft:chiseled_nether_bricks":20,"minecraft:jungle_wood":359,"minecraft:polished_blackstone_pressure_plate":3,"minecraft:stripped_dark_oak_log":4,"minecraft:terracotta":1,"minecraft:brown_banner":28,"minecraft:light_gray_concrete_powder":1921,"minecraft:activator_rail":2,"minecraft:cracked_polished_blackstone_bricks":120,"minecraft:netherite_axe":13850,"minecraft:fishing_rod":16,"minecraft:green_shulker_box":4,"minecraft:white_banner":1,"minecraft:bucket":2927,"minecraft:smooth_stone":2801,"minecraft:splash_potion":231,"minecraft:purple_carpet":2,"minecraft:soul_torch":5},"minecraft:picked_up":{"minecraft:suspicious_stew":1,"minecraft:smithing_table":9,"minecraft:lead":68,"minecraft:stone_slab":9,"minecraft:enchanted_book":300,"minecraft:blue_concrete":3,"minecraft:polished_blackstone_brick_stairs":152,"minecraft:string":910,"minecraft:pufferfish":64,"minecraft:shroomlight":119,"minecraft:diamond_leggings":8,"minecraft:horn_coral_block":88,"minecraft:bubble_coral":19,"minecraft:warped_slab":3,"minecraft:diamond_ore":998,"minecraft:polished_blackstone_brick_slab":122,"minecraft:jukebox":2,"minecraft:acacia_log":212,"minecraft:purpur_pillar":9,"minecraft:cyan_stained_glass":14,"minecraft:honeycomb_block":5,"minecraft:end_crystal":3,"minecraft:golden_chestplate":39,"minecraft:gray_shulker_box":5,"minecraft:cauldron":7,"minecraft:brown_carpet":7,"minecraft:stone_sword":20,"minecraft:horn_coral_fan":106,"minecraft:blackstone_wall":7,"minecraft:carved_pumpkin":66,"minecraft:end_rod":29,"minecraft:glowstone":69,"minecraft:bookshelf":18,"minecraft:blaze_rod":78,"minecraft:iron_bars":5,"minecraft:snowball":700,"minecraft:sponge":7,"minecraft:cooked_beef":3476,"minecraft:feather":138,"minecraft:water_bucket":12,"minecraft:brown_wool":3,"minecraft:flint":817,"minecraft:cyan_concrete_powder":12,"minecraft:lantern":64,"minecraft:gray_concrete_powder":1,"minecraft:purple_carpet":2,"minecraft:stonecutter":40,"minecraft:dark_oak_sign":1,"minecraft:diamond_helmet":5,"minecraft:rabbit":86,"minecraft:chiseled_polished_blackstone":8,"minecraft:stripped_spruce_log":3,"minecraft:polished_andesite":9,"minecraft:lever":157,"minecraft:granite":9591,"minecraft:golden_horse_armor":4,"minecraft:jack_o_lantern":1,"minecraft:light_gray_carpet":29,"minecraft:crimson_roots":29,"minecraft:diamond_pickaxe":20,"minecraft:bee_nest":1,"minecraft:clay_ball":7232,"minecraft:leather_leggings":26,"minecraft:redstone_lamp":9,"minecraft:dragon_head":5,"minecraft:purpur_block":37,"minecraft:fire_coral":12,"minecraft:cornflower":1,"minecraft:elytra":15,"minecraft:flint_and_steel":1,"minecraft:white_carpet":462,"minecraft:white_stained_glass":3,"minecraft:iron_shovel":3,"minecraft:polished_blackstone_wall":38,"minecraft:glass_pane":9,"minecraft:netherite_sword":7,"minecraft:jungle_sapling":51,"minecraft:poppy":1063,"minecraft:spruce_slab":179,"minecraft:minecart":260,"minecraft:birch_sapling":1424,"minecraft:piston":66,"minecraft:lime_shulker_box":29,"minecraft:black_stained_glass":125,"minecraft:stone":183695,"minecraft:music_disc_mellohi":1,"minecraft:jungle_fence_gate":36,"minecraft:netherite_pickaxe":17,"minecraft:diamond_chestplate":4,"minecraft:purpur_slab":3,"minecraft:hay_block":37,"minecraft:totem_of_undying":2,"minecraft:polished_blackstone":260,"minecraft:mutton":188,"minecraft:rail":908,"minecraft:bone_block":64,"minecraft:emerald_ore":23,"minecraft:oxeye_daisy":13,"minecraft:birch_leaves":11,"minecraft:yellow_shulker_box":26,"minecraft:tripwire_hook":51,"minecraft:jungle_fence":1,"minecraft:fern":16,"minecraft:blackstone_slab":11,"minecraft:purpur_stairs":15,"minecraft:lily_pad":941,"minecraft:paper":38,"minecraft:apple":159,"minecraft:warped_stem":296,"minecraft:yellow_stained_glass":1,"minecraft:oak_fence_gate":7,"minecraft:iron_ore":2203,"minecraft:polished_andesite_stairs":5,"minecraft:sweet_berries":42,"minecraft:lime_concrete":3,"minecraft:crying_obsidian":58,"minecraft:leather_helmet":26,"minecraft:oak_wood":141,"minecraft:diamond_shovel":12,"minecraft:coal_ore":3325,"minecraft:slime_ball":808,"minecraft:birch_sign":19,"minecraft:polished_blackstone_brick_wall":2,"minecraft:baked_potato":20,"minecraft:hopper":368,"minecraft:prismarine_stairs":4,"minecraft:black_carpet":117,"minecraft:light_blue_concrete":13,"minecraft:ender_chest":777,"minecraft:yellow_wool":61,"minecraft:gilded_blackstone":61,"minecraft:stone_brick_stairs":119,"minecraft:lapis_block":5,"minecraft:experience_bottle":644,"minecraft:smooth_stone":282,"minecraft:red_sand":7042,"minecraft:comparator":88,"minecraft:white_tulip":8,"minecraft:rose_bush":90,"minecraft:ender_eye":4,"minecraft:smooth_quartz":3,"minecraft:smooth_quartz_stairs":15,"minecraft:blue_wool":43,"minecraft:birch_trapdoor":99,"minecraft:spruce_stairs":44,"minecraft:netherite_shovel":6,"minecraft:diorite":11294,"minecraft:vine":446,"minecraft:rotten_flesh":16248,"minecraft:music_disc_ward":2,"minecraft:brown_shulker_box":4,"minecraft:music_disc_wait":1,"minecraft:obsidian":713,"minecraft:blaze_powder":3,"minecraft:cobblestone":11691,"minecraft:enchanting_table":3,"minecraft:leather_chestplate":22,"minecraft:lilac":16,"minecraft:repeater":100,"minecraft:andesite":11700,"minecraft:golden_leggings":51,"minecraft:beacon":14,"minecraft:potato":18,"minecraft:smooth_sandstone_stairs":20,"minecraft:prismarine_bricks":714,"minecraft:dirt":114099,"minecraft:stripped_birch_log":7,"minecraft:name_tag":11,"minecraft:glass":958,"minecraft:bone":11050,"minecraft:bow":570,"minecraft:wheat_seeds":13828,"minecraft:grindstone":8,"minecraft:netherite_axe":10,"minecraft:purple_stained_glass_pane":151,"minecraft:mossy_stone_bricks":2,"minecraft:fletching_table":91,"minecraft:bamboo":1170,"minecraft:cyan_concrete":88,"minecraft:prismarine":900,"minecraft:brown_stained_glass":1,"minecraft:black_stained_glass_pane":85,"minecraft:melon":1,"minecraft:nether_brick_stairs":6,"minecraft:grass_block":6856,"minecraft:diamond_block":28,"minecraft:spectral_arrow":1,"minecraft:mossy_cobblestone":40,"minecraft:jungle_leaves":928,"minecraft:sugar":78,"minecraft:slime_block":22,"minecraft:netherite_helmet":5,"minecraft:polished_blackstone_pressure_plate":3,"minecraft:soul_lantern":8,"minecraft:cracked_polished_blackstone_bricks":1508,"minecraft:crossbow":6,"minecraft:bone_meal":91,"minecraft:grass":553,"minecraft:golden_apple":19,"minecraft:spruce_sign":2,"minecraft:emerald":348,"minecraft:netherrack":37767,"minecraft:oak_leaves":873,"minecraft:azure_bluet":16,"minecraft:splash_potion":15,"minecraft:ladder":237,"minecraft:brown_mushroom":111,"minecraft:packed_ice":1,"minecraft:chain":20,"minecraft:shield":1,"minecraft:oak_trapdoor":63,"minecraft:mycelium":301,"minecraft:birch_fence":6,"minecraft:blackstone":5448,"minecraft:blue_orchid":67,"minecraft:end_stone":21,"minecraft:polished_blackstone_bricks":4892,"minecraft:cookie":18,"minecraft:brown_concrete_powder":1,"minecraft:trident":31,"minecraft:light_gray_stained_glass_pane":60,"minecraft:stone_pressure_plate":5,"minecraft:blue_concrete_powder":70,"minecraft:weeping_vines":34,"minecraft:tube_coral":17,"minecraft:red_shulker_box":433,"minecraft:pumpkin_pie":73,"minecraft:nether_bricks":22,"minecraft:pink_tulip":22,"minecraft:nether_brick_wall":1,"minecraft:netherite_boots":5,"minecraft:jungle_boat":2,"minecraft:prismarine_slab":41,"minecraft:basalt":529,"minecraft:golden_carrot":27,"minecraft:leather":1965,"minecraft:music_disc_stal":1,"minecraft:ice":2,"minecraft:crimson_fungus":8,"minecraft:chainmail_chestplate":9,"minecraft:cobblestone_wall":15,"minecraft:gunpowder":1923,"minecraft:orange_terracotta":16,"minecraft:cooked_mutton":329,"minecraft:red_carpet":10,"minecraft:acacia_trapdoor":11,"minecraft:rabbit_hide":100,"minecraft:iron_ingot":540,"minecraft:cooked_chicken":72,"minecraft:prismarine_brick_slab":1320,"minecraft:polished_andesite_slab":13,"minecraft:warped_fungus":82,"minecraft:nether_quartz_ore":1164,"minecraft:emerald_block":1658,"minecraft:stone_brick_slab":976,"minecraft:quartz":803,"minecraft:dandelion":94,"minecraft:soul_torch":3,"minecraft:nether_brick_slab":9,"minecraft:spruce_door":5,"minecraft:light_blue_concrete_powder":7,"minecraft:pumpkin_seeds":274,"minecraft:white_concrete_powder":985,"minecraft:chainmail_leggings":12,"minecraft:mossy_cobblestone_stairs":1,"minecraft:terracotta":3,"minecraft:sunflower":219,"minecraft:seagrass":1168,"minecraft:iron_chestplate":7,"minecraft:chainmail_boots":11,"minecraft:creeper_head":1,"minecraft:flower_pot":5,"minecraft:anvil":19,"minecraft:prismarine_shard":57,"minecraft:diamond_sword":30,"minecraft:oak_stairs":8,"minecraft:wither_rose":86,"minecraft:brewing_stand":39,"minecraft:golden_sword":18,"minecraft:dark_oak_trapdoor":8,"minecraft:soul_soil":820,"minecraft:cooked_salmon":20,"minecraft:gold_nugget":824,"minecraft:spruce_planks":643,"minecraft:acacia_sign":681,"minecraft:written_book":82,"minecraft:golden_helmet":38,"minecraft:beehive":36,"minecraft:music_disc_blocks":1,"minecraft:composter":42,"minecraft:rabbit_foot":8,"minecraft:chiseled_nether_bricks":2,"minecraft:light_blue_wool":11,"minecraft:tropical_fish":38,"minecraft:iron_block":63,"minecraft:cyan_terracotta":1,"minecraft:blackstone_stairs":171,"minecraft:birch_log":6806,"minecraft:magma_block":7377,"minecraft:iron_door":2,"minecraft:birch_slab":1,"minecraft:jungle_log":1412,"minecraft:jungle_wood":188,"minecraft:netherite_leggings":5,"minecraft:map":1,"minecraft:light_gray_concrete_powder":1137,"minecraft:twisting_vines":5,"minecraft:chipped_anvil":2,"minecraft:glowstone_dust":65,"minecraft:warped_wart_block":1926,"minecraft:dropper":15,"minecraft:ink_sac":475,"minecraft:loom":5,"minecraft:barrel":40,"minecraft:trapped_chest":2,"minecraft:dark_oak_log":4690,"minecraft:red_terracotta":396,"minecraft:dispenser":2,"minecraft:black_concrete_powder":124,"minecraft:green_concrete":6,"minecraft:writable_book":1,"minecraft:chainmail_helmet":12,"minecraft:bread":1476,"minecraft:spruce_leaves":135,"minecraft:crafting_table":256,"minecraft:coarse_dirt":220,"minecraft:sandstone_slab":40,"minecraft:bubble_coral_fan":108,"minecraft:nether_wart":1457,"minecraft:orange_banner":18,"minecraft:conduit":3,"minecraft:snow":5,"minecraft:netherite_scrap":1,"minecraft:compass":64,"minecraft:cracked_stone_bricks":10,"minecraft:cartography_table":5,"minecraft:beef":528,"minecraft:cyan_wool":6,"minecraft:iron_nugget":17,"minecraft:quartz_stairs":102,"minecraft:chest":743,"minecraft:egg":40,"minecraft:sandstone":4357,"minecraft:oak_door":12,"minecraft:spruce_fence":14,"minecraft:carrot":187,"minecraft:redstone":10106,"minecraft:mushroom_stem":4,"minecraft:prismarine_crystals":35,"minecraft:tnt":70,"minecraft:cooked_cod":75,"minecraft:beetroot_seeds":52,"minecraft:peony":33,"minecraft:tube_coral_fan":121,"minecraft:shears":4,"minecraft:diamond_boots":12,"minecraft:sandstone_stairs":19,"minecraft:tube_coral_block":199,"minecraft:gold_ingot":250,"minecraft:white_shulker_box":374,"minecraft:white_wool":121,"minecraft:lapis_ore":678,"minecraft:stripped_oak_log":61,"minecraft:red_mushroom_block":45,"minecraft:red_mushroom":153,"minecraft:filled_map":85,"minecraft:oak_log":2361,"minecraft:ancient_debris":126,"minecraft:golden_boots":53,"minecraft:white_banner":1,"minecraft:birch_pressure_plate":23,"minecraft:stone_bricks":3595,"minecraft:kelp":2825,"minecraft:cobweb":31,"minecraft:glass_bottle":121,"minecraft:iron_sword":9,"minecraft:white_stained_glass_pane":2,"minecraft:daylight_detector":1,"minecraft:yellow_concrete":1,"minecraft:gravel":17681,"minecraft:spruce_sapling":1137,"minecraft:spruce_log":6557,"minecraft:sea_lantern":200,"minecraft:firework_rocket":2568,"minecraft:stone_axe":1,"minecraft:light_blue_carpet":10,"minecraft:redstone_ore":1502,"minecraft:scute":13,"minecraft:diamond_axe":11,"minecraft:gray_wool":36,"minecraft:warped_roots":894,"minecraft:oak_button":4,"minecraft:brown_banner":15,"minecraft:melon_seeds":2,"minecraft:warped_nylium":25,"minecraft:stripped_dark_oak_log":5,"minecraft:crimson_nylium":182,"minecraft:ender_pearl":34384,"minecraft:shulker_shell":422,"minecraft:music_disc_strad":1,"minecraft:wheat":4574,"minecraft:redstone_block":400,"minecraft:iron_trapdoor":97,"minecraft:turtle_egg":1233,"minecraft:potion":429,"minecraft:brain_coral_block":41,"minecraft:nether_brick":1,"minecraft:smooth_stone_slab":897,"minecraft:iron_leggings":5,"minecraft:armor_stand":24,"minecraft:sticky_piston":52,"minecraft:pink_shulker_box":65,"minecraft:oak_sign":85,"minecraft:sea_pickle":651,"minecraft:activator_rail":6,"minecraft:black_shulker_box":324,"minecraft:dark_oak_leaves":16,"minecraft:redstone_torch":207,"minecraft:iron_boots":291,"minecraft:furnace":45,"minecraft:stick":3553,"minecraft:orange_shulker_box":9,"minecraft:oak_fence":578,"minecraft:torch":4063,"minecraft:porkchop":211,"minecraft:snow_block":127,"minecraft:dried_kelp":8,"minecraft:music_disc_pigstep":2,"minecraft:light_gray_banner":6,"minecraft:nether_gold_ore":316,"minecraft:cactus":138,"minecraft:green_wool":1,"minecraft:fire_coral_fan":99,"minecraft:cod":108,"minecraft:nautilus_shell":76,"minecraft:magma_cream":96,"minecraft:light_gray_dye":1,"minecraft:wither_skeleton_skull":7,"minecraft:horn_coral":29,"minecraft:acacia_boat":1,"minecraft:green_shulker_box":11,"minecraft:lapis_lazuli":9897,"minecraft:polished_granite":1,"minecraft:leather_boots":41,"minecraft:bell":6,"minecraft:powered_rail":826,"minecraft:oak_planks":405,"minecraft:brain_coral":12,"minecraft:ghast_tear":50,"minecraft:cooked_porkchop":186,"minecraft:oak_pressure_plate":6,"minecraft:polished_blackstone_slab":79,"minecraft:jungle_planks":1,"minecraft:sand":44362,"minecraft:dead_bush":81,"minecraft:lily_of_the_valley":15,"minecraft:chiseled_sandstone":410,"minecraft:shulker_box":3139,"minecraft:dark_prismarine":130,"minecraft:light_gray_concrete":546,"minecraft:clay":726,"minecraft:diamond":2751,"minecraft:spruce_boat":2,"minecraft:black_concrete":110,"minecraft:white_concrete":8537,"minecraft:chiseled_red_sandstone":8,"minecraft:oak_sapling":820,"minecraft:bubble_coral_block":98,"minecraft:nether_star":4,"minecraft:cocoa_beans":260,"minecraft:end_stone_bricks":35,"minecraft:fishing_rod":13,"minecraft:charcoal":12,"minecraft:chicken":51,"minecraft:cooked_rabbit":2,"minecraft:gold_block":1686,"minecraft:diamond_horse_armor":5,"minecraft:stone_stairs":2,"minecraft:orange_concrete":1,"minecraft:item_frame":92,"minecraft:quartz_slab":10,"minecraft:cyan_carpet":44,"minecraft:detector_rail":67,"minecraft:oak_boat":143,"minecraft:player_head":567,"minecraft:observer":71,"minecraft:light_gray_wool":10,"minecraft:lectern":1440,"minecraft:blue_shulker_box":495,"minecraft:sugar_cane":2225,"minecraft:spruce_trapdoor":104,"minecraft:phantom_membrane":274,"minecraft:dark_oak_sapling":433,"minecraft:stone_button":27,"minecraft:iron_horse_armor":2,"minecraft:dark_oak_planks":577,"minecraft:smooth_sandstone_slab":53,"minecraft:arrow":11092,"minecraft:saddle":7,"minecraft:wet_sponge":368,"minecraft:crimson_stem":106,"minecraft:salmon":105,"minecraft:cut_sandstone":116,"minecraft:birch_planks":582,"minecraft:nether_wart_block":714,"minecraft:cobblestone_stairs":2,"minecraft:podzol":135,"minecraft:smooth_sandstone":38,"minecraft:fire_coral_block":47,"minecraft:stripped_oak_wood":215,"minecraft:acacia_sapling":81,"minecraft:soul_sand":1388,"minecraft:music_disc_chirp":2,"minecraft:oak_slab":2,"minecraft:book":177,"minecraft:scaffolding":3753,"minecraft:birch_boat":4,"minecraft:pumpkin":126,"minecraft:brain_coral_fan":118,"minecraft:blast_furnace":8,"minecraft:white_bed":594,"minecraft:gold_ore":1815,"minecraft:dark_oak_fence_gate":2,"minecraft:spider_eye":446,"minecraft:music_disc_mall":3,"minecraft:dried_kelp_block":1,"minecraft:campfire":2,"minecraft:honey_block":7,"minecraft:iron_helmet":8,"minecraft:red_concrete":4,"minecraft:black_wool":85,"minecraft:coal":11070},"minecraft:dropped":{"minecraft:iron_sword":6,"minecraft:porkchop":91,"minecraft:diamond":64,"minecraft:cooked_porkchop":170,"minecraft:weeping_vines":3,"minecraft:warped_roots":242,"minecraft:gold_block":96,"minecraft:emerald":82,"minecraft:gold_nugget":337,"minecraft:sand":327,"minecraft:dark_oak_planks":577,"minecraft:fishing_rod":35,"minecraft:white_wool":36,"minecraft:stone_axe":11,"minecraft:compass":60,"minecraft:ancient_debris":2,"minecraft:diamond_block":2,"minecraft:iron_nugget":26,"minecraft:cooked_chicken":70,"minecraft:black_carpet":34,"minecraft:netherite_sword":2,"minecraft:wheat":13,"minecraft:rotten_flesh":96394,"minecraft:glowstone_dust":23,"minecraft:azure_bluet":7,"minecraft:rabbit_foot":1,"minecraft:coal_ore":16,"minecraft:leather_boots":40,"minecraft:acacia_sapling":11,"minecraft:leather_leggings":22,"minecraft:glass":184,"minecraft:beef":5,"minecraft:warped_wart_block":9,"minecraft:golden_boots":45,"minecraft:wheat_seeds":5221,"minecraft:clock":6,"minecraft:light_gray_stained_glass_pane":48,"minecraft:book":4,"minecraft:coal_block":256,"minecraft:mushroom_stew":4,"minecraft:acacia_sign":16,"minecraft:dark_oak_leaves":11,"minecraft:gray_wool":36,"minecraft:ink_sac":17,"minecraft:cooked_salmon":109,"minecraft:potion":1420,"minecraft:green_glazed_terracotta":7,"minecraft:jungle_boat":1,"minecraft:smooth_stone":4,"minecraft:chainmail_leggings":20,"minecraft:stone_brick_slab":6,"minecraft:snow_block":1,"minecraft:soul_soil":8,"minecraft:player_head":32,"minecraft:experience_bottle":54,"minecraft:white_carpet":3,"minecraft:iron_boots":761,"minecraft:name_tag":12,"minecraft:shears":5,"minecraft:diamond_sword":7,"minecraft:spruce_boat":2,"minecraft:peony":15,"minecraft:spruce_trapdoor":611,"minecraft:spruce_planks":517,"minecraft:diamond_pickaxe":7,"minecraft:redstone_torch":7,"minecraft:stone_pressure_plate":2,"minecraft:stone_bricks":74,"minecraft:sandstone":1,"minecraft:bow":171,"minecraft:red_sand":64,"minecraft:magma_block":70,"minecraft:cooked_rabbit":2,"minecraft:acacia_boat":1,"minecraft:soul_sand":217,"minecraft:orange_dye":1,"minecraft:warped_fungus":1,"minecraft:oak_log":1,"minecraft:ender_pearl":46749,"minecraft:dark_oak_sapling":1,"minecraft:leather":172,"minecraft:jungle_planks":6,"minecraft:cod":1,"minecraft:cracked_polished_blackstone_bricks":5,"minecraft:ice":1,"minecraft:mutton":230,"minecraft:stripped_oak_wood":3,"minecraft:pink_glazed_terracotta":7,"minecraft:gold_ingot":126,"minecraft:purpur_block":37,"minecraft:twisting_vines":2,"minecraft:yellow_stained_glass":8,"minecraft:cooked_mutton":329,"minecraft:mycelium":95,"minecraft:leather_chestplate":25,"minecraft:trident":13,"minecraft:iron_ore":21,"minecraft:white_concrete_powder":5876,"minecraft:scaffolding":69,"minecraft:light_gray_concrete_powder":2533,"minecraft:polished_granite":32,"minecraft:splash_potion":16,"minecraft:stone_hoe":1,"minecraft:bread":7247,"minecraft:golden_helmet":24,"minecraft:lilac":3,"minecraft:netherite_axe":5,"minecraft:tropical_fish":9,"minecraft:iron_block":28,"minecraft:nether_wart_block":3,"minecraft:white_concrete":39,"minecraft:iron_door":2,"minecraft:cactus":3,"minecraft:tripwire_hook":1,"minecraft:kelp":687,"minecraft:sweet_berries":20,"minecraft:oak_trapdoor":5,"minecraft:birch_pressure_plate":1,"minecraft:stripped_oak_log":2,"minecraft:shulker_box":11,"minecraft:flint_and_steel":1,"minecraft:oak_button":8,"minecraft:andesite":1268,"minecraft:golden_leggings":35,"minecraft:oak_sapling":77,"minecraft:spruce_log":1664,"minecraft:magma_cream":19,"minecraft:brown_stained_glass":8,"minecraft:nautilus_shell":14,"minecraft:oak_pressure_plate":1,"minecraft:cooked_beef":234,"minecraft:crossbow":19,"minecraft:cookie":16,"minecraft:saddle":2,"minecraft:purpur_stairs":15,"minecraft:elytra":1,"minecraft:rail":27,"minecraft:leather_helmet":13,"minecraft:red_carpet":2,"minecraft:dirt":667,"minecraft:stone_button":13,"minecraft:wooden_sword":1,"minecraft:bone_meal":129,"minecraft:bone_block":58,"minecraft:phantom_membrane":58,"minecraft:sugar":1,"minecraft:iron_pickaxe":7,"minecraft:gray_dye":1,"minecraft:cyan_carpet":2,"minecraft:bone":1202,"minecraft:oak_door":1,"minecraft:golden_chestplate":42,"minecraft:pink_dye":1,"minecraft:birch_sapling":377,"minecraft:netherite_shovel":1,"minecraft:end_stone":21,"minecraft:light_gray_carpet":4,"minecraft:salmon":352,"minecraft:tipped_arrow":151,"minecraft:charcoal":6,"minecraft:hopper":23,"minecraft:ladder":3,"minecraft:spruce_slab":635,"minecraft:white_dye":19,"minecraft:end_stone_bricks":25,"minecraft:crying_obsidian":3,"minecraft:egg":5,"minecraft:enchanted_book":471,"minecraft:iron_ingot":12,"minecraft:netherite_pickaxe":10,"minecraft:birch_leaves":3,"minecraft:oak_fence":3,"minecraft:purpur_slab":3,"minecraft:iron_helmet":6,"minecraft:feather":91,"minecraft:cobblestone":70,"minecraft:granite":2106,"minecraft:chainmail_helmet":7,"minecraft:coal":83,"minecraft:pufferfish":2,"minecraft:oxeye_daisy":9,"minecraft:golden_carrot":1,"minecraft:rose_bush":2,"minecraft:rabbit":87,"minecraft:diamond_helmet":2,"minecraft:dead_bush":1,"minecraft:dried_kelp":7,"minecraft:heart_of_the_sea":1,"minecraft:paper":22,"minecraft:iron_shovel":4,"minecraft:string":62,"minecraft:spruce_sapling":1,"minecraft:purpur_pillar":9,"minecraft:redstone_ore":1,"minecraft:jungle_fence_gate":1,"minecraft:stone_sword":32,"minecraft:cobblestone_wall":1,"minecraft:smooth_stone_slab":65,"minecraft:bowl":1,"minecraft:chicken":63,"minecraft:stone_slab":4,"minecraft:pumpkin_seeds":13,"minecraft:lily_of_the_valley":15,"minecraft:potato":11,"minecraft:cobblestone_slab":24,"minecraft:stone":10746,"minecraft:spider_eye":57,"minecraft:light_gray_dye":7,"minecraft:birch_boat":4,"minecraft:blue_orchid":11,"minecraft:magenta_dye":1,"minecraft:cyan_concrete_powder":200,"minecraft:black_wool":23,"minecraft:quartz_slab":1,"minecraft:spruce_sign":1,"minecraft:crimson_nylium":50,"minecraft:brown_mushroom":2,"minecraft:birch_planks":2,"minecraft:diamond_axe":5,"minecraft:sandstone_slab":7,"minecraft:lantern":31,"minecraft:blue_concrete_powder":448,"minecraft:flint":360,"minecraft:spruce_leaves":42,"minecraft:jungle_button":8,"minecraft:cornflower":1,"minecraft:crimson_roots":16,"minecraft:cooked_cod":82,"minecraft:seagrass":16,"minecraft:white_stained_glass_pane":7,"minecraft:pumpkin_pie":120,"minecraft:polished_blackstone_bricks":79,"minecraft:black_stained_glass":64,"minecraft:armor_stand":3,"minecraft:gravel":839,"minecraft:blackstone":371,"minecraft:diamond_shovel":9,"minecraft:carrot":9,"minecraft:chainmail_chestplate":15,"minecraft:chiseled_stone_bricks":16,"minecraft:poppy":4220,"minecraft:rabbit_hide":100,"minecraft:gunpowder":131,"minecraft:glowstone":1,"minecraft:chainmail_boots":5,"minecraft:chest":301,"minecraft:basalt":254,"minecraft:arrow":6901,"minecraft:powered_rail":1,"minecraft:prismarine_bricks":1,"minecraft:quartz":5,"minecraft:written_book":20,"minecraft:netherrack":13675,"minecraft:firework_rocket":773,"minecraft:water_bucket":1,"minecraft:oak_slab":5,"minecraft:minecart":44,"minecraft:diamond_leggings":7,"minecraft:lead":1,"minecraft:spectral_arrow":25,"minecraft:light_blue_concrete_powder":448,"minecraft:grass_block":138,"minecraft:stick":618,"minecraft:diorite":1614,"minecraft:nether_gold_ore":22,"minecraft:torch":85,"minecraft:brown_wool":2,"minecraft:map":1,"minecraft:iron_leggings":13,"minecraft:iron_axe":14,"minecraft:lapis_block":576,"minecraft:dandelion":33,"minecraft:redstone":93,"minecraft:warped_nylium":13,"minecraft:ender_chest":7,"minecraft:coarse_dirt":54,"minecraft:nether_wart":3,"minecraft:brown_glazed_terracotta":7,"minecraft:light_gray_wool":5,"minecraft:filled_map":11,"minecraft:black_concrete_powder":2231,"minecraft:orange_terracotta":1,"minecraft:iron_chestplate":4,"minecraft:quartz_stairs":3,"minecraft:golden_sword":21,"minecraft:diamond_boots":6,"minecraft:slime_ball":6,"minecraft:stone_pickaxe":12,"minecraft:nether_quartz_ore":42},"minecraft:mined":{"minecraft:dragon_wall_head":5,"minecraft:red_shulker_box":428,"minecraft:blackstone_stairs":191,"minecraft:white_bed":577,"minecraft:fire_coral_wall_fan":87,"minecraft:light_blue_carpet":10,"minecraft:granite":8895,"minecraft:acacia_log":212,"minecraft:brown_wool":1,"minecraft:oak_pressure_plate":6,"minecraft:blue_wool":43,"minecraft:green_concrete":6,"minecraft:oak_wall_sign":43,"minecraft:nether_wart":325,"minecraft:polished_blackstone_bricks":5166,"minecraft:magma_block":8009,"minecraft:mossy_cobblestone_stairs":1,"minecraft:dark_oak_trapdoor":8,"minecraft:fire":101,"minecraft:barrel":33,"minecraft:fletching_table":91,"minecraft:nether_brick_stairs":6,"minecraft:light_gray_concrete":2036,"minecraft:pink_tulip":22,"minecraft:white_shulker_box":371,"minecraft:player_head":13,"minecraft:tripwire":39,"minecraft:sandstone_slab":40,"minecraft:cut_sandstone":90,"minecraft:kelp_plant":252,"minecraft:crimson_nylium":212,"minecraft:torch":1577,"minecraft:melon":1,"minecraft:white_stained_glass_pane":2,"minecraft:dead_bush":115,"minecraft:nether_brick_slab":9,"minecraft:spruce_wall_sign":2,"minecraft:tube_coral_fan":18,"minecraft:lime_shulker_box":29,"minecraft:sugar_cane":1085,"minecraft:birch_sapling":77,"minecraft:chain":20,"minecraft:repeater":62,"minecraft:jungle_wood":114,"minecraft:jukebox":2,"minecraft:wither_rose":86,"minecraft:grass":2421,"minecraft:dark_oak_sapling":3,"minecraft:smooth_quartz":3,"minecraft:acacia_sign":1,"minecraft:dark_prismarine":120,"minecraft:brown_concrete":8,"minecraft:light_blue_wool":11,"minecraft:mossy_cobblestone":42,"minecraft:nether_brick_wall":1,"minecraft:dark_oak_log":4646,"minecraft:cyan_stained_glass":14,"minecraft:sea_lantern":199,"minecraft:end_stone":28,"minecraft:spruce_fence":14,"minecraft:redstone_wire":167,"minecraft:red_mushroom":4,"minecraft:brown_banner":4,"minecraft:cartography_table":5,"minecraft:white_concrete_powder":95,"minecraft:horn_coral":29,"minecraft:redstone_ore":2831,"minecraft:acacia_trapdoor":11,"minecraft:andesite":10600,"minecraft:cyan_concrete":855,"minecraft:vine":487,"minecraft:rail":709,"minecraft:brain_coral_wall_fan":107,"minecraft:fire_coral_block":47,"minecraft:green_wool":1,"minecraft:ender_chest":737,"minecraft:oak_slab":1,"minecraft:redstone_block":43,"minecraft:glass_pane":9,"minecraft:chiseled_nether_bricks":2,"minecraft:soul_sand":1452,"minecraft:lily_of_the_valley":10,"minecraft:dandelion":82,"minecraft:polished_blackstone_brick_wall":2,"minecraft:fire_coral":13,"minecraft:cornflower":1,"minecraft:prismarine_slab":39,"minecraft:warped_roots":356,"minecraft:campfire":8,"minecraft:brain_coral_fan":14,"minecraft:purpur_pillar":9,"minecraft:tall_grass":110,"minecraft:diorite":9346,"minecraft:warped_wart_block":1936,"minecraft:black_stained_glass":65,"minecraft:red_terracotta":362,"minecraft:coarse_dirt":137,"minecraft:trapped_chest":2,"minecraft:cobblestone_wall":14,"minecraft:purple_concrete":8,"minecraft:sunflower":2,"minecraft:gravel":19274,"minecraft:cobweb":189,"minecraft:polished_blackstone":261,"minecraft:stone_bricks":3504,"minecraft:orange_wall_banner":5,"minecraft:chipped_anvil":2,"minecraft:gold_ore":1783,"minecraft:iron_trapdoor":99,"minecraft:fern":6,"minecraft:stone_pressure_plate":4,"minecraft:oak_sapling":2,"minecraft:farmland":64,"minecraft:brewing_stand":31,"minecraft:spruce_trapdoor":40,"minecraft:cracked_polished_blackstone_bricks":1604,"minecraft:white_concrete":22911,"minecraft:bubble_coral_fan":15,"minecraft:polished_blackstone_brick_slab":92,"minecraft:composter":41,"minecraft:polished_blackstone_pressure_plate":3,"minecraft:gilded_blackstone":64,"minecraft:turtle_egg":1243,"minecraft:iron_bars":5,"minecraft:spruce_slab":125,"minecraft:brown_shulker_box":4,"minecraft:polished_blackstone_wall":41,"minecraft:orange_terracotta":16,"minecraft:purpur_stairs":17,"minecraft:beacon":13,"minecraft:nether_quartz_ore":1565,"minecraft:oak_planks":394,"minecraft:wall_torch":375,"minecraft:cauldron":6,"minecraft:stone_stairs":2,"minecraft:fire_coral_fan":16,"minecraft:warped_nylium":29,"minecraft:powered_rail":487,"minecraft:tnt":65,"minecraft:smooth_stone_slab":716,"minecraft:oak_log":2426,"minecraft:beetroots":29,"minecraft:dirt":53460,"minecraft:prismarine_stairs":4,"minecraft:dispenser":3,"minecraft:ancient_debris":123,"minecraft:daylight_detector":1,"minecraft:crying_obsidian":55,"minecraft:quartz_stairs":102,"minecraft:dark_oak_leaves":399,"minecraft:lever":81,"minecraft:ladder":145,"minecraft:tube_coral_wall_fan":106,"minecraft:stone_button":14,"minecraft:brown_mushroom_block":180,"minecraft:birch_slab":1,"minecraft:spruce_leaves":815,"minecraft:crimson_stem":106,"minecraft:hay_block":1,"minecraft:nether_sprouts":71,"minecraft:detector_rail":62,"minecraft:peony":17,"minecraft:gold_block":383,"minecraft:bookshelf":73,"minecraft:shroomlight":115,"minecraft:stripped_oak_log":59,"minecraft:wet_sponge":366,"minecraft:jungle_fence_gate":38,"minecraft:scaffolding":1280,"minecraft:acacia_leaves":19,"minecraft:magenta_stained_glass":1,"minecraft:snow_block":114,"minecraft:stripped_dark_oak_log":5,"minecraft:basalt":1133,"minecraft:polished_granite":1,"minecraft:oak_fence":574,"minecraft:honey_block":2,"minecraft:stone_slab":5,"minecraft:red_concrete":516,"minecraft:polished_blackstone_brick_stairs":160,"minecraft:prismarine_bricks":721,"minecraft:birch_planks":623,"minecraft:bubble_coral":19,"minecraft:sea_pickle":207,"minecraft:polished_blackstone_slab":69,"minecraft:ice":10,"minecraft:bee_nest":1,"minecraft:grass_path":32,"minecraft:cocoa":80,"minecraft:cyan_carpet":8,"minecraft:flower_pot":3,"minecraft:cracked_stone_bricks":16,"minecraft:mossy_stone_bricks":8,"minecraft:dark_oak_planks":1,"minecraft:light_blue_concrete":1030,"minecraft:chiseled_red_sandstone":8,"minecraft:jungle_leaves":1074,"minecraft:obsidian":711,"minecraft:carved_pumpkin":64,"minecraft:red_sand":6989,"minecraft:chiseled_polished_blackstone":8,"minecraft:jungle_log":1434,"minecraft:horn_coral_fan":14,"minecraft:purpur_slab":3,"minecraft:bubble_coral_block":98,"minecraft:crimson_fungus":2,"minecraft:tube_coral_block":199,"minecraft:hopper":296,"minecraft:oxeye_daisy":10,"minecraft:potted_fern":1,"minecraft:weeping_vines_plant":3,"minecraft:tall_seagrass":570,"minecraft:brown_stained_glass":1,"minecraft:sticky_piston":53,"minecraft:pumpkin":22,"minecraft:enchanting_table":1,"minecraft:oak_sign":12,"minecraft:oak_stairs":9,"minecraft:quartz_slab":11,"minecraft:smooth_sandstone_stairs":21,"minecraft:blue_orchid":8,"minecraft:iron_block":33,"minecraft:piston_head":2,"minecraft:conduit":3,"minecraft:soul_wall_torch":3,"minecraft:brown_mushroom":29,"minecraft:player_wall_head":4,"minecraft:soul_fire":138,"minecraft:blast_furnace":8,"minecraft:polished_andesite_stairs":5,"minecraft:glass":805,"minecraft:smooth_sandstone_slab":43,"minecraft:cyan_wool":6,"minecraft:wheat":4541,"minecraft:lilac":11,"minecraft:lime_concrete":1,"minecraft:warped_fungus":53,"minecraft:stone_brick_stairs":87,"minecraft:oak_fence_gate":7,"minecraft:loom":5,"minecraft:blue_shulker_box":490,"minecraft:red_mushroom_block":403,"minecraft:stonecutter":39,"minecraft:yellow_stained_glass":1,"minecraft:piston":64,"minecraft:pink_shulker_box":64,"minecraft:light_gray_stained_glass_pane":2,"minecraft:stripped_birch_log":7,"minecraft:jack_o_lantern":1,"minecraft:shulker_box":3090,"minecraft:orange_banner":2,"minecraft:nether_bricks":30,"minecraft:jungle_planks":2,"minecraft:crimson_roots":13,"minecraft:orange_shulker_box":8,"minecraft:kelp":159,"minecraft:horn_coral_wall_fan":95,"minecraft:black_stained_glass_pane":86,"minecraft:snow":643,"minecraft:diamond_block":18,"minecraft:warped_stem":296,"minecraft:smooth_quartz_stairs":15,"minecraft:bamboo_sapling":19,"minecraft:bamboo":96,"minecraft:brain_coral":12,"minecraft:smithing_table":9,"minecraft:light_gray_carpet":4,"minecraft:comparator":23,"minecraft:brown_carpet":7,"minecraft:stone_brick_slab":900,"minecraft:observer":72,"minecraft:smooth_sandstone":39,"minecraft:emerald_ore":45,"minecraft:sponge":7,"minecraft:dropper":13,"minecraft:prismarine_brick_slab":1180,"minecraft:white_carpet":232,"minecraft:spruce_log":4904,"minecraft:birch_leaves":699,"minecraft:jungle_fence":1,"minecraft:mycelium":434,"minecraft:infested_stone":25,"minecraft:black_shulker_box":320,"minecraft:spruce_planks":95,"minecraft:cobblestone_stairs":2,"minecraft:grass_block":67812,"minecraft:blue_concrete":515,"minecraft:purple_stained_glass_pane":122,"minecraft:soul_soil":862,"minecraft:sandstone_stairs":19,"minecraft:smooth_stone":282,"minecraft:glowstone":82,"minecraft:iron_ore":2418,"minecraft:potted_red_mushroom":1,"minecraft:black_carpet":48,"minecraft:anvil":11,"minecraft:azure_bluet":15,"minecraft:purple_carpet":2,"minecraft:birch_wall_sign":12,"minecraft:end_stone_bricks":36,"minecraft:brain_coral_block":41,"minecraft:cyan_terracotta":1,"minecraft:blackstone":5311,"minecraft:melon_stem":1,"minecraft:soul_lantern":7,"minecraft:clay":2543,"minecraft:poppy":97,"minecraft:chest":405,"minecraft:mushroom_stem":66,"minecraft:cobblestone":827,"minecraft:slime_block":19,"minecraft:grindstone":8,"minecraft:prismarine":910,"minecraft:seagrass":1718,"minecraft:nether_wart_block":723,"minecraft:yellow_wool":61,"minecraft:birch_log":6798,"minecraft:birch_trapdoor":103,"minecraft:brown_wall_banner":11,"minecraft:activator_rail":2,"minecraft:stripped_oak_wood":215,"minecraft:purpur_block":46,"minecraft:sand":43993,"minecraft:tripwire_hook":8,"minecraft:netherrack":66582,"minecraft:oak_leaves":1494,"minecraft:horn_coral_block":90,"minecraft:emerald_block":1654,"minecraft:redstone_lamp":9,"minecraft:nether_gold_ore":342,"minecraft:tube_coral":17,"minecraft:diamond_ore":2076,"minecraft:red_carpet":9,"minecraft:blackstone_wall":7,"minecraft:oak_door":5,"minecraft:gray_shulker_box":5,"minecraft:weeping_vines":2,"minecraft:white_stained_glass":3,"minecraft:polished_andesite_slab":14,"minecraft:sandstone":4360,"minecraft:large_fern":7,"minecraft:oak_trapdoor":13,"minecraft:spruce_sapling":6,"minecraft:furnace":36,"minecraft:carrots":44,"minecraft:chiseled_sandstone":407,"minecraft:dark_oak_fence_gate":2,"minecraft:stripped_spruce_log":3,"minecraft:black_concrete":2493,"minecraft:bell":4,"minecraft:lantern":52,"minecraft:packed_ice":1,"minecraft:stone":164504,"minecraft:white_tulip":8,"minecraft:yellow_shulker_box":25,"minecraft:birch_pressure_plate":18,"minecraft:redstone_wall_torch":30,"minecraft:podzol":256,"minecraft:infested_stone_bricks":1,"minecraft:spruce_door":2,"minecraft:crafting_table":243,"minecraft:blackstone_slab":7,"minecraft:oak_wood":141,"minecraft:rose_bush":5,"minecraft:lectern":1438,"minecraft:lapis_ore":1353,"minecraft:lily_pad":934,"minecraft:spruce_stairs":38,"minecraft:cactus":49,"minecraft:gray_concrete_powder":1,"minecraft:green_shulker_box":11,"minecraft:beehive":33,"minecraft:redstone_torch":50,"minecraft:sweet_berry_bush":11,"minecraft:coal_ore":7891,"minecraft:end_rod":28,"minecraft:bubble_coral_wall_fan":98,"minecraft:terracotta":3,"minecraft:polished_andesite":9,"minecraft:acacia_wall_sign":667,"minecraft:birch_fence":6,"minecraft:warped_slab":3},"minecraft:killed":{"minecraft:cod":109,"minecraft:guardian":17,"minecraft:skeleton_horse":1,"minecraft:tropical_fish":43,"minecraft:elder_guardian":3,"minecraft:salmon":216,"minecraft:iron_golem":18,"minecraft:pillager":23,"minecraft:zombie":1628,"minecraft:endermite":9,"minecraft:husk":2,"minecraft:rabbit":46,"minecraft:zombified_piglin":54,"minecraft:witch":27,"minecraft:spider":288,"minecraft:wither":3,"minecraft:bee":7,"minecraft:silverfish":3,"minecraft:piglin_brute":15,"minecraft:piglin":422,"minecraft:zombie_villager":41,"minecraft:sheep":187,"minecraft:trader_llama":28,"minecraft:mooshroom":553,"minecraft:ghast":83,"minecraft:slime":411,"minecraft:drowned":3563,"minecraft:hoglin":93,"minecraft:squid":159,"minecraft:wither_skeleton":224,"minecraft:villager":42,"minecraft:cave_spider":35,"minecraft:dolphin":33,"minecraft:shulker":196,"minecraft:pufferfish":59,"minecraft:skeleton":4726,"minecraft:fox":1,"minecraft:chicken":49,"minecraft:cat":26,"minecraft:magma_cube":306,"minecraft:cow":315,"minecraft:horse":6,"minecraft:ocelot":1,"minecraft:wandering_trader":14,"minecraft:enderman":27922,"minecraft:turtle":7,"minecraft:wolf":5,"minecraft:pig":41,"minecraft:creeper":846,"minecraft:blaze":74,"minecraft:phantom":140,"minecraft:llama":4,"minecraft:bat":808},"minecraft:killed_by":{"minecraft:ravager":9,"minecraft:skeleton":1,"minecraft:vindicator":5,"minecraft:vex":1,"minecraft:creeper":1,"minecraft:piglin":1,"minecraft:player":15,"minecraft:iron_golem":1},"minecraft:crafted":{"minecraft:black_dye":752,"minecraft:yellow_wool":1,"minecraft:oak_sign":252,"minecraft:blaze_powder":56,"minecraft:chain":49,"minecraft:diamond_shovel":19,"minecraft:shulker_box":194,"minecraft:diamond_helmet":2,"minecraft:beacon":1,"minecraft:light_blue_concrete_powder":1024,"minecraft:stone_pressure_plate":64,"minecraft:tipped_arrow":180,"minecraft:dried_kelp_block":1,"minecraft:black_wool":158,"minecraft:bubble_coral_block":1,"minecraft:name_tag":129,"minecraft:white_shulker_box":3,"minecraft:redstone_lamp":33,"minecraft:jungle_boat":2,"minecraft:chest_minecart":9,"minecraft:smithing_table":65,"minecraft:sticky_piston":13,"minecraft:red_nether_bricks":9,"minecraft:fletching_table":65,"minecraft:stone_brick_stairs":128,"minecraft:lectern":72,"minecraft:stone_slab":186,"minecraft:red_nether_brick_stairs":1,"minecraft:iron_pickaxe":10,"minecraft:netherite_ingot":32,"minecraft:composter":107,"minecraft:polished_blackstone_bricks":4,"minecraft:nautilus_shell":5,"minecraft:golden_carrot":216,"minecraft:jukebox":2,"minecraft:iron_nugget":1152,"minecraft:diamond_hoe":3,"minecraft:experience_bottle":329,"minecraft:soul_torch":256,"minecraft:jack_o_lantern":64,"minecraft:blue_shulker_box":2,"minecraft:prismarine_brick_stairs":7,"minecraft:spruce_fence":564,"minecraft:lantern":151,"minecraft:spruce_stairs":208,"minecraft:polished_diorite":8,"minecraft:black_concrete_powder":2432,"minecraft:red_shulker_box":3,"minecraft:stone_pickaxe":15,"minecraft:prismarine_slab":6,"minecraft:chainmail_leggings":12,"minecraft:enchanting_table":2,"minecraft:acacia_trapdoor":22,"minecraft:red_carpet":165,"minecraft:enchanted_book":225,"minecraft:orange_dye":170,"minecraft:light_blue_carpet":408,"minecraft:oak_fence_gate":19,"minecraft:soul_lantern":131,"minecraft:fermented_spider_eye":87,"minecraft:birch_trapdoor":2562,"minecraft:black_stained_glass_pane":2240,"minecraft:writable_book":3,"minecraft:iron_shovel":7,"minecraft:armor_stand":70,"minecraft:grindstone":65,"minecraft:cobblestone_slab":24,"minecraft:barrel":126,"minecraft:leather_horse_armor":7,"minecraft:stone":4104,"minecraft:red_sandstone":421,"minecraft:brown_carpet":399,"minecraft:cake":7,"minecraft:stone_brick_slab":2646,"minecraft:brown_stained_glass":8,"minecraft:bow":310,"minecraft:comparator":66,"minecraft:chest":1583,"minecraft:oak_button":4,"minecraft:cod_bucket":10,"minecraft:rail":128,"minecraft:blue_concrete_powder":512,"minecraft:bricks":75,"minecraft:red_nether_brick_slab":12,"minecraft:ender_eye":17,"minecraft:stone_bricks":13444,"minecraft:oak_fence":192,"minecraft:golden_boots":31,"minecraft:magma_block":3,"minecraft:white_banner":1,"minecraft:dropper":2,"minecraft:arrow":5152,"minecraft:cauldron":65,"minecraft:chiseled_nether_bricks":21,"minecraft:iron_helmet":1,"minecraft:brown_dye":17,"minecraft:birch_pressure_plate":33,"minecraft:chainmail_chestplate":9,"minecraft:white_stained_glass_pane":32,"minecraft:yellow_stained_glass":8,"minecraft:prismarine_brick_slab":6,"minecraft:dispenser":9,"minecraft:green_glazed_terracotta":7,"minecraft:apple":688,"minecraft:tnt":622,"minecraft:spruce_trapdoor":1728,"minecraft:yellow_dye":88,"minecraft:stick":6124,"minecraft:iron_ingot":14294,"minecraft:cyan_carpet":363,"minecraft:dark_oak_fence_gate":96,"minecraft:oak_door":6,"minecraft:fishing_rod":4,"minecraft:tripwire_hook":128,"minecraft:beehive":256,"minecraft:leather_boots":29,"minecraft:golden_chestplate":25,"minecraft:mossy_stone_bricks":384,"minecraft:furnace":103,"minecraft:blast_furnace":67,"minecraft:piston":184,"minecraft:smooth_quartz_stairs":1,"minecraft:oak_trapdoor":142,"minecraft:flint_and_steel":2,"minecraft:scaffolding":463,"minecraft:white_concrete_powder":22024,"minecraft:cobblestone_wall":192,"minecraft:brown_shulker_box":5,"minecraft:blackstone_stairs":132,"minecraft:birch_sign":3,"minecraft:magma_cream":4,"minecraft:jungle_wood":288,"minecraft:purple_stained_glass":768,"minecraft:iron_trapdoor":607,"minecraft:polished_blackstone_wall":1,"minecraft:iron_sword":2,"minecraft:cooked_salmon":1,"minecraft:jungle_planks":3576,"minecraft:white_dye":3249,"minecraft:brown_concrete_powder":8,"minecraft:netherite_shovel":9,"minecraft:black_carpet":1380,"minecraft:stonecutter":66,"minecraft:anvil":20,"minecraft:torch":10952,"minecraft:diamond_chestplate":1,"minecraft:ender_chest":17,"minecraft:jungle_button":8,"minecraft:light_gray_concrete_powder":1928,"minecraft:smooth_stone":19,"minecraft:jungle_fence_gate":472,"minecraft:oak_pressure_plate":15,"minecraft:birch_slab":18,"minecraft:slime_block":8,"minecraft:loom":1,"minecraft:lever":106,"minecraft:bookshelf":96,"minecraft:iron_bars":48,"minecraft:red_concrete_powder":512,"minecraft:quartz_block":805,"minecraft:glass":2692,"minecraft:repeater":1,"minecraft:diamond_leggings":4,"minecraft:polished_blackstone":4,"minecraft:magenta_dye":2,"minecraft:flower_pot":8,"minecraft:glass_bottle":594,"minecraft:target":65,"minecraft:emerald":9354,"minecraft:smooth_quartz":8,"minecraft:cooked_porkchop":2,"minecraft:diamond_axe":5,"minecraft:clock":6,"minecraft:hay_block":174,"minecraft:oak_wood":468,"minecraft:campfire":91,"minecraft:brown_banner":28,"minecraft:compass":20,"minecraft:iron_block":2229,"minecraft:gold_ingot":88054,"minecraft:light_gray_dye":440,"minecraft:packed_ice":5,"minecraft:smooth_stone_slab":12374,"minecraft:leather_leggings":24,"minecraft:player_head":682,"minecraft:bone_meal":23748,"minecraft:cyan_stained_glass":24,"minecraft:pink_dye":2,"minecraft:white_carpet":3858,"minecraft:orange_wool":168,"minecraft:diamond":914,"minecraft:netherite_axe":1,"minecraft:detector_rail":126,"minecraft:ladder":201,"minecraft:spruce_slab":1388,"minecraft:ender_pearl":6,"minecraft:diamond_boots":4,"minecraft:redstone_block":1117,"minecraft:jungle_fence":6,"minecraft:dark_oak_planks":7970,"minecraft:wheat":954,"minecraft:coal_block":1133,"minecraft:daylight_detector":21,"minecraft:purple_stained_glass_pane":1504,"minecraft:crossbow":12,"minecraft:netherite_pickaxe":8,"minecraft:dried_kelp":47,"minecraft:polished_granite":180,"minecraft:sandstone_slab":42,"minecraft:conduit":4,"minecraft:glowstone":124,"minecraft:white_stained_glass":88,"minecraft:sandstone_wall":36,"minecraft:golden_apple":688,"minecraft:flint":440,"minecraft:oak_stairs":4,"minecraft:iron_leggings":11,"minecraft:white_bed":28,"minecraft:nether_brick_stairs":3,"minecraft:brick":312,"minecraft:oak_planks":4332,"minecraft:pink_shulker_box":1,"minecraft:cobblestone_stairs":40,"minecraft:green_dye":48,"minecraft:hopper":572,"minecraft:iron_boots":1,"minecraft:chiseled_stone_bricks":16,"minecraft:stone_hoe":4,"minecraft:smoker":64,"minecraft:oak_slab":60,"minecraft:item_frame":128,"minecraft:map":14,"minecraft:crafting_table":12,"minecraft:spruce_planks":15144,"minecraft:wooden_pickaxe":1,"minecraft:gold_block":5839,"minecraft:hopper_minecart":29,"minecraft:birch_planks":21212,"minecraft:brewing_stand":64,"minecraft:pumpkin_seeds":4,"minecraft:black_shulker_box":1,"minecraft:brown_glazed_terracotta":7,"minecraft:emerald_block":898,"minecraft:dark_oak_slab":834,"minecraft:book":175,"minecraft:paper":5199,"minecraft:diamond_pickaxe":13,"minecraft:charcoal":36,"minecraft:light_weighted_pressure_plate":15,"minecraft:light_blue_dye":192,"minecraft:leather_chestplate":26,"minecraft:snow_block":158,"minecraft:redstone_torch":260,"minecraft:light_gray_carpet":105,"minecraft:sponge":368,"minecraft:shears":157,"minecraft:polished_andesite":260,"minecraft:coarse_dirt":4520,"minecraft:wooden_sword":1,"minecraft:cookie":360,"minecraft:redstone":2887,"minecraft:coal":5098,"minecraft:stone_button":12,"minecraft:dark_oak_trapdoor":1016,"minecraft:gray_dye":266,"minecraft:diamond_block":351,"minecraft:glass_pane":1056,"minecraft:yellow_shulker_box":1,"minecraft:green_concrete_powder":8,"minecraft:iron_axe":17,"minecraft:pink_glazed_terracotta":7,"minecraft:filled_map":14,"minecraft:netherite_scrap":40,"minecraft:orange_banner":54,"minecraft:observer":208,"minecraft:minecart":98,"minecraft:cooked_beef":519,"minecraft:sugar":87,"minecraft:red_dye":152,"minecraft:cooked_cod":4,"minecraft:cyan_concrete_powder":840,"minecraft:bone_block":1578,"minecraft:diamond_sword":2,"minecraft:cyan_dye":116,"minecraft:spruce_sign":21,"minecraft:powered_rail":654,"minecraft:smooth_sandstone":22,"minecraft:bell":35,"minecraft:bowl":4,"minecraft:nether_bricks":75,"minecraft:bucket":150,"minecraft:stone_axe":10,"minecraft:air":0,"minecraft:bread":5322,"minecraft:black_stained_glass":904,"minecraft:blue_dye":220,"minecraft:oak_boat":3,"minecraft:white_wool":536,"minecraft:gold_nugget":4241,"minecraft:brown_wool":14,"minecraft:pumpkin_pie":96,"minecraft:acacia_planks":68,"minecraft:purple_concrete_powder":8,"minecraft:lapis_lazuli":833,"minecraft:lapis_block":1140,"minecraft:clay":1707,"minecraft:trapped_chest":32,"minecraft:firework_rocket":13662}},"DataVersion":2584}