{"stats":{"minecraft:custom":{"minecraft:jump":70,"minecraft:open_chest":1,"minecraft:time_since_rest":25818779,"minecraft:damage_taken":1990,"minecraft:leave_game":890,"minecraft:play_one_minute":104867946,"minecraft:crouch_one_cm":210,"minecraft:open_shulker_box":1,"minecraft:time_since_death":25818458,"minecraft:sprint_one_cm":33526,"minecraft:walk_one_cm":35843,"minecraft:walk_on_water_one_cm":1192359,"minecraft:deaths":7,"minecraft:sneak_time":278660,"minecraft:climb_one_cm":16848,"minecraft:walk_under_water_one_cm":1091545,"minecraft:swim_one_cm":13853,"minecraft:fall_one_cm":15904,"minecraft:fly_one_cm":219870009},"minecraft:picked_up":{"minecraft:white_wool":1,"minecraft:shears":1},"minecraft:killed_by":{"minecraft:player":7}},"DataVersion":2584}