{"stats":{"minecraft:mined":{"minecraft:red_shulker_box":1,"minecraft:white_bed":2,"minecraft:oak_sapling":8,"minecraft:farmland":22,"minecraft:obsidian":117,"minecraft:granite":2928,"minecraft:grass_block":3122,"minecraft:brown_wool":1,"minecraft:white_concrete":446,"minecraft:polished_diorite":84,"minecraft:blue_wool":1,"minecraft:hopper":46,"minecraft:spawner":1,"minecraft:glowstone":4,"minecraft:iron_ore":2674,"minecraft:fire":14,"minecraft:barrel":2,"minecraft:player_head":3,"minecraft:brown_mushroom":1,"minecraft:player_wall_head":1,"minecraft:clay":1,"minecraft:torch":166,"minecraft:blast_furnace":16,"minecraft:poppy":2,"minecraft:beacon":1,"minecraft:chest":72,"minecraft:polished_diorite_slab":113,"minecraft:glass":84,"minecraft:cobblestone":4886,"minecraft:sugar_cane":15,"minecraft:oak_planks":293,"minecraft:wall_torch":341,"minecraft:polished_diorite_stairs":109,"minecraft:repeater":24,"minecraft:powered_rail":24,"minecraft:birch_log":101,"minecraft:wheat":208,"minecraft:grass":90,"minecraft:oak_log":3511,"minecraft:sand":2623,"minecraft:dirt":2719,"minecraft:netherrack":1,"minecraft:piston":52,"minecraft:oak_leaves":4487,"minecraft:emerald_block":2,"minecraft:light_blue_stained_glass_pane":21,"minecraft:diamond_ore":502,"minecraft:crying_obsidian":2,"minecraft:oak_door":5,"minecraft:shulker_box":122,"minecraft:lever":1,"minecraft:ladder":20,"minecraft:redstone_wire":38,"minecraft:polished_andesite_slab":112,"minecraft:spruce_leaves":25,"minecraft:red_mushroom":1,"minecraft:white_concrete_powder":1,"minecraft:redstone_ore":3161,"minecraft:furnace":4,"minecraft:andesite":3169,"minecraft:black_concrete":107,"minecraft:rail":96,"minecraft:stripped_oak_log":3,"minecraft:stone":48514,"minecraft:bone_block":51,"minecraft:white_wool":3,"minecraft:ender_chest":1,"minecraft:redstone_wall_torch":7,"minecraft:redstone_block":3,"minecraft:glass_pane":34,"minecraft:comparator":8,"minecraft:oak_fence":119,"minecraft:crafting_table":16,"minecraft:emerald_ore":15,"minecraft:dropper":1,"minecraft:warped_roots":3,"minecraft:lectern":1,"minecraft:lapis_ore":331,"minecraft:diorite":2847,"minecraft:warped_wart_block":1,"minecraft:green_shulker_box":5,"minecraft:redstone_torch":4,"minecraft:spruce_log":43,"minecraft:birch_leaves":32,"minecraft:coal_ore":5995,"minecraft:gravel":1792,"minecraft:cobweb":43,"minecraft:stone_bricks":9,"minecraft:chipped_anvil":1,"minecraft:gold_ore":545,"minecraft:infested_stone":9,"minecraft:fern":1},"minecraft:custom":{"minecraft:interact_with_crafting_table":492,"minecraft:open_barrel":201,"minecraft:open_shulker_box":1680,"minecraft:leave_game":235,"minecraft:time_since_death":870704,"minecraft:sprint_one_cm":2060856,"minecraft:drop":45,"minecraft:talked_to_villager":2,"minecraft:deaths":8,"minecraft:jump":9771,"minecraft:interact_with_brewingstand":1,"minecraft:walk_on_water_one_cm":420467,"minecraft:interact_with_furnace":370,"minecraft:play_one_minute":9123176,"minecraft:sleep_in_bed":65,"minecraft:open_enderchest":256,"minecraft:damage_dealt":9389,"minecraft:interact_with_beacon":1,"minecraft:crouch_one_cm":416730,"minecraft:horse_one_cm":4659,"minecraft:interact_with_smithing_table":2,"minecraft:inspect_dropper":22,"minecraft:interact_with_anvil":71,"minecraft:mob_kills":150,"minecraft:inspect_hopper":350,"minecraft:climb_one_cm":704904,"minecraft:walk_one_cm":20195630,"minecraft:sneak_time":211781,"minecraft:walk_under_water_one_cm":160860,"minecraft:boat_one_cm":117567,"minecraft:interact_with_lectern":18,"minecraft:interact_with_blast_furnace":8,"minecraft:time_since_rest":35834,"minecraft:damage_taken":9191,"minecraft:minecart_one_cm":1576343,"minecraft:swim_one_cm":19801,"minecraft:fly_one_cm":169036,"minecraft:open_chest":3247,"minecraft:aviate_one_cm":24973433,"minecraft:fall_one_cm":167382},"minecraft:crafted":{"minecraft:oak_planks":6476,"minecraft:smooth_stone":6,"minecraft:polished_granite_slab":6,"minecraft:oak_pressure_plate":1,"minecraft:cooked_chicken":2,"minecraft:blue_stained_glass_pane":104,"minecraft:stone":604,"minecraft:lever":5,"minecraft:diamond_shovel":2,"minecraft:cooked_mutton":6,"minecraft:shulker_box":2,"minecraft:glass":368,"minecraft:hopper":365,"minecraft:stone_brick_slab":186,"minecraft:diamond_helmet":2,"minecraft:repeater":124,"minecraft:diamond_leggings":2,"minecraft:bow":1,"minecraft:iron_boots":1,"minecraft:comparator":128,"minecraft:chest":785,"minecraft:oak_button":2,"minecraft:rail":176,"minecraft:stone_hoe":1,"minecraft:stone_bricks":1552,"minecraft:polished_diorite_slab":948,"minecraft:redstone_lamp":2,"minecraft:dropper":3,"minecraft:item_frame":10,"minecraft:cooked_porkchop":1,"minecraft:diamond_axe":1,"minecraft:crafting_table":5,"minecraft:spruce_planks":168,"minecraft:wooden_pickaxe":1,"minecraft:iron_helmet":1,"minecraft:chest_minecart":2,"minecraft:clock":2,"minecraft:gold_block":91,"minecraft:hopper_minecart":1,"minecraft:birch_planks":128,"minecraft:iron_chestplate":1,"minecraft:diamond_pickaxe":6,"minecraft:charcoal":56,"minecraft:emerald_block":13,"minecraft:stick":2380,"minecraft:light_blue_dye":294,"minecraft:iron_ingot":5317,"minecraft:iron_pickaxe":6,"minecraft:iron_block":474,"minecraft:gold_ingot":520,"minecraft:light_blue_stained_glass":576,"minecraft:redstone_torch":849,"minecraft:polished_diorite_stairs":1016,"minecraft:polished_andesite":1280,"minecraft:oak_door":3,"minecraft:stone_shovel":13,"minecraft:redstone":1719,"minecraft:coal":5256,"minecraft:furnace":35,"minecraft:blast_furnace":16,"minecraft:piston":64,"minecraft:bone_meal":534,"minecraft:polished_andesite_slab":2556,"minecraft:diamond_block":130,"minecraft:glass_pane":1152,"minecraft:diamond":747,"minecraft:polished_diorite":2516,"minecraft:iron_axe":3,"minecraft:ladder":90,"minecraft:stone_pickaxe":16,"minecraft:diamond_boots":1,"minecraft:redstone_block":1984,"minecraft:minecart":5,"minecraft:cooked_beef":1,"minecraft:coal_block":1404,"minecraft:light_blue_stained_glass_pane":1408,"minecraft:diamond_sword":2,"minecraft:powered_rail":108,"minecraft:iron_sword":1,"minecraft:polished_granite":4,"minecraft:bucket":26,"minecraft:stone_axe":7,"minecraft:bread":15,"minecraft:air":0,"minecraft:jungle_planks":768,"minecraft:blue_dye":160,"minecraft:white_dye":150,"minecraft:iron_shovel":2,"minecraft:iron_leggings":1,"minecraft:anvil":3,"minecraft:white_bed":2,"minecraft:torch":5776,"minecraft:lapis_lazuli":288,"minecraft:lapis_block":435,"minecraft:diamond_chestplate":2},"minecraft:dropped":{"minecraft:flint":10,"minecraft:dirt":7,"minecraft:bone":5,"minecraft:stone_axe":1,"minecraft:polished_andesite_slab":64,"minecraft:rotten_flesh":24,"minecraft:oak_planks":1,"minecraft:poppy":1,"minecraft:jungle_log":27,"minecraft:wheat_seeds":1,"minecraft:oak_fence":3,"minecraft:cobblestone":269,"minecraft:granite":8,"minecraft:stick":8,"minecraft:iron_shovel":3,"minecraft:stone_sword":1,"minecraft:stone_shovel":1,"minecraft:iron_boots":1,"minecraft:stripped_oak_log":1,"minecraft:diamond_sword":2,"minecraft:bow":1},"minecraft:killed_by":{"minecraft:creeper":1,"minecraft:piglin":1,"minecraft:zombie":3},"minecraft:killed":{"minecraft:spider":12,"minecraft:skeleton":33,"minecraft:chicken":4,"minecraft:silverfish":8,"minecraft:piglin":3,"minecraft:pig":1,"minecraft:creeper":13,"minecraft:sheep":4,"minecraft:zombie":47,"minecraft:ghast":1,"minecraft:cow":2,"minecraft:phantom":5,"minecraft:drowned":2,"minecraft:bat":3},"minecraft:picked_up":{"minecraft:shulker_shell":2,"minecraft:iron_chestplate":3,"minecraft:wheat":266,"minecraft:redstone_block":3,"minecraft:ender_chest":1,"minecraft:diamond_sword":9,"minecraft:enchanted_book":1,"minecraft:string":255,"minecraft:iron_leggings":3,"minecraft:diamond_leggings":3,"minecraft:smooth_stone":1,"minecraft:comparator":93,"minecraft:rose_bush":5,"minecraft:redstone_torch":177,"minecraft:written_book":5,"minecraft:coal_block":2,"minecraft:furnace":5,"minecraft:iron_boots":1,"minecraft:blue_wool":1,"minecraft:stick":1141,"minecraft:oak_fence":113,"minecraft:torch":1022,"minecraft:porkchop":1,"minecraft:diorite":2779,"minecraft:stone_sword":1,"minecraft:rotten_flesh":87,"minecraft:glowstone":3,"minecraft:obsidian":93,"minecraft:cobblestone":56042,"minecraft:nautilus_shell":1,"minecraft:birch_log":104,"minecraft:polished_diorite_slab":126,"minecraft:feather":12,"minecraft:cooked_beef":2,"minecraft:repeater":106,"minecraft:andesite":4439,"minecraft:water_bucket":7,"minecraft:jungle_log":27,"minecraft:brown_wool":1,"minecraft:beacon":4,"minecraft:flint":191,"minecraft:green_shulker_box":5,"minecraft:lapis_lazuli":4133,"minecraft:dirt":5432,"minecraft:lantern":3,"minecraft:glass":67,"minecraft:bone":66,"minecraft:chipped_anvil":1,"minecraft:bow":4,"minecraft:wheat_seeds":749,"minecraft:diamond_helmet":3,"minecraft:glowstone_dust":3,"minecraft:powered_rail":27,"minecraft:stone_hoe":1,"minecraft:oak_planks":496,"minecraft:warped_wart_block":2,"minecraft:jungle_planks":20,"minecraft:dropper":1,"minecraft:sand":2605,"minecraft:grass_block":2047,"minecraft:diamond_block":15,"minecraft:shulker_box":124,"minecraft:barrel":2,"minecraft:polished_andesite":98,"minecraft:clay":1,"minecraft:diamond":976,"minecraft:black_concrete":108,"minecraft:lever":4,"minecraft:granite":3924,"minecraft:white_concrete":437,"minecraft:emerald":60,"minecraft:bread":18,"minecraft:oak_sapling":1663,"minecraft:netherrack":12,"minecraft:diamond_pickaxe":6,"minecraft:charcoal":5,"minecraft:crafting_table":16,"minecraft:chicken":4,"minecraft:ladder":29,"minecraft:brown_mushroom":2,"minecraft:elytra":2,"minecraft:item_frame":13,"minecraft:iron_shovel":3,"minecraft:glass_pane":141,"minecraft:beef":3,"minecraft:oak_boat":3,"minecraft:player_head":5,"minecraft:poppy":16,"minecraft:minecart":10,"minecraft:lectern":1,"minecraft:sugar_cane":23,"minecraft:chest":146,"minecraft:birch_sapling":20,"minecraft:phantom_membrane":2,"minecraft:piston":52,"minecraft:egg":8,"minecraft:stone":64,"minecraft:oak_door":6,"minecraft:redstone":17835,"minecraft:stone_shovel":2,"minecraft:arrow":184,"minecraft:red_shulker_box":1,"minecraft:diamond_chestplate":3,"minecraft:light_blue_stained_glass_pane":20,"minecraft:diamond_boots":4,"minecraft:totem_of_undying":2,"minecraft:rail":104,"minecraft:mutton":6,"minecraft:bone_block":51,"minecraft:white_wool":7,"minecraft:stripped_oak_log":3,"minecraft:clock":1,"minecraft:golden_carrot":135,"minecraft:leather":4,"minecraft:red_mushroom":2,"minecraft:oak_log":4068,"minecraft:gunpowder":20,"minecraft:stone_bricks":116,"minecraft:apple":174,"minecraft:iron_ingot":19,"minecraft:stone_pickaxe":1,"minecraft:cooked_chicken":1,"minecraft:iron_ore":2617,"minecraft:polished_andesite_slab":246,"minecraft:emerald_block":2,"minecraft:gravel":1765,"minecraft:spruce_sapling":7,"minecraft:blast_furnace":16,"minecraft:white_bed":2,"minecraft:spruce_log":49,"minecraft:light_blue_stained_glass":48,"minecraft:gold_ore":539,"minecraft:crying_obsidian":13,"minecraft:spider_eye":17,"minecraft:polished_diorite_stairs":108,"minecraft:firework_rocket":529,"minecraft:diamond_shovel":3,"minecraft:white_concrete_powder":1,"minecraft:polished_diorite":79,"minecraft:stone_axe":1,"minecraft:iron_helmet":2,"minecraft:diamond_axe":2,"minecraft:warped_roots":6,"minecraft:oak_button":6,"minecraft:coal":12066,"minecraft:hopper":39},"minecraft:used":{"minecraft:light_blue_stained_glass_pane":1309,"minecraft:iron_shovel":476,"minecraft:ladder":99,"minecraft:bone_block":196,"minecraft:white_concrete_powder":129,"minecraft:chest":436,"minecraft:stone":317,"minecraft:iron_sword":5,"minecraft:player_head":4,"minecraft:soul_sand":1,"minecraft:glass":1066,"minecraft:grass_block":41,"minecraft:lantern":76,"minecraft:hopper_minecart":1,"minecraft:stone_bricks":127,"minecraft:item_frame":12,"minecraft:repeater":107,"minecraft:redstone_lamp":2,"minecraft:bow":209,"minecraft:written_book":2,"minecraft:oak_sapling":663,"minecraft:furnace":22,"minecraft:gold_block":1,"minecraft:polished_diorite_stairs":1037,"minecraft:diorite":37,"minecraft:dropper":4,"minecraft:stone_pickaxe":1975,"minecraft:powered_rail":98,"minecraft:oak_planks":85,"minecraft:polished_diorite_slab":896,"minecraft:wooden_pickaxe":40,"minecraft:redstone_block":14,"minecraft:sugar_cane":37,"minecraft:diamond_axe":3232,"minecraft:white_wool":259,"minecraft:sand":2,"minecraft:blast_furnace":16,"minecraft:redstone_torch":52,"minecraft:lever":8,"minecraft:black_concrete":871,"minecraft:firework_rocket":7,"minecraft:crying_obsidian":3,"minecraft:bread":21,"minecraft:brown_wool":1,"minecraft:oak_pressure_plate":1,"minecraft:gravel":84,"minecraft:polished_andesite_slab":2016,"minecraft:diamond_sword":218,"minecraft:coal_block":1,"minecraft:andesite":86,"minecraft:chest_minecart":2,"minecraft:oak_boat":2,"minecraft:white_concrete":3604,"minecraft:stone_sword":54,"minecraft:stone_shovel":1694,"minecraft:redstone":222,"minecraft:ender_chest":4,"minecraft:stone_hoe":114,"minecraft:cooked_chicken":2,"minecraft:netherrack":1,"minecraft:oak_door":8,"minecraft:torch":5758,"minecraft:dirt":526,"minecraft:anvil":3,"minecraft:hopper":374,"minecraft:shulker_box":119,"minecraft:polished_diorite":439,"minecraft:granite":30,"minecraft:red_shulker_box":1,"minecraft:chipped_anvil":1,"minecraft:iron_block":1,"minecraft:iron_axe":750,"minecraft:barrel":2,"minecraft:glowstone":176,"minecraft:golden_carrot":97,"minecraft:minecart":8,"minecraft:cooked_beef":1,"minecraft:wheat_seeds":354,"minecraft:cooked_mutton":6,"minecraft:water_bucket":854,"minecraft:iron_ore":4,"minecraft:blue_wool":1,"minecraft:beacon":1,"minecraft:gold_ore":1,"minecraft:rail":232,"minecraft:comparator":50,"minecraft:crafting_table":21,"minecraft:white_bed":4,"minecraft:oak_log":556,"minecraft:piston":116,"minecraft:diamond_pickaxe":74063,"minecraft:apple":8,"minecraft:diamond_shovel":7829,"minecraft:oak_button":8,"minecraft:iron_pickaxe":1504,"minecraft:stone_axe":696,"minecraft:green_shulker_box":4,"minecraft:cobblestone":30781,"minecraft:cooked_porkchop":1,"minecraft:bucket":863,"minecraft:lapis_block":1,"minecraft:glass_pane":1079,"minecraft:smooth_stone":1},"minecraft:broken":{"minecraft:iron_shovel":1,"minecraft:stone_pickaxe":15,"minecraft:diamond_pickaxe":4,"minecraft:stone_axe":5,"minecraft:stone_shovel":12,"minecraft:iron_axe":3,"minecraft:iron_pickaxe":6}},"DataVersion":2584}