{"stats":{"minecraft:custom":{"minecraft:interact_with_crafting_table":3202,"minecraft:deaths":15,"minecraft:jump":181755,"minecraft:interact_with_cartography_table":1,"minecraft:inspect_dispenser":191,"minecraft:horse_one_cm":43182,"minecraft:inspect_dropper":846,"minecraft:interact_with_anvil":218,"minecraft:inspect_hopper":1112,"minecraft:tune_noteblock":4,"minecraft:time_since_rest":5169,"minecraft:swim_one_cm":3353250,"minecraft:open_chest":23751,"minecraft:open_shulker_box":17921,"minecraft:damage_resisted":1414,"minecraft:play_noteblock":38,"minecraft:talked_to_villager":8442,"minecraft:interact_with_brewingstand":403,"minecraft:interact_with_beacon":32,"minecraft:fill_cauldron":3,"minecraft:boat_one_cm":2947944,"minecraft:damage_taken":77943,"minecraft:aviate_one_cm":218405072,"minecraft:open_barrel":701,"minecraft:bell_ring":22,"minecraft:eat_cake_slice":7,"minecraft:leave_game":1079,"minecraft:time_since_death":2185893,"minecraft:enchant_item":329,"minecraft:interact_with_furnace":1016,"minecraft:traded_with_villager":78485,"minecraft:sleep_in_bed":873,"minecraft:damage_dealt":713162,"minecraft:use_cauldron":1,"minecraft:interact_with_smithing_table":9,"minecraft:sneak_time":1161471,"minecraft:interact_with_lectern":51,"minecraft:interact_with_blast_furnace":1,"minecraft:interact_with_stonecutter":1,"minecraft:fly_one_cm":31869071,"minecraft:fish_caught":10,"minecraft:fall_one_cm":3091788,"minecraft:animals_bred":195,"minecraft:sprint_one_cm":55362990,"minecraft:drop":4314,"minecraft:walk_on_water_one_cm":4117693,"minecraft:play_one_minute":34379757,"minecraft:interact_with_loom":5,"minecraft:open_enderchest":3731,"minecraft:crouch_one_cm":3423819,"minecraft:mob_kills":13729,"minecraft:climb_one_cm":2542599,"minecraft:walk_one_cm":66248481,"minecraft:walk_under_water_one_cm":4118699,"minecraft:pot_flower":94,"minecraft:interact_with_grindstone":165,"minecraft:damage_absorbed":42,"minecraft:minecart_one_cm":15606243},"minecraft:killed":{"minecraft:cod":28,"minecraft:parrot":3,"minecraft:salmon":12,"minecraft:iron_golem":1,"minecraft:zombie":177,"minecraft:endermite":3,"minecraft:zombified_piglin":2,"minecraft:spider":13,"minecraft:wither":1,"minecraft:silverfish":27,"minecraft:piglin":3,"minecraft:zombie_villager":5,"minecraft:sheep":26,"minecraft:ghast":119,"minecraft:slime":1033,"minecraft:drowned":11,"minecraft:hoglin":1,"minecraft:squid":273,"minecraft:wither_skeleton":10,"minecraft:villager":11,"minecraft:cave_spider":7,"minecraft:skeleton":5518,"minecraft:chicken":28,"minecraft:magma_cube":401,"minecraft:cow":167,"minecraft:ocelot":1,"minecraft:enderman":47,"minecraft:pig":3,"minecraft:creeper":67,"minecraft:blaze":905,"minecraft:phantom":265,"minecraft:bat":11},"minecraft:used":{"minecraft:writable_book":152,"minecraft:jack_o_lantern":1,"minecraft:smooth_quartz_slab":1,"minecraft:dispenser":35,"minecraft:poppy":6,"minecraft:black_carpet":938,"minecraft:stone":22898,"minecraft:quartz_stairs":789,"minecraft:warped_sign":2,"minecraft:soul_sand":1254,"minecraft:cocoa_beans":132,"minecraft:lily_of_the_valley":1,"minecraft:azure_bluet":20,"minecraft:polished_blackstone_slab":1,"minecraft:jungle_sapling":50,"minecraft:packed_ice":1122,"minecraft:lava_bucket":5,"minecraft:stripped_dark_oak_wood":12,"minecraft:quartz_pillar":17,"minecraft:quartz_block":32,"minecraft:dark_oak_slab":8454,"minecraft:bow":1467,"minecraft:cooked_cod":9,"minecraft:oak_sapling":116,"minecraft:mossy_stone_bricks":327,"minecraft:damaged_anvil":5,"minecraft:lily_pad":19,"minecraft:blackstone":18,"minecraft:cactus":5,"minecraft:wooden_pickaxe":8,"minecraft:composter":199,"minecraft:clay":55,"minecraft:golden_apple":3,"minecraft:blast_furnace":2,"minecraft:purple_terracotta":47,"minecraft:chiseled_quartz_block":1,"minecraft:gray_concrete":1854,"minecraft:crimson_fence_gate":1,"minecraft:purple_concrete_powder":384,"minecraft:birch_fence":8,"minecraft:gray_stained_glass_pane":171,"minecraft:birch_slab":519,"minecraft:nether_wart_block":64,"minecraft:diamond_sword":10952,"minecraft:smithing_table":9,"minecraft:birch_log":1351,"minecraft:oak_boat":49,"minecraft:purple_wool":15,"minecraft:oak_trapdoor":43,"minecraft:polished_blackstone_brick_slab":38,"minecraft:enchanting_table":1,"minecraft:orange_concrete":1,"minecraft:armor_stand":2,"minecraft:light_gray_carpet":176,"minecraft:torch":11005,"minecraft:orange_stained_glass":231,"minecraft:brewing_stand":21,"minecraft:nether_quartz_ore":162,"minecraft:yellow_carpet":27,"minecraft:golden_shovel":68,"minecraft:oak_fence_gate":12,"minecraft:fern":13,"minecraft:mossy_cobblestone_stairs":1,"minecraft:sea_lantern":540,"minecraft:chipped_anvil":6,"minecraft:iron_block":6965,"minecraft:jungle_log":670,"minecraft:barrel":10,"minecraft:bamboo":30,"minecraft:basalt":534,"minecraft:lime_concrete":18,"minecraft:warped_stairs":161,"minecraft:magenta_terracotta":107,"minecraft:podzol":31,"minecraft:wheat_seeds":614,"minecraft:warped_stem":217,"minecraft:light_blue_shulker_box":56,"minecraft:birch_planks":583,"minecraft:blue_concrete_powder":192,"minecraft:cauldron":20,"minecraft:spruce_fence_gate":33,"minecraft:diamond_block":12,"minecraft:rail":5790,"minecraft:crimson_trapdoor":104,"minecraft:white_bed":111,"minecraft:campfire":32,"minecraft:spruce_log":2442,"minecraft:diamond_pickaxe":206030,"minecraft:warped_trapdoor":12,"minecraft:diamond_shovel":105804,"minecraft:oak_button":15,"minecraft:spruce_pressure_plate":24,"minecraft:magenta_concrete_powder":595,"minecraft:spruce_trapdoor":118,"minecraft:spruce_sapling":168,"minecraft:blue_carpet":18,"minecraft:green_carpet":257,"minecraft:potion":25,"minecraft:purple_bed":52,"minecraft:crimson_stairs":16,"minecraft:cooked_porkchop":6,"minecraft:warped_fence_gate":2,"minecraft:andesite_stairs":9,"minecraft:stripped_oak_log":7,"minecraft:dandelion":2,"minecraft:green_stained_glass":2328,"minecraft:red_sand":1,"minecraft:light_gray_stained_glass_pane":213,"minecraft:melon":38,"minecraft:bone_block":8,"minecraft:polished_basalt":3,"minecraft:nether_wart":1238,"minecraft:grass":148,"minecraft:mossy_stone_brick_slab":113,"minecraft:green_terracotta":138,"minecraft:stripped_crimson_stem":44,"minecraft:jungle_planks":738,"minecraft:obsidian":331,"minecraft:crimson_button":2,"minecraft:spruce_wood":38,"minecraft:lantern":410,"minecraft:green_wool":441,"minecraft:warped_nylium":10,"minecraft:light_blue_bed":6,"minecraft:mossy_cobblestone_slab":4,"minecraft:item_frame":83,"minecraft:birch_trapdoor":69,"minecraft:written_book":50,"minecraft:jungle_button":3,"minecraft:blue_shulker_box":17,"minecraft:gold_block":2,"minecraft:pink_concrete_powder":11460,"minecraft:dark_oak_sapling":72,"minecraft:tube_coral_fan":1,"minecraft:end_rod":6,"minecraft:dropper":701,"minecraft:gray_carpet":280,"minecraft:stone_pickaxe":85,"minecraft:jungle_fence":160,"minecraft:oak_planks":368,"minecraft:sandstone":4,"minecraft:sugar_cane":24,"minecraft:diamond_axe":38265,"minecraft:white_wool":1196,"minecraft:light_blue_concrete":24,"minecraft:lime_stained_glass_pane":7,"minecraft:yellow_concrete":358,"minecraft:sticky_piston":230,"minecraft:lever":71,"minecraft:daylight_detector":3,"minecraft:dark_oak_log":1291,"minecraft:bread":48,"minecraft:brown_wool":1,"minecraft:warped_slab":79,"minecraft:iron_door":43,"minecraft:light_blue_concrete_powder":64,"minecraft:chain":669,"minecraft:coarse_dirt":1541,"minecraft:bone_meal":25212,"minecraft:orange_concrete_powder":64,"minecraft:rose_bush":6,"minecraft:flint_and_steel":253,"minecraft:crimson_fence":1,"minecraft:redstone":596,"minecraft:ender_chest":431,"minecraft:brown_shulker_box":27,"minecraft:stripped_birch_wood":79,"minecraft:dirt":14897,"minecraft:spruce_fence":158,"minecraft:warped_pressure_plate":1,"minecraft:iron_hoe":310,"minecraft:wooden_axe":10,"minecraft:light_gray_stained_glass":1257,"minecraft:oak_stairs":152,"minecraft:smooth_sandstone":5,"minecraft:crimson_slab":168,"minecraft:yellow_concrete_powder":256,"minecraft:black_stained_glass":1560,"minecraft:soul_soil":23,"minecraft:lime_stained_glass":358,"minecraft:netherite_pickaxe":86205,"minecraft:minecart":282,"minecraft:cyan_concrete_powder":10245,"minecraft:cooked_beef":354,"minecraft:mossy_stone_brick_wall":12,"minecraft:light_gray_bed":3,"minecraft:pumpkin":12,"minecraft:cobblestone_stairs":122,"minecraft:red_nether_bricks":1,"minecraft:birch_boat":3,"minecraft:brown_mushroom":47,"minecraft:spruce_sign":9,"minecraft:warped_roots":2,"minecraft:magenta_bed":30,"minecraft:red_mushroom":22,"minecraft:magenta_carpet":73,"minecraft:warped_planks":201,"minecraft:cyan_stained_glass":2961,"minecraft:piston":597,"minecraft:wooden_hoe":135,"minecraft:flower_pot":102,"minecraft:black_wool":221,"minecraft:stone_slab":663,"minecraft:detector_rail":6,"minecraft:magenta_concrete":592,"minecraft:stone_axe":138,"minecraft:brown_stained_glass_pane":19,"minecraft:crimson_fungus":95,"minecraft:cyan_stained_glass_pane":15,"minecraft:pink_shulker_box":60,"minecraft:pumpkin_pie":1,"minecraft:wither_rose":26,"minecraft:sea_pickle":5,"minecraft:gray_wool":234,"minecraft:birch_stairs":326,"minecraft:peony":6,"minecraft:nether_brick_fence":67,"minecraft:polished_blackstone":2,"minecraft:spruce_slab":198,"minecraft:ladder":328,"minecraft:chest":1118,"minecraft:white_shulker_box":101,"minecraft:blue_stained_glass":307,"minecraft:jungle_slab":178,"minecraft:allium":116,"minecraft:stripped_spruce_log":217,"minecraft:honey_block":5,"minecraft:black_stained_glass_pane":1579,"minecraft:grass_block":5131,"minecraft:birch_sapling":220,"minecraft:orange_shulker_box":44,"minecraft:dark_oak_button":11,"minecraft:stone_brick_stairs":94,"minecraft:blue_banner":2,"minecraft:snow":14,"minecraft:furnace":158,"minecraft:egg":249,"minecraft:seagrass":47,"minecraft:brown_concrete_powder":53,"minecraft:magenta_shulker_box":428,"minecraft:light_blue_carpet":8,"minecraft:diorite":446,"minecraft:spruce_door":2,"minecraft:stripped_birch_log":126,"minecraft:red_stained_glass":194,"minecraft:powered_rail":2853,"minecraft:lime_concrete_powder":64,"minecraft:oak_leaves":2446,"minecraft:cookie":1,"minecraft:dark_oak_trapdoor":105,"minecraft:sand":2572,"minecraft:black_concrete_powder":13540,"minecraft:pumpkin_seeds":38,"minecraft:crying_obsidian":1931,"minecraft:stone_button":95,"minecraft:cyan_carpet":15,"minecraft:lectern":220,"minecraft:red_terracotta":86,"minecraft:diamond_ore":989,"minecraft:lilac":17,"minecraft:polished_andesite_slab":6,"minecraft:soul_lantern":18,"minecraft:magenta_stained_glass_pane":246,"minecraft:dark_oak_fence":44,"minecraft:white_stained_glass":5328,"minecraft:green_concrete_powder":3220,"minecraft:pink_stained_glass":288,"minecraft:ice":408,"minecraft:gray_stained_glass":1147,"minecraft:iron_bars":351,"minecraft:stone_sword":2,"minecraft:mycelium":157,"minecraft:netherrack":1271,"minecraft:light_gray_shulker_box":99,"minecraft:anvil":106,"minecraft:warped_wart_block":522,"minecraft:crimson_hyphae":1,"minecraft:stone_stairs":20,"minecraft:nether_brick_slab":135,"minecraft:jungle_trapdoor":17,"minecraft:blue_concrete":252,"minecraft:shroomlight":69,"minecraft:red_shulker_box":214,"minecraft:cyan_shulker_box":85,"minecraft:iron_axe":249,"minecraft:spruce_button":123,"minecraft:slime_block":46,"minecraft:warped_fence":1,"minecraft:totem_of_undying":1,"minecraft:pink_stained_glass_pane":2085,"minecraft:melon_seeds":25,"minecraft:tripwire_hook":7,"minecraft:purple_concrete":298,"minecraft:glowstone":53,"minecraft:iron_trapdoor":124,"minecraft:crimson_pressure_plate":1,"minecraft:observer":1094,"minecraft:orange_terracotta":20,"minecraft:crimson_stem":466,"minecraft:water_bucket":608,"minecraft:yellow_shulker_box":109,"minecraft:smooth_sandstone_slab":83,"minecraft:cartography_table":1,"minecraft:fletching_table":8,"minecraft:cracked_stone_bricks":840,"minecraft:pink_concrete":6991,"minecraft:orange_carpet":2,"minecraft:lime_terracotta":89,"minecraft:comparator":471,"minecraft:vine":191,"minecraft:tnt":112,"minecraft:oak_slab":900,"minecraft:crafting_table":273,"minecraft:birch_sign":255,"minecraft:lime_shulker_box":57,"minecraft:cake":1,"minecraft:oak_log":1269,"minecraft:cornflower":7,"minecraft:oxeye_daisy":10,"minecraft:stripped_jungle_log":1,"minecraft:sunflower":2,"minecraft:iron_pickaxe":2942,"minecraft:cyan_concrete":59,"minecraft:crimson_nylium":19,"minecraft:crimson_sign":1,"minecraft:cobblestone":3930,"minecraft:red_concrete_powder":65,"minecraft:glass_pane":4,"minecraft:brown_mushroom_block":49,"minecraft:kelp":2404,"minecraft:iron_shovel":271,"minecraft:dead_tube_coral_fan":2,"minecraft:diamond_hoe":20415,"minecraft:oak_sign":80,"minecraft:white_concrete_powder":13254,"minecraft:white_terracotta":723,"minecraft:iron_sword":1911,"minecraft:purple_shulker_box":17,"minecraft:bell":16,"minecraft:player_head":41,"minecraft:smooth_sandstone_stairs":9,"minecraft:nether_bricks":317,"minecraft:carrot":10274,"minecraft:milk_bucket":2,"minecraft:glass":2060,"minecraft:cyan_terracotta":3422,"minecraft:coal_ore":331,"minecraft:quartz_slab":99,"minecraft:dark_oak_wood":23,"minecraft:gray_concrete_powder":2279,"minecraft:crimson_roots":1,"minecraft:hopper_minecart":14,"minecraft:stone_bricks":6999,"minecraft:repeater":250,"minecraft:red_carpet":415,"minecraft:redstone_lamp":1,"minecraft:brown_carpet":110,"minecraft:magma_block":1111,"minecraft:warped_fungus":39,"minecraft:scaffolding":742,"minecraft:gray_bed":3,"minecraft:beetroot_seeds":6,"minecraft:stripped_spruce_wood":2,"minecraft:dark_oak_stairs":837,"minecraft:birch_leaves":2379,"minecraft:dark_oak_sign":18,"minecraft:birch_wood":83,"minecraft:ender_pearl":73,"minecraft:redstone_block":161,"minecraft:loom":2,"minecraft:light_gray_terracotta":3,"minecraft:sponge":141,"minecraft:note_block":69,"minecraft:stone_brick_wall":24,"minecraft:shears":11774,"minecraft:redstone_torch":354,"minecraft:gray_shulker_box":92,"minecraft:green_concrete":1199,"minecraft:melon_slice":25,"minecraft:firework_rocket":331,"minecraft:string":74,"minecraft:black_concrete":3636,"minecraft:birch_fence_gate":214,"minecraft:heavy_weighted_pressure_plate":2,"minecraft:lime_carpet":12,"minecraft:light_gray_concrete":675,"minecraft:gravel":95,"minecraft:jungle_sign":9,"minecraft:grindstone":30,"minecraft:crimson_door":12,"minecraft:andesite":793,"minecraft:white_concrete":13331,"minecraft:warped_button":3,"minecraft:cobweb":34,"minecraft:oak_fence":526,"minecraft:jungle_leaves":580,"minecraft:redstone_ore":338,"minecraft:stone_shovel":105,"minecraft:light_blue_terracotta":2896,"minecraft:spruce_planks":5264,"minecraft:oak_door":9,"minecraft:white_carpet":248,"minecraft:hopper":641,"minecraft:spruce_stairs":60,"minecraft:cobblestone_wall":4,"minecraft:warped_door":1,"minecraft:shulker_box":1346,"minecraft:oak_wood":5,"minecraft:pink_carpet":2328,"minecraft:granite":345,"minecraft:light_blue_stained_glass":579,"minecraft:purple_banner":7,"minecraft:birch_door":8,"minecraft:stone_brick_slab":575,"minecraft:dark_oak_planks":2718,"minecraft:bookshelf":505,"minecraft:yellow_stained_glass":395,"minecraft:crimson_planks":919,"minecraft:golden_carrot":1594,"minecraft:emerald_block":129,"minecraft:white_stained_glass_pane":120,"minecraft:horn_coral_block":1,"minecraft:stone_pressure_plate":38,"minecraft:brown_bed":5,"minecraft:cooked_mutton":10,"minecraft:glass_bottle":51,"minecraft:polished_andesite":29,"minecraft:andesite_slab":26,"minecraft:black_shulker_box":122,"minecraft:magenta_stained_glass":1203,"minecraft:stonecutter":18,"minecraft:beacon":23,"minecraft:cobblestone_slab":205,"minecraft:jungle_wood":4,"minecraft:stripped_dark_oak_log":501,"minecraft:terracotta":37,"minecraft:lime_bed":35,"minecraft:light_gray_concrete_powder":4203,"minecraft:painting":240,"minecraft:dark_oak_door":20,"minecraft:purple_stained_glass":282,"minecraft:apple":3,"minecraft:fishing_rod":16,"minecraft:green_shulker_box":54,"minecraft:white_banner":2,"minecraft:bucket":636,"minecraft:magenta_glazed_terracotta":40,"minecraft:yellow_bed":17,"minecraft:smooth_stone":4,"minecraft:purple_carpet":215,"minecraft:splash_potion":65,"minecraft:soul_torch":46},"minecraft:crafted":{"minecraft:lime_stained_glass":896,"minecraft:black_dye":3918,"minecraft:yellow_wool":6,"minecraft:oak_sign":90,"minecraft:melon":30766,"minecraft:blaze_powder":1048,"minecraft:birch_boat":4,"minecraft:chain":1027,"minecraft:diamond_shovel":7,"minecraft:cracked_stone_bricks":935,"minecraft:nether_brick":32,"minecraft:gray_wool":759,"minecraft:shulker_box":9,"minecraft:diamond_helmet":5,"minecraft:magenta_concrete_powder":1728,"minecraft:beacon":1,"minecraft:light_blue_concrete_powder":376,"minecraft:stone_pressure_plate":48,"minecraft:iron_door":24,"minecraft:gray_stained_glass_pane":336,"minecraft:black_wool":379,"minecraft:gray_stained_glass":704,"minecraft:white_shulker_box":2,"minecraft:name_tag":149,"minecraft:lime_concrete_powder":64,"minecraft:pink_stained_glass":1544,"minecraft:warped_stairs":100,"minecraft:blue_stained_glass":1416,"minecraft:redstone_lamp":1,"minecraft:smithing_table":2,"minecraft:mossy_cobblestone":11,"minecraft:brown_bed":1,"minecraft:nether_brick_fence":96,"minecraft:sticky_piston":236,"minecraft:fletching_table":4,"minecraft:green_stained_glass":3208,"minecraft:painting":82,"minecraft:cartography_table":1,"minecraft:stone_brick_stairs":196,"minecraft:lectern":42,"minecraft:wooden_hoe":2,"minecraft:stone_slab":1038,"minecraft:iron_pickaxe":12,"minecraft:sandstone":92,"minecraft:netherite_ingot":2,"minecraft:composter":83,"minecraft:jungle_sign":12,"minecraft:golden_carrot":5371,"minecraft:magenta_wool":25,"minecraft:orange_shulker_box":2,"minecraft:iron_nugget":5238,"minecraft:crimson_trapdoor":78,"minecraft:diamond_hoe":4,"minecraft:soul_torch":60,"minecraft:light_gray_wool":108,"minecraft:jack_o_lantern":1,"minecraft:blue_shulker_box":1,"minecraft:lime_stained_glass_pane":16,"minecraft:spruce_fence":156,"minecraft:stone_stairs":56,"minecraft:terracotta":21,"minecraft:lantern":491,"minecraft:spruce_stairs":108,"minecraft:light_gray_shulker_box":5,"minecraft:polished_diorite":64,"minecraft:stripped_birch_wood":15,"minecraft:black_concrete_powder":15936,"minecraft:red_shulker_box":3,"minecraft:stone_pickaxe":2,"minecraft:quartz_slab":96,"minecraft:purple_carpet":216,"minecraft:lead":8,"minecraft:enchanting_table":1,"minecraft:crimson_slab":126,"minecraft:leather_helmet":2,"minecraft:dark_oak_button":16,"minecraft:red_carpet":345,"minecraft:enchanted_book":160,"minecraft:orange_dye":256,"minecraft:light_blue_carpet":6,"minecraft:magenta_glazed_terracotta":64,"minecraft:crimson_stairs":188,"minecraft:oak_fence_gate":2,"minecraft:soul_lantern":16,"minecraft:red_stained_glass":1216,"minecraft:warped_sign":3,"minecraft:fermented_spider_eye":90,"minecraft:birch_trapdoor":36,"minecraft:black_stained_glass_pane":1680,"minecraft:writable_book":41,"minecraft:iron_shovel":2,"minecraft:armor_stand":2,"minecraft:note_block":178,"minecraft:grindstone":36,"minecraft:cobblestone_slab":384,"minecraft:barrel":13,"minecraft:birch_wood":78,"minecraft:crimson_sign":3,"minecraft:stone":49,"minecraft:pink_carpet":2316,"minecraft:heavy_weighted_pressure_plate":2,"minecraft:warped_planks":316,"minecraft:brown_carpet":102,"minecraft:cake":2,"minecraft:stone_brick_slab":666,"minecraft:brown_stained_glass":168,"minecraft:bow":2,"minecraft:comparator":517,"minecraft:chest":1401,"minecraft:polished_basalt":4,"minecraft:oak_button":7,"minecraft:rail":1536,"minecraft:blue_concrete_powder":192,"minecraft:ender_eye":29,"minecraft:stone_bricks":8420,"minecraft:oak_fence":507,"minecraft:white_banner":2,"minecraft:dropper":758,"minecraft:cauldron":25,"minecraft:iron_helmet":1,"minecraft:brown_dye":176,"minecraft:red_wool":221,"minecraft:white_stained_glass_pane":144,"minecraft:yellow_stained_glass":896,"minecraft:warped_door":3,"minecraft:dispenser":77,"minecraft:apple":136,"minecraft:tnt":118,"minecraft:spruce_trapdoor":128,"minecraft:pink_wool":3,"minecraft:purple_dye":256,"minecraft:yellow_dye":513,"minecraft:warped_fence_gate":1,"minecraft:stick":9025,"minecraft:iron_ingot":19058,"minecraft:andesite_stairs":52,"minecraft:light_blue_shulker_box":1,"minecraft:light_blue_stained_glass":936,"minecraft:lime_carpet":12,"minecraft:cyan_carpet":15,"minecraft:oak_door":12,"minecraft:nether_brick_slab":96,"minecraft:stone_brick_wall":252,"minecraft:fishing_rod":1,"minecraft:tripwire_hook":8,"minecraft:leather_boots":2,"minecraft:spruce_button":150,"minecraft:mossy_stone_bricks":361,"minecraft:blast_furnace":1,"minecraft:furnace":164,"minecraft:piston":868,"minecraft:crimson_button":1,"minecraft:magenta_stained_glass_pane":288,"minecraft:oak_trapdoor":50,"minecraft:flint_and_steel":7,"minecraft:scaffolding":192,"minecraft:white_concrete_powder":13216,"minecraft:orange_terracotta":16,"minecraft:cobblestone_wall":66,"minecraft:brown_shulker_box":2,"minecraft:birch_sign":225,"minecraft:glistering_melon_slice":320,"minecraft:smooth_sandstone_stairs":8,"minecraft:purple_terracotta":64,"minecraft:jungle_wood":6,"minecraft:purple_stained_glass":896,"minecraft:stripped_spruce_wood":3,"minecraft:iron_trapdoor":86,"minecraft:purple_shulker_box":1,"minecraft:iron_sword":8,"minecraft:jungle_planks":11612,"minecraft:white_dye":4733,"minecraft:brown_concrete_powder":128,"minecraft:black_carpet":933,"minecraft:blue_wool":7,"minecraft:anvil":93,"minecraft:stonecutter":10,"minecraft:crimson_door":6,"minecraft:torch":7002,"minecraft:magenta_carpet":111,"minecraft:diamond_chestplate":5,"minecraft:ender_chest":26,"minecraft:jungle_button":66,"minecraft:light_gray_concrete_powder":3832,"minecraft:smooth_stone":1757,"minecraft:purple_bed":31,"minecraft:orange_stained_glass":960,"minecraft:dark_oak_wood":27,"minecraft:birch_slab":648,"minecraft:horn_coral_block":1,"minecraft:slime_block":98,"minecraft:loom":3,"minecraft:lever":137,"minecraft:bookshelf":578,"minecraft:cooked_mutton":21,"minecraft:iron_bars":592,"minecraft:red_concrete_powder":72,"minecraft:magenta_shulker_box":3,"minecraft:quartz_block":376,"minecraft:glass":117003,"minecraft:light_blue_terracotta":3136,"minecraft:repeater":384,"minecraft:diamond_leggings":5,"minecraft:cyan_stained_glass_pane":32,"minecraft:netherite_boots":1,"minecraft:melon_seeds":226,"minecraft:birch_fence_gate":326,"minecraft:polished_blackstone":4,"minecraft:stripped_dark_oak_wood":12,"minecraft:birch_door":6,"minecraft:magenta_dye":689,"minecraft:gray_bed":1,"minecraft:flower_pot":96,"minecraft:glass_bottle":1770,"minecraft:wooden_shovel":3,"minecraft:emerald":68358,"minecraft:cooked_porkchop":7,"minecraft:diamond_axe":10,"minecraft:spruce_door":3,"minecraft:clock":10,"minecraft:purple_banner":7,"minecraft:oak_wood":36,"minecraft:campfire":81,"minecraft:light_gray_bed":1,"minecraft:lime_shulker_box":2,"minecraft:lime_bed":28,"minecraft:green_terracotta":128,"minecraft:compass":14,"minecraft:white_terracotta":1277,"minecraft:iron_block":24202,"minecraft:light_blue_bed":1,"minecraft:gold_ingot":2221,"minecraft:light_gray_dye":1410,"minecraft:spruce_fence_gate":27,"minecraft:birch_stairs":488,"minecraft:packed_ice":206,"minecraft:yellow_concrete_powder":256,"minecraft:stone_shovel":2,"minecraft:smooth_stone_slab":6,"minecraft:leather_leggings":2,"minecraft:player_head":55,"minecraft:crimson_fence_gate":1,"minecraft:mossy_cobblestone_stairs":4,"minecraft:yellow_bed":1,"minecraft:red_terracotta":64,"minecraft:bone_meal":35842,"minecraft:cyan_stained_glass":13376,"minecraft:pink_dye":1670,"minecraft:white_carpet":138,"minecraft:warped_trapdoor":6,"minecraft:diamond":720,"minecraft:dark_oak_fence":84,"minecraft:detector_rail":18,"minecraft:ladder":405,"minecraft:yellow_glazed_terracotta":8,"minecraft:spruce_slab":276,"minecraft:blue_banner":1,"minecraft:ender_pearl":12,"minecraft:diamond_boots":5,"minecraft:redstone_block":518,"minecraft:jungle_fence":249,"minecraft:dark_oak_planks":9134,"minecraft:golden_helmet":1,"minecraft:coal_block":110,"minecraft:daylight_detector":1,"minecraft:polished_blackstone_brick_slab":42,"minecraft:magenta_stained_glass":1688,"minecraft:gray_concrete_powder":2928,"minecraft:glowstone":229,"minecraft:white_stained_glass":7568,"minecraft:jungle_slab":372,"minecraft:golden_apple":63,"minecraft:andesite_slab":66,"minecraft:gray_shulker_box":6,"minecraft:cyan_shulker_box":1,"minecraft:oak_stairs":156,"minecraft:wooden_axe":1,"minecraft:crimson_fence":3,"minecraft:warped_pressure_plate":1,"minecraft:iron_leggings":1,"minecraft:white_bed":32,"minecraft:blue_carpet":15,"minecraft:brick":292,"minecraft:oak_planks":6988,"minecraft:pink_shulker_box":3,"minecraft:mossy_stone_brick_slab":108,"minecraft:sand":64,"minecraft:cobblestone_stairs":264,"minecraft:spruce_pressure_plate":28,"minecraft:green_dye":3209,"minecraft:dark_oak_door":24,"minecraft:hopper":665,"minecraft:iron_boots":1,"minecraft:mossy_cobblestone_slab":6,"minecraft:cyan_terracotta":3152,"minecraft:yellow_banner":1,"minecraft:stone_hoe":27,"minecraft:quartz_stairs":724,"minecraft:item_frame":59,"minecraft:oak_slab":1572,"minecraft:map":12,"minecraft:crafting_table":98,"minecraft:spruce_planks":7206,"minecraft:brown_stained_glass_pane":80,"minecraft:wooden_pickaxe":3,"minecraft:gold_block":34,"minecraft:hopper_minecart":14,"minecraft:pumpkin_seeds":292,"minecraft:crimson_pressure_plate":1,"minecraft:brewing_stand":71,"minecraft:birch_planks":4300,"minecraft:black_shulker_box":3,"minecraft:emerald_block":3004,"minecraft:dark_oak_slab":8104,"minecraft:iron_chestplate":1,"minecraft:book":168,"minecraft:paper":107636,"minecraft:charcoal":31,"minecraft:diamond_pickaxe":12,"minecraft:birch_fence":36,"minecraft:warped_slab":66,"minecraft:light_blue_dye":710,"minecraft:leather_chestplate":14,"minecraft:stone_sword":2,"minecraft:green_shulker_box":11,"minecraft:redstone_torch":2667,"minecraft:gray_carpet":249,"minecraft:light_gray_carpet":180,"minecraft:sponge":141,"minecraft:shears":25,"minecraft:light_gray_stained_glass_pane":352,"minecraft:green_carpet":147,"minecraft:crimson_hyphae":3,"minecraft:polished_andesite":128,"minecraft:coarse_dirt":1536,"minecraft:cookie":432,"minecraft:redstone":6637,"minecraft:coal":801,"minecraft:light_gray_stained_glass":6176,"minecraft:stone_button":220,"minecraft:dark_oak_trapdoor":116,"minecraft:jungle_trapdoor":14,"minecraft:gray_dye":1474,"minecraft:dark_oak_sign":33,"minecraft:mossy_stone_brick_wall":36,"minecraft:diamond_block":101,"minecraft:glass_pane":16,"minecraft:warped_fence":3,"minecraft:netherite_leggings":1,"minecraft:yellow_shulker_box":1,"minecraft:green_concrete_powder":3784,"minecraft:iron_axe":1,"minecraft:spruce_wood":51,"minecraft:slime_ball":9,"minecraft:iron_hoe":2,"minecraft:orange_concrete_powder":64,"minecraft:lime_dye":264,"minecraft:warped_button":3,"minecraft:filled_map":24,"minecraft:netherite_scrap":8,"minecraft:minecart":85,"minecraft:observer":1243,"minecraft:cooked_beef":347,"minecraft:sugar":704,"minecraft:red_dye":1069,"minecraft:cooked_cod":12,"minecraft:cyan_concrete_powder":10496,"minecraft:bone_block":137,"minecraft:magenta_bed":9,"minecraft:crimson_planks":1504,"minecraft:diamond_sword":4,"minecraft:cyan_dye":3436,"minecraft:spruce_sign":12,"minecraft:dark_oak_stairs":816,"minecraft:pink_concrete_powder":11504,"minecraft:powered_rail":1158,"minecraft:yellow_carpet":30,"minecraft:bell":14,"minecraft:smooth_sandstone":92,"minecraft:bucket":50,"minecraft:stone_axe":30,"minecraft:air":0,"minecraft:bread":576,"minecraft:blue_dye":2421,"minecraft:black_stained_glass":6160,"minecraft:oak_boat":7,"minecraft:magenta_terracotta":512,"minecraft:smooth_sandstone_slab":72,"minecraft:white_wool":93,"minecraft:gold_nugget":1546,"minecraft:pink_stained_glass_pane":2288,"minecraft:brown_wool":108,"minecraft:green_wool":75,"minecraft:nether_wart_block":1,"minecraft:pumpkin_pie":416,"minecraft:acacia_planks":764,"minecraft:purple_concrete_powder":384,"minecraft:lapis_lazuli":617,"minecraft:lapis_block":33},"minecraft:dropped":{"minecraft:pink_stained_glass":2,"minecraft:lapis_lazuli":21,"minecraft:chorus_fruit":2,"minecraft:diamond":71,"minecraft:crafting_table":36,"minecraft:lime_stained_glass":1,"minecraft:dark_oak_slab":48,"minecraft:weeping_vines":2,"minecraft:warped_roots":7,"minecraft:cracked_stone_bricks":7,"minecraft:emerald":512,"minecraft:gray_concrete":7,"minecraft:dark_oak_trapdoor":1,"minecraft:netherite_boots":1,"minecraft:writable_book":26,"minecraft:gold_nugget":1,"minecraft:sand":150,"minecraft:purple_wool":10,"minecraft:dark_oak_planks":9,"minecraft:white_wool":8,"minecraft:compass":13,"minecraft:lever":5,"minecraft:iron_nugget":66,"minecraft:black_carpet":247,"minecraft:wheat":7,"minecraft:obsidian":4,"minecraft:rotten_flesh":119,"minecraft:grindstone":22,"minecraft:oak_planks":266,"minecraft:pink_carpet":1,"minecraft:warped_sign":2,"minecraft:coal_ore":25,"minecraft:jungle_log":12,"minecraft:leather_boots":28,"minecraft:leather_leggings":26,"minecraft:painting":13,"minecraft:glass":4,"minecraft:beef":26,"minecraft:warped_wart_block":1,"minecraft:golden_boots":2,"minecraft:black_dye":5,"minecraft:wheat_seeds":114,"minecraft:clock":1,"minecraft:light_gray_stained_glass_pane":8,"minecraft:book":3,"minecraft:red_stained_glass":1,"minecraft:brown_concrete_powder":4,"minecraft:ink_sac":32,"minecraft:wooden_axe":1,"minecraft:potion":53,"minecraft:oak_stairs":6,"minecraft:pumpkin":1072,"minecraft:smooth_stone":2,"minecraft:acacia_planks":1,"minecraft:pink_stained_glass_pane":36,"minecraft:stone_brick_slab":1,"minecraft:player_head":3,"minecraft:cocoa_beans":3,"minecraft:stone_shovel":1,"minecraft:clay_ball":4,"minecraft:name_tag":1,"minecraft:light_gray_concrete":120,"minecraft:white_terracotta":50,"minecraft:oak_sign":40,"minecraft:shears":8,"minecraft:diamond_sword":5,"minecraft:flower_pot":40,"minecraft:spruce_trapdoor":1,"minecraft:spruce_planks":22,"minecraft:diamond_pickaxe":9,"minecraft:light_blue_carpet":1,"minecraft:stone_pressure_plate":1,"minecraft:redstone_torch":63,"minecraft:brown_bed":1,"minecraft:stone_bricks":116,"minecraft:bamboo":290,"minecraft:sandstone":3,"minecraft:bow":370,"minecraft:terracotta":188,"minecraft:soul_sand":9,"minecraft:oak_log":90,"minecraft:ender_pearl":16,"minecraft:jungle_fence":16,"minecraft:jungle_planks":56,"minecraft:birch_slab":52,"minecraft:cod":1,"minecraft:cobblestone_stairs":35,"minecraft:mutton":7,"minecraft:black_concrete":115,"minecraft:gold_ingot":4,"minecraft:magenta_stained_glass":1,"minecraft:mossy_stone_brick_slab":9,"minecraft:mycelium":15,"minecraft:leather_chestplate":31,"minecraft:iron_ore":77,"minecraft:scaffolding":13,"minecraft:magenta_wool":4,"minecraft:polished_granite":6,"minecraft:splash_potion":1,"minecraft:purple_carpet":1,"minecraft:bread":1,"minecraft:vine":3,"minecraft:lilac":1,"minecraft:golden_helmet":1,"minecraft:tropical_fish":11,"minecraft:acacia_log":47,"minecraft:iron_block":129,"minecraft:milk_bucket":2,"minecraft:green_dye":1,"minecraft:repeater":64,"minecraft:nether_wart_block":2,"minecraft:melon_slice":649,"minecraft:white_concrete":244,"minecraft:yellow_shulker_box":1,"minecraft:iron_door":2,"minecraft:polished_blackstone_brick_slab":3,"minecraft:cactus":22,"minecraft:tripwire_hook":4,"minecraft:redstone_block":1,"minecraft:kelp":5,"minecraft:oak_trapdoor":26,"minecraft:light_gray_terracotta":165,"minecraft:comparator":65,"minecraft:green_concrete":60,"minecraft:shulker_box":7,"minecraft:flint_and_steel":2,"minecraft:oak_button":2,"minecraft:andesite":624,"minecraft:golden_leggings":1,"minecraft:oak_sapling":88,"minecraft:birch_sign":1,"minecraft:gray_concrete_powder":321,"minecraft:spruce_log":148,"minecraft:wooden_pickaxe":3,"minecraft:magma_cream":68,"minecraft:brick":6,"minecraft:magenta_terracotta":64,"minecraft:cooked_beef":41,"minecraft:dark_oak_button":2,"minecraft:saddle":1,"minecraft:rail":139,"minecraft:leather_helmet":25,"minecraft:red_carpet":49,"minecraft:item_frame":2,"minecraft:red_shulker_box":4,"minecraft:dirt":1195,"minecraft:melon":143,"minecraft:grass":16,"minecraft:stone_button":1,"minecraft:jungle_sapling":2,"minecraft:wooden_sword":2,"minecraft:bone_meal":452,"minecraft:sugar":62,"minecraft:bone":281,"minecraft:oak_door":1,"minecraft:pink_concrete":656,"minecraft:polished_blackstone_wall":4,"minecraft:emerald_block":2,"minecraft:sugar_cane":160,"minecraft:polished_andesite_slab":7,"minecraft:golden_chestplate":1,"minecraft:birch_sapling":10,"minecraft:light_gray_carpet":2,"minecraft:white_bed":1,"minecraft:salmon":9,"minecraft:lime_bed":1,"minecraft:ladder":6,"minecraft:yellow_banner":1,"minecraft:lectern":10,"minecraft:egg":795,"minecraft:enchanted_book":22,"minecraft:iron_ingot":571,"minecraft:chiseled_nether_bricks":1,"minecraft:netherite_pickaxe":1,"minecraft:cyan_stained_glass":25,"minecraft:birch_leaves":52,"minecraft:tnt":7,"minecraft:oak_fence":6,"minecraft:yellow_terracotta":4,"minecraft:feather":1284,"minecraft:cobblestone":5499,"minecraft:apple":18,"minecraft:granite":599,"minecraft:stripped_jungle_log":1,"minecraft:chainmail_helmet":1,"minecraft:coal":269,"minecraft:pufferfish":2,"minecraft:end_rod":62,"minecraft:oxeye_daisy":5,"minecraft:iron_trapdoor":1,"minecraft:golden_carrot":174,"minecraft:rose_bush":167,"minecraft:rabbit":2,"minecraft:pufferfish_bucket":1,"minecraft:paper":65,"minecraft:string":7,"minecraft:magenta_shulker_box":1,"minecraft:spruce_sapling":1,"minecraft:pink_tulip":2,"minecraft:furnace":1,"minecraft:soul_torch":1,"minecraft:stone_sword":1,"minecraft:smooth_stone_slab":3,"minecraft:diamond_hoe":1,"minecraft:chicken":3,"minecraft:slime_block":8,"minecraft:stone_slab":12,"minecraft:light_blue_concrete":20,"minecraft:orange_wool":6,"minecraft:spruce_fence":1,"minecraft:pumpkin_seeds":2,"minecraft:potato":1,"minecraft:cobblestone_slab":6,"minecraft:stone":4144,"minecraft:allium":64,"minecraft:spider_eye":2,"minecraft:birch_boat":1,"minecraft:magenta_dye":61,"minecraft:blue_orchid":50,"minecraft:crimson_nylium":26,"minecraft:birch_planks":113,"minecraft:brown_mushroom":3,"minecraft:dark_oak_stairs":4,"minecraft:diamond_axe":1,"minecraft:cyan_terracotta":129,"minecraft:crimson_roots":5,"minecraft:cooked_cod":3,"minecraft:seagrass":3,"minecraft:black_stained_glass":52,"minecraft:gravel":400,"minecraft:white_tulip":2,"minecraft:crimson_fungus":3,"minecraft:blackstone":66,"minecraft:fern":3,"minecraft:diamond_shovel":1,"minecraft:stone_stairs":1,"minecraft:carrot":21864,"minecraft:poppy":37494,"minecraft:gunpowder":11,"minecraft:birch_trapdoor":2,"minecraft:chest":17,"minecraft:basalt":27,"minecraft:gray_shulker_box":1,"minecraft:arrow":1758,"minecraft:powered_rail":72,"minecraft:quartz":64,"minecraft:written_book":17,"minecraft:oak_leaves":3,"minecraft:netherrack":6040,"minecraft:firework_rocket":49,"minecraft:water_bucket":14,"minecraft:oak_slab":2,"minecraft:stripped_spruce_log":6,"minecraft:red_concrete_powder":8,"minecraft:minecart":3,"minecraft:dead_horn_coral_block":1,"minecraft:grass_block":104,"minecraft:stick":718,"minecraft:blue_dye":48,"minecraft:diorite":1501,"minecraft:nether_gold_ore":6,"minecraft:torch":341,"minecraft:dandelion":27,"minecraft:redstone":55,"minecraft:nether_brick_slab":1,"minecraft:anvil":2,"minecraft:ender_chest":2,"minecraft:coarse_dirt":64,"minecraft:nether_wart":256,"minecraft:light_gray_wool":6,"minecraft:iron_hoe":1,"minecraft:glass_pane":12,"minecraft:red_terracotta":8,"minecraft:filled_map":1,"minecraft:snow":114,"minecraft:orange_terracotta":3,"minecraft:warped_fence":3,"minecraft:purple_bed":1,"minecraft:pink_wool":2,"minecraft:oak_boat":1,"minecraft:slime_ball":120,"minecraft:beacon":1,"minecraft:stone_pickaxe":1,"minecraft:nether_quartz_ore":2},"minecraft:picked_up":{"minecraft:smithing_table":8,"minecraft:lead":31,"minecraft:stone_slab":162,"minecraft:enchanted_book":52,"minecraft:purple_shulker_box":16,"minecraft:blue_concrete":297,"minecraft:string":189,"minecraft:pufferfish":2,"minecraft:shroomlight":243,"minecraft:diamond_leggings":11,"minecraft:warped_slab":40,"minecraft:crimson_sign":1,"minecraft:diamond_ore":909,"minecraft:spruce_pressure_plate":8,"minecraft:polished_blackstone_brick_slab":14,"minecraft:cyan_stained_glass":180,"minecraft:acacia_log":57,"minecraft:warped_button":1,"minecraft:warped_pressure_plate":1,"minecraft:green_terracotta":2,"minecraft:cyan_stained_glass_pane":4,"minecraft:golden_chestplate":35,"minecraft:gray_shulker_box":88,"minecraft:warped_door":1,"minecraft:cauldron":12,"minecraft:brown_carpet":26,"minecraft:yellow_banner":1,"minecraft:stone_sword":1,"minecraft:horn_coral_fan":1,"minecraft:polished_basalt":3,"minecraft:carved_pumpkin":16,"minecraft:red_tulip":7,"minecraft:glowstone":6,"minecraft:bookshelf":19,"minecraft:end_rod":544,"minecraft:white_terracotta":462,"minecraft:blaze_rod":436,"minecraft:iron_bars":29,"minecraft:feather":162,"minecraft:cooked_beef":85,"minecraft:water_bucket":3,"minecraft:brown_wool":37,"minecraft:flint":29,"minecraft:purple_stained_glass":179,"minecraft:pink_concrete_powder":12497,"minecraft:cyan_concrete_powder":8533,"minecraft:magenta_terracotta":75,"minecraft:lantern":117,"minecraft:gray_concrete_powder":2036,"minecraft:purple_carpet":25,"minecraft:stonecutter":16,"minecraft:dark_oak_sign":7,"minecraft:diamond_helmet":8,"minecraft:rabbit":3,"minecraft:lime_terracotta":21,"minecraft:stripped_crimson_stem":45,"minecraft:birch_fence_gate":22,"minecraft:stripped_spruce_log":270,"minecraft:brown_mushroom_block":675,"minecraft:iron_hoe":1,"minecraft:polished_andesite":2,"minecraft:lever":44,"minecraft:granite":9394,"minecraft:spruce_button":21,"minecraft:golden_horse_armor":1,"minecraft:blue_banner":1,"minecraft:light_gray_carpet":1186,"minecraft:crimson_roots":2420,"minecraft:magenta_glazed_terracotta":7,"minecraft:diamond_pickaxe":17,"minecraft:bee_nest":4,"minecraft:clay_ball":224,"minecraft:leather_leggings":16,"minecraft:cornflower":341,"minecraft:elytra":10,"minecraft:flint_and_steel":10,"minecraft:white_carpet":211,"minecraft:white_stained_glass":581,"minecraft:iron_shovel":2,"minecraft:polished_blackstone_wall":4,"minecraft:netherite_sword":1,"minecraft:stripped_warped_stem":1,"minecraft:jungle_sapling":338,"minecraft:poppy":3570,"minecraft:spruce_slab":227,"minecraft:minecart":244,"minecraft:birch_sapling":514,"minecraft:piston":106,"minecraft:diamond_hoe":3,"minecraft:lime_shulker_box":57,"minecraft:black_stained_glass":139,"minecraft:stone":108954,"minecraft:white_dye":277,"minecraft:netherite_pickaxe":6,"minecraft:cyan_shulker_box":85,"minecraft:jungle_sign":16,"minecraft:stone_shovel":2,"minecraft:diamond_chestplate":2,"minecraft:yellow_terracotta":4,"minecraft:totem_of_undying":5,"minecraft:polished_blackstone":2,"minecraft:mutton":40,"minecraft:rail":5265,"minecraft:bone_block":41,"minecraft:oxeye_daisy":49,"minecraft:lime_bed":35,"minecraft:birch_leaves":3708,"minecraft:yellow_shulker_box":112,"minecraft:clock":1,"minecraft:tripwire_hook":7,"minecraft:fern":25,"minecraft:yellow_dye":311,"minecraft:jungle_fence":75,"minecraft:lily_pad":42,"minecraft:paper":503,"minecraft:apple":140,"minecraft:warped_stem":476,"minecraft:yellow_stained_glass":265,"minecraft:oak_fence_gate":10,"minecraft:stone_pickaxe":1,"minecraft:iron_ore":2711,"minecraft:magenta_stained_glass":277,"minecraft:gray_bed":2,"minecraft:dark_oak_stairs":141,"minecraft:milk_bucket":6,"minecraft:light_gray_stained_glass":418,"minecraft:red_wool":20,"minecraft:lime_concrete":68,"minecraft:crimson_stairs":2,"minecraft:light_blue_stained_glass":241,"minecraft:crying_obsidian":29,"minecraft:leather_helmet":13,"minecraft:oak_wood":3,"minecraft:diamond_shovel":9,"minecraft:coal_ore":1715,"minecraft:slime_ball":1429,"minecraft:painting":174,"minecraft:birch_sign":75,"minecraft:smooth_quartz_slab":1,"minecraft:hopper":139,"minecraft:black_carpet":290,"minecraft:light_blue_concrete":1553,"minecraft:ender_chest":417,"minecraft:nether_brick_fence":27,"minecraft:yellow_wool":27,"minecraft:stone_brick_stairs":39,"minecraft:warped_stairs":81,"minecraft:lapis_block":64,"minecraft:red_sand":1015,"minecraft:smooth_stone":7,"minecraft:comparator":111,"minecraft:bucket":10,"minecraft:red_dye":134,"minecraft:white_tulip":7,"minecraft:rose_bush":876,"minecraft:cobblestone_slab":78,"minecraft:blue_wool":31,"minecraft:birch_trapdoor":57,"minecraft:spruce_stairs":15,"minecraft:crimson_button":2,"minecraft:diorite":11042,"minecraft:vine":602,"minecraft:rotten_flesh":354,"minecraft:brown_shulker_box":26,"minecraft:obsidian":641,"minecraft:blaze_powder":11,"minecraft:cobblestone":70218,"minecraft:leather_chestplate":12,"minecraft:lilac":261,"minecraft:repeater":54,"minecraft:dead_tube_coral_fan":2,"minecraft:andesite":11792,"minecraft:golden_leggings":16,"minecraft:orange_carpet":2,"minecraft:beacon":24,"minecraft:potato":2,"minecraft:smooth_sandstone_stairs":1,"minecraft:dirt":36256,"minecraft:stripped_birch_log":161,"minecraft:name_tag":7,"minecraft:glass":3813,"minecraft:bone":3623,"minecraft:bow":269,"minecraft:wheat_seeds":3155,"minecraft:orange_tulip":16,"minecraft:crimson_fence_gate":1,"minecraft:birch_wood":7,"minecraft:grindstone":29,"minecraft:netherite_axe":1,"minecraft:mossy_stone_bricks":57,"minecraft:fletching_table":8,"minecraft:bamboo":2960,"minecraft:cyan_concrete":7340,"minecraft:brown_stained_glass":65,"minecraft:gray_stained_glass":88,"minecraft:black_stained_glass_pane":29,"minecraft:light_blue_shulker_box":56,"minecraft:melon":954,"minecraft:diamond_block":15,"minecraft:grass_block":9831,"minecraft:warped_fence_gate":2,"minecraft:jungle_slab":160,"minecraft:mossy_cobblestone":195,"minecraft:jungle_leaves":638,"minecraft:light_gray_terracotta":424,"minecraft:sugar":62,"minecraft:yellow_carpet":6,"minecraft:light_blue_terracotta":52,"minecraft:slime_block":71,"minecraft:soul_lantern":11,"minecraft:yellow_stained_glass_pane":4,"minecraft:bone_meal":1234,"minecraft:grass":243,"minecraft:golden_apple":11,"minecraft:spruce_sign":19,"minecraft:emerald":610,"minecraft:netherrack":10998,"minecraft:chorus_fruit":4,"minecraft:oak_leaves":12417,"minecraft:azure_bluet":598,"minecraft:splash_potion":1,"minecraft:ladder":260,"minecraft:brown_mushroom":75,"minecraft:packed_ice":198,"minecraft:pink_wool":28,"minecraft:chain":28,"minecraft:brick":4,"minecraft:orange_stained_glass":254,"minecraft:oak_trapdoor":25,"minecraft:mycelium":998,"minecraft:birch_fence":6,"minecraft:magenta_wool":16,"minecraft:blackstone":405,"minecraft:blue_orchid":50,"minecraft:lime_wool":57,"minecraft:end_stone":47,"minecraft:note_block":37,"minecraft:brown_concrete_powder":34,"minecraft:light_blue_bed":5,"minecraft:light_gray_stained_glass_pane":41,"minecraft:stone_pressure_plate":6,"minecraft:blue_concrete_powder":64,"minecraft:weeping_vines":194,"minecraft:red_shulker_box":219,"minecraft:pumpkin_pie":47,"minecraft:nether_bricks":703,"minecraft:pink_tulip":18,"minecraft:glistering_melon_slice":64,"minecraft:netherite_boots":3,"minecraft:purple_dye":119,"minecraft:jungle_boat":1,"minecraft:basalt":1925,"minecraft:dark_oak_button":2,"minecraft:golden_carrot":382,"minecraft:leather":275,"minecraft:ice":11,"minecraft:crimson_fungus":350,"minecraft:chainmail_chestplate":9,"minecraft:yellow_bed":16,"minecraft:cobblestone_wall":3,"minecraft:gunpowder":256,"minecraft:orange_terracotta":23,"minecraft:red_carpet":183,"minecraft:gray_carpet":239,"minecraft:spruce_wood":12,"minecraft:iron_ingot":14324,"minecraft:polished_andesite_slab":18,"minecraft:nether_quartz_ore":188,"minecraft:warped_fungus":415,"minecraft:emerald_block":12,"minecraft:stone_brick_slab":130,"minecraft:quartz":1640,"minecraft:dandelion":44,"minecraft:lava_bucket":3,"minecraft:green_stained_glass":119,"minecraft:soul_torch":21,"minecraft:nether_brick_slab":119,"minecraft:spruce_door":1,"minecraft:pumpkin_seeds":183,"minecraft:white_concrete_powder":13330,"minecraft:chainmail_leggings":7,"minecraft:terracotta":12454,"minecraft:damaged_anvil":5,"minecraft:dark_oak_wood":2,"minecraft:sunflower":523,"minecraft:seagrass":68,"minecraft:birch_door":2,"minecraft:iron_chestplate":1,"minecraft:chainmail_boots":6,"minecraft:flower_pot":57,"minecraft:anvil":22,"minecraft:magenta_carpet":5,"minecraft:diamond_sword":13,"minecraft:oak_stairs":80,"minecraft:brown_bed":5,"minecraft:wither_rose":390,"minecraft:golden_shovel":4,"minecraft:brewing_stand":4,"minecraft:dark_oak_trapdoor":33,"minecraft:soul_soil":252,"minecraft:red_nether_bricks":1,"minecraft:beetroot":2,"minecraft:gold_nugget":31,"minecraft:crimson_fence":1,"minecraft:spruce_planks":1404,"minecraft:written_book":31,"minecraft:coal_block":4,"minecraft:melon_slice":2006,"minecraft:dark_oak_door":5,"minecraft:golden_helmet":36,"minecraft:crimson_pressure_plate":1,"minecraft:magenta_concrete_powder":255,"minecraft:composter":121,"minecraft:pink_carpet":114,"minecraft:warped_planks":117,"minecraft:chiseled_nether_bricks":1,"minecraft:gray_stained_glass_pane":8,"minecraft:light_gray_bed":3,"minecraft:light_blue_wool":25,"minecraft:tropical_fish":12,"minecraft:blue_dye":202,"minecraft:iron_block":6704,"minecraft:cyan_terracotta":1080,"minecraft:birch_log":1557,"minecraft:magma_block":1806,"minecraft:iron_door":34,"minecraft:birch_slab":117,"minecraft:jungle_log":6751,"minecraft:green_concrete_powder":1109,"minecraft:jungle_wood":3,"minecraft:magenta_bed":21,"minecraft:netherite_leggings":1,"minecraft:gray_concrete":2353,"minecraft:light_gray_concrete_powder":1425,"minecraft:twisting_vines":5,"minecraft:chipped_anvil":7,"minecraft:glowstone_dust":581,"minecraft:warped_wart_block":2572,"minecraft:dropper":39,"minecraft:ink_sac":944,"minecraft:crimson_door":8,"minecraft:loom":3,"minecraft:dark_oak_log":1024,"minecraft:red_terracotta":114,"minecraft:barrel":4,"minecraft:dispenser":23,"minecraft:black_concrete_powder":12864,"minecraft:green_concrete":1269,"minecraft:writable_book":18,"minecraft:chainmail_helmet":7,"minecraft:bread":22,"minecraft:dark_oak_fence":2,"minecraft:lime_stained_glass_pane":18,"minecraft:crafting_table":244,"minecraft:coarse_dirt":328,"minecraft:purple_wool":123,"minecraft:nether_wart":2854,"minecraft:crimson_trapdoor":31,"minecraft:dead_horn_coral_block":1,"minecraft:jungle_trapdoor":3,"minecraft:snow":112,"minecraft:compass":18,"minecraft:cracked_stone_bricks":371,"minecraft:beef":401,"minecraft:cyan_wool":24,"minecraft:iron_nugget":101,"minecraft:quartz_stairs":77,"minecraft:chest":450,"minecraft:egg":90,"minecraft:sandstone":7,"minecraft:oak_door":11,"minecraft:spruce_fence":35,"minecraft:cake":1,"minecraft:carrot":38003,"minecraft:redstone":6935,"minecraft:mushroom_stem":88,"minecraft:prismarine_crystals":1,"minecraft:blue_carpet":12,"minecraft:tnt":11,"minecraft:beetroot_seeds":11,"minecraft:peony":769,"minecraft:tube_coral_fan":2,"minecraft:shears":7,"minecraft:diamond_boots":10,"minecraft:warped_sign":4,"minecraft:gold_ingot":18,"minecraft:white_shulker_box":101,"minecraft:white_wool":283,"minecraft:crimson_slab":63,"minecraft:lapis_ore":74,"minecraft:stripped_oak_log":41,"minecraft:red_mushroom":122,"minecraft:filled_map":21,"minecraft:oak_log":2835,"minecraft:jungle_button":5,"minecraft:ancient_debris":7,"minecraft:golden_boots":28,"minecraft:stone_bricks":2083,"minecraft:kelp":3948,"minecraft:cobweb":49,"minecraft:iron_sword":1,"minecraft:dark_oak_slab":844,"minecraft:white_stained_glass_pane":2,"minecraft:daylight_detector":2,"minecraft:yellow_concrete":503,"minecraft:gravel":23602,"minecraft:birch_stairs":40,"minecraft:spruce_sapling":431,"minecraft:spruce_log":4166,"minecraft:sea_lantern":412,"minecraft:firework_rocket":1619,"minecraft:red_stained_glass":190,"minecraft:purple_bed":42,"minecraft:stone_axe":2,"minecraft:light_blue_carpet":2,"minecraft:redstone_ore":530,"minecraft:diamond_axe":9,"minecraft:gray_wool":27,"minecraft:warped_roots":2095,"minecraft:oak_button":15,"minecraft:melon_seeds":135,"minecraft:warped_nylium":33,"minecraft:stripped_dark_oak_log":543,"minecraft:crimson_nylium":74,"minecraft:pink_dye":208,"minecraft:ender_pearl":172,"minecraft:wheat":606,"minecraft:redstone_block":222,"minecraft:iron_trapdoor":79,"minecraft:light_gray_shulker_box":94,"minecraft:turtle_egg":3,"minecraft:potion":92,"minecraft:nether_brick":27,"minecraft:crimson_planks":173,"minecraft:smooth_stone_slab":3,"minecraft:iron_leggings":1,"minecraft:sticky_piston":44,"minecraft:netherite_ingot":1,"minecraft:pink_shulker_box":59,"minecraft:oak_sign":69,"minecraft:sea_pickle":20,"minecraft:black_shulker_box":127,"minecraft:redstone_torch":360,"minecraft:furnace":96,"minecraft:stick":2020,"minecraft:orange_shulker_box":44,"minecraft:oak_fence":307,"minecraft:torch":5480,"minecraft:porkchop":16,"minecraft:yellow_concrete_powder":192,"minecraft:blue_stained_glass":263,"minecraft:quartz_block":20,"minecraft:nether_gold_ore":34,"minecraft:cactus":262,"minecraft:green_wool":46,"minecraft:stripped_birch_wood":66,"minecraft:cod":48,"minecraft:nautilus_shell":2,"minecraft:magma_cream":1006,"minecraft:chiseled_quartz_block":1,"minecraft:magenta_dye":242,"minecraft:light_gray_dye":1,"minecraft:warped_trapdoor":7,"minecraft:green_shulker_box":44,"minecraft:lapis_lazuli":1261,"minecraft:polished_granite":32,"minecraft:leather_boots":15,"minecraft:bell":14,"minecraft:powered_rail":1627,"minecraft:oak_planks":537,"minecraft:stone_hoe":1,"minecraft:ghast_tear":4,"minecraft:pink_stained_glass":572,"minecraft:pink_concrete":11900,"minecraft:music_disc_13":2,"minecraft:pink_stained_glass_pane":50,"minecraft:polished_blackstone_slab":1,"minecraft:jungle_planks":783,"minecraft:sand":36399,"minecraft:lily_of_the_valley":1,"minecraft:shulker_box":1412,"minecraft:orange_wool":20,"minecraft:light_gray_concrete":1156,"minecraft:spruce_fence_gate":31,"minecraft:clay":280,"minecraft:diamond":834,"minecraft:black_concrete":3265,"minecraft:white_concrete":14441,"minecraft:oak_sapling":1144,"minecraft:nether_star":1,"minecraft:fishing_rod":1,"minecraft:cocoa_beans":586,"minecraft:allium":649,"minecraft:chicken":49,"minecraft:wooden_pickaxe":1,"minecraft:gold_block":50,"minecraft:diamond_horse_armor":2,"minecraft:stone_stairs":19,"minecraft:orange_concrete":53,"minecraft:wooden_sword":2,"minecraft:item_frame":34,"minecraft:quartz_slab":24,"minecraft:warped_fence":4,"minecraft:detector_rail":3,"minecraft:andesite_stairs":1,"minecraft:oak_boat":47,"minecraft:player_head":94,"minecraft:observer":176,"minecraft:light_gray_wool":33,"minecraft:lectern":195,"minecraft:blue_shulker_box":17,"minecraft:sugar_cane":851,"minecraft:spruce_trapdoor":37,"minecraft:phantom_membrane":377,"minecraft:dark_oak_sapling":131,"minecraft:orange_dye":183,"minecraft:quartz_pillar":14,"minecraft:stone_button":31,"minecraft:magenta_shulker_box":431,"minecraft:iron_horse_armor":1,"minecraft:dark_oak_planks":508,"minecraft:smooth_sandstone_slab":11,"minecraft:arrow":1939,"minecraft:light_blue_stained_glass_pane":1858,"minecraft:saddle":6,"minecraft:lime_stained_glass":268,"minecraft:wet_sponge":141,"minecraft:crimson_stem":947,"minecraft:salmon":44,"minecraft:birch_planks":314,"minecraft:nether_wart_block":5156,"minecraft:cobblestone_stairs":203,"minecraft:wooden_hoe":2,"minecraft:podzol":42,"minecraft:smooth_sandstone":5,"minecraft:soul_sand":3164,"minecraft:purple_concrete":358,"minecraft:green_dye":298,"minecraft:book":1221,"minecraft:scaffolding":719,"minecraft:oak_slab":632,"minecraft:red_concrete_powder":1,"minecraft:birch_boat":3,"minecraft:pumpkin":1476,"minecraft:magenta_stained_glass_pane":108,"minecraft:blast_furnace":1,"minecraft:white_bed":85,"minecraft:gold_ore":371,"minecraft:green_carpet":112,"minecraft:mossy_stone_brick_slab":16,"minecraft:spider_eye":71,"minecraft:stripped_jungle_log":4,"minecraft:lime_dye":175,"minecraft:campfire":17,"minecraft:honey_block":5,"minecraft:iron_helmet":1,"minecraft:magenta_concrete":526,"minecraft:black_wool":22,"minecraft:red_concrete":63,"minecraft:coal":5851,"minecraft:purple_concrete_powder":222},"minecraft:broken":{"minecraft:diamond_helmet":1,"minecraft:shears":13,"minecraft:diamond_pickaxe":1,"minecraft:iron_pickaxe":11,"minecraft:iron_shovel":1,"minecraft:stone_axe":1,"minecraft:iron_sword":1,"minecraft:iron_axe":1,"minecraft:golden_shovel":4,"minecraft:flint_and_steel":4},"minecraft:killed_by":{"minecraft:ravager":3,"minecraft:skeleton":1,"minecraft:slime":1,"minecraft:wither_skeleton":1,"minecraft:creeper":1,"minecraft:piglin":1,"minecraft:cave_spider":1,"minecraft:player":1},"minecraft:mined":{"minecraft:blue_carpet":12,"minecraft:red_shulker_box":217,"minecraft:white_bed":83,"minecraft:cyan_shulker_box":85,"minecraft:red_nether_bricks":1,"minecraft:light_blue_carpet":2,"minecraft:granite":7984,"minecraft:brown_wool":1,"minecraft:light_gray_bed":3,"minecraft:green_concrete":1102,"minecraft:oak_wall_sign":14,"minecraft:nether_wart":667,"minecraft:magma_block":1722,"minecraft:dark_oak_trapdoor":34,"minecraft:warped_pressure_plate":1,"minecraft:fire":53,"minecraft:barrel":3,"minecraft:fletching_table":4,"minecraft:light_gray_concrete":1293,"minecraft:green_carpet":110,"minecraft:pink_tulip":1,"minecraft:white_shulker_box":101,"minecraft:spruce_wood":12,"minecraft:player_head":11,"minecraft:tripwire":19,"minecraft:jungle_trapdoor":3,"minecraft:jungle_button":2,"minecraft:magenta_carpet":5,"minecraft:kelp_plant":471,"minecraft:crimson_nylium":93,"minecraft:torch":2250,"minecraft:note_block":37,"minecraft:dark_oak_wood":2,"minecraft:melon":59,"minecraft:dead_bush":17,"minecraft:white_stained_glass_pane":2,"minecraft:nether_brick_slab":139,"minecraft:spruce_wall_sign":3,"minecraft:smooth_quartz_slab":1,"minecraft:lime_shulker_box":57,"minecraft:sugar_cane":180,"minecraft:birch_sapling":2,"minecraft:white_terracotta":455,"minecraft:chain":26,"minecraft:repeater":44,"minecraft:magenta_bed":21,"minecraft:magenta_glazed_terracotta":9,"minecraft:grass":912,"minecraft:stripped_crimson_stem":45,"minecraft:attached_pumpkin_stem":1,"minecraft:mossy_cobblestone":84,"minecraft:dark_oak_log":1029,"minecraft:cyan_stained_glass":81,"minecraft:crimson_fence_gate":1,"minecraft:sea_lantern":154,"minecraft:end_stone":5,"minecraft:birch_fence_gate":21,"minecraft:spruce_fence":28,"minecraft:redstone_wire":126,"minecraft:red_mushroom":6,"minecraft:white_concrete_powder":35,"minecraft:magenta_stained_glass_pane":27,"minecraft:redstone_ore":1718,"minecraft:pink_concrete":12213,"minecraft:green_terracotta":2,"minecraft:andesite":9164,"minecraft:cyan_concrete":8066,"minecraft:cobblestone_slab":27,"minecraft:vine":1649,"minecraft:rail":4212,"minecraft:potted_spruce_sapling":5,"minecraft:brain_coral_wall_fan":1,"minecraft:bone_block":2,"minecraft:green_wool":6,"minecraft:ender_chest":411,"minecraft:potted_allium":4,"minecraft:birch_stairs":53,"minecraft:oak_slab":267,"minecraft:redstone_block":59,"minecraft:soul_sand":2974,"minecraft:lily_of_the_valley":1,"minecraft:dandelion":40,"minecraft:cornflower":10,"minecraft:dead_tube_coral_wall_fan":2,"minecraft:warped_roots":3,"minecraft:crimson_slab":61,"minecraft:campfire":17,"minecraft:tall_grass":29,"minecraft:diorite":9056,"minecraft:orange_carpet":1,"minecraft:warped_wart_block":2581,"minecraft:purple_wool":3,"minecraft:black_stained_glass":70,"minecraft:red_terracotta":34,"minecraft:coarse_dirt":350,"minecraft:light_blue_bed":5,"minecraft:dark_oak_wall_sign":4,"minecraft:purple_concrete":400,"minecraft:gravel":22397,"minecraft:cobweb":15,"minecraft:oak_button":7,"minecraft:birch_sign":14,"minecraft:polished_blackstone":2,"minecraft:stone_bricks":2121,"minecraft:gold_ore":309,"minecraft:chipped_anvil":7,"minecraft:iron_trapdoor":71,"minecraft:fern":130,"minecraft:stone_pressure_plate":6,"minecraft:oak_sapling":2,"minecraft:farmland":46,"minecraft:mossy_stone_brick_slab":6,"minecraft:warped_fence_gate":2,"minecraft:andesite_stairs":1,"minecraft:orange_stained_glass":29,"minecraft:brewing_stand":4,"minecraft:spruce_trapdoor":33,"minecraft:white_concrete":14900,"minecraft:polished_blackstone_brick_slab":5,"minecraft:composter":122,"minecraft:turtle_egg":3,"minecraft:brown_bed":5,"minecraft:green_stained_glass":125,"minecraft:red_tulip":3,"minecraft:iron_bars":18,"minecraft:spruce_slab":61,"minecraft:brown_shulker_box":25,"minecraft:quartz_block":25,"minecraft:polished_blackstone_wall":4,"minecraft:orange_terracotta":17,"minecraft:light_gray_terracotta":312,"minecraft:beacon":20,"minecraft:nether_quartz_ore":743,"minecraft:oak_planks":270,"minecraft:wall_torch":827,"minecraft:cauldron":11,"minecraft:light_blue_terracotta":55,"minecraft:stone_stairs":11,"minecraft:warped_nylium":41,"minecraft:powered_rail":1188,"minecraft:dark_oak_slab":759,"minecraft:warped_planks":126,"minecraft:tnt":12,"minecraft:oak_log":2483,"minecraft:beetroots":3,"minecraft:lime_terracotta":25,"minecraft:dirt":32051,"minecraft:dispenser":23,"minecraft:ancient_debris":7,"minecraft:daylight_detector":2,"minecraft:crying_obsidian":29,"minecraft:pink_carpet":103,"minecraft:quartz_stairs":67,"minecraft:dark_oak_leaves":1714,"minecraft:red_stained_glass":24,"minecraft:lever":24,"minecraft:ladder":105,"minecraft:tube_coral_wall_fan":1,"minecraft:stone_button":20,"minecraft:brown_mushroom_block":729,"minecraft:birch_slab":105,"minecraft:spruce_leaves":1455,"minecraft:crimson_stem":948,"minecraft:nether_sprouts":1,"minecraft:polished_basalt":3,"minecraft:light_gray_shulker_box":93,"minecraft:detector_rail":3,"minecraft:nether_brick_fence":46,"minecraft:bookshelf":367,"minecraft:shroomlight":245,"minecraft:stripped_oak_log":43,"minecraft:wet_sponge":141,"minecraft:scaffolding":222,"minecraft:magenta_stained_glass":101,"minecraft:stripped_dark_oak_log":548,"minecraft:basalt":2323,"minecraft:warped_fence":1,"minecraft:polished_granite":16,"minecraft:oak_fence":210,"minecraft:honey_block":4,"minecraft:gray_stained_glass":7,"minecraft:stone_slab":109,"minecraft:red_concrete":64,"minecraft:crimson_pressure_plate":1,"minecraft:birch_planks":198,"minecraft:sea_pickle":5,"minecraft:polished_blackstone_slab":1,"minecraft:ice":47,"minecraft:bee_nest":4,"minecraft:grass_path":90,"minecraft:cocoa":148,"minecraft:flower_pot":6,"minecraft:yellow_concrete":513,"minecraft:purple_shulker_box":16,"minecraft:cracked_stone_bricks":161,"minecraft:mossy_stone_bricks":60,"minecraft:crimson_fence":1,"minecraft:dark_oak_planks":515,"minecraft:stripped_warped_stem":1,"minecraft:light_blue_concrete":1613,"minecraft:jungle_leaves":1948,"minecraft:potted_crimson_fungus":3,"minecraft:warped_stairs":82,"minecraft:obsidian":611,"minecraft:red_sand":573,"minecraft:crimson_trapdoor":31,"minecraft:yellow_carpet":6,"minecraft:jungle_log":6202,"minecraft:pink_stained_glass":65,"minecraft:lime_stained_glass":35,"minecraft:hopper":141,"minecraft:crimson_fungus":2,"minecraft:oxeye_daisy":11,"minecraft:light_blue_stained_glass":10,"minecraft:weeping_vines_plant":35,"minecraft:orange_concrete":64,"minecraft:sticky_piston":42,"minecraft:pumpkin":20,"minecraft:oak_sign":20,"minecraft:oak_stairs":67,"minecraft:quartz_slab":23,"minecraft:smooth_sandstone_stairs":1,"minecraft:blue_orchid":52,"minecraft:iron_block":4069,"minecraft:piston_head":1,"minecraft:soul_wall_torch":4,"minecraft:brown_mushroom":48,"minecraft:player_wall_head":5,"minecraft:soul_fire":13,"minecraft:blue_stained_glass":41,"minecraft:blast_furnace":1,"minecraft:green_concrete_powder":511,"minecraft:glass":621,"minecraft:damaged_anvil":5,"minecraft:smooth_sandstone_slab":9,"minecraft:crimson_stairs":3,"minecraft:spruce_sign":4,"minecraft:black_concrete_powder":2,"minecraft:light_gray_stained_glass":96,"minecraft:wheat":597,"minecraft:lilac":1,"minecraft:pumpkin_stem":7,"minecraft:birch_door":1,"minecraft:lime_concrete":79,"minecraft:warped_fungus":9,"minecraft:stone_brick_stairs":45,"minecraft:oak_fence_gate":10,"minecraft:loom":2,"minecraft:stripped_birch_wood":67,"minecraft:blue_shulker_box":17,"minecraft:red_mushroom_block":180,"minecraft:stonecutter":9,"minecraft:yellow_stained_glass":41,"minecraft:piston":103,"minecraft:light_blue_stained_glass_pane":1882,"minecraft:yellow_terracotta":4,"minecraft:pink_shulker_box":59,"minecraft:light_gray_stained_glass_pane":23,"minecraft:stripped_birch_log":165,"minecraft:warped_door":1,"minecraft:shulker_box":1385,"minecraft:nether_bricks":813,"minecraft:allium":14,"minecraft:jungle_planks":624,"minecraft:crimson_roots":27,"minecraft:orange_shulker_box":44,"minecraft:magenta_concrete":591,"minecraft:crimson_button":2,"minecraft:kelp":795,"minecraft:black_stained_glass_pane":30,"minecraft:snow":4,"minecraft:diamond_block":3,"minecraft:warped_wall_sign":1,"minecraft:magenta_concrete_powder":25,"minecraft:warped_stem":476,"minecraft:bamboo":25,"minecraft:warped_trapdoor":7,"minecraft:white_wool":53,"minecraft:smithing_table":8,"minecraft:light_gray_carpet":1086,"minecraft:gray_concrete":2482,"minecraft:comparator":63,"minecraft:brown_stained_glass_pane":2,"minecraft:brown_carpet":19,"minecraft:stone_brick_slab":124,"minecraft:pink_concrete_powder":2,"minecraft:observer":169,"minecraft:jungle_sign":5,"minecraft:smooth_sandstone":5,"minecraft:light_gray_concrete_powder":543,"minecraft:spruce_button":20,"minecraft:cyan_concrete_powder":59,"minecraft:dropper":39,"minecraft:purple_bed":40,"minecraft:purple_stained_glass":20,"minecraft:white_carpet":18,"minecraft:spruce_log":3756,"minecraft:birch_leaves":8781,"minecraft:jungle_fence":74,"minecraft:quartz_pillar":14,"minecraft:mycelium":717,"minecraft:dark_oak_sign":3,"minecraft:pink_stained_glass_pane":14,"minecraft:spruce_fence_gate":13,"minecraft:infested_stone":8,"minecraft:black_shulker_box":125,"minecraft:spruce_planks":1436,"minecraft:jungle_slab":83,"minecraft:cobblestone_stairs":30,"minecraft:potted_cactus":1,"minecraft:grass_block":8899,"minecraft:infested_cobblestone":2,"minecraft:blue_concrete":318,"minecraft:soul_soil":279,"minecraft:warped_sign":1,"minecraft:smooth_stone":8,"minecraft:glowstone":121,"minecraft:iron_ore":2042,"minecraft:black_carpet":34,"minecraft:anvil":20,"minecraft:azure_bluet":4,"minecraft:dark_oak_stairs":167,"minecraft:purple_carpet":19,"minecraft:warped_button":1,"minecraft:birch_wall_sign":44,"minecraft:blue_banner":1,"minecraft:cyan_terracotta":1000,"minecraft:blackstone":397,"minecraft:melon_stem":4,"minecraft:soul_lantern":8,"minecraft:clay":344,"minecraft:chiseled_quartz_block":1,"minecraft:poppy":71,"minecraft:chest":437,"minecraft:mushroom_stem":114,"minecraft:cobblestone":1750,"minecraft:birch_wood":7,"minecraft:slime_block":11,"minecraft:grindstone":6,"minecraft:iron_door":11,"minecraft:magenta_shulker_box":429,"minecraft:seagrass":212,"minecraft:brown_concrete_powder":24,"minecraft:nether_wart_block":5181,"minecraft:dark_oak_door":5,"minecraft:birch_log":1455,"minecraft:birch_trapdoor":55,"minecraft:orange_tulip":3,"minecraft:yellow_stained_glass_pane":4,"minecraft:sand":35794,"minecraft:crimson_planks":216,"minecraft:tripwire_hook":1,"minecraft:netherrack":10060,"minecraft:oak_leaves":18905,"minecraft:emerald_block":6,"minecraft:nether_gold_ore":35,"minecraft:diamond_ore":1184,"minecraft:red_carpet":56,"minecraft:oak_door":3,"minecraft:gray_shulker_box":86,"minecraft:gray_stained_glass_pane":9,"minecraft:weeping_vines":16,"minecraft:white_stained_glass":397,"minecraft:polished_andesite_slab":13,"minecraft:sandstone":7,"minecraft:oak_trapdoor":25,"minecraft:spruce_sapling":3,"minecraft:furnace":88,"minecraft:carrots":10254,"minecraft:red_concrete_powder":1,"minecraft:stripped_spruce_log":271,"minecraft:black_concrete":3670,"minecraft:bell":13,"minecraft:dead_horn_coral_block":1,"minecraft:lantern":103,"minecraft:crimson_door":8,"minecraft:stripped_jungle_log":3,"minecraft:packed_ice":73,"minecraft:white_tulip":4,"minecraft:stone":157267,"minecraft:yellow_shulker_box":108,"minecraft:redstone_wall_torch":18,"minecraft:podzol":67,"minecraft:light_blue_shulker_box":56,"minecraft:infested_stone_bricks":1,"minecraft:soul_torch":17,"minecraft:spruce_door":1,"minecraft:crafting_table":234,"minecraft:cyan_stained_glass_pane":4,"minecraft:oak_wood":3,"minecraft:rose_bush":159,"minecraft:lectern":185,"minecraft:lapis_ore":174,"minecraft:lily_pad":36,"minecraft:spruce_stairs":17,"minecraft:gray_wool":8,"minecraft:cactus":26,"minecraft:lime_bed":34,"minecraft:gray_concrete_powder":377,"minecraft:green_shulker_box":44,"minecraft:redstone_torch":162,"minecraft:magenta_terracotta":14,"minecraft:gray_bed":2,"minecraft:yellow_bed":16,"minecraft:coal_ore":3848,"minecraft:gray_carpet":75,"minecraft:terracotta":12290,"minecraft:polished_andesite":2,"minecraft:birch_fence":6,"minecraft:warped_slab":36}},"DataVersion":2584}