{"stats":{"minecraft:killed":{"minecraft:cod":33,"minecraft:skeleton_horse":1,"minecraft:zombie":1075,"minecraft:endermite":3,"minecraft:husk":66,"minecraft:rabbit":14,"minecraft:spider":196,"minecraft:bee":57,"minecraft:zombie_villager":19,"minecraft:sheep":203,"minecraft:trader_llama":30,"minecraft:slime":297,"minecraft:hoglin":12,"minecraft:wither_skeleton":437,"minecraft:cave_spider":17337,"minecraft:dolphin":4,"minecraft:shulker":496,"minecraft:skeleton":2390,"minecraft:magma_cube":118,"minecraft:wandering_trader":12,"minecraft:enderman":87813,"minecraft:turtle":1,"minecraft:strider":1,"minecraft:phantom":34,"minecraft:llama":42,"minecraft:bat":26,"minecraft:parrot":6,"minecraft:salmon":6,"minecraft:iron_golem":33,"minecraft:pillager":47,"minecraft:donkey":1,"minecraft:zombified_piglin":85536,"minecraft:witch":16,"minecraft:wither":8,"minecraft:piglin":48,"minecraft:mooshroom":22,"minecraft:ghast":21,"minecraft:vex":1,"minecraft:drowned":119,"minecraft:squid":141,"minecraft:player":2,"minecraft:villager":123,"minecraft:pufferfish":6,"minecraft:fox":1,"minecraft:chicken":316,"minecraft:cow":609,"minecraft:horse":83,"minecraft:ocelot":4,"minecraft:wolf":33,"minecraft:pig":511,"minecraft:creeper":541,"minecraft:blaze":76,"minecraft:panda":1},"minecraft:killed_by":{"minecraft:ravager":10,"minecraft:drowned":1,"minecraft:vex":3,"minecraft:shulker":1,"minecraft:enderman":1,"minecraft:phantom":1,"minecraft:zombie":4,"minecraft:skeleton":3,"minecraft:zoglin":10,"minecraft:wither_skeleton":1,"minecraft:creeper":5,"minecraft:endermite":1,"minecraft:player":44,"minecraft:iron_golem":1},"minecraft:broken":{"minecraft:diamond_helmet":1,"minecraft:diamond_pickaxe":2,"minecraft:shield":1,"minecraft:netherite_pickaxe":2,"minecraft:iron_boots":1,"minecraft:iron_helmet":1,"minecraft:golden_shovel":17,"minecraft:shears":80,"minecraft:iron_leggings":1,"minecraft:diamond_shovel":3,"minecraft:fishing_rod":1,"minecraft:iron_pickaxe":2,"minecraft:iron_chestplate":1,"minecraft:golden_helmet":3},"minecraft:custom":{"minecraft:interact_with_cartography_table":16,"minecraft:inspect_dispenser":244,"minecraft:inspect_dropper":2183,"minecraft:inspect_hopper":2508,"minecraft:play_noteblock":34,"minecraft:talked_to_villager":21015,"minecraft:fill_cauldron":2,"minecraft:raid_win":1,"minecraft:damage_taken":615535,"minecraft:eat_cake_slice":16,"minecraft:enchant_item":397,"minecraft:interact_with_furnace":1185,"minecraft:sleep_in_bed":3278,"minecraft:interact_with_smithing_table":54,"minecraft:target_hit":406,"minecraft:sneak_time":3985519,"minecraft:interact_with_lectern":385,"minecraft:interact_with_blast_furnace":37,"minecraft:fish_caught":4664,"minecraft:fall_one_cm":15086952,"minecraft:drop":14221,"minecraft:interact_with_loom":235,"minecraft:player_kills":52,"minecraft:damage_absorbed":686,"minecraft:interact_with_crafting_table":6679,"minecraft:damage_blocked_by_shield":9579,"minecraft:deaths":122,"minecraft:jump":495636,"minecraft:play_record":42,"minecraft:interact_with_smoker":407,"minecraft:horse_one_cm":108764,"minecraft:interact_with_anvil":1301,"minecraft:tune_noteblock":635213,"minecraft:time_since_rest":11415,"minecraft:swim_one_cm":6777187,"minecraft:open_chest":48362,"minecraft:open_shulker_box":79614,"minecraft:damage_resisted":7738,"minecraft:interact_with_brewingstand":474,"minecraft:interact_with_beacon":46,"minecraft:boat_one_cm":15730161,"minecraft:aviate_one_cm":2147483647,"minecraft:open_barrel":19364,"minecraft:bell_ring":597,"minecraft:leave_game":2148,"minecraft:time_since_death":11381,"minecraft:traded_with_villager":164927,"minecraft:damage_dealt":7957912,"minecraft:interact_with_stonecutter":206,"minecraft:fly_one_cm":83648324,"minecraft:animals_bred":696,"minecraft:sprint_one_cm":179088833,"minecraft:walk_on_water_one_cm":5460951,"minecraft:play_one_minute":134123700,"minecraft:open_enderchest":3580,"minecraft:crouch_one_cm":10322860,"minecraft:mob_kills":200963,"minecraft:climb_one_cm":4973137,"minecraft:walk_one_cm":219793755,"minecraft:walk_under_water_one_cm":13335482,"minecraft:raid_trigger":1,"minecraft:pot_flower":286,"minecraft:interact_with_grindstone":268,"minecraft:minecart_one_cm":2403757},"minecraft:used":{"minecraft:black_carpet":382,"minecraft:stone":96564,"minecraft:warped_sign":2,"minecraft:quartz_stairs":5767,"minecraft:rotten_flesh":4,"minecraft:tube_coral":1,"minecraft:chiseled_red_sandstone":90,"minecraft:lily_of_the_valley":1,"minecraft:azure_bluet":1,"minecraft:polished_blackstone_slab":577,"minecraft:packed_ice":142,"minecraft:stripped_dark_oak_wood":375,"minecraft:quartz_pillar":13196,"minecraft:music_disc_pigstep":4,"minecraft:red_wool":1013,"minecraft:quartz_block":11368,"minecraft:netherite_hoe":18739,"minecraft:dark_oak_leaves":1732,"minecraft:acacia_fence":47,"minecraft:gray_banner":73,"minecraft:damaged_anvil":2,"minecraft:lily_pad":18,"minecraft:blackstone":211,"minecraft:composter":371,"minecraft:jungle_boat":3,"minecraft:golden_apple":9,"minecraft:purple_terracotta":19,"minecraft:gray_concrete":51323,"minecraft:red_sandstone_wall":119,"minecraft:crimson_fence_gate":9,"minecraft:purple_concrete_powder":37,"minecraft:birch_fence":270,"minecraft:red_sandstone":61,"minecraft:gray_stained_glass_pane":595,"minecraft:birch_slab":1597,"minecraft:oak_pressure_plate":6,"minecraft:diamond_sword":35528,"minecraft:coal_block":440,"minecraft:smithing_table":31,"minecraft:diorite_slab":43,"minecraft:oak_trapdoor":1821,"minecraft:enchanting_table":5,"minecraft:armor_stand":76,"minecraft:light_gray_carpet":2105,"minecraft:cooked_salmon":54,"minecraft:orange_stained_glass":39,"minecraft:brewing_stand":34,"minecraft:nether_quartz_ore":2725,"minecraft:yellow_carpet":453,"minecraft:oak_fence_gate":100,"minecraft:sea_lantern":6261,"minecraft:iron_block":4678,"minecraft:light_weighted_pressure_plate":1,"minecraft:jungle_log":55,"minecraft:bamboo":48,"minecraft:basalt":324,"minecraft:lime_concrete":1384,"minecraft:podzol":126,"minecraft:acacia_planks":34,"minecraft:horn_coral_fan":5,"minecraft:wheat_seeds":3252,"minecraft:warped_stem":2,"minecraft:light_blue_shulker_box":29,"minecraft:birch_planks":5911,"minecraft:blue_concrete_powder":3461,"minecraft:spruce_fence_gate":61,"minecraft:light_gray_banner":100,"minecraft:rail":2921,"minecraft:red_bed":14,"minecraft:campfire":52,"minecraft:spruce_log":224,"minecraft:warped_trapdoor":129,"minecraft:oak_button":99,"minecraft:spruce_pressure_plate":36,"minecraft:spruce_sapling":40,"minecraft:green_carpet":296,"minecraft:blue_carpet":37,"minecraft:pink_bed":1,"minecraft:crimson_stairs":11,"minecraft:dandelion":2,"minecraft:green_stained_glass":256,"minecraft:blue_terracotta":27,"minecraft:polished_basalt":109,"minecraft:creeper_head":1,"minecraft:green_terracotta":351,"minecraft:jungle_planks":986,"minecraft:pink_terracotta":124,"minecraft:beehive":22,"minecraft:honey_bottle":2,"minecraft:bricks":17691,"minecraft:spruce_wood":4169,"minecraft:lantern":358,"minecraft:blue_orchid":198,"minecraft:warped_nylium":1,"minecraft:light_blue_bed":39,"minecraft:mossy_cobblestone_slab":75,"minecraft:golden_sword":1,"minecraft:red_nether_brick_wall":194,"minecraft:written_book":226,"minecraft:jungle_button":9,"minecraft:blue_shulker_box":41,"minecraft:end_rod":1357,"minecraft:gray_carpet":6884,"minecraft:stone_pickaxe":46,"minecraft:polished_diorite_slab":5,"minecraft:sandstone":790,"minecraft:diamond_axe":33691,"minecraft:sugar_cane":877,"minecraft:light_blue_concrete":2646,"minecraft:lime_stained_glass_pane":46,"minecraft:light_blue_wool":741,"minecraft:yellow_concrete":3620,"minecraft:black_terracotta":149,"minecraft:blue_glazed_terracotta":4,"minecraft:daylight_detector":239,"minecraft:dark_oak_log":1156,"minecraft:iron_door":33,"minecraft:light_blue_concrete_powder":1909,"minecraft:smooth_stone_slab":6932,"minecraft:coarse_dirt":19913,"minecraft:bone_meal":14563,"minecraft:rose_bush":4,"minecraft:granite_stairs":94,"minecraft:crimson_fence":102,"minecraft:flint_and_steel":9,"minecraft:white_tulip":667,"minecraft:redstone":1423,"minecraft:ender_chest":247,"minecraft:dried_kelp_block":3,"minecraft:dirt":20004,"minecraft:prismarine_bricks":31,"minecraft:spruce_fence":4334,"minecraft:brown_terracotta":968,"minecraft:oak_stairs":416,"minecraft:crimson_slab":1,"minecraft:yellow_concrete_powder":2837,"minecraft:black_stained_glass":17473,"minecraft:lime_stained_glass":1561,"minecraft:cyan_concrete_powder":245,"minecraft:orange_stained_glass_pane":11,"minecraft:cobblestone_stairs":254,"minecraft:birch_boat":1,"minecraft:brown_mushroom":29,"minecraft:spruce_sign":7,"minecraft:warped_roots":8,"minecraft:red_mushroom":39,"minecraft:spider_eye":25,"minecraft:magenta_carpet":3,"minecraft:netherite_block":1,"minecraft:black_wool":13604,"minecraft:lapis_ore":16,"minecraft:stone_slab":8189,"minecraft:stone_axe":50,"minecraft:magenta_banner":1,"minecraft:brown_stained_glass_pane":3,"minecraft:cyan_stained_glass_pane":4,"minecraft:pink_shulker_box":8,"minecraft:gray_wool":8554,"minecraft:cut_red_sandstone_slab":1,"minecraft:chest":1116,"minecraft:white_shulker_box":188,"minecraft:jungle_slab":26,"minecraft:acacia_button":32,"minecraft:stripped_spruce_log":16,"minecraft:honey_block":129,"minecraft:black_stained_glass_pane":2237,"minecraft:birch_sapling":508,"minecraft:orange_shulker_box":210,"minecraft:polished_andesite_stairs":2632,"minecraft:wet_sponge":1,"minecraft:dark_oak_button":93,"minecraft:pink_wool":87,"minecraft:stone_brick_stairs":1662,"minecraft:blue_banner":15,"minecraft:snow":5831,"minecraft:sweet_berries":21,"minecraft:furnace":218,"minecraft:dragon_head":1,"minecraft:seagrass":133,"minecraft:spruce_door":17,"minecraft:acacia_trapdoor":1350,"minecraft:powered_rail":1837,"minecraft:blackstone_stairs":109,"minecraft:purpur_pillar":9,"minecraft:cookie":26,"minecraft:dark_oak_trapdoor":3156,"minecraft:pumpkin_seeds":221,"minecraft:chiseled_sandstone":196,"minecraft:lectern":1704,"minecraft:polished_andesite_slab":590,"minecraft:dark_oak_fence":1103,"minecraft:white_stained_glass":2057,"minecraft:green_concrete_powder":402,"minecraft:ice":2239,"minecraft:gray_stained_glass":14378,"minecraft:iron_bars":9794,"minecraft:brain_coral_fan":3,"minecraft:red_concrete":4919,"minecraft:sandstone_wall":620,"minecraft:netherrack":527,"minecraft:light_gray_shulker_box":607,"minecraft:anvil":1246,"minecraft:polished_granite_slab":11,"minecraft:slime_block":213,"minecraft:smooth_quartz":12157,"minecraft:melon_seeds":373,"minecraft:tripwire_hook":203,"minecraft:glowstone":62,"minecraft:iron_trapdoor":3113,"minecraft:observer":872,"minecraft:yellow_banner":16,"minecraft:sandstone_stairs":513,"minecraft:yellow_shulker_box":124,"minecraft:bubble_coral_fan":3,"minecraft:cartography_table":7,"minecraft:smooth_sandstone_slab":738,"minecraft:fletching_table":18,"minecraft:pink_concrete":34,"minecraft:orange_carpet":69,"minecraft:vine":42,"minecraft:oak_slab":1503,"minecraft:cod":7,"minecraft:fire_coral":2,"minecraft:dark_prismarine":623,"minecraft:purpur_slab":7,"minecraft:red_concrete_powder":2045,"minecraft:sandstone_slab":52,"minecraft:glass_pane":1021,"minecraft:kelp":1035,"minecraft:brown_mushroom_block":164,"minecraft:jukebox":13,"minecraft:iron_shovel":263,"minecraft:diamond_hoe":4133,"minecraft:oak_sign":1969,"minecraft:bell":6,"minecraft:birch_pressure_plate":1,"minecraft:cyan_wool":10,"minecraft:milk_bucket":1,"minecraft:red_sandstone_stairs":221,"minecraft:cyan_terracotta":17672,"minecraft:gray_concrete_powder":32475,"minecraft:crimson_roots":10,"minecraft:repeater":444,"minecraft:hay_block":661,"minecraft:beetroot_seeds":66,"minecraft:polished_diorite_stairs":17,"minecraft:fire_coral_fan":1,"minecraft:dark_oak_stairs":1383,"minecraft:birch_leaves":34411,"minecraft:dark_oak_sign":59,"minecraft:birch_wood":139,"minecraft:ender_pearl":84,"minecraft:redstone_block":322,"minecraft:brain_coral":1,"minecraft:loom":374,"minecraft:black_banner":141,"minecraft:note_block":45,"minecraft:stone_brick_wall":358,"minecraft:redstone_torch":734,"minecraft:gray_shulker_box":298,"minecraft:birch_fence_gate":149,"minecraft:melon_slice":2,"minecraft:light_gray_concrete":9159,"minecraft:heavy_weighted_pressure_plate":49,"minecraft:cyan_bed":34,"minecraft:brown_stained_glass":158,"minecraft:string":1415,"minecraft:jungle_sign":1,"minecraft:white_concrete":69585,"minecraft:tropical_fish_bucket":6,"minecraft:cobweb":1729,"minecraft:experience_bottle":14,"minecraft:oak_fence":3696,"minecraft:purpur_block":57,"minecraft:redstone_ore":564,"minecraft:light_blue_terracotta":111,"minecraft:spruce_planks":6900,"minecraft:oak_door":88,"minecraft:white_carpet":2979,"minecraft:pink_carpet":4,"minecraft:andesite_wall":1933,"minecraft:stone_brick_slab":2203,"minecraft:bookshelf":7284,"minecraft:acacia_slab":105,"minecraft:polished_blackstone_brick_stairs":11,"minecraft:light_gray_wool":13471,"minecraft:golden_carrot":6931,"minecraft:emerald_block":5,"minecraft:white_stained_glass_pane":788,"minecraft:cooked_mutton":81,"minecraft:iron_ore":37,"minecraft:glass_bottle":179,"minecraft:pink_banner":6,"minecraft:andesite_slab":5165,"minecraft:beacon":35,"minecraft:stonecutter":73,"minecraft:polished_blackstone_pressure_plate":5,"minecraft:terracotta":20,"minecraft:stripped_dark_oak_log":1199,"minecraft:painting":436,"minecraft:smoker":47,"minecraft:dark_oak_door":94,"minecraft:acacia_stairs":72,"minecraft:activator_rail":19,"minecraft:apple":8,"minecraft:cracked_polished_blackstone_bricks":20,"minecraft:netherite_axe":30673,"minecraft:green_shulker_box":42,"minecraft:fishing_rod":14200,"minecraft:white_banner":428,"minecraft:bucket":1247,"minecraft:purple_carpet":3,"minecraft:smooth_stone":51898,"minecraft:writable_book":95,"minecraft:polished_granite_stairs":18,"minecraft:smooth_quartz_slab":5782,"minecraft:red_sandstone_slab":109,"minecraft:dispenser":226,"minecraft:poppy":1,"minecraft:red_nether_brick_stairs":60,"minecraft:soul_sand":131,"minecraft:cocoa_beans":970,"minecraft:snowball":353,"minecraft:spruce_boat":3,"minecraft:lava_bucket":58,"minecraft:lime_banner":17,"minecraft:jungle_fence_gate":3,"minecraft:music_disc_ward":1,"minecraft:dark_oak_slab":2177,"minecraft:diorite_wall":116,"minecraft:bow":7909,"minecraft:yellow_glazed_terracotta":10,"minecraft:oak_sapling":1520,"minecraft:cooked_cod":32,"minecraft:green_stained_glass_pane":21,"minecraft:dark_prismarine_stairs":468,"minecraft:mossy_stone_bricks":73,"minecraft:chorus_fruit":32,"minecraft:prismarine":165,"minecraft:cactus":4,"minecraft:wooden_pickaxe":20,"minecraft:mossy_stone_brick_stairs":9,"minecraft:black_glazed_terracotta":204,"minecraft:cut_sandstone_slab":119,"minecraft:blast_furnace":41,"minecraft:acacia_leaves":550,"minecraft:chiseled_quartz_block":6807,"minecraft:cut_red_sandstone":43,"minecraft:nether_wart_block":516,"minecraft:birch_log":2809,"minecraft:oak_boat":113,"minecraft:diorite_stairs":16,"minecraft:orange_concrete":1008,"minecraft:dead_bush":28,"minecraft:carved_pumpkin":8,"minecraft:polished_blackstone_wall":48,"minecraft:torch":12893,"minecraft:golden_shovel":336,"minecraft:fern":762,"minecraft:mossy_cobblestone_stairs":36,"minecraft:chipped_anvil":14,"minecraft:barrel":737,"minecraft:warped_stairs":70,"minecraft:cauldron":311,"minecraft:gold_ore":2,"minecraft:diamond_block":473,"minecraft:cyan_glazed_terracotta":22,"minecraft:crimson_trapdoor":6,"minecraft:white_bed":138,"minecraft:mushroom_stem":129,"minecraft:blue_stained_glass_pane":12,"minecraft:diamond_pickaxe":379444,"minecraft:diamond_shovel":231321,"minecraft:acacia_sign":72,"minecraft:spruce_trapdoor":2008,"minecraft:potion":35,"minecraft:orange_banner":24,"minecraft:purple_bed":54,"minecraft:cooked_porkchop":1520,"minecraft:andesite_stairs":69,"minecraft:stripped_oak_log":971,"minecraft:light_blue_banner":89,"minecraft:red_sand":113,"minecraft:light_gray_stained_glass_pane":120,"minecraft:melon":270,"minecraft:bone_block":11,"minecraft:nether_wart":141,"minecraft:grass":8484,"minecraft:mossy_stone_brick_slab":12,"minecraft:spruce_leaves":38364,"minecraft:obsidian":73,"minecraft:green_wool":140,"minecraft:item_frame":886,"minecraft:birch_button":25,"minecraft:birch_trapdoor":2510,"minecraft:horn_coral":3,"minecraft:gold_block":45,"minecraft:pink_concrete_powder":42,"minecraft:dark_oak_sapling":14,"minecraft:dropper":708,"minecraft:wither_skeleton_skull":27,"minecraft:oak_planks":4126,"minecraft:prismarine_stairs":33,"minecraft:white_wool":22308,"minecraft:crossbow":170,"minecraft:sticky_piston":51,"minecraft:lever":543,"minecraft:acacia_door":37,"minecraft:bread":313,"minecraft:brown_wool":275,"minecraft:warped_slab":179,"minecraft:prismarine_wall":48,"minecraft:cooked_rabbit":2,"minecraft:chain":525,"minecraft:orange_concrete_powder":915,"minecraft:netherite_sword":60166,"minecraft:brown_shulker_box":106,"minecraft:stripped_birch_wood":718,"minecraft:cooked_chicken":201,"minecraft:red_nether_brick_slab":100,"minecraft:iron_hoe":12,"minecraft:light_gray_stained_glass":2975,"minecraft:smooth_sandstone":6607,"minecraft:dark_oak_pressure_plate":1,"minecraft:minecart":170,"minecraft:netherite_pickaxe":240385,"minecraft:cooked_beef":593,"minecraft:pumpkin":330,"minecraft:light_gray_bed":4,"minecraft:quartz_bricks":983,"minecraft:pink_glazed_terracotta":76,"minecraft:snow_block":4474,"minecraft:baked_potato":76,"minecraft:red_nether_bricks":117,"minecraft:cut_sandstone":872,"minecraft:green_bed":2,"minecraft:music_disc_cat":31,"minecraft:dark_prismarine_slab":1850,"minecraft:magenta_bed":3,"minecraft:cyan_stained_glass":386,"minecraft:gray_terracotta":26,"minecraft:piston":1029,"minecraft:flower_pot":371,"minecraft:detector_rail":2,"minecraft:jungle_stairs":126,"minecraft:lapis_block":4,"minecraft:pumpkin_pie":58,"minecraft:wither_rose":15,"minecraft:sea_pickle":91,"minecraft:birch_stairs":429,"minecraft:beetroot":16,"minecraft:peony":13,"minecraft:nether_brick_fence":308,"minecraft:spruce_slab":3053,"minecraft:polished_blackstone":620,"minecraft:ladder":771,"minecraft:green_banner":19,"minecraft:brown_concrete":567,"minecraft:brick_slab":457,"minecraft:orange_wool":648,"minecraft:acacia_sapling":21,"minecraft:netherite_shovel":108055,"minecraft:grass_block":36072,"minecraft:music_disc_chirp":6,"minecraft:dark_oak_boat":1,"minecraft:egg":39,"minecraft:potato":53,"minecraft:brown_concrete_powder":813,"minecraft:magenta_shulker_box":24,"minecraft:light_blue_carpet":24,"minecraft:diorite":4323,"minecraft:end_stone_bricks":2298,"minecraft:stripped_birch_log":343,"minecraft:red_stained_glass":145,"minecraft:lime_concrete_powder":1561,"minecraft:smooth_quartz_stairs":2992,"minecraft:oak_leaves":10456,"minecraft:purpur_stairs":22,"minecraft:sand":3746,"minecraft:smooth_red_sandstone":64,"minecraft:blue_ice":41,"minecraft:black_concrete_powder":3352,"minecraft:cyan_carpet":71,"minecraft:stone_button":1244,"minecraft:red_terracotta":7694,"minecraft:polished_granite":1009,"minecraft:diamond_ore":3987,"minecraft:lilac":1,"minecraft:soul_lantern":83,"minecraft:stone_sword":8,"minecraft:acacia_log":69,"minecraft:mycelium":1499,"minecraft:green_glazed_terracotta":9,"minecraft:warped_wart_block":92,"minecraft:ancient_debris":3,"minecraft:chorus_flower":1,"minecraft:twisting_vines":2,"minecraft:stone_stairs":1013,"minecraft:nether_brick_slab":1084,"minecraft:jungle_trapdoor":122,"minecraft:blue_concrete":4067,"minecraft:nether_brick_stairs":248,"minecraft:polished_diorite":61,"minecraft:shroomlight":626,"minecraft:red_shulker_box":296,"minecraft:cyan_shulker_box":171,"minecraft:iron_axe":253,"minecraft:brick_stairs":894,"minecraft:spruce_button":6,"minecraft:warped_fence":18,"minecraft:totem_of_undying":58,"minecraft:prismarine_slab":27,"minecraft:purple_concrete":124,"minecraft:beef":1,"minecraft:gray_glazed_terracotta":22,"minecraft:acacia_wood":2522,"minecraft:orange_terracotta":747,"minecraft:water_bucket":1146,"minecraft:prismarine_brick_slab":65,"minecraft:lime_wool":271,"minecraft:red_mushroom_block":632,"minecraft:cracked_stone_bricks":208,"minecraft:polished_blackstone_bricks":264,"minecraft:gilded_blackstone":6,"minecraft:mossy_cobblestone":59,"minecraft:lime_terracotta":327,"minecraft:comparator":101,"minecraft:tnt":30,"minecraft:crafting_table":156,"minecraft:birch_sign":94,"minecraft:dark_oak_fence_gate":285,"minecraft:lime_shulker_box":295,"minecraft:cake":48,"minecraft:oak_log":3672,"minecraft:cornflower":3,"minecraft:sunflower":3,"minecraft:iron_pickaxe":3588,"minecraft:cyan_concrete":164,"minecraft:crimson_sign":2,"minecraft:chiseled_stone_bricks":75,"minecraft:cobblestone":7464,"minecraft:light_blue_stained_glass_pane":53,"minecraft:white_concrete_powder":41856,"minecraft:white_terracotta":69,"minecraft:iron_sword":306,"minecraft:purple_shulker_box":9,"minecraft:player_head":177,"minecraft:smooth_sandstone_stairs":416,"minecraft:nether_bricks":473,"minecraft:prismarine_brick_stairs":78,"minecraft:carrot":2353,"minecraft:glass":3779,"minecraft:coal_ore":2235,"minecraft:quartz_slab":11704,"minecraft:dark_oak_wood":1556,"minecraft:hopper_minecart":25,"minecraft:stone_bricks":6746,"minecraft:red_carpet":65,"minecraft:redstone_lamp":111,"minecraft:magma_block":90,"minecraft:brown_carpet":990,"minecraft:scaffolding":5495,"minecraft:gray_bed":20,"minecraft:polished_blackstone_stairs":234,"minecraft:stripped_spruce_wood":41,"minecraft:chiseled_polished_blackstone":62,"minecraft:yellow_terracotta":492,"minecraft:light_gray_terracotta":506,"minecraft:sponge":51,"minecraft:blackstone_wall":10,"minecraft:black_bed":5,"minecraft:shears":28807,"minecraft:green_concrete":567,"minecraft:black_concrete":2239,"minecraft:firework_rocket":4983,"minecraft:lime_carpet":1096,"minecraft:gravel":4351,"minecraft:blackstone_slab":7,"minecraft:granite_slab":5,"minecraft:smooth_red_sandstone_slab":136,"minecraft:stripped_oak_wood":3500,"minecraft:grindstone":53,"minecraft:andesite":20744,"minecraft:chest_minecart":1,"minecraft:warped_button":3,"minecraft:jungle_leaves":902,"minecraft:trident":109,"minecraft:hopper":1389,"minecraft:spruce_stairs":1441,"minecraft:cobblestone_wall":918,"minecraft:shulker_box":3972,"minecraft:oak_wood":8142,"minecraft:granite":16835,"minecraft:birch_door":180,"minecraft:dark_oak_planks":2453,"minecraft:crimson_planks":1,"minecraft:cyan_banner":21,"minecraft:stone_pressure_plate":65,"minecraft:granite_wall":8,"minecraft:brown_bed":52,"minecraft:acacia_boat":32,"minecraft:polished_andesite":24080,"minecraft:black_shulker_box":335,"minecraft:chiseled_nether_bricks":37,"minecraft:cobblestone_slab":890,"minecraft:jungle_wood":54,"minecraft:lime_bed":9,"minecraft:brown_banner":7,"minecraft:yellow_stained_glass_pane":19,"minecraft:light_gray_concrete_powder":5831,"minecraft:smooth_red_sandstone_stairs":93,"minecraft:purple_stained_glass":1,"minecraft:map":71,"minecraft:acacia_fence_gate":37,"minecraft:red_banner":10,"minecraft:yellow_bed":5,"minecraft:polished_blackstone_button":6,"minecraft:splash_potion":141},"minecraft:dropped":{"minecraft:porkchop":10,"minecraft:lapis_lazuli":83,"minecraft:cyan_glazed_terracotta":4,"minecraft:diamond":1234,"minecraft:crafting_table":12,"minecraft:cooked_porkchop":360,"minecraft:warped_roots":2,"minecraft:cracked_stone_bricks":12,"minecraft:quartz_pillar":18,"minecraft:red_mushroom":86,"minecraft:emerald":549,"minecraft:gray_concrete":166,"minecraft:birch_fence":15,"minecraft:dark_oak_fence":2,"minecraft:netherite_boots":1,"minecraft:gold_nugget":963,"minecraft:sand":4888,"minecraft:smooth_red_sandstone_slab":2,"minecraft:dark_oak_planks":15,"minecraft:fishing_rod":4,"minecraft:diorite_slab":449,"minecraft:stone_axe":2,"minecraft:compass":154,"minecraft:lever":15,"minecraft:cooked_chicken":155,"minecraft:gray_banner":10,"minecraft:wheat":1342,"minecraft:netherite_sword":3,"minecraft:rotten_flesh":2091,"minecraft:grindstone":1,"minecraft:azure_bluet":2,"minecraft:warped_planks":2,"minecraft:red_mushroom_block":12,"minecraft:sea_lantern":174,"minecraft:coal_ore":426,"minecraft:quartz_block":7,"minecraft:jungle_log":5,"minecraft:leather_boots":9,"minecraft:acacia_sapling":119,"minecraft:leather_leggings":2,"minecraft:beef":25,"minecraft:podzol":42,"minecraft:warped_wart_block":11,"minecraft:granite_wall":16,"minecraft:golden_boots":9,"minecraft:black_dye":71,"minecraft:wheat_seeds":10447,"minecraft:clock":4,"minecraft:light_gray_stained_glass_pane":245,"minecraft:prismarine_crystals":256,"minecraft:book":62,"minecraft:yellow_carpet":14,"minecraft:golden_apple":30,"minecraft:coal_block":7,"minecraft:cobweb":2,"minecraft:diamond_horse_armor":1,"minecraft:gray_wool":414,"minecraft:ink_sac":8,"minecraft:cooked_salmon":87,"minecraft:lapis_ore":8,"minecraft:stripped_birch_log":15,"minecraft:oak_stairs":23,"minecraft:pumpkin":860,"minecraft:white_banner":55,"minecraft:red_dye":123,"minecraft:smooth_stone":663,"minecraft:smooth_sandstone":73,"minecraft:lily_pad":20,"minecraft:acacia_planks":108,"minecraft:bricks":93,"minecraft:netherite_hoe":3,"minecraft:player_head":101,"minecraft:orange_concrete":4,"minecraft:white_carpet":143,"minecraft:clay_ball":34,"minecraft:damaged_anvil":3,"minecraft:name_tag":24,"minecraft:light_gray_concrete":78,"minecraft:white_terracotta":6,"minecraft:oak_sign":93,"minecraft:shears":119,"minecraft:diamond_sword":33,"minecraft:cyan_wool":1,"minecraft:peony":4,"minecraft:spruce_trapdoor":71,"minecraft:spruce_planks":264,"minecraft:diamond_pickaxe":38,"minecraft:light_blue_carpet":11,"minecraft:andesite_stairs":17,"minecraft:brown_bed":1,"minecraft:bamboo":266,"minecraft:redstone_torch":41,"minecraft:stone_bricks":178,"minecraft:sandstone":627,"minecraft:magma_block":10,"minecraft:terracotta":114,"minecraft:acacia_boat":2,"minecraft:warped_fungus":1,"minecraft:oak_log":339,"minecraft:dark_oak_sapling":29,"minecraft:lime_terracotta":4,"minecraft:jungle_planks":4,"minecraft:red_wool":94,"minecraft:black_banner":8,"minecraft:birch_slab":41,"minecraft:cod":101,"minecraft:music_disc_13":1,"minecraft:dark_oak_log":2,"minecraft:packed_ice":7,"minecraft:ice":111,"minecraft:gold_ingot":515,"minecraft:magenta_stained_glass":19,"minecraft:purpur_block":93,"minecraft:twisting_vines":8,"minecraft:soul_lantern":1,"minecraft:beetroot":88,"minecraft:cooked_mutton":227,"minecraft:leather_chestplate":8,"minecraft:trident":4,"minecraft:cyan_banner":8,"minecraft:oak_wood":76,"minecraft:beetroot_seeds":97,"minecraft:stone_brick_wall":8,"minecraft:acacia_slab":43,"minecraft:scaffolding":87,"minecraft:prismarine_wall":16,"minecraft:light_gray_concrete_powder":49,"minecraft:golden_helmet":6,"minecraft:lilac":25,"minecraft:netherite_axe":9,"minecraft:andesite_wall":32,"minecraft:acacia_trapdoor":58,"minecraft:iron_block":32,"minecraft:green_dye":134,"minecraft:melon_slice":496,"minecraft:polished_andesite_stairs":47,"minecraft:tripwire_hook":9,"minecraft:kelp":995,"minecraft:oak_trapdoor":4,"minecraft:lime_concrete":4,"minecraft:light_gray_terracotta":16,"minecraft:birch_pressure_plate":1,"minecraft:comparator":2,"minecraft:stripped_oak_log":33,"minecraft:green_concrete":35,"minecraft:shulker_box":21,"minecraft:oak_button":101,"minecraft:andesite":2476,"minecraft:birch_sign":8,"minecraft:spruce_log":175,"minecraft:magma_cream":80,"minecraft:light_blue_terracotta":1,"minecraft:brown_stained_glass":3,"minecraft:acacia_wood":8,"minecraft:cooked_beef":276,"minecraft:cookie":890,"minecraft:rail":110,"minecraft:cut_sandstone_slab":2,"minecraft:leather_helmet":23,"minecraft:red_carpet":2,"minecraft:red_shulker_box":2,"minecraft:grass":501,"minecraft:jungle_sapling":1,"minecraft:wooden_sword":3,"minecraft:bone_block":152,"minecraft:bone_meal":1079,"minecraft:sunflower":70,"minecraft:phantom_membrane":27,"minecraft:polished_blackstone_slab":1,"minecraft:sugar":2,"minecraft:iron_pickaxe":4,"minecraft:gray_dye":106,"minecraft:cyan_carpet":7,"minecraft:bone":625,"minecraft:green_wool":52,"minecraft:polished_blackstone_wall":4,"minecraft:emerald_block":25,"minecraft:golden_chestplate":6,"minecraft:birch_sapling":34,"minecraft:netherite_shovel":2,"minecraft:lime_dye":373,"minecraft:end_stone":12,"minecraft:light_gray_carpet":67,"minecraft:blaze_powder":1,"minecraft:jungle_trapdoor":1,"minecraft:salmon":28,"minecraft:charcoal":8,"minecraft:spruce_slab":59,"minecraft:end_stone_bricks":55,"minecraft:ghast_tear":1,"minecraft:lectern":3,"minecraft:netherite_pickaxe":12,"minecraft:birch_leaves":518,"minecraft:iron_helmet":8,"minecraft:yellow_terracotta":2,"minecraft:purple_concrete":1,"minecraft:apple":188,"minecraft:spruce_button":13,"minecraft:music_disc_pigstep":1,"minecraft:spruce_door":1,"minecraft:chainmail_helmet":2,"minecraft:polished_andesite":230,"minecraft:end_rod":21,"minecraft:pufferfish":6,"minecraft:golden_carrot":1042,"minecraft:yellow_glazed_terracotta":6,"minecraft:lime_carpet":4,"minecraft:dead_bush":1,"minecraft:paper":1072,"minecraft:string":3385,"minecraft:magenta_shulker_box":1,"minecraft:spruce_sapling":106,"minecraft:redstone_ore":238,"minecraft:dark_oak_sign":25,"minecraft:cobblestone_wall":41,"minecraft:chicken":10,"minecraft:slime_block":211,"minecraft:light_blue_concrete":5,"minecraft:orange_wool":4,"minecraft:pumpkin_seeds":48,"minecraft:lily_of_the_valley":3,"minecraft:light_blue_dye":45,"minecraft:polished_granite_stairs":12,"minecraft:cobblestone_slab":85,"minecraft:shroomlight":2,"minecraft:stone":9252,"minecraft:allium":1,"minecraft:blue_banner":1,"minecraft:light_gray_dye":34,"minecraft:birch_boat":1,"minecraft:blue_orchid":16,"minecraft:orange_stained_glass_pane":8,"minecraft:bell":4,"minecraft:quartz_slab":15,"minecraft:crimson_nylium":10,"minecraft:spruce_sign":4,"minecraft:warped_stem":2,"minecraft:brown_mushroom":66,"minecraft:diamond_axe":4,"minecraft:baked_potato":11,"minecraft:stripped_birch_wood":3,"minecraft:lantern":53,"minecraft:flint":811,"minecraft:orange_carpet":1,"minecraft:jungle_button":12,"minecraft:cornflower":6,"minecraft:crimson_roots":1,"minecraft:pumpkin_pie":102,"minecraft:white_stained_glass_pane":56,"minecraft:gilded_blackstone":2,"minecraft:glistering_melon_slice":8,"minecraft:birch_log":216,"minecraft:armor_stand":6,"minecraft:white_tulip":1,"minecraft:blackstone":11,"minecraft:yellow_wool":2,"minecraft:lime_wool":14,"minecraft:diamond_shovel":6,"minecraft:chiseled_stone_bricks":50,"minecraft:sandstone_wall":4,"minecraft:rabbit_hide":9,"minecraft:chest":48,"minecraft:chainmail_boots":1,"minecraft:arrow":1238,"minecraft:powered_rail":35,"minecraft:quartz":19,"minecraft:written_book":71,"minecraft:oak_leaves":911,"minecraft:firework_rocket":1964,"minecraft:magenta_carpet":2,"minecraft:mossy_cobblestone":96,"minecraft:minecart":11,"minecraft:poisonous_potato":1,"minecraft:lead":21,"minecraft:grass_block":9282,"minecraft:stick":1840,"minecraft:blue_dye":39,"minecraft:nether_gold_ore":4,"minecraft:smooth_red_sandstone":3,"minecraft:smooth_quartz":15,"minecraft:brown_wool":36,"minecraft:smooth_quartz_slab":7,"minecraft:iron_axe":1,"minecraft:bucket":55,"minecraft:dandelion":51,"minecraft:redstone":341,"minecraft:red_concrete":37,"minecraft:nether_brick_slab":8,"minecraft:anvil":108,"minecraft:ender_chest":2,"minecraft:nether_wart":3,"minecraft:coarse_dirt":974,"minecraft:blaze_rod":1,"minecraft:jukebox":1,"minecraft:composter":57,"minecraft:acacia_leaves":56,"minecraft:crimson_button":4,"minecraft:filled_map":43,"minecraft:snow":112,"minecraft:black_concrete_powder":24,"minecraft:diamond_chestplate":5,"minecraft:orange_terracotta":71,"minecraft:purple_bed":2,"minecraft:blue_ice":16,"minecraft:oak_boat":1,"minecraft:diamond_boots":8,"minecraft:slime_ball":51,"minecraft:beacon":5,"minecraft:light_blue_bed":3,"minecraft:iron_sword":9,"minecraft:chorus_fruit":123,"minecraft:glass_bottle":47,"minecraft:dark_oak_slab":80,"minecraft:weeping_vines":20,"minecraft:black_bed":1,"minecraft:blackstone_stairs":1,"minecraft:gold_block":1,"minecraft:red_bed":1,"minecraft:black_stained_glass_pane":20,"minecraft:dark_oak_trapdoor":2,"minecraft:birch_stairs":34,"minecraft:white_wool":597,"minecraft:diamond_block":246,"minecraft:iron_nugget":27,"minecraft:obsidian":81,"minecraft:oak_planks":595,"minecraft:pink_carpet":8,"minecraft:glowstone_dust":9,"minecraft:music_disc_far":1,"minecraft:quartz_bricks":64,"minecraft:golden_shovel":1,"minecraft:nether_brick_fence":4,"minecraft:rabbit_foot":2,"minecraft:diorite_wall":19,"minecraft:painting":113,"minecraft:glass":210,"minecraft:stone_brick_stairs":26,"minecraft:orange_shulker_box":1,"minecraft:smooth_quartz_stairs":35,"minecraft:lime_banner":14,"minecraft:acacia_sign":6,"minecraft:lava_bucket":20,"minecraft:dark_oak_leaves":6,"minecraft:brown_concrete_powder":1,"minecraft:potion":20,"minecraft:golden_hoe":1,"minecraft:smooth_sandstone_slab":10,"minecraft:stone_brick_slab":5,"minecraft:snow_block":7,"minecraft:yellow_concrete_powder":8,"minecraft:soul_soil":24,"minecraft:green_terracotta":2,"minecraft:cocoa_beans":277,"minecraft:chiseled_red_sandstone":1,"minecraft:sticky_piston":1,"minecraft:stone_shovel":1,"minecraft:red_banner":2,"minecraft:iron_boots":3,"minecraft:suspicious_stew":70,"minecraft:sea_pickle":13,"minecraft:flower_pot":3,"minecraft:piglin_banner_pattern":1,"minecraft:stone_pressure_plate":111,"minecraft:barrel":92,"minecraft:bow":159,"minecraft:red_sand":91,"minecraft:stripped_spruce_wood":3,"minecraft:cooked_rabbit":10,"minecraft:blue_shulker_box":2,"minecraft:soul_sand":22,"minecraft:orange_dye":62,"minecraft:ender_pearl":25909,"minecraft:green_shulker_box":1,"minecraft:leather":415,"minecraft:chest_minecart":1,"minecraft:cobblestone_stairs":12,"minecraft:cracked_polished_blackstone_bricks":1,"minecraft:mutton":12,"minecraft:dark_oak_wood":66,"minecraft:snowball":17,"minecraft:jungle_sign":8,"minecraft:stripped_oak_wood":133,"minecraft:black_concrete":69,"minecraft:andesite_slab":548,"minecraft:mycelium":1529,"minecraft:birch_fence_gate":25,"minecraft:birch_door":44,"minecraft:iron_ore":328,"minecraft:iron_bars":723,"minecraft:smooth_red_sandstone_stairs":4,"minecraft:white_concrete_powder":945,"minecraft:splash_potion":4,"minecraft:bread":245,"minecraft:vine":38,"minecraft:yellow_concrete":73,"minecraft:activator_rail":1,"minecraft:spruce_stairs":12,"minecraft:acacia_log":193,"minecraft:light_blue_wool":5,"minecraft:nether_wart_block":12,"minecraft:white_concrete":228,"minecraft:yellow_shulker_box":1,"minecraft:light_gray_stained_glass":7,"minecraft:pink_banner":8,"minecraft:jungle_leaves":29,"minecraft:granite_slab":32,"minecraft:cactus":17,"minecraft:light_blue_stained_glass_pane":16,"minecraft:redstone_block":11,"minecraft:sweet_berries":25,"minecraft:gray_glazed_terracotta":9,"minecraft:totem_of_undying":26,"minecraft:netherite_leggings":1,"minecraft:flint_and_steel":6,"minecraft:golden_leggings":7,"minecraft:oak_sapling":308,"minecraft:gray_concrete_powder":57,"minecraft:wooden_pickaxe":1,"minecraft:nautilus_shell":33,"minecraft:brick":7,"minecraft:clay":25,"minecraft:crossbow":8,"minecraft:dark_oak_button":100,"minecraft:mossy_stone_brick_stairs":9,"minecraft:saddle":1,"minecraft:purpur_stairs":9,"minecraft:elytra":11,"minecraft:item_frame":186,"minecraft:dirt":13498,"minecraft:melon":12,"minecraft:stone_button":297,"minecraft:yellow_dye":55,"minecraft:chain":38,"minecraft:dark_oak_boat":1,"minecraft:oak_door":3,"minecraft:sugar_cane":654,"minecraft:polished_andesite_slab":106,"minecraft:detector_rail":3,"minecraft:pink_dye":5,"minecraft:white_bed":2,"minecraft:acacia_button":6,"minecraft:honey_block":126,"minecraft:hopper":18,"minecraft:ladder":169,"minecraft:white_dye":345,"minecraft:egg":45,"minecraft:enchanted_book":91,"minecraft:iron_ingot":2738,"minecraft:blue_stained_glass_pane":20,"minecraft:cyan_stained_glass":12,"minecraft:gray_stained_glass_pane":25,"minecraft:tnt":18,"minecraft:netherite_helmet":3,"minecraft:oak_fence":28,"minecraft:purpur_slab":40,"minecraft:feather":323,"minecraft:cobblestone":12037,"minecraft:granite":2999,"minecraft:stripped_jungle_log":1,"minecraft:coal":589,"minecraft:oxeye_daisy":3,"minecraft:iron_trapdoor":17,"minecraft:rabbit":1,"minecraft:rose_bush":15,"minecraft:diamond_helmet":18,"minecraft:dried_kelp":2935,"minecraft:heart_of_the_sea":15,"minecraft:iron_shovel":2,"minecraft:gray_carpet":266,"minecraft:purpur_pillar":68,"minecraft:netherite_ingot":4,"minecraft:stone_sword":66,"minecraft:smooth_stone_slab":101,"minecraft:diamond_hoe":2,"minecraft:blue_concrete":2,"minecraft:stone_slab":401,"minecraft:red_sandstone_slab":2,"minecraft:diamond_ore":10,"minecraft:nether_bricks":26,"minecraft:potato":1927,"minecraft:hay_block":130,"minecraft:carved_pumpkin":5,"minecraft:spider_eye":4686,"minecraft:brown_carpet":43,"minecraft:rabbit_stew":10,"minecraft:magenta_dye":1,"minecraft:dark_prismarine":5,"minecraft:black_wool":34,"minecraft:gold_ore":79,"minecraft:birch_planks":197,"minecraft:dark_oak_stairs":40,"minecraft:flower_banner_pattern":1,"minecraft:lime_stained_glass_pane":3,"minecraft:spruce_leaves":359,"minecraft:cyan_terracotta":80,"minecraft:polished_blackstone_brick_stairs":1,"minecraft:seagrass":1,"minecraft:cooked_cod":40,"minecraft:cut_sandstone":42,"minecraft:polished_blackstone_bricks":1,"minecraft:brown_mushroom_block":3,"minecraft:gravel":1315,"minecraft:fern":41,"minecraft:beehive":2,"minecraft:stone_stairs":108,"minecraft:carrot":8490,"minecraft:brown_shulker_box":2,"minecraft:poppy":28829,"minecraft:shulker_shell":20,"minecraft:oak_fence_gate":22,"minecraft:gunpowder":928,"minecraft:birch_trapdoor":45,"minecraft:glowstone":77,"minecraft:spruce_pressure_plate":6,"minecraft:melon_seeds":30,"minecraft:bee_nest":1,"minecraft:spruce_wood":11,"minecraft:basalt":31,"minecraft:prismarine_bricks":1,"minecraft:netherrack":2519,"minecraft:water_bucket":14,"minecraft:stripped_spruce_log":2,"minecraft:oak_slab":182,"minecraft:chorus_flower":2,"minecraft:bookshelf":44,"minecraft:cyan_dye":104,"minecraft:diamond_leggings":6,"minecraft:spectral_arrow":2,"minecraft:observer":11,"minecraft:diorite":2790,"minecraft:torch":803,"minecraft:iron_leggings":4,"minecraft:green_carpet":13,"minecraft:wither_rose":81,"minecraft:granite_stairs":4,"minecraft:gray_stained_glass":44,"minecraft:warped_nylium":12,"minecraft:chiseled_quartz_block":51,"minecraft:light_gray_wool":177,"minecraft:iron_hoe":5,"minecraft:cyan_stained_glass_pane":28,"minecraft:glass_pane":22,"minecraft:red_terracotta":44,"minecraft:shield":4,"minecraft:iron_chestplate":2,"minecraft:quartz_stairs":24,"minecraft:cake":19,"minecraft:mossy_stone_bricks":3,"minecraft:golden_sword":132,"minecraft:stripped_acacia_log":1,"minecraft:stone_pickaxe":1,"minecraft:nether_quartz_ore":6,"minecraft:white_stained_glass":28},"minecraft:picked_up":{"minecraft:red_sandstone_stairs":63,"minecraft:enchanted_book":176,"minecraft:blue_concrete":1056,"minecraft:music_disc_cat":41,"minecraft:polished_blackstone_brick_stairs":3,"minecraft:string":10909,"minecraft:spruce_pressure_plate":6,"minecraft:polished_blackstone_stairs":55,"minecraft:jukebox":4,"minecraft:purpur_pillar":139,"minecraft:gray_shulker_box":252,"minecraft:green_terracotta":78,"minecraft:cauldron":45,"minecraft:stone_sword":30,"minecraft:blue_glazed_terracotta":1,"minecraft:carved_pumpkin":20,"minecraft:end_rod":489,"minecraft:glowstone":168,"minecraft:blaze_rod":54,"minecraft:snowball":303,"minecraft:sponge":12,"minecraft:feather":372,"minecraft:water_bucket":16,"minecraft:brown_wool":155,"minecraft:pink_concrete_powder":1,"minecraft:lantern":419,"minecraft:stonecutter":45,"minecraft:lime_terracotta":55,"minecraft:birch_fence_gate":14,"minecraft:brown_mushroom_block":261,"minecraft:acacia_stairs":15,"minecraft:iron_hoe":1,"minecraft:granite":9993,"minecraft:spruce_button":1,"minecraft:golden_horse_armor":1,"minecraft:cyan_dye":105,"minecraft:light_gray_carpet":483,"minecraft:diamond_pickaxe":93,"minecraft:clay_ball":344,"minecraft:redstone_lamp":11,"minecraft:acacia_button":1,"minecraft:fire_coral":15,"minecraft:white_stained_glass":69,"minecraft:iron_shovel":2,"minecraft:polished_blackstone_wall":14,"minecraft:glass_pane":83,"minecraft:netherite_sword":14,"minecraft:jungle_sapling":5,"minecraft:minecart":136,"minecraft:birch_sapling":599,"minecraft:piston":70,"minecraft:stone":155679,"minecraft:red_nether_brick_wall":19,"minecraft:diamond_chestplate":19,"minecraft:hay_block":528,"minecraft:totem_of_undying":72,"minecraft:polished_blackstone":88,"minecraft:mutton":12,"minecraft:rail":2231,"minecraft:bone_block":351,"minecraft:oxeye_daisy":30,"minecraft:lime_bed":9,"minecraft:birch_leaves":10402,"minecraft:yellow_shulker_box":104,"minecraft:blackstone_slab":1,"minecraft:acacia_wood":199,"minecraft:purpur_stairs":25,"minecraft:diorite_stairs":4,"minecraft:paper":1215,"minecraft:warped_stem":78,"minecraft:iron_ore":3264,"minecraft:gray_bed":7,"minecraft:milk_bucket":2,"minecraft:light_gray_stained_glass":142,"minecraft:diamond_shovel":34,"minecraft:painting":517,"minecraft:birch_sign":34,"minecraft:baked_potato":95,"minecraft:light_blue_concrete":1705,"minecraft:nether_brick_fence":20,"minecraft:yellow_wool":8,"minecraft:gilded_blackstone":6,"minecraft:stone_brick_stairs":382,"minecraft:warped_stairs":1,"minecraft:smooth_red_sandstone_slab":5,"minecraft:red_sand":4637,"minecraft:comparator":13,"minecraft:bucket":26,"minecraft:white_tulip":75,"minecraft:ender_eye":2,"minecraft:smooth_quartz":630,"minecraft:birch_trapdoor":145,"minecraft:spruce_stairs":378,"minecraft:andesite_wall":295,"minecraft:music_disc_ward":4,"minecraft:obsidian":181,"minecraft:enchanting_table":7,"minecraft:leather_chestplate":8,"minecraft:andesite":14021,"minecraft:smooth_sandstone_stairs":50,"minecraft:prismarine_bricks":9,"minecraft:dirt":48454,"minecraft:glass":1132,"minecraft:bone":1437,"minecraft:bow":135,"minecraft:wheat_seeds":5591,"minecraft:birch_wood":25,"minecraft:grindstone":29,"minecraft:netherite_axe":25,"minecraft:fletching_table":18,"minecraft:prismarine":11,"minecraft:diorite_wall":68,"minecraft:red_sandstone_wall":1,"minecraft:gray_stained_glass":1806,"minecraft:black_stained_glass_pane":724,"minecraft:light_blue_shulker_box":11,"minecraft:nether_brick_stairs":65,"minecraft:diamond_block":426,"minecraft:jungle_slab":2,"minecraft:spectral_arrow":5,"minecraft:jungle_leaves":851,"minecraft:light_blue_terracotta":21,"minecraft:slime_block":107,"minecraft:netherite_helmet":14,"minecraft:polished_blackstone_pressure_plate":1,"minecraft:soul_lantern":23,"minecraft:cracked_polished_blackstone_bricks":90,"minecraft:crossbow":28,"minecraft:spruce_sign":47,"minecraft:piglin_banner_pattern":1,"minecraft:netherrack":3985,"minecraft:chorus_fruit":164,"minecraft:oak_leaves":4837,"minecraft:azure_bluet":114,"minecraft:ladder":215,"minecraft:pink_wool":72,"minecraft:brick":3,"minecraft:mycelium":6951,"minecraft:birch_fence":17,"minecraft:blue_orchid":130,"minecraft:lime_wool":127,"minecraft:note_block":49,"minecraft:brown_concrete_powder":78,"minecraft:cookie":300,"minecraft:trident":17,"minecraft:light_gray_stained_glass_pane":404,"minecraft:weeping_vines":20,"minecraft:nether_bricks":1163,"minecraft:stripped_dark_oak_wood":447,"minecraft:black_banner":53,"minecraft:netherite_boots":14,"minecraft:jungle_boat":3,"minecraft:leather":1836,"minecraft:cobblestone_wall":31,"minecraft:yellow_bed":6,"minecraft:gunpowder":1386,"minecraft:cooked_mutton":569,"minecraft:gray_carpet":853,"minecraft:acacia_trapdoor":125,"minecraft:rabbit_hide":11,"minecraft:iron_ingot":4249,"minecraft:cooked_chicken":371,"minecraft:nether_quartz_ore":3062,"minecraft:emerald_block":85,"minecraft:stone_brick_slab":154,"minecraft:nether_brick_slab":115,"minecraft:spruce_door":11,"minecraft:brick_slab":42,"minecraft:white_concrete_powder":38649,"minecraft:prismarine_wall":1,"minecraft:gray_banner":17,"minecraft:mossy_cobblestone_stairs":12,"minecraft:terracotta":318,"minecraft:iron_chestplate":6,"minecraft:anvil":251,"minecraft:oak_stairs":281,"minecraft:golden_sword":354,"minecraft:soul_soil":28,"minecraft:cooked_salmon":80,"minecraft:red_nether_bricks":14,"minecraft:beetroot":46,"minecraft:gold_nugget":5722,"minecraft:black_glazed_terracotta":43,"minecraft:spruce_planks":2017,"minecraft:acacia_fence_gate":8,"minecraft:flower_banner_pattern":1,"minecraft:coal_block":88,"minecraft:golden_helmet":27,"minecraft:beehive":10,"minecraft:green_bed":2,"minecraft:sandstone_wall":87,"minecraft:rabbit_foot":2,"minecraft:black_dye":39,"minecraft:light_gray_bed":4,"minecraft:light_blue_wool":102,"minecraft:blue_dye":17,"minecraft:cyan_terracotta":1688,"minecraft:netherite_chestplate":1,"minecraft:blackstone_stairs":8,"minecraft:birch_log":5524,"minecraft:magma_block":153,"minecraft:iron_door":9,"minecraft:acacia_leaves":1009,"minecraft:green_concrete_powder":300,"minecraft:jungle_wood":7,"minecraft:stripped_spruce_wood":55,"minecraft:netherite_leggings":10,"minecraft:gray_concrete":7440,"minecraft:glowstone_dust":13,"minecraft:warped_wart_block":11,"minecraft:dropper":70,"minecraft:dark_oak_log":1436,"minecraft:stripped_acacia_log":2,"minecraft:writable_book":10,"minecraft:blue_ice":13,"minecraft:bread":60,"minecraft:dark_oak_fence":50,"minecraft:coarse_dirt":3040,"minecraft:sandstone_slab":7,"minecraft:nether_wart":403,"minecraft:orange_banner":2,"minecraft:compass":169,"minecraft:beef":786,"minecraft:cyan_wool":17,"minecraft:chest":334,"minecraft:cake":5,"minecraft:redstone":9877,"minecraft:carrot":9810,"minecraft:prismarine_crystals":260,"minecraft:polished_granite_stairs":2,"minecraft:beetroot_seeds":162,"minecraft:tube_coral_fan":41,"minecraft:shears":25,"minecraft:diamond_boots":50,"minecraft:sandstone_stairs":53,"minecraft:gold_ingot":743,"minecraft:lime_concrete_powder":1552,"minecraft:white_wool":1202,"minecraft:lapis_ore":331,"minecraft:stripped_oak_log":1591,"minecraft:red_mushroom":174,"minecraft:filled_map":215,"minecraft:jungle_button":5,"minecraft:stone_bricks":871,"minecraft:prismarine_brick_stairs":17,"minecraft:dark_oak_slab":747,"minecraft:white_stained_glass_pane":82,"minecraft:gravel":82025,"minecraft:spruce_sapling":231,"minecraft:red_stained_glass":32,"minecraft:purple_bed":54,"minecraft:polished_diorite":680,"minecraft:stone_axe":2,"minecraft:light_blue_carpet":15,"minecraft:diamond_axe":39,"minecraft:oak_button":35,"minecraft:stripped_dark_oak_log":1320,"minecraft:brown_banner":8,"minecraft:crimson_nylium":10,"minecraft:wheat":1545,"minecraft:redstone_block":216,"minecraft:light_gray_shulker_box":582,"minecraft:smooth_stone_slab":1028,"minecraft:armor_stand":47,"minecraft:netherite_ingot":9,"minecraft:sea_pickle":174,"minecraft:activator_rail":7,"minecraft:black_shulker_box":357,"minecraft:dark_oak_leaves":2475,"minecraft:redstone_torch":305,"minecraft:iron_boots":7,"minecraft:stick":3082,"minecraft:orange_shulker_box":177,"minecraft:oak_fence":330,"minecraft:snow_block":429,"minecraft:green_banner":15,"minecraft:green_wool":56,"minecraft:fire_coral_fan":59,"minecraft:cod":70,"minecraft:magma_cream":69,"minecraft:chiseled_quartz_block":191,"minecraft:light_gray_dye":46,"minecraft:wither_skeleton_skull":12,"minecraft:acacia_boat":23,"minecraft:polished_granite":23,"minecraft:leather_boots":8,"minecraft:light_blue_dye":44,"minecraft:ghast_tear":4,"minecraft:black_terracotta":11,"minecraft:polished_blackstone_slab":74,"minecraft:sand":55665,"minecraft:shulker_box":4185,"minecraft:orange_wool":34,"minecraft:dark_prismarine":130,"minecraft:light_gray_concrete":2511,"minecraft:dark_prismarine_slab":77,"minecraft:spruce_fence_gate":24,"minecraft:clay":118,"minecraft:white_concrete":14040,"minecraft:chiseled_red_sandstone":61,"minecraft:oak_sapling":1349,"minecraft:cocoa_beans":2826,"minecraft:charcoal":12,"minecraft:stone_stairs":343,"minecraft:orange_concrete":261,"minecraft:quartz_slab":454,"minecraft:warped_fence":1,"minecraft:cyan_carpet":18,"minecraft:andesite_stairs":13,"minecraft:oak_boat":102,"minecraft:player_head":917,"minecraft:light_gray_wool":2019,"minecraft:spruce_trapdoor":605,"minecraft:orange_dye":92,"minecraft:gray_dye":194,"minecraft:stone_button":218,"minecraft:iron_horse_armor":1,"minecraft:smooth_sandstone_slab":34,"minecraft:arrow":3019,"minecraft:light_blue_stained_glass_pane":49,"minecraft:jungle_stairs":28,"minecraft:saddle":2,"minecraft:wet_sponge":53,"minecraft:crimson_stem":10,"minecraft:birch_planks":366,"minecraft:yellow_glazed_terracotta":16,"minecraft:cobblestone_stairs":47,"minecraft:smooth_sandstone":325,"minecraft:red_nether_brick_stairs":18,"minecraft:heart_of_the_sea":15,"minecraft:stripped_oak_wood":3431,"minecraft:soul_sand":220,"minecraft:green_dye":69,"minecraft:book":21526,"minecraft:scaffolding":4779,"minecraft:pumpkin":1970,"minecraft:birch_boat":1,"minecraft:red_concrete_powder":1815,"minecraft:brain_coral_fan":60,"minecraft:white_bed":108,"minecraft:green_carpet":76,"minecraft:stripped_jungle_log":1,"minecraft:cyan_banner":21,"minecraft:lime_banner":25,"minecraft:lime_dye":117,"minecraft:iron_helmet":14,"minecraft:coal":10823,"minecraft:purple_concrete_powder":9,"minecraft:suspicious_stew":14,"minecraft:lead":61,"minecraft:smithing_table":31,"minecraft:stone_slab":1590,"minecraft:pufferfish":11,"minecraft:shroomlight":240,"minecraft:diamond_leggings":27,"minecraft:bubble_coral":11,"minecraft:warped_slab":18,"minecraft:crimson_sign":2,"minecraft:diamond_ore":3918,"minecraft:acacia_log":1852,"minecraft:cyan_stained_glass":14,"minecraft:honeycomb_block":3,"minecraft:end_crystal":6,"minecraft:golden_chestplate":7,"minecraft:pink_terracotta":54,"minecraft:brown_carpet":184,"minecraft:yellow_banner":7,"minecraft:lime_carpet":91,"minecraft:honey_bottle":1,"minecraft:horn_coral_fan":54,"minecraft:polished_basalt":85,"minecraft:blackstone_wall":6,"minecraft:bookshelf":265,"minecraft:white_terracotta":36,"minecraft:iron_bars":1122,"minecraft:cooked_beef":1285,"minecraft:flint":1499,"minecraft:purple_stained_glass":1,"minecraft:cyan_concrete_powder":165,"minecraft:gray_concrete_powder":34178,"minecraft:dark_oak_sign":20,"minecraft:diamond_helmet":32,"minecraft:rabbit":1,"minecraft:stripped_spruce_log":78,"minecraft:netherite_block":1,"minecraft:polished_andesite":2223,"minecraft:blue_terracotta":3,"minecraft:lever":220,"minecraft:blue_banner":8,"minecraft:jack_o_lantern":3,"minecraft:crimson_roots":46,"minecraft:bee_nest":20,"minecraft:leather_leggings":5,"minecraft:dragon_head":21,"minecraft:purpur_block":214,"minecraft:heavy_weighted_pressure_plate":2,"minecraft:cornflower":98,"minecraft:elytra":72,"minecraft:acacia_door":11,"minecraft:flint_and_steel":4,"minecraft:white_carpet":493,"minecraft:poppy":6582,"minecraft:spruce_slab":1226,"minecraft:diamond_hoe":10,"minecraft:lime_shulker_box":279,"minecraft:black_stained_glass":454,"minecraft:cyan_glazed_terracotta":2,"minecraft:white_dye":228,"minecraft:jungle_fence_gate":1,"minecraft:netherite_pickaxe":41,"minecraft:cyan_shulker_box":145,"minecraft:jungle_sign":12,"minecraft:purpur_slab":62,"minecraft:yellow_terracotta":189,"minecraft:tripwire_hook":53,"minecraft:smooth_red_sandstone":16,"minecraft:fern":793,"minecraft:yellow_dye":108,"minecraft:lily_pad":44,"minecraft:light_blue_banner":11,"minecraft:apple":157,"minecraft:oak_fence_gate":65,"minecraft:magenta_stained_glass":24,"minecraft:dark_oak_stairs":556,"minecraft:polished_andesite_stairs":783,"minecraft:sweet_berries":95,"minecraft:green_glazed_terracotta":9,"minecraft:red_wool":128,"minecraft:lime_concrete":750,"minecraft:crying_obsidian":5,"minecraft:leather_helmet":73,"minecraft:oak_wood":1340,"minecraft:coal_ore":4410,"minecraft:slime_ball":190,"minecraft:red_nether_brick_slab":6,"minecraft:smooth_quartz_slab":1067,"minecraft:hopper":249,"minecraft:prismarine_stairs":4,"minecraft:black_carpet":40,"minecraft:ender_chest":282,"minecraft:lapis_block":7,"minecraft:experience_bottle":2,"minecraft:smooth_stone":4602,"minecraft:red_dye":10,"minecraft:rose_bush":28,"minecraft:cobblestone_slab":73,"minecraft:iron_pickaxe":4,"minecraft:smooth_quartz_stairs":663,"minecraft:blue_wool":2,"minecraft:acacia_fence":28,"minecraft:netherite_shovel":14,"minecraft:diorite":8993,"minecraft:vine":268,"minecraft:rotten_flesh":5798,"minecraft:red_sandstone_slab":16,"minecraft:brown_shulker_box":84,"minecraft:chorus_flower":14,"minecraft:blaze_powder":9,"minecraft:cobblestone":47010,"minecraft:lilac":33,"minecraft:repeater":22,"minecraft:golden_leggings":10,"minecraft:orange_carpet":3,"minecraft:black_bed":6,"minecraft:beacon":39,"minecraft:potato":268,"minecraft:stripped_birch_log":1081,"minecraft:cut_sandstone_slab":12,"minecraft:name_tag":43,"minecraft:acacia_planks":78,"minecraft:mossy_stone_bricks":21,"minecraft:bamboo":787,"minecraft:cyan_concrete":106,"minecraft:brown_stained_glass":14,"minecraft:melon":596,"minecraft:grass_block":42623,"minecraft:mossy_cobblestone":225,"minecraft:light_gray_terracotta":175,"minecraft:yellow_carpet":74,"minecraft:sugar":2,"minecraft:yellow_stained_glass_pane":4,"minecraft:grass":9841,"minecraft:bone_meal":1350,"minecraft:golden_apple":72,"minecraft:emerald":3004,"minecraft:andesite_slab":279,"minecraft:splash_potion":7,"minecraft:packed_ice":3,"minecraft:brown_mushroom":242,"minecraft:stone_brick_wall":111,"minecraft:diorite_slab":69,"minecraft:chain":115,"minecraft:shield":15,"minecraft:oak_trapdoor":231,"minecraft:magenta_wool":2,"minecraft:blackstone":329,"minecraft:end_stone":2600,"minecraft:polished_blackstone_bricks":219,"minecraft:light_blue_bed":40,"minecraft:stone_pressure_plate":21,"minecraft:blue_concrete_powder":3731,"minecraft:red_shulker_box":247,"minecraft:tube_coral":13,"minecraft:pumpkin_pie":106,"minecraft:glistering_melon_slice":1,"minecraft:brick_stairs":148,"minecraft:prismarine_slab":4,"minecraft:basalt":80,"minecraft:dark_oak_button":10,"minecraft:golden_carrot":2993,"minecraft:magenta_banner":6,"minecraft:ice":199,"minecraft:granite_stairs":26,"minecraft:chainmail_chestplate":1,"minecraft:orange_terracotta":3011,"minecraft:red_carpet":15,"minecraft:spruce_wood":89,"minecraft:polished_andesite_slab":87,"minecraft:warped_fungus":1,"minecraft:quartz":5408,"minecraft:dandelion":444,"minecraft:lava_bucket":11,"minecraft:red_banner":1,"minecraft:cut_red_sandstone":3,"minecraft:light_blue_concrete_powder":971,"minecraft:polished_diorite_stairs":50,"minecraft:pumpkin_seeds":213,"minecraft:chainmail_leggings":1,"minecraft:damaged_anvil":6,"minecraft:netherite_hoe":12,"minecraft:dark_oak_wood":124,"minecraft:sunflower":137,"minecraft:seagrass":85,"minecraft:birch_door":57,"minecraft:chainmail_boots":2,"minecraft:flower_pot":74,"minecraft:magenta_carpet":3,"minecraft:diamond_sword":106,"minecraft:brown_bed":36,"minecraft:wither_rose":12,"minecraft:golden_shovel":18,"minecraft:birch_button":1,"minecraft:brewing_stand":23,"minecraft:dark_oak_trapdoor":530,"minecraft:orange_concrete_powder":896,"minecraft:crimson_fence":3,"minecraft:acacia_sign":8,"minecraft:written_book":149,"minecraft:melon_slice":2076,"minecraft:dark_oak_door":36,"minecraft:composter":168,"minecraft:pink_carpet":10,"minecraft:chiseled_nether_bricks":38,"minecraft:gray_stained_glass_pane":53,"minecraft:tropical_fish":1,"minecraft:iron_block":2188,"minecraft:mossy_cobblestone_slab":6,"minecraft:polished_diorite_slab":97,"minecraft:birch_slab":417,"minecraft:jungle_log":334,"minecraft:smoker":34,"minecraft:magenta_bed":3,"minecraft:map":1,"minecraft:light_gray_concrete_powder":3152,"minecraft:twisting_vines":10,"minecraft:chipped_anvil":14,"minecraft:gray_glazed_terracotta":7,"minecraft:ink_sac":929,"minecraft:loom":82,"minecraft:red_terracotta":5824,"minecraft:barrel":461,"minecraft:quartz_bricks":198,"minecraft:dispenser":45,"minecraft:black_concrete_powder":2409,"minecraft:green_concrete":221,"minecraft:chainmail_helmet":3,"minecraft:bricks":1143,"minecraft:lime_stained_glass_pane":4,"minecraft:spruce_leaves":11271,"minecraft:crafting_table":114,"minecraft:bubble_coral_fan":47,"minecraft:crimson_trapdoor":2,"minecraft:jungle_trapdoor":10,"minecraft:red_bed":7,"minecraft:snow":167,"minecraft:cracked_stone_bricks":15,"minecraft:cartography_table":6,"minecraft:iron_nugget":1,"minecraft:quartz_stairs":759,"minecraft:egg":123,"minecraft:sandstone":7417,"minecraft:oak_door":23,"minecraft:spruce_fence":232,"minecraft:mushroom_stem":141,"minecraft:blue_carpet":5,"minecraft:tnt":78,"minecraft:cooked_cod":19,"minecraft:peony":17,"minecraft:white_shulker_box":156,"minecraft:smooth_red_sandstone_stairs":9,"minecraft:red_mushroom_block":183,"minecraft:oak_log":8851,"minecraft:brown_concrete":127,"minecraft:ancient_debris":13,"minecraft:golden_boots":11,"minecraft:white_banner":114,"minecraft:kelp":6890,"minecraft:cobweb":2076,"minecraft:glass_bottle":21,"minecraft:iron_sword":14,"minecraft:daylight_detector":19,"minecraft:yellow_concrete":1620,"minecraft:birch_stairs":147,"minecraft:spruce_log":1961,"minecraft:sea_lantern":864,"minecraft:firework_rocket":4777,"minecraft:redstone_ore":2286,"minecraft:gray_wool":1895,"minecraft:warped_roots":39,"minecraft:melon_seeds":130,"minecraft:warped_nylium":13,"minecraft:pink_dye":5,"minecraft:ender_pearl":26328,"minecraft:shulker_shell":1034,"minecraft:iron_trapdoor":306,"minecraft:potion":23,"minecraft:iron_leggings":6,"minecraft:sticky_piston":17,"minecraft:oak_sign":444,"minecraft:furnace":34,"minecraft:brown_terracotta":258,"minecraft:torch":4981,"minecraft:porkchop":38,"minecraft:dried_kelp":58754,"minecraft:music_disc_pigstep":4,"minecraft:yellow_concrete_powder":1928,"minecraft:light_gray_banner":25,"minecraft:quartz_block":2260,"minecraft:nether_gold_ore":4,"minecraft:cactus":311,"minecraft:stripped_birch_wood":393,"minecraft:nautilus_shell":2,"minecraft:warped_trapdoor":9,"minecraft:horn_coral":11,"minecraft:green_shulker_box":29,"minecraft:lapis_lazuli":2251,"minecraft:pink_banner":10,"minecraft:bell":10,"minecraft:powered_rail":881,"minecraft:oak_planks":1051,"minecraft:mossy_stone_brick_stairs":20,"minecraft:brain_coral":17,"minecraft:pink_concrete":5,"minecraft:cooked_porkchop":2752,"minecraft:oak_pressure_plate":1,"minecraft:poisonous_potato":1,"minecraft:jungle_planks":74,"minecraft:lily_of_the_valley":167,"minecraft:dead_bush":56,"minecraft:cyan_bed":31,"minecraft:chiseled_sandstone":11,"minecraft:black_concrete":1064,"minecraft:diamond":10684,"minecraft:spruce_boat":1,"minecraft:polished_blackstone_button":1,"minecraft:nether_star":9,"minecraft:end_stone_bricks":243,"minecraft:fishing_rod":19,"minecraft:allium":1,"minecraft:chicken":29,"minecraft:cooked_rabbit":12,"minecraft:gold_block":241,"minecraft:item_frame":471,"minecraft:detector_rail":6,"minecraft:dark_prismarine_stairs":73,"minecraft:observer":205,"minecraft:lectern":1653,"minecraft:blue_shulker_box":33,"minecraft:sugar_cane":1301,"minecraft:phantom_membrane":31,"minecraft:dark_oak_sapling":87,"minecraft:red_stained_glass_pane":1,"minecraft:quartz_pillar":1306,"minecraft:magenta_shulker_box":20,"minecraft:dark_oak_planks":1197,"minecraft:pink_glazed_terracotta":6,"minecraft:lime_stained_glass":26,"minecraft:salmon":38,"minecraft:cut_sandstone":72,"minecraft:nether_wart_block":538,"minecraft:podzol":168,"minecraft:red_sandstone":6,"minecraft:acacia_sapling":153,"minecraft:music_disc_chirp":6,"minecraft:purple_concrete":51,"minecraft:oak_slab":463,"minecraft:chiseled_stone_bricks":20,"minecraft:blast_furnace":18,"minecraft:gold_ore":1319,"minecraft:dark_oak_fence_gate":42,"minecraft:spider_eye":10197,"minecraft:dried_kelp_block":83,"minecraft:campfire":2,"minecraft:honey_block":19,"minecraft:magenta_concrete":1,"minecraft:black_wool":140,"minecraft:acacia_slab":24,"minecraft:red_concrete":2215},"minecraft:mined":{"minecraft:dragon_wall_head":23,"minecraft:red_shulker_box":246,"minecraft:white_bed":130,"minecraft:light_blue_carpet":12,"minecraft:potted_dead_bush":11,"minecraft:acacia_log":1891,"minecraft:oak_pressure_plate":1,"minecraft:green_concrete":385,"minecraft:oak_wall_sign":191,"minecraft:nether_wart":140,"minecraft:spawner":4,"minecraft:chorus_flower":3,"minecraft:fire":1,"minecraft:twisting_vines":3,"minecraft:spruce_pressure_plate":6,"minecraft:green_carpet":26,"minecraft:white_shulker_box":155,"minecraft:white_banner":12,"minecraft:sandstone_slab":6,"minecraft:blue_wall_banner":6,"minecraft:cut_sandstone":86,"minecraft:magenta_carpet":1,"minecraft:blue_concrete_powder":18,"minecraft:kelp_plant":447,"minecraft:smoker":35,"minecraft:torch":1698,"minecraft:dark_oak_wood":99,"minecraft:melon":350,"minecraft:dead_bush":122,"minecraft:nether_brick_slab":101,"minecraft:sugar_cane":196,"minecraft:bricks":1059,"minecraft:chain":127,"minecraft:repeater":16,"minecraft:jungle_wood":7,"minecraft:magenta_bed":3,"minecraft:wither_rose":18,"minecraft:grass":14356,"minecraft:acacia_sign":3,"minecraft:attached_pumpkin_stem":3,"minecraft:brown_concrete":149,"minecraft:mossy_cobblestone":127,"minecraft:orange_concrete_powder":2,"minecraft:dark_oak_log":1288,"minecraft:birch_fence_gate":17,"minecraft:dark_oak_fence":53,"minecraft:spruce_fence":226,"minecraft:red_mushroom":94,"minecraft:white_concrete_powder":278,"minecraft:redstone_ore":4301,"minecraft:green_terracotta":78,"minecraft:cyan_concrete":223,"minecraft:vine":305,"minecraft:potted_spruce_sapling":3,"minecraft:oak_slab":264,"minecraft:chiseled_nether_bricks":38,"minecraft:soul_sand":298,"minecraft:lily_of_the_valley":168,"minecraft:potted_lily_of_the_valley":1,"minecraft:cornflower":96,"minecraft:prismarine_slab":4,"minecraft:warped_roots":43,"minecraft:campfire":10,"minecraft:tall_grass":710,"minecraft:diorite":15310,"minecraft:orange_carpet":3,"minecraft:warped_wart_block":11,"minecraft:black_stained_glass":449,"minecraft:light_blue_bed":47,"minecraft:cobblestone_wall":39,"minecraft:pink_wall_banner":6,"minecraft:red_sandstone_wall":3,"minecraft:dark_oak_button":6,"minecraft:gravel":96220,"minecraft:cobweb":2156,"minecraft:brown_terracotta":271,"minecraft:oak_button":4,"minecraft:stone_bricks":724,"minecraft:orange_wall_banner":2,"minecraft:chipped_anvil":14,"minecraft:fern":327,"minecraft:oak_sapling":28,"minecraft:andesite_stairs":25,"minecraft:spruce_trapdoor":534,"minecraft:lime_banner":4,"minecraft:granite_stairs":33,"minecraft:netherite_block":1,"minecraft:brown_shulker_box":82,"minecraft:quartz_block":767,"minecraft:orange_terracotta":3091,"minecraft:beacon":23,"minecraft:nether_quartz_ore":5741,"minecraft:oak_planks":424,"minecraft:light_blue_banner":2,"minecraft:wall_torch":800,"minecraft:light_blue_terracotta":10,"minecraft:blue_terracotta":3,"minecraft:powered_rail":586,"minecraft:dark_oak_slab":638,"minecraft:blue_ice":13,"minecraft:tnt":28,"minecraft:smooth_stone_slab":763,"minecraft:pink_banner":2,"minecraft:dispenser":39,"minecraft:daylight_detector":19,"minecraft:crying_obsidian":3,"minecraft:yellow_wall_banner":6,"minecraft:pink_carpet":2,"minecraft:lever":129,"minecraft:ladder":108,"minecraft:tube_coral_wall_fan":30,"minecraft:birch_slab":389,"minecraft:spruce_leaves":12188,"minecraft:hay_block":242,"minecraft:polished_basalt":21,"minecraft:nether_sprouts":1,"minecraft:gray_wall_banner":8,"minecraft:detector_rail":1,"minecraft:gold_block":36,"minecraft:nether_brick_fence":8,"minecraft:stripped_oak_log":1619,"minecraft:blue_glazed_terracotta":1,"minecraft:pink_terracotta":54,"minecraft:acacia_leaves":1368,"minecraft:snow_block":441,"minecraft:stripped_dark_oak_log":1316,"minecraft:basalt":274,"minecraft:polished_granite":26,"minecraft:gray_stained_glass":1965,"minecraft:stone_slab":1160,"minecraft:quartz_bricks":86,"minecraft:polished_blackstone_brick_stairs":4,"minecraft:prismarine_bricks":9,"minecraft:birch_planks":314,"minecraft:bubble_coral":11,"minecraft:sea_pickle":52,"minecraft:polished_blackstone_slab":8,"minecraft:bee_nest":30,"minecraft:grass_path":667,"minecraft:black_wool":79,"minecraft:cocoa":1049,"minecraft:cyan_carpet":12,"minecraft:cracked_stone_bricks":30,"minecraft:dark_oak_planks":1004,"minecraft:dark_prismarine_stairs":84,"minecraft:black_terracotta":16,"minecraft:carved_pumpkin":15,"minecraft:red_sand":5271,"minecraft:smooth_red_sandstone_stairs":11,"minecraft:stone_brick_wall":87,"minecraft:yellow_carpet":73,"minecraft:jungle_log":342,"minecraft:lime_stained_glass":51,"minecraft:hopper":241,"minecraft:chiseled_stone_bricks":24,"minecraft:weeping_vines_plant":7,"minecraft:brown_stained_glass":18,"minecraft:sticky_piston":17,"minecraft:enchanting_table":4,"minecraft:lime_stained_glass_pane":4,"minecraft:quartz_slab":407,"minecraft:oak_sign":124,"minecraft:smooth_sandstone_stairs":74,"minecraft:iron_block":1979,"minecraft:blue_orchid":108,"minecraft:brown_mushroom":180,"minecraft:red_bed":9,"minecraft:soul_fire":155,"minecraft:blast_furnace":17,"minecraft:polished_diorite_slab":101,"minecraft:cyan_bed":33,"minecraft:potted_oak_sapling":1,"minecraft:damaged_anvil":5,"minecraft:spruce_sign":5,"minecraft:cyan_wool":6,"minecraft:black_concrete_powder":1134,"minecraft:light_gray_stained_glass":148,"minecraft:wheat":1047,"minecraft:pumpkin_stem":77,"minecraft:birch_door":4,"minecraft:warped_fungus":1,"minecraft:black_bed":5,"minecraft:stone_brick_stairs":367,"minecraft:red_mushroom_block":330,"minecraft:stonecutter":45,"minecraft:cut_red_sandstone":3,"minecraft:light_gray_stained_glass_pane":96,"minecraft:jungle_planks":23,"minecraft:crimson_roots":46,"minecraft:yellow_concrete_powder":46,"minecraft:lime_wool":42,"minecraft:polished_blackstone_button":1,"minecraft:red_sandstone":6,"minecraft:acacia_wood":208,"minecraft:potatoes":49,"minecraft:warped_stem":80,"minecraft:warped_trapdoor":11,"minecraft:smooth_quartz_stairs":704,"minecraft:bamboo":54,"minecraft:cake":6,"minecraft:white_wool":600,"minecraft:brain_coral":18,"minecraft:smithing_table":31,"minecraft:light_gray_carpet":214,"minecraft:comparator":12,"minecraft:stone_brick_slab":135,"minecraft:observer":175,"minecraft:jungle_sign":2,"minecraft:smooth_sandstone":356,"minecraft:light_gray_concrete_powder":237,"minecraft:emerald_ore":4,"minecraft:purple_bed":52,"minecraft:white_carpet":338,"minecraft:spruce_log":1550,"minecraft:birch_leaves":11219,"minecraft:quartz_pillar":1158,"minecraft:red_wall_banner":2,"minecraft:dark_oak_sign":7,"minecraft:light_gray_banner":7,"minecraft:spruce_planks":1681,"minecraft:jungle_slab":2,"minecraft:grass_block":70985,"minecraft:soul_soil":14,"minecraft:sandstone_stairs":52,"minecraft:smooth_stone":4612,"minecraft:iron_ore":3558,"minecraft:black_carpet":24,"minecraft:anvil":111,"minecraft:birch_wall_sign":15,"minecraft:green_bed":2,"minecraft:blue_banner":2,"minecraft:blackstone":264,"minecraft:twisting_vines_plant":5,"minecraft:melon_stem":62,"minecraft:clay":269,"minecraft:potted_warped_roots":1,"minecraft:chest":320,"minecraft:mushroom_stem":159,"minecraft:slime_block":93,"minecraft:grindstone":30,"minecraft:prismarine":11,"minecraft:iron_door":3,"minecraft:seagrass":166,"minecraft:dark_oak_door":31,"minecraft:nether_wart_block":561,"minecraft:birch_log":5351,"minecraft:activator_rail":7,"minecraft:purpur_block":193,"minecraft:green_glazed_terracotta":9,"minecraft:sand":70670,"minecraft:tripwire_hook":11,"minecraft:oak_leaves":7645,"minecraft:emerald_block":6,"minecraft:nether_gold_ore":2,"minecraft:tube_coral":14,"minecraft:red_carpet":12,"minecraft:blackstone_wall":6,"minecraft:oak_door":14,"minecraft:gray_shulker_box":248,"minecraft:gray_stained_glass_pane":57,"minecraft:black_banner":10,"minecraft:white_stained_glass":151,"minecraft:polished_andesite_slab":94,"minecraft:large_fern":234,"minecraft:oak_trapdoor":167,"minecraft:furnace":28,"minecraft:carrots":2273,"minecraft:red_concrete_powder":25,"minecraft:chiseled_sandstone":11,"minecraft:acacia_stairs":15,"minecraft:stripped_spruce_log":79,"minecraft:lantern":78,"minecraft:stripped_acacia_log":2,"minecraft:stripped_jungle_log":1,"minecraft:packed_ice":18,"minecraft:chorus_plant":3,"minecraft:stone":349184,"minecraft:white_tulip":45,"minecraft:yellow_shulker_box":104,"minecraft:red_wool":90,"minecraft:spruce_door":4,"minecraft:blackstone_slab":1,"minecraft:light_gray_wall_banner":6,"minecraft:lime_concrete_powder":19,"minecraft:andesite_slab":201,"minecraft:lectern":1644,"minecraft:andesite_wall":129,"minecraft:lapis_ore":536,"minecraft:red_nether_brick_wall":19,"minecraft:brick_slab":8,"minecraft:green_shulker_box":28,"minecraft:polished_blackstone_stairs":63,"minecraft:redstone_torch":93,"minecraft:yellow_bed":5,"minecraft:potted_azure_bluet":7,"minecraft:end_rod":358,"minecraft:bubble_coral_wall_fan":43,"minecraft:birch_fence":19,"minecraft:red_nether_brick_slab":4,"minecraft:blue_carpet":5,"minecraft:cut_sandstone_slab":10,"minecraft:blackstone_stairs":10,"minecraft:fire_coral_wall_fan":54,"minecraft:cyan_shulker_box":141,"minecraft:red_nether_bricks":14,"minecraft:granite":15898,"minecraft:brown_wool":44,"minecraft:light_gray_bed":4,"minecraft:polished_blackstone_bricks":246,"minecraft:magma_block":180,"minecraft:mossy_cobblestone_stairs":12,"minecraft:dark_oak_trapdoor":528,"minecraft:barrel":360,"minecraft:fletching_table":18,"minecraft:nether_brick_stairs":77,"minecraft:light_gray_concrete":4564,"minecraft:spruce_wood":114,"minecraft:player_head":61,"minecraft:tripwire":147,"minecraft:jungle_trapdoor":13,"minecraft:jungle_button":5,"minecraft:crimson_nylium":9,"minecraft:note_block":16,"minecraft:white_stained_glass_pane":124,"minecraft:spruce_wall_sign":5,"minecraft:smooth_quartz_slab":1108,"minecraft:lime_shulker_box":278,"minecraft:tube_coral_fan":12,"minecraft:birch_sapling":19,"minecraft:white_terracotta":36,"minecraft:jukebox":3,"minecraft:yellow_glazed_terracotta":16,"minecraft:dark_oak_sapling":1,"minecraft:birch_button":5,"minecraft:smooth_quartz":641,"minecraft:sandstone_wall":176,"minecraft:purple_glazed_terracotta":1,"minecraft:dark_prismarine":30,"minecraft:light_blue_wool":114,"minecraft:cyan_stained_glass":8,"minecraft:sea_lantern":510,"minecraft:end_stone":2569,"minecraft:acacia_button":1,"minecraft:redstone_wire":137,"minecraft:potted_bamboo":1,"minecraft:cartography_table":5,"minecraft:horn_coral":12,"minecraft:acacia_trapdoor":87,"minecraft:light_blue_concrete_powder":15,"minecraft:pink_concrete":4,"minecraft:andesite":17447,"minecraft:mossy_stone_brick_stairs":2,"minecraft:cobblestone_slab":41,"minecraft:rail":1558,"minecraft:brain_coral_wall_fan":51,"minecraft:bone_block":79,"minecraft:pink_glazed_terracotta":8,"minecraft:green_wool":1,"minecraft:ender_chest":250,"minecraft:birch_stairs":131,"minecraft:redstone_block":106,"minecraft:glass_pane":64,"minecraft:red_sandstone_slab":16,"minecraft:dandelion":417,"minecraft:fire_coral":16,"minecraft:brain_coral_fan":13,"minecraft:purpur_pillar":132,"minecraft:green_stained_glass_pane":2,"minecraft:red_terracotta":6003,"minecraft:coarse_dirt":3234,"minecraft:stripped_spruce_wood":53,"minecraft:dark_oak_wall_sign":5,"minecraft:purple_concrete":49,"minecraft:dark_prismarine_slab":56,"minecraft:sunflower":3,"minecraft:birch_sign":8,"minecraft:polished_blackstone":25,"minecraft:gold_ore":1331,"minecraft:iron_trapdoor":292,"minecraft:stone_pressure_plate":7,"minecraft:prismarine_wall":1,"minecraft:farmland":94,"minecraft:orange_wool":15,"minecraft:brewing_stand":22,"minecraft:cracked_polished_blackstone_bricks":122,"minecraft:white_concrete":45561,"minecraft:bubble_coral_fan":6,"minecraft:polished_diorite":682,"minecraft:composter":112,"minecraft:polished_blackstone_pressure_plate":1,"minecraft:gilded_blackstone":5,"minecraft:green_wall_banner":1,"minecraft:mossy_cobblestone_slab":7,"minecraft:brown_bed":36,"minecraft:iron_bars":987,"minecraft:spruce_slab":1156,"minecraft:polished_blackstone_wall":14,"minecraft:purpur_stairs":34,"minecraft:light_gray_terracotta":174,"minecraft:jungle_stairs":21,"minecraft:cauldron":41,"minecraft:stone_stairs":287,"minecraft:fire_coral_fan":9,"minecraft:warped_nylium":17,"minecraft:oak_log":8700,"minecraft:beetroots":65,"minecraft:lime_terracotta":18,"minecraft:dirt":77511,"minecraft:prismarine_stairs":4,"minecraft:ancient_debris":13,"minecraft:quartz_stairs":906,"minecraft:dark_oak_leaves":2824,"minecraft:red_stained_glass":1,"minecraft:gray_glazed_terracotta":2,"minecraft:stone_button":118,"minecraft:cyan_banner":9,"minecraft:brown_mushroom_block":386,"minecraft:acacia_slab":12,"minecraft:crimson_stem":11,"minecraft:light_blue_wall_banner":8,"minecraft:heavy_weighted_pressure_plate":1,"minecraft:light_gray_shulker_box":576,"minecraft:peony":17,"minecraft:bookshelf":6971,"minecraft:lime_wall_banner":3,"minecraft:shroomlight":124,"minecraft:wet_sponge":52,"minecraft:jungle_fence_gate":1,"minecraft:scaffolding":2248,"minecraft:magenta_stained_glass":25,"minecraft:warped_fence":2,"minecraft:oak_fence":333,"minecraft:honey_block":30,"minecraft:lime_carpet":74,"minecraft:red_concrete":3689,"minecraft:ice":1446,"minecraft:black_wall_banner":29,"minecraft:white_wall_banner":72,"minecraft:flower_pot":17,"minecraft:yellow_concrete":3170,"minecraft:mossy_stone_bricks":22,"minecraft:crimson_fence":3,"minecraft:jungle_wall_sign":1,"minecraft:potted_crimson_roots":1,"minecraft:light_blue_concrete":2470,"minecraft:chiseled_red_sandstone":62,"minecraft:jungle_leaves":1059,"minecraft:warped_stairs":2,"minecraft:obsidian":151,"minecraft:crimson_trapdoor":2,"minecraft:horn_coral_fan":7,"minecraft:coal_block":79,"minecraft:purpur_slab":55,"minecraft:diorite_stairs":4,"minecraft:oxeye_daisy":31,"minecraft:potted_fern":5,"minecraft:orange_concrete":1015,"minecraft:tall_seagrass":74,"minecraft:cyan_wall_banner":2,"minecraft:pumpkin":363,"minecraft:stripped_dark_oak_wood":448,"minecraft:smooth_red_sandstone":16,"minecraft:oak_stairs":239,"minecraft:piston_head":5,"minecraft:player_wall_head":37,"minecraft:polished_andesite_stairs":930,"minecraft:green_concrete_powder":52,"minecraft:glass":1144,"minecraft:smooth_sandstone_slab":40,"minecraft:polished_diorite_stairs":51,"minecraft:lilac":26,"minecraft:lime_concrete":1999,"minecraft:prismarine_brick_stairs":20,"minecraft:oak_fence_gate":50,"minecraft:loom":80,"minecraft:purple_concrete_powder":9,"minecraft:stripped_birch_wood":398,"minecraft:blue_shulker_box":30,"minecraft:piston":73,"minecraft:yellow_terracotta":200,"minecraft:light_blue_stained_glass_pane":49,"minecraft:stripped_birch_log":1080,"minecraft:jack_o_lantern":3,"minecraft:shulker_box":4034,"minecraft:nether_bricks":1081,"minecraft:allium":1,"minecraft:orange_shulker_box":173,"minecraft:red_sandstone_stairs":75,"minecraft:kelp":368,"minecraft:horn_coral_wall_fan":51,"minecraft:pink_wool":15,"minecraft:black_stained_glass_pane":896,"minecraft:snow":462,"minecraft:diamond_block":194,"minecraft:bamboo_sapling":1,"minecraft:gray_concrete":34942,"minecraft:brown_carpet":78,"minecraft:spruce_button":1,"minecraft:cyan_concrete_powder":7,"minecraft:dropper":62,"minecraft:smooth_red_sandstone_slab":7,"minecraft:dried_kelp_block":3,"minecraft:mycelium":7532,"minecraft:acacia_door":11,"minecraft:acacia_planks":4,"minecraft:spruce_fence_gate":25,"minecraft:black_shulker_box":345,"minecraft:attached_melon_stem":1,"minecraft:cobblestone_stairs":60,"minecraft:potted_blue_orchid":5,"minecraft:potted_cactus":8,"minecraft:gray_banner":5,"minecraft:blue_concrete":3729,"minecraft:potted_birch_sapling":2,"minecraft:glowstone":172,"minecraft:red_nether_brick_stairs":19,"minecraft:azure_bluet":111,"minecraft:dark_oak_stairs":643,"minecraft:end_stone_bricks":186,"minecraft:polished_granite_stairs":4,"minecraft:cyan_terracotta":1791,"minecraft:soul_lantern":20,"minecraft:chiseled_quartz_block":190,"minecraft:poppy":282,"minecraft:cobblestone":6924,"minecraft:birch_wood":25,"minecraft:magenta_shulker_box":18,"minecraft:acacia_sapling":3,"minecraft:brown_concrete_powder":65,"minecraft:lapis_block":2,"minecraft:birch_trapdoor":184,"minecraft:brown_wall_banner":8,"minecraft:light_gray_wool":1691,"minecraft:stripped_oak_wood":3323,"minecraft:diorite_wall":90,"minecraft:acacia_fence":3,"minecraft:netherrack":5345,"minecraft:redstone_lamp":12,"minecraft:diamond_ore":8374,"minecraft:brick_stairs":191,"minecraft:sandstone":11422,"minecraft:diorite_slab":4,"minecraft:potted_dark_oak_sapling":2,"minecraft:black_glazed_terracotta":45,"minecraft:dark_oak_fence_gate":41,"minecraft:black_concrete":2018,"minecraft:bell":9,"minecraft:redstone_wall_torch":111,"minecraft:podzol":262,"minecraft:light_blue_shulker_box":11,"minecraft:crafting_table":102,"minecraft:oak_wood":1046,"minecraft:rose_bush":26,"minecraft:lily_pad":6,"minecraft:spruce_stairs":377,"minecraft:gray_wool":1267,"minecraft:lime_bed":11,"minecraft:cactus":127,"minecraft:gray_concrete_powder":74,"minecraft:acacia_fence_gate":9,"minecraft:beehive":3,"minecraft:sweet_berry_bush":35,"minecraft:gray_bed":7,"minecraft:coal_ore":10723,"minecraft:gray_carpet":404,"minecraft:terracotta":277,"minecraft:crimson_wall_sign":1,"minecraft:polished_andesite":2484,"minecraft:acacia_wall_sign":2,"minecraft:warped_slab":12},"minecraft:crafted":{"minecraft:green_banner":35,"minecraft:yellow_wool":131,"minecraft:melon":12579,"minecraft:birch_boat":1,"minecraft:chain":127,"minecraft:blue_stained_glass_pane":32,"minecraft:cut_red_sandstone_slab":2,"minecraft:diorite_stairs":20,"minecraft:diamond_shovel":24,"minecraft:shulker_box":408,"minecraft:light_blue_concrete_powder":1920,"minecraft:cyan_banner":10,"minecraft:black_wool":286,"minecraft:gray_stained_glass":15760,"minecraft:lime_concrete_powder":1568,"minecraft:warped_stairs":84,"minecraft:blue_stained_glass":24,"minecraft:redstone_lamp":91,"minecraft:polished_andesite_stairs":1756,"minecraft:acacia_slab":960,"minecraft:smooth_red_sandstone_stairs":95,"minecraft:nether_brick_fence":510,"minecraft:sticky_piston":50,"minecraft:fletching_table":2,"minecraft:red_nether_bricks":497,"minecraft:green_stained_glass":336,"minecraft:painting":148,"minecraft:cartography_table":6,"minecraft:stone_brick_stairs":1880,"minecraft:stone_slab":8066,"minecraft:red_nether_brick_stairs":72,"minecraft:netherite_ingot":11,"minecraft:polished_blackstone_bricks":64,"minecraft:orange_shulker_box":41,"minecraft:crimson_trapdoor":8,"minecraft:red_banner":37,"minecraft:light_gray_wool":5119,"minecraft:polished_blackstone_pressure_plate":4,"minecraft:spruce_fence":4260,"minecraft:spruce_stairs":1444,"minecraft:crimson_slab":12,"minecraft:acacia_trapdoor":1820,"minecraft:light_blue_wool":279,"minecraft:acacia_stairs":112,"minecraft:red_carpet":156,"minecraft:enchanted_book":4658,"minecraft:orange_dye":323,"minecraft:magenta_glazed_terracotta":12,"minecraft:red_stained_glass":176,"minecraft:warped_sign":6,"minecraft:gunpowder":8,"minecraft:birch_trapdoor":2738,"minecraft:writable_book":22,"minecraft:iron_shovel":2,"minecraft:armor_stand":50,"minecraft:prismarine_wall":108,"minecraft:barrel":486,"minecraft:polished_granite_slab":36,"minecraft:quartz_bricks":1564,"minecraft:cooked_chicken":7165,"minecraft:snow":1674,"minecraft:cake":129,"minecraft:chest":2307,"minecraft:netherite_helmet":1,"minecraft:oak_button":191,"minecraft:jungle_stairs":52,"minecraft:blue_concrete_powder":3584,"minecraft:stone_bricks":13156,"minecraft:golden_boots":1,"minecraft:white_banner":604,"minecraft:cauldron":239,"minecraft:lime_terracotta":14,"minecraft:brown_dye":449,"minecraft:birch_pressure_plate":2,"minecraft:chiseled_polished_blackstone":378,"minecraft:acacia_button":78,"minecraft:white_stained_glass_pane":982,"minecraft:warped_door":3,"minecraft:dispenser":77,"minecraft:apple":3004,"minecraft:purple_dye":20,"minecraft:yellow_dye":625,"minecraft:stick":32002,"minecraft:black_bed":1,"minecraft:red_nether_brick_wall":216,"minecraft:cyan_carpet":69,"minecraft:dark_oak_fence_gate":259,"minecraft:stone_brick_wall":378,"minecraft:fishing_rod":5,"minecraft:netherite_sword":1,"minecraft:spruce_button":18,"minecraft:mossy_stone_bricks":96,"minecraft:blast_furnace":23,"minecraft:piston":863,"minecraft:oak_trapdoor":1988,"minecraft:scaffolding":870,"minecraft:netherite_chestplate":1,"minecraft:granite_wall":36,"minecraft:white_concrete_powder":31704,"minecraft:polished_granite_stairs":60,"minecraft:cobblestone_wall":1440,"minecraft:smooth_quartz_slab":5282,"minecraft:red_sandstone_stairs":156,"minecraft:blackstone_stairs":176,"minecraft:glistering_melon_slice":1974,"minecraft:smooth_sandstone_stairs":536,"minecraft:light_blue_stained_glass_pane":144,"minecraft:iron_trapdoor":3327,"minecraft:iron_sword":15,"minecraft:black_banner":159,"minecraft:acacia_boat":13,"minecraft:brown_concrete_powder":1328,"minecraft:black_carpet":462,"minecraft:stonecutter":65,"minecraft:pink_banner":13,"minecraft:prismarine_stairs":120,"minecraft:diorite_slab":414,"minecraft:torch":10459,"minecraft:magenta_carpet":30,"minecraft:diamond_chestplate":11,"minecraft:ender_chest":8,"minecraft:jungle_button":16,"minecraft:light_gray_concrete_powder":6192,"minecraft:smooth_stone":43,"minecraft:dark_oak_pressure_plate":15,"minecraft:purple_bed":7,"minecraft:orange_carpet":97,"minecraft:pink_bed":1,"minecraft:oak_pressure_plate":7,"minecraft:slime_block":237,"minecraft:polished_blackstone_slab":754,"minecraft:lever":513,"minecraft:bookshelf":8489,"minecraft:red_sandstone_wall":168,"minecraft:magenta_shulker_box":8,"minecraft:quartz_block":35374,"minecraft:glass":17796,"minecraft:light_blue_terracotta":192,"minecraft:netherite_boots":1,"minecraft:birch_fence_gate":200,"minecraft:acacia_fence":93,"minecraft:birch_door":207,"minecraft:chiseled_quartz_block":113,"minecraft:gray_bed":13,"minecraft:glass_bottle":213,"minecraft:smooth_quartz":136,"minecraft:cooked_porkchop":7613,"minecraft:diamond_axe":8,"minecraft:spruce_door":9,"minecraft:oak_wood":8189,"minecraft:light_gray_bed":2,"minecraft:lime_shulker_box":22,"minecraft:lime_bed":1,"minecraft:compass":60,"minecraft:light_blue_bed":4,"minecraft:white_terracotta":74,"minecraft:gold_ingot":12222,"minecraft:light_gray_dye":4286,"minecraft:birch_stairs":516,"minecraft:packed_ice":35,"minecraft:leather_leggings":51,"minecraft:player_head":342,"minecraft:yellow_bed":7,"minecraft:andesite_wall":2442,"minecraft:white_carpet":2802,"minecraft:orange_wool":8,"minecraft:warped_trapdoor":196,"minecraft:netherite_axe":1,"minecraft:dark_oak_fence":1161,"minecraft:spruce_slab":4558,"minecraft:blue_banner":10,"minecraft:ender_pearl":2,"minecraft:diamond_boots":13,"minecraft:redstone_block":819,"minecraft:dark_oak_planks":20254,"minecraft:wheat":1539,"minecraft:coal_block":657,"minecraft:daylight_detector":133,"minecraft:cyan_glazed_terracotta":24,"minecraft:netherite_pickaxe":4,"minecraft:red_sandstone_slab":114,"minecraft:red_bed":32,"minecraft:sandstone_slab":186,"minecraft:glowstone":2,"minecraft:jungle_slab":168,"minecraft:sandstone_wall":708,"minecraft:golden_apple":659,"minecraft:andesite_slab":6421,"minecraft:oak_stairs":364,"minecraft:blue_carpet":126,"minecraft:pink_shulker_box":8,"minecraft:mossy_stone_brick_slab":60,"minecraft:spruce_pressure_plate":124,"minecraft:suspicious_stew":58,"minecraft:dark_oak_door":93,"minecraft:iron_boots":1,"minecraft:written_book":17,"minecraft:blackstone_wall":156,"minecraft:yellow_banner":14,"minecraft:smoker":17,"minecraft:acacia_wood":2981,"minecraft:spruce_planks":24619,"minecraft:brown_stained_glass_pane":32,"minecraft:light_gray_banner":120,"minecraft:hopper_minecart":25,"minecraft:pumpkin_seeds":56,"minecraft:brown_glazed_terracotta":12,"minecraft:dark_oak_slab":2532,"minecraft:paper":172945,"minecraft:book":313,"minecraft:diamond_pickaxe":26,"minecraft:emerald_block":1918,"minecraft:birch_fence":441,"minecraft:light_weighted_pressure_plate":1,"minecraft:light_blue_dye":642,"minecraft:leather_chestplate":89,"minecraft:green_shulker_box":24,"minecraft:redstone_torch":1426,"minecraft:light_gray_carpet":2490,"minecraft:light_gray_stained_glass_pane":2064,"minecraft:coarse_dirt":16460,"minecraft:wooden_sword":2,"minecraft:cookie":5734,"minecraft:redstone":5158,"minecraft:coal":135,"minecraft:light_gray_stained_glass":4320,"minecraft:dark_oak_trapdoor":3210,"minecraft:jungle_trapdoor":154,"minecraft:gray_dye":5820,"minecraft:dark_oak_sign":105,"minecraft:end_stone_bricks":2556,"minecraft:yellow_shulker_box":30,"minecraft:green_concrete_powder":616,"minecraft:iron_axe":8,"minecraft:lime_dye":288,"minecraft:filled_map":49,"minecraft:orange_banner":37,"minecraft:blue_glazed_terracotta":12,"minecraft:minecart":111,"minecraft:cooked_beef":57,"minecraft:sugar":2088,"minecraft:red_dye":1552,"minecraft:bone_block":76,"minecraft:spruce_sign":9,"minecraft:pink_concrete_powder":128,"minecraft:powered_rail":1266,"minecraft:activator_rail":18,"minecraft:yellow_carpet":660,"minecraft:bucket":107,"minecraft:brown_terracotta":88,"minecraft:air":0,"minecraft:bread":2883,"minecraft:black_stained_glass":7128,"minecraft:blue_dye":961,"minecraft:oak_boat":11,"minecraft:smooth_sandstone_slab":768,"minecraft:white_wool":19989,"minecraft:gold_nugget":2721,"minecraft:brown_wool":179,"minecraft:dark_prismarine_slab":2035,"minecraft:green_wool":34,"minecraft:pumpkin_pie":2344,"minecraft:purple_concrete_powder":16,"minecraft:blackstone_slab":78,"minecraft:lapis_lazuli":378,"minecraft:firework_rocket":86433,"minecraft:lime_stained_glass":2008,"minecraft:black_dye":5852,"minecraft:oak_sign":1972,"minecraft:blaze_powder":40,"minecraft:gray_wool":1635,"minecraft:diamond_helmet":14,"minecraft:white_glazed_terracotta":12,"minecraft:beacon":8,"minecraft:stone_pressure_plate":176,"minecraft:iron_door":66,"minecraft:dried_kelp_block":10752,"minecraft:gray_stained_glass_pane":1264,"minecraft:name_tag":11,"minecraft:white_shulker_box":35,"minecraft:chest_minecart":2,"minecraft:lime_banner":18,"minecraft:smithing_table":11,"minecraft:mossy_cobblestone":96,"minecraft:brown_bed":17,"minecraft:lectern":73,"minecraft:iron_pickaxe":6,"minecraft:acacia_door":81,"minecraft:sandstone":1060,"minecraft:composter":311,"minecraft:cyan_wool":4,"minecraft:jungle_sign":6,"minecraft:golden_carrot":28492,"minecraft:magenta_wool":6,"minecraft:jukebox":11,"minecraft:iron_nugget":449,"minecraft:experience_bottle":12,"minecraft:diamond_hoe":4,"minecraft:brick_stairs":896,"minecraft:acacia_fence_gate":39,"minecraft:blue_shulker_box":13,"minecraft:prismarine_brick_stairs":64,"minecraft:lime_stained_glass_pane":480,"minecraft:stone_stairs":972,"minecraft:lantern":1271,"minecraft:light_gray_shulker_box":39,"minecraft:polished_diorite":1284,"minecraft:black_concrete_powder":2832,"minecraft:stripped_birch_wood":378,"minecraft:red_shulker_box":63,"minecraft:stone_pickaxe":1,"minecraft:quartz_slab":12156,"minecraft:spruce_boat":2,"minecraft:purple_carpet":30,"minecraft:prismarine_slab":84,"minecraft:brick_slab":1596,"minecraft:light_gray_terracotta":524,"minecraft:purpur_slab":180,"minecraft:enchanting_table":1,"minecraft:cyan_bed":6,"minecraft:yellow_stained_glass_pane":64,"minecraft:leather_helmet":15,"minecraft:polished_blackstone_stairs":247,"minecraft:dark_oak_button":187,"minecraft:light_blue_carpet":60,"minecraft:crimson_stairs":136,"minecraft:oak_fence_gate":137,"minecraft:fermented_spider_eye":58,"minecraft:black_stained_glass_pane":2520,"minecraft:note_block":45,"minecraft:pink_terracotta":48,"minecraft:grindstone":26,"minecraft:cobblestone_slab":1132,"minecraft:birch_wood":204,"minecraft:magenta_banner":7,"minecraft:crimson_sign":6,"minecraft:stone":448,"minecraft:red_sandstone":1164,"minecraft:pink_carpet":36,"minecraft:heavy_weighted_pressure_plate":105,"minecraft:quartz_pillar":12417,"minecraft:warped_planks":1052,"minecraft:brown_carpet":1437,"minecraft:polished_blackstone_button":6,"minecraft:stone_brick_slab":3072,"minecraft:brown_stained_glass":344,"minecraft:orange_stained_glass_pane":48,"minecraft:bow":135,"minecraft:comparator":69,"minecraft:polished_basalt":152,"minecraft:yellow_terracotta":416,"minecraft:rail":1824,"minecraft:bricks":16731,"minecraft:birch_button":38,"minecraft:red_nether_brick_slab":114,"minecraft:ender_eye":8,"minecraft:oak_fence":4788,"minecraft:polished_diorite_slab":30,"minecraft:granite_stairs":256,"minecraft:dropper":696,"minecraft:iron_helmet":2,"minecraft:red_wool":434,"minecraft:creeper_banner_pattern":1,"minecraft:prismarine_brick_slab":138,"minecraft:spruce_trapdoor":1704,"minecraft:pink_wool":41,"minecraft:warped_fence_gate":1,"minecraft:gray_terracotta":49,"minecraft:iron_ingot":19117,"minecraft:andesite_stairs":264,"minecraft:light_blue_shulker_box":18,"minecraft:lime_carpet":1194,"minecraft:polished_diorite_stairs":20,"minecraft:blue_terracotta":68,"minecraft:orange_glazed_terracotta":12,"minecraft:oak_door":96,"minecraft:nether_brick_slab":1458,"minecraft:tripwire_hook":216,"minecraft:leather_boots":45,"minecraft:furnace":377,"minecraft:crimson_button":4,"minecraft:polished_andesite_slab":324,"minecraft:smooth_quartz_stairs":2600,"minecraft:flint_and_steel":3,"minecraft:orange_terracotta":12,"minecraft:brown_shulker_box":35,"minecraft:purpur_block":8,"minecraft:birch_sign":66,"minecraft:purple_terracotta":54,"minecraft:jungle_wood":78,"minecraft:stripped_spruce_wood":3,"minecraft:polished_blackstone_wall":142,"minecraft:purple_shulker_box":9,"minecraft:diorite_wall":174,"minecraft:cooked_salmon":60,"minecraft:jungle_planks":2212,"minecraft:jungle_door":6,"minecraft:white_dye":26049,"minecraft:netherite_shovel":1,"minecraft:blue_wool":7,"minecraft:crimson_door":3,"minecraft:anvil":1478,"minecraft:andesite":12838,"minecraft:cut_red_sandstone":28,"minecraft:orange_bed":4,"minecraft:granite_slab":84,"minecraft:jungle_fence_gate":2,"minecraft:cut_sandstone_slab":246,"minecraft:cut_sandstone":1100,"minecraft:orange_stained_glass":48,"minecraft:dark_oak_wood":1764,"minecraft:birch_slab":2940,"minecraft:loom":431,"minecraft:lime_glazed_terracotta":4,"minecraft:dark_prismarine_stairs":468,"minecraft:iron_bars":12352,"minecraft:red_concrete_powder":2000,"minecraft:repeater":366,"minecraft:diamond_leggings":5,"minecraft:cyan_stained_glass_pane":64,"minecraft:melon_seeds":298,"minecraft:polished_blackstone":1832,"minecraft:stripped_dark_oak_wood":42,"minecraft:magenta_dye":160,"minecraft:flower_pot":330,"minecraft:emerald":106793,"minecraft:clock":11,"minecraft:hay_block":374,"minecraft:campfire":82,"minecraft:brown_banner":16,"minecraft:green_terracotta":168,"minecraft:iron_block":12634,"minecraft:elytra":1,"minecraft:spruce_fence_gate":53,"minecraft:yellow_concrete_powder":2712,"minecraft:rabbit_stew":72,"minecraft:stone_shovel":1,"minecraft:smooth_stone_slab":6890,"minecraft:crimson_fence_gate":11,"minecraft:mossy_cobblestone_stairs":28,"minecraft:smooth_red_sandstone_slab":156,"minecraft:red_terracotta":3031,"minecraft:bone_meal":49055,"minecraft:cyan_stained_glass":48,"minecraft:pink_dye":84,"minecraft:diamond":7677,"minecraft:detector_rail":6,"minecraft:ladder":924,"minecraft:jungle_fence":6,"minecraft:golden_helmet":24,"minecraft:crossbow":2,"minecraft:dried_kelp":4733,"minecraft:gray_concrete_powder":31432,"minecraft:polished_granite":1852,"minecraft:white_stained_glass":2968,"minecraft:green_stained_glass_pane":160,"minecraft:mossy_stone_brick_stairs":16,"minecraft:acacia_sign":81,"minecraft:gray_shulker_box":61,"minecraft:cyan_shulker_box":35,"minecraft:crimson_fence":102,"minecraft:iron_leggings":2,"minecraft:white_bed":83,"minecraft:lime_wool":266,"minecraft:light_gray_glazed_terracotta":14,"minecraft:nether_brick_stairs":248,"minecraft:brick":68314,"minecraft:oak_planks":46908,"minecraft:dark_oak_boat":3,"minecraft:cobblestone_stairs":396,"minecraft:light_blue_banner":106,"minecraft:purpur_stairs":12,"minecraft:hopper":941,"minecraft:cyan_terracotta":11386,"minecraft:mossy_cobblestone_slab":78,"minecraft:chiseled_stone_bricks":2160,"minecraft:smooth_red_sandstone":30,"minecraft:quartz_stairs":5184,"minecraft:oak_slab":4092,"minecraft:item_frame":591,"minecraft:map":50,"minecraft:crafting_table":90,"minecraft:wooden_pickaxe":1,"minecraft:gold_block":174,"minecraft:mojang_banner_pattern":1,"minecraft:birch_planks":29144,"minecraft:brewing_stand":14,"minecraft:black_shulker_box":14,"minecraft:iron_chestplate":1,"minecraft:shield":6,"minecraft:warped_slab":366,"minecraft:netherite_hoe":1,"minecraft:stone_sword":1,"minecraft:polished_blackstone_brick_stairs":20,"minecraft:gray_carpet":6952,"minecraft:sponge":35,"minecraft:shears":206,"minecraft:green_carpet":390,"minecraft:sandstone_stairs":572,"minecraft:polished_andesite":18322,"minecraft:gray_glazed_terracotta":24,"minecraft:stone_button":1849,"minecraft:diamond_block":1316,"minecraft:glass_pane":1306,"minecraft:warped_fence":36,"minecraft:netherite_leggings":1,"minecraft:black_terracotta":208,"minecraft:spruce_wood":4615,"minecraft:iron_hoe":1,"minecraft:orange_concrete_powder":912,"minecraft:warped_button":7,"minecraft:gray_banner":104,"minecraft:netherite_scrap":9,"minecraft:observer":326,"minecraft:cooked_cod":71,"minecraft:cyan_concrete_powder":272,"minecraft:magenta_bed":1,"minecraft:crimson_planks":660,"minecraft:diamond_sword":13,"minecraft:cyan_dye":342,"minecraft:dark_oak_stairs":1232,"minecraft:nether_bricks":36,"minecraft:stripped_oak_wood":297,"minecraft:stone_axe":1,"minecraft:acacia_planks":9440,"minecraft:lapis_block":119}},"DataVersion":2584}