{"stats":{"minecraft:killed":{"minecraft:cod":33,"minecraft:guardian":32503,"minecraft:tropical_fish":75,"minecraft:elder_guardian":6,"minecraft:salmon":7,"minecraft:iron_golem":27,"minecraft:pillager":33729,"minecraft:zombie":881,"minecraft:evoker":6021,"minecraft:vindicator":27068,"minecraft:endermite":59,"minecraft:snow_golem":1,"minecraft:husk":50,"minecraft:rabbit":7,"minecraft:ravager":3,"minecraft:zombified_piglin":68,"minecraft:witch":7428,"minecraft:spider":213,"minecraft:wither":164,"minecraft:silverfish":19,"minecraft:piglin":85,"minecraft:zombie_villager":15,"minecraft:sheep":25,"minecraft:trader_llama":4,"minecraft:ghast":100,"minecraft:vex":17,"minecraft:slime":585,"minecraft:drowned":633,"minecraft:hoglin":7,"minecraft:squid":270,"minecraft:wither_skeleton":29731,"minecraft:villager":13,"minecraft:cave_spider":1,"minecraft:dolphin":1,"minecraft:shulker":353,"minecraft:pufferfish":63,"minecraft:skeleton":12165,"minecraft:chicken":18,"minecraft:cat":1,"minecraft:magma_cube":339,"minecraft:cow":67,"minecraft:wandering_trader":1,"minecraft:enderman":25616,"minecraft:pig":1,"minecraft:creeper":332,"minecraft:stray":10,"minecraft:blaze":1069,"minecraft:phantom":57,"minecraft:bat":25},"minecraft:killed_by":{"minecraft:ravager":9,"minecraft:zombie":2,"minecraft:wither":1,"minecraft:skeleton":1,"minecraft:vindicator":1,"minecraft:vex":16,"minecraft:guardian":1,"minecraft:creeper":1,"minecraft:piglin":1,"minecraft:player":114,"minecraft:spider":1},"minecraft:broken":{"minecraft:shears":22,"minecraft:diamond_pickaxe":4,"minecraft:fishing_rod":2,"minecraft:iron_hoe":10,"minecraft:leather_helmet":2,"minecraft:iron_pickaxe":20,"minecraft:iron_shovel":99,"minecraft:netherite_pickaxe":1,"minecraft:leather_leggings":3,"minecraft:stone_shovel":1,"minecraft:iron_sword":1,"minecraft:stone_sword":1,"minecraft:iron_axe":1,"minecraft:golden_shovel":16,"minecraft:flint_and_steel":2,"minecraft:leather_chestplate":2,"minecraft:leather_boots":2},"minecraft:custom":{"minecraft:interact_with_crafting_table":5566,"minecraft:damage_blocked_by_shield":1620,"minecraft:deaths":181,"minecraft:jump":309763,"minecraft:play_record":15,"minecraft:interact_with_cartography_table":9,"minecraft:interact_with_smoker":7,"minecraft:inspect_dispenser":1306,"minecraft:horse_one_cm":37184,"minecraft:inspect_dropper":1257,"minecraft:interact_with_anvil":457,"minecraft:inspect_hopper":2945,"minecraft:tune_noteblock":775,"minecraft:time_since_rest":30964,"minecraft:swim_one_cm":10370526,"minecraft:open_chest":53264,"minecraft:open_shulker_box":50451,"minecraft:damage_resisted":29271,"minecraft:play_noteblock":136,"minecraft:talked_to_villager":11678,"minecraft:interact_with_brewingstand":370,"minecraft:interact_with_beacon":171,"minecraft:fill_cauldron":3,"minecraft:interact_with_campfire":1,"minecraft:raid_win":255,"minecraft:boat_one_cm":6334159,"minecraft:damage_taken":692018,"minecraft:aviate_one_cm":826899279,"minecraft:open_barrel":4215,"minecraft:bell_ring":6,"minecraft:leave_game":1821,"minecraft:eat_cake_slice":8,"minecraft:time_since_death":202626,"minecraft:enchant_item":136,"minecraft:interact_with_furnace":3241,"minecraft:traded_with_villager":131500,"minecraft:sleep_in_bed":1427,"minecraft:damage_dealt":2380375,"minecraft:use_cauldron":2,"minecraft:interact_with_smithing_table":30,"minecraft:target_hit":79,"minecraft:sneak_time":9249548,"minecraft:interact_with_lectern":320,"minecraft:interact_with_blast_furnace":28,"minecraft:interact_with_stonecutter":126,"minecraft:fly_one_cm":65421771,"minecraft:fish_caught":24,"minecraft:fall_one_cm":7430487,"minecraft:animals_bred":869,"minecraft:sprint_one_cm":120945570,"minecraft:drop":8231,"minecraft:walk_on_water_one_cm":43931080,"minecraft:play_one_minute":112839624,"minecraft:interact_with_loom":36,"minecraft:open_enderchest":4031,"minecraft:player_kills":65,"minecraft:crouch_one_cm":32676952,"minecraft:mob_kills":181338,"minecraft:climb_one_cm":6747838,"minecraft:walk_one_cm":216393949,"minecraft:clean_shulker_box":3,"minecraft:strider_one_cm":115697,"minecraft:walk_under_water_one_cm":101329394,"minecraft:raid_trigger":1268,"minecraft:pot_flower":39,"minecraft:interact_with_grindstone":27,"minecraft:damage_absorbed":1562,"minecraft:minecart_one_cm":1754562},"minecraft:picked_up":{"minecraft:suspicious_stew":6,"minecraft:stone_slab":1210,"minecraft:smithing_table":56,"minecraft:lead":133,"minecraft:enchanted_book":6,"minecraft:blue_concrete":65,"minecraft:music_disc_cat":14,"minecraft:polished_blackstone_brick_stairs":24,"minecraft:string":1132,"minecraft:pufferfish":135,"minecraft:shroomlight":204,"minecraft:diamond_leggings":18,"minecraft:horn_coral_block":65,"minecraft:warped_slab":50,"minecraft:crimson_sign":3,"minecraft:diamond_ore":123,"minecraft:spruce_pressure_plate":1,"minecraft:polished_blackstone_brick_slab":8,"minecraft:polished_blackstone_stairs":270,"minecraft:jukebox":7,"minecraft:cyan_stained_glass":693,"minecraft:acacia_log":303,"minecraft:purpur_pillar":630,"minecraft:honeycomb_block":2,"minecraft:end_crystal":2,"minecraft:gray_shulker_box":1,"minecraft:green_terracotta":5,"minecraft:golden_chestplate":28,"minecraft:cyan_stained_glass_pane":420,"minecraft:cauldron":29,"minecraft:brown_carpet":113,"minecraft:yellow_banner":1,"minecraft:stone_sword":54,"minecraft:lime_carpet":13,"minecraft:honey_bottle":2,"minecraft:horn_coral_fan":1,"minecraft:blue_glazed_terracotta":111,"minecraft:blackstone_wall":4,"minecraft:polished_basalt":29,"minecraft:red_tulip":2673,"minecraft:carved_pumpkin":87,"minecraft:glowstone":320,"minecraft:bookshelf":61,"minecraft:end_rod":441,"minecraft:white_terracotta":1637,"minecraft:blaze_rod":560,"minecraft:iron_bars":486,"minecraft:snowball":20246,"minecraft:sponge":2406,"minecraft:feather":41,"minecraft:cooked_beef":256,"minecraft:water_bucket":38,"minecraft:dark_oak_boat":3,"minecraft:brown_wool":66,"minecraft:flint":2238,"minecraft:purple_stained_glass":564,"minecraft:cyan_concrete_powder":17,"minecraft:pink_concrete_powder":31,"minecraft:lantern":140,"minecraft:gray_concrete_powder":44,"minecraft:purple_carpet":3,"minecraft:warped_hyphae":35,"minecraft:stonecutter":28,"minecraft:dark_oak_sign":6,"minecraft:rabbit":12,"minecraft:diamond_helmet":16,"minecraft:chiseled_polished_blackstone":22,"minecraft:lime_terracotta":10,"minecraft:birch_fence_gate":72,"minecraft:stripped_spruce_log":31,"minecraft:brown_mushroom_block":502,"minecraft:acacia_stairs":14,"minecraft:iron_hoe":1,"minecraft:polished_andesite":1923,"minecraft:lever":1063,"minecraft:granite":16773,"minecraft:spruce_button":5,"minecraft:golden_horse_armor":6,"minecraft:cyan_dye":192,"minecraft:blue_banner":3,"minecraft:jack_o_lantern":2,"minecraft:light_gray_carpet":789,"minecraft:crimson_roots":169,"minecraft:diamond_pickaxe":148,"minecraft:bee_nest":1,"minecraft:stripped_warped_hyphae":149,"minecraft:clay_ball":96,"minecraft:leather_leggings":17,"minecraft:redstone_lamp":237,"minecraft:dragon_head":8,"minecraft:acacia_button":1,"minecraft:purpur_block":403,"minecraft:heavy_weighted_pressure_plate":8,"minecraft:cornflower":10812,"minecraft:elytra":54,"minecraft:flint_and_steel":10,"minecraft:white_carpet":33,"minecraft:white_stained_glass":1291,"minecraft:iron_shovel":2,"minecraft:polished_blackstone_wall":207,"minecraft:glass_pane":79,"minecraft:brown_stained_glass_pane":23,"minecraft:netherite_sword":24,"minecraft:jungle_sapling":3,"minecraft:poppy":255,"minecraft:spruce_slab":299,"minecraft:minecart":298,"minecraft:birch_sapling":115,"minecraft:piston":2696,"minecraft:diamond_hoe":5,"minecraft:lime_shulker_box":14,"minecraft:black_stained_glass":36,"minecraft:stone":78889,"minecraft:fire_charge":3,"minecraft:white_dye":56,"minecraft:netherite_pickaxe":46,"minecraft:cyan_shulker_box":25,"minecraft:red_nether_brick_wall":2,"minecraft:jungle_sign":1,"minecraft:stone_shovel":10,"minecraft:diamond_chestplate":4,"minecraft:purpur_slab":106,"minecraft:hay_block":6,"minecraft:yellow_terracotta":4648,"minecraft:totem_of_undying":280,"minecraft:polished_blackstone":563,"minecraft:mutton":82,"minecraft:rail":3426,"minecraft:bone_block":311,"minecraft:oxeye_daisy":152,"minecraft:lime_bed":9,"minecraft:birch_leaves":104,"minecraft:yellow_shulker_box":217,"minecraft:clock":4,"minecraft:tripwire_hook":48,"minecraft:blackstone_slab":2,"minecraft:fern":4,"minecraft:jungle_fence":8,"minecraft:purpur_stairs":107,"minecraft:lily_pad":3,"minecraft:diorite_stairs":1,"minecraft:paper":1191,"minecraft:apple":64,"minecraft:warped_stem":106,"minecraft:yellow_stained_glass":391,"minecraft:oak_fence_gate":232,"minecraft:stone_pickaxe":7,"minecraft:iron_ore":3874,"minecraft:magenta_stained_glass":7,"minecraft:gray_bed":20,"minecraft:dark_oak_stairs":415,"minecraft:polished_andesite_stairs":12,"minecraft:milk_bucket":12,"minecraft:light_gray_stained_glass":208,"minecraft:sweet_berries":31,"minecraft:red_wool":254,"minecraft:lime_concrete":2511,"minecraft:crimson_stairs":15,"minecraft:light_blue_stained_glass":6033,"minecraft:crying_obsidian":29,"minecraft:leather_helmet":11,"minecraft:oak_wood":15,"minecraft:diamond_shovel":28,"minecraft:coal_ore":2497,"minecraft:slime_ball":1201,"minecraft:painting":161,"minecraft:birch_sign":243,"minecraft:red_nether_brick_slab":316,"minecraft:smooth_quartz_slab":1890,"minecraft:hopper":848,"minecraft:black_carpet":14,"minecraft:light_blue_concrete":4065,"minecraft:ender_chest":369,"minecraft:nether_brick_fence":92,"minecraft:yellow_wool":24,"minecraft:gilded_blackstone":27,"minecraft:stone_brick_stairs":48,"minecraft:warped_stairs":14,"minecraft:lapis_block":5,"minecraft:experience_bottle":71,"minecraft:red_sand":281,"minecraft:bucket":78,"minecraft:smooth_stone":12289,"minecraft:comparator":291,"minecraft:light_weighted_pressure_plate":61,"minecraft:white_tulip":92,"minecraft:red_dye":88,"minecraft:rose_bush":8,"minecraft:cobblestone_slab":363,"minecraft:ender_eye":8,"minecraft:smooth_quartz":3410,"minecraft:iron_pickaxe":7,"minecraft:smooth_quartz_stairs":869,"minecraft:blue_wool":14,"minecraft:tipped_arrow":6,"minecraft:birch_trapdoor":89,"minecraft:spruce_stairs":155,"minecraft:netherite_shovel":21,"minecraft:diorite":16587,"minecraft:vine":48,"minecraft:rotten_flesh":2228,"minecraft:red_sandstone_slab":9,"minecraft:brown_shulker_box":128,"minecraft:chorus_flower":3480,"minecraft:obsidian":6396,"minecraft:music_disc_wait":1,"minecraft:blaze_powder":5,"minecraft:cobblestone":163658,"minecraft:enchanting_table":3,"minecraft:leather_chestplate":10,"minecraft:lilac":9,"minecraft:repeater":559,"minecraft:andesite":16265,"minecraft:orange_carpet":6,"minecraft:black_bed":63,"minecraft:golden_leggings":20,"minecraft:beacon":219,"minecraft:potato":1794,"minecraft:smooth_sandstone_stairs":21,"minecraft:prismarine_bricks":7962,"minecraft:dirt":77874,"minecraft:cut_sandstone_slab":22,"minecraft:name_tag":24,"minecraft:glass":4588,"minecraft:bone":5117,"minecraft:acacia_planks":245,"minecraft:bow":460,"minecraft:wheat_seeds":25082,"minecraft:orange_tulip":415,"minecraft:grindstone":20,"minecraft:popped_chorus_fruit":182,"minecraft:netherite_axe":24,"minecraft:mossy_stone_bricks":9,"minecraft:fletching_table":6,"minecraft:bamboo":149,"minecraft:cyan_concrete":264,"minecraft:prismarine":4785,"minecraft:diorite_wall":16,"minecraft:brown_stained_glass":79,"minecraft:gray_stained_glass":838,"minecraft:black_stained_glass_pane":5,"minecraft:light_blue_shulker_box":52,"minecraft:melon":5,"minecraft:nether_brick_stairs":14,"minecraft:grass_block":5696,"minecraft:diamond_block":567,"minecraft:spectral_arrow":70,"minecraft:jungle_slab":12,"minecraft:mossy_cobblestone":118,"minecraft:jungle_leaves":420,"minecraft:light_gray_terracotta":1417,"minecraft:light_blue_terracotta":13,"minecraft:sugar":438,"minecraft:yellow_carpet":2,"minecraft:slime_block":463,"minecraft:netherite_helmet":26,"minecraft:polished_blackstone_pressure_plate":2,"minecraft:soul_lantern":6,"minecraft:yellow_stained_glass_pane":1455,"minecraft:cracked_polished_blackstone_bricks":1408,"minecraft:crossbow":166,"minecraft:bone_meal":4715,"minecraft:grass":20,"minecraft:golden_apple":145,"minecraft:spruce_sign":29,"minecraft:emerald":2500,"minecraft:chorus_fruit":7748,"minecraft:netherrack":44690,"minecraft:andesite_slab":566,"minecraft:oak_leaves":6843,"minecraft:azure_bluet":2287,"minecraft:splash_potion":13,"minecraft:ladder":216,"minecraft:rabbit_stew":1,"minecraft:brown_mushroom":1477,"minecraft:packed_ice":507,"minecraft:pink_wool":1,"minecraft:stone_brick_wall":61,"minecraft:diorite_slab":36,"minecraft:chain":296,"minecraft:brick":64,"minecraft:shield":6,"minecraft:orange_stained_glass":802,"minecraft:oak_trapdoor":273,"minecraft:end_stone_brick_wall":6,"minecraft:mycelium":61246,"minecraft:birch_fence":20,"minecraft:magenta_wool":44,"minecraft:blackstone":1419,"minecraft:blue_orchid":4,"minecraft:lime_wool":12,"minecraft:end_stone":4954,"minecraft:note_block":125,"minecraft:polished_blackstone_bricks":1644,"minecraft:cookie":2,"minecraft:brown_concrete_powder":12,"minecraft:trident":7,"minecraft:light_blue_bed":3,"minecraft:light_gray_stained_glass_pane":197,"minecraft:brown_dye":16,"minecraft:stone_pressure_plate":23,"minecraft:blue_concrete_powder":2,"minecraft:weeping_vines":20,"minecraft:red_shulker_box":408,"minecraft:pumpkin_pie":110,"minecraft:nether_bricks":1846,"minecraft:stripped_dark_oak_wood":117,"minecraft:pink_tulip":339,"minecraft:black_banner":5,"minecraft:brick_stairs":14,"minecraft:nether_brick_wall":11,"minecraft:netherite_boots":18,"minecraft:jungle_boat":11,"minecraft:basalt":3163,"minecraft:golden_carrot":1214,"minecraft:leather":118,"minecraft:ice":76782,"minecraft:granite_stairs":1,"minecraft:crimson_fungus":26,"minecraft:chainmail_chestplate":2,"minecraft:yellow_bed":214,"minecraft:cobblestone_wall":219,"minecraft:gunpowder":1871,"minecraft:orange_terracotta":4533,"minecraft:gray_carpet":363,"minecraft:acacia_trapdoor":6,"minecraft:rabbit_hide":18,"minecraft:spruce_wood":6,"minecraft:iron_ingot":5047,"minecraft:cooked_chicken":52,"minecraft:prismarine_brick_slab":259,"minecraft:polished_andesite_slab":405,"minecraft:pink_bed":12,"minecraft:warped_fungus":37,"minecraft:nether_quartz_ore":681,"minecraft:emerald_block":93,"minecraft:stone_brick_slab":584,"minecraft:quartz":2542,"minecraft:dandelion":84,"minecraft:lava_bucket":2,"minecraft:red_banner":4,"minecraft:nether_brick_slab":603,"minecraft:spruce_door":5,"minecraft:light_blue_concrete_powder":67,"minecraft:pumpkin_seeds":375,"minecraft:white_concrete_powder":337,"minecraft:chainmail_leggings":4,"minecraft:mossy_cobblestone_stairs":16,"minecraft:terracotta":22928,"minecraft:damaged_anvil":13,"minecraft:end_stone_brick_slab":2,"minecraft:sunflower":29,"minecraft:seagrass":69,"minecraft:iron_chestplate":9,"minecraft:chainmail_boots":5,"minecraft:anvil":87,"minecraft:flower_pot":35,"minecraft:prismarine_shard":43798,"minecraft:magenta_carpet":36,"minecraft:diamond_sword":32,"minecraft:oak_stairs":34,"minecraft:wither_rose":1310,"minecraft:birch_button":12,"minecraft:golden_shovel":18,"minecraft:brewing_stand":73,"minecraft:golden_sword":5,"minecraft:dark_oak_trapdoor":694,"minecraft:soul_soil":1671,"minecraft:cooked_salmon":3,"minecraft:blue_stained_glass_pane":48,"minecraft:beetroot":6,"minecraft:orange_concrete_powder":57,"minecraft:gold_nugget":101,"minecraft:spruce_planks":1787,"minecraft:acacia_sign":5,"minecraft:written_book":81,"minecraft:melon_slice":17550,"minecraft:coal_block":8,"minecraft:dark_oak_door":16,"minecraft:golden_helmet":45,"minecraft:beehive":2,"minecraft:composter":44,"minecraft:green_bed":29,"minecraft:pink_carpet":395,"minecraft:sandstone_wall":18,"minecraft:warped_planks":9,"minecraft:rabbit_foot":2,"minecraft:black_dye":62,"minecraft:gray_stained_glass_pane":50,"minecraft:light_gray_bed":6,"minecraft:light_blue_wool":2,"minecraft:tropical_fish":138,"minecraft:blue_dye":1,"minecraft:iron_block":5267,"minecraft:cyan_terracotta":13086,"minecraft:blackstone_stairs":7,"minecraft:birch_log":2218,"minecraft:magma_block":506,"minecraft:polished_diorite_slab":12,"minecraft:birch_slab":2626,"minecraft:iron_door":13,"minecraft:jungle_log":153,"minecraft:green_concrete_powder":152,"minecraft:smoker":2,"minecraft:netherite_leggings":13,"minecraft:gray_concrete":2234,"minecraft:light_gray_concrete_powder":52,"minecraft:twisting_vines":18,"minecraft:chipped_anvil":17,"minecraft:glowstone_dust":616,"minecraft:warped_wart_block":240,"minecraft:dropper":147,"minecraft:ink_sac":1093,"minecraft:crimson_door":2,"minecraft:loom":6,"minecraft:red_terracotta":2948,"minecraft:dark_oak_log":1206,"minecraft:barrel":295,"minecraft:quartz_bricks":3660,"minecraft:dispenser":199,"minecraft:black_concrete_powder":37,"minecraft:green_concrete":139,"minecraft:writable_book":21,"minecraft:polished_granite_slab":3,"minecraft:dead_brain_coral_block":1,"minecraft:blue_ice":4,"minecraft:bread":76,"minecraft:chainmail_helmet":3,"minecraft:dark_oak_fence":119,"minecraft:bricks":77,"minecraft:spruce_leaves":108,"minecraft:lime_stained_glass_pane":219,"minecraft:crafting_table":234,"minecraft:coarse_dirt":12,"minecraft:bubble_coral_fan":3,"minecraft:sandstone_slab":79,"minecraft:purple_wool":5,"minecraft:nether_wart":194,"minecraft:orange_stained_glass_pane":805,"minecraft:conduit":12,"minecraft:crimson_trapdoor":199,"minecraft:dead_horn_coral_block":3,"minecraft:jungle_trapdoor":34,"minecraft:red_bed":16,"minecraft:snow":375,"minecraft:netherite_scrap":3,"minecraft:compass":21,"minecraft:cracked_stone_bricks":14,"minecraft:cartography_table":3,"minecraft:beef":71,"minecraft:cyan_wool":30,"minecraft:iron_nugget":200,"minecraft:quartz_stairs":6074,"minecraft:chest":1146,"minecraft:egg":58,"minecraft:sandstone":27966,"minecraft:oak_door":21,"minecraft:spruce_fence":126,"minecraft:cake":1,"minecraft:carrot":13942,"minecraft:redstone":16347,"minecraft:mushroom_stem":1143,"minecraft:prismarine_crystals":22544,"minecraft:blue_carpet":1,"minecraft:tnt":8464,"minecraft:polished_granite_stairs":2,"minecraft:cooked_cod":401,"minecraft:beetroot_seeds":45,"minecraft:peony":113,"minecraft:tube_coral_fan":2,"minecraft:shears":7,"minecraft:diamond_boots":20,"minecraft:sandstone_stairs":42,"minecraft:gold_ingot":348,"minecraft:white_shulker_box":26,"minecraft:lime_concrete_powder":642,"minecraft:white_wool":134,"minecraft:crimson_slab":46,"minecraft:lapis_ore":91,"minecraft:stripped_oak_log":45,"minecraft:red_mushroom_block":119,"minecraft:red_mushroom":685,"minecraft:filled_map":73,"minecraft:brown_concrete":344,"minecraft:oak_log":3228,"minecraft:ancient_debris":74,"minecraft:jungle_button":2,"minecraft:golden_boots":19,"minecraft:white_banner":806,"minecraft:birch_pressure_plate":1,"minecraft:stone_bricks":1967,"minecraft:kelp":13138,"minecraft:cobweb":76,"minecraft:glass_bottle":581,"minecraft:iron_sword":12,"minecraft:prismarine_brick_stairs":17,"minecraft:white_stained_glass_pane":16,"minecraft:dark_oak_slab":424,"minecraft:daylight_detector":3,"minecraft:yellow_concrete":2388,"minecraft:light_blue_glazed_terracotta":1,"minecraft:gravel":7472,"minecraft:birch_stairs":321,"minecraft:spruce_sapling":2,"minecraft:spruce_log":396,"minecraft:sea_lantern":5851,"minecraft:firework_rocket":3544,"minecraft:red_stained_glass":16,"minecraft:purple_bed":2,"minecraft:polished_diorite":76,"minecraft:stone_axe":5,"minecraft:light_blue_carpet":2,"minecraft:redstone_ore":757,"minecraft:diamond_axe":18,"minecraft:gray_wool":106,"minecraft:warped_roots":40,"minecraft:oak_button":9,"minecraft:crimson_nylium":860,"minecraft:melon_seeds":27,"minecraft:warped_nylium":49,"minecraft:stripped_dark_oak_log":540,"minecraft:ender_pearl":7992,"minecraft:shulker_shell":886,"minecraft:music_disc_strad":1,"minecraft:wheat":4199,"minecraft:redstone_block":439,"minecraft:iron_trapdoor":601,"minecraft:light_gray_shulker_box":59,"minecraft:potion":99,"minecraft:turtle_egg":26,"minecraft:crimson_planks":77,"minecraft:cod_bucket":9,"minecraft:smooth_stone_slab":2047,"minecraft:iron_leggings":3,"minecraft:armor_stand":223,"minecraft:sticky_piston":467,"minecraft:pink_shulker_box":46,"minecraft:oak_sign":138,"minecraft:sea_pickle":164,"minecraft:black_shulker_box":171,"minecraft:redstone_torch":436,"minecraft:iron_boots":6,"minecraft:furnace":108,"minecraft:stick":2418,"minecraft:orange_shulker_box":38,"minecraft:jungle_door":3,"minecraft:brown_terracotta":35,"minecraft:oak_fence":109,"minecraft:torch":9111,"minecraft:porkchop":4,"minecraft:snow_block":87,"minecraft:dried_kelp":78,"minecraft:target":111,"minecraft:music_disc_pigstep":5,"minecraft:yellow_concrete_powder":467,"minecraft:light_gray_banner":13,"minecraft:blue_stained_glass":194,"minecraft:quartz_block":3513,"minecraft:nether_gold_ore":21,"minecraft:cactus":3200,"minecraft:green_wool":53,"minecraft:fire_coral_fan":1,"minecraft:stripped_birch_wood":5,"minecraft:cod":25845,"minecraft:nautilus_shell":24,"minecraft:crimson_hyphae":15,"minecraft:magma_cream":77,"minecraft:chiseled_quartz_block":186,"minecraft:light_gray_dye":2,"minecraft:warped_trapdoor":5,"minecraft:wither_skeleton_skull":87,"minecraft:acacia_boat":22,"minecraft:green_shulker_box":4,"minecraft:lapis_lazuli":3892,"minecraft:polished_granite":4,"minecraft:leather_boots":19,"minecraft:bell":214,"minecraft:light_blue_dye":160,"minecraft:powered_rail":584,"minecraft:stone_hoe":15,"minecraft:oak_planks":218,"minecraft:brain_coral":2,"minecraft:lime_glazed_terracotta":27,"minecraft:ghast_tear":34,"minecraft:pink_stained_glass":1,"minecraft:pink_concrete":139,"minecraft:black_terracotta":101,"minecraft:cooked_porkchop":74,"minecraft:music_disc_13":2,"minecraft:poisonous_potato":27,"minecraft:oak_pressure_plate":1,"minecraft:pink_stained_glass_pane":31,"minecraft:polished_blackstone_slab":418,"minecraft:jungle_planks":17,"minecraft:sand":245006,"minecraft:dead_bush":4,"minecraft:lily_of_the_valley":1563,"minecraft:shulker_box":5090,"minecraft:orange_wool":3,"minecraft:dark_prismarine":391,"minecraft:light_gray_concrete":1637,"minecraft:spruce_fence_gate":1,"minecraft:clay":18,"minecraft:diamond":1701,"minecraft:spruce_boat":25,"minecraft:black_concrete":600,"minecraft:polished_blackstone_button":1,"minecraft:white_concrete":1306,"minecraft:oak_sapling":431,"minecraft:nether_star":340,"minecraft:end_stone_bricks":267,"minecraft:fishing_rod":6,"minecraft:charcoal":2,"minecraft:cocoa_beans":7407,"minecraft:allium":781,"minecraft:chicken":55,"minecraft:wooden_pickaxe":1,"minecraft:gold_block":206,"minecraft:diamond_horse_armor":1,"minecraft:stone_stairs":39,"minecraft:iron_axe":139,"minecraft:orange_concrete":1763,"minecraft:wooden_sword":1,"minecraft:item_frame":259,"minecraft:quartz_slab":1234,"minecraft:warped_fence":32,"minecraft:cyan_carpet":33,"minecraft:detector_rail":1,"minecraft:mossy_cobblestone_wall":1,"minecraft:andesite_stairs":1,"minecraft:oak_boat":130,"minecraft:player_head":1436,"minecraft:observer":737,"minecraft:light_gray_wool":166,"minecraft:lectern":76,"minecraft:sugar_cane":4881,"minecraft:blue_shulker_box":58,"minecraft:spruce_trapdoor":143,"minecraft:phantom_membrane":29,"minecraft:dark_oak_sapling":45,"minecraft:orange_dye":1,"minecraft:red_stained_glass_pane":4,"minecraft:bowl":31,"minecraft:quartz_pillar":931,"minecraft:stone_button":405,"minecraft:magenta_shulker_box":16,"minecraft:iron_horse_armor":2,"minecraft:dark_oak_planks":1183,"minecraft:smooth_sandstone_slab":2,"minecraft:arrow":5645,"minecraft:light_blue_stained_glass_pane":521,"minecraft:jungle_stairs":11,"minecraft:saddle":161,"minecraft:soul_campfire":25,"minecraft:lime_stained_glass":1351,"minecraft:wet_sponge":2452,"minecraft:crimson_stem":129,"minecraft:salmon":208,"minecraft:cut_sandstone":43,"minecraft:birch_planks":5614,"minecraft:mushroom_stew":1,"minecraft:nether_wart_block":652,"minecraft:cobblestone_stairs":74,"minecraft:podzol":6,"minecraft:smooth_sandstone":155,"minecraft:red_nether_brick_stairs":49,"minecraft:heart_of_the_sea":5,"minecraft:soul_sand":8131,"minecraft:acacia_sapling":85,"minecraft:purple_concrete":93,"minecraft:music_disc_chirp":1,"minecraft:green_dye":64,"minecraft:book":149,"minecraft:scaffolding":22293,"minecraft:oak_slab":43,"minecraft:red_concrete_powder":15,"minecraft:birch_boat":12,"minecraft:pumpkin":1601,"minecraft:chiseled_stone_bricks":562,"minecraft:brain_coral_fan":1,"minecraft:blast_furnace":5,"minecraft:white_bed":49,"minecraft:gold_ore":481,"minecraft:dark_oak_fence_gate":21,"minecraft:green_carpet":11,"minecraft:spider_eye":540,"minecraft:stripped_jungle_log":76,"minecraft:cyan_banner":5,"minecraft:lime_banner":2,"minecraft:dried_kelp_block":60,"minecraft:campfire":5,"minecraft:honey_block":90,"minecraft:dead_bubble_coral_block":1,"minecraft:iron_helmet":25,"minecraft:black_wool":43,"minecraft:acacia_slab":9,"minecraft:magenta_concrete":282,"minecraft:red_concrete":171,"minecraft:coal":11375,"minecraft:purple_concrete_powder":2},"minecraft:dropped":{"minecraft:iron_sword":65,"minecraft:lapis_lazuli":1,"minecraft:chorus_fruit":69,"minecraft:glass_bottle":565,"minecraft:diamond":164,"minecraft:crafting_table":7,"minecraft:lime_stained_glass":263,"minecraft:cooked_porkchop":7,"minecraft:blackstone_stairs":4,"minecraft:red_mushroom":147,"minecraft:gold_block":36,"minecraft:emerald":124,"minecraft:gray_concrete":26,"minecraft:dark_oak_fence":9,"minecraft:dark_oak_trapdoor":2,"minecraft:netherite_boots":2,"minecraft:gold_nugget":18,"minecraft:writable_book":15,"minecraft:sand":1763,"minecraft:dark_oak_planks":81,"minecraft:white_wool":1,"minecraft:stone_axe":144,"minecraft:compass":18,"minecraft:lever":37,"minecraft:ancient_debris":10,"minecraft:diamond_block":54,"minecraft:iron_nugget":697,"minecraft:cooked_chicken":9,"minecraft:black_carpet":3,"minecraft:wheat":8,"minecraft:netherite_sword":3,"minecraft:obsidian":203,"minecraft:rotten_flesh":1220,"minecraft:grindstone":1,"minecraft:oak_planks":120,"minecraft:glowstone_dust":86,"minecraft:quartz_bricks":1,"minecraft:golden_shovel":1,"minecraft:sea_lantern":313,"minecraft:coal_ore":113,"minecraft:diorite_wall":4,"minecraft:quartz_block":77,"minecraft:jungle_log":7,"minecraft:leather_boots":12,"minecraft:acacia_sapling":28,"minecraft:leather_leggings":16,"minecraft:glass":153,"minecraft:beef":5,"minecraft:warped_wart_block":56,"minecraft:golden_boots":17,"minecraft:orange_shulker_box":2,"minecraft:wheat_seeds":5960,"minecraft:clock":1,"minecraft:smooth_quartz_stairs":36,"minecraft:horn_coral_block":16,"minecraft:light_gray_stained_glass_pane":24,"minecraft:book":4,"minecraft:prismarine_crystals":9515,"minecraft:golden_apple":91,"minecraft:mushroom_stew":1,"minecraft:lava_bucket":3,"minecraft:cobweb":12,"minecraft:ink_sac":8,"minecraft:potion":54,"minecraft:pumpkin":389,"minecraft:white_banner":1428,"minecraft:jungle_boat":1,"minecraft:red_dye":25,"minecraft:smooth_stone":155,"minecraft:chainmail_leggings":3,"minecraft:acacia_planks":2,"minecraft:pink_stained_glass_pane":2,"minecraft:stone_brick_slab":7,"minecraft:snow_block":26,"minecraft:yellow_concrete_powder":286,"minecraft:soul_soil":54,"minecraft:player_head":529,"minecraft:cocoa_beans":580,"minecraft:sticky_piston":13,"minecraft:orange_concrete":95,"minecraft:experience_bottle":128,"minecraft:stone_shovel":134,"minecraft:white_carpet":3,"minecraft:clay_ball":4,"minecraft:iron_boots":24,"minecraft:name_tag":12,"minecraft:light_gray_concrete":1,"minecraft:white_terracotta":64,"minecraft:oak_sign":9,"minecraft:shears":6,"minecraft:diamond_sword":7,"minecraft:spruce_boat":3,"minecraft:flower_pot":1,"minecraft:sea_pickle":213,"minecraft:spruce_trapdoor":6,"minecraft:spruce_planks":23,"minecraft:diamond_pickaxe":6,"minecraft:popped_chorus_fruit":128,"minecraft:pink_shulker_box":1,"minecraft:redstone_torch":106,"minecraft:stone_pressure_plate":27,"minecraft:barrel":2,"minecraft:stone_bricks":186,"minecraft:bamboo":64,"minecraft:sandstone":879,"minecraft:red_sand":1,"minecraft:bow":93,"minecraft:magma_block":64,"minecraft:terracotta":81,"minecraft:soul_sand":198,"minecraft:orange_dye":1,"minecraft:warped_fungus":2,"minecraft:polished_granite_slab":2,"minecraft:oak_log":403,"minecraft:ender_pearl":5154,"minecraft:leather":17,"minecraft:red_wool":9,"minecraft:jungle_planks":4,"minecraft:birch_slab":3,"minecraft:cod":20933,"minecraft:cobblestone_stairs":6,"minecraft:redstone_lamp":1,"minecraft:dark_oak_log":192,"minecraft:packed_ice":162,"minecraft:ice":252,"minecraft:mutton":4,"minecraft:snowball":402,"minecraft:prismarine_brick_slab":57,"minecraft:jungle_sign":1,"minecraft:wet_sponge":40,"minecraft:cauldron":1,"minecraft:gold_ingot":11,"minecraft:magenta_stained_glass":1,"minecraft:purpur_block":4,"minecraft:andesite_slab":12,"minecraft:mycelium":2715,"minecraft:birch_fence_gate":1,"minecraft:leather_chestplate":9,"minecraft:dropper":1,"minecraft:beetroot_seeds":11,"minecraft:iron_ore":80,"minecraft:birch_button":3,"minecraft:iron_bars":64,"minecraft:scaffolding":882,"minecraft:splash_potion":10,"minecraft:stone_hoe":104,"minecraft:bread":188,"minecraft:golden_helmet":17,"minecraft:yellow_concrete":32,"minecraft:netherite_axe":1,"minecraft:andesite_wall":5,"minecraft:tropical_fish":94,"minecraft:spruce_stairs":37,"minecraft:iron_block":326,"minecraft:milk_bucket":3,"minecraft:repeater":60,"minecraft:nether_wart_block":130,"minecraft:white_concrete":63,"minecraft:melon_slice":6647,"minecraft:iron_door":1,"minecraft:jungle_door":10,"minecraft:light_gray_stained_glass":8,"minecraft:polished_blackstone_brick_slab":1,"minecraft:polished_basalt":1,"minecraft:cactus":2391,"minecraft:light_blue_stained_glass_pane":2,"minecraft:tripwire_hook":4,"minecraft:redstone_block":357,"minecraft:polished_diorite":72,"minecraft:kelp":1368,"minecraft:sweet_berries":7,"minecraft:oak_trapdoor":18,"minecraft:lime_concrete":37,"minecraft:comparator":14,"minecraft:green_concrete":29,"minecraft:totem_of_undying":38,"minecraft:shulker_box":16,"minecraft:netherite_leggings":1,"minecraft:flint_and_steel":6,"minecraft:andesite":927,"minecraft:golden_leggings":14,"minecraft:oak_sapling":30,"minecraft:birch_sign":123,"minecraft:gray_concrete_powder":32,"minecraft:spruce_log":75,"minecraft:wooden_pickaxe":1,"minecraft:magma_cream":15,"minecraft:crimson_stem":37,"minecraft:clay":1,"minecraft:piston":92,"minecraft:cooked_beef":28,"minecraft:crossbow":254,"minecraft:cookie":90,"minecraft:saddle":163,"minecraft:purpur_stairs":3,"minecraft:elytra":5,"minecraft:rail":471,"minecraft:dragon_breath":64,"minecraft:leather_helmet":10,"minecraft:red_carpet":1,"minecraft:item_frame":2,"minecraft:red_shulker_box":1,"minecraft:dirt":2942,"minecraft:grass":5,"minecraft:stone_button":215,"minecraft:yellow_dye":6,"minecraft:jack_o_lantern":3,"minecraft:chain":7,"minecraft:wooden_sword":2,"minecraft:bone_meal":1044,"minecraft:bone_block":7,"minecraft:sunflower":2,"minecraft:phantom_membrane":3,"minecraft:sugar":330,"minecraft:iron_pickaxe":7,"minecraft:polished_blackstone_slab":8,"minecraft:dark_oak_boat":1,"minecraft:end_crystal":1,"minecraft:bone":722,"minecraft:green_wool":51,"minecraft:oak_door":1,"minecraft:pink_concrete":1,"minecraft:note_block":5,"minecraft:sugar_cane":20,"minecraft:polished_andesite_slab":21,"minecraft:golden_chestplate":13,"minecraft:birch_sapling":3,"minecraft:netherite_shovel":1,"minecraft:lime_dye":15,"minecraft:end_stone":160,"minecraft:light_gray_carpet":5,"minecraft:jungle_trapdoor":1,"minecraft:white_bed":3,"minecraft:orange_stained_glass":27,"minecraft:salmon":62,"minecraft:yellow_stained_glass_pane":3,"minecraft:tipped_arrow":22,"minecraft:brick_stairs":3,"minecraft:honey_block":6,"minecraft:cod_bucket":272,"minecraft:hopper":2,"minecraft:ladder":1,"minecraft:yellow_banner":1,"minecraft:spruce_slab":67,"minecraft:end_stone_bricks":17,"minecraft:ghast_tear":19,"minecraft:egg":5,"minecraft:enchanted_book":3,"minecraft:iron_ingot":442,"minecraft:netherite_pickaxe":2,"minecraft:cyan_stained_glass":6,"minecraft:gray_stained_glass_pane":2,"minecraft:tnt":44,"minecraft:polished_blackstone":3,"minecraft:golden_horse_armor":2,"minecraft:yellow_terracotta":64,"minecraft:purpur_slab":1,"minecraft:oak_fence":1,"minecraft:feather":8,"minecraft:iron_helmet":8,"minecraft:cobblestone":2749,"minecraft:apple":3,"minecraft:granite":1613,"minecraft:spruce_button":1,"minecraft:stripped_jungle_log":7,"minecraft:spruce_door":1,"minecraft:chainmail_helmet":2,"minecraft:coal":378,"minecraft:pufferfish":22,"minecraft:polished_blackstone_stairs":13,"minecraft:polished_andesite":16,"minecraft:end_rod":201,"minecraft:oxeye_daisy":6,"minecraft:jungle_slab":9,"minecraft:iron_trapdoor":65,"minecraft:golden_carrot":113,"minecraft:rose_bush":3,"minecraft:heart_of_the_sea":3,"minecraft:iron_shovel":2,"minecraft:paper":11,"minecraft:string":560,"minecraft:gray_carpet":3,"minecraft:magenta_shulker_box":1,"minecraft:spruce_sapling":1,"minecraft:purpur_pillar":7,"minecraft:redstone_ore":2,"minecraft:stone_sword":128,"minecraft:polished_diorite_slab":2,"minecraft:cobblestone_wall":6,"minecraft:smooth_stone_slab":71,"minecraft:bowl":1,"minecraft:diamond_hoe":2,"minecraft:chicken":9,"minecraft:slime_block":38,"minecraft:stone_slab":118,"minecraft:orange_wool":2,"minecraft:nether_bricks":184,"minecraft:spruce_fence":12,"minecraft:pumpkin_seeds":60,"minecraft:lily_of_the_valley":1,"minecraft:target":64,"minecraft:light_blue_dye":64,"minecraft:potato":6,"minecraft:cobblestone_slab":5,"minecraft:hay_block":34,"minecraft:shroomlight":68,"minecraft:stone":4155,"minecraft:spider_eye":333,"minecraft:rabbit_stew":1,"minecraft:dark_prismarine":416,"minecraft:quartz_slab":158,"minecraft:gold_ore":1,"minecraft:brown_mushroom":519,"minecraft:birch_planks":19,"minecraft:diamond_axe":4,"minecraft:red_nether_brick_slab":9,"minecraft:lime_stained_glass_pane":192,"minecraft:flint":869,"minecraft:cyan_terracotta":234,"minecraft:jungle_button":1,"minecraft:dispenser":147,"minecraft:polished_blackstone_brick_stairs":6,"minecraft:crimson_roots":2,"minecraft:cooked_cod":297,"minecraft:cut_sandstone":1,"minecraft:white_stained_glass_pane":4,"minecraft:brown_mushroom_block":64,"minecraft:armor_stand":34,"minecraft:gravel":259,"minecraft:white_tulip":1,"minecraft:blackstone":62,"minecraft:yellow_wool":2,"minecraft:black_terracotta":3,"minecraft:diamond_shovel":14,"minecraft:prismarine":25,"minecraft:carrot":18863,"minecraft:brown_shulker_box":2,"minecraft:chainmail_chestplate":2,"minecraft:chiseled_stone_bricks":15,"minecraft:poppy":162,"minecraft:rabbit_hide":3,"minecraft:gunpowder":689,"minecraft:melon_seeds":25,"minecraft:glowstone":92,"minecraft:chainmail_boots":3,"minecraft:chest":2,"minecraft:cyan_concrete":2,"minecraft:arrow":855,"minecraft:blackstone_slab":1,"minecraft:basalt":3,"minecraft:powered_rail":156,"minecraft:prismarine_bricks":103,"minecraft:written_book":16,"minecraft:oak_leaves":879,"minecraft:netherrack":7730,"minecraft:enchanting_table":1,"minecraft:firework_rocket":553,"minecraft:water_bucket":9,"minecraft:oak_slab":112,"minecraft:red_concrete_powder":2,"minecraft:chorus_flower":1,"minecraft:mossy_cobblestone":6,"minecraft:minecart":10,"minecraft:bookshelf":14,"minecraft:poisonous_potato":7,"minecraft:prismarine_shard":15086,"minecraft:lead":7,"minecraft:spectral_arrow":1,"minecraft:observer":64,"minecraft:grass_block":175,"minecraft:stick":1073,"minecraft:nether_gold_ore":10,"minecraft:diorite":1823,"minecraft:brewing_stand":1,"minecraft:light_blue_stained_glass":226,"minecraft:torch":281,"minecraft:smooth_quartz":133,"minecraft:iron_leggings":5,"minecraft:wither_rose":112,"minecraft:iron_axe":188,"minecraft:bucket":61,"minecraft:dandelion":29,"minecraft:redstone":205,"minecraft:red_concrete":30,"minecraft:nether_brick_slab":1,"minecraft:gray_stained_glass":95,"minecraft:ender_chest":2,"minecraft:nether_wart":25,"minecraft:blaze_rod":178,"minecraft:wither_skeleton_skull":40,"minecraft:light_gray_wool":64,"minecraft:iron_hoe":1,"minecraft:red_terracotta":3,"minecraft:filled_map":3,"minecraft:snow":15,"minecraft:shield":3,"minecraft:diamond_chestplate":1,"minecraft:orange_terracotta":9,"minecraft:iron_chestplate":6,"minecraft:quartz_stairs":63,"minecraft:oak_boat":2,"minecraft:golden_sword":2,"minecraft:slime_ball":345,"minecraft:diamond_boots":2,"minecraft:beacon":8,"minecraft:stone_pickaxe":114,"minecraft:nether_quartz_ore":11,"minecraft:light_blue_shulker_box":4,"minecraft:white_stained_glass":27,"minecraft:light_blue_bed":1},"minecraft:used":{"minecraft:writable_book":139,"minecraft:jack_o_lantern":6,"minecraft:polished_granite_stairs":2,"minecraft:smooth_quartz_slab":11811,"minecraft:red_sandstone_slab":9,"minecraft:dispenser":282,"minecraft:poppy":2,"minecraft:black_carpet":506,"minecraft:quartz_stairs":20460,"minecraft:red_nether_brick_stairs":77,"minecraft:stone":9539,"minecraft:warped_sign":2,"minecraft:soul_sand":5222,"minecraft:cocoa_beans":3083,"minecraft:snowball":27,"minecraft:spruce_boat":18,"minecraft:polished_blackstone_slab":14173,"minecraft:packed_ice":7114,"minecraft:stripped_dark_oak_wood":98,"minecraft:lava_bucket":152,"minecraft:quartz_pillar":2990,"minecraft:red_wool":22,"minecraft:music_disc_pigstep":5,"minecraft:quartz_block":15854,"minecraft:dark_oak_slab":476,"minecraft:diorite_wall":9,"minecraft:cooked_cod":451,"minecraft:bow":8615,"minecraft:acacia_fence":61,"minecraft:oak_sapling":111,"minecraft:lime_glazed_terracotta":79,"minecraft:mossy_stone_bricks":15,"minecraft:damaged_anvil":10,"minecraft:chorus_fruit":8,"minecraft:prismarine":210,"minecraft:lily_pad":3,"minecraft:blackstone":221,"minecraft:cactus":1399,"minecraft:wooden_pickaxe":5,"minecraft:composter":76,"minecraft:clay":6,"minecraft:jungle_boat":10,"minecraft:cut_sandstone_slab":324,"minecraft:blast_furnace":6,"minecraft:chiseled_quartz_block":1785,"minecraft:gray_concrete":1882,"minecraft:crimson_fence_gate":1,"minecraft:purple_concrete_powder":930,"minecraft:birch_fence":31,"minecraft:gray_stained_glass_pane":334,"minecraft:birch_slab":4336,"minecraft:nether_wart_block":504,"minecraft:diamond_sword":32157,"minecraft:coal_block":9,"minecraft:smithing_table":71,"minecraft:poisonous_potato":1,"minecraft:birch_log":1,"minecraft:oak_boat":133,"minecraft:diorite_slab":8,"minecraft:purple_wool":6,"minecraft:diorite_stairs":1,"minecraft:oak_trapdoor":1092,"minecraft:polished_blackstone_brick_slab":8,"minecraft:enchanting_table":4,"minecraft:orange_concrete":1773,"minecraft:dead_bush":2,"minecraft:carved_pumpkin":28,"minecraft:armor_stand":67,"minecraft:light_gray_carpet":2738,"minecraft:polished_blackstone_wall":3195,"minecraft:cooked_salmon":7,"minecraft:torch":13111,"minecraft:orange_stained_glass":2125,"minecraft:brewing_stand":92,"minecraft:nether_quartz_ore":391,"minecraft:light_gray_glazed_terracotta":10,"minecraft:yellow_carpet":6,"minecraft:golden_shovel":257,"minecraft:oak_fence_gate":669,"minecraft:fern":6,"minecraft:mossy_cobblestone_stairs":18,"minecraft:sea_lantern":27324,"minecraft:chipped_anvil":11,"minecraft:iron_block":9453,"minecraft:light_weighted_pressure_plate":304,"minecraft:jungle_log":272,"minecraft:barrel":365,"minecraft:bamboo":15,"minecraft:lime_concrete":11453,"minecraft:warped_stairs":23,"minecraft:basalt":101,"minecraft:podzol":6,"minecraft:acacia_planks":710,"minecraft:wheat_seeds":4288,"minecraft:warped_stem":21,"minecraft:light_blue_shulker_box":49,"minecraft:birch_planks":8112,"minecraft:blue_concrete_powder":18,"minecraft:cauldron":28,"minecraft:spruce_fence_gate":1,"minecraft:gold_ore":1,"minecraft:conduit":13,"minecraft:diamond_block":505,"minecraft:red_bed":13,"minecraft:light_gray_banner":8,"minecraft:rail":4658,"minecraft:crimson_trapdoor":590,"minecraft:white_bed":50,"minecraft:campfire":5,"minecraft:spruce_log":116,"minecraft:mushroom_stem":21,"minecraft:acacia_sign":16,"minecraft:blue_stained_glass_pane":48,"minecraft:diamond_pickaxe":1037584,"minecraft:diamond_shovel":238859,"minecraft:warped_trapdoor":7,"minecraft:suspicious_stew":1,"minecraft:oak_button":16,"minecraft:spruce_pressure_plate":1,"minecraft:tnt_minecart":6,"minecraft:magenta_concrete_powder":24,"minecraft:spruce_trapdoor":324,"minecraft:blue_carpet":68,"minecraft:pink_bed":12,"minecraft:green_carpet":26,"minecraft:potion":120,"minecraft:purple_bed":2,"minecraft:crimson_stairs":151,"minecraft:cooked_porkchop":24,"minecraft:andesite_stairs":1,"minecraft:stripped_oak_log":11,"minecraft:green_stained_glass":2,"minecraft:red_sand":9,"minecraft:melon":3,"minecraft:light_gray_stained_glass_pane":269,"minecraft:bone_block":89,"minecraft:polished_basalt":129,"minecraft:nether_wart":69,"minecraft:grass":13,"minecraft:green_terracotta":5,"minecraft:soul_campfire":59,"minecraft:spruce_leaves":108,"minecraft:jungle_planks":5,"minecraft:furnace_minecart":1,"minecraft:music_disc_13":1,"minecraft:obsidian":5186,"minecraft:bricks":52,"minecraft:spruce_wood":6,"minecraft:lantern":61,"minecraft:green_wool":2,"minecraft:warped_nylium":5,"minecraft:light_blue_bed":3,"minecraft:item_frame":529,"minecraft:birch_button":28,"minecraft:birch_trapdoor":193,"minecraft:red_nether_brick_wall":5,"minecraft:written_book":478,"minecraft:jungle_button":2,"minecraft:blue_shulker_box":50,"minecraft:gold_block":132,"minecraft:pink_concrete_powder":1079,"minecraft:end_rod":697,"minecraft:dropper":326,"minecraft:wither_skeleton_skull":562,"minecraft:gray_carpet":840,"minecraft:stone_pickaxe":79,"minecraft:jungle_fence":2,"minecraft:oak_planks":118,"minecraft:polished_diorite_slab":12,"minecraft:sandstone":1059,"minecraft:sugar_cane":686,"minecraft:diamond_axe":23710,"minecraft:white_wool":42,"minecraft:light_blue_concrete":12417,"minecraft:lime_stained_glass_pane":2341,"minecraft:light_blue_wool":1,"minecraft:yellow_concrete":4205,"minecraft:crossbow":521,"minecraft:end_stone":1081,"minecraft:sticky_piston":821,"minecraft:blue_glazed_terracotta":101,"minecraft:black_terracotta":94,"minecraft:lever":1519,"minecraft:daylight_detector":5,"minecraft:dark_oak_log":434,"minecraft:bread":4,"minecraft:brown_wool":64,"minecraft:warped_slab":28,"minecraft:iron_door":19,"minecraft:prismarine_wall":22,"minecraft:stripped_warped_hyphae":37,"minecraft:light_blue_concrete_powder":11841,"minecraft:pufferfish_bucket":13,"minecraft:chain":365,"minecraft:smooth_stone_slab":12411,"minecraft:coarse_dirt":53,"minecraft:bone_meal":4398,"minecraft:orange_concrete_powder":3726,"minecraft:netherite_sword":28424,"minecraft:rose_bush":2,"minecraft:white_tulip":4,"minecraft:flint_and_steel":279,"minecraft:redstone":5292,"minecraft:ender_chest":372,"minecraft:brown_shulker_box":127,"minecraft:stone_hoe":106,"minecraft:stripped_birch_wood":5,"minecraft:cooked_chicken":65,"minecraft:dirt":58803,"minecraft:red_nether_brick_slab":638,"minecraft:prismarine_bricks":12794,"minecraft:spruce_fence":121,"minecraft:iron_hoe":2606,"minecraft:light_gray_stained_glass":482,"minecraft:oak_stairs":29,"minecraft:smooth_sandstone":150,"minecraft:crimson_slab":395,"minecraft:yellow_concrete_powder":4256,"minecraft:black_stained_glass":450,"minecraft:soul_soil":972,"minecraft:lime_stained_glass":11374,"minecraft:netherite_pickaxe":378820,"minecraft:minecart":250,"minecraft:cyan_concrete_powder":2742,"minecraft:cooked_beef":739,"minecraft:light_gray_bed":16,"minecraft:pumpkin":97,"minecraft:turtle_egg":14,"minecraft:orange_stained_glass_pane":825,"minecraft:quartz_bricks":6274,"minecraft:cobblestone_stairs":117,"minecraft:snow_block":3746,"minecraft:baked_potato":16,"minecraft:birch_boat":14,"minecraft:brown_mushroom":133,"minecraft:cut_sandstone":35,"minecraft:spruce_sign":93,"minecraft:green_bed":23,"minecraft:warped_roots":2,"minecraft:music_disc_cat":9,"minecraft:red_mushroom":3,"minecraft:magenta_carpet":188,"minecraft:cyan_stained_glass":6828,"minecraft:piston":4691,"minecraft:flower_pot":43,"minecraft:black_wool":21,"minecraft:lapis_ore":33,"minecraft:stone_slab":3498,"minecraft:detector_rail":12,"minecraft:magenta_concrete":88,"minecraft:yellow_wool":27,"minecraft:stone_axe":85,"minecraft:brown_stained_glass_pane":59,"minecraft:crimson_fungus":2,"minecraft:end_crystal":8,"minecraft:cyan_stained_glass_pane":471,"minecraft:pink_shulker_box":43,"minecraft:pumpkin_pie":10,"minecraft:wither_rose":859,"minecraft:sea_pickle":1609,"minecraft:gray_wool":108,"minecraft:birch_stairs":2100,"minecraft:peony":3,"minecraft:nether_brick_fence":28,"minecraft:dead_horn_coral_block":2,"minecraft:polished_blackstone":4654,"minecraft:ladder":595,"minecraft:spruce_slab":1500,"minecraft:chest":3286,"minecraft:brown_concrete":1641,"minecraft:white_shulker_box":27,"minecraft:acacia_button":5,"minecraft:orange_wool":13,"minecraft:blue_stained_glass":187,"minecraft:stripped_spruce_log":21,"minecraft:honey_block":79,"minecraft:netherite_shovel":168039,"minecraft:birch_sapling":59,"minecraft:black_stained_glass_pane":2,"minecraft:warped_hyphae":728,"minecraft:grass_block":5772,"minecraft:polished_andesite_stairs":16,"minecraft:orange_shulker_box":21,"minecraft:wet_sponge":2395,"minecraft:blue_banner":3,"minecraft:dark_oak_button":2,"minecraft:pink_wool":6,"minecraft:stone_brick_stairs":51,"minecraft:snow":35,"minecraft:red_stained_glass_pane":4,"minecraft:dark_oak_boat":4,"minecraft:sweet_berries":9,"minecraft:furnace":108,"minecraft:egg":131,"minecraft:potato":470,"minecraft:dragon_head":1,"minecraft:diorite":315,"minecraft:brown_concrete_powder":1261,"minecraft:magenta_shulker_box":14,"minecraft:light_blue_carpet":2,"minecraft:end_stone_bricks":23,"minecraft:spruce_door":4,"minecraft:warped_fungus_on_a_stick":114,"minecraft:red_stained_glass":292,"minecraft:acacia_trapdoor":67,"minecraft:powered_rail":1715,"minecraft:blackstone_stairs":34,"minecraft:lime_concrete_powder":24814,"minecraft:purpur_pillar":3795,"minecraft:oak_leaves":4696,"minecraft:cookie":2,"minecraft:smooth_quartz_stairs":4749,"minecraft:respawn_anchor":99,"minecraft:dark_oak_trapdoor":933,"minecraft:sand":79931,"minecraft:purpur_stairs":1468,"minecraft:blue_ice":19,"minecraft:black_concrete_powder":8311,"minecraft:pumpkin_seeds":543,"minecraft:crying_obsidian":2623,"minecraft:stone_button":4887,"minecraft:cyan_carpet":139,"minecraft:red_terracotta":102,"minecraft:lectern":78,"minecraft:polished_granite":1,"minecraft:diamond_ore":108,"minecraft:lilac":1,"minecraft:polished_andesite_slab":975,"minecraft:soul_lantern":6,"minecraft:wooden_sword":5,"minecraft:dark_oak_fence":64,"minecraft:white_stained_glass":3433,"minecraft:green_concrete_powder":296,"minecraft:pink_stained_glass":12,"minecraft:ice":13860,"minecraft:gray_stained_glass":2961,"minecraft:iron_bars":637,"minecraft:stone_sword":131,"minecraft:acacia_log":55,"minecraft:red_concrete":760,"minecraft:mycelium":3261,"minecraft:sandstone_wall":19,"minecraft:netherrack":25851,"minecraft:orange_bed":1,"minecraft:light_gray_shulker_box":59,"minecraft:anvil":73,"minecraft:target":678,"minecraft:ancient_debris":12,"minecraft:chorus_flower":4494,"minecraft:stone_stairs":79,"minecraft:twisting_vines":2,"minecraft:blue_concrete":68,"minecraft:crimson_hyphae":138,"minecraft:nether_brick_slab":1765,"minecraft:jungle_trapdoor":32,"minecraft:nether_brick_stairs":30,"minecraft:polished_diorite":112,"minecraft:shroomlight":424,"minecraft:red_shulker_box":406,"minecraft:cyan_shulker_box":27,"minecraft:iron_axe":303,"minecraft:spruce_button":5,"minecraft:brick_stairs":4,"minecraft:slime_block":1097,"minecraft:warped_fence":32,"minecraft:smooth_quartz":5736,"minecraft:totem_of_undying":76,"minecraft:pink_stained_glass_pane":69,"minecraft:melon_seeds":534,"minecraft:tripwire_hook":14,"minecraft:purple_concrete":91,"minecraft:glowstone":194,"minecraft:iron_trapdoor":3792,"minecraft:magenta_wool":6,"minecraft:orange_terracotta":405,"minecraft:observer":3783,"minecraft:crimson_stem":175,"minecraft:water_bucket":7244,"minecraft:nether_brick_wall":85,"minecraft:light_blue_glazed_terracotta":1,"minecraft:sandstone_stairs":63,"minecraft:prismarine_brick_slab":214,"minecraft:smooth_sandstone_slab":6,"minecraft:cartography_table":1,"minecraft:lime_wool":124,"minecraft:yellow_shulker_box":212,"minecraft:red_mushroom_block":17,"minecraft:fletching_table":5,"minecraft:pink_concrete":911,"minecraft:orange_carpet":18,"minecraft:polished_blackstone_bricks":3551,"minecraft:cracked_stone_bricks":15,"minecraft:gilded_blackstone":12,"minecraft:lime_terracotta":7,"minecraft:comparator":648,"minecraft:vine":17,"minecraft:mossy_cobblestone":3,"minecraft:tnt":11561,"minecraft:crafting_table":256,"minecraft:oak_slab":215,"minecraft:birch_sign":2435,"minecraft:cod":1959,"minecraft:dark_oak_fence_gate":52,"minecraft:lime_shulker_box":20,"minecraft:cake":3,"minecraft:oak_log":151,"minecraft:dark_prismarine":1077,"minecraft:cornflower":1,"minecraft:stripped_jungle_log":35,"minecraft:sunflower":3,"minecraft:iron_pickaxe":5175,"minecraft:cyan_concrete":428,"minecraft:purpur_slab":184,"minecraft:crimson_nylium":137,"minecraft:crimson_sign":4,"minecraft:chiseled_stone_bricks":1370,"minecraft:cobblestone":3068,"minecraft:red_concrete_powder":1614,"minecraft:sandstone_slab":1240,"minecraft:brown_mushroom_block":64,"minecraft:jukebox":8,"minecraft:kelp":2918,"minecraft:light_blue_stained_glass_pane":2868,"minecraft:iron_shovel":24907,"minecraft:diamond_hoe":7272,"minecraft:oak_sign":205,"minecraft:white_concrete_powder":7371,"minecraft:white_terracotta":48,"minecraft:iron_sword":250,"minecraft:bell":18,"minecraft:player_head":42,"minecraft:smooth_sandstone_stairs":25,"minecraft:birch_pressure_plate":1,"minecraft:nether_bricks":129,"minecraft:prismarine_brick_stairs":215,"minecraft:carrot":5447,"minecraft:cyan_wool":23,"minecraft:milk_bucket":21,"minecraft:glass":15081,"minecraft:cyan_terracotta":37916,"minecraft:coal_ore":671,"minecraft:quartz_slab":4250,"minecraft:gray_concrete_powder":4424,"minecraft:dark_oak_wood":1,"minecraft:crimson_roots":1,"minecraft:hopper_minecart":131,"minecraft:stone_bricks":8922,"minecraft:repeater":1995,"minecraft:red_carpet":8,"minecraft:redstone_lamp":307,"minecraft:magma_block":132,"minecraft:brown_carpet":780,"minecraft:warped_fungus":17,"minecraft:hay_block":28,"minecraft:scaffolding":22413,"minecraft:gray_bed":22,"minecraft:beetroot_seeds":6,"minecraft:polished_blackstone_stairs":3383,"minecraft:chiseled_polished_blackstone":381,"minecraft:dark_oak_stairs":547,"minecraft:dark_oak_sign":43,"minecraft:birch_leaves":12,"minecraft:ender_pearl":2896,"minecraft:redstone_block":344,"minecraft:end_stone_brick_slab":121,"minecraft:yellow_terracotta":1,"minecraft:loom":7,"minecraft:black_banner":7,"minecraft:light_gray_terracotta":147,"minecraft:melon_slice":1,"minecraft:sponge":2353,"minecraft:black_bed":67,"minecraft:blackstone_wall":31,"minecraft:note_block":932,"minecraft:stone_brick_wall":72,"minecraft:shears":5863,"minecraft:redstone_torch":647,"minecraft:firework_rocket":551,"minecraft:string":76,"minecraft:green_concrete":77,"minecraft:birch_fence_gate":727,"minecraft:heavy_weighted_pressure_plate":16,"minecraft:black_concrete":2081,"minecraft:lime_carpet":5,"minecraft:light_gray_concrete":1984,"minecraft:brown_stained_glass":578,"minecraft:gravel":2597,"minecraft:blackstone_slab":47,"minecraft:jungle_sign":3,"minecraft:grindstone":21,"minecraft:oak_fence":630,"minecraft:crimson_door":3,"minecraft:white_concrete":4299,"minecraft:experience_bottle":129,"minecraft:andesite":558,"minecraft:cobweb":41,"minecraft:chest_minecart":2,"minecraft:purpur_block":446,"minecraft:jungle_leaves":154,"minecraft:trident":21,"minecraft:tropical_fish":6,"minecraft:redstone_ore":325,"minecraft:stone_shovel":132,"minecraft:light_blue_terracotta":13,"minecraft:spruce_planks":2686,"minecraft:oak_door":16,"minecraft:end_stone_brick_wall":6,"minecraft:white_carpet":1374,"minecraft:hopper":2874,"minecraft:spruce_stairs":188,"minecraft:cobblestone_wall":496,"minecraft:shulker_box":5087,"minecraft:oak_wood":15,"minecraft:pink_carpet":266,"minecraft:granite":327,"minecraft:light_blue_stained_glass":30813,"minecraft:andesite_wall":28,"minecraft:stone_brick_slab":1206,"minecraft:dark_oak_planks":1531,"minecraft:yellow_stained_glass":1882,"minecraft:bookshelf":116,"minecraft:acacia_slab":2325,"minecraft:polished_blackstone_brick_stairs":248,"minecraft:crimson_planks":1784,"minecraft:light_gray_wool":45,"minecraft:emerald_block":121,"minecraft:golden_carrot":5144,"minecraft:white_stained_glass_pane":251,"minecraft:cyan_banner":37,"minecraft:stone_pressure_plate":77,"minecraft:horn_coral_block":47,"minecraft:acacia_boat":21,"minecraft:iron_ore":11,"minecraft:glass_bottle":365,"minecraft:polished_andesite":4389,"minecraft:blue_wool":6,"minecraft:andesite_slab":1649,"minecraft:black_shulker_box":166,"minecraft:chiseled_nether_bricks":6,"minecraft:magenta_stained_glass":10,"minecraft:stonecutter":106,"minecraft:beacon":282,"minecraft:polished_blackstone_pressure_plate":7,"minecraft:cobblestone_slab":2115,"minecraft:stripped_dark_oak_log":525,"minecraft:terracotta":462,"minecraft:lime_bed":9,"minecraft:yellow_stained_glass_pane":1773,"minecraft:light_gray_concrete_powder":4514,"minecraft:painting":159,"minecraft:smoker":1,"minecraft:dark_oak_door":18,"minecraft:purple_stained_glass":3099,"minecraft:activator_rail":1,"minecraft:acacia_stairs":74,"minecraft:cracked_polished_blackstone_bricks":413,"minecraft:map":1,"minecraft:netherite_axe":12586,"minecraft:acacia_fence_gate":23,"minecraft:fishing_rod":153,"minecraft:green_shulker_box":3,"minecraft:bucket":7438,"minecraft:jungle_door":3,"minecraft:smooth_stone":30635,"minecraft:white_banner":42,"minecraft:splash_potion":71,"minecraft:red_banner":4,"minecraft:purple_carpet":178,"minecraft:yellow_bed":214,"minecraft:polished_blackstone_button":4},"minecraft:mined":{"minecraft:red_nether_brick_slab":296,"minecraft:dragon_wall_head":4,"minecraft:cut_sandstone_slab":23,"minecraft:white_bed":46,"minecraft:red_shulker_box":404,"minecraft:blackstone_stairs":7,"minecraft:pink_bed":12,"minecraft:fire_coral_wall_fan":1,"minecraft:cyan_shulker_box":25,"minecraft:light_blue_carpet":2,"minecraft:bubble_column":2,"minecraft:potted_dead_bush":3,"minecraft:granite":30509,"minecraft:acacia_log":300,"minecraft:brown_wool":2,"minecraft:light_gray_bed":8,"minecraft:oak_pressure_plate":1,"minecraft:blue_wool":1,"minecraft:green_concrete":91,"minecraft:oak_wall_sign":42,"minecraft:nether_wart":62,"minecraft:spawner":2,"minecraft:red_stained_glass_pane":4,"minecraft:chorus_flower":4802,"minecraft:polished_blackstone_bricks":1576,"minecraft:magma_block":635,"minecraft:dark_oak_trapdoor":664,"minecraft:mossy_cobblestone_stairs":4,"minecraft:barrel":274,"minecraft:fire":197,"minecraft:fletching_table":6,"minecraft:nether_brick_stairs":14,"minecraft:twisting_vines":9,"minecraft:spruce_pressure_plate":2,"minecraft:light_gray_concrete":1691,"minecraft:green_carpet":11,"minecraft:pink_tulip":34,"minecraft:white_shulker_box":25,"minecraft:spruce_wood":6,"minecraft:white_banner":3,"minecraft:player_head":17,"minecraft:tripwire":36,"minecraft:jungle_trapdoor":41,"minecraft:sandstone_slab":77,"minecraft:cut_sandstone":42,"minecraft:blue_wall_banner":1,"minecraft:magenta_carpet":1,"minecraft:blue_concrete_powder":2,"minecraft:kelp_plant":1065,"minecraft:crimson_nylium":955,"minecraft:smoker":2,"minecraft:torch":3666,"minecraft:note_block":95,"minecraft:melon":14,"minecraft:white_stained_glass_pane":148,"minecraft:dead_bush":109,"minecraft:nether_brick_slab":738,"minecraft:spruce_wall_sign":9,"minecraft:smooth_quartz_slab":1948,"minecraft:lime_shulker_box":6,"minecraft:sugar_cane":1688,"minecraft:bricks":27,"minecraft:birch_sapling":1,"minecraft:white_terracotta":1480,"minecraft:chain":51,"minecraft:repeater":394,"minecraft:jukebox":7,"minecraft:wither_rose":161,"minecraft:infested_mossy_stone_bricks":2,"minecraft:grass":2930,"minecraft:birch_button":6,"minecraft:smooth_quartz":3503,"minecraft:sandstone_wall":18,"minecraft:dark_prismarine":376,"minecraft:brown_concrete":344,"minecraft:light_blue_wool":1,"minecraft:mossy_cobblestone":117,"minecraft:nether_brick_wall":15,"minecraft:orange_concrete_powder":57,"minecraft:dark_oak_log":770,"minecraft:cyan_stained_glass":653,"minecraft:sea_lantern":6032,"minecraft:end_stone":5189,"minecraft:birch_fence_gate":109,"minecraft:dark_oak_fence":135,"minecraft:spruce_fence":110,"minecraft:acacia_button":1,"minecraft:redstone_wire":1036,"minecraft:potted_bamboo":4,"minecraft:red_mushroom":6,"minecraft:cartography_table":3,"minecraft:white_concrete_powder":321,"minecraft:redstone_ore":3669,"minecraft:acacia_trapdoor":6,"minecraft:light_blue_concrete_powder":63,"minecraft:pink_concrete":125,"minecraft:andesite":29525,"minecraft:green_terracotta":7,"minecraft:cyan_concrete":231,"minecraft:vine":136,"minecraft:rail":2258,"minecraft:cobblestone_slab":847,"minecraft:potted_spruce_sapling":1,"minecraft:bone_block":170,"minecraft:green_wool":2,"minecraft:ender_chest":339,"minecraft:birch_stairs":331,"minecraft:oak_slab":45,"minecraft:redstone_block":214,"minecraft:soul_sand":9833,"minecraft:red_sandstone_slab":9,"minecraft:lily_of_the_valley":9,"minecraft:dandelion":55,"minecraft:cornflower":91,"minecraft:warped_roots":24,"minecraft:crimson_slab":108,"minecraft:tall_grass":113,"minecraft:campfire":15,"minecraft:purpur_pillar":643,"minecraft:brain_coral_fan":1,"minecraft:diorite":29542,"minecraft:orange_carpet":2,"minecraft:warped_wart_block":250,"minecraft:purple_wool":2,"minecraft:black_stained_glass":45,"minecraft:red_terracotta":2927,"minecraft:coarse_dirt":27,"minecraft:light_blue_bed":2,"minecraft:cobblestone_wall":314,"minecraft:dark_oak_wall_sign":4,"minecraft:purple_concrete":89,"minecraft:sunflower":2,"minecraft:gravel":13655,"minecraft:cobweb":79,"minecraft:brown_terracotta":37,"minecraft:birch_sign":6,"minecraft:oak_button":4,"minecraft:polished_blackstone":259,"minecraft:stone_bricks":1921,"minecraft:gold_ore":731,"minecraft:chipped_anvil":13,"minecraft:iron_trapdoor":624,"minecraft:fern":4,"minecraft:stone_pressure_plate":20,"minecraft:oak_sapling":2,"minecraft:farmland":27,"minecraft:andesite_stairs":1,"minecraft:orange_stained_glass":743,"minecraft:end_stone_brick_wall":6,"minecraft:brewing_stand":68,"minecraft:spruce_trapdoor":158,"minecraft:lime_banner":2,"minecraft:white_concrete":1367,"minecraft:cracked_polished_blackstone_bricks":1242,"minecraft:bubble_coral_fan":1,"minecraft:polished_diorite":105,"minecraft:polished_blackstone_brick_slab":7,"minecraft:composter":53,"minecraft:polished_blackstone_pressure_plate":1,"minecraft:gilded_blackstone":25,"minecraft:turtle_egg":26,"minecraft:dragon_head":1,"minecraft:red_tulip":16,"minecraft:iron_bars":228,"minecraft:granite_stairs":1,"minecraft:spruce_slab":258,"minecraft:brown_shulker_box":126,"minecraft:quartz_block":3746,"minecraft:polished_blackstone_wall":119,"minecraft:orange_terracotta":4821,"minecraft:purpur_stairs":126,"minecraft:light_gray_terracotta":1425,"minecraft:potted_jungle_sapling":2,"minecraft:jungle_stairs":14,"minecraft:end_stone_brick_slab":1,"minecraft:mossy_cobblestone_wall":1,"minecraft:beacon":151,"minecraft:wither_skeleton_wall_skull":2,"minecraft:nether_quartz_ore":1226,"minecraft:oak_planks":36,"minecraft:wall_torch":242,"minecraft:cauldron":24,"minecraft:light_blue_terracotta":13,"minecraft:stone_stairs":26,"minecraft:light_weighted_pressure_plate":1,"minecraft:warped_nylium":75,"minecraft:powered_rail":392,"minecraft:dark_oak_slab":483,"minecraft:warped_planks":5,"minecraft:blue_ice":5,"minecraft:tnt":7355,"minecraft:smooth_stone_slab":7351,"minecraft:beetroots":5,"minecraft:oak_log":2462,"minecraft:lime_terracotta":11,"minecraft:dirt":83173,"minecraft:dispenser":185,"minecraft:ancient_debris":73,"minecraft:daylight_detector":3,"minecraft:crying_obsidian":30,"minecraft:pink_carpet":321,"minecraft:quartz_stairs":6221,"minecraft:dark_oak_leaves":46,"minecraft:red_stained_glass":22,"minecraft:lever":151,"minecraft:ladder":79,"minecraft:stone_button":193,"minecraft:tube_coral_wall_fan":2,"minecraft:brown_mushroom_block":3479,"minecraft:soul_campfire":25,"minecraft:birch_slab":3129,"minecraft:spruce_leaves":121,"minecraft:acacia_slab":6,"minecraft:crimson_stem":68,"minecraft:hay_block":5,"minecraft:heavy_weighted_pressure_plate":4,"minecraft:nether_sprouts":10,"minecraft:polished_basalt":28,"minecraft:orange_stained_glass_pane":825,"minecraft:light_gray_shulker_box":58,"minecraft:gold_block":226,"minecraft:nether_brick_fence":132,"minecraft:bookshelf":90,"minecraft:shroomlight":156,"minecraft:stripped_oak_log":46,"minecraft:wet_sponge":2408,"minecraft:blue_glazed_terracotta":101,"minecraft:scaffolding":8560,"minecraft:acacia_leaves":86,"minecraft:magenta_stained_glass":5,"minecraft:snow_block":137,"minecraft:basalt":3830,"minecraft:stripped_dark_oak_log":562,"minecraft:warped_fence":32,"minecraft:polished_granite":3,"minecraft:oak_fence":144,"minecraft:honey_block":82,"minecraft:gray_stained_glass":762,"minecraft:lime_carpet":13,"minecraft:stone_slab":2276,"minecraft:quartz_bricks":4509,"minecraft:red_concrete":93,"minecraft:polished_blackstone_brick_stairs":26,"minecraft:prismarine_bricks":9676,"minecraft:birch_planks":5777,"minecraft:sea_pickle":66,"minecraft:polished_blackstone_slab":360,"minecraft:black_wall_banner":3,"minecraft:ice":476319,"minecraft:white_wall_banner":4,"minecraft:bee_nest":1,"minecraft:grass_path":32,"minecraft:warped_hyphae":37,"minecraft:black_wool":16,"minecraft:cocoa":71,"minecraft:flower_pot":5,"minecraft:cyan_carpet":11,"minecraft:yellow_concrete":2758,"minecraft:cracked_stone_bricks":15,"minecraft:mossy_stone_bricks":9,"minecraft:dark_oak_planks":1295,"minecraft:polished_granite_slab":1,"minecraft:light_blue_concrete":3443,"minecraft:black_terracotta":104,"minecraft:jungle_leaves":417,"minecraft:obsidian":6288,"minecraft:warped_stairs":6,"minecraft:carved_pumpkin":89,"minecraft:chiseled_polished_blackstone":23,"minecraft:red_sand":285,"minecraft:crimson_trapdoor":202,"minecraft:stone_brick_wall":64,"minecraft:yellow_carpet":2,"minecraft:jungle_log":145,"minecraft:pink_stained_glass":1,"minecraft:coal_block":8,"minecraft:lime_stained_glass":1143,"minecraft:purpur_slab":99,"minecraft:diorite_stairs":1,"minecraft:bubble_coral_block":6,"minecraft:hopper":756,"minecraft:oxeye_daisy":84,"minecraft:crimson_fungus":6,"minecraft:chiseled_stone_bricks":1190,"minecraft:light_blue_stained_glass":6343,"minecraft:potted_fern":3,"minecraft:weeping_vines_plant":5,"minecraft:orange_concrete":1713,"minecraft:tall_seagrass":163,"minecraft:brown_stained_glass":101,"minecraft:sticky_piston":241,"minecraft:cyan_wall_banner":2,"minecraft:pumpkin":29,"minecraft:stripped_dark_oak_wood":120,"minecraft:enchanting_table":3,"minecraft:lime_stained_glass_pane":47,"minecraft:oak_sign":17,"minecraft:oak_stairs":36,"minecraft:quartz_slab":1438,"minecraft:smooth_sandstone_stairs":9,"minecraft:iron_block":4046,"minecraft:piston_head":17,"minecraft:conduit":12,"minecraft:potted_brown_mushroom":1,"minecraft:brown_mushroom":297,"minecraft:red_bed":12,"minecraft:player_wall_head":7,"minecraft:soul_fire":80,"minecraft:blue_stained_glass":174,"minecraft:blast_furnace":5,"minecraft:polished_andesite_stairs":12,"minecraft:green_concrete_powder":6,"minecraft:polished_diorite_slab":12,"minecraft:glass":4147,"minecraft:potted_oak_sapling":1,"minecraft:damaged_anvil":12,"minecraft:smooth_sandstone_slab":2,"minecraft:crimson_stairs":16,"minecraft:spruce_sign":2,"minecraft:cyan_wool":6,"minecraft:black_concrete_powder":30,"minecraft:light_gray_stained_glass":210,"minecraft:wheat":1412,"minecraft:pumpkin_stem":7,"minecraft:lime_concrete":2456,"minecraft:black_bed":61,"minecraft:warped_fungus":31,"minecraft:stone_brick_stairs":56,"minecraft:prismarine_brick_stairs":17,"minecraft:oak_fence_gate":274,"minecraft:purple_concrete_powder":2,"minecraft:loom":6,"minecraft:stripped_birch_wood":5,"minecraft:blue_shulker_box":55,"minecraft:stonecutter":28,"minecraft:red_mushroom_block":2401,"minecraft:yellow_stained_glass":323,"minecraft:piston":1544,"minecraft:light_blue_stained_glass_pane":474,"minecraft:yellow_terracotta":4669,"minecraft:pink_shulker_box":45,"minecraft:light_gray_stained_glass_pane":104,"minecraft:blue_stained_glass_pane":48,"minecraft:jack_o_lantern":2,"minecraft:shulker_box":5025,"minecraft:nether_bricks":2201,"minecraft:allium":10,"minecraft:jungle_planks":15,"minecraft:crimson_roots":21,"minecraft:orange_shulker_box":19,"minecraft:magenta_concrete":116,"minecraft:yellow_concrete_powder":29,"minecraft:lime_wool":9,"minecraft:horn_coral_wall_fan":1,"minecraft:kelp":1076,"minecraft:pink_wool":1,"minecraft:black_stained_glass_pane":3,"minecraft:polished_blackstone_button":1,"minecraft:snow":26081,"minecraft:diamond_block":130,"minecraft:potatoes":467,"minecraft:magenta_concrete_powder":1,"minecraft:warped_stem":75,"minecraft:smooth_quartz_stairs":847,"minecraft:bamboo_sapling":1,"minecraft:bamboo":21,"minecraft:warped_trapdoor":5,"minecraft:white_wool":20,"minecraft:cake":1,"minecraft:brain_coral":2,"minecraft:smithing_table":55,"minecraft:light_gray_carpet":426,"minecraft:gray_concrete":2154,"minecraft:comparator":138,"minecraft:brown_stained_glass_pane":23,"minecraft:brown_carpet":96,"minecraft:stone_brick_slab":1190,"minecraft:pink_concrete_powder":31,"minecraft:observer":595,"minecraft:jungle_sign":1,"minecraft:smooth_sandstone":167,"minecraft:light_gray_concrete_powder":19,"minecraft:spruce_button":4,"minecraft:cyan_concrete_powder":17,"minecraft:sponge":2406,"minecraft:dropper":99,"minecraft:purple_bed":2,"minecraft:lime_glazed_terracotta":30,"minecraft:purple_stained_glass":714,"minecraft:prismarine_brick_slab":193,"minecraft:white_carpet":25,"minecraft:spruce_log":142,"minecraft:birch_leaves":507,"minecraft:jungle_fence":12,"minecraft:quartz_pillar":449,"minecraft:mycelium":62624,"minecraft:pink_stained_glass_pane":34,"minecraft:acacia_planks":242,"minecraft:infested_stone":2,"minecraft:black_shulker_box":167,"minecraft:light_gray_banner":1,"minecraft:spruce_planks":1774,"minecraft:jungle_slab":2,"minecraft:cobblestone_stairs":73,"minecraft:potted_blue_orchid":4,"minecraft:potted_cactus":3,"minecraft:grass_block":50138,"minecraft:infested_cobblestone":2,"minecraft:blue_concrete":52,"minecraft:soul_soil":4136,"minecraft:stripped_warped_hyphae":159,"minecraft:sandstone_stairs":11,"minecraft:smooth_stone":13099,"minecraft:potted_birch_sapling":4,"minecraft:glowstone":271,"minecraft:red_nether_brick_stairs":53,"minecraft:iron_ore":4787,"minecraft:target":46,"minecraft:potted_red_mushroom":1,"minecraft:anvil":34,"minecraft:black_carpet":4,"minecraft:azure_bluet":13,"minecraft:dark_oak_stairs":465,"minecraft:purple_carpet":2,"minecraft:birch_wall_sign":73,"minecraft:end_stone_bricks":285,"minecraft:brain_coral_block":1,"minecraft:green_bed":13,"minecraft:cyan_terracotta":13854,"minecraft:blackstone":1671,"minecraft:twisting_vines_plant":7,"minecraft:melon_stem":2,"minecraft:soul_lantern":6,"minecraft:clay":47,"minecraft:chiseled_quartz_block":224,"minecraft:poppy":66,"minecraft:chest":935,"minecraft:mushroom_stem":1783,"minecraft:cobblestone":1785,"minecraft:slime_block":441,"minecraft:grindstone":19,"minecraft:prismarine":6902,"minecraft:iron_door":6,"minecraft:magenta_shulker_box":15,"minecraft:seagrass":485,"minecraft:brown_concrete_powder":12,"minecraft:nether_wart_block":719,"minecraft:birch_log":1936,"minecraft:dark_oak_door":15,"minecraft:yellow_wool":24,"minecraft:birch_trapdoor":62,"minecraft:light_gray_wool":40,"minecraft:orange_tulip":9,"minecraft:purpur_block":433,"minecraft:yellow_stained_glass_pane":1758,"minecraft:diorite_wall":14,"minecraft:crimson_planks":81,"minecraft:sand":185399,"minecraft:tripwire_hook":2,"minecraft:wither_skeleton_skull":2,"minecraft:oak_leaves":7525,"minecraft:netherrack":74033,"minecraft:magenta_wool":1,"minecraft:horn_coral_block":67,"minecraft:emerald_block":13,"minecraft:redstone_lamp":163,"minecraft:nether_gold_ore":83,"minecraft:diamond_ore":715,"minecraft:blackstone_wall":6,"minecraft:oak_door":6,"minecraft:gray_stained_glass_pane":54,"minecraft:brick_stairs":4,"minecraft:light_blue_glazed_terracotta":1,"minecraft:weeping_vines":5,"minecraft:white_stained_glass":1411,"minecraft:polished_andesite_slab":899,"minecraft:sandstone":34413,"minecraft:diorite_slab":54,"minecraft:oak_trapdoor":168,"minecraft:potted_dark_oak_sapling":1,"minecraft:red_concrete_powder":15,"minecraft:furnace":74,"minecraft:carrots":1601,"minecraft:acacia_stairs":12,"minecraft:stripped_spruce_log":48,"minecraft:dark_oak_fence_gate":23,"minecraft:black_concrete":565,"minecraft:bell":5,"minecraft:dead_horn_coral_block":2,"minecraft:lantern":7,"minecraft:crimson_door":2,"minecraft:stripped_jungle_log":69,"minecraft:packed_ice":476,"minecraft:chorus_plant":3123,"minecraft:white_tulip":37,"minecraft:stone":502464,"minecraft:yellow_shulker_box":217,"minecraft:redstone_wall_torch":75,"minecraft:birch_pressure_plate":1,"minecraft:podzol":8,"minecraft:light_blue_shulker_box":47,"minecraft:red_wool":171,"minecraft:infested_stone_bricks":8,"minecraft:spruce_door":2,"minecraft:crafting_table":226,"minecraft:cyan_stained_glass_pane":471,"minecraft:blackstone_slab":2,"minecraft:oak_wood":16,"minecraft:light_gray_wall_banner":4,"minecraft:lime_concrete_powder":637,"minecraft:rose_bush":2,"minecraft:andesite_slab":1635,"minecraft:lectern":75,"minecraft:andesite_wall":2,"minecraft:red_nether_brick_wall":3,"minecraft:lapis_ore":449,"minecraft:lily_pad":3,"minecraft:spruce_stairs":155,"minecraft:gray_wool":38,"minecraft:cactus":39,"minecraft:lime_bed":9,"minecraft:gray_concrete_powder":12,"minecraft:green_shulker_box":4,"minecraft:acacia_fence_gate":3,"minecraft:polished_blackstone_stairs":334,"minecraft:redstone_torch":97,"minecraft:sweet_berry_bush":5,"minecraft:gray_bed":19,"minecraft:yellow_bed":213,"minecraft:potted_azure_bluet":4,"minecraft:coal_ore":10539,"minecraft:end_rod":245,"minecraft:bubble_coral_wall_fan":2,"minecraft:gray_carpet":47,"minecraft:terracotta":23280,"minecraft:acacia_wall_sign":3,"minecraft:crimson_wall_sign":2,"minecraft:polished_andesite":3527,"minecraft:birch_fence":20,"minecraft:crimson_hyphae":9,"minecraft:warped_slab":1},"minecraft:crafted":{"minecraft:lime_stained_glass":14176,"minecraft:red_stained_glass_pane":16,"minecraft:black_dye":48753,"minecraft:yellow_wool":17,"minecraft:oak_sign":105,"minecraft:end_stone_brick_wall":12,"minecraft:melon":1793,"minecraft:blaze_powder":114,"minecraft:birch_boat":10,"minecraft:chain":281,"minecraft:brick_wall":6,"minecraft:blue_stained_glass_pane":32,"minecraft:diorite_stairs":4,"minecraft:diamond_shovel":13,"minecraft:shulker_box":336,"minecraft:diamond_helmet":7,"minecraft:white_glazed_terracotta":12,"minecraft:magenta_concrete_powder":24,"minecraft:beacon":327,"minecraft:light_blue_concrete_powder":12432,"minecraft:stone_pressure_plate":104,"minecraft:iron_door":18,"minecraft:cyan_banner":37,"minecraft:gray_stained_glass_pane":352,"minecraft:dried_kelp_block":16088,"minecraft:black_wool":64,"minecraft:gray_stained_glass":4012,"minecraft:white_shulker_box":11,"minecraft:name_tag":29,"minecraft:lime_concrete_powder":24672,"minecraft:pink_stained_glass":24,"minecraft:warped_stairs":32,"minecraft:blue_stained_glass":328,"minecraft:redstone_lamp":191,"minecraft:end_rod":6184,"minecraft:soul_campfire":42,"minecraft:jungle_boat":3,"minecraft:polished_andesite_stairs":24,"minecraft:acacia_slab":2685,"minecraft:chest_minecart":2,"minecraft:smithing_table":23,"minecraft:sticky_piston":433,"minecraft:fletching_table":2,"minecraft:green_stained_glass":8,"minecraft:painting":34,"minecraft:cartography_table":1,"minecraft:end_stone_brick_slab":126,"minecraft:stone_brick_stairs":32,"minecraft:lectern":4,"minecraft:golden_leggings":25,"minecraft:stone_slab":7658,"minecraft:red_nether_brick_stairs":44,"minecraft:iron_pickaxe":22,"minecraft:sandstone":154,"minecraft:netherite_ingot":12,"minecraft:composter":40,"minecraft:polished_blackstone_bricks":3060,"minecraft:dark_prismarine":43789,"minecraft:jungle_sign":3,"minecraft:golden_carrot":239,"minecraft:jukebox":1,"minecraft:orange_shulker_box":8,"minecraft:iron_nugget":4741,"minecraft:crimson_trapdoor":474,"minecraft:diamond_hoe":2,"minecraft:experience_bottle":5122,"minecraft:brick_stairs":4,"minecraft:acacia_fence_gate":32,"minecraft:red_banner":13,"minecraft:polished_blackstone_pressure_plate":5,"minecraft:jack_o_lantern":11,"minecraft:prismarine_brick_stairs":228,"minecraft:lime_stained_glass_pane":2480,"minecraft:spruce_fence":123,"minecraft:stone_stairs":288,"minecraft:spruce_stairs":176,"minecraft:light_gray_shulker_box":3,"minecraft:polished_diorite":768,"minecraft:black_concrete_powder":8664,"minecraft:red_shulker_box":2,"minecraft:stone_pickaxe":111,"minecraft:quartz_slab":7513,"minecraft:spruce_boat":5,"minecraft:purple_carpet":192,"minecraft:prismarine_slab":6,"minecraft:brick_slab":6,"minecraft:lead":4,"minecraft:purpur_slab":7006,"minecraft:enchanting_table":3,"minecraft:crimson_slab":528,"minecraft:acacia_trapdoor":104,"minecraft:yellow_stained_glass_pane":925,"minecraft:lily_pad":2,"minecraft:leather_helmet":4,"minecraft:polished_blackstone_stairs":1008,"minecraft:dark_oak_button":6,"minecraft:acacia_stairs":80,"minecraft:red_carpet":24,"minecraft:enchanted_book":76,"minecraft:orange_dye":4250,"minecraft:oak_fence_gate":567,"minecraft:crimson_stairs":144,"minecraft:red_stained_glass":352,"minecraft:warped_sign":6,"minecraft:fermented_spider_eye":94,"minecraft:birch_trapdoor":230,"minecraft:writable_book":101,"minecraft:iron_shovel":233,"minecraft:armor_stand":3812,"minecraft:prismarine_wall":66,"minecraft:note_block":877,"minecraft:grindstone":6,"minecraft:cobblestone_slab":3936,"minecraft:barrel":96,"minecraft:polished_granite_slab":6,"minecraft:quartz_bricks":5756,"minecraft:cooked_chicken":3,"minecraft:crimson_sign":3,"minecraft:stone":2500,"minecraft:snow":48,"minecraft:pink_carpet":192,"minecraft:heavy_weighted_pressure_plate":12,"minecraft:quartz_pillar":16945,"minecraft:warped_planks":660,"minecraft:polished_blackstone_button":3,"minecraft:brown_carpet":1071,"minecraft:cake":2,"minecraft:stone_brick_slab":2718,"minecraft:brown_stained_glass":960,"minecraft:nether_brick_wall":204,"minecraft:orange_stained_glass_pane":843,"minecraft:bow":116,"minecraft:purpur_pillar":3439,"minecraft:comparator":386,"minecraft:chest":4670,"minecraft:polished_basalt":260,"minecraft:oak_button":11,"minecraft:yellow_terracotta":12,"minecraft:cod_bucket":305,"minecraft:rail":3584,"minecraft:blue_concrete_powder":16,"minecraft:bricks":80,"minecraft:birch_button":20,"minecraft:red_nether_brick_slab":576,"minecraft:ender_eye":80,"minecraft:stone_bricks":9640,"minecraft:oak_fence":540,"minecraft:granite_stairs":4,"minecraft:polished_diorite_slab":36,"minecraft:respawn_anchor":102,"minecraft:golden_boots":23,"minecraft:sea_lantern":60707,"minecraft:dropper":232,"minecraft:arrow":96,"minecraft:cauldron":6,"minecraft:lime_terracotta":140,"minecraft:iron_helmet":10,"minecraft:brown_dye":2448,"minecraft:birch_pressure_plate":1,"minecraft:red_wool":16,"minecraft:acacia_button":4,"minecraft:white_stained_glass_pane":464,"minecraft:yellow_stained_glass":3280,"minecraft:dispenser":308,"minecraft:prismarine_brick_slab":180,"minecraft:apple":2176,"minecraft:tnt":12848,"minecraft:spruce_trapdoor":186,"minecraft:yellow_dye":4961,"minecraft:purple_dye":3596,"minecraft:gray_terracotta":320,"minecraft:stick":42170,"minecraft:iron_ingot":36893,"minecraft:andesite_stairs":4,"minecraft:light_blue_shulker_box":4,"minecraft:light_blue_stained_glass":31040,"minecraft:black_bed":6,"minecraft:lime_carpet":3,"minecraft:red_nether_brick_wall":36,"minecraft:cyan_carpet":156,"minecraft:dark_oak_fence_gate":32,"minecraft:polished_diorite_stairs":4,"minecraft:orange_glazed_terracotta":12,"minecraft:oak_door":3,"minecraft:nether_brick_slab":1692,"minecraft:tripwire_hook":1038,"minecraft:stone_brick_wall":24,"minecraft:fishing_rod":2,"minecraft:netherite_sword":1,"minecraft:leather_boots":2,"minecraft:golden_chestplate":33,"minecraft:spruce_button":1,"minecraft:blast_furnace":1,"minecraft:furnace":67,"minecraft:piston":2027,"minecraft:mushroom_stew":14,"minecraft:polished_andesite_slab":2754,"minecraft:smooth_quartz_stairs":1636,"minecraft:oak_trapdoor":918,"minecraft:flint_and_steel":16,"minecraft:scaffolding":1674,"minecraft:granite_wall":6,"minecraft:white_concrete_powder":7536,"minecraft:polished_granite_stairs":4,"minecraft:orange_terracotta":1968,"minecraft:cobblestone_wall":882,"minecraft:brown_shulker_box":3,"minecraft:smooth_quartz_slab":6852,"minecraft:honey_block":1,"minecraft:blackstone_stairs":80,"minecraft:purpur_block":5232,"minecraft:birch_sign":2401,"minecraft:smooth_sandstone_stairs":20,"minecraft:light_blue_stained_glass_pane":2585,"minecraft:purple_stained_glass":3080,"minecraft:iron_trapdoor":4041,"minecraft:polished_blackstone_wall":2382,"minecraft:diorite_wall":18,"minecraft:iron_sword":100,"minecraft:black_banner":14,"minecraft:cooked_salmon":7,"minecraft:golden_shovel":5,"minecraft:acacia_boat":3,"minecraft:jungle_planks":10224,"minecraft:jungle_door":21,"minecraft:white_dye":18062,"minecraft:brown_concrete_powder":1248,"minecraft:black_carpet":768,"minecraft:anvil":76,"minecraft:stonecutter":8,"minecraft:crimson_door":6,"minecraft:prismarine_stairs":4,"minecraft:torch":6676,"minecraft:diorite_slab":12,"minecraft:orange_bed":1,"minecraft:magenta_carpet":251,"minecraft:granite_slab":6,"minecraft:diamond_chestplate":1,"minecraft:ender_chest":40,"minecraft:light_gray_concrete_powder":5912,"minecraft:smooth_stone":12545,"minecraft:cut_sandstone":1288,"minecraft:cut_sandstone_slab":1152,"minecraft:orange_carpet":12,"minecraft:pink_bed":1,"minecraft:orange_stained_glass":2536,"minecraft:dark_oak_wood":3,"minecraft:birch_slab":4038,"minecraft:slime_block":1979,"minecraft:polished_blackstone_slab":3862,"minecraft:loom":2,"minecraft:lever":602,"minecraft:lime_glazed_terracotta":12,"minecraft:bookshelf":54,"minecraft:dark_prismarine_stairs":4,"minecraft:iron_bars":368,"minecraft:red_concrete_powder":1560,"minecraft:quartz_block":45745,"minecraft:glass":11027,"minecraft:light_blue_terracotta":12,"minecraft:repeater":1313,"minecraft:diamond_leggings":2,"minecraft:cyan_stained_glass_pane":704,"minecraft:netherite_boots":2,"minecraft:melon_seeds":549,"minecraft:birch_fence_gate":785,"minecraft:polished_blackstone":23872,"minecraft:acacia_fence":114,"minecraft:chiseled_quartz_block":1871,"minecraft:magenta_dye":3292,"minecraft:gray_bed":3,"minecraft:flower_pot":65,"minecraft:glass_bottle":327,"minecraft:furnace_minecart":1,"minecraft:target":734,"minecraft:emerald":79970,"minecraft:smooth_quartz":642,"minecraft:diamond_axe":3,"minecraft:prismarine_bricks":23497,"minecraft:spruce_door":3,"minecraft:clock":5,"minecraft:hay_block":386,"minecraft:end_stone_brick_stairs":4,"minecraft:campfire":16,"minecraft:tnt_minecart":6,"minecraft:light_gray_bed":10,"minecraft:lime_shulker_box":21,"minecraft:lime_bed":1,"minecraft:green_terracotta":64,"minecraft:compass":66,"minecraft:iron_block":10345,"minecraft:white_terracotta":64,"minecraft:gold_ingot":13768,"minecraft:light_gray_dye":4062,"minecraft:birch_stairs":1920,"minecraft:packed_ice":18503,"minecraft:yellow_concrete_powder":4328,"minecraft:prismarine":34335,"minecraft:stone_shovel":178,"minecraft:smooth_stone_slab":14886,"minecraft:leather_leggings":2,"minecraft:player_head":150,"minecraft:crimson_fence_gate":1,"minecraft:mossy_cobblestone_stairs":8,"minecraft:yellow_bed":5,"minecraft:red_terracotta":12,"minecraft:bone_meal":23662,"minecraft:cyan_stained_glass":7368,"minecraft:andesite_wall":72,"minecraft:pink_dye":3324,"minecraft:white_carpet":2796,"minecraft:warped_trapdoor":10,"minecraft:netherite_axe":1,"minecraft:diamond":2700,"minecraft:dark_oak_fence":3,"minecraft:detector_rail":12,"minecraft:ladder":510,"minecraft:yellow_glazed_terracotta":12,"minecraft:spruce_slab":1572,"minecraft:ender_pearl":12,"minecraft:diamond_boots":2,"minecraft:redstone_block":1876,"minecraft:dark_oak_planks":11555,"minecraft:golden_helmet":18,"minecraft:wheat":747,"minecraft:coal_block":560,"minecraft:cyan_glazed_terracotta":12,"minecraft:daylight_detector":2,"minecraft:crossbow":64,"minecraft:netherite_pickaxe":3,"minecraft:polished_blackstone_brick_slab":6,"minecraft:dried_kelp":9116,"minecraft:magenta_stained_glass":16,"minecraft:red_bed":1,"minecraft:conduit":1,"minecraft:polished_granite":256,"minecraft:gray_concrete_powder":5480,"minecraft:sandstone_slab":1182,"minecraft:glowstone":862,"minecraft:white_stained_glass":3288,"minecraft:jungle_slab":60,"minecraft:sandstone_wall":12,"minecraft:golden_apple":844,"minecraft:acacia_sign":24,"minecraft:andesite_slab":6378,"minecraft:cyan_shulker_box":5,"minecraft:oak_stairs":8,"minecraft:iron_leggings":8,"minecraft:white_bed":7,"minecraft:lime_wool":3,"minecraft:light_gray_glazed_terracotta":12,"minecraft:nether_brick_stairs":80,"minecraft:blue_carpet":192,"minecraft:brick":7010,"minecraft:oak_planks":29816,"minecraft:dark_oak_boat":2,"minecraft:purple_glazed_terracotta":24,"minecraft:cobblestone_stairs":132,"minecraft:warped_hyphae":720,"minecraft:spruce_pressure_plate":2,"minecraft:suspicious_stew":1,"minecraft:purpur_stairs":1412,"minecraft:green_dye":1099,"minecraft:dark_oak_door":6,"minecraft:hopper":1777,"minecraft:honey_bottle":4,"minecraft:iron_boots":40,"minecraft:written_book":22,"minecraft:blackstone_wall":60,"minecraft:mossy_cobblestone_slab":6,"minecraft:cyan_terracotta":28020,"minecraft:chiseled_stone_bricks":2812,"minecraft:stone_hoe":92,"minecraft:quartz_stairs":7196,"minecraft:item_frame":312,"minecraft:oak_slab":642,"minecraft:map":64,"minecraft:crafting_table":117,"minecraft:spruce_planks":10328,"minecraft:brown_stained_glass_pane":208,"minecraft:wooden_pickaxe":1,"minecraft:baked_potato":59,"minecraft:gold_block":392,"minecraft:hopper_minecart":132,"minecraft:brewing_stand":37,"minecraft:birch_planks":28543,"minecraft:pumpkin_seeds":756,"minecraft:black_shulker_box":14,"minecraft:brown_glazed_terracotta":24,"minecraft:dark_oak_slab":240,"minecraft:book":398,"minecraft:iron_chestplate":21,"minecraft:paper":15706,"minecraft:emerald_block":2950,"minecraft:diamond_pickaxe":55,"minecraft:shield":2,"minecraft:light_weighted_pressure_plate":262,"minecraft:birch_fence":57,"minecraft:warped_slab":6,"minecraft:light_blue_dye":8506,"minecraft:leather_chestplate":5,"minecraft:stone_sword":1,"minecraft:snow_block":5522,"minecraft:green_shulker_box":1,"minecraft:gray_carpet":966,"minecraft:redstone_torch":4163,"minecraft:light_gray_carpet":2278,"minecraft:light_gray_stained_glass_pane":32,"minecraft:shears":133,"minecraft:green_carpet":18,"minecraft:sandstone_stairs":28,"minecraft:crimson_hyphae":204,"minecraft:polished_andesite":6008,"minecraft:coarse_dirt":100,"minecraft:wooden_sword":2,"minecraft:cookie":90,"minecraft:redstone":21997,"minecraft:coal":1605,"minecraft:light_gray_stained_glass":1112,"minecraft:popped_chorus_fruit":10,"minecraft:stone_button":5208,"minecraft:dark_oak_trapdoor":398,"minecraft:jungle_trapdoor":22,"minecraft:gray_dye":6452,"minecraft:dark_oak_sign":54,"minecraft:diamond_block":585,"minecraft:glass_pane":96,"minecraft:end_stone_bricks":624,"minecraft:warped_fence":30,"minecraft:blue_ice":1055,"minecraft:netherite_leggings":1,"minecraft:yellow_shulker_box":3,"minecraft:green_concrete_powder":16,"minecraft:black_terracotta":24,"minecraft:iron_axe":2,"minecraft:iron_hoe":19,"minecraft:slime_ball":1197,"minecraft:orange_concrete_powder":3968,"minecraft:lime_dye":9462,"minecraft:netherite_scrap":46,"minecraft:blue_glazed_terracotta":120,"minecraft:minecart":146,"minecraft:observer":3068,"minecraft:cooked_beef":710,"minecraft:sugar":163,"minecraft:red_dye":6162,"minecraft:cooked_cod":2031,"minecraft:cyan_concrete_powder":2760,"minecraft:bone_block":454,"minecraft:crimson_planks":3849,"minecraft:diamond_sword":7,"minecraft:cyan_dye":8756,"minecraft:spruce_sign":66,"minecraft:dark_oak_stairs":172,"minecraft:pink_concrete_powder":1056,"minecraft:powered_rail":888,"minecraft:activator_rail":6,"minecraft:yellow_carpet":9,"minecraft:bell":36,"minecraft:smooth_sandstone":64,"minecraft:bowl":104,"minecraft:nether_bricks":512,"minecraft:bucket":64,"minecraft:stone_axe":139,"minecraft:mossy_cobblestone_wall":6,"minecraft:bread":161,"minecraft:air":0,"minecraft:blue_dye":14035,"minecraft:black_stained_glass":1352,"minecraft:oak_boat":20,"minecraft:magenta_terracotta":12,"minecraft:smooth_sandstone_slab":6,"minecraft:gold_nugget":1584,"minecraft:brown_wool":511,"minecraft:pink_stained_glass_pane":280,"minecraft:dark_prismarine_slab":6,"minecraft:pumpkin_pie":101,"minecraft:acacia_planks":4152,"minecraft:end_crystal":8,"minecraft:purple_concrete_powder":928,"minecraft:blackstone_slab":138,"minecraft:lapis_block":320,"minecraft:clay":2,"minecraft:lapis_lazuli":852,"minecraft:firework_rocket":24593}},"DataVersion":2584}