{"stats":{"minecraft:used":{"minecraft:redstone_torch":1,"minecraft:oak_log":1,"minecraft:sticky_piston":1,"minecraft:red_shulker_box":4,"minecraft:iron_shovel":113,"minecraft:grass_block":1,"minecraft:redstone":13,"minecraft:stone_button":20,"minecraft:iron_pickaxe":112,"minecraft:stone":75,"minecraft:torch":23,"minecraft:item_frame":1,"minecraft:sand":21,"minecraft:dirt":9,"minecraft:repeater":1,"minecraft:red_bed":4,"minecraft:furnace":1,"minecraft:green_concrete_powder":42,"minecraft:trapped_chest":1,"minecraft:oak_boat":2,"minecraft:cooked_beef":6,"minecraft:brown_concrete_powder":30,"minecraft:polished_diorite":3},"minecraft:mined":{"minecraft:red_shulker_box":5,"minecraft:furnace":1,"minecraft:red_bed":4,"minecraft:andesite":9,"minecraft:torch":1,"minecraft:grass_block":75,"minecraft:green_concrete_powder":3,"minecraft:dirt":27,"minecraft:gravel":7,"minecraft:redstone_wire":3,"minecraft:stone":88,"minecraft:diorite":9},"minecraft:custom":{"minecraft:time_since_rest":12217,"minecraft:interact_with_furnace":5,"minecraft:sprint_one_cm":194113,"minecraft:damage_taken":30,"minecraft:walk_one_cm":122564,"minecraft:trigger_trapped_chest":4,"minecraft:interact_with_anvil":1,"minecraft:drop":1,"minecraft:inspect_hopper":4,"minecraft:interact_with_crafting_table":4,"minecraft:fly_one_cm":158102,"minecraft:open_barrel":1,"minecraft:open_chest":63,"minecraft:crouch_one_cm":7383,"minecraft:play_one_minute":89008,"minecraft:open_shulker_box":4,"minecraft:sneak_time":18498,"minecraft:walk_under_water_one_cm":110,"minecraft:boat_one_cm":81967,"minecraft:jump":611,"minecraft:leave_game":11,"minecraft:time_since_death":89008,"minecraft:walk_on_water_one_cm":1983,"minecraft:sleep_in_bed":4,"minecraft:fall_one_cm":11454},"minecraft:crafted":{"minecraft:green_dye":8,"minecraft:oak_planks":8,"minecraft:polished_diorite":64,"minecraft:green_concrete_powder":64,"minecraft:stick":16,"minecraft:brown_concrete_powder":64,"minecraft:brown_dye":8,"minecraft:red_bed":1,"minecraft:stone_button":32,"minecraft:piston":1,"minecraft:sticky_piston":1,"minecraft:torch":104,"minecraft:trapped_chest":1,"minecraft:air":0},"minecraft:picked_up":{"minecraft:cooked_beef":64,"minecraft:andesite":9,"minecraft:green_concrete_powder":3,"minecraft:torch":2,"minecraft:gravel":6,"minecraft:flint":1,"minecraft:diorite":9,"minecraft:redstone":3,"minecraft:dirt":100,"minecraft:red_bed":4,"minecraft:cactus":1,"minecraft:red_shulker_box":5,"minecraft:oak_boat":2,"minecraft:iron_sword":1,"minecraft:cobblestone":88,"minecraft:furnace":1},"minecraft:dropped":{"minecraft:cactus":1}},"DataVersion":2230}