[{"name":"Welsknight","amount":138995},{"name":"Zedaph","amount":53171},{"name":"Xisuma","amount":35531},{"name":"falsesymmetry","amount":18601},{"name":"cubfan135","amount":17478},{"name":"GoodTimeWithScar","amount":11179},{"name":"iJevin","amount":8140},{"name":"iskall85","amount":6631},{"name":"Biffa2001","amount":5972},{"name":"Tango","amount":3616},{"name":"xBCrafted","amount":1956},{"name":"impulseSV","amount":1179},{"name":"Docm77","amount":1072},{"name":"PythonGB","amount":888},{"name":"Renthedog","amount":681},{"name":"MumboJumbo","amount":434},{"name":"Stressmonster101","amount":259},{"name":"Etho","amount":185},{"name":"Tinfoilchef","amount":164},{"name":"joehillssays","amount":8},{"name":"VintageBeef","amount":6},{"name":"BdoubleO100","amount":3}]