[{"name":"GoodTimeWithScar","amount":14077},{"name":"MumboJumbo","amount":12358},{"name":"cubfan135","amount":12000},{"name":"Tango","amount":11416},{"name":"Welsknight","amount":11221},{"name":"Zedaph","amount":10783},{"name":"iskall85","amount":10574},{"name":"Xisuma","amount":10471},{"name":"Renthedog","amount":8621},{"name":"falsesymmetry","amount":6527},{"name":"impulseSV","amount":5467},{"name":"xBCrafted","amount":3387},{"name":"Tinfoilchef","amount":2932},{"name":"Docm77","amount":2697},{"name":"Stressmonster101","amount":2691},{"name":"iJevin","amount":2305},{"name":"PythonGB","amount":1676},{"name":"BdoubleO100","amount":1585},{"name":"Biffa2001","amount":736},{"name":"ZombieCleo","amount":647},{"name":"VintageBeef","amount":505},{"name":"joehillssays","amount":473},{"name":"Etho","amount":421},{"name":"xisumavoid","amount":52},{"name":"Mumbo","amount":2},{"name":"EvilXisuma","amount":1}]