[{"name":"xBCrafted","amount":27960954},{"name":"joehillssays","amount":22739034},{"name":"cubfan135","amount":15245361},{"name":"Renthedog","amount":13559123},{"name":"iJevin","amount":10806901},{"name":"iskall85","amount":8766196},{"name":"Tinfoilchef","amount":8298516},{"name":"falsesymmetry","amount":7622943},{"name":"ZombieCleo","amount":7334706},{"name":"BdoubleO100","amount":6741842},{"name":"impulseSV","amount":6646898},{"name":"Xisuma","amount":5921472},{"name":"Zedaph","amount":5768110},{"name":"Tango","amount":4404177},{"name":"PythonGB","amount":4239730},{"name":"VintageBeef","amount":4087908},{"name":"MumboJumbo","amount":3705980},{"name":"Stressmonster101","amount":3153614},{"name":"Welsknight","amount":3063198},{"name":"GoodTimeWithScar","amount":2296768},{"name":"Docm77","amount":2279899},{"name":"Biffa2001","amount":1175519},{"name":"Etho","amount":763835},{"name":"xisumavoid","amount":15580}]