[{"name":"cubfan135","amount":28818},{"name":"MumboJumbo","amount":24903},{"name":"Tango","amount":17599},{"name":"Renthedog","amount":16442},{"name":"Xisuma","amount":10285},{"name":"GoodTimeWithScar","amount":5442},{"name":"Zedaph","amount":5093},{"name":"iskall85","amount":4497},{"name":"Tinfoilchef","amount":3596},{"name":"falsesymmetry","amount":3249},{"name":"impulseSV","amount":3186},{"name":"Etho","amount":1521},{"name":"iJevin","amount":1048},{"name":"xBCrafted","amount":945},{"name":"Welsknight","amount":630},{"name":"PythonGB","amount":544},{"name":"joehillssays","amount":525},{"name":"ZombieCleo","amount":496},{"name":"VintageBeef","amount":360},{"name":"Stressmonster101","amount":288},{"name":"Biffa2001","amount":72},{"name":"BdoubleO100","amount":6}]