[{"name":"Renthedog","amount":59},{"name":"joehillssays","amount":41},{"name":"Tango","amount":28},{"name":"Welsknight","amount":16},{"name":"falsesymmetry","amount":7},{"name":"Etho","amount":7},{"name":"iskall85","amount":6},{"name":"xBCrafted","amount":6},{"name":"cubfan135","amount":6},{"name":"Xisuma","amount":5},{"name":"impulseSV","amount":4},{"name":"VintageBeef","amount":3},{"name":"PythonGB","amount":2},{"name":"ZombieCleo","amount":2},{"name":"GoodTimeWithScar","amount":2},{"name":"Tinfoilchef","amount":2},{"name":"Stressmonster101","amount":2},{"name":"Zedaph","amount":2},{"name":"iJevin","amount":1},{"name":"Biffa2001","amount":1},{"name":"MumboJumbo","amount":1}]