[{"name":"Renthedog","amount":91716},{"name":"MumboJumbo","amount":85060},{"name":"GoodTimeWithScar","amount":64575},{"name":"cubfan135","amount":57988},{"name":"Xisuma","amount":55781},{"name":"impulseSV","amount":46928},{"name":"iskall85","amount":45947},{"name":"falsesymmetry","amount":32626},{"name":"joehillssays","amount":28676},{"name":"Welsknight","amount":26884},{"name":"Tango","amount":22089},{"name":"Stressmonster101","amount":20627},{"name":"BdoubleO100","amount":16474},{"name":"PythonGB","amount":13151},{"name":"xBCrafted","amount":11077},{"name":"Tinfoilchef","amount":9823},{"name":"Zedaph","amount":9127},{"name":"Docm77","amount":6466},{"name":"iJevin","amount":3899},{"name":"Etho","amount":2392},{"name":"ZombieCleo","amount":1051},{"name":"VintageBeef","amount":930},{"name":"Biffa2001","amount":416},{"name":"xisumavoid","amount":233}]