[{"name":"falsesymmetry","amount":61},{"name":"Biffa2001","amount":6},{"name":"cubfan135","amount":5},{"name":"Tango","amount":4},{"name":"MumboJumbo","amount":4},{"name":"Xisuma","amount":3},{"name":"Renthedog","amount":3},{"name":"iJevin","amount":3},{"name":"Etho","amount":3},{"name":"PythonGB","amount":1},{"name":"joehillssays","amount":1},{"name":"iskall85","amount":1},{"name":"xBCrafted","amount":1},{"name":"Tinfoilchef","amount":1},{"name":"Stressmonster101","amount":1},{"name":"Zedaph","amount":1}]