[{"name":"Xisuma","amount":505},{"name":"MumboJumbo","amount":362},{"name":"impulseSV","amount":261},{"name":"Welsknight","amount":212},{"name":"cubfan135","amount":202},{"name":"Tango","amount":136},{"name":"ZombieCleo","amount":81},{"name":"Etho","amount":64},{"name":"Tinfoilchef","amount":64},{"name":"iJevin","amount":59},{"name":"PythonGB","amount":52},{"name":"xBCrafted","amount":43},{"name":"Zedaph","amount":41},{"name":"falsesymmetry","amount":38},{"name":"VintageBeef","amount":36},{"name":"iskall85","amount":22},{"name":"Renthedog","amount":20},{"name":"Biffa2001","amount":10},{"name":"joehillssays","amount":6},{"name":"Docm77","amount":2}]