[{"name":"Renthedog","amount":4503},{"name":"falsesymmetry","amount":1869},{"name":"Tango","amount":1320},{"name":"Xisuma","amount":1191},{"name":"joehillssays","amount":1044},{"name":"impulseSV","amount":930},{"name":"MumboJumbo","amount":819},{"name":"Tinfoilchef","amount":765},{"name":"iskall85","amount":735},{"name":"cubfan135","amount":549},{"name":"GoodTimeWithScar","amount":453},{"name":"Docm77","amount":435},{"name":"Welsknight","amount":435},{"name":"Zedaph","amount":339},{"name":"Biffa2001","amount":279},{"name":"xBCrafted","amount":267},{"name":"Stressmonster101","amount":210},{"name":"Etho","amount":198},{"name":"VintageBeef","amount":120},{"name":"iJevin","amount":120},{"name":"ZombieCleo","amount":102},{"name":"PythonGB","amount":90},{"name":"ImpulseCam","amount":3}]