[{"name":"Tango","amount":7},{"name":"Renthedog","amount":6},{"name":"PythonGB","amount":5},{"name":"xBCrafted","amount":5},{"name":"cubfan135","amount":5},{"name":"impulseSV","amount":5},{"name":"MumboJumbo","amount":4},{"name":"GoodTimeWithScar","amount":4},{"name":"Welsknight","amount":3},{"name":"iJevin","amount":2},{"name":"joehillssays","amount":2},{"name":"iskall85","amount":2},{"name":"Tinfoilchef","amount":2},{"name":"Stressmonster101","amount":2},{"name":"Xisuma","amount":1},{"name":"VintageBeef","amount":1},{"name":"BdoubleO100","amount":1},{"name":"Biffa2001","amount":1},{"name":"Etho","amount":1},{"name":"ZombieCleo","amount":1},{"name":"Zedaph","amount":1}]