[{"name":"Renthedog","amount":3636},{"name":"Welsknight","amount":3060},{"name":"Stressmonster101","amount":2552},{"name":"MumboJumbo","amount":2020},{"name":"falsesymmetry","amount":1800},{"name":"cubfan135","amount":1752},{"name":"GoodTimeWithScar","amount":1648},{"name":"xBCrafted","amount":1124},{"name":"impulseSV","amount":820},{"name":"iJevin","amount":388},{"name":"BdoubleO100","amount":312},{"name":"joehillssays","amount":256},{"name":"Xisuma","amount":224},{"name":"PythonGB","amount":172},{"name":"ZombieCleo","amount":152},{"name":"Tinfoilchef","amount":124},{"name":"VintageBeef","amount":60},{"name":"iskall85","amount":44},{"name":"Zedaph","amount":28}]