[{"name":"GoodTimeWithScar","amount":489},{"name":"Xisuma","amount":274},{"name":"cubfan135","amount":199},{"name":"falsesymmetry","amount":117},{"name":"Stressmonster101","amount":50},{"name":"BdoubleO100","amount":35},{"name":"MumboJumbo","amount":30},{"name":"Welsknight","amount":20},{"name":"Tango","amount":19},{"name":"iskall85","amount":18},{"name":"Renthedog","amount":15},{"name":"Zedaph","amount":14},{"name":"PythonGB","amount":13},{"name":"joehillssays","amount":11},{"name":"xBCrafted","amount":10},{"name":"impulseSV","amount":10},{"name":"VintageBeef","amount":9},{"name":"Docm77","amount":6},{"name":"iJevin","amount":5},{"name":"Tinfoilchef","amount":4},{"name":"Biffa2001","amount":1}]