[{"name":"Tango","amount":6909},{"name":"xBCrafted","amount":2000},{"name":"Tinfoilchef","amount":1461},{"name":"cubfan135","amount":260},{"name":"MumboJumbo","amount":254},{"name":"Zedaph","amount":187},{"name":"falsesymmetry","amount":84},{"name":"PythonGB","amount":66},{"name":"Biffa2001","amount":52},{"name":"impulseSV","amount":46},{"name":"ZombieCleo","amount":45},{"name":"GoodTimeWithScar","amount":41},{"name":"iskall85","amount":25},{"name":"VintageBeef","amount":21},{"name":"Stressmonster101","amount":20},{"name":"Renthedog","amount":13},{"name":"BdoubleO100","amount":10},{"name":"Xisuma","amount":6},{"name":"Docm77","amount":2}]