[{"name":"Renthedog","amount":68},{"name":"joehillssays","amount":16},{"name":"PythonGB","amount":15},{"name":"Zedaph","amount":13},{"name":"Welsknight","amount":12},{"name":"iskall85","amount":9},{"name":"Etho","amount":9},{"name":"xBCrafted","amount":8},{"name":"Tango","amount":7},{"name":"cubfan135","amount":7},{"name":"iJevin","amount":6},{"name":"GoodTimeWithScar","amount":6},{"name":"VintageBeef","amount":4},{"name":"falsesymmetry","amount":4},{"name":"Stressmonster101","amount":4},{"name":"BdoubleO100","amount":3},{"name":"MumboJumbo","amount":3},{"name":"impulseSV","amount":3},{"name":"Docm77","amount":2},{"name":"Xisuma","amount":2},{"name":"Tinfoilchef","amount":2},{"name":"Biffa2001","amount":1},{"name":"ZombieCleo","amount":1}]