[{"name":"cubfan135","amount":173},{"name":"Xisuma","amount":81},{"name":"Tango","amount":76},{"name":"impulseSV","amount":58},{"name":"falsesymmetry","amount":48},{"name":"iskall85","amount":31},{"name":"Renthedog","amount":29},{"name":"Zedaph","amount":24},{"name":"iJevin","amount":22},{"name":"GoodTimeWithScar","amount":22},{"name":"Welsknight","amount":21},{"name":"MumboJumbo","amount":19},{"name":"Stressmonster101","amount":12},{"name":"Tinfoilchef","amount":11},{"name":"xBCrafted","amount":10},{"name":"joehillssays","amount":9},{"name":"PythonGB","amount":8},{"name":"Biffa2001","amount":5},{"name":"BdoubleO100","amount":3},{"name":"ZombieCleo","amount":3},{"name":"Docm77","amount":2},{"name":"VintageBeef","amount":2},{"name":"Etho","amount":2}]