[{"name":"GoodTimeWithScar","amount":45},{"name":"cubfan135","amount":39},{"name":"Stressmonster101","amount":38},{"name":"MumboJumbo","amount":26},{"name":"falsesymmetry","amount":24},{"name":"Etho","amount":18},{"name":"Tinfoilchef","amount":17},{"name":"Xisuma","amount":15},{"name":"Welsknight","amount":15},{"name":"Tango","amount":14},{"name":"iskall85","amount":14},{"name":"Renthedog","amount":12},{"name":"Biffa2001","amount":12},{"name":"PythonGB","amount":11},{"name":"impulseSV","amount":11},{"name":"Zedaph","amount":9},{"name":"iJevin","amount":3},{"name":"xBCrafted","amount":3},{"name":"Docm77","amount":2}]