[{"name":"MumboJumbo","amount":607},{"name":"Welsknight","amount":436},{"name":"Xisuma","amount":420},{"name":"BdoubleO100","amount":402},{"name":"Renthedog","amount":393},{"name":"Tinfoilchef","amount":331},{"name":"GoodTimeWithScar","amount":320},{"name":"impulseSV","amount":220},{"name":"xBCrafted","amount":219},{"name":"cubfan135","amount":199},{"name":"Zedaph","amount":148},{"name":"Tango","amount":143},{"name":"iskall85","amount":112},{"name":"Docm77","amount":99},{"name":"falsesymmetry","amount":98},{"name":"Stressmonster101","amount":88},{"name":"VintageBeef","amount":69},{"name":"iJevin","amount":24},{"name":"PythonGB","amount":11},{"name":"Biffa2001","amount":11},{"name":"Etho","amount":4},{"name":"joehillssays","amount":3}]