[{"name":"Renthedog","amount":8},{"name":"MumboJumbo","amount":8},{"name":"impulseSV","amount":8},{"name":"iJevin","amount":7},{"name":"GoodTimeWithScar","amount":7},{"name":"Tango","amount":5},{"name":"iskall85","amount":5},{"name":"Welsknight","amount":5},{"name":"PythonGB","amount":4},{"name":"joehillssays","amount":3},{"name":"xBCrafted","amount":3},{"name":"Etho","amount":3},{"name":"Zedaph","amount":3},{"name":"falsesymmetry","amount":2},{"name":"Tinfoilchef","amount":2},{"name":"Stressmonster101","amount":2},{"name":"Xisuma","amount":1},{"name":"VintageBeef","amount":1},{"name":"BdoubleO100","amount":1},{"name":"cubfan135","amount":1},{"name":"Biffa2001","amount":1},{"name":"ZombieCleo","amount":1}]