[{"name":"joehillssays","amount":9197},{"name":"Tango","amount":8168},{"name":"falsesymmetry","amount":5101},{"name":"cubfan135","amount":686},{"name":"iskall85","amount":492},{"name":"Biffa2001","amount":448},{"name":"Zedaph","amount":297},{"name":"GoodTimeWithScar","amount":256},{"name":"xBCrafted","amount":237},{"name":"Stressmonster101","amount":195},{"name":"Docm77","amount":128},{"name":"impulseSV","amount":128},{"name":"iJevin","amount":75},{"name":"Xisuma","amount":65},{"name":"VintageBeef","amount":64},{"name":"Tinfoilchef","amount":4}]