[{"name":"iskall85","amount":1855},{"name":"cubfan135","amount":989},{"name":"Renthedog","amount":798},{"name":"GoodTimeWithScar","amount":767},{"name":"Tango","amount":657},{"name":"falsesymmetry","amount":540},{"name":"MumboJumbo","amount":439},{"name":"Zedaph","amount":395},{"name":"Xisuma","amount":297},{"name":"impulseSV","amount":289},{"name":"Stressmonster101","amount":149},{"name":"Biffa2001","amount":137},{"name":"Welsknight","amount":128},{"name":"xBCrafted","amount":64},{"name":"PythonGB","amount":14},{"name":"BdoubleO100","amount":8},{"name":"Docm77","amount":3},{"name":"joehillssays","amount":1}]