[{"name":"cubfan135","amount":49},{"name":"Tango","amount":30},{"name":"falsesymmetry","amount":23},{"name":"MumboJumbo","amount":12},{"name":"PythonGB","amount":7},{"name":"Xisuma","amount":5},{"name":"iskall85","amount":4},{"name":"Renthedog","amount":3},{"name":"Zedaph","amount":3},{"name":"joehillssays","amount":2},{"name":"Tinfoilchef","amount":2},{"name":"impulseSV","amount":2},{"name":"Docm77","amount":1},{"name":"VintageBeef","amount":1},{"name":"iJevin","amount":1},{"name":"BdoubleO100","amount":1},{"name":"xBCrafted","amount":1},{"name":"Welsknight","amount":1},{"name":"GoodTimeWithScar","amount":1},{"name":"Stressmonster101","amount":1}]