[{"name":"impulseSV","amount":20},{"name":"GoodTimeWithScar","amount":12},{"name":"Zedaph","amount":11},{"name":"Xisuma","amount":10},{"name":"VintageBeef","amount":6},{"name":"Biffa2001","amount":5},{"name":"Renthedog","amount":3},{"name":"joehillssays","amount":2},{"name":"Tango","amount":2},{"name":"Welsknight","amount":2},{"name":"BdoubleO100","amount":1},{"name":"cubfan135","amount":1},{"name":"ZombieCleo","amount":1},{"name":"Tinfoilchef","amount":1},{"name":"Stressmonster101","amount":1}]