[{"name":"Renthedog","amount":3576},{"name":"cubfan135","amount":216},{"name":"iskall85","amount":197},{"name":"falsesymmetry","amount":180},{"name":"Xisuma","amount":127},{"name":"GoodTimeWithScar","amount":119},{"name":"xBCrafted","amount":111},{"name":"MumboJumbo","amount":107},{"name":"Tango","amount":90},{"name":"joehillssays","amount":79},{"name":"Stressmonster101","amount":75},{"name":"Welsknight","amount":69},{"name":"impulseSV","amount":55},{"name":"PythonGB","amount":52},{"name":"Zedaph","amount":51},{"name":"iJevin","amount":39},{"name":"Biffa2001","amount":32},{"name":"VintageBeef","amount":30},{"name":"ZombieCleo","amount":28},{"name":"BdoubleO100","amount":27},{"name":"Etho","amount":24},{"name":"Tinfoilchef","amount":24},{"name":"Docm77","amount":20}]