[{"name":"GoodTimeWithScar","amount":7186496},{"name":"cubfan135","amount":4508563},{"name":"Xisuma","amount":2750742},{"name":"iJevin","amount":2205239},{"name":"impulseSV","amount":2110822},{"name":"falsesymmetry","amount":1799137},{"name":"iskall85","amount":1778035},{"name":"PythonGB","amount":1542748},{"name":"Tango","amount":1473977},{"name":"MumboJumbo","amount":1201559},{"name":"Welsknight","amount":1113575},{"name":"Renthedog","amount":1107181},{"name":"joehillssays","amount":1067621},{"name":"Zedaph","amount":697908},{"name":"Tinfoilchef","amount":466145},{"name":"Stressmonster101","amount":425306},{"name":"Docm77","amount":389097},{"name":"Biffa2001","amount":385184},{"name":"Etho","amount":266178},{"name":"ZombieCleo","amount":256449},{"name":"xBCrafted","amount":225888},{"name":"BdoubleO100","amount":196856},{"name":"VintageBeef","amount":185223},{"name":"EvilXisuma","amount":5740},{"name":"xisumavoid","amount":4329},{"name":"TangoCam","amount":80}]