[{"name":"Renthedog","amount":68},{"name":"GoodTimeWithScar","amount":34},{"name":"xBCrafted","amount":23},{"name":"iJevin","amount":18},{"name":"iskall85","amount":13},{"name":"Zedaph","amount":13},{"name":"impulseSV","amount":12},{"name":"Tango","amount":10},{"name":"joehillssays","amount":9},{"name":"Welsknight","amount":8},{"name":"Docm77","amount":7},{"name":"PythonGB","amount":6},{"name":"MumboJumbo","amount":5},{"name":"Tinfoilchef","amount":5},{"name":"Xisuma","amount":4},{"name":"falsesymmetry","amount":4},{"name":"cubfan135","amount":4},{"name":"BdoubleO100","amount":3},{"name":"Etho","amount":3},{"name":"VintageBeef","amount":2},{"name":"ZombieCleo","amount":2},{"name":"Stressmonster101","amount":2},{"name":"Biffa2001","amount":1}]