[{"name":"MumboJumbo","amount":3474},{"name":"Tango","amount":1899},{"name":"cubfan135","amount":1808},{"name":"Xisuma","amount":530},{"name":"impulseSV","amount":516},{"name":"GoodTimeWithScar","amount":332},{"name":"Tinfoilchef","amount":314},{"name":"falsesymmetry","amount":232},{"name":"Zedaph","amount":223},{"name":"Renthedog","amount":166},{"name":"iskall85","amount":165},{"name":"Welsknight","amount":132},{"name":"iJevin","amount":116},{"name":"Docm77","amount":95},{"name":"Etho","amount":73},{"name":"xBCrafted","amount":44},{"name":"PythonGB","amount":43},{"name":"joehillssays","amount":40},{"name":"Stressmonster101","amount":23},{"name":"VintageBeef","amount":12},{"name":"ZombieCleo","amount":11},{"name":"BdoubleO100","amount":1}]