[{"name":"MumboJumbo","amount":16718},{"name":"impulseSV","amount":11807},{"name":"Xisuma","amount":11616},{"name":"cubfan135","amount":3641},{"name":"Tinfoilchef","amount":1472},{"name":"Renthedog","amount":950},{"name":"iskall85","amount":510},{"name":"Tango","amount":503},{"name":"Stressmonster101","amount":253},{"name":"Docm77","amount":152},{"name":"BdoubleO100","amount":133},{"name":"Biffa2001","amount":90},{"name":"GoodTimeWithScar","amount":50},{"name":"PythonGB","amount":47},{"name":"iJevin","amount":42},{"name":"falsesymmetry","amount":28},{"name":"Zedaph","amount":19},{"name":"xBCrafted","amount":2}]