[{"name":"MumboJumbo","amount":120},{"name":"iskall85","amount":53},{"name":"Tango","amount":36},{"name":"xBCrafted","amount":29},{"name":"GoodTimeWithScar","amount":29},{"name":"impulseSV","amount":24},{"name":"Stressmonster101","amount":22},{"name":"Renthedog","amount":17},{"name":"Zedaph","amount":14},{"name":"falsesymmetry","amount":10},{"name":"Tinfoilchef","amount":8},{"name":"VintageBeef","amount":7},{"name":"cubfan135","amount":7},{"name":"Welsknight","amount":6},{"name":"BdoubleO100","amount":2},{"name":"Xisuma","amount":1},{"name":"PythonGB","amount":1},{"name":"Biffa2001","amount":1}]