[{"name":"Tango","amount":3903},{"name":"cubfan135","amount":1538},{"name":"MumboJumbo","amount":1136},{"name":"xBCrafted","amount":272},{"name":"joehillssays","amount":268},{"name":"Xisuma","amount":159},{"name":"Tinfoilchef","amount":137},{"name":"Zedaph","amount":50},{"name":"ZombieCleo","amount":40},{"name":"impulseSV","amount":36},{"name":"iskall85","amount":28},{"name":"Docm77","amount":26},{"name":"iJevin","amount":21},{"name":"falsesymmetry","amount":10},{"name":"VintageBeef","amount":2},{"name":"Stressmonster101","amount":2},{"name":"BdoubleO100","amount":1},{"name":"Welsknight","amount":1}]