[{"name":"cubfan135","amount":1051},{"name":"iskall85","amount":337},{"name":"falsesymmetry","amount":196},{"name":"joehillssays","amount":185},{"name":"Xisuma","amount":174},{"name":"Welsknight","amount":95},{"name":"Stressmonster101","amount":92},{"name":"MumboJumbo","amount":60},{"name":"Zedaph","amount":47},{"name":"Tango","amount":18},{"name":"PythonGB","amount":17},{"name":"impulseSV","amount":15},{"name":"ZombieCleo","amount":13},{"name":"xBCrafted","amount":10},{"name":"BdoubleO100","amount":4}]