[{"name":"GoodTimeWithScar","amount":191},{"name":"Tango","amount":130},{"name":"Zedaph","amount":109},{"name":"Renthedog","amount":102},{"name":"impulseSV","amount":79},{"name":"cubfan135","amount":72},{"name":"joehillssays","amount":46},{"name":"Docm77","amount":45},{"name":"falsesymmetry","amount":44},{"name":"iJevin","amount":43},{"name":"MumboJumbo","amount":35},{"name":"Xisuma","amount":26},{"name":"PythonGB","amount":26},{"name":"iskall85","amount":26},{"name":"Welsknight","amount":21},{"name":"Tinfoilchef","amount":16},{"name":"xisumavoid","amount":12},{"name":"BdoubleO100","amount":8},{"name":"Etho","amount":8},{"name":"ZombieCleo","amount":8},{"name":"xBCrafted","amount":5},{"name":"Biffa2001","amount":5},{"name":"VintageBeef","amount":3},{"name":"Stressmonster101","amount":3},{"name":"EvilXisuma","amount":1},{"name":"Lechaion","amount":1}]