[{"name":"BdoubleO100","amount":28},{"name":"PythonGB","amount":6},{"name":"joehillssays","amount":5},{"name":"Welsknight","amount":4},{"name":"Biffa2001","amount":4},{"name":"Tinfoilchef","amount":3},{"name":"Xisuma","amount":2},{"name":"falsesymmetry","amount":2},{"name":"ZombieCleo","amount":2},{"name":"GoodTimeWithScar","amount":2},{"name":"impulseSV","amount":2},{"name":"Zedaph","amount":2},{"name":"Tango","amount":1},{"name":"iskall85","amount":1},{"name":"cubfan135","amount":1},{"name":"MumboJumbo","amount":1}]