[{"name":"Xisuma","amount":1426},{"name":"MumboJumbo","amount":1395},{"name":"cubfan135","amount":755},{"name":"impulseSV","amount":647},{"name":"Tango","amount":507},{"name":"Zedaph","amount":115},{"name":"Etho","amount":107},{"name":"iskall85","amount":70},{"name":"Welsknight","amount":48},{"name":"Docm77","amount":39},{"name":"Renthedog","amount":34},{"name":"GoodTimeWithScar","amount":33},{"name":"Tinfoilchef","amount":30},{"name":"xBCrafted","amount":24},{"name":"Stressmonster101","amount":20},{"name":"falsesymmetry","amount":13},{"name":"joehillssays","amount":9},{"name":"PythonGB","amount":2},{"name":"iJevin","amount":2},{"name":"VintageBeef","amount":1},{"name":"BdoubleO100","amount":1},{"name":"ZombieCleo","amount":1}]