[{"name":"Zedaph","amount":87},{"name":"PythonGB","amount":61},{"name":"falsesymmetry","amount":29},{"name":"GoodTimeWithScar","amount":21},{"name":"Tango","amount":18},{"name":"MumboJumbo","amount":18},{"name":"cubfan135","amount":17},{"name":"Welsknight","amount":12},{"name":"Biffa2001","amount":12},{"name":"Xisuma","amount":7},{"name":"Renthedog","amount":6},{"name":"iskall85","amount":6},{"name":"impulseSV","amount":5},{"name":"Stressmonster101","amount":4},{"name":"Tinfoilchef","amount":2},{"name":"Docm77","amount":1},{"name":"iJevin","amount":1},{"name":"BdoubleO100","amount":1},{"name":"xBCrafted","amount":1},{"name":"ZombieCleo","amount":1}]