[{"name":"cubfan135","amount":7627},{"name":"falsesymmetry","amount":5772},{"name":"GoodTimeWithScar","amount":4462},{"name":"Xisuma","amount":4287},{"name":"MumboJumbo","amount":4102},{"name":"Tango","amount":3224},{"name":"impulseSV","amount":3095},{"name":"Renthedog","amount":2768},{"name":"iskall85","amount":2374},{"name":"joehillssays","amount":2004},{"name":"xBCrafted","amount":1938},{"name":"Welsknight","amount":1728},{"name":"Zedaph","amount":1691},{"name":"Stressmonster101","amount":1566},{"name":"PythonGB","amount":1524},{"name":"Tinfoilchef","amount":1371},{"name":"iJevin","amount":1191},{"name":"BdoubleO100","amount":884},{"name":"VintageBeef","amount":801},{"name":"ZombieCleo","amount":683},{"name":"Docm77","amount":529},{"name":"Biffa2001","amount":410},{"name":"Etho","amount":385},{"name":"ImpulseCam","amount":2},{"name":"xisumavoid","amount":1}]