[{"name":"Zedaph","amount":128},{"name":"cubfan135","amount":74},{"name":"falsesymmetry","amount":40},{"name":"PythonGB","amount":20},{"name":"MumboJumbo","amount":18},{"name":"GoodTimeWithScar","amount":18},{"name":"Xisuma","amount":16},{"name":"impulseSV","amount":16},{"name":"Tango","amount":14},{"name":"Biffa2001","amount":14},{"name":"Welsknight","amount":12},{"name":"Tinfoilchef","amount":12},{"name":"Stressmonster101","amount":8},{"name":"xBCrafted","amount":6},{"name":"ZombieCleo","amount":6},{"name":"Docm77","amount":2},{"name":"VintageBeef","amount":2},{"name":"BdoubleO100","amount":2},{"name":"iskall85","amount":2}]