[{"name":"cubfan135","amount":699},{"name":"GoodTimeWithScar","amount":668},{"name":"PythonGB","amount":512},{"name":"falsesymmetry","amount":424},{"name":"MumboJumbo","amount":292},{"name":"Xisuma","amount":200},{"name":"impulseSV","amount":200},{"name":"Welsknight","amount":144},{"name":"Tinfoilchef","amount":144},{"name":"VintageBeef","amount":112},{"name":"Zedaph","amount":112},{"name":"iskall85","amount":80},{"name":"xBCrafted","amount":24},{"name":"joehillssays","amount":20},{"name":"Docm77","amount":8},{"name":"iJevin","amount":4},{"name":"Tango","amount":4}]