[{"name":"MumboJumbo","amount":4431},{"name":"cubfan135","amount":2004},{"name":"Xisuma","amount":1687},{"name":"Tango","amount":1574},{"name":"impulseSV","amount":1448},{"name":"iskall85","amount":1416},{"name":"Renthedog","amount":1033},{"name":"GoodTimeWithScar","amount":943},{"name":"Zedaph","amount":741},{"name":"Tinfoilchef","amount":569},{"name":"xBCrafted","amount":470},{"name":"Etho","amount":290},{"name":"Welsknight","amount":227},{"name":"Stressmonster101","amount":142},{"name":"falsesymmetry","amount":98},{"name":"Docm77","amount":82},{"name":"iJevin","amount":76},{"name":"PythonGB","amount":56},{"name":"BdoubleO100","amount":22},{"name":"Biffa2001","amount":17},{"name":"VintageBeef","amount":13},{"name":"joehillssays","amount":8},{"name":"ZombieCleo","amount":8}]