[{"name":"Renthedog","amount":4034},{"name":"MumboJumbo","amount":3388},{"name":"Welsknight","amount":3000},{"name":"xBCrafted","amount":2976},{"name":"GoodTimeWithScar","amount":2506},{"name":"Docm77","amount":1854},{"name":"iskall85","amount":1698},{"name":"Tango","amount":1596},{"name":"impulseSV","amount":1498},{"name":"Xisuma","amount":1296},{"name":"falsesymmetry","amount":990},{"name":"cubfan135","amount":708},{"name":"VintageBeef","amount":606},{"name":"joehillssays","amount":564},{"name":"Tinfoilchef","amount":516},{"name":"PythonGB","amount":432},{"name":"iJevin","amount":300},{"name":"Stressmonster101","amount":252},{"name":"BdoubleO100","amount":156},{"name":"ZombieCleo","amount":144},{"name":"Zedaph","amount":54}]