[{"name":"GoodTimeWithScar","amount":3125},{"name":"BdoubleO100","amount":791},{"name":"Xisuma","amount":556},{"name":"Stressmonster101","amount":230},{"name":"Tango","amount":215},{"name":"falsesymmetry","amount":92},{"name":"Etho","amount":68},{"name":"iskall85","amount":52},{"name":"cubfan135","amount":48},{"name":"Zedaph","amount":47},{"name":"Docm77","amount":28},{"name":"Renthedog","amount":22},{"name":"Biffa2001","amount":21},{"name":"Welsknight","amount":16},{"name":"ZombieCleo","amount":15},{"name":"PythonGB","amount":11},{"name":"joehillssays","amount":11},{"name":"xBCrafted","amount":9},{"name":"iJevin","amount":7},{"name":"impulseSV","amount":5},{"name":"VintageBeef","amount":3},{"name":"MumboJumbo","amount":3}]