[{"name":"Renthedog","amount":59},{"name":"falsesymmetry","amount":40},{"name":"joehillssays","amount":39},{"name":"Tango","amount":28},{"name":"Welsknight","amount":18},{"name":"Zedaph","amount":13},{"name":"Xisuma","amount":9},{"name":"xBCrafted","amount":9},{"name":"cubfan135","amount":8},{"name":"iskall85","amount":6},{"name":"impulseSV","amount":5},{"name":"VintageBeef","amount":4},{"name":"Etho","amount":4},{"name":"GoodTimeWithScar","amount":3},{"name":"Biffa2001","amount":2},{"name":"ZombieCleo","amount":2},{"name":"Stressmonster101","amount":2},{"name":"PythonGB","amount":1},{"name":"iJevin","amount":1},{"name":"BdoubleO100","amount":1},{"name":"MumboJumbo","amount":1},{"name":"Tinfoilchef","amount":1}]