[{"name":"Welsknight","amount":1566},{"name":"GoodTimeWithScar","amount":1281},{"name":"Stressmonster101","amount":1281},{"name":"falsesymmetry","amount":1020},{"name":"cubfan135","amount":945},{"name":"Xisuma","amount":456},{"name":"MumboJumbo","amount":384},{"name":"ZombieCleo","amount":282},{"name":"iJevin","amount":240},{"name":"xBCrafted","amount":213},{"name":"BdoubleO100","amount":174},{"name":"PythonGB","amount":135},{"name":"joehillssays","amount":120},{"name":"Renthedog","amount":105},{"name":"Tinfoilchef","amount":87},{"name":"iskall85","amount":78},{"name":"VintageBeef","amount":45},{"name":"Zedaph","amount":33}]