[{"name":"Renthedog","amount":8820},{"name":"falsesymmetry","amount":7992},{"name":"impulseSV","amount":6700},{"name":"Welsknight","amount":6160},{"name":"Xisuma","amount":5600},{"name":"GoodTimeWithScar","amount":4672},{"name":"joehillssays","amount":4432},{"name":"xBCrafted","amount":4044},{"name":"Tinfoilchef","amount":2148},{"name":"MumboJumbo","amount":1300},{"name":"PythonGB","amount":1124},{"name":"iJevin","amount":1072},{"name":"cubfan135","amount":1012},{"name":"Tango","amount":788},{"name":"VintageBeef","amount":376},{"name":"iskall85","amount":284},{"name":"Stressmonster101","amount":140},{"name":"BdoubleO100","amount":88},{"name":"Zedaph","amount":88},{"name":"Docm77","amount":72}]