[{"name":"Renthedog","amount":92},{"name":"falsesymmetry","amount":92},{"name":"cubfan135","amount":72},{"name":"Welsknight","amount":46},{"name":"joehillssays","amount":40},{"name":"iskall85","amount":35},{"name":"Stressmonster101","amount":29},{"name":"Tango","amount":23},{"name":"xBCrafted","amount":23},{"name":"MumboJumbo","amount":22},{"name":"Xisuma","amount":16},{"name":"BdoubleO100","amount":16},{"name":"impulseSV","amount":14},{"name":"VintageBeef","amount":12},{"name":"GoodTimeWithScar","amount":12},{"name":"Zedaph","amount":12},{"name":"Tinfoilchef","amount":8},{"name":"ZombieCleo","amount":7},{"name":"iJevin","amount":5},{"name":"Etho","amount":4},{"name":"Docm77","amount":3},{"name":"Biffa2001","amount":3},{"name":"PythonGB","amount":2}]