[{"name":"Renthedog","amount":2078},{"name":"cubfan135","amount":147},{"name":"MumboJumbo","amount":145},{"name":"xBCrafted","amount":99},{"name":"Zedaph","amount":66},{"name":"joehillssays","amount":64},{"name":"iskall85","amount":38},{"name":"GoodTimeWithScar","amount":23},{"name":"Stressmonster101","amount":20},{"name":"Tinfoilchef","amount":14},{"name":"Tango","amount":13},{"name":"impulseSV","amount":6},{"name":"falsesymmetry","amount":5},{"name":"Biffa2001","amount":5},{"name":"Etho","amount":4},{"name":"Xisuma","amount":3},{"name":"iJevin","amount":2}]