[{"name":"MumboJumbo","amount":39024},{"name":"falsesymmetry","amount":36789},{"name":"cubfan135","amount":36349},{"name":"GoodTimeWithScar","amount":34528},{"name":"Renthedog","amount":32496},{"name":"impulseSV","amount":27617},{"name":"Tango","amount":25651},{"name":"Xisuma","amount":22082},{"name":"Tinfoilchef","amount":19297},{"name":"PythonGB","amount":17686},{"name":"Welsknight","amount":17256},{"name":"iskall85","amount":16695},{"name":"joehillssays","amount":16446},{"name":"iJevin","amount":12945},{"name":"Zedaph","amount":12591},{"name":"xBCrafted","amount":12589},{"name":"Stressmonster101","amount":7700},{"name":"Docm77","amount":4301},{"name":"ZombieCleo","amount":4019},{"name":"VintageBeef","amount":3946},{"name":"Biffa2001","amount":3903},{"name":"BdoubleO100","amount":3640},{"name":"Etho","amount":2017},{"name":"xisumavoid","amount":80},{"name":"TangoCam","amount":16},{"name":"ImpulseCam","amount":13},{"name":"EvilXisuma","amount":1},{"name":"isGall85","amount":1},{"name":"Mumbo","amount":1}]