[{"name":"falsesymmetry","amount":565},{"name":"GoodTimeWithScar","amount":248},{"name":"cubfan135","amount":155},{"name":"Stressmonster101","amount":36},{"name":"iskall85","amount":35},{"name":"Welsknight","amount":31},{"name":"VintageBeef","amount":27},{"name":"iJevin","amount":22},{"name":"PythonGB","amount":19},{"name":"Xisuma","amount":18},{"name":"joehillssays","amount":18},{"name":"Tinfoilchef","amount":18},{"name":"MumboJumbo","amount":10},{"name":"Tango","amount":7},{"name":"xBCrafted","amount":2},{"name":"BdoubleO100","amount":1}]