[{"name":"GoodTimeWithScar","amount":33731},{"name":"Tango","amount":32529},{"name":"cubfan135","amount":27042},{"name":"Renthedog","amount":25706},{"name":"Xisuma","amount":21890},{"name":"impulseSV","amount":16139},{"name":"MumboJumbo","amount":13601},{"name":"iskall85","amount":11619},{"name":"Zedaph","amount":9582},{"name":"falsesymmetry","amount":7386},{"name":"Tinfoilchef","amount":6693},{"name":"Welsknight","amount":5160},{"name":"xBCrafted","amount":5103},{"name":"PythonGB","amount":3852},{"name":"Etho","amount":3605},{"name":"iJevin","amount":2612},{"name":"Stressmonster101","amount":2102},{"name":"joehillssays","amount":2042},{"name":"Biffa2001","amount":1766},{"name":"VintageBeef","amount":772},{"name":"Docm77","amount":762},{"name":"ZombieCleo","amount":736},{"name":"BdoubleO100","amount":597}]