[{"name":"GoodTimeWithScar","amount":30764},{"name":"cubfan135","amount":8199},{"name":"iskall85","amount":7728},{"name":"Welsknight","amount":5754},{"name":"joehillssays","amount":4668},{"name":"falsesymmetry","amount":3990},{"name":"impulseSV","amount":2214},{"name":"Tango","amount":1974},{"name":"Xisuma","amount":1725},{"name":"MumboJumbo","amount":1326},{"name":"Renthedog","amount":1090},{"name":"xBCrafted","amount":1002},{"name":"PythonGB","amount":882},{"name":"Stressmonster101","amount":162},{"name":"iJevin","amount":138},{"name":"Zedaph","amount":129},{"name":"ZombieCleo","amount":81},{"name":"BdoubleO100","amount":54},{"name":"Tinfoilchef","amount":45},{"name":"Docm77","amount":24},{"name":"VintageBeef","amount":24},{"name":"Biffa2001","amount":9}]