[{"name":"Renthedog","amount":28958},{"name":"cubfan135","amount":8616},{"name":"Tinfoilchef","amount":3533},{"name":"MumboJumbo","amount":2440},{"name":"iskall85","amount":2377},{"name":"falsesymmetry","amount":424},{"name":"GoodTimeWithScar","amount":288},{"name":"Zedaph","amount":282},{"name":"ZombieCleo","amount":153},{"name":"Xisuma","amount":108},{"name":"Docm77","amount":90},{"name":"BdoubleO100","amount":66},{"name":"iJevin","amount":63},{"name":"xBCrafted","amount":63},{"name":"impulseSV","amount":59},{"name":"joehillssays","amount":54},{"name":"Stressmonster101","amount":45},{"name":"PythonGB","amount":43},{"name":"Tango","amount":27},{"name":"VintageBeef","amount":18}]