[{"name":"Renthedog","amount":3457},{"name":"cubfan135","amount":152},{"name":"GoodTimeWithScar","amount":77},{"name":"Zedaph","amount":77},{"name":"falsesymmetry","amount":54},{"name":"MumboJumbo","amount":36},{"name":"Xisuma","amount":20},{"name":"xBCrafted","amount":7},{"name":"impulseSV","amount":5},{"name":"joehillssays","amount":4},{"name":"iskall85","amount":4},{"name":"Docm77","amount":3},{"name":"ZombieCleo","amount":2},{"name":"VintageBeef","amount":1},{"name":"PythonGB","amount":1},{"name":"iJevin","amount":1}]