[{"name":"MumboJumbo","amount":29332},{"name":"Docm77","amount":18761},{"name":"Zedaph","amount":10842},{"name":"Tango","amount":8280},{"name":"impulseSV","amount":2435},{"name":"Renthedog","amount":2202},{"name":"iskall85","amount":1505},{"name":"cubfan135","amount":1163},{"name":"Stressmonster101","amount":748},{"name":"Xisuma","amount":535},{"name":"Tinfoilchef","amount":370},{"name":"iJevin","amount":285},{"name":"xBCrafted","amount":134},{"name":"falsesymmetry","amount":100},{"name":"GoodTimeWithScar","amount":89},{"name":"ZombieCleo","amount":85},{"name":"PythonGB","amount":9},{"name":"joehillssays","amount":9},{"name":"Biffa2001","amount":1},{"name":"Etho","amount":1}]