[{"name":"Tango","amount":15440},{"name":"Xisuma","amount":9575},{"name":"cubfan135","amount":3393},{"name":"iskall85","amount":501},{"name":"GoodTimeWithScar","amount":351},{"name":"Tinfoilchef","amount":319},{"name":"joehillssays","amount":274},{"name":"impulseSV","amount":108},{"name":"ZombieCleo","amount":89},{"name":"PythonGB","amount":72},{"name":"Zedaph","amount":24},{"name":"iJevin","amount":19},{"name":"Docm77","amount":16},{"name":"MumboJumbo","amount":12},{"name":"BdoubleO100","amount":3},{"name":"Stressmonster101","amount":3}]