[{"name":"Welsknight","amount":9056},{"name":"Renthedog","amount":3508},{"name":"GoodTimeWithScar","amount":1436},{"name":"cubfan135","amount":1420},{"name":"xBCrafted","amount":992},{"name":"falsesymmetry","amount":672},{"name":"joehillssays","amount":588},{"name":"Stressmonster101","amount":412},{"name":"Xisuma","amount":316},{"name":"MumboJumbo","amount":304},{"name":"BdoubleO100","amount":168},{"name":"impulseSV","amount":40},{"name":"PythonGB","amount":16},{"name":"iJevin","amount":4},{"name":"iskall85","amount":4}]