[{"name":"impulseSV","amount":472},{"name":"Welsknight","amount":391},{"name":"cubfan135","amount":388},{"name":"PythonGB","amount":184},{"name":"joehillssays","amount":160},{"name":"xBCrafted","amount":145},{"name":"falsesymmetry","amount":129},{"name":"Tango","amount":93},{"name":"iskall85","amount":88},{"name":"Zedaph","amount":65},{"name":"iJevin","amount":58},{"name":"Stressmonster101","amount":44},{"name":"BdoubleO100","amount":38},{"name":"Tinfoilchef","amount":37},{"name":"VintageBeef","amount":30},{"name":"ZombieCleo","amount":27},{"name":"MumboJumbo","amount":27},{"name":"Etho","amount":22},{"name":"Renthedog","amount":21},{"name":"Xisuma","amount":10},{"name":"Docm77","amount":3}]