[{"name":"Tango","amount":398},{"name":"MumboJumbo","amount":373},{"name":"cubfan135","amount":240},{"name":"Tinfoilchef","amount":210},{"name":"Xisuma","amount":204},{"name":"impulseSV","amount":174},{"name":"iJevin","amount":167},{"name":"iskall85","amount":123},{"name":"Renthedog","amount":116},{"name":"Welsknight","amount":104},{"name":"Zedaph","amount":83},{"name":"PythonGB","amount":62},{"name":"xBCrafted","amount":62},{"name":"falsesymmetry","amount":53},{"name":"BdoubleO100","amount":48},{"name":"GoodTimeWithScar","amount":42},{"name":"Etho","amount":21},{"name":"Docm77","amount":20},{"name":"Stressmonster101","amount":15},{"name":"VintageBeef","amount":12},{"name":"joehillssays","amount":11},{"name":"Biffa2001","amount":1},{"name":"ZombieCleo","amount":1}]