[{"name":"MumboJumbo","amount":100},{"name":"Tango","amount":52},{"name":"Zedaph","amount":29},{"name":"cubfan135","amount":28},{"name":"GoodTimeWithScar","amount":24},{"name":"Xisuma","amount":10},{"name":"iskall85","amount":9},{"name":"Renthedog","amount":6},{"name":"impulseSV","amount":6},{"name":"falsesymmetry","amount":5},{"name":"Stressmonster101","amount":3},{"name":"PythonGB","amount":1},{"name":"BdoubleO100","amount":1},{"name":"xBCrafted","amount":1},{"name":"Welsknight","amount":1},{"name":"Biffa2001","amount":1}]