[{"name":"Tango","amount":5853},{"name":"cubfan135","amount":4338},{"name":"Renthedog","amount":4016},{"name":"MumboJumbo","amount":3280},{"name":"Xisuma","amount":2688},{"name":"Zedaph","amount":2083},{"name":"impulseSV","amount":1488},{"name":"Tinfoilchef","amount":768},{"name":"GoodTimeWithScar","amount":720},{"name":"falsesymmetry","amount":704},{"name":"iskall85","amount":640},{"name":"VintageBeef","amount":544},{"name":"iJevin","amount":416},{"name":"Stressmonster101","amount":288},{"name":"PythonGB","amount":224},{"name":"ZombieCleo","amount":192},{"name":"Docm77","amount":112},{"name":"Welsknight","amount":32},{"name":"BdoubleO100","amount":16},{"name":"xBCrafted","amount":16}]