[{"name":"cubfan135","amount":4327},{"name":"Renthedog","amount":1576},{"name":"falsesymmetry","amount":1192},{"name":"impulseSV","amount":1047},{"name":"MumboJumbo","amount":1026},{"name":"iskall85","amount":566},{"name":"joehillssays","amount":514},{"name":"GoodTimeWithScar","amount":495},{"name":"Tango","amount":399},{"name":"Xisuma","amount":315},{"name":"PythonGB","amount":306},{"name":"Zedaph","amount":240},{"name":"xBCrafted","amount":183},{"name":"Stressmonster101","amount":150},{"name":"Docm77","amount":132},{"name":"Welsknight","amount":99},{"name":"Tinfoilchef","amount":84},{"name":"BdoubleO100","amount":60},{"name":"Biffa2001","amount":51},{"name":"ZombieCleo","amount":48},{"name":"iJevin","amount":36},{"name":"Etho","amount":33},{"name":"VintageBeef","amount":15}]