[{"name":"falsesymmetry","amount":142},{"name":"PythonGB","amount":113},{"name":"cubfan135","amount":113},{"name":"GoodTimeWithScar","amount":59},{"name":"Zedaph","amount":56},{"name":"Xisuma","amount":43},{"name":"Welsknight","amount":39},{"name":"Tango","amount":37},{"name":"joehillssays","amount":32},{"name":"Renthedog","amount":31},{"name":"MumboJumbo","amount":27},{"name":"Tinfoilchef","amount":16},{"name":"impulseSV","amount":16},{"name":"iskall85","amount":15},{"name":"Stressmonster101","amount":14},{"name":"BdoubleO100","amount":4},{"name":"xBCrafted","amount":4},{"name":"iJevin","amount":3},{"name":"Docm77","amount":2},{"name":"xisumavoid","amount":1}]