[{"name":"MumboJumbo","amount":8059},{"name":"Tango","amount":5650},{"name":"Renthedog","amount":3570},{"name":"cubfan135","amount":3273},{"name":"impulseSV","amount":2937},{"name":"iskall85","amount":2876},{"name":"Xisuma","amount":2830},{"name":"GoodTimeWithScar","amount":2266},{"name":"xBCrafted","amount":1199},{"name":"Welsknight","amount":1173},{"name":"falsesymmetry","amount":1124},{"name":"iJevin","amount":1089},{"name":"Tinfoilchef","amount":1041},{"name":"Zedaph","amount":644},{"name":"PythonGB","amount":553},{"name":"Etho","amount":546},{"name":"Stressmonster101","amount":468},{"name":"Biffa2001","amount":254},{"name":"joehillssays","amount":248},{"name":"Docm77","amount":223},{"name":"ZombieCleo","amount":103},{"name":"BdoubleO100","amount":97},{"name":"VintageBeef","amount":68}]