[{"name":"Renthedog","amount":68},{"name":"MumboJumbo","amount":32},{"name":"falsesymmetry","amount":25},{"name":"joehillssays","amount":16},{"name":"GoodTimeWithScar","amount":16},{"name":"iJevin","amount":14},{"name":"iskall85","amount":13},{"name":"xBCrafted","amount":12},{"name":"impulseSV","amount":12},{"name":"cubfan135","amount":11},{"name":"Tango","amount":10},{"name":"BdoubleO100","amount":10},{"name":"Stressmonster101","amount":8},{"name":"Etho","amount":6},{"name":"Docm77","amount":5},{"name":"Xisuma","amount":4},{"name":"ZombieCleo","amount":4},{"name":"VintageBeef","amount":3},{"name":"PythonGB","amount":3},{"name":"Welsknight","amount":3},{"name":"Zedaph","amount":3},{"name":"Biffa2001","amount":2},{"name":"Tinfoilchef","amount":1}]