[{"name":"impulseSV","amount":10211},{"name":"GoodTimeWithScar","amount":9776},{"name":"cubfan135","amount":6043},{"name":"PythonGB","amount":4256},{"name":"Renthedog","amount":4000},{"name":"xBCrafted","amount":3909},{"name":"MumboJumbo","amount":3824},{"name":"falsesymmetry","amount":3472},{"name":"Tango","amount":3392},{"name":"Welsknight","amount":2336},{"name":"iskall85","amount":1776},{"name":"Xisuma","amount":1184},{"name":"Tinfoilchef","amount":1136},{"name":"ZombieCleo","amount":464},{"name":"Zedaph","amount":368},{"name":"joehillssays","amount":208},{"name":"iJevin","amount":192},{"name":"BdoubleO100","amount":112},{"name":"Docm77","amount":32},{"name":"VintageBeef","amount":32}]