[{"name":"cubfan135","amount":17},{"name":"Zedaph","amount":17},{"name":"Tango","amount":10},{"name":"iskall85","amount":7},{"name":"impulseSV","amount":6},{"name":"GoodTimeWithScar","amount":5},{"name":"BdoubleO100","amount":4},{"name":"MumboJumbo","amount":4},{"name":"Xisuma","amount":3},{"name":"PythonGB","amount":3},{"name":"Welsknight","amount":3},{"name":"VintageBeef","amount":2},{"name":"falsesymmetry","amount":2},{"name":"Etho","amount":2},{"name":"Renthedog","amount":1},{"name":"xBCrafted","amount":1}]