[{"name":"Renthedog","amount":59},{"name":"cubfan135","amount":51},{"name":"Tango","amount":50},{"name":"joehillssays","amount":45},{"name":"Welsknight","amount":25},{"name":"falsesymmetry","amount":17},{"name":"Zedaph","amount":9},{"name":"Xisuma","amount":6},{"name":"VintageBeef","amount":6},{"name":"xBCrafted","amount":6},{"name":"iskall85","amount":5},{"name":"impulseSV","amount":5},{"name":"Etho","amount":3},{"name":"MumboJumbo","amount":3},{"name":"Stressmonster101","amount":3},{"name":"PythonGB","amount":2},{"name":"Biffa2001","amount":2},{"name":"ZombieCleo","amount":2},{"name":"GoodTimeWithScar","amount":2},{"name":"Tinfoilchef","amount":2},{"name":"Docm77","amount":1},{"name":"iJevin","amount":1}]