[{"name":"Renthedog","amount":56},{"name":"Tango","amount":10},{"name":"Xisuma","amount":9},{"name":"BdoubleO100","amount":7},{"name":"iskall85","amount":6},{"name":"Tinfoilchef","amount":6},{"name":"GoodTimeWithScar","amount":5},{"name":"ZombieCleo","amount":4},{"name":"cubfan135","amount":3},{"name":"Welsknight","amount":3},{"name":"MumboJumbo","amount":3},{"name":"Zedaph","amount":3},{"name":"iJevin","amount":2},{"name":"xBCrafted","amount":2},{"name":"falsesymmetry","amount":2},{"name":"Biffa2001","amount":2},{"name":"impulseSV","amount":2},{"name":"VintageBeef","amount":1},{"name":"PythonGB","amount":1},{"name":"joehillssays","amount":1},{"name":"Etho","amount":1}]