[{"name":"Renthedog","amount":58},{"name":"impulseSV","amount":15},{"name":"Tango","amount":14},{"name":"MumboJumbo","amount":7},{"name":"Tinfoilchef","amount":6},{"name":"ZombieCleo","amount":5},{"name":"Zedaph","amount":5},{"name":"GoodTimeWithScar","amount":4},{"name":"joehillssays","amount":3},{"name":"xBCrafted","amount":3},{"name":"Welsknight","amount":3},{"name":"PythonGB","amount":2},{"name":"Stressmonster101","amount":2},{"name":"VintageBeef","amount":1},{"name":"iskall85","amount":1},{"name":"falsesymmetry","amount":1},{"name":"cubfan135","amount":1},{"name":"Biffa2001","amount":1}]