[{"name":"GoodTimeWithScar","amount":1231},{"name":"Tango","amount":767},{"name":"cubfan135","amount":490},{"name":"MumboJumbo","amount":452},{"name":"Zedaph","amount":308},{"name":"iskall85","amount":285},{"name":"Xisuma","amount":190},{"name":"falsesymmetry","amount":101},{"name":"impulseSV","amount":28},{"name":"xBCrafted","amount":17},{"name":"BdoubleO100","amount":14},{"name":"Renthedog","amount":6},{"name":"Welsknight","amount":4},{"name":"ZombieCleo","amount":3},{"name":"Stressmonster101","amount":3},{"name":"iJevin","amount":2},{"name":"Tinfoilchef","amount":1}]