[{"name":"Renthedog","amount":902},{"name":"falsesymmetry","amount":130},{"name":"iskall85","amount":121},{"name":"Tango","amount":71},{"name":"cubfan135","amount":71},{"name":"Welsknight","amount":64},{"name":"joehillssays","amount":60},{"name":"PythonGB","amount":58},{"name":"GoodTimeWithScar","amount":48},{"name":"Xisuma","amount":35},{"name":"xBCrafted","amount":28},{"name":"Zedaph","amount":16},{"name":"BdoubleO100","amount":15},{"name":"VintageBeef","amount":12},{"name":"ZombieCleo","amount":10},{"name":"Stressmonster101","amount":6},{"name":"iJevin","amount":5},{"name":"impulseSV","amount":2},{"name":"Biffa2001","amount":1},{"name":"MumboJumbo","amount":1}]