[{"name":"impulseSV","amount":5426833},{"name":"Tinfoilchef","amount":4761506},{"name":"joehillssays","amount":3709109},{"name":"Tango","amount":3642861},{"name":"Xisuma","amount":3182149},{"name":"cubfan135","amount":2610788},{"name":"falsesymmetry","amount":2235021},{"name":"MumboJumbo","amount":2228194},{"name":"GoodTimeWithScar","amount":2063076},{"name":"Renthedog","amount":2055130},{"name":"Welsknight","amount":1856009},{"name":"xBCrafted","amount":1629512},{"name":"Docm77","amount":1580334},{"name":"iskall85","amount":1557462},{"name":"Stressmonster101","amount":1210832},{"name":"iJevin","amount":1091962},{"name":"PythonGB","amount":948062},{"name":"BdoubleO100","amount":930613},{"name":"Zedaph","amount":889847},{"name":"VintageBeef","amount":503272},{"name":"Etho","amount":338653},{"name":"Biffa2001","amount":270042},{"name":"ZombieCleo","amount":205466},{"name":"TangoCam","amount":6567},{"name":"isGall85","amount":1458},{"name":"xisumavoid","amount":921}]