[{"name":"cubfan135","amount":372614312},{"name":"GoodTimeWithScar","amount":289888395},{"name":"Tango","amount":186324790},{"name":"Xisuma","amount":153965654},{"name":"impulseSV","amount":138982600},{"name":"MumboJumbo","amount":129417947},{"name":"Renthedog","amount":128462944},{"name":"falsesymmetry","amount":108181221},{"name":"Tinfoilchef","amount":103780740},{"name":"xBCrafted","amount":100405808},{"name":"Welsknight","amount":99019607},{"name":"iskall85","amount":96834469},{"name":"joehillssays","amount":86571987},{"name":"Zedaph","amount":65924619},{"name":"Stressmonster101","amount":56514811},{"name":"iJevin","amount":56230671},{"name":"PythonGB","amount":56152159},{"name":"ZombieCleo","amount":30609063},{"name":"BdoubleO100","amount":29468807},{"name":"Docm77","amount":26568986},{"name":"VintageBeef","amount":23095808},{"name":"Biffa2001","amount":11649257},{"name":"Etho","amount":9989023},{"name":"xisumavoid","amount":81431},{"name":"BadTimeWithScar","amount":66123},{"name":"TangoCam","amount":59299},{"name":"EvilXisuma","amount":32600},{"name":"ImpulseCam","amount":19810},{"name":"isGall85","amount":11820},{"name":"WFRTNews","amount":2379},{"name":"Stressmonsterin","amount":2307},{"name":"Mumbo","amount":2109},{"name":"WelsCam","amount":1462},{"name":"renthebob","amount":1201},{"name":"WellsGlazes","amount":873},{"name":"Biffa001","amount":540},{"name":"Lechaion","amount":451},{"name":"ZedCam","amount":43}]