[{"name":"iJevin","amount":457},{"name":"Welsknight","amount":354},{"name":"falsesymmetry","amount":348},{"name":"MumboJumbo","amount":341},{"name":"Renthedog","amount":327},{"name":"cubfan135","amount":282},{"name":"GoodTimeWithScar","amount":252},{"name":"Tango","amount":214},{"name":"Xisuma","amount":209},{"name":"PythonGB","amount":156},{"name":"Zedaph","amount":133},{"name":"impulseSV","amount":131},{"name":"Biffa2001","amount":126},{"name":"Stressmonster101","amount":81},{"name":"joehillssays","amount":74},{"name":"xBCrafted","amount":72},{"name":"Docm77","amount":70},{"name":"ZombieCleo","amount":55},{"name":"VintageBeef","amount":47},{"name":"iskall85","amount":44},{"name":"BdoubleO100","amount":6},{"name":"Tinfoilchef","amount":3}]