[{"name":"Renthedog","amount":26},{"name":"GoodTimeWithScar","amount":25},{"name":"iskall85","amount":21},{"name":"xBCrafted","amount":11},{"name":"Tango","amount":9},{"name":"impulseSV","amount":7},{"name":"Docm77","amount":4},{"name":"falsesymmetry","amount":4},{"name":"Zedaph","amount":3},{"name":"iJevin","amount":2},{"name":"BdoubleO100","amount":2},{"name":"MumboJumbo","amount":2},{"name":"Stressmonster101","amount":2},{"name":"PythonGB","amount":1},{"name":"cubfan135","amount":1},{"name":"Biffa2001","amount":1}]