[{"name":"Renthedog","amount":11367},{"name":"MumboJumbo","amount":8999},{"name":"Tango","amount":5754},{"name":"cubfan135","amount":5632},{"name":"Xisuma","amount":4836},{"name":"impulseSV","amount":2712},{"name":"iskall85","amount":2432},{"name":"GoodTimeWithScar","amount":1649},{"name":"Zedaph","amount":1514},{"name":"Tinfoilchef","amount":1044},{"name":"falsesymmetry","amount":939},{"name":"Welsknight","amount":568},{"name":"Docm77","amount":544},{"name":"Etho","amount":452},{"name":"xBCrafted","amount":324},{"name":"iJevin","amount":229},{"name":"Stressmonster101","amount":190},{"name":"ZombieCleo","amount":126},{"name":"joehillssays","amount":104},{"name":"PythonGB","amount":93},{"name":"VintageBeef","amount":31},{"name":"BdoubleO100","amount":1}]