[{"name":"cubfan135","amount":1620},{"name":"Tango","amount":1029},{"name":"impulseSV","amount":696},{"name":"MumboJumbo","amount":577},{"name":"Xisuma","amount":560},{"name":"GoodTimeWithScar","amount":336},{"name":"iskall85","amount":200},{"name":"Zedaph","amount":120},{"name":"falsesymmetry","amount":118},{"name":"Renthedog","amount":117},{"name":"Docm77","amount":72},{"name":"iJevin","amount":42},{"name":"xBCrafted","amount":25},{"name":"Etho","amount":18},{"name":"Welsknight","amount":10},{"name":"Stressmonster101","amount":4},{"name":"PythonGB","amount":3},{"name":"joehillssays","amount":2}]