[{"name":"Tango","amount":377},{"name":"MumboJumbo","amount":353},{"name":"cubfan135","amount":218},{"name":"Xisuma","amount":203},{"name":"impulseSV","amount":116},{"name":"iskall85","amount":101},{"name":"Tinfoilchef","amount":73},{"name":"falsesymmetry","amount":36},{"name":"iJevin","amount":34},{"name":"Zedaph","amount":34},{"name":"xBCrafted","amount":22},{"name":"Welsknight","amount":18},{"name":"PythonGB","amount":14},{"name":"GoodTimeWithScar","amount":14},{"name":"Docm77","amount":13},{"name":"Stressmonster101","amount":13},{"name":"Renthedog","amount":11},{"name":"Etho","amount":11},{"name":"VintageBeef","amount":5},{"name":"BdoubleO100","amount":2},{"name":"joehillssays","amount":1}]