[{"name":"cubfan135","amount":1156},{"name":"iskall85","amount":405},{"name":"Xisuma","amount":325},{"name":"Welsknight","amount":315},{"name":"joehillssays","amount":154},{"name":"Renthedog","amount":116},{"name":"falsesymmetry","amount":93},{"name":"GoodTimeWithScar","amount":91},{"name":"Zedaph","amount":66},{"name":"PythonGB","amount":52},{"name":"MumboJumbo","amount":35},{"name":"Tango","amount":26},{"name":"iJevin","amount":18},{"name":"Stressmonster101","amount":18},{"name":"Docm77","amount":5},{"name":"VintageBeef","amount":4},{"name":"Tinfoilchef","amount":4}]