[{"name":"cubfan135","amount":480},{"name":"impulseSV","amount":124},{"name":"Xisuma","amount":119},{"name":"Tango","amount":109},{"name":"MumboJumbo","amount":71},{"name":"GoodTimeWithScar","amount":68},{"name":"Zedaph","amount":48},{"name":"iskall85","amount":43},{"name":"Renthedog","amount":41},{"name":"Welsknight","amount":34},{"name":"falsesymmetry","amount":32},{"name":"xBCrafted","amount":29},{"name":"PythonGB","amount":19},{"name":"iJevin","amount":14},{"name":"Stressmonster101","amount":14},{"name":"Docm77","amount":13},{"name":"Biffa2001","amount":3},{"name":"Etho","amount":1}]