[{"name":"Renthedog","amount":61},{"name":"Welsknight","amount":11},{"name":"Tinfoilchef","amount":7},{"name":"PythonGB","amount":4},{"name":"cubfan135","amount":4},{"name":"Tango","amount":3},{"name":"xBCrafted","amount":3},{"name":"Biffa2001","amount":3},{"name":"Zedaph","amount":3},{"name":"Xisuma","amount":2},{"name":"VintageBeef","amount":2},{"name":"BdoubleO100","amount":2},{"name":"falsesymmetry","amount":2},{"name":"Etho","amount":2},{"name":"Stressmonster101","amount":2},{"name":"impulseSV","amount":2},{"name":"iJevin","amount":1},{"name":"joehillssays","amount":1},{"name":"iskall85","amount":1},{"name":"ZombieCleo","amount":1}]