[{"name":"Tango","amount":58190},{"name":"cubfan135","amount":14944},{"name":"joehillssays","amount":3927},{"name":"Welsknight","amount":2544},{"name":"falsesymmetry","amount":934},{"name":"Xisuma","amount":864},{"name":"GoodTimeWithScar","amount":224},{"name":"xBCrafted","amount":168},{"name":"Zedaph","amount":84},{"name":"MumboJumbo","amount":54},{"name":"Stressmonster101","amount":31},{"name":"Docm77","amount":24},{"name":"iJevin","amount":18},{"name":"VintageBeef","amount":16},{"name":"impulseSV","amount":16},{"name":"Tinfoilchef","amount":1}]