[{"name":"iJevin","amount":254},{"name":"Zedaph","amount":190},{"name":"GoodTimeWithScar","amount":182},{"name":"MumboJumbo","amount":155},{"name":"Xisuma","amount":39},{"name":"Tango","amount":36},{"name":"impulseSV","amount":31},{"name":"Tinfoilchef","amount":16},{"name":"iskall85","amount":11},{"name":"xBCrafted","amount":5},{"name":"cubfan135","amount":5},{"name":"PythonGB","amount":3},{"name":"Docm77","amount":1},{"name":"BdoubleO100","amount":1},{"name":"falsesymmetry","amount":1},{"name":"Welsknight","amount":1},{"name":"Biffa2001","amount":1},{"name":"Stressmonster101","amount":1}]