[{"name":"impulseSV","amount":23117},{"name":"Renthedog","amount":10113},{"name":"Tango","amount":6299},{"name":"cubfan135","amount":4148},{"name":"iskall85","amount":1839},{"name":"Xisuma","amount":1208},{"name":"MumboJumbo","amount":1178},{"name":"Welsknight","amount":929},{"name":"Tinfoilchef","amount":788},{"name":"GoodTimeWithScar","amount":742},{"name":"falsesymmetry","amount":692},{"name":"Zedaph","amount":646},{"name":"PythonGB","amount":601},{"name":"Etho","amount":443},{"name":"VintageBeef","amount":425},{"name":"ZombieCleo","amount":280},{"name":"Biffa2001","amount":239},{"name":"Stressmonster101","amount":234},{"name":"iJevin","amount":212},{"name":"xBCrafted","amount":156},{"name":"BdoubleO100","amount":154},{"name":"joehillssays","amount":98},{"name":"Docm77","amount":93}]