[{"name":"Renthedog","amount":57},{"name":"BdoubleO100","amount":33},{"name":"joehillssays","amount":15},{"name":"Tango","amount":11},{"name":"PythonGB","amount":10},{"name":"Zedaph","amount":9},{"name":"iskall85","amount":8},{"name":"Welsknight","amount":7},{"name":"iJevin","amount":5},{"name":"falsesymmetry","amount":5},{"name":"Biffa2001","amount":5},{"name":"impulseSV","amount":5},{"name":"Xisuma","amount":4},{"name":"cubfan135","amount":4},{"name":"ZombieCleo","amount":4},{"name":"Tinfoilchef","amount":4},{"name":"Etho","amount":3},{"name":"GoodTimeWithScar","amount":3},{"name":"VintageBeef","amount":2},{"name":"Docm77","amount":1},{"name":"xBCrafted","amount":1},{"name":"Stressmonster101","amount":1}]