[{"name":"GoodTimeWithScar","amount":9},{"name":"BdoubleO100","amount":7},{"name":"Zedaph","amount":6},{"name":"Renthedog","amount":5},{"name":"VintageBeef","amount":5},{"name":"Xisuma","amount":2},{"name":"joehillssays","amount":2},{"name":"cubfan135","amount":2},{"name":"Biffa2001","amount":2},{"name":"Etho","amount":2},{"name":"ZombieCleo","amount":2},{"name":"PythonGB","amount":1},{"name":"xBCrafted","amount":1},{"name":"falsesymmetry","amount":1},{"name":"Welsknight","amount":1},{"name":"Tinfoilchef","amount":1},{"name":"Stressmonster101","amount":1}]