[{"name":"falsesymmetry","amount":95},{"name":"GoodTimeWithScar","amount":38},{"name":"iskall85","amount":35},{"name":"cubfan135","amount":30},{"name":"Zedaph","amount":28},{"name":"Xisuma","amount":23},{"name":"PythonGB","amount":20},{"name":"joehillssays","amount":19},{"name":"Tinfoilchef","amount":11},{"name":"Tango","amount":10},{"name":"impulseSV","amount":10},{"name":"BdoubleO100","amount":8},{"name":"Renthedog","amount":2},{"name":"ZombieCleo","amount":2},{"name":"Stressmonster101","amount":2},{"name":"xBCrafted","amount":1}]