[{"name":"falsesymmetry","amount":9129},{"name":"impulseSV","amount":1765},{"name":"Docm77","amount":1653},{"name":"iskall85","amount":1348},{"name":"Stressmonster101","amount":1177},{"name":"PythonGB","amount":711},{"name":"cubfan135","amount":642},{"name":"Biffa2001","amount":624},{"name":"Welsknight","amount":576},{"name":"Xisuma","amount":560},{"name":"GoodTimeWithScar","amount":546},{"name":"xBCrafted","amount":256},{"name":"MumboJumbo","amount":173},{"name":"Zedaph","amount":129},{"name":"VintageBeef","amount":39},{"name":"joehillssays","amount":20},{"name":"iJevin","amount":2}]