[{"name":"Renthedog","amount":114},{"name":"Tango","amount":62},{"name":"impulseSV","amount":51},{"name":"MumboJumbo","amount":43},{"name":"cubfan135","amount":24},{"name":"Xisuma","amount":22},{"name":"GoodTimeWithScar","amount":19},{"name":"Zedaph","amount":18},{"name":"joehillssays","amount":14},{"name":"VintageBeef","amount":6},{"name":"Welsknight","amount":6},{"name":"Biffa2001","amount":6},{"name":"iJevin","amount":4},{"name":"xBCrafted","amount":4},{"name":"falsesymmetry","amount":4},{"name":"PythonGB","amount":3},{"name":"Tinfoilchef","amount":3},{"name":"iskall85","amount":2},{"name":"Etho","amount":2},{"name":"ZombieCleo","amount":2},{"name":"Docm77","amount":1},{"name":"BdoubleO100","amount":1},{"name":"Stressmonster101","amount":1}]