[{"name":"Xisuma","amount":21243},{"name":"cubfan135","amount":15229},{"name":"falsesymmetry","amount":7990},{"name":"GoodTimeWithScar","amount":6005},{"name":"MumboJumbo","amount":4233},{"name":"iskall85","amount":3865},{"name":"joehillssays","amount":3661},{"name":"Tango","amount":919},{"name":"Welsknight","amount":412},{"name":"impulseSV","amount":381},{"name":"iJevin","amount":325},{"name":"PythonGB","amount":255},{"name":"Tinfoilchef","amount":246},{"name":"xBCrafted","amount":138},{"name":"Zedaph","amount":62},{"name":"xisumavoid","amount":53},{"name":"BdoubleO100","amount":46},{"name":"Renthedog","amount":41},{"name":"ZombieCleo","amount":28},{"name":"Stressmonster101","amount":19},{"name":"VintageBeef","amount":4},{"name":"Etho","amount":3}]