[{"name":"Tango","amount":8670},{"name":"Zedaph","amount":2336},{"name":"Tinfoilchef","amount":1244},{"name":"MumboJumbo","amount":226},{"name":"impulseSV","amount":97},{"name":"ZombieCleo","amount":69},{"name":"GoodTimeWithScar","amount":55},{"name":"iskall85","amount":52},{"name":"falsesymmetry","amount":47},{"name":"Xisuma","amount":43},{"name":"cubfan135","amount":34},{"name":"joehillssays","amount":17},{"name":"xBCrafted","amount":12},{"name":"PythonGB","amount":11},{"name":"BdoubleO100","amount":11},{"name":"Renthedog","amount":6},{"name":"VintageBeef","amount":6},{"name":"iJevin","amount":2},{"name":"Welsknight","amount":2},{"name":"Docm77","amount":1},{"name":"Etho","amount":1},{"name":"Stressmonster101","amount":1}]