[{"name":"Tango","amount":747},{"name":"Zedaph","amount":396},{"name":"Stressmonster101","amount":255},{"name":"iskall85","amount":184},{"name":"xBCrafted","amount":168},{"name":"GoodTimeWithScar","amount":167},{"name":"iJevin","amount":159},{"name":"ZombieCleo","amount":135},{"name":"Welsknight","amount":125},{"name":"Renthedog","amount":85},{"name":"Biffa2001","amount":55},{"name":"falsesymmetry","amount":50},{"name":"BdoubleO100","amount":49},{"name":"Xisuma","amount":35},{"name":"Docm77","amount":29},{"name":"cubfan135","amount":28},{"name":"VintageBeef","amount":15},{"name":"joehillssays","amount":11},{"name":"Tinfoilchef","amount":10},{"name":"impulseSV","amount":8},{"name":"Etho","amount":6}]