[{"name":"Tango","amount":1203},{"name":"Renthedog","amount":965},{"name":"cubfan135","amount":596},{"name":"MumboJumbo","amount":493},{"name":"Xisuma","amount":383},{"name":"falsesymmetry","amount":248},{"name":"impulseSV","amount":231},{"name":"GoodTimeWithScar","amount":111},{"name":"Tinfoilchef","amount":80},{"name":"iskall85","amount":58},{"name":"joehillssays","amount":51},{"name":"iJevin","amount":46},{"name":"Zedaph","amount":30},{"name":"Welsknight","amount":22},{"name":"xBCrafted","amount":18},{"name":"ZombieCleo","amount":11},{"name":"PythonGB","amount":7},{"name":"Stressmonster101","amount":7},{"name":"Docm77","amount":6},{"name":"BdoubleO100","amount":5},{"name":"Etho","amount":5},{"name":"VintageBeef","amount":4},{"name":"Biffa2001","amount":4}]