[{"name":"Xisuma","amount":14998},{"name":"Tinfoilchef","amount":10875},{"name":"impulseSV","amount":9133},{"name":"GoodTimeWithScar","amount":5302},{"name":"BdoubleO100","amount":4162},{"name":"Zedaph","amount":4127},{"name":"Tango","amount":3393},{"name":"Docm77","amount":2552},{"name":"iskall85","amount":1980},{"name":"xBCrafted","amount":1615},{"name":"Stressmonster101","amount":1187},{"name":"Renthedog","amount":846},{"name":"MumboJumbo","amount":776},{"name":"Biffa2001","amount":241},{"name":"Welsknight","amount":221},{"name":"cubfan135","amount":193},{"name":"falsesymmetry","amount":184},{"name":"PythonGB","amount":152},{"name":"iJevin","amount":128},{"name":"Etho","amount":120},{"name":"VintageBeef","amount":44},{"name":"joehillssays","amount":2}]