[{"name":"Renthedog","amount":4369},{"name":"Xisuma","amount":2368},{"name":"cubfan135","amount":2118},{"name":"iskall85","amount":1576},{"name":"MumboJumbo","amount":1092},{"name":"falsesymmetry","amount":836},{"name":"PythonGB","amount":808},{"name":"Welsknight","amount":764},{"name":"xBCrafted","amount":318},{"name":"Tinfoilchef","amount":236},{"name":"impulseSV","amount":218},{"name":"Tango","amount":182},{"name":"BdoubleO100","amount":172},{"name":"GoodTimeWithScar","amount":152},{"name":"iJevin","amount":144},{"name":"VintageBeef","amount":104},{"name":"Docm77","amount":102},{"name":"Zedaph","amount":90},{"name":"joehillssays","amount":28},{"name":"Stressmonster101","amount":28},{"name":"ZombieCleo","amount":24},{"name":"Biffa2001","amount":20},{"name":"Etho","amount":6}]