[{"name":"Tango","amount":245},{"name":"Renthedog","amount":63},{"name":"falsesymmetry","amount":62},{"name":"MumboJumbo","amount":48},{"name":"xBCrafted","amount":32},{"name":"iJevin","amount":30},{"name":"BdoubleO100","amount":5},{"name":"VintageBeef","amount":4},{"name":"Welsknight","amount":4},{"name":"Biffa2001","amount":3},{"name":"impulseSV","amount":3},{"name":"Zedaph","amount":3},{"name":"PythonGB","amount":2},{"name":"cubfan135","amount":2},{"name":"joehillssays","amount":1},{"name":"Stressmonster101","amount":1}]