[{"name":"cubfan135","amount":1929},{"name":"impulseSV","amount":156},{"name":"MumboJumbo","amount":150},{"name":"Xisuma","amount":132},{"name":"Renthedog","amount":87},{"name":"iskall85","amount":66},{"name":"ZombieCleo","amount":48},{"name":"Tango","amount":30},{"name":"Tinfoilchef","amount":30},{"name":"PythonGB","amount":21},{"name":"Biffa2001","amount":18},{"name":"iJevin","amount":15},{"name":"VintageBeef","amount":12},{"name":"xBCrafted","amount":12},{"name":"joehillssays","amount":9},{"name":"falsesymmetry","amount":6},{"name":"BdoubleO100","amount":3},{"name":"Welsknight","amount":3},{"name":"GoodTimeWithScar","amount":3},{"name":"Zedaph","amount":3}]