[{"name":"Tango","amount":21},{"name":"cubfan135","amount":14},{"name":"MumboJumbo","amount":9},{"name":"iskall85","amount":8},{"name":"impulseSV","amount":6},{"name":"Renthedog","amount":5},{"name":"Zedaph","amount":4},{"name":"Xisuma","amount":3},{"name":"falsesymmetry","amount":3},{"name":"iJevin","amount":2},{"name":"GoodTimeWithScar","amount":2},{"name":"VintageBeef","amount":1},{"name":"PythonGB","amount":1},{"name":"BdoubleO100","amount":1},{"name":"Biffa2001","amount":1},{"name":"Tinfoilchef","amount":1}]