[{"name":"MumboJumbo","amount":349},{"name":"Tango","amount":109},{"name":"iskall85","amount":68},{"name":"Stressmonster101","amount":35},{"name":"GoodTimeWithScar","amount":28},{"name":"Zedaph","amount":13},{"name":"Renthedog","amount":8},{"name":"PythonGB","amount":7},{"name":"joehillssays","amount":6},{"name":"impulseSV","amount":6},{"name":"xBCrafted","amount":2},{"name":"Tinfoilchef","amount":2},{"name":"Docm77","amount":1},{"name":"Xisuma","amount":1},{"name":"iJevin","amount":1},{"name":"cubfan135","amount":1}]