[{"name":"Tango","amount":2492},{"name":"ZombieCleo","amount":560},{"name":"falsesymmetry","amount":125},{"name":"Tinfoilchef","amount":122},{"name":"PythonGB","amount":109},{"name":"joehillssays","amount":87},{"name":"Etho","amount":86},{"name":"GoodTimeWithScar","amount":53},{"name":"Zedaph","amount":49},{"name":"BdoubleO100","amount":42},{"name":"Stressmonster101","amount":31},{"name":"cubfan135","amount":18},{"name":"xBCrafted","amount":11},{"name":"Renthedog","amount":5},{"name":"VintageBeef","amount":2},{"name":"Docm77","amount":1},{"name":"iJevin","amount":1}]