[{"name":"Tango","amount":13150},{"name":"iskall85","amount":1468},{"name":"Zedaph","amount":1244},{"name":"cubfan135","amount":787},{"name":"Welsknight","amount":730},{"name":"MumboJumbo","amount":676},{"name":"Renthedog","amount":428},{"name":"impulseSV","amount":374},{"name":"falsesymmetry","amount":339},{"name":"GoodTimeWithScar","amount":253},{"name":"iJevin","amount":119},{"name":"BdoubleO100","amount":93},{"name":"Xisuma","amount":69},{"name":"Biffa2001","amount":64},{"name":"Stressmonster101","amount":64},{"name":"xBCrafted","amount":61},{"name":"PythonGB","amount":41},{"name":"Tinfoilchef","amount":8},{"name":"Etho","amount":2},{"name":"joehillssays","amount":1}]