[{"name":"Tango","amount":692},{"name":"impulseSV","amount":498},{"name":"cubfan135","amount":299},{"name":"Renthedog","amount":272},{"name":"MumboJumbo","amount":246},{"name":"iskall85","amount":132},{"name":"Docm77","amount":129},{"name":"Xisuma","amount":116},{"name":"PythonGB","amount":54},{"name":"Tinfoilchef","amount":54},{"name":"xBCrafted","amount":31},{"name":"falsesymmetry","amount":29},{"name":"Zedaph","amount":21},{"name":"GoodTimeWithScar","amount":18},{"name":"ZombieCleo","amount":14},{"name":"iJevin","amount":13},{"name":"Welsknight","amount":8},{"name":"VintageBeef","amount":7},{"name":"BdoubleO100","amount":5},{"name":"joehillssays","amount":4},{"name":"Stressmonster101","amount":4}]