[{"name":"Renthedog","amount":81},{"name":"PythonGB","amount":62},{"name":"joehillssays","amount":35},{"name":"Tango","amount":34},{"name":"cubfan135","amount":34},{"name":"iskall85","amount":30},{"name":"MumboJumbo","amount":30},{"name":"Etho","amount":25},{"name":"GoodTimeWithScar","amount":25},{"name":"impulseSV","amount":25},{"name":"iJevin","amount":23},{"name":"xBCrafted","amount":21},{"name":"falsesymmetry","amount":18},{"name":"Welsknight","amount":12},{"name":"Tinfoilchef","amount":9},{"name":"VintageBeef","amount":8},{"name":"Docm77","amount":7},{"name":"Stressmonster101","amount":7},{"name":"BdoubleO100","amount":6},{"name":"Zedaph","amount":6},{"name":"Biffa2001","amount":3},{"name":"ZombieCleo","amount":3},{"name":"Xisuma","amount":2}]