[{"name":"cubfan135","amount":26},{"name":"impulseSV","amount":10},{"name":"MumboJumbo","amount":9},{"name":"PythonGB","amount":3},{"name":"Xisuma","amount":2},{"name":"Renthedog","amount":2},{"name":"falsesymmetry","amount":2},{"name":"Welsknight","amount":2},{"name":"VintageBeef","amount":1},{"name":"iJevin","amount":1},{"name":"joehillssays","amount":1},{"name":"Tango","amount":1},{"name":"BdoubleO100","amount":1},{"name":"xBCrafted","amount":1},{"name":"Etho","amount":1},{"name":"ZombieCleo","amount":1},{"name":"Tinfoilchef","amount":1},{"name":"Stressmonster101","amount":1},{"name":"Zedaph","amount":1}]