[{"name":"MumboJumbo","amount":8},{"name":"iJevin","amount":7},{"name":"Welsknight","amount":7},{"name":"GoodTimeWithScar","amount":7},{"name":"Renthedog","amount":6},{"name":"Tango","amount":6},{"name":"iskall85","amount":6},{"name":"PythonGB","amount":4},{"name":"xBCrafted","amount":3},{"name":"cubfan135","amount":3},{"name":"Tinfoilchef","amount":3},{"name":"impulseSV","amount":3},{"name":"Etho","amount":2},{"name":"Stressmonster101","amount":2},{"name":"Docm77","amount":1},{"name":"Xisuma","amount":1},{"name":"VintageBeef","amount":1},{"name":"joehillssays","amount":1},{"name":"BdoubleO100","amount":1},{"name":"falsesymmetry","amount":1},{"name":"Biffa2001","amount":1},{"name":"ZombieCleo","amount":1},{"name":"Zedaph","amount":1}]