[{"name":"MumboJumbo","amount":5979},{"name":"iskall85","amount":3734},{"name":"Zedaph","amount":2023},{"name":"cubfan135","amount":1918},{"name":"Renthedog","amount":864},{"name":"falsesymmetry","amount":757},{"name":"Docm77","amount":747},{"name":"impulseSV","amount":717},{"name":"Tango","amount":675},{"name":"Stressmonster101","amount":443},{"name":"xBCrafted","amount":294},{"name":"joehillssays","amount":266},{"name":"Xisuma","amount":263},{"name":"GoodTimeWithScar","amount":262},{"name":"BdoubleO100","amount":247},{"name":"PythonGB","amount":240},{"name":"Tinfoilchef","amount":200},{"name":"iJevin","amount":153},{"name":"Etho","amount":35},{"name":"Biffa2001","amount":22},{"name":"ZombieCleo","amount":3},{"name":"VintageBeef","amount":1},{"name":"Welsknight","amount":1}]