[{"name":"Renthedog","amount":57},{"name":"Tango","amount":30},{"name":"cubfan135","amount":19},{"name":"iskall85","amount":16},{"name":"GoodTimeWithScar","amount":12},{"name":"falsesymmetry","amount":11},{"name":"iJevin","amount":9},{"name":"impulseSV","amount":9},{"name":"ZombieCleo","amount":7},{"name":"MumboJumbo","amount":7},{"name":"joehillssays","amount":5},{"name":"Tinfoilchef","amount":5},{"name":"Stressmonster101","amount":5},{"name":"Docm77","amount":4},{"name":"Welsknight","amount":4},{"name":"VintageBeef","amount":2},{"name":"PythonGB","amount":2},{"name":"BdoubleO100","amount":2},{"name":"xBCrafted","amount":2},{"name":"Etho","amount":2},{"name":"Zedaph","amount":2},{"name":"Xisuma","amount":1},{"name":"Biffa2001","amount":1}]