[{"name":"impulseSV","amount":21},{"name":"Xisuma","amount":19},{"name":"cubfan135","amount":16},{"name":"falsesymmetry","amount":14},{"name":"Welsknight","amount":12},{"name":"PythonGB","amount":10},{"name":"Tango","amount":7},{"name":"MumboJumbo","amount":6},{"name":"Zedaph","amount":6},{"name":"Biffa2001","amount":3},{"name":"Docm77","amount":2},{"name":"Renthedog","amount":2},{"name":"BdoubleO100","amount":1},{"name":"iskall85","amount":1},{"name":"xBCrafted","amount":1},{"name":"Stressmonster101","amount":1}]