[{"name":"MumboJumbo","amount":86073},{"name":"impulseSV","amount":84801},{"name":"GoodTimeWithScar","amount":57886},{"name":"falsesymmetry","amount":51283},{"name":"Tango","amount":40433},{"name":"Xisuma","amount":35850},{"name":"Renthedog","amount":32580},{"name":"cubfan135","amount":32512},{"name":"xBCrafted","amount":24023},{"name":"iskall85","amount":14418},{"name":"Welsknight","amount":13594},{"name":"Biffa2001","amount":10686},{"name":"PythonGB","amount":5544},{"name":"joehillssays","amount":5505},{"name":"Tinfoilchef","amount":5448},{"name":"ZombieCleo","amount":5184},{"name":"Zedaph","amount":4658},{"name":"iJevin","amount":2472},{"name":"Stressmonster101","amount":2396},{"name":"Docm77","amount":2160},{"name":"VintageBeef","amount":1584},{"name":"BdoubleO100","amount":1074},{"name":"Etho","amount":228}]