[{"name":"GoodTimeWithScar","amount":36},{"name":"Xisuma","amount":35},{"name":"iskall85","amount":28},{"name":"Zedaph","amount":19},{"name":"Tango","amount":17},{"name":"cubfan135","amount":17},{"name":"falsesymmetry","amount":16},{"name":"MumboJumbo","amount":13},{"name":"xBCrafted","amount":10},{"name":"PythonGB","amount":5},{"name":"Stressmonster101","amount":4},{"name":"impulseSV","amount":4},{"name":"joehillssays","amount":3},{"name":"BdoubleO100","amount":3},{"name":"Docm77","amount":1},{"name":"Renthedog","amount":1},{"name":"VintageBeef","amount":1},{"name":"iJevin","amount":1},{"name":"Welsknight","amount":1},{"name":"Biffa2001","amount":1},{"name":"Etho","amount":1},{"name":"ZombieCleo","amount":1},{"name":"Tinfoilchef","amount":1}]