[{"name":"Renthedog","amount":12287},{"name":"cubfan135","amount":6750},{"name":"GoodTimeWithScar","amount":6256},{"name":"Tinfoilchef","amount":6003},{"name":"Welsknight","amount":5679},{"name":"PythonGB","amount":4374},{"name":"iskall85","amount":4347},{"name":"Tango","amount":3920},{"name":"xBCrafted","amount":2895},{"name":"Xisuma","amount":2663},{"name":"MumboJumbo","amount":1849},{"name":"iJevin","amount":1774},{"name":"ZombieCleo","amount":1751},{"name":"BdoubleO100","amount":1312},{"name":"Biffa2001","amount":1247},{"name":"Zedaph","amount":1064},{"name":"Stressmonster101","amount":486},{"name":"falsesymmetry","amount":477},{"name":"joehillssays","amount":56},{"name":"Docm77","amount":38},{"name":"impulseSV","amount":12},{"name":"Etho","amount":8}]