[{"name":"MumboJumbo","amount":622},{"name":"cubfan135","amount":619},{"name":"BdoubleO100","amount":201},{"name":"ZombieCleo","amount":159},{"name":"iJevin","amount":157},{"name":"Tango","amount":135},{"name":"Stressmonster101","amount":97},{"name":"iskall85","amount":76},{"name":"Renthedog","amount":42},{"name":"Zedaph","amount":23},{"name":"Tinfoilchef","amount":20},{"name":"GoodTimeWithScar","amount":14},{"name":"impulseSV","amount":14},{"name":"Welsknight","amount":9},{"name":"Xisuma","amount":8},{"name":"VintageBeef","amount":5},{"name":"xBCrafted","amount":5},{"name":"PythonGB","amount":4},{"name":"joehillssays","amount":4},{"name":"falsesymmetry","amount":2},{"name":"Biffa2001","amount":2}]