[{"name":"Renthedog","amount":274},{"name":"PythonGB","amount":25},{"name":"iJevin","amount":12},{"name":"Xisuma","amount":9},{"name":"iskall85","amount":9},{"name":"Tango","amount":8},{"name":"Biffa2001","amount":8},{"name":"cubfan135","amount":6},{"name":"xBCrafted","amount":5},{"name":"ZombieCleo","amount":5},{"name":"impulseSV","amount":5},{"name":"Zedaph","amount":5},{"name":"Etho","amount":3},{"name":"Stressmonster101","amount":3},{"name":"BdoubleO100","amount":2},{"name":"falsesymmetry","amount":2},{"name":"Welsknight","amount":2},{"name":"MumboJumbo","amount":2},{"name":"GoodTimeWithScar","amount":2},{"name":"Tinfoilchef","amount":2},{"name":"Docm77","amount":1},{"name":"VintageBeef","amount":1},{"name":"joehillssays","amount":1}]