[{"name":"cubfan135","amount":27},{"name":"Tango","amount":25},{"name":"MumboJumbo","amount":20},{"name":"Zedaph","amount":20},{"name":"iskall85","amount":16},{"name":"Xisuma","amount":15},{"name":"impulseSV","amount":13},{"name":"iJevin","amount":10},{"name":"GoodTimeWithScar","amount":9},{"name":"Renthedog","amount":8},{"name":"PythonGB","amount":8},{"name":"Stressmonster101","amount":7},{"name":"falsesymmetry","amount":6},{"name":"Welsknight","amount":5},{"name":"ZombieCleo","amount":3},{"name":"Tinfoilchef","amount":3},{"name":"joehillssays","amount":2},{"name":"Docm77","amount":1},{"name":"VintageBeef","amount":1},{"name":"BdoubleO100","amount":1},{"name":"xBCrafted","amount":1},{"name":"Biffa2001","amount":1}]