[{"name":"falsesymmetry","amount":27890},{"name":"cubfan135","amount":13068},{"name":"impulseSV","amount":11582},{"name":"Tango","amount":9203},{"name":"GoodTimeWithScar","amount":8629},{"name":"joehillssays","amount":5730},{"name":"PythonGB","amount":4647},{"name":"iskall85","amount":2818},{"name":"Xisuma","amount":2720},{"name":"ZombieCleo","amount":2487},{"name":"Docm77","amount":1711},{"name":"iJevin","amount":1327},{"name":"Biffa2001","amount":1089},{"name":"Tinfoilchef","amount":911},{"name":"Zedaph","amount":850},{"name":"Renthedog","amount":779},{"name":"Stressmonster101","amount":768},{"name":"Etho","amount":359},{"name":"VintageBeef","amount":280},{"name":"BdoubleO100","amount":140},{"name":"Welsknight","amount":66},{"name":"MumboJumbo","amount":60},{"name":"xBCrafted","amount":4}]