[{"name":"Renthedog","amount":44},{"name":"GoodTimeWithScar","amount":36},{"name":"iskall85","amount":21},{"name":"Tango","amount":17},{"name":"Docm77","amount":15},{"name":"xBCrafted","amount":14},{"name":"iJevin","amount":7},{"name":"falsesymmetry","amount":5},{"name":"cubfan135","amount":2},{"name":"Tinfoilchef","amount":2},{"name":"impulseSV","amount":2},{"name":"Zedaph","amount":2},{"name":"VintageBeef","amount":1},{"name":"PythonGB","amount":1},{"name":"MumboJumbo","amount":1},{"name":"Stressmonster101","amount":1}]