[{"name":"Renthedog","amount":3567},{"name":"Welsknight","amount":164},{"name":"falsesymmetry","amount":137},{"name":"iskall85","amount":99},{"name":"Tango","amount":97},{"name":"PythonGB","amount":91},{"name":"cubfan135","amount":85},{"name":"GoodTimeWithScar","amount":73},{"name":"impulseSV","amount":70},{"name":"BdoubleO100","amount":58},{"name":"MumboJumbo","amount":57},{"name":"xBCrafted","amount":44},{"name":"Xisuma","amount":29},{"name":"Zedaph","amount":26},{"name":"joehillssays","amount":20},{"name":"Tinfoilchef","amount":16},{"name":"Etho","amount":10},{"name":"VintageBeef","amount":8},{"name":"ZombieCleo","amount":3},{"name":"Stressmonster101","amount":3},{"name":"iJevin","amount":1},{"name":"Biffa2001","amount":1}]