[{"name":"impulseSV","amount":80312},{"name":"cubfan135","amount":77536},{"name":"falsesymmetry","amount":53384},{"name":"MumboJumbo","amount":52700},{"name":"iskall85","amount":35696},{"name":"Renthedog","amount":28121},{"name":"GoodTimeWithScar","amount":19968},{"name":"Xisuma","amount":17800},{"name":"Tango","amount":13320},{"name":"PythonGB","amount":7383},{"name":"joehillssays","amount":7376},{"name":"Zedaph","amount":5448},{"name":"Stressmonster101","amount":4712},{"name":"Welsknight","amount":3616},{"name":"xBCrafted","amount":3144},{"name":"ZombieCleo","amount":1944},{"name":"Docm77","amount":1224},{"name":"iJevin","amount":800},{"name":"Tinfoilchef","amount":552},{"name":"VintageBeef","amount":56},{"name":"BdoubleO100","amount":48}]