[{"name":"cubfan135","amount":1279},{"name":"joehillssays","amount":1216},{"name":"MumboJumbo","amount":1048},{"name":"Tango","amount":1036},{"name":"iskall85","amount":836},{"name":"Zedaph","amount":595},{"name":"GoodTimeWithScar","amount":492},{"name":"PythonGB","amount":192},{"name":"falsesymmetry","amount":81},{"name":"Renthedog","amount":70},{"name":"xBCrafted","amount":64},{"name":"iJevin","amount":58},{"name":"impulseSV","amount":28},{"name":"Docm77","amount":12},{"name":"ZombieCleo","amount":3}]