[{"name":"Renthedog","amount":54556},{"name":"MumboJumbo","amount":22608},{"name":"GoodTimeWithScar","amount":19460},{"name":"falsesymmetry","amount":18036},{"name":"Xisuma","amount":17344},{"name":"cubfan135","amount":12874},{"name":"iskall85","amount":9919},{"name":"Welsknight","amount":9384},{"name":"impulseSV","amount":9027},{"name":"Tinfoilchef","amount":7635},{"name":"xBCrafted","amount":6916},{"name":"joehillssays","amount":6844},{"name":"Tango","amount":6678},{"name":"iJevin","amount":6450},{"name":"PythonGB","amount":5356},{"name":"Zedaph","amount":4812},{"name":"Stressmonster101","amount":4488},{"name":"Docm77","amount":3539},{"name":"Biffa2001","amount":2904},{"name":"ZombieCleo","amount":2176},{"name":"VintageBeef","amount":2152},{"name":"Etho","amount":2112},{"name":"BdoubleO100","amount":1056},{"name":"ImpulseCam","amount":8}]