[{"name":"MumboJumbo","amount":764},{"name":"Tinfoilchef","amount":578},{"name":"VintageBeef","amount":384},{"name":"falsesymmetry","amount":312},{"name":"Biffa2001","amount":304},{"name":"Welsknight","amount":288},{"name":"xBCrafted","amount":280},{"name":"cubfan135","amount":216},{"name":"iskall85","amount":212},{"name":"Xisuma","amount":148},{"name":"PythonGB","amount":80},{"name":"GoodTimeWithScar","amount":76},{"name":"Stressmonster101","amount":32},{"name":"joehillssays","amount":28},{"name":"Zedaph","amount":28},{"name":"iJevin","amount":20},{"name":"Tango","amount":20},{"name":"impulseSV","amount":16},{"name":"BdoubleO100","amount":12},{"name":"Renthedog","amount":8}]