[{"name":"Renthedog","amount":3462},{"name":"xBCrafted","amount":1590},{"name":"falsesymmetry","amount":1458},{"name":"cubfan135","amount":915},{"name":"Welsknight","amount":744},{"name":"Xisuma","amount":315},{"name":"Stressmonster101","amount":225},{"name":"Tango","amount":189},{"name":"MumboJumbo","amount":138},{"name":"PythonGB","amount":114},{"name":"GoodTimeWithScar","amount":93},{"name":"joehillssays","amount":87},{"name":"BdoubleO100","amount":57},{"name":"Zedaph","amount":24},{"name":"iskall85","amount":12},{"name":"impulseSV","amount":12},{"name":"iJevin","amount":6}]