[{"name":"Renthedog","amount":253},{"name":"falsesymmetry","amount":202},{"name":"cubfan135","amount":101},{"name":"PythonGB","amount":86},{"name":"Zedaph","amount":71},{"name":"impulseSV","amount":43},{"name":"MumboJumbo","amount":42},{"name":"Xisuma","amount":41},{"name":"Tango","amount":34},{"name":"GoodTimeWithScar","amount":29},{"name":"iJevin","amount":18},{"name":"iskall85","amount":17},{"name":"Welsknight","amount":14},{"name":"joehillssays","amount":13},{"name":"Stressmonster101","amount":11},{"name":"ZombieCleo","amount":6},{"name":"Tinfoilchef","amount":6},{"name":"BdoubleO100","amount":3},{"name":"Docm77","amount":1},{"name":"xBCrafted","amount":1},{"name":"xisumavoid","amount":1},{"name":"Biffa2001","amount":1}]