[{"name":"cubfan135","amount":78887},{"name":"Tango","amount":71660},{"name":"iJevin","amount":43422},{"name":"impulseSV","amount":42861},{"name":"Tinfoilchef","amount":37692},{"name":"GoodTimeWithScar","amount":30699},{"name":"iskall85","amount":25192},{"name":"falsesymmetry","amount":20355},{"name":"MumboJumbo","amount":16329},{"name":"Renthedog","amount":14461},{"name":"joehillssays","amount":13511},{"name":"Zedaph","amount":5355},{"name":"PythonGB","amount":3966},{"name":"Xisuma","amount":3927},{"name":"Welsknight","amount":3882},{"name":"Biffa2001","amount":3168},{"name":"Stressmonster101","amount":2625},{"name":"ZombieCleo","amount":2529},{"name":"xBCrafted","amount":1158},{"name":"VintageBeef","amount":621},{"name":"Etho","amount":522},{"name":"BdoubleO100","amount":294},{"name":"Docm77","amount":114}]