[{"name":"ZombieCleo","amount":2008},{"name":"Biffa2001","amount":1900},{"name":"impulseSV","amount":892},{"name":"Xisuma","amount":616},{"name":"xBCrafted","amount":560},{"name":"cubfan135","amount":296},{"name":"Welsknight","amount":228},{"name":"falsesymmetry","amount":120},{"name":"GoodTimeWithScar","amount":92},{"name":"PythonGB","amount":48},{"name":"MumboJumbo","amount":44},{"name":"Zedaph","amount":36},{"name":"Tango","amount":32},{"name":"VintageBeef","amount":4},{"name":"iJevin","amount":4}]