[{"name":"Tango","amount":986},{"name":"falsesymmetry","amount":631},{"name":"Zedaph","amount":585},{"name":"Stressmonster101","amount":380},{"name":"iJevin","amount":363},{"name":"GoodTimeWithScar","amount":328},{"name":"impulseSV","amount":315},{"name":"iskall85","amount":277},{"name":"MumboJumbo","amount":213},{"name":"Renthedog","amount":165},{"name":"Xisuma","amount":75},{"name":"xBCrafted","amount":64},{"name":"cubfan135","amount":61},{"name":"Docm77","amount":27},{"name":"Biffa2001","amount":27},{"name":"Welsknight","amount":18},{"name":"PythonGB","amount":7},{"name":"Tinfoilchef","amount":4},{"name":"joehillssays","amount":2},{"name":"VintageBeef","amount":1},{"name":"BdoubleO100","amount":1}]