[{"name":"MumboJumbo","amount":5568},{"name":"Renthedog","amount":3552},{"name":"Xisuma","amount":3280},{"name":"cubfan135","amount":2992},{"name":"Tango","amount":2487},{"name":"impulseSV","amount":2048},{"name":"GoodTimeWithScar","amount":1936},{"name":"Welsknight","amount":1552},{"name":"xBCrafted","amount":528},{"name":"iskall85","amount":480},{"name":"iJevin","amount":432},{"name":"joehillssays","amount":416},{"name":"falsesymmetry","amount":416},{"name":"Tinfoilchef","amount":192},{"name":"PythonGB","amount":144},{"name":"Docm77","amount":128},{"name":"VintageBeef","amount":64},{"name":"Zedaph","amount":64},{"name":"Stressmonster101","amount":48},{"name":"BdoubleO100","amount":16},{"name":"ZombieCleo","amount":16}]