[{"name":"Renthedog","amount":72},{"name":"Tango","amount":51},{"name":"Zedaph","amount":37},{"name":"Xisuma","amount":29},{"name":"iskall85","amount":20},{"name":"cubfan135","amount":16},{"name":"GoodTimeWithScar","amount":12},{"name":"falsesymmetry","amount":11},{"name":"MumboJumbo","amount":11},{"name":"impulseSV","amount":11},{"name":"xBCrafted","amount":7},{"name":"iJevin","amount":5},{"name":"Docm77","amount":4},{"name":"joehillssays","amount":4},{"name":"Welsknight","amount":4},{"name":"PythonGB","amount":3},{"name":"ZombieCleo","amount":3},{"name":"Tinfoilchef","amount":3},{"name":"VintageBeef","amount":2},{"name":"BdoubleO100","amount":2},{"name":"Biffa2001","amount":2},{"name":"Stressmonster101","amount":2},{"name":"Etho","amount":1}]