[{"name":"GoodTimeWithScar","amount":17744},{"name":"Renthedog","amount":12280},{"name":"falsesymmetry","amount":11937},{"name":"joehillssays","amount":11708},{"name":"Tinfoilchef","amount":11667},{"name":"cubfan135","amount":11545},{"name":"Xisuma","amount":10582},{"name":"xBCrafted","amount":8260},{"name":"Welsknight","amount":6868},{"name":"Tango","amount":6347},{"name":"MumboJumbo","amount":4112},{"name":"Zedaph","amount":3652},{"name":"iskall85","amount":3030},{"name":"BdoubleO100","amount":1933},{"name":"VintageBeef","amount":1588},{"name":"Etho","amount":1472},{"name":"Stressmonster101","amount":969},{"name":"PythonGB","amount":968},{"name":"impulseSV","amount":922},{"name":"Biffa2001","amount":576},{"name":"ZombieCleo","amount":453},{"name":"iJevin","amount":439},{"name":"Docm77","amount":349}]