[{"name":"Renthedog","amount":38},{"name":"GoodTimeWithScar","amount":28},{"name":"iskall85","amount":23},{"name":"xBCrafted","amount":17},{"name":"Tango","amount":11},{"name":"Docm77","amount":9},{"name":"iJevin","amount":6},{"name":"MumboJumbo","amount":5},{"name":"falsesymmetry","amount":4},{"name":"impulseSV","amount":4},{"name":"Stressmonster101","amount":3},{"name":"PythonGB","amount":2},{"name":"cubfan135","amount":2},{"name":"Biffa2001","amount":2},{"name":"Xisuma","amount":1},{"name":"BdoubleO100","amount":1},{"name":"Zedaph","amount":1}]