[{"name":"Renthedog","amount":3648},{"name":"MumboJumbo","amount":2508},{"name":"cubfan135","amount":1709},{"name":"Tango","amount":1282},{"name":"Xisuma","amount":1005},{"name":"impulseSV","amount":647},{"name":"iskall85","amount":530},{"name":"Zedaph","amount":397},{"name":"falsesymmetry","amount":313},{"name":"GoodTimeWithScar","amount":307},{"name":"Tinfoilchef","amount":198},{"name":"Docm77","amount":151},{"name":"iJevin","amount":102},{"name":"Welsknight","amount":101},{"name":"xBCrafted","amount":72},{"name":"Etho","amount":62},{"name":"ZombieCleo","amount":52},{"name":"Stressmonster101","amount":48},{"name":"joehillssays","amount":42},{"name":"PythonGB","amount":15},{"name":"VintageBeef","amount":1}]