[{"name":"Xisuma","amount":816},{"name":"Renthedog","amount":745},{"name":"Tango","amount":401},{"name":"MumboJumbo","amount":355},{"name":"cubfan135","amount":287},{"name":"joehillssays","amount":154},{"name":"impulseSV","amount":149},{"name":"GoodTimeWithScar","amount":108},{"name":"iskall85","amount":95},{"name":"Welsknight","amount":64},{"name":"xBCrafted","amount":38},{"name":"Zedaph","amount":20},{"name":"Stressmonster101","amount":15},{"name":"falsesymmetry","amount":14},{"name":"BdoubleO100","amount":12},{"name":"Docm77","amount":9},{"name":"iJevin","amount":9},{"name":"Tinfoilchef","amount":6},{"name":"ZombieCleo","amount":5},{"name":"VintageBeef","amount":1},{"name":"PythonGB","amount":1}]