[{"name":"Renthedog","amount":10},{"name":"iJevin","amount":9},{"name":"MumboJumbo","amount":8},{"name":"impulseSV","amount":7},{"name":"joehillssays","amount":6},{"name":"iskall85","amount":6},{"name":"Tango","amount":5},{"name":"Welsknight","amount":5},{"name":"GoodTimeWithScar","amount":5},{"name":"PythonGB","amount":4},{"name":"falsesymmetry","amount":4},{"name":"Etho","amount":4},{"name":"Tinfoilchef","amount":4},{"name":"xBCrafted","amount":3},{"name":"Stressmonster101","amount":3},{"name":"Zedaph","amount":3},{"name":"Docm77","amount":2},{"name":"Xisuma","amount":2},{"name":"VintageBeef","amount":2},{"name":"ZombieCleo","amount":2},{"name":"BdoubleO100","amount":1},{"name":"cubfan135","amount":1},{"name":"Biffa2001","amount":1}]