[{"name":"Renthedog","amount":3824},{"name":"Welsknight","amount":1504},{"name":"MumboJumbo","amount":832},{"name":"GoodTimeWithScar","amount":624},{"name":"Tango","amount":416},{"name":"joehillssays","amount":368},{"name":"Tinfoilchef","amount":352},{"name":"Xisuma","amount":272},{"name":"falsesymmetry","amount":208},{"name":"cubfan135","amount":192},{"name":"ZombieCleo","amount":160},{"name":"PythonGB","amount":128},{"name":"xBCrafted","amount":128},{"name":"Zedaph","amount":112},{"name":"Docm77","amount":80},{"name":"iskall85","amount":64},{"name":"VintageBeef","amount":32},{"name":"Stressmonster101","amount":32},{"name":"impulseSV","amount":32},{"name":"BdoubleO100","amount":16},{"name":"Etho","amount":16}]