[{"name":"Renthedog","amount":3594},{"name":"iskall85","amount":1968},{"name":"xBCrafted","amount":1120},{"name":"impulseSV","amount":724},{"name":"GoodTimeWithScar","amount":456},{"name":"MumboJumbo","amount":433},{"name":"cubfan135","amount":374},{"name":"falsesymmetry","amount":237},{"name":"Tango","amount":231},{"name":"Docm77","amount":141},{"name":"Xisuma","amount":141},{"name":"Welsknight","amount":101},{"name":"Zedaph","amount":58},{"name":"BdoubleO100","amount":38},{"name":"Stressmonster101","amount":29},{"name":"VintageBeef","amount":15},{"name":"joehillssays","amount":15},{"name":"iJevin","amount":6},{"name":"ZombieCleo","amount":6},{"name":"PythonGB","amount":4},{"name":"Tinfoilchef","amount":4}]