[{"name":"Tango","amount":689},{"name":"Xisuma","amount":571},{"name":"cubfan135","amount":458},{"name":"MumboJumbo","amount":457},{"name":"iskall85","amount":310},{"name":"impulseSV","amount":292},{"name":"Zedaph","amount":137},{"name":"GoodTimeWithScar","amount":130},{"name":"Renthedog","amount":74},{"name":"Welsknight","amount":69},{"name":"falsesymmetry","amount":52},{"name":"Tinfoilchef","amount":51},{"name":"Etho","amount":48},{"name":"Docm77","amount":38},{"name":"xBCrafted","amount":32},{"name":"Stressmonster101","amount":21},{"name":"PythonGB","amount":4},{"name":"iJevin","amount":4},{"name":"VintageBeef","amount":2}]