[{"name":"iskall85","amount":19987},{"name":"Xisuma","amount":18566},{"name":"Zedaph","amount":13537},{"name":"Renthedog","amount":12398},{"name":"cubfan135","amount":10813},{"name":"MumboJumbo","amount":7838},{"name":"GoodTimeWithScar","amount":7749},{"name":"Tango","amount":6813},{"name":"falsesymmetry","amount":3849},{"name":"Tinfoilchef","amount":2334},{"name":"impulseSV","amount":2274},{"name":"xBCrafted","amount":1490},{"name":"BdoubleO100","amount":1358},{"name":"Welsknight","amount":762},{"name":"PythonGB","amount":705},{"name":"iJevin","amount":640},{"name":"Stressmonster101","amount":409},{"name":"joehillssays","amount":367},{"name":"Biffa2001","amount":281},{"name":"Docm77","amount":223},{"name":"Etho","amount":109},{"name":"VintageBeef","amount":94},{"name":"ZombieCleo","amount":10}]