[{"name":"falsesymmetry","amount":17065},{"name":"GoodTimeWithScar","amount":12848},{"name":"Stressmonster101","amount":4920},{"name":"Renthedog","amount":3968},{"name":"iskall85","amount":1284},{"name":"Welsknight","amount":1152},{"name":"xBCrafted","amount":868},{"name":"cubfan135","amount":456},{"name":"Xisuma","amount":448},{"name":"iJevin","amount":400},{"name":"joehillssays","amount":320},{"name":"Docm77","amount":300},{"name":"VintageBeef","amount":280},{"name":"MumboJumbo","amount":252},{"name":"BdoubleO100","amount":216},{"name":"PythonGB","amount":128},{"name":"Zedaph","amount":20}]