[{"name":"GoodTimeWithScar","amount":103060},{"name":"cubfan135","amount":48080},{"name":"Xisuma","amount":18904},{"name":"MumboJumbo","amount":17680},{"name":"Stressmonster101","amount":7292},{"name":"falsesymmetry","amount":4600},{"name":"iskall85","amount":4208},{"name":"Welsknight","amount":3608},{"name":"joehillssays","amount":1272},{"name":"impulseSV","amount":1232},{"name":"xBCrafted","amount":960},{"name":"ZombieCleo","amount":912},{"name":"Tango","amount":256},{"name":"Zedaph","amount":240},{"name":"Docm77","amount":168},{"name":"iJevin","amount":136},{"name":"VintageBeef","amount":56},{"name":"BdoubleO100","amount":24}]