[{"name":"Renthedog","amount":66},{"name":"cubfan135","amount":19},{"name":"iskall85","amount":17},{"name":"Stressmonster101","amount":15},{"name":"falsesymmetry","amount":13},{"name":"Xisuma","amount":11},{"name":"GoodTimeWithScar","amount":9},{"name":"xBCrafted","amount":7},{"name":"impulseSV","amount":7},{"name":"joehillssays","amount":4},{"name":"Tango","amount":4},{"name":"BdoubleO100","amount":4},{"name":"Docm77","amount":3},{"name":"Welsknight","amount":2},{"name":"MumboJumbo","amount":2},{"name":"VintageBeef","amount":1},{"name":"iJevin","amount":1},{"name":"Tinfoilchef","amount":1},{"name":"Zedaph","amount":1}]