[{"name":"Renthedog","amount":197},{"name":"GoodTimeWithScar","amount":51},{"name":"iskall85","amount":47},{"name":"cubfan135","amount":35},{"name":"joehillssays","amount":20},{"name":"Zedaph","amount":12},{"name":"iJevin","amount":9},{"name":"Xisuma","amount":7},{"name":"falsesymmetry","amount":7},{"name":"Biffa2001","amount":4},{"name":"Tinfoilchef","amount":4},{"name":"Tango","amount":3},{"name":"MumboJumbo","amount":3},{"name":"xBCrafted","amount":2},{"name":"Welsknight","amount":2},{"name":"Stressmonster101","amount":2},{"name":"PythonGB","amount":1},{"name":"impulseSV","amount":1}]