[{"name":"ZombieCleo","amount":37},{"name":"GoodTimeWithScar","amount":30},{"name":"Xisuma","amount":9},{"name":"Tango","amount":9},{"name":"iskall85","amount":9},{"name":"Etho","amount":8},{"name":"PythonGB","amount":7},{"name":"joehillssays","amount":7},{"name":"xBCrafted","amount":7},{"name":"falsesymmetry","amount":6},{"name":"Biffa2001","amount":6},{"name":"Zedaph","amount":6},{"name":"iJevin","amount":5},{"name":"BdoubleO100","amount":5},{"name":"cubfan135","amount":5},{"name":"Welsknight","amount":3},{"name":"Tinfoilchef","amount":3},{"name":"Stressmonster101","amount":3},{"name":"Renthedog","amount":2},{"name":"impulseSV","amount":2}]