[{"name":"cubfan135","amount":27},{"name":"Tango","amount":12},{"name":"MumboJumbo","amount":8},{"name":"impulseSV","amount":6},{"name":"Zedaph","amount":6},{"name":"iskall85","amount":5},{"name":"falsesymmetry","amount":5},{"name":"Renthedog","amount":4},{"name":"GoodTimeWithScar","amount":4},{"name":"Tinfoilchef","amount":4},{"name":"Stressmonster101","amount":4},{"name":"Xisuma","amount":3},{"name":"iJevin","amount":3},{"name":"xBCrafted","amount":2},{"name":"Welsknight","amount":2},{"name":"Biffa2001","amount":2},{"name":"VintageBeef","amount":1},{"name":"PythonGB","amount":1},{"name":"BdoubleO100","amount":1}]