[{"name":"GoodTimeWithScar","amount":4097},{"name":"cubfan135","amount":3824},{"name":"Tango","amount":3360},{"name":"impulseSV","amount":2004},{"name":"Tinfoilchef","amount":1415},{"name":"Zedaph","amount":1210},{"name":"Xisuma","amount":927},{"name":"falsesymmetry","amount":866},{"name":"Welsknight","amount":829},{"name":"iJevin","amount":814},{"name":"joehillssays","amount":690},{"name":"Stressmonster101","amount":576},{"name":"ZombieCleo","amount":435},{"name":"BdoubleO100","amount":385},{"name":"Etho","amount":320},{"name":"PythonGB","amount":269},{"name":"xBCrafted","amount":241},{"name":"Renthedog","amount":192},{"name":"Biffa2001","amount":143},{"name":"VintageBeef","amount":24},{"name":"iskall85","amount":9}]