[{"name":"Tinfoilchef","amount":9776},{"name":"impulseSV","amount":6156},{"name":"MumboJumbo","amount":6034},{"name":"Stressmonster101","amount":1305},{"name":"iskall85","amount":1293},{"name":"Tango","amount":1047},{"name":"GoodTimeWithScar","amount":806},{"name":"BdoubleO100","amount":709},{"name":"cubfan135","amount":391},{"name":"Renthedog","amount":387},{"name":"Zedaph","amount":380},{"name":"Xisuma","amount":306},{"name":"Biffa2001","amount":226},{"name":"Docm77","amount":217},{"name":"VintageBeef","amount":199},{"name":"xBCrafted","amount":198},{"name":"falsesymmetry","amount":170},{"name":"iJevin","amount":169},{"name":"PythonGB","amount":116},{"name":"Welsknight","amount":86},{"name":"joehillssays","amount":75},{"name":"Etho","amount":24}]