[{"name":"MumboJumbo","amount":173},{"name":"falsesymmetry","amount":90},{"name":"cubfan135","amount":53},{"name":"Xisuma","amount":41},{"name":"GoodTimeWithScar","amount":18},{"name":"iskall85","amount":11},{"name":"Welsknight","amount":9},{"name":"Stressmonster101","amount":6},{"name":"PythonGB","amount":5},{"name":"Tango","amount":5},{"name":"xBCrafted","amount":5},{"name":"VintageBeef","amount":4},{"name":"Zedaph","amount":4},{"name":"Renthedog","amount":3},{"name":"joehillssays","amount":3},{"name":"ZombieCleo","amount":3},{"name":"iJevin","amount":2},{"name":"BdoubleO100","amount":2},{"name":"impulseSV","amount":2}]