[{"name":"GoodTimeWithScar","amount":982},{"name":"Xisuma","amount":753},{"name":"falsesymmetry","amount":658},{"name":"MumboJumbo","amount":591},{"name":"cubfan135","amount":176},{"name":"iskall85","amount":167},{"name":"Tango","amount":127},{"name":"impulseSV","amount":127},{"name":"xBCrafted","amount":100},{"name":"Renthedog","amount":55},{"name":"Zedaph","amount":54},{"name":"Stressmonster101","amount":21},{"name":"Docm77","amount":15},{"name":"Welsknight","amount":5},{"name":"iJevin","amount":3},{"name":"VintageBeef","amount":2},{"name":"PythonGB","amount":1},{"name":"BdoubleO100","amount":1}]