[{"name":"Renthedog","amount":3459},{"name":"Tango","amount":934},{"name":"cubfan135","amount":816},{"name":"MumboJumbo","amount":671},{"name":"Docm77","amount":501},{"name":"Xisuma","amount":296},{"name":"GoodTimeWithScar","amount":198},{"name":"falsesymmetry","amount":193},{"name":"Welsknight","amount":187},{"name":"Tinfoilchef","amount":182},{"name":"Zedaph","amount":178},{"name":"impulseSV","amount":168},{"name":"xBCrafted","amount":148},{"name":"ZombieCleo","amount":130},{"name":"iJevin","amount":85},{"name":"iskall85","amount":51},{"name":"PythonGB","amount":27},{"name":"VintageBeef","amount":24},{"name":"Biffa2001","amount":17},{"name":"Stressmonster101","amount":12},{"name":"joehillssays","amount":7},{"name":"BdoubleO100","amount":5},{"name":"Etho","amount":4}]