[{"name":"Tango","amount":28},{"name":"Zedaph","amount":22},{"name":"iskall85","amount":21},{"name":"cubfan135","amount":20},{"name":"PythonGB","amount":13},{"name":"Tinfoilchef","amount":12},{"name":"impulseSV","amount":12},{"name":"MumboJumbo","amount":10},{"name":"GoodTimeWithScar","amount":10},{"name":"BdoubleO100","amount":8},{"name":"Renthedog","amount":7},{"name":"Xisuma","amount":4},{"name":"iJevin","amount":4},{"name":"falsesymmetry","amount":3},{"name":"Etho","amount":3},{"name":"Stressmonster101","amount":3},{"name":"joehillssays","amount":2},{"name":"Welsknight","amount":2},{"name":"Docm77","amount":1},{"name":"VintageBeef","amount":1},{"name":"xBCrafted","amount":1},{"name":"ZombieCleo","amount":1}]