[{"name":"MumboJumbo","amount":42458532},{"name":"Renthedog","amount":28087111},{"name":"cubfan135","amount":22795210},{"name":"impulseSV","amount":21475175},{"name":"falsesymmetry","amount":18119620},{"name":"GoodTimeWithScar","amount":15555152},{"name":"iskall85","amount":12200079},{"name":"joehillssays","amount":7349886},{"name":"Xisuma","amount":6795467},{"name":"WFRTNews","amount":6090160},{"name":"Tango","amount":6047520},{"name":"Zedaph","amount":5477236},{"name":"iJevin","amount":4434045},{"name":"Stressmonster101","amount":4392092},{"name":"PythonGB","amount":4307063},{"name":"Welsknight","amount":3995762},{"name":"xBCrafted","amount":2855945},{"name":"BdoubleO100","amount":1566334},{"name":"Tinfoilchef","amount":1222872},{"name":"Mumbo","amount":1056440},{"name":"ZombieCleo","amount":959766},{"name":"truesymmetry","amount":865776},{"name":"ImpulseCam","amount":685049},{"name":"VintageBeef","amount":674638},{"name":"Biffa2001","amount":507925},{"name":"TangoCam","amount":413772},{"name":"Docm77","amount":315908},{"name":"isGall85","amount":314224},{"name":"xisumavoid","amount":296219},{"name":"Cub_Cam","amount":150597},{"name":"PythonCam","amount":141782},{"name":"ZedCam","amount":59008},{"name":"Etho","amount":58555},{"name":"BadTimeWithScar","amount":54998},{"name":"WelsCam","amount":14009},{"name":"EvilXisuma","amount":8179},{"name":"Lechaion","amount":7956},{"name":"Biffa001","amount":6390}]