[{"name":"MumboJumbo","amount":99},{"name":"cubfan135","amount":45},{"name":"falsesymmetry","amount":36},{"name":"Tango","amount":27},{"name":"xBCrafted","amount":24},{"name":"impulseSV","amount":18},{"name":"Xisuma","amount":15},{"name":"PythonGB","amount":12},{"name":"iskall85","amount":9},{"name":"Renthedog","amount":6},{"name":"iJevin","amount":6},{"name":"joehillssays","amount":6},{"name":"Welsknight","amount":6},{"name":"ZombieCleo","amount":6},{"name":"Tinfoilchef","amount":6},{"name":"Zedaph","amount":6},{"name":"Docm77","amount":3},{"name":"VintageBeef","amount":3},{"name":"BdoubleO100","amount":3},{"name":"Biffa2001","amount":3},{"name":"GoodTimeWithScar","amount":3},{"name":"Stressmonster101","amount":3}]