[{"name":"GoodTimeWithScar","amount":11244},{"name":"Xisuma","amount":4008},{"name":"Renthedog","amount":3588},{"name":"MumboJumbo","amount":1584},{"name":"xBCrafted","amount":1076},{"name":"Welsknight","amount":956},{"name":"falsesymmetry","amount":852},{"name":"Tango","amount":835},{"name":"iskall85","amount":800},{"name":"PythonGB","amount":644},{"name":"VintageBeef","amount":472},{"name":"Tinfoilchef","amount":440},{"name":"Biffa2001","amount":432},{"name":"joehillssays","amount":412},{"name":"BdoubleO100","amount":408},{"name":"iJevin","amount":364},{"name":"impulseSV","amount":312},{"name":"Docm77","amount":232},{"name":"Stressmonster101","amount":176},{"name":"cubfan135","amount":160},{"name":"Etho","amount":84},{"name":"Zedaph","amount":20}]