[{"name":"falsesymmetry","amount":221},{"name":"PythonGB","amount":182},{"name":"cubfan135","amount":101},{"name":"Welsknight","amount":54},{"name":"Stressmonster101","amount":42},{"name":"GoodTimeWithScar","amount":29},{"name":"Zedaph","amount":25},{"name":"VintageBeef","amount":14},{"name":"ZombieCleo","amount":14},{"name":"Xisuma","amount":12},{"name":"BdoubleO100","amount":9},{"name":"iJevin","amount":5},{"name":"Renthedog","amount":4},{"name":"Docm77","amount":2},{"name":"Tango","amount":1}]