[{"name":"GoodTimeWithScar","amount":694301},{"name":"impulseSV","amount":560778},{"name":"cubfan135","amount":397404},{"name":"Tango","amount":337805},{"name":"Renthedog","amount":289861},{"name":"MumboJumbo","amount":271993},{"name":"falsesymmetry","amount":266284},{"name":"iskall85","amount":246316},{"name":"Zedaph","amount":191162},{"name":"joehillssays","amount":174647},{"name":"Xisuma","amount":151148},{"name":"PythonGB","amount":122009},{"name":"iJevin","amount":118807},{"name":"Welsknight","amount":116864},{"name":"Docm77","amount":83684},{"name":"Stressmonster101","amount":34293},{"name":"xBCrafted","amount":33057},{"name":"Tinfoilchef","amount":30541},{"name":"Biffa2001","amount":26929},{"name":"ZombieCleo","amount":25950},{"name":"Etho","amount":25122},{"name":"VintageBeef","amount":20945},{"name":"BdoubleO100","amount":16547},{"name":"Lechaion","amount":270},{"name":"BadTimeWithScar","amount":140},{"name":"truesymmetry","amount":80},{"name":"isGall85","amount":40},{"name":"ImpulseCam","amount":40}]