[{"name":"Tango","amount":226},{"name":"Renthedog","amount":127},{"name":"falsesymmetry","amount":112},{"name":"Xisuma","amount":27},{"name":"impulseSV","amount":24},{"name":"xBCrafted","amount":21},{"name":"cubfan135","amount":13},{"name":"Welsknight","amount":12},{"name":"PythonGB","amount":10},{"name":"Docm77","amount":7},{"name":"Biffa2001","amount":6},{"name":"Zedaph","amount":6},{"name":"BdoubleO100","amount":5},{"name":"GoodTimeWithScar","amount":4},{"name":"iJevin","amount":3},{"name":"MumboJumbo","amount":3},{"name":"joehillssays","amount":2},{"name":"ZombieCleo","amount":2},{"name":"Stressmonster101","amount":2},{"name":"VintageBeef","amount":1},{"name":"Etho","amount":1},{"name":"Tinfoilchef","amount":1}]