[{"name":"cubfan135","amount":1760},{"name":"falsesymmetry","amount":698},{"name":"Tango","amount":424},{"name":"Renthedog","amount":421},{"name":"GoodTimeWithScar","amount":303},{"name":"Zedaph","amount":228},{"name":"impulseSV","amount":206},{"name":"Xisuma","amount":175},{"name":"Tinfoilchef","amount":159},{"name":"iskall85","amount":140},{"name":"joehillssays","amount":121},{"name":"MumboJumbo","amount":82},{"name":"iJevin","amount":52},{"name":"xBCrafted","amount":41},{"name":"Welsknight","amount":39},{"name":"Stressmonster101","amount":25},{"name":"Docm77","amount":22},{"name":"PythonGB","amount":20},{"name":"BdoubleO100","amount":17},{"name":"VintageBeef","amount":4}]