[{"name":"iskall85","amount":3194},{"name":"Tango","amount":379},{"name":"GoodTimeWithScar","amount":325},{"name":"MumboJumbo","amount":282},{"name":"cubfan135","amount":168},{"name":"falsesymmetry","amount":95},{"name":"impulseSV","amount":77},{"name":"xBCrafted","amount":73},{"name":"PythonGB","amount":64},{"name":"Renthedog","amount":48},{"name":"Xisuma","amount":36},{"name":"Welsknight","amount":21},{"name":"Stressmonster101","amount":18},{"name":"BdoubleO100","amount":14},{"name":"joehillssays","amount":6},{"name":"ZombieCleo","amount":6},{"name":"Zedaph","amount":4},{"name":"Etho","amount":1},{"name":"Tinfoilchef","amount":1}]