[{"name":"GoodTimeWithScar","amount":5778},{"name":"Xisuma","amount":1803},{"name":"cubfan135","amount":671},{"name":"impulseSV","amount":193},{"name":"Zedaph","amount":161},{"name":"Tango","amount":159},{"name":"Docm77","amount":133},{"name":"falsesymmetry","amount":109},{"name":"xBCrafted","amount":49},{"name":"iskall85","amount":44},{"name":"MumboJumbo","amount":32},{"name":"Tinfoilchef","amount":23},{"name":"Stressmonster101","amount":14},{"name":"Welsknight","amount":12},{"name":"joehillssays","amount":10},{"name":"BdoubleO100","amount":8},{"name":"ZombieCleo","amount":8},{"name":"VintageBeef","amount":5},{"name":"iJevin","amount":1}]