[{"name":"cubfan135","amount":69},{"name":"Xisuma","amount":65},{"name":"impulseSV","amount":33},{"name":"iskall85","amount":10},{"name":"Tango","amount":9},{"name":"MumboJumbo","amount":7},{"name":"PythonGB","amount":5},{"name":"xBCrafted","amount":4},{"name":"falsesymmetry","amount":4},{"name":"GoodTimeWithScar","amount":4},{"name":"Zedaph","amount":3},{"name":"iJevin","amount":2},{"name":"Welsknight","amount":2},{"name":"Docm77","amount":1},{"name":"Biffa2001","amount":1},{"name":"Etho","amount":1},{"name":"Stressmonster101","amount":1}]