[{"name":"Renthedog","amount":4712},{"name":"Tango","amount":2040},{"name":"MumboJumbo","amount":1478},{"name":"impulseSV","amount":424},{"name":"falsesymmetry","amount":414},{"name":"iskall85","amount":390},{"name":"xBCrafted","amount":274},{"name":"Welsknight","amount":200},{"name":"cubfan135","amount":190},{"name":"GoodTimeWithScar","amount":156},{"name":"Tinfoilchef","amount":148},{"name":"Xisuma","amount":114},{"name":"Etho","amount":102},{"name":"PythonGB","amount":92},{"name":"Zedaph","amount":58},{"name":"iJevin","amount":34},{"name":"Docm77","amount":28},{"name":"Stressmonster101","amount":28},{"name":"ZombieCleo","amount":18},{"name":"BdoubleO100","amount":4}]