[{"name":"cubfan135","amount":1138},{"name":"Tinfoilchef","amount":30},{"name":"Zedaph","amount":25},{"name":"iJevin","amount":12},{"name":"Xisuma","amount":9},{"name":"GoodTimeWithScar","amount":8},{"name":"Tango","amount":7},{"name":"falsesymmetry","amount":5},{"name":"impulseSV","amount":4},{"name":"PythonGB","amount":3},{"name":"Docm77","amount":2},{"name":"Renthedog","amount":2},{"name":"xBCrafted","amount":2},{"name":"VintageBeef","amount":1},{"name":"BdoubleO100","amount":1},{"name":"iskall85","amount":1}]