[{"name":"Renthedog","amount":103},{"name":"Tinfoilchef","amount":8},{"name":"iskall85","amount":6},{"name":"Zedaph","amount":5},{"name":"falsesymmetry","amount":3},{"name":"GoodTimeWithScar","amount":3},{"name":"Docm77","amount":2},{"name":"iJevin","amount":2},{"name":"Tango","amount":2},{"name":"cubfan135","amount":2},{"name":"Xisuma","amount":1},{"name":"PythonGB","amount":1},{"name":"BdoubleO100","amount":1},{"name":"Biffa2001","amount":1},{"name":"Etho","amount":1},{"name":"ZombieCleo","amount":1},{"name":"Stressmonster101","amount":1},{"name":"impulseSV","amount":1}]