[{"name":"Renthedog","amount":157867},{"name":"MumboJumbo","amount":109814},{"name":"cubfan135","amount":93514},{"name":"Welsknight","amount":65560},{"name":"Tango","amount":62497},{"name":"GoodTimeWithScar","amount":56832},{"name":"Xisuma","amount":53663},{"name":"falsesymmetry","amount":48321},{"name":"impulseSV","amount":42248},{"name":"iskall85","amount":41029},{"name":"xBCrafted","amount":31624},{"name":"Stressmonster101","amount":25708},{"name":"Tinfoilchef","amount":22080},{"name":"joehillssays","amount":17992},{"name":"iJevin","amount":16264},{"name":"PythonGB","amount":16172},{"name":"Zedaph","amount":12195},{"name":"ZombieCleo","amount":7598},{"name":"VintageBeef","amount":7136},{"name":"Etho","amount":6852},{"name":"BdoubleO100","amount":6356},{"name":"Docm77","amount":6328},{"name":"Biffa2001","amount":5476}]