[{"name":"iskall85","amount":46129},{"name":"GoodTimeWithScar","amount":22007},{"name":"Xisuma","amount":21981},{"name":"cubfan135","amount":17962},{"name":"Renthedog","amount":15472},{"name":"MumboJumbo","amount":15191},{"name":"Tinfoilchef","amount":7754},{"name":"xBCrafted","amount":7479},{"name":"Tango","amount":5741},{"name":"Zedaph","amount":4890},{"name":"falsesymmetry","amount":4572},{"name":"iJevin","amount":4534},{"name":"impulseSV","amount":4459},{"name":"Docm77","amount":3867},{"name":"PythonGB","amount":3722},{"name":"joehillssays","amount":2665},{"name":"Welsknight","amount":2108},{"name":"Etho","amount":1578},{"name":"BdoubleO100","amount":991},{"name":"Stressmonster101","amount":703},{"name":"Biffa2001","amount":379},{"name":"VintageBeef","amount":353},{"name":"ZombieCleo","amount":268}]