[{"name":"Tango","amount":201},{"name":"cubfan135","amount":117},{"name":"iskall85","amount":109},{"name":"GoodTimeWithScar","amount":58},{"name":"Welsknight","amount":49},{"name":"Stressmonster101","amount":38},{"name":"falsesymmetry","amount":36},{"name":"MumboJumbo","amount":35},{"name":"Biffa2001","amount":31},{"name":"Xisuma","amount":28},{"name":"impulseSV","amount":27},{"name":"Etho","amount":26},{"name":"Tinfoilchef","amount":24},{"name":"Renthedog","amount":23},{"name":"xBCrafted","amount":23},{"name":"Docm77","amount":17},{"name":"PythonGB","amount":17},{"name":"Zedaph","amount":14},{"name":"BdoubleO100","amount":8},{"name":"iJevin","amount":3}]