[{"name":"Renthedog","amount":77},{"name":"Tango","amount":36},{"name":"cubfan135","amount":18},{"name":"PythonGB","amount":13},{"name":"GoodTimeWithScar","amount":13},{"name":"joehillssays","amount":12},{"name":"BdoubleO100","amount":8},{"name":"Zedaph","amount":7},{"name":"VintageBeef","amount":5},{"name":"iskall85","amount":5},{"name":"Xisuma","amount":4},{"name":"xBCrafted","amount":3},{"name":"falsesymmetry","amount":3},{"name":"Welsknight","amount":3},{"name":"impulseSV","amount":3},{"name":"iJevin","amount":2},{"name":"Biffa2001","amount":2},{"name":"Etho","amount":2},{"name":"ZombieCleo","amount":2},{"name":"Docm77","amount":1},{"name":"Tinfoilchef","amount":1},{"name":"Stressmonster101","amount":1}]