[{"name":"Renthedog","amount":152000},{"name":"GoodTimeWithScar","amount":137644},{"name":"iskall85","amount":129104},{"name":"cubfan135","amount":92420},{"name":"falsesymmetry","amount":64560},{"name":"impulseSV","amount":28728},{"name":"Stressmonster101","amount":25000},{"name":"Xisuma","amount":19616},{"name":"Welsknight","amount":16376},{"name":"MumboJumbo","amount":15736},{"name":"PythonGB","amount":13920},{"name":"joehillssays","amount":13648},{"name":"Tango","amount":9872},{"name":"Tinfoilchef","amount":3600},{"name":"Zedaph","amount":2920},{"name":"ZombieCleo","amount":2760},{"name":"iJevin","amount":1592},{"name":"xBCrafted","amount":1528},{"name":"Docm77","amount":1008},{"name":"VintageBeef","amount":336},{"name":"BdoubleO100","amount":336},{"name":"Biffa2001","amount":264}]