[{"name":"Tango","amount":3114},{"name":"cubfan135","amount":2656},{"name":"impulseSV","amount":1623},{"name":"Xisuma","amount":1485},{"name":"MumboJumbo","amount":1440},{"name":"GoodTimeWithScar","amount":782},{"name":"Zedaph","amount":639},{"name":"Welsknight","amount":495},{"name":"Tinfoilchef","amount":243},{"name":"iskall85","amount":126},{"name":"Docm77","amount":117},{"name":"xBCrafted","amount":63},{"name":"Renthedog","amount":54},{"name":"iJevin","amount":45},{"name":"ZombieCleo","amount":27},{"name":"falsesymmetry","amount":18},{"name":"VintageBeef","amount":9},{"name":"joehillssays","amount":9}]