[{"name":"GoodTimeWithScar","amount":682},{"name":"Xisuma","amount":403},{"name":"cubfan135","amount":265},{"name":"falsesymmetry","amount":147},{"name":"Renthedog","amount":86},{"name":"Stressmonster101","amount":58},{"name":"MumboJumbo","amount":54},{"name":"BdoubleO100","amount":52},{"name":"Tango","amount":49},{"name":"joehillssays","amount":47},{"name":"iskall85","amount":32},{"name":"Welsknight","amount":27},{"name":"xBCrafted","amount":26},{"name":"PythonGB","amount":22},{"name":"iJevin","amount":20},{"name":"Docm77","amount":17},{"name":"impulseSV","amount":17},{"name":"Zedaph","amount":17},{"name":"Tinfoilchef","amount":13},{"name":"VintageBeef","amount":12},{"name":"ZombieCleo","amount":7},{"name":"Biffa2001","amount":2}]