[{"name":"cubfan135","amount":209},{"name":"Renthedog","amount":65},{"name":"Tango","amount":28},{"name":"VintageBeef","amount":27},{"name":"falsesymmetry","amount":22},{"name":"impulseSV","amount":14},{"name":"Welsknight","amount":13},{"name":"Zedaph","amount":11},{"name":"Tinfoilchef","amount":10},{"name":"Biffa2001","amount":9},{"name":"iskall85","amount":8},{"name":"PythonGB","amount":6},{"name":"xBCrafted","amount":6},{"name":"Xisuma","amount":4},{"name":"joehillssays","amount":4},{"name":"iJevin","amount":3},{"name":"MumboJumbo","amount":2},{"name":"Docm77","amount":1},{"name":"GoodTimeWithScar","amount":1}]