[{"name":"xBCrafted","amount":133},{"name":"Renthedog","amount":76},{"name":"Zedaph","amount":33},{"name":"impulseSV","amount":26},{"name":"Xisuma","amount":20},{"name":"iskall85","amount":19},{"name":"falsesymmetry","amount":18},{"name":"ZombieCleo","amount":15},{"name":"GoodTimeWithScar","amount":14},{"name":"cubfan135","amount":13},{"name":"iJevin","amount":11},{"name":"joehillssays","amount":10},{"name":"Tango","amount":10},{"name":"Etho","amount":8},{"name":"PythonGB","amount":7},{"name":"Stressmonster101","amount":7},{"name":"MumboJumbo","amount":6},{"name":"BdoubleO100","amount":5},{"name":"Biffa2001","amount":4},{"name":"Tinfoilchef","amount":3},{"name":"Docm77","amount":2},{"name":"VintageBeef","amount":2},{"name":"Welsknight","amount":1}]