[{"name":"Tango","amount":1458},{"name":"MumboJumbo","amount":1146},{"name":"cubfan135","amount":1026},{"name":"impulseSV","amount":762},{"name":"Xisuma","amount":678},{"name":"iskall85","amount":474},{"name":"Renthedog","amount":462},{"name":"GoodTimeWithScar","amount":426},{"name":"Zedaph","amount":174},{"name":"Welsknight","amount":108},{"name":"falsesymmetry","amount":90},{"name":"Stressmonster101","amount":78},{"name":"Tinfoilchef","amount":66},{"name":"iJevin","amount":48},{"name":"VintageBeef","amount":30},{"name":"Etho","amount":30},{"name":"Biffa2001","amount":24},{"name":"PythonGB","amount":18},{"name":"ZombieCleo","amount":12},{"name":"Docm77","amount":6}]