[{"name":"cubfan135","amount":27977},{"name":"GoodTimeWithScar","amount":7068},{"name":"Tango","amount":6683},{"name":"impulseSV","amount":4507},{"name":"MumboJumbo","amount":4168},{"name":"Tinfoilchef","amount":3268},{"name":"PythonGB","amount":2511},{"name":"iskall85","amount":2338},{"name":"ZombieCleo","amount":2120},{"name":"iJevin","amount":1912},{"name":"Welsknight","amount":1099},{"name":"joehillssays","amount":1046},{"name":"falsesymmetry","amount":786},{"name":"Zedaph","amount":731},{"name":"Docm77","amount":269},{"name":"Stressmonster101","amount":261},{"name":"Biffa2001","amount":107},{"name":"Renthedog","amount":72},{"name":"BdoubleO100","amount":40},{"name":"xBCrafted","amount":19},{"name":"Xisuma","amount":2}]