[{"name":"Tango","amount":489},{"name":"Zedaph","amount":473},{"name":"Xisuma","amount":440},{"name":"Renthedog","amount":231},{"name":"Docm77","amount":148},{"name":"impulseSV","amount":146},{"name":"GoodTimeWithScar","amount":89},{"name":"falsesymmetry","amount":74},{"name":"iskall85","amount":65},{"name":"Etho","amount":64},{"name":"cubfan135","amount":50},{"name":"Biffa2001","amount":11},{"name":"MumboJumbo","amount":11},{"name":"iJevin","amount":3},{"name":"joehillssays","amount":2},{"name":"Tinfoilchef","amount":1}]