[{"name":"cubfan135","amount":2713},{"name":"MumboJumbo","amount":242},{"name":"ZombieCleo","amount":154},{"name":"Zedaph","amount":126},{"name":"Tango","amount":96},{"name":"GoodTimeWithScar","amount":49},{"name":"iskall85","amount":47},{"name":"xBCrafted","amount":28},{"name":"VintageBeef","amount":21},{"name":"Renthedog","amount":15},{"name":"falsesymmetry","amount":8},{"name":"Stressmonster101","amount":8},{"name":"impulseSV","amount":6},{"name":"BdoubleO100","amount":4},{"name":"Docm77","amount":3},{"name":"Xisuma","amount":2},{"name":"PythonGB","amount":2},{"name":"Etho","amount":1}]