[{"name":"Renthedog","amount":3538},{"name":"cubfan135","amount":666},{"name":"Tango","amount":544},{"name":"Tinfoilchef","amount":456},{"name":"Zedaph","amount":333},{"name":"GoodTimeWithScar","amount":236},{"name":"MumboJumbo","amount":192},{"name":"iJevin","amount":92},{"name":"falsesymmetry","amount":51},{"name":"joehillssays","amount":28},{"name":"Biffa2001","amount":26},{"name":"xBCrafted","amount":16},{"name":"impulseSV","amount":9},{"name":"Docm77","amount":8},{"name":"Xisuma","amount":3},{"name":"PythonGB","amount":3},{"name":"VintageBeef","amount":1},{"name":"BdoubleO100","amount":1},{"name":"iskall85","amount":1}]