[{"name":"iskall85","amount":242},{"name":"Tango","amount":138},{"name":"impulseSV","amount":134},{"name":"falsesymmetry","amount":101},{"name":"cubfan135","amount":75},{"name":"MumboJumbo","amount":63},{"name":"Zedaph","amount":58},{"name":"PythonGB","amount":42},{"name":"Xisuma","amount":19},{"name":"GoodTimeWithScar","amount":19},{"name":"Welsknight","amount":16},{"name":"xBCrafted","amount":11},{"name":"Renthedog","amount":10},{"name":"Stressmonster101","amount":6},{"name":"Biffa2001","amount":5},{"name":"Etho","amount":4},{"name":"iJevin","amount":2},{"name":"BdoubleO100","amount":1}]