[{"name":"iskall85","amount":20807},{"name":"MumboJumbo","amount":6062},{"name":"cubfan135","amount":4748},{"name":"impulseSV","amount":4409},{"name":"PythonGB","amount":1641},{"name":"Renthedog","amount":1492},{"name":"Tango","amount":1352},{"name":"Welsknight","amount":747},{"name":"GoodTimeWithScar","amount":650},{"name":"Stressmonster101","amount":490},{"name":"joehillssays","amount":431},{"name":"Tinfoilchef","amount":363},{"name":"xBCrafted","amount":362},{"name":"Zedaph","amount":204},{"name":"iJevin","amount":175},{"name":"Xisuma","amount":111},{"name":"falsesymmetry","amount":51},{"name":"BdoubleO100","amount":37},{"name":"ZombieCleo","amount":34},{"name":"Biffa2001","amount":24},{"name":"VintageBeef","amount":23},{"name":"Docm77","amount":16},{"name":"Etho","amount":1}]