[{"name":"Renthedog","amount":68},{"name":"cubfan135","amount":41},{"name":"joehillssays","amount":37},{"name":"ZombieCleo","amount":37},{"name":"GoodTimeWithScar","amount":36},{"name":"Tango","amount":27},{"name":"Zedaph","amount":23},{"name":"iskall85","amount":15},{"name":"xBCrafted","amount":14},{"name":"Xisuma","amount":13},{"name":"iJevin","amount":13},{"name":"falsesymmetry","amount":13},{"name":"PythonGB","amount":11},{"name":"Etho","amount":11},{"name":"Biffa2001","amount":10},{"name":"MumboJumbo","amount":6},{"name":"Tinfoilchef","amount":6},{"name":"VintageBeef","amount":5},{"name":"Stressmonster101","amount":5},{"name":"BdoubleO100","amount":4},{"name":"Welsknight","amount":4},{"name":"impulseSV","amount":4},{"name":"Docm77","amount":2}]