[{"name":"MumboJumbo","amount":866},{"name":"iskall85","amount":331},{"name":"cubfan135","amount":138},{"name":"impulseSV","amount":34},{"name":"GoodTimeWithScar","amount":25},{"name":"xBCrafted","amount":20},{"name":"Stressmonster101","amount":16},{"name":"falsesymmetry","amount":11},{"name":"Zedaph","amount":11},{"name":"Tango","amount":6},{"name":"VintageBeef","amount":5},{"name":"iJevin","amount":5},{"name":"ZombieCleo","amount":3},{"name":"Renthedog","amount":2},{"name":"BdoubleO100","amount":2}]