[{"name":"Tango","amount":1086},{"name":"MumboJumbo","amount":165},{"name":"cubfan135","amount":150},{"name":"joehillssays","amount":88},{"name":"Xisuma","amount":59},{"name":"GoodTimeWithScar","amount":49},{"name":"Welsknight","amount":47},{"name":"falsesymmetry","amount":46},{"name":"VintageBeef","amount":38},{"name":"Renthedog","amount":35},{"name":"xBCrafted","amount":28},{"name":"PythonGB","amount":21},{"name":"iskall85","amount":16},{"name":"BdoubleO100","amount":8},{"name":"Stressmonster101","amount":8},{"name":"ZombieCleo","amount":3},{"name":"Docm77","amount":2},{"name":"Zedaph","amount":1}]