[{"name":"Welsknight","amount":23288},{"name":"Renthedog","amount":17942},{"name":"cubfan135","amount":13068},{"name":"GoodTimeWithScar","amount":10950},{"name":"xBCrafted","amount":10129},{"name":"Stressmonster101","amount":7906},{"name":"falsesymmetry","amount":7608},{"name":"MumboJumbo","amount":6922},{"name":"Xisuma","amount":6054},{"name":"Tinfoilchef","amount":4808},{"name":"PythonGB","amount":3612},{"name":"impulseSV","amount":3034},{"name":"iskall85","amount":2008},{"name":"Tango","amount":1860},{"name":"joehillssays","amount":1412},{"name":"VintageBeef","amount":1176},{"name":"ZombieCleo","amount":1068},{"name":"BdoubleO100","amount":1008},{"name":"iJevin","amount":900},{"name":"Zedaph","amount":666},{"name":"Biffa2001","amount":396},{"name":"Docm77","amount":216}]