[{"name":"GoodTimeWithScar","amount":37416},{"name":"Tango","amount":14407},{"name":"Tinfoilchef","amount":13856},{"name":"Renthedog","amount":13203},{"name":"cubfan135","amount":11065},{"name":"Xisuma","amount":10908},{"name":"joehillssays","amount":8664},{"name":"Welsknight","amount":8504},{"name":"iskall85","amount":8216},{"name":"MumboJumbo","amount":8120},{"name":"xBCrafted","amount":7696},{"name":"falsesymmetry","amount":6892},{"name":"iJevin","amount":5116},{"name":"PythonGB","amount":5100},{"name":"Stressmonster101","amount":4732},{"name":"Zedaph","amount":4472},{"name":"impulseSV","amount":4228},{"name":"Etho","amount":3408},{"name":"Biffa2001","amount":2880},{"name":"Docm77","amount":1650},{"name":"VintageBeef","amount":1340},{"name":"BdoubleO100","amount":1260},{"name":"ZombieCleo","amount":968}]