[{"name":"MumboJumbo","amount":617},{"name":"impulseSV","amount":345},{"name":"Tango","amount":328},{"name":"Zedaph","amount":270},{"name":"Renthedog","amount":227},{"name":"iskall85","amount":225},{"name":"falsesymmetry","amount":175},{"name":"Biffa2001","amount":146},{"name":"PythonGB","amount":113},{"name":"Tinfoilchef","amount":64},{"name":"Xisuma","amount":48},{"name":"GoodTimeWithScar","amount":32},{"name":"cubfan135","amount":25},{"name":"xBCrafted","amount":20},{"name":"Docm77","amount":11},{"name":"Welsknight","amount":8},{"name":"Stressmonster101","amount":4}]