[{"name":"Renthedog","amount":959},{"name":"falsesymmetry","amount":937},{"name":"iskall85","amount":694},{"name":"cubfan135","amount":504},{"name":"Zedaph","amount":474},{"name":"GoodTimeWithScar","amount":216},{"name":"Tango","amount":203},{"name":"Xisuma","amount":197},{"name":"Stressmonster101","amount":46},{"name":"xBCrafted","amount":31},{"name":"MumboJumbo","amount":28},{"name":"Welsknight","amount":22},{"name":"impulseSV","amount":20},{"name":"PythonGB","amount":6},{"name":"BdoubleO100","amount":6},{"name":"iJevin","amount":3},{"name":"Docm77","amount":2},{"name":"Biffa2001","amount":2},{"name":"VintageBeef","amount":1},{"name":"joehillssays","amount":1}]