[{"name":"Renthedog","amount":3504},{"name":"Tango","amount":1440},{"name":"joehillssays","amount":165},{"name":"iskall85","amount":156},{"name":"Welsknight","amount":126},{"name":"falsesymmetry","amount":78},{"name":"Xisuma","amount":51},{"name":"Stressmonster101","amount":48},{"name":"PythonGB","amount":36},{"name":"BdoubleO100","amount":36},{"name":"MumboJumbo","amount":30},{"name":"iJevin","amount":21},{"name":"Zedaph","amount":12},{"name":"xBCrafted","amount":9},{"name":"VintageBeef","amount":6},{"name":"cubfan135","amount":6},{"name":"GoodTimeWithScar","amount":6},{"name":"ZombieCleo","amount":3}]