[{"name":"Renthedog","amount":3275},{"name":"cubfan135","amount":863},{"name":"iskall85","amount":328},{"name":"Tinfoilchef","amount":196},{"name":"MumboJumbo","amount":128},{"name":"falsesymmetry","amount":42},{"name":"Zedaph","amount":16},{"name":"ZombieCleo","amount":12},{"name":"GoodTimeWithScar","amount":12},{"name":"Xisuma","amount":11},{"name":"impulseSV","amount":10},{"name":"Docm77","amount":8},{"name":"iJevin","amount":7},{"name":"xBCrafted","amount":7},{"name":"joehillssays","amount":5},{"name":"Stressmonster101","amount":5},{"name":"Tango","amount":2}]