[{"name":"Renthedog","amount":63},{"name":"Zedaph","amount":10},{"name":"Tinfoilchef","amount":8},{"name":"Tango","amount":5},{"name":"iskall85","amount":3},{"name":"falsesymmetry","amount":3},{"name":"Etho","amount":3},{"name":"iJevin","amount":2},{"name":"cubfan135","amount":2},{"name":"impulseSV","amount":2},{"name":"Docm77","amount":1},{"name":"Xisuma","amount":1},{"name":"VintageBeef","amount":1},{"name":"PythonGB","amount":1},{"name":"joehillssays","amount":1},{"name":"BdoubleO100","amount":1},{"name":"xBCrafted","amount":1},{"name":"Welsknight","amount":1},{"name":"Biffa2001","amount":1},{"name":"ZombieCleo","amount":1},{"name":"GoodTimeWithScar","amount":1},{"name":"Stressmonster101","amount":1}]