[{"name":"Tango","amount":1243},{"name":"iskall85","amount":430},{"name":"MumboJumbo","amount":372},{"name":"GoodTimeWithScar","amount":210},{"name":"Docm77","amount":110},{"name":"falsesymmetry","amount":101},{"name":"cubfan135","amount":95},{"name":"joehillssays","amount":64},{"name":"Renthedog","amount":40},{"name":"Zedaph","amount":39},{"name":"Xisuma","amount":18},{"name":"iJevin","amount":9},{"name":"Stressmonster101","amount":6},{"name":"BdoubleO100","amount":5},{"name":"xBCrafted","amount":3},{"name":"Welsknight","amount":1},{"name":"Tinfoilchef","amount":1},{"name":"impulseSV","amount":1}]