[{"name":"Renthedog","amount":3490},{"name":"Xisuma","amount":86},{"name":"cubfan135","amount":63},{"name":"Tango","amount":53},{"name":"iskall85","amount":36},{"name":"Stressmonster101","amount":27},{"name":"MumboJumbo","amount":24},{"name":"falsesymmetry","amount":13},{"name":"Biffa2001","amount":13},{"name":"joehillssays","amount":10},{"name":"PythonGB","amount":7},{"name":"xBCrafted","amount":7},{"name":"Docm77","amount":6},{"name":"VintageBeef","amount":4},{"name":"BdoubleO100","amount":4},{"name":"Welsknight","amount":4},{"name":"Zedaph","amount":4},{"name":"GoodTimeWithScar","amount":2},{"name":"impulseSV","amount":2},{"name":"iJevin","amount":1},{"name":"ZombieCleo","amount":1},{"name":"Tinfoilchef","amount":1}]