[{"name":"impulseSV","amount":1691},{"name":"Zedaph","amount":727},{"name":"iJevin","amount":695},{"name":"Welsknight","amount":691},{"name":"GoodTimeWithScar","amount":636},{"name":"Tango","amount":594},{"name":"falsesymmetry","amount":534},{"name":"Renthedog","amount":297},{"name":"joehillssays","amount":297},{"name":"Tinfoilchef","amount":269},{"name":"iskall85","amount":251},{"name":"PythonGB","amount":145},{"name":"cubfan135","amount":145},{"name":"Stressmonster101","amount":95},{"name":"VintageBeef","amount":89},{"name":"Etho","amount":88},{"name":"Xisuma","amount":28},{"name":"BdoubleO100","amount":23},{"name":"MumboJumbo","amount":23},{"name":"Biffa2001","amount":21},{"name":"ZombieCleo","amount":20},{"name":"xBCrafted","amount":1}]