[{"name":"ZombieCleo","amount":2995},{"name":"cubfan135","amount":2788},{"name":"xBCrafted","amount":2144},{"name":"Xisuma","amount":2050},{"name":"impulseSV","amount":1783},{"name":"falsesymmetry","amount":1777},{"name":"Tango","amount":1445},{"name":"Biffa2001","amount":916},{"name":"GoodTimeWithScar","amount":651},{"name":"PythonGB","amount":634},{"name":"MumboJumbo","amount":558},{"name":"Zedaph","amount":195},{"name":"joehillssays","amount":187},{"name":"iskall85","amount":81},{"name":"Docm77","amount":23},{"name":"iJevin","amount":20},{"name":"VintageBeef","amount":10}]