[{"name":"Renthedog","amount":56},{"name":"xBCrafted","amount":25},{"name":"Tango","amount":15},{"name":"cubfan135","amount":13},{"name":"Xisuma","amount":9},{"name":"falsesymmetry","amount":9},{"name":"PythonGB","amount":7},{"name":"joehillssays","amount":4},{"name":"Welsknight","amount":3},{"name":"impulseSV","amount":3},{"name":"iskall85","amount":2},{"name":"Docm77","amount":1},{"name":"iJevin","amount":1},{"name":"BdoubleO100","amount":1},{"name":"MumboJumbo","amount":1},{"name":"Zedaph","amount":1}]