[{"name":"Renthedog","amount":3856},{"name":"MumboJumbo","amount":1061},{"name":"Xisuma","amount":626},{"name":"iskall85","amount":396},{"name":"GoodTimeWithScar","amount":330},{"name":"impulseSV","amount":271},{"name":"cubfan135","amount":169},{"name":"falsesymmetry","amount":165},{"name":"Zedaph","amount":121},{"name":"joehillssays","amount":112},{"name":"Tango","amount":91},{"name":"iJevin","amount":86},{"name":"xBCrafted","amount":77},{"name":"PythonGB","amount":58},{"name":"Stressmonster101","amount":51},{"name":"BdoubleO100","amount":38},{"name":"Welsknight","amount":34},{"name":"VintageBeef","amount":20},{"name":"Docm77","amount":18},{"name":"Biffa2001","amount":18},{"name":"Etho","amount":17},{"name":"Tinfoilchef","amount":14},{"name":"ZombieCleo","amount":10}]