[{"name":"Tango","amount":5424},{"name":"MumboJumbo","amount":1582},{"name":"cubfan135","amount":1388},{"name":"Tinfoilchef","amount":480},{"name":"iskall85","amount":204},{"name":"Welsknight","amount":166},{"name":"GoodTimeWithScar","amount":90},{"name":"Renthedog","amount":78},{"name":"Zedaph","amount":78},{"name":"Xisuma","amount":70},{"name":"iJevin","amount":62},{"name":"falsesymmetry","amount":62},{"name":"xBCrafted","amount":60},{"name":"impulseSV","amount":58},{"name":"Stressmonster101","amount":44},{"name":"Biffa2001","amount":32},{"name":"BdoubleO100","amount":26},{"name":"Etho","amount":26},{"name":"PythonGB","amount":22},{"name":"Docm77","amount":20},{"name":"joehillssays","amount":8},{"name":"VintageBeef","amount":2}]