[{"name":"MumboJumbo","amount":1687},{"name":"Tango","amount":1677},{"name":"cubfan135","amount":1427},{"name":"Xisuma","amount":346},{"name":"impulseSV","amount":289},{"name":"GoodTimeWithScar","amount":284},{"name":"iskall85","amount":151},{"name":"Zedaph","amount":148},{"name":"Docm77","amount":98},{"name":"Welsknight","amount":86},{"name":"falsesymmetry","amount":80},{"name":"Etho","amount":42},{"name":"Tinfoilchef","amount":42},{"name":"PythonGB","amount":31},{"name":"iJevin","amount":21},{"name":"Renthedog","amount":19},{"name":"xBCrafted","amount":13},{"name":"VintageBeef","amount":12},{"name":"ZombieCleo","amount":8},{"name":"Stressmonster101","amount":4},{"name":"joehillssays","amount":1},{"name":"BdoubleO100","amount":1}]