[{"name":"cubfan135","amount":208},{"name":"MumboJumbo","amount":165},{"name":"joehillssays","amount":86},{"name":"Xisuma","amount":59},{"name":"GoodTimeWithScar","amount":49},{"name":"Welsknight","amount":47},{"name":"VintageBeef","amount":38},{"name":"falsesymmetry","amount":38},{"name":"Renthedog","amount":33},{"name":"xBCrafted","amount":28},{"name":"Tango","amount":24},{"name":"PythonGB","amount":20},{"name":"iskall85","amount":16},{"name":"BdoubleO100","amount":8},{"name":"Stressmonster101","amount":8},{"name":"Docm77","amount":1}]