[{"name":"cubfan135","amount":732},{"name":"iskall85","amount":413},{"name":"GoodTimeWithScar","amount":368},{"name":"Xisuma","amount":201},{"name":"Tango","amount":201},{"name":"Renthedog","amount":124},{"name":"impulseSV","amount":119},{"name":"Welsknight","amount":110},{"name":"Zedaph","amount":74},{"name":"falsesymmetry","amount":72},{"name":"Docm77","amount":41},{"name":"PythonGB","amount":34},{"name":"iJevin","amount":33},{"name":"Tinfoilchef","amount":32},{"name":"xBCrafted","amount":27},{"name":"MumboJumbo","amount":23},{"name":"Stressmonster101","amount":22},{"name":"Biffa2001","amount":20},{"name":"Etho","amount":1}]