[{"name":"impulseSV","amount":6824},{"name":"Tango","amount":6220},{"name":"cubfan135","amount":2755},{"name":"Xisuma","amount":2129},{"name":"GoodTimeWithScar","amount":1437},{"name":"MumboJumbo","amount":431},{"name":"xBCrafted","amount":403},{"name":"PythonGB","amount":263},{"name":"Docm77","amount":100},{"name":"Zedaph","amount":78},{"name":"Welsknight","amount":55},{"name":"Renthedog","amount":48},{"name":"iskall85","amount":34},{"name":"Tinfoilchef","amount":34},{"name":"falsesymmetry","amount":21},{"name":"joehillssays","amount":1}]