[{"name":"Renthedog","amount":1767},{"name":"cubfan135","amount":1332},{"name":"joehillssays","amount":975},{"name":"GoodTimeWithScar","amount":540},{"name":"MumboJumbo","amount":467},{"name":"PythonGB","amount":260},{"name":"iJevin","amount":259},{"name":"iskall85","amount":219},{"name":"BdoubleO100","amount":178},{"name":"ZombieCleo","amount":148},{"name":"Docm77","amount":140},{"name":"falsesymmetry","amount":125},{"name":"Stressmonster101","amount":80},{"name":"impulseSV","amount":65},{"name":"Welsknight","amount":30},{"name":"Tinfoilchef","amount":25},{"name":"Xisuma","amount":12},{"name":"Zedaph","amount":10},{"name":"Etho","amount":4},{"name":"Tango","amount":3},{"name":"VintageBeef","amount":1}]