[{"name":"MumboJumbo","amount":2409},{"name":"impulseSV","amount":1158},{"name":"Tinfoilchef","amount":741},{"name":"PythonGB","amount":564},{"name":"GoodTimeWithScar","amount":477},{"name":"Zedaph","amount":477},{"name":"cubfan135","amount":465},{"name":"falsesymmetry","amount":432},{"name":"ZombieCleo","amount":363},{"name":"iskall85","amount":297},{"name":"xBCrafted","amount":282},{"name":"Biffa2001","amount":273},{"name":"VintageBeef","amount":246},{"name":"iJevin","amount":141},{"name":"Welsknight","amount":105},{"name":"Renthedog","amount":96},{"name":"Tango","amount":96},{"name":"joehillssays","amount":75},{"name":"Stressmonster101","amount":45},{"name":"Docm77","amount":9},{"name":"Xisuma","amount":9}]