[{"name":"Tango","amount":1795},{"name":"MumboJumbo","amount":1444},{"name":"Renthedog","amount":969},{"name":"impulseSV","amount":376},{"name":"iskall85","amount":352},{"name":"falsesymmetry","amount":265},{"name":"Welsknight","amount":247},{"name":"xBCrafted","amount":232},{"name":"Xisuma","amount":185},{"name":"GoodTimeWithScar","amount":93},{"name":"cubfan135","amount":90},{"name":"PythonGB","amount":88},{"name":"Tinfoilchef","amount":78},{"name":"Etho","amount":64},{"name":"Stressmonster101","amount":58},{"name":"Zedaph","amount":39},{"name":"iJevin","amount":25},{"name":"Docm77","amount":22},{"name":"BdoubleO100","amount":1}]