[{"name":"GoodTimeWithScar","amount":1909079842},{"name":"cubfan135","amount":1125585549},{"name":"MumboJumbo","amount":587843163},{"name":"falsesymmetry","amount":577529030},{"name":"Tango","amount":521161608},{"name":"iskall85","amount":458940428},{"name":"Renthedog","amount":419439951},{"name":"Welsknight","amount":245302587},{"name":"Xisuma","amount":237462210},{"name":"impulseSV","amount":196577128},{"name":"Zedaph","amount":162007537},{"name":"iJevin","amount":150545941},{"name":"Tinfoilchef","amount":147793213},{"name":"joehillssays","amount":129073676},{"name":"PythonGB","amount":110479946},{"name":"Stressmonster101","amount":76153011},{"name":"xBCrafted","amount":43544372},{"name":"Etho","amount":15650492},{"name":"ZombieCleo","amount":10445705},{"name":"Biffa2001","amount":9037855},{"name":"Docm77","amount":8413521},{"name":"BdoubleO100","amount":2436694},{"name":"VintageBeef","amount":861471}]