[{"name":"Xisuma","amount":130},{"name":"MumboJumbo","amount":67},{"name":"impulseSV","amount":36},{"name":"iskall85","amount":18},{"name":"cubfan135","amount":16},{"name":"falsesymmetry","amount":15},{"name":"joehillssays","amount":14},{"name":"Welsknight","amount":12},{"name":"Zedaph","amount":12},{"name":"Renthedog","amount":11},{"name":"Tinfoilchef","amount":4},{"name":"iJevin","amount":3},{"name":"Tango","amount":3},{"name":"BdoubleO100","amount":2},{"name":"Etho","amount":1},{"name":"Stressmonster101","amount":1}]