[{"name":"cubfan135","amount":1881},{"name":"MumboJumbo","amount":1435},{"name":"Tango","amount":747},{"name":"Xisuma","amount":678},{"name":"impulseSV","amount":491},{"name":"iskall85","amount":400},{"name":"PythonGB","amount":333},{"name":"xBCrafted","amount":312},{"name":"Zedaph","amount":299},{"name":"falsesymmetry","amount":267},{"name":"Tinfoilchef","amount":174},{"name":"Welsknight","amount":171},{"name":"GoodTimeWithScar","amount":161},{"name":"Docm77","amount":153},{"name":"iJevin","amount":117},{"name":"Renthedog","amount":113},{"name":"Stressmonster101","amount":109},{"name":"Etho","amount":64},{"name":"joehillssays","amount":38},{"name":"VintageBeef","amount":26},{"name":"BdoubleO100","amount":26},{"name":"TangoCam","amount":8},{"name":"ZombieCleo","amount":5},{"name":"Biffa2001","amount":2},{"name":"xisumavoid","amount":1}]