[{"name":"cubfan135","amount":39080554},{"name":"GoodTimeWithScar","amount":35432386},{"name":"impulseSV","amount":34944540},{"name":"Tango","amount":26072203},{"name":"falsesymmetry","amount":18878794},{"name":"Xisuma","amount":14158938},{"name":"MumboJumbo","amount":11029002},{"name":"PythonGB","amount":8309843},{"name":"BdoubleO100","amount":6569066},{"name":"xBCrafted","amount":5792268},{"name":"Welsknight","amount":5455681},{"name":"iskall85","amount":4779178},{"name":"joehillssays","amount":4506379},{"name":"Zedaph","amount":4198650},{"name":"Renthedog","amount":3497553},{"name":"ZombieCleo","amount":3465083},{"name":"Tinfoilchef","amount":2212974},{"name":"iJevin","amount":1289583},{"name":"Stressmonster101","amount":1109146},{"name":"Etho","amount":681155},{"name":"Docm77","amount":632273},{"name":"Biffa2001","amount":339997},{"name":"VintageBeef","amount":336417},{"name":"xisumavoid","amount":6894},{"name":"EvilXisuma","amount":6348},{"name":"isGall85","amount":1853},{"name":"TangoCam","amount":1637},{"name":"ImpulseCam","amount":559}]