[{"name":"GoodTimeWithScar","amount":5066},{"name":"falsesymmetry","amount":1578},{"name":"Tango","amount":1252},{"name":"impulseSV","amount":629},{"name":"Etho","amount":475},{"name":"Zedaph","amount":439},{"name":"Stressmonster101","amount":311},{"name":"cubfan135","amount":229},{"name":"VintageBeef","amount":224},{"name":"xBCrafted","amount":197},{"name":"Biffa2001","amount":194},{"name":"joehillssays","amount":184},{"name":"iskall85","amount":151},{"name":"Docm77","amount":146},{"name":"Renthedog","amount":127},{"name":"BdoubleO100","amount":101},{"name":"ZombieCleo","amount":95},{"name":"iJevin","amount":92},{"name":"Tinfoilchef","amount":81},{"name":"Xisuma","amount":79},{"name":"PythonGB","amount":64}]