[{"name":"Renthedog","amount":3804},{"name":"MumboJumbo","amount":1434},{"name":"Zedaph","amount":390},{"name":"GoodTimeWithScar","amount":363},{"name":"Tango","amount":351},{"name":"iskall85","amount":234},{"name":"Tinfoilchef","amount":192},{"name":"falsesymmetry","amount":165},{"name":"Xisuma","amount":135},{"name":"xBCrafted","amount":84},{"name":"Welsknight","amount":69},{"name":"Biffa2001","amount":66},{"name":"Docm77","amount":60},{"name":"impulseSV","amount":60},{"name":"cubfan135","amount":39},{"name":"iJevin","amount":27},{"name":"joehillssays","amount":24},{"name":"Stressmonster101","amount":21},{"name":"PythonGB","amount":15},{"name":"VintageBeef","amount":3}]