[{"name":"Renthedog","amount":58},{"name":"joehillssays","amount":39},{"name":"Tango","amount":26},{"name":"Welsknight","amount":17},{"name":"Zedaph","amount":10},{"name":"xBCrafted","amount":7},{"name":"falsesymmetry","amount":7},{"name":"Xisuma","amount":6},{"name":"iskall85","amount":6},{"name":"Stressmonster101","amount":6},{"name":"cubfan135","amount":5},{"name":"GoodTimeWithScar","amount":5},{"name":"VintageBeef","amount":4},{"name":"Etho","amount":3},{"name":"impulseSV","amount":3},{"name":"PythonGB","amount":2},{"name":"iJevin","amount":2},{"name":"Biffa2001","amount":2},{"name":"Tinfoilchef","amount":2},{"name":"ZombieCleo","amount":1},{"name":"MumboJumbo","amount":1}]