[{"name":"Renthedog","amount":3513},{"name":"xBCrafted","amount":414},{"name":"PythonGB","amount":402},{"name":"Biffa2001","amount":150},{"name":"Tango","amount":105},{"name":"cubfan135","amount":96},{"name":"Xisuma","amount":93},{"name":"ZombieCleo","amount":90},{"name":"impulseSV","amount":45},{"name":"joehillssays","amount":27},{"name":"VintageBeef","amount":24},{"name":"Stressmonster101","amount":18},{"name":"BdoubleO100","amount":15},{"name":"MumboJumbo","amount":15},{"name":"Zedaph","amount":15},{"name":"falsesymmetry","amount":12},{"name":"iJevin","amount":3}]