[{"name":"joehillssays","amount":63971},{"name":"falsesymmetry","amount":61460},{"name":"Renthedog","amount":60655},{"name":"Welsknight","amount":52379},{"name":"impulseSV","amount":33967},{"name":"MumboJumbo","amount":28031},{"name":"Xisuma","amount":26567},{"name":"cubfan135","amount":25211},{"name":"xBCrafted","amount":16841},{"name":"GoodTimeWithScar","amount":14741},{"name":"iJevin","amount":11167},{"name":"Tango","amount":10909},{"name":"iskall85","amount":10315},{"name":"Tinfoilchef","amount":9465},{"name":"VintageBeef","amount":5211},{"name":"PythonGB","amount":4443},{"name":"Zedaph","amount":3340},{"name":"Docm77","amount":3259},{"name":"Stressmonster101","amount":1380},{"name":"BdoubleO100","amount":1273},{"name":"Biffa2001","amount":388},{"name":"Etho","amount":16}]