[{"name":"cubfan135","amount":105},{"name":"iskall85","amount":39},{"name":"Docm77","amount":32},{"name":"Xisuma","amount":21},{"name":"MumboJumbo","amount":10},{"name":"BdoubleO100","amount":8},{"name":"Renthedog","amount":4},{"name":"xBCrafted","amount":4},{"name":"GoodTimeWithScar","amount":4},{"name":"joehillssays","amount":3},{"name":"impulseSV","amount":3},{"name":"iJevin","amount":2},{"name":"falsesymmetry","amount":2},{"name":"Zedaph","amount":2},{"name":"Welsknight","amount":1},{"name":"ZombieCleo","amount":1},{"name":"Tinfoilchef","amount":1}]