[{"name":"Xisuma","amount":15282213},{"name":"ZombieCleo","amount":8010429},{"name":"iJevin","amount":6690649},{"name":"falsesymmetry","amount":5228201},{"name":"hypnotizd","amount":5127008},{"name":"Tinfoilchef","amount":4252078},{"name":"sl1pg8r","amount":3492758},{"name":"KingDaddyDMAC","amount":3466033},{"name":"Pungence","amount":3254941},{"name":"joehillssays","amount":2826815},{"name":"Spumwackles","amount":2750897},{"name":"Keralis1","amount":2221849},{"name":"Biffa2001","amount":1571327},{"name":"skyzm","amount":1122990},{"name":"monkeyfarm","amount":726908},{"name":"Mumbo","amount":610953},{"name":"zueljin","amount":577767},{"name":"NameOfSamuel","amount":346958},{"name":"Cleophas","amount":326855},{"name":"Collen","amount":247244},{"name":"xisumavoid","amount":77063},{"name":"red3yz","amount":8246},{"name":"xBCrafted","amount":2067},{"name":"Tango","amount":1502},{"name":"Unhost","amount":813},{"name":"Jessassin","amount":201}]