[{"name":"Xisuma","amount":72},{"name":"KingDaddyDMAC","amount":47},{"name":"hypnotizd","amount":47},{"name":"sl1pg8r","amount":40},{"name":"Spumwackles","amount":27},{"name":"ZombieCleo","amount":22},{"name":"red3yz","amount":21},{"name":"iJevin","amount":12},{"name":"Biffa2001","amount":10},{"name":"Tinfoilchef","amount":10},{"name":"monkeyfarm","amount":6},{"name":"Keralis1","amount":6},{"name":"zueljin","amount":3},{"name":"Mumbo","amount":2},{"name":"topmass","amount":1},{"name":"Tango","amount":1},{"name":"Collen","amount":1}]