[{"name":"Xisuma","amount":18458},{"name":"Tango","amount":6840},{"name":"iJevin","amount":3286},{"name":"Spumwackles","amount":1635},{"name":"ZombieCleo","amount":1177},{"name":"falsesymmetry","amount":1080},{"name":"Tinfoilchef","amount":873},{"name":"sl1pg8r","amount":694},{"name":"Mumbo","amount":405},{"name":"xBCrafted","amount":351},{"name":"zueljin","amount":200},{"name":"Biffa2001","amount":117},{"name":"monkeyfarm","amount":63},{"name":"KingDaddyDMAC","amount":36},{"name":"NameOfSamuel","amount":18},{"name":"joehillssays","amount":9}]