[{"name":"hypnotizd","amount":393},{"name":"ZombieCleo","amount":165},{"name":"red3yz","amount":104},{"name":"Spumwackles","amount":104},{"name":"KingDaddyDMAC","amount":80},{"name":"sl1pg8r","amount":70},{"name":"Tango","amount":54},{"name":"falsesymmetry","amount":40},{"name":"monkeyfarm","amount":34},{"name":"xBCrafted","amount":24},{"name":"Tinfoilchef","amount":14},{"name":"Pungence","amount":12},{"name":"zueljin","amount":11},{"name":"Xisuma","amount":6},{"name":"Marriland","amount":6},{"name":"Biffa2001","amount":4},{"name":"Keralis1","amount":4},{"name":"iJevin","amount":3},{"name":"Mumbo","amount":1}]