[{"name":"Xisuma","amount":414086},{"name":"KingDaddyDMAC","amount":216386},{"name":"Mumbo","amount":185204},{"name":"sl1pg8r","amount":168319},{"name":"ZombieCleo","amount":148398},{"name":"hypnotizd","amount":146389},{"name":"Spumwackles","amount":139444},{"name":"red3yz","amount":134433},{"name":"iJevin","amount":131451},{"name":"falsesymmetry","amount":82277},{"name":"Biffa2001","amount":76736},{"name":"Tinfoilchef","amount":74100},{"name":"Keralis1","amount":61173},{"name":"skyzm","amount":50210},{"name":"Tango","amount":39308},{"name":"monkeyfarm","amount":37843},{"name":"Pungence","amount":33351},{"name":"zueljin","amount":25607},{"name":"joehillssays","amount":21192},{"name":"Collen","amount":17359},{"name":"topmass","amount":15331},{"name":"Jessassin","amount":14869},{"name":"xBCrafted","amount":12622},{"name":"Unhost","amount":8396},{"name":"Marriland","amount":8332},{"name":"NameOfSamuel","amount":8191},{"name":"Cleophas","amount":1227},{"name":"HttpsSecure","amount":1199},{"name":"xisumavoid","amount":756},{"name":"Mrs_Keralis","amount":200},{"name":"D_A_I_N_A","amount":41},{"name":"MumboJumbo","amount":20},{"name":"Biffa001","amount":16},{"name":"truesymmetry","amount":12},{"name":"TangoCam","amount":5}]