[{"name":"Xisuma","amount":11439542},{"name":"KingDaddyDMAC","amount":7262121},{"name":"sl1pg8r","amount":6110513},{"name":"Mumbo","amount":6082614},{"name":"Spumwackles","amount":4666689},{"name":"hypnotizd","amount":4497448},{"name":"ZombieCleo","amount":3131689},{"name":"red3yz","amount":2435917},{"name":"falsesymmetry","amount":2031655},{"name":"Keralis1","amount":2015268},{"name":"skyzm","amount":1839243},{"name":"iJevin","amount":1761702},{"name":"Biffa2001","amount":1747316},{"name":"monkeyfarm","amount":1200231},{"name":"Pungence","amount":1096074},{"name":"Tango","amount":1068181},{"name":"Tinfoilchef","amount":986875},{"name":"zueljin","amount":714359},{"name":"joehillssays","amount":705724},{"name":"Collen","amount":467734},{"name":"topmass","amount":441643},{"name":"Jessassin","amount":369074},{"name":"NameOfSamuel","amount":194927},{"name":"xBCrafted","amount":182999},{"name":"Unhost","amount":171415},{"name":"Marriland","amount":145089},{"name":"HttpsSecure","amount":37950},{"name":"Cleophas","amount":24180},{"name":"xisumavoid","amount":12798},{"name":"Mrs_Keralis","amount":4384},{"name":"truesymmetry","amount":1569},{"name":"D_A_I_N_A","amount":317}]