[{"name":"hypnotizd","amount":50},{"name":"sl1pg8r","amount":30},{"name":"Xisuma","amount":27},{"name":"Spumwackles","amount":24},{"name":"KingDaddyDMAC","amount":20},{"name":"ZombieCleo","amount":19},{"name":"iJevin","amount":18},{"name":"Mumbo","amount":11},{"name":"skyzm","amount":10},{"name":"Tango","amount":10},{"name":"falsesymmetry","amount":10},{"name":"Biffa2001","amount":9},{"name":"red3yz","amount":8},{"name":"Tinfoilchef","amount":8},{"name":"Keralis1","amount":7},{"name":"monkeyfarm","amount":5},{"name":"zueljin","amount":4},{"name":"Pungence","amount":4},{"name":"xBCrafted","amount":2},{"name":"Jessassin","amount":1},{"name":"Unhost","amount":1},{"name":"Marriland","amount":1}]