[{"name":"Xisuma","amount":1903},{"name":"ZombieCleo","amount":1601},{"name":"sl1pg8r","amount":919},{"name":"Spumwackles","amount":849},{"name":"iJevin","amount":507},{"name":"hypnotizd","amount":500},{"name":"KingDaddyDMAC","amount":484},{"name":"Tango","amount":365},{"name":"falsesymmetry","amount":310},{"name":"Tinfoilchef","amount":286},{"name":"Keralis1","amount":274},{"name":"monkeyfarm","amount":124},{"name":"red3yz","amount":114},{"name":"Pungence","amount":75},{"name":"Mumbo","amount":61},{"name":"Biffa2001","amount":53},{"name":"Collen","amount":21},{"name":"Marriland","amount":17},{"name":"skyzm","amount":1},{"name":"Cleophas","amount":1}]