[{"name":"Tango","amount":22086},{"name":"Xisuma","amount":14722},{"name":"ZombieCleo","amount":11800},{"name":"falsesymmetry","amount":5659},{"name":"Biffa2001","amount":4119},{"name":"zueljin","amount":3448},{"name":"sl1pg8r","amount":1653},{"name":"xBCrafted","amount":1649},{"name":"Mumbo","amount":1539},{"name":"Spumwackles","amount":1086},{"name":"iJevin","amount":874},{"name":"KingDaddyDMAC","amount":689},{"name":"Tinfoilchef","amount":406},{"name":"monkeyfarm","amount":270},{"name":"NameOfSamuel","amount":101},{"name":"Collen","amount":101}]