[{"name":"Xisuma","amount":2402},{"name":"KingDaddyDMAC","amount":716},{"name":"Mumbo","amount":622},{"name":"sl1pg8r","amount":561},{"name":"ZombieCleo","amount":505},{"name":"Spumwackles","amount":467},{"name":"Biffa2001","amount":434},{"name":"hypnotizd","amount":403},{"name":"red3yz","amount":400},{"name":"falsesymmetry","amount":356},{"name":"Tango","amount":326},{"name":"iJevin","amount":314},{"name":"Tinfoilchef","amount":311},{"name":"skyzm","amount":270},{"name":"Keralis1","amount":236},{"name":"zueljin","amount":208},{"name":"monkeyfarm","amount":191},{"name":"xisumavoid","amount":183},{"name":"Pungence","amount":109},{"name":"joehillssays","amount":100},{"name":"Unhost","amount":59},{"name":"HttpsSecure","amount":52},{"name":"Collen","amount":46},{"name":"MumboJumbo","amount":44},{"name":"Jessassin","amount":28},{"name":"xBCrafted","amount":27},{"name":"NameOfSamuel","amount":25},{"name":"topmass","amount":24},{"name":"Cleophas","amount":24},{"name":"Marriland","amount":14},{"name":"TangoCam","amount":13},{"name":"Biffa001","amount":12},{"name":"D_A_I_N_A","amount":7},{"name":"Mrs_Keralis","amount":3},{"name":"truesymmetry","amount":1}]