[{"name":"Xisuma","amount":3730186},{"name":"ZombieCleo","amount":3682946},{"name":"Tango","amount":1163051},{"name":"falsesymmetry","amount":864067},{"name":"Spumwackles","amount":708183},{"name":"zueljin","amount":487804},{"name":"sl1pg8r","amount":347556},{"name":"Mumbo","amount":273331},{"name":"Biffa2001","amount":144737},{"name":"xBCrafted","amount":105362},{"name":"monkeyfarm","amount":96437},{"name":"iJevin","amount":83731},{"name":"Tinfoilchef","amount":46145},{"name":"KingDaddyDMAC","amount":30452},{"name":"Collen","amount":15109},{"name":"Pungence","amount":11153},{"name":"HttpsSecure","amount":4388},{"name":"xisumavoid","amount":1620},{"name":"joehillssays","amount":742},{"name":"Cleophas","amount":482},{"name":"truesymmetry","amount":282},{"name":"NameOfSamuel","amount":130},{"name":"hypnotizd","amount":121}]