[{"name":"KingDaddyDMAC","amount":55990191},{"name":"Xisuma","amount":47892467},{"name":"Mumbo","amount":39021481},{"name":"hypnotizd","amount":35970775},{"name":"sl1pg8r","amount":34814417},{"name":"iJevin","amount":32991923},{"name":"ZombieCleo","amount":25612549},{"name":"red3yz","amount":19166201},{"name":"Biffa2001","amount":16696485},{"name":"Spumwackles","amount":15955141},{"name":"falsesymmetry","amount":15203681},{"name":"Tinfoilchef","amount":13755314},{"name":"skyzm","amount":10949784},{"name":"Keralis1","amount":9464820},{"name":"xisumavoid","amount":7688629},{"name":"Pungence","amount":6902560},{"name":"Tango","amount":6644679},{"name":"monkeyfarm","amount":5455129},{"name":"Jessassin","amount":4316239},{"name":"zueljin","amount":3706569},{"name":"Collen","amount":3578706},{"name":"joehillssays","amount":3556728},{"name":"xBCrafted","amount":2736434},{"name":"topmass","amount":2703310},{"name":"NameOfSamuel","amount":1824965},{"name":"Unhost","amount":1757092},{"name":"HttpsSecure","amount":1411095},{"name":"Marriland","amount":1166224},{"name":"TangoCam","amount":795418},{"name":"MumboJumbo","amount":362566},{"name":"Cleophas","amount":186430},{"name":"Biffa001","amount":126540},{"name":"truesymmetry","amount":36541},{"name":"Mrs_Keralis","amount":27441},{"name":"D_A_I_N_A","amount":8205}]