[{"name":"Xisuma","amount":3654411},{"name":"Tinfoilchef","amount":1468036},{"name":"Pungence","amount":1285110},{"name":"KingDaddyDMAC","amount":1284444},{"name":"skyzm","amount":1280826},{"name":"red3yz","amount":1024936},{"name":"sl1pg8r","amount":803612},{"name":"Spumwackles","amount":752685},{"name":"iJevin","amount":731702},{"name":"hypnotizd","amount":716859},{"name":"Mumbo","amount":629931},{"name":"ZombieCleo","amount":607050},{"name":"Biffa2001","amount":529881},{"name":"Keralis1","amount":290863},{"name":"monkeyfarm","amount":168696},{"name":"falsesymmetry","amount":127890},{"name":"joehillssays","amount":104093},{"name":"zueljin","amount":80797},{"name":"Tango","amount":40622},{"name":"Marriland","amount":22840},{"name":"Collen","amount":21357},{"name":"topmass","amount":21122},{"name":"Unhost","amount":17313},{"name":"NameOfSamuel","amount":11029},{"name":"xBCrafted","amount":10710},{"name":"Jessassin","amount":9645},{"name":"Cleophas","amount":3755},{"name":"MumboJumbo","amount":1640},{"name":"xisumavoid","amount":1503},{"name":"Mrs_Keralis","amount":160},{"name":"truesymmetry","amount":30},{"name":"HttpsSecure","amount":-2147478411}]