[{"name":"Tinfoilchef","amount":359},{"name":"Xisuma","amount":324},{"name":"Spumwackles","amount":244},{"name":"ZombieCleo","amount":155},{"name":"sl1pg8r","amount":96},{"name":"Keralis1","amount":52},{"name":"xisumavoid","amount":35},{"name":"Pungence","amount":30},{"name":"KingDaddyDMAC","amount":13},{"name":"Collen","amount":13},{"name":"joehillssays","amount":10},{"name":"Biffa2001","amount":10},{"name":"hypnotizd","amount":10},{"name":"skyzm","amount":9},{"name":"iJevin","amount":8},{"name":"red3yz","amount":5},{"name":"Tango","amount":5},{"name":"monkeyfarm","amount":4},{"name":"Marriland","amount":3},{"name":"falsesymmetry","amount":2},{"name":"HttpsSecure","amount":1},{"name":"zueljin","amount":1},{"name":"Mumbo","amount":1}]