[{"name":"xisumavoid","amount":2894},{"name":"Xisuma","amount":1629},{"name":"hypnotizd","amount":1502},{"name":"ZombieCleo","amount":1199},{"name":"iJevin","amount":1003},{"name":"Spumwackles","amount":951},{"name":"sl1pg8r","amount":845},{"name":"KingDaddyDMAC","amount":747},{"name":"Mumbo","amount":714},{"name":"Keralis1","amount":505},{"name":"red3yz","amount":414},{"name":"Tango","amount":403},{"name":"falsesymmetry","amount":337},{"name":"Tinfoilchef","amount":325},{"name":"zueljin","amount":252},{"name":"Biffa2001","amount":230},{"name":"skyzm","amount":228},{"name":"Pungence","amount":218},{"name":"Collen","amount":181},{"name":"monkeyfarm","amount":140},{"name":"xBCrafted","amount":78},{"name":"topmass","amount":75},{"name":"Marriland","amount":68},{"name":"joehillssays","amount":54},{"name":"NameOfSamuel","amount":37},{"name":"Jessassin","amount":35},{"name":"Unhost","amount":25},{"name":"Cleophas","amount":2}]