[{"name":"ZombieCleo","amount":668},{"name":"sl1pg8r","amount":459},{"name":"Xisuma","amount":435},{"name":"iJevin","amount":231},{"name":"xisumavoid","amount":188},{"name":"Biffa2001","amount":150},{"name":"Spumwackles","amount":144},{"name":"monkeyfarm","amount":130},{"name":"Pungence","amount":129},{"name":"KingDaddyDMAC","amount":118},{"name":"Tinfoilchef","amount":48},{"name":"Keralis1","amount":33},{"name":"xBCrafted","amount":31},{"name":"Collen","amount":30},{"name":"hypnotizd","amount":28},{"name":"red3yz","amount":20},{"name":"falsesymmetry","amount":17},{"name":"Tango","amount":13},{"name":"Marriland","amount":6},{"name":"Mumbo","amount":4},{"name":"zueljin","amount":2}]