[{"name":"Xisuma","amount":4076226},{"name":"hypnotizd","amount":2796917},{"name":"sl1pg8r","amount":2102956},{"name":"KingDaddyDMAC","amount":2081823},{"name":"ZombieCleo","amount":1993745},{"name":"Spumwackles","amount":1276972},{"name":"iJevin","amount":1110947},{"name":"red3yz","amount":1055179},{"name":"Tinfoilchef","amount":877736},{"name":"Mumbo","amount":702516},{"name":"Biffa2001","amount":670078},{"name":"Tango","amount":604803},{"name":"Keralis1","amount":484054},{"name":"skyzm","amount":306919},{"name":"falsesymmetry","amount":304893},{"name":"Pungence","amount":289264},{"name":"monkeyfarm","amount":194967},{"name":"zueljin","amount":187420},{"name":"xBCrafted","amount":111366},{"name":"Collen","amount":100055},{"name":"Marriland","amount":80725},{"name":"Unhost","amount":65318},{"name":"joehillssays","amount":64869},{"name":"topmass","amount":38158},{"name":"NameOfSamuel","amount":23150},{"name":"Jessassin","amount":19924},{"name":"xisumavoid","amount":970},{"name":"Cleophas","amount":708},{"name":"HttpsSecure","amount":155}]