[{"name":"Xisuma","amount":6930658},{"name":"Tinfoilchef","amount":4404571},{"name":"hypnotizd","amount":4084369},{"name":"Mumbo","amount":1627058},{"name":"iJevin","amount":1322912},{"name":"Spumwackles","amount":1238996},{"name":"KingDaddyDMAC","amount":1140753},{"name":"ZombieCleo","amount":1114461},{"name":"red3yz","amount":1066086},{"name":"Tango","amount":1064288},{"name":"sl1pg8r","amount":843731},{"name":"falsesymmetry","amount":529283},{"name":"Biffa2001","amount":406866},{"name":"monkeyfarm","amount":369611},{"name":"Keralis1","amount":322146},{"name":"joehillssays","amount":212382},{"name":"Pungence","amount":198136},{"name":"skyzm","amount":158743},{"name":"zueljin","amount":135145},{"name":"xBCrafted","amount":90338},{"name":"Jessassin","amount":87204},{"name":"topmass","amount":87047},{"name":"Unhost","amount":57451},{"name":"Marriland","amount":44170},{"name":"Collen","amount":43684},{"name":"xisumavoid","amount":15809},{"name":"NameOfSamuel","amount":5123},{"name":"HttpsSecure","amount":4257},{"name":"D_A_I_N_A","amount":2324},{"name":"Cleophas","amount":1328},{"name":"Mrs_Keralis","amount":1300},{"name":"MumboJumbo","amount":357},{"name":"truesymmetry","amount":16}]