[{"name":"Xisuma","amount":641},{"name":"hypnotizd","amount":158},{"name":"sl1pg8r","amount":124},{"name":"KingDaddyDMAC","amount":118},{"name":"ZombieCleo","amount":108},{"name":"Biffa2001","amount":56},{"name":"Tinfoilchef","amount":51},{"name":"iJevin","amount":45},{"name":"red3yz","amount":40},{"name":"Mumbo","amount":34},{"name":"Keralis1","amount":34},{"name":"Spumwackles","amount":26},{"name":"zueljin","amount":21},{"name":"monkeyfarm","amount":17},{"name":"Tango","amount":16},{"name":"Collen","amount":16},{"name":"falsesymmetry","amount":10},{"name":"joehillssays","amount":8},{"name":"Pungence","amount":5},{"name":"Unhost","amount":1}]