[{"name":"hypnotizd","amount":197},{"name":"Tinfoilchef","amount":19},{"name":"Spumwackles","amount":11},{"name":"Xisuma","amount":9},{"name":"red3yz","amount":8},{"name":"sl1pg8r","amount":8},{"name":"iJevin","amount":8},{"name":"falsesymmetry","amount":8},{"name":"Tango","amount":7},{"name":"KingDaddyDMAC","amount":4},{"name":"Mumbo","amount":4},{"name":"Pungence","amount":3},{"name":"Biffa2001","amount":3},{"name":"topmass","amount":2},{"name":"Keralis1","amount":2},{"name":"xBCrafted","amount":1},{"name":"Unhost","amount":1},{"name":"xisumavoid","amount":1}]