[{"name":"KingDaddyDMAC","amount":8481011},{"name":"Xisuma","amount":7231752},{"name":"sl1pg8r","amount":2810135},{"name":"hypnotizd","amount":1905752},{"name":"Tango","amount":1580982},{"name":"Spumwackles","amount":1479491},{"name":"ZombieCleo","amount":1312170},{"name":"red3yz","amount":1085563},{"name":"Mumbo","amount":734473},{"name":"Keralis1","amount":706355},{"name":"falsesymmetry","amount":551319},{"name":"Biffa2001","amount":519100},{"name":"monkeyfarm","amount":471738},{"name":"zueljin","amount":414813},{"name":"Tinfoilchef","amount":326720},{"name":"iJevin","amount":279340},{"name":"NameOfSamuel","amount":247405},{"name":"Pungence","amount":205790},{"name":"joehillssays","amount":99844},{"name":"Marriland","amount":67324},{"name":"skyzm","amount":62400},{"name":"xisumavoid","amount":59949},{"name":"Jessassin","amount":46174},{"name":"xBCrafted","amount":36751},{"name":"topmass","amount":33975},{"name":"Collen","amount":26102},{"name":"Unhost","amount":24849},{"name":"HttpsSecure","amount":2797},{"name":"TangoCam","amount":2165},{"name":"truesymmetry","amount":369}]