[{"name":"Xisuma","amount":9256},{"name":"ZombieCleo","amount":4451},{"name":"KingDaddyDMAC","amount":4169},{"name":"sl1pg8r","amount":2960},{"name":"hypnotizd","amount":1684},{"name":"red3yz","amount":1204},{"name":"Tinfoilchef","amount":844},{"name":"Spumwackles","amount":842},{"name":"iJevin","amount":772},{"name":"Tango","amount":543},{"name":"Mumbo","amount":543},{"name":"Biffa2001","amount":494},{"name":"Keralis1","amount":349},{"name":"monkeyfarm","amount":196},{"name":"falsesymmetry","amount":152},{"name":"joehillssays","amount":109},{"name":"zueljin","amount":95},{"name":"xBCrafted","amount":76},{"name":"Pungence","amount":75},{"name":"skyzm","amount":62},{"name":"Marriland","amount":52},{"name":"Collen","amount":52},{"name":"Unhost","amount":32},{"name":"topmass","amount":24},{"name":"xisumavoid","amount":19},{"name":"Jessassin","amount":16},{"name":"NameOfSamuel","amount":16}]