[{"name":"hypnotizd","amount":2071},{"name":"Xisuma","amount":1405},{"name":"KingDaddyDMAC","amount":633},{"name":"ZombieCleo","amount":535},{"name":"Spumwackles","amount":439},{"name":"red3yz","amount":421},{"name":"Tango","amount":346},{"name":"Biffa2001","amount":334},{"name":"Mumbo","amount":233},{"name":"sl1pg8r","amount":124},{"name":"monkeyfarm","amount":70},{"name":"falsesymmetry","amount":23},{"name":"Keralis1","amount":21},{"name":"iJevin","amount":15},{"name":"Tinfoilchef","amount":11},{"name":"topmass","amount":9},{"name":"Pungence","amount":8},{"name":"joehillssays","amount":7},{"name":"zueljin","amount":1},{"name":"Marriland","amount":1}]