[{"name":"Tango","amount":806},{"name":"iJevin","amount":482},{"name":"Xisuma","amount":92},{"name":"Spumwackles","amount":71},{"name":"hypnotizd","amount":62},{"name":"Tinfoilchef","amount":33},{"name":"Biffa2001","amount":30},{"name":"monkeyfarm","amount":23},{"name":"red3yz","amount":15},{"name":"skyzm","amount":14},{"name":"KingDaddyDMAC","amount":10},{"name":"Mumbo","amount":10},{"name":"Keralis1","amount":9},{"name":"sl1pg8r","amount":8},{"name":"ZombieCleo","amount":2},{"name":"Jessassin","amount":1}]