[{"name":"sl1pg8r","amount":454},{"name":"red3yz","amount":418},{"name":"KingDaddyDMAC","amount":256},{"name":"Xisuma","amount":94},{"name":"Keralis1","amount":91},{"name":"Spumwackles","amount":80},{"name":"ZombieCleo","amount":59},{"name":"iJevin","amount":58},{"name":"falsesymmetry","amount":46},{"name":"Tinfoilchef","amount":44},{"name":"Pungence","amount":29},{"name":"skyzm","amount":23},{"name":"hypnotizd","amount":16},{"name":"Tango","amount":15},{"name":"topmass","amount":11},{"name":"zueljin","amount":4},{"name":"joehillssays","amount":2},{"name":"Mumbo","amount":1}]