[{"name":"hypnotizd","amount":543},{"name":"Xisuma","amount":438},{"name":"sl1pg8r","amount":295},{"name":"ZombieCleo","amount":285},{"name":"Spumwackles","amount":270},{"name":"KingDaddyDMAC","amount":224},{"name":"iJevin","amount":206},{"name":"Keralis1","amount":125},{"name":"Mumbo","amount":119},{"name":"red3yz","amount":105},{"name":"Tinfoilchef","amount":94},{"name":"falsesymmetry","amount":90},{"name":"Biffa2001","amount":89},{"name":"skyzm","amount":79},{"name":"Pungence","amount":74},{"name":"Tango","amount":69},{"name":"zueljin","amount":61},{"name":"xBCrafted","amount":40},{"name":"monkeyfarm","amount":37},{"name":"Marriland","amount":30},{"name":"Collen","amount":29},{"name":"NameOfSamuel","amount":12},{"name":"topmass","amount":9},{"name":"Unhost","amount":9},{"name":"joehillssays","amount":7},{"name":"Jessassin","amount":6}]