[{"name":"Xisuma","amount":8445},{"name":"sl1pg8r","amount":5308},{"name":"red3yz","amount":5118},{"name":"hypnotizd","amount":3461},{"name":"Spumwackles","amount":3193},{"name":"Mumbo","amount":3065},{"name":"Keralis1","amount":2040},{"name":"ZombieCleo","amount":2029},{"name":"KingDaddyDMAC","amount":1852},{"name":"iJevin","amount":1639},{"name":"Tinfoilchef","amount":1088},{"name":"Biffa2001","amount":1040},{"name":"monkeyfarm","amount":1020},{"name":"skyzm","amount":908},{"name":"Tango","amount":874},{"name":"falsesymmetry","amount":591},{"name":"Pungence","amount":530},{"name":"topmass","amount":366},{"name":"zueljin","amount":287},{"name":"Unhost","amount":257},{"name":"NameOfSamuel","amount":171},{"name":"joehillssays","amount":132},{"name":"Collen","amount":107},{"name":"Jessassin","amount":81},{"name":"HttpsSecure","amount":79},{"name":"xBCrafted","amount":70},{"name":"Marriland","amount":53},{"name":"Cleophas","amount":34},{"name":"xisumavoid","amount":19},{"name":"Biffa001","amount":13},{"name":"D_A_I_N_A","amount":1},{"name":"Mrs_Keralis","amount":1}]