[{"name":"red3yz","amount":67},{"name":"Spumwackles","amount":52},{"name":"Xisuma","amount":42},{"name":"Keralis1","amount":41},{"name":"KingDaddyDMAC","amount":38},{"name":"sl1pg8r","amount":35},{"name":"iJevin","amount":32},{"name":"Mumbo","amount":20},{"name":"ZombieCleo","amount":18},{"name":"Pungence","amount":15},{"name":"skyzm","amount":13},{"name":"topmass","amount":9},{"name":"Biffa2001","amount":9},{"name":"monkeyfarm","amount":9},{"name":"HttpsSecure","amount":8},{"name":"zueljin","amount":8},{"name":"Tinfoilchef","amount":6},{"name":"falsesymmetry","amount":5},{"name":"xisumavoid","amount":5},{"name":"hypnotizd","amount":4},{"name":"NameOfSamuel","amount":4},{"name":"Tango","amount":3},{"name":"Jessassin","amount":2},{"name":"xBCrafted","amount":2},{"name":"Unhost","amount":2},{"name":"Cleophas","amount":2},{"name":"MumboJumbo","amount":1},{"name":"Collen","amount":1}]