[{"name":"Xisuma","amount":13860},{"name":"Tango","amount":4385},{"name":"ZombieCleo","amount":2400},{"name":"Spumwackles","amount":1830},{"name":"falsesymmetry","amount":1368},{"name":"Tinfoilchef","amount":792},{"name":"Mumbo","amount":736},{"name":"zueljin","amount":696},{"name":"xBCrafted","amount":528},{"name":"KingDaddyDMAC","amount":288},{"name":"Biffa2001","amount":260},{"name":"sl1pg8r","amount":72},{"name":"iJevin","amount":36},{"name":"Collen","amount":16},{"name":"Pungence","amount":8},{"name":"NameOfSamuel","amount":8},{"name":"joehillssays","amount":4}]