[{"name":"KingDaddyDMAC","amount":93253},{"name":"Xisuma","amount":78921},{"name":"sl1pg8r","amount":72842},{"name":"hypnotizd","amount":59171},{"name":"red3yz","amount":54702},{"name":"Spumwackles","amount":49415},{"name":"Tinfoilchef","amount":44070},{"name":"ZombieCleo","amount":42589},{"name":"Biffa2001","amount":42275},{"name":"iJevin","amount":28921},{"name":"Mumbo","amount":22452},{"name":"skyzm","amount":17784},{"name":"Pungence","amount":16299},{"name":"monkeyfarm","amount":9751},{"name":"falsesymmetry","amount":8965},{"name":"Tango","amount":7697},{"name":"Keralis1","amount":7193},{"name":"Unhost","amount":5927},{"name":"zueljin","amount":5336},{"name":"xBCrafted","amount":4175},{"name":"Marriland","amount":2362},{"name":"Collen","amount":431},{"name":"joehillssays","amount":117},{"name":"NameOfSamuel","amount":43},{"name":"Jessassin","amount":1}]