[{"name":"Xisuma","amount":18864},{"name":"Tango","amount":14958},{"name":"ZombieCleo","amount":5606},{"name":"falsesymmetry","amount":3956},{"name":"Spumwackles","amount":3514},{"name":"zueljin","amount":2512},{"name":"Mumbo","amount":2316},{"name":"iJevin","amount":2068},{"name":"Tinfoilchef","amount":1864},{"name":"xBCrafted","amount":1696},{"name":"Biffa2001","amount":1424},{"name":"sl1pg8r","amount":944},{"name":"KingDaddyDMAC","amount":256},{"name":"monkeyfarm","amount":76},{"name":"Collen","amount":68},{"name":"Pungence","amount":4},{"name":"NameOfSamuel","amount":4}]