[{"name":"hypnotizd","amount":364},{"name":"Xisuma","amount":262},{"name":"ZombieCleo","amount":251},{"name":"sl1pg8r","amount":214},{"name":"Spumwackles","amount":191},{"name":"KingDaddyDMAC","amount":184},{"name":"iJevin","amount":169},{"name":"Keralis1","amount":111},{"name":"Tinfoilchef","amount":103},{"name":"red3yz","amount":88},{"name":"Mumbo","amount":75},{"name":"Tango","amount":68},{"name":"falsesymmetry","amount":52},{"name":"Biffa2001","amount":43},{"name":"zueljin","amount":31},{"name":"skyzm","amount":29},{"name":"Marriland","amount":29},{"name":"Pungence","amount":28},{"name":"Collen","amount":28},{"name":"xBCrafted","amount":27},{"name":"monkeyfarm","amount":18},{"name":"NameOfSamuel","amount":14},{"name":"Jessassin","amount":8},{"name":"topmass","amount":7},{"name":"joehillssays","amount":7},{"name":"Unhost","amount":3}]