[{"name":"Xisuma","amount":1696},{"name":"KingDaddyDMAC","amount":500},{"name":"iJevin","amount":350},{"name":"ZombieCleo","amount":332},{"name":"Tango","amount":331},{"name":"Spumwackles","amount":219},{"name":"red3yz","amount":93},{"name":"Keralis1","amount":77},{"name":"Tinfoilchef","amount":41},{"name":"hypnotizd","amount":30},{"name":"Pungence","amount":29},{"name":"skyzm","amount":23},{"name":"sl1pg8r","amount":16},{"name":"xBCrafted","amount":16},{"name":"falsesymmetry","amount":16},{"name":"Biffa2001","amount":15},{"name":"Collen","amount":14},{"name":"Marriland","amount":9},{"name":"topmass","amount":4},{"name":"joehillssays","amount":2},{"name":"monkeyfarm","amount":1}]