{"stats":{"minecraft:dropped":{"minecraft:pointed_dripstone":18,"minecraft:snowball":1,"minecraft:rotten_flesh":1,"minecraft:spider_eye":6,"minecraft:bow":1,"minecraft:glass":11,"minecraft:stick":10},"minecraft:used":{"minecraft:copper_block":4,"minecraft:diamond_sword":788,"minecraft:dirt":1,"minecraft:golden_carrot":1,"minecraft:grindstone":1,"minecraft:pumpkin_pie":7,"minecraft:ice":5,"minecraft:iron_leggings":2},"minecraft:mined":{"minecraft:torch":1,"minecraft:dirt":1},"minecraft:crafted":{"minecraft:grindstone":1,"minecraft:stick":8,"minecraft:stone_pickaxe":1,"minecraft:iron_ingot":1,"minecraft:copper_block":7,"minecraft:air":0},"minecraft:picked_up":{"minecraft:golden_carrot":6,"minecraft:copper_ingot":1,"minecraft:golden_leggings":1,"minecraft:torch":1,"minecraft:ice":20,"minecraft:dirt":32,"minecraft:iron_leggings":1,"minecraft:rotten_flesh":16,"minecraft:player_head":6},"minecraft:killed":{"minecraft:zombie":5,"minecraft:zombie_villager":12,"minecraft:drowned":824},"minecraft:custom":{"minecraft:time_since_rest":5687731,"minecraft:sprint_one_cm":7053,"minecraft:interact_with_furnace":4,"minecraft:inspect_dropper":1,"minecraft:open_enderchest":5,"minecraft:damage_taken":198,"minecraft:walk_one_cm":36338,"minecraft:mob_kills":852,"minecraft:drop":7,"minecraft:inspect_hopper":8,"minecraft:damage_dealt":66202,"minecraft:interact_with_crafting_table":11,"minecraft:fly_one_cm":41118637,"minecraft:open_chest":87,"minecraft:crouch_one_cm":1470,"minecraft:open_shulker_box":21,"minecraft:play_time":8927974,"minecraft:sneak_time":51796,"minecraft:walk_under_water_one_cm":141318,"minecraft:jump":221,"minecraft:interact_with_grindstone":6,"minecraft:interact_with_stonecutter":1,"minecraft:leave_game":127,"minecraft:time_since_death":8927974,"minecraft:walk_on_water_one_cm":72512,"minecraft:sleep_in_bed":1,"minecraft:enchant_item":17,"minecraft:climb_one_cm":39166,"minecraft:total_world_time":8927974,"minecraft:fall_one_cm":4142}},"DataVersion":3463}