{"stats":{"minecraft:used":{"minecraft:carved_pumpkin":2,"minecraft:elytra":1,"minecraft:cooked_chicken":3,"minecraft:firework_rocket":85,"minecraft:cyan_shulker_box":1,"minecraft:orange_shulker_box":1,"minecraft:netherite_axe":10,"minecraft:totem_of_undying":1,"minecraft:diamond_chestplate":2,"minecraft:diamond_sword":14,"minecraft:golden_carrot":1,"minecraft:bow":5,"minecraft:cooked_porkchop":1,"minecraft:pink_shulker_box":3,"minecraft:diamond_leggings":2},"minecraft:picked_up":{"minecraft:feather":1,"minecraft:ender_chest":1,"minecraft:golden_carrot":45,"minecraft:diamond_sword":4,"minecraft:filled_map":2,"minecraft:purpur_block":2,"minecraft:shield":2,"minecraft:gunpowder":4,"minecraft:elytra":5,"minecraft:compass":2,"minecraft:pink_shulker_box":2,"minecraft:bow":3,"minecraft:diamond_leggings":3,"minecraft:netherite_sword":1,"minecraft:cooked_chicken":3,"minecraft:player_head":3,"minecraft:netherite_axe":2,"minecraft:iron_nugget":54,"minecraft:book":1,"minecraft:stone":1,"minecraft:orange_shulker_box":1,"minecraft:cooked_porkchop":36,"minecraft:sweet_berries":6,"minecraft:torch":59,"minecraft:ink_sac":2,"minecraft:netherite_pickaxe":2,"minecraft:cyan_shulker_box":2,"minecraft:arrow":2,"minecraft:firework_rocket":413,"minecraft:diamond_shovel":1,"minecraft:diamond_chestplate":2,"minecraft:diamond_boots":1,"minecraft:diamond_axe":1,"minecraft:carved_pumpkin":18,"minecraft:chorus_fruit":6,"minecraft:diamond_pickaxe":1,"minecraft:ender_pearl":17},"minecraft:custom":{"minecraft:interact_with_anvil":1,"minecraft:tune_noteblock":22,"minecraft:open_barrel":23,"minecraft:open_shulker_box":17,"minecraft:leave_game":1,"minecraft:time_since_death":25785,"minecraft:climb_one_cm":2728,"minecraft:time_since_rest":25835,"minecraft:walk_one_cm":487387,"minecraft:sprint_one_cm":155293,"minecraft:open_enderchest":3,"minecraft:damage_taken":2773,"minecraft:damage_absorbed":80,"minecraft:trigger_trapped_chest":1,"minecraft:drop":54,"minecraft:damage_dealt":547,"minecraft:minecart_one_cm":30188,"minecraft:swim_one_cm":923,"minecraft:fly_one_cm":122326,"minecraft:player_kills":2,"minecraft:open_chest":31,"minecraft:crouch_one_cm":25893,"minecraft:play_time":143180,"minecraft:deaths":7,"minecraft:sneak_time":15058,"minecraft:walk_under_water_one_cm":4096,"minecraft:aviate_one_cm":899282,"minecraft:jump":737,"minecraft:walk_on_water_one_cm":1167,"minecraft:total_world_time":143180,"minecraft:fall_one_cm":16820},"minecraft:mined":{"minecraft:pink_shulker_box":1,"minecraft:cyan_shulker_box":1},"minecraft:killed":{"minecraft:player":2},"minecraft:killed_by":{"minecraft:player":4,"minecraft:ravager":3},"minecraft:dropped":{"minecraft:netherite_pickaxe":2,"minecraft:compass":2,"minecraft:diamond_axe":1,"minecraft:iron_nugget":33,"minecraft:player_head":3,"minecraft:ender_chest":1,"minecraft:ender_pearl":1,"minecraft:cooked_porkchop":32,"minecraft:netherite_sword":1,"minecraft:diamond_leggings":1,"minecraft:netherite_axe":1,"minecraft:feather":1,"minecraft:book":1,"minecraft:diamond_shovel":1,"minecraft:cyan_shulker_box":1,"minecraft:totem_of_undying":1,"minecraft:elytra":3,"minecraft:diamond_sword":1,"minecraft:stone":1,"minecraft:shield":2,"minecraft:golden_carrot":1,"minecraft:ink_sac":2,"minecraft:torch":59,"minecraft:diamond_pickaxe":1,"minecraft:pink_shulker_box":1,"minecraft:carved_pumpkin":4,"minecraft:diamond_boots":1,"minecraft:arrow":2,"minecraft:bow":3,"minecraft:firework_rocket":252}},"DataVersion":3463}