{"stats":{"minecraft:mined":{"minecraft:dark_oak_planks":150,"minecraft:stripped_warped_stem":2,"minecraft:spruce_planks":4,"minecraft:red_shulker_box":1,"minecraft:warped_stairs":2,"minecraft:spruce_trapdoor":6,"minecraft:grass_block":569,"minecraft:mangrove_fence":2,"minecraft:hopper":6,"minecraft:oak_wall_sign":2,"minecraft:dark_oak_trapdoor":21,"minecraft:fire":1,"minecraft:dark_oak_stairs":30,"minecraft:oak_sign":3,"minecraft:dirt_path":2,"minecraft:quartz_slab":27,"minecraft:azalea":1,"minecraft:player_head":6,"minecraft:spruce_slab":1,"minecraft:green_bed":1,"minecraft:quartz_block":2,"minecraft:player_wall_head":8,"minecraft:powder_snow":96,"minecraft:note_block":4,"minecraft:torch":2,"minecraft:chest":1,"minecraft:smooth_quartz_slab":40,"minecraft:glass":7,"minecraft:cobblestone":21,"minecraft:damaged_anvil":1,"minecraft:wall_torch":1,"minecraft:spruce_sign":5,"minecraft:dark_oak_slab":186,"minecraft:warped_planks":12,"minecraft:mud":19,"minecraft:light_gray_stained_glass":7,"minecraft:magenta_bed":1,"minecraft:jukebox":9,"minecraft:grass":15,"minecraft:lime_terracotta":19,"minecraft:sand":6,"minecraft:dirt":337,"minecraft:crimson_planks":2,"minecraft:red_mushroom_block":38,"minecraft:dispenser":4,"minecraft:stripped_crimson_stem":1,"minecraft:yellow_terracotta":5,"minecraft:pink_shulker_box":1,"minecraft:sea_lantern":5,"minecraft:shulker_box":7,"minecraft:lever":1,"minecraft:dark_oak_pressure_plate":2,"minecraft:dark_oak_fence":60,"minecraft:redstone_wire":6,"minecraft:lime_wool":9,"minecraft:spruce_leaves":6,"minecraft:moss_block":16,"minecraft:oak_trapdoor":2,"minecraft:carrots":40,"minecraft:snow":25,"minecraft:lantern":11,"minecraft:smooth_quartz_stairs":24,"minecraft:stone":275,"minecraft:yellow_shulker_box":2,"minecraft:podzol":1,"minecraft:light_blue_shulker_box":2,"minecraft:comparator":4,"minecraft:snow_block":50,"minecraft:warped_fence":2,"minecraft:crafting_table":5,"minecraft:dropper":3,"minecraft:warped_roots":1,"minecraft:sculk_sensor":2,"minecraft:tall_grass":1,"minecraft:copper_ore":1,"minecraft:red_glazed_terracotta":7,"minecraft:red_concrete":13,"minecraft:diorite":16,"minecraft:lime_bed":4,"minecraft:coarse_dirt":1,"minecraft:dark_oak_wall_sign":3,"minecraft:sweet_berry_bush":1,"minecraft:birch_leaves":32,"minecraft:mangrove_planks":47,"minecraft:mangrove_slab":77,"minecraft:dark_oak_sign":3,"minecraft:gravel":22,"minecraft:terracotta":4,"minecraft:birch_sign":2,"minecraft:fern":2},"minecraft:custom":{"minecraft:interact_with_crafting_table":94,"minecraft:open_barrel":233,"minecraft:open_shulker_box":448,"minecraft:bell_ring":15,"minecraft:eat_cake_slice":4,"minecraft:leave_game":86,"minecraft:time_since_death":2916,"minecraft:damage_resisted":89,"minecraft:sprint_one_cm":3789759,"minecraft:drop":260,"minecraft:play_noteblock":7,"minecraft:talked_to_villager":2,"minecraft:play_time":2187287,"minecraft:deaths":52,"minecraft:jump":17086,"minecraft:interact_with_brewingstand":1,"minecraft:walk_on_water_one_cm":41444,"minecraft:interact_with_furnace":9,"minecraft:play_record":30,"minecraft:sleep_in_bed":22,"minecraft:open_enderchest":37,"minecraft:damage_dealt":8918,"minecraft:player_kills":6,"minecraft:crouch_one_cm":340440,"minecraft:inspect_dispenser":30,"minecraft:horse_one_cm":249337,"minecraft:interact_with_smithing_table":1,"minecraft:inspect_dropper":13,"minecraft:interact_with_anvil":5,"minecraft:mob_kills":37,"minecraft:inspect_hopper":5,"minecraft:climb_one_cm":63499,"minecraft:walk_one_cm":4446860,"minecraft:target_hit":3,"minecraft:sneak_time":140365,"minecraft:walk_under_water_one_cm":76116,"minecraft:boat_one_cm":133272,"minecraft:interact_with_lectern":10,"minecraft:total_world_time":2187287,"minecraft:tune_noteblock":2,"minecraft:time_since_rest":3029,"minecraft:damage_absorbed":160,"minecraft:damage_taken":34442,"minecraft:trigger_trapped_chest":1,"minecraft:swim_one_cm":147437,"minecraft:fly_one_cm":2904180,"minecraft:pig_one_cm":53778,"minecraft:open_chest":647,"minecraft:aviate_one_cm":44365877,"minecraft:fall_one_cm":421702},"minecraft:broken":{"minecraft:iron_shovel":1},"minecraft:killed_by":{"minecraft:creeper":1,"minecraft:pillager":1,"minecraft:zombie":1,"minecraft:player":30,"minecraft:ender_dragon":1,"minecraft:skeleton":1,"minecraft:phantom":1},"minecraft:killed":{"minecraft:spider":3,"minecraft:skeleton":4,"minecraft:pig":1,"minecraft:zombie_villager":1,"minecraft:creeper":2,"minecraft:pillager":2,"minecraft:zombie":22,"minecraft:glow_squid":1,"minecraft:horse":1,"minecraft:player":6},"minecraft:crafted":{"minecraft:oak_planks":20,"minecraft:oak_sign":9,"minecraft:dark_oak_pressure_plate":2,"minecraft:stone":3,"minecraft:lever":2,"minecraft:diamond_shovel":2,"minecraft:hopper":4,"minecraft:mangrove_fence":36,"minecraft:comparator":2,"minecraft:chest":4,"minecraft:dropper":2,"minecraft:cooked_porkchop":13,"minecraft:diamond_axe":1,"minecraft:crafting_table":6,"minecraft:spruce_planks":156,"minecraft:mangrove_sign":6,"minecraft:dispenser":1,"minecraft:spruce_trapdoor":8,"minecraft:lime_bed":1,"minecraft:dark_oak_slab":312,"minecraft:diamond_pickaxe":2,"minecraft:stick":148,"minecraft:iron_pickaxe":1,"minecraft:iron_ingot":18,"minecraft:snow_block":24,"minecraft:redstone_torch":8,"minecraft:elytra":2,"minecraft:redstone":135,"minecraft:jukebox":3,"minecraft:furnace":1,"minecraft:dark_oak_trapdoor":12,"minecraft:dark_oak_sign":9,"minecraft:diamond":18,"minecraft:dark_oak_fence":117,"minecraft:spruce_boat":1,"minecraft:dark_oak_planks":1640,"minecraft:birch_sign":15,"minecraft:spruce_sign":3,"minecraft:dark_oak_stairs":64,"minecraft:mangrove_planks":116,"minecraft:air":0,"minecraft:mangrove_slab":132},"minecraft:dropped":{"minecraft:spruce_sign":1,"minecraft:diamond_axe":4,"minecraft:chorus_fruit":1,"minecraft:glass_bottle":7,"minecraft:ender_pearl":1,"minecraft:cooked_porkchop":19,"minecraft:dark_oak_slab":8,"minecraft:lantern":3,"minecraft:elytra":7,"minecraft:carrot_on_a_stick":3,"minecraft:item_frame":1,"minecraft:red_mushroom":4,"minecraft:music_disc_13":1,"minecraft:emerald":1,"minecraft:dark_oak_fence":6,"minecraft:dark_oak_trapdoor":14,"minecraft:cooked_cod":9,"minecraft:snowball":37,"minecraft:chain":7,"minecraft:sunflower":2,"minecraft:dark_oak_planks":11,"minecraft:mangrove_slab":18,"minecraft:bone":1,"minecraft:music_disc_blocks":2,"minecraft:goat_horn":2,"minecraft:rotten_flesh":18,"minecraft:mangrove_sign":2,"minecraft:carrot":7,"minecraft:mangrove_fence":12,"minecraft:red_stained_glass_pane":1,"minecraft:gunpowder":3,"minecraft:quartz_block":2,"minecraft:arrow":7,"minecraft:quartz":32,"minecraft:written_book":1,"minecraft:splash_potion":1,"minecraft:firework_rocket":211,"minecraft:iron_ingot":18,"minecraft:water_bucket":1,"minecraft:black_dye":16,"minecraft:wheat_seeds":2,"minecraft:golden_helmet":2,"minecraft:diamond_leggings":1,"minecraft:lead":2,"minecraft:cobblestone":27,"minecraft:prismarine_crystals":5,"minecraft:spectral_arrow":1,"minecraft:spruce_button":2,"minecraft:spruce_door":1,"minecraft:stick":7,"minecraft:golden_carrot":9,"minecraft:diamond_helmet":2,"minecraft:smooth_quartz_slab":30,"minecraft:iron_shovel":2,"minecraft:bucket":1,"minecraft:music_disc_cat":1,"minecraft:spruce_sapling":1,"minecraft:oak_trapdoor":7,"minecraft:player_head":5,"minecraft:netherite_ingot":1,"minecraft:dark_oak_sign":1,"minecraft:jukebox":1,"minecraft:lime_concrete":2,"minecraft:iron_boots":2,"minecraft:cobbled_deepslate_slab":1,"minecraft:totem_of_undying":5,"minecraft:shulker_box":2,"minecraft:red_terracotta":64,"minecraft:lily_of_the_valley":8,"minecraft:snow":17,"minecraft:diamond_sword":2,"minecraft:spruce_trapdoor":4,"minecraft:diamond_pickaxe":3,"minecraft:carved_pumpkin":4,"minecraft:diamond_boots":1,"minecraft:spruce_log":1,"minecraft:bow":1},"minecraft:used":{"minecraft:writable_book":1,"minecraft:iron_shovel":315,"minecraft:smooth_quartz_slab":46,"minecraft:dispenser":6,"minecraft:spruce_slab":1,"minecraft:elytra":11,"minecraft:oak_sign":16,"minecraft:stone":99,"minecraft:stripped_crimson_stem":1,"minecraft:player_head":21,"minecraft:rotten_flesh":3,"minecraft:sculk_sensor":4,"minecraft:spruce_leaves":71,"minecraft:carrot":104,"minecraft:music_disc_13":16,"minecraft:snowball":16,"minecraft:milk_bucket":1,"minecraft:spruce_boat":2,"minecraft:glass":12,"minecraft:mangrove_log":1,"minecraft:quartz_slab":51,"minecraft:lantern":52,"minecraft:grass_block":14,"minecraft:quartz_block":2,"minecraft:dark_oak_slab":351,"minecraft:item_frame":2,"minecraft:bow":21,"minecraft:snow":246,"minecraft:written_book":35,"minecraft:sweet_berries":24,"minecraft:mangrove_slab":177,"minecraft:furnace":1,"minecraft:cooked_cod":15,"minecraft:potato":3,"minecraft:dark_oak_stairs":56,"minecraft:dropper":5,"minecraft:birch_leaves":64,"minecraft:stone_pickaxe":8,"minecraft:dark_oak_sign":10,"minecraft:chorus_fruit":8,"minecraft:mangrove_planks":61,"minecraft:ender_pearl":54,"minecraft:diamond_axe":859,"minecraft:smooth_quartz_stairs":24,"minecraft:cookie":21,"minecraft:glow_berries":1,"minecraft:dark_oak_trapdoor":29,"minecraft:sand":3,"minecraft:yellow_terracotta":4,"minecraft:light_gray_terracotta":1,"minecraft:crossbow":22,"minecraft:note_block":5,"minecraft:lingering_potion":1,"minecraft:redstone_torch":4,"minecraft:lever":8,"minecraft:firework_rocket":1160,"minecraft:stone_button":2,"minecraft:dark_oak_fence":102,"minecraft:oak_boat":3,"minecraft:bone_meal":2,"minecraft:oak_trapdoor":2,"minecraft:music_disc_otherside":1,"minecraft:flint_and_steel":4,"minecraft:carved_pumpkin":2,"minecraft:armor_stand":23,"minecraft:red_concrete":19,"minecraft:redstone":13,"minecraft:stripped_warped_stem":3,"minecraft:spruce_planks":14,"minecraft:mangrove_fence":29,"minecraft:cooked_salmon":3,"minecraft:torch":4,"minecraft:dirt":589,"minecraft:hopper":10,"minecraft:shulker_box":8,"minecraft:golden_chestplate":1,"minecraft:red_shulker_box":1,"minecraft:dark_oak_planks":332,"minecraft:sea_lantern":23,"minecraft:light_gray_stained_glass":6,"minecraft:totem_of_undying":6,"minecraft:crimson_planks":1,"minecraft:barrel":2,"minecraft:golden_carrot":66,"minecraft:beef":4,"minecraft:dark_oak_pressure_plate":7,"minecraft:powder_snow_bucket":9,"minecraft:water_bucket":1,"minecraft:light_blue_shulker_box":2,"minecraft:snow_block":67,"minecraft:yellow_shulker_box":2,"minecraft:lime_wool":17,"minecraft:birch_boat":1,"minecraft:red_mushroom_block":90,"minecraft:spruce_sign":7,"minecraft:red_glazed_terracotta":11,"minecraft:warped_roots":1,"minecraft:lime_terracotta":33,"minecraft:comparator":6,"minecraft:terracotta":4,"minecraft:music_disc_cat":11,"minecraft:crafting_table":7,"minecraft:lime_bed":4,"minecraft:magenta_bed":1,"minecraft:birch_sign":2,"minecraft:mangrove_sign":4,"minecraft:warped_planks":6,"minecraft:apple":14,"minecraft:mud":2,"minecraft:diamond_pickaxe":394,"minecraft:diamond_shovel":413,"minecraft:iron_pickaxe":141,"minecraft:suspicious_stew":1,"minecraft:spruce_trapdoor":7,"minecraft:music_disc_blocks":2,"minecraft:cobblestone":45,"minecraft:potion":2,"minecraft:porkchop":4,"minecraft:cooked_porkchop":72,"minecraft:bucket":10,"minecraft:pumpkin_pie":21,"minecraft:splash_potion":1,"minecraft:jukebox":12,"minecraft:diamond_leggings":4},"minecraft:picked_up":{"minecraft:iron_chestplate":1,"minecraft:redstone_block":103,"minecraft:ender_chest":2,"minecraft:suspicious_stew":1,"minecraft:lead":20,"minecraft:diamond_sword":2,"minecraft:potion":2,"minecraft:crimson_planks":3,"minecraft:warped_stairs":92,"minecraft:music_disc_cat":11,"minecraft:dark_oak_pressure_plate":6,"minecraft:dark_oak_trapdoor":49,"minecraft:raw_copper":18,"minecraft:cooked_salmon":4,"minecraft:iron_leggings":1,"minecraft:armor_stand":21,"minecraft:netherite_ingot":5,"minecraft:pink_shulker_box":1,"minecraft:oak_sign":15,"minecraft:sea_pickle":128,"minecraft:diamond_leggings":20,"minecraft:cobbled_deepslate":33,"minecraft:comparator":8,"minecraft:bucket":1,"minecraft:spruce_planks":268,"minecraft:rose_bush":224,"minecraft:redstone_torch":9,"minecraft:written_book":3,"minecraft:calcite":64,"minecraft:iron_pickaxe":7,"minecraft:smooth_quartz_stairs":72,"minecraft:mangrove_log":79,"minecraft:iron_boots":2,"minecraft:golden_helmet":4,"minecraft:stick":96,"minecraft:music_disc_blocks":13,"minecraft:jukebox":17,"minecraft:polished_deepslate_stairs":210,"minecraft:torch":113,"minecraft:spruce_stairs":44,"minecraft:snow_block":42,"minecraft:porkchop":7,"minecraft:cut_copper_stairs":8,"minecraft:diorite":18,"minecraft:warped_button":225,"minecraft:warped_planks":10,"minecraft:golden_chestplate":3,"minecraft:green_terracotta":64,"minecraft:goat_horn":14,"minecraft:black_dye":16,"minecraft:quartz_block":4,"minecraft:rotten_flesh":100,"minecraft:carved_pumpkin":34,"minecraft:blackstone_stairs":91,"minecraft:snowball":187,"minecraft:cobblestone":352,"minecraft:water_bucket":9,"minecraft:powder_snow_bucket":3,"minecraft:potato":3,"minecraft:prismarine_bricks":5,"minecraft:magenta_bed":1,"minecraft:green_shulker_box":1,"minecraft:mangrove_slab":91,"minecraft:dirt":863,"minecraft:lantern":68,"minecraft:mangrove_fence":13,"minecraft:bone":10,"minecraft:bow":3,"minecraft:wheat_seeds":2,"minecraft:cobbled_deepslate_slab":1,"minecraft:dark_oak_sign":14,"minecraft:diamond_helmet":2,"minecraft:moss_block":14,"minecraft:cooked_porkchop":240,"minecraft:music_disc_13":19,"minecraft:lime_terracotta":19,"minecraft:stripped_crimson_stem":1,"minecraft:dropper":3,"minecraft:sand":24,"minecraft:light_blue_shulker_box":2,"minecraft:grass_block":65,"minecraft:lily_of_the_valley":14,"minecraft:diamond_block":2,"minecraft:dark_oak_log":405,"minecraft:spectral_arrow":14,"minecraft:red_terracotta":192,"minecraft:barrel":2,"minecraft:shulker_box":10,"minecraft:light_gray_terracotta":1,"minecraft:spruce_fence_gate":6,"minecraft:dispenser":9,"minecraft:diamond":2,"minecraft:slime_block":305,"minecraft:lever":6,"minecraft:crossbow":2,"minecraft:spruce_sign":14,"minecraft:spruce_button":2,"minecraft:emerald":1,"minecraft:netherrack":6,"minecraft:chorus_fruit":134,"minecraft:dark_oak_fence":57,"minecraft:diamond_pickaxe":16,"minecraft:lingering_potion":1,"minecraft:spruce_leaves":279,"minecraft:mud":1,"minecraft:coarse_dirt":1,"minecraft:crafting_table":21,"minecraft:splash_potion":1,"minecraft:clay_ball":21,"minecraft:wooden_pickaxe":1,"minecraft:dragon_head":22,"minecraft:chain":7,"minecraft:pink_candle":9,"minecraft:oak_trapdoor":68,"minecraft:moss_carpet":70,"minecraft:elytra":45,"minecraft:flint_and_steel":2,"minecraft:snow":83,"minecraft:quartz_slab":103,"minecraft:item_frame":11,"minecraft:iron_shovel":8,"minecraft:warped_fence":1,"minecraft:stripped_warped_stem":23,"minecraft:music_disc_otherside":7,"minecraft:beef":15,"minecraft:oak_boat":1,"minecraft:player_head":41,"minecraft:spruce_slab":1,"minecraft:birch_sapling":6,"minecraft:spruce_trapdoor":31,"minecraft:dark_oak_sapling":1,"minecraft:lime_wool":135,"minecraft:copper_ingot":3,"minecraft:red_stained_glass_pane":6,"minecraft:flowering_azalea_leaves":60,"minecraft:note_block":9,"minecraft:stone_button":2,"minecraft:cookie":1,"minecraft:carrot":246,"minecraft:redstone":361,"minecraft:prismarine_crystals":95,"minecraft:dark_oak_planks":1016,"minecraft:arrow":30,"minecraft:red_shulker_box":1,"minecraft:diamond_chestplate":1,"minecraft:cooked_cod":24,"minecraft:pumpkin_pie":81,"minecraft:shears":1,"minecraft:diamond_boots":7,"minecraft:yellow_terracotta":5,"minecraft:saddle":3,"minecraft:totem_of_undying":15,"minecraft:lime_bed":6,"minecraft:yellow_shulker_box":2,"minecraft:golden_carrot":167,"minecraft:red_glazed_terracotta":177,"minecraft:red_mushroom_block":293,"minecraft:carrot_on_a_stick":8,"minecraft:red_mushroom":8,"minecraft:packed_mud":14,"minecraft:oak_log":4,"minecraft:gunpowder":10,"minecraft:paper":4,"minecraft:white_banner":3,"minecraft:apple":6,"minecraft:spore_blossom":1,"minecraft:spruce_wood":86,"minecraft:iron_ingot":85,"minecraft:stone_pickaxe":4,"minecraft:iron_ore":17,"minecraft:glass_bottle":20,"minecraft:mangrove_planks":44,"minecraft:dark_oak_stairs":146,"minecraft:dark_oak_slab":360,"minecraft:milk_bucket":1,"minecraft:light_gray_stained_glass":6,"minecraft:birch_boat":1,"minecraft:sweet_berries":13,"minecraft:quartz":184,"minecraft:lime_concrete":2,"minecraft:spruce_sapling":5,"minecraft:white_bed":1,"minecraft:spruce_log":367,"minecraft:sea_lantern":286,"minecraft:leather_helmet":1,"minecraft:brick_slab":42,"minecraft:firework_rocket":2205,"minecraft:diamond_shovel":9,"minecraft:sculk_sensor":261,"minecraft:iron_helmet":1,"minecraft:diamond_axe":26,"minecraft:birch_sign":18,"minecraft:warped_roots":1,"minecraft:terracotta":100,"minecraft:netherite_hoe":1,"minecraft:red_concrete":361,"minecraft:stripped_dark_oak_log":30,"minecraft:smooth_quartz_slab":155,"minecraft:coal":84,"minecraft:hopper":14,"minecraft:ender_pearl":98,"minecraft:sunflower":2}},"DataVersion":3120}