{"stats":{"minecraft:picked_up":{"minecraft:enchanted_book":1,"minecraft:music_disc_cat":4,"minecraft:polished_deepslate":3295,"minecraft:polished_blackstone_brick_stairs":86,"minecraft:string":2652,"minecraft:horn_coral_block":14,"minecraft:spruce_pressure_plate":19,"minecraft:jukebox":3,"minecraft:purpur_pillar":97,"minecraft:warped_door":1,"minecraft:gray_shulker_box":98,"minecraft:green_terracotta":21,"minecraft:cyan_stained_glass_pane":1,"minecraft:cauldron":18,"minecraft:orange_bed":13,"minecraft:stone_sword":6,"minecraft:carved_pumpkin":10565,"minecraft:glowstone":537,"minecraft:end_rod":116,"minecraft:blaze_rod":74,"minecraft:snowball":5314,"minecraft:feather":663,"minecraft:water_bucket":34,"minecraft:brown_wool":69,"minecraft:dark_oak_boat":114,"minecraft:lantern":736,"minecraft:hanging_roots":52,"minecraft:exposed_cut_copper_stairs":87,"minecraft:stonecutter":98,"minecraft:chiseled_polished_blackstone":54,"minecraft:lime_terracotta":6,"minecraft:brown_mushroom_block":9505,"minecraft:acacia_stairs":2,"minecraft:deepslate":27357,"minecraft:granite":16710,"minecraft:spruce_button":27,"minecraft:cyan_dye":78,"minecraft:rooted_dirt":461,"minecraft:light_gray_carpet":9,"minecraft:diamond_pickaxe":83,"minecraft:magenta_glazed_terracotta":643,"minecraft:mud":31930,"minecraft:stripped_warped_hyphae":50,"minecraft:clay_ball":501,"minecraft:golden_pickaxe":2,"minecraft:redstone_lamp":22,"minecraft:acacia_button":1,"minecraft:fire_coral":2,"minecraft:white_stained_glass":522,"minecraft:iron_shovel":4,"minecraft:polished_blackstone_wall":4,"minecraft:glass_pane":12,"minecraft:netherite_sword":1,"minecraft:jungle_sapling":271,"minecraft:minecart":25,"minecraft:birch_sapling":1935,"minecraft:piston":4,"minecraft:stone":131351,"minecraft:raw_gold_block":1,"minecraft:music_disc_mellohi":1,"minecraft:mangrove_sign":12,"minecraft:stone_shovel":1,"minecraft:diamond_chestplate":2,"minecraft:decorated_pot":71,"minecraft:hay_block":193,"minecraft:totem_of_undying":17,"minecraft:polished_blackstone":294,"minecraft:mutton":192,"minecraft:bone_block":1283,"minecraft:rail":498,"minecraft:oxeye_daisy":10,"minecraft:birch_leaves":119,"minecraft:yellow_shulker_box":49,"minecraft:mud_bricks":60,"minecraft:jungle_fence":1,"minecraft:blackstone_slab":4,"minecraft:acacia_wood":1,"minecraft:torchflower":85,"minecraft:packed_mud":1,"minecraft:purpur_stairs":67,"minecraft:paper":279,"minecraft:diorite_stairs":2,"minecraft:warped_stem":78,"minecraft:light_gray_glazed_terracotta":617,"minecraft:iron_ore":411,"minecraft:gray_bed":22,"minecraft:smooth_basalt":423,"minecraft:light_gray_stained_glass":28,"minecraft:weathered_copper":1,"minecraft:light_blue_stained_glass":116,"minecraft:dragon_egg":9,"minecraft:diamond_shovel":59,"minecraft:painting":112,"minecraft:deepslate_redstone_ore":305,"minecraft:birch_sign":43,"minecraft:baked_potato":27,"minecraft:light_blue_concrete":862,"minecraft:nether_brick_fence":4,"minecraft:yellow_wool":188,"minecraft:gilded_blackstone":29,"minecraft:stone_brick_stairs":178,"minecraft:comparator":58,"minecraft:bucket":136,"minecraft:light_weighted_pressure_plate":128,"minecraft:ender_eye":4,"minecraft:smooth_quartz":43,"minecraft:deepslate_iron_ore":127,"minecraft:tipped_arrow":3,"minecraft:birch_trapdoor":3,"minecraft:polished_deepslate_stairs":1267,"minecraft:spruce_stairs":646,"minecraft:sniffer_egg":3,"minecraft:andesite_wall":36,"minecraft:music_disc_ward":2,"minecraft:obsidian":724,"minecraft:enchanting_table":1,"minecraft:pink_petals":247,"minecraft:leather_chestplate":3,"minecraft:cherry_planks":3,"minecraft:andesite":12190,"minecraft:smooth_sandstone_stairs":3,"minecraft:prismarine_bricks":20,"minecraft:dirt":102419,"minecraft:glass":1163,"minecraft:bone":247,"minecraft:bow":25,"minecraft:wheat_seeds":4240,"minecraft:crimson_fence_gate":1,"minecraft:birch_wood":103,"minecraft:grindstone":71,"minecraft:fletching_table":2,"minecraft:prismarine":61,"minecraft:gray_stained_glass":3,"minecraft:black_stained_glass_pane":29,"minecraft:light_blue_shulker_box":2510,"minecraft:diamond_block":141,"minecraft:jungle_slab":93,"minecraft:spectral_arrow":81,"minecraft:jungle_leaves":577,"minecraft:slime_block":155,"minecraft:soul_lantern":53,"minecraft:cracked_polished_blackstone_bricks":123,"minecraft:spruce_sign":18,"minecraft:chorus_fruit":89,"minecraft:netherrack":40257,"minecraft:oak_leaves":583,"minecraft:azure_bluet":16,"minecraft:ladder":432,"minecraft:pink_wool":151,"minecraft:brick":1324,"minecraft:moss_carpet":1740,"minecraft:mycelium":9692,"minecraft:birch_fence":82,"minecraft:blue_orchid":14,"minecraft:lime_wool":93,"minecraft:flowering_azalea_leaves":74,"minecraft:note_block":14,"minecraft:recovery_compass":1,"minecraft:brown_concrete_powder":19,"minecraft:cookie":1,"minecraft:music_disc_11":1,"minecraft:trident":1,"minecraft:brown_dye":50,"minecraft:light_gray_stained_glass_pane":69,"minecraft:bamboo_button":1,"minecraft:weeping_vines":253,"minecraft:nether_bricks":161,"minecraft:stripped_dark_oak_wood":1205,"minecraft:black_banner":41,"minecraft:skeleton_skull":2,"minecraft:netherite_boots":6,"minecraft:jungle_boat":10,"minecraft:leather":1542,"minecraft:crimson_fungus":25,"minecraft:gunpowder":223,"minecraft:yellow_bed":16,"minecraft:cobblestone_wall":17,"minecraft:cooked_mutton":12,"minecraft:gray_carpet":160,"minecraft:acacia_trapdoor":441,"minecraft:rabbit_hide":23,"minecraft:iron_ingot":3612,"minecraft:cooked_chicken":29,"minecraft:nether_quartz_ore":180,"minecraft:emerald_block":641,"minecraft:stone_brick_slab":4,"minecraft:amethyst_shard":2615,"minecraft:spruce_door":19,"minecraft:brick_slab":77,"minecraft:mangrove_leaves":437,"minecraft:white_concrete_powder":13811,"minecraft:gray_banner":1,"minecraft:cherry_sapling":286,"minecraft:mossy_cobblestone_stairs":54,"minecraft:terracotta":21695,"minecraft:iron_chestplate":9,"minecraft:anvil":140,"minecraft:oak_stairs":213,"minecraft:acacia_pressure_plate":6,"minecraft:golden_sword":48,"minecraft:soul_soil":101,"minecraft:gold_nugget":4781,"minecraft:black_glazed_terracotta":690,"minecraft:spruce_planks":1576,"minecraft:azalea_leaves":196,"minecraft:enchanted_golden_apple":3,"minecraft:coal_block":17,"minecraft:mangrove_log":371,"minecraft:golden_helmet":4,"minecraft:crimson_pressure_plate":1,"minecraft:green_bed":2,"minecraft:warped_planks":3,"minecraft:rabbit_foot":2,"minecraft:black_dye":35,"minecraft:light_gray_bed":14,"minecraft:light_blue_wool":855,"minecraft:blue_dye":13,"minecraft:cyan_terracotta":167,"minecraft:mangrove_door":2,"minecraft:birch_log":5231,"minecraft:magma_block":493,"minecraft:iron_door":19,"minecraft:cherry_leaves":68,"minecraft:acacia_leaves":79,"minecraft:green_concrete_powder":18,"minecraft:stripped_spruce_wood":641,"minecraft:netherite_leggings":1,"minecraft:gray_concrete":4922,"minecraft:mangrove_slab":134,"minecraft:glowstone_dust":611,"minecraft:pitcher_pod":266,"minecraft:dropper":81,"minecraft:granite_slab":367,"minecraft:crimson_door":1,"minecraft:dark_oak_log":45340,"minecraft:bundle":133,"minecraft:stripped_acacia_log":4,"minecraft:white_candle":72,"minecraft:writable_book":10,"minecraft:deepslate_gold_ore":275,"minecraft:blue_ice":1865,"minecraft:bread":103,"minecraft:dark_oak_fence":316,"minecraft:coarse_dirt":84,"minecraft:purple_wool":4,"minecraft:nether_wart":18,"minecraft:orange_stained_glass_pane":12,"minecraft:orange_banner":8,"minecraft:conduit":2,"minecraft:stripped_mangrove_log":335,"minecraft:compass":281,"minecraft:music_disc_otherside":1,"minecraft:beef":2038,"minecraft:chest":748,"minecraft:raw_copper_block":2,"minecraft:glow_item_frame":30,"minecraft:amethyst_cluster":162,"minecraft:carrot":8835,"minecraft:redstone":3560,"minecraft:mangrove_pressure_plate":96,"minecraft:beetroot_seeds":25,"minecraft:tube_coral_fan":62,"minecraft:shears":9,"minecraft:diamond_boots":40,"minecraft:cut_copper":136,"minecraft:gold_ingot":275,"minecraft:glow_berries":235,"minecraft:lime_concrete_powder":25,"minecraft:white_wool":626,"minecraft:lapis_ore":84,"minecraft:stripped_oak_log":46,"minecraft:red_mushroom":223,"minecraft:filled_map":6094,"minecraft:blue_bed":143,"minecraft:stone_bricks":570,"minecraft:music_disc_far":1,"minecraft:white_stained_glass_pane":163,"minecraft:dark_oak_slab":1084,"minecraft:sculk":2,"minecraft:spyglass":4,"minecraft:torchflower_seeds":92,"minecraft:gravel":11512,"minecraft:spruce_sapling":2561,"minecraft:red_stained_glass":18,"minecraft:purple_bed":1,"minecraft:polished_diorite":2276,"minecraft:stone_axe":3,"minecraft:light_blue_carpet":4,"minecraft:diamond_axe":56,"minecraft:oak_button":1,"minecraft:stripped_dark_oak_log":52,"minecraft:crimson_nylium":290,"minecraft:mangrove_propagule":20,"minecraft:wheat":1157,"minecraft:exposed_copper":68,"minecraft:redstone_block":268,"minecraft:light_gray_shulker_box":382,"minecraft:raw_copper":2321,"minecraft:smooth_stone_slab":63,"minecraft:armor_stand":2,"minecraft:netherite_ingot":4,"minecraft:sea_pickle":529,"minecraft:deepslate_tiles":2246,"minecraft:black_shulker_box":202,"minecraft:dark_oak_leaves":450,"minecraft:redstone_torch":86,"minecraft:calcite":1559,"minecraft:deepslate_tile_wall":649,"minecraft:iron_boots":5,"minecraft:stick":7857,"minecraft:orange_shulker_box":556,"minecraft:oak_fence":106,"minecraft:snow_block":14510,"minecraft:pointed_dripstone":160,"minecraft:mangrove_stairs":26,"minecraft:green_wool":169,"minecraft:fire_coral_fan":27,"minecraft:cod":143,"minecraft:crimson_hyphae":192,"minecraft:magma_cream":233,"minecraft:chiseled_quartz_block":2,"minecraft:light_gray_dye":78,"minecraft:acacia_boat":7,"minecraft:polished_granite":289,"minecraft:leather_boots":2,"minecraft:cobbled_deepslate_wall":29,"minecraft:cobbled_deepslate_slab":365,"minecraft:light_blue_dye":105,"minecraft:ghast_tear":31,"minecraft:black_terracotta":345,"minecraft:polished_blackstone_slab":183,"minecraft:sand":61877,"minecraft:shulker_box":978,"minecraft:orange_wool":544,"minecraft:light_gray_concrete":3008,"minecraft:spruce_fence_gate":3,"minecraft:clay":269,"minecraft:white_concrete":6205,"minecraft:oak_sapling":1098,"minecraft:bubble_coral_block":2,"minecraft:dead_brain_coral":4,"minecraft:cocoa_beans":141,"minecraft:charcoal":2563,"minecraft:mud_brick_slab":47,"minecraft:mangrove_hanging_sign":2,"minecraft:stone_stairs":48,"minecraft:iron_axe":4,"minecraft:orange_concrete":4321,"minecraft:quartz_slab":219,"minecraft:cyan_carpet":5,"minecraft:candle":19,"minecraft:andesite_stairs":11,"minecraft:oak_boat":188,"minecraft:player_head":437,"minecraft:light_gray_wool":712,"minecraft:tinted_glass":781,"minecraft:spruce_trapdoor":217,"minecraft:orange_dye":333,"minecraft:stripped_mangrove_wood":128,"minecraft:music_disc_relic":1,"minecraft:bowl":9,"minecraft:brown_glazed_terracotta":698,"minecraft:gray_dye":74,"minecraft:stone_button":106,"minecraft:smooth_sandstone_slab":1,"minecraft:arrow":308,"minecraft:light_blue_stained_glass_pane":85,"minecraft:jungle_stairs":19,"minecraft:saddle":9,"minecraft:soul_campfire":1,"minecraft:cracked_deepslate_tiles":7,"minecraft:crimson_stem":1923,"minecraft:glow_ink_sac":258,"minecraft:birch_planks":244,"minecraft:cobblestone_stairs":40,"minecraft:deepslate_tile_slab":1331,"minecraft:cut_copper_slab":82,"minecraft:stripped_oak_wood":144,"minecraft:mossy_stone_brick_wall":4,"minecraft:soul_sand":903,"minecraft:oxidized_cut_copper":1,"minecraft:green_dye":58,"minecraft:book":104,"minecraft:scaffolding":8694,"minecraft:pumpkin":1969,"minecraft:birch_boat":8,"minecraft:red_concrete_powder":27,"minecraft:dripstone_block":759,"minecraft:raw_iron_block":42,"minecraft:brain_coral_fan":26,"minecraft:mud_brick_wall":8,"minecraft:white_bed":265,"minecraft:green_carpet":1,"minecraft:stripped_jungle_log":2,"minecraft:lime_dye":9,"minecraft:iron_helmet":8,"minecraft:stripped_jungle_wood":36,"minecraft:coal":6233,"minecraft:blue_candle":22,"minecraft:suspicious_stew":1,"minecraft:stone_slab":520,"minecraft:smithing_table":3,"minecraft:lead":161,"minecraft:purple_shulker_box":76,"minecraft:dark_oak_pressure_plate":4,"minecraft:pufferfish":8,"minecraft:shroomlight":498,"minecraft:cherry_boat":51,"minecraft:diamond_leggings":4,"minecraft:dead_bubble_coral_fan":1,"minecraft:bubble_coral":3,"minecraft:hopper_minecart":4,"minecraft:crimson_sign":3,"minecraft:diamond_ore":10,"minecraft:polished_blackstone_brick_slab":5,"minecraft:big_dripleaf":9,"minecraft:cyan_stained_glass":10,"minecraft:acacia_log":2881,"minecraft:cut_copper_stairs":92,"minecraft:lightning_rod":117,"minecraft:golden_chestplate":3,"minecraft:brown_carpet":33,"minecraft:horn_coral_fan":26,"minecraft:blackstone_wall":1,"minecraft:polished_basalt":338,"minecraft:bookshelf":39,"minecraft:white_terracotta":726,"minecraft:waxed_cut_copper":23,"minecraft:iron_bars":583,"minecraft:cooked_beef":253,"minecraft:medium_amethyst_bud":230,"minecraft:copper_block":305,"minecraft:flint":378,"minecraft:cyan_concrete_powder":28,"minecraft:gray_concrete_powder":2374,"minecraft:large_amethyst_bud":113,"minecraft:warped_hyphae":1,"minecraft:dark_oak_sign":131,"minecraft:rabbit":30,"minecraft:mangrove_fence_gate":4,"minecraft:diamond_helmet":3,"minecraft:honeycomb":357,"minecraft:glow_lichen":856,"minecraft:stripped_acacia_wood":2,"minecraft:stripped_crimson_stem":27,"minecraft:stripped_spruce_log":1796,"minecraft:polished_andesite":23,"minecraft:lever":37,"minecraft:jack_o_lantern":751,"minecraft:light_blue_candle":46,"minecraft:crimson_roots":74,"minecraft:mangrove_button":1,"minecraft:bee_nest":14,"minecraft:leather_leggings":2,"minecraft:dragon_head":7,"minecraft:purpur_block":453,"minecraft:heavy_weighted_pressure_plate":1,"minecraft:elytra":57,"minecraft:flint_and_steel":12,"minecraft:white_carpet":27,"minecraft:poppy":577,"minecraft:spruce_slab":1041,"minecraft:copper_ore":697,"minecraft:waxed_oxidized_copper":1,"minecraft:diamond_hoe":22,"minecraft:lime_shulker_box":88,"minecraft:black_stained_glass":343,"minecraft:fire_charge":2,"minecraft:white_dye":159,"minecraft:jungle_fence_gate":1,"minecraft:cyan_shulker_box":131,"minecraft:netherite_pickaxe":21,"minecraft:mangrove_trapdoor":43,"minecraft:jungle_sign":7,"minecraft:purpur_slab":24,"minecraft:cracked_deepslate_bricks":62,"minecraft:yellow_terracotta":3123,"minecraft:emerald_ore":2,"minecraft:tripwire_hook":35,"minecraft:fern":115,"minecraft:yellow_dye":256,"minecraft:lily_pad":19,"minecraft:apple":591,"minecraft:spore_blossom":2,"minecraft:yellow_stained_glass":53,"minecraft:oak_fence_gate":2,"minecraft:stone_pickaxe":5,"minecraft:tall_grass":1,"minecraft:magenta_stained_glass":6,"minecraft:dark_oak_stairs":219,"minecraft:polished_andesite_stairs":181,"minecraft:sweet_berries":365,"minecraft:green_glazed_terracotta":7,"minecraft:red_wool":45,"minecraft:lime_concrete":374,"minecraft:crimson_stairs":1,"minecraft:crying_obsidian":1927,"minecraft:leather_helmet":3,"minecraft:oak_wood":22,"minecraft:coal_ore":1109,"minecraft:slime_ball":1250,"minecraft:smooth_quartz_slab":19,"minecraft:hopper":382,"minecraft:black_carpet":57,"minecraft:ender_chest":433,"minecraft:lapis_block":72,"minecraft:waxed_cut_copper_slab":26,"minecraft:deepslate_lapis_ore":65,"minecraft:red_candle":2,"minecraft:experience_bottle":111,"minecraft:smooth_stone":352,"minecraft:red_dye":89,"minecraft:rose_bush":10199,"minecraft:cobblestone_slab":37,"minecraft:azalea":755,"minecraft:wooden_shovel":1,"minecraft:iron_pickaxe":5,"minecraft:smooth_quartz_stairs":19,"minecraft:blue_wool":13,"minecraft:acacia_fence":11,"minecraft:crimson_button":3,"minecraft:diorite":5120,"minecraft:vine":525,"minecraft:goat_horn":3,"minecraft:rotten_flesh":572,"minecraft:brown_shulker_box":115,"minecraft:mangrove_roots":5427,"minecraft:deepslate_copper_ore":26,"minecraft:chorus_flower":2,"minecraft:music_disc_wait":2,"minecraft:deepslate_brick_stairs":287,"minecraft:blaze_powder":16,"minecraft:cobblestone":18592,"minecraft:muddy_mangrove_roots":2453,"minecraft:lilac":192,"minecraft:repeater":134,"minecraft:dead_tube_coral_fan":4,"minecraft:orange_carpet":4,"minecraft:black_bed":44,"minecraft:golden_leggings":2,"minecraft:beacon":27,"minecraft:mud_brick_stairs":24,"minecraft:potato":113,"minecraft:stripped_birch_log":551,"minecraft:name_tag":10,"minecraft:mangrove_fence":48,"minecraft:acacia_planks":15,"minecraft:mossy_stone_bricks":156,"minecraft:bamboo":9207,"minecraft:cyan_concrete":1086,"minecraft:melon":4,"minecraft:grass_block":39430,"minecraft:mossy_cobblestone":141,"minecraft:light_gray_terracotta":528,"minecraft:sugar":18,"minecraft:yellow_stained_glass_pane":24,"minecraft:grass":2,"minecraft:bone_meal":609,"minecraft:golden_apple":19,"minecraft:nether_sprouts":10,"minecraft:emerald":182,"minecraft:splash_potion":1,"minecraft:packed_ice":128627,"minecraft:brown_mushroom":627,"minecraft:stone_brick_wall":7,"minecraft:diorite_slab":9,"minecraft:chain":277,"minecraft:shield":12,"minecraft:orange_stained_glass":35,"minecraft:oak_trapdoor":43,"minecraft:magenta_wool":64,"minecraft:blackstone":5936,"minecraft:end_stone":220,"minecraft:cherry_stairs":6,"minecraft:polished_blackstone_bricks":600,"minecraft:stone_pressure_plate":2,"minecraft:blue_concrete_powder":18,"minecraft:red_shulker_box":442,"minecraft:pumpkin_pie":2068,"minecraft:basalt":8100,"minecraft:dark_oak_button":145,"minecraft:golden_carrot":723,"minecraft:music_disc_stal":3,"minecraft:ice":11497,"minecraft:chainmail_chestplate":1,"minecraft:cobbled_deepslate_stairs":301,"minecraft:orange_terracotta":11920,"minecraft:mangrove_boat":6,"minecraft:red_carpet":119,"minecraft:pearlescent_froglight":84,"minecraft:deepslate_emerald_ore":1,"minecraft:spruce_wood":244,"minecraft:polished_andesite_slab":267,"minecraft:dead_horn_coral":3,"minecraft:pink_bed":507,"minecraft:warped_fungus":11,"minecraft:quartz":2275,"minecraft:dandelion":282,"minecraft:stripped_cherry_wood":1,"minecraft:soul_torch":1,"minecraft:red_banner":105,"minecraft:polished_diorite_stairs":7,"minecraft:pumpkin_seeds":29654,"minecraft:sculk_sensor":6,"minecraft:chainmail_leggings":3,"minecraft:exposed_cut_copper_slab":1,"minecraft:damaged_anvil":21,"minecraft:netherite_hoe":1,"minecraft:dark_oak_wood":337,"minecraft:sunflower":2105,"minecraft:seagrass":33,"minecraft:chainmail_boots":5,"minecraft:flower_pot":166,"minecraft:magenta_carpet":13,"minecraft:diamond_sword":64,"minecraft:birch_button":1,"minecraft:brewing_stand":18,"minecraft:polished_deepslate_wall":427,"minecraft:amethyst_block":1926,"minecraft:dark_oak_trapdoor":394,"minecraft:blue_stained_glass_pane":41,"minecraft:orange_concrete_powder":23,"minecraft:crimson_fence":105,"minecraft:cobbled_deepslate":28253,"minecraft:waxed_weathered_copper":1,"minecraft:acacia_sign":27,"minecraft:written_book":1,"minecraft:netherite_upgrade_smithing_template":1,"minecraft:melon_slice":64,"minecraft:dark_oak_door":15,"minecraft:white_glazed_terracotta":617,"minecraft:music_disc_blocks":2,"minecraft:composter":159,"minecraft:cherry_log":111,"minecraft:deepslate_tile_stairs":846,"minecraft:gray_stained_glass_pane":60,"minecraft:waxed_cut_copper_stairs":39,"minecraft:tropical_fish":130,"minecraft:iron_block":3462,"minecraft:mossy_cobblestone_slab":10,"minecraft:polished_diorite_slab":114,"minecraft:oxidized_copper":9,"minecraft:birch_slab":33,"minecraft:jungle_log":3759,"minecraft:map":1,"minecraft:light_gray_concrete_powder":244,"minecraft:twisting_vines":2,"minecraft:chipped_anvil":19,"minecraft:gray_terracotta":16,"minecraft:waxed_weathered_cut_copper_slab":1,"minecraft:moss_block":1571,"minecraft:gray_glazed_terracotta":718,"minecraft:ink_sac":2724,"minecraft:loom":3,"minecraft:red_terracotta":13042,"minecraft:barrel":268,"minecraft:quartz_bricks":64,"minecraft:dispenser":120,"minecraft:green_concrete":385,"minecraft:polished_granite_slab":905,"minecraft:chainmail_helmet":9,"minecraft:bricks":713,"minecraft:lime_stained_glass_pane":9,"minecraft:music_disc_5":1,"minecraft:spruce_leaves":4677,"minecraft:crafting_table":224,"minecraft:bubble_coral_fan":22,"minecraft:crimson_trapdoor":26,"minecraft:jungle_trapdoor":81,"minecraft:red_bed":158,"minecraft:snow":2865,"minecraft:cracked_stone_bricks":137,"minecraft:cartography_table":15,"minecraft:deepslate_diamond_ore":122,"minecraft:iron_nugget":1025,"minecraft:quartz_stairs":47,"minecraft:egg":3684,"minecraft:sandstone":18938,"minecraft:polished_deepslate_slab":773,"minecraft:oak_door":3,"minecraft:spruce_fence":758,"minecraft:skull_pottery_sherd":2,"minecraft:mushroom_stem":8315,"minecraft:blue_carpet":11,"minecraft:tnt":526,"minecraft:deepslate_bricks":739,"minecraft:white_shulker_box":219,"minecraft:crimson_slab":203,"minecraft:chiseled_bookshelf":17,"minecraft:red_mushroom_block":12989,"minecraft:oak_log":5583,"minecraft:brown_concrete":255,"minecraft:ancient_debris":1,"minecraft:golden_boots":10,"minecraft:white_banner":19,"minecraft:kelp":2912,"minecraft:waxed_weathered_cut_copper_stairs":2,"minecraft:cobweb":44,"minecraft:glass_bottle":98,"minecraft:mangrove_planks":45,"minecraft:iron_sword":6,"minecraft:flowering_azalea":289,"minecraft:daylight_detector":19,"minecraft:yellow_concrete":343,"minecraft:birch_stairs":29,"minecraft:small_amethyst_bud":148,"minecraft:prize_pottery_sherd":1,"minecraft:orange_candle":59,"minecraft:spruce_log":13891,"minecraft:waxed_exposed_cut_copper_stairs":2,"minecraft:sea_lantern":37,"minecraft:firework_rocket":4834,"minecraft:redstone_ore":60,"minecraft:gray_wool":730,"minecraft:warped_roots":18,"minecraft:warped_nylium":32,"minecraft:melon_seeds":13,"minecraft:ender_pearl":22099,"minecraft:shulker_shell":919,"minecraft:chiseled_deepslate":108,"minecraft:music_disc_strad":1,"minecraft:iron_trapdoor":72,"minecraft:dead_horn_coral_fan":7,"minecraft:potion":41,"minecraft:nether_brick":712,"minecraft:crimson_planks":110,"minecraft:oak_hanging_sign":8,"minecraft:iron_leggings":9,"minecraft:sticky_piston":51,"minecraft:oak_sign":13,"minecraft:pink_shulker_box":185,"minecraft:furnace":227,"minecraft:deepslate_brick_wall":23,"minecraft:brown_terracotta":16423,"minecraft:torch":4582,"minecraft:porkchop":127,"minecraft:target":4,"minecraft:music_disc_pigstep":1,"minecraft:yellow_concrete_powder":57,"minecraft:blue_stained_glass":17,"minecraft:quartz_block":5902,"minecraft:nether_gold_ore":40,"minecraft:cactus":127,"minecraft:stripped_birch_wood":68,"minecraft:magenta_dye":5,"minecraft:tuff":5627,"minecraft:horn_coral":2,"minecraft:green_shulker_box":147,"minecraft:lapis_lazuli":2265,"minecraft:weathered_cut_copper":1,"minecraft:deepslate_brick_slab":154,"minecraft:raw_gold":903,"minecraft:bell":2,"minecraft:powered_rail":226,"minecraft:oak_planks":276,"minecraft:stone_hoe":3,"minecraft:mossy_stone_brick_stairs":11,"minecraft:brain_coral":3,"minecraft:cooked_porkchop":344,"minecraft:music_disc_13":3,"minecraft:bamboo_raft":35,"minecraft:jungle_planks":131,"minecraft:dead_bush":13,"minecraft:lily_of_the_valley":5,"minecraft:exposed_cut_copper":8,"minecraft:black_concrete":514,"minecraft:spruce_boat":174,"minecraft:diamond":747,"minecraft:polished_blackstone_button":21,"minecraft:fishing_rod":2,"minecraft:end_stone_bricks":287,"minecraft:chicken":669,"minecraft:allium":4,"minecraft:chest_minecart":1,"minecraft:wooden_pickaxe":3,"minecraft:cooked_rabbit":5,"minecraft:gold_block":237,"minecraft:wooden_sword":20,"minecraft:item_frame":199,"minecraft:detector_rail":12,"minecraft:observer":185,"minecraft:lectern":13,"minecraft:sugar_cane":4564,"minecraft:phantom_membrane":12,"minecraft:dark_oak_sapling":4708,"minecraft:raw_iron":1460,"minecraft:copper_ingot":101,"minecraft:quartz_pillar":327,"minecraft:magenta_shulker_box":33,"minecraft:dark_oak_planks":1148,"minecraft:lime_stained_glass":10,"minecraft:oxidized_cut_copper_stairs":6,"minecraft:salmon":63,"minecraft:cut_sandstone":35,"minecraft:waxed_copper_block":93,"minecraft:nether_wart_block":8155,"minecraft:podzol":1444,"minecraft:acacia_sapling":2101,"minecraft:music_disc_chirp":1,"minecraft:purple_concrete":65,"minecraft:oak_slab":234,"minecraft:bamboo_planks":193,"minecraft:pitcher_plant":49,"minecraft:chiseled_stone_bricks":1469,"minecraft:blast_furnace":8,"minecraft:gold_ore":23,"minecraft:dark_oak_fence_gate":10,"minecraft:spider_eye":5507,"minecraft:music_disc_mall":3,"minecraft:dried_kelp_block":5,"minecraft:campfire":18,"minecraft:honey_block":18,"minecraft:black_wool":219,"minecraft:acacia_slab":10,"minecraft:red_concrete":3839},"minecraft:crafted":{"minecraft:yellow_wool":63,"minecraft:cherry_wood":6,"minecraft:birch_boat":1,"minecraft:chain":523,"minecraft:diamond_shovel":8,"minecraft:cracked_stone_bricks":76,"minecraft:shulker_box":190,"minecraft:light_blue_concrete_powder":512,"minecraft:decorated_pot":83,"minecraft:waxed_cut_copper_stairs":64,"minecraft:black_wool":377,"minecraft:gray_stained_glass":48,"minecraft:lime_concrete_powder":448,"minecraft:warped_stairs":16,"minecraft:blue_stained_glass":96,"minecraft:redstone_lamp":88,"minecraft:soul_campfire":60,"minecraft:jungle_boat":7,"minecraft:acacia_slab":30,"minecraft:raw_gold_block":8,"minecraft:green_bed":1,"minecraft:sticky_piston":218,"minecraft:polished_deepslate_slab":156,"minecraft:painting":34,"minecraft:cartography_table":6,"minecraft:stone_brick_stairs":37,"minecraft:wooden_hoe":2,"minecraft:stone_slab":112,"minecraft:netherite_ingot":211,"minecraft:orange_shulker_box":9,"minecraft:crimson_trapdoor":346,"minecraft:soul_torch":176,"minecraft:red_banner":12,"minecraft:light_gray_wool":80,"minecraft:spruce_fence":2859,"minecraft:moss_carpet":642,"minecraft:waxed_copper_block":756,"minecraft:spruce_stairs":1096,"minecraft:lead":12,"minecraft:cut_copper_slab":40,"minecraft:crimson_slab":582,"minecraft:acacia_trapdoor":2620,"minecraft:light_blue_wool":99,"minecraft:acacia_stairs":4,"minecraft:red_carpet":618,"minecraft:deepslate_tiles":15,"minecraft:enchanted_book":16,"minecraft:orange_dye":774,"minecraft:red_stained_glass":512,"minecraft:soul_lantern":124,"minecraft:black_glazed_terracotta":1207,"minecraft:birch_trapdoor":8,"minecraft:writable_book":7,"minecraft:iron_shovel":7,"minecraft:armor_stand":30,"minecraft:barrel":232,"minecraft:polished_granite_slab":158,"minecraft:leather_horse_armor":1,"minecraft:quartz_bricks":524,"minecraft:cooked_chicken":27,"minecraft:snow":7617,"minecraft:cake":1,"minecraft:chest":2520,"minecraft:oak_button":1,"minecraft:jungle_stairs":8,"minecraft:stone_bricks":278,"minecraft:golden_boots":4,"minecraft:white_banner":56,"minecraft:mud_brick_stairs":4,"minecraft:cauldron":42,"minecraft:lime_terracotta":2111,"minecraft:brown_dye":67,"minecraft:acacia_button":1,"minecraft:white_stained_glass_pane":3752,"minecraft:warped_door":6,"minecraft:dispenser":171,"minecraft:tnt":6013,"minecraft:purple_dye":365,"minecraft:yellow_dye":2853,"minecraft:stick":11941,"minecraft:black_bed":5,"minecraft:cyan_carpet":9,"minecraft:dark_oak_fence_gate":2,"minecraft:deepslate_bricks":1,"minecraft:deepslate_tile_slab":1022,"minecraft:stone_brick_wall":16,"minecraft:fishing_rod":5,"minecraft:spruce_button":1,"minecraft:mossy_stone_bricks":287,"minecraft:blast_furnace":2,"minecraft:piston":241,"minecraft:bamboo_sign":6,"minecraft:oak_trapdoor":62,"minecraft:scaffolding":4760,"minecraft:white_concrete_powder":13360,"minecraft:cobblestone_wall":7,"minecraft:light_blue_stained_glass_pane":128,"minecraft:iron_trapdoor":1147,"minecraft:yellow_concrete":24,"minecraft:mangrove_door":3,"minecraft:iron_sword":6,"minecraft:black_banner":126,"minecraft:acacia_boat":1,"minecraft:brown_concrete_powder":448,"minecraft:black_carpet":336,"minecraft:stonecutter":16,"minecraft:magenta_carpet":318,"minecraft:torch":14240,"minecraft:mangrove_wood":75,"minecraft:diamond_chestplate":2,"minecraft:ender_chest":15,"minecraft:jungle_button":1,"minecraft:light_gray_concrete_powder":10752,"minecraft:smooth_stone":227,"minecraft:dark_oak_pressure_plate":12,"minecraft:pink_bed":43,"minecraft:mangrove_fence_gate":4,"minecraft:polished_blackstone_slab":20,"minecraft:lever":57,"minecraft:bookshelf":170,"minecraft:cooked_mutton":40,"minecraft:deepslate_brick_stairs":4,"minecraft:magenta_shulker_box":1,"minecraft:glass":1088,"minecraft:quartz_block":11123,"minecraft:light_blue_terracotta":16,"minecraft:netherite_boots":1,"minecraft:acacia_fence":117,"minecraft:birch_door":9,"minecraft:chiseled_quartz_block":4,"minecraft:gray_bed":10,"minecraft:bamboo_raft":1,"minecraft:deepslate":256,"minecraft:smooth_quartz":393,"minecraft:cooked_porkchop":2,"minecraft:diamond_axe":3,"minecraft:spruce_door":18,"minecraft:copper_ingot":3475,"minecraft:oak_wood":48,"minecraft:lime_shulker_box":1,"minecraft:compass":20,"minecraft:light_blue_bed":8,"minecraft:white_terracotta":3288,"minecraft:gold_ingot":5822,"minecraft:light_gray_dye":169,"minecraft:birch_stairs":244,"minecraft:packed_ice":1654,"minecraft:waxed_cut_copper":289,"minecraft:polished_deepslate_stairs":453,"minecraft:player_head":56,"minecraft:yellow_bed":1,"minecraft:white_carpet":30,"minecraft:orange_wool":74,"minecraft:warped_trapdoor":2,"minecraft:bamboo_stairs":4,"minecraft:dark_oak_fence":1098,"minecraft:spruce_slab":4638,"minecraft:diamond_boots":1,"minecraft:redstone_block":377,"minecraft:dark_oak_planks":38160,"minecraft:wheat":1198,"minecraft:coal_block":24,"minecraft:daylight_detector":21,"minecraft:netherite_pickaxe":1,"minecraft:red_bed":2,"minecraft:glowstone":108,"minecraft:jungle_slab":180,"minecraft:bamboo_slab":42,"minecraft:golden_apple":2,"minecraft:oak_stairs":516,"minecraft:blue_carpet":12,"minecraft:pink_shulker_box":3,"minecraft:oak_hanging_sign":12,"minecraft:mangrove_boat":1,"minecraft:spruce_pressure_plate":17,"minecraft:dark_oak_door":33,"minecraft:iron_boots":6,"minecraft:raw_copper":99,"minecraft:stone_hoe":3,"minecraft:raw_iron_block":63,"minecraft:acacia_wood":6,"minecraft:mud_brick_slab":6,"minecraft:spruce_planks":29324,"minecraft:light_gray_banner":12,"minecraft:hopper_minecart":15,"minecraft:crimson_pressure_plate":11,"minecraft:pumpkin_seeds":64,"minecraft:brown_glazed_terracotta":2484,"minecraft:diamond_pickaxe":9,"minecraft:paper":9982,"minecraft:dark_oak_slab":4380,"minecraft:book":459,"minecraft:charcoal":2983,"minecraft:emerald_block":563,"minecraft:birch_fence":126,"minecraft:light_weighted_pressure_plate":200,"minecraft:light_blue_dye":738,"minecraft:snow_block":428,"minecraft:green_shulker_box":1,"minecraft:redstone_torch":1170,"minecraft:light_gray_carpet":36,"minecraft:light_gray_stained_glass_pane":144,"minecraft:crimson_hyphae":138,"minecraft:coarse_dirt":892,"minecraft:wooden_sword":4,"minecraft:cobbled_deepslate_slab":36,"minecraft:purple_wool":310,"minecraft:redstone":3661,"minecraft:coal":450,"minecraft:light_gray_stained_glass":80,"minecraft:mangrove_hanging_sign":6,"minecraft:bamboo_button":1,"minecraft:dark_oak_trapdoor":5850,"minecraft:jungle_trapdoor":96,"minecraft:gray_dye":1030,"minecraft:dark_oak_sign":240,"minecraft:blue_ice":7949,"minecraft:yellow_shulker_box":1,"minecraft:polished_deepslate":9861,"minecraft:iron_axe":12,"minecraft:slime_ball":297,"minecraft:lime_dye":244,"minecraft:filled_map":4,"minecraft:orange_banner":10,"minecraft:stripped_mangrove_wood":216,"minecraft:minecart":44,"minecraft:cooked_beef":130,"minecraft:sugar":13778,"minecraft:red_dye":19248,"minecraft:bone_block":641,"minecraft:spruce_sign":84,"minecraft:powered_rail":1308,"minecraft:bucket":152,"minecraft:brown_terracotta":32,"minecraft:air":0,"minecraft:bread":233,"minecraft:black_stained_glass":1944,"minecraft:blue_dye":2001,"minecraft:mud_brick_wall":6,"minecraft:cut_copper":204,"minecraft:oak_boat":5,"minecraft:white_wool":2733,"minecraft:gold_nugget":2079,"minecraft:brown_wool":54,"minecraft:green_wool":9,"minecraft:pumpkin_pie":13887,"minecraft:purple_concrete_powder":64,"minecraft:lapis_lazuli":2286,"minecraft:firework_rocket":21362,"minecraft:lime_stained_glass":80,"minecraft:red_stained_glass_pane":64,"minecraft:black_dye":1364,"minecraft:oak_sign":15,"minecraft:waxed_cut_copper_slab":103,"minecraft:polished_deepslate_wall":12,"minecraft:blaze_powder":142,"minecraft:gray_wool":576,"minecraft:diamond_helmet":2,"minecraft:white_glazed_terracotta":1164,"minecraft:stone_pressure_plate":35,"minecraft:iron_door":27,"minecraft:gray_stained_glass_pane":16,"minecraft:dried_kelp_block":2,"minecraft:name_tag":259,"minecraft:white_shulker_box":10,"minecraft:glow_item_frame":9,"minecraft:black_concrete":184,"minecraft:chest_minecart":1,"minecraft:mossy_cobblestone":772,"minecraft:lectern":36,"minecraft:iron_pickaxe":16,"minecraft:composter":263,"minecraft:cyan_wool":6,"minecraft:jungle_sign":9,"minecraft:golden_carrot":121,"minecraft:magenta_wool":1,"minecraft:jukebox":2,"minecraft:iron_nugget":14064,"minecraft:diamond_hoe":5,"minecraft:jack_o_lantern":4721,"minecraft:lime_stained_glass_pane":16,"minecraft:waxed_oxidized_copper":9,"minecraft:stone_stairs":44,"minecraft:lantern":1304,"minecraft:light_gray_shulker_box":3,"minecraft:polished_diorite":8412,"minecraft:black_concrete_powder":488,"minecraft:red_shulker_box":1,"minecraft:stone_pickaxe":8,"minecraft:quartz_slab":270,"minecraft:spruce_boat":27,"minecraft:purple_carpet":6,"minecraft:brick_slab":6394,"minecraft:light_gray_terracotta":72,"minecraft:polished_blackstone_stairs":8,"minecraft:dark_oak_button":1000,"minecraft:light_blue_carpet":30,"minecraft:crimson_stairs":80,"minecraft:black_stained_glass_pane":384,"minecraft:note_block":31,"minecraft:mangrove_slab":894,"minecraft:pink_terracotta":8,"minecraft:grindstone":230,"minecraft:cobblestone_slab":14,"minecraft:birch_wood":282,"minecraft:acacia_pressure_plate":98,"minecraft:packed_mud":305,"minecraft:crimson_sign":3,"minecraft:lightning_rod":1154,"minecraft:cherry_boat":6,"minecraft:stone":820,"minecraft:heavy_weighted_pressure_plate":1,"minecraft:quartz_pillar":5011,"minecraft:warped_planks":84,"minecraft:brown_carpet":87,"minecraft:polished_blackstone_button":66,"minecraft:stone_brick_slab":6,"minecraft:mangrove_fence":705,"minecraft:orange_stained_glass_pane":464,"minecraft:bow":178,"minecraft:comparator":55,"minecraft:polished_basalt":496,"minecraft:copper_block":1082,"minecraft:yellow_terracotta":2832,"minecraft:rail":192,"minecraft:bricks":4448,"minecraft:birch_button":1,"minecraft:ender_eye":15,"minecraft:oak_fence":159,"minecraft:polished_diorite_slab":696,"minecraft:dropper":123,"minecraft:arrow":52,"minecraft:iron_helmet":8,"minecraft:cherry_button":1,"minecraft:red_wool":304,"minecraft:yellow_stained_glass":400,"minecraft:green_glazed_terracotta":32,"minecraft:spruce_trapdoor":460,"minecraft:pink_wool":65,"minecraft:gray_terracotta":8,"minecraft:iron_ingot":17223,"minecraft:light_blue_shulker_box":154,"minecraft:light_blue_stained_glass":2440,"minecraft:blue_terracotta":8,"minecraft:nether_brick_slab":6,"minecraft:tripwire_hook":56,"minecraft:leather_boots":2,"minecraft:golden_chestplate":1,"minecraft:furnace":148,"minecraft:mud_bricks":252,"minecraft:crimson_button":12,"minecraft:polished_andesite_slab":114,"minecraft:raw_copper_block":24,"minecraft:flint_and_steel":29,"minecraft:orange_terracotta":2207,"minecraft:chiseled_bookshelf":42,"minecraft:brown_shulker_box":7,"minecraft:mangrove_pressure_plate":204,"minecraft:birch_sign":72,"minecraft:purple_terracotta":8,"minecraft:jungle_wood":6,"minecraft:stripped_spruce_wood":345,"minecraft:purple_shulker_box":1,"minecraft:mangrove_planks":2692,"minecraft:jungle_planks":1516,"minecraft:white_dye":5359,"minecraft:blue_wool":9,"minecraft:crimson_door":15,"minecraft:anvil":146,"minecraft:orange_bed":9,"minecraft:granite_slab":60,"minecraft:bamboo_trapdoor":2,"minecraft:jungle_fence_gate":1,"minecraft:orange_stained_glass":376,"minecraft:dark_oak_wood":747,"minecraft:loom":72,"minecraft:iron_bars":3024,"minecraft:red_concrete_powder":1744,"minecraft:repeater":330,"minecraft:cyan_stained_glass_pane":32,"minecraft:diamond_leggings":2,"minecraft:mangrove_stairs":64,"minecraft:polished_blackstone":531,"minecraft:magenta_dye":10,"minecraft:flower_pot":80,"minecraft:emerald":54454,"minecraft:hay_block":32,"minecraft:campfire":59,"minecraft:exposed_cut_copper_slab":64,"minecraft:bamboo_planks":148,"minecraft:green_terracotta":1224,"minecraft:iron_block":17629,"minecraft:fire_charge":192,"minecraft:spruce_fence_gate":3,"minecraft:yellow_concrete_powder":1784,"minecraft:stone_shovel":3,"minecraft:smooth_stone_slab":116,"minecraft:tinted_glass":576,"minecraft:crimson_fence_gate":11,"minecraft:cut_copper_stairs":108,"minecraft:globe_banner_pattern":24,"minecraft:red_terracotta":30631,"minecraft:bone_meal":57230,"minecraft:cyan_stained_glass":48,"minecraft:pink_dye":483,"minecraft:diamond":886,"minecraft:detector_rail":84,"minecraft:ladder":1251,"minecraft:cobbled_deepslate_stairs":40,"minecraft:deepslate_tile_wall":9,"minecraft:golden_helmet":1,"minecraft:dripstone_block":3136,"minecraft:firework_star":6659,"minecraft:crossbow":12,"minecraft:muddy_mangrove_roots":16,"minecraft:deepslate_brick_slab":12,"minecraft:gray_concrete_powder":3448,"minecraft:polished_granite":5312,"minecraft:white_stained_glass":4784,"minecraft:acacia_sign":30,"minecraft:gray_shulker_box":27,"minecraft:wooden_axe":1,"minecraft:crimson_fence":126,"minecraft:iron_leggings":7,"minecraft:deepslate_tile_stairs":197,"minecraft:white_bed":12,"minecraft:lime_wool":202,"minecraft:light_gray_glazed_terracotta":1279,"minecraft:nether_brick_stairs":4,"minecraft:brick":19121,"minecraft:mangrove_button":11,"minecraft:oak_planks":3194,"minecraft:dark_oak_boat":20,"minecraft:cobblestone_stairs":3,"minecraft:warped_hyphae":48,"minecraft:purpur_stairs":20,"minecraft:green_dye":64,"minecraft:bamboo_block":183,"minecraft:hopper":799,"minecraft:cyan_terracotta":2912,"minecraft:mossy_cobblestone_slab":4,"minecraft:chiseled_stone_bricks":5196,"minecraft:quartz_stairs":124,"minecraft:item_frame":175,"minecraft:oak_slab":306,"minecraft:map":77,"minecraft:crafting_table":238,"minecraft:wooden_pickaxe":3,"minecraft:mangrove_trapdoor":124,"minecraft:gold_block":430,"minecraft:birch_planks":2904,"minecraft:black_shulker_box":1,"minecraft:iron_chestplate":7,"minecraft:shield":11,"minecraft:stone_sword":3,"minecraft:gray_carpet":630,"minecraft:sponge":7,"minecraft:shears":1063,"minecraft:green_carpet":24,"minecraft:polished_andesite":8192,"minecraft:cherry_planks":52,"minecraft:gray_glazed_terracotta":2623,"minecraft:raw_iron":495,"minecraft:stone_button":101,"minecraft:diamond_block":104,"minecraft:glass_pane":624,"minecraft:black_terracotta":1832,"minecraft:spruce_wood":2163,"minecraft:iron_hoe":15,"minecraft:orange_concrete_powder":4000,"minecraft:gray_banner":2,"minecraft:observer":224,"minecraft:cyan_concrete_powder":5616,"minecraft:crimson_planks":2084,"minecraft:diamond_sword":4,"minecraft:cyan_dye":116,"minecraft:dark_oak_stairs":1056,"minecraft:nether_bricks":106,"minecraft:stone_axe":4,"minecraft:amethyst_block":128,"minecraft:magenta_terracotta":8912,"minecraft:raw_gold":72,"minecraft:acacia_planks":8544,"minecraft:lapis_block":201},"minecraft:mined":{"minecraft:dragon_wall_head":7,"minecraft:red_shulker_box":435,"minecraft:white_bed":257,"minecraft:pink_bed":500,"minecraft:light_blue_carpet":2,"minecraft:acacia_log":2196,"minecraft:green_concrete":387,"minecraft:oak_wall_sign":5,"minecraft:nether_wart":7,"minecraft:chorus_flower":2,"minecraft:cobbled_deepslate":467,"minecraft:fire":178,"minecraft:deepslate_lapis_ore":164,"minecraft:spruce_pressure_plate":15,"minecraft:white_shulker_box":217,"minecraft:cut_sandstone":24,"minecraft:magenta_carpet":12,"minecraft:kelp_plant":290,"minecraft:deepslate_tile_slab":681,"minecraft:torch":1516,"minecraft:dark_oak_wood":28,"minecraft:melon":10,"minecraft:dead_bush":83,"minecraft:white_candle":2,"minecraft:sugar_cane":2482,"minecraft:bricks":619,"minecraft:chain":139,"minecraft:repeater":89,"minecraft:mud":32131,"minecraft:tinted_glass":128,"minecraft:grass":2111,"minecraft:infested_mossy_stone_bricks":3,"minecraft:acacia_sign":1,"minecraft:deepslate":43707,"minecraft:attached_pumpkin_stem":1,"minecraft:exposed_cut_copper":8,"minecraft:brown_concrete":256,"minecraft:mangrove_wall_hanging_sign":2,"minecraft:mossy_cobblestone":48,"minecraft:orange_concrete_powder":23,"minecraft:potted_flowering_azalea_bush":21,"minecraft:dark_oak_log":27104,"minecraft:crimson_fence_gate":2,"minecraft:dark_oak_fence":138,"minecraft:spruce_fence":348,"minecraft:stripped_jungle_wood":45,"minecraft:red_mushroom":88,"minecraft:white_concrete_powder":14,"minecraft:redstone_ore":149,"minecraft:green_terracotta":34,"minecraft:cyan_concrete":1124,"minecraft:vine":872,"minecraft:potted_spruce_sapling":2,"minecraft:oak_slab":77,"minecraft:soul_sand":551,"minecraft:lily_of_the_valley":1,"minecraft:warped_roots":16,"minecraft:crimson_slab":98,"minecraft:campfire":9,"minecraft:lightning_rod":124,"minecraft:tall_grass":379,"minecraft:copper_ore":970,"minecraft:deepslate_gold_ore":682,"minecraft:diorite":3546,"minecraft:black_stained_glass":327,"minecraft:cobblestone_wall":12,"minecraft:weathered_cut_copper":1,"minecraft:dark_oak_button":52,"minecraft:gravel":7754,"minecraft:cobweb":87,"minecraft:brown_terracotta":16726,"minecraft:oak_button":1,"minecraft:stone_bricks":374,"minecraft:orange_wall_banner":7,"minecraft:chipped_anvil":16,"minecraft:fern":15,"minecraft:oak_sapling":4,"minecraft:andesite_stairs":11,"minecraft:orange_stained_glass":33,"minecraft:spruce_trapdoor":71,"minecraft:mangrove_door":2,"minecraft:polished_blackstone_brick_slab":1,"minecraft:frosted_ice":70,"minecraft:sculk_catalyst":66,"minecraft:waxed_cut_copper_stairs":40,"minecraft:gray_terracotta":9,"minecraft:deepslate_redstone_ore":761,"minecraft:brown_shulker_box":114,"minecraft:quartz_block":5629,"minecraft:exposed_copper":4,"minecraft:medium_amethyst_bud":122,"minecraft:orange_terracotta":12014,"minecraft:beacon":27,"minecraft:nether_quartz_ore":1213,"minecraft:oak_planks":177,"minecraft:wall_torch":458,"minecraft:light_weighted_pressure_plate":119,"minecraft:blue_terracotta":1,"minecraft:powered_rail":159,"minecraft:dark_oak_slab":174,"minecraft:blue_ice":1956,"minecraft:exposed_cut_copper_slab":2,"minecraft:tnt":115,"minecraft:smooth_stone_slab":20,"minecraft:dispenser":66,"minecraft:daylight_detector":18,"minecraft:crying_obsidian":8,"minecraft:ladder":60,"minecraft:lever":20,"minecraft:chiseled_bookshelf":17,"minecraft:tube_coral_wall_fan":53,"minecraft:spruce_leaves":22702,"minecraft:hay_block":130,"minecraft:dead_brain_coral":4,"minecraft:polished_basalt":123,"minecraft:nether_sprouts":12,"minecraft:orange_stained_glass_pane":13,"minecraft:detector_rail":2,"minecraft:gold_block":126,"minecraft:nether_brick_fence":4,"minecraft:deepslate_iron_ore":828,"minecraft:oxidized_cut_copper_slab":1,"minecraft:stripped_oak_log":46,"minecraft:acacia_leaves":19417,"minecraft:snow_block":16911,"minecraft:stripped_dark_oak_log":33,"minecraft:basalt":8964,"minecraft:polished_granite":191,"minecraft:gray_stained_glass":3,"minecraft:stone_slab":24,"minecraft:quartz_bricks":61,"minecraft:polished_blackstone_brick_stairs":22,"minecraft:prismarine_bricks":10,"minecraft:birch_planks":100,"minecraft:bubble_coral":3,"minecraft:sea_pickle":154,"minecraft:polished_blackstone_slab":23,"minecraft:mangrove_planks":45,"minecraft:bee_nest":15,"minecraft:warped_hyphae":1,"minecraft:muddy_mangrove_roots":2483,"minecraft:black_wool":98,"minecraft:cocoa":33,"minecraft:cyan_carpet":4,"minecraft:cracked_stone_bricks":103,"minecraft:stripped_acacia_wood":2,"minecraft:dark_oak_planks":764,"minecraft:polished_granite_slab":622,"minecraft:black_terracotta":215,"minecraft:cherry_log":85,"minecraft:carved_pumpkin":9955,"minecraft:chiseled_polished_blackstone":1,"minecraft:stone_brick_wall":7,"minecraft:jungle_log":3558,"minecraft:deepslate_bricks":462,"minecraft:deepslate_tile_stairs":479,"minecraft:lime_stained_glass":8,"minecraft:hopper":342,"minecraft:chiseled_stone_bricks":644,"minecraft:weeping_vines_plant":76,"minecraft:sticky_piston":59,"minecraft:moss_carpet":226,"minecraft:enchanting_table":1,"minecraft:lime_stained_glass_pane":1,"minecraft:quartz_slab":209,"minecraft:polished_deepslate_slab":519,"minecraft:oak_sign":4,"minecraft:small_amethyst_bud":126,"minecraft:smooth_sandstone_stairs":3,"minecraft:iron_block":2814,"minecraft:blue_orchid":15,"minecraft:brown_mushroom":474,"minecraft:red_bed":156,"minecraft:soul_fire":2,"minecraft:oxidized_cut_copper_stairs":6,"minecraft:blast_furnace":8,"minecraft:polished_diorite_slab":101,"minecraft:damaged_anvil":20,"minecraft:crimson_stairs":1,"minecraft:spruce_sign":3,"minecraft:skeleton_skull":2,"minecraft:light_gray_stained_glass":26,"minecraft:wheat":1059,"minecraft:waxed_copper_block":93,"minecraft:warped_fungus":8,"minecraft:black_bed":43,"minecraft:stone_brick_stairs":29,"minecraft:red_mushroom_block":8515,"minecraft:stonecutter":97,"minecraft:light_gray_stained_glass_pane":1,"minecraft:blue_stained_glass_pane":5,"minecraft:jungle_planks":8,"minecraft:crimson_roots":29,"minecraft:yellow_concrete_powder":61,"minecraft:lime_wool":24,"minecraft:crimson_button":1,"minecraft:moss_block":1189,"minecraft:jungle_sapling":29,"minecraft:polished_blackstone_button":2,"minecraft:white_glazed_terracotta":615,"minecraft:potatoes":48,"minecraft:warped_stem":87,"minecraft:smooth_quartz_stairs":20,"minecraft:bamboo":953,"minecraft:cut_copper":91,"minecraft:white_wool":76,"minecraft:brain_coral":3,"minecraft:smithing_table":3,"minecraft:light_gray_carpet":8,"minecraft:comparator":35,"minecraft:hanging_roots":55,"minecraft:stone_brick_slab":1,"minecraft:observer":131,"minecraft:jungle_sign":2,"minecraft:light_gray_concrete_powder":263,"minecraft:emerald_ore":4,"minecraft:bamboo_button":1,"minecraft:pearlescent_froglight":23,"minecraft:white_carpet":7,"minecraft:spruce_log":12790,"minecraft:birch_leaves":9750,"minecraft:jungle_fence":1,"minecraft:quartz_pillar":228,"minecraft:red_wall_banner":44,"minecraft:dark_oak_sign":13,"minecraft:pitcher_crop":34,"minecraft:light_blue_candle":3,"minecraft:infested_stone":11,"minecraft:waxed_cut_copper_slab":26,"minecraft:spruce_planks":834,"minecraft:jungle_slab":14,"minecraft:grass_block":57158,"minecraft:soul_soil":29,"minecraft:mud_bricks":16,"minecraft:mud_brick_wall":3,"minecraft:smooth_stone":37,"minecraft:raw_iron_block":13,"minecraft:iron_ore":825,"minecraft:black_carpet":39,"minecraft:anvil":35,"minecraft:birch_wall_sign":17,"minecraft:green_bed":2,"minecraft:blackstone":5715,"minecraft:polished_deepslate_stairs":1056,"minecraft:clay":335,"minecraft:chest":765,"minecraft:mushroom_stem":8135,"minecraft:slime_block":188,"minecraft:grindstone":12,"minecraft:prismarine":31,"minecraft:iron_door":13,"minecraft:deepslate_copper_ore":91,"minecraft:pink_petals":31,"minecraft:seagrass":96,"minecraft:light_gray_glazed_terracotta":619,"minecraft:dark_oak_door":6,"minecraft:nether_wart_block":5719,"minecraft:yellow_wool":8,"minecraft:birch_log":4964,"minecraft:purpur_block":484,"minecraft:green_glazed_terracotta":7,"minecraft:sand":61850,"minecraft:waxed_exposed_cut_copper_slab":1,"minecraft:infested_cracked_stone_bricks":2,"minecraft:tripwire_hook":30,"minecraft:polished_deepslate_wall":140,"minecraft:oak_leaves":7506,"minecraft:emerald_block":602,"minecraft:horn_coral_block":9,"minecraft:nether_gold_ore":647,"minecraft:red_carpet":119,"minecraft:blackstone_wall":1,"minecraft:deepslate_diamond_ore":256,"minecraft:candle":6,"minecraft:gray_shulker_box":98,"minecraft:black_banner":3,"minecraft:white_stained_glass":444,"minecraft:polished_andesite_slab":72,"minecraft:rooted_dirt":472,"minecraft:large_fern":29,"minecraft:spore_blossom":2,"minecraft:oak_trapdoor":19,"minecraft:spruce_sapling":274,"minecraft:furnace":270,"minecraft:carrots":1526,"minecraft:red_concrete_powder":26,"minecraft:chiseled_sandstone":9,"minecraft:stripped_spruce_log":1721,"minecraft:chiseled_deepslate":15,"minecraft:polished_deepslate":3269,"minecraft:lantern":105,"minecraft:stripped_acacia_log":4,"minecraft:stripped_jungle_log":2,"minecraft:packed_ice":136386,"minecraft:chorus_plant":6,"minecraft:stone":143283,"minecraft:yellow_shulker_box":47,"minecraft:red_wool":9,"minecraft:soul_torch":1,"minecraft:red_banner":7,"minecraft:spruce_door":13,"minecraft:cyan_stained_glass_pane":1,"minecraft:blackstone_slab":7,"minecraft:lime_concrete_powder":26,"minecraft:sculk_sensor":12,"minecraft:lectern":3,"minecraft:andesite_wall":31,"minecraft:lapis_ore":170,"minecraft:sculk":8,"minecraft:brick_slab":39,"minecraft:waxed_weathered_cut_copper_slab":1,"minecraft:green_shulker_box":145,"minecraft:redstone_torch":20,"minecraft:yellow_bed":15,"minecraft:end_rod":92,"minecraft:bubble_coral_wall_fan":23,"minecraft:birch_fence":5,"minecraft:fire_coral_wall_fan":22,"minecraft:cyan_shulker_box":127,"minecraft:granite":10907,"minecraft:deepslate_tile_wall":238,"minecraft:brown_wool":74,"minecraft:exposed_cut_copper_stairs":3,"minecraft:light_gray_bed":12,"minecraft:blue_wool":14,"minecraft:polished_blackstone_bricks":461,"minecraft:magma_block":296,"minecraft:dark_oak_trapdoor":226,"minecraft:mossy_cobblestone_stairs":1,"minecraft:barrel":159,"minecraft:fletching_table":2,"minecraft:granite_slab":172,"minecraft:potted_dandelion":1,"minecraft:light_gray_concrete":2428,"minecraft:spruce_wood":222,"minecraft:player_head":47,"minecraft:tripwire":211,"minecraft:orange_bed":13,"minecraft:jungle_trapdoor":3,"minecraft:crimson_nylium":345,"minecraft:powder_snow":35,"minecraft:note_block":12,"minecraft:white_stained_glass_pane":46,"minecraft:spruce_wall_sign":7,"minecraft:smooth_quartz_slab":20,"minecraft:lime_shulker_box":85,"minecraft:tube_coral_fan":11,"minecraft:amethyst_block":1818,"minecraft:birch_sapling":51,"minecraft:white_terracotta":776,"minecraft:bamboo_planks":10,"minecraft:torchflower_crop":1,"minecraft:jukebox":3,"minecraft:magenta_glazed_terracotta":516,"minecraft:pitcher_plant":17,"minecraft:dark_oak_sapling":22,"minecraft:smooth_quartz":42,"minecraft:mangrove_log":230,"minecraft:smooth_basalt":383,"minecraft:stripped_crimson_stem":31,"minecraft:deepslate_tiles":2263,"minecraft:light_blue_wool":567,"minecraft:cherry_sapling":7,"minecraft:cyan_stained_glass":10,"minecraft:sea_lantern":38,"minecraft:end_stone":151,"minecraft:acacia_button":1,"minecraft:redstone_wire":287,"minecraft:potted_bamboo":2,"minecraft:cartography_table":15,"minecraft:horn_coral":4,"minecraft:packed_mud":1,"minecraft:acacia_trapdoor":472,"minecraft:potted_torchflower":10,"minecraft:andesite":9511,"minecraft:mossy_stone_brick_stairs":3,"minecraft:cobblestone_slab":11,"minecraft:rail":239,"minecraft:brain_coral_wall_fan":25,"minecraft:bone_block":643,"minecraft:green_wool":182,"minecraft:ender_chest":355,"minecraft:mud_brick_slab":13,"minecraft:birch_stairs":32,"minecraft:redstone_block":41,"minecraft:glass_pane":12,"minecraft:dandelion":272,"minecraft:fire_coral":2,"minecraft:dead_tube_coral_wall_fan":6,"minecraft:brain_coral_fan":4,"minecraft:purpur_pillar":108,"minecraft:purple_wool":4,"minecraft:red_terracotta":11241,"minecraft:cut_copper_slab":81,"minecraft:coarse_dirt":50,"minecraft:stripped_spruce_wood":646,"minecraft:dark_oak_wall_sign":62,"minecraft:purple_concrete":65,"minecraft:mangrove_leaves":374,"minecraft:sunflower":84,"minecraft:birch_sign":12,"minecraft:polished_blackstone":224,"minecraft:gold_ore":113,"minecraft:iron_trapdoor":63,"minecraft:stone_pressure_plate":3,"minecraft:farmland":25,"minecraft:orange_wool":348,"minecraft:brewing_stand":1,"minecraft:dead_horn_coral":3,"minecraft:budding_amethyst":13,"minecraft:cracked_polished_blackstone_bricks":82,"minecraft:white_concrete":14214,"minecraft:bubble_coral_fan":1,"minecraft:polished_diorite":2277,"minecraft:composter":56,"minecraft:gilded_blackstone":27,"minecraft:mossy_cobblestone_slab":8,"minecraft:pointed_dripstone":10,"minecraft:flowering_azalea_leaves":2698,"minecraft:iron_bars":235,"minecraft:azalea":63,"minecraft:spruce_slab":490,"minecraft:waxed_cut_copper":24,"minecraft:polished_blackstone_wall":4,"minecraft:purpur_stairs":70,"minecraft:light_gray_terracotta":540,"minecraft:jungle_stairs":3,"minecraft:cauldron":11,"minecraft:stone_stairs":28,"minecraft:fire_coral_fan":5,"minecraft:warped_nylium":45,"minecraft:oak_log":4855,"minecraft:beetroots":4,"minecraft:lime_terracotta":6,"minecraft:dirt":68979,"minecraft:ancient_debris":1,"minecraft:quartz_stairs":47,"minecraft:dark_oak_leaves":17640,"minecraft:stripped_mangrove_log":334,"minecraft:red_stained_glass":23,"minecraft:mangrove_roots":5625,"minecraft:mangrove_wall_sign":9,"minecraft:gray_glazed_terracotta":660,"minecraft:glow_lichen":855,"minecraft:stone_button":3,"minecraft:decorated_pot":50,"minecraft:brown_mushroom_block":5308,"minecraft:soul_campfire":5,"minecraft:dead_horn_coral_wall_fan":6,"minecraft:crimson_stem":1757,"minecraft:light_gray_shulker_box":378,"minecraft:potted_cherry_sapling":2,"minecraft:bookshelf":52,"minecraft:shroomlight":279,"minecraft:jungle_fence_gate":1,"minecraft:scaffolding":4061,"minecraft:magenta_stained_glass":6,"minecraft:oak_fence":91,"minecraft:honey_block":17,"minecraft:deepslate_coal_ore":3,"minecraft:crimson_pressure_plate":1,"minecraft:red_concrete":3908,"minecraft:black_wall_banner":28,"minecraft:ice":18292,"minecraft:white_wall_banner":14,"minecraft:cherry_leaves":2735,"minecraft:yellow_concrete":345,"minecraft:flower_pot":8,"minecraft:purple_shulker_box":74,"minecraft:dead_bubble_coral_wall_fan":1,"minecraft:mossy_stone_bricks":180,"minecraft:crimson_fence":2,"minecraft:jungle_wall_sign":2,"minecraft:dead_horn_coral_fan":1,"minecraft:light_blue_concrete":657,"minecraft:jungle_leaves":9933,"minecraft:mangrove_pressure_plate":1,"minecraft:potted_crimson_fungus":1,"minecraft:obsidian":678,"minecraft:crimson_trapdoor":10,"minecraft:horn_coral_fan":3,"minecraft:orange_candle":5,"minecraft:coal_block":6,"minecraft:purpur_slab":25,"minecraft:diorite_stairs":2,"minecraft:bubble_coral_block":1,"minecraft:crimson_fungus":6,"minecraft:acacia_pressure_plate":5,"minecraft:oxeye_daisy":4,"minecraft:light_blue_stained_glass":119,"minecraft:orange_concrete":2608,"minecraft:tall_seagrass":172,"minecraft:pumpkin":420,"minecraft:stripped_dark_oak_wood":517,"minecraft:cave_vines":26,"minecraft:dirt_path":271,"minecraft:oak_stairs":17,"minecraft:deepslate_brick_stairs":87,"minecraft:stripped_mangrove_wood":131,"minecraft:conduit":1,"minecraft:stripped_cherry_wood":1,"minecraft:player_wall_head":43,"minecraft:amethyst_cluster":381,"minecraft:green_concrete_powder":18,"minecraft:polished_andesite_stairs":146,"minecraft:glass":1024,"minecraft:smooth_sandstone_slab":1,"minecraft:polished_diorite_stairs":7,"minecraft:lilac":78,"minecraft:lime_concrete":374,"minecraft:potted_poppy":1,"minecraft:copper_block":160,"minecraft:oak_fence_gate":2,"minecraft:loom":3,"minecraft:stripped_birch_wood":70,"minecraft:yellow_stained_glass":55,"minecraft:piston":2,"minecraft:infested_deepslate":5,"minecraft:yellow_terracotta":2587,"minecraft:light_blue_stained_glass_pane":19,"minecraft:pink_shulker_box":180,"minecraft:stripped_birch_log":554,"minecraft:jack_o_lantern":357,"minecraft:warped_door":1,"minecraft:shulker_box":941,"minecraft:cobbled_deepslate_slab":234,"minecraft:nether_bricks":142,"minecraft:allium":3,"minecraft:orange_shulker_box":553,"minecraft:kelp":95,"minecraft:horn_coral_wall_fan":24,"minecraft:pink_wool":167,"minecraft:black_stained_glass_pane":36,"minecraft:snow":4555,"minecraft:diamond_block":5,"minecraft:bamboo_sapling":8,"minecraft:mangrove_stairs":27,"minecraft:gray_concrete":4380,"minecraft:brown_carpet":27,"minecraft:cobbled_deepslate_wall":16,"minecraft:spruce_button":27,"minecraft:cyan_concrete_powder":22,"minecraft:dropper":18,"minecraft:dried_kelp_block":5,"minecraft:cracked_deepslate_bricks":5,"minecraft:big_dripleaf":9,"minecraft:torchflower":60,"minecraft:mycelium":16224,"minecraft:dripstone_block":751,"minecraft:spruce_fence_gate":3,"minecraft:deepslate_emerald_ore":1,"minecraft:black_shulker_box":201,"minecraft:large_amethyst_bud":116,"minecraft:cobbled_deepslate_stairs":206,"minecraft:cobblestone_stairs":15,"minecraft:cave_vines_plant":17,"minecraft:gray_banner":1,"minecraft:mangrove_fence":51,"minecraft:stripped_warped_hyphae":50,"minecraft:glowstone":647,"minecraft:target":4,"minecraft:azure_bluet":12,"minecraft:dark_oak_stairs":87,"minecraft:brown_glazed_terracotta":635,"minecraft:azalea_leaves":8413,"minecraft:end_stone_bricks":248,"minecraft:cyan_terracotta":103,"minecraft:soul_lantern":24,"minecraft:chiseled_quartz_block":2,"minecraft:calcite":1603,"minecraft:poppy":540,"minecraft:cobblestone":464,"minecraft:mangrove_fence_gate":4,"minecraft:birch_wood":53,"minecraft:magenta_shulker_box":33,"minecraft:red_candle":1,"minecraft:acacia_sapling":120,"minecraft:brown_concrete_powder":17,"minecraft:lapis_block":6,"minecraft:birch_trapdoor":3,"minecraft:mangrove_button":1,"minecraft:light_gray_wool":108,"minecraft:stripped_oak_wood":128,"minecraft:acacia_fence":11,"minecraft:crimson_planks":110,"minecraft:netherrack":36769,"minecraft:magenta_wool":77,"minecraft:redstone_lamp":22,"minecraft:diamond_ore":9,"minecraft:tuff":4288,"minecraft:dark_oak_pressure_plate":3,"minecraft:weeping_vines":38,"minecraft:mangrove_trapdoor":47,"minecraft:mangrove_propagule":1,"minecraft:sandstone":20819,"minecraft:deepslate_brick_slab":83,"minecraft:diorite_slab":10,"minecraft:black_glazed_terracotta":635,"minecraft:dark_oak_fence_gate":1,"minecraft:black_concrete":517,"minecraft:bell":2,"minecraft:crimson_door":1,"minecraft:redstone_wall_torch":11,"minecraft:podzol":682,"minecraft:light_blue_shulker_box":2389,"minecraft:flowering_azalea":29,"minecraft:cut_copper_stairs":90,"minecraft:infested_stone_bricks":18,"minecraft:crafting_table":175,"minecraft:rose_bush":37,"minecraft:lily_pad":9,"minecraft:blue_bed":144,"minecraft:spruce_stairs":69,"minecraft:gray_wool":143,"minecraft:cactus":32,"minecraft:gray_concrete_powder":1,"minecraft:gray_bed":22,"minecraft:mangrove_slab":118,"minecraft:coal_ore":3424,"minecraft:gray_carpet":36,"minecraft:terracotta":21623,"minecraft:polished_andesite":25,"minecraft:acacia_wall_sign":6},"minecraft:custom":{"minecraft:interact_with_cartography_table":28,"minecraft:inspect_dispenser":874,"minecraft:inspect_dropper":227,"minecraft:inspect_hopper":1439,"minecraft:play_noteblock":57,"minecraft:talked_to_villager":2192,"minecraft:fill_cauldron":3,"minecraft:interact_with_campfire":42,"minecraft:damage_taken":434388,"minecraft:eat_cake_slice":1,"minecraft:enchant_item":62,"minecraft:interact_with_furnace":2324,"minecraft:sleep_in_bed":2423,"minecraft:interact_with_smithing_table":29,"minecraft:target_hit":121,"minecraft:sneak_time":3496634,"minecraft:interact_with_lectern":133,"minecraft:interact_with_blast_furnace":44,"minecraft:fall_one_cm":9802811,"minecraft:drop":9327,"minecraft:interact_with_loom":27,"minecraft:player_kills":21,"minecraft:damage_absorbed":875,"minecraft:interact_with_crafting_table":3093,"minecraft:damage_blocked_by_shield":12395,"minecraft:play_time":63292404,"minecraft:deaths":222,"minecraft:jump":394758,"minecraft:play_record":18,"minecraft:horse_one_cm":751270,"minecraft:interact_with_anvil":340,"minecraft:tune_noteblock":302,"minecraft:time_since_rest":55944,"minecraft:swim_one_cm":6888530,"minecraft:open_chest":37799,"minecraft:open_shulker_box":54746,"minecraft:damage_resisted":2420,"minecraft:interact_with_brewingstand":15,"minecraft:interact_with_beacon":56,"minecraft:boat_one_cm":96733831,"minecraft:aviate_one_cm":1254527383,"minecraft:open_barrel":9471,"minecraft:bell_ring":93,"minecraft:leave_game":1262,"minecraft:time_since_death":2618177,"minecraft:traded_with_villager":40135,"minecraft:damage_dealt":608726,"minecraft:total_world_time":63292404,"minecraft:interact_with_stonecutter":523,"minecraft:fly_one_cm":101293707,"minecraft:animals_bred":354,"minecraft:sprint_one_cm":180274749,"minecraft:walk_on_water_one_cm":4236283,"minecraft:open_enderchest":5012,"minecraft:crouch_one_cm":13654196,"minecraft:mob_kills":64740,"minecraft:climb_one_cm":1876073,"minecraft:walk_one_cm":91383811,"minecraft:walk_under_water_one_cm":5205043,"minecraft:pot_flower":156,"minecraft:interact_with_grindstone":36,"minecraft:minecart_one_cm":879674},"minecraft:broken":{"minecraft:diamond_pickaxe":2,"minecraft:golden_boots":1,"minecraft:stone_sword":1,"minecraft:shears":4,"minecraft:wooden_sword":1,"minecraft:iron_hoe":7,"minecraft:iron_pickaxe":6,"minecraft:iron_shovel":2,"minecraft:golden_sword":2,"minecraft:iron_axe":1,"minecraft:golden_helmet":1,"minecraft:flint_and_steel":11},"minecraft:dropped":{"minecraft:porkchop":12,"minecraft:lapis_lazuli":128,"minecraft:diamond":182,"minecraft:crafting_table":57,"minecraft:lime_concrete_powder":2,"minecraft:cooked_porkchop":149,"minecraft:pitcher_pod":263,"minecraft:glow_berries":7,"minecraft:warped_roots":6,"minecraft:red_mushroom":114,"minecraft:emerald":61,"minecraft:gray_concrete":49,"minecraft:birch_fence":24,"minecraft:dark_oak_fence":56,"minecraft:cherry_leaves":2,"minecraft:netherite_boots":1,"minecraft:gold_nugget":226,"minecraft:sand":811,"minecraft:dark_oak_planks":38,"minecraft:fishing_rod":1,"minecraft:mangrove_slab":8,"minecraft:diorite_slab":4,"minecraft:dark_oak_door":6,"minecraft:stone_axe":4,"minecraft:compass":250,"minecraft:cooked_chicken":7,"minecraft:cobbled_deepslate":450,"minecraft:tinted_glass":59,"minecraft:gray_banner":2,"minecraft:black_carpet":3,"minecraft:netherite_sword":1,"minecraft:wheat":46,"minecraft:rotten_flesh":458,"minecraft:grindstone":11,"minecraft:birch_wood":50,"minecraft:azure_bluet":4,"minecraft:red_mushroom_block":123,"minecraft:coal_ore":6,"minecraft:quartz_block":2,"minecraft:jungle_log":12,"minecraft:beef":68,"minecraft:podzol":41,"minecraft:warped_wart_block":32,"minecraft:golden_boots":2,"minecraft:stripped_mangrove_log":1,"minecraft:wheat_seeds":965,"minecraft:clock":1,"minecraft:book":3,"minecraft:golden_apple":10,"minecraft:stripped_crimson_stem":1,"minecraft:gray_wool":579,"minecraft:ink_sac":69,"minecraft:lapis_ore":5,"minecraft:stripped_birch_log":1,"minecraft:oak_stairs":61,"minecraft:pumpkin":1160,"minecraft:white_banner":15,"minecraft:jungle_boat":1,"minecraft:smooth_stone":64,"minecraft:chainmail_leggings":5,"minecraft:blue_carpet":3,"minecraft:lily_pad":6,"minecraft:acacia_planks":6,"minecraft:pink_stained_glass_pane":2,"minecraft:bricks":1,"minecraft:netherite_hoe":1,"minecraft:player_head":136,"minecraft:orange_concrete":3,"minecraft:white_carpet":2,"minecraft:clay_ball":107,"minecraft:damaged_anvil":3,"minecraft:light_gray_concrete":640,"minecraft:cobbled_deepslate_slab":77,"minecraft:white_terracotta":15,"minecraft:white_shulker_box":1,"minecraft:oak_sign":10,"minecraft:polished_deepslate_stairs":40,"minecraft:shears":7,"minecraft:diamond_sword":14,"minecraft:spruce_trapdoor":32,"minecraft:spruce_planks":152,"minecraft:diamond_pickaxe":15,"minecraft:light_blue_carpet":5,"minecraft:redstone_torch":34,"minecraft:bamboo":1661,"minecraft:stone_bricks":65,"minecraft:sandstone":70,"minecraft:magma_block":1,"minecraft:crimson_hyphae":64,"minecraft:terracotta":24,"minecraft:moss_block":79,"minecraft:warped_fungus":2,"minecraft:oak_log":185,"minecraft:golden_pickaxe":1,"minecraft:dark_oak_sapling":485,"minecraft:lime_terracotta":24,"minecraft:jungle_planks":2,"minecraft:red_wool":4,"minecraft:mangrove_planks":1,"minecraft:black_banner":2,"minecraft:cod":21,"minecraft:dark_oak_log":1021,"minecraft:packed_ice":303,"minecraft:ice":91,"minecraft:axolotl_bucket":1,"minecraft:gold_ingot":60,"minecraft:magenta_stained_glass":4,"minecraft:purpur_block":259,"minecraft:soul_lantern":2,"minecraft:leather_chestplate":2,"minecraft:trident":1,"minecraft:dropper":1,"minecraft:beetroot_seeds":7,"minecraft:stone_brick_wall":1,"minecraft:scaffolding":55,"minecraft:light_gray_concrete_powder":5,"minecraft:acacia_pressure_plate":98,"minecraft:stone_hoe":1,"minecraft:lilac":7,"minecraft:tropical_fish":91,"minecraft:acacia_trapdoor":41,"minecraft:spruce_fence_gate":2,"minecraft:iron_block":92,"minecraft:green_dye":4,"minecraft:repeater":11,"minecraft:melon_slice":30,"minecraft:light_gray_shulker_box":1,"minecraft:iron_door":20,"minecraft:crimson_sign":5,"minecraft:fire_charge":2,"minecraft:polished_andesite_stairs":24,"minecraft:stonecutter":2,"minecraft:tripwire_hook":2,"minecraft:kelp":632,"minecraft:comparator":2,"minecraft:shulker_box":13,"minecraft:deepslate_bricks":2,"minecraft:andesite":152,"minecraft:birch_sign":18,"minecraft:spruce_log":1098,"minecraft:magma_cream":30,"minecraft:acacia_wood":2,"minecraft:cooked_beef":5,"minecraft:cookie":63,"minecraft:rooted_dirt":3,"minecraft:bubble_coral_fan":1,"minecraft:rail":76,"minecraft:leather_helmet":1,"minecraft:red_carpet":39,"minecraft:light_weighted_pressure_plate":33,"minecraft:bone_block":104,"minecraft:jungle_sapling":37,"minecraft:phantom_membrane":11,"minecraft:wooden_sword":11,"minecraft:bone_meal":1145,"minecraft:sunflower":2,"minecraft:sugar":79,"minecraft:iron_pickaxe":2,"minecraft:bone":178,"minecraft:emerald_block":1,"minecraft:pink_bed":5,"minecraft:golden_chestplate":3,"minecraft:nether_brick":9,"minecraft:birch_sapling":159,"minecraft:blue_wool":35,"minecraft:deepslate_brick_slab":8,"minecraft:end_stone":88,"minecraft:light_gray_carpet":5,"minecraft:jungle_trapdoor":50,"minecraft:salmon":16,"minecraft:dark_oak_fence_gate":2,"minecraft:chiseled_deepslate":1,"minecraft:charcoal":64,"minecraft:spruce_slab":28,"minecraft:end_stone_bricks":124,"minecraft:ghast_tear":2,"minecraft:netherite_pickaxe":6,"minecraft:birch_leaves":53,"minecraft:mangrove_leaves":372,"minecraft:cobbled_deepslate_stairs":35,"minecraft:deepslate_brick_wall":8,"minecraft:deepslate_diamond_ore":47,"minecraft:oak_hanging_sign":8,"minecraft:iron_helmet":2,"minecraft:yellow_terracotta":7,"minecraft:apple":229,"minecraft:spruce_button":26,"minecraft:spruce_door":11,"minecraft:chainmail_helmet":17,"minecraft:polished_andesite":2,"minecraft:end_rod":40,"minecraft:pufferfish":7,"minecraft:jungle_slab":1,"minecraft:sculk":2,"minecraft:golden_carrot":257,"minecraft:wooden_hoe":2,"minecraft:brown_terracotta":32,"minecraft:paper":259,"minecraft:string":923,"minecraft:spruce_sapling":538,"minecraft:furnace":15,"minecraft:moss_carpet":55,"minecraft:polished_diorite_slab":10,"minecraft:dark_oak_sign":48,"minecraft:chicken":73,"minecraft:orange_wool":195,"minecraft:spruce_fence":75,"minecraft:pumpkin_seeds":1877,"minecraft:lily_of_the_valley":4,"minecraft:cobblestone_slab":12,"minecraft:shroomlight":53,"minecraft:stone":2925,"minecraft:allium":1,"minecraft:crimson_slab":73,"minecraft:yellow_bed":1,"minecraft:birch_boat":2,"minecraft:crimson_nylium":12,"minecraft:spruce_sign":28,"minecraft:brown_mushroom":230,"minecraft:diamond_axe":17,"minecraft:lime_shulker_box":1,"minecraft:lantern":4,"minecraft:flint":249,"minecraft:deepslate_tile_stairs":11,"minecraft:stripped_warped_hyphae":48,"minecraft:crimson_trapdoor":1,"minecraft:orange_carpet":4,"minecraft:crimson_roots":14,"minecraft:pumpkin_pie":2101,"minecraft:amethyst_shard":11,"minecraft:glistering_melon_slice":7,"minecraft:birch_log":202,"minecraft:black_stained_glass":2,"minecraft:armor_stand":28,"minecraft:blackstone":71,"minecraft:mangrove_roots":25,"minecraft:yellow_wool":8,"minecraft:lime_wool":72,"minecraft:diamond_shovel":13,"minecraft:chiseled_stone_bricks":14,"minecraft:rabbit_hide":12,"minecraft:chest":32,"minecraft:chainmail_boots":7,"minecraft:blackstone_slab":2,"minecraft:arrow":88,"minecraft:powered_rail":24,"minecraft:quartz":194,"minecraft:written_book":3,"minecraft:oak_leaves":335,"minecraft:firework_rocket":1022,"minecraft:mossy_cobblestone":66,"minecraft:smithing_table":1,"minecraft:minecart":4,"minecraft:poisonous_potato":2,"minecraft:lead":3,"minecraft:dark_oak_pressure_plate":2,"minecraft:hopper_minecart":1,"minecraft:copper_ingot":3,"minecraft:grass_block":1003,"minecraft:stick":3104,"minecraft:deepslate_brick_stairs":50,"minecraft:blue_dye":6,"minecraft:nether_gold_ore":21,"minecraft:light_blue_stained_glass":1,"minecraft:smooth_quartz":1,"minecraft:brown_wool":47,"minecraft:flowering_azalea":4,"minecraft:pink_petals":65,"minecraft:bucket":52,"minecraft:dandelion":122,"minecraft:redstone":140,"minecraft:red_concrete":22,"minecraft:anvil":17,"minecraft:ender_chest":6,"minecraft:coarse_dirt":32,"minecraft:nether_wart":1,"minecraft:blaze_rod":5,"minecraft:raw_copper":49,"minecraft:tuff":997,"minecraft:composter":1,"minecraft:acacia_leaves":14,"minecraft:filled_map":2953,"minecraft:muddy_mangrove_roots":18,"minecraft:snow":906,"minecraft:black_concrete_powder":18,"minecraft:orange_terracotta":55,"minecraft:blue_ice":3,"minecraft:oak_boat":4,"minecraft:diamond_boots":1,"minecraft:slime_ball":992,"minecraft:light_blue_shulker_box":10,"minecraft:iron_sword":2,"minecraft:glow_ink_sac":58,"minecraft:chorus_fruit":96,"minecraft:glass_bottle":70,"minecraft:dark_oak_slab":372,"minecraft:weeping_vines":24,"minecraft:blackstone_stairs":2,"minecraft:gold_block":19,"minecraft:red_bed":2,"minecraft:dark_oak_trapdoor":6,"minecraft:mangrove_stairs":1,"minecraft:stripped_dark_oak_wood":64,"minecraft:writable_book":6,"minecraft:white_wool":34,"minecraft:birch_stairs":1,"minecraft:music_disc_blocks":1,"minecraft:goat_horn":4,"minecraft:diamond_block":71,"minecraft:iron_nugget":586,"minecraft:obsidian":24,"minecraft:stripped_dark_oak_log":21,"minecraft:oak_planks":6,"minecraft:quartz_bricks":3,"minecraft:nether_brick_fence":3,"minecraft:blue_stained_glass":3,"minecraft:rabbit_foot":1,"minecraft:azalea_leaves":136,"minecraft:glass":85,"minecraft:stone_brick_stairs":2,"minecraft:deepslate_redstone_ore":2,"minecraft:dripstone_block":105,"minecraft:cobbled_deepslate_wall":8,"minecraft:deepslate_tile_slab":5,"minecraft:acacia_sign":3,"minecraft:dark_oak_leaves":60,"minecraft:cherry_planks":8,"minecraft:potion":53,"minecraft:mud":159,"minecraft:chipped_anvil":6,"minecraft:stone_brick_slab":8,"minecraft:snow_block":571,"minecraft:yellow_concrete_powder":4,"minecraft:soul_soil":2,"minecraft:cocoa_beans":2,"minecraft:stone_shovel":1,"minecraft:red_banner":46,"minecraft:iron_boots":11,"minecraft:torchflower_seeds":93,"minecraft:suspicious_stew":4,"minecraft:spruce_boat":9,"minecraft:flower_pot":45,"minecraft:bundle":170,"minecraft:pink_shulker_box":4,"minecraft:stone_pressure_plate":2,"minecraft:barrel":3,"minecraft:bow":5,"minecraft:stripped_spruce_wood":1,"minecraft:soul_sand":21,"minecraft:mangrove_pressure_plate":106,"minecraft:polished_granite_slab":95,"minecraft:loom":1,"minecraft:ender_pearl":21558,"minecraft:green_shulker_box":1,"minecraft:leather":35,"minecraft:cracked_polished_blackstone_bricks":33,"minecraft:polished_diorite_stairs":7,"minecraft:mutton":115,"minecraft:snowball":3155,"minecraft:jungle_sign":1,"minecraft:black_concrete":2,"minecraft:cauldron":1,"minecraft:pink_terracotta":5,"minecraft:pointed_dripstone":7,"minecraft:yellow_stained_glass":59,"minecraft:acacia_stairs":2,"minecraft:mangrove_sign":2,"minecraft:mycelium":496,"minecraft:mushroom_stem":23,"minecraft:fire_coral_fan":7,"minecraft:birch_door":4,"minecraft:iron_ore":29,"minecraft:birch_button":2,"minecraft:iron_bars":391,"minecraft:magenta_wool":1,"minecraft:polished_granite":49,"minecraft:splash_potion":17,"minecraft:bread":41,"minecraft:crimson_pressure_plate":4,"minecraft:vine":1,"minecraft:mangrove_propagule":1,"minecraft:amethyst_block":69,"minecraft:spruce_stairs":51,"minecraft:acacia_log":454,"minecraft:light_blue_wool":299,"minecraft:nether_wart_block":19,"minecraft:white_concrete":70,"minecraft:granite_slab":136,"minecraft:polished_blackstone_brick_slab":9,"minecraft:music_disc_wait":1,"minecraft:cactus":4,"minecraft:light_blue_stained_glass_pane":7,"minecraft:redstone_block":23,"minecraft:polished_deepslate":3,"minecraft:polished_diorite":46,"minecraft:sweet_berries":2,"minecraft:tall_grass":1,"minecraft:totem_of_undying":2,"minecraft:netherite_leggings":1,"minecraft:flint_and_steel":4,"minecraft:copper_ore":54,"minecraft:golden_leggings":2,"minecraft:oak_sapling":184,"minecraft:wooden_pickaxe":2,"minecraft:globe_banner_pattern":5,"minecraft:amethyst_cluster":54,"minecraft:brick":559,"minecraft:crimson_stem":4,"minecraft:clay":42,"minecraft:glow_item_frame":2,"minecraft:dark_oak_button":168,"minecraft:saddle":9,"minecraft:purpur_stairs":20,"minecraft:elytra":5,"minecraft:dirt":6910,"minecraft:stone_button":42,"minecraft:yellow_dye":256,"minecraft:chain":45,"minecraft:music_disc_stal":2,"minecraft:dark_oak_boat":11,"minecraft:oak_door":3,"minecraft:sugar_cane":24,"minecraft:polished_andesite_slab":10,"minecraft:white_bed":2,"minecraft:yellow_stained_glass_pane":15,"minecraft:tipped_arrow":2,"minecraft:deepslate_tiles":10,"minecraft:hopper":1,"minecraft:ladder":132,"minecraft:white_dye":157,"minecraft:campfire":1,"minecraft:flowering_azalea_leaves":3,"minecraft:crying_obsidian":1,"minecraft:enchanted_book":19,"minecraft:egg":4889,"minecraft:crimson_planks":6,"minecraft:iron_ingot":352,"minecraft:tnt":4,"minecraft:purpur_slab":22,"minecraft:oak_fence":10,"minecraft:feather":172,"minecraft:cobblestone":1392,"minecraft:granite":447,"minecraft:polished_blackstone_button":101,"minecraft:coal":71,"minecraft:iron_trapdoor":128,"minecraft:rabbit":20,"minecraft:rose_bush":7,"minecraft:dried_kelp":2,"minecraft:magenta_glazed_terracotta":65,"minecraft:iron_shovel":1,"minecraft:polished_deepslate_wall":1,"minecraft:gray_carpet":102,"minecraft:purpur_pillar":71,"minecraft:netherite_ingot":1,"minecraft:stone_sword":3,"minecraft:smooth_stone_slab":5,"minecraft:bowl":8,"minecraft:deepslate":498,"minecraft:diamond_hoe":3,"minecraft:polished_deepslate_slab":19,"minecraft:blue_concrete":37,"minecraft:stone_slab":184,"minecraft:glow_lichen":3,"minecraft:nether_bricks":37,"minecraft:potato":1,"minecraft:hay_block":2,"minecraft:wooden_shovel":1,"minecraft:carved_pumpkin":594,"minecraft:spider_eye":8878,"minecraft:brown_carpet":1,"minecraft:black_wool":9,"minecraft:gold_ore":1,"minecraft:dark_oak_stairs":5,"minecraft:birch_planks":98,"minecraft:blue_concrete_powder":7,"minecraft:deepslate_tile_wall":8,"minecraft:spruce_leaves":75,"minecraft:cyan_terracotta":128,"minecraft:deepslate_gold_ore":3,"minecraft:polished_blackstone_brick_stairs":6,"minecraft:cut_sandstone":1,"minecraft:polished_blackstone_bricks":227,"minecraft:brown_mushroom_block":140,"minecraft:gravel":1190,"minecraft:crimson_fungus":5,"minecraft:diorite_stairs":2,"minecraft:black_terracotta":34,"minecraft:stone_stairs":5,"minecraft:carrot":7752,"minecraft:chainmail_chestplate":2,"minecraft:shulker_shell":405,"minecraft:poppy":279,"minecraft:gunpowder":158,"minecraft:birch_trapdoor":1,"minecraft:melon_seeds":6,"minecraft:glowstone":5,"minecraft:azalea":2,"minecraft:basalt":541,"minecraft:cyan_concrete":64,"minecraft:netherrack":2248,"minecraft:water_bucket":14,"minecraft:stripped_spruce_log":92,"minecraft:chorus_flower":2,"minecraft:bookshelf":1,"minecraft:cyan_dye":78,"minecraft:spectral_arrow":10,"minecraft:diorite":933,"minecraft:torch":205,"minecraft:iron_leggings":2,"minecraft:crimson_fence":31,"minecraft:lapis_block":1,"minecraft:smooth_basalt":23,"minecraft:gray_stained_glass":11,"minecraft:warped_nylium":5,"minecraft:mangrove_button":3,"minecraft:raw_iron":48,"minecraft:light_gray_wool":606,"minecraft:glass_pane":5,"minecraft:red_terracotta":65,"minecraft:shield":3,"minecraft:iron_chestplate":2,"minecraft:dragon_egg":4,"minecraft:cake":1,"minecraft:golden_sword":44,"minecraft:stripped_acacia_log":1,"minecraft:stone_pickaxe":6,"minecraft:nether_quartz_ore":14,"minecraft:calcite":83,"minecraft:white_stained_glass":1},"minecraft:killed":{"minecraft:cod":23,"minecraft:tropical_fish":156,"minecraft:zombie":266,"minecraft:endermite":21,"minecraft:snow_golem":3,"minecraft:rabbit":15,"minecraft:frog":3,"minecraft:polar_bear":74,"minecraft:spider":42,"minecraft:bee":4,"minecraft:piglin_brute":8,"minecraft:zombie_villager":9,"minecraft:sheep":81,"minecraft:trader_llama":6,"minecraft:slime":164,"minecraft:hoglin":26,"minecraft:wither_skeleton":29,"minecraft:cave_spider":3736,"minecraft:shulker":275,"minecraft:skeleton":184,"minecraft:magma_cube":562,"minecraft:wandering_trader":4,"minecraft:enderman":43550,"minecraft:stray":5,"minecraft:phantom":6,"minecraft:bat":1,"minecraft:parrot":1,"minecraft:salmon":67,"minecraft:iron_golem":3,"minecraft:pillager":2,"minecraft:zombified_piglin":1168,"minecraft:witch":2,"minecraft:silverfish":7,"minecraft:piglin":38,"minecraft:mooshroom":573,"minecraft:ghast":28,"minecraft:drowned":11568,"minecraft:squid":615,"minecraft:player":21,"minecraft:villager":1,"minecraft:pufferfish":19,"minecraft:fox":1,"minecraft:chicken":179,"minecraft:glow_squid":55,"minecraft:cow":103,"minecraft:horse":1,"minecraft:pig":33,"minecraft:creeper":101,"minecraft:blaze":46},"minecraft:killed_by":{"minecraft:ravager":48,"minecraft:warden":1,"minecraft:drowned":4,"minecraft:vex":2,"minecraft:slime":1,"minecraft:piglin":2,"minecraft:enderman":1,"minecraft:phantom":2,"minecraft:zombie_villager":1,"minecraft:pufferfish":21,"minecraft:zombie":8,"minecraft:skeleton":3,"minecraft:husk":1,"minecraft:ender_dragon":2,"minecraft:creeper":9,"minecraft:endermite":1,"minecraft:player":24,"minecraft:spider":1,"minecraft:iron_golem":4,"minecraft:hoglin":2},"minecraft:used":{"minecraft:moss_block":412,"minecraft:jack_o_lantern":1476,"minecraft:dead_brain_coral":4,"minecraft:black_carpet":328,"minecraft:stone":85243,"minecraft:quartz_stairs":235,"minecraft:weathered_copper":1,"minecraft:cut_copper":145,"minecraft:polished_blackstone_slab":35,"minecraft:packed_ice":53010,"minecraft:stripped_dark_oak_wood":186,"minecraft:quartz_pillar":1073,"minecraft:mangrove_stairs":56,"minecraft:red_wool":179,"minecraft:deepslate_copper_ore":42,"minecraft:quartz_block":9879,"minecraft:dark_oak_leaves":127,"minecraft:cherry_leaves":159,"minecraft:mangrove_slab":879,"minecraft:acacia_fence":70,"minecraft:gray_banner":1,"minecraft:damaged_anvil":18,"minecraft:blackstone":288,"minecraft:leather_chestplate":1,"minecraft:composter":177,"minecraft:jungle_boat":5,"minecraft:golden_apple":6,"minecraft:glow_berries":133,"minecraft:pitcher_pod":35,"minecraft:weathered_cut_copper_slab":40,"minecraft:purple_terracotta":2,"minecraft:gray_concrete":4149,"minecraft:crimson_fence_gate":7,"minecraft:purple_concrete_powder":64,"minecraft:birch_fence":100,"minecraft:gray_stained_glass_pane":8,"minecraft:white_glazed_terracotta":1507,"minecraft:flowering_azalea_leaves":74,"minecraft:diamond_sword":11219,"minecraft:coal_block":22,"minecraft:exposed_cut_copper":8,"minecraft:smithing_table":1,"minecraft:purple_wool":548,"minecraft:diorite_slab":5,"minecraft:oak_trapdoor":68,"minecraft:stripped_acacia_wood":1,"minecraft:enchanting_table":1,"minecraft:armor_stand":4,"minecraft:light_gray_carpet":28,"minecraft:tinted_glass":3428,"minecraft:mangrove_fence":725,"minecraft:orange_stained_glass":45,"minecraft:brewing_stand":6,"minecraft:music_disc_mellohi":1,"minecraft:sea_lantern":197,"minecraft:muddy_mangrove_roots":151,"minecraft:iron_block":4650,"minecraft:light_weighted_pressure_plate":289,"minecraft:polished_deepslate_wall":1081,"minecraft:jungle_log":393,"minecraft:bamboo":338,"minecraft:diamond_chestplate":10,"minecraft:basalt":1474,"minecraft:lime_concrete":116,"minecraft:podzol":272,"minecraft:acacia_planks":2,"minecraft:cherry_log":73,"minecraft:horn_coral_fan":11,"minecraft:calcite":190,"minecraft:wheat_seeds":2124,"minecraft:chiseled_bookshelf":48,"minecraft:warped_stem":14,"minecraft:light_blue_shulker_box":2408,"minecraft:birch_planks":146,"minecraft:spruce_fence_gate":4,"minecraft:leather_boots":1,"minecraft:waxed_exposed_copper":4,"minecraft:rail":214,"minecraft:green_dye":1,"minecraft:red_bed":153,"minecraft:campfire":53,"minecraft:spruce_log":5153,"minecraft:music_disc_strad":1,"minecraft:amethyst_cluster":49,"minecraft:yellow_dye":11,"minecraft:warped_trapdoor":2,"minecraft:mangrove_pressure_plate":46,"minecraft:oak_button":2,"minecraft:spruce_pressure_plate":17,"minecraft:leather_helmet":2,"minecraft:bamboo_slab":7,"minecraft:spruce_sapling":3095,"minecraft:pink_bed":527,"minecraft:blue_carpet":14,"minecraft:green_carpet":8,"minecraft:crimson_stairs":33,"minecraft:dandelion":8,"minecraft:moss_carpet":891,"minecraft:blue_terracotta":2,"minecraft:polished_deepslate":23029,"minecraft:polished_basalt":682,"minecraft:green_terracotta":696,"minecraft:jungle_planks":9,"minecraft:pink_terracotta":2,"minecraft:music_disc_13":1,"minecraft:honey_bottle":14,"minecraft:big_dripleaf":3,"minecraft:crimson_button":8,"minecraft:bricks":1566,"minecraft:spruce_wood":2154,"minecraft:lantern":1178,"minecraft:warped_nylium":9,"minecraft:light_blue_bed":8,"minecraft:mossy_cobblestone_slab":11,"minecraft:golden_sword":25,"minecraft:written_book":17,"minecraft:mangrove_roots":50,"minecraft:jungle_button":1,"minecraft:mangrove_leaves":298,"minecraft:end_rod":261,"minecraft:diamond_boots":18,"minecraft:torchflower":6,"minecraft:gray_carpet":545,"minecraft:stone_pickaxe":193,"minecraft:polished_diorite_slab":708,"minecraft:sandstone":21,"minecraft:diamond_axe":114052,"minecraft:sugar_cane":167,"minecraft:light_blue_concrete":514,"minecraft:lime_stained_glass_pane":9,"minecraft:light_blue_wool":5289,"minecraft:yellow_concrete":231,"minecraft:deepslate_lapis_ore":54,"minecraft:end_stone":130,"minecraft:black_terracotta":1646,"minecraft:daylight_detector":33,"minecraft:dark_oak_log":1440,"minecraft:iron_door":24,"minecraft:dead_horn_coral":3,"minecraft:stripped_warped_hyphae":1,"minecraft:light_blue_concrete_powder":512,"minecraft:smooth_stone_slab":130,"minecraft:coarse_dirt":512,"minecraft:bone_meal":34309,"minecraft:rose_bush":29,"minecraft:cherry_wood":6,"minecraft:crimson_fence":89,"minecraft:flint_and_steel":852,"minecraft:redstone":1660,"minecraft:ender_chest":386,"minecraft:deepslate_gold_ore":252,"minecraft:stone_hoe":182,"minecraft:dried_kelp_block":5,"minecraft:dirt":50552,"minecraft:bee_nest":15,"minecraft:spruce_fence":2208,"minecraft:brown_terracotta":1258,"minecraft:wooden_axe":41,"minecraft:oak_stairs":304,"minecraft:crimson_slab":621,"minecraft:yellow_concrete_powder":1733,"minecraft:weathered_cut_copper":1,"minecraft:black_stained_glass":3323,"minecraft:pitcher_plant":21,"minecraft:lime_stained_glass":20,"minecraft:deepslate_tile_stairs":2952,"minecraft:cyan_concrete_powder":5850,"minecraft:orange_stained_glass_pane":307,"minecraft:powder_snow_bucket":150,"minecraft:mossy_stone_brick_wall":6,"minecraft:bamboo_planks":15,"minecraft:cobbled_deepslate_wall":303,"minecraft:cobblestone_stairs":33,"minecraft:birch_boat":7,"minecraft:brown_mushroom":6,"minecraft:sniffer_egg":3,"minecraft:spruce_sign":62,"minecraft:warped_roots":8,"minecraft:red_mushroom":4,"minecraft:magenta_carpet":320,"minecraft:warped_planks":9,"minecraft:netherite_block":1,"minecraft:wooden_hoe":25,"minecraft:black_wool":117,"minecraft:lapis_ore":25,"minecraft:stone_slab":547,"minecraft:yellow_wool":2246,"minecraft:golden_leggings":1,"minecraft:stone_axe":215,"minecraft:cyan_stained_glass_pane":15,"minecraft:pink_shulker_box":179,"minecraft:gray_wool":6645,"minecraft:sculk_catalyst":64,"minecraft:orange_dye":16,"minecraft:music_disc_far":1,"minecraft:bamboo_sign":4,"minecraft:chest":1733,"minecraft:white_shulker_box":270,"minecraft:jungle_slab":31,"minecraft:acacia_button":2,"minecraft:stripped_spruce_log":2443,"minecraft:honey_block":22,"minecraft:honeycomb":300,"minecraft:black_stained_glass_pane":241,"minecraft:birch_sapling":1568,"minecraft:orange_shulker_box":559,"minecraft:polished_andesite_stairs":415,"minecraft:copper_ore":137,"minecraft:cherry_button":1,"minecraft:music_disc_wait":2,"minecraft:dark_oak_button":1103,"minecraft:pink_wool":1627,"minecraft:stone_brick_stairs":68,"minecraft:music_disc_stal":1,"minecraft:stripped_mangrove_log":29,"minecraft:exposed_cut_copper_slab":79,"minecraft:snow":7265,"minecraft:sweet_berries":264,"minecraft:furnace":294,"minecraft:dragon_head":1,"minecraft:seagrass":3,"minecraft:spruce_door":18,"minecraft:cut_copper_slab":41,"minecraft:acacia_trapdoor":2585,"minecraft:powered_rail":1203,"minecraft:purpur_pillar":3,"minecraft:cookie":1,"minecraft:dark_oak_trapdoor":5284,"minecraft:pumpkin_seeds":126,"minecraft:deepslate_tiles":6651,"minecraft:crying_obsidian":17,"minecraft:lectern":39,"minecraft:spore_blossom":8,"minecraft:polished_andesite_slab":1034,"minecraft:wooden_sword":119,"minecraft:dark_oak_fence":915,"minecraft:green_concrete_powder":786,"minecraft:white_stained_glass":4249,"minecraft:ice":7540,"minecraft:oak_hanging_sign":4,"minecraft:gray_stained_glass":41,"minecraft:iron_bars":2453,"minecraft:brain_coral_fan":1,"minecraft:red_concrete":899,"minecraft:netherrack":5224,"minecraft:orange_bed":22,"minecraft:light_gray_shulker_box":378,"minecraft:dragon_egg":1154,"minecraft:anvil":86,"minecraft:target":4,"minecraft:crimson_hyphae":32,"minecraft:polished_granite_slab":1815,"minecraft:glow_lichen":628,"minecraft:rooted_dirt":344,"minecraft:slime_block":193,"minecraft:smooth_quartz":239,"minecraft:tripwire_hook":49,"minecraft:glowstone":497,"minecraft:iron_trapdoor":867,"minecraft:goat_horn":1,"minecraft:crimson_pressure_plate":8,"minecraft:cobbled_deepslate":1955,"minecraft:observer":305,"minecraft:magenta_dye":2,"minecraft:hanging_roots":28,"minecraft:mangrove_wood":69,"minecraft:yellow_shulker_box":48,"minecraft:bubble_coral_fan":1,"minecraft:cartography_table":18,"minecraft:smooth_sandstone_slab":1,"minecraft:vine":23,"minecraft:oak_slab":267,"minecraft:fire_coral":2,"minecraft:deepslate_tile_wall":1910,"minecraft:mud":27491,"minecraft:music_disc_blocks":1,"minecraft:crimson_nylium":10,"minecraft:red_concrete_powder":2231,"minecraft:glass_pane":10,"minecraft:kelp":1279,"minecraft:brown_mushroom_block":415,"minecraft:jukebox":5,"minecraft:light_gray_dye":6,"minecraft:iron_shovel":918,"minecraft:diamond_hoe":95713,"minecraft:oak_sign":10,"minecraft:mangrove_button":4,"minecraft:bell":2,"minecraft:mangrove_hanging_sign":2,"minecraft:sculk_sensor":8,"minecraft:iron_chestplate":1,"minecraft:deepslate_tile_slab":5476,"minecraft:tuff":357,"minecraft:axolotl_bucket":18,"minecraft:polished_deepslate_stairs":4633,"minecraft:cyan_terracotta":1590,"minecraft:gray_concrete_powder":3961,"minecraft:repeater":475,"minecraft:warped_fungus":5,"minecraft:hay_block":45,"minecraft:pearlescent_froglight":63,"minecraft:fire_coral_fan":3,"minecraft:golden_boots":5,"minecraft:dark_oak_stairs":776,"minecraft:birch_leaves":13,"minecraft:dark_oak_sign":206,"minecraft:birch_wood":309,"minecraft:ender_pearl":1250,"minecraft:redstone_block":165,"minecraft:brain_coral":3,"minecraft:loom":10,"minecraft:black_banner":93,"minecraft:deepslate_redstone_ore":161,"minecraft:dripstone_block":1449,"minecraft:note_block":59,"minecraft:stone_brick_wall":30,"minecraft:cobbled_deepslate_stairs":365,"minecraft:exposed_copper":157,"minecraft:redstone_torch":142,"minecraft:gray_shulker_box":122,"minecraft:light_gray_concrete":6135,"minecraft:heavy_weighted_pressure_plate":2,"minecraft:melon_slice":2,"minecraft:string":1257,"minecraft:jungle_sign":9,"minecraft:medium_amethyst_bud":29,"minecraft:white_concrete":10986,"minecraft:air":4,"minecraft:tropical_fish_bucket":5,"minecraft:golden_pickaxe":4,"minecraft:experience_bottle":116,"minecraft:oak_fence":230,"minecraft:purpur_block":32,"minecraft:cracked_deepslate_bricks":60,"minecraft:redstone_ore":50,"minecraft:tropical_fish":1,"minecraft:light_blue_terracotta":2,"minecraft:spruce_planks":3967,"minecraft:white_carpet":16,"minecraft:pink_dye":8,"minecraft:salmon_bucket":1,"minecraft:light_blue_stained_glass":2325,"minecraft:andesite_wall":331,"minecraft:stone_brick_slab":3,"minecraft:bamboo_raft":29,"minecraft:bookshelf":83,"minecraft:yellow_stained_glass":179,"minecraft:red_candle":2,"minecraft:polished_blackstone_brick_stairs":16,"minecraft:light_gray_wool":14593,"minecraft:golden_carrot":3762,"minecraft:emerald_block":736,"minecraft:white_stained_glass_pane":2485,"minecraft:horn_coral_block":4,"minecraft:mangrove_boat":3,"minecraft:cooked_mutton":49,"minecraft:iron_ore":12,"minecraft:glass_bottle":10,"minecraft:mud_brick_slab":22,"minecraft:white_dye":45,"minecraft:beacon":38,"minecraft:stonecutter":105,"minecraft:glow_item_frame":34,"minecraft:stripped_dark_oak_log":7,"minecraft:terracotta":197,"minecraft:painting":131,"minecraft:dark_oak_door":16,"minecraft:acacia_stairs":2,"minecraft:apple":8,"minecraft:cracked_polished_blackstone_bricks":33,"minecraft:netherite_axe":1266,"minecraft:green_shulker_box":146,"minecraft:fishing_rod":141,"minecraft:mud_brick_wall":23,"minecraft:white_banner":50,"minecraft:bucket":1654,"minecraft:purple_carpet":6,"minecraft:smooth_stone":66,"minecraft:writable_book":222,"minecraft:chiseled_deepslate":105,"minecraft:smooth_quartz_slab":58,"minecraft:dispenser":266,"minecraft:poppy":74,"minecraft:waxed_weathered_cut_copper_stairs":2,"minecraft:soul_sand":39,"minecraft:cocoa_beans":31,"minecraft:deepslate_brick_slab":243,"minecraft:snowball":752,"minecraft:spruce_boat":166,"minecraft:jungle_sapling":353,"minecraft:lava_bucket":31,"minecraft:jungle_fence_gate":1,"minecraft:music_disc_ward":1,"minecraft:dark_oak_slab":1898,"minecraft:netherite_boots":4,"minecraft:bow":1379,"minecraft:oak_sapling":94,"minecraft:mossy_stone_bricks":149,"minecraft:leather_leggings":1,"minecraft:chorus_fruit":34,"minecraft:cactus":67,"minecraft:wooden_pickaxe":20,"minecraft:mossy_stone_brick_stairs":30,"minecraft:black_glazed_terracotta":1523,"minecraft:clay":140,"minecraft:stripped_mangrove_wood":343,"minecraft:blast_furnace":7,"minecraft:cyan_dye":1,"minecraft:acacia_leaves":1,"minecraft:chiseled_quartz_block":2,"minecraft:bamboo_button":2,"minecraft:deepslate_brick_stairs":302,"minecraft:mangrove_door":3,"minecraft:nether_wart_block":194,"minecraft:birch_log":868,"minecraft:oak_boat":178,"minecraft:waxed_cut_copper_stairs":122,"minecraft:orange_concrete":1871,"minecraft:dead_bush":13,"minecraft:carved_pumpkin":67,"minecraft:music_disc_5":1,"minecraft:polished_blackstone_wall":34,"minecraft:torch":9924,"minecraft:exposed_cut_copper_stairs":87,"minecraft:light_blue_dye":17,"minecraft:cod_bucket":1,"minecraft:light_gray_glazed_terracotta":1512,"minecraft:mud_brick_stairs":7,"minecraft:fern":45,"minecraft:orange_candle":42,"minecraft:mossy_cobblestone_stairs":74,"minecraft:chipped_anvil":13,"minecraft:barrel":348,"minecraft:warped_stairs":10,"minecraft:magenta_terracotta":2,"minecraft:bundle":108,"minecraft:lead":3,"minecraft:cauldron":36,"minecraft:glow_ink_sac":89,"minecraft:gold_ore":8,"minecraft:deepslate_bricks":2211,"minecraft:polished_deepslate_slab":3149,"minecraft:diamond_block":5,"minecraft:crimson_trapdoor":222,"minecraft:white_bed":264,"minecraft:mushroom_stem":732,"minecraft:light_blue_candle":51,"minecraft:blue_stained_glass_pane":75,"minecraft:diamond_pickaxe":294325,"minecraft:diamond_shovel":271658,"minecraft:acacia_sign":36,"minecraft:spruce_trapdoor":369,"minecraft:potion":67,"minecraft:azalea_leaves":424,"minecraft:orange_banner":13,"minecraft:cooked_porkchop":59,"minecraft:andesite_stairs":63,"minecraft:cherry_sapling":39,"minecraft:light_gray_stained_glass_pane":111,"minecraft:bone_block":1804,"minecraft:decorated_pot":87,"minecraft:nether_wart":7,"minecraft:stripped_crimson_stem":19,"minecraft:spruce_leaves":3761,"minecraft:soul_campfire":55,"minecraft:obsidian":478,"minecraft:waxed_oxidized_copper":10,"minecraft:mangrove_log":375,"minecraft:item_frame":283,"minecraft:deepslate_diamond_ore":100,"minecraft:birch_button":1,"minecraft:birch_trapdoor":6,"minecraft:horn_coral":2,"minecraft:gold_block":228,"minecraft:dark_oak_sapling":722,"minecraft:bamboo_trapdoor":1,"minecraft:tube_coral_fan":11,"minecraft:dropper":51,"minecraft:mangrove_planks":142,"minecraft:oak_planks":352,"minecraft:bamboo_stairs":4,"minecraft:white_wool":167,"minecraft:crossbow":19,"minecraft:sticky_piston":156,"minecraft:lever":68,"minecraft:bread":119,"minecraft:deepslate":6530,"minecraft:blue_candle":27,"minecraft:dead_horn_coral_fan":1,"minecraft:cooked_rabbit":5,"minecraft:chain":578,"minecraft:orange_concrete_powder":3799,"minecraft:netherite_sword":1036,"minecraft:brown_shulker_box":115,"minecraft:stripped_birch_wood":18,"minecraft:cooked_chicken":22,"minecraft:iron_hoe":1969,"minecraft:light_gray_stained_glass":26,"minecraft:waxed_cut_copper":352,"minecraft:waxed_cut_copper_slab":252,"minecraft:dark_oak_pressure_plate":12,"minecraft:netherite_pickaxe":307415,"minecraft:minecart":23,"minecraft:cooked_beef":578,"minecraft:light_gray_bed":12,"minecraft:pumpkin":10590,"minecraft:iron_leggings":1,"minecraft:quartz_bricks":356,"minecraft:snow_block":11358,"minecraft:baked_potato":1,"minecraft:cut_sandstone":34,"minecraft:green_bed":2,"minecraft:waxed_copper_block":473,"minecraft:music_disc_cat":2,"minecraft:brown_glazed_terracotta":1532,"minecraft:cyan_stained_glass":20,"minecraft:gray_terracotta":2,"minecraft:piston":88,"minecraft:flower_pot":165,"minecraft:chicken":4,"minecraft:detector_rail":13,"minecraft:jungle_stairs":3,"minecraft:pink_petals":100,"minecraft:cobbled_deepslate_slab":934,"minecraft:lapis_block":8,"minecraft:pumpkin_pie":5343,"minecraft:sea_pickle":307,"minecraft:birch_stairs":215,"minecraft:spruce_slab":3234,"minecraft:polished_blackstone":748,"minecraft:ladder":352,"minecraft:elytra":58,"minecraft:mangrove_fence_gate":6,"minecraft:brown_concrete":217,"minecraft:brick_slab":6109,"minecraft:orange_wool":4246,"minecraft:acacia_sapling":2000,"minecraft:music_disc_relic":1,"minecraft:warped_hyphae":49,"minecraft:grass_block":25813,"minecraft:music_disc_chirp":1,"minecraft:red_stained_glass_pane":25,"minecraft:dark_oak_boat":110,"minecraft:egg":514,"minecraft:potato":107,"minecraft:brown_concrete_powder":848,"minecraft:magenta_shulker_box":33,"minecraft:light_blue_carpet":26,"minecraft:diorite":141,"minecraft:end_stone_bricks":107,"minecraft:stripped_birch_log":531,"minecraft:red_stained_glass":205,"minecraft:lime_concrete_powder":2071,"minecraft:smooth_quartz_stairs":162,"minecraft:oak_leaves":8,"minecraft:blue_dye":2,"minecraft:purpur_stairs":27,"minecraft:sand":875,"minecraft:blue_ice":9194,"minecraft:black_concrete_powder":500,"minecraft:lightning_rod":1223,"minecraft:stone_button":11,"minecraft:cyan_carpet":12,"minecraft:red_terracotta":25761,"minecraft:polished_granite":502,"minecraft:lilac":122,"minecraft:soul_lantern":77,"minecraft:stone_sword":98,"minecraft:acacia_log":167,"minecraft:mycelium":1879,"minecraft:green_glazed_terracotta":26,"minecraft:twisting_vines":1,"minecraft:stone_stairs":42,"minecraft:nether_brick_slab":6,"minecraft:jungle_trapdoor":85,"minecraft:nether_brick_stairs":2,"minecraft:polished_diorite":7038,"minecraft:shroomlight":53,"minecraft:red_shulker_box":453,"minecraft:flowering_azalea":262,"minecraft:cyan_shulker_box":131,"minecraft:iron_axe":1771,"minecraft:spruce_button":2,"minecraft:lime_dye":5,"minecraft:totem_of_undying":49,"minecraft:mud_bricks":131,"minecraft:smooth_basalt":25,"minecraft:purple_concrete":49,"minecraft:magenta_wool":2159,"minecraft:tall_grass":1,"minecraft:gray_glazed_terracotta":1509,"minecraft:acacia_wood":6,"minecraft:orange_terracotta":984,"minecraft:crimson_stem":962,"minecraft:water_bucket":1364,"minecraft:lime_wool":2273,"minecraft:red_mushroom_block":765,"minecraft:polished_blackstone_bricks":90,"minecraft:cracked_stone_bricks":61,"minecraft:mossy_cobblestone":650,"minecraft:lime_terracotta":5,"minecraft:comparator":109,"minecraft:tnt":787,"minecraft:crafting_table":243,"minecraft:birch_sign":56,"minecraft:dark_oak_fence_gate":2,"minecraft:lime_shulker_box":86,"minecraft:cake":1,"minecraft:small_amethyst_bud":19,"minecraft:oak_log":579,"minecraft:waxed_exposed_cut_copper_stairs":2,"minecraft:sunflower":60,"minecraft:iron_pickaxe":3430,"minecraft:cyan_concrete":355,"minecraft:crimson_sign":1,"minecraft:chiseled_stone_bricks":1576,"minecraft:cobblestone":1357,"minecraft:acacia_pressure_plate":5,"minecraft:candle":19,"minecraft:light_blue_stained_glass_pane":25,"minecraft:white_concrete_powder":13318,"minecraft:shield":248,"minecraft:white_terracotta":2986,"minecraft:iron_sword":720,"minecraft:purple_shulker_box":73,"minecraft:player_head":147,"minecraft:smooth_sandstone_stairs":3,"minecraft:white_candle":51,"minecraft:nether_bricks":98,"minecraft:carrot":2146,"minecraft:music_disc_11":1,"minecraft:glass":3872,"minecraft:coal_ore":1079,"minecraft:quartz_slab":6592,"minecraft:packed_mud":35,"minecraft:iron_helmet":1,"minecraft:dark_oak_wood":538,"minecraft:hopper_minecart":21,"minecraft:stone_bricks":780,"minecraft:red_carpet":620,"minecraft:redstone_lamp":76,"minecraft:magma_block":240,"minecraft:brown_carpet":72,"minecraft:scaffolding":10776,"minecraft:oxidized_cut_copper_stairs":6,"minecraft:gray_bed":31,"minecraft:polished_blackstone_stairs":4,"minecraft:stripped_spruce_wood":680,"minecraft:chiseled_polished_blackstone":12,"minecraft:blue_bed":142,"minecraft:large_amethyst_bud":19,"minecraft:yellow_terracotta":3724,"minecraft:light_gray_terracotta":57,"minecraft:blackstone_wall":1,"minecraft:black_bed":47,"minecraft:shears":17069,"minecraft:green_concrete":304,"minecraft:black_concrete":47,"minecraft:firework_rocket":58851,"minecraft:music_disc_mall":2,"minecraft:gravel":2301,"minecraft:golden_helmet":3,"minecraft:blackstone_slab":81,"minecraft:granite_slab":546,"minecraft:torchflower_seeds":59,"minecraft:grindstone":82,"minecraft:stripped_oak_wood":48,"minecraft:crimson_door":8,"minecraft:andesite":1770,"minecraft:chest_minecart":1,"minecraft:azalea":721,"minecraft:cherry_boat":50,"minecraft:trident":5,"minecraft:jungle_leaves":470,"minecraft:music_disc_otherside":1,"minecraft:stone_shovel":88,"minecraft:cut_copper_stairs":98,"minecraft:spyglass":79,"minecraft:hopper":899,"minecraft:spruce_stairs":657,"minecraft:cobblestone_wall":22,"minecraft:shulker_box":935,"minecraft:warped_door":1,"minecraft:oak_wood":21,"minecraft:granite":3078,"minecraft:birch_door":3,"minecraft:dark_oak_planks":3462,"minecraft:crimson_planks":186,"minecraft:stone_pressure_plate":3,"minecraft:red_dye":5,"minecraft:acacia_boat":3,"minecraft:amethyst_block":325,"minecraft:polished_andesite":222,"minecraft:copper_block":310,"minecraft:black_shulker_box":200,"minecraft:cobblestone_slab":31,"minecraft:jungle_wood":6,"minecraft:mangrove_trapdoor":78,"minecraft:light_gray_concrete_powder":11014,"minecraft:nether_gold_ore":11,"minecraft:map":14,"minecraft:purple_dye":2,"minecraft:red_banner":75,"minecraft:magenta_glazed_terracotta":8732,"minecraft:yellow_bed":14,"minecraft:polished_blackstone_button":34,"minecraft:splash_potion":44,"minecraft:soul_torch":6}},"DataVersion":3463}