{"stats":{"minecraft:used":{"minecraft:writable_book":11,"minecraft:moss_carpet":28,"minecraft:jack_o_lantern":5,"minecraft:blue_terracotta":3,"minecraft:ladder":7,"minecraft:elytra":3,"minecraft:chest":10,"minecraft:iron_sword":1,"minecraft:warped_sign":2,"minecraft:quartz_stairs":2,"minecraft:player_head":18,"minecraft:stripped_crimson_stem":11,"minecraft:birch_pressure_plate":2,"minecraft:jungle_planks":3,"minecraft:cyan_wool":1,"minecraft:mangrove_log":81,"minecraft:quartz_slab":3,"minecraft:quartz_block":61,"minecraft:raw_gold_block":5,"minecraft:diorite_wall":2,"minecraft:item_frame":2,"minecraft:birch_trapdoor":13,"minecraft:red_carpet":4,"minecraft:bow":81,"minecraft:written_book":21,"minecraft:scaffolding":1,"minecraft:oxidized_cut_copper_stairs":18,"minecraft:polished_diorite_stairs":30,"minecraft:end_rod":10,"minecraft:diorite":47,"minecraft:stripped_acacia_log":2,"minecraft:stripped_birch_log":19,"minecraft:oak_planks":2,"minecraft:ender_pearl":2,"minecraft:composter":4,"minecraft:diamond_axe":91,"minecraft:white_wool":5,"minecraft:loom":1,"minecraft:crossbow":6,"minecraft:oxidized_cut_copper_slab":2,"minecraft:ochre_froglight":61,"minecraft:shears":8,"minecraft:birch_fence":20,"minecraft:firework_rocket":297,"minecraft:acacia_door":1,"minecraft:lime_carpet":5,"minecraft:birch_slab":29,"minecraft:warped_slab":1,"minecraft:cyan_carpet":19,"minecraft:lectern":8,"minecraft:iron_door":1,"minecraft:flowering_azalea_leaves":4,"minecraft:coal_block":42,"minecraft:diamond_sword":93,"minecraft:andesite":1,"minecraft:oak_boat":1,"minecraft:iron_bars":2,"minecraft:acacia_log":95,"minecraft:armor_stand":2,"minecraft:stripped_warped_stem":12,"minecraft:torch":9,"minecraft:dirt":2,"minecraft:anvil":1,"minecraft:white_carpet":36,"minecraft:warped_door":6,"minecraft:shulker_box":5,"minecraft:yellow_carpet":22,"minecraft:pink_carpet":3,"minecraft:polished_diorite":71,"minecraft:birch_door":4,"minecraft:sea_lantern":5,"minecraft:bookshelf":45,"minecraft:iron_block":36,"minecraft:iron_axe":698,"minecraft:totem_of_undying":1,"minecraft:barrel":19,"minecraft:golden_carrot":1,"minecraft:warped_stairs":13,"minecraft:netherite_pickaxe":136,"minecraft:pumpkin":11,"minecraft:crimson_stem":121,"minecraft:calcite":68,"minecraft:water_bucket":2,"minecraft:yellow_banner":3,"minecraft:warped_stem":329,"minecraft:lead":4,"minecraft:birch_planks":4,"minecraft:birch_boat":2,"minecraft:spruce_sign":5,"minecraft:cauldron":1,"minecraft:diamond_block":2,"minecraft:lime_terracotta":157,"minecraft:crafting_table":13,"minecraft:crimson_trapdoor":10,"minecraft:birch_sign":4,"minecraft:campfire":3,"minecraft:white_bed":3,"minecraft:light_gray_concrete_powder":11,"minecraft:painting":49,"minecraft:smoker":1,"minecraft:mushroom_stem":404,"minecraft:gray_terracotta":3,"minecraft:flower_pot":10,"minecraft:warped_trapdoor":9,"minecraft:diamond_shovel":10,"minecraft:yellow_wool":11,"minecraft:crimson_stairs":4,"minecraft:white_banner":1,"minecraft:cooked_porkchop":55,"minecraft:bucket":2,"minecraft:pumpkin_pie":32,"minecraft:yellow_bed":1,"minecraft:birch_stairs":16,"minecraft:diamond_leggings":2},"minecraft:killed":{"minecraft:spider":1,"minecraft:skeleton":1,"minecraft:zombie":6,"minecraft:player":11,"minecraft:enderman":426},"minecraft:crafted":{"minecraft:oak_planks":4,"minecraft:oxidized_cut_copper_slab":6,"minecraft:oxidized_cut_copper_stairs":24,"minecraft:birch_slab":12,"minecraft:pink_carpet":3,"minecraft:iron_bars":16,"minecraft:warped_planks":160,"minecraft:bow":1,"minecraft:iron_boots":1,"minecraft:chest":9,"minecraft:iron_door":3,"minecraft:birch_door":3,"minecraft:yellow_banner":3,"minecraft:smoker":1,"minecraft:warped_stairs":8,"minecraft:white_banner":2,"minecraft:quartz_stairs":12,"minecraft:item_frame":6,"minecraft:cauldron":1,"minecraft:crafting_table":6,"minecraft:iron_helmet":1,"minecraft:birch_pressure_plate":2,"minecraft:birch_planks":148,"minecraft:campfire":3,"minecraft:warped_door":6,"minecraft:painting":6,"minecraft:oxidized_cut_copper":128,"minecraft:lectern":3,"minecraft:iron_chestplate":1,"minecraft:paper":126,"minecraft:stick":120,"minecraft:warped_slab":6,"minecraft:leather_chestplate":4,"minecraft:acacia_door":3,"minecraft:lime_carpet":6,"minecraft:cyan_carpet":24,"minecraft:polished_diorite_stairs":24,"minecraft:birch_stairs":16,"minecraft:shears":2,"minecraft:leather_leggings":4,"minecraft:leather_boots":4,"minecraft:crimson_trapdoor":10,"minecraft:yellow_bed":1,"minecraft:white_carpet":30,"minecraft:warped_trapdoor":18,"minecraft:scaffolding":6,"minecraft:iron_axe":3,"minecraft:quartz_slab":12,"minecraft:lead":8,"minecraft:birch_sign":3,"minecraft:crimson_planks":88,"minecraft:cyan_dye":20,"minecraft:yellow_carpet":18,"minecraft:diorite_wall":6,"minecraft:iron_sword":1,"minecraft:leather_helmet":4,"minecraft:red_carpet":9,"minecraft:crimson_stairs":8,"minecraft:warped_sign":3,"minecraft:birch_trapdoor":12,"minecraft:iron_shovel":1,"minecraft:iron_leggings":1,"minecraft:anvil":1,"minecraft:armor_stand":2,"minecraft:white_bed":1,"minecraft:acacia_planks":128,"minecraft:firework_rocket":378},"minecraft:broken":{"minecraft:iron_axe":2},"minecraft:custom":{"minecraft:interact_with_crafting_table":69,"minecraft:open_barrel":145,"minecraft:open_shulker_box":243,"minecraft:leave_game":13,"minecraft:time_since_death":210043,"minecraft:sprint_one_cm":2007799,"minecraft:drop":79,"minecraft:play_time":777696,"minecraft:deaths":9,"minecraft:jump":5239,"minecraft:walk_on_water_one_cm":809,"minecraft:interact_with_loom":3,"minecraft:sleep_in_bed":5,"minecraft:open_enderchest":2,"minecraft:damage_dealt":3451,"minecraft:player_kills":11,"minecraft:crouch_one_cm":46334,"minecraft:inspect_dispenser":1,"minecraft:horse_one_cm":220478,"minecraft:inspect_dropper":9,"minecraft:interact_with_anvil":6,"minecraft:mob_kills":434,"minecraft:inspect_hopper":2,"minecraft:climb_one_cm":44983,"minecraft:walk_one_cm":1404947,"minecraft:target_hit":2,"minecraft:sneak_time":15175,"minecraft:walk_under_water_one_cm":172867,"minecraft:interact_with_lectern":12,"minecraft:boat_one_cm":103339,"minecraft:total_world_time":777696,"minecraft:tune_noteblock":1,"minecraft:pot_flower":10,"minecraft:time_since_rest":69787,"minecraft:damage_taken":7967,"minecraft:trigger_trapped_chest":1,"minecraft:swim_one_cm":29065,"minecraft:fly_one_cm":1445770,"minecraft:open_chest":956,"minecraft:aviate_one_cm":11350785,"minecraft:fall_one_cm":139160},"minecraft:mined":{"minecraft:stripped_warped_stem":39,"minecraft:potted_pink_tulip":1,"minecraft:white_bed":1,"minecraft:warped_stairs":13,"minecraft:acacia_log":8,"minecraft:yellow_carpet":7,"minecraft:polished_diorite":20,"minecraft:composter":2,"minecraft:barrel":9,"minecraft:pumpkin":11,"minecraft:azure_bluet":3,"minecraft:red_tulip":1,"minecraft:quartz_slab":1,"minecraft:birch_wall_sign":1,"minecraft:iron_block":2,"minecraft:player_head":3,"minecraft:gray_terracotta":3,"minecraft:quartz_block":10,"minecraft:player_wall_head":3,"minecraft:oxidized_cut_copper_stairs":5,"minecraft:torch":8,"minecraft:calcite":12,"minecraft:poppy":1,"minecraft:green_concrete_powder":2,"minecraft:chest":4,"minecraft:mushroom_stem":33,"minecraft:oak_planks":7,"minecraft:wall_torch":14,"minecraft:spruce_sign":1,"minecraft:polished_diorite_stairs":15,"minecraft:blue_terracotta":3,"minecraft:yellow_wool":3,"minecraft:birch_door":2,"minecraft:oak_log":1,"minecraft:lime_terracotta":41,"minecraft:dirt":4,"minecraft:acacia_sign":1,"minecraft:stripped_crimson_stem":34,"minecraft:oak_leaves":3,"minecraft:red_carpet":1,"minecraft:yellow_wall_banner":3,"minecraft:stripped_mangrove_log":2,"minecraft:stripped_birch_log":9,"minecraft:jack_o_lantern":5,"minecraft:warped_door":3,"minecraft:shulker_box":5,"minecraft:ladder":5,"minecraft:crimson_roots":2,"minecraft:moss_block":17,"minecraft:crimson_stem":2,"minecraft:oak_trapdoor":1,"minecraft:raw_gold_block":1,"minecraft:andesite":1,"minecraft:diamond_block":3,"minecraft:bookshelf":5,"minecraft:warped_stem":73,"minecraft:stripped_acacia_log":21,"minecraft:smooth_quartz_stairs":1,"minecraft:warped_trapdoor":4,"minecraft:bone_block":1,"minecraft:light_gray_carpet":1,"minecraft:birch_stairs":6,"minecraft:glass_pane":2,"minecraft:crafting_table":7,"minecraft:light_gray_concrete_powder":10,"minecraft:lime_carpet":5,"minecraft:diorite":2,"minecraft:white_carpet":11,"minecraft:ochre_froglight":22,"minecraft:end_rod":1,"minecraft:flower_pot":1,"minecraft:cyan_carpet":3,"minecraft:birch_fence":2,"minecraft:warped_slab":1},"minecraft:picked_up":{"minecraft:birch_door":2,"minecraft:ender_chest":2,"minecraft:flower_pot":66,"minecraft:anvil":2,"minecraft:yellow_wool":25,"minecraft:lead":1,"minecraft:diamond_sword":8,"minecraft:crimson_planks":30,"minecraft:warped_stairs":16,"minecraft:string":2,"minecraft:oak_sign":26,"minecraft:diamond_leggings":8,"minecraft:acacia_sign":1,"minecraft:warped_slab":7,"minecraft:calcite":80,"minecraft:coal_block":18,"minecraft:smooth_quartz_stairs":1,"minecraft:furnace":19,"minecraft:stick":3,"minecraft:composter":64,"minecraft:torch":26,"minecraft:acacia_log":40,"minecraft:green_bed":1,"minecraft:snow_block":128,"minecraft:diorite":60,"minecraft:warped_planks":79,"minecraft:warped_door":7,"minecraft:goat_horn":2,"minecraft:yellow_banner":6,"minecraft:quartz_block":266,"minecraft:lime_carpet":11,"minecraft:rotten_flesh":5,"minecraft:iron_block":13,"minecraft:red_tulip":1,"minecraft:carved_pumpkin":24,"minecraft:bookshelf":56,"minecraft:end_rod":21,"minecraft:iron_bars":14,"minecraft:birch_log":16,"minecraft:feather":12,"minecraft:iron_door":2,"minecraft:water_bucket":3,"minecraft:andesite":1,"minecraft:green_concrete_powder":1,"minecraft:warped_trapdoor":17,"minecraft:dirt":2,"minecraft:stripped_birch_log":9,"minecraft:light_gray_concrete_powder":11,"minecraft:bone":4,"minecraft:acacia_planks":96,"minecraft:gray_terracotta":3,"minecraft:bow":9,"minecraft:diamond_helmet":8,"minecraft:moss_block":11,"minecraft:oak_planks":7,"minecraft:diorite_wall":4,"minecraft:cooked_porkchop":66,"minecraft:oak_pressure_plate":1,"minecraft:lime_terracotta":41,"minecraft:stripped_crimson_stem":31,"minecraft:jungle_planks":172,"minecraft:loom":6,"minecraft:diamond_block":3,"minecraft:jungle_slab":52,"minecraft:barrel":9,"minecraft:shulker_box":5,"minecraft:stripped_acacia_log":26,"minecraft:blue_terracotta":3,"minecraft:yellow_carpet":9,"minecraft:diamond":2,"minecraft:spruce_boat":1,"minecraft:spruce_sign":2,"minecraft:emerald":44,"minecraft:jack_o_lantern":5,"minecraft:light_gray_carpet":1,"minecraft:chorus_fruit":2,"minecraft:dark_oak_fence":64,"minecraft:crimson_roots":2,"minecraft:diamond_pickaxe":5,"minecraft:crafting_table":7,"minecraft:azure_bluet":3,"minecraft:ladder":7,"minecraft:stripped_mangrove_log":4,"minecraft:elytra":12,"minecraft:iron_axe":2,"minecraft:acacia_door":6,"minecraft:quartz_slab":1,"minecraft:white_carpet":11,"minecraft:iron_shovel":7,"minecraft:birch_fence":54,"minecraft:cyan_carpet":7,"minecraft:cartography_table":9,"minecraft:stripped_warped_stem":38,"minecraft:player_head":30,"minecraft:poppy":1,"minecraft:lectern":3,"minecraft:quartz_stairs":10,"minecraft:sugar_cane":65,"minecraft:chest":8,"minecraft:phantom_membrane":6,"minecraft:egg":1,"minecraft:lime_wool":60,"minecraft:raw_gold_block":1,"minecraft:flowering_azalea_leaves":30,"minecraft:cookie":15,"minecraft:mushroom_stem":63,"minecraft:netherite_pickaxe":6,"minecraft:blue_concrete_powder":37,"minecraft:arrow":58,"minecraft:red_shulker_box":1,"minecraft:pumpkin_pie":451,"minecraft:diamond_boots":9,"minecraft:pink_tulip":1,"minecraft:totem_of_undying":4,"minecraft:bone_block":1,"minecraft:oxidized_cut_copper_stairs":5,"minecraft:golden_carrot":182,"minecraft:crimson_stem":2,"minecraft:salmon":6,"minecraft:ochre_froglight":22,"minecraft:birch_planks":11,"minecraft:oak_log":129,"minecraft:paper":6,"minecraft:red_carpet":1,"minecraft:warped_stem":327,"minecraft:iron_ingot":1,"minecraft:book":149,"minecraft:birch_boat":1,"minecraft:pumpkin":11,"minecraft:birch_stairs":6,"minecraft:white_bed":1,"minecraft:sea_lantern":256,"minecraft:polished_diorite_stairs":16,"minecraft:firework_rocket":766,"minecraft:diamond_shovel":7,"minecraft:pumpkin_seeds":32,"minecraft:polished_diorite":60,"minecraft:diamond_axe":12,"minecraft:painting":41,"minecraft:birch_sign":1,"minecraft:red_concrete":10,"minecraft:smooth_quartz_slab":120,"minecraft:coal":37,"minecraft:pink_dye":1,"minecraft:ender_pearl":195},"minecraft:killed_by":{"minecraft:player":7},"minecraft:dropped":{"minecraft:birch_planks":3,"minecraft:diamond_axe":4,"minecraft:ender_pearl":80,"minecraft:diamond":1,"minecraft:blue_concrete_powder":13,"minecraft:jungle_planks":19,"minecraft:elytra":3,"minecraft:emerald":21,"minecraft:dark_oak_fence":64,"minecraft:pumpkin_pie":28,"minecraft:rotten_flesh":5,"minecraft:salmon":6,"minecraft:gunpowder":1,"minecraft:firework_rocket":73,"minecraft:water_bucket":1,"minecraft:diamond_leggings":3,"minecraft:golden_carrot":26,"minecraft:torch":4,"minecraft:green_dye":1,"minecraft:diamond_helmet":1,"minecraft:smooth_quartz_slab":60,"minecraft:paper":1,"minecraft:iron_shovel":2,"minecraft:snow_block":64,"minecraft:anvil":1,"minecraft:player_head":9,"minecraft:green_bed":1,"minecraft:oak_sign":26,"minecraft:diamond_pickaxe":2,"minecraft:carved_pumpkin":7,"minecraft:stripped_warped_stem":8,"minecraft:diamond_boots":1,"minecraft:bow":1,"minecraft:calcite":4}},"DataVersion":3120}