{"stats":{"minecraft:crafted":{"minecraft:anvil":1},"minecraft:dropped":{"minecraft:snow":1,"minecraft:gunpowder":1,"minecraft:paper":7,"minecraft:firework_rocket":3},"minecraft:used":{"minecraft:firework_rocket":83,"minecraft:diamond_axe":1,"minecraft:golden_carrot":6,"minecraft:anvil":1,"minecraft:egg":128,"minecraft:experience_bottle":20},"minecraft:custom":{"minecraft:time_since_rest":75697,"minecraft:sprint_one_cm":68170,"minecraft:damage_taken":1087,"minecraft:walk_one_cm":104641,"minecraft:interact_with_anvil":1,"minecraft:drop":12,"minecraft:damage_dealt":29,"minecraft:interact_with_crafting_table":1,"minecraft:fly_one_cm":68957,"minecraft:open_chest":6,"minecraft:crouch_one_cm":2263,"minecraft:deaths":2,"minecraft:play_time":133138,"minecraft:open_shulker_box":23,"minecraft:sneak_time":5684,"minecraft:walk_under_water_one_cm":2282,"minecraft:aviate_one_cm":1798419,"minecraft:jump":389,"minecraft:leave_game":2,"minecraft:time_since_death":75666,"minecraft:walk_on_water_one_cm":9416,"minecraft:sleep_in_bed":1,"minecraft:total_world_time":133138,"minecraft:fall_one_cm":28583},"minecraft:picked_up":{"minecraft:golden_carrot":28,"minecraft:diamond_sword":1,"minecraft:gunpowder":1,"minecraft:paper":9,"minecraft:elytra":1,"minecraft:snow":1,"minecraft:firework_rocket":80,"minecraft:diamond_shovel":1,"minecraft:experience_bottle":20,"minecraft:diamond_leggings":1,"minecraft:diamond_boots":1,"minecraft:diamond_axe":1,"minecraft:iron_ingot":4,"minecraft:iron_block":21,"minecraft:carved_pumpkin":2,"minecraft:emerald":3,"minecraft:diamond_helmet":1,"minecraft:diamond_pickaxe":1}},"DataVersion":3120}