{"stats":{"minecraft:broken":{"minecraft:shears":9,"minecraft:wooden_sword":2,"minecraft:stone_hoe":8,"minecraft:iron_pickaxe":18,"minecraft:iron_shovel":1,"minecraft:stone_pickaxe":2,"minecraft:stone_axe":3,"minecraft:iron_sword":3,"minecraft:stone_sword":2,"minecraft:iron_axe":3,"minecraft:golden_chestplate":1},"minecraft:used":{"minecraft:moss_block":424,"minecraft:writable_book":32,"minecraft:chiseled_deepslate":2,"minecraft:smooth_quartz_slab":1370,"minecraft:dispenser":11,"minecraft:poppy":16,"minecraft:stone":10093,"minecraft:quartz_stairs":110,"minecraft:rotten_flesh":1,"minecraft:tube_coral":1,"minecraft:soul_sand":258,"minecraft:cocoa_beans":3,"minecraft:lily_of_the_valley":3,"minecraft:cut_copper":29,"minecraft:deepslate_brick_slab":146,"minecraft:azure_bluet":9,"minecraft:snowball":10,"minecraft:weeping_vines":1,"minecraft:spruce_boat":16,"minecraft:packed_ice":6,"minecraft:lava_bucket":2,"minecraft:red_wool":991,"minecraft:quartz_pillar":4146,"minecraft:jungle_fence_gate":1,"minecraft:quartz_block":351,"minecraft:dark_oak_slab":1012,"minecraft:cherry_leaves":1147,"minecraft:diorite_wall":59,"minecraft:netherite_boots":5,"minecraft:bow":757,"minecraft:cooked_cod":59,"minecraft:oak_sapling":519,"minecraft:green_stained_glass_pane":32,"minecraft:deepslate_brick_wall":4,"minecraft:mossy_stone_bricks":975,"minecraft:leather_leggings":1,"minecraft:damaged_anvil":1,"minecraft:prismarine":4837,"minecraft:cactus":4,"minecraft:leather_chestplate":2,"minecraft:wooden_pickaxe":16,"minecraft:mossy_stone_brick_stairs":6,"minecraft:composter":64,"minecraft:golden_apple":2,"minecraft:glow_berries":163,"minecraft:pitcher_pod":22,"minecraft:purple_terracotta":28,"minecraft:deepslate_brick_stairs":124,"minecraft:birch_fence":30,"minecraft:birch_slab":163,"minecraft:white_glazed_terracotta":30,"minecraft:flowering_azalea_leaves":198,"minecraft:nether_wart_block":11,"minecraft:diamond_sword":1906,"minecraft:coal_block":12,"minecraft:smithing_table":3,"minecraft:birch_log":2497,"minecraft:oak_boat":11,"minecraft:purple_wool":8,"minecraft:diorite_slab":127,"minecraft:diorite_stairs":124,"minecraft:oak_trapdoor":64,"minecraft:enchanting_table":2,"minecraft:dead_bush":1,"minecraft:carved_pumpkin":7,"minecraft:armor_stand":55,"minecraft:tinted_glass":90,"minecraft:light_gray_carpet":7,"minecraft:music_disc_5":2,"minecraft:cooked_salmon":105,"minecraft:torch":3185,"minecraft:brewing_stand":20,"minecraft:cod_bucket":3,"minecraft:light_gray_glazed_terracotta":55,"minecraft:fern":6,"minecraft:mossy_cobblestone_stairs":17,"minecraft:sea_lantern":678,"minecraft:chipped_anvil":2,"minecraft:iron_block":104,"minecraft:light_weighted_pressure_plate":8,"minecraft:cherry_slab":176,"minecraft:polished_deepslate_wall":66,"minecraft:barrel":156,"minecraft:bamboo":139,"minecraft:tadpole_bucket":3,"minecraft:basalt":724,"minecraft:warped_stairs":33,"minecraft:magenta_terracotta":17,"minecraft:podzol":145,"minecraft:cherry_log":54,"minecraft:acacia_planks":516,"minecraft:horn_coral_fan":1,"minecraft:calcite":872,"minecraft:wheat_seeds":239,"minecraft:chiseled_bookshelf":14,"minecraft:warped_stem":33,"minecraft:light_blue_shulker_box":107,"minecraft:tube_coral_block":6,"minecraft:warped_hanging_sign":1,"minecraft:birch_planks":2795,"minecraft:bundle":35,"minecraft:cherry_planks":81,"minecraft:blue_concrete_powder":14,"minecraft:cauldron":83,"minecraft:glow_ink_sac":1,"minecraft:leather_boots":1,"minecraft:spruce_fence_gate":23,"minecraft:gold_ore":15,"minecraft:deepslate_bricks":3088,"minecraft:conduit":2,"minecraft:polished_deepslate_slab":9,"minecraft:diamond_block":107,"minecraft:rail":459,"minecraft:cyan_glazed_terracotta":111,"minecraft:red_bed":1,"minecraft:crimson_trapdoor":68,"minecraft:sculk_shrieker":3,"minecraft:campfire":48,"minecraft:spruce_log":1521,"minecraft:mushroom_stem":6,"minecraft:amethyst_cluster":23,"minecraft:blue_stained_glass_pane":28,"minecraft:diamond_pickaxe":54602,"minecraft:warped_trapdoor":101,"minecraft:diamond_shovel":30921,"minecraft:suspicious_stew":12,"minecraft:oak_button":2,"minecraft:leather_helmet":1,"minecraft:spruce_trapdoor":422,"minecraft:spruce_sapling":626,"minecraft:pink_bed":130,"minecraft:enchanted_book":40,"minecraft:potion":128,"minecraft:azalea_leaves":664,"minecraft:purple_bed":14,"minecraft:crimson_stairs":40,"minecraft:cooked_porkchop":784,"minecraft:andesite_stairs":88,"minecraft:brush":40,"minecraft:dandelion":10,"minecraft:diamond_leggings":4,"minecraft:green_stained_glass":25,"minecraft:light_blue_banner":11,"minecraft:cherry_sapling":31,"minecraft:moss_carpet":217,"minecraft:polished_deepslate":214,"minecraft:melon":7,"minecraft:bone_block":159,"minecraft:polished_basalt":2,"minecraft:decorated_pot":37,"minecraft:nether_wart":53,"minecraft:bubble_coral":1,"minecraft:stripped_crimson_stem":2,"minecraft:green_terracotta":789,"minecraft:soul_campfire":21,"minecraft:spruce_leaves":5913,"minecraft:pink_terracotta":30,"minecraft:beehive":10,"minecraft:music_disc_13":1,"minecraft:obsidian":100,"minecraft:honey_bottle":32,"minecraft:big_dripleaf":31,"minecraft:bricks":74,"minecraft:lantern":103,"minecraft:spruce_wood":5988,"minecraft:warped_nylium":16,"minecraft:mossy_cobblestone_slab":27,"minecraft:raw_gold_block":13,"minecraft:item_frame":71,"minecraft:birch_trapdoor":52,"minecraft:birch_button":17,"minecraft:deepslate_diamond_ore":27,"minecraft:golden_sword":2,"minecraft:written_book":99,"minecraft:mangrove_roots":25,"minecraft:blue_shulker_box":77,"minecraft:gold_block":58,"minecraft:pink_concrete_powder":631,"minecraft:dark_oak_sapling":325,"minecraft:mangrove_leaves":43,"minecraft:end_rod":190,"minecraft:torchflower":5,"minecraft:diamond_boots":1,"minecraft:dropper":4,"minecraft:stone_pickaxe":383,"minecraft:gray_carpet":151,"minecraft:oak_planks":26,"minecraft:prismarine_stairs":161,"minecraft:polished_diorite_slab":127,"minecraft:sandstone":966,"minecraft:diamond_axe":14723,"minecraft:sugar_cane":82,"minecraft:white_wool":496,"minecraft:mushroom_stew":38,"minecraft:light_blue_wool":3,"minecraft:crossbow":8,"minecraft:end_stone":15,"minecraft:sticky_piston":13,"minecraft:lever":17,"minecraft:dark_oak_log":997,"minecraft:nether_sprouts":38,"minecraft:bread":15,"minecraft:warped_slab":372,"minecraft:deepslate":55,"minecraft:prismarine_wall":72,"minecraft:chain":206,"minecraft:smooth_stone_slab":230,"minecraft:coarse_dirt":768,"minecraft:bone_meal":3004,"minecraft:rose_bush":4,"minecraft:flint_and_steel":62,"minecraft:redstone":296,"minecraft:dried_kelp":4,"minecraft:ender_chest":15,"minecraft:cooked_chicken":20,"minecraft:stone_hoe":1149,"minecraft:dried_kelp_block":8,"minecraft:dirt":11804,"minecraft:cherry_pressure_plate":5,"minecraft:prismarine_bricks":1475,"minecraft:golden_chestplate":1,"minecraft:spruce_fence":359,"minecraft:warped_pressure_plate":3,"minecraft:iron_hoe":16,"minecraft:wooden_axe":35,"minecraft:brown_terracotta":141,"minecraft:oak_stairs":8,"minecraft:smooth_sandstone":8545,"minecraft:crimson_slab":251,"minecraft:iron_boots":1,"minecraft:yellow_concrete_powder":2,"minecraft:weathered_cut_copper":28,"minecraft:soul_soil":382,"minecraft:black_stained_glass":2,"minecraft:pitcher_plant":22,"minecraft:deepslate_tile_stairs":200,"minecraft:minecart":27,"minecraft:netherite_pickaxe":29495,"minecraft:pumpkin":34,"minecraft:iron_leggings":3,"minecraft:beetroot_soup":2,"minecraft:cobbled_deepslate_wall":13,"minecraft:cobblestone_stairs":519,"minecraft:pink_glazed_terracotta":2280,"minecraft:baked_potato":207,"minecraft:brown_mushroom":23,"minecraft:birch_boat":2,"minecraft:spruce_sign":106,"minecraft:sniffer_egg":4,"minecraft:warped_roots":81,"minecraft:music_disc_cat":2,"minecraft:dark_prismarine_slab":45,"minecraft:warped_planks":145,"minecraft:cyan_stained_glass":20,"minecraft:piston":151,"minecraft:flower_pot":100,"minecraft:black_wool":28,"minecraft:stone_slab":660,"minecraft:golden_leggings":1,"minecraft:yellow_wool":616,"minecraft:stone_axe":409,"minecraft:pink_petals":460,"minecraft:cobbled_deepslate_slab":157,"minecraft:cyan_stained_glass_pane":46,"minecraft:pink_shulker_box":149,"minecraft:lapis_block":6,"minecraft:pumpkin_pie":125,"minecraft:sea_pickle":62,"minecraft:sculk_catalyst":2,"minecraft:birch_stairs":137,"minecraft:peony":59,"minecraft:spruce_slab":2735,"minecraft:polished_blackstone":3,"minecraft:elytra":13,"minecraft:ladder":332,"minecraft:chest":827,"minecraft:white_shulker_box":81,"minecraft:pink_candle":39,"minecraft:blue_stained_glass":27,"minecraft:brick_slab":17,"minecraft:allium":5,"minecraft:orange_wool":169,"minecraft:acacia_sapling":14,"minecraft:yellow_candle":1,"minecraft:stripped_spruce_log":51,"minecraft:honey_block":3,"minecraft:grass_block":23060,"minecraft:birch_sapling":805,"minecraft:polished_andesite_stairs":52,"minecraft:orange_shulker_box":2,"minecraft:wet_sponge":734,"minecraft:music_disc_chirp":2,"minecraft:dark_oak_button":17,"minecraft:pink_wool":2900,"minecraft:stone_brick_stairs":474,"minecraft:dark_oak_boat":4,"minecraft:sweet_berries":1578,"minecraft:furnace":85,"minecraft:egg":28,"minecraft:potato":126,"minecraft:dragon_head":1,"minecraft:end_stone_bricks":4,"minecraft:diorite":3322,"minecraft:brick_wall":1,"minecraft:spruce_door":13,"minecraft:stripped_birch_log":14,"minecraft:powered_rail":63,"minecraft:purpur_pillar":1,"minecraft:oak_leaves":853,"minecraft:smooth_quartz_stairs":1295,"minecraft:dark_oak_trapdoor":188,"minecraft:sand":19356,"minecraft:purpur_stairs":1,"minecraft:oxidized_cut_copper_slab":26,"minecraft:pumpkin_seeds":14,"minecraft:deepslate_tiles":904,"minecraft:cyan_carpet":170,"minecraft:spore_blossom":6,"minecraft:lectern":131,"minecraft:polished_granite":51,"minecraft:red_terracotta":476,"minecraft:cherry_sign":11,"minecraft:lilac":124,"minecraft:polished_andesite_slab":26,"minecraft:soul_lantern":133,"minecraft:green_candle":35,"minecraft:wooden_sword":1191,"minecraft:dark_oak_fence":602,"minecraft:white_stained_glass":209,"minecraft:green_concrete_powder":309,"minecraft:pink_stained_glass":4555,"minecraft:ice":5,"minecraft:gray_stained_glass":2,"minecraft:iron_bars":112,"minecraft:stone_sword":348,"minecraft:acacia_log":4,"minecraft:brain_coral_fan":3,"minecraft:red_concrete":47,"minecraft:sandstone_wall":55,"minecraft:netherrack":196,"minecraft:orange_bed":1,"minecraft:light_gray_shulker_box":45,"minecraft:target":8,"minecraft:warped_wart_block":1,"minecraft:anvil":35,"minecraft:ancient_debris":2,"minecraft:twisting_vines":12,"minecraft:stone_stairs":212,"minecraft:glow_lichen":3004,"minecraft:polished_diorite":1175,"minecraft:shroomlight":13,"minecraft:red_shulker_box":16,"minecraft:flowering_azalea":25,"minecraft:cyan_shulker_box":386,"minecraft:brick_stairs":12,"minecraft:iron_axe":778,"minecraft:rooted_dirt":17,"minecraft:spruce_button":3,"minecraft:slime_block":4,"minecraft:warped_fence":94,"minecraft:smooth_quartz":3492,"minecraft:cherry_fence_gate":3,"minecraft:totem_of_undying":6,"minecraft:mud_bricks":22,"minecraft:pink_stained_glass_pane":32,"minecraft:melon_seeds":5,"minecraft:prismarine_slab":1117,"minecraft:tripwire_hook":10,"minecraft:glowstone":65,"minecraft:raw_copper_block":7,"minecraft:iron_trapdoor":9,"minecraft:goat_horn":1,"minecraft:oxidized_copper":4,"minecraft:crimson_pressure_plate":4,"minecraft:orange_terracotta":24,"minecraft:cherry_fence":400,"minecraft:cobbled_deepslate":4946,"minecraft:observer":208,"minecraft:pointed_dripstone":27,"minecraft:hanging_roots":48,"minecraft:crimson_stem":190,"minecraft:water_bucket":771,"minecraft:prismarine_brick_slab":1333,"minecraft:sandstone_stairs":56,"minecraft:cartography_table":13,"minecraft:fletching_table":3,"minecraft:cracked_stone_bricks":1,"minecraft:polished_blackstone_bricks":59,"minecraft:pink_concrete":2,"minecraft:mossy_cobblestone":450,"minecraft:lime_terracotta":123,"minecraft:vine":4,"minecraft:comparator":16,"minecraft:tnt":72,"minecraft:oak_slab":40,"minecraft:crafting_table":262,"minecraft:birch_sign":45,"minecraft:cod":4,"minecraft:dark_oak_fence_gate":5,"minecraft:lime_shulker_box":2,"minecraft:cake":1,"minecraft:deepslate_tile_wall":37,"minecraft:oak_log":113,"minecraft:dark_prismarine":1726,"minecraft:mud":80,"minecraft:oxeye_daisy":1,"minecraft:sunflower":16,"minecraft:iron_pickaxe":5511,"minecraft:chiseled_stone_bricks":733,"minecraft:cobblestone":13728,"minecraft:red_concrete_powder":21,"minecraft:sandstone_slab":1882,"minecraft:glass_pane":86,"minecraft:brown_mushroom_block":160,"minecraft:jukebox":7,"minecraft:sculk_vein":38,"minecraft:kelp":49,"minecraft:candle":76,"minecraft:light_blue_stained_glass_pane":27,"minecraft:iron_shovel":384,"minecraft:diamond_hoe":9826,"minecraft:oak_sign":14,"minecraft:shield":39,"minecraft:white_terracotta":426,"minecraft:iron_sword":1040,"minecraft:purple_shulker_box":60,"minecraft:player_head":163,"minecraft:smooth_sandstone_stairs":28,"minecraft:sculk_sensor":8,"minecraft:iron_chestplate":1,"minecraft:oxidized_cut_copper":741,"minecraft:nether_bricks":79,"minecraft:carrot":410,"minecraft:deepslate_tile_slab":68,"minecraft:tuff":787,"minecraft:cyan_wool":53,"minecraft:axolotl_bucket":3,"minecraft:milk_bucket":1,"minecraft:polished_deepslate_stairs":15,"minecraft:glass":1152,"minecraft:cyan_terracotta":295,"minecraft:coal_ore":154,"minecraft:quartz_slab":386,"minecraft:dark_oak_wood":168,"minecraft:iron_helmet":2,"minecraft:gray_concrete_powder":14,"minecraft:crimson_roots":2,"minecraft:hopper_minecart":5,"minecraft:stone_bricks":5403,"minecraft:repeater":89,"minecraft:red_carpet":20,"minecraft:redstone_lamp":145,"minecraft:honeycomb_block":3,"minecraft:warped_fungus":11,"minecraft:hay_block":22,"minecraft:scaffolding":8431,"minecraft:oxidized_cut_copper_stairs":70,"minecraft:gray_bed":6,"minecraft:beetroot_seeds":105,"minecraft:polished_diorite_stairs":66,"minecraft:fire_coral_fan":3,"minecraft:pearlescent_froglight":203,"minecraft:stripped_spruce_wood":7,"minecraft:dark_oak_stairs":725,"minecraft:birch_leaves":1892,"minecraft:dark_oak_sign":8,"minecraft:birch_wood":6,"minecraft:ender_pearl":3,"minecraft:redstone_block":57,"minecraft:blue_bed":14,"minecraft:brain_coral":3,"minecraft:loom":6,"minecraft:light_gray_terracotta":108,"minecraft:deepslate_redstone_ore":58,"minecraft:sponge":888,"minecraft:note_block":88,"minecraft:dripstone_block":226,"minecraft:stone_brick_wall":29,"minecraft:black_bed":57,"minecraft:shears":3810,"minecraft:cobbled_deepslate_stairs":201,"minecraft:redstone_torch":70,"minecraft:light_gray_concrete":4,"minecraft:green_concrete":188,"minecraft:black_concrete":2,"minecraft:birch_fence_gate":20,"minecraft:firework_rocket":7741,"minecraft:lime_carpet":14,"minecraft:cyan_bed":432,"minecraft:string":764,"minecraft:gravel":132,"minecraft:torchflower_seeds":12,"minecraft:grindstone":15,"minecraft:andesite":511,"minecraft:cherry_boat":19,"minecraft:chest_minecart":1,"minecraft:air":108,"minecraft:white_concrete":1,"minecraft:oak_fence":26,"minecraft:experience_bottle":2,"minecraft:purpur_block":8,"minecraft:azalea":40,"minecraft:trident":1347,"minecraft:music_disc_otherside":1,"minecraft:cracked_deepslate_bricks":31,"minecraft:stone_shovel":140,"minecraft:spruce_planks":9299,"minecraft:sculk":240,"minecraft:oak_door":1,"minecraft:spyglass":153,"minecraft:white_carpet":7,"minecraft:hopper":139,"minecraft:spruce_stairs":1298,"minecraft:cobblestone_wall":37,"minecraft:pink_carpet":1512,"minecraft:diamond_helmet":2,"minecraft:shulker_box":706,"minecraft:oak_wood":247,"minecraft:pink_dye":1,"minecraft:raw_iron_block":14,"minecraft:light_blue_stained_glass":114,"minecraft:granite":116,"minecraft:andesite_wall":3,"minecraft:stone_brick_slab":416,"minecraft:dark_oak_planks":4512,"minecraft:bookshelf":533,"minecraft:acacia_slab":6,"minecraft:cherry_trapdoor":67,"minecraft:polished_blackstone_brick_stairs":4,"minecraft:crimson_planks":284,"minecraft:light_gray_wool":44,"minecraft:golden_carrot":2517,"minecraft:emerald_block":145,"minecraft:white_stained_glass_pane":75,"minecraft:brain_coral_block":4,"minecraft:cooked_mutton":2,"minecraft:amethyst_block":67,"minecraft:glass_bottle":189,"minecraft:cyan_candle":13,"minecraft:polished_andesite":440,"minecraft:mud_brick_slab":26,"minecraft:andesite_slab":6,"minecraft:blue_wool":104,"minecraft:copper_block":17,"minecraft:black_shulker_box":14,"minecraft:beacon":1,"minecraft:stonecutter":90,"minecraft:cobblestone_slab":151,"minecraft:glow_item_frame":94,"minecraft:terracotta":136,"minecraft:stripped_dark_oak_log":29,"minecraft:dark_oak_door":4,"minecraft:painting":156,"minecraft:smoker":3,"minecraft:book":13,"minecraft:apple":7,"minecraft:netherite_axe":19243,"minecraft:map":30,"minecraft:fishing_rod":73,"minecraft:green_shulker_box":4,"minecraft:cherry_stairs":17,"minecraft:mud_brick_wall":26,"minecraft:white_banner":1,"minecraft:jungle_door":1,"minecraft:bucket":795,"minecraft:yellow_bed":40,"minecraft:soul_torch":14,"minecraft:splash_potion":11,"minecraft:smooth_stone":523},"minecraft:killed_by":{"minecraft:ravager":77,"minecraft:zombie":2,"minecraft:warden":11,"minecraft:drowned":7,"minecraft:skeleton":2,"minecraft:vindicator":1,"minecraft:vex":7,"minecraft:creeper":1,"minecraft:piglin":1,"minecraft:cave_spider":1,"minecraft:endermite":1,"minecraft:player":87},"minecraft:dropped":{"minecraft:iron_sword":3,"minecraft:pink_stained_glass":321,"minecraft:porkchop":8,"minecraft:glow_ink_sac":3,"minecraft:glass_bottle":3,"minecraft:diamond":60,"minecraft:crafting_table":7,"minecraft:cooked_porkchop":102,"minecraft:weeping_vines":1,"minecraft:sheaf_pottery_sherd":1,"minecraft:red_mushroom":8,"minecraft:emerald":193,"minecraft:dark_oak_trapdoor":1,"minecraft:netherite_boots":2,"minecraft:gold_nugget":5,"minecraft:sand":15,"minecraft:birch_stairs":20,"minecraft:stone_axe":2,"minecraft:compass":146,"minecraft:goat_horn":1,"minecraft:diamond_block":19,"minecraft:lever":4,"minecraft:iron_nugget":251,"minecraft:cooked_chicken":3,"minecraft:cobbled_deepslate":234,"minecraft:wheat":906,"minecraft:netherite_sword":2,"minecraft:obsidian":94,"minecraft:rotten_flesh":187,"minecraft:birch_wood":2,"minecraft:oak_planks":21,"minecraft:sea_lantern":320,"minecraft:coal_ore":21,"minecraft:quartz_block":64,"minecraft:leather_boots":20,"minecraft:leather_leggings":21,"minecraft:beef":4,"minecraft:podzol":7,"minecraft:glass":91,"minecraft:stone_brick_stairs":2,"minecraft:golden_boots":16,"minecraft:black_dye":352,"minecraft:wheat_seeds":236,"minecraft:light_gray_stained_glass_pane":1,"minecraft:book":5,"minecraft:prismarine_crystals":1163,"minecraft:mushroom_stew":6,"minecraft:ink_sac":66,"minecraft:wooden_axe":9,"minecraft:cooked_salmon":15,"minecraft:potion":5,"minecraft:pumpkin":10,"minecraft:white_banner":16,"minecraft:red_dye":16,"minecraft:mud":13,"minecraft:chainmail_leggings":2,"minecraft:smooth_sandstone":3,"minecraft:blue_carpet":7,"minecraft:acacia_planks":24,"minecraft:soul_soil":64,"minecraft:netherite_hoe":1,"minecraft:green_terracotta":7,"minecraft:player_head":59,"minecraft:stone_shovel":1,"minecraft:white_carpet":4,"minecraft:iron_boots":1,"minecraft:name_tag":2,"minecraft:white_terracotta":1,"minecraft:torchflower_seeds":2,"minecraft:shears":2,"minecraft:suspicious_stew":2,"minecraft:diamond_sword":3,"minecraft:sea_pickle":1,"minecraft:spruce_boat":3,"minecraft:flower_pot":5,"minecraft:spruce_trapdoor":20,"minecraft:bundle":14,"minecraft:spruce_planks":114,"minecraft:diamond_pickaxe":5,"minecraft:light_blue_carpet":2,"minecraft:pink_shulker_box":1,"minecraft:redstone_torch":1,"minecraft:stone_bricks":2,"minecraft:barrel":1,"minecraft:bow":183,"minecraft:cyan_bed":1,"minecraft:blue_shulker_box":1,"minecraft:soul_sand":4,"minecraft:moss_block":6,"minecraft:oak_log":8,"minecraft:ender_pearl":34,"minecraft:dark_oak_sapling":4,"minecraft:black_banner":3,"minecraft:cod":80,"minecraft:cobblestone_stairs":24,"minecraft:black_shulker_box":1,"minecraft:wet_sponge":21,"minecraft:axolotl_bucket":1,"minecraft:cauldron":9,"minecraft:gold_ingot":82,"minecraft:purpur_block":2,"minecraft:music_disc_otherside":3,"minecraft:pointed_dripstone":1,"minecraft:beetroot":1,"minecraft:cyan_shulker_box":1,"minecraft:leather_chestplate":17,"minecraft:trident":3,"minecraft:beetroot_seeds":3,"minecraft:scaffolding":194,"minecraft:bread":393,"minecraft:golden_helmet":11,"minecraft:netherite_axe":2,"minecraft:amethyst_block":3,"minecraft:tropical_fish":2,"minecraft:iron_block":28,"minecraft:yellow_shulker_box":1,"minecraft:cyan_candle":1,"minecraft:stonecutter":1,"minecraft:cactus":1,"minecraft:redstone_block":26,"minecraft:polished_deepslate":4,"minecraft:kelp":578,"minecraft:sweet_berries":27,"minecraft:dragon_head":1,"minecraft:pink_candle":2,"minecraft:green_concrete":82,"minecraft:totem_of_undying":2,"minecraft:shulker_box":3,"minecraft:netherite_leggings":2,"minecraft:flint_and_steel":3,"minecraft:copper_ore":2,"minecraft:andesite":45,"minecraft:golden_leggings":26,"minecraft:oak_sapling":29,"minecraft:birch_sign":2,"minecraft:spruce_log":36,"minecraft:magma_cream":2,"minecraft:cooked_beef":62,"minecraft:crossbow":1,"minecraft:dark_oak_button":1,"minecraft:purpur_stairs":1,"minecraft:elytra":10,"minecraft:rail":2,"minecraft:leather_helmet":9,"minecraft:red_carpet":2,"minecraft:item_frame":9,"minecraft:dirt":464,"minecraft:grass":1,"minecraft:stone_button":3,"minecraft:wooden_sword":59,"minecraft:bone_block":23,"minecraft:bone_meal":219,"minecraft:phantom_membrane":4,"minecraft:iron_pickaxe":4,"minecraft:bone":74,"minecraft:note_block":1,"minecraft:sugar_cane":74,"minecraft:golden_chestplate":21,"minecraft:pink_dye":128,"minecraft:birch_sapling":10,"minecraft:netherite_shovel":2,"minecraft:hopper":137,"minecraft:cod_bucket":1,"minecraft:white_dye":2,"minecraft:spruce_slab":47,"minecraft:end_stone_bricks":2,"minecraft:egg":5,"minecraft:enchanted_book":6,"minecraft:iron_ingot":44,"minecraft:netherite_pickaxe":7,"minecraft:birch_leaves":32,"minecraft:deepslate_brick_wall":5,"minecraft:netherite_helmet":1,"minecraft:purpur_slab":1,"minecraft:cobblestone":111,"minecraft:apple":5,"minecraft:granite":52,"minecraft:spruce_door":5,"minecraft:disc_fragment_5":1,"minecraft:chainmail_helmet":1,"minecraft:coal":2,"minecraft:jungle_slab":52,"minecraft:dried_kelp_block":1,"minecraft:warped_slab":1,"minecraft:wooden_hoe":7,"minecraft:golden_carrot":329,"minecraft:sponge":180,"minecraft:diamond_helmet":2,"minecraft:dried_kelp":64,"minecraft:spruce_sapling":44,"minecraft:paper":20,"minecraft:prismarine_slab":7,"minecraft:string":45,"minecraft:iron_shovel":1,"minecraft:beetroot_soup":1,"minecraft:hanging_roots":22,"minecraft:bamboo_planks":1,"minecraft:purpur_pillar":2,"minecraft:moss_carpet":3,"minecraft:stone_sword":3,"minecraft:deepslate":4,"minecraft:bowl":41,"minecraft:diamond_hoe":2,"minecraft:chicken":6,"minecraft:glow_lichen":26,"minecraft:spruce_fence":4,"minecraft:pumpkin_seeds":5,"minecraft:big_dripleaf":1,"minecraft:potato":16,"minecraft:stone":161,"minecraft:allium":2,"minecraft:wooden_shovel":1,"minecraft:carved_pumpkin":6,"minecraft:spider_eye":23,"minecraft:dark_prismarine":18,"minecraft:spruce_sign":9,"minecraft:brown_mushroom":15,"minecraft:birch_planks":10,"minecraft:diamond_axe":4,"minecraft:baked_potato":7,"minecraft:sandstone_slab":262,"minecraft:lantern":1,"minecraft:deepslate_tile_wall":6,"minecraft:flint":49,"minecraft:spruce_leaves":30,"minecraft:deepslate_tile_stairs":1,"minecraft:brush":1,"minecraft:crimson_roots":1,"minecraft:coast_armor_trim_smithing_template":1,"minecraft:cooked_cod":10,"minecraft:pumpkin_pie":12,"minecraft:birch_log":110,"minecraft:gravel":170,"minecraft:blackstone":12,"minecraft:yellow_wool":8,"minecraft:cherry_sapling":5,"minecraft:fern":1,"minecraft:diamond_shovel":4,"minecraft:prismarine":318,"minecraft:carrot":405,"minecraft:chiseled_stone_bricks":62,"minecraft:poppy":17,"minecraft:gunpowder":10,"minecraft:azalea":1,"minecraft:chainmail_boots":1,"minecraft:chest":10,"minecraft:arrow":1721,"minecraft:basalt":2,"minecraft:prismarine_bricks":396,"minecraft:firework_rocket":549,"minecraft:water_bucket":8,"minecraft:netherrack":1433,"minecraft:written_book":2,"minecraft:oak_leaves":1,"minecraft:oak_slab":5,"minecraft:mossy_cobblestone":2,"minecraft:smithing_table":1,"minecraft:diamond_leggings":1,"minecraft:poisonous_potato":1,"minecraft:prismarine_shard":4324,"minecraft:lead":1,"minecraft:spectral_arrow":21,"minecraft:grass_block":1519,"minecraft:copper_ingot":1,"minecraft:chiseled_bookshelf":1,"minecraft:stick":47,"minecraft:diorite":84,"minecraft:nether_gold_ore":5,"minecraft:light_blue_stained_glass":44,"minecraft:warped_stairs":1,"minecraft:torch":124,"minecraft:map":2,"minecraft:smooth_quartz_slab":1,"minecraft:wither_rose":64,"minecraft:iron_axe":1,"minecraft:bucket":2,"minecraft:dandelion":5,"minecraft:redstone":11,"minecraft:ender_chest":4,"minecraft:coarse_dirt":1,"minecraft:jukebox":1,"minecraft:tuff":1,"minecraft:composter":32,"minecraft:raw_iron":3,"minecraft:glass_pane":14,"minecraft:snow":50,"minecraft:filled_map":704,"minecraft:shield":4,"minecraft:iron_chestplate":2,"minecraft:pink_wool":1,"minecraft:oak_boat":2,"minecraft:diamond_boots":1,"minecraft:stone_pickaxe":4,"minecraft:raw_gold":1,"minecraft:calcite":10},"minecraft:killed":{"minecraft:cod":7,"minecraft:guardian":27,"minecraft:tropical_fish":4,"minecraft:elder_guardian":7,"minecraft:salmon":121,"minecraft:pillager":12,"minecraft:zombie":146,"minecraft:evoker":1,"minecraft:vindicator":3,"minecraft:frog":1,"minecraft:witch":1,"minecraft:spider":30,"minecraft:piglin":11,"minecraft:zombie_villager":5,"minecraft:trader_llama":1,"minecraft:ghast":6,"minecraft:vex":2,"minecraft:drowned":36,"minecraft:hoglin":1,"minecraft:squid":4,"minecraft:wither_skeleton":3,"minecraft:player":207,"minecraft:shulker":18,"minecraft:skeleton":3353,"minecraft:chicken":4,"minecraft:magma_cube":17,"minecraft:glow_squid":1,"minecraft:cow":9,"minecraft:enderman":3,"minecraft:pig":4,"minecraft:creeper":35,"minecraft:blaze":5,"minecraft:phantom":9},"minecraft:mined":{"minecraft:dragon_wall_head":1,"minecraft:blue_carpet":3,"minecraft:red_shulker_box":14,"minecraft:white_bed":1,"minecraft:pink_bed":127,"minecraft:fire_coral_wall_fan":2,"minecraft:cyan_shulker_box":270,"minecraft:red_nether_bricks":56,"minecraft:granite":812,"minecraft:acacia_log":112,"minecraft:deepslate_tile_wall":3,"minecraft:light_gray_bed":1,"minecraft:blue_wool":15,"minecraft:green_concrete":378,"minecraft:oak_wall_sign":2,"minecraft:nether_wart":43,"minecraft:polished_blackstone_bricks":131,"minecraft:magma_block":106,"minecraft:dark_oak_trapdoor":45,"minecraft:fire":26,"minecraft:barrel":64,"minecraft:cobbled_deepslate":1054,"minecraft:fletching_table":1,"minecraft:deepslate_lapis_ore":43,"minecraft:twisting_vines":9,"minecraft:potted_dandelion":7,"minecraft:light_gray_concrete":67,"minecraft:white_shulker_box":78,"minecraft:spruce_wood":588,"minecraft:player_head":44,"minecraft:tripwire":27,"minecraft:orange_bed":1,"minecraft:sandstone_slab":204,"minecraft:kelp_plant":420,"minecraft:deepslate_tile_slab":8,"minecraft:note_block":8,"minecraft:torch":875,"minecraft:dark_oak_wood":33,"minecraft:melon":8,"minecraft:oxidized_copper":18,"minecraft:white_stained_glass_pane":3,"minecraft:dead_bush":20,"minecraft:spruce_wall_sign":17,"minecraft:smooth_quartz_slab":111,"minecraft:lime_shulker_box":1,"minecraft:sugar_cane":721,"minecraft:bricks":9,"minecraft:amethyst_block":255,"minecraft:cherry_slab":12,"minecraft:birch_sapling":51,"minecraft:white_terracotta":182,"minecraft:chain":30,"minecraft:repeater":62,"minecraft:bamboo_planks":1,"minecraft:mud":171,"minecraft:tinted_glass":12,"minecraft:jukebox":6,"minecraft:pitcher_plant":4,"minecraft:grass":549,"minecraft:dark_oak_sapling":18,"minecraft:birch_button":7,"minecraft:smooth_quartz":309,"minecraft:sandstone_wall":1,"minecraft:smooth_basalt":14,"minecraft:acacia_sign":1,"minecraft:stripped_crimson_stem":2,"minecraft:deepslate":11413,"minecraft:suspicious_gravel":4,"minecraft:dark_prismarine":292,"minecraft:deepslate_tiles":57,"minecraft:mossy_cobblestone":146,"minecraft:cyan_stained_glass":1,"minecraft:cherry_sapling":7,"minecraft:dark_oak_log":3257,"minecraft:sea_lantern":315,"minecraft:end_stone":49,"minecraft:birch_fence_gate":8,"minecraft:dark_oak_fence":80,"minecraft:spruce_fence":77,"minecraft:redstone_wire":108,"minecraft:cartography_table":6,"minecraft:horn_coral":2,"minecraft:pink_concrete":2,"minecraft:green_terracotta":147,"minecraft:andesite":724,"minecraft:vine":6,"minecraft:cobblestone_slab":26,"minecraft:rail":356,"minecraft:brain_coral_wall_fan":3,"minecraft:cherry_fence_gate":3,"minecraft:bone_block":70,"minecraft:pink_glazed_terracotta":30,"minecraft:ender_chest":10,"minecraft:potted_allium":3,"minecraft:oak_slab":37,"minecraft:mud_brick_slab":4,"minecraft:birch_stairs":22,"minecraft:redstone_block":8,"minecraft:glass_pane":39,"minecraft:soul_sand":839,"minecraft:lily_of_the_valley":16,"minecraft:dandelion":22,"minecraft:fire_coral":2,"minecraft:cornflower":1,"minecraft:prismarine_slab":72,"minecraft:warped_roots":83,"minecraft:crimson_slab":56,"minecraft:campfire":8,"minecraft:brain_coral_fan":1,"minecraft:potted_oxeye_daisy":4,"minecraft:purpur_pillar":7,"minecraft:copper_ore":86,"minecraft:tall_grass":93,"minecraft:deepslate_gold_ore":113,"minecraft:diorite":2942,"minecraft:black_stained_glass":1,"minecraft:red_terracotta":12,"minecraft:coarse_dirt":83,"minecraft:cobblestone_wall":26,"minecraft:stripped_spruce_wood":12,"minecraft:dark_oak_wall_sign":1,"minecraft:dark_prismarine_slab":13,"minecraft:dark_oak_button":3,"minecraft:sunflower":2,"minecraft:gravel":1213,"minecraft:brown_terracotta":2,"minecraft:birch_sign":10,"minecraft:polished_blackstone":3,"minecraft:stone_bricks":629,"minecraft:gold_ore":12,"minecraft:cherry_sign":1,"minecraft:chipped_anvil":1,"minecraft:fern":176,"minecraft:prismarine_wall":10,"minecraft:oak_sapling":28,"minecraft:farmland":40,"minecraft:andesite_stairs":3,"minecraft:orange_stained_glass":5,"minecraft:brewing_stand":5,"minecraft:spruce_trapdoor":181,"minecraft:budding_amethyst":1,"minecraft:bubble_coral_fan":1,"minecraft:white_concrete":118,"minecraft:polished_diorite":76,"minecraft:composter":27,"minecraft:frosted_ice":1,"minecraft:mossy_cobblestone_slab":1,"minecraft:sculk_catalyst":3,"minecraft:pink_candle":4,"minecraft:green_stained_glass":6,"minecraft:flowering_azalea_leaves":244,"minecraft:iron_bars":31,"minecraft:azalea":34,"minecraft:spruce_slab":442,"minecraft:deepslate_redstone_ore":355,"minecraft:quartz_block":56,"minecraft:purpur_stairs":4,"minecraft:light_gray_terracotta":23,"minecraft:nether_quartz_ore":538,"minecraft:oak_planks":18,"minecraft:wall_torch":258,"minecraft:cauldron":24,"minecraft:stone_stairs":57,"minecraft:fire_coral_fan":1,"minecraft:warped_nylium":50,"minecraft:powered_rail":18,"minecraft:dark_oak_slab":169,"minecraft:warped_planks":10,"minecraft:tnt":60,"minecraft:smooth_stone_slab":11,"minecraft:oak_log":1034,"minecraft:beetroots":51,"minecraft:lime_terracotta":18,"minecraft:dirt":9159,"minecraft:prismarine_stairs":9,"minecraft:dispenser":2,"minecraft:ancient_debris":18,"minecraft:daylight_detector":1,"minecraft:pink_carpet":46,"minecraft:quartz_stairs":9,"minecraft:dark_oak_leaves":58,"minecraft:mangrove_roots":1,"minecraft:lever":12,"minecraft:glow_lichen":949,"minecraft:ladder":13,"minecraft:chiseled_bookshelf":3,"minecraft:purple_terracotta":28,"minecraft:tube_coral_wall_fan":2,"minecraft:decorated_pot":15,"minecraft:brown_mushroom_block":249,"minecraft:birch_slab":19,"minecraft:spruce_leaves":7567,"minecraft:crimson_stem":6,"minecraft:hay_block":21,"minecraft:light_blue_wall_banner":4,"minecraft:raw_gold_block":7,"minecraft:nether_sprouts":41,"minecraft:polished_basalt":2,"minecraft:light_gray_shulker_box":44,"minecraft:peony":4,"minecraft:gold_block":87,"minecraft:potted_cherry_sapling":1,"minecraft:bookshelf":203,"minecraft:deepslate_iron_ore":102,"minecraft:shroomlight":20,"minecraft:oxidized_cut_copper_slab":2,"minecraft:stripped_oak_log":1,"minecraft:wet_sponge":973,"minecraft:jungle_fence_gate":1,"minecraft:pink_terracotta":30,"minecraft:scaffolding":4548,"minecraft:acacia_leaves":20,"minecraft:snow_block":26,"minecraft:stripped_dark_oak_log":39,"minecraft:basalt":1858,"minecraft:warped_fence":7,"minecraft:polished_granite":4,"minecraft:oak_fence":20,"minecraft:honey_block":1,"minecraft:lime_carpet":24,"minecraft:stone_slab":424,"minecraft:quartz_bricks":2,"minecraft:red_concrete":117,"minecraft:prismarine_bricks":3157,"minecraft:birch_planks":438,"minecraft:bubble_coral":1,"minecraft:sea_pickle":20,"minecraft:ice":6,"minecraft:black_wall_banner":40,"minecraft:bee_nest":1,"minecraft:black_wool":3,"minecraft:cocoa":3,"minecraft:cherry_leaves":578,"minecraft:cyan_carpet":29,"minecraft:flower_pot":3,"minecraft:yellow_concrete":10,"minecraft:purple_shulker_box":58,"minecraft:cracked_stone_bricks":3,"minecraft:small_dripleaf":1,"minecraft:mossy_stone_bricks":133,"minecraft:dark_oak_planks":483,"minecraft:stripped_warped_stem":2,"minecraft:cherry_log":389,"minecraft:obsidian":212,"minecraft:carved_pumpkin":9,"minecraft:warped_hanging_sign":1,"minecraft:crimson_trapdoor":8,"minecraft:stone_brick_wall":3,"minecraft:jungle_log":1,"minecraft:pink_stained_glass":59,"minecraft:deepslate_bricks":342,"minecraft:diorite_stairs":9,"minecraft:purpur_slab":2,"minecraft:deepslate_tile_stairs":11,"minecraft:crimson_fungus":1,"minecraft:tube_coral_block":6,"minecraft:hopper":32,"minecraft:oxeye_daisy":1,"minecraft:chiseled_stone_bricks":56,"minecraft:light_blue_stained_glass":34,"minecraft:weeping_vines_plant":8,"minecraft:tall_seagrass":121,"minecraft:sticky_piston":7,"minecraft:pumpkin":49,"minecraft:moss_carpet":68,"minecraft:stripped_dark_oak_wood":16,"minecraft:enchanting_table":1,"minecraft:sculk_shrieker":3,"minecraft:cave_vines":56,"minecraft:oak_sign":3,"minecraft:polished_deepslate_slab":3,"minecraft:water_cauldron":1,"minecraft:dirt_path":1380,"minecraft:quartz_slab":44,"minecraft:deepslate_brick_stairs":13,"minecraft:blue_orchid":8,"minecraft:iron_block":11,"minecraft:piston_head":2,"minecraft:conduit":1,"minecraft:soul_wall_torch":4,"minecraft:brown_mushroom":47,"minecraft:red_bed":1,"minecraft:player_wall_head":7,"minecraft:amethyst_cluster":114,"minecraft:soul_fire":5,"minecraft:cyan_glazed_terracotta":6,"minecraft:oxidized_cut_copper_stairs":6,"minecraft:mud_brick_stairs":2,"minecraft:green_concrete_powder":42,"minecraft:polished_andesite_stairs":6,"minecraft:polished_diorite_slab":9,"minecraft:glass":57,"minecraft:cyan_bed":425,"minecraft:potted_oak_sapling":5,"minecraft:damaged_anvil":1,"minecraft:crimson_stairs":8,"minecraft:spruce_sign":8,"minecraft:polished_diorite_stairs":4,"minecraft:cyan_wool":3,"minecraft:cherry_fence":97,"minecraft:wheat":165,"minecraft:lilac":2,"minecraft:pumpkin_stem":1,"minecraft:black_bed":56,"minecraft:warped_fungus":11,"minecraft:stone_brick_stairs":70,"minecraft:potted_poppy":2,"minecraft:copper_block":2,"minecraft:loom":5,"minecraft:blue_shulker_box":76,"minecraft:stonecutter":74,"minecraft:red_mushroom_block":98,"minecraft:yellow_stained_glass":17,"minecraft:piston":72,"minecraft:yellow_terracotta":193,"minecraft:pink_shulker_box":143,"minecraft:blue_stained_glass_pane":2,"minecraft:stripped_birch_log":25,"minecraft:shulker_box":677,"minecraft:nether_bricks":83,"minecraft:cobbled_deepslate_slab":36,"minecraft:allium":3,"minecraft:crimson_roots":3,"minecraft:orange_shulker_box":1,"minecraft:yellow_concrete_powder":2,"minecraft:moss_block":160,"minecraft:kelp":234,"minecraft:horn_coral_wall_fan":2,"minecraft:pink_wool":78,"minecraft:snow":164,"minecraft:diamond_block":42,"minecraft:white_glazed_terracotta":2,"minecraft:potatoes":112,"minecraft:smooth_quartz_stairs":117,"minecraft:bamboo_sapling":1,"minecraft:bamboo":119,"minecraft:warped_trapdoor":9,"minecraft:cut_copper":1,"minecraft:white_wool":42,"minecraft:brain_coral":3,"minecraft:smithing_table":2,"minecraft:light_gray_carpet":10,"minecraft:gray_concrete":24,"minecraft:hanging_roots":143,"minecraft:cherry_planks":10,"minecraft:comparator":14,"minecraft:pink_concrete_powder":52,"minecraft:stone_brick_slab":73,"minecraft:observer":46,"minecraft:smooth_sandstone":1289,"minecraft:cobbled_deepslate_wall":2,"minecraft:spruce_button":2,"minecraft:emerald_ore":1,"minecraft:sponge":709,"minecraft:dropper":1,"minecraft:dried_kelp_block":1,"minecraft:cracked_deepslate_bricks":1,"minecraft:big_dripleaf":8,"minecraft:pearlescent_froglight":11,"minecraft:purple_bed":15,"minecraft:prismarine_brick_slab":97,"minecraft:torchflower":5,"minecraft:white_carpet":2,"minecraft:spruce_log":12752,"minecraft:birch_leaves":2453,"minecraft:quartz_pillar":423,"minecraft:dark_oak_sign":1,"minecraft:mycelium":32,"minecraft:pitcher_crop":18,"minecraft:dripstone_block":49,"minecraft:acacia_planks":61,"minecraft:spruce_fence_gate":3,"minecraft:black_shulker_box":13,"minecraft:cherry_pressure_plate":2,"minecraft:spruce_planks":1960,"minecraft:attached_melon_stem":1,"minecraft:cobbled_deepslate_stairs":16,"minecraft:cobblestone_stairs":303,"minecraft:sculk_vein":45,"minecraft:cave_vines_plant":34,"minecraft:cherry_trapdoor":27,"minecraft:grass_block":12451,"minecraft:soul_soil":649,"minecraft:mud_brick_wall":4,"minecraft:mud_bricks":8,"minecraft:sandstone_stairs":10,"minecraft:smooth_stone":46,"minecraft:raw_iron_block":1,"minecraft:glowstone":15,"minecraft:iron_ore":263,"minecraft:target":2,"minecraft:anvil":10,"minecraft:azure_bluet":13,"minecraft:dark_oak_stairs":86,"minecraft:birch_wall_sign":17,"minecraft:azalea_leaves":689,"minecraft:end_stone_bricks":12,"minecraft:brain_coral_block":6,"minecraft:cyan_terracotta":81,"minecraft:blackstone":154,"minecraft:twisting_vines_plant":1,"minecraft:polished_deepslate_stairs":3,"minecraft:soul_lantern":15,"minecraft:clay":10,"minecraft:calcite":1625,"minecraft:poppy":30,"minecraft:chest":262,"minecraft:mushroom_stem":152,"minecraft:cobblestone":5230,"minecraft:birch_wood":2,"minecraft:grindstone":8,"minecraft:prismarine":4135,"minecraft:pink_petals":117,"minecraft:seagrass":60,"minecraft:light_gray_glazed_terracotta":10,"minecraft:acacia_sapling":1,"minecraft:birch_log":4621,"minecraft:dark_oak_door":2,"minecraft:nether_wart_block":69,"minecraft:yellow_wool":402,"minecraft:lapis_block":3,"minecraft:birch_trapdoor":6,"minecraft:light_gray_wool":7,"minecraft:stripped_oak_wood":1,"minecraft:orange_tulip":1,"minecraft:purpur_block":17,"minecraft:diorite_wall":4,"minecraft:sand":3693,"minecraft:crimson_planks":15,"minecraft:potted_red_tulip":3,"minecraft:netherrack":16332,"minecraft:polished_deepslate_wall":2,"minecraft:oak_leaves":2111,"minecraft:emerald_block":77,"minecraft:redstone_lamp":46,"minecraft:nether_gold_ore":28,"minecraft:tube_coral":1,"minecraft:red_carpet":5,"minecraft:tuff":1035,"minecraft:potted_wither_rose":4,"minecraft:deepslate_diamond_ore":198,"minecraft:candle":2,"minecraft:brick_stairs":2,"minecraft:weeping_vines":14,"minecraft:white_stained_glass":8,"minecraft:sandstone":7580,"minecraft:rooted_dirt":191,"minecraft:large_fern":66,"minecraft:spore_blossom":7,"minecraft:deepslate_brick_slab":9,"minecraft:diorite_slab":7,"minecraft:oxidized_cut_copper":87,"minecraft:oak_trapdoor":7,"minecraft:furnace":46,"minecraft:spruce_sapling":43,"minecraft:carrots":205,"minecraft:red_concrete_powder":34,"minecraft:stripped_spruce_log":76,"minecraft:black_concrete":29,"minecraft:polished_deepslate":65,"minecraft:lantern":16,"minecraft:packed_ice":10,"minecraft:chorus_plant":1,"minecraft:stone":16087,"minecraft:cherry_stairs":3,"minecraft:redstone_wall_torch":10,"minecraft:podzol":478,"minecraft:flowering_azalea":20,"minecraft:light_blue_shulker_box":108,"minecraft:red_wool":577,"minecraft:spruce_door":16,"minecraft:crafting_table":155,"minecraft:cyan_stained_glass_pane":1,"minecraft:oak_wood":32,"minecraft:rose_bush":2,"minecraft:andesite_slab":4,"minecraft:sculk_sensor":5,"minecraft:lectern":34,"minecraft:andesite_wall":1,"minecraft:lapis_ore":27,"minecraft:sculk":314,"minecraft:blue_bed":13,"minecraft:spruce_stairs":205,"minecraft:brick_slab":4,"minecraft:gray_wool":1,"minecraft:gray_concrete_powder":115,"minecraft:cactus":22,"minecraft:green_shulker_box":4,"minecraft:redstone_torch":53,"minecraft:magenta_terracotta":17,"minecraft:sweet_berry_bush":10,"minecraft:gray_bed":5,"minecraft:yellow_bed":40,"minecraft:coal_ore":993,"minecraft:end_rod":109,"minecraft:gray_carpet":7,"minecraft:terracotta":64,"minecraft:potted_white_tulip":12,"minecraft:polished_andesite":25,"minecraft:birch_fence":4,"minecraft:warped_slab":69},"minecraft:custom":{"minecraft:interact_with_crafting_table":1995,"minecraft:damage_blocked_by_shield":1565,"minecraft:play_time":39814308,"minecraft:deaths":248,"minecraft:jump":476994,"minecraft:play_record":8,"minecraft:interact_with_cartography_table":14,"minecraft:interact_with_smoker":26,"minecraft:inspect_dispenser":94,"minecraft:horse_one_cm":644934,"minecraft:inspect_dropper":30,"minecraft:interact_with_anvil":55,"minecraft:inspect_hopper":451,"minecraft:tune_noteblock":177,"minecraft:time_since_rest":13625,"minecraft:swim_one_cm":3967612,"minecraft:open_chest":21623,"minecraft:open_shulker_box":16445,"minecraft:damage_resisted":526,"minecraft:play_noteblock":83,"minecraft:talked_to_villager":1467,"minecraft:interact_with_brewingstand":192,"minecraft:interact_with_beacon":2,"minecraft:fill_cauldron":5,"minecraft:interact_with_campfire":19,"minecraft:boat_one_cm":13852894,"minecraft:damage_taken":227402,"minecraft:aviate_one_cm":361061658,"minecraft:open_barrel":3850,"minecraft:eat_cake_slice":1,"minecraft:leave_game":1026,"minecraft:time_since_death":101647,"minecraft:enchant_item":47,"minecraft:interact_with_furnace":1185,"minecraft:traded_with_villager":15986,"minecraft:sleep_in_bed":1038,"minecraft:damage_dealt":199341,"minecraft:interact_with_smithing_table":31,"minecraft:target_hit":5,"minecraft:sneak_time":3302588,"minecraft:interact_with_lectern":89,"minecraft:interact_with_blast_furnace":43,"minecraft:total_world_time":39814308,"minecraft:interact_with_stonecutter":281,"minecraft:fly_one_cm":132006838,"minecraft:fish_caught":60,"minecraft:fall_one_cm":11079792,"minecraft:animals_bred":38,"minecraft:sprint_one_cm":115027749,"minecraft:drop":2951,"minecraft:walk_on_water_one_cm":1427554,"minecraft:interact_with_loom":13,"minecraft:open_enderchest":1064,"minecraft:player_kills":207,"minecraft:crouch_one_cm":16469007,"minecraft:mob_kills":3911,"minecraft:climb_one_cm":3601854,"minecraft:walk_one_cm":48432614,"minecraft:walk_under_water_one_cm":4236391,"minecraft:pot_flower":81,"minecraft:interact_with_grindstone":28,"minecraft:damage_absorbed":226,"minecraft:minecart_one_cm":1918817},"minecraft:crafted":{"minecraft:black_dye":6162,"minecraft:oak_sign":6,"minecraft:red_sand":24,"minecraft:cherry_pressure_plate":3,"minecraft:melon":4,"minecraft:blaze_powder":8,"minecraft:birch_boat":1,"minecraft:chain":226,"minecraft:brick_wall":6,"minecraft:blue_stained_glass_pane":64,"minecraft:diorite_stairs":20,"minecraft:diamond_shovel":2,"minecraft:shulker_box":16,"minecraft:diamond_helmet":2,"minecraft:white_glazed_terracotta":64,"minecraft:decorated_pot":26,"minecraft:dried_kelp_block":7,"minecraft:black_wool":64,"minecraft:name_tag":6,"minecraft:white_shulker_box":1,"minecraft:pink_stained_glass":1728,"minecraft:warped_stairs":40,"minecraft:blue_stained_glass":8,"minecraft:redstone_lamp":5,"minecraft:soul_campfire":21,"minecraft:acacia_slab":18,"minecraft:glow_item_frame":38,"minecraft:chest_minecart":1,"minecraft:raw_gold_block":14,"minecraft:smithing_table":1,"minecraft:mossy_cobblestone":505,"minecraft:sticky_piston":4,"minecraft:fletching_table":3,"minecraft:painting":47,"minecraft:cartography_table":32,"minecraft:stone_brick_stairs":79,"minecraft:lectern":118,"minecraft:golden_leggings":2,"minecraft:stone_slab":42,"minecraft:iron_pickaxe":23,"minecraft:sandstone":4267,"minecraft:netherite_ingot":4,"minecraft:composter":84,"minecraft:dark_prismarine":6272,"minecraft:cyan_wool":128,"minecraft:golden_carrot":699,"minecraft:jukebox":1,"minecraft:crimson_trapdoor":74,"minecraft:iron_nugget":927,"minecraft:spyglass":1,"minecraft:diamond_hoe":1,"minecraft:brick_stairs":12,"minecraft:soul_torch":8,"minecraft:light_gray_wool":46,"minecraft:blue_shulker_box":2,"minecraft:spruce_fence":312,"minecraft:moss_carpet":111,"minecraft:lantern":145,"minecraft:spruce_stairs":1180,"minecraft:light_gray_shulker_box":1,"minecraft:polished_diorite":1572,"minecraft:cherry_stairs":24,"minecraft:stone_pickaxe":4,"minecraft:quartz_slab":168,"minecraft:spruce_boat":7,"minecraft:prismarine_slab":246,"minecraft:brick_slab":18,"minecraft:enchanting_table":1,"minecraft:cyan_bed":4,"minecraft:crimson_slab":324,"minecraft:leather_helmet":3,"minecraft:dark_oak_button":7,"minecraft:red_carpet":27,"minecraft:deepslate_tiles":1076,"minecraft:enchanted_book":8,"minecraft:crimson_stairs":48,"minecraft:red_stained_glass":256,"minecraft:soul_lantern":6,"minecraft:raiser_armor_trim_smithing_template":6,"minecraft:chainmail_boots":1,"minecraft:fermented_spider_eye":15,"minecraft:birch_trapdoor":50,"minecraft:writable_book":2,"minecraft:iron_shovel":3,"minecraft:armor_stand":44,"minecraft:prismarine_wall":6,"minecraft:note_block":96,"minecraft:pink_terracotta":1793,"minecraft:grindstone":12,"minecraft:cobblestone_slab":156,"minecraft:barrel":92,"minecraft:birch_wood":81,"minecraft:cherry_slab":222,"minecraft:packed_mud":48,"minecraft:cooked_chicken":21,"minecraft:stone":11,"minecraft:pink_carpet":1653,"minecraft:quartz_pillar":4879,"minecraft:warped_planks":812,"minecraft:cake":1,"minecraft:stone_brick_slab":126,"minecraft:bow":114,"minecraft:comparator":3,"minecraft:chest":883,"minecraft:oak_button":2,"minecraft:copper_block":22,"minecraft:cod_bucket":24,"minecraft:rail":208,"minecraft:bricks":164,"minecraft:birch_button":22,"minecraft:oak_fence":21,"minecraft:stone_bricks":7824,"minecraft:cherry_fence":417,"minecraft:polished_diorite_slab":96,"minecraft:sea_lantern":8131,"minecraft:dropper":3,"minecraft:cauldron":91,"minecraft:iron_helmet":1,"minecraft:brush":2,"minecraft:cracked_deepslate_bricks":30,"minecraft:white_stained_glass_pane":80,"minecraft:prismarine_brick_slab":42,"minecraft:dispenser":15,"minecraft:tnt":3,"minecraft:spruce_trapdoor":348,"minecraft:purple_dye":2,"minecraft:yellow_dye":1,"minecraft:gray_terracotta":72,"minecraft:stick":2605,"minecraft:iron_ingot":3578,"minecraft:light_blue_shulker_box":1,"minecraft:light_blue_stained_glass":16,"minecraft:cyan_carpet":168,"minecraft:dark_oak_fence_gate":5,"minecraft:beetroot_soup":4,"minecraft:deepslate_bricks":4080,"minecraft:polished_diorite_stairs":4,"minecraft:small_dripleaf":10,"minecraft:oak_door":3,"minecraft:tripwire_hook":16,"minecraft:stone_brick_wall":7,"minecraft:fishing_rod":2,"minecraft:beehive":20,"minecraft:spruce_button":2,"minecraft:mossy_stone_bricks":930,"minecraft:furnace":39,"minecraft:mud_bricks":48,"minecraft:piston":85,"minecraft:mushroom_stew":26,"minecraft:polished_andesite_slab":42,"minecraft:raw_copper_block":7,"minecraft:smooth_quartz_stairs":28,"minecraft:oak_trapdoor":58,"minecraft:flint_and_steel":5,"minecraft:scaffolding":330,"minecraft:orange_terracotta":36,"minecraft:chiseled_bookshelf":15,"minecraft:cobblestone_wall":43,"minecraft:smooth_quartz_slab":242,"minecraft:birch_sign":39,"minecraft:smooth_sandstone_stairs":12,"minecraft:purple_terracotta":24,"minecraft:light_blue_stained_glass_pane":64,"minecraft:iron_trapdoor":9,"minecraft:purple_shulker_box":2,"minecraft:diorite_wall":24,"minecraft:iron_sword":6,"minecraft:cooked_salmon":129,"minecraft:white_dye":748,"minecraft:anvil":26,"minecraft:stonecutter":19,"minecraft:prismarine_stairs":8,"minecraft:diorite_slab":72,"minecraft:torch":1984,"minecraft:diamond_chestplate":2,"minecraft:smooth_stone":357,"minecraft:pink_bed":3,"minecraft:dark_oak_wood":177,"minecraft:birch_slab":618,"minecraft:loom":33,"minecraft:lever":6,"minecraft:bookshelf":584,"minecraft:iron_bars":144,"minecraft:deepslate_brick_stairs":59,"minecraft:quartz_block":6090,"minecraft:glass":271,"minecraft:light_blue_terracotta":66,"minecraft:repeater":13,"minecraft:diamond_leggings":3,"minecraft:cyan_stained_glass_pane":64,"minecraft:netherite_boots":2,"minecraft:birch_fence_gate":20,"minecraft:magenta_dye":6,"minecraft:gray_bed":1,"minecraft:flower_pot":104,"minecraft:glass_bottle":75,"minecraft:target":5,"minecraft:emerald":17260,"minecraft:smooth_quartz":820,"minecraft:diamond_axe":1,"minecraft:prismarine_bricks":5536,"minecraft:spruce_door":15,"minecraft:clock":2,"minecraft:copper_ingot":241,"minecraft:hay_block":5,"minecraft:oak_wood":228,"minecraft:campfire":44,"minecraft:cherry_sign":12,"minecraft:chiseled_deepslate":2,"minecraft:compass":51,"minecraft:iron_block":19,"minecraft:white_terracotta":36,"minecraft:gold_ingot":219,"minecraft:light_gray_dye":48,"minecraft:spruce_fence_gate":23,"minecraft:birch_stairs":168,"minecraft:prismarine":6275,"minecraft:stone_shovel":3,"minecraft:smooth_stone_slab":126,"minecraft:leather_leggings":2,"minecraft:player_head":120,"minecraft:tinted_glass":290,"minecraft:globe_banner_pattern":1,"minecraft:mossy_cobblestone_stairs":24,"minecraft:yellow_bed":1,"minecraft:red_terracotta":24,"minecraft:bone_meal":27394,"minecraft:pink_dye":1029,"minecraft:andesite_wall":2,"minecraft:candle":1,"minecraft:white_carpet":3,"minecraft:warped_trapdoor":92,"minecraft:cherry_trapdoor":56,"minecraft:diamond":270,"minecraft:netherite_axe":1,"minecraft:dark_oak_fence":567,"minecraft:deepslate_brick_wall":6,"minecraft:yellow_glazed_terracotta":12,"minecraft:ladder":228,"minecraft:spruce_slab":3168,"minecraft:diamond_boots":3,"minecraft:cobbled_deepslate_stairs":16,"minecraft:redstone_block":147,"minecraft:dark_oak_planks":7908,"minecraft:wheat":954,"minecraft:dripstone_block":448,"minecraft:coal_block":22,"minecraft:firework_star":4,"minecraft:cyan_glazed_terracotta":40,"minecraft:netherite_pickaxe":2,"minecraft:dried_kelp":128,"minecraft:deepslate_brick_slab":32,"minecraft:blue_bed":1,"minecraft:polished_granite":256,"minecraft:sandstone_slab":2034,"minecraft:conduit":1,"minecraft:glowstone":10,"minecraft:white_stained_glass":168,"minecraft:green_stained_glass_pane":64,"minecraft:golden_apple":6,"minecraft:oak_stairs":8,"minecraft:wooden_axe":8,"minecraft:warped_pressure_plate":3,"minecraft:iron_leggings":2,"minecraft:deepslate_tile_stairs":4,"minecraft:white_bed":1,"minecraft:music_disc_5":1,"minecraft:brick":1570,"minecraft:oak_planks":2168,"minecraft:dark_oak_boat":1,"minecraft:pink_shulker_box":7,"minecraft:cobblestone_stairs":62,"minecraft:light_blue_banner":14,"minecraft:flower_banner_pattern":1,"minecraft:wayfinder_armor_trim_smithing_template":6,"minecraft:green_dye":133,"minecraft:dark_oak_door":6,"minecraft:hopper":240,"minecraft:iron_boots":3,"minecraft:cyan_terracotta":396,"minecraft:mossy_cobblestone_slab":30,"minecraft:chiseled_stone_bricks":1860,"minecraft:stone_hoe":9,"minecraft:raw_iron_block":20,"minecraft:smoker":3,"minecraft:quartz_stairs":32,"minecraft:oak_slab":276,"minecraft:item_frame":70,"minecraft:map":36,"minecraft:crafting_table":122,"minecraft:spruce_planks":18831,"minecraft:mud_brick_slab":24,"minecraft:wooden_pickaxe":1,"minecraft:baked_potato":227,"minecraft:hopper_minecart":5,"minecraft:pumpkin_seeds":4,"minecraft:crimson_pressure_plate":4,"minecraft:brewing_stand":66,"minecraft:birch_planks":8368,"minecraft:black_shulker_box":1,"minecraft:paper":1095,"minecraft:dark_oak_slab":1224,"minecraft:iron_chestplate":2,"minecraft:book":4,"minecraft:charcoal":33,"minecraft:diamond_pickaxe":5,"minecraft:shield":7,"minecraft:light_blue_dye":14,"minecraft:warped_slab":360,"minecraft:birch_fence":27,"minecraft:stone_sword":3,"minecraft:snow_block":8,"minecraft:polished_blackstone_brick_stairs":4,"minecraft:gray_carpet":144,"minecraft:redstone_torch":45,"minecraft:sponge":108,"minecraft:shears":23,"minecraft:sandstone_stairs":52,"minecraft:polished_andesite":1024,"minecraft:cherry_planks":1188,"minecraft:coarse_dirt":1120,"minecraft:wooden_sword":62,"minecraft:cobbled_deepslate_slab":18,"minecraft:redstone":371,"minecraft:raw_iron":63,"minecraft:coal":459,"minecraft:dark_oak_trapdoor":176,"minecraft:gray_dye":32,"minecraft:dark_oak_sign":6,"minecraft:diamond_block":68,"minecraft:glass_pane":160,"minecraft:warped_fence":108,"minecraft:polished_deepslate":4268,"minecraft:iron_axe":6,"minecraft:spruce_wood":4805,"minecraft:slime_ball":14,"minecraft:iron_hoe":1,"minecraft:lime_dye":5,"minecraft:filled_map":14,"minecraft:netherite_scrap":16,"minecraft:observer":67,"minecraft:minecart":14,"minecraft:cherry_fence_gate":2,"minecraft:sugar":32,"minecraft:red_dye":241,"minecraft:cooked_cod":46,"minecraft:bone_block":2160,"minecraft:crimson_planks":972,"minecraft:diamond_sword":2,"minecraft:cyan_dye":132,"minecraft:spruce_sign":93,"minecraft:dark_oak_stairs":732,"minecraft:powered_rail":54,"minecraft:smooth_sandstone":602,"minecraft:bowl":16,"minecraft:bucket":22,"minecraft:stone_axe":4,"minecraft:air":0,"minecraft:bread":69,"minecraft:blue_dye":82,"minecraft:oak_boat":2,"minecraft:mud_brick_wall":16,"minecraft:white_wool":450,"minecraft:gold_nugget":108,"minecraft:raw_gold":63,"minecraft:pink_stained_glass_pane":64,"minecraft:dark_prismarine_slab":60,"minecraft:acacia_planks":552,"minecraft:lapis_lazuli":45,"minecraft:lapis_block":20,"minecraft:firework_rocket":2537},"minecraft:picked_up":{"minecraft:suspicious_stew":15,"minecraft:stone_slab":182,"minecraft:smithing_table":4,"minecraft:lead":22,"minecraft:enchanted_book":9,"minecraft:purple_shulker_box":59,"minecraft:music_disc_cat":5,"minecraft:polished_deepslate":184,"minecraft:string":120,"minecraft:wayfinder_armor_trim_smithing_template":1,"minecraft:pufferfish":9,"minecraft:shroomlight":20,"minecraft:sculk_shrieker":4,"minecraft:cherry_boat":20,"minecraft:diamond_leggings":17,"minecraft:bubble_coral":1,"minecraft:warped_slab":73,"minecraft:crimson_sign":5,"minecraft:jukebox":7,"minecraft:big_dripleaf":21,"minecraft:purpur_pillar":6,"minecraft:acacia_log":176,"minecraft:cyan_stained_glass":1,"minecraft:cauldron":35,"minecraft:green_terracotta":150,"minecraft:golden_chestplate":4,"minecraft:cyan_stained_glass_pane":1,"minecraft:pink_terracotta":30,"minecraft:orange_bed":1,"minecraft:stone_sword":3,"minecraft:lime_carpet":24,"minecraft:horn_coral_fan":3,"minecraft:polished_basalt":2,"minecraft:red_tulip":3,"minecraft:carved_pumpkin":48,"minecraft:glowstone":28,"minecraft:bookshelf":29,"minecraft:end_rod":163,"minecraft:white_terracotta":165,"minecraft:tadpole_bucket":3,"minecraft:blaze_rod":16,"minecraft:iron_bars":31,"minecraft:snowball":34,"minecraft:sponge":837,"minecraft:feather":9,"minecraft:cooked_beef":62,"minecraft:water_bucket":50,"minecraft:dark_oak_boat":4,"minecraft:copper_block":2,"minecraft:flint":188,"minecraft:cherry_fence":96,"minecraft:magenta_terracotta":17,"minecraft:pink_concrete_powder":23,"minecraft:lantern":86,"minecraft:gray_concrete_powder":154,"minecraft:hanging_roots":130,"minecraft:stonecutter":74,"minecraft:dark_oak_sign":5,"minecraft:diamond_helmet":20,"minecraft:glow_lichen":4360,"minecraft:lime_terracotta":17,"minecraft:stripped_crimson_stem":2,"minecraft:birch_fence_gate":7,"minecraft:stripped_spruce_log":73,"minecraft:brown_mushroom_block":78,"minecraft:polished_andesite":16,"minecraft:deepslate":200,"minecraft:lever":17,"minecraft:granite":1062,"minecraft:spruce_button":2,"minecraft:rooted_dirt":250,"minecraft:light_gray_carpet":10,"minecraft:diamond_pickaxe":38,"minecraft:crimson_roots":3,"minecraft:mud":217,"minecraft:shelter_pottery_sherd":2,"minecraft:bee_nest":1,"minecraft:clay_ball":28,"minecraft:redstone_lamp":79,"minecraft:leather_leggings":13,"minecraft:dragon_head":3,"minecraft:purpur_block":13,"minecraft:yellow_candle":1,"minecraft:fire_coral":2,"minecraft:cornflower":1,"minecraft:pink_candle":10,"minecraft:elytra":36,"minecraft:flint_and_steel":6,"minecraft:white_stained_glass":8,"minecraft:white_carpet":8,"minecraft:iron_shovel":3,"minecraft:glass_pane":81,"minecraft:netherite_sword":3,"minecraft:stripped_warped_stem":1,"minecraft:poppy":41,"minecraft:spruce_slab":417,"minecraft:minecart":19,"minecraft:birch_sapling":1082,"minecraft:piston":89,"minecraft:diamond_hoe":7,"minecraft:copper_ore":19,"minecraft:lime_shulker_box":2,"minecraft:black_stained_glass":2,"minecraft:stone":11660,"minecraft:raw_gold_block":6,"minecraft:cyan_glazed_terracotta":6,"minecraft:white_dye":3,"minecraft:jungle_fence_gate":1,"minecraft:netherite_pickaxe":23,"minecraft:cyan_shulker_box":281,"minecraft:stone_shovel":3,"minecraft:decorated_pot":14,"minecraft:purpur_slab":2,"minecraft:hay_block":21,"minecraft:cracked_deepslate_bricks":1,"minecraft:yellow_terracotta":171,"minecraft:totem_of_undying":16,"minecraft:polished_blackstone":3,"minecraft:bone_block":480,"minecraft:rail":385,"minecraft:oxeye_daisy":7,"minecraft:birch_leaves":2346,"minecraft:yellow_shulker_box":1,"minecraft:mud_bricks":8,"minecraft:fern":109,"minecraft:torchflower":5,"minecraft:purpur_stairs":5,"minecraft:sculk_vein":60,"minecraft:diorite_stairs":9,"minecraft:paper":29,"minecraft:light_blue_banner":4,"minecraft:apple":68,"minecraft:light_gray_glazed_terracotta":9,"minecraft:spore_blossom":7,"minecraft:yellow_stained_glass":16,"minecraft:stone_pickaxe":3,"minecraft:iron_ore":22,"minecraft:cherry_sign":2,"minecraft:gray_bed":5,"minecraft:dark_oak_stairs":99,"minecraft:polished_andesite_stairs":5,"minecraft:smooth_basalt":14,"minecraft:sweet_berries":1968,"minecraft:red_wool":489,"minecraft:crimson_stairs":8,"minecraft:light_blue_stained_glass":78,"minecraft:crying_obsidian":10,"minecraft:leather_helmet":2,"minecraft:oak_wood":31,"minecraft:diamond_shovel":15,"minecraft:coal_ore":177,"minecraft:slime_ball":5,"minecraft:snort_pottery_sherd":1,"minecraft:deepslate_redstone_ore":3,"minecraft:painting":115,"minecraft:birch_sign":36,"minecraft:baked_potato":2,"minecraft:smooth_quartz_slab":130,"minecraft:hopper":40,"minecraft:prismarine_stairs":9,"minecraft:ender_chest":20,"minecraft:yellow_wool":447,"minecraft:stone_brick_stairs":69,"minecraft:lapis_block":3,"minecraft:cherry_pressure_plate":2,"minecraft:experience_bottle":2,"minecraft:warped_hanging_sign":1,"minecraft:smooth_stone":166,"minecraft:comparator":15,"minecraft:bucket":11,"minecraft:light_weighted_pressure_plate":8,"minecraft:white_tulip":10,"minecraft:red_dye":6,"minecraft:rose_bush":148,"minecraft:cobblestone_slab":60,"minecraft:azalea":57,"minecraft:wooden_shovel":1,"minecraft:iron_pickaxe":5,"minecraft:smooth_quartz":525,"minecraft:smooth_quartz_stairs":143,"minecraft:deepslate_iron_ore":7,"minecraft:blue_wool":12,"minecraft:birch_trapdoor":6,"minecraft:polished_deepslate_stairs":151,"minecraft:spruce_stairs":189,"minecraft:netherite_shovel":3,"minecraft:diorite":3331,"minecraft:vine":4,"minecraft:goat_horn":1,"minecraft:sniffer_egg":4,"minecraft:andesite_wall":1,"minecraft:rotten_flesh":288,"minecraft:mangrove_roots":65,"minecraft:chorus_flower":2,"minecraft:obsidian":225,"minecraft:deepslate_brick_stairs":13,"minecraft:cobblestone":13021,"minecraft:enchanting_table":1,"minecraft:pink_petals":484,"minecraft:leather_chestplate":8,"minecraft:lilac":127,"minecraft:repeater":98,"minecraft:raiser_armor_trim_smithing_template":1,"minecraft:cherry_planks":5,"minecraft:andesite":1047,"minecraft:black_bed":59,"minecraft:golden_leggings":5,"minecraft:mud_brick_stairs":2,"minecraft:potato":509,"minecraft:prismarine_bricks":2822,"minecraft:stripped_birch_log":24,"minecraft:dirt":11120,"minecraft:glass":304,"minecraft:bone":1432,"minecraft:acacia_planks":74,"minecraft:bow":114,"minecraft:orange_tulip":1,"minecraft:wheat_seeds":657,"minecraft:small_dripleaf":2,"minecraft:birch_wood":52,"minecraft:grindstone":11,"minecraft:popped_chorus_fruit":22,"minecraft:netherite_axe":16,"minecraft:mossy_stone_bricks":126,"minecraft:fletching_table":1,"minecraft:bamboo":1841,"minecraft:prismarine":3198,"minecraft:diorite_wall":3,"minecraft:gray_stained_glass":2,"minecraft:light_blue_shulker_box":119,"minecraft:grass_block":9227,"minecraft:diamond_block":63,"minecraft:spectral_arrow":89,"minecraft:jungle_slab":52,"minecraft:mossy_cobblestone":143,"minecraft:light_gray_terracotta":80,"minecraft:sugar":2,"minecraft:light_blue_terracotta":36,"minecraft:netherite_helmet":2,"minecraft:slime_block":6,"minecraft:soul_lantern":25,"minecraft:yellow_stained_glass_pane":4,"minecraft:crossbow":5,"minecraft:bone_meal":171,"minecraft:grass":11,"minecraft:nether_sprouts":38,"minecraft:golden_apple":2,"minecraft:spruce_sign":44,"minecraft:emerald":150,"minecraft:netherrack":2717,"minecraft:chorus_fruit":2,"minecraft:andesite_slab":6,"minecraft:oak_leaves":1435,"minecraft:azure_bluet":16,"minecraft:splash_potion":3,"minecraft:ladder":293,"minecraft:brown_mushroom":172,"minecraft:packed_ice":67,"minecraft:pink_wool":59,"minecraft:stone_brick_wall":3,"minecraft:diorite_slab":8,"minecraft:chain":43,"minecraft:brick":169,"minecraft:shield":12,"minecraft:orange_stained_glass":2,"minecraft:oak_trapdoor":9,"minecraft:moss_carpet":138,"minecraft:birch_fence":3,"minecraft:mycelium":32,"minecraft:blackstone":819,"minecraft:blue_orchid":8,"minecraft:lime_wool":134,"minecraft:end_stone":47,"minecraft:cherry_stairs":3,"minecraft:flowering_azalea_leaves":230,"minecraft:note_block":32,"minecraft:recovery_compass":1,"minecraft:polished_blackstone_bricks":109,"minecraft:trident":4,"minecraft:light_gray_stained_glass_pane":1,"minecraft:purple_terracotta":28,"minecraft:tube_coral":1,"minecraft:weeping_vines":32,"minecraft:red_shulker_box":18,"minecraft:pumpkin_pie":113,"minecraft:nether_bricks":79,"minecraft:stripped_dark_oak_wood":15,"minecraft:black_banner":30,"minecraft:brick_stairs":2,"minecraft:netherite_boots":20,"minecraft:prismarine_slab":61,"minecraft:basalt":1714,"minecraft:dark_oak_button":11,"minecraft:golden_carrot":1419,"minecraft:leather":41,"minecraft:ice":69,"minecraft:crimson_fungus":1,"minecraft:chainmail_chestplate":4,"minecraft:gunpowder":47,"minecraft:yellow_bed":40,"minecraft:cobbled_deepslate_stairs":15,"minecraft:cobblestone_wall":30,"minecraft:red_carpet":9,"minecraft:pearlescent_froglight":10,"minecraft:gray_carpet":7,"minecraft:spruce_wood":593,"minecraft:iron_ingot":376,"minecraft:cooked_chicken":15,"minecraft:prismarine_brick_slab":82,"minecraft:sculk_catalyst":3,"minecraft:pink_bed":131,"minecraft:nether_quartz_ore":33,"minecraft:warped_fungus":11,"minecraft:emerald_block":82,"minecraft:stone_brick_slab":66,"minecraft:quartz":1178,"minecraft:dandelion":32,"minecraft:amethyst_shard":787,"minecraft:soul_torch":4,"minecraft:green_stained_glass":5,"minecraft:red_banner":2,"minecraft:spruce_door":22,"minecraft:brick_slab":4,"minecraft:polished_diorite_stairs":4,"minecraft:pumpkin_seeds":44,"minecraft:sculk_sensor":13,"minecraft:prismarine_wall":14,"minecraft:cherry_sapling":155,"minecraft:terracotta":232,"minecraft:damaged_anvil":1,"minecraft:netherite_hoe":1,"minecraft:dark_oak_wood":33,"minecraft:sunflower":80,"minecraft:wooden_axe":27,"minecraft:iron_chestplate":5,"minecraft:chainmail_boots":2,"minecraft:flower_pot":47,"minecraft:anvil":11,"minecraft:prismarine_shard":5783,"minecraft:diamond_sword":23,"minecraft:wither_rose":4,"minecraft:birch_button":7,"minecraft:brewing_stand":5,"minecraft:golden_sword":3,"minecraft:polished_deepslate_wall":2,"minecraft:amethyst_block":286,"minecraft:dark_oak_trapdoor":45,"minecraft:soul_soil":659,"minecraft:cooked_salmon":43,"minecraft:red_nether_bricks":55,"minecraft:blue_stained_glass_pane":2,"minecraft:beetroot":51,"minecraft:gold_nugget":127,"minecraft:cobbled_deepslate":11293,"minecraft:spruce_planks":2000,"minecraft:acacia_sign":2,"minecraft:written_book":5,"minecraft:azalea_leaves":650,"minecraft:melon_slice":44,"minecraft:dark_oak_door":7,"minecraft:golden_helmet":2,"minecraft:white_glazed_terracotta":2,"minecraft:sheaf_pottery_sherd":2,"minecraft:composter":28,"minecraft:pink_carpet":43,"minecraft:sandstone_wall":11,"minecraft:cherry_log":454,"minecraft:warped_planks":12,"minecraft:deepslate_tile_stairs":79,"minecraft:black_dye":304,"minecraft:light_blue_wool":55,"minecraft:tropical_fish":3,"minecraft:blue_dye":2,"minecraft:iron_block":451,"minecraft:cyan_terracotta":128,"minecraft:birch_log":5090,"minecraft:magma_block":153,"minecraft:mossy_cobblestone_slab":1,"minecraft:polished_diorite_slab":9,"minecraft:oxidized_copper":19,"minecraft:cherry_leaves":530,"minecraft:birch_slab":88,"minecraft:green_concrete_powder":42,"minecraft:smoker":1,"minecraft:stripped_spruce_wood":8,"minecraft:netherite_leggings":2,"minecraft:gray_concrete":24,"minecraft:twisting_vines":12,"minecraft:chipped_anvil":3,"minecraft:glowstone_dust":48,"minecraft:moss_block":315,"minecraft:pitcher_pod":23,"minecraft:gray_glazed_terracotta":54,"minecraft:warped_wart_block":9,"minecraft:dropper":2,"minecraft:ink_sac":99,"minecraft:loom":3,"minecraft:dark_oak_log":3281,"minecraft:red_terracotta":9,"minecraft:barrel":67,"minecraft:bundle":28,"minecraft:quartz_bricks":2,"minecraft:dispenser":3,"minecraft:green_concrete":456,"minecraft:writable_book":1,"minecraft:bread":370,"minecraft:chainmail_helmet":4,"minecraft:cherry_slab":11,"minecraft:dark_oak_fence":94,"minecraft:bricks":104,"minecraft:music_disc_5":2,"minecraft:spruce_leaves":6708,"minecraft:crafting_table":172,"minecraft:coarse_dirt":108,"minecraft:sandstone_slab":402,"minecraft:bubble_coral_fan":1,"minecraft:purple_wool":65,"minecraft:nether_wart":153,"minecraft:conduit":1,"minecraft:crimson_trapdoor":8,"minecraft:red_bed":2,"minecraft:snow":157,"minecraft:compass":178,"minecraft:cracked_stone_bricks":1,"minecraft:cartography_table":6,"minecraft:deepslate_diamond_ore":74,"minecraft:music_disc_otherside":5,"minecraft:beef":41,"minecraft:cyan_wool":3,"minecraft:iron_nugget":3660,"minecraft:quartz_stairs":9,"minecraft:chest":298,"minecraft:egg":41,"minecraft:sandstone":7599,"minecraft:polished_deepslate_slab":3,"minecraft:glow_item_frame":56,"minecraft:amethyst_cluster":48,"minecraft:spruce_fence":112,"minecraft:carrot":830,"minecraft:redstone":2626,"minecraft:mushroom_stem":116,"minecraft:prismarine_crystals":1228,"minecraft:blue_carpet":7,"minecraft:tnt":60,"minecraft:polished_granite_stairs":2,"minecraft:cooked_cod":26,"minecraft:beetroot_seeds":129,"minecraft:peony":380,"minecraft:tube_coral_fan":1,"minecraft:diamond_boots":7,"minecraft:shears":10,"minecraft:deepslate_bricks":342,"minecraft:cut_copper":1,"minecraft:sandstone_stairs":10,"minecraft:tube_coral_block":6,"minecraft:gold_ingot":22,"minecraft:white_shulker_box":80,"minecraft:glow_berries":134,"minecraft:white_wool":139,"minecraft:crimson_slab":74,"minecraft:lapis_ore":1,"minecraft:stripped_oak_log":1,"minecraft:red_mushroom_block":3,"minecraft:red_mushroom":67,"minecraft:filled_map":1459,"minecraft:oak_log":1033,"minecraft:ancient_debris":18,"minecraft:golden_boots":7,"minecraft:blue_bed":13,"minecraft:white_banner":14,"minecraft:stone_bricks":544,"minecraft:kelp":1983,"minecraft:glass_bottle":3,"minecraft:iron_sword":8,"minecraft:flowering_azalea":28,"minecraft:white_stained_glass_pane":3,"minecraft:dark_oak_slab":320,"minecraft:sculk":321,"minecraft:yellow_concrete":7,"minecraft:spyglass":1,"minecraft:torchflower_seeds":32,"minecraft:gravel":1562,"minecraft:birch_stairs":22,"minecraft:spruce_sapling":1207,"minecraft:spruce_log":12684,"minecraft:sea_lantern":417,"minecraft:firework_rocket":1572,"minecraft:purple_bed":16,"minecraft:stone_axe":4,"minecraft:polished_diorite":98,"minecraft:light_blue_carpet":2,"minecraft:diamond_axe":10,"minecraft:gray_wool":36,"minecraft:warped_roots":89,"minecraft:melon_seeds":1,"minecraft:warped_nylium":47,"minecraft:stripped_dark_oak_log":35,"minecraft:pink_dye":46,"minecraft:ender_pearl":48,"minecraft:shulker_shell":33,"minecraft:wheat":350,"minecraft:redstone_block":7,"minecraft:iron_trapdoor":16,"minecraft:light_gray_shulker_box":45,"minecraft:potion":19,"minecraft:nether_brick":12,"minecraft:brain_coral_block":6,"minecraft:crimson_planks":96,"minecraft:cod_bucket":11,"minecraft:raw_copper":548,"minecraft:smooth_stone_slab":9,"minecraft:sticky_piston":9,"minecraft:armor_stand":22,"minecraft:pink_shulker_box":144,"minecraft:oak_sign":11,"minecraft:sea_pickle":74,"minecraft:deepslate_tiles":55,"minecraft:black_shulker_box":15,"minecraft:redstone_torch":102,"minecraft:calcite":1691,"minecraft:deepslate_tile_wall":164,"minecraft:iron_boots":2,"minecraft:furnace":47,"minecraft:stick":1649,"minecraft:orange_shulker_box":2,"minecraft:jungle_door":1,"minecraft:deepslate_brick_wall":3,"minecraft:brown_terracotta":1,"minecraft:oak_fence":20,"minecraft:torch":1969,"minecraft:snow_block":992,"minecraft:porkchop":16,"minecraft:dried_kelp":192,"minecraft:target":44,"minecraft:pointed_dripstone":165,"minecraft:yellow_concrete_powder":4,"minecraft:blue_stained_glass":3,"minecraft:quartz_block":224,"minecraft:cactus":49,"minecraft:green_wool":8,"minecraft:fire_coral_fan":3,"minecraft:cod":1245,"minecraft:magma_cream":7,"minecraft:tuff":1011,"minecraft:warped_trapdoor":9,"minecraft:danger_pottery_sherd":1,"minecraft:horn_coral":2,"minecraft:green_shulker_box":4,"minecraft:lapis_lazuli":994,"minecraft:polished_granite":7,"minecraft:leather_boots":11,"minecraft:cobbled_deepslate_wall":2,"minecraft:green_candle":1,"minecraft:deepslate_brick_slab":27,"minecraft:raw_gold":260,"minecraft:cobbled_deepslate_slab":67,"minecraft:powered_rail":25,"minecraft:oak_planks":49,"minecraft:brain_coral":3,"minecraft:ghast_tear":2,"minecraft:pink_stained_glass":149,"minecraft:pink_concrete":2,"minecraft:cooked_porkchop":360,"minecraft:music_disc_13":2,"minecraft:axolotl_bucket":1,"minecraft:poisonous_potato":1,"minecraft:polished_blackstone_slab":1,"minecraft:sand":17757,"minecraft:dead_bush":19,"minecraft:lily_of_the_valley":15,"minecraft:cyan_bed":432,"minecraft:oxidized_cut_copper_slab":26,"minecraft:shulker_box":699,"minecraft:dark_prismarine":314,"minecraft:light_gray_concrete":67,"minecraft:dark_prismarine_slab":13,"minecraft:spruce_fence_gate":5,"minecraft:clay":2,"minecraft:diamond":355,"minecraft:spruce_boat":17,"minecraft:black_concrete":31,"minecraft:white_concrete":107,"minecraft:oak_sapling":399,"minecraft:charcoal":4,"minecraft:end_stone_bricks":12,"minecraft:fishing_rod":3,"minecraft:cocoa_beans":21,"minecraft:mud_brick_slab":4,"minecraft:allium":12,"minecraft:chicken":9,"minecraft:chest_minecart":1,"minecraft:gold_block":91,"minecraft:diamond_horse_armor":1,"minecraft:stone_stairs":53,"minecraft:iron_axe":1,"minecraft:wooden_sword":114,"minecraft:quartz_slab":54,"minecraft:item_frame":78,"minecraft:warped_fence":22,"minecraft:cyan_carpet":29,"minecraft:candle":3,"minecraft:echo_shard":5,"minecraft:andesite_stairs":10,"minecraft:oak_boat":14,"minecraft:player_head":375,"minecraft:observer":45,"minecraft:light_gray_wool":2,"minecraft:lectern":35,"minecraft:tinted_glass":5,"minecraft:blue_shulker_box":78,"minecraft:sugar_cane":1298,"minecraft:spruce_trapdoor":183,"minecraft:phantom_membrane":36,"minecraft:cherry_trapdoor":26,"minecraft:dark_oak_sapling":373,"minecraft:raw_iron":615,"minecraft:orange_dye":53,"minecraft:red_stained_glass_pane":1,"minecraft:copper_ingot":143,"minecraft:bowl":33,"minecraft:brown_glazed_terracotta":37,"minecraft:quartz_pillar":459,"minecraft:stone_button":3,"minecraft:iron_horse_armor":1,"minecraft:dark_oak_planks":516,"minecraft:cherry_fence_gate":3,"minecraft:arrow":3248,"minecraft:pink_glazed_terracotta":20,"minecraft:saddle":1,"minecraft:wet_sponge":979,"minecraft:oxidized_cut_copper_stairs":11,"minecraft:crimson_stem":82,"minecraft:glow_ink_sac":3,"minecraft:salmon":140,"minecraft:birch_planks":484,"minecraft:mushroom_stew":29,"minecraft:nether_wart_block":66,"minecraft:cobblestone_stairs":287,"minecraft:deepslate_tile_slab":81,"minecraft:wooden_hoe":8,"minecraft:podzol":396,"minecraft:smooth_sandstone":1280,"minecraft:stripped_oak_wood":1,"minecraft:oxidized_cut_copper":108,"minecraft:acacia_sapling":34,"minecraft:soul_sand":885,"minecraft:music_disc_chirp":2,"minecraft:book":719,"minecraft:scaffolding":9191,"minecraft:oak_slab":63,"minecraft:birch_boat":1,"minecraft:red_concrete_powder":30,"minecraft:bamboo_planks":1,"minecraft:pitcher_plant":22,"minecraft:pumpkin":123,"minecraft:chiseled_stone_bricks":335,"minecraft:raw_iron_block":1,"minecraft:dripstone_block":38,"minecraft:magenta_stained_glass_pane":1,"minecraft:brain_coral_fan":3,"minecraft:mud_brick_wall":4,"minecraft:gold_ore":2,"minecraft:spider_eye":176,"minecraft:lime_dye":2,"minecraft:dried_kelp_block":3,"minecraft:campfire":40,"minecraft:honey_block":2,"minecraft:iron_helmet":1,"minecraft:black_wool":63,"minecraft:red_concrete":114,"minecraft:coal":1861}},"DataVersion":3463}