{"stats":{"minecraft:dropped":{"minecraft:dark_oak_stairs":32,"minecraft:diamond_axe":3,"minecraft:lapis_lazuli":31,"minecraft:dark_oak_sapling":21,"minecraft:chorus_fruit":44,"minecraft:oak_log":64,"minecraft:diamond":4,"minecraft:ender_pearl":359,"minecraft:crafting_table":1,"minecraft:cooked_porkchop":68,"minecraft:elytra":8,"minecraft:raw_gold_block":1,"minecraft:item_frame":1,"minecraft:emerald":18,"minecraft:flint":2,"minecraft:spruce_leaves":64,"minecraft:red_shulker_box":3,"minecraft:dirt":21,"minecraft:snowball":28,"minecraft:pumpkin_pie":59,"minecraft:sunflower":6,"minecraft:dark_oak_planks":4,"minecraft:mangrove_slab":2,"minecraft:gravel":21,"minecraft:red_glazed_terracotta":38,"minecraft:goat_horn":1,"minecraft:compass":3,"minecraft:iron_nugget":11,"minecraft:cobbled_deepslate":6,"minecraft:rotten_flesh":4,"minecraft:diamond_shovel":3,"minecraft:cyan_shulker_box":2,"minecraft:carrot":1,"minecraft:sea_lantern":64,"minecraft:arrow":5,"minecraft:beef":17,"minecraft:white_concrete_powder":1,"minecraft:firework_rocket":228,"minecraft:written_book":1,"minecraft:oak_leaves":2,"minecraft:enchanted_book":5,"minecraft:water_bucket":1,"minecraft:netherite_pickaxe":1,"minecraft:wheat_seeds":2,"minecraft:diamond_leggings":5,"minecraft:spectral_arrow":1,"minecraft:yellow_terracotta":1,"minecraft:cobblestone":71,"minecraft:granite":9,"minecraft:coal":86,"minecraft:stick":16,"minecraft:diorite":14,"minecraft:golden_carrot":65,"minecraft:torch":64,"minecraft:smooth_quartz":4,"minecraft:diamond_helmet":1,"minecraft:smooth_quartz_slab":30,"minecraft:red_dye":1,"minecraft:paper":3,"minecraft:iron_shovel":1,"minecraft:string":4,"minecraft:spruce_sapling":1,"minecraft:sweet_berries":3,"minecraft:player_head":6,"minecraft:raw_copper":4,"minecraft:dark_oak_sign":2,"minecraft:diamond_hoe":1,"minecraft:tuff":92,"minecraft:raw_iron":6,"minecraft:totem_of_undying":2,"minecraft:oak_sign":2,"minecraft:pumpkin_seeds":8,"minecraft:filled_map":120,"minecraft:diamond_sword":4,"minecraft:stone":3,"minecraft:bundle":1,"minecraft:diamond_pickaxe":3,"minecraft:light_gray_bed":1,"minecraft:carved_pumpkin":7,"minecraft:diamond_boots":5,"minecraft:spruce_log":66,"minecraft:bow":2,"minecraft:raw_gold":18},"minecraft:used":{"minecraft:peony":1,"minecraft:moss_block":19,"minecraft:light_blue_stained_glass_pane":6,"minecraft:moss_carpet":1,"minecraft:smooth_quartz_slab":109,"minecraft:spruce_slab":17,"minecraft:poppy":1,"minecraft:diamond_hoe":1890,"minecraft:elytra":8,"minecraft:oak_sign":3,"minecraft:chest":38,"minecraft:white_terracotta":83,"minecraft:stone":110,"minecraft:warped_sign":6,"minecraft:quartz_stairs":25,"minecraft:player_head":16,"minecraft:rotten_flesh":1,"minecraft:oxidized_cut_copper":63,"minecraft:spruce_leaves":978,"minecraft:weathered_copper":2,"minecraft:mutton":4,"minecraft:jungle_slab":16,"minecraft:acacia_button":2,"minecraft:tuff":220,"minecraft:cyan_wool":21,"minecraft:stripped_spruce_log":39,"minecraft:spruce_boat":4,"minecraft:cyan_terracotta":17,"minecraft:coal_ore":64,"minecraft:quartz_pillar":59,"minecraft:lantern":88,"minecraft:grass_block":233,"minecraft:quartz_block":25,"minecraft:copper_ore":7,"minecraft:dark_oak_slab":10,"minecraft:raw_gold_block":15,"minecraft:diorite_wall":5,"minecraft:snow":843,"minecraft:written_book":9,"minecraft:sweet_berries":30,"minecraft:furnace":15,"minecraft:mangrove_slab":6,"minecraft:gold_block":17,"minecraft:dark_oak_sapling":14,"minecraft:dark_oak_stairs":17,"minecraft:diorite":18,"minecraft:end_rod":2,"minecraft:diamond_boots":6,"minecraft:stripped_birch_log":1,"minecraft:birch_leaves":200,"minecraft:chorus_fruit":3,"minecraft:dark_oak_sign":2,"minecraft:ender_pearl":5,"minecraft:sandstone":18,"minecraft:clay":2,"minecraft:diamond_axe":1215,"minecraft:smooth_quartz_stairs":8,"minecraft:oak_leaves":42,"minecraft:dark_oak_trapdoor":9,"minecraft:yellow_terracotta":79,"minecraft:yellow_concrete":37,"minecraft:crossbow":21,"minecraft:oxidized_cut_copper_slab":228,"minecraft:chiseled_quartz_block":55,"minecraft:dripstone_block":18,"minecraft:shears":64,"minecraft:firework_rocket":681,"minecraft:chiseled_sandstone":15,"minecraft:stone_button":2,"minecraft:warped_slab":22,"minecraft:gravel":36,"minecraft:soul_lantern":24,"minecraft:granite_slab":49,"minecraft:diamond_sword":355,"minecraft:dark_oak_fence":117,"minecraft:birch_log":57,"minecraft:white_concrete":13,"minecraft:coarse_dirt":43,"minecraft:bone_meal":61,"minecraft:oak_fence":17,"minecraft:carved_pumpkin":5,"minecraft:armor_stand":2,"minecraft:red_concrete":49,"minecraft:redstone":9,"minecraft:spruce_planks":84,"minecraft:ender_chest":13,"minecraft:netherrack":1,"minecraft:torch":174,"minecraft:warped_wart_block":28,"minecraft:dirt":633,"minecraft:spyglass":2,"minecraft:nether_quartz_ore":59,"minecraft:spruce_stairs":4,"minecraft:cobblestone_wall":13,"minecraft:shulker_box":2,"minecraft:stone_stairs":24,"minecraft:granite":107,"minecraft:spruce_fence":99,"minecraft:blue_concrete":15,"minecraft:shroomlight":1,"minecraft:red_shulker_box":24,"minecraft:cyan_shulker_box":8,"minecraft:warped_fence":7,"minecraft:spruce_button":2,"minecraft:smooth_sandstone":35,"minecraft:smooth_quartz":185,"minecraft:yellow_concrete_powder":54,"minecraft:emerald_block":7,"minecraft:golden_carrot":22,"minecraft:warped_stairs":4,"minecraft:cobbled_deepslate":96,"minecraft:light_gray_bed":39,"minecraft:pumpkin":1,"minecraft:pointed_dripstone":3,"minecraft:mangrove_boat":1,"minecraft:water_bucket":2,"minecraft:light_blue_shulker_box":9,"minecraft:cobblestone_stairs":6,"minecraft:snow_block":38,"minecraft:birch_planks":137,"minecraft:bundle":3,"minecraft:copper_block":59,"minecraft:spruce_sign":5,"minecraft:stonecutter":1,"minecraft:spruce_fence_gate":25,"minecraft:cobblestone_slab":10,"minecraft:diamond_block":3,"minecraft:lime_terracotta":1,"minecraft:terracotta":51,"minecraft:crafting_table":6,"minecraft:birch_sign":3,"minecraft:dark_oak_door":1,"minecraft:warped_planks":45,"minecraft:spruce_log":386,"minecraft:diamond_pickaxe":3195,"minecraft:warped_trapdoor":8,"minecraft:diamond_shovel":2114,"minecraft:chicken":1,"minecraft:cyan_concrete":16,"minecraft:stone_slab":45,"minecraft:spruce_trapdoor":25,"minecraft:spruce_sapling":29,"minecraft:green_shulker_box":2,"minecraft:cobblestone":56,"minecraft:cooked_porkchop":176,"minecraft:pumpkin_pie":9,"minecraft:bucket":2,"minecraft:splash_potion":3,"minecraft:diamond_leggings":5},"minecraft:mined":{"minecraft:spruce_planks":9,"minecraft:red_shulker_box":25,"minecraft:farmland":2,"minecraft:cobblestone_stairs":1,"minecraft:jungle_leaves":1,"minecraft:cyan_shulker_box":4,"minecraft:warped_stairs":2,"minecraft:carved_pumpkin":4,"minecraft:granite":56,"minecraft:grass_block":316,"minecraft:mangrove_fence":2,"minecraft:jungle_log":9,"minecraft:blue_concrete":15,"minecraft:light_gray_bed":40,"minecraft:white_concrete":2,"minecraft:soul_soil":39,"minecraft:green_concrete":5,"minecraft:oak_wall_sign":1,"minecraft:cobbled_deepslate":6,"minecraft:iron_ore":27,"minecraft:fire":2,"minecraft:moss_carpet":4,"minecraft:pumpkin":1,"minecraft:granite_slab":6,"minecraft:deepslate_lapis_ore":4,"minecraft:dark_oak_stairs":4,"minecraft:azalea":1,"minecraft:player_head":3,"minecraft:deepslate_redstone_ore":22,"minecraft:quartz_block":5,"minecraft:cyan_terracotta":1,"minecraft:exposed_copper":3,"minecraft:soul_lantern":1,"minecraft:clay":2,"minecraft:torch":19,"minecraft:poppy":1,"minecraft:oxidized_copper":45,"minecraft:chest":20,"minecraft:smooth_quartz_slab":2,"minecraft:nether_quartz_ore":87,"minecraft:cobblestone":4,"minecraft:oak_planks":8,"minecraft:wall_torch":5,"minecraft:white_terracotta":19,"minecraft:stone_stairs":11,"minecraft:cyan_wool":3,"minecraft:dark_oak_slab":2,"minecraft:warped_planks":10,"minecraft:birch_log":77,"minecraft:copper_block":5,"minecraft:grass":19,"minecraft:diorite_wall":1,"minecraft:lime_terracotta":1,"minecraft:smooth_quartz":22,"minecraft:sand":9,"minecraft:dirt":246,"minecraft:netherrack":2,"minecraft:oak_leaves":71,"minecraft:deepslate":851,"minecraft:yellow_terracotta":84,"minecraft:tuff":443,"minecraft:quartz_stairs":1,"minecraft:deepslate_diamond_ore":43,"minecraft:stripped_birch_log":1,"minecraft:dark_oak_fence":4,"minecraft:spruce_fence":6,"minecraft:weathered_copper":8,"minecraft:jungle_planks":2,"minecraft:spruce_leaves":1507,"minecraft:moss_block":23,"minecraft:sandstone":185,"minecraft:white_concrete_powder":1,"minecraft:large_fern":1,"minecraft:oxidized_cut_copper":1,"minecraft:furnace":12,"minecraft:spruce_sapling":4,"minecraft:raw_gold_block":1,"minecraft:snow":1344,"minecraft:stripped_spruce_log":39,"minecraft:peony":1,"minecraft:deepslate_iron_ore":13,"minecraft:cyan_concrete":8,"minecraft:shroomlight":1,"minecraft:cobblestone_slab":1,"minecraft:vine":1,"minecraft:rail":1,"minecraft:lantern":3,"minecraft:warped_stem":59,"minecraft:oxidized_cut_copper_slab":4,"minecraft:stone":344,"minecraft:ender_chest":14,"minecraft:podzol":1,"minecraft:light_blue_shulker_box":9,"minecraft:gray_concrete":12,"minecraft:soul_sand":51,"minecraft:snow_block":45,"minecraft:warped_fence":4,"minecraft:oak_fence":17,"minecraft:smooth_sandstone":2,"minecraft:crafting_table":5,"minecraft:dropper":1,"minecraft:lectern":1,"minecraft:stone_slab":13,"minecraft:tall_grass":18,"minecraft:copper_ore":73,"minecraft:deepslate_gold_ore":97,"minecraft:lapis_ore":6,"minecraft:red_concrete":26,"minecraft:diorite":208,"minecraft:warped_wart_block":28,"minecraft:birch_planks":1,"minecraft:green_shulker_box":2,"minecraft:cobblestone_wall":3,"minecraft:sweet_berry_bush":1,"minecraft:spruce_log":760,"minecraft:birch_leaves":425,"minecraft:quartz_pillar":5,"minecraft:mangrove_slab":5,"minecraft:coal_ore":174,"minecraft:end_rod":2,"minecraft:yellow_concrete":52,"minecraft:gravel":35,"minecraft:dripstone_block":18,"minecraft:cobweb":4,"minecraft:terracotta":68,"minecraft:acacia_planks":3,"minecraft:birch_sign":1,"minecraft:spruce_fence_gate":1,"minecraft:gold_ore":1,"minecraft:warped_slab":1},"minecraft:crafted":{"minecraft:ender_chest":2,"minecraft:smooth_stone":1,"minecraft:oak_planks":32,"minecraft:oxidized_cut_copper_slab":80,"minecraft:oak_sign":3,"minecraft:blaze_powder":10,"minecraft:diamond_shovel":1,"minecraft:warped_planks":120,"minecraft:dark_oak_door":3,"minecraft:quartz_block":372,"minecraft:glass":16,"minecraft:cyan_terracotta":16,"minecraft:chest":22,"minecraft:copper_block":55,"minecraft:ender_eye":10,"minecraft:oak_fence":3,"minecraft:warped_stairs":4,"minecraft:emerald":288,"minecraft:smooth_quartz":248,"minecraft:diamond_axe":1,"minecraft:crafting_table":3,"minecraft:spruce_planks":584,"minecraft:raw_gold_block":20,"minecraft:copper_ingot":503,"minecraft:birch_planks":196,"minecraft:spruce_trapdoor":26,"minecraft:dark_oak_slab":12,"minecraft:diamond_pickaxe":2,"minecraft:emerald_block":7,"minecraft:stone_slab":18,"minecraft:stick":388,"minecraft:warped_slab":24,"minecraft:light_blue_dye":2,"minecraft:leather_chestplate":2,"minecraft:iron_ingot":84,"minecraft:snow_block":3,"minecraft:light_blue_stained_glass":8,"minecraft:spruce_fence_gate":24,"minecraft:shears":1,"minecraft:coarse_dirt":128,"minecraft:leather_leggings":2,"minecraft:leather_boots":2,"minecraft:iron_nugget":621,"minecraft:diamond_hoe":1,"minecraft:spruce_button":2,"minecraft:soul_torch":24,"minecraft:stone_button":2,"minecraft:furnace":15,"minecraft:dark_oak_trapdoor":14,"minecraft:dark_oak_sign":3,"minecraft:bone_meal":102,"minecraft:spruce_fence":144,"minecraft:warped_trapdoor":8,"minecraft:diamond_block":3,"minecraft:stone_stairs":12,"minecraft:warped_fence":3,"minecraft:lantern":32,"minecraft:diamond":18,"minecraft:dark_oak_fence":117,"minecraft:spruce_stairs":4,"minecraft:spruce_slab":18,"minecraft:dark_oak_planks":520,"minecraft:birch_sign":3,"minecraft:light_blue_stained_glass_pane":16,"minecraft:diamond_sword":1,"minecraft:spruce_sign":6,"minecraft:dark_oak_stairs":16,"minecraft:smooth_sandstone":33,"minecraft:jungle_slab":18,"minecraft:air":0,"minecraft:jungle_planks":32,"minecraft:blue_dye":3,"minecraft:soul_lantern":23,"minecraft:white_dye":3,"minecraft:warped_sign":6,"minecraft:armor_stand":2,"minecraft:stonecutter":1,"minecraft:torch":200},"minecraft:picked_up":{"minecraft:exposed_copper":3,"minecraft:ender_chest":13,"minecraft:stone_slab":20,"minecraft:diamond_sword":8,"minecraft:enchanted_book":5,"minecraft:warped_stairs":12,"minecraft:blue_concrete":15,"minecraft:string":12,"minecraft:soul_soil":29,"minecraft:raw_copper":523,"minecraft:armor_stand":7,"minecraft:shroomlight":1,"minecraft:oak_sign":76,"minecraft:diamond_leggings":9,"minecraft:cobbled_deepslate":813,"minecraft:spruce_planks":137,"minecraft:red_dye":1,"minecraft:warped_slab":1,"minecraft:written_book":5,"minecraft:azalea":1,"minecraft:smooth_quartz":10,"minecraft:furnace":12,"minecraft:stick":33,"minecraft:oak_fence":20,"minecraft:torch":102,"minecraft:snow_block":50,"minecraft:pointed_dripstone":3,"minecraft:diorite":501,"minecraft:warped_planks":121,"minecraft:goat_horn":1,"minecraft:quartz_block":5,"minecraft:light_gray_bed":44,"minecraft:rotten_flesh":10,"minecraft:carved_pumpkin":156,"minecraft:cyan_terracotta":1,"minecraft:end_rod":2,"minecraft:white_terracotta":45,"minecraft:leather_horse_armor":1,"minecraft:obsidian":8,"minecraft:snowball":80,"minecraft:cobblestone":314,"minecraft:birch_log":77,"minecraft:leather_chestplate":1,"minecraft:oxidized_copper":45,"minecraft:water_bucket":6,"minecraft:jungle_log":8,"minecraft:copper_block":5,"minecraft:flint":4,"minecraft:tuff":511,"minecraft:acacia_boat":1,"minecraft:stripped_birch_log":1,"minecraft:green_shulker_box":2,"minecraft:gray_concrete":8,"minecraft:lapis_lazuli":149,"minecraft:mangrove_slab":7,"minecraft:dirt":257,"minecraft:lantern":133,"minecraft:light_gray_concrete_powder":64,"minecraft:leather_boots":1,"minecraft:mangrove_fence":4,"minecraft:bone":1,"minecraft:acacia_planks":4,"minecraft:bow":2,"minecraft:wheat_seeds":3,"minecraft:raw_gold":205,"minecraft:dark_oak_sign":4,"minecraft:diamond_helmet":1,"minecraft:moss_block":20,"minecraft:cyan_concrete":16,"minecraft:oak_planks":10,"minecraft:pink_concrete":1,"minecraft:diorite_wall":1,"minecraft:cooked_porkchop":144,"minecraft:warped_wart_block":28,"minecraft:lime_terracotta":1,"minecraft:sand":9,"minecraft:light_blue_shulker_box":9,"minecraft:stripped_spruce_log":39,"minecraft:granite_slab":6,"minecraft:ink_sac":33,"minecraft:grass_block":325,"minecraft:diamond_block":2,"minecraft:oxidized_cut_copper_slab":5,"minecraft:shulker_box":2,"minecraft:bundle":1,"minecraft:spruce_fence_gate":1,"minecraft:black_concrete_powder":30,"minecraft:clay":2,"minecraft:green_concrete":1,"minecraft:diamond":72,"minecraft:soul_lantern":1,"minecraft:spruce_boat":3,"minecraft:writable_book":1,"minecraft:blue_ice":212,"minecraft:crossbow":1,"minecraft:granite":56,"minecraft:bone_meal":55,"minecraft:white_concrete":57,"minecraft:spruce_sign":1,"minecraft:emerald":82,"minecraft:chorus_fruit":47,"minecraft:netherrack":2,"minecraft:dark_oak_fence":4,"minecraft:oak_leaves":56,"minecraft:diamond_pickaxe":9,"minecraft:spruce_leaves":2032,"minecraft:crafting_table":5,"minecraft:splash_potion":6,"minecraft:chicken":1,"minecraft:leather_leggings":1,"minecraft:packed_ice":54,"minecraft:acacia_button":2,"minecraft:stone_stairs":11,"minecraft:moss_carpet":6,"minecraft:elytra":11,"minecraft:compass":4,"minecraft:snow":1592,"minecraft:item_frame":7,"minecraft:iron_shovel":2,"minecraft:warped_fence":4,"minecraft:beef":17,"minecraft:cyan_wool":3,"minecraft:player_head":39,"minecraft:iron_nugget":56,"minecraft:poppy":1,"minecraft:lectern":1,"minecraft:quartz_stairs":1,"minecraft:chest":22,"minecraft:diamond_hoe":6,"minecraft:copper_ore":7,"minecraft:raw_iron":76,"minecraft:sandstone":178,"minecraft:stone":1214,"minecraft:raw_gold_block":2,"minecraft:copper_ingot":16,"minecraft:spruce_fence":6,"minecraft:white_dye":112,"minecraft:quartz_pillar":5,"minecraft:brown_concrete_powder":63,"minecraft:carrot":1,"minecraft:redstone":106,"minecraft:netherite_pickaxe":1,"minecraft:cyan_shulker_box":7,"minecraft:mangrove_trapdoor":1,"minecraft:dark_oak_planks":4,"minecraft:blue_concrete_powder":54,"minecraft:arrow":207,"minecraft:red_shulker_box":28,"minecraft:pumpkin_pie":68,"minecraft:peony":1,"minecraft:diamond_boots":9,"minecraft:yellow_terracotta":84,"minecraft:saddle":2,"minecraft:totem_of_undying":2,"minecraft:lime_concrete_powder":64,"minecraft:rail":5,"minecraft:birch_leaves":508,"minecraft:golden_carrot":78,"minecraft:leather":23,"minecraft:red_glazed_terracotta":38,"minecraft:birch_planks":1,"minecraft:filled_map":132,"minecraft:ice":14,"minecraft:oak_log":64,"minecraft:cobblestone_wall":2,"minecraft:gunpowder":7,"minecraft:cobblestone_stairs":1,"minecraft:paper":17,"minecraft:smooth_sandstone":2,"minecraft:mangrove_boat":1,"minecraft:warped_stem":58,"minecraft:oxidized_cut_copper":1,"minecraft:soul_sand":37,"minecraft:dark_oak_stairs":33,"minecraft:nether_quartz_ore":59,"minecraft:dark_oak_slab":3,"minecraft:pumpkin":1,"minecraft:sweet_berries":31,"minecraft:yellow_concrete":62,"minecraft:quartz":201,"minecraft:spyglass":1,"minecraft:dripstone_block":18,"minecraft:weathered_copper":8,"minecraft:gravel":99,"minecraft:spruce_sapling":31,"minecraft:spruce_log":1020,"minecraft:sea_lantern":64,"minecraft:firework_rocket":780,"minecraft:diamond_shovel":8,"minecraft:pumpkin_seeds":8,"minecraft:coal_ore":1,"minecraft:white_concrete_powder":65,"minecraft:diamond_axe":8,"minecraft:birch_sign":1,"minecraft:terracotta":68,"minecraft:red_concrete":48,"minecraft:coal":345,"minecraft:smooth_quartz_slab":32,"minecraft:purple_concrete_powder":13,"minecraft:sunflower":6,"minecraft:ender_pearl":413},"minecraft:killed":{"minecraft:cave_spider":1,"minecraft:witch":1,"minecraft:spider":3,"minecraft:skeleton":4,"minecraft:creeper":6,"minecraft:donkey":1,"minecraft:zombie":9,"minecraft:cow":7,"minecraft:vex":1,"minecraft:horse":9,"minecraft:snow_golem":2,"minecraft:player":9,"minecraft:enderman":1984},"minecraft:killed_by":{"minecraft:ravager":4,"minecraft:player":13},"minecraft:custom":{"minecraft:interact_with_crafting_table":79,"minecraft:open_barrel":177,"minecraft:open_shulker_box":297,"minecraft:bell_ring":13,"minecraft:leave_game":55,"minecraft:time_since_death":71656,"minecraft:damage_resisted":102,"minecraft:sprint_one_cm":4045650,"minecraft:drop":268,"minecraft:talked_to_villager":13,"minecraft:play_time":1304878,"minecraft:deaths":19,"minecraft:jump":15234,"minecraft:walk_on_water_one_cm":11196,"minecraft:enchant_item":4,"minecraft:interact_with_furnace":108,"minecraft:traded_with_villager":144,"minecraft:interact_with_loom":1,"minecraft:sleep_in_bed":35,"minecraft:open_enderchest":52,"minecraft:damage_dealt":13954,"minecraft:player_kills":9,"minecraft:crouch_one_cm":265158,"minecraft:inspect_dispenser":3,"minecraft:horse_one_cm":274688,"minecraft:interact_with_smithing_table":3,"minecraft:inspect_dropper":18,"minecraft:interact_with_anvil":10,"minecraft:mob_kills":2031,"minecraft:inspect_hopper":9,"minecraft:climb_one_cm":4432,"minecraft:walk_one_cm":1333115,"minecraft:target_hit":8,"minecraft:sneak_time":69875,"minecraft:walk_under_water_one_cm":217735,"minecraft:boat_one_cm":1993813,"minecraft:interact_with_lectern":77,"minecraft:interact_with_blast_furnace":2,"minecraft:total_world_time":1304878,"minecraft:tune_noteblock":48,"minecraft:pot_flower":5,"minecraft:interact_with_grindstone":1,"minecraft:interact_with_stonecutter":22,"minecraft:time_since_rest":2480,"minecraft:damage_taken":21258,"minecraft:minecart_one_cm":45276,"minecraft:swim_one_cm":49684,"minecraft:fly_one_cm":3741680,"minecraft:open_chest":876,"minecraft:aviate_one_cm":26523574,"minecraft:fall_one_cm":407051}},"DataVersion":3463}