{"stats":{"minecraft:broken":{"minecraft:shears":30,"minecraft:diamond_pickaxe":2,"minecraft:crossbow":1,"minecraft:leather_helmet":1,"minecraft:stone_hoe":1,"minecraft:iron_pickaxe":11,"minecraft:iron_shovel":18,"minecraft:stone_pickaxe":8,"minecraft:stone_axe":2,"minecraft:stone_shovel":6,"minecraft:carrot_on_a_stick":1,"minecraft:stone_sword":1,"minecraft:iron_axe":9,"minecraft:golden_shovel":1,"minecraft:golden_hoe":1,"minecraft:flint_and_steel":3,"minecraft:golden_axe":1,"minecraft:golden_pickaxe":1},"minecraft:used":{"minecraft:moss_block":16317,"minecraft:writable_book":104,"minecraft:polished_granite_stairs":8,"minecraft:chiseled_deepslate":16,"minecraft:smooth_quartz_slab":22,"minecraft:dispenser":65,"minecraft:poppy":15,"minecraft:black_carpet":13,"minecraft:stone":32233,"minecraft:warped_sign":44,"minecraft:quartz_stairs":15,"minecraft:waxed_weathered_cut_copper_stairs":159,"minecraft:tube_coral":1,"minecraft:soul_sand":278,"minecraft:weathered_copper":76,"minecraft:cocoa_beans":47,"minecraft:lily_of_the_valley":3,"minecraft:cut_copper":182,"minecraft:deepslate_brick_slab":31,"minecraft:azure_bluet":33,"minecraft:snowball":207,"minecraft:weeping_vines":4,"minecraft:jungle_sapling":69,"minecraft:spruce_boat":14,"minecraft:lava_bucket":20,"minecraft:stripped_dark_oak_wood":52,"minecraft:mangrove_stairs":98,"minecraft:quartz_pillar":129,"minecraft:jungle_fence_gate":53,"minecraft:red_wool":283,"minecraft:quartz_block":6,"minecraft:dark_oak_slab":345,"minecraft:waxed_weathered_cut_copper":477,"minecraft:diorite_wall":1224,"minecraft:netherite_boots":11,"minecraft:bow":937,"minecraft:yellow_glazed_terracotta":36,"minecraft:oak_sapling":211,"minecraft:mangrove_slab":36,"minecraft:acacia_fence":25,"minecraft:gray_banner":30,"minecraft:green_stained_glass_pane":119,"minecraft:lime_glazed_terracotta":4,"minecraft:deepslate_brick_wall":21,"minecraft:mossy_stone_bricks":338,"minecraft:leather_leggings":3,"minecraft:damaged_anvil":9,"minecraft:chorus_fruit":11,"minecraft:prismarine":1944,"minecraft:blackstone":7,"minecraft:cactus":137,"minecraft:composter":48,"minecraft:wooden_pickaxe":15,"minecraft:mossy_stone_brick_stairs":47,"minecraft:black_glazed_terracotta":52,"minecraft:clay":231,"minecraft:golden_apple":5,"minecraft:glow_berries":40,"minecraft:stripped_mangrove_wood":17,"minecraft:cut_sandstone_slab":6,"minecraft:blast_furnace":64,"minecraft:weathered_cut_copper_slab":17,"minecraft:cyan_dye":17,"minecraft:chiseled_quartz_block":19,"minecraft:gray_concrete":1001,"minecraft:bamboo_button":1,"minecraft:deepslate_brick_stairs":50,"minecraft:birch_fence":520,"minecraft:mangrove_door":7,"minecraft:gray_stained_glass_pane":18,"minecraft:birch_slab":30,"minecraft:deepslate_iron_ore":2,"minecraft:oak_pressure_plate":1,"minecraft:flowering_azalea_leaves":59,"minecraft:nether_wart_block":22,"minecraft:diamond_sword":2588,"minecraft:coal_block":3,"minecraft:exposed_cut_copper":44,"minecraft:smithing_table":17,"minecraft:birch_log":379,"minecraft:oak_boat":1,"minecraft:waxed_cut_copper_stairs":17,"minecraft:diorite_slab":226,"minecraft:diorite_stairs":223,"minecraft:oak_trapdoor":426,"minecraft:enchanting_table":1,"minecraft:orange_concrete":1,"minecraft:carved_pumpkin":3,"minecraft:armor_stand":70,"minecraft:light_gray_carpet":83,"minecraft:tinted_glass":93,"minecraft:jungle_hanging_sign":2,"minecraft:mangrove_fence":14,"minecraft:cooked_salmon":11,"minecraft:torch":3171,"minecraft:orange_stained_glass":32,"minecraft:brewing_stand":11,"minecraft:light_blue_dye":3,"minecraft:nether_quartz_ore":113,"minecraft:chainmail_chestplate":1,"minecraft:light_gray_glazed_terracotta":13,"minecraft:yellow_carpet":14,"minecraft:golden_shovel":6,"minecraft:mud_brick_stairs":2,"minecraft:oak_fence_gate":41,"minecraft:fern":53,"minecraft:mossy_cobblestone_stairs":96,"minecraft:sea_lantern":9,"minecraft:chipped_anvil":14,"minecraft:iron_block":1031,"minecraft:muddy_mangrove_roots":122,"minecraft:polished_deepslate_wall":738,"minecraft:jungle_log":181,"minecraft:barrel":400,"minecraft:bamboo":101,"minecraft:basalt":6010,"minecraft:warped_stairs":54,"minecraft:magenta_terracotta":7,"minecraft:podzol":251,"minecraft:cherry_log":8,"minecraft:horn_coral_fan":10,"minecraft:calcite":765,"minecraft:wheat_seeds":1159,"minecraft:warped_stem":697,"minecraft:light_blue_shulker_box":282,"minecraft:birch_planks":125,"minecraft:bundle":2,"minecraft:lead":11,"minecraft:cherry_planks":3,"minecraft:cauldron":41,"minecraft:glow_ink_sac":82,"minecraft:leather_boots":1,"minecraft:spruce_fence_gate":172,"minecraft:gold_ore":4,"minecraft:deepslate_bricks":2173,"minecraft:waxed_exposed_copper":19,"minecraft:diamond_block":125,"minecraft:polished_deepslate_slab":576,"minecraft:brown_dye":1,"minecraft:light_gray_banner":5,"minecraft:rail":383,"minecraft:cyan_glazed_terracotta":1,"minecraft:red_bed":1,"minecraft:green_dye":1,"minecraft:crimson_trapdoor":80,"minecraft:white_bed":218,"minecraft:campfire":179,"minecraft:spruce_log":1465,"minecraft:mushroom_stem":188,"minecraft:amethyst_cluster":1,"minecraft:diamond_pickaxe":192457,"minecraft:yellow_dye":1,"minecraft:warped_trapdoor":154,"minecraft:diamond_shovel":69252,"minecraft:acacia_sign":7,"minecraft:oak_button":113,"minecraft:suspicious_stew":6,"minecraft:spruce_pressure_plate":24,"minecraft:spruce_trapdoor":1846,"minecraft:spruce_sapling":280,"minecraft:bamboo_slab":11,"minecraft:green_carpet":26,"minecraft:potion":100,"minecraft:azalea_leaves":2539,"minecraft:cooked_porkchop":37,"minecraft:porkchop":3,"minecraft:andesite_stairs":96,"minecraft:warped_fence_gate":55,"minecraft:stripped_oak_log":190,"minecraft:dandelion":15,"minecraft:diamond_leggings":1,"minecraft:cherry_sapling":1,"minecraft:light_blue_banner":1,"minecraft:moss_carpet":220,"minecraft:waxed_exposed_cut_copper":62,"minecraft:red_sand":1,"minecraft:polished_deepslate":1585,"minecraft:light_gray_stained_glass_pane":51,"minecraft:bone_block":240,"minecraft:polished_basalt":850,"minecraft:decorated_pot":4,"minecraft:nether_wart":126,"minecraft:stripped_jungle_wood":167,"minecraft:grass":2806,"minecraft:mossy_stone_brick_slab":60,"minecraft:green_terracotta":230,"minecraft:soul_campfire":13,"minecraft:spruce_leaves":1269,"minecraft:mutton":1,"minecraft:jungle_planks":15,"minecraft:furnace_minecart":4,"minecraft:pink_terracotta":42,"minecraft:beehive":27,"minecraft:obsidian":1,"minecraft:honey_bottle":2,"minecraft:big_dripleaf":47,"minecraft:bricks":191,"minecraft:mangrove_log":217,"minecraft:lantern":63,"minecraft:spruce_wood":29,"minecraft:blue_orchid":17,"minecraft:green_wool":64,"minecraft:warped_nylium":73,"minecraft:light_blue_bed":2,"minecraft:mossy_cobblestone_slab":150,"minecraft:item_frame":241,"minecraft:birch_button":46,"minecraft:deepslate_diamond_ore":25,"minecraft:birch_trapdoor":50,"minecraft:jungle_button":298,"minecraft:written_book":540,"minecraft:mangrove_roots":28,"minecraft:blue_shulker_box":94,"minecraft:gold_block":27,"minecraft:mangrove_leaves":41,"minecraft:dark_oak_sapling":203,"minecraft:bamboo_trapdoor":107,"minecraft:end_rod":163,"minecraft:diamond_boots":1,"minecraft:stripped_acacia_log":140,"minecraft:dropper":85,"minecraft:wither_skeleton_skull":10,"minecraft:stone_pickaxe":1048,"minecraft:jungle_fence":72,"minecraft:gray_carpet":207,"minecraft:mangrove_planks":48,"minecraft:oak_planks":254,"minecraft:prismarine_stairs":39,"minecraft:polished_diorite_slab":216,"minecraft:sandstone":90,"minecraft:chainmail_helmet":8,"minecraft:diamond_axe":27862,"minecraft:sugar_cane":145,"minecraft:white_wool":840,"minecraft:golden_hoe":6,"minecraft:light_blue_concrete":50,"minecraft:lime_stained_glass_pane":594,"minecraft:light_blue_wool":55,"minecraft:yellow_concrete":24,"minecraft:crossbow":288,"minecraft:ochre_froglight":129,"minecraft:lingering_potion":2,"minecraft:sticky_piston":111,"minecraft:black_terracotta":27,"minecraft:lever":354,"minecraft:daylight_detector":1,"minecraft:dark_oak_log":887,"minecraft:nether_sprouts":86,"minecraft:bread":4,"minecraft:brown_wool":412,"minecraft:warped_slab":72,"minecraft:iron_door":13,"minecraft:deepslate":10458,"minecraft:prismarine_wall":257,"minecraft:stripped_warped_hyphae":12,"minecraft:light_blue_concrete_powder":65,"minecraft:mossy_cobblestone_wall":94,"minecraft:chain":519,"minecraft:smooth_stone_slab":561,"minecraft:waxed_oxidized_cut_copper_stairs":6,"minecraft:stripped_cherry_log":2,"minecraft:coarse_dirt":1627,"minecraft:bone_meal":1813,"minecraft:rose_bush":21,"minecraft:waxed_weathered_copper":355,"minecraft:granite_stairs":47,"minecraft:crimson_fence":1,"minecraft:flint_and_steel":320,"minecraft:dried_kelp":1,"minecraft:redstone":1095,"minecraft:ender_chest":1083,"minecraft:brown_shulker_box":143,"minecraft:deepslate_gold_ore":36,"minecraft:stripped_birch_wood":361,"minecraft:stone_hoe":250,"minecraft:cooked_chicken":2,"minecraft:dried_kelp_block":2,"minecraft:dirt":18962,"minecraft:prismarine_bricks":152,"minecraft:golden_chestplate":1,"minecraft:spruce_fence":832,"minecraft:iron_hoe":4,"minecraft:wooden_axe":22,"minecraft:brown_terracotta":3,"minecraft:light_gray_stained_glass":43,"minecraft:oak_stairs":19,"minecraft:smooth_sandstone":183,"minecraft:crimson_slab":4,"minecraft:iron_boots":2,"minecraft:yellow_concrete_powder":16,"minecraft:weathered_cut_copper":309,"minecraft:black_stained_glass":74,"minecraft:soul_soil":19,"minecraft:dark_oak_pressure_plate":14,"minecraft:lime_stained_glass":174,"minecraft:minecart":13,"minecraft:cyan_concrete_powder":21,"minecraft:mossy_stone_brick_wall":28,"minecraft:cooked_beef":1219,"minecraft:enchanted_golden_apple":2,"minecraft:powder_snow_bucket":12,"minecraft:pumpkin":6,"minecraft:orange_stained_glass_pane":4,"minecraft:light_gray_bed":1521,"minecraft:iron_leggings":2,"minecraft:cobbled_deepslate_wall":419,"minecraft:quartz_bricks":22,"minecraft:cobblestone_stairs":316,"minecraft:snow_block":100,"minecraft:cut_sandstone":13,"minecraft:birch_boat":1,"minecraft:spruce_sign":76,"minecraft:green_bed":18,"minecraft:waxed_copper_block":34,"minecraft:dark_prismarine_slab":11,"minecraft:bamboo_block":101,"minecraft:brown_glazed_terracotta":104,"minecraft:warped_planks":103,"minecraft:cyan_stained_glass":32,"minecraft:netherite_block":8,"minecraft:gray_terracotta":9,"minecraft:piston":112,"minecraft:flower_pot":78,"minecraft:black_wool":211,"minecraft:detector_rail":3,"minecraft:stone_slab":2690,"minecraft:jungle_stairs":13,"minecraft:yellow_wool":160,"minecraft:stone_axe":246,"minecraft:crimson_fungus":1,"minecraft:brown_stained_glass_pane":34,"minecraft:end_crystal":4,"minecraft:cobbled_deepslate_slab":1248,"minecraft:cyan_stained_glass_pane":74,"minecraft:pumpkin_pie":13,"minecraft:pink_shulker_box":110,"minecraft:sea_pickle":11,"minecraft:wither_rose":2,"minecraft:gray_wool":728,"minecraft:birch_stairs":14,"minecraft:peony":3,"minecraft:music_disc_far":11,"minecraft:nether_brick_fence":161,"minecraft:spruce_slab":1689,"minecraft:elytra":19,"minecraft:ladder":89,"minecraft:polished_blackstone":28,"minecraft:mangrove_fence_gate":2,"minecraft:chest":372,"minecraft:white_shulker_box":222,"minecraft:blue_stained_glass":3,"minecraft:weathered_cut_copper_stairs":140,"minecraft:allium":1,"minecraft:brick_slab":23,"minecraft:jungle_slab":86,"minecraft:orange_wool":115,"minecraft:acacia_sapling":92,"minecraft:acacia_button":21,"minecraft:stripped_spruce_log":956,"minecraft:honey_block":113,"minecraft:honeycomb":1360,"minecraft:warped_hyphae":9,"minecraft:black_stained_glass_pane":19,"minecraft:grass_block":21767,"minecraft:birch_sapling":189,"minecraft:polished_andesite_stairs":281,"minecraft:orange_shulker_box":83,"minecraft:copper_ore":237,"minecraft:dark_oak_button":69,"minecraft:pink_wool":12,"minecraft:stone_brick_stairs":292,"minecraft:exposed_cut_copper_slab":4,"minecraft:stripped_mangrove_log":95,"minecraft:snow":150,"minecraft:dark_oak_boat":7,"minecraft:sweet_berries":331,"minecraft:furnace":239,"minecraft:egg":57,"minecraft:potato":6,"minecraft:dragon_head":3,"minecraft:seagrass":70,"minecraft:brown_concrete_powder":29,"minecraft:magenta_shulker_box":102,"minecraft:emerald_ore":1,"minecraft:spruce_door":35,"minecraft:diorite":7527,"minecraft:warped_fungus_on_a_stick":46,"minecraft:stripped_birch_log":184,"minecraft:red_stained_glass":2,"minecraft:cut_copper_slab":3,"minecraft:acacia_trapdoor":312,"minecraft:powered_rail":59,"minecraft:blackstone_stairs":1,"minecraft:lime_concrete_powder":4,"minecraft:oak_leaves":1465,"minecraft:smooth_quartz_stairs":19,"minecraft:cookie":9,"minecraft:dark_oak_trapdoor":388,"minecraft:blue_dye":2,"minecraft:sand":183,"minecraft:waxed_weathered_cut_copper_slab":28,"minecraft:blue_ice":5,"minecraft:oxidized_cut_copper_slab":31,"minecraft:black_concrete_powder":63,"minecraft:pumpkin_seeds":1,"minecraft:lightning_rod":341,"minecraft:deepslate_tiles":102,"minecraft:chiseled_sandstone":24,"minecraft:verdant_froglight":249,"minecraft:stone_button":399,"minecraft:spore_blossom":2,"minecraft:lectern":34,"minecraft:polished_granite":464,"minecraft:red_terracotta":276,"minecraft:diamond_ore":6,"minecraft:soul_lantern":9,"minecraft:lilac":14,"minecraft:polished_andesite_slab":403,"minecraft:wooden_sword":26,"minecraft:dark_oak_fence":448,"minecraft:white_stained_glass":62,"minecraft:green_concrete_powder":133,"minecraft:pink_stained_glass":7,"minecraft:oak_hanging_sign":6,"minecraft:gray_stained_glass":4,"minecraft:iron_bars":1993,"minecraft:stone_sword":121,"minecraft:acacia_log":673,"minecraft:red_concrete":29,"minecraft:stripped_warped_stem":738,"minecraft:sandstone_wall":75,"minecraft:netherrack":689,"minecraft:orange_bed":1,"minecraft:green_glazed_terracotta":71,"minecraft:light_gray_shulker_box":239,"minecraft:target":25,"minecraft:warped_wart_block":87,"minecraft:anvil":43,"minecraft:ancient_debris":2,"minecraft:stone_stairs":2816,"minecraft:nether_brick_slab":435,"minecraft:polished_granite_slab":194,"minecraft:glow_lichen":370,"minecraft:jungle_trapdoor":155,"minecraft:nether_brick_stairs":57,"minecraft:polished_diorite":1743,"minecraft:small_dripleaf":1,"minecraft:shroomlight":80,"minecraft:red_shulker_box":390,"minecraft:flowering_azalea":10,"minecraft:cyan_shulker_box":237,"minecraft:iron_axe":2109,"minecraft:rooted_dirt":1,"minecraft:spruce_button":82,"minecraft:slime_block":148,"minecraft:warped_fence":57,"minecraft:lime_dye":40,"minecraft:totem_of_undying":4,"minecraft:mud_bricks":20,"minecraft:pink_stained_glass_pane":14,"minecraft:melon_seeds":2,"minecraft:prismarine_slab":11,"minecraft:waxed_exposed_cut_copper_slab":6,"minecraft:smooth_basalt":219,"minecraft:tripwire_hook":12,"minecraft:glowstone":104,"minecraft:acacia_wood":61,"minecraft:iron_trapdoor":221,"minecraft:gray_glazed_terracotta":159,"minecraft:oxidized_copper":351,"minecraft:orange_terracotta":103,"minecraft:cobbled_deepslate":1972,"minecraft:observer":242,"minecraft:golden_axe":6,"minecraft:hanging_roots":2,"minecraft:pointed_dripstone":361,"minecraft:crimson_stem":16,"minecraft:yellow_banner":40,"minecraft:water_bucket":519,"minecraft:nether_brick_wall":242,"minecraft:mangrove_wood":1,"minecraft:prismarine_brick_slab":17,"minecraft:sandstone_stairs":26,"minecraft:yellow_shulker_box":173,"minecraft:lime_wool":16,"minecraft:red_mushroom_block":1,"minecraft:cracked_stone_bricks":42,"minecraft:polished_blackstone_bricks":4,"minecraft:lime_terracotta":537,"minecraft:mossy_cobblestone":2303,"minecraft:vine":42,"minecraft:comparator":90,"minecraft:tnt":79,"minecraft:oak_slab":179,"minecraft:crafting_table":371,"minecraft:birch_sign":97,"minecraft:dark_oak_fence_gate":41,"minecraft:lime_shulker_box":454,"minecraft:mangrove_sign":46,"minecraft:cake":2,"minecraft:small_amethyst_bud":1,"minecraft:deepslate_tile_wall":76,"minecraft:oak_log":420,"minecraft:mud":1594,"minecraft:dark_prismarine":72,"minecraft:stripped_jungle_log":94,"minecraft:sunflower":11,"minecraft:mangrove_propagule":18,"minecraft:iron_pickaxe":5825,"minecraft:cyan_concrete":23,"minecraft:crimson_nylium":78,"minecraft:crimson_sign":14,"minecraft:chiseled_stone_bricks":22,"minecraft:cobblestone":3440,"minecraft:red_concrete_powder":53,"minecraft:sandstone_slab":2,"minecraft:glass_pane":10,"minecraft:brown_mushroom_block":4,"minecraft:jukebox":1,"minecraft:sculk_vein":14,"minecraft:candle":883,"minecraft:light_blue_stained_glass_pane":59,"minecraft:iron_shovel":10693,"minecraft:carrot_on_a_stick":2,"minecraft:diamond_hoe":10588,"minecraft:oak_sign":152,"minecraft:mangrove_button":1,"minecraft:white_concrete_powder":4366,"minecraft:shield":13,"minecraft:white_terracotta":43,"minecraft:iron_sword":284,"minecraft:purple_shulker_box":97,"minecraft:iron_chestplate":2,"minecraft:player_head":76,"minecraft:smooth_sandstone_stairs":8,"minecraft:oxidized_cut_copper":349,"minecraft:sculk_sensor":1,"minecraft:white_candle":23,"minecraft:birch_pressure_plate":12,"minecraft:nether_bricks":2222,"minecraft:prismarine_brick_stairs":182,"minecraft:carrot":52,"minecraft:deepslate_tile_slab":30,"minecraft:tuff":1588,"minecraft:cyan_wool":17,"minecraft:milk_bucket":2,"minecraft:polished_deepslate_stairs":646,"minecraft:glass":34,"minecraft:cyan_terracotta":865,"minecraft:coal_ore":641,"minecraft:quartz_slab":5,"minecraft:packed_mud":641,"minecraft:dark_oak_wood":40,"minecraft:iron_helmet":2,"minecraft:gray_concrete_powder":1023,"minecraft:crimson_roots":12,"minecraft:hopper_minecart":71,"minecraft:stone_bricks":3975,"minecraft:spruce_hanging_sign":7,"minecraft:repeater":304,"minecraft:red_carpet":185,"minecraft:redstone_lamp":29,"minecraft:magma_block":7,"minecraft:brown_carpet":239,"minecraft:warped_fungus":37,"minecraft:hay_block":134,"minecraft:scaffolding":11395,"minecraft:oxidized_cut_copper_stairs":32,"minecraft:gray_bed":3,"minecraft:polished_diorite_stairs":470,"minecraft:pearlescent_froglight":19,"minecraft:polished_blackstone_stairs":8,"minecraft:oak_chest_boat":1,"minecraft:stripped_spruce_wood":60,"minecraft:golden_boots":1,"minecraft:chiseled_polished_blackstone":4,"minecraft:dark_oak_stairs":232,"minecraft:birch_leaves":3153,"minecraft:dark_oak_sign":45,"minecraft:birch_wood":794,"minecraft:ender_pearl":10,"minecraft:redstone_block":32,"minecraft:brain_coral":1,"minecraft:loom":24,"minecraft:yellow_terracotta":69,"minecraft:black_banner":9,"minecraft:light_gray_terracotta":230,"minecraft:note_block":102,"minecraft:dripstone_block":7,"minecraft:stone_brick_wall":577,"minecraft:shears":6703,"minecraft:cobbled_deepslate_stairs":155,"minecraft:exposed_copper":49,"minecraft:redstone_torch":216,"minecraft:light_gray_concrete":4,"minecraft:brown_stained_glass":13,"minecraft:green_concrete":94,"minecraft:black_concrete":4,"minecraft:heavy_weighted_pressure_plate":3,"minecraft:firework_rocket":5217,"minecraft:birch_fence_gate":22,"minecraft:gray_shulker_box":252,"minecraft:string":78,"minecraft:light_gray_candle":18,"minecraft:gravel":552,"minecraft:blackstone_slab":1,"minecraft:granite_slab":141,"minecraft:stripped_oak_wood":290,"minecraft:grindstone":66,"minecraft:crimson_door":1,"minecraft:andesite":1796,"minecraft:air":18,"minecraft:chest_minecart":24,"minecraft:white_concrete":4357,"minecraft:warped_button":10,"minecraft:golden_pickaxe":8,"minecraft:cobweb":2,"minecraft:oak_fence":412,"minecraft:azalea":95,"minecraft:jungle_leaves":1,"minecraft:music_disc_otherside":1,"minecraft:redstone_ore":20,"minecraft:stone_shovel":788,"minecraft:spruce_planks":1037,"minecraft:cut_copper_stairs":61,"minecraft:oak_door":17,"minecraft:white_carpet":31,"minecraft:hopper":431,"minecraft:spruce_stairs":622,"minecraft:cobblestone_wall":151,"minecraft:warped_door":1,"minecraft:diamond_helmet":1,"minecraft:shulker_box":685,"minecraft:oak_wood":315,"minecraft:light_blue_stained_glass":14,"minecraft:granite":1972,"minecraft:andesite_wall":468,"minecraft:stone_brick_slab":436,"minecraft:dark_oak_planks":1368,"minecraft:bookshelf":70,"minecraft:yellow_stained_glass":2,"minecraft:acacia_slab":12,"minecraft:red_candle":10,"minecraft:crimson_planks":1,"minecraft:light_gray_wool":2133,"minecraft:golden_carrot":105,"minecraft:emerald_block":1,"minecraft:white_stained_glass_pane":152,"minecraft:granite_wall":107,"minecraft:stone_pressure_plate":22,"minecraft:red_dye":6,"minecraft:brown_bed":1,"minecraft:brain_coral_block":23,"minecraft:cooked_mutton":210,"minecraft:amethyst_block":3,"minecraft:iron_ore":191,"minecraft:glass_bottle":95,"minecraft:polished_andesite":1406,"minecraft:mud_brick_slab":19,"minecraft:andesite_slab":54,"minecraft:copper_block":508,"minecraft:black_shulker_box":202,"minecraft:beacon":7,"minecraft:white_dye":21,"minecraft:magenta_stained_glass":3,"minecraft:stonecutter":332,"minecraft:cobblestone_slab":283,"minecraft:glow_item_frame":50,"minecraft:jungle_wood":175,"minecraft:terracotta":551,"minecraft:stripped_dark_oak_log":709,"minecraft:mangrove_trapdoor":54,"minecraft:yellow_stained_glass_pane":22,"minecraft:light_gray_concrete_powder":1124,"minecraft:painting":604,"minecraft:dark_oak_door":14,"minecraft:smoker":37,"minecraft:apple":23,"minecraft:jungle_chest_boat":1,"minecraft:acacia_stairs":2,"minecraft:map":2,"minecraft:acacia_fence_gate":23,"minecraft:green_shulker_box":128,"minecraft:mud_brick_wall":5,"minecraft:white_banner":1,"minecraft:jungle_door":8,"minecraft:red_banner":137,"minecraft:bucket":581,"minecraft:magenta_glazed_terracotta":10,"minecraft:yellow_bed":1,"minecraft:polished_blackstone_button":11,"minecraft:soul_torch":4,"minecraft:splash_potion":16,"minecraft:smooth_stone":873,"minecraft:chainmail_leggings":11},"minecraft:killed_by":{"minecraft:ravager":36,"minecraft:warden":3,"minecraft:drowned":2,"minecraft:skeleton":1,"minecraft:vex":8,"minecraft:evoker":1,"minecraft:creeper":1,"minecraft:player":287},"minecraft:dropped":{"minecraft:glow_ink_sac":45,"minecraft:chorus_fruit":29,"minecraft:glass_bottle":29,"minecraft:diamond":89,"minecraft:crafting_table":51,"minecraft:cooked_porkchop":9,"minecraft:dark_oak_slab":85,"minecraft:warped_roots":295,"minecraft:red_mushroom":31,"minecraft:emerald":118,"minecraft:birch_fence":15,"minecraft:dark_oak_fence":2,"minecraft:dark_oak_trapdoor":3,"minecraft:netherite_boots":2,"minecraft:writable_book":2,"minecraft:gold_nugget":6,"minecraft:sand":24,"minecraft:birch_stairs":2,"minecraft:white_wool":37,"minecraft:dark_oak_planks":113,"minecraft:mangrove_slab":4,"minecraft:diorite_slab":8,"minecraft:tropical_fish_bucket":1,"minecraft:dark_oak_door":1,"minecraft:compass":73,"minecraft:goat_horn":5,"minecraft:diamond_block":19,"minecraft:lever":8,"minecraft:iron_nugget":84,"minecraft:cobbled_deepslate":1522,"minecraft:wheat":128,"minecraft:obsidian":1,"minecraft:stripped_dark_oak_log":29,"minecraft:rotten_flesh":187,"minecraft:oak_planks":4,"minecraft:music_disc_far":2,"minecraft:quartz_bricks":1,"minecraft:azure_bluet":6,"minecraft:azalea_leaves":3,"minecraft:coal_ore":86,"minecraft:diorite_wall":38,"minecraft:quartz_block":2,"minecraft:leather_boots":1,"minecraft:acacia_sapling":66,"minecraft:glass":576,"minecraft:podzol":17,"minecraft:warped_wart_block":18,"minecraft:stone_brick_stairs":1,"minecraft:stripped_mangrove_log":2,"minecraft:wheat_seeds":825,"minecraft:clock":4,"minecraft:dripstone_block":7,"minecraft:cobbled_deepslate_wall":5,"minecraft:deepslate_tile_slab":5,"minecraft:golden_apple":15,"minecraft:dark_oak_leaves":81,"minecraft:gray_wool":1,"minecraft:ink_sac":24,"minecraft:potion":8,"minecraft:stripped_birch_log":7,"minecraft:white_banner":1,"minecraft:red_dye":45,"minecraft:mud":127,"minecraft:chipped_anvil":1,"minecraft:smooth_stone":165,"minecraft:chainmail_leggings":2,"minecraft:smooth_sandstone":36,"minecraft:lily_pad":4,"minecraft:snow_block":742,"minecraft:bricks":190,"minecraft:soul_soil":1,"minecraft:player_head":107,"minecraft:cocoa_beans":3,"minecraft:green_bed":3,"minecraft:red_banner":1,"minecraft:damaged_anvil":1,"minecraft:cobbled_deepslate_slab":3,"minecraft:white_shulker_box":1,"minecraft:shears":1,"minecraft:diamond_sword":4,"minecraft:flower_pot":22,"minecraft:spruce_trapdoor":8,"minecraft:bundle":2,"minecraft:spruce_planks":11,"minecraft:diamond_pickaxe":6,"minecraft:bamboo":3,"minecraft:redstone_torch":1,"minecraft:stone_pressure_plate":4,"minecraft:stone_bricks":5,"minecraft:barrel":4,"minecraft:sandstone":60,"minecraft:bow":41,"minecraft:magma_block":3,"minecraft:brick_slab":1,"minecraft:terracotta":64,"minecraft:blue_shulker_box":1,"minecraft:soul_sand":4,"minecraft:moss_block":1822,"minecraft:oak_log":100,"minecraft:ender_pearl":44,"minecraft:dark_oak_sapling":191,"minecraft:jungle_fence":48,"minecraft:green_shulker_box":1,"minecraft:leather":7,"minecraft:iron_horse_armor":1,"minecraft:birch_slab":4,"minecraft:cod":2,"minecraft:cobblestone_stairs":2,"minecraft:dark_oak_log":232,"minecraft:packed_ice":2,"minecraft:polished_diorite_stairs":4,"minecraft:ice":1,"minecraft:snowball":135,"minecraft:black_shulker_box":1,"minecraft:stripped_oak_wood":2,"minecraft:black_concrete":1,"minecraft:gold_ingot":3,"minecraft:music_disc_otherside":1,"minecraft:andesite_slab":1,"minecraft:pointed_dripstone":4,"minecraft:cyan_shulker_box":3,"minecraft:cooked_mutton":1,"minecraft:acacia_stairs":2,"minecraft:leather_chestplate":1,"minecraft:oak_wood":1,"minecraft:iron_ore":20,"minecraft:birch_button":10,"minecraft:scaffolding":909,"minecraft:polished_granite":6,"minecraft:splash_potion":3,"minecraft:stone_hoe":1,"minecraft:vine":2,"minecraft:golden_helmet":4,"minecraft:netherite_axe":1,"minecraft:andesite_wall":1,"minecraft:jungle_wood":4,"minecraft:tropical_fish":3,"minecraft:spruce_stairs":3,"minecraft:spruce_fence_gate":3,"minecraft:iron_block":101,"minecraft:repeater":58,"minecraft:nether_wart_block":6,"minecraft:stonecutter":4,"minecraft:polished_basalt":1,"minecraft:cactus":1,"minecraft:tripwire_hook":7,"minecraft:redstone_block":125,"minecraft:waxed_weathered_cut_copper_stairs":12,"minecraft:polished_diorite":129,"minecraft:kelp":53,"minecraft:sweet_berries":236,"minecraft:oak_trapdoor":29,"minecraft:dragon_head":1,"minecraft:weathered_copper":1,"minecraft:birch_pressure_plate":12,"minecraft:comparator":15,"minecraft:totem_of_undying":6,"minecraft:netherite_leggings":1,"minecraft:flint_and_steel":1,"minecraft:copper_ore":3,"minecraft:oak_button":14,"minecraft:andesite":277,"minecraft:waxed_weathered_cut_copper":16,"minecraft:oak_sapling":11,"minecraft:spruce_log":71,"minecraft:piston":6,"minecraft:cooked_beef":235,"minecraft:emerald_ore":2,"minecraft:orange_tulip":1,"minecraft:crossbow":27,"minecraft:cookie":18,"minecraft:elytra":12,"minecraft:saddle":23,"minecraft:rail":41,"minecraft:leather_helmet":1,"minecraft:item_frame":3,"minecraft:dirt":4949,"minecraft:red_shulker_box":2,"minecraft:grass":57,"minecraft:packed_mud":2,"minecraft:stone_button":15,"minecraft:phantom_membrane":1,"minecraft:wooden_sword":7,"minecraft:chain":33,"minecraft:jungle_sapling":1,"minecraft:bone_meal":147,"minecraft:sugar":96,"minecraft:bone":30,"minecraft:oak_door":1,"minecraft:polished_andesite_slab":54,"minecraft:emerald_block":1111,"minecraft:golden_chestplate":1,"minecraft:sugar_cane":18,"minecraft:birch_sapling":349,"minecraft:waxed_weathered_copper":17,"minecraft:netherite_shovel":1,"minecraft:lime_dye":1,"minecraft:white_bed":1,"minecraft:salmon":16,"minecraft:acacia_button":3,"minecraft:chiseled_deepslate":1,"minecraft:charcoal":43,"minecraft:hopper":3,"minecraft:ladder":5,"minecraft:white_dye":41,"minecraft:flowering_azalea_leaves":13,"minecraft:egg":11,"minecraft:enchanted_book":4,"minecraft:iron_ingot":262,"minecraft:netherite_pickaxe":2,"minecraft:birch_leaves":316,"minecraft:cobbled_deepslate_stairs":1,"minecraft:polished_blackstone":4,"minecraft:netherite_helmet":1,"minecraft:feather":1,"minecraft:cobblestone":7923,"minecraft:apple":5,"minecraft:granite":270,"minecraft:spruce_button":5,"minecraft:disc_fragment_5":9,"minecraft:chainmail_helmet":3,"minecraft:coal":150,"minecraft:end_rod":4,"minecraft:polished_andesite":33,"minecraft:polished_blackstone_stairs":4,"minecraft:oxeye_daisy":12,"minecraft:golden_carrot":246,"minecraft:spruce_sapling":15,"minecraft:paper":18,"minecraft:string":274,"minecraft:polished_deepslate_wall":9,"minecraft:oxidized_copper":46,"minecraft:magenta_shulker_box":1,"minecraft:gray_carpet":87,"minecraft:pink_tulip":3,"minecraft:bamboo_planks":2,"minecraft:moss_carpet":103,"minecraft:jungle_fence_gate":1,"minecraft:netherite_ingot":26,"minecraft:polished_diorite_slab":5,"minecraft:deepslate":181,"minecraft:dark_oak_sign":4,"minecraft:bowl":11,"minecraft:smooth_stone_slab":75,"minecraft:chicken":3,"minecraft:polished_deepslate_slab":22,"minecraft:stone_slab":121,"minecraft:glow_lichen":128,"minecraft:diamond_ore":3,"minecraft:nether_bricks":271,"minecraft:spruce_fence":4,"minecraft:pumpkin_seeds":12,"minecraft:cobblestone_slab":2,"minecraft:hay_block":525,"minecraft:stone":26641,"minecraft:yellow_bed":1,"minecraft:carved_pumpkin":25,"minecraft:spider_eye":12450,"minecraft:light_gray_dye":2,"minecraft:red_tulip":3,"minecraft:crimson_nylium":2,"minecraft:birch_planks":7,"minecraft:brown_mushroom":10,"minecraft:dark_oak_stairs":73,"minecraft:diamond_axe":4,"minecraft:stripped_birch_wood":54,"minecraft:blue_concrete_powder":16,"minecraft:flint":13,"minecraft:spruce_leaves":64,"minecraft:netherite_scrap":4,"minecraft:jungle_button":31,"minecraft:cornflower":5,"minecraft:crimson_roots":10,"minecraft:white_stained_glass_pane":1,"minecraft:pumpkin_pie":6,"minecraft:amethyst_shard":2,"minecraft:birch_log":258,"minecraft:gravel":515,"minecraft:crimson_fungus":1,"minecraft:mangrove_roots":180,"minecraft:diamond_shovel":4,"minecraft:prismarine":64,"minecraft:stone_stairs":174,"minecraft:carrot":1,"minecraft:brown_shulker_box":2,"minecraft:gunpowder":22,"minecraft:poppy":54,"minecraft:rabbit_hide":1,"minecraft:skeleton_skull":4,"minecraft:melon_seeds":5,"minecraft:azalea":3,"minecraft:chest":24,"minecraft:arrow":324,"minecraft:basalt":2006,"minecraft:spruce_chest_boat":1,"minecraft:firework_rocket":359,"minecraft:netherrack":2207,"minecraft:written_book":4,"minecraft:water_bucket":4,"minecraft:oak_slab":1,"minecraft:mossy_cobblestone":24,"minecraft:minecart":2,"minecraft:diamond_leggings":4,"minecraft:lead":12,"minecraft:observer":9,"minecraft:sculk_vein":42,"minecraft:spectral_arrow":4,"minecraft:copper_ingot":3,"minecraft:grass_block":1045,"minecraft:stick":331,"minecraft:diorite":858,"minecraft:nether_gold_ore":3,"minecraft:torch":75,"minecraft:green_carpet":2,"minecraft:bucket":3,"minecraft:redstone":156,"minecraft:dandelion":68,"minecraft:smooth_basalt":5,"minecraft:anvil":1,"minecraft:ender_chest":8,"minecraft:raw_copper":72,"minecraft:mangrove_button":1,"minecraft:composter":1,"minecraft:tuff":211,"minecraft:raw_iron":12,"minecraft:light_gray_wool":241,"minecraft:muddy_mangrove_roots":20,"minecraft:snow":937,"minecraft:filled_map":57,"minecraft:diamond_chestplate":1,"minecraft:iron_chestplate":1,"minecraft:warped_fence":1,"minecraft:light_gray_bed":8,"minecraft:golden_sword":9,"minecraft:diamond_boots":7,"minecraft:stripped_acacia_log":8,"minecraft:calcite":100},"minecraft:killed":{"minecraft:cod":3,"minecraft:salmon":61,"minecraft:pillager":8,"minecraft:zombie":166,"minecraft:snow_golem":1,"minecraft:warden":6,"minecraft:husk":1,"minecraft:rabbit":1,"minecraft:ravager":1,"minecraft:zombified_piglin":1,"minecraft:spider":117,"minecraft:bee":1,"minecraft:axolotl":3,"minecraft:piglin":5,"minecraft:zombie_villager":4,"minecraft:sheep":139,"minecraft:trader_llama":22,"minecraft:ghast":2,"minecraft:drowned":15,"minecraft:squid":17,"minecraft:player":43,"minecraft:cave_spider":8675,"minecraft:shulker":1,"minecraft:skeleton":612,"minecraft:chicken":8,"minecraft:magma_cube":16,"minecraft:glow_squid":51,"minecraft:cow":368,"minecraft:horse":4,"minecraft:wandering_trader":7,"minecraft:enderman":2,"minecraft:pig":4,"minecraft:creeper":71,"minecraft:blaze":3,"minecraft:phantom":2,"minecraft:bat":3},"minecraft:mined":{"minecraft:dragon_wall_head":1,"minecraft:red_shulker_box":396,"minecraft:white_bed":204,"minecraft:weathered_cut_copper_slab":1,"minecraft:cyan_shulker_box":194,"minecraft:granite":6070,"minecraft:acacia_log":458,"minecraft:deepslate_tile_wall":5,"minecraft:brown_wool":34,"minecraft:light_gray_bed":1509,"minecraft:green_concrete":94,"minecraft:bamboo_block":12,"minecraft:oak_wall_sign":9,"minecraft:nether_wart":124,"minecraft:polished_blackstone_bricks":105,"minecraft:magma_block":23,"minecraft:mossy_cobblestone_stairs":8,"minecraft:dark_oak_trapdoor":82,"minecraft:fire":74,"minecraft:barrel":104,"minecraft:cobbled_deepslate":137,"minecraft:granite_slab":79,"minecraft:deepslate_lapis_ore":63,"minecraft:nether_brick_stairs":2,"minecraft:spruce_pressure_plate":1,"minecraft:light_gray_concrete":4,"minecraft:pink_tulip":6,"minecraft:white_shulker_box":222,"minecraft:waxed_exposed_copper":19,"minecraft:player_head":36,"minecraft:tripwire":24,"minecraft:orange_bed":1,"minecraft:jungle_trapdoor":25,"minecraft:jungle_button":13,"minecraft:kelp_plant":24,"minecraft:crimson_nylium":99,"minecraft:smoker":12,"minecraft:deepslate_tile_slab":6,"minecraft:powder_snow":302,"minecraft:note_block":46,"minecraft:torch":454,"minecraft:melon":14,"minecraft:oxidized_copper":151,"minecraft:dead_bush":7,"minecraft:nether_brick_slab":60,"minecraft:spruce_wall_sign":7,"minecraft:lime_shulker_box":454,"minecraft:sugar_cane":755,"minecraft:bricks":6,"minecraft:amethyst_block":398,"minecraft:birch_sapling":15,"minecraft:white_terracotta":42,"minecraft:chain":20,"minecraft:repeater":30,"minecraft:verdant_froglight":85,"minecraft:jungle_wood":6,"minecraft:mud":10275,"minecraft:tinted_glass":5,"minecraft:jukebox":1,"minecraft:magenta_glazed_terracotta":10,"minecraft:yellow_glazed_terracotta":14,"minecraft:wither_rose":1,"minecraft:grass":3356,"minecraft:dark_oak_sapling":10,"minecraft:sandstone_wall":4,"minecraft:mangrove_log":214,"minecraft:smooth_basalt":811,"minecraft:acacia_sign":1,"minecraft:deepslate":20406,"minecraft:dark_prismarine":1,"minecraft:deepslate_tiles":11,"minecraft:light_blue_wool":103,"minecraft:mossy_cobblestone":172,"minecraft:nether_brick_wall":2,"minecraft:dark_oak_log":4067,"minecraft:potted_flowering_azalea_bush":1,"minecraft:cyan_stained_glass":1,"minecraft:sea_lantern":1,"minecraft:birch_fence_gate":1,"minecraft:dark_oak_fence":52,"minecraft:spruce_fence":48,"minecraft:stripped_jungle_wood":173,"minecraft:acacia_button":3,"minecraft:redstone_wire":103,"minecraft:potted_bamboo":1,"minecraft:cartography_table":1,"minecraft:waxed_weathered_copper":358,"minecraft:white_concrete_powder":33,"minecraft:redstone_ore":58,"minecraft:packed_mud":3,"minecraft:acacia_trapdoor":17,"minecraft:green_terracotta":16,"minecraft:andesite":5925,"minecraft:big_dripleaf_stem":12,"minecraft:vine":234,"minecraft:cyan_concrete":23,"minecraft:cobblestone_slab":23,"minecraft:rail":180,"minecraft:bone_block":36,"minecraft:ender_chest":1074,"minecraft:waxed_weathered_cut_copper_stairs":160,"minecraft:oak_slab":3,"minecraft:redstone_block":19,"minecraft:glass_pane":3,"minecraft:soul_sand":133,"minecraft:lily_of_the_valley":9,"minecraft:dandelion":250,"minecraft:cornflower":16,"minecraft:warped_roots":329,"minecraft:campfire":33,"minecraft:lightning_rod":64,"minecraft:copper_ore":1353,"minecraft:tall_grass":447,"minecraft:deepslate_gold_ore":170,"minecraft:diorite":14458,"minecraft:warped_wart_block":2146,"minecraft:black_stained_glass":7,"minecraft:red_terracotta":774,"minecraft:coarse_dirt":19,"minecraft:stripped_spruce_wood":43,"minecraft:cobblestone_wall":6,"minecraft:dark_oak_wall_sign":4,"minecraft:weathered_cut_copper":3,"minecraft:mangrove_leaves":1123,"minecraft:sunflower":15,"minecraft:gravel":6296,"minecraft:cobweb":3,"minecraft:brown_terracotta":3,"minecraft:birch_sign":7,"minecraft:oak_button":4,"minecraft:polished_blackstone":2,"minecraft:stone_bricks":130,"minecraft:gold_ore":56,"minecraft:chipped_anvil":15,"minecraft:waxed_exposed_cut_copper":62,"minecraft:iron_trapdoor":25,"minecraft:fern":18,"minecraft:stone_pressure_plate":7,"minecraft:prismarine_wall":2,"minecraft:oak_sapling":24,"minecraft:farmland":10,"minecraft:mossy_stone_brick_slab":1,"minecraft:warped_fence_gate":4,"minecraft:orange_wool":34,"minecraft:spruce_trapdoor":175,"minecraft:budding_amethyst":7,"minecraft:mangrove_door":5,"minecraft:white_concrete":4642,"minecraft:polished_diorite":29,"minecraft:composter":19,"minecraft:mossy_cobblestone_slab":11,"minecraft:red_tulip":3,"minecraft:pointed_dripstone":190,"minecraft:flowering_azalea_leaves":606,"minecraft:iron_bars":19,"minecraft:azalea":13,"minecraft:granite_stairs":9,"minecraft:spruce_slab":329,"minecraft:netherite_block":6,"minecraft:waxed_cut_copper_stairs":17,"minecraft:gray_terracotta":4,"minecraft:deepslate_redstone_ore":456,"minecraft:brown_shulker_box":143,"minecraft:jungle_door":2,"minecraft:quartz_block":4,"minecraft:exposed_copper":61,"minecraft:orange_terracotta":3,"minecraft:yellow_banner":9,"minecraft:light_gray_terracotta":8,"minecraft:mossy_cobblestone_wall":6,"minecraft:beacon":5,"minecraft:wither_skeleton_wall_skull":1,"minecraft:nether_quartz_ore":411,"minecraft:oak_planks":10,"minecraft:wall_torch":628,"minecraft:cauldron":1,"minecraft:spruce_wall_hanging_sign":2,"minecraft:stone_stairs":182,"minecraft:warped_nylium":108,"minecraft:powered_rail":21,"minecraft:dark_oak_slab":17,"minecraft:warped_planks":1,"minecraft:tnt":12,"minecraft:smooth_stone_slab":25,"minecraft:oak_log":1288,"minecraft:lime_terracotta":19,"minecraft:dirt":22348,"minecraft:waxed_weathered_cut_copper":477,"minecraft:prismarine_stairs":7,"minecraft:raw_copper_block":5,"minecraft:dispenser":10,"minecraft:ancient_debris":23,"minecraft:crying_obsidian":4,"minecraft:yellow_wall_banner":11,"minecraft:quartz_stairs":1,"minecraft:dark_oak_leaves":1833,"minecraft:stripped_mangrove_log":112,"minecraft:red_stained_glass":1,"minecraft:mangrove_roots":460,"minecraft:mangrove_wall_sign":1,"minecraft:gray_glazed_terracotta":31,"minecraft:lever":35,"minecraft:glow_lichen":146,"minecraft:ladder":6,"minecraft:stone_button":38,"minecraft:weathered_copper":220,"minecraft:decorated_pot":1,"minecraft:brown_mushroom_block":226,"minecraft:soul_campfire":6,"minecraft:birch_slab":4,"minecraft:spruce_leaves":1468,"minecraft:acacia_slab":13,"minecraft:crimson_stem":26,"minecraft:hay_block":48,"minecraft:nether_sprouts":265,"minecraft:polished_basalt":56,"minecraft:light_gray_shulker_box":240,"minecraft:detector_rail":2,"minecraft:peony":3,"minecraft:gold_block":8,"minecraft:nether_brick_fence":64,"minecraft:bookshelf":6,"minecraft:deepslate_iron_ore":67,"minecraft:shroomlight":81,"minecraft:oxidized_cut_copper_slab":2,"minecraft:stripped_oak_log":204,"minecraft:oak_hanging_sign":2,"minecraft:jungle_fence_gate":6,"minecraft:pink_terracotta":2,"minecraft:scaffolding":6410,"minecraft:acacia_leaves":196,"minecraft:snow_block":727,"minecraft:stripped_dark_oak_log":735,"minecraft:basalt":4873,"minecraft:warped_fence":5,"minecraft:polished_granite":75,"minecraft:oak_fence":17,"minecraft:honey_block":1,"minecraft:stone_slab":89,"minecraft:jungle_hanging_sign":1,"minecraft:quartz_bricks":4,"minecraft:red_concrete":33,"minecraft:birch_planks":2,"minecraft:bamboo_trapdoor":3,"minecraft:sea_pickle":4,"minecraft:polished_blackstone_slab":35,"minecraft:ice":418,"minecraft:black_wall_banner":4,"minecraft:muddy_mangrove_roots":11,"minecraft:cocoa":48,"minecraft:ochre_froglight":1,"minecraft:cherry_leaves":75,"minecraft:yellow_concrete":29,"minecraft:purple_shulker_box":96,"minecraft:small_dripleaf":7,"minecraft:mossy_stone_bricks":7,"minecraft:crimson_fence":1,"minecraft:dark_oak_planks":20,"minecraft:polished_granite_slab":85,"minecraft:stripped_warped_stem":744,"minecraft:light_blue_concrete":67,"minecraft:black_terracotta":1,"minecraft:cherry_log":27,"minecraft:jungle_leaves":406,"minecraft:obsidian":26,"minecraft:warped_stairs":5,"minecraft:carved_pumpkin":5,"minecraft:red_sand":392,"minecraft:crimson_trapdoor":9,"minecraft:stone_brick_wall":16,"minecraft:yellow_carpet":4,"minecraft:jungle_log":1333,"minecraft:pink_stained_glass":1,"minecraft:coal_block":22,"minecraft:deepslate_bricks":101,"minecraft:diorite_stairs":20,"minecraft:lime_stained_glass":15,"minecraft:crimson_fungus":6,"minecraft:hopper":147,"minecraft:oxeye_daisy":14,"minecraft:potted_fern":3,"minecraft:orange_concrete":7,"minecraft:tall_seagrass":8,"minecraft:sticky_piston":20,"minecraft:pumpkin":26,"minecraft:moss_carpet":71,"minecraft:stripped_dark_oak_wood":39,"minecraft:lime_stained_glass_pane":1,"minecraft:water_cauldron":1,"minecraft:cave_vines":24,"minecraft:oak_sign":6,"minecraft:polished_deepslate_slab":31,"minecraft:dirt_path":645,"minecraft:oak_stairs":1,"minecraft:small_amethyst_bud":1,"minecraft:deepslate_brick_stairs":11,"minecraft:smooth_sandstone_stairs":4,"minecraft:blue_orchid":17,"minecraft:stripped_mangrove_wood":5,"minecraft:iron_block":680,"minecraft:piston_head":1,"minecraft:player_wall_head":8,"minecraft:amethyst_cluster":56,"minecraft:oxidized_cut_copper_stairs":2,"minecraft:blast_furnace":23,"minecraft:polished_andesite_stairs":21,"minecraft:green_concrete_powder":3,"minecraft:polished_diorite_slab":4,"minecraft:glass":44,"minecraft:damaged_anvil":11,"minecraft:spruce_sign":5,"minecraft:skeleton_skull":4,"minecraft:polished_diorite_stairs":35,"minecraft:black_concrete_powder":47,"minecraft:wheat":836,"minecraft:lilac":7,"minecraft:waxed_copper_block":34,"minecraft:pumpkin_stem":1,"minecraft:warped_fungus":55,"minecraft:stone_brick_stairs":1,"minecraft:copper_block":92,"minecraft:prismarine_brick_stairs":2,"minecraft:oak_fence_gate":3,"minecraft:loom":13,"minecraft:stripped_birch_wood":383,"minecraft:blue_shulker_box":94,"minecraft:red_mushroom_block":241,"minecraft:stonecutter":329,"minecraft:piston":21,"minecraft:yellow_terracotta":2,"minecraft:light_blue_stained_glass_pane":1,"minecraft:pink_shulker_box":110,"minecraft:light_gray_stained_glass_pane":1,"minecraft:stripped_birch_log":198,"minecraft:shulker_box":687,"minecraft:nether_bricks":1743,"minecraft:cobbled_deepslate_slab":18,"minecraft:allium":4,"minecraft:crimson_roots":28,"minecraft:orange_shulker_box":84,"minecraft:lime_wool":16,"minecraft:moss_block":1851,"minecraft:kelp":8,"minecraft:jungle_sapling":6,"minecraft:polished_blackstone_button":3,"minecraft:snow":1982,"minecraft:acacia_wood":2,"minecraft:diamond_block":92,"minecraft:warped_wall_sign":5,"minecraft:potatoes":3,"minecraft:warped_stem":316,"minecraft:bamboo":303,"minecraft:smooth_quartz_stairs":1,"minecraft:bamboo_sapling":1,"minecraft:warped_trapdoor":8,"minecraft:cut_copper":39,"minecraft:white_wool":520,"minecraft:smithing_table":2,"minecraft:light_gray_carpet":1,"minecraft:mangrove_stairs":11,"minecraft:gray_concrete":977,"minecraft:hanging_roots":2,"minecraft:comparator":14,"minecraft:brown_carpet":3,"minecraft:stone_brick_slab":30,"minecraft:observer":50,"minecraft:smooth_sandstone":22,"minecraft:cobbled_deepslate_wall":9,"minecraft:light_gray_concrete_powder":50,"minecraft:spruce_button":3,"minecraft:emerald_ore":13,"minecraft:dropper":13,"minecraft:big_dripleaf":15,"minecraft:pearlescent_froglight":2,"minecraft:white_carpet":3,"minecraft:spruce_log":4666,"minecraft:birch_leaves":7320,"minecraft:jungle_fence":7,"minecraft:quartz_pillar":7,"minecraft:red_wall_banner":24,"minecraft:dripstone_block":16,"minecraft:spruce_fence_gate":16,"minecraft:black_shulker_box":203,"minecraft:spruce_planks":74,"minecraft:cobbled_deepslate_stairs":19,"minecraft:cobblestone_stairs":22,"minecraft:cave_vines_plant":6,"minecraft:grass_block":26942,"minecraft:mangrove_fence":2,"minecraft:soul_soil":21,"minecraft:stripped_warped_hyphae":13,"minecraft:warped_sign":3,"minecraft:mud_bricks":1,"minecraft:sandstone_stairs":9,"minecraft:smooth_stone":30,"minecraft:raw_iron_block":1,"minecraft:glowstone":5,"minecraft:iron_ore":1035,"minecraft:target":3,"minecraft:black_carpet":1,"minecraft:anvil":20,"minecraft:dark_oak_stairs":44,"minecraft:azure_bluet":58,"minecraft:brown_glazed_terracotta":12,"minecraft:warped_button":2,"minecraft:birch_wall_sign":22,"minecraft:azalea_leaves":1769,"minecraft:green_bed":16,"minecraft:blackstone":169,"minecraft:cyan_terracotta":40,"minecraft:polished_deepslate_stairs":69,"minecraft:melon_stem":1,"minecraft:soul_lantern":2,"minecraft:clay":4500,"minecraft:calcite":650,"minecraft:poppy":193,"minecraft:chest":222,"minecraft:mushroom_stem":60,"minecraft:cobblestone":967,"minecraft:birch_wood":9,"minecraft:slime_block":1,"minecraft:grindstone":16,"minecraft:prismarine":18,"minecraft:iron_door":6,"minecraft:deepslate_copper_ore":6,"minecraft:magenta_shulker_box":101,"minecraft:seagrass":86,"minecraft:light_gray_glazed_terracotta":3,"minecraft:acacia_sapling":43,"minecraft:brown_concrete_powder":19,"minecraft:dark_oak_door":7,"minecraft:nether_wart_block":144,"minecraft:waxed_oxidized_cut_copper_stairs":6,"minecraft:yellow_wool":31,"minecraft:birch_log":3562,"minecraft:birch_trapdoor":2,"minecraft:stripped_oak_wood":292,"minecraft:light_gray_wool":38,"minecraft:mangrove_button":1,"minecraft:orange_tulip":1,"minecraft:diorite_wall":22,"minecraft:green_glazed_terracotta":17,"minecraft:acacia_fence":4,"minecraft:sand":2353,"minecraft:crimson_planks":1,"minecraft:waxed_exposed_cut_copper_slab":6,"minecraft:tripwire_hook":2,"minecraft:wither_skeleton_skull":2,"minecraft:netherrack":8778,"minecraft:polished_deepslate_wall":19,"minecraft:oak_leaves":2347,"minecraft:emerald_block":6,"minecraft:granite_wall":2,"minecraft:nether_gold_ore":18,"minecraft:diamond_ore":7,"minecraft:tube_coral":2,"minecraft:red_carpet":3,"minecraft:tuff":2857,"minecraft:deepslate_diamond_ore":147,"minecraft:candle":26,"minecraft:oak_door":8,"minecraft:stripped_cherry_log":2,"minecraft:gray_shulker_box":249,"minecraft:dark_oak_pressure_plate":1,"minecraft:weeping_vines":6,"minecraft:white_stained_glass":4,"minecraft:polished_andesite_slab":36,"minecraft:mangrove_trapdoor":35,"minecraft:sandstone":620,"minecraft:mangrove_propagule":22,"minecraft:rooted_dirt":20,"minecraft:large_fern":39,"minecraft:oxidized_cut_copper":49,"minecraft:spore_blossom":4,"minecraft:deepslate_brick_slab":1,"minecraft:diorite_slab":15,"minecraft:oak_trapdoor":50,"minecraft:furnace":109,"minecraft:spruce_sapling":47,"minecraft:carrots":41,"minecraft:black_glazed_terracotta":1,"minecraft:black_concrete":4,"minecraft:dark_oak_fence_gate":10,"minecraft:stripped_spruce_log":1055,"minecraft:chiseled_deepslate":3,"minecraft:bell":2,"minecraft:polished_deepslate":32,"minecraft:lantern":3,"minecraft:stripped_acacia_log":140,"minecraft:stripped_jungle_log":118,"minecraft:packed_ice":2,"minecraft:white_tulip":4,"minecraft:stone":103956,"minecraft:yellow_shulker_box":172,"minecraft:redstone_wall_torch":16,"minecraft:podzol":729,"minecraft:flowering_azalea":3,"minecraft:light_blue_shulker_box":286,"minecraft:red_wool":60,"minecraft:cut_copper_stairs":1,"minecraft:spruce_door":12,"minecraft:red_banner":4,"minecraft:crafting_table":348,"minecraft:cyan_stained_glass_pane":20,"minecraft:oak_wood":2,"minecraft:rose_bush":12,"minecraft:andesite_slab":5,"minecraft:sculk_sensor":4,"minecraft:lectern":9,"minecraft:andesite_wall":10,"minecraft:lapis_ore":124,"minecraft:sculk":25,"minecraft:spruce_stairs":66,"minecraft:gray_wool":43,"minecraft:cactus":68,"minecraft:brick_slab":4,"minecraft:gray_concrete_powder":39,"minecraft:waxed_weathered_cut_copper_slab":28,"minecraft:green_shulker_box":128,"minecraft:acacia_fence_gate":10,"minecraft:beehive":3,"minecraft:polished_blackstone_stairs":2,"minecraft:redstone_torch":12,"minecraft:sweet_berry_bush":24,"minecraft:gray_bed":2,"minecraft:yellow_bed":1,"minecraft:dead_brain_coral_block":23,"minecraft:mangrove_slab":15,"minecraft:coal_ore":2302,"minecraft:end_rod":18,"minecraft:gray_carpet":106,"minecraft:terracotta":342,"minecraft:crimson_wall_sign":5,"minecraft:polished_andesite":39,"minecraft:birch_fence":49},"minecraft:custom":{"minecraft:interact_with_crafting_table":2591,"minecraft:damage_blocked_by_shield":600,"minecraft:play_time":37954318,"minecraft:deaths":377,"minecraft:jump":271045,"minecraft:play_record":12,"minecraft:interact_with_cartography_table":2,"minecraft:interact_with_smoker":362,"minecraft:inspect_dispenser":316,"minecraft:horse_one_cm":12506866,"minecraft:inspect_dropper":475,"minecraft:interact_with_anvil":144,"minecraft:inspect_hopper":1330,"minecraft:tune_noteblock":393,"minecraft:time_since_rest":20826,"minecraft:swim_one_cm":857720,"minecraft:open_chest":11991,"minecraft:open_shulker_box":23045,"minecraft:damage_resisted":433,"minecraft:play_noteblock":50,"minecraft:talked_to_villager":34,"minecraft:interact_with_brewingstand":154,"minecraft:interact_with_beacon":18,"minecraft:fill_cauldron":6,"minecraft:interact_with_campfire":1,"minecraft:boat_one_cm":6606260,"minecraft:damage_taken":164365,"minecraft:aviate_one_cm":247977484,"minecraft:open_barrel":12617,"minecraft:bell_ring":102,"minecraft:leave_game":685,"minecraft:time_since_death":57941,"minecraft:enchant_item":18,"minecraft:interact_with_furnace":2779,"minecraft:traded_with_villager":2,"minecraft:sleep_in_bed":2187,"minecraft:damage_dealt":276350,"minecraft:use_cauldron":3,"minecraft:interact_with_smithing_table":21,"minecraft:target_hit":111,"minecraft:sneak_time":5196908,"minecraft:interact_with_lectern":102,"minecraft:interact_with_blast_furnace":579,"minecraft:total_world_time":37954318,"minecraft:interact_with_stonecutter":921,"minecraft:fly_one_cm":29747408,"minecraft:fall_one_cm":4310927,"minecraft:animals_bred":603,"minecraft:sprint_one_cm":30124486,"minecraft:drop":3540,"minecraft:walk_on_water_one_cm":1349773,"minecraft:interact_with_loom":48,"minecraft:open_enderchest":4734,"minecraft:player_kills":12,"minecraft:crouch_one_cm":25650456,"minecraft:mob_kills":10440,"minecraft:climb_one_cm":3855550,"minecraft:walk_one_cm":72016954,"minecraft:strider_one_cm":718,"minecraft:walk_under_water_one_cm":2680603,"minecraft:pot_flower":65,"minecraft:interact_with_grindstone":16,"minecraft:damage_absorbed":399,"minecraft:minecart_one_cm":700868,"minecraft:pig_one_cm":63242},"minecraft:crafted":{"minecraft:lime_stained_glass":200,"minecraft:black_dye":146,"minecraft:yellow_wool":50,"minecraft:chainmail_helmet":1,"minecraft:oxidized_cut_copper_slab":30,"minecraft:oak_sign":138,"minecraft:polished_deepslate_wall":2,"minecraft:weathered_cut_copper_stairs":140,"minecraft:blaze_powder":82,"minecraft:chain":501,"minecraft:diorite_stairs":8,"minecraft:diamond_shovel":3,"minecraft:nether_brick":113,"minecraft:cracked_stone_bricks":49,"minecraft:shulker_box":64,"minecraft:stone_pressure_plate":20,"minecraft:decorated_pot":3,"minecraft:iron_door":6,"minecraft:dried_kelp_block":8,"minecraft:gray_stained_glass_pane":40,"minecraft:gray_stained_glass":24,"minecraft:lime_concrete_powder":8,"minecraft:white_shulker_box":4,"minecraft:pink_stained_glass":8,"minecraft:warped_stairs":52,"minecraft:weathered_cut_copper_slab":16,"minecraft:blue_stained_glass":8,"minecraft:soul_campfire":14,"minecraft:acacia_slab":12,"minecraft:jungle_boat":1,"minecraft:polished_andesite_stairs":4,"minecraft:glow_item_frame":44,"minecraft:chest_minecart":20,"minecraft:green_bed":2,"minecraft:smithing_table":15,"minecraft:mossy_cobblestone":2393,"minecraft:brown_bed":1,"minecraft:nether_brick_fence":162,"minecraft:sticky_piston":94,"minecraft:mangrove_sign":48,"minecraft:green_stained_glass":8,"minecraft:sentry_armor_trim_smithing_template":2,"minecraft:polished_deepslate_slab":30,"minecraft:painting":126,"minecraft:lectern":29,"minecraft:wooden_hoe":2,"minecraft:golden_leggings":3,"minecraft:stone_slab":38,"minecraft:iron_pickaxe":11,"minecraft:sandstone":133,"minecraft:netherite_ingot":1,"minecraft:composter":34,"minecraft:cyan_wool":17,"minecraft:golden_carrot":92,"minecraft:orange_shulker_box":1,"minecraft:iron_nugget":1863,"minecraft:crimson_trapdoor":72,"minecraft:diamond_hoe":1,"minecraft:soul_torch":4,"minecraft:acacia_fence_gate":13,"minecraft:light_gray_wool":344,"minecraft:red_banner":149,"minecraft:blue_shulker_box":1,"minecraft:lime_stained_glass_pane":608,"minecraft:spruce_fence":789,"minecraft:moss_carpet":24,"minecraft:terracotta":1224,"minecraft:lantern":32,"minecraft:spruce_stairs":560,"minecraft:light_gray_shulker_box":1,"minecraft:polished_diorite":66,"minecraft:black_concrete_powder":16,"minecraft:jungle_hanging_sign":6,"minecraft:stone_pickaxe":8,"minecraft:spruce_boat":5,"minecraft:brick_slab":2,"minecraft:lead":20,"minecraft:chainmail_leggings":1,"minecraft:ward_armor_trim_smithing_template":2,"minecraft:light_gray_terracotta":240,"minecraft:cut_copper_slab":10,"minecraft:enchanting_table":1,"minecraft:crimson_slab":6,"minecraft:acacia_trapdoor":296,"minecraft:light_blue_wool":6,"minecraft:yellow_stained_glass_pane":40,"minecraft:leather_helmet":8,"minecraft:dark_oak_button":70,"minecraft:acacia_stairs":4,"minecraft:red_carpet":66,"minecraft:deepslate_tiles":2,"minecraft:orange_dye":48,"minecraft:oak_fence_gate":38,"minecraft:red_stained_glass":8,"minecraft:oak_chest_boat":1,"minecraft:soul_lantern":8,"minecraft:warped_sign":36,"minecraft:warped_fungus_on_a_stick":1,"minecraft:chainmail_boots":4,"minecraft:fermented_spider_eye":17,"minecraft:black_glazed_terracotta":49,"minecraft:birch_trapdoor":48,"minecraft:black_stained_glass_pane":24,"minecraft:writable_book":6,"minecraft:iron_shovel":19,"minecraft:armor_stand":52,"minecraft:note_block":59,"minecraft:mangrove_slab":24,"minecraft:pink_terracotta":40,"minecraft:grindstone":51,"minecraft:cobblestone_slab":40,"minecraft:barrel":285,"minecraft:birch_wood":834,"minecraft:polished_granite_slab":2,"minecraft:spruce_hanging_sign":6,"minecraft:leather_horse_armor":19,"minecraft:packed_mud":5357,"minecraft:crimson_sign":12,"minecraft:lightning_rod":281,"minecraft:stone":5354,"minecraft:snow":24,"minecraft:white_candle":23,"minecraft:heavy_weighted_pressure_plate":2,"minecraft:quartz_pillar":96,"minecraft:warped_planks":942,"minecraft:cake":1,"minecraft:brown_carpet":240,"minecraft:polished_blackstone_button":8,"minecraft:stone_brick_slab":46,"minecraft:mangrove_fence":12,"minecraft:brown_stained_glass":24,"minecraft:orange_stained_glass_pane":16,"minecraft:bow":34,"minecraft:comparator":44,"minecraft:polished_basalt":352,"minecraft:chest":531,"minecraft:copper_block":613,"minecraft:oak_button":123,"minecraft:yellow_terracotta":104,"minecraft:jungle_stairs":16,"minecraft:rail":240,"minecraft:bricks":19,"minecraft:birch_button":56,"minecraft:ender_eye":7,"minecraft:stone_bricks":1314,"minecraft:oak_fence":396,"minecraft:polished_diorite_slab":4,"minecraft:granite_stairs":4,"minecraft:golden_boots":3,"minecraft:white_banner":1,"minecraft:dropper":46,"minecraft:cauldron":39,"minecraft:red_candle":10,"minecraft:lime_terracotta":528,"minecraft:iron_helmet":1,"minecraft:brown_dye":33,"minecraft:birch_pressure_plate":12,"minecraft:chainmail_chestplate":2,"minecraft:red_wool":23,"minecraft:acacia_button":21,"minecraft:white_stained_glass_pane":168,"minecraft:yellow_stained_glass":16,"minecraft:warped_door":3,"minecraft:oxidized_cut_copper":252,"minecraft:dispenser":24,"minecraft:green_glazed_terracotta":18,"minecraft:tnt":77,"minecraft:spruce_trapdoor":1668,"minecraft:yellow_dye":332,"minecraft:purple_dye":2,"minecraft:warped_fence_gate":51,"minecraft:gray_terracotta":144,"minecraft:stick":7738,"minecraft:iron_ingot":7314,"minecraft:light_blue_shulker_box":1,"minecraft:light_blue_stained_glass":24,"minecraft:dark_oak_fence_gate":31,"minecraft:polished_diorite_stairs":1,"minecraft:deepslate_tile_slab":10,"minecraft:oak_door":12,"minecraft:tripwire_hook":18,"minecraft:fishing_rod":1,"minecraft:beehive":24,"minecraft:leather_boots":10,"minecraft:golden_chestplate":3,"minecraft:spruce_button":83,"minecraft:mossy_stone_bricks":436,"minecraft:furnace":216,"minecraft:blast_furnace":43,"minecraft:mud_bricks":48,"minecraft:piston":138,"minecraft:polished_andesite_slab":50,"minecraft:raw_copper_block":471,"minecraft:oak_trapdoor":376,"minecraft:flint_and_steel":7,"minecraft:scaffolding":952,"minecraft:white_concrete_powder":2368,"minecraft:orange_terracotta":112,"minecraft:brown_shulker_box":1,"minecraft:birch_sign":60,"minecraft:light_blue_stained_glass_pane":88,"minecraft:jungle_wood":177,"minecraft:stripped_spruce_wood":18,"minecraft:iron_trapdoor":226,"minecraft:purple_shulker_box":1,"minecraft:diorite_wall":2,"minecraft:mangrove_door":3,"minecraft:iron_sword":1,"minecraft:black_banner":18,"minecraft:cooked_salmon":11,"minecraft:mangrove_planks":376,"minecraft:jungle_planks":2404,"minecraft:jungle_door":6,"minecraft:white_dye":552,"minecraft:recovery_compass":2,"minecraft:black_carpet":12,"minecraft:anvil":26,"minecraft:stonecutter":6,"minecraft:crimson_door":3,"minecraft:torch":1724,"minecraft:bamboo_trapdoor":104,"minecraft:mangrove_wood":3,"minecraft:granite_slab":8,"minecraft:diamond_chestplate":1,"minecraft:ender_chest":3,"minecraft:jungle_button":316,"minecraft:light_gray_concrete_powder":1064,"minecraft:smooth_stone":619,"minecraft:jungle_fence_gate":47,"minecraft:dark_oak_pressure_plate":13,"minecraft:cut_sandstone_slab":6,"minecraft:orange_stained_glass":40,"minecraft:oak_pressure_plate":1,"minecraft:dark_oak_wood":45,"minecraft:mangrove_fence_gate":2,"minecraft:oxidized_cut_copper_stairs":25,"minecraft:birch_slab":78,"minecraft:slime_block":167,"minecraft:loom":13,"minecraft:lever":320,"minecraft:bookshelf":99,"minecraft:cooked_mutton":115,"minecraft:iron_bars":2008,"minecraft:red_concrete_powder":56,"minecraft:magenta_shulker_box":1,"minecraft:quartz_block":205,"minecraft:glass":263,"minecraft:repeater":70,"minecraft:cyan_stained_glass_pane":56,"minecraft:netherite_boots":2,"minecraft:melon_seeds":4,"minecraft:mangrove_stairs":88,"minecraft:birch_fence_gate":21,"minecraft:polished_blackstone":8,"minecraft:stripped_dark_oak_wood":15,"minecraft:acacia_fence":24,"minecraft:chiseled_quartz_block":3,"minecraft:magenta_dye":5,"minecraft:gray_bed":1,"minecraft:flower_pot":76,"minecraft:glass_bottle":936,"minecraft:furnace_minecart":4,"minecraft:target":21,"minecraft:deepslate":1010,"minecraft:wooden_shovel":55,"minecraft:emerald":18,"minecraft:smooth_quartz":29,"minecraft:cooked_porkchop":4,"minecraft:diamond_axe":1,"minecraft:spruce_door":27,"minecraft:clock":8,"minecraft:cobbled_deepslate_wall":8,"minecraft:copper_ingot":4660,"minecraft:hay_block":677,"minecraft:oak_wood":318,"minecraft:campfire":149,"minecraft:light_gray_bed":3,"minecraft:exposed_cut_copper_slab":8,"minecraft:lime_shulker_box":2,"minecraft:bamboo_planks":320,"minecraft:green_terracotta":288,"minecraft:compass":6,"minecraft:white_terracotta":40,"minecraft:iron_block":830,"minecraft:light_blue_bed":2,"minecraft:gold_ingot":366,"minecraft:light_gray_dye":155,"minecraft:spruce_fence_gate":156,"minecraft:birch_stairs":20,"minecraft:packed_ice":46,"minecraft:yellow_concrete_powder":16,"minecraft:prismarine":528,"minecraft:stone_shovel":5,"minecraft:jungle_chest_boat":1,"minecraft:smooth_stone_slab":18,"minecraft:leather_leggings":14,"minecraft:player_head":16,"minecraft:polished_deepslate_stairs":2,"minecraft:tinted_glass":74,"minecraft:cut_copper_stairs":40,"minecraft:red_terracotta":112,"minecraft:bone_meal":5382,"minecraft:cyan_stained_glass":56,"minecraft:pink_dye":8,"minecraft:candle":953,"minecraft:white_carpet":33,"minecraft:orange_wool":57,"minecraft:warped_trapdoor":146,"minecraft:diamond":477,"minecraft:dark_oak_fence":405,"minecraft:detector_rail":6,"minecraft:ladder":129,"minecraft:yellow_glazed_terracotta":9,"minecraft:spruce_slab":1938,"minecraft:diamond_boots":1,"minecraft:redstone_block":183,"minecraft:jungle_fence":114,"minecraft:dark_oak_planks":6888,"minecraft:golden_helmet":3,"minecraft:wheat":5385,"minecraft:dripstone_block":4,"minecraft:coal_block":42,"minecraft:firework_star":230,"minecraft:daylight_detector":1,"minecraft:crossbow":3,"minecraft:muddy_mangrove_roots":111,"minecraft:magenta_stained_glass":8,"minecraft:polished_granite":136,"minecraft:gray_concrete_powder":928,"minecraft:sandstone_slab":2,"minecraft:white_stained_glass":104,"minecraft:green_stained_glass_pane":120,"minecraft:jungle_slab":120,"minecraft:bamboo_slab":12,"minecraft:sandstone_wall":1,"minecraft:acacia_sign":6,"minecraft:andesite_slab":2,"minecraft:gray_shulker_box":3,"minecraft:cyan_shulker_box":1,"minecraft:oak_stairs":20,"minecraft:wooden_axe":1,"minecraft:iron_leggings":1,"minecraft:white_bed":5,"minecraft:brick":171,"minecraft:oak_planks":2828,"minecraft:mangrove_button":1,"minecraft:pink_shulker_box":1,"minecraft:mossy_stone_brick_slab":14,"minecraft:oak_hanging_sign":6,"minecraft:warped_hyphae":9,"minecraft:light_blue_banner":1,"minecraft:flower_banner_pattern":2,"minecraft:spruce_pressure_plate":21,"minecraft:green_dye":21,"minecraft:bamboo_block":125,"minecraft:dark_oak_door":9,"minecraft:hopper":265,"minecraft:raw_copper":4284,"minecraft:weathered_cut_copper":36,"minecraft:mossy_cobblestone_slab":6,"minecraft:cyan_terracotta":880,"minecraft:yellow_banner":24,"minecraft:stone_hoe":3,"minecraft:golden_sword":1,"minecraft:raw_iron_block":9,"minecraft:smoker":25,"minecraft:oak_slab":216,"minecraft:item_frame":199,"minecraft:acacia_wood":63,"minecraft:map":2,"minecraft:crafting_table":26,"minecraft:spruce_planks":13992,"minecraft:mud_brick_slab":8,"minecraft:brown_stained_glass_pane":40,"minecraft:wooden_pickaxe":2,"minecraft:mangrove_trapdoor":20,"minecraft:light_gray_banner":6,"minecraft:gold_block":35,"minecraft:hopper_minecart":52,"minecraft:brewing_stand":11,"minecraft:birch_planks":3176,"minecraft:black_shulker_box":1,"minecraft:dark_oak_slab":564,"minecraft:book":276,"minecraft:iron_chestplate":3,"minecraft:paper":1017,"minecraft:charcoal":1494,"minecraft:diamond_pickaxe":5,"minecraft:emerald_block":3,"minecraft:shield":1,"minecraft:birch_fence":474,"minecraft:warped_slab":78,"minecraft:light_blue_dye":16,"minecraft:leather_chestplate":15,"minecraft:stone_sword":2,"minecraft:snow_block":16,"minecraft:green_shulker_box":2,"minecraft:redstone_torch":443,"minecraft:gray_carpet":117,"minecraft:light_gray_carpet":84,"minecraft:light_gray_stained_glass_pane":72,"minecraft:shears":54,"minecraft:green_carpet":21,"minecraft:sandstone_stairs":6,"minecraft:polished_andesite":592,"minecraft:cherry_planks":4,"minecraft:coarse_dirt":1780,"minecraft:wooden_sword":14,"minecraft:gray_glazed_terracotta":88,"minecraft:raw_iron":90,"minecraft:redstone":2142,"minecraft:coal":396,"minecraft:light_gray_stained_glass":80,"minecraft:stone_button":379,"minecraft:bamboo_button":1,"minecraft:dark_oak_trapdoor":306,"minecraft:jungle_trapdoor":130,"minecraft:gray_dye":182,"minecraft:dark_oak_sign":48,"minecraft:diamond_block":81,"minecraft:glass_pane":736,"minecraft:warped_fence":54,"minecraft:blue_ice":5,"minecraft:yellow_shulker_box":1,"minecraft:polished_deepslate":594,"minecraft:iron_axe":9,"minecraft:black_terracotta":88,"minecraft:green_concrete_powder":144,"minecraft:spruce_wood":33,"minecraft:iron_hoe":1,"minecraft:slime_ball":72,"minecraft:lime_dye":74,"minecraft:warped_button":29,"minecraft:gray_banner":30,"minecraft:stripped_mangrove_wood":12,"minecraft:observer":119,"minecraft:minecart":72,"minecraft:cooked_beef":1133,"minecraft:sugar":595,"minecraft:red_dye":133,"minecraft:cyan_concrete_powder":24,"minecraft:bone_block":343,"minecraft:crimson_planks":256,"minecraft:diamond_sword":1,"minecraft:cyan_dye":140,"minecraft:spruce_sign":60,"minecraft:dark_oak_stairs":188,"minecraft:powered_rail":42,"minecraft:yellow_carpet":12,"minecraft:smooth_sandstone":53,"minecraft:nether_bricks":1621,"minecraft:bucket":29,"minecraft:wild_armor_trim_smithing_template":2,"minecraft:stone_axe":3,"minecraft:brown_terracotta":96,"minecraft:mossy_cobblestone_wall":6,"minecraft:air":0,"minecraft:blue_dye":132,"minecraft:black_stained_glass":80,"minecraft:mud_brick_wall":3,"minecraft:oak_boat":1,"minecraft:magenta_terracotta":8,"minecraft:white_wool":701,"minecraft:gold_nugget":732,"minecraft:brown_wool":15,"minecraft:pink_stained_glass_pane":24,"minecraft:pumpkin_pie":1,"minecraft:acacia_planks":1048,"minecraft:end_crystal":4,"minecraft:lapis_block":171,"minecraft:lapis_lazuli":117,"minecraft:clay":214,"minecraft:firework_rocket":468,"minecraft:light_gray_candle":18},"minecraft:picked_up":{"minecraft:suspicious_stew":4,"minecraft:lead":327,"minecraft:smithing_table":2,"minecraft:stone_slab":208,"minecraft:enchanted_book":6,"minecraft:purple_shulker_box":96,"minecraft:polished_deepslate":94,"minecraft:string":3824,"minecraft:dark_oak_pressure_plate":1,"minecraft:shroomlight":81,"minecraft:diamond_leggings":5,"minecraft:hopper_minecart":14,"minecraft:crimson_sign":5,"minecraft:diamond_ore":9,"minecraft:spruce_pressure_plate":3,"minecraft:weathered_cut_copper_slab":1,"minecraft:polished_blackstone_stairs":4,"minecraft:jukebox":1,"minecraft:big_dripleaf":86,"minecraft:acacia_log":457,"minecraft:cyan_stained_glass":1,"minecraft:cut_copper_stairs":1,"minecraft:lightning_rod":65,"minecraft:warped_button":2,"minecraft:gray_shulker_box":250,"minecraft:cyan_stained_glass_pane":20,"minecraft:golden_chestplate":2,"minecraft:pink_terracotta":2,"minecraft:green_terracotta":16,"minecraft:cauldron":2,"minecraft:brown_carpet":4,"minecraft:yellow_banner":20,"minecraft:orange_bed":2,"minecraft:honey_bottle":1,"minecraft:polished_basalt":56,"minecraft:red_tulip":5,"minecraft:carved_pumpkin":54,"minecraft:glowstone":1,"minecraft:end_rod":23,"minecraft:white_terracotta":37,"minecraft:iron_bars":19,"minecraft:snowball":1457,"minecraft:feather":13,"minecraft:cooked_beef":907,"minecraft:water_bucket":11,"minecraft:brown_wool":35,"minecraft:dark_oak_boat":11,"minecraft:copper_block":273,"minecraft:flint":41,"minecraft:lantern":11,"minecraft:magenta_terracotta":78,"minecraft:gray_concrete_powder":39,"minecraft:hanging_roots":2,"minecraft:stonecutter":342,"minecraft:dark_oak_sign":10,"minecraft:rabbit":1,"minecraft:diamond_helmet":1,"minecraft:honeycomb":49,"minecraft:glow_lichen":328,"minecraft:lime_terracotta":19,"minecraft:birch_fence_gate":1,"minecraft:stripped_spruce_log":1071,"minecraft:brown_mushroom_block":45,"minecraft:netherite_block":6,"minecraft:polished_andesite":72,"minecraft:deepslate":11659,"minecraft:lever":47,"minecraft:granite":6771,"minecraft:spruce_button":4,"minecraft:rooted_dirt":21,"minecraft:light_gray_carpet":1,"minecraft:diamond_pickaxe":35,"minecraft:crimson_roots":40,"minecraft:mangrove_button":1,"minecraft:magenta_glazed_terracotta":10,"minecraft:mud":744,"minecraft:stripped_warped_hyphae":13,"minecraft:clay_ball":1184,"minecraft:leather_leggings":9,"minecraft:golden_pickaxe":1,"minecraft:redstone_lamp":81,"minecraft:stripped_cherry_log":2,"minecraft:dragon_head":2,"minecraft:acacia_button":4,"minecraft:heavy_weighted_pressure_plate":1,"minecraft:cornflower":16,"minecraft:elytra":28,"minecraft:flint_and_steel":12,"minecraft:white_stained_glass":9,"minecraft:white_carpet":3,"minecraft:glass_pane":3,"minecraft:stripped_warped_stem":744,"minecraft:jungle_sapling":114,"minecraft:poppy":178,"minecraft:spruce_slab":349,"minecraft:minecart":17,"minecraft:birch_sapling":848,"minecraft:piston":26,"minecraft:copper_ore":568,"minecraft:lime_shulker_box":457,"minecraft:black_stained_glass":7,"minecraft:stone":102804,"minecraft:white_dye":43,"minecraft:jungle_fence_gate":8,"minecraft:mangrove_sign":1,"minecraft:netherite_pickaxe":2,"minecraft:cyan_shulker_box":196,"minecraft:mangrove_trapdoor":35,"minecraft:diamond_chestplate":2,"minecraft:decorated_pot":1,"minecraft:hay_block":542,"minecraft:yellow_terracotta":2,"minecraft:totem_of_undying":277,"minecraft:polished_blackstone":4,"minecraft:mutton":212,"minecraft:bone_block":66,"minecraft:rail":191,"minecraft:emerald_ore":8,"minecraft:oxeye_daisy":23,"minecraft:clock":11,"minecraft:birch_leaves":6128,"minecraft:yellow_shulker_box":172,"minecraft:mud_bricks":1,"minecraft:tripwire_hook":5,"minecraft:jungle_fence":29,"minecraft:fern":88,"minecraft:acacia_wood":2,"minecraft:packed_mud":3,"minecraft:lily_pad":4,"minecraft:sculk_vein":56,"minecraft:diorite_stairs":27,"minecraft:paper":23,"minecraft:apple":80,"minecraft:light_gray_glazed_terracotta":3,"minecraft:warped_stem":316,"minecraft:spore_blossom":18,"minecraft:oak_fence_gate":5,"minecraft:iron_ore":420,"minecraft:magenta_stained_glass":2,"minecraft:gray_bed":2,"minecraft:dark_oak_stairs":114,"minecraft:polished_andesite_stairs":21,"minecraft:smooth_basalt":940,"minecraft:sweet_berries":749,"minecraft:green_glazed_terracotta":17,"minecraft:red_wool":187,"minecraft:weathered_copper":220,"minecraft:crimson_stairs":39,"minecraft:crying_obsidian":4,"minecraft:leather_helmet":5,"minecraft:oak_wood":3,"minecraft:diamond_shovel":18,"minecraft:coal_ore":1355,"minecraft:slime_ball":6,"minecraft:deepslate_redstone_ore":180,"minecraft:painting":450,"minecraft:birch_sign":40,"minecraft:hopper":149,"minecraft:prismarine_stairs":7,"minecraft:black_carpet":1,"minecraft:light_blue_concrete":67,"minecraft:nether_brick_fence":56,"minecraft:ender_chest":1096,"minecraft:yellow_wool":24,"minecraft:stone_brick_stairs":2,"minecraft:warped_stairs":5,"minecraft:lapis_block":113,"minecraft:deepslate_lapis_ore":30,"minecraft:spruce_chest_boat":1,"minecraft:red_sand":391,"minecraft:smooth_stone":194,"minecraft:comparator":41,"minecraft:bucket":7,"minecraft:white_tulip":2,"minecraft:red_dye":48,"minecraft:rose_bush":81,"minecraft:cobblestone_slab":29,"minecraft:azalea":1359,"minecraft:wooden_shovel":1,"minecraft:smooth_quartz_stairs":1,"minecraft:deepslate_iron_ore":13,"minecraft:acacia_fence":4,"minecraft:polished_deepslate_stairs":70,"minecraft:birch_trapdoor":4,"minecraft:spruce_stairs":111,"minecraft:netherite_shovel":1,"minecraft:diorite":18778,"minecraft:vine":223,"minecraft:goat_horn":7,"minecraft:andesite_wall":10,"minecraft:rotten_flesh":309,"minecraft:brown_shulker_box":145,"minecraft:mangrove_roots":453,"minecraft:obsidian":56,"minecraft:deepslate_brick_stairs":11,"minecraft:blaze_powder":1,"minecraft:cobblestone":33849,"minecraft:leather_chestplate":5,"minecraft:muddy_mangrove_roots":31,"minecraft:lilac":16,"minecraft:repeater":104,"minecraft:andesite":6268,"minecraft:golden_leggings":4,"minecraft:beacon":5,"minecraft:potato":15,"minecraft:smooth_sandstone_stairs":4,"minecraft:stripped_birch_log":200,"minecraft:dirt":40882,"minecraft:name_tag":2,"minecraft:mangrove_fence":2,"minecraft:glass":610,"minecraft:bone":514,"minecraft:granite_wall":2,"minecraft:bow":71,"minecraft:orange_tulip":1,"minecraft:wheat_seeds":4168,"minecraft:small_dripleaf":6,"minecraft:birch_wood":9,"minecraft:grindstone":15,"minecraft:netherite_axe":1,"minecraft:mossy_stone_bricks":7,"minecraft:bamboo":1592,"minecraft:cyan_concrete":23,"minecraft:prismarine":82,"minecraft:waxed_exposed_copper":19,"minecraft:diorite_wall":97,"minecraft:black_stained_glass_pane":1,"minecraft:light_blue_shulker_box":289,"minecraft:nether_brick_stairs":2,"minecraft:warped_fence_gate":4,"minecraft:grass_block":25653,"minecraft:diamond_block":172,"minecraft:spectral_arrow":66,"minecraft:jungle_slab":10,"minecraft:mossy_cobblestone":203,"minecraft:jungle_leaves":1,"minecraft:light_gray_terracotta":8,"minecraft:yellow_carpet":4,"minecraft:netherite_helmet":1,"minecraft:slime_block":1,"minecraft:soul_lantern":1,"minecraft:crossbow":107,"minecraft:grass":3023,"minecraft:bone_meal":418,"minecraft:golden_apple":19,"minecraft:nether_sprouts":86,"minecraft:spruce_sign":17,"minecraft:emerald":92,"minecraft:chorus_fruit":66,"minecraft:netherrack":2660,"minecraft:andesite_slab":6,"minecraft:oak_leaves":1576,"minecraft:azure_bluet":85,"minecraft:splash_potion":13,"minecraft:ladder":11,"minecraft:brown_mushroom":50,"minecraft:packed_ice":1,"minecraft:stone_brick_wall":16,"minecraft:diorite_slab":80,"minecraft:chain":53,"minecraft:shield":5,"minecraft:brick":28,"minecraft:oak_trapdoor":87,"minecraft:moss_carpet":4503,"minecraft:birch_fence":71,"minecraft:blackstone":68,"minecraft:blue_orchid":17,"minecraft:lime_wool":13,"minecraft:flowering_azalea_leaves":626,"minecraft:note_block":46,"minecraft:recovery_compass":1,"minecraft:polished_blackstone_bricks":103,"minecraft:cookie":20,"minecraft:brown_concrete_powder":19,"minecraft:light_gray_stained_glass_pane":1,"minecraft:stone_pressure_plate":7,"minecraft:purple_terracotta":207,"minecraft:blue_concrete_powder":44,"minecraft:tube_coral":1,"minecraft:weeping_vines":11,"minecraft:red_shulker_box":400,"minecraft:pumpkin_pie":68,"minecraft:nether_bricks":1992,"minecraft:stripped_dark_oak_wood":39,"minecraft:pink_tulip":6,"minecraft:black_banner":4,"minecraft:nether_brick_wall":2,"minecraft:skeleton_skull":4,"minecraft:netherite_boots":6,"minecraft:basalt":2188,"minecraft:golden_carrot":346,"minecraft:leather":1222,"minecraft:ice":414,"minecraft:granite_stairs":12,"minecraft:crimson_fungus":8,"minecraft:gunpowder":115,"minecraft:yellow_bed":2,"minecraft:cobbled_deepslate_stairs":20,"minecraft:cobblestone_wall":78,"minecraft:orange_terracotta":2,"minecraft:cooked_mutton":258,"minecraft:red_carpet":2,"minecraft:pearlescent_froglight":5,"minecraft:gray_carpet":198,"minecraft:acacia_trapdoor":17,"minecraft:rabbit_hide":2,"minecraft:iron_ingot":636,"minecraft:cooked_chicken":2,"minecraft:jungle_hanging_sign":1,"minecraft:polished_andesite_slab":90,"minecraft:verdant_froglight":87,"minecraft:sculk_catalyst":1,"minecraft:tropical_fish_bucket":1,"minecraft:nether_quartz_ore":113,"minecraft:warped_fungus":55,"minecraft:emerald_block":13273,"minecraft:stone_brick_slab":32,"minecraft:quartz":626,"minecraft:dandelion":235,"minecraft:amethyst_shard":513,"minecraft:red_banner":34,"minecraft:soul_torch":1,"minecraft:nether_brick_slab":15,"minecraft:spruce_door":19,"minecraft:brick_slab":5,"minecraft:light_blue_concrete_powder":1,"minecraft:polished_diorite_stairs":39,"minecraft:mangrove_leaves":680,"minecraft:pumpkin_seeds":38,"minecraft:sculk_sensor":3,"minecraft:white_concrete_powder":33,"minecraft:prismarine_wall":2,"minecraft:chainmail_leggings":12,"minecraft:cherry_sapling":14,"minecraft:mossy_cobblestone_stairs":8,"minecraft:terracotta":413,"minecraft:damaged_anvil":11,"minecraft:wooden_axe":1,"minecraft:sunflower":188,"minecraft:seagrass":80,"minecraft:chainmail_boots":4,"minecraft:flower_pot":33,"minecraft:anvil":23,"minecraft:diamond_sword":76,"minecraft:oak_stairs":5,"minecraft:wither_rose":1,"minecraft:birch_button":1,"minecraft:amethyst_block":392,"minecraft:golden_sword":10,"minecraft:polished_deepslate_wall":89,"minecraft:dark_oak_trapdoor":111,"minecraft:soul_soil":18,"minecraft:cooked_salmon":32,"minecraft:waxed_weathered_copper":375,"minecraft:waxed_exposed_cut_copper":62,"minecraft:crimson_fence":1,"minecraft:gold_nugget":76,"minecraft:cobbled_deepslate":15403,"minecraft:black_glazed_terracotta":1,"minecraft:spruce_planks":94,"minecraft:acacia_sign":4,"minecraft:acacia_fence_gate":10,"minecraft:written_book":12,"minecraft:azalea_leaves":1825,"minecraft:coal_block":22,"minecraft:melon_slice":189,"minecraft:mangrove_log":214,"minecraft:dark_oak_door":12,"minecraft:golden_helmet":5,"minecraft:beehive":3,"minecraft:music_disc_blocks":1,"minecraft:composter":8,"minecraft:green_bed":19,"minecraft:bamboo_slab":12,"minecraft:sandstone_wall":4,"minecraft:cherry_log":27,"minecraft:warped_planks":1,"minecraft:black_dye":6,"minecraft:waxed_cut_copper_stairs":17,"minecraft:bamboo_block":12,"minecraft:light_gray_bed":1533,"minecraft:light_blue_wool":60,"minecraft:tropical_fish":1,"minecraft:iron_block":847,"minecraft:cyan_terracotta":40,"minecraft:mangrove_door":5,"minecraft:birch_log":3946,"minecraft:magma_block":26,"minecraft:mossy_cobblestone_slab":11,"minecraft:polished_diorite_slab":11,"minecraft:oxidized_copper":209,"minecraft:iron_door":7,"minecraft:birch_slab":4,"minecraft:jungle_log":1610,"minecraft:acacia_leaves":71,"minecraft:green_concrete_powder":3,"minecraft:jungle_wood":10,"minecraft:smoker":12,"minecraft:stripped_spruce_wood":43,"minecraft:netherite_leggings":1,"minecraft:gray_concrete":983,"minecraft:mangrove_slab":19,"minecraft:light_gray_concrete_powder":64,"minecraft:chipped_anvil":15,"minecraft:gray_terracotta":5,"minecraft:waxed_weathered_cut_copper_slab":28,"minecraft:glowstone_dust":15,"minecraft:moss_block":7659,"minecraft:gray_glazed_terracotta":31,"minecraft:warped_wart_block":2157,"minecraft:dropper":14,"minecraft:granite_slab":80,"minecraft:ink_sac":88,"minecraft:loom":13,"minecraft:dark_oak_log":4904,"minecraft:red_terracotta":769,"minecraft:barrel":163,"minecraft:bundle":8,"minecraft:quartz_bricks":3,"minecraft:stripped_acacia_log":148,"minecraft:dispenser":10,"minecraft:black_concrete_powder":47,"minecraft:green_concrete":94,"minecraft:writable_book":12,"minecraft:polished_granite_slab":87,"minecraft:deepslate_gold_ore":36,"minecraft:dead_brain_coral_block":23,"minecraft:chainmail_helmet":12,"minecraft:dark_oak_fence":53,"minecraft:bricks":132,"minecraft:spruce_leaves":1168,"minecraft:lime_stained_glass_pane":1,"minecraft:crafting_table":494,"minecraft:coarse_dirt":18,"minecraft:nether_wart":365,"minecraft:crimson_trapdoor":9,"minecraft:stripped_mangrove_log":114,"minecraft:jungle_trapdoor":29,"minecraft:red_bed":1,"minecraft:snow":1047,"minecraft:netherite_scrap":4,"minecraft:compass":93,"minecraft:cartography_table":1,"minecraft:deepslate_diamond_ore":48,"minecraft:music_disc_otherside":2,"minecraft:beef":1458,"minecraft:iron_nugget":671,"minecraft:quartz_stairs":1,"minecraft:chest":270,"minecraft:raw_copper_block":5,"minecraft:egg":109,"minecraft:sandstone":677,"minecraft:polished_deepslate_slab":75,"minecraft:oak_door":8,"minecraft:glow_item_frame":5,"minecraft:spruce_fence":54,"minecraft:amethyst_cluster":1,"minecraft:carrot":160,"minecraft:redstone":1900,"minecraft:mushroom_stem":83,"minecraft:tnt":12,"minecraft:peony":12,"minecraft:diamond_boots":19,"minecraft:shears":9,"minecraft:deepslate_bricks":99,"minecraft:cut_copper":39,"minecraft:waxed_oxidized_cut_copper_stairs":6,"minecraft:sandstone_stairs":9,"minecraft:warped_sign":9,"minecraft:gold_ingot":272,"minecraft:white_shulker_box":225,"minecraft:glow_berries":74,"minecraft:white_wool":703,"minecraft:lapis_ore":26,"minecraft:stripped_oak_log":203,"minecraft:red_mushroom_block":46,"minecraft:red_mushroom":62,"minecraft:ochre_froglight":1,"minecraft:filled_map":333,"minecraft:oak_log":1542,"minecraft:jungle_button":14,"minecraft:ancient_debris":23,"minecraft:white_banner":1,"minecraft:birch_pressure_plate":12,"minecraft:stone_bricks":230,"minecraft:kelp":228,"minecraft:music_disc_far":15,"minecraft:waxed_weathered_cut_copper_stairs":172,"minecraft:cobweb":5,"minecraft:glass_bottle":1125,"minecraft:flowering_azalea":735,"minecraft:prismarine_brick_stairs":2,"minecraft:white_stained_glass_pane":1,"minecraft:dark_oak_slab":155,"minecraft:yellow_concrete":31,"minecraft:gravel":6820,"minecraft:birch_stairs":6,"minecraft:small_amethyst_bud":1,"minecraft:spruce_sapling":453,"minecraft:spruce_log":5175,"minecraft:firework_rocket":1184,"minecraft:red_stained_glass":1,"minecraft:bamboo_trapdoor":3,"minecraft:polished_diorite":156,"minecraft:diamond_axe":16,"minecraft:redstone_ore":20,"minecraft:gray_wool":196,"minecraft:warped_roots":499,"minecraft:oak_button":4,"minecraft:melon_seeds":6,"minecraft:crimson_nylium":96,"minecraft:warped_nylium":97,"minecraft:stripped_dark_oak_log":789,"minecraft:mangrove_propagule":34,"minecraft:ender_pearl":102,"minecraft:shulker_shell":40,"minecraft:chiseled_deepslate":4,"minecraft:wheat":992,"minecraft:exposed_copper":61,"minecraft:redstone_block":284,"minecraft:iron_trapdoor":25,"minecraft:light_gray_shulker_box":240,"minecraft:potion":58,"minecraft:crimson_planks":32,"minecraft:raw_copper":5732,"minecraft:oak_hanging_sign":2,"minecraft:smooth_stone_slab":108,"minecraft:netherite_ingot":26,"minecraft:iron_leggings":1,"minecraft:sticky_piston":20,"minecraft:armor_stand":20,"minecraft:pink_shulker_box":110,"minecraft:oak_sign":22,"minecraft:sea_pickle":11,"minecraft:deepslate_tiles":11,"minecraft:black_shulker_box":204,"minecraft:dark_oak_leaves":81,"minecraft:redstone_torch":48,"minecraft:calcite":880,"minecraft:deepslate_tile_wall":5,"minecraft:furnace":131,"minecraft:stick":1986,"minecraft:orange_shulker_box":84,"minecraft:jungle_door":4,"minecraft:brown_terracotta":3,"minecraft:oak_fence":18,"minecraft:torch":1825,"minecraft:porkchop":7,"minecraft:snow_block":850,"minecraft:target":5,"minecraft:pointed_dripstone":511,"minecraft:waxed_exposed_cut_copper_slab":6,"minecraft:quartz_block":6,"minecraft:nether_gold_ore":3,"minecraft:cactus":341,"minecraft:mangrove_stairs":11,"minecraft:leather_horse_armor":49,"minecraft:spruce_hanging_sign":3,"minecraft:stripped_birch_wood":437,"minecraft:cod":2,"minecraft:nautilus_shell":1,"minecraft:magma_cream":13,"minecraft:tuff":3135,"minecraft:light_gray_dye":6,"minecraft:warped_trapdoor":8,"minecraft:wither_skeleton_skull":5,"minecraft:green_shulker_box":131,"minecraft:lapis_lazuli":1527,"minecraft:weathered_cut_copper":3,"minecraft:polished_granite":81,"minecraft:leather_boots":6,"minecraft:deepslate_brick_slab":1,"minecraft:bell":2,"minecraft:cobbled_deepslate_wall":37,"minecraft:raw_gold":253,"minecraft:cobbled_deepslate_slab":25,"minecraft:powered_rail":21,"minecraft:oak_planks":22,"minecraft:stone_hoe":1,"minecraft:pink_stained_glass":1,"minecraft:ghast_tear":1,"minecraft:black_terracotta":1,"minecraft:cooked_porkchop":101,"minecraft:music_disc_13":4,"minecraft:polished_blackstone_slab":35,"minecraft:sand":2438,"minecraft:lily_of_the_valley":17,"minecraft:oxidized_cut_copper_slab":2,"minecraft:shulker_box":690,"minecraft:orange_wool":32,"minecraft:dark_prismarine":1,"minecraft:light_gray_concrete":4,"minecraft:spruce_fence_gate":19,"minecraft:clay":5173,"minecraft:diamond":224,"minecraft:spruce_boat":10,"minecraft:black_concrete":5,"minecraft:polished_blackstone_button":5,"minecraft:white_concrete":4605,"minecraft:oak_sapling":330,"minecraft:charcoal":1036,"minecraft:cocoa_beans":158,"minecraft:allium":4,"minecraft:chicken":12,"minecraft:chest_minecart":12,"minecraft:wooden_pickaxe":1,"minecraft:gold_block":8,"minecraft:stone_stairs":357,"minecraft:orange_concrete":7,"minecraft:wooden_sword":11,"minecraft:item_frame":51,"minecraft:warped_fence":5,"minecraft:candle":63,"minecraft:detector_rail":1,"minecraft:mossy_cobblestone_wall":6,"minecraft:oak_boat":1,"minecraft:player_head":192,"minecraft:observer":59,"minecraft:light_gray_wool":648,"minecraft:lectern":15,"minecraft:tinted_glass":3,"minecraft:blue_shulker_box":95,"minecraft:sugar_cane":1639,"minecraft:spruce_trapdoor":259,"minecraft:phantom_membrane":3,"minecraft:dark_oak_sapling":573,"minecraft:orange_dye":1,"minecraft:raw_iron":1214,"minecraft:stripped_mangrove_wood":5,"minecraft:copper_ingot":168,"minecraft:brown_glazed_terracotta":12,"minecraft:bowl":18,"minecraft:quartz_pillar":13,"minecraft:stone_button":45,"minecraft:magenta_shulker_box":102,"minecraft:iron_horse_armor":5,"minecraft:dark_oak_planks":209,"minecraft:arrow":1196,"minecraft:light_blue_stained_glass_pane":1,"minecraft:jungle_stairs":2,"minecraft:saddle":29,"minecraft:lime_stained_glass":14,"minecraft:oxidized_cut_copper_stairs":1,"minecraft:crimson_stem":90,"minecraft:glow_ink_sac":212,"minecraft:salmon":27,"minecraft:carrot_on_a_stick":1,"minecraft:birch_planks":12,"minecraft:waxed_copper_block":34,"minecraft:yellow_glazed_terracotta":14,"minecraft:nether_wart_block":144,"minecraft:cobblestone_stairs":22,"minecraft:deepslate_tile_slab":12,"minecraft:podzol":657,"minecraft:smooth_sandstone":58,"minecraft:waxed_weathered_cut_copper":493,"minecraft:stripped_oak_wood":294,"minecraft:oxidized_cut_copper":49,"minecraft:acacia_sapling":230,"minecraft:soul_sand":125,"minecraft:book":18,"minecraft:scaffolding":12357,"minecraft:oak_slab":4,"minecraft:bamboo_planks":2,"minecraft:birch_boat":1,"minecraft:pumpkin":30,"minecraft:raw_iron_block":1,"minecraft:dripstone_block":13,"minecraft:magenta_stained_glass_pane":14,"minecraft:blast_furnace":26,"minecraft:white_bed":215,"minecraft:mossy_stone_brick_slab":1,"minecraft:gold_ore":18,"minecraft:dark_oak_fence_gate":10,"minecraft:green_carpet":9,"minecraft:spider_eye":3850,"minecraft:stripped_jungle_log":113,"minecraft:campfire":33,"minecraft:honey_block":1,"minecraft:stripped_jungle_wood":173,"minecraft:acacia_slab":13,"minecraft:black_wool":33,"minecraft:red_concrete":36,"minecraft:coal":2962}},"DataVersion":3463}