{"stats":{"minecraft:killed_by":{"minecraft:ravager":4,"minecraft:warden":1,"minecraft:drowned":2},"minecraft:used":{"minecraft:diamond_pickaxe":24,"minecraft:cyan_terracotta":12,"minecraft:firework_rocket":24,"minecraft:cyan_shulker_box":3,"minecraft:string":1,"minecraft:cobblestone":39,"minecraft:golden_carrot":1,"minecraft:sweet_berries":1,"minecraft:cooked_porkchop":14,"minecraft:acacia_button":2,"minecraft:brown_concrete_powder":11,"minecraft:experience_bottle":19},"minecraft:custom":{"minecraft:time_since_rest":5952,"minecraft:interact_with_smithing_table":1,"minecraft:inspect_dropper":5,"minecraft:interact_with_furnace":2,"minecraft:sprint_one_cm":348071,"minecraft:open_enderchest":1,"minecraft:damage_taken":2609,"minecraft:walk_one_cm":348302,"minecraft:interact_with_anvil":4,"minecraft:drop":16,"minecraft:minecart_one_cm":45276,"minecraft:damage_dealt":22,"minecraft:play_noteblock":14,"minecraft:swim_one_cm":21664,"minecraft:interact_with_crafting_table":1,"minecraft:tune_noteblock":18,"minecraft:fly_one_cm":565959,"minecraft:open_barrel":16,"minecraft:open_chest":24,"minecraft:crouch_one_cm":116435,"minecraft:open_shulker_box":9,"minecraft:play_time":308749,"minecraft:deaths":7,"minecraft:sneak_time":35626,"minecraft:walk_under_water_one_cm":18603,"minecraft:aviate_one_cm":1004453,"minecraft:jump":2546,"minecraft:leave_game":1,"minecraft:time_since_death":5719,"minecraft:walk_on_water_one_cm":7584,"minecraft:sleep_in_bed":3,"minecraft:climb_one_cm":688,"minecraft:total_world_time":308749,"minecraft:damage_resisted":899,"minecraft:fall_one_cm":75455},"minecraft:dropped":{"minecraft:cyan_terracotta":5,"minecraft:brown_concrete_powder":2,"minecraft:compass":3,"minecraft:iron_nugget":3,"minecraft:diamond_pickaxe":1,"minecraft:cobblestone":47,"minecraft:cyan_shulker_box":3,"minecraft:paper":1,"minecraft:elytra":1,"minecraft:firework_rocket":61},"minecraft:picked_up":{"minecraft:pumpkin":1,"minecraft:golden_carrot":3,"minecraft:cooked_porkchop":126,"minecraft:sweet_berries":7,"minecraft:filled_map":3,"minecraft:acacia_button":1,"minecraft:brown_concrete_powder":3,"minecraft:cyan_shulker_box":4,"minecraft:string":1,"minecraft:paper":4,"minecraft:elytra":1,"minecraft:compass":5,"minecraft:firework_rocket":90,"minecraft:experience_bottle":62,"minecraft:carved_pumpkin":2,"minecraft:cyan_terracotta":6,"minecraft:iron_nugget":25,"minecraft:cobblestone":12,"minecraft:diamond_pickaxe":1},"minecraft:mined":{"minecraft:brown_concrete_powder":2,"minecraft:cyan_terracotta":3,"minecraft:cobblestone":20,"minecraft:tripwire":1}},"DataVersion":3463}