{"stats":{"minecraft:dropped":{"minecraft:iron_sword":5,"minecraft:lapis_lazuli":36,"minecraft:mud_brick_slab":1,"minecraft:glow_ink_sac":125,"minecraft:chorus_fruit":19,"minecraft:glass_bottle":7,"minecraft:diamond":42,"minecraft:crafting_table":20,"minecraft:lime_stained_glass":23,"minecraft:cooked_porkchop":167,"minecraft:glow_berries":4,"minecraft:gold_block":1,"minecraft:emerald":124,"minecraft:red_bed":2,"minecraft:birch_fence":1,"minecraft:dark_oak_trapdoor":6,"minecraft:netherite_boots":1,"minecraft:writable_book":3,"minecraft:gold_nugget":267,"minecraft:sand":269,"minecraft:verdant_froglight":1,"minecraft:white_wool":134,"minecraft:dark_oak_planks":44,"minecraft:dark_oak_door":52,"minecraft:stone_axe":1,"minecraft:compass":5,"minecraft:goat_horn":3,"minecraft:diamond_block":709,"minecraft:ancient_debris":1,"minecraft:iron_nugget":169,"minecraft:cooked_chicken":1,"minecraft:cobbled_deepslate":3990,"minecraft:wheat":27,"minecraft:obsidian":1,"minecraft:grindstone":2,"minecraft:rotten_flesh":1930,"minecraft:oak_planks":31,"minecraft:glowstone_dust":2,"minecraft:warped_sign":1,"minecraft:golden_shovel":2,"minecraft:red_mushroom_block":536,"minecraft:azalea_leaves":1,"minecraft:coal_ore":55,"minecraft:jungle_log":73,"minecraft:leather_boots":3,"minecraft:acacia_sapling":1,"minecraft:leather_leggings":4,"minecraft:beef":6,"minecraft:green_stained_glass":15,"minecraft:golden_boots":1,"minecraft:wheat_seeds":2233,"minecraft:clock":1,"minecraft:deepslate_redstone_ore":20,"minecraft:cobbled_deepslate_wall":26,"minecraft:prismarine_crystals":10,"minecraft:coal_block":7,"minecraft:golden_apple":1,"minecraft:diamond_horse_armor":2,"minecraft:ink_sac":4,"minecraft:lapis_ore":2,"minecraft:potion":10,"minecraft:white_banner":1,"minecraft:pumpkin":24,"minecraft:red_dye":1,"minecraft:chipped_anvil":1,"minecraft:smooth_stone":61,"minecraft:smooth_sandstone":39,"minecraft:netherite_hoe":1,"minecraft:player_head":41,"minecraft:cocoa_beans":18,"minecraft:stone_shovel":1,"minecraft:orange_concrete":19,"minecraft:clay_ball":115,"minecraft:light_gray_concrete":1,"minecraft:shears":4,"minecraft:name_tag":4,"minecraft:cobbled_deepslate_slab":1,"minecraft:white_terracotta":6,"minecraft:white_shulker_box":1,"minecraft:deepslate_lapis_ore":59,"minecraft:sea_pickle":64,"minecraft:diamond_sword":6,"minecraft:spruce_boat":1,"minecraft:flower_pot":1,"minecraft:spruce_trapdoor":21,"minecraft:bundle":6,"minecraft:spruce_planks":38,"minecraft:diamond_pickaxe":6,"minecraft:stone_pressure_plate":4,"minecraft:stone_bricks":64,"minecraft:bamboo":6,"minecraft:sandstone":23,"minecraft:red_sand":7,"minecraft:bow":35,"minecraft:magma_block":10,"minecraft:terracotta":12,"minecraft:soul_sand":80,"minecraft:moss_block":52,"minecraft:warped_fungus":1,"minecraft:polished_granite_slab":1,"minecraft:oak_log":81,"minecraft:ender_pearl":6668,"minecraft:dark_oak_sapling":47,"minecraft:leather":39,"minecraft:cod":11,"minecraft:cobblestone_stairs":26,"minecraft:cracked_polished_blackstone_bricks":13,"minecraft:dark_oak_log":1,"minecraft:mutton":9,"minecraft:black_shulker_box":1,"minecraft:wet_sponge":14,"minecraft:black_concrete":1,"minecraft:gold_ingot":2,"minecraft:spyglass":4,"minecraft:magenta_stained_glass":12,"minecraft:purpur_block":33,"minecraft:music_disc_otherside":1,"minecraft:pointed_dripstone":17,"minecraft:leather_chestplate":2,"minecraft:trident":1,"minecraft:dropper":6,"minecraft:birch_door":2,"minecraft:iron_ore":18,"minecraft:iron_bars":2,"minecraft:scaffolding":167,"minecraft:bread":918,"minecraft:golden_helmet":2,"minecraft:lilac":1,"minecraft:amethyst_block":19,"minecraft:tropical_fish":12,"minecraft:acacia_log":2,"minecraft:iron_block":1408,"minecraft:nether_wart_block":19,"minecraft:iron_door":1,"minecraft:polished_andesite_stairs":4,"minecraft:music_disc_wait":1,"minecraft:raw_iron_block":1,"minecraft:tripwire_hook":13,"minecraft:redstone_block":145,"minecraft:polished_deepslate":3,"minecraft:blue_terracotta":3,"minecraft:kelp":6,"minecraft:sweet_berries":132,"minecraft:light_gray_terracotta":3,"minecraft:lime_concrete":4,"minecraft:sculk_sensor":3,"minecraft:totem_of_undying":4,"minecraft:shulker_box":3,"minecraft:netherite_leggings":2,"minecraft:flint_and_steel":1,"minecraft:copper_ore":60,"minecraft:andesite":134,"minecraft:golden_leggings":1,"minecraft:oak_sapling":36,"minecraft:birch_sign":2,"minecraft:spruce_log":164,"minecraft:wooden_pickaxe":2,"minecraft:magma_cream":36,"minecraft:nautilus_shell":2,"minecraft:brick":56,"minecraft:clay":71,"minecraft:acacia_wood":1,"minecraft:emerald_ore":1,"minecraft:crossbow":7,"minecraft:cookie":32,"minecraft:rooted_dirt":14,"minecraft:archer_pottery_sherd":1,"minecraft:purpur_stairs":5,"minecraft:saddle":2,"minecraft:elytra":19,"minecraft:rail":15,"minecraft:leather_helmet":1,"minecraft:item_frame":2,"minecraft:red_shulker_box":1,"minecraft:dirt":1636,"minecraft:jungle_sapling":2,"minecraft:bone_block":1,"minecraft:phantom_membrane":24,"minecraft:deepslate_coal_ore":1,"minecraft:bone_meal":122,"minecraft:sugar":8,"minecraft:iron_pickaxe":1,"minecraft:bone":268,"minecraft:sugar_cane":1492,"minecraft:polished_andesite_slab":6,"minecraft:golden_chestplate":1,"minecraft:birch_sapling":5,"minecraft:enchanted_golden_apple":2,"minecraft:end_stone":7,"minecraft:heavy_weighted_pressure_plate":1,"minecraft:spruce_slab":61,"minecraft:end_stone_bricks":19,"minecraft:egg":82,"minecraft:enchanted_book":1,"minecraft:iron_ingot":125,"minecraft:blue_stained_glass_pane":1,"minecraft:netherite_pickaxe":4,"minecraft:deepslate_brick_wall":16,"minecraft:deepslate_diamond_ore":53,"minecraft:netherite_helmet":1,"minecraft:oak_fence":2,"minecraft:purpur_slab":2,"minecraft:feather":3,"minecraft:cobblestone":857,"minecraft:apple":10,"minecraft:granite":1010,"minecraft:spruce_button":14,"minecraft:music_disc_pigstep":1,"minecraft:spruce_door":2,"minecraft:coal":65,"minecraft:end_rod":18,"minecraft:sculk":320,"minecraft:golden_carrot":46,"minecraft:diamond_helmet":4,"minecraft:brown_terracotta":9,"minecraft:paper":18,"minecraft:string":185,"minecraft:iron_shovel":1,"minecraft:spruce_sapling":119,"minecraft:gray_carpet":3,"minecraft:purpur_pillar":2,"minecraft:furnace":130,"minecraft:moss_carpet":59,"minecraft:redstone_ore":3,"minecraft:netherite_ingot":1,"minecraft:cobblestone_wall":75,"minecraft:stone_sword":2,"minecraft:dark_oak_sign":4,"minecraft:deepslate":19878,"minecraft:chicken":6,"minecraft:slime_block":1,"minecraft:stone_slab":18,"minecraft:orange_wool":20,"minecraft:nether_bricks":8,"minecraft:spruce_fence":3,"minecraft:pumpkin_seeds":9,"minecraft:big_dripleaf":5,"minecraft:cobblestone_slab":24,"minecraft:potato":441,"minecraft:hay_block":1,"minecraft:stone":4538,"minecraft:carved_pumpkin":5,"minecraft:spider_eye":9204,"minecraft:rabbit_stew":1,"minecraft:birch_boat":2,"minecraft:dark_prismarine":14,"minecraft:spruce_sign":36,"minecraft:gold_ore":4,"minecraft:crimson_nylium":5,"minecraft:diamond_axe":6,"minecraft:lime_shulker_box":1,"minecraft:flint":69,"minecraft:spruce_leaves":14,"minecraft:deepslate_gold_ore":26,"minecraft:seagrass":15,"minecraft:cut_sandstone":10,"minecraft:white_stained_glass_pane":16,"minecraft:pumpkin_pie":71,"minecraft:amethyst_shard":4,"minecraft:polished_blackstone_bricks":23,"minecraft:acacia_door":48,"minecraft:birch_log":424,"minecraft:black_stained_glass":1,"minecraft:brown_mushroom_block":36,"minecraft:gravel":6757,"minecraft:blackstone":67,"minecraft:diamond_shovel":8,"minecraft:prismarine":22,"minecraft:carrot":204,"minecraft:shulker_shell":61,"minecraft:poppy":7157,"minecraft:gunpowder":160,"minecraft:azalea":39,"minecraft:spruce_pressure_plate":47,"minecraft:chainmail_boots":1,"minecraft:chest":6,"minecraft:arrow":8835,"minecraft:basalt":4,"minecraft:firework_rocket":628,"minecraft:quartz":361,"minecraft:water_bucket":1,"minecraft:netherrack":22078,"minecraft:oak_slab":1,"minecraft:written_book":5,"minecraft:oak_leaves":40,"minecraft:deepslate_iron_ore":26,"minecraft:mossy_cobblestone":43,"minecraft:minecart":152,"minecraft:diamond_leggings":6,"minecraft:poisonous_potato":3,"minecraft:prismarine_shard":23,"minecraft:lead":21,"minecraft:hopper_minecart":121,"minecraft:copper_ingot":34,"minecraft:grass_block":934,"minecraft:stick":463,"minecraft:deepslate_brick_stairs":58,"minecraft:diorite":221,"minecraft:nether_gold_ore":51,"minecraft:torch":282,"minecraft:sculk_catalyst":64,"minecraft:iron_leggings":3,"minecraft:flowering_azalea":19,"minecraft:iron_axe":2,"minecraft:redstone":105,"minecraft:dandelion":11,"minecraft:smooth_basalt":20,"minecraft:brown_dye":8,"minecraft:warped_nylium":11,"minecraft:ender_chest":6,"minecraft:coarse_dirt":15,"minecraft:blaze_rod":2,"minecraft:raw_copper":68,"minecraft:composter":9,"minecraft:tuff":3341,"minecraft:raw_iron":33,"minecraft:cyan_stained_glass_pane":1,"minecraft:glass_pane":10,"minecraft:red_terracotta":70,"minecraft:filled_map":247,"minecraft:snow":8,"minecraft:shield":2,"minecraft:diamond_chestplate":1,"minecraft:orange_terracotta":10,"minecraft:iron_chestplate":1,"minecraft:golden_sword":2,"minecraft:diamond_boots":9,"minecraft:slime_ball":4268,"minecraft:beacon":1,"minecraft:stone_pickaxe":3,"minecraft:raw_gold":19,"minecraft:nether_quartz_ore":38,"minecraft:calcite":38,"minecraft:white_stained_glass":6},"minecraft:used":{"minecraft:moss_block":2774,"minecraft:jack_o_lantern":1,"minecraft:writable_book":180,"minecraft:chiseled_deepslate":34,"minecraft:smooth_quartz_slab":193,"minecraft:dispenser":50,"minecraft:poppy":161,"minecraft:black_carpet":224,"minecraft:stone":4762,"minecraft:tube_coral":2,"minecraft:soul_sand":36,"minecraft:weathered_copper":1,"minecraft:cocoa_beans":62,"minecraft:lily_of_the_valley":6,"minecraft:cut_copper":752,"minecraft:deepslate_brick_slab":2415,"minecraft:azure_bluet":1,"minecraft:snowball":48,"minecraft:jungle_sapling":2,"minecraft:spruce_boat":5,"minecraft:packed_ice":561,"minecraft:lava_bucket":15,"minecraft:music_disc_pigstep":1,"minecraft:deepslate_copper_ore":9,"minecraft:quartz_block":1,"minecraft:netherite_hoe":7894,"minecraft:dark_oak_leaves":86,"minecraft:dark_oak_slab":503,"minecraft:bow":4998,"minecraft:oak_sapling":20,"minecraft:end_stone_brick_stairs":59,"minecraft:lime_glazed_terracotta":3,"minecraft:deepslate_brick_wall":1236,"minecraft:mossy_stone_bricks":1,"minecraft:prismarine":72,"minecraft:blackstone":3904,"minecraft:cactus":2,"minecraft:leather_chestplate":2,"minecraft:wooden_pickaxe":3,"minecraft:composter":948,"minecraft:clay":1503,"minecraft:glow_berries":74,"minecraft:blast_furnace":70,"minecraft:cyan_dye":28,"minecraft:chiseled_quartz_block":1,"minecraft:gray_concrete":60,"minecraft:deepslate_brick_stairs":769,"minecraft:purple_concrete_powder":8,"minecraft:birch_fence":145,"minecraft:gray_stained_glass_pane":1042,"minecraft:birch_slab":37,"minecraft:deepslate_iron_ore":217,"minecraft:flowering_azalea_leaves":11,"minecraft:coal_block":62,"minecraft:nether_wart_block":5,"minecraft:diamond_sword":1820,"minecraft:exposed_cut_copper":4,"minecraft:smithing_table":6,"minecraft:birch_log":543,"minecraft:oak_boat":4,"minecraft:oak_trapdoor":602,"minecraft:enchanting_table":1,"minecraft:polished_blackstone_brick_slab":2,"minecraft:orange_concrete":5,"minecraft:dead_bush":32,"minecraft:carved_pumpkin":15,"minecraft:armor_stand":22,"minecraft:light_gray_carpet":3,"minecraft:tinted_glass":2280,"minecraft:polished_blackstone_wall":61,"minecraft:exposed_cut_copper_stairs":11,"minecraft:torch":11594,"minecraft:brewing_stand":2,"minecraft:light_blue_dye":3,"minecraft:nether_quartz_ore":333,"minecraft:golden_shovel":8,"minecraft:mud_brick_stairs":391,"minecraft:fern":14,"minecraft:sea_lantern":180,"minecraft:chipped_anvil":4,"minecraft:light_weighted_pressure_plate":1,"minecraft:iron_block":1708,"minecraft:muddy_mangrove_roots":3,"minecraft:polished_deepslate_wall":1303,"minecraft:jungle_log":13,"minecraft:barrel":127,"minecraft:bamboo":105,"minecraft:tadpole_bucket":8,"minecraft:basalt":51,"minecraft:lime_concrete":69,"minecraft:warped_stairs":13,"minecraft:podzol":95,"minecraft:trapped_chest":3,"minecraft:horn_coral_fan":3,"minecraft:calcite":127,"minecraft:wheat_seeds":5507,"minecraft:warped_stem":118,"minecraft:light_blue_shulker_box":9,"minecraft:tube_coral_block":28,"minecraft:birch_planks":328,"minecraft:bundle":5,"minecraft:lead":4,"minecraft:blue_concrete_powder":212,"minecraft:cauldron":17,"minecraft:glow_ink_sac":62,"minecraft:spruce_fence_gate":117,"minecraft:gold_ore":23,"minecraft:deepslate_bricks":8049,"minecraft:conduit":1,"minecraft:polished_deepslate_slab":1332,"minecraft:diamond_block":528,"minecraft:rail":1071,"minecraft:red_bed":1,"minecraft:green_dye":1,"minecraft:sculk_shrieker":195,"minecraft:white_bed":48,"minecraft:campfire":516,"minecraft:spruce_log":5959,"minecraft:mushroom_stem":43,"minecraft:amethyst_cluster":175,"minecraft:blue_stained_glass_pane":1,"minecraft:diamond_pickaxe":55975,"minecraft:yellow_dye":1,"minecraft:diamond_shovel":17765,"minecraft:spruce_pressure_plate":195,"minecraft:spruce_trapdoor":1161,"minecraft:magenta_concrete_powder":8,"minecraft:spruce_sapling":208,"minecraft:bamboo_slab":126,"minecraft:blue_carpet":169,"minecraft:potion":7,"minecraft:azalea_leaves":39,"minecraft:purple_bed":35,"minecraft:crimson_stairs":21,"minecraft:cooked_porkchop":1841,"minecraft:andesite_stairs":762,"minecraft:brush":32,"minecraft:stripped_oak_log":90,"minecraft:dandelion":19,"minecraft:diamond_leggings":1,"minecraft:green_stained_glass":2,"minecraft:moss_carpet":868,"minecraft:polished_deepslate":2601,"minecraft:bone_block":60,"minecraft:polished_basalt":127,"minecraft:decorated_pot":4,"minecraft:nether_wart":21,"minecraft:grass":357,"minecraft:bubble_coral":1,"minecraft:stripped_crimson_stem":55,"minecraft:green_terracotta":20,"minecraft:soul_campfire":50,"minecraft:spruce_leaves":77,"minecraft:orange_glazed_terracotta":2,"minecraft:beehive":24,"minecraft:music_disc_13":2,"minecraft:obsidian":627,"minecraft:big_dripleaf":50,"minecraft:bricks":44,"minecraft:lantern":234,"minecraft:spruce_wood":140,"minecraft:warped_nylium":9,"minecraft:raw_gold_block":17,"minecraft:item_frame":386,"minecraft:deepslate_diamond_ore":1225,"minecraft:horn_coral":2,"minecraft:written_book":485,"minecraft:mangrove_roots":8,"minecraft:blue_shulker_box":302,"minecraft:gold_block":29,"minecraft:dark_oak_sapling":441,"minecraft:mangrove_leaves":1,"minecraft:bamboo_trapdoor":4,"minecraft:diamond_boots":1,"minecraft:tube_coral_fan":3,"minecraft:end_rod":63,"minecraft:dropper":38,"minecraft:wither_skeleton_skull":6,"minecraft:stone_pickaxe":333,"minecraft:gray_carpet":51,"minecraft:mangrove_planks":3,"minecraft:oak_planks":93,"minecraft:polished_diorite_slab":6,"minecraft:sandstone":129,"minecraft:diamond_axe":1054,"minecraft:sugar_cane":471,"minecraft:white_wool":378,"minecraft:golden_hoe":18,"minecraft:netherite_leggings":1,"minecraft:light_blue_concrete":12,"minecraft:light_blue_wool":4,"minecraft:crossbow":1,"minecraft:end_stone":341,"minecraft:deepslate_lapis_ore":268,"minecraft:ochre_froglight":228,"minecraft:sticky_piston":87,"minecraft:lever":38,"minecraft:acacia_door":9,"minecraft:dark_oak_log":2313,"minecraft:warped_slab":28,"minecraft:iron_door":33,"minecraft:deepslate":6728,"minecraft:stripped_warped_hyphae":19,"minecraft:light_blue_concrete_powder":8,"minecraft:pufferfish_bucket":4,"minecraft:chain":294,"minecraft:smooth_stone_slab":70,"minecraft:coarse_dirt":334,"minecraft:bone_meal":3552,"minecraft:netherite_sword":4398,"minecraft:rose_bush":12,"minecraft:flint_and_steel":74,"minecraft:redstone":1146,"minecraft:ender_chest":350,"minecraft:brown_shulker_box":30,"minecraft:deepslate_gold_ore":313,"minecraft:dirt":10153,"minecraft:prismarine_bricks":102,"minecraft:bee_nest":12,"minecraft:spruce_fence":645,"minecraft:brown_terracotta":72,"minecraft:oak_stairs":917,"minecraft:smooth_sandstone":118,"minecraft:crimson_slab":9,"minecraft:iron_boots":1,"minecraft:weathered_cut_copper":2,"minecraft:waxed_cut_copper_slab":47,"minecraft:black_stained_glass":776,"minecraft:soul_soil":20,"minecraft:lime_stained_glass":310,"minecraft:deepslate_tile_stairs":54,"minecraft:black_dye":3,"minecraft:minecart":40,"minecraft:netherite_pickaxe":263865,"minecraft:cyan_concrete_powder":288,"minecraft:cooked_beef":351,"minecraft:enchanted_golden_apple":1,"minecraft:powder_snow_bucket":3,"minecraft:orange_stained_glass_pane":2,"minecraft:pumpkin":76,"minecraft:iron_leggings":1,"minecraft:cobbled_deepslate_wall":36,"minecraft:quartz_bricks":4,"minecraft:cobblestone_stairs":12,"minecraft:snow_block":748,"minecraft:baked_potato":140,"minecraft:birch_boat":3,"minecraft:cut_sandstone":63,"minecraft:spruce_sign":282,"minecraft:sniffer_egg":4,"minecraft:dark_prismarine_slab":95,"minecraft:bamboo_block":15,"minecraft:warped_planks":31,"minecraft:piston":24,"minecraft:flower_pot":5,"minecraft:black_wool":129,"minecraft:lapis_ore":23,"minecraft:magenta_concrete":8,"minecraft:stone_slab":64,"minecraft:stone_axe":49,"minecraft:fire_coral_block":8,"minecraft:end_crystal":4,"minecraft:cobbled_deepslate_slab":9829,"minecraft:cyan_stained_glass_pane":2,"minecraft:pumpkin_pie":20,"minecraft:sea_pickle":158,"minecraft:gray_wool":6,"minecraft:sculk_catalyst":480,"minecraft:birch_stairs":6,"minecraft:orange_dye":1,"minecraft:spruce_slab":2427,"minecraft:polished_blackstone":181,"minecraft:elytra":4,"minecraft:ladder":236,"minecraft:chest":972,"minecraft:brown_concrete":6,"minecraft:white_shulker_box":218,"minecraft:blue_stained_glass":197,"minecraft:weathered_cut_copper_stairs":4,"minecraft:orange_wool":2,"minecraft:stripped_spruce_log":359,"minecraft:honey_block":61,"minecraft:honeycomb":23,"minecraft:netherite_shovel":57458,"minecraft:black_stained_glass_pane":109,"minecraft:grass_block":7066,"minecraft:birch_sapling":16,"minecraft:polished_andesite_stairs":989,"minecraft:orange_shulker_box":19,"minecraft:copper_ore":945,"minecraft:dark_oak_button":19,"minecraft:stone_brick_stairs":273,"minecraft:red_stained_glass_pane":38,"minecraft:snow":1831,"minecraft:dark_oak_boat":4,"minecraft:sweet_berries":67,"minecraft:furnace":128,"minecraft:egg":86,"minecraft:potato":722,"minecraft:brown_concrete_powder":48,"minecraft:emerald_ore":15,"minecraft:end_stone_bricks":403,"minecraft:diorite":17,"minecraft:brick_wall":9,"minecraft:spruce_door":37,"minecraft:stripped_birch_log":10,"minecraft:cut_copper_slab":278,"minecraft:red_stained_glass":2,"minecraft:powered_rail":486,"minecraft:blackstone_stairs":1478,"minecraft:lime_concrete_powder":256,"minecraft:oak_leaves":7,"minecraft:smooth_quartz_stairs":303,"minecraft:dark_oak_trapdoor":109,"minecraft:blue_dye":3,"minecraft:sand":1165,"minecraft:black_concrete_powder":1170,"minecraft:lightning_rod":9,"minecraft:deepslate_tiles":206,"minecraft:chiseled_sandstone":5,"minecraft:crying_obsidian":3,"minecraft:stripped_bamboo_block":5,"minecraft:verdant_froglight":36,"minecraft:cyan_carpet":39,"minecraft:stone_button":24,"minecraft:spore_blossom":10,"minecraft:lectern":962,"minecraft:red_terracotta":2,"minecraft:diamond_ore":7,"minecraft:polished_andesite_slab":168,"minecraft:soul_lantern":39,"minecraft:dark_oak_fence":140,"minecraft:bubble_coral_block":39,"minecraft:green_concrete_powder":84,"minecraft:ice":2,"minecraft:iron_bars":941,"minecraft:stone_sword":14,"minecraft:acacia_log":264,"minecraft:brain_coral_fan":7,"minecraft:red_concrete":251,"minecraft:sandstone_wall":50,"minecraft:netherrack":2334,"minecraft:green_glazed_terracotta":71,"minecraft:light_gray_shulker_box":5,"minecraft:target":33,"minecraft:warped_wart_block":7,"minecraft:anvil":44,"minecraft:stone_stairs":289,"minecraft:polished_granite_slab":5,"minecraft:glow_lichen":86,"minecraft:blue_concrete":44,"minecraft:polished_diorite":53,"minecraft:shroomlight":15,"minecraft:red_shulker_box":259,"minecraft:flowering_azalea":47,"minecraft:gray_dye":5,"minecraft:cyan_shulker_box":249,"minecraft:iron_axe":89,"minecraft:brick_stairs":8,"minecraft:spruce_button":402,"minecraft:slime_block":333,"minecraft:smooth_quartz":175,"minecraft:lime_dye":1,"minecraft:totem_of_undying":1,"minecraft:mud_bricks":146,"minecraft:smooth_basalt":12,"minecraft:tripwire_hook":36,"minecraft:glowstone":4,"minecraft:purple_concrete":3,"minecraft:raw_copper_block":81,"minecraft:iron_trapdoor":51,"minecraft:beef":1,"minecraft:goat_horn":4,"minecraft:oxidized_copper":16,"minecraft:acacia_wood":17,"minecraft:cobbled_deepslate":6578,"minecraft:observer":79,"minecraft:magenta_dye":2,"minecraft:pointed_dripstone":29,"minecraft:golden_axe":18,"minecraft:crimson_stem":110,"minecraft:water_bucket":1245,"minecraft:prismarine_brick_slab":2,"minecraft:sandstone_stairs":65,"minecraft:yellow_shulker_box":51,"minecraft:lime_wool":1,"minecraft:bubble_coral_fan":8,"minecraft:smooth_sandstone_slab":118,"minecraft:fletching_table":8,"minecraft:cracked_stone_bricks":3,"minecraft:polished_blackstone_bricks":92,"minecraft:salmon":1,"minecraft:mossy_cobblestone":2,"minecraft:comparator":142,"minecraft:oak_slab":558,"minecraft:crafting_table":215,"minecraft:birch_sign":23,"minecraft:lime_shulker_box":49,"minecraft:cake":1,"minecraft:deepslate_tile_wall":421,"minecraft:oak_log":751,"minecraft:mud":106,"minecraft:mangrove_propagule":10,"minecraft:iron_pickaxe":4200,"minecraft:cyan_concrete":157,"minecraft:purpur_slab":2,"minecraft:cobblestone":770,"minecraft:red_concrete_powder":335,"minecraft:sandstone_slab":134,"minecraft:glass_pane":1193,"minecraft:jukebox":3,"minecraft:kelp":234,"minecraft:sculk_vein":355,"minecraft:light_gray_dye":2,"minecraft:purple_candle":119,"minecraft:iron_shovel":48,"minecraft:diamond_hoe":430,"minecraft:oak_sign":7,"minecraft:white_concrete_powder":2115,"minecraft:iron_sword":398,"minecraft:purple_shulker_box":86,"minecraft:bell":13,"minecraft:player_head":98,"minecraft:smooth_sandstone_stairs":63,"minecraft:iron_chestplate":1,"minecraft:sculk_sensor":15,"minecraft:oxidized_cut_copper":1,"minecraft:carrot":296,"minecraft:deepslate_tile_slab":151,"minecraft:tuff":1563,"minecraft:cyan_wool":83,"minecraft:axolotl_bucket":56,"minecraft:milk_bucket":2,"minecraft:polished_deepslate_stairs":638,"minecraft:glass":2360,"minecraft:cyan_terracotta":62,"minecraft:coal_ore":1077,"minecraft:quartz_slab":109,"minecraft:iron_helmet":1,"minecraft:gray_concrete_powder":104,"minecraft:hopper_minecart":194,"minecraft:stone_bricks":1524,"minecraft:repeater":211,"minecraft:red_carpet":8,"minecraft:redstone_lamp":50,"minecraft:magma_block":19,"minecraft:brown_carpet":76,"minecraft:warped_fungus":2,"minecraft:hay_block":3,"minecraft:scaffolding":2334,"minecraft:oxidized_cut_copper_stairs":74,"minecraft:beetroot_seeds":1,"minecraft:polished_diorite_stairs":18,"minecraft:fire_coral_fan":10,"minecraft:pearlescent_froglight":14,"minecraft:polished_blackstone_stairs":25,"minecraft:oak_chest_boat":1,"minecraft:chiseled_polished_blackstone":11,"minecraft:dark_oak_stairs":1744,"minecraft:birch_leaves":44,"minecraft:ender_pearl":23,"minecraft:redstone_block":83,"minecraft:blue_bed":31,"minecraft:loom":13,"minecraft:deepslate_redstone_ore":2029,"minecraft:sponge":37,"minecraft:blackstone_wall":75,"minecraft:note_block":37,"minecraft:stone_brick_wall":4,"minecraft:black_bed":54,"minecraft:shears":1729,"minecraft:cobbled_deepslate_stairs":14,"minecraft:exposed_copper":6,"minecraft:redstone_torch":251,"minecraft:green_concrete":43,"minecraft:black_concrete":1162,"minecraft:firework_rocket":14694,"minecraft:light_gray_concrete":19,"minecraft:heavy_weighted_pressure_plate":12,"minecraft:gray_shulker_box":22,"minecraft:string":182,"minecraft:gravel":469,"minecraft:blackstone_slab":1025,"minecraft:granite_slab":2,"minecraft:chainmail_boots":1,"minecraft:grindstone":47,"minecraft:andesite":1352,"minecraft:warped_button":4,"minecraft:chest_minecart":4,"minecraft:cobweb":18,"minecraft:tropical_fish_bucket":12,"minecraft:white_concrete":2238,"minecraft:golden_pickaxe":24,"minecraft:oak_fence":152,"minecraft:purpur_block":17,"minecraft:azalea":29,"minecraft:trident":5,"minecraft:jungle_leaves":798,"minecraft:music_disc_otherside":9,"minecraft:redstone_ore":4,"minecraft:stone_shovel":125,"minecraft:spruce_planks":568,"minecraft:sculk":1211,"minecraft:cut_copper_stairs":949,"minecraft:oak_door":6,"minecraft:spyglass":74,"minecraft:white_carpet":316,"minecraft:hopper":1075,"minecraft:spruce_stairs":1476,"minecraft:cobblestone_wall":18,"minecraft:warped_door":4,"minecraft:diamond_helmet":2,"minecraft:shulker_box":452,"minecraft:raw_iron_block":22,"minecraft:granite":57,"minecraft:andesite_wall":275,"minecraft:birch_door":1,"minecraft:stone_brick_slab":15,"minecraft:dark_oak_planks":2021,"minecraft:bookshelf":98,"minecraft:yellow_stained_glass":2,"minecraft:red_candle":41,"minecraft:polished_blackstone_brick_stairs":3,"minecraft:crimson_planks":24,"minecraft:golden_carrot":712,"minecraft:emerald_block":14,"minecraft:white_stained_glass_pane":21,"minecraft:cyan_banner":7,"minecraft:horn_coral_block":28,"minecraft:stone_pressure_plate":5,"minecraft:red_dye":3,"minecraft:cooked_mutton":3,"minecraft:amethyst_block":17,"minecraft:iron_ore":1158,"minecraft:glass_bottle":91,"minecraft:mud_brick_slab":131,"minecraft:polished_andesite":2814,"minecraft:netherite_chestplate":1,"minecraft:andesite_slab":280,"minecraft:copper_block":142,"minecraft:black_shulker_box":229,"minecraft:beacon":11,"minecraft:white_dye":9,"minecraft:magenta_stained_glass":3,"minecraft:stonecutter":68,"minecraft:cobblestone_slab":76,"minecraft:glow_item_frame":31,"minecraft:polished_blackstone_pressure_plate":42,"minecraft:stripped_dark_oak_log":21,"minecraft:lime_bed":7,"minecraft:light_gray_concrete_powder":72,"minecraft:painting":119,"minecraft:dark_oak_door":29,"minecraft:smoker":21,"minecraft:activator_rail":5,"minecraft:cracked_polished_blackstone_bricks":3,"minecraft:netherite_axe":29836,"minecraft:purple_dye":2,"minecraft:green_shulker_box":35,"minecraft:white_banner":47,"minecraft:jungle_door":5,"minecraft:bucket":1363,"minecraft:yellow_bed":2,"minecraft:polished_blackstone_button":30,"minecraft:soul_torch":12,"minecraft:splash_potion":5,"minecraft:smooth_stone":580},"minecraft:mined":{"minecraft:blue_carpet":12,"minecraft:red_shulker_box":250,"minecraft:blackstone_stairs":48,"minecraft:white_bed":38,"minecraft:fire_coral_wall_fan":9,"minecraft:cyan_shulker_box":240,"minecraft:granite":3773,"minecraft:acacia_log":59,"minecraft:deepslate_tile_wall":57,"minecraft:exposed_cut_copper_stairs":13,"minecraft:light_gray_bed":1,"minecraft:green_concrete":68,"minecraft:oak_wall_sign":1,"minecraft:nether_wart":21,"minecraft:spawner":5,"minecraft:polished_blackstone_bricks":351,"minecraft:magma_block":93,"minecraft:dark_oak_trapdoor":19,"minecraft:fire":119,"minecraft:barrel":83,"minecraft:cobbled_deepslate":1886,"minecraft:fletching_table":2,"minecraft:deepslate_lapis_ore":679,"minecraft:spruce_pressure_plate":28,"minecraft:light_gray_concrete":91,"minecraft:white_shulker_box":206,"minecraft:spruce_wood":36,"minecraft:white_banner":28,"minecraft:player_head":19,"minecraft:tripwire":12,"minecraft:bamboo_slab":24,"minecraft:sandstone_slab":11,"minecraft:cut_sandstone":43,"minecraft:blue_concrete_powder":5,"minecraft:kelp_plant":63,"minecraft:deepslate_brick_wall":234,"minecraft:crimson_nylium":2,"minecraft:smoker":13,"minecraft:deepslate_tile_slab":89,"minecraft:powder_snow":10,"minecraft:torch":1532,"minecraft:oxidized_copper":17,"minecraft:white_stained_glass_pane":33,"minecraft:dead_bush":151,"minecraft:spruce_wall_sign":56,"minecraft:smooth_quartz_slab":78,"minecraft:tube_coral_fan":2,"minecraft:lime_shulker_box":35,"minecraft:sugar_cane":989,"minecraft:bricks":11,"minecraft:amethyst_block":468,"minecraft:birch_sapling":1,"minecraft:white_terracotta":7,"minecraft:chain":125,"minecraft:repeater":16,"minecraft:verdant_froglight":22,"minecraft:mud":18,"minecraft:tinted_glass":57,"minecraft:jukebox":1,"minecraft:grass":2276,"minecraft:dark_oak_sapling":65,"minecraft:smooth_quartz":84,"minecraft:sandstone_wall":34,"minecraft:mangrove_log":17,"minecraft:smooth_basalt":262,"minecraft:stripped_crimson_stem":79,"minecraft:deepslate":128696,"minecraft:dark_prismarine":13,"minecraft:deepslate_tiles":25,"minecraft:exposed_cut_copper":4,"minecraft:brown_concrete":48,"minecraft:mossy_cobblestone":142,"minecraft:dark_oak_log":5402,"minecraft:sea_lantern":96,"minecraft:purple_candle":6,"minecraft:end_stone":1329,"minecraft:dark_oak_fence":10,"minecraft:spruce_fence":216,"minecraft:redstone_wire":72,"minecraft:red_mushroom":17,"minecraft:white_concrete_powder":3,"minecraft:horn_coral":2,"minecraft:redstone_ore":17,"minecraft:suspicious_sand":4,"minecraft:green_terracotta":1,"minecraft:andesite":10773,"minecraft:big_dripleaf_stem":6,"minecraft:mossy_stone_brick_stairs":2,"minecraft:vine":180,"minecraft:cyan_concrete":292,"minecraft:cobblestone_slab":15,"minecraft:rail":637,"minecraft:potted_spruce_sapling":1,"minecraft:brain_coral_wall_fan":7,"minecraft:bone_block":20,"minecraft:fire_coral_block":8,"minecraft:ender_chest":347,"minecraft:oak_slab":102,"minecraft:mud_brick_slab":76,"minecraft:birch_stairs":4,"minecraft:redstone_block":23,"minecraft:glass_pane":287,"minecraft:soul_sand":650,"minecraft:lily_of_the_valley":6,"minecraft:dandelion":161,"minecraft:warped_roots":11,"minecraft:crimson_slab":3,"minecraft:campfire":166,"minecraft:purpur_pillar":12,"minecraft:copper_ore":2203,"minecraft:tall_grass":854,"minecraft:deepslate_gold_ore":838,"minecraft:diorite":3180,"minecraft:warped_wart_block":53,"minecraft:black_stained_glass":28,"minecraft:red_terracotta":66,"minecraft:coarse_dirt":40,"minecraft:cut_copper_slab":14,"minecraft:trapped_chest":1,"minecraft:cobblestone_wall":80,"minecraft:dark_oak_wall_sign":2,"minecraft:weathered_cut_copper":6,"minecraft:purple_concrete":11,"minecraft:mangrove_leaves":160,"minecraft:dark_prismarine_slab":8,"minecraft:dark_oak_button":5,"minecraft:gravel":17323,"minecraft:cobweb":221,"minecraft:brown_terracotta":26,"minecraft:birch_sign":7,"minecraft:polished_blackstone":43,"minecraft:stone_bricks":163,"minecraft:gold_ore":81,"minecraft:chipped_anvil":6,"minecraft:iron_trapdoor":2,"minecraft:fern":238,"minecraft:stone_pressure_plate":8,"minecraft:farmland":24,"minecraft:mossy_stone_brick_slab":7,"minecraft:andesite_stairs":63,"minecraft:orange_wool":25,"minecraft:spruce_trapdoor":349,"minecraft:budding_amethyst":26,"minecraft:cracked_polished_blackstone_bricks":73,"minecraft:bubble_coral_fan":1,"minecraft:white_concrete":2301,"minecraft:polished_diorite":1,"minecraft:composter":200,"minecraft:sculk_catalyst":348,"minecraft:turtle_egg":2,"minecraft:green_stained_glass":17,"minecraft:pointed_dripstone":34,"minecraft:flowering_azalea_leaves":40,"minecraft:iron_bars":154,"minecraft:azalea":363,"minecraft:spruce_slab":461,"minecraft:deepslate_redstone_ore":5051,"minecraft:brown_shulker_box":27,"minecraft:jungle_door":2,"minecraft:quartz_block":1,"minecraft:polished_blackstone_wall":17,"minecraft:exposed_copper":6,"minecraft:orange_terracotta":16,"minecraft:purpur_stairs":12,"minecraft:light_gray_terracotta":3,"minecraft:beacon":8,"minecraft:nether_quartz_ore":1883,"minecraft:oak_planks":39,"minecraft:wall_torch":680,"minecraft:cauldron":11,"minecraft:stone_stairs":27,"minecraft:fire_coral_fan":1,"minecraft:warped_nylium":23,"minecraft:blue_terracotta":3,"minecraft:powered_rail":66,"minecraft:dark_oak_slab":13,"minecraft:smooth_stone_slab":1,"minecraft:oak_log":2283,"minecraft:dirt":14954,"minecraft:raw_copper_block":8,"minecraft:dispenser":18,"minecraft:ancient_debris":67,"minecraft:crying_obsidian":11,"minecraft:dark_oak_leaves":1812,"minecraft:mangrove_roots":48,"minecraft:lever":7,"minecraft:glow_lichen":164,"minecraft:ladder":16,"minecraft:tube_coral_wall_fan":6,"minecraft:stone_button":4,"minecraft:weathered_copper":1,"minecraft:decorated_pot":4,"minecraft:cyan_banner":1,"minecraft:brown_mushroom_block":110,"minecraft:soul_campfire":14,"minecraft:birch_slab":9,"minecraft:spruce_leaves":1082,"minecraft:crimson_stem":2,"minecraft:hay_block":2,"minecraft:raw_gold_block":16,"minecraft:nether_sprouts":3,"minecraft:polished_basalt":52,"minecraft:light_gray_shulker_box":3,"minecraft:peony":2,"minecraft:gold_block":7,"minecraft:bookshelf":81,"minecraft:deepslate_iron_ore":638,"minecraft:shroomlight":18,"minecraft:stripped_oak_log":91,"minecraft:wet_sponge":85,"minecraft:scaffolding":660,"minecraft:acacia_leaves":3,"minecraft:magenta_stained_glass":23,"minecraft:snow_block":345,"minecraft:stripped_dark_oak_log":38,"minecraft:basalt":365,"minecraft:oak_fence":31,"minecraft:honey_block":8,"minecraft:stone_slab":38,"minecraft:quartz_bricks":6,"minecraft:deepslate_coal_ore":3,"minecraft:red_concrete":397,"minecraft:polished_blackstone_brick_stairs":8,"minecraft:prismarine_bricks":101,"minecraft:birch_planks":82,"minecraft:bubble_coral":1,"minecraft:end_stone_brick_stairs":5,"minecraft:sea_pickle":24,"minecraft:ice":15,"minecraft:white_wall_banner":4,"minecraft:bee_nest":17,"minecraft:muddy_mangrove_roots":2,"minecraft:black_wool":18,"minecraft:cocoa":68,"minecraft:ochre_froglight":33,"minecraft:flower_pot":1,"minecraft:cyan_carpet":9,"minecraft:purple_shulker_box":83,"minecraft:cracked_stone_bricks":11,"minecraft:small_dripleaf":4,"minecraft:mossy_stone_bricks":6,"minecraft:crimson_fence":2,"minecraft:dark_oak_planks":365,"minecraft:polished_granite_slab":3,"minecraft:stripped_warped_stem":64,"minecraft:light_blue_concrete":15,"minecraft:jungle_leaves":772,"minecraft:warped_stairs":1,"minecraft:obsidian":743,"minecraft:carved_pumpkin":77,"minecraft:chiseled_polished_blackstone":7,"minecraft:red_sand":9,"minecraft:stone_brick_wall":1,"minecraft:jungle_log":1346,"minecraft:horn_coral_fan":1,"minecraft:coal_block":47,"minecraft:deepslate_bricks":1655,"minecraft:deepslate_tile_stairs":36,"minecraft:purpur_slab":7,"minecraft:lime_stained_glass":48,"minecraft:bubble_coral_block":53,"minecraft:tube_coral_block":33,"minecraft:hopper":206,"minecraft:chiseled_stone_bricks":3,"minecraft:potted_warped_fungus":1,"minecraft:orange_concrete":23,"minecraft:tall_seagrass":53,"minecraft:sticky_piston":33,"minecraft:cyan_wall_banner":6,"minecraft:pumpkin":80,"minecraft:moss_carpet":748,"minecraft:sculk_shrieker":218,"minecraft:cave_vines":16,"minecraft:polished_deepslate_slab":39,"minecraft:water_cauldron":2,"minecraft:dirt_path":1128,"minecraft:oak_stairs":221,"minecraft:quartz_slab":61,"minecraft:deepslate_brick_stairs":188,"minecraft:smooth_sandstone_stairs":28,"minecraft:stripped_bamboo_block":6,"minecraft:iron_block":765,"minecraft:piston_head":2,"minecraft:brown_mushroom":40,"minecraft:red_bed":3,"minecraft:player_wall_head":20,"minecraft:soul_fire":1,"minecraft:amethyst_cluster":565,"minecraft:blue_stained_glass":19,"minecraft:oxidized_cut_copper_stairs":75,"minecraft:blast_furnace":43,"minecraft:mud_brick_stairs":148,"minecraft:green_concrete_powder":4,"minecraft:polished_andesite_stairs":200,"minecraft:polished_diorite_slab":2,"minecraft:glass":1342,"minecraft:crimson_stairs":3,"minecraft:smooth_sandstone_slab":24,"minecraft:spruce_sign":7,"minecraft:weathered_cut_copper_stairs":8,"minecraft:polished_diorite_stairs":10,"minecraft:cyan_wool":4,"minecraft:black_concrete_powder":3,"minecraft:wheat":76,"minecraft:lilac":1,"minecraft:lime_concrete":135,"minecraft:black_bed":40,"minecraft:warped_fungus":5,"minecraft:stone_brick_stairs":52,"minecraft:copper_block":11,"minecraft:loom":4,"minecraft:blue_shulker_box":294,"minecraft:red_mushroom_block":583,"minecraft:stonecutter":64,"minecraft:piston":8,"minecraft:infested_deepslate":15,"minecraft:blue_stained_glass_pane":1,"minecraft:stripped_birch_log":34,"minecraft:jack_o_lantern":2,"minecraft:warped_door":4,"minecraft:shulker_box":433,"minecraft:nether_bricks":8,"minecraft:cobbled_deepslate_slab":489,"minecraft:orange_shulker_box":20,"minecraft:magenta_concrete":16,"minecraft:moss_block":3831,"minecraft:kelp":158,"minecraft:horn_coral_wall_fan":2,"minecraft:black_stained_glass_pane":27,"minecraft:polished_blackstone_button":5,"minecraft:snow":6380,"minecraft:acacia_wood":6,"minecraft:diamond_block":677,"minecraft:potatoes":566,"minecraft:warped_stem":88,"minecraft:smooth_quartz_stairs":85,"minecraft:bamboo_sapling":4,"minecraft:bamboo":111,"minecraft:cut_copper":52,"minecraft:white_wool":15,"minecraft:brain_coral":1,"minecraft:smithing_table":5,"minecraft:gray_concrete":104,"minecraft:comparator":12,"minecraft:brown_carpet":6,"minecraft:stone_brick_slab":34,"minecraft:observer":25,"minecraft:smooth_sandstone":95,"minecraft:cobbled_deepslate_wall":20,"minecraft:spruce_button":19,"minecraft:emerald_ore":45,"minecraft:sponge":37,"minecraft:dropper":8,"minecraft:big_dripleaf":5,"minecraft:pearlescent_froglight":8,"minecraft:purple_bed":35,"minecraft:prismarine_brick_slab":2,"minecraft:spruce_log":8127,"minecraft:white_carpet":13,"minecraft:birch_leaves":354,"minecraft:dripstone_block":5,"minecraft:acacia_door":2,"minecraft:spruce_fence_gate":14,"minecraft:black_shulker_box":199,"minecraft:waxed_cut_copper_slab":2,"minecraft:large_amethyst_bud":1,"minecraft:spruce_planks":256,"minecraft:cobbled_deepslate_stairs":3,"minecraft:cobblestone_stairs":24,"minecraft:sculk_vein":900,"minecraft:cave_vines_plant":13,"minecraft:grass_block":13680,"minecraft:blue_concrete":216,"minecraft:soul_soil":549,"minecraft:mud_bricks":41,"minecraft:sandstone_stairs":5,"minecraft:smooth_stone":127,"minecraft:raw_iron_block":4,"minecraft:glowstone":47,"minecraft:iron_ore":3358,"minecraft:black_carpet":37,"minecraft:anvil":12,"minecraft:azure_bluet":1,"minecraft:dark_oak_stairs":364,"minecraft:birch_wall_sign":8,"minecraft:azalea_leaves":102,"minecraft:end_stone_bricks":91,"minecraft:green_bed":1,"minecraft:blackstone":11087,"minecraft:polished_deepslate_stairs":143,"minecraft:soul_lantern":30,"minecraft:chiseled_quartz_block":1,"minecraft:clay":2568,"minecraft:calcite":594,"minecraft:poppy":79,"minecraft:chest":272,"minecraft:mushroom_stem":83,"minecraft:cobblestone":1391,"minecraft:slime_block":41,"minecraft:grindstone":19,"minecraft:prismarine":31,"minecraft:iron_door":21,"minecraft:sniffer_egg":1,"minecraft:deepslate_copper_ore":49,"minecraft:seagrass":112,"minecraft:red_candle":5,"minecraft:nether_wart_block":24,"minecraft:birch_log":232,"minecraft:activator_rail":1,"minecraft:purpur_block":98,"minecraft:green_glazed_terracotta":7,"minecraft:sand":11770,"minecraft:crimson_planks":16,"minecraft:tripwire_hook":3,"minecraft:netherrack":51253,"minecraft:polished_deepslate_wall":204,"minecraft:oak_leaves":486,"minecraft:horn_coral_block":34,"minecraft:emerald_block":3,"minecraft:redstone_lamp":16,"minecraft:nether_gold_ore":311,"minecraft:tube_coral":2,"minecraft:diamond_ore":14,"minecraft:red_carpet":3,"minecraft:tuff":12227,"minecraft:deepslate_diamond_ore":2725,"minecraft:blackstone_wall":4,"minecraft:oak_door":2,"minecraft:gray_shulker_box":20,"minecraft:gray_stained_glass_pane":216,"minecraft:brick_stairs":4,"minecraft:white_stained_glass":6,"minecraft:polished_andesite_slab":35,"minecraft:sandstone":982,"minecraft:mangrove_propagule":58,"minecraft:rooted_dirt":28,"minecraft:large_fern":141,"minecraft:spore_blossom":11,"minecraft:deepslate_brick_slab":157,"minecraft:oxidized_cut_copper":1,"minecraft:oak_trapdoor":41,"minecraft:furnace":47,"minecraft:spruce_sapling":33,"minecraft:carrots":152,"minecraft:red_concrete_powder":6,"minecraft:chiseled_sandstone":13,"minecraft:stripped_spruce_log":485,"minecraft:black_concrete":1300,"minecraft:chiseled_deepslate":16,"minecraft:bell":12,"minecraft:polished_deepslate":441,"minecraft:lantern":53,"minecraft:stripped_acacia_log":1,"minecraft:packed_ice":738,"minecraft:stone":45989,"minecraft:yellow_shulker_box":49,"minecraft:redstone_wall_torch":13,"minecraft:podzol":390,"minecraft:flowering_azalea":220,"minecraft:light_blue_shulker_box":7,"minecraft:cut_copper_stairs":106,"minecraft:brick_wall":4,"minecraft:soul_torch":1,"minecraft:spruce_door":20,"minecraft:crafting_table":193,"minecraft:cyan_stained_glass_pane":2,"minecraft:blackstone_slab":34,"minecraft:lime_concrete_powder":11,"minecraft:rose_bush":12,"minecraft:andesite_slab":24,"minecraft:sculk_sensor":824,"minecraft:lectern":942,"minecraft:andesite_wall":33,"minecraft:lapis_ore":113,"minecraft:sculk":2090,"minecraft:blue_bed":29,"minecraft:spruce_stairs":253,"minecraft:lime_bed":7,"minecraft:cactus":1,"minecraft:green_shulker_box":25,"minecraft:polished_blackstone_stairs":12,"minecraft:redstone_torch":63,"minecraft:sweet_berry_bush":84,"minecraft:yellow_bed":3,"minecraft:coal_ore":4180,"minecraft:end_rod":50,"minecraft:bubble_coral_wall_fan":7,"minecraft:gray_carpet":5,"minecraft:terracotta":2526,"minecraft:polished_andesite":299,"minecraft:birch_fence":11,"minecraft:warped_slab":2},"minecraft:crafted":{"minecraft:lime_stained_glass":448,"minecraft:black_dye":514,"minecraft:red_stained_glass_pane":160,"minecraft:oak_sign":9,"minecraft:waxed_cut_copper_slab":105,"minecraft:polished_deepslate_wall":45,"minecraft:blaze_powder":74,"minecraft:chain":337,"minecraft:brick_wall":8,"minecraft:blue_stained_glass_pane":16,"minecraft:diamond_shovel":6,"minecraft:gray_wool":57,"minecraft:shulker_box":118,"minecraft:diamond_helmet":3,"minecraft:magenta_concrete_powder":8,"minecraft:beacon":1,"minecraft:light_blue_concrete_powder":8,"minecraft:stone_pressure_plate":5,"minecraft:decorated_pot":16,"minecraft:iron_door":24,"minecraft:cyan_banner":1,"minecraft:gray_stained_glass_pane":1120,"minecraft:gray_stained_glass":424,"minecraft:lime_concrete_powder":408,"minecraft:name_tag":76,"minecraft:white_shulker_box":23,"minecraft:warped_stairs":28,"minecraft:blue_stained_glass":448,"minecraft:redstone_lamp":18,"minecraft:soul_campfire":102,"minecraft:acacia_slab":84,"minecraft:polished_andesite_stairs":32,"minecraft:glow_item_frame":28,"minecraft:chest_minecart":2,"minecraft:raw_gold_block":45,"minecraft:smithing_table":2,"minecraft:sticky_piston":110,"minecraft:fletching_table":6,"minecraft:painting":17,"minecraft:lectern":38,"minecraft:stone_slab":52,"minecraft:iron_pickaxe":19,"minecraft:acacia_door":54,"minecraft:sandstone":414,"minecraft:netherite_ingot":18,"minecraft:composter":977,"minecraft:jukebox":2,"minecraft:orange_shulker_box":1,"minecraft:iron_nugget":3969,"minecraft:spyglass":1,"minecraft:diamond_hoe":3,"minecraft:brick_stairs":8,"minecraft:soul_torch":296,"minecraft:light_gray_wool":2,"minecraft:polished_blackstone_pressure_plate":64,"minecraft:blue_shulker_box":10,"minecraft:spruce_fence":606,"minecraft:moss_carpet":276,"minecraft:terracotta":128,"minecraft:lantern":535,"minecraft:spruce_stairs":1632,"minecraft:light_gray_shulker_box":2,"minecraft:polished_diorite":2,"minecraft:black_concrete_powder":1288,"minecraft:red_shulker_box":9,"minecraft:stone_pickaxe":4,"minecraft:spruce_boat":8,"minecraft:lead":30,"minecraft:light_gray_terracotta":64,"minecraft:enchanting_table":1,"minecraft:crimson_slab":24,"minecraft:polished_blackstone_stairs":2,"minecraft:dark_oak_button":32,"minecraft:red_carpet":9,"minecraft:deepslate_tiles":23,"minecraft:orange_dye":128,"minecraft:stripped_warped_hyphae":48,"minecraft:crimson_stairs":32,"minecraft:oak_chest_boat":1,"minecraft:soul_lantern":93,"minecraft:red_stained_glass":80,"minecraft:fermented_spider_eye":41,"minecraft:black_stained_glass_pane":240,"minecraft:writable_book":38,"minecraft:iron_shovel":1,"minecraft:armor_stand":9,"minecraft:note_block":2,"minecraft:grindstone":40,"minecraft:cobblestone_slab":98,"minecraft:barrel":49,"minecraft:packed_mud":1152,"minecraft:lightning_rod":12,"minecraft:snow":354,"minecraft:stone":91,"minecraft:heavy_weighted_pressure_plate":7,"minecraft:warped_planks":140,"minecraft:brown_carpet":105,"minecraft:polished_blackstone_button":29,"minecraft:stone_brick_slab":2,"minecraft:bow":84,"minecraft:comparator":106,"minecraft:chest":1972,"minecraft:polished_basalt":132,"minecraft:copper_block":796,"minecraft:yellow_terracotta":64,"minecraft:cod_bucket":1,"minecraft:rail":960,"minecraft:blue_concrete_powder":240,"minecraft:bricks":112,"minecraft:ender_eye":26,"minecraft:oak_fence":195,"minecraft:stone_bricks":1728,"minecraft:polished_diorite_slab":10,"minecraft:golden_boots":2,"minecraft:white_banner":22,"minecraft:dropper":36,"minecraft:arrow":16,"minecraft:cauldron":4,"minecraft:lime_terracotta":8,"minecraft:iron_helmet":1,"minecraft:brown_dye":124,"minecraft:brush":4,"minecraft:red_wool":6,"minecraft:chiseled_polished_blackstone":4,"minecraft:white_stained_glass_pane":32,"minecraft:warped_door":3,"minecraft:yellow_stained_glass":8,"minecraft:dispenser":53,"minecraft:tnt":24,"minecraft:spruce_trapdoor":1350,"minecraft:purple_dye":256,"minecraft:yellow_dye":83,"minecraft:gray_terracotta":400,"minecraft:stick":9388,"minecraft:iron_ingot":12613,"minecraft:andesite_stairs":31,"minecraft:light_blue_shulker_box":2,"minecraft:black_bed":13,"minecraft:cyan_carpet":24,"minecraft:deepslate_bricks":139,"minecraft:polished_diorite_stairs":9,"minecraft:orange_glazed_terracotta":8,"minecraft:deepslate_tile_slab":38,"minecraft:blue_terracotta":128,"minecraft:oak_door":6,"minecraft:tripwire_hook":68,"minecraft:netherite_sword":1,"minecraft:spruce_button":446,"minecraft:furnace":328,"minecraft:blast_furnace":38,"minecraft:mud_bricks":1152,"minecraft:piston":186,"minecraft:mushroom_stew":1,"minecraft:polished_andesite_slab":24,"minecraft:raw_copper_block":801,"minecraft:smooth_quartz_stairs":8,"minecraft:oak_trapdoor":674,"minecraft:flint_and_steel":4,"minecraft:scaffolding":600,"minecraft:white_concrete_powder":2112,"minecraft:orange_terracotta":8,"minecraft:cobblestone_wall":23,"minecraft:brown_shulker_box":3,"minecraft:smooth_quartz_slab":144,"minecraft:blackstone_stairs":4,"minecraft:birch_sign":9,"minecraft:iron_trapdoor":76,"minecraft:purple_shulker_box":6,"minecraft:iron_sword":20,"minecraft:mangrove_planks":20,"minecraft:jungle_planks":32,"minecraft:jungle_door":6,"minecraft:white_dye":484,"minecraft:brown_concrete_powder":192,"minecraft:netherite_shovel":2,"minecraft:black_carpet":339,"minecraft:blue_wool":192,"minecraft:anvil":54,"minecraft:stonecutter":4,"minecraft:torch":9016,"minecraft:bamboo_trapdoor":4,"minecraft:diamond_chestplate":3,"minecraft:ender_chest":13,"minecraft:light_gray_concrete_powder":8,"minecraft:smooth_stone":287,"minecraft:birch_slab":36,"minecraft:slime_block":44809,"minecraft:loom":9,"minecraft:lever":31,"minecraft:lime_glazed_terracotta":8,"minecraft:bookshelf":223,"minecraft:cooked_mutton":3,"minecraft:iron_bars":1200,"minecraft:red_concrete_powder":456,"minecraft:deepslate_brick_stairs":97,"minecraft:quartz_block":364,"minecraft:glass":2136,"minecraft:repeater":146,"minecraft:diamond_leggings":3,"minecraft:cyan_stained_glass_pane":16,"minecraft:polished_blackstone":92,"minecraft:birch_door":3,"minecraft:magenta_dye":8,"minecraft:flower_pot":4,"minecraft:purple_candle":128,"minecraft:glass_bottle":156,"minecraft:target":64,"minecraft:emerald":3697,"minecraft:smooth_quartz":192,"minecraft:cooked_porkchop":96,"minecraft:diamond_axe":2,"minecraft:spruce_door":48,"minecraft:clock":20,"minecraft:cobbled_deepslate_wall":29,"minecraft:copper_ingot":283,"minecraft:hay_block":71,"minecraft:campfire":449,"minecraft:lime_shulker_box":16,"minecraft:bamboo_planks":128,"minecraft:green_terracotta":296,"minecraft:chiseled_deepslate":20,"minecraft:compass":435,"minecraft:iron_block":49379,"minecraft:white_terracotta":64,"minecraft:gold_ingot":708,"minecraft:light_gray_dye":30,"minecraft:spruce_fence_gate":120,"minecraft:birch_stairs":12,"minecraft:rabbit_stew":1,"minecraft:stone_shovel":1,"minecraft:smooth_stone_slab":18,"minecraft:polished_deepslate_stairs":8,"minecraft:tinted_glass":2304,"minecraft:orange_concrete":16,"minecraft:red_terracotta":64,"minecraft:bone_meal":83152,"minecraft:cyan_stained_glass":8,"minecraft:andesite_wall":24,"minecraft:candle":128,"minecraft:white_carpet":306,"minecraft:diamond":1890,"minecraft:netherite_axe":1,"minecraft:dark_oak_fence":240,"minecraft:deepslate_brick_wall":10,"minecraft:ladder":384,"minecraft:spruce_slab":8996,"minecraft:diamond_boots":3,"minecraft:cobbled_deepslate_stairs":28,"minecraft:redstone_block":1680,"minecraft:dark_oak_planks":9201,"minecraft:coal_block":536,"minecraft:firework_star":254,"minecraft:crossbow":2,"minecraft:netherite_pickaxe":5,"minecraft:muddy_mangrove_roots":1,"minecraft:deepslate_brick_slab":32,"minecraft:blue_bed":2,"minecraft:gray_concrete_powder":104,"minecraft:conduit":2,"minecraft:glowstone":17,"minecraft:white_stained_glass":64,"minecraft:bamboo_slab":108,"minecraft:andesite_slab":28,"minecraft:gray_shulker_box":14,"minecraft:cyan_shulker_box":5,"minecraft:oak_stairs":816,"minecraft:iron_leggings":2,"minecraft:white_bed":11,"minecraft:lime_wool":1,"minecraft:blue_carpet":288,"minecraft:oak_planks":4516,"minecraft:dark_oak_boat":4,"minecraft:cobblestone_stairs":36,"minecraft:spruce_pressure_plate":220,"minecraft:green_dye":96,"minecraft:bamboo_block":96,"minecraft:dark_oak_door":102,"minecraft:hopper":1042,"minecraft:iron_boots":1,"minecraft:raw_copper":6552,"minecraft:written_book":23,"minecraft:cyan_terracotta":112,"minecraft:raw_iron_block":286,"minecraft:smoker":10,"minecraft:oak_slab":738,"minecraft:item_frame":209,"minecraft:acacia_wood":12,"minecraft:map":392,"minecraft:crafting_table":78,"minecraft:spruce_planks":31076,"minecraft:wooden_pickaxe":1,"minecraft:baked_potato":493,"minecraft:mangrove_trapdoor":4,"minecraft:gold_block":50,"minecraft:hopper_minecart":182,"minecraft:brewing_stand":2,"minecraft:birch_planks":1304,"minecraft:black_shulker_box":29,"minecraft:dark_oak_slab":792,"minecraft:iron_chestplate":1,"minecraft:book":203,"minecraft:paper":10242,"minecraft:diamond_pickaxe":6,"minecraft:emerald_block":45,"minecraft:light_weighted_pressure_plate":3,"minecraft:birch_fence":144,"minecraft:warped_slab":36,"minecraft:light_blue_dye":8,"minecraft:netherite_hoe":2,"minecraft:stone_sword":2,"minecraft:snow_block":1089,"minecraft:green_shulker_box":14,"minecraft:polished_blackstone_brick_stairs":15,"minecraft:gray_carpet":57,"minecraft:redstone_torch":792,"minecraft:light_gray_carpet":3,"minecraft:shears":6,"minecraft:trident":1,"minecraft:polished_andesite":84,"minecraft:coarse_dirt":512,"minecraft:cobbled_deepslate_slab":3880,"minecraft:redstone":2836,"minecraft:raw_iron":2313,"minecraft:coal":9972,"minecraft:stone_button":21,"minecraft:dark_oak_trapdoor":166,"minecraft:gray_dye":280,"minecraft:diamond_block":577,"minecraft:glass_pane":1280,"minecraft:yellow_shulker_box":2,"minecraft:polished_deepslate":356,"minecraft:black_terracotta":232,"minecraft:green_concrete_powder":128,"minecraft:iron_axe":5,"minecraft:spruce_wood":138,"minecraft:slime_ball":711,"minecraft:lime_dye":174,"minecraft:warped_button":4,"minecraft:filled_map":664,"minecraft:netherite_scrap":10,"minecraft:observer":87,"minecraft:minecart":272,"minecraft:cooked_beef":317,"minecraft:sugar":72,"minecraft:red_dye":447,"minecraft:cyan_concrete_powder":288,"minecraft:bone_block":7585,"minecraft:crimson_planks":128,"minecraft:diamond_sword":4,"minecraft:cyan_dye":104,"minecraft:spruce_sign":273,"minecraft:dark_oak_stairs":1570,"minecraft:powered_rail":576,"minecraft:activator_rail":24,"minecraft:bowl":4,"minecraft:bucket":84,"minecraft:stone_axe":1,"minecraft:brown_terracotta":128,"minecraft:air":0,"minecraft:bread":924,"minecraft:blue_dye":368,"minecraft:black_stained_glass":1096,"minecraft:oak_boat":3,"minecraft:smooth_sandstone_slab":2,"minecraft:white_wool":5879,"minecraft:raw_gold":396,"minecraft:brown_wool":70,"minecraft:dark_prismarine_slab":2,"minecraft:acacia_planks":392,"minecraft:end_crystal":8,"minecraft:purple_concrete_powder":8,"minecraft:lapis_lazuli":1053,"minecraft:lapis_block":561,"minecraft:clay":226,"minecraft:trapped_chest":2,"minecraft:firework_rocket":13512},"minecraft:picked_up":{"minecraft:stone_slab":68,"minecraft:smithing_table":5,"minecraft:lead":203,"minecraft:enchanted_book":5,"minecraft:purple_shulker_box":83,"minecraft:blue_concrete":12,"minecraft:polished_deepslate":568,"minecraft:polished_blackstone_brick_stairs":3,"minecraft:string":875,"minecraft:shroomlight":17,"minecraft:sculk_shrieker":133,"minecraft:diamond_leggings":18,"minecraft:horn_coral_block":34,"minecraft:bubble_coral":1,"minecraft:warped_slab":4,"minecraft:hopper_minecart":126,"minecraft:crimson_sign":1,"minecraft:diamond_ore":7,"minecraft:spruce_pressure_plate":53,"minecraft:polished_blackstone_stairs":12,"minecraft:jukebox":1,"minecraft:big_dripleaf":65,"minecraft:brick_wall":4,"minecraft:purpur_pillar":12,"minecraft:acacia_log":57,"minecraft:cut_copper_stairs":102,"minecraft:golden_axe":1,"minecraft:green_terracotta":1,"minecraft:golden_chestplate":5,"minecraft:cyan_stained_glass_pane":2,"minecraft:gray_shulker_box":20,"minecraft:warped_door":4,"minecraft:cauldron":15,"minecraft:brown_carpet":6,"minecraft:stone_sword":2,"minecraft:horn_coral_fan":3,"minecraft:blackstone_wall":4,"minecraft:polished_basalt":52,"minecraft:carved_pumpkin":128,"minecraft:glowstone":113,"minecraft:bookshelf":1,"minecraft:end_rod":139,"minecraft:white_terracotta":6,"minecraft:blaze_rod":21,"minecraft:iron_bars":204,"minecraft:snowball":43,"minecraft:sponge":37,"minecraft:feather":48,"minecraft:cooked_beef":109,"minecraft:water_bucket":11,"minecraft:dark_oak_boat":3,"minecraft:copper_block":11,"minecraft:flint":121,"minecraft:lantern":66,"minecraft:exposed_cut_copper_stairs":13,"minecraft:stonecutter":66,"minecraft:dark_oak_sign":4,"minecraft:diamond_helmet":7,"minecraft:honeycomb":30,"minecraft:glow_lichen":144,"minecraft:chiseled_polished_blackstone":7,"minecraft:stripped_crimson_stem":81,"minecraft:stripped_spruce_log":481,"minecraft:brown_mushroom_block":81,"minecraft:polished_andesite":418,"minecraft:blue_terracotta":4,"minecraft:deepslate":44715,"minecraft:lever":9,"minecraft:granite":2050,"minecraft:spruce_button":24,"minecraft:rooted_dirt":28,"minecraft:deepslate_coal_ore":4,"minecraft:jack_o_lantern":2,"minecraft:crimson_roots":1,"minecraft:diamond_pickaxe":12,"minecraft:mud":17,"minecraft:bee_nest":14,"minecraft:clay_ball":1743,"minecraft:redstone_lamp":16,"minecraft:golden_pickaxe":2,"minecraft:leather_leggings":10,"minecraft:purpur_block":92,"minecraft:heavy_weighted_pressure_plate":6,"minecraft:elytra":39,"minecraft:acacia_door":3,"minecraft:flint_and_steel":4,"minecraft:white_stained_glass":58,"minecraft:white_carpet":14,"minecraft:polished_blackstone_wall":17,"minecraft:glass_pane":360,"minecraft:netherite_sword":9,"minecraft:stripped_warped_stem":64,"minecraft:jungle_sapling":5,"minecraft:poppy":199,"minecraft:spruce_slab":715,"minecraft:minecart":184,"minecraft:birch_sapling":24,"minecraft:piston":9,"minecraft:copper_ore":1038,"minecraft:lime_shulker_box":36,"minecraft:black_stained_glass":25,"minecraft:stone":31444,"minecraft:raw_gold_block":16,"minecraft:white_dye":7,"minecraft:netherite_pickaxe":20,"minecraft:cyan_shulker_box":240,"minecraft:diamond_chestplate":11,"minecraft:decorated_pot":4,"minecraft:purpur_slab":6,"minecraft:hay_block":3,"minecraft:totem_of_undying":13,"minecraft:polished_blackstone":40,"minecraft:mutton":12,"minecraft:bone_block":48,"minecraft:rail":637,"minecraft:emerald_ore":29,"minecraft:lime_bed":7,"minecraft:birch_leaves":315,"minecraft:yellow_shulker_box":49,"minecraft:mud_bricks":40,"minecraft:clock":1,"minecraft:tripwire_hook":29,"minecraft:fern":39,"minecraft:blackstone_slab":35,"minecraft:acacia_wood":6,"minecraft:purpur_stairs":12,"minecraft:sculk_vein":715,"minecraft:paper":73,"minecraft:apple":58,"minecraft:warped_stem":87,"minecraft:spore_blossom":11,"minecraft:iron_ore":1353,"minecraft:magenta_stained_glass":22,"minecraft:dark_oak_stairs":355,"minecraft:polished_andesite_stairs":252,"minecraft:smooth_basalt":238,"minecraft:milk_bucket":1,"minecraft:sweet_berries":269,"minecraft:green_glazed_terracotta":7,"minecraft:lime_concrete":139,"minecraft:weathered_copper":1,"minecraft:crimson_stairs":3,"minecraft:crying_obsidian":11,"minecraft:leather_helmet":2,"minecraft:archer_pottery_sherd":4,"minecraft:diamond_shovel":11,"minecraft:coal_ore":1317,"minecraft:slime_ball":2021,"minecraft:snort_pottery_sherd":1,"minecraft:deepslate_redstone_ore":2403,"minecraft:painting":107,"minecraft:birch_sign":23,"minecraft:baked_potato":40,"minecraft:smooth_quartz_slab":78,"minecraft:hopper":308,"minecraft:black_carpet":141,"minecraft:light_blue_concrete":7,"minecraft:ender_chest":360,"minecraft:gilded_blackstone":56,"minecraft:stone_brick_stairs":87,"minecraft:warped_stairs":1,"minecraft:lapis_block":69,"minecraft:dead_tube_coral_block":1,"minecraft:waxed_cut_copper_slab":2,"minecraft:deepslate_lapis_ore":416,"minecraft:red_candle":13,"minecraft:red_sand":7,"minecraft:smooth_stone":314,"minecraft:comparator":34,"minecraft:bucket":6,"minecraft:light_weighted_pressure_plate":1,"minecraft:red_dye":1,"minecraft:rose_bush":140,"minecraft:cobblestone_slab":20,"minecraft:azalea":397,"minecraft:wooden_shovel":1,"minecraft:smooth_quartz":178,"minecraft:smooth_quartz_stairs":84,"minecraft:deepslate_iron_ore":326,"minecraft:polished_deepslate_stairs":223,"minecraft:spruce_stairs":247,"minecraft:netherite_shovel":8,"minecraft:diorite":2757,"minecraft:vine":10,"minecraft:goat_horn":3,"minecraft:sniffer_egg":4,"minecraft:andesite_wall":81,"minecraft:rotten_flesh":940,"minecraft:brown_shulker_box":27,"minecraft:mangrove_roots":45,"minecraft:deepslate_copper_ore":31,"minecraft:music_disc_wait":1,"minecraft:deepslate_brick_stairs":480,"minecraft:obsidian":762,"minecraft:cobblestone":7276,"minecraft:muddy_mangrove_roots":2,"minecraft:leather_chestplate":4,"minecraft:lilac":1,"minecraft:repeater":26,"minecraft:golden_leggings":1,"minecraft:andesite":10143,"minecraft:black_bed":41,"minecraft:mud_brick_stairs":148,"minecraft:beacon":23,"minecraft:potato":3699,"minecraft:smooth_sandstone_stairs":28,"minecraft:prismarine_bricks":98,"minecraft:stripped_birch_log":29,"minecraft:dirt":16155,"minecraft:name_tag":8,"minecraft:glass":1444,"minecraft:bone":602,"minecraft:bow":93,"minecraft:wheat_seeds":14087,"minecraft:grindstone":26,"minecraft:netherite_axe":9,"minecraft:mossy_stone_bricks":6,"minecraft:fletching_table":2,"minecraft:bamboo":1246,"minecraft:cyan_concrete":292,"minecraft:prismarine":27,"minecraft:black_stained_glass_pane":9,"minecraft:light_blue_shulker_box":7,"minecraft:grass_block":12716,"minecraft:diamond_block":953,"minecraft:spectral_arrow":55,"minecraft:mossy_cobblestone":137,"minecraft:jungle_leaves":683,"minecraft:light_gray_terracotta":3,"minecraft:slime_block":31,"minecraft:netherite_helmet":9,"minecraft:soul_lantern":50,"minecraft:cracked_polished_blackstone_bricks":160,"minecraft:crossbow":10,"minecraft:bone_meal":222,"minecraft:grass":404,"minecraft:golden_apple":3,"minecraft:spruce_sign":134,"minecraft:emerald":72,"minecraft:piglin_banner_pattern":1,"minecraft:netherrack":25741,"minecraft:chorus_fruit":19,"minecraft:andesite_slab":29,"minecraft:oak_leaves":47,"minecraft:azure_bluet":1,"minecraft:splash_potion":4,"minecraft:ladder":133,"minecraft:rabbit_stew":1,"minecraft:brown_mushroom":51,"minecraft:packed_ice":919,"minecraft:stone_brick_wall":1,"minecraft:chain":161,"minecraft:brick":116,"minecraft:shield":5,"minecraft:oak_trapdoor":44,"minecraft:moss_carpet":1324,"minecraft:birch_fence":13,"minecraft:blackstone":11014,"minecraft:end_stone":1328,"minecraft:flowering_azalea_leaves":33,"minecraft:polished_blackstone_bricks":348,"minecraft:trident":6,"minecraft:brown_dye":8,"minecraft:stone_pressure_plate":7,"minecraft:purple_candle":49,"minecraft:blue_concrete_powder":4,"minecraft:tube_coral":2,"minecraft:red_shulker_box":251,"minecraft:pumpkin_pie":178,"minecraft:nether_bricks":8,"minecraft:brick_stairs":4,"minecraft:netherite_boots":8,"minecraft:basalt":423,"minecraft:dark_oak_button":5,"minecraft:golden_carrot":243,"minecraft:leather":297,"minecraft:ice":5,"minecraft:chainmail_chestplate":2,"minecraft:gunpowder":6337,"minecraft:yellow_bed":3,"minecraft:cobbled_deepslate_stairs":7,"minecraft:cobblestone_wall":75,"minecraft:orange_terracotta":12,"minecraft:red_carpet":2,"minecraft:pearlescent_froglight":8,"minecraft:gray_carpet":7,"minecraft:acacia_trapdoor":1,"minecraft:spruce_wood":36,"minecraft:iron_ingot":549,"minecraft:cooked_chicken":1,"minecraft:prismarine_brick_slab":2,"minecraft:polished_andesite_slab":35,"minecraft:verdant_froglight":16,"minecraft:sculk_catalyst":116,"minecraft:nether_quartz_ore":642,"minecraft:warped_fungus":7,"minecraft:emerald_block":3,"minecraft:stone_brick_slab":42,"minecraft:quartz":2195,"minecraft:dandelion":163,"minecraft:amethyst_shard":4826,"minecraft:soul_torch":1,"minecraft:green_stained_glass":17,"minecraft:red_banner":4,"minecraft:spruce_door":32,"minecraft:polished_diorite_stairs":10,"minecraft:mangrove_leaves":101,"minecraft:pumpkin_seeds":305,"minecraft:sculk_sensor":42,"minecraft:white_concrete_powder":3,"minecraft:chainmail_leggings":3,"minecraft:terracotta":2516,"minecraft:netherite_hoe":3,"minecraft:seagrass":17,"minecraft:iron_chestplate":2,"minecraft:chainmail_boots":5,"minecraft:flower_pot":3,"minecraft:anvil":12,"minecraft:prismarine_shard":23,"minecraft:diamond_sword":18,"minecraft:oak_stairs":221,"minecraft:golden_shovel":1,"minecraft:golden_sword":3,"minecraft:polished_deepslate_wall":249,"minecraft:amethyst_block":503,"minecraft:weathered_cut_copper_stairs":8,"minecraft:dark_oak_trapdoor":28,"minecraft:soul_soil":580,"minecraft:cooked_salmon":1,"minecraft:blue_stained_glass_pane":1,"minecraft:beetroot":1,"minecraft:gold_nugget":278,"minecraft:cobbled_deepslate":47993,"minecraft:crimson_fence":2,"minecraft:spruce_planks":436,"minecraft:written_book":14,"minecraft:azalea_leaves":89,"minecraft:coal_block":388,"minecraft:mangrove_log":16,"minecraft:dark_oak_door":39,"minecraft:golden_helmet":4,"minecraft:composter":202,"minecraft:bamboo_slab":30,"minecraft:sandstone_wall":33,"minecraft:deepslate_tile_stairs":35,"minecraft:gray_stained_glass_pane":212,"minecraft:tropical_fish":13,"minecraft:iron_block":3023,"minecraft:netherite_chestplate":10,"minecraft:blackstone_stairs":42,"minecraft:birch_log":1121,"minecraft:magma_block":102,"minecraft:polished_diorite_slab":2,"minecraft:oxidized_copper":17,"minecraft:iron_door":20,"minecraft:birch_slab":9,"minecraft:jungle_log":1298,"minecraft:green_concrete_powder":4,"minecraft:smoker":9,"minecraft:netherite_leggings":10,"minecraft:gray_concrete":96,"minecraft:stripped_bamboo_block":6,"minecraft:chipped_anvil":6,"minecraft:glowstone_dust":12,"minecraft:moss_block":4141,"minecraft:pitcher_pod":1,"minecraft:warped_wart_block":54,"minecraft:dropper":11,"minecraft:ink_sac":652,"minecraft:loom":4,"minecraft:dark_oak_log":5906,"minecraft:trapped_chest":1,"minecraft:red_terracotta":61,"minecraft:barrel":82,"minecraft:bundle":62,"minecraft:quartz_bricks":6,"minecraft:dispenser":34,"minecraft:black_concrete_powder":3,"minecraft:green_concrete":67,"minecraft:miner_pottery_sherd":1,"minecraft:writable_book":12,"minecraft:polished_granite_slab":4,"minecraft:deepslate_gold_ore":415,"minecraft:bread":1,"minecraft:dark_oak_fence":8,"minecraft:bricks":11,"minecraft:spruce_leaves":390,"minecraft:crafting_table":206,"minecraft:coarse_dirt":50,"minecraft:sandstone_slab":12,"minecraft:bubble_coral_fan":8,"minecraft:nether_wart":85,"minecraft:orange_stained_glass_pane":4,"minecraft:red_bed":3,"minecraft:snow":299,"minecraft:netherite_scrap":2,"minecraft:compass":8,"minecraft:cracked_stone_bricks":11,"minecraft:deepslate_diamond_ore":1371,"minecraft:music_disc_otherside":9,"minecraft:beef":376,"minecraft:cyan_wool":2,"minecraft:iron_nugget":243,"minecraft:chest":260,"minecraft:raw_copper_block":8,"minecraft:egg":66,"minecraft:sandstone":938,"minecraft:polished_deepslate_slab":40,"minecraft:oak_door":2,"minecraft:glow_item_frame":3,"minecraft:amethyst_cluster":180,"minecraft:spruce_fence":214,"minecraft:carrot":1013,"minecraft:redstone":15222,"minecraft:mushroom_stem":77,"minecraft:prismarine_crystals":10,"minecraft:blue_carpet":13,"minecraft:cooked_cod":2,"minecraft:beetroot_seeds":3,"minecraft:tube_coral_fan":7,"minecraft:diamond_boots":21,"minecraft:shears":4,"minecraft:deepslate_bricks":1719,"minecraft:cut_copper":52,"minecraft:sandstone_stairs":5,"minecraft:warped_sign":1,"minecraft:tube_coral_block":32,"minecraft:gold_ingot":27,"minecraft:white_shulker_box":205,"minecraft:glow_berries":110,"minecraft:lime_concrete_powder":11,"minecraft:white_wool":410,"minecraft:crimson_slab":3,"minecraft:lapis_ore":80,"minecraft:stripped_oak_log":91,"minecraft:red_mushroom_block":536,"minecraft:red_mushroom":39,"minecraft:ochre_froglight":33,"minecraft:filled_map":2073,"minecraft:brown_concrete":48,"minecraft:oak_log":2452,"minecraft:ancient_debris":69,"minecraft:golden_boots":5,"minecraft:blue_bed":30,"minecraft:white_banner":35,"minecraft:stone_bricks":319,"minecraft:kelp":940,"minecraft:glass_bottle":4,"minecraft:iron_sword":7,"minecraft:flowering_azalea":242,"minecraft:white_stained_glass_pane":29,"minecraft:dark_oak_slab":187,"minecraft:sculk":1977,"minecraft:yellow_concrete":2,"minecraft:spyglass":12,"minecraft:torchflower_seeds":3,"minecraft:gravel":11146,"minecraft:birch_stairs":4,"minecraft:prize_pottery_sherd":2,"minecraft:spruce_sapling":1032,"minecraft:spruce_log":9174,"minecraft:sea_lantern":96,"minecraft:firework_rocket":1225,"minecraft:purple_bed":35,"minecraft:stone_axe":1,"minecraft:polished_diorite":2,"minecraft:diamond_axe":12,"minecraft:redstone_ore":13,"minecraft:gray_wool":13,"minecraft:warped_roots":11,"minecraft:crimson_nylium":7,"minecraft:warped_nylium":22,"minecraft:stripped_dark_oak_log":37,"minecraft:mangrove_propagule":55,"minecraft:pink_dye":1,"minecraft:ender_pearl":6703,"minecraft:shulker_shell":559,"minecraft:chiseled_deepslate":43,"minecraft:wheat":5139,"minecraft:exposed_copper":6,"minecraft:redstone_block":30,"minecraft:iron_trapdoor":1,"minecraft:light_gray_shulker_box":4,"minecraft:turtle_egg":2,"minecraft:potion":2,"minecraft:crimson_planks":16,"minecraft:raw_copper":8306,"minecraft:smooth_stone_slab":1,"minecraft:iron_leggings":4,"minecraft:sticky_piston":38,"minecraft:armor_stand":13,"minecraft:netherite_ingot":3,"minecraft:oak_sign":3,"minecraft:sea_pickle":65,"minecraft:deepslate_tiles":53,"minecraft:black_shulker_box":195,"minecraft:dark_oak_leaves":142,"minecraft:redstone_torch":91,"minecraft:calcite":554,"minecraft:deepslate_tile_wall":76,"minecraft:iron_boots":2,"minecraft:furnace":36,"minecraft:stick":1678,"minecraft:orange_shulker_box":20,"minecraft:jungle_door":2,"minecraft:deepslate_brick_wall":231,"minecraft:brown_terracotta":26,"minecraft:oak_fence":25,"minecraft:torch":3663,"minecraft:snow_block":345,"minecraft:porkchop":153,"minecraft:pointed_dripstone":49,"minecraft:music_disc_pigstep":1,"minecraft:yellow_concrete_powder":2,"minecraft:blue_stained_glass":58,"minecraft:quartz_block":1,"minecraft:nether_gold_ore":87,"minecraft:cactus":1,"minecraft:fire_coral_fan":10,"minecraft:cod":12,"minecraft:nautilus_shell":29,"minecraft:magma_cream":61,"minecraft:chiseled_quartz_block":1,"minecraft:tuff":8576,"minecraft:horn_coral":2,"minecraft:wither_skeleton_skull":3,"minecraft:green_shulker_box":25,"minecraft:lapis_lazuli":4851,"minecraft:weathered_cut_copper":6,"minecraft:leather_boots":6,"minecraft:deepslate_brick_slab":187,"minecraft:cobbled_deepslate_wall":72,"minecraft:bell":14,"minecraft:raw_gold":943,"minecraft:cobbled_deepslate_slab":832,"minecraft:powered_rail":64,"minecraft:oak_planks":77,"minecraft:mossy_stone_brick_stairs":2,"minecraft:ghast_tear":10,"minecraft:cooked_porkchop":555,"minecraft:music_disc_13":3,"minecraft:axolotl_bucket":1,"minecraft:poisonous_potato":17,"minecraft:sand":11410,"minecraft:dead_bush":82,"minecraft:lily_of_the_valley":6,"minecraft:chiseled_sandstone":9,"minecraft:shulker_box":437,"minecraft:orange_wool":22,"minecraft:exposed_cut_copper":4,"minecraft:dark_prismarine":14,"minecraft:light_gray_concrete":20,"minecraft:dark_prismarine_slab":6,"minecraft:spruce_fence_gate":13,"minecraft:clay":2079,"minecraft:diamond":2941,"minecraft:spruce_boat":5,"minecraft:black_concrete":1289,"minecraft:polished_blackstone_button":6,"minecraft:white_concrete":630,"minecraft:oak_sapling":183,"minecraft:bubble_coral_block":46,"minecraft:nether_star":2,"minecraft:end_stone_bricks":86,"minecraft:cocoa_beans":217,"minecraft:mud_brick_slab":79,"minecraft:end_stone_brick_stairs":5,"minecraft:chicken":36,"minecraft:chest_minecart":2,"minecraft:wooden_pickaxe":1,"minecraft:gold_block":64,"minecraft:stone_stairs":22,"minecraft:orange_concrete":19,"minecraft:iron_axe":1,"minecraft:wooden_sword":2,"minecraft:quartz_slab":61,"minecraft:item_frame":114,"minecraft:cyan_carpet":29,"minecraft:andesite_stairs":100,"minecraft:oak_boat":2,"minecraft:player_head":252,"minecraft:observer":40,"minecraft:light_gray_wool":2,"minecraft:lectern":942,"minecraft:tinted_glass":56,"minecraft:blue_shulker_box":293,"minecraft:sugar_cane":1937,"minecraft:spruce_trapdoor":385,"minecraft:phantom_membrane":88,"minecraft:dark_oak_sapling":644,"minecraft:raw_iron":5026,"minecraft:red_stained_glass_pane":28,"minecraft:copper_ingot":51,"minecraft:stone_button":10,"minecraft:dark_oak_planks":400,"minecraft:smooth_sandstone_slab":25,"minecraft:arrow":1101,"minecraft:golden_hoe":1,"minecraft:saddle":2,"minecraft:soul_campfire":5,"minecraft:lime_stained_glass":48,"minecraft:wet_sponge":77,"minecraft:oxidized_cut_copper_stairs":75,"minecraft:crimson_stem":3,"minecraft:glow_ink_sac":208,"minecraft:salmon":2,"minecraft:cut_sandstone":31,"minecraft:birch_planks":100,"minecraft:nether_wart_block":26,"minecraft:cobblestone_stairs":21,"minecraft:deepslate_tile_slab":96,"minecraft:cut_copper_slab":17,"minecraft:podzol":382,"minecraft:smooth_sandstone":173,"minecraft:fire_coral_block":8,"minecraft:oxidized_cut_copper":1,"minecraft:acacia_sapling":1,"minecraft:soul_sand":733,"minecraft:purple_concrete":3,"minecraft:book":249,"minecraft:scaffolding":2270,"minecraft:oak_slab":137,"minecraft:red_concrete_powder":6,"minecraft:birch_boat":4,"minecraft:pumpkin":87,"minecraft:chiseled_stone_bricks":3,"minecraft:raw_iron_block":4,"minecraft:dripstone_block":7,"minecraft:brain_coral_fan":7,"minecraft:blast_furnace":23,"minecraft:white_bed":41,"minecraft:gold_ore":93,"minecraft:mossy_stone_brick_slab":6,"minecraft:spider_eye":456,"minecraft:cyan_banner":8,"minecraft:campfire":160,"minecraft:honey_block":16,"minecraft:iron_helmet":1,"minecraft:magenta_concrete":7,"minecraft:black_wool":32,"minecraft:red_concrete":398,"minecraft:coal":8164},"minecraft:killed":{"minecraft:guardian":3,"minecraft:skeleton_horse":2,"minecraft:tropical_fish":1,"minecraft:elder_guardian":8,"minecraft:salmon":1,"minecraft:iron_golem":8,"minecraft:ender_dragon":1,"minecraft:pillager":56,"minecraft:zombie":538,"minecraft:evoker":1,"minecraft:vindicator":4,"minecraft:warden":9,"minecraft:husk":2,"minecraft:frog":20,"minecraft:ravager":1,"minecraft:zombified_piglin":1,"minecraft:witch":9,"minecraft:spider":106,"minecraft:wither":1,"minecraft:axolotl":5,"minecraft:silverfish":12,"minecraft:piglin_brute":13,"minecraft:piglin":97,"minecraft:zombie_villager":19,"minecraft:sheep":10,"minecraft:trader_llama":9,"minecraft:ghast":35,"minecraft:slime":359,"minecraft:drowned":199,"minecraft:hoglin":8,"minecraft:squid":180,"minecraft:wither_skeleton":27,"minecraft:player":13,"minecraft:villager":8,"minecraft:cave_spider":3852,"minecraft:shulker":357,"minecraft:skeleton":580,"minecraft:chicken":23,"minecraft:cat":1,"minecraft:magma_cube":148,"minecraft:glow_squid":23,"minecraft:cow":141,"minecraft:wandering_trader":3,"minecraft:enderman":18373,"minecraft:pig":67,"minecraft:creeper":256,"minecraft:blaze":26,"minecraft:phantom":148,"minecraft:bat":93},"minecraft:killed_by":{"minecraft:ravager":8,"minecraft:warden":1,"minecraft:drowned":1,"minecraft:creeper":1,"minecraft:piglin":1,"minecraft:player":21,"minecraft:enderman":1,"minecraft:iron_golem":1},"minecraft:custom":{"minecraft:interact_with_crafting_table":2462,"minecraft:play_time":57652167,"minecraft:deaths":55,"minecraft:jump":253075,"minecraft:play_record":12,"minecraft:interact_with_smoker":39,"minecraft:inspect_dispenser":229,"minecraft:horse_one_cm":262305,"minecraft:inspect_dropper":81,"minecraft:interact_with_anvil":194,"minecraft:inspect_hopper":1771,"minecraft:tune_noteblock":236,"minecraft:time_since_rest":7650,"minecraft:swim_one_cm":8744382,"minecraft:open_chest":22609,"minecraft:open_shulker_box":23013,"minecraft:damage_resisted":199,"minecraft:play_noteblock":19,"minecraft:talked_to_villager":1468,"minecraft:interact_with_brewingstand":88,"minecraft:interact_with_beacon":6,"minecraft:fill_cauldron":2,"minecraft:interact_with_campfire":1,"minecraft:boat_one_cm":1691158,"minecraft:damage_taken":103275,"minecraft:aviate_one_cm":404788965,"minecraft:open_barrel":3189,"minecraft:bell_ring":208,"minecraft:leave_game":497,"minecraft:time_since_death":7546,"minecraft:enchant_item":74,"minecraft:interact_with_furnace":680,"minecraft:traded_with_villager":850,"minecraft:sleep_in_bed":340,"minecraft:damage_dealt":363031,"minecraft:interact_with_smithing_table":17,"minecraft:target_hit":30,"minecraft:sneak_time":2998325,"minecraft:interact_with_lectern":206,"minecraft:interact_with_blast_furnace":287,"minecraft:total_world_time":57652167,"minecraft:interact_with_stonecutter":430,"minecraft:fly_one_cm":60694278,"minecraft:fall_one_cm":4718848,"minecraft:animals_bred":11,"minecraft:sprint_one_cm":80502493,"minecraft:drop":5050,"minecraft:walk_on_water_one_cm":2484470,"minecraft:interact_with_loom":2,"minecraft:open_enderchest":2948,"minecraft:player_kills":5,"minecraft:crouch_one_cm":12777087,"minecraft:mob_kills":26252,"minecraft:climb_one_cm":1622147,"minecraft:walk_one_cm":106098236,"minecraft:walk_under_water_one_cm":7186783,"minecraft:raid_trigger":1,"minecraft:pot_flower":4,"minecraft:interact_with_grindstone":72,"minecraft:damage_absorbed":219,"minecraft:trigger_trapped_chest":73,"minecraft:minecart_one_cm":208218},"minecraft:broken":{"minecraft:shears":4,"minecraft:diamond_shovel":2,"minecraft:iron_pickaxe":14,"minecraft:stone_pickaxe":1,"minecraft:iron_sword":1,"minecraft:golden_shovel":1,"minecraft:golden_hoe":3,"minecraft:golden_axe":3,"minecraft:golden_pickaxe":4}},"DataVersion":3463}