{"stats":{"minecraft:broken":{"minecraft:shield":1,"minecraft:stone_axe":12,"minecraft:stone_shovel":4,"minecraft:stone_sword":1,"minecraft:shears":44,"minecraft:diamond_shovel":2,"minecraft:fishing_rod":2,"minecraft:iron_pickaxe":18,"minecraft:iron_shovel":11,"minecraft:stone_pickaxe":2,"minecraft:iron_sword":1,"minecraft:iron_axe":14},"minecraft:used":{"minecraft:moss_block":398,"minecraft:jack_o_lantern":469,"minecraft:black_carpet":14256,"minecraft:stone":85569,"minecraft:warped_sign":63,"minecraft:quartz_stairs":24,"minecraft:tube_coral":101,"minecraft:weathered_copper":27,"minecraft:lily_of_the_valley":9,"minecraft:cut_copper":34,"minecraft:cracked_deepslate_tiles":5,"minecraft:azure_bluet":890,"minecraft:polished_blackstone_slab":163,"minecraft:packed_ice":17265,"minecraft:red_wool":232,"minecraft:deepslate_copper_ore":14,"minecraft:quartz_block":6,"minecraft:dark_oak_leaves":1210,"minecraft:mangrove_slab":6,"minecraft:deepslate_brick_wall":57,"minecraft:damaged_anvil":7,"minecraft:blackstone":685,"minecraft:leather_chestplate":2,"minecraft:composter":14,"minecraft:jungle_boat":10,"minecraft:golden_apple":7,"minecraft:glow_berries":42,"minecraft:pitcher_pod":7,"minecraft:gray_concrete":487,"minecraft:purple_concrete_powder":1341,"minecraft:crimson_fence_gate":9,"minecraft:birch_fence":123,"minecraft:gray_stained_glass_pane":34,"minecraft:birch_slab":1,"minecraft:deepslate_iron_ore":7,"minecraft:flowering_azalea_leaves":329,"minecraft:diamond_sword":6350,"minecraft:smithing_table":4,"minecraft:purple_wool":489,"minecraft:oak_trapdoor":36,"minecraft:polished_blackstone_brick_slab":109,"minecraft:enchanting_table":3,"minecraft:armor_stand":37,"minecraft:light_gray_carpet":2052,"minecraft:tinted_glass":11,"minecraft:mangrove_fence":1,"minecraft:cooked_salmon":23,"minecraft:orange_stained_glass":1461,"minecraft:brewing_stand":19,"minecraft:nether_quartz_ore":802,"minecraft:chainmail_chestplate":1,"minecraft:yellow_carpet":4,"minecraft:sea_lantern":3562,"minecraft:filled_map":7,"minecraft:iron_block":2591,"minecraft:cherry_slab":4,"minecraft:polished_deepslate_wall":170,"minecraft:jungle_log":1225,"minecraft:bamboo":111,"minecraft:diamond_chestplate":6,"minecraft:basalt":1068,"minecraft:podzol":21,"minecraft:acacia_planks":155,"minecraft:cherry_log":1,"minecraft:calcite":226,"minecraft:wheat_seeds":1167,"minecraft:chiseled_bookshelf":11,"minecraft:warped_stem":3267,"minecraft:light_blue_shulker_box":183,"minecraft:warped_hanging_sign":4,"minecraft:birch_planks":92,"minecraft:spruce_fence_gate":197,"minecraft:leather_boots":5,"minecraft:rail":507,"minecraft:red_bed":4,"minecraft:campfire":70,"minecraft:spruce_log":4325,"minecraft:amethyst_cluster":17,"minecraft:warped_trapdoor":44,"minecraft:oak_button":1,"minecraft:spruce_pressure_plate":2,"minecraft:leather_helmet":4,"minecraft:spruce_sapling":461,"minecraft:blue_carpet":10,"minecraft:green_carpet":1,"minecraft:porkchop":1,"minecraft:brush":182,"minecraft:dandelion":11,"minecraft:green_stained_glass":1324,"minecraft:moss_carpet":354,"minecraft:blue_terracotta":402,"minecraft:polished_deepslate":524,"minecraft:polished_basalt":5330,"minecraft:stripped_jungle_wood":62,"minecraft:green_terracotta":137,"minecraft:jungle_planks":6,"minecraft:pink_terracotta":1,"minecraft:music_disc_13":1,"minecraft:beehive":3,"minecraft:honey_bottle":10,"minecraft:big_dripleaf":9,"minecraft:bricks":7550,"minecraft:spruce_wood":1286,"minecraft:lantern":1023,"minecraft:warped_nylium":36,"minecraft:mossy_cobblestone_slab":232,"minecraft:written_book":324,"minecraft:blue_shulker_box":203,"minecraft:mangrove_leaves":40,"minecraft:end_rod":122,"minecraft:diamond_boots":13,"minecraft:torchflower":4,"minecraft:stripped_acacia_log":10,"minecraft:gray_carpet":215,"minecraft:stone_pickaxe":506,"minecraft:sandstone":263,"minecraft:diamond_axe":57665,"minecraft:sugar_cane":96,"minecraft:light_blue_concrete":25,"minecraft:lime_stained_glass_pane":5,"minecraft:light_blue_wool":18,"minecraft:yellow_concrete":20,"minecraft:deepslate_lapis_ore":4,"minecraft:end_stone":10,"minecraft:black_terracotta":115,"minecraft:dark_oak_log":23479,"minecraft:iron_door":15,"minecraft:stripped_warped_hyphae":174,"minecraft:light_blue_concrete_powder":30,"minecraft:smooth_stone_slab":358,"minecraft:coarse_dirt":172,"minecraft:bone_meal":7767,"minecraft:rose_bush":11,"minecraft:crimson_fence":12,"minecraft:flint_and_steel":164,"minecraft:redstone":948,"minecraft:dried_kelp":7,"minecraft:ender_chest":111,"minecraft:deepslate_gold_ore":45,"minecraft:stone_hoe":101,"minecraft:dirt":59305,"minecraft:prismarine_bricks":923,"minecraft:bee_nest":13,"minecraft:spruce_fence":27,"minecraft:brown_terracotta":40,"minecraft:crimson_slab":629,"minecraft:yellow_concrete_powder":63,"minecraft:black_stained_glass":810,"minecraft:pitcher_plant":10,"minecraft:lime_stained_glass":2155,"minecraft:cyan_concrete_powder":3762,"minecraft:orange_stained_glass_pane":18,"minecraft:powder_snow_bucket":93,"minecraft:bamboo_planks":1,"minecraft:cobblestone_stairs":427,"minecraft:birch_boat":16,"minecraft:brown_mushroom":18,"minecraft:sniffer_egg":2,"minecraft:spruce_sign":147,"minecraft:warped_roots":305,"minecraft:red_mushroom":25,"minecraft:warped_planks":1397,"minecraft:black_wool":2213,"minecraft:lapis_ore":14,"minecraft:stone_slab":17958,"minecraft:yellow_wool":20,"minecraft:golden_leggings":50,"minecraft:stone_axe":1827,"minecraft:fire_coral_block":68,"minecraft:brown_stained_glass_pane":177,"minecraft:cyan_stained_glass_pane":62,"minecraft:pink_shulker_box":222,"minecraft:gray_wool":475,"minecraft:orange_dye":1,"minecraft:chest":1437,"minecraft:white_shulker_box":116,"minecraft:blue_stained_glass":83,"minecraft:allium":10,"minecraft:acacia_button":9,"minecraft:stripped_spruce_log":1051,"minecraft:honey_block":317,"minecraft:honeycomb":177,"minecraft:black_stained_glass_pane":1161,"minecraft:birch_sapling":83,"minecraft:orange_shulker_box":36,"minecraft:polished_andesite_stairs":388,"minecraft:copper_ore":325,"minecraft:dark_oak_button":55,"minecraft:stone_brick_stairs":658,"minecraft:blue_banner":18,"minecraft:stripped_mangrove_log":40,"minecraft:snow":1744,"minecraft:sweet_berries":405,"minecraft:furnace":268,"minecraft:dragon_head":1,"minecraft:seagrass":3,"minecraft:emerald_ore":30,"minecraft:spruce_door":7,"minecraft:acacia_trapdoor":111,"minecraft:powered_rail":413,"minecraft:purpur_pillar":1,"minecraft:dark_oak_trapdoor":2406,"minecraft:pumpkin_seeds":12,"minecraft:deepslate_tiles":242,"minecraft:crying_obsidian":240,"minecraft:lectern":55,"minecraft:spore_blossom":10,"minecraft:polished_andesite_slab":252,"minecraft:green_candle":1,"minecraft:wooden_sword":80,"minecraft:dark_oak_fence":3449,"minecraft:white_stained_glass":5127,"minecraft:green_concrete_powder":26,"minecraft:pink_stained_glass":1401,"minecraft:ice":2560,"minecraft:oak_hanging_sign":16,"minecraft:gray_stained_glass":266,"minecraft:iron_bars":172,"minecraft:red_concrete":66,"minecraft:stripped_warped_stem":1394,"minecraft:netherrack":6169,"minecraft:orange_bed":1,"minecraft:light_gray_shulker_box":7,"minecraft:anvil":198,"minecraft:target":1,"minecraft:crimson_hyphae":78,"minecraft:polished_granite_slab":1203,"minecraft:glow_lichen":1046,"minecraft:small_dripleaf":5,"minecraft:rooted_dirt":26,"minecraft:slime_block":28,"minecraft:birch_hanging_sign":2,"minecraft:smooth_quartz":1076,"minecraft:melon_seeds":1,"minecraft:tripwire_hook":13,"minecraft:glowstone":82,"minecraft:iron_trapdoor":167,"minecraft:cobbled_deepslate":1301,"minecraft:observer":125,"minecraft:mangrove_wood":15,"minecraft:yellow_shulker_box":145,"minecraft:cartography_table":11,"minecraft:pink_concrete":301,"minecraft:vine":9,"minecraft:oak_slab":30,"minecraft:cod":3,"minecraft:mud":1,"minecraft:dark_prismarine":641,"minecraft:oxeye_daisy":2,"minecraft:stripped_jungle_log":584,"minecraft:crimson_nylium":8,"minecraft:red_concrete_powder":294,"minecraft:kelp":401,"minecraft:brown_mushroom_block":212,"minecraft:jukebox":5,"minecraft:iron_shovel":3812,"minecraft:diamond_hoe":8323,"minecraft:oak_sign":214,"minecraft:bell":6,"minecraft:iron_chestplate":8,"minecraft:tuff":2041,"minecraft:cyan_wool":638,"minecraft:axolotl_bucket":27,"minecraft:milk_bucket":3,"minecraft:polished_deepslate_stairs":445,"minecraft:cyan_terracotta":33,"minecraft:gray_concrete_powder":493,"minecraft:crimson_roots":1,"minecraft:repeater":103,"minecraft:warped_fungus":248,"minecraft:hay_block":43,"minecraft:polished_diorite_stairs":14,"minecraft:golden_boots":1,"minecraft:dark_oak_stairs":4442,"minecraft:waxed_oxidized_cut_copper_slab":98,"minecraft:birch_leaves":2148,"minecraft:dark_oak_sign":315,"minecraft:ender_pearl":12,"minecraft:redstone_block":13,"minecraft:loom":22,"minecraft:black_banner":23,"minecraft:deepslate_redstone_ore":98,"minecraft:dripstone_block":164,"minecraft:note_block":18,"minecraft:stone_brick_wall":492,"minecraft:cobbled_deepslate_stairs":1099,"minecraft:exposed_copper":47,"minecraft:redstone_torch":81,"minecraft:birch_fence_gate":2,"minecraft:gray_shulker_box":46,"minecraft:light_gray_concrete":2811,"minecraft:heavy_weighted_pressure_plate":15,"minecraft:cyan_bed":24,"minecraft:melon_slice":4,"minecraft:string":7830,"minecraft:brown_stained_glass":716,"minecraft:white_concrete":10775,"minecraft:air":60,"minecraft:cobweb":26,"minecraft:experience_bottle":418,"minecraft:purpur_block":3,"minecraft:cracked_deepslate_bricks":18,"minecraft:redstone_ore":6,"minecraft:tropical_fish":1,"minecraft:light_blue_terracotta":58,"minecraft:spruce_planks":1985,"minecraft:sculk":322,"minecraft:white_carpet":32,"minecraft:pink_dye":2,"minecraft:salmon_bucket":2,"minecraft:light_blue_stained_glass":247,"minecraft:purple_banner":1,"minecraft:andesite_wall":253,"minecraft:stone_brick_slab":2409,"minecraft:bamboo_raft":14,"minecraft:bookshelf":1144,"minecraft:yellow_stained_glass":34,"minecraft:acacia_slab":12,"minecraft:red_candle":14,"minecraft:polished_blackstone_brick_stairs":478,"minecraft:light_gray_wool":780,"minecraft:golden_carrot":3339,"minecraft:emerald_block":181,"minecraft:white_stained_glass_pane":33,"minecraft:mangrove_boat":1,"minecraft:cooked_mutton":99,"minecraft:iron_ore":222,"minecraft:glass_bottle":124,"minecraft:mud_brick_slab":45,"minecraft:andesite_slab":39,"minecraft:white_dye":89,"minecraft:beacon":31,"minecraft:stonecutter":43,"minecraft:red_glazed_terracotta":56,"minecraft:glow_item_frame":150,"minecraft:polished_blackstone_pressure_plate":1,"minecraft:stripped_dark_oak_log":211,"minecraft:terracotta":829,"minecraft:painting":77,"minecraft:smoker":1,"minecraft:dark_oak_door":22,"minecraft:apple":2,"minecraft:cracked_polished_blackstone_bricks":43,"minecraft:green_shulker_box":22,"minecraft:fishing_rod":123,"minecraft:cherry_stairs":7,"minecraft:mud_brick_wall":40,"minecraft:white_banner":79,"minecraft:bucket":2978,"minecraft:purple_carpet":158,"minecraft:smooth_stone":2022,"minecraft:writable_book":779,"minecraft:polished_granite_stairs":28,"minecraft:chiseled_deepslate":8,"minecraft:smooth_quartz_slab":152,"minecraft:dispenser":92,"minecraft:poppy":14,"minecraft:soul_sand":83,"minecraft:cocoa_beans":465,"minecraft:deepslate_brick_slab":421,"minecraft:snowball":1197,"minecraft:weeping_vines":5,"minecraft:spruce_boat":20,"minecraft:jungle_sapling":265,"minecraft:lava_bucket":426,"minecraft:jungle_fence_gate":47,"minecraft:dark_oak_slab":23302,"minecraft:waxed_weathered_cut_copper":14,"minecraft:diorite_wall":142,"minecraft:netherite_boots":6,"minecraft:bow":685,"minecraft:oak_sapling":628,"minecraft:cooked_cod":34,"minecraft:mossy_stone_bricks":16,"minecraft:prismarine":841,"minecraft:cactus":366,"minecraft:wooden_pickaxe":17,"minecraft:clay":177,"minecraft:blast_furnace":9,"minecraft:cyan_dye":10,"minecraft:deepslate_brick_stairs":55,"minecraft:mangrove_door":9,"minecraft:nether_wart_block":19,"minecraft:birch_log":38,"minecraft:oak_boat":8,"minecraft:waxed_cut_copper_stairs":17,"minecraft:diorite_stairs":31,"minecraft:orange_concrete":2,"minecraft:carved_pumpkin":4,"minecraft:polished_blackstone_wall":116,"minecraft:torch":9196,"minecraft:light_blue_dye":12,"minecraft:cod_bucket":3,"minecraft:fern":543,"minecraft:chipped_anvil":2,"minecraft:barrel":356,"minecraft:tadpole_bucket":18,"minecraft:warped_stairs":217,"minecraft:bundle":9,"minecraft:lead":13,"minecraft:waxed_oxidized_cut_copper":8,"minecraft:cauldron":59,"minecraft:glow_ink_sac":112,"minecraft:gold_ore":17,"minecraft:deepslate_bricks":389,"minecraft:polished_deepslate_slab":3130,"minecraft:brown_dye":3,"minecraft:diamond_block":40,"minecraft:crimson_trapdoor":12,"minecraft:white_bed":8,"minecraft:diamond_pickaxe":366279,"minecraft:acacia_sign":28,"minecraft:diamond_shovel":157360,"minecraft:tnt_minecart":10,"minecraft:magenta_concrete_powder":448,"minecraft:spruce_trapdoor":1703,"minecraft:potion":114,"minecraft:azalea_leaves":590,"minecraft:orange_banner":1,"minecraft:purple_bed":10,"minecraft:cooked_porkchop":1,"minecraft:andesite_stairs":139,"minecraft:stripped_oak_log":109,"minecraft:diamond_leggings":28,"minecraft:cherry_sapling":1,"minecraft:red_sand":1,"minecraft:bone_block":1,"minecraft:nether_wart":235,"minecraft:grass":431,"minecraft:stripped_crimson_stem":65,"minecraft:spruce_leaves":5730,"minecraft:soul_campfire":17,"minecraft:obsidian":387,"minecraft:waxed_oxidized_copper":37,"minecraft:mangrove_log":196,"minecraft:green_wool":151,"minecraft:polished_blackstone_brick_wall":236,"minecraft:raw_gold_block":2,"minecraft:item_frame":911,"minecraft:deepslate_diamond_ore":211,"minecraft:gold_block":3,"minecraft:pink_concrete_powder":320,"minecraft:dark_oak_sapling":3351,"minecraft:tube_coral_fan":102,"minecraft:dropper":111,"minecraft:mangrove_planks":32,"minecraft:oak_planks":310,"minecraft:white_wool":1765,"minecraft:crossbow":85,"minecraft:lingering_potion":1,"minecraft:sticky_piston":36,"minecraft:lever":207,"minecraft:acacia_door":1,"minecraft:bread":21,"minecraft:warped_slab":340,"minecraft:deepslate":11949,"minecraft:waxed_oxidized_cut_copper_stairs":8,"minecraft:chain":566,"minecraft:orange_concrete_powder":11,"minecraft:brown_shulker_box":348,"minecraft:golden_chestplate":1,"minecraft:iron_hoe":185,"minecraft:light_gray_stained_glass":167,"minecraft:waxed_cut_copper":20,"minecraft:iron_boots":7,"minecraft:waxed_cut_copper_slab":8,"minecraft:soul_soil":15,"minecraft:dark_oak_pressure_plate":4,"minecraft:netherite_pickaxe":3,"minecraft:minecart":37,"minecraft:cooked_beef":134,"minecraft:light_gray_bed":2,"minecraft:pumpkin":52,"minecraft:iron_leggings":6,"minecraft:snow_block":13699,"minecraft:baked_potato":113,"minecraft:red_nether_bricks":20,"minecraft:purple_glazed_terracotta":717,"minecraft:green_bed":4,"minecraft:waxed_copper_block":103,"minecraft:music_disc_cat":1,"minecraft:bamboo_block":14,"minecraft:cyan_stained_glass":1567,"minecraft:gray_terracotta":68,"minecraft:piston":160,"minecraft:flower_pot":109,"minecraft:cherry_door":2,"minecraft:magenta_concrete":435,"minecraft:pink_petals":2,"minecraft:crimson_fungus":16,"minecraft:end_crystal":1,"minecraft:cobbled_deepslate_slab":323,"minecraft:pumpkin_pie":646,"minecraft:sea_pickle":27,"minecraft:peony":12,"minecraft:nether_brick_fence":18,"minecraft:spruce_slab":2998,"minecraft:polished_blackstone":3182,"minecraft:ladder":140,"minecraft:elytra":95,"minecraft:brown_concrete":433,"minecraft:brick_slab":198,"minecraft:orange_wool":61,"minecraft:yellow_candle":65,"minecraft:acacia_sapling":91,"minecraft:warped_hyphae":97,"minecraft:grass_block":23268,"minecraft:red_stained_glass_pane":397,"minecraft:dark_oak_boat":59,"minecraft:egg":210,"minecraft:potato":62,"minecraft:brown_concrete_powder":617,"minecraft:magenta_shulker_box":1,"minecraft:light_blue_carpet":10,"minecraft:diorite":691,"minecraft:end_stone_bricks":1,"minecraft:red_stained_glass":756,"minecraft:smooth_quartz_stairs":101,"minecraft:oak_leaves":1319,"minecraft:sand":462,"minecraft:blue_ice":3,"minecraft:black_concrete_powder":8585,"minecraft:lightning_rod":24,"minecraft:stone_button":123,"minecraft:cyan_carpet":682,"minecraft:verdant_froglight":3,"minecraft:red_terracotta":995,"minecraft:polished_granite":3547,"minecraft:lilac":119,"minecraft:soul_lantern":79,"minecraft:stone_sword":169,"minecraft:acacia_log":447,"minecraft:warped_wart_block":539,"minecraft:ancient_debris":2,"minecraft:chorus_flower":17,"minecraft:stone_stairs":4062,"minecraft:jungle_trapdoor":2,"minecraft:blue_concrete":1,"minecraft:polished_diorite":457,"minecraft:shroomlight":23,"minecraft:red_shulker_box":444,"minecraft:flowering_azalea":31,"minecraft:cyan_shulker_box":475,"minecraft:iron_axe":3797,"minecraft:spruce_button":3,"minecraft:brick_stairs":486,"minecraft:warped_fence":33,"minecraft:totem_of_undying":2,"minecraft:mud_bricks":114,"minecraft:smooth_basalt":335,"minecraft:purple_concrete":802,"minecraft:raw_copper_block":506,"minecraft:magenta_wool":248,"minecraft:oxidized_copper":234,"minecraft:acacia_wood":2,"minecraft:golden_axe":15,"minecraft:pointed_dripstone":14,"minecraft:crimson_stem":783,"minecraft:water_bucket":2321,"minecraft:prismarine_brick_slab":75,"minecraft:lime_wool":65,"minecraft:red_mushroom_block":91,"minecraft:polished_blackstone_bricks":2531,"minecraft:cracked_stone_bricks":244,"minecraft:gilded_blackstone":1,"minecraft:mossy_cobblestone":65,"minecraft:lime_terracotta":169,"minecraft:comparator":35,"minecraft:tnt":3,"minecraft:crafting_table":507,"minecraft:birch_sign":163,"minecraft:dark_oak_fence_gate":1083,"minecraft:lime_shulker_box":169,"minecraft:oak_log":415,"minecraft:ender_eye":8,"minecraft:cornflower":87,"minecraft:sunflower":13,"minecraft:iron_pickaxe":5311,"minecraft:cyan_concrete":1993,"minecraft:chiseled_stone_bricks":2069,"minecraft:cobblestone":3028,"minecraft:candle":62,"minecraft:light_blue_stained_glass_pane":605,"minecraft:white_concrete_powder":12196,"minecraft:shield":231,"minecraft:white_terracotta":120,"minecraft:iron_sword":725,"minecraft:purple_shulker_box":39,"minecraft:player_head":142,"minecraft:white_candle":28,"minecraft:nether_bricks":35,"minecraft:prismarine_brick_stairs":18,"minecraft:carrot":100,"minecraft:glass":1593,"minecraft:coal_ore":1761,"minecraft:packed_mud":33,"minecraft:iron_helmet":6,"minecraft:dark_oak_wood":70,"minecraft:hopper_minecart":21,"minecraft:stone_bricks":7840,"minecraft:red_carpet":2645,"minecraft:redstone_lamp":1,"minecraft:honeycomb_block":119,"minecraft:magma_block":115,"minecraft:brown_carpet":68,"minecraft:scaffolding":6459,"minecraft:gray_bed":14,"minecraft:polished_blackstone_stairs":24,"minecraft:stripped_spruce_wood":164,"minecraft:chiseled_polished_blackstone":98,"minecraft:blue_bed":6,"minecraft:yellow_terracotta":1242,"minecraft:light_gray_terracotta":81,"minecraft:blackstone_wall":27,"minecraft:black_bed":18,"minecraft:shears":11497,"minecraft:green_concrete":22,"minecraft:black_concrete":5182,"minecraft:firework_rocket":28840,"minecraft:gravel":588,"minecraft:golden_helmet":2,"minecraft:granite_slab":724,"minecraft:torchflower_seeds":3,"minecraft:chainmail_boots":1,"minecraft:grindstone":96,"minecraft:stripped_oak_wood":37,"minecraft:andesite":4270,"minecraft:warped_button":20,"minecraft:azalea":145,"minecraft:cherry_boat":7,"minecraft:jungle_leaves":1,"minecraft:music_disc_otherside":2,"minecraft:stone_shovel":631,"minecraft:cut_copper_stairs":13,"minecraft:spyglass":42,"minecraft:hopper":258,"minecraft:spruce_stairs":738,"minecraft:cobblestone_wall":555,"minecraft:diamond_helmet":18,"minecraft:shulker_box":2609,"minecraft:oak_wood":2,"minecraft:granite":4378,"minecraft:birch_door":4,"minecraft:purple_stained_glass_pane":44,"minecraft:dark_oak_planks":6488,"minecraft:red_tulip":4,"minecraft:cyan_banner":67,"minecraft:stone_pressure_plate":34,"minecraft:granite_wall":16,"minecraft:red_dye":1,"minecraft:acacia_boat":22,"minecraft:pink_tulip":7,"minecraft:amethyst_block":247,"minecraft:polished_andesite":1521,"minecraft:copper_block":478,"minecraft:blue_wool":45,"minecraft:black_shulker_box":94,"minecraft:magenta_stained_glass":539,"minecraft:cobblestone_slab":204,"minecraft:mangrove_trapdoor":56,"minecraft:brown_banner":8,"minecraft:yellow_stained_glass_pane":346,"minecraft:light_gray_concrete_powder":5725,"minecraft:book":25,"minecraft:purple_stained_glass":341,"minecraft:map":106,"minecraft:purple_dye":5,"minecraft:red_banner":20,"minecraft:magenta_glazed_terracotta":1,"minecraft:polished_blackstone_button":12,"minecraft:splash_potion":5},"minecraft:killed_by":{"minecraft:ravager":46,"minecraft:warden":2,"minecraft:drowned":4,"minecraft:vex":8,"minecraft:skeleton":2,"minecraft:ender_dragon":1,"minecraft:cave_spider":1,"minecraft:player":20},"minecraft:dropped":{"minecraft:porkchop":2,"minecraft:lapis_lazuli":28,"minecraft:diamond":61,"minecraft:crafting_table":96,"minecraft:cooked_porkchop":98,"minecraft:pitcher_pod":1,"minecraft:glow_berries":16,"minecraft:warped_roots":39,"minecraft:cracked_stone_bricks":139,"minecraft:red_mushroom":55,"minecraft:emerald":140,"minecraft:gray_concrete":33,"minecraft:birch_fence":14,"minecraft:dark_oak_fence":773,"minecraft:netherite_boots":1,"minecraft:gold_nugget":1,"minecraft:sand":7014,"minecraft:purple_wool":389,"minecraft:dark_oak_planks":1771,"minecraft:dark_oak_door":44,"minecraft:stone_axe":6,"minecraft:compass":112,"minecraft:lever":60,"minecraft:cobbled_deepslate":269,"minecraft:tinted_glass":642,"minecraft:black_carpet":261,"minecraft:wheat":91,"minecraft:rotten_flesh":791,"minecraft:grindstone":38,"minecraft:warped_sign":7,"minecraft:azure_bluet":281,"minecraft:warped_planks":232,"minecraft:echo_shard":1,"minecraft:sea_lantern":1832,"minecraft:coal_ore":403,"minecraft:quartz_block":61,"minecraft:jungle_log":1768,"minecraft:leather_boots":3,"minecraft:acacia_sapling":94,"minecraft:leather_leggings":2,"minecraft:brown_candle":1,"minecraft:beef":69,"minecraft:podzol":27,"minecraft:purple_stained_glass_pane":55,"minecraft:warped_wart_block":765,"minecraft:granite_wall":40,"minecraft:brown_concrete":64,"minecraft:stripped_mangrove_log":91,"minecraft:black_dye":256,"minecraft:wheat_seeds":809,"minecraft:light_gray_stained_glass_pane":141,"minecraft:prismarine_crystals":2447,"minecraft:book":22,"minecraft:golden_apple":14,"minecraft:coal_block":30,"minecraft:diamond_horse_armor":2,"minecraft:stripped_crimson_stem":1,"minecraft:gray_wool":206,"minecraft:ink_sac":4146,"minecraft:wooden_axe":2,"minecraft:stripped_birch_log":12,"minecraft:pumpkin":21,"minecraft:white_banner":28,"minecraft:red_dye":6,"minecraft:jungle_boat":4,"minecraft:smooth_stone":1150,"minecraft:chainmail_leggings":1,"minecraft:lily_pad":7,"minecraft:blue_carpet":2,"minecraft:acacia_planks":15,"minecraft:pink_stained_glass_pane":15,"minecraft:bricks":383,"minecraft:player_head":400,"minecraft:orange_concrete":5,"minecraft:white_carpet":21,"minecraft:clay_ball":8,"minecraft:cherry_slab":8,"minecraft:name_tag":4,"minecraft:light_gray_concrete":1118,"minecraft:cobbled_deepslate_slab":188,"minecraft:white_terracotta":10,"minecraft:oak_sign":49,"minecraft:polished_deepslate_stairs":227,"minecraft:shears":26,"minecraft:diamond_sword":11,"minecraft:cyan_wool":255,"minecraft:peony":10,"minecraft:spruce_trapdoor":219,"minecraft:spruce_planks":407,"minecraft:diamond_pickaxe":6,"minecraft:light_blue_carpet":3,"minecraft:andesite_stairs":87,"minecraft:redstone_torch":1,"minecraft:bamboo":420,"minecraft:stone_bricks":1582,"minecraft:sandstone":576,"minecraft:green_concrete_powder":48,"minecraft:magma_block":59,"minecraft:crimson_hyphae":8,"minecraft:brick_slab":67,"minecraft:cyan_bed":2,"minecraft:terracotta":811,"minecraft:acacia_boat":1,"minecraft:candle":54,"minecraft:moss_block":1030,"minecraft:oak_log":251,"minecraft:purple_glazed_terracotta":308,"minecraft:dark_oak_sapling":514,"minecraft:jungle_planks":214,"minecraft:red_wool":1608,"minecraft:mangrove_planks":4,"minecraft:polished_blackstone_brick_wall":21,"minecraft:black_banner":27,"minecraft:birch_slab":2,"minecraft:cod":2,"minecraft:dark_oak_log":4693,"minecraft:packed_ice":3085,"minecraft:ice":2801,"minecraft:mangrove_wood":11,"minecraft:prismarine_brick_slab":30,"minecraft:axolotl_bucket":1,"minecraft:gold_ingot":35,"minecraft:magenta_stained_glass":165,"minecraft:purpur_block":12,"minecraft:stripped_jungle_wood":35,"minecraft:soul_lantern":98,"minecraft:cyan_shulker_box":8,"minecraft:cooked_mutton":1,"minecraft:leather_chestplate":7,"minecraft:cyan_banner":8,"minecraft:acacia_slab":1,"minecraft:stone_brick_wall":238,"minecraft:scaffolding":2872,"minecraft:light_gray_concrete_powder":2671,"minecraft:purple_carpet":52,"minecraft:stone_hoe":1,"minecraft:golden_helmet":1,"minecraft:lilac":140,"minecraft:andesite_wall":140,"minecraft:acacia_trapdoor":51,"minecraft:spruce_fence_gate":71,"minecraft:iron_block":321,"minecraft:mud_brick_wall":35,"minecraft:melon_slice":3,"minecraft:iron_door":2,"minecraft:polished_andesite_stairs":190,"minecraft:stonecutter":2,"minecraft:tripwire_hook":16,"minecraft:kelp":276,"minecraft:oak_trapdoor":43,"minecraft:dragon_head":3,"minecraft:light_gray_terracotta":106,"minecraft:brown_stained_glass_pane":79,"minecraft:magenta_stained_glass_pane":30,"minecraft:stripped_oak_log":108,"minecraft:shulker_box":17,"minecraft:deepslate_bricks":28,"minecraft:gray_terracotta":20,"minecraft:mud_bricks":27,"minecraft:andesite":1409,"minecraft:birch_sign":52,"minecraft:spruce_log":853,"minecraft:brown_stained_glass":88,"minecraft:magma_cream":18,"minecraft:light_blue_terracotta":6,"minecraft:cooked_beef":29,"minecraft:emerald_ore":38,"minecraft:cookie":2,"minecraft:rooted_dirt":116,"minecraft:rail":53,"minecraft:leather_helmet":1,"minecraft:red_carpet":56,"minecraft:packed_mud":7,"minecraft:grass":55,"minecraft:jack_o_lantern":218,"minecraft:jungle_sapling":161,"minecraft:wooden_sword":7,"minecraft:bone_block":114,"minecraft:bone_meal":515,"minecraft:sunflower":50,"minecraft:phantom_membrane":15,"minecraft:polished_blackstone_slab":83,"minecraft:sugar":42,"minecraft:iron_pickaxe":1,"minecraft:gray_dye":176,"minecraft:cyan_carpet":170,"minecraft:green_wool":133,"minecraft:bone":205,"minecraft:green_candle":1,"minecraft:polished_blackstone_wall":76,"minecraft:emerald_block":464,"minecraft:golden_chestplate":3,"minecraft:nether_brick":3,"minecraft:birch_sapling":73,"minecraft:blue_wool":37,"minecraft:deepslate_brick_slab":205,"minecraft:enchanted_golden_apple":1,"minecraft:end_stone":3,"minecraft:light_gray_carpet":301,"minecraft:blaze_powder":4,"minecraft:jungle_trapdoor":145,"minecraft:orange_stained_glass":521,"minecraft:salmon":103,"minecraft:dark_oak_fence_gate":253,"minecraft:chiseled_deepslate":138,"minecraft:black_glazed_terracotta":17,"minecraft:brick_stairs":72,"minecraft:deepslate_copper_ore":9,"minecraft:charcoal":8,"minecraft:snort_pottery_sherd":1,"minecraft:spruce_slab":894,"minecraft:end_stone_bricks":3,"minecraft:lectern":34,"minecraft:birch_leaves":938,"minecraft:sculk_shrieker":1,"minecraft:mangrove_leaves":95,"minecraft:cobbled_deepslate_stairs":157,"minecraft:mangrove_trapdoor":5,"minecraft:polished_blackstone":672,"minecraft:deepslate_brick_wall":3,"minecraft:golden_horse_armor":2,"minecraft:oak_hanging_sign":6,"minecraft:iron_helmet":4,"minecraft:yellow_terracotta":30,"minecraft:purple_concrete":263,"minecraft:apple":56,"minecraft:crimson_fence_gate":2,"minecraft:spruce_button":6,"minecraft:spruce_door":15,"minecraft:purple_dye":40,"minecraft:polished_andesite":2178,"minecraft:end_rod":5,"minecraft:dried_kelp_block":1,"minecraft:sculk":64,"minecraft:golden_carrot":93,"minecraft:brown_terracotta":102,"minecraft:paper":11,"minecraft:string":7011,"minecraft:oxidized_copper":1,"minecraft:magenta_shulker_box":1,"minecraft:spruce_sapling":84,"minecraft:pink_tulip":5,"minecraft:furnace":17,"minecraft:moss_carpet":331,"minecraft:soul_torch":64,"minecraft:cobblestone_wall":415,"minecraft:dark_oak_sign":86,"minecraft:chicken":22,"minecraft:slime_block":96,"minecraft:magenta_concrete":62,"minecraft:orange_wool":89,"minecraft:spruce_fence":2,"minecraft:pumpkin_seeds":31,"minecraft:purple_stained_glass":793,"minecraft:lily_of_the_valley":6,"minecraft:light_blue_dye":4,"minecraft:big_dripleaf":15,"minecraft:polished_granite_stairs":38,"minecraft:cobblestone_slab":62,"minecraft:shroomlight":64,"minecraft:stone":28766,"minecraft:allium":6,"minecraft:crimson_slab":63,"minecraft:light_gray_dye":244,"minecraft:magenta_concrete_powder":220,"minecraft:birch_boat":2,"minecraft:orange_stained_glass_pane":136,"minecraft:red_tulip":20,"minecraft:cyan_concrete_powder":255,"minecraft:crimson_nylium":19,"minecraft:spruce_sign":26,"minecraft:warped_stem":92,"minecraft:brown_mushroom":15,"minecraft:diamond_axe":2,"minecraft:lime_shulker_box":1,"minecraft:netherite_upgrade_smithing_template":1,"minecraft:lantern":532,"minecraft:flint":310,"minecraft:stripped_warped_hyphae":16,"minecraft:crimson_trapdoor":3,"minecraft:orange_carpet":5,"minecraft:dispenser":188,"minecraft:cornflower":101,"minecraft:crimson_roots":47,"minecraft:white_stained_glass_pane":30,"minecraft:pumpkin_pie":66,"minecraft:amethyst_shard":258,"minecraft:birch_log":187,"minecraft:black_stained_glass":255,"minecraft:armor_stand":16,"minecraft:honeycomb_block":34,"minecraft:blackstone":3133,"minecraft:yellow_wool":8,"minecraft:cherry_sapling":14,"minecraft:prismarine":204,"minecraft:chiseled_stone_bricks":2433,"minecraft:soul_campfire":6,"minecraft:chest":168,"minecraft:arrow":730,"minecraft:powered_rail":15,"minecraft:quartz":60,"minecraft:written_book":11,"minecraft:oak_leaves":33,"minecraft:firework_rocket":5958,"minecraft:mossy_cobblestone":104,"minecraft:smithing_table":2,"minecraft:lead":13,"minecraft:copper_ingot":34,"minecraft:chiseled_bookshelf":2,"minecraft:grass_block":1996,"minecraft:stick":1278,"minecraft:deepslate_brick_stairs":10,"minecraft:blue_dye":143,"minecraft:nether_gold_ore":23,"minecraft:light_blue_stained_glass":46,"minecraft:smooth_quartz":300,"minecraft:brown_wool":20,"minecraft:flowering_azalea":28,"minecraft:pink_petals":94,"minecraft:bucket":25,"minecraft:dandelion":93,"minecraft:redstone":228,"minecraft:red_concrete":148,"minecraft:anvil":188,"minecraft:brown_dye":156,"minecraft:ender_chest":1,"minecraft:coarse_dirt":932,"minecraft:nether_wart":38,"minecraft:blaze_rod":244,"minecraft:raw_copper":2,"minecraft:tuff":1054,"minecraft:ender_eye":5,"minecraft:acacia_leaves":62,"minecraft:filled_map":229,"minecraft:snow":3586,"minecraft:black_concrete_powder":5254,"minecraft:diamond_chestplate":5,"minecraft:orange_terracotta":33,"minecraft:light_gray_bed":1,"minecraft:oak_boat":3,"minecraft:diamond_boots":9,"minecraft:slime_ball":1,"minecraft:cracked_deepslate_bricks":2,"minecraft:iron_sword":3,"minecraft:pink_stained_glass":177,"minecraft:mud_brick_slab":8,"minecraft:glow_ink_sac":113,"minecraft:chorus_fruit":46,"minecraft:glass_bottle":37,"minecraft:dark_oak_slab":3099,"minecraft:gold_block":2,"minecraft:red_bed":1,"minecraft:black_stained_glass_pane":120,"minecraft:dark_oak_trapdoor":925,"minecraft:writable_book":5,"minecraft:cherry_door":4,"minecraft:white_wool":1622,"minecraft:ancient_debris":4,"minecraft:diamond_block":11,"minecraft:iron_nugget":138,"minecraft:obsidian":19,"minecraft:stripped_dark_oak_log":20,"minecraft:oak_planks":42,"minecraft:glowstone_dust":76,"minecraft:quartz_bricks":2,"minecraft:dead_fire_coral_block":1,"minecraft:blue_stained_glass":29,"minecraft:red_candle":59,"minecraft:azalea_leaves":570,"minecraft:diorite_wall":180,"minecraft:painting":12,"minecraft:red_nether_bricks":85,"minecraft:glass":1958,"minecraft:stone_brick_stairs":444,"minecraft:green_stained_glass":1,"minecraft:deepslate_redstone_ore":5,"minecraft:smooth_quartz_stairs":10,"minecraft:dripstone_block":64,"minecraft:red_stained_glass":773,"minecraft:deepslate_tile_slab":2,"minecraft:warped_trapdoor":18,"minecraft:acacia_sign":4,"minecraft:lava_bucket":1,"minecraft:dark_oak_leaves":165,"minecraft:brown_concrete_powder":179,"minecraft:blackstone_wall":6,"minecraft:cherry_planks":4,"minecraft:potion":56,"minecraft:golden_hoe":2,"minecraft:stone_brick_slab":1429,"minecraft:snow_block":4655,"minecraft:yellow_concrete_powder":8,"minecraft:soul_soil":44,"minecraft:green_terracotta":82,"minecraft:cocoa_beans":168,"minecraft:sticky_piston":6,"minecraft:iron_boots":1,"minecraft:mangrove_door":1,"minecraft:deepslate_lapis_ore":9,"minecraft:blast_furnace":2,"minecraft:spruce_boat":2,"minecraft:flower_pot":74,"minecraft:sea_pickle":46,"minecraft:bundle":13,"minecraft:small_dripleaf":4,"minecraft:barrel":87,"minecraft:bow":11,"minecraft:purple_candle":1,"minecraft:stripped_spruce_wood":2,"minecraft:blue_shulker_box":1,"minecraft:soul_sand":24,"minecraft:orange_dye":126,"minecraft:polished_granite_slab":184,"minecraft:loom":20,"minecraft:ender_pearl":7798,"minecraft:leather":101,"minecraft:iron_horse_armor":3,"minecraft:carrot_on_a_stick":1,"minecraft:cobblestone_stairs":234,"minecraft:cracked_polished_blackstone_bricks":76,"minecraft:redstone_lamp":4,"minecraft:polished_diorite_stairs":44,"minecraft:dark_oak_wood":32,"minecraft:snowball":867,"minecraft:black_concrete":1738,"minecraft:cauldron":26,"minecraft:chiseled_polished_blackstone":18,"minecraft:music_disc_otherside":1,"minecraft:andesite_slab":11,"minecraft:pointed_dripstone":16,"minecraft:yellow_stained_glass":85,"minecraft:mangrove_log":68,"minecraft:birch_door":2,"minecraft:purple_concrete_powder":90,"minecraft:iron_ore":459,"minecraft:iron_bars":200,"minecraft:white_concrete_powder":3265,"minecraft:magenta_wool":1118,"minecraft:polished_granite":1155,"minecraft:splash_potion":17,"minecraft:bread":1,"minecraft:vine":50,"minecraft:yellow_concrete":6,"minecraft:mangrove_propagule":1,"minecraft:golden_axe":1,"minecraft:amethyst_block":246,"minecraft:spruce_stairs":146,"minecraft:acacia_log":65,"minecraft:mossy_cobblestone_slab":25,"minecraft:light_blue_wool":56,"minecraft:nether_wart_block":47,"minecraft:white_concrete":5727,"minecraft:yellow_shulker_box":3,"minecraft:light_gray_stained_glass":254,"minecraft:jungle_leaves":6,"minecraft:granite_slab":125,"minecraft:polished_blackstone_brick_slab":17,"minecraft:raw_iron_block":6,"minecraft:polished_basalt":2129,"minecraft:cactus":26,"minecraft:light_blue_stained_glass_pane":128,"minecraft:redstone_block":11,"minecraft:polished_deepslate":887,"minecraft:polished_diorite":285,"minecraft:blue_terracotta":27,"minecraft:sweet_berries":3,"minecraft:totem_of_undying":7,"minecraft:flint_and_steel":17,"minecraft:copper_ore":14,"minecraft:bamboo_raft":1,"minecraft:golden_leggings":2,"minecraft:oak_sapling":62,"minecraft:wooden_pickaxe":3,"minecraft:nautilus_shell":3,"minecraft:amethyst_cluster":12,"minecraft:brick":189,"minecraft:crimson_stem":157,"minecraft:clay":129,"minecraft:piston":158,"minecraft:spore_blossom":3,"minecraft:crossbow":2,"minecraft:glow_item_frame":35,"minecraft:dark_oak_button":146,"minecraft:saddle":9,"minecraft:elytra":6,"minecraft:item_frame":108,"minecraft:dirt":6020,"minecraft:stone_button":80,"minecraft:yellow_dye":13,"minecraft:chain":277,"minecraft:green_stained_glass_pane":45,"minecraft:dark_oak_boat":5,"minecraft:pink_concrete":21,"minecraft:sugar_cane":92,"minecraft:polished_andesite_slab":434,"minecraft:pink_dye":8,"minecraft:white_bed":2,"minecraft:mangrove_fence":4,"minecraft:red_stained_glass_pane":170,"minecraft:yellow_stained_glass_pane":178,"minecraft:deepslate_tiles":1,"minecraft:heavy_weighted_pressure_plate":45,"minecraft:honey_block":286,"minecraft:hopper":30,"minecraft:ladder":340,"minecraft:white_dye":315,"minecraft:flowering_azalea_leaves":481,"minecraft:crying_obsidian":80,"minecraft:enchanted_book":55,"minecraft:egg":723,"minecraft:crimson_planks":20,"minecraft:iron_ingot":251,"minecraft:blue_stained_glass_pane":15,"minecraft:cyan_stained_glass":382,"minecraft:shelter_pottery_sherd":1,"minecraft:gray_stained_glass_pane":62,"minecraft:feather":47,"minecraft:cobblestone":7197,"minecraft:granite":3748,"minecraft:stripped_jungle_log":538,"minecraft:polished_blackstone_button":8,"minecraft:coal":64,"minecraft:polished_blackstone_stairs":80,"minecraft:oxeye_daisy":67,"minecraft:warped_slab":212,"minecraft:iron_trapdoor":54,"minecraft:rabbit":2,"minecraft:rose_bush":29,"minecraft:diamond_helmet":7,"minecraft:orange_concrete_powder":41,"minecraft:magenta_glazed_terracotta":28,"minecraft:angler_pottery_sherd":1,"minecraft:iron_shovel":2,"minecraft:polished_deepslate_wall":79,"minecraft:gray_carpet":29,"minecraft:hanging_roots":32,"minecraft:bamboo_planks":2,"minecraft:jungle_fence_gate":48,"minecraft:netherite_ingot":1,"minecraft:stone_sword":3,"minecraft:smooth_stone_slab":16,"minecraft:bowl":3,"minecraft:deepslate":3608,"minecraft:polished_deepslate_slab":539,"minecraft:stone_slab":1706,"minecraft:glow_lichen":175,"minecraft:nether_bricks":35,"minecraft:potato":1,"minecraft:hay_block":14,"minecraft:carved_pumpkin":45,"minecraft:spider_eye":625,"minecraft:warped_button":52,"minecraft:brown_carpet":81,"minecraft:pink_concrete_powder":128,"minecraft:black_wool":7091,"minecraft:birch_hanging_sign":22,"minecraft:gold_ore":6,"minecraft:dark_oak_stairs":1181,"minecraft:birch_planks":149,"minecraft:blue_concrete_powder":51,"minecraft:lime_stained_glass_pane":26,"minecraft:spruce_leaves":1344,"minecraft:deepslate_gold_ore":6,"minecraft:cooked_cod":2,"minecraft:polished_blackstone_bricks":345,"minecraft:acacia_door":8,"minecraft:brown_mushroom_block":792,"minecraft:gravel":4129,"minecraft:crimson_fungus":4,"minecraft:diorite_stairs":41,"minecraft:black_terracotta":256,"minecraft:fern":159,"minecraft:stone_stairs":1885,"minecraft:carrot":24,"minecraft:chainmail_chestplate":3,"minecraft:poppy":16,"minecraft:shulker_shell":28,"minecraft:gunpowder":5214,"minecraft:birch_trapdoor":2,"minecraft:melon_seeds":6,"minecraft:glowstone":57,"minecraft:azalea":67,"minecraft:basalt":789,"minecraft:cyan_concrete":1071,"minecraft:prismarine_bricks":408,"minecraft:netherrack":2013,"minecraft:water_bucket":16,"minecraft:stripped_spruce_log":7,"minecraft:chorus_flower":12,"minecraft:deepslate_iron_ore":9,"minecraft:sniffer_egg":1,"minecraft:bookshelf":455,"minecraft:cyan_dye":56,"minecraft:diamond_leggings":7,"minecraft:prismarine_shard":2044,"minecraft:observer":9,"minecraft:light_blue_concrete_powder":48,"minecraft:diorite":898,"minecraft:warped_stairs":30,"minecraft:brewing_stand":1,"minecraft:torch":747,"minecraft:map":52,"minecraft:iron_leggings":2,"minecraft:green_carpet":12,"minecraft:granite_stairs":24,"minecraft:smooth_basalt":76,"minecraft:gray_stained_glass":128,"minecraft:warped_nylium":16,"minecraft:mangrove_button":4,"minecraft:raw_iron":137,"minecraft:light_gray_wool":2177,"minecraft:iron_hoe":1,"minecraft:cyan_stained_glass_pane":78,"minecraft:yellow_candle":4,"minecraft:red_terracotta":138,"minecraft:shield":5,"minecraft:iron_chestplate":2,"minecraft:dragon_egg":1,"minecraft:warped_fence":13,"minecraft:mossy_stone_bricks":91,"minecraft:golden_sword":1,"minecraft:stripped_acacia_log":65,"minecraft:stripped_warped_stem":305,"minecraft:stone_pickaxe":5,"minecraft:nether_quartz_ore":89,"minecraft:calcite":167,"minecraft:white_stained_glass":494},"minecraft:killed":{"minecraft:cod":46,"minecraft:tropical_fish":9,"minecraft:zombie":382,"minecraft:endermite":1,"minecraft:snow_golem":15,"minecraft:spider":43,"minecraft:zombie_villager":7,"minecraft:sheep":102,"minecraft:trader_llama":4,"minecraft:slime":50,"minecraft:hoglin":1,"minecraft:wither_skeleton":22,"minecraft:cave_spider":1829,"minecraft:shulker":66,"minecraft:skeleton":361,"minecraft:magma_cube":163,"minecraft:wandering_trader":4,"minecraft:enderman":26727,"minecraft:phantom":15,"minecraft:parrot":1,"minecraft:salmon":44,"minecraft:pillager":13,"minecraft:vindicator":4,"minecraft:zombified_piglin":2,"minecraft:witch":2,"minecraft:wither":2,"minecraft:silverfish":5,"minecraft:piglin":2,"minecraft:ghast":10,"minecraft:vex":4,"minecraft:drowned":233,"minecraft:squid":258,"minecraft:player":16,"minecraft:chicken":19,"minecraft:glow_squid":58,"minecraft:cow":229,"minecraft:pig":2,"minecraft:creeper":107,"minecraft:blaze":24},"minecraft:mined":{"minecraft:dragon_wall_head":1,"minecraft:red_shulker_box":444,"minecraft:white_bed":9,"minecraft:acacia_log":728,"minecraft:oak_wall_sign":69,"minecraft:nether_wart":164,"minecraft:chorus_flower":29,"minecraft:cobbled_deepslate":246,"minecraft:fire":292,"minecraft:deepslate_lapis_ore":74,"minecraft:twisting_vines":3,"minecraft:dead_tube_coral":1,"minecraft:spruce_pressure_plate":2,"minecraft:green_carpet":1,"minecraft:white_shulker_box":117,"minecraft:white_banner":9,"minecraft:blue_wall_banner":6,"minecraft:cut_sandstone":4,"minecraft:kelp_plant":368,"minecraft:torch":1933,"minecraft:dark_oak_wood":12,"minecraft:melon":17,"minecraft:dead_bush":21,"minecraft:sugar_cane":816,"minecraft:bricks":572,"minecraft:chain":40,"minecraft:repeater":8,"minecraft:verdant_froglight":1,"minecraft:mud":252,"minecraft:tinted_glass":1,"minecraft:grass":2342,"minecraft:acacia_sign":2,"minecraft:deepslate":17098,"minecraft:suspicious_gravel":26,"minecraft:attached_pumpkin_stem":2,"minecraft:exposed_cut_copper":1,"minecraft:brown_concrete":576,"minecraft:mossy_cobblestone":126,"minecraft:dark_oak_log":20133,"minecraft:crimson_fence_gate":2,"minecraft:birch_fence_gate":1,"minecraft:dark_oak_fence":145,"minecraft:stripped_jungle_wood":1,"minecraft:red_mushroom":1,"minecraft:white_concrete_powder":88,"minecraft:redstone_ore":23,"minecraft:suspicious_sand":46,"minecraft:green_terracotta":9,"minecraft:big_dripleaf_stem":2,"minecraft:cyan_concrete":2221,"minecraft:vine":120,"minecraft:potted_spruce_sapling":1,"minecraft:fire_coral_block":212,"minecraft:soul_sand":304,"minecraft:lily_of_the_valley":15,"minecraft:potted_lily_of_the_valley":1,"minecraft:cornflower":10,"minecraft:warped_roots":995,"minecraft:crimson_slab":66,"minecraft:campfire":30,"minecraft:lightning_rod":49,"minecraft:tall_grass":494,"minecraft:copper_ore":906,"minecraft:deepslate_gold_ore":237,"minecraft:diorite":2288,"minecraft:warped_wart_block":2374,"minecraft:black_stained_glass":55,"minecraft:cobblestone_wall":34,"minecraft:dark_oak_button":5,"minecraft:gravel":16117,"minecraft:cobweb":49,"minecraft:brown_terracotta":1633,"minecraft:stone_bricks":538,"minecraft:chipped_anvil":2,"minecraft:fern":55,"minecraft:oak_sapling":18,"minecraft:andesite_stairs":21,"minecraft:orange_stained_glass":104,"minecraft:spruce_trapdoor":113,"minecraft:mangrove_door":1,"minecraft:polished_blackstone_brick_slab":2,"minecraft:green_stained_glass":29,"minecraft:waxed_cut_copper_stairs":2,"minecraft:gray_terracotta":77,"minecraft:deepslate_redstone_ore":495,"minecraft:brown_shulker_box":317,"minecraft:quartz_block":2,"minecraft:exposed_copper":53,"minecraft:orange_terracotta":42,"minecraft:beacon":31,"minecraft:nether_quartz_ore":2008,"minecraft:oak_planks":136,"minecraft:wall_torch":577,"minecraft:blue_terracotta":13,"minecraft:powered_rail":19,"minecraft:dark_oak_slab":883,"minecraft:blue_ice":2,"minecraft:tnt":1,"minecraft:smooth_stone_slab":8,"minecraft:dispenser":11,"minecraft:ladder":34,"minecraft:lever":25,"minecraft:chiseled_bookshelf":3,"minecraft:tube_coral_wall_fan":115,"minecraft:weathered_copper":58,"minecraft:yellow_candle":2,"minecraft:birch_slab":1,"minecraft:spruce_leaves":5977,"minecraft:hay_block":40,"minecraft:raw_gold_block":2,"minecraft:polished_basalt":491,"minecraft:nether_sprouts":653,"minecraft:gold_block":5,"minecraft:nether_brick_fence":2,"minecraft:deepslate_iron_ore":156,"minecraft:stripped_oak_log":238,"minecraft:acacia_leaves":213,"minecraft:snow_block":20129,"minecraft:stripped_dark_oak_log":327,"minecraft:basalt":7175,"minecraft:polished_granite":364,"minecraft:gray_stained_glass":33,"minecraft:stone_slab":1192,"minecraft:quartz_bricks":2,"minecraft:polished_blackstone_brick_stairs":50,"minecraft:prismarine_bricks":28,"minecraft:birch_planks":160,"minecraft:bubble_coral":1,"minecraft:sea_pickle":13,"minecraft:polished_blackstone_slab":55,"minecraft:bee_nest":6,"minecraft:warped_hyphae":1,"minecraft:black_wool":105,"minecraft:cocoa":393,"minecraft:cyan_carpet":88,"minecraft:birch_hanging_sign":1,"minecraft:cracked_stone_bricks":15,"minecraft:dark_oak_planks":337,"minecraft:polished_granite_slab":178,"minecraft:stripped_warped_stem":1940,"minecraft:black_terracotta":5,"minecraft:cherry_log":45,"minecraft:carved_pumpkin":49,"minecraft:chiseled_polished_blackstone":1,"minecraft:warped_hanging_sign":3,"minecraft:red_sand":1,"minecraft:stone_brick_wall":19,"minecraft:yellow_carpet":1,"minecraft:jungle_log":4065,"minecraft:pink_stained_glass":21,"minecraft:deepslate_bricks":8,"minecraft:lime_stained_glass":48,"minecraft:hopper":29,"minecraft:chiseled_stone_bricks":184,"minecraft:weeping_vines_plant":13,"minecraft:brown_stained_glass":28,"minecraft:sticky_piston":7,"minecraft:moss_carpet":146,"minecraft:lime_stained_glass_pane":1,"minecraft:polished_deepslate_slab":812,"minecraft:oak_sign":20,"minecraft:water_cauldron":1,"minecraft:iron_block":1850,"minecraft:brown_mushroom":3,"minecraft:red_bed":1,"minecraft:blast_furnace":1,"minecraft:cyan_bed":18,"minecraft:damaged_anvil":7,"minecraft:spruce_sign":3,"minecraft:cyan_wool":79,"minecraft:black_concrete_powder":66,"minecraft:light_gray_stained_glass":1,"minecraft:wheat":1162,"minecraft:waxed_copper_block":46,"minecraft:pumpkin_stem":2,"minecraft:warped_fungus":184,"minecraft:black_bed":14,"minecraft:stone_brick_stairs":62,"minecraft:red_mushroom_block":987,"minecraft:stonecutter":29,"minecraft:jungle_planks":15,"minecraft:crimson_roots":150,"minecraft:lime_wool":1,"minecraft:yellow_concrete_powder":11,"minecraft:moss_block":547,"minecraft:jungle_sapling":77,"minecraft:polished_blackstone_button":1,"minecraft:acacia_wood":1,"minecraft:potatoes":60,"minecraft:warped_stem":2233,"minecraft:smooth_quartz_stairs":11,"minecraft:warped_trapdoor":1,"minecraft:bamboo":150,"minecraft:cut_copper":6,"minecraft:white_wool":87,"minecraft:brain_coral":3,"minecraft:smithing_table":1,"minecraft:light_gray_carpet":282,"minecraft:comparator":3,"minecraft:brown_stained_glass_pane":6,"minecraft:stone_brick_slab":118,"minecraft:observer":27,"minecraft:light_gray_concrete_powder":65,"minecraft:emerald_ore":103,"minecraft:purple_bed":3,"minecraft:purple_stained_glass":4,"minecraft:white_carpet":2,"minecraft:spruce_log":8173,"minecraft:birch_leaves":2804,"minecraft:red_wall_banner":5,"minecraft:dark_oak_sign":7,"minecraft:pitcher_crop":6,"minecraft:infested_stone":9,"minecraft:spruce_planks":249,"minecraft:grass_block":27983,"minecraft:soul_soil":199,"minecraft:mud_bricks":30,"minecraft:smooth_stone":111,"minecraft:raw_iron_block":9,"minecraft:iron_ore":2121,"minecraft:black_carpet":202,"minecraft:anvil":35,"minecraft:purple_carpet":25,"minecraft:birch_wall_sign":53,"minecraft:green_bed":3,"minecraft:blue_banner":2,"minecraft:blackstone":8009,"minecraft:twisting_vines_plant":3,"minecraft:polished_deepslate_stairs":40,"minecraft:clay":615,"minecraft:chest":691,"minecraft:mushroom_stem":181,"minecraft:honeycomb_block":3,"minecraft:slime_block":6,"minecraft:grindstone":17,"minecraft:prismarine":36,"minecraft:iron_door":3,"minecraft:deepslate_copper_ore":73,"minecraft:pink_petals":104,"minecraft:seagrass":73,"minecraft:birch_log":1247,"minecraft:yellow_wool":9,"minecraft:dark_oak_door":5,"minecraft:nether_wart_block":793,"minecraft:purpur_block":71,"minecraft:sand":36353,"minecraft:tripwire_hook":1,"minecraft:polished_deepslate_wall":16,"minecraft:oak_leaves":1500,"minecraft:emerald_block":179,"minecraft:nether_gold_ore":48,"minecraft:tube_coral":101,"minecraft:red_carpet":107,"minecraft:candle":1,"minecraft:deepslate_diamond_ore":346,"minecraft:gray_shulker_box":46,"minecraft:gray_stained_glass_pane":1,"minecraft:black_banner":1,"minecraft:white_stained_glass":344,"minecraft:polished_andesite_slab":12,"minecraft:rooted_dirt":150,"minecraft:large_fern":209,"minecraft:spore_blossom":7,"minecraft:oak_trapdoor":3,"minecraft:spruce_sapling":28,"minecraft:furnace":77,"minecraft:carrots":68,"minecraft:stripped_spruce_log":1074,"minecraft:chiseled_deepslate":1,"minecraft:polished_deepslate":36,"minecraft:lantern":147,"minecraft:stripped_acacia_log":77,"minecraft:stripped_jungle_log":924,"minecraft:packed_ice":18064,"minecraft:chorus_plant":20,"minecraft:stone":166353,"minecraft:cherry_stairs":1,"minecraft:yellow_shulker_box":147,"minecraft:red_wool":82,"minecraft:spruce_door":2,"minecraft:purple_wall_banner":1,"minecraft:andesite_slab":4,"minecraft:sculk_sensor":2,"minecraft:lectern":26,"minecraft:andesite_wall":9,"minecraft:lapis_ore":60,"minecraft:sculk":6,"minecraft:brick_slab":5,"minecraft:green_shulker_box":21,"minecraft:polished_blackstone_stairs":16,"minecraft:redstone_torch":2,"minecraft:end_rod":38,"minecraft:bubble_coral_wall_fan":4,"minecraft:crimson_hyphae":5,"minecraft:birch_fence":115,"minecraft:fire_coral_wall_fan":5,"minecraft:cyan_shulker_box":415,"minecraft:red_nether_bricks":3,"minecraft:granite":4814,"minecraft:brown_wool":1,"minecraft:light_gray_bed":1,"minecraft:bamboo_block":6,"minecraft:red_stained_glass_pane":119,"minecraft:polished_blackstone_bricks":162,"minecraft:magma_block":211,"minecraft:dark_oak_trapdoor":207,"minecraft:barrel":103,"minecraft:granite_slab":83,"minecraft:light_gray_concrete":5219,"minecraft:spruce_wood":64,"minecraft:player_head":17,"minecraft:tripwire":254,"minecraft:orange_bed":1,"minecraft:jungle_trapdoor":1,"minecraft:crimson_nylium":98,"minecraft:powder_snow":100,"minecraft:oxidized_copper":297,"minecraft:white_stained_glass_pane":1,"minecraft:spruce_wall_sign":21,"minecraft:smooth_quartz_slab":3,"minecraft:tube_coral_fan":34,"minecraft:lime_shulker_box":169,"minecraft:amethyst_block":371,"minecraft:birch_sapling":3,"minecraft:white_terracotta":835,"minecraft:bamboo_planks":1,"minecraft:magenta_glazed_terracotta":33,"minecraft:pitcher_plant":4,"minecraft:dark_oak_sapling":62,"minecraft:smooth_quartz":49,"minecraft:mangrove_log":35,"minecraft:smooth_basalt":138,"minecraft:stripped_crimson_stem":67,"minecraft:purple_glazed_terracotta":19,"minecraft:deepslate_tiles":4,"minecraft:dark_prismarine":10,"minecraft:cyan_stained_glass":27,"minecraft:sea_lantern":286,"minecraft:end_stone":72,"minecraft:redstone_wire":12,"minecraft:cartography_table":7,"minecraft:horn_coral":2,"minecraft:acacia_trapdoor":9,"minecraft:pink_concrete":324,"minecraft:andesite":5462,"minecraft:cobblestone_slab":15,"minecraft:rail":159,"minecraft:brain_coral_wall_fan":4,"minecraft:green_wool":14,"minecraft:ender_chest":89,"minecraft:mud_brick_slab":2,"minecraft:redstone_block":3,"minecraft:glass_pane":11,"minecraft:polished_blackstone_brick_wall":36,"minecraft:dandelion":76,"minecraft:fire_coral":3,"minecraft:mangrove_wood":1,"minecraft:purpur_pillar":9,"minecraft:purple_wool":10,"minecraft:red_terracotta":704,"minecraft:coarse_dirt":620,"minecraft:stripped_spruce_wood":182,"minecraft:dark_oak_wall_sign":60,"minecraft:purple_concrete":869,"minecraft:mangrove_leaves":2,"minecraft:sunflower":12,"minecraft:birch_sign":16,"minecraft:polished_blackstone":89,"minecraft:gold_ore":61,"minecraft:iron_trapdoor":15,"minecraft:stone_pressure_plate":3,"minecraft:farmland":133,"minecraft:orange_wool":24,"minecraft:brewing_stand":11,"minecraft:budding_amethyst":10,"minecraft:cracked_polished_blackstone_bricks":2,"minecraft:white_concrete":11610,"minecraft:polished_diorite":19,"minecraft:gilded_blackstone":1,"minecraft:mossy_cobblestone_slab":11,"minecraft:dragon_head":1,"minecraft:pointed_dripstone":32,"minecraft:flowering_azalea_leaves":831,"minecraft:iron_bars":3,"minecraft:potted_cornflower":1,"minecraft:azalea":105,"minecraft:spruce_slab":382,"minecraft:polished_blackstone_wall":4,"minecraft:purpur_stairs":1,"minecraft:light_gray_terracotta":641,"minecraft:jungle_stairs":4,"minecraft:cauldron":4,"minecraft:stone_stairs":528,"minecraft:fire_coral_fan":2,"minecraft:warped_nylium":104,"minecraft:warped_planks":202,"minecraft:oak_log":1759,"minecraft:lime_terracotta":5,"minecraft:dirt":23607,"minecraft:raw_copper_block":161,"minecraft:ancient_debris":6,"minecraft:quartz_stairs":6,"minecraft:dark_oak_leaves":3017,"minecraft:stripped_mangrove_log":131,"minecraft:red_stained_glass":160,"minecraft:glow_lichen":650,"minecraft:stone_button":8,"minecraft:cyan_banner":2,"minecraft:brown_mushroom_block":548,"minecraft:soul_campfire":1,"minecraft:acacia_slab":2,"minecraft:crimson_stem":126,"minecraft:light_gray_shulker_box":6,"minecraft:peony":8,"minecraft:bookshelf":103,"minecraft:shroomlight":96,"minecraft:oak_hanging_sign":15,"minecraft:jungle_fence_gate":5,"minecraft:scaffolding":2847,"minecraft:magenta_stained_glass":9,"minecraft:warped_fence":4,"minecraft:oak_fence":3,"minecraft:honey_block":21,"minecraft:deepslate_coal_ore":16,"minecraft:red_glazed_terracotta":6,"minecraft:red_concrete":278,"minecraft:ice":41147,"minecraft:white_wall_banner":10,"minecraft:cherry_leaves":35,"minecraft:yellow_concrete":38,"minecraft:flower_pot":9,"minecraft:purple_shulker_box":35,"minecraft:small_dripleaf":4,"minecraft:mossy_stone_bricks":15,"minecraft:light_blue_concrete":25,"minecraft:jungle_leaves":2949,"minecraft:warped_stairs":21,"minecraft:obsidian":546,"minecraft:crimson_trapdoor":3,"minecraft:horn_coral_fan":1,"minecraft:diorite_stairs":1,"minecraft:crimson_fungus":36,"minecraft:oxeye_daisy":4,"minecraft:light_blue_stained_glass":12,"minecraft:orange_concrete":7,"minecraft:tall_seagrass":59,"minecraft:cyan_wall_banner":13,"minecraft:pumpkin":114,"minecraft:sculk_shrieker":1,"minecraft:cave_vines":26,"minecraft:dirt_path":272,"minecraft:deepslate_brick_stairs":1,"minecraft:piston_head":1,"minecraft:player_wall_head":4,"minecraft:amethyst_cluster":1149,"minecraft:polished_andesite_stairs":78,"minecraft:glass":110,"minecraft:polished_diorite_stairs":2,"minecraft:lilac":16,"minecraft:copper_block":211,"minecraft:prismarine_brick_stairs":2,"minecraft:purple_concrete_powder":40,"minecraft:loom":9,"minecraft:blue_shulker_box":203,"minecraft:yellow_stained_glass":1,"minecraft:piston":16,"minecraft:infested_deepslate":19,"minecraft:yellow_terracotta":67,"minecraft:light_blue_stained_glass_pane":7,"minecraft:pink_shulker_box":221,"minecraft:stripped_birch_log":21,"minecraft:jack_o_lantern":22,"minecraft:shulker_box":2659,"minecraft:cobbled_deepslate_slab":38,"minecraft:nether_bricks":29,"minecraft:allium":128,"minecraft:orange_shulker_box":35,"minecraft:magenta_concrete":459,"minecraft:horn_coral_wall_fan":5,"minecraft:kelp":820,"minecraft:black_stained_glass_pane":24,"minecraft:snow":32153,"minecraft:diamond_block":34,"minecraft:warped_wall_sign":6,"minecraft:gray_concrete":492,"minecraft:brown_carpet":15,"minecraft:cyan_concrete_powder":181,"minecraft:dropper":12,"minecraft:big_dripleaf":4,"minecraft:prismarine_brick_slab":2,"minecraft:torchflower":5,"minecraft:dripstone_block":5,"minecraft:acacia_planks":106,"minecraft:spruce_fence_gate":22,"minecraft:black_shulker_box":95,"minecraft:cobbled_deepslate_stairs":32,"minecraft:cobblestone_stairs":15,"minecraft:cave_vines_plant":11,"minecraft:blue_concrete":9,"minecraft:purple_stained_glass_pane":6,"minecraft:stripped_warped_hyphae":100,"minecraft:glowstone":113,"minecraft:azure_bluet":21,"minecraft:dark_oak_stairs":265,"minecraft:warped_button":4,"minecraft:azalea_leaves":2405,"minecraft:end_stone_bricks":52,"minecraft:cyan_terracotta":24,"minecraft:soul_lantern":12,"minecraft:calcite":380,"minecraft:poppy":87,"minecraft:cobblestone":665,"minecraft:magenta_shulker_box":1,"minecraft:red_candle":1,"minecraft:acacia_sapling":7,"minecraft:brown_concrete_powder":16,"minecraft:brown_wall_banner":1,"minecraft:light_gray_wool":17,"minecraft:stripped_oak_wood":4,"minecraft:yellow_stained_glass_pane":9,"minecraft:cracked_deepslate_tiles":2,"minecraft:diorite_wall":10,"minecraft:netherrack":17021,"minecraft:magenta_wool":6,"minecraft:granite_wall":4,"minecraft:diamond_ore":1,"minecraft:tuff":1902,"minecraft:brick_stairs":30,"minecraft:weeping_vines":4,"minecraft:mangrove_trapdoor":4,"minecraft:sandstone":12161,"minecraft:deepslate_brick_slab":33,"minecraft:black_glazed_terracotta":14,"minecraft:dark_oak_fence_gate":89,"minecraft:black_concrete":5445,"minecraft:bell":2,"minecraft:redstone_wall_torch":3,"minecraft:podzol":1187,"minecraft:light_blue_shulker_box":183,"minecraft:flowering_azalea":56,"minecraft:cut_copper_stairs":21,"minecraft:crafting_table":456,"minecraft:oak_wood":2,"minecraft:rose_bush":9,"minecraft:lily_pad":10,"minecraft:blue_bed":5,"minecraft:spruce_stairs":135,"minecraft:gray_wool":3,"minecraft:cactus":56,"minecraft:sweet_berry_bush":3,"minecraft:gray_bed":10,"minecraft:mangrove_slab":5,"minecraft:coal_ore":5443,"minecraft:gray_carpet":19,"minecraft:terracotta":3571,"minecraft:polished_andesite":274,"minecraft:acacia_wall_sign":3,"minecraft:warped_slab":10},"minecraft:custom":{"minecraft:interact_with_cartography_table":30,"minecraft:inspect_dispenser":296,"minecraft:inspect_dropper":108,"minecraft:inspect_hopper":305,"minecraft:play_noteblock":56,"minecraft:talked_to_villager":2434,"minecraft:fill_cauldron":7,"minecraft:damage_taken":244117,"minecraft:eat_cake_slice":4,"minecraft:enchant_item":37,"minecraft:interact_with_furnace":2333,"minecraft:sleep_in_bed":1486,"minecraft:interact_with_smithing_table":36,"minecraft:target_hit":130,"minecraft:sneak_time":5563604,"minecraft:interact_with_lectern":508,"minecraft:interact_with_blast_furnace":18,"minecraft:fall_one_cm":8024382,"minecraft:drop":8540,"minecraft:interact_with_loom":87,"minecraft:player_kills":18,"minecraft:damage_absorbed":347,"minecraft:trigger_trapped_chest":1,"minecraft:pig_one_cm":63546,"minecraft:interact_with_crafting_table":4863,"minecraft:damage_blocked_by_shield":10200,"minecraft:play_time":53385079,"minecraft:deaths":106,"minecraft:jump":309881,"minecraft:play_record":4,"minecraft:interact_with_smoker":2,"minecraft:horse_one_cm":2313207,"minecraft:interact_with_anvil":459,"minecraft:tune_noteblock":39,"minecraft:time_since_rest":82659,"minecraft:swim_one_cm":3628657,"minecraft:open_chest":61308,"minecraft:open_shulker_box":48370,"minecraft:clean_banner":13,"minecraft:damage_resisted":1860,"minecraft:interact_with_brewingstand":120,"minecraft:interact_with_beacon":33,"minecraft:boat_one_cm":19962045,"minecraft:aviate_one_cm":766533262,"minecraft:open_barrel":6032,"minecraft:bell_ring":93,"minecraft:leave_game":1495,"minecraft:time_since_death":692300,"minecraft:traded_with_villager":16600,"minecraft:damage_dealt":360624,"minecraft:total_world_time":53385079,"minecraft:interact_with_stonecutter":143,"minecraft:fly_one_cm":71414711,"minecraft:animals_bred":417,"minecraft:sprint_one_cm":85817078,"minecraft:walk_on_water_one_cm":1660578,"minecraft:open_enderchest":4567,"minecraft:crouch_one_cm":24415549,"minecraft:mob_kills":30922,"minecraft:climb_one_cm":1964970,"minecraft:walk_one_cm":90958200,"minecraft:walk_under_water_one_cm":4736935,"minecraft:pot_flower":98,"minecraft:interact_with_grindstone":28,"minecraft:minecart_one_cm":3685479},"minecraft:crafted":{"minecraft:red_sand":24,"minecraft:birch_boat":11,"minecraft:chain":726,"minecraft:blue_stained_glass_pane":16,"minecraft:diorite_stairs":72,"minecraft:diamond_shovel":6,"minecraft:nether_brick":717,"minecraft:cracked_stone_bricks":300,"minecraft:shulker_box":140,"minecraft:magenta_concrete_powder":984,"minecraft:light_blue_concrete_powder":88,"minecraft:cyan_banner":116,"minecraft:waxed_cut_copper_stairs":16,"minecraft:black_wool":348,"minecraft:gray_stained_glass":3184,"minecraft:pink_stained_glass":4432,"minecraft:warped_stairs":292,"minecraft:blue_stained_glass":1280,"minecraft:redstone_lamp":8,"minecraft:soul_campfire":20,"minecraft:polished_andesite_stairs":440,"minecraft:jungle_boat":18,"minecraft:acacia_slab":36,"minecraft:raw_gold_block":6,"minecraft:green_bed":1,"minecraft:sticky_piston":32,"minecraft:nether_brick_fence":18,"minecraft:fletching_table":1,"minecraft:red_nether_bricks":103,"minecraft:green_stained_glass":2472,"minecraft:polished_deepslate_slab":846,"minecraft:painting":28,"minecraft:cartography_table":4,"minecraft:stone_brick_stairs":812,"minecraft:cornflower":7,"minecraft:stone_slab":19644,"minecraft:polished_blackstone_bricks":200,"minecraft:orange_shulker_box":4,"minecraft:crimson_trapdoor":10,"minecraft:soul_torch":276,"minecraft:red_banner":18,"minecraft:light_gray_wool":320,"minecraft:polished_blackstone_pressure_plate":1,"minecraft:spruce_fence":30,"minecraft:moss_carpet":261,"minecraft:rib_armor_trim_smithing_template":6,"minecraft:waxed_copper_block":64,"minecraft:spruce_stairs":780,"minecraft:vex_armor_trim_smithing_template":4,"minecraft:eye_armor_trim_smithing_template":4,"minecraft:lead":8,"minecraft:cut_copper_slab":40,"minecraft:crimson_slab":660,"minecraft:waxed_oxidized_cut_copper_stairs":12,"minecraft:acacia_trapdoor":332,"minecraft:acacia_stairs":20,"minecraft:red_carpet":2618,"minecraft:deepslate_tiles":54,"minecraft:enchanted_book":135,"minecraft:orange_dye":434,"minecraft:stripped_warped_hyphae":90,"minecraft:red_stained_glass":3520,"minecraft:soul_lantern":159,"minecraft:warped_sign":72,"minecraft:writable_book":39,"minecraft:iron_shovel":32,"minecraft:armor_stand":43,"minecraft:birch_hanging_sign":12,"minecraft:barrel":325,"minecraft:polished_granite_slab":1068,"minecraft:cherry_slab":12,"minecraft:leather_horse_armor":1,"minecraft:snow":90,"minecraft:white_candle":28,"minecraft:chest":1249,"minecraft:oak_button":1,"minecraft:blue_concrete_powder":40,"minecraft:stone_bricks":11832,"minecraft:golden_boots":1,"minecraft:waxed_oxidized_cut_copper":11,"minecraft:sea_lantern":1244,"minecraft:white_banner":86,"minecraft:cauldron":72,"minecraft:lime_terracotta":184,"minecraft:brown_dye":539,"minecraft:chiseled_polished_blackstone":44,"minecraft:acacia_button":7,"minecraft:white_stained_glass_pane":48,"minecraft:dispenser":26,"minecraft:tnt":38,"minecraft:purple_dye":552,"minecraft:yellow_dye":805,"minecraft:stick":14459,"minecraft:black_bed":4,"minecraft:pink_tulip":12,"minecraft:cyan_carpet":639,"minecraft:dark_oak_fence_gate":1125,"minecraft:deepslate_bricks":179,"minecraft:deepslate_tile_slab":2,"minecraft:stone_brick_wall":636,"minecraft:fishing_rod":8,"minecraft:beehive":4,"minecraft:spruce_button":4,"minecraft:mossy_stone_bricks":47,"minecraft:blast_furnace":9,"minecraft:piston":219,"minecraft:oak_trapdoor":74,"minecraft:scaffolding":1110,"minecraft:granite_wall":30,"minecraft:white_concrete_powder":12619,"minecraft:polished_granite_stairs":48,"minecraft:cobblestone_wall":828,"minecraft:smooth_quartz_slab":150,"minecraft:light_blue_stained_glass_pane":688,"minecraft:iron_trapdoor":179,"minecraft:mangrove_door":9,"minecraft:iron_sword":4,"minecraft:black_banner":34,"minecraft:acacia_boat":19,"minecraft:brown_concrete_powder":752,"minecraft:black_carpet":14542,"minecraft:stonecutter":17,"minecraft:torch":6580,"minecraft:mangrove_wood":15,"minecraft:diamond_chestplate":3,"minecraft:ender_chest":25,"minecraft:light_gray_concrete_powder":7752,"minecraft:smooth_stone":141,"minecraft:dark_oak_pressure_plate":25,"minecraft:purple_bed":9,"minecraft:orange_carpet":3,"minecraft:polished_blackstone_slab":184,"minecraft:lever":362,"minecraft:bookshelf":1505,"minecraft:cooked_mutton":154,"minecraft:deepslate_brick_stairs":58,"minecraft:glass":32971,"minecraft:quartz_block":1465,"minecraft:light_blue_terracotta":64,"minecraft:birch_fence_gate":1,"minecraft:birch_door":6,"minecraft:gray_bed":4,"minecraft:glass_bottle":1482,"minecraft:target":2,"minecraft:deepslate":361,"minecraft:smooth_quartz":1172,"minecraft:cooked_porkchop":1,"minecraft:diamond_axe":6,"minecraft:spruce_door":18,"minecraft:copper_ingot":737,"minecraft:purple_banner":1,"minecraft:red_tulip":12,"minecraft:tnt_minecart":11,"minecraft:light_gray_bed":1,"minecraft:lime_shulker_box":2,"minecraft:chiseled_deepslate":91,"minecraft:compass":61,"minecraft:gold_ingot":1458,"minecraft:light_gray_dye":1252,"minecraft:packed_ice":4049,"minecraft:waxed_cut_copper":20,"minecraft:leather_leggings":1,"minecraft:polished_deepslate_stairs":392,"minecraft:player_head":872,"minecraft:andesite_wall":318,"minecraft:white_carpet":39,"minecraft:warped_trapdoor":78,"minecraft:dark_oak_fence":3537,"minecraft:spruce_slab":3468,"minecraft:blue_banner":12,"minecraft:diamond_boots":3,"minecraft:red_glazed_terracotta":168,"minecraft:redstone_block":71,"minecraft:dark_oak_planks":54951,"minecraft:wheat":126,"minecraft:coal_block":289,"minecraft:polished_blackstone_brick_slab":66,"minecraft:red_bed":3,"minecraft:blue_bed":1,"minecraft:glowstone":53,"minecraft:jungle_slab":30,"minecraft:polished_blackstone_brick_wall":27,"minecraft:golden_apple":8,"minecraft:andesite_slab":36,"minecraft:blue_carpet":12,"minecraft:pink_shulker_box":1,"minecraft:oak_hanging_sign":6,"minecraft:flower_banner_pattern":2,"minecraft:wayfinder_armor_trim_smithing_template":4,"minecraft:dark_oak_door":57,"minecraft:iron_boots":2,"minecraft:raw_copper":639,"minecraft:written_book":1,"minecraft:blackstone_wall":30,"minecraft:stone_hoe":1,"minecraft:honeycomb_block":61,"minecraft:raw_iron_block":34,"minecraft:smoker":2,"minecraft:acacia_wood":15,"minecraft:mud_brick_slab":48,"minecraft:spruce_planks":13664,"minecraft:brown_stained_glass_pane":224,"minecraft:baked_potato":112,"minecraft:hopper_minecart":17,"minecraft:pumpkin_seeds":8,"minecraft:sea_pickle":5,"minecraft:diamond_pickaxe":6,"minecraft:paper":2028,"minecraft:stripped_jungle_wood":96,"minecraft:dark_oak_slab":24235,"minecraft:book":90,"minecraft:charcoal":610,"minecraft:emerald_block":163,"minecraft:birch_fence":60,"minecraft:light_blue_dye":202,"minecraft:snow_block":10581,"minecraft:green_shulker_box":3,"minecraft:redstone_torch":485,"minecraft:light_gray_carpet":1793,"minecraft:light_gray_stained_glass_pane":176,"minecraft:crimson_hyphae":81,"minecraft:coarse_dirt":420,"minecraft:wooden_sword":3,"minecraft:cobbled_deepslate_slab":258,"minecraft:redstone":981,"minecraft:coal":117,"minecraft:light_gray_stained_glass":3208,"minecraft:dark_oak_trapdoor":2646,"minecraft:jungle_trapdoor":94,"minecraft:gray_dye":306,"minecraft:dark_oak_sign":285,"minecraft:blue_ice":3,"minecraft:yellow_shulker_box":7,"minecraft:polished_deepslate":1564,"minecraft:green_concrete_powder":72,"minecraft:iron_axe":18,"minecraft:slime_ball":72,"minecraft:lime_dye":455,"minecraft:filled_map":48,"minecraft:minecart":55,"minecraft:cooked_beef":163,"minecraft:sugar":2,"minecraft:red_dye":1262,"minecraft:bone_block":483,"minecraft:spruce_sign":123,"minecraft:pink_concrete_powder":512,"minecraft:powered_rail":522,"minecraft:yellow_carpet":3,"minecraft:bucket":49,"minecraft:brown_terracotta":73,"minecraft:air":0,"minecraft:black_stained_glass":5440,"minecraft:blue_dye":845,"minecraft:mud_brick_wall":54,"minecraft:cut_copper":52,"minecraft:oak_boat":10,"minecraft:white_wool":579,"minecraft:pink_stained_glass_pane":16,"minecraft:pumpkin_pie":48,"minecraft:coast_armor_trim_smithing_template":2,"minecraft:end_crystal":1,"minecraft:purple_concrete_powder":1488,"minecraft:lapis_lazuli":735,"minecraft:clay":375,"minecraft:firework_rocket":3783,"minecraft:lime_stained_glass":3752,"minecraft:red_stained_glass_pane":400,"minecraft:black_dye":990,"minecraft:oxidized_cut_copper_slab":108,"minecraft:oak_sign":141,"minecraft:waxed_cut_copper_slab":8,"minecraft:polished_deepslate_wall":60,"minecraft:blaze_powder":256,"minecraft:diamond_helmet":3,"minecraft:beacon":1,"minecraft:stone_pressure_plate":31,"minecraft:iron_door":15,"minecraft:gray_stained_glass_pane":96,"minecraft:dried_kelp_block":16,"minecraft:name_tag":24,"minecraft:white_shulker_box":6,"minecraft:end_rod":288,"minecraft:glow_item_frame":101,"minecraft:smithing_table":6,"minecraft:mossy_cobblestone":160,"minecraft:lectern":48,"minecraft:golden_leggings":1,"minecraft:iron_pickaxe":25,"minecraft:acacia_door":6,"minecraft:composter":37,"minecraft:golden_carrot":957,"minecraft:jukebox":6,"minecraft:iron_nugget":8237,"minecraft:experience_bottle":12,"minecraft:diamond_hoe":3,"minecraft:brick_stairs":528,"minecraft:blue_shulker_box":3,"minecraft:prismarine_brick_stairs":28,"minecraft:lime_stained_glass_pane":16,"minecraft:waxed_oxidized_copper":38,"minecraft:stone_stairs":4804,"minecraft:terracotta":4,"minecraft:lantern":1034,"minecraft:light_gray_shulker_box":2,"minecraft:polished_diorite":664,"minecraft:black_concrete_powder":9168,"minecraft:red_shulker_box":11,"minecraft:cherry_stairs":12,"minecraft:stone_pickaxe":7,"minecraft:spruce_boat":11,"minecraft:purple_carpet":123,"minecraft:brick_slab":433,"minecraft:light_gray_terracotta":32,"minecraft:enchanting_table":4,"minecraft:cyan_bed":10,"minecraft:yellow_stained_glass_pane":464,"minecraft:polished_blackstone_stairs":44,"minecraft:dark_oak_button":114,"minecraft:light_blue_carpet":24,"minecraft:raiser_armor_trim_smithing_template":2,"minecraft:fermented_spider_eye":7,"minecraft:black_stained_glass_pane":1507,"minecraft:note_block":24,"minecraft:pink_terracotta":8,"minecraft:grindstone":138,"minecraft:cobblestone_slab":252,"minecraft:packed_mud":146,"minecraft:lightning_rod":23,"minecraft:stone":90,"minecraft:red_sandstone":1,"minecraft:heavy_weighted_pressure_plate":50,"minecraft:quartz_pillar":48,"minecraft:warped_planks":2588,"minecraft:brown_carpet":177,"minecraft:polished_blackstone_button":19,"minecraft:stone_brick_slab":4428,"minecraft:brown_stained_glass":1888,"minecraft:mangrove_fence":3,"minecraft:orange_stained_glass_pane":64,"minecraft:waxed_weathered_cut_copper":15,"minecraft:bow":47,"minecraft:comparator":53,"minecraft:polished_basalt":5616,"minecraft:copper_block":79,"minecraft:yellow_terracotta":1620,"minecraft:rail":496,"minecraft:bricks":7716,"minecraft:ender_eye":47,"minecraft:granite_stairs":8,"minecraft:dropper":123,"minecraft:iron_helmet":5,"minecraft:brush":2,"minecraft:red_wool":85,"minecraft:yellow_stained_glass":2424,"minecraft:oxidized_cut_copper":84,"minecraft:prismarine_brick_slab":90,"minecraft:spruce_trapdoor":1688,"minecraft:iron_ingot":11074,"minecraft:andesite_stairs":128,"minecraft:light_blue_shulker_box":6,"minecraft:light_blue_stained_glass":1696,"minecraft:polished_diorite_stairs":56,"minecraft:blue_terracotta":784,"minecraft:nether_brick_slab":210,"minecraft:tripwire_hook":26,"minecraft:leather_boots":2,"minecraft:furnace":234,"minecraft:mud_bricks":176,"minecraft:magenta_stained_glass_pane":16,"minecraft:polished_andesite_slab":672,"minecraft:raw_copper_block":416,"minecraft:smooth_quartz_stairs":96,"minecraft:flint_and_steel":9,"minecraft:chiseled_bookshelf":41,"minecraft:brown_shulker_box":48,"minecraft:honey_block":39,"minecraft:birch_sign":93,"minecraft:purple_terracotta":1084,"minecraft:purple_stained_glass":1912,"minecraft:polished_blackstone_wall":115,"minecraft:purple_shulker_box":7,"minecraft:diorite_wall":312,"minecraft:cooked_salmon":24,"minecraft:mangrove_planks":264,"minecraft:jungle_planks":2448,"minecraft:white_dye":4478,"minecraft:anvil":1000,"minecraft:andesite":380,"minecraft:granite_slab":774,"minecraft:jungle_fence_gate":66,"minecraft:orange_stained_glass":2968,"minecraft:dark_oak_wood":102,"minecraft:oxidized_cut_copper_stairs":12,"minecraft:birch_slab":48,"minecraft:loom":16,"minecraft:green_concrete":64,"minecraft:iron_bars":608,"minecraft:red_concrete_powder":296,"minecraft:repeater":112,"minecraft:cyan_stained_glass_pane":112,"minecraft:diamond_leggings":3,"minecraft:melon_seeds":2,"minecraft:polished_blackstone":3532,"minecraft:magenta_dye":400,"minecraft:flower_pot":150,"minecraft:emerald":35690,"minecraft:prismarine_bricks":220,"minecraft:clock":17,"minecraft:hay_block":23,"minecraft:campfire":47,"minecraft:brown_banner":10,"minecraft:bamboo_planks":2,"minecraft:smooth_basalt":65,"minecraft:green_terracotta":168,"minecraft:iron_block":183,"minecraft:spruce_fence_gate":61,"minecraft:yellow_concrete_powder":64,"minecraft:stone_shovel":5,"minecraft:smooth_stone_slab":438,"minecraft:tinted_glass":3822,"minecraft:crimson_fence_gate":8,"minecraft:cut_copper_stairs":16,"minecraft:red_terracotta":744,"minecraft:bone_meal":26578,"minecraft:cyan_stained_glass":5384,"minecraft:pink_dye":564,"minecraft:candle":77,"minecraft:diamond":1224,"minecraft:deepslate_brick_wall":56,"minecraft:ladder":255,"minecraft:cobbled_deepslate_stairs":1052,"minecraft:golden_helmet":2,"minecraft:dripstone_block":640,"minecraft:purple_stained_glass_pane":48,"minecraft:dried_kelp":159,"minecraft:deepslate_brick_slab":168,"minecraft:magenta_stained_glass":2696,"minecraft:gray_concrete_powder":512,"minecraft:polished_granite":4336,"minecraft:white_stained_glass":8592,"minecraft:green_stained_glass_pane":16,"minecraft:acacia_sign":27,"minecraft:gray_shulker_box":7,"minecraft:cyan_shulker_box":12,"minecraft:wooden_axe":2,"minecraft:crimson_fence":12,"minecraft:iron_leggings":4,"minecraft:white_bed":1,"minecraft:brick":31032,"minecraft:mangrove_button":2,"minecraft:oak_planks":2136,"minecraft:dark_oak_boat":19,"minecraft:purple_glazed_terracotta":996,"minecraft:cobblestone_stairs":544,"minecraft:warped_hyphae":99,"minecraft:green_dye":774,"minecraft:bamboo_block":64,"minecraft:hopper":230,"minecraft:cyan_terracotta":32,"minecraft:mossy_cobblestone_slab":246,"minecraft:weathered_cut_copper":16,"minecraft:warped_hanging_sign":6,"minecraft:chiseled_stone_bricks":3764,"minecraft:quartz_stairs":24,"minecraft:item_frame":569,"minecraft:oak_slab":270,"minecraft:map":35,"minecraft:crafting_table":131,"minecraft:wooden_pickaxe":2,"minecraft:kelp":10,"minecraft:mangrove_trapdoor":68,"minecraft:gold_block":7,"minecraft:mojang_banner_pattern":1,"minecraft:birch_planks":2596,"minecraft:brewing_stand":9,"minecraft:black_shulker_box":6,"minecraft:iron_chestplate":7,"minecraft:shield":10,"minecraft:warped_slab":642,"minecraft:stone_sword":4,"minecraft:polished_blackstone_brick_stairs":30,"minecraft:gray_carpet":225,"minecraft:shears":161,"minecraft:green_carpet":3,"minecraft:polished_andesite":3060,"minecraft:cherry_planks":40,"minecraft:raw_iron":171,"minecraft:popped_chorus_fruit":121,"minecraft:stone_button":166,"minecraft:diamond_block":89,"minecraft:glass_pane":176,"minecraft:warped_fence":42,"minecraft:host_armor_trim_smithing_template":4,"minecraft:black_terracotta":472,"minecraft:spruce_wood":1398,"minecraft:iron_hoe":2,"minecraft:orange_concrete_powder":56,"minecraft:warped_button":18,"minecraft:observer":107,"minecraft:cooked_cod":36,"minecraft:cyan_concrete_powder":3630,"minecraft:crimson_planks":432,"minecraft:diamond_sword":2,"minecraft:cyan_dye":764,"minecraft:dark_oak_stairs":4552,"minecraft:bell":3,"minecraft:nether_bricks":162,"minecraft:stripped_oak_wood":33,"minecraft:stone_axe":16,"minecraft:amethyst_block":64,"minecraft:raw_gold":45,"minecraft:cherry_door":6,"minecraft:waxed_oxidized_cut_copper_slab":108,"minecraft:acacia_planks":1924,"minecraft:lapis_block":94},"minecraft:picked_up":{"minecraft:enchanted_book":109,"minecraft:blue_concrete":2,"minecraft:music_disc_cat":1,"minecraft:polished_deepslate":956,"minecraft:polished_blackstone_brick_stairs":23,"minecraft:string":9490,"minecraft:sculk_shrieker":3,"minecraft:spruce_pressure_plate":2,"minecraft:polished_blackstone_stairs":96,"minecraft:purpur_pillar":33,"minecraft:warped_button":61,"minecraft:green_terracotta":137,"minecraft:gray_shulker_box":47,"minecraft:cyan_stained_glass_pane":78,"minecraft:cauldron":32,"minecraft:orange_bed":1,"minecraft:stone_sword":6,"minecraft:carved_pumpkin":163,"minecraft:glowstone":233,"minecraft:end_rod":185,"minecraft:blaze_rod":634,"minecraft:snowball":44074,"minecraft:feather":96,"minecraft:water_bucket":36,"minecraft:brown_wool":73,"minecraft:dark_oak_boat":61,"minecraft:pink_concrete_powder":128,"minecraft:lantern":1057,"minecraft:hanging_roots":32,"minecraft:stonecutter":31,"minecraft:birch_hanging_sign":23,"minecraft:chiseled_polished_blackstone":18,"minecraft:lime_terracotta":41,"minecraft:birch_fence_gate":1,"minecraft:brown_mushroom_block":1262,"minecraft:acacia_stairs":40,"minecraft:iron_hoe":4,"minecraft:deepslate":10736,"minecraft:granite":9114,"minecraft:spruce_button":5,"minecraft:golden_horse_armor":6,"minecraft:cyan_dye":325,"minecraft:rooted_dirt":251,"minecraft:light_gray_carpet":960,"minecraft:diamond_pickaxe":20,"minecraft:magenta_glazed_terracotta":73,"minecraft:shelter_pottery_sherd":6,"minecraft:mud":82,"minecraft:stripped_warped_hyphae":122,"minecraft:clay_ball":2383,"minecraft:redstone_lamp":4,"minecraft:acacia_button":3,"minecraft:fire_coral":2,"minecraft:white_stained_glass":1398,"minecraft:iron_shovel":9,"minecraft:polished_blackstone_wall":80,"minecraft:glass_pane":11,"minecraft:jungle_sapling":487,"minecraft:minecart":40,"minecraft:birch_sapling":263,"minecraft:piston":173,"minecraft:stone":171946,"minecraft:raw_gold_block":2,"minecraft:stone_shovel":1,"minecraft:diamond_chestplate":14,"minecraft:hay_block":54,"minecraft:totem_of_undying":14,"minecraft:polished_blackstone":813,"minecraft:mutton":154,"minecraft:bone_block":472,"minecraft:rail":373,"minecraft:oxeye_daisy":76,"minecraft:birch_leaves":3898,"minecraft:yellow_shulker_box":153,"minecraft:mud_bricks":51,"minecraft:acacia_wood":15,"minecraft:torchflower":5,"minecraft:packed_mud":25,"minecraft:paper":63,"minecraft:diorite_stairs":83,"minecraft:warped_stem":2321,"minecraft:iron_ore":1897,"minecraft:gray_bed":10,"minecraft:smooth_basalt":258,"minecraft:milk_bucket":2,"minecraft:light_gray_stained_glass":190,"minecraft:weathered_copper":75,"minecraft:light_blue_stained_glass":327,"minecraft:dragon_egg":1,"minecraft:diamond_shovel":6,"minecraft:painting":60,"minecraft:deepslate_redstone_ore":165,"minecraft:birch_sign":229,"minecraft:polished_blackstone_brick_wall":56,"minecraft:baked_potato":1,"minecraft:light_blue_concrete":5,"minecraft:yellow_wool":52,"minecraft:gilded_blackstone":1,"minecraft:stone_brick_stairs":573,"minecraft:warped_stairs":54,"minecraft:warped_hanging_sign":3,"minecraft:red_sand":1,"minecraft:comparator":3,"minecraft:bucket":28,"minecraft:ender_eye":13,"minecraft:smooth_quartz":457,"minecraft:deepslate_iron_ore":55,"minecraft:birch_trapdoor":2,"minecraft:polished_deepslate_stairs":220,"minecraft:spruce_stairs":256,"minecraft:sniffer_egg":4,"minecraft:andesite_wall":265,"minecraft:obsidian":579,"minecraft:pink_petals":352,"minecraft:leather_chestplate":10,"minecraft:andesite":8379,"minecraft:prismarine_bricks":838,"minecraft:dirt":46931,"minecraft:glass":7306,"minecraft:bone":2329,"minecraft:bow":58,"minecraft:wheat_seeds":5184,"minecraft:crimson_fence_gate":3,"minecraft:grindstone":56,"minecraft:purple_stained_glass_pane":84,"minecraft:prismarine":567,"minecraft:diorite_wall":243,"minecraft:gray_stained_glass":162,"minecraft:black_stained_glass_pane":240,"minecraft:light_blue_shulker_box":183,"minecraft:diamond_block":49,"minecraft:spectral_arrow":10,"minecraft:jungle_leaves":13,"minecraft:light_blue_terracotta":6,"minecraft:slime_block":1801,"minecraft:soul_lantern":175,"minecraft:cracked_polished_blackstone_bricks":77,"minecraft:crossbow":5,"minecraft:spruce_sign":87,"minecraft:chorus_fruit":395,"minecraft:netherrack":15804,"minecraft:oak_leaves":823,"minecraft:azure_bluet":834,"minecraft:ladder":517,"minecraft:brick":292,"minecraft:moss_carpet":582,"minecraft:birch_fence":195,"minecraft:lime_wool":1,"minecraft:flowering_azalea_leaves":1162,"minecraft:brown_concrete_powder":199,"minecraft:cookie":9,"minecraft:trident":4,"minecraft:brown_dye":202,"minecraft:light_gray_stained_glass_pane":156,"minecraft:purple_terracotta":171,"minecraft:weeping_vines":61,"minecraft:nether_bricks":48,"minecraft:black_banner":88,"minecraft:netherite_boots":4,"minecraft:jungle_boat":8,"minecraft:leather":582,"minecraft:crimson_fungus":60,"minecraft:gunpowder":9667,"minecraft:cobblestone_wall":488,"minecraft:cooked_mutton":102,"minecraft:gray_carpet":46,"minecraft:acacia_trapdoor":56,"minecraft:rabbit_hide":1,"minecraft:iron_ingot":468,"minecraft:prismarine_brick_slab":16,"minecraft:nether_quartz_ore":915,"minecraft:emerald_block":618,"minecraft:stone_brick_slab":2069,"minecraft:amethyst_shard":9419,"minecraft:nether_brick_slab":192,"minecraft:spruce_door":17,"minecraft:brick_slab":80,"minecraft:mangrove_leaves":95,"minecraft:white_concrete_powder":4953,"minecraft:cherry_sapling":39,"minecraft:terracotta":5412,"minecraft:iron_chestplate":18,"minecraft:anvil":484,"minecraft:prismarine_shard":2230,"minecraft:golden_sword":4,"minecraft:soul_soil":189,"minecraft:red_nether_bricks":87,"minecraft:gold_nugget":1,"minecraft:black_glazed_terracotta":17,"minecraft:spruce_planks":642,"minecraft:azalea_leaves":2603,"minecraft:enchanted_golden_apple":2,"minecraft:coal_block":99,"minecraft:mangrove_log":103,"minecraft:golden_helmet":8,"minecraft:magenta_concrete_powder":220,"minecraft:green_bed":4,"minecraft:warped_planks":504,"minecraft:black_dye":1030,"minecraft:bamboo_block":6,"minecraft:light_gray_bed":2,"minecraft:light_blue_wool":112,"minecraft:blue_dye":523,"minecraft:cyan_terracotta":25,"minecraft:mangrove_door":1,"minecraft:host_armor_trim_smithing_template":1,"minecraft:birch_log":1514,"minecraft:magma_block":348,"minecraft:cherry_leaves":29,"minecraft:iron_door":12,"minecraft:acacia_leaves":106,"minecraft:green_concrete_powder":49,"minecraft:stripped_spruce_wood":183,"minecraft:gray_concrete":526,"minecraft:mangrove_slab":6,"minecraft:disc_fragment_5":1,"minecraft:glowstone_dust":95,"minecraft:pitcher_pod":3,"minecraft:warped_wart_block":4404,"minecraft:dropper":11,"minecraft:granite_slab":262,"minecraft:dark_oak_log":25447,"minecraft:bundle":21,"minecraft:stripped_acacia_log":141,"minecraft:writable_book":19,"minecraft:deepslate_gold_ore":89,"minecraft:bread":56,"minecraft:dark_oak_fence":1214,"minecraft:coarse_dirt":1527,"minecraft:purple_wool":667,"minecraft:nether_wart":766,"minecraft:mourner_pottery_sherd":4,"minecraft:orange_stained_glass_pane":181,"minecraft:dead_tube_coral":1,"minecraft:stripped_mangrove_log":182,"minecraft:compass":143,"minecraft:music_disc_otherside":5,"minecraft:beef":900,"minecraft:cyan_wool":1167,"minecraft:chest":908,"minecraft:raw_copper_block":378,"minecraft:glow_item_frame":112,"minecraft:amethyst_cluster":70,"minecraft:carrot":450,"minecraft:redstone":2779,"minecraft:prismarine_crystals":2774,"minecraft:polished_granite_stairs":44,"minecraft:beetroot_seeds":6,"minecraft:tube_coral_fan":132,"minecraft:shears":34,"minecraft:diamond_boots":16,"minecraft:cut_copper":18,"minecraft:warped_sign":18,"minecraft:gold_ingot":111,"minecraft:glow_berries":84,"minecraft:white_wool":3106,"minecraft:lapis_ore":15,"minecraft:stripped_oak_log":339,"minecraft:red_mushroom":362,"minecraft:filled_map":1157,"minecraft:blue_bed":5,"minecraft:stone_bricks":3274,"minecraft:music_disc_far":4,"minecraft:prismarine_brick_stairs":12,"minecraft:white_stained_glass_pane":26,"minecraft:dark_oak_slab":4684,"minecraft:sculk":69,"minecraft:gravel":18620,"minecraft:dead_fire_coral_block":1,"minecraft:spruce_sapling":557,"minecraft:red_stained_glass":2366,"minecraft:purple_bed":3,"minecraft:polished_diorite":317,"minecraft:stone_axe":7,"minecraft:light_blue_carpet":6,"minecraft:diamond_axe":13,"minecraft:stripped_dark_oak_log":385,"minecraft:brown_banner":2,"minecraft:crimson_nylium":125,"minecraft:mangrove_propagule":1,"minecraft:wheat":1735,"minecraft:exposed_copper":71,"minecraft:redstone_block":14,"minecraft:light_gray_shulker_box":6,"minecraft:raw_copper":3840,"minecraft:smooth_stone_slab":36,"minecraft:armor_stand":36,"minecraft:netherite_ingot":1,"minecraft:sea_pickle":162,"minecraft:deepslate_tiles":3,"minecraft:black_shulker_box":96,"minecraft:dark_oak_leaves":1934,"minecraft:redstone_torch":9,"minecraft:calcite":621,"minecraft:iron_boots":8,"minecraft:stick":3580,"minecraft:orange_shulker_box":35,"minecraft:snow_block":21959,"minecraft:pointed_dripstone":1037,"minecraft:green_wool":191,"minecraft:fire_coral_fan":2,"minecraft:cod":59,"minecraft:crimson_hyphae":21,"minecraft:magma_cream":132,"minecraft:light_gray_dye":399,"minecraft:acacia_boat":23,"minecraft:polished_granite":1940,"minecraft:leather_boots":12,"minecraft:cobbled_deepslate_slab":226,"minecraft:light_blue_dye":21,"minecraft:ghast_tear":6,"minecraft:black_terracotta":355,"minecraft:pink_stained_glass_pane":30,"minecraft:axolotl_bucket":17,"minecraft:polished_blackstone_slab":140,"minecraft:sand":42732,"minecraft:shulker_box":2702,"minecraft:orange_wool":109,"minecraft:dark_prismarine":75,"minecraft:light_gray_concrete":7711,"minecraft:spruce_fence_gate":109,"minecraft:clay":244,"minecraft:white_concrete":16498,"minecraft:oak_sapling":400,"minecraft:cocoa_beans":2132,"minecraft:charcoal":168,"minecraft:mud_brick_slab":8,"minecraft:stone_stairs":3614,"minecraft:iron_axe":2,"minecraft:orange_concrete":17,"minecraft:warped_fence":17,"minecraft:cyan_carpet":361,"minecraft:candle":89,"minecraft:andesite_stairs":186,"minecraft:oak_boat":13,"minecraft:player_head":844,"minecraft:light_gray_wool":3206,"minecraft:tinted_glass":3,"minecraft:spruce_trapdoor":432,"minecraft:orange_dye":164,"minecraft:music_disc_relic":1,"minecraft:bowl":3,"minecraft:gray_dye":410,"minecraft:stone_button":116,"minecraft:iron_horse_armor":7,"minecraft:arrow":3575,"minecraft:light_blue_stained_glass_pane":244,"minecraft:golden_hoe":4,"minecraft:saddle":19,"minecraft:soul_campfire":6,"minecraft:cracked_deepslate_tiles":1,"minecraft:crimson_stem":284,"minecraft:glow_ink_sac":309,"minecraft:birch_planks":408,"minecraft:cobblestone_stairs":294,"minecraft:wooden_hoe":3,"minecraft:deepslate_tile_slab":2,"minecraft:cut_copper_slab":32,"minecraft:fire_coral_block":413,"minecraft:stripped_oak_wood":4,"minecraft:soul_sand":413,"minecraft:green_dye":109,"minecraft:book":295,"minecraft:scaffolding":9029,"minecraft:pumpkin":155,"minecraft:birch_boat":19,"minecraft:red_concrete_powder":2,"minecraft:brain_coral_fan":2,"minecraft:dripstone_block":760,"minecraft:raw_iron_block":25,"minecraft:magenta_stained_glass_pane":45,"minecraft:mud_brick_wall":35,"minecraft:white_bed":11,"minecraft:green_carpet":16,"minecraft:stripped_jungle_log":1468,"minecraft:cyan_banner":27,"minecraft:lime_dye":26,"minecraft:stripped_jungle_wood":36,"minecraft:iron_helmet":10,"minecraft:coal":5681,"minecraft:purple_concrete_powder":131,"minecraft:stone_slab":2919,"minecraft:smithing_table":3,"minecraft:lead":86,"minecraft:purple_shulker_box":38,"minecraft:wayfinder_armor_trim_smithing_template":2,"minecraft:shroomlight":232,"minecraft:cherry_boat":2,"minecraft:diamond_leggings":20,"minecraft:warped_slab":220,"minecraft:bubble_coral":2,"minecraft:hopper_minecart":4,"minecraft:polished_blackstone_brick_slab":19,"minecraft:big_dripleaf":60,"minecraft:acacia_log":1140,"minecraft:cyan_stained_glass":875,"minecraft:cut_copper_stairs":79,"minecraft:golden_axe":2,"minecraft:lightning_rod":144,"minecraft:honeycomb_block":55,"minecraft:golden_chestplate":10,"minecraft:pink_terracotta":7,"minecraft:brown_carpet":297,"minecraft:honey_bottle":13,"minecraft:horn_coral_fan":2,"minecraft:polished_basalt":2669,"minecraft:blackstone_wall":6,"minecraft:red_tulip":37,"minecraft:bookshelf":635,"minecraft:white_terracotta":1019,"minecraft:waxed_cut_copper":3,"minecraft:iron_bars":279,"minecraft:cooked_beef":151,"minecraft:copper_block":2192,"minecraft:flint":1727,"minecraft:purple_stained_glass":170,"minecraft:cyan_concrete_powder":617,"minecraft:purple_carpet":102,"minecraft:warped_hyphae":1,"minecraft:dark_oak_sign":328,"minecraft:rabbit":4,"minecraft:diamond_helmet":13,"minecraft:honeycomb":150,"minecraft:glow_lichen":1014,"minecraft:stripped_crimson_stem":97,"minecraft:stripped_spruce_log":1066,"minecraft:polished_andesite":3603,"minecraft:blue_terracotta":43,"minecraft:angler_pottery_sherd":7,"minecraft:lever":207,"minecraft:blue_banner":8,"minecraft:jack_o_lantern":239,"minecraft:crimson_roots":286,"minecraft:mangrove_button":2,"minecraft:bee_nest":6,"minecraft:leather_leggings":7,"minecraft:dragon_head":5,"minecraft:purpur_block":254,"minecraft:yellow_candle":13,"minecraft:heavy_weighted_pressure_plate":35,"minecraft:cornflower":235,"minecraft:elytra":16,"minecraft:acacia_door":8,"minecraft:flint_and_steel":19,"minecraft:white_carpet":47,"minecraft:brown_stained_glass_pane":150,"minecraft:stripped_warped_stem":2255,"minecraft:poppy":157,"minecraft:spruce_slab":1210,"minecraft:copper_ore":419,"minecraft:waxed_oxidized_copper":1,"minecraft:diamond_hoe":1,"minecraft:lime_shulker_box":171,"minecraft:black_stained_glass":407,"minecraft:white_dye":366,"minecraft:jungle_fence_gate":75,"minecraft:cyan_shulker_box":423,"minecraft:netherite_pickaxe":1,"minecraft:mangrove_trapdoor":9,"minecraft:cracked_deepslate_bricks":2,"minecraft:yellow_terracotta":161,"minecraft:emerald_ore":156,"minecraft:clock":3,"minecraft:tripwire_hook":16,"minecraft:fern":577,"minecraft:red_glazed_terracotta":124,"minecraft:yellow_dye":144,"minecraft:lily_pad":19,"minecraft:apple":383,"minecraft:spore_blossom":20,"minecraft:yellow_stained_glass":811,"minecraft:stone_pickaxe":12,"minecraft:blade_pottery_sherd":6,"minecraft:magenta_stained_glass":664,"minecraft:dark_oak_stairs":1369,"minecraft:polished_andesite_stairs":295,"minecraft:sweet_berries":716,"minecraft:red_wool":1935,"minecraft:crying_obsidian":80,"minecraft:leather_helmet":6,"minecraft:oak_wood":2,"minecraft:coal_ore":3296,"minecraft:slime_ball":33,"minecraft:snort_pottery_sherd":5,"minecraft:smooth_quartz_slab":8,"minecraft:hopper":56,"minecraft:black_carpet":411,"minecraft:ender_chest":94,"minecraft:lapis_block":39,"minecraft:deepslate_lapis_ore":69,"minecraft:red_candle":62,"minecraft:purple_banner":1,"minecraft:experience_bottle":37,"minecraft:smooth_stone":1322,"minecraft:red_dye":72,"minecraft:rose_bush":726,"minecraft:cobblestone_slab":87,"minecraft:azalea":282,"minecraft:iron_pickaxe":4,"minecraft:smooth_quartz_stairs":22,"minecraft:blue_wool":74,"minecraft:diorite":3528,"minecraft:vine":92,"minecraft:rotten_flesh":1889,"minecraft:brown_shulker_box":318,"minecraft:deepslate_copper_ore":30,"minecraft:chorus_flower":53,"minecraft:deepslate_brick_stairs":11,"minecraft:blaze_powder":8,"minecraft:cobblestone":25935,"minecraft:lilac":544,"minecraft:raiser_armor_trim_smithing_template":2,"minecraft:repeater":9,"minecraft:orange_carpet":3,"minecraft:black_bed":16,"minecraft:golden_leggings":5,"minecraft:beacon":32,"minecraft:potato":225,"minecraft:stripped_birch_log":27,"minecraft:name_tag":31,"minecraft:mangrove_fence":4,"minecraft:acacia_planks":182,"minecraft:granite_wall":62,"minecraft:small_dripleaf":10,"minecraft:popped_chorus_fruit":92,"minecraft:mossy_stone_bricks":146,"minecraft:bamboo":2808,"minecraft:cyan_concrete":2967,"minecraft:brown_stained_glass":61,"minecraft:grass_block":9302,"minecraft:mossy_cobblestone":185,"minecraft:light_gray_terracotta":998,"minecraft:sugar":55,"minecraft:yellow_carpet":1,"minecraft:yellow_stained_glass_pane":240,"minecraft:grass":514,"minecraft:bone_meal":706,"minecraft:golden_apple":20,"minecraft:emerald":307,"minecraft:andesite_slab":25,"minecraft:splash_potion":27,"minecraft:packed_ice":20514,"minecraft:brown_mushroom":131,"minecraft:stone_brick_wall":288,"minecraft:chain":370,"minecraft:shield":17,"minecraft:orange_stained_glass":1450,"minecraft:oak_trapdoor":51,"minecraft:magenta_wool":1641,"minecraft:blackstone":10959,"minecraft:end_stone":142,"minecraft:cherry_stairs":1,"minecraft:polished_blackstone_bricks":500,"minecraft:stone_pressure_plate":3,"minecraft:purple_candle":1,"minecraft:blue_concrete_powder":62,"minecraft:red_shulker_box":451,"minecraft:tube_coral":101,"minecraft:pumpkin_pie":218,"minecraft:pink_tulip":17,"minecraft:brick_stairs":315,"minecraft:purple_dye":45,"minecraft:basalt":7690,"minecraft:dark_oak_button":151,"minecraft:golden_carrot":436,"minecraft:ice":41805,"minecraft:granite_stairs":24,"minecraft:chainmail_chestplate":6,"minecraft:cobbled_deepslate_stairs":195,"minecraft:orange_terracotta":61,"minecraft:red_carpet":195,"minecraft:pearlescent_froglight":64,"minecraft:spruce_wood":163,"minecraft:polished_andesite_slab":448,"minecraft:verdant_froglight":63,"minecraft:pink_bed":1,"minecraft:warped_fungus":192,"minecraft:quartz":2428,"minecraft:dandelion":337,"minecraft:lava_bucket":4,"minecraft:soul_torch":124,"minecraft:green_stained_glass":870,"minecraft:red_banner":9,"minecraft:light_blue_concrete_powder":48,"minecraft:polished_diorite_stairs":90,"minecraft:pumpkin_seeds":363,"minecraft:sculk_sensor":4,"minecraft:chainmail_leggings":3,"minecraft:damaged_anvil":7,"minecraft:dark_oak_wood":43,"minecraft:sunflower":558,"minecraft:wooden_axe":3,"minecraft:seagrass":10,"minecraft:birch_door":2,"minecraft:chainmail_boots":4,"minecraft:flower_pot":97,"minecraft:diamond_sword":31,"minecraft:wither_rose":23,"minecraft:brewing_stand":13,"minecraft:polished_deepslate_wall":94,"minecraft:amethyst_block":1062,"minecraft:dark_oak_trapdoor":1126,"minecraft:explorer_pottery_sherd":3,"minecraft:blue_stained_glass_pane":30,"minecraft:orange_concrete_powder":46,"minecraft:cobbled_deepslate":9335,"minecraft:acacia_sign":13,"minecraft:written_book":24,"minecraft:netherite_upgrade_smithing_template":3,"minecraft:melon_slice":165,"minecraft:dark_oak_door":87,"minecraft:sheaf_pottery_sherd":1,"minecraft:cherry_log":45,"minecraft:gray_stained_glass_pane":78,"minecraft:waxed_cut_copper_stairs":3,"minecraft:tropical_fish":76,"minecraft:iron_block":2269,"minecraft:mossy_cobblestone_slab":36,"minecraft:oxidized_copper":323,"minecraft:birch_slab":1,"minecraft:jungle_log":7779,"minecraft:powder_snow_bucket":1,"minecraft:map":53,"minecraft:brown_candle":1,"minecraft:light_gray_concrete_powder":4543,"minecraft:twisting_vines":12,"minecraft:chipped_anvil":3,"minecraft:gray_terracotta":71,"minecraft:moss_block":1653,"minecraft:ink_sac":4993,"minecraft:loom":33,"minecraft:red_terracotta":1400,"minecraft:barrel":225,"minecraft:quartz_bricks":2,"minecraft:dispenser":163,"minecraft:black_concrete_powder":6180,"minecraft:green_concrete":1,"minecraft:polished_granite_slab":424,"minecraft:plenty_pottery_sherd":3,"minecraft:bricks":1118,"minecraft:lime_stained_glass_pane":42,"minecraft:spruce_leaves":7588,"minecraft:crafting_table":566,"minecraft:bubble_coral_fan":3,"minecraft:crimson_trapdoor":8,"minecraft:jungle_trapdoor":145,"minecraft:red_bed":2,"minecraft:snow":10771,"minecraft:cracked_stone_bricks":280,"minecraft:cartography_table":7,"minecraft:deepslate_diamond_ore":134,"minecraft:iron_nugget":1275,"minecraft:egg":789,"minecraft:sandstone":12156,"minecraft:polished_deepslate_slab":1374,"minecraft:spruce_fence":2,"minecraft:mushroom_stem":257,"minecraft:blue_carpet":2,"minecraft:tnt":16,"minecraft:peony":406,"minecraft:deepslate_bricks":35,"minecraft:white_shulker_box":118,"minecraft:crimson_slab":95,"minecraft:chiseled_bookshelf":5,"minecraft:red_mushroom_block":952,"minecraft:ochre_froglight":64,"minecraft:oak_log":2105,"minecraft:brown_concrete":633,"minecraft:ancient_debris":10,"minecraft:golden_boots":4,"minecraft:white_banner":74,"minecraft:kelp":2368,"minecraft:cobweb":51,"minecraft:glass_bottle":152,"minecraft:mangrove_planks":19,"minecraft:iron_sword":12,"minecraft:flowering_azalea":117,"minecraft:yellow_concrete":37,"minecraft:spruce_log":10325,"minecraft:sea_lantern":3020,"minecraft:firework_rocket":6169,"minecraft:purple_glazed_terracotta":392,"minecraft:redstone_ore":6,"minecraft:gray_wool":671,"minecraft:warped_roots":1747,"minecraft:melon_seeds":9,"minecraft:warped_nylium":226,"minecraft:pink_dye":183,"minecraft:ender_pearl":8981,"minecraft:shulker_shell":128,"minecraft:chiseled_deepslate":145,"minecraft:iron_trapdoor":66,"minecraft:green_stained_glass_pane":60,"minecraft:potion":80,"minecraft:crimson_planks":12,"minecraft:oak_hanging_sign":22,"minecraft:iron_leggings":14,"minecraft:sticky_piston":12,"minecraft:pink_shulker_box":224,"minecraft:oak_sign":150,"minecraft:furnace":110,"minecraft:deepslate_brick_wall":3,"minecraft:brown_terracotta":2025,"minecraft:torch":5030,"minecraft:porkchop":16,"minecraft:dried_kelp":5,"minecraft:target":1,"minecraft:yellow_concrete_powder":22,"minecraft:blue_stained_glass":193,"minecraft:quartz_block":138,"minecraft:nether_gold_ore":58,"minecraft:cactus":1085,"minecraft:leather_horse_armor":1,"minecraft:nautilus_shell":10,"minecraft:magenta_dye":130,"minecraft:tuff":3055,"minecraft:warped_trapdoor":29,"minecraft:danger_pottery_sherd":1,"minecraft:horn_coral":4,"minecraft:green_shulker_box":21,"minecraft:lapis_lazuli":1211,"minecraft:raw_gold":384,"minecraft:green_candle":2,"minecraft:deepslate_brick_slab":287,"minecraft:bell":3,"minecraft:powered_rail":53,"minecraft:oak_planks":159,"minecraft:stone_hoe":1,"minecraft:brain_coral":2,"minecraft:pink_stained_glass":680,"minecraft:pink_concrete":343,"minecraft:cooked_porkchop":202,"minecraft:music_disc_13":4,"minecraft:bamboo_raft":15,"minecraft:jungle_planks":214,"minecraft:lily_of_the_valley":28,"minecraft:cyan_bed":19,"minecraft:exposed_cut_copper":3,"minecraft:black_concrete":7158,"minecraft:mangrove_wood":11,"minecraft:diamond":552,"minecraft:spruce_boat":28,"minecraft:polished_blackstone_button":5,"minecraft:nether_star":2,"minecraft:lingering_potion":1,"minecraft:end_stone_bricks":196,"minecraft:allium":127,"minecraft:chicken":72,"minecraft:wooden_pickaxe":2,"minecraft:gold_block":5,"minecraft:diamond_horse_armor":8,"minecraft:wooden_sword":15,"minecraft:item_frame":603,"minecraft:detector_rail":8,"minecraft:echo_shard":2,"minecraft:observer":37,"minecraft:lectern":61,"minecraft:sugar_cane":1776,"minecraft:blue_shulker_box":204,"minecraft:phantom_membrane":47,"minecraft:dark_oak_sapling":3930,"minecraft:raw_iron":1406,"minecraft:copper_ingot":232,"minecraft:red_stained_glass_pane":406,"minecraft:magenta_shulker_box":2,"minecraft:friend_pottery_sherd":1,"minecraft:dark_oak_planks":2972,"minecraft:lime_stained_glass":824,"minecraft:salmon":155,"minecraft:carrot_on_a_stick":3,"minecraft:waxed_copper_block":55,"minecraft:nether_wart_block":1407,"minecraft:podzol":94,"minecraft:waxed_weathered_cut_copper":1,"minecraft:acacia_sapling":273,"minecraft:purple_concrete":1514,"minecraft:oak_slab":42,"minecraft:bamboo_planks":1,"minecraft:pitcher_plant":11,"minecraft:chiseled_stone_bricks":4824,"minecraft:blast_furnace":5,"minecraft:gold_ore":30,"minecraft:dark_oak_fence_gate":445,"minecraft:spider_eye":1552,"minecraft:dried_kelp_block":16,"minecraft:campfire":31,"minecraft:honey_block":511,"minecraft:black_wool":11327,"minecraft:acacia_slab":31,"minecraft:magenta_concrete":714,"minecraft:red_concrete":433}},"DataVersion":3463}