{"stats":{"minecraft:used":{"minecraft:structure_block":18,"minecraft:writable_book":1,"minecraft:anvil":1,"minecraft:daylight_detector":6,"minecraft:villager_spawn_egg":1,"minecraft:lodestone":1,"minecraft:netherite_hoe":1,"minecraft:chest":3,"minecraft:compass":3,"minecraft:cut_sandstone":9,"minecraft:observer":1,"minecraft:hopper_minecart":1,"minecraft:obsidian":19,"minecraft:stone_hoe":1},"minecraft:dropped":{"minecraft:gold_nugget":1,"minecraft:rotten_flesh":2,"minecraft:wheat_seeds":640},"minecraft:custom":{"minecraft:time_since_rest":19500004,"minecraft:open_chest":1,"minecraft:deaths":2,"minecraft:crouch_one_cm":729,"minecraft:play_time":32513964,"minecraft:sprint_one_cm":21734,"minecraft:inspect_dropper":1,"minecraft:open_enderchest":1,"minecraft:damage_taken":60,"minecraft:walk_one_cm":49192,"minecraft:sneak_time":88561,"minecraft:walk_under_water_one_cm":468932,"minecraft:interact_with_anvil":5,"minecraft:drop":13,"minecraft:jump":73,"minecraft:leave_game":781,"minecraft:walk_on_water_one_cm":178326,"minecraft:time_since_death":19499979,"minecraft:sleep_in_bed":1,"minecraft:total_world_time":32513964,"minecraft:fall_one_cm":211,"minecraft:fly_one_cm":57200535},"minecraft:picked_up":{"minecraft:wheat":1,"minecraft:rotten_flesh":3,"minecraft:wheat_seeds":132,"minecraft:gold_nugget":1}},"DataVersion":3463}