{"stats":{"minecraft:broken":{"minecraft:diamond_helmet":1,"minecraft:shears":29,"minecraft:iron_leggings":2,"minecraft:diamond_shovel":1,"minecraft:diamond_leggings":1,"minecraft:shield":1,"minecraft:iron_pickaxe":1,"minecraft:wooden_hoe":1,"minecraft:iron_shovel":3,"minecraft:diamond_boots":1,"minecraft:stone_axe":2,"minecraft:diamond_chestplate":1,"minecraft:diamond_axe":3,"minecraft:iron_chestplate":1,"minecraft:stone_sword":7,"minecraft:iron_axe":1,"minecraft:iron_helmet":3,"minecraft:golden_helmet":1,"minecraft:flint_and_steel":2},"minecraft:used":{"minecraft:moss_block":9615,"minecraft:writable_book":72,"minecraft:chiseled_deepslate":8,"minecraft:dispenser":153,"minecraft:poppy":1,"minecraft:black_carpet":1,"minecraft:stone":11669,"minecraft:warped_sign":2,"minecraft:rotten_flesh":60,"minecraft:waxed_weathered_cut_copper_stairs":2,"minecraft:weathered_copper":10,"minecraft:soul_sand":546,"minecraft:cocoa_beans":200,"minecraft:cracked_deepslate_tiles":2,"minecraft:deepslate_brick_slab":34,"minecraft:snowball":179,"minecraft:weeping_vines":2,"minecraft:polished_blackstone_slab":32,"minecraft:jungle_sapling":4,"minecraft:spruce_boat":84,"minecraft:packed_ice":3675,"minecraft:lava_bucket":404,"minecraft:stripped_dark_oak_wood":24,"minecraft:quartz_pillar":1,"minecraft:jungle_fence_gate":20,"minecraft:deepslate_copper_ore":17,"minecraft:quartz_block":5144,"minecraft:netherite_hoe":12250,"minecraft:dark_oak_leaves":2,"minecraft:waxed_weathered_cut_copper":19,"minecraft:netherite_boots":16,"minecraft:bow":3236,"minecraft:cooked_cod":19,"minecraft:oak_sapling":26,"minecraft:acacia_fence":4,"minecraft:green_stained_glass_pane":466,"minecraft:mossy_stone_bricks":2,"minecraft:leather_leggings":1,"minecraft:damaged_anvil":11,"minecraft:chorus_fruit":3,"minecraft:prismarine":35,"minecraft:blackstone":86,"minecraft:cactus":129,"minecraft:wooden_pickaxe":4,"minecraft:clay":660,"minecraft:composter":229,"minecraft:jungle_boat":22,"minecraft:golden_apple":5,"minecraft:glow_berries":97,"minecraft:pitcher_pod":5,"minecraft:blast_furnace":5,"minecraft:weathered_cut_copper_slab":1,"minecraft:purple_terracotta":1081,"minecraft:deepslate_brick_stairs":12,"minecraft:purple_concrete_powder":8,"minecraft:birch_slab":20,"minecraft:deepslate_iron_ore":120,"minecraft:oak_pressure_plate":19,"minecraft:flowering_azalea_leaves":206,"minecraft:coal_block":8,"minecraft:diamond_sword":10257,"minecraft:smithing_table":7,"minecraft:birch_log":55,"minecraft:oak_boat":125,"minecraft:oak_trapdoor":3350,"minecraft:enchanting_table":16,"minecraft:dead_bush":2,"minecraft:carved_pumpkin":62,"minecraft:armor_stand":9,"minecraft:light_gray_carpet":69,"minecraft:tinted_glass":1901,"minecraft:torch":8448,"minecraft:brewing_stand":15,"minecraft:light_blue_dye":1,"minecraft:nether_quartz_ore":554,"minecraft:chainmail_chestplate":1,"minecraft:yellow_carpet":3,"minecraft:mud_brick_stairs":55,"minecraft:fern":156,"minecraft:oak_fence_gate":113,"minecraft:chipped_anvil":17,"minecraft:iron_block":1731,"minecraft:muddy_mangrove_roots":30,"minecraft:polished_deepslate_wall":1089,"minecraft:jungle_log":419,"minecraft:barrel":110,"minecraft:bamboo":45,"minecraft:diamond_chestplate":15,"minecraft:basalt":2942,"minecraft:magenta_terracotta":18,"minecraft:podzol":20,"minecraft:cherry_log":5,"minecraft:calcite":1,"minecraft:wheat_seeds":11422,"minecraft:warped_stem":235,"minecraft:light_blue_shulker_box":191,"minecraft:tube_coral_block":12,"minecraft:birch_planks":731,"minecraft:bundle":84,"minecraft:lead":2,"minecraft:blue_concrete_powder":8,"minecraft:cauldron":70,"minecraft:glow_ink_sac":2,"minecraft:leather_boots":3,"minecraft:spruce_fence_gate":31,"minecraft:gold_ore":31,"minecraft:deepslate_bricks":1158,"minecraft:rail":1109,"minecraft:red_bed":10,"minecraft:crimson_trapdoor":195,"minecraft:sculk_shrieker":1,"minecraft:white_bed":42,"minecraft:campfire":22,"minecraft:spruce_log":147,"minecraft:amethyst_cluster":35,"minecraft:diamond_pickaxe":250336,"minecraft:warped_trapdoor":103,"minecraft:diamond_shovel":67986,"minecraft:oak_button":6,"minecraft:suspicious_stew":4,"minecraft:spruce_pressure_plate":13,"minecraft:leather_helmet":3,"minecraft:spruce_trapdoor":772,"minecraft:magenta_concrete_powder":8,"minecraft:spruce_sapling":710,"minecraft:green_carpet":108,"minecraft:potion":46,"minecraft:azalea_leaves":793,"minecraft:crimson_stairs":12,"minecraft:cooked_porkchop":98,"minecraft:brush":173,"minecraft:stripped_oak_log":8,"minecraft:dandelion":3,"minecraft:diamond_leggings":19,"minecraft:cherry_sapling":12,"minecraft:moss_carpet":2329,"minecraft:blue_terracotta":1682,"minecraft:red_sand":1,"minecraft:polished_deepslate":6,"minecraft:light_gray_stained_glass_pane":8,"minecraft:melon":97,"minecraft:bone_block":197,"minecraft:polished_basalt":4,"minecraft:nether_wart":1334,"minecraft:stripped_jungle_wood":3,"minecraft:grass":393,"minecraft:stripped_crimson_stem":9,"minecraft:soul_campfire":1,"minecraft:spruce_leaves":165,"minecraft:jungle_planks":249,"minecraft:furnace_minecart":1,"minecraft:beehive":144,"minecraft:obsidian":240,"minecraft:honey_bottle":80,"minecraft:big_dripleaf":19,"minecraft:bricks":295,"minecraft:mangrove_log":8,"minecraft:lantern":101,"minecraft:warped_nylium":11,"minecraft:light_blue_bed":9,"minecraft:item_frame":111,"minecraft:birch_button":8,"minecraft:deepslate_diamond_ore":5,"minecraft:golden_sword":2,"minecraft:written_book":56,"minecraft:mangrove_roots":38,"minecraft:blue_shulker_box":58,"minecraft:gold_block":20,"minecraft:pink_concrete_powder":8,"minecraft:dark_oak_sapling":520,"minecraft:mangrove_leaves":5,"minecraft:torchflower":2,"minecraft:diamond_boots":11,"minecraft:end_rod":42,"minecraft:dropper":178,"minecraft:wither_skeleton_skull":46,"minecraft:stone_pickaxe":60,"minecraft:gray_carpet":1266,"minecraft:jungle_fence":173,"minecraft:oak_planks":1523,"minecraft:sandstone":146,"minecraft:diamond_axe":33326,"minecraft:sugar_cane":99,"minecraft:white_wool":74,"minecraft:netherite_leggings":14,"minecraft:light_blue_wool":4,"minecraft:crossbow":66,"minecraft:ochre_froglight":124,"minecraft:lingering_potion":1,"minecraft:end_stone":112,"minecraft:deepslate_lapis_ore":14,"minecraft:sticky_piston":289,"minecraft:black_terracotta":11,"minecraft:lever":54,"minecraft:dark_oak_log":1977,"minecraft:nether_sprouts":30,"minecraft:bread":46,"minecraft:brown_wool":2,"minecraft:iron_door":1,"minecraft:deepslate":76,"minecraft:pufferfish_bucket":3,"minecraft:light_blue_concrete_powder":8,"minecraft:chain":24,"minecraft:waxed_oxidized_cut_copper_stairs":18,"minecraft:smooth_stone_slab":66,"minecraft:coarse_dirt":581,"minecraft:bone_meal":5318,"minecraft:orange_concrete_powder":128,"minecraft:netherite_sword":6306,"minecraft:rose_bush":8,"minecraft:white_tulip":13,"minecraft:crimson_fence":32,"minecraft:flint_and_steel":470,"minecraft:redstone":2085,"minecraft:ender_chest":428,"minecraft:brown_shulker_box":54,"minecraft:deepslate_gold_ore":33,"minecraft:cooked_chicken":30,"minecraft:dried_kelp_block":3,"minecraft:dirt":9263,"minecraft:bee_nest":20,"minecraft:golden_chestplate":2,"minecraft:spruce_fence":970,"minecraft:wooden_axe":42,"minecraft:brown_terracotta":1,"minecraft:light_gray_stained_glass":410,"minecraft:oak_stairs":132,"minecraft:smooth_sandstone":273,"minecraft:crimson_slab":3889,"minecraft:iron_boots":6,"minecraft:yellow_concrete_powder":128,"minecraft:soul_soil":6673,"minecraft:pitcher_plant":12,"minecraft:lime_stained_glass":356,"minecraft:deepslate_tile_stairs":65,"minecraft:minecart":16,"minecraft:netherite_pickaxe":60098,"minecraft:cyan_concrete_powder":642,"minecraft:cooked_beef":727,"minecraft:turtle_egg":6,"minecraft:powder_snow_bucket":81,"minecraft:pumpkin":717,"minecraft:light_gray_bed":23,"minecraft:iron_leggings":9,"minecraft:cobblestone_stairs":148,"minecraft:snow_block":292,"minecraft:baked_potato":2,"minecraft:birch_boat":30,"minecraft:brown_mushroom":29,"minecraft:spruce_sign":2,"minecraft:sniffer_egg":4,"minecraft:green_bed":638,"minecraft:warped_roots":12,"minecraft:music_disc_cat":5,"minecraft:red_mushroom":50,"minecraft:spider_eye":6,"minecraft:gray_terracotta":27,"minecraft:wooden_hoe":107,"minecraft:piston":356,"minecraft:flower_pot":115,"minecraft:chicken":1,"minecraft:lapis_ore":49,"minecraft:detector_rail":2,"minecraft:jungle_stairs":58,"minecraft:stone_slab":82,"minecraft:stone_axe":342,"minecraft:magenta_banner":1,"minecraft:pink_petals":19,"minecraft:crimson_fungus":932,"minecraft:cobbled_deepslate_slab":145,"minecraft:pink_shulker_box":38,"minecraft:pumpkin_pie":18,"minecraft:sea_pickle":2,"minecraft:gray_wool":108,"minecraft:birch_stairs":303,"minecraft:peony":4,"minecraft:spruce_slab":1943,"minecraft:polished_blackstone":11,"minecraft:elytra":22,"minecraft:ladder":98,"minecraft:green_banner":64,"minecraft:chest":819,"minecraft:white_shulker_box":202,"minecraft:brick_slab":6901,"minecraft:jungle_slab":423,"minecraft:acacia_sapling":69,"minecraft:acacia_button":65,"minecraft:stripped_spruce_log":27,"minecraft:honey_block":271,"minecraft:honeycomb":279,"minecraft:netherite_shovel":62038,"minecraft:warped_hyphae":80,"minecraft:grass_block":15671,"minecraft:polished_andesite_stairs":1571,"minecraft:orange_shulker_box":80,"minecraft:copper_ore":702,"minecraft:wet_sponge":123,"minecraft:stone_brick_stairs":978,"minecraft:snow":974,"minecraft:dark_oak_boat":3,"minecraft:sweet_berries":2239,"minecraft:furnace":72,"minecraft:egg":302,"minecraft:potato":278,"minecraft:brown_concrete_powder":748,"minecraft:magenta_shulker_box":84,"minecraft:light_blue_carpet":2,"minecraft:diorite":104,"minecraft:brick_wall":22,"minecraft:red_stained_glass":98,"minecraft:powered_rail":570,"minecraft:lime_concrete_powder":642,"minecraft:jungle_pressure_plate":1,"minecraft:oak_leaves":28,"minecraft:smooth_quartz_stairs":20,"minecraft:cookie":18,"minecraft:dark_oak_trapdoor":15,"minecraft:sand":502,"minecraft:waxed_weathered_cut_copper_slab":146,"minecraft:blue_ice":51,"minecraft:netherite_helmet":8,"minecraft:oxidized_cut_copper_slab":220,"minecraft:black_concrete_powder":640,"minecraft:pumpkin_seeds":4,"minecraft:lightning_rod":63,"minecraft:deepslate_tiles":6,"minecraft:crying_obsidian":12,"minecraft:verdant_froglight":69,"minecraft:stone_button":44,"minecraft:spore_blossom":5,"minecraft:lectern":311,"minecraft:polished_granite":3,"minecraft:red_terracotta":8429,"minecraft:diamond_ore":7,"minecraft:lilac":29,"minecraft:polished_andesite_slab":5147,"minecraft:soul_lantern":230,"minecraft:green_candle":528,"minecraft:fire_charge":1,"minecraft:wooden_sword":353,"minecraft:white_stained_glass":113,"minecraft:dark_oak_fence":2,"minecraft:green_concrete_powder":645,"minecraft:ice":6465,"minecraft:gray_stained_glass":386,"minecraft:iron_bars":31,"minecraft:stone_sword":533,"minecraft:acacia_log":41,"minecraft:mycelium":3,"minecraft:stripped_warped_stem":5,"minecraft:netherrack":1539,"minecraft:orange_bed":10,"minecraft:light_gray_shulker_box":69,"minecraft:target":60,"minecraft:warped_wart_block":4,"minecraft:anvil":125,"minecraft:twisting_vines":49,"minecraft:crimson_hyphae":5,"minecraft:stone_stairs":2,"minecraft:polished_granite_slab":3,"minecraft:glow_lichen":31,"minecraft:jungle_trapdoor":16,"minecraft:nether_brick_stairs":14,"minecraft:small_dripleaf":1,"minecraft:shroomlight":2,"minecraft:red_shulker_box":552,"minecraft:flowering_azalea":53,"minecraft:cyan_shulker_box":422,"minecraft:rooted_dirt":103,"minecraft:iron_axe":480,"minecraft:brick_stairs":35,"minecraft:slime_block":21,"minecraft:smooth_quartz":534,"minecraft:totem_of_undying":11,"minecraft:mud_bricks":22,"minecraft:melon_seeds":11,"minecraft:waxed_exposed_cut_copper_slab":3,"minecraft:smooth_basalt":360,"minecraft:raw_copper_block":79,"minecraft:iron_trapdoor":37,"minecraft:glowstone":168,"minecraft:gray_glazed_terracotta":18,"minecraft:goat_horn":1,"minecraft:oxidized_copper":80,"minecraft:orange_terracotta":7,"minecraft:cobbled_deepslate":374,"minecraft:observer":623,"minecraft:pointed_dripstone":179,"minecraft:hanging_roots":4,"minecraft:crimson_stem":4580,"minecraft:water_bucket":1207,"minecraft:mangrove_wood":6,"minecraft:sandstone_stairs":19,"minecraft:rabbit":1,"minecraft:yellow_shulker_box":195,"minecraft:cartography_table":3,"minecraft:red_mushroom_block":9,"minecraft:cracked_stone_bricks":752,"minecraft:polished_blackstone_bricks":7,"minecraft:mossy_cobblestone":25,"minecraft:lime_terracotta":1298,"minecraft:comparator":129,"minecraft:tnt":320,"minecraft:oak_slab":1685,"minecraft:crafting_table":279,"minecraft:birch_sign":36,"minecraft:cod":4,"minecraft:lime_shulker_box":211,"minecraft:small_amethyst_bud":33,"minecraft:oak_log":305,"minecraft:mud":8611,"minecraft:stripped_jungle_log":31,"minecraft:sunflower":6,"minecraft:mangrove_propagule":6,"minecraft:iron_pickaxe":480,"minecraft:cyan_concrete":19,"minecraft:crimson_nylium":16,"minecraft:chiseled_stone_bricks":535,"minecraft:cobblestone":1328,"minecraft:red_concrete_powder":640,"minecraft:brown_mushroom_block":216,"minecraft:jukebox":5,"minecraft:sculk_vein":3,"minecraft:kelp":17,"minecraft:candle":5,"minecraft:light_blue_stained_glass_pane":198,"minecraft:iron_shovel":752,"minecraft:diamond_hoe":15689,"minecraft:oak_sign":37,"minecraft:white_concrete_powder":900,"minecraft:shield":180,"minecraft:white_terracotta":15,"minecraft:iron_sword":294,"minecraft:purple_shulker_box":103,"minecraft:bell":108,"minecraft:player_head":50,"minecraft:smooth_sandstone_stairs":28,"minecraft:iron_chestplate":4,"minecraft:sculk_sensor":1,"minecraft:oxidized_cut_copper":47,"minecraft:nether_bricks":93,"minecraft:carrot":384,"minecraft:deepslate_tile_slab":37,"minecraft:tuff":139,"minecraft:milk_bucket":4,"minecraft:glass":224,"minecraft:cyan_terracotta":675,"minecraft:coal_ore":559,"minecraft:quartz_slab":73,"minecraft:packed_mud":2444,"minecraft:dark_oak_wood":442,"minecraft:iron_helmet":5,"minecraft:gray_concrete_powder":641,"minecraft:hopper_minecart":4,"minecraft:stone_bricks":5970,"minecraft:repeater":1468,"minecraft:red_carpet":2,"minecraft:redstone_lamp":150,"minecraft:honeycomb_block":5,"minecraft:magma_block":1968,"minecraft:warped_fungus":3,"minecraft:hay_block":8,"minecraft:scaffolding":416,"minecraft:oxidized_cut_copper_stairs":52,"minecraft:gray_bed":25,"minecraft:beetroot_seeds":166,"minecraft:pearlescent_froglight":74,"minecraft:polished_blackstone_stairs":2,"minecraft:chiseled_polished_blackstone":12,"minecraft:waxed_oxidized_cut_copper_slab":157,"minecraft:dark_oak_sign":1,"minecraft:birch_wood":15,"minecraft:ender_pearl":394,"minecraft:redstone_block":124,"minecraft:large_amethyst_bud":33,"minecraft:yellow_terracotta":369,"minecraft:loom":7,"minecraft:light_gray_terracotta":126,"minecraft:deepslate_redstone_ore":45,"minecraft:sponge":18,"minecraft:note_block":1717,"minecraft:dripstone_block":33,"minecraft:black_bed":233,"minecraft:shears":7029,"minecraft:cobbled_deepslate_stairs":1,"minecraft:exposed_copper":1,"minecraft:redstone_torch":430,"minecraft:light_gray_concrete":231,"minecraft:brown_stained_glass":18,"minecraft:heavy_weighted_pressure_plate":7,"minecraft:black_concrete":1,"minecraft:gray_shulker_box":133,"minecraft:firework_rocket":10492,"minecraft:lime_carpet":3,"minecraft:melon_slice":26,"minecraft:cyan_bed":103,"minecraft:string":63,"minecraft:gravel":868,"minecraft:blackstone_slab":77,"minecraft:granite_slab":1,"minecraft:torchflower_seeds":1,"minecraft:chainmail_boots":1,"minecraft:stripped_oak_wood":2,"minecraft:grindstone":15,"minecraft:medium_amethyst_bud":34,"minecraft:crimson_door":6,"minecraft:andesite":840,"minecraft:warped_button":1,"minecraft:jungle_leaves":730,"minecraft:oak_fence":329,"minecraft:experience_bottle":123,"minecraft:chest_minecart":2,"minecraft:white_concrete":320,"minecraft:cobweb":110,"minecraft:purpur_block":2,"minecraft:azalea":6,"minecraft:trident":33,"minecraft:tropical_fish":31,"minecraft:redstone_ore":4,"minecraft:cracked_deepslate_bricks":6,"minecraft:light_blue_terracotta":328,"minecraft:spruce_planks":839,"minecraft:sculk":6,"minecraft:wooden_shovel":9,"minecraft:oak_door":12,"minecraft:spyglass":1,"minecraft:white_carpet":5,"minecraft:hopper":808,"minecraft:spruce_stairs":999,"minecraft:diamond_helmet":5,"minecraft:shulker_box":3109,"minecraft:oak_wood":3,"minecraft:light_blue_stained_glass":520,"minecraft:raw_iron_block":5,"minecraft:granite":310,"minecraft:stone_brick_slab":435,"minecraft:bookshelf":9557,"minecraft:acacia_slab":12,"minecraft:red_candle":1,"minecraft:golden_carrot":2413,"minecraft:emerald_block":1,"minecraft:stone_pressure_plate":30,"minecraft:red_dye":1,"minecraft:mangrove_boat":27,"minecraft:cooked_mutton":132,"minecraft:amethyst_block":482,"minecraft:pink_tulip":29,"minecraft:iron_ore":323,"minecraft:glass_bottle":48,"minecraft:polished_andesite":392,"minecraft:mud_brick_slab":119,"minecraft:copper_block":811,"minecraft:black_shulker_box":148,"minecraft:beacon":20,"minecraft:stonecutter":51,"minecraft:red_glazed_terracotta":12,"minecraft:cobblestone_slab":383,"minecraft:glow_item_frame":2,"minecraft:polished_blackstone_pressure_plate":5,"minecraft:jungle_wood":139,"minecraft:terracotta":14,"minecraft:stripped_dark_oak_log":279,"minecraft:mangrove_trapdoor":8,"minecraft:lime_bed":409,"minecraft:light_gray_concrete_powder":768,"minecraft:apple":36,"minecraft:painting":52,"minecraft:nether_gold_ore":164,"minecraft:book":30,"minecraft:purple_stained_glass":124,"minecraft:activator_rail":22,"minecraft:cracked_polished_blackstone_bricks":3,"minecraft:map":49,"minecraft:netherite_axe":12328,"minecraft:cracked_nether_bricks":27,"minecraft:fishing_rod":3,"minecraft:green_shulker_box":100,"minecraft:mud_brick_wall":18,"minecraft:white_banner":5,"minecraft:jungle_door":3,"minecraft:red_banner":112,"minecraft:bucket":2532,"minecraft:yellow_bed":22,"minecraft:polished_blackstone_button":2,"minecraft:soul_torch":8,"minecraft:smooth_stone":80,"minecraft:splash_potion":25},"minecraft:killed_by":{"minecraft:zombie_villager":4,"minecraft:ravager":108,"minecraft:pufferfish":1,"minecraft:warden":10,"minecraft:wither":6,"minecraft:drowned":3,"minecraft:skeleton":1,"minecraft:vex":10,"minecraft:stray":1,"minecraft:creeper":2,"minecraft:cave_spider":1,"minecraft:player":150,"minecraft:enderman":1,"minecraft:iron_golem":1},"minecraft:dropped":{"minecraft:iron_sword":17,"minecraft:pink_stained_glass":3,"minecraft:porkchop":3,"minecraft:mud_brick_slab":10,"minecraft:glow_ink_sac":4,"minecraft:cyan_glazed_terracotta":1,"minecraft:glass_bottle":93,"minecraft:diamond":51,"minecraft:crafting_table":50,"minecraft:lime_stained_glass":5,"minecraft:lime_concrete_powder":4,"minecraft:cooked_porkchop":18,"minecraft:red_sandstone":7,"minecraft:weeping_vines":2,"minecraft:glow_berries":9,"minecraft:warped_roots":2,"minecraft:oxidized_cut_copper_slab":1,"minecraft:cracked_stone_bricks":8,"minecraft:quartz_pillar":7,"minecraft:red_mushroom":3,"minecraft:emerald":197,"minecraft:gold_block":1,"minecraft:gray_concrete":4,"minecraft:red_bed":8,"minecraft:dark_oak_fence":10,"minecraft:dark_oak_trapdoor":2,"minecraft:netherite_boots":4,"minecraft:gold_nugget":22,"minecraft:writable_book":3,"minecraft:sand":577,"minecraft:verdant_froglight":1,"minecraft:white_wool":15,"minecraft:dark_oak_planks":6,"minecraft:small_amethyst_bud":1,"minecraft:compass":177,"minecraft:stone_axe":3,"minecraft:goat_horn":1,"minecraft:lever":8,"minecraft:diamond_block":10,"minecraft:iron_nugget":648,"minecraft:obsidian":3,"minecraft:cobbled_deepslate":69,"minecraft:stripped_dark_oak_log":25,"minecraft:wheat":7,"minecraft:grindstone":1,"minecraft:rotten_flesh":395,"minecraft:birch_wood":2,"minecraft:oak_planks":88,"minecraft:glowstone_dust":3,"minecraft:warped_sign":3,"minecraft:quartz_bricks":3,"minecraft:azure_bluet":6,"minecraft:warped_planks":2,"minecraft:blue_stained_glass":3,"minecraft:red_mushroom_block":73,"minecraft:sea_lantern":1,"minecraft:azalea_leaves":82,"minecraft:red_candle":2,"minecraft:coal_ore":21,"minecraft:quartz_block":3,"minecraft:jungle_log":5,"minecraft:leather_boots":958,"minecraft:acacia_sapling":3,"minecraft:leather_leggings":3,"minecraft:red_nether_bricks":3,"minecraft:glass":3221,"minecraft:beef":5,"minecraft:podzol":1,"minecraft:warped_wart_block":3,"minecraft:stone_brick_stairs":9,"minecraft:green_stained_glass":4,"minecraft:brown_concrete":4,"minecraft:golden_boots":5,"minecraft:black_dye":4,"minecraft:wheat_seeds":1989,"minecraft:clock":2,"minecraft:dripstone_block":22,"minecraft:light_gray_stained_glass_pane":17,"minecraft:book":15,"minecraft:prismarine_crystals":4,"minecraft:red_stained_glass":4,"minecraft:deepslate_tile_slab":13,"minecraft:warped_trapdoor":2,"minecraft:yellow_carpet":3,"minecraft:bamboo_block":4,"minecraft:lava_bucket":3,"minecraft:dark_oak_leaves":4,"minecraft:brown_concrete_powder":4,"minecraft:gray_wool":3,"minecraft:ink_sac":11,"minecraft:wooden_axe":1,"minecraft:potion":40,"minecraft:green_glazed_terracotta":5,"minecraft:white_banner":4,"minecraft:red_dye":1,"minecraft:jungle_boat":16,"minecraft:mud":126,"minecraft:chainmail_leggings":2,"minecraft:smooth_sandstone":7,"minecraft:bricks":7,"minecraft:soul_soil":43,"minecraft:acacia_planks":4,"minecraft:stone_brick_slab":64,"minecraft:yellow_concrete_powder":4,"minecraft:netherite_hoe":1,"minecraft:snow_block":2,"minecraft:green_terracotta":4,"minecraft:player_head":39,"minecraft:cocoa_beans":6,"minecraft:sticky_piston":23,"minecraft:stone_shovel":2,"minecraft:red_banner":6,"minecraft:chiseled_red_sandstone":5,"minecraft:green_bed":2,"minecraft:experience_bottle":74,"minecraft:orange_concrete":2,"minecraft:white_carpet":1,"minecraft:clay_ball":38,"minecraft:iron_boots":34,"minecraft:light_gray_concrete":6,"minecraft:shears":8,"minecraft:damaged_anvil":1,"minecraft:cobbled_deepslate_slab":10,"minecraft:oak_sign":26,"minecraft:white_terracotta":16,"minecraft:suspicious_stew":9,"minecraft:diamond_sword":3,"minecraft:spruce_boat":24,"minecraft:flower_pot":5,"minecraft:powder_snow_bucket":2,"minecraft:spruce_trapdoor":40,"minecraft:peony":2,"minecraft:spruce_planks":87,"minecraft:bundle":14,"minecraft:diamond_pickaxe":6,"minecraft:light_blue_carpet":2,"minecraft:bamboo":99,"minecraft:small_dripleaf":1,"minecraft:redstone_torch":22,"minecraft:stone_pressure_plate":10,"minecraft:barrel":8,"minecraft:stone_bricks":197,"minecraft:sandstone":35,"minecraft:red_sand":5,"minecraft:bow":1163,"minecraft:green_concrete_powder":4,"minecraft:crimson_hyphae":1,"minecraft:magma_block":10,"minecraft:brick_slab":31,"minecraft:cyan_bed":3,"minecraft:terracotta":146,"minecraft:oak_log":125,"minecraft:daylight_detector":1,"minecraft:acacia_boat":18,"minecraft:soul_sand":280,"minecraft:moss_block":1795,"minecraft:loom":2,"minecraft:orange_dye":1,"minecraft:warped_fungus":10,"minecraft:polished_granite_slab":1,"minecraft:ender_pearl":26685,"minecraft:large_amethyst_bud":1,"minecraft:purple_glazed_terracotta":1,"minecraft:dark_oak_sapling":7,"minecraft:lime_terracotta":74,"minecraft:leather":88,"minecraft:red_wool":133,"minecraft:chest_minecart":1,"minecraft:honeycomb":950,"minecraft:mangrove_planks":1,"minecraft:jungle_planks":20,"minecraft:iron_horse_armor":2,"minecraft:birch_slab":3,"minecraft:raw_gold_block":37,"minecraft:orange_glazed_terracotta":2,"minecraft:cod":3,"minecraft:cracked_polished_blackstone_bricks":5,"minecraft:redstone_lamp":4,"minecraft:dark_oak_log":78,"minecraft:packed_ice":321,"minecraft:ice":6,"minecraft:mangrove_wood":2,"minecraft:dark_oak_wood":48,"minecraft:snowball":16,"minecraft:black_concrete":4,"minecraft:crimson_door":1,"minecraft:pink_glazed_terracotta":4,"minecraft:pink_terracotta":4,"minecraft:gold_ingot":945,"minecraft:chiseled_polished_blackstone":3,"minecraft:magenta_stained_glass":4,"minecraft:red_glazed_terracotta":4,"minecraft:twisting_vines":42,"minecraft:soul_lantern":20,"minecraft:pointed_dripstone":463,"minecraft:yellow_stained_glass":4,"minecraft:cyan_shulker_box":1,"minecraft:cooked_mutton":21,"minecraft:acacia_stairs":2,"minecraft:mycelium":2,"minecraft:mushroom_stem":19,"minecraft:leather_chestplate":4,"minecraft:trident":2,"minecraft:mangrove_log":4,"minecraft:ochre_froglight":62,"minecraft:oak_wood":2,"minecraft:dropper":5,"minecraft:beetroot_seeds":18,"minecraft:horn_coral_fan":3,"minecraft:acacia_slab":1,"minecraft:purple_concrete_powder":4,"minecraft:iron_ore":10,"minecraft:scaffolding":233,"minecraft:light_gray_concrete_powder":4,"minecraft:white_concrete_powder":4,"minecraft:cracked_nether_bricks":3,"minecraft:polished_granite":7,"minecraft:splash_potion":10,"minecraft:bread":461,"minecraft:vine":1,"minecraft:golden_helmet":1,"minecraft:lilac":11,"minecraft:yellow_concrete":3,"minecraft:netherite_axe":2,"minecraft:mangrove_propagule":3,"minecraft:jungle_wood":16,"minecraft:amethyst_block":4,"minecraft:activator_rail":2,"minecraft:tropical_fish":1,"minecraft:spruce_stairs":153,"minecraft:acacia_log":3,"minecraft:acacia_trapdoor":2,"minecraft:iron_block":9,"minecraft:green_dye":31,"minecraft:repeater":24,"minecraft:light_blue_wool":1,"minecraft:nether_wart_block":4,"minecraft:melon_slice":1,"minecraft:white_concrete":59,"minecraft:mud_brick_stairs":6,"minecraft:iron_door":2,"minecraft:light_gray_stained_glass":4,"minecraft:jungle_door":2,"minecraft:granite_slab":3,"minecraft:jungle_leaves":19,"minecraft:polished_andesite_stairs":2,"minecraft:stonecutter":6,"minecraft:polished_basalt":4,"minecraft:cactus":2,"minecraft:tripwire_hook":2,"minecraft:redstone_block":35,"minecraft:chiseled_sandstone":5,"minecraft:polished_diorite":2,"minecraft:blue_terracotta":6,"minecraft:kelp":71,"minecraft:sweet_berries":17,"minecraft:oak_trapdoor":22,"minecraft:light_gray_terracotta":26,"minecraft:lime_concrete":4,"minecraft:gray_glazed_terracotta":1,"minecraft:comparator":10,"minecraft:green_concrete":4,"minecraft:totem_of_undying":5,"minecraft:shulker_box":37,"minecraft:netherite_leggings":2,"minecraft:flint_and_steel":8,"minecraft:deepslate_bricks":117,"minecraft:copper_ore":15,"minecraft:bamboo_raft":10,"minecraft:gray_terracotta":4,"minecraft:mud_bricks":11,"minecraft:oak_button":1,"minecraft:andesite":187,"minecraft:golden_leggings":3,"minecraft:oak_sapling":12,"minecraft:birch_sign":3,"minecraft:gray_concrete_powder":4,"minecraft:spruce_log":97,"minecraft:wooden_pickaxe":1,"minecraft:brown_stained_glass":4,"minecraft:light_blue_terracotta":70,"minecraft:magma_cream":22,"minecraft:medium_amethyst_bud":1,"minecraft:amethyst_cluster":1,"minecraft:brick":3,"minecraft:magenta_terracotta":5,"minecraft:crimson_stem":5,"minecraft:clay":9,"minecraft:acacia_wood":2,"minecraft:piston":18,"minecraft:oak_pressure_plate":3,"minecraft:cooked_beef":60,"minecraft:sandstone_stairs":20,"minecraft:orange_tulip":4,"minecraft:crossbow":12,"minecraft:red_carpet":4,"minecraft:purpur_stairs":4,"minecraft:elytra":8,"minecraft:dirt":569,"minecraft:rooted_dirt":4,"minecraft:warped_hyphae":1,"minecraft:bubble_coral_fan":1,"minecraft:saddle":2,"minecraft:rail":42,"minecraft:leather_helmet":6,"minecraft:grass":35,"minecraft:item_frame":5,"minecraft:packed_mud":23,"minecraft:stone_button":10,"minecraft:yellow_dye":23,"minecraft:mangrove_boat":1,"minecraft:bone_block":15,"minecraft:chain":2,"minecraft:jungle_sapling":4,"minecraft:phantom_membrane":6,"minecraft:wooden_sword":373,"minecraft:sunflower":3,"minecraft:bone_meal":2464,"minecraft:polished_blackstone_slab":7,"minecraft:sugar":28,"minecraft:iron_pickaxe":7,"minecraft:dark_oak_boat":18,"minecraft:bone":51,"minecraft:green_candle":2,"minecraft:note_block":4,"minecraft:sugar_cane":23,"minecraft:brain_coral_fan":1,"minecraft:golden_chestplate":3,"minecraft:polished_andesite_slab":28,"minecraft:detector_rail":5,"minecraft:nether_brick":4,"minecraft:pink_dye":2,"minecraft:birch_sapling":3,"minecraft:deepslate_brick_slab":5,"minecraft:lime_dye":2,"minecraft:light_gray_carpet":2,"minecraft:green_banner":1,"minecraft:jungle_trapdoor":9,"minecraft:salmon":1,"minecraft:orange_stained_glass":4,"minecraft:acacia_button":2,"minecraft:black_glazed_terracotta":4,"minecraft:chiseled_deepslate":1,"minecraft:deepslate_tiles":7,"minecraft:heavy_weighted_pressure_plate":3,"minecraft:hopper":43,"minecraft:jungle_stairs":4,"minecraft:ladder":10,"minecraft:spruce_slab":86,"minecraft:white_dye":10,"minecraft:end_stone_bricks":3,"minecraft:crying_obsidian":11,"minecraft:ghast_tear":4,"minecraft:flowering_azalea_leaves":55,"minecraft:enchanted_book":386,"minecraft:egg":46,"minecraft:iron_ingot":124,"minecraft:crimson_planks":1,"minecraft:netherite_pickaxe":3,"minecraft:chiseled_nether_bricks":3,"minecraft:cyan_stained_glass":4,"minecraft:birch_leaves":5,"minecraft:mangrove_leaves":3,"minecraft:tnt":387,"minecraft:mangrove_trapdoor":3,"minecraft:copper_block":1,"minecraft:polished_blackstone":3,"minecraft:golden_horse_armor":1,"minecraft:netherite_helmet":2,"minecraft:oak_fence":16,"minecraft:feather":4,"minecraft:yellow_terracotta":6,"minecraft:purpur_slab":11,"minecraft:cobblestone":289,"minecraft:iron_helmet":2,"minecraft:apple":1,"minecraft:granite":226,"minecraft:chainmail_helmet":3,"minecraft:stripped_jungle_log":2,"minecraft:purple_dye":3,"minecraft:coal":24,"minecraft:pufferfish":12,"minecraft:polished_andesite":4,"minecraft:oxeye_daisy":3,"minecraft:dried_kelp_block":1,"minecraft:jungle_slab":21,"minecraft:iron_trapdoor":5,"minecraft:golden_carrot":285,"minecraft:wooden_hoe":5,"minecraft:rabbit":3,"minecraft:gray_bed":9,"minecraft:rose_bush":1,"minecraft:yellow_glazed_terracotta":4,"minecraft:dried_kelp":5,"minecraft:diamond_helmet":11,"minecraft:pufferfish_bucket":1,"minecraft:dead_bush":5,"minecraft:brown_terracotta":7,"minecraft:nether_sprouts":2,"minecraft:orange_concrete_powder":4,"minecraft:paper":16,"minecraft:string":177,"minecraft:iron_shovel":5,"minecraft:spruce_sapling":19,"minecraft:polished_deepslate_wall":5,"minecraft:bamboo_planks":1,"minecraft:pink_tulip":6,"minecraft:gray_carpet":6,"minecraft:hanging_roots":2,"minecraft:purpur_pillar":2,"minecraft:furnace":11,"minecraft:moss_carpet":1146,"minecraft:redstone_ore":1,"minecraft:jungle_fence_gate":15,"minecraft:stone_sword":1,"minecraft:dark_oak_sign":1,"minecraft:deepslate":110,"minecraft:bowl":2,"minecraft:chicken":3,"minecraft:slime_block":1,"minecraft:stone_slab":68,"minecraft:glow_lichen":2,"minecraft:nether_bricks":5,"minecraft:spruce_fence":58,"minecraft:pumpkin_seeds":134,"minecraft:purple_stained_glass":5,"minecraft:lily_of_the_valley":1,"minecraft:target":5,"minecraft:big_dripleaf":3,"minecraft:light_blue_dye":10,"minecraft:potato":3,"minecraft:cobblestone_slab":16,"minecraft:hay_block":1,"minecraft:stone":1402,"minecraft:allium":2,"minecraft:crimson_slab":34,"minecraft:yellow_bed":8,"minecraft:wooden_shovel":2,"minecraft:carved_pumpkin":4,"minecraft:light_gray_dye":11,"minecraft:spider_eye":97,"minecraft:magenta_concrete_powder":4,"minecraft:birch_boat":1,"minecraft:blue_orchid":3,"minecraft:magenta_dye":11,"minecraft:red_tulip":6,"minecraft:bell":21,"minecraft:pink_concrete_powder":4,"minecraft:cyan_concrete_powder":4,"minecraft:crimson_nylium":6,"minecraft:spruce_sign":10,"minecraft:warped_stem":5,"minecraft:brown_mushroom":2,"minecraft:birch_planks":60,"minecraft:diamond_axe":7,"minecraft:lantern":7,"minecraft:blue_concrete_powder":19,"minecraft:tube_coral_fan":1,"minecraft:deepslate_tile_wall":2,"minecraft:lime_stained_glass_pane":1,"minecraft:flint":8,"minecraft:spruce_leaves":4,"minecraft:deepslate_tile_stairs":3,"minecraft:cyan_terracotta":30,"minecraft:crimson_trapdoor":3,"minecraft:brush":1,"minecraft:dispenser":524,"minecraft:cornflower":3,"minecraft:crimson_roots":16,"minecraft:cooked_cod":7,"minecraft:cut_sandstone":5,"minecraft:pumpkin_pie":6,"minecraft:amethyst_shard":5,"minecraft:polished_blackstone_bricks":3,"minecraft:birch_log":3,"minecraft:black_stained_glass":4,"minecraft:brown_mushroom_block":431,"minecraft:armor_stand":4,"minecraft:gravel":105,"minecraft:white_tulip":3,"minecraft:crimson_fungus":4,"minecraft:blackstone":120,"minecraft:mangrove_roots":2,"minecraft:yellow_wool":1,"minecraft:lime_wool":2,"minecraft:black_terracotta":5,"minecraft:fern":5,"minecraft:diamond_shovel":2,"minecraft:prismarine":1,"minecraft:stone_stairs":1,"minecraft:beehive":4,"minecraft:honey_bottle":4,"minecraft:melon_seeds":12,"minecraft:poppy":24,"minecraft:chiseled_stone_bricks":3,"minecraft:carrot":23,"minecraft:shulker_shell":20,"minecraft:gunpowder":24,"minecraft:birch_trapdoor":1,"minecraft:rabbit_hide":3,"minecraft:oak_fence_gate":17,"minecraft:arrow":1459,"minecraft:powered_rail":11,"minecraft:netherrack":486,"minecraft:chest":24,"minecraft:azalea":21,"minecraft:spruce_pressure_plate":1,"minecraft:chainmail_boots":3,"minecraft:spruce_wood":2,"minecraft:oak_leaves":16,"minecraft:firework_rocket":325,"minecraft:cyan_concrete":5,"minecraft:blackstone_slab":1,"minecraft:basalt":233,"minecraft:quartz":98,"minecraft:water_bucket":5,"minecraft:purple_terracotta":31,"minecraft:oak_slab":19,"minecraft:written_book":2,"minecraft:red_concrete_powder":4,"minecraft:mossy_cobblestone":1,"minecraft:minecart":29,"minecraft:bookshelf":5,"minecraft:cyan_dye":1,"minecraft:diamond_leggings":6,"minecraft:poisonous_potato":1,"minecraft:lead":4,"minecraft:spectral_arrow":4,"minecraft:observer":9,"minecraft:hopper_minecart":1,"minecraft:light_blue_concrete_powder":4,"minecraft:copper_ingot":2,"minecraft:grass_block":282,"minecraft:stick":621,"minecraft:smooth_red_sandstone":5,"minecraft:diorite":58,"minecraft:light_blue_stained_glass":5,"minecraft:torch":101,"minecraft:leather_horse_armor":29,"minecraft:smooth_quartz":3,"minecraft:map":2,"minecraft:iron_leggings":355,"minecraft:flowering_azalea":14,"minecraft:iron_axe":84,"minecraft:bucket":9,"minecraft:music_disc_cat":1,"minecraft:redstone":131,"minecraft:dandelion":270,"minecraft:smooth_basalt":14,"minecraft:jungle_pressure_plate":2,"minecraft:red_concrete":4,"minecraft:gray_stained_glass":4,"minecraft:warped_nylium":4,"minecraft:coarse_dirt":61,"minecraft:blaze_rod":4,"minecraft:ender_chest":1,"minecraft:nether_wart":631,"minecraft:chiseled_quartz_block":3,"minecraft:composter":22,"minecraft:tuff":21,"minecraft:brown_glazed_terracotta":2,"minecraft:raw_iron":4,"minecraft:light_gray_wool":7,"minecraft:acacia_leaves":30,"minecraft:glass_pane":1,"minecraft:cut_red_sandstone":5,"minecraft:filled_map":2508,"minecraft:red_terracotta":18,"minecraft:snow":73,"minecraft:shield":13,"minecraft:orange_terracotta":8,"minecraft:black_concrete_powder":4,"minecraft:diamond_chestplate":7,"minecraft:iron_chestplate":486,"minecraft:mossy_stone_bricks":13,"minecraft:oak_boat":42,"minecraft:golden_sword":2,"minecraft:diamond_boots":9,"minecraft:slime_ball":5,"minecraft:beacon":5,"minecraft:stone_pickaxe":2,"minecraft:raw_gold":3,"minecraft:cracked_deepslate_bricks":1,"minecraft:calcite":3,"minecraft:white_stained_glass":5,"minecraft:light_blue_bed":8,"minecraft:light_blue_shulker_box":1},"minecraft:killed":{"minecraft:parrot":1,"minecraft:elder_guardian":9,"minecraft:salmon":36,"minecraft:iron_golem":1,"minecraft:pillager":133,"minecraft:zombie":531,"minecraft:evoker":11,"minecraft:endermite":4,"minecraft:vindicator":44,"minecraft:snow_golem":27,"minecraft:rabbit":6,"minecraft:ravager":10,"minecraft:zombified_piglin":7,"minecraft:witch":17,"minecraft:spider":124,"minecraft:bee":4,"minecraft:piglin":19,"minecraft:zombie_villager":10,"minecraft:sheep":235,"minecraft:trader_llama":11,"minecraft:ghast":18,"minecraft:vex":14,"minecraft:slime":1606,"minecraft:drowned":115,"minecraft:hoglin":1,"minecraft:squid":531,"minecraft:wither_skeleton":13,"minecraft:player":64,"minecraft:cave_spider":14527,"minecraft:shulker":239,"minecraft:skeleton":278,"minecraft:chicken":156,"minecraft:cat":5,"minecraft:magma_cube":315,"minecraft:glow_squid":1,"minecraft:cow":426,"minecraft:wandering_trader":3,"minecraft:enderman":53731,"minecraft:wolf":1,"minecraft:pig":33,"minecraft:creeper":206,"minecraft:stray":2,"minecraft:blaze":18,"minecraft:phantom":25,"minecraft:bat":14},"minecraft:mined":{"minecraft:dragon_wall_head":5,"minecraft:red_shulker_box":554,"minecraft:white_bed":40,"minecraft:weathered_cut_copper_slab":1,"minecraft:cyan_shulker_box":282,"minecraft:potted_dead_bush":3,"minecraft:granite":8318,"minecraft:acacia_log":637,"minecraft:brown_wool":1,"minecraft:light_gray_bed":24,"minecraft:oak_pressure_plate":2,"minecraft:green_concrete":640,"minecraft:oak_wall_sign":8,"minecraft:nether_wart":1213,"minecraft:chorus_flower":8,"minecraft:polished_blackstone_bricks":126,"minecraft:magma_block":6272,"minecraft:dark_oak_trapdoor":4,"minecraft:fire":57,"minecraft:barrel":44,"minecraft:cobbled_deepslate":90,"minecraft:deepslate_lapis_ore":187,"minecraft:twisting_vines":561,"minecraft:light_gray_concrete":839,"minecraft:green_carpet":2,"minecraft:pink_tulip":19,"minecraft:white_shulker_box":201,"minecraft:white_banner":1,"minecraft:player_head":11,"minecraft:tripwire":11,"minecraft:orange_bed":10,"minecraft:jungle_trapdoor":3,"minecraft:cut_sandstone":10,"minecraft:kelp_plant":621,"minecraft:crimson_nylium":746,"minecraft:deepslate_tile_slab":3,"minecraft:powder_snow":51,"minecraft:note_block":144,"minecraft:torch":322,"minecraft:dark_oak_wood":14,"minecraft:melon":74,"minecraft:oxidized_copper":791,"minecraft:dead_bush":749,"minecraft:tube_coral_fan":1,"minecraft:lime_shulker_box":207,"minecraft:sugar_cane":1407,"minecraft:bricks":68,"minecraft:amethyst_block":728,"minecraft:white_terracotta":2089,"minecraft:chain":6,"minecraft:repeater":213,"minecraft:verdant_froglight":2,"minecraft:jungle_wood":3,"minecraft:mud":21293,"minecraft:tinted_glass":52,"minecraft:jukebox":4,"minecraft:yellow_glazed_terracotta":9,"minecraft:pitcher_plant":7,"minecraft:grass":2180,"minecraft:dark_oak_sapling":16,"minecraft:smooth_quartz":13,"minecraft:mangrove_log":63,"minecraft:smooth_basalt":1009,"minecraft:stripped_crimson_stem":14,"minecraft:deepslate":7105,"minecraft:suspicious_gravel":44,"minecraft:dark_prismarine":44,"minecraft:deepslate_tiles":7,"minecraft:brown_concrete":629,"minecraft:light_blue_wool":29,"minecraft:mossy_cobblestone":38,"minecraft:cherry_sapling":10,"minecraft:dark_oak_log":1406,"minecraft:end_stone":319,"minecraft:dark_oak_fence":15,"minecraft:spruce_fence":238,"minecraft:stripped_jungle_wood":12,"minecraft:acacia_button":3,"minecraft:redstone_wire":332,"minecraft:red_mushroom":21,"minecraft:cartography_table":1,"minecraft:waxed_weathered_copper":32,"minecraft:white_concrete_powder":5,"minecraft:redstone_ore":143,"minecraft:packed_mud":586,"minecraft:pink_concrete":8,"minecraft:suspicious_sand":6,"minecraft:andesite":6495,"minecraft:big_dripleaf_stem":18,"minecraft:vine":1478,"minecraft:cyan_concrete":654,"minecraft:cobblestone_slab":23,"minecraft:rail":113,"minecraft:brain_coral_wall_fan":1,"minecraft:bone_block":222,"minecraft:ender_chest":428,"minecraft:oak_slab":50,"minecraft:mud_brick_slab":23,"minecraft:birch_stairs":19,"minecraft:waxed_weathered_cut_copper_stairs":2,"minecraft:redstone_block":57,"minecraft:glass_pane":2,"minecraft:soul_sand":5564,"minecraft:lily_of_the_valley":65,"minecraft:dandelion":96,"minecraft:cornflower":22,"minecraft:warped_roots":765,"minecraft:crimson_slab":46,"minecraft:campfire":11,"minecraft:copper_ore":4675,"minecraft:purpur_pillar":68,"minecraft:tall_grass":363,"minecraft:deepslate_gold_ore":419,"minecraft:green_stained_glass_pane":5,"minecraft:diorite":4386,"minecraft:warped_wart_block":890,"minecraft:red_terracotta":3832,"minecraft:coarse_dirt":182,"minecraft:light_blue_bed":1,"minecraft:purple_concrete":8,"minecraft:mangrove_leaves":757,"minecraft:sunflower":5,"minecraft:gravel":12975,"minecraft:cobweb":568,"minecraft:brown_terracotta":4341,"minecraft:oak_button":1,"minecraft:stone_bricks":1304,"minecraft:gold_ore":270,"minecraft:chipped_anvil":15,"minecraft:iron_trapdoor":29,"minecraft:fern":713,"minecraft:stone_pressure_plate":4,"minecraft:oak_sapling":4,"minecraft:farmland":1,"minecraft:magenta_banner":1,"minecraft:brewing_stand":19,"minecraft:spruce_trapdoor":169,"minecraft:budding_amethyst":8,"minecraft:cracked_polished_blackstone_bricks":10,"minecraft:white_concrete":990,"minecraft:composter":59,"minecraft:polished_blackstone_pressure_plate":1,"minecraft:gilded_blackstone":6,"minecraft:sculk_catalyst":1,"minecraft:turtle_egg":6,"minecraft:red_tulip":24,"minecraft:pointed_dripstone":163,"minecraft:flowering_azalea_leaves":733,"minecraft:iron_bars":4,"minecraft:azalea":4,"minecraft:spruce_slab":189,"minecraft:gray_terracotta":27,"minecraft:deepslate_redstone_ore":702,"minecraft:brown_shulker_box":60,"minecraft:quartz_block":922,"minecraft:jungle_door":3,"minecraft:exposed_copper":7,"minecraft:medium_amethyst_bud":91,"minecraft:orange_terracotta":4055,"minecraft:purpur_stairs":15,"minecraft:light_gray_terracotta":3955,"minecraft:jungle_stairs":31,"minecraft:beacon":13,"minecraft:nether_quartz_ore":3623,"minecraft:oak_planks":395,"minecraft:wall_torch":149,"minecraft:cauldron":15,"minecraft:stone_stairs":3,"minecraft:light_blue_terracotta":28,"minecraft:warped_nylium":881,"minecraft:blue_terracotta":204,"minecraft:powered_rail":171,"minecraft:dark_oak_slab":5,"minecraft:green_banner":1,"minecraft:warped_planks":717,"minecraft:blue_ice":116,"minecraft:tnt":8,"minecraft:smooth_stone_slab":11,"minecraft:oak_log":2922,"minecraft:lime_terracotta":115,"minecraft:dirt":27310,"minecraft:waxed_weathered_cut_copper":2,"minecraft:raw_copper_block":20,"minecraft:dispenser":51,"minecraft:ancient_debris":50,"minecraft:dark_oak_leaves":7381,"minecraft:red_stained_glass":9,"minecraft:mangrove_roots":169,"minecraft:gray_glazed_terracotta":16,"minecraft:lever":20,"minecraft:glow_lichen":251,"minecraft:ladder":24,"minecraft:purple_terracotta":60,"minecraft:stone_button":16,"minecraft:weathered_copper":21,"minecraft:potted_azalea_bush":5,"minecraft:brown_mushroom_block":1488,"minecraft:birch_slab":7,"minecraft:spruce_leaves":4778,"minecraft:acacia_slab":8,"minecraft:cracked_nether_bricks":1,"minecraft:crimson_stem":182,"minecraft:hay_block":402,"minecraft:heavy_weighted_pressure_plate":6,"minecraft:nether_sprouts":536,"minecraft:polished_basalt":3,"minecraft:waxed_oxidized_cut_copper_slab":6,"minecraft:light_gray_shulker_box":67,"minecraft:peony":45,"minecraft:gold_block":43,"minecraft:nether_brick_fence":3,"minecraft:bookshelf":9541,"minecraft:deepslate_iron_ore":1006,"minecraft:shroomlight":234,"minecraft:oxidized_cut_copper_slab":17,"minecraft:stripped_oak_log":45,"minecraft:wet_sponge":132,"minecraft:jungle_fence_gate":7,"minecraft:orange_glazed_terracotta":2,"minecraft:scaffolding":88,"minecraft:acacia_leaves":1977,"minecraft:magenta_stained_glass":3,"minecraft:snow_block":629,"minecraft:stripped_dark_oak_log":297,"minecraft:basalt":28795,"minecraft:polished_granite":2,"minecraft:oak_fence":130,"minecraft:honey_block":80,"minecraft:gray_stained_glass":10,"minecraft:lime_carpet":1,"minecraft:stone_slab":17,"minecraft:deepslate_coal_ore":67,"minecraft:red_glazed_terracotta":1,"minecraft:red_concrete":640,"minecraft:prismarine_bricks":63,"minecraft:birch_planks":118,"minecraft:sea_pickle":3,"minecraft:polished_blackstone_slab":33,"minecraft:ice":13462,"minecraft:white_wall_banner":2,"minecraft:bee_nest":52,"minecraft:muddy_mangrove_roots":2076,"minecraft:warped_hyphae":1,"minecraft:cocoa":213,"minecraft:ochre_froglight":7,"minecraft:cherry_leaves":25,"minecraft:flower_pot":6,"minecraft:yellow_concrete":128,"minecraft:purple_shulker_box":74,"minecraft:cracked_stone_bricks":124,"minecraft:small_dripleaf":3,"minecraft:mossy_stone_bricks":20,"minecraft:crimson_fence":2,"minecraft:dark_oak_planks":2,"minecraft:polished_granite_slab":1,"minecraft:stripped_warped_stem":5,"minecraft:light_blue_concrete":8,"minecraft:black_terracotta":1,"minecraft:cherry_log":61,"minecraft:jungle_leaves":2695,"minecraft:obsidian":204,"minecraft:carved_pumpkin":88,"minecraft:red_sand":10481,"minecraft:chiseled_polished_blackstone":10,"minecraft:crimson_trapdoor":26,"minecraft:yellow_carpet":1,"minecraft:jungle_log":11102,"minecraft:coal_block":2,"minecraft:deepslate_bricks":202,"minecraft:purpur_slab":15,"minecraft:deepslate_tile_stairs":38,"minecraft:lime_stained_glass":14,"minecraft:crimson_fungus":20,"minecraft:tube_coral_block":29,"minecraft:hopper":273,"minecraft:oxeye_daisy":7,"minecraft:chiseled_stone_bricks":103,"minecraft:light_blue_stained_glass":11,"minecraft:orange_concrete":128,"minecraft:weeping_vines_plant":38,"minecraft:tall_seagrass":61,"minecraft:brown_stained_glass":6,"minecraft:sticky_piston":131,"minecraft:pumpkin":79,"minecraft:moss_carpet":318,"minecraft:stripped_dark_oak_wood":18,"minecraft:enchanting_table":14,"minecraft:sculk_shrieker":26,"minecraft:cave_vines":12,"minecraft:water_cauldron":3,"minecraft:oak_sign":2,"minecraft:dirt_path":354,"minecraft:oak_stairs":32,"minecraft:small_amethyst_bud":99,"minecraft:quartz_slab":56,"minecraft:deepslate_brick_stairs":7,"minecraft:smooth_sandstone_stairs":7,"minecraft:iron_block":902,"minecraft:piston_head":1,"minecraft:soul_wall_torch":8,"minecraft:brown_mushroom":37,"minecraft:red_bed":2,"minecraft:player_wall_head":7,"minecraft:amethyst_cluster":698,"minecraft:oxidized_cut_copper_stairs":10,"minecraft:blast_furnace":5,"minecraft:mud_brick_stairs":10,"minecraft:polished_andesite_stairs":132,"minecraft:green_concrete_powder":5,"minecraft:glass":130,"minecraft:cyan_bed":104,"minecraft:damaged_anvil":10,"minecraft:spruce_sign":2,"minecraft:light_gray_stained_glass":48,"minecraft:wheat":2001,"minecraft:lilac":49,"minecraft:lime_concrete":640,"minecraft:black_bed":233,"minecraft:warped_fungus":118,"minecraft:stone_brick_stairs":74,"minecraft:copper_block":8,"minecraft:oak_fence_gate":13,"minecraft:loom":5,"minecraft:blue_shulker_box":56,"minecraft:red_mushroom_block":1385,"minecraft:stonecutter":42,"minecraft:piston":57,"minecraft:yellow_terracotta":271,"minecraft:light_blue_stained_glass_pane":10,"minecraft:pink_shulker_box":37,"minecraft:light_gray_stained_glass_pane":1,"minecraft:stripped_birch_log":8,"minecraft:shulker_box":3034,"minecraft:nether_bricks":64,"minecraft:cobbled_deepslate_slab":13,"minecraft:allium":3,"minecraft:jungle_planks":33,"minecraft:crimson_roots":67,"minecraft:orange_shulker_box":76,"minecraft:magenta_concrete":8,"minecraft:kelp":49,"minecraft:moss_block":2267,"minecraft:horn_coral_wall_fan":3,"minecraft:red_sandstone":123,"minecraft:snow":2728,"minecraft:acacia_wood":1,"minecraft:warped_wall_sign":2,"minecraft:warped_stem":24,"minecraft:bamboo":4799,"minecraft:green_candle":1,"minecraft:smooth_quartz_stairs":2,"minecraft:bamboo_sapling":4,"minecraft:warped_trapdoor":13,"minecraft:white_wool":49,"minecraft:smithing_table":4,"minecraft:light_gray_carpet":3,"minecraft:gray_concrete":640,"minecraft:hanging_roots":643,"minecraft:comparator":28,"minecraft:stone_brick_slab":19,"minecraft:observer":293,"minecraft:smooth_sandstone":16,"minecraft:emerald_ore":1,"minecraft:cyan_concrete_powder":2,"minecraft:sponge":92,"minecraft:dropper":42,"minecraft:dried_kelp_block":2,"minecraft:cracked_deepslate_bricks":23,"minecraft:big_dripleaf":1,"minecraft:pearlescent_froglight":3,"minecraft:purple_stained_glass":4,"minecraft:torchflower":3,"minecraft:white_carpet":4,"minecraft:spruce_log":1541,"minecraft:birch_leaves":2728,"minecraft:jungle_fence":5,"minecraft:quartz_pillar":2,"minecraft:red_wall_banner":44,"minecraft:mycelium":570,"minecraft:pitcher_crop":5,"minecraft:dripstone_block":91,"minecraft:acacia_planks":4,"minecraft:spruce_fence_gate":19,"minecraft:black_shulker_box":147,"minecraft:large_amethyst_bud":72,"minecraft:spruce_planks":224,"minecraft:jungle_slab":157,"minecraft:cobblestone_stairs":7,"minecraft:sculk_vein":23,"minecraft:potted_cactus":6,"minecraft:cave_vines_plant":4,"minecraft:grass_block":22126,"minecraft:blue_concrete":8,"minecraft:soul_soil":11464,"minecraft:warped_sign":1,"minecraft:mud_brick_wall":2,"minecraft:mud_bricks":10,"minecraft:sandstone_stairs":7,"minecraft:smooth_stone":34,"minecraft:raw_iron_block":6,"minecraft:glowstone":255,"minecraft:iron_ore":2220,"minecraft:target":20,"minecraft:black_carpet":1,"minecraft:anvil":21,"minecraft:azure_bluet":11,"minecraft:dark_oak_stairs":3,"minecraft:birch_wall_sign":16,"minecraft:jungle_pressure_plate":1,"minecraft:azalea_leaves":2152,"minecraft:end_stone_bricks":83,"minecraft:green_bed":636,"minecraft:blackstone":4105,"minecraft:cyan_terracotta":313,"minecraft:twisting_vines_plant":94,"minecraft:soul_lantern":60,"minecraft:clay":1769,"minecraft:calcite":1016,"minecraft:poppy":67,"minecraft:chest":334,"minecraft:mushroom_stem":288,"minecraft:cobblestone":747,"minecraft:honeycomb_block":5,"minecraft:slime_block":17,"minecraft:grindstone":10,"minecraft:prismarine":75,"minecraft:deepslate_copper_ore":260,"minecraft:magenta_shulker_box":81,"minecraft:pink_petals":38,"minecraft:seagrass":64,"minecraft:acacia_sapling":33,"minecraft:brown_concrete_powder":3,"minecraft:nether_wart_block":1502,"minecraft:birch_log":1378,"minecraft:waxed_oxidized_cut_copper_stairs":10,"minecraft:activator_rail":5,"minecraft:stripped_oak_wood":5,"minecraft:orange_tulip":3,"minecraft:purpur_block":162,"minecraft:cracked_deepslate_tiles":1,"minecraft:acacia_fence":6,"minecraft:waxed_oxidized_copper":40,"minecraft:sand":9497,"minecraft:crimson_planks":24,"minecraft:waxed_exposed_cut_copper_slab":3,"minecraft:netherrack":36690,"minecraft:polished_deepslate_wall":25,"minecraft:oak_leaves":1510,"minecraft:emerald_block":1,"minecraft:redstone_lamp":99,"minecraft:nether_gold_ore":998,"minecraft:diamond_ore":29,"minecraft:tuff":1096,"minecraft:deepslate_diamond_ore":106,"minecraft:candle":9,"minecraft:gray_shulker_box":132,"minecraft:brick_stairs":19,"minecraft:weeping_vines":665,"minecraft:white_stained_glass":9,"minecraft:polished_andesite_slab":287,"minecraft:mangrove_trapdoor":3,"minecraft:sandstone":13316,"minecraft:mangrove_propagule":754,"minecraft:rooted_dirt":1146,"minecraft:large_fern":174,"minecraft:spore_blossom":13,"minecraft:deepslate_brick_slab":13,"minecraft:oxidized_cut_copper":6,"minecraft:oak_trapdoor":137,"minecraft:spruce_sapling":68,"minecraft:furnace":49,"minecraft:carrots":70,"minecraft:black_glazed_terracotta":1,"minecraft:chiseled_sandstone":2,"minecraft:acacia_stairs":2,"minecraft:black_concrete":643,"minecraft:stripped_spruce_log":36,"minecraft:chiseled_deepslate":1,"minecraft:bell":88,"minecraft:lantern":16,"minecraft:crimson_door":2,"minecraft:stripped_acacia_log":6,"minecraft:stripped_jungle_log":65,"minecraft:packed_ice":5726,"minecraft:white_tulip":14,"minecraft:stone":89910,"minecraft:yellow_shulker_box":189,"minecraft:redstone_wall_torch":35,"minecraft:podzol":850,"minecraft:flowering_azalea":3,"minecraft:light_blue_shulker_box":194,"minecraft:red_wool":64,"minecraft:brick_wall":12,"minecraft:spruce_door":1,"minecraft:crafting_table":194,"minecraft:blackstone_slab":60,"minecraft:lime_concrete_powder":2,"minecraft:rose_bush":47,"minecraft:sculk_sensor":212,"minecraft:lectern":293,"minecraft:lapis_ore":310,"minecraft:lily_pad":3,"minecraft:sculk":1498,"minecraft:blue_bed":1,"minecraft:spruce_stairs":148,"minecraft:gray_wool":21,"minecraft:lime_bed":401,"minecraft:cactus":52,"minecraft:brick_slab":930,"minecraft:gray_concrete_powder":1,"minecraft:waxed_weathered_cut_copper_slab":10,"minecraft:green_shulker_box":99,"minecraft:beehive":24,"minecraft:redstone_torch":70,"minecraft:magenta_terracotta":1,"minecraft:sweet_berry_bush":8,"minecraft:gray_bed":7,"minecraft:yellow_bed":12,"minecraft:coal_ore":2742,"minecraft:end_rod":229,"minecraft:bubble_coral_wall_fan":1,"minecraft:gray_carpet":28,"minecraft:terracotta":16033,"minecraft:polished_andesite":177},"minecraft:custom":{"minecraft:interact_with_crafting_table":3264,"minecraft:damage_blocked_by_shield":8235,"minecraft:play_time":51009034,"minecraft:deaths":342,"minecraft:jump":268822,"minecraft:play_record":5,"minecraft:interact_with_cartography_table":18,"minecraft:interact_with_smoker":1,"minecraft:inspect_dispenser":1936,"minecraft:horse_one_cm":3322909,"minecraft:inspect_dropper":726,"minecraft:interact_with_anvil":804,"minecraft:inspect_hopper":2834,"minecraft:tune_noteblock":19324,"minecraft:time_since_rest":72228,"minecraft:swim_one_cm":5522697,"minecraft:open_chest":21017,"minecraft:open_shulker_box":57261,"minecraft:damage_resisted":5643,"minecraft:play_noteblock":336,"minecraft:talked_to_villager":11560,"minecraft:interact_with_brewingstand":95,"minecraft:interact_with_beacon":28,"minecraft:fill_cauldron":22,"minecraft:interact_with_campfire":4,"minecraft:raid_win":1,"minecraft:boat_one_cm":33384593,"minecraft:damage_taken":322545,"minecraft:aviate_one_cm":386177526,"minecraft:open_barrel":4621,"minecraft:bell_ring":108,"minecraft:eat_cake_slice":2,"minecraft:leave_game":744,"minecraft:time_since_death":72199,"minecraft:enchant_item":203,"minecraft:interact_with_furnace":2641,"minecraft:traded_with_villager":107263,"minecraft:sleep_in_bed":1615,"minecraft:damage_dealt":622876,"minecraft:use_cauldron":805,"minecraft:interact_with_smithing_table":83,"minecraft:target_hit":119,"minecraft:sneak_time":4466910,"minecraft:interact_with_lectern":306,"minecraft:interact_with_blast_furnace":74,"minecraft:total_world_time":51009034,"minecraft:interact_with_stonecutter":280,"minecraft:fly_one_cm":52941211,"minecraft:fish_caught":1,"minecraft:fall_one_cm":4928303,"minecraft:animals_bred":682,"minecraft:sprint_one_cm":110251842,"minecraft:drop":13201,"minecraft:walk_on_water_one_cm":10496082,"minecraft:interact_with_loom":36,"minecraft:open_enderchest":4655,"minecraft:player_kills":64,"minecraft:crouch_one_cm":24368986,"minecraft:mob_kills":73582,"minecraft:climb_one_cm":1201652,"minecraft:walk_one_cm":96998668,"minecraft:clean_shulker_box":17,"minecraft:walk_under_water_one_cm":5305739,"minecraft:raid_trigger":2,"minecraft:pot_flower":120,"minecraft:interact_with_grindstone":69,"minecraft:trigger_trapped_chest":64,"minecraft:damage_absorbed":554,"minecraft:minecart_one_cm":2130615},"minecraft:crafted":{"minecraft:lime_stained_glass":1152,"minecraft:green_banner":236,"minecraft:black_dye":1681,"minecraft:yellow_wool":478,"minecraft:oxidized_cut_copper_slab":18,"minecraft:oak_sign":54,"minecraft:melon":615,"minecraft:blaze_powder":10,"minecraft:birch_boat":28,"minecraft:chain":46,"minecraft:brick_wall":12,"minecraft:diamond_shovel":4,"minecraft:nether_brick":12496,"minecraft:gray_wool":575,"minecraft:cracked_stone_bricks":1382,"minecraft:shulker_box":261,"minecraft:diamond_helmet":8,"minecraft:magenta_concrete_powder":648,"minecraft:light_blue_concrete_powder":648,"minecraft:stone_pressure_plate":36,"minecraft:iron_door":3,"minecraft:dried_kelp_block":410,"minecraft:black_wool":448,"minecraft:gray_stained_glass":1088,"minecraft:lime_concrete_powder":1280,"minecraft:name_tag":120,"minecraft:white_shulker_box":3,"minecraft:pink_stained_glass":128,"minecraft:blue_stained_glass":136,"minecraft:redstone_lamp":764,"minecraft:soul_campfire":121,"minecraft:jungle_boat":32,"minecraft:acacia_slab":24,"minecraft:chest_minecart":2,"minecraft:jungle_pressure_plate":2,"minecraft:green_bed":1,"minecraft:raw_gold_block":142,"minecraft:smithing_table":3,"minecraft:mossy_cobblestone":753,"minecraft:sticky_piston":758,"minecraft:red_nether_bricks":723,"minecraft:green_stained_glass":1040,"minecraft:painting":55,"minecraft:cartography_table":698,"minecraft:stone_brick_stairs":92,"minecraft:lectern":49,"minecraft:wooden_hoe":4,"minecraft:stone_slab":120,"minecraft:iron_pickaxe":2,"minecraft:netherite_ingot":12,"minecraft:composter":865,"minecraft:dark_prismarine":216,"minecraft:cyan_wool":512,"minecraft:golden_carrot":4161,"minecraft:magenta_wool":448,"minecraft:jukebox":2,"minecraft:orange_shulker_box":5,"minecraft:iron_nugget":12913,"minecraft:crimson_trapdoor":908,"minecraft:diamond_hoe":5,"minecraft:experience_bottle":472,"minecraft:brick_stairs":5,"minecraft:soul_torch":896,"minecraft:light_gray_wool":551,"minecraft:red_banner":230,"minecraft:polished_blackstone_pressure_plate":4,"minecraft:jack_o_lantern":470,"minecraft:blue_shulker_box":3,"minecraft:spruce_fence":927,"minecraft:cracked_polished_blackstone_bricks":384,"minecraft:moss_carpet":1527,"minecraft:stone_stairs":1,"minecraft:lantern":804,"minecraft:spruce_stairs":1028,"minecraft:light_gray_shulker_box":3,"minecraft:polished_diorite":80,"minecraft:black_concrete_powder":1408,"minecraft:red_shulker_box":6,"minecraft:stone_pickaxe":2,"minecraft:quartz_slab":18,"minecraft:spruce_boat":34,"minecraft:brick_slab":6224,"minecraft:lead":14,"minecraft:light_gray_terracotta":128,"minecraft:enchanting_table":3,"minecraft:cyan_bed":2,"minecraft:crimson_slab":4086,"minecraft:acacia_trapdoor":672,"minecraft:light_blue_wool":478,"minecraft:red_carpet":3,"minecraft:deepslate_tiles":5,"minecraft:enchanted_book":2294,"minecraft:orange_dye":1782,"minecraft:light_blue_carpet":3,"minecraft:oak_fence_gate":155,"minecraft:crimson_stairs":24,"minecraft:green_candle":576,"minecraft:red_stained_glass":824,"minecraft:soul_lantern":850,"minecraft:fermented_spider_eye":7,"minecraft:black_glazed_terracotta":768,"minecraft:birch_trapdoor":766,"minecraft:writable_book":8,"minecraft:iron_shovel":5,"minecraft:armor_stand":34,"minecraft:note_block":2206,"minecraft:pink_terracotta":1536,"minecraft:grindstone":6,"minecraft:cobblestone_slab":276,"minecraft:barrel":720,"minecraft:birch_wood":762,"minecraft:polished_granite_slab":2,"minecraft:magenta_banner":12,"minecraft:leather_horse_armor":30,"minecraft:packed_mud":3747,"minecraft:calibrated_sculk_sensor":64,"minecraft:cooked_chicken":48,"minecraft:lightning_rod":63,"minecraft:cherry_boat":27,"minecraft:stone":202,"minecraft:red_sandstone":2403,"minecraft:heavy_weighted_pressure_plate":3,"minecraft:quartz_pillar":767,"minecraft:warped_planks":2540,"minecraft:polished_blackstone_button":2,"minecraft:stone_brick_slab":138,"minecraft:brown_stained_glass":768,"minecraft:bow":961,"minecraft:comparator":768,"minecraft:netherite_helmet":1,"minecraft:polished_basalt":716,"minecraft:chest":2696,"minecraft:copper_block":959,"minecraft:oak_button":6,"minecraft:yellow_terracotta":1912,"minecraft:jungle_stairs":92,"minecraft:rail":1952,"minecraft:blue_concrete_powder":1032,"minecraft:bricks":4245,"minecraft:birch_button":8,"minecraft:ender_eye":4,"minecraft:stone_bricks":9266,"minecraft:oak_fence":315,"minecraft:sea_lantern":576,"minecraft:dropper":750,"minecraft:arrow":200,"minecraft:cauldron":264,"minecraft:lime_terracotta":2060,"minecraft:iron_helmet":3,"minecraft:brown_dye":675,"minecraft:brush":1,"minecraft:cracked_deepslate_bricks":768,"minecraft:red_wool":474,"minecraft:acacia_button":64,"minecraft:yellow_stained_glass":768,"minecraft:dispenser":629,"minecraft:green_glazed_terracotta":689,"minecraft:apple":1000,"minecraft:tnt":2458,"minecraft:spruce_trapdoor":1342,"minecraft:pink_wool":448,"minecraft:yellow_dye":2793,"minecraft:purple_dye":1854,"minecraft:gray_terracotta":1536,"minecraft:stick":21393,"minecraft:iron_ingot":28031,"minecraft:light_blue_shulker_box":3,"minecraft:light_blue_stained_glass":1408,"minecraft:black_bed":1,"minecraft:lime_carpet":3,"minecraft:cyan_carpet":96,"minecraft:deepslate_bricks":5,"minecraft:blue_terracotta":2304,"minecraft:deepslate_tile_slab":4,"minecraft:oak_door":12,"minecraft:fishing_rod":1,"minecraft:tripwire_hook":642,"minecraft:beehive":250,"minecraft:leather_boots":660,"minecraft:mossy_stone_bricks":768,"minecraft:furnace":35,"minecraft:mud_bricks":952,"minecraft:piston":1618,"minecraft:polished_andesite_slab":1620,"minecraft:raw_copper_block":2666,"minecraft:oak_trapdoor":3728,"minecraft:flint_and_steel":17,"minecraft:white_concrete_powder":1408,"minecraft:orange_terracotta":24,"minecraft:brown_shulker_box":3,"minecraft:honey_block":2644,"minecraft:birch_sign":21,"minecraft:glistering_melon_slice":60,"minecraft:purple_terracotta":1928,"minecraft:light_blue_stained_glass_pane":240,"minecraft:jungle_wood":894,"minecraft:purple_stained_glass":960,"minecraft:iron_trapdoor":20,"minecraft:purple_shulker_box":30,"minecraft:iron_sword":2,"minecraft:mangrove_planks":2056,"minecraft:acacia_boat":27,"minecraft:jungle_planks":27996,"minecraft:jungle_door":3,"minecraft:white_dye":3425,"minecraft:brown_concrete_powder":1408,"minecraft:blue_wool":448,"minecraft:anvil":365,"minecraft:stonecutter":687,"minecraft:crimson_door":6,"minecraft:andesite":2354,"minecraft:torch":8502,"minecraft:mangrove_wood":456,"minecraft:diamond_chestplate":5,"minecraft:ender_chest":4,"minecraft:light_gray_concrete_powder":1408,"minecraft:smooth_stone":627,"minecraft:jungle_fence_gate":28,"minecraft:orange_stained_glass":768,"minecraft:oak_pressure_plate":17,"minecraft:dark_oak_wood":822,"minecraft:oxidized_cut_copper_stairs":16,"minecraft:birch_slab":120,"minecraft:horn_coral_block":1,"minecraft:slime_block":293,"minecraft:loom":883,"minecraft:polished_blackstone_slab":2,"minecraft:lever":61,"minecraft:bookshelf":10268,"minecraft:cooked_mutton":238,"minecraft:iron_bars":48,"minecraft:red_concrete_powder":1280,"minecraft:deepslate_brick_stairs":8,"minecraft:magenta_shulker_box":4,"minecraft:quartz_block":8719,"minecraft:glass":38298,"minecraft:light_blue_terracotta":1152,"minecraft:repeater":1881,"minecraft:diamond_leggings":7,"minecraft:melon_seeds":20,"minecraft:polished_blackstone":240,"minecraft:stripped_dark_oak_wood":6,"minecraft:magenta_dye":2256,"minecraft:gray_bed":18,"minecraft:flower_pot":923,"minecraft:bamboo_raft":27,"minecraft:glass_bottle":21084,"minecraft:furnace_minecart":1,"minecraft:target":416,"minecraft:wooden_shovel":2,"minecraft:emerald":54736,"minecraft:smooth_quartz":1272,"minecraft:diamond_axe":15,"minecraft:prismarine_bricks":576,"minecraft:clock":45,"minecraft:copper_ingot":8770,"minecraft:hay_block":1102,"minecraft:oak_wood":768,"minecraft:campfire":18,"minecraft:light_gray_bed":1,"minecraft:lime_shulker_box":9,"minecraft:bamboo_planks":136,"minecraft:lime_bed":9,"minecraft:smooth_basalt":192,"minecraft:green_terracotta":1472,"minecraft:compass":1776,"minecraft:iron_block":159,"minecraft:light_blue_bed":9,"minecraft:gold_ingot":9649,"minecraft:light_gray_dye":2701,"minecraft:spruce_fence_gate":27,"minecraft:birch_stairs":293,"minecraft:packed_ice":284,"minecraft:yellow_concrete_powder":768,"minecraft:prismarine":576,"minecraft:smooth_stone_slab":6,"minecraft:leather_leggings":5,"minecraft:player_head":344,"minecraft:tinted_glass":574,"minecraft:globe_banner_pattern":1,"minecraft:yellow_bed":8,"minecraft:red_terracotta":7239,"minecraft:bone_meal":96628,"minecraft:cyan_stained_glass":768,"minecraft:pink_dye":2309,"minecraft:candle":576,"minecraft:white_carpet":3,"minecraft:orange_wool":448,"minecraft:warped_trapdoor":846,"minecraft:netherite_axe":1,"minecraft:diamond":63,"minecraft:detector_rail":6,"minecraft:ladder":144,"minecraft:yellow_glazed_terracotta":768,"minecraft:spruce_slab":5638,"minecraft:diamond_boots":13,"minecraft:cobbled_deepslate_stairs":1,"minecraft:red_glazed_terracotta":824,"minecraft:redstone_block":3072,"minecraft:cracked_nether_bricks":746,"minecraft:jungle_fence":192,"minecraft:dark_oak_planks":2824,"minecraft:wheat":4606,"minecraft:dripstone_block":828,"minecraft:coal_block":165,"minecraft:cyan_glazed_terracotta":192,"minecraft:daylight_detector":512,"minecraft:crossbow":2,"minecraft:netherite_pickaxe":2,"minecraft:dried_kelp":3695,"minecraft:deepslate_brick_slab":30,"minecraft:magenta_stained_glass":768,"minecraft:red_bed":8,"minecraft:polished_granite":684,"minecraft:gray_concrete_powder":1280,"minecraft:glowstone":1270,"minecraft:white_stained_glass":832,"minecraft:green_stained_glass_pane":704,"minecraft:jungle_slab":1134,"minecraft:golden_apple":920,"minecraft:gray_shulker_box":2,"minecraft:cyan_shulker_box":3,"minecraft:oak_stairs":160,"minecraft:wooden_axe":1,"minecraft:crimson_fence":84,"minecraft:iron_leggings":401,"minecraft:white_bed":6,"minecraft:lime_wool":478,"minecraft:brick":20092,"minecraft:oak_planks":42402,"minecraft:dark_oak_boat":29,"minecraft:pink_shulker_box":3,"minecraft:purple_glazed_terracotta":128,"minecraft:mangrove_boat":27,"minecraft:warped_hyphae":219,"minecraft:spruce_pressure_plate":8,"minecraft:suspicious_stew":6,"minecraft:green_dye":4298,"minecraft:bamboo_block":384,"minecraft:hopper":1202,"minecraft:iron_boots":2,"minecraft:raw_copper":7114,"minecraft:written_book":4,"minecraft:cyan_terracotta":1656,"minecraft:chiseled_stone_bricks":736,"minecraft:raw_iron_block":523,"minecraft:honeycomb_block":576,"minecraft:smooth_red_sandstone":581,"minecraft:item_frame":703,"minecraft:oak_slab":6587,"minecraft:acacia_wood":759,"minecraft:map":2539,"minecraft:crafting_table":130,"minecraft:spruce_planks":20562,"minecraft:mud_brick_slab":120,"minecraft:wooden_pickaxe":1,"minecraft:mangrove_trapdoor":640,"minecraft:gold_block":84,"minecraft:hopper_minecart":3,"minecraft:birch_planks":3792,"minecraft:brewing_stand":2,"minecraft:diorite":536,"minecraft:black_shulker_box":3,"minecraft:brown_glazed_terracotta":768,"minecraft:book":46,"minecraft:iron_chestplate":328,"minecraft:paper":17037,"minecraft:diamond_pickaxe":5,"minecraft:emerald_block":1,"minecraft:shield":17,"minecraft:light_blue_dye":2491,"minecraft:leather_chestplate":5,"minecraft:stone_sword":8,"minecraft:snow_block":116,"minecraft:green_shulker_box":3,"minecraft:redstone_torch":7048,"minecraft:gray_carpet":1398,"minecraft:light_gray_carpet":174,"minecraft:light_gray_stained_glass_pane":16,"minecraft:shears":104,"minecraft:green_carpet":297,"minecraft:crimson_hyphae":129,"minecraft:polished_andesite":1344,"minecraft:cherry_planks":136,"minecraft:coarse_dirt":1256,"minecraft:wooden_sword":349,"minecraft:purple_wool":448,"minecraft:cobbled_deepslate_slab":138,"minecraft:gray_glazed_terracotta":768,"minecraft:cookie":108,"minecraft:raw_iron":9,"minecraft:redstone":48134,"minecraft:coal":1013,"minecraft:light_gray_stained_glass":1208,"minecraft:stone_button":23,"minecraft:dark_oak_trapdoor":746,"minecraft:jungle_trapdoor":764,"minecraft:gray_dye":1094,"minecraft:diamond_block":17,"minecraft:glass_pane":1104,"minecraft:blue_ice":20,"minecraft:netherite_leggings":2,"minecraft:yellow_shulker_box":13,"minecraft:iron_axe":23,"minecraft:black_terracotta":1536,"minecraft:green_concrete_powder":1280,"minecraft:spruce_wood":744,"minecraft:slime_ball":819,"minecraft:orange_concrete_powder":768,"minecraft:lime_dye":2627,"minecraft:pink_glazed_terracotta":768,"minecraft:netherite_scrap":50,"minecraft:observer":1045,"minecraft:minecart":50,"minecraft:cooked_beef":771,"minecraft:sugar":34,"minecraft:red_dye":2893,"minecraft:cyan_concrete_powder":1280,"minecraft:bone_block":13976,"minecraft:crimson_planks":4908,"minecraft:diamond_sword":8,"minecraft:cyan_dye":2480,"minecraft:spruce_sign":6,"minecraft:pink_concrete_powder":648,"minecraft:powered_rail":900,"minecraft:activator_rail":18,"minecraft:yellow_carpet":3,"minecraft:bell":52,"minecraft:smooth_sandstone":1344,"minecraft:nether_bricks":2811,"minecraft:bucket":231,"minecraft:stone_axe":5,"minecraft:air":0,"minecraft:bread":257,"minecraft:blue_dye":4752,"minecraft:black_stained_glass":768,"minecraft:oak_boat":61,"minecraft:magenta_terracotta":768,"minecraft:white_wool":7997,"minecraft:raw_gold":288,"minecraft:brown_wool":400,"minecraft:green_wool":516,"minecraft:acacia_planks":2400,"minecraft:purple_concrete_powder":648,"minecraft:blackstone_slab":18,"minecraft:lapis_lazuli":2511,"minecraft:lapis_block":550,"minecraft:firework_rocket":4227},"minecraft:picked_up":{"minecraft:suspicious_stew":8,"minecraft:lead":49,"minecraft:smithing_table":5,"minecraft:stone_slab":44,"minecraft:enchanted_book":659,"minecraft:purple_shulker_box":74,"minecraft:blue_concrete":8,"minecraft:music_disc_cat":7,"minecraft:polished_deepslate":24,"minecraft:string":10149,"minecraft:orange_glazed_terracotta":2,"minecraft:pufferfish":13,"minecraft:shroomlight":224,"minecraft:sculk_shrieker":22,"minecraft:diamond_leggings":37,"minecraft:hopper_minecart":2,"minecraft:crimson_sign":4,"minecraft:diamond_ore":7,"minecraft:spruce_pressure_plate":6,"minecraft:weathered_cut_copper_slab":1,"minecraft:jukebox":4,"minecraft:big_dripleaf":466,"minecraft:brick_wall":12,"minecraft:purpur_pillar":42,"minecraft:acacia_log":669,"minecraft:cyan_stained_glass":4,"minecraft:honeycomb_block":5,"minecraft:warped_button":1,"minecraft:gray_shulker_box":133,"minecraft:golden_chestplate":4,"minecraft:pink_terracotta":4,"minecraft:green_terracotta":4,"minecraft:cauldron":18,"minecraft:orange_bed":10,"minecraft:stone_sword":1,"minecraft:lime_carpet":2,"minecraft:horn_coral_fan":3,"minecraft:honey_bottle":60,"minecraft:polished_basalt":22,"minecraft:red_tulip":1052,"minecraft:carved_pumpkin":732,"minecraft:glowstone":317,"minecraft:bookshelf":63,"minecraft:end_rod":213,"minecraft:white_terracotta":2068,"minecraft:blaze_rod":18,"minecraft:iron_bars":4,"minecraft:snowball":578,"minecraft:sponge":123,"minecraft:cooked_beef":611,"minecraft:feather":274,"minecraft:medium_amethyst_bud":90,"minecraft:water_bucket":33,"minecraft:brown_wool":1,"minecraft:dark_oak_boat":19,"minecraft:copper_block":82,"minecraft:flint":88,"minecraft:purple_stained_glass":9,"minecraft:pink_concrete_powder":4,"minecraft:lantern":51,"minecraft:cyan_concrete_powder":6,"minecraft:magenta_terracotta":5,"minecraft:gray_concrete_powder":5,"minecraft:hanging_roots":638,"minecraft:large_amethyst_bud":65,"minecraft:stonecutter":48,"minecraft:warped_hyphae":2,"minecraft:dark_oak_sign":1,"minecraft:rabbit":12,"minecraft:diamond_helmet":32,"minecraft:honeycomb":950,"minecraft:glow_lichen":614,"minecraft:chiseled_polished_blackstone":73,"minecraft:lime_terracotta":294,"minecraft:stripped_crimson_stem":14,"minecraft:stripped_spruce_log":36,"minecraft:brown_mushroom_block":1615,"minecraft:acacia_stairs":2,"minecraft:polished_andesite":175,"minecraft:blue_terracotta":176,"minecraft:deepslate":768,"minecraft:lever":32,"minecraft:granite":8103,"minecraft:deepslate_coal_ore":31,"minecraft:golden_horse_armor":5,"minecraft:cyan_dye":1,"minecraft:rooted_dirt":1103,"minecraft:light_gray_carpet":3,"minecraft:diamond_pickaxe":52,"minecraft:crimson_roots":22093,"minecraft:mud":24853,"minecraft:shelter_pottery_sherd":3,"minecraft:bee_nest":49,"minecraft:clay_ball":1462,"minecraft:leather_leggings":3,"minecraft:redstone_lamp":127,"minecraft:dragon_head":5,"minecraft:acacia_button":3,"minecraft:purpur_block":144,"minecraft:heavy_weighted_pressure_plate":11,"minecraft:cornflower":3005,"minecraft:elytra":41,"minecraft:flint_and_steel":34,"minecraft:white_stained_glass":13,"minecraft:white_carpet":5,"minecraft:iron_shovel":4,"minecraft:glass_pane":1,"minecraft:netherite_sword":17,"minecraft:stripped_warped_stem":5,"minecraft:jungle_sapling":587,"minecraft:poppy":2867,"minecraft:spruce_slab":315,"minecraft:minecart":43,"minecraft:waxed_oxidized_copper":40,"minecraft:birch_sapling":347,"minecraft:piston":99,"minecraft:diamond_hoe":5,"minecraft:copper_ore":1735,"minecraft:lime_shulker_box":207,"minecraft:black_stained_glass":4,"minecraft:stone":54478,"minecraft:cyan_glazed_terracotta":1,"minecraft:fire_charge":69,"minecraft:jungle_fence_gate":7,"minecraft:netherite_pickaxe":38,"minecraft:cyan_shulker_box":285,"minecraft:mangrove_trapdoor":7,"minecraft:diamond_chestplate":24,"minecraft:purpur_slab":15,"minecraft:hay_block":455,"minecraft:cracked_deepslate_bricks":71,"minecraft:yellow_terracotta":273,"minecraft:totem_of_undying":25,"minecraft:polished_blackstone":3,"minecraft:mutton":475,"minecraft:bone_block":1360,"minecraft:emerald_ore":1,"minecraft:rail":323,"minecraft:heartbreak_pottery_sherd":1,"minecraft:oxeye_daisy":3187,"minecraft:mud_bricks":13,"minecraft:lime_bed":407,"minecraft:birch_leaves":676,"minecraft:yellow_shulker_box":190,"minecraft:clock":6,"minecraft:tripwire_hook":2,"minecraft:smooth_red_sandstone":5,"minecraft:jungle_fence":5,"minecraft:yellow_dye":66,"minecraft:red_glazed_terracotta":54,"minecraft:fern":868,"minecraft:blackstone_slab":66,"minecraft:acacia_wood":3,"minecraft:torchflower":3,"minecraft:packed_mud":581,"minecraft:purpur_stairs":15,"minecraft:sculk_vein":16,"minecraft:paper":14,"minecraft:apple":149,"minecraft:warped_stem":27,"minecraft:spore_blossom":13,"minecraft:yellow_stained_glass":4,"minecraft:oak_fence_gate":12,"minecraft:pufferfish_bucket":2,"minecraft:iron_ore":379,"minecraft:tall_grass":2,"minecraft:magenta_stained_glass":5,"minecraft:gray_bed":16,"minecraft:polished_andesite_stairs":123,"minecraft:smooth_basalt":1005,"minecraft:milk_bucket":1,"minecraft:light_gray_stained_glass":283,"minecraft:sweet_berries":3841,"minecraft:green_glazed_terracotta":5,"minecraft:lime_concrete":644,"minecraft:red_wool":204,"minecraft:cracked_nether_bricks":4,"minecraft:weathered_copper":21,"minecraft:light_blue_stained_glass":12,"minecraft:crying_obsidian":120,"minecraft:leather_helmet":9,"minecraft:oak_wood":2,"minecraft:diamond_shovel":26,"minecraft:coal_ore":938,"minecraft:slime_ball":2640,"minecraft:snort_pottery_sherd":2,"minecraft:tide_armor_trim_smithing_template":2,"minecraft:deepslate_redstone_ore":78,"minecraft:painting":49,"minecraft:birch_sign":17,"minecraft:baked_potato":1,"minecraft:hopper":322,"minecraft:black_carpet":1,"minecraft:light_blue_concrete":8,"minecraft:nether_brick_fence":3,"minecraft:ender_chest":506,"minecraft:gilded_blackstone":5,"minecraft:stone_brick_stairs":65,"minecraft:lapis_block":39,"minecraft:deepslate_lapis_ore":14,"minecraft:red_candle":3,"minecraft:experience_bottle":64,"minecraft:red_sand":10341,"minecraft:smooth_stone":54,"minecraft:comparator":53,"minecraft:bucket":67,"minecraft:white_tulip":1309,"minecraft:red_dye":35,"minecraft:rose_bush":868,"minecraft:cobblestone_slab":28,"minecraft:azalea":1255,"minecraft:iron_pickaxe":6,"minecraft:smooth_quartz":16,"minecraft:smooth_quartz_stairs":2,"minecraft:deepslate_iron_ore":187,"minecraft:acacia_fence":6,"minecraft:birch_trapdoor":1,"minecraft:spruce_stairs":236,"minecraft:netherite_shovel":18,"minecraft:diorite":4239,"minecraft:vine":380,"minecraft:goat_horn":2,"minecraft:sniffer_egg":4,"minecraft:rotten_flesh":763,"minecraft:brown_shulker_box":60,"minecraft:mangrove_roots":990,"minecraft:deepslate_copper_ore":27,"minecraft:chorus_flower":8,"minecraft:deepslate_brick_stairs":7,"minecraft:obsidian":320,"minecraft:blaze_powder":2,"minecraft:cobblestone":35251,"minecraft:enchanting_table":15,"minecraft:leather_chestplate":4,"minecraft:pink_petals":100,"minecraft:muddy_mangrove_roots":2408,"minecraft:lilac":1727,"minecraft:repeater":359,"minecraft:black_bed":235,"minecraft:andesite":6386,"minecraft:golden_leggings":3,"minecraft:mud_brick_stairs":10,"minecraft:beacon":18,"minecraft:potato":1050,"minecraft:smooth_sandstone_stairs":7,"minecraft:prismarine_bricks":56,"minecraft:stripped_birch_log":8,"minecraft:dirt":31341,"minecraft:name_tag":6,"minecraft:glass":6663,"minecraft:bone":345,"minecraft:acacia_planks":4,"minecraft:bow":1235,"minecraft:orange_tulip":2365,"minecraft:wheat_seeds":69853,"minecraft:small_dripleaf":4,"minecraft:birch_wood":2,"minecraft:grindstone":11,"minecraft:netherite_axe":10,"minecraft:mossy_stone_bricks":15,"minecraft:bamboo":31964,"minecraft:cyan_concrete":652,"minecraft:prismarine":98,"minecraft:brown_stained_glass":10,"minecraft:gray_stained_glass":14,"minecraft:light_blue_shulker_box":196,"minecraft:melon":88,"minecraft:grass_block":22330,"minecraft:diamond_block":10,"minecraft:spectral_arrow":595,"minecraft:jungle_slab":221,"minecraft:mossy_cobblestone":37,"minecraft:jungle_leaves":1498,"minecraft:light_gray_terracotta":3931,"minecraft:yellow_carpet":3,"minecraft:sugar":28,"minecraft:light_blue_terracotta":92,"minecraft:netherite_helmet":10,"minecraft:slime_block":18,"minecraft:polished_blackstone_pressure_plate":1,"minecraft:soul_lantern":83,"minecraft:cracked_polished_blackstone_bricks":8,"minecraft:crossbow":17,"minecraft:grass":1034,"minecraft:bone_meal":155485,"minecraft:golden_apple":114,"minecraft:nether_sprouts":514,"minecraft:spruce_sign":6,"minecraft:emerald":2913,"minecraft:chorus_fruit":20,"minecraft:netherrack":26970,"minecraft:oak_leaves":947,"minecraft:azure_bluet":2807,"minecraft:splash_potion":28,"minecraft:ladder":46,"minecraft:brown_mushroom":183,"minecraft:packed_ice":5956,"minecraft:chain":9,"minecraft:shield":7,"minecraft:brick":1,"minecraft:orange_stained_glass":4,"minecraft:oak_trapdoor":142,"minecraft:moss_carpet":4137,"minecraft:mycelium":564,"minecraft:blackstone":4613,"minecraft:blue_orchid":2500,"minecraft:lime_wool":1,"minecraft:end_stone":317,"minecraft:flowering_azalea_leaves":699,"minecraft:note_block":161,"minecraft:polished_blackstone_bricks":118,"minecraft:brown_concrete_powder":71,"minecraft:trident":5,"minecraft:light_blue_bed":9,"minecraft:light_gray_stained_glass_pane":9,"minecraft:brown_dye":40,"minecraft:stone_pressure_plate":6,"minecraft:purple_terracotta":85,"minecraft:blue_concrete_powder":41,"minecraft:weeping_vines":727,"minecraft:red_shulker_box":561,"minecraft:pumpkin_pie":19,"minecraft:nether_bricks":64,"minecraft:stripped_dark_oak_wood":18,"minecraft:pink_tulip":5598,"minecraft:brick_stairs":19,"minecraft:netherite_boots":12,"minecraft:purple_dye":4,"minecraft:jungle_boat":33,"minecraft:basalt":27045,"minecraft:golden_carrot":2245,"minecraft:magenta_banner":1,"minecraft:leather":1125,"minecraft:ice":11381,"minecraft:crimson_fungus":2676,"minecraft:yellow_bed":22,"minecraft:cobbled_deepslate_stairs":2,"minecraft:gunpowder":277,"minecraft:heart_pottery_sherd":2,"minecraft:orange_terracotta":4002,"minecraft:cooked_mutton":184,"minecraft:red_carpet":3,"minecraft:mangrove_boat":27,"minecraft:pearlescent_froglight":3,"minecraft:gray_carpet":70,"minecraft:acacia_trapdoor":2,"minecraft:rabbit_hide":4,"minecraft:spruce_wood":2,"minecraft:iron_ingot":718,"minecraft:cooked_chicken":45,"minecraft:polished_andesite_slab":249,"minecraft:verdant_froglight":3,"minecraft:nether_quartz_ore":564,"minecraft:warped_fungus":1097,"minecraft:emerald_block":1,"minecraft:stone_brick_slab":77,"minecraft:quartz":7452,"minecraft:dandelion":22068,"minecraft:lava_bucket":30,"minecraft:amethyst_shard":2255,"minecraft:red_banner":59,"minecraft:green_stained_glass":72,"minecraft:soul_torch":8,"minecraft:brick_slab":1092,"minecraft:cut_red_sandstone":5,"minecraft:light_blue_concrete_powder":4,"minecraft:mangrove_leaves":712,"minecraft:pumpkin_seeds":2754,"minecraft:sculk_sensor":184,"minecraft:white_concrete_powder":9,"minecraft:chainmail_leggings":5,"minecraft:cherry_sapling":25,"minecraft:terracotta":15915,"minecraft:damaged_anvil":15,"minecraft:netherite_hoe":26,"minecraft:dark_oak_wood":62,"minecraft:wooden_axe":20,"minecraft:sunflower":1205,"minecraft:seagrass":63,"minecraft:iron_chestplate":495,"minecraft:chainmail_boots":2,"minecraft:flower_pot":29,"minecraft:anvil":38,"minecraft:prismarine_shard":461,"minecraft:diamond_sword":29,"minecraft:oak_stairs":31,"minecraft:wither_rose":1,"minecraft:brewing_stand":23,"minecraft:golden_sword":3,"minecraft:polished_deepslate_wall":28,"minecraft:amethyst_block":689,"minecraft:dark_oak_trapdoor":13,"minecraft:soul_soil":10772,"minecraft:explorer_pottery_sherd":2,"minecraft:red_nether_bricks":3,"minecraft:orange_concrete_powder":4,"minecraft:beetroot":76,"minecraft:waxed_weathered_copper":32,"minecraft:gold_nugget":6814,"minecraft:cobbled_deepslate":7378,"minecraft:crimson_fence":2,"minecraft:black_glazed_terracotta":4,"minecraft:spruce_planks":934,"minecraft:written_book":4,"minecraft:azalea_leaves":1882,"minecraft:coal_block":2,"minecraft:melon_slice":118,"minecraft:mangrove_log":96,"minecraft:golden_helmet":2,"minecraft:sheaf_pottery_sherd":1,"minecraft:beehive":28,"minecraft:magenta_concrete_powder":4,"minecraft:composter":64,"minecraft:green_bed":641,"minecraft:cherry_log":61,"minecraft:warped_planks":679,"minecraft:deepslate_tile_stairs":238,"minecraft:chiseled_nether_bricks":3,"minecraft:black_dye":4,"minecraft:shaper_armor_trim_smithing_template":3,"minecraft:bamboo_block":4,"minecraft:light_gray_bed":23,"minecraft:light_blue_wool":20,"minecraft:tropical_fish":33,"minecraft:iron_block":972,"minecraft:cyan_terracotta":338,"minecraft:host_armor_trim_smithing_template":5,"minecraft:birch_log":1471,"minecraft:magma_block":5730,"minecraft:oxidized_copper":792,"minecraft:cherry_leaves":1,"minecraft:birch_slab":57,"minecraft:jungle_log":11290,"minecraft:acacia_leaves":544,"minecraft:green_concrete_powder":9,"minecraft:jungle_wood":19,"minecraft:powder_snow_bucket":8,"minecraft:netherite_leggings":10,"minecraft:gray_concrete":644,"minecraft:map":2,"minecraft:light_gray_concrete_powder":4,"minecraft:twisting_vines":743,"minecraft:chipped_anvil":17,"minecraft:gray_terracotta":31,"minecraft:waxed_weathered_cut_copper_slab":9,"minecraft:glowstone_dust":3,"minecraft:moss_block":8048,"minecraft:pitcher_pod":6,"minecraft:gray_glazed_terracotta":17,"minecraft:warped_wart_block":718,"minecraft:dropper":57,"minecraft:granite_slab":2,"minecraft:ink_sac":1771,"minecraft:crimson_door":1,"minecraft:loom":7,"minecraft:dark_oak_log":4602,"minecraft:barrel":54,"minecraft:red_terracotta":3717,"minecraft:bundle":83,"minecraft:quartz_bricks":3,"minecraft:stripped_acacia_log":6,"minecraft:dispenser":577,"minecraft:black_concrete_powder":4,"minecraft:green_concrete":644,"minecraft:polished_granite_slab":2,"minecraft:writable_book":4,"minecraft:deepslate_gold_ore":33,"minecraft:blue_ice":113,"minecraft:chainmail_helmet":5,"minecraft:bread":248,"minecraft:plenty_pottery_sherd":3,"minecraft:dark_oak_fence":12,"minecraft:bricks":173,"minecraft:spruce_leaves":908,"minecraft:lime_stained_glass_pane":1,"minecraft:crafting_table":217,"minecraft:coarse_dirt":260,"minecraft:bubble_coral_fan":1,"minecraft:nether_wart":5762,"minecraft:mourner_pottery_sherd":4,"minecraft:crimson_trapdoor":28,"minecraft:jungle_trapdoor":9,"minecraft:red_bed":11,"minecraft:snow":2485,"minecraft:compass":194,"minecraft:cracked_stone_bricks":202,"minecraft:cartography_table":1,"minecraft:deepslate_diamond_ore":10,"minecraft:beef":1094,"minecraft:iron_nugget":6992,"minecraft:chest":476,"minecraft:raw_copper_block":173,"minecraft:egg":865,"minecraft:sandstone":13510,"minecraft:glow_item_frame":2,"minecraft:amethyst_cluster":424,"minecraft:spruce_fence":320,"minecraft:carrot":1319,"minecraft:redstone":5538,"minecraft:mushroom_stem":317,"minecraft:prismarine_crystals":218,"minecraft:tnt":687,"minecraft:cooked_cod":2,"minecraft:tube_coral_fan":1,"minecraft:beetroot_seeds":320,"minecraft:peony":788,"minecraft:diamond_boots":32,"minecraft:shears":12,"minecraft:deepslate_bricks":324,"minecraft:waxed_oxidized_cut_copper_stairs":10,"minecraft:sandstone_stairs":27,"minecraft:warped_sign":5,"minecraft:tube_coral_block":29,"minecraft:gold_ingot":304,"minecraft:white_shulker_box":201,"minecraft:glow_berries":721,"minecraft:white_wool":287,"minecraft:lime_concrete_powder":6,"minecraft:crimson_slab":61,"minecraft:lapis_ore":55,"minecraft:stripped_oak_log":44,"minecraft:red_mushroom_block":873,"minecraft:red_mushroom":249,"minecraft:ochre_froglight":69,"minecraft:filled_map":5769,"minecraft:brown_concrete":633,"minecraft:oak_log":3648,"minecraft:ancient_debris":50,"minecraft:golden_boots":6,"minecraft:white_banner":28,"minecraft:stone_bricks":1431,"minecraft:kelp":3832,"minecraft:waxed_weathered_cut_copper_stairs":2,"minecraft:cobweb":550,"minecraft:glass_bottle":242,"minecraft:iron_sword":5,"minecraft:flowering_azalea":798,"minecraft:daylight_detector":1,"minecraft:sculk":317,"minecraft:yellow_concrete":131,"minecraft:torchflower_seeds":6,"minecraft:gravel":13450,"minecraft:birch_stairs":30,"minecraft:small_amethyst_bud":98,"minecraft:spruce_sapling":1036,"minecraft:spruce_log":10058,"minecraft:sea_lantern":1,"minecraft:firework_rocket":2891,"minecraft:red_stained_glass":13,"minecraft:purple_glazed_terracotta":1,"minecraft:polished_diorite":2,"minecraft:light_blue_carpet":1,"minecraft:diamond_axe":33,"minecraft:redstone_ore":14,"minecraft:gray_wool":355,"minecraft:warped_roots":5392,"minecraft:oak_button":1,"minecraft:melon_seeds":18,"minecraft:crimson_nylium":707,"minecraft:warped_nylium":800,"minecraft:stripped_dark_oak_log":344,"minecraft:mangrove_propagule":809,"minecraft:pink_dye":3,"minecraft:ender_pearl":27825,"minecraft:shulker_shell":409,"minecraft:chiseled_deepslate":30,"minecraft:wheat":10120,"minecraft:exposed_copper":7,"minecraft:redstone_block":157,"minecraft:iron_trapdoor":32,"minecraft:light_gray_shulker_box":67,"minecraft:green_stained_glass_pane":4,"minecraft:potion":73,"minecraft:turtle_egg":6,"minecraft:nether_brick":316,"minecraft:crimson_planks":24,"minecraft:raw_copper":26055,"minecraft:smooth_stone_slab":46,"minecraft:iron_leggings":421,"minecraft:sticky_piston":172,"minecraft:armor_stand":10,"minecraft:pink_shulker_box":37,"minecraft:oak_sign":18,"minecraft:sea_pickle":2667,"minecraft:activator_rail":6,"minecraft:deepslate_tiles":136,"minecraft:black_shulker_box":147,"minecraft:dark_oak_leaves":797,"minecraft:redstone_torch":228,"minecraft:calcite":1113,"minecraft:deepslate_tile_wall":4,"minecraft:iron_boots":22,"minecraft:furnace":49,"minecraft:stick":3362,"minecraft:orange_shulker_box":77,"minecraft:jungle_door":2,"minecraft:deepslate_brick_wall":3,"minecraft:brown_terracotta":4246,"minecraft:oak_fence":127,"minecraft:torch":3143,"minecraft:porkchop":146,"minecraft:snow_block":622,"minecraft:target":25,"minecraft:pointed_dripstone":1662,"minecraft:yellow_concrete_powder":4,"minecraft:blue_stained_glass":3,"minecraft:waxed_exposed_cut_copper_slab":3,"minecraft:green_banner":1,"minecraft:quartz_block":921,"minecraft:nether_gold_ore":188,"minecraft:cactus":4671,"minecraft:leather_horse_armor":6,"minecraft:cod":214,"minecraft:nautilus_shell":7,"minecraft:crimson_hyphae":1,"minecraft:jungle_pressure_plate":1,"minecraft:magma_cream":157,"minecraft:chiseled_quartz_block":3,"minecraft:magenta_dye":1,"minecraft:tuff":1607,"minecraft:light_gray_dye":1,"minecraft:warped_trapdoor":11,"minecraft:danger_pottery_sherd":1,"minecraft:acacia_boat":18,"minecraft:green_shulker_box":99,"minecraft:lapis_lazuli":5563,"minecraft:polished_granite":7,"minecraft:leather_boots":970,"minecraft:green_candle":5,"minecraft:deepslate_brick_slab":16,"minecraft:bell":128,"minecraft:raw_gold":1284,"minecraft:cobbled_deepslate_slab":17,"minecraft:light_blue_dye":57,"minecraft:powered_rail":196,"minecraft:oak_planks":564,"minecraft:pink_stained_glass":3,"minecraft:ghast_tear":7,"minecraft:pink_concrete":8,"minecraft:black_terracotta":6,"minecraft:cooked_porkchop":329,"minecraft:music_disc_13":1,"minecraft:sand":22827,"minecraft:polished_blackstone_slab":44,"minecraft:oak_pressure_plate":5,"minecraft:poisonous_potato":6,"minecraft:bamboo_raft":11,"minecraft:jungle_planks":35,"minecraft:oxidized_cut_copper_slab":19,"minecraft:cyan_bed":120,"minecraft:dead_bush":711,"minecraft:lily_of_the_valley":3775,"minecraft:chiseled_sandstone":5,"minecraft:shulker_box":3162,"minecraft:dark_prismarine":51,"minecraft:light_gray_concrete":833,"minecraft:spruce_fence_gate":19,"minecraft:clay":1461,"minecraft:diamond":423,"minecraft:spruce_boat":106,"minecraft:mangrove_wood":2,"minecraft:black_concrete":648,"minecraft:white_concrete":1002,"minecraft:chiseled_red_sandstone":5,"minecraft:oak_sapling":1011,"minecraft:nether_star":2,"minecraft:end_stone_bricks":79,"minecraft:chicken":262,"minecraft:cocoa_beans":1136,"minecraft:mud_brick_slab":35,"minecraft:allium":857,"minecraft:chest_minecart":4,"minecraft:gold_block":110,"minecraft:diamond_horse_armor":2,"minecraft:stone_stairs":2,"minecraft:orange_concrete":130,"minecraft:iron_axe":17,"minecraft:wooden_sword":463,"minecraft:quartz_slab":55,"minecraft:item_frame":56,"minecraft:cyan_carpet":2,"minecraft:candle":5,"minecraft:detector_rail":15,"minecraft:oak_boat":162,"minecraft:player_head":1443,"minecraft:observer":359,"minecraft:sugar_cane":2300,"minecraft:light_gray_wool":57,"minecraft:lectern":293,"minecraft:tinted_glass":543,"minecraft:blue_shulker_box":57,"minecraft:spruce_trapdoor":207,"minecraft:phantom_membrane":32,"minecraft:dark_oak_sapling":817,"minecraft:raw_iron":5622,"minecraft:orange_dye":1,"minecraft:copper_ingot":295,"minecraft:brown_glazed_terracotta":2,"minecraft:stone_button":31,"minecraft:quartz_pillar":7,"minecraft:magenta_shulker_box":82,"minecraft:friend_pottery_sherd":3,"minecraft:iron_horse_armor":7,"minecraft:dark_oak_planks":10,"minecraft:arrow":3971,"minecraft:light_blue_stained_glass_pane":10,"minecraft:jungle_stairs":31,"minecraft:pink_glazed_terracotta":4,"minecraft:saddle":18,"minecraft:lime_stained_glass":19,"minecraft:wet_sponge":141,"minecraft:cracked_deepslate_tiles":44,"minecraft:oxidized_cut_copper_stairs":10,"minecraft:crimson_stem":5094,"minecraft:glow_ink_sac":14,"minecraft:salmon":34,"minecraft:cut_sandstone":7,"minecraft:birch_planks":142,"minecraft:yellow_glazed_terracotta":4,"minecraft:nether_wart_block":1506,"minecraft:cobblestone_stairs":25,"minecraft:deepslate_tile_slab":10,"minecraft:wooden_hoe":2,"minecraft:podzol":826,"minecraft:smooth_sandstone":19,"minecraft:waxed_weathered_cut_copper":2,"minecraft:red_sandstone":128,"minecraft:stripped_oak_wood":5,"minecraft:acacia_sapling":287,"minecraft:oxidized_cut_copper":6,"minecraft:soul_sand":5448,"minecraft:purple_concrete":8,"minecraft:green_dye":31,"minecraft:book":30716,"minecraft:scaffolding":945,"minecraft:oak_slab":185,"minecraft:pitcher_plant":12,"minecraft:red_concrete_powder":4,"minecraft:birch_boat":31,"minecraft:pumpkin":213,"minecraft:chiseled_stone_bricks":167,"minecraft:raw_iron_block":51,"minecraft:dripstone_block":83,"minecraft:brain_coral_fan":1,"minecraft:blast_furnace":5,"minecraft:mud_brick_wall":2,"minecraft:white_bed":42,"minecraft:gold_ore":45,"minecraft:green_carpet":2,"minecraft:spider_eye":9508,"minecraft:stripped_jungle_log":63,"minecraft:lime_dye":101,"minecraft:dried_kelp_block":3,"minecraft:campfire":11,"minecraft:honey_block":80,"minecraft:iron_helmet":8,"minecraft:stripped_jungle_wood":12,"minecraft:waxed_oxidized_cut_copper_slab":6,"minecraft:magenta_concrete":8,"minecraft:acacia_slab":8,"minecraft:black_wool":2,"minecraft:red_concrete":644,"minecraft:coal":4792,"minecraft:purple_concrete_powder":4}},"DataVersion":3463}