{"stats":{"minecraft:broken":{"minecraft:wooden_shovel":13,"minecraft:shears":27,"minecraft:wooden_sword":3,"minecraft:iron_hoe":11,"minecraft:stone_hoe":4,"minecraft:brush":1,"minecraft:iron_pickaxe":2,"minecraft:wooden_hoe":1,"minecraft:iron_shovel":12,"minecraft:stone_pickaxe":13,"minecraft:stone_axe":1,"minecraft:chainmail_boots":1,"minecraft:iron_sword":1,"minecraft:stone_sword":10,"minecraft:iron_helmet":1,"minecraft:wooden_axe":5,"minecraft:flint_and_steel":8},"minecraft:used":{"minecraft:moss_block":2739,"minecraft:writable_book":282,"minecraft:smooth_quartz_slab":94,"minecraft:dispenser":122,"minecraft:poppy":12,"minecraft:black_carpet":2,"minecraft:stone":12830,"minecraft:warped_sign":6,"minecraft:quartz_stairs":191,"minecraft:rotten_flesh":10,"minecraft:tube_coral":41,"minecraft:soul_sand":21,"minecraft:cocoa_beans":1716,"minecraft:lily_of_the_valley":16,"minecraft:deepslate_brick_slab":15,"minecraft:azure_bluet":49,"minecraft:snowball":373,"minecraft:polished_blackstone_slab":137,"minecraft:jungle_sapling":7,"minecraft:spruce_boat":19,"minecraft:packed_ice":724,"minecraft:lava_bucket":1089,"minecraft:stripped_dark_oak_wood":19,"minecraft:quartz_pillar":520,"minecraft:mangrove_stairs":15,"minecraft:red_wool":1627,"minecraft:quartz_block":165,"minecraft:dark_oak_slab":2143,"minecraft:cherry_leaves":808,"minecraft:netherite_boots":7,"minecraft:bow":690,"minecraft:oak_sapling":89,"minecraft:mangrove_slab":32,"minecraft:dark_prismarine_stairs":354,"minecraft:deepslate_brick_wall":2,"minecraft:mossy_stone_bricks":95,"minecraft:leather_leggings":9,"minecraft:damaged_anvil":1,"minecraft:prismarine":114,"minecraft:blackstone":3499,"minecraft:cactus":68,"minecraft:leather_chestplate":11,"minecraft:mossy_stone_brick_stairs":227,"minecraft:composter":19,"minecraft:glow_berries":309,"minecraft:cut_sandstone_slab":1179,"minecraft:pitcher_pod":63,"minecraft:blast_furnace":15,"minecraft:cyan_dye":38,"minecraft:chiseled_quartz_block":1,"minecraft:gray_concrete":6762,"minecraft:deepslate_brick_stairs":73,"minecraft:purple_concrete_powder":8,"minecraft:birch_fence":74,"minecraft:mangrove_door":12,"minecraft:oak_pressure_plate":3,"minecraft:flowering_azalea_leaves":757,"minecraft:coal_block":3,"minecraft:nether_wart_block":35,"minecraft:diamond_sword":8247,"minecraft:birch_log":580,"minecraft:smithing_table":367,"minecraft:oak_boat":6,"minecraft:oak_trapdoor":11,"minecraft:polished_blackstone_brick_slab":1954,"minecraft:dead_bush":2,"minecraft:carved_pumpkin":7,"minecraft:armor_stand":1565,"minecraft:light_gray_carpet":22,"minecraft:mangrove_fence":4,"minecraft:cooked_salmon":6,"minecraft:torch":3529,"minecraft:brewing_stand":7,"minecraft:light_blue_dye":8,"minecraft:nether_quartz_ore":2304,"minecraft:mud_brick_stairs":615,"minecraft:fern":1,"minecraft:sea_lantern":166,"minecraft:chipped_anvil":3,"minecraft:iron_block":318,"minecraft:light_weighted_pressure_plate":1,"minecraft:polished_deepslate_wall":21,"minecraft:jungle_log":87,"minecraft:barrel":225,"minecraft:bamboo":40,"minecraft:basalt":3205,"minecraft:lime_concrete":57,"minecraft:warped_stairs":2058,"minecraft:magenta_terracotta":618,"minecraft:cherry_log":476,"minecraft:horn_coral_fan":82,"minecraft:calcite":3093,"minecraft:wheat_seeds":5775,"minecraft:chiseled_bookshelf":100,"minecraft:warped_stem":3023,"minecraft:light_blue_shulker_box":56,"minecraft:tube_coral_block":28,"minecraft:birch_planks":865,"minecraft:bundle":101,"minecraft:blue_concrete_powder":384,"minecraft:cauldron":6,"minecraft:glow_ink_sac":599,"minecraft:leather_boots":4,"minecraft:spruce_fence_gate":85,"minecraft:gold_ore":87,"minecraft:deepslate_bricks":211,"minecraft:diamond_block":2,"minecraft:light_gray_banner":29,"minecraft:rail":1190,"minecraft:red_bed":365,"minecraft:crimson_trapdoor":14,"minecraft:white_bed":58,"minecraft:campfire":137,"minecraft:spruce_log":3834,"minecraft:amethyst_cluster":14,"minecraft:blue_stained_glass_pane":28,"minecraft:diamond_pickaxe":66249,"minecraft:yellow_dye":1,"minecraft:warped_trapdoor":171,"minecraft:diamond_shovel":94883,"minecraft:acacia_sign":12,"minecraft:mangrove_pressure_plate":7,"minecraft:oak_button":6,"minecraft:suspicious_stew":2,"minecraft:spruce_pressure_plate":6,"minecraft:leather_helmet":1,"minecraft:spruce_trapdoor":1752,"minecraft:spruce_sapling":576,"minecraft:green_carpet":33,"minecraft:blue_carpet":9,"minecraft:pink_bed":1,"minecraft:potion":1852,"minecraft:azalea_leaves":9,"minecraft:purple_bed":3,"minecraft:crimson_stairs":87,"minecraft:cooked_porkchop":1554,"minecraft:andesite_stairs":87,"minecraft:warped_fence_gate":16,"minecraft:brush":117,"minecraft:stripped_oak_log":32,"minecraft:dandelion":13,"minecraft:cherry_sapling":47,"minecraft:moss_carpet":376,"minecraft:blue_terracotta":774,"minecraft:polished_deepslate":219,"minecraft:light_gray_stained_glass_pane":1070,"minecraft:melon":5134,"minecraft:bone_block":342,"minecraft:polished_basalt":438,"minecraft:decorated_pot":38,"minecraft:nether_wart":36,"minecraft:grass":26,"minecraft:bubble_coral":39,"minecraft:mossy_stone_brick_slab":110,"minecraft:stripped_crimson_stem":33,"minecraft:green_terracotta":2491,"minecraft:spruce_leaves":4,"minecraft:beehive":46,"minecraft:music_disc_13":4,"minecraft:obsidian":3930,"minecraft:honey_bottle":56,"minecraft:big_dripleaf":26,"minecraft:bricks":47,"minecraft:mangrove_log":172,"minecraft:lantern":652,"minecraft:spruce_wood":292,"minecraft:blue_orchid":47,"minecraft:green_wool":565,"minecraft:polished_blackstone_brick_wall":788,"minecraft:warped_nylium":111,"minecraft:mossy_cobblestone_slab":7,"minecraft:item_frame":782,"minecraft:birch_trapdoor":1,"minecraft:deepslate_diamond_ore":268,"minecraft:golden_sword":4,"minecraft:horn_coral":48,"minecraft:written_book":20090,"minecraft:blue_shulker_box":337,"minecraft:gold_block":4,"minecraft:pink_concrete_powder":108,"minecraft:dark_oak_sapling":8,"minecraft:mangrove_leaves":2437,"minecraft:tube_coral_fan":81,"minecraft:end_rod":89,"minecraft:torchflower":58,"minecraft:dropper":181,"minecraft:stone_pickaxe":1795,"minecraft:gray_carpet":226,"minecraft:mangrove_planks":54,"minecraft:oak_planks":2557,"minecraft:prismarine_stairs":66,"minecraft:sandstone":11641,"minecraft:diamond_axe":60431,"minecraft:sugar_cane":33,"minecraft:white_wool":4638,"minecraft:light_blue_concrete":77,"minecraft:netherite_leggings":6,"minecraft:lime_stained_glass_pane":16,"minecraft:mushroom_stew":9,"minecraft:yellow_concrete":806,"minecraft:crossbow":88,"minecraft:ochre_froglight":163,"minecraft:lingering_potion":1,"minecraft:end_stone":15,"minecraft:lever":168,"minecraft:dark_oak_log":1154,"minecraft:bread":63,"minecraft:warped_slab":2018,"minecraft:iron_door":19,"minecraft:deepslate":4626,"minecraft:prismarine_wall":7,"minecraft:stripped_warped_hyphae":186,"minecraft:pufferfish_bucket":1,"minecraft:light_blue_concrete_powder":128,"minecraft:chain":222,"minecraft:smooth_stone_slab":57,"minecraft:stripped_cherry_log":14,"minecraft:coarse_dirt":591,"minecraft:bone_meal":20463,"minecraft:netherite_sword":10029,"minecraft:rose_bush":34,"minecraft:white_tulip":14,"minecraft:crimson_fence":2,"minecraft:flint_and_steel":578,"minecraft:redstone":1434,"minecraft:dried_kelp":18,"minecraft:ender_chest":50,"minecraft:brown_shulker_box":20,"minecraft:deepslate_gold_ore":139,"minecraft:stone_hoe":604,"minecraft:cooked_chicken":867,"minecraft:dirt":20888,"minecraft:prismarine_bricks":140,"minecraft:bee_nest":5,"minecraft:spruce_fence":1093,"minecraft:iron_hoe":2755,"minecraft:wooden_axe":218,"minecraft:light_gray_stained_glass":10874,"minecraft:oak_stairs":39,"minecraft:smooth_sandstone":186,"minecraft:crimson_slab":47,"minecraft:yellow_concrete_powder":768,"minecraft:pitcher_plant":18,"minecraft:deepslate_tile_stairs":150,"minecraft:minecart":31,"minecraft:netherite_pickaxe":194919,"minecraft:cyan_concrete_powder":92,"minecraft:cooked_beef":749,"minecraft:mossy_stone_brick_wall":153,"minecraft:turtle_egg":16,"minecraft:pumpkin":2,"minecraft:light_gray_bed":11,"minecraft:cobbled_deepslate_wall":15,"minecraft:cobblestone_stairs":8,"minecraft:pink_glazed_terracotta":123,"minecraft:snow_block":5685,"minecraft:dark_oak_hanging_sign":9,"minecraft:baked_potato":281,"minecraft:cut_sandstone":4166,"minecraft:birch_boat":6,"minecraft:spruce_sign":413,"minecraft:sniffer_egg":11,"minecraft:green_bed":4,"minecraft:dark_prismarine_slab":72,"minecraft:magenta_bed":36,"minecraft:magenta_carpet":3,"minecraft:warped_planks":8705,"minecraft:wooden_hoe":80,"minecraft:piston":147,"minecraft:flower_pot":95,"minecraft:black_wool":240,"minecraft:cherry_door":3,"minecraft:chicken":1,"minecraft:stone_slab":406,"minecraft:yellow_wool":1237,"minecraft:stone_axe":227,"minecraft:magenta_banner":14,"minecraft:crimson_fungus":260,"minecraft:pink_petals":280,"minecraft:fire_coral_block":14,"minecraft:stripped_crimson_hyphae":547,"minecraft:cobbled_deepslate_slab":87,"minecraft:pink_shulker_box":11,"minecraft:pumpkin_pie":225,"minecraft:sea_pickle":1011,"minecraft:gray_wool":2256,"minecraft:peony":47,"minecraft:spruce_slab":3542,"minecraft:polished_blackstone":82,"minecraft:elytra":7,"minecraft:ladder":619,"minecraft:chest":828,"minecraft:white_shulker_box":155,"minecraft:allium":1,"minecraft:stripped_spruce_log":83,"minecraft:music_disc_relic":2,"minecraft:honey_block":17,"minecraft:honeycomb":5,"minecraft:warped_hyphae":164,"minecraft:grass_block":789,"minecraft:birch_sapling":24,"minecraft:polished_andesite_stairs":331,"minecraft:orange_shulker_box":3,"minecraft:copper_ore":408,"minecraft:wet_sponge":143,"minecraft:dark_oak_button":1,"minecraft:pink_wool":193,"minecraft:stone_brick_stairs":123,"minecraft:dark_oak_boat":8,"minecraft:sweet_berries":149,"minecraft:furnace":75,"minecraft:potato":224,"minecraft:egg":5815,"minecraft:magenta_shulker_box":4,"minecraft:diorite":1594,"minecraft:spruce_door":64,"minecraft:warped_fungus_on_a_stick":1201,"minecraft:stripped_birch_log":1,"minecraft:cut_copper_slab":27,"minecraft:powered_rail":335,"minecraft:blackstone_stairs":87,"minecraft:orange_tulip":13,"minecraft:lime_concrete_powder":130,"minecraft:purpur_pillar":27,"minecraft:oak_leaves":750,"minecraft:smooth_quartz_stairs":241,"minecraft:cookie":14,"minecraft:dark_oak_trapdoor":24,"minecraft:blue_dye":26,"minecraft:sand":6797,"minecraft:netherite_helmet":1,"minecraft:oxidized_cut_copper_slab":617,"minecraft:stripped_cherry_wood":9,"minecraft:black_concrete_powder":128,"minecraft:lightning_rod":56,"minecraft:deepslate_tiles":4458,"minecraft:crying_obsidian":306,"minecraft:verdant_froglight":161,"minecraft:cyan_carpet":72,"minecraft:stone_button":11,"minecraft:spore_blossom":27,"minecraft:lectern":95,"minecraft:red_terracotta":836,"minecraft:lilac":58,"minecraft:polished_andesite_slab":716,"minecraft:wooden_sword":214,"minecraft:dark_oak_fence":83,"minecraft:bubble_coral_block":47,"minecraft:white_stained_glass":1999,"minecraft:green_concrete_powder":1294,"minecraft:pink_stained_glass":123,"minecraft:ice":3231,"minecraft:iron_bars":214,"minecraft:stone_sword":1392,"minecraft:brain_coral_fan":88,"minecraft:red_concrete":25,"minecraft:stripped_warped_stem":36,"minecraft:sandstone_wall":38,"minecraft:netherrack":9079,"minecraft:light_gray_shulker_box":2,"minecraft:dragon_egg":1,"minecraft:warped_wart_block":8451,"minecraft:anvil":44,"minecraft:ancient_debris":1,"minecraft:chorus_flower":25,"minecraft:twisting_vines":4,"minecraft:stone_stairs":121,"minecraft:nether_brick_slab":2,"minecraft:polished_granite_slab":5,"minecraft:glow_lichen":93,"minecraft:blue_concrete":352,"minecraft:shroomlight":707,"minecraft:red_shulker_box":205,"minecraft:flowering_azalea":133,"minecraft:cyan_shulker_box":808,"minecraft:brick_stairs":2,"minecraft:iron_axe":8,"minecraft:rooted_dirt":360,"minecraft:spruce_button":4,"minecraft:slime_block":65,"minecraft:warped_fence":133,"minecraft:smooth_quartz":412,"minecraft:lime_dye":16,"minecraft:totem_of_undying":7,"minecraft:mud_bricks":1460,"minecraft:pink_stained_glass_pane":40,"minecraft:melon_seeds":69,"minecraft:prismarine_slab":37,"minecraft:smooth_basalt":601,"minecraft:tripwire_hook":11,"minecraft:glowstone":275,"minecraft:purple_concrete":4,"minecraft:raw_copper_block":1,"minecraft:magenta_wool":39,"minecraft:goat_horn":18,"minecraft:oxidized_copper":5,"minecraft:orange_terracotta":8,"minecraft:cherry_fence":1,"minecraft:cobbled_deepslate":4785,"minecraft:observer":107,"minecraft:magenta_dye":15,"minecraft:pointed_dripstone":39,"minecraft:hanging_roots":3,"minecraft:crimson_stem":1865,"minecraft:water_bucket":900,"minecraft:mangrove_wood":23,"minecraft:prismarine_brick_slab":32,"minecraft:sandstone_stairs":256,"minecraft:yellow_shulker_box":46,"minecraft:lime_wool":482,"minecraft:bubble_coral_fan":78,"minecraft:smooth_sandstone_slab":642,"minecraft:cracked_stone_bricks":263,"minecraft:polished_blackstone_bricks":3288,"minecraft:pink_concrete":61,"minecraft:mossy_cobblestone":20,"minecraft:lime_terracotta":593,"minecraft:vine":119,"minecraft:comparator":22,"minecraft:tnt":498,"minecraft:oak_slab":539,"minecraft:crafting_table":183,"minecraft:birch_sign":57,"minecraft:dark_oak_fence_gate":19,"minecraft:fire_coral":37,"minecraft:lime_shulker_box":150,"minecraft:cake":1,"minecraft:small_amethyst_bud":1,"minecraft:deepslate_tile_wall":89,"minecraft:oak_log":875,"minecraft:mud":9,"minecraft:dark_prismarine":248,"minecraft:ender_eye":1,"minecraft:cornflower":48,"minecraft:oxeye_daisy":26,"minecraft:sunflower":13,"minecraft:mangrove_propagule":1,"minecraft:iron_pickaxe":1283,"minecraft:crimson_nylium":27,"minecraft:chiseled_stone_bricks":23,"minecraft:cobblestone":4380,"minecraft:red_concrete_powder":8,"minecraft:glass_pane":16,"minecraft:jukebox":3,"minecraft:kelp":496,"minecraft:candle":115,"minecraft:iron_shovel":2907,"minecraft:diamond_hoe":16923,"minecraft:oak_sign":52,"minecraft:white_concrete_powder":10070,"minecraft:shield":8,"minecraft:white_terracotta":235,"minecraft:iron_sword":376,"minecraft:purple_shulker_box":26,"minecraft:bell":11,"minecraft:player_head":354,"minecraft:oxidized_cut_copper":9,"minecraft:sculk_sensor":1,"minecraft:white_candle":2,"minecraft:birch_pressure_plate":46,"minecraft:nether_bricks":162,"minecraft:prismarine_brick_stairs":44,"minecraft:carrot":86,"minecraft:deepslate_tile_slab":749,"minecraft:tuff":1807,"minecraft:cyan_wool":66,"minecraft:axolotl_bucket":35,"minecraft:milk_bucket":41,"minecraft:polished_deepslate_stairs":10,"minecraft:glass":18,"minecraft:cyan_terracotta":173,"minecraft:coal_ore":386,"minecraft:quartz_slab":341,"minecraft:dark_oak_wood":74,"minecraft:gray_concrete_powder":6193,"minecraft:hopper_minecart":14,"minecraft:stone_bricks":2618,"minecraft:spruce_hanging_sign":4,"minecraft:repeater":129,"minecraft:red_carpet":20,"minecraft:redstone_lamp":25,"minecraft:honeycomb_block":1,"minecraft:scaffolding":4722,"minecraft:warped_fungus":349,"minecraft:hay_block":8,"minecraft:oxidized_cut_copper_stairs":194,"minecraft:gray_bed":7,"minecraft:beetroot_seeds":35,"minecraft:fire_coral_fan":73,"minecraft:pearlescent_froglight":33,"minecraft:polished_blackstone_stairs":74,"minecraft:stripped_spruce_wood":18,"minecraft:chiseled_polished_blackstone":74,"minecraft:dark_oak_stairs":556,"minecraft:birch_leaves":173,"minecraft:dark_oak_sign":252,"minecraft:ender_pearl":8,"minecraft:redstone_block":1,"minecraft:blue_bed":12,"minecraft:large_amethyst_bud":5,"minecraft:brain_coral":38,"minecraft:yellow_terracotta":149,"minecraft:loom":96,"minecraft:deepslate_redstone_ore":195,"minecraft:sponge":164,"minecraft:note_block":18,"minecraft:dripstone_block":4,"minecraft:stone_brick_wall":125,"minecraft:black_bed":1,"minecraft:shears":10730,"minecraft:cobbled_deepslate_stairs":11,"minecraft:redstone_torch":157,"minecraft:green_concrete":984,"minecraft:light_gray_concrete":1,"minecraft:black_concrete":90,"minecraft:firework_rocket":23768,"minecraft:gray_shulker_box":2,"minecraft:string":933,"minecraft:cyan_bed":46,"minecraft:gravel":153,"minecraft:blackstone_slab":282,"minecraft:granite_slab":93,"minecraft:torchflower_seeds":150,"minecraft:medium_amethyst_bud":2,"minecraft:crimson_door":4,"minecraft:warped_button":2,"minecraft:grindstone":3,"minecraft:air":1813,"minecraft:oak_fence":159,"minecraft:andesite":827,"minecraft:experience_bottle":12,"minecraft:purpur_block":15,"minecraft:azalea":325,"minecraft:trident":79,"minecraft:tropical_fish_bucket":2,"minecraft:chest_minecart":14,"minecraft:white_concrete":11228,"minecraft:jungle_leaves":4,"minecraft:light_blue_terracotta":806,"minecraft:spruce_planks":6321,"minecraft:sculk":34,"minecraft:wooden_shovel":825,"minecraft:cut_copper_stairs":38,"minecraft:oak_door":4,"minecraft:spyglass":74,"minecraft:white_carpet":748,"minecraft:hopper":346,"minecraft:spruce_stairs":690,"minecraft:cobblestone_wall":17,"minecraft:warped_door":43,"minecraft:shulker_box":1301,"minecraft:oak_wood":64,"minecraft:pink_carpet":381,"minecraft:pink_dye":75,"minecraft:granite":1580,"minecraft:birch_door":4,"minecraft:purple_stained_glass_pane":1,"minecraft:stone_brick_slab":244,"minecraft:dark_oak_planks":1518,"minecraft:bamboo_raft":4,"minecraft:bookshelf":363,"minecraft:red_tulip":14,"minecraft:cherry_trapdoor":35,"minecraft:polished_blackstone_brick_stairs":2673,"minecraft:crimson_planks":360,"minecraft:light_gray_wool":1728,"minecraft:golden_carrot":21,"minecraft:emerald_block":113,"minecraft:horn_coral_block":26,"minecraft:granite_wall":57,"minecraft:stone_pressure_plate":8,"minecraft:red_dye":34,"minecraft:brown_candle":13,"minecraft:brain_coral_block":34,"minecraft:pink_tulip":30,"minecraft:iron_ore":661,"minecraft:glass_bottle":1885,"minecraft:polished_andesite":298,"minecraft:netherite_chestplate":1,"minecraft:mud_brick_slab":2206,"minecraft:andesite_slab":4474,"minecraft:copper_block":408,"minecraft:black_shulker_box":2,"minecraft:beacon":4,"minecraft:white_dye":381,"minecraft:stonecutter":60,"minecraft:red_glazed_terracotta":1,"minecraft:cobblestone_slab":101,"minecraft:glow_item_frame":45,"minecraft:terracotta":25,"minecraft:stripped_dark_oak_log":9,"minecraft:mangrove_trapdoor":288,"minecraft:lime_bed":22,"minecraft:light_gray_concrete_powder":2317,"minecraft:dark_oak_door":13,"minecraft:painting":120,"minecraft:smoker":4,"minecraft:book":410,"minecraft:purple_stained_glass":32,"minecraft:apple":1,"minecraft:cracked_polished_blackstone_bricks":161,"minecraft:map":3,"minecraft:cracked_nether_bricks":1,"minecraft:purple_dye":15,"minecraft:fishing_rod":53,"minecraft:green_shulker_box":39,"minecraft:mud_brick_wall":100,"minecraft:white_banner":13,"minecraft:red_banner":110,"minecraft:bucket":1241,"minecraft:yellow_bed":170,"minecraft:splash_potion":1,"minecraft:smooth_stone":1},"minecraft:killed_by":{"minecraft:ravager":36,"minecraft:magma_cube":2,"minecraft:warden":2,"minecraft:zombified_piglin":1,"minecraft:drowned":2,"minecraft:skeleton":1,"minecraft:vindicator":2,"minecraft:vex":6,"minecraft:ender_dragon":2,"minecraft:shulker":1,"minecraft:creeper":10,"minecraft:witch":1,"minecraft:endermite":1,"minecraft:player":615,"minecraft:enderman":1},"minecraft:dropped":{"minecraft:iron_sword":2,"minecraft:lapis_lazuli":54,"minecraft:glow_ink_sac":4,"minecraft:chorus_fruit":160,"minecraft:crafting_table":3,"minecraft:glass_bottle":20,"minecraft:diamond":49,"minecraft:cooked_porkchop":134,"minecraft:lime_concrete_powder":64,"minecraft:warped_fungus_on_a_stick":3,"minecraft:pitcher_pod":65,"minecraft:weeping_vines":1,"minecraft:glow_berries":6,"minecraft:warped_roots":86,"minecraft:red_mushroom":13,"minecraft:emerald":24,"minecraft:birch_fence":1,"minecraft:gray_concrete":2,"minecraft:dark_oak_trapdoor":1,"minecraft:netherite_boots":3,"minecraft:writable_book":4,"minecraft:gold_nugget":1,"minecraft:sand":173,"minecraft:dark_oak_planks":12,"minecraft:fishing_rod":2,"minecraft:white_wool":12,"minecraft:tropical_fish_bucket":1,"minecraft:compass":61,"minecraft:diamond_block":70,"minecraft:lever":3,"minecraft:iron_nugget":400,"minecraft:cooked_chicken":46,"minecraft:cobbled_deepslate":97,"minecraft:black_carpet":1,"minecraft:wheat":1,"minecraft:netherite_sword":2,"minecraft:obsidian":391,"minecraft:rotten_flesh":327,"minecraft:oak_planks":213,"minecraft:glowstone_dust":6,"minecraft:azure_bluet":1,"minecraft:sea_lantern":52,"minecraft:quartz_block":3,"minecraft:jungle_log":10,"minecraft:leather_boots":3,"minecraft:leather_leggings":1,"minecraft:warped_wart_block":952,"minecraft:glass":1,"minecraft:beef":308,"minecraft:purple_stained_glass_pane":2,"minecraft:golden_boots":6,"minecraft:wheat_seeds":7025,"minecraft:smooth_quartz_stairs":8,"minecraft:light_gray_stained_glass_pane":2,"minecraft:deepslate_tile_slab":3,"minecraft:mushroom_stew":4,"minecraft:golden_apple":9,"minecraft:acacia_sign":9,"minecraft:lava_bucket":1,"minecraft:gray_wool":71,"minecraft:wooden_axe":1,"minecraft:cooked_salmon":1,"minecraft:potion":7,"minecraft:oak_stairs":1,"minecraft:red_dye":4,"minecraft:chainmail_leggings":2,"minecraft:blue_carpet":1,"minecraft:bricks":6,"minecraft:player_head":55,"minecraft:cocoa_beans":4,"minecraft:sticky_piston":1,"minecraft:stone_shovel":1,"minecraft:iron_boots":1,"minecraft:torchflower_seeds":256,"minecraft:name_tag":1,"minecraft:oak_sign":2,"minecraft:shears":11,"minecraft:suspicious_stew":6,"minecraft:blast_furnace":20,"minecraft:diamond_sword":6,"minecraft:spruce_boat":1,"minecraft:spruce_trapdoor":43,"minecraft:bundle":14,"minecraft:spruce_planks":92,"minecraft:diamond_pickaxe":6,"minecraft:redstone_torch":30,"minecraft:barrel":1,"minecraft:sandstone":25,"minecraft:bow":111,"minecraft:purple_candle":1,"minecraft:blue_shulker_box":1,"minecraft:acacia_boat":1,"minecraft:moss_block":180,"minecraft:orange_dye":3,"minecraft:oak_log":27,"minecraft:ender_pearl":163,"minecraft:dark_oak_sapling":9,"minecraft:lime_terracotta":4,"minecraft:leather":198,"minecraft:honeycomb":4,"minecraft:jungle_planks":2,"minecraft:birch_slab":4,"minecraft:music_disc_13":1,"minecraft:dark_oak_log":46,"minecraft:ice":17,"minecraft:dark_oak_wood":5,"minecraft:snowball":1,"minecraft:black_shulker_box":1,"minecraft:axolotl_bucket":2,"minecraft:black_concrete":1,"minecraft:magenta_stained_glass":1,"minecraft:cyan_shulker_box":8,"minecraft:oak_wood":16,"minecraft:beetroot_seeds":2,"minecraft:iron_ore":62,"minecraft:scaffolding":81,"minecraft:light_gray_concrete_powder":77,"minecraft:white_concrete_powder":192,"minecraft:magenta_wool":16,"minecraft:stone_hoe":1,"minecraft:bread":1,"minecraft:golden_helmet":4,"minecraft:cherry_log":16,"minecraft:vine":60,"minecraft:amethyst_block":63,"minecraft:activator_rail":2,"minecraft:tropical_fish":118,"minecraft:iron_block":123,"minecraft:milk_bucket":5,"minecraft:green_dye":2,"minecraft:iron_door":6,"minecraft:jungle_leaves":1,"minecraft:polished_blackstone_brick_slab":1,"minecraft:polished_basalt":64,"minecraft:light_blue_stained_glass_pane":1,"minecraft:polished_deepslate":52,"minecraft:polished_diorite":5,"minecraft:kelp":407,"minecraft:sweet_berries":13,"minecraft:light_gray_terracotta":1,"minecraft:magenta_stained_glass_pane":2,"minecraft:warped_door":2,"minecraft:totem_of_undying":4,"minecraft:shulker_box":4,"minecraft:netherite_leggings":2,"minecraft:flint_and_steel":1,"minecraft:deepslate_bricks":1,"minecraft:copper_ore":2,"minecraft:netherite_block":1,"minecraft:andesite":32,"minecraft:golden_leggings":5,"minecraft:oak_sapling":150,"minecraft:birch_sign":17,"minecraft:spruce_log":169,"minecraft:wooden_pickaxe":5,"minecraft:amethyst_cluster":34,"minecraft:crimson_stem":512,"minecraft:clay":2,"minecraft:cooked_beef":59,"minecraft:crossbow":2,"minecraft:item_frame":12,"minecraft:red_carpet":4,"minecraft:elytra":11,"minecraft:leather_helmet":8,"minecraft:rail":5,"minecraft:dirt":693,"minecraft:red_shulker_box":1,"minecraft:grass":2,"minecraft:mangrove_boat":1,"minecraft:chain":1,"minecraft:wooden_sword":10,"minecraft:bone_block":92,"minecraft:sunflower":2,"minecraft:bone_meal":132,"minecraft:dark_oak_boat":2,"minecraft:bone":2,"minecraft:green_candle":3,"minecraft:sugar_cane":1,"minecraft:golden_chestplate":3,"minecraft:pink_dye":2,"minecraft:birch_sapling":59,"minecraft:white_bed":1,"minecraft:salmon":8,"minecraft:red_stained_glass_pane":2,"minecraft:white_dye":96,"minecraft:spruce_slab":190,"minecraft:end_stone_bricks":7,"minecraft:lectern":3,"minecraft:egg":292,"minecraft:iron_ingot":668,"minecraft:blue_stained_glass_pane":4,"minecraft:netherite_pickaxe":7,"minecraft:birch_leaves":2,"minecraft:netherite_helmet":8,"minecraft:feather":1484,"minecraft:yellow_terracotta":5,"minecraft:cobblestone":246,"minecraft:apple":5,"minecraft:granite":126,"minecraft:purple_dye":2,"minecraft:chainmail_helmet":3,"minecraft:coal":124,"minecraft:oxeye_daisy":2,"minecraft:crimson_stairs":1,"minecraft:wooden_hoe":2,"minecraft:golden_carrot":112,"minecraft:sponge":1,"minecraft:rose_bush":64,"minecraft:diamond_helmet":3,"minecraft:dried_kelp":8,"minecraft:pufferfish_bucket":1,"minecraft:spruce_sapling":109,"minecraft:paper":9,"minecraft:string":230,"minecraft:iron_shovel":1,"minecraft:magenta_shulker_box":1,"minecraft:polished_deepslate_wall":11,"minecraft:purpur_pillar":3,"minecraft:furnace":1,"minecraft:moss_carpet":10,"minecraft:netherite_ingot":1,"minecraft:stone_sword":2,"minecraft:deepslate":11,"minecraft:bowl":25,"minecraft:chicken":36,"minecraft:stone_slab":4,"minecraft:spruce_fence":117,"minecraft:lily_of_the_valley":1,"minecraft:stone":2369,"minecraft:potato":1,"minecraft:shroomlight":2,"minecraft:crimson_slab":1,"minecraft:wooden_shovel":13,"minecraft:carved_pumpkin":59,"minecraft:warped_button":5,"minecraft:light_gray_dye":3,"minecraft:spider_eye":35538,"minecraft:quartz_slab":49,"minecraft:spruce_sign":14,"minecraft:birch_planks":56,"minecraft:dark_oak_stairs":1,"minecraft:diamond_axe":6,"minecraft:lime_stained_glass_pane":1,"minecraft:flint":4259,"minecraft:spruce_leaves":1,"minecraft:seagrass":15,"minecraft:pumpkin_pie":73,"minecraft:birch_log":2,"minecraft:armor_stand":1,"minecraft:gravel":1009,"minecraft:blackstone":84,"minecraft:diamond_shovel":4,"minecraft:chainmail_chestplate":2,"minecraft:sandstone_wall":6,"minecraft:poppy":4,"minecraft:shulker_shell":134,"minecraft:firework_rocket":770,"minecraft:gunpowder":1,"minecraft:blackstone_slab":14,"minecraft:torchflower":28,"minecraft:spruce_pressure_plate":8,"minecraft:chainmail_boots":2,"minecraft:chest":1,"minecraft:quartz":109,"minecraft:arrow":3119,"minecraft:powered_rail":2,"minecraft:water_bucket":234,"minecraft:netherrack":5985,"minecraft:oak_slab":10,"minecraft:basalt":255,"minecraft:written_book":17,"minecraft:oak_leaves":3,"minecraft:sniffer_egg":2,"minecraft:smithing_table":128,"minecraft:diamond_leggings":3,"minecraft:poisonous_potato":1,"minecraft:prismarine_shard":2,"minecraft:lead":1,"minecraft:observer":8,"minecraft:spectral_arrow":11,"minecraft:grass_block":29,"minecraft:stick":70,"minecraft:blue_dye":2,"minecraft:diorite":156,"minecraft:warped_stairs":2,"minecraft:torch":237,"minecraft:iron_leggings":1,"minecraft:flowering_azalea":9,"minecraft:bucket":15,"minecraft:pink_petals":3,"minecraft:dandelion":4,"minecraft:redstone":99,"minecraft:ender_chest":2,"minecraft:coarse_dirt":150,"minecraft:composter":1,"minecraft:tuff":17,"minecraft:raw_iron":2,"minecraft:light_gray_wool":1,"minecraft:red_terracotta":68,"minecraft:filled_map":2527,"minecraft:orange_terracotta":3,"minecraft:shield":6,"minecraft:diamond_chestplate":1,"minecraft:dragon_egg":1,"minecraft:warped_fence":1,"minecraft:quartz_stairs":1,"minecraft:oak_boat":5,"minecraft:diamond_boots":2,"minecraft:beacon":1,"minecraft:nether_quartz_ore":1,"minecraft:calcite":2,"minecraft:light_blue_shulker_box":3},"minecraft:killed":{"minecraft:cod":61,"minecraft:guardian":3,"minecraft:elder_guardian":2,"minecraft:salmon":102,"minecraft:pillager":21,"minecraft:zombie":100,"minecraft:evoker":1,"minecraft:endermite":2,"minecraft:vindicator":2,"minecraft:zombified_piglin":6,"minecraft:spider":13,"minecraft:bee":3,"minecraft:axolotl":1,"minecraft:silverfish":8,"minecraft:piglin":6,"minecraft:zombie_villager":1,"minecraft:sheep":11,"minecraft:trader_llama":5,"minecraft:ghast":7,"minecraft:slime":32,"minecraft:drowned":115,"minecraft:hoglin":5,"minecraft:squid":1217,"minecraft:player":621,"minecraft:villager":7,"minecraft:cave_spider":15255,"minecraft:dolphin":6,"minecraft:shulker":66,"minecraft:pufferfish":1,"minecraft:skeleton":1245,"minecraft:chicken":860,"minecraft:magma_cube":214,"minecraft:glow_squid":250,"minecraft:cow":705,"minecraft:horse":3,"minecraft:wandering_trader":3,"minecraft:enderman":162,"minecraft:pig":14,"minecraft:creeper":21,"minecraft:blaze":24,"minecraft:phantom":10,"minecraft:llama":1},"minecraft:mined":{"minecraft:dragon_wall_head":2,"minecraft:cut_sandstone_slab":51,"minecraft:red_shulker_box":189,"minecraft:blackstone_stairs":42,"minecraft:white_bed":45,"minecraft:fire_coral_wall_fan":86,"minecraft:cyan_shulker_box":765,"minecraft:granite":6338,"minecraft:deepslate_tile_wall":5,"minecraft:light_gray_bed":4,"minecraft:oak_pressure_plate":3,"minecraft:green_concrete":999,"minecraft:oak_wall_sign":6,"minecraft:nether_wart":21,"minecraft:spawner":1,"minecraft:chorus_flower":57,"minecraft:polished_blackstone_bricks":350,"minecraft:magma_block":131,"minecraft:dark_oak_trapdoor":13,"minecraft:fire":4155,"minecraft:barrel":77,"minecraft:cobbled_deepslate":2333,"minecraft:granite_slab":9,"minecraft:deepslate_lapis_ore":93,"minecraft:twisting_vines":27,"minecraft:spruce_pressure_plate":2,"minecraft:light_gray_concrete":22,"minecraft:green_carpet":3,"minecraft:pink_tulip":10,"minecraft:white_shulker_box":149,"minecraft:spruce_wood":34,"minecraft:player_head":236,"minecraft:tripwire":59,"minecraft:cut_sandstone":65,"minecraft:kelp_plant":2434,"minecraft:crimson_nylium":100,"minecraft:smoker":1,"minecraft:deepslate_tile_slab":26,"minecraft:powder_snow":49,"minecraft:note_block":7,"minecraft:torch":442,"minecraft:dark_oak_wood":26,"minecraft:melon":58,"minecraft:oxidized_copper":357,"minecraft:dead_bush":283,"minecraft:nether_brick_slab":1,"minecraft:spruce_wall_sign":19,"minecraft:smooth_quartz_slab":14,"minecraft:white_candle":1,"minecraft:tube_coral_fan":38,"minecraft:lime_shulker_box":157,"minecraft:sugar_cane":70,"minecraft:bricks":14,"minecraft:amethyst_block":70,"minecraft:birch_sapling":9,"minecraft:white_terracotta":17,"minecraft:chain":52,"minecraft:repeater":40,"minecraft:verdant_froglight":27,"minecraft:mud":1937,"minecraft:torchflower_crop":8,"minecraft:jukebox":1,"minecraft:pitcher_plant":6,"minecraft:grass":2351,"minecraft:dark_oak_sapling":11,"minecraft:smooth_quartz":16,"minecraft:sandstone_wall":20,"minecraft:mangrove_log":12,"minecraft:smooth_basalt":729,"minecraft:brown_candle":3,"minecraft:acacia_sign":10,"minecraft:stripped_crimson_stem":857,"minecraft:deepslate":22355,"minecraft:suspicious_gravel":13,"minecraft:attached_pumpkin_stem":2,"minecraft:dark_prismarine":64,"minecraft:deepslate_tiles":144,"minecraft:mossy_cobblestone":5,"minecraft:cherry_sapling":2,"minecraft:dark_oak_log":3120,"minecraft:sea_lantern":2,"minecraft:end_stone":265,"minecraft:dark_oak_fence":4,"minecraft:spruce_fence":152,"minecraft:redstone_wire":297,"minecraft:white_concrete_powder":47,"minecraft:horn_coral":58,"minecraft:redstone_ore":6,"minecraft:packed_mud":2,"minecraft:light_blue_concrete_powder":43,"minecraft:potted_torchflower":2,"minecraft:pink_concrete":71,"minecraft:green_terracotta":320,"minecraft:andesite":7926,"minecraft:big_dripleaf_stem":14,"minecraft:mossy_stone_brick_stairs":59,"minecraft:cobblestone_slab":33,"minecraft:vine":764,"minecraft:rail":446,"minecraft:brain_coral_wall_fan":124,"minecraft:bone_block":175,"minecraft:green_wool":16,"minecraft:fire_coral_block":55,"minecraft:pink_glazed_terracotta":1,"minecraft:ender_chest":43,"minecraft:potted_allium":2,"minecraft:mud_brick_slab":383,"minecraft:oak_slab":238,"minecraft:redstone_block":9,"minecraft:soul_sand":78,"minecraft:lily_of_the_valley":25,"minecraft:polished_blackstone_brick_wall":28,"minecraft:dandelion":42,"minecraft:fire_coral":49,"minecraft:cornflower":36,"minecraft:prismarine_slab":6,"minecraft:warped_roots":1816,"minecraft:campfire":47,"minecraft:copper_ore":1182,"minecraft:lightning_rod":41,"minecraft:brain_coral_fan":23,"minecraft:purpur_pillar":30,"minecraft:tall_grass":556,"minecraft:deepslate_gold_ore":321,"minecraft:diorite":7533,"minecraft:warped_wart_block":12933,"minecraft:coarse_dirt":274,"minecraft:red_terracotta":323,"minecraft:cut_copper_slab":2,"minecraft:stripped_spruce_wood":15,"minecraft:cobblestone_wall":9,"minecraft:dark_oak_wall_sign":28,"minecraft:purple_concrete":9,"minecraft:mangrove_leaves":215,"minecraft:dark_prismarine_slab":26,"minecraft:sunflower":27,"minecraft:gravel":48651,"minecraft:birch_sign":10,"minecraft:polished_blackstone":2,"minecraft:stone_bricks":181,"minecraft:gold_ore":183,"minecraft:chipped_anvil":4,"minecraft:fern":39,"minecraft:stone_pressure_plate":1,"minecraft:prismarine_wall":1,"minecraft:oak_sapling":10,"minecraft:farmland":108,"minecraft:mossy_stone_brick_slab":14,"minecraft:warped_fence_gate":4,"minecraft:andesite_stairs":6,"minecraft:brewing_stand":3,"minecraft:spruce_trapdoor":468,"minecraft:budding_amethyst":4,"minecraft:mangrove_door":6,"minecraft:cracked_polished_blackstone_bricks":74,"minecraft:bubble_coral_fan":35,"minecraft:white_concrete":11373,"minecraft:polished_diorite":1,"minecraft:polished_blackstone_brick_slab":115,"minecraft:composter":5,"minecraft:frosted_ice":1,"minecraft:mossy_cobblestone_slab":1,"minecraft:turtle_egg":16,"minecraft:red_tulip":21,"minecraft:pointed_dripstone":48,"minecraft:flowering_azalea_leaves":1042,"minecraft:iron_bars":35,"minecraft:azalea":225,"minecraft:spruce_slab":709,"minecraft:deepslate_redstone_ore":816,"minecraft:brown_shulker_box":22,"minecraft:quartz_block":16,"minecraft:magenta_wall_banner":1,"minecraft:medium_amethyst_bud":13,"minecraft:orange_terracotta":9,"minecraft:purpur_stairs":4,"minecraft:light_gray_terracotta":2,"minecraft:beacon":3,"minecraft:nether_quartz_ore":5174,"minecraft:oak_planks":1826,"minecraft:wall_torch":130,"minecraft:cauldron":1,"minecraft:spruce_wall_hanging_sign":2,"minecraft:light_weighted_pressure_plate":1,"minecraft:stone_stairs":18,"minecraft:light_blue_terracotta":97,"minecraft:fire_coral_fan":35,"minecraft:warped_nylium":177,"minecraft:blue_terracotta":27,"minecraft:powered_rail":109,"minecraft:dark_oak_slab":178,"minecraft:mossy_stone_brick_wall":10,"minecraft:warped_planks":3157,"minecraft:tnt":7,"minecraft:smooth_stone_slab":27,"minecraft:oak_log":4788,"minecraft:beetroots":69,"minecraft:lime_terracotta":173,"minecraft:dirt":18530,"minecraft:prismarine_stairs":6,"minecraft:raw_copper_block":1,"minecraft:dispenser":32,"minecraft:ancient_debris":109,"minecraft:crying_obsidian":3,"minecraft:pink_carpet":12,"minecraft:quartz_stairs":23,"minecraft:dark_oak_leaves":96,"minecraft:stripped_mangrove_log":1,"minecraft:mangrove_roots":30,"minecraft:lever":57,"minecraft:glow_lichen":606,"minecraft:ladder":183,"minecraft:chiseled_bookshelf":6,"minecraft:tube_coral_wall_fan":102,"minecraft:stone_button":2,"minecraft:yellow_candle":1,"minecraft:decorated_pot":13,"minecraft:brown_mushroom_block":39,"minecraft:spruce_leaves":153,"minecraft:cracked_nether_bricks":1,"minecraft:crimson_stem":2990,"minecraft:hay_block":9,"minecraft:nether_sprouts":1327,"minecraft:polished_basalt":39,"minecraft:light_gray_shulker_box":1,"minecraft:peony":47,"minecraft:bookshelf":294,"minecraft:deepslate_iron_ore":134,"minecraft:shroomlight":837,"minecraft:oxidized_cut_copper_slab":196,"minecraft:stripped_oak_log":42,"minecraft:wet_sponge":137,"minecraft:scaffolding":1056,"minecraft:acacia_leaves":36,"minecraft:magenta_stained_glass":13,"minecraft:snow_block":7,"minecraft:stripped_dark_oak_log":77,"minecraft:basalt":6315,"minecraft:warped_fence":91,"minecraft:polished_granite":22,"minecraft:oak_fence":74,"minecraft:honey_block":17,"minecraft:stone_slab":223,"minecraft:quartz_bricks":2,"minecraft:red_glazed_terracotta":1,"minecraft:red_concrete":13,"minecraft:polished_blackstone_brick_stairs":322,"minecraft:prismarine_bricks":7,"minecraft:birch_planks":3278,"minecraft:bubble_coral":50,"minecraft:sea_pickle":402,"minecraft:polished_blackstone_slab":46,"minecraft:ice":6789,"minecraft:mangrove_planks":42,"minecraft:white_wall_banner":3,"minecraft:bee_nest":7,"minecraft:warped_hyphae":1,"minecraft:black_wool":1,"minecraft:cocoa":1627,"minecraft:ochre_froglight":10,"minecraft:cherry_leaves":2954,"minecraft:cyan_carpet":1,"minecraft:flower_pot":12,"minecraft:yellow_concrete":839,"minecraft:purple_shulker_box":24,"minecraft:cracked_stone_bricks":124,"minecraft:small_dripleaf":4,"minecraft:mossy_stone_bricks":54,"minecraft:dark_oak_planks":1273,"minecraft:polished_granite_slab":1,"minecraft:dark_prismarine_stairs":150,"minecraft:stripped_warped_stem":207,"minecraft:light_blue_concrete":129,"minecraft:cherry_log":649,"minecraft:jungle_leaves":17,"minecraft:obsidian":3219,"minecraft:warped_stairs":387,"minecraft:carved_pumpkin":4,"minecraft:chiseled_polished_blackstone":6,"minecraft:crimson_trapdoor":2,"minecraft:stone_brick_wall":21,"minecraft:jungle_log":159,"minecraft:horn_coral_fan":32,"minecraft:coal_block":1,"minecraft:pink_stained_glass":2,"minecraft:deepslate_bricks":16,"minecraft:purpur_slab":3,"minecraft:deepslate_tile_stairs":24,"minecraft:bubble_coral_block":120,"minecraft:crimson_fungus":269,"minecraft:tube_coral_block":78,"minecraft:hopper":204,"minecraft:oxeye_daisy":45,"minecraft:chiseled_stone_bricks":8,"minecraft:weeping_vines_plant":37,"minecraft:tall_seagrass":212,"minecraft:sticky_piston":14,"minecraft:pumpkin":8,"minecraft:moss_carpet":425,"minecraft:stripped_dark_oak_wood":9,"minecraft:lime_stained_glass_pane":8,"minecraft:sculk_shrieker":1,"minecraft:cave_vines":51,"minecraft:oak_sign":3,"minecraft:dirt_path":70,"minecraft:oak_stairs":17,"minecraft:small_amethyst_bud":6,"minecraft:quartz_slab":57,"minecraft:deepslate_brick_stairs":28,"minecraft:blue_orchid":135,"minecraft:iron_block":110,"minecraft:piston_head":1,"minecraft:brown_mushroom":113,"minecraft:red_bed":173,"minecraft:player_wall_head":52,"minecraft:soul_fire":11,"minecraft:amethyst_cluster":47,"minecraft:oxidized_cut_copper_stairs":83,"minecraft:blast_furnace":6,"minecraft:mud_brick_stairs":128,"minecraft:polished_andesite_stairs":33,"minecraft:glass":3,"minecraft:cyan_bed":40,"minecraft:damaged_anvil":1,"minecraft:smooth_sandstone_slab":93,"minecraft:crimson_stairs":16,"minecraft:spruce_sign":12,"minecraft:cherry_fence":1,"minecraft:light_gray_stained_glass":123,"minecraft:wheat":3988,"minecraft:lilac":106,"minecraft:lime_concrete":82,"minecraft:warped_fungus":390,"minecraft:stone_brick_stairs":29,"minecraft:copper_block":6,"minecraft:prismarine_brick_stairs":2,"minecraft:oak_fence_gate":1,"minecraft:loom":41,"minecraft:blue_shulker_box":334,"minecraft:red_mushroom_block":262,"minecraft:stonecutter":57,"minecraft:piston":75,"minecraft:infested_deepslate":7,"minecraft:yellow_terracotta":367,"minecraft:pink_shulker_box":10,"minecraft:light_gray_stained_glass_pane":17,"minecraft:stripped_birch_log":1,"minecraft:warped_door":10,"minecraft:shulker_box":1305,"minecraft:nether_bricks":109,"minecraft:cobbled_deepslate_slab":9,"minecraft:allium":6,"minecraft:crimson_roots":2032,"minecraft:orange_shulker_box":2,"minecraft:lime_wool":1,"minecraft:kelp":194,"minecraft:moss_block":2082,"minecraft:horn_coral_wall_fan":100,"minecraft:pink_wool":1,"minecraft:snow":271,"minecraft:diamond_block":2,"minecraft:potatoes":188,"minecraft:warped_stem":4067,"minecraft:bamboo":103,"minecraft:smooth_quartz_stairs":10,"minecraft:bamboo_sapling":4,"minecraft:warped_trapdoor":40,"minecraft:white_wool":590,"minecraft:brain_coral":48,"minecraft:smithing_table":16,"minecraft:light_gray_carpet":2,"minecraft:mangrove_stairs":6,"minecraft:gray_concrete":7222,"minecraft:hanging_roots":11,"minecraft:comparator":2,"minecraft:pink_concrete_powder":25,"minecraft:stone_brick_slab":23,"minecraft:observer":82,"minecraft:smooth_sandstone":34,"minecraft:light_gray_concrete_powder":1228,"minecraft:spruce_button":1,"minecraft:emerald_ore":11,"minecraft:sponge":126,"minecraft:dropper":129,"minecraft:big_dripleaf":10,"minecraft:pearlescent_froglight":1,"minecraft:purple_bed":1,"minecraft:purple_stained_glass":32,"minecraft:torchflower":148,"minecraft:white_carpet":97,"minecraft:spruce_log":12396,"minecraft:birch_leaves":360,"minecraft:quartz_pillar":22,"minecraft:red_wall_banner":36,"minecraft:dark_oak_sign":5,"minecraft:pitcher_crop":58,"minecraft:dripstone_block":16,"minecraft:spruce_fence_gate":26,"minecraft:infested_stone":1,"minecraft:black_shulker_box":1,"minecraft:large_amethyst_bud":7,"minecraft:spruce_planks":2722,"minecraft:attached_melon_stem":1,"minecraft:cobbled_deepslate_stairs":5,"minecraft:cobblestone_stairs":4,"minecraft:cave_vines_plant":42,"minecraft:cherry_trapdoor":29,"minecraft:stripped_crimson_hyphae":54,"minecraft:grass_block":9399,"minecraft:blue_concrete":396,"minecraft:soul_soil":106,"minecraft:stripped_warped_hyphae":159,"minecraft:mud_brick_wall":30,"minecraft:mud_bricks":230,"minecraft:sandstone_stairs":29,"minecraft:smooth_stone":2,"minecraft:glowstone":136,"minecraft:iron_ore":1740,"minecraft:black_carpet":2,"minecraft:anvil":10,"minecraft:dark_oak_wall_hanging_sign":1,"minecraft:dark_oak_stairs":51,"minecraft:azure_bluet":7,"minecraft:birch_wall_sign":8,"minecraft:azalea_leaves":2374,"minecraft:end_stone_bricks":7,"minecraft:brain_coral_block":81,"minecraft:cyan_terracotta":25,"minecraft:blackstone":4805,"minecraft:twisting_vines_plant":11,"minecraft:melon_stem":2,"minecraft:chiseled_quartz_block":1,"minecraft:clay":1839,"minecraft:calcite":5673,"minecraft:poppy":75,"minecraft:chest":431,"minecraft:mushroom_stem":18,"minecraft:cobblestone":1665,"minecraft:slime_block":22,"minecraft:prismarine":31,"minecraft:iron_door":7,"minecraft:magenta_shulker_box":3,"minecraft:pink_petals":106,"minecraft:seagrass":212,"minecraft:nether_wart_block":5465,"minecraft:yellow_wool":1212,"minecraft:birch_log":1642,"minecraft:birch_trapdoor":36,"minecraft:activator_rail":11,"minecraft:light_gray_wool":792,"minecraft:orange_tulip":44,"minecraft:purpur_block":46,"minecraft:sand":18724,"minecraft:crimson_planks":248,"minecraft:tripwire_hook":4,"minecraft:netherrack":20848,"minecraft:oak_leaves":3844,"minecraft:polished_deepslate_wall":1,"minecraft:magenta_wool":39,"minecraft:horn_coral_block":73,"minecraft:emerald_block":45,"minecraft:redstone_lamp":13,"minecraft:granite_wall":2,"minecraft:nether_gold_ore":191,"minecraft:red_carpet":15,"minecraft:diamond_ore":1,"minecraft:tube_coral":51,"minecraft:tuff":4002,"minecraft:deepslate_diamond_ore":548,"minecraft:candle":5,"minecraft:oak_door":1,"minecraft:stripped_cherry_log":34,"minecraft:gray_shulker_box":1,"minecraft:weeping_vines":14,"minecraft:white_stained_glass":205,"minecraft:polished_andesite_slab":67,"minecraft:mangrove_trapdoor":86,"minecraft:sandstone":18799,"minecraft:mangrove_propagule":51,"minecraft:rooted_dirt":369,"minecraft:large_fern":36,"minecraft:spore_blossom":39,"minecraft:oak_trapdoor":7,"minecraft:furnace":59,"minecraft:spruce_sapling":7,"minecraft:carrots":39,"minecraft:dark_oak_fence_gate":12,"minecraft:stripped_spruce_log":159,"minecraft:black_concrete":165,"minecraft:bell":13,"minecraft:polished_deepslate":72,"minecraft:lantern":93,"minecraft:crimson_door":2,"minecraft:stripped_jungle_log":1,"minecraft:packed_ice":206,"minecraft:chorus_plant":29,"minecraft:white_tulip":2,"minecraft:stone":86068,"minecraft:yellow_shulker_box":45,"minecraft:birch_pressure_plate":28,"minecraft:redstone_wall_torch":27,"minecraft:podzol":259,"minecraft:flowering_azalea":111,"minecraft:light_blue_shulker_box":56,"minecraft:red_wool":1080,"minecraft:cut_copper_stairs":3,"minecraft:spruce_door":17,"minecraft:crafting_table":143,"minecraft:blackstone_slab":88,"minecraft:oak_wood":25,"minecraft:light_gray_wall_banner":3,"minecraft:lime_concrete_powder":2,"minecraft:rose_bush":63,"minecraft:andesite_slab":62,"minecraft:sculk_sensor":2,"minecraft:lectern":22,"minecraft:lapis_ore":143,"minecraft:lily_pad":2,"minecraft:sculk":2,"minecraft:blue_bed":4,"minecraft:spruce_stairs":283,"minecraft:gray_wool":985,"minecraft:cactus":28,"minecraft:gray_concrete_powder":1,"minecraft:green_shulker_box":36,"minecraft:polished_blackstone_stairs":3,"minecraft:beehive":17,"minecraft:redstone_torch":37,"minecraft:magenta_terracotta":28,"minecraft:sweet_berry_bush":1,"minecraft:gray_bed":5,"minecraft:dark_oak_hanging_sign":2,"minecraft:yellow_bed":21,"minecraft:mangrove_slab":8,"minecraft:coal_ore":1574,"minecraft:end_rod":51,"minecraft:bubble_coral_wall_fan":95,"minecraft:gray_carpet":30,"minecraft:terracotta":8029,"minecraft:polished_andesite":65,"minecraft:birch_fence":23,"minecraft:warped_slab":273},"minecraft:custom":{"minecraft:interact_with_crafting_table":2223,"minecraft:damage_blocked_by_shield":330,"minecraft:play_time":54205884,"minecraft:deaths":753,"minecraft:jump":203998,"minecraft:play_record":6,"minecraft:interact_with_cartography_table":1,"minecraft:interact_with_smoker":36,"minecraft:horse_one_cm":541394,"minecraft:inspect_dispenser":273,"minecraft:inspect_dropper":567,"minecraft:interact_with_anvil":440,"minecraft:inspect_hopper":263,"minecraft:tune_noteblock":133,"minecraft:time_since_rest":62911,"minecraft:swim_one_cm":2997605,"minecraft:open_chest":13793,"minecraft:open_shulker_box":37864,"minecraft:damage_resisted":1527,"minecraft:play_noteblock":10,"minecraft:talked_to_villager":42,"minecraft:interact_with_brewingstand":62,"minecraft:interact_with_beacon":10,"minecraft:fill_cauldron":4,"minecraft:interact_with_campfire":60,"minecraft:boat_one_cm":18635506,"minecraft:damage_taken":627281,"minecraft:aviate_one_cm":572786783,"minecraft:open_barrel":6517,"minecraft:bell_ring":271,"minecraft:eat_cake_slice":3,"minecraft:leave_game":868,"minecraft:time_since_death":62860,"minecraft:enchant_item":35,"minecraft:interact_with_furnace":1774,"minecraft:traded_with_villager":19,"minecraft:sleep_in_bed":1498,"minecraft:damage_dealt":1400943,"minecraft:interact_with_smithing_table":56,"minecraft:target_hit":54,"minecraft:sneak_time":8264502,"minecraft:interact_with_lectern":239,"minecraft:interact_with_blast_furnace":106,"minecraft:total_world_time":54205884,"minecraft:interact_with_stonecutter":319,"minecraft:fly_one_cm":18838099,"minecraft:fish_caught":30,"minecraft:fall_one_cm":4934736,"minecraft:animals_bred":871,"minecraft:sprint_one_cm":85756426,"minecraft:drop":9432,"minecraft:walk_on_water_one_cm":3629315,"minecraft:interact_with_loom":52,"minecraft:open_enderchest":821,"minecraft:player_kills":47,"minecraft:crouch_one_cm":43356644,"minecraft:mob_kills":20620,"minecraft:climb_one_cm":3572072,"minecraft:walk_one_cm":129347045,"minecraft:walk_under_water_one_cm":6467982,"minecraft:pot_flower":83,"minecraft:interact_with_grindstone":44,"minecraft:damage_absorbed":101,"minecraft:trigger_trapped_chest":19,"minecraft:minecart_one_cm":710625,"minecraft:pig_one_cm":93241},"minecraft:crafted":{"minecraft:lime_stained_glass":8,"minecraft:black_dye":6018,"minecraft:oxidized_cut_copper_slab":208,"minecraft:oak_sign":63,"minecraft:polished_deepslate_wall":31,"minecraft:melon":5206,"minecraft:blaze_powder":98,"minecraft:birch_boat":2,"minecraft:chain":291,"minecraft:blue_stained_glass_pane":32,"minecraft:diamond_shovel":5,"minecraft:nether_brick":1376,"minecraft:gray_wool":240,"minecraft:cracked_stone_bricks":149,"minecraft:shulker_box":82,"minecraft:diamond_helmet":1,"minecraft:light_blue_concrete_powder":128,"minecraft:stone_pressure_plate":7,"minecraft:decorated_pot":33,"minecraft:iron_door":18,"minecraft:black_wool":2,"minecraft:lime_concrete_powder":128,"minecraft:white_shulker_box":5,"minecraft:pink_stained_glass":192,"minecraft:warped_stairs":1984,"minecraft:blue_stained_glass":64,"minecraft:redstone_lamp":12,"minecraft:end_rod":76,"minecraft:glow_item_frame":28,"minecraft:chest_minecart":12,"minecraft:green_bed":4,"minecraft:smithing_table":327,"minecraft:mossy_cobblestone":18,"minecraft:painting":66,"minecraft:stone_brick_stairs":102,"minecraft:lectern":77,"minecraft:wooden_hoe":19,"minecraft:stone_slab":86,"minecraft:iron_pickaxe":22,"minecraft:sandstone":1,"minecraft:netherite_ingot":27,"minecraft:composter":36,"minecraft:polished_blackstone_bricks":1,"minecraft:golden_carrot":1,"minecraft:crimson_trapdoor":12,"minecraft:jukebox":2,"minecraft:orange_shulker_box":1,"minecraft:iron_nugget":7401,"minecraft:spyglass":18,"minecraft:diamond_hoe":2,"minecraft:brick_stairs":2,"minecraft:red_banner":125,"minecraft:light_gray_wool":412,"minecraft:blue_shulker_box":10,"minecraft:lime_stained_glass_pane":16,"minecraft:spruce_fence":1113,"minecraft:cracked_polished_blackstone_bricks":116,"minecraft:moss_carpet":30,"minecraft:stone_stairs":15,"minecraft:lantern":604,"minecraft:spruce_stairs":684,"minecraft:light_gray_shulker_box":1,"minecraft:black_concrete_powder":128,"minecraft:red_shulker_box":17,"minecraft:cherry_stairs":32,"minecraft:stone_pickaxe":13,"minecraft:quartz_slab":40,"minecraft:spruce_boat":2,"minecraft:purple_carpet":3,"minecraft:prismarine_slab":64,"minecraft:lead":8,"minecraft:cut_copper_slab":16,"minecraft:cyan_bed":6,"minecraft:crimson_slab":66,"minecraft:leather_helmet":1,"minecraft:polished_blackstone_stairs":37,"minecraft:dark_oak_button":1,"minecraft:red_carpet":18,"minecraft:deepslate_tiles":1,"minecraft:orange_dye":2686,"minecraft:stripped_warped_hyphae":51,"minecraft:crimson_stairs":100,"minecraft:warped_sign":6,"minecraft:warped_fungus_on_a_stick":4,"minecraft:birch_trapdoor":2,"minecraft:writable_book":116,"minecraft:iron_shovel":11,"minecraft:armor_stand":1423,"minecraft:prismarine_wall":12,"minecraft:note_block":21,"minecraft:mangrove_slab":78,"minecraft:pink_terracotta":256,"minecraft:grindstone":15,"minecraft:cobblestone_slab":114,"minecraft:barrel":153,"minecraft:polished_granite_slab":6,"minecraft:magenta_banner":18,"minecraft:leather_horse_armor":1,"minecraft:packed_mud":1722,"minecraft:cooked_chicken":1339,"minecraft:lightning_rod":54,"minecraft:stone":954,"minecraft:pink_carpet":480,"minecraft:white_candle":1,"minecraft:quartz_pillar":504,"minecraft:warped_planks":10184,"minecraft:stone_brick_slab":48,"minecraft:mangrove_fence":15,"minecraft:bow":163,"minecraft:netherite_helmet":1,"minecraft:polished_basalt":68,"minecraft:chest":613,"minecraft:copper_block":388,"minecraft:oak_button":5,"minecraft:yellow_terracotta":152,"minecraft:rail":1024,"minecraft:blue_concrete_powder":512,"minecraft:bricks":48,"minecraft:ender_eye":13,"minecraft:stone_bricks":3381,"minecraft:oak_fence":144,"minecraft:white_banner":9,"minecraft:dropper":213,"minecraft:arrow":256,"minecraft:cauldron":19,"minecraft:lime_terracotta":808,"minecraft:iron_helmet":6,"minecraft:brown_dye":2905,"minecraft:brush":21,"minecraft:birch_pressure_plate":40,"minecraft:red_wool":323,"minecraft:chiseled_polished_blackstone":50,"minecraft:warped_door":57,"minecraft:oxidized_cut_copper":100,"minecraft:prismarine_brick_slab":64,"minecraft:dispenser":63,"minecraft:tnt":100,"minecraft:spruce_trapdoor":1396,"minecraft:pink_wool":192,"minecraft:yellow_dye":4232,"minecraft:purple_dye":2480,"minecraft:stripped_cherry_wood":9,"minecraft:warped_fence_gate":16,"minecraft:netherite_block":1,"minecraft:stick":16586,"minecraft:iron_ingot":8396,"minecraft:andesite_stairs":64,"minecraft:light_blue_shulker_box":1,"minecraft:black_bed":1,"minecraft:cyan_carpet":90,"minecraft:dark_oak_fence_gate":11,"minecraft:blue_terracotta":840,"minecraft:deepslate_tile_slab":44,"minecraft:oak_door":9,"minecraft:tripwire_hook":32,"minecraft:stone_brick_wall":64,"minecraft:fishing_rod":7,"minecraft:beehive":33,"minecraft:netherite_sword":1,"minecraft:leather_boots":539,"minecraft:spruce_button":4,"minecraft:mossy_stone_bricks":494,"minecraft:furnace":27,"minecraft:blast_furnace":1,"minecraft:mud_bricks":2872,"minecraft:piston":140,"minecraft:smooth_quartz_stairs":54,"minecraft:oak_trapdoor":6,"minecraft:flint_and_steel":10,"minecraft:scaffolding":678,"minecraft:netherite_chestplate":1,"minecraft:white_concrete_powder":10216,"minecraft:chiseled_bookshelf":107,"minecraft:cobblestone_wall":10,"minecraft:brown_shulker_box":1,"minecraft:smooth_quartz_slab":74,"minecraft:mangrove_pressure_plate":6,"minecraft:blackstone_stairs":5,"minecraft:birch_sign":66,"minecraft:glistering_melon_slice":4,"minecraft:brown_candle":24,"minecraft:purple_stained_glass":120,"minecraft:stripped_spruce_wood":15,"minecraft:purple_shulker_box":3,"minecraft:mangrove_door":6,"minecraft:iron_sword":33,"minecraft:cooked_salmon":18,"minecraft:mangrove_planks":996,"minecraft:jungle_planks":196,"minecraft:white_dye":10544,"minecraft:black_carpet":3,"minecraft:blue_wool":12,"minecraft:anvil":36,"minecraft:stonecutter":5,"minecraft:crimson_door":3,"minecraft:torch":3284,"minecraft:magenta_carpet":6,"minecraft:mangrove_wood":30,"minecraft:granite_slab":90,"minecraft:diamond_chestplate":1,"minecraft:ender_chest":8,"minecraft:light_gray_concrete_powder":1936,"minecraft:smooth_stone":1152,"minecraft:cut_sandstone":5056,"minecraft:cut_sandstone_slab":1560,"minecraft:purple_bed":2,"minecraft:pink_bed":1,"minecraft:oak_pressure_plate":1,"minecraft:dark_oak_wood":108,"minecraft:oxidized_cut_copper_stairs":136,"minecraft:birch_slab":6,"minecraft:loom":67,"minecraft:polished_blackstone_slab":90,"minecraft:lever":203,"minecraft:bookshelf":22,"minecraft:dark_prismarine_stairs":104,"minecraft:cooked_mutton":1,"minecraft:iron_bars":560,"minecraft:red_concrete_powder":8,"minecraft:deepslate_brick_stairs":29,"minecraft:dark_oak_hanging_sign":36,"minecraft:magenta_shulker_box":1,"minecraft:quartz_block":2026,"minecraft:glass":3385,"minecraft:light_blue_terracotta":752,"minecraft:repeater":106,"minecraft:diamond_leggings":5,"minecraft:netherite_boots":1,"minecraft:melon_seeds":79,"minecraft:mangrove_stairs":20,"minecraft:polished_blackstone":11,"minecraft:stripped_dark_oak_wood":15,"minecraft:birch_door":6,"minecraft:chiseled_quartz_block":32,"minecraft:magenta_dye":2514,"minecraft:gray_bed":10,"minecraft:flower_pot":107,"minecraft:glass_bottle":99,"minecraft:wooden_shovel":35,"minecraft:emerald":594,"minecraft:smooth_quartz":1120,"minecraft:cooked_porkchop":56,"minecraft:diamond_axe":3,"minecraft:spruce_door":75,"minecraft:clock":14,"minecraft:cobbled_deepslate_wall":60,"minecraft:copper_ingot":3714,"minecraft:hay_block":7,"minecraft:oak_wood":147,"minecraft:campfire":105,"minecraft:light_gray_bed":7,"minecraft:lime_shulker_box":1,"minecraft:lime_bed":22,"minecraft:green_terracotta":2448,"minecraft:compass":573,"minecraft:iron_block":161,"minecraft:white_terracotta":192,"minecraft:gold_ingot":760,"minecraft:light_gray_dye":4256,"minecraft:spruce_fence_gate":86,"minecraft:yellow_concrete_powder":768,"minecraft:smooth_stone_slab":1028,"minecraft:leather_leggings":377,"minecraft:player_head":144,"minecraft:polished_deepslate_stairs":21,"minecraft:cut_copper_stairs":20,"minecraft:pufferfish_bucket":1,"minecraft:yellow_bed":151,"minecraft:red_terracotta":1200,"minecraft:bone_meal":43317,"minecraft:pink_dye":3296,"minecraft:candle":24,"minecraft:white_carpet":693,"minecraft:warped_trapdoor":176,"minecraft:cherry_trapdoor":26,"minecraft:diamond":270,"minecraft:dark_oak_fence":126,"minecraft:deepslate_brick_wall":12,"minecraft:ladder":591,"minecraft:spruce_slab":3864,"minecraft:diamond_boots":3,"minecraft:cobbled_deepslate_stairs":18,"minecraft:deepslate_tile_wall":6,"minecraft:redstone_block":136,"minecraft:dark_oak_planks":5296,"minecraft:stripped_crimson_hyphae":543,"minecraft:golden_helmet":9,"minecraft:coal_block":14,"minecraft:purple_stained_glass_pane":16,"minecraft:crossbow":14,"minecraft:netherite_pickaxe":3,"minecraft:polished_blackstone_brick_slab":14,"minecraft:dried_kelp":26,"minecraft:deepslate_brick_slab":20,"minecraft:red_bed":196,"minecraft:blue_bed":8,"minecraft:polished_granite":12,"minecraft:gray_concrete_powder":6240,"minecraft:white_stained_glass":1992,"minecraft:jungle_slab":12,"minecraft:polished_blackstone_brick_wall":32,"minecraft:sandstone_wall":24,"minecraft:mossy_stone_brick_stairs":168,"minecraft:golden_apple":17,"minecraft:andesite_slab":4326,"minecraft:gray_shulker_box":1,"minecraft:cyan_shulker_box":36,"minecraft:oak_stairs":124,"minecraft:wooden_axe":5,"minecraft:crimson_fence":3,"minecraft:deepslate_tile_stairs":9,"minecraft:iron_leggings":6,"minecraft:white_bed":14,"minecraft:blue_carpet":12,"minecraft:brick":648,"minecraft:oak_planks":6252,"minecraft:dark_oak_boat":2,"minecraft:pink_shulker_box":2,"minecraft:mossy_stone_brick_slab":96,"minecraft:cobblestone_stairs":4,"minecraft:warped_hyphae":228,"minecraft:spruce_pressure_plate":69,"minecraft:green_dye":2923,"minecraft:white_concrete":8,"minecraft:dark_oak_door":33,"minecraft:hopper":115,"minecraft:iron_boots":6,"minecraft:written_book":21,"minecraft:mossy_cobblestone_slab":6,"minecraft:cyan_terracotta":192,"minecraft:netherite_upgrade_smithing_template":10,"minecraft:chiseled_stone_bricks":12,"minecraft:stone_hoe":5,"minecraft:golden_sword":1,"minecraft:honeycomb_block":1,"minecraft:smoker":4,"minecraft:quartz_stairs":86,"minecraft:oak_slab":810,"minecraft:item_frame":410,"minecraft:map":522,"minecraft:crafting_table":76,"minecraft:spruce_planks":23538,"minecraft:mud_brick_slab":120,"minecraft:wooden_pickaxe":7,"minecraft:baked_potato":291,"minecraft:mangrove_trapdoor":266,"minecraft:light_gray_banner":39,"minecraft:gold_block":14,"minecraft:hopper_minecart":5,"minecraft:crimson_pressure_plate":6,"minecraft:brewing_stand":5,"minecraft:birch_planks":2496,"minecraft:black_shulker_box":1,"minecraft:dark_oak_slab":2250,"minecraft:iron_chestplate":6,"minecraft:paper":4218,"minecraft:charcoal":3679,"minecraft:diamond_pickaxe":2,"minecraft:shield":23,"minecraft:light_weighted_pressure_plate":6,"minecraft:birch_fence":54,"minecraft:warped_slab":2890,"minecraft:light_blue_dye":3901,"minecraft:leather_chestplate":464,"minecraft:stone_sword":13,"minecraft:snow_block":56,"minecraft:green_shulker_box":2,"minecraft:polished_blackstone_brick_stairs":71,"minecraft:gray_carpet":210,"minecraft:redstone_torch":299,"minecraft:light_gray_carpet":21,"minecraft:light_gray_stained_glass_pane":1104,"minecraft:shears":58,"minecraft:green_carpet":30,"minecraft:sandstone_stairs":320,"minecraft:polished_andesite":33,"minecraft:cherry_planks":164,"minecraft:coarse_dirt":556,"minecraft:wooden_sword":6,"minecraft:purple_wool":9,"minecraft:cobbled_deepslate_slab":110,"minecraft:raw_iron":9,"minecraft:redstone":1881,"minecraft:coal":9,"minecraft:red_concrete":8,"minecraft:light_gray_stained_glass":1344,"minecraft:popped_chorus_fruit":19,"minecraft:stone_button":3,"minecraft:dark_oak_trapdoor":28,"minecraft:gray_dye":4266,"minecraft:dark_oak_sign":241,"minecraft:mossy_stone_brick_wall":150,"minecraft:diamond_block":20,"minecraft:glass_pane":16,"minecraft:warped_fence":135,"minecraft:netherite_leggings":2,"minecraft:yellow_shulker_box":1,"minecraft:polished_deepslate":252,"minecraft:iron_axe":7,"minecraft:green_concrete_powder":1344,"minecraft:spruce_wood":315,"minecraft:iron_hoe":12,"minecraft:lime_dye":3506,"minecraft:warped_button":7,"minecraft:pink_glazed_terracotta":256,"minecraft:filled_map":82,"minecraft:netherite_scrap":108,"minecraft:observer":89,"minecraft:minecart":27,"minecraft:cooked_beef":837,"minecraft:sugar":1,"minecraft:red_dye":7058,"minecraft:magenta_bed":36,"minecraft:cyan_concrete_powder":112,"minecraft:bone_block":205,"minecraft:crimson_planks":756,"minecraft:diamond_sword":6,"minecraft:cyan_dye":4218,"minecraft:spruce_sign":396,"minecraft:dark_oak_stairs":600,"minecraft:pink_concrete_powder":200,"minecraft:powered_rail":234,"minecraft:smooth_sandstone":701,"minecraft:bowl":24,"minecraft:nether_bricks":337,"minecraft:bucket":133,"minecraft:stone_axe":3,"minecraft:air":0,"minecraft:bread":55,"minecraft:blue_dye":9365,"minecraft:mud_brick_wall":20,"minecraft:oak_boat":4,"minecraft:magenta_terracotta":640,"minecraft:smooth_sandstone_slab":714,"minecraft:white_wool":4041,"minecraft:gold_nugget":54,"minecraft:pink_stained_glass_pane":160,"minecraft:dark_prismarine_slab":76,"minecraft:cherry_door":3,"minecraft:purple_concrete_powder":8,"minecraft:blackstone_slab":16,"minecraft:lapis_lazuli":198,"minecraft:lapis_block":22},"minecraft:picked_up":{"minecraft:suspicious_stew":3,"minecraft:lead":57,"minecraft:smithing_table":169,"minecraft:stone_slab":254,"minecraft:enchanted_book":1,"minecraft:purple_shulker_box":24,"minecraft:blue_concrete":394,"minecraft:music_disc_cat":3,"minecraft:polished_deepslate":126,"minecraft:polished_blackstone_brick_stairs":363,"minecraft:string":2117,"minecraft:wayfinder_armor_trim_smithing_template":1,"minecraft:pufferfish":2,"minecraft:shroomlight":959,"minecraft:sculk_shrieker":3,"minecraft:cherry_boat":1,"minecraft:diamond_leggings":11,"minecraft:horn_coral_block":73,"minecraft:bubble_coral":50,"minecraft:warped_slab":361,"minecraft:hopper_minecart":13,"minecraft:spruce_pressure_plate":18,"minecraft:polished_blackstone_brick_slab":334,"minecraft:polished_blackstone_stairs":4,"minecraft:jukebox":1,"minecraft:big_dripleaf":102,"minecraft:purpur_pillar":30,"minecraft:acacia_log":26,"minecraft:cut_copper_stairs":2,"minecraft:lightning_rod":43,"minecraft:gray_shulker_box":1,"minecraft:warped_door":15,"minecraft:golden_chestplate":2,"minecraft:pink_terracotta":192,"minecraft:green_terracotta":379,"minecraft:cauldron":1,"minecraft:stone_sword":2,"minecraft:horn_coral_fan":128,"minecraft:honey_bottle":4,"minecraft:polished_basalt":479,"minecraft:red_tulip":1064,"minecraft:carved_pumpkin":200,"minecraft:glowstone":127,"minecraft:bookshelf":50,"minecraft:end_rod":71,"minecraft:white_terracotta":80,"minecraft:tadpole_bucket":11,"minecraft:blaze_rod":22,"minecraft:iron_bars":33,"minecraft:snowball":325,"minecraft:sponge":160,"minecraft:feather":2262,"minecraft:cooked_beef":467,"minecraft:medium_amethyst_bud":11,"minecraft:water_bucket":18,"minecraft:dark_oak_boat":8,"minecraft:copper_block":12,"minecraft:flint":4942,"minecraft:cherry_fence":1,"minecraft:purple_stained_glass":31,"minecraft:pink_concrete_powder":25,"minecraft:lantern":361,"minecraft:magenta_terracotta":23,"minecraft:gray_concrete_powder":1,"minecraft:hanging_roots":9,"minecraft:large_amethyst_bud":7,"minecraft:stonecutter":60,"minecraft:warped_hyphae":1,"minecraft:dark_oak_sign":37,"minecraft:diamond_helmet":7,"minecraft:honeycomb":161,"minecraft:glow_lichen":142,"minecraft:chiseled_polished_blackstone":6,"minecraft:lime_terracotta":121,"minecraft:stripped_crimson_stem":863,"minecraft:stripped_spruce_log":159,"minecraft:iron_hoe":1,"minecraft:polished_andesite":66,"minecraft:blue_terracotta":21,"minecraft:deepslate":8204,"minecraft:lever":63,"minecraft:granite":2914,"minecraft:spruce_button":1,"minecraft:cyan_dye":16,"minecraft:rooted_dirt":367,"minecraft:light_gray_carpet":2,"minecraft:diamond_pickaxe":21,"minecraft:crimson_roots":2030,"minecraft:mud":1938,"minecraft:bee_nest":5,"minecraft:stripped_warped_hyphae":156,"minecraft:clay_ball":840,"minecraft:leather_leggings":18,"minecraft:redstone_lamp":38,"minecraft:stripped_cherry_log":34,"minecraft:dragon_head":3,"minecraft:purpur_block":36,"minecraft:yellow_candle":4,"minecraft:fire_coral":48,"minecraft:cornflower":13296,"minecraft:elytra":72,"minecraft:flint_and_steel":437,"minecraft:white_stained_glass":177,"minecraft:white_carpet":98,"minecraft:iron_shovel":1,"minecraft:netherite_sword":28,"minecraft:stripped_warped_stem":188,"minecraft:jungle_sapling":11,"minecraft:poppy":623,"minecraft:spruce_slab":681,"minecraft:minecart":34,"minecraft:birch_sapling":195,"minecraft:piston":74,"minecraft:diamond_hoe":17,"minecraft:copper_ore":663,"minecraft:lime_shulker_box":160,"minecraft:stone":32974,"minecraft:white_dye":186,"minecraft:netherite_pickaxe":103,"minecraft:cyan_shulker_box":801,"minecraft:mangrove_trapdoor":87,"minecraft:stone_shovel":2,"minecraft:decorated_pot":11,"minecraft:purpur_slab":3,"minecraft:hay_block":7,"minecraft:yellow_terracotta":350,"minecraft:totem_of_undying":38,"minecraft:polished_blackstone":5,"minecraft:mutton":42,"minecraft:bone_block":618,"minecraft:rail":678,"minecraft:emerald_ore":3,"minecraft:oxeye_daisy":4516,"minecraft:birch_leaves":170,"minecraft:yellow_shulker_box":47,"minecraft:mud_bricks":239,"minecraft:tripwire_hook":5,"minecraft:yellow_dye":64,"minecraft:red_glazed_terracotta":1,"minecraft:fern":1,"minecraft:blackstone_slab":92,"minecraft:torchflower":178,"minecraft:packed_mud":2,"minecraft:purpur_stairs":4,"minecraft:lily_pad":4,"minecraft:paper":25,"minecraft:apple":109,"minecraft:stone_pickaxe":11,"minecraft:spore_blossom":38,"minecraft:warped_stem":4171,"minecraft:oak_fence_gate":1,"minecraft:pufferfish_bucket":1,"minecraft:iron_ore":1148,"minecraft:cherry_sign":1,"minecraft:magenta_stained_glass":1,"minecraft:gray_bed":7,"minecraft:dark_oak_stairs":47,"minecraft:polished_andesite_stairs":30,"minecraft:smooth_basalt":714,"minecraft:milk_bucket":4,"minecraft:light_gray_stained_glass":190,"minecraft:sweet_berries":262,"minecraft:lime_concrete":80,"minecraft:red_wool":889,"minecraft:cracked_nether_bricks":1,"minecraft:crimson_stairs":17,"minecraft:crying_obsidian":3,"minecraft:dragon_egg":2,"minecraft:leather_helmet":1,"minecraft:oak_wood":25,"minecraft:diamond_shovel":54,"minecraft:coal_ore":640,"minecraft:slime_ball":141,"minecraft:deepslate_redstone_ore":390,"minecraft:painting":71,"minecraft:birch_sign":49,"minecraft:dark_oak_hanging_sign":3,"minecraft:polished_blackstone_brick_wall":47,"minecraft:baked_potato":143,"minecraft:smooth_quartz_slab":23,"minecraft:hopper":421,"minecraft:prismarine_stairs":2,"minecraft:black_carpet":2,"minecraft:light_blue_concrete":129,"minecraft:ender_chest":62,"minecraft:yellow_wool":1244,"minecraft:stone_brick_stairs":27,"minecraft:warped_stairs":403,"minecraft:deepslate_lapis_ore":59,"minecraft:red_candle":3,"minecraft:experience_bottle":2,"minecraft:smooth_stone":196,"minecraft:comparator":2,"minecraft:bucket":251,"minecraft:light_weighted_pressure_plate":2,"minecraft:white_tulip":990,"minecraft:red_dye":11,"minecraft:ender_eye":7,"minecraft:rose_bush":3671,"minecraft:cobblestone_slab":31,"minecraft:azalea":508,"minecraft:wooden_shovel":13,"minecraft:iron_pickaxe":9,"minecraft:smooth_quartz":16,"minecraft:smooth_quartz_stairs":10,"minecraft:deepslate_iron_ore":83,"minecraft:birch_trapdoor":36,"minecraft:polished_deepslate_stairs":12,"minecraft:spruce_stairs":296,"minecraft:diorite":3751,"minecraft:vine":802,"minecraft:goat_horn":8,"minecraft:sniffer_egg":8,"minecraft:rotten_flesh":352,"minecraft:music_disc_ward":1,"minecraft:brown_shulker_box":25,"minecraft:mangrove_roots":30,"minecraft:chorus_flower":57,"minecraft:music_disc_wait":1,"minecraft:deepslate_brick_stairs":27,"minecraft:obsidian":3971,"minecraft:blaze_powder":10,"minecraft:cobblestone":13965,"minecraft:pink_petals":519,"minecraft:leather_chestplate":11,"minecraft:lilac":1553,"minecraft:repeater":70,"minecraft:raiser_armor_trim_smithing_template":1,"minecraft:warped_fungus_on_a_stick":14,"minecraft:andesite":3015,"minecraft:golden_leggings":3,"minecraft:mud_brick_stairs":125,"minecraft:beacon":6,"minecraft:potato":903,"minecraft:prismarine_bricks":10,"minecraft:stripped_birch_log":1,"minecraft:dirt":26088,"minecraft:cut_sandstone_slab":57,"minecraft:name_tag":1,"minecraft:glass":92,"minecraft:bone":1443,"minecraft:acacia_planks":4,"minecraft:granite_wall":2,"minecraft:bow":142,"minecraft:orange_tulip":109,"minecraft:wheat_seeds":36613,"minecraft:grindstone":1,"minecraft:purple_stained_glass_pane":2,"minecraft:mossy_stone_bricks":51,"minecraft:bamboo":922,"minecraft:prismarine":83,"minecraft:light_blue_shulker_box":71,"minecraft:melon":37,"minecraft:warped_fence_gate":4,"minecraft:grass_block":268,"minecraft:diamond_block":68,"minecraft:spectral_arrow":7,"minecraft:mossy_cobblestone":5,"minecraft:jungle_leaves":5,"minecraft:light_gray_terracotta":2,"minecraft:light_blue_terracotta":72,"minecraft:netherite_helmet":12,"minecraft:slime_block":21,"minecraft:cracked_polished_blackstone_bricks":99,"minecraft:crossbow":10,"minecraft:grass":29,"minecraft:bone_meal":902,"minecraft:golden_apple":18,"minecraft:spruce_sign":110,"minecraft:emerald":133,"minecraft:chorus_fruit":198,"minecraft:netherrack":21653,"minecraft:andesite_slab":74,"minecraft:oak_leaves":1667,"minecraft:azure_bluet":1417,"minecraft:splash_potion":2,"minecraft:ladder":307,"minecraft:brown_mushroom":160,"minecraft:packed_ice":79,"minecraft:pink_wool":1,"minecraft:stone_brick_wall":21,"minecraft:chain":54,"minecraft:shield":25,"minecraft:brick":34,"minecraft:oak_trapdoor":7,"minecraft:moss_carpet":715,"minecraft:blackstone":4909,"minecraft:birch_fence":23,"minecraft:mycelium":38,"minecraft:magenta_wool":237,"minecraft:blue_orchid":583,"minecraft:end_stone":265,"minecraft:flowering_azalea_leaves":825,"minecraft:note_block":7,"minecraft:polished_blackstone_bricks":473,"minecraft:cookie":44,"minecraft:trident":21,"minecraft:light_gray_stained_glass_pane":14,"minecraft:stone_pressure_plate":19,"minecraft:purple_candle":1,"minecraft:blue_concrete_powder":20,"minecraft:tube_coral":50,"minecraft:weeping_vines":216,"minecraft:red_shulker_box":197,"minecraft:pumpkin_pie":111,"minecraft:nether_bricks":110,"minecraft:stripped_dark_oak_wood":9,"minecraft:pink_tulip":173,"minecraft:netherite_boots":58,"minecraft:prismarine_slab":5,"minecraft:basalt":6000,"minecraft:golden_carrot":169,"minecraft:magenta_banner":1,"minecraft:leather":2249,"minecraft:music_disc_stal":1,"minecraft:ice":3609,"minecraft:crimson_fungus":302,"minecraft:chainmail_chestplate":7,"minecraft:gunpowder":60,"minecraft:yellow_bed":20,"minecraft:cobbled_deepslate_stairs":5,"minecraft:cobblestone_wall":9,"minecraft:heart_pottery_sherd":2,"minecraft:orange_terracotta":56,"minecraft:red_carpet":26,"minecraft:coast_armor_trim_smithing_template":1,"minecraft:mangrove_boat":1,"minecraft:pearlescent_froglight":65,"minecraft:gray_carpet":40,"minecraft:spruce_wood":34,"minecraft:iron_ingot":708,"minecraft:cooked_chicken":595,"minecraft:polished_andesite_slab":69,"minecraft:verdant_froglight":27,"minecraft:tropical_fish_bucket":7,"minecraft:nether_quartz_ore":2427,"minecraft:warped_fungus":415,"minecraft:emerald_block":131,"minecraft:stone_brick_slab":27,"minecraft:quartz":6010,"minecraft:dandelion":4110,"minecraft:lava_bucket":1,"minecraft:amethyst_shard":49,"minecraft:red_banner":42,"minecraft:nether_brick_slab":2,"minecraft:spruce_door":23,"minecraft:light_blue_concrete_powder":42,"minecraft:pumpkin_seeds":4,"minecraft:sculk_sensor":129,"minecraft:white_concrete_powder":304,"minecraft:prismarine_wall":7,"minecraft:chainmail_leggings":1,"minecraft:cherry_sapling":223,"minecraft:terracotta":8007,"minecraft:damaged_anvil":1,"minecraft:netherite_hoe":1,"minecraft:dark_oak_wood":31,"minecraft:wooden_axe":3,"minecraft:sunflower":2592,"minecraft:seagrass":40,"minecraft:iron_chestplate":1,"minecraft:chainmail_boots":7,"minecraft:flower_pot":27,"minecraft:anvil":13,"minecraft:prismarine_shard":6,"minecraft:diamond_sword":68,"minecraft:oak_stairs":12,"minecraft:brewing_stand":4,"minecraft:amethyst_block":69,"minecraft:polished_deepslate_wall":2,"minecraft:dark_oak_trapdoor":22,"minecraft:soul_soil":125,"minecraft:cooked_salmon":3,"minecraft:blue_stained_glass_pane":5,"minecraft:beetroot":68,"minecraft:gold_nugget":953,"minecraft:cobbled_deepslate":10620,"minecraft:spruce_planks":3698,"minecraft:acacia_sign":132,"minecraft:written_book":73,"minecraft:netherite_upgrade_smithing_template":1,"minecraft:azalea_leaves":1809,"minecraft:coal_block":1,"minecraft:melon_slice":3573,"minecraft:mangrove_log":66,"minecraft:dark_oak_door":20,"minecraft:golden_helmet":4,"minecraft:sheaf_pottery_sherd":1,"minecraft:beehive":17,"minecraft:composter":7,"minecraft:pink_carpet":12,"minecraft:sandstone_wall":18,"minecraft:cherry_log":686,"minecraft:warped_planks":2981,"minecraft:deepslate_tile_stairs":28,"minecraft:black_dye":16,"minecraft:shaper_armor_trim_smithing_template":3,"minecraft:light_gray_bed":4,"minecraft:tropical_fish":535,"minecraft:blue_dye":4,"minecraft:iron_block":429,"minecraft:cyan_terracotta":25,"minecraft:netherite_chestplate":8,"minecraft:mangrove_door":6,"minecraft:blackstone_stairs":37,"minecraft:birch_log":1649,"minecraft:magma_block":121,"minecraft:mossy_cobblestone_slab":1,"minecraft:oxidized_copper":367,"minecraft:cherry_leaves":2638,"minecraft:iron_door":7,"minecraft:jungle_log":159,"minecraft:smoker":1,"minecraft:stripped_spruce_wood":26,"minecraft:netherite_leggings":49,"minecraft:gray_concrete":7072,"minecraft:map":3,"minecraft:mangrove_slab":9,"minecraft:brown_candle":6,"minecraft:light_gray_concrete_powder":1308,"minecraft:twisting_vines":81,"minecraft:chipped_anvil":4,"minecraft:glowstone_dust":16,"minecraft:moss_block":2180,"minecraft:pitcher_pod":48,"minecraft:warped_wart_block":14130,"minecraft:dropper":109,"minecraft:granite_slab":10,"minecraft:ink_sac":5703,"minecraft:crimson_door":2,"minecraft:loom":41,"minecraft:dark_oak_log":3596,"minecraft:barrel":78,"minecraft:red_terracotta":160,"minecraft:bundle":74,"minecraft:quartz_bricks":2,"minecraft:white_candle":1,"minecraft:dispenser":99,"minecraft:green_concrete":992,"minecraft:writable_book":10,"minecraft:polished_granite_slab":1,"minecraft:deepslate_gold_ore":145,"minecraft:chainmail_helmet":1,"minecraft:dark_oak_fence":14,"minecraft:bricks":13,"minecraft:spruce_leaves":1,"minecraft:lime_stained_glass_pane":1,"minecraft:crafting_table":155,"minecraft:coarse_dirt":336,"minecraft:bubble_coral_fan":129,"minecraft:nether_wart":77,"minecraft:crimson_trapdoor":2,"minecraft:stripped_mangrove_log":1,"minecraft:red_bed":193,"minecraft:snow":1,"minecraft:compass":84,"minecraft:cracked_stone_bricks":123,"minecraft:deepslate_diamond_ore":262,"minecraft:beef":2397,"minecraft:iron_nugget":775,"minecraft:quartz_stairs":23,"minecraft:chest":612,"minecraft:raw_copper_block":1,"minecraft:egg":1666,"minecraft:sandstone":18630,"minecraft:polished_deepslate_slab":64,"minecraft:oak_door":1,"minecraft:glow_item_frame":20,"minecraft:amethyst_cluster":80,"minecraft:spruce_fence":298,"minecraft:carrot":163,"minecraft:redstone":3620,"minecraft:prismarine_crystals":3,"minecraft:blue_carpet":1,"minecraft:mangrove_pressure_plate":7,"minecraft:tnt":7938,"minecraft:beetroot_seeds":189,"minecraft:peony":1735,"minecraft:tube_coral_fan":136,"minecraft:diamond_boots":4,"minecraft:shears":25,"minecraft:deepslate_bricks":19,"minecraft:sandstone_stairs":29,"minecraft:warped_sign":1,"minecraft:tube_coral_block":76,"minecraft:gold_ingot":3,"minecraft:white_shulker_box":152,"minecraft:glow_berries":239,"minecraft:lime_concrete_powder":66,"minecraft:white_wool":877,"minecraft:crimson_slab":1,"minecraft:lapis_ore":111,"minecraft:stripped_oak_log":42,"minecraft:chiseled_bookshelf":2,"minecraft:red_mushroom":149,"minecraft:ochre_froglight":10,"minecraft:filled_map":5910,"minecraft:oak_log":5091,"minecraft:ancient_debris":132,"minecraft:golden_boots":5,"minecraft:blue_bed":4,"minecraft:white_banner":5,"minecraft:birch_pressure_plate":28,"minecraft:stone_bricks":197,"minecraft:kelp":14497,"minecraft:glass_bottle":55,"minecraft:mangrove_planks":63,"minecraft:iron_sword":14,"minecraft:flowering_azalea":224,"minecraft:prismarine_brick_stairs":2,"minecraft:dark_oak_slab":523,"minecraft:sculk":1,"minecraft:yellow_concrete":831,"minecraft:spyglass":6,"minecraft:torchflower_seeds":244,"minecraft:gravel":43644,"minecraft:small_amethyst_bud":2,"minecraft:spruce_sapling":1069,"minecraft:spruce_log":12726,"minecraft:sea_lantern":2,"minecraft:firework_rocket":6789,"minecraft:red_stained_glass":17,"minecraft:purple_bed":1,"minecraft:stone_axe":5,"minecraft:polished_diorite":5,"minecraft:diamond_axe":52,"minecraft:redstone_ore":6,"minecraft:gray_wool":1874,"minecraft:warped_roots":1823,"minecraft:oak_button":1,"minecraft:melon_seeds":101,"minecraft:crimson_nylium":99,"minecraft:warped_nylium":178,"minecraft:stripped_dark_oak_log":77,"minecraft:mangrove_propagule":49,"minecraft:pink_dye":5,"minecraft:ender_pearl":239,"minecraft:shulker_shell":172,"minecraft:music_disc_strad":1,"minecraft:wheat":4043,"minecraft:redstone_block":53,"minecraft:light_gray_shulker_box":1,"minecraft:potion":52,"minecraft:turtle_egg":16,"minecraft:brain_coral_block":79,"minecraft:crimson_planks":257,"minecraft:raw_copper":3671,"minecraft:oak_hanging_sign":2,"minecraft:smooth_stone_slab":35,"minecraft:netherite_ingot":1,"minecraft:iron_leggings":6,"minecraft:sticky_piston":22,"minecraft:armor_stand":424,"minecraft:pink_shulker_box":12,"minecraft:oak_sign":33,"minecraft:sea_pickle":1364,"minecraft:activator_rail":18,"minecraft:deepslate_tiles":158,"minecraft:black_shulker_box":2,"minecraft:redstone_torch":122,"minecraft:calcite":5384,"minecraft:deepslate_tile_wall":107,"minecraft:iron_boots":5,"minecraft:furnace":61,"minecraft:stick":2065,"minecraft:orange_shulker_box":2,"minecraft:oak_fence":69,"minecraft:torch":2819,"minecraft:porkchop":60,"minecraft:snow_block":66,"minecraft:dried_kelp":7,"minecraft:pointed_dripstone":861,"minecraft:light_gray_banner":3,"minecraft:quartz_block":24,"minecraft:nether_gold_ore":63,"minecraft:cactus":444,"minecraft:mangrove_stairs":6,"minecraft:green_wool":15,"minecraft:spruce_hanging_sign":5,"minecraft:fire_coral_fan":118,"minecraft:cod":88,"minecraft:nautilus_shell":3,"minecraft:magma_cream":115,"minecraft:chiseled_quartz_block":1,"minecraft:tuff":3041,"minecraft:light_gray_dye":90,"minecraft:warped_trapdoor":41,"minecraft:danger_pottery_sherd":3,"minecraft:horn_coral":57,"minecraft:acacia_boat":1,"minecraft:green_shulker_box":55,"minecraft:lapis_lazuli":575,"minecraft:polished_granite":23,"minecraft:leather_boots":20,"minecraft:green_candle":5,"minecraft:bell":19,"minecraft:raw_gold":540,"minecraft:cobbled_deepslate_slab":32,"minecraft:light_blue_dye":1,"minecraft:powered_rail":127,"minecraft:oak_planks":1944,"minecraft:stone_hoe":3,"minecraft:mossy_stone_brick_stairs":59,"minecraft:brain_coral":46,"minecraft:ghast_tear":14,"minecraft:pink_concrete":71,"minecraft:cooked_porkchop":1427,"minecraft:music_disc_13":13,"minecraft:sand":19336,"minecraft:oak_pressure_plate":4,"minecraft:poisonous_potato":3,"minecraft:axolotl_bucket":30,"minecraft:pink_stained_glass_pane":2,"minecraft:polished_blackstone_slab":76,"minecraft:jungle_planks":1,"minecraft:bamboo_raft":4,"minecraft:oxidized_cut_copper_slab":243,"minecraft:cyan_bed":46,"minecraft:dead_bush":237,"minecraft:lily_of_the_valley":41,"minecraft:shulker_box":1374,"minecraft:dark_prismarine":62,"minecraft:light_gray_concrete":21,"minecraft:dark_prismarine_slab":24,"minecraft:spruce_fence_gate":63,"minecraft:clay":3,"minecraft:diamond":961,"minecraft:spruce_boat":18,"minecraft:black_concrete":158,"minecraft:white_concrete":11417,"minecraft:mud_brick_slab":391,"minecraft:allium":1327,"minecraft:bubble_coral_block":119,"minecraft:oak_sapling":702,"minecraft:end_stone_bricks":7,"minecraft:lingering_potion":1,"minecraft:fishing_rod":3,"minecraft:charcoal":152,"minecraft:cocoa_beans":4819,"minecraft:chicken":1859,"minecraft:chest_minecart":2,"minecraft:wooden_pickaxe":1,"minecraft:stone_stairs":38,"minecraft:orange_concrete":1,"minecraft:iron_axe":3,"minecraft:wooden_sword":6,"minecraft:quartz_slab":59,"minecraft:item_frame":499,"minecraft:warped_fence":156,"minecraft:cyan_carpet":1,"minecraft:candle":16,"minecraft:dark_prismarine_stairs":144,"minecraft:andesite_stairs":5,"minecraft:oak_boat":8,"minecraft:player_head":1433,"minecraft:observer":82,"minecraft:light_gray_wool":778,"minecraft:lectern":27,"minecraft:sugar_cane":205,"minecraft:blue_shulker_box":343,"minecraft:spruce_trapdoor":617,"minecraft:phantom_membrane":21,"minecraft:cherry_trapdoor":29,"minecraft:dark_oak_sapling":243,"minecraft:stripped_crimson_hyphae":50,"minecraft:raw_iron":1684,"minecraft:orange_dye":57,"minecraft:music_disc_relic":5,"minecraft:copper_ingot":47,"minecraft:red_stained_glass_pane":2,"minecraft:bowl":39,"minecraft:quartz_pillar":20,"minecraft:stone_button":11,"minecraft:magenta_shulker_box":4,"minecraft:friend_pottery_sherd":2,"minecraft:dark_oak_planks":1585,"minecraft:smooth_sandstone_slab":75,"minecraft:howl_pottery_sherd":1,"minecraft:arrow":4487,"minecraft:light_blue_stained_glass_pane":1,"minecraft:pink_glazed_terracotta":1,"minecraft:wet_sponge":145,"minecraft:oxidized_cut_copper_stairs":83,"minecraft:crimson_stem":3197,"minecraft:burn_pottery_sherd":1,"minecraft:glow_ink_sac":911,"minecraft:salmon":104,"minecraft:cut_sandstone":154,"minecraft:carrot_on_a_stick":1,"minecraft:birch_planks":2055,"minecraft:mushroom_stew":16,"minecraft:nether_wart_block":5663,"minecraft:cobblestone_stairs":4,"minecraft:deepslate_tile_slab":26,"minecraft:wooden_hoe":2,"minecraft:cut_copper_slab":2,"minecraft:podzol":75,"minecraft:smooth_sandstone":106,"minecraft:fire_coral_block":54,"minecraft:mossy_stone_brick_wall":8,"minecraft:oxidized_cut_copper":1,"minecraft:acacia_sapling":1,"minecraft:soul_sand":181,"minecraft:purple_concrete":9,"minecraft:book":1410,"minecraft:scaffolding":4561,"minecraft:oak_slab":230,"minecraft:pitcher_plant":63,"minecraft:birch_boat":3,"minecraft:pumpkin":59,"minecraft:chiseled_stone_bricks":8,"minecraft:brush":2,"minecraft:raw_iron_block":1,"minecraft:dripstone_block":17,"minecraft:magenta_stained_glass_pane":2,"minecraft:brain_coral_fan":142,"minecraft:blast_furnace":46,"minecraft:mud_brick_wall":30,"minecraft:white_bed":50,"minecraft:mossy_stone_brick_slab":14,"minecraft:gold_ore":97,"minecraft:dark_oak_fence_gate":12,"minecraft:green_carpet":3,"minecraft:spider_eye":7628,"minecraft:stripped_jungle_log":1,"minecraft:lime_dye":43,"minecraft:campfire":41,"minecraft:honey_block":17,"minecraft:iron_helmet":3,"minecraft:black_wool":1,"minecraft:red_concrete":23,"minecraft:coal":1990}},"DataVersion":3463}