{"stats":{"minecraft:killed":{"minecraft:salmon":1,"minecraft:pillager":6,"minecraft:zombie":78,"minecraft:spider":11,"minecraft:silverfish":2,"minecraft:piglin":1,"minecraft:zombie_villager":1,"minecraft:sheep":9,"minecraft:trader_llama":2,"minecraft:ghast":1,"minecraft:slime":13,"minecraft:drowned":35,"minecraft:squid":22,"minecraft:player":3,"minecraft:skeleton":35,"minecraft:chicken":7,"minecraft:magma_cube":10,"minecraft:cow":14,"minecraft:horse":1,"minecraft:wandering_trader":1,"minecraft:enderman":10077,"minecraft:pig":4,"minecraft:creeper":16,"minecraft:blaze":4,"minecraft:phantom":1},"minecraft:broken":{"minecraft:shears":2,"minecraft:iron_leggings":1,"minecraft:diamond_shovel":4,"minecraft:diamond_pickaxe":3,"minecraft:brush":1,"minecraft:iron_pickaxe":13,"minecraft:iron_shovel":1,"minecraft:stone_pickaxe":1,"minecraft:iron_boots":1,"minecraft:iron_chestplate":1,"minecraft:golden_helmet":1},"minecraft:used":{"minecraft:moss_block":75,"minecraft:writable_book":29,"minecraft:dispenser":3,"minecraft:poppy":1,"minecraft:stone":725,"minecraft:warped_sign":8,"minecraft:quartz_stairs":9,"minecraft:rotten_flesh":1,"minecraft:soul_sand":3,"minecraft:weathered_copper":21,"minecraft:cocoa_beans":3,"minecraft:deepslate_brick_slab":929,"minecraft:snowball":4,"minecraft:polished_blackstone_slab":7,"minecraft:packed_ice":25,"minecraft:lava_bucket":10,"minecraft:cherry_leaves":17,"minecraft:bow":159,"minecraft:oak_sapling":411,"minecraft:cooked_cod":3,"minecraft:lime_glazed_terracotta":3,"minecraft:deepslate_brick_wall":569,"minecraft:cactus":1,"minecraft:blackstone":1816,"minecraft:wooden_pickaxe":11,"minecraft:golden_apple":2,"minecraft:deepslate_brick_stairs":1101,"minecraft:purple_concrete_powder":195,"minecraft:oak_pressure_plate":6,"minecraft:diamond_sword":1720,"minecraft:birch_log":57,"minecraft:oak_boat":11,"minecraft:oak_trapdoor":7,"minecraft:orange_concrete":745,"minecraft:carved_pumpkin":2,"minecraft:armor_stand":3,"minecraft:tinted_glass":88,"minecraft:music_disc_5":2,"minecraft:cooked_salmon":13,"minecraft:torch":1581,"minecraft:oak_fence_gate":4,"minecraft:sea_lantern":20,"minecraft:iron_block":698,"minecraft:cherry_slab":18,"minecraft:bamboo":439,"minecraft:basalt":122,"minecraft:lime_concrete":194,"minecraft:warped_stairs":2291,"minecraft:trapped_chest":1,"minecraft:cherry_log":7,"minecraft:wheat_seeds":57,"minecraft:warped_stem":1978,"minecraft:light_blue_shulker_box":41,"minecraft:birch_planks":63,"minecraft:lead":2,"minecraft:cherry_planks":15,"minecraft:glow_ink_sac":9,"minecraft:deepslate_bricks":1237,"minecraft:waxed_exposed_copper":11,"minecraft:polished_deepslate_slab":5431,"minecraft:diamond_block":114,"minecraft:rail":1961,"minecraft:sculk_shrieker":1,"minecraft:white_bed":15,"minecraft:music_disc_strad":3,"minecraft:diamond_pickaxe":112536,"minecraft:warped_trapdoor":602,"minecraft:diamond_shovel":70623,"minecraft:oak_button":3,"minecraft:tnt_minecart":5,"minecraft:spruce_trapdoor":3,"minecraft:potion":10,"minecraft:azalea_leaves":3,"minecraft:cooked_porkchop":11,"minecraft:brush":171,"minecraft:moss_carpet":12,"minecraft:polished_deepslate":10609,"minecraft:polished_basalt":2,"minecraft:decorated_pot":3,"minecraft:green_terracotta":10,"minecraft:waxed_oxidized_copper":25,"minecraft:lantern":11,"minecraft:warped_nylium":79,"minecraft:light_blue_bed":1,"minecraft:item_frame":16,"minecraft:deepslate_diamond_ore":1059,"minecraft:written_book":6,"minecraft:blue_shulker_box":5,"minecraft:gold_block":2,"minecraft:pink_concrete_powder":375,"minecraft:tube_coral_fan":1,"minecraft:dropper":42,"minecraft:stone_pickaxe":189,"minecraft:oak_planks":55,"minecraft:diamond_axe":9524,"minecraft:white_wool":1,"minecraft:yellow_concrete":65,"minecraft:crossbow":1,"minecraft:sticky_piston":82,"minecraft:lever":352,"minecraft:dark_oak_log":24,"minecraft:warped_slab":31,"minecraft:iron_door":2,"minecraft:deepslate":169,"minecraft:chain":5,"minecraft:smooth_stone_slab":1757,"minecraft:coarse_dirt":4,"minecraft:bone_meal":1185,"minecraft:orange_concrete_powder":704,"minecraft:redstone":323,"minecraft:dried_kelp":3,"minecraft:ender_chest":45,"minecraft:brown_shulker_box":6,"minecraft:dirt":29211,"minecraft:warped_pressure_plate":2,"minecraft:wooden_axe":4,"minecraft:oak_stairs":9,"minecraft:yellow_concrete_powder":108,"minecraft:weathered_cut_copper":8,"minecraft:black_stained_glass":177,"minecraft:soul_soil":1,"minecraft:deepslate_tile_stairs":1041,"minecraft:minecart":3,"minecraft:cooked_beef":17,"minecraft:light_gray_bed":1,"minecraft:bamboo_planks":19,"minecraft:iron_leggings":1,"minecraft:snow_block":32,"minecraft:baked_potato":64,"minecraft:birch_boat":1,"minecraft:sniffer_egg":2,"minecraft:spruce_sign":2,"minecraft:waxed_copper_block":1,"minecraft:warped_roots":3,"minecraft:dark_prismarine_slab":295,"minecraft:warped_planks":940,"minecraft:cyan_stained_glass":26,"minecraft:piston":385,"minecraft:cherry_door":1,"minecraft:chicken":4,"minecraft:detector_rail":3,"minecraft:stone_slab":2,"minecraft:yellow_wool":91,"minecraft:stone_axe":29,"minecraft:cobbled_deepslate_slab":128,"minecraft:pink_shulker_box":10,"minecraft:pumpkin_pie":658,"minecraft:orange_dye":6,"minecraft:polished_blackstone":2970,"minecraft:elytra":1,"minecraft:ladder":122,"minecraft:chest":486,"minecraft:white_shulker_box":24,"minecraft:honey_block":91,"minecraft:grass_block":17378,"minecraft:birch_sapling":5,"minecraft:polished_andesite_stairs":2,"minecraft:orange_shulker_box":12,"minecraft:copper_ore":158,"minecraft:furnace":168,"minecraft:potato":38,"minecraft:powered_rail":157,"minecraft:lime_concrete_powder":256,"minecraft:oak_leaves":12,"minecraft:smooth_quartz_stairs":7,"minecraft:cookie":1,"minecraft:sand":710,"minecraft:oxidized_cut_copper_slab":320,"minecraft:black_concrete_powder":1,"minecraft:lightning_rod":25,"minecraft:deepslate_tiles":5974,"minecraft:cherry_hanging_sign":2,"minecraft:stone_button":51,"minecraft:verdant_froglight":1188,"minecraft:lectern":1,"minecraft:lilac":2,"minecraft:soul_lantern":80,"minecraft:wooden_sword":3,"minecraft:dark_oak_fence":3,"minecraft:iron_bars":1575,"minecraft:stone_sword":68,"minecraft:brain_coral_fan":1,"minecraft:red_concrete":1784,"minecraft:stripped_warped_stem":25,"minecraft:netherrack":245,"minecraft:light_gray_shulker_box":6,"minecraft:dragon_egg":1,"minecraft:target":16,"minecraft:warped_wart_block":1,"minecraft:anvil":3,"minecraft:twisting_vines":117,"minecraft:stone_stairs":1,"minecraft:polished_granite_slab":1,"minecraft:glow_lichen":113,"minecraft:red_shulker_box":65,"minecraft:bamboo_fence":32,"minecraft:cyan_shulker_box":57,"minecraft:birch_chest_boat":1,"minecraft:iron_axe":181,"minecraft:warped_fence":173,"minecraft:slime_block":187,"minecraft:smooth_basalt":235,"minecraft:tripwire_hook":8,"minecraft:purple_concrete":81,"minecraft:oxidized_copper":803,"minecraft:cobbled_deepslate":615,"minecraft:cherry_fence":13,"minecraft:observer":59,"minecraft:pointed_dripstone":2,"minecraft:water_bucket":78,"minecraft:prismarine_brick_slab":84,"minecraft:yellow_shulker_box":14,"minecraft:bubble_coral_fan":1,"minecraft:polished_blackstone_bricks":2571,"minecraft:pink_concrete":39,"minecraft:lime_terracotta":11,"minecraft:comparator":32,"minecraft:oak_slab":30,"minecraft:tnt":41,"minecraft:crafting_table":53,"minecraft:birch_sign":101,"minecraft:deepslate_tile_wall":296,"minecraft:oak_log":16,"minecraft:dark_prismarine":259,"minecraft:iron_pickaxe":3374,"minecraft:cyan_concrete":1,"minecraft:cobblestone":1345,"minecraft:red_concrete_powder":1280,"minecraft:kelp":157,"minecraft:sculk_vein":5,"minecraft:jukebox":2,"minecraft:iron_shovel":435,"minecraft:carrot_on_a_stick":13,"minecraft:oak_sign":22,"minecraft:white_concrete_powder":2,"minecraft:shield":21,"minecraft:iron_sword":206,"minecraft:player_head":1,"minecraft:sculk_sensor":2,"minecraft:iron_chestplate":1,"minecraft:oxidized_cut_copper":22,"minecraft:carrot":76,"minecraft:deepslate_tile_slab":20,"minecraft:tuff":32,"minecraft:polished_deepslate_stairs":314,"minecraft:glass":905,"minecraft:cyan_terracotta":1445,"minecraft:coal_ore":69,"minecraft:hopper_minecart":25,"minecraft:stone_bricks":1779,"minecraft:repeater":90,"minecraft:redstone_lamp":32,"minecraft:magma_block":1162,"minecraft:warped_fungus":341,"minecraft:oxidized_cut_copper_stairs":590,"minecraft:polished_blackstone_stairs":4,"minecraft:dark_oak_stairs":23,"minecraft:ender_pearl":1,"minecraft:redstone_block":406,"minecraft:blue_bed":4,"minecraft:yellow_terracotta":2,"minecraft:note_block":3,"minecraft:stone_brick_wall":6,"minecraft:shears":549,"minecraft:cobbled_deepslate_stairs":10,"minecraft:exposed_copper":3,"minecraft:redstone_torch":62,"minecraft:black_concrete":4,"minecraft:firework_rocket":5319,"minecraft:gray_shulker_box":7,"minecraft:string":23,"minecraft:gravel":29,"minecraft:grindstone":1,"minecraft:andesite":320,"minecraft:white_concrete":30,"minecraft:warped_button":166,"minecraft:experience_bottle":167,"minecraft:azalea":1,"minecraft:oak_fence":35,"minecraft:stone_shovel":9,"minecraft:sculk":307,"minecraft:oak_door":2,"minecraft:spyglass":2,"minecraft:hopper":201,"minecraft:cobblestone_wall":437,"minecraft:shulker_box":156,"minecraft:pink_dye":3,"minecraft:granite":9,"minecraft:stone_brick_slab":690,"minecraft:dark_oak_planks":24,"minecraft:cherry_trapdoor":6,"minecraft:golden_carrot":379,"minecraft:cooked_mutton":8,"minecraft:amethyst_block":1,"minecraft:polished_andesite":255,"minecraft:copper_block":774,"minecraft:black_shulker_box":14,"minecraft:beacon":4,"minecraft:stonecutter":4,"minecraft:terracotta":2,"minecraft:painting":1,"minecraft:map":2,"minecraft:fishing_rod":1,"minecraft:bucket":93,"minecraft:polished_blackstone_button":12,"minecraft:smooth_stone":297,"minecraft:soul_torch":7},"minecraft:crafted":{"minecraft:black_dye":65,"minecraft:oxidized_cut_copper_slab":274,"minecraft:oak_sign":60,"minecraft:birch_boat":1,"minecraft:blaze_powder":10,"minecraft:chain":8,"minecraft:diamond_shovel":10,"minecraft:shulker_box":49,"minecraft:diamond_helmet":2,"minecraft:decorated_pot":2,"minecraft:stone_pressure_plate":17,"minecraft:iron_door":3,"minecraft:white_shulker_box":2,"minecraft:warped_stairs":2384,"minecraft:redstone_lamp":64,"minecraft:sticky_piston":112,"minecraft:polished_deepslate_slab":5670,"minecraft:painting":1,"minecraft:lectern":1,"minecraft:stone_slab":90,"minecraft:iron_pickaxe":14,"minecraft:polished_blackstone_bricks":2836,"minecraft:dark_prismarine":39,"minecraft:jukebox":1,"minecraft:orange_shulker_box":2,"minecraft:iron_nugget":903,"minecraft:spyglass":1,"minecraft:soul_torch":116,"minecraft:blue_shulker_box":2,"minecraft:stone_stairs":4,"minecraft:lantern":9,"minecraft:light_gray_shulker_box":1,"minecraft:red_shulker_box":3,"minecraft:stone_pickaxe":1,"minecraft:polished_blackstone_stairs":16,"minecraft:deepslate_tiles":7588,"minecraft:orange_dye":132,"minecraft:oak_fence_gate":6,"minecraft:soul_lantern":83,"minecraft:warped_sign":33,"minecraft:writable_book":1,"minecraft:iron_shovel":3,"minecraft:armor_stand":2,"minecraft:note_block":5,"minecraft:grindstone":25,"minecraft:cherry_slab":18,"minecraft:lightning_rod":39,"minecraft:stone":342,"minecraft:heavy_weighted_pressure_plate":1,"minecraft:warped_planks":7028,"minecraft:polished_blackstone_button":12,"minecraft:stone_brick_slab":930,"minecraft:bow":1,"minecraft:comparator":37,"minecraft:chest":1035,"minecraft:polished_basalt":8,"minecraft:oak_button":12,"minecraft:copper_block":539,"minecraft:rail":2528,"minecraft:oak_fence":75,"minecraft:ender_eye":10,"minecraft:stone_bricks":2476,"minecraft:cherry_fence":12,"minecraft:sea_lantern":13,"minecraft:dropper":90,"minecraft:iron_helmet":2,"minecraft:brown_dye":6,"minecraft:brush":5,"minecraft:oxidized_cut_copper":200,"minecraft:prismarine_brick_slab":96,"minecraft:tnt":213,"minecraft:yellow_dye":88,"minecraft:stick":2525,"minecraft:iron_ingot":4351,"minecraft:light_blue_shulker_box":2,"minecraft:deepslate_bricks":9704,"minecraft:deepslate_tile_slab":36,"minecraft:oak_door":6,"minecraft:stone_brick_wall":6,"minecraft:fishing_rod":1,"minecraft:tripwire_hook":10,"minecraft:furnace":218,"minecraft:piston":257,"minecraft:raw_copper_block":142,"minecraft:oak_trapdoor":6,"minecraft:flint_and_steel":2,"minecraft:cobblestone_wall":516,"minecraft:brown_shulker_box":1,"minecraft:birch_sign":48,"minecraft:iron_sword":1,"minecraft:cooked_salmon":3,"minecraft:white_dye":25,"minecraft:stonecutter":2,"minecraft:anvil":4,"minecraft:torch":2156,"minecraft:diamond_chestplate":1,"minecraft:ender_chest":14,"minecraft:smooth_stone":412,"minecraft:oak_pressure_plate":16,"minecraft:oxidized_cut_copper_stairs":321,"minecraft:slime_block":14,"minecraft:polished_blackstone_slab":18,"minecraft:lever":42,"minecraft:cooked_mutton":7,"minecraft:iron_bars":1792,"minecraft:red_concrete_powder":1280,"minecraft:deepslate_brick_stairs":323,"minecraft:magenta_shulker_box":2,"minecraft:quartz_block":17,"minecraft:glass":896,"minecraft:repeater":97,"minecraft:diamond_leggings":2,"minecraft:polished_blackstone":6332,"minecraft:magenta_dye":2,"minecraft:bamboo_raft":5,"minecraft:target":4,"minecraft:cooked_porkchop":8,"minecraft:diamond_axe":2,"minecraft:copper_ingot":4950,"minecraft:hay_block":4,"minecraft:tnt_minecart":5,"minecraft:light_gray_bed":1,"minecraft:bamboo_planks":6596,"minecraft:smooth_basalt":640,"minecraft:iron_block":54,"minecraft:light_blue_bed":1,"minecraft:gold_ingot":225,"minecraft:light_gray_dye":3,"minecraft:yellow_concrete_powder":104,"minecraft:stone_shovel":3,"minecraft:smooth_stone_slab":2016,"minecraft:polished_deepslate_stairs":328,"minecraft:tinted_glass":128,"minecraft:bone_meal":1908,"minecraft:pink_dye":6,"minecraft:warped_trapdoor":558,"minecraft:cherry_trapdoor":6,"minecraft:diamond":288,"minecraft:dark_oak_fence":3,"minecraft:detector_rail":6,"minecraft:deepslate_brick_wall":150,"minecraft:ladder":132,"minecraft:diamond_boots":2,"minecraft:cobbled_deepslate_stairs":12,"minecraft:deepslate_tile_wall":216,"minecraft:redstone_block":491,"minecraft:dark_oak_planks":68,"minecraft:golden_helmet":1,"minecraft:coal_block":134,"minecraft:crossbow":1,"minecraft:deepslate_brick_slab":342,"minecraft:glowstone":64,"minecraft:gray_shulker_box":2,"minecraft:wooden_axe":1,"minecraft:oak_stairs":8,"minecraft:warped_pressure_plate":1,"minecraft:iron_leggings":1,"minecraft:deepslate_tile_stairs":604,"minecraft:white_bed":3,"minecraft:cherry_hanging_sign":6,"minecraft:oak_planks":3036,"minecraft:pink_shulker_box":2,"minecraft:bamboo_block":3298,"minecraft:hopper":255,"minecraft:iron_boots":2,"minecraft:raw_copper":4320,"minecraft:weathered_cut_copper":8,"minecraft:raw_iron_block":121,"minecraft:quartz_stairs":8,"minecraft:item_frame":8,"minecraft:oak_slab":36,"minecraft:crafting_table":84,"minecraft:spruce_planks":28,"minecraft:wooden_pickaxe":1,"minecraft:baked_potato":64,"minecraft:hopper_minecart":30,"minecraft:birch_planks":3624,"minecraft:black_shulker_box":2,"minecraft:book":1,"minecraft:iron_chestplate":1,"minecraft:paper":237,"minecraft:diamond_pickaxe":10,"minecraft:warped_slab":30,"minecraft:light_blue_dye":4,"minecraft:stone_sword":1,"minecraft:redstone_torch":365,"minecraft:shears":6,"minecraft:polished_andesite":512,"minecraft:cherry_planks":104,"minecraft:coarse_dirt":16,"minecraft:cobbled_deepslate_slab":42,"minecraft:raw_iron":1088,"minecraft:redstone":2646,"minecraft:coal":973,"minecraft:bamboo_chest_raft":2,"minecraft:bamboo_fence":33,"minecraft:stone_button":70,"minecraft:gray_dye":2,"minecraft:diamond_block":210,"minecraft:warped_fence":219,"minecraft:yellow_shulker_box":2,"minecraft:polished_deepslate":23700,"minecraft:iron_axe":1,"minecraft:birch_chest_boat":1,"minecraft:iron_hoe":2,"minecraft:slime_ball":468,"minecraft:orange_concrete_powder":384,"minecraft:warped_button":197,"minecraft:minecart":35,"minecraft:observer":87,"minecraft:cooked_beef":15,"minecraft:red_dye":266,"minecraft:bone_block":6,"minecraft:diamond_sword":3,"minecraft:dark_oak_stairs":16,"minecraft:powered_rail":174,"minecraft:bucket":17,"minecraft:stone_axe":1,"minecraft:air":0,"minecraft:blue_dye":4,"minecraft:oak_boat":2,"minecraft:white_wool":3,"minecraft:dark_prismarine_slab":174,"minecraft:cherry_door":3,"minecraft:acacia_planks":16,"minecraft:carrot_on_a_stick":1,"minecraft:trapped_chest":1,"minecraft:firework_rocket":846},"minecraft:dropped":{"minecraft:porkchop":3,"minecraft:lapis_lazuli":76,"minecraft:mud_brick_slab":1,"minecraft:glass_bottle":1,"minecraft:diamond":47,"minecraft:crafting_table":1,"minecraft:warped_roots":40,"minecraft:oxidized_cut_copper_slab":2,"minecraft:emerald":8,"minecraft:cherry_leaves":8,"minecraft:gold_nugget":3,"minecraft:writable_book":1,"minecraft:sand":140,"minecraft:verdant_froglight":15,"minecraft:dark_oak_planks":3,"minecraft:white_wool":5,"minecraft:birch_stairs":1,"minecraft:stone_axe":3,"minecraft:compass":31,"minecraft:lever":2,"minecraft:diamond_block":236,"minecraft:iron_nugget":6,"minecraft:cobbled_deepslate":1136,"minecraft:wheat":7,"minecraft:rotten_flesh":62,"minecraft:oak_planks":6,"minecraft:azure_bluet":49,"minecraft:warped_planks":4,"minecraft:coal_ore":7,"minecraft:quartz_block":5,"minecraft:leather_boots":1,"minecraft:purple_stained_glass_pane":4,"minecraft:wheat_seeds":404,"minecraft:smooth_quartz_stairs":5,"minecraft:light_gray_stained_glass_pane":1,"minecraft:prismarine_crystals":4,"minecraft:book":1,"minecraft:golden_apple":5,"minecraft:gray_wool":14,"minecraft:wooden_axe":1,"minecraft:lapis_ore":2,"minecraft:stripped_birch_log":1,"minecraft:smooth_stone":2,"minecraft:snow_block":12,"minecraft:netherite_hoe":1,"minecraft:player_head":14,"minecraft:orange_concrete":73,"minecraft:stone_shovel":2,"minecraft:name_tag":1,"minecraft:torchflower_seeds":1,"minecraft:oak_sign":6,"minecraft:diamond_sword":2,"minecraft:diamond_pickaxe":15,"minecraft:redstone_torch":16,"minecraft:stone_bricks":66,"minecraft:bamboo":23,"minecraft:bow":1,"minecraft:magma_block":8,"minecraft:terracotta":2,"minecraft:moss_block":8,"minecraft:ender_pearl":2324,"minecraft:leather":8,"minecraft:dark_oak_log":3,"minecraft:mutton":2,"minecraft:snowball":40,"minecraft:gold_ingot":2,"minecraft:twisting_vines":1,"minecraft:cooked_mutton":1,"minecraft:dropper":2,"minecraft:iron_ore":13,"minecraft:iron_bars":26,"minecraft:netherite_axe":1,"minecraft:polished_deepslate":4,"minecraft:blue_terracotta":1,"minecraft:kelp":199,"minecraft:lime_concrete":6,"minecraft:green_concrete":64,"minecraft:flint_and_steel":1,"minecraft:deepslate_bricks":15,"minecraft:copper_ore":18,"minecraft:bamboo_raft":1,"minecraft:andesite":77,"minecraft:oak_sapling":3,"minecraft:birch_sign":1,"minecraft:wooden_pickaxe":2,"minecraft:orange_tulip":88,"minecraft:rooted_dirt":1,"minecraft:cherry_hanging_sign":2,"minecraft:elytra":3,"minecraft:leather_helmet":1,"minecraft:dirt":1451,"minecraft:cracked_deepslate_tiles":1,"minecraft:bone_meal":4,"minecraft:sunflower":154,"minecraft:iron_pickaxe":3,"minecraft:bone":13,"minecraft:oak_door":5,"minecraft:sugar_cane":1,"minecraft:birch_sapling":1,"minecraft:deepslate_brick_slab":4,"minecraft:netherite_shovel":1,"minecraft:chiseled_deepslate":1,"minecraft:ladder":18,"minecraft:white_dye":1,"minecraft:egg":3,"minecraft:iron_ingot":40,"minecraft:netherite_pickaxe":1,"minecraft:cobbled_deepslate_stairs":3,"minecraft:tnt":262,"minecraft:iron_helmet":1,"minecraft:cobblestone":722,"minecraft:yellow_terracotta":3,"minecraft:dark_prismarine_slab":12,"minecraft:granite":92,"minecraft:coal":8,"minecraft:oxeye_daisy":5,"minecraft:golden_carrot":3,"minecraft:wooden_hoe":11,"minecraft:dried_kelp":6,"minecraft:paper":1,"minecraft:string":57,"minecraft:bamboo_planks":6,"minecraft:pink_tulip":43,"minecraft:moss_carpet":2,"minecraft:cobblestone_wall":5,"minecraft:smooth_stone_slab":4,"minecraft:deepslate":364,"minecraft:chicken":1301,"minecraft:polished_deepslate_slab":1,"minecraft:slime_block":13,"minecraft:lily_of_the_valley":1,"minecraft:potato":1,"minecraft:shroomlight":1,"minecraft:stone":133,"minecraft:carved_pumpkin":7,"minecraft:warped_button":1,"minecraft:red_tulip":72,"minecraft:black_wool":1,"minecraft:gold_ore":1,"minecraft:spruce_sign":1,"minecraft:birch_planks":30,"minecraft:flint":6,"minecraft:deepslate_tile_stairs":3,"minecraft:cornflower":5,"minecraft:cooked_cod":5,"minecraft:cut_sandstone":1,"minecraft:birch_log":2,"minecraft:gravel":463,"minecraft:white_tulip":23,"minecraft:blackstone":3,"minecraft:diamond_shovel":5,"minecraft:poppy":23,"minecraft:gunpowder":6,"minecraft:chest":5,"minecraft:basalt":311,"minecraft:arrow":2,"minecraft:quartz":1,"minecraft:written_book":1,"minecraft:oak_leaves":25,"minecraft:netherrack":448,"minecraft:firework_rocket":73,"minecraft:water_bucket":1,"minecraft:oak_slab":4,"minecraft:deepslate_iron_ore":1,"minecraft:mossy_cobblestone":2,"minecraft:poisonous_potato":1,"minecraft:lead":2,"minecraft:light_blue_concrete_powder":2,"minecraft:grass_block":641,"minecraft:stick":57,"minecraft:diorite":108,"minecraft:torch":61,"minecraft:flowering_azalea":10,"minecraft:iron_axe":3,"minecraft:pink_petals":6,"minecraft:dandelion":64,"minecraft:smooth_basalt":17,"minecraft:redstone":339,"minecraft:red_concrete":56,"minecraft:brown_dye":5,"minecraft:coarse_dirt":2,"minecraft:tuff":392,"minecraft:raw_iron":6,"minecraft:composter":1,"minecraft:filled_map":2,"minecraft:shield":4,"minecraft:dragon_egg":32,"minecraft:slime_ball":24,"minecraft:stone_pickaxe":5,"minecraft:raw_gold":36,"minecraft:cracked_deepslate_bricks":10,"minecraft:calcite":5},"minecraft:killed_by":{"minecraft:ravager":3,"minecraft:wither":3,"minecraft:skeleton":1,"minecraft:pillager":1,"minecraft:vindicator":4,"minecraft:evoker":1,"minecraft:creeper":1,"minecraft:player":4},"minecraft:picked_up":{"minecraft:stone_slab":1,"minecraft:lead":16,"minecraft:enchanted_book":3,"minecraft:polished_deepslate":684,"minecraft:string":86,"minecraft:wayfinder_armor_trim_smithing_template":1,"minecraft:shroomlight":6,"minecraft:sculk_shrieker":29,"minecraft:diamond_leggings":10,"minecraft:warped_slab":3,"minecraft:hopper_minecart":3,"minecraft:jukebox":3,"minecraft:cyan_stained_glass":90,"minecraft:acacia_log":4,"minecraft:lightning_rod":11,"minecraft:warped_button":4,"minecraft:warped_pressure_plate":1,"minecraft:green_terracotta":18,"minecraft:gray_shulker_box":7,"minecraft:stone_sword":1,"minecraft:polished_basalt":5,"minecraft:carved_pumpkin":40,"minecraft:red_tulip":72,"minecraft:glowstone":1,"minecraft:white_terracotta":28,"minecraft:blaze_rod":5,"minecraft:iron_bars":32,"minecraft:snowball":44,"minecraft:feather":7,"minecraft:cooked_beef":2,"minecraft:water_bucket":1,"minecraft:copper_block":759,"minecraft:flint":29,"minecraft:cherry_fence":1,"minecraft:lantern":2,"minecraft:exposed_cut_copper_stairs":1,"minecraft:stonecutter":3,"minecraft:diamond_helmet":2,"minecraft:glow_lichen":66,"minecraft:lime_terracotta":6,"minecraft:polished_andesite":94,"minecraft:blue_terracotta":1,"minecraft:deepslate":1029,"minecraft:angler_pottery_sherd":4,"minecraft:lever":313,"minecraft:granite":126,"minecraft:rooted_dirt":1,"minecraft:crimson_roots":36,"minecraft:diamond_pickaxe":26,"minecraft:shelter_pottery_sherd":4,"minecraft:clay_ball":16,"minecraft:redstone_lamp":9,"minecraft:stripped_cherry_log":6,"minecraft:cornflower":9,"minecraft:elytra":12,"minecraft:flint_and_steel":1,"minecraft:stripped_warped_stem":47,"minecraft:poppy":28,"minecraft:minecart":4,"minecraft:birch_sapling":53,"minecraft:piston":350,"minecraft:copper_ore":23,"minecraft:black_stained_glass":222,"minecraft:stone":4159,"minecraft:white_dye":3,"minecraft:netherite_pickaxe":1,"minecraft:cyan_shulker_box":56,"minecraft:stone_shovel":2,"minecraft:decorated_pot":1,"minecraft:cracked_deepslate_bricks":31,"minecraft:yellow_terracotta":7,"minecraft:polished_blackstone":80,"minecraft:mutton":13,"minecraft:rail":71,"minecraft:oxeye_daisy":5,"minecraft:birch_leaves":15,"minecraft:yellow_shulker_box":14,"minecraft:mud_bricks":64,"minecraft:tripwire_hook":6,"minecraft:packed_mud":12,"minecraft:sculk_vein":16,"minecraft:paper":14,"minecraft:apple":5,"minecraft:light_gray_glazed_terracotta":5,"minecraft:warped_stem":4901,"minecraft:oak_fence_gate":2,"minecraft:stone_pickaxe":6,"minecraft:blade_pottery_sherd":2,"minecraft:iron_ore":23,"minecraft:dark_oak_stairs":14,"minecraft:polished_andesite_stairs":2,"minecraft:smooth_basalt":279,"minecraft:lime_concrete":315,"minecraft:weathered_copper":29,"minecraft:dragon_egg":320,"minecraft:leather_helmet":2,"minecraft:diamond_shovel":11,"minecraft:coal_ore":67,"minecraft:slime_ball":19,"minecraft:snort_pottery_sherd":7,"minecraft:painting":1,"minecraft:birch_sign":71,"minecraft:baked_potato":1,"minecraft:hopper":37,"minecraft:ender_chest":49,"minecraft:yellow_wool":207,"minecraft:warped_stairs":181,"minecraft:experience_bottle":137,"minecraft:smooth_stone":193,"minecraft:comparator":8,"minecraft:white_tulip":23,"minecraft:rose_bush":107,"minecraft:ender_eye":4,"minecraft:azalea":29,"minecraft:iron_pickaxe":2,"minecraft:smooth_quartz_stairs":15,"minecraft:deepslate_iron_ore":1,"minecraft:polished_deepslate_stairs":29,"minecraft:netherite_shovel":1,"minecraft:diorite":373,"minecraft:sniffer_egg":4,"minecraft:rotten_flesh":99,"minecraft:brown_shulker_box":6,"minecraft:mangrove_roots":2,"minecraft:deepslate_brick_stairs":292,"minecraft:obsidian":208,"minecraft:cobblestone":9544,"minecraft:pink_petals":10,"minecraft:cherry_planks":3,"minecraft:lilac":10,"minecraft:raiser_armor_trim_smithing_template":1,"minecraft:repeater":34,"minecraft:andesite":3869,"minecraft:beacon":5,"minecraft:potato":173,"minecraft:dirt":41740,"minecraft:stripped_birch_log":1,"minecraft:name_tag":1,"minecraft:glass":37,"minecraft:bone":35,"minecraft:bow":8,"minecraft:wheat_seeds":588,"minecraft:orange_tulip":88,"minecraft:netherite_axe":1,"minecraft:purple_stained_glass_pane":4,"minecraft:mossy_stone_bricks":4,"minecraft:bamboo":4350,"minecraft:cyan_concrete":1,"minecraft:waxed_exposed_copper":11,"minecraft:light_blue_shulker_box":41,"minecraft:grass_block":20448,"minecraft:diamond_block":204,"minecraft:mossy_cobblestone":2,"minecraft:light_gray_terracotta":5,"minecraft:slime_block":44,"minecraft:soul_lantern":9,"minecraft:bone_meal":66,"minecraft:grass":1,"minecraft:golden_apple":17,"minecraft:spruce_sign":4,"minecraft:emerald":16,"minecraft:netherrack":1263,"minecraft:chorus_fruit":1,"minecraft:oak_leaves":519,"minecraft:azure_bluet":49,"minecraft:splash_potion":4,"minecraft:ladder":20,"minecraft:packed_ice":1285,"minecraft:stone_brick_wall":2,"minecraft:chain":1,"minecraft:shield":5,"minecraft:moss_carpet":86,"minecraft:oak_trapdoor":1,"minecraft:blackstone":21377,"minecraft:flowering_azalea_leaves":48,"minecraft:note_block":1,"minecraft:polished_blackstone_bricks":65,"minecraft:cookie":304,"minecraft:light_gray_stained_glass_pane":1,"minecraft:red_shulker_box":63,"minecraft:pumpkin_pie":275,"minecraft:pink_tulip":43,"minecraft:basalt":1821,"minecraft:golden_carrot":264,"minecraft:leather":13,"minecraft:ice":1187,"minecraft:crimson_fungus":28,"minecraft:gunpowder":65,"minecraft:yellow_bed":1,"minecraft:cobbled_deepslate_stairs":6,"minecraft:cobblestone_wall":7,"minecraft:heart_pottery_sherd":2,"minecraft:cooked_mutton":2,"minecraft:iron_ingot":58,"minecraft:prismarine_brick_slab":81,"minecraft:verdant_froglight":129,"minecraft:warped_fungus":391,"minecraft:emerald_block":1,"minecraft:stone_brick_slab":34,"minecraft:quartz":155,"minecraft:dandelion":66,"minecraft:amethyst_shard":616,"minecraft:soul_torch":39,"minecraft:light_blue_concrete_powder":2,"minecraft:sculk_sensor":8,"minecraft:white_concrete_powder":4,"minecraft:chainmail_leggings":1,"minecraft:terracotta":4,"minecraft:netherite_hoe":1,"minecraft:sunflower":159,"minecraft:iron_chestplate":2,"minecraft:diamond_sword":10,"minecraft:oak_stairs":1,"minecraft:wither_rose":1,"minecraft:amethyst_block":1,"minecraft:weathered_cut_copper_stairs":1,"minecraft:soul_soil":120,"minecraft:cooked_salmon":10,"minecraft:explorer_pottery_sherd":2,"minecraft:cobbled_deepslate":44766,"minecraft:gold_nugget":16,"minecraft:waxed_weathered_copper":1,"minecraft:written_book":1,"minecraft:azalea_leaves":43,"minecraft:composter":1,"minecraft:cherry_log":26,"minecraft:warped_planks":34,"minecraft:deepslate_tile_stairs":130,"minecraft:shaper_armor_trim_smithing_template":1,"minecraft:iron_block":677,"minecraft:cyan_terracotta":391,"minecraft:birch_log":1154,"minecraft:magma_block":1337,"minecraft:oxidized_copper":1076,"minecraft:birch_slab":1,"minecraft:iron_door":1,"minecraft:cherry_leaves":33,"minecraft:brown_candle":2,"minecraft:twisting_vines":455,"minecraft:glowstone_dust":275,"minecraft:moss_block":374,"minecraft:warped_wart_block":321,"minecraft:dropper":18,"minecraft:ink_sac":43,"minecraft:dark_oak_log":45,"minecraft:red_terracotta":6,"minecraft:dispenser":12,"minecraft:black_concrete_powder":2,"minecraft:green_concrete":1,"minecraft:writable_book":4,"minecraft:polished_granite_slab":1,"minecraft:cherry_slab":2,"minecraft:bricks":44,"minecraft:music_disc_5":2,"minecraft:coarse_dirt":6,"minecraft:crafting_table":41,"minecraft:bubble_coral_fan":1,"minecraft:mourner_pottery_sherd":3,"minecraft:snow":12,"minecraft:compass":31,"minecraft:deepslate_diamond_ore":11,"minecraft:beef":26,"minecraft:iron_nugget":51,"minecraft:quartz_stairs":4,"minecraft:chest":60,"minecraft:egg":16,"minecraft:polished_deepslate_slab":115,"minecraft:oak_door":4,"minecraft:carrot":242,"minecraft:redstone":3693,"minecraft:prismarine_crystals":27,"minecraft:tnt":280,"minecraft:cooked_cod":8,"minecraft:peony":1,"minecraft:tube_coral_fan":1,"minecraft:deepslate_bricks":350,"minecraft:shears":1,"minecraft:diamond_boots":10,"minecraft:warped_sign":4,"minecraft:gold_ingot":5,"minecraft:white_shulker_box":24,"minecraft:glow_berries":2,"minecraft:white_wool":11,"minecraft:lapis_ore":8,"minecraft:stripped_oak_log":4,"minecraft:red_mushroom":3,"minecraft:filled_map":4,"minecraft:oak_log":880,"minecraft:ancient_debris":3,"minecraft:blue_bed":5,"minecraft:white_banner":1,"minecraft:stone_bricks":167,"minecraft:kelp":542,"minecraft:glass_bottle":3,"minecraft:flowering_azalea":30,"minecraft:sculk":283,"minecraft:yellow_concrete":126,"minecraft:torchflower_seeds":4,"minecraft:gravel":774,"minecraft:birch_stairs":1,"minecraft:sea_lantern":3,"minecraft:firework_rocket":1011,"minecraft:stone_axe":3,"minecraft:diamond_axe":8,"minecraft:gray_wool":37,"minecraft:warped_roots":2508,"minecraft:oak_button":1,"minecraft:warped_nylium":11,"minecraft:ender_pearl":3444,"minecraft:shulker_shell":47,"minecraft:chiseled_deepslate":4,"minecraft:music_disc_strad":4,"minecraft:wheat":75,"minecraft:exposed_copper":69,"minecraft:redstone_block":100,"minecraft:light_gray_shulker_box":6,"minecraft:raw_copper":1646,"minecraft:smooth_stone_slab":143,"minecraft:iron_leggings":2,"minecraft:armor_stand":1,"minecraft:sticky_piston":17,"minecraft:pink_shulker_box":10,"minecraft:oak_sign":15,"minecraft:deepslate_tiles":678,"minecraft:black_shulker_box":12,"minecraft:redstone_torch":31,"minecraft:calcite":7,"minecraft:deepslate_tile_wall":66,"minecraft:furnace":34,"minecraft:iron_boots":1,"minecraft:stick":190,"minecraft:orange_shulker_box":12,"minecraft:deepslate_brick_wall":105,"minecraft:oak_fence":17,"minecraft:torch":550,"minecraft:snow_block":48,"minecraft:porkchop":11,"minecraft:target":7,"minecraft:dried_kelp":9,"minecraft:pointed_dripstone":14,"minecraft:cod":1,"minecraft:magma_cream":1,"minecraft:tuff":1113,"minecraft:warped_trapdoor":150,"minecraft:lapis_lazuli":396,"minecraft:leather_boots":1,"minecraft:deepslate_brick_slab":586,"minecraft:raw_gold":214,"minecraft:cobbled_deepslate_slab":3,"minecraft:powered_rail":23,"minecraft:oak_planks":68,"minecraft:pink_concrete":381,"minecraft:cooked_porkchop":7,"minecraft:birch_chest_boat":1,"minecraft:oak_pressure_plate":2,"minecraft:poisonous_potato":1,"minecraft:sand":4007,"minecraft:lily_of_the_valley":1,"minecraft:oxidized_cut_copper_slab":95,"minecraft:shulker_box":90,"minecraft:dark_prismarine":105,"minecraft:dark_prismarine_slab":87,"minecraft:diamond":2732,"minecraft:black_concrete":10,"minecraft:polished_blackstone_button":3,"minecraft:white_concrete":81,"minecraft:oak_sapling":164,"minecraft:cocoa_beans":12,"minecraft:mud_brick_slab":6,"minecraft:chicken":1295,"minecraft:wooden_pickaxe":2,"minecraft:gold_block":2,"minecraft:orange_concrete":1178,"minecraft:iron_axe":6,"minecraft:wooden_sword":1,"minecraft:item_frame":5,"minecraft:warped_fence":6,"minecraft:detector_rail":3,"minecraft:oak_boat":8,"minecraft:player_head":38,"minecraft:observer":9,"minecraft:blue_shulker_box":5,"minecraft:tinted_glass":177,"minecraft:sugar_cane":152,"minecraft:cherry_trapdoor":2,"minecraft:spruce_trapdoor":3,"minecraft:phantom_membrane":1,"minecraft:raw_iron":1615,"minecraft:copper_ingot":3,"minecraft:stone_button":36,"minecraft:friend_pottery_sherd":2,"minecraft:dark_oak_planks":16,"minecraft:arrow":120,"minecraft:saddle":3,"minecraft:cracked_deepslate_tiles":11,"minecraft:oxidized_cut_copper_stairs":208,"minecraft:burn_pottery_sherd":1,"minecraft:salmon":3,"minecraft:cut_sandstone":7,"minecraft:carrot_on_a_stick":1,"minecraft:birch_planks":81,"minecraft:waxed_copper_block":1,"minecraft:deepslate_tile_slab":6,"minecraft:wooden_hoe":11,"minecraft:soul_sand":11,"minecraft:oxidized_cut_copper":6,"minecraft:purple_concrete":239,"minecraft:book":7,"minecraft:oak_slab":13,"minecraft:birch_boat":1,"minecraft:bamboo_planks":1,"minecraft:pumpkin":49,"minecraft:chiseled_stone_bricks":6,"minecraft:brain_coral_fan":1,"minecraft:white_bed":13,"minecraft:gold_ore":1,"minecraft:spider_eye":1,"minecraft:honey_block":6,"minecraft:iron_helmet":1,"minecraft:black_wool":1,"minecraft:red_concrete":2231,"minecraft:coal":2180},"minecraft:custom":{"minecraft:interact_with_crafting_table":872,"minecraft:damage_blocked_by_shield":490,"minecraft:play_time":20086674,"minecraft:deaths":26,"minecraft:jump":93763,"minecraft:play_record":5,"minecraft:inspect_dispenser":16,"minecraft:horse_one_cm":2816,"minecraft:inspect_dropper":357,"minecraft:interact_with_anvil":63,"minecraft:inspect_hopper":199,"minecraft:tune_noteblock":95,"minecraft:time_since_rest":1567,"minecraft:swim_one_cm":191475,"minecraft:open_chest":11961,"minecraft:open_shulker_box":7949,"minecraft:damage_resisted":89,"minecraft:play_noteblock":1,"minecraft:talked_to_villager":5,"minecraft:interact_with_beacon":7,"minecraft:boat_one_cm":292870,"minecraft:damage_taken":43455,"minecraft:aviate_one_cm":255182677,"minecraft:open_barrel":423,"minecraft:leave_game":398,"minecraft:time_since_death":117712,"minecraft:enchant_item":4,"minecraft:interact_with_furnace":976,"minecraft:sleep_in_bed":503,"minecraft:damage_dealt":55483,"minecraft:interact_with_smithing_table":1,"minecraft:target_hit":77,"minecraft:sneak_time":1454831,"minecraft:interact_with_lectern":51,"minecraft:interact_with_blast_furnace":1,"minecraft:total_world_time":20086674,"minecraft:interact_with_stonecutter":56,"minecraft:fly_one_cm":19130948,"minecraft:fish_caught":1,"minecraft:fall_one_cm":2460867,"minecraft:animals_bred":3,"minecraft:sprint_one_cm":18187789,"minecraft:drop":1060,"minecraft:walk_on_water_one_cm":502146,"minecraft:open_enderchest":730,"minecraft:player_kills":6,"minecraft:crouch_one_cm":6600242,"minecraft:mob_kills":10360,"minecraft:climb_one_cm":135849,"minecraft:walk_one_cm":27376236,"minecraft:walk_under_water_one_cm":1435661,"minecraft:interact_with_grindstone":4,"minecraft:trigger_trapped_chest":4,"minecraft:minecart_one_cm":60368,"minecraft:pig_one_cm":764004},"minecraft:mined":{"minecraft:red_shulker_box":61,"minecraft:white_bed":13,"minecraft:cyan_shulker_box":54,"minecraft:granite":141,"minecraft:acacia_log":4,"minecraft:deepslate_tile_wall":71,"minecraft:exposed_cut_copper_stairs":1,"minecraft:oak_pressure_plate":1,"minecraft:oak_wall_sign":3,"minecraft:polished_blackstone_bricks":81,"minecraft:magma_block":1407,"minecraft:warped_pressure_plate":1,"minecraft:cobbled_deepslate":54,"minecraft:fire":24,"minecraft:deepslate_lapis_ore":65,"minecraft:twisting_vines":30,"minecraft:white_shulker_box":24,"minecraft:player_head":3,"minecraft:tripwire":18,"minecraft:cut_sandstone":8,"minecraft:kelp_plant":46,"minecraft:deepslate_brick_wall":93,"minecraft:deepslate_tile_slab":6,"minecraft:powder_snow":21,"minecraft:torch":42,"minecraft:note_block":1,"minecraft:oxidized_copper":655,"minecraft:sugar_cane":50,"minecraft:bricks":47,"minecraft:amethyst_block":1,"minecraft:cherry_slab":2,"minecraft:birch_sapling":1,"minecraft:white_terracotta":31,"minecraft:chain":1,"minecraft:repeater":24,"minecraft:verdant_froglight":113,"minecraft:bamboo_planks":1,"minecraft:tinted_glass":81,"minecraft:jukebox":3,"minecraft:yellow_glazed_terracotta":4,"minecraft:grass":300,"minecraft:smooth_basalt":23,"minecraft:deepslate":46533,"minecraft:suspicious_gravel":2,"minecraft:deepslate_tiles":575,"minecraft:dark_prismarine":60,"minecraft:mossy_cobblestone":3,"minecraft:dark_oak_log":45,"minecraft:cyan_stained_glass":26,"minecraft:sea_lantern":9,"minecraft:redstone_wire":77,"minecraft:waxed_weathered_copper":1,"minecraft:white_concrete_powder":1,"minecraft:redstone_ore":4,"minecraft:packed_mud":14,"minecraft:light_blue_concrete_powder":1,"minecraft:pink_concrete":382,"minecraft:andesite":3876,"minecraft:green_terracotta":23,"minecraft:cyan_concrete":1,"minecraft:vine":10,"minecraft:rail":69,"minecraft:brain_coral_wall_fan":1,"minecraft:ender_chest":35,"minecraft:oak_slab":8,"minecraft:mud_brick_slab":5,"minecraft:birch_stairs":4,"minecraft:redstone_block":36,"minecraft:glass_pane":16,"minecraft:soul_sand":11,"minecraft:dandelion":3,"minecraft:cornflower":4,"minecraft:warped_roots":47,"minecraft:lightning_rod":12,"minecraft:tall_grass":36,"minecraft:copper_ore":258,"minecraft:deepslate_gold_ore":165,"minecraft:diorite":403,"minecraft:warped_wart_block":324,"minecraft:black_stained_glass":141,"minecraft:red_terracotta":6,"minecraft:coarse_dirt":15,"minecraft:cobblestone_wall":6,"minecraft:purple_concrete":237,"minecraft:dark_prismarine_slab":92,"minecraft:sunflower":11,"minecraft:gravel":969,"minecraft:cobweb":28,"minecraft:birch_sign":3,"minecraft:polished_blackstone":117,"minecraft:stone_bricks":232,"minecraft:gold_ore":1,"minecraft:oak_sapling":2,"minecraft:spruce_trapdoor":3,"minecraft:white_concrete":101,"minecraft:composter":1,"minecraft:red_tulip":3,"minecraft:pointed_dripstone":13,"minecraft:flowering_azalea_leaves":62,"minecraft:iron_bars":36,"minecraft:azalea":13,"minecraft:deepslate_redstone_ore":665,"minecraft:brown_shulker_box":6,"minecraft:exposed_copper":69,"minecraft:medium_amethyst_bud":1,"minecraft:orange_terracotta":1,"minecraft:light_gray_terracotta":5,"minecraft:beacon":5,"minecraft:nether_quartz_ore":84,"minecraft:oak_planks":68,"minecraft:wall_torch":80,"minecraft:warped_nylium":46,"minecraft:blue_terracotta":19,"minecraft:powered_rail":19,"minecraft:warped_planks":40,"minecraft:tnt":13,"minecraft:smooth_stone_slab":188,"minecraft:oak_log":945,"minecraft:lime_terracotta":7,"minecraft:dirt":42894,"minecraft:dispenser":13,"minecraft:ancient_debris":3,"minecraft:quartz_stairs":5,"minecraft:mangrove_roots":2,"minecraft:glow_lichen":72,"minecraft:lever":5,"minecraft:ladder":12,"minecraft:tube_coral_wall_fan":1,"minecraft:stone_button":12,"minecraft:weathered_copper":30,"minecraft:decorated_pot":2,"minecraft:birch_slab":2,"minecraft:spruce_leaves":8,"minecraft:nether_sprouts":35,"minecraft:polished_basalt":2,"minecraft:light_gray_shulker_box":6,"minecraft:detector_rail":1,"minecraft:peony":1,"minecraft:gold_block":2,"minecraft:shroomlight":6,"minecraft:deepslate_iron_ore":153,"minecraft:oxidized_cut_copper_slab":40,"minecraft:stripped_oak_log":4,"minecraft:snow_block":61,"minecraft:basalt":2025,"minecraft:warped_fence":6,"minecraft:polished_granite":1,"minecraft:oak_fence":17,"minecraft:honey_block":6,"minecraft:stone_slab":1,"minecraft:deepslate_coal_ore":1,"minecraft:red_concrete":3008,"minecraft:birch_planks":11,"minecraft:ice":1328,"minecraft:cocoa":4,"minecraft:yellow_concrete":128,"minecraft:cracked_stone_bricks":2,"minecraft:mossy_stone_bricks":7,"minecraft:dark_oak_planks":16,"minecraft:polished_granite_slab":1,"minecraft:stripped_warped_stem":56,"minecraft:warped_stairs":182,"minecraft:carved_pumpkin":2,"minecraft:obsidian":201,"minecraft:stone_brick_wall":2,"minecraft:deepslate_bricks":205,"minecraft:deepslate_tile_stairs":128,"minecraft:hopper":32,"minecraft:chiseled_stone_bricks":6,"minecraft:orange_concrete":1318,"minecraft:tall_seagrass":15,"minecraft:sticky_piston":17,"minecraft:pumpkin":49,"minecraft:moss_carpet":26,"minecraft:oak_sign":4,"minecraft:cave_vines":3,"minecraft:polished_deepslate_slab":149,"minecraft:dirt_path":4,"minecraft:oak_stairs":1,"minecraft:deepslate_brick_stairs":343,"minecraft:iron_block":675,"minecraft:soul_wall_torch":1,"minecraft:amethyst_cluster":50,"minecraft:oxidized_cut_copper_stairs":215,"minecraft:mud_brick_stairs":1,"minecraft:polished_andesite_stairs":2,"minecraft:glass":74,"minecraft:spruce_sign":2,"minecraft:weathered_cut_copper_stairs":1,"minecraft:cherry_fence":1,"minecraft:black_concrete_powder":1,"minecraft:wheat":69,"minecraft:lilac":8,"minecraft:waxed_copper_block":1,"minecraft:lime_concrete":384,"minecraft:warped_fungus":13,"minecraft:copper_block":748,"minecraft:oak_fence_gate":2,"minecraft:blue_shulker_box":5,"minecraft:stonecutter":3,"minecraft:piston":356,"minecraft:infested_deepslate":3,"minecraft:yellow_terracotta":4,"minecraft:pink_shulker_box":9,"minecraft:light_gray_stained_glass_pane":1,"minecraft:stripped_birch_log":1,"minecraft:shulker_box":85,"minecraft:cobbled_deepslate_slab":3,"minecraft:orange_shulker_box":12,"minecraft:horn_coral_wall_fan":1,"minecraft:kelp":7,"minecraft:moss_block":369,"minecraft:polished_blackstone_button":3,"minecraft:snow":10,"minecraft:diamond_block":20,"minecraft:warped_wall_sign":2,"minecraft:potatoes":47,"minecraft:warped_stem":4930,"minecraft:warped_trapdoor":161,"minecraft:smooth_quartz_stairs":1,"minecraft:bamboo_sapling":4,"minecraft:bamboo":57,"minecraft:white_wool":1,"minecraft:cherry_planks":2,"minecraft:comparator":4,"minecraft:observer":13,"minecraft:stone_brick_slab":19,"minecraft:emerald_ore":6,"minecraft:dropper":12,"minecraft:prismarine_brick_slab":84,"minecraft:spruce_log":1,"minecraft:birch_leaves":177,"minecraft:black_shulker_box":12,"minecraft:spruce_planks":1,"minecraft:cobbled_deepslate_stairs":3,"minecraft:sculk_vein":8,"minecraft:cave_vines_plant":2,"minecraft:grass_block":22483,"minecraft:soul_soil":104,"minecraft:mud_bricks":91,"minecraft:smooth_stone":225,"minecraft:glowstone":78,"minecraft:iron_ore":1382,"minecraft:target":7,"minecraft:azure_bluet":1,"minecraft:dark_oak_stairs":14,"minecraft:warped_button":4,"minecraft:birch_wall_sign":6,"minecraft:azalea_leaves":75,"minecraft:cyan_terracotta":428,"minecraft:blackstone":22061,"minecraft:twisting_vines_plant":100,"minecraft:polished_deepslate_stairs":30,"minecraft:soul_lantern":5,"minecraft:clay":4,"minecraft:calcite":7,"minecraft:poppy":2,"minecraft:chest":59,"minecraft:cobblestone":758,"minecraft:slime_block":45,"minecraft:iron_door":1,"minecraft:deepslate_copper_ore":3,"minecraft:pink_petals":5,"minecraft:seagrass":5,"minecraft:light_gray_glazed_terracotta":5,"minecraft:yellow_wool":15,"minecraft:birch_log":1055,"minecraft:sand":3996,"minecraft:tripwire_hook":8,"minecraft:netherrack":1316,"minecraft:oak_leaves":1138,"minecraft:emerald_block":1,"minecraft:redstone_lamp":10,"minecraft:nether_gold_ore":3,"minecraft:tuff":1375,"minecraft:deepslate_diamond_ore":1246,"minecraft:oak_door":1,"minecraft:stripped_cherry_log":6,"minecraft:gray_shulker_box":7,"minecraft:brick_stairs":5,"minecraft:deepslate_brick_slab":579,"minecraft:oxidized_cut_copper":6,"minecraft:oak_trapdoor":1,"minecraft:furnace":35,"minecraft:carrots":76,"minecraft:black_concrete":10,"minecraft:polished_deepslate":771,"minecraft:packed_ice":1355,"minecraft:stone":12755,"minecraft:yellow_shulker_box":14,"minecraft:redstone_wall_torch":8,"minecraft:podzol":14,"minecraft:light_blue_shulker_box":41,"minecraft:flowering_azalea":8,"minecraft:soul_torch":5,"minecraft:crafting_table":38,"minecraft:rose_bush":9,"minecraft:lapis_ore":8,"minecraft:sculk":17,"minecraft:blue_bed":5,"minecraft:redstone_torch":3,"minecraft:yellow_bed":1,"minecraft:coal_ore":1736,"minecraft:bubble_coral_wall_fan":1,"minecraft:terracotta":4,"minecraft:polished_andesite":98,"minecraft:warped_slab":5}},"DataVersion":3463}