{"stats":{"minecraft:broken":{"minecraft:shears":46},"minecraft:dropped":{"minecraft:respawn_anchor":9,"minecraft:porkchop":6,"minecraft:lapis_lazuli":34,"minecraft:chorus_fruit":64,"minecraft:glass_bottle":85,"minecraft:diamond":228,"minecraft:crafting_table":4,"minecraft:cooked_porkchop":124,"minecraft:weeping_vines":9,"minecraft:warped_roots":7,"minecraft:red_mushroom":307,"minecraft:emerald":583,"minecraft:red_bed":1,"minecraft:waxed_weathered_cut_copper_slab":1,"minecraft:dark_oak_fence":65,"minecraft:dark_oak_trapdoor":4,"minecraft:netherite_boots":1,"minecraft:writable_book":1,"minecraft:gold_nugget":6,"minecraft:sand":67,"minecraft:dark_oak_planks":28,"minecraft:small_amethyst_bud":1,"minecraft:white_wool":13,"minecraft:music_disc_blocks":7,"minecraft:goat_horn":2,"minecraft:diamond_block":153,"minecraft:lever":4,"minecraft:iron_nugget":22,"minecraft:cobbled_deepslate":48,"minecraft:wheat":24,"minecraft:netherite_sword":1,"minecraft:rotten_flesh":55,"minecraft:glowstone_dust":7,"minecraft:music_disc_far":5,"minecraft:azure_bluet":3,"minecraft:orange_banner":5,"minecraft:coal_ore":62,"minecraft:music_disc_mall":10,"minecraft:leather_leggings":1,"minecraft:glass":176,"minecraft:beef":16,"minecraft:acacia_fence":4,"minecraft:golden_boots":1,"minecraft:orange_shulker_box":2,"minecraft:black_dye":3,"minecraft:wheat_seeds":993,"minecraft:netherite_chestplate":1,"minecraft:deepslate_tile_slab":55,"minecraft:coal_block":62,"minecraft:acacia_sign":2,"minecraft:lava_bucket":6,"minecraft:dark_oak_leaves":36,"minecraft:ink_sac":29,"minecraft:potion":5,"minecraft:pumpkin":2,"minecraft:red_dye":4,"minecraft:stone_brick_slab":3,"minecraft:snow_block":19,"minecraft:soul_soil":1,"minecraft:player_head":68,"minecraft:clay_ball":16,"minecraft:cobbled_deepslate_slab":36,"minecraft:white_shulker_box":2,"minecraft:oak_sign":1,"minecraft:shears":2,"minecraft:suspicious_stew":179,"minecraft:diamond_sword":3,"minecraft:spruce_trapdoor":15,"minecraft:spruce_planks":4,"minecraft:diamond_pickaxe":6,"minecraft:barrel":16,"minecraft:sandstone":2,"minecraft:bow":8,"minecraft:magma_block":7,"minecraft:soul_sand":1,"minecraft:moss_block":12,"minecraft:polished_granite_slab":1,"minecraft:oak_log":8,"minecraft:ender_pearl":17567,"minecraft:dark_oak_sapling":5,"minecraft:green_shulker_box":1,"minecraft:black_banner":6,"minecraft:music_disc_13":7,"minecraft:dark_oak_log":197,"minecraft:ice":1,"minecraft:snowball":1336,"minecraft:black_shulker_box":2,"minecraft:stripped_oak_wood":2,"minecraft:gold_ingot":289,"minecraft:chiseled_polished_blackstone":6,"minecraft:mossy_stone_brick_slab":92,"minecraft:cyan_shulker_box":3,"minecraft:mycelium":18,"minecraft:mangrove_log":2,"minecraft:stone_brick_wall":4,"minecraft:iron_ore":164,"minecraft:scaffolding":69,"minecraft:bread":680,"minecraft:vine":55,"minecraft:netherite_axe":1,"minecraft:andesite_wall":2,"minecraft:tropical_fish":9,"minecraft:iron_block":6,"minecraft:mossy_cobblestone_slab":1,"minecraft:milk_bucket":9,"minecraft:green_dye":21,"minecraft:light_gray_shulker_box":3,"minecraft:yellow_shulker_box":2,"minecraft:jungle_leaves":107,"minecraft:music_disc_ward":1,"minecraft:polished_andesite_stairs":2,"minecraft:polished_basalt":6,"minecraft:music_disc_wait":9,"minecraft:cactus":5,"minecraft:redstone_block":35,"minecraft:polished_deepslate":4,"minecraft:kelp":12,"minecraft:weathered_copper":2,"minecraft:totem_of_undying":4,"minecraft:shulker_box":7,"minecraft:netherite_leggings":1,"minecraft:deepslate_bricks":526,"minecraft:oak_button":1,"minecraft:andesite":32,"minecraft:oak_sapling":6,"minecraft:birch_sign":7,"minecraft:spruce_log":42,"minecraft:globe_banner_pattern":15,"minecraft:cooked_beef":259,"minecraft:emerald_ore":1,"minecraft:rooted_dirt":64,"minecraft:dark_oak_button":5,"minecraft:elytra":8,"minecraft:leather_helmet":1,"minecraft:red_carpet":102,"minecraft:light_weighted_pressure_plate":268,"minecraft:red_shulker_box":1,"minecraft:dirt":755,"minecraft:chain":49,"minecraft:bone_meal":537,"minecraft:polished_blackstone_slab":72,"minecraft:music_disc_stal":7,"minecraft:bone":35,"minecraft:polished_blackstone_wall":2,"minecraft:sugar_cane":5,"minecraft:music_disc_chirp":11,"minecraft:golden_chestplate":1,"minecraft:birch_sapling":7,"minecraft:deepslate_brick_slab":4,"minecraft:chiseled_deepslate":1,"minecraft:charcoal":249,"minecraft:spruce_slab":2,"minecraft:campfire":1,"minecraft:crying_obsidian":26,"minecraft:egg":6,"minecraft:iron_ingot":1209,"minecraft:netherite_pickaxe":3,"minecraft:gray_stained_glass_pane":2,"minecraft:mangrove_leaves":1472,"minecraft:mangrove_trapdoor":1,"minecraft:tnt":951,"minecraft:polished_blackstone":56,"minecraft:netherite_helmet":1,"minecraft:cobblestone":156,"minecraft:iron_helmet":11,"minecraft:apple":6,"minecraft:granite":12,"minecraft:spruce_button":15,"minecraft:purple_dye":1,"minecraft:polished_blackstone_button":7,"minecraft:coal":45,"minecraft:oxeye_daisy":2,"minecraft:golden_carrot":113,"minecraft:diamond_helmet":1,"minecraft:brown_terracotta":3,"minecraft:magenta_glazed_terracotta":1,"minecraft:paper":12,"minecraft:string":13,"minecraft:spruce_sapling":4,"minecraft:exposed_cut_copper":12,"minecraft:furnace":4,"minecraft:moss_carpet":21,"minecraft:netherite_ingot":12,"minecraft:cobblestone_wall":4,"minecraft:deepslate":33,"minecraft:bowl":7,"minecraft:chicken":27,"minecraft:slime_block":1,"minecraft:pumpkin_seeds":2012,"minecraft:big_dripleaf":2,"minecraft:light_blue_dye":1,"minecraft:cobblestone_slab":2,"minecraft:potato":201,"minecraft:stone":801,"minecraft:carved_pumpkin":25,"minecraft:spider_eye":4,"minecraft:warped_stem":6,"minecraft:brown_mushroom":32,"minecraft:birch_planks":1,"minecraft:diamond_axe":4,"minecraft:lime_shulker_box":2,"minecraft:lantern":27,"minecraft:music_disc_11":13,"minecraft:flint":98,"minecraft:spruce_leaves":4,"minecraft:cyan_terracotta":3,"minecraft:dispenser":134,"minecraft:cornflower":4,"minecraft:pumpkin_pie":55,"minecraft:amethyst_shard":10,"minecraft:birch_log":7,"minecraft:brown_mushroom_block":6,"minecraft:gravel":183,"minecraft:blackstone":29,"minecraft:mangrove_roots":5,"minecraft:diamond_shovel":3,"minecraft:carrot":13,"minecraft:brown_shulker_box":1,"minecraft:poppy":147,"minecraft:gunpowder":76,"minecraft:spruce_pressure_plate":1,"minecraft:glowstone":566,"minecraft:azalea":195,"minecraft:basalt":9,"minecraft:arrow":40,"minecraft:quartz":6,"minecraft:written_book":4,"minecraft:oak_leaves":1,"minecraft:netherrack":1176,"minecraft:firework_rocket":682,"minecraft:water_bucket":2,"minecraft:mossy_cobblestone":19,"minecraft:diamond_leggings":4,"minecraft:poisonous_potato":1,"minecraft:lead":2,"minecraft:grass_block":323,"minecraft:stick":1738,"minecraft:deepslate_brick_stairs":48,"minecraft:diorite":53,"minecraft:nether_gold_ore":3,"minecraft:torch":420,"minecraft:map":2,"minecraft:flowering_azalea":115,"minecraft:music_disc_cat":19,"minecraft:lapis_block":35,"minecraft:dandelion":81,"minecraft:red_concrete":1,"minecraft:warped_nylium":55,"minecraft:ender_chest":2,"minecraft:coarse_dirt":2,"minecraft:raw_copper":12,"minecraft:tuff":157,"minecraft:composter":3,"minecraft:raw_iron":5,"minecraft:acacia_leaves":6,"minecraft:glass_pane":10,"minecraft:snow":11,"minecraft:shield":1,"minecraft:diamond_boots":4,"minecraft:purple_shulker_box":3,"minecraft:nether_quartz_ore":15,"minecraft:music_disc_mellohi":11,"minecraft:light_blue_shulker_box":72},"minecraft:killed_by":{"minecraft:pufferfish":2,"minecraft:zombie":2,"minecraft:drowned":1,"minecraft:creeper":5,"minecraft:piglin":2,"minecraft:player":74,"minecraft:spider":1,"minecraft:enderman":2},"minecraft:mined":{"minecraft:red_shulker_box":93,"minecraft:white_bed":15,"minecraft:cyan_shulker_box":41,"minecraft:red_nether_bricks":2,"minecraft:granite":19,"minecraft:acacia_log":11,"minecraft:deepslate_tile_wall":60,"minecraft:brown_wool":1,"minecraft:exposed_cut_copper_stairs":73,"minecraft:nether_wart":1,"minecraft:magma_block":1497,"minecraft:dark_oak_trapdoor":22,"minecraft:barrel":105,"minecraft:cobbled_deepslate":126,"minecraft:fire":1301,"minecraft:deepslate_lapis_ore":65,"minecraft:spruce_pressure_plate":2,"minecraft:white_shulker_box":57,"minecraft:waxed_exposed_copper":23,"minecraft:player_head":49,"minecraft:blue_concrete_powder":3,"minecraft:deepslate_brick_wall":7,"minecraft:smoker":1,"minecraft:crimson_nylium":7,"minecraft:deepslate_tile_slab":241,"minecraft:powder_snow":116,"minecraft:torch":473,"minecraft:note_block":14,"minecraft:oxidized_copper":38,"minecraft:dead_bush":1,"minecraft:spruce_wall_sign":1,"minecraft:lime_shulker_box":30,"minecraft:sugar_cane":111,"minecraft:amethyst_block":12,"minecraft:birch_sapling":2,"minecraft:white_terracotta":136,"minecraft:chain":70,"minecraft:repeater":30,"minecraft:mud":1399,"minecraft:jukebox":1,"minecraft:magenta_glazed_terracotta":4,"minecraft:grass":1106,"minecraft:waxed_exposed_cut_copper_stairs":15,"minecraft:mangrove_log":4134,"minecraft:smooth_basalt":161,"minecraft:deepslate":15996,"minecraft:deepslate_tiles":616,"minecraft:exposed_cut_copper":81,"minecraft:brown_concrete":8,"minecraft:light_blue_wool":1,"minecraft:dark_oak_log":3161,"minecraft:cyan_stained_glass":16,"minecraft:dark_oak_fence":157,"minecraft:spruce_fence":38,"minecraft:stripped_jungle_wood":49,"minecraft:redstone_wire":109,"minecraft:red_mushroom":413,"minecraft:cartography_table":1,"minecraft:waxed_weathered_copper":2,"minecraft:andesite":233,"minecraft:vine":174,"minecraft:cyan_concrete":16,"minecraft:cobblestone_slab":6,"minecraft:respawn_anchor":27,"minecraft:bone_block":3,"minecraft:green_wool":5,"minecraft:ender_chest":80,"minecraft:waxed_weathered_cut_copper_stairs":2,"minecraft:redstone_block":7,"minecraft:soul_sand":439,"minecraft:lily_of_the_valley":5,"minecraft:dandelion":123,"minecraft:cornflower":2,"minecraft:warped_roots":4,"minecraft:campfire":7,"minecraft:lightning_rod":20,"minecraft:tall_grass":203,"minecraft:copper_ore":43,"minecraft:deepslate_gold_ore":134,"minecraft:diorite":243,"minecraft:black_stained_glass":659,"minecraft:red_terracotta":116,"minecraft:coarse_dirt":55,"minecraft:stripped_spruce_wood":2,"minecraft:cobblestone_wall":1,"minecraft:dark_oak_wall_sign":18,"minecraft:weathered_cut_copper":1,"minecraft:mangrove_leaves":17466,"minecraft:sunflower":5,"minecraft:gravel":2837,"minecraft:cobweb":3,"minecraft:brown_terracotta":251,"minecraft:birch_sign":3,"minecraft:polished_blackstone":446,"minecraft:stone_bricks":6,"minecraft:chipped_anvil":33,"minecraft:iron_trapdoor":1,"minecraft:fern":3,"minecraft:farmland":21,"minecraft:andesite_stairs":36,"minecraft:orange_stained_glass":2,"minecraft:brewing_stand":2,"minecraft:spruce_trapdoor":8,"minecraft:budding_amethyst":4,"minecraft:white_concrete":131,"minecraft:composter":28,"minecraft:flowering_azalea_leaves":1983,"minecraft:iron_bars":47,"minecraft:azalea":7,"minecraft:spruce_slab":91,"minecraft:netherite_block":2,"minecraft:deepslate_redstone_ore":616,"minecraft:brown_shulker_box":195,"minecraft:polished_blackstone_wall":1,"minecraft:exposed_copper":693,"minecraft:medium_amethyst_bud":1,"minecraft:orange_terracotta":106,"minecraft:light_gray_terracotta":117,"minecraft:mossy_cobblestone_wall":1,"minecraft:beacon":3,"minecraft:nether_quartz_ore":269,"minecraft:oak_planks":1,"minecraft:wall_torch":69,"minecraft:stone_stairs":13,"minecraft:light_weighted_pressure_plate":37,"minecraft:warped_nylium":104,"minecraft:dark_oak_slab":31,"minecraft:mossy_stone_brick_wall":3,"minecraft:exposed_cut_copper_slab":6,"minecraft:tnt":14,"minecraft:oak_log":1161,"minecraft:dirt":5779,"minecraft:dispenser":19,"minecraft:ancient_debris":41,"minecraft:crying_obsidian":19,"minecraft:dark_oak_leaves":1204,"minecraft:stripped_mangrove_log":2025,"minecraft:red_stained_glass":3,"minecraft:mangrove_roots":144,"minecraft:mangrove_wall_sign":1,"minecraft:lever":6,"minecraft:glow_lichen":412,"minecraft:ladder":1,"minecraft:stone_button":3,"minecraft:weathered_copper":246,"minecraft:brown_mushroom_block":720,"minecraft:spruce_leaves":1312,"minecraft:crimson_stem":10,"minecraft:polished_basalt":59,"minecraft:nether_sprouts":2,"minecraft:light_gray_shulker_box":128,"minecraft:gray_wall_banner":20,"minecraft:gold_block":82,"minecraft:bookshelf":60,"minecraft:shroomlight":51,"minecraft:deepslate_iron_ore":87,"minecraft:stripped_oak_log":64,"minecraft:pink_terracotta":5,"minecraft:scaffolding":1453,"minecraft:snow_block":4254,"minecraft:stripped_dark_oak_log":70,"minecraft:basalt":776,"minecraft:gray_stained_glass":2,"minecraft:stone_slab":11,"minecraft:red_concrete":3076,"minecraft:birch_planks":29,"minecraft:polished_blackstone_slab":44,"minecraft:ice":21,"minecraft:mangrove_planks":19,"minecraft:bee_nest":1,"minecraft:muddy_mangrove_roots":108,"minecraft:black_wool":21,"minecraft:yellow_concrete":31,"minecraft:purple_shulker_box":37,"minecraft:small_dripleaf":1,"minecraft:mossy_stone_bricks":5,"minecraft:dark_oak_planks":73,"minecraft:polished_granite_slab":1,"minecraft:light_blue_concrete":129,"minecraft:black_terracotta":340,"minecraft:carved_pumpkin":5,"minecraft:obsidian":129,"minecraft:chiseled_polished_blackstone":20,"minecraft:stone_brick_wall":1,"minecraft:deepslate_bricks":1443,"minecraft:coal_block":3,"minecraft:deepslate_tile_stairs":171,"minecraft:lime_stained_glass":2,"minecraft:hopper":24,"minecraft:chiseled_stone_bricks":3,"minecraft:light_blue_stained_glass":8,"minecraft:orange_concrete":18,"minecraft:weeping_vines_plant":3,"minecraft:sticky_piston":11,"minecraft:moss_carpet":13,"minecraft:pumpkin":96,"minecraft:stripped_dark_oak_wood":3,"minecraft:enchanting_table":3,"minecraft:cave_vines":13,"minecraft:polished_deepslate_slab":1,"minecraft:dirt_path":39,"minecraft:small_amethyst_bud":33,"minecraft:deepslate_brick_stairs":140,"minecraft:stripped_mangrove_wood":156,"minecraft:iron_block":411,"minecraft:piston_head":1,"minecraft:brown_mushroom":73,"minecraft:red_bed":5,"minecraft:player_wall_head":42,"minecraft:amethyst_cluster":194,"minecraft:blue_stained_glass":2,"minecraft:oxidized_cut_copper_stairs":7,"minecraft:polished_andesite_stairs":3,"minecraft:glass":90,"minecraft:damaged_anvil":23,"minecraft:weathered_cut_copper_stairs":13,"minecraft:wheat":503,"minecraft:birch_door":1,"minecraft:black_bed":146,"minecraft:stone_brick_stairs":18,"minecraft:copper_block":560,"minecraft:loom":6,"minecraft:stripped_birch_wood":1,"minecraft:blue_shulker_box":8,"minecraft:red_mushroom_block":25251,"minecraft:stonecutter":25,"minecraft:piston":4,"minecraft:infested_deepslate":6,"minecraft:yellow_terracotta":7,"minecraft:pink_shulker_box":64,"minecraft:light_gray_stained_glass_pane":1,"minecraft:stripped_birch_log":64,"minecraft:jack_o_lantern":14,"minecraft:shulker_box":460,"minecraft:cobbled_deepslate_slab":111,"minecraft:orange_shulker_box":151,"minecraft:yellow_concrete_powder":7,"minecraft:moss_block":21,"minecraft:polished_blackstone_button":8,"minecraft:snow":389,"minecraft:acacia_wood":1,"minecraft:diamond_block":445,"minecraft:potatoes":112,"minecraft:warped_stem":3,"minecraft:cut_copper":129,"minecraft:cake":2,"minecraft:white_wool":4,"minecraft:smithing_table":1,"minecraft:light_gray_carpet":3,"minecraft:mangrove_stairs":10,"minecraft:gray_concrete":219,"minecraft:comparator":5,"minecraft:stone_brick_slab":1,"minecraft:observer":63,"minecraft:cobbled_deepslate_wall":2,"minecraft:spruce_button":2,"minecraft:emerald_ore":33,"minecraft:dropper":5,"minecraft:cracked_deepslate_bricks":8,"minecraft:purple_stained_glass":4,"minecraft:spruce_log":628,"minecraft:birch_leaves":1311,"minecraft:red_wall_banner":26,"minecraft:mycelium":2104,"minecraft:dark_oak_sign":4,"minecraft:black_shulker_box":61,"minecraft:large_amethyst_bud":1,"minecraft:spruce_planks":98,"minecraft:cobbled_deepslate_stairs":42,"minecraft:cave_vines_plant":2,"minecraft:grass_block":9342,"minecraft:mangrove_fence":29,"minecraft:soul_soil":181,"minecraft:mud_brick_wall":1,"minecraft:smooth_stone":12,"minecraft:glowstone":888,"minecraft:iron_ore":474,"minecraft:potted_red_mushroom":2,"minecraft:anvil":73,"minecraft:azure_bluet":1,"minecraft:dark_oak_stairs":11,"minecraft:azalea_leaves":5823,"minecraft:green_bed":1,"minecraft:cyan_terracotta":3,"minecraft:blackstone":127,"minecraft:polished_deepslate_stairs":13,"minecraft:soul_lantern":1,"minecraft:clay":22,"minecraft:calcite":79,"minecraft:poppy":174,"minecraft:chest":94,"minecraft:mushroom_stem":6033,"minecraft:cobblestone":480,"minecraft:slime_block":1,"minecraft:grindstone":4,"minecraft:iron_door":17,"minecraft:seagrass":25,"minecraft:light_gray_candle":5,"minecraft:nether_wart_block":282,"minecraft:lapis_block":2,"minecraft:yellow_wool":11,"minecraft:birch_log":1146,"minecraft:stripped_oak_wood":81,"minecraft:mangrove_button":2,"minecraft:yellow_stained_glass_pane":1,"minecraft:cracked_deepslate_tiles":7,"minecraft:sand":8671,"minecraft:crimson_planks":3,"minecraft:netherrack":10578,"minecraft:polished_deepslate_wall":1,"minecraft:oak_leaves":365,"minecraft:emerald_block":167,"minecraft:redstone_lamp":2,"minecraft:nether_gold_ore":30,"minecraft:tuff":1997,"minecraft:red_carpet":64,"minecraft:deepslate_diamond_ore":920,"minecraft:candle":1,"minecraft:gray_shulker_box":3,"minecraft:weeping_vines":4,"minecraft:white_stained_glass":8,"minecraft:mangrove_trapdoor":6,"minecraft:mangrove_propagule":10,"minecraft:rooted_dirt":10,"minecraft:deepslate_brick_slab":108,"minecraft:spore_blossom":1,"minecraft:oxidized_cut_copper":1,"minecraft:furnace":37,"minecraft:spruce_sapling":2,"minecraft:carrots":117,"minecraft:red_concrete_powder":2,"minecraft:dark_oak_fence_gate":2,"minecraft:stripped_spruce_log":77,"minecraft:black_concrete":54,"minecraft:chiseled_deepslate":2,"minecraft:bell":4,"minecraft:dead_horn_coral_block":1,"minecraft:polished_deepslate":249,"minecraft:lantern":47,"minecraft:stripped_acacia_log":64,"minecraft:stripped_jungle_log":64,"minecraft:stone":59877,"minecraft:yellow_shulker_box":13,"minecraft:redstone_wall_torch":3,"minecraft:podzol":4,"minecraft:light_blue_shulker_box":940,"minecraft:flowering_azalea":20,"minecraft:red_wool":4,"minecraft:cut_copper_stairs":45,"minecraft:spruce_door":25,"minecraft:red_banner":1,"minecraft:crafting_table":49,"minecraft:rose_bush":1,"minecraft:lectern":1,"minecraft:lapis_ore":37,"minecraft:blue_bed":7,"minecraft:spruce_stairs":1,"minecraft:gray_wool":23,"minecraft:cactus":53,"minecraft:gray_concrete_powder":24,"minecraft:green_shulker_box":74,"minecraft:polished_blackstone_stairs":40,"minecraft:redstone_torch":5,"minecraft:mangrove_slab":34,"minecraft:coal_ore":1486,"minecraft:end_rod":11,"minecraft:gray_carpet":16,"minecraft:terracotta":656,"minecraft:acacia_wall_sign":1},"minecraft:picked_up":{"minecraft:suspicious_stew":59,"minecraft:stone_slab":25,"minecraft:smithing_table":1,"minecraft:lead":4,"minecraft:enchanted_book":1,"minecraft:purple_shulker_box":38,"minecraft:polished_deepslate":246,"minecraft:music_disc_cat":4,"minecraft:string":31,"minecraft:shroomlight":50,"minecraft:diamond_leggings":9,"minecraft:spruce_pressure_plate":3,"minecraft:polished_blackstone_stairs":38,"minecraft:jukebox":1,"minecraft:big_dripleaf":2,"minecraft:acacia_log":5,"minecraft:cut_copper_stairs":45,"minecraft:lightning_rod":20,"minecraft:golden_chestplate":1,"minecraft:gray_shulker_box":3,"minecraft:pink_terracotta":5,"minecraft:polished_basalt":63,"minecraft:carved_pumpkin":161,"minecraft:glowstone":1567,"minecraft:bookshelf":58,"minecraft:end_rod":10,"minecraft:white_terracotta":133,"minecraft:iron_bars":45,"minecraft:snowball":7052,"minecraft:feather":23,"minecraft:cooked_beef":645,"minecraft:medium_amethyst_bud":1,"minecraft:water_bucket":7,"minecraft:copper_block":558,"minecraft:flint":268,"minecraft:purple_stained_glass":4,"minecraft:lantern":124,"minecraft:gray_concrete_powder":24,"minecraft:exposed_cut_copper_stairs":73,"minecraft:stonecutter":25,"minecraft:dark_oak_sign":43,"minecraft:diamond_helmet":8,"minecraft:honeycomb":833,"minecraft:glow_lichen":373,"minecraft:chiseled_polished_blackstone":26,"minecraft:stripped_spruce_log":77,"minecraft:brown_mushroom_block":532,"minecraft:netherite_block":2,"minecraft:polished_andesite":2,"minecraft:deepslate":1246,"minecraft:lever":9,"minecraft:granite":19,"minecraft:spruce_button":18,"minecraft:rooted_dirt":3,"minecraft:jack_o_lantern":34,"minecraft:light_gray_carpet":6,"minecraft:mangrove_button":4,"minecraft:diamond_pickaxe":39,"minecraft:magenta_glazed_terracotta":19,"minecraft:mud":1301,"minecraft:bee_nest":1,"minecraft:clay_ball":96,"minecraft:redstone_lamp":2,"minecraft:leather_leggings":1,"minecraft:acacia_button":1,"minecraft:cornflower":5,"minecraft:elytra":28,"minecraft:flint_and_steel":45,"minecraft:white_stained_glass":6,"minecraft:polished_blackstone_wall":1,"minecraft:glass_pane":5,"minecraft:netherite_sword":1,"minecraft:poppy":242,"minecraft:spruce_slab":96,"minecraft:birch_sapling":106,"minecraft:piston":3,"minecraft:copper_ore":3,"minecraft:lime_shulker_box":30,"minecraft:black_stained_glass":613,"minecraft:stone":49499,"minecraft:music_disc_mellohi":4,"minecraft:white_dye":8,"minecraft:mangrove_sign":1,"minecraft:netherite_pickaxe":3,"minecraft:cyan_shulker_box":42,"minecraft:mangrove_trapdoor":6,"minecraft:diamond_chestplate":5,"minecraft:cracked_deepslate_bricks":37,"minecraft:yellow_terracotta":6,"minecraft:totem_of_undying":5,"minecraft:polished_blackstone":494,"minecraft:bone_block":122,"minecraft:emerald_ore":30,"minecraft:oxeye_daisy":2,"minecraft:birch_leaves":1185,"minecraft:yellow_shulker_box":15,"minecraft:tripwire_hook":1,"minecraft:acacia_wood":1,"minecraft:paper":40,"minecraft:apple":130,"minecraft:warped_stem":6,"minecraft:spore_blossom":2,"minecraft:iron_ore":487,"minecraft:dark_oak_stairs":11,"minecraft:polished_andesite_stairs":14,"minecraft:smooth_basalt":160,"minecraft:red_wool":5,"minecraft:weathered_copper":247,"minecraft:light_blue_stained_glass":54,"minecraft:crying_obsidian":54,"minecraft:leather_helmet":2,"minecraft:diamond_shovel":21,"minecraft:coal_ore":900,"minecraft:deepslate_redstone_ore":259,"minecraft:birch_sign":5,"minecraft:hopper":21,"minecraft:light_blue_concrete":129,"minecraft:ender_chest":85,"minecraft:yellow_wool":11,"minecraft:stone_brick_stairs":18,"minecraft:lapis_block":37,"minecraft:spruce_chest_boat":2,"minecraft:deepslate_lapis_ore":18,"minecraft:smooth_stone":12,"minecraft:comparator":7,"minecraft:bucket":9,"minecraft:light_weighted_pressure_plate":309,"minecraft:red_dye":12,"minecraft:rose_bush":1822,"minecraft:cobblestone_slab":6,"minecraft:azalea":302,"minecraft:acacia_fence":4,"minecraft:polished_deepslate_stairs":13,"minecraft:spruce_stairs":1,"minecraft:diorite":170,"minecraft:vine":164,"minecraft:goat_horn":2,"minecraft:andesite_wall":2,"minecraft:rotten_flesh":83,"minecraft:music_disc_ward":4,"minecraft:brown_shulker_box":195,"minecraft:mangrove_roots":133,"minecraft:music_disc_wait":3,"minecraft:deepslate_brick_stairs":211,"minecraft:obsidian":142,"minecraft:cobblestone":5635,"minecraft:enchanting_table":3,"minecraft:muddy_mangrove_roots":97,"minecraft:lilac":1,"minecraft:repeater":42,"minecraft:andesite":302,"minecraft:black_bed":152,"minecraft:beacon":3,"minecraft:potato":563,"minecraft:dirt":13697,"minecraft:stripped_birch_log":64,"minecraft:mangrove_fence":29,"minecraft:glass":459,"minecraft:bone":104,"minecraft:bow":16,"minecraft:wheat_seeds":1825,"minecraft:grindstone":81,"minecraft:netherite_axe":1,"minecraft:mossy_stone_bricks":5,"minecraft:cyan_concrete":16,"minecraft:waxed_exposed_copper":23,"minecraft:gray_stained_glass":2,"minecraft:black_stained_glass_pane":30,"minecraft:light_blue_shulker_box":1049,"minecraft:grass_block":2401,"minecraft:diamond_block":517,"minecraft:mossy_cobblestone":147,"minecraft:light_gray_terracotta":113,"minecraft:slime_block":1,"minecraft:netherite_helmet":1,"minecraft:soul_lantern":42,"minecraft:yellow_stained_glass_pane":73,"minecraft:bone_meal":348,"minecraft:spruce_sign":3,"minecraft:emerald":697,"minecraft:netherrack":10180,"minecraft:chorus_fruit":64,"minecraft:oak_leaves":116,"minecraft:azure_bluet":4,"minecraft:ladder":1,"minecraft:brown_mushroom":244,"minecraft:stone_brick_wall":5,"minecraft:chain":236,"minecraft:shield":1,"minecraft:orange_stained_glass":2,"minecraft:moss_carpet":26,"minecraft:mycelium":1856,"minecraft:blackstone":138,"minecraft:flowering_azalea_leaves":597,"minecraft:note_block":15,"minecraft:cookie":63,"minecraft:music_disc_11":3,"minecraft:light_gray_stained_glass_pane":2,"minecraft:blue_concrete_powder":3,"minecraft:weeping_vines":9,"minecraft:red_shulker_box":95,"minecraft:pumpkin_pie":365,"minecraft:stripped_dark_oak_wood":2,"minecraft:black_banner":21,"minecraft:netherite_boots":1,"minecraft:basalt":712,"minecraft:dark_oak_button":126,"minecraft:golden_carrot":446,"minecraft:leather":381,"minecraft:music_disc_stal":3,"minecraft:ice":3,"minecraft:gunpowder":43,"minecraft:cobbled_deepslate_stairs":42,"minecraft:cobblestone_wall":5,"minecraft:orange_terracotta":106,"minecraft:red_carpet":187,"minecraft:gray_carpet":88,"minecraft:iron_ingot":1339,"minecraft:polished_andesite_slab":37,"minecraft:nether_quartz_ore":63,"minecraft:emerald_block":173,"minecraft:stone_brick_slab":107,"minecraft:quartz":272,"minecraft:dandelion":152,"minecraft:lava_bucket":547,"minecraft:amethyst_shard":1061,"minecraft:soul_torch":64,"minecraft:red_banner":28,"minecraft:spruce_door":22,"minecraft:mangrove_leaves":16577,"minecraft:pumpkin_seeds":505,"minecraft:gray_banner":16,"minecraft:exposed_cut_copper_slab":6,"minecraft:terracotta":652,"minecraft:damaged_anvil":25,"minecraft:sunflower":7,"minecraft:birch_door":1,"minecraft:flower_pot":2,"minecraft:anvil":98,"minecraft:diamond_sword":20,"minecraft:brewing_stand":2,"minecraft:golden_sword":2,"minecraft:polished_deepslate_wall":1,"minecraft:amethyst_block":10,"minecraft:weathered_cut_copper_stairs":12,"minecraft:dark_oak_trapdoor":26,"minecraft:soul_soil":175,"minecraft:red_nether_bricks":2,"minecraft:cobbled_deepslate":14823,"minecraft:gold_nugget":126,"minecraft:waxed_weathered_copper":2,"minecraft:spruce_planks":96,"minecraft:acacia_sign":1,"minecraft:written_book":6,"minecraft:azalea_leaves":1894,"minecraft:coal_block":65,"minecraft:mangrove_log":4105,"minecraft:music_disc_blocks":1,"minecraft:composter":26,"minecraft:green_bed":1,"minecraft:deepslate_tile_stairs":190,"minecraft:gray_stained_glass_pane":1,"minecraft:light_blue_wool":1,"minecraft:tropical_fish":11,"minecraft:iron_block":427,"minecraft:cyan_terracotta":3,"minecraft:netherite_chestplate":1,"minecraft:birch_log":1136,"minecraft:magma_block":1216,"minecraft:oxidized_copper":38,"minecraft:iron_door":17,"minecraft:acacia_leaves":3,"minecraft:smoker":1,"minecraft:stripped_spruce_wood":49,"minecraft:netherite_leggings":1,"minecraft:gray_concrete":222,"minecraft:mangrove_slab":21,"minecraft:chipped_anvil":33,"minecraft:glowstone_dust":15,"minecraft:moss_block":145,"minecraft:dropper":6,"minecraft:ink_sac":110,"minecraft:loom":6,"minecraft:dark_oak_log":4804,"minecraft:red_terracotta":113,"minecraft:barrel":122,"minecraft:stripped_acacia_log":64,"minecraft:dispenser":149,"minecraft:polished_granite_slab":2,"minecraft:writable_book":3,"minecraft:deepslate_gold_ore":55,"minecraft:bread":32,"minecraft:dark_oak_fence":204,"minecraft:spruce_leaves":140,"minecraft:coarse_dirt":55,"minecraft:crafting_table":55,"minecraft:nether_wart":2,"minecraft:dead_horn_coral_block":1,"minecraft:stripped_mangrove_log":2023,"minecraft:red_bed":5,"minecraft:snow":306,"minecraft:cartography_table":1,"minecraft:respawn_anchor":35,"minecraft:music_disc_otherside":4,"minecraft:deepslate_diamond_ore":610,"minecraft:iron_nugget":1,"minecraft:chest":118,"minecraft:egg":8,"minecraft:polished_deepslate_slab":1,"minecraft:glow_item_frame":4,"minecraft:amethyst_cluster":102,"minecraft:spruce_fence":37,"minecraft:cake":3,"minecraft:carrot":5189,"minecraft:mushroom_stem":5611,"minecraft:redstone":2296,"minecraft:tnt":1265,"minecraft:deepslate_bricks":1795,"minecraft:shears":3,"minecraft:diamond_boots":27,"minecraft:cut_copper":128,"minecraft:gold_ingot":266,"minecraft:white_shulker_box":59,"minecraft:glow_berries":269,"minecraft:white_wool":251,"minecraft:stripped_oak_log":64,"minecraft:red_mushroom_block":19593,"minecraft:red_mushroom":1751,"minecraft:filled_map":78,"minecraft:brown_concrete":3,"minecraft:oak_log":1070,"minecraft:ancient_debris":41,"minecraft:golden_boots":1,"minecraft:blue_bed":7,"minecraft:stone_bricks":83,"minecraft:kelp":4,"minecraft:music_disc_far":3,"minecraft:waxed_weathered_cut_copper_stairs":2,"minecraft:cobweb":3,"minecraft:glass_bottle":7,"minecraft:mangrove_planks":9,"minecraft:flowering_azalea":104,"minecraft:dark_oak_slab":30,"minecraft:yellow_concrete":31,"minecraft:gravel":2522,"minecraft:spruce_sapling":115,"minecraft:small_amethyst_bud":33,"minecraft:spruce_log":654,"minecraft:waxed_exposed_cut_copper_stairs":15,"minecraft:firework_rocket":1482,"minecraft:red_stained_glass":3,"minecraft:diamond_axe":22,"minecraft:gray_wool":86,"minecraft:warped_roots":9,"minecraft:oak_button":1,"minecraft:warped_nylium":92,"minecraft:stripped_dark_oak_log":71,"minecraft:crimson_nylium":5,"minecraft:mangrove_propagule":271,"minecraft:ender_pearl":18174,"minecraft:chiseled_deepslate":3,"minecraft:music_disc_strad":2,"minecraft:wheat":479,"minecraft:exposed_copper":693,"minecraft:redstone_block":293,"minecraft:iron_trapdoor":1,"minecraft:light_gray_shulker_box":129,"minecraft:potion":9,"minecraft:nether_brick":20,"minecraft:crimson_planks":3,"minecraft:raw_copper":273,"minecraft:globe_banner_pattern":15,"minecraft:armor_stand":2,"minecraft:sticky_piston":12,"minecraft:netherite_ingot":17,"minecraft:pink_shulker_box":63,"minecraft:oak_sign":6,"minecraft:sea_pickle":13,"minecraft:deepslate_tiles":584,"minecraft:black_shulker_box":62,"minecraft:dark_oak_leaves":419,"minecraft:redstone_torch":8,"minecraft:calcite":78,"minecraft:deepslate_tile_wall":118,"minecraft:furnace":28,"minecraft:stick":1479,"minecraft:orange_shulker_box":151,"minecraft:deepslate_brick_wall":20,"minecraft:brown_terracotta":246,"minecraft:torch":1844,"minecraft:snow_block":2480,"minecraft:yellow_concrete_powder":7,"minecraft:blue_stained_glass":2,"minecraft:nether_gold_ore":16,"minecraft:cactus":349,"minecraft:mangrove_stairs":19,"minecraft:green_wool":3,"minecraft:magma_cream":18,"minecraft:tuff":1589,"minecraft:green_shulker_box":75,"minecraft:lapis_lazuli":1291,"minecraft:weathered_cut_copper":1,"minecraft:leather_boots":2,"minecraft:cobbled_deepslate_wall":1,"minecraft:deepslate_brick_slab":132,"minecraft:raw_gold":170,"minecraft:cobbled_deepslate_slab":148,"minecraft:bell":4,"minecraft:light_blue_dye":8,"minecraft:oak_planks":22,"minecraft:ghast_tear":12,"minecraft:black_terracotta":338,"minecraft:cooked_porkchop":62,"minecraft:music_disc_13":1,"minecraft:poisonous_potato":8,"minecraft:polished_blackstone_slab":118,"minecraft:sand":8714,"minecraft:lily_of_the_valley":5,"minecraft:shulker_box":472,"minecraft:exposed_cut_copper":93,"minecraft:diamond":1684,"minecraft:black_concrete":49,"minecraft:polished_blackstone_button":14,"minecraft:white_concrete":130,"minecraft:oak_sapling":55,"minecraft:charcoal":228,"minecraft:chicken":25,"minecraft:gold_block":81,"minecraft:stone_stairs":60,"minecraft:orange_concrete":18,"minecraft:wooden_sword":1,"minecraft:item_frame":46,"minecraft:candle":2,"minecraft:mossy_cobblestone_wall":65,"minecraft:andesite_stairs":36,"minecraft:player_head":204,"minecraft:observer":63,"minecraft:light_gray_wool":63,"minecraft:lectern":1,"minecraft:blue_shulker_box":8,"minecraft:sugar_cane":167,"minecraft:spruce_trapdoor":22,"minecraft:dark_oak_sapling":376,"minecraft:raw_iron":467,"minecraft:stripped_mangrove_wood":147,"minecraft:copper_ingot":23,"minecraft:bowl":3,"minecraft:stone_button":4,"minecraft:dark_oak_planks":182,"minecraft:arrow":112,"minecraft:light_blue_stained_glass_pane":104,"minecraft:lime_stained_glass":2,"minecraft:cracked_deepslate_tiles":13,"minecraft:oxidized_cut_copper_stairs":7,"minecraft:crimson_stem":10,"minecraft:glow_ink_sac":170,"minecraft:birch_planks":29,"minecraft:nether_wart_block":209,"minecraft:cobblestone_stairs":25,"minecraft:deepslate_tile_slab":391,"minecraft:podzol":4,"minecraft:stripped_oak_wood":123,"minecraft:mossy_stone_brick_wall":10,"minecraft:soul_sand":328,"minecraft:oxidized_cut_copper":1,"minecraft:acacia_sapling":1,"minecraft:music_disc_chirp":8,"minecraft:book":18,"minecraft:scaffolding":3894,"minecraft:red_concrete_powder":2,"minecraft:pumpkin":129,"minecraft:chiseled_stone_bricks":107,"minecraft:white_bed":14,"minecraft:dark_oak_fence_gate":3,"minecraft:mossy_stone_brick_slab":112,"minecraft:spider_eye":10,"minecraft:stripped_jungle_log":64,"minecraft:music_disc_mall":2,"minecraft:light_gray_candle":5,"minecraft:campfire":15,"minecraft:stripped_jungle_wood":96,"minecraft:black_wool":17,"minecraft:red_concrete":3064,"minecraft:coal":1316},"minecraft:custom":{"minecraft:interact_with_crafting_table":725,"minecraft:play_time":16219964,"minecraft:deaths":128,"minecraft:jump":100582,"minecraft:play_record":2,"minecraft:interact_with_cartography_table":1,"minecraft:inspect_dispenser":312,"minecraft:inspect_dropper":36,"minecraft:interact_with_anvil":616,"minecraft:inspect_hopper":277,"minecraft:tune_noteblock":327,"minecraft:time_since_rest":835,"minecraft:swim_one_cm":919467,"minecraft:open_chest":8842,"minecraft:open_shulker_box":14923,"minecraft:damage_resisted":373,"minecraft:play_noteblock":102,"minecraft:talked_to_villager":847,"minecraft:interact_with_brewingstand":10,"minecraft:interact_with_beacon":4,"minecraft:boat_one_cm":9853,"minecraft:damage_taken":165884,"minecraft:aviate_one_cm":372165674,"minecraft:open_barrel":6807,"minecraft:bell_ring":37,"minecraft:eat_cake_slice":4,"minecraft:leave_game":466,"minecraft:time_since_death":55172,"minecraft:enchant_item":132,"minecraft:interact_with_furnace":497,"minecraft:traded_with_villager":5310,"minecraft:sleep_in_bed":513,"minecraft:damage_dealt":70775,"minecraft:interact_with_smithing_table":2,"minecraft:sneak_time":848013,"minecraft:interact_with_lectern":73,"minecraft:total_world_time":16219964,"minecraft:interact_with_stonecutter":211,"minecraft:fly_one_cm":28755404,"minecraft:fall_one_cm":3419222,"minecraft:sprint_one_cm":38848353,"minecraft:drop":3426,"minecraft:walk_on_water_one_cm":521091,"minecraft:interact_with_loom":14,"minecraft:open_enderchest":1841,"minecraft:player_kills":30,"minecraft:crouch_one_cm":3161058,"minecraft:mob_kills":30285,"minecraft:climb_one_cm":680729,"minecraft:walk_one_cm":18205584,"minecraft:walk_under_water_one_cm":395280,"minecraft:pot_flower":13,"minecraft:interact_with_grindstone":7,"minecraft:damage_absorbed":557,"minecraft:trigger_trapped_chest":1},"minecraft:killed":{"minecraft:salmon":1,"minecraft:zombie":45,"minecraft:endermite":7,"minecraft:husk":1,"minecraft:witch":1,"minecraft:spider":6,"minecraft:axolotl":4,"minecraft:silverfish":9,"minecraft:piglin":2,"minecraft:zombie_villager":1,"minecraft:trader_llama":4,"minecraft:ghast":10,"minecraft:squid":34,"minecraft:player":77,"minecraft:pufferfish":1,"minecraft:skeleton":141,"minecraft:chicken":9,"minecraft:magma_cube":22,"minecraft:glow_squid":45,"minecraft:wandering_trader":2,"minecraft:enderman":29925,"minecraft:creeper":8},"minecraft:used":{"minecraft:moss_block":157,"minecraft:jack_o_lantern":51,"minecraft:writable_book":376,"minecraft:chiseled_deepslate":8,"minecraft:dispenser":36,"minecraft:stone":26724,"minecraft:soul_sand":3,"minecraft:weathered_copper":232,"minecraft:cut_copper":216,"minecraft:cracked_deepslate_tiles":30,"minecraft:deepslate_brick_slab":1178,"minecraft:snowball":5,"minecraft:azure_bluet":1,"minecraft:spruce_boat":2,"minecraft:polished_blackstone_slab":245,"minecraft:packed_ice":1,"minecraft:lava_bucket":651,"minecraft:stripped_dark_oak_wood":50,"minecraft:mangrove_stairs":31,"minecraft:red_wool":57,"minecraft:dark_oak_slab":96,"minecraft:bow":93,"minecraft:mangrove_slab":126,"minecraft:deepslate_brick_wall":113,"minecraft:mossy_stone_bricks":204,"minecraft:damaged_anvil":22,"minecraft:chorus_fruit":1,"minecraft:blackstone":51,"minecraft:cactus":95,"minecraft:mossy_stone_brick_stairs":55,"minecraft:composter":37,"minecraft:stripped_mangrove_wood":119,"minecraft:glow_berries":204,"minecraft:weathered_cut_copper_slab":24,"minecraft:gray_concrete":176,"minecraft:deepslate_brick_stairs":1656,"minecraft:deepslate_iron_ore":72,"minecraft:flowering_azalea_leaves":481,"minecraft:nether_wart_block":121,"minecraft:diamond_sword":3905,"minecraft:coal_block":27,"minecraft:exposed_cut_copper":1,"minecraft:birch_log":64,"minecraft:enchanting_table":3,"minecraft:orange_concrete":65,"minecraft:carved_pumpkin":10,"minecraft:armor_stand":10,"minecraft:light_gray_carpet":3,"minecraft:mangrove_fence":100,"minecraft:polished_blackstone_wall":1,"minecraft:torch":3450,"minecraft:exposed_cut_copper_stairs":175,"minecraft:brewing_stand":8,"minecraft:light_blue_dye":19,"minecraft:nether_quartz_ore":2,"minecraft:mossy_cobblestone_stairs":18,"minecraft:chipped_anvil":32,"minecraft:iron_block":471,"minecraft:light_weighted_pressure_plate":202,"minecraft:polished_deepslate_wall":4,"minecraft:jungle_log":64,"minecraft:barrel":327,"minecraft:basalt":297,"minecraft:wheat_seeds":556,"minecraft:light_blue_shulker_box":964,"minecraft:birch_planks":6,"minecraft:blue_concrete_powder":34,"minecraft:glow_ink_sac":150,"minecraft:deepslate_bricks":11738,"minecraft:waxed_exposed_copper":19,"minecraft:polished_deepslate_slab":17,"minecraft:diamond_block":812,"minecraft:light_gray_banner":8,"minecraft:red_bed":4,"minecraft:campfire":91,"minecraft:white_bed":188,"minecraft:spruce_log":134,"minecraft:mushroom_stem":6915,"minecraft:amethyst_cluster":17,"minecraft:light_blue_candle":15,"minecraft:yellow_dye":35,"minecraft:diamond_pickaxe":114740,"minecraft:diamond_shovel":36056,"minecraft:acacia_sign":4,"minecraft:suspicious_stew":6,"minecraft:spruce_pressure_plate":4,"minecraft:spruce_trapdoor":68,"minecraft:spruce_sapling":514,"minecraft:potion":89,"minecraft:azalea_leaves":978,"minecraft:crimson_stairs":32,"minecraft:cooked_porkchop":3,"minecraft:andesite_stairs":322,"minecraft:light_blue_banner":8,"minecraft:moss_carpet":60,"minecraft:polished_deepslate":693,"minecraft:light_gray_stained_glass_pane":2,"minecraft:bone_block":88,"minecraft:polished_basalt":453,"minecraft:nether_wart":1,"minecraft:stripped_jungle_wood":45,"minecraft:mossy_stone_brick_slab":71,"minecraft:spruce_leaves":1,"minecraft:obsidian":1,"minecraft:mangrove_log":2726,"minecraft:lantern":700,"minecraft:green_wool":87,"minecraft:warped_nylium":3,"minecraft:item_frame":69,"minecraft:deepslate_diamond_ore":1106,"minecraft:written_book":29,"minecraft:mangrove_roots":15,"minecraft:blue_shulker_box":8,"minecraft:gold_block":393,"minecraft:dark_oak_sapling":32,"minecraft:mangrove_leaves":1173,"minecraft:diamond_boots":3,"minecraft:dropper":7,"minecraft:stripped_acacia_log":2,"minecraft:gray_carpet":37,"minecraft:mangrove_planks":62,"minecraft:diamond_axe":51825,"minecraft:white_wool":75,"minecraft:light_blue_concrete":239,"minecraft:light_blue_wool":17,"minecraft:yellow_concrete":160,"minecraft:deepslate_lapis_ore":42,"minecraft:sticky_piston":16,"minecraft:black_terracotta":536,"minecraft:lever":14,"minecraft:dark_oak_log":542,"minecraft:brown_wool":93,"minecraft:iron_door":26,"minecraft:deepslate":2641,"minecraft:stripped_warped_hyphae":1,"minecraft:chain":250,"minecraft:smooth_stone_slab":9,"minecraft:mossy_cobblestone_wall":56,"minecraft:coarse_dirt":87,"minecraft:bone_meal":7418,"minecraft:netherite_sword":46,"minecraft:rose_bush":1,"minecraft:waxed_weathered_copper":2,"minecraft:flint_and_steel":159,"minecraft:redstone":245,"minecraft:ender_chest":98,"minecraft:brown_shulker_box":201,"minecraft:deepslate_gold_ore":25,"minecraft:stripped_birch_wood":48,"minecraft:dirt":14868,"minecraft:spruce_fence":56,"minecraft:brown_terracotta":160,"minecraft:yellow_concrete_powder":40,"minecraft:soul_soil":5,"minecraft:deepslate_tile_stairs":1160,"minecraft:netherite_pickaxe":4,"minecraft:cooked_beef":1040,"minecraft:mossy_stone_brick_wall":93,"minecraft:pumpkin":154,"minecraft:enchanted_golden_apple":2,"minecraft:cobbled_deepslate_wall":47,"minecraft:snow_block":429,"minecraft:red_nether_bricks":58,"minecraft:brown_mushroom":42,"minecraft:spruce_sign":1,"minecraft:green_bed":1,"minecraft:red_mushroom":1630,"minecraft:cyan_stained_glass":16,"minecraft:netherite_block":3,"minecraft:piston":4,"minecraft:wooden_hoe":1,"minecraft:flower_pot":13,"minecraft:black_wool":134,"minecraft:lapis_ore":26,"minecraft:stone_slab":118,"minecraft:yellow_wool":193,"minecraft:cobbled_deepslate_slab":366,"minecraft:lapis_block":26,"minecraft:pink_shulker_box":65,"minecraft:pumpkin_pie":1118,"minecraft:gray_wool":39,"minecraft:orange_dye":11,"minecraft:dead_horn_coral_block":1,"minecraft:spruce_slab":267,"minecraft:polished_blackstone":2521,"minecraft:ladder":5,"minecraft:elytra":8,"minecraft:chest":305,"minecraft:brown_concrete":61,"minecraft:white_shulker_box":57,"minecraft:blue_stained_glass":1,"minecraft:weathered_cut_copper_stairs":29,"minecraft:orange_wool":30,"minecraft:yellow_candle":19,"minecraft:acacia_sapling":1,"minecraft:acacia_button":2,"minecraft:stripped_spruce_log":8,"minecraft:honeycomb":253,"minecraft:grass_block":2062,"minecraft:birch_sapling":130,"minecraft:orange_shulker_box":151,"minecraft:polished_andesite_stairs":87,"minecraft:copper_ore":40,"minecraft:dark_oak_button":108,"minecraft:stone_brick_stairs":131,"minecraft:stripped_mangrove_log":1986,"minecraft:exposed_cut_copper_slab":17,"minecraft:red_stained_glass_pane":12,"minecraft:snow":559,"minecraft:furnace":53,"minecraft:egg":3,"minecraft:potato":383,"minecraft:brown_concrete_powder":28,"minecraft:magenta_shulker_box":1,"minecraft:emerald_ore":14,"minecraft:diorite":2,"minecraft:spruce_door":24,"minecraft:blackstone_stairs":3,"minecraft:respawn_anchor":48,"minecraft:dark_oak_trapdoor":44,"minecraft:sand":80,"minecraft:lightning_rod":40,"minecraft:deepslate_tiles":6763,"minecraft:crying_obsidian":22,"minecraft:stone_button":62,"minecraft:spore_blossom":1,"minecraft:lectern":6,"minecraft:soul_lantern":88,"minecraft:dark_oak_fence":518,"minecraft:white_stained_glass":62,"minecraft:gray_stained_glass":38,"minecraft:iron_bars":578,"minecraft:acacia_log":64,"minecraft:red_concrete":3169,"minecraft:mycelium":1232,"minecraft:netherrack":3623,"minecraft:light_gray_shulker_box":128,"minecraft:anvil":190,"minecraft:twisting_vines":11,"minecraft:stone_stairs":111,"minecraft:glow_lichen":394,"minecraft:blue_concrete":27,"minecraft:shroomlight":45,"minecraft:red_shulker_box":95,"minecraft:flowering_azalea":38,"minecraft:gray_dye":1,"minecraft:cyan_shulker_box":49,"minecraft:rooted_dirt":195,"minecraft:spruce_button":39,"minecraft:lime_dye":10,"minecraft:totem_of_undying":7,"minecraft:smooth_basalt":62,"minecraft:glowstone":193,"minecraft:iron_trapdoor":2,"minecraft:oxidized_copper":10,"minecraft:cobbled_deepslate":692,"minecraft:observer":221,"minecraft:magenta_dye":2,"minecraft:water_bucket":251,"minecraft:yellow_banner":8,"minecraft:mangrove_wood":144,"minecraft:yellow_shulker_box":13,"minecraft:lime_wool":21,"minecraft:red_mushroom_block":46,"minecraft:mossy_cobblestone":53,"minecraft:comparator":10,"minecraft:tnt":149,"minecraft:crafting_table":55,"minecraft:birch_sign":1,"minecraft:dark_oak_fence_gate":10,"minecraft:lime_shulker_box":29,"minecraft:mangrove_sign":17,"minecraft:cake":1,"minecraft:deepslate_tile_wall":1194,"minecraft:small_amethyst_bud":30,"minecraft:oak_log":74,"minecraft:mud":325,"minecraft:cornflower":1,"minecraft:waxed_exposed_cut_copper_stairs":13,"minecraft:sunflower":5,"minecraft:mangrove_propagule":8,"minecraft:iron_pickaxe":10,"minecraft:cyan_concrete":77,"minecraft:crimson_nylium":1,"minecraft:chiseled_stone_bricks":103,"minecraft:cobblestone":330,"minecraft:red_concrete_powder":3083,"minecraft:brown_mushroom_block":22,"minecraft:candle":2,"minecraft:light_gray_dye":12,"minecraft:diamond_hoe":6317,"minecraft:mangrove_button":9,"minecraft:white_terracotta":172,"minecraft:purple_shulker_box":40,"minecraft:bell":4,"minecraft:player_head":141,"minecraft:carrot":5056,"minecraft:deepslate_tile_slab":3700,"minecraft:tuff":879,"minecraft:polished_deepslate_stairs":93,"minecraft:glass":338,"minecraft:coal_ore":368,"minecraft:dark_oak_wood":3,"minecraft:gray_concrete_powder":152,"minecraft:stone_bricks":233,"minecraft:repeater":54,"minecraft:red_carpet":589,"minecraft:redstone_lamp":145,"minecraft:magma_block":287,"minecraft:brown_carpet":8,"minecraft:hay_block":9,"minecraft:scaffolding":4337,"minecraft:oxidized_cut_copper_stairs":83,"minecraft:polished_blackstone_stairs":261,"minecraft:stripped_spruce_wood":14,"minecraft:chiseled_polished_blackstone":48,"minecraft:dark_oak_stairs":66,"minecraft:birch_leaves":3,"minecraft:dark_oak_sign":165,"minecraft:ender_pearl":416,"minecraft:redstone_block":20,"minecraft:blue_bed":4,"minecraft:loom":48,"minecraft:light_gray_terracotta":16,"minecraft:deepslate_redstone_ore":291,"minecraft:note_block":26,"minecraft:stone_brick_wall":21,"minecraft:black_bed":149,"minecraft:shears":20732,"minecraft:cobbled_deepslate_stairs":184,"minecraft:exposed_copper":340,"minecraft:redstone_torch":12,"minecraft:black_concrete":116,"minecraft:firework_rocket":15729,"minecraft:gray_shulker_box":3,"minecraft:heavy_weighted_pressure_plate":4,"minecraft:light_gray_candle":27,"minecraft:gravel":197,"minecraft:grindstone":7,"minecraft:stripped_oak_wood":93,"minecraft:medium_amethyst_bud":1,"minecraft:andesite":95,"minecraft:white_concrete":342,"minecraft:cobweb":16,"minecraft:azalea":132,"minecraft:music_disc_otherside":2,"minecraft:cracked_deepslate_bricks":125,"minecraft:spruce_planks":407,"minecraft:cut_copper_stairs":78,"minecraft:spyglass":1,"minecraft:hopper":78,"minecraft:cobblestone_wall":30,"minecraft:shulker_box":446,"minecraft:oak_wood":42,"minecraft:pink_dye":19,"minecraft:granite":3,"minecraft:light_blue_stained_glass":11,"minecraft:andesite_wall":55,"minecraft:stone_brick_slab":30,"minecraft:dark_oak_planks":486,"minecraft:bookshelf":138,"minecraft:yellow_stained_glass":19,"minecraft:crimson_planks":31,"minecraft:light_gray_wool":25,"minecraft:golden_carrot":463,"minecraft:emerald_block":218,"minecraft:red_dye":45,"minecraft:iron_ore":121,"minecraft:polished_andesite":5,"minecraft:blue_wool":43,"minecraft:copper_block":1401,"minecraft:black_shulker_box":61,"minecraft:white_dye":35,"minecraft:beacon":3,"minecraft:stonecutter":25,"minecraft:cobblestone_slab":6,"minecraft:glow_item_frame":13,"minecraft:jungle_wood":48,"minecraft:mangrove_trapdoor":56,"minecraft:terracotta":6,"minecraft:yellow_stained_glass_pane":1,"minecraft:purple_dye":7,"minecraft:green_shulker_box":74,"minecraft:red_banner":250,"minecraft:bucket":2231,"minecraft:magenta_glazed_terracotta":32,"minecraft:polished_blackstone_button":80,"minecraft:smooth_stone":26,"minecraft:splash_potion":3},"minecraft:crafted":{"minecraft:red_stained_glass_pane":192,"minecraft:black_dye":340,"minecraft:yellow_wool":74,"minecraft:chainmail_helmet":3,"minecraft:polished_deepslate_wall":12,"minecraft:chain":522,"minecraft:gray_wool":7,"minecraft:cracked_stone_bricks":11,"minecraft:shulker_box":28,"minecraft:diamond_helmet":5,"minecraft:iron_door":27,"minecraft:gray_stained_glass_pane":208,"minecraft:black_wool":7,"minecraft:gray_stained_glass":40,"minecraft:redstone_lamp":195,"minecraft:glow_item_frame":12,"minecraft:acacia_slab":12,"minecraft:black_concrete":128,"minecraft:smithing_table":1,"minecraft:mossy_cobblestone":512,"minecraft:sticky_piston":12,"minecraft:red_nether_bricks":64,"minecraft:mangrove_sign":18,"minecraft:lectern":16,"minecraft:wooden_hoe":1,"minecraft:golden_leggings":9,"minecraft:stone_slab":48,"minecraft:netherite_ingot":19,"minecraft:composter":22,"minecraft:golden_carrot":4320,"minecraft:iron_nugget":6606,"minecraft:light_gray_wool":79,"minecraft:red_banner":1057,"minecraft:jack_o_lantern":3328,"minecraft:blue_shulker_box":1,"minecraft:spruce_fence":51,"minecraft:moss_carpet":24,"minecraft:lantern":722,"minecraft:light_gray_shulker_box":1,"minecraft:stripped_birch_wood":48,"minecraft:black_concrete_powder":64,"minecraft:spruce_boat":3,"minecraft:chainmail_leggings":5,"minecraft:crimson_slab":6,"minecraft:yellow_stained_glass_pane":376,"minecraft:leather_helmet":9,"minecraft:dark_oak_button":112,"minecraft:red_carpet":864,"minecraft:orange_dye":30,"minecraft:soul_lantern":34,"minecraft:chainmail_boots":4,"minecraft:writable_book":15,"minecraft:armor_stand":33,"minecraft:note_block":64,"minecraft:mangrove_slab":144,"minecraft:gray_concrete":16,"minecraft:cobblestone_slab":20,"minecraft:barrel":206,"minecraft:lightning_rod":21,"minecraft:snow":636,"minecraft:heavy_weighted_pressure_plate":4,"minecraft:quartz_pillar":12,"minecraft:brown_carpet":24,"minecraft:polished_blackstone_button":150,"minecraft:mangrove_fence":165,"minecraft:chest":226,"minecraft:polished_basalt":520,"minecraft:netherite_helmet":1,"minecraft:yellow_terracotta":12,"minecraft:copper_block":136,"minecraft:blue_concrete_powder":40,"minecraft:ender_eye":16,"minecraft:stone_bricks":896,"minecraft:respawn_anchor":22,"minecraft:golden_boots":8,"minecraft:dropper":6,"minecraft:iron_helmet":17,"minecraft:brown_dye":26,"minecraft:cracked_deepslate_bricks":136,"minecraft:chainmail_chestplate":6,"minecraft:red_wool":4124,"minecraft:chiseled_polished_blackstone":4,"minecraft:acacia_button":1,"minecraft:yellow_stained_glass":32,"minecraft:tnt":1951,"minecraft:spruce_trapdoor":64,"minecraft:purple_dye":2,"minecraft:yellow_dye":74,"minecraft:netherite_block":1,"minecraft:stick":4742,"minecraft:iron_ingot":6722,"minecraft:light_blue_shulker_box":26,"minecraft:black_bed":1,"minecraft:light_blue_stained_glass":40,"minecraft:dark_oak_fence_gate":9,"minecraft:deepslate_bricks":1,"minecraft:netherite_sword":1,"minecraft:leather_boots":12,"minecraft:golden_chestplate":6,"minecraft:spruce_button":52,"minecraft:mossy_stone_bricks":561,"minecraft:furnace":24,"minecraft:piston":4,"minecraft:crimson_button":32,"minecraft:netherite_chestplate":1,"minecraft:brown_shulker_box":1,"minecraft:birch_sign":3,"minecraft:light_blue_stained_glass_pane":432,"minecraft:jungle_wood":48,"minecraft:stripped_spruce_wood":96,"minecraft:iron_trapdoor":2,"minecraft:yellow_concrete":248,"minecraft:purple_shulker_box":10,"minecraft:iron_sword":7,"minecraft:mangrove_planks":1104,"minecraft:jungle_planks":208,"minecraft:white_dye":494,"minecraft:brown_concrete_powder":96,"minecraft:anvil":142,"minecraft:torch":7314,"minecraft:mangrove_wood":144,"minecraft:diamond_chestplate":11,"minecraft:ender_chest":16,"minecraft:smooth_stone":84,"minecraft:dark_oak_wood":27,"minecraft:birch_slab":48,"minecraft:polished_blackstone_slab":36,"minecraft:iron_bars":1040,"minecraft:red_concrete_powder":2048,"minecraft:deepslate_brick_stairs":81,"minecraft:magenta_shulker_box":1,"minecraft:glass":610,"minecraft:quartz_block":1740,"minecraft:repeater":69,"minecraft:diamond_leggings":11,"minecraft:netherite_boots":1,"minecraft:mangrove_stairs":56,"minecraft:polished_blackstone":96,"minecraft:stripped_dark_oak_wood":48,"minecraft:magenta_dye":5,"minecraft:flower_pot":11,"minecraft:target":3,"minecraft:deepslate":72,"minecraft:emerald":17630,"minecraft:diamond_axe":3,"minecraft:spruce_door":24,"minecraft:copper_ingot":802,"minecraft:hay_block":47,"minecraft:oak_wood":42,"minecraft:campfire":111,"minecraft:exposed_cut_copper_slab":16,"minecraft:chiseled_deepslate":7,"minecraft:compass":12,"minecraft:iron_block":812,"minecraft:white_terracotta":128,"minecraft:gold_ingot":2113,"minecraft:light_gray_dye":94,"minecraft:yellow_concrete_powder":24,"minecraft:smooth_stone_slab":66,"minecraft:leather_leggings":13,"minecraft:polished_deepslate_stairs":12,"minecraft:orange_concrete":48,"minecraft:bone_meal":22980,"minecraft:pink_dye":40,"minecraft:netherite_axe":1,"minecraft:diamond":7407,"minecraft:dark_oak_fence":543,"minecraft:ladder":6,"minecraft:spruce_slab":492,"minecraft:diamond_boots":11,"minecraft:cobbled_deepslate_stairs":19,"minecraft:deepslate_tile_wall":7,"minecraft:redstone_block":129,"minecraft:dark_oak_planks":7284,"minecraft:golden_helmet":3,"minecraft:wheat":117,"minecraft:coal_block":29,"minecraft:dripstone_block":64,"minecraft:deepslate_brick_slab":64,"minecraft:polished_granite":64,"minecraft:gray_concrete_powder":256,"minecraft:glowstone":1,"minecraft:white_stained_glass":56,"minecraft:golden_apple":6,"minecraft:acacia_sign":3,"minecraft:gray_shulker_box":2,"minecraft:cyan_shulker_box":10,"minecraft:iron_leggings":6,"minecraft:deepslate_tile_stairs":20,"minecraft:white_bed":181,"minecraft:brown_concrete":64,"minecraft:brick":193,"minecraft:oak_planks":204,"minecraft:mangrove_button":8,"minecraft:pink_shulker_box":1,"minecraft:light_blue_banner":8,"minecraft:spruce_pressure_plate":2,"minecraft:suspicious_stew":129,"minecraft:green_dye":1,"minecraft:white_concrete":112,"minecraft:hopper":38,"minecraft:iron_boots":4,"minecraft:raw_copper":117,"minecraft:written_book":2,"minecraft:chiseled_stone_bricks":192,"minecraft:yellow_banner":8,"minecraft:golden_sword":6,"minecraft:item_frame":52,"minecraft:map":12,"minecraft:crafting_table":18,"minecraft:spruce_planks":2080,"minecraft:mangrove_trapdoor":62,"minecraft:gold_block":163,"minecraft:light_gray_banner":8,"minecraft:birch_planks":232,"minecraft:pumpkin_seeds":320,"minecraft:diamond_pickaxe":3,"minecraft:paper":768,"minecraft:dark_oak_slab":576,"minecraft:stripped_jungle_wood":48,"minecraft:iron_chestplate":3,"minecraft:charcoal":809,"minecraft:emerald_block":277,"minecraft:shield":51,"minecraft:light_weighted_pressure_plate":274,"minecraft:light_blue_dye":112,"minecraft:leather_chestplate":12,"minecraft:stone_sword":3,"minecraft:snow_block":1300,"minecraft:green_shulker_box":1,"minecraft:gray_carpet":96,"minecraft:redstone_torch":128,"minecraft:light_gray_carpet":3,"minecraft:shears":54,"minecraft:polished_andesite":68,"minecraft:coarse_dirt":4,"minecraft:wooden_sword":10,"minecraft:cobbled_deepslate_slab":104,"minecraft:redstone":984,"minecraft:red_concrete":192,"minecraft:stone_button":48,"minecraft:dark_oak_trapdoor":186,"minecraft:gray_dye":66,"minecraft:dark_oak_sign":153,"minecraft:diamond_block":670,"minecraft:netherite_leggings":1,"minecraft:polished_deepslate":256,"minecraft:black_terracotta":512,"minecraft:slime_ball":9,"minecraft:filled_map":23,"minecraft:netherite_scrap":41,"minecraft:minecart":1,"minecraft:observer":200,"minecraft:sugar":3177,"minecraft:red_dye":3737,"minecraft:crimson_planks":64,"minecraft:bone_block":86,"minecraft:light_blue_concrete":128,"minecraft:diamond_sword":7,"minecraft:spruce_sign":3,"minecraft:dark_oak_stairs":76,"minecraft:blue_concrete":64,"minecraft:stripped_oak_wood":48,"minecraft:bucket":1163,"minecraft:brown_terracotta":12,"minecraft:bread":1152,"minecraft:air":0,"minecraft:blue_dye":106,"minecraft:white_wool":111,"minecraft:brown_wool":16,"minecraft:pink_stained_glass_pane":144,"minecraft:pumpkin_pie":13367,"minecraft:acacia_planks":4,"minecraft:lapis_lazuli":72,"minecraft:lapis_block":80,"minecraft:firework_rocket":3072}},"DataVersion":3120}