{"stats":{"minecraft:crafted":{"minecraft:oak_planks":20,"minecraft:oak_sign":3,"minecraft:crafting_table":1,"minecraft:stick":4},"minecraft:used":{"minecraft:azalea":1,"minecraft:firework_rocket":169,"minecraft:bundle":1,"minecraft:suspicious_stew":1,"minecraft:elytra":1,"minecraft:oak_sign":1,"minecraft:dirt":5,"minecraft:potion":1,"minecraft:golden_carrot":24,"minecraft:bow":1,"minecraft:crafting_table":1,"minecraft:oak_sapling":1,"minecraft:egg":2},"minecraft:dropped":{"minecraft:filled_map":84,"minecraft:golden_carrot":111,"minecraft:bundle":1,"minecraft:lime_concrete":1,"minecraft:carved_pumpkin":2,"minecraft:diamond_boots":1,"minecraft:bow":1,"minecraft:arrow":1,"minecraft:elytra":1,"minecraft:firework_rocket":18},"minecraft:custom":{"minecraft:time_since_rest":67777,"minecraft:sprint_one_cm":288165,"minecraft:open_enderchest":3,"minecraft:damage_taken":1898,"minecraft:walk_one_cm":115687,"minecraft:drop":45,"minecraft:damage_dealt":9,"minecraft:swim_one_cm":8813,"minecraft:interact_with_crafting_table":1,"minecraft:fly_one_cm":467591,"minecraft:open_barrel":11,"minecraft:open_chest":10,"minecraft:crouch_one_cm":3885,"minecraft:open_shulker_box":19,"minecraft:play_time":87459,"minecraft:deaths":1,"minecraft:sneak_time":2745,"minecraft:walk_under_water_one_cm":2677,"minecraft:interact_with_lectern":2,"minecraft:aviate_one_cm":3887136,"minecraft:jump":1950,"minecraft:leave_game":1,"minecraft:walk_on_water_one_cm":43271,"minecraft:time_since_death":67754,"minecraft:total_world_time":87459,"minecraft:climb_one_cm":346,"minecraft:fall_one_cm":42447},"minecraft:killed_by":{"minecraft:player":1},"minecraft:picked_up":{"minecraft:crafting_table":1,"minecraft:ender_chest":2,"minecraft:golden_carrot":187,"minecraft:suspicious_stew":1,"minecraft:lime_concrete":3,"minecraft:filled_map":42,"minecraft:potion":1,"minecraft:oak_log":5,"minecraft:dirt":5,"minecraft:elytra":1,"minecraft:bundle":1,"minecraft:firework_rocket":172,"minecraft:arrow":1,"minecraft:bow":1,"minecraft:diamond_boots":1,"minecraft:carved_pumpkin":3,"minecraft:azalea":1,"minecraft:oak_sapling":1,"minecraft:egg":2},"minecraft:mined":{"minecraft:crafting_table":1,"minecraft:grass":1,"minecraft:grass_block":1,"minecraft:oak_log":5,"minecraft:dirt":4,"minecraft:azalea":1,"minecraft:oak_leaves":3}},"DataVersion":3337}