{"stats":{"minecraft:custom":{"minecraft:interact_with_crafting_table":192,"minecraft:open_barrel":11,"minecraft:leave_game":21,"minecraft:time_since_death":27054,"minecraft:sprint_one_cm":3370193,"minecraft:damage_blocked_by_shield":490,"minecraft:drop":164,"minecraft:play_time":1841028,"minecraft:deaths":2,"minecraft:jump":16545,"minecraft:walk_on_water_one_cm":81267,"minecraft:enchant_item":4,"minecraft:interact_with_furnace":295,"minecraft:sleep_in_bed":19,"minecraft:damage_dealt":16021,"minecraft:player_kills":5,"minecraft:crouch_one_cm":566512,"minecraft:interact_with_anvil":4,"minecraft:mob_kills":90,"minecraft:inspect_hopper":1,"minecraft:climb_one_cm":56531,"minecraft:walk_one_cm":3143247,"minecraft:sneak_time":122368,"minecraft:walk_under_water_one_cm":60487,"minecraft:boat_one_cm":275861,"minecraft:interact_with_lectern":7,"minecraft:total_world_time":1841028,"minecraft:time_since_rest":27145,"minecraft:damage_taken":9561,"minecraft:swim_one_cm":106799,"minecraft:fly_one_cm":2676882,"minecraft:open_chest":763,"minecraft:fall_one_cm":488689},"minecraft:dropped":{"minecraft:moss_block":2,"minecraft:birch_planks":14,"minecraft:diamond":4,"minecraft:leather":7,"minecraft:leather_helmet":1,"minecraft:flint":4,"minecraft:emerald":5,"minecraft:deepslate_tile_stairs":3,"minecraft:dirt":76,"minecraft:mutton":2,"minecraft:cooked_cod":5,"minecraft:snowball":40,"minecraft:bone_meal":2,"minecraft:iron_pickaxe":3,"minecraft:white_wool":4,"minecraft:bone":6,"minecraft:oak_door":2,"minecraft:gravel":25,"minecraft:stone_axe":2,"minecraft:iron_nugget":1,"minecraft:cobbled_deepslate":869,"minecraft:rotten_flesh":18,"minecraft:oak_planks":6,"minecraft:azure_bluet":7,"minecraft:poppy":7,"minecraft:gunpowder":6,"minecraft:leather_boots":1,"minecraft:netherrack":313,"minecraft:iron_ingot":15,"minecraft:water_bucket":1,"minecraft:oak_slab":3,"minecraft:wheat_seeds":33,"minecraft:poisonous_potato":1,"minecraft:cobblestone":301,"minecraft:book":1,"minecraft:light_blue_concrete_powder":2,"minecraft:stick":8,"minecraft:diorite":6,"minecraft:torch":43,"minecraft:wooden_axe":1,"minecraft:dried_kelp":6,"minecraft:flowering_azalea":2,"minecraft:dandelion":3,"minecraft:moss_carpet":1,"minecraft:player_head":1,"minecraft:cobblestone_wall":5,"minecraft:tuff":46,"minecraft:stone_shovel":2,"minecraft:polished_deepslate_slab":1,"minecraft:deepslate_bricks":2,"minecraft:diamond_sword":1,"minecraft:potato":1,"minecraft:shield":4,"minecraft:diamond_pickaxe":2,"minecraft:andesite":8,"minecraft:stone_pickaxe":5,"minecraft:wooden_pickaxe":2,"minecraft:calcite":5,"minecraft:magma_block":7,"minecraft:black_wool":1},"minecraft:mined":{"minecraft:dark_oak_planks":1,"minecraft:white_bed":3,"minecraft:cobbled_deepslate_stairs":3,"minecraft:granite":9,"minecraft:acacia_log":4,"minecraft:deepslate_tile_wall":5,"minecraft:grass_block":620,"minecraft:stone_brick_wall":2,"minecraft:deepslate_bricks":4,"minecraft:deepslate_tile_stairs":5,"minecraft:polished_blackstone_bricks":4,"minecraft:magma_block":1385,"minecraft:iron_ore":1344,"minecraft:cobbled_deepslate":17,"minecraft:fire":4,"minecraft:moss_carpet":5,"minecraft:deepslate_lapis_ore":21,"minecraft:dark_oak_stairs":4,"minecraft:polished_deepslate_slab":141,"minecraft:oak_stairs":1,"minecraft:azalea":10,"minecraft:player_head":1,"minecraft:deepslate_redstone_ore":337,"minecraft:exposed_copper":2,"minecraft:cyan_terracotta":2,"minecraft:blackstone":422,"minecraft:powder_snow":21,"minecraft:clay":4,"minecraft:torch":2,"minecraft:calcite":7,"minecraft:oxidized_copper":1,"minecraft:chest":4,"minecraft:nether_quartz_ore":29,"minecraft:cobblestone":72,"minecraft:oak_planks":22,"minecraft:iron_door":1,"minecraft:wall_torch":41,"minecraft:deepslate_copper_ore":3,"minecraft:birch_sapling":1,"minecraft:chain":1,"minecraft:powered_rail":2,"minecraft:birch_log":23,"minecraft:wheat":7,"minecraft:waxed_copper_block":1,"minecraft:copper_block":7,"minecraft:grass":30,"minecraft:oak_log":234,"minecraft:sand":264,"minecraft:dirt":162,"minecraft:netherrack":477,"minecraft:oak_leaves":126,"minecraft:deepslate":6286,"minecraft:infested_deepslate":3,"minecraft:nether_gold_ore":2,"minecraft:deepslate_tiles":2,"minecraft:tuff":398,"minecraft:deepslate_diamond_ore":68,"minecraft:dark_oak_log":29,"minecraft:glow_lichen":3,"minecraft:cobbled_deepslate_slab":1,"minecraft:weathered_copper":2,"minecraft:spruce_leaves":6,"minecraft:moss_block":17,"minecraft:redstone_ore":4,"minecraft:oak_trapdoor":1,"minecraft:furnace":13,"minecraft:carrots":75,"minecraft:light_blue_concrete_powder":1,"minecraft:polished_basalt":2,"minecraft:andesite":11,"minecraft:polished_deepslate":61,"minecraft:potatoes":47,"minecraft:deepslate_iron_ore":114,"minecraft:vine":8,"minecraft:rail":22,"minecraft:packed_ice":8,"minecraft:stone":1154,"minecraft:white_wool":1,"minecraft:podzol":13,"minecraft:flowering_azalea":2,"minecraft:redstone_block":4,"minecraft:snow_block":10,"minecraft:basalt":31,"minecraft:oak_fence":1,"minecraft:crafting_table":19,"minecraft:emerald_ore":6,"minecraft:copper_ore":49,"minecraft:tall_grass":7,"minecraft:deepslate_coal_ore":1,"minecraft:deepslate_gold_ore":96,"minecraft:diorite":18,"minecraft:birch_planks":4,"minecraft:birch_leaves":21,"minecraft:coal_ore":1389,"minecraft:cocoa":1,"minecraft:gravel":231,"minecraft:polished_blackstone":2},"minecraft:picked_up":{"minecraft:iron_chestplate":1,"minecraft:wheat":7,"minecraft:exposed_copper":2,"minecraft:redstone_block":4,"minecraft:diamond_sword":1,"minecraft:oak_stairs":1,"minecraft:enchanted_book":2,"minecraft:polished_deepslate":61,"minecraft:raw_copper":181,"minecraft:cooked_salmon":10,"minecraft:iron_leggings":1,"minecraft:deepslate_tiles":2,"minecraft:gold_nugget":10,"minecraft:cobbled_deepslate":4677,"minecraft:calcite":7,"minecraft:azalea":11,"minecraft:iron_pickaxe":2,"minecraft:deepslate_tile_wall":5,"minecraft:furnace":16,"minecraft:stick":53,"minecraft:oak_fence":1,"minecraft:torch":141,"minecraft:acacia_log":4,"minecraft:porkchop":8,"minecraft:dried_kelp":9,"minecraft:pointed_dripstone":2,"minecraft:diorite":6,"minecraft:deepslate_tile_stairs":2,"minecraft:stone_sword":1,"minecraft:rotten_flesh":24,"minecraft:polished_basalt":2,"minecraft:cyan_terracotta":2,"minecraft:snowball":44,"minecraft:cobblestone":1254,"minecraft:birch_log":155,"minecraft:magma_block":1316,"minecraft:cooked_beef":2,"minecraft:feather":1,"minecraft:oxidized_copper":1,"minecraft:magma_cream":1,"minecraft:iron_door":1,"minecraft:water_bucket":1,"minecraft:andesite":9,"minecraft:copper_block":7,"minecraft:potato":173,"minecraft:flint":10,"minecraft:tuff":213,"minecraft:lapis_lazuli":91,"minecraft:dirt":778,"minecraft:lantern":1,"minecraft:leather_boots":1,"minecraft:bone":21,"minecraft:bow":1,"minecraft:wheat_seeds":40,"minecraft:raw_gold":98,"minecraft:cobbled_deepslate_slab":1,"minecraft:powered_rail":2,"minecraft:moss_block":26,"minecraft:oak_planks":22,"minecraft:cooked_porkchop":3,"minecraft:poisonous_potato":1,"minecraft:sand":228,"minecraft:grass_block":9,"minecraft:dark_oak_log":29,"minecraft:diamond":98,"minecraft:granite":7,"minecraft:bone_meal":2,"minecraft:emerald":7,"minecraft:oak_sapling":27,"minecraft:netherrack":645,"minecraft:diamond_pickaxe":2,"minecraft:cocoa_beans":3,"minecraft:crafting_table":23,"minecraft:azure_bluet":7,"minecraft:clay_ball":16,"minecraft:wooden_pickaxe":2,"minecraft:stone_brick_wall":2,"minecraft:chain":1,"minecraft:shield":5,"minecraft:oak_trapdoor":1,"minecraft:moss_carpet":4,"minecraft:blackstone":417,"minecraft:beef":15,"minecraft:oak_boat":6,"minecraft:player_head":8,"minecraft:poppy":7,"minecraft:minecart":1,"minecraft:chest":5,"minecraft:birch_sapling":21,"minecraft:raw_iron":1540,"minecraft:polished_deepslate_slab":107,"minecraft:polished_blackstone_bricks":3,"minecraft:carrot":237,"minecraft:redstone":1620,"minecraft:dark_oak_planks":1,"minecraft:arrow":16,"minecraft:stone_shovel":2,"minecraft:cooked_cod":8,"minecraft:pumpkin_pie":64,"minecraft:deepslate_bricks":4,"minecraft:polished_blackstone":2,"minecraft:mutton":11,"minecraft:rail":24,"minecraft:white_wool":9,"minecraft:basalt":29,"minecraft:salmon":3,"minecraft:leather":7,"minecraft:birch_planks":75,"minecraft:oak_log":219,"minecraft:waxed_copper_block":1,"minecraft:cobbled_deepslate_stairs":3,"minecraft:gunpowder":12,"minecraft:cooked_mutton":1,"minecraft:iron_ingot":22,"minecraft:stone_pickaxe":6,"minecraft:flowering_azalea":2,"minecraft:dark_oak_stairs":4,"minecraft:book":7,"minecraft:birch_boat":1,"minecraft:quartz":61,"minecraft:dandelion":3,"minecraft:gravel":136,"minecraft:weathered_copper":2,"minecraft:white_bed":3,"minecraft:spider_eye":1,"minecraft:leather_helmet":1,"minecraft:light_blue_concrete_powder":2,"minecraft:stone_axe":2,"minecraft:black_wool":1,"minecraft:coal":1536,"minecraft:hopper":1},"minecraft:broken":{"minecraft:golden_helmet":1,"minecraft:iron_shovel":1,"minecraft:iron_boots":1,"minecraft:iron_chestplate":1,"minecraft:iron_leggings":1,"minecraft:stone_pickaxe":1,"minecraft:diamond_pickaxe":2,"minecraft:iron_pickaxe":13},"minecraft:used":{"minecraft:moss_block":7,"minecraft:moss_carpet":3,"minecraft:writable_book":3,"minecraft:iron_shovel":435,"minecraft:polished_deepslate":96,"minecraft:polished_blackstone":23,"minecraft:ladder":122,"minecraft:polished_basalt":2,"minecraft:shield":21,"minecraft:chest":49,"minecraft:stone":1,"minecraft:iron_sword":206,"minecraft:rotten_flesh":1,"minecraft:iron_chestplate":1,"minecraft:weathered_copper":2,"minecraft:carrot":75,"minecraft:deepslate_tile_slab":14,"minecraft:tuff":3,"minecraft:snowball":4,"minecraft:glass":188,"minecraft:polished_blackstone_slab":7,"minecraft:cyan_terracotta":16,"minecraft:grass_block":63,"minecraft:lantern":10,"minecraft:birch_sapling":5,"minecraft:light_blue_bed":1,"minecraft:hopper_minecart":10,"minecraft:magma_block":1143,"minecraft:bow":2,"minecraft:cooked_cod":3,"minecraft:furnace":22,"minecraft:potato":38,"minecraft:polished_blackstone_stairs":4,"minecraft:dark_oak_stairs":16,"minecraft:stone_pickaxe":189,"minecraft:powered_rail":62,"minecraft:oak_planks":36,"minecraft:wooden_pickaxe":11,"minecraft:redstone_block":64,"minecraft:diamond_axe":264,"minecraft:white_wool":1,"minecraft:stone_brick_wall":6,"minecraft:cobbled_deepslate_stairs":10,"minecraft:exposed_copper":2,"minecraft:deepslate_tiles":6,"minecraft:dark_oak_log":20,"minecraft:iron_door":2,"minecraft:diamond_sword":42,"minecraft:dark_oak_fence":3,"minecraft:birch_log":10,"minecraft:chain":5,"minecraft:oak_boat":8,"minecraft:bone_meal":18,"minecraft:oak_fence":7,"minecraft:azalea":1,"minecraft:oak_trapdoor":7,"minecraft:stone_sword":68,"minecraft:stone_shovel":9,"minecraft:dried_kelp":3,"minecraft:cooked_salmon":13,"minecraft:netherrack":36,"minecraft:oak_door":1,"minecraft:torch":736,"minecraft:dirt":637,"minecraft:hopper":21,"minecraft:cobblestone_wall":428,"minecraft:granite":4,"minecraft:dark_oak_planks":5,"minecraft:wooden_axe":4,"minecraft:iron_axe":181,"minecraft:iron_block":1,"minecraft:oak_stairs":9,"minecraft:basalt":3,"minecraft:oxidized_copper":1,"minecraft:deepslate_tile_stairs":13,"minecraft:cooked_beef":17,"minecraft:cobbled_deepslate":195,"minecraft:iron_leggings":1,"minecraft:pointed_dripstone":2,"minecraft:cooked_mutton":8,"minecraft:water_bucket":7,"minecraft:birch_planks":36,"minecraft:baked_potato":64,"minecraft:copper_block":15,"minecraft:birch_boat":1,"minecraft:waxed_copper_block":1,"minecraft:deepslate_bricks":6,"minecraft:polished_blackstone_bricks":18,"minecraft:polished_deepslate_slab":5397,"minecraft:rail":1388,"minecraft:oak_slab":3,"minecraft:crafting_table":30,"minecraft:birch_sign":4,"minecraft:white_bed":4,"minecraft:deepslate_tile_wall":24,"minecraft:oak_log":12,"minecraft:diamond_pickaxe":10545,"minecraft:diamond_shovel":781,"minecraft:oak_button":2,"minecraft:iron_pickaxe":3374,"minecraft:stone_axe":29,"minecraft:cobblestone":181,"minecraft:cobbled_deepslate_slab":14,"minecraft:cooked_porkchop":11,"minecraft:bucket":8,"minecraft:pumpkin_pie":149,"minecraft:polished_blackstone_button":9,"minecraft:smooth_stone":21},"minecraft:killed":{"minecraft:spider":3,"minecraft:skeleton":14,"minecraft:silverfish":2,"minecraft:magma_cube":10,"minecraft:pig":4,"minecraft:zombie_villager":1,"minecraft:salmon":1,"minecraft:creeper":8,"minecraft:sheep":7,"minecraft:zombie":31,"minecraft:cow":8,"minecraft:player":2},"minecraft:crafted":{"minecraft:oak_planks":828,"minecraft:smooth_stone":25,"minecraft:chain":4,"minecraft:polished_blackstone_slab":18,"minecraft:stone":70,"minecraft:diamond_shovel":1,"minecraft:heavy_weighted_pressure_plate":1,"minecraft:cooked_mutton":7,"minecraft:deepslate_brick_stairs":4,"minecraft:polished_blackstone_button":12,"minecraft:glass":192,"minecraft:hopper":31,"minecraft:diamond_helmet":1,"minecraft:diamond_leggings":1,"minecraft:iron_boots":1,"minecraft:polished_blackstone":88,"minecraft:polished_basalt":8,"minecraft:chest":75,"minecraft:iron_door":3,"minecraft:oak_button":9,"minecraft:copper_block":8,"minecraft:rail":1376,"minecraft:oak_fence":6,"minecraft:stone_bricks":8,"minecraft:raw_iron_block":121,"minecraft:oak_slab":6,"minecraft:cooked_porkchop":8,"minecraft:diamond_axe":1,"minecraft:crafting_table":11,"minecraft:iron_helmet":1,"minecraft:wooden_pickaxe":1,"minecraft:baked_potato":64,"minecraft:copper_ingot":128,"minecraft:hopper_minecart":11,"minecraft:birch_planks":260,"minecraft:polished_deepslate_slab":5610,"minecraft:diamond_pickaxe":5,"minecraft:stick":724,"minecraft:iron_ingot":815,"minecraft:iron_pickaxe":14,"minecraft:stone_sword":1,"minecraft:iron_block":1,"minecraft:light_blue_bed":1,"minecraft:gold_ingot":94,"minecraft:polished_blackstone_bricks":20,"minecraft:deepslate_bricks":80,"minecraft:deepslate_tile_slab":30,"minecraft:cobbled_deepslate_slab":18,"minecraft:oak_door":3,"minecraft:redstone":1413,"minecraft:raw_iron":1088,"minecraft:stone_shovel":1,"minecraft:coal":144,"minecraft:stone_brick_wall":6,"minecraft:iron_nugget":99,"minecraft:furnace":9,"minecraft:bone_meal":36,"minecraft:oak_trapdoor":6,"minecraft:lantern":9,"minecraft:dark_oak_fence":3,"minecraft:polished_deepslate":2996,"minecraft:iron_axe":1,"minecraft:ladder":132,"minecraft:stone_pickaxe":1,"minecraft:cobblestone_wall":492,"minecraft:diamond_boots":1,"minecraft:cobbled_deepslate_stairs":12,"minecraft:deepslate_tile_wall":24,"minecraft:redstone_block":285,"minecraft:dark_oak_planks":32,"minecraft:golden_helmet":1,"minecraft:birch_sign":6,"minecraft:minecart":10,"minecraft:cooked_beef":15,"minecraft:coal_block":95,"minecraft:diamond_sword":1,"minecraft:dark_oak_stairs":16,"minecraft:powered_rail":84,"minecraft:iron_sword":1,"minecraft:cooked_salmon":3,"minecraft:polished_blackstone_stairs":16,"minecraft:bucket":1,"minecraft:deepslate_tiles":68,"minecraft:stone_axe":1,"minecraft:air":0,"minecraft:oak_stairs":8,"minecraft:wooden_axe":1,"minecraft:iron_shovel":3,"minecraft:deepslate_tile_stairs":16,"minecraft:white_bed":1,"minecraft:acacia_planks":16,"minecraft:torch":728},"minecraft:killed_by":{"minecraft:creeper":1}},"DataVersion":2865}