{"stats":{"minecraft:killed_by":{"minecraft:ravager":4,"minecraft:vex":2},"minecraft:used":{"minecraft:red_concrete":18,"minecraft:dark_oak_sign":1,"minecraft:elytra":4,"minecraft:ender_pearl":2,"minecraft:blackstone":5,"minecraft:lime_concrete_powder":4,"minecraft:birch_boat":1,"minecraft:stone":16,"minecraft:bell":5,"minecraft:leather_boots":1,"minecraft:spyglass":22,"minecraft:music_disc_cat":2,"minecraft:tnt":1,"minecraft:nether_bricks":5,"minecraft:crossbow":11,"minecraft:snowball":28,"minecraft:music_disc_strad":1,"minecraft:bamboo_raft":1,"minecraft:gray_terracotta":8,"minecraft:green_concrete":8,"minecraft:diamond_pickaxe":23,"minecraft:firework_rocket":328,"minecraft:cyan_shulker_box":7,"minecraft:smooth_quartz":19,"minecraft:golden_carrot":12,"minecraft:sweet_berries":32,"minecraft:goat_horn":2,"minecraft:bucket":63,"minecraft:cooked_beef":45,"minecraft:pearlescent_froglight":7,"minecraft:cherry_log":1,"minecraft:powder_snow_bucket":71,"minecraft:brown_concrete_powder":1},"minecraft:custom":{"minecraft:interact_with_smithing_table":1,"minecraft:interact_with_anvil":1,"minecraft:play_record":3,"minecraft:open_barrel":26,"minecraft:open_shulker_box":32,"minecraft:bell_ring":194,"minecraft:leave_game":8,"minecraft:time_since_death":1190,"minecraft:climb_one_cm":27459,"minecraft:damage_resisted":1446,"minecraft:time_since_rest":1233,"minecraft:open_enderchest":19,"minecraft:sprint_one_cm":1568274,"minecraft:damage_taken":6041,"minecraft:walk_one_cm":900186,"minecraft:drop":36,"minecraft:damage_dealt":30,"minecraft:minecart_one_cm":60378,"minecraft:swim_one_cm":138616,"minecraft:target_hit":7,"minecraft:fly_one_cm":2851524,"minecraft:open_chest":34,"minecraft:crouch_one_cm":423205,"minecraft:play_time":928726,"minecraft:deaths":10,"minecraft:sneak_time":99013,"minecraft:walk_under_water_one_cm":70850,"minecraft:boat_one_cm":2596792,"minecraft:interact_with_lectern":4,"minecraft:aviate_one_cm":6287240,"minecraft:jump":6082,"minecraft:walk_on_water_one_cm":27888,"minecraft:total_world_time":928726,"minecraft:fall_one_cm":165326,"minecraft:horse_one_cm":231793},"minecraft:dropped":{"minecraft:compass":10,"minecraft:netherite_pickaxe":2,"minecraft:spyglass":4,"minecraft:iron_nugget":5,"minecraft:tropical_fish":2,"minecraft:stone":2,"minecraft:powder_snow_bucket":2,"minecraft:diamond_pickaxe":1,"minecraft:carved_pumpkin":1,"minecraft:stone_bricks":2,"minecraft:bell":2,"minecraft:paper":3},"minecraft:picked_up":{"minecraft:music_disc_strad":2,"minecraft:jungle_boat":1,"minecraft:golden_carrot":7,"minecraft:cherry_leaves":39,"minecraft:leather":1,"minecraft:filled_map":4,"minecraft:music_disc_cat":4,"minecraft:paper":3,"minecraft:elytra":2,"minecraft:compass":10,"minecraft:blackstone":5,"minecraft:pearlescent_froglight":4,"minecraft:stone_bricks":2,"minecraft:gray_terracotta":6,"minecraft:music_disc_otherside":1,"minecraft:dark_oak_sign":3,"minecraft:iron_nugget":64,"minecraft:phantom_membrane":1,"minecraft:stone":37,"minecraft:birch_boat":1,"minecraft:pumpkin":3,"minecraft:sweet_berries":38,"minecraft:spyglass":3,"minecraft:bamboo_raft":1,"minecraft:cherry_log":1,"minecraft:brown_concrete_powder":1,"minecraft:mangrove_sign":1,"minecraft:netherite_pickaxe":2,"minecraft:cyan_shulker_box":7,"minecraft:goat_horn":5,"minecraft:tnt":2,"minecraft:firework_rocket":32,"minecraft:light_gray_bed":1,"minecraft:green_concrete":7,"minecraft:tropical_fish":2,"minecraft:nether_bricks":5,"minecraft:carved_pumpkin":1,"minecraft:bone_meal":1,"minecraft:saddle":1,"minecraft:leather_horse_armor":1,"minecraft:snowball":508,"minecraft:lime_concrete_powder":3,"minecraft:ender_pearl":5,"minecraft:diamond_pickaxe":2},"minecraft:mined":{"minecraft:gray_terracotta":8,"minecraft:mangrove_wall_sign":1,"minecraft:nether_bricks":5,"minecraft:lime_concrete_powder":4,"minecraft:green_concrete":6,"minecraft:pearlescent_froglight":4,"minecraft:brown_concrete_powder":1,"minecraft:dark_oak_wall_sign":2,"minecraft:fire":3}},"DataVersion":3463}