{"stats":{"minecraft:mined":{"minecraft:dark_prismarine":2,"minecraft:spruce_planks":2,"minecraft:quartz_stairs":5,"minecraft:deepslate_diamond_ore":1,"minecraft:stripped_birch_log":85,"minecraft:mangrove_wall_sign":4,"minecraft:warped_door":1,"minecraft:sea_lantern":1,"minecraft:shulker_box":6,"minecraft:lever":1,"minecraft:spruce_trapdoor":3,"minecraft:grass_block":18,"minecraft:mangrove_trapdoor":2,"minecraft:polished_diorite":2,"minecraft:oak_wall_sign":1,"minecraft:crimson_stem":3,"minecraft:acacia_trapdoor":14,"minecraft:dark_oak_trapdoor":2,"minecraft:fire":4,"minecraft:barrel":19,"minecraft:diamond_block":1,"minecraft:moss_carpet":6,"minecraft:warped_wall_sign":19,"minecraft:dark_oak_stairs":1,"minecraft:bookshelf":2,"minecraft:brown_glazed_terracotta":8,"minecraft:lantern":2,"minecraft:warped_trapdoor":2,"minecraft:stone":87,"minecraft:iron_block":2,"minecraft:bone_block":7,"minecraft:player_head":1,"minecraft:green_bed":2,"minecraft:orange_bed":2,"minecraft:cyan_terracotta":6,"minecraft:cut_copper_stairs":3,"minecraft:crafting_table":6,"minecraft:torch":7,"minecraft:honey_block":1,"minecraft:mushroom_stem":1,"minecraft:cobblestone":21,"minecraft:sculk":2,"minecraft:diorite":6,"minecraft:wall_torch":4,"minecraft:prismarine_bricks":8,"minecraft:spruce_stairs":1,"minecraft:chain":1,"minecraft:birch_planks":1,"minecraft:blue_terracotta":1,"minecraft:dark_oak_slab":2,"minecraft:warped_planks":6,"minecraft:sea_pickle":1,"minecraft:birch_log":2,"minecraft:spruce_log":1,"minecraft:quartz_pillar":13,"minecraft:mangrove_leaves":4,"minecraft:yellow_stained_glass_pane":9,"minecraft:smooth_stone_slab":6,"minecraft:end_rod":14,"minecraft:gravel":6,"minecraft:smooth_quartz":3,"minecraft:dirt":26,"minecraft:stonecutter":1,"minecraft:stripped_crimson_stem":36,"minecraft:piston":3},"minecraft:killed_by":{"minecraft:player":2,"minecraft:drowned":1},"minecraft:used":{"minecraft:light_blue_stained_glass_pane":10,"minecraft:moss_carpet":15,"minecraft:blue_terracotta":1,"minecraft:writable_book":1,"minecraft:flint_and_steel":23,"minecraft:polished_deepslate":10,"minecraft:smooth_quartz_slab":62,"minecraft:stone_shovel":50,"minecraft:spruce_slab":9,"minecraft:bone_block":79,"minecraft:oak_sign":6,"minecraft:spruce_planks":52,"minecraft:warped_sign":23,"minecraft:sculk":39,"minecraft:stone":106,"minecraft:player_head":4,"minecraft:quartz_stairs":11,"minecraft:stripped_crimson_stem":27,"minecraft:cut_copper_stairs":18,"minecraft:orange_bed":3,"minecraft:torch":6,"minecraft:pink_candle":17,"minecraft:brewing_stand":2,"minecraft:prismarine_bricks":23,"minecraft:spruce_stairs":10,"minecraft:warped_door":1,"minecraft:shulker_box":4,"minecraft:deepslate_tile_slab":38,"minecraft:glow_lichen":48,"minecraft:polished_diorite":36,"minecraft:orange_candle":28,"minecraft:polished_deepslate_stairs":3,"minecraft:honey_block":7,"minecraft:sea_lantern":2,"minecraft:cyan_terracotta":117,"minecraft:bookshelf":22,"minecraft:quartz_pillar":24,"minecraft:lantern":2,"minecraft:iron_block":6,"minecraft:polished_deepslate_wall":1,"minecraft:dark_oak_slab":24,"minecraft:smooth_quartz":163,"minecraft:totem_of_undying":1,"minecraft:barrel":52,"minecraft:stripped_mangrove_log":1,"minecraft:birch_trapdoor":1,"minecraft:golden_carrot":37,"minecraft:furnace":3,"minecraft:white_stained_glass_pane":24,"minecraft:cobbled_deepslate":24,"minecraft:orange_stained_glass_pane":4,"minecraft:mangrove_leaves":4,"minecraft:crimson_stem":93,"minecraft:dark_oak_stairs":9,"minecraft:end_rod":50,"minecraft:diorite":39,"minecraft:birch_planks":4,"minecraft:stripped_birch_log":106,"minecraft:acacia_trapdoor":46,"minecraft:chorus_fruit":1,"minecraft:birch_boat":6,"minecraft:spruce_sign":5,"minecraft:diamond_axe":382,"minecraft:stonecutter":2,"minecraft:dark_oak_trapdoor":19,"minecraft:rail":2,"minecraft:mangrove_trapdoor":28,"minecraft:crafting_table":7,"minecraft:yellow_stained_glass_pane":14,"minecraft:campfire":10,"minecraft:warped_planks":61,"minecraft:painting":13,"minecraft:mangrove_sign":13,"minecraft:brown_glazed_terracotta":10,"minecraft:mushroom_stem":19,"minecraft:spruce_log":74,"minecraft:firework_rocket":296,"minecraft:dark_prismarine":61,"minecraft:piston":11,"minecraft:lever":7,"minecraft:flower_pot":5,"minecraft:diamond_pickaxe":221,"minecraft:warped_trapdoor":2,"minecraft:birch_slab":16,"minecraft:detector_rail":1,"minecraft:spruce_trapdoor":27,"minecraft:iron_door":2,"minecraft:gravel":6,"minecraft:soul_lantern":6,"minecraft:magenta_stained_glass_pane":3,"minecraft:diamond_sword":203,"minecraft:cobblestone":21,"minecraft:azalea_leaves":11,"minecraft:grindstone":1,"minecraft:smithing_table":50,"minecraft:chain":6,"minecraft:pumpkin_pie":2,"minecraft:smooth_stone_slab":6,"minecraft:sea_pickle":10,"minecraft:jukebox":1,"minecraft:diamond_leggings":1},"minecraft:dropped":{"minecraft:piston":56,"minecraft:porkchop":3,"minecraft:ender_pearl":291,"minecraft:lead":1,"minecraft:prismarine_crystals":2,"minecraft:stick":2,"minecraft:end_rod":8,"minecraft:dirt":1,"minecraft:golden_carrot":4,"minecraft:chain":18,"minecraft:pumpkin_pie":8,"minecraft:cut_copper_stairs":12,"minecraft:rotten_flesh":1,"minecraft:pink_candle":17,"minecraft:warped_planks":1,"minecraft:stone":1,"minecraft:gunpowder":3,"minecraft:diamond_pickaxe":1,"minecraft:carved_pumpkin":2,"minecraft:barrel":18,"minecraft:prismarine_bricks":20},"minecraft:picked_up":{"minecraft:crafting_table":6,"minecraft:lead":10,"minecraft:diamond_sword":1,"minecraft:enchanted_book":2,"minecraft:chain":6,"minecraft:pink_candle":3,"minecraft:oak_trapdoor":7,"minecraft:dark_oak_trapdoor":2,"minecraft:elytra":2,"minecraft:moss_carpet":6,"minecraft:smooth_stone_slab":6,"minecraft:oak_sign":1,"minecraft:sea_pickle":2,"minecraft:diamond_leggings":1,"minecraft:spruce_planks":2,"minecraft:player_head":5,"minecraft:smooth_quartz":3,"minecraft:quartz_stairs":5,"minecraft:spruce_trapdoor":3,"minecraft:piston":3,"minecraft:stick":2,"minecraft:brown_glazed_terracotta":8,"minecraft:torch":11,"minecraft:spruce_stairs":1,"minecraft:porkchop":3,"minecraft:cut_copper_stairs":3,"minecraft:quartz_pillar":13,"minecraft:diorite":4,"minecraft:mangrove_sign":5,"minecraft:warped_planks":6,"minecraft:mangrove_trapdoor":2,"minecraft:prismarine_crystals":2,"minecraft:warped_door":1,"minecraft:orange_bed":2,"minecraft:rotten_flesh":1,"minecraft:diamond_chestplate":1,"minecraft:pumpkin_pie":10,"minecraft:shears":1,"minecraft:iron_block":2,"minecraft:carved_pumpkin":5,"minecraft:cyan_terracotta":6,"minecraft:warped_sign":22,"minecraft:saddle":2,"minecraft:end_rod":14,"minecraft:totem_of_undying":1,"minecraft:mutton":2,"minecraft:bone_block":71,"minecraft:white_wool":2,"minecraft:cobblestone":102,"minecraft:birch_log":2,"minecraft:golden_carrot":73,"minecraft:crimson_stem":3,"minecraft:carrot_on_a_stick":1,"minecraft:birch_planks":1,"minecraft:flint":1,"minecraft:prismarine_bricks":8,"minecraft:warped_trapdoor":2,"minecraft:gunpowder":4,"minecraft:dirt":41,"minecraft:stripped_birch_log":85,"minecraft:lantern":66,"minecraft:stonecutter":1,"minecraft:acacia_trapdoor":14,"minecraft:diamond_helmet":2,"minecraft:moss_block":64,"minecraft:dark_oak_stairs":1,"minecraft:book":6,"minecraft:dark_oak_slab":2,"minecraft:cooked_porkchop":41,"minecraft:birch_boat":6,"minecraft:lime_concrete":2,"minecraft:gravel":5,"minecraft:stripped_crimson_stem":36,"minecraft:spruce_log":1,"minecraft:diamond_block":2,"minecraft:shulker_box":6,"minecraft:barrel":19,"minecraft:dark_prismarine":2,"minecraft:firework_rocket":55,"minecraft:blue_terracotta":1,"minecraft:polished_diorite":2,"minecraft:lever":1,"minecraft:honey_block":1,"minecraft:painting":9,"minecraft:chorus_fruit":3,"minecraft:ender_pearl":293,"minecraft:diamond_pickaxe":2},"minecraft:crafted":{"minecraft:oak_planks":8,"minecraft:stone_shovel":1,"minecraft:jukebox":1,"minecraft:iron_nugget":63,"minecraft:birch_boat":1,"minecraft:birch_slab":24,"minecraft:furnace":3,"minecraft:dark_oak_trapdoor":18,"minecraft:moss_carpet":15,"minecraft:flint_and_steel":1,"minecraft:warped_planks":112,"minecraft:diamond":18,"minecraft:spruce_stairs":12,"minecraft:polished_deepslate":32,"minecraft:spruce_slab":24,"minecraft:iron_door":3,"minecraft:dark_oak_planks":108,"minecraft:dark_oak_stairs":12,"minecraft:diamond_axe":1,"minecraft:crafting_table":2,"minecraft:spruce_planks":212,"minecraft:mangrove_trapdoor":26,"minecraft:mangrove_planks":80,"minecraft:brewing_stand":2,"minecraft:birch_planks":28,"minecraft:painting":4,"minecraft:air":0,"minecraft:spruce_trapdoor":30,"minecraft:soul_lantern":11,"minecraft:dark_oak_slab":36,"minecraft:paper":3,"minecraft:warped_sign":21,"minecraft:stick":52,"minecraft:birch_trapdoor":2,"minecraft:stonecutter":1,"minecraft:firework_rocket":165},"minecraft:killed":{"minecraft:fox":1,"minecraft:pig":1,"minecraft:creeper":1,"minecraft:sheep":2,"minecraft:zombie":3,"minecraft:enderman":1391},"minecraft:custom":{"minecraft:interact_with_smithing_table":1,"minecraft:interact_with_anvil":4,"minecraft:mob_kills":1399,"minecraft:inspect_hopper":4,"minecraft:interact_with_crafting_table":37,"minecraft:open_barrel":474,"minecraft:open_shulker_box":262,"minecraft:leave_game":15,"minecraft:time_since_death":161973,"minecraft:climb_one_cm":78671,"minecraft:damage_resisted":4,"minecraft:sprint_one_cm":1031112,"minecraft:walk_one_cm":1714497,"minecraft:drop":134,"minecraft:play_time":691712,"minecraft:deaths":3,"minecraft:sneak_time":24328,"minecraft:walk_under_water_one_cm":58844,"minecraft:boat_one_cm":39716,"minecraft:interact_with_lectern":2,"minecraft:jump":3192,"minecraft:walk_on_water_one_cm":10295,"minecraft:total_world_time":691712,"minecraft:interact_with_furnace":4,"minecraft:pot_flower":5,"minecraft:interact_with_stonecutter":6,"minecraft:sleep_in_bed":4,"minecraft:time_since_rest":44030,"minecraft:open_enderchest":9,"minecraft:damage_taken":2811,"minecraft:damage_dealt":3179,"minecraft:pig_one_cm":126511,"minecraft:swim_one_cm":18165,"minecraft:fly_one_cm":1491458,"minecraft:open_chest":564,"minecraft:crouch_one_cm":70551,"minecraft:aviate_one_cm":9436084,"minecraft:fall_one_cm":71082,"minecraft:inspect_dispenser":1}},"DataVersion":3120}