{"stats":{"minecraft:killed_by":{"minecraft:drowned":2},"minecraft:custom":{"minecraft:interact_with_furnace":18,"minecraft:mob_kills":6,"minecraft:interact_with_crafting_table":47,"minecraft:open_barrel":5,"minecraft:open_shulker_box":9,"minecraft:leave_game":43,"minecraft:time_since_death":95580,"minecraft:climb_one_cm":146017,"minecraft:time_since_rest":95760,"minecraft:sprint_one_cm":183588,"minecraft:open_enderchest":2,"minecraft:damage_taken":1385,"minecraft:walk_one_cm":1431152,"minecraft:drop":1,"minecraft:damage_dealt":988,"minecraft:swim_one_cm":1490,"minecraft:fly_one_cm":5186,"minecraft:open_chest":150,"minecraft:crouch_one_cm":32130,"minecraft:play_time":637364,"minecraft:deaths":3,"minecraft:sneak_time":28639,"minecraft:walk_under_water_one_cm":91308,"minecraft:boat_one_cm":164418,"minecraft:jump":984,"minecraft:walk_on_water_one_cm":194564,"minecraft:total_world_time":637364,"minecraft:fall_one_cm":7421,"minecraft:horse_one_cm":1260},"minecraft:killed":{"minecraft:squid":1,"minecraft:zombie":3,"minecraft:drowned":1,"minecraft:glow_squid":1},"minecraft:dropped":{"minecraft:cobblestone":1},"minecraft:broken":{"minecraft:stone_pickaxe":28,"minecraft:stone_axe":1,"minecraft:iron_pickaxe":3,"minecraft:stone_shovel":4,"minecraft:stone_hoe":1},"minecraft:picked_up":{"minecraft:birch_log":145,"minecraft:crafting_table":1,"minecraft:wheat":4,"minecraft:ladder":7,"minecraft:glow_ink_sac":1,"minecraft:andesite":205,"minecraft:birch_planks":115,"minecraft:filled_map":1,"minecraft:flint":18,"minecraft:tuff":78,"minecraft:oak_log":63,"minecraft:raw_copper":283,"minecraft:lapis_lazuli":62,"minecraft:dirt":600,"minecraft:item_frame":3,"minecraft:wheat_seeds":31,"minecraft:black_shulker_box":1,"minecraft:cobbled_deepslate":1083,"minecraft:raw_gold":8,"minecraft:stone_pickaxe":16,"minecraft:written_book":2,"minecraft:oak_planks":60,"minecraft:moss_block":2,"minecraft:chest":3,"minecraft:birch_sapling":28,"minecraft:stone_hoe":2,"minecraft:furnace":1,"minecraft:stick":40,"minecraft:raw_iron":78,"minecraft:birch_boat":1,"minecraft:torch":243,"minecraft:gravel":162,"minecraft:sand":69,"minecraft:ink_sac":4,"minecraft:diorite":402,"minecraft:redstone":156,"minecraft:stone_axe":2,"minecraft:stone_shovel":2,"minecraft:quartz_bricks":2,"minecraft:rotten_flesh":3,"minecraft:diamond":19,"minecraft:spruce_boat":1,"minecraft:granite":290,"minecraft:glow_berries":8,"minecraft:oak_sapling":30,"minecraft:coal":235,"minecraft:cobblestone":2305},"minecraft:used":{"minecraft:wheat_seeds":29,"minecraft:water_bucket":5,"minecraft:diorite":171,"minecraft:stone_sword":38,"minecraft:granite_stairs":4,"minecraft:iron_shovel":44,"minecraft:birch_planks":39,"minecraft:stone_shovel":582,"minecraft:stone_pickaxe":3838,"minecraft:baked_potato":16,"minecraft:ladder":116,"minecraft:chest":8,"minecraft:birch_boat":1,"minecraft:stone_hoe":138,"minecraft:torch":547,"minecraft:glow_berries":2,"minecraft:dirt":344,"minecraft:crafting_table":6,"minecraft:carrot":2,"minecraft:birch_sign":2,"minecraft:granite":130,"minecraft:birch_door":2,"minecraft:spruce_boat":1,"minecraft:glass":8,"minecraft:iron_pickaxe":978,"minecraft:birch_sapling":10,"minecraft:iron_axe":43,"minecraft:stone_axe":174,"minecraft:written_book":2,"minecraft:gravel":13,"minecraft:cobblestone":1746,"minecraft:oak_sapling":15,"minecraft:furnace":3,"minecraft:bucket":6,"minecraft:andesite":72,"minecraft:birch_log":2,"minecraft:cobbled_deepslate":183},"minecraft:crafted":{"minecraft:oak_planks":128,"minecraft:stone_shovel":4,"minecraft:crafting_table":5,"minecraft:furnace":2,"minecraft:bucket":1,"minecraft:birch_planks":368,"minecraft:stone_axe":4,"minecraft:glass":64,"minecraft:iron_axe":1,"minecraft:ladder":123,"minecraft:stick":540,"minecraft:iron_ingot":57,"minecraft:iron_pickaxe":6,"minecraft:stone_pickaxe":34,"minecraft:andesite_stairs":4,"minecraft:stone_sword":1,"minecraft:chest":10,"minecraft:birch_door":3,"minecraft:torch":616,"minecraft:stone_hoe":2,"minecraft:birch_sign":3,"minecraft:granite_stairs":4},"minecraft:mined":{"minecraft:black_shulker_box":1,"minecraft:deepslate_redstone_ore":35,"minecraft:tuff":76,"minecraft:deepslate_diamond_ore":17,"minecraft:crafting_table":1,"minecraft:ladder":2,"minecraft:torch":18,"minecraft:cave_vines_plant":7,"minecraft:granite":296,"minecraft:grass_block":174,"minecraft:chest":1,"minecraft:cobblestone":241,"minecraft:copper_ore":81,"minecraft:quartz_bricks":2,"minecraft:lapis_ore":4,"minecraft:deepslate_gold_ore":2,"minecraft:moss_block":4,"minecraft:diorite":404,"minecraft:wall_torch":78,"minecraft:birch_planks":2,"minecraft:furnace":1,"minecraft:birch_log":146,"minecraft:iron_ore":63,"minecraft:wheat":3,"minecraft:cobbled_deepslate":3,"minecraft:birch_leaves":60,"minecraft:andesite":207,"minecraft:deepslate_iron_ore":15,"minecraft:deepslate_lapis_ore":6,"minecraft:grass":121,"minecraft:coal_ore":193,"minecraft:oak_log":64,"minecraft:cave_vines":38,"minecraft:dirt_path":1,"minecraft:dirt":277,"minecraft:gravel":185,"minecraft:sand":70,"minecraft:stone":2080,"minecraft:gold_ore":6,"minecraft:oak_leaves":97,"minecraft:deepslate":998}},"DataVersion":3105}