{"stats":{"minecraft:picked_up":{"minecraft:bone_block":2},"minecraft:used":{"minecraft:bone_block":2},"minecraft:custom":{"minecraft:jump":2,"minecraft:time_since_rest":23993824,"minecraft:damage_taken":110,"minecraft:leave_game":189,"minecraft:play_time":23993824,"minecraft:time_since_death":23993824,"minecraft:walk_on_water_one_cm":309563,"minecraft:walk_one_cm":512,"minecraft:sneak_time":63637,"minecraft:total_world_time":23993824,"minecraft:walk_under_water_one_cm":164786,"minecraft:fall_one_cm":1325,"minecraft:fly_one_cm":89888433}},"DataVersion":3463}