{"stat.chestOpened":10,"stat.walkOneCm":6263,"stat.useItem.minecraft.stone":7,"stat.leaveGame":485,"stat.jump":39,"stat.swimOneCm":182653,"stat.climbOneCm":1721,"stat.fallOneCm":2364,"stat.pickup.minecraft.stone":1,"stat.crouchOneCm":84,"stat.useItem.minecraft.written_book":2,"stat.sprintOneCm":11609,"achievement.exploreAllBiomes":{"value":0,"progress":["Cold Taiga","Cold Taiga Hills","Birch Forest","Roofed Forest","The End","Beach","FrozenRiver","Mesa Plateau","Mega Taiga Hills","Extreme Hills+","Cold Beach","River","Ocean","Taiga","Mega Taiga","Swampland","Ice Mountains","Birch Forest Hills","Mesa Plateau F","Savanna Plateau","Mesa","ForestHills","Flower Forest","Plains","TaigaHills","DesertHills","Stone Beach","Ice Plains","Forest","Desert","Extreme Hills","Mesa (Bryce)","Savanna","Hell","Deep Ocean","Swampland M"]},"stat.useItem.minecraft.cooked_chicken":2,"stat.dropperInspected":1,"achievement.openInventory":14,"stat.damageTaken":140,"stat.flyOneCm":80147078,"stat.playOneMinute":31527674,"stat.sneakTime":95899,"stat.timeSinceDeath":31527674,"stat.diveOneCm":452625}