{"stat.useItem.minecraft.string":1,"stat.useItem.minecraft.bow":12,"stat.leaveGame":19,"stat.useItem.minecraft.bookshelf":15,"stat.craftItem.minecraft.iron_axe":1,"stat.killEntity.PigZombie":2,"stat.pickup.minecraft.fishing_rod":2,"stat.useItem.minecraft.planks":6,"stat.pickup.minecraft.golden_boots":6,"stat.pickup.minecraft.porkchop":20,"stat.drop.minecraft.iron_sword":1,"stat.useItem.minecraft.water_bucket":29,"stat.mineBlock.minecraft.red_mushroom":18,"stat.pickup.minecraft.rotten_flesh":376,"stat.pickup.minecraft.sand":11,"stat.pickup.minecraft.hardened_clay":1213,"stat.craftItem.minecraft.stone_axe":2,"stat.drop.minecraft.hardened_clay":1,"achievement.diamonds":28,"stat.pickup.minecraft.leather_boots":3,"stat.craftItem.minecraft.stone_sword":2,"stat.craftItem.minecraft.iron_shovel":6,"stat.pickup.minecraft.chainmail_chestplate":1,"stat.pickup.minecraft.brown_mushroom":10,"stat.mineBlock.minecraft.sand":2,"achievement.buildPickaxe":24,"stat.killEntity.Witch":2,"stat.craftItem.minecraft.wooden_hoe":2,"achievement.buildBetterPickaxe":13,"stat.useItem.minecraft.fence_gate":1,"stat.useItem.minecraft.iron_pickaxe":1223,"stat.pickup.minecraft.stained_hardened_clay":1054,"stat.craftItem.minecraft.wooden_pickaxe":8,"stat.useItem.minecraft.iron_shovel":1089,"stat.trappedChestTriggered":3,"stat.useItem.minecraft.hardened_clay":256,"stat.useItem.minecraft.oak_stairs":1,"stat.pickup.minecraft.wooden_shovel":1,"stat.furnaceInteraction":99,"stat.useItem.minecraft.pumpkin_seeds":24,"stat.pickup.minecraft.fence_gate":1,"stat.pickup.minecraft.furnace":6,"stat.useItem.minecraft.redstone":1,"achievement.mineWood":1563,"stat.pickup.minecraft.leather_helmet":1,"stat.mineBlock.minecraft.stained_hardened_clay":454,"stat.useItem.minecraft.trapdoor":12,"stat.pickup.minecraft.iron_chestplate":1,"stat.useItem.minecraft.fence":2,"stat.useItem.minecraft.stone_stairs":153,"achievement.openInventory":416,"stat.pickup.minecraft.stone_stairs":145,"stat.pickup.minecraft.potion":1,"stat.useItem.minecraft.flint_and_steel":1,"stat.useItem.minecraft.wheat_seeds":308,"stat.craftItem.minecraft.fence_gate":1,"stat.pickup.minecraft.pumpkin_seeds":30,"stat.useItem.minecraft.dye":45,"stat.mineBlock.minecraft.oak_stairs":1,"stat.deaths":4,"stat.pickup.minecraft.bowl":4,"stat.pickup.minecraft.egg":84,"stat.craftItem.minecraft.melon_seeds":1,"stat.playOneMinute":989120,"stat.craftItem.minecraft.wooden_shovel":2,"stat.drop.minecraft.string":1,"stat.craftItem.minecraft.iron_pickaxe":5,"stat.craftItem.minecraft.diamond_block":2,"stat.drop.minecraft.torch":40,"stat.mineBlock.minecraft.tallgrass":91,"stat.pickup.minecraft.netherrack":511,"stat.chestOpened":928,"stat.useItem.minecraft.lapis_ore":14,"stat.pickup.minecraft.pumpkin":2,"stat.craftItem.minecraft.sign":6,"stat.useItem.minecraft.stone":24,"stat.mineBlock.minecraft.netherrack":400,"stat.pickup.minecraft.iron_sword":4,"stat.pickup.minecraft.arrow":406,"stat.killEntity.Ghast":1,"stat.pickup.minecraft.lapis_ore":14,"stat.pickup.minecraft.gold_nugget":2,"stat.craftItem.minecraft.coal":34,"stat.pickup.minecraft.cooked_chicken":2,"stat.fallOneCm":158645,"stat.pickup.minecraft.carrot":524,"stat.drop.minecraft.stone_sword":1,"stat.pickup.minecraft.melon_seeds":10,"stat.crouchOneCm":76260,"achievement.killCow":1,"stat.mineBlock.minecraft.chest":7,"stat.craftItem.minecraft.diamond":9,"stat.craftItem.minecraft.chest":13,"stat.craftItem.minecraft.iron_ingot":253,"stat.pickup.minecraft.red_mushroom":18,"stat.pickup.minecraft.golden_leggings":3,"stat.pickup.minecraft.melon":719,"stat.mineBlock.minecraft.hardened_clay":627,"stat.craftingTableInteraction":101,"stat.dropperInspected":3,"stat.pickup.minecraft.wooden_pickaxe":4,"stat.mineBlock.minecraft.log2":8,"stat.pickup.minecraft.feather":40,"stat.useItem.minecraft.furnace":7,"stat.craftItem.minecraft.wooden_sword":3,"stat.pickup.minecraft.dye":300,"stat.pickup.minecraft.planks":222,"stat.pickup.minecraft.iron_leggings":1,"stat.pickup.minecraft.wheat_seeds":589,"stat.mineBlock.minecraft.gravel":279,"stat.useItem.minecraft.stone_pickaxe":126,"stat.breakItem.minecraft.stone_axe":1,"stat.useItem.minecraft.stone_sword":203,"stat.craftItem.minecraft.iron_leggings":1,"stat.useItem.minecraft.enchanting_table":1,"stat.pickup.minecraft.redstone_ore":109,"stat.mineBlock.minecraft.dirt":688,"stat.pickup.minecraft.poisonous_potato":10,"stat.drop.minecraft.stick":2,"stat.pickup.minecraft.flint_and_steel":1,"stat.useItem.minecraft.torch":845,"stat.useItem.minecraft.bread":1,"stat.craftItem.minecraft.redstone_block":173,"stat.drop.minecraft.rotten_flesh":23,"stat.craftItem.minecraft.stone_stairs":244,"stat.pickup.minecraft.crafting_table":18,"stat.useItem.minecraft.log":92,"stat.useItem.minecraft.cobblestone":394,"stat.craftItem.minecraft.crafting_table":4,"stat.pickup.minecraft.log":2201,"stat.drop.minecraft.sign":2,"stat.pickup.minecraft.iron_pickaxe":4,"stat.craftItem.minecraft.gold_ingot":6,"stat.pickup.minecraft.sapling":772,"stat.entityKilledBy.Enderman":1,"stat.pickup.minecraft.apple":54,"stat.pickup.minecraft.beetroot":224,"achievement.portal":30,"stat.craftItem.minecraft.bucket":1,"stat.craftItem.minecraft.planks":572,"stat.useItem.minecraft.iron_sword":263,"stat.itemEnchanted":16,"stat.pickup.minecraft.stone_sword":2,"stat.mineBlock.minecraft.log":1578,"achievement.acquireIron":28,"stat.useItem.minecraft.beetroot_seeds":152,"stat.pickup.minecraft.red_flower":6,"stat.sneakTime":29450,"stat.pickup.minecraft.wool":4,"stat.useItem.minecraft.baked_potato":258,"stat.useItem.minecraft.wooden_axe":282,"stat.useItem.minecraft.beetroot":2,"stat.useItem.minecraft.fishing_rod":8,"stat.pickup.minecraft.chest":9,"stat.pickup.minecraft.bone":404,"stat.pickup.minecraft.bookshelf":15,"stat.useItem.minecraft.iron_axe":251,"stat.mineBlock.minecraft.cobblestone":58,"stat.mineBlock.minecraft.pumpkin":2,"stat.useItem.minecraft.log2":2,"stat.pickup.minecraft.stone_pickaxe":2,"stat.pickup.minecraft.flint":52,"stat.pickup.minecraft.leather_chestplate":1,"stat.mineBlock.minecraft.brown_mushroom":10,"stat.useItem.minecraft.diamond_sword":342,"stat.swimOneCm":129623,"stat.climbOneCm":77918,"stat.pickup.minecraft.glowstone":14,"stat.drop.minecraft.cobblestone":1,"stat.pickup.minecraft.cooked_porkchop":3,"achievement.buildWorkBench":3,"stat.enderchestOpened":1,"stat.breakItem.minecraft.iron_pickaxe":3,"stat.useItem.minecraft.dirt":497,"stat.pickup.minecraft.golden_helmet":6,"stat.pickup.minecraft.bow":26,"achievement.exploreAllBiomes":{"value":0,"progress":["Mesa Plateau F","Beach","Mesa","Mesa Plateau","Birch Forest","Forest","Ocean","River","Desert","Swampland","Deep Ocean","Hell"]},"stat.pickup.minecraft.iron_boots":1,"stat.pickup.minecraft.stone_hoe":1,"stat.craftItem.minecraft.furnace":3,"stat.craftItem.minecraft.lapis_block":10,"stat.useItem.minecraft.egg":1,"stat.pickup.minecraft.enchanting_table":1,"stat.craftItem.minecraft.iron_boots":1,"stat.craftItem.minecraft.melon_block":18,"stat.pickup.minecraft.coal_ore":59,"stat.craftItem.minecraft.stone_pickaxe":3,"stat.mineBlock.minecraft.obsidian":13,"stat.pickup.minecraft.shears":1,"stat.pickup.minecraft.cobblestone":3829,"stat.craftItem.minecraft.bow":8,"stat.useItem.minecraft.stone_shovel":36,"stat.flyOneCm":2057090,"stat.pickup.minecraft.fish":2,"stat.drop.minecraft.wheat_seeds":9,"stat.pickup.minecraft.cactus":28,"stat.pickup.minecraft.redstone":1574,"stat.pickup.minecraft.acacia_boat":3,"stat.mineBlock.minecraft.iron_ore":253,"stat.timeSinceDeath":686368,"stat.pickup.minecraft.quartz_ore":121,"stat.useItem.minecraft.sign":9,"stat.craftItem.minecraft.iron_block":21,"stat.killEntity.Bat":1,"stat.useItem.minecraft.potato":342,"stat.pickup.minecraft.chainmail_helmet":2,"stat.mineBlock.minecraft.enchanting_table":1,"stat.useItem.minecraft.cooked_porkchop":12,"stat.pickup.minecraft.iron_shovel":1,"stat.pickup.minecraft.trapdoor":12,"stat.mineBlock.minecraft.coal_ore":219,"stat.killEntity.Creeper":12,"stat.breakItem.minecraft.iron_sword":1,"stat.pickup.minecraft.wooden_sword":6,"stat.pickup.minecraft.string":40,"stat.mineBlock.minecraft.ladder":4,"stat.drop.minecraft.log2":3,"stat.entityKilledBy.Skeleton":2,"achievement.buildSword":5,"stat.useItem.minecraft.written_book":2,"stat.sprintOneCm":4501474,"stat.craftItem.minecraft.stick":236,"stat.craftItem.minecraft.wooden_axe":6,"stat.mineBlock.minecraft.diamond_ore":33,"stat.mineBlock.minecraft.crafting_table":15,"stat.drop.minecraft.leaves":7,"stat.useItem.minecraft.diamond_pickaxe":4571,"stat.useItem.minecraft.carrot":162,"stat.useItem.minecraft.wooden_shovel":5,"stat.pickup.minecraft.leather_leggings":3,"stat.useItem.minecraft.bucket":30,"achievement.killEnemy":428,"stat.pickup.minecraft.sugar":2,"achievement.buildFurnace":2,"stat.mineBlock.minecraft.planks":7,"stat.drop":60,"stat.useItem.minecraft.wooden_sword":49,"stat.breakItem.minecraft.iron_shovel":2,"stat.useItem.minecraft.ladder":5,"stat.useItem.minecraft.diamond_ore":9,"stat.craftItem.minecraft.diamond_pickaxe":6,"stat.pickup.minecraft.golden_chestplate":2,"stat.useItem.minecraft.melon_seeds":1,"stat.killEntity.Zombie":159,"stat.craftItem.minecraft.dye":45,"stat.craftItem.minecraft.diamond_axe":1,"stat.mineBlock.minecraft.gold_ore":38,"stat.diveOneCm":4251,"stat.drop.minecraft.diamond_pickaxe":1,"stat.pickup.minecraft.wheat":378,"achievement.buildHoe":2,"stat.pickup.minecraft.sign":10,"stat.drop.minecraft.wooden_pickaxe":1,"stat.pickup.minecraft.gravel":1326,"stat.craftItem.minecraft.cooked_porkchop":20,"stat.useItem.minecraft.glass_bottle":4,"stat.useItem.minecraft.diamond_axe":891,"stat.pickup.minecraft.stone_axe":3,"stat.useItem.minecraft.apple":36,"stat.mineBlock.minecraft.deadbush":224,"stat.breakItem.minecraft.wooden_axe":4,"stat.pickup.minecraft.obsidian":12,"stat.useItem.minecraft.potion":5,"stat.useItem.minecraft.rotten_flesh":2,"stat.craftItem.minecraft.diamond_sword":1,"stat.useItem.minecraft.sand":2,"stat.jump":9512,"stat.useItem.minecraft.wooden_hoe":2,"stat.pickup.minecraft.fence":2,"stat.pickup.minecraft.coal":217,"stat.pickup.minecraft.iron_helmet":1,"stat.pickup.minecraft.iron_ingot":4,"stat.useItem.minecraft.stone_axe":236,"stat.drop.minecraft.wooden_sword":1,"stat.pickup.minecraft.gunpowder":46,"stat.craftItem.minecraft.bread":1,"stat.pickup.minecraft.spider_eye":21,"stat.craftItem.minecraft.torch":464,"stat.pickup.minecraft.dirt":1123,"achievement.makeBread":1,"stat.craftItem.minecraft.iron_helmet":1,"stat.useItem.minecraft.coal_ore":59,"stat.pickup.minecraft.diamond_ore":9,"stat.useItem.minecraft.cooked_chicken":17,"stat.pickup.minecraft.iron_ore":260,"stat.pickup.minecraft.stone_shovel":3,"stat.boatOneCm":17756,"stat.useItem.minecraft.sapling":106,"stat.pickup.minecraft.gold_ore":48,"stat.craftItem.minecraft.flint_and_steel":1,"stat.mineBlock.minecraft.lapis_ore":28,"stat.pickup.minecraft.leaves":61,"stat.pickup.minecraft.iron_axe":1,"stat.mineBlock.minecraft.leaves2":2,"stat.mineBlock.minecraft.stone_stairs":9,"stat.damageTaken":6943,"stat.pickup.minecraft.leather":3,"stat.mineBlock.minecraft.melon_block":128,"stat.mineBlock.minecraft.torch":300,"stat.mineBlock.minecraft.furnace":4,"stat.pickup.minecraft.written_book":2,"stat.useItem.minecraft.wooden_pickaxe":13,"stat.mineBlock.minecraft.sapling":53,"stat.pickup.minecraft.log2":14,"stat.pickup.minecraft.reeds":298,"stat.pickup.minecraft.acacia_fence":1,"stat.pickup.minecraft.potato":1031,"stat.mineBlock.minecraft.fence_gate":1,"stat.pickup.minecraft.oak_stairs":7,"stat.entityKilledBy.Zombie":1,"stat.pickup.minecraft.rabbit_hide":1,"stat.damageDealt":46463,"stat.sleepInBed":4,"stat.craftItem.minecraft.baked_potato":305,"stat.useItem.minecraft.crafting_table":13,"stat.craftItem.minecraft.iron_sword":3,"stat.craftItem.minecraft.stone_shovel":1,"stat.pickup.minecraft.boat":3,"stat.walkOneCm":3796809,"stat.useItem.minecraft.chest":19,"stat.drop.minecraft.wheat":5,"stat.pickup.minecraft.stick":292,"stat.pickup.minecraft.diamond_pickaxe":1,"stat.useItem.minecraft.melon":42,"stat.pickup.minecraft.stone":558,"stat.craftItem.minecraft.iron_chestplate":1,"stat.pickup.minecraft.baked_potato":56,"stat.useItem.minecraft.stained_hardened_clay":19,"stat.useItem.minecraft.leaves":4,"stat.useItem.minecraft.redstone_ore":109,"stat.useItem.minecraft.cactus":4,"stat.pickup.minecraft.ladder":7,"stat.useItem.minecraft.netherrack":573,"stat.pickup.minecraft.gold_ingot":3,"stat.killEntity.Skeleton":279,"stat.mineBlock.minecraft.cactus":4,"stat.killEntity.Spider":17,"stat.mineBlock.minecraft.quartz_ore":133,"stat.mineBlock.minecraft.glowstone":14,"stat.mobKills":477,"stat.mineBlock.minecraft.bookshelf":15,"stat.pickup.minecraft.quartz":10,"stat.craftItem.minecraft.fence":3,"stat.useItem.minecraft.boat":1,"stat.breakItem.minecraft.iron_axe":1,"stat.pickup.minecraft.water_bucket":1,"stat.pickup.minecraft.diamond":35,"stat.mineBlock.minecraft.leaves":713,"stat.pickup.minecraft.beetroot_seeds":395,"stat.pickup.minecraft.torch":490,"stat.mineBlock.minecraft.redstone_ore":410,"stat.breakItem.minecraft.stone_sword":1,"stat.mineBlock.minecraft.stone":3200}