{"stat.useItem.minecraft.bow":6086,"stat.useItem.minecraft.painting":3,"stat.drop.minecraft.gunpowder":7,"achievement.killWither":2,"stat.pickup.minecraft.dark_oak_boat":8,"stat.mineBlock.minecraft.stained_glass":19,"stat.mineBlock.minecraft.web":44,"stat.drop.minecraft.iron_sword":3,"stat.pickup.minecraft.rotten_flesh":3978,"stat.useItem.minecraft.diamond_hoe":4113,"stat.mineBlock.minecraft.purpur_stairs":23,"stat.craftItem.minecraft.stone_axe":1,"stat.pickup.minecraft.cobblestone_wall":221,"stat.pickup.minecraft.bucket":18,"stat.useItem.minecraft.rail":413,"stat.killEntity.Enderman":36188,"stat.useItem.minecraft.anvil":41,"stat.craftItem.minecraft.iron_shovel":4,"stat.pickup.minecraft.brown_mushroom":18,"achievement.buildPickaxe":94,"stat.breakItem.minecraft.bow":3,"stat.mineBlock.minecraft.end_stone":69,"stat.useItem.minecraft.spider_eye":5,"stat.useItem.minecraft.iron_pickaxe":6851,"stat.pickup.minecraft.stained_hardened_clay":44584,"stat.pickup.minecraft.double_plant":22,"stat.craftItem.minecraft.glass_pane":80,"stat.useItem.minecraft.hardened_clay":909,"stat.drop.minecraft.diamond_chestplate":1,"stat.mineBlock.minecraft.sticky_piston":9,"stat.furnaceInteraction":1036,"stat.useItem.minecraft.nether_wart":1513,"stat.useItem.minecraft.golden_carrot":750,"stat.pickup.minecraft.nether_brick":37,"stat.pickup.minecraft.sponge":12,"stat.useItem.minecraft.end_stone":15,"stat.mineBlock.minecraft.wooden_button":4,"stat.useItem.minecraft.fence":562,"stat.mineBlock.minecraft.sponge":4,"stat.useItem.minecraft.cauldron":3,"stat.mineBlock.minecraft.fence":197,"stat.useItem.minecraft.flint_and_steel":137,"stat.useItem.minecraft.wheat_seeds":5418,"stat.mineBlock.minecraft.sea_lantern":10,"stat.pickup.minecraft.emerald":14,"stat.pickup.minecraft.lever":313,"stat.deaths":40,"stat.pickup.minecraft.bowl":16,"stat.pickup.minecraft.egg":1419,"stat.craftItem.minecraft.item_frame":414,"stat.craftItem.minecraft.wooden_shovel":1,"stat.pickup.minecraft.clock":1,"stat.craftItem.minecraft.iron_pickaxe":31,"stat.pickup.minecraft.glass_pane":245,"stat.pickup.minecraft.item_frame":125,"stat.pickup.minecraft.sea_lantern":54,"stat.craftItem.minecraft.repeater":28,"stat.craftItem.minecraft.cooked_mutton":115,"stat.pickup.minecraft.cooked_mutton":118,"stat.chestOpened":16689,"stat.useItem.minecraft.lapis_ore":63,"stat.craftItem.minecraft.mossy_cobblestone":7,"stat.craftItem.minecraft.mushroom_stew":1,"stat.craftItem.minecraft.sign":72,"stat.pickup.minecraft.iron_sword":7,"stat.pickup.minecraft.lapis_ore":100,"stat.craftItem.minecraft.quartz_block":97,"stat.pickup.minecraft.gold_nugget":308,"stat.craftItem.minecraft.coal":2,"stat.pickup.minecraft.carrot":956,"stat.crouchOneCm":1153859,"stat.pickup.minecraft.rail":1223,"stat.craftItem.minecraft.iron_ingot":5943,"stat.pickup.minecraft.ender_chest":29,"stat.craftingTableInteraction":812,"stat.mineBlock.minecraft.wooden_pressure_plate":12,"stat.pickup.minecraft.repeater":10,"stat.pickup.minecraft.wooden_pickaxe":1,"stat.mineBlock.minecraft.log2":2,"stat.pickup.minecraft.dye":6196,"stat.pickup.minecraft.planks":3148,"stat.mineBlock.minecraft.ender_chest":23,"stat.pickup.minecraft.ice":2,"stat.drop.minecraft.rotten_flesh":50,"stat.pickup.minecraft.magma":1,"stat.pickup.minecraft.chicken":253,"stat.useItem.minecraft.glass_pane":35,"stat.pickup.minecraft.end_stone":69,"stat.craftItem.minecraft.bucket":35,"stat.craftItem.minecraft.planks":23471,"stat.useItem.minecraft.iron_sword":473,"stat.craftItem.minecraft.dirt":4,"stat.mineBlock.minecraft.prismarine":27,"stat.pickup.minecraft.stone_sword":31,"stat.craftItem.minecraft.fishing_rod":1,"stat.useItem.minecraft.stonebrick":18900,"stat.pickup.minecraft.book":916,"stat.craftItem.minecraft.wooden_door":3,"stat.mineBlock.minecraft.waterlily":173,"stat.pickup.minecraft.red_nether_brick":8,"stat.craftItem.minecraft.spruce_door":3,"stat.pickup.minecraft.tripwire_hook":202,"stat.pickup.minecraft.bookshelf":29,"stat.pickup.minecraft.spruce_fence_gate":3,"stat.mineBlock.minecraft.cobblestone":2440,"stat.mineBlock.minecraft.pumpkin":6,"stat.useItem.minecraft.beacon":7,"stat.pickup.minecraft.stone_pickaxe":4,"stat.pickup.minecraft.flint":360,"stat.breakItem.minecraft.diamond_leggings":1,"stat.pickup.minecraft.leather_chestplate":8,"stat.mineBlock.minecraft.stained_glass_pane":39,"stat.drop.minecraft.end_bricks":37,"stat.drop.minecraft.cobblestone":3026,"stat.pickup.minecraft.cooked_porkchop":752,"stat.breakItem.minecraft.iron_pickaxe":19,"stat.mineBlock.minecraft.dropper":8,"stat.pickup.minecraft.iron_boots":6,"stat.pickup.minecraft.diamond_horse_armor":5,"stat.craftItem.minecraft.furnace":163,"stat.breakItem.minecraft.diamond_hoe":1,"stat.drop.minecraft.golden_helmet":2,"stat.craftItem.minecraft.iron_boots":7,"stat.useItem.minecraft.spruce_fence_gate":10,"stat.mineBlock.minecraft.clay":63,"stat.pickup.minecraft.diamond_leggings":9,"stat.useItem.minecraft.brick_block":17,"stat.useItem.minecraft.melon_block":3,"stat.useItem.minecraft.wooden_slab":1139,"stat.craftItem.minecraft.beacon":2,"stat.craftItem.minecraft.iron_block":256,"stat.craftItem.minecraft.stonebrick":10883,"stat.drop.minecraft.wool":2,"stat.killEntity.Creeper":188,"stat.useItem.minecraft.armor_stand":2,"stat.breakItem.minecraft.iron_sword":1,"stat.pickup.minecraft.wooden_sword":2,"stat.drop.minecraft.ender_chest":2,"stat.craftItem.minecraft.jungle_stairs":4,"stat.entityKilledBy.Skeleton":7,"achievement.buildSword":36,"stat.killEntity.Squid":13,"stat.useItem.minecraft.dropper":62,"stat.sprintOneCm":34064206,"stat.mineBlock.minecraft.stone_slab":5542,"stat.drop.minecraft.leather":2,"stat.pickup.minecraft.leather_leggings":35,"stat.craftItem.minecraft.redstone_lamp":20,"stat.pickup.minecraft.sugar":1,"stat.pickup.minecraft.vine":87,"stat.useItem.minecraft.banner":11,"stat.craftItem.minecraft.emerald":188,"stat.pickup.minecraft.iron_block":1058,"stat.killEntity.Zombie":1623,"stat.craftItem.minecraft.dye":3944,"stat.craftItem.minecraft.diamond_axe":5,"stat.mineBlock.minecraft.gold_ore":579,"stat.craftItem.minecraft.slime_ball":9,"stat.drop.minecraft.diamond_pickaxe":9,"stat.pickup.minecraft.wheat":4134,"stat.craftItem.minecraft.sandstone":81,"stat.mineBlock.minecraft.mossy_cobblestone":17,"stat.drop.minecraft.purpur_stairs":44,"stat.pickup.minecraft.sign":112,"stat.craftItem.minecraft.cooked_porkchop":576,"stat.pickup.minecraft.obsidian":286,"stat.pickup.minecraft.coal":3887,"stat.pickup.minecraft.iron_ingot":1397,"stat.useItem.minecraft.dark_oak_boat":8,"stat.craftItem.minecraft.lever":438,"stat.drop.minecraft.diamond_sword":3,"stat.pickup.minecraft.gunpowder":563,"stat.pickup.minecraft.dirt":10838,"stat.useItem.minecraft.coal_ore":189,"stat.drop.minecraft.iron_shovel":2,"stat.craftItem.minecraft.sponge":5,"stat.useItem.minecraft.dispenser":4,"stat.mineBlock.minecraft.lapis_ore":284,"stat.pickup.minecraft.red_sandstone":6,"stat.pickup.minecraft.iron_axe":2,"stat.brewingstandInteraction":149,"stat.useItem.minecraft.stone_brick_stairs":1402,"stat.mineBlock.minecraft.torch":705,"stat.mineBlock.minecraft.red_flower":13,"stat.pickup.minecraft.written_book":2,"stat.tradedWithVillager":208,"stat.pickup.minecraft.magma_cream":118,"stat.craftItem.minecraft.comparator":3,"stat.craftItem.minecraft.glowstone":16,"stat.drop.minecraft.nether_star":1,"stat.useItem.minecraft.birch_fence":10,"stat.mineBlock.minecraft.fence_gate":10,"stat.pickup.minecraft.diamond_axe":29,"stat.pickup.minecraft.shulker_shell":114,"stat.mineBlock.minecraft.birch_fence":10,"stat.pickup.minecraft.diamond_pickaxe":58,"stat.useItem.minecraft.pumpkin":1,"stat.useItem.minecraft.lava_bucket":1,"stat.useItem.minecraft.melon":185,"stat.useItem.minecraft.item_frame":427,"stat.useItem.minecraft.stained_hardened_clay":3079,"stat.useItem.minecraft.redstone_ore":3,"stat.pickup.minecraft.cooked_beef":1113,"stat.mineBlock.minecraft.purpur_slab":4,"stat.mobKills":44291,"stat.pickup.minecraft.diamond_boots":18,"stat.mineBlock.minecraft.bookshelf":116,"stat.useItem.minecraft.boat":14,"stat.craftItem.minecraft.lead":18,"stat.pickup.minecraft.diamond":2036,"stat.pickup.minecraft.beetroot_seeds":43,"stat.craftItem.minecraft.nether_brick_stairs":8,"stat.craftItem.minecraft.spruce_stairs":212,"stat.useItem.minecraft.string":1,"stat.useItem.minecraft.bookshelf":37,"stat.useItem.minecraft.soul_sand":20,"stat.killEntity.Blaze":217,"stat.pickup.minecraft.golden_boots":28,"stat.pickup.minecraft.glowstone_dust":92,"achievement.overpowered":4,"stat.mineBlock.minecraft.red_mushroom":4,"stat.mineBlock.minecraft.stone_brick_stairs":962,"stat.drop.minecraft.golden_leggings":1,"stat.craftItem.minecraft.cobblestone_wall":78,"stat.craftItem.minecraft.stone_sword":2,"stat.mineBlock.minecraft.snow_layer":7,"stat.pickup.minecraft.chainmail_chestplate":14,"stat.mineBlock.minecraft.sand":1989,"stat.useItem.minecraft.fence_gate":13,"stat.hopperInspected":181,"stat.drop.minecraft.diamond":650,"stat.pickup.minecraft.packed_ice":2,"stat.breakItem.minecraft.flint_and_steel":1,"stat.pickup.minecraft.ghast_tear":6,"stat.pickup.minecraft.armor_stand":2,"stat.trappedChestTriggered":2026,"stat.craftItem.minecraft.acacia_stairs":4,"stat.pickup.minecraft.wooden_button":5,"stat.useItem.minecraft.minecart":52,"stat.useItem.minecraft.cooked_mutton":108,"stat.drop.minecraft.stained_hardened_clay":6982,"stat.drop.minecraft.diamond_helmet":1,"stat.pickup.minecraft.stone_stairs":369,"stat.craftItem.minecraft.fence_gate":13,"stat.pickup.minecraft.pumpkin_seeds":2,"stat.pickup.minecraft.golden_carrot":552,"stat.pickup.minecraft.saddle":24,"stat.mineBlock.minecraft.soul_sand":14,"achievement.ghast":7,"stat.pickup.minecraft.mycelium":39,"stat.pickup.minecraft.blaze_rod":722,"stat.pickup.minecraft.netherrack":2377,"stat.pickup.minecraft.pumpkin":10,"stat.pickup.minecraft.spruce_door":10,"stat.pickup.minecraft.waterlily":408,"stat.craftItem.minecraft.redstone_torch":143,"stat.pickup.minecraft.brick_stairs":26,"stat.mineBlock.minecraft.gold_block":178,"stat.drop.minecraft.stone":655,"stat.useItem.minecraft.trapped_chest":262,"stat.pickup.minecraft.dropper":14,"stat.pickup.minecraft.golden_leggings":33,"stat.pickup.minecraft.melon":191,"stat.dropperInspected":42,"stat.pickup.minecraft.emerald_ore":16,"stat.useItem.minecraft.golden_rail":65,"stat.drop.minecraft.bone":8,"stat.craftItem.minecraft.wooden_button":2,"stat.useItem.minecraft.furnace":174,"stat.pickup.minecraft.iron_leggings":6,"stat.mineBlock.minecraft.gravel":2771,"stat.mineBlock.minecraft.beacon":5,"stat.useItem.minecraft.wool":159,"stat.pickup.minecraft.flint_and_steel":6,"stat.useItem.minecraft.torch":5379,"stat.pickup.minecraft.golden_apple":53,"stat.craftItem.minecraft.redstone_block":174,"stat.pickup.minecraft.birch_fence_gate":8,"stat.craftItem.minecraft.stone_stairs":120,"stat.pickup.minecraft.crafting_table":132,"stat.useItem.minecraft.log":1252,"stat.useItem.minecraft.comparator":8,"stat.craftItem.minecraft.crafting_table":47,"stat.craftItem.minecraft.boat":2,"stat.mineBlock.minecraft.emerald_ore":14,"stat.pickup.minecraft.redstone_block":630,"stat.pickup.minecraft.compass":1,"stat.drop.minecraft.stonebrick":85,"stat.drop.minecraft.planks":1,"stat.pickup.minecraft.sapling":332,"stat.drop.minecraft.bow":1,"stat.pickup.minecraft.beetroot":55,"stat.drop.minecraft.golden_chestplate":3,"stat.pickup.minecraft.golden_sword":8,"stat.craftItem.minecraft.sugar":1,"stat.craftItem.minecraft.spruce_fence_gate":8,"stat.useItem.minecraft.baked_potato":95,"stat.pickup.minecraft.stone_slab":13946,"stat.pickup.minecraft.yellow_flower":41,"stat.pickup.minecraft.golden_rail":145,"stat.useItem.minecraft.fishing_rod":9,"stat.useItem.minecraft.brick_stairs":9,"stat.craftItem.minecraft.diamond_chestplate":2,"stat.pickup.minecraft.bone":3200,"stat.useItem.minecraft.mushroom_stew":1,"stat.pickup.minecraft.redstone_torch":82,"stat.horseOneCm":12005876,"stat.useItem.minecraft.log2":1,"stat.mineBlock.minecraft.brown_mushroom":1,"stat.useItem.minecraft.diamond_sword":12099,"stat.craftItem.minecraft.diamond_helmet":11,"stat.climbOneCm":426377,"stat.craftItem.minecraft.gold_block":35,"stat.enderchestOpened":409,"stat.useItem.minecraft.redstone_torch":53,"stat.pickup.minecraft.golden_helmet":19,"stat.craftItem.minecraft.purple_shulker_box":33,"stat.craftItem.minecraft.bone_block":1,"stat.pickup.minecraft.anvil":88,"stat.craftItem.minecraft.trapdoor":156,"stat.craftItem.minecraft.stone_pickaxe":5,"stat.pickup.minecraft.cobblestone":33403,"stat.craftItem.minecraft.glass_bottle":105,"stat.pickup.minecraft.soul_sand":87,"stat.useItem.minecraft.cooked_beef":706,"stat.pickup.minecraft.cactus":9,"stat.pickup.minecraft.redstone":5175,"stat.craftItem.minecraft.dispenser":1,"stat.mineBlock.minecraft.iron_ore":2406,"stat.craftItem.minecraft.book":13,"stat.pickup.minecraft.mossy_cobblestone":17,"stat.drop.minecraft.coal":45,"achievement.spawnWither":2,"stat.drop.minecraft.dirt":141,"stat.useItem.minecraft.cooked_porkchop":622,"stat.pickup.minecraft.iron_shovel":7,"stat.pickup.minecraft.trapdoor":186,"stat.pickup.minecraft.carpet":15,"stat.pickup.minecraft.diamond_shovel":27,"stat.useItem.minecraft.sea_lantern":84,"stat.pickup.minecraft.nether_star":5,"stat.useItem.minecraft.spruce_fence":734,"stat.pickup.minecraft.paper":122,"stat.craftItem.minecraft.stick":7495,"stat.craftItem.minecraft.stained_hardened_clay":96,"stat.craftItem.minecraft.gold_nugget":1242,"stat.pickup.minecraft.grass":499,"stat.useItem.minecraft.stone_pressure_plate":1,"stat.pickup.minecraft.golden_horse_armor":10,"stat.pickup.minecraft.diamond_chestplate":4,"stat.entityKilledBy.Creeper":12,"stat.breakItem.minecraft.shears":2,"stat.mineBlock.minecraft.planks":983,"stat.drop":667,"stat.killEntity.Sheep":97,"stat.drop.minecraft.iron_boots":1,"stat.pickup.minecraft.golden_chestplate":22,"stat.pickup.minecraft.purpur_pillar":67,"stat.craftItem.minecraft.piston":1,"stat.drop.minecraft.cooked_beef":2,"stat.killEntity.Slime":275,"stat.mineBlock.minecraft.anvil":27,"stat.pickup.minecraft.purple_shulker_box":114,"stat.useItem.minecraft.waterlily":122,"stat.useItem.minecraft.apple":11,"stat.mineBlock.minecraft.deadbush":71,"stat.useItem.minecraft.porkchop":42,"stat.useItem.minecraft.carpet":2,"stat.useItem.minecraft.potion":37,"stat.mineBlock.minecraft.purpur_pillar":40,"stat.pickup.minecraft.fence":371,"stat.useItem.minecraft.stone_axe":70,"stat.craftItem.minecraft.iron_helmet":7,"stat.craftItem.minecraft.rail":304,"stat.boatOneCm":1396276,"stat.craftItem.minecraft.flint_and_steel":8,"stat.useItem.minecraft.redstone_lamp":326,"stat.mineBlock.minecraft.leaves2":21,"stat.mineBlock.minecraft.stone_stairs":120,"stat.craftItem.minecraft.iron_bars":160,"stat.mineBlock.minecraft.furnace":116,"stat.pickup.minecraft.prismarine_shard":3,"stat.killEntity.CaveSpider":1548,"stat.craftItem.minecraft.netherbrick":28,"stat.craftItem.minecraft.birch_fence":6,"stat.pickup.minecraft.oak_stairs":157,"stat.pickup.minecraft.stained_glass":113,"stat.damageDealt":609598,"stat.craftItem.minecraft.bowl":4,"stat.craftItem.minecraft.anvil":16,"stat.mineBlock.minecraft.nether_brick_stairs":3,"stat.pickup.minecraft.end_bricks":58,"stat.useItem.minecraft.crafting_table":114,"stat.craftItem.minecraft.stone_shovel":1,"stat.pickup.minecraft.boat":14,"stat.pickup.minecraft.stick":2429,"achievement.enchantments":1,"stat.breakItem.minecraft.stone_pickaxe":1,"stat.craftItem.minecraft.birch_fence_gate":2,"stat.craftItem.minecraft.writable_book":9,"stat.craftItem.minecraft.diamond_boots":9,"stat.useItem.minecraft.redstone_block":22,"stat.useItem.minecraft.spruce_stairs":201,"stat.craftItem.minecraft.redstone":261,"stat.craftItem.minecraft.red_nether_brick":1,"stat.drop.minecraft.purpur_block":163,"stat.killEntity.Chicken":100,"stat.useItem.minecraft.iron_block":1076,"stat.mineBlock.minecraft.quartz_ore":398,"stat.craftItem.minecraft.fence":579,"stat.useItem.minecraft.golden_apple":16,"stat.mineBlock.minecraft.leaves":1226,"stat.mineBlock.minecraft.piston":1,"stat.craftItem.minecraft.tripwire_hook":340,"stat.beaconInteraction":20,"stat.pickup.minecraft.wooden_slab":2951,"stat.craftItem.minecraft.diamond_hoe":4,"stat.leaveGame":286,"stat.useItem.minecraft.glowstone":13,"stat.killEntity.PigZombie":53,"stat.craftItem.minecraft.shield":2,"stat.mineBlock.minecraft.birch_fence_gate":2,"stat.pickup.minecraft.leaves2":9,"stat.pickup.minecraft.brick_block":60,"achievement.diamondsToYou":1,"stat.useItem.minecraft.birch_boat":35,"stat.mineBlock.minecraft.wooden_slab":668,"stat.pickup.minecraft.leather_boots":14,"stat.killEntity.Witch":8,"stat.drop.minecraft.sand":1,"stat.craftItem.minecraft.wooden_pickaxe":2,"stat.useItem.minecraft.iron_shovel":188,"stat.mineBlock.minecraft.brick_block":17,"stat.craftItem.minecraft.bed":9,"stat.mineBlock.minecraft.hopper":161,"stat.mineBlock.minecraft.vine":59,"stat.drop.minecraft.gravel":178,"stat.mineBlock.minecraft.rail":214,"stat.killEntity.ZombieVillager":3,"stat.pickup.minecraft.prismarine":33,"stat.pickup.minecraft.beef":1359,"stat.pickup.minecraft.leather_helmet":12,"stat.pickup.minecraft.cauldron":9,"stat.mineBlock.minecraft.stained_hardened_clay":13713,"stat.useItem.minecraft.trapdoor":165,"stat.useItem.minecraft.stained_glass":17,"achievement.openInventory":9681,"stat.pickup.minecraft.potion":74,"stat.mineBlock.minecraft.dark_oak_fence_gate":2,"stat.useItem.minecraft.wooden_button":5,"stat.craftItem.minecraft.dropper":74,"stat.useItem.minecraft.dye":2019,"stat.breakItem.minecraft.diamond_boots":1,"stat.useItem.minecraft.beef":56,"stat.useItem.minecraft.nether_brick":1,"stat.drop.minecraft.torch":12,"stat.mineBlock.minecraft.tallgrass":224,"achievement.potion":64,"stat.useItem.minecraft.stone":12435,"stat.pickup.minecraft.arrow":3007,"stat.pickup.minecraft.wooden_pressure_plate":48,"stat.killEntity.Ghast":15,"stat.useItem.minecraft.ender_chest":24,"stat.useItem.minecraft.clay":2,"achievement.killCow":274,"stat.mineBlock.minecraft.chest":1616,"stat.pickup.minecraft.painting":3,"stat.mineBlock.minecraft.hardened_clay":3663,"stat.craftItem.minecraft.hopper":402,"stat.useItem.minecraft.emerald_ore":6,"stat.pickup.minecraft.birch_boat":49,"stat.craftItem.minecraft.wooden_sword":7,"stat.craftItem.minecraft.nether_brick":3,"stat.craftItem.minecraft.diamond_shovel":11,"stat.pickup.minecraft.wheat_seeds":6016,"stat.mineBlock.minecraft.glass":8,"stat.useItem.minecraft.enchanting_table":2,"stat.mineBlock.minecraft.dirt":7100,"stat.drop.minecraft.paper":12,"stat.useItem.minecraft.bread":4,"stat.pickup.minecraft.brewing_stand":35,"stat.drop.minecraft.porkchop":1,"stat.useItem.minecraft.cobblestone":5034,"stat.craftItem.minecraft.leather_boots":20,"stat.useItem.minecraft.gravel":72,"stat.mineBlock.minecraft.double_plant":10,"stat.minecartOneCm":1658704,"stat.pickup.minecraft.iron_pickaxe":1,"stat.mineBlock.minecraft.end_rod":2,"stat.drop.minecraft.carrot":145,"stat.craftItem.minecraft.gold_ingot":322,"stat.pickup.minecraft.hopper":303,"stat.craftItem.minecraft.brewing_stand":13,"stat.pickup.minecraft.apple":33,"stat.useItem.minecraft.fireworks":1,"stat.pickup.minecraft.banner":7,"achievement.portal":296,"stat.killEntity.ElderGuardian":1,"stat.itemEnchanted":318,"stat.mineBlock.minecraft.log":2591,"stat.useItem.minecraft.wooden_door":3,"achievement.acquireIron":316,"stat.useItem.minecraft.spruce_door":4,"stat.craftItem.minecraft.paper":144,"stat.pickup.minecraft.red_flower":988,"stat.pickup.minecraft.wool":769,"stat.craftItem.minecraft.trapped_chest":178,"stat.pickup.minecraft.trapped_chest":174,"stat.cakeSlicesEaten":4,"stat.craftItem.minecraft.diamond_leggings":7,"stat.useItem.minecraft.iron_axe":415,"stat.mineBlock.minecraft.yellow_flower":12,"stat.useItem.minecraft.skull":9,"stat.craftItem.minecraft.wool":256,"stat.pickup.minecraft.enchanted_book":36,"stat.pickup.minecraft.glowstone":345,"achievement.buildWorkBench":58,"stat.pickup.minecraft.writable_book":1,"stat.useItem.minecraft.obsidian":146,"stat.pickup.minecraft.sticky_piston":185,"stat.pickup.minecraft.bow":107,"stat.drop.minecraft.birch_boat":1,"stat.useItem.minecraft.egg":171,"stat.pickup.minecraft.nether_wart_block":2,"stat.pickup.minecraft.coal_ore":1454,"stat.craftItem.minecraft.cooked_beef":644,"stat.mineBlock.minecraft.obsidian":186,"stat.pickup.minecraft.shears":15,"stat.craftItem.minecraft.bow":49,"stat.pickup.minecraft.diamond_hoe":5,"stat.craftItem.minecraft.red_sandstone_stairs":4,"stat.flyOneCm":23866243,"stat.pickup.minecraft.sandstone":73,"stat.pickup.minecraft.nether_brick_stairs":3,"stat.pickup.minecraft.fish":9,"stat.craftItem.minecraft.stained_glass":176,"stat.timeSinceDeath":556847,"stat.pickup.minecraft.quartz_ore":20,"stat.craftItem.minecraft.painting":1,"stat.killEntity.Bat":4,"stat.useItem.minecraft.potato":165,"stat.pickup.minecraft.chainmail_helmet":20,"stat.pickup.minecraft.nether_wart":8405,"stat.pickup.minecraft.spruce_fence":828,"stat.mineBlock.minecraft.enchanting_table":1,"stat.mineBlock.minecraft.coal_ore":2171,"stat.pickup.minecraft.shield":4,"stat.talkedToVillager":134,"stat.pickup.minecraft.string":1513,"stat.mineBlock.minecraft.ladder":60,"stat.useItem.minecraft.written_book":6,"stat.useItem.minecraft.diamond_shovel":11997,"stat.breakItem.minecraft.diamond_helmet":2,"stat.mineBlock.minecraft.diamond_ore":536,"stat.pickup.minecraft.fireworks":44,"achievement.killEnemy":42072,"stat.craftItem.minecraft.golden_sword":1,"stat.useItem.minecraft.ladder":221,"stat.useItem.minecraft.diamond_ore":155,"stat.drop.minecraft.purpur_pillar":11,"stat.pickup.minecraft.snowball":14,"stat.killEntity.Guardian":5,"stat.craftItem.minecraft.sandstone_stairs":4,"stat.diveOneCm":795775,"stat.useItem.minecraft.sticky_piston":25,"stat.craftItem.minecraft.ladder":252,"achievement.buildHoe":4,"stat.useItem.minecraft.chicken":4,"stat.pickup.minecraft.stained_glass_pane":205,"stat.useItem.minecraft.rotten_flesh":45,"stat.craftItem.minecraft.diamond_sword":16,"stat.jump":145157,"stat.useItem.minecraft.sand":42,"stat.craftItem.minecraft.torch":4688,"stat.breakItem.minecraft.golden_leggings":1,"stat.mineBlock.minecraft.purpur_block":136,"stat.mineBlock.minecraft.spruce_fence_gate":3,"stat.useItem.minecraft.glass":72,"stat.pickup.minecraft.gold_ore":818,"stat.useItem.minecraft.sapling":46,"achievement.blazeRod":187,"stat.mineBlock.minecraft.glass_pane":26,"stat.damageTaken":132519,"stat.mineBlock.minecraft.melon_block":31,"stat.useItem.minecraft.gold_block":178,"stat.breakItem.minecraft.leather_boots":1,"stat.mineBlock.minecraft.sapling":3,"stat.pickup.minecraft.log2":86,"stat.useItem.minecraft.purple_shulker_box":114,"stat.pickup.minecraft.bed":64,"stat.pickup.minecraft.acacia_fence":1,"stat.pickup.minecraft.quartz_block":13,"stat.pickup.minecraft.potato":426,"stat.killEntity.Shulker":37,"stat.breakItem.minecraft.iron_leggings":2,"stat.entityKilledBy.Zombie":2,"stat.craftItem.minecraft.stone_slab":6704,"stat.animalsBred":32,"stat.useItem.minecraft.chest":1923,"stat.useItem.minecraft.birch_fence_gate":2,"stat.shulkerBoxOpened":254,"stat.craftItem.minecraft.iron_chestplate":8,"stat.pickup.minecraft.baked_potato":273,"stat.pickup.minecraft.ender_pearl":25206,"stat.pickup.minecraft.ladder":210,"stat.breakItem.minecraft.golden_boots":1,"stat.useItem.minecraft.netherrack":368,"stat.craftItem.minecraft.stained_glass_pane":80,"stat.craftItem.minecraft.bookshelf":21,"stat.mineBlock.minecraft.stonebrick":12723,"stat.mineBlock.minecraft.glowstone":71,"stat.craftItem.minecraft.shears":9,"stat.useItem.minecraft.cobblestone_wall":55,"stat.pickup.minecraft.iron_horse_armor":5,"stat.breakItem.minecraft.chainmail_helmet":1,"stat.useItem.minecraft.writable_book":41,"stat.pickup.minecraft.torch":3441,"stat.pickup.minecraft.spruce_boat":3,"stat.drop.minecraft.arrow":3,"stat.pickup.minecraft.dark_oak_fence_gate":2,"stat.useItem.minecraft.end_bricks":7,"stat.craftItem.minecraft.iron_axe":3,"stat.mineBlock.minecraft.purple_shulker_box":114,"stat.useItem.minecraft.mutton":29,"stat.useItem.minecraft.planks":1286,"stat.useItem.minecraft.nether_brick_stairs":11,"stat.pickup.minecraft.porkchop":1344,"stat.pickup.minecraft.glass":440,"stat.pickup.minecraft.blaze_powder":158,"stat.useItem.minecraft.water_bucket":758,"stat.pickup.minecraft.sand":2114,"stat.pickup.minecraft.hardened_clay":9879,"stat.entityKilledBy.Spider":3,"stat.useItem.minecraft.red_nether_brick":8,"stat.pickup.minecraft.name_tag":32,"achievement.diamonds":474,"stat.drop.minecraft.hardened_clay":1623,"stat.aviateOneCm":50797303,"stat.useItem.minecraft.ender_pearl":245,"achievement.buildBetterPickaxe":91,"stat.craftItem.minecraft.blaze_powder":52,"achievement.breedCow":31,"stat.useItem.minecraft.oak_stairs":38,"stat.craftItem.minecraft.golden_carrot":155,"stat.drop.minecraft.stone_slab":177,"stat.pickup.minecraft.fence_gate":20,"stat.pickup.minecraft.furnace":283,"stat.useItem.minecraft.redstone":189,"achievement.overkill":7,"stat.mineBlock.minecraft.end_bricks":54,"stat.mineBlock.minecraft.redstone_lamp":92,"achievement.mineWood":2575,"stat.pickup.minecraft.iron_chestplate":6,"stat.pickup.minecraft.end_rod":98,"stat.pickup.minecraft.skull":23,"stat.useItem.minecraft.stone_stairs":121,"stat.craftItem.minecraft.nether_wart_block":1,"stat.mineBlock.minecraft.brick_stairs":9,"stat.useItem.minecraft.hopper":381,"stat.mineBlock.minecraft.oak_stairs":31,"stat.drop.minecraft.golden_carrot":4,"stat.playOneMinute":13001146,"stat.useItem.minecraft.shears":828,"stat.pickup.minecraft.beacon":5,"stat.pickup.minecraft.iron_bars":668,"stat.pickup.minecraft.dispenser":9,"stat.mineBlock.minecraft.netherrack":1201,"stat.mineBlock.minecraft.dispenser":4,"stat.drop.minecraft.flint":46,"stat.craftItem.minecraft.golden_rail":54,"stat.pickup.minecraft.cooked_chicken":88,"stat.fallOneCm":1867477,"stat.drop.minecraft.dye":1,"stat.craftItem.minecraft.chest":1725,"stat.craftItem.minecraft.banner":47,"stat.mineBlock.minecraft.lever":32,"stat.pickup.minecraft.red_mushroom":11,"stat.craftItem.minecraft.end_bricks":4,"stat.pickup.minecraft.comparator":8,"stat.pickup.minecraft.feather":471,"stat.drop.minecraft.iron_leggings":2,"stat.mineBlock.minecraft.red_nether_brick":8,"stat.mineBlock.minecraft.spruce_fence":498,"achievement.fullBeacon":1,"stat.pickup.minecraft.lead":62,"stat.useItem.minecraft.stone_pickaxe":475,"stat.craftItem.minecraft.birch_stairs":4,"stat.useItem.minecraft.stone_sword":158,"stat.craftItem.minecraft.iron_leggings":8,"stat.craftItem.minecraft.oak_stairs":52,"stat.pickup.minecraft.redstone_ore":1562,"stat.pickup.minecraft.chainmail_boots":10,"stat.craftItem.minecraft.golden_pickaxe":1,"stat.drop.minecraft.stick":6,"stat.useItem.minecraft.iron_bars":96,"stat.mineBlock.minecraft.monster_egg":2,"stat.killEntity.LavaSlime":193,"stat.pickup.minecraft.log":5654,"achievement.theEnd2":1,"stat.mineBlock.minecraft.golden_rail":26,"stat.craftItem.minecraft.hopper_minecart":6,"stat.breakItem.minecraft.iron_helmet":1,"stat.pickup.minecraft.chainmail_leggings":12,"stat.pickup.minecraft.wooden_door":21,"stat.entityKilledBy.Enderman":5,"stat.mineBlock.minecraft.iron_block":746,"stat.breakItem.minecraft.iron_chestplate":2,"stat.craftItem.minecraft.snow":3,"stat.pickup.minecraft.diamond_helmet":13,"stat.craftItem.minecraft.cooked_chicken":40,"stat.useItem.minecraft.beetroot_seeds":18,"stat.sneakTime":319823,"stat.mineBlock.minecraft.cobblestone_wall":59,"stat.useItem.minecraft.brewing_stand":35,"stat.useItem.minecraft.beetroot":31,"stat.breakItem.minecraft.chainmail_boots":1,"stat.pickup.minecraft.chest":2391,"stat.craftItem.minecraft.enchanting_table":1,"stat.pickup.minecraft.stone_pressure_plate":1,"stat.pickup.minecraft.lit_pumpkin":1,"stat.useItem.minecraft.repeater":27,"stat.craftItem.minecraft.stone_brick_stairs":1216,"stat.swimOneCm":1723402,"stat.mineBlock.minecraft.spruce_stairs":113,"stat.useItem.minecraft.dirt":7608,"stat.pickup.minecraft.purpur_block":947,"achievement.exploreAllBiomes":{"value":0,"progress":["Sunflower Plains","Birch Forest","Roofed Forest","MushroomIslandShore","The End","Beach","FrozenRiver","Mesa Plateau","Extreme Hills+","Ocean","River","JungleEdge","Taiga","Mega Taiga","MushroomIsland","Swampland","Ice Mountains","Birch Forest Hills","Mesa Plateau F","Savanna Plateau","Mesa","ForestHills","Flower Forest","Plains","TaigaHills","DesertHills","Stone Beach","Ice Plains","Jungle","Forest","JungleHills","Desert","Extreme Hills","Savanna M","Mesa (Bryce)","Deep Ocean","Hell","Swampland M","Savanna"]},"stat.pickup.minecraft.enchanting_table":1,"stat.drop.minecraft.ender_pearl":3810,"stat.mineBlock.minecraft.carpet":2,"stat.pickup.minecraft.gold_block":178,"stat.drop.minecraft.fence":1,"stat.mineBlock.minecraft.redstone_block":25,"stat.useItem.minecraft.stone_shovel":28,"stat.pickup.minecraft.clay":3,"stat.pickup.minecraft.glass_bottle":20,"stat.craftItem.minecraft.wooden_slab":1272,"stat.useItem.minecraft.sign":92,"stat.drop.minecraft.log":91,"stat.pickup.minecraft.mutton":440,"achievement.theEnd":55,"stat.useItem.minecraft.lever":242,"stat.craftItem.minecraft.red_sandstone":19,"stat.pickup.minecraft.stonebrick":15400,"stat.pickup.minecraft.redstone_lamp":356,"stat.mineBlock.minecraft.nether_brick":36,"stat.useItem.minecraft.purpur_pillar":19,"stat.craftItem.minecraft.brick_block":38,"stat.craftItem.minecraft.stone_slab2":6,"stat.drop.minecraft.potion":3,"stat.useItem.minecraft.stone_slab":9459,"stat.useItem.minecraft.bed":51,"stat.craftItem.minecraft.stone":200,"stat.mineBlock.minecraft.crafting_table":95,"stat.useItem.minecraft.diamond_pickaxe":145627,"stat.mineBlock.minecraft.quartz_block":3,"stat.useItem.minecraft.carrot":485,"stat.killEntity.Endermite":2,"stat.useItem.minecraft.bucket":773,"achievement.buildFurnace":254,"stat.pickup.minecraft.slime_ball":638,"stat.useItem.minecraft.purpur_block":30,"stat.craftItem.minecraft.diamond_pickaxe":21,"stat.pickup.minecraft.gravel":2354,"stat.useItem.minecraft.glass_bottle":108,"stat.useItem.minecraft.diamond_axe":7407,"stat.pickup.minecraft.purpur_stairs":55,"stat.useItem.minecraft.stained_glass_pane":39,"stat.pickup.minecraft.stone_brick_stairs":2385,"stat.pickup.minecraft.diamond_sword":29,"stat.craftItem.minecraft.brick_stairs":8,"stat.pickup.minecraft.brick":160,"stat.pickup.minecraft.iron_helmet":4,"stat.craftItem.minecraft.birch_boat":13,"stat.useItem.minecraft.piston":1,"stat.pickup.minecraft.spider_eye":656,"stat.pickup.minecraft.diamond_ore":183,"stat.useItem.minecraft.cooked_chicken":39,"stat.pickup.minecraft.iron_ore":3274,"stat.pickup.minecraft.snow":2,"stat.mineBlock.minecraft.iron_bars":96,"stat.pickup.minecraft.leaves":1250,"stat.pickup.minecraft.leather":1930,"stat.useItem.minecraft.wooden_pickaxe":49,"stat.dispenserInspected":11,"stat.mineBlock.minecraft.mycelium":37,"stat.pickup.minecraft.reeds":170,"stat.pickup.minecraft.prismarine_crystals":44,"stat.craftItem.minecraft.glass":492,"stat.craftItem.minecraft.cauldron":3,"stat.sleepInBed":216,"stat.craftItem.minecraft.baked_potato":124,"stat.killEntity.Cow":272,"stat.pickup.minecraft.minecart":45,"stat.killEntity.Pig":271,"stat.craftItem.minecraft.iron_sword":6,"stat.pickup.minecraft.piston":81,"stat.walkOneCm":51097467,"stat.playerKills":1,"stat.pickup.minecraft.clay_ball":268,"stat.mineBlock.minecraft.trapped_chest":138,"stat.useItem.minecraft.dark_oak_fence_gate":2,"stat.pickup.minecraft.purpur_slab":4,"stat.useItem.minecraft.spruce_boat":3,"stat.pickup.minecraft.tnt":1,"stat.pickup.minecraft.stone":64603,"stat.mineBlock.minecraft.wool":78,"stat.useItem.minecraft.leaves":606,"stat.craftItem.minecraft.minecart":17,"stat.pickup.minecraft.gold_ingot":175,"stat.useItem.minecraft.prismarine":24,"stat.killEntity.Skeleton":1604,"stat.mineBlock.minecraft.cactus":2,"stat.mineBlock.minecraft.redstone_torch":14,"stat.killEntity.Spider":119,"stat.pickup.minecraft.bread":5,"stat.craftItem.minecraft.spruce_fence":591,"stat.pickup.minecraft.quartz":1033,"stat.pickup.minecraft.birch_fence":34,"stat.pickup.minecraft.water_bucket":11,"stat.useItem.minecraft.hopper_minecart":6,"stat.pickup.minecraft.spruce_stairs":617,"stat.mineBlock.minecraft.redstone_ore":1254,"stat.pickup.minecraft.lava_bucket":9,"stat.pickup.minecraft.elytra":18,"stat.craftItem.minecraft.brick":152,"stat.mineBlock.minecraft.stone":99863}