{"stat.useItem.minecraft.bow":2166,"stat.useItem.minecraft.quartz_block":1099,"stat.useItem.minecraft.painting":94,"stat.drop.minecraft.gunpowder":4,"stat.craftItem.minecraft.black_glazed_terracotta":463,"stat.pickup.minecraft.dark_oak_boat":4,"stat.mineBlock.minecraft.stained_glass":890,"stat.mineBlock.minecraft.web":16,"achievement.snipeSkeleton":2,"stat.drop.minecraft.iron_sword":2,"stat.pickup.minecraft.rotten_flesh":4571,"stat.useItem.minecraft.diamond_hoe":19604,"stat.mineBlock.minecraft.purpur_stairs":2,"stat.craftItem.minecraft.stone_axe":7,"stat.useItem.minecraft.vine":50,"stat.pickup.minecraft.cobblestone_wall":327,"stat.pickup.minecraft.bucket":2,"stat.useItem.minecraft.rail":384,"stat.killEntity.Enderman":12825,"stat.useItem.minecraft.anvil":24,"stat.craftItem.minecraft.iron_shovel":6,"stat.pickup.minecraft.brown_mushroom":47,"achievement.buildPickaxe":103,"stat.useItem.minecraft.iron_pickaxe":11397,"stat.pickup.minecraft.stained_hardened_clay":21108,"stat.pickup.minecraft.double_plant":2,"stat.mineBlock.minecraft.green_glazed_terracotta":4,"stat.craftItem.minecraft.glass_pane":880,"stat.useItem.minecraft.hardened_clay":3911,"stat.pickup.minecraft.light_weighted_pressure_plate":1,"stat.mineBlock.minecraft.sticky_piston":19,"stat.pickup.minecraft.wooden_shovel":1,"stat.furnaceInteraction":3680,"stat.useItem.minecraft.nether_wart":2030,"stat.pickup.minecraft.nether_brick":975,"stat.craftItem.minecraft.leather_helmet":2,"stat.pickup.minecraft.sponge":2,"stat.useItem.minecraft.green_shulker_box":56,"stat.mineBlock.minecraft.wooden_button":16,"stat.useItem.minecraft.red_sandstone":122,"stat.pickup.minecraft.hay_block":63,"stat.craftItem.minecraft.golden_leggings":4,"stat.pickup.minecraft.cyan_shulker_box":69,"stat.useItem.minecraft.fence":962,"stat.craftItem.minecraft.orange_glazed_terracotta":192,"stat.drop.minecraft.furnace":1,"stat.mineBlock.minecraft.fence":625,"stat.useItem.minecraft.flint_and_steel":237,"stat.useItem.minecraft.wheat_seeds":34365,"stat.mineBlock.minecraft.sea_lantern":61,"stat.craftItem.minecraft.silver_glazed_terracotta":137,"stat.drop.minecraft.cooked_fish":1,"stat.killEntity.Husk":9,"stat.pickup.minecraft.emerald":6,"stat.pickup.minecraft.lever":15,"stat.deaths":38,"stat.pickup.minecraft.bowl":7,"stat.pickup.minecraft.egg":810,"stat.mineBlock.minecraft.brown_shulker_box":12,"stat.craftItem.minecraft.item_frame":35,"stat.craftItem.minecraft.wooden_shovel":2,"stat.pickup.minecraft.clock":5,"stat.craftItem.minecraft.iron_pickaxe":30,"stat.pickup.minecraft.glass_pane":269,"stat.pickup.minecraft.sea_lantern":68,"stat.pickup.minecraft.item_frame":38,"stat.craftItem.minecraft.repeater":69,"stat.craftItem.minecraft.cooked_mutton":9,"stat.chestOpened":15314,"stat.useItem.minecraft.lapis_ore":2,"stat.craftItem.minecraft.mossy_cobblestone":19,"stat.craftItem.minecraft.mushroom_stew":13,"stat.craftItem.minecraft.sign":455,"stat.useItem.minecraft.jungle_fence":17,"stat.pickup.minecraft.iron_sword":8,"stat.pickup.minecraft.lapis_ore":16,"stat.craftItem.minecraft.quartz_block":1172,"stat.pickup.minecraft.gold_nugget":34,"stat.craftItem.minecraft.coal":2559,"stat.pickup.minecraft.carrot":1655,"stat.crouchOneCm":1310001,"stat.pickup.minecraft.rail":392,"stat.craftItem.minecraft.iron_ingot":1483,"stat.pickup.minecraft.ender_chest":7,"stat.craftingTableInteraction":1329,"stat.mineBlock.minecraft.wooden_pressure_plate":11,"stat.pickup.minecraft.jungle_door":9,"stat.useItem.minecraft.light_blue_shulker_box":59,"stat.pickup.minecraft.repeater":46,"stat.mineBlock.minecraft.log2":925,"stat.pickup.minecraft.wooden_pickaxe":4,"stat.useItem.minecraft.dark_oak_fence":472,"stat.pickup.minecraft.dye":3046,"stat.pickup.minecraft.planks":1266,"stat.mineBlock.minecraft.blue_glazed_terracotta":9,"stat.useItem.minecraft.lime_glazed_terracotta":2,"stat.mineBlock.minecraft.ender_chest":5,"stat.pickup.minecraft.ice":1,"stat.flowerPotted":1,"stat.drop.minecraft.rotten_flesh":14,"stat.pickup.minecraft.magma":50,"stat.craftItem.minecraft.purple_glazed_terracotta":64,"stat.mineBlock.minecraft.pink_glazed_terracotta":2,"stat.useItem.minecraft.jungle_fence_gate":10,"stat.drop.minecraft.iron_ore":1,"stat.useItem.minecraft.yellow_flower":1,"stat.pickup.minecraft.chicken":104,"stat.useItem.minecraft.glass_pane":671,"stat.breakItem.minecraft.stone_shovel":3,"stat.pickup.minecraft.coal_block":388,"stat.craftItem.minecraft.bucket":77,"stat.craftItem.minecraft.planks":14402,"stat.useItem.minecraft.iron_sword":2136,"stat.mineBlock.minecraft.prismarine":97,"stat.craftItem.minecraft.dirt":84,"stat.craftItem.minecraft.fishing_rod":1,"stat.pickup.minecraft.stone_sword":1,"stat.useItem.minecraft.stonebrick":2608,"stat.pickup.minecraft.book":36,"stat.craftItem.minecraft.wooden_door":42,"stat.useItem.minecraft.green_glazed_terracotta":5,"stat.mineBlock.minecraft.waterlily":264,"stat.pickup.minecraft.orange_glazed_terracotta":1,"stat.pickup.minecraft.iron_door":19,"stat.pickup.minecraft.red_nether_brick":20,"stat.pickup.minecraft.cooked_fish":1,"stat.craftItem.minecraft.spruce_door":6,"stat.pickup.minecraft.tripwire_hook":10,"stat.drop.minecraft.observer":1,"stat.mineBlock.minecraft.magenta_glazed_terracotta":25,"stat.pickup.minecraft.bookshelf":65,"stat.pickup.minecraft.spruce_fence_gate":4,"stat.mineBlock.minecraft.cobblestone":888,"stat.mineBlock.minecraft.pumpkin":1706,"stat.useItem.minecraft.beacon":4,"stat.pickup.minecraft.stone_pickaxe":2,"stat.pickup.minecraft.flint":249,"stat.craftItem.minecraft.quartz_stairs":4,"stat.pickup.minecraft.leather_chestplate":41,"stat.mineBlock.minecraft.concrete":989,"stat.pickup.minecraft.flower_pot":1,"stat.mineBlock.minecraft.stained_glass_pane":428,"stat.pickup.minecraft.lime_shulker_box":8,"stat.craftItem.minecraft.clock":7,"stat.drop.minecraft.cobblestone":703,"stat.pickup.minecraft.cooked_porkchop":1,"stat.useItem.minecraft.coal_block":532,"stat.breakItem.minecraft.iron_pickaxe":9,"stat.mineBlock.minecraft.dropper":7,"stat.useItem.minecraft.stone_slab2":481,"stat.pickup.minecraft.iron_boots":7,"stat.pickup.minecraft.diamond_horse_armor":4,"stat.pickup.minecraft.stone_hoe":2,"stat.craftItem.minecraft.furnace":345,"stat.breakItem.minecraft.diamond_hoe":4,"stat.craftItem.minecraft.lapis_block":38,"stat.useItem.minecraft.white_glazed_terracotta":2,"stat.craftItem.minecraft.iron_boots":2,"stat.pickup.minecraft.green_glazed_terracotta":4,"stat.useItem.minecraft.spruce_fence_gate":7,"stat.mineBlock.minecraft.clay":194,"stat.mineBlock.minecraft.noteblock":7,"stat.pickup.minecraft.diamond_leggings":4,"stat.useItem.minecraft.wooden_slab":2900,"stat.useItem.minecraft.iron_door":24,"stat.craftItem.minecraft.iron_block":48,"stat.craftItem.minecraft.stonebrick":7561,"stat.useItem.minecraft.brown_shulker_box":13,"stat.pickup.minecraft.light_blue_glazed_terracotta":3,"stat.drop.minecraft.stained_glass":61,"stat.drop.minecraft.wool":17,"stat.killEntity.Creeper":91,"stat.useItem.minecraft.armor_stand":2,"stat.breakItem.minecraft.iron_sword":4,"stat.craftItem.minecraft.jungle_stairs":52,"stat.pickup.minecraft.brown_shulker_box":13,"achievement.buildSword":31,"stat.pickup.minecraft.birch_stairs":6,"stat.killEntity.Squid":192,"stat.useItem.minecraft.dropper":7,"stat.sprintOneCm":76175669,"stat.useItem.minecraft.hay_block":15,"stat.mineBlock.minecraft.stone_slab":771,"stat.drop.minecraft.leather":64,"stat.pickup.minecraft.leather_leggings":26,"stat.pickup.minecraft.vine":450,"stat.useItem.minecraft.banner":26,"stat.mineBlock.minecraft.yellow_glazed_terracotta":39,"stat.craftItem.minecraft.emerald":50,"stat.pickup.minecraft.iron_block":549,"stat.killEntity.Zombie":3263,"stat.craftItem.minecraft.dye":7452,"stat.craftItem.minecraft.diamond_axe":3,"stat.mineBlock.minecraft.gold_ore":157,"stat.drop.minecraft.diamond_pickaxe":6,"stat.craftItem.minecraft.slime_ball":9,"stat.pickup.minecraft.wheat":27404,"stat.craftItem.minecraft.sandstone":1494,"stat.mineBlock.minecraft.mossy_cobblestone":12,"stat.pickup.minecraft.sign":589,"stat.craftItem.minecraft.cooked_porkchop":51,"stat.pickup.minecraft.obsidian":158,"stat.useItem.minecraft.iron_trapdoor":54,"stat.pickup.minecraft.coal":7845,"stat.pickup.minecraft.iron_ingot":92,"stat.useItem.minecraft.dark_oak_boat":3,"stat.craftItem.minecraft.lever":134,"stat.drop.minecraft.diamond_sword":8,"stat.pickup.minecraft.gunpowder":88,"stat.pickup.minecraft.dirt":46039,"stat.useItem.minecraft.coal_ore":528,"stat.useItem.minecraft.dispenser":45,"stat.mineBlock.minecraft.lapis_ore":85,"stat.pickup.minecraft.red_sandstone":99,"stat.pickup.minecraft.iron_axe":5,"stat.brewingstandInteraction":254,"stat.useItem.minecraft.stone_brick_stairs":2135,"stat.mineBlock.minecraft.torch":2798,"stat.pickup.minecraft.written_book":15,"stat.mineBlock.minecraft.red_flower":172,"stat.tradedWithVillager":6,"stat.useItem.minecraft.acacia_door":2,"stat.pickup.minecraft.magma_cream":8,"stat.noteblockTuned":56,"stat.craftItem.minecraft.sea_lantern":64,"stat.craftItem.minecraft.glowstone":40,"stat.useItem.minecraft.slime":11,"stat.useItem.minecraft.birch_fence":307,"stat.mineBlock.minecraft.fence_gate":39,"stat.pickup.minecraft.rabbit_hide":5,"stat.pickup.minecraft.diamond_axe":3,"stat.mineBlock.minecraft.birch_fence":171,"stat.pickup.minecraft.green_shulker_box":56,"stat.pickup.minecraft.diamond_pickaxe":14,"stat.useItem.minecraft.pumpkin":1417,"stat.pickup.minecraft.noteblock":7,"stat.useItem.minecraft.tnt":4,"stat.useItem.minecraft.lava_bucket":3,"stat.pickup.minecraft.rabbit_foot":2,"stat.drop.minecraft.netherrack":35,"stat.pickup.minecraft.pink_glazed_terracotta":2,"stat.craftItem.minecraft.wheat":5714,"stat.useItem.minecraft.item_frame":61,"stat.useItem.minecraft.stained_hardened_clay":9514,"stat.drop.minecraft.egg":1,"stat.useItem.minecraft.redstone_ore":141,"stat.pickup.minecraft.cooked_beef":10374,"stat.useItem.minecraft.concrete":520,"stat.drop.minecraft.lever":3,"stat.pickup.minecraft.dark_oak_stairs":48,"stat.mobKills":32104,"stat.pickup.minecraft.diamond_boots":3,"stat.mineBlock.minecraft.bookshelf":69,"stat.useItem.minecraft.boat":22,"stat.useItem.minecraft.mossy_cobblestone":4,"stat.pickup.minecraft.diamond":149,"stat.pickup.minecraft.beetroot_seeds":642,"achievement.bookcase":155,"stat.craftItem.minecraft.nether_brick_stairs":92,"stat.craftItem.minecraft.spruce_stairs":496,"stat.craftItem.minecraft.map":1,"stat.craftItem.minecraft.yellow_glazed_terracotta":191,"stat.useItem.minecraft.bookshelf":198,"stat.useItem.minecraft.soul_sand":104,"stat.killEntity.Blaze":42,"stat.drop.minecraft.skull":1,"stat.pickup.minecraft.golden_boots":43,"stat.pickup.minecraft.glowstone_dust":180,"stat.mineBlock.minecraft.white_shulker_box":38,"stat.mineBlock.minecraft.red_mushroom":27,"stat.mineBlock.minecraft.stone_brick_stairs":318,"stat.mineBlock.minecraft.nether_brick_fence":142,"stat.drop.minecraft.golden_leggings":1,"stat.pickup.minecraft.observer":74,"stat.craftItem.minecraft.lit_pumpkin":1461,"stat.craftItem.minecraft.cobblestone_wall":456,"stat.craftItem.minecraft.stone_sword":3,"stat.mineBlock.minecraft.snow_layer":84,"stat.pickup.minecraft.chainmail_chestplate":10,"stat.mineBlock.minecraft.sand":14689,"stat.useItem.minecraft.fence_gate":64,"stat.hopperInspected":30,"stat.drop.minecraft.diamond":8,"stat.breakItem.minecraft.flint_and_steel":1,"stat.pickup.minecraft.ghast_tear":7,"stat.craftItem.minecraft.birch_door":9,"stat.pickup.minecraft.armor_stand":2,"stat.trappedChestTriggered":271,"stat.craftItem.minecraft.observer":345,"stat.craftItem.minecraft.acacia_stairs":32,"stat.craftItem.minecraft.pumpkin_seeds":216,"stat.pickup.minecraft.wooden_button":218,"stat.mineBlock.minecraft.lapis_block":19,"stat.drop.minecraft.wooden_pressure_plate":3,"stat.useItem.minecraft.minecart":5,"stat.useItem.minecraft.cooked_mutton":9,"stat.drop.minecraft.stained_hardened_clay":542,"stat.pickup.minecraft.stone_stairs":180,"stat.craftItem.minecraft.fence_gate":32,"stat.pickup.minecraft.pumpkin_seeds":29,"stat.pickup.minecraft.saddle":3,"stat.mineBlock.minecraft.soul_sand":172,"stat.mineBlock.minecraft.jungle_stairs":19,"achievement.ghast":5,"stat.useItem.minecraft.furnace_minecart":2,"stat.pickup.minecraft.blaze_rod":66,"stat.useItem.minecraft.gray_glazed_terracotta":880,"stat.pickup.minecraft.netherrack":4726,"stat.pickup.minecraft.pumpkin":1496,"stat.pickup.minecraft.spruce_door":1,"stat.recordPlayed":1,"stat.pickup.minecraft.waterlily":253,"stat.craftItem.minecraft.redstone_torch":424,"stat.craftItem.minecraft.iron_hoe":20,"stat.drop.minecraft.stone":1801,"stat.useItem.minecraft.trapped_chest":26,"stat.pickup.minecraft.dropper":7,"stat.pickup.minecraft.golden_leggings":41,"stat.pickup.minecraft.melon":94,"stat.dropperInspected":50,"stat.mineBlock.minecraft.nether_wart_block":51,"stat.pickup.minecraft.emerald_ore":1,"stat.useItem.minecraft.golden_rail":9,"stat.drop.minecraft.bone":8,"stat.craftItem.minecraft.wooden_button":268,"stat.useItem.minecraft.furnace":347,"stat.pickup.minecraft.slime":70,"stat.pickup.minecraft.iron_leggings":10,"stat.mineBlock.minecraft.gravel":2492,"stat.mineBlock.minecraft.beacon":3,"stat.drop.minecraft.diamond_hoe":1,"stat.useItem.minecraft.wool":2057,"stat.drop.minecraft.reeds":6,"stat.craftItem.minecraft.gray_glazed_terracotta":944,"stat.craftItem.minecraft.cyan_glazed_terracotta":11,"stat.pickup.minecraft.flint_and_steel":2,"stat.mineBlock.minecraft.green_shulker_box":56,"stat.useItem.minecraft.torch":10990,"stat.craftItem.minecraft.redstone_block":249,"stat.craftItem.minecraft.stone_stairs":256,"stat.pickup.minecraft.crafting_table":67,"stat.useItem.minecraft.log":976,"stat.craftItem.minecraft.crafting_table":56,"stat.pickup.minecraft.magenta_glazed_terracotta":25,"stat.craftItem.minecraft.boat":7,"stat.pickup.minecraft.iron_hoe":4,"stat.mineBlock.minecraft.emerald_ore":3,"stat.pickup.minecraft.redstone_block":62,"stat.useItem.minecraft.cooked_fish":70,"stat.useItem.minecraft.nether_wart_block":107,"stat.drop.minecraft.sign":36,"stat.craftItem.minecraft.stone_button":6,"stat.drop.minecraft.planks":74,"stat.pickup.minecraft.web":16,"stat.pickup.minecraft.sapling":731,"stat.craftItem.minecraft.red_glazed_terracotta":192,"stat.useItem.minecraft.birch_door":18,"stat.drop.minecraft.bow":1,"stat.pickup.minecraft.beetroot":326,"stat.killEntity.WitherSkeleton":1,"stat.useItem.minecraft.wooden_pressure_plate":81,"stat.craftItem.minecraft.sugar":39,"stat.pickup.minecraft.rabbit":5,"stat.mineBlock.minecraft.orange_shulker_box":2,"stat.craftItem.minecraft.spruce_fence_gate":6,"stat.useItem.minecraft.baked_potato":139,"stat.pickup.minecraft.stone_slab":1001,"stat.pickup.minecraft.yellow_flower":253,"stat.pickup.minecraft.golden_rail":18,"stat.craftItem.minecraft.jungle_door":6,"stat.craftItem.minecraft.diamond_chestplate":1,"stat.pickup.minecraft.bone":4248,"stat.useItem.minecraft.mushroom_stew":13,"stat.craftItem.minecraft.sticky_piston":9,"stat.pickup.minecraft.redstone_torch":233,"stat.horseOneCm":29545432,"stat.drop.minecraft.tripwire_hook":1,"stat.useItem.minecraft.log2":326,"stat.mineBlock.minecraft.slime":8,"stat.mineBlock.minecraft.brown_mushroom":35,"stat.useItem.minecraft.diamond_sword":16890,"stat.craftItem.minecraft.diamond_helmet":2,"stat.climbOneCm":3085794,"stat.useItem.minecraft.end_rod":175,"stat.craftItem.minecraft.gold_block":3,"stat.enderchestOpened":624,"stat.useItem.minecraft.redstone_torch":362,"stat.pickup.minecraft.golden_helmet":33,"stat.useItem.minecraft.red_flower":1,"stat.craftItem.minecraft.bone_block":414,"stat.useItem.minecraft.magenta_shulker_box":3,"stat.pickup.minecraft.anvil":15,"stat.mineBlock.minecraft.black_glazed_terracotta":32,"stat.useItem.minecraft.iron_ore":10,"stat.craftItem.minecraft.trapdoor":50,"stat.craftItem.minecraft.stone_pickaxe":14,"stat.pickup.minecraft.cobblestone":33874,"stat.useItem.minecraft.yellow_glazed_terracotta":41,"stat.drop.minecraft.rabbit_hide":2,"stat.craftItem.minecraft.glass_bottle":150,"stat.pickup.minecraft.soul_sand":163,"stat.useItem.minecraft.cooked_beef":2035,"stat.pickup.minecraft.cactus":282,"stat.pickup.minecraft.redstone":3716,"stat.craftItem.minecraft.dispenser":45,"stat.mineBlock.minecraft.iron_ore":1227,"stat.craftItem.minecraft.book":810,"stat.craftItem.minecraft.acacia_door":6,"stat.pickup.minecraft.mossy_cobblestone":12,"stat.useItem.minecraft.noteblock":11,"stat.drop.minecraft.coal":64,"stat.drop.minecraft.iron_bars":1,"stat.drop.minecraft.dirt":384,"stat.useItem.minecraft.cooked_porkchop":51,"stat.pickup.minecraft.iron_shovel":10,"stat.pickup.minecraft.trapdoor":50,"stat.pickup.minecraft.carpet":45,"stat.pickup.minecraft.diamond_shovel":6,"stat.pickup.minecraft.jungle_stairs":19,"stat.useItem.minecraft.chest_minecart":2,"stat.mineBlock.minecraft.lime_shulker_box":7,"stat.useItem.minecraft.sea_lantern":126,"stat.pickup.minecraft.sandstone_stairs":94,"stat.useItem.minecraft.spruce_fence":204,"stat.craftItem.minecraft.chest_minecart":3,"stat.pickup.minecraft.paper":22,"stat.pickup.minecraft.jungle_fence_gate":5,"stat.craftItem.minecraft.stick":6198,"stat.craftItem.minecraft.stained_hardened_clay":3344,"stat.craftItem.minecraft.gold_nugget":198,"stat.pickup.minecraft.grass":5219,"stat.useItem.minecraft.magenta_glazed_terracotta":27,"stat.useItem.minecraft.stone_pressure_plate":9,"stat.breakItem.minecraft.iron_hoe":4,"stat.pickup.minecraft.diamond_chestplate":1,"stat.entityKilledBy.Creeper":2,"stat.breakItem.minecraft.shears":1,"stat.pickup.minecraft.blue_shulker_box":27,"stat.mineBlock.minecraft.planks":1101,"stat.drop":259,"stat.killEntity.Sheep":8,"stat.pickup.minecraft.golden_chestplate":45,"stat.useItem.minecraft.melon_seeds":1,"stat.useItem.minecraft.light_blue_glazed_terracotta":4,"stat.craftItem.minecraft.piston":37,"stat.useItem.minecraft.quartz_stairs":2,"stat.drop.minecraft.cooked_beef":33,"stat.pickup.minecraft.black_glazed_terracotta":32,"stat.killEntity.Slime":4,"stat.mineBlock.minecraft.anvil":15,"stat.useItem.minecraft.lime_shulker_box":7,"stat.useItem.minecraft.blue_glazed_terracotta":13,"stat.pickup.minecraft.purple_shulker_box":3,"stat.useItem.minecraft.waterlily":252,"stat.useItem.minecraft.apple":13,"stat.mineBlock.minecraft.deadbush":85,"stat.useItem.minecraft.black_glazed_terracotta":367,"stat.useItem.minecraft.carpet":45,"stat.useItem.minecraft.potion":69,"stat.useItem.minecraft.flower_pot":1,"stat.pickup.minecraft.fence":667,"stat.useItem.minecraft.stone_axe":519,"stat.craftItem.minecraft.iron_helmet":3,"stat.craftItem.minecraft.rail":416,"stat.boatOneCm":4780046,"stat.craftItem.minecraft.flint_and_steel":10,"stat.mineBlock.minecraft.leaves2":331,"stat.mineBlock.minecraft.stone_stairs":136,"stat.craftItem.minecraft.iron_bars":112,"stat.mineBlock.minecraft.furnace":64,"stat.pickup.minecraft.dark_oak_fence":122,"stat.pickup.minecraft.prismarine_shard":10,"stat.pickup.minecraft.end_crystal":2,"stat.killEntity.CaveSpider":5281,"stat.craftItem.minecraft.netherbrick":1707,"stat.craftItem.minecraft.birch_fence":180,"stat.pickup.minecraft.oak_stairs":129,"stat.pickup.minecraft.stained_glass":998,"stat.damageDealt":862400,"stat.craftItem.minecraft.bowl":16,"stat.craftItem.minecraft.anvil":10,"stat.mineBlock.minecraft.nether_brick_stairs":24,"stat.pickup.minecraft.end_bricks":1,"stat.useItem.minecraft.crafting_table":98,"stat.useItem.minecraft.cyan_glazed_terracotta":2,"stat.craftItem.minecraft.stone_shovel":11,"stat.pickup.minecraft.boat":17,"stat.pickup.minecraft.stick":857,"stat.drop.minecraft.vine":3,"achievement.enchantments":3,"stat.breakItem.minecraft.stone_pickaxe":4,"stat.craftItem.minecraft.writable_book":36,"stat.useItem.minecraft.redstone_block":118,"stat.drop.minecraft.leather_chestplate":2,"stat.useItem.minecraft.spruce_stairs":631,"stat.craftItem.minecraft.redstone":837,"stat.useItem.minecraft.cactus":116,"stat.craftItem.minecraft.red_nether_brick":69,"stat.killEntity.Chicken":80,"stat.useItem.minecraft.iron_block":797,"stat.mineBlock.minecraft.quartz_ore":994,"stat.craftItem.minecraft.tnt":3,"stat.pickup.minecraft.concrete_powder":4,"stat.pickup.minecraft.yellow_glazed_terracotta":38,"stat.craftItem.minecraft.fence":528,"stat.craftItem.minecraft.jungle_fence":66,"stat.useItem.minecraft.golden_apple":1,"stat.mineBlock.minecraft.leaves":1935,"stat.mineBlock.minecraft.piston":43,"stat.mineBlock.minecraft.bone_block":192,"stat.mineBlock.minecraft.hay_block":12,"stat.craftItem.minecraft.tripwire_hook":50,"achievement.cookFish":12,"stat.beaconInteraction":31,"stat.pickup.minecraft.wooden_slab":1194,"stat.craftItem.minecraft.diamond_hoe":14,"stat.leaveGame":632,"stat.pickup.minecraft.stone_slab2":181,"stat.useItem.minecraft.glowstone":377,"stat.mineBlock.minecraft.sandstone":1739,"stat.breakItem.minecraft.wooden_sword":1,"stat.killEntity.PigZombie":1,"stat.craftItem.minecraft.stone_pressure_plate":69,"stat.mineBlock.minecraft.red_sandstone":73,"stat.useItem.minecraft.sandstone_stairs":133,"stat.useItem.minecraft.birch_boat":10,"stat.craftItem.minecraft.noteblock":8,"stat.useItem.minecraft.purpur_stairs":2,"stat.mineBlock.minecraft.wooden_slab":926,"stat.pickup.minecraft.leather_boots":49,"stat.mineBlock.minecraft.lime_glazed_terracotta":1,"stat.killEntity.Witch":5,"stat.drop.minecraft.sand":9,"stat.craftItem.minecraft.wooden_pickaxe":2,"stat.craftItem.minecraft.brown_glazed_terracotta":114,"stat.craftItem.minecraft.iron_door":21,"stat.useItem.minecraft.iron_shovel":1496,"stat.craftItem.minecraft.bed":4,"stat.mineBlock.minecraft.vine":459,"stat.pickup.minecraft.melon_block":9,"stat.drop.minecraft.gravel":41,"stat.mineBlock.minecraft.rail":282,"stat.useItem.minecraft.pumpkin_seeds":111,"stat.killEntity.ZombieVillager":9,"stat.noteblockPlayed":9,"stat.pickup.minecraft.prismarine":94,"stat.pickup.minecraft.beef":8381,"stat.pickup.minecraft.leather_helmet":17,"stat.mineBlock.minecraft.stained_hardened_clay":22636,"stat.useItem.minecraft.trapdoor":41,"stat.useItem.minecraft.blue_shulker_box":27,"stat.useItem.minecraft.stained_glass":4066,"stat.useItem.minecraft.dark_oak_door":4,"stat.pickup.minecraft.magenta_shulker_box":4,"achievement.openInventory":20120,"stat.pickup.minecraft.potion":6,"stat.mineBlock.minecraft.dark_oak_fence_gate":18,"stat.useItem.minecraft.wooden_button":151,"stat.craftItem.minecraft.dropper":3,"stat.useItem.minecraft.dye":1368,"stat.mineBlock.minecraft.stone_slab2":167,"stat.mineBlock.minecraft.stone_pressure_plate":1,"stat.useItem.minecraft.nether_brick":803,"stat.drop.minecraft.torch":2,"stat.drop.minecraft.glass_bottle":4,"stat.useItem.minecraft.jukebox":1,"stat.mineBlock.minecraft.tallgrass":4701,"achievement.potion":98,"stat.useItem.minecraft.cooked_rabbit":1,"stat.useItem.minecraft.splash_potion":1,"stat.useItem.minecraft.stone":2228,"stat.pickup.minecraft.arrow":3610,"stat.useItem.minecraft.acacia_fence_gate":3,"stat.pickup.minecraft.wooden_pressure_plate":23,"stat.killEntity.Ghast":30,"stat.useItem.minecraft.ender_chest":12,"stat.useItem.minecraft.white_shulker_box":39,"stat.drop.minecraft.iron_pickaxe":1,"achievement.killCow":4075,"stat.mineBlock.minecraft.chest":109,"stat.pickup.minecraft.painting":91,"stat.mineBlock.minecraft.hardened_clay":15797,"stat.mineBlock.minecraft.concrete_powder":4,"stat.pickup.minecraft.nether_brick_fence":134,"stat.pickup.minecraft.yellow_shulker_box":68,"stat.pickup.minecraft.orange_shulker_box":2,"stat.useItem.minecraft.reeds":55,"stat.pickup.minecraft.birch_boat":3,"stat.craftItem.minecraft.nether_brick":406,"stat.craftItem.minecraft.diamond_shovel":15,"stat.pickup.minecraft.wheat_seeds":52298,"stat.mineBlock.minecraft.glass":327,"stat.useItem.minecraft.enchanting_table":3,"stat.mineBlock.minecraft.dirt":71912,"stat.pickup.minecraft.poisonous_potato":3,"stat.useItem.minecraft.bread":578,"stat.pickup.minecraft.brewing_stand":1,"stat.pickup.minecraft.light_blue_shulker_box":68,"stat.useItem.minecraft.cobblestone":2352,"stat.craftItem.minecraft.leather_boots":2,"stat.useItem.minecraft.gravel":730,"stat.mineBlock.minecraft.double_plant":190,"stat.minecartOneCm":210358,"stat.pickup.minecraft.brown_glazed_terracotta":7,"stat.pickup.minecraft.iron_pickaxe":11,"stat.mineBlock.minecraft.end_rod":64,"stat.craftItem.minecraft.gold_ingot":145,"stat.pickup.minecraft.hopper":1,"stat.craftItem.minecraft.brewing_stand":5,"stat.useItem.minecraft.tallgrass":10,"stat.pickup.minecraft.apple":62,"stat.useItem.minecraft.fireworks":107,"stat.pickup.minecraft.banner":14,"achievement.portal":1134,"stat.itemEnchanted":240,"stat.mineBlock.minecraft.log":4077,"stat.useItem.minecraft.wooden_door":28,"achievement.acquireIron":128,"stat.useItem.minecraft.spruce_door":4,"stat.craftItem.minecraft.paper":2496,"stat.pickup.minecraft.red_flower":260,"stat.drop.minecraft.bone_block":1,"stat.craftItem.minecraft.light_blue_glazed_terracotta":216,"stat.pickup.minecraft.wool":1069,"stat.useItem.minecraft.chorus_fruit":47,"stat.craftItem.minecraft.trapped_chest":35,"stat.drop.minecraft.grass":7,"stat.pickup.minecraft.trapped_chest":3,"stat.pickup.minecraft.red_sandstone_stairs":357,"stat.cakeSlicesEaten":1,"stat.mineBlock.minecraft.orange_glazed_terracotta":1,"stat.craftItem.minecraft.cooked_rabbit":1,"stat.useItem.minecraft.iron_axe":3831,"stat.useItem.minecraft.orange_glazed_terracotta":3,"stat.mineBlock.minecraft.silver_glazed_terracotta":4,"stat.mineBlock.minecraft.yellow_flower":216,"stat.craftItem.minecraft.wool":2503,"stat.useItem.minecraft.concrete_powder":941,"stat.pickup.minecraft.enchanted_book":18,"stat.pickup.minecraft.glowstone":495,"achievement.buildWorkBench":97,"stat.pickup.minecraft.writable_book":11,"stat.useItem.minecraft.obsidian":286,"stat.pickup.minecraft.sticky_piston":29,"stat.pickup.minecraft.bow":256,"stat.pickup.minecraft.white_glazed_terracotta":1,"stat.craftItem.minecraft.dark_oak_door":3,"stat.useItem.minecraft.egg":614,"stat.pickup.minecraft.nether_wart_block":46,"stat.pickup.minecraft.coal_ore":814,"stat.craftItem.minecraft.cooked_beef":8439,"stat.mineBlock.minecraft.obsidian":134,"stat.pickup.minecraft.shears":1,"stat.craftItem.minecraft.bow":97,"stat.pickup.minecraft.iron_trapdoor":6,"stat.pickup.minecraft.diamond_hoe":1,"stat.craftItem.minecraft.red_sandstone_stairs":276,"stat.flyOneCm":22361990,"stat.pickup.minecraft.sandstone":1547,"stat.pickup.minecraft.nether_brick_stairs":23,"stat.craftItem.minecraft.furnace_minecart":2,"stat.pickup.minecraft.fish":3,"stat.craftItem.minecraft.stained_glass":4192,"stat.craftItem.minecraft.emerald_block":5,"stat.timeSinceDeath":20136,"stat.pickup.minecraft.quartz_ore":297,"stat.craftItem.minecraft.painting":2,"stat.killEntity.Bat":3,"stat.useItem.minecraft.potato":141,"stat.pickup.minecraft.chainmail_helmet":11,"stat.pickup.minecraft.nether_wart":4797,"stat.pickup.minecraft.spruce_fence":87,"stat.mineBlock.minecraft.enchanting_table":1,"stat.craftItem.minecraft.concrete_powder":944,"stat.mineBlock.minecraft.coal_ore":4785,"stat.pickup.minecraft.shield":1,"stat.craftItem.minecraft.stone_hoe":4,"stat.talkedToVillager":45,"stat.drop.minecraft.baked_potato":1,"stat.pickup.minecraft.string":2307,"stat.craftItem.minecraft.golden_helmet":1,"stat.craftItem.minecraft.blue_glazed_terracotta":64,"stat.mineBlock.minecraft.ladder":346,"stat.useItem.minecraft.milk_bucket":1,"stat.useItem.minecraft.written_book":43,"stat.useItem.minecraft.diamond_shovel":88285,"stat.pickup.minecraft.chest_minecart":1,"stat.pickup.minecraft.bone_block":188,"stat.mineBlock.minecraft.diamond_ore":63,"stat.pickup.minecraft.fireworks":251,"stat.pickup.minecraft.lime_glazed_terracotta":1,"stat.craftItem.minecraft.wooden_pressure_plate":76,"stat.craftItem.minecraft.speckled_melon":6,"achievement.killEnemy":25422,"stat.useItem.minecraft.wooden_sword":153,"stat.craftItem.minecraft.white_glazed_terracotta":107,"stat.breakItem.minecraft.iron_shovel":1,"stat.useItem.minecraft.ladder":1001,"stat.useItem.minecraft.diamond_ore":8,"stat.useItem.minecraft.cyan_shulker_box":66,"stat.mineBlock.minecraft.brown_glazed_terracotta":7,"stat.pickup.minecraft.snowball":62,"stat.useItem.minecraft.birch_stairs":127,"stat.killEntity.Guardian":10,"stat.craftItem.minecraft.sandstone_stairs":148,"stat.diveOneCm":3243753,"stat.useItem.minecraft.sticky_piston":21,"stat.craftItem.minecraft.ladder":702,"achievement.buildHoe":73,"stat.mineBlock.minecraft.stone_button":7,"stat.pickup.minecraft.stained_glass_pane":408,"stat.useItem.minecraft.rotten_flesh":23,"stat.craftItem.minecraft.diamond_sword":7,"stat.mineBlock.minecraft.blue_shulker_box":27,"stat.drop.minecraft.sandstone":58,"stat.jump":136933,"stat.useItem.minecraft.sand":2728,"stat.pickup.minecraft.white_shulker_box":39,"stat.mineBlock.minecraft.observer":73,"stat.mineBlock.minecraft.light_blue_glazed_terracotta":3,"stat.craftItem.minecraft.torch":8271,"achievement.makeBread":964,"stat.mineBlock.minecraft.spruce_fence_gate":4,"stat.mineBlock.minecraft.cyan_glazed_terracotta":1,"stat.useItem.minecraft.glass":653,"stat.pickup.minecraft.stone_shovel":1,"stat.useItem.minecraft.sapling":341,"stat.pickup.minecraft.gold_ore":153,"achievement.blazeRod":24,"stat.mineBlock.minecraft.glass_pane":214,"stat.damageTaken":98785,"stat.useItem.minecraft.red_shulker_box":5,"stat.mineBlock.minecraft.melon_block":29,"stat.useItem.minecraft.gold_block":3,"stat.mineBlock.minecraft.sapling":25,"stat.pickup.minecraft.log2":919,"stat.mineBlock.minecraft.sandstone_stairs":79,"stat.useItem.minecraft.purple_shulker_box":3,"stat.pickup.minecraft.bed":6,"stat.pickup.minecraft.concrete":1046,"stat.pickup.minecraft.quartz_block":541,"stat.pickup.minecraft.potato":334,"stat.entityKilledBy.Zombie":2,"stat.useItem.minecraft.pink_glazed_terracotta":4,"stat.craftItem.minecraft.stone_slab":2265,"stat.animalsBred":8204,"stat.useItem.minecraft.chest":394,"stat.mineBlock.minecraft.light_blue_shulker_box":62,"stat.useItem.minecraft.observer":398,"stat.shulkerBoxOpened":1665,"stat.craftItem.minecraft.iron_chestplate":3,"stat.pickup.minecraft.baked_potato":29,"stat.pickup.minecraft.ender_pearl":4243,"stat.drop.minecraft.wooden_slab":2,"stat.breakItem.minecraft.stone_hoe":2,"stat.pickup.minecraft.ladder":650,"stat.useItem.minecraft.netherrack":752,"stat.craftItem.minecraft.stained_glass_pane":720,"stat.mineBlock.minecraft.tnt":1,"stat.craftItem.minecraft.bookshelf":172,"stat.mineBlock.minecraft.stonebrick":323,"stat.mineBlock.minecraft.gray_glazed_terracotta":53,"stat.mineBlock.minecraft.glowstone":450,"stat.craftItem.minecraft.shears":11,"stat.useItem.minecraft.cobblestone_wall":372,"stat.breakItem.minecraft.chainmail_helmet":1,"stat.breakItem.minecraft.diamond_shovel":1,"stat.useItem.minecraft.writable_book":9,"stat.drop.minecraft.spruce_stairs":1,"stat.breakItem.minecraft.wooden_shovel":1,"stat.pickup.minecraft.torch":4823,"stat.drop.minecraft.diamond_shovel":2,"stat.mineBlock.minecraft.red_glazed_terracotta":5,"stat.craftItem.minecraft.compass":1,"stat.pickup.minecraft.dark_oak_fence_gate":18,"stat.craftItem.minecraft.iron_axe":8,"stat.mineBlock.minecraft.purple_shulker_box":3,"stat.useItem.minecraft.lead":1,"stat.pickup.minecraft.lapis_block":62,"stat.useItem.minecraft.planks":1814,"stat.useItem.minecraft.nether_brick_stairs":67,"stat.pickup.minecraft.porkchop":53,"stat.pickup.minecraft.glass":476,"stat.useItem.minecraft.red_sandstone_stairs":482,"stat.useItem.minecraft.water_bucket":3534,"stat.pickup.minecraft.sand":14363,"stat.craftItem.minecraft.golden_apple":1,"stat.mineBlock.minecraft.jungle_fence_gate":7,"stat.craftItem.minecraft.dark_oak_fence":396,"stat.pickup.minecraft.hardened_clay":14910,"stat.useItem.minecraft.red_nether_brick":79,"achievement.diamonds":82,"stat.drop.minecraft.hardened_clay":20,"stat.useItem.minecraft.record_cat":1,"stat.aviateOneCm":86639322,"stat.useItem.minecraft.ender_pearl":1718,"stat.craftItem.minecraft.cooked_fish":64,"achievement.buildBetterPickaxe":101,"stat.craftItem.minecraft.blaze_powder":18,"stat.useItem.minecraft.red_glazed_terracotta":7,"achievement.breedCow":8147,"stat.useItem.minecraft.oak_stairs":94,"stat.craftItem.minecraft.golden_carrot":18,"stat.mineBlock.minecraft.dark_oak_stairs":47,"stat.mineBlock.minecraft.white_glazed_terracotta":1,"stat.useItem.minecraft.dark_oak_stairs":167,"stat.pickup.minecraft.fence_gate":106,"stat.mineBlock.minecraft.birch_stairs":6,"stat.pickup.minecraft.filled_map":1,"stat.pickup.minecraft.furnace":65,"stat.useItem.minecraft.redstone":586,"achievement.overkill":5,"achievement.mineWood":4613,"stat.pickup.minecraft.iron_chestplate":5,"stat.pickup.minecraft.end_rod":105,"stat.pickup.minecraft.cyan_glazed_terracotta":1,"stat.pickup.minecraft.skull":5,"stat.useItem.minecraft.stone_stairs":126,"stat.pickup.minecraft.acacia_door":1,"stat.craftItem.minecraft.nether_wart_block":163,"stat.mineBlock.minecraft.red_shulker_box":4,"stat.mineBlock.minecraft.oak_stairs":30,"stat.playOneMinute":32432753,"stat.pickup.minecraft.birch_door":17,"stat.drop.minecraft.string":1,"stat.useItem.minecraft.jungle_stairs":19,"stat.useItem.minecraft.shears":884,"stat.pickup.minecraft.beacon":3,"stat.pickup.minecraft.iron_bars":54,"stat.pickup.minecraft.dispenser":1,"stat.pickup.minecraft.red_glazed_terracotta":5,"stat.mineBlock.minecraft.dark_oak_fence":143,"stat.craftItem.minecraft.carpet":96,"stat.mineBlock.minecraft.netherrack":7878,"stat.craftItem.minecraft.dark_oak_stairs":28,"stat.drop.minecraft.flint":4,"stat.useItem.minecraft.quartz_ore":279,"stat.pickup.minecraft.cooked_chicken":71,"stat.fallOneCm":3996343,"stat.craftItem.minecraft.chest":327,"stat.useItem.minecraft.nether_brick_fence":222,"stat.craftItem.minecraft.banner":1,"stat.mineBlock.minecraft.lever":6,"stat.pickup.minecraft.red_mushroom":34,"stat.useItem.minecraft.iron_hoe":3133,"stat.pickup.minecraft.milk_bucket":1,"stat.pickup.minecraft.feather":113,"stat.mineBlock.minecraft.red_nether_brick":21,"stat.pickup.minecraft.record_cat":1,"stat.mineBlock.minecraft.spruce_fence":84,"stat.useItem.minecraft.yellow_shulker_box":66,"stat.craftItem.minecraft.dark_oak_fence_gate":32,"stat.pickup.minecraft.lead":2,"stat.useItem.minecraft.stone_pickaxe":973,"stat.craftItem.minecraft.birch_stairs":156,"stat.useItem.minecraft.stone_sword":152,"stat.craftItem.minecraft.iron_leggings":3,"stat.useItem.minecraft.orange_shulker_box":1,"stat.killEntity.Rabbit":21,"stat.craftItem.minecraft.oak_stairs":144,"stat.pickup.minecraft.redstone_ore":175,"stat.pickup.minecraft.chainmail_boots":15,"stat.drop.minecraft.stick":161,"stat.useItem.minecraft.iron_bars":82,"stat.mineBlock.minecraft.monster_egg":1,"stat.useItem.minecraft.bone_block":1011,"stat.craftItem.minecraft.magenta_glazed_terracotta":6,"stat.killEntity.LavaSlime":57,"stat.pickup.minecraft.log":4156,"achievement.theEnd2":1,"stat.useItem.minecraft.brown_glazed_terracotta":8,"stat.mineBlock.minecraft.golden_rail":7,"stat.pickup.minecraft.tallgrass":5,"stat.pickup.minecraft.chainmail_leggings":9,"stat.pickup.minecraft.wooden_door":12,"stat.entityKilledBy.Enderman":1,"stat.mineBlock.minecraft.iron_block":463,"stat.pickup.minecraft.diamond_helmet":4,"stat.useItem.minecraft.jungle_door":8,"stat.craftItem.minecraft.cooked_chicken":85,"stat.useItem.minecraft.stone_hoe":470,"stat.craftItem.minecraft.flower_pot":1,"stat.craftItem.minecraft.golden_boots":2,"stat.useItem.minecraft.beetroot_seeds":410,"stat.sneakTime":422866,"stat.mineBlock.minecraft.cobblestone_wall":250,"stat.mineBlock.minecraft.yellow_shulker_box":65,"stat.useItem.minecraft.brewing_stand":6,"stat.useItem.minecraft.beetroot":30,"stat.pickup.minecraft.chest":121,"stat.craftItem.minecraft.enchanting_table":2,"stat.useItem.minecraft.web":10,"stat.useItem.minecraft.lapis_block":27,"stat.pickup.minecraft.lit_pumpkin":268,"stat.useItem.minecraft.repeater":73,"stat.craftItem.minecraft.lime_glazed_terracotta":64,"stat.craftItem.minecraft.stone_brick_stairs":2084,"stat.craftItem.minecraft.acacia_fence_gate":3,"stat.useItem.minecraft.silver_glazed_terracotta":4,"stat.craftItem.minecraft.iron_trapdoor":1,"stat.swimOneCm":4022560,"stat.mineBlock.minecraft.spruce_stairs":272,"stat.craftItem.minecraft.golden_chestplate":1,"stat.useItem.minecraft.dirt":32548,"stat.pickup.minecraft.purpur_block":1,"achievement.exploreAllBiomes":{"value":0,"progress":["Sunflower Plains","Birch Forest","Roofed Forest","Extreme Hills M","MushroomIslandShore","The End","Beach","FrozenRiver","Mesa Plateau","Mega Taiga Hills","Extreme Hills+","Cold Beach","Ocean","River","Taiga","Mega Taiga","MushroomIsland","Swampland","Ice Mountains","Birch Forest Hills","Savanna Plateau","Mesa Plateau F","Mesa","ForestHills","Flower Forest","Plains","Ice Plains Spikes","TaigaHills","DesertHills","Stone Beach","Jungle","Ice Plains","Forest","JungleHills","Desert","Extreme Hills","Savanna M","Mesa (Bryce)","Deep Ocean","Savanna","Hell"]},"stat.pickup.minecraft.enchanting_table":1,"stat.drop.minecraft.ender_pearl":60,"stat.mineBlock.minecraft.magma":70,"stat.mineBlock.minecraft.carpet":34,"stat.mineBlock.minecraft.redstone_block":62,"stat.useItem.minecraft.stone_shovel":924,"stat.pickup.minecraft.clay":10,"stat.pickup.minecraft.glass_bottle":8,"stat.drop.minecraft.wheat_seeds":291,"stat.craftItem.minecraft.wooden_slab":2794,"stat.useItem.minecraft.sign":609,"stat.drop.minecraft.log":38,"stat.pickup.minecraft.mutton":9,"achievement.theEnd":22,"stat.useItem.minecraft.lever":16,"stat.mineBlock.minecraft.coal_block":360,"stat.pickup.minecraft.dark_oak_door":1,"stat.craftItem.minecraft.red_sandstone":676,"stat.drop.minecraft.golden_boots":1,"stat.pickup.minecraft.stonebrick":363,"stat.useItem.minecraft.acacia_stairs":12,"stat.drop.minecraft.beetroot_seeds":3,"stat.mineBlock.minecraft.nether_brick":1022,"stat.craftItem.minecraft.nether_brick_fence":168,"stat.mineBlock.minecraft.red_sandstone_stairs":297,"stat.craftItem.minecraft.stone_slab2":324,"stat.pickup.minecraft.gray_glazed_terracotta":52,"stat.drop.minecraft.potion":1,"stat.useItem.minecraft.stone_slab":2211,"stat.craftItem.minecraft.jungle_fence_gate":10,"stat.useItem.minecraft.bed":11,"stat.craftItem.minecraft.stone":2481,"stat.craftItem.minecraft.armor_stand":1,"stat.mineBlock.minecraft.crafting_table":64,"stat.useItem.minecraft.diamond_pickaxe":145723,"stat.mineBlock.minecraft.quartz_block":542,"stat.useItem.minecraft.carrot":1025,"stat.killEntity.Endermite":21,"stat.useItem.minecraft.wooden_shovel":80,"stat.useItem.minecraft.bucket":3594,"achievement.buildFurnace":377,"stat.craftItem.minecraft.pink_glazed_terracotta":44,"stat.pickup.minecraft.stone_button":11,"stat.pickup.minecraft.slime_ball":27,"stat.mineBlock.minecraft.cyan_shulker_box":66,"stat.craftItem.minecraft.diamond_pickaxe":12,"stat.craftItem.minecraft.clay":89,"stat.craftItem.minecraft.jukebox":1,"stat.pickup.minecraft.gravel":1842,"stat.useItem.minecraft.glass_bottle":121,"stat.useItem.minecraft.diamond_axe":10856,"stat.pickup.minecraft.purpur_stairs":2,"stat.pickup.minecraft.red_shulker_box":4,"stat.useItem.minecraft.stained_glass_pane":793,"stat.pickup.minecraft.stone_brick_stairs":301,"stat.pickup.minecraft.diamond_sword":17,"stat.pickup.minecraft.iron_helmet":11,"stat.craftItem.minecraft.birch_boat":8,"stat.useItem.minecraft.piston":42,"stat.craftItem.minecraft.bread":580,"stat.pickup.minecraft.spider_eye":859,"stat.useItem.minecraft.stone_button":16,"stat.mineBlock.minecraft.magenta_shulker_box":4,"stat.useItem.minecraft.cooked_chicken":99,"stat.pickup.minecraft.iron_ore":1186,"stat.craftItem.minecraft.green_glazed_terracotta":64,"stat.mineBlock.minecraft.iron_bars":54,"stat.pickup.minecraft.leaves":306,"stat.pickup.minecraft.leather":12492,"stat.useItem.minecraft.wooden_pickaxe":20,"stat.dispenserInspected":189,"stat.pickup.minecraft.reeds":1390,"stat.pickup.minecraft.prismarine_crystals":5,"stat.useItem.minecraft.magma":33,"stat.craftItem.minecraft.glass":5424,"stat.sleepInBed":662,"stat.craftItem.minecraft.baked_potato":176,"stat.killEntity.Cow":5214,"stat.pickup.minecraft.minecart":8,"stat.killEntity.Pig":24,"stat.craftItem.minecraft.iron_sword":10,"stat.pickup.minecraft.piston":61,"stat.walkOneCm":81975521,"stat.playerKills":1,"stat.pickup.minecraft.clay_ball":706,"stat.mineBlock.minecraft.trapped_chest":3,"stat.useItem.minecraft.dark_oak_fence_gate":45,"stat.pickup.minecraft.tnt":1,"stat.pickup.minecraft.stone":31129,"stat.mineBlock.minecraft.wool":397,"stat.pickup.minecraft.silver_glazed_terracotta":4,"stat.craftItem.minecraft.hay_block":1493,"stat.useItem.minecraft.leaves":171,"stat.craftItem.minecraft.minecart":6,"stat.pickup.minecraft.gold_ingot":7,"stat.useItem.minecraft.prismarine":67,"stat.killEntity.Skeleton":3732,"stat.mineBlock.minecraft.cactus":116,"stat.mineBlock.minecraft.redstone_torch":165,"stat.killEntity.Spider":49,"stat.pickup.minecraft.bread":9,"stat.craftItem.minecraft.spruce_fence":12,"stat.pickup.minecraft.quartz":1293,"stat.pickup.minecraft.birch_fence":167,"stat.pickup.minecraft.blue_glazed_terracotta":9,"stat.breakItem.minecraft.iron_axe":2,"stat.pickup.minecraft.water_bucket":17,"stat.pickup.minecraft.spruce_stairs":285,"stat.mineBlock.minecraft.redstone_ore":816,"stat.pickup.minecraft.elytra":8,"stat.craftItem.minecraft.coal_block":351,"stat.craftItem.minecraft.brick":3,"stat.mineBlock.minecraft.stone":88782,"stat.useItem.minecraft.sandstone":984}