{"stat.useItem.minecraft.bow":151,"stat.killEntity.EntityHorse":1,"stat.useItem.minecraft.quartz_block":4,"stat.pickup.minecraft.wooden_slab":219,"stat.leaveGame":28,"stat.craftItem.minecraft.iron_axe":6,"stat.useItem.minecraft.glowstone":3,"stat.useItem.minecraft.planks":1680,"stat.pickup.minecraft.porkchop":12,"stat.pickup.minecraft.glass":136,"stat.mineBlock.minecraft.stone_brick_stairs":439,"stat.pickup.minecraft.rotten_flesh":48,"stat.pickup.minecraft.sand":590,"stat.craftItem.minecraft.dark_oak_fence":63,"stat.pickup.minecraft.hardened_clay":406,"stat.craftItem.minecraft.stone_axe":1,"achievement.diamonds":9,"stat.pickup.minecraft.cobblestone_wall":21,"stat.useItem.minecraft.birch_boat":1,"stat.pickup.minecraft.bucket":1,"stat.killEntity.Enderman":1,"stat.mineBlock.minecraft.wooden_slab":59,"stat.craftItem.minecraft.cobblestone_wall":12,"stat.craftItem.minecraft.stone_sword":1,"stat.useItem.minecraft.anvil":1,"stat.craftItem.minecraft.iron_shovel":2,"stat.useItem.minecraft.ender_pearl":63,"stat.pickup.minecraft.brown_mushroom":3,"achievement.buildPickaxe":8,"stat.mineBlock.minecraft.sand":208,"stat.killEntity.Witch":1,"achievement.buildBetterPickaxe":7,"stat.useItem.minecraft.iron_pickaxe":283,"stat.pickup.minecraft.stained_hardened_clay":2316,"stat.craftItem.minecraft.wooden_pickaxe":1,"stat.useItem.minecraft.iron_shovel":295,"stat.pickup.minecraft.double_plant":32,"stat.craftItem.minecraft.bed":4,"stat.pickup.minecraft.armor_stand":3,"stat.trappedChestTriggered":292,"stat.useItem.minecraft.hardened_clay":50,"stat.useItem.minecraft.oak_stairs":197,"stat.mineBlock.minecraft.sticky_piston":8,"stat.furnaceInteraction":40,"stat.mineBlock.minecraft.dark_oak_stairs":25,"stat.useItem.minecraft.dark_oak_stairs":59,"stat.pickup.minecraft.wooden_button":7,"stat.pickup.minecraft.beef":3,"stat.useItem.minecraft.cooked_mutton":7,"stat.mineBlock.minecraft.wooden_button":4,"stat.pickup.minecraft.furnace":2,"achievement.mineWood":477,"stat.mineBlock.minecraft.stained_hardened_clay":1554,"stat.useItem.minecraft.trapdoor":61,"stat.pickup.minecraft.iron_chestplate":1,"stat.useItem.minecraft.fence":6,"stat.useItem.minecraft.dark_oak_door":13,"achievement.openInventory":808,"stat.useItem.minecraft.cauldron":1,"stat.mineBlock.minecraft.fence":6,"stat.mineBlock.minecraft.sea_lantern":9,"stat.useItem.minecraft.wooden_button":4,"stat.pickup.minecraft.emerald":4,"stat.pickup.minecraft.saddle":2,"stat.useItem.minecraft.dye":86,"stat.craftItem.minecraft.heavy_weighted_pressure_plate":1,"stat.mineBlock.minecraft.oak_stairs":73,"stat.deaths":2,"stat.pickup.minecraft.egg":209,"stat.playOneMinute":1477563,"stat.craftItem.minecraft.item_frame":3,"stat.craftItem.minecraft.wooden_shovel":1,"stat.craftItem.minecraft.iron_pickaxe":1,"stat.pickup.minecraft.sea_lantern":9,"stat.craftItem.minecraft.cooked_mutton":7,"stat.mineBlock.minecraft.tallgrass":17,"stat.pickup.minecraft.netherrack":153,"stat.chestOpened":1109,"stat.pickup.minecraft.spruce_door":2,"stat.craftItem.minecraft.sign":3,"stat.mineBlock.minecraft.dark_oak_fence":21,"stat.useItem.minecraft.stone":1023,"stat.craftItem.minecraft.carpet":9,"stat.mineBlock.minecraft.netherrack":162,"stat.pickup.minecraft.arrow":367,"stat.pickup.minecraft.iron_sword":1,"stat.pickup.minecraft.waterlily":14,"stat.craftItem.minecraft.dark_oak_stairs":56,"stat.useItem.minecraft.ender_chest":1,"stat.craftItem.minecraft.quartz_block":16,"stat.useItem.minecraft.clay":26,"stat.craftItem.minecraft.coal":9,"stat.pickup.minecraft.cooked_chicken":422,"stat.fallOneCm":107782,"stat.useItem.minecraft.trapped_chest":6,"stat.crouchOneCm":321360,"achievement.killCow":2,"stat.mineBlock.minecraft.chest":21,"stat.craftItem.minecraft.iron_ingot":31,"stat.craftItem.minecraft.chest":24,"stat.craftItem.minecraft.banner":1,"stat.pickup.minecraft.melon":3,"stat.mineBlock.minecraft.hardened_clay":214,"stat.craftingTableInteraction":160,"stat.pickup.minecraft.heavy_weighted_pressure_plate":1,"stat.mineBlock.minecraft.log2":203,"stat.useItem.minecraft.dark_oak_fence":61,"stat.craftItem.minecraft.wooden_button":3,"stat.useItem.minecraft.furnace":5,"stat.pickup.minecraft.birch_boat":1,"stat.pickup.minecraft.dye":303,"stat.pickup.minecraft.planks":1002,"stat.mineBlock.minecraft.spruce_fence":20,"stat.pickup.minecraft.iron_leggings":1,"stat.pickup.minecraft.wheat_seeds":4,"stat.mineBlock.minecraft.gravel":111,"stat.useItem.minecraft.stone_pickaxe":696,"stat.breakItem.minecraft.stone_axe":1,"stat.useItem.minecraft.stone_sword":15,"stat.craftItem.minecraft.iron_leggings":1,"stat.useItem.minecraft.wool":23,"stat.craftItem.minecraft.oak_stairs":128,"stat.mineBlock.minecraft.dirt":548,"stat.flowerPotted":1,"stat.mineBlock.minecraft.quartz_stairs":5,"stat.useItem.minecraft.bone_block":5,"stat.useItem.minecraft.torch":412,"stat.pickup.minecraft.golden_apple":1,"stat.pickup.minecraft.crafting_table":19,"stat.useItem.minecraft.log":10,"stat.useItem.minecraft.cobblestone":101,"stat.craftItem.minecraft.crafting_table":4,"stat.mineBlock.minecraft.double_plant":8,"stat.mineBlock.minecraft.emerald_ore":1,"stat.pickup.minecraft.redstone_block":70,"stat.pickup.minecraft.log":482,"stat.pickup.minecraft.iron_pickaxe":1,"stat.craftItem.minecraft.stone_button":1,"stat.pickup.minecraft.chainmail_leggings":1,"stat.pickup.minecraft.sapling":215,"stat.entityKilledBy.Enderman":1,"stat.pickup.minecraft.apple":13,"stat.pickup.minecraft.banner":3,"stat.breakItem.minecraft.stone_shovel":1,"stat.pickup.minecraft.coal_block":192,"achievement.portal":48,"stat.useItem.minecraft.iron_sword":122,"stat.craftItem.minecraft.planks":2212,"stat.useItem.minecraft.stonebrick":557,"stat.mineBlock.minecraft.log":310,"stat.mineBlock.minecraft.heavy_weighted_pressure_plate":1,"stat.mineBlock.minecraft.waterlily":15,"stat.craftItem.minecraft.flower_pot":16,"achievement.acquireIron":17,"stat.useItem.minecraft.spruce_door":7,"stat.pickup.minecraft.red_flower":114,"stat.sneakTime":111206,"stat.pickup.minecraft.wool":66,"stat.mineBlock.minecraft.cobblestone_wall":9,"stat.craftItem.minecraft.spruce_fence_gate":3,"stat.pickup.minecraft.cooked_fish":64,"stat.pickup.minecraft.stone_slab":234,"stat.pickup.minecraft.yellow_flower":5,"stat.craftItem.minecraft.trapped_chest":6,"stat.pickup.minecraft.chest":23,"stat.craftItem.minecraft.spruce_door":6,"stat.pickup.minecraft.bone":36,"stat.useItem.minecraft.iron_axe":1378,"stat.pickup.minecraft.spruce_fence_gate":3,"stat.mineBlock.minecraft.cobblestone":9,"stat.pickup.minecraft.stone_pickaxe":1,"stat.mineBlock.minecraft.yellow_flower":6,"stat.craftItem.minecraft.quartz_stairs":8,"stat.pickup.minecraft.leather_chestplate":2,"stat.craftItem.minecraft.stone_brick_stairs":716,"stat.mineBlock.minecraft.brown_mushroom":1,"stat.mineBlock.minecraft.stained_glass_pane":145,"stat.swimOneCm":70425,"stat.climbOneCm":11363,"stat.pickup.minecraft.enchanted_book":10,"stat.pickup.minecraft.glowstone":65,"stat.mineBlock.minecraft.spruce_stairs":9,"achievement.buildWorkBench":4,"stat.pickup.minecraft.cooked_porkchop":1,"stat.enderchestOpened":44,"stat.breakItem.minecraft.iron_pickaxe":1,"stat.pickup.minecraft.sticky_piston":8,"stat.useItem.minecraft.dirt":172,"stat.pickup.minecraft.bow":1,"achievement.exploreAllBiomes":{"value":0,"progress":["Birch Forest Hills","Mesa Plateau F","Mesa","ForestHills","Roofed Forest","Flower Forest","Birch Forest","Beach","Stone Beach","Mesa Plateau","Extreme Hills+","Forest","River","Ocean","Desert","Extreme Hills","Swampland","Deep Ocean","Hell","Swampland M","Savanna"]},"stat.pickup.minecraft.iron_boots":2,"stat.craftItem.minecraft.dark_oak_door":6,"stat.craftItem.minecraft.furnace":3,"stat.craftItem.minecraft.bone_block":5,"stat.craftItem.minecraft.iron_boots":1,"stat.craftItem.minecraft.trapdoor":52,"stat.craftItem.minecraft.stone_pickaxe":6,"stat.pickup.minecraft.cobblestone":1073,"stat.pickup.minecraft.quartz_stairs":5,"stat.mineBlock.minecraft.carpet":17,"stat.useItem.minecraft.spruce_fence_gate":1,"stat.mineBlock.minecraft.clay":52,"stat.mineBlock.minecraft.redstone_block":6,"stat.useItem.minecraft.stone_shovel":134,"stat.flyOneCm":316217,"stat.pickup.minecraft.clay":26,"stat.useItem.minecraft.cooked_beef":6,"stat.craftItem.minecraft.wooden_slab":162,"stat.pickup.minecraft.cactus":6,"stat.craftItem.minecraft.stained_glass":72,"stat.mineBlock.minecraft.iron_ore":72,"stat.timeSinceDeath":1154695,"stat.useItem.minecraft.sign":2,"stat.cauldronFilled":1,"stat.useItem.minecraft.wooden_slab":179,"stat.pickup.minecraft.mutton":17,"stat.craftItem.minecraft.stonebrick":1192,"stat.useItem.minecraft.lever":1,"stat.pickup.minecraft.dark_oak_door":17,"stat.pickup.minecraft.chainmail_helmet":1,"stat.pickup.minecraft.stonebrick":1885,"stat.pickup.minecraft.spruce_fence":33,"stat.pickup.minecraft.redstone_lamp":3,"stat.drop.minecraft.dirt":1,"stat.useItem.minecraft.cooked_porkchop":7,"stat.pickup.minecraft.trapdoor":17,"stat.pickup.minecraft.carpet":21,"stat.pickup.minecraft.diamond_shovel":1,"stat.mineBlock.minecraft.coal_ore":82,"stat.killEntity.Creeper":13,"stat.useItem.minecraft.armor_stand":9,"stat.pickup.minecraft.string":11,"stat.useItem.minecraft.sea_lantern":29,"achievement.buildSword":2,"stat.useItem.minecraft.written_book":2,"stat.useItem.minecraft.spruce_fence":74,"stat.sprintOneCm":3401005,"stat.useItem.minecraft.diamond_shovel":641,"stat.mineBlock.minecraft.stone_slab":208,"stat.craftItem.minecraft.stick":240,"stat.pickup.minecraft.bone_block":5,"stat.useItem.minecraft.stone_slab":748,"stat.useItem.minecraft.bed":17,"stat.craftItem.minecraft.stone":64,"stat.mineBlock.minecraft.diamond_ore":8,"stat.craftItem.minecraft.armor_stand":6,"stat.pickup.minecraft.grass":18,"stat.mineBlock.minecraft.crafting_table":17,"stat.useItem.minecraft.diamond_pickaxe":4199,"stat.mineBlock.minecraft.quartz_block":4,"stat.craftItem.minecraft.redstone_lamp":4,"stat.useItem.minecraft.bucket":1,"stat.entityKilledBy.Creeper":1,"achievement.killEnemy":67,"achievement.buildFurnace":3,"stat.pickup.minecraft.vine":9,"stat.mineBlock.minecraft.planks":691,"stat.drop":1,"stat.killEntity.Sheep":9,"stat.useItem.minecraft.banner":4,"stat.breakItem.minecraft.iron_shovel":1,"stat.pickup.minecraft.iron_block":642,"stat.killEntity.Zombie":34,"stat.craftItem.minecraft.dye":99,"stat.diveOneCm":58412,"stat.useItem.minecraft.sticky_piston":8,"stat.pickup.minecraft.sign":8,"stat.useItem.minecraft.quartz_stairs":12,"stat.pickup.minecraft.gravel":282,"stat.craftItem.minecraft.cooked_porkchop":6,"stat.mineBlock.minecraft.deadbush":11,"stat.pickup.minecraft.stained_glass_pane":148,"stat.useItem.minecraft.carpet":23,"stat.useItem.minecraft.heavy_weighted_pressure_plate":2,"stat.useItem.minecraft.stained_glass_pane":304,"stat.useItem.minecraft.rotten_flesh":17,"stat.pickup.minecraft.stone_brick_stairs":394,"stat.useItem.minecraft.flower_pot":1,"stat.jump":5581,"stat.useItem.minecraft.sand":6,"stat.pickup.minecraft.fence":9,"stat.pickup.minecraft.coal":131,"stat.pickup.minecraft.iron_helmet":1,"stat.pickup.minecraft.iron_ingot":53,"stat.craftItem.minecraft.birch_boat":1,"stat.craftItem.minecraft.lever":1,"stat.useItem.minecraft.stone_axe":133,"stat.pickup.minecraft.gunpowder":28,"stat.pickup.minecraft.spider_eye":10,"stat.craftItem.minecraft.torch":232,"stat.pickup.minecraft.dirt":2032,"stat.craftItem.minecraft.iron_helmet":1,"stat.useItem.minecraft.stone_button":1,"stat.useItem.minecraft.cooked_chicken":170,"stat.pickup.minecraft.iron_ore":102,"stat.boatOneCm":253498,"stat.useItem.minecraft.sapling":30,"stat.mineBlock.minecraft.lapis_ore":2,"stat.useItem.minecraft.redstone_lamp":1,"stat.pickup.minecraft.leaves":32,"stat.pickup.minecraft.iron_axe":1,"stat.mineBlock.minecraft.leaves2":63,"stat.damageTaken":8903,"stat.pickup.minecraft.leather":18,"stat.useItem.minecraft.stone_brick_stairs":1098,"stat.mineBlock.minecraft.torch":203,"stat.pickup.minecraft.written_book":2,"stat.mineBlock.minecraft.melon_block":1,"stat.mineBlock.minecraft.red_flower":48,"stat.mineBlock.minecraft.furnace":2,"stat.useItem.minecraft.wooden_pickaxe":13,"stat.pickup.minecraft.dark_oak_fence":21,"stat.mineBlock.minecraft.sapling":7,"stat.pickup.minecraft.log2":328,"stat.pickup.minecraft.reeds":20,"stat.pickup.minecraft.bed":15,"stat.pickup.minecraft.quartz_block":4,"stat.pickup.minecraft.oak_stairs":100,"stat.pickup.minecraft.rabbit_hide":1,"stat.pickup.minecraft.stained_glass":2,"stat.damageDealt":6308,"stat.craftItem.minecraft.glass":128,"stat.craftItem.minecraft.cauldron":1,"stat.sleepInBed":37,"stat.killEntity.Cow":2,"stat.useItem.minecraft.crafting_table":20,"stat.killEntity.Pig":3,"stat.craftItem.minecraft.iron_sword":1,"stat.craftItem.minecraft.stone_slab":498,"stat.pickup.minecraft.boat":1,"stat.craftItem.minecraft.stone_shovel":1,"stat.walkOneCm":5648916,"stat.useItem.minecraft.chest":38,"stat.pickup.minecraft.stick":41,"stat.pickup.minecraft.diamond_pickaxe":1,"stat.pickup.minecraft.clay_ball":104,"stat.breakItem.minecraft.stone_pickaxe":5,"stat.useItem.minecraft.melon":3,"stat.useItem.minecraft.redstone_block":6,"stat.useItem.minecraft.item_frame":2,"stat.pickup.minecraft.stone":3762,"stat.useItem.minecraft.spruce_stairs":12,"stat.craftItem.minecraft.iron_chestplate":1,"stat.mineBlock.minecraft.wool":4,"stat.useItem.minecraft.stained_hardened_clay":883,"stat.pickup.minecraft.ender_pearl":398,"stat.useItem.minecraft.leaves":26,"stat.pickup.minecraft.cooked_beef":510,"stat.useItem.minecraft.netherrack":101,"stat.killEntity.Skeleton":13,"stat.craftItem.minecraft.stained_glass_pane":192,"stat.mineBlock.minecraft.cactus":1,"stat.mineBlock.minecraft.stonebrick":454,"stat.killEntity.Spider":8,"stat.mineBlock.minecraft.quartz_ore":39,"stat.pickup.minecraft.dark_oak_stairs":80,"stat.mineBlock.minecraft.glowstone":1,"stat.craftItem.minecraft.spruce_fence":54,"stat.mobKills":99,"stat.craftItem.minecraft.shears":1,"stat.pickup.minecraft.quartz":87,"stat.craftItem.minecraft.fence":3,"stat.useItem.minecraft.boat":1,"stat.breakItem.minecraft.iron_axe":4,"stat.useItem.minecraft.cobblestone_wall":9,"stat.pickup.minecraft.diamond":48,"stat.mineBlock.minecraft.leaves":832,"stat.pickup.minecraft.torch":222,"stat.pickup.minecraft.spruce_stairs":17,"stat.craftItem.minecraft.spruce_stairs":8,"stat.mineBlock.minecraft.bone_block":5,"stat.craftItem.minecraft.tripwire_hook":10,"stat.craftItem.minecraft.brick":64,"stat.mineBlock.minecraft.stone":1886}