{"stat.chestOpened":1,"stat.pickup.minecraft.rotten_flesh":1,"stat.walkOneCm":256901,"achievement.openInventory":14,"stat.horseOneCm":406,"stat.useItem.minecraft.iron_sword":10,"stat.pickup.minecraft.fireworks":96,"stat.leaveGame":1,"stat.pickup.minecraft.iron_sword":1,"stat.damageTaken":495,"stat.useItem.minecraft.golden_carrot":15,"stat.pickup.minecraft.golden_carrot":33,"stat.mobKills":2,"stat.minecartOneCm":27635,"stat.aviateOneCm":1980801,"stat.pickup.minecraft.iron_leggings":1,"stat.pickup.minecraft.log":15,"stat.flyOneCm":676996,"stat.jump":4937,"stat.swimOneCm":858,"stat.playOneMinute":102341,"stat.pickup.minecraft.iron_helmet":1,"stat.fallOneCm":53200,"stat.climbOneCm":588,"stat.pickup.minecraft.iron_pickaxe":1,"stat.useItem.minecraft.cooked_beef":10,"stat.sneakTime":5195,"stat.pickup.minecraft.elytra":1,"stat.damageDealt":517,"stat.crouchOneCm":24848,"stat.killEntity.Zombie":2,"stat.timeSinceDeath":102341,"achievement.mineWood":1,"stat.pickup.minecraft.ender_pearl":1,"stat.sprintOneCm":531312,"stat.pickup.minecraft.iron_chestplate":1,"achievement.exploreAllBiomes":{"value":0,"progress":["Birch Forest Hills","Mesa Plateau F","Mesa","Birch Forest","Plains","Beach","Mesa Plateau","Forest","River","Ocean","Desert","Savanna","Hell","Deep Ocean"]},"stat.pickup.minecraft.cooked_beef":15,"stat.pickup.minecraft.iron_boots":1,"stat.useItem.minecraft.fireworks":19,"stat.diveOneCm":398}