{"stat.craftItem.minecraft.chorus_fruit_popped":1054,"stat.useItem.minecraft.bow":66150,"stat.craftItem.minecraft.acacia_boat":3,"stat.useItem.minecraft.painting":421,"stat.useItem.minecraft.quartz_block":5426,"stat.drop.minecraft.gunpowder":118,"achievement.killWither":12,"stat.drop.minecraft.redstone":36,"stat.craftItem.minecraft.black_glazed_terracotta":192,"stat.pickup.minecraft.dark_oak_boat":121,"stat.mineBlock.minecraft.stained_glass":5772,"stat.bannerCleaned":2,"stat.mineBlock.minecraft.web":235,"achievement.snipeSkeleton":1,"stat.drop.minecraft.iron_sword":8,"stat.pickup.minecraft.rotten_flesh":5135,"stat.drop.minecraft.redstone_torch":20,"stat.useItem.minecraft.diamond_hoe":78,"stat.mineBlock.minecraft.purpur_stairs":2,"stat.craftItem.minecraft.stone_axe":4,"stat.useItem.minecraft.vine":537,"stat.drop.minecraft.leather_boots":22,"stat.pickup.minecraft.cobblestone_wall":1310,"stat.pickup.minecraft.bucket":129,"stat.useItem.minecraft.rail":1795,"stat.killEntity.Enderman":57409,"stat.drop.minecraft.elytra":3,"stat.useItem.minecraft.anvil":67,"stat.craftItem.minecraft.iron_shovel":7,"stat.pickup.minecraft.brown_mushroom":137,"achievement.buildPickaxe":49,"stat.mineBlock.minecraft.end_stone":1070,"stat.useItem.minecraft.iron_pickaxe":1107,"stat.pickup.minecraft.stained_hardened_clay":116320,"stat.pickup.minecraft.double_plant":7561,"stat.craftItem.minecraft.glass_pane":64,"stat.useItem.minecraft.hardened_clay":31383,"stat.pickup.minecraft.light_weighted_pressure_plate":24,"stat.mineBlock.minecraft.sticky_piston":178,"stat.pickup.minecraft.wooden_shovel":4,"stat.furnaceInteraction":4143,"stat.useItem.minecraft.golden_carrot":198,"stat.useItem.minecraft.nether_wart":1836,"stat.mineBlock.minecraft.chorus_plant":153,"stat.pickup.minecraft.nether_brick":90,"stat.craftItem.minecraft.leather_helmet":11,"stat.pickup.minecraft.sponge":2890,"stat.useItem.minecraft.green_shulker_box":18,"stat.useItem.minecraft.end_stone":196,"stat.mineBlock.minecraft.wooden_button":12,"stat.drop.minecraft.cactus":3,"stat.drop.minecraft.light_weighted_pressure_plate":19,"stat.useItem.minecraft.red_sandstone":35,"stat.pickup.minecraft.hay_block":73,"stat.craftItem.minecraft.golden_leggings":12,"stat.pickup.minecraft.cyan_shulker_box":153,"stat.drop.minecraft.magma":1,"stat.useItem.minecraft.fence":635,"stat.craftItem.minecraft.orange_glazed_terracotta":128,"stat.drop.minecraft.furnace":9,"stat.useItem.minecraft.acacia_fence":237,"stat.mineBlock.minecraft.sponge":2805,"stat.craftItem.minecraft.daylight_detector":29,"stat.useItem.minecraft.cauldron":72,"stat.mineBlock.minecraft.fence":212,"stat.useItem.minecraft.flint_and_steel":144,"stat.useItem.minecraft.wheat_seeds":3341,"stat.mineBlock.minecraft.sea_lantern":245,"stat.craftItem.minecraft.silver_glazed_terracotta":128,"stat.drop.minecraft.cooked_fish":2,"stat.killEntity.Husk":10,"stat.pickup.minecraft.emerald":33,"stat.craftItem.minecraft.dark_oak_boat":31,"stat.pickup.minecraft.lever":876,"stat.deaths":42,"stat.pickup.minecraft.egg":894,"stat.mineBlock.minecraft.brown_shulker_box":39,"stat.craftItem.minecraft.item_frame":664,"stat.pickup.minecraft.clock":5,"stat.craftItem.minecraft.iron_pickaxe":14,"stat.pickup.minecraft.glass_pane":86,"stat.pickup.minecraft.item_frame":551,"stat.pickup.minecraft.sea_lantern":1967,"stat.craftItem.minecraft.repeater":291,"stat.drop.minecraft.iron_ingot":66,"stat.mineBlock.minecraft.light_weighted_pressure_plate":2,"stat.craftItem.minecraft.cooked_mutton":58,"stat.fishCaught":1,"stat.pickup.minecraft.cooked_mutton":268,"stat.chestOpened":55637,"stat.useItem.minecraft.lapis_ore":323,"stat.craftItem.minecraft.mossy_cobblestone":45,"stat.craftItem.minecraft.sign":1110,"stat.useItem.minecraft.jungle_fence":10,"stat.pickup.minecraft.iron_sword":22,"stat.killEntity.Vex":3,"stat.pickup.minecraft.lapis_ore":497,"stat.craftItem.minecraft.quartz_block":10316,"stat.pickup.minecraft.gold_nugget":52,"stat.pickup.minecraft.chorus_flower":280,"stat.drop.minecraft.banner":1,"stat.craftItem.minecraft.coal":1090,"stat.drop.minecraft.dark_oak_stairs":2,"stat.craftItem.minecraft.ender_chest":81,"stat.pickup.minecraft.carrot":3670,"stat.drop.minecraft.stone_sword":6,"stat.crouchOneCm":19270902,"stat.pickup.minecraft.rail":1477,"stat.craftItem.minecraft.diamond":1053,"stat.craftItem.minecraft.iron_ingot":11249,"stat.pickup.minecraft.ender_chest":153,"stat.drop.minecraft.slime_ball":6,"stat.craftingTableInteraction":5580,"stat.mineBlock.minecraft.wooden_pressure_plate":20,"stat.useItem.minecraft.light_blue_shulker_box":184,"stat.pickup.minecraft.repeater":438,"stat.mineBlock.minecraft.log2":4181,"stat.pickup.minecraft.wooden_pickaxe":1,"stat.drop.minecraft.double_plant":55,"stat.useItem.minecraft.dark_oak_fence":741,"achievement.bakeCake":5,"stat.drop.minecraft.rabbit":1,"stat.pickup.minecraft.dye":106774,"stat.mineBlock.minecraft.jungle_fence":12,"stat.pickup.minecraft.planks":3263,"stat.drop.minecraft.minecart":3,"stat.mineBlock.minecraft.blue_glazed_terracotta":2,"stat.drop.minecraft.soul_sand":115,"stat.useItem.minecraft.lime_glazed_terracotta":1,"stat.drop.minecraft.carpet":115,"stat.mineBlock.minecraft.ender_chest":138,"stat.pickup.minecraft.ice":5282,"stat.mineBlock.minecraft.daylight_detector":21,"stat.killEntity.VindicationIllager":1,"stat.flowerPotted":245,"stat.drop.minecraft.brewing_stand":31,"stat.drop.minecraft.rotten_flesh":1247,"stat.pickup.minecraft.magma":452,"stat.mineBlock.minecraft.activator_rail":1,"stat.craftItem.minecraft.purple_glazed_terracotta":128,"stat.drop.minecraft.coal_ore":419,"stat.drop.minecraft.iron_door":2,"stat.drop.minecraft.iron_ore":696,"stat.useItem.minecraft.yellow_flower":20,"stat.drop.minecraft.sapling":31,"stat.pickup.minecraft.chicken":44,"stat.pickup.minecraft.tipped_arrow":56,"stat.drop.minecraft.gold_nugget":13,"stat.useItem.minecraft.glass_pane":38,"stat.pickup.minecraft.end_stone":1199,"stat.pickup.minecraft.coal_block":467,"stat.drop.minecraft.fish":5,"stat.craftItem.minecraft.bucket":365,"stat.useItem.minecraft.iron_sword":2206,"stat.craftItem.minecraft.planks":46435,"stat.mineBlock.minecraft.prismarine":15,"stat.pickup.minecraft.stone_sword":37,"stat.craftItem.minecraft.fishing_rod":2,"stat.drop.minecraft.comparator":32,"stat.useItem.minecraft.daylight_detector":126,"stat.useItem.minecraft.stonebrick":44811,"stat.pickup.minecraft.book":324,"stat.craftItem.minecraft.wooden_door":3,"stat.mineBlock.minecraft.waterlily":115,"stat.pickup.minecraft.orange_glazed_terracotta":128,"stat.pickup.minecraft.iron_door":99,"stat.drop.minecraft.leather_leggings":7,"stat.pickup.minecraft.red_nether_brick":141,"stat.drop.minecraft.sea_lantern":83,"stat.pickup.minecraft.cooked_fish":216,"stat.craftItem.minecraft.spruce_door":21,"stat.pickup.minecraft.tripwire_hook":409,"stat.pickup.minecraft.lingering_potion":3,"stat.craftItem.minecraft.jungle_boat":4,"stat.drop.minecraft.lapis_ore":19,"stat.pickup.minecraft.bookshelf":56,"stat.pickup.minecraft.spruce_fence_gate":11,"stat.mineBlock.minecraft.cobblestone":1458,"stat.mineBlock.minecraft.pumpkin":566,"stat.useItem.minecraft.beacon":83,"stat.pickup.minecraft.stone_pickaxe":3,"stat.pickup.minecraft.flint":2130,"stat.craftItem.minecraft.quartz_stairs":1400,"stat.pickup.minecraft.leather_chestplate":76,"stat.mineBlock.minecraft.concrete":4044,"stat.pickup.minecraft.flower_pot":369,"stat.mineBlock.minecraft.stained_glass_pane":974,"stat.drop.minecraft.purpur_slab":2,"stat.pickup.minecraft.purple_glazed_terracotta":129,"stat.drop.minecraft.end_bricks":12,"stat.pickup.minecraft.lime_shulker_box":75,"stat.craftItem.minecraft.clock":1,"stat.drop.minecraft.cobblestone":5507,"stat.useItem.minecraft.chorus_flower":197,"stat.pickup.minecraft.cooked_porkchop":51,"stat.useItem.minecraft.coal_block":17,"stat.breakItem.minecraft.iron_pickaxe":2,"stat.mineBlock.minecraft.dropper":14,"stat.useItem.minecraft.stone_slab2":8,"stat.pickup.minecraft.iron_boots":26,"stat.pickup.minecraft.diamond_horse_armor":1,"stat.pickup.minecraft.stone_hoe":9,"stat.craftItem.minecraft.furnace":856,"stat.craftItem.minecraft.lapis_block":467,"stat.drop.minecraft.daylight_detector":5,"stat.pickup.minecraft.map":26,"stat.drop.minecraft.golden_helmet":5,"stat.craftItem.minecraft.iron_boots":21,"stat.pickup.minecraft.green_glazed_terracotta":128,"stat.useItem.minecraft.spruce_fence_gate":3,"stat.mineBlock.minecraft.clay":505,"stat.mineBlock.minecraft.noteblock":16,"stat.pickup.minecraft.diamond_leggings":30,"stat.useItem.minecraft.brick_block":81,"stat.drop.minecraft.iron_helmet":8,"stat.drop.minecraft.chainmail_chestplate":2,"stat.drop.minecraft.snow_layer":48,"stat.useItem.minecraft.melon_block":25,"stat.useItem.minecraft.wooden_slab":13446,"stat.drop.minecraft.spider_eye":253,"stat.craftItem.minecraft.beacon":13,"stat.useItem.minecraft.iron_door":79,"stat.craftItem.minecraft.iron_block":524,"stat.craftItem.minecraft.stonebrick":56601,"stat.useItem.minecraft.brown_shulker_box":39,"stat.breakItem.minecraft.diamond_pickaxe":1,"stat.pickup.minecraft.light_blue_glazed_terracotta":39,"stat.craftItem.minecraft.end_rod":3792,"stat.drop.minecraft.stained_glass":1866,"stat.drop.minecraft.flint_and_steel":4,"stat.drop.minecraft.magenta_shulker_box":1,"stat.drop.minecraft.wool":225,"stat.killEntity.Creeper":300,"stat.useItem.minecraft.armor_stand":658,"stat.breakItem.minecraft.iron_sword":3,"stat.pickup.minecraft.wooden_sword":3,"stat.useItem.minecraft.silver_shulker_box":151,"stat.pickup.minecraft.brown_shulker_box":40,"stat.entityKilledBy.Skeleton":2,"stat.drop.minecraft.obsidian":79,"achievement.buildSword":39,"stat.pickup.minecraft.birch_stairs":30,"stat.killEntity.Squid":257,"stat.useItem.minecraft.dropper":40,"stat.sprintOneCm":202768649,"stat.mineBlock.minecraft.stone_slab":15135,"stat.useItem.minecraft.hay_block":37,"stat.drop.minecraft.leather":28,"stat.drop.minecraft.stone_hoe":2,"stat.useItem.minecraft.snowball":110,"stat.drop.minecraft.cauldron":2,"stat.pickup.minecraft.leather_leggings":58,"stat.craftItem.minecraft.redstone_lamp":492,"stat.drop.minecraft.boat":1,"stat.drop.minecraft.cobblestone_wall":62,"stat.pickup.minecraft.sugar":12,"stat.pickup.minecraft.vine":1674,"stat.craftItem.minecraft.leather_chestplate":216,"stat.useItem.minecraft.cake":5,"stat.useItem.minecraft.banner":205,"stat.drop.minecraft.golden_rail":3,"stat.craftItem.minecraft.emerald":5,"stat.pickup.minecraft.iron_block":6356,"stat.killEntity.Zombie":2520,"stat.craftItem.minecraft.dye":45080,"stat.craftItem.minecraft.diamond_axe":1,"stat.mineBlock.minecraft.gold_ore":1107,"stat.drop.minecraft.diamond_pickaxe":3,"stat.craftItem.minecraft.slime_ball":675,"stat.pickup.minecraft.wheat":4649,"stat.craftItem.minecraft.sandstone":9449,"stat.mineBlock.minecraft.mossy_cobblestone":254,"stat.drop.minecraft.stone_stairs":1,"stat.drop.minecraft.acacia_fence_gate":9,"stat.pickup.minecraft.sign":1270,"stat.drop.minecraft.chorus_fruit_popped":1,"stat.craftItem.minecraft.cooked_porkchop":4,"stat.pickup.minecraft.obsidian":4409,"stat.useItem.minecraft.heavy_weighted_pressure_plate":169,"stat.useItem.minecraft.iron_trapdoor":811,"stat.pickup.minecraft.coal":9950,"stat.pickup.minecraft.iron_ingot":1027,"stat.useItem.minecraft.dark_oak_boat":106,"stat.craftItem.minecraft.lever":529,"achievement.flyPig":1,"stat.drop.minecraft.diamond_sword":3,"stat.pickup.minecraft.gunpowder":1252,"stat.drop.minecraft.wooden_sword":3,"stat.pickup.minecraft.dirt":60861,"stat.useItem.minecraft.coal_ore":3093,"stat.drop.minecraft.iron_shovel":10,"stat.useItem.minecraft.light_weighted_pressure_plate":77,"stat.craftItem.minecraft.sponge":2706,"stat.useItem.minecraft.dispenser":72,"stat.mineBlock.minecraft.lapis_ore":791,"stat.pickup.minecraft.red_sandstone":16,"stat.pickup.minecraft.iron_axe":8,"stat.brewingstandInteraction":744,"stat.useItem.minecraft.stone_brick_stairs":7163,"stat.mineBlock.minecraft.torch":6889,"stat.mineBlock.minecraft.red_flower":1345,"stat.pickup.minecraft.written_book":67,"stat.tradedWithVillager":12,"stat.useItem.minecraft.acacia_door":4,"stat.pickup.minecraft.magma_cream":317,"stat.pickup.minecraft.ender_eye":25,"stat.noteblockTuned":835,"stat.craftItem.minecraft.comparator":65,"stat.craftItem.minecraft.sea_lantern":896,"stat.craftItem.minecraft.glowstone":4,"stat.useItem.minecraft.slime":312,"stat.useItem.minecraft.birch_fence":13,"stat.mineBlock.minecraft.fence_gate":56,"stat.pickup.minecraft.rabbit_hide":14,"stat.pickup.minecraft.diamond_axe":25,"stat.useItem.minecraft.snow_layer":4895,"stat.pickup.minecraft.shulker_shell":28,"stat.mineBlock.minecraft.birch_fence":1,"stat.pickup.minecraft.green_shulker_box":18,"stat.drop.minecraft.item_frame":3,"stat.drop.minecraft.wheat":6,"stat.pickup.minecraft.diamond_pickaxe":44,"stat.useItem.minecraft.pumpkin":1806,"stat.pickup.minecraft.noteblock":16,"stat.useItem.minecraft.gold_ore":49,"stat.useItem.minecraft.lava_bucket":265,"stat.pickup.minecraft.rabbit_foot":8,"stat.drop.minecraft.netherrack":9398,"stat.drop.minecraft.birch_stairs":14,"stat.pickup.minecraft.red_mushroom_block":93,"stat.useItem.minecraft.melon":11,"stat.pickup.minecraft.pink_glazed_terracotta":128,"stat.craftItem.minecraft.wheat":9,"stat.useItem.minecraft.item_frame":782,"stat.useItem.minecraft.stained_hardened_clay":43834,"stat.drop.minecraft.egg":1,"stat.useItem.minecraft.redstone_ore":1090,"stat.pickup.minecraft.cooked_beef":3077,"stat.useItem.minecraft.concrete":3241,"stat.drop.minecraft.lit_pumpkin":1,"stat.killEntity.Stray":1,"stat.drop.minecraft.lever":6,"stat.mineBlock.minecraft.purpur_slab":3,"stat.pickup.minecraft.dark_oak_stairs":738,"stat.mobKills":71297,"stat.pickup.minecraft.diamond_boots":40,"stat.mineBlock.minecraft.bookshelf":10,"stat.drop.minecraft.written_book":2,"stat.useItem.minecraft.boat":70,"stat.craftItem.minecraft.lead":82,"stat.useItem.minecraft.mossy_cobblestone":109,"stat.pickup.minecraft.diamond":1444,"stat.pickup.minecraft.beetroot_seeds":243,"achievement.bookcase":228,"stat.pickup.minecraft.brown_mushroom_block":160,"stat.craftItem.minecraft.spruce_stairs":1040,"stat.craftItem.minecraft.map":79,"stat.breakItem.minecraft.stone_sword":1,"stat.useItem.minecraft.string":621,"stat.craftItem.minecraft.yellow_glazed_terracotta":128,"stat.useItem.minecraft.bookshelf":99,"stat.useItem.minecraft.soul_sand":213,"stat.killEntity.Blaze":271,"stat.drop.minecraft.shield":4,"stat.drop.minecraft.skull":22,"stat.useItem.minecraft.gray_shulker_box":63,"stat.pickup.minecraft.golden_boots":78,"stat.pickup.minecraft.glowstone_dust":216,"stat.mineBlock.minecraft.white_shulker_box":150,"stat.mineBlock.minecraft.red_mushroom":28,"achievement.overpowered":1,"stat.mineBlock.minecraft.stone_brick_stairs":1776,"stat.drop.minecraft.poisonous_potato":2,"stat.mineBlock.minecraft.nether_brick_fence":1,"stat.drop.minecraft.golden_leggings":13,"stat.pickup.minecraft.splash_potion":10,"stat.pickup.minecraft.observer":25,"stat.craftItem.minecraft.lit_pumpkin":401,"stat.craftItem.minecraft.cobblestone_wall":1086,"stat.craftItem.minecraft.stone_sword":4,"stat.mineBlock.minecraft.snow_layer":10428,"stat.pickup.minecraft.chainmail_chestplate":14,"stat.mineBlock.minecraft.sand":61723,"stat.craftItem.minecraft.wooden_hoe":2,"stat.craftItem.minecraft.slime":951,"stat.useItem.minecraft.fence_gate":90,"stat.hopperInspected":351,"stat.drop.minecraft.diamond":16,"stat.pickup.minecraft.packed_ice":2349,"stat.pickup.minecraft.ghast_tear":26,"stat.pickup.minecraft.armor_stand":814,"stat.trappedChestTriggered":14792,"stat.mineBlock.minecraft.gray_shulker_box":62,"stat.drop.minecraft.rail":51,"stat.craftItem.minecraft.magma_cream":3,"stat.craftItem.minecraft.acacia_stairs":12,"stat.craftItem.minecraft.observer":17,"stat.drop.minecraft.spruce_door":8,"stat.craftItem.minecraft.pumpkin_seeds":12,"stat.pickup.minecraft.wooden_button":355,"stat.drop.minecraft.purple_shulker_box":3,"stat.mineBlock.minecraft.lapis_block":67,"stat.drop.minecraft.wooden_pressure_plate":7,"stat.useItem.minecraft.minecart":171,"stat.useItem.minecraft.cooked_mutton":255,"stat.drop.minecraft.stained_hardened_clay":3299,"stat.drop.minecraft.diamond_helmet":1,"stat.drop.minecraft.wooden_button":7,"stat.drop.minecraft.prismarine_shard":64,"stat.pickup.minecraft.stone_stairs":458,"stat.craftItem.minecraft.fence_gate":80,"stat.pickup.minecraft.acacia_stairs":2,"stat.pickup.minecraft.golden_carrot":261,"stat.pickup.minecraft.pumpkin_seeds":55,"stat.drop.minecraft.fireworks":70,"stat.drop.minecraft.snowball":64,"stat.pickup.minecraft.saddle":8,"stat.mineBlock.minecraft.soul_sand":1429,"achievement.ghast":8,"stat.pickup.minecraft.mycelium":78,"stat.pickup.minecraft.blaze_rod":860,"stat.craftItem.minecraft.diamond_block":129,"stat.drop.minecraft.chest":10,"stat.drop.minecraft.white_shulker_box":1,"stat.pickup.minecraft.netherrack":41796,"stat.pickup.minecraft.pumpkin":3014,"stat.pickup.minecraft.spruce_door":30,"stat.recordPlayed":2,"stat.drop.minecraft.hopper":1,"stat.pickup.minecraft.waterlily":491,"stat.useItem.minecraft.sponge":2739,"stat.mineBlock.minecraft.ice":5292,"stat.craftItem.minecraft.redstone_torch":1119,"stat.pickup.minecraft.detector_rail":15,"stat.useItem.minecraft.packed_ice":1363,"stat.pickup.minecraft.brick_stairs":1,"stat.mineBlock.minecraft.gold_block":118,"stat.craftItem.minecraft.iron_hoe":2,"stat.drop.minecraft.stone":13707,"stat.useItem.minecraft.trapped_chest":215,"stat.pickup.minecraft.melon_seeds":4,"stat.drop.minecraft.gold_ore":21,"stat.pickup.minecraft.dropper":86,"stat.useItem.minecraft.black_shulker_box":81,"stat.pickup.minecraft.golden_leggings":60,"stat.pickup.minecraft.melon":305,"stat.drop.minecraft.stained_glass_pane":457,"stat.dropperInspected":166,"stat.mineBlock.minecraft.nether_wart_block":12,"stat.pickup.minecraft.heavy_weighted_pressure_plate":59,"stat.useItem.minecraft.golden_rail":600,"stat.drop.minecraft.bone":209,"stat.craftItem.minecraft.wooden_button":250,"stat.useItem.minecraft.furnace":1048,"stat.pickup.minecraft.slime":3110,"stat.pickup.minecraft.iron_leggings":28,"stat.mineBlock.minecraft.snow":340,"stat.mineBlock.minecraft.gravel":16905,"stat.breakItem.minecraft.stone_axe":1,"stat.mineBlock.minecraft.beacon":75,"stat.useItem.minecraft.wool":1033,"stat.drop.minecraft.reeds":34,"stat.craftItem.minecraft.gray_glazed_terracotta":128,"stat.drop.minecraft.iron_axe":2,"stat.pickup.minecraft.flint_and_steel":27,"stat.mineBlock.minecraft.green_shulker_box":18,"stat.useItem.minecraft.torch":21171,"stat.pickup.minecraft.golden_apple":52,"stat.pickup.minecraft.iron_nugget":24,"stat.craftItem.minecraft.redstone_block":814,"stat.pickup.minecraft.birch_fence_gate":70,"stat.craftItem.minecraft.stone_stairs":256,"stat.pickup.minecraft.crafting_table":1117,"stat.useItem.minecraft.log":5584,"stat.useItem.minecraft.comparator":371,"stat.craftItem.minecraft.crafting_table":254,"stat.drop.minecraft.end_stone":2,"stat.craftItem.minecraft.boat":8,"stat.pickup.minecraft.iron_hoe":6,"stat.pickup.minecraft.redstone_block":1161,"stat.useItem.minecraft.cooked_fish":162,"stat.drop.minecraft.sign":44,"stat.useItem.minecraft.nether_wart_block":6,"stat.pickup.minecraft.compass":2,"stat.drop.minecraft.stonebrick":645,"stat.craftItem.minecraft.stone_button":572,"stat.drop.minecraft.planks":149,"stat.pickup.minecraft.web":726,"stat.pickup.minecraft.sapling":3088,"stat.craftItem.minecraft.red_glazed_terracotta":128,"stat.useItem.minecraft.deadbush":105,"stat.drop.minecraft.bow":21,"stat.pickup.minecraft.beetroot":242,"stat.drop.minecraft.golden_chestplate":7,"stat.killEntity.WitherSkeleton":17,"stat.useItem.minecraft.wooden_pressure_plate":98,"stat.pickup.minecraft.golden_sword":2,"stat.craftItem.minecraft.sugar":47,"stat.pickup.minecraft.rabbit":9,"stat.mineBlock.minecraft.orange_shulker_box":38,"stat.drop.minecraft.bucket":21,"stat.craftItem.minecraft.spruce_fence_gate":16,"stat.useItem.minecraft.baked_potato":2086,"stat.pickup.minecraft.stone_slab":24709,"stat.drop.minecraft.yellow_flower":128,"stat.pickup.minecraft.yellow_flower":811,"stat.pickup.minecraft.golden_rail":356,"stat.useItem.minecraft.fishing_rod":270,"stat.craftItem.minecraft.jungle_door":12,"stat.drop.minecraft.stone_pickaxe":1,"stat.useItem.minecraft.brick_stairs":8,"stat.craftItem.minecraft.diamond_chestplate":23,"stat.pickup.minecraft.bone":10965,"stat.craftItem.minecraft.sticky_piston":173,"stat.pickup.minecraft.redstone_torch":815,"stat.horseOneCm":6516412,"stat.useItem.minecraft.log2":1243,"stat.drop.minecraft.glowstone_dust":8,"stat.mineBlock.minecraft.slime":187,"stat.drop.minecraft.red_mushroom":10,"stat.drop.minecraft.prismarine_crystals":10,"stat.mineBlock.minecraft.black_shulker_box":80,"stat.mineBlock.minecraft.brown_mushroom":46,"stat.mineBlock.minecraft.acacia_fence":20,"stat.useItem.minecraft.diamond_sword":17502,"stat.craftItem.minecraft.diamond_helmet":8,"stat.climbOneCm":10002683,"stat.drop.minecraft.sticky_piston":54,"stat.useItem.minecraft.end_rod":218,"stat.craftItem.minecraft.gold_block":361,"stat.enderchestOpened":3296,"stat.useItem.minecraft.redstone_torch":388,"stat.pickup.minecraft.golden_helmet":52,"stat.craftItem.minecraft.purple_shulker_box":13,"stat.drop.minecraft.quartz":16,"stat.useItem.minecraft.jungle_boat":20,"stat.useItem.minecraft.red_flower":391,"stat.pickup.minecraft.cooked_rabbit":1,"stat.pickup.minecraft.daylight_detector":133,"stat.drop.minecraft.web":14,"stat.craftItem.minecraft.bone_block":752,"stat.useItem.minecraft.magenta_shulker_box":61,"stat.pickup.minecraft.anvil":58,"stat.useItem.minecraft.leaves2":410,"stat.mineBlock.minecraft.black_glazed_terracotta":78,"stat.useItem.minecraft.iron_ore":75,"stat.craftItem.minecraft.trapdoor":612,"stat.craftItem.minecraft.stone_pickaxe":3,"stat.pickup.minecraft.cobblestone":32404,"stat.drop.minecraft.rabbit_hide":1,"stat.craftItem.minecraft.glass_bottle":402,"stat.pickup.minecraft.soul_sand":1758,"stat.useItem.minecraft.cooked_beef":7617,"stat.pickup.minecraft.cactus":1647,"stat.drop.minecraft.clay_ball":32,"stat.pickup.minecraft.dragon_egg":1,"stat.pickup.minecraft.redstone":10633,"stat.pickup.minecraft.acacia_boat":6,"stat.craftItem.minecraft.dispenser":81,"stat.mineBlock.minecraft.iron_ore":5001,"stat.craftItem.minecraft.book":673,"stat.craftItem.minecraft.acacia_door":6,"stat.pickup.minecraft.mossy_cobblestone":596,"stat.useItem.minecraft.noteblock":99,"stat.craftItem.minecraft.cake":5,"stat.drop.minecraft.coal":81,"stat.drop.minecraft.iron_bars":27,"achievement.spawnWither":10,"stat.drop.minecraft.dirt":1323,"stat.useItem.minecraft.cooked_porkchop":16,"stat.pickup.minecraft.iron_shovel":15,"stat.pickup.minecraft.trapdoor":729,"stat.pickup.minecraft.carpet":1859,"stat.pickup.minecraft.diamond_shovel":25,"stat.craftItem.minecraft.acacia_fence":225,"stat.useItem.minecraft.chest_minecart":7,"stat.mineBlock.minecraft.lime_shulker_box":73,"stat.useItem.minecraft.sea_lantern":1910,"stat.craftItem.minecraft.snow_layer":4929,"stat.pickup.minecraft.silver_shulker_box":155,"stat.pickup.minecraft.nether_star":14,"stat.useItem.minecraft.spruce_fence":1289,"stat.pickup.minecraft.sandstone_stairs":561,"stat.craftItem.minecraft.chest_minecart":7,"stat.pickup.minecraft.paper":332,"stat.craftItem.minecraft.stick":22695,"stat.craftItem.minecraft.stained_hardened_clay":28176,"stat.craftItem.minecraft.gold_nugget":261,"stat.pickup.minecraft.grass":6830,"stat.useItem.minecraft.stone_pressure_plate":236,"stat.drop.minecraft.leaves":97,"stat.pickup.minecraft.diamond_chestplate":34,"stat.entityKilledBy.Creeper":1,"stat.drop.minecraft.tipped_arrow":6,"stat.breakItem.minecraft.shears":42,"stat.pickup.minecraft.blue_shulker_box":113,"stat.mineBlock.minecraft.planks":1014,"stat.drop":4683,"stat.pickup.minecraft.jukebox":7,"stat.killEntity.Sheep":118,"stat.drop.minecraft.iron_boots":4,"stat.drop.minecraft.redstone_block":21,"stat.pickup.minecraft.golden_chestplate":57,"stat.drop.minecraft.bread":1,"stat.useItem.minecraft.light_blue_glazed_terracotta":1,"stat.pickup.minecraft.purpur_pillar":9,"stat.drop.minecraft.flower_pot":9,"stat.drop.minecraft.nether_wart":36,"stat.craftItem.minecraft.piston":171,"stat.useItem.minecraft.quartz_stairs":1617,"stat.drop.minecraft.cooked_beef":49,"stat.killEntity.EvocationIllager":2,"stat.pickup.minecraft.black_glazed_terracotta":290,"stat.killEntity.Slime":568,"stat.mineBlock.minecraft.anvil":30,"stat.useItem.minecraft.lime_shulker_box":74,"stat.useItem.minecraft.blue_glazed_terracotta":12,"stat.pickup.minecraft.purple_shulker_box":612,"stat.useItem.minecraft.waterlily":104,"stat.useItem.minecraft.apple":3,"stat.mineBlock.minecraft.deadbush":609,"stat.useItem.minecraft.black_glazed_terracotta":221,"stat.drop.minecraft.chainmail_helmet":1,"stat.useItem.minecraft.carpet":3180,"stat.useItem.minecraft.potion":279,"stat.useItem.minecraft.flower_pot":277,"stat.mineBlock.minecraft.purpur_pillar":9,"stat.pickup.minecraft.fence":1119,"stat.useItem.minecraft.stone_axe":213,"stat.craftItem.minecraft.iron_helmet":11,"stat.drop.minecraft.piston":22,"stat.craftItem.minecraft.rail":1040,"stat.drop.minecraft.bed":1,"stat.drop.minecraft.glass":249,"stat.boatOneCm":7720525,"stat.craftItem.minecraft.flint_and_steel":15,"stat.useItem.minecraft.redstone_lamp":697,"stat.mineBlock.minecraft.leaves2":3871,"stat.mineBlock.minecraft.stone_stairs":51,"stat.craftItem.minecraft.iron_bars":400,"stat.mineBlock.minecraft.furnace":335,"stat.pickup.minecraft.dark_oak_fence":554,"stat.drop.minecraft.stone_button":67,"stat.pickup.minecraft.prismarine_shard":73,"stat.pickup.minecraft.end_crystal":1,"stat.drop.minecraft.water_bucket":7,"stat.killEntity.CaveSpider":2627,"stat.craftItem.minecraft.netherbrick":1451,"stat.craftItem.minecraft.birch_fence":9,"stat.pickup.minecraft.oak_stairs":129,"stat.pickup.minecraft.stained_glass":15483,"stat.damageDealt":849126,"stat.craftItem.minecraft.anvil":48,"stat.pickup.minecraft.end_bricks":232,"stat.mineBlock.minecraft.nether_brick_stairs":9,"stat.useItem.minecraft.crafting_table":1073,"stat.craftItem.minecraft.stone_shovel":4,"stat.pickup.minecraft.boat":127,"stat.pickup.minecraft.stick":3978,"stat.pickup.minecraft.spectral_arrow":5,"achievement.enchantments":2,"stat.breakItem.minecraft.stone_pickaxe":1,"stat.craftItem.minecraft.birch_fence_gate":140,"stat.drop.minecraft.iron_block":125,"stat.craftItem.minecraft.diamond_boots":14,"stat.craftItem.minecraft.writable_book":32,"stat.useItem.minecraft.redstone_block":389,"stat.drop.minecraft.leather_chestplate":96,"stat.useItem.minecraft.spruce_stairs":973,"stat.craftItem.minecraft.redstone":4245,"stat.useItem.minecraft.cactus":205,"stat.pickup.minecraft.chorus_fruit":1348,"stat.craftItem.minecraft.red_nether_brick":74,"stat.drop.minecraft.purpur_block":3,"stat.killEntity.Chicken":48,"stat.drop.minecraft.crafting_table":20,"stat.useItem.minecraft.iron_block":7049,"stat.mineBlock.minecraft.quartz_ore":35392,"stat.pickup.minecraft.concrete_powder":163,"stat.drop.minecraft.filled_map":11,"stat.pickup.minecraft.yellow_glazed_terracotta":123,"stat.pickup.minecraft.dragon_breath":357,"stat.craftItem.minecraft.fence":336,"stat.useItem.minecraft.golden_apple":15,"stat.mineBlock.minecraft.leaves":11415,"stat.mineBlock.minecraft.piston":249,"stat.mineBlock.minecraft.bone_block":71,"stat.mineBlock.minecraft.hay_block":7,"stat.drop.minecraft.lime_shulker_box":1,"stat.craftItem.minecraft.tripwire_hook":170,"achievement.cookFish":1,"stat.beaconInteraction":133,"stat.drop.minecraft.dark_oak_boat":1,"stat.pickup.minecraft.wooden_slab":4369,"stat.craftItem.minecraft.diamond_hoe":1,"stat.leaveGame":1427,"stat.pickup.minecraft.jungle_fence":15,"stat.pickup.minecraft.stone_slab2":44,"stat.useItem.minecraft.glowstone":1965,"stat.mineBlock.minecraft.sandstone":20972,"stat.craftItem.minecraft.ender_eye":115,"stat.killEntity.PigZombie":12,"stat.craftItem.minecraft.shield":11,"stat.craftItem.minecraft.stone_pressure_plate":283,"stat.entityKilledBy.PigZombie":1,"stat.mineBlock.minecraft.birch_fence_gate":10,"stat.mineBlock.minecraft.red_sandstone":16,"stat.pickup.minecraft.leaves2":543,"stat.useItem.minecraft.sandstone_stairs":1755,"stat.pickup.minecraft.brick_block":259,"achievement.diamondsToYou":4,"stat.useItem.minecraft.activator_rail":1,"stat.useItem.minecraft.birch_boat":277,"stat.craftItem.minecraft.noteblock":96,"stat.useItem.minecraft.purpur_stairs":1,"stat.mineBlock.minecraft.wooden_slab":2255,"stat.pickup.minecraft.leather_boots":68,"stat.mineBlock.minecraft.lime_glazed_terracotta":1,"stat.killEntity.Witch":28,"stat.drop.minecraft.sand":585,"stat.killEntity.MushroomCow":1,"stat.drop.minecraft.gold_ingot":1,"stat.craftItem.minecraft.wooden_pickaxe":1,"stat.craftItem.minecraft.brown_glazed_terracotta":128,"stat.craftItem.minecraft.iron_door":51,"stat.useItem.minecraft.iron_shovel":277,"stat.drop.minecraft.chainmail_leggings":1,"stat.mineBlock.minecraft.brick_block":9,"stat.craftItem.minecraft.bed":31,"stat.drop.minecraft.wooden_shovel":1,"stat.mineBlock.minecraft.vine":1361,"stat.mineBlock.minecraft.hopper":104,"stat.pickup.minecraft.melon_block":37,"stat.drop.minecraft.gravel":847,"stat.mineBlock.minecraft.rail":969,"stat.useItem.minecraft.pumpkin_seeds":22,"stat.killEntity.ZombieVillager":8,"stat.noteblockPlayed":68,"stat.drop.minecraft.red_flower":84,"stat.useItem.minecraft.double_plant":190,"stat.pickup.minecraft.prismarine":13,"stat.pickup.minecraft.beef":534,"stat.pickup.minecraft.leather_helmet":37,"stat.pickup.minecraft.cauldron":134,"stat.mineBlock.minecraft.stained_hardened_clay":71852,"stat.useItem.minecraft.trapdoor":887,"stat.useItem.minecraft.blue_shulker_box":113,"stat.useItem.minecraft.stained_glass":23884,"stat.drop.minecraft.stone_pressure_plate":9,"stat.drop.minecraft.lead":1,"stat.useItem.minecraft.dark_oak_door":11,"stat.useItem.minecraft.ice":2134,"stat.pickup.minecraft.magenta_shulker_box":61,"achievement.openInventory":58629,"stat.pickup.minecraft.potion":106,"stat.useItem.minecraft.wooden_button":76,"stat.craftItem.minecraft.dropper":54,"stat.useItem.minecraft.dye":8352,"stat.mineBlock.minecraft.stone_pressure_plate":90,"stat.useItem.minecraft.nether_brick":19,"stat.drop.minecraft.torch":546,"stat.drop.minecraft.glass_bottle":89,"stat.useItem.minecraft.jukebox":8,"stat.mineBlock.minecraft.tallgrass":6146,"achievement.potion":361,"stat.useItem.minecraft.splash_potion":9,"stat.craftItem.minecraft.light_weighted_pressure_plate":76,"stat.drop.minecraft.quartz_ore":155,"stat.useItem.minecraft.stone":53269,"stat.pickup.minecraft.arrow":9730,"stat.useItem.minecraft.acacia_fence_gate":49,"stat.pickup.minecraft.wooden_pressure_plate":68,"stat.killEntity.Ghast":54,"stat.useItem.minecraft.ender_chest":156,"stat.useItem.minecraft.white_shulker_box":149,"stat.pickup.minecraft.acacia_fence_gate":18,"stat.drop.minecraft.iron_pickaxe":1,"achievement.killCow":449,"stat.mineBlock.minecraft.chest":1386,"stat.pickup.minecraft.painting":512,"stat.mineBlock.minecraft.hardened_clay":77009,"stat.mineBlock.minecraft.concrete_powder":73,"stat.craftItem.minecraft.hopper":124,"stat.pickup.minecraft.gray_shulker_box":63,"stat.pickup.minecraft.nether_brick_fence":2,"stat.pickup.minecraft.yellow_shulker_box":61,"stat.pickup.minecraft.orange_shulker_box":39,"stat.useItem.minecraft.reeds":230,"stat.pickup.minecraft.birch_boat":409,"stat.craftItem.minecraft.wooden_sword":3,"stat.craftItem.minecraft.nether_brick":193,"stat.craftItem.minecraft.diamond_shovel":5,"stat.pickup.minecraft.wheat_seeds":8984,"stat.mineBlock.minecraft.glass":152,"stat.drop.minecraft.spruce_fence":2,"stat.useItem.minecraft.enchanting_table":8,"stat.pickup.minecraft.pink_shulker_box":89,"stat.useItem.minecraft.record_13":1,"stat.mineBlock.minecraft.dirt":59067,"stat.pickup.minecraft.poisonous_potato":35,"stat.drop.minecraft.paper":58,"stat.useItem.minecraft.bread":11,"stat.pickup.minecraft.brewing_stand":129,"stat.pickup.minecraft.light_blue_shulker_box":186,"stat.useItem.minecraft.cobblestone":3363,"stat.craftItem.minecraft.leather_boots":8,"stat.useItem.minecraft.gravel":14876,"stat.mineBlock.minecraft.double_plant":180,"stat.minecartOneCm":1761660,"stat.pickup.minecraft.brown_glazed_terracotta":82,"stat.pickup.minecraft.iron_pickaxe":8,"stat.mineBlock.minecraft.end_rod":117,"stat.drop.minecraft.carrot":4757,"stat.craftItem.minecraft.gold_ingot":1215,"stat.pickup.minecraft.hopper":309,"stat.mineBlock.minecraft.silver_shulker_box":150,"stat.drop.minecraft.brick_stairs":1,"stat.craftItem.minecraft.brewing_stand":61,"stat.useItem.minecraft.tallgrass":74,"stat.pickup.minecraft.apple":202,"stat.useItem.minecraft.fireworks":317,"stat.pickup.minecraft.banner":155,"stat.craftItem.minecraft.carrot_on_a_stick":1,"achievement.portal":3030,"stat.pickup.minecraft.carrot_on_a_stick":3,"stat.killEntity.ElderGuardian":1,"stat.itemEnchanted":283,"stat.useItem.minecraft.acacia_boat":7,"stat.mineBlock.minecraft.log":7918,"stat.mineBlock.minecraft.heavy_weighted_pressure_plate":10,"stat.useItem.minecraft.wooden_door":1,"achievement.acquireIron":262,"stat.useItem.minecraft.spruce_door":29,"stat.craftItem.minecraft.paper":3652,"stat.pickup.minecraft.red_flower":6467,"stat.craftItem.minecraft.light_blue_glazed_terracotta":128,"stat.pickup.minecraft.wool":9259,"stat.useItem.minecraft.chorus_fruit":20,"stat.craftItem.minecraft.trapped_chest":129,"stat.drop.minecraft.grass":113,"stat.pickup.minecraft.trapped_chest":150,"stat.cakeSlicesEaten":1,"stat.drop.minecraft.pumpkin":1,"stat.craftItem.minecraft.diamond_leggings":10,"stat.mineBlock.minecraft.acacia_stairs":2,"stat.useItem.minecraft.iron_axe":379,"stat.mineBlock.minecraft.yellow_flower":669,"stat.useItem.minecraft.skull":427,"stat.craftItem.minecraft.wool":686,"stat.useItem.minecraft.snow":2482,"stat.useItem.minecraft.concrete_powder":4236,"stat.pickup.minecraft.enchanted_book":71,"stat.pickup.minecraft.glowstone":3725,"achievement.buildWorkBench":424,"stat.pickup.minecraft.writable_book":8,"stat.useItem.minecraft.obsidian":1669,"stat.pickup.minecraft.sticky_piston":383,"stat.pickup.minecraft.bow":473,"stat.pickup.minecraft.white_glazed_terracotta":86,"stat.craftItem.minecraft.dark_oak_door":15,"stat.pickup.minecraft.chorus_fruit_popped":2,"stat.drop.minecraft.birch_boat":8,"stat.mineBlock.minecraft.detector_rail":6,"stat.useItem.minecraft.egg":650,"stat.craftItem.minecraft.spruce_boat":28,"stat.pickup.minecraft.pumpkin_pie":105,"stat.pickup.minecraft.nether_wart_block":200,"stat.pickup.minecraft.coal_ore":6644,"stat.craftItem.minecraft.cooked_beef":476,"stat.mineBlock.minecraft.obsidian":3323,"stat.pickup.minecraft.shears":59,"stat.drop.minecraft.quartz_stairs":14,"stat.craftItem.minecraft.bow":217,"stat.pickup.minecraft.iron_trapdoor":235,"stat.pickup.minecraft.diamond_hoe":1,"stat.flyOneCm":150351028,"stat.pickup.minecraft.sandstone":25723,"stat.pickup.minecraft.nether_brick_stairs":9,"stat.pickup.minecraft.fish":121,"stat.craftItem.minecraft.stained_glass":21328,"stat.timeSinceDeath":11602686,"stat.pickup.minecraft.quartz_ore":17849,"stat.craftItem.minecraft.painting":70,"stat.cauldronFilled":43,"stat.craftItem.minecraft.purpur_block":80,"stat.drop.minecraft.repeater":29,"stat.killEntity.Bat":4,"stat.useItem.minecraft.potato":2328,"stat.pickup.minecraft.chainmail_helmet":22,"stat.pickup.minecraft.nether_wart":5803,"stat.pickup.minecraft.spruce_fence":774,"stat.mineBlock.minecraft.enchanting_table":7,"stat.craftItem.minecraft.concrete_powder":4192,"stat.mineBlock.minecraft.coal_ore":10148,"stat.pickup.minecraft.shield":26,"stat.craftItem.minecraft.stone_hoe":8,"stat.talkedToVillager":167,"stat.mineBlock.minecraft.red_mushroom_block":101,"stat.pickup.minecraft.string":4785,"stat.craftItem.minecraft.golden_helmet":7,"stat.craftItem.minecraft.blue_glazed_terracotta":128,"stat.mineBlock.minecraft.ladder":831,"stat.drop.minecraft.redstone_lamp":7,"stat.useItem.minecraft.milk_bucket":21,"stat.useItem.minecraft.written_book":229,"stat.mineBlock.minecraft.chorus_flower":242,"stat.useItem.minecraft.diamond_shovel":154541,"stat.breakItem.minecraft.diamond_helmet":1,"stat.pickup.minecraft.bone_block":754,"stat.mineBlock.minecraft.diamond_ore":944,"stat.pickup.minecraft.fireworks":940,"stat.pickup.minecraft.lime_glazed_terracotta":129,"stat.useItem.minecraft.brown_mushroom_block":133,"stat.drop.minecraft.lava_bucket":5,"stat.craftItem.minecraft.speckled_melon":8,"stat.craftItem.minecraft.wooden_pressure_plate":121,"achievement.killEnemy":69331,"stat.drop.minecraft.redstone_ore":17,"stat.useItem.minecraft.wooden_sword":18,"stat.craftItem.minecraft.white_glazed_terracotta":108,"stat.breakItem.minecraft.iron_shovel":1,"stat.useItem.minecraft.ladder":3370,"stat.useItem.minecraft.diamond_ore":436,"stat.drop.minecraft.purpur_pillar":3,"stat.useItem.minecraft.cyan_shulker_box":150,"stat.pickup.minecraft.snowball":10327,"stat.useItem.minecraft.birch_stairs":2,"stat.killEntity.Guardian":3,"stat.craftItem.minecraft.sandstone_stairs":1632,"stat.diveOneCm":13245973,"stat.useItem.minecraft.sticky_piston":320,"stat.craftItem.minecraft.ladder":2109,"achievement.buildHoe":21,"stat.drop.minecraft.dark_oak_fence":63,"stat.mineBlock.minecraft.stone_button":92,"stat.drop.minecraft.ladder":50,"stat.pickup.minecraft.stone_axe":2,"stat.pickup.minecraft.stained_glass_pane":3435,"stat.useItem.minecraft.rotten_flesh":3,"stat.drop.minecraft.purple_glazed_terracotta":1,"stat.craftItem.minecraft.diamond_sword":4,"stat.drop.minecraft.sandstone":600,"stat.mineBlock.minecraft.blue_shulker_box":113,"stat.jump":548678,"stat.useItem.minecraft.sand":34369,"stat.pickup.minecraft.white_shulker_box":153,"stat.mineBlock.minecraft.observer":25,"stat.mineBlock.minecraft.light_blue_glazed_terracotta":3,"stat.craftItem.minecraft.torch":9812,"achievement.makeBread":22,"stat.drop.minecraft.glowstone":89,"stat.craftItem.minecraft.fermented_spider_eye":10,"stat.mineBlock.minecraft.purpur_block":23,"stat.mineBlock.minecraft.spruce_fence_gate":3,"stat.useItem.minecraft.glass":158,"stat.pickup.minecraft.stone_shovel":3,"stat.useItem.minecraft.sapling":1247,"stat.pickup.minecraft.gold_ore":1183,"stat.drop.minecraft.gold_block":43,"achievement.blazeRod":117,"stat.mineBlock.minecraft.glass_pane":10,"stat.damageTaken":535414,"stat.useItem.minecraft.red_shulker_box":113,"stat.useItem.minecraft.end_crystal":12,"stat.mineBlock.minecraft.melon_block":47,"stat.useItem.minecraft.gold_block":327,"stat.mineBlock.minecraft.sapling":99,"stat.pickup.minecraft.log2":9651,"stat.mineBlock.minecraft.sandstone_stairs":206,"stat.useItem.minecraft.purple_shulker_box":602,"stat.pickup.minecraft.bed":117,"stat.cauldronUsed":15,"stat.pickup.minecraft.concrete":4196,"stat.pickup.minecraft.quartz_block":3534,"stat.pickup.minecraft.acacia_fence":352,"stat.pickup.minecraft.potato":4921,"stat.killEntity.Shulker":26,"stat.breakItem.minecraft.iron_leggings":2,"stat.entityKilledBy.Zombie":1,"stat.killEntity.Silverfish":4,"stat.craftItem.minecraft.stone_slab":49167,"stat.animalsBred":1051,"stat.useItem.minecraft.chest":2060,"stat.mineBlock.minecraft.light_blue_shulker_box":184,"stat.useItem.minecraft.observer":36,"stat.useItem.minecraft.birch_fence_gate":78,"stat.shulkerBoxOpened":11847,"stat.craftItem.minecraft.iron_chestplate":308,"stat.pickup.minecraft.baked_potato":79,"stat.drop.minecraft.potato":396,"stat.pickup.minecraft.ender_pearl":36530,"stat.drop.minecraft.wooden_slab":54,"stat.breakItem.minecraft.stone_hoe":1,"stat.pickup.minecraft.ladder":4520,"stat.breakItem.minecraft.golden_boots":1,"stat.useItem.minecraft.netherrack":10045,"stat.craftItem.minecraft.stained_glass_pane":3904,"stat.mineBlock.minecraft.tnt":9,"stat.craftItem.minecraft.bookshelf":128,"stat.useItem.minecraft.tripwire_hook":36,"stat.mineBlock.minecraft.stonebrick":10001,"stat.craftItem.minecraft.purpur_stairs":4,"stat.mineBlock.minecraft.glowstone":2703,"stat.craftItem.minecraft.shears":85,"stat.useItem.minecraft.cobblestone_wall":1192,"stat.pickup.minecraft.iron_horse_armor":7,"stat.useItem.minecraft.writable_book":166,"stat.drop.minecraft.spruce_stairs":33,"stat.pickup.minecraft.torch":16140,"stat.drop.minecraft.acacia_fence":132,"stat.drop.minecraft.quartz_block":113,"stat.pickup.minecraft.spruce_boat":105,"stat.drop.minecraft.stone_axe":1,"stat.useItem.minecraft.purpur_slab":2,"stat.drop.minecraft.arrow":378,"stat.drop.minecraft.shears":15,"stat.drop.minecraft.blue_glazed_terracotta":93,"stat.craftItem.minecraft.compass":98,"stat.pickup.minecraft.jungle_boat":23,"stat.pickup.minecraft.dark_oak_fence_gate":5,"stat.useItem.minecraft.end_bricks":741,"stat.drop.minecraft.armor_stand":32,"stat.drop.minecraft.waterlily":21,"stat.pigOneCm":13187,"stat.pickup.minecraft.deadbush":662,"stat.craftItem.minecraft.iron_axe":6,"stat.killEntity.Ozelot":3,"stat.mineBlock.minecraft.purple_shulker_box":598,"stat.useItem.minecraft.lead":6,"stat.pickup.minecraft.lapis_block":587,"stat.drop.minecraft.red_nether_brick":1,"stat.drop.minecraft.trapdoor":10,"stat.pickup.minecraft.fishing_rod":2,"stat.useItem.minecraft.planks":2169,"stat.mineBlock.minecraft.acacia_fence_gate":1,"stat.pickup.minecraft.porkchop":10,"stat.pickup.minecraft.glass":7069,"stat.pickup.minecraft.blaze_powder":74,"stat.useItem.minecraft.pink_shulker_box":84,"stat.useItem.minecraft.water_bucket":4377,"stat.pickup.minecraft.sand":86035,"stat.craftItem.minecraft.golden_apple":24,"stat.craftItem.minecraft.dark_oak_fence":537,"stat.pickup.minecraft.hardened_clay":98562,"stat.useItem.minecraft.red_nether_brick":22,"stat.pickup.minecraft.name_tag":14,"achievement.diamonds":701,"stat.drop.minecraft.hardened_clay":1117,"stat.useItem.minecraft.record_cat":1,"stat.drop.minecraft.splash_potion":6,"stat.pickup.minecraft.activator_rail":1,"stat.aviateOneCm":636091329,"stat.useItem.minecraft.brown_mushroom":40,"stat.useItem.minecraft.ender_pearl":6106,"stat.craftItem.minecraft.cooked_fish":1,"achievement.buildBetterPickaxe":47,"stat.craftItem.minecraft.blaze_powder":204,"stat.drop.minecraft.golden_sword":1,"achievement.breedCow":749,"stat.useItem.minecraft.oak_stairs":194,"stat.craftItem.minecraft.golden_carrot":22,"stat.mineBlock.minecraft.dark_oak_stairs":269,"stat.useItem.minecraft.dark_oak_stairs":2223,"stat.drop.minecraft.stone_slab":1002,"stat.pickup.minecraft.fence_gate":135,"stat.mineBlock.minecraft.birch_stairs":16,"stat.pickup.minecraft.filled_map":384,"stat.pickup.minecraft.furnace":503,"stat.useItem.minecraft.redstone":1656,"stat.drop.minecraft.pink_shulker_box":4,"achievement.overkill":45,"stat.mineBlock.minecraft.end_bricks":125,"stat.mineBlock.minecraft.redstone_lamp":107,"achievement.mineWood":11766,"stat.pickup.minecraft.iron_chestplate":406,"stat.pickup.minecraft.end_rod":480,"stat.useItem.minecraft.stone_stairs":228,"stat.pickup.minecraft.skull":473,"stat.pickup.minecraft.acacia_door":1,"stat.craftItem.minecraft.nether_wart_block":271,"stat.mineBlock.minecraft.red_shulker_box":114,"stat.mineBlock.minecraft.brick_stairs":1,"stat.useItem.minecraft.hopper":181,"stat.craftItem.minecraft.heavy_weighted_pressure_plate":166,"stat.mineBlock.minecraft.oak_stairs":87,"stat.playOneMinute":79965116,"stat.drop.minecraft.string":299,"stat.pickup.minecraft.diamond_block":178,"stat.useItem.minecraft.shears":10691,"stat.mineBlock.minecraft.brown_mushroom_block":153,"stat.pickup.minecraft.beacon":82,"stat.pickup.minecraft.iron_bars":841,"stat.pickup.minecraft.dispenser":94,"stat.drop.minecraft.ice":138,"stat.pickup.minecraft.red_glazed_terracotta":128,"stat.mineBlock.minecraft.dark_oak_fence":134,"stat.craftItem.minecraft.carpet":2490,"stat.mineBlock.minecraft.netherrack":44043,"stat.mineBlock.minecraft.dispenser":36,"stat.craftItem.minecraft.dark_oak_stairs":2144,"stat.drop.minecraft.flint":114,"stat.craftItem.minecraft.golden_rail":306,"stat.useItem.minecraft.quartz_ore":17578,"stat.pickup.minecraft.cooked_chicken":1326,"stat.fallOneCm":16105022,"stat.drop.minecraft.dye":1092,"stat.craftItem.minecraft.chest":1053,"stat.craftItem.minecraft.banner":383,"stat.useItem.minecraft.nether_brick_fence":17,"stat.mineBlock.minecraft.lever":254,"stat.pickup.minecraft.red_mushroom":71,"stat.useItem.minecraft.iron_hoe":132,"stat.pickup.minecraft.milk_bucket":22,"stat.craftItem.minecraft.end_bricks":648,"stat.pickup.minecraft.comparator":548,"stat.pickup.minecraft.feather":329,"stat.drop.minecraft.iron_leggings":5,"stat.pickup.minecraft.record_cat":11,"stat.mineBlock.minecraft.red_nether_brick":13,"stat.drop.minecraft.concrete":85,"stat.mineBlock.minecraft.spruce_fence":203,"stat.useItem.minecraft.yellow_shulker_box":59,"achievement.fullBeacon":28,"stat.craftItem.minecraft.dark_oak_fence_gate":12,"stat.pickup.minecraft.lead":159,"stat.useItem.minecraft.stone_pickaxe":289,"stat.craftItem.minecraft.birch_stairs":8,"stat.useItem.minecraft.stone_sword":228,"stat.craftItem.minecraft.iron_leggings":12,"stat.useItem.minecraft.orange_shulker_box":38,"stat.killEntity.Rabbit":2,"stat.pickup.minecraft.redstone_ore":2371,"stat.craftItem.minecraft.oak_stairs":156,"stat.pickup.minecraft.chainmail_boots":26,"stat.drop.minecraft.stick":239,"stat.pickup.minecraft.record_13":7,"stat.useItem.minecraft.iron_bars":411,"stat.mineBlock.minecraft.quartz_stairs":282,"stat.useItem.minecraft.bone_block":346,"stat.drop.minecraft.stone_brick_stairs":30,"stat.drop.minecraft.light_blue_shulker_box":1,"stat.mineBlock.minecraft.pink_shulker_box":84,"stat.craftItem.minecraft.magenta_glazed_terracotta":128,"stat.drop.minecraft.black_glazed_terracotta":1,"stat.killEntity.LavaSlime":310,"stat.pickup.minecraft.log":15769,"achievement.theEnd2":1,"stat.breakItem.minecraft.iron_boots":1,"stat.mineBlock.minecraft.golden_rail":244,"stat.craftItem.minecraft.hopper_minecart":12,"stat.pickup.minecraft.tallgrass":251,"stat.drop.minecraft.lapis_block":57,"stat.breakItem.minecraft.iron_helmet":2,"stat.pickup.minecraft.chainmail_leggings":14,"stat.pickup.minecraft.wooden_door":10,"stat.entityKilledBy.Enderman":2,"stat.mineBlock.minecraft.iron_block":3713,"stat.drop.minecraft.clay":1,"stat.breakItem.minecraft.iron_chestplate":1,"stat.mineBlock.minecraft.tripwire_hook":12,"stat.craftItem.minecraft.snow":5861,"stat.pickup.minecraft.diamond_helmet":33,"stat.useItem.minecraft.jungle_door":4,"stat.craftItem.minecraft.cooked_chicken":34,"stat.useItem.minecraft.stone_hoe":290,"stat.craftItem.minecraft.flower_pot":301,"stat.craftItem.minecraft.golden_boots":5,"stat.useItem.minecraft.beetroot_seeds":103,"stat.sneakTime":5482794,"stat.mineBlock.minecraft.cobblestone_wall":416,"stat.mineBlock.minecraft.yellow_shulker_box":58,"stat.entityKilledBy.Blaze":1,"stat.useItem.minecraft.brewing_stand":75,"stat.mineBlock.minecraft.jukebox":7,"stat.useItem.minecraft.beetroot":4,"stat.pickup.minecraft.chest":1815,"stat.craftItem.minecraft.enchanting_table":1,"stat.useItem.minecraft.web":165,"stat.craftItem.minecraft.leather_leggings":14,"stat.useItem.minecraft.lapis_block":296,"stat.drop.minecraft.sugar":4,"stat.drop.minecraft.red_shulker_box":1,"stat.pickup.minecraft.stone_pressure_plate":113,"stat.pickup.minecraft.lit_pumpkin":238,"stat.drop.minecraft.beetroot":6,"stat.useItem.minecraft.repeater":387,"stat.craftItem.minecraft.lime_glazed_terracotta":128,"stat.drop.minecraft.leather_helmet":8,"stat.craftItem.minecraft.stone_brick_stairs":5964,"stat.craftItem.minecraft.acacia_fence_gate":57,"stat.craftItem.minecraft.iron_trapdoor":669,"stat.swimOneCm":4376575,"stat.mineBlock.minecraft.diamond_block":24,"stat.mineBlock.minecraft.spruce_stairs":158,"stat.craftItem.minecraft.golden_chestplate":33,"stat.drop.minecraft.brown_mushroom":22,"stat.useItem.minecraft.dirt":54627,"stat.pickup.minecraft.purpur_block":24,"achievement.exploreAllBiomes":{"value":1,"progress":["Sunflower Plains","Cold Taiga","Cold Taiga Hills","Birch Forest","Roofed Forest","Extreme Hills M","MushroomIslandShore","The End","Mesa Plateau F M","Beach","FrozenRiver","Mesa Plateau","Mega Taiga Hills","Extreme Hills+","Cold Beach","Ocean","River","JungleEdge","Taiga","Mega Taiga","MushroomIsland","Swampland","Ice Mountains","Birch Forest Hills","Mesa Plateau F","Savanna Plateau","Roofed Forest M","Mesa","ForestHills","Flower Forest","Plains","Ice Plains Spikes","TaigaHills","DesertHills","Stone Beach","Ice Plains","Jungle","Forest","JungleHills","Desert","Extreme Hills","Mesa (Bryce)","Deep Ocean","Savanna","Hell","Swampland M"]},"stat.pickup.minecraft.enchanting_table":7,"stat.drop.minecraft.iron_trapdoor":12,"stat.useItem.minecraft.detector_rail":9,"stat.craftItem.minecraft.melon_block":11,"stat.drop.minecraft.ender_pearl":5506,"stat.mineBlock.minecraft.magma":440,"stat.pickup.minecraft.quartz_stairs":389,"stat.mineBlock.minecraft.carpet":849,"stat.pickup.minecraft.gold_block":617,"stat.drop.minecraft.fence":1,"stat.mineBlock.minecraft.redstone_block":232,"stat.useItem.minecraft.stone_shovel":83,"stat.pickup.minecraft.clay":1,"stat.pickup.minecraft.glass_bottle":130,"stat.useItem.minecraft.red_mushroom":28,"stat.drop.minecraft.wheat_seeds":268,"stat.craftItem.minecraft.wooden_slab":12525,"stat.useItem.minecraft.sign":1680,"stat.drop.minecraft.log":215,"stat.pickup.minecraft.mutton":115,"achievement.theEnd":142,"stat.useItem.minecraft.lever":713,"stat.mineBlock.minecraft.coal_block":16,"stat.pickup.minecraft.dark_oak_door":5,"stat.drop.minecraft.golden_boots":21,"stat.craftItem.minecraft.red_sandstone":80,"stat.pickup.minecraft.stonebrick":15628,"stat.pickup.minecraft.redstone_lamp":371,"stat.drop.minecraft.beetroot_seeds":9,"stat.useItem.minecraft.acacia_stairs":6,"stat.mineBlock.minecraft.nether_brick":60,"stat.craftItem.minecraft.nether_brick_fence":6,"stat.pickup.minecraft.snow_layer":214,"stat.drop.minecraft.log2":206,"stat.useItem.minecraft.purpur_pillar":2,"stat.craftItem.minecraft.brick_block":131,"stat.craftItem.minecraft.stone_slab2":30,"stat.drop.minecraft.anvil":5,"stat.drop.minecraft.potion":22,"stat.useItem.minecraft.stone_slab":56483,"stat.useItem.minecraft.bed":121,"stat.craftItem.minecraft.stone":8377,"stat.craftItem.minecraft.armor_stand":568,"stat.mineBlock.minecraft.crafting_table":967,"stat.useItem.minecraft.diamond_pickaxe":717852,"stat.mineBlock.minecraft.quartz_block":1009,"stat.useItem.minecraft.carrot":675,"stat.killEntity.Endermite":77,"stat.useItem.minecraft.wooden_shovel":9,"stat.useItem.minecraft.bucket":4988,"achievement.buildFurnace":1034,"stat.craftItem.minecraft.pink_glazed_terracotta":128,"stat.pickup.minecraft.stone_button":295,"stat.pickup.minecraft.slime_ball":1549,"stat.drop.minecraft.blaze_rod":6,"stat.useItem.minecraft.purpur_block":14,"stat.mineBlock.minecraft.cyan_shulker_box":149,"stat.craftItem.minecraft.diamond_pickaxe":9,"stat.craftItem.minecraft.jukebox":1,"stat.pickup.minecraft.gravel":26083,"stat.useItem.minecraft.glass_bottle":615,"stat.useItem.minecraft.diamond_axe":28284,"stat.pickup.minecraft.purpur_stairs":1,"stat.drop.minecraft.spruce_boat":2,"stat.pickup.minecraft.red_shulker_box":115,"stat.useItem.minecraft.stained_glass_pane":3880,"stat.pickup.minecraft.stone_brick_stairs":3065,"stat.drop.minecraft.cooked_porkchop":36,"stat.craftItem.minecraft.brick_stairs":8,"stat.pickup.minecraft.diamond_sword":34,"stat.pickup.minecraft.brick":867,"stat.useItem.minecraft.bedrock":36,"stat.killEntity.SkeletonHorse":1,"stat.useItem.minecraft.wooden_hoe":28,"stat.pickup.minecraft.iron_helmet":26,"stat.craftItem.minecraft.birch_boat":152,"stat.pickup.minecraft.black_shulker_box":82,"stat.useItem.minecraft.piston":301,"stat.craftItem.minecraft.bread":11,"stat.pickup.minecraft.spider_eye":1535,"stat.useItem.minecraft.stone_button":551,"stat.pickup.minecraft.diamond_ore":514,"stat.mineBlock.minecraft.magenta_shulker_box":61,"stat.useItem.minecraft.cooked_chicken":4637,"stat.craftItem.minecraft.end_crystal":12,"stat.pickup.minecraft.iron_ore":6351,"stat.pickup.minecraft.snow":1817,"stat.craftItem.minecraft.green_glazed_terracotta":128,"stat.mineBlock.minecraft.iron_bars":159,"stat.pickup.minecraft.leaves":21997,"stat.pickup.minecraft.leather":2606,"stat.useItem.minecraft.wooden_pickaxe":47,"stat.dispenserInspected":415,"stat.mineBlock.minecraft.mycelium":19,"stat.pickup.minecraft.reeds":2322,"stat.pickup.minecraft.prismarine_crystals":28,"stat.useItem.minecraft.magma":11,"stat.craftItem.minecraft.glass":20214,"stat.drop.minecraft.cooked_chicken":55,"stat.craftItem.minecraft.cauldron":46,"stat.sleepInBed":1402,"stat.craftItem.minecraft.baked_potato":2093,"stat.killEntity.Cow":521,"stat.pickup.minecraft.minecart":160,"stat.killEntity.Pig":8,"stat.craftItem.minecraft.iron_sword":14,"stat.pickup.minecraft.piston":519,"stat.breakItem.minecraft.fishing_rod":2,"stat.walkOneCm":133997922,"stat.playerKills":12,"stat.pickup.minecraft.clay_ball":3490,"stat.mineBlock.minecraft.trapped_chest":107,"stat.useItem.minecraft.dark_oak_fence_gate":7,"stat.pickup.minecraft.purpur_slab":4,"stat.useItem.minecraft.spruce_boat":88,"stat.drop.minecraft.diamond_axe":1,"stat.pickup.minecraft.tnt":9,"stat.drop.minecraft.iron_chestplate":200,"stat.pickup.minecraft.stone":287259,"stat.mineBlock.minecraft.wool":617,"stat.drop.minecraft.slime":21,"stat.pickup.minecraft.silver_glazed_terracotta":242,"stat.drop.minecraft.diamond_leggings":1,"stat.craftItem.minecraft.hay_block":173,"stat.mineBlock.minecraft.packed_ice":1363,"stat.useItem.minecraft.leaves":14044,"stat.craftItem.minecraft.minecart":65,"stat.pickup.minecraft.gold_ingot":339,"stat.useItem.minecraft.prismarine":2,"stat.killEntity.Skeleton":4895,"stat.mineBlock.minecraft.cactus":290,"stat.drop.minecraft.chainmail_boots":8,"stat.pickup.minecraft.netherbrick":1,"stat.mineBlock.minecraft.redstone_torch":209,"stat.killEntity.Spider":172,"stat.pickup.minecraft.bread":2,"stat.drop.minecraft.end_rod":33,"stat.craftItem.minecraft.spruce_fence":1017,"stat.pickup.minecraft.quartz":38861,"stat.pickup.minecraft.birch_fence":158,"stat.pickup.minecraft.blue_glazed_terracotta":128,"stat.pickup.minecraft.water_bucket":100,"stat.useItem.minecraft.hopper_minecart":12,"stat.pickup.minecraft.spruce_stairs":518,"stat.mineBlock.minecraft.redstone_ore":3047,"stat.pickup.minecraft.lava_bucket":73,"stat.pickup.minecraft.elytra":32,"stat.craftItem.minecraft.coal_block":555,"stat.drop.minecraft.beef":7,"stat.craftItem.minecraft.brick":1596,"stat.mineBlock.minecraft.stone":378692,"stat.useItem.minecraft.sandstone":13903}