{"stat.useItem.minecraft.painting":489,"stat.useItem.minecraft.quartz_block":1365,"stat.drop.minecraft.gunpowder":146,"stat.mineBlock.minecraft.stained_glass":1720,"stat.bannerCleaned":86,"stat.mineBlock.minecraft.web":430,"achievement.snipeSkeleton":8,"stat.drop.minecraft.coal_block":68,"stat.drop.minecraft.iron_sword":1,"stat.pickup.minecraft.rotten_flesh":6756,"stat.useItem.minecraft.diamond_hoe":82,"stat.useItem.minecraft.rail":1326,"stat.craftItem.minecraft.iron_shovel":6,"stat.mineBlock.minecraft.emerald_block":28,"achievement.buildPickaxe":89,"stat.breakItem.minecraft.bow":2,"stat.mineBlock.minecraft.end_stone":16516,"stat.pickup.minecraft.stained_hardened_clay":77133,"stat.pickup.minecraft.double_plant":2199,"stat.craftItem.minecraft.glass_pane":64,"stat.useItem.minecraft.hardened_clay":19805,"stat.drop.minecraft.diamond_chestplate":1,"stat.mineBlock.minecraft.sticky_piston":606,"stat.furnaceInteraction":5040,"stat.mineBlock.minecraft.chorus_plant":42,"stat.pickup.minecraft.nether_brick":1295,"stat.pickup.minecraft.sponge":159,"stat.useItem.minecraft.green_shulker_box":103,"stat.drop.minecraft.cactus":9,"stat.useItem.minecraft.red_sandstone":8223,"stat.pickup.minecraft.hay_block":101,"stat.pickup.minecraft.cyan_shulker_box":195,"stat.drop.minecraft.furnace":2,"stat.craftItem.minecraft.daylight_detector":37,"stat.mineBlock.minecraft.sponge":153,"stat.useItem.minecraft.cauldron":91,"stat.useItem.minecraft.flint_and_steel":507,"stat.useItem.minecraft.wheat_seeds":2989,"stat.mineBlock.minecraft.sea_lantern":74,"stat.killEntity.Husk":41,"stat.pickup.minecraft.emerald":67,"stat.craftItem.minecraft.dark_oak_boat":13,"stat.pickup.minecraft.egg":1475,"stat.craftItem.minecraft.melon_seeds":24,"stat.craftItem.minecraft.item_frame":306,"stat.craftItem.minecraft.iron_pickaxe":39,"stat.pickup.minecraft.glass_pane":121,"stat.pickup.minecraft.item_frame":389,"stat.pickup.minecraft.sea_lantern":342,"stat.craftItem.minecraft.repeater":786,"stat.drop.minecraft.iron_ingot":53,"stat.mineBlock.minecraft.light_weighted_pressure_plate":6,"stat.craftItem.minecraft.cooked_mutton":49,"stat.chestOpened":64582,"stat.useItem.minecraft.jungle_fence":121,"stat.drop.minecraft.experience_bottle":57,"stat.killEntity.Vex":5,"stat.pickup.minecraft.lapis_ore":41,"stat.craftItem.minecraft.coal":1652,"stat.pickup.minecraft.carrot":12689,"stat.drop.minecraft.stone_sword":24,"stat.pickup.minecraft.rail":976,"stat.craftItem.minecraft.diamond":1400,"stat.mineBlock.minecraft.wooden_pressure_plate":55,"stat.pickup.minecraft.jungle_door":7,"stat.useItem.minecraft.light_blue_shulker_box":104,"stat.pickup.minecraft.wooden_pickaxe":1,"stat.mineBlock.minecraft.log2":19907,"stat.drop.minecraft.double_plant":7,"stat.pickup.minecraft.dye":6656,"stat.mineBlock.minecraft.jungle_fence":4,"stat.pickup.minecraft.planks":8045,"stat.mineBlock.minecraft.blue_glazed_terracotta":38,"stat.drop.minecraft.soul_sand":10,"stat.drop.minecraft.carpet":41,"stat.craftItem.minecraft.magma":298,"stat.mineBlock.minecraft.daylight_detector":21,"stat.killEntity.VindicationIllager":2,"stat.drop.minecraft.rotten_flesh":736,"stat.pickup.minecraft.magma":5798,"stat.useItem.minecraft.jungle_fence_gate":5,"stat.pickup.minecraft.tipped_arrow":74,"stat.pickup.minecraft.end_stone":16015,"stat.drop.minecraft.trapped_chest":5,"stat.craftItem.minecraft.planks":80044,"stat.useItem.minecraft.iron_sword":1123,"stat.craftItem.minecraft.dirt":2000,"stat.useItem.minecraft.daylight_detector":69,"stat.craftItem.minecraft.wooden_door":210,"stat.mineBlock.minecraft.waterlily":171,"stat.pickup.minecraft.orange_glazed_terracotta":110,"stat.pickup.minecraft.iron_door":82,"stat.drop.minecraft.leather_leggings":1,"stat.pickup.minecraft.cooked_fish":423,"stat.pickup.minecraft.lingering_potion":1,"stat.pickup.minecraft.spruce_fence_gate":14,"stat.drop.minecraft.cyan_shulker_box":41,"stat.mineBlock.minecraft.cobblestone":5973,"stat.useItem.minecraft.beacon":90,"stat.pickup.minecraft.flint":1181,"stat.drop.minecraft.beacon":1,"stat.pickup.minecraft.flower_pot":29,"stat.pickup.minecraft.lime_shulker_box":45,"stat.useItem.minecraft.coal_block":4867,"stat.breakItem.minecraft.iron_pickaxe":35,"stat.mineBlock.minecraft.dropper":116,"stat.pickup.minecraft.iron_boots":13,"stat.pickup.minecraft.stone_hoe":3,"stat.craftItem.minecraft.lapis_block":252,"stat.pickup.minecraft.map":1,"stat.craftItem.minecraft.iron_boots":3,"stat.useItem.minecraft.spruce_fence_gate":53,"stat.mineBlock.minecraft.clay":1091,"stat.pickup.minecraft.diamond_leggings":53,"stat.drop.minecraft.chainmail_chestplate":2,"stat.useItem.minecraft.melon_block":90,"stat.useItem.minecraft.wooden_slab":11798,"stat.craftItem.minecraft.iron_block":1933,"stat.craftItem.minecraft.stonebrick":12116,"stat.pickup.minecraft.light_blue_glazed_terracotta":13,"stat.drop.minecraft.stained_glass":45,"stat.drop.minecraft.flint_and_steel":2,"stat.drop.minecraft.wool":200,"stat.killEntity.Creeper":748,"stat.useItem.minecraft.armor_stand":100,"stat.useItem.minecraft.silver_shulker_box":63,"stat.drop.minecraft.ender_chest":1,"stat.drop.minecraft.obsidian":72,"achievement.buildSword":62,"stat.drop.minecraft.oak_stairs":12,"stat.pickup.minecraft.birch_stairs":206,"stat.killEntity.Squid":410,"stat.sprintOneCm":219471157,"stat.drop.minecraft.leather":4,"stat.pickup.minecraft.leather_leggings":47,"stat.craftItem.minecraft.redstone_lamp":137,"stat.pickup.minecraft.sugar":13,"stat.pickup.minecraft.iron_block":5861,"stat.killEntity.Zombie":5375,"stat.drop.minecraft.diamond_pickaxe":13,"stat.craftItem.minecraft.slime_ball":729,"stat.craftItem.minecraft.cooked_porkchop":101,"stat.pickup.minecraft.obsidian":49275,"stat.pickup.minecraft.coal":18881,"stat.drop.minecraft.diamond_sword":12,"stat.pickup.minecraft.dirt":47491,"stat.useItem.minecraft.coal_ore":205,"stat.craftItem.minecraft.sponge":13,"stat.useItem.minecraft.light_weighted_pressure_plate":35,"stat.mineBlock.minecraft.lapis_ore":267,"stat.pickup.minecraft.red_sandstone":2154,"stat.pickup.minecraft.iron_axe":7,"stat.useItem.minecraft.acacia_door":32,"stat.pickup.minecraft.magma_cream":1581,"stat.noteblockTuned":1390,"stat.pickup.minecraft.ender_eye":22,"stat.craftItem.minecraft.comparator":301,"stat.craftItem.minecraft.glowstone":459,"stat.drop.minecraft.nether_star":1,"stat.useItem.minecraft.slime":289,"stat.mineBlock.minecraft.fence_gate":7,"stat.drop.minecraft.emerald_block":1,"stat.mineBlock.minecraft.birch_fence":54,"stat.pickup.minecraft.green_shulker_box":141,"stat.drop.minecraft.wheat":15,"stat.drop.minecraft.noteblock":1,"stat.pickup.minecraft.diamond_pickaxe":82,"stat.useItem.minecraft.pumpkin":920,"stat.pickup.minecraft.rabbit_foot":7,"stat.craftItem.minecraft.spectral_arrow":278,"stat.drop.minecraft.netherrack":1691,"stat.drop.minecraft.egg":122,"stat.useItem.minecraft.redstone_ore":134,"stat.pickup.minecraft.cooked_beef":524,"stat.drop.minecraft.nether_brick":66,"stat.drop.minecraft.lever":12,"stat.pickup.minecraft.dark_oak_stairs":255,"stat.pickup.minecraft.beetroot_seeds":920,"achievement.bookcase":126,"stat.craftItem.minecraft.nether_brick_stairs":832,"stat.useItem.minecraft.bookshelf":198,"stat.useItem.minecraft.soul_sand":11435,"stat.killEntity.Blaze":3783,"stat.drop.minecraft.skull":12,"stat.mineBlock.minecraft.white_shulker_box":154,"achievement.overpowered":2,"stat.drop.minecraft.poisonous_potato":3,"stat.mineBlock.minecraft.nether_brick_fence":226,"stat.drop.minecraft.golden_leggings":4,"stat.mineBlock.minecraft.sand":86143,"stat.craftItem.minecraft.wooden_hoe":4,"stat.useItem.minecraft.fence_gate":41,"stat.trappedChestTriggered":4549,"stat.mineBlock.minecraft.gray_shulker_box":223,"stat.drop.minecraft.rail":28,"stat.craftItem.minecraft.magma_cream":5,"stat.drop.minecraft.spruce_door":2,"stat.craftItem.minecraft.acacia_stairs":336,"stat.craftItem.minecraft.observer":171,"stat.craftItem.minecraft.pumpkin_seeds":8,"stat.pickup.minecraft.wooden_button":280,"stat.mineBlock.minecraft.lapis_block":16,"stat.drop.minecraft.stained_hardened_clay":2465,"stat.drop.minecraft.fishing_rod":2,"stat.drop.minecraft.prismarine_shard":2,"stat.pickup.minecraft.stone_stairs":153,"stat.drop.minecraft.jungle_boat":1,"stat.drop.minecraft.snowball":7,"stat.pickup.minecraft.saddle":67,"stat.pickup.minecraft.mycelium":2110,"stat.useItem.minecraft.furnace_minecart":2,"stat.craftItem.minecraft.diamond_block":272,"stat.useItem.minecraft.gray_glazed_terracotta":3,"stat.drop.minecraft.packed_ice":2,"stat.pickup.minecraft.waterlily":386,"stat.pickup.minecraft.detector_rail":10,"stat.useItem.minecraft.packed_ice":1921,"stat.pickup.minecraft.brick_stairs":2,"stat.mineBlock.minecraft.gold_block":377,"stat.drop.minecraft.stone":3571,"stat.useItem.minecraft.trapped_chest":231,"stat.pickup.minecraft.melon_seeds":42,"stat.drop.minecraft.gold_ore":2,"stat.pickup.minecraft.dropper":117,"stat.useItem.minecraft.black_shulker_box":6,"stat.pickup.minecraft.golden_leggings":31,"stat.pickup.minecraft.melon":1228,"stat.drop.minecraft.stained_glass_pane":5,"stat.pickup.minecraft.heavy_weighted_pressure_plate":35,"stat.useItem.minecraft.furnace":343,"stat.mineBlock.minecraft.gravel":9217,"stat.drop.minecraft.diamond_hoe":1,"stat.useItem.minecraft.wool":3090,"stat.breakItem.minecraft.diamond_axe":2,"stat.drop.minecraft.iron_axe":1,"stat.pickup.minecraft.flint_and_steel":9,"stat.mineBlock.minecraft.green_shulker_box":104,"stat.craftItem.minecraft.redstone_block":970,"stat.pickup.minecraft.birch_fence_gate":185,"stat.craftItem.minecraft.stone_stairs":236,"stat.pickup.minecraft.crafting_table":513,"stat.drop.minecraft.tallgrass":4,"stat.pickup.minecraft.iron_hoe":6,"stat.pickup.minecraft.redstone_block":856,"stat.craftItem.minecraft.stone_button":372,"stat.pickup.minecraft.web":206,"stat.drop.minecraft.gray_shulker_box":60,"stat.useItem.minecraft.deadbush":122,"stat.useItem.minecraft.birch_door":1,"stat.breakItem.minecraft.wooden_hoe":1,"stat.pickup.minecraft.golden_sword":59,"stat.craftItem.minecraft.sugar":147,"stat.drop.minecraft.bucket":4,"stat.craftItem.minecraft.spruce_fence_gate":205,"stat.useItem.minecraft.baked_potato":92,"stat.pickup.minecraft.stone_slab":7901,"stat.pickup.minecraft.golden_rail":496,"stat.craftItem.minecraft.jungle_door":135,"stat.drop.minecraft.stone_pickaxe":1,"stat.useItem.minecraft.brick_stairs":2,"stat.craftItem.minecraft.sticky_piston":654,"stat.drop.minecraft.tripwire_hook":29,"stat.useItem.minecraft.log2":7066,"stat.mineBlock.minecraft.slime":239,"stat.drop.minecraft.red_mushroom":9,"stat.mineBlock.minecraft.black_shulker_box":6,"stat.breakItem.minecraft.shield":3,"stat.mineBlock.minecraft.brown_mushroom":68,"stat.useItem.minecraft.diamond_sword":30559,"stat.climbOneCm":3572494,"stat.drop.minecraft.sticky_piston":6,"stat.useItem.minecraft.end_rod":1377,"stat.craftItem.minecraft.gold_block":190,"stat.useItem.minecraft.redstone_torch":1375,"stat.craftItem.minecraft.purple_shulker_box":157,"stat.useItem.minecraft.red_flower":141,"stat.pickup.minecraft.cooked_rabbit":4,"stat.pickup.minecraft.daylight_detector":57,"stat.drop.minecraft.web":15,"stat.craftItem.minecraft.bone_block":1540,"stat.useItem.minecraft.magenta_shulker_box":99,"stat.pickup.minecraft.anvil":89,"stat.useItem.minecraft.leaves2":271,"stat.useItem.minecraft.iron_ore":73,"stat.craftItem.minecraft.stone_pickaxe":1,"stat.pickup.minecraft.cobblestone":81504,"stat.craftItem.minecraft.dispenser":248,"stat.pickup.minecraft.acacia_boat":8,"stat.mineBlock.minecraft.iron_ore":3152,"stat.useItem.minecraft.noteblock":214,"stat.drop.minecraft.coal":2,"stat.drop.minecraft.dirt":718,"stat.pickup.minecraft.iron_shovel":20,"stat.pickup.minecraft.trapdoor":829,"stat.craftItem.minecraft.acacia_fence":822,"stat.pickup.minecraft.jungle_stairs":501,"stat.useItem.minecraft.chest_minecart":24,"stat.craftItem.minecraft.snow_layer":1758,"stat.pickup.minecraft.silver_shulker_box":64,"stat.pickup.minecraft.paper":243,"stat.pickup.minecraft.jungle_fence_gate":156,"stat.breakItem.minecraft.iron_hoe":1,"stat.pickup.minecraft.golden_horse_armor":1,"stat.drop.minecraft.tipped_arrow":2,"stat.breakItem.minecraft.shears":60,"stat.mineBlock.minecraft.planks":4610,"stat.drop.minecraft.redstone_block":52,"stat.pickup.minecraft.golden_chestplate":33,"stat.useItem.minecraft.melon_seeds":20,"stat.pickup.minecraft.purpur_pillar":170,"stat.craftItem.minecraft.piston":622,"stat.useItem.minecraft.quartz_stairs":264,"stat.useItem.minecraft.lime_shulker_box":38,"stat.pickup.minecraft.purple_shulker_box":697,"stat.useItem.minecraft.apple":168,"stat.drop.minecraft.chainmail_helmet":7,"stat.useItem.minecraft.porkchop":6,"stat.useItem.minecraft.carpet":3840,"stat.useItem.minecraft.potion":201,"stat.pickup.minecraft.fence":301,"stat.useItem.minecraft.stone_axe":173,"stat.craftItem.minecraft.iron_helmet":7,"stat.craftItem.minecraft.rail":1040,"stat.boatOneCm":9967103,"stat.mineBlock.minecraft.furnace":217,"stat.pickup.minecraft.prismarine_shard":23,"stat.drop.minecraft.stone_button":7,"stat.pickup.minecraft.end_crystal":6,"stat.drop.minecraft.water_bucket":1,"stat.killEntity.CaveSpider":4084,"stat.craftItem.minecraft.birch_fence":972,"stat.damageDealt":1430334,"stat.craftItem.minecraft.anvil":173,"stat.pickup.minecraft.end_bricks":1104,"stat.mineBlock.minecraft.nether_brick_stairs":739,"stat.useItem.minecraft.crafting_table":641,"stat.drop.minecraft.silver_shulker_box":63,"achievement.enchantments":10,"stat.craftItem.minecraft.birch_fence_gate":174,"stat.craftItem.minecraft.diamond_boots":6,"stat.drop.minecraft.brown_shulker_box":400,"stat.drop.minecraft.leather_chestplate":6,"stat.useItem.minecraft.spruce_stairs":508,"stat.craftItem.minecraft.redstone":10855,"stat.useItem.minecraft.cactus":33,"stat.drop.minecraft.purpur_block":6,"stat.killEntity.Chicken":538,"stat.drop.minecraft.yellow_shulker_box":129,"stat.pickup.minecraft.yellow_glazed_terracotta":4,"stat.craftItem.minecraft.fence":1128,"stat.mineBlock.minecraft.leaves":10326,"stat.mineBlock.minecraft.piston":2088,"stat.mineBlock.minecraft.bone_block":358,"stat.mineBlock.minecraft.hay_block":100,"stat.drop.minecraft.lime_shulker_box":65,"stat.craftItem.minecraft.tripwire_hook":200,"stat.beaconInteraction":224,"stat.pickup.minecraft.wooden_slab":3476,"stat.craftItem.minecraft.diamond_hoe":1,"stat.leaveGame":1383,"stat.pickup.minecraft.stone_slab2":80,"stat.useItem.minecraft.glowstone":1507,"stat.craftItem.minecraft.ender_eye":319,"stat.killEntity.PigZombie":493,"stat.craftItem.minecraft.shield":27,"stat.entityKilledBy.PigZombie":2,"stat.mineBlock.minecraft.birch_fence_gate":209,"stat.mineBlock.minecraft.red_sandstone":1900,"stat.pickup.minecraft.leaves2":553,"stat.useItem.minecraft.sandstone_stairs":105,"stat.pickup.minecraft.brick_block":73,"stat.useItem.minecraft.activator_rail":2,"achievement.diamondsToYou":24,"stat.craftItem.minecraft.noteblock":325,"stat.useItem.minecraft.purpur_stairs":775,"stat.killEntity.Witch":84,"stat.drop.minecraft.tnt":7,"stat.craftItem.minecraft.wooden_pickaxe":2,"stat.craftItem.minecraft.iron_door":33,"stat.useItem.minecraft.iron_shovel":501,"stat.drop.minecraft.chainmail_leggings":1,"stat.pickup.minecraft.firework_charge":84,"stat.mineBlock.minecraft.hopper":520,"stat.mineBlock.minecraft.rail":428,"stat.noteblockPlayed":535,"stat.drop.minecraft.red_flower":80,"stat.pickup.minecraft.prismarine":253,"stat.pickup.minecraft.cauldron":32,"stat.useItem.minecraft.stained_glass":3042,"stat.useItem.minecraft.ice":1802,"achievement.openInventory":59593,"stat.pickup.minecraft.potion":119,"stat.drop.minecraft.netherbrick":3,"stat.useItem.minecraft.nether_brick":1684,"stat.drop.minecraft.torch":133,"achievement.potion":1103,"stat.useItem.minecraft.cooked_rabbit":13,"stat.drop.minecraft.quartz_ore":2,"stat.useItem.minecraft.stone":24483,"stat.pickup.minecraft.arrow":5513,"stat.pickup.minecraft.wooden_pressure_plate":92,"stat.useItem.minecraft.white_shulker_box":159,"stat.pickup.minecraft.painting":422,"stat.mineBlock.minecraft.concrete_powder":252,"stat.useItem.minecraft.emerald_ore":4,"stat.pickup.minecraft.gray_shulker_box":233,"stat.pickup.minecraft.orange_shulker_box":230,"stat.pickup.minecraft.birch_boat":268,"stat.craftItem.minecraft.diamond_shovel":3,"stat.useItem.minecraft.enchanting_table":16,"stat.pickup.minecraft.pink_shulker_box":102,"stat.mineBlock.minecraft.dirt":57047,"stat.drop.minecraft.paper":5,"stat.useItem.minecraft.bread":137,"stat.useItem.minecraft.gravel":303,"stat.mineBlock.minecraft.double_plant":113,"stat.drop.minecraft.chicken":150,"stat.craftItem.minecraft.gold_ingot":760,"stat.mineBlock.minecraft.silver_shulker_box":62,"stat.craftItem.minecraft.brewing_stand":39,"stat.useItem.minecraft.tallgrass":469,"stat.useItem.minecraft.fireworks":560,"achievement.portal":2497,"stat.killEntity.ElderGuardian":4,"stat.mineBlock.minecraft.log":44551,"stat.useItem.minecraft.spruce_door":45,"stat.drop.minecraft.bone_block":1,"stat.pickup.minecraft.wool":15933,"stat.useItem.minecraft.chorus_fruit":31,"stat.useItem.minecraft.wooden_axe":22,"stat.pickup.minecraft.red_sandstone_stairs":382,"stat.cakeSlicesEaten":69,"stat.craftItem.minecraft.cooked_rabbit":17,"stat.craftItem.minecraft.diamond_leggings":11,"stat.mineBlock.minecraft.acacia_stairs":13,"stat.useItem.minecraft.skull":148,"stat.craftItem.minecraft.wool":586,"stat.useItem.minecraft.snow":1115,"stat.pickup.minecraft.enchanted_book":78,"achievement.buildWorkBench":354,"stat.pickup.minecraft.writable_book":37,"stat.useItem.minecraft.obsidian":45708,"stat.useItem.minecraft.cookie":26,"stat.pickup.minecraft.bow":377,"stat.craftItem.minecraft.dark_oak_door":168,"stat.drop.minecraft.birch_boat":6,"stat.mineBlock.minecraft.detector_rail":4,"stat.craftItem.minecraft.spruce_boat":2,"stat.pickup.minecraft.pumpkin_pie":100,"stat.pickup.minecraft.nether_wart_block":99,"stat.pickup.minecraft.coal_ore":680,"stat.pickup.minecraft.iron_trapdoor":237,"stat.craftItem.minecraft.red_sandstone_stairs":556,"stat.pickup.minecraft.nether_brick_stairs":714,"stat.craftItem.minecraft.furnace_minecart":2,"stat.craftItem.minecraft.stained_glass":2536,"stat.timeSinceDeath":3056629,"stat.craftItem.minecraft.painting":69,"stat.cauldronFilled":110,"stat.killEntity.Bat":15,"stat.useItem.minecraft.potato":6483,"stat.pickup.minecraft.chainmail_helmet":21,"stat.pickup.minecraft.nether_wart":24321,"stat.mineBlock.minecraft.enchanting_table":6,"stat.pickup.minecraft.spruce_fence":657,"stat.killEntity.Wolf":1,"stat.craftItem.minecraft.stone_hoe":4,"stat.mineBlock.minecraft.ladder":687,"stat.useItem.minecraft.written_book":320,"stat.mineBlock.minecraft.chorus_flower":10,"stat.useItem.minecraft.diamond_shovel":175465,"stat.craftItem.minecraft.wooden_axe":2,"stat.mineBlock.minecraft.diamond_ore":255,"stat.craftItem.minecraft.wooden_pressure_plate":374,"stat.craftItem.minecraft.speckled_melon":59,"stat.useItem.minecraft.diamond_ore":27,"stat.useItem.minecraft.cyan_shulker_box":189,"stat.pickup.minecraft.snowball":2473,"stat.mineBlock.minecraft.brown_glazed_terracotta":7,"stat.killEntity.Guardian":4,"stat.useItem.minecraft.sticky_piston":1516,"achievement.buildHoe":28,"stat.drop.minecraft.ladder":26,"stat.pickup.minecraft.stained_glass_pane":910,"stat.useItem.minecraft.rotten_flesh":265,"stat.craftItem.minecraft.diamond_sword":4,"stat.drop.minecraft.sandstone":13,"stat.pickup.minecraft.white_shulker_box":171,"stat.pickup.minecraft.hopper_minecart":3,"stat.mineBlock.minecraft.observer":106,"stat.drop.minecraft.glowstone":53,"stat.craftItem.minecraft.fermented_spider_eye":112,"stat.mineBlock.minecraft.purpur_block":172,"stat.pickup.minecraft.gold_ore":695,"achievement.blazeRod":2320,"stat.mineBlock.minecraft.glass_pane":50,"stat.damageTaken":594174,"stat.useItem.minecraft.red_shulker_box":383,"stat.mineBlock.minecraft.sapling":333,"stat.pickup.minecraft.log2":21963,"stat.mineBlock.minecraft.sandstone_stairs":67,"stat.pickup.minecraft.bed":87,"stat.pickup.minecraft.concrete":5742,"stat.pickup.minecraft.acacia_fence":214,"stat.pickup.minecraft.potato":11915,"stat.entityKilledBy.Zombie":3,"stat.useItem.minecraft.birch_fence_gate":231,"stat.drop.minecraft.orange_shulker_box":51,"stat.pickup.minecraft.baked_potato":21,"stat.pickup.minecraft.ender_pearl":24796,"stat.useItem.minecraft.netherrack":5362,"stat.craftItem.minecraft.stained_glass_pane":1595,"stat.mineBlock.minecraft.tnt":205,"stat.craftItem.minecraft.bookshelf":175,"stat.mineBlock.minecraft.gray_glazed_terracotta":3,"stat.craftItem.minecraft.shears":120,"stat.breakItem.minecraft.diamond_shovel":1,"stat.pickup.minecraft.torch":6892,"stat.drop.minecraft.diamond_shovel":7,"stat.pickup.minecraft.spruce_boat":42,"stat.drop.minecraft.arrow":261,"stat.craftItem.minecraft.iron_axe":6,"stat.killEntity.Ozelot":5,"stat.mineBlock.minecraft.purple_shulker_box":676,"stat.useItem.minecraft.mutton":4,"stat.pickup.minecraft.fishing_rod":101,"stat.useItem.minecraft.planks":12711,"stat.useItem.minecraft.nether_brick_stairs":1727,"stat.pickup.minecraft.blaze_powder":105,"stat.drop.minecraft.melon":20,"stat.useItem.minecraft.red_sandstone_stairs":746,"stat.pickup.minecraft.sand":79202,"stat.craftItem.minecraft.golden_apple":1,"stat.useItem.minecraft.red_nether_brick":2943,"achievement.diamonds":323,"stat.pickup.minecraft.activator_rail":11,"stat.aviateOneCm":791577956,"stat.drop.minecraft.golden_sword":5,"stat.useItem.minecraft.red_glazed_terracotta":357,"stat.craftItem.minecraft.golden_carrot":209,"stat.mineBlock.minecraft.dark_oak_stairs":260,"stat.pickup.minecraft.fence_gate":8,"stat.mineBlock.minecraft.birch_stairs":128,"stat.pickup.minecraft.furnace":233,"stat.drop.minecraft.pink_shulker_box":10,"stat.mineBlock.minecraft.redstone_lamp":114,"stat.pickup.minecraft.end_rod":464,"stat.pickup.minecraft.cyan_glazed_terracotta":18,"stat.useItem.minecraft.stone_stairs":201,"stat.pickup.minecraft.skull":251,"stat.pickup.minecraft.acacia_door":13,"stat.drop.minecraft.golden_carrot":1,"stat.playOneMinute":96270167,"stat.pickup.minecraft.beacon":71,"stat.mineBlock.minecraft.brown_mushroom_block":1515,"stat.pickup.minecraft.dispenser":206,"stat.craftItem.minecraft.pumpkin_pie":53,"stat.mineBlock.minecraft.dark_oak_fence":154,"stat.mineBlock.minecraft.netherrack":27234,"stat.mineBlock.minecraft.dispenser":207,"stat.drop.minecraft.flint":4,"stat.craftItem.minecraft.iron_nugget":333,"stat.fallOneCm":16226495,"stat.drop.minecraft.dye":16,"stat.craftItem.minecraft.chest":2160,"stat.craftItem.minecraft.banner":1627,"stat.mineBlock.minecraft.lever":158,"stat.craftItem.minecraft.end_bricks":5196,"stat.pickup.minecraft.feather":5850,"stat.mineBlock.minecraft.red_nether_brick":489,"stat.drop.minecraft.concrete":4,"achievement.fullBeacon":36,"stat.pickup.minecraft.lead":99,"stat.useItem.minecraft.stone_pickaxe":47,"stat.craftItem.minecraft.birch_stairs":716,"stat.useItem.minecraft.orange_shulker_box":224,"stat.killEntity.Rabbit":47,"stat.craftItem.minecraft.oak_stairs":764,"stat.useItem.minecraft.iron_bars":3859,"stat.drop.minecraft.light_blue_shulker_box":55,"stat.pickup.minecraft.log":40388,"achievement.theEnd2":1,"stat.useItem.minecraft.brown_glazed_terracotta":15,"stat.breakItem.minecraft.iron_boots":1,"stat.craftItem.minecraft.hopper_minecart":33,"stat.pickup.minecraft.chainmail_leggings":8,"stat.pickup.minecraft.wooden_door":25,"stat.mineBlock.minecraft.tripwire_hook":168,"stat.craftItem.minecraft.flower_pot":94,"stat.craftItem.minecraft.golden_boots":7,"stat.sneakTime":5256142,"stat.mineBlock.minecraft.yellow_shulker_box":54,"stat.useItem.minecraft.brewing_stand":51,"stat.craftItem.minecraft.enchanting_table":10,"stat.useItem.minecraft.lapis_block":24,"stat.drop.minecraft.sugar":4,"stat.pickup.minecraft.stone_pressure_plate":79,"stat.craftItem.minecraft.iron_trapdoor":228,"stat.swimOneCm":6419133,"stat.mineBlock.minecraft.spruce_stairs":387,"stat.useItem.minecraft.dirt":45850,"stat.drop.minecraft.ender_pearl":5507,"stat.mineBlock.minecraft.carpet":1089,"stat.drop.minecraft.fence":1,"stat.pickup.minecraft.clay":840,"stat.pickup.minecraft.glass_bottle":255,"stat.drop.minecraft.log":391,"stat.pickup.minecraft.mutton":85,"stat.useItem.minecraft.lever":628,"stat.mineBlock.minecraft.coal_block":894,"stat.pickup.minecraft.dark_oak_door":9,"stat.craftItem.minecraft.red_sandstone":10279,"stat.pickup.minecraft.stonebrick":6902,"stat.pickup.minecraft.redstone_lamp":169,"stat.useItem.minecraft.purpur_pillar":157,"stat.drop.minecraft.anvil":1,"stat.pickup.minecraft.gray_glazed_terracotta":3,"stat.useItem.minecraft.stone_slab":15600,"stat.craftItem.minecraft.jungle_fence_gate":195,"stat.useItem.minecraft.bed":112,"stat.craftItem.minecraft.armor_stand":31,"stat.mineBlock.minecraft.quartz_block":946,"stat.killEntity.Endermite":57,"stat.useItem.minecraft.bucket":4117,"stat.drop.minecraft.spruce_fence_gate":1,"stat.pickup.minecraft.stone_button":1912,"stat.mineBlock.minecraft.cyan_shulker_box":186,"stat.craftItem.minecraft.clay":74,"stat.pickup.minecraft.gravel":7499,"stat.useItem.minecraft.glass_bottle":1591,"stat.pickup.minecraft.red_shulker_box":410,"stat.useItem.minecraft.stained_glass_pane":1273,"stat.pickup.minecraft.diamond_sword":68,"stat.killEntity.SkeletonHorse":7,"stat.useItem.minecraft.wooden_hoe":67,"stat.pickup.minecraft.iron_helmet":41,"stat.craftItem.minecraft.birch_boat":105,"stat.pickup.minecraft.black_shulker_box":10,"stat.useItem.minecraft.piston":2144,"stat.pickup.minecraft.spider_eye":1023,"stat.useItem.minecraft.stone_button":2147,"stat.mineBlock.minecraft.magenta_shulker_box":99,"stat.craftItem.minecraft.end_crystal":173,"stat.craftItem.minecraft.activator_rail":6,"stat.pickup.minecraft.leather":409,"stat.useItem.minecraft.wooden_pickaxe":15,"stat.dispenserInspected":2252,"stat.mineBlock.minecraft.mycelium":2356,"stat.drop.minecraft.red_sandstone":288,"stat.craftItem.minecraft.glass":10627,"stat.craftItem.minecraft.cauldron":43,"stat.sleepInBed":1497,"stat.drop.minecraft.shulker_shell":11,"stat.killEntity.Cow":173,"stat.pickup.minecraft.minecart":90,"stat.pickup.minecraft.piston":2045,"stat.drop.minecraft.painting":1,"stat.walkOneCm":227942077,"stat.pickup.minecraft.clay_ball":1088,"stat.pickup.minecraft.purpur_slab":60,"stat.drop.minecraft.diamond_axe":12,"stat.pickup.minecraft.tnt":204,"stat.drop.minecraft.iron_chestplate":3,"stat.pickup.minecraft.stone":58984,"stat.mineBlock.minecraft.wool":1185,"stat.pickup.minecraft.silver_glazed_terracotta":114,"stat.craftItem.minecraft.hay_block":258,"stat.mineBlock.minecraft.packed_ice":1192,"stat.craftItem.minecraft.minecart":23,"stat.pickup.minecraft.gold_ingot":54,"stat.useItem.minecraft.prismarine":510,"stat.mineBlock.minecraft.cactus":17,"stat.drop.minecraft.chainmail_boots":1,"stat.pickup.minecraft.netherbrick":1,"stat.mineBlock.minecraft.redstone_torch":492,"stat.pickup.minecraft.bread":17,"stat.pickup.minecraft.quartz":4333,"stat.useItem.minecraft.hopper_minecart":35,"stat.pickup.minecraft.spruce_stairs":495,"stat.mineBlock.minecraft.redstone_ore":1496,"stat.pickup.minecraft.elytra":114,"stat.pickup.minecraft.lava_bucket":3,"stat.craftItem.minecraft.brick":355,"stat.mineBlock.minecraft.stone":166478,"stat.useItem.minecraft.sandstone":2428,"stat.craftItem.minecraft.chorus_fruit_popped":457,"stat.useItem.minecraft.bow":74099,"achievement.killWither":25,"stat.drop.minecraft.redstone":80,"stat.pickup.minecraft.dark_oak_boat":142,"stat.drop.minecraft.enchanted_book":1,"stat.drop.minecraft.redstone_torch":9,"stat.mineBlock.minecraft.purpur_stairs":66,"stat.craftItem.minecraft.stone_axe":3,"stat.drop.minecraft.leather_boots":7,"stat.useItem.minecraft.vine":241,"stat.pickup.minecraft.cobblestone_wall":944,"stat.pickup.minecraft.bucket":73,"stat.killEntity.Enderman":58560,"stat.drop.minecraft.elytra":9,"stat.useItem.minecraft.anvil":242,"stat.pickup.minecraft.brown_mushroom":462,"stat.killEntity.Villager":2,"stat.useItem.minecraft.iron_pickaxe":9253,"stat.pickup.minecraft.light_weighted_pressure_plate":12,"stat.useItem.minecraft.nether_wart":11485,"stat.useItem.minecraft.golden_carrot":361,"stat.drop.minecraft.chorus_fruit":9,"stat.craftItem.minecraft.leather_helmet":9,"stat.useItem.minecraft.end_stone":9747,"stat.mineBlock.minecraft.wooden_button":161,"stat.craftItem.minecraft.golden_leggings":3,"stat.drop.minecraft.magma":2,"stat.useItem.minecraft.fence":489,"stat.craftItem.minecraft.orange_glazed_terracotta":1,"stat.useItem.minecraft.acacia_fence":3,"stat.mineBlock.minecraft.fence":207,"stat.drop.minecraft.cooked_fish":18,"stat.pickup.minecraft.lever":395,"stat.deaths":74,"stat.pickup.minecraft.bowl":18,"stat.mineBlock.minecraft.brown_shulker_box":229,"stat.pickup.minecraft.clock":5,"stat.pickup.minecraft.cooked_mutton":15,"stat.craftItem.minecraft.mossy_cobblestone":47,"stat.useItem.minecraft.lapis_ore":30,"stat.craftItem.minecraft.sign":1084,"stat.pickup.minecraft.iron_sword":9,"stat.craftItem.minecraft.quartz_block":1605,"stat.pickup.minecraft.gold_nugget":897,"stat.pickup.minecraft.chorus_flower":8,"stat.drop.minecraft.banner":7,"stat.craftItem.minecraft.ender_chest":72,"stat.crouchOneCm":17024934,"stat.craftItem.minecraft.iron_ingot":16185,"stat.pickup.minecraft.ender_chest":968,"stat.drop.minecraft.slime_ball":1,"stat.craftingTableInteraction":5734,"stat.pickup.minecraft.repeater":674,"stat.useItem.minecraft.dark_oak_fence":967,"achievement.bakeCake":1,"stat.mineBlock.minecraft.ender_chest":955,"stat.pickup.minecraft.ice":1093,"stat.flowerPotted":74,"stat.drop.minecraft.coal_ore":10,"stat.drop.minecraft.iron_ore":7,"stat.useItem.minecraft.yellow_flower":15,"stat.drop.minecraft.sapling":247,"stat.pickup.minecraft.chicken":749,"stat.drop.minecraft.blue_shulker_box":32,"stat.useItem.minecraft.glass_pane":49,"stat.pickup.minecraft.coal_block":2008,"stat.drop.minecraft.fish":90,"stat.craftItem.minecraft.bucket":573,"stat.mineBlock.minecraft.prismarine":278,"stat.pickup.minecraft.stone_sword":240,"stat.craftItem.minecraft.fishing_rod":12,"stat.drop.minecraft.comparator":4,"stat.useItem.minecraft.stonebrick":10945,"stat.pickup.minecraft.book":362,"stat.pickup.minecraft.red_nether_brick":487,"stat.craftItem.minecraft.spruce_door":153,"stat.pickup.minecraft.tripwire_hook":402,"stat.craftItem.minecraft.jungle_boat":3,"stat.pickup.minecraft.bookshelf":19,"stat.mineBlock.minecraft.pumpkin":133,"stat.pickup.minecraft.stone_pickaxe":2,"stat.craftItem.minecraft.quartz_stairs":104,"stat.breakItem.minecraft.diamond_leggings":2,"stat.pickup.minecraft.leather_chestplate":56,"stat.mineBlock.minecraft.concrete":5756,"stat.mineBlock.minecraft.stained_glass_pane":215,"stat.drop.minecraft.end_bricks":6,"stat.craftItem.minecraft.clock":2,"stat.drop.minecraft.cobblestone":1180,"stat.pickup.minecraft.cooked_porkchop":95,"stat.useItem.minecraft.stone_slab2":269,"stat.craftItem.minecraft.furnace":160,"stat.drop.minecraft.end_crystal":13,"stat.drop.minecraft.golden_helmet":8,"stat.mineBlock.minecraft.noteblock":65,"stat.useItem.minecraft.brick_block":106,"stat.drop.minecraft.iron_helmet":23,"stat.drop.minecraft.spider_eye":171,"stat.craftItem.minecraft.beacon":21,"stat.useItem.minecraft.iron_door":95,"stat.useItem.minecraft.brown_shulker_box":242,"stat.breakItem.minecraft.diamond_pickaxe":1,"stat.craftItem.minecraft.end_rod":804,"stat.drop.minecraft.magenta_shulker_box":27,"stat.breakItem.minecraft.iron_sword":3,"stat.pickup.minecraft.wooden_sword":6,"stat.craftItem.minecraft.jungle_stairs":692,"stat.pickup.minecraft.brown_shulker_box":253,"stat.entityKilledBy.Skeleton":7,"stat.useItem.minecraft.dropper":271,"stat.useItem.minecraft.diamond_block":327,"stat.mineBlock.minecraft.stone_slab":5934,"stat.useItem.minecraft.hay_block":315,"stat.drop.minecraft.stone_hoe":2,"stat.useItem.minecraft.snowball":64,"stat.entityKilledBy.VindicationIllager":1,"stat.drop.minecraft.cauldron":3,"stat.drop.minecraft.boat":33,"stat.drop.minecraft.cobblestone_wall":5,"stat.pickup.minecraft.vine":608,"stat.craftItem.minecraft.leather_chestplate":26,"stat.useItem.minecraft.cake":45,"stat.useItem.minecraft.banner":759,"stat.mineBlock.minecraft.yellow_glazed_terracotta":4,"stat.craftItem.minecraft.emerald":4468,"stat.craftItem.minecraft.dye":86919,"stat.craftItem.minecraft.diamond_axe":9,"stat.mineBlock.minecraft.gold_ore":612,"stat.pickup.minecraft.fire_charge":61,"stat.pickup.minecraft.wheat":2286,"stat.craftItem.minecraft.sandstone":1969,"stat.craftItem.minecraft.purpur_pillar":8,"stat.mineBlock.minecraft.mossy_cobblestone":204,"stat.drop.minecraft.purpur_stairs":3,"stat.pickup.minecraft.sign":787,"stat.drop.minecraft.black_shulker_box":71,"stat.useItem.minecraft.heavy_weighted_pressure_plate":111,"stat.useItem.minecraft.iron_trapdoor":411,"stat.pickup.minecraft.iron_ingot":1146,"stat.useItem.minecraft.dark_oak_boat":60,"stat.craftItem.minecraft.lever":562,"stat.pickup.minecraft.gunpowder":1788,"stat.drop.minecraft.wooden_sword":4,"stat.drop.minecraft.iron_shovel":5,"stat.drop.minecraft.jungle_door":2,"stat.useItem.minecraft.dispenser":432,"stat.pickup.minecraft.cookie":1,"stat.brewingstandInteraction":2566,"stat.useItem.minecraft.stone_brick_stairs":1796,"stat.mineBlock.minecraft.torch":3192,"stat.mineBlock.minecraft.red_flower":433,"stat.pickup.minecraft.written_book":56,"stat.tradedWithVillager":4908,"stat.useItem.minecraft.birch_fence":181,"stat.pickup.minecraft.diamond_axe":42,"stat.pickup.minecraft.rabbit_hide":82,"stat.useItem.minecraft.snow_layer":1765,"stat.pickup.minecraft.shulker_shell":473,"stat.pickup.minecraft.noteblock":101,"stat.useItem.minecraft.tnt":384,"stat.useItem.minecraft.lava_bucket":2160,"stat.useItem.minecraft.gold_ore":42,"stat.useItem.minecraft.melon":300,"stat.craftItem.minecraft.wheat":27,"stat.useItem.minecraft.item_frame":688,"stat.useItem.minecraft.stained_hardened_clay":55682,"stat.useItem.minecraft.concrete":4051,"stat.killEntity.Stray":3,"stat.mineBlock.minecraft.purpur_slab":53,"stat.craftItem.minecraft.cookie":48,"stat.mobKills":90972,"stat.pickup.minecraft.diamond_boots":56,"stat.mineBlock.minecraft.bookshelf":112,"stat.drop.minecraft.written_book":6,"stat.useItem.minecraft.boat":147,"stat.craftItem.minecraft.lead":22,"stat.useItem.minecraft.mossy_cobblestone":48,"stat.pickup.minecraft.diamond":910,"stat.pickup.minecraft.brown_mushroom_block":289,"stat.craftItem.minecraft.spruce_stairs":760,"stat.craftItem.minecraft.map":110,"stat.armorCleaned":1,"stat.useItem.minecraft.string":435,"stat.drop.minecraft.shield":1,"stat.useItem.minecraft.gray_shulker_box":226,"stat.pickup.minecraft.golden_boots":51,"stat.pickup.minecraft.glowstone_dust":650,"stat.drop.minecraft.bowl":1,"stat.drop.minecraft.wooden_door":1,"stat.mineBlock.minecraft.red_mushroom":15,"stat.mineBlock.minecraft.stone_brick_stairs":787,"stat.pickup.minecraft.splash_potion":5,"stat.craftItem.minecraft.fire_charge":251,"stat.pickup.minecraft.observer":104,"stat.craftItem.minecraft.lit_pumpkin":1139,"stat.craftItem.minecraft.cobblestone_wall":972,"stat.craftItem.minecraft.stone_sword":38,"stat.mineBlock.minecraft.snow_layer":4294,"stat.pickup.minecraft.chainmail_chestplate":12,"stat.craftItem.minecraft.slime":358,"stat.hopperInspected":2397,"stat.drop.minecraft.diamond":247,"stat.pickup.minecraft.packed_ice":1590,"stat.breakItem.minecraft.flint_and_steel":7,"stat.pickup.minecraft.ghast_tear":189,"stat.craftItem.minecraft.birch_door":258,"stat.pickup.minecraft.armor_stand":81,"stat.drop.minecraft.diamond_block":11,"stat.drop.minecraft.purple_shulker_box":88,"stat.drop.minecraft.green_shulker_box":447,"stat.useItem.minecraft.minecart":54,"stat.useItem.minecraft.cooked_mutton":52,"stat.drop.minecraft.diamond_helmet":2,"stat.pickup.minecraft.totem_of_undying":1,"stat.drop.minecraft.wooden_button":49,"stat.drop.minecraft.acacia_stairs":2,"stat.craftItem.minecraft.fence_gate":165,"stat.pickup.minecraft.acacia_stairs":233,"stat.pickup.minecraft.golden_carrot":138,"stat.pickup.minecraft.pumpkin_seeds":13,"stat.drop.minecraft.fireworks":108,"stat.mineBlock.minecraft.soul_sand":13519,"stat.mineBlock.minecraft.jungle_stairs":23,"achievement.ghast":47,"stat.pickup.minecraft.blaze_rod":6430,"stat.drop.minecraft.chest":12,"stat.drop.minecraft.white_shulker_box":164,"stat.pickup.minecraft.netherrack":21639,"stat.pickup.minecraft.pumpkin":81,"stat.pickup.minecraft.spruce_door":46,"stat.useItem.minecraft.fish":58,"stat.drop.minecraft.hopper":38,"stat.useItem.minecraft.sponge":104,"stat.mineBlock.minecraft.ice":1203,"stat.craftItem.minecraft.redstone_torch":2870,"stat.craftItem.minecraft.iron_hoe":7,"stat.useItem.minecraft.experience_bottle":7,"stat.drop.minecraft.book":1,"stat.dropperInspected":2157,"stat.mineBlock.minecraft.nether_wart_block":100,"stat.pickup.minecraft.emerald_ore":4,"stat.useItem.minecraft.golden_rail":428,"stat.craftItem.minecraft.detector_rail":18,"stat.drop.minecraft.bone":26,"stat.craftItem.minecraft.wooden_button":543,"stat.pickup.minecraft.slime":2528,"stat.pickup.minecraft.iron_leggings":14,"stat.mineBlock.minecraft.snow":483,"stat.mineBlock.minecraft.beacon":68,"stat.drop.minecraft.reeds":42,"stat.craftItem.minecraft.leather":15,"stat.useItem.minecraft.torch":12111,"stat.pickup.minecraft.golden_apple":9,"stat.useItem.minecraft.log":6446,"stat.useItem.minecraft.comparator":612,"stat.craftItem.minecraft.crafting_table":211,"stat.craftItem.minecraft.boat":129,"stat.mineBlock.minecraft.emerald_ore":12,"stat.useItem.minecraft.cooked_fish":367,"stat.useItem.minecraft.nether_wart_block":463,"stat.drop.minecraft.sign":8,"stat.drop.minecraft.stonebrick":166,"stat.drop.minecraft.planks":434,"stat.pickup.minecraft.sapling":12301,"stat.drop.minecraft.melon_seeds":6,"stat.drop.minecraft.bow":62,"stat.pickup.minecraft.beetroot":420,"stat.drop.minecraft.golden_chestplate":4,"stat.killEntity.WitherSkeleton":197,"stat.useItem.minecraft.wooden_pressure_plate":131,"stat.pickup.minecraft.rabbit":17,"stat.mineBlock.minecraft.orange_shulker_box":221,"stat.drop.minecraft.yellow_flower":3,"stat.pickup.minecraft.yellow_flower":371,"stat.useItem.minecraft.fishing_rod":17706,"stat.craftItem.minecraft.diamond_chestplate":2,"stat.pickup.minecraft.bone":10457,"stat.pickup.minecraft.redstone_torch":762,"stat.horseOneCm":11320661,"stat.mineBlock.minecraft.acacia_fence":3,"stat.craftItem.minecraft.diamond_helmet":6,"stat.enderchestOpened":5246,"stat.pickup.minecraft.golden_helmet":46,"stat.drop.minecraft.brick":1,"stat.useItem.minecraft.jungle_boat":6,"stat.mineBlock.minecraft.black_glazed_terracotta":242,"stat.craftItem.minecraft.trapdoor":1918,"stat.useItem.minecraft.yellow_glazed_terracotta":4,"stat.craftItem.minecraft.glass_bottle":1410,"stat.pickup.minecraft.soul_sand":12450,"stat.useItem.minecraft.cooked_beef":827,"stat.pickup.minecraft.cactus":387,"stat.pickup.minecraft.dragon_egg":8,"stat.pickup.minecraft.redstone":10974,"stat.craftItem.minecraft.book":673,"stat.craftItem.minecraft.acacia_door":153,"stat.pickup.minecraft.mossy_cobblestone":141,"stat.craftItem.minecraft.cake":7,"stat.pickup.minecraft.cake":1,"stat.drop.minecraft.iron_bars":75,"achievement.spawnWither":25,"stat.useItem.minecraft.cooked_porkchop":162,"stat.pickup.minecraft.carpet":1819,"stat.pickup.minecraft.diamond_shovel":52,"stat.mineBlock.minecraft.lime_shulker_box":29,"stat.useItem.minecraft.sea_lantern":137,"stat.pickup.minecraft.nether_star":22,"stat.useItem.minecraft.spruce_fence":1395,"stat.pickup.minecraft.sandstone_stairs":177,"stat.craftItem.minecraft.chest_minecart":24,"stat.craftItem.minecraft.stick":21241,"stat.craftItem.minecraft.stained_hardened_clay":30312,"stat.craftItem.minecraft.gold_nugget":2115,"stat.pickup.minecraft.grass":5368,"stat.useItem.minecraft.stone_pressure_plate":184,"stat.drop.minecraft.leaves":279,"stat.pickup.minecraft.diamond_chestplate":21,"stat.drop.minecraft.dispenser":2,"stat.entityKilledBy.Creeper":5,"stat.pickup.minecraft.blue_shulker_box":86,"stat.drop":5267,"stat.killEntity.Sheep":67,"stat.useItem.minecraft.light_blue_glazed_terracotta":15,"stat.drop.minecraft.flower_pot":1,"stat.drop.minecraft.nether_wart":1,"stat.pickup.minecraft.record_strad":1,"stat.drop.minecraft.cooked_beef":74,"stat.killEntity.EvocationIllager":2,"stat.pickup.minecraft.black_glazed_terracotta":237,"stat.killEntity.Slime":297,"stat.mineBlock.minecraft.anvil":79,"stat.useItem.minecraft.blue_glazed_terracotta":60,"stat.useItem.minecraft.waterlily":197,"stat.mineBlock.minecraft.deadbush":589,"stat.useItem.minecraft.black_glazed_terracotta":476,"stat.useItem.minecraft.flower_pot":113,"stat.mineBlock.minecraft.purpur_pillar":191,"stat.drop.minecraft.piston":6,"stat.drop.minecraft.bed":1,"stat.drop.minecraft.glass":87,"stat.craftItem.minecraft.flint_and_steel":16,"stat.useItem.minecraft.redstone_lamp":244,"stat.mineBlock.minecraft.leaves2":2212,"stat.mineBlock.minecraft.stone_stairs":93,"stat.craftItem.minecraft.iron_bars":3408,"stat.pickup.minecraft.dark_oak_fence":237,"stat.craftItem.minecraft.netherbrick":7348,"stat.pickup.minecraft.oak_stairs":206,"stat.pickup.minecraft.emerald_block":50,"stat.pickup.minecraft.stained_glass":2116,"stat.craftItem.minecraft.bowl":4,"stat.useItem.minecraft.cyan_glazed_terracotta":1,"stat.pickup.minecraft.boat":409,"stat.craftItem.minecraft.stone_shovel":2,"stat.pickup.minecraft.stick":4186,"stat.drop.minecraft.iron_block":28,"stat.craftItem.minecraft.writable_book":75,"stat.useItem.minecraft.redstone_block":469,"stat.pickup.minecraft.chorus_fruit":700,"stat.craftItem.minecraft.red_nether_brick":2483,"stat.drop.minecraft.deadbush":1,"stat.drop.minecraft.crafting_table":6,"stat.useItem.minecraft.iron_block":8966,"stat.mineBlock.minecraft.quartz_ore":2037,"stat.craftItem.minecraft.tnt":2434,"stat.pickup.minecraft.concrete_powder":4151,"stat.drop.minecraft.filled_map":11,"stat.pickup.minecraft.dragon_breath":69,"stat.drop.minecraft.diamond_boots":2,"stat.craftItem.minecraft.jungle_fence":795,"stat.useItem.minecraft.golden_apple":9,"stat.craftItem.minecraft.purpur_slab":414,"stat.useItem.minecraft.map":11,"achievement.cookFish":9,"stat.drop.minecraft.dark_oak_boat":2,"stat.pickup.minecraft.jungle_fence":223,"stat.mineBlock.minecraft.sandstone":3981,"stat.craftItem.minecraft.stone_pressure_plate":173,"stat.drop.minecraft.feather":3947,"stat.useItem.minecraft.birch_boat":140,"stat.mineBlock.minecraft.wooden_slab":2750,"stat.pickup.minecraft.leather_boots":88,"stat.drop.minecraft.sand":410,"stat.drop.minecraft.gold_ingot":1,"stat.craftItem.minecraft.brown_glazed_terracotta":3,"stat.mineBlock.minecraft.brick_block":74,"stat.craftItem.minecraft.bed":34,"stat.mineBlock.minecraft.vine":790,"stat.pickup.minecraft.melon_block":14,"stat.drop.minecraft.gravel":181,"stat.useItem.minecraft.pumpkin_seeds":11,"stat.killEntity.ZombieVillager":32,"stat.useItem.minecraft.double_plant":107,"stat.pickup.minecraft.beef":177,"stat.pickup.minecraft.leather_helmet":57,"stat.mineBlock.minecraft.stained_hardened_clay":81490,"stat.useItem.minecraft.trapdoor":2121,"stat.useItem.minecraft.blue_shulker_box":88,"stat.craftItem.minecraft.prismarine":53,"stat.drop.minecraft.stone_pressure_plate":8,"stat.drop.minecraft.lead":2,"stat.useItem.minecraft.dark_oak_door":17,"stat.pickup.minecraft.magenta_shulker_box":100,"stat.mineBlock.minecraft.dark_oak_fence_gate":2,"stat.useItem.minecraft.wooden_button":550,"stat.craftItem.minecraft.dropper":179,"stat.useItem.minecraft.lingering_potion":4,"stat.useItem.minecraft.dye":5073,"stat.mineBlock.minecraft.stone_slab2":74,"stat.breakItem.minecraft.diamond_boots":2,"stat.mineBlock.minecraft.stone_pressure_plate":64,"stat.drop.minecraft.glass_bottle":25,"stat.mineBlock.minecraft.tallgrass":3386,"stat.useItem.minecraft.splash_potion":14,"stat.craftItem.minecraft.light_weighted_pressure_plate":36,"stat.killEntity.Ghast":280,"stat.useItem.minecraft.ender_chest":1016,"stat.pickup.minecraft.acacia_fence_gate":130,"stat.useItem.minecraft.clay":582,"achievement.killCow":106,"stat.mineBlock.minecraft.chest":907,"stat.drop.minecraft.melon_block":4,"stat.mineBlock.minecraft.hardened_clay":87110,"stat.craftItem.minecraft.hopper":1029,"stat.drop.minecraft.concrete_powder":350,"stat.pickup.minecraft.nether_brick_fence":231,"stat.pickup.minecraft.yellow_shulker_box":69,"stat.useItem.minecraft.reeds":142,"stat.craftItem.minecraft.wooden_sword":6,"stat.craftItem.minecraft.nether_brick":1832,"stat.pickup.minecraft.wheat_seeds":6133,"stat.mineBlock.minecraft.glass":471,"stat.pickup.minecraft.poisonous_potato":75,"stat.pickup.minecraft.brewing_stand":26,"stat.pickup.minecraft.light_blue_shulker_box":111,"stat.useItem.minecraft.cobblestone":25566,"stat.craftItem.minecraft.leather_boots":52,"stat.minecartOneCm":3496189,"stat.breakItem.minecraft.golden_helmet":1,"stat.pickup.minecraft.brown_glazed_terracotta":7,"stat.pickup.minecraft.iron_pickaxe":7,"stat.drop.minecraft.carrot":134,"stat.mineBlock.minecraft.end_rod":293,"stat.pickup.minecraft.hopper":745,"stat.pickup.minecraft.apple":399,"stat.pickup.minecraft.banner":736,"stat.itemEnchanted":42,"stat.useItem.minecraft.acacia_boat":2,"stat.mineBlock.minecraft.heavy_weighted_pressure_plate":31,"stat.useItem.minecraft.wooden_door":7,"achievement.acquireIron":269,"stat.craftItem.minecraft.paper":17616,"stat.pickup.minecraft.red_flower":2312,"stat.craftItem.minecraft.light_blue_glazed_terracotta":2,"stat.craftItem.minecraft.trapped_chest":187,"stat.drop.minecraft.grass":35,"stat.pickup.minecraft.trapped_chest":185,"stat.drop.minecraft.totem_of_undying":1,"stat.drop.minecraft.pumpkin":1,"stat.mineBlock.minecraft.orange_glazed_terracotta":110,"stat.useItem.minecraft.iron_axe":640,"stat.useItem.minecraft.orange_glazed_terracotta":293,"stat.mineBlock.minecraft.yellow_flower":296,"stat.useItem.minecraft.concrete_powder":6565,"stat.pickup.minecraft.glowstone":1409,"stat.craftItem.minecraft.arrow":4,"stat.pickup.minecraft.sticky_piston":764,"stat.craftItem.minecraft.beetroot_soup":31,"stat.pickup.minecraft.chorus_fruit_popped":182,"stat.useItem.minecraft.egg":722,"stat.craftItem.minecraft.cooked_beef":103,"stat.mineBlock.minecraft.obsidian":50183,"stat.pickup.minecraft.shears":87,"stat.craftItem.minecraft.bow":320,"stat.pickup.minecraft.diamond_hoe":6,"stat.flyOneCm":172824645,"stat.pickup.minecraft.sandstone":4389,"stat.pickup.minecraft.fish":2859,"stat.craftItem.minecraft.emerald_block":45,"stat.pickup.minecraft.quartz_ore":103,"stat.drop.minecraft.repeater":67,"stat.drop.minecraft.firework_charge":11,"stat.craftItem.minecraft.concrete_powder":6640,"stat.mineBlock.minecraft.coal_ore":7881,"stat.pickup.minecraft.shield":29,"stat.talkedToVillager":859,"stat.mineBlock.minecraft.red_mushroom_block":701,"stat.pickup.minecraft.string":3063,"stat.craftItem.minecraft.golden_helmet":5,"stat.useItem.minecraft.milk_bucket":4,"stat.useItem.minecraft.dragon_egg":8,"stat.breakItem.minecraft.diamond_helmet":3,"stat.pickup.minecraft.bone_block":2473,"stat.pickup.minecraft.fireworks":437,"stat.useItem.minecraft.brown_mushroom_block":237,"achievement.killEnemy":88509,"stat.craftItem.minecraft.golden_sword":1,"stat.useItem.minecraft.wooden_sword":7,"stat.breakItem.minecraft.iron_shovel":1,"stat.useItem.minecraft.ladder":1560,"stat.useItem.minecraft.birch_stairs":308,"stat.craftItem.minecraft.sandstone_stairs":184,"stat.diveOneCm":7033931,"stat.craftItem.minecraft.ladder":927,"stat.mineBlock.minecraft.stone_button":260,"stat.useItem.minecraft.chicken":7,"stat.pickup.minecraft.stone_axe":4,"stat.drop.minecraft.apple":43,"stat.mineBlock.minecraft.blue_shulker_box":85,"stat.useItem.minecraft.sand":3358,"stat.jump":629630,"stat.mineBlock.minecraft.light_blue_glazed_terracotta":11,"stat.craftItem.minecraft.torch":8920,"achievement.makeBread":170,"stat.mineBlock.minecraft.spruce_fence_gate":9,"stat.useItem.minecraft.glass":5907,"stat.useItem.minecraft.sapling":7962,"stat.useItem.minecraft.end_crystal":160,"stat.mineBlock.minecraft.melon_block":155,"stat.useItem.minecraft.gold_block":527,"stat.useItem.minecraft.purple_shulker_box":674,"stat.cauldronUsed":18,"stat.drop.minecraft.nether_brick_fence":64,"stat.pickup.minecraft.quartz_block":1036,"stat.killEntity.Shulker":287,"stat.breakItem.minecraft.iron_leggings":1,"stat.killEntity.Silverfish":32,"stat.craftItem.minecraft.stone_slab":13037,"stat.animalsBred":140,"stat.useItem.minecraft.chest":1313,"stat.mineBlock.minecraft.light_blue_shulker_box":105,"stat.useItem.minecraft.observer":264,"stat.shulkerBoxOpened":11296,"stat.craftItem.minecraft.iron_chestplate":7,"stat.drop.minecraft.potato":1,"stat.drop.minecraft.wooden_slab":182,"stat.breakItem.minecraft.stone_hoe":1,"stat.pickup.minecraft.ladder":1361,"stat.useItem.minecraft.tripwire_hook":433,"stat.mineBlock.minecraft.stonebrick":5627,"stat.craftItem.minecraft.purpur_stairs":752,"stat.mineBlock.minecraft.glowstone":1439,"stat.useItem.minecraft.cobblestone_wall":784,"stat.pickup.minecraft.iron_horse_armor":2,"stat.useItem.minecraft.writable_book":227,"stat.mineBlock.minecraft.red_glazed_terracotta":262,"stat.useItem.minecraft.purpur_slab":312,"stat.drop.minecraft.stone_slab2":1,"stat.drop.minecraft.shears":5,"stat.craftItem.minecraft.compass":113,"stat.pickup.minecraft.jungle_boat":13,"stat.pickup.minecraft.dark_oak_fence_gate":3,"stat.useItem.minecraft.end_bricks":5590,"stat.pigOneCm":354,"stat.pickup.minecraft.deadbush":243,"stat.useItem.minecraft.lead":5,"stat.pickup.minecraft.lapis_block":43,"stat.drop.minecraft.red_nether_brick":2,"stat.drop.minecraft.trapdoor":49,"stat.useItem.minecraft.fire_charge":2,"stat.pickup.minecraft.porkchop":151,"stat.pickup.minecraft.glass":795,"stat.useItem.minecraft.pink_shulker_box":100,"stat.useItem.minecraft.water_bucket":1598,"stat.craftItem.minecraft.dark_oak_fence":1227,"stat.entityKilledBy.Spider":1,"stat.pickup.minecraft.hardened_clay":86529,"stat.pickup.minecraft.name_tag":108,"stat.drop.minecraft.hardened_clay":1626,"stat.drop.minecraft.splash_potion":3,"stat.useItem.minecraft.ender_pearl":4207,"stat.useItem.minecraft.brown_mushroom":274,"stat.craftItem.minecraft.cooked_fish":194,"achievement.buildBetterPickaxe":85,"stat.craftItem.minecraft.blaze_powder":628,"achievement.breedCow":98,"stat.useItem.minecraft.oak_stairs":435,"stat.useItem.minecraft.dark_oak_stairs":1532,"stat.drop.minecraft.stone_slab":340,"stat.pickup.minecraft.filled_map":1459,"stat.useItem.minecraft.redstone":6148,"achievement.overkill":1334,"stat.mineBlock.minecraft.end_bricks":1168,"achievement.mineWood":47985,"stat.pickup.minecraft.iron_chestplate":15,"stat.craftItem.minecraft.nether_wart_block":397,"stat.mineBlock.minecraft.red_shulker_box":384,"stat.drop.minecraft.wooden_hoe":2,"stat.useItem.minecraft.pumpkin_pie":372,"stat.mineBlock.minecraft.brick_stairs":2,"stat.useItem.minecraft.hopper":1579,"stat.craftItem.minecraft.heavy_weighted_pressure_plate":117,"stat.mineBlock.minecraft.oak_stairs":196,"stat.pickup.minecraft.birch_door":2,"stat.drop.minecraft.string":220,"stat.useItem.minecraft.jungle_stairs":68,"stat.pickup.minecraft.diamond_block":331,"stat.useItem.minecraft.shears":5525,"stat.pickup.minecraft.iron_bars":2435,"stat.drop.minecraft.ice":1,"stat.pickup.minecraft.red_glazed_terracotta":259,"stat.craftItem.minecraft.carpet":2850,"stat.craftItem.minecraft.dark_oak_stairs":1616,"stat.craftItem.minecraft.golden_rail":144,"stat.useItem.minecraft.quartz_ore":50,"stat.pickup.minecraft.cooked_chicken":3714,"stat.useItem.minecraft.nether_brick_fence":854,"stat.pickup.minecraft.red_mushroom":259,"stat.useItem.minecraft.iron_hoe":596,"stat.pickup.minecraft.comparator":378,"stat.drop.minecraft.iron_leggings":2,"stat.pickup.minecraft.record_cat":1,"stat.mineBlock.minecraft.spruce_fence":472,"stat.useItem.minecraft.yellow_shulker_box":58,"stat.craftItem.minecraft.dark_oak_fence_gate":173,"stat.craftItem.minecraft.iron_leggings":5,"stat.useItem.minecraft.stone_sword":8,"stat.pickup.minecraft.redstone_ore":140,"stat.pickup.minecraft.chainmail_boots":14,"stat.drop.minecraft.stick":163,"stat.mineBlock.minecraft.monster_egg":10,"stat.mineBlock.minecraft.quartz_stairs":214,"stat.pickup.minecraft.record_11":2,"stat.useItem.minecraft.bone_block":1049,"stat.drop.minecraft.stone_brick_stairs":1,"stat.mineBlock.minecraft.pink_shulker_box":100,"stat.killEntity.LavaSlime":3862,"stat.mineBlock.minecraft.golden_rail":349,"stat.pickup.minecraft.tallgrass":631,"stat.entityKilledBy.Enderman":6,"stat.mineBlock.minecraft.iron_block":5017,"stat.useItem.minecraft.beetroot_soup":31,"stat.craftItem.minecraft.snow":1673,"stat.pickup.minecraft.diamond_helmet":48,"stat.useItem.minecraft.jungle_door":7,"stat.craftItem.minecraft.cooked_chicken":7182,"stat.useItem.minecraft.stone_hoe":152,"stat.useItem.minecraft.beetroot_seeds":578,"stat.mineBlock.minecraft.cobblestone_wall":608,"stat.useItem.minecraft.beetroot":37,"stat.pickup.minecraft.chest":1037,"stat.useItem.minecraft.web":147,"stat.craftItem.minecraft.leather_leggings":21,"stat.drop.minecraft.red_shulker_box":299,"stat.pickup.minecraft.lit_pumpkin":73,"stat.drop.minecraft.beetroot":2,"stat.useItem.minecraft.repeater":1357,"stat.drop.minecraft.leather_helmet":3,"stat.craftItem.minecraft.stone_brick_stairs":1252,"stat.craftItem.minecraft.acacia_fence_gate":130,"stat.mineBlock.minecraft.diamond_block":312,"stat.craftItem.minecraft.golden_chestplate":1,"stat.drop.minecraft.brown_mushroom":2,"stat.pickup.minecraft.purpur_block":161,"achievement.exploreAllBiomes":{"value":0,"progress":["Cold Taiga","Desert M","Birch Forest","Roofed Forest","Extreme Hills M","Taiga M","Beach","Mesa Plateau","Cold Beach","Taiga","Mega Taiga","Birch Forest Hills","Mesa","ForestHills","Plains","TaigaHills","Stone Beach","Jungle","JungleHills","Mesa (Bryce)","Savanna","Swampland M","Sunflower Plains","MushroomIslandShore","The End","Mesa Plateau F M","FrozenRiver","Mega Taiga Hills","Extreme Hills+","Savanna Plateau M","Ocean","River","JungleEdge","MushroomIsland","Swampland","Ice Mountains","Mesa Plateau F","Savanna Plateau","Flower Forest","Ice Plains Spikes","DesertHills","Ice Plains","Forest","Birch Forest Hills M","Desert","Savanna M","Extreme Hills","Deep Ocean","Hell"]},"stat.pickup.minecraft.enchanting_table":6,"stat.useItem.minecraft.detector_rail":9,"stat.craftItem.minecraft.melon_block":5795,"stat.mineBlock.minecraft.magma":6143,"stat.pickup.minecraft.quartz_stairs":215,"stat.pickup.minecraft.gold_block":385,"stat.mineBlock.minecraft.redstone_block":298,"stat.useItem.minecraft.stone_shovel":103,"stat.useItem.minecraft.red_mushroom":204,"stat.drop.minecraft.wheat_seeds":77,"stat.craftItem.minecraft.wooden_slab":11334,"stat.useItem.minecraft.sign":1733,"achievement.theEnd":257,"stat.drop.minecraft.golden_boots":5,"stat.drop.minecraft.red_sandstone_stairs":107,"stat.useItem.minecraft.acacia_stairs":13,"stat.mineBlock.minecraft.nether_brick":888,"stat.craftItem.minecraft.nether_brick_fence":804,"stat.mineBlock.minecraft.red_sandstone_stairs":286,"stat.pickup.minecraft.snow_layer":2,"stat.drop.minecraft.log2":50,"stat.craftItem.minecraft.brick_block":66,"stat.craftItem.minecraft.stone_slab2":1128,"stat.drop.minecraft.potion":5,"stat.craftItem.minecraft.stone":9459,"stat.mineBlock.minecraft.crafting_table":491,"stat.useItem.minecraft.diamond_pickaxe":504928,"stat.useItem.minecraft.carrot":6546,"stat.useItem.minecraft.ender_eye":17,"stat.drop.minecraft.golden_apple":1,"achievement.buildFurnace":281,"stat.pickup.minecraft.slime_ball":335,"stat.useItem.minecraft.purpur_block":156,"stat.drop.minecraft.blaze_rod":88,"stat.craftItem.minecraft.diamond_pickaxe":10,"stat.craftItem.minecraft.jukebox":1,"stat.useItem.minecraft.diamond_axe":86971,"stat.pickup.minecraft.purpur_stairs":73,"stat.drop.minecraft.cooked_porkchop":4,"stat.pickup.minecraft.stone_brick_stairs":922,"stat.craftItem.minecraft.brick_stairs":4,"stat.pickup.minecraft.brick":31,"stat.craftItem.minecraft.bread":254,"stat.entityKilledBy.CaveSpider":3,"stat.useItem.minecraft.mycelium":2941,"stat.pickup.minecraft.diamond_ore":27,"stat.useItem.minecraft.cooked_chicken":14606,"stat.pickup.minecraft.iron_ore":3088,"stat.pickup.minecraft.snow":75,"stat.mineBlock.minecraft.iron_bars":1541,"stat.pickup.minecraft.leaves":5374,"stat.drop.minecraft.iron_hoe":1,"stat.pickup.minecraft.reeds":6471,"stat.pickup.minecraft.prismarine_crystals":65,"stat.useItem.minecraft.magma":9668,"stat.drop.minecraft.cooked_chicken":351,"stat.craftItem.minecraft.baked_potato":93,"stat.killEntity.Pig":77,"stat.craftItem.minecraft.iron_sword":8,"stat.breakItem.minecraft.fishing_rod":5,"stat.playerKills":5,"stat.mineBlock.minecraft.trapped_chest":149,"stat.useItem.minecraft.dark_oak_fence_gate":43,"stat.useItem.minecraft.emerald_block":88,"stat.useItem.minecraft.spruce_boat":25,"stat.drop.minecraft.emerald":13,"stat.drop.minecraft.diamond_leggings":2,"stat.useItem.minecraft.leaves":6460,"stat.killEntity.Skeleton":9603,"stat.killEntity.Spider":610,"stat.drop.minecraft.end_rod":4,"stat.craftItem.minecraft.spruce_fence":1674,"stat.pickup.minecraft.birch_fence":173,"stat.pickup.minecraft.blue_glazed_terracotta":68,"stat.pickup.minecraft.water_bucket":44,"stat.craftItem.minecraft.coal_block":1678}