{"stat.useItem.minecraft.bow":7290,"stat.useItem.minecraft.painting":63,"stat.useItem.minecraft.quartz_block":1089,"stat.craftItem.minecraft.acacia_boat":1,"stat.drop.minecraft.gunpowder":11,"achievement.killWither":1,"stat.drop.minecraft.redstone":63,"stat.pickup.minecraft.dark_oak_boat":16,"stat.mineBlock.minecraft.stained_glass":725,"stat.bannerCleaned":2,"stat.mineBlock.minecraft.web":38,"stat.drop.minecraft.iron_sword":5,"stat.pickup.minecraft.rotten_flesh":5335,"stat.mineBlock.minecraft.purpur_stairs":18,"stat.craftItem.minecraft.stone_axe":4,"stat.drop.minecraft.leather_boots":2,"stat.useItem.minecraft.vine":74,"stat.pickup.minecraft.cobblestone_wall":1073,"stat.pickup.minecraft.bucket":22,"stat.useItem.minecraft.rail":9,"stat.killEntity.Enderman":14640,"stat.drop.minecraft.elytra":3,"stat.useItem.minecraft.anvil":15,"stat.craftItem.minecraft.iron_shovel":8,"stat.pickup.minecraft.brown_mushroom":92,"achievement.buildPickaxe":30,"stat.mineBlock.minecraft.end_stone":755,"stat.useItem.minecraft.iron_pickaxe":2566,"stat.pickup.minecraft.stained_hardened_clay":27618,"stat.pickup.minecraft.double_plant":222,"stat.craftItem.minecraft.glass_pane":448,"stat.useItem.minecraft.hardened_clay":15083,"stat.mineBlock.minecraft.sticky_piston":18,"stat.pickup.minecraft.wooden_shovel":1,"stat.furnaceInteraction":387,"stat.useItem.minecraft.nether_wart":783,"stat.useItem.minecraft.golden_carrot":570,"stat.mineBlock.minecraft.chorus_plant":1,"stat.pickup.minecraft.nether_brick":68,"stat.pickup.minecraft.sponge":100,"stat.craftItem.minecraft.leather_helmet":2,"stat.useItem.minecraft.green_shulker_box":26,"stat.useItem.minecraft.end_stone":34,"stat.mineBlock.minecraft.wooden_button":11,"stat.drop.minecraft.cactus":1,"stat.pickup.minecraft.cyan_shulker_box":21,"stat.useItem.minecraft.fence":472,"stat.useItem.minecraft.acacia_fence":6,"stat.mineBlock.minecraft.sponge":82,"stat.useItem.minecraft.cauldron":11,"stat.mineBlock.minecraft.fence":66,"stat.useItem.minecraft.flint_and_steel":30,"stat.useItem.minecraft.wheat_seeds":269,"stat.mineBlock.minecraft.sea_lantern":29,"stat.drop.minecraft.cooked_fish":4,"stat.killEntity.Husk":3,"stat.pickup.minecraft.emerald":35,"stat.craftItem.minecraft.dark_oak_boat":1,"stat.pickup.minecraft.lever":114,"stat.deaths":28,"stat.pickup.minecraft.bowl":44,"stat.craftItem.minecraft.melon_seeds":7,"stat.pickup.minecraft.egg":926,"stat.mineBlock.minecraft.brown_shulker_box":16,"stat.craftItem.minecraft.item_frame":175,"stat.craftItem.minecraft.wooden_shovel":4,"stat.craftItem.minecraft.iron_pickaxe":12,"stat.pickup.minecraft.glass_pane":254,"stat.pickup.minecraft.item_frame":53,"stat.pickup.minecraft.sea_lantern":30,"stat.craftItem.minecraft.repeater":43,"stat.drop.minecraft.iron_ingot":12,"stat.craftItem.minecraft.cooked_mutton":3,"stat.chestOpened":16579,"stat.useItem.minecraft.lapis_ore":31,"stat.craftItem.minecraft.sign":123,"stat.useItem.minecraft.jungle_fence":63,"stat.pickup.minecraft.iron_sword":24,"stat.killEntity.Vex":1,"stat.pickup.minecraft.lapis_ore":192,"stat.craftItem.minecraft.quartz_block":2683,"stat.pickup.minecraft.gold_nugget":24,"stat.pickup.minecraft.chorus_flower":6,"stat.drop.minecraft.banner":1,"stat.craftItem.minecraft.coal":3905,"stat.craftItem.minecraft.ender_chest":11,"stat.pickup.minecraft.carrot":443,"stat.drop.minecraft.stone_sword":2,"stat.crouchOneCm":1408565,"stat.pickup.minecraft.rail":91,"stat.craftItem.minecraft.diamond":36,"stat.craftItem.minecraft.iron_ingot":1197,"stat.pickup.minecraft.ender_chest":524,"stat.craftingTableInteraction":1718,"stat.mineBlock.minecraft.wooden_pressure_plate":4,"stat.useItem.minecraft.light_blue_shulker_box":42,"stat.pickup.minecraft.jungle_door":1,"stat.pickup.minecraft.repeater":12,"stat.pickup.minecraft.wooden_pickaxe":3,"stat.mineBlock.minecraft.log2":1994,"stat.useItem.minecraft.dark_oak_fence":131,"stat.pickup.minecraft.dye":4229,"stat.mineBlock.minecraft.jungle_fence":6,"stat.pickup.minecraft.planks":5807,"stat.drop.minecraft.minecart":5,"stat.mineBlock.minecraft.ender_chest":514,"stat.pickup.minecraft.ice":1073,"stat.flowerPotted":23,"stat.drop.minecraft.rotten_flesh":35,"stat.pickup.minecraft.magma":673,"stat.useItem.minecraft.yellow_flower":14,"stat.drop.minecraft.sapling":6,"stat.pickup.minecraft.chicken":3,"stat.pickup.minecraft.tipped_arrow":38,"stat.drop.minecraft.gold_nugget":2,"stat.useItem.minecraft.glass_pane":272,"stat.pickup.minecraft.end_stone":760,"stat.pickup.minecraft.coal_block":449,"stat.craftItem.minecraft.bucket":58,"stat.craftItem.minecraft.planks":36682,"stat.useItem.minecraft.iron_sword":482,"stat.craftItem.minecraft.dirt":2048,"stat.mineBlock.minecraft.prismarine":430,"stat.craftItem.minecraft.fishing_rod":27,"stat.pickup.minecraft.stone_sword":16,"stat.useItem.minecraft.stonebrick":16128,"stat.pickup.minecraft.book":45,"stat.craftItem.minecraft.wooden_door":6,"stat.mineBlock.minecraft.waterlily":1,"stat.pickup.minecraft.iron_door":7,"stat.drop.minecraft.leather_leggings":2,"stat.pickup.minecraft.red_nether_brick":82,"stat.pickup.minecraft.cooked_fish":1900,"stat.craftItem.minecraft.spruce_door":51,"stat.pickup.minecraft.tripwire_hook":32,"stat.pickup.minecraft.bookshelf":17,"stat.pickup.minecraft.spruce_fence_gate":9,"stat.mineBlock.minecraft.cobblestone":1552,"stat.mineBlock.minecraft.pumpkin":26,"stat.useItem.minecraft.beacon":21,"stat.pickup.minecraft.stone_pickaxe":5,"stat.pickup.minecraft.flint":24,"stat.craftItem.minecraft.quartz_stairs":76,"stat.pickup.minecraft.leather_chestplate":32,"stat.mineBlock.minecraft.concrete":783,"stat.pickup.minecraft.flower_pot":5,"stat.mineBlock.minecraft.stained_glass_pane":148,"stat.drop.minecraft.cobblestone":172,"stat.pickup.minecraft.cooked_porkchop":81,"stat.useItem.minecraft.coal_block":28,"stat.breakItem.minecraft.iron_pickaxe":9,"stat.mineBlock.minecraft.dropper":1,"stat.pickup.minecraft.iron_boots":25,"stat.pickup.minecraft.diamond_horse_armor":3,"stat.pickup.minecraft.stone_hoe":6,"stat.craftItem.minecraft.furnace":444,"stat.craftItem.minecraft.lapis_block":176,"stat.drop.minecraft.golden_helmet":3,"stat.craftItem.minecraft.iron_boots":17,"stat.useItem.minecraft.spruce_fence_gate":15,"stat.mineBlock.minecraft.clay":6150,"stat.pickup.minecraft.diamond_leggings":20,"stat.useItem.minecraft.brick_block":2369,"stat.drop.minecraft.iron_helmet":1,"stat.useItem.minecraft.wooden_slab":10246,"stat.drop.minecraft.spider_eye":8,"stat.craftItem.minecraft.beacon":2,"stat.useItem.minecraft.iron_door":6,"stat.craftItem.minecraft.iron_block":492,"stat.craftItem.minecraft.stonebrick":23956,"stat.useItem.minecraft.brown_shulker_box":16,"stat.breakItem.minecraft.diamond_pickaxe":2,"stat.pickup.minecraft.light_blue_glazed_terracotta":62,"stat.craftItem.minecraft.end_rod":4,"stat.drop.minecraft.flint_and_steel":1,"stat.killEntity.Creeper":319,"stat.useItem.minecraft.armor_stand":23,"stat.breakItem.minecraft.iron_sword":1,"stat.pickup.minecraft.wooden_sword":2,"stat.useItem.minecraft.silver_shulker_box":15,"stat.craftItem.minecraft.jungle_stairs":472,"stat.pickup.minecraft.brown_shulker_box":19,"stat.entityKilledBy.Skeleton":3,"achievement.buildSword":15,"stat.pickup.minecraft.birch_stairs":262,"stat.killEntity.Squid":91,"stat.sprintOneCm":98920583,"stat.mineBlock.minecraft.stone_slab":1883,"stat.pickup.minecraft.leather_leggings":33,"stat.craftItem.minecraft.redstone_lamp":294,"stat.drop.minecraft.boat":1,"stat.pickup.minecraft.sugar":5,"stat.pickup.minecraft.vine":242,"stat.useItem.minecraft.banner":134,"stat.pickup.minecraft.iron_block":2097,"stat.killEntity.Zombie":3201,"stat.craftItem.minecraft.dye":92351,"stat.craftItem.minecraft.diamond_axe":3,"stat.mineBlock.minecraft.gold_ore":880,"stat.drop.minecraft.diamond_pickaxe":7,"stat.craftItem.minecraft.slime_ball":486,"stat.pickup.minecraft.wheat":345,"stat.craftItem.minecraft.sandstone":2241,"stat.craftItem.minecraft.purpur_pillar":137,"stat.mineBlock.minecraft.mossy_cobblestone":248,"stat.pickup.minecraft.sign":150,"stat.pickup.minecraft.obsidian":469,"stat.useItem.minecraft.iron_trapdoor":16,"stat.pickup.minecraft.coal":10123,"stat.pickup.minecraft.iron_ingot":1487,"stat.useItem.minecraft.dark_oak_boat":9,"stat.craftItem.minecraft.lever":152,"stat.drop.minecraft.diamond_sword":4,"stat.pickup.minecraft.gunpowder":430,"stat.pickup.minecraft.dirt":15956,"stat.useItem.minecraft.coal_ore":721,"stat.drop.minecraft.iron_shovel":2,"stat.craftItem.minecraft.sponge":35,"stat.useItem.minecraft.dispenser":5,"stat.mineBlock.minecraft.lapis_ore":307,"stat.pickup.minecraft.iron_axe":9,"stat.drop.minecraft.acacia_boat":1,"stat.brewingstandInteraction":9,"stat.useItem.minecraft.stone_brick_stairs":6791,"stat.mineBlock.minecraft.torch":1264,"stat.pickup.minecraft.written_book":19,"stat.mineBlock.minecraft.red_flower":63,"stat.pickup.minecraft.magma_cream":53,"stat.pickup.minecraft.ender_eye":1,"stat.craftItem.minecraft.glowstone":208,"stat.useItem.minecraft.slime":29,"stat.mineBlock.minecraft.fence_gate":1,"stat.pickup.minecraft.rabbit_hide":3,"stat.pickup.minecraft.diamond_axe":25,"stat.useItem.minecraft.snow_layer":655,"stat.pickup.minecraft.shulker_shell":68,"stat.pickup.minecraft.green_shulker_box":32,"stat.pickup.minecraft.diamond_pickaxe":52,"stat.useItem.minecraft.pumpkin":14,"stat.useItem.minecraft.tnt":7,"stat.useItem.minecraft.lava_bucket":197,"stat.useItem.minecraft.gold_ore":15,"stat.drop.minecraft.netherrack":1,"stat.useItem.minecraft.melon":35,"stat.useItem.minecraft.item_frame":219,"stat.useItem.minecraft.stained_hardened_clay":7075,"stat.drop.minecraft.egg":1,"stat.useItem.minecraft.redstone_ore":259,"stat.pickup.minecraft.cooked_beef":232,"stat.useItem.minecraft.concrete":724,"stat.mineBlock.minecraft.purpur_slab":127,"stat.pickup.minecraft.dark_oak_stairs":630,"stat.mobKills":26086,"stat.pickup.minecraft.diamond_boots":26,"stat.mineBlock.minecraft.bookshelf":8,"stat.drop.minecraft.written_book":1,"stat.useItem.minecraft.boat":24,"stat.useItem.minecraft.mossy_cobblestone":42,"stat.pickup.minecraft.diamond":605,"stat.pickup.minecraft.beetroot_seeds":5,"achievement.bookcase":22,"stat.pickup.minecraft.brown_mushroom_block":104,"stat.craftItem.minecraft.nether_brick_stairs":40,"stat.craftItem.minecraft.spruce_stairs":3012,"stat.craftItem.minecraft.map":2,"stat.useItem.minecraft.string":61,"stat.useItem.minecraft.bookshelf":14,"stat.useItem.minecraft.soul_sand":36,"stat.killEntity.Blaze":117,"stat.drop.minecraft.shield":3,"stat.drop.minecraft.skull":3,"stat.useItem.minecraft.gray_shulker_box":24,"stat.pickup.minecraft.golden_boots":45,"stat.pickup.minecraft.glowstone_dust":992,"stat.mineBlock.minecraft.white_shulker_box":30,"stat.mineBlock.minecraft.red_mushroom":2,"stat.mineBlock.minecraft.stone_brick_stairs":1729,"stat.mineBlock.minecraft.nether_brick_fence":18,"stat.pickup.minecraft.splash_potion":2,"stat.craftItem.minecraft.lit_pumpkin":3,"stat.craftItem.minecraft.cobblestone_wall":1878,"stat.craftItem.minecraft.stone_sword":6,"stat.mineBlock.minecraft.snow_layer":1174,"stat.pickup.minecraft.chainmail_chestplate":7,"stat.mineBlock.minecraft.sand":5778,"stat.craftItem.minecraft.wooden_hoe":1,"stat.useItem.minecraft.fence_gate":2,"stat.hopperInspected":113,"stat.drop.minecraft.diamond":1,"stat.pickup.minecraft.packed_ice":15810,"stat.pickup.minecraft.ghast_tear":36,"stat.craftItem.minecraft.birch_door":3,"stat.pickup.minecraft.armor_stand":6,"stat.trappedChestTriggered":5923,"stat.mineBlock.minecraft.gray_shulker_box":26,"stat.craftItem.minecraft.pumpkin_seeds":24,"stat.pickup.minecraft.wooden_button":27,"stat.drop.minecraft.purple_shulker_box":1,"stat.mineBlock.minecraft.lapis_block":1,"stat.useItem.minecraft.minecart":10,"stat.useItem.minecraft.cooked_mutton":7,"stat.drop.minecraft.stained_hardened_clay":245,"stat.drop.minecraft.diamond_helmet":2,"stat.drop.minecraft.fishing_rod":5,"stat.drop.minecraft.spectral_arrow":8,"stat.pickup.minecraft.stone_stairs":1347,"stat.craftItem.minecraft.fence_gate":1,"stat.pickup.minecraft.acacia_stairs":2,"stat.pickup.minecraft.golden_carrot":166,"stat.drop.minecraft.fireworks":269,"stat.pickup.minecraft.pumpkin_seeds":1,"stat.pickup.minecraft.saddle":25,"stat.mineBlock.minecraft.soul_sand":1076,"stat.mineBlock.minecraft.jungle_stairs":121,"achievement.ghast":7,"stat.pickup.minecraft.mycelium":5383,"stat.pickup.minecraft.blaze_rod":94,"stat.craftItem.minecraft.diamond_block":4,"stat.drop.minecraft.chest":1,"stat.useItem.minecraft.gray_glazed_terracotta":35,"stat.pickup.minecraft.netherrack":15227,"stat.pickup.minecraft.pumpkin":39,"stat.pickup.minecraft.spruce_door":27,"stat.drop.minecraft.packed_ice":1,"stat.pickup.minecraft.waterlily":144,"stat.useItem.minecraft.sponge":50,"stat.mineBlock.minecraft.ice":1087,"stat.craftItem.minecraft.redstone_torch":197,"stat.useItem.minecraft.packed_ice":1719,"stat.pickup.minecraft.brick_stairs":55,"stat.mineBlock.minecraft.gold_block":40,"stat.craftItem.minecraft.iron_hoe":1,"stat.drop.minecraft.stone":1095,"stat.useItem.minecraft.trapped_chest":236,"stat.pickup.minecraft.melon_seeds":35,"stat.pickup.minecraft.dropper":1,"stat.pickup.minecraft.golden_leggings":35,"stat.pickup.minecraft.melon":966,"stat.drop.minecraft.stained_glass_pane":26,"stat.dropperInspected":42,"stat.pickup.minecraft.emerald_ore":5,"stat.drop.minecraft.bone":5,"stat.craftItem.minecraft.wooden_button":13,"stat.useItem.minecraft.furnace":440,"stat.pickup.minecraft.slime":969,"stat.pickup.minecraft.iron_leggings":21,"stat.mineBlock.minecraft.snow":885,"stat.mineBlock.minecraft.gravel":3251,"stat.breakItem.minecraft.stone_axe":1,"stat.mineBlock.minecraft.beacon":20,"stat.useItem.minecraft.wool":98,"stat.pickup.minecraft.flint_and_steel":2,"stat.mineBlock.minecraft.green_shulker_box":30,"stat.useItem.minecraft.torch":6265,"stat.pickup.minecraft.golden_apple":9,"stat.craftItem.minecraft.redstone_block":1163,"stat.craftItem.minecraft.stone_stairs":1436,"stat.pickup.minecraft.crafting_table":231,"stat.useItem.minecraft.log":3195,"stat.useItem.minecraft.comparator":2,"stat.craftItem.minecraft.crafting_table":57,"stat.craftItem.minecraft.boat":11,"stat.mineBlock.minecraft.emerald_ore":16,"stat.pickup.minecraft.redstone_block":535,"stat.useItem.minecraft.cooked_fish":2123,"stat.drop.minecraft.sign":5,"stat.drop.minecraft.stonebrick":1,"stat.craftItem.minecraft.stone_button":640,"stat.pickup.minecraft.web":48,"stat.drop.minecraft.planks":65,"stat.pickup.minecraft.sapling":1136,"stat.useItem.minecraft.birch_door":2,"stat.drop.minecraft.bow":15,"stat.pickup.minecraft.beetroot":3,"stat.breakItem.minecraft.wooden_hoe":1,"stat.killEntity.WitherSkeleton":3,"stat.useItem.minecraft.wooden_pressure_plate":7,"stat.pickup.minecraft.golden_sword":5,"stat.pickup.minecraft.rabbit":3,"stat.mineBlock.minecraft.orange_shulker_box":30,"stat.drop.minecraft.bucket":1,"stat.craftItem.minecraft.spruce_fence_gate":7,"stat.useItem.minecraft.baked_potato":625,"stat.pickup.minecraft.stone_slab":4322,"stat.pickup.minecraft.yellow_flower":175,"stat.pickup.minecraft.golden_rail":6,"stat.useItem.minecraft.fishing_rod":22476,"stat.craftItem.minecraft.diamond_chestplate":4,"stat.useItem.minecraft.brick_stairs":56,"stat.pickup.minecraft.bone":6875,"stat.craftItem.minecraft.sticky_piston":111,"stat.pickup.minecraft.redstone_torch":130,"stat.horseOneCm":337864,"stat.useItem.minecraft.log2":3731,"stat.mineBlock.minecraft.slime":844,"stat.mineBlock.minecraft.brown_mushroom":7,"stat.mineBlock.minecraft.acacia_fence":2,"stat.useItem.minecraft.diamond_sword":9062,"stat.craftItem.minecraft.diamond_helmet":5,"stat.climbOneCm":1782484,"stat.drop.minecraft.sticky_piston":6,"stat.useItem.minecraft.end_rod":14,"stat.craftItem.minecraft.gold_block":335,"stat.enderchestOpened":2361,"stat.useItem.minecraft.redstone_torch":117,"stat.pickup.minecraft.golden_helmet":35,"stat.craftItem.minecraft.purple_shulker_box":26,"stat.useItem.minecraft.red_flower":37,"stat.craftItem.minecraft.bone_block":9941,"stat.useItem.minecraft.magenta_shulker_box":3,"stat.pickup.minecraft.anvil":7,"stat.useItem.minecraft.leaves2":78,"stat.mineBlock.minecraft.black_glazed_terracotta":2,"stat.useItem.minecraft.iron_ore":34,"stat.craftItem.minecraft.trapdoor":230,"stat.craftItem.minecraft.stone_pickaxe":4,"stat.pickup.minecraft.cobblestone":48342,"stat.craftItem.minecraft.glass_bottle":255,"stat.pickup.minecraft.soul_sand":1193,"stat.useItem.minecraft.cooked_beef":309,"stat.pickup.minecraft.cactus":524,"stat.pickup.minecraft.redstone":10080,"stat.pickup.minecraft.acacia_boat":26,"stat.craftItem.minecraft.dispenser":3,"stat.mineBlock.minecraft.iron_ore":4464,"stat.craftItem.minecraft.book":35,"stat.pickup.minecraft.mossy_cobblestone":321,"stat.drop.minecraft.iron_bars":1,"achievement.spawnWither":1,"stat.drop.minecraft.dirt":12,"stat.useItem.minecraft.cooked_porkchop":29,"stat.pickup.minecraft.iron_shovel":22,"stat.pickup.minecraft.trapdoor":93,"stat.pickup.minecraft.carpet":141,"stat.pickup.minecraft.diamond_shovel":33,"stat.craftItem.minecraft.acacia_fence":27,"stat.pickup.minecraft.jungle_stairs":146,"stat.craftItem.minecraft.snow_layer":798,"stat.pickup.minecraft.silver_shulker_box":15,"stat.pickup.minecraft.nether_star":2,"stat.useItem.minecraft.spruce_fence":269,"stat.pickup.minecraft.sandstone_stairs":35,"stat.pickup.minecraft.paper":5,"stat.craftItem.minecraft.stick":4724,"stat.craftItem.minecraft.stained_hardened_clay":3536,"stat.pickup.minecraft.grass":15001,"stat.useItem.minecraft.stone_pressure_plate":36,"stat.drop.minecraft.leaves":7,"stat.pickup.minecraft.golden_horse_armor":2,"stat.pickup.minecraft.diamond_chestplate":14,"stat.entityKilledBy.Creeper":1,"stat.drop.minecraft.tipped_arrow":32,"stat.breakItem.minecraft.shears":24,"stat.pickup.minecraft.blue_shulker_box":6,"stat.mineBlock.minecraft.planks":2641,"stat.drop":530,"stat.killEntity.Sheep":4,"stat.drop.minecraft.iron_boots":2,"stat.drop.minecraft.redstone_block":21,"stat.pickup.minecraft.golden_chestplate":46,"stat.useItem.minecraft.melon_seeds":16,"stat.useItem.minecraft.light_blue_glazed_terracotta":122,"stat.pickup.minecraft.purpur_pillar":217,"stat.craftItem.minecraft.piston":123,"stat.useItem.minecraft.quartz_stairs":130,"stat.drop.minecraft.cooked_beef":28,"stat.pickup.minecraft.black_glazed_terracotta":30,"stat.killEntity.Slime":233,"stat.mineBlock.minecraft.anvil":7,"stat.pickup.minecraft.purple_shulker_box":351,"stat.useItem.minecraft.waterlily":8,"stat.useItem.minecraft.apple":30,"stat.mineBlock.minecraft.deadbush":444,"stat.useItem.minecraft.black_glazed_terracotta":38,"stat.drop.minecraft.chainmail_helmet":2,"stat.useItem.minecraft.carpet":343,"stat.useItem.minecraft.potion":26,"stat.useItem.minecraft.flower_pot":23,"stat.mineBlock.minecraft.purpur_pillar":218,"stat.pickup.minecraft.fence":150,"stat.useItem.minecraft.stone_axe":268,"stat.craftItem.minecraft.iron_helmet":17,"stat.boatOneCm":4089030,"stat.craftItem.minecraft.flint_and_steel":4,"stat.useItem.minecraft.redstone_lamp":132,"stat.mineBlock.minecraft.leaves2":481,"stat.mineBlock.minecraft.stone_stairs":515,"stat.craftItem.minecraft.iron_bars":752,"stat.mineBlock.minecraft.furnace":97,"stat.pickup.minecraft.dark_oak_fence":92,"stat.pickup.minecraft.prismarine_shard":37,"stat.killEntity.CaveSpider":3195,"stat.pickup.minecraft.oak_stairs":615,"stat.pickup.minecraft.stained_glass":1848,"stat.damageDealt":453701,"stat.craftItem.minecraft.anvil":10,"stat.mineBlock.minecraft.nether_brick_stairs":1,"stat.pickup.minecraft.end_bricks":294,"stat.useItem.minecraft.crafting_table":229,"stat.craftItem.minecraft.stone_shovel":10,"stat.pickup.minecraft.boat":35,"stat.pickup.minecraft.stick":1062,"stat.pickup.minecraft.spectral_arrow":8,"achievement.enchantments":1,"stat.breakItem.minecraft.stone_pickaxe":1,"stat.craftItem.minecraft.diamond_boots":5,"stat.craftItem.minecraft.writable_book":10,"stat.useItem.minecraft.redstone_block":2,"stat.drop.minecraft.leather_chestplate":1,"stat.useItem.minecraft.spruce_stairs":3022,"stat.craftItem.minecraft.redstone":3966,"stat.useItem.minecraft.cactus":135,"stat.pickup.minecraft.chorus_fruit":1,"stat.craftItem.minecraft.red_nether_brick":128,"stat.killEntity.Chicken":8,"stat.useItem.minecraft.iron_block":2308,"stat.mineBlock.minecraft.quartz_ore":4795,"stat.craftItem.minecraft.tnt":22,"stat.pickup.minecraft.concrete_powder":55,"stat.pickup.minecraft.dragon_breath":10,"stat.drop.minecraft.diamond_boots":2,"stat.craftItem.minecraft.fence":498,"stat.craftItem.minecraft.jungle_fence":75,"stat.useItem.minecraft.golden_apple":1,"stat.mineBlock.minecraft.leaves":5311,"stat.craftItem.minecraft.purpur_slab":432,"stat.mineBlock.minecraft.piston":1,"stat.mineBlock.minecraft.bone_block":208,"stat.craftItem.minecraft.tripwire_hook":170,"stat.beaconInteraction":41,"stat.pickup.minecraft.wooden_slab":4244,"stat.leaveGame":464,"stat.pickup.minecraft.jungle_fence":11,"stat.useItem.minecraft.glowstone":230,"stat.mineBlock.minecraft.sandstone":5935,"stat.craftItem.minecraft.ender_eye":16,"stat.killEntity.PigZombie":49,"stat.craftItem.minecraft.shield":3,"stat.craftItem.minecraft.stone_pressure_plate":77,"stat.pickup.minecraft.leaves2":584,"stat.useItem.minecraft.sandstone_stairs":367,"stat.pickup.minecraft.brick_block":825,"stat.useItem.minecraft.birch_boat":21,"stat.useItem.minecraft.purpur_stairs":18,"stat.mineBlock.minecraft.wooden_slab":2198,"stat.pickup.minecraft.leather_boots":55,"stat.killEntity.Witch":24,"stat.drop.minecraft.sand":4,"stat.killEntity.MushroomCow":1,"stat.craftItem.minecraft.wooden_pickaxe":1,"stat.craftItem.minecraft.iron_door":9,"stat.useItem.minecraft.iron_shovel":1329,"stat.drop.minecraft.chainmail_leggings":1,"stat.mineBlock.minecraft.brick_block":714,"stat.craftItem.minecraft.bed":12,"stat.mineBlock.minecraft.vine":130,"stat.mineBlock.minecraft.hopper":57,"stat.pickup.minecraft.melon_block":1,"stat.drop.minecraft.gravel":10,"stat.mineBlock.minecraft.rail":18,"stat.useItem.minecraft.pumpkin_seeds":8,"stat.killEntity.ZombieVillager":7,"stat.drop.minecraft.red_flower":1,"stat.useItem.minecraft.double_plant":49,"stat.pickup.minecraft.prismarine":541,"stat.pickup.minecraft.beef":194,"stat.pickup.minecraft.leather_helmet":24,"stat.pickup.minecraft.cauldron":6,"stat.mineBlock.minecraft.stained_hardened_clay":25934,"stat.useItem.minecraft.trapdoor":275,"stat.useItem.minecraft.blue_shulker_box":5,"stat.useItem.minecraft.stained_glass":1248,"stat.useItem.minecraft.dark_oak_door":36,"stat.useItem.minecraft.ice":53,"stat.pickup.minecraft.magenta_shulker_box":5,"achievement.openInventory":24255,"stat.pickup.minecraft.potion":10,"stat.useItem.minecraft.wooden_button":23,"stat.craftItem.minecraft.dropper":2,"stat.useItem.minecraft.dye":1123,"stat.mineBlock.minecraft.stone_pressure_plate":14,"stat.useItem.minecraft.nether_brick":159,"stat.drop.minecraft.glass_bottle":1,"stat.drop.minecraft.torch":3,"stat.mineBlock.minecraft.tallgrass":1012,"achievement.potion":8,"stat.useItem.minecraft.cooked_rabbit":2,"stat.useItem.minecraft.stone":22025,"stat.pickup.minecraft.arrow":4981,"stat.pickup.minecraft.wooden_pressure_plate":11,"stat.killEntity.Ghast":71,"stat.useItem.minecraft.ender_chest":522,"stat.useItem.minecraft.white_shulker_box":27,"stat.useItem.minecraft.clay":3050,"achievement.killCow":60,"stat.mineBlock.minecraft.chest":400,"stat.pickup.minecraft.painting":55,"stat.mineBlock.minecraft.hardened_clay":17037,"stat.mineBlock.minecraft.concrete_powder":20,"stat.craftItem.minecraft.hopper":57,"stat.useItem.minecraft.emerald_ore":5,"stat.pickup.minecraft.gray_shulker_box":26,"stat.pickup.minecraft.nether_brick_fence":18,"stat.pickup.minecraft.yellow_shulker_box":34,"stat.pickup.minecraft.orange_shulker_box":30,"stat.useItem.minecraft.reeds":209,"stat.pickup.minecraft.birch_boat":26,"stat.craftItem.minecraft.wooden_sword":2,"stat.craftItem.minecraft.nether_brick":690,"stat.craftItem.minecraft.diamond_shovel":4,"stat.pickup.minecraft.wheat_seeds":957,"stat.mineBlock.minecraft.glass":71,"stat.useItem.minecraft.enchanting_table":1,"stat.pickup.minecraft.pink_shulker_box":11,"stat.mineBlock.minecraft.dirt":23637,"stat.pickup.minecraft.poisonous_potato":19,"stat.useItem.minecraft.bread":15,"stat.pickup.minecraft.brewing_stand":2,"stat.pickup.minecraft.light_blue_shulker_box":47,"stat.useItem.minecraft.cobblestone":3606,"stat.craftItem.minecraft.leather_boots":18,"stat.useItem.minecraft.gravel":109,"stat.mineBlock.minecraft.double_plant":57,"stat.minecartOneCm":291241,"stat.pickup.minecraft.iron_pickaxe":11,"stat.mineBlock.minecraft.end_rod":20,"stat.drop.minecraft.carrot":46,"stat.craftItem.minecraft.gold_ingot":81,"stat.pickup.minecraft.hopper":167,"stat.mineBlock.minecraft.silver_shulker_box":15,"stat.craftItem.minecraft.brewing_stand":1,"stat.useItem.minecraft.tallgrass":4,"stat.pickup.minecraft.apple":77,"stat.useItem.minecraft.fireworks":22,"stat.pickup.minecraft.banner":75,"achievement.portal":1467,"stat.itemEnchanted":92,"stat.useItem.minecraft.acacia_boat":22,"stat.mineBlock.minecraft.log":3592,"stat.useItem.minecraft.wooden_door":6,"achievement.acquireIron":19,"stat.useItem.minecraft.spruce_door":35,"stat.craftItem.minecraft.paper":123,"stat.pickup.minecraft.red_flower":191,"stat.pickup.minecraft.wool":1449,"stat.craftItem.minecraft.trapped_chest":180,"stat.pickup.minecraft.trapped_chest":67,"stat.pickup.minecraft.red_sandstone_stairs":1,"stat.cakeSlicesEaten":3,"stat.craftItem.minecraft.cooked_rabbit":3,"stat.craftItem.minecraft.diamond_leggings":5,"stat.mineBlock.minecraft.acacia_stairs":2,"stat.useItem.minecraft.iron_axe":504,"stat.mineBlock.minecraft.silver_glazed_terracotta":58,"stat.mineBlock.minecraft.yellow_flower":111,"stat.useItem.minecraft.skull":12,"stat.craftItem.minecraft.wool":56,"stat.useItem.minecraft.snow":594,"stat.useItem.minecraft.concrete_powder":720,"stat.pickup.minecraft.enchanted_book":30,"stat.pickup.minecraft.glowstone":728,"achievement.buildWorkBench":66,"stat.pickup.minecraft.writable_book":2,"stat.useItem.minecraft.obsidian":301,"stat.pickup.minecraft.sticky_piston":28,"stat.pickup.minecraft.bow":227,"stat.craftItem.minecraft.dark_oak_door":24,"stat.pickup.minecraft.chorus_fruit_popped":1,"stat.useItem.minecraft.egg":30,"stat.pickup.minecraft.coal_ore":3568,"stat.mineBlock.minecraft.obsidian":354,"stat.pickup.minecraft.shears":14,"stat.craftItem.minecraft.bow":20,"stat.pickup.minecraft.iron_trapdoor":5,"stat.flyOneCm":65976748,"stat.pickup.minecraft.sandstone":5966,"stat.pickup.minecraft.nether_brick_stairs":2,"stat.pickup.minecraft.fish":1111,"stat.craftItem.minecraft.stained_glass":2248,"stat.timeSinceDeath":3292534,"stat.pickup.minecraft.quartz_ore":2,"stat.craftItem.minecraft.painting":16,"stat.cauldronFilled":4,"stat.drop.minecraft.repeater":1,"stat.killEntity.Bat":4,"stat.useItem.minecraft.potato":448,"stat.pickup.minecraft.chainmail_helmet":16,"stat.pickup.minecraft.nether_wart":2236,"stat.mineBlock.minecraft.enchanting_table":1,"stat.pickup.minecraft.spruce_fence":157,"stat.craftItem.minecraft.concrete_powder":1024,"stat.mineBlock.minecraft.coal_ore":6232,"stat.pickup.minecraft.shield":19,"stat.craftItem.minecraft.stone_hoe":5,"stat.talkedToVillager":8,"stat.drop.minecraft.baked_potato":2,"stat.mineBlock.minecraft.red_mushroom_block":11,"stat.pickup.minecraft.string":2335,"stat.craftItem.minecraft.golden_helmet":1,"stat.mineBlock.minecraft.ladder":81,"stat.useItem.minecraft.written_book":33,"stat.mineBlock.minecraft.chorus_flower":6,"stat.useItem.minecraft.diamond_shovel":48901,"stat.craftItem.minecraft.wooden_axe":3,"stat.pickup.minecraft.bone_block":2761,"stat.mineBlock.minecraft.diamond_ore":328,"stat.pickup.minecraft.fireworks":483,"stat.useItem.minecraft.brown_mushroom_block":4,"stat.craftItem.minecraft.wooden_pressure_plate":6,"achievement.killEnemy":25359,"stat.breakItem.minecraft.iron_shovel":4,"stat.useItem.minecraft.ladder":390,"stat.useItem.minecraft.diamond_ore":57,"stat.useItem.minecraft.cyan_shulker_box":20,"stat.pickup.minecraft.snowball":431,"stat.useItem.minecraft.birch_stairs":339,"stat.killEntity.Guardian":13,"stat.craftItem.minecraft.sandstone_stairs":344,"stat.diveOneCm":2676864,"stat.useItem.minecraft.sticky_piston":125,"stat.craftItem.minecraft.ladder":339,"achievement.buildHoe":8,"stat.mineBlock.minecraft.stone_button":9,"stat.drop.minecraft.ladder":96,"stat.pickup.minecraft.stone_axe":3,"stat.pickup.minecraft.stained_glass_pane":284,"stat.useItem.minecraft.rotten_flesh":73,"stat.craftItem.minecraft.diamond_sword":7,"stat.mineBlock.minecraft.blue_shulker_box":6,"stat.jump":278637,"stat.useItem.minecraft.sand":954,"stat.pickup.minecraft.white_shulker_box":31,"stat.mineBlock.minecraft.light_blue_glazed_terracotta":62,"stat.craftItem.minecraft.torch":4224,"achievement.makeBread":16,"stat.mineBlock.minecraft.spruce_fence_gate":8,"stat.mineBlock.minecraft.purpur_block":40,"stat.useItem.minecraft.glass":132,"stat.pickup.minecraft.stone_shovel":5,"stat.useItem.minecraft.sapling":84,"stat.pickup.minecraft.gold_ore":942,"achievement.blazeRod":55,"stat.mineBlock.minecraft.glass_pane":39,"stat.damageTaken":136005,"stat.useItem.minecraft.red_shulker_box":18,"stat.useItem.minecraft.end_crystal":4,"stat.mineBlock.minecraft.melon_block":81,"stat.useItem.minecraft.gold_block":235,"stat.mineBlock.minecraft.sapling":4,"stat.pickup.minecraft.log2":3864,"stat.mineBlock.minecraft.sandstone_stairs":35,"stat.useItem.minecraft.purple_shulker_box":337,"stat.pickup.minecraft.bed":150,"stat.pickup.minecraft.concrete":847,"stat.pickup.minecraft.acacia_fence":3,"stat.pickup.minecraft.quartz_block":1289,"stat.pickup.minecraft.potato":1280,"stat.killEntity.Shulker":25,"stat.entityKilledBy.Zombie":1,"stat.killEntity.Silverfish":78,"stat.craftItem.minecraft.stone_slab":14034,"stat.animalsBred":36,"stat.useItem.minecraft.chest":789,"stat.mineBlock.minecraft.light_blue_shulker_box":47,"stat.shulkerBoxOpened":2303,"stat.craftItem.minecraft.iron_chestplate":18,"stat.pickup.minecraft.baked_potato":554,"stat.drop.minecraft.potato":1,"stat.pickup.minecraft.ender_pearl":21382,"stat.drop.minecraft.wooden_slab":169,"stat.pickup.minecraft.ladder":392,"stat.useItem.minecraft.netherrack":2270,"stat.craftItem.minecraft.stained_glass_pane":1504,"stat.mineBlock.minecraft.tnt":13,"stat.craftItem.minecraft.bookshelf":11,"stat.useItem.minecraft.tripwire_hook":14,"stat.mineBlock.minecraft.stonebrick":8073,"stat.mineBlock.minecraft.gray_glazed_terracotta":3,"stat.craftItem.minecraft.purpur_stairs":16,"stat.mineBlock.minecraft.glowstone":835,"stat.craftItem.minecraft.shears":37,"stat.useItem.minecraft.cobblestone_wall":1379,"stat.pickup.minecraft.iron_horse_armor":2,"stat.useItem.minecraft.writable_book":16,"stat.pickup.minecraft.torch":3269,"stat.drop.minecraft.diamond_shovel":2,"stat.pickup.minecraft.spruce_boat":10,"stat.useItem.minecraft.purpur_slab":137,"stat.drop.minecraft.arrow":15,"stat.drop.minecraft.shears":1,"stat.craftItem.minecraft.compass":2,"stat.useItem.minecraft.end_bricks":287,"stat.craftItem.minecraft.iron_axe":3,"stat.killEntity.Ozelot":2,"stat.mineBlock.minecraft.purple_shulker_box":330,"stat.pickup.minecraft.lapis_block":78,"stat.pickup.minecraft.fishing_rod":23,"stat.useItem.minecraft.planks":8885,"stat.useItem.minecraft.nether_brick_stairs":27,"stat.pickup.minecraft.porkchop":42,"stat.pickup.minecraft.glass":774,"stat.drop.minecraft.melon":16,"stat.useItem.minecraft.red_sandstone_stairs":1,"stat.useItem.minecraft.pink_shulker_box":9,"stat.useItem.minecraft.water_bucket":334,"stat.pickup.minecraft.sand":7324,"stat.craftItem.minecraft.golden_apple":2,"stat.craftItem.minecraft.dark_oak_fence":120,"stat.pickup.minecraft.hardened_clay":15771,"stat.entityKilledBy.Spider":1,"stat.useItem.minecraft.red_nether_brick":170,"stat.pickup.minecraft.name_tag":122,"achievement.diamonds":288,"stat.drop.minecraft.hardened_clay":28,"stat.drop.minecraft.splash_potion":1,"stat.aviateOneCm":131088458,"stat.useItem.minecraft.ender_pearl":890,"stat.useItem.minecraft.brown_mushroom":1,"stat.craftItem.minecraft.cooked_fish":7,"achievement.buildBetterPickaxe":30,"stat.craftItem.minecraft.blaze_powder":18,"stat.drop.minecraft.golden_sword":1,"achievement.breedCow":28,"stat.useItem.minecraft.oak_stairs":1264,"stat.mineBlock.minecraft.dark_oak_stairs":438,"stat.useItem.minecraft.dark_oak_stairs":2126,"stat.drop.minecraft.stone_slab":41,"stat.pickup.minecraft.fence_gate":3,"stat.mineBlock.minecraft.birch_stairs":135,"stat.pickup.minecraft.filled_map":2,"stat.pickup.minecraft.furnace":160,"stat.useItem.minecraft.redstone":1768,"achievement.overkill":70,"stat.mineBlock.minecraft.end_bricks":298,"stat.mineBlock.minecraft.redstone_lamp":12,"achievement.mineWood":5490,"stat.pickup.minecraft.iron_chestplate":18,"stat.pickup.minecraft.end_rod":27,"stat.useItem.minecraft.stone_stairs":1617,"stat.pickup.minecraft.skull":32,"stat.mineBlock.minecraft.red_shulker_box":20,"stat.mineBlock.minecraft.brick_stairs":43,"stat.useItem.minecraft.hopper":81,"stat.mineBlock.minecraft.oak_stairs":424,"stat.drop.minecraft.golden_carrot":52,"stat.playOneMinute":25477261,"stat.drop.minecraft.string":21,"stat.useItem.minecraft.jungle_stairs":300,"stat.useItem.minecraft.shears":4340,"stat.pickup.minecraft.beacon":20,"stat.mineBlock.minecraft.brown_mushroom_block":54,"stat.pickup.minecraft.iron_bars":301,"stat.pickup.minecraft.dispenser":6,"stat.mineBlock.minecraft.dark_oak_fence":51,"stat.craftItem.minecraft.carpet":300,"stat.mineBlock.minecraft.netherrack":26898,"stat.mineBlock.minecraft.dispenser":4,"stat.craftItem.minecraft.dark_oak_stairs":1988,"stat.useItem.minecraft.quartz_ore":2,"stat.pickup.minecraft.cooked_chicken":681,"stat.fallOneCm":5725983,"stat.drop.minecraft.brown_mushroom_block":50,"stat.drop.minecraft.dye":16,"stat.craftItem.minecraft.chest":659,"stat.craftItem.minecraft.banner":220,"stat.useItem.minecraft.nether_brick_fence":18,"stat.mineBlock.minecraft.lever":9,"stat.pickup.minecraft.red_mushroom":42,"stat.useItem.minecraft.iron_hoe":17,"stat.craftItem.minecraft.end_bricks":288,"stat.pickup.minecraft.comparator":4,"stat.pickup.minecraft.feather":58,"stat.drop.minecraft.iron_leggings":3,"stat.pickup.minecraft.record_cat":3,"stat.mineBlock.minecraft.red_nether_brick":82,"stat.mineBlock.minecraft.spruce_fence":136,"stat.useItem.minecraft.yellow_shulker_box":33,"achievement.fullBeacon":12,"stat.craftItem.minecraft.dark_oak_fence_gate":2,"stat.pickup.minecraft.lead":8,"stat.useItem.minecraft.stone_pickaxe":260,"stat.craftItem.minecraft.birch_stairs":404,"stat.useItem.minecraft.stone_sword":198,"stat.craftItem.minecraft.iron_leggings":17,"stat.useItem.minecraft.orange_shulker_box":24,"stat.killEntity.Rabbit":1,"stat.craftItem.minecraft.oak_stairs":1308,"stat.pickup.minecraft.redstone_ore":1122,"stat.pickup.minecraft.chainmail_boots":12,"stat.drop.minecraft.stick":12,"stat.useItem.minecraft.iron_bars":611,"stat.mineBlock.minecraft.monster_egg":149,"stat.mineBlock.minecraft.quartz_stairs":72,"stat.useItem.minecraft.bone_block":625,"stat.mineBlock.minecraft.pink_shulker_box":11,"stat.killEntity.LavaSlime":148,"stat.pickup.minecraft.log":8369,"achievement.theEnd2":1,"stat.mineBlock.minecraft.golden_rail":2,"stat.craftItem.minecraft.hopper_minecart":2,"stat.breakItem.minecraft.diamond_chestplate":1,"stat.pickup.minecraft.tallgrass":28,"stat.breakItem.minecraft.iron_helmet":1,"stat.pickup.minecraft.chainmail_leggings":7,"stat.pickup.minecraft.wooden_door":9,"stat.entityKilledBy.Enderman":5,"stat.mineBlock.minecraft.iron_block":2096,"stat.mineBlock.minecraft.tripwire_hook":1,"stat.craftItem.minecraft.snow":699,"stat.pickup.minecraft.diamond_helmet":23,"stat.drop.minecraft.dropper":2,"stat.useItem.minecraft.stone_hoe":43,"stat.craftItem.minecraft.flower_pot":21,"stat.sneakTime":435887,"stat.mineBlock.minecraft.cobblestone_wall":394,"stat.mineBlock.minecraft.yellow_shulker_box":34,"stat.useItem.minecraft.brewing_stand":1,"stat.pickup.minecraft.chest":446,"stat.craftItem.minecraft.enchanting_table":1,"stat.useItem.minecraft.web":20,"stat.useItem.minecraft.lapis_block":17,"stat.drop.minecraft.red_shulker_box":1,"stat.pickup.minecraft.stone_pressure_plate":29,"stat.pickup.minecraft.lit_pumpkin":7,"stat.useItem.minecraft.repeater":39,"stat.craftItem.minecraft.stone_brick_stairs":6088,"stat.useItem.minecraft.silver_glazed_terracotta":58,"stat.craftItem.minecraft.iron_trapdoor":11,"stat.swimOneCm":2057769,"stat.mineBlock.minecraft.spruce_stairs":668,"stat.drop.minecraft.brown_mushroom":3,"stat.useItem.minecraft.dirt":8886,"stat.pickup.minecraft.purpur_block":116,"achievement.exploreAllBiomes":{"value":0,"progress":["Sunflower Plains","Cold Taiga","Roofed Forest","Birch Forest","Extreme Hills M","MushroomIslandShore","The End","Extreme Hills+ M","Beach","FrozenRiver","Mesa Plateau","Mega Taiga Hills","Extreme Hills+","Cold Beach","Ocean","River","JungleEdge","Taiga","Mega Taiga","MushroomIsland","Swampland","Ice Mountains","Birch Forest Hills","Mesa Plateau F","Savanna Plateau","Roofed Forest M","Mesa","ForestHills","Flower Forest","Plains","Ice Plains Spikes","TaigaHills","DesertHills","Stone Beach","Ice Plains","Jungle","Forest","JungleHills","Desert","Extreme Hills","Mesa (Bryce)","Deep Ocean","Hell","Savanna","Swampland M"]},"stat.pickup.minecraft.enchanting_table":1,"stat.drop.minecraft.ender_pearl":2167,"stat.mineBlock.minecraft.magma":734,"stat.pickup.minecraft.quartz_stairs":104,"stat.mineBlock.minecraft.carpet":83,"stat.pickup.minecraft.gold_block":156,"stat.mineBlock.minecraft.redstone_block":2,"stat.useItem.minecraft.stone_shovel":118,"stat.pickup.minecraft.clay":3037,"stat.pickup.minecraft.glass_bottle":268,"stat.drop.minecraft.wheat_seeds":5,"stat.craftItem.minecraft.wooden_slab":11658,"stat.useItem.minecraft.sign":163,"stat.drop.minecraft.log":59,"stat.pickup.minecraft.mutton":12,"achievement.theEnd":49,"stat.useItem.minecraft.lever":99,"stat.mineBlock.minecraft.coal_block":15,"stat.pickup.minecraft.dark_oak_door":23,"stat.drop.minecraft.golden_boots":1,"stat.pickup.minecraft.stonebrick":10805,"stat.pickup.minecraft.redstone_lamp":27,"stat.mineBlock.minecraft.nether_brick":75,"stat.craftItem.minecraft.nether_brick_fence":18,"stat.mineBlock.minecraft.red_sandstone_stairs":1,"stat.pickup.minecraft.snow_layer":128,"stat.useItem.minecraft.purpur_pillar":215,"stat.craftItem.minecraft.brick_block":3019,"stat.pickup.minecraft.gray_glazed_terracotta":35,"stat.drop.minecraft.potion":3,"stat.useItem.minecraft.stone_slab":9938,"stat.useItem.minecraft.bed":142,"stat.craftItem.minecraft.stone":5468,"stat.craftItem.minecraft.armor_stand":19,"stat.mineBlock.minecraft.crafting_table":208,"stat.useItem.minecraft.diamond_pickaxe":286047,"stat.mineBlock.minecraft.quartz_block":431,"stat.useItem.minecraft.carrot":93,"stat.killEntity.Endermite":15,"stat.useItem.minecraft.bucket":544,"achievement.buildFurnace":729,"stat.pickup.minecraft.stone_button":94,"stat.pickup.minecraft.slime_ball":373,"stat.useItem.minecraft.purpur_block":57,"stat.mineBlock.minecraft.cyan_shulker_box":20,"stat.craftItem.minecraft.diamond_pickaxe":12,"stat.craftItem.minecraft.clay":64,"stat.pickup.minecraft.gravel":4742,"stat.useItem.minecraft.glass_bottle":90,"stat.useItem.minecraft.diamond_axe":13562,"stat.pickup.minecraft.purpur_stairs":18,"stat.pickup.minecraft.red_shulker_box":20,"stat.useItem.minecraft.stained_glass_pane":1210,"stat.pickup.minecraft.stone_brick_stairs":2088,"stat.pickup.minecraft.diamond_sword":38,"stat.craftItem.minecraft.brick_stairs":20,"stat.pickup.minecraft.brick":5,"stat.useItem.minecraft.wooden_hoe":60,"stat.pickup.minecraft.iron_helmet":17,"stat.craftItem.minecraft.birch_boat":8,"stat.useItem.minecraft.piston":11,"stat.craftItem.minecraft.bread":10,"stat.pickup.minecraft.spider_eye":1465,"stat.useItem.minecraft.mycelium":2,"stat.useItem.minecraft.stone_button":598,"stat.pickup.minecraft.diamond_ore":119,"stat.mineBlock.minecraft.magenta_shulker_box":5,"stat.useItem.minecraft.cooked_chicken":3213,"stat.craftItem.minecraft.end_crystal":4,"stat.pickup.minecraft.iron_ore":4935,"stat.pickup.minecraft.snow":1133,"stat.mineBlock.minecraft.iron_bars":133,"stat.pickup.minecraft.leaves":4530,"stat.pickup.minecraft.leather":269,"stat.useItem.minecraft.wooden_pickaxe":27,"stat.dispenserInspected":30,"stat.mineBlock.minecraft.mycelium":5241,"stat.pickup.minecraft.reeds":632,"stat.pickup.minecraft.prismarine_crystals":9,"stat.useItem.minecraft.magma":211,"stat.craftItem.minecraft.glass":20,"stat.drop.minecraft.cooked_chicken":9,"stat.craftItem.minecraft.cauldron":6,"stat.sleepInBed":580,"stat.craftItem.minecraft.baked_potato":564,"stat.killEntity.Cow":63,"stat.pickup.minecraft.minecart":20,"stat.killEntity.Pig":13,"stat.craftItem.minecraft.iron_sword":3,"stat.pickup.minecraft.piston":1,"stat.breakItem.minecraft.fishing_rod":2,"stat.walkOneCm":69703637,"stat.playerKills":14,"stat.pickup.minecraft.clay_ball":12469,"stat.mineBlock.minecraft.trapped_chest":67,"stat.useItem.minecraft.dark_oak_fence_gate":2,"stat.pickup.minecraft.purpur_slab":137,"stat.useItem.minecraft.spruce_boat":9,"stat.drop.minecraft.diamond_axe":3,"stat.pickup.minecraft.tnt":22,"stat.drop.minecraft.iron_chestplate":2,"stat.pickup.minecraft.stone":154864,"stat.mineBlock.minecraft.wool":118,"stat.drop.minecraft.slime":64,"stat.pickup.minecraft.silver_glazed_terracotta":58,"stat.drop.minecraft.diamond_leggings":1,"stat.mineBlock.minecraft.packed_ice":15845,"stat.useItem.minecraft.leaves":2609,"stat.craftItem.minecraft.minecart":5,"stat.pickup.minecraft.gold_ingot":378,"stat.useItem.minecraft.prismarine":173,"stat.killEntity.Skeleton":3156,"stat.mineBlock.minecraft.cactus":67,"stat.drop.minecraft.chainmail_boots":1,"stat.mineBlock.minecraft.redstone_torch":52,"stat.killEntity.Spider":157,"stat.pickup.minecraft.bread":17,"stat.craftItem.minecraft.spruce_fence":225,"stat.pickup.minecraft.quartz":10637,"stat.breakItem.minecraft.iron_axe":1,"stat.pickup.minecraft.water_bucket":17,"stat.pickup.minecraft.spruce_stairs":1419,"stat.mineBlock.minecraft.redstone_ore":2396,"stat.pickup.minecraft.elytra":19,"stat.pickup.minecraft.lava_bucket":16,"stat.craftItem.minecraft.coal_block":472,"stat.craftItem.minecraft.brick":319,"stat.mineBlock.minecraft.stone":150795,"stat.useItem.minecraft.sandstone":3000}