{"stat.useItem.minecraft.bow":1480,"stat.useItem.minecraft.quartz_block":116,"stat.pickup.minecraft.wooden_slab":139,"stat.leaveGame":177,"stat.useItem.minecraft.glowstone":145,"stat.pickup.minecraft.dark_oak_boat":1,"stat.mineBlock.minecraft.sandstone":36,"stat.craftItem.minecraft.ender_eye":7,"stat.mineBlock.minecraft.stained_glass":9,"stat.killEntity.PigZombie":10,"stat.craftItem.minecraft.stone_pressure_plate":4,"stat.mineBlock.minecraft.web":2,"stat.drop.minecraft.iron_sword":1,"stat.pickup.minecraft.rotten_flesh":612,"stat.useItem.minecraft.birch_boat":16,"stat.useItem.minecraft.rail":55,"stat.killEntity.Enderman":19836,"stat.mineBlock.minecraft.wooden_slab":15,"stat.pickup.minecraft.leather_boots":2,"stat.useItem.minecraft.anvil":21,"stat.craftItem.minecraft.iron_shovel":3,"achievement.buildPickaxe":38,"stat.killEntity.Witch":6,"stat.mineBlock.minecraft.end_stone":2641,"stat.useItem.minecraft.iron_pickaxe":6610,"stat.pickup.minecraft.stained_hardened_clay":8411,"stat.craftItem.minecraft.wooden_pickaxe":2,"stat.useItem.minecraft.iron_shovel":1354,"stat.pickup.minecraft.double_plant":22,"stat.craftItem.minecraft.bed":3,"stat.useItem.minecraft.hardened_clay":275,"stat.mineBlock.minecraft.hopper":49,"stat.pickup.minecraft.wooden_shovel":26,"stat.furnaceInteraction":435,"stat.mineBlock.minecraft.rail":35,"stat.pickup.minecraft.nether_brick":134,"stat.useItem.minecraft.end_stone":5,"stat.mineBlock.minecraft.wooden_button":4,"stat.pickup.minecraft.hay_block":13,"stat.pickup.minecraft.leather_helmet":2,"stat.mineBlock.minecraft.stained_hardened_clay":6514,"stat.useItem.minecraft.trapdoor":182,"stat.useItem.minecraft.stained_glass":801,"stat.useItem.minecraft.fence":14,"achievement.openInventory":4492,"stat.pickup.minecraft.potion":1,"stat.useItem.minecraft.flint_and_steel":278,"stat.mineBlock.minecraft.fence":2,"stat.useItem.minecraft.wheat_seeds":278,"stat.useItem.minecraft.wooden_button":6,"stat.craftItem.minecraft.dropper":4,"stat.useItem.minecraft.dye":46,"stat.pickup.minecraft.lever":75,"stat.deaths":19,"stat.pickup.minecraft.egg":360,"stat.craftItem.minecraft.item_frame":60,"stat.craftItem.minecraft.wooden_shovel":26,"stat.mineBlock.minecraft.stone_pressure_plate":7,"stat.useItem.minecraft.nether_brick":26,"stat.craftItem.minecraft.iron_pickaxe":16,"stat.pickup.minecraft.item_frame":87,"stat.drop.minecraft.torch":1,"stat.craftItem.minecraft.repeater":15,"stat.mineBlock.minecraft.tallgrass":16,"stat.chestOpened":4614,"stat.useItem.minecraft.lapis_ore":66,"stat.craftItem.minecraft.sign":96,"stat.useItem.minecraft.stone":1269,"stat.pickup.minecraft.iron_sword":5,"stat.pickup.minecraft.arrow":332,"stat.killEntity.Ghast":32,"stat.useItem.minecraft.ender_chest":89,"stat.pickup.minecraft.lapis_ore":66,"stat.craftItem.minecraft.quartz_block":205,"stat.pickup.minecraft.gold_nugget":23,"stat.craftItem.minecraft.coal":450,"stat.craftItem.minecraft.ender_chest":7,"stat.pickup.minecraft.carrot":141,"stat.crouchOneCm":1470966,"achievement.killCow":3,"stat.mineBlock.minecraft.chest":122,"stat.pickup.minecraft.rail":42,"stat.craftItem.minecraft.diamond":18,"stat.craftItem.minecraft.iron_ingot":1073,"stat.pickup.minecraft.ender_chest":81,"stat.mineBlock.minecraft.hardened_clay":1448,"stat.craftItem.minecraft.hopper":30,"stat.craftingTableInteraction":318,"stat.pickup.minecraft.nether_brick_fence":3,"stat.pickup.minecraft.repeater":14,"stat.mineBlock.minecraft.log2":241,"stat.pickup.minecraft.wooden_pickaxe":1,"stat.useItem.minecraft.reeds":6,"stat.pickup.minecraft.birch_boat":18,"stat.craftItem.minecraft.nether_brick":2305,"stat.pickup.minecraft.dye":1777,"stat.pickup.minecraft.planks":348,"stat.craftItem.minecraft.diamond_shovel":1,"stat.pickup.minecraft.wheat_seeds":240,"stat.mineBlock.minecraft.glass":67,"stat.mineBlock.minecraft.ender_chest":82,"stat.mineBlock.minecraft.dirt":2017,"stat.pickup.minecraft.poisonous_potato":2,"stat.useItem.minecraft.bread":51,"stat.useItem.minecraft.cobblestone":1186,"stat.pickup.minecraft.magma":115,"stat.useItem.minecraft.gravel":13,"stat.mineBlock.minecraft.double_plant":1,"stat.minecartOneCm":776285,"stat.pickup.minecraft.iron_pickaxe":5,"stat.mineBlock.minecraft.end_rod":14,"stat.craftItem.minecraft.gold_ingot":331,"stat.pickup.minecraft.hopper":55,"stat.pickup.minecraft.chicken":4,"stat.pickup.minecraft.apple":21,"stat.pickup.minecraft.end_stone":2793,"achievement.portal":246,"stat.craftItem.minecraft.bucket":2,"stat.craftItem.minecraft.planks":6118,"stat.useItem.minecraft.iron_sword":398,"stat.itemEnchanted":148,"stat.pickup.minecraft.stone_sword":14,"stat.pickup.minecraft.book":5,"stat.useItem.minecraft.stonebrick":1223,"stat.mineBlock.minecraft.log":674,"stat.craftItem.minecraft.wooden_door":6,"stat.useItem.minecraft.wooden_door":5,"stat.useItem.minecraft.spruce_door":1,"achievement.acquireIron":48,"stat.craftItem.minecraft.paper":327,"stat.pickup.minecraft.red_flower":4,"stat.pickup.minecraft.red_nether_brick":256,"stat.pickup.minecraft.wool":574,"stat.craftItem.minecraft.trapped_chest":81,"stat.pickup.minecraft.trapped_chest":51,"stat.craftItem.minecraft.spruce_door":3,"stat.craftItem.minecraft.diamond_leggings":1,"stat.useItem.minecraft.iron_axe":1207,"stat.pickup.minecraft.spruce_fence_gate":1,"stat.mineBlock.minecraft.cobblestone":819,"stat.mineBlock.minecraft.pumpkin":2,"stat.pickup.minecraft.flint":13,"stat.mineBlock.minecraft.yellow_flower":3,"stat.useItem.minecraft.skull":1,"stat.pickup.minecraft.flower_pot":1,"stat.craftItem.minecraft.wool":1664,"stat.pickup.minecraft.enchanted_book":31,"stat.pickup.minecraft.glowstone":577,"achievement.buildWorkBench":81,"stat.pickup.minecraft.cooked_porkchop":1,"stat.breakItem.minecraft.iron_pickaxe":8,"stat.mineBlock.minecraft.dropper":10,"stat.useItem.minecraft.obsidian":82,"stat.useItem.minecraft.cookie":1,"stat.pickup.minecraft.bow":20,"stat.pickup.minecraft.iron_boots":11,"stat.pickup.minecraft.diamond_horse_armor":1,"stat.craftItem.minecraft.furnace":28,"stat.craftItem.minecraft.lapis_block":174,"stat.mineBlock.minecraft.detector_rail":13,"stat.useItem.minecraft.egg":438,"stat.craftItem.minecraft.spruce_boat":2,"stat.pickup.minecraft.nether_wart_block":424,"stat.pickup.minecraft.coal_ore":701,"stat.mineBlock.minecraft.obsidian":136,"stat.pickup.minecraft.shears":4,"stat.craftItem.minecraft.bow":3,"stat.pickup.minecraft.diamond_leggings":1,"stat.flyOneCm":8112351,"stat.pickup.minecraft.sandstone":786,"stat.pickup.minecraft.nether_brick_stairs":14,"stat.craftItem.minecraft.stained_glass":880,"stat.timeSinceDeath":1510749,"stat.pickup.minecraft.quartz_ore":6467,"stat.useItem.minecraft.wooden_slab":114,"stat.craftItem.minecraft.iron_block":51,"stat.killEntity.Bat":4,"stat.craftItem.minecraft.stonebrick":1588,"stat.useItem.minecraft.potato":247,"stat.pickup.minecraft.nether_wart":545,"stat.pickup.minecraft.spruce_fence":5,"stat.mineBlock.minecraft.coal_ore":1857,"stat.killEntity.Creeper":58,"stat.pickup.minecraft.shield":4,"stat.pickup.minecraft.string":570,"stat.mineBlock.minecraft.ladder":4,"stat.entityKilledBy.Skeleton":1,"achievement.buildSword":4,"stat.useItem.minecraft.written_book":21,"stat.killEntity.Squid":11,"stat.useItem.minecraft.dropper":14,"stat.sprintOneCm":14004256,"stat.useItem.minecraft.diamond_shovel":3159,"stat.mineBlock.minecraft.stone_slab":23,"stat.useItem.minecraft.hay_block":13,"stat.pickup.minecraft.bone_block":43,"stat.mineBlock.minecraft.diamond_ore":82,"stat.pickup.minecraft.leather_leggings":3,"stat.craftItem.minecraft.wooden_pressure_plate":5,"stat.craftItem.minecraft.redstone_lamp":141,"achievement.killEnemy":20866,"stat.pickup.minecraft.sugar":2,"stat.breakItem.minecraft.iron_shovel":2,"stat.useItem.minecraft.ladder":197,"stat.useItem.minecraft.diamond_ore":33,"stat.pickup.minecraft.iron_block":128,"stat.killEntity.Zombie":239,"stat.craftItem.minecraft.dye":2039,"stat.craftItem.minecraft.diamond_axe":1,"stat.mineBlock.minecraft.gold_ore":159,"stat.diveOneCm":151923,"stat.craftItem.minecraft.slime_ball":378,"stat.pickup.minecraft.wheat":144,"stat.mineBlock.minecraft.mossy_cobblestone":212,"stat.craftItem.minecraft.ladder":189,"achievement.buildHoe":1,"stat.pickup.minecraft.sign":102,"stat.pickup.minecraft.obsidian":144,"stat.craftItem.minecraft.diamond_sword":1,"stat.jump":35888,"stat.useItem.minecraft.sand":17,"stat.pickup.minecraft.coal":3159,"stat.pickup.minecraft.iron_ingot":109,"stat.useItem.minecraft.dark_oak_boat":1,"stat.craftItem.minecraft.lever":145,"stat.drop.minecraft.diamond_sword":1,"stat.pickup.minecraft.gunpowder":83,"stat.craftItem.minecraft.torch":1308,"stat.pickup.minecraft.dirt":2532,"stat.useItem.minecraft.coal_ore":609,"stat.mineBlock.minecraft.spruce_fence_gate":1,"stat.useItem.minecraft.glass":182,"stat.useItem.minecraft.dispenser":4,"stat.useItem.minecraft.sapling":100,"stat.pickup.minecraft.gold_ore":158,"stat.mineBlock.minecraft.lapis_ore":153,"achievement.blazeRod":186,"stat.pickup.minecraft.cookie":2,"stat.pickup.minecraft.iron_axe":5,"stat.damageTaken":35846,"stat.useItem.minecraft.stone_brick_stairs":60,"stat.mineBlock.minecraft.torch":489,"stat.mineBlock.minecraft.melon_block":31,"stat.pickup.minecraft.written_book":4,"stat.mineBlock.minecraft.sapling":1,"stat.pickup.minecraft.magma_cream":55,"stat.pickup.minecraft.log2":347,"stat.craftItem.minecraft.comparator":2,"stat.craftItem.minecraft.glowstone":89,"stat.pickup.minecraft.bed":10,"stat.pickup.minecraft.quartz_block":19,"stat.pickup.minecraft.potato":729,"stat.pickup.minecraft.diamond_axe":1,"stat.killEntity.Silverfish":1,"stat.craftItem.minecraft.stone_slab":518,"stat.animalsBred":1,"stat.useItem.minecraft.chest":323,"stat.pickup.minecraft.diamond_pickaxe":7,"stat.useItem.minecraft.pumpkin":2,"stat.useItem.minecraft.melon":12,"stat.useItem.minecraft.item_frame":144,"stat.pickup.minecraft.baked_potato":178,"stat.useItem.minecraft.stained_hardened_clay":5845,"stat.pickup.minecraft.ender_pearl":12433,"stat.useItem.minecraft.redstone_ore":135,"stat.pickup.minecraft.ladder":282,"stat.pickup.minecraft.cooked_beef":38,"stat.useItem.minecraft.netherrack":3173,"stat.craftItem.minecraft.stained_glass_pane":32,"stat.mineBlock.minecraft.stonebrick":229,"stat.drop.minecraft.cookie":1,"stat.mineBlock.minecraft.glowstone":577,"stat.pickup.minecraft.dark_oak_stairs":8,"stat.mobKills":21784,"stat.pickup.minecraft.diamond_boots":1,"stat.craftItem.minecraft.shears":12,"stat.useItem.minecraft.boat":6,"stat.useItem.minecraft.mossy_cobblestone":85,"stat.pickup.minecraft.diamond":405,"stat.pickup.minecraft.beetroot_seeds":233,"stat.pickup.minecraft.iron_horse_armor":3,"stat.useItem.minecraft.writable_book":3,"stat.pickup.minecraft.torch":840,"stat.pickup.minecraft.spruce_boat":2,"stat.breakItem.minecraft.stone_sword":2,"stat.useItem.minecraft.end_bricks":1347,"stat.pickup.minecraft.deadbush":1,"stat.craftItem.minecraft.iron_axe":3,"stat.useItem.minecraft.soul_sand":1,"stat.useItem.minecraft.lead":5,"stat.killEntity.Blaze":77,"stat.pickup.minecraft.lapis_block":192,"stat.pickup.minecraft.fishing_rod":2,"stat.useItem.minecraft.planks":1106,"stat.pickup.minecraft.golden_boots":1,"stat.pickup.minecraft.glowstone_dust":432,"stat.pickup.minecraft.glass":82,"stat.useItem.minecraft.water_bucket":208,"stat.mineBlock.minecraft.red_mushroom":4,"stat.mineBlock.minecraft.stone_brick_stairs":11,"stat.mineBlock.minecraft.nether_brick_fence":6,"stat.pickup.minecraft.sand":2216,"stat.pickup.minecraft.hardened_clay":1541,"stat.pickup.minecraft.name_tag":4,"achievement.diamonds":91,"stat.pickup.minecraft.wooden_hoe":1,"stat.aviateOneCm":6515054,"stat.craftItem.minecraft.stone_sword":2,"stat.useItem.minecraft.ender_pearl":624,"stat.pickup.minecraft.chainmail_chestplate":1,"stat.mineBlock.minecraft.sand":1833,"achievement.buildBetterPickaxe":34,"stat.craftItem.minecraft.blaze_powder":8,"stat.hopperInspected":54,"stat.drop.minecraft.diamond":2,"stat.breakItem.minecraft.flint_and_steel":4,"stat.pickup.minecraft.ghast_tear":9,"stat.trappedChestTriggered":119,"stat.useItem.minecraft.oak_stairs":57,"stat.mineBlock.minecraft.dark_oak_stairs":8,"stat.useItem.minecraft.dark_oak_stairs":36,"stat.pickup.minecraft.wooden_button":7,"stat.useItem.minecraft.minecart":44,"stat.pickup.minecraft.furnace":30,"stat.useItem.minecraft.redstone":360,"stat.mineBlock.minecraft.end_bricks":417,"stat.mineBlock.minecraft.redstone_lamp":44,"achievement.mineWood":843,"stat.pickup.minecraft.iron_chestplate":6,"stat.pickup.minecraft.end_rod":46,"stat.pickup.minecraft.skull":9,"stat.useItem.minecraft.stone_stairs":227,"stat.pickup.minecraft.stone_stairs":82,"stat.useItem.minecraft.hopper":74,"stat.pickup.minecraft.saddle":4,"stat.mineBlock.minecraft.soul_sand":149,"stat.mineBlock.minecraft.oak_stairs":22,"achievement.ghast":5,"stat.playOneMinute":6559296,"stat.pickup.minecraft.blaze_rod":4598,"stat.craftItem.minecraft.diamond_block":40,"stat.useItem.minecraft.shears":2591,"stat.pickup.minecraft.iron_bars":75,"stat.pickup.minecraft.dispenser":2,"stat.pickup.minecraft.netherrack":15145,"stat.pickup.minecraft.pumpkin":130,"stat.pickup.minecraft.spruce_door":1,"stat.craftItem.minecraft.carpet":3,"stat.mineBlock.minecraft.netherrack":16670,"stat.mineBlock.minecraft.dispenser":2,"stat.craftItem.minecraft.dark_oak_stairs":84,"stat.craftItem.minecraft.redstone_torch":44,"stat.craftItem.minecraft.golden_rail":198,"stat.pickup.minecraft.detector_rail":13,"stat.useItem.minecraft.quartz_ore":6291,"stat.craftItem.minecraft.iron_hoe":1,"stat.pickup.minecraft.cooked_chicken":102,"stat.fallOneCm":745915,"stat.useItem.minecraft.trapped_chest":111,"stat.pickup.minecraft.melon_seeds":12,"stat.pickup.minecraft.dropper":10,"stat.craftItem.minecraft.chest":344,"stat.mineBlock.minecraft.lever":36,"stat.pickup.minecraft.red_mushroom":9,"stat.pickup.minecraft.melon":136,"stat.useItem.minecraft.iron_hoe":3,"stat.dropperInspected":47,"stat.craftItem.minecraft.end_bricks":996,"stat.pickup.minecraft.comparator":100,"stat.useItem.minecraft.golden_rail":177,"stat.pickup.minecraft.feather":5,"stat.craftItem.minecraft.detector_rail":6,"stat.pickup.minecraft.record_cat":4,"stat.craftItem.minecraft.wooden_button":3,"stat.useItem.minecraft.furnace":36,"stat.pickup.minecraft.slime":48,"stat.pickup.minecraft.iron_leggings":8,"stat.mineBlock.minecraft.spruce_fence":1,"stat.pickup.minecraft.lead":1,"stat.mineBlock.minecraft.gravel":264,"stat.useItem.minecraft.stone_sword":279,"stat.useItem.minecraft.wool":940,"stat.pickup.minecraft.redstone_ore":149,"stat.craftItem.minecraft.oak_stairs":80,"stat.pickup.minecraft.chainmail_boots":1,"stat.useItem.minecraft.iron_bars":237,"stat.pickup.minecraft.record_13":4,"stat.pickup.minecraft.flint_and_steel":2,"stat.useItem.minecraft.bone_block":43,"stat.useItem.minecraft.torch":2037,"stat.craftItem.minecraft.redstone_block":173,"stat.craftItem.minecraft.stone_stairs":344,"stat.pickup.minecraft.crafting_table":42,"stat.useItem.minecraft.log":15,"stat.useItem.minecraft.comparator":100,"stat.craftItem.minecraft.crafting_table":42,"stat.killEntity.LavaSlime":160,"stat.pickup.minecraft.log":1355,"stat.useItem.minecraft.cooked_fish":4,"achievement.theEnd2":1,"stat.mineBlock.minecraft.golden_rail":34,"stat.pickup.minecraft.web":16,"stat.pickup.minecraft.sapling":255,"stat.pickup.minecraft.wooden_door":1,"stat.mineBlock.minecraft.iron_block":80,"stat.pickup.minecraft.beetroot":156,"stat.pickup.minecraft.diamond_helmet":1,"stat.pickup.minecraft.golden_sword":2,"stat.useItem.minecraft.beetroot_seeds":128,"stat.sneakTime":493823,"stat.useItem.minecraft.baked_potato":462,"stat.pickup.minecraft.stone_slab":91,"stat.pickup.minecraft.yellow_flower":5,"stat.pickup.minecraft.golden_rail":39,"stat.useItem.minecraft.beetroot":126,"stat.useItem.minecraft.fishing_rod":109,"stat.pickup.minecraft.chest":129,"stat.craftItem.minecraft.diamond_chestplate":1,"stat.pickup.minecraft.bone":395,"stat.pickup.minecraft.redstone_torch":35,"stat.pickup.minecraft.stone_pressure_plate":10,"stat.horseOneCm":3691778,"stat.drop.minecraft.beetroot":30,"stat.useItem.minecraft.repeater":26,"stat.useItem.minecraft.log2":795,"stat.craftItem.minecraft.stone_brick_stairs":68,"stat.useItem.minecraft.diamond_sword":3213,"stat.craftItem.minecraft.diamond_helmet":1,"stat.swimOneCm":505249,"stat.climbOneCm":348626,"stat.useItem.minecraft.end_rod":14,"stat.craftItem.minecraft.gold_block":46,"stat.enderchestOpened":588,"stat.useItem.minecraft.redstone_torch":38,"stat.useItem.minecraft.dirt":3950,"achievement.exploreAllBiomes":{"value":0,"progress":["Sunflower Plains","Birch Forest","Roofed Forest","The End","Beach","Mesa Plateau","River","Ocean","Taiga","Swampland","Mesa Plateau F","Savanna Plateau","Mesa","ForestHills","Flower Forest","Plains","DesertHills","Stone Beach","Jungle","Forest","JungleHills","Desert","Extreme Hills","Mesa (Bryce)","Hell","Deep Ocean","Savanna"]},"stat.pickup.minecraft.anvil":8,"stat.useItem.minecraft.iron_ore":7,"stat.useItem.minecraft.detector_rail":15,"stat.craftItem.minecraft.trapdoor":162,"stat.craftItem.minecraft.quartz":1,"stat.drop.minecraft.ender_pearl":1,"stat.mineBlock.minecraft.magma":126,"stat.pickup.minecraft.cobblestone":8433,"stat.mineBlock.minecraft.carpet":5,"stat.pickup.minecraft.gold_block":17,"stat.pickup.minecraft.glass_bottle":4,"stat.pickup.minecraft.soul_sand":195,"stat.craftItem.minecraft.wooden_slab":180,"stat.useItem.minecraft.cooked_beef":311,"stat.pickup.minecraft.cactus":13,"stat.pickup.minecraft.redstone":2229,"stat.craftItem.minecraft.dispenser":2,"stat.mineBlock.minecraft.iron_ore":925,"stat.craftItem.minecraft.book":109,"stat.useItem.minecraft.sign":143,"achievement.theEnd":9,"stat.pickup.minecraft.mossy_cobblestone":318,"stat.useItem.minecraft.lever":178,"stat.pickup.minecraft.stonebrick":364,"stat.pickup.minecraft.redstone_lamp":79,"stat.pickup.minecraft.iron_shovel":7,"stat.pickup.minecraft.trapdoor":18,"stat.pickup.minecraft.carpet":4,"stat.pickup.minecraft.diamond_shovel":1,"stat.mineBlock.minecraft.nether_brick":114,"stat.pickup.minecraft.paper":2,"stat.craftItem.minecraft.stick":1860,"stat.useItem.minecraft.stone_slab":45,"stat.craftItem.minecraft.stained_hardened_clay":640,"stat.useItem.minecraft.bed":13,"stat.craftItem.minecraft.stone":1774,"stat.pickup.minecraft.grass":301,"stat.mineBlock.minecraft.crafting_table":37,"stat.useItem.minecraft.stone_pressure_plate":12,"stat.useItem.minecraft.diamond_pickaxe":51550,"stat.mineBlock.minecraft.quartz_block":19,"stat.useItem.minecraft.carrot":121,"stat.killEntity.Endermite":10,"stat.pickup.minecraft.golden_horse_armor":3,"stat.pickup.minecraft.diamond_chestplate":2,"stat.useItem.minecraft.bucket":210,"stat.breakItem.minecraft.shears":9,"achievement.buildFurnace":51,"stat.mineBlock.minecraft.planks":157,"stat.drop":143,"stat.pickup.minecraft.stone_button":1,"stat.drop.minecraft.blaze_rod":131,"stat.pickup.minecraft.slime_ball":517,"stat.craftItem.minecraft.diamond_pickaxe":2,"stat.pickup.minecraft.gravel":284,"stat.mineBlock.minecraft.anvil":7,"stat.useItem.minecraft.diamond_axe":245,"stat.useItem.minecraft.apple":1,"stat.mineBlock.minecraft.deadbush":13,"stat.useItem.minecraft.carpet":2,"stat.useItem.minecraft.stained_glass_pane":27,"stat.pickup.minecraft.stone_brick_stairs":23,"stat.pickup.minecraft.diamond_sword":6,"stat.killEntity.SkeletonHorse":1,"stat.pickup.minecraft.fence":2,"stat.useItem.minecraft.wooden_hoe":5,"stat.pickup.minecraft.iron_helmet":10,"stat.craftItem.minecraft.bread":26,"stat.pickup.minecraft.spider_eye":287,"stat.craftItem.minecraft.iron_helmet":1,"stat.pickup.minecraft.diamond_ore":33,"stat.craftItem.minecraft.rail":32,"stat.useItem.minecraft.cooked_chicken":74,"stat.pickup.minecraft.iron_ore":921,"stat.boatOneCm":607527,"stat.mineBlock.minecraft.iron_bars":59,"stat.craftItem.minecraft.flint_and_steel":5,"stat.useItem.minecraft.redstone_lamp":149,"stat.pickup.minecraft.leaves":3552,"stat.mineBlock.minecraft.leaves2":23,"stat.mineBlock.minecraft.stone_stairs":82,"stat.pickup.minecraft.leather":13,"stat.craftItem.minecraft.iron_bars":368,"stat.mineBlock.minecraft.furnace":23,"stat.dispenserInspected":80,"stat.useItem.minecraft.wooden_pickaxe":12,"stat.pickup.minecraft.reeds":450,"stat.killEntity.CaveSpider":1075,"stat.craftItem.minecraft.netherbrick":3004,"stat.useItem.minecraft.magma":4,"stat.pickup.minecraft.oak_stairs":22,"stat.pickup.minecraft.stained_glass":8,"stat.damageDealt":104755,"stat.craftItem.minecraft.glass":884,"stat.drop.minecraft.cooked_chicken":1,"stat.sleepInBed":116,"stat.craftItem.minecraft.baked_potato":456,"stat.craftItem.minecraft.anvil":2,"stat.mineBlock.minecraft.nether_brick_stairs":11,"stat.pickup.minecraft.end_bricks":508,"stat.useItem.minecraft.crafting_table":67,"stat.pickup.minecraft.minecart":86,"stat.craftItem.minecraft.iron_sword":1,"stat.pickup.minecraft.piston":128,"stat.pickup.minecraft.boat":8,"stat.walkOneCm":14077820,"stat.playerKills":1,"stat.pickup.minecraft.stick":116,"stat.mineBlock.minecraft.trapped_chest":51,"stat.useItem.minecraft.spruce_boat":1,"stat.craftItem.minecraft.diamond_boots":1,"stat.craftItem.minecraft.writable_book":1,"stat.pickup.minecraft.stone":4134,"stat.mineBlock.minecraft.wool":202,"stat.craftItem.minecraft.redstone":1296,"stat.useItem.minecraft.leaves":23,"stat.craftItem.minecraft.minecart":23,"stat.useItem.minecraft.cactus":11,"stat.killEntity.Skeleton":159,"stat.mineBlock.minecraft.cactus":5,"stat.killEntity.Chicken":3,"stat.mineBlock.minecraft.redstone_torch":20,"stat.useItem.minecraft.iron_block":79,"stat.killEntity.Spider":42,"stat.mineBlock.minecraft.quartz_ore":12804,"stat.pickup.minecraft.bread":43,"stat.pickup.minecraft.quartz":16292,"stat.craftItem.minecraft.fence":54,"stat.pickup.minecraft.water_bucket":7,"stat.breakItem.minecraft.iron_axe":1,"stat.mineBlock.minecraft.leaves":2682,"stat.mineBlock.minecraft.redstone_ore":481,"stat.pickup.minecraft.elytra":6,"stat.craftItem.minecraft.coal_block":50,"stat.mineBlock.minecraft.bone_block":43,"stat.mineBlock.minecraft.hay_block":13,"stat.craftItem.minecraft.tripwire_hook":194,"stat.mineBlock.minecraft.stone":11039,"stat.useItem.minecraft.sandstone":7}