{"stat.useItem.minecraft.bow":5796,"stat.craftItem.minecraft.acacia_boat":6,"stat.useItem.minecraft.quartz_block":42,"stat.drop.minecraft.gunpowder":7,"achievement.killWither":2,"stat.drop.minecraft.redstone":4,"stat.pickup.minecraft.dark_oak_boat":1,"stat.mineBlock.minecraft.stained_glass":93,"stat.mineBlock.minecraft.web":217,"stat.pickup.minecraft.rotten_flesh":553,"stat.craftItem.minecraft.stone_axe":1,"stat.drop.minecraft.leather_boots":4,"stat.pickup.minecraft.cobblestone_wall":1,"stat.pickup.minecraft.bucket":15,"stat.useItem.minecraft.rail":20,"stat.killEntity.Enderman":15542,"stat.useItem.minecraft.anvil":4,"stat.craftItem.minecraft.iron_shovel":1,"stat.pickup.minecraft.brown_mushroom":28,"achievement.buildPickaxe":26,"stat.mineBlock.minecraft.end_stone":36,"stat.useItem.minecraft.spider_eye":1,"stat.useItem.minecraft.iron_pickaxe":153,"stat.pickup.minecraft.stained_hardened_clay":5942,"stat.pickup.minecraft.double_plant":5437,"stat.useItem.minecraft.hardened_clay":39,"stat.mineBlock.minecraft.sticky_piston":108,"stat.furnaceInteraction":641,"stat.useItem.minecraft.nether_wart":62,"stat.useItem.minecraft.end_stone":14,"stat.mineBlock.minecraft.wooden_button":5,"stat.useItem.minecraft.red_sandstone":5,"stat.useItem.minecraft.fence":166,"stat.useItem.minecraft.acacia_fence":32,"stat.useItem.minecraft.cauldron":68,"stat.mineBlock.minecraft.fence":25,"stat.useItem.minecraft.flint_and_steel":4,"stat.useItem.minecraft.wheat_seeds":413,"stat.mineBlock.minecraft.sea_lantern":10,"stat.drop.minecraft.cooked_fish":6,"stat.craftItem.minecraft.dark_oak_boat":4,"stat.pickup.minecraft.lever":119,"stat.deaths":27,"stat.pickup.minecraft.egg":747,"stat.craftItem.minecraft.item_frame":64,"stat.craftItem.minecraft.iron_pickaxe":1,"stat.pickup.minecraft.sea_lantern":9,"stat.craftItem.minecraft.repeater":392,"stat.drop.minecraft.iron_ingot":4,"stat.craftItem.minecraft.cooked_mutton":26,"stat.pickup.minecraft.cooked_mutton":1,"stat.chestOpened":4772,"stat.useItem.minecraft.lapis_ore":60,"stat.craftItem.minecraft.sign":346,"stat.pickup.minecraft.iron_sword":2,"stat.pickup.minecraft.lapis_ore":137,"stat.craftItem.minecraft.quartz_block":92,"stat.pickup.minecraft.gold_nugget":19,"stat.craftItem.minecraft.coal":210,"stat.pickup.minecraft.carrot":1099,"stat.drop.minecraft.stone_sword":4,"stat.crouchOneCm":862611,"stat.pickup.minecraft.rail":308,"stat.craftItem.minecraft.iron_ingot":1514,"stat.pickup.minecraft.ender_chest":1,"stat.craftingTableInteraction":701,"stat.mineBlock.minecraft.wooden_pressure_plate":22,"stat.pickup.minecraft.repeater":375,"stat.mineBlock.minecraft.log2":410,"stat.pickup.minecraft.wooden_pickaxe":1,"stat.drop.minecraft.double_plant":91,"stat.pickup.minecraft.dye":2245,"stat.pickup.minecraft.planks":872,"stat.drop.minecraft.minecart":1,"stat.mineBlock.minecraft.ender_chest":1,"stat.flowerPotted":8,"stat.drop.minecraft.rotten_flesh":23,"stat.drop.minecraft.coal_ore":7,"stat.drop.minecraft.iron_ore":2,"stat.useItem.minecraft.yellow_flower":2,"stat.pickup.minecraft.chicken":2,"stat.pickup.minecraft.end_stone":46,"stat.pickup.minecraft.coal_block":6,"stat.craftItem.minecraft.bucket":4,"stat.craftItem.minecraft.planks":10203,"stat.useItem.minecraft.iron_sword":530,"stat.craftItem.minecraft.dirt":140,"stat.pickup.minecraft.stone_sword":16,"stat.craftItem.minecraft.fishing_rod":50,"stat.useItem.minecraft.stonebrick":6015,"stat.pickup.minecraft.book":44,"stat.craftItem.minecraft.wooden_door":6,"stat.drop.minecraft.leather_leggings":1,"stat.pickup.minecraft.iron_door":1,"stat.pickup.minecraft.cooked_fish":434,"stat.breakItem.minecraft.leather_leggings":2,"stat.craftItem.minecraft.spruce_door":12,"stat.pickup.minecraft.tripwire_hook":8,"stat.mineBlock.minecraft.cobblestone":583,"stat.useItem.minecraft.beacon":9,"stat.pickup.minecraft.stone_pickaxe":3,"stat.pickup.minecraft.flint":120,"stat.craftItem.minecraft.quartz_stairs":16,"stat.pickup.minecraft.leather_chestplate":9,"stat.drop.minecraft.cobblestone":111,"stat.mineBlock.minecraft.dropper":55,"stat.pickup.minecraft.iron_boots":8,"stat.pickup.minecraft.stone_hoe":2,"stat.craftItem.minecraft.furnace":11,"stat.drop.minecraft.end_crystal":4,"stat.craftItem.minecraft.lapis_block":111,"stat.craftItem.minecraft.iron_boots":11,"stat.useItem.minecraft.spruce_fence_gate":7,"stat.mineBlock.minecraft.clay":65,"stat.mineBlock.minecraft.noteblock":69,"stat.pickup.minecraft.diamond_leggings":10,"stat.drop.minecraft.iron_helmet":4,"stat.useItem.minecraft.wooden_slab":2805,"stat.drop.minecraft.spider_eye":20,"stat.craftItem.minecraft.beacon":1,"stat.useItem.minecraft.iron_door":6,"stat.craftItem.minecraft.iron_block":359,"stat.craftItem.minecraft.stonebrick":4496,"stat.drop.minecraft.stained_glass":5,"stat.killEntity.Creeper":91,"stat.useItem.minecraft.armor_stand":31,"stat.breakItem.minecraft.iron_sword":1,"stat.pickup.minecraft.wooden_sword":10,"stat.entityKilledBy.Skeleton":1,"achievement.buildSword":92,"stat.pickup.minecraft.birch_stairs":34,"stat.useItem.minecraft.dropper":115,"stat.killEntity.Squid":3,"stat.sprintOneCm":28905820,"stat.mineBlock.minecraft.stone_slab":310,"stat.useItem.minecraft.snowball":672,"stat.pickup.minecraft.leather_leggings":7,"stat.craftItem.minecraft.redstone_lamp":90,"stat.drop.minecraft.cobblestone_wall":1,"stat.useItem.minecraft.banner":9,"stat.pickup.minecraft.iron_block":475,"stat.killEntity.Zombie":538,"stat.craftItem.minecraft.dye":19377,"stat.craftItem.minecraft.diamond_axe":8,"stat.mineBlock.minecraft.gold_ore":298,"stat.drop.minecraft.diamond_pickaxe":6,"stat.craftItem.minecraft.slime_ball":189,"stat.pickup.minecraft.wheat":420,"stat.craftItem.minecraft.sandstone":86,"stat.mineBlock.minecraft.mossy_cobblestone":53,"stat.pickup.minecraft.sign":53,"stat.useItem.minecraft.iron_trapdoor":35,"stat.pickup.minecraft.coal":3058,"stat.pickup.minecraft.iron_ingot":319,"stat.craftItem.minecraft.lever":61,"stat.drop.minecraft.diamond_sword":4,"stat.pickup.minecraft.gunpowder":83,"stat.pickup.minecraft.dirt":7983,"stat.useItem.minecraft.coal_ore":28,"stat.drop.minecraft.iron_shovel":5,"stat.useItem.minecraft.dispenser":97,"stat.mineBlock.minecraft.lapis_ore":226,"stat.pickup.minecraft.red_sandstone":5,"stat.pickup.minecraft.iron_axe":2,"stat.brewingstandInteraction":65,"stat.useItem.minecraft.stone_brick_stairs":94,"stat.mineBlock.minecraft.torch":170,"stat.pickup.minecraft.written_book":2,"stat.mineBlock.minecraft.red_flower":30,"stat.pickup.minecraft.magma_cream":9,"stat.noteblockTuned":1255,"stat.pickup.minecraft.ender_eye":16,"stat.craftItem.minecraft.comparator":189,"stat.drop.minecraft.nether_star":1,"stat.useItem.minecraft.slime":43,"stat.useItem.minecraft.birch_fence":21,"stat.pickup.minecraft.diamond_axe":16,"stat.pickup.minecraft.rabbit_hide":1,"stat.mineBlock.minecraft.birch_fence":6,"stat.drop.minecraft.wheat":2,"stat.drop.minecraft.noteblock":6,"stat.pickup.minecraft.diamond_pickaxe":39,"stat.useItem.minecraft.pumpkin":6,"stat.pickup.minecraft.noteblock":75,"stat.useItem.minecraft.lava_bucket":15,"stat.drop.minecraft.netherrack":1,"stat.pickup.minecraft.red_mushroom_block":65,"stat.useItem.minecraft.item_frame":8,"stat.useItem.minecraft.stained_hardened_clay":3806,"stat.drop.minecraft.egg":217,"stat.useItem.minecraft.redstone_ore":325,"stat.pickup.minecraft.cooked_beef":183,"stat.mobKills":17127,"stat.pickup.minecraft.diamond_boots":19,"stat.useItem.minecraft.boat":4,"stat.useItem.minecraft.mossy_cobblestone":2,"stat.craftItem.minecraft.lead":4,"stat.pickup.minecraft.diamond":492,"stat.pickup.minecraft.beetroot_seeds":6,"stat.craftItem.minecraft.spruce_stairs":448,"stat.useItem.minecraft.string":6,"stat.useItem.minecraft.soul_sand":8,"stat.killEntity.Blaze":73,"stat.useItem.minecraft.poisonous_potato":1,"stat.drop.minecraft.skull":13,"stat.pickup.minecraft.golden_boots":5,"stat.pickup.minecraft.glowstone_dust":65,"stat.mineBlock.minecraft.red_mushroom":4,"stat.mineBlock.minecraft.stone_brick_stairs":15,"stat.drop.minecraft.poisonous_potato":3,"stat.drop.minecraft.golden_leggings":4,"stat.pickup.minecraft.splash_potion":3,"stat.craftItem.minecraft.stone_sword":23,"stat.mineBlock.minecraft.snow_layer":466,"stat.pickup.minecraft.chainmail_chestplate":3,"stat.mineBlock.minecraft.sand":4911,"stat.craftItem.minecraft.wooden_hoe":1,"stat.hopperInspected":381,"stat.useItem.minecraft.fence_gate":4,"stat.drop.minecraft.diamond":175,"stat.pickup.minecraft.packed_ice":558,"stat.pickup.minecraft.ghast_tear":19,"stat.craftItem.minecraft.birch_door":3,"stat.pickup.minecraft.armor_stand":41,"stat.trappedChestTriggered":1037,"stat.drop.minecraft.rail":1,"stat.craftItem.minecraft.magma_cream":63,"stat.drop.minecraft.spruce_door":1,"stat.craftItem.minecraft.pumpkin_seeds":4,"stat.pickup.minecraft.wooden_button":23,"stat.drop.minecraft.wooden_pressure_plate":3,"stat.useItem.minecraft.minecart":12,"stat.useItem.minecraft.cooked_mutton":23,"stat.drop.minecraft.stained_hardened_clay":175,"stat.drop.minecraft.diamond_helmet":1,"stat.drop.minecraft.wooden_button":7,"stat.drop.minecraft.fishing_rod":5,"stat.pickup.minecraft.stone_stairs":2,"stat.craftItem.minecraft.fence_gate":4,"stat.pickup.minecraft.pumpkin_seeds":4,"stat.drop.minecraft.snowball":60,"stat.pickup.minecraft.saddle":2,"stat.pickup.minecraft.fermented_spider_eye":3,"stat.mineBlock.minecraft.soul_sand":1,"achievement.ghast":5,"stat.pickup.minecraft.blaze_rod":41,"stat.drop.minecraft.chest":3,"stat.pickup.minecraft.netherrack":553,"stat.pickup.minecraft.pumpkin":4,"stat.pickup.minecraft.spruce_door":12,"stat.drop.minecraft.hopper":1,"stat.craftItem.minecraft.redstone_torch":1315,"stat.pickup.minecraft.detector_rail":1,"stat.useItem.minecraft.packed_ice":1436,"stat.drop.minecraft.stone":287,"stat.useItem.minecraft.trapped_chest":48,"stat.pickup.minecraft.melon_seeds":8,"stat.pickup.minecraft.dropper":60,"stat.pickup.minecraft.golden_leggings":7,"stat.pickup.minecraft.melon":94,"stat.dropperInspected":730,"stat.useItem.minecraft.golden_rail":113,"stat.drop.minecraft.bone":5,"stat.craftItem.minecraft.wooden_button":26,"stat.useItem.minecraft.furnace":14,"stat.pickup.minecraft.slime":88,"stat.pickup.minecraft.iron_leggings":11,"stat.mineBlock.minecraft.gravel":1816,"stat.mineBlock.minecraft.beacon":7,"stat.useItem.minecraft.wool":273,"stat.drop.minecraft.iron_axe":2,"stat.useItem.minecraft.torch":3813,"stat.pickup.minecraft.golden_apple":3,"stat.craftItem.minecraft.redstone_block":330,"stat.craftItem.minecraft.stone_stairs":76,"stat.pickup.minecraft.crafting_table":48,"stat.useItem.minecraft.log":653,"stat.useItem.minecraft.comparator":208,"stat.craftItem.minecraft.crafting_table":68,"stat.pickup.minecraft.redstone_block":41,"stat.useItem.minecraft.cooked_fish":68,"stat.drop.minecraft.sign":1,"stat.drop.minecraft.stonebrick":40,"stat.craftItem.minecraft.stone_button":21,"stat.pickup.minecraft.web":192,"stat.pickup.minecraft.sapling":373,"stat.useItem.minecraft.birch_door":5,"stat.drop.minecraft.bow":15,"stat.drop.minecraft.golden_chestplate":3,"stat.useItem.minecraft.wooden_pressure_plate":53,"stat.craftItem.minecraft.sugar":133,"stat.craftItem.minecraft.spruce_fence_gate":10,"stat.useItem.minecraft.baked_potato":790,"stat.pickup.minecraft.stone_slab":674,"stat.drop.minecraft.yellow_flower":18,"stat.pickup.minecraft.yellow_flower":61,"stat.pickup.minecraft.golden_rail":67,"stat.useItem.minecraft.fishing_rod":667,"stat.drop.minecraft.stone_pickaxe":3,"stat.pickup.minecraft.bone":389,"stat.craftItem.minecraft.sticky_piston":140,"stat.pickup.minecraft.redstone_torch":321,"stat.horseOneCm":1168444,"stat.useItem.minecraft.log2":726,"stat.mineBlock.minecraft.slime":23,"stat.mineBlock.minecraft.brown_mushroom":9,"stat.mineBlock.minecraft.acacia_fence":6,"stat.useItem.minecraft.diamond_sword":3791,"stat.craftItem.minecraft.diamond_helmet":2,"stat.climbOneCm":357835,"stat.drop.minecraft.sticky_piston":29,"stat.enderchestOpened":235,"stat.useItem.minecraft.redstone_torch":210,"stat.pickup.minecraft.golden_helmet":3,"stat.pickup.minecraft.anvil":3,"stat.useItem.minecraft.iron_ore":5,"stat.craftItem.minecraft.trapdoor":42,"stat.craftItem.minecraft.stone_pickaxe":2,"stat.pickup.minecraft.cobblestone":19971,"stat.craftItem.minecraft.glass_bottle":390,"stat.pickup.minecraft.soul_sand":5,"stat.useItem.minecraft.cooked_beef":742,"stat.pickup.minecraft.cactus":51,"stat.pickup.minecraft.redstone":7297,"stat.pickup.minecraft.acacia_boat":7,"stat.craftItem.minecraft.dispenser":34,"stat.mineBlock.minecraft.iron_ore":1771,"stat.craftItem.minecraft.book":128,"stat.pickup.minecraft.mossy_cobblestone":61,"stat.useItem.minecraft.noteblock":172,"stat.drop.minecraft.coal":3,"achievement.spawnWither":2,"stat.drop.minecraft.dirt":86,"stat.pickup.minecraft.iron_shovel":10,"stat.pickup.minecraft.carpet":45,"stat.pickup.minecraft.trapdoor":22,"stat.pickup.minecraft.diamond_shovel":19,"stat.craftItem.minecraft.acacia_fence":36,"stat.useItem.minecraft.sea_lantern":28,"stat.pickup.minecraft.nether_star":2,"stat.useItem.minecraft.spruce_fence":361,"stat.pickup.minecraft.sandstone_stairs":6,"stat.craftItem.minecraft.stick":5004,"stat.craftItem.minecraft.stained_hardened_clay":712,"stat.pickup.minecraft.grass":7665,"stat.useItem.minecraft.stone_pressure_plate":68,"stat.drop.minecraft.leaves":12,"stat.pickup.minecraft.diamond_chestplate":5,"stat.entityKilledBy.Creeper":2,"stat.breakItem.minecraft.shears":1,"stat.mineBlock.minecraft.planks":493,"stat.drop":687,"stat.killEntity.Sheep":11,"stat.drop.minecraft.iron_boots":2,"stat.pickup.minecraft.golden_chestplate":5,"stat.craftItem.minecraft.piston":150,"stat.useItem.minecraft.quartz_stairs":20,"stat.drop.minecraft.cooked_beef":16,"stat.killEntity.Slime":27,"stat.mineBlock.minecraft.anvil":4,"stat.useItem.minecraft.apple":1,"stat.mineBlock.minecraft.deadbush":5,"stat.useItem.minecraft.porkchop":2,"stat.useItem.minecraft.carpet":259,"stat.useItem.minecraft.potion":59,"stat.useItem.minecraft.flower_pot":8,"stat.pickup.minecraft.fence":26,"stat.useItem.minecraft.stone_axe":66,"stat.craftItem.minecraft.iron_helmet":13,"stat.drop.minecraft.piston":16,"stat.craftItem.minecraft.rail":16,"stat.boatOneCm":1887016,"stat.drop.minecraft.magma_cream":1,"stat.craftItem.minecraft.flint_and_steel":2,"stat.useItem.minecraft.redstone_lamp":164,"stat.mineBlock.minecraft.leaves2":25,"stat.mineBlock.minecraft.stone_stairs":2,"stat.craftItem.minecraft.iron_bars":16,"stat.mineBlock.minecraft.furnace":11,"stat.drop.minecraft.stone_button":1,"stat.drop.minecraft.water_bucket":3,"stat.killEntity.CaveSpider":288,"stat.craftItem.minecraft.birch_fence":42,"stat.pickup.minecraft.oak_stairs":33,"stat.pickup.minecraft.stained_glass":288,"stat.damageDealt":164941,"stat.pickup.minecraft.end_bricks":1,"stat.useItem.minecraft.crafting_table":78,"stat.pickup.minecraft.boat":4,"stat.craftItem.minecraft.stone_shovel":11,"stat.pickup.minecraft.stick":497,"achievement.enchantments":2,"stat.breakItem.minecraft.stone_pickaxe":1,"stat.drop.minecraft.iron_block":74,"stat.craftItem.minecraft.diamond_boots":2,"stat.useItem.minecraft.redstone_block":30,"stat.useItem.minecraft.spruce_stairs":593,"stat.craftItem.minecraft.redstone":1905,"stat.useItem.minecraft.cactus":39,"stat.useItem.minecraft.iron_block":736,"stat.mineBlock.minecraft.quartz_ore":261,"stat.drop.minecraft.filled_map":2,"stat.drop.minecraft.diamond_boots":1,"stat.pickup.minecraft.dragon_breath":32,"stat.craftItem.minecraft.fence":171,"stat.useItem.minecraft.golden_apple":3,"stat.mineBlock.minecraft.leaves":538,"stat.mineBlock.minecraft.piston":58,"stat.craftItem.minecraft.tripwire_hook":8,"achievement.cookFish":4,"stat.beaconInteraction":22,"stat.pickup.minecraft.wooden_slab":1325,"stat.leaveGame":104,"stat.useItem.minecraft.glowstone":14,"stat.mineBlock.minecraft.sandstone":2085,"stat.craftItem.minecraft.ender_eye":8,"stat.killEntity.PigZombie":10,"stat.craftItem.minecraft.stone_pressure_plate":53,"stat.drop.minecraft.feather":2,"stat.mineBlock.minecraft.red_sandstone":5,"stat.pickup.minecraft.leaves2":9,"stat.useItem.minecraft.sandstone_stairs":43,"achievement.diamondsToYou":8,"stat.useItem.minecraft.activator_rail":4,"stat.craftItem.minecraft.noteblock":112,"stat.useItem.minecraft.birch_boat":1,"stat.mineBlock.minecraft.wooden_slab":754,"stat.pickup.minecraft.leather_boots":9,"stat.killEntity.Witch":6,"stat.drop.minecraft.sand":24,"stat.craftItem.minecraft.wooden_pickaxe":1,"stat.craftItem.minecraft.iron_door":9,"stat.useItem.minecraft.iron_shovel":388,"stat.craftItem.minecraft.bed":6,"stat.mineBlock.minecraft.hopper":54,"stat.pickup.minecraft.melon_block":16,"stat.mineBlock.minecraft.rail":262,"stat.useItem.minecraft.pumpkin_seeds":2,"stat.noteblockPlayed":199,"stat.drop.minecraft.red_flower":94,"stat.useItem.minecraft.double_plant":2,"stat.pickup.minecraft.beef":16,"stat.pickup.minecraft.leather_helmet":3,"stat.pickup.minecraft.cauldron":56,"stat.mineBlock.minecraft.stained_hardened_clay":5008,"stat.useItem.minecraft.trapdoor":47,"stat.useItem.minecraft.stained_glass":598,"stat.drop.minecraft.stone_pressure_plate":14,"stat.drop.minecraft.lead":7,"stat.useItem.minecraft.dark_oak_door":1,"achievement.openInventory":10619,"stat.useItem.minecraft.wooden_button":22,"stat.craftItem.minecraft.dropper":84,"stat.useItem.minecraft.dye":144,"stat.mineBlock.minecraft.stone_pressure_plate":35,"stat.drop.minecraft.torch":1,"stat.mineBlock.minecraft.tallgrass":1900,"achievement.potion":7,"stat.useItem.minecraft.cooked_rabbit":1,"stat.useItem.minecraft.splash_potion":1,"stat.useItem.minecraft.stone":4338,"stat.pickup.minecraft.arrow":1593,"stat.useItem.minecraft.acacia_fence_gate":1,"stat.pickup.minecraft.wooden_pressure_plate":34,"stat.killEntity.Ghast":24,"stat.useItem.minecraft.ender_chest":2,"stat.useItem.minecraft.clay":6,"stat.drop.minecraft.iron_pickaxe":1,"achievement.killCow":6,"stat.mineBlock.minecraft.chest":77,"stat.mineBlock.minecraft.hardened_clay":1371,"stat.craftItem.minecraft.hopper":80,"stat.useItem.minecraft.reeds":5,"stat.pickup.minecraft.birch_boat":1,"stat.craftItem.minecraft.wooden_sword":16,"stat.craftItem.minecraft.diamond_shovel":1,"stat.pickup.minecraft.wheat_seeds":1515,"stat.mineBlock.minecraft.glass":37,"stat.useItem.minecraft.enchanting_table":3,"stat.mineBlock.minecraft.dirt":16165,"stat.pickup.minecraft.poisonous_potato":13,"stat.useItem.minecraft.bread":12,"stat.useItem.minecraft.cobblestone":1001,"stat.useItem.minecraft.gravel":162,"stat.mineBlock.minecraft.double_plant":55,"stat.minecartOneCm":986,"stat.breakItem.minecraft.golden_helmet":2,"stat.pickup.minecraft.iron_pickaxe":3,"stat.drop.minecraft.carrot":18,"stat.craftItem.minecraft.gold_ingot":353,"stat.pickup.minecraft.hopper":80,"stat.craftItem.minecraft.brewing_stand":2,"stat.useItem.minecraft.tallgrass":3,"stat.pickup.minecraft.apple":1,"stat.pickup.minecraft.banner":1,"achievement.portal":150,"stat.itemEnchanted":174,"stat.useItem.minecraft.acacia_boat":5,"stat.mineBlock.minecraft.log":2193,"stat.useItem.minecraft.wooden_door":8,"achievement.acquireIron":60,"stat.useItem.minecraft.spruce_door":16,"stat.craftItem.minecraft.paper":321,"stat.pickup.minecraft.red_flower":487,"stat.pickup.minecraft.wool":575,"stat.craftItem.minecraft.trapped_chest":1,"stat.drop.minecraft.grass":15,"stat.pickup.minecraft.trapped_chest":47,"stat.drop.minecraft.pumpkin":6,"stat.craftItem.minecraft.cooked_rabbit":1,"stat.craftItem.minecraft.diamond_leggings":1,"stat.useItem.minecraft.iron_axe":226,"stat.mineBlock.minecraft.yellow_flower":28,"stat.useItem.minecraft.skull":8,"stat.craftItem.minecraft.wool":425,"stat.useItem.minecraft.snow":10,"stat.pickup.minecraft.enchanted_book":5,"stat.pickup.minecraft.glowstone":6,"achievement.buildWorkBench":124,"stat.pickup.minecraft.sticky_piston":150,"stat.pickup.minecraft.bow":72,"stat.craftItem.minecraft.dark_oak_door":3,"stat.useItem.minecraft.egg":21,"stat.craftItem.minecraft.spruce_boat":18,"stat.pickup.minecraft.coal_ore":729,"stat.craftItem.minecraft.cooked_beef":301,"stat.pickup.minecraft.shears":8,"stat.craftItem.minecraft.bow":54,"stat.pickup.minecraft.iron_trapdoor":12,"stat.flyOneCm":13770970,"stat.pickup.minecraft.sandstone":2302,"stat.pickup.minecraft.fish":11,"stat.craftItem.minecraft.stained_glass":1096,"stat.timeSinceDeath":1907997,"stat.pickup.minecraft.quartz_ore":15,"stat.cauldronFilled":65,"stat.drop.minecraft.repeater":22,"stat.killEntity.Bat":4,"stat.useItem.minecraft.potato":727,"stat.pickup.minecraft.nether_wart":180,"stat.mineBlock.minecraft.enchanting_table":2,"stat.pickup.minecraft.spruce_fence":109,"stat.mineBlock.minecraft.coal_ore":1862,"stat.pickup.minecraft.shield":12,"stat.craftItem.minecraft.stone_hoe":1,"stat.talkedToVillager":4,"stat.drop.minecraft.baked_potato":77,"stat.mineBlock.minecraft.red_mushroom_block":15,"stat.pickup.minecraft.string":370,"stat.mineBlock.minecraft.ladder":48,"stat.useItem.minecraft.written_book":3,"stat.useItem.minecraft.diamond_shovel":23713,"stat.breakItem.minecraft.diamond_helmet":1,"stat.mineBlock.minecraft.diamond_ore":172,"stat.craftItem.minecraft.wooden_pressure_plate":41,"achievement.killEnemy":17049,"stat.breakItem.minecraft.iron_shovel":1,"stat.useItem.minecraft.diamond_ore":25,"stat.useItem.minecraft.ladder":488,"stat.pickup.minecraft.snowball":747,"stat.useItem.minecraft.birch_stairs":59,"stat.craftItem.minecraft.sandstone_stairs":96,"stat.diveOneCm":379607,"stat.useItem.minecraft.sticky_piston":240,"stat.craftItem.minecraft.ladder":516,"achievement.buildHoe":4,"stat.mineBlock.minecraft.stone_button":10,"stat.drop.minecraft.ladder":21,"stat.pickup.minecraft.stone_axe":3,"stat.useItem.minecraft.rotten_flesh":98,"stat.craftItem.minecraft.diamond_sword":7,"stat.drop.minecraft.sandstone":9,"stat.jump":72259,"stat.useItem.minecraft.sand":662,"stat.pickup.minecraft.hopper_minecart":1,"stat.craftItem.minecraft.torch":3060,"stat.breakItem.minecraft.golden_leggings":1,"stat.breakItem.minecraft.leather_chestplate":1,"stat.craftItem.minecraft.fermented_spider_eye":5,"stat.useItem.minecraft.glass":161,"stat.pickup.minecraft.gold_ore":338,"stat.useItem.minecraft.sapling":285,"achievement.blazeRod":27,"stat.damageTaken":108374,"stat.useItem.minecraft.end_crystal":8,"stat.mineBlock.minecraft.melon_block":35,"stat.mineBlock.minecraft.sapling":22,"stat.pickup.minecraft.log2":970,"stat.mineBlock.minecraft.sandstone_stairs":3,"stat.pickup.minecraft.bed":100,"stat.cauldronUsed":53,"stat.pickup.minecraft.acacia_fence":15,"stat.pickup.minecraft.quartz_block":12,"stat.pickup.minecraft.potato":2019,"stat.breakItem.minecraft.iron_leggings":1,"stat.killEntity.Silverfish":4,"stat.craftItem.minecraft.stone_slab":1062,"stat.animalsBred":184,"stat.useItem.minecraft.chest":180,"stat.craftItem.minecraft.iron_chestplate":12,"stat.pickup.minecraft.baked_potato":251,"stat.drop.minecraft.potato":2,"stat.pickup.minecraft.ender_pearl":6087,"stat.drop.minecraft.wooden_slab":43,"stat.pickup.minecraft.ladder":393,"stat.useItem.minecraft.netherrack":50,"stat.useItem.minecraft.tripwire_hook":15,"stat.mineBlock.minecraft.stonebrick":1920,"stat.mineBlock.minecraft.glowstone":33,"stat.craftItem.minecraft.shears":9,"stat.drop.minecraft.spruce_stairs":2,"stat.pickup.minecraft.torch":906,"stat.drop.minecraft.diamond_shovel":6,"stat.pickup.minecraft.spruce_boat":67,"stat.drop.minecraft.arrow":1,"stat.drop.minecraft.shears":2,"stat.drop.minecraft.armor_stand":6,"stat.useItem.minecraft.end_bricks":1,"stat.craftItem.minecraft.iron_axe":1,"stat.pickup.minecraft.lapis_block":28,"stat.useItem.minecraft.mutton":7,"stat.drop.minecraft.trapdoor":6,"stat.pickup.minecraft.fishing_rod":36,"stat.useItem.minecraft.planks":1238,"stat.pickup.minecraft.porkchop":2,"stat.pickup.minecraft.glass":145,"stat.useItem.minecraft.water_bucket":182,"stat.pickup.minecraft.sand":5374,"stat.pickup.minecraft.hardened_clay":1320,"stat.pickup.minecraft.name_tag":1,"achievement.diamonds":167,"stat.pickup.minecraft.activator_rail":6,"stat.aviateOneCm":35781899,"stat.useItem.minecraft.ender_pearl":760,"stat.craftItem.minecraft.cooked_fish":5,"achievement.buildBetterPickaxe":24,"stat.craftItem.minecraft.blaze_powder":136,"achievement.breedCow":165,"stat.useItem.minecraft.oak_stairs":65,"stat.drop.minecraft.stone_slab":26,"stat.mineBlock.minecraft.birch_stairs":21,"stat.pickup.minecraft.filled_map":4,"stat.pickup.minecraft.furnace":12,"stat.useItem.minecraft.redstone":2645,"stat.mineBlock.minecraft.end_bricks":1,"stat.mineBlock.minecraft.redstone_lamp":60,"achievement.mineWood":2413,"stat.pickup.minecraft.iron_chestplate":14,"stat.pickup.minecraft.skull":33,"stat.useItem.minecraft.stone_stairs":30,"stat.useItem.minecraft.pumpkin_pie":11,"stat.useItem.minecraft.hopper":115,"stat.mineBlock.minecraft.oak_stairs":5,"stat.playOneMinute":9495109,"stat.pickup.minecraft.birch_door":4,"stat.drop.minecraft.string":13,"stat.useItem.minecraft.shears":593,"stat.pickup.minecraft.beacon":8,"stat.pickup.minecraft.iron_bars":5,"stat.pickup.minecraft.dispenser":66,"stat.craftItem.minecraft.carpet":261,"stat.mineBlock.minecraft.netherrack":132,"stat.mineBlock.minecraft.dispenser":29,"stat.craftItem.minecraft.golden_rail":288,"stat.breakItem.minecraft.leather_helmet":1,"stat.pickup.minecraft.cooked_chicken":74,"stat.fallOneCm":1630159,"stat.drop.minecraft.dye":109,"stat.craftItem.minecraft.chest":168,"stat.craftItem.minecraft.banner":8,"stat.mineBlock.minecraft.lever":84,"stat.pickup.minecraft.red_mushroom":71,"stat.pickup.minecraft.comparator":199,"stat.pickup.minecraft.feather":9,"stat.drop.minecraft.iron_leggings":1,"stat.pickup.minecraft.record_cat":1,"stat.mineBlock.minecraft.spruce_fence":102,"achievement.fullBeacon":8,"stat.pickup.minecraft.lead":7,"stat.useItem.minecraft.stone_pickaxe":169,"stat.craftItem.minecraft.birch_stairs":56,"stat.useItem.minecraft.stone_sword":76,"stat.craftItem.minecraft.iron_leggings":12,"stat.pickup.minecraft.redstone_ore":694,"stat.craftItem.minecraft.oak_stairs":84,"stat.pickup.minecraft.chainmail_boots":1,"stat.drop.minecraft.stick":41,"stat.useItem.minecraft.iron_bars":28,"stat.mineBlock.minecraft.quartz_stairs":2,"stat.killEntity.LavaSlime":32,"stat.pickup.minecraft.log":2804,"achievement.theEnd2":1,"stat.mineBlock.minecraft.golden_rail":15,"stat.craftItem.minecraft.hopper_minecart":2,"stat.pickup.minecraft.tallgrass":30,"stat.breakItem.minecraft.iron_helmet":2,"stat.pickup.minecraft.chainmail_leggings":2,"stat.pickup.minecraft.wooden_door":2,"stat.entityKilledBy.Enderman":3,"stat.mineBlock.minecraft.iron_block":438,"stat.breakItem.minecraft.iron_chestplate":1,"stat.mineBlock.minecraft.tripwire_hook":3,"stat.craftItem.minecraft.snow":14,"stat.pickup.minecraft.diamond_helmet":7,"stat.useItem.minecraft.stone_hoe":26,"stat.craftItem.minecraft.flower_pot":8,"stat.sneakTime":286266,"stat.mineBlock.minecraft.cobblestone_wall":3,"stat.useItem.minecraft.brewing_stand":2,"stat.pickup.minecraft.chest":114,"stat.useItem.minecraft.web":7,"stat.craftItem.minecraft.enchanting_table":1,"stat.pickup.minecraft.stone_pressure_plate":111,"stat.useItem.minecraft.repeater":678,"stat.craftItem.minecraft.stone_brick_stairs":100,"stat.craftItem.minecraft.acacia_fence_gate":1,"stat.craftItem.minecraft.iron_trapdoor":27,"stat.swimOneCm":567816,"stat.mineBlock.minecraft.spruce_stairs":197,"stat.drop.minecraft.brown_mushroom":10,"stat.useItem.minecraft.dirt":6714,"achievement.exploreAllBiomes":{"value":0,"progress":["Sunflower Plains","Roofed Forest","Birch Forest","The End","Beach","FrozenRiver","Mesa Plateau","Cold Beach","River","Ocean","Taiga","Swampland","Ice Mountains","Birch Forest Hills","Mesa Plateau F","Savanna Plateau","Roofed Forest M","Mesa","ForestHills","Flower Forest","Plains","Ice Plains Spikes","TaigaHills","DesertHills","Stone Beach","Ice Plains","Forest","Desert","Extreme Hills","Hell","Savanna","Deep Ocean","Swampland M"]},"stat.pickup.minecraft.enchanting_table":2,"stat.drop.minecraft.ender_pearl":503,"stat.pickup.minecraft.quartz_stairs":2,"stat.mineBlock.minecraft.carpet":23,"stat.mineBlock.minecraft.redstone_block":11,"stat.useItem.minecraft.stone_shovel":79,"stat.pickup.minecraft.clay":59,"stat.pickup.minecraft.glass_bottle":422,"stat.useItem.minecraft.red_mushroom":1,"stat.drop.minecraft.wheat_seeds":105,"stat.craftItem.minecraft.wooden_slab":2344,"stat.useItem.minecraft.sign":345,"stat.drop.minecraft.log":25,"stat.pickup.minecraft.mutton":11,"achievement.theEnd":20,"stat.useItem.minecraft.lever":140,"stat.pickup.minecraft.dark_oak_door":1,"stat.drop.minecraft.golden_boots":1,"stat.craftItem.minecraft.red_sandstone":16,"stat.pickup.minecraft.stonebrick":2429,"stat.pickup.minecraft.redstone_lamp":90,"stat.drop.minecraft.potion":1,"stat.useItem.minecraft.stone_slab":860,"stat.useItem.minecraft.bed":105,"stat.craftItem.minecraft.stone":232,"stat.craftItem.minecraft.armor_stand":19,"stat.mineBlock.minecraft.crafting_table":43,"stat.useItem.minecraft.diamond_pickaxe":91755,"stat.mineBlock.minecraft.quartz_block":12,"stat.useItem.minecraft.carrot":516,"stat.killEntity.Endermite":6,"stat.useItem.minecraft.bucket":263,"achievement.buildFurnace":22,"stat.pickup.minecraft.stone_button":33,"stat.pickup.minecraft.slime_ball":31,"stat.craftItem.minecraft.diamond_pickaxe":11,"stat.pickup.minecraft.gravel":1449,"stat.useItem.minecraft.glass_bottle":224,"stat.useItem.minecraft.diamond_axe":4292,"stat.drop.minecraft.spruce_boat":4,"stat.pickup.minecraft.stone_brick_stairs":30,"stat.pickup.minecraft.diamond_sword":17,"stat.useItem.minecraft.wooden_hoe":1,"stat.pickup.minecraft.iron_helmet":14,"stat.craftItem.minecraft.birch_boat":1,"stat.useItem.minecraft.piston":129,"stat.pickup.minecraft.spider_eye":79,"stat.useItem.minecraft.stone_button":28,"stat.pickup.minecraft.diamond_ore":90,"stat.useItem.minecraft.cooked_chicken":519,"stat.craftItem.minecraft.end_crystal":12,"stat.pickup.minecraft.iron_ore":1894,"stat.mineBlock.minecraft.iron_bars":5,"stat.pickup.minecraft.leaves":567,"stat.craftItem.minecraft.activator_rail":12,"stat.pickup.minecraft.leather":43,"stat.useItem.minecraft.wooden_pickaxe":8,"stat.dispenserInspected":346,"stat.pickup.minecraft.reeds":142,"stat.craftItem.minecraft.glass":2054,"stat.drop.minecraft.cooked_chicken":10,"stat.craftItem.minecraft.cauldron":35,"stat.sleepInBed":380,"stat.craftItem.minecraft.baked_potato":872,"stat.killEntity.Cow":45,"stat.pickup.minecraft.minecart":25,"stat.killEntity.Pig":1,"stat.craftItem.minecraft.iron_sword":2,"stat.pickup.minecraft.piston":105,"stat.breakItem.minecraft.fishing_rod":9,"stat.walkOneCm":28953284,"stat.playerKills":12,"stat.pickup.minecraft.clay_ball":24,"stat.mineBlock.minecraft.trapped_chest":42,"stat.useItem.minecraft.spruce_boat":63,"stat.drop.minecraft.diamond_axe":1,"stat.drop.minecraft.iron_chestplate":2,"stat.pickup.minecraft.stone":26313,"stat.mineBlock.minecraft.wool":43,"stat.drop.minecraft.diamond_leggings":1,"stat.useItem.minecraft.red_mushroom_block":24,"stat.mineBlock.minecraft.packed_ice":596,"stat.useItem.minecraft.leaves":150,"stat.craftItem.minecraft.minecart":5,"stat.pickup.minecraft.gold_ingot":68,"stat.killEntity.Skeleton":350,"stat.mineBlock.minecraft.cactus":18,"stat.mineBlock.minecraft.redstone_torch":84,"stat.killEntity.Spider":56,"stat.pickup.minecraft.bread":2,"stat.craftItem.minecraft.spruce_fence":249,"stat.pickup.minecraft.quartz":343,"stat.pickup.minecraft.birch_fence":22,"stat.pickup.minecraft.water_bucket":18,"stat.useItem.minecraft.hopper_minecart":3,"stat.pickup.minecraft.spruce_stairs":248,"stat.mineBlock.minecraft.redstone_ore":1413,"stat.pickup.minecraft.elytra":10,"stat.craftItem.minecraft.coal_block":108,"stat.craftItem.minecraft.brick":24,"stat.mineBlock.minecraft.stone":72085,"stat.useItem.minecraft.sandstone":1221}