{"stat.craftItem.minecraft.chorus_fruit_popped":55,"stat.useItem.minecraft.bow":2010,"stat.useItem.minecraft.painting":13,"stat.useItem.minecraft.quartz_block":73,"stat.pickup.minecraft.dark_oak_boat":2,"stat.mineBlock.minecraft.stained_glass":896,"stat.mineBlock.minecraft.web":2,"stat.pickup.minecraft.rotten_flesh":404,"stat.craftItem.minecraft.stone_axe":1,"stat.useItem.minecraft.vine":7,"stat.pickup.minecraft.cobblestone_wall":36,"stat.pickup.minecraft.bucket":14,"stat.useItem.minecraft.rail":1,"stat.killEntity.Enderman":24,"stat.drop.minecraft.elytra":1,"stat.useItem.minecraft.anvil":11,"stat.craftItem.minecraft.iron_shovel":10,"stat.pickup.minecraft.brown_mushroom":38,"achievement.buildPickaxe":100,"stat.mineBlock.minecraft.end_stone":34,"stat.useItem.minecraft.iron_pickaxe":9193,"stat.pickup.minecraft.stained_hardened_clay":21870,"stat.pickup.minecraft.double_plant":9,"stat.craftItem.minecraft.glass_pane":32,"stat.useItem.minecraft.hardened_clay":967,"stat.mineBlock.minecraft.sticky_piston":9,"stat.furnaceInteraction":1087,"stat.useItem.minecraft.nether_wart":6217,"stat.mineBlock.minecraft.chorus_plant":44,"stat.craftItem.minecraft.leather_helmet":1,"stat.useItem.minecraft.end_stone":13,"stat.mineBlock.minecraft.wooden_button":3,"stat.useItem.minecraft.fence":216,"stat.useItem.minecraft.acacia_fence":14,"stat.craftItem.minecraft.daylight_detector":21,"stat.useItem.minecraft.cauldron":1,"stat.mineBlock.minecraft.fence":66,"stat.useItem.minecraft.wheat_seeds":753,"stat.mineBlock.minecraft.sea_lantern":135,"stat.pickup.minecraft.emerald":24,"stat.pickup.minecraft.lever":23,"stat.deaths":24,"stat.pickup.minecraft.egg":617,"stat.craftItem.minecraft.item_frame":187,"stat.craftItem.minecraft.iron_pickaxe":41,"stat.pickup.minecraft.glass_pane":11,"stat.pickup.minecraft.item_frame":67,"stat.pickup.minecraft.sea_lantern":1039,"stat.craftItem.minecraft.repeater":50,"stat.pickup.minecraft.cooked_mutton":1,"stat.chestOpened":4983,"stat.useItem.minecraft.lapis_ore":32,"stat.craftItem.minecraft.sign":204,"stat.useItem.minecraft.jungle_fence":97,"stat.pickup.minecraft.iron_sword":2,"stat.pickup.minecraft.lapis_ore":32,"stat.craftItem.minecraft.quartz_block":192,"stat.pickup.minecraft.gold_nugget":69,"stat.pickup.minecraft.chorus_flower":69,"stat.drop.minecraft.banner":1,"stat.craftItem.minecraft.coal":1982,"stat.pickup.minecraft.carrot":304,"stat.crouchOneCm":4743907,"stat.pickup.minecraft.rail":5,"stat.craftItem.minecraft.iron_ingot":1036,"stat.pickup.minecraft.ender_chest":2,"stat.craftingTableInteraction":770,"stat.mineBlock.minecraft.wooden_pressure_plate":51,"stat.pickup.minecraft.jungle_door":1,"stat.pickup.minecraft.repeater":120,"stat.mineBlock.minecraft.log2":891,"stat.pickup.minecraft.wooden_pickaxe":2,"stat.useItem.minecraft.dark_oak_fence":13,"stat.pickup.minecraft.dye":3011,"stat.mineBlock.minecraft.jungle_fence":9,"stat.pickup.minecraft.planks":2249,"stat.drop.minecraft.carpet":2,"stat.mineBlock.minecraft.ender_chest":2,"stat.mineBlock.minecraft.daylight_detector":21,"stat.flowerPotted":2,"stat.drop.minecraft.rotten_flesh":10,"stat.useItem.minecraft.jungle_fence_gate":2,"stat.pickup.minecraft.chicken":99,"stat.drop.minecraft.gold_nugget":2,"stat.useItem.minecraft.glass_pane":40,"stat.pickup.minecraft.end_stone":56,"stat.pickup.minecraft.coal_block":501,"stat.craftItem.minecraft.bucket":21,"stat.craftItem.minecraft.planks":9516,"stat.useItem.minecraft.iron_sword":374,"stat.useItem.minecraft.daylight_detector":38,"stat.useItem.minecraft.stonebrick":9619,"stat.pickup.minecraft.book":27,"stat.craftItem.minecraft.wooden_door":3,"stat.pickup.minecraft.red_nether_brick":494,"stat.pickup.minecraft.cooked_fish":132,"stat.craftItem.minecraft.spruce_door":3,"stat.pickup.minecraft.tripwire_hook":8,"stat.mineBlock.minecraft.cobblestone":1349,"stat.mineBlock.minecraft.pumpkin":10,"stat.pickup.minecraft.stone_pickaxe":2,"stat.pickup.minecraft.flint":31,"stat.craftItem.minecraft.quartz_stairs":4,"stat.pickup.minecraft.leather_chestplate":7,"stat.pickup.minecraft.flower_pot":2,"stat.mineBlock.minecraft.stained_glass_pane":148,"stat.drop.minecraft.cobblestone":7,"stat.useItem.minecraft.chorus_flower":26,"stat.useItem.minecraft.coal_block":717,"stat.breakItem.minecraft.iron_pickaxe":36,"stat.mineBlock.minecraft.dropper":15,"stat.pickup.minecraft.iron_boots":6,"stat.pickup.minecraft.diamond_horse_armor":1,"stat.craftItem.minecraft.furnace":56,"stat.craftItem.minecraft.lapis_block":190,"stat.drop.minecraft.golden_helmet":1,"stat.craftItem.minecraft.iron_boots":3,"stat.mineBlock.minecraft.clay":19,"stat.mineBlock.minecraft.noteblock":20,"stat.useItem.minecraft.wooden_slab":2819,"stat.drop.minecraft.spider_eye":1,"stat.craftItem.minecraft.iron_block":31,"stat.craftItem.minecraft.stonebrick":8997,"stat.breakItem.minecraft.diamond_pickaxe":2,"stat.craftItem.minecraft.end_rod":52,"stat.killEntity.Creeper":35,"stat.useItem.minecraft.armor_stand":8,"stat.breakItem.minecraft.iron_sword":1,"stat.pickup.minecraft.wooden_sword":4,"stat.entityKilledBy.Skeleton":3,"achievement.buildSword":65,"stat.killEntity.Squid":26,"stat.useItem.minecraft.dropper":27,"stat.sprintOneCm":19799235,"stat.useItem.minecraft.diamond_block":1,"stat.mineBlock.minecraft.stone_slab":418,"stat.pickup.minecraft.leather_leggings":13,"stat.craftItem.minecraft.redstone_lamp":66,"stat.pickup.minecraft.vine":8,"stat.craftItem.minecraft.leather_chestplate":2,"stat.useItem.minecraft.banner":30,"stat.pickup.minecraft.iron_block":7,"stat.killEntity.Zombie":718,"stat.craftItem.minecraft.dye":5040,"stat.craftItem.minecraft.diamond_axe":2,"stat.mineBlock.minecraft.gold_ore":315,"stat.drop.minecraft.diamond_pickaxe":5,"stat.pickup.minecraft.wheat":669,"stat.pickup.minecraft.sign":87,"stat.craftItem.minecraft.cooked_porkchop":3,"stat.pickup.minecraft.obsidian":3479,"stat.useItem.minecraft.heavy_weighted_pressure_plate":5,"stat.pickup.minecraft.coal":7822,"stat.pickup.minecraft.iron_ingot":620,"stat.useItem.minecraft.dark_oak_boat":1,"stat.craftItem.minecraft.lever":46,"stat.pickup.minecraft.gunpowder":30,"stat.drop.minecraft.wooden_sword":9,"stat.pickup.minecraft.dirt":3491,"stat.useItem.minecraft.coal_ore":237,"stat.mineBlock.minecraft.lapis_ore":255,"stat.pickup.minecraft.iron_axe":6,"stat.brewingstandInteraction":73,"stat.useItem.minecraft.stone_brick_stairs":1026,"stat.mineBlock.minecraft.torch":322,"stat.pickup.minecraft.written_book":11,"stat.mineBlock.minecraft.red_flower":21,"stat.useItem.minecraft.acacia_door":33,"stat.noteblockTuned":411,"stat.craftItem.minecraft.comparator":9,"stat.useItem.minecraft.slime":173,"stat.mineBlock.minecraft.fence_gate":1,"stat.pickup.minecraft.diamond_axe":8,"stat.pickup.minecraft.diamond_pickaxe":48,"stat.pickup.minecraft.noteblock":20,"stat.useItem.minecraft.lava_bucket":9,"stat.drop.minecraft.netherrack":2,"stat.useItem.minecraft.item_frame":55,"stat.useItem.minecraft.stained_hardened_clay":10151,"stat.useItem.minecraft.redstone_ore":64,"stat.pickup.minecraft.dark_oak_stairs":74,"stat.mobKills":6202,"stat.pickup.minecraft.diamond_boots":3,"stat.useItem.minecraft.boat":5,"stat.pickup.minecraft.diamond":592,"stat.pickup.minecraft.beetroot_seeds":37,"achievement.bookcase":4,"stat.craftItem.minecraft.spruce_stairs":240,"stat.useItem.minecraft.string":11,"stat.drop.minecraft.mutton":1,"stat.useItem.minecraft.bookshelf":2,"stat.useItem.minecraft.soul_sand":602,"stat.pickup.minecraft.golden_boots":19,"stat.pickup.minecraft.glowstone_dust":2,"stat.mineBlock.minecraft.stone_brick_stairs":206,"stat.craftItem.minecraft.cobblestone_wall":60,"stat.craftItem.minecraft.stone_sword":3,"stat.pickup.minecraft.chainmail_chestplate":4,"stat.mineBlock.minecraft.sand":1710,"stat.hopperInspected":39,"stat.useItem.minecraft.fence_gate":3,"stat.trappedChestTriggered":78,"stat.drop.minecraft.rail":2,"stat.craftItem.minecraft.magma_cream":2,"stat.pickup.minecraft.wooden_button":2,"stat.mineBlock.minecraft.lapis_block":7,"stat.useItem.minecraft.minecart":2,"stat.useItem.minecraft.cooked_mutton":1,"stat.drop.minecraft.stained_hardened_clay":23,"stat.pickup.minecraft.stone_stairs":50,"stat.craftItem.minecraft.fence_gate":19,"stat.pickup.minecraft.saddle":1,"stat.mineBlock.minecraft.soul_sand":793,"stat.craftItem.minecraft.diamond_block":1,"stat.pickup.minecraft.netherrack":6820,"stat.pickup.minecraft.pumpkin":12,"stat.pickup.minecraft.spruce_door":12,"stat.craftItem.minecraft.redstone_torch":215,"stat.useItem.minecraft.trapped_chest":8,"stat.pickup.minecraft.dropper":19,"stat.pickup.minecraft.golden_leggings":15,"stat.dropperInspected":48,"stat.mineBlock.minecraft.nether_wart_block":80,"stat.pickup.minecraft.heavy_weighted_pressure_plate":1,"stat.drop.minecraft.bone":16,"stat.craftItem.minecraft.wooden_button":2,"stat.useItem.minecraft.furnace":71,"stat.pickup.minecraft.slime":10,"stat.pickup.minecraft.iron_leggings":12,"stat.mineBlock.minecraft.gravel":205,"stat.useItem.minecraft.wool":1048,"stat.breakItem.minecraft.diamond_axe":1,"stat.useItem.minecraft.torch":2044,"stat.craftItem.minecraft.redstone_block":753,"stat.craftItem.minecraft.stone_stairs":68,"stat.pickup.minecraft.crafting_table":58,"stat.useItem.minecraft.log":291,"stat.useItem.minecraft.comparator":32,"stat.craftItem.minecraft.crafting_table":38,"stat.craftItem.minecraft.boat":6,"stat.mineBlock.minecraft.emerald_ore":12,"stat.pickup.minecraft.redstone_block":520,"stat.useItem.minecraft.cooked_fish":100,"stat.useItem.minecraft.nether_wart_block":864,"stat.drop.minecraft.sign":1,"stat.craftItem.minecraft.stone_button":12,"stat.drop.minecraft.planks":2,"stat.pickup.minecraft.sapling":1199,"stat.drop.minecraft.bow":7,"stat.pickup.minecraft.beetroot":19,"stat.useItem.minecraft.wooden_pressure_plate":59,"stat.drop.minecraft.acacia_door":2,"stat.craftItem.minecraft.sugar":7,"stat.useItem.minecraft.baked_potato":352,"stat.pickup.minecraft.stone_slab":1429,"stat.pickup.minecraft.yellow_flower":198,"stat.craftItem.minecraft.jungle_door":3,"stat.pickup.minecraft.bone":1147,"stat.craftItem.minecraft.sticky_piston":9,"stat.pickup.minecraft.redstone_torch":102,"stat.horseOneCm":3824313,"stat.useItem.minecraft.log2":195,"stat.mineBlock.minecraft.slime":10,"stat.mineBlock.minecraft.brown_mushroom":5,"stat.mineBlock.minecraft.acacia_fence":2,"stat.useItem.minecraft.diamond_sword":2455,"stat.climbOneCm":779639,"stat.useItem.minecraft.end_rod":119,"stat.craftItem.minecraft.gold_block":64,"stat.enderchestOpened":134,"stat.useItem.minecraft.redstone_torch":82,"stat.pickup.minecraft.golden_helmet":16,"stat.drop.minecraft.writable_book":5,"stat.useItem.minecraft.red_flower":9,"stat.pickup.minecraft.daylight_detector":21,"stat.craftItem.minecraft.bone_block":304,"stat.pickup.minecraft.anvil":4,"stat.craftItem.minecraft.trapdoor":28,"stat.craftItem.minecraft.stone_pickaxe":3,"stat.pickup.minecraft.cobblestone":17262,"stat.craftItem.minecraft.glass_bottle":33,"stat.pickup.minecraft.soul_sand":785,"stat.pickup.minecraft.cactus":12,"stat.pickup.minecraft.redstone":8477,"stat.mineBlock.minecraft.iron_ore":1139,"stat.craftItem.minecraft.book":98,"stat.craftItem.minecraft.acacia_door":33,"stat.useItem.minecraft.noteblock":42,"stat.drop.minecraft.dirt":1,"stat.useItem.minecraft.cooked_porkchop":3,"stat.pickup.minecraft.iron_shovel":4,"stat.pickup.minecraft.carpet":286,"stat.pickup.minecraft.trapdoor":17,"stat.pickup.minecraft.diamond_shovel":5,"stat.craftItem.minecraft.acacia_fence":45,"stat.useItem.minecraft.sea_lantern":372,"stat.useItem.minecraft.spruce_fence":24,"stat.pickup.minecraft.paper":5,"stat.pickup.minecraft.jungle_fence_gate":4,"stat.craftItem.minecraft.stick":3932,"stat.craftItem.minecraft.stained_hardened_clay":1088,"stat.craftItem.minecraft.gold_nugget":738,"stat.pickup.minecraft.grass":83,"stat.useItem.minecraft.stone_pressure_plate":5,"stat.entityKilledBy.Creeper":3,"stat.breakItem.minecraft.shears":7,"stat.mineBlock.minecraft.planks":953,"stat.drop":160,"stat.killEntity.Sheep":11,"stat.pickup.minecraft.golden_chestplate":15,"stat.craftItem.minecraft.piston":98,"stat.useItem.minecraft.quartz_stairs":5,"stat.killEntity.Slime":17,"stat.mineBlock.minecraft.anvil":4,"stat.useItem.minecraft.apple":10,"stat.mineBlock.minecraft.deadbush":28,"stat.useItem.minecraft.carpet":1300,"stat.useItem.minecraft.potion":5,"stat.useItem.minecraft.flower_pot":6,"stat.pickup.minecraft.fence":66,"stat.useItem.minecraft.stone_axe":76,"stat.craftItem.minecraft.iron_helmet":3,"stat.boatOneCm":4604382,"stat.useItem.minecraft.redstone_lamp":67,"stat.mineBlock.minecraft.leaves2":245,"stat.mineBlock.minecraft.stone_stairs":17,"stat.mineBlock.minecraft.furnace":45,"stat.pickup.minecraft.dark_oak_fence":22,"stat.killEntity.CaveSpider":1778,"stat.craftItem.minecraft.netherbrick":2851,"stat.pickup.minecraft.oak_stairs":29,"stat.pickup.minecraft.stained_glass":1024,"stat.damageDealt":155238,"stat.craftItem.minecraft.anvil":9,"stat.useItem.minecraft.crafting_table":77,"stat.pickup.minecraft.stick":503,"achievement.enchantments":1,"stat.breakItem.minecraft.stone_pickaxe":1,"stat.craftItem.minecraft.writable_book":56,"stat.craftItem.minecraft.diamond_boots":2,"stat.useItem.minecraft.redstone_block":122,"stat.useItem.minecraft.spruce_stairs":233,"stat.craftItem.minecraft.redstone":605,"stat.useItem.minecraft.cactus":4,"stat.pickup.minecraft.chorus_fruit":351,"stat.craftItem.minecraft.red_nether_brick":1408,"stat.killEntity.Chicken":93,"stat.useItem.minecraft.iron_block":7,"stat.mineBlock.minecraft.quartz_ore":362,"stat.pickup.minecraft.dragon_breath":18,"stat.craftItem.minecraft.fence":210,"stat.craftItem.minecraft.jungle_fence":99,"stat.mineBlock.minecraft.leaves":3084,"stat.mineBlock.minecraft.piston":63,"stat.mineBlock.minecraft.bone_block":426,"stat.craftItem.minecraft.tripwire_hook":20,"stat.pickup.minecraft.wooden_slab":1006,"stat.leaveGame":96,"stat.pickup.minecraft.jungle_fence":50,"stat.useItem.minecraft.glowstone":1,"stat.mineBlock.minecraft.sandstone":14,"stat.killEntity.PigZombie":1,"stat.craftItem.minecraft.shield":4,"stat.craftItem.minecraft.stone_pressure_plate":4,"stat.craftItem.minecraft.noteblock":46,"stat.mineBlock.minecraft.wooden_slab":665,"stat.pickup.minecraft.leather_boots":20,"stat.killEntity.Witch":4,"stat.drop.minecraft.sand":1,"stat.craftItem.minecraft.wooden_pickaxe":7,"stat.useItem.minecraft.iron_shovel":1939,"stat.craftItem.minecraft.bed":5,"stat.mineBlock.minecraft.hopper":21,"stat.mineBlock.minecraft.vine":8,"stat.noteblockPlayed":25,"stat.useItem.minecraft.double_plant":4,"stat.pickup.minecraft.beef":45,"stat.pickup.minecraft.leather_helmet":13,"stat.mineBlock.minecraft.stained_hardened_clay":19104,"stat.useItem.minecraft.trapdoor":16,"stat.useItem.minecraft.stained_glass":2986,"stat.useItem.minecraft.dark_oak_door":4,"achievement.openInventory":4137,"stat.pickup.minecraft.potion":2,"stat.useItem.minecraft.wooden_button":3,"stat.craftItem.minecraft.dropper":12,"stat.useItem.minecraft.lingering_potion":1,"stat.useItem.minecraft.dye":1724,"stat.mineBlock.minecraft.stone_pressure_plate":1,"stat.drop.minecraft.torch":1,"stat.mineBlock.minecraft.tallgrass":431,"stat.useItem.minecraft.stone":1104,"stat.pickup.minecraft.arrow":1642,"stat.pickup.minecraft.wooden_pressure_plate":53,"stat.killEntity.Ghast":2,"stat.useItem.minecraft.ender_chest":7,"stat.drop.minecraft.iron_pickaxe":6,"achievement.killCow":21,"stat.mineBlock.minecraft.chest":41,"stat.pickup.minecraft.painting":2,"stat.mineBlock.minecraft.hardened_clay":6673,"stat.craftItem.minecraft.hopper":6,"stat.useItem.minecraft.reeds":21,"stat.craftItem.minecraft.wooden_sword":32,"stat.craftItem.minecraft.diamond_shovel":3,"stat.pickup.minecraft.wheat_seeds":1207,"stat.mineBlock.minecraft.glass":14,"stat.useItem.minecraft.enchanting_table":1,"stat.mineBlock.minecraft.dirt":3604,"stat.pickup.minecraft.poisonous_potato":8,"stat.drop.minecraft.paper":5,"stat.useItem.minecraft.bread":12,"stat.pickup.minecraft.brewing_stand":1,"stat.useItem.minecraft.cobblestone":3465,"stat.craftItem.minecraft.leather_boots":9,"stat.useItem.minecraft.gravel":1,"stat.mineBlock.minecraft.double_plant":2,"stat.minecartOneCm":35034,"stat.breakItem.minecraft.golden_helmet":2,"stat.pickup.minecraft.iron_pickaxe":7,"stat.drop.minecraft.carrot":1,"stat.mineBlock.minecraft.end_rod":14,"stat.craftItem.minecraft.gold_ingot":217,"stat.pickup.minecraft.hopper":25,"stat.craftItem.minecraft.brewing_stand":5,"stat.pickup.minecraft.apple":78,"stat.pickup.minecraft.banner":23,"achievement.portal":334,"stat.itemEnchanted":76,"stat.mineBlock.minecraft.log":2877,"stat.useItem.minecraft.wooden_door":2,"achievement.acquireIron":53,"stat.useItem.minecraft.spruce_door":9,"stat.craftItem.minecraft.paper":423,"stat.pickup.minecraft.red_flower":50,"stat.pickup.minecraft.wool":3871,"stat.craftItem.minecraft.trapped_chest":8,"stat.useItem.minecraft.iron_axe":3874,"stat.mineBlock.minecraft.yellow_flower":45,"stat.craftItem.minecraft.wool":3,"stat.pickup.minecraft.enchanted_book":6,"stat.pickup.minecraft.glowstone":68,"achievement.buildWorkBench":62,"stat.pickup.minecraft.writable_book":14,"stat.useItem.minecraft.obsidian":2727,"stat.pickup.minecraft.sticky_piston":11,"stat.pickup.minecraft.bow":136,"stat.craftItem.minecraft.dark_oak_door":3,"stat.useItem.minecraft.egg":579,"stat.craftItem.minecraft.spruce_boat":3,"stat.pickup.minecraft.nether_wart_block":138,"stat.pickup.minecraft.coal_ore":237,"stat.mineBlock.minecraft.obsidian":3062,"stat.pickup.minecraft.shears":8,"stat.craftItem.minecraft.bow":24,"stat.flyOneCm":2263977,"stat.pickup.minecraft.sandstone":14,"stat.craftItem.minecraft.stained_glass":952,"stat.timeSinceDeath":42882,"stat.pickup.minecraft.quartz_ore":157,"stat.craftItem.minecraft.painting":5,"stat.cauldronFilled":1,"stat.useItem.minecraft.potato":253,"stat.pickup.minecraft.chainmail_helmet":3,"stat.pickup.minecraft.nether_wart":23084,"stat.pickup.minecraft.spruce_fence":2,"stat.mineBlock.minecraft.coal_ore":3864,"stat.pickup.minecraft.shield":6,"stat.talkedToVillager":6,"stat.mineBlock.minecraft.red_mushroom_block":3,"stat.pickup.minecraft.string":291,"stat.mineBlock.minecraft.ladder":37,"stat.useItem.minecraft.written_book":42,"stat.mineBlock.minecraft.chorus_flower":59,"stat.useItem.minecraft.diamond_shovel":3792,"stat.pickup.minecraft.bone_block":390,"stat.mineBlock.minecraft.diamond_ore":256,"stat.craftItem.minecraft.wooden_pressure_plate":57,"achievement.killEnemy":5925,"stat.breakItem.minecraft.iron_shovel":6,"stat.useItem.minecraft.ladder":236,"stat.diveOneCm":143183,"stat.useItem.minecraft.sticky_piston":18,"stat.craftItem.minecraft.ladder":303,"stat.mineBlock.minecraft.stone_button":10,"stat.pickup.minecraft.stained_glass_pane":248,"stat.useItem.minecraft.rotten_flesh":1,"stat.craftItem.minecraft.diamond_sword":3,"stat.jump":39833,"stat.useItem.minecraft.sand":36,"stat.craftItem.minecraft.torch":1776,"stat.breakItem.minecraft.golden_leggings":2,"stat.craftItem.minecraft.fermented_spider_eye":7,"stat.useItem.minecraft.glass":89,"stat.pickup.minecraft.gold_ore":345,"stat.useItem.minecraft.sapling":649,"stat.mineBlock.minecraft.glass_pane":14,"stat.damageTaken":38055,"stat.useItem.minecraft.gold_block":57,"stat.breakItem.minecraft.leather_boots":1,"stat.mineBlock.minecraft.sapling":86,"stat.pickup.minecraft.log2":1778,"stat.pickup.minecraft.bed":13,"stat.pickup.minecraft.quartz_block":22,"stat.pickup.minecraft.acacia_fence":34,"stat.pickup.minecraft.potato":516,"stat.entityKilledBy.Zombie":3,"stat.killEntity.Silverfish":7,"stat.craftItem.minecraft.stone_slab":3070,"stat.animalsBred":118,"stat.useItem.minecraft.chest":151,"stat.shulkerBoxOpened":2,"stat.craftItem.minecraft.iron_chestplate":3,"stat.pickup.minecraft.baked_potato":295,"stat.pickup.minecraft.ender_pearl":65,"stat.drop.minecraft.wooden_slab":3,"stat.pickup.minecraft.ladder":81,"stat.useItem.minecraft.netherrack":3427,"stat.craftItem.minecraft.stained_glass_pane":944,"stat.craftItem.minecraft.bookshelf":2,"stat.useItem.minecraft.tripwire_hook":8,"stat.mineBlock.minecraft.stonebrick":816,"stat.mineBlock.minecraft.glowstone":76,"stat.craftItem.minecraft.shears":32,"stat.useItem.minecraft.cobblestone_wall":24,"stat.breakItem.minecraft.diamond_shovel":1,"stat.useItem.minecraft.writable_book":18,"stat.pickup.minecraft.torch":1355,"stat.drop.minecraft.arrow":2,"stat.craftItem.minecraft.iron_axe":17,"stat.pickup.minecraft.lapis_block":97,"stat.useItem.minecraft.planks":1454,"stat.pickup.minecraft.porkchop":2,"stat.pickup.minecraft.glass":330,"stat.useItem.minecraft.water_bucket":1060,"stat.pickup.minecraft.sand":1812,"stat.mineBlock.minecraft.jungle_fence_gate":2,"stat.craftItem.minecraft.dark_oak_fence":15,"stat.pickup.minecraft.hardened_clay":7495,"stat.useItem.minecraft.red_nether_brick":571,"stat.pickup.minecraft.name_tag":1,"achievement.diamonds":353,"stat.drop.minecraft.hardened_clay":8,"stat.aviateOneCm":2696111,"stat.useItem.minecraft.ender_pearl":15,"stat.useItem.minecraft.brown_mushroom":6,"achievement.buildBetterPickaxe":93,"stat.craftItem.minecraft.blaze_powder":12,"achievement.breedCow":36,"stat.useItem.minecraft.oak_stairs":43,"stat.craftItem.minecraft.golden_carrot":2,"stat.mineBlock.minecraft.dark_oak_stairs":63,"stat.useItem.minecraft.dark_oak_stairs":322,"stat.pickup.minecraft.fence_gate":1,"stat.pickup.minecraft.furnace":45,"stat.useItem.minecraft.redstone":267,"stat.mineBlock.minecraft.redstone_lamp":1,"achievement.mineWood":3702,"stat.pickup.minecraft.iron_chestplate":7,"stat.pickup.minecraft.end_rod":41,"stat.useItem.minecraft.stone_stairs":73,"stat.pickup.minecraft.acacia_door":7,"stat.craftItem.minecraft.nether_wart_block":1466,"stat.useItem.minecraft.hopper":27,"stat.craftItem.minecraft.heavy_weighted_pressure_plate":4,"stat.mineBlock.minecraft.oak_stairs":24,"stat.playOneMinute":9762837,"stat.useItem.minecraft.shears":1079,"stat.mineBlock.minecraft.brown_mushroom_block":53,"stat.pickup.minecraft.iron_bars":6,"stat.mineBlock.minecraft.dark_oak_fence":10,"stat.craftItem.minecraft.carpet":1428,"stat.mineBlock.minecraft.netherrack":6944,"stat.craftItem.minecraft.dark_oak_stairs":332,"stat.useItem.minecraft.quartz_ore":80,"stat.craftItem.minecraft.iron_nugget":180,"stat.pickup.minecraft.cooked_chicken":512,"stat.fallOneCm":641712,"stat.drop.minecraft.dye":9,"stat.craftItem.minecraft.chest":154,"stat.craftItem.minecraft.banner":43,"stat.mineBlock.minecraft.lever":18,"stat.pickup.minecraft.red_mushroom":7,"stat.pickup.minecraft.comparator":30,"stat.pickup.minecraft.feather":168,"stat.mineBlock.minecraft.red_nether_brick":84,"stat.mineBlock.minecraft.spruce_fence":2,"stat.pickup.minecraft.lead":5,"stat.useItem.minecraft.stone_pickaxe":152,"stat.useItem.minecraft.stone_sword":53,"stat.craftItem.minecraft.iron_leggings":3,"stat.craftItem.minecraft.oak_stairs":32,"stat.pickup.minecraft.redstone_ore":76,"stat.pickup.minecraft.chainmail_boots":3,"stat.mineBlock.minecraft.monster_egg":2,"stat.mineBlock.minecraft.quartz_stairs":1,"stat.useItem.minecraft.bone_block":1620,"stat.pickup.minecraft.log":4034,"stat.breakItem.minecraft.iron_boots":1,"stat.breakItem.minecraft.iron_helmet":1,"stat.pickup.minecraft.chainmail_leggings":4,"stat.entityKilledBy.Enderman":2,"stat.mineBlock.minecraft.iron_block":7,"stat.mineBlock.minecraft.tripwire_hook":1,"stat.useItem.minecraft.jungle_door":2,"stat.craftItem.minecraft.cooked_chicken":80,"stat.craftItem.minecraft.flower_pot":5,"stat.useItem.minecraft.beetroot_seeds":18,"stat.sneakTime":1328041,"stat.useItem.minecraft.brewing_stand":6,"stat.pickup.minecraft.chest":47,"stat.craftItem.minecraft.enchanting_table":1,"stat.craftItem.minecraft.leather_leggings":2,"stat.useItem.minecraft.lapis_block":45,"stat.pickup.minecraft.stone_pressure_plate":1,"stat.useItem.minecraft.repeater":49,"stat.craftItem.minecraft.stone_brick_stairs":692,"stat.swimOneCm":1325441,"stat.mineBlock.minecraft.spruce_stairs":65,"stat.useItem.minecraft.dirt":2343,"achievement.exploreAllBiomes":{"value":0,"progress":["Savanna Plateau","Mesa Plateau F","Sunflower Plains","Mesa","ForestHills","Plains","The End","Beach","DesertHills","Stone Beach","Mesa Plateau","Forest","Ocean","River","Desert","Extreme Hills","MushroomIsland","Deep Ocean","Savanna","Hell"]},"stat.pickup.minecraft.quartz_stairs":1,"stat.mineBlock.minecraft.carpet":274,"stat.pickup.minecraft.gold_block":8,"stat.mineBlock.minecraft.redstone_block":48,"stat.pickup.minecraft.glass_bottle":136,"stat.useItem.minecraft.red_mushroom":3,"stat.drop.minecraft.wheat_seeds":1,"stat.craftItem.minecraft.wooden_slab":2912,"stat.useItem.minecraft.sign":151,"stat.pickup.minecraft.mutton":14,"stat.useItem.minecraft.lever":65,"stat.mineBlock.minecraft.coal_block":196,"stat.pickup.minecraft.dark_oak_door":4,"stat.pickup.minecraft.stonebrick":1064,"stat.pickup.minecraft.redstone_lamp":3,"stat.drop.minecraft.beetroot_seeds":17,"stat.craftItem.minecraft.brick_block":1,"stat.useItem.minecraft.stone_slab":3425,"stat.craftItem.minecraft.jungle_fence_gate":2,"stat.useItem.minecraft.bed":12,"stat.craftItem.minecraft.stone":7961,"stat.craftItem.minecraft.armor_stand":10,"stat.mineBlock.minecraft.crafting_table":55,"stat.useItem.minecraft.diamond_pickaxe":72711,"stat.mineBlock.minecraft.quartz_block":18,"stat.useItem.minecraft.carrot":180,"stat.useItem.minecraft.bucket":1095,"achievement.buildFurnace":110,"stat.pickup.minecraft.stone_button":41,"stat.pickup.minecraft.slime_ball":20,"stat.craftItem.minecraft.diamond_pickaxe":9,"stat.drop.minecraft.wooden_pickaxe":1,"stat.pickup.minecraft.gravel":363,"stat.useItem.minecraft.glass_bottle":33,"stat.useItem.minecraft.diamond_axe":2965,"stat.entityKilledBy.Guardian":1,"stat.useItem.minecraft.stained_glass_pane":472,"stat.pickup.minecraft.stone_brick_stairs":778,"stat.pickup.minecraft.diamond_sword":17,"stat.pickup.minecraft.brick":13,"stat.pickup.minecraft.iron_helmet":8,"stat.useItem.minecraft.piston":149,"stat.craftItem.minecraft.bread":13,"stat.pickup.minecraft.spider_eye":36,"stat.useItem.minecraft.stone_button":32,"stat.useItem.minecraft.cooked_chicken":666,"stat.pickup.minecraft.iron_ore":1148,"stat.mineBlock.minecraft.iron_bars":22,"stat.pickup.minecraft.leaves":1113,"stat.pickup.minecraft.leather":106,"stat.useItem.minecraft.wooden_pickaxe":64,"stat.dispenserInspected":4,"stat.pickup.minecraft.reeds":242,"stat.pickup.minecraft.prismarine_crystals":7,"stat.craftItem.minecraft.glass":1645,"stat.drop.minecraft.cooked_chicken":9,"stat.craftItem.minecraft.cauldron":1,"stat.sleepInBed":175,"stat.craftItem.minecraft.baked_potato":352,"stat.killEntity.Cow":23,"stat.pickup.minecraft.minecart":1,"stat.killEntity.Pig":1,"stat.craftItem.minecraft.iron_sword":3,"stat.pickup.minecraft.piston":65,"stat.walkOneCm":32043561,"stat.pickup.minecraft.clay_ball":101,"stat.useItem.minecraft.spruce_boat":3,"stat.pickup.minecraft.tnt":1,"stat.pickup.minecraft.stone":5988,"stat.mineBlock.minecraft.wool":181,"stat.useItem.minecraft.leaves":687,"stat.pickup.minecraft.gold_ingot":99,"stat.killEntity.Skeleton":3314,"stat.mineBlock.minecraft.cactus":4,"stat.mineBlock.minecraft.redstone_torch":31,"stat.killEntity.Spider":29,"stat.pickup.minecraft.bread":7,"stat.craftItem.minecraft.spruce_fence":48,"stat.pickup.minecraft.quartz":594,"stat.pickup.minecraft.water_bucket":9,"stat.breakItem.minecraft.iron_axe":13,"stat.pickup.minecraft.spruce_stairs":97,"stat.mineBlock.minecraft.redstone_ore":1575,"stat.pickup.minecraft.elytra":11,"stat.craftItem.minecraft.coal_block":682,"stat.craftItem.minecraft.brick":14,"stat.mineBlock.minecraft.stone":28101,"stat.useItem.minecraft.sandstone":11}