{"achievement.openInventory":213,"stat.leaveGame":277,"stat.damageTaken":240,"stat.flyOneCm":51890507,"stat.deaths":2,"stat.jump":1,"stat.swimOneCm":352162,"stat.playOneMinute":11081621,"stat.sneakTime":75835,"stat.timeSinceDeath":9352627,"achievement.exploreAllBiomes":{"value":0,"progress":["Roofed Forest","Birch Forest","The End","Beach","Mesa Plateau","Mega Taiga Hills","Extreme Hills+","Ocean","River","Taiga","Mega Taiga","Swampland","Birch Forest Hills","Mesa Plateau F","Savanna Plateau","Mesa","ForestHills","Flower Forest","Plains","Ice Plains Spikes","TaigaHills","DesertHills","Stone Beach","Ice Plains","Forest","Desert","Extreme Hills","Mesa (Bryce)","Deep Ocean","Swampland M","Savanna","Hell"]},"stat.diveOneCm":257529}