{"stat.useItem.minecraft.bow":3791,"stat.useItem.minecraft.quartz_block":15,"stat.useItem.minecraft.painting":1,"stat.drop.minecraft.gunpowder":173,"stat.drop.minecraft.redstone":46,"stat.pickup.minecraft.dark_oak_boat":16,"stat.mineBlock.minecraft.stained_glass":963,"stat.drop.minecraft.enchanted_book":439,"stat.mineBlock.minecraft.web":175,"stat.pickup.minecraft.rotten_flesh":4250,"stat.drop.minecraft.redstone_torch":8,"stat.mineBlock.minecraft.purpur_stairs":9,"stat.drop.minecraft.leather_boots":169,"stat.pickup.minecraft.cobblestone_wall":24,"stat.pickup.minecraft.bucket":21,"stat.useItem.minecraft.rail":1671,"stat.killEntity.Enderman":25187,"stat.drop.minecraft.elytra":1,"stat.useItem.minecraft.anvil":22,"stat.craftItem.minecraft.iron_shovel":14,"stat.mineBlock.minecraft.emerald_block":1224,"stat.pickup.minecraft.brown_mushroom":245,"achievement.buildPickaxe":40,"stat.breakItem.minecraft.bow":1,"stat.mineBlock.minecraft.end_stone":184,"stat.killEntity.Villager":292,"stat.pickup.minecraft.stained_hardened_clay":23953,"stat.drop.minecraft.sandstone_stairs":128,"stat.pickup.minecraft.double_plant":172,"stat.craftItem.minecraft.glass_pane":176,"stat.useItem.minecraft.hardened_clay":4131,"stat.mineBlock.minecraft.sticky_piston":260,"stat.furnaceInteraction":303,"stat.useItem.minecraft.nether_wart":3421,"stat.useItem.minecraft.golden_carrot":15,"stat.pickup.minecraft.nether_brick":641,"stat.craftItem.minecraft.leather_helmet":6,"stat.pickup.minecraft.sponge":117,"stat.useItem.minecraft.green_shulker_box":1,"stat.useItem.minecraft.end_stone":113,"stat.mineBlock.minecraft.wooden_button":11,"stat.drop.minecraft.cactus":370,"stat.useItem.minecraft.red_sandstone":1,"stat.craftItem.minecraft.golden_leggings":10,"stat.useItem.minecraft.fence":474,"stat.craftItem.minecraft.daylight_detector":2,"stat.mineBlock.minecraft.sponge":117,"stat.useItem.minecraft.cauldron":168,"stat.useItem.minecraft.flint_and_steel":1119,"stat.mineBlock.minecraft.fence":126,"stat.mineBlock.minecraft.sea_lantern":51,"stat.useItem.minecraft.wheat_seeds":79,"stat.killEntity.Husk":9,"stat.pickup.minecraft.emerald":414,"stat.pickup.minecraft.lever":266,"stat.deaths":79,"stat.pickup.minecraft.bowl":4,"stat.pickup.minecraft.egg":188,"stat.craftItem.minecraft.melon_seeds":283,"stat.craftItem.minecraft.item_frame":145,"stat.craftItem.minecraft.iron_pickaxe":10,"stat.pickup.minecraft.glass_pane":24,"stat.pickup.minecraft.item_frame":79,"stat.pickup.minecraft.sea_lantern":286,"stat.craftItem.minecraft.repeater":1334,"stat.drop.minecraft.iron_ingot":85,"stat.fishCaught":16322,"stat.chestOpened":26712,"stat.useItem.minecraft.lapis_ore":37,"stat.craftItem.minecraft.sign":357,"stat.useItem.minecraft.jungle_fence":1,"stat.pickup.minecraft.iron_sword":2,"stat.pickup.minecraft.lapis_ore":228,"stat.craftItem.minecraft.quartz_block":28,"stat.pickup.minecraft.gold_nugget":6856,"stat.craftItem.minecraft.coal":153,"stat.craftItem.minecraft.ender_chest":12,"stat.pickup.minecraft.carrot":15918,"stat.drop.minecraft.stone_sword":1,"stat.crouchOneCm":7271061,"stat.pickup.minecraft.rail":896,"stat.craftItem.minecraft.diamond":513,"stat.craftItem.minecraft.iron_ingot":12250,"stat.pickup.minecraft.ender_chest":15,"stat.drop.minecraft.slime_ball":68688,"stat.craftingTableInteraction":1991,"stat.mineBlock.minecraft.wooden_pressure_plate":7,"stat.pickup.minecraft.jungle_door":3,"stat.useItem.minecraft.light_blue_shulker_box":6,"stat.pickup.minecraft.repeater":557,"stat.mineBlock.minecraft.log2":110,"stat.drop.minecraft.double_plant":67,"stat.useItem.minecraft.dark_oak_fence":278,"stat.pickup.minecraft.dye":3943,"stat.mineBlock.minecraft.jungle_fence":1,"stat.pickup.minecraft.planks":1104,"stat.drop.minecraft.minecart":19,"stat.mineBlock.minecraft.ender_chest":11,"stat.pickup.minecraft.ice":1,"stat.flowerPotted":5,"stat.drop.minecraft.rotten_flesh":3337,"stat.pickup.minecraft.magma":144,"stat.useItem.minecraft.jungle_fence_gate":1,"stat.drop.minecraft.coal_ore":89,"stat.drop.minecraft.iron_door":1,"stat.drop.minecraft.iron_ore":89,"stat.useItem.minecraft.yellow_flower":1,"stat.drop.minecraft.sapling":26,"stat.pickup.minecraft.chicken":7,"stat.pickup.minecraft.tipped_arrow":3,"stat.drop.minecraft.gold_nugget":982,"stat.pickup.minecraft.end_stone":242,"stat.useItem.minecraft.glass_pane":50,"stat.breakItem.minecraft.stone_shovel":4,"stat.pickup.minecraft.coal_block":2,"stat.drop.minecraft.fish":7926,"stat.craftItem.minecraft.bucket":174,"stat.craftItem.minecraft.planks":81295,"stat.useItem.minecraft.iron_sword":33,"stat.craftItem.minecraft.dirt":44,"stat.pickup.minecraft.stone_sword":2,"stat.craftItem.minecraft.fishing_rod":2,"stat.drop.minecraft.comparator":1,"stat.useItem.minecraft.daylight_detector":3,"stat.useItem.minecraft.stonebrick":12652,"stat.pickup.minecraft.book":90,"stat.craftItem.minecraft.wooden_door":12,"stat.mineBlock.minecraft.waterlily":3,"stat.pickup.minecraft.iron_door":38,"stat.drop.minecraft.sea_lantern":1,"stat.craftItem.minecraft.spruce_door":3,"stat.pickup.minecraft.tripwire_hook":48,"stat.craftItem.minecraft.jungle_boat":2,"stat.drop.minecraft.lapis_ore":2,"stat.pickup.minecraft.spruce_fence_gate":3,"stat.mineBlock.minecraft.cobblestone":4134,"stat.mineBlock.minecraft.pumpkin":524,"stat.useItem.minecraft.beacon":34,"stat.pickup.minecraft.stone_pickaxe":1,"stat.pickup.minecraft.flint":145,"stat.craftItem.minecraft.quartz_stairs":4,"stat.breakItem.minecraft.diamond_leggings":1,"stat.pickup.minecraft.leather_chestplate":13,"stat.mineBlock.minecraft.concrete":675,"stat.pickup.minecraft.flower_pot":5,"stat.mineBlock.minecraft.stained_glass_pane":28,"stat.drop.minecraft.purpur_slab":6,"stat.pickup.minecraft.lime_shulker_box":4,"stat.drop.minecraft.cobblestone":1740,"stat.mineBlock.minecraft.dropper":143,"stat.pickup.minecraft.iron_boots":5,"stat.craftItem.minecraft.furnace":317,"stat.craftItem.minecraft.lapis_block":123,"stat.craftItem.minecraft.iron_boots":11,"stat.useItem.minecraft.spruce_fence_gate":2,"stat.mineBlock.minecraft.clay":123,"stat.mineBlock.minecraft.noteblock":2,"stat.pickup.minecraft.diamond_leggings":35,"stat.useItem.minecraft.melon_block":1,"stat.useItem.minecraft.wooden_slab":12828,"stat.drop.minecraft.spider_eye":36,"stat.craftItem.minecraft.beacon":1,"stat.useItem.minecraft.iron_door":71,"stat.craftItem.minecraft.iron_block":1070,"stat.craftItem.minecraft.stonebrick":14240,"stat.breakItem.minecraft.diamond_pickaxe":6,"stat.drop.minecraft.stained_glass":78,"stat.drop.minecraft.flint_and_steel":1,"stat.drop.minecraft.wool":3,"stat.killEntity.Creeper":161,"stat.useItem.minecraft.armor_stand":10,"stat.useItem.minecraft.silver_shulker_box":1,"stat.craftItem.minecraft.jungle_stairs":4,"stat.entityKilledBy.Skeleton":3,"stat.drop.minecraft.birch_fence":11,"achievement.buildSword":108,"stat.pickup.minecraft.birch_stairs":53,"stat.useItem.minecraft.dropper":445,"stat.killEntity.Squid":12,"stat.sprintOneCm":65913508,"stat.useItem.minecraft.diamond_block":32,"stat.mineBlock.minecraft.stone_slab":5627,"stat.drop.minecraft.leather":49,"stat.useItem.minecraft.snowball":1,"stat.pickup.minecraft.leather_leggings":9,"stat.craftItem.minecraft.redstone_lamp":251,"stat.drop.minecraft.cobblestone_wall":2,"stat.pickup.minecraft.sugar":75,"stat.craftItem.minecraft.leather_chestplate":6,"stat.useItem.minecraft.banner":9,"stat.entityKilledBy.Slime":2,"stat.drop.minecraft.golden_rail":5,"stat.craftItem.minecraft.emerald":11339,"stat.pickup.minecraft.iron_block":5632,"stat.killEntity.Zombie":1996,"stat.craftItem.minecraft.dye":13680,"stat.craftItem.minecraft.diamond_axe":7,"stat.mineBlock.minecraft.gold_ore":659,"stat.craftItem.minecraft.slime_ball":738,"stat.drop.minecraft.diamond_pickaxe":20,"stat.craftItem.minecraft.sandstone":22190,"stat.pickup.minecraft.wheat":213,"stat.mineBlock.minecraft.mossy_cobblestone":118,"stat.pickup.minecraft.sign":170,"stat.drop.minecraft.bookshelf":16,"stat.pickup.minecraft.obsidian":349,"stat.useItem.minecraft.iron_trapdoor":55,"stat.pickup.minecraft.coal":4460,"stat.pickup.minecraft.iron_ingot":556,"stat.useItem.minecraft.dark_oak_boat":16,"stat.craftItem.minecraft.lever":355,"stat.drop.minecraft.diamond_sword":6,"stat.pickup.minecraft.gunpowder":1059,"stat.pickup.minecraft.dirt":30002,"stat.useItem.minecraft.coal_ore":664,"stat.drop.minecraft.iron_shovel":1,"stat.useItem.minecraft.dispenser":246,"stat.mineBlock.minecraft.lapis_ore":384,"stat.pickup.minecraft.red_sandstone":1,"stat.pickup.minecraft.iron_axe":1,"stat.pickup.minecraft.cookie":36,"stat.brewingstandInteraction":63,"stat.useItem.minecraft.stone_brick_stairs":1728,"stat.mineBlock.minecraft.torch":1432,"stat.mineBlock.minecraft.red_flower":900,"stat.pickup.minecraft.written_book":6,"stat.tradedWithVillager":6902,"stat.pickup.minecraft.magma_cream":3,"stat.pickup.minecraft.ender_eye":4,"stat.noteblockTuned":3202247,"stat.craftItem.minecraft.comparator":463,"stat.craftItem.minecraft.sea_lantern":64,"stat.craftItem.minecraft.glowstone":1039,"stat.useItem.minecraft.slime":1510,"stat.useItem.minecraft.birch_fence":1440,"stat.pickup.minecraft.diamond_axe":37,"stat.pickup.minecraft.record_wait":1,"stat.pickup.minecraft.shulker_shell":28,"stat.mineBlock.minecraft.birch_fence":255,"stat.pickup.minecraft.green_shulker_box":2,"stat.drop.minecraft.wheat":309,"stat.pickup.minecraft.diamond_pickaxe":81,"stat.useItem.minecraft.pumpkin":3011,"stat.pickup.minecraft.noteblock":2,"stat.useItem.minecraft.tnt":302,"stat.useItem.minecraft.lava_bucket":71,"stat.useItem.minecraft.gold_ore":5,"stat.drop.minecraft.netherrack":113,"stat.useItem.minecraft.melon":84,"stat.useItem.minecraft.item_frame":178,"stat.useItem.minecraft.stained_hardened_clay":24887,"stat.drop.minecraft.egg":1,"stat.useItem.minecraft.redstone_ore":1426,"stat.pickup.minecraft.cooked_beef":144,"stat.useItem.minecraft.concrete":416,"stat.drop.minecraft.lever":3,"stat.mineBlock.minecraft.purpur_slab":8,"stat.craftItem.minecraft.cookie":36,"stat.pickup.minecraft.dark_oak_stairs":8,"stat.mobKills":31097,"stat.pickup.minecraft.diamond_boots":34,"stat.mineBlock.minecraft.bookshelf":22,"stat.drop.minecraft.written_book":1,"stat.useItem.minecraft.boat":39,"stat.craftItem.minecraft.lead":32,"stat.useItem.minecraft.mossy_cobblestone":11,"stat.pickup.minecraft.diamond":924,"stat.craftItem.minecraft.spruce_stairs":44,"stat.craftItem.minecraft.map":1,"stat.breakItem.minecraft.stone_sword":5,"stat.useItem.minecraft.string":376,"stat.useItem.minecraft.bookshelf":22,"stat.useItem.minecraft.soul_sand":987,"stat.killEntity.Blaze":723,"stat.pickup.minecraft.golden_boots":13,"stat.pickup.minecraft.glowstone_dust":1459,"stat.drop.minecraft.bowl":60,"stat.mineBlock.minecraft.white_shulker_box":2,"stat.mineBlock.minecraft.stone_brick_stairs":259,"stat.pickup.minecraft.observer":18,"stat.craftItem.minecraft.lit_pumpkin":341,"stat.craftItem.minecraft.cobblestone_wall":312,"stat.craftItem.minecraft.stone_sword":41,"stat.mineBlock.minecraft.snow_layer":696,"stat.pickup.minecraft.chainmail_chestplate":2,"stat.mineBlock.minecraft.sand":24150,"stat.craftItem.minecraft.wooden_hoe":2,"stat.craftItem.minecraft.slime":8366,"stat.hopperInspected":2572,"stat.drop.minecraft.diamond":81,"stat.pickup.minecraft.packed_ice":4181,"stat.breakItem.minecraft.flint_and_steel":16,"stat.craftItem.minecraft.birch_door":255,"stat.pickup.minecraft.armor_stand":4,"stat.trappedChestTriggered":7358,"stat.drop.minecraft.rail":45,"stat.craftItem.minecraft.magma_cream":190,"stat.craftItem.minecraft.acacia_stairs":4,"stat.craftItem.minecraft.observer":54,"stat.craftItem.minecraft.pumpkin_seeds":1288,"stat.pickup.minecraft.wooden_button":22,"stat.drop.minecraft.purple_shulker_box":1,"stat.drop.minecraft.wooden_pressure_plate":1,"stat.useItem.minecraft.minecart":88,"stat.drop.minecraft.stained_hardened_clay":272,"stat.drop.minecraft.diamond_helmet":1,"stat.drop.minecraft.wooden_button":1,"stat.drop.minecraft.fishing_rod":716,"stat.pickup.minecraft.stone_stairs":1,"stat.pickup.minecraft.acacia_stairs":4,"stat.pickup.minecraft.pumpkin_seeds":516,"stat.pickup.minecraft.golden_carrot":122,"stat.drop.minecraft.fireworks":308,"stat.pickup.minecraft.saddle":19,"stat.mineBlock.minecraft.soul_sand":1551,"stat.pickup.minecraft.blaze_rod":564,"stat.craftItem.minecraft.diamond_block":92,"stat.drop.minecraft.chest":10,"stat.pickup.minecraft.netherrack":5167,"stat.pickup.minecraft.pumpkin":10254,"stat.pickup.minecraft.spruce_door":2,"stat.drop.minecraft.hopper":5,"stat.drop.minecraft.packed_ice":5,"stat.pickup.minecraft.waterlily":64,"stat.useItem.minecraft.sponge":117,"stat.craftItem.minecraft.redstone_torch":5715,"stat.pickup.minecraft.detector_rail":6,"stat.useItem.minecraft.packed_ice":6260,"stat.pickup.minecraft.brick_stairs":3,"stat.mineBlock.minecraft.gold_block":37,"stat.craftItem.minecraft.iron_hoe":20,"stat.drop.minecraft.stone":6885,"stat.useItem.minecraft.trapped_chest":1208,"stat.pickup.minecraft.melon_seeds":231,"stat.pickup.minecraft.dropper":190,"stat.useItem.minecraft.black_shulker_box":9,"stat.pickup.minecraft.golden_leggings":13,"stat.pickup.minecraft.melon":37279,"stat.drop.minecraft.stained_glass_pane":28,"stat.dropperInspected":1555,"stat.pickup.minecraft.heavy_weighted_pressure_plate":6,"stat.useItem.minecraft.golden_rail":1299,"stat.craftItem.minecraft.detector_rail":72,"stat.drop.minecraft.bone":733,"stat.craftItem.minecraft.wooden_button":139,"stat.useItem.minecraft.furnace":319,"stat.pickup.minecraft.slime":990,"stat.pickup.minecraft.iron_leggings":6,"stat.mineBlock.minecraft.snow":611,"stat.mineBlock.minecraft.gravel":4760,"stat.mineBlock.minecraft.beacon":28,"stat.useItem.minecraft.wool":2290,"stat.drop.minecraft.reeds":66,"stat.pickup.minecraft.flint_and_steel":4,"stat.mineBlock.minecraft.green_shulker_box":2,"stat.useItem.minecraft.torch":5177,"stat.pickup.minecraft.golden_apple":7,"stat.craftItem.minecraft.redstone_block":804,"stat.pickup.minecraft.birch_fence_gate":15,"stat.craftItem.minecraft.stone_stairs":4,"stat.useItem.minecraft.log":1852,"stat.pickup.minecraft.crafting_table":43,"stat.useItem.minecraft.comparator":811,"stat.drop.minecraft.tallgrass":3,"stat.craftItem.minecraft.crafting_table":52,"stat.drop.minecraft.end_stone":54,"stat.craftItem.minecraft.boat":1,"stat.pickup.minecraft.iron_hoe":8,"stat.pickup.minecraft.redstone_block":403,"stat.drop.minecraft.sign":3,"stat.drop.minecraft.stonebrick":190,"stat.craftItem.minecraft.stone_button":280,"stat.pickup.minecraft.web":136,"stat.drop.minecraft.planks":447,"stat.pickup.minecraft.sapling":230,"stat.useItem.minecraft.birch_door":255,"stat.drop.minecraft.bow":725,"stat.pickup.minecraft.beetroot":1,"stat.breakItem.minecraft.wooden_hoe":1,"stat.useItem.minecraft.wooden_pressure_plate":7,"stat.craftItem.minecraft.sugar":1664,"stat.drop.minecraft.cake":14,"stat.drop.minecraft.bucket":9,"stat.craftItem.minecraft.spruce_fence_gate":1,"stat.useItem.minecraft.baked_potato":355,"stat.pickup.minecraft.stone_slab":9296,"stat.drop.minecraft.yellow_flower":155,"stat.pickup.minecraft.yellow_flower":310,"stat.pickup.minecraft.golden_rail":1141,"stat.useItem.minecraft.fishing_rod":110942,"stat.craftItem.minecraft.jungle_door":9,"stat.useItem.minecraft.brick_stairs":3,"stat.craftItem.minecraft.diamond_chestplate":4,"stat.pickup.minecraft.bone":807,"stat.craftItem.minecraft.sticky_piston":861,"stat.pickup.minecraft.redstone_torch":962,"stat.horseOneCm":850,"stat.drop.minecraft.tripwire_hook":66,"stat.useItem.minecraft.log2":629,"stat.drop.minecraft.glowstone_dust":27,"stat.mineBlock.minecraft.slime":1717,"stat.mineBlock.minecraft.black_shulker_box":10,"stat.mineBlock.minecraft.brown_mushroom":20,"stat.useItem.minecraft.diamond_sword":9549,"stat.craftItem.minecraft.diamond_helmet":6,"stat.climbOneCm":1696367,"stat.craftItem.minecraft.gold_block":40,"stat.enderchestOpened":139,"stat.useItem.minecraft.redstone_torch":1701,"stat.pickup.minecraft.golden_helmet":11,"stat.craftItem.minecraft.purple_shulker_box":10,"stat.drop.minecraft.quartz":13,"stat.useItem.minecraft.jungle_boat":18,"stat.useItem.minecraft.red_flower":84,"stat.drop.minecraft.web":40,"stat.pickup.minecraft.daylight_detector":1,"stat.craftItem.minecraft.bone_block":640,"stat.useItem.minecraft.magenta_shulker_box":3,"stat.pickup.minecraft.anvil":20,"stat.useItem.minecraft.iron_ore":13,"stat.craftItem.minecraft.trapdoor":36,"stat.pickup.minecraft.cobblestone":39061,"stat.craftItem.minecraft.glass_bottle":396,"stat.pickup.minecraft.soul_sand":1476,"stat.useItem.minecraft.cooked_beef":307,"stat.pickup.minecraft.cactus":678,"stat.pickup.minecraft.redstone":17240,"stat.craftItem.minecraft.dispenser":221,"stat.mineBlock.minecraft.iron_ore":2567,"stat.craftItem.minecraft.book":128,"stat.drop.minecraft.name_tag":304,"stat.pickup.minecraft.mossy_cobblestone":110,"stat.useItem.minecraft.noteblock":8,"stat.craftItem.minecraft.cake":21,"stat.drop.minecraft.coal":379,"stat.pickup.minecraft.cake":1,"stat.drop.minecraft.iron_bars":32,"stat.drop.minecraft.dirt":2710,"stat.pickup.minecraft.iron_shovel":4,"stat.pickup.minecraft.carpet":33,"stat.pickup.minecraft.trapdoor":13,"stat.pickup.minecraft.diamond_shovel":44,"stat.mineBlock.minecraft.lime_shulker_box":4,"stat.useItem.minecraft.sea_lantern":414,"stat.pickup.minecraft.silver_shulker_box":1,"stat.pickup.minecraft.nether_star":1,"stat.drop.minecraft.compass":1,"stat.pickup.minecraft.sandstone_stairs":61,"stat.useItem.minecraft.spruce_fence":4,"stat.pickup.minecraft.paper":193,"stat.pickup.minecraft.jungle_fence_gate":1,"stat.craftItem.minecraft.stick":13253,"stat.craftItem.minecraft.stained_hardened_clay":7992,"stat.craftItem.minecraft.gold_nugget":4608,"stat.pickup.minecraft.grass":4660,"stat.useItem.minecraft.stone_pressure_plate":126,"stat.drop.minecraft.leaves":33,"stat.breakItem.minecraft.iron_hoe":9,"stat.pickup.minecraft.diamond_chestplate":5,"stat.drop.minecraft.dispenser":2,"stat.entityKilledBy.Creeper":6,"stat.breakItem.minecraft.shears":9,"stat.pickup.minecraft.blue_shulker_box":3,"stat.mineBlock.minecraft.planks":634,"stat.drop":6119,"stat.killEntity.Sheep":15,"stat.drop.minecraft.redstone_block":244,"stat.pickup.minecraft.golden_chestplate":8,"stat.useItem.minecraft.melon_seeds":161,"stat.drop.minecraft.bread":56,"stat.pickup.minecraft.purpur_pillar":5,"stat.drop.minecraft.nether_wart":267,"stat.craftItem.minecraft.piston":1609,"stat.useItem.minecraft.quartz_stairs":27,"stat.killEntity.Slime":257,"stat.mineBlock.minecraft.anvil":20,"stat.useItem.minecraft.lime_shulker_box":6,"stat.pickup.minecraft.purple_shulker_box":65,"stat.useItem.minecraft.waterlily":2,"stat.mineBlock.minecraft.deadbush":23,"stat.useItem.minecraft.carpet":23,"stat.useItem.minecraft.potion":12,"stat.useItem.minecraft.flower_pot":5,"stat.mineBlock.minecraft.purpur_pillar":14,"stat.pickup.minecraft.fence":195,"stat.craftItem.minecraft.iron_helmet":12,"stat.drop.minecraft.piston":1,"stat.craftItem.minecraft.rail":2496,"stat.drop.minecraft.glass":52,"stat.boatOneCm":2341710,"stat.craftItem.minecraft.flint_and_steel":25,"stat.useItem.minecraft.redstone_lamp":374,"stat.mineBlock.minecraft.leaves2":1,"stat.craftItem.minecraft.iron_bars":320,"stat.mineBlock.minecraft.furnace":94,"stat.pickup.minecraft.dark_oak_fence":29,"stat.drop.minecraft.stone_button":4,"stat.killEntity.CaveSpider":910,"stat.craftItem.minecraft.birch_fence":1338,"stat.pickup.minecraft.emerald_block":1256,"stat.pickup.minecraft.oak_stairs":6,"stat.pickup.minecraft.stained_glass":879,"stat.damageDealt":504440,"stat.craftItem.minecraft.anvil":11,"stat.pickup.minecraft.end_bricks":13,"stat.useItem.minecraft.crafting_table":75,"stat.craftItem.minecraft.stone_shovel":24,"stat.pickup.minecraft.boat":38,"stat.pickup.minecraft.stick":810,"stat.craftItem.minecraft.birch_fence_gate":68,"stat.drop.minecraft.iron_block":21,"stat.craftItem.minecraft.diamond_boots":9,"stat.useItem.minecraft.redstone_block":1516,"stat.drop.minecraft.leather_chestplate":2,"stat.useItem.minecraft.spruce_stairs":28,"stat.craftItem.minecraft.redstone":12007,"stat.useItem.minecraft.cactus":385,"stat.drop.minecraft.purpur_block":4,"stat.killEntity.Chicken":55,"stat.drop.minecraft.crafting_table":2,"stat.useItem.minecraft.iron_block":6855,"stat.mineBlock.minecraft.quartz_ore":427,"stat.craftItem.minecraft.tnt":1079,"stat.pickup.minecraft.concrete_powder":26,"stat.drop.minecraft.diamond_boots":1,"stat.craftItem.minecraft.fence":543,"stat.useItem.minecraft.golden_apple":4,"stat.mineBlock.minecraft.leaves":3733,"stat.mineBlock.minecraft.piston":186,"stat.mineBlock.minecraft.bone_block":66,"stat.craftItem.minecraft.tripwire_hook":1312,"stat.beaconInteraction":84,"stat.pickup.minecraft.wooden_slab":3394,"stat.leaveGame":1094,"stat.pickup.minecraft.jungle_fence":1,"stat.useItem.minecraft.glowstone":877,"stat.mineBlock.minecraft.sandstone":36291,"stat.craftItem.minecraft.ender_eye":12,"stat.craftItem.minecraft.shield":1,"stat.craftItem.minecraft.stone_pressure_plate":202,"stat.mineBlock.minecraft.birch_fence_gate":16,"stat.mineBlock.minecraft.red_sandstone":2,"stat.pickup.minecraft.leaves2":1,"stat.useItem.minecraft.sandstone_stairs":380,"stat.useItem.minecraft.birch_boat":25,"stat.craftItem.minecraft.noteblock":7,"stat.useItem.minecraft.purpur_stairs":1,"stat.mineBlock.minecraft.wooden_slab":2865,"stat.pickup.minecraft.leather_boots":22,"stat.killEntity.Witch":16,"stat.drop.minecraft.sand":1138,"stat.killEntity.MushroomCow":32,"stat.craftItem.minecraft.iron_door":42,"stat.craftItem.minecraft.bed":2,"stat.mineBlock.minecraft.vine":151,"stat.mineBlock.minecraft.hopper":1034,"stat.pickup.minecraft.melon_block":123,"stat.drop.minecraft.gravel":645,"stat.mineBlock.minecraft.rail":516,"stat.useItem.minecraft.pumpkin_seeds":241,"stat.killEntity.ZombieVillager":16,"stat.noteblockPlayed":8,"stat.drop.minecraft.red_flower":175,"stat.pickup.minecraft.prismarine":1,"stat.pickup.minecraft.beef":5,"stat.pickup.minecraft.leather_helmet":12,"stat.pickup.minecraft.cauldron":42,"stat.mineBlock.minecraft.stained_hardened_clay":26515,"stat.useItem.minecraft.trapdoor":30,"stat.useItem.minecraft.blue_shulker_box":1,"stat.useItem.minecraft.stained_glass":5093,"stat.drop.minecraft.stone_pressure_plate":1,"stat.pickup.minecraft.magenta_shulker_box":4,"achievement.openInventory":33463,"stat.pickup.minecraft.potion":55,"stat.useItem.minecraft.wooden_button":83,"stat.craftItem.minecraft.dropper":440,"stat.useItem.minecraft.dye":2205,"stat.breakItem.minecraft.diamond_boots":2,"stat.mineBlock.minecraft.stone_pressure_plate":19,"stat.useItem.minecraft.nether_brick":610,"stat.drop.minecraft.torch":67,"stat.drop.minecraft.glass_bottle":46,"stat.mineBlock.minecraft.tallgrass":1127,"stat.useItem.minecraft.splash_potion":3,"stat.useItem.minecraft.stone":21363,"stat.pickup.minecraft.arrow":2392,"stat.pickup.minecraft.wooden_pressure_plate":13,"stat.killEntity.Ghast":40,"stat.useItem.minecraft.ender_chest":15,"stat.useItem.minecraft.white_shulker_box":2,"achievement.killCow":34,"stat.mineBlock.minecraft.chest":311,"stat.pickup.minecraft.painting":1,"stat.drop.minecraft.melon_block":6,"stat.mineBlock.minecraft.hardened_clay":14498,"stat.mineBlock.minecraft.concrete_powder":5,"stat.craftItem.minecraft.hopper":3882,"stat.pickup.minecraft.nether_brick_fence":1,"stat.pickup.minecraft.yellow_shulker_box":4,"stat.useItem.minecraft.reeds":300,"stat.pickup.minecraft.birch_boat":30,"stat.craftItem.minecraft.nether_brick":3,"stat.craftItem.minecraft.diamond_shovel":16,"stat.pickup.minecraft.wheat_seeds":3176,"stat.mineBlock.minecraft.glass":1713,"stat.pickup.minecraft.pink_shulker_box":2,"stat.mineBlock.minecraft.dirt":63262,"stat.pickup.minecraft.poisonous_potato":6,"stat.drop.minecraft.paper":67,"stat.pickup.minecraft.brewing_stand":1,"stat.useItem.minecraft.bread":44,"stat.pickup.minecraft.light_blue_shulker_box":7,"stat.useItem.minecraft.cobblestone":8760,"stat.craftItem.minecraft.leather_boots":1,"stat.useItem.minecraft.gravel":402,"stat.mineBlock.minecraft.double_plant":43,"stat.minecartOneCm":1268337,"stat.mineBlock.minecraft.end_rod":8,"stat.drop.minecraft.carrot":4612,"stat.craftItem.minecraft.gold_ingot":1036,"stat.pickup.minecraft.hopper":1058,"stat.mineBlock.minecraft.silver_shulker_box":1,"stat.craftItem.minecraft.brewing_stand":11,"stat.pickup.minecraft.apple":39,"stat.useItem.minecraft.fireworks":104,"stat.pickup.minecraft.banner":9,"stat.itemEnchanted":91,"stat.mineBlock.minecraft.log":3291,"stat.useItem.minecraft.wooden_door":11,"stat.useItem.minecraft.spruce_door":2,"stat.craftItem.minecraft.paper":7677,"stat.pickup.minecraft.red_flower":2268,"stat.pickup.minecraft.wool":862,"stat.craftItem.minecraft.trapped_chest":1217,"stat.drop.minecraft.grass":175,"stat.pickup.minecraft.trapped_chest":50,"stat.cakeSlicesEaten":19,"stat.drop.minecraft.pumpkin":129,"stat.craftItem.minecraft.diamond_leggings":6,"stat.mineBlock.minecraft.acacia_stairs":4,"stat.useItem.minecraft.iron_axe":1,"stat.mineBlock.minecraft.yellow_flower":439,"stat.useItem.minecraft.skull":3,"stat.craftItem.minecraft.wool":3575,"stat.useItem.minecraft.snow":137,"stat.drop.minecraft.saddle":670,"stat.useItem.minecraft.concrete_powder":647,"stat.pickup.minecraft.enchanted_book":14,"stat.pickup.minecraft.glowstone":945,"achievement.buildWorkBench":75,"stat.pickup.minecraft.writable_book":1,"stat.craftItem.minecraft.arrow":110,"stat.pickup.minecraft.sticky_piston":310,"stat.useItem.minecraft.obsidian":194,"stat.pickup.minecraft.bow":146,"stat.mineBlock.minecraft.detector_rail":7,"stat.useItem.minecraft.egg":1073,"stat.pickup.minecraft.pumpkin_pie":1,"stat.pickup.minecraft.coal_ore":1846,"stat.mineBlock.minecraft.obsidian":384,"stat.pickup.minecraft.shears":1,"stat.craftItem.minecraft.bow":235,"stat.pickup.minecraft.iron_trapdoor":3,"stat.pickup.minecraft.diamond_hoe":1,"stat.flyOneCm":57820261,"stat.pickup.minecraft.sandstone":33527,"stat.pickup.minecraft.fish":1438,"stat.craftItem.minecraft.stained_glass":2136,"stat.craftItem.minecraft.emerald_block":780,"stat.timeSinceDeath":2842718,"stat.pickup.minecraft.quartz_ore":152,"stat.cauldronFilled":127,"stat.drop.minecraft.repeater":1,"stat.killEntity.Bat":4,"stat.useItem.minecraft.potato":653,"stat.pickup.minecraft.chainmail_helmet":2,"stat.pickup.minecraft.nether_wart":8311,"stat.pickup.minecraft.spruce_fence":5,"stat.craftItem.minecraft.concrete_powder":888,"stat.mineBlock.minecraft.coal_ore":5427,"stat.talkedToVillager":3078,"stat.craftItem.minecraft.stone_hoe":4,"stat.pickup.minecraft.string":1409,"stat.craftItem.minecraft.golden_helmet":10,"stat.mineBlock.minecraft.ladder":79,"stat.useItem.minecraft.written_book":84,"stat.useItem.minecraft.diamond_shovel":94052,"stat.breakItem.minecraft.diamond_helmet":2,"stat.pickup.minecraft.bone_block":60,"stat.mineBlock.minecraft.diamond_ore":671,"stat.pickup.minecraft.fireworks":791,"stat.drop.minecraft.lava_bucket":1,"stat.craftItem.minecraft.wooden_pressure_plate":69,"stat.craftItem.minecraft.speckled_melon":512,"achievement.killEnemy":30072,"stat.drop.minecraft.redstone_ore":4,"stat.useItem.minecraft.ladder":299,"stat.useItem.minecraft.diamond_ore":216,"stat.pickup.minecraft.snowball":2310,"stat.useItem.minecraft.birch_stairs":294,"stat.craftItem.minecraft.sandstone_stairs":564,"stat.diveOneCm":1127517,"stat.useItem.minecraft.sticky_piston":1051,"stat.craftItem.minecraft.ladder":285,"achievement.buildHoe":49,"stat.mineBlock.minecraft.stone_button":53,"stat.drop.minecraft.ladder":12,"stat.pickup.minecraft.stained_glass_pane":22,"stat.useItem.minecraft.rotten_flesh":14,"stat.drop.minecraft.apple":31,"stat.craftItem.minecraft.diamond_sword":10,"stat.drop.minecraft.sandstone":552,"stat.mineBlock.minecraft.blue_shulker_box":3,"stat.jump":251071,"stat.useItem.minecraft.sand":931,"stat.pickup.minecraft.white_shulker_box":2,"stat.mineBlock.minecraft.observer":18,"stat.craftItem.minecraft.torch":4592,"stat.drop.minecraft.glowstone":8,"stat.craftItem.minecraft.fermented_spider_eye":202,"stat.mineBlock.minecraft.spruce_fence_gate":2,"stat.mineBlock.minecraft.purpur_block":22,"stat.useItem.minecraft.glass":11902,"stat.pickup.minecraft.gold_ore":681,"stat.useItem.minecraft.sapling":87,"stat.mineBlock.minecraft.glass_pane":24,"stat.damageTaken":196002,"stat.useItem.minecraft.red_shulker_box":85,"stat.useItem.minecraft.end_crystal":4,"stat.mineBlock.minecraft.melon_block":146,"stat.useItem.minecraft.gold_block":38,"stat.mineBlock.minecraft.sapling":6,"stat.pickup.minecraft.log2":200,"stat.mineBlock.minecraft.sandstone_stairs":71,"stat.useItem.minecraft.purple_shulker_box":61,"stat.pickup.minecraft.bed":15,"stat.cauldronUsed":8,"stat.pickup.minecraft.concrete":633,"stat.pickup.minecraft.quartz_block":258,"stat.pickup.minecraft.potato":15770,"stat.killEntity.Shulker":17,"stat.breakItem.minecraft.iron_leggings":1,"stat.entityKilledBy.Zombie":7,"stat.craftItem.minecraft.stone_slab":33207,"stat.animalsBred":114,"stat.useItem.minecraft.chest":1783,"stat.mineBlock.minecraft.light_blue_shulker_box":6,"stat.useItem.minecraft.observer":34,"stat.useItem.minecraft.birch_fence_gate":72,"stat.shulkerBoxOpened":1092,"stat.craftItem.minecraft.iron_chestplate":2,"stat.pickup.minecraft.baked_potato":78,"stat.drop.minecraft.potato":1908,"stat.pickup.minecraft.ender_pearl":9259,"stat.drop.minecraft.wooden_slab":27,"stat.breakItem.minecraft.stone_hoe":1,"stat.pickup.minecraft.ladder":206,"stat.breakItem.minecraft.golden_boots":2,"stat.useItem.minecraft.netherrack":1830,"stat.craftItem.minecraft.stained_glass_pane":368,"stat.mineBlock.minecraft.tnt":17,"stat.craftItem.minecraft.bookshelf":55,"stat.useItem.minecraft.tripwire_hook":23,"stat.mineBlock.minecraft.stonebrick":4093,"stat.drop.minecraft.cookie":60,"stat.mineBlock.minecraft.glowstone":541,"stat.craftItem.minecraft.shears":20,"stat.useItem.minecraft.cobblestone_wall":227,"stat.useItem.minecraft.writable_book":7,"stat.pickup.minecraft.torch":3159,"stat.drop.minecraft.diamond_shovel":5,"stat.drop.minecraft.quartz_block":46,"stat.pickup.minecraft.spruce_boat":5,"stat.drop.minecraft.arrow":1958,"stat.drop.minecraft.shears":1,"stat.craftItem.minecraft.compass":3,"stat.pickup.minecraft.jungle_boat":15,"stat.useItem.minecraft.end_bricks":1,"stat.drop.minecraft.waterlily":245,"stat.mineBlock.minecraft.purple_shulker_box":61,"stat.pickup.minecraft.lapis_block":1,"stat.pickup.minecraft.fishing_rod":26,"stat.useItem.minecraft.planks":2061,"stat.pickup.minecraft.porkchop":3,"stat.pickup.minecraft.glass":1916,"stat.pickup.minecraft.blaze_powder":62,"stat.drop.minecraft.melon":281,"stat.useItem.minecraft.pink_shulker_box":2,"stat.useItem.minecraft.water_bucket":1111,"stat.pickup.minecraft.sand":22511,"stat.craftItem.minecraft.golden_apple":71,"stat.mineBlock.minecraft.jungle_fence_gate":1,"stat.craftItem.minecraft.dark_oak_fence":459,"stat.pickup.minecraft.hardened_clay":13442,"stat.pickup.minecraft.name_tag":50,"stat.drop.minecraft.hardened_clay":89,"stat.aviateOneCm":185437880,"stat.useItem.minecraft.ender_pearl":504,"stat.useItem.minecraft.brown_mushroom":15,"achievement.buildBetterPickaxe":40,"stat.craftItem.minecraft.blaze_powder":1300,"achievement.breedCow":66,"stat.useItem.minecraft.oak_stairs":18,"stat.mineBlock.minecraft.dark_oak_stairs":8,"stat.useItem.minecraft.dark_oak_stairs":10,"stat.drop.minecraft.stone_slab":1569,"stat.mineBlock.minecraft.birch_stairs":34,"stat.pickup.minecraft.furnace":112,"stat.useItem.minecraft.redstone":8504,"stat.mineBlock.minecraft.end_bricks":38,"stat.mineBlock.minecraft.redstone_lamp":65,"achievement.mineWood":3122,"stat.pickup.minecraft.iron_chestplate":3,"stat.pickup.minecraft.end_rod":5,"stat.mineBlock.minecraft.red_shulker_box":84,"stat.useItem.minecraft.pumpkin_pie":11,"stat.mineBlock.minecraft.brick_stairs":3,"stat.useItem.minecraft.hopper":4718,"stat.mineBlock.minecraft.oak_stairs":6,"stat.drop.minecraft.golden_carrot":52,"stat.playOneMinute":107747724,"stat.pickup.minecraft.birch_door":55,"stat.drop.minecraft.string":1422,"stat.pickup.minecraft.diamond_block":37,"stat.useItem.minecraft.shears":2667,"stat.pickup.minecraft.beacon":28,"stat.mineBlock.minecraft.brown_mushroom_block":701,"stat.pickup.minecraft.iron_bars":99,"stat.pickup.minecraft.dispenser":74,"stat.craftItem.minecraft.pumpkin_pie":52,"stat.mineBlock.minecraft.dark_oak_fence":21,"stat.craftItem.minecraft.carpet":72,"stat.mineBlock.minecraft.netherrack":22003,"stat.mineBlock.minecraft.dispenser":85,"stat.craftItem.minecraft.dark_oak_stairs":12,"stat.drop.minecraft.flint":1,"stat.craftItem.minecraft.golden_rail":438,"stat.useItem.minecraft.quartz_ore":159,"stat.pickup.minecraft.cooked_chicken":2017,"stat.fallOneCm":6088677,"stat.drop.minecraft.dye":2173,"stat.craftItem.minecraft.chest":6830,"stat.craftItem.minecraft.banner":47,"stat.mineBlock.minecraft.lever":61,"stat.useItem.minecraft.iron_hoe":2985,"stat.pickup.minecraft.comparator":458,"stat.pickup.minecraft.feather":1431,"stat.pickup.minecraft.record_cat":1,"stat.drop.minecraft.concrete":3,"stat.mineBlock.minecraft.spruce_fence":2,"stat.useItem.minecraft.yellow_shulker_box":1,"stat.pickup.minecraft.lead":33,"stat.craftItem.minecraft.birch_stairs":396,"stat.useItem.minecraft.stone_sword":1262,"stat.craftItem.minecraft.iron_leggings":11,"stat.pickup.minecraft.redstone_ore":1857,"stat.craftItem.minecraft.oak_stairs":4,"stat.pickup.minecraft.chainmail_boots":3,"stat.drop.minecraft.stick":242,"stat.useItem.minecraft.iron_bars":113,"stat.mineBlock.minecraft.quartz_stairs":36,"stat.pickup.minecraft.record_11":1,"stat.useItem.minecraft.bone_block":570,"stat.drop.minecraft.stone_brick_stairs":13,"stat.mineBlock.minecraft.pink_shulker_box":2,"stat.killEntity.LavaSlime":30,"stat.pickup.minecraft.log":3951,"stat.mineBlock.minecraft.golden_rail":897,"stat.craftItem.minecraft.hopper_minecart":62,"stat.pickup.minecraft.tallgrass":5,"stat.breakItem.minecraft.iron_helmet":2,"stat.pickup.minecraft.chainmail_leggings":3,"stat.pickup.minecraft.wooden_door":4,"stat.entityKilledBy.Enderman":1,"stat.mineBlock.minecraft.iron_block":6495,"stat.drop.minecraft.clay":71,"stat.breakItem.minecraft.iron_chestplate":2,"stat.mineBlock.minecraft.tripwire_hook":1,"stat.craftItem.minecraft.snow":390,"stat.pickup.minecraft.diamond_helmet":34,"stat.drop.minecraft.dropper":1,"stat.useItem.minecraft.jungle_door":6,"stat.useItem.minecraft.stone_hoe":179,"stat.craftItem.minecraft.golden_boots":10,"stat.sneakTime":2558499,"stat.mineBlock.minecraft.cobblestone_wall":32,"stat.mineBlock.minecraft.yellow_shulker_box":3,"stat.useItem.minecraft.brewing_stand":12,"stat.pickup.minecraft.chest":286,"stat.useItem.minecraft.web":73,"stat.craftItem.minecraft.leather_leggings":6,"stat.useItem.minecraft.lapis_block":4,"stat.drop.minecraft.sugar":144,"stat.pickup.minecraft.stone_pressure_plate":51,"stat.pickup.minecraft.lit_pumpkin":29,"stat.useItem.minecraft.repeater":1913,"stat.drop.minecraft.leather_helmet":3,"stat.craftItem.minecraft.stone_brick_stairs":1568,"stat.craftItem.minecraft.iron_trapdoor":70,"stat.swimOneCm":2107084,"stat.mineBlock.minecraft.diamond_block":32,"stat.mineBlock.minecraft.spruce_stairs":12,"stat.craftItem.minecraft.golden_chestplate":1,"stat.useItem.minecraft.dirt":22914,"stat.pickup.minecraft.purpur_block":12,"achievement.exploreAllBiomes":{"value":0,"progress":["Sunflower Plains","Birch Forest","Roofed Forest","Extreme Hills M","The End","Beach","Mesa Plateau","Mega Taiga Hills","Extreme Hills+","Cold Beach","River","Ocean","Taiga","Mega Taiga","Swampland","Ice Mountains","Birch Forest Hills","Mesa Plateau F","Savanna Plateau","Roofed Forest M","Mesa","ForestHills","Flower Forest","Plains","Ice Plains Spikes","TaigaHills","DesertHills","Stone Beach","Ice Plains","Jungle","Forest","JungleHills","Desert","Extreme Hills","Mesa (Bryce)","Hell","Deep Ocean","Swampland M","Savanna"]},"stat.useItem.minecraft.detector_rail":56,"stat.craftItem.minecraft.melon_block":5103,"stat.drop.minecraft.ender_pearl":516,"stat.mineBlock.minecraft.magma":15,"stat.pickup.minecraft.quartz_stairs":40,"stat.mineBlock.minecraft.carpet":3,"stat.pickup.minecraft.gold_block":58,"stat.drop.minecraft.fence":4,"stat.mineBlock.minecraft.redstone_block":127,"stat.useItem.minecraft.stone_shovel":528,"stat.pickup.minecraft.clay":69,"stat.pickup.minecraft.glass_bottle":1,"stat.drop.minecraft.wheat_seeds":1388,"stat.craftItem.minecraft.wooden_slab":12798,"stat.useItem.minecraft.sign":389,"stat.drop.minecraft.log":15,"stat.pickup.minecraft.mutton":3,"stat.useItem.minecraft.lever":379,"stat.mineBlock.minecraft.coal_block":2,"stat.pickup.minecraft.stonebrick":4455,"stat.pickup.minecraft.redstone_lamp":67,"stat.mineBlock.minecraft.nether_brick":669,"stat.drop.minecraft.potion":184,"stat.useItem.minecraft.stone_slab":35899,"stat.craftItem.minecraft.jungle_fence_gate":1,"stat.pickup.minecraft.speckled_melon":1,"stat.useItem.minecraft.bed":17,"stat.craftItem.minecraft.stone":3076,"stat.craftItem.minecraft.armor_stand":6,"stat.mineBlock.minecraft.crafting_table":56,"stat.useItem.minecraft.diamond_pickaxe":460708,"stat.mineBlock.minecraft.quartz_block":87,"stat.killEntity.Endermite":9,"stat.useItem.minecraft.carrot":890,"stat.useItem.minecraft.bucket":1428,"achievement.buildFurnace":249,"stat.drop.minecraft.spruce_fence_gate":1,"stat.pickup.minecraft.stone_button":85,"stat.pickup.minecraft.slime_ball":48276,"stat.useItem.minecraft.purpur_block":3,"stat.craftItem.minecraft.diamond_pickaxe":25,"stat.pickup.minecraft.gravel":2604,"stat.useItem.minecraft.glass_bottle":375,"stat.useItem.minecraft.diamond_axe":10758,"stat.pickup.minecraft.purpur_stairs":8,"stat.drop.minecraft.spruce_boat":1,"stat.pickup.minecraft.red_shulker_box":87,"stat.useItem.minecraft.stained_glass_pane":309,"stat.pickup.minecraft.stone_brick_stairs":266,"stat.pickup.minecraft.diamond_sword":64,"stat.killEntity.SkeletonHorse":1,"stat.useItem.minecraft.wooden_hoe":82,"stat.pickup.minecraft.iron_helmet":5,"stat.pickup.minecraft.black_shulker_box":10,"stat.useItem.minecraft.piston":887,"stat.craftItem.minecraft.bread":149,"stat.pickup.minecraft.spider_eye":137,"stat.useItem.minecraft.stone_button":202,"stat.pickup.minecraft.diamond_ore":279,"stat.mineBlock.minecraft.magenta_shulker_box":4,"stat.useItem.minecraft.cooked_chicken":4747,"stat.craftItem.minecraft.end_crystal":4,"stat.pickup.minecraft.iron_ore":1539,"stat.pickup.minecraft.snow":412,"stat.drop.minecraft.pumpkin_pie":12,"stat.mineBlock.minecraft.iron_bars":53,"stat.pickup.minecraft.leaves":2020,"stat.pickup.minecraft.leather":184,"stat.dispenserInspected":379,"stat.pickup.minecraft.prismarine_crystals":31,"stat.pickup.minecraft.reeds":13415,"stat.useItem.minecraft.magma":80,"stat.drop.minecraft.cooked_chicken":58,"stat.craftItem.minecraft.glass":602,"stat.craftItem.minecraft.cauldron":137,"stat.sleepInBed":680,"stat.killEntity.Cow":46,"stat.pickup.minecraft.minecart":160,"stat.craftItem.minecraft.iron_sword":15,"stat.pickup.minecraft.piston":279,"stat.breakItem.minecraft.fishing_rod":2,"stat.walkOneCm":85836014,"stat.pickup.minecraft.clay_ball":62,"stat.mineBlock.minecraft.trapped_chest":46,"stat.useItem.minecraft.emerald_block":1347,"stat.pickup.minecraft.purpur_slab":7,"stat.useItem.minecraft.spruce_boat":4,"stat.drop.minecraft.diamond_axe":2,"stat.pickup.minecraft.tnt":181,"stat.pickup.minecraft.stone":108593,"stat.mineBlock.minecraft.wool":984,"stat.drop.minecraft.slime":9,"stat.drop.minecraft.emerald":55,"stat.drop.minecraft.diamond_leggings":1,"stat.mineBlock.minecraft.packed_ice":4578,"stat.useItem.minecraft.leaves":1065,"stat.craftItem.minecraft.minecart":165,"stat.pickup.minecraft.gold_ingot":79,"stat.killEntity.Skeleton":831,"stat.mineBlock.minecraft.cactus":7,"stat.mineBlock.minecraft.redstone_torch":254,"stat.killEntity.Spider":143,"stat.pickup.minecraft.bread":22,"stat.craftItem.minecraft.spruce_fence":96,"stat.pickup.minecraft.quartz":559,"stat.pickup.minecraft.birch_fence":333,"stat.pickup.minecraft.water_bucket":14,"stat.useItem.minecraft.hopper_minecart":61,"stat.pickup.minecraft.spruce_stairs":12,"stat.mineBlock.minecraft.redstone_ore":4182,"stat.pickup.minecraft.elytra":41,"stat.pickup.minecraft.lava_bucket":3,"stat.craftItem.minecraft.coal_block":113,"stat.mineBlock.minecraft.stone":309554,"stat.useItem.minecraft.sandstone":26426}