{"stat.useItem.minecraft.bow":65040,"stat.useItem.minecraft.quartz_block":3659,"stat.craftItem.minecraft.acacia_boat":4,"stat.useItem.minecraft.painting":17,"stat.drop.minecraft.gunpowder":197,"achievement.killWither":10,"stat.drop.minecraft.redstone":125,"stat.pickup.minecraft.dark_oak_boat":32,"stat.mineBlock.minecraft.stained_glass":1077,"stat.mineBlock.minecraft.web":292,"achievement.snipeSkeleton":3,"stat.drop.minecraft.coal_block":8,"stat.drop.minecraft.iron_sword":5,"stat.pickup.minecraft.rotten_flesh":18251,"stat.drop.minecraft.redstone_torch":1,"stat.mineBlock.minecraft.purpur_stairs":10,"stat.craftItem.minecraft.stone_axe":4,"stat.drop.minecraft.leather_boots":11,"stat.pickup.minecraft.cobblestone_wall":319,"stat.pickup.minecraft.bucket":31,"stat.useItem.minecraft.rail":147,"stat.killEntity.Enderman":267269,"stat.drop.minecraft.elytra":1,"stat.useItem.minecraft.anvil":113,"stat.craftItem.minecraft.iron_shovel":29,"stat.pickup.minecraft.brown_mushroom":335,"achievement.buildPickaxe":250,"stat.breakItem.minecraft.bow":2,"stat.mineBlock.minecraft.end_stone":1091,"stat.useItem.minecraft.spider_eye":5,"stat.useItem.minecraft.iron_pickaxe":7741,"stat.pickup.minecraft.stained_hardened_clay":152535,"stat.pickup.minecraft.double_plant":1209,"stat.mineBlock.minecraft.green_glazed_terracotta":15,"stat.craftItem.minecraft.glass_pane":128,"stat.useItem.minecraft.hardened_clay":83793,"stat.mineBlock.minecraft.sticky_piston":32,"stat.furnaceInteraction":2126,"stat.useItem.minecraft.nether_wart":8,"stat.useItem.minecraft.golden_carrot":1189,"stat.mineBlock.minecraft.chorus_plant":22,"stat.pickup.minecraft.nether_brick":2126,"stat.drop.minecraft.chorus_fruit":1,"stat.craftItem.minecraft.leather_helmet":30,"stat.useItem.minecraft.green_shulker_box":168,"stat.useItem.minecraft.end_stone":817,"stat.mineBlock.minecraft.wooden_button":2,"stat.drop.minecraft.cactus":2,"stat.useItem.minecraft.red_sandstone":8,"stat.pickup.minecraft.hay_block":2,"stat.pickup.minecraft.cyan_shulker_box":43,"stat.useItem.minecraft.fence":2356,"stat.useItem.minecraft.cauldron":14,"stat.mineBlock.minecraft.fence":752,"stat.useItem.minecraft.flint_and_steel":23,"stat.useItem.minecraft.wheat_seeds":3548,"stat.mineBlock.minecraft.sea_lantern":13,"stat.drop.minecraft.cooked_fish":26,"stat.killEntity.Husk":11,"stat.pickup.minecraft.emerald":5,"stat.pickup.minecraft.lever":92,"stat.deaths":167,"stat.pickup.minecraft.bowl":16,"stat.pickup.minecraft.egg":1458,"stat.mineBlock.minecraft.brown_shulker_box":91,"stat.craftItem.minecraft.item_frame":648,"stat.craftItem.minecraft.wooden_shovel":1,"stat.pickup.minecraft.clock":6,"stat.craftItem.minecraft.iron_pickaxe":39,"stat.pickup.minecraft.glass_pane":3,"stat.pickup.minecraft.item_frame":305,"stat.pickup.minecraft.sea_lantern":12,"stat.craftItem.minecraft.repeater":221,"stat.drop.minecraft.iron_ingot":49,"stat.craftItem.minecraft.cooked_mutton":116,"stat.pickup.minecraft.cooked_mutton":5,"stat.chestOpened":46405,"stat.craftItem.minecraft.mossy_cobblestone":72,"stat.craftItem.minecraft.sign":321,"stat.pickup.minecraft.iron_sword":46,"stat.pickup.minecraft.lapis_ore":332,"stat.craftItem.minecraft.quartz_block":10611,"stat.pickup.minecraft.gold_nugget":127,"stat.pickup.minecraft.chorus_flower":23,"stat.craftItem.minecraft.coal":7294,"stat.drop.minecraft.dark_oak_stairs":56,"stat.craftItem.minecraft.ender_chest":5,"stat.pickup.minecraft.carrot":3703,"stat.drop.minecraft.stone_sword":3,"stat.crouchOneCm":15201627,"stat.pickup.minecraft.rail":1181,"stat.craftItem.minecraft.diamond":90,"stat.craftItem.minecraft.iron_ingot":11851,"stat.pickup.minecraft.ender_chest":36,"stat.drop.minecraft.slime_ball":6,"stat.craftingTableInteraction":3659,"stat.mineBlock.minecraft.wooden_pressure_plate":5,"stat.useItem.minecraft.light_blue_shulker_box":41,"stat.pickup.minecraft.repeater":165,"stat.pickup.minecraft.wooden_pickaxe":2,"stat.mineBlock.minecraft.log2":14076,"stat.drop.minecraft.double_plant":1,"stat.useItem.minecraft.dark_oak_fence":127,"achievement.bakeCake":14,"stat.pickup.minecraft.dye":19838,"stat.mineBlock.minecraft.jungle_fence":25,"stat.pickup.minecraft.planks":8204,"stat.drop.minecraft.minecart":3,"stat.mineBlock.minecraft.blue_glazed_terracotta":4,"stat.drop.minecraft.carpet":109,"stat.mineBlock.minecraft.ender_chest":26,"stat.pickup.minecraft.ice":946,"stat.flowerPotted":6,"stat.drop.minecraft.rotten_flesh":1627,"stat.pickup.minecraft.magma":729,"stat.drop.minecraft.coal_ore":29,"stat.drop.minecraft.iron_ore":44,"stat.useItem.minecraft.yellow_flower":2,"stat.drop.minecraft.sapling":41,"stat.pickup.minecraft.chicken":374,"stat.pickup.minecraft.tipped_arrow":38,"stat.pickup.minecraft.end_stone":1143,"stat.useItem.minecraft.glass_pane":22,"stat.breakItem.minecraft.stone_shovel":6,"stat.drop.minecraft.fish":20,"stat.pickup.minecraft.coal_block":572,"stat.drop.minecraft.trapped_chest":64,"stat.craftItem.minecraft.bucket":192,"stat.craftItem.minecraft.planks":90594,"stat.useItem.minecraft.iron_sword":7551,"stat.craftItem.minecraft.dirt":13984,"stat.mineBlock.minecraft.prismarine":13,"stat.pickup.minecraft.stone_sword":108,"stat.craftItem.minecraft.fishing_rod":17,"stat.drop.minecraft.comparator":136,"stat.useItem.minecraft.stonebrick":1248,"stat.pickup.minecraft.book":83,"stat.craftItem.minecraft.wooden_door":33,"stat.useItem.minecraft.green_glazed_terracotta":19,"stat.mineBlock.minecraft.waterlily":6,"stat.pickup.minecraft.iron_door":53,"stat.drop.minecraft.leather_leggings":22,"stat.pickup.minecraft.cooked_fish":1226,"stat.craftItem.minecraft.spruce_door":39,"stat.pickup.minecraft.tripwire_hook":276,"stat.pickup.minecraft.bookshelf":77,"stat.pickup.minecraft.spruce_fence_gate":115,"stat.mineBlock.minecraft.cobblestone":1566,"stat.mineBlock.minecraft.pumpkin":49,"stat.useItem.minecraft.beacon":54,"stat.pickup.minecraft.stone_pickaxe":18,"stat.pickup.minecraft.flint":1571,"stat.craftItem.minecraft.quartz_stairs":2332,"stat.pickup.minecraft.leather_chestplate":128,"stat.mineBlock.minecraft.concrete":8217,"stat.pickup.minecraft.flower_pot":14,"stat.mineBlock.minecraft.stained_glass_pane":365,"stat.pickup.minecraft.lime_shulker_box":24,"stat.craftItem.minecraft.clock":5,"stat.useItem.minecraft.chorus_flower":7,"stat.drop.minecraft.cobblestone":180,"stat.pickup.minecraft.cooked_porkchop":62,"stat.useItem.minecraft.coal_block":907,"stat.breakItem.minecraft.iron_pickaxe":28,"stat.mineBlock.minecraft.dropper":40,"stat.useItem.minecraft.stone_slab2":1238,"stat.pickup.minecraft.iron_boots":21,"stat.pickup.minecraft.diamond_horse_armor":1,"stat.pickup.minecraft.stone_hoe":1,"stat.craftItem.minecraft.furnace":42,"stat.craftItem.minecraft.lapis_block":978,"stat.drop.minecraft.golden_helmet":8,"stat.pickup.minecraft.map":16,"stat.craftItem.minecraft.iron_boots":8,"stat.pickup.minecraft.green_glazed_terracotta":15,"stat.pickup.minecraft.record_chirp":1,"stat.useItem.minecraft.spruce_fence_gate":302,"stat.mineBlock.minecraft.clay":1577,"stat.mineBlock.minecraft.noteblock":8,"stat.pickup.minecraft.diamond_leggings":57,"stat.useItem.minecraft.brick_block":36,"stat.drop.minecraft.iron_helmet":2,"stat.drop.minecraft.chainmail_chestplate":2,"stat.useItem.minecraft.wooden_slab":23057,"stat.drop.minecraft.spider_eye":202,"stat.craftItem.minecraft.beacon":10,"stat.useItem.minecraft.iron_door":53,"stat.craftItem.minecraft.iron_block":809,"stat.craftItem.minecraft.stonebrick":11656,"stat.useItem.minecraft.brown_shulker_box":96,"stat.breakItem.minecraft.diamond_pickaxe":3,"stat.pickup.minecraft.light_blue_glazed_terracotta":63,"stat.craftItem.minecraft.end_rod":420,"stat.drop.minecraft.stained_glass":80,"stat.drop.minecraft.flint_and_steel":1,"stat.drop.minecraft.wool":138,"stat.killEntity.Creeper":727,"stat.useItem.minecraft.armor_stand":103,"stat.breakItem.minecraft.iron_sword":24,"stat.pickup.minecraft.wooden_sword":6,"stat.useItem.minecraft.silver_shulker_box":64,"stat.craftItem.minecraft.jungle_stairs":184,"stat.pickup.minecraft.brown_shulker_box":98,"stat.entityKilledBy.Skeleton":16,"stat.drop.minecraft.obsidian":306,"achievement.buildSword":151,"stat.drop.minecraft.oak_stairs":116,"stat.pickup.minecraft.birch_stairs":41,"stat.killEntity.Squid":93,"stat.useItem.minecraft.dropper":91,"stat.sprintOneCm":158262367,"stat.mineBlock.minecraft.stone_slab":2936,"stat.useItem.minecraft.hay_block":2,"stat.drop.minecraft.stone_hoe":1,"stat.useItem.minecraft.snowball":24,"stat.pickup.minecraft.leather_leggings":154,"stat.craftItem.minecraft.redstone_lamp":25,"stat.drop.minecraft.boat":2,"stat.drop.minecraft.cobblestone_wall":37,"stat.pickup.minecraft.sugar":144,"stat.pickup.minecraft.vine":114,"stat.craftItem.minecraft.leather_chestplate":60,"stat.useItem.minecraft.cake":11,"stat.useItem.minecraft.banner":78,"stat.craftItem.minecraft.emerald":20,"stat.pickup.minecraft.iron_block":2430,"stat.killEntity.Zombie":16906,"stat.craftItem.minecraft.dye":63134,"stat.craftItem.minecraft.diamond_axe":34,"stat.mineBlock.minecraft.gold_ore":1999,"stat.pickup.minecraft.fire_charge":36,"stat.drop.minecraft.diamond_pickaxe":7,"stat.craftItem.minecraft.slime_ball":963,"stat.pickup.minecraft.wheat":3600,"stat.craftItem.minecraft.sandstone":980,"stat.mineBlock.minecraft.mossy_cobblestone":10,"stat.drop.minecraft.stone_stairs":104,"stat.pickup.minecraft.sign":299,"stat.craftItem.minecraft.cooked_porkchop":63,"stat.pickup.minecraft.obsidian":965,"stat.useItem.minecraft.heavy_weighted_pressure_plate":33,"stat.useItem.minecraft.iron_trapdoor":391,"stat.pickup.minecraft.coal":27305,"stat.pickup.minecraft.iron_ingot":805,"stat.useItem.minecraft.dark_oak_boat":31,"stat.craftItem.minecraft.lever":85,"stat.drop.minecraft.diamond_sword":5,"stat.pickup.minecraft.gunpowder":1167,"stat.pickup.minecraft.dirt":91807,"stat.useItem.minecraft.coal_ore":2149,"stat.drop.minecraft.iron_shovel":2,"stat.useItem.minecraft.dispenser":25,"stat.mineBlock.minecraft.lapis_ore":1080,"stat.pickup.minecraft.red_sandstone":9,"stat.pickup.minecraft.iron_axe":7,"stat.brewingstandInteraction":46,"stat.useItem.minecraft.stone_brick_stairs":4181,"stat.mineBlock.minecraft.torch":4056,"stat.mineBlock.minecraft.red_flower":451,"stat.pickup.minecraft.written_book":40,"stat.tradedWithVillager":22,"stat.pickup.minecraft.magma_cream":708,"stat.noteblockTuned":494,"stat.pickup.minecraft.ender_eye":13,"stat.craftItem.minecraft.comparator":82,"stat.craftItem.minecraft.glowstone":377,"stat.useItem.minecraft.slime":41,"stat.useItem.minecraft.birch_fence":12,"stat.mineBlock.minecraft.fence_gate":119,"stat.pickup.minecraft.rabbit_hide":9,"stat.pickup.minecraft.diamond_axe":43,"stat.breakItem.minecraft.chainmail_leggings":1,"stat.useItem.minecraft.snow_layer":7375,"stat.mineBlock.minecraft.birch_fence":7,"stat.pickup.minecraft.green_shulker_box":175,"stat.drop.minecraft.item_frame":30,"stat.drop.minecraft.wheat":66,"stat.pickup.minecraft.diamond_pickaxe":98,"stat.useItem.minecraft.pumpkin":49,"stat.pickup.minecraft.noteblock":13,"stat.useItem.minecraft.tnt":1,"stat.useItem.minecraft.lava_bucket":69,"stat.useItem.minecraft.gold_ore":50,"stat.drop.minecraft.netherrack":618,"stat.useItem.minecraft.melon":92,"stat.craftItem.minecraft.wheat":513,"stat.useItem.minecraft.item_frame":512,"stat.useItem.minecraft.stained_hardened_clay":30929,"stat.drop.minecraft.egg":13,"stat.useItem.minecraft.redstone_ore":916,"stat.pickup.minecraft.cooked_beef":3838,"stat.useItem.minecraft.concrete":5073,"stat.drop.minecraft.nether_brick":6,"stat.drop.minecraft.lever":16,"stat.mineBlock.minecraft.purpur_slab":4,"stat.pickup.minecraft.dark_oak_stairs":3703,"stat.mobKills":331778,"stat.pickup.minecraft.diamond_boots":69,"stat.mineBlock.minecraft.bookshelf":51,"stat.drop.minecraft.written_book":5,"stat.useItem.minecraft.boat":24,"stat.craftItem.minecraft.lead":72,"stat.useItem.minecraft.mossy_cobblestone":17,"stat.pickup.minecraft.diamond":2656,"stat.pickup.minecraft.beetroot_seeds":60,"stat.craftItem.minecraft.nether_brick_stairs":120,"stat.craftItem.minecraft.spruce_stairs":6264,"stat.craftItem.minecraft.map":48,"stat.breakItem.minecraft.stone_sword":13,"stat.useItem.minecraft.string":149,"stat.drop.minecraft.mutton":3,"stat.useItem.minecraft.bookshelf":291,"stat.useItem.minecraft.soul_sand":63,"stat.killEntity.Blaze":591,"stat.drop.minecraft.shield":1,"stat.drop.minecraft.skull":3,"stat.useItem.minecraft.gray_shulker_box":122,"stat.pickup.minecraft.golden_boots":167,"stat.pickup.minecraft.glowstone_dust":1886,"stat.drop.minecraft.wooden_door":2,"stat.mineBlock.minecraft.white_shulker_box":102,"stat.mineBlock.minecraft.red_mushroom":92,"stat.mineBlock.minecraft.stone_brick_stairs":1638,"stat.mineBlock.minecraft.nether_brick_fence":18,"stat.drop.minecraft.golden_leggings":13,"stat.pickup.minecraft.splash_potion":1,"stat.craftItem.minecraft.fire_charge":324,"stat.pickup.minecraft.observer":41,"stat.craftItem.minecraft.lit_pumpkin":26,"stat.craftItem.minecraft.cobblestone_wall":948,"stat.craftItem.minecraft.stone_sword":22,"stat.mineBlock.minecraft.snow_layer":14045,"stat.pickup.minecraft.chainmail_chestplate":44,"stat.mineBlock.minecraft.sand":25349,"stat.craftItem.minecraft.wooden_hoe":1,"stat.craftItem.minecraft.slime":235,"stat.hopperInspected":311,"stat.useItem.minecraft.fence_gate":345,"stat.drop.minecraft.diamond":20,"stat.pickup.minecraft.packed_ice":126,"stat.pickup.minecraft.ghast_tear":36,"stat.pickup.minecraft.armor_stand":103,"stat.trappedChestTriggered":15979,"stat.mineBlock.minecraft.gray_shulker_box":120,"stat.craftItem.minecraft.acacia_stairs":288,"stat.craftItem.minecraft.observer":206,"stat.pickup.minecraft.wooden_button":21,"stat.mineBlock.minecraft.lapis_block":13,"stat.drop.minecraft.wooden_pressure_plate":1,"stat.useItem.minecraft.minecart":14,"stat.useItem.minecraft.cooked_mutton":116,"stat.drop.minecraft.stained_hardened_clay":13204,"stat.drop.minecraft.wooden_button":3,"stat.drop.minecraft.fishing_rod":13,"stat.pickup.minecraft.stone_stairs":770,"stat.craftItem.minecraft.fence_gate":605,"stat.pickup.minecraft.acacia_stairs":92,"stat.pickup.minecraft.pumpkin_seeds":7,"stat.pickup.minecraft.golden_carrot":184,"stat.drop.minecraft.fireworks":149,"stat.drop.minecraft.snowball":447,"stat.pickup.minecraft.saddle":8,"stat.mineBlock.minecraft.soul_sand":305,"stat.mineBlock.minecraft.jungle_stairs":16,"achievement.ghast":8,"stat.pickup.minecraft.blaze_rod":1477,"stat.craftItem.minecraft.diamond_block":10,"stat.drop.minecraft.chest":71,"stat.pickup.minecraft.netherrack":24915,"stat.pickup.minecraft.pumpkin":74,"stat.pickup.minecraft.spruce_door":13,"stat.useItem.minecraft.fish":29,"stat.pickup.minecraft.waterlily":51,"stat.mineBlock.minecraft.ice":999,"stat.craftItem.minecraft.redstone_torch":1154,"stat.pickup.minecraft.detector_rail":17,"stat.useItem.minecraft.packed_ice":443,"stat.pickup.minecraft.brick_stairs":2,"stat.mineBlock.minecraft.gold_block":6,"stat.craftItem.minecraft.iron_hoe":6,"stat.drop.minecraft.stone":1803,"stat.useItem.minecraft.trapped_chest":218,"stat.pickup.minecraft.melon_seeds":13,"stat.pickup.minecraft.dropper":52,"stat.useItem.minecraft.black_shulker_box":15,"stat.pickup.minecraft.golden_leggings":128,"stat.pickup.minecraft.melon":268,"stat.drop.minecraft.stained_glass_pane":40,"stat.dropperInspected":438,"stat.mineBlock.minecraft.nether_wart_block":7,"stat.pickup.minecraft.heavy_weighted_pressure_plate":25,"stat.pickup.minecraft.emerald_ore":2,"stat.useItem.minecraft.golden_rail":203,"stat.drop.minecraft.bone":370,"stat.craftItem.minecraft.wooden_button":70,"stat.useItem.minecraft.furnace":48,"stat.pickup.minecraft.slime":72,"stat.pickup.minecraft.iron_leggings":25,"stat.mineBlock.minecraft.snow":644,"stat.mineBlock.minecraft.gravel":18269,"stat.breakItem.minecraft.stone_axe":3,"stat.drop.minecraft.fence_gate":1,"stat.mineBlock.minecraft.beacon":47,"stat.useItem.minecraft.wool":1748,"stat.drop.minecraft.reeds":7,"stat.drop.minecraft.iron_axe":2,"stat.pickup.minecraft.flint_and_steel":1,"stat.mineBlock.minecraft.green_shulker_box":163,"stat.useItem.minecraft.torch":14742,"stat.pickup.minecraft.golden_apple":21,"stat.pickup.minecraft.iron_nugget":24,"stat.craftItem.minecraft.redstone_block":1621,"stat.craftItem.minecraft.stone_stairs":4188,"stat.pickup.minecraft.crafting_table":261,"stat.useItem.minecraft.log":21751,"stat.useItem.minecraft.comparator":426,"stat.drop.minecraft.tallgrass":77,"stat.craftItem.minecraft.crafting_table":147,"stat.drop.minecraft.end_stone":9,"stat.craftItem.minecraft.boat":6,"stat.pickup.minecraft.iron_hoe":2,"stat.mineBlock.minecraft.emerald_ore":2,"stat.pickup.minecraft.redstone_block":1040,"stat.useItem.minecraft.cooked_fish":1865,"stat.drop.minecraft.sign":18,"stat.useItem.minecraft.nether_wart_block":1,"stat.pickup.minecraft.compass":11,"stat.drop.minecraft.stonebrick":17,"stat.craftItem.minecraft.stone_button":209,"stat.pickup.minecraft.web":370,"stat.drop.minecraft.planks":594,"stat.pickup.minecraft.sapling":7921,"stat.drop.minecraft.bow":82,"stat.pickup.minecraft.beetroot":71,"stat.drop.minecraft.golden_chestplate":13,"stat.useItem.minecraft.wooden_pressure_plate":11,"stat.pickup.minecraft.golden_sword":8,"stat.craftItem.minecraft.sugar":108,"stat.pickup.minecraft.rabbit":6,"stat.mineBlock.minecraft.orange_shulker_box":221,"stat.drop.minecraft.bucket":4,"stat.craftItem.minecraft.spruce_fence_gate":426,"stat.useItem.minecraft.baked_potato":911,"stat.pickup.minecraft.stone_slab":5440,"stat.drop.minecraft.yellow_flower":100,"stat.pickup.minecraft.yellow_flower":608,"stat.pickup.minecraft.golden_rail":242,"stat.useItem.minecraft.fishing_rod":31973,"stat.craftItem.minecraft.diamond_chestplate":26,"stat.useItem.minecraft.brick_stairs":7,"stat.pickup.minecraft.bone":17573,"stat.craftItem.minecraft.sticky_piston":34,"stat.pickup.minecraft.redstone_torch":361,"stat.horseOneCm":1879737,"stat.useItem.minecraft.log2":9610,"stat.drop.minecraft.glowstone_dust":6,"stat.mineBlock.minecraft.slime":24,"stat.drop.minecraft.red_mushroom":4,"stat.mineBlock.minecraft.black_shulker_box":14,"stat.mineBlock.minecraft.brown_mushroom":249,"stat.useItem.minecraft.diamond_sword":80361,"stat.craftItem.minecraft.diamond_helmet":26,"stat.climbOneCm":928812,"stat.useItem.minecraft.end_rod":349,"stat.craftItem.minecraft.gold_block":114,"stat.enderchestOpened":2056,"stat.useItem.minecraft.redstone_torch":223,"stat.pickup.minecraft.golden_helmet":108,"stat.useItem.minecraft.red_flower":196,"stat.pickup.minecraft.cooked_rabbit":7,"stat.pickup.minecraft.daylight_detector":4,"stat.drop.minecraft.web":9,"stat.craftItem.minecraft.bone_block":2892,"stat.useItem.minecraft.magenta_shulker_box":1,"stat.useItem.minecraft.leaves2":2034,"stat.pickup.minecraft.anvil":59,"stat.mineBlock.minecraft.black_glazed_terracotta":156,"stat.useItem.minecraft.iron_ore":34,"stat.craftItem.minecraft.trapdoor":324,"stat.craftItem.minecraft.stone_pickaxe":47,"stat.pickup.minecraft.cobblestone":95583,"stat.craftItem.minecraft.glass_bottle":171,"stat.pickup.minecraft.soul_sand":269,"stat.useItem.minecraft.cooked_beef":5518,"stat.pickup.minecraft.cactus":146,"stat.pickup.minecraft.dragon_egg":3,"stat.pickup.minecraft.redstone":30895,"stat.craftItem.minecraft.dispenser":26,"stat.mineBlock.minecraft.iron_ore":9773,"stat.craftItem.minecraft.book":2638,"stat.drop.minecraft.name_tag":2,"stat.pickup.minecraft.mossy_cobblestone":11,"stat.useItem.minecraft.noteblock":4,"stat.craftItem.minecraft.cake":12,"stat.drop.minecraft.coal":45,"stat.drop.minecraft.iron_bars":2,"achievement.spawnWither":12,"stat.drop.minecraft.dirt":565,"stat.useItem.minecraft.cooked_porkchop":44,"stat.pickup.minecraft.iron_shovel":34,"stat.pickup.minecraft.trapdoor":143,"stat.pickup.minecraft.carpet":914,"stat.pickup.minecraft.diamond_shovel":63,"stat.pickup.minecraft.jungle_stairs":23,"stat.useItem.minecraft.chest_minecart":50,"stat.mineBlock.minecraft.lime_shulker_box":22,"stat.useItem.minecraft.sea_lantern":16,"stat.craftItem.minecraft.snow_layer":7428,"stat.pickup.minecraft.silver_shulker_box":66,"stat.pickup.minecraft.nether_star":13,"stat.useItem.minecraft.spruce_fence":1412,"stat.pickup.minecraft.sandstone_stairs":1,"stat.craftItem.minecraft.chest_minecart":50,"stat.pickup.minecraft.paper":323,"stat.craftItem.minecraft.stick":23216,"stat.craftItem.minecraft.stained_hardened_clay":11264,"stat.craftItem.minecraft.gold_nugget":504,"stat.pickup.minecraft.grass":20824,"stat.useItem.minecraft.stone_pressure_plate":30,"stat.drop.minecraft.leaves":668,"stat.pickup.minecraft.golden_horse_armor":3,"stat.pickup.minecraft.diamond_chestplate":31,"stat.drop.minecraft.dispenser":3,"stat.entityKilledBy.Creeper":14,"stat.drop.minecraft.tipped_arrow":6,"stat.breakItem.minecraft.shears":444,"stat.pickup.minecraft.blue_shulker_box":26,"stat.mineBlock.minecraft.planks":5724,"stat.drop":3456,"stat.killEntity.Sheep":79,"stat.drop.minecraft.iron_boots":2,"stat.pickup.minecraft.golden_chestplate":103,"stat.useItem.minecraft.melon_seeds":2,"stat.drop.minecraft.bread":6,"stat.useItem.minecraft.light_blue_glazed_terracotta":52,"stat.pickup.minecraft.purpur_pillar":102,"stat.craftItem.minecraft.piston":142,"stat.useItem.minecraft.quartz_stairs":3160,"stat.drop.minecraft.cooked_beef":11,"stat.pickup.minecraft.black_glazed_terracotta":217,"stat.killEntity.Slime":57,"stat.mineBlock.minecraft.anvil":46,"stat.useItem.minecraft.lime_shulker_box":23,"stat.useItem.minecraft.blue_glazed_terracotta":2,"stat.pickup.minecraft.purple_shulker_box":343,"stat.useItem.minecraft.waterlily":10,"stat.useItem.minecraft.apple":112,"stat.mineBlock.minecraft.deadbush":378,"stat.useItem.minecraft.black_glazed_terracotta":245,"stat.useItem.minecraft.carpet":2175,"stat.useItem.minecraft.potion":17,"stat.useItem.minecraft.flower_pot":21,"stat.mineBlock.minecraft.purpur_pillar":86,"stat.pickup.minecraft.fence":1558,"stat.useItem.minecraft.stone_axe":418,"stat.craftItem.minecraft.iron_helmet":9,"stat.craftItem.minecraft.rail":64,"stat.boatOneCm":2341979,"stat.craftItem.minecraft.flint_and_steel":5,"stat.useItem.minecraft.redstone_lamp":13,"stat.mineBlock.minecraft.leaves2":3530,"stat.mineBlock.minecraft.stone_stairs":410,"stat.craftItem.minecraft.iron_bars":752,"stat.mineBlock.minecraft.furnace":28,"stat.pickup.minecraft.dark_oak_fence":46,"stat.pickup.minecraft.prismarine_shard":10,"stat.drop.minecraft.stone_button":11,"stat.pickup.minecraft.end_crystal":16,"stat.drop.minecraft.water_bucket":3,"stat.killEntity.CaveSpider":22144,"stat.craftItem.minecraft.netherbrick":81,"stat.craftItem.minecraft.birch_fence":48,"stat.pickup.minecraft.oak_stairs":1423,"stat.pickup.minecraft.stained_glass":1512,"stat.damageDealt":2656346,"stat.craftItem.minecraft.anvil":61,"stat.mineBlock.minecraft.nether_brick_stairs":116,"stat.pickup.minecraft.end_bricks":153,"stat.useItem.minecraft.crafting_table":253,"stat.useItem.minecraft.cyan_glazed_terracotta":1,"stat.craftItem.minecraft.stone_shovel":10,"stat.pickup.minecraft.boat":23,"stat.pickup.minecraft.stick":3808,"stat.pickup.minecraft.spectral_arrow":8,"achievement.enchantments":2,"stat.breakItem.minecraft.stone_pickaxe":19,"stat.drop.minecraft.iron_block":1,"stat.craftItem.minecraft.diamond_boots":31,"stat.craftItem.minecraft.writable_book":28,"stat.useItem.minecraft.redstone_block":5,"stat.drop.minecraft.brown_shulker_box":1,"stat.drop.minecraft.leather_chestplate":15,"stat.useItem.minecraft.spruce_stairs":5758,"stat.craftItem.minecraft.redstone":2844,"stat.useItem.minecraft.cactus":31,"stat.pickup.minecraft.chorus_fruit":283,"stat.drop.minecraft.purpur_block":1,"stat.killEntity.Chicken":250,"stat.drop.minecraft.crafting_table":9,"stat.useItem.minecraft.iron_block":2323,"stat.mineBlock.minecraft.quartz_ore":24247,"stat.craftItem.minecraft.tnt":1,"stat.pickup.minecraft.concrete_powder":2918,"stat.drop.minecraft.filled_map":9,"stat.pickup.minecraft.dragon_breath":50,"stat.drop.minecraft.diamond_boots":1,"stat.craftItem.minecraft.fence":2979,"stat.useItem.minecraft.golden_apple":7,"stat.mineBlock.minecraft.leaves":114489,"stat.mineBlock.minecraft.piston":220,"stat.mineBlock.minecraft.bone_block":1765,"stat.mineBlock.minecraft.hay_block":2,"stat.useItem.minecraft.map":30,"stat.craftItem.minecraft.tripwire_hook":530,"achievement.cookFish":16,"stat.beaconInteraction":150,"stat.pickup.minecraft.wooden_slab":11872,"stat.craftItem.minecraft.diamond_hoe":2,"stat.leaveGame":1664,"stat.pickup.minecraft.jungle_fence":37,"stat.pickup.minecraft.stone_slab2":382,"stat.useItem.minecraft.glowstone":172,"stat.mineBlock.minecraft.sandstone":204,"stat.craftItem.minecraft.ender_eye":22,"stat.breakItem.minecraft.wooden_sword":1,"stat.killEntity.PigZombie":56,"stat.craftItem.minecraft.shield":5,"stat.craftItem.minecraft.stone_pressure_plate":43,"stat.drop.minecraft.feather":55,"stat.mineBlock.minecraft.red_sandstone":11,"stat.pickup.minecraft.leaves2":2719,"stat.pickup.minecraft.brick_block":102,"stat.useItem.minecraft.activator_rail":4,"achievement.diamondsToYou":1,"stat.useItem.minecraft.birch_boat":88,"stat.useItem.minecraft.purpur_stairs":4,"stat.craftItem.minecraft.noteblock":1,"stat.mineBlock.minecraft.wooden_slab":8752,"stat.pickup.minecraft.leather_boots":141,"stat.killEntity.Witch":44,"stat.drop.minecraft.sand":107,"stat.craftItem.minecraft.wooden_pickaxe":5,"stat.craftItem.minecraft.iron_door":3,"stat.useItem.minecraft.iron_shovel":4875,"stat.mineBlock.minecraft.brick_block":108,"stat.craftItem.minecraft.bed":47,"stat.pickup.minecraft.firework_charge":1,"stat.mineBlock.minecraft.hopper":100,"stat.mineBlock.minecraft.vine":388,"stat.pickup.minecraft.melon_block":25,"stat.drop.minecraft.gravel":255,"stat.mineBlock.minecraft.rail":448,"stat.killEntity.ZombieVillager":50,"stat.noteblockPlayed":19,"stat.drop.minecraft.red_flower":54,"stat.useItem.minecraft.double_plant":30,"stat.pickup.minecraft.prismarine":13,"stat.pickup.minecraft.beef":2349,"stat.pickup.minecraft.leather_helmet":88,"stat.pickup.minecraft.cauldron":7,"stat.mineBlock.minecraft.stained_hardened_clay":150249,"stat.useItem.minecraft.trapdoor":229,"stat.useItem.minecraft.blue_shulker_box":26,"stat.useItem.minecraft.stained_glass":1353,"stat.drop.minecraft.stone_pressure_plate":4,"stat.useItem.minecraft.dark_oak_door":3,"stat.useItem.minecraft.ice":673,"stat.pickup.minecraft.magenta_shulker_box":2,"achievement.openInventory":48916,"stat.pickup.minecraft.potion":30,"stat.mineBlock.minecraft.dark_oak_fence_gate":17,"stat.useItem.minecraft.wooden_button":15,"stat.craftItem.minecraft.dropper":97,"stat.useItem.minecraft.dye":21459,"stat.mineBlock.minecraft.stone_slab2":268,"stat.mineBlock.minecraft.stone_pressure_plate":8,"stat.useItem.minecraft.nether_brick":125,"stat.drop.minecraft.torch":333,"stat.drop.minecraft.glass_bottle":21,"stat.mineBlock.minecraft.tallgrass":2715,"achievement.potion":25,"stat.useItem.minecraft.cooked_rabbit":4,"stat.useItem.minecraft.stone":60355,"stat.pickup.minecraft.arrow":15992,"stat.pickup.minecraft.wooden_pressure_plate":10,"stat.killEntity.Ghast":39,"stat.useItem.minecraft.ender_chest":26,"stat.useItem.minecraft.white_shulker_box":104,"stat.useItem.minecraft.clay":365,"achievement.killCow":1436,"stat.mineBlock.minecraft.chest":641,"stat.pickup.minecraft.painting":19,"stat.mineBlock.minecraft.hardened_clay":163690,"stat.mineBlock.minecraft.concrete_powder":2549,"stat.craftItem.minecraft.hopper":328,"stat.useItem.minecraft.emerald_ore":1,"stat.pickup.minecraft.gray_shulker_box":121,"stat.drop.minecraft.concrete_powder":108,"stat.pickup.minecraft.nether_brick_fence":78,"stat.pickup.minecraft.yellow_shulker_box":29,"stat.pickup.minecraft.orange_shulker_box":226,"stat.useItem.minecraft.reeds":130,"stat.pickup.minecraft.birch_boat":83,"stat.craftItem.minecraft.wooden_sword":4,"stat.craftItem.minecraft.nether_brick":479,"stat.drop.minecraft.jungle_fence":3,"stat.craftItem.minecraft.diamond_shovel":52,"stat.pickup.minecraft.wheat_seeds":6932,"stat.drop.minecraft.snow":97,"stat.mineBlock.minecraft.glass":34,"stat.drop.minecraft.spruce_fence":1,"stat.useItem.minecraft.enchanting_table":3,"stat.mineBlock.minecraft.dirt":113598,"stat.pickup.minecraft.poisonous_potato":13,"stat.drop.minecraft.paper":2,"stat.useItem.minecraft.bread":380,"stat.pickup.minecraft.brewing_stand":6,"stat.pickup.minecraft.light_blue_shulker_box":42,"stat.useItem.minecraft.cobblestone":5679,"stat.craftItem.minecraft.leather_boots":54,"stat.useItem.minecraft.gravel":752,"stat.mineBlock.minecraft.double_plant":213,"stat.minecartOneCm":2547011,"stat.breakItem.minecraft.golden_helmet":1,"stat.pickup.minecraft.brown_glazed_terracotta":10,"stat.pickup.minecraft.iron_pickaxe":25,"stat.drop.minecraft.carrot":52,"stat.mineBlock.minecraft.end_rod":242,"stat.craftItem.minecraft.gold_ingot":1511,"stat.pickup.minecraft.hopper":128,"stat.mineBlock.minecraft.silver_shulker_box":62,"stat.craftItem.minecraft.brewing_stand":4,"stat.useItem.minecraft.tallgrass":671,"stat.pickup.minecraft.apple":488,"stat.useItem.minecraft.fireworks":384,"stat.pickup.minecraft.banner":66,"achievement.portal":1456,"stat.itemEnchanted":1875,"stat.useItem.minecraft.acacia_boat":4,"stat.mineBlock.minecraft.log":46101,"stat.mineBlock.minecraft.heavy_weighted_pressure_plate":13,"stat.useItem.minecraft.wooden_door":13,"achievement.acquireIron":263,"stat.useItem.minecraft.spruce_door":23,"stat.craftItem.minecraft.paper":10059,"stat.pickup.minecraft.red_flower":1021,"stat.drop.minecraft.bone_block":65,"stat.pickup.minecraft.wool":4593,"stat.useItem.minecraft.chorus_fruit":20,"stat.useItem.minecraft.wooden_axe":100,"stat.craftItem.minecraft.trapped_chest":367,"stat.drop.minecraft.grass":88,"stat.pickup.minecraft.trapped_chest":166,"stat.pickup.minecraft.red_sandstone_stairs":73,"stat.cakeSlicesEaten":49,"stat.drop.minecraft.pumpkin":1,"stat.craftItem.minecraft.cooked_rabbit":3,"stat.craftItem.minecraft.diamond_leggings":23,"stat.mineBlock.minecraft.acacia_stairs":21,"stat.useItem.minecraft.iron_axe":4056,"stat.mineBlock.minecraft.silver_glazed_terracotta":120,"stat.mineBlock.minecraft.yellow_flower":608,"stat.useItem.minecraft.skull":62,"stat.craftItem.minecraft.wool":1439,"stat.useItem.minecraft.snow":3013,"stat.useItem.minecraft.concrete_powder":15639,"stat.pickup.minecraft.enchanted_book":176,"stat.pickup.minecraft.glowstone":933,"achievement.buildWorkBench":180,"stat.pickup.minecraft.writable_book":9,"stat.pickup.minecraft.sticky_piston":47,"stat.useItem.minecraft.obsidian":600,"stat.pickup.minecraft.bow":972,"stat.craftItem.minecraft.dark_oak_door":3,"stat.drop.minecraft.birch_boat":2,"stat.useItem.minecraft.egg":800,"stat.craftItem.minecraft.spruce_boat":14,"stat.pickup.minecraft.pumpkin_pie":65,"stat.pickup.minecraft.nether_wart_block":1,"stat.pickup.minecraft.coal_ore":3758,"stat.craftItem.minecraft.cooked_beef":1880,"stat.mineBlock.minecraft.obsidian":697,"stat.pickup.minecraft.shears":81,"stat.craftItem.minecraft.bow":63,"stat.pickup.minecraft.iron_trapdoor":127,"stat.craftItem.minecraft.red_sandstone_stairs":248,"stat.flyOneCm":162954382,"stat.pickup.minecraft.sandstone":185,"stat.pickup.minecraft.nether_brick_stairs":120,"stat.pickup.minecraft.fish":1091,"stat.craftItem.minecraft.stained_glass":1024,"stat.timeSinceDeath":79294,"stat.pickup.minecraft.quartz_ore":4980,"stat.craftItem.minecraft.painting":8,"stat.cauldronFilled":8,"stat.drop.minecraft.blaze_powder":2,"stat.useItem.minecraft.potato":898,"stat.pickup.minecraft.chainmail_helmet":42,"stat.pickup.minecraft.nether_wart":24,"stat.pickup.minecraft.spruce_fence":440,"stat.mineBlock.minecraft.enchanting_table":1,"stat.craftItem.minecraft.concrete_powder":14976,"stat.mineBlock.minecraft.coal_ore":18086,"stat.pickup.minecraft.shield":20,"stat.talkedToVillager":45,"stat.drop.minecraft.baked_potato":2,"stat.pickup.minecraft.string":12910,"stat.mineBlock.minecraft.ladder":15,"stat.useItem.minecraft.milk_bucket":5,"stat.useItem.minecraft.written_book":191,"stat.mineBlock.minecraft.chorus_flower":14,"stat.useItem.minecraft.diamond_shovel":159543,"stat.pickup.minecraft.chest_minecart":1,"stat.breakItem.minecraft.diamond_helmet":2,"stat.craftItem.minecraft.wooden_axe":2,"stat.pickup.minecraft.bone_block":1861,"stat.mineBlock.minecraft.diamond_ore":1375,"stat.pickup.minecraft.fireworks":973,"stat.craftItem.minecraft.speckled_melon":21,"stat.craftItem.minecraft.wooden_pressure_plate":14,"achievement.killEnemy":328838,"stat.drop.minecraft.redstone_ore":8,"stat.useItem.minecraft.wooden_sword":46,"stat.breakItem.minecraft.iron_shovel":16,"stat.useItem.minecraft.ladder":101,"stat.useItem.minecraft.diamond_ore":275,"stat.useItem.minecraft.cyan_shulker_box":42,"stat.pickup.minecraft.snowball":6599,"stat.mineBlock.minecraft.brown_glazed_terracotta":10,"stat.useItem.minecraft.birch_stairs":66,"stat.killEntity.Guardian":9,"stat.craftItem.minecraft.sandstone_stairs":16,"stat.diveOneCm":6574580,"stat.useItem.minecraft.sticky_piston":49,"stat.craftItem.minecraft.ladder":549,"achievement.buildHoe":9,"stat.mineBlock.minecraft.stone_button":87,"stat.drop.minecraft.ladder":1,"stat.pickup.minecraft.stone_axe":9,"stat.pickup.minecraft.stained_glass_pane":515,"stat.useItem.minecraft.rotten_flesh":15,"stat.craftItem.minecraft.diamond_sword":57,"stat.mineBlock.minecraft.blue_shulker_box":26,"stat.jump":717936,"stat.useItem.minecraft.sand":3404,"stat.pickup.minecraft.white_shulker_box":104,"stat.mineBlock.minecraft.observer":44,"stat.mineBlock.minecraft.light_blue_glazed_terracotta":28,"stat.craftItem.minecraft.torch":10072,"achievement.makeBread":798,"stat.drop.minecraft.glowstone":131,"stat.mineBlock.minecraft.spruce_fence_gate":65,"stat.mineBlock.minecraft.purpur_block":163,"stat.mineBlock.minecraft.cyan_glazed_terracotta":2,"stat.useItem.minecraft.glass":22,"stat.pickup.minecraft.stone_shovel":9,"stat.useItem.minecraft.sapling":5734,"stat.pickup.minecraft.gold_ore":2088,"achievement.blazeRod":446,"stat.mineBlock.minecraft.glass_pane":3,"stat.damageTaken":576953,"stat.useItem.minecraft.red_shulker_box":61,"stat.useItem.minecraft.end_crystal":15,"stat.mineBlock.minecraft.melon_block":36,"stat.useItem.minecraft.gold_block":16,"stat.mineBlock.minecraft.sapling":181,"stat.pickup.minecraft.log2":15997,"stat.useItem.minecraft.purple_shulker_box":338,"stat.pickup.minecraft.bed":61,"stat.cauldronUsed":11,"stat.pickup.minecraft.concrete":8207,"stat.pickup.minecraft.quartz_block":1321,"stat.pickup.minecraft.potato":2710,"stat.killEntity.Shulker":6,"stat.entityKilledBy.Zombie":11,"stat.killEntity.Silverfish":15,"stat.craftItem.minecraft.stone_slab":16098,"stat.animalsBred":1161,"stat.useItem.minecraft.chest":1250,"stat.mineBlock.minecraft.light_blue_shulker_box":42,"stat.useItem.minecraft.observer":91,"stat.breakItem.minecraft.diamond_sword":1,"stat.shulkerBoxOpened":10209,"stat.craftItem.minecraft.iron_chestplate":9,"stat.pickup.minecraft.baked_potato":121,"stat.drop.minecraft.potato":11,"stat.pickup.minecraft.ender_pearl":105071,"stat.drop.minecraft.wooden_slab":222,"stat.pickup.minecraft.ladder":281,"stat.breakItem.minecraft.golden_boots":1,"stat.useItem.minecraft.netherrack":6850,"stat.craftItem.minecraft.stained_glass_pane":3216,"stat.craftItem.minecraft.bookshelf":301,"stat.useItem.minecraft.tripwire_hook":11,"stat.mineBlock.minecraft.stonebrick":740,"stat.mineBlock.minecraft.glowstone":1010,"stat.craftItem.minecraft.shears":529,"stat.useItem.minecraft.cobblestone_wall":444,"stat.useItem.minecraft.writable_book":51,"stat.drop.minecraft.spruce_stairs":138,"stat.pickup.minecraft.torch":10053,"stat.drop.minecraft.diamond_shovel":1,"stat.drop.minecraft.quartz_block":8,"stat.pickup.minecraft.spruce_boat":8,"stat.drop.minecraft.arrow":999,"stat.drop.minecraft.stone_slab2":2,"stat.drop.minecraft.shears":16,"stat.craftItem.minecraft.compass":58,"stat.pickup.minecraft.dark_oak_fence_gate":16,"stat.drop.minecraft.armor_stand":1,"stat.pickup.minecraft.deadbush":15,"stat.craftItem.minecraft.iron_axe":26,"stat.killEntity.Ozelot":38,"stat.mineBlock.minecraft.purple_shulker_box":335,"stat.useItem.minecraft.lead":8,"stat.pickup.minecraft.lapis_block":27,"stat.drop.minecraft.trapdoor":1,"stat.pickup.minecraft.fishing_rod":165,"stat.useItem.minecraft.planks":13087,"stat.useItem.minecraft.nether_brick_stairs":181,"stat.pickup.minecraft.porkchop":63,"stat.pickup.minecraft.blaze_powder":5,"stat.pickup.minecraft.glass":257,"stat.drop.minecraft.melon":32,"stat.useItem.minecraft.red_sandstone_stairs":158,"stat.useItem.minecraft.water_bucket":738,"stat.pickup.minecraft.sand":27165,"stat.craftItem.minecraft.golden_apple":46,"stat.craftItem.minecraft.dark_oak_fence":234,"stat.pickup.minecraft.hardened_clay":165563,"stat.pickup.minecraft.name_tag":11,"achievement.diamonds":1599,"stat.drop.minecraft.hardened_clay":3582,"stat.drop.minecraft.splash_potion":1,"stat.pickup.minecraft.activator_rail":4,"stat.aviateOneCm":705073970,"stat.useItem.minecraft.ender_pearl":981,"stat.useItem.minecraft.brown_mushroom":18,"stat.craftItem.minecraft.cooked_fish":386,"achievement.buildBetterPickaxe":245,"stat.craftItem.minecraft.blaze_powder":168,"achievement.breedCow":472,"stat.useItem.minecraft.oak_stairs":2944,"stat.craftItem.minecraft.golden_carrot":32,"stat.mineBlock.minecraft.dark_oak_stairs":2717,"stat.useItem.minecraft.dark_oak_stairs":6421,"stat.drop.minecraft.stone_slab":180,"stat.mineBlock.minecraft.birch_stairs":19,"stat.pickup.minecraft.fence_gate":202,"stat.pickup.minecraft.filled_map":72,"stat.pickup.minecraft.furnace":46,"stat.useItem.minecraft.redstone":1017,"achievement.overkill":119,"stat.mineBlock.minecraft.end_bricks":21,"stat.mineBlock.minecraft.redstone_lamp":13,"achievement.mineWood":54714,"stat.pickup.minecraft.iron_chestplate":24,"stat.pickup.minecraft.end_rod":292,"stat.pickup.minecraft.cyan_glazed_terracotta":2,"stat.useItem.minecraft.stone_stairs":3370,"stat.pickup.minecraft.skull":101,"stat.mineBlock.minecraft.red_shulker_box":58,"stat.useItem.minecraft.pumpkin_pie":132,"stat.useItem.minecraft.hopper":382,"stat.craftItem.minecraft.heavy_weighted_pressure_plate":13,"stat.mineBlock.minecraft.oak_stairs":861,"stat.playOneMinute":73237551,"stat.drop.minecraft.string":175,"stat.useItem.minecraft.jungle_stairs":74,"stat.pickup.minecraft.diamond_block":164,"stat.useItem.minecraft.shears":109541,"stat.pickup.minecraft.beacon":50,"stat.pickup.minecraft.iron_bars":436,"stat.pickup.minecraft.dispenser":32,"stat.mineBlock.minecraft.dark_oak_fence":48,"stat.craftItem.minecraft.carpet":3249,"stat.mineBlock.minecraft.netherrack":29585,"stat.mineBlock.minecraft.dispenser":22,"stat.craftItem.minecraft.dark_oak_stairs":5304,"stat.craftItem.minecraft.golden_rail":66,"stat.useItem.minecraft.quartz_ore":4017,"stat.breakItem.minecraft.leather_helmet":1,"stat.pickup.minecraft.cooked_chicken":832,"stat.fallOneCm":17732215,"stat.drop.minecraft.dye":55,"stat.craftItem.minecraft.chest":2018,"stat.craftItem.minecraft.banner":141,"stat.useItem.minecraft.nether_brick_fence":4,"stat.mineBlock.minecraft.lever":9,"stat.pickup.minecraft.red_mushroom":126,"stat.useItem.minecraft.iron_hoe":180,"stat.pickup.minecraft.milk_bucket":7,"stat.craftItem.minecraft.end_bricks":56,"stat.pickup.minecraft.comparator":554,"stat.drop.minecraft.leaves2":70,"stat.pickup.minecraft.feather":475,"stat.drop.minecraft.iron_leggings":2,"stat.drop.minecraft.concrete":24,"stat.mineBlock.minecraft.spruce_fence":245,"stat.useItem.minecraft.yellow_shulker_box":29,"achievement.fullBeacon":24,"stat.craftItem.minecraft.dark_oak_fence_gate":29,"stat.pickup.minecraft.lead":105,"stat.useItem.minecraft.stone_pickaxe":2687,"stat.craftItem.minecraft.birch_stairs":176,"stat.useItem.minecraft.stone_sword":2340,"stat.craftItem.minecraft.iron_leggings":10,"stat.useItem.minecraft.orange_shulker_box":229,"stat.killEntity.Rabbit":11,"stat.craftItem.minecraft.oak_stairs":3500,"stat.pickup.minecraft.redstone_ore":1457,"stat.pickup.minecraft.chainmail_boots":54,"stat.drop.minecraft.stick":677,"stat.pickup.minecraft.record_13":3,"stat.useItem.minecraft.iron_bars":391,"stat.mineBlock.minecraft.quartz_stairs":1120,"stat.mineBlock.minecraft.monster_egg":43,"stat.useItem.minecraft.bone_block":4676,"stat.drop.minecraft.stone_brick_stairs":17,"stat.killEntity.LavaSlime":1189,"stat.pickup.minecraft.log":51492,"achievement.theEnd2":1,"stat.useItem.minecraft.brown_glazed_terracotta":10,"stat.breakItem.minecraft.iron_boots":1,"stat.mineBlock.minecraft.golden_rail":150,"stat.pickup.minecraft.tallgrass":1804,"stat.drop.minecraft.lapis_block":1,"stat.breakItem.minecraft.iron_helmet":2,"stat.pickup.minecraft.chainmail_leggings":52,"stat.pickup.minecraft.wooden_door":9,"stat.entityKilledBy.Enderman":10,"stat.mineBlock.minecraft.iron_block":1941,"stat.drop.minecraft.clay":18,"stat.breakItem.minecraft.iron_chestplate":1,"stat.mineBlock.minecraft.tripwire_hook":17,"stat.craftItem.minecraft.snow":6147,"stat.pickup.minecraft.diamond_helmet":68,"stat.craftItem.minecraft.cooked_chicken":348,"stat.useItem.minecraft.stone_hoe":23,"stat.craftItem.minecraft.flower_pot":26,"stat.useItem.minecraft.beetroot_seeds":5,"stat.sneakTime":5371999,"stat.mineBlock.minecraft.cobblestone_wall":158,"stat.mineBlock.minecraft.yellow_shulker_box":28,"stat.entityKilledBy.Blaze":1,"stat.useItem.minecraft.brewing_stand":9,"stat.useItem.minecraft.beetroot":1,"stat.pickup.minecraft.chest":806,"stat.useItem.minecraft.web":172,"stat.craftItem.minecraft.enchanting_table":2,"stat.craftItem.minecraft.leather_leggings":55,"stat.useItem.minecraft.lapis_block":1,"stat.drop.minecraft.sugar":2,"stat.pickup.minecraft.stone_pressure_plate":17,"stat.pickup.minecraft.lit_pumpkin":7,"stat.drop.minecraft.beetroot":17,"stat.useItem.minecraft.repeater":155,"stat.drop.minecraft.leather_helmet":18,"stat.craftItem.minecraft.stone_brick_stairs":4048,"stat.useItem.minecraft.silver_glazed_terracotta":184,"stat.craftItem.minecraft.iron_trapdoor":315,"stat.swimOneCm":2749883,"stat.mineBlock.minecraft.diamond_block":164,"stat.mineBlock.minecraft.spruce_stairs":2150,"stat.drop.minecraft.brown_mushroom":11,"stat.useItem.minecraft.dirt":99332,"stat.pickup.minecraft.purpur_block":156,"achievement.exploreAllBiomes":{"value":0,"progress":["Sunflower Plains","Cold Taiga","Birch Forest","Roofed Forest","Extreme Hills M","The End","Mesa Plateau F M","Beach","FrozenRiver","Mesa Plateau","Mega Taiga Hills","Extreme Hills+","Ocean","River","JungleEdge","Taiga","Mega Taiga","MushroomIsland","Swampland","Ice Mountains","Birch Forest Hills","Mesa Plateau F","Savanna Plateau","Roofed Forest M","Mesa","ForestHills","Flower Forest","Plains","TaigaHills","DesertHills","Stone Beach","Ice Plains","Jungle","Forest","JungleHills","Desert","Extreme Hills","Mesa (Bryce)","Deep Ocean","Savanna","Hell","Swampland M"]},"stat.pickup.minecraft.enchanting_table":1,"stat.useItem.minecraft.detector_rail":4,"stat.drop.minecraft.ender_pearl":4389,"stat.mineBlock.minecraft.magma":678,"stat.pickup.minecraft.quartz_stairs":1096,"stat.mineBlock.minecraft.carpet":435,"stat.pickup.minecraft.gold_block":6,"stat.mineBlock.minecraft.redstone_block":2,"stat.useItem.minecraft.stone_shovel":947,"stat.pickup.minecraft.clay":995,"stat.pickup.minecraft.glass_bottle":169,"stat.useItem.minecraft.red_mushroom":14,"stat.drop.minecraft.wheat_seeds":111,"stat.craftItem.minecraft.wooden_slab":21756,"stat.useItem.minecraft.sign":217,"stat.drop.minecraft.log":718,"stat.pickup.minecraft.mutton":119,"achievement.theEnd":262,"stat.useItem.minecraft.lever":17,"stat.pickup.minecraft.wooden_axe":1,"stat.mineBlock.minecraft.coal_block":349,"stat.pickup.minecraft.dark_oak_door":4,"stat.craftItem.minecraft.red_sandstone":1136,"stat.drop.minecraft.golden_boots":13,"stat.pickup.minecraft.stonebrick":1415,"stat.drop.minecraft.red_sandstone_stairs":32,"stat.pickup.minecraft.redstone_lamp":39,"stat.useItem.minecraft.acacia_stairs":78,"stat.drop.minecraft.beetroot_seeds":4,"stat.mineBlock.minecraft.nether_brick":2347,"stat.mineBlock.minecraft.red_sandstone_stairs":40,"stat.pickup.minecraft.snow_layer":8,"stat.drop.minecraft.log2":65,"stat.craftItem.minecraft.stone_slab2":1446,"stat.drop.minecraft.potion":3,"stat.useItem.minecraft.stone_slab":11749,"stat.useItem.minecraft.bed":73,"stat.craftItem.minecraft.stone":22592,"stat.craftItem.minecraft.armor_stand":119,"stat.mineBlock.minecraft.crafting_table":228,"stat.useItem.minecraft.diamond_pickaxe":652158,"stat.mineBlock.minecraft.quartz_block":1077,"stat.useItem.minecraft.carrot":2562,"stat.killEntity.Endermite":18,"stat.useItem.minecraft.wooden_shovel":1,"stat.useItem.minecraft.bucket":894,"achievement.buildFurnace":41,"stat.drop.minecraft.spruce_fence_gate":1,"stat.pickup.minecraft.stone_button":316,"stat.pickup.minecraft.slime_ball":526,"stat.mineBlock.minecraft.cyan_shulker_box":42,"stat.craftItem.minecraft.diamond_pickaxe":123,"stat.craftItem.minecraft.clay":238,"stat.drop.minecraft.wooden_pickaxe":1,"stat.pickup.minecraft.gravel":18059,"stat.useItem.minecraft.glass_bottle":54,"stat.useItem.minecraft.diamond_axe":85556,"stat.pickup.minecraft.purpur_stairs":10,"stat.breakItem.minecraft.wooden_axe":1,"stat.pickup.minecraft.red_shulker_box":58,"stat.useItem.minecraft.stained_glass_pane":1627,"stat.pickup.minecraft.stone_brick_stairs":2522,"stat.pickup.minecraft.diamond_sword":76,"stat.craftItem.minecraft.brick_stairs":12,"stat.pickup.minecraft.brick":56,"stat.useItem.minecraft.wooden_hoe":4,"stat.pickup.minecraft.iron_helmet":28,"stat.craftItem.minecraft.birch_boat":13,"stat.pickup.minecraft.black_shulker_box":14,"stat.useItem.minecraft.piston":319,"stat.craftItem.minecraft.bread":402,"stat.pickup.minecraft.spider_eye":6904,"stat.useItem.minecraft.stone_button":235,"stat.pickup.minecraft.diamond_ore":322,"stat.mineBlock.minecraft.magenta_shulker_box":2,"stat.useItem.minecraft.cooked_chicken":2297,"stat.craftItem.minecraft.end_crystal":4,"stat.pickup.minecraft.iron_ore":9973,"stat.pickup.minecraft.snow":679,"stat.mineBlock.minecraft.iron_bars":213,"stat.pickup.minecraft.leaves":111231,"stat.pickup.minecraft.leather":4262,"stat.useItem.minecraft.wooden_pickaxe":120,"stat.dispenserInspected":177,"stat.mineBlock.minecraft.mycelium":1,"stat.drop.minecraft.red_sandstone":4,"stat.pickup.minecraft.reeds":2808,"stat.pickup.minecraft.prismarine_crystals":11,"stat.useItem.minecraft.magma":403,"stat.craftItem.minecraft.glass":737,"stat.drop.minecraft.cooked_chicken":14,"stat.craftItem.minecraft.cauldron":9,"stat.sleepInBed":1153,"stat.craftItem.minecraft.baked_potato":1077,"stat.killEntity.Cow":1582,"stat.pickup.minecraft.minecart":73,"stat.killEntity.Pig":31,"stat.craftItem.minecraft.iron_sword":41,"stat.pickup.minecraft.piston":377,"stat.breakItem.minecraft.fishing_rod":5,"stat.walkOneCm":242594681,"stat.playerKills":10,"stat.pickup.minecraft.clay_ball":2059,"stat.mineBlock.minecraft.trapped_chest":111,"stat.useItem.minecraft.dark_oak_fence_gate":28,"stat.pickup.minecraft.purpur_slab":4,"stat.useItem.minecraft.spruce_boat":19,"stat.drop.minecraft.diamond_axe":3,"stat.drop.minecraft.iron_chestplate":3,"stat.pickup.minecraft.stone":121236,"stat.mineBlock.minecraft.wool":657,"stat.pickup.minecraft.silver_glazed_terracotta":242,"stat.craftItem.minecraft.hay_block":61,"stat.mineBlock.minecraft.packed_ice":100,"stat.useItem.minecraft.leaves":63651,"stat.craftItem.minecraft.minecart":3,"stat.pickup.minecraft.gold_ingot":259,"stat.useItem.minecraft.prismarine":93,"stat.killEntity.Skeleton":19304,"stat.mineBlock.minecraft.cactus":48,"stat.drop.minecraft.chainmail_boots":3,"stat.pickup.minecraft.netherbrick":1,"stat.mineBlock.minecraft.redstone_torch":139,"stat.killEntity.Spider":393,"stat.pickup.minecraft.bread":68,"stat.craftItem.minecraft.spruce_fence":1626,"stat.pickup.minecraft.quartz":41573,"stat.pickup.minecraft.birch_fence":7,"stat.pickup.minecraft.blue_glazed_terracotta":67,"stat.breakItem.minecraft.iron_axe":15,"stat.pickup.minecraft.water_bucket":18,"stat.pickup.minecraft.spruce_stairs":2701,"stat.mineBlock.minecraft.redstone_ore":7667,"stat.pickup.minecraft.lava_bucket":4,"stat.pickup.minecraft.elytra":51,"stat.craftItem.minecraft.coal_block":2350,"stat.craftItem.minecraft.brick":196,"stat.mineBlock.minecraft.stone":217536,"stat.breakItem.minecraft.wooden_pickaxe":2,"stat.useItem.minecraft.sandstone":225}