{"stat.chestOpened":1,"stat.walkOneCm":134,"achievement.openInventory":23,"stat.leaveGame":18,"stat.flyOneCm":1390133,"stat.jump":3,"stat.swimOneCm":4655,"stat.playOneMinute":930655,"stat.sneakTime":2127,"stat.timeSinceDeath":930655,"achievement.exploreAllBiomes":{"value":0,"progress":["Birch Forest Hills","Mesa Plateau F","Roofed Forest M","ForestHills","Mesa","Roofed Forest","Birch Forest","Plains","Beach","Mesa Plateau","Extreme Hills+","Forest","River","Taiga","Desert","Extreme Hills","Swampland","Savanna"]},"stat.diveOneCm":817}