{"stat.craftItem.minecraft.chorus_fruit_popped":4,"stat.useItem.minecraft.bow":2120,"stat.useItem.minecraft.quartz_block":284,"stat.useItem.minecraft.painting":42,"stat.drop.minecraft.gunpowder":11,"stat.drop.minecraft.redstone":384,"stat.pickup.minecraft.dark_oak_boat":2,"stat.mineBlock.minecraft.stained_glass":432,"stat.mineBlock.minecraft.web":12,"achievement.snipeSkeleton":1,"stat.pickup.minecraft.rotten_flesh":1099,"stat.drop.minecraft.redstone_torch":1,"stat.mineBlock.minecraft.purpur_stairs":1,"stat.craftItem.minecraft.stone_axe":6,"stat.useItem.minecraft.vine":679,"stat.pickup.minecraft.cobblestone_wall":23,"stat.pickup.minecraft.bucket":1,"stat.useItem.minecraft.rail":79,"stat.killEntity.Enderman":51844,"stat.useItem.minecraft.anvil":24,"stat.craftItem.minecraft.iron_shovel":10,"stat.pickup.minecraft.brown_mushroom":89,"achievement.buildPickaxe":96,"stat.mineBlock.minecraft.end_stone":163,"stat.useItem.minecraft.iron_pickaxe":12188,"stat.pickup.minecraft.stained_hardened_clay":1899,"stat.pickup.minecraft.double_plant":63,"stat.craftItem.minecraft.glass_pane":96,"stat.useItem.minecraft.hardened_clay":810,"stat.mineBlock.minecraft.sticky_piston":12,"stat.pickup.minecraft.wooden_shovel":3,"stat.furnaceInteraction":2217,"stat.useItem.minecraft.nether_wart":480,"stat.mineBlock.minecraft.chorus_plant":278,"stat.pickup.minecraft.nether_brick":32,"stat.useItem.minecraft.end_stone":48,"stat.mineBlock.minecraft.wooden_button":5,"stat.pickup.minecraft.cyan_shulker_box":6,"stat.useItem.minecraft.fence":149,"stat.useItem.minecraft.cauldron":34,"stat.useItem.minecraft.flint_and_steel":18,"stat.mineBlock.minecraft.fence":91,"stat.useItem.minecraft.wheat_seeds":14111,"stat.mineBlock.minecraft.sea_lantern":1,"stat.killEntity.Husk":8,"stat.pickup.minecraft.emerald":111,"stat.pickup.minecraft.lever":28,"stat.deaths":47,"stat.pickup.minecraft.egg":229,"stat.craftItem.minecraft.melon_seeds":4,"stat.craftItem.minecraft.item_frame":108,"stat.craftItem.minecraft.wooden_shovel":4,"stat.pickup.minecraft.clock":21,"stat.craftItem.minecraft.iron_pickaxe":55,"stat.pickup.minecraft.glass_pane":4,"stat.pickup.minecraft.item_frame":101,"stat.craftItem.minecraft.repeater":235,"stat.pickup.minecraft.cooked_mutton":6,"stat.chestOpened":28115,"stat.craftItem.minecraft.mossy_cobblestone":2749,"stat.craftItem.minecraft.sign":135,"stat.pickup.minecraft.iron_sword":9,"stat.killEntity.Vex":1,"stat.craftItem.minecraft.quartz_block":391,"stat.pickup.minecraft.gold_nugget":7,"stat.pickup.minecraft.chorus_flower":451,"stat.drop.minecraft.banner":1,"stat.craftItem.minecraft.coal":7170,"stat.drop.minecraft.dark_oak_stairs":2,"stat.craftItem.minecraft.ender_chest":72,"stat.pickup.minecraft.carrot":1937,"stat.crouchOneCm":1333824,"stat.craftItem.minecraft.diamond":801,"stat.pickup.minecraft.rail":390,"stat.craftItem.minecraft.iron_ingot":20201,"stat.pickup.minecraft.ender_chest":18,"stat.drop.minecraft.slime_ball":2,"stat.craftingTableInteraction":2455,"stat.mineBlock.minecraft.wooden_pressure_plate":2,"stat.pickup.minecraft.repeater":196,"stat.mineBlock.minecraft.log2":5552,"stat.pickup.minecraft.dye":20428,"stat.pickup.minecraft.planks":3052,"stat.drop.minecraft.carpet":3,"stat.mineBlock.minecraft.ender_chest":17,"stat.drop.minecraft.rotten_flesh":104,"stat.pickup.minecraft.magma":71,"stat.drop.minecraft.glass_pane":8,"stat.drop.minecraft.iron_ore":3,"stat.useItem.minecraft.yellow_flower":5,"stat.pickup.minecraft.chicken":24,"stat.pickup.minecraft.end_stone":163,"stat.useItem.minecraft.glass_pane":92,"stat.breakItem.minecraft.stone_shovel":9,"stat.pickup.minecraft.coal_block":56,"stat.craftItem.minecraft.bucket":199,"stat.craftItem.minecraft.planks":30697,"stat.useItem.minecraft.iron_sword":2201,"stat.pickup.minecraft.stone_sword":2,"stat.useItem.minecraft.stonebrick":6846,"stat.pickup.minecraft.book":10,"stat.craftItem.minecraft.wooden_door":12,"stat.mineBlock.minecraft.waterlily":39,"stat.pickup.minecraft.iron_door":2,"stat.craftItem.minecraft.spruce_door":3,"stat.pickup.minecraft.tripwire_hook":5,"stat.pickup.minecraft.bookshelf":50,"stat.mineBlock.minecraft.cobblestone":13874,"stat.mineBlock.minecraft.pumpkin":30,"stat.useItem.minecraft.beacon":8,"stat.pickup.minecraft.stone_pickaxe":1,"stat.pickup.minecraft.flint":818,"stat.craftItem.minecraft.quartz_stairs":36,"stat.pickup.minecraft.leather_chestplate":5,"stat.mineBlock.minecraft.concrete":2,"stat.mineBlock.minecraft.stained_glass_pane":12,"stat.craftItem.minecraft.clock":7,"stat.drop.minecraft.cobblestone":26571,"stat.useItem.minecraft.chorus_flower":300,"stat.pickup.minecraft.cooked_porkchop":74,"stat.breakItem.minecraft.iron_pickaxe":45,"stat.mineBlock.minecraft.dropper":11,"stat.pickup.minecraft.iron_boots":2,"stat.pickup.minecraft.diamond_horse_armor":2,"stat.craftItem.minecraft.furnace":46,"stat.craftItem.minecraft.lapis_block":2151,"stat.drop.minecraft.golden_helmet":1,"stat.craftItem.minecraft.iron_boots":2,"stat.mineBlock.minecraft.clay":543,"stat.pickup.minecraft.diamond_leggings":16,"stat.useItem.minecraft.brick_block":136,"stat.useItem.minecraft.wooden_slab":615,"stat.drop.minecraft.spider_eye":1,"stat.craftItem.minecraft.beacon":2,"stat.useItem.minecraft.iron_door":3,"stat.craftItem.minecraft.iron_block":1840,"stat.craftItem.minecraft.stonebrick":26416,"stat.breakItem.minecraft.diamond_pickaxe":1,"stat.craftItem.minecraft.end_rod":780,"stat.killEntity.Creeper":133,"stat.useItem.minecraft.armor_stand":411,"stat.pickup.minecraft.wooden_sword":7,"stat.entityKilledBy.Skeleton":7,"stat.drop.minecraft.obsidian":3,"achievement.buildSword":20,"stat.pickup.minecraft.birch_stairs":57,"stat.killEntity.Squid":90,"stat.useItem.minecraft.dropper":27,"stat.sprintOneCm":111459899,"stat.useItem.minecraft.diamond_block":508,"stat.mineBlock.minecraft.stone_slab":549,"stat.useItem.minecraft.snowball":15,"stat.entityKilledBy.VindicationIllager":3,"stat.pickup.minecraft.leather_leggings":11,"stat.pickup.minecraft.sugar":2,"stat.pickup.minecraft.vine":2936,"stat.useItem.minecraft.banner":79,"stat.craftItem.minecraft.emerald":12,"stat.pickup.minecraft.iron_block":764,"stat.killEntity.Zombie":1191,"stat.craftItem.minecraft.dye":4734,"stat.craftItem.minecraft.diamond_axe":2,"stat.mineBlock.minecraft.gold_ore":3306,"stat.pickup.minecraft.fire_charge":2,"stat.drop.minecraft.diamond_pickaxe":3,"stat.craftItem.minecraft.slime_ball":9,"stat.pickup.minecraft.wheat":12832,"stat.craftItem.minecraft.sandstone":4,"stat.mineBlock.minecraft.mossy_cobblestone":53,"stat.pickup.minecraft.sign":60,"stat.pickup.minecraft.obsidian":4613,"stat.useItem.minecraft.iron_trapdoor":83,"stat.pickup.minecraft.coal":67994,"stat.pickup.minecraft.iron_ingot":198,"stat.useItem.minecraft.dark_oak_boat":1,"stat.craftItem.minecraft.lever":31,"stat.drop.minecraft.diamond_sword":4,"stat.pickup.minecraft.gunpowder":224,"stat.pickup.minecraft.dirt":12805,"stat.useItem.minecraft.coal_ore":143,"stat.drop.minecraft.iron_shovel":3,"stat.useItem.minecraft.dispenser":48,"stat.mineBlock.minecraft.lapis_ore":1520,"stat.pickup.minecraft.iron_axe":1,"stat.brewingstandInteraction":86,"stat.useItem.minecraft.stone_brick_stairs":749,"stat.mineBlock.minecraft.torch":4804,"stat.pickup.minecraft.written_book":20,"stat.mineBlock.minecraft.red_flower":122,"stat.tradedWithVillager":12,"stat.useItem.minecraft.acacia_door":2,"stat.pickup.minecraft.magma_cream":30,"stat.pickup.minecraft.ender_eye":11,"stat.craftItem.minecraft.comparator":290,"stat.craftItem.minecraft.glowstone":97,"stat.useItem.minecraft.slime":14,"stat.useItem.minecraft.birch_fence":53,"stat.mineBlock.minecraft.fence_gate":5,"stat.pickup.minecraft.rabbit_hide":3,"stat.pickup.minecraft.diamond_axe":11,"stat.useItem.minecraft.snow_layer":221,"stat.mineBlock.minecraft.birch_fence":2,"stat.drop.minecraft.wheat":12,"stat.pickup.minecraft.diamond_pickaxe":29,"stat.useItem.minecraft.pumpkin":9,"stat.useItem.minecraft.lava_bucket":11,"stat.useItem.minecraft.item_frame":84,"stat.useItem.minecraft.stained_hardened_clay":667,"stat.drop.minecraft.egg":17,"stat.useItem.minecraft.redstone_ore":110,"stat.pickup.minecraft.cooked_beef":2091,"stat.useItem.minecraft.concrete":1,"stat.pickup.minecraft.dark_oak_stairs":27,"stat.drop.minecraft.clock":1,"stat.mobKills":57945,"stat.pickup.minecraft.diamond_boots":18,"stat.mineBlock.minecraft.bookshelf":3,"stat.drop.minecraft.written_book":9,"stat.useItem.minecraft.boat":5,"stat.useItem.minecraft.mossy_cobblestone":221,"stat.craftItem.minecraft.lead":32,"stat.pickup.minecraft.diamond":4885,"stat.pickup.minecraft.beetroot_seeds":188,"achievement.bookcase":123,"stat.craftItem.minecraft.nether_brick_stairs":420,"stat.craftItem.minecraft.spruce_stairs":152,"stat.useItem.minecraft.bookshelf":86,"stat.useItem.minecraft.soul_sand":67,"stat.killEntity.Blaze":55,"stat.drop.minecraft.shield":1,"stat.useItem.minecraft.gray_shulker_box":16,"stat.pickup.minecraft.golden_boots":17,"stat.pickup.minecraft.glowstone_dust":466,"stat.mineBlock.minecraft.white_shulker_box":16,"stat.mineBlock.minecraft.red_mushroom":12,"stat.mineBlock.minecraft.stone_brick_stairs":266,"stat.mineBlock.minecraft.nether_brick_fence":31,"stat.drop.minecraft.golden_leggings":3,"stat.craftItem.minecraft.cobblestone_wall":1908,"stat.mineBlock.minecraft.snow_layer":737,"stat.pickup.minecraft.chainmail_chestplate":5,"stat.mineBlock.minecraft.sand":5174,"stat.craftItem.minecraft.slime":153,"stat.useItem.minecraft.fence_gate":12,"stat.hopperInspected":1054,"stat.drop.minecraft.diamond":4,"stat.pickup.minecraft.ghast_tear":1,"stat.craftItem.minecraft.birch_door":6,"stat.pickup.minecraft.armor_stand":232,"stat.trappedChestTriggered":571,"stat.mineBlock.minecraft.gray_shulker_box":16,"stat.craftItem.minecraft.magma_cream":52,"stat.pickup.minecraft.wooden_button":12,"stat.drop.minecraft.purple_shulker_box":1,"stat.mineBlock.minecraft.lapis_block":1,"stat.useItem.minecraft.minecart":2,"stat.drop.minecraft.stained_hardened_clay":6,"stat.killEntity.Horse":2,"stat.pickup.minecraft.stone_stairs":43,"stat.craftItem.minecraft.fence_gate":7,"stat.drop.minecraft.fireworks":14,"stat.mineBlock.minecraft.soul_sand":552,"stat.pickup.minecraft.blaze_rod":102,"stat.craftItem.minecraft.diamond_block":600,"stat.pickup.minecraft.netherrack":15567,"stat.pickup.minecraft.pumpkin":247,"stat.pickup.minecraft.spruce_door":4,"stat.drop.minecraft.hopper":2,"stat.pickup.minecraft.waterlily":35,"stat.craftItem.minecraft.redstone_torch":1923,"stat.useItem.minecraft.packed_ice":205,"stat.mineBlock.minecraft.gold_block":13,"stat.craftItem.minecraft.iron_hoe":2,"stat.drop.minecraft.stone":287,"stat.useItem.minecraft.trapped_chest":640,"stat.pickup.minecraft.melon_seeds":9,"stat.pickup.minecraft.dropper":13,"stat.useItem.minecraft.black_shulker_box":24,"stat.pickup.minecraft.golden_leggings":16,"stat.pickup.minecraft.melon":330,"stat.dropperInspected":89,"stat.useItem.minecraft.golden_rail":81,"stat.drop.minecraft.bone":72,"stat.craftItem.minecraft.wooden_button":67,"stat.useItem.minecraft.furnace":46,"stat.pickup.minecraft.slime":57,"stat.pickup.minecraft.iron_leggings":2,"stat.mineBlock.minecraft.snow":17,"stat.mineBlock.minecraft.gravel":10520,"stat.breakItem.minecraft.stone_axe":3,"stat.mineBlock.minecraft.beacon":6,"stat.useItem.minecraft.wool":325,"stat.useItem.minecraft.torch":34522,"stat.pickup.minecraft.golden_apple":6,"stat.craftItem.minecraft.redstone_block":11174,"stat.craftItem.minecraft.stone_stairs":648,"stat.pickup.minecraft.crafting_table":43,"stat.useItem.minecraft.log":213,"stat.useItem.minecraft.comparator":153,"stat.craftItem.minecraft.crafting_table":38,"stat.craftItem.minecraft.boat":1,"stat.mineBlock.minecraft.emerald_ore":51,"stat.pickup.minecraft.redstone_block":238,"stat.craftItem.minecraft.stone_button":309,"stat.pickup.minecraft.web":11,"stat.pickup.minecraft.sapling":2171,"stat.useItem.minecraft.birch_door":1,"stat.drop.minecraft.bow":9,"stat.pickup.minecraft.beetroot":83,"stat.drop.minecraft.golden_chestplate":1,"stat.useItem.minecraft.wooden_pressure_plate":5,"stat.drop.minecraft.birch_door":3,"stat.craftItem.minecraft.sugar":229,"stat.pickup.minecraft.rabbit":1,"stat.useItem.minecraft.baked_potato":250,"stat.pickup.minecraft.stone_slab":1505,"stat.pickup.minecraft.yellow_flower":58,"stat.pickup.minecraft.golden_rail":210,"stat.useItem.minecraft.fishing_rod":84,"stat.craftItem.minecraft.diamond_chestplate":2,"stat.pickup.minecraft.bone":861,"stat.craftItem.minecraft.sticky_piston":10,"stat.pickup.minecraft.redstone_torch":955,"stat.horseOneCm":482,"stat.useItem.minecraft.log2":16,"stat.mineBlock.minecraft.slime":44,"stat.mineBlock.minecraft.black_shulker_box":23,"stat.mineBlock.minecraft.brown_mushroom":29,"stat.useItem.minecraft.diamond_sword":9432,"stat.craftItem.minecraft.diamond_helmet":3,"stat.climbOneCm":5687479,"stat.useItem.minecraft.end_rod":992,"stat.craftItem.minecraft.gold_block":358,"stat.enderchestOpened":2358,"stat.useItem.minecraft.redstone_torch":889,"stat.pickup.minecraft.golden_helmet":8,"stat.craftItem.minecraft.bone_block":152,"stat.pickup.minecraft.anvil":7,"stat.useItem.minecraft.leaves2":5,"stat.craftItem.minecraft.trapdoor":22,"stat.craftItem.minecraft.stone_pickaxe":2,"stat.pickup.minecraft.cobblestone":315962,"stat.drop.minecraft.rabbit_hide":1,"stat.craftItem.minecraft.glass_bottle":117,"stat.pickup.minecraft.soul_sand":534,"stat.useItem.minecraft.cooked_beef":1984,"stat.pickup.minecraft.cactus":46,"stat.pickup.minecraft.redstone":101175,"stat.craftItem.minecraft.dispenser":49,"stat.mineBlock.minecraft.iron_ore":15361,"stat.craftItem.minecraft.book":664,"stat.craftItem.minecraft.acacia_door":6,"stat.pickup.minecraft.mossy_cobblestone":54,"stat.drop.minecraft.coal":134,"stat.drop.minecraft.dirt":104,"stat.pickup.minecraft.iron_shovel":10,"stat.pickup.minecraft.trapdoor":12,"stat.pickup.minecraft.carpet":76,"stat.pickup.minecraft.diamond_shovel":16,"stat.useItem.minecraft.sea_lantern":1,"stat.craftItem.minecraft.snow_layer":426,"stat.pickup.minecraft.nether_star":2,"stat.pickup.minecraft.paper":42,"stat.craftItem.minecraft.stick":14464,"stat.craftItem.minecraft.stained_hardened_clay":800,"stat.craftItem.minecraft.gold_nugget":288,"stat.pickup.minecraft.grass":2988,"stat.drop.minecraft.leaves":30,"stat.pickup.minecraft.diamond_chestplate":12,"stat.entityKilledBy.Creeper":9,"stat.breakItem.minecraft.shears":26,"stat.pickup.minecraft.blue_shulker_box":21,"stat.mineBlock.minecraft.planks":2079,"stat.drop":910,"stat.killEntity.Sheep":10,"stat.drop.minecraft.redstone_block":64,"stat.pickup.minecraft.golden_chestplate":13,"stat.useItem.minecraft.melon_seeds":6,"stat.craftItem.minecraft.piston":28,"stat.pickup.minecraft.record_strad":1,"stat.useItem.minecraft.quartz_stairs":60,"stat.drop.minecraft.cooked_beef":5,"stat.killEntity.Slime":513,"stat.mineBlock.minecraft.anvil":8,"stat.pickup.minecraft.purple_shulker_box":183,"stat.useItem.minecraft.apple":7,"stat.mineBlock.minecraft.deadbush":99,"stat.useItem.minecraft.carpet":98,"stat.useItem.minecraft.potion":34,"stat.pickup.minecraft.fence":88,"stat.useItem.minecraft.stone_axe":465,"stat.craftItem.minecraft.iron_helmet":2,"stat.craftItem.minecraft.rail":224,"stat.boatOneCm":515211,"stat.craftItem.minecraft.flint_and_steel":3,"stat.mineBlock.minecraft.leaves2":1480,"stat.mineBlock.minecraft.stone_stairs":44,"stat.craftItem.minecraft.iron_bars":48,"stat.mineBlock.minecraft.furnace":29,"stat.drop.minecraft.water_bucket":1,"stat.killEntity.CaveSpider":1552,"stat.craftItem.minecraft.netherbrick":126,"stat.craftItem.minecraft.birch_fence":90,"stat.pickup.minecraft.oak_stairs":50,"stat.pickup.minecraft.stained_glass":721,"stat.damageDealt":369019,"stat.craftItem.minecraft.anvil":137,"stat.mineBlock.minecraft.nether_brick_stairs":60,"stat.pickup.minecraft.end_bricks":1,"stat.useItem.minecraft.crafting_table":69,"stat.craftItem.minecraft.stone_shovel":12,"stat.pickup.minecraft.boat":8,"stat.pickup.minecraft.stick":686,"stat.drop.minecraft.vine":17,"achievement.enchantments":1,"stat.breakItem.minecraft.stone_pickaxe":2,"stat.drop.minecraft.iron_block":30,"stat.craftItem.minecraft.diamond_boots":5,"stat.craftItem.minecraft.writable_book":20,"stat.useItem.minecraft.redstone_block":53,"stat.drop.minecraft.leather_chestplate":1,"stat.useItem.minecraft.spruce_stairs":121,"stat.craftItem.minecraft.redstone":4479,"stat.useItem.minecraft.cactus":1,"stat.pickup.minecraft.chorus_fruit":1374,"stat.killEntity.Chicken":90,"stat.useItem.minecraft.iron_block":902,"stat.mineBlock.minecraft.quartz_ore":995,"stat.pickup.minecraft.concrete_powder":1,"stat.drop.minecraft.filled_map":1,"stat.craftItem.minecraft.fence":129,"stat.mineBlock.minecraft.leaves":7021,"stat.mineBlock.minecraft.piston":11,"stat.mineBlock.minecraft.bone_block":2,"stat.craftItem.minecraft.tripwire_hook":418,"stat.beaconInteraction":17,"stat.pickup.minecraft.wooden_slab":287,"stat.leaveGame":558,"stat.useItem.minecraft.glowstone":37,"stat.craftItem.minecraft.ender_eye":84,"stat.killEntity.PigZombie":6,"stat.craftItem.minecraft.stone_pressure_plate":128,"stat.drop.minecraft.feather":4297,"stat.entityKilledBy.PigZombie":1,"stat.pickup.minecraft.leaves2":607,"stat.pickup.minecraft.brick_block":87,"stat.useItem.minecraft.purpur_stairs":1,"stat.useItem.minecraft.birch_boat":2,"stat.mineBlock.minecraft.wooden_slab":147,"stat.pickup.minecraft.leather_boots":11,"stat.killEntity.Witch":7,"stat.craftItem.minecraft.wooden_pickaxe":8,"stat.craftItem.minecraft.iron_door":3,"stat.useItem.minecraft.iron_shovel":8155,"stat.mineBlock.minecraft.brick_block":40,"stat.craftItem.minecraft.bed":9,"stat.mineBlock.minecraft.vine":7097,"stat.mineBlock.minecraft.hopper":687,"stat.drop.minecraft.gravel":157,"stat.mineBlock.minecraft.rail":132,"stat.killEntity.ZombieVillager":9,"stat.pickup.minecraft.beef":514,"stat.pickup.minecraft.leather_helmet":10,"stat.pickup.minecraft.cauldron":17,"stat.useItem.minecraft.trapdoor":27,"stat.mineBlock.minecraft.stained_hardened_clay":1665,"stat.useItem.minecraft.blue_shulker_box":21,"stat.useItem.minecraft.stained_glass":2149,"achievement.openInventory":15416,"stat.pickup.minecraft.potion":40,"stat.useItem.minecraft.wooden_button":11,"stat.craftItem.minecraft.dropper":110,"stat.useItem.minecraft.dye":1733,"stat.useItem.minecraft.beef":1,"stat.useItem.minecraft.nether_brick":22,"stat.drop.minecraft.torch":3,"stat.mineBlock.minecraft.tallgrass":349,"achievement.potion":78,"stat.useItem.minecraft.stone":13684,"stat.pickup.minecraft.arrow":1801,"stat.pickup.minecraft.wooden_pressure_plate":5,"stat.killEntity.Ghast":1,"stat.useItem.minecraft.ender_chest":30,"stat.useItem.minecraft.white_shulker_box":16,"stat.useItem.minecraft.clay":197,"achievement.killCow":349,"stat.mineBlock.minecraft.chest":563,"stat.pickup.minecraft.painting":35,"stat.mineBlock.minecraft.hardened_clay":1662,"stat.mineBlock.minecraft.concrete_powder":1,"stat.craftItem.minecraft.hopper":760,"stat.pickup.minecraft.gray_shulker_box":17,"stat.pickup.minecraft.nether_brick_fence":95,"stat.pickup.minecraft.yellow_shulker_box":3,"stat.useItem.minecraft.reeds":4,"stat.pickup.minecraft.birch_boat":4,"stat.craftItem.minecraft.wooden_sword":5,"stat.craftItem.minecraft.nether_brick":2298,"stat.craftItem.minecraft.diamond_shovel":6,"stat.pickup.minecraft.wheat_seeds":17662,"stat.mineBlock.minecraft.glass":630,"stat.useItem.minecraft.enchanting_table":1,"stat.mineBlock.minecraft.dirt":14619,"stat.pickup.minecraft.poisonous_potato":5,"stat.drop.minecraft.paper":7,"stat.pickup.minecraft.brewing_stand":2,"stat.useItem.minecraft.bread":4,"stat.useItem.minecraft.cobblestone":118083,"stat.useItem.minecraft.gravel":105,"stat.mineBlock.minecraft.double_plant":38,"stat.minecartOneCm":643962,"stat.mineBlock.minecraft.end_rod":231,"stat.craftItem.minecraft.gold_ingot":3146,"stat.pickup.minecraft.hopper":659,"stat.craftItem.minecraft.brewing_stand":10,"stat.useItem.minecraft.tallgrass":4,"stat.pickup.minecraft.apple":133,"stat.useItem.minecraft.fireworks":45,"stat.pickup.minecraft.banner":46,"achievement.portal":1272,"stat.itemEnchanted":90,"stat.mineBlock.minecraft.log":5309,"stat.useItem.minecraft.wooden_door":11,"achievement.acquireIron":427,"stat.useItem.minecraft.spruce_door":5,"stat.craftItem.minecraft.paper":6186,"stat.pickup.minecraft.red_flower":158,"stat.pickup.minecraft.wool":730,"stat.useItem.minecraft.wooden_axe":77,"stat.craftItem.minecraft.trapped_chest":366,"stat.pickup.minecraft.trapped_chest":370,"stat.cakeSlicesEaten":1,"stat.craftItem.minecraft.diamond_leggings":3,"stat.useItem.minecraft.iron_axe":2639,"stat.mineBlock.minecraft.yellow_flower":32,"stat.useItem.minecraft.skull":7,"stat.craftItem.minecraft.wool":177,"stat.useItem.minecraft.snow":315,"stat.useItem.minecraft.concrete_powder":7,"stat.pickup.minecraft.enchanted_book":17,"achievement.buildWorkBench":41,"stat.pickup.minecraft.writable_book":3,"stat.useItem.minecraft.obsidian":219,"stat.pickup.minecraft.sticky_piston":14,"stat.pickup.minecraft.bow":95,"stat.drop.minecraft.birch_boat":1,"stat.useItem.minecraft.egg":3438,"stat.pickup.minecraft.coal_ore":143,"stat.craftItem.minecraft.cooked_beef":187,"stat.mineBlock.minecraft.obsidian":5099,"stat.pickup.minecraft.shears":4,"stat.craftItem.minecraft.bow":61,"stat.pickup.minecraft.iron_trapdoor":15,"stat.flyOneCm":16670266,"stat.pickup.minecraft.nether_brick_stairs":200,"stat.craftItem.minecraft.stained_glass":1792,"stat.craftItem.minecraft.emerald_block":12,"stat.timeSinceDeath":241926,"stat.craftItem.minecraft.painting":12,"stat.cauldronFilled":29,"stat.craftItem.minecraft.purpur_block":580,"stat.killEntity.Bat":34,"stat.useItem.minecraft.potato":249,"stat.pickup.minecraft.nether_wart":1779,"stat.craftItem.minecraft.concrete_powder":24,"stat.mineBlock.minecraft.coal_ore":32108,"stat.craftItem.minecraft.stone_hoe":15,"stat.talkedToVillager":32,"stat.mineBlock.minecraft.red_mushroom_block":148,"stat.pickup.minecraft.string":504,"stat.mineBlock.minecraft.ladder":102,"stat.useItem.minecraft.written_book":71,"stat.mineBlock.minecraft.chorus_flower":452,"stat.useItem.minecraft.diamond_shovel":22388,"stat.craftItem.minecraft.wooden_axe":9,"stat.pickup.minecraft.bone_block":7,"stat.mineBlock.minecraft.diamond_ore":2349,"stat.pickup.minecraft.fireworks":553,"stat.craftItem.minecraft.wooden_pressure_plate":6,"stat.craftItem.minecraft.speckled_melon":35,"achievement.killEnemy":57019,"stat.useItem.minecraft.wooden_sword":55,"stat.breakItem.minecraft.iron_shovel":5,"stat.useItem.minecraft.ladder":404,"stat.useItem.minecraft.diamond_ore":41,"stat.useItem.minecraft.cyan_shulker_box":5,"stat.pickup.minecraft.snowball":1549,"stat.useItem.minecraft.birch_stairs":87,"stat.diveOneCm":817149,"stat.useItem.minecraft.sticky_piston":21,"stat.craftItem.minecraft.ladder":302,"achievement.buildHoe":28,"stat.mineBlock.minecraft.stone_button":42,"stat.pickup.minecraft.stone_axe":1,"stat.pickup.minecraft.stained_glass_pane":149,"stat.useItem.minecraft.rotten_flesh":2,"stat.drop.minecraft.apple":1,"stat.craftItem.minecraft.diamond_sword":5,"stat.mineBlock.minecraft.blue_shulker_box":21,"stat.useItem.minecraft.sand":148,"stat.jump":83278,"stat.pickup.minecraft.white_shulker_box":16,"stat.craftItem.minecraft.torch":29100,"achievement.makeBread":204,"stat.mineBlock.minecraft.purpur_block":65,"stat.useItem.minecraft.glass":3907,"stat.useItem.minecraft.sapling":1053,"stat.pickup.minecraft.gold_ore":3314,"stat.drop.minecraft.gold_block":64,"achievement.blazeRod":46,"stat.mineBlock.minecraft.glass_pane":14,"stat.damageTaken":58420,"stat.useItem.minecraft.red_shulker_box":20,"stat.useItem.minecraft.end_crystal":1,"stat.mineBlock.minecraft.melon_block":53,"stat.useItem.minecraft.gold_block":98,"stat.mineBlock.minecraft.sapling":31,"stat.pickup.minecraft.log2":5555,"stat.useItem.minecraft.purple_shulker_box":179,"stat.pickup.minecraft.bed":21,"stat.cauldronUsed":12,"stat.pickup.minecraft.concrete":2,"stat.pickup.minecraft.quartz_block":64,"stat.pickup.minecraft.potato":664,"stat.entityKilledBy.Zombie":8,"stat.killEntity.Silverfish":37,"stat.craftItem.minecraft.stone_slab":17284,"stat.animalsBred":5542,"stat.useItem.minecraft.chest":1228,"stat.shulkerBoxOpened":776,"stat.craftItem.minecraft.iron_chestplate":2,"stat.pickup.minecraft.baked_potato":33,"stat.pickup.minecraft.ender_pearl":11023,"stat.breakItem.minecraft.stone_hoe":11,"stat.pickup.minecraft.ladder":169,"stat.useItem.minecraft.netherrack":2198,"stat.craftItem.minecraft.stained_glass_pane":160,"stat.craftItem.minecraft.bookshelf":169,"stat.useItem.minecraft.tripwire_hook":6,"stat.mineBlock.minecraft.stonebrick":2252,"stat.mineBlock.minecraft.glowstone":143,"stat.craftItem.minecraft.shears":94,"stat.useItem.minecraft.cobblestone_wall":62,"stat.pickup.minecraft.iron_horse_armor":2,"stat.useItem.minecraft.writable_book":49,"stat.pickup.minecraft.torch":9016,"stat.drop.minecraft.arrow":1,"stat.drop.minecraft.shears":3,"stat.useItem.minecraft.end_bricks":1,"stat.craftItem.minecraft.iron_axe":17,"stat.mineBlock.minecraft.purple_shulker_box":174,"stat.pickup.minecraft.lapis_block":154,"stat.useItem.minecraft.mutton":3,"stat.useItem.minecraft.planks":6017,"stat.useItem.minecraft.nether_brick_stairs":327,"stat.pickup.minecraft.porkchop":12,"stat.pickup.minecraft.glass":358,"stat.pickup.minecraft.blaze_powder":1,"stat.useItem.minecraft.water_bucket":4091,"stat.pickup.minecraft.sand":5168,"stat.entityKilledBy.Spider":1,"stat.pickup.minecraft.hardened_clay":1732,"stat.pickup.minecraft.name_tag":3,"achievement.diamonds":3335,"stat.pickup.minecraft.activator_rail":3,"stat.aviateOneCm":510795134,"stat.useItem.minecraft.ender_pearl":68,"achievement.buildBetterPickaxe":84,"stat.craftItem.minecraft.blaze_powder":206,"achievement.breedCow":5480,"stat.useItem.minecraft.oak_stairs":98,"stat.mineBlock.minecraft.dark_oak_stairs":25,"stat.useItem.minecraft.dark_oak_stairs":115,"stat.mineBlock.minecraft.birch_stairs":57,"stat.pickup.minecraft.fence_gate":5,"stat.pickup.minecraft.filled_map":1,"stat.pickup.minecraft.furnace":26,"stat.useItem.minecraft.redstone":1072,"achievement.overkill":38,"stat.mineBlock.minecraft.end_bricks":1,"achievement.mineWood":9836,"stat.pickup.minecraft.iron_chestplate":3,"stat.pickup.minecraft.end_rod":442,"stat.useItem.minecraft.stone_stairs":382,"stat.pickup.minecraft.skull":6,"stat.pickup.minecraft.acacia_door":2,"stat.mineBlock.minecraft.red_shulker_box":20,"stat.useItem.minecraft.hopper":1221,"stat.mineBlock.minecraft.oak_stairs":48,"stat.playOneMinute":49358113,"stat.drop.minecraft.string":8,"stat.pickup.minecraft.diamond_block":93,"stat.useItem.minecraft.shears":8962,"stat.mineBlock.minecraft.brown_mushroom_block":189,"stat.pickup.minecraft.beacon":6,"stat.pickup.minecraft.iron_bars":16,"stat.pickup.minecraft.dispenser":8,"stat.craftItem.minecraft.pumpkin_pie":192,"stat.craftItem.minecraft.carpet":96,"stat.mineBlock.minecraft.netherrack":17298,"stat.mineBlock.minecraft.dispenser":6,"stat.craftItem.minecraft.dark_oak_stairs":104,"stat.drop.minecraft.flint":8,"stat.craftItem.minecraft.golden_rail":150,"stat.pickup.minecraft.cooked_chicken":1939,"stat.fallOneCm":710405,"stat.drop.minecraft.dye":116,"stat.craftItem.minecraft.chest":1911,"stat.useItem.minecraft.nether_brick_fence":46,"stat.craftItem.minecraft.banner":129,"stat.mineBlock.minecraft.lever":11,"stat.pickup.minecraft.red_mushroom":47,"stat.useItem.minecraft.iron_hoe":113,"stat.pickup.minecraft.comparator":84,"stat.pickup.minecraft.feather":901,"stat.pickup.minecraft.record_cat":2,"stat.useItem.minecraft.yellow_shulker_box":2,"stat.pickup.minecraft.lead":4,"stat.useItem.minecraft.stone_pickaxe":266,"stat.craftItem.minecraft.birch_stairs":76,"stat.craftItem.minecraft.iron_leggings":2,"stat.killEntity.Rabbit":4,"stat.craftItem.minecraft.oak_stairs":152,"stat.pickup.minecraft.redstone_ore":110,"stat.pickup.minecraft.chainmail_boots":5,"stat.useItem.minecraft.iron_bars":40,"stat.pickup.minecraft.record_13":1,"stat.mineBlock.minecraft.monster_egg":55,"stat.mineBlock.minecraft.quartz_stairs":24,"stat.useItem.minecraft.bone_block":36,"stat.drop.minecraft.stone_brick_stairs":2,"stat.killEntity.LavaSlime":110,"stat.pickup.minecraft.log":5833,"achievement.theEnd2":1,"stat.mineBlock.minecraft.golden_rail":81,"stat.pickup.minecraft.tallgrass":4,"stat.pickup.minecraft.chainmail_leggings":2,"stat.pickup.minecraft.wooden_door":2,"stat.entityKilledBy.Enderman":2,"stat.mineBlock.minecraft.iron_block":341,"stat.mineBlock.minecraft.tripwire_hook":1,"stat.craftItem.minecraft.snow":781,"stat.pickup.minecraft.diamond_helmet":16,"stat.craftItem.minecraft.cooked_chicken":81,"stat.useItem.minecraft.stone_hoe":1596,"stat.useItem.minecraft.beetroot_seeds":84,"stat.sneakTime":687799,"stat.mineBlock.minecraft.cobblestone_wall":18,"stat.mineBlock.minecraft.yellow_shulker_box":3,"stat.useItem.minecraft.brewing_stand":11,"stat.pickup.minecraft.chest":727,"stat.craftItem.minecraft.enchanting_table":1,"stat.useItem.minecraft.lapis_block":12,"stat.drop.minecraft.beetroot":1,"stat.useItem.minecraft.repeater":203,"stat.craftItem.minecraft.stone_brick_stairs":1028,"stat.craftItem.minecraft.iron_trapdoor":69,"stat.swimOneCm":3067488,"stat.mineBlock.minecraft.diamond_block":3,"stat.mineBlock.minecraft.spruce_stairs":47,"stat.useItem.minecraft.dirt":4465,"stat.pickup.minecraft.purpur_block":315,"achievement.exploreAllBiomes":{"value":0,"progress":["Cold Taiga","Sunflower Plains","Cold Taiga Hills","Birch Forest","Roofed Forest","Redwood Taiga Hills M","The End","Extreme Hills+ M","Beach","FrozenRiver","Mesa Plateau","Mega Taiga Hills","Extreme Hills+","Savanna Plateau M","Cold Beach","Ocean","River","JungleEdge","Taiga","Mega Taiga","Swampland","Ice Mountains","Birch Forest Hills","Savanna Plateau","Mesa Plateau F","Mesa","ForestHills","Flower Forest","Plains","Mega Spruce Taiga","TaigaHills","DesertHills","Stone Beach","Jungle","Ice Plains","Forest","Birch Forest Hills M","JungleHills","Desert","Extreme Hills","Savanna M","Mesa (Bryce)","Deep Ocean","Savanna","Hell","Swampland M"]},"stat.craftItem.minecraft.melon_block":15,"stat.drop.minecraft.ender_pearl":373,"stat.mineBlock.minecraft.magma":14,"stat.pickup.minecraft.quartz_stairs":24,"stat.mineBlock.minecraft.carpet":17,"stat.pickup.minecraft.gold_block":77,"stat.mineBlock.minecraft.redstone_block":24,"stat.useItem.minecraft.stone_shovel":1314,"stat.pickup.minecraft.clay":304,"stat.pickup.minecraft.glass_bottle":2,"stat.drop.minecraft.wheat_seeds":821,"stat.craftItem.minecraft.wooden_slab":684,"stat.useItem.minecraft.sign":148,"stat.pickup.minecraft.mutton":11,"achievement.theEnd":37,"stat.useItem.minecraft.lever":18,"stat.pickup.minecraft.wooden_axe":1,"stat.pickup.minecraft.stonebrick":2619,"stat.mineBlock.minecraft.nether_brick":35,"stat.craftItem.minecraft.nether_brick_fence":438,"stat.craftItem.minecraft.brick_block":161,"stat.drop.minecraft.anvil":1,"stat.drop.minecraft.potion":2,"stat.useItem.minecraft.stone_slab":5430,"stat.useItem.minecraft.bed":29,"stat.craftItem.minecraft.stone":39327,"stat.craftItem.minecraft.armor_stand":401,"stat.mineBlock.minecraft.crafting_table":44,"stat.useItem.minecraft.diamond_pickaxe":478106,"stat.mineBlock.minecraft.quartz_block":30,"stat.useItem.minecraft.carrot":1638,"stat.killEntity.Endermite":2,"stat.useItem.minecraft.bucket":4697,"achievement.buildFurnace":71,"stat.pickup.minecraft.stone_button":48,"stat.pickup.minecraft.slime_ball":712,"stat.useItem.minecraft.purpur_block":119,"stat.mineBlock.minecraft.cyan_shulker_box":6,"stat.craftItem.minecraft.diamond_pickaxe":7,"stat.pickup.minecraft.gravel":11492,"stat.useItem.minecraft.glass_bottle":95,"stat.useItem.minecraft.diamond_axe":16975,"stat.pickup.minecraft.purpur_stairs":1,"stat.breakItem.minecraft.wooden_axe":1,"stat.pickup.minecraft.red_shulker_box":20,"stat.useItem.minecraft.stained_glass_pane":34,"stat.pickup.minecraft.stone_brick_stairs":256,"stat.pickup.minecraft.diamond_sword":22,"stat.pickup.minecraft.brick":30,"stat.useItem.minecraft.wooden_hoe":15,"stat.pickup.minecraft.iron_helmet":4,"stat.pickup.minecraft.black_shulker_box":23,"stat.useItem.minecraft.piston":17,"stat.craftItem.minecraft.bread":204,"stat.pickup.minecraft.spider_eye":208,"stat.useItem.minecraft.stone_button":245,"stat.pickup.minecraft.diamond_ore":41,"stat.useItem.minecraft.cooked_chicken":1175,"stat.craftItem.minecraft.end_crystal":2,"stat.pickup.minecraft.iron_ore":15334,"stat.pickup.minecraft.snow":89,"stat.mineBlock.minecraft.iron_bars":16,"stat.pickup.minecraft.leaves":1356,"stat.pickup.minecraft.leather":1284,"stat.useItem.minecraft.wooden_pickaxe":59,"stat.dispenserInspected":143,"stat.pickup.minecraft.reeds":347,"stat.pickup.minecraft.prismarine_crystals":4,"stat.useItem.minecraft.magma":189,"stat.craftItem.minecraft.glass":1701,"stat.drop.minecraft.cooked_chicken":5,"stat.craftItem.minecraft.cauldron":18,"stat.sleepInBed":470,"stat.craftItem.minecraft.baked_potato":314,"stat.killEntity.Cow":479,"stat.pickup.minecraft.minecart":6,"stat.killEntity.Pig":23,"stat.craftItem.minecraft.iron_sword":7,"stat.pickup.minecraft.piston":13,"stat.breakItem.minecraft.fishing_rod":1,"stat.walkOneCm":136484464,"stat.pickup.minecraft.clay_ball":1011,"stat.mineBlock.minecraft.trapped_chest":371,"stat.drop.minecraft.diamond_axe":1,"stat.drop.minecraft.iron_chestplate":1,"stat.pickup.minecraft.stone":73767,"stat.mineBlock.minecraft.wool":14,"stat.mineBlock.minecraft.packed_ice":3,"stat.useItem.minecraft.leaves":574,"stat.craftItem.minecraft.minecart":1,"stat.pickup.minecraft.gold_ingot":1,"stat.killEntity.Skeleton":1488,"stat.mineBlock.minecraft.cactus":11,"stat.drop.minecraft.chainmail_boots":1,"stat.mineBlock.minecraft.redstone_torch":741,"stat.killEntity.Spider":60,"stat.pickup.minecraft.bread":1,"stat.pickup.minecraft.quartz":1259,"stat.pickup.minecraft.birch_fence":2,"stat.breakItem.minecraft.iron_axe":4,"stat.pickup.minecraft.water_bucket":24,"stat.pickup.minecraft.spruce_stairs":165,"stat.mineBlock.minecraft.redstone_ore":17328,"stat.pickup.minecraft.lava_bucket":3,"stat.pickup.minecraft.elytra":16,"stat.craftItem.minecraft.coal_block":6839,"stat.craftItem.minecraft.brick":8,"stat.mineBlock.minecraft.stone":368004,"stat.breakItem.minecraft.wooden_pickaxe":1}