[{"name":"joehillssays","amount":8204},{"name":"Tinfoilchef","amount":5542},{"name":"GoodTimeWithScar","amount":1161},{"name":"impulseSV","amount":1063},{"name":"falsesymmetry","amount":1051},{"name":"iskall85","amount":766},{"name":"Tango","amount":731},{"name":"Docm77","amount":666},{"name":"Renthedog","amount":514},{"name":"Xisuma","amount":334},{"name":"Etho","amount":184},{"name":"cubfan135","amount":140},{"name":"ZombieCleo","amount":118},{"name":"MumboJumbo","amount":114},{"name":"PythonGB","amount":81},{"name":"Welsknight","amount":36},{"name":"iJevin","amount":32},{"name":"VintageBeef","amount":5},{"name":"Biffa2001","amount":1}]