[{"name":"GoodTimeWithScar","amount":242594681},{"name":"cubfan135","amount":227942077},{"name":"Renthedog","amount":219170518},{"name":"Xisuma","amount":195544668},{"name":"Tango","amount":188063026},{"name":"iskall85","amount":156004710},{"name":"Tinfoilchef","amount":136484464},{"name":"falsesymmetry","amount":133997922},{"name":"impulseSV","amount":110093921},{"name":"MumboJumbo","amount":85836014},{"name":"joehillssays","amount":81975521},{"name":"Welsknight","amount":69703637},{"name":"iJevin","amount":51097467},{"name":"ZombieCleo","amount":32043561},{"name":"VintageBeef","amount":30929847},{"name":"PythonGB","amount":29770467},{"name":"Etho","amount":28953284},{"name":"Docm77","amount":27695303},{"name":"Biffa2001","amount":14077820},{"name":"zueljin","amount":5648916},{"name":"Mumbo","amount":5257237},{"name":"xBCrafted","amount":4807112},{"name":"Jessassin","amount":3796809},{"name":"hypnotizd","amount":619461},{"name":"xisumavoid","amount":484318},{"name":"WellsGlazes","amount":256901},{"name":"monkeyfarm","amount":53325},{"name":"EvilXisuma","amount":24222},{"name":"Biffa001","amount":15857},{"name":"truesymmetry","amount":6263},{"name":"WelsCam","amount":3199},{"name":"Lechaion","amount":1112},{"name":"PuddleduckGG","amount":208},{"name":"WFRTNews","amount":134}]