{"stats":{"minecraft:killed_by":{"minecraft:player":20},"minecraft:custom":{"minecraft:interact_with_anvil":4,"minecraft:mob_kills":58,"minecraft:interact_with_crafting_table":11,"minecraft:open_barrel":46,"minecraft:open_shulker_box":32,"minecraft:leave_game":63,"minecraft:time_since_death":298094,"minecraft:climb_one_cm":49658,"minecraft:sprint_one_cm":1217440,"minecraft:walk_one_cm":1256827,"minecraft:drop":175,"minecraft:talked_to_villager":5,"minecraft:strider_one_cm":70477,"minecraft:play_time":863181,"minecraft:sneak_time":94664,"minecraft:deaths":20,"minecraft:walk_under_water_one_cm":17988,"minecraft:boat_one_cm":16331,"minecraft:interact_with_lectern":3,"minecraft:jump":2225,"minecraft:walk_on_water_one_cm":4722,"minecraft:total_world_time":863181,"minecraft:traded_with_villager":25,"minecraft:interact_with_stonecutter":30,"minecraft:sleep_in_bed":13,"minecraft:time_since_rest":206095,"minecraft:open_enderchest":12,"minecraft:damage_taken":7163,"minecraft:damage_dealt":1745,"minecraft:swim_one_cm":431,"minecraft:fly_one_cm":133459,"minecraft:open_chest":276,"minecraft:crouch_one_cm":311672,"minecraft:aviate_one_cm":1503821,"minecraft:fall_one_cm":60107},"minecraft:dropped":{"minecraft:crimson_stem":229,"minecraft:glow_ink_sac":256,"minecraft:polished_blackstone":4,"minecraft:diamond":20,"minecraft:diamond_leggings":1,"minecraft:warped_fungus_on_a_stick":1,"minecraft:lead":9,"minecraft:deepslate_tile_slab":11,"minecraft:grass_block":1,"minecraft:polished_blackstone_stairs":4,"minecraft:deepslate_tile_stairs":3,"minecraft:red_bed":1,"minecraft:cracked_deepslate_tiles":24,"minecraft:polished_blackstone_slab":25,"minecraft:paper":10,"minecraft:string":9,"minecraft:polished_deepslate":6,"minecraft:blackstone":5,"minecraft:player_head":13,"minecraft:iron_nugget":870,"minecraft:deepslate_brick_slab":2,"minecraft:name_tag":6,"minecraft:diamond_sword":1,"minecraft:diamond_chestplate":1,"minecraft:diamond_pickaxe":3,"minecraft:chest":17,"minecraft:bamboo":4,"minecraft:diamond_boots":1,"minecraft:bow":1,"minecraft:arrow":64,"minecraft:magma_cream":1,"minecraft:scaffolding":54},"minecraft:picked_up":{"minecraft:crafting_table":2,"minecraft:redstone_block":12,"minecraft:ender_chest":6,"minecraft:nether_brick_fence":2,"minecraft:redstone_lamp":1,"minecraft:stone_slab":1,"minecraft:lead":36,"minecraft:diamond_sword":1,"minecraft:crimson_trapdoor":1,"minecraft:dragon_head":1,"minecraft:shield":1,"minecraft:polished_deepslate":14,"minecraft:polished_blackstone_brick_stairs":1,"minecraft:string":9,"minecraft:red_bed":9,"minecraft:moss_carpet":3,"minecraft:red_nether_bricks":3,"minecraft:blackstone":50,"minecraft:deepslate_tiles":13,"minecraft:cobbled_deepslate":82,"minecraft:spruce_planks":2,"minecraft:cobblestone_slab":3,"minecraft:player_head":22,"minecraft:iron_nugget":725,"minecraft:chest":27,"minecraft:egg":1,"minecraft:black_stained_glass":13,"minecraft:polished_blackstone_brick_slab":1,"minecraft:polished_deepslate_slab":4,"minecraft:stone":13,"minecraft:polished_deepslate_stairs":5,"minecraft:torch":1,"minecraft:polished_blackstone_bricks":27,"minecraft:white_dye":3,"minecraft:lightning_rod":1,"minecraft:carrot":153,"minecraft:deepslate_tile_stairs":9,"minecraft:arrow":64,"minecraft:deepslate_bricks":13,"minecraft:cracked_deepslate_bricks":16,"minecraft:cyan_terracotta":5,"minecraft:glowstone":4,"minecraft:iron_bars":24,"minecraft:cod":64,"minecraft:cobblestone":101,"minecraft:cracked_deepslate_tiles":24,"minecraft:basalt":73,"minecraft:crimson_stem":244,"minecraft:magma_cream":10,"minecraft:warped_fungus_on_a_stick":1,"minecraft:potato":8,"minecraft:cobbled_deepslate_stairs":2,"minecraft:cobblestone_wall":1,"minecraft:gray_concrete":113,"minecraft:deepslate_tile_slab":44,"minecraft:cut_sandstone_slab":1,"minecraft:dirt":15,"minecraft:paper":64,"minecraft:lantern":3,"minecraft:name_tag":14,"minecraft:chipped_anvil":1,"minecraft:stonecutter":11,"minecraft:bow":1,"minecraft:wheat_seeds":1,"minecraft:cobbled_deepslate_wall":2,"minecraft:deepslate_brick_slab":2,"minecraft:warped_stem":1,"minecraft:cobbled_deepslate_slab":4,"minecraft:bamboo":4,"minecraft:moss_block":32,"minecraft:scaffolding":222,"minecraft:light_gray_stained_glass":18,"minecraft:birch_boat":1,"minecraft:pumpkin":5,"minecraft:red_wool":2,"minecraft:gray_stained_glass":11,"minecraft:polished_blackstone_slab":26,"minecraft:grass_block":52,"minecraft:shulker_box":5,"minecraft:light_gray_concrete":48,"minecraft:red_stained_glass":11,"minecraft:diamond":57,"minecraft:deepslate":10,"minecraft:black_concrete":8,"minecraft:polished_blackstone_button":1,"minecraft:birch_sign":2,"minecraft:netherrack":16,"minecraft:red_concrete":146,"minecraft:ender_pearl":16,"minecraft:diamond_pickaxe":3},"minecraft:crafted":{"minecraft:golden_carrot":63,"minecraft:polished_deepslate_wall":16,"minecraft:crimson_trapdoor":16,"minecraft:scaffolding":60,"minecraft:diamond_helmet":1,"minecraft:diamond_leggings":1,"minecraft:iron_boots":1,"minecraft:polished_deepslate":458,"minecraft:cobblestone_wall":6,"minecraft:chest":2,"minecraft:diamond_boots":1,"minecraft:deepslate_tile_wall":6,"minecraft:crimson_planks":80,"minecraft:crafting_table":1,"minecraft:spruce_planks":92,"minecraft:spruce_door":6,"minecraft:deepslate_tiles":108,"minecraft:polished_deepslate_slab":14,"minecraft:air":0,"minecraft:polished_blackstone_brick_wall":8,"minecraft:crimson_stairs":20,"minecraft:spruce_trapdoor":16,"minecraft:iron_ingot":18,"minecraft:deepslate_tile_stairs":7,"minecraft:polished_blackstone_brick_stairs":8,"minecraft:deepslate_bricks":288,"minecraft:diamond_chestplate":1},"minecraft:killed":{"minecraft:magma_cube":56,"minecraft:villager":2},"minecraft:mined":{"minecraft:deepslate_tiles":13,"minecraft:spruce_planks":2,"minecraft:cut_sandstone_slab":1,"minecraft:cobbled_deepslate_stairs":2,"minecraft:red_stained_glass":11,"minecraft:red_nether_bricks":3,"minecraft:shulker_box":4,"minecraft:cobbled_deepslate_slab":4,"minecraft:crimson_trapdoor":1,"minecraft:grass_block":60,"minecraft:jungle_planks":1,"minecraft:deepslate_bricks":14,"minecraft:polished_blackstone_brick_slab":1,"minecraft:deepslate_tile_stairs":6,"minecraft:moss_block":32,"minecraft:polished_blackstone_bricks":2,"minecraft:glowstone":4,"minecraft:carrots":45,"minecraft:cobbled_deepslate":17,"minecraft:fire":80,"minecraft:black_concrete":8,"minecraft:moss_carpet":3,"minecraft:nether_brick_fence":2,"minecraft:polished_deepslate":16,"minecraft:potatoes":2,"minecraft:polished_deepslate_slab":3,"minecraft:cobblestone_slab":3,"minecraft:iron_bars":3,"minecraft:lantern":3,"minecraft:warped_stem":1,"minecraft:light_gray_concrete":48,"minecraft:birch_wall_sign":1,"minecraft:stone":12,"minecraft:ender_chest":6,"minecraft:scaffolding":76,"minecraft:redstone_block":12,"minecraft:gray_concrete":117,"minecraft:red_wool":3,"minecraft:cyan_terracotta":5,"minecraft:red_bed":9,"minecraft:blackstone":11,"minecraft:polished_deepslate_stairs":5,"minecraft:deepslate_tile_slab":33,"minecraft:basalt":6,"minecraft:cobbled_deepslate_wall":2,"minecraft:crafting_table":2,"minecraft:gray_stained_glass":11,"minecraft:chest":3,"minecraft:stone_slab":1,"minecraft:lightning_rod":1,"minecraft:cobblestone":33,"minecraft:red_concrete":146,"minecraft:polished_blackstone_brick_stairs":2,"minecraft:cracked_deepslate_bricks":16,"minecraft:wall_torch":1,"minecraft:black_stained_glass":13,"minecraft:cobblestone_wall":1,"minecraft:polished_blackstone_slab":1,"minecraft:light_gray_stained_glass":18,"minecraft:grass":1,"minecraft:dirt":7,"minecraft:birch_sign":1,"minecraft:stonecutter":11,"minecraft:netherrack":15,"minecraft:chipped_anvil":1,"minecraft:deepslate":10,"minecraft:redstone_lamp":1},"minecraft:used":{"minecraft:oak_fence":5,"minecraft:moss_block":81,"minecraft:moss_carpet":27,"minecraft:polished_blackstone_brick_slab":1,"minecraft:nether_brick_fence":43,"minecraft:iron_bars":55,"minecraft:polished_deepslate":213,"minecraft:cracked_deepslate_bricks":197,"minecraft:red_concrete":109,"minecraft:spruce_planks":12,"minecraft:chest":11,"minecraft:ender_chest":6,"minecraft:stone":143,"minecraft:player_head":2,"minecraft:netherrack":2,"minecraft:torch":9,"minecraft:dirt":2,"minecraft:deepslate_tile_slab":58,"minecraft:carrot":44,"minecraft:jungle_planks":97,"minecraft:cracked_deepslate_tiles":32,"minecraft:cobblestone_wall":2,"minecraft:shulker_box":4,"minecraft:tuff":27,"minecraft:polished_deepslate_stairs":43,"minecraft:polished_blackstone_slab":1,"minecraft:cyan_terracotta":281,"minecraft:light_gray_stained_glass":432,"minecraft:grass_block":114,"minecraft:red_wool":72,"minecraft:lantern":2,"minecraft:polished_deepslate_wall":26,"minecraft:polished_blackstone_brick_wall":8,"minecraft:gray_concrete_powder":112,"minecraft:polished_blackstone_brick_stairs":18,"minecraft:glowstone":14,"minecraft:golden_carrot":34,"minecraft:redstone_lamp":9,"minecraft:bow":6,"minecraft:black_stained_glass":267,"minecraft:scaffolding":158,"minecraft:deepslate_tile_stairs":34,"minecraft:egg":1,"minecraft:potato":7,"minecraft:dragon_head":1,"minecraft:cobbled_deepslate":278,"minecraft:cobbled_deepslate_wall":65,"minecraft:crimson_stem":33,"minecraft:water_bucket":2,"minecraft:warped_stem":107,"minecraft:spruce_door":2,"minecraft:red_stained_glass":185,"minecraft:lead":1,"minecraft:stone_pickaxe":47,"minecraft:baked_potato":1,"minecraft:red_nether_bricks":99,"minecraft:ender_pearl":3,"minecraft:blackstone":6,"minecraft:birch_boat":1,"minecraft:diamond_axe":12,"minecraft:redstone_block":64,"minecraft:cobblestone_slab":11,"minecraft:white_dye":3,"minecraft:stonecutter":10,"minecraft:deepslate_bricks":211,"minecraft:polished_blackstone_bricks":15,"minecraft:polished_deepslate_slab":28,"minecraft:crimson_trapdoor":16,"minecraft:crafting_table":2,"minecraft:red_bed":7,"minecraft:cut_sandstone_slab":1,"minecraft:birch_sign":2,"minecraft:gray_concrete":100,"minecraft:light_gray_concrete_powder":51,"minecraft:cod":23,"minecraft:black_concrete_powder":8,"minecraft:cobbled_deepslate_stairs":13,"minecraft:lightning_rod":3,"minecraft:deepslate_tile_wall":24,"minecraft:deepslate_tiles":159,"minecraft:black_wool":5,"minecraft:black_concrete":8,"minecraft:diamond_pickaxe":619,"minecraft:firework_rocket":29,"minecraft:diamond_shovel":92,"minecraft:light_gray_concrete":31,"minecraft:stone_slab":3,"minecraft:spruce_trapdoor":2,"minecraft:deepslate":71,"minecraft:soul_lantern":10,"minecraft:stone_axe":41,"minecraft:diamond_sword":21,"minecraft:cobblestone":120,"minecraft:potion":2,"minecraft:cobbled_deepslate_slab":42,"minecraft:red_concrete_powder":144,"minecraft:crimson_stairs":20,"minecraft:andesite":20,"minecraft:deepslate_coal_ore":1,"minecraft:bucket":2,"minecraft:chain":31,"minecraft:gray_stained_glass":151,"minecraft:experience_bottle":1}},"DataVersion":2730}