{"stats":{"minecraft:killed_by":{"minecraft:magma_cube":1,"minecraft:zombie":2,"minecraft:zombified_piglin":2,"minecraft:drowned":1,"minecraft:creeper":5,"minecraft:player":5,"minecraft:enderman":1,"minecraft:iron_golem":1},"minecraft:broken":{"minecraft:shears":12,"minecraft:stone_hoe":4,"minecraft:iron_pickaxe":8,"minecraft:iron_shovel":4,"minecraft:stone_pickaxe":2,"minecraft:stone_axe":2,"minecraft:stone_shovel":2,"minecraft:iron_axe":12,"minecraft:flint_and_steel":5},"minecraft:custom":{"minecraft:interact_with_crafting_table":2523,"minecraft:damage_blocked_by_shield":5355,"minecraft:play_time":76759072,"minecraft:deaths":24,"minecraft:jump":160897,"minecraft:interact_with_cartography_table":61,"minecraft:interact_with_smoker":3,"minecraft:inspect_dispenser":514,"minecraft:horse_one_cm":2052872,"minecraft:inspect_dropper":409,"minecraft:interact_with_anvil":422,"minecraft:inspect_hopper":1271,"minecraft:tune_noteblock":533,"minecraft:time_since_rest":240788,"minecraft:swim_one_cm":851791,"minecraft:open_chest":11412,"minecraft:open_shulker_box":22832,"minecraft:damage_resisted":351,"minecraft:play_noteblock":77,"minecraft:talked_to_villager":5536,"minecraft:interact_with_brewingstand":147,"minecraft:interact_with_beacon":85,"minecraft:fill_cauldron":6,"minecraft:boat_one_cm":4827461,"minecraft:damage_taken":127352,"minecraft:aviate_one_cm":101807391,"minecraft:open_barrel":4301,"minecraft:bell_ring":3,"minecraft:leave_game":1435,"minecraft:time_since_death":1137724,"minecraft:enchant_item":27,"minecraft:interact_with_furnace":1514,"minecraft:traded_with_villager":33241,"minecraft:sleep_in_bed":861,"minecraft:damage_dealt":28658755,"minecraft:use_cauldron":1,"minecraft:interact_with_smithing_table":4,"minecraft:sneak_time":2184272,"minecraft:interact_with_lectern":101,"minecraft:total_world_time":76759072,"minecraft:interact_with_stonecutter":689,"minecraft:fly_one_cm":14671988,"minecraft:fall_one_cm":3877488,"minecraft:animals_bred":471,"minecraft:sprint_one_cm":61835974,"minecraft:drop":4658,"minecraft:walk_on_water_one_cm":2996568,"minecraft:interact_with_loom":9,"minecraft:open_enderchest":5588,"minecraft:player_kills":21,"minecraft:crouch_one_cm":6745829,"minecraft:mob_kills":256448,"minecraft:climb_one_cm":3759269,"minecraft:walk_one_cm":87765876,"minecraft:clean_shulker_box":11,"minecraft:walk_under_water_one_cm":4256143,"minecraft:pot_flower":20,"minecraft:interact_with_grindstone":58,"minecraft:damage_absorbed":43,"minecraft:trigger_trapped_chest":8,"minecraft:minecart_one_cm":386219},"minecraft:used":{"minecraft:moss_block":966,"minecraft:writable_book":73,"minecraft:polished_granite_stairs":63,"minecraft:chiseled_deepslate":43,"minecraft:dispenser":337,"minecraft:poppy":1,"minecraft:black_carpet":11,"minecraft:stone":24472,"minecraft:quartz_stairs":49,"minecraft:warped_sign":50,"minecraft:rotten_flesh":4,"minecraft:tube_coral":1,"minecraft:chiseled_red_sandstone":1,"minecraft:soul_sand":881,"minecraft:weathered_copper":7,"minecraft:cocoa_beans":382,"minecraft:lily_of_the_valley":8,"minecraft:cut_copper":185,"minecraft:cracked_deepslate_tiles":943,"minecraft:deepslate_brick_slab":347,"minecraft:snowball":16,"minecraft:azure_bluet":10,"minecraft:weeping_vines":23,"minecraft:spruce_boat":45,"minecraft:polished_blackstone_slab":875,"minecraft:jungle_sapling":24,"minecraft:packed_ice":403,"minecraft:lava_bucket":124,"minecraft:red_wool":42,"minecraft:quartz_block":91,"minecraft:dark_oak_slab":220,"minecraft:diorite_wall":50,"minecraft:bow":1053,"minecraft:cooked_cod":15,"minecraft:oak_sapling":466,"minecraft:acacia_fence":129,"minecraft:green_stained_glass_pane":2,"minecraft:dark_prismarine_stairs":467,"minecraft:deepslate_brick_wall":18,"minecraft:damaged_anvil":32,"minecraft:prismarine":372,"minecraft:blackstone":141,"minecraft:cactus":31,"minecraft:wooden_pickaxe":6,"minecraft:composter":136,"minecraft:jungle_boat":5,"minecraft:glow_berries":119,"minecraft:golden_apple":1,"minecraft:cut_sandstone_slab":2448,"minecraft:blast_furnace":16,"minecraft:purple_terracotta":19,"minecraft:gray_concrete":175,"minecraft:purple_concrete_powder":48,"minecraft:deepslate_brick_stairs":382,"minecraft:birch_fence":56,"minecraft:gray_stained_glass_pane":13,"minecraft:birch_slab":89,"minecraft:cut_red_sandstone":69,"minecraft:flowering_azalea_leaves":82,"minecraft:nether_wart_block":265,"minecraft:diamond_sword":426549,"minecraft:coal_block":111,"minecraft:smithing_table":7,"minecraft:birch_log":144,"minecraft:oak_boat":120,"minecraft:purple_wool":49,"minecraft:diorite_slab":12,"minecraft:diorite_stairs":9,"minecraft:oak_trapdoor":449,"minecraft:polished_blackstone_brick_slab":596,"minecraft:enchanting_table":6,"minecraft:dead_bush":71,"minecraft:carved_pumpkin":2,"minecraft:armor_stand":18,"minecraft:tinted_glass":1386,"minecraft:light_gray_carpet":50,"minecraft:polished_blackstone_wall":10,"minecraft:cooked_salmon":16,"minecraft:torch":6501,"minecraft:brewing_stand":34,"minecraft:nether_quartz_ore":246,"minecraft:oak_fence_gate":44,"minecraft:fern":63,"minecraft:mossy_cobblestone_stairs":6,"minecraft:sea_lantern":38,"minecraft:chipped_anvil":9,"minecraft:iron_block":4482,"minecraft:filled_map":41,"minecraft:polished_deepslate_wall":344,"minecraft:jungle_log":275,"minecraft:barrel":386,"minecraft:bamboo":161,"minecraft:basalt":3482,"minecraft:warped_stairs":749,"minecraft:magenta_terracotta":5,"minecraft:podzol":762,"minecraft:acacia_planks":241,"minecraft:horn_coral_fan":1,"minecraft:deepslate_emerald_ore":1,"minecraft:calcite":2411,"minecraft:wheat_seeds":10185,"minecraft:warped_stem":163,"minecraft:light_blue_shulker_box":1,"minecraft:birch_planks":182,"minecraft:lead":1,"minecraft:cauldron":14,"minecraft:spruce_fence_gate":47,"minecraft:leather_boots":2,"minecraft:glow_ink_sac":128,"minecraft:gold_ore":82,"minecraft:deepslate_bricks":1701,"minecraft:polished_deepslate_slab":1081,"minecraft:diamond_block":15,"minecraft:rail":3735,"minecraft:red_bed":277,"minecraft:crimson_trapdoor":121,"minecraft:white_bed":116,"minecraft:campfire":26,"minecraft:spruce_log":405,"minecraft:amethyst_cluster":35,"minecraft:diamond_pickaxe":160652,"minecraft:warped_trapdoor":150,"minecraft:diamond_shovel":45227,"minecraft:suspicious_stew":10,"minecraft:oak_button":71,"minecraft:spruce_pressure_plate":27,"minecraft:spruce_trapdoor":2561,"minecraft:spruce_sapling":275,"minecraft:green_carpet":77,"minecraft:potion":14,"minecraft:azalea_leaves":448,"minecraft:crimson_stairs":59,"minecraft:andesite_stairs":44,"minecraft:cooked_porkchop":4,"minecraft:stripped_oak_log":52,"minecraft:dandelion":1,"minecraft:diamond_leggings":2,"minecraft:green_stained_glass":1,"minecraft:light_blue_banner":5,"minecraft:moss_carpet":468,"minecraft:red_sand":56,"minecraft:polished_deepslate":3010,"minecraft:light_gray_stained_glass_pane":25,"minecraft:melon":2,"minecraft:bone_block":3,"minecraft:polished_basalt":858,"minecraft:nether_wart":964,"minecraft:grass":146,"minecraft:spruce_leaves":293,"minecraft:jungle_planks":1,"minecraft:furnace_minecart":1,"minecraft:beehive":49,"minecraft:obsidian":773,"minecraft:bricks":1096,"minecraft:lantern":448,"minecraft:blue_orchid":16,"minecraft:polished_blackstone_brick_wall":3,"minecraft:warped_nylium":4,"minecraft:item_frame":308,"minecraft:birch_button":31,"minecraft:deepslate_diamond_ore":30,"minecraft:birch_trapdoor":16,"minecraft:red_nether_brick_wall":2,"minecraft:written_book":209,"minecraft:gold_block":33,"minecraft:pink_concrete_powder":16,"minecraft:dark_oak_sapling":417,"minecraft:end_rod":101,"minecraft:dropper":312,"minecraft:wither_skeleton_skull":3,"minecraft:stripped_acacia_log":38,"minecraft:gray_carpet":10,"minecraft:stone_pickaxe":262,"minecraft:oak_planks":799,"minecraft:jungle_fence":18,"minecraft:polished_diorite_slab":45,"minecraft:sandstone":529,"minecraft:sugar_cane":583,"minecraft:diamond_axe":28260,"minecraft:white_wool":372,"minecraft:end_stone":113,"minecraft:sticky_piston":311,"minecraft:lever":131,"minecraft:daylight_detector":11,"minecraft:acacia_door":2,"minecraft:dark_oak_log":3432,"minecraft:nether_sprouts":9,"minecraft:bread":118,"minecraft:warped_slab":31,"minecraft:iron_door":2,"minecraft:deepslate":1269,"minecraft:prismarine_wall":66,"minecraft:chain":525,"minecraft:smooth_stone_slab":1720,"minecraft:coarse_dirt":134,"minecraft:bone_meal":2448,"minecraft:rose_bush":9,"minecraft:flint_and_steel":559,"minecraft:granite_stairs":62,"minecraft:crimson_fence":7,"minecraft:redstone":1635,"minecraft:ender_chest":780,"minecraft:brown_shulker_box":493,"minecraft:deepslate_gold_ore":19,"minecraft:stone_hoe":815,"minecraft:cooked_chicken":9,"minecraft:dirt":10335,"minecraft:red_nether_brick_slab":33,"minecraft:prismarine_bricks":1883,"minecraft:bee_nest":11,"minecraft:spruce_fence":237,"minecraft:brown_terracotta":21,"minecraft:light_gray_stained_glass":121,"minecraft:oak_stairs":577,"minecraft:smooth_sandstone":1048,"minecraft:crimson_slab":52,"minecraft:black_stained_glass":49,"minecraft:soul_soil":2096,"minecraft:dark_oak_pressure_plate":23,"minecraft:black_dye":1,"minecraft:deepslate_tile_stairs":569,"minecraft:netherite_pickaxe":98630,"minecraft:minecart":58,"minecraft:dead_bubble_coral_block":22,"minecraft:powder_snow_bucket":1,"minecraft:cooked_beef":353,"minecraft:pumpkin":26,"minecraft:turtle_egg":4,"minecraft:orange_stained_glass_pane":14,"minecraft:cobbled_deepslate_wall":159,"minecraft:cobblestone_stairs":88,"minecraft:baked_potato":6,"minecraft:red_nether_bricks":5,"minecraft:birch_boat":13,"minecraft:cut_sandstone":708,"minecraft:spruce_sign":461,"minecraft:warped_roots":10,"minecraft:dark_prismarine_slab":1,"minecraft:warped_planks":39,"minecraft:cyan_stained_glass":29,"minecraft:piston":611,"minecraft:flower_pot":21,"minecraft:black_wool":9,"minecraft:stone_slab":801,"minecraft:detector_rail":8,"minecraft:stone_axe":321,"minecraft:brown_stained_glass_pane":41,"minecraft:fire_coral_block":472,"minecraft:crimson_fungus":38,"minecraft:cobbled_deepslate_slab":465,"minecraft:pink_shulker_box":166,"minecraft:lapis_block":1,"minecraft:pumpkin_pie":3,"minecraft:gray_wool":33,"minecraft:birch_stairs":35,"minecraft:peony":9,"minecraft:nether_brick_fence":327,"minecraft:spruce_slab":2709,"minecraft:polished_blackstone":1222,"minecraft:ladder":303,"minecraft:chest":754,"minecraft:white_shulker_box":247,"minecraft:acacia_sapling":153,"minecraft:brick_slab":234,"minecraft:allium":33,"minecraft:jungle_slab":57,"minecraft:stripped_spruce_log":22,"minecraft:honey_block":26,"minecraft:honeycomb":733,"minecraft:warped_hyphae":23,"minecraft:black_stained_glass_pane":501,"minecraft:grass_block":4894,"minecraft:birch_sapling":40,"minecraft:polished_andesite_stairs":80,"minecraft:orange_shulker_box":808,"minecraft:copper_ore":164,"minecraft:dark_oak_button":253,"minecraft:pink_wool":6,"minecraft:stone_brick_stairs":402,"minecraft:red_stained_glass_pane":4,"minecraft:furnace":153,"minecraft:sweet_berries":336,"minecraft:egg":173,"minecraft:potato":297,"minecraft:dragon_head":1,"minecraft:magenta_shulker_box":18,"minecraft:spruce_door":56,"minecraft:diorite":250,"minecraft:end_stone_bricks":15,"minecraft:stripped_birch_log":35,"minecraft:brick_wall":39,"minecraft:cut_copper_slab":179,"minecraft:red_stained_glass":93,"minecraft:acacia_trapdoor":300,"minecraft:powered_rail":776,"minecraft:jungle_pressure_plate":4,"minecraft:purpur_pillar":5,"minecraft:oak_leaves":276,"minecraft:cookie":2,"minecraft:dark_oak_trapdoor":392,"minecraft:sand":1763,"minecraft:smooth_red_sandstone":152,"minecraft:oxidized_cut_copper_slab":82,"minecraft:black_concrete_powder":8,"minecraft:pumpkin_seeds":135,"minecraft:lightning_rod":46,"minecraft:deepslate_tiles":2786,"minecraft:chiseled_sandstone":30,"minecraft:stone_button":161,"minecraft:lectern":864,"minecraft:red_terracotta":95,"minecraft:polished_granite":406,"minecraft:diamond_ore":134,"minecraft:lilac":21,"minecraft:polished_andesite_slab":22,"minecraft:soul_lantern":103,"minecraft:dark_oak_fence":407,"minecraft:white_stained_glass":1413,"minecraft:bubble_coral_block":356,"minecraft:green_concrete_powder":90,"minecraft:ice":256,"minecraft:pink_stained_glass":23,"minecraft:gray_stained_glass":17,"minecraft:iron_bars":467,"minecraft:stone_sword":15,"minecraft:acacia_log":603,"minecraft:red_concrete":2,"minecraft:stripped_warped_stem":19,"minecraft:sandstone_wall":105,"minecraft:netherrack":6453,"minecraft:light_gray_shulker_box":76,"minecraft:anvil":73,"minecraft:target":194,"minecraft:warped_wart_block":353,"minecraft:ancient_debris":7,"minecraft:crimson_hyphae":1,"minecraft:stone_stairs":826,"minecraft:nether_brick_slab":349,"minecraft:polished_granite_slab":153,"minecraft:dead_brain_coral_block":10,"minecraft:nether_brick_stairs":26,"minecraft:polished_diorite":444,"minecraft:shroomlight":151,"minecraft:red_shulker_box":252,"minecraft:flowering_azalea":48,"minecraft:cyan_shulker_box":46,"minecraft:rooted_dirt":3,"minecraft:iron_axe":3348,"minecraft:spruce_button":975,"minecraft:brick_stairs":209,"minecraft:slime_block":7,"minecraft:warped_fence":1,"minecraft:pink_stained_glass_pane":14,"minecraft:prismarine_slab":121,"minecraft:melon_seeds":6,"minecraft:smooth_basalt":244,"minecraft:tripwire_hook":4,"minecraft:purple_concrete":18,"minecraft:glowstone":602,"minecraft:oxidized_copper":248,"minecraft:iron_trapdoor":168,"minecraft:cobbled_deepslate":1840,"minecraft:orange_terracotta":111,"minecraft:observer":489,"minecraft:hanging_roots":29,"minecraft:pointed_dripstone":333,"minecraft:crimson_stem":711,"minecraft:water_bucket":1248,"minecraft:nether_brick_wall":16,"minecraft:sandstone_stairs":98,"minecraft:prismarine_brick_slab":328,"minecraft:yellow_shulker_box":371,"minecraft:cartography_table":45,"minecraft:smooth_sandstone_slab":2326,"minecraft:fletching_table":4,"minecraft:polished_blackstone_bricks":924,"minecraft:cracked_stone_bricks":228,"minecraft:pink_concrete":7,"minecraft:mossy_cobblestone":59,"minecraft:comparator":120,"minecraft:vine":211,"minecraft:tnt":25,"minecraft:oak_slab":1415,"minecraft:crafting_table":247,"minecraft:birch_sign":42,"minecraft:fire_coral":19,"minecraft:dark_oak_fence_gate":6,"minecraft:lime_shulker_box":88,"minecraft:deepslate_tile_wall":385,"minecraft:small_amethyst_bud":15,"minecraft:oak_log":1422,"minecraft:dark_prismarine":51,"minecraft:cornflower":26,"minecraft:stripped_jungle_log":4,"minecraft:sunflower":5,"minecraft:iron_pickaxe":2329,"minecraft:crimson_nylium":195,"minecraft:cobblestone":4142,"minecraft:red_concrete_powder":8,"minecraft:sandstone_slab":153,"minecraft:glass_pane":2,"minecraft:kelp":519,"minecraft:iron_shovel":1589,"minecraft:oak_sign":126,"minecraft:diamond_hoe":3799,"minecraft:white_concrete_powder":987,"minecraft:shield":109,"minecraft:iron_sword":1045,"minecraft:purple_shulker_box":92,"minecraft:bell":2,"minecraft:player_head":19,"minecraft:smooth_sandstone_stairs":2656,"minecraft:nether_bricks":927,"minecraft:prismarine_brick_stairs":98,"minecraft:carrot":488,"minecraft:deepslate_tile_slab":3517,"minecraft:tuff":1065,"minecraft:axolotl_bucket":23,"minecraft:polished_deepslate_stairs":1744,"minecraft:glass":929,"minecraft:cyan_terracotta":379,"minecraft:coal_ore":317,"minecraft:quartz_slab":117,"minecraft:gray_concrete_powder":527,"minecraft:crimson_roots":100,"minecraft:hopper_minecart":6,"minecraft:stone_bricks":6528,"minecraft:honeycomb_block":24,"minecraft:brown_carpet":13,"minecraft:repeater":325,"minecraft:red_carpet":23,"minecraft:redstone_lamp":49,"minecraft:magma_block":178,"minecraft:warped_fungus":95,"minecraft:hay_block":15,"minecraft:scaffolding":7834,"minecraft:beetroot_seeds":143,"minecraft:polished_diorite_stairs":158,"minecraft:polished_blackstone_stairs":687,"minecraft:chiseled_polished_blackstone":10,"minecraft:dark_oak_stairs":230,"minecraft:dark_oak_sign":261,"minecraft:ender_pearl":245,"minecraft:redstone_block":464,"minecraft:large_amethyst_bud":10,"minecraft:yellow_terracotta":2,"minecraft:loom":8,"minecraft:black_banner":27,"minecraft:deepslate_redstone_ore":18,"minecraft:sponge":174,"minecraft:note_block":201,"minecraft:blackstone_wall":16,"minecraft:dripstone_block":804,"minecraft:stone_brick_wall":30,"minecraft:shears":3342,"minecraft:cobbled_deepslate_stairs":485,"minecraft:exposed_copper":21,"minecraft:redstone_torch":212,"minecraft:black_concrete":7,"minecraft:gray_shulker_box":6,"minecraft:firework_rocket":3044,"minecraft:string":1746,"minecraft:light_gray_concrete":2,"minecraft:brown_stained_glass":272,"minecraft:gravel":766,"minecraft:blackstone_slab":14,"minecraft:granite_slab":239,"minecraft:smooth_red_sandstone_slab":30,"minecraft:oak_fence":549,"minecraft:grindstone":47,"minecraft:medium_amethyst_bud":21,"minecraft:jungle_leaves":100,"minecraft:purpur_block":120,"minecraft:petrified_oak_slab":82,"minecraft:deepslate_coal_ore":116,"minecraft:andesite":1241,"minecraft:azalea":24,"minecraft:warped_button":61,"minecraft:white_concrete":753,"minecraft:experience_bottle":123,"minecraft:cobweb":49,"minecraft:cracked_deepslate_bricks":452,"minecraft:redstone_ore":71,"minecraft:stone_shovel":267,"minecraft:spruce_planks":2473,"minecraft:cut_copper_stairs":1541,"minecraft:oak_door":1,"minecraft:spyglass":71,"minecraft:white_carpet":99,"minecraft:hopper":631,"minecraft:spruce_stairs":2141,"minecraft:cobblestone_wall":138,"minecraft:warped_door":9,"minecraft:diamond_helmet":2,"minecraft:shulker_box":1761,"minecraft:raw_iron_block":16,"minecraft:granite":992,"minecraft:purple_banner":7,"minecraft:andesite_wall":139,"minecraft:dark_oak_planks":124,"minecraft:stone_brick_slab":2312,"minecraft:bookshelf":1017,"minecraft:acacia_slab":144,"minecraft:polished_blackstone_brick_stairs":237,"minecraft:crimson_planks":6,"minecraft:golden_carrot":2727,"minecraft:emerald_block":9,"minecraft:white_stained_glass_pane":259,"minecraft:granite_wall":74,"minecraft:stone_pressure_plate":3,"minecraft:horn_coral_block":132,"minecraft:red_dye":4,"minecraft:brain_coral_block":289,"minecraft:acacia_boat":2,"minecraft:iron_ore":104,"minecraft:amethyst_block":499,"minecraft:glass_bottle":96,"minecraft:polished_andesite":412,"minecraft:andesite_slab":189,"minecraft:copper_block":3637,"minecraft:black_shulker_box":155,"minecraft:magenta_stained_glass":12,"minecraft:stonecutter":179,"minecraft:white_dye":121,"minecraft:beacon":52,"minecraft:cobblestone_slab":504,"minecraft:polished_blackstone_pressure_plate":4,"minecraft:stripped_dark_oak_log":104,"minecraft:terracotta":91,"minecraft:dead_fire_coral_block":21,"minecraft:light_gray_concrete_powder":38,"minecraft:painting":5,"minecraft:smoker":11,"minecraft:smooth_red_sandstone_stairs":35,"minecraft:acacia_stairs":176,"minecraft:apple":7,"minecraft:cracked_polished_blackstone_bricks":145,"minecraft:map":55,"minecraft:acacia_fence_gate":12,"minecraft:green_shulker_box":17,"minecraft:white_banner":3,"minecraft:red_banner":17,"minecraft:bucket":1464,"minecraft:yellow_bed":12,"minecraft:polished_blackstone_button":68,"minecraft:purple_carpet":1,"minecraft:smooth_stone":2110,"minecraft:splash_potion":59},"minecraft:mined":{"minecraft:red_nether_brick_slab":3,"minecraft:dragon_wall_head":9,"minecraft:cut_sandstone_slab":274,"minecraft:red_shulker_box":229,"minecraft:white_bed":104,"minecraft:fire_coral_wall_fan":77,"minecraft:cyan_shulker_box":30,"minecraft:granite":5622,"minecraft:acacia_log":1171,"minecraft:deepslate_tile_wall":32,"minecraft:oak_wall_sign":12,"minecraft:nether_wart":673,"minecraft:spawner":1,"minecraft:polished_blackstone_bricks":29,"minecraft:magma_block":2078,"minecraft:dark_oak_trapdoor":48,"minecraft:mossy_cobblestone_stairs":2,"minecraft:cobbled_deepslate":145,"minecraft:fire":420,"minecraft:barrel":152,"minecraft:fletching_table":5,"minecraft:deepslate_lapis_ore":83,"minecraft:granite_slab":25,"minecraft:nether_brick_stairs":2,"minecraft:twisting_vines":2,"minecraft:spruce_pressure_plate":2,"minecraft:light_gray_concrete":9,"minecraft:green_carpet":8,"minecraft:white_shulker_box":230,"minecraft:player_head":2,"minecraft:tripwire":45,"minecraft:sandstone_slab":63,"minecraft:cut_sandstone":139,"minecraft:kelp_plant":51,"minecraft:crimson_nylium":239,"minecraft:deepslate_brick_wall":4,"minecraft:smoker":4,"minecraft:deepslate_tile_slab":453,"minecraft:powder_snow":1,"minecraft:torch":1039,"minecraft:note_block":46,"minecraft:melon":4,"minecraft:oxidized_copper":2838,"minecraft:dead_bush":215,"minecraft:white_stained_glass_pane":8,"minecraft:nether_brick_slab":33,"minecraft:spruce_wall_sign":34,"minecraft:tube_coral_fan":55,"minecraft:lime_shulker_box":98,"minecraft:sugar_cane":4150,"minecraft:bricks":82,"minecraft:amethyst_block":1678,"minecraft:birch_sapling":1,"minecraft:chain":97,"minecraft:repeater":93,"minecraft:tinted_glass":121,"minecraft:grass":1491,"minecraft:birch_button":22,"minecraft:sandstone_wall":5,"minecraft:smooth_basalt":1302,"minecraft:deepslate":27019,"minecraft:deepslate_tiles":193,"minecraft:dark_prismarine":89,"minecraft:mossy_cobblestone":203,"minecraft:nether_brick_wall":5,"minecraft:cyan_stained_glass":17,"minecraft:dark_oak_log":4373,"minecraft:sea_lantern":99,"minecraft:end_stone":181,"minecraft:dark_oak_fence":18,"minecraft:spruce_fence":49,"minecraft:redstone_wire":213,"minecraft:red_mushroom":7,"minecraft:cartography_table":42,"minecraft:white_concrete_powder":4,"minecraft:horn_coral":62,"minecraft:redstone_ore":1045,"minecraft:acacia_trapdoor":118,"minecraft:pink_concrete":9,"minecraft:andesite":6033,"minecraft:vine":268,"minecraft:rail":2049,"minecraft:cobblestone_slab":75,"minecraft:brain_coral_wall_fan":48,"minecraft:fire_coral_block":701,"minecraft:ender_chest":765,"minecraft:birch_stairs":2,"minecraft:oak_slab":345,"minecraft:redstone_block":119,"minecraft:glass_pane":5,"minecraft:soul_sand":2013,"minecraft:dandelion":88,"minecraft:polished_blackstone_brick_wall":1,"minecraft:fire_coral":79,"minecraft:cornflower":17,"minecraft:prismarine_slab":3,"minecraft:warped_roots":30,"minecraft:campfire":11,"minecraft:copper_ore":1007,"minecraft:tall_grass":407,"minecraft:lightning_rod":18,"minecraft:brain_coral_fan":75,"minecraft:purpur_pillar":105,"minecraft:deepslate_gold_ore":113,"minecraft:green_stained_glass_pane":2,"minecraft:diorite":5094,"minecraft:warped_wart_block":1350,"minecraft:purple_wool":3,"minecraft:black_stained_glass":8,"minecraft:red_terracotta":88,"minecraft:cut_copper_slab":24,"minecraft:coarse_dirt":229,"minecraft:cobblestone_wall":62,"minecraft:dark_oak_wall_sign":22,"minecraft:purple_concrete":49,"minecraft:dark_oak_button":10,"minecraft:sunflower":5,"minecraft:gravel":5405,"minecraft:brown_terracotta":2,"minecraft:cobweb":224,"minecraft:birch_sign":3,"minecraft:oak_button":3,"minecraft:polished_blackstone":267,"minecraft:stone_bricks":1015,"minecraft:gold_ore":446,"minecraft:chipped_anvil":10,"minecraft:iron_trapdoor":49,"minecraft:fern":421,"minecraft:stone_pressure_plate":2,"minecraft:prismarine_wall":16,"minecraft:oak_sapling":51,"minecraft:farmland":20,"minecraft:andesite_stairs":4,"minecraft:brewing_stand":26,"minecraft:spruce_trapdoor":385,"minecraft:budding_amethyst":8,"minecraft:cracked_polished_blackstone_bricks":17,"minecraft:white_concrete":765,"minecraft:bubble_coral_fan":75,"minecraft:polished_diorite":19,"minecraft:polished_blackstone_brick_slab":29,"minecraft:composter":83,"minecraft:polished_blackstone_pressure_plate":2,"minecraft:turtle_egg":9,"minecraft:pointed_dripstone":1652,"minecraft:flowering_azalea_leaves":270,"minecraft:iron_bars":60,"minecraft:potted_cornflower":1,"minecraft:azalea":59,"minecraft:granite_stairs":5,"minecraft:spruce_slab":712,"minecraft:deepslate_redstone_ore":435,"minecraft:brown_shulker_box":472,"minecraft:quartz_block":35,"minecraft:exposed_copper":21,"minecraft:medium_amethyst_bud":25,"minecraft:orange_terracotta":285,"minecraft:purpur_stairs":18,"minecraft:beacon":50,"minecraft:nether_quartz_ore":2015,"minecraft:oak_planks":572,"minecraft:light_blue_banner":4,"minecraft:wall_torch":336,"minecraft:petrified_oak_slab":48,"minecraft:cauldron":1,"minecraft:fire_coral_fan":62,"minecraft:stone_stairs":505,"minecraft:warped_nylium":41,"minecraft:powered_rail":266,"minecraft:dark_oak_slab":12,"minecraft:warped_planks":6,"minecraft:tnt":63,"minecraft:smooth_stone_slab":247,"minecraft:oak_log":2914,"minecraft:beetroots":121,"minecraft:dirt":11471,"minecraft:dispenser":98,"minecraft:ancient_debris":14,"minecraft:daylight_detector":1,"minecraft:quartz_stairs":5,"minecraft:dark_oak_leaves":409,"minecraft:red_stained_glass":1,"minecraft:glow_lichen":6,"minecraft:lever":37,"minecraft:ladder":19,"minecraft:stone_button":25,"minecraft:tube_coral_wall_fan":56,"minecraft:weathered_copper":7,"minecraft:brown_mushroom_block":45,"minecraft:birch_slab":10,"minecraft:spruce_leaves":1009,"minecraft:acacia_slab":19,"minecraft:crimson_stem":930,"minecraft:hay_block":92,"minecraft:nether_sprouts":24,"minecraft:polished_basalt":57,"minecraft:light_gray_shulker_box":59,"minecraft:detector_rail":2,"minecraft:peony":5,"minecraft:gold_block":54,"minecraft:nether_brick_fence":139,"minecraft:bookshelf":1000,"minecraft:deepslate_iron_ore":365,"minecraft:shroomlight":226,"minecraft:stripped_oak_log":67,"minecraft:wet_sponge":191,"minecraft:scaffolding":3326,"minecraft:acacia_leaves":624,"minecraft:magenta_stained_glass":3,"minecraft:stripped_dark_oak_log":117,"minecraft:basalt":18724,"minecraft:polished_granite":25,"minecraft:oak_fence":391,"minecraft:honey_block":2,"minecraft:stone_slab":311,"minecraft:deepslate_coal_ore":472,"minecraft:red_concrete":8,"minecraft:polished_blackstone_brick_stairs":9,"minecraft:prismarine_bricks":1722,"minecraft:birch_planks":24,"minecraft:dead_fire_coral_block":22,"minecraft:bubble_coral":67,"minecraft:sea_pickle":9,"minecraft:polished_blackstone_slab":305,"minecraft:ice":3032,"minecraft:bee_nest":11,"minecraft:cocoa":157,"minecraft:purple_shulker_box":92,"minecraft:cracked_stone_bricks":13,"minecraft:crimson_fence":5,"minecraft:dark_oak_planks":22,"minecraft:polished_granite_slab":17,"minecraft:dark_prismarine_stairs":6,"minecraft:stripped_warped_stem":25,"minecraft:jungle_leaves":397,"minecraft:warped_stairs":10,"minecraft:obsidian":996,"minecraft:carved_pumpkin":12,"minecraft:red_sand":1298,"minecraft:smooth_red_sandstone_stairs":1,"minecraft:crimson_trapdoor":8,"minecraft:stone_brick_wall":9,"minecraft:jungle_log":657,"minecraft:horn_coral_fan":68,"minecraft:coal_block":7,"minecraft:deepslate_bricks":167,"minecraft:hopper":254,"minecraft:purpur_slab":48,"minecraft:deepslate_tile_stairs":107,"minecraft:diorite_stairs":1,"minecraft:bubble_coral_block":484,"minecraft:oxeye_daisy":1,"minecraft:tube_coral_block":65,"minecraft:crimson_fungus":67,"minecraft:weeping_vines_plant":53,"minecraft:tall_seagrass":563,"minecraft:brown_stained_glass":30,"minecraft:sticky_piston":96,"minecraft:moss_carpet":156,"minecraft:pumpkin":20,"minecraft:enchanting_table":4,"minecraft:smooth_red_sandstone":8,"minecraft:oak_sign":3,"minecraft:cave_vines":36,"minecraft:water_cauldron":3,"minecraft:polished_deepslate_slab":43,"minecraft:dirt_path":138,"minecraft:oak_stairs":170,"minecraft:small_amethyst_bud":22,"minecraft:quartz_slab":23,"minecraft:deepslate_brick_stairs":30,"minecraft:smooth_sandstone_stairs":543,"minecraft:iron_block":1252,"minecraft:piston_head":5,"minecraft:brown_mushroom":90,"minecraft:red_bed":272,"minecraft:player_wall_head":1,"minecraft:soul_fire":1,"minecraft:amethyst_cluster":141,"minecraft:blast_furnace":10,"minecraft:polished_andesite_stairs":4,"minecraft:green_concrete_powder":14,"minecraft:glass":353,"minecraft:damaged_anvil":34,"minecraft:smooth_sandstone_slab":455,"minecraft:crimson_stairs":2,"minecraft:spruce_sign":4,"minecraft:polished_diorite_stairs":14,"minecraft:light_gray_stained_glass":2,"minecraft:wheat":2487,"minecraft:lilac":8,"minecraft:waxed_copper_block":17,"minecraft:pumpkin_stem":33,"minecraft:warped_fungus":96,"minecraft:stone_brick_stairs":78,"minecraft:copper_block":249,"minecraft:prismarine_brick_stairs":76,"minecraft:oak_fence_gate":24,"minecraft:loom":7,"minecraft:cut_red_sandstone":62,"minecraft:stonecutter":168,"minecraft:red_mushroom_block":214,"minecraft:piston":132,"minecraft:infested_deepslate":50,"minecraft:yellow_terracotta":1,"minecraft:pink_shulker_box":167,"minecraft:stripped_birch_log":48,"minecraft:warped_door":4,"minecraft:shulker_box":1573,"minecraft:cobbled_deepslate_slab":42,"minecraft:nether_bricks":1546,"minecraft:allium":19,"minecraft:jungle_planks":1,"minecraft:crimson_roots":336,"minecraft:orange_shulker_box":801,"minecraft:horn_coral_wall_fan":48,"minecraft:moss_block":456,"minecraft:kelp":293,"minecraft:black_stained_glass_pane":47,"minecraft:polished_blackstone_button":1,"minecraft:snow":2,"minecraft:diamond_block":14,"minecraft:warped_wall_sign":12,"minecraft:potatoes":217,"minecraft:warped_stem":810,"minecraft:bamboo":2262,"minecraft:bamboo_sapling":2,"minecraft:warped_trapdoor":20,"minecraft:cut_copper":35,"minecraft:white_wool":24,"minecraft:brain_coral":82,"minecraft:smithing_table":8,"minecraft:light_gray_carpet":2,"minecraft:gray_concrete":418,"minecraft:comparator":39,"minecraft:hanging_roots":40,"minecraft:stone_brick_slab":68,"minecraft:observer":70,"minecraft:smooth_sandstone":50,"minecraft:cobbled_deepslate_wall":20,"minecraft:light_gray_concrete_powder":30,"minecraft:spruce_button":10,"minecraft:emerald_ore":69,"minecraft:sponge":3,"minecraft:dropper":62,"minecraft:smooth_red_sandstone_slab":2,"minecraft:cracked_deepslate_bricks":30,"minecraft:prismarine_brick_slab":85,"minecraft:white_carpet":59,"minecraft:spruce_log":5717,"minecraft:birch_leaves":97,"minecraft:mycelium":65,"minecraft:dark_oak_sign":3,"minecraft:dripstone_block":384,"minecraft:acacia_planks":2,"minecraft:spruce_fence_gate":5,"minecraft:deepslate_emerald_ore":26,"minecraft:infested_stone":94,"minecraft:black_shulker_box":136,"minecraft:large_amethyst_bud":11,"minecraft:spruce_planks":688,"minecraft:cobbled_deepslate_stairs":24,"minecraft:jungle_slab":2,"minecraft:cobblestone_stairs":14,"minecraft:cave_vines_plant":41,"minecraft:grass_block":11589,"minecraft:soul_soil":3216,"minecraft:warped_sign":1,"minecraft:sandstone_stairs":24,"minecraft:smooth_stone":547,"minecraft:glowstone":208,"minecraft:iron_ore":2376,"minecraft:target":2,"minecraft:potted_red_mushroom":1,"minecraft:black_carpet":1,"minecraft:anvil":31,"minecraft:azure_bluet":8,"minecraft:dark_oak_stairs":76,"minecraft:warped_button":1,"minecraft:purple_carpet":1,"minecraft:birch_wall_sign":13,"minecraft:jungle_pressure_plate":4,"minecraft:azalea_leaves":781,"minecraft:end_stone_bricks":59,"minecraft:brain_coral_block":415,"minecraft:polished_granite_stairs":8,"minecraft:cyan_terracotta":8,"minecraft:blackstone":5055,"minecraft:dead_bubble_coral_block":23,"minecraft:twisting_vines_plant":19,"minecraft:polished_deepslate_stairs":82,"minecraft:soul_lantern":21,"minecraft:clay":792,"minecraft:calcite":2438,"minecraft:poppy":121,"minecraft:chest":279,"minecraft:mushroom_stem":28,"minecraft:honeycomb_block":4,"minecraft:cobblestone":1311,"minecraft:slime_block":4,"minecraft:grindstone":16,"minecraft:prismarine":814,"minecraft:deepslate_copper_ore":41,"minecraft:magenta_shulker_box":10,"minecraft:seagrass":2645,"minecraft:acacia_sapling":7,"minecraft:nether_wart_block":1831,"minecraft:birch_log":257,"minecraft:lapis_block":1,"minecraft:yellow_wool":19,"minecraft:birch_trapdoor":10,"minecraft:purpur_block":162,"minecraft:cracked_deepslate_tiles":16,"minecraft:acacia_fence":27,"minecraft:diorite_wall":2,"minecraft:sand":10740,"minecraft:netherrack":21428,"minecraft:polished_deepslate_wall":36,"minecraft:oak_leaves":2164,"minecraft:horn_coral_block":252,"minecraft:emerald_block":7,"minecraft:granite_wall":2,"minecraft:nether_gold_ore":307,"minecraft:diamond_ore":342,"minecraft:tube_coral":74,"minecraft:red_carpet":4,"minecraft:tuff":1817,"minecraft:deepslate_diamond_ore":89,"minecraft:blackstone_wall":12,"minecraft:oak_door":3,"minecraft:gray_shulker_box":4,"minecraft:dark_oak_pressure_plate":1,"minecraft:black_banner":2,"minecraft:brick_stairs":14,"minecraft:weeping_vines":21,"minecraft:white_stained_glass":114,"minecraft:rooted_dirt":15,"minecraft:sandstone":10475,"minecraft:large_fern":54,"minecraft:deepslate_brick_slab":48,"minecraft:oak_trapdoor":153,"minecraft:spruce_sapling":25,"minecraft:furnace":122,"minecraft:carrots":380,"minecraft:chiseled_sandstone":3,"minecraft:acacia_stairs":13,"minecraft:dark_oak_fence_gate":2,"minecraft:stripped_spruce_log":71,"minecraft:black_concrete":10,"minecraft:chiseled_deepslate":4,"minecraft:polished_deepslate":305,"minecraft:bell":6,"minecraft:lantern":54,"minecraft:stripped_acacia_log":115,"minecraft:stripped_jungle_log":8,"minecraft:packed_ice":103,"minecraft:chorus_plant":3,"minecraft:stone":92970,"minecraft:yellow_shulker_box":360,"minecraft:redstone_wall_torch":28,"minecraft:podzol":2973,"minecraft:light_blue_shulker_box":1,"minecraft:flowering_azalea":48,"minecraft:red_wool":4,"minecraft:cut_copper_stairs":31,"minecraft:brick_wall":4,"minecraft:spruce_door":29,"minecraft:red_banner":6,"minecraft:crafting_table":211,"minecraft:purple_wall_banner":3,"minecraft:rose_bush":7,"minecraft:andesite_slab":9,"minecraft:lectern":817,"minecraft:andesite_wall":16,"minecraft:lapis_ore":169,"minecraft:lily_pad":6,"minecraft:blue_bed":1,"minecraft:spruce_stairs":249,"minecraft:gray_wool":5,"minecraft:cactus":44,"minecraft:brick_slab":17,"minecraft:green_shulker_box":16,"minecraft:acacia_fence_gate":1,"minecraft:beehive":27,"minecraft:polished_blackstone_stairs":137,"minecraft:redstone_torch":46,"minecraft:sweet_berry_bush":143,"minecraft:yellow_bed":8,"minecraft:dead_brain_coral_block":11,"minecraft:coal_ore":4133,"minecraft:end_rod":202,"minecraft:bubble_coral_wall_fan":53,"minecraft:terracotta":1406,"minecraft:polished_andesite":94,"minecraft:birch_fence":31,"minecraft:warped_slab":4},"minecraft:picked_up":{"minecraft:smithing_table":9,"minecraft:lead":66,"minecraft:stone_slab":325,"minecraft:enchanted_book":38,"minecraft:purple_shulker_box":92,"minecraft:string":1010,"minecraft:polished_deepslate":300,"minecraft:music_disc_cat":2,"minecraft:polished_blackstone_brick_stairs":7,"minecraft:dark_oak_pressure_plate":1,"minecraft:shroomlight":217,"minecraft:diamond_leggings":21,"minecraft:horn_coral_block":242,"minecraft:bubble_coral":66,"minecraft:warped_slab":3,"minecraft:diamond_ore":190,"minecraft:spruce_pressure_plate":2,"minecraft:polished_blackstone_brick_slab":27,"minecraft:polished_blackstone_stairs":139,"minecraft:acacia_log":1166,"minecraft:purpur_pillar":97,"minecraft:cyan_stained_glass":17,"minecraft:brick_wall":4,"minecraft:cut_copper_stairs":32,"minecraft:lightning_rod":18,"minecraft:honeycomb_block":4,"minecraft:warped_button":1,"minecraft:golden_chestplate":68,"minecraft:gray_shulker_box":6,"minecraft:warped_door":5,"minecraft:cauldron":4,"minecraft:stone_sword":4,"minecraft:horn_coral_fan":111,"minecraft:blackstone_wall":12,"minecraft:polished_basalt":49,"minecraft:carved_pumpkin":25,"minecraft:glowstone":351,"minecraft:bookshelf":76,"minecraft:end_rod":197,"minecraft:blaze_rod":135,"minecraft:iron_bars":79,"minecraft:snowball":114,"minecraft:sponge":3,"minecraft:cooked_beef":232,"minecraft:feather":282,"minecraft:medium_amethyst_bud":24,"minecraft:water_bucket":19,"minecraft:dark_oak_boat":4,"minecraft:copper_block":412,"minecraft:flint":167,"minecraft:lantern":118,"minecraft:purple_carpet":1,"minecraft:hanging_roots":35,"minecraft:large_amethyst_bud":10,"minecraft:stonecutter":161,"minecraft:dark_oak_sign":49,"minecraft:diamond_helmet":21,"minecraft:honeycomb":137,"minecraft:glow_lichen":4,"minecraft:stripped_spruce_log":70,"minecraft:brown_mushroom_block":1,"minecraft:acacia_stairs":13,"minecraft:polished_andesite":91,"minecraft:deepslate":3020,"minecraft:lever":89,"minecraft:granite":5979,"minecraft:spruce_button":132,"minecraft:rooted_dirt":22,"minecraft:deepslate_coal_ore":366,"minecraft:light_gray_carpet":1,"minecraft:crimson_roots":335,"minecraft:diamond_pickaxe":20,"minecraft:bee_nest":11,"minecraft:clay_ball":2273,"minecraft:leather_leggings":36,"minecraft:dragon_head":9,"minecraft:purpur_block":158,"minecraft:fire_coral":79,"minecraft:cornflower":18,"minecraft:elytra":26,"minecraft:flint_and_steel":3,"minecraft:white_carpet":114,"minecraft:white_stained_glass":112,"minecraft:iron_shovel":26,"minecraft:glass_pane":2,"minecraft:netherite_sword":2,"minecraft:stripped_warped_stem":25,"minecraft:jungle_sapling":40,"minecraft:poppy":5108,"minecraft:spruce_slab":816,"minecraft:minecart":111,"minecraft:birch_sapling":66,"minecraft:piston":172,"minecraft:copper_ore":649,"minecraft:lime_shulker_box":98,"minecraft:black_stained_glass":28,"minecraft:stone":80685,"minecraft:white_dye":63,"minecraft:netherite_pickaxe":17,"minecraft:cyan_shulker_box":43,"minecraft:diamond_chestplate":12,"minecraft:purpur_slab":47,"minecraft:hay_block":284,"minecraft:cracked_deepslate_bricks":28,"minecraft:yellow_terracotta":1,"minecraft:totem_of_undying":1,"minecraft:polished_blackstone":355,"minecraft:mutton":30,"minecraft:rail":2460,"minecraft:emerald_ore":65,"minecraft:oxeye_daisy":1,"minecraft:yellow_shulker_box":370,"minecraft:clock":3,"minecraft:smooth_red_sandstone":64,"minecraft:fern":505,"minecraft:purpur_stairs":18,"minecraft:lily_pad":20,"minecraft:diorite_stairs":1,"minecraft:paper":69,"minecraft:light_blue_banner":4,"minecraft:apple":135,"minecraft:warped_stem":797,"minecraft:oak_fence_gate":24,"minecraft:iron_ore":1648,"minecraft:magenta_stained_glass":3,"minecraft:dark_oak_stairs":78,"minecraft:polished_andesite_stairs":4,"minecraft:smooth_basalt":1286,"minecraft:light_gray_stained_glass":2,"minecraft:sweet_berries":419,"minecraft:red_wool":198,"minecraft:weathered_copper":5,"minecraft:crimson_stairs":2,"minecraft:leather_helmet":51,"minecraft:oak_wood":64,"minecraft:diamond_shovel":8,"minecraft:coal_ore":2535,"minecraft:slime_ball":366,"minecraft:deepslate_redstone_ore":352,"minecraft:painting":6,"minecraft:birch_sign":39,"minecraft:polished_blackstone_brick_wall":1,"minecraft:red_nether_brick_slab":3,"minecraft:baked_potato":8,"minecraft:hopper":252,"minecraft:black_carpet":1,"minecraft:ender_chest":783,"minecraft:nether_brick_fence":133,"minecraft:yellow_wool":19,"minecraft:stone_brick_stairs":112,"minecraft:warped_stairs":10,"minecraft:lapis_block":1,"minecraft:deepslate_lapis_ore":70,"minecraft:purple_banner":3,"minecraft:experience_bottle":3,"minecraft:smooth_red_sandstone_slab":4,"minecraft:bucket":9,"minecraft:red_sand":1310,"minecraft:smooth_stone":592,"minecraft:comparator":48,"minecraft:red_dye":64,"minecraft:rose_bush":152,"minecraft:cobblestone_slab":105,"minecraft:azalea":401,"minecraft:iron_pickaxe":4,"minecraft:deepslate_iron_ore":358,"minecraft:acacia_fence":26,"minecraft:birch_trapdoor":10,"minecraft:polished_deepslate_stairs":110,"minecraft:spruce_stairs":289,"minecraft:netherite_shovel":2,"minecraft:diorite":5594,"minecraft:vine":248,"minecraft:andesite_wall":16,"minecraft:rotten_flesh":15381,"minecraft:brown_shulker_box":486,"minecraft:deepslate_copper_ore":41,"minecraft:deepslate_brick_stairs":30,"minecraft:obsidian":978,"minecraft:cobblestone":22377,"minecraft:enchanting_table":4,"minecraft:leather_chestplate":43,"minecraft:lilac":44,"minecraft:repeater":119,"minecraft:andesite":6840,"minecraft:golden_leggings":41,"minecraft:beacon":53,"minecraft:potato":964,"minecraft:smooth_sandstone_stairs":536,"minecraft:prismarine_bricks":1765,"minecraft:dirt":15864,"minecraft:stripped_birch_log":48,"minecraft:cut_sandstone_slab":289,"minecraft:name_tag":49,"minecraft:glass":580,"minecraft:bone":1709,"minecraft:acacia_planks":2,"minecraft:granite_wall":2,"minecraft:bow":181,"minecraft:wheat_seeds":12353,"minecraft:grindstone":16,"minecraft:netherite_axe":2,"minecraft:fletching_table":1,"minecraft:bamboo":23014,"minecraft:prismarine":836,"minecraft:diorite_wall":1,"minecraft:brown_stained_glass":23,"minecraft:black_stained_glass_pane":105,"minecraft:light_blue_shulker_box":1,"minecraft:melon":2,"minecraft:nether_brick_stairs":2,"minecraft:grass_block":8756,"minecraft:diamond_block":14,"minecraft:jungle_slab":3,"minecraft:mossy_cobblestone":205,"minecraft:jungle_leaves":260,"minecraft:sugar":112,"minecraft:slime_block":4,"minecraft:netherite_helmet":1,"minecraft:polished_blackstone_pressure_plate":2,"minecraft:soul_lantern":27,"minecraft:cracked_polished_blackstone_bricks":33,"minecraft:crossbow":3,"minecraft:bone_meal":2685,"minecraft:grass":148,"minecraft:golden_apple":2,"minecraft:nether_sprouts":9,"minecraft:spruce_sign":95,"minecraft:emerald":320,"minecraft:netherrack":21954,"minecraft:chorus_fruit":63,"minecraft:andesite_slab":10,"minecraft:oak_leaves":736,"minecraft:azure_bluet":6,"minecraft:ladder":98,"minecraft:brown_mushroom":108,"minecraft:packed_ice":103,"minecraft:pink_wool":4,"minecraft:stone_brick_wall":8,"minecraft:chain":106,"minecraft:shield":23,"minecraft:brick":101,"minecraft:oak_trapdoor":153,"minecraft:moss_carpet":1818,"minecraft:mycelium":65,"minecraft:birch_fence":31,"minecraft:magenta_wool":3,"minecraft:blackstone":5043,"minecraft:blue_orchid":4,"minecraft:lime_wool":8,"minecraft:end_stone":275,"minecraft:flowering_azalea_leaves":251,"minecraft:note_block":46,"minecraft:polished_blackstone_bricks":29,"minecraft:cookie":3,"minecraft:stone_pressure_plate":4,"minecraft:purple_terracotta":11,"minecraft:tube_coral":74,"minecraft:weeping_vines":126,"minecraft:red_shulker_box":243,"minecraft:pumpkin_pie":4,"minecraft:nether_bricks":1527,"minecraft:black_banner":1,"minecraft:petrified_oak_slab":53,"minecraft:brick_stairs":14,"minecraft:nether_brick_wall":5,"minecraft:netherite_boots":2,"minecraft:jungle_boat":5,"minecraft:prismarine_slab":5,"minecraft:basalt":23739,"minecraft:dark_oak_button":24,"minecraft:golden_carrot":885,"minecraft:leather":438,"minecraft:ice":2794,"minecraft:granite_stairs":5,"minecraft:crimson_fungus":65,"minecraft:chainmail_chestplate":14,"minecraft:cobblestone_wall":62,"minecraft:yellow_bed":9,"minecraft:cobbled_deepslate_stairs":23,"minecraft:gunpowder":129,"minecraft:orange_terracotta":299,"minecraft:red_carpet":4,"minecraft:gray_carpet":3,"minecraft:acacia_trapdoor":119,"minecraft:deepslate_emerald_ore":26,"minecraft:rabbit_hide":1,"minecraft:iron_ingot":8065,"minecraft:prismarine_brick_slab":91,"minecraft:warped_fungus":100,"minecraft:nether_quartz_ore":1211,"minecraft:emerald_block":135,"minecraft:stone_brick_slab":67,"minecraft:quartz":1543,"minecraft:dandelion":84,"minecraft:lava_bucket":1,"minecraft:amethyst_shard":1706,"minecraft:soul_torch":1,"minecraft:red_banner":8,"minecraft:nether_brick_slab":44,"minecraft:spruce_door":38,"minecraft:brick_slab":20,"minecraft:cut_red_sandstone":62,"minecraft:polished_diorite_stairs":22,"minecraft:pumpkin_seeds":93,"minecraft:white_concrete_powder":4,"minecraft:prismarine_wall":16,"minecraft:chainmail_leggings":12,"minecraft:mossy_cobblestone_stairs":2,"minecraft:terracotta":1470,"minecraft:damaged_anvil":34,"minecraft:netherite_hoe":1,"minecraft:sunflower":52,"minecraft:seagrass":68,"minecraft:iron_chestplate":7,"minecraft:chainmail_boots":8,"minecraft:flower_pot":2,"minecraft:anvil":31,"minecraft:prismarine_shard":45,"minecraft:diamond_sword":24,"minecraft:oak_stairs":172,"minecraft:birch_button":20,"minecraft:brewing_stand":18,"minecraft:golden_sword":1,"minecraft:polished_deepslate_wall":36,"minecraft:amethyst_block":2302,"minecraft:dark_oak_trapdoor":58,"minecraft:soul_soil":3074,"minecraft:beetroot":151,"minecraft:gold_nugget":328,"minecraft:cobbled_deepslate":24886,"minecraft:crimson_fence":5,"minecraft:spruce_planks":731,"minecraft:acacia_fence_gate":1,"minecraft:written_book":3,"minecraft:azalea_leaves":737,"minecraft:melon_slice":12,"minecraft:coal_block":7,"minecraft:golden_helmet":56,"minecraft:beehive":27,"minecraft:composter":67,"minecraft:sandstone_wall":5,"minecraft:warped_planks":6,"minecraft:deepslate_tile_stairs":105,"minecraft:iron_block":5288,"minecraft:cyan_terracotta":99,"minecraft:birch_log":316,"minecraft:magma_block":1975,"minecraft:oxidized_copper":3042,"minecraft:birch_slab":10,"minecraft:jungle_log":846,"minecraft:acacia_leaves":57,"minecraft:green_concrete_powder":13,"minecraft:powder_snow_bucket":1,"minecraft:smoker":4,"minecraft:map":1,"minecraft:netherite_leggings":2,"minecraft:gray_concrete":417,"minecraft:light_gray_concrete_powder":28,"minecraft:twisting_vines":48,"minecraft:chipped_anvil":10,"minecraft:glowstone_dust":48,"minecraft:moss_block":3416,"minecraft:warped_wart_block":1348,"minecraft:dropper":61,"minecraft:ink_sac":195,"minecraft:granite_slab":25,"minecraft:loom":6,"minecraft:dark_oak_log":4758,"minecraft:red_terracotta":130,"minecraft:barrel":137,"minecraft:stripped_acacia_log":110,"minecraft:dispenser":108,"minecraft:polished_granite_slab":17,"minecraft:writable_book":15,"minecraft:deepslate_gold_ore":85,"minecraft:dead_brain_coral_block":11,"minecraft:chainmail_helmet":15,"minecraft:bread":339,"minecraft:dark_oak_fence":17,"minecraft:bricks":81,"minecraft:spruce_leaves":454,"minecraft:crafting_table":227,"minecraft:coarse_dirt":226,"minecraft:bubble_coral_fan":124,"minecraft:sandstone_slab":65,"minecraft:purple_wool":125,"minecraft:nether_wart":2259,"minecraft:orange_stained_glass_pane":4,"minecraft:crimson_trapdoor":10,"minecraft:red_bed":275,"minecraft:cracked_stone_bricks":13,"minecraft:cartography_table":39,"minecraft:deepslate_diamond_ore":63,"minecraft:beef":593,"minecraft:iron_nugget":1374,"minecraft:quartz_stairs":5,"minecraft:chest":344,"minecraft:egg":227,"minecraft:sandstone":10888,"minecraft:polished_deepslate_slab":48,"minecraft:oak_door":2,"minecraft:spruce_fence":48,"minecraft:amethyst_cluster":96,"minecraft:cake":2,"minecraft:carrot":1655,"minecraft:redstone":2240,"minecraft:mushroom_stem":14,"minecraft:prismarine_crystals":22,"minecraft:tnt":59,"minecraft:polished_granite_stairs":7,"minecraft:cooked_cod":11,"minecraft:beetroot_seeds":348,"minecraft:peony":18,"minecraft:tube_coral_fan":117,"minecraft:shears":5,"minecraft:deepslate_bricks":163,"minecraft:diamond_boots":24,"minecraft:cut_copper":34,"minecraft:sandstone_stairs":24,"minecraft:warped_sign":15,"minecraft:tube_coral_block":63,"minecraft:white_shulker_box":246,"minecraft:glow_berries":138,"minecraft:white_wool":774,"minecraft:lapis_ore":143,"minecraft:stripped_oak_log":67,"minecraft:smooth_red_sandstone_stairs":1,"minecraft:red_mushroom_block":17,"minecraft:red_mushroom":92,"minecraft:filled_map":56,"minecraft:oak_log":3126,"minecraft:ancient_debris":19,"minecraft:golden_boots":45,"minecraft:blue_bed":1,"minecraft:white_banner":2,"minecraft:stone_bricks":1076,"minecraft:kelp":869,"minecraft:cobweb":254,"minecraft:glass_bottle":448,"minecraft:iron_sword":31,"minecraft:flowering_azalea":264,"minecraft:prismarine_brick_stairs":140,"minecraft:white_stained_glass_pane":57,"minecraft:dark_oak_slab":12,"minecraft:daylight_detector":1,"minecraft:spyglass":2,"minecraft:gravel":6511,"minecraft:dead_fire_coral_block":24,"minecraft:birch_stairs":2,"minecraft:small_amethyst_bud":15,"minecraft:spruce_sapling":606,"minecraft:spruce_log":5940,"minecraft:sea_lantern":103,"minecraft:firework_rocket":1343,"minecraft:red_stained_glass":1,"minecraft:polished_diorite":41,"minecraft:stone_axe":2,"minecraft:redstone_ore":835,"minecraft:diamond_axe":12,"minecraft:gray_wool":72,"minecraft:warped_roots":32,"minecraft:oak_button":6,"minecraft:warped_nylium":26,"minecraft:stripped_dark_oak_log":118,"minecraft:crimson_nylium":295,"minecraft:ender_pearl":8004,"minecraft:shulker_shell":254,"minecraft:chiseled_deepslate":4,"minecraft:wheat":5568,"minecraft:exposed_copper":21,"minecraft:redstone_block":128,"minecraft:iron_trapdoor":32,"minecraft:light_gray_shulker_box":74,"minecraft:green_stained_glass_pane":2,"minecraft:turtle_egg":9,"minecraft:potion":7,"minecraft:brain_coral_block":568,"minecraft:nether_brick":550,"minecraft:raw_copper":1795,"minecraft:smooth_stone_slab":261,"minecraft:iron_leggings":8,"minecraft:armor_stand":11,"minecraft:sticky_piston":101,"minecraft:netherite_ingot":6,"minecraft:pink_shulker_box":169,"minecraft:oak_sign":29,"minecraft:sea_pickle":192,"minecraft:deepslate_tiles":193,"minecraft:black_shulker_box":157,"minecraft:dark_oak_leaves":10,"minecraft:redstone_torch":155,"minecraft:calcite":2474,"minecraft:deepslate_tile_wall":31,"minecraft:iron_boots":10,"minecraft:furnace":122,"minecraft:stick":8523,"minecraft:orange_shulker_box":809,"minecraft:deepslate_brick_wall":4,"minecraft:brown_terracotta":2,"minecraft:oak_fence":473,"minecraft:torch":3431,"minecraft:porkchop":4,"minecraft:target":2,"minecraft:pointed_dripstone":4579,"minecraft:quartz_block":35,"minecraft:nether_gold_ore":255,"minecraft:cactus":179,"minecraft:green_wool":5,"minecraft:fire_coral_fan":142,"minecraft:cod":30,"minecraft:nautilus_shell":6,"minecraft:jungle_pressure_plate":4,"minecraft:magma_cream":273,"minecraft:tuff":1923,"minecraft:light_gray_dye":1,"minecraft:warped_trapdoor":19,"minecraft:wither_skeleton_skull":3,"minecraft:horn_coral":62,"minecraft:acacia_boat":2,"minecraft:green_shulker_box":17,"minecraft:lapis_lazuli":497,"minecraft:polished_granite":26,"minecraft:leather_boots":44,"minecraft:cobbled_deepslate_wall":20,"minecraft:deepslate_brick_slab":57,"minecraft:raw_gold":350,"minecraft:cobbled_deepslate_slab":44,"minecraft:bell":6,"minecraft:powered_rail":407,"minecraft:oak_planks":678,"minecraft:stone_hoe":3,"minecraft:brain_coral":88,"minecraft:ghast_tear":1,"minecraft:pink_concrete":9,"minecraft:cooked_porkchop":4,"minecraft:axolotl_bucket":25,"minecraft:poisonous_potato":7,"minecraft:polished_blackstone_slab":338,"minecraft:jungle_planks":1,"minecraft:sand":10776,"minecraft:dead_bush":210,"minecraft:chiseled_sandstone":3,"minecraft:shulker_box":1748,"minecraft:orange_wool":1,"minecraft:dark_prismarine":99,"minecraft:light_gray_concrete":9,"minecraft:spruce_fence_gate":5,"minecraft:clay":195,"minecraft:diamond":507,"minecraft:spruce_boat":65,"minecraft:black_concrete":10,"minecraft:polished_blackstone_button":45,"minecraft:white_concrete":889,"minecraft:oak_sapling":637,"minecraft:bubble_coral_block":687,"minecraft:nether_star":1,"minecraft:end_stone_bricks":83,"minecraft:cocoa_beans":693,"minecraft:charcoal":4,"minecraft:allium":19,"minecraft:chicken":276,"minecraft:gold_block":55,"minecraft:stone_stairs":328,"minecraft:iron_axe":4,"minecraft:item_frame":179,"minecraft:quartz_slab":25,"minecraft:detector_rail":2,"minecraft:dark_prismarine_stairs":6,"minecraft:andesite_stairs":4,"minecraft:oak_boat":128,"minecraft:player_head":1127,"minecraft:observer":70,"minecraft:light_gray_wool":25,"minecraft:lectern":486,"minecraft:tinted_glass":235,"minecraft:sugar_cane":7543,"minecraft:spruce_trapdoor":410,"minecraft:phantom_membrane":54,"minecraft:dark_oak_sapling":599,"minecraft:raw_iron":1253,"minecraft:copper_ingot":3885,"minecraft:stone_button":38,"minecraft:magenta_shulker_box":16,"minecraft:iron_horse_armor":1,"minecraft:dark_oak_planks":59,"minecraft:smooth_sandstone_slab":519,"minecraft:arrow":2760,"minecraft:saddle":1,"minecraft:wet_sponge":192,"minecraft:cracked_deepslate_tiles":40,"minecraft:glow_ink_sac":329,"minecraft:crimson_stem":1144,"minecraft:salmon":20,"minecraft:cut_sandstone":137,"minecraft:birch_planks":44,"minecraft:waxed_copper_block":17,"minecraft:nether_wart_block":1713,"minecraft:cobblestone_stairs":14,"minecraft:deepslate_tile_slab":472,"minecraft:cut_copper_slab":26,"minecraft:podzol":2247,"minecraft:smooth_sandstone":170,"minecraft:fire_coral_block":1022,"minecraft:acacia_sapling":359,"minecraft:soul_sand":1864,"minecraft:purple_concrete":80,"minecraft:book":2930,"minecraft:scaffolding":7349,"minecraft:oak_slab":302,"minecraft:birch_boat":17,"minecraft:pumpkin":6119,"minecraft:dripstone_block":632,"minecraft:brain_coral_fan":122,"minecraft:blast_furnace":10,"minecraft:white_bed":110,"minecraft:gold_ore":302,"minecraft:dark_oak_fence_gate":2,"minecraft:green_carpet":9,"minecraft:spider_eye":445,"minecraft:stripped_jungle_log":8,"minecraft:campfire":9,"minecraft:honey_block":2,"minecraft:dead_bubble_coral_block":22,"minecraft:iron_helmet":9,"minecraft:acacia_slab":19,"minecraft:black_wool":107,"minecraft:red_concrete":8,"minecraft:coal":3710},"minecraft:crafted":{"minecraft:red_stained_glass_pane":80,"minecraft:black_dye":279,"minecraft:oak_sign":102,"minecraft:polished_deepslate_wall":54,"minecraft:birch_boat":3,"minecraft:blaze_powder":56,"minecraft:chain":581,"minecraft:brick_wall":12,"minecraft:diorite_stairs":4,"minecraft:diamond_shovel":10,"minecraft:cracked_stone_bricks":216,"minecraft:nether_brick":737,"minecraft:gray_wool":34,"minecraft:shulker_box":108,"minecraft:diamond_helmet":10,"minecraft:beacon":1,"minecraft:stone_pressure_plate":7,"minecraft:iron_door":24,"minecraft:gray_stained_glass_pane":80,"minecraft:black_wool":89,"minecraft:gray_stained_glass":200,"minecraft:name_tag":442,"minecraft:white_shulker_box":6,"minecraft:pink_stained_glass":40,"minecraft:warped_stairs":768,"minecraft:redstone_lamp":122,"minecraft:jungle_boat":1,"minecraft:polished_andesite_stairs":5,"minecraft:acacia_slab":240,"minecraft:jungle_pressure_plate":2,"minecraft:smithing_table":21,"minecraft:nether_brick_fence":246,"minecraft:sticky_piston":220,"minecraft:red_nether_bricks":183,"minecraft:fletching_table":8,"minecraft:green_stained_glass":8,"minecraft:cracked_deepslate_tiles":1024,"minecraft:polished_deepslate_slab":36,"minecraft:painting":3,"minecraft:cartography_table":10,"minecraft:stone_brick_stairs":16,"minecraft:lectern":54,"minecraft:stone_slab":446,"minecraft:iron_pickaxe":13,"minecraft:acacia_door":3,"minecraft:composter":60,"minecraft:polished_blackstone_bricks":496,"minecraft:nautilus_shell":10,"minecraft:golden_carrot":6267,"minecraft:orange_shulker_box":8,"minecraft:iron_nugget":31642,"minecraft:diamond_hoe":9,"minecraft:spyglass":6,"minecraft:crimson_trapdoor":120,"minecraft:experience_bottle":3350,"minecraft:brick_stairs":28,"minecraft:soul_torch":104,"minecraft:acacia_fence_gate":11,"minecraft:red_banner":9,"minecraft:light_gray_wool":32,"minecraft:polished_blackstone_pressure_plate":2,"minecraft:prismarine_brick_stairs":8,"minecraft:spruce_fence":195,"minecraft:cracked_polished_blackstone_bricks":144,"minecraft:moss_carpet":78,"minecraft:stone_stairs":61,"minecraft:terracotta":45,"minecraft:lantern":417,"minecraft:spruce_stairs":1900,"minecraft:light_gray_shulker_box":3,"minecraft:polished_diorite":480,"minecraft:black_concrete_powder":16,"minecraft:red_shulker_box":11,"minecraft:stone_pickaxe":12,"minecraft:quartz_slab":6,"minecraft:spruce_boat":4,"minecraft:brick_slab":38,"minecraft:lead":22,"minecraft:light_gray_terracotta":1,"minecraft:enchanting_table":3,"minecraft:crimson_slab":72,"minecraft:acacia_trapdoor":188,"minecraft:light_blue_wool":18,"minecraft:dark_oak_button":261,"minecraft:acacia_stairs":164,"minecraft:red_carpet":24,"minecraft:deepslate_tiles":3500,"minecraft:enchanted_book":1401,"minecraft:orange_dye":28,"minecraft:crimson_stairs":64,"minecraft:oak_fence_gate":25,"minecraft:red_stained_glass":296,"minecraft:soul_lantern":92,"minecraft:warped_sign":36,"minecraft:warped_fungus_on_a_stick":1,"minecraft:chainmail_boots":12,"minecraft:fermented_spider_eye":19,"minecraft:birch_trapdoor":10,"minecraft:black_stained_glass_pane":456,"minecraft:writable_book":47,"minecraft:iron_shovel":6,"minecraft:armor_stand":18,"minecraft:prismarine_wall":6,"minecraft:note_block":187,"minecraft:pink_terracotta":1,"minecraft:grindstone":31,"minecraft:cobblestone_slab":224,"minecraft:barrel":258,"minecraft:polished_granite_slab":18,"minecraft:cooked_chicken":16,"minecraft:lightning_rod":82,"minecraft:stone":224,"minecraft:red_sandstone":241,"minecraft:warped_planks":1756,"minecraft:cake":27,"minecraft:brown_carpet":15,"minecraft:polished_blackstone_button":43,"minecraft:stone_brick_slab":66,"minecraft:brown_stained_glass":288,"minecraft:nether_brick_wall":80,"minecraft:orange_stained_glass_pane":16,"minecraft:bow":231,"minecraft:comparator":142,"minecraft:chest":1109,"minecraft:polished_basalt":876,"minecraft:oak_button":65,"minecraft:yellow_terracotta":8,"minecraft:copper_block":4103,"minecraft:rail":1536,"minecraft:bricks":3288,"minecraft:birch_button":16,"minecraft:red_nether_brick_slab":42,"minecraft:ender_eye":21,"minecraft:stone_bricks":6620,"minecraft:oak_fence":300,"minecraft:polished_diorite_slab":16,"minecraft:granite_stairs":41,"minecraft:white_banner":1,"minecraft:dropper":303,"minecraft:cauldron":454,"minecraft:iron_helmet":1,"minecraft:brown_dye":85,"minecraft:cracked_deepslate_bricks":740,"minecraft:red_wool":65,"minecraft:white_stained_glass_pane":272,"minecraft:warped_door":6,"minecraft:dispenser":269,"minecraft:prismarine_brick_slab":30,"minecraft:apple":1556,"minecraft:spruce_trapdoor":2164,"minecraft:pink_wool":6,"minecraft:purple_dye":28,"minecraft:yellow_dye":81,"minecraft:stick":2680,"minecraft:iron_ingot":44727,"minecraft:andesite_stairs":15,"minecraft:light_blue_shulker_box":1,"minecraft:red_nether_brick_wall":6,"minecraft:petrified_oak_slab":121,"minecraft:dark_oak_fence_gate":4,"minecraft:deepslate_bricks":5657,"minecraft:polished_diorite_stairs":1,"minecraft:deepslate_tile_slab":450,"minecraft:blue_terracotta":4,"minecraft:oak_door":3,"minecraft:nether_brick_slab":276,"minecraft:tripwire_hook":4,"minecraft:fishing_rod":1,"minecraft:beehive":37,"minecraft:spruce_button":866,"minecraft:blast_furnace":19,"minecraft:furnace":129,"minecraft:piston":755,"minecraft:polished_andesite_slab":10,"minecraft:oak_trapdoor":308,"minecraft:flint_and_steel":12,"minecraft:scaffolding":1134,"minecraft:granite_wall":12,"minecraft:white_concrete_powder":1112,"minecraft:polished_granite_stairs":20,"minecraft:cobblestone_wall":54,"minecraft:brown_shulker_box":10,"minecraft:birch_sign":33,"minecraft:glistering_melon_slice":87,"minecraft:magma_cream":1,"minecraft:purple_terracotta":32,"minecraft:iron_trapdoor":137,"minecraft:purple_shulker_box":1,"minecraft:diorite_wall":18,"minecraft:iron_sword":155,"minecraft:black_banner":40,"minecraft:cooked_salmon":16,"minecraft:acacia_boat":1,"minecraft:jungle_planks":1732,"minecraft:white_dye":714,"minecraft:black_carpet":12,"minecraft:stonecutter":67,"minecraft:anvil":92,"minecraft:cut_red_sandstone":32,"minecraft:torch":4240,"minecraft:diorite_slab":12,"minecraft:granite_slab":52,"minecraft:diamond_chestplate":11,"minecraft:ender_chest":20,"minecraft:light_gray_concrete_powder":128,"minecraft:smooth_stone":2519,"minecraft:chiseled_red_sandstone":1,"minecraft:cut_sandstone":552,"minecraft:dark_oak_pressure_plate":22,"minecraft:orange_stained_glass":8,"minecraft:birch_slab":114,"minecraft:slime_block":227,"minecraft:loom":20,"minecraft:polished_blackstone_slab":6,"minecraft:lever":145,"minecraft:bookshelf":1603,"minecraft:dark_prismarine_stairs":128,"minecraft:iron_bars":512,"minecraft:red_concrete_powder":168,"minecraft:deepslate_brick_stairs":41,"minecraft:magenta_shulker_box":2,"minecraft:quartz_block":1513,"minecraft:glass":5174,"minecraft:repeater":279,"minecraft:diamond_leggings":10,"minecraft:melon_seeds":12,"minecraft:polished_blackstone":1168,"minecraft:acacia_fence":162,"minecraft:magenta_dye":11,"minecraft:flower_pot":80,"minecraft:glass_bottle":96,"minecraft:furnace_minecart":1,"minecraft:target":321,"minecraft:deepslate":46,"minecraft:emerald":24182,"minecraft:cooked_porkchop":4,"minecraft:diamond_axe":10,"minecraft:spruce_door":15,"minecraft:clock":43,"minecraft:cobbled_deepslate_wall":12,"minecraft:copper_ingot":1889,"minecraft:purple_banner":4,"minecraft:hay_block":339,"minecraft:campfire":17,"minecraft:lime_shulker_box":3,"minecraft:chiseled_deepslate":22,"minecraft:compass":114,"minecraft:iron_block":10259,"minecraft:gold_ingot":1230,"minecraft:light_gray_dye":126,"minecraft:spruce_fence_gate":47,"minecraft:birch_stairs":56,"minecraft:packed_ice":275,"minecraft:stone_shovel":2,"minecraft:smooth_stone_slab":2,"minecraft:polished_deepslate_stairs":61,"minecraft:player_head":143,"minecraft:tinted_glass":2140,"minecraft:yellow_bed":3,"minecraft:red_terracotta":72,"minecraft:bone_meal":2820,"minecraft:cyan_stained_glass":16,"minecraft:andesite_wall":24,"minecraft:pink_dye":24,"minecraft:white_carpet":120,"minecraft:warped_trapdoor":132,"minecraft:diamond":1404,"minecraft:dark_oak_fence":387,"minecraft:detector_rail":6,"minecraft:ladder":273,"minecraft:spruce_slab":2640,"minecraft:ender_pearl":26,"minecraft:diamond_boots":10,"minecraft:cobbled_deepslate_stairs":38,"minecraft:redstone_block":781,"minecraft:jungle_fence":18,"minecraft:dark_oak_planks":4292,"minecraft:golden_helmet":5,"minecraft:wheat":828,"minecraft:coal_block":197,"minecraft:dripstone_block":613,"minecraft:daylight_detector":10,"minecraft:netherite_pickaxe":1,"minecraft:polished_blackstone_brick_slab":450,"minecraft:deepslate_brick_slab":128,"minecraft:magenta_stained_glass":24,"minecraft:red_bed":5,"minecraft:polished_granite":420,"minecraft:gray_concrete_powder":712,"minecraft:glowstone":2041,"minecraft:white_stained_glass":1432,"minecraft:jungle_slab":132,"minecraft:golden_apple":90,"minecraft:andesite_slab":126,"minecraft:cyan_shulker_box":3,"minecraft:oak_stairs":544,"minecraft:crimson_fence":12,"minecraft:warped_pressure_plate":2,"minecraft:deepslate_tile_stairs":6,"minecraft:iron_leggings":7,"minecraft:white_bed":16,"minecraft:brick":15242,"minecraft:oak_planks":6500,"minecraft:pink_shulker_box":1,"minecraft:cobblestone_stairs":40,"minecraft:warped_hyphae":24,"minecraft:light_blue_banner":3,"minecraft:flower_banner_pattern":1,"minecraft:spruce_pressure_plate":25,"minecraft:suspicious_stew":10,"minecraft:green_dye":99,"minecraft:hopper":488,"minecraft:iron_boots":2,"minecraft:cyan_terracotta":881,"minecraft:chiseled_stone_bricks":512,"minecraft:stone_hoe":10,"minecraft:honeycomb_block":24,"minecraft:raw_iron_block":22,"minecraft:smoker":14,"minecraft:smooth_red_sandstone":208,"minecraft:quartz_stairs":4,"minecraft:item_frame":137,"minecraft:oak_slab":1416,"minecraft:map":57,"minecraft:crafting_table":54,"minecraft:spruce_planks":23143,"minecraft:brown_stained_glass_pane":80,"minecraft:wooden_pickaxe":1,"minecraft:baked_potato":29,"minecraft:hopper_minecart":6,"minecraft:gold_block":22,"minecraft:brewing_stand":26,"minecraft:birch_planks":920,"minecraft:pumpkin_seeds":100,"minecraft:black_shulker_box":1,"minecraft:dark_oak_slab":294,"minecraft:iron_chestplate":8,"minecraft:book":245,"minecraft:paper":6621,"minecraft:emerald_block":595,"minecraft:diamond_pickaxe":17,"minecraft:shield":4,"minecraft:birch_fence":27,"minecraft:warped_slab":30,"minecraft:light_blue_dye":26,"minecraft:stone_sword":18,"minecraft:green_shulker_box":1,"minecraft:redstone_torch":1227,"minecraft:gray_carpet":12,"minecraft:light_gray_carpet":54,"minecraft:sponge":183,"minecraft:shears":411,"minecraft:light_gray_stained_glass_pane":32,"minecraft:green_carpet":72,"minecraft:crimson_hyphae":3,"minecraft:polished_andesite":376,"minecraft:coarse_dirt":288,"minecraft:cobbled_deepslate_slab":42,"minecraft:cookie":1728,"minecraft:redstone":2041,"minecraft:coal":810,"minecraft:light_gray_stained_glass":584,"minecraft:stone_button":156,"minecraft:dark_oak_trapdoor":356,"minecraft:gray_dye":202,"minecraft:dark_oak_sign":228,"minecraft:diamond_block":147,"minecraft:glass_pane":96,"minecraft:warped_fence":3,"minecraft:yellow_shulker_box":3,"minecraft:polished_deepslate":8106,"minecraft:green_concrete_powder":256,"minecraft:iron_axe":13,"minecraft:slime_ball":198,"minecraft:lime_dye":6,"minecraft:warped_button":64,"minecraft:chiseled_sandstone":16,"minecraft:minecart":138,"minecraft:observer":404,"minecraft:cooked_beef":389,"minecraft:sugar":64,"minecraft:red_dye":307,"minecraft:cooked_cod":14,"minecraft:bone_block":212,"minecraft:crimson_planks":512,"minecraft:diamond_sword":4,"minecraft:cyan_dye":114,"minecraft:spruce_sign":402,"minecraft:dark_oak_stairs":160,"minecraft:pink_concrete_powder":16,"minecraft:powered_rail":414,"minecraft:bell":576,"minecraft:smooth_sandstone":2368,"minecraft:nether_bricks":25,"minecraft:bucket":154,"minecraft:stone_axe":15,"minecraft:brown_terracotta":64,"minecraft:air":0,"minecraft:bread":3258,"minecraft:blue_dye":71,"minecraft:black_stained_glass":720,"minecraft:cut_copper":72,"minecraft:oak_boat":18,"minecraft:magenta_terracotta":9,"minecraft:gold_nugget":90,"minecraft:pink_stained_glass_pane":16,"minecraft:brown_wool":10,"minecraft:pumpkin_pie":1488,"minecraft:acacia_planks":3272,"minecraft:purple_concrete_powder":48,"minecraft:lapis_block":46,"minecraft:lapis_lazuli":165,"minecraft:clay":64,"minecraft:firework_rocket":3582},"minecraft:dropped":{"minecraft:iron_sword":47,"minecraft:lapis_lazuli":26,"minecraft:glow_ink_sac":4,"minecraft:glass_bottle":10809,"minecraft:diamond":113,"minecraft:crafting_table":4,"minecraft:warped_roots":3,"minecraft:cracked_stone_bricks":1,"minecraft:red_mushroom":6,"minecraft:emerald":145,"minecraft:birch_fence":1,"minecraft:dark_oak_fence":1,"minecraft:writable_book":1,"minecraft:gold_nugget":26,"minecraft:sand":15,"minecraft:fishing_rod":1,"minecraft:white_wool":9,"minecraft:stone_axe":12,"minecraft:ancient_debris":5,"minecraft:iron_nugget":809,"minecraft:cooked_chicken":7,"minecraft:cobbled_deepslate":257,"minecraft:wheat":56,"minecraft:obsidian":11,"minecraft:rotten_flesh":6230,"minecraft:oak_planks":25,"minecraft:glowstone_dust":3906,"minecraft:warped_sign":1,"minecraft:dead_fire_coral_block":1,"minecraft:red_mushroom_block":17,"minecraft:coal_ore":64,"minecraft:jungle_log":54,"minecraft:leather_boots":53,"minecraft:leather_leggings":50,"minecraft:red_nether_bricks":48,"minecraft:glass":30,"minecraft:beef":11,"minecraft:podzol":9,"minecraft:warped_wart_block":85,"minecraft:stone_brick_stairs":36,"minecraft:golden_boots":60,"minecraft:wheat_seeds":4772,"minecraft:deepslate_redstone_ore":2,"minecraft:dripstone_block":6,"minecraft:book":5,"minecraft:deepslate_tile_slab":14,"minecraft:dark_oak_leaves":1,"minecraft:gray_wool":5,"minecraft:ink_sac":7,"minecraft:potion":11,"minecraft:oak_stairs":16,"minecraft:pumpkin":2504,"minecraft:smooth_sandstone_slab":43,"minecraft:chainmail_leggings":22,"minecraft:lily_pad":16,"minecraft:player_head":447,"minecraft:cocoa_beans":34,"minecraft:white_carpet":11,"minecraft:iron_boots":8,"minecraft:name_tag":45,"minecraft:white_shulker_box":1,"minecraft:shears":6,"minecraft:oak_sign":1,"minecraft:diamond_sword":6,"minecraft:spruce_boat":22,"minecraft:flower_pot":2,"minecraft:sea_pickle":10,"minecraft:spruce_trapdoor":6,"minecraft:spruce_planks":17,"minecraft:diamond_pickaxe":8,"minecraft:andesite_stairs":2,"minecraft:stone_pressure_plate":4,"minecraft:barrel":1,"minecraft:stone_bricks":31,"minecraft:bamboo":3,"minecraft:sandstone":250,"minecraft:bow":193,"minecraft:magma_block":4,"minecraft:green_concrete_powder":2,"minecraft:moss_block":785,"minecraft:oak_log":48,"minecraft:ender_pearl":5723,"minecraft:cod":16,"minecraft:cobblestone_stairs":3,"minecraft:polished_diorite_stairs":2,"minecraft:dark_oak_log":134,"minecraft:black_shulker_box":1,"minecraft:axolotl_bucket":6,"minecraft:light_blue_banner":1,"minecraft:cauldron":386,"minecraft:gold_ingot":1,"minecraft:pink_terracotta":1,"minecraft:purpur_block":16,"minecraft:andesite_slab":1,"minecraft:soul_lantern":1,"minecraft:pointed_dripstone":47,"minecraft:beetroot":9,"minecraft:mycelium":1,"minecraft:leather_chestplate":52,"minecraft:beetroot_seeds":9,"minecraft:fire_coral_fan":6,"minecraft:acacia_slab":8,"minecraft:iron_ore":7,"minecraft:iron_bars":91,"minecraft:scaffolding":175,"minecraft:polished_granite":2,"minecraft:stone_hoe":4,"minecraft:bread":2006,"minecraft:golden_helmet":62,"minecraft:andesite_wall":2,"minecraft:spruce_stairs":15,"minecraft:iron_block":2846,"minecraft:melon_slice":5,"minecraft:white_concrete":124,"minecraft:yellow_shulker_box":1,"minecraft:iron_door":4,"minecraft:polished_basalt":14,"minecraft:cactus":6,"minecraft:chiseled_sandstone":1,"minecraft:polished_deepslate":3,"minecraft:polished_diorite":2,"minecraft:sweet_berries":26,"minecraft:dragon_head":1,"minecraft:light_gray_terracotta":1,"minecraft:shulker_box":9,"minecraft:flint_and_steel":2,"minecraft:copper_ore":16,"minecraft:andesite":186,"minecraft:golden_leggings":55,"minecraft:oak_sapling":6,"minecraft:birch_sign":3,"minecraft:brain_coral":6,"minecraft:spruce_log":113,"minecraft:magma_cream":49,"minecraft:brick":66,"minecraft:magenta_terracotta":1,"minecraft:crimson_stem":244,"minecraft:piston":40,"minecraft:cooked_beef":60,"minecraft:crossbow":3,"minecraft:dark_oak_button":14,"minecraft:purpur_stairs":1,"minecraft:elytra":4,"minecraft:rail":2,"minecraft:leather_helmet":63,"minecraft:dirt":615,"minecraft:grass":2,"minecraft:stone_button":8,"minecraft:cracked_deepslate_tiles":24,"minecraft:chain":11,"minecraft:bone_meal":14,"minecraft:deepslate_coal_ore":3,"minecraft:sunflower":2,"minecraft:sugar":10446,"minecraft:iron_pickaxe":5,"minecraft:polished_blackstone_slab":39,"minecraft:dark_oak_boat":3,"minecraft:gray_dye":3,"minecraft:blue_bed":1,"minecraft:bone":78,"minecraft:oak_door":2,"minecraft:sugar_cane":2,"minecraft:golden_chestplate":71,"minecraft:deepslate_brick_slab":2,"minecraft:end_stone":97,"minecraft:salmon":2,"minecraft:hopper":2,"minecraft:ladder":23,"minecraft:white_dye":70,"minecraft:spruce_slab":31,"minecraft:end_stone_bricks":28,"minecraft:egg":29,"minecraft:enchanted_book":61,"minecraft:iron_ingot":3583,"minecraft:netherite_pickaxe":4,"minecraft:copper_block":163,"minecraft:polished_blackstone":13,"minecraft:deepslate_diamond_ore":10,"minecraft:oak_fence":3,"minecraft:purpur_slab":1,"minecraft:iron_helmet":7,"minecraft:feather":49,"minecraft:cobblestone":1145,"minecraft:apple":8,"minecraft:granite":372,"minecraft:spruce_button":2,"minecraft:spruce_door":1,"minecraft:polished_blackstone_button":14,"minecraft:chainmail_helmet":11,"minecraft:coal":38,"minecraft:polished_andesite":1,"minecraft:end_rod":2,"minecraft:golden_carrot":300,"minecraft:iron_trapdoor":16,"minecraft:diamond_helmet":5,"minecraft:paper":68,"minecraft:iron_shovel":30,"minecraft:string":11,"minecraft:gray_carpet":3,"minecraft:oxidized_copper":1216,"minecraft:spruce_sapling":1,"minecraft:purpur_pillar":2,"minecraft:furnace":10,"minecraft:moss_carpet":91,"minecraft:soul_torch":1,"minecraft:netherite_ingot":10,"minecraft:stone_sword":4,"minecraft:cobblestone_wall":3,"minecraft:dark_oak_sign":8,"minecraft:deepslate":17,"minecraft:bowl":10,"minecraft:chicken":88,"minecraft:polished_deepslate_slab":1,"minecraft:stone_slab":43,"minecraft:diamond_ore":6,"minecraft:nether_bricks":8,"minecraft:spruce_fence":6,"minecraft:pumpkin_seeds":50,"minecraft:potato":157,"minecraft:cobblestone_slab":34,"minecraft:stone":1540,"minecraft:carved_pumpkin":19,"minecraft:spider_eye":10702,"minecraft:birch_boat":4,"minecraft:blue_orchid":4,"minecraft:dark_prismarine":10,"minecraft:gold_ore":2,"minecraft:spruce_sign":1,"minecraft:diamond_axe":7,"minecraft:tube_coral_fan":6,"minecraft:flint":35,"minecraft:spruce_leaves":4,"minecraft:deepslate_tile_stairs":4,"minecraft:cyan_terracotta":1,"minecraft:cornflower":1,"minecraft:crimson_roots":3,"minecraft:cooked_cod":11,"minecraft:white_stained_glass_pane":50,"minecraft:amethyst_shard":5,"minecraft:polished_blackstone_bricks":1,"minecraft:glistering_melon_slice":39,"minecraft:gravel":283,"minecraft:blackstone":129,"minecraft:diamond_shovel":2,"minecraft:stone_stairs":37,"minecraft:carrot":455,"minecraft:chainmail_chestplate":15,"minecraft:poppy":17343,"minecraft:shulker_shell":108,"minecraft:gunpowder":5085,"minecraft:petrified_oak_slab":11,"minecraft:melon_seeds":9,"minecraft:azalea":2,"minecraft:chainmail_boots":18,"minecraft:chest":58,"minecraft:basalt":574,"minecraft:arrow":2618,"minecraft:prismarine_bricks":55,"minecraft:written_book":3,"minecraft:oak_leaves":88,"minecraft:netherrack":1457,"minecraft:firework_rocket":397,"minecraft:water_bucket":3,"minecraft:oak_slab":22,"minecraft:deepslate_iron_ore":21,"minecraft:mossy_cobblestone":5,"minecraft:smithing_table":1,"minecraft:minecart":43,"minecraft:diamond_leggings":4,"minecraft:poisonous_potato":2,"minecraft:lead":18,"minecraft:grass_block":234,"minecraft:stick":81,"minecraft:diorite":402,"minecraft:nether_gold_ore":6,"minecraft:torch":336,"minecraft:green_carpet":2,"minecraft:iron_leggings":5,"minecraft:flowering_azalea":7,"minecraft:iron_axe":1,"minecraft:bucket":15,"minecraft:music_disc_cat":1,"minecraft:dandelion":29,"minecraft:smooth_basalt":103,"minecraft:redstone":81,"minecraft:anvil":7,"minecraft:warped_nylium":7,"minecraft:ender_chest":4,"minecraft:nether_wart":3,"minecraft:blaze_rod":2,"minecraft:tuff":12,"minecraft:raw_iron":194,"minecraft:light_gray_wool":1,"minecraft:acacia_leaves":21,"minecraft:filled_map":2,"minecraft:shield":4,"minecraft:diamond_chestplate":4,"minecraft:iron_chestplate":8,"minecraft:oak_boat":18,"minecraft:golden_sword":1,"minecraft:diamond_boots":5,"minecraft:slime_ball":1,"minecraft:beacon":2,"minecraft:stone_pickaxe":10,"minecraft:dead_brain_coral_block":1,"minecraft:nether_quartz_ore":3,"minecraft:calcite":48},"minecraft:killed":{"minecraft:cod":13,"minecraft:guardian":17,"minecraft:elder_guardian":3,"minecraft:salmon":19,"minecraft:iron_golem":17,"minecraft:pillager":33,"minecraft:zombie":11403,"minecraft:endermite":7,"minecraft:husk":6,"minecraft:zombified_piglin":9,"minecraft:witch":3,"minecraft:spider":296,"minecraft:wither":1,"minecraft:silverfish":97,"minecraft:piglin":5,"minecraft:zombie_villager":5,"minecraft:sheep":11,"minecraft:trader_llama":14,"minecraft:ghast":11,"minecraft:slime":218,"minecraft:drowned":229370,"minecraft:squid":60,"minecraft:wither_skeleton":37,"minecraft:player":24,"minecraft:cave_spider":46,"minecraft:shulker":236,"minecraft:skeleton":1549,"minecraft:chicken":288,"minecraft:magma_cube":578,"minecraft:glow_squid":1,"minecraft:cow":242,"minecraft:wandering_trader":8,"minecraft:enderman":11556,"minecraft:strider":2,"minecraft:creeper":69,"minecraft:blaze":106,"minecraft:phantom":34,"minecraft:llama":2,"minecraft:bat":6}},"DataVersion":2730}