{"stats":{"minecraft:crafted":{"minecraft:ender_chest":1,"minecraft:black_dye":416,"minecraft:smooth_stone":167,"minecraft:oak_sign":3,"minecraft:blaze_powder":4,"minecraft:chain":65,"minecraft:diamond_shovel":3,"minecraft:lever":18,"minecraft:bookshelf":16,"minecraft:nether_brick":1371,"minecraft:cooked_mutton":8,"minecraft:shulker_box":10,"minecraft:iron_bars":64,"minecraft:deepslate_brick_stairs":22,"minecraft:quartz_block":3844,"minecraft:glass":238,"minecraft:repeater":44,"minecraft:diamond_helmet":1,"minecraft:diamond_leggings":1,"minecraft:beacon":1,"minecraft:stone_pressure_plate":11,"minecraft:chiseled_quartz_block":21,"minecraft:gray_stained_glass":96,"minecraft:flower_pot":3,"minecraft:glass_bottle":30,"minecraft:redstone_lamp":34,"minecraft:deepslate":5,"minecraft:end_rod":220,"minecraft:smooth_quartz":2014,"minecraft:cooked_porkchop":18,"minecraft:diamond_axe":2,"minecraft:glow_item_frame":2,"minecraft:spruce_door":12,"minecraft:smithing_table":1,"minecraft:copper_ingot":1562,"minecraft:nether_brick_fence":48,"minecraft:sticky_piston":44,"minecraft:hay_block":4,"minecraft:cracked_deepslate_tiles":297,"minecraft:campfire":3,"minecraft:polished_deepslate_slab":44,"minecraft:painting":1,"minecraft:golden_leggings":1,"minecraft:chiseled_deepslate":17,"minecraft:compass":6,"minecraft:iron_pickaxe":10,"minecraft:iron_block":212,"minecraft:gold_ingot":858,"minecraft:netherite_ingot":4,"minecraft:composter":1,"minecraft:spruce_fence_gate":13,"minecraft:golden_carrot":3,"minecraft:stone_shovel":1,"minecraft:leather_leggings":1,"minecraft:iron_nugget":288,"minecraft:player_head":3,"minecraft:polished_deepslate_stairs":14,"minecraft:soul_torch":32,"minecraft:bone_meal":144,"minecraft:spruce_fence":72,"minecraft:diamond":63,"minecraft:spruce_stairs":12,"minecraft:deepslate_brick_wall":15,"minecraft:black_concrete_powder":2600,"minecraft:ladder":93,"minecraft:spruce_slab":18,"minecraft:red_shulker_box":29,"minecraft:stone_pickaxe":4,"minecraft:diamond_boots":1,"minecraft:cobbled_deepslate_stairs":12,"minecraft:deepslate_tile_wall":15,"minecraft:spruce_boat":1,"minecraft:cracked_nether_bricks":110,"minecraft:redstone_block":395,"minecraft:dark_oak_planks":148,"minecraft:golden_helmet":1,"minecraft:coal_block":481,"minecraft:crossbow":1,"minecraft:netherite_pickaxe":3,"minecraft:enchanting_table":1,"minecraft:red_bed":1,"minecraft:deepslate_tiles":2,"minecraft:glowstone":44,"minecraft:polished_blackstone_brick_wall":8,"minecraft:soul_lantern":18,"minecraft:golden_apple":60,"minecraft:andesite_slab":6,"minecraft:fermented_spider_eye":1,"minecraft:gray_shulker_box":1,"minecraft:birch_trapdoor":2,"minecraft:black_stained_glass_pane":64,"minecraft:iron_shovel":15,"minecraft:iron_leggings":1,"minecraft:deepslate_tile_stairs":4,"minecraft:armor_stand":1,"minecraft:white_bed":2,"minecraft:brick":35,"minecraft:grindstone":1,"minecraft:oak_planks":332,"minecraft:cobblestone_slab":12,"minecraft:barrel":2,"minecraft:cooked_chicken":108,"minecraft:lightning_rod":73,"minecraft:stone":72,"minecraft:heavy_weighted_pressure_plate":3,"minecraft:spruce_pressure_plate":1,"minecraft:polished_blackstone_button":37,"minecraft:hopper":2,"minecraft:nether_brick_wall":5,"minecraft:bow":6,"minecraft:iron_boots":1,"minecraft:comparator":10,"minecraft:chest":84,"minecraft:oak_button":2,"minecraft:copper_block":113,"minecraft:stone_hoe":1,"minecraft:ender_eye":1,"minecraft:golden_boots":5,"minecraft:smoker":1,"minecraft:quartz_stairs":8,"minecraft:oak_slab":12,"minecraft:item_frame":10,"minecraft:arrow":220,"minecraft:cauldron":70,"minecraft:map":6,"minecraft:crafting_table":7,"minecraft:spruce_planks":1820,"minecraft:iron_helmet":1,"minecraft:cracked_deepslate_bricks":64,"minecraft:red_wool":3,"minecraft:gold_block":46,"minecraft:birch_planks":28,"minecraft:sea_pickle":2,"minecraft:black_shulker_box":1,"minecraft:dispenser":4,"minecraft:spruce_trapdoor":40,"minecraft:dark_oak_slab":36,"minecraft:iron_chestplate":1,"minecraft:book":119,"minecraft:paper":495,"minecraft:charcoal":11,"minecraft:diamond_pickaxe":5,"minecraft:emerald_block":16,"minecraft:shield":2,"minecraft:stick":908,"minecraft:leather_chestplate":1,"minecraft:iron_ingot":3059,"minecraft:stone_sword":2,"minecraft:redstone_torch":139,"minecraft:shears":2,"minecraft:deepslate_tile_slab":14,"minecraft:coarse_dirt":2284,"minecraft:oak_door":3,"minecraft:redstone":765,"minecraft:coal":684,"minecraft:fishing_rod":1,"minecraft:popped_chorus_fruit":56,"minecraft:furnace":10,"minecraft:stone_button":1,"minecraft:blast_furnace":1,"minecraft:piston":44,"minecraft:dark_oak_trapdoor":34,"minecraft:gray_dye":26,"minecraft:dark_oak_sign":3,"minecraft:diamond_block":13,"minecraft:oak_trapdoor":6,"minecraft:scaffolding":354,"minecraft:polished_deepslate":31,"minecraft:black_terracotta":560,"minecraft:iron_axe":1,"minecraft:iron_hoe":1,"minecraft:slime_ball":36,"minecraft:cobblestone_wall":6,"minecraft:netherite_scrap":21,"minecraft:blackstone_stairs":15,"minecraft:birch_sign":3,"minecraft:observer":16,"minecraft:glistering_melon_slice":3,"minecraft:cooked_beef":404,"minecraft:sugar":30,"minecraft:red_dye":66,"minecraft:diamond_sword":2,"minecraft:dark_oak_stairs":12,"minecraft:iron_trapdoor":66,"minecraft:spruce_sign":21,"minecraft:nether_bricks":338,"minecraft:bucket":22,"minecraft:stone_axe":1,"minecraft:air":0,"minecraft:bread":154,"minecraft:black_stained_glass":24,"minecraft:oak_boat":1,"minecraft:white_wool":3,"minecraft:gold_nugget":54,"minecraft:white_dye":23,"minecraft:black_carpet":144,"minecraft:anvil":9,"minecraft:stonecutter":1,"minecraft:torch":1252,"minecraft:lapis_lazuli":351,"minecraft:lapis_block":105,"minecraft:diamond_chestplate":1,"minecraft:firework_rocket":261},"minecraft:custom":{"minecraft:interact_with_crafting_table":523,"minecraft:open_barrel":243,"minecraft:leave_game":235,"minecraft:time_since_death":6829493,"minecraft:damage_blocked_by_shield":2950,"minecraft:play_time":6829559,"minecraft:jump":65200,"minecraft:enchant_item":158,"minecraft:interact_with_furnace":953,"minecraft:traded_with_villager":6,"minecraft:interact_with_cartography_table":1,"minecraft:sleep_in_bed":92,"minecraft:damage_dealt":152609,"minecraft:interact_with_smoker":120,"minecraft:inspect_dispenser":28,"minecraft:horse_one_cm":141243,"minecraft:use_cauldron":11,"minecraft:interact_with_smithing_table":11,"minecraft:inspect_dropper":5,"minecraft:interact_with_anvil":87,"minecraft:inspect_hopper":18,"minecraft:sneak_time":463490,"minecraft:interact_with_lectern":25,"minecraft:interact_with_blast_furnace":191,"minecraft:total_world_time":6829559,"minecraft:tune_noteblock":8,"minecraft:interact_with_stonecutter":227,"minecraft:time_since_rest":115310,"minecraft:swim_one_cm":781131,"minecraft:fly_one_cm":13012231,"minecraft:open_chest":4256,"minecraft:fish_caught":2,"minecraft:fall_one_cm":1315363,"minecraft:animals_bred":186,"minecraft:open_shulker_box":2058,"minecraft:sprint_one_cm":17162838,"minecraft:drop":918,"minecraft:talked_to_villager":8,"minecraft:interact_with_brewingstand":49,"minecraft:walk_on_water_one_cm":489246,"minecraft:open_enderchest":341,"minecraft:interact_with_beacon":3,"minecraft:crouch_one_cm":1581691,"minecraft:mob_kills":10669,"minecraft:fill_cauldron":2,"minecraft:climb_one_cm":907097,"minecraft:walk_one_cm":26641367,"minecraft:walk_under_water_one_cm":458235,"minecraft:boat_one_cm":1058961,"minecraft:pot_flower":4,"minecraft:interact_with_grindstone":38,"minecraft:damage_taken":20979,"minecraft:minecart_one_cm":3244,"minecraft:aviate_one_cm":4879871},"minecraft:dropped":{"minecraft:iron_sword":1,"minecraft:porkchop":6,"minecraft:cooked_beef":2,"minecraft:glass_bottle":11,"minecraft:diamond":8,"minecraft:crafting_table":1,"minecraft:crossbow":1,"minecraft:weeping_vines":1,"minecraft:cookie":648,"minecraft:rail":8,"minecraft:leather_helmet":1,"minecraft:dirt":69,"minecraft:wooden_sword":2,"minecraft:bone_block":5,"minecraft:phantom_membrane":1,"minecraft:sand":32,"minecraft:sugar":38,"minecraft:bone":6,"minecraft:oak_door":2,"minecraft:emerald_block":1,"minecraft:iron_nugget":23,"minecraft:golden_chestplate":2,"minecraft:cobbled_deepslate":4,"minecraft:rotten_flesh":92,"minecraft:oak_planks":3,"minecraft:quartz_block":3,"minecraft:leather_leggings":3,"minecraft:egg":1014,"minecraft:iron_ingot":1,"minecraft:netherite_pickaxe":1,"minecraft:wheat_seeds":119,"minecraft:oak_fence":3,"minecraft:cobblestone":1638,"minecraft:apple":326,"minecraft:granite":122,"minecraft:polished_blackstone_button":7,"minecraft:coal":3,"minecraft:golden_apple":23,"minecraft:golden_carrot":269,"minecraft:iron_shovel":1,"minecraft:string":11,"minecraft:player_head":4,"minecraft:stone_sword":7,"minecraft:smooth_stone_slab":1,"minecraft:deepslate":13,"minecraft:nether_bricks":2,"minecraft:oak_sign":1,"minecraft:diamond_sword":1,"minecraft:potato":1,"minecraft:cobblestone_slab":6,"minecraft:stone":171,"minecraft:powder_snow_bucket":1,"minecraft:spruce_planks":11,"minecraft:carved_pumpkin":1,"minecraft:spider_eye":1,"minecraft:barrel":1,"minecraft:bow":6,"minecraft:magma_block":9,"minecraft:spruce_sign":20,"minecraft:brown_mushroom":3,"minecraft:ender_pearl":1740,"minecraft:tube_coral_fan":1,"minecraft:leather":1,"minecraft:cod":1,"minecraft:flint":25,"minecraft:deepslate_tile_stairs":2,"minecraft:dark_oak_log":18,"minecraft:mutton":1,"minecraft:black_shulker_box":1,"minecraft:pumpkin_pie":263,"minecraft:polished_blackstone_bricks":24,"minecraft:black_concrete":44,"minecraft:gold_ingot":9,"minecraft:cauldron":64,"minecraft:gravel":198,"minecraft:blackstone":64,"minecraft:diamond_shovel":1,"minecraft:gunpowder":4,"minecraft:petrified_oak_slab":1,"minecraft:horn_coral_fan":1,"minecraft:chest":4,"minecraft:basalt":578,"minecraft:cracked_nether_bricks":9,"minecraft:scaffolding":10,"minecraft:quartz":8,"minecraft:written_book":4,"minecraft:netherrack":11296,"minecraft:firework_rocket":43,"minecraft:bread":74,"minecraft:diamond_leggings":1,"minecraft:stick":10,"minecraft:diorite":118,"minecraft:torch":8,"minecraft:crimson_sign":1,"minecraft:iron_axe":1,"minecraft:redstone":1,"minecraft:smooth_basalt":68,"minecraft:sweet_berries":2,"minecraft:blaze_rod":1,"minecraft:tuff":5,"minecraft:shield":1,"minecraft:oak_button":1,"minecraft:andesite":139,"minecraft:golden_leggings":1,"minecraft:spruce_log":5,"minecraft:stone_pickaxe":1,"minecraft:magma_cream":38},"minecraft:broken":{"minecraft:wooden_sword":2,"minecraft:wooden_pickaxe":1,"minecraft:iron_pickaxe":4,"minecraft:iron_helmet":1,"minecraft:golden_helmet":1,"minecraft:iron_shovel":11,"minecraft:stone_pickaxe":1,"minecraft:stone_shovel":1},"minecraft:killed":{"minecraft:cave_spider":274,"minecraft:shulker":42,"minecraft:skeleton":124,"minecraft:chicken":36,"minecraft:magma_cube":345,"minecraft:salmon":18,"minecraft:pillager":31,"minecraft:zombie":163,"minecraft:glow_squid":2,"minecraft:cow":181,"minecraft:endermite":1,"minecraft:vindicator":2,"minecraft:husk":6,"minecraft:wandering_trader":1,"minecraft:enderman":8994,"minecraft:witch":2,"minecraft:spider":60,"minecraft:silverfish":74,"minecraft:piglin_brute":1,"minecraft:piglin":9,"minecraft:pig":4,"minecraft:zombie_villager":1,"minecraft:creeper":93,"minecraft:trader_llama":2,"minecraft:ghast":14,"minecraft:blaze":18,"minecraft:slime":8,"minecraft:phantom":1,"minecraft:drowned":3,"minecraft:bat":1,"minecraft:hoglin":6,"minecraft:squid":92,"minecraft:wither_skeleton":19},"minecraft:used":{"minecraft:nether_brick_fence":73,"minecraft:writable_book":1,"minecraft:chiseled_deepslate":70,"minecraft:dead_horn_coral_block":2,"minecraft:polished_blackstone":1,"minecraft:smooth_quartz_slab":4415,"minecraft:dispenser":4,"minecraft:spruce_slab":15,"minecraft:ladder":53,"minecraft:black_carpet":154,"minecraft:chest":85,"minecraft:stone":596,"minecraft:quartz_stairs":181,"minecraft:white_shulker_box":24,"minecraft:soul_sand":22,"minecraft:weathered_copper":1,"minecraft:cracked_deepslate_tiles":309,"minecraft:deepslate_brick_slab":43,"minecraft:weeping_vines":19,"minecraft:spruce_boat":5,"minecraft:lava_bucket":169,"minecraft:black_stained_glass_pane":25,"minecraft:grass_block":26,"minecraft:quartz_block":2080,"minecraft:dark_oak_slab":29,"minecraft:bow":630,"minecraft:dark_oak_boat":7,"minecraft:sweet_berries":11,"minecraft:furnace":14,"minecraft:egg":773,"minecraft:deepslate_brick_wall":153,"minecraft:emerald_ore":1,"minecraft:diorite":101,"minecraft:spruce_door":25,"minecraft:end_stone_bricks":7,"minecraft:blackstone":189,"minecraft:cactus":17,"minecraft:wooden_pickaxe":41,"minecraft:composter":1,"minecraft:clay":12,"minecraft:purpur_pillar":41,"minecraft:cookie":19,"minecraft:smooth_quartz_stairs":1,"minecraft:glow_berries":2,"minecraft:golden_apple":1,"minecraft:dark_oak_trapdoor":36,"minecraft:purpur_stairs":4,"minecraft:sand":131,"minecraft:blast_furnace":2,"minecraft:chiseled_quartz_block":25,"minecraft:black_concrete_powder":2518,"minecraft:deepslate_brick_stairs":14,"minecraft:lightning_rod":86,"minecraft:deepslate_tiles":703,"minecraft:stone_button":2,"minecraft:soul_lantern":17,"minecraft:coal_block":458,"minecraft:nether_wart_block":78,"minecraft:diamond_sword":2824,"minecraft:wooden_sword":138,"minecraft:smithing_table":2,"minecraft:oak_boat":2,"minecraft:gray_stained_glass":87,"minecraft:oak_trapdoor":8,"minecraft:diorite_stairs":92,"minecraft:iron_bars":63,"minecraft:polished_blackstone_brick_slab":145,"minecraft:enchanting_table":4,"minecraft:stone_sword":92,"minecraft:dead_bush":32,"minecraft:armor_stand":1,"minecraft:polished_blackstone_wall":3,"minecraft:netherrack":5958,"minecraft:torch":2772,"minecraft:brewing_stand":3,"minecraft:anvil":10,"minecraft:wheat":1,"minecraft:nether_quartz_ore":18,"minecraft:glow_lichen":41,"minecraft:nether_brick_stairs":6,"minecraft:red_shulker_box":157,"minecraft:sea_lantern":6,"minecraft:iron_block":241,"minecraft:iron_axe":245,"minecraft:polished_deepslate_wall":434,"minecraft:smooth_quartz":2,"minecraft:barrel":8,"minecraft:melon_seeds":1,"minecraft:smooth_basalt":234,"minecraft:bamboo":114,"minecraft:basalt":683,"minecraft:glowstone":1,"minecraft:iron_trapdoor":99,"minecraft:oxidized_copper":1,"minecraft:podzol":617,"minecraft:cobbled_deepslate":411,"minecraft:observer":64,"minecraft:wheat_seeds":1409,"minecraft:water_bucket":133,"minecraft:nether_brick_wall":3,"minecraft:birch_planks":1,"minecraft:cauldron":7,"minecraft:glow_ink_sac":1,"minecraft:spruce_fence_gate":7,"minecraft:deepslate_bricks":218,"minecraft:polished_blackstone_bricks":252,"minecraft:polished_deepslate_slab":2648,"minecraft:comparator":23,"minecraft:crafting_table":34,"minecraft:red_bed":1,"minecraft:birch_sign":6,"minecraft:white_bed":10,"minecraft:campfire":4,"minecraft:spruce_log":13,"minecraft:deepslate_tile_wall":130,"minecraft:diamond_pickaxe":29101,"minecraft:diamond_shovel":13260,"minecraft:oak_button":2,"minecraft:iron_pickaxe":1971,"minecraft:spruce_pressure_plate":1,"minecraft:spruce_trapdoor":47,"minecraft:spruce_sapling":50,"minecraft:crimson_nylium":21,"minecraft:cobblestone":3053,"minecraft:potion":8,"minecraft:cooked_porkchop":13,"minecraft:porkchop":5,"minecraft:iron_shovel":4140,"minecraft:polished_deepslate":856,"minecraft:oak_sign":1,"minecraft:shield":72,"minecraft:iron_sword":176,"minecraft:nether_wart":12,"minecraft:player_head":3,"minecraft:smooth_sandstone_stairs":2,"minecraft:nether_bricks":380,"minecraft:carrot":10,"minecraft:deepslate_tile_slab":2124,"minecraft:tuff":64,"minecraft:milk_bucket":2,"minecraft:obsidian":37,"minecraft:polished_deepslate_stairs":825,"minecraft:glass":41,"minecraft:coal_ore":8,"minecraft:quartz_slab":240,"minecraft:crimson_roots":17,"minecraft:item_frame":25,"minecraft:birch_trapdoor":6,"minecraft:repeater":118,"minecraft:redstone_lamp":70,"minecraft:magma_block":103,"minecraft:hay_block":3,"minecraft:written_book":8,"minecraft:scaffolding":1582,"minecraft:dark_oak_stairs":2,"minecraft:end_rod":265,"minecraft:stone_pickaxe":286,"minecraft:wither_skeleton_skull":3,"minecraft:dark_oak_sign":2,"minecraft:ender_pearl":78,"minecraft:redstone_block":21,"minecraft:sugar_cane":47,"minecraft:diamond_axe":1150,"minecraft:lime_stained_glass_pane":1,"minecraft:dripstone_block":19,"minecraft:deepslate_lapis_ore":2,"minecraft:end_stone":575,"minecraft:shears":63,"minecraft:cobbled_deepslate_stairs":52,"minecraft:exposed_copper":2,"minecraft:redstone_torch":13,"minecraft:sticky_piston":92,"minecraft:black_terracotta":544,"minecraft:lever":39,"minecraft:black_concrete":1173,"minecraft:firework_rocket":76,"minecraft:gray_shulker_box":4,"minecraft:heavy_weighted_pressure_plate":7,"minecraft:bread":160,"minecraft:string":10,"minecraft:brown_wool":6,"minecraft:deepslate":346,"minecraft:gravel":238,"minecraft:andesite":76,"minecraft:grindstone":3,"minecraft:coarse_dirt":2355,"minecraft:chain":75,"minecraft:bone_meal":99,"minecraft:smooth_stone_slab":4,"minecraft:oak_fence":14,"minecraft:purpur_block":30,"minecraft:petrified_oak_slab":1,"minecraft:trident":384,"minecraft:flint_and_steel":9,"minecraft:cracked_deepslate_bricks":19,"minecraft:stone_shovel":131,"minecraft:redstone":330,"minecraft:spruce_planks":353,"minecraft:ender_chest":5,"minecraft:stone_hoe":103,"minecraft:cooked_chicken":93,"minecraft:oak_door":1,"minecraft:dirt":1358,"minecraft:hopper":6,"minecraft:spruce_stairs":5,"minecraft:cobblestone_wall":6,"minecraft:diamond_helmet":1,"minecraft:shulker_box":35,"minecraft:spruce_fence":66,"minecraft:granite":400,"minecraft:iron_hoe":245,"minecraft:bookshelf":16,"minecraft:golden_carrot":2,"minecraft:emerald_block":1,"minecraft:soul_soil":10,"minecraft:deepslate_tile_stairs":668,"minecraft:netherite_pickaxe":87588,"minecraft:horn_coral_block":52,"minecraft:stone_pressure_plate":50,"minecraft:cooked_beef":449,"minecraft:red_dye":1,"minecraft:powder_snow_bucket":2,"minecraft:cobbled_deepslate_wall":115,"minecraft:cooked_mutton":8,"minecraft:glass_bottle":30,"minecraft:baked_potato":1,"minecraft:netherite_chestplate":1,"minecraft:copper_block":25,"minecraft:andesite_slab":13,"minecraft:brown_mushroom":10,"minecraft:black_shulker_box":1,"minecraft:spruce_sign":22,"minecraft:white_dye":1,"minecraft:beacon":1,"minecraft:stonecutter":14,"minecraft:chiseled_nether_bricks":12,"minecraft:cobblestone_slab":6,"minecraft:glow_item_frame":4,"minecraft:terracotta":24,"minecraft:painting":2,"minecraft:smoker":2,"minecraft:flower_pot":4,"minecraft:apple":1,"minecraft:map":6,"minecraft:stone_slab":2,"minecraft:cracked_nether_bricks":111,"minecraft:stone_axe":60,"minecraft:fishing_rod":2,"minecraft:crimson_fungus":2,"minecraft:cobbled_deepslate_slab":19,"minecraft:bucket":321,"minecraft:sea_pickle":1,"minecraft:polished_blackstone_button":31,"minecraft:splash_potion":3,"minecraft:smooth_stone":334,"minecraft:soul_torch":2},"minecraft:picked_up":{"minecraft:seagrass":10,"minecraft:chainmail_boots":1,"minecraft:flower_pot":1,"minecraft:anvil":1,"minecraft:smithing_table":1,"minecraft:lead":4,"minecraft:diamond_sword":3,"minecraft:wither_rose":65,"minecraft:enchanted_book":1,"minecraft:brewing_stand":3,"minecraft:polished_deepslate_wall":126,"minecraft:amethyst_block":18,"minecraft:polished_deepslate":279,"minecraft:string":936,"minecraft:dark_oak_trapdoor":2,"minecraft:soul_soil":25,"minecraft:diamond_leggings":2,"minecraft:gold_nugget":1491,"minecraft:cobbled_deepslate":6867,"minecraft:spruce_planks":57,"minecraft:horn_coral_block":80,"minecraft:written_book":3,"minecraft:melon_slice":5,"minecraft:coal_block":274,"minecraft:crimson_sign":1,"minecraft:diamond_ore":1,"minecraft:golden_helmet":2,"minecraft:polished_blackstone_brick_slab":17,"minecraft:purpur_pillar":41,"minecraft:golden_axe":1,"minecraft:lightning_rod":60,"minecraft:deepslate_tile_stairs":120,"minecraft:gray_shulker_box":4,"minecraft:golden_chestplate":2,"minecraft:cauldron":1,"minecraft:stone_sword":6,"minecraft:horn_coral_fan":1,"minecraft:carved_pumpkin":1,"minecraft:iron_block":92,"minecraft:glowstone":34,"minecraft:end_rod":95,"minecraft:blaze_rod":24,"minecraft:iron_bars":1,"minecraft:snowball":4,"minecraft:birch_log":11,"minecraft:magma_block":108,"minecraft:oxidized_copper":2,"minecraft:feather":65,"minecraft:cooked_beef":2,"minecraft:brown_wool":6,"minecraft:dark_oak_boat":7,"minecraft:copper_block":112,"minecraft:powder_snow_bucket":2,"minecraft:smoker":1,"minecraft:flint":567,"minecraft:twisting_vines":34,"minecraft:stonecutter":13,"minecraft:dark_oak_sign":1,"minecraft:diamond_helmet":1,"minecraft:glowstone_dust":185,"minecraft:glow_lichen":36,"minecraft:warped_wart_block":1,"minecraft:ink_sac":330,"minecraft:dark_oak_log":100,"minecraft:barrel":9,"minecraft:dispenser":3,"minecraft:black_concrete_powder":114,"minecraft:deepslate":420,"minecraft:lever":28,"minecraft:writable_book":1,"minecraft:deepslate_gold_ore":5,"minecraft:granite":2862,"minecraft:bread":1730,"minecraft:deepslate_coal_ore":2,"minecraft:crimson_roots":39,"minecraft:diamond_pickaxe":2,"minecraft:crafting_table":29,"minecraft:lime_stained_glass_pane":1,"minecraft:coarse_dirt":383,"minecraft:nether_wart":26,"minecraft:clay_ball":48,"minecraft:leather_leggings":5,"minecraft:redstone_lamp":37,"minecraft:dragon_head":2,"minecraft:purpur_block":30,"minecraft:dead_horn_coral_block":3,"minecraft:heavy_weighted_pressure_plate":7,"minecraft:red_bed":2,"minecraft:elytra":1,"minecraft:snow":49,"minecraft:iron_shovel":2,"minecraft:glass_pane":207,"minecraft:deepslate_diamond_ore":8,"minecraft:beef":440,"minecraft:jungle_sapling":4,"minecraft:iron_nugget":31,"minecraft:poppy":28,"minecraft:spruce_slab":1,"minecraft:quartz_stairs":91,"minecraft:chest":51,"minecraft:birch_sapling":8,"minecraft:diamond_hoe":1,"minecraft:egg":477,"minecraft:copper_ore":53,"minecraft:polished_deepslate_slab":312,"minecraft:stone":1958,"minecraft:glow_item_frame":4,"minecraft:spruce_fence":15,"minecraft:white_dye":4,"minecraft:carrot":30,"minecraft:redstone":3079,"minecraft:netherite_pickaxe":1,"minecraft:prismarine_crystals":4,"minecraft:diamond_chestplate":1,"minecraft:beetroot_seeds":18,"minecraft:peony":4,"minecraft:tube_coral_fan":1,"minecraft:deepslate_bricks":13,"minecraft:diamond_boots":1,"minecraft:hay_block":1,"minecraft:gold_ingot":3,"minecraft:totem_of_undying":1,"minecraft:polished_blackstone":1,"minecraft:white_shulker_box":43,"minecraft:glow_berries":3,"minecraft:mutton":9,"minecraft:white_wool":8,"minecraft:bone_block":35,"minecraft:rail":79,"minecraft:emerald_ore":1,"minecraft:lapis_ore":14,"minecraft:red_mushroom":1,"minecraft:filled_map":38,"minecraft:purpur_stairs":4,"minecraft:oak_log":81,"minecraft:ancient_debris":19,"minecraft:golden_boots":5,"minecraft:diorite_stairs":17,"minecraft:paper":3,"minecraft:white_banner":6,"minecraft:apple":1965,"minecraft:kelp":40,"minecraft:iron_ore":65,"minecraft:cobweb":31,"minecraft:glass_bottle":5,"minecraft:iron_sword":2,"minecraft:dark_oak_stairs":1,"minecraft:smooth_basalt":152,"minecraft:dark_oak_slab":4,"minecraft:sweet_berries":62,"minecraft:cracked_nether_bricks":19,"minecraft:weathered_copper":1,"minecraft:gravel":1973,"minecraft:spruce_sapling":165,"minecraft:spruce_log":1212,"minecraft:sea_lantern":70,"minecraft:leather_helmet":1,"minecraft:firework_rocket":193,"minecraft:diamond_shovel":2,"minecraft:coal_ore":244,"minecraft:slime_ball":11,"minecraft:redstone_ore":83,"minecraft:diamond_axe":1,"minecraft:deepslate_redstone_ore":52,"minecraft:painting":1,"minecraft:birch_sign":3,"minecraft:gray_wool":1,"minecraft:warped_roots":2,"minecraft:oak_button":1,"minecraft:baked_potato":2,"minecraft:warped_nylium":5,"minecraft:melon_seeds":2,"minecraft:crimson_nylium":171,"minecraft:smooth_quartz_slab":724,"minecraft:hopper":5,"minecraft:ender_pearl":1828,"minecraft:shulker_shell":26,"minecraft:chiseled_deepslate":17,"minecraft:wheat":820,"minecraft:black_carpet":11,"minecraft:iron_trapdoor":41,"minecraft:exposed_copper":2,"minecraft:redstone_block":175,"minecraft:ender_chest":4,"minecraft:nether_brick_fence":28,"minecraft:turtle_egg":7,"minecraft:potion":2,"minecraft:nether_brick":5,"minecraft:lapis_block":23,"minecraft:raw_copper":1615,"minecraft:deepslate_lapis_ore":7,"minecraft:smooth_stone_slab":3,"minecraft:sticky_piston":52,"minecraft:oak_sign":1,"minecraft:sea_pickle":10,"minecraft:deepslate_tiles":225,"minecraft:black_shulker_box":3,"minecraft:smooth_stone":176,"minecraft:comparator":8,"minecraft:bucket":1,"minecraft:red_dye":33,"minecraft:rose_bush":20,"minecraft:redstone_torch":9,"minecraft:cobblestone_slab":6,"minecraft:calcite":8,"minecraft:smooth_quartz":2,"minecraft:deepslate_tile_wall":20,"minecraft:smooth_quartz_stairs":1,"minecraft:deepslate_iron_ore":1,"minecraft:furnace":10,"minecraft:stick":99,"minecraft:deepslate_brick_wall":16,"minecraft:birch_trapdoor":4,"minecraft:polished_deepslate_stairs":142,"minecraft:oak_fence":23,"minecraft:torch":1585,"minecraft:spruce_stairs":1,"minecraft:porkchop":34,"minecraft:pointed_dripstone":34,"minecraft:diorite":2605,"minecraft:quartz_block":831,"minecraft:cactus":34,"minecraft:rotten_flesh":659,"minecraft:deepslate_copper_ore":6,"minecraft:deepslate_brick_stairs":2,"minecraft:obsidian":70,"minecraft:cod":3,"minecraft:blaze_powder":1,"minecraft:cobblestone":39580,"minecraft:enchanting_table":3,"minecraft:leather_chestplate":3,"minecraft:lilac":16,"minecraft:magma_cream":112,"minecraft:repeater":49,"minecraft:andesite":2201,"minecraft:golden_leggings":3,"minecraft:chiseled_quartz_block":53,"minecraft:potato":4,"minecraft:tuff":179,"minecraft:smooth_sandstone_stairs":2,"minecraft:wither_skeleton_skull":3,"minecraft:lapis_lazuli":866,"minecraft:dirt":10609,"minecraft:leather_boots":2,"minecraft:glass":4,"minecraft:bone":384,"minecraft:bow":11,"minecraft:wheat_seeds":3211,"minecraft:cobbled_deepslate_wall":5,"minecraft:deepslate_brick_slab":3,"minecraft:raw_gold":210,"minecraft:grindstone":2,"minecraft:bamboo":1744,"minecraft:oak_planks":27,"minecraft:black_terracotta":268,"minecraft:gray_stained_glass":5,"minecraft:sand":2282,"minecraft:nether_brick_stairs":2,"minecraft:dead_bush":96,"minecraft:grass_block":1140,"minecraft:spectral_arrow":9,"minecraft:shulker_box":36,"minecraft:sugar":12,"minecraft:clay":12,"minecraft:diamond":136,"minecraft:spruce_boat":5,"minecraft:black_concrete":1392,"minecraft:polished_blackstone_pressure_plate":6,"minecraft:soul_lantern":1,"minecraft:polished_blackstone_button":23,"minecraft:crossbow":3,"minecraft:bone_meal":25,"minecraft:golden_apple":25,"minecraft:spruce_sign":30,"minecraft:emerald":227,"minecraft:netherrack":18289,"minecraft:oak_sapling":70,"minecraft:chorus_fruit":56,"minecraft:andesite_slab":11,"minecraft:nether_star":1,"minecraft:end_stone_bricks":7,"minecraft:splash_potion":2,"minecraft:chicken":11,"minecraft:ladder":5,"minecraft:brown_mushroom":20,"minecraft:gold_block":26,"minecraft:chain":12,"minecraft:oak_trapdoor":2,"minecraft:item_frame":9,"minecraft:quartz_slab":133,"minecraft:blackstone":2255,"minecraft:oak_boat":2,"minecraft:player_head":97,"minecraft:observer":22,"minecraft:light_gray_wool":1,"minecraft:sugar_cane":1192,"minecraft:spruce_trapdoor":10,"minecraft:phantom_membrane":4,"minecraft:dark_oak_sapling":8,"minecraft:raw_iron":1714,"minecraft:end_stone":616,"minecraft:copper_ingot":320,"minecraft:gray_dye":25,"minecraft:polished_blackstone_bricks":36,"minecraft:stone_button":5,"minecraft:cookie":2132,"minecraft:trident":1,"minecraft:stone_pressure_plate":12,"minecraft:arrow":278,"minecraft:weeping_vines":21,"minecraft:red_shulker_box":134,"minecraft:pumpkin_pie":1872,"minecraft:nether_bricks":268,"minecraft:petrified_oak_slab":2,"minecraft:nether_brick_wall":1,"minecraft:cracked_deepslate_tiles":16,"minecraft:basalt":3669,"minecraft:golden_carrot":1876,"minecraft:glow_ink_sac":151,"minecraft:crimson_stem":12,"minecraft:salmon":18,"minecraft:leather":575,"minecraft:birch_planks":43,"minecraft:crimson_fungus":9,"minecraft:cobblestone_wall":6,"minecraft:nether_wart_block":166,"minecraft:cobbled_deepslate_stairs":5,"minecraft:gunpowder":223,"minecraft:deepslate_tile_slab":261,"minecraft:podzol":777,"minecraft:iron_ingot":71,"minecraft:soul_sand":98,"minecraft:book":63,"minecraft:scaffolding":1514,"minecraft:nether_quartz_ore":131,"minecraft:emerald_block":1,"minecraft:quartz":12075,"minecraft:dandelion":8,"minecraft:dripstone_block":56,"minecraft:amethyst_shard":50,"minecraft:blast_furnace":1,"minecraft:white_bed":8,"minecraft:gold_ore":28,"minecraft:spruce_door":17,"minecraft:spider_eye":431,"minecraft:lime_dye":6,"minecraft:campfire":1,"minecraft:terracotta":1528,"minecraft:black_wool":64,"minecraft:coal":4984},"minecraft:mined":{"minecraft:dragon_wall_head":1,"minecraft:red_shulker_box":134,"minecraft:white_bed":8,"minecraft:black_terracotta":12,"minecraft:obsidian":70,"minecraft:granite":2956,"minecraft:deepslate_tile_wall":21,"minecraft:brown_wool":6,"minecraft:coal_block":41,"minecraft:deepslate_bricks":14,"minecraft:purpur_slab":1,"minecraft:deepslate_tile_stairs":102,"minecraft:diorite_stairs":17,"minecraft:hopper":5,"minecraft:crimson_fungus":2,"minecraft:weeping_vines_plant":13,"minecraft:polished_blackstone_bricks":15,"minecraft:tall_seagrass":4,"minecraft:magma_block":113,"minecraft:dark_oak_trapdoor":2,"minecraft:sticky_piston":16,"minecraft:cobbled_deepslate":147,"minecraft:barrel":9,"minecraft:fire":42,"minecraft:deepslate_lapis_ore":16,"minecraft:nether_brick_stairs":2,"minecraft:enchanting_table":3,"minecraft:lime_stained_glass_pane":1,"minecraft:twisting_vines":9,"minecraft:oak_sign":1,"minecraft:cave_vines":2,"minecraft:polished_deepslate_slab":270,"minecraft:dirt_path":10,"minecraft:quartz_slab":101,"minecraft:deepslate_brick_stairs":2,"minecraft:smooth_sandstone_stairs":2,"minecraft:white_shulker_box":43,"minecraft:iron_block":30,"minecraft:brown_mushroom":7,"minecraft:red_bed":1,"minecraft:crimson_nylium":181,"minecraft:kelp_plant":11,"minecraft:smoker":1,"minecraft:deepslate_brick_wall":17,"minecraft:soul_fire":1,"minecraft:deepslate_tile_slab":156,"minecraft:torch":234,"minecraft:blast_furnace":1,"minecraft:oxidized_copper":2,"minecraft:melon":1,"minecraft:dead_bush":33,"minecraft:spruce_wall_sign":2,"minecraft:glass":6,"minecraft:smooth_quartz_slab":556,"minecraft:sugar_cane":505,"minecraft:spruce_sign":2,"minecraft:amethyst_block":7,"minecraft:chain":12,"minecraft:repeater":18,"minecraft:black_concrete_powder":117,"minecraft:wheat":869,"minecraft:lilac":8,"minecraft:copper_block":7,"minecraft:grass":197,"minecraft:smooth_quartz":2,"minecraft:smooth_basalt":96,"minecraft:stonecutter":13,"minecraft:deepslate":7048,"minecraft:infested_deepslate":26,"minecraft:deepslate_tiles":171,"minecraft:nether_brick_wall":1,"minecraft:dark_oak_log":82,"minecraft:end_stone":619,"minecraft:sea_lantern":8,"minecraft:shulker_box":35,"minecraft:nether_bricks":269,"minecraft:spruce_fence":15,"minecraft:crimson_roots":19,"minecraft:redstone_wire":30,"minecraft:kelp":2,"minecraft:horn_coral_wall_fan":1,"minecraft:horn_coral":1,"minecraft:redstone_ore":496,"minecraft:polished_blackstone_button":2,"minecraft:snow":63,"minecraft:andesite":2254,"minecraft:cobblestone_slab":5,"minecraft:rail":7,"minecraft:bamboo":120,"minecraft:bone_block":30,"minecraft:ender_chest":4,"minecraft:smithing_table":1,"minecraft:redstone_block":6,"minecraft:glass_pane":1,"minecraft:comparator":2,"minecraft:soul_sand":136,"minecraft:observer":22,"minecraft:dandelion":5,"minecraft:cobbled_deepslate_wall":5,"minecraft:emerald_ore":65,"minecraft:campfire":1,"minecraft:lightning_rod":28,"minecraft:purpur_pillar":46,"minecraft:copper_ore":427,"minecraft:tall_grass":1,"minecraft:deepslate_gold_ore":49,"minecraft:diorite":2654,"minecraft:warped_wart_block":3,"minecraft:coarse_dirt":127,"minecraft:cobblestone_wall":6,"minecraft:dark_oak_wall_sign":1,"minecraft:spruce_log":835,"minecraft:gravel":2516,"minecraft:dripstone_block":56,"minecraft:cobweb":64,"minecraft:oak_button":1,"minecraft:birch_sign":1,"minecraft:polished_blackstone":1,"minecraft:gold_ore":117,"minecraft:iron_trapdoor":37,"minecraft:deepslate_emerald_ore":18,"minecraft:infested_stone":20,"minecraft:black_shulker_box":1,"minecraft:spruce_planks":57,"minecraft:stone_pressure_plate":6,"minecraft:farmland":20,"minecraft:cobbled_deepslate_stairs":5,"minecraft:brewing_stand":3,"minecraft:spruce_trapdoor":10,"minecraft:budding_amethyst":2,"minecraft:grass_block":9430,"minecraft:infested_cobblestone":1,"minecraft:soul_soil":59,"minecraft:polished_blackstone_brick_slab":17,"minecraft:smooth_stone":176,"minecraft:glowstone":84,"minecraft:iron_ore":956,"minecraft:turtle_egg":7,"minecraft:black_carpet":7,"minecraft:anvil":1,"minecraft:dark_oak_stairs":1,"minecraft:pointed_dripstone":25,"minecraft:iron_bars":1,"minecraft:birch_wall_sign":1,"minecraft:end_stone_bricks":8,"minecraft:spruce_slab":1,"minecraft:deepslate_redstone_ore":212,"minecraft:quartz_block":770,"minecraft:blackstone":2676,"minecraft:exposed_copper":2,"minecraft:twisting_vines_plant":8,"minecraft:polished_deepslate_stairs":145,"minecraft:purpur_stairs":12,"minecraft:chiseled_quartz_block":19,"minecraft:clay":24,"minecraft:calcite":8,"minecraft:poppy":31,"minecraft:chest":51,"minecraft:nether_quartz_ore":5813,"minecraft:cobblestone":615,"minecraft:grindstone":2,"minecraft:oak_planks":24,"minecraft:wall_torch":92,"minecraft:petrified_oak_slab":1,"minecraft:cauldron":1,"minecraft:deepslate_copper_ore":32,"minecraft:seagrass":7,"minecraft:warped_nylium":34,"minecraft:dark_oak_slab":4,"minecraft:nether_wart_block":168,"minecraft:birch_log":11,"minecraft:birch_trapdoor":4,"minecraft:purpur_block":41,"minecraft:smooth_stone_slab":2,"minecraft:cracked_deepslate_tiles":14,"minecraft:oak_log":81,"minecraft:dirt":2338,"minecraft:sand":2259,"minecraft:dispenser":2,"minecraft:netherrack":33881,"minecraft:ancient_debris":19,"minecraft:polished_deepslate_wall":118,"minecraft:oak_leaves":40,"minecraft:horn_coral_block":80,"minecraft:emerald_block":1,"minecraft:redstone_lamp":37,"minecraft:nether_gold_ore":274,"minecraft:diamond_ore":50,"minecraft:tuff":182,"minecraft:quartz_stairs":91,"minecraft:potted_wither_rose":1,"minecraft:dark_oak_leaves":130,"minecraft:deepslate_diamond_ore":35,"minecraft:gray_shulker_box":4,"minecraft:glow_lichen":34,"minecraft:lever":20,"minecraft:ladder":1,"minecraft:tube_coral_wall_fan":1,"minecraft:stone_button":1,"minecraft:weathered_copper":1,"minecraft:weeping_vines":11,"minecraft:spruce_leaves":224,"minecraft:sandstone":4,"minecraft:cracked_nether_bricks":10,"minecraft:crimson_stem":12,"minecraft:hay_block":1,"minecraft:deepslate_brick_slab":2,"minecraft:oak_trapdoor":2,"minecraft:heavy_weighted_pressure_plate":3,"minecraft:spruce_sapling":4,"minecraft:furnace":10,"minecraft:carrots":7,"minecraft:nether_sprouts":2,"minecraft:black_concrete":1374,"minecraft:chiseled_deepslate":7,"minecraft:peony":2,"minecraft:dead_horn_coral_block":3,"minecraft:nether_brick_fence":27,"minecraft:polished_deepslate":281,"minecraft:deepslate_iron_ore":174,"minecraft:chorus_plant":4,"minecraft:stone":41717,"minecraft:podzol":684,"minecraft:scaffolding":659,"minecraft:basalt":4199,"minecraft:spruce_door":14,"minecraft:oak_fence":25,"minecraft:crafting_table":29,"minecraft:gray_stained_glass":5,"minecraft:andesite_slab":11,"minecraft:deepslate_coal_ore":222,"minecraft:lapis_ore":86,"minecraft:spruce_stairs":1,"minecraft:birch_planks":1,"minecraft:cactus":9,"minecraft:sea_pickle":2,"minecraft:redstone_torch":6,"minecraft:coal_ore":2938,"minecraft:end_rod":95,"minecraft:terracotta":1530}},"DataVersion":2730}