{"stats":{"minecraft:custom":{"minecraft:jump":10,"minecraft:open_chest":1,"minecraft:time_since_rest":11319288,"minecraft:crouch_one_cm":40,"minecraft:leave_game":69,"minecraft:play_time":11319288,"minecraft:sprint_one_cm":730,"minecraft:time_since_death":11319288,"minecraft:walk_on_water_one_cm":44361,"minecraft:walk_one_cm":3596,"minecraft:sneak_time":20132,"minecraft:total_world_time":11319288,"minecraft:climb_one_cm":344,"minecraft:walk_under_water_one_cm":101371,"minecraft:fall_one_cm":420,"minecraft:fly_one_cm":7868030}},"DataVersion":2730}