{"stats":{"minecraft:killed_by":{"minecraft:zombie_villager":3,"minecraft:ravager":1,"minecraft:magma_cube":3,"minecraft:zombie":6,"minecraft:skeleton":2,"minecraft:piglin_brute":1,"minecraft:vindicator":2,"minecraft:ender_dragon":2,"minecraft:slime":2,"minecraft:shulker":2,"minecraft:guardian":1,"minecraft:wither_skeleton":3,"minecraft:creeper":5,"minecraft:piglin":3,"minecraft:cave_spider":3,"minecraft:player":3,"minecraft:spider":1,"minecraft:enderman":4,"minecraft:iron_golem":1,"minecraft:phantom":1},"minecraft:broken":{"minecraft:shears":22,"minecraft:diamond_shovel":1,"minecraft:diamond_pickaxe":1,"minecraft:iron_pickaxe":5,"minecraft:iron_shovel":7,"minecraft:stone_axe":1,"minecraft:stone_shovel":3,"minecraft:iron_axe":2,"minecraft:iron_helmet":1,"minecraft:golden_pickaxe":1},"minecraft:custom":{"minecraft:interact_with_crafting_table":3169,"minecraft:damage_blocked_by_shield":5680,"minecraft:play_time":49115565,"minecraft:deaths":70,"minecraft:jump":260915,"minecraft:interact_with_smoker":69,"minecraft:inspect_dispenser":144,"minecraft:horse_one_cm":4918,"minecraft:inspect_dropper":371,"minecraft:interact_with_anvil":447,"minecraft:inspect_hopper":3732,"minecraft:time_since_rest":161214,"minecraft:swim_one_cm":2906819,"minecraft:open_chest":32160,"minecraft:open_shulker_box":25116,"minecraft:damage_resisted":907,"minecraft:talked_to_villager":3264,"minecraft:interact_with_brewingstand":700,"minecraft:interact_with_beacon":62,"minecraft:boat_one_cm":7961939,"minecraft:damage_taken":410339,"minecraft:aviate_one_cm":702977949,"minecraft:open_barrel":1849,"minecraft:bell_ring":137,"minecraft:leave_game":699,"minecraft:time_since_death":709828,"minecraft:eat_cake_slice":7,"minecraft:enchant_item":217,"minecraft:interact_with_furnace":4032,"minecraft:traded_with_villager":8234,"minecraft:sleep_in_bed":507,"minecraft:damage_dealt":1308374,"minecraft:interact_with_smithing_table":18,"minecraft:sneak_time":1591802,"minecraft:interact_with_lectern":62,"minecraft:interact_with_blast_furnace":3,"minecraft:total_world_time":49115565,"minecraft:interact_with_stonecutter":127,"minecraft:fly_one_cm":64741380,"minecraft:fish_caught":8,"minecraft:fall_one_cm":7341907,"minecraft:animals_bred":31,"minecraft:sprint_one_cm":49853463,"minecraft:drop":16969,"minecraft:walk_on_water_one_cm":5862614,"minecraft:open_enderchest":1237,"minecraft:player_kills":2,"minecraft:crouch_one_cm":6135165,"minecraft:mob_kills":77838,"minecraft:climb_one_cm":3256740,"minecraft:walk_one_cm":121449235,"minecraft:walk_under_water_one_cm":8384972,"minecraft:raid_trigger":58,"minecraft:pot_flower":16,"minecraft:interact_with_grindstone":86,"minecraft:damage_absorbed":588,"minecraft:minecart_one_cm":7971203},"minecraft:used":{"minecraft:moss_block":378,"minecraft:writable_book":239,"minecraft:jack_o_lantern":165,"minecraft:dispenser":68,"minecraft:dead_brain_coral":4,"minecraft:poppy":20,"minecraft:stone":27059,"minecraft:rotten_flesh":11,"minecraft:tube_coral":4,"minecraft:soul_sand":863,"minecraft:weathered_copper":2,"minecraft:cocoa_beans":15,"minecraft:lily_of_the_valley":75,"minecraft:cracked_deepslate_tiles":77,"minecraft:deepslate_brick_slab":1012,"minecraft:snowball":24,"minecraft:spruce_boat":11,"minecraft:jungle_sapling":21,"minecraft:packed_ice":94,"minecraft:lava_bucket":403,"minecraft:lime_banner":1,"minecraft:jungle_fence_gate":79,"minecraft:deepslate_copper_ore":9,"minecraft:netherite_boots":4,"minecraft:bow":4409,"minecraft:oak_sapling":120,"minecraft:end_stone_brick_stairs":68,"minecraft:dark_prismarine_stairs":12,"minecraft:deepslate_brick_wall":136,"minecraft:mossy_stone_bricks":2089,"minecraft:damaged_anvil":4,"minecraft:chorus_fruit":13,"minecraft:prismarine":2,"minecraft:blackstone":3506,"minecraft:cactus":108,"minecraft:wooden_pickaxe":31,"minecraft:mossy_stone_brick_stairs":538,"minecraft:composter":69,"minecraft:clay":2,"minecraft:glow_berries":155,"minecraft:golden_apple":5,"minecraft:deepslate_brick_stairs":1977,"minecraft:purple_concrete_powder":3464,"minecraft:birch_slab":7,"minecraft:deepslate_iron_ore":107,"minecraft:diamond_sword":13637,"minecraft:coal_block":140,"minecraft:smithing_table":9,"minecraft:oak_boat":227,"minecraft:purple_wool":628,"minecraft:oak_trapdoor":78,"minecraft:polished_blackstone_brick_slab":295,"minecraft:enchanting_table":4,"minecraft:dead_tube_coral_block":15,"minecraft:carved_pumpkin":82,"minecraft:armor_stand":11,"minecraft:light_gray_carpet":302,"minecraft:polished_blackstone_wall":36,"minecraft:torch":10029,"minecraft:brewing_stand":66,"minecraft:nether_quartz_ore":159,"minecraft:oak_fence_gate":147,"minecraft:chipped_anvil":3,"minecraft:iron_block":4961,"minecraft:polished_deepslate_wall":52,"minecraft:jungle_log":62,"minecraft:barrel":41,"minecraft:bamboo":530,"minecraft:basalt":1019,"minecraft:lime_concrete":10065,"minecraft:warped_stairs":43,"minecraft:dead_bubble_coral_fan":3,"minecraft:horn_coral_fan":13,"minecraft:calcite":230,"minecraft:wheat_seeds":89,"minecraft:warped_stem":25,"minecraft:tube_coral_block":15,"minecraft:birch_planks":7,"minecraft:glow_ink_sac":82,"minecraft:gold_ore":16,"minecraft:deepslate_bricks":5370,"minecraft:polished_deepslate_slab":13,"minecraft:diamond_block":27,"minecraft:rail":3751,"minecraft:crimson_trapdoor":196,"minecraft:white_bed":171,"minecraft:campfire":7,"minecraft:diamond_pickaxe":51596,"minecraft:diamond_shovel":26027,"minecraft:oak_button":3,"minecraft:suspicious_stew":8,"minecraft:spruce_trapdoor":1,"minecraft:green_carpet":2,"minecraft:potion":162,"minecraft:cooked_porkchop":27,"minecraft:porkchop":4,"minecraft:andesite_stairs":4,"minecraft:stripped_oak_log":17,"minecraft:dandelion":50,"minecraft:green_stained_glass":14005,"minecraft:moss_carpet":843,"minecraft:polished_deepslate":218,"minecraft:melon":4,"minecraft:bone_block":4,"minecraft:nether_wart":83,"minecraft:bubble_coral":3,"minecraft:mossy_stone_brick_slab":122,"minecraft:soul_campfire":8,"minecraft:mutton":11,"minecraft:jungle_planks":29,"minecraft:furnace_minecart":6,"minecraft:beehive":2,"minecraft:obsidian":4366,"minecraft:big_dripleaf":91,"minecraft:crimson_button":59,"minecraft:lantern":245,"minecraft:polished_blackstone_brick_wall":2,"minecraft:raw_gold_block":1,"minecraft:item_frame":529,"minecraft:deepslate_diamond_ore":12,"minecraft:golden_sword":1,"minecraft:red_nether_brick_wall":42,"minecraft:horn_coral":5,"minecraft:written_book":84,"minecraft:jungle_button":8,"minecraft:gold_block":1,"minecraft:tube_coral_fan":12,"minecraft:dropper":77,"minecraft:wither_skeleton_skull":268,"minecraft:gray_carpet":89,"minecraft:stone_pickaxe":88,"minecraft:oak_planks":965,"minecraft:jungle_fence":210,"minecraft:sandstone":102,"minecraft:sugar_cane":643,"minecraft:diamond_axe":6311,"minecraft:white_wool":1,"minecraft:netherite_leggings":4,"minecraft:lime_stained_glass_pane":14,"minecraft:crossbow":16,"minecraft:deepslate_lapis_ore":8,"minecraft:end_stone":367,"minecraft:sticky_piston":194,"minecraft:lever":303,"minecraft:dark_oak_log":18,"minecraft:bread":171,"minecraft:brown_wool":68,"minecraft:warped_slab":211,"minecraft:deepslate":10073,"minecraft:dead_horn_coral":5,"minecraft:dead_horn_coral_fan":1,"minecraft:chain":330,"minecraft:bone_meal":9503,"minecraft:netherite_sword":13654,"minecraft:rose_bush":5,"minecraft:waxed_weathered_copper":2,"minecraft:flint_and_steel":301,"minecraft:redstone":1258,"minecraft:ender_chest":112,"minecraft:brown_shulker_box":30,"minecraft:cooked_chicken":4,"minecraft:dirt":36248,"minecraft:prismarine_bricks":10,"minecraft:bee_nest":10,"minecraft:spruce_fence":6,"minecraft:iron_hoe":205,"minecraft:light_gray_stained_glass":519,"minecraft:oak_stairs":116,"minecraft:smooth_sandstone":3,"minecraft:soul_soil":7,"minecraft:lime_stained_glass":20508,"minecraft:deepslate_tile_stairs":82,"minecraft:netherite_pickaxe":522950,"minecraft:minecart":217,"minecraft:dead_bubble_coral_block":9,"minecraft:mossy_stone_brick_wall":40,"minecraft:cooked_beef":52,"minecraft:pumpkin":293,"minecraft:turtle_egg":17,"minecraft:cobblestone_stairs":24,"minecraft:snow_block":51,"minecraft:baked_potato":81,"minecraft:birch_boat":19,"minecraft:cut_sandstone":2,"minecraft:spruce_sign":108,"minecraft:green_bed":28,"minecraft:dark_prismarine_slab":162,"minecraft:red_mushroom":1,"minecraft:warped_planks":418,"minecraft:netherite_block":28,"minecraft:piston":339,"minecraft:flower_pot":17,"minecraft:chicken":4,"minecraft:lapis_ore":24,"minecraft:stone_slab":2877,"minecraft:yellow_wool":2,"minecraft:stone_axe":361,"minecraft:fire_coral_block":12,"minecraft:cobbled_deepslate_slab":28,"minecraft:end_crystal":86,"minecraft:wither_rose":654,"minecraft:sea_pickle":141,"minecraft:gray_wool":3,"minecraft:nether_brick_fence":45,"minecraft:dead_horn_coral_block":124,"minecraft:polished_blackstone":2,"minecraft:spruce_slab":20,"minecraft:elytra":9,"minecraft:ladder":370,"minecraft:chest":4324,"minecraft:acacia_button":238,"minecraft:allium":65,"minecraft:jungle_slab":28,"minecraft:honeycomb":2,"minecraft:netherite_shovel":108437,"minecraft:black_stained_glass_pane":39,"minecraft:grass_block":599,"minecraft:birch_sapling":92,"minecraft:copper_ore":35,"minecraft:wet_sponge":318,"minecraft:stone_brick_stairs":1676,"minecraft:dark_oak_boat":6,"minecraft:furnace":390,"minecraft:egg":13,"minecraft:potato":22,"minecraft:dead_brain_coral_fan":11,"minecraft:emerald_ore":3,"minecraft:diorite":1511,"minecraft:end_stone_bricks":1165,"minecraft:red_stained_glass":224,"minecraft:powered_rail":1436,"minecraft:lime_concrete_powder":7621,"minecraft:purpur_pillar":4,"minecraft:oak_leaves":10449,"minecraft:dark_oak_trapdoor":539,"minecraft:sand":6913,"minecraft:purpur_stairs":2,"minecraft:netherite_helmet":3,"minecraft:black_concrete_powder":2600,"minecraft:pumpkin_seeds":699,"minecraft:lightning_rod":3,"minecraft:deepslate_tiles":445,"minecraft:crying_obsidian":3061,"minecraft:stone_button":30658,"minecraft:spore_blossom":71,"minecraft:lectern":1235,"minecraft:diamond_ore":55,"minecraft:soul_lantern":4,"minecraft:wooden_sword":10,"minecraft:dark_oak_fence":34,"minecraft:bubble_coral_block":11,"minecraft:green_concrete_powder":96,"minecraft:ice":526,"minecraft:iron_bars":95,"minecraft:stone_sword":122,"minecraft:acacia_log":1,"minecraft:brain_coral_fan":11,"minecraft:red_concrete":228,"minecraft:netherrack":7458,"minecraft:dragon_egg":2,"minecraft:anvil":63,"minecraft:ancient_debris":3,"minecraft:chorus_flower":1,"minecraft:stone_stairs":508,"minecraft:nether_brick_slab":6,"minecraft:dead_tube_coral":4,"minecraft:glow_lichen":318,"minecraft:jungle_trapdoor":2146,"minecraft:dead_brain_coral_block":8,"minecraft:small_dripleaf":47,"minecraft:red_shulker_box":3,"minecraft:flowering_azalea":3,"minecraft:iron_axe":553,"minecraft:slime_block":629,"minecraft:warped_fence":12,"minecraft:smooth_quartz":4,"minecraft:lime_dye":14,"minecraft:totem_of_undying":18,"minecraft:melon_seeds":563,"minecraft:smooth_basalt":8,"minecraft:purple_concrete":1142,"minecraft:glowstone":2175,"minecraft:beef":1,"minecraft:oxidized_copper":1,"minecraft:cobbled_deepslate":733,"minecraft:orange_terracotta":45,"minecraft:observer":584,"minecraft:golden_axe":27,"minecraft:hanging_roots":1,"minecraft:crimson_stem":4,"minecraft:water_bucket":2662,"minecraft:nether_brick_wall":97,"minecraft:sandstone_stairs":740,"minecraft:lime_wool":400,"minecraft:bubble_coral_fan":12,"minecraft:smooth_sandstone_slab":67,"minecraft:polished_blackstone_bricks":3217,"minecraft:cracked_stone_bricks":3026,"minecraft:gilded_blackstone":45,"minecraft:orange_carpet":2,"minecraft:comparator":253,"minecraft:vine":741,"minecraft:tnt":2483,"minecraft:crafting_table":273,"minecraft:oak_slab":93,"minecraft:birch_sign":4,"minecraft:fire_coral":7,"minecraft:cod":1,"minecraft:lime_shulker_box":2671,"minecraft:cake":1,"minecraft:deepslate_tile_wall":42,"minecraft:oak_log":2223,"minecraft:dark_prismarine":193,"minecraft:oxeye_daisy":2,"minecraft:iron_pickaxe":1752,"minecraft:cobblestone":15540,"minecraft:red_concrete_powder":576,"minecraft:brown_mushroom_block":72,"minecraft:kelp":2525,"minecraft:iron_shovel":2216,"minecraft:dead_tube_coral_fan":12,"minecraft:oak_sign":297,"minecraft:diamond_hoe":3708,"minecraft:white_concrete_powder":24,"minecraft:shield":80,"minecraft:iron_sword":90,"minecraft:bell":50,"minecraft:player_head":31,"minecraft:smooth_sandstone_stairs":13,"minecraft:nether_bricks":390,"minecraft:carrot":1649,"minecraft:deepslate_tile_slab":392,"minecraft:tuff":5407,"minecraft:axolotl_bucket":14,"minecraft:milk_bucket":42,"minecraft:polished_deepslate_stairs":6,"minecraft:glass":8903,"minecraft:coal_ore":2041,"minecraft:gray_concrete_powder":237,"minecraft:hopper_minecart":54,"minecraft:stone_bricks":27253,"minecraft:repeater":499,"minecraft:redstone_lamp":80,"minecraft:magma_block":2168,"minecraft:hay_block":3,"minecraft:scaffolding":27893,"minecraft:fire_coral_fan":13,"minecraft:polished_blackstone_stairs":237,"minecraft:chiseled_polished_blackstone":100,"minecraft:dark_oak_sign":609,"minecraft:birch_leaves":117,"minecraft:ender_pearl":33,"minecraft:redstone_block":75,"minecraft:blue_bed":3,"minecraft:brain_coral":6,"minecraft:deepslate_redstone_ore":19,"minecraft:sponge":7,"minecraft:dripstone_block":2,"minecraft:stone_brick_wall":155,"minecraft:shears":16233,"minecraft:exposed_copper":2,"minecraft:redstone_torch":614,"minecraft:green_concrete":276,"minecraft:black_concrete":260,"minecraft:firework_rocket":30214,"minecraft:melon_slice":78,"minecraft:string":146,"minecraft:lime_carpet":442,"minecraft:light_gray_concrete":36,"minecraft:gravel":1392,"minecraft:jungle_sign":303,"minecraft:oak_fence":276,"minecraft:stripped_oak_wood":2,"minecraft:grindstone":15,"minecraft:medium_amethyst_bud":1,"minecraft:purpur_block":1,"minecraft:deepslate_coal_ore":253,"minecraft:azalea":2,"minecraft:white_concrete":130,"minecraft:andesite":4313,"minecraft:experience_bottle":1,"minecraft:cobweb":38,"minecraft:golden_pickaxe":32,"minecraft:trident":26,"minecraft:cracked_deepslate_bricks":1371,"minecraft:redstone_ore":292,"minecraft:stone_shovel":577,"minecraft:spruce_planks":336,"minecraft:oak_door":18,"minecraft:end_stone_brick_wall":12,"minecraft:white_carpet":283,"minecraft:hopper":3238,"minecraft:spruce_stairs":8,"minecraft:cobblestone_wall":671,"minecraft:shulker_box":1977,"minecraft:oak_wood":283,"minecraft:raw_iron_block":1,"minecraft:granite":353,"minecraft:andesite_wall":33,"minecraft:dark_oak_planks":3,"minecraft:stone_brick_slab":4435,"minecraft:bookshelf":467,"minecraft:polished_blackstone_brick_stairs":951,"minecraft:golden_carrot":3944,"minecraft:emerald_block":14,"minecraft:stone_pressure_plate":11,"minecraft:horn_coral_block":114,"minecraft:brain_coral_block":7,"minecraft:cooked_mutton":30,"minecraft:acacia_boat":10,"minecraft:iron_ore":1364,"minecraft:amethyst_block":1726,"minecraft:glass_bottle":3786,"minecraft:andesite_slab":380,"minecraft:copper_block":3,"minecraft:magenta_stained_glass":1,"minecraft:stonecutter":27,"minecraft:white_dye":101,"minecraft:beacon":34,"minecraft:cobblestone_slab":85,"minecraft:glow_item_frame":22,"minecraft:polished_blackstone_pressure_plate":8,"minecraft:lime_bed":150,"minecraft:dead_fire_coral_block":7,"minecraft:light_gray_concrete_powder":34,"minecraft:painting":1136,"minecraft:smoker":5,"minecraft:nether_gold_ore":16,"minecraft:activator_rail":48,"minecraft:apple":9,"minecraft:cracked_polished_blackstone_bricks":306,"minecraft:netherite_axe":19842,"minecraft:fishing_rod":30,"minecraft:white_banner":1,"minecraft:bucket":3134,"minecraft:yellow_bed":27,"minecraft:splash_potion":94},"minecraft:mined":{"minecraft:dragon_wall_head":1,"minecraft:white_bed":168,"minecraft:red_shulker_box":3,"minecraft:fire_coral_wall_fan":15,"minecraft:potted_dead_bush":4,"minecraft:granite":15278,"minecraft:acacia_log":71,"minecraft:deepslate_tile_wall":2,"minecraft:brown_wool":4,"minecraft:green_concrete":186,"minecraft:oak_wall_sign":40,"minecraft:nether_wart":77,"minecraft:spawner":10,"minecraft:polished_blackstone_bricks":412,"minecraft:magma_block":2542,"minecraft:dark_oak_trapdoor":106,"minecraft:cobbled_deepslate":243,"minecraft:fire":1541,"minecraft:barrel":20,"minecraft:deepslate_lapis_ore":75,"minecraft:nether_brick_stairs":1,"minecraft:dead_tube_coral":4,"minecraft:light_gray_concrete":36,"minecraft:green_carpet":2,"minecraft:white_banner":1,"minecraft:player_head":8,"minecraft:tripwire":69,"minecraft:jungle_trapdoor":638,"minecraft:jungle_button":4,"minecraft:cut_sandstone":13,"minecraft:kelp_plant":667,"minecraft:crimson_nylium":21,"minecraft:smoker":1,"minecraft:deepslate_brick_wall":22,"minecraft:deepslate_tile_slab":39,"minecraft:torch":1774,"minecraft:melon":2721,"minecraft:oxidized_copper":1,"minecraft:dead_bush":91,"minecraft:nether_brick_slab":4,"minecraft:spruce_wall_sign":3,"minecraft:tube_coral_fan":4,"minecraft:dead_tube_coral_fan":12,"minecraft:lime_shulker_box":2606,"minecraft:sugar_cane":2525,"minecraft:amethyst_block":3882,"minecraft:birch_sapling":11,"minecraft:chain":46,"minecraft:repeater":216,"minecraft:tinted_glass":1,"minecraft:wither_rose":163,"minecraft:infested_mossy_stone_bricks":3,"minecraft:grass":2656,"minecraft:smooth_quartz":2,"minecraft:smooth_basalt":474,"minecraft:deepslate":28831,"minecraft:attached_pumpkin_stem":183,"minecraft:deepslate_tiles":37,"minecraft:dark_prismarine":313,"minecraft:mossy_cobblestone":1,"minecraft:nether_brick_wall":23,"minecraft:dark_oak_log":1565,"minecraft:sea_lantern":1,"minecraft:end_stone":1787,"minecraft:spruce_fence":6,"minecraft:acacia_button":76,"minecraft:redstone_wire":381,"minecraft:red_mushroom":49,"minecraft:waxed_weathered_copper":2,"minecraft:horn_coral":5,"minecraft:redstone_ore":1104,"minecraft:andesite":17824,"minecraft:big_dripleaf_stem":29,"minecraft:mossy_stone_brick_stairs":124,"minecraft:vine":3717,"minecraft:cobblestone_slab":192,"minecraft:rail":1228,"minecraft:brain_coral_wall_fan":11,"minecraft:bone_block":144,"minecraft:fire_coral_block":24,"minecraft:ender_chest":101,"minecraft:birch_stairs":21,"minecraft:oak_slab":63,"minecraft:redstone_block":16,"minecraft:soul_sand":1185,"minecraft:lily_of_the_valley":29,"minecraft:dandelion":96,"minecraft:polished_blackstone_brick_wall":1,"minecraft:fire_coral":8,"minecraft:cornflower":2,"minecraft:warped_roots":5,"minecraft:copper_ore":1285,"minecraft:lightning_rod":3,"minecraft:campfire":2,"minecraft:brain_coral_fan":5,"minecraft:tall_grass":183,"minecraft:purpur_pillar":15,"minecraft:deepslate_gold_ore":97,"minecraft:diorite":15739,"minecraft:orange_carpet":1,"minecraft:warped_wart_block":1,"minecraft:purple_wool":69,"minecraft:coarse_dirt":1,"minecraft:cobblestone_wall":58,"minecraft:dark_oak_wall_sign":133,"minecraft:dead_bubble_coral_fan":10,"minecraft:purple_concrete":3545,"minecraft:dark_prismarine_slab":12,"minecraft:gravel":14308,"minecraft:cobweb":411,"minecraft:polished_blackstone":9,"minecraft:stone_bricks":7966,"minecraft:gold_ore":583,"minecraft:chipped_anvil":5,"minecraft:fern":41,"minecraft:stone_pressure_plate":7,"minecraft:oak_sapling":13,"minecraft:farmland":155,"minecraft:mossy_stone_brick_slab":15,"minecraft:orange_wool":10,"minecraft:brewing_stand":67,"minecraft:spruce_trapdoor":1,"minecraft:dead_horn_coral":5,"minecraft:budding_amethyst":246,"minecraft:cracked_polished_blackstone_bricks":103,"minecraft:white_concrete":34,"minecraft:bubble_coral_fan":7,"minecraft:polished_blackstone_brick_slab":33,"minecraft:frosted_ice":2,"minecraft:composter":57,"minecraft:gilded_blackstone":40,"minecraft:turtle_egg":21,"minecraft:green_stained_glass":918,"minecraft:pointed_dripstone":25,"minecraft:flowering_azalea_leaves":14,"minecraft:iron_bars":55,"minecraft:azalea":15,"minecraft:spruce_slab":7,"minecraft:netherite_block":23,"minecraft:deepslate_redstone_ore":309,"minecraft:brown_shulker_box":30,"minecraft:polished_blackstone_wall":1,"minecraft:exposed_copper":2,"minecraft:medium_amethyst_bud":7,"minecraft:orange_terracotta":6,"minecraft:purpur_stairs":9,"minecraft:beacon":30,"minecraft:nether_quartz_ore":2852,"minecraft:oak_planks":480,"minecraft:wall_torch":175,"minecraft:stone_stairs":115,"minecraft:fire_coral_fan":7,"minecraft:warped_nylium":5,"minecraft:powered_rail":239,"minecraft:warped_planks":66,"minecraft:blue_ice":2,"minecraft:tnt":144,"minecraft:oak_log":3975,"minecraft:beetroots":2,"minecraft:dirt":38361,"minecraft:dispenser":56,"minecraft:ancient_debris":371,"minecraft:crying_obsidian":189,"minecraft:dark_oak_leaves":48,"minecraft:red_stained_glass":50,"minecraft:glow_lichen":144,"minecraft:lever":140,"minecraft:ladder":80,"minecraft:tube_coral_wall_fan":16,"minecraft:stone_button":770,"minecraft:weathered_copper":2,"minecraft:brown_mushroom_block":106,"minecraft:birch_slab":16,"minecraft:spruce_leaves":5,"minecraft:crimson_stem":359,"minecraft:hay_block":67,"minecraft:dead_brain_coral":6,"minecraft:raw_gold_block":1,"minecraft:nether_sprouts":2,"minecraft:polished_basalt":1,"minecraft:gold_block":24,"minecraft:nether_brick_fence":48,"minecraft:bookshelf":713,"minecraft:deepslate_iron_ore":413,"minecraft:shroomlight":1,"minecraft:stripped_oak_log":22,"minecraft:wet_sponge":698,"minecraft:jungle_fence_gate":38,"minecraft:scaffolding":6381,"minecraft:acacia_leaves":14,"minecraft:magenta_stained_glass":4,"minecraft:snow_block":35,"minecraft:basalt":3685,"minecraft:warped_fence":6,"minecraft:polished_granite":1,"minecraft:oak_fence":263,"minecraft:honey_block":1,"minecraft:lime_carpet":57,"minecraft:stone_slab":2357,"minecraft:deepslate_coal_ore":516,"minecraft:red_concrete":593,"minecraft:polished_blackstone_brick_stairs":88,"minecraft:prismarine_bricks":153,"minecraft:birch_planks":57,"minecraft:dead_fire_coral_block":12,"minecraft:bubble_coral":5,"minecraft:end_stone_brick_stairs":5,"minecraft:sea_pickle":52,"minecraft:ice":849,"minecraft:bee_nest":10,"minecraft:cocoa":35,"minecraft:flower_pot":1,"minecraft:yellow_concrete":17,"minecraft:cracked_stone_bricks":470,"minecraft:small_dripleaf":2,"minecraft:mossy_stone_bricks":426,"minecraft:jungle_wall_sign":104,"minecraft:dark_oak_planks":4,"minecraft:dead_horn_coral_fan":14,"minecraft:dark_prismarine_stairs":7,"minecraft:jungle_leaves":325,"minecraft:obsidian":3928,"minecraft:warped_stairs":14,"minecraft:carved_pumpkin":263,"minecraft:chiseled_polished_blackstone":3,"minecraft:red_sand":14,"minecraft:crimson_trapdoor":90,"minecraft:stone_brick_wall":41,"minecraft:jungle_log":4640,"minecraft:horn_coral_fan":5,"minecraft:coal_block":11,"minecraft:deepslate_bricks":627,"minecraft:hopper":2031,"minecraft:lime_stained_glass":1240,"minecraft:purpur_slab":10,"minecraft:oxeye_daisy":4,"minecraft:deepslate_tile_stairs":21,"minecraft:bubble_coral_block":64,"minecraft:tube_coral_block":17,"minecraft:crimson_fungus":1,"minecraft:tall_seagrass":538,"minecraft:sticky_piston":159,"minecraft:moss_carpet":216,"minecraft:pumpkin":726,"minecraft:enchanting_table":3,"minecraft:lime_stained_glass_pane":14,"minecraft:oak_sign":2,"minecraft:cave_vines":39,"minecraft:polished_deepslate_slab":1,"minecraft:oak_stairs":53,"minecraft:dirt_path":59,"minecraft:small_amethyst_bud":6,"minecraft:deepslate_brick_stairs":255,"minecraft:smooth_sandstone_stairs":11,"minecraft:blue_orchid":90,"minecraft:iron_block":4515,"minecraft:piston_head":10,"minecraft:brown_mushroom":90,"minecraft:player_wall_head":4,"minecraft:soul_fire":312,"minecraft:amethyst_cluster":13,"minecraft:dead_brain_coral_fan":11,"minecraft:glass":2905,"minecraft:damaged_anvil":5,"minecraft:smooth_sandstone_slab":68,"minecraft:black_concrete_powder":65,"minecraft:light_gray_stained_glass":63,"minecraft:wheat":112,"minecraft:pumpkin_stem":380,"minecraft:lime_concrete":10497,"minecraft:stone_brick_stairs":368,"minecraft:copper_block":1,"minecraft:oak_fence_gate":132,"minecraft:purple_concrete_powder":3,"minecraft:red_mushroom_block":4,"minecraft:stonecutter":27,"minecraft:piston":265,"minecraft:dead_bubble_coral":3,"minecraft:jack_o_lantern":17,"minecraft:shulker_box":1986,"minecraft:nether_bricks":849,"minecraft:cobbled_deepslate_slab":2,"minecraft:allium":3,"minecraft:jungle_planks":28,"minecraft:crimson_roots":9,"minecraft:lime_wool":106,"minecraft:crimson_button":6,"minecraft:horn_coral_wall_fan":17,"minecraft:moss_block":1169,"minecraft:kelp":1072,"minecraft:black_stained_glass_pane":3,"minecraft:jungle_sapling":1,"minecraft:snow":143,"minecraft:diamond_block":18,"minecraft:potatoes":29,"minecraft:warped_stem":174,"minecraft:bamboo_sapling":11,"minecraft:bamboo":918,"minecraft:white_wool":2,"minecraft:brain_coral":8,"minecraft:smithing_table":9,"minecraft:light_gray_carpet":71,"minecraft:gray_concrete":128,"minecraft:comparator":75,"minecraft:hanging_roots":18,"minecraft:stone_brick_slab":1158,"minecraft:observer":452,"minecraft:jungle_sign":12,"minecraft:smooth_sandstone":4,"minecraft:light_gray_concrete_powder":1,"minecraft:emerald_ore":3,"minecraft:sponge":318,"minecraft:dropper":53,"minecraft:cracked_deepslate_bricks":156,"minecraft:big_dripleaf":7,"minecraft:white_carpet":277,"minecraft:spruce_log":12,"minecraft:birch_leaves":316,"minecraft:jungle_fence":210,"minecraft:mycelium":4,"minecraft:dark_oak_sign":6,"minecraft:dripstone_block":16,"minecraft:infested_stone":1,"minecraft:large_amethyst_bud":6,"minecraft:spruce_planks":105,"minecraft:attached_melon_stem":19,"minecraft:jungle_slab":27,"minecraft:cobblestone_stairs":22,"minecraft:cave_vines_plant":12,"minecraft:dead_tube_coral_block":15,"minecraft:grass_block":17452,"minecraft:soul_soil":125,"minecraft:sandstone_stairs":49,"minecraft:raw_iron_block":1,"minecraft:glowstone":1448,"minecraft:iron_ore":7347,"minecraft:anvil":27,"minecraft:dark_oak_stairs":2,"minecraft:azalea_leaves":17,"minecraft:end_stone_bricks":227,"minecraft:brain_coral_block":13,"minecraft:green_bed":28,"minecraft:dead_fire_coral":7,"minecraft:blackstone":1950,"minecraft:dead_bubble_coral_block":9,"minecraft:twisting_vines_plant":1,"minecraft:polished_deepslate_stairs":2,"minecraft:melon_stem":6,"minecraft:soul_lantern":4,"minecraft:clay":326,"minecraft:dead_fire_coral_fan":13,"minecraft:calcite":2432,"minecraft:poppy":101,"minecraft:chest":2229,"minecraft:mushroom_stem":6,"minecraft:cobblestone":5001,"minecraft:slime_block":463,"minecraft:grindstone":15,"minecraft:prismarine":128,"minecraft:deepslate_copper_ore":59,"minecraft:seagrass":426,"minecraft:nether_wart_block":1,"minecraft:birch_log":727,"minecraft:yellow_wool":1,"minecraft:activator_rail":46,"minecraft:stripped_oak_wood":8,"minecraft:purpur_block":61,"minecraft:cracked_deepslate_tiles":8,"minecraft:sand":67265,"minecraft:infested_cracked_stone_bricks":2,"minecraft:wither_skeleton_skull":4,"minecraft:netherrack":87677,"minecraft:emerald_block":2,"minecraft:polished_deepslate_wall":6,"minecraft:oak_leaves":13591,"minecraft:horn_coral_block":115,"minecraft:redstone_lamp":51,"minecraft:nether_gold_ore":426,"minecraft:diamond_ore":249,"minecraft:tube_coral":7,"minecraft:tuff":4900,"minecraft:deepslate_diamond_ore":99,"minecraft:oak_door":15,"minecraft:weeping_vines":1,"minecraft:white_stained_glass":1,"minecraft:rooted_dirt":1,"minecraft:sandstone":555,"minecraft:spore_blossom":17,"minecraft:deepslate_brick_slab":201,"minecraft:oak_trapdoor":19,"minecraft:furnace":288,"minecraft:carrots":1463,"minecraft:chiseled_sandstone":1,"minecraft:black_concrete":1524,"minecraft:polished_deepslate":17,"minecraft:bell":51,"minecraft:dead_horn_coral_block":125,"minecraft:lantern":24,"minecraft:packed_ice":1625,"minecraft:chorus_plant":5,"minecraft:stone":292291,"minecraft:redstone_wall_torch":95,"minecraft:podzol":5,"minecraft:flowering_azalea":3,"minecraft:infested_stone_bricks":37,"minecraft:crafting_table":230,"minecraft:blackstone_slab":2,"minecraft:oak_wood":28,"minecraft:lime_concrete_powder":21,"minecraft:rose_bush":9,"minecraft:andesite_slab":10,"minecraft:lectern":1198,"minecraft:andesite_wall":33,"minecraft:red_nether_brick_wall":4,"minecraft:lapis_ore":267,"minecraft:lily_pad":743,"minecraft:spruce_stairs":8,"minecraft:blue_bed":5,"minecraft:blue_candle":1,"minecraft:gray_wool":1,"minecraft:cactus":183,"minecraft:lime_bed":141,"minecraft:gray_concrete_powder":5,"minecraft:polished_blackstone_stairs":36,"minecraft:redstone_torch":12,"minecraft:yellow_bed":29,"minecraft:dead_brain_coral_block":9,"minecraft:coal_ore":7267,"minecraft:gray_carpet":9,"minecraft:end_rod":6,"minecraft:bubble_coral_wall_fan":16,"minecraft:warped_slab":20},"minecraft:picked_up":{"minecraft:blue_candle":12,"minecraft:suspicious_stew":4,"minecraft:smithing_table":11,"minecraft:lead":33,"minecraft:stone_slab":2627,"minecraft:enchanted_book":96,"minecraft:polished_deepslate":40,"minecraft:music_disc_cat":1,"minecraft:polished_blackstone_brick_stairs":260,"minecraft:string":5593,"minecraft:pufferfish":6,"minecraft:shroomlight":1,"minecraft:diamond_leggings":15,"minecraft:dead_bubble_coral_fan":10,"minecraft:horn_coral_block":114,"minecraft:bubble_coral":4,"minecraft:warped_slab":25,"minecraft:diamond_ore":83,"minecraft:polished_blackstone_brick_slab":490,"minecraft:polished_blackstone_stairs":61,"minecraft:big_dripleaf":4356,"minecraft:acacia_log":70,"minecraft:purpur_pillar":15,"minecraft:golden_axe":2,"minecraft:lightning_rod":3,"minecraft:end_crystal":172,"minecraft:golden_chestplate":15,"minecraft:stone_sword":284,"minecraft:lime_carpet":140,"minecraft:horn_coral_fan":16,"minecraft:polished_basalt":1,"minecraft:carved_pumpkin":280,"minecraft:glowstone":2056,"minecraft:bookshelf":12,"minecraft:end_rod":12,"minecraft:blaze_rod":248,"minecraft:iron_bars":264,"minecraft:snowball":295,"minecraft:sponge":321,"minecraft:feather":49,"minecraft:cooked_beef":121,"minecraft:medium_amethyst_bud":5,"minecraft:water_bucket":36,"minecraft:brown_wool":7,"minecraft:dark_oak_boat":7,"minecraft:copper_block":3,"minecraft:flint":2082,"minecraft:lantern":173,"minecraft:gray_concrete_powder":162,"minecraft:hanging_roots":16,"minecraft:large_amethyst_bud":5,"minecraft:stonecutter":28,"minecraft:dark_oak_sign":444,"minecraft:diamond_helmet":8,"minecraft:glow_lichen":119,"minecraft:chiseled_polished_blackstone":2,"minecraft:brown_mushroom_block":81,"minecraft:dead_fire_coral_fan":13,"minecraft:netherite_block":23,"minecraft:iron_hoe":1,"minecraft:polished_andesite":3,"minecraft:deepslate":29195,"minecraft:lever":275,"minecraft:granite":19867,"minecraft:golden_horse_armor":1,"minecraft:rooted_dirt":2,"minecraft:deepslate_coal_ore":182,"minecraft:jack_o_lantern":31,"minecraft:light_gray_carpet":189,"minecraft:crimson_roots":6,"minecraft:diamond_pickaxe":52,"minecraft:bee_nest":14,"minecraft:clay_ball":2196,"minecraft:leather_leggings":11,"minecraft:redstone_lamp":90,"minecraft:dragon_head":17,"minecraft:acacia_button":156,"minecraft:purpur_block":64,"minecraft:fire_coral":7,"minecraft:cornflower":8,"minecraft:elytra":66,"minecraft:flint_and_steel":20,"minecraft:white_carpet":293,"minecraft:white_stained_glass":2,"minecraft:iron_shovel":5,"minecraft:polished_blackstone_wall":1,"minecraft:netherite_sword":50,"minecraft:jungle_sapling":83,"minecraft:poppy":125,"minecraft:spruce_slab":12,"minecraft:minecart":128,"minecraft:birch_sapling":160,"minecraft:piston":387,"minecraft:diamond_hoe":1,"minecraft:copper_ore":992,"minecraft:lime_shulker_box":2654,"minecraft:stone":410877,"minecraft:raw_gold_block":4,"minecraft:fire_charge":610,"minecraft:white_dye":21,"minecraft:jungle_fence_gate":41,"minecraft:netherite_pickaxe":140,"minecraft:red_nether_brick_wall":4,"minecraft:jungle_sign":249,"minecraft:stone_shovel":5,"minecraft:diamond_chestplate":1,"minecraft:purpur_slab":10,"minecraft:hay_block":105,"minecraft:cracked_deepslate_bricks":2252,"minecraft:totem_of_undying":165,"minecraft:polished_blackstone":23,"minecraft:mutton":78,"minecraft:rail":1843,"minecraft:bone_block":572,"minecraft:emerald_ore":3,"minecraft:oxeye_daisy":8,"minecraft:lime_bed":163,"minecraft:birch_leaves":387,"minecraft:jungle_fence":217,"minecraft:purpur_stairs":8,"minecraft:lily_pad":1432,"minecraft:paper":672,"minecraft:apple":213,"minecraft:warped_stem":168,"minecraft:yellow_stained_glass":1,"minecraft:spore_blossom":17,"minecraft:oak_fence_gate":136,"minecraft:stone_pickaxe":4,"minecraft:iron_ore":2274,"minecraft:magenta_stained_glass":2,"minecraft:dark_oak_stairs":2,"minecraft:smooth_basalt":718,"minecraft:milk_bucket":7,"minecraft:light_gray_stained_glass":56,"minecraft:sweet_berries":8,"minecraft:red_wool":62,"minecraft:lime_concrete":5585,"minecraft:weathered_copper":2,"minecraft:light_blue_stained_glass":1,"minecraft:crying_obsidian":1219,"minecraft:dragon_egg":2,"minecraft:leather_helmet":6,"minecraft:oak_wood":36,"minecraft:diamond_shovel":14,"minecraft:coal_ore":3858,"minecraft:slime_ball":3648,"minecraft:deepslate_redstone_ore":164,"minecraft:painting":2717,"minecraft:birch_sign":12,"minecraft:polished_blackstone_brick_wall":1,"minecraft:baked_potato":410,"minecraft:hopper":2450,"minecraft:ender_chest":124,"minecraft:nether_brick_fence":46,"minecraft:yellow_wool":3,"minecraft:gilded_blackstone":41,"minecraft:stone_brick_stairs":527,"minecraft:warped_stairs":14,"minecraft:lapis_block":47,"minecraft:dead_tube_coral_block":16,"minecraft:deepslate_lapis_ore":21,"minecraft:bucket":57,"minecraft:red_sand":14,"minecraft:smooth_stone":64,"minecraft:comparator":422,"minecraft:rose_bush":377,"minecraft:cobblestone_slab":192,"minecraft:azalea":192,"minecraft:iron_pickaxe":11,"minecraft:smooth_quartz":2,"minecraft:deepslate_iron_ore":87,"minecraft:polished_deepslate_stairs":2,"minecraft:spruce_stairs":10,"minecraft:netherite_shovel":51,"minecraft:crimson_button":76,"minecraft:diorite":34394,"minecraft:vine":3421,"minecraft:andesite_wall":33,"minecraft:rotten_flesh":7708,"minecraft:brown_shulker_box":32,"minecraft:deepslate_copper_ore":29,"minecraft:chorus_flower":2,"minecraft:deepslate_brick_stairs":660,"minecraft:obsidian":4698,"minecraft:blaze_powder":113,"minecraft:cobblestone":47986,"minecraft:enchanting_table":4,"minecraft:leather_chestplate":3,"minecraft:repeater":551,"minecraft:dead_tube_coral_fan":12,"minecraft:andesite":28917,"minecraft:orange_carpet":4,"minecraft:black_bed":1,"minecraft:golden_leggings":7,"minecraft:beacon":38,"minecraft:potato":131,"minecraft:smooth_sandstone_stairs":13,"minecraft:prismarine_bricks":179,"minecraft:dirt":93738,"minecraft:name_tag":3,"minecraft:glass":4964,"minecraft:bone":7811,"minecraft:acacia_planks":32,"minecraft:bow":101,"minecraft:wheat_seeds":1055,"minecraft:small_dripleaf":6,"minecraft:grindstone":15,"minecraft:netherite_axe":44,"minecraft:mossy_stone_bricks":4844,"minecraft:bamboo":16474,"minecraft:prismarine":159,"minecraft:gray_stained_glass":1,"minecraft:melon":2371,"minecraft:nether_brick_stairs":1,"minecraft:grass_block":851,"minecraft:diamond_block":19,"minecraft:jungle_slab":78,"minecraft:spectral_arrow":2862,"minecraft:mossy_cobblestone":4,"minecraft:jungle_leaves":101,"minecraft:sugar":110,"minecraft:slime_block":909,"minecraft:netherite_helmet":41,"minecraft:soul_lantern":22,"minecraft:cracked_polished_blackstone_bricks":514,"minecraft:crossbow":103,"minecraft:bone_meal":80026,"minecraft:grass":122,"minecraft:golden_apple":11,"minecraft:spruce_sign":3,"minecraft:emerald":3142,"minecraft:netherrack":106237,"minecraft:chorus_fruit":74,"minecraft:andesite_slab":13,"minecraft:oak_leaves":12605,"minecraft:splash_potion":218,"minecraft:ladder":396,"minecraft:brown_mushroom":145,"minecraft:packed_ice":1756,"minecraft:pink_wool":1,"minecraft:stone_brick_wall":54,"minecraft:chain":125,"minecraft:shield":11,"minecraft:brick":12,"minecraft:orange_stained_glass":1,"minecraft:oak_trapdoor":32,"minecraft:moss_carpet":409,"minecraft:mycelium":4,"minecraft:magenta_wool":2,"minecraft:blackstone":8241,"minecraft:blue_orchid":171,"minecraft:lime_wool":858,"minecraft:end_stone":1870,"minecraft:polished_blackstone_bricks":969,"minecraft:cookie":4,"minecraft:trident":2,"minecraft:brown_dye":12,"minecraft:stone_pressure_plate":20,"minecraft:tube_coral":6,"minecraft:weeping_vines":1,"minecraft:red_shulker_box":3,"minecraft:nether_bricks":1224,"minecraft:petrified_oak_slab":1,"minecraft:nether_brick_wall":21,"minecraft:netherite_boots":42,"minecraft:basalt":4102,"minecraft:golden_carrot":2570,"minecraft:leather":2413,"minecraft:ice":433,"minecraft:chainmail_chestplate":1,"minecraft:yellow_bed":33,"minecraft:cobblestone_wall":196,"minecraft:gunpowder":4487,"minecraft:orange_terracotta":6,"minecraft:cooked_mutton":18,"minecraft:gray_carpet":12,"minecraft:rabbit_hide":2,"minecraft:iron_ingot":1684,"minecraft:cooked_chicken":4,"minecraft:dead_horn_coral":5,"minecraft:nether_quartz_ore":961,"minecraft:emerald_block":67,"minecraft:stone_brick_slab":5479,"minecraft:quartz":6302,"minecraft:dandelion":106,"minecraft:lava_bucket":4,"minecraft:amethyst_shard":216,"minecraft:green_stained_glass":1023,"minecraft:soul_torch":141,"minecraft:nether_brick_slab":6,"minecraft:pumpkin_seeds":2642,"minecraft:white_concrete_powder":128,"minecraft:chainmail_leggings":6,"minecraft:damaged_anvil":5,"minecraft:seagrass":40,"minecraft:iron_chestplate":13,"minecraft:chainmail_boots":8,"minecraft:flower_pot":8,"minecraft:anvil":44,"minecraft:prismarine_shard":17,"minecraft:diamond_sword":14,"minecraft:oak_stairs":70,"minecraft:wither_rose":291,"minecraft:brewing_stand":79,"minecraft:golden_sword":34,"minecraft:polished_deepslate_wall":5,"minecraft:amethyst_block":4133,"minecraft:dark_oak_trapdoor":116,"minecraft:soul_soil":219,"minecraft:red_nether_bricks":48,"minecraft:beetroot":1,"minecraft:waxed_weathered_copper":2,"minecraft:gold_nugget":9461,"minecraft:cobbled_deepslate":17213,"minecraft:spruce_planks":192,"minecraft:written_book":5,"minecraft:enchanted_golden_apple":3,"minecraft:melon_slice":2060,"minecraft:coal_block":150,"minecraft:golden_helmet":11,"minecraft:beehive":3,"minecraft:music_disc_blocks":1,"minecraft:composter":55,"minecraft:green_bed":30,"minecraft:warped_planks":66,"minecraft:deepslate_tile_stairs":19,"minecraft:light_blue_wool":2,"minecraft:tropical_fish":3,"minecraft:iron_block":5179,"minecraft:birch_log":854,"minecraft:magma_block":2603,"minecraft:oxidized_copper":1,"minecraft:birch_slab":35,"minecraft:jungle_log":4604,"minecraft:smoker":1,"minecraft:netherite_leggings":40,"minecraft:gray_concrete":93,"minecraft:light_gray_concrete_powder":15,"minecraft:twisting_vines":4,"minecraft:chipped_anvil":8,"minecraft:glowstone_dust":1253,"minecraft:moss_block":1433,"minecraft:warped_wart_block":1,"minecraft:dropper":83,"minecraft:ink_sac":237,"minecraft:dark_oak_log":1670,"minecraft:barrel":21,"minecraft:dispenser":71,"minecraft:black_concrete_powder":1821,"minecraft:green_concrete":217,"minecraft:writable_book":12,"minecraft:deepslate_gold_ore":23,"minecraft:dead_brain_coral_block":14,"minecraft:blue_ice":3,"minecraft:bread":436,"minecraft:crafting_table":289,"minecraft:coarse_dirt":1,"minecraft:bubble_coral_fan":16,"minecraft:sandstone_slab":54,"minecraft:purple_wool":469,"minecraft:nether_wart":352,"minecraft:dead_tube_coral":4,"minecraft:crimson_trapdoor":90,"minecraft:dead_horn_coral_block":125,"minecraft:jungle_trapdoor":1465,"minecraft:cracked_stone_bricks":1871,"minecraft:deepslate_diamond_ore":40,"minecraft:beef":133,"minecraft:iron_nugget":3332,"minecraft:chest":2898,"minecraft:raw_copper_block":34,"minecraft:egg":55,"minecraft:sandstone":555,"minecraft:polished_deepslate_slab":1,"minecraft:oak_door":24,"minecraft:glow_item_frame":23,"minecraft:amethyst_cluster":1,"minecraft:spruce_fence":8,"minecraft:carrot":7427,"minecraft:redstone":6515,"minecraft:mushroom_stem":2,"minecraft:prismarine_crystals":6,"minecraft:tnt":457,"minecraft:beetroot_seeds":5,"minecraft:tube_coral_fan":14,"minecraft:shears":8,"minecraft:deepslate_bricks":1175,"minecraft:diamond_boots":7,"minecraft:sandstone_stairs":48,"minecraft:tube_coral_block":15,"minecraft:gold_ingot":240,"minecraft:glow_berries":402,"minecraft:lime_concrete_powder":8215,"minecraft:white_wool":588,"minecraft:lapis_ore":104,"minecraft:stripped_oak_log":23,"minecraft:red_mushroom_block":2,"minecraft:red_mushroom":76,"minecraft:filled_map":1,"minecraft:oak_log":4544,"minecraft:ancient_debris":372,"minecraft:jungle_button":9,"minecraft:golden_boots":19,"minecraft:blue_bed":4,"minecraft:white_banner":235,"minecraft:stone_bricks":10863,"minecraft:kelp":12464,"minecraft:cobweb":38,"minecraft:glass_bottle":205,"minecraft:iron_sword":3,"minecraft:flowering_azalea":118,"minecraft:yellow_concrete":34,"minecraft:gravel":19096,"minecraft:dead_fire_coral_block":24,"minecraft:birch_stairs":21,"minecraft:small_amethyst_bud":4,"minecraft:spruce_sapling":20,"minecraft:spruce_log":76,"minecraft:sea_lantern":1,"minecraft:firework_rocket":4916,"minecraft:red_stained_glass":25,"minecraft:stone_axe":6,"minecraft:redstone_ore":477,"minecraft:diamond_axe":18,"minecraft:gray_wool":56,"minecraft:warped_roots":12,"minecraft:melon_seeds":44,"minecraft:warped_nylium":1,"minecraft:crimson_nylium":12,"minecraft:ender_pearl":48922,"minecraft:shulker_shell":1686,"minecraft:wheat":532,"minecraft:exposed_copper":2,"minecraft:redstone_block":127,"minecraft:dead_horn_coral_fan":14,"minecraft:turtle_egg":24,"minecraft:potion":466,"minecraft:brain_coral_block":7,"minecraft:nether_brick":2526,"minecraft:crimson_planks":52,"minecraft:raw_copper":2747,"minecraft:iron_leggings":11,"minecraft:armor_stand":11,"minecraft:sticky_piston":186,"minecraft:netherite_ingot":41,"minecraft:oak_sign":86,"minecraft:sea_pickle":200,"minecraft:activator_rail":49,"minecraft:deepslate_tiles":98,"minecraft:redstone_torch":414,"minecraft:calcite":2760,"minecraft:deepslate_tile_wall":40,"minecraft:iron_boots":120,"minecraft:furnace":332,"minecraft:stick":2570,"minecraft:deepslate_brick_wall":20,"minecraft:oak_fence":315,"minecraft:torch":6504,"minecraft:porkchop":86,"minecraft:dried_kelp":1834,"minecraft:dead_brain_coral_fan":11,"minecraft:pointed_dripstone":41,"minecraft:quartz_block":65,"minecraft:nether_gold_ore":79,"minecraft:cactus":837,"minecraft:fire_coral_fan":16,"minecraft:cod":81,"minecraft:nautilus_shell":1,"minecraft:magma_cream":257,"minecraft:tuff":6185,"minecraft:wither_skeleton_skull":509,"minecraft:horn_coral":5,"minecraft:acacia_boat":11,"minecraft:lapis_lazuli":2984,"minecraft:polished_granite":2,"minecraft:leather_boots":14,"minecraft:deepslate_brick_slab":414,"minecraft:raw_gold":1314,"minecraft:cobbled_deepslate_slab":24,"minecraft:bell":51,"minecraft:powered_rail":606,"minecraft:oak_planks":1411,"minecraft:stone_hoe":1,"minecraft:mossy_stone_brick_stairs":2920,"minecraft:brain_coral":7,"minecraft:ghast_tear":168,"minecraft:pink_stained_glass":1,"minecraft:cooked_porkchop":116,"minecraft:axolotl_bucket":11,"minecraft:jungle_planks":48,"minecraft:sand":67411,"minecraft:dead_bush":38,"minecraft:lily_of_the_valley":146,"minecraft:chiseled_sandstone":1,"minecraft:shulker_box":2017,"minecraft:orange_wool":12,"minecraft:dark_prismarine":320,"minecraft:dead_fire_coral":7,"minecraft:light_gray_concrete":36,"minecraft:dark_prismarine_slab":12,"minecraft:clay":143,"minecraft:diamond":864,"minecraft:spruce_boat":14,"minecraft:black_concrete":282,"minecraft:white_concrete":35,"minecraft:oak_sapling":1875,"minecraft:bubble_coral_block":14,"minecraft:dead_brain_coral":6,"minecraft:nether_star":142,"minecraft:end_stone_bricks":202,"minecraft:cocoa_beans":112,"minecraft:charcoal":4,"minecraft:end_stone_brick_stairs":5,"minecraft:allium":4,"minecraft:chicken":37,"minecraft:wooden_pickaxe":4,"minecraft:gold_block":100,"minecraft:dragon_breath":76,"minecraft:stone_stairs":2782,"minecraft:iron_axe":70,"minecraft:wooden_sword":1,"minecraft:item_frame":330,"minecraft:warped_fence":6,"minecraft:dark_prismarine_stairs":10,"minecraft:oak_boat":232,"minecraft:player_head":640,"minecraft:observer":560,"minecraft:light_gray_wool":15,"minecraft:lectern":1197,"minecraft:tinted_glass":1,"minecraft:sugar_cane":6693,"minecraft:spruce_trapdoor":1,"minecraft:phantom_membrane":122,"minecraft:dark_oak_sapling":26,"minecraft:raw_iron":12393,"minecraft:orange_dye":20,"minecraft:copper_ingot":6,"minecraft:bowl":2,"minecraft:stone_button":2035,"minecraft:iron_horse_armor":1,"minecraft:dark_oak_planks":4,"minecraft:smooth_sandstone_slab":134,"minecraft:arrow":4694,"minecraft:saddle":50,"minecraft:lime_stained_glass":1368,"minecraft:wet_sponge":767,"minecraft:cracked_deepslate_tiles":8,"minecraft:glow_ink_sac":384,"minecraft:crimson_stem":453,"minecraft:salmon":3,"minecraft:cut_sandstone":102,"minecraft:birch_planks":189,"minecraft:nether_wart_block":1,"minecraft:cobblestone_stairs":20,"minecraft:deepslate_tile_slab":40,"minecraft:podzol":1,"minecraft:smooth_sandstone":186,"minecraft:fire_coral_block":12,"minecraft:heart_of_the_sea":2,"minecraft:stripped_oak_wood":14,"minecraft:acacia_sapling":1,"minecraft:soul_sand":7945,"minecraft:purple_concrete":1178,"minecraft:green_dye":16,"minecraft:book":2420,"minecraft:scaffolding":30911,"minecraft:oak_slab":78,"minecraft:red_concrete_powder":814,"minecraft:birch_boat":28,"minecraft:pumpkin":1053,"minecraft:raw_iron_block":49,"minecraft:dripstone_block":38,"minecraft:brain_coral_fan":13,"minecraft:white_bed":188,"minecraft:gold_ore":136,"minecraft:green_carpet":2,"minecraft:mossy_stone_brick_slab":3209,"minecraft:spider_eye":485,"minecraft:dead_bubble_coral":3,"minecraft:lime_dye":194,"minecraft:honey_block":1,"minecraft:dead_bubble_coral_block":58,"minecraft:iron_helmet":5,"minecraft:black_wool":65,"minecraft:red_concrete":316,"minecraft:coal":12345,"minecraft:purple_concrete_powder":3966},"minecraft:crafted":{"minecraft:lime_stained_glass":20048,"minecraft:black_dye":539,"minecraft:yellow_wool":2,"minecraft:oak_sign":351,"minecraft:end_stone_brick_wall":18,"minecraft:polished_deepslate_wall":54,"minecraft:melon":120,"minecraft:birch_boat":3,"minecraft:blaze_powder":280,"minecraft:chain":330,"minecraft:diamond_shovel":5,"minecraft:gray_wool":10,"minecraft:nether_brick":32,"minecraft:cracked_stone_bricks":10368,"minecraft:shulker_box":708,"minecraft:magenta_concrete":8,"minecraft:diamond_helmet":1,"minecraft:beacon":86,"minecraft:stone_pressure_plate":16,"minecraft:dried_kelp_block":387,"minecraft:black_wool":1,"minecraft:gray_stained_glass":8,"minecraft:name_tag":16,"minecraft:lime_concrete_powder":7896,"minecraft:pink_stained_glass":8,"minecraft:warped_stairs":32,"minecraft:blue_stained_glass":8,"minecraft:redstone_lamp":38,"minecraft:soul_campfire":8,"minecraft:acacia_slab":252,"minecraft:glow_item_frame":8,"minecraft:black_concrete":8,"minecraft:raw_gold_block":127,"minecraft:lime_banner":1,"minecraft:smithing_table":1,"minecraft:mossy_cobblestone":15,"minecraft:sticky_piston":62,"minecraft:red_nether_bricks":9,"minecraft:green_stained_glass":13760,"minecraft:cracked_deepslate_tiles":72,"minecraft:polished_deepslate_slab":18,"minecraft:painting":494,"minecraft:stone_brick_stairs":388,"minecraft:lectern":39,"minecraft:stone_slab":3056,"minecraft:iron_pickaxe":8,"minecraft:sandstone":247,"minecraft:netherite_ingot":91,"minecraft:composter":14,"minecraft:polished_blackstone_bricks":2068,"minecraft:lime_concrete":16,"minecraft:cyan_wool":1,"minecraft:nautilus_shell":3,"minecraft:jungle_sign":147,"minecraft:golden_carrot":4961,"minecraft:magenta_wool":1,"minecraft:iron_nugget":1921,"minecraft:crimson_trapdoor":120,"minecraft:diamond_hoe":2,"minecraft:soul_torch":56,"minecraft:light_gray_wool":65,"minecraft:polished_blackstone_pressure_plate":10,"minecraft:jack_o_lantern":155,"minecraft:lime_stained_glass_pane":32,"minecraft:cracked_polished_blackstone_bricks":421,"minecraft:moss_carpet":105,"minecraft:stone_stairs":3512,"minecraft:terracotta":46,"minecraft:lantern":258,"minecraft:spruce_stairs":16,"minecraft:polished_diorite":4,"minecraft:black_concrete_powder":2760,"minecraft:stone_pickaxe":2,"minecraft:lead":4,"minecraft:enchanting_table":1,"minecraft:light_blue_wool":1,"minecraft:polished_blackstone_stairs":12,"minecraft:deepslate_tiles":108,"minecraft:enchanted_book":874,"minecraft:orange_dye":30,"minecraft:oak_fence_gate":59,"minecraft:red_stained_glass":328,"minecraft:soul_lantern":9,"minecraft:fermented_spider_eye":24,"minecraft:black_stained_glass_pane":64,"minecraft:writable_book":6,"minecraft:iron_shovel":10,"minecraft:armor_stand":4,"minecraft:grindstone":7,"minecraft:gray_concrete":8,"minecraft:cobblestone_slab":798,"minecraft:barrel":20,"minecraft:cooked_chicken":5,"minecraft:lightning_rod":3,"minecraft:stone":2816,"minecraft:red_sandstone":1,"minecraft:warped_planks":568,"minecraft:cake":1,"minecraft:brown_stained_glass":8,"minecraft:stone_brick_slab":4236,"minecraft:nether_brick_wall":144,"minecraft:bow":27,"minecraft:spore_blossom":321,"minecraft:comparator":182,"minecraft:chest":4289,"minecraft:netherite_helmet":6,"minecraft:oak_button":3,"minecraft:copper_block":158,"minecraft:rail":8240,"minecraft:bricks":1,"minecraft:ender_eye":100,"minecraft:stone_bricks":61668,"minecraft:oak_fence":198,"minecraft:dropper":34,"minecraft:iron_helmet":3,"minecraft:brown_dye":30,"minecraft:cracked_deepslate_bricks":943,"minecraft:red_wool":1,"minecraft:chiseled_polished_blackstone":1,"minecraft:acacia_button":112,"minecraft:yellow_stained_glass":8,"minecraft:dispenser":17,"minecraft:apple":364,"minecraft:tnt":3007,"minecraft:purple_dye":1152,"minecraft:pink_wool":1,"minecraft:yellow_dye":20,"minecraft:netherite_block":5,"minecraft:stick":12426,"minecraft:iron_ingot":22308,"minecraft:andesite_stairs":4,"minecraft:light_blue_stained_glass":8,"minecraft:lime_carpet":423,"minecraft:red_nether_brick_wall":54,"minecraft:deepslate_bricks":456,"minecraft:deepslate_tile_slab":12,"minecraft:small_dripleaf":242,"minecraft:oak_door":9,"minecraft:nether_brick_slab":6,"minecraft:stone_brick_wall":342,"minecraft:fishing_rod":5,"minecraft:netherite_sword":4,"minecraft:leather_boots":22,"minecraft:mossy_stone_bricks":17342,"minecraft:furnace":121,"minecraft:piston":256,"minecraft:crimson_button":132,"minecraft:raw_copper_block":285,"minecraft:oak_trapdoor":66,"minecraft:flint_and_steel":8,"minecraft:scaffolding":2188,"minecraft:netherite_chestplate":3,"minecraft:white_concrete_powder":24,"minecraft:pink_concrete":8,"minecraft:orange_terracotta":40,"minecraft:cobblestone_wall":780,"minecraft:brown_shulker_box":21,"minecraft:birch_sign":3,"minecraft:glistering_melon_slice":3,"minecraft:smooth_sandstone_stairs":8,"minecraft:purple_stained_glass":8,"minecraft:yellow_concrete":8,"minecraft:iron_sword":1,"minecraft:acacia_boat":1,"minecraft:jungle_planks":22504,"minecraft:white_dye":2554,"minecraft:netherite_shovel":4,"minecraft:blue_wool":1,"minecraft:stonecutter":3,"minecraft:anvil":62,"minecraft:light_gray_concrete":8,"minecraft:torch":7268,"minecraft:diamond_chestplate":1,"minecraft:ender_chest":5,"minecraft:jungle_button":8,"minecraft:light_gray_concrete_powder":40,"minecraft:jungle_fence_gate":55,"minecraft:cut_sandstone":8,"minecraft:orange_carpet":3,"minecraft:orange_stained_glass":8,"minecraft:cyan_concrete":8,"minecraft:birch_slab":24,"minecraft:slime_block":1338,"minecraft:lever":167,"minecraft:green_concrete":136,"minecraft:bookshelf":512,"minecraft:dark_prismarine_stairs":8,"minecraft:cooked_mutton":32,"minecraft:iron_bars":224,"minecraft:red_concrete_powder":1600,"minecraft:deepslate_brick_stairs":272,"minecraft:quartz_block":97,"minecraft:glass":9279,"minecraft:repeater":319,"minecraft:diamond_leggings":1,"minecraft:netherite_boots":5,"minecraft:melon_seeds":699,"minecraft:polished_blackstone":2105,"minecraft:magenta_dye":4,"minecraft:flower_pot":14,"minecraft:glass_bottle":3717,"minecraft:furnace_minecart":6,"minecraft:deepslate":70,"minecraft:emerald":6037,"minecraft:smooth_quartz":5,"minecraft:cooked_porkchop":50,"minecraft:diamond_axe":7,"minecraft:copper_ingot":754,"minecraft:oak_wood":288,"minecraft:hay_block":3,"minecraft:end_stone_brick_stairs":72,"minecraft:campfire":9,"minecraft:lime_shulker_box":328,"minecraft:lime_bed":25,"minecraft:chiseled_deepslate":1,"minecraft:compass":3,"minecraft:iron_block":1108,"minecraft:gold_ingot":26044,"minecraft:light_gray_dye":223,"minecraft:stone_shovel":6,"minecraft:smooth_stone_slab":6,"minecraft:player_head":32,"minecraft:polished_deepslate_stairs":4,"minecraft:orange_concrete":8,"minecraft:bone_meal":126532,"minecraft:cyan_stained_glass":8,"minecraft:andesite_wall":54,"minecraft:pink_dye":4,"minecraft:white_carpet":243,"minecraft:orange_wool":3,"minecraft:diamond":1431,"minecraft:netherite_axe":4,"minecraft:dark_oak_fence":39,"minecraft:deepslate_brick_wall":128,"minecraft:ladder":369,"minecraft:spruce_slab":18,"minecraft:diamond_boots":2,"minecraft:deepslate_tile_wall":41,"minecraft:redstone_block":405,"minecraft:jungle_fence":129,"minecraft:dark_oak_planks":6096,"minecraft:wheat":603,"minecraft:coal_block":3495,"minecraft:netherite_pickaxe":13,"minecraft:polished_blackstone_brick_slab":600,"minecraft:dried_kelp":3,"minecraft:deepslate_brick_slab":72,"minecraft:magenta_stained_glass":8,"minecraft:polished_granite":4,"minecraft:gray_concrete_powder":280,"minecraft:sandstone_slab":18,"minecraft:glowstone":107,"minecraft:white_stained_glass":8,"minecraft:jungle_slab":30,"minecraft:polished_blackstone_brick_wall":6,"minecraft:mossy_stone_brick_stairs":3492,"minecraft:golden_apple":83,"minecraft:andesite_slab":570,"minecraft:oak_stairs":76,"minecraft:deepslate_tile_stairs":23,"minecraft:iron_leggings":3,"minecraft:white_bed":16,"minecraft:brown_concrete":8,"minecraft:lime_wool":55,"minecraft:brick":51,"minecraft:oak_planks":9292,"minecraft:mossy_stone_brick_slab":3480,"minecraft:cobblestone_stairs":28,"minecraft:suspicious_stew":59,"minecraft:green_dye":443,"minecraft:white_concrete":264,"minecraft:hopper":1356,"minecraft:iron_boots":3,"minecraft:raw_copper":1851,"minecraft:chiseled_stone_bricks":1,"minecraft:golden_sword":1,"minecraft:raw_iron_block":964,"minecraft:smoker":4,"minecraft:oak_slab":192,"minecraft:item_frame":295,"minecraft:crafting_table":95,"minecraft:spruce_planks":7600,"minecraft:wooden_pickaxe":4,"minecraft:gold_block":846,"minecraft:hopper_minecart":54,"minecraft:brewing_stand":11,"minecraft:birch_planks":2812,"minecraft:pumpkin_seeds":608,"minecraft:iron_chestplate":3,"minecraft:book":64,"minecraft:diamond_pickaxe":35,"minecraft:paper":25494,"minecraft:emerald_block":335,"minecraft:charcoal":6,"minecraft:shield":3,"minecraft:warped_slab":198,"minecraft:light_weighted_pressure_plate":32,"minecraft:light_blue_dye":66,"minecraft:stone_sword":3,"minecraft:snow_block":60,"minecraft:redstone_torch":1624,"minecraft:polished_blackstone_brick_stairs":501,"minecraft:gray_carpet":105,"minecraft:light_gray_carpet":288,"minecraft:sponge":1,"minecraft:shears":41,"minecraft:sandstone_stairs":185,"minecraft:polished_andesite":4,"minecraft:coarse_dirt":4,"minecraft:cobbled_deepslate_slab":66,"minecraft:cookie":1350,"minecraft:raw_iron":5224,"minecraft:redstone":2823,"minecraft:coal":5976,"minecraft:red_concrete":8,"minecraft:light_gray_stained_glass":648,"minecraft:stone_button":30497,"minecraft:dark_oak_trapdoor":512,"minecraft:jungle_trapdoor":2014,"minecraft:gray_dye":156,"minecraft:dark_oak_sign":219,"minecraft:mossy_stone_brick_wall":48,"minecraft:diamond_block":195,"minecraft:end_stone_bricks":1204,"minecraft:warped_fence":6,"minecraft:netherite_leggings":5,"minecraft:polished_deepslate":936,"minecraft:green_concrete_powder":128,"minecraft:iron_axe":5,"minecraft:iron_hoe":2,"minecraft:slime_ball":434,"minecraft:lime_dye":4010,"minecraft:netherite_scrap":228,"minecraft:observer":253,"minecraft:minecart":163,"minecraft:cooked_beef":122,"minecraft:sugar":149,"minecraft:red_dye":950,"minecraft:bone_block":12139,"minecraft:crimson_planks":1692,"minecraft:light_blue_concrete":8,"minecraft:diamond_sword":1,"minecraft:cyan_dye":6,"minecraft:spruce_sign":108,"minecraft:powered_rail":1044,"minecraft:activator_rail":48,"minecraft:blue_concrete":8,"minecraft:nether_bricks":1103,"minecraft:bucket":115,"minecraft:stone_axe":5,"minecraft:air":0,"minecraft:bread":1297,"minecraft:blue_dye":608,"minecraft:black_stained_glass":88,"minecraft:oak_boat":30,"minecraft:smooth_sandstone_slab":66,"minecraft:white_wool":64,"minecraft:gold_nugget":28690,"minecraft:raw_gold":1044,"minecraft:brown_wool":65,"minecraft:dark_prismarine_slab":156,"minecraft:green_wool":1,"minecraft:nether_wart_block":5,"minecraft:pumpkin_pie":68,"minecraft:acacia_planks":4864,"minecraft:end_crystal":86,"minecraft:purple_concrete_powder":6912,"minecraft:lapis_lazuli":1359,"minecraft:lapis_block":317,"minecraft:clay":138,"minecraft:firework_rocket":44773},"minecraft:dropped":{"minecraft:iron_sword":1,"minecraft:porkchop":19,"minecraft:lapis_lazuli":24,"minecraft:glow_ink_sac":44,"minecraft:chorus_fruit":2,"minecraft:glass_bottle":178,"minecraft:diamond":91,"minecraft:crafting_table":6,"minecraft:lime_stained_glass":27,"minecraft:cooked_porkchop":8,"minecraft:weeping_vines":1,"minecraft:warped_roots":10,"minecraft:cracked_stone_bricks":17,"minecraft:red_mushroom":56,"minecraft:gold_block":1,"minecraft:emerald":1745,"minecraft:black_stained_glass_pane":25,"minecraft:dark_oak_trapdoor":16,"minecraft:netherite_boots":8,"minecraft:writable_book":6,"minecraft:gold_nugget":7367,"minecraft:bubble_coral_block":2,"minecraft:sand":677,"minecraft:dark_oak_planks":1,"minecraft:small_amethyst_bud":4,"minecraft:white_wool":9,"minecraft:stone_axe":5,"minecraft:compass":3,"minecraft:lever":25,"minecraft:iron_nugget":135,"minecraft:cooked_chicken":1,"minecraft:cobbled_deepslate":947,"minecraft:tinted_glass":1,"minecraft:wheat":53,"minecraft:netherite_sword":14,"minecraft:obsidian":255,"minecraft:rotten_flesh":12454,"minecraft:oak_planks":263,"minecraft:glowstone_dust":285,"minecraft:nether_brick_fence":1,"minecraft:dead_fire_coral_block":12,"minecraft:warped_planks":28,"minecraft:sea_lantern":1,"minecraft:coal_ore":788,"minecraft:jungle_log":65,"minecraft:leather_boots":20,"minecraft:acacia_sapling":1,"minecraft:leather_leggings":6,"minecraft:painting":1225,"minecraft:glass":356,"minecraft:stone_brick_stairs":16,"minecraft:green_stained_glass":23,"minecraft:golden_boots":15,"minecraft:wheat_seeds":442,"minecraft:dripstone_block":7,"minecraft:book":170,"minecraft:prismarine_crystals":6,"minecraft:deepslate_tile_slab":128,"minecraft:coal_block":1917,"minecraft:lava_bucket":6,"minecraft:gray_wool":1,"minecraft:ink_sac":1,"minecraft:lapis_ore":9,"minecraft:potion":300,"minecraft:oak_stairs":8,"minecraft:smooth_sandstone_slab":1,"minecraft:white_banner":65,"minecraft:smooth_stone":64,"minecraft:chainmail_leggings":4,"minecraft:smooth_sandstone":1,"minecraft:lily_pad":74,"minecraft:stone_brick_slab":137,"minecraft:snow_block":8,"minecraft:soul_soil":72,"minecraft:player_head":255,"minecraft:green_bed":1,"minecraft:sticky_piston":4,"minecraft:stone_shovel":4,"minecraft:white_carpet":13,"minecraft:clay_ball":624,"minecraft:iron_boots":176,"minecraft:damaged_anvil":1,"minecraft:name_tag":1,"minecraft:cobbled_deepslate_slab":22,"minecraft:end_stone_brick_wall":6,"minecraft:oak_sign":15,"minecraft:shears":10,"minecraft:suspicious_stew":37,"minecraft:diamond_sword":9,"minecraft:spruce_boat":1,"minecraft:sea_pickle":22,"minecraft:spruce_planks":77,"minecraft:diamond_pickaxe":5,"minecraft:redstone_torch":8,"minecraft:small_dripleaf":6,"minecraft:stone_pressure_plate":6,"minecraft:stone_bricks":2014,"minecraft:bamboo":2114,"minecraft:sandstone":47,"minecraft:bow":58,"minecraft:magma_block":84,"minecraft:terracotta":5,"minecraft:nether_brick_stairs":1,"minecraft:soul_sand":866,"minecraft:moss_block":195,"minecraft:orange_dye":20,"minecraft:oak_log":3,"minecraft:large_amethyst_bud":5,"minecraft:ender_pearl":50242,"minecraft:dark_oak_sapling":4,"minecraft:jungle_fence":2,"minecraft:leather":32,"minecraft:red_wool":95,"minecraft:birch_slab":9,"minecraft:cod":5,"minecraft:cobblestone_stairs":8,"minecraft:cracked_polished_blackstone_bricks":68,"minecraft:redstone_lamp":12,"minecraft:packed_ice":226,"minecraft:ice":64,"minecraft:polished_blackstone_pressure_plate":2,"minecraft:mutton":31,"minecraft:snowball":31,"minecraft:jungle_sign":37,"minecraft:wet_sponge":64,"minecraft:axolotl_bucket":3,"minecraft:tube_coral":2,"minecraft:stripped_oak_wood":6,"minecraft:black_concrete":2,"minecraft:gold_ingot":96,"minecraft:purpur_block":45,"minecraft:twisting_vines":4,"minecraft:smooth_sandstone_stairs":4,"minecraft:pointed_dripstone":5,"minecraft:cooked_mutton":2,"minecraft:leather_chestplate":3,"minecraft:horn_coral_fan":3,"minecraft:beetroot_seeds":2,"minecraft:fire_coral_fan":3,"minecraft:stone_brick_wall":14,"minecraft:purple_concrete_powder":128,"minecraft:iron_ore":230,"minecraft:iron_bars":151,"minecraft:scaffolding":1016,"minecraft:white_concrete_powder":64,"minecraft:polished_granite":5,"minecraft:splash_potion":3,"minecraft:bread":1307,"minecraft:vine":99,"minecraft:golden_helmet":8,"minecraft:yellow_concrete":17,"minecraft:netherite_axe":15,"minecraft:amethyst_block":185,"minecraft:activator_rail":1,"minecraft:tropical_fish":3,"minecraft:spruce_stairs":1,"minecraft:iron_block":8,"minecraft:green_dye":16,"minecraft:repeater":47,"minecraft:melon_slice":40,"minecraft:light_gray_stained_glass":24,"minecraft:fire_charge":15,"minecraft:jungle_leaves":101,"minecraft:polished_blackstone_brick_slab":256,"minecraft:stonecutter":1,"minecraft:raw_iron_block":316,"minecraft:cactus":41,"minecraft:redstone_block":2,"minecraft:chiseled_sandstone":1,"minecraft:polished_diorite":3,"minecraft:kelp":1888,"minecraft:oak_trapdoor":7,"minecraft:dragon_head":2,"minecraft:lime_concrete":95,"minecraft:comparator":57,"minecraft:totem_of_undying":48,"minecraft:shulker_box":5,"minecraft:netherite_leggings":8,"minecraft:flint_and_steel":13,"minecraft:copper_ore":527,"minecraft:deepslate_bricks":355,"minecraft:andesite":4603,"minecraft:golden_leggings":5,"minecraft:oak_sapling":134,"minecraft:brain_coral":1,"minecraft:wooden_pickaxe":5,"minecraft:magma_cream":98,"minecraft:medium_amethyst_bud":4,"minecraft:amethyst_cluster":1,"minecraft:brick":5,"minecraft:crimson_stem":51,"minecraft:clay":3,"minecraft:piston":1,"minecraft:cooked_beef":39,"minecraft:sandstone_stairs":1,"minecraft:crossbow":128,"minecraft:cookie":1056,"minecraft:mossy_stone_brick_stairs":64,"minecraft:saddle":14,"minecraft:purpur_stairs":4,"minecraft:bubble_coral_fan":4,"minecraft:elytra":10,"minecraft:leather_helmet":5,"minecraft:rail":277,"minecraft:dragon_breath":64,"minecraft:item_frame":10,"minecraft:light_weighted_pressure_plate":32,"minecraft:dirt":16345,"minecraft:grass":97,"minecraft:raw_copper_block":71,"minecraft:stone_button":1451,"minecraft:jack_o_lantern":7,"minecraft:chain":13,"minecraft:jungle_sapling":50,"minecraft:wooden_sword":2,"minecraft:bone_block":65,"minecraft:deepslate_coal_ore":56,"minecraft:bone_meal":83037,"minecraft:phantom_membrane":7,"minecraft:sugar":79,"minecraft:iron_pickaxe":2,"minecraft:gray_dye":1,"minecraft:blue_bed":1,"minecraft:bone":3817,"minecraft:brain_coral_fan":2,"minecraft:emerald_block":64,"minecraft:sugar_cane":4100,"minecraft:golden_chestplate":12,"minecraft:birch_sapling":2,"minecraft:deepslate_brick_slab":110,"minecraft:netherite_shovel":17,"minecraft:lime_dye":56,"minecraft:end_stone":44,"minecraft:light_gray_carpet":40,"minecraft:jungle_trapdoor":453,"minecraft:white_bed":8,"minecraft:salmon":1,"minecraft:acacia_button":27,"minecraft:lime_bed":10,"minecraft:honey_block":1,"minecraft:hopper":3,"minecraft:ladder":231,"minecraft:white_dye":13,"minecraft:spruce_slab":5,"minecraft:end_stone_bricks":55,"minecraft:crying_obsidian":386,"minecraft:ghast_tear":12,"minecraft:dead_tube_coral_block":1,"minecraft:egg":23,"minecraft:crimson_planks":8,"minecraft:enchanted_book":28,"minecraft:iron_ingot":40,"minecraft:netherite_pickaxe":51,"minecraft:birch_leaves":56,"minecraft:tnt":3,"minecraft:copper_block":77,"minecraft:polished_blackstone":8,"minecraft:deepslate_brick_wall":2,"minecraft:golden_horse_armor":1,"minecraft:netherite_helmet":7,"minecraft:purpur_slab":2,"minecraft:oak_fence":31,"minecraft:feather":42,"minecraft:cobblestone":10750,"minecraft:purple_concrete":320,"minecraft:apple":33,"minecraft:granite":4334,"minecraft:coal":700,"minecraft:end_rod":2,"minecraft:polished_andesite":3,"minecraft:warped_slab":2,"minecraft:golden_carrot":700,"minecraft:rose_bush":2,"minecraft:diamond_helmet":2,"minecraft:lime_carpet":2,"minecraft:dead_bush":3,"minecraft:dried_kelp":845,"minecraft:iron_shovel":2,"minecraft:paper":522,"minecraft:string":495,"minecraft:blue_candle":12,"minecraft:gray_carpet":9,"minecraft:purpur_pillar":6,"minecraft:furnace":7,"minecraft:moss_carpet":12,"minecraft:redstone_ore":14,"minecraft:soul_torch":47,"minecraft:netherite_ingot":4,"minecraft:stone_sword":481,"minecraft:cobblestone_wall":117,"minecraft:dark_oak_sign":42,"minecraft:deepslate":1103,"minecraft:bowl":3,"minecraft:chicken":17,"minecraft:slime_block":73,"minecraft:stone_slab":1756,"minecraft:diamond_ore":3,"minecraft:orange_wool":10,"minecraft:nether_bricks":4,"minecraft:spruce_fence":2,"minecraft:pumpkin_seeds":831,"minecraft:potato":57,"minecraft:cobblestone_slab":199,"minecraft:stone":64029,"minecraft:yellow_bed":4,"minecraft:carved_pumpkin":15,"minecraft:spider_eye":215,"minecraft:light_gray_dye":4,"minecraft:birch_boat":2,"minecraft:blue_orchid":33,"minecraft:dark_prismarine":4,"minecraft:black_wool":1,"minecraft:crimson_nylium":10,"minecraft:gold_ore":5,"minecraft:spruce_sign":3,"minecraft:brown_mushroom":47,"minecraft:birch_planks":165,"minecraft:diamond_axe":1,"minecraft:baked_potato":65,"minecraft:lime_shulker_box":22,"minecraft:lantern":43,"minecraft:deepslate_tile_wall":38,"minecraft:tube_coral_fan":2,"minecraft:flint":1384,"minecraft:deepslate_gold_ore":1,"minecraft:orange_carpet":4,"minecraft:jungle_button":3,"minecraft:dispenser":1,"minecraft:polished_blackstone_brick_stairs":150,"minecraft:crimson_roots":1,"minecraft:cut_sandstone":92,"minecraft:amethyst_shard":113,"minecraft:polished_blackstone_bricks":444,"minecraft:brown_mushroom_block":7,"minecraft:gravel":7171,"minecraft:blackstone":2379,"minecraft:lime_wool":156,"minecraft:diamond_shovel":1,"minecraft:prismarine":82,"minecraft:stone_stairs":44,"minecraft:carrot":1669,"minecraft:chainmail_chestplate":1,"minecraft:shulker_shell":69,"minecraft:poppy":18,"minecraft:rabbit_hide":1,"minecraft:gunpowder":368,"minecraft:glowstone":43,"minecraft:chainmail_boots":4,"minecraft:chest":85,"minecraft:basalt":1661,"minecraft:arrow":1029,"minecraft:powered_rail":10,"minecraft:prismarine_bricks":39,"minecraft:quartz":920,"minecraft:written_book":1,"minecraft:oak_leaves":119,"minecraft:netherrack":96776,"minecraft:firework_rocket":2300,"minecraft:water_bucket":7,"minecraft:oak_slab":11,"minecraft:red_concrete_powder":38,"minecraft:deepslate_iron_ore":8,"minecraft:mossy_cobblestone":2,"minecraft:smithing_table":1,"minecraft:minecart":6,"minecraft:diamond_leggings":8,"minecraft:prismarine_shard":17,"minecraft:lead":1,"minecraft:spectral_arrow":30,"minecraft:observer":2,"minecraft:nether_brick_wall":18,"minecraft:copper_ingot":8,"minecraft:dead_horn_coral_block":1,"minecraft:grass_block":123,"minecraft:stick":796,"minecraft:deepslate_brick_stairs":241,"minecraft:diorite":4992,"minecraft:nether_gold_ore":56,"minecraft:brewing_stand":7,"minecraft:torch":797,"minecraft:smooth_quartz":3,"minecraft:brown_wool":1,"minecraft:iron_leggings":2,"minecraft:iron_axe":72,"minecraft:bucket":5,"minecraft:music_disc_cat":1,"minecraft:lapis_block":4,"minecraft:dandelion":33,"minecraft:smooth_basalt":388,"minecraft:redstone":511,"minecraft:bubble_coral":1,"minecraft:brown_dye":6,"minecraft:ender_chest":9,"minecraft:nether_wart":26,"minecraft:coarse_dirt":1,"minecraft:blaze_rod":21,"minecraft:raw_copper":51,"minecraft:tuff":312,"minecraft:raw_iron":349,"minecraft:dead_bubble_coral_block":49,"minecraft:wither_skeleton_skull":483,"minecraft:light_gray_wool":1,"minecraft:ender_eye":7,"minecraft:crimson_button":125,"minecraft:filled_map":7,"minecraft:shield":2,"minecraft:orange_terracotta":1,"minecraft:iron_chestplate":4,"minecraft:mossy_stone_bricks":102,"minecraft:oak_boat":11,"minecraft:golden_sword":31,"minecraft:slime_ball":482,"minecraft:diamond_boots":1,"minecraft:beacon":2,"minecraft:stone_pickaxe":2,"minecraft:raw_gold":61,"minecraft:nether_quartz_ore":256,"minecraft:dead_brain_coral_block":6,"minecraft:cracked_deepslate_bricks":251,"minecraft:calcite":396,"minecraft:white_stained_glass":1},"minecraft:killed":{"minecraft:cod":73,"minecraft:guardian":2,"minecraft:elder_guardian":7,"minecraft:iron_golem":9,"minecraft:ender_dragon":10,"minecraft:pillager":1719,"minecraft:zombie":891,"minecraft:evoker":304,"minecraft:vindicator":1180,"minecraft:husk":13,"minecraft:ravager":2,"minecraft:zombified_piglin":82,"minecraft:witch":349,"minecraft:spider":156,"minecraft:wither":88,"minecraft:axolotl":2,"minecraft:silverfish":45,"minecraft:piglin_brute":14,"minecraft:piglin":180,"minecraft:zombie_villager":11,"minecraft:sheep":36,"minecraft:trader_llama":12,"minecraft:ghast":250,"minecraft:vex":3,"minecraft:slime":1638,"minecraft:drowned":15,"minecraft:hoglin":19,"minecraft:squid":66,"minecraft:wither_skeleton":16228,"minecraft:player":3,"minecraft:cave_spider":42,"minecraft:shulker":586,"minecraft:pufferfish":3,"minecraft:skeleton":599,"minecraft:chicken":13,"minecraft:magma_cube":577,"minecraft:glow_squid":2,"minecraft:cow":52,"minecraft:horse":24,"minecraft:wandering_trader":7,"minecraft:enderman":51429,"minecraft:pig":31,"minecraft:creeper":503,"minecraft:blaze":305,"minecraft:phantom":57,"minecraft:bat":55}},"DataVersion":2730}