{"stats":{"minecraft:dropped":{"minecraft:netherite_pickaxe":2,"minecraft:wheat_seeds":64,"minecraft:iron_nugget":12,"minecraft:diamond_axe":1,"minecraft:player_head":1,"minecraft:baked_potato":1,"minecraft:netherite_sword":1,"minecraft:netherite_axe":1,"minecraft:netherite_helmet":1,"minecraft:diamond_sword":1,"minecraft:golden_carrot":37,"minecraft:diamond_pickaxe":1,"minecraft:carved_pumpkin":1,"minecraft:paper":10},"minecraft:mined":{"minecraft:polished_granite_slab":2,"minecraft:scaffolding":8,"minecraft:farmland":8,"minecraft:polished_granite":1,"minecraft:torch":7,"minecraft:grass_block":2,"minecraft:dark_oak_wall_sign":3,"minecraft:grass":1,"minecraft:potatoes":21,"minecraft:oak_stairs":1,"minecraft:dirt":28,"minecraft:polished_andesite":2},"minecraft:killed_by":{"minecraft:player":1},"minecraft:custom":{"minecraft:inspect_dropper":5,"minecraft:mob_kills":1,"minecraft:interact_with_anvil":3,"minecraft:inspect_hopper":10,"minecraft:interact_with_crafting_table":1,"minecraft:open_barrel":15,"minecraft:open_shulker_box":4,"minecraft:leave_game":1,"minecraft:time_since_death":20653,"minecraft:climb_one_cm":6384,"minecraft:damage_resisted":7,"minecraft:time_since_rest":20695,"minecraft:sprint_one_cm":183455,"minecraft:open_enderchest":1,"minecraft:damage_taken":1878,"minecraft:walk_one_cm":883240,"minecraft:drop":17,"minecraft:damage_dealt":2179,"minecraft:talked_to_villager":1,"minecraft:fly_one_cm":114999,"minecraft:player_kills":9,"minecraft:open_chest":30,"minecraft:crouch_one_cm":9119,"minecraft:play_time":177496,"minecraft:deaths":3,"minecraft:sneak_time":4367,"minecraft:walk_under_water_one_cm":9003,"minecraft:boat_one_cm":674,"minecraft:interact_with_lectern":2,"minecraft:aviate_one_cm":2438564,"minecraft:jump":915,"minecraft:walk_on_water_one_cm":3247,"minecraft:total_world_time":177496,"minecraft:fall_one_cm":24929,"minecraft:inspect_dispenser":2},"minecraft:crafted":{"minecraft:light_gray_dye":2},"minecraft:picked_up":{"minecraft:wheat":38,"minecraft:golden_carrot":37,"minecraft:glow_ink_sac":4,"minecraft:andesite":3,"minecraft:diamond_sword":4,"minecraft:potato":159,"minecraft:oak_stairs":1,"minecraft:stone_brick_stairs":73,"minecraft:oak_log":4,"minecraft:polished_deepslate":1,"minecraft:dirt":144,"minecraft:paper":18,"minecraft:elytra":3,"minecraft:polished_granite":24,"minecraft:name_tag":94,"minecraft:podzol":2,"minecraft:bone":1,"minecraft:oak_sign":1,"minecraft:apple":1,"minecraft:stone_bricks":2,"minecraft:wheat_seeds":401,"minecraft:diamond_leggings":3,"minecraft:netherite_sword":1,"minecraft:dark_oak_sign":3,"minecraft:netherite_axe":1,"minecraft:player_head":10,"minecraft:iron_nugget":1,"minecraft:diamond_helmet":3,"minecraft:moss_block":8,"minecraft:phantom_membrane":4,"minecraft:scaffolding":20,"minecraft:birch_boat":1,"minecraft:oak_fence":1,"minecraft:torch":38,"minecraft:poisonous_potato":5,"minecraft:gray_dye":3,"minecraft:white_dye":7,"minecraft:grass_block":1,"minecraft:redstone":131,"minecraft:netherite_pickaxe":2,"minecraft:sea_lantern":1,"minecraft:oak_wood":16,"minecraft:polished_andesite":3,"minecraft:firework_rocket":239,"minecraft:diamond_shovel":3,"minecraft:rotten_flesh":1,"minecraft:light_gray_candle":32,"minecraft:diamond":15,"minecraft:netherite_helmet":1,"minecraft:diamond_boots":3,"minecraft:polished_granite_slab":134,"minecraft:carved_pumpkin":6,"minecraft:diamond_axe":4,"minecraft:baked_potato":136,"minecraft:diamond_pickaxe":4},"minecraft:used":{"minecraft:diamond_boots":4,"minecraft:light_gray_dye":2,"minecraft:carved_pumpkin":1,"minecraft:dark_oak_sign":3,"minecraft:polished_andesite":2,"minecraft:baked_potato":25,"minecraft:elytra":2,"minecraft:oak_sign":1,"minecraft:chest":1,"minecraft:birch_boat":1,"minecraft:player_head":10,"minecraft:diamond_axe":7,"minecraft:glow_ink_sac":2,"minecraft:rotten_flesh":1,"minecraft:dirt":37,"minecraft:diamond_helmet":4,"minecraft:diamond_pickaxe":5,"minecraft:firework_rocket":74,"minecraft:diamond_shovel":35,"minecraft:grass_block":1,"minecraft:light_gray_candle":14,"minecraft:polished_granite":13,"minecraft:diamond_sword":26,"minecraft:scaffolding":8,"minecraft:andesite":1,"minecraft:diamond_leggings":3},"minecraft:killed":{"minecraft:skeleton":1,"minecraft:player":9}},"DataVersion":2730}