{"stats":{"minecraft:killed_by":{"minecraft:zombie_villager":2,"minecraft:ravager":4,"minecraft:magma_cube":2,"minecraft:zombie":5,"minecraft:wither":1,"minecraft:pillager":1,"minecraft:wither_skeleton":1,"minecraft:creeper":2,"minecraft:player":4,"minecraft:enderman":1,"minecraft:iron_golem":3,"minecraft:phantom":2},"minecraft:broken":{"minecraft:diamond_helmet":1,"minecraft:shears":13,"minecraft:diamond_pickaxe":1,"minecraft:iron_hoe":1,"minecraft:wooden_pickaxe":1,"minecraft:iron_pickaxe":8,"minecraft:wooden_hoe":1,"minecraft:iron_shovel":2,"minecraft:stone_pickaxe":3,"minecraft:stone_axe":2,"minecraft:stone_shovel":1,"minecraft:diamond_chestplate":1,"minecraft:iron_sword":2,"minecraft:iron_axe":3,"minecraft:iron_helmet":1,"minecraft:flint_and_steel":3},"minecraft:custom":{"minecraft:interact_with_crafting_table":3112,"minecraft:damage_blocked_by_shield":740,"minecraft:play_time":35523030,"minecraft:deaths":73,"minecraft:jump":318092,"minecraft:play_record":3,"minecraft:interact_with_cartography_table":41,"minecraft:interact_with_smoker":1,"minecraft:inspect_dispenser":378,"minecraft:horse_one_cm":1993107,"minecraft:inspect_dropper":14,"minecraft:interact_with_anvil":576,"minecraft:inspect_hopper":366,"minecraft:tune_noteblock":294,"minecraft:time_since_rest":23341,"minecraft:swim_one_cm":1859936,"minecraft:open_chest":31662,"minecraft:open_shulker_box":9891,"minecraft:damage_resisted":14,"minecraft:play_noteblock":363,"minecraft:talked_to_villager":18040,"minecraft:interact_with_brewingstand":85,"minecraft:interact_with_beacon":33,"minecraft:fill_cauldron":6,"minecraft:interact_with_campfire":26,"minecraft:boat_one_cm":3747874,"minecraft:damage_taken":350893,"minecraft:aviate_one_cm":615279185,"minecraft:open_barrel":1862,"minecraft:bell_ring":77,"minecraft:leave_game":765,"minecraft:time_since_death":23316,"minecraft:enchant_item":70,"minecraft:interact_with_furnace":821,"minecraft:traded_with_villager":201578,"minecraft:sleep_in_bed":403,"minecraft:damage_dealt":556149,"minecraft:use_cauldron":12,"minecraft:interact_with_smithing_table":16,"minecraft:target_hit":6,"minecraft:sneak_time":1749653,"minecraft:interact_with_lectern":56,"minecraft:interact_with_blast_furnace":13,"minecraft:total_world_time":35523030,"minecraft:interact_with_stonecutter":41,"minecraft:fly_one_cm":91270338,"minecraft:fish_caught":1,"minecraft:fall_one_cm":10794722,"minecraft:animals_bred":767,"minecraft:sprint_one_cm":69191499,"minecraft:drop":9506,"minecraft:walk_on_water_one_cm":1246272,"minecraft:interact_with_loom":2,"minecraft:open_enderchest":1068,"minecraft:player_kills":18,"minecraft:crouch_one_cm":6476493,"minecraft:mob_kills":52931,"minecraft:climb_one_cm":654496,"minecraft:walk_one_cm":63722490,"minecraft:walk_under_water_one_cm":3801774,"minecraft:pot_flower":19,"minecraft:interact_with_grindstone":80,"minecraft:damage_absorbed":137,"minecraft:minecart_one_cm":444001,"minecraft:pig_one_cm":22100},"minecraft:used":{"minecraft:moss_block":7522,"minecraft:writable_book":39,"minecraft:chiseled_deepslate":1,"minecraft:smooth_quartz_slab":1087,"minecraft:dispenser":83,"minecraft:poppy":23,"minecraft:stone":59419,"minecraft:quartz_stairs":41,"minecraft:warped_sign":65,"minecraft:rotten_flesh":7,"minecraft:tube_coral":6,"minecraft:soul_sand":156,"minecraft:weathered_copper":7,"minecraft:cocoa_beans":136,"minecraft:cut_copper":6,"minecraft:deepslate_brick_slab":37,"minecraft:snowball":445,"minecraft:azure_bluet":10,"minecraft:weeping_vines":22,"minecraft:spruce_boat":34,"minecraft:polished_blackstone_slab":1,"minecraft:jungle_sapling":53,"minecraft:lava_bucket":2,"minecraft:stripped_dark_oak_wood":158,"minecraft:red_wool":1760,"minecraft:jungle_fence_gate":3,"minecraft:deepslate_copper_ore":1,"minecraft:quartz_block":169,"minecraft:dark_oak_slab":1032,"minecraft:dark_oak_leaves":3,"minecraft:bow":1339,"minecraft:cooked_cod":8,"minecraft:oak_sapling":1635,"minecraft:acacia_fence":56,"minecraft:damaged_anvil":1,"minecraft:prismarine":5,"minecraft:blackstone":2367,"minecraft:cactus":271,"minecraft:clay":28,"minecraft:wooden_pickaxe":59,"minecraft:composter":101,"minecraft:jungle_boat":1,"minecraft:glow_berries":136,"minecraft:golden_apple":4,"minecraft:blast_furnace":6,"minecraft:gray_concrete":333,"minecraft:purple_terracotta":87,"minecraft:crimson_fence_gate":2,"minecraft:birch_fence":146,"minecraft:deepslate_iron_ore":38,"minecraft:gray_stained_glass_pane":2,"minecraft:flowering_azalea_leaves":5,"minecraft:coal_block":277,"minecraft:nether_wart_block":99,"minecraft:diamond_sword":8158,"minecraft:smithing_table":14,"minecraft:birch_log":10,"minecraft:oak_boat":39,"minecraft:purple_wool":6,"minecraft:stripped_acacia_wood":4,"minecraft:oak_trapdoor":227,"minecraft:enchanting_table":2,"minecraft:carved_pumpkin":4,"minecraft:armor_stand":1,"minecraft:tinted_glass":141,"minecraft:light_gray_carpet":2,"minecraft:torch":10104,"minecraft:brewing_stand":36,"minecraft:nether_quartz_ore":6,"minecraft:cod_bucket":8,"minecraft:oak_fence_gate":1,"minecraft:chipped_anvil":2,"minecraft:iron_block":80,"minecraft:polished_deepslate_wall":22,"minecraft:jungle_log":49,"minecraft:barrel":330,"minecraft:bamboo":26,"minecraft:diamond_chestplate":2,"minecraft:basalt":270,"minecraft:warped_stairs":350,"minecraft:magenta_terracotta":14,"minecraft:podzol":12,"minecraft:acacia_planks":482,"minecraft:horn_coral_fan":7,"minecraft:calcite":1241,"minecraft:deepslate_emerald_ore":1,"minecraft:wheat_seeds":7582,"minecraft:warped_stem":349,"minecraft:light_blue_shulker_box":13,"minecraft:tube_coral_block":9,"minecraft:birch_planks":159,"minecraft:lead":7,"minecraft:blue_concrete_powder":15,"minecraft:cauldron":69,"minecraft:glow_ink_sac":99,"minecraft:spruce_fence_gate":86,"minecraft:gold_ore":334,"minecraft:deepslate_bricks":148,"minecraft:polished_deepslate_slab":68,"minecraft:diamond_block":572,"minecraft:red_bed":8,"minecraft:rail":2261,"minecraft:crimson_trapdoor":28,"minecraft:cyan_glazed_terracotta":14,"minecraft:white_bed":43,"minecraft:campfire":82,"minecraft:spruce_log":352,"minecraft:mushroom_stem":23,"minecraft:amethyst_cluster":17,"minecraft:blue_stained_glass_pane":2,"minecraft:diamond_pickaxe":234669,"minecraft:warped_trapdoor":133,"minecraft:diamond_shovel":58147,"minecraft:oak_button":15,"minecraft:spruce_trapdoor":1678,"minecraft:spruce_sapling":178,"minecraft:pink_bed":4,"minecraft:green_carpet":169,"minecraft:potion":9,"minecraft:azalea_leaves":187,"minecraft:purple_bed":5,"minecraft:crimson_stairs":144,"minecraft:cooked_porkchop":4,"minecraft:warped_fence_gate":14,"minecraft:stripped_oak_log":3,"minecraft:dandelion":15,"minecraft:diamond_leggings":15,"minecraft:green_stained_glass":574,"minecraft:moss_carpet":167,"minecraft:blue_terracotta":4,"minecraft:red_sand":5,"minecraft:polished_deepslate":157,"minecraft:light_gray_stained_glass_pane":1084,"minecraft:melon":3,"minecraft:bone_block":276,"minecraft:nether_wart":101,"minecraft:stripped_jungle_wood":19,"minecraft:grass":23,"minecraft:bubble_coral":5,"minecraft:green_terracotta":602,"minecraft:soul_campfire":30,"minecraft:spruce_leaves":1185,"minecraft:jungle_planks":152,"minecraft:pink_terracotta":10,"minecraft:furnace_minecart":10,"minecraft:obsidian":396,"minecraft:big_dripleaf":30,"minecraft:bricks":2260,"minecraft:spruce_wood":556,"minecraft:lantern":580,"minecraft:green_wool":725,"minecraft:warped_nylium":35,"minecraft:item_frame":58,"minecraft:deepslate_diamond_ore":45,"minecraft:birch_trapdoor":38,"minecraft:horn_coral":5,"minecraft:blue_shulker_box":7,"minecraft:written_book":3,"minecraft:jungle_button":12,"minecraft:gold_block":75,"minecraft:dark_oak_sapling":131,"minecraft:tube_coral_fan":8,"minecraft:end_rod":1100,"minecraft:diamond_boots":13,"minecraft:wither_skeleton_skull":47,"minecraft:gray_carpet":68,"minecraft:stone_pickaxe":457,"minecraft:oak_planks":5942,"minecraft:jungle_fence":6,"minecraft:sandstone":27,"minecraft:sugar_cane":1006,"minecraft:diamond_axe":38628,"minecraft:white_wool":351,"minecraft:light_blue_wool":44,"minecraft:crossbow":87,"minecraft:deepslate_lapis_ore":4,"minecraft:end_stone":159,"minecraft:sticky_piston":30,"minecraft:black_terracotta":9,"minecraft:lever":26,"minecraft:acacia_door":1,"minecraft:dark_oak_log":309,"minecraft:bread":12,"minecraft:brown_wool":3,"minecraft:warped_slab":64,"minecraft:deepslate":3325,"minecraft:stripped_warped_hyphae":197,"minecraft:coarse_dirt":1694,"minecraft:chain":444,"minecraft:smooth_stone_slab":4,"minecraft:bone_meal":4066,"minecraft:netherite_sword":466,"minecraft:rose_bush":1,"minecraft:waxed_weathered_copper":40,"minecraft:flint_and_steel":325,"minecraft:granite_stairs":24,"minecraft:crimson_fence":19,"minecraft:redstone":157,"minecraft:ender_chest":38,"minecraft:brown_shulker_box":2,"minecraft:deepslate_gold_ore":2,"minecraft:stripped_birch_wood":99,"minecraft:dirt":5411,"minecraft:prismarine_bricks":1,"minecraft:bee_nest":12,"minecraft:spruce_fence":214,"minecraft:iron_hoe":827,"minecraft:brown_terracotta":71,"minecraft:light_gray_stained_glass":3492,"minecraft:oak_stairs":6,"minecraft:smooth_sandstone":108,"minecraft:crimson_slab":64,"minecraft:soul_soil":67,"minecraft:weathered_cut_copper":1,"minecraft:black_stained_glass":45528,"minecraft:deepslate_tile_stairs":416,"minecraft:netherite_pickaxe":16819,"minecraft:minecart":160,"minecraft:cyan_concrete_powder":42,"minecraft:cooked_beef":1213,"minecraft:powder_snow_bucket":31,"minecraft:light_gray_bed":3,"minecraft:orange_stained_glass_pane":1,"minecraft:pumpkin":24,"minecraft:cobbled_deepslate_wall":17,"minecraft:quartz_bricks":888,"minecraft:cobblestone_stairs":216,"minecraft:snow_block":279,"minecraft:baked_potato":133,"minecraft:red_nether_bricks":3,"minecraft:birch_boat":8,"minecraft:brown_mushroom":5,"minecraft:cut_sandstone":15,"minecraft:spruce_sign":216,"minecraft:green_bed":32,"minecraft:warped_roots":7,"minecraft:waxed_copper_block":2,"minecraft:music_disc_cat":2,"minecraft:magenta_bed":3,"minecraft:warped_planks":1782,"minecraft:cyan_stained_glass":12,"minecraft:piston":40,"minecraft:wooden_hoe":109,"minecraft:gray_terracotta":16,"minecraft:flower_pot":208,"minecraft:black_wool":5661,"minecraft:lapis_ore":18,"minecraft:stone_slab":251,"minecraft:jungle_stairs":56,"minecraft:yellow_wool":127,"minecraft:stone_axe":157,"minecraft:fire_coral_block":19,"minecraft:cobbled_deepslate_slab":400,"minecraft:stripped_crimson_hyphae":10,"minecraft:end_crystal":92,"minecraft:cyan_stained_glass_pane":1,"minecraft:pink_shulker_box":7,"minecraft:pumpkin_pie":8,"minecraft:sea_pickle":2,"minecraft:gray_wool":6,"minecraft:beetroot":2,"minecraft:polished_blackstone":8,"minecraft:spruce_slab":1509,"minecraft:elytra":35,"minecraft:ladder":101,"minecraft:chest":855,"minecraft:white_shulker_box":9,"minecraft:orange_wool":95,"minecraft:jungle_slab":78,"minecraft:stripped_spruce_log":20,"minecraft:honey_block":4,"minecraft:honeycomb":126,"minecraft:netherite_shovel":1536,"minecraft:black_stained_glass_pane":428,"minecraft:warped_hyphae":294,"minecraft:grass_block":6329,"minecraft:birch_sapling":298,"minecraft:polished_andesite_stairs":68,"minecraft:orange_shulker_box":2,"minecraft:copper_ore":817,"minecraft:wet_sponge":55,"minecraft:dark_oak_button":24,"minecraft:pink_wool":11,"minecraft:stone_brick_stairs":35,"minecraft:snow":26,"minecraft:dark_oak_boat":10,"minecraft:sweet_berries":66,"minecraft:furnace":48,"minecraft:egg":379,"minecraft:potato":3305,"minecraft:dragon_head":5,"minecraft:brown_concrete_powder":298,"minecraft:magenta_shulker_box":5,"minecraft:emerald_ore":6,"minecraft:spruce_door":7,"minecraft:brick_wall":29,"minecraft:diorite":176,"minecraft:acacia_trapdoor":72,"minecraft:powered_rail":32,"minecraft:blackstone_stairs":62,"minecraft:purpur_pillar":11,"minecraft:oak_leaves":278,"minecraft:smooth_quartz_stairs":1656,"minecraft:dark_oak_trapdoor":229,"minecraft:sand":6228,"minecraft:purpur_stairs":1,"minecraft:oxidized_cut_copper_slab":39,"minecraft:black_concrete_powder":10854,"minecraft:pumpkin_seeds":6,"minecraft:lightning_rod":15,"minecraft:deepslate_tiles":156,"minecraft:crying_obsidian":14,"minecraft:stone_button":24,"minecraft:cyan_carpet":17,"minecraft:red_terracotta":121,"minecraft:spore_blossom":18,"minecraft:lectern":1010,"minecraft:polished_granite":88,"minecraft:diamond_ore":104,"minecraft:lilac":6,"minecraft:polished_andesite_slab":21,"minecraft:soul_lantern":42,"minecraft:dark_oak_fence":60,"minecraft:green_concrete_powder":200,"minecraft:ice":1,"minecraft:iron_bars":268,"minecraft:stone_sword":8,"minecraft:brain_coral_fan":9,"minecraft:stripped_warped_stem":63,"minecraft:sandstone_wall":9,"minecraft:netherrack":1405,"minecraft:orange_bed":40,"minecraft:light_gray_shulker_box":6,"minecraft:dragon_egg":30,"minecraft:anvil":624,"minecraft:stone_stairs":395,"minecraft:warped_wart_block":26,"minecraft:chorus_flower":6,"minecraft:twisting_vines":58,"minecraft:crimson_hyphae":125,"minecraft:polished_granite_slab":38,"minecraft:glow_lichen":567,"minecraft:jungle_trapdoor":28,"minecraft:polished_diorite":157,"minecraft:shroomlight":227,"minecraft:red_shulker_box":9,"minecraft:flowering_azalea":33,"minecraft:rooted_dirt":2,"minecraft:spruce_button":142,"minecraft:cyan_shulker_box":6,"minecraft:brick_stairs":109,"minecraft:iron_axe":912,"minecraft:slime_block":12,"minecraft:warped_fence":10,"minecraft:smooth_quartz":2502,"minecraft:melon_seeds":6,"minecraft:smooth_basalt":141,"minecraft:tripwire_hook":2,"minecraft:glowstone":306,"minecraft:oxidized_copper":855,"minecraft:iron_trapdoor":89,"minecraft:magenta_wool":6,"minecraft:acacia_wood":186,"minecraft:cobbled_deepslate":5236,"minecraft:orange_terracotta":2,"minecraft:observer":270,"minecraft:pointed_dripstone":255,"minecraft:hanging_roots":3,"minecraft:crimson_stem":176,"minecraft:water_bucket":395,"minecraft:smooth_sandstone_slab":1,"minecraft:yellow_shulker_box":6,"minecraft:cartography_table":85,"minecraft:lime_wool":8,"minecraft:bubble_coral_fan":4,"minecraft:red_mushroom_block":32,"minecraft:lime_terracotta":22,"minecraft:comparator":16,"minecraft:mossy_cobblestone":305,"minecraft:vine":102,"minecraft:tnt":2013,"minecraft:oak_slab":114,"minecraft:crafting_table":212,"minecraft:birch_sign":108,"minecraft:fire_coral":1,"minecraft:cod":3,"minecraft:dark_oak_fence_gate":148,"minecraft:lime_shulker_box":36,"minecraft:deepslate_tile_wall":103,"minecraft:small_amethyst_bud":9,"minecraft:oak_log":150,"minecraft:dark_prismarine":7,"minecraft:ender_eye":27,"minecraft:cornflower":22,"minecraft:oxeye_daisy":8,"minecraft:iron_pickaxe":2009,"minecraft:purpur_slab":1,"minecraft:crimson_sign":26,"minecraft:cobblestone":2547,"minecraft:sandstone_slab":1,"minecraft:glass_pane":58,"minecraft:brown_mushroom_block":71,"minecraft:jukebox":1,"minecraft:kelp":39,"minecraft:candle":281,"minecraft:iron_shovel":524,"minecraft:diamond_hoe":22062,"minecraft:oak_sign":110,"minecraft:white_concrete_powder":701,"minecraft:shield":13,"minecraft:white_terracotta":39,"minecraft:iron_sword":837,"minecraft:purple_shulker_box":6,"minecraft:bell":2,"minecraft:player_head":201,"minecraft:oxidized_cut_copper":3,"minecraft:nether_bricks":91,"minecraft:carrot":4640,"minecraft:deepslate_tile_slab":1920,"minecraft:music_disc_11":1,"minecraft:tuff":1999,"minecraft:cyan_wool":6,"minecraft:axolotl_bucket":12,"minecraft:polished_deepslate_stairs":309,"minecraft:milk_bucket":10,"minecraft:glass":860,"minecraft:cyan_terracotta":429,"minecraft:coal_ore":956,"minecraft:quartz_slab":56,"minecraft:dark_oak_wood":289,"minecraft:gray_concrete_powder":360,"minecraft:hopper_minecart":27,"minecraft:stone_bricks":54,"minecraft:repeater":63,"minecraft:redstone_lamp":5,"minecraft:honeycomb_block":12,"minecraft:magma_block":25,"minecraft:brown_carpet":5,"minecraft:hay_block":6,"minecraft:scaffolding":981,"minecraft:stripped_spruce_wood":72,"minecraft:dark_oak_stairs":198,"minecraft:dark_oak_sign":92,"minecraft:birch_leaves":324,"minecraft:birch_wood":132,"minecraft:ender_pearl":93,"minecraft:redstone_block":54,"minecraft:blue_bed":1,"minecraft:brain_coral":4,"minecraft:light_gray_terracotta":382,"minecraft:yellow_terracotta":19,"minecraft:loom":2,"minecraft:deepslate_redstone_ore":21,"minecraft:black_bed":2,"minecraft:sponge":767,"minecraft:note_block":20,"minecraft:blackstone_wall":22,"minecraft:dripstone_block":598,"minecraft:stone_brick_wall":19,"minecraft:cobbled_deepslate_stairs":14,"minecraft:shears":4936,"minecraft:exposed_copper":18,"minecraft:redstone_torch":12,"minecraft:green_concrete":1,"minecraft:gray_shulker_box":6,"minecraft:black_concrete":7166,"minecraft:firework_rocket":30482,"minecraft:string":1185,"minecraft:cyan_bed":5,"minecraft:heavy_weighted_pressure_plate":1,"minecraft:gravel":5187,"minecraft:blackstone_slab":272,"minecraft:oak_fence":18,"minecraft:medium_amethyst_bud":22,"minecraft:jungle_sign":22,"minecraft:stripped_oak_wood":4,"minecraft:jungle_leaves":90,"minecraft:purpur_block":22,"minecraft:crimson_door":4,"minecraft:grindstone":130,"minecraft:deepslate_coal_ore":43,"minecraft:azalea":31,"minecraft:warped_button":4,"minecraft:white_concrete":333,"minecraft:experience_bottle":1098,"minecraft:andesite":1705,"minecraft:cobweb":15,"minecraft:chest_minecart":7,"minecraft:tropical_fish_bucket":4,"minecraft:trident":277,"minecraft:redstone_ore":113,"minecraft:stone_shovel":252,"minecraft:light_blue_terracotta":423,"minecraft:spruce_planks":3804,"minecraft:wooden_shovel":11,"minecraft:oak_door":1,"minecraft:spyglass":751,"minecraft:white_carpet":13,"minecraft:hopper":189,"minecraft:spruce_stairs":642,"minecraft:cobblestone_wall":12,"minecraft:warped_door":6,"minecraft:diamond_helmet":19,"minecraft:shulker_box":450,"minecraft:oak_wood":828,"minecraft:granite":416,"minecraft:light_blue_stained_glass":5,"minecraft:dark_oak_planks":1595,"minecraft:andesite_wall":119,"minecraft:stone_brick_slab":17,"minecraft:purple_stained_glass_pane":10,"minecraft:bookshelf":745,"minecraft:acacia_slab":124,"minecraft:crimson_planks":463,"minecraft:light_gray_wool":163,"minecraft:golden_carrot":3647,"minecraft:emerald_block":1705,"minecraft:white_stained_glass_pane":207,"minecraft:granite_wall":10,"minecraft:horn_coral_block":1,"minecraft:iron_ore":395,"minecraft:cooked_mutton":19,"minecraft:amethyst_block":369,"minecraft:glass_bottle":50,"minecraft:polished_andesite":112,"minecraft:blue_wool":65,"minecraft:copper_block":1307,"minecraft:black_shulker_box":9,"minecraft:stonecutter":126,"minecraft:beacon":15,"minecraft:cobblestone_slab":5,"minecraft:jungle_wood":256,"minecraft:glow_item_frame":22,"minecraft:stripped_dark_oak_log":81,"minecraft:terracotta":493,"minecraft:lime_bed":1,"minecraft:yellow_stained_glass_pane":3,"minecraft:light_gray_concrete_powder":246,"minecraft:painting":24,"minecraft:dark_oak_door":16,"minecraft:purple_stained_glass":33,"minecraft:acacia_stairs":231,"minecraft:apple":5,"minecraft:map":4,"minecraft:acacia_fence_gate":8,"minecraft:fishing_rod":2,"minecraft:green_shulker_box":5,"minecraft:white_banner":4,"minecraft:bucket":498,"minecraft:yellow_bed":21,"minecraft:polished_blackstone_button":28,"minecraft:splash_potion":37},"minecraft:mined":{"minecraft:dragon_wall_head":3,"minecraft:red_shulker_box":7,"minecraft:blackstone_stairs":19,"minecraft:white_bed":35,"minecraft:fire_coral_wall_fan":12,"minecraft:cyan_shulker_box":6,"minecraft:red_nether_bricks":3,"minecraft:granite":6585,"minecraft:deepslate_tile_wall":3,"minecraft:brown_wool":16,"minecraft:light_gray_bed":8,"minecraft:blue_wool":61,"minecraft:green_concrete":1,"minecraft:oak_wall_sign":16,"minecraft:nether_wart":114,"minecraft:chorus_flower":8,"minecraft:magma_block":250,"minecraft:dark_oak_trapdoor":66,"minecraft:cobbled_deepslate":522,"minecraft:barrel":72,"minecraft:fire":868,"minecraft:nether_brick_stairs":3,"minecraft:deepslate_lapis_ore":39,"minecraft:twisting_vines":92,"minecraft:light_gray_concrete":1,"minecraft:green_carpet":8,"minecraft:white_shulker_box":5,"minecraft:spruce_wood":36,"minecraft:white_banner":3,"minecraft:player_head":36,"minecraft:tripwire":216,"minecraft:orange_bed":39,"minecraft:jungle_trapdoor":3,"minecraft:jungle_button":2,"minecraft:sandstone_slab":2,"minecraft:cut_sandstone":43,"minecraft:kelp_plant":202,"minecraft:crimson_nylium":17,"minecraft:smoker":1,"minecraft:deepslate_tile_slab":319,"minecraft:torch":1030,"minecraft:note_block":8,"minecraft:dark_oak_wood":2,"minecraft:melon":20,"minecraft:oxidized_copper":1204,"minecraft:white_stained_glass_pane":44,"minecraft:dead_bush":40,"minecraft:spruce_wall_sign":19,"minecraft:smooth_quartz_slab":21,"minecraft:sugar_cane":15952,"minecraft:tube_coral_fan":2,"minecraft:lime_shulker_box":28,"minecraft:bricks":209,"minecraft:amethyst_block":253,"minecraft:birch_sapling":20,"minecraft:white_terracotta":36,"minecraft:chain":66,"minecraft:repeater":9,"minecraft:jungle_wood":11,"minecraft:tinted_glass":7,"minecraft:grass":4721,"minecraft:dark_oak_sapling":4,"minecraft:smooth_quartz":61,"minecraft:smooth_basalt":536,"minecraft:stripped_crimson_stem":4,"minecraft:deepslate":23709,"minecraft:dark_prismarine":13,"minecraft:deepslate_tiles":84,"minecraft:brown_concrete":6,"minecraft:light_blue_wool":44,"minecraft:mossy_cobblestone":205,"minecraft:cyan_stained_glass":2,"minecraft:dark_oak_log":1308,"minecraft:sea_lantern":5,"minecraft:end_stone":204,"minecraft:dark_oak_fence":21,"minecraft:spruce_fence":13,"minecraft:stripped_jungle_wood":23,"minecraft:redstone_wire":71,"minecraft:cartography_table":67,"minecraft:white_concrete_powder":13,"minecraft:waxed_weathered_copper":41,"minecraft:horn_coral":5,"minecraft:redstone_ore":608,"minecraft:acacia_trapdoor":3,"minecraft:andesite":8300,"minecraft:green_terracotta":56,"minecraft:big_dripleaf_stem":6,"minecraft:vine":395,"minecraft:rail":2100,"minecraft:cobblestone_slab":5,"minecraft:brain_coral_wall_fan":11,"minecraft:bone_block":51,"minecraft:fire_coral_block":23,"minecraft:green_wool":71,"minecraft:ender_chest":34,"minecraft:birch_stairs":1,"minecraft:oak_slab":17,"minecraft:redstone_block":27,"minecraft:glass_pane":42,"minecraft:soul_sand":226,"minecraft:dandelion":53,"minecraft:fire_coral":2,"minecraft:cornflower":48,"minecraft:warped_roots":27,"minecraft:crimson_slab":6,"minecraft:copper_ore":2714,"minecraft:tall_grass":905,"minecraft:lightning_rod":10,"minecraft:campfire":21,"minecraft:purpur_pillar":19,"minecraft:brain_coral_fan":4,"minecraft:deepslate_gold_ore":51,"minecraft:diorite":7203,"minecraft:warped_wart_block":23,"minecraft:black_stained_glass":268,"minecraft:red_terracotta":18,"minecraft:coarse_dirt":261,"minecraft:cobblestone_wall":6,"minecraft:stripped_spruce_wood":94,"minecraft:dark_oak_wall_sign":5,"minecraft:weathered_cut_copper":1,"minecraft:dark_oak_button":1,"minecraft:gravel":7027,"minecraft:brown_terracotta":40,"minecraft:cobweb":132,"minecraft:birch_sign":16,"minecraft:oak_button":2,"minecraft:stone_bricks":42,"minecraft:gold_ore":808,"minecraft:chipped_anvil":2,"minecraft:iron_trapdoor":20,"minecraft:fern":308,"minecraft:stone_pressure_plate":1,"minecraft:oak_sapling":139,"minecraft:farmland":145,"minecraft:warped_fence_gate":2,"minecraft:orange_wool":89,"minecraft:brewing_stand":22,"minecraft:spruce_trapdoor":160,"minecraft:budding_amethyst":13,"minecraft:white_concrete":706,"minecraft:bubble_coral_fan":3,"minecraft:polished_diorite":7,"minecraft:composter":93,"minecraft:dragon_head":3,"minecraft:green_stained_glass":10,"minecraft:pointed_dripstone":230,"minecraft:flowering_azalea_leaves":140,"minecraft:iron_bars":21,"minecraft:azalea":298,"minecraft:granite_stairs":6,"minecraft:spruce_slab":179,"minecraft:deepslate_redstone_ore":356,"minecraft:brown_shulker_box":1,"minecraft:quartz_block":37,"minecraft:powder_snow_cauldron":6,"minecraft:exposed_copper":33,"minecraft:medium_amethyst_bud":5,"minecraft:orange_terracotta":362,"minecraft:purpur_stairs":4,"minecraft:light_gray_terracotta":46,"minecraft:jungle_stairs":19,"minecraft:beacon":10,"minecraft:nether_quartz_ore":210,"minecraft:oak_planks":2051,"minecraft:wall_torch":305,"minecraft:cauldron":7,"minecraft:light_blue_terracotta":65,"minecraft:stone_stairs":23,"minecraft:fire_coral_fan":3,"minecraft:warped_nylium":66,"minecraft:blue_terracotta":2,"minecraft:powered_rail":25,"minecraft:dark_oak_slab":54,"minecraft:warped_planks":805,"minecraft:tnt":55,"minecraft:blue_ice":8,"minecraft:smooth_stone_slab":10,"minecraft:oak_log":4789,"minecraft:beetroots":1,"minecraft:lime_terracotta":9,"minecraft:dirt":16731,"minecraft:dispenser":46,"minecraft:ancient_debris":19,"minecraft:crying_obsidian":14,"minecraft:quartz_stairs":15,"minecraft:dark_oak_leaves":94,"minecraft:glow_lichen":548,"minecraft:lever":1,"minecraft:ladder":5,"minecraft:purple_terracotta":11,"minecraft:stone_button":2,"minecraft:tube_coral_wall_fan":11,"minecraft:weathered_copper":9,"minecraft:potted_azalea_bush":2,"minecraft:brown_mushroom_block":497,"minecraft:soul_campfire":2,"minecraft:birch_slab":1,"minecraft:spruce_leaves":2232,"minecraft:acacia_slab":13,"minecraft:crimson_stem":848,"minecraft:hay_block":59,"minecraft:nether_sprouts":11,"minecraft:polished_basalt":1,"minecraft:light_gray_shulker_box":5,"minecraft:gold_block":27,"minecraft:peony":7,"minecraft:nether_brick_fence":13,"minecraft:bookshelf":532,"minecraft:deepslate_iron_ore":405,"minecraft:shroomlight":106,"minecraft:oxidized_cut_copper_slab":4,"minecraft:stripped_oak_log":3772,"minecraft:wet_sponge":779,"minecraft:jungle_fence_gate":1,"minecraft:scaffolding":342,"minecraft:magenta_stained_glass":16,"minecraft:snow_block":77,"minecraft:stripped_dark_oak_log":103,"minecraft:basalt":809,"minecraft:polished_granite":24,"minecraft:oak_fence":14,"minecraft:honey_block":5,"minecraft:stone_slab":47,"minecraft:deepslate_coal_ore":336,"minecraft:quartz_bricks":18,"minecraft:red_concrete":5,"minecraft:prismarine_bricks":13,"minecraft:birch_planks":58,"minecraft:bubble_coral":8,"minecraft:sea_pickle":9,"minecraft:polished_blackstone_slab":1,"minecraft:ice":3,"minecraft:bee_nest":22,"minecraft:warped_hyphae":5,"minecraft:black_wool":53,"minecraft:cocoa":120,"minecraft:flower_pot":17,"minecraft:cyan_carpet":14,"minecraft:purple_shulker_box":5,"minecraft:cracked_stone_bricks":14,"minecraft:stripped_acacia_wood":7,"minecraft:small_dripleaf":1,"minecraft:mossy_stone_bricks":32,"minecraft:crimson_fence":1,"minecraft:jungle_wall_sign":2,"minecraft:dark_oak_planks":313,"minecraft:polished_granite_slab":3,"minecraft:stripped_warped_stem":68,"minecraft:jungle_leaves":255,"minecraft:obsidian":263,"minecraft:warped_stairs":109,"minecraft:carved_pumpkin":3,"minecraft:red_sand":10,"minecraft:crimson_trapdoor":2,"minecraft:jungle_log":551,"minecraft:horn_coral_fan":6,"minecraft:coal_block":40,"minecraft:deepslate_bricks":29,"minecraft:hopper":31,"minecraft:purpur_slab":7,"minecraft:deepslate_tile_stairs":74,"minecraft:bubble_coral_block":9,"minecraft:tube_coral_block":12,"minecraft:oxeye_daisy":21,"minecraft:light_blue_stained_glass":5,"minecraft:weeping_vines_plant":8,"minecraft:tall_seagrass":102,"minecraft:sticky_piston":15,"minecraft:moss_carpet":317,"minecraft:pumpkin":40,"minecraft:stripped_dark_oak_wood":149,"minecraft:enchanting_table":1,"minecraft:oak_sign":31,"minecraft:cave_vines":49,"minecraft:oak_stairs":7,"minecraft:water_cauldron":2,"minecraft:polished_deepslate_slab":5,"minecraft:dirt_path":241,"minecraft:small_amethyst_bud":1,"minecraft:quartz_slab":30,"minecraft:smooth_sandstone_stairs":1,"minecraft:iron_block":25,"minecraft:piston_head":2,"minecraft:brown_mushroom":23,"minecraft:red_bed":6,"minecraft:player_wall_head":14,"minecraft:amethyst_cluster":35,"minecraft:soul_fire":1,"minecraft:cyan_glazed_terracotta":14,"minecraft:blast_furnace":5,"minecraft:polished_andesite_stairs":21,"minecraft:green_concrete_powder":61,"minecraft:glass":432,"minecraft:cyan_bed":1,"minecraft:damaged_anvil":1,"minecraft:smooth_sandstone_slab":1,"minecraft:crimson_stairs":17,"minecraft:spruce_sign":18,"minecraft:cyan_wool":1,"minecraft:black_concrete_powder":15,"minecraft:light_gray_stained_glass":416,"minecraft:wheat":7517,"minecraft:lilac":5,"minecraft:pumpkin_stem":2,"minecraft:waxed_copper_block":2,"minecraft:black_bed":2,"minecraft:warped_fungus":2,"minecraft:stone_brick_stairs":5,"minecraft:copper_block":87,"minecraft:oak_fence_gate":1,"minecraft:loom":2,"minecraft:stripped_birch_wood":101,"minecraft:blue_shulker_box":4,"minecraft:stonecutter":112,"minecraft:red_mushroom_block":622,"minecraft:piston":33,"minecraft:infested_deepslate":4,"minecraft:yellow_terracotta":3,"minecraft:pink_shulker_box":3,"minecraft:light_gray_stained_glass_pane":157,"minecraft:stripped_birch_log":3,"minecraft:jack_o_lantern":1,"minecraft:warped_door":2,"minecraft:shulker_box":433,"minecraft:cobbled_deepslate_slab":12,"minecraft:nether_bricks":114,"minecraft:jungle_planks":19,"minecraft:crimson_roots":2,"minecraft:orange_shulker_box":1,"minecraft:lime_wool":2,"minecraft:horn_coral_wall_fan":7,"minecraft:moss_block":3075,"minecraft:kelp":45,"minecraft:pink_wool":5,"minecraft:black_stained_glass_pane":8,"minecraft:polished_blackstone_button":1,"minecraft:snow":4176,"minecraft:acacia_wood":9,"minecraft:diamond_block":394,"minecraft:warped_wall_sign":6,"minecraft:potatoes":3014,"minecraft:warped_stem":613,"minecraft:bamboo":66,"minecraft:smooth_quartz_stairs":186,"minecraft:bamboo_sapling":1,"minecraft:warped_trapdoor":20,"minecraft:cut_copper":3,"minecraft:white_wool":39,"minecraft:brain_coral":4,"minecraft:smithing_table":10,"minecraft:light_gray_carpet":29,"minecraft:gray_concrete":371,"minecraft:comparator":8,"minecraft:hanging_roots":226,"minecraft:brown_carpet":1,"minecraft:stone_brick_slab":1,"minecraft:observer":252,"minecraft:jungle_sign":3,"minecraft:smooth_sandstone":13,"minecraft:light_gray_concrete_powder":105,"minecraft:spruce_button":20,"minecraft:emerald_ore":18,"minecraft:cyan_concrete_powder":4,"minecraft:sponge":68,"minecraft:big_dripleaf":21,"minecraft:purple_bed":4,"minecraft:purple_stained_glass":20,"minecraft:white_carpet":5,"minecraft:spruce_log":4090,"minecraft:birch_leaves":851,"minecraft:dark_oak_sign":1,"minecraft:dripstone_block":160,"minecraft:acacia_planks":78,"minecraft:spruce_fence_gate":20,"minecraft:deepslate_emerald_ore":5,"minecraft:infested_stone":73,"minecraft:black_shulker_box":8,"minecraft:large_amethyst_bud":3,"minecraft:spruce_planks":692,"minecraft:cobbled_deepslate_stairs":1,"minecraft:cobblestone_stairs":27,"minecraft:potted_cactus":1,"minecraft:cave_vines_plant":91,"minecraft:stripped_crimson_hyphae":50,"minecraft:grass_block":20630,"minecraft:purple_stained_glass_pane":3,"minecraft:soul_soil":79,"minecraft:stripped_warped_hyphae":251,"minecraft:smooth_stone":1,"minecraft:raw_iron_block":1,"minecraft:glowstone":45,"minecraft:iron_ore":2523,"minecraft:anvil":86,"minecraft:azure_bluet":31,"minecraft:dark_oak_stairs":57,"minecraft:warped_button":1,"minecraft:birch_wall_sign":39,"minecraft:azalea_leaves":372,"minecraft:end_stone_bricks":11,"minecraft:green_bed":19,"minecraft:blackstone":344,"minecraft:cyan_terracotta":45,"minecraft:twisting_vines_plant":43,"minecraft:polished_deepslate_stairs":71,"minecraft:melon_stem":2,"minecraft:soul_lantern":8,"minecraft:clay":114,"minecraft:calcite":1359,"minecraft:poppy":74,"minecraft:chest":324,"minecraft:mushroom_stem":176,"minecraft:honeycomb_block":2,"minecraft:cobblestone":1306,"minecraft:birch_wood":9,"minecraft:slime_block":7,"minecraft:grindstone":62,"minecraft:prismarine":17,"minecraft:iron_door":17,"minecraft:deepslate_copper_ore":52,"minecraft:magenta_shulker_box":4,"minecraft:seagrass":152,"minecraft:brown_concrete_powder":57,"minecraft:nether_wart_block":34,"minecraft:dark_oak_door":2,"minecraft:birch_log":1713,"minecraft:yellow_wool":51,"minecraft:birch_trapdoor":2,"minecraft:stripped_oak_wood":6,"minecraft:purpur_block":36,"minecraft:light_gray_wool":13,"minecraft:orange_tulip":3,"minecraft:yellow_stained_glass_pane":3,"minecraft:sand":9430,"minecraft:crimson_planks":8,"minecraft:wither_skeleton_skull":25,"minecraft:netherrack":5851,"minecraft:polished_deepslate_wall":2,"minecraft:oak_leaves":1794,"minecraft:horn_coral_block":10,"minecraft:emerald_block":987,"minecraft:redstone_lamp":1,"minecraft:granite_wall":3,"minecraft:nether_gold_ore":11,"minecraft:diamond_ore":287,"minecraft:tube_coral":9,"minecraft:tuff":1215,"minecraft:deepslate_diamond_ore":109,"minecraft:candle":5,"minecraft:blackstone_wall":4,"minecraft:oak_door":1,"minecraft:gray_shulker_box":5,"minecraft:gray_stained_glass_pane":2,"minecraft:black_banner":4,"minecraft:brick_stairs":13,"minecraft:weeping_vines":3,"minecraft:white_stained_glass":111,"minecraft:polished_andesite_slab":1,"minecraft:rooted_dirt":2,"minecraft:sandstone":243,"minecraft:large_fern":45,"minecraft:spore_blossom":5,"minecraft:oxidized_cut_copper":4,"minecraft:oak_trapdoor":25,"minecraft:spruce_sapling":7,"minecraft:furnace":17,"minecraft:carrots":4537,"minecraft:acacia_stairs":39,"minecraft:stripped_spruce_log":40,"minecraft:dark_oak_fence_gate":4,"minecraft:black_concrete":7366,"minecraft:polished_deepslate":47,"minecraft:lantern":52,"minecraft:packed_ice":1643,"minecraft:chorus_plant":59,"minecraft:white_tulip":1,"minecraft:stone":154710,"minecraft:yellow_shulker_box":5,"minecraft:redstone_wall_torch":6,"minecraft:podzol":77,"minecraft:light_blue_shulker_box":11,"minecraft:flowering_azalea":151,"minecraft:red_wool":1100,"minecraft:infested_stone_bricks":7,"minecraft:brick_wall":2,"minecraft:spruce_door":3,"minecraft:red_banner":6,"minecraft:crafting_table":146,"minecraft:blackstone_slab":11,"minecraft:oak_wood":80,"minecraft:lectern":994,"minecraft:andesite_wall":16,"minecraft:lapis_ore":71,"minecraft:blue_bed":1,"minecraft:spruce_stairs":113,"minecraft:gray_wool":76,"minecraft:cactus":235,"minecraft:lime_bed":10,"minecraft:green_shulker_box":1,"minecraft:redstone_torch":7,"minecraft:magenta_terracotta":1,"minecraft:sweet_berry_bush":95,"minecraft:yellow_bed":18,"minecraft:coal_ore":5421,"minecraft:bubble_coral_wall_fan":6,"minecraft:end_rod":603,"minecraft:gray_carpet":8,"minecraft:terracotta":1869,"minecraft:polished_andesite":58,"minecraft:crimson_hyphae":6,"minecraft:birch_fence":134,"minecraft:warped_slab":15},"minecraft:picked_up":{"minecraft:smithing_table":14,"minecraft:lead":204,"minecraft:stone_slab":428,"minecraft:enchanted_book":40,"minecraft:purple_shulker_box":5,"minecraft:polished_deepslate":140,"minecraft:music_disc_cat":5,"minecraft:string":1914,"minecraft:shroomlight":293,"minecraft:diamond_leggings":46,"minecraft:horn_coral_block":1,"minecraft:bubble_coral":5,"minecraft:warped_slab":80,"minecraft:crimson_sign":2,"minecraft:diamond_ore":105,"minecraft:big_dripleaf":403,"minecraft:acacia_log":274,"minecraft:purpur_pillar":17,"minecraft:brick_wall":24,"minecraft:lightning_rod":26,"minecraft:honeycomb_block":76,"minecraft:warped_button":2,"minecraft:gray_shulker_box":5,"minecraft:end_crystal":301,"minecraft:warped_door":4,"minecraft:golden_chestplate":19,"minecraft:green_terracotta":902,"minecraft:cauldron":15,"minecraft:brown_carpet":1,"minecraft:orange_bed":36,"minecraft:stone_sword":69,"minecraft:honey_bottle":1,"minecraft:horn_coral_fan":10,"minecraft:blackstone_wall":55,"minecraft:polished_basalt":1,"minecraft:red_tulip":247,"minecraft:carved_pumpkin":83,"minecraft:glowstone":424,"minecraft:bookshelf":81,"minecraft:end_rod":673,"minecraft:white_terracotta":190,"minecraft:blaze_rod":254,"minecraft:iron_bars":430,"minecraft:snowball":1530,"minecraft:sponge":161,"minecraft:feather":28,"minecraft:cooked_beef":1710,"minecraft:medium_amethyst_bud":41,"minecraft:water_bucket":26,"minecraft:dark_oak_boat":9,"minecraft:brown_wool":196,"minecraft:copper_block":86,"minecraft:flint":93,"minecraft:purple_stained_glass":43,"minecraft:cyan_concrete_powder":70,"minecraft:magenta_terracotta":291,"minecraft:lantern":729,"minecraft:gray_concrete_powder":64,"minecraft:hanging_roots":214,"minecraft:warped_hyphae":29,"minecraft:stonecutter":113,"minecraft:dark_oak_sign":49,"minecraft:rabbit":1,"minecraft:diamond_helmet":34,"minecraft:honeycomb":10977,"minecraft:glow_lichen":846,"minecraft:lime_terracotta":13,"minecraft:stripped_acacia_wood":33,"minecraft:stripped_crimson_stem":4,"minecraft:stripped_spruce_log":38,"minecraft:brown_mushroom_block":518,"minecraft:acacia_stairs":33,"minecraft:iron_hoe":2,"minecraft:polished_andesite":462,"minecraft:blue_terracotta":2,"minecraft:deepslate":11406,"minecraft:lever":15,"minecraft:granite":10724,"minecraft:spruce_button":78,"minecraft:golden_horse_armor":5,"minecraft:cyan_dye":9,"minecraft:rooted_dirt":4,"minecraft:deepslate_coal_ore":46,"minecraft:jack_o_lantern":1,"minecraft:light_gray_carpet":214,"minecraft:crimson_roots":1,"minecraft:diamond_pickaxe":101,"minecraft:magenta_glazed_terracotta":12,"minecraft:bee_nest":20,"minecraft:stripped_warped_hyphae":273,"minecraft:clay_ball":63,"minecraft:leather_leggings":23,"minecraft:redstone_lamp":130,"minecraft:dragon_head":6,"minecraft:purpur_block":41,"minecraft:fire_coral":1,"minecraft:cornflower":262,"minecraft:elytra":56,"minecraft:acacia_door":1,"minecraft:flint_and_steel":10,"minecraft:white_carpet":15,"minecraft:white_stained_glass":189,"minecraft:iron_shovel":8,"minecraft:glass_pane":9405,"minecraft:netherite_sword":3,"minecraft:stripped_warped_stem":66,"minecraft:jungle_sapling":51,"minecraft:poppy":241,"minecraft:spruce_slab":602,"minecraft:minecart":181,"minecraft:birch_sapling":811,"minecraft:piston":154,"minecraft:copper_ore":933,"minecraft:diamond_hoe":28,"minecraft:lime_shulker_box":28,"minecraft:black_stained_glass":469,"minecraft:stone":126311,"minecraft:raw_gold_block":6,"minecraft:cyan_glazed_terracotta":11,"minecraft:fire_charge":62,"minecraft:white_dye":503,"minecraft:jungle_fence_gate":1,"minecraft:netherite_pickaxe":12,"minecraft:cyan_shulker_box":5,"minecraft:jungle_sign":14,"minecraft:diamond_chestplate":6,"minecraft:purpur_slab":6,"minecraft:hay_block":154,"minecraft:yellow_terracotta":3,"minecraft:totem_of_undying":2,"minecraft:polished_blackstone":5,"minecraft:mutton":33,"minecraft:rail":2459,"minecraft:bone_block":1629,"minecraft:emerald_ore":11,"minecraft:oxeye_daisy":208,"minecraft:lime_bed":10,"minecraft:birch_leaves":1040,"minecraft:yellow_shulker_box":5,"minecraft:clock":1,"minecraft:tripwire_hook":4,"minecraft:blackstone_slab":212,"minecraft:yellow_dye":92,"minecraft:acacia_wood":58,"minecraft:purpur_stairs":3,"minecraft:paper":1297,"minecraft:apple":504,"minecraft:warped_stem":959,"minecraft:yellow_stained_glass":5,"minecraft:spore_blossom":8,"minecraft:oak_fence_gate":2,"minecraft:iron_ore":754,"minecraft:dark_oak_stairs":198,"minecraft:polished_andesite_stairs":30,"minecraft:smooth_basalt":1158,"minecraft:milk_bucket":3,"minecraft:light_gray_stained_glass":329,"minecraft:sweet_berries":277,"minecraft:red_wool":1208,"minecraft:weathered_copper":10,"minecraft:crimson_stairs":41,"minecraft:light_blue_stained_glass":5,"minecraft:crying_obsidian":70,"minecraft:dragon_egg":35,"minecraft:leather_helmet":9,"minecraft:oak_wood":371,"minecraft:diamond_shovel":69,"minecraft:coal_ore":1096,"minecraft:slime_ball":338,"minecraft:deepslate_redstone_ore":42,"minecraft:painting":39,"minecraft:birch_sign":97,"minecraft:baked_potato":2412,"minecraft:smooth_quartz_slab":80,"minecraft:hopper":64,"minecraft:ender_chest":100,"minecraft:nether_brick_fence":17,"minecraft:yellow_wool":158,"minecraft:stone_brick_stairs":91,"minecraft:warped_stairs":110,"minecraft:lapis_block":114,"minecraft:dead_tube_coral_block":1,"minecraft:deepslate_lapis_ore":9,"minecraft:experience_bottle":1196,"minecraft:red_sand":11,"minecraft:smooth_stone":5,"minecraft:comparator":20,"minecraft:bucket":21,"minecraft:white_tulip":193,"minecraft:red_dye":2,"minecraft:rose_bush":14,"minecraft:cobblestone_slab":3,"minecraft:ender_eye":30,"minecraft:azalea":446,"minecraft:smooth_quartz":475,"minecraft:iron_pickaxe":2,"minecraft:smooth_quartz_stairs":177,"minecraft:deepslate_iron_ore":46,"minecraft:blue_wool":202,"minecraft:acacia_fence":28,"minecraft:birch_trapdoor":14,"minecraft:polished_deepslate_stairs":93,"minecraft:spruce_stairs":206,"minecraft:netherite_shovel":3,"minecraft:diorite":14480,"minecraft:vine":397,"minecraft:andesite_wall":154,"minecraft:rotten_flesh":4087,"minecraft:brown_shulker_box":1,"minecraft:deepslate_copper_ore":1,"minecraft:chorus_flower":10,"minecraft:obsidian":860,"minecraft:blaze_powder":33,"minecraft:cobblestone":72305,"minecraft:enchanting_table":1,"minecraft:leather_chestplate":7,"minecraft:lilac":128,"minecraft:repeater":97,"minecraft:andesite":10092,"minecraft:black_bed":2,"minecraft:golden_leggings":18,"minecraft:beacon":18,"minecraft:potato":15647,"minecraft:smooth_sandstone_stairs":1,"minecraft:prismarine_bricks":24,"minecraft:stripped_birch_log":3,"minecraft:dirt":28949,"minecraft:name_tag":19,"minecraft:glass":2436,"minecraft:bone":6415,"minecraft:acacia_planks":160,"minecraft:granite_wall":8,"minecraft:bow":202,"minecraft:wheat_seeds":32070,"minecraft:orange_tulip":190,"minecraft:crimson_fence_gate":2,"minecraft:birch_wood":20,"minecraft:grindstone":60,"minecraft:popped_chorus_fruit":490,"minecraft:bamboo":425,"minecraft:prismarine":17,"minecraft:black_stained_glass_pane":129,"minecraft:light_blue_shulker_box":11,"minecraft:melon":39,"minecraft:nether_brick_stairs":6,"minecraft:grass_block":25365,"minecraft:warped_fence_gate":14,"minecraft:diamond_block":394,"minecraft:spectral_arrow":221,"minecraft:mossy_cobblestone":256,"minecraft:jungle_leaves":188,"minecraft:light_gray_terracotta":242,"minecraft:sugar":105,"minecraft:light_blue_terracotta":352,"minecraft:slime_block":388,"minecraft:netherite_helmet":1,"minecraft:soul_lantern":19,"minecraft:yellow_stained_glass_pane":3,"minecraft:crossbow":22,"minecraft:bone_meal":1892,"minecraft:grass":85,"minecraft:golden_apple":115,"minecraft:spruce_sign":181,"minecraft:emerald":3917,"minecraft:chorus_fruit":501,"minecraft:netherrack":2757,"minecraft:andesite_slab":12,"minecraft:oak_leaves":1075,"minecraft:azure_bluet":45,"minecraft:splash_potion":4,"minecraft:ladder":57,"minecraft:brown_mushroom":29,"minecraft:packed_ice":1477,"minecraft:pink_wool":64,"minecraft:stone_brick_wall":53,"minecraft:chain":211,"minecraft:brick":165,"minecraft:shield":6,"minecraft:oak_trapdoor":82,"minecraft:moss_carpet":1107,"minecraft:birch_fence":257,"minecraft:magenta_wool":59,"minecraft:blackstone":1619,"minecraft:lime_wool":2068,"minecraft:end_stone":188,"minecraft:flowering_azalea_leaves":204,"minecraft:note_block":65,"minecraft:brown_concrete_powder":141,"minecraft:cookie":1,"minecraft:music_disc_11":2,"minecraft:trident":1,"minecraft:light_gray_stained_glass_pane":574,"minecraft:brown_dye":16,"minecraft:stone_pressure_plate":3,"minecraft:purple_terracotta":102,"minecraft:blue_concrete_powder":1,"minecraft:tube_coral":6,"minecraft:weeping_vines":57,"minecraft:red_shulker_box":6,"minecraft:pumpkin_pie":49,"minecraft:nether_bricks":123,"minecraft:stripped_dark_oak_wood":162,"minecraft:black_banner":4,"minecraft:brick_stairs":32,"minecraft:netherite_boots":1,"minecraft:purple_dye":6,"minecraft:jungle_boat":15,"minecraft:basalt":828,"minecraft:dark_oak_button":49,"minecraft:golden_carrot":2722,"minecraft:leather":1984,"minecraft:ice":2,"minecraft:granite_stairs":5,"minecraft:chainmail_chestplate":7,"minecraft:cobbled_deepslate_stairs":1,"minecraft:yellow_bed":22,"minecraft:cobblestone_wall":25,"minecraft:gunpowder":1506,"minecraft:orange_terracotta":345,"minecraft:cooked_mutton":48,"minecraft:gray_carpet":23,"minecraft:acacia_trapdoor":19,"minecraft:deepslate_emerald_ore":3,"minecraft:rabbit_hide":1,"minecraft:spruce_wood":72,"minecraft:iron_ingot":1780,"minecraft:cooked_chicken":3,"minecraft:polished_andesite_slab":24,"minecraft:tropical_fish_bucket":8,"minecraft:pink_bed":2,"minecraft:warped_fungus":9,"minecraft:nether_quartz_ore":16,"minecraft:emerald_block":1651,"minecraft:stone_brick_slab":31,"minecraft:quartz":893,"minecraft:dandelion":94,"minecraft:lava_bucket":1,"minecraft:amethyst_shard":357,"minecraft:green_stained_glass":5,"minecraft:red_banner":6,"minecraft:spruce_door":8,"minecraft:pumpkin_seeds":50,"minecraft:white_concrete_powder":13,"minecraft:chainmail_leggings":2,"minecraft:terracotta":1974,"minecraft:damaged_anvil":1,"minecraft:dark_oak_wood":55,"minecraft:sunflower":20,"minecraft:iron_chestplate":4,"minecraft:anvil":197,"minecraft:chainmail_boots":3,"minecraft:creeper_head":1,"minecraft:flower_pot":241,"minecraft:prismarine_shard":3,"minecraft:diamond_sword":48,"minecraft:wither_rose":16,"minecraft:brewing_stand":23,"minecraft:golden_sword":5,"minecraft:polished_deepslate_wall":71,"minecraft:amethyst_block":971,"minecraft:dark_oak_trapdoor":126,"minecraft:soul_soil":68,"minecraft:cooked_salmon":1,"minecraft:red_nether_bricks":3,"minecraft:blue_stained_glass_pane":14,"minecraft:beetroot":9,"minecraft:waxed_weathered_copper":40,"minecraft:gold_nugget":244,"minecraft:cobbled_deepslate":17850,"minecraft:crimson_fence":4,"minecraft:black_glazed_terracotta":12,"minecraft:spruce_planks":1524,"minecraft:acacia_fence_gate":2,"minecraft:written_book":2,"minecraft:azalea_leaves":490,"minecraft:enchanted_golden_apple":1,"minecraft:melon_slice":181,"minecraft:coal_block":45,"minecraft:dark_oak_door":12,"minecraft:golden_helmet":15,"minecraft:beehive":7,"minecraft:composter":119,"minecraft:green_bed":43,"minecraft:sandstone_wall":8,"minecraft:warped_planks":1038,"minecraft:deepslate_tile_stairs":149,"minecraft:black_dye":210,"minecraft:gray_stained_glass_pane":2,"minecraft:light_gray_bed":8,"minecraft:light_blue_wool":190,"minecraft:tropical_fish":3,"minecraft:blue_dye":56,"minecraft:iron_block":1428,"minecraft:cyan_terracotta":991,"minecraft:blackstone_stairs":61,"minecraft:birch_log":4436,"minecraft:magma_block":205,"minecraft:oxidized_copper":1241,"minecraft:birch_slab":40,"minecraft:iron_door":6,"minecraft:jungle_log":848,"minecraft:green_concrete_powder":147,"minecraft:powder_snow_bucket":4,"minecraft:jungle_wood":86,"minecraft:smoker":5,"minecraft:stripped_spruce_wood":102,"minecraft:magenta_bed":2,"minecraft:gray_concrete":370,"minecraft:netherite_leggings":3,"minecraft:map":771,"minecraft:light_gray_concrete_powder":144,"minecraft:twisting_vines":221,"minecraft:chipped_anvil":2,"minecraft:glowstone_dust":26,"minecraft:moss_block":5099,"minecraft:warped_wart_block":146,"minecraft:dropper":9,"minecraft:ink_sac":608,"minecraft:crimson_door":1,"minecraft:loom":2,"minecraft:fermented_spider_eye":7,"minecraft:dark_oak_log":2646,"minecraft:red_terracotta":79,"minecraft:barrel":71,"minecraft:quartz_bricks":11,"minecraft:black_concrete_powder":358,"minecraft:dispenser":54,"minecraft:green_concrete":1,"minecraft:writable_book":9,"minecraft:deepslate_gold_ore":3,"minecraft:polished_granite_slab":34,"minecraft:blue_ice":8,"minecraft:bread":43,"minecraft:chainmail_helmet":15,"minecraft:dark_oak_fence":69,"minecraft:bricks":1231,"minecraft:spruce_leaves":2781,"minecraft:crafting_table":175,"minecraft:coarse_dirt":1035,"minecraft:bubble_coral_fan":8,"minecraft:sandstone_slab":3,"minecraft:purple_wool":116,"minecraft:nether_wart":610,"minecraft:crimson_trapdoor":6,"minecraft:jungle_trapdoor":4,"minecraft:red_bed":7,"minecraft:snow":1795,"minecraft:cracked_stone_bricks":2,"minecraft:cartography_table":84,"minecraft:deepslate_diamond_ore":45,"minecraft:beef":1876,"minecraft:cyan_wool":243,"minecraft:iron_nugget":663,"minecraft:quartz_stairs":151,"minecraft:chest":607,"minecraft:egg":1481,"minecraft:sandstone":361,"minecraft:polished_deepslate_slab":15,"minecraft:oak_door":1,"minecraft:glow_item_frame":37,"minecraft:amethyst_cluster":36,"minecraft:spruce_fence":134,"minecraft:carrot":24034,"minecraft:redstone":6933,"minecraft:mushroom_stem":199,"minecraft:prismarine_crystals":17,"minecraft:tnt":160,"minecraft:cooked_cod":94,"minecraft:beetroot_seeds":25,"minecraft:peony":22,"minecraft:tube_coral_fan":8,"minecraft:diamond_boots":48,"minecraft:shears":220,"minecraft:deepslate_bricks":287,"minecraft:cut_copper":4,"minecraft:warped_sign":15,"minecraft:tube_coral_block":9,"minecraft:gold_ingot":351,"minecraft:white_shulker_box":5,"minecraft:glow_berries":204,"minecraft:white_wool":390,"minecraft:crimson_slab":79,"minecraft:lapis_ore":22,"minecraft:stripped_oak_log":6033,"minecraft:red_mushroom_block":741,"minecraft:red_mushroom":12,"minecraft:filled_map":6,"minecraft:brown_concrete":12,"minecraft:oak_log":7507,"minecraft:ancient_debris":19,"minecraft:jungle_button":1,"minecraft:golden_boots":15,"minecraft:blue_bed":1,"minecraft:white_banner":13,"minecraft:stone_bricks":69,"minecraft:kelp":1766,"minecraft:cobweb":57,"minecraft:glass_bottle":66,"minecraft:iron_sword":5,"minecraft:flowering_azalea":260,"minecraft:white_stained_glass_pane":84,"minecraft:dark_oak_slab":756,"minecraft:spyglass":8,"minecraft:gravel":10671,"minecraft:birch_stairs":1,"minecraft:dead_fire_coral_block":1,"minecraft:small_amethyst_bud":54,"minecraft:spruce_sapling":640,"minecraft:spruce_log":6166,"minecraft:sea_lantern":8,"minecraft:firework_rocket":6178,"minecraft:purple_bed":4,"minecraft:polished_diorite":280,"minecraft:stone_axe":1,"minecraft:redstone_ore":120,"minecraft:diamond_axe":63,"minecraft:gray_wool":257,"minecraft:warped_roots":28,"minecraft:oak_button":20,"minecraft:melon_seeds":1,"minecraft:warped_nylium":69,"minecraft:stripped_dark_oak_log":172,"minecraft:crimson_nylium":18,"minecraft:pink_dye":30,"minecraft:ender_pearl":3125,"minecraft:shulker_shell":107,"minecraft:wheat":7302,"minecraft:exposed_copper":32,"minecraft:redstone_block":623,"minecraft:iron_trapdoor":24,"minecraft:light_gray_shulker_box":5,"minecraft:potion":23,"minecraft:nether_brick":114,"minecraft:crimson_planks":17,"minecraft:raw_copper":10331,"minecraft:smooth_stone_slab":22,"minecraft:iron_leggings":3,"minecraft:armor_stand":5,"minecraft:sticky_piston":39,"minecraft:netherite_ingot":5,"minecraft:pink_shulker_box":3,"minecraft:oak_sign":110,"minecraft:sea_pickle":34,"minecraft:deepslate_tiles":300,"minecraft:black_shulker_box":9,"minecraft:dark_oak_leaves":45,"minecraft:redstone_torch":24,"minecraft:calcite":1880,"minecraft:deepslate_tile_wall":28,"minecraft:iron_boots":12,"minecraft:furnace":56,"minecraft:stick":4382,"minecraft:orange_shulker_box":1,"minecraft:deepslate_brick_wall":1,"minecraft:brown_terracotta":87,"minecraft:oak_fence":75,"minecraft:torch":4749,"minecraft:porkchop":21,"minecraft:snow_block":99,"minecraft:pointed_dripstone":587,"minecraft:blue_stained_glass":2,"minecraft:quartz_block":1343,"minecraft:cactus":889,"minecraft:green_wool":2250,"minecraft:fire_coral_fan":14,"minecraft:leather_horse_armor":1,"minecraft:stripped_birch_wood":99,"minecraft:cod":263,"minecraft:nautilus_shell":11,"minecraft:crimson_hyphae":5,"minecraft:magma_cream":166,"minecraft:magenta_dye":262,"minecraft:tuff":1917,"minecraft:light_gray_dye":220,"minecraft:warped_trapdoor":26,"minecraft:horn_coral":5,"minecraft:wither_skeleton_skull":61,"minecraft:green_shulker_box":1,"minecraft:lapis_lazuli":1544,"minecraft:weathered_cut_copper":1,"minecraft:polished_granite":360,"minecraft:leather_boots":14,"minecraft:cobbled_deepslate_wall":32,"minecraft:cobbled_deepslate_slab":325,"minecraft:deepslate_brick_slab":123,"minecraft:raw_gold":1279,"minecraft:bell":36,"minecraft:light_blue_dye":45,"minecraft:powered_rail":141,"minecraft:oak_planks":2843,"minecraft:brain_coral":4,"minecraft:ghast_tear":5,"minecraft:black_terracotta":11,"minecraft:cooked_porkchop":24,"minecraft:music_disc_13":2,"minecraft:axolotl_bucket":3,"minecraft:poisonous_potato":100,"minecraft:polished_blackstone_slab":1,"minecraft:jungle_planks":122,"minecraft:sand":13968,"minecraft:dead_bush":1,"minecraft:lily_of_the_valley":192,"minecraft:cyan_bed":4,"minecraft:oxidized_cut_copper_slab":5,"minecraft:shulker_box":456,"minecraft:orange_wool":525,"minecraft:dark_prismarine":25,"minecraft:light_gray_concrete":3,"minecraft:spruce_fence_gate":142,"minecraft:clay":121,"minecraft:diamond":875,"minecraft:spruce_boat":41,"minecraft:black_concrete":7394,"minecraft:polished_blackstone_button":16,"minecraft:white_concrete":972,"minecraft:oak_sapling":3521,"minecraft:nether_star":4,"minecraft:end_stone_bricks":2,"minecraft:charcoal":44,"minecraft:cocoa_beans":623,"minecraft:allium":137,"minecraft:chicken":35,"minecraft:wooden_pickaxe":1,"minecraft:gold_block":99,"minecraft:diamond_horse_armor":7,"minecraft:stone_stairs":253,"minecraft:iron_axe":14,"minecraft:item_frame":120,"minecraft:quartz_slab":136,"minecraft:cyan_carpet":25,"minecraft:candle":56,"minecraft:oak_boat":46,"minecraft:player_head":1121,"minecraft:observer":640,"minecraft:light_gray_wool":271,"minecraft:lectern":1009,"minecraft:tinted_glass":216,"minecraft:sugar_cane":31208,"minecraft:blue_shulker_box":4,"minecraft:spruce_trapdoor":380,"minecraft:phantom_membrane":112,"minecraft:dark_oak_sapling":162,"minecraft:stripped_crimson_hyphae":118,"minecraft:raw_iron":4698,"minecraft:orange_dye":1,"minecraft:copper_ingot":222,"minecraft:gray_dye":3,"minecraft:stone_button":15,"minecraft:magenta_shulker_box":4,"minecraft:iron_horse_armor":6,"minecraft:dark_oak_planks":982,"minecraft:smooth_sandstone_slab":1,"minecraft:arrow":4696,"minecraft:jungle_stairs":13,"minecraft:pink_glazed_terracotta":1,"minecraft:saddle":32,"minecraft:soul_campfire":4,"minecraft:wet_sponge":789,"minecraft:crimson_stem":841,"minecraft:glow_ink_sac":329,"minecraft:salmon":21,"minecraft:cut_sandstone":56,"minecraft:birch_planks":801,"minecraft:waxed_copper_block":3,"minecraft:nether_wart_block":65,"minecraft:cobblestone_stairs":55,"minecraft:deepslate_tile_slab":744,"minecraft:podzol":113,"minecraft:smooth_sandstone":467,"minecraft:fire_coral_block":24,"minecraft:heart_of_the_sea":7,"minecraft:stripped_oak_wood":6,"minecraft:oxidized_cut_copper":10,"minecraft:soul_sand":481,"minecraft:green_dye":1,"minecraft:book":1679,"minecraft:scaffolding":1511,"minecraft:oak_slab":432,"minecraft:birch_boat":7,"minecraft:pumpkin":197,"minecraft:chiseled_stone_bricks":1078,"minecraft:raw_iron_block":45,"minecraft:dripstone_block":1247,"minecraft:brain_coral_fan":13,"minecraft:blast_furnace":7,"minecraft:white_bed":67,"minecraft:gold_ore":336,"minecraft:dark_oak_fence_gate":50,"minecraft:green_carpet":144,"minecraft:spider_eye":628,"minecraft:lime_dye":7,"minecraft:campfire":34,"minecraft:honey_block":5,"minecraft:iron_helmet":2,"minecraft:stripped_jungle_wood":20,"minecraft:acacia_slab":76,"minecraft:black_wool":67,"minecraft:red_concrete":5,"minecraft:coal":12310},"minecraft:crafted":{"minecraft:black_dye":8107,"minecraft:chainmail_helmet":9,"minecraft:oxidized_cut_copper_slab":42,"minecraft:oak_sign":84,"minecraft:cactus":8,"minecraft:polished_deepslate_wall":84,"minecraft:melon":2973,"minecraft:blaze_powder":70,"minecraft:birch_boat":178,"minecraft:chain":573,"minecraft:brick_wall":42,"minecraft:blue_stained_glass_pane":16,"minecraft:diamond_shovel":24,"minecraft:shulker_box":48,"minecraft:diamond_helmet":14,"minecraft:white_glazed_terracotta":3,"minecraft:beacon":4,"minecraft:black_wool":640,"minecraft:name_tag":151,"minecraft:white_shulker_box":4,"minecraft:warped_stairs":432,"minecraft:blue_stained_glass":16,"minecraft:redstone_lamp":772,"minecraft:end_rod":664,"minecraft:soul_campfire":44,"minecraft:glow_item_frame":35,"minecraft:jungle_boat":13,"minecraft:polished_andesite_stairs":72,"minecraft:acacia_slab":208,"minecraft:chest_minecart":7,"minecraft:green_bed":20,"minecraft:smithing_table":8,"minecraft:mossy_cobblestone":150,"minecraft:sticky_piston":259,"minecraft:green_stained_glass":616,"minecraft:polished_deepslate_slab":100,"minecraft:painting":5,"minecraft:cartography_table":22,"minecraft:stone_brick_stairs":140,"minecraft:lectern":29,"minecraft:wooden_hoe":2,"minecraft:stone_slab":694,"minecraft:iron_pickaxe":14,"minecraft:sandstone":32,"minecraft:netherite_ingot":4,"minecraft:composter":39,"minecraft:nautilus_shell":10,"minecraft:jungle_sign":33,"minecraft:golden_carrot":16431,"minecraft:jukebox":2,"minecraft:orange_shulker_box":1,"minecraft:iron_nugget":2884,"minecraft:spyglass":5,"minecraft:crimson_trapdoor":28,"minecraft:diamond_hoe":13,"minecraft:experience_bottle":5015,"minecraft:brick_stairs":92,"minecraft:soul_torch":92,"minecraft:acacia_fence_gate":10,"minecraft:blue_shulker_box":4,"minecraft:spruce_fence":345,"minecraft:moss_carpet":222,"minecraft:stone_stairs":816,"minecraft:lantern":2016,"minecraft:spruce_stairs":664,"minecraft:light_gray_shulker_box":1,"minecraft:polished_diorite":356,"minecraft:black_concrete_powder":10826,"minecraft:red_shulker_box":5,"minecraft:stone_pickaxe":3,"minecraft:quartz_slab":30,"minecraft:spruce_boat":435,"minecraft:lead":24,"minecraft:light_gray_terracotta":960,"minecraft:enchanting_table":1,"minecraft:cyan_bed":4,"minecraft:crimson_slab":96,"minecraft:acacia_trapdoor":76,"minecraft:dark_oak_button":61,"minecraft:acacia_stairs":220,"minecraft:deepslate_tiles":2036,"minecraft:enchanted_book":1300,"minecraft:orange_dye":4,"minecraft:crimson_stairs":148,"minecraft:oak_fence_gate":1,"minecraft:soul_lantern":32,"minecraft:warped_sign":81,"minecraft:chainmail_boots":12,"minecraft:fermented_spider_eye":13,"minecraft:black_glazed_terracotta":12,"minecraft:birch_trapdoor":48,"minecraft:black_stained_glass_pane":632,"minecraft:writable_book":3,"minecraft:iron_shovel":2,"minecraft:note_block":59,"minecraft:pink_terracotta":40,"minecraft:grindstone":99,"minecraft:cobblestone_slab":504,"minecraft:barrel":251,"minecraft:birch_wood":135,"minecraft:polished_granite_slab":64,"minecraft:quartz_bricks":884,"minecraft:crimson_sign":27,"minecraft:lightning_rod":7,"minecraft:stone":291,"minecraft:heavy_weighted_pressure_plate":1,"minecraft:quartz_pillar":740,"minecraft:warped_planks":4163,"minecraft:brown_carpet":9,"minecraft:polished_blackstone_button":32,"minecraft:stone_brick_slab":48,"minecraft:orange_stained_glass_pane":8,"minecraft:bow":28,"minecraft:spore_blossom":32,"minecraft:comparator":662,"minecraft:chest":1716,"minecraft:oak_button":23,"minecraft:yellow_terracotta":16,"minecraft:copper_block":1232,"minecraft:jungle_stairs":56,"minecraft:rail":1354,"minecraft:bricks":9929,"minecraft:blue_concrete_powder":16,"minecraft:ender_eye":56,"minecraft:stone_bricks":384,"minecraft:oak_fence":27,"minecraft:granite_stairs":24,"minecraft:golden_boots":1,"minecraft:cauldron":55,"minecraft:lime_terracotta":113,"minecraft:iron_helmet":4,"minecraft:brown_dye":97,"minecraft:white_stained_glass_pane":240,"minecraft:warped_door":6,"minecraft:oxidized_cut_copper":24,"minecraft:dispenser":41,"minecraft:apple":128,"minecraft:tnt":2440,"minecraft:spruce_trapdoor":1688,"minecraft:purple_dye":30,"minecraft:yellow_dye":52,"minecraft:warped_fence_gate":37,"minecraft:gray_terracotta":16,"minecraft:stick":15224,"minecraft:iron_ingot":10612,"minecraft:light_blue_shulker_box":3,"minecraft:cyan_carpet":12,"minecraft:dark_oak_fence_gate":208,"minecraft:deepslate_bricks":2280,"minecraft:orange_glazed_terracotta":7,"minecraft:blue_terracotta":32,"minecraft:deepslate_tile_slab":2034,"minecraft:oak_door":3,"minecraft:tripwire_hook":16,"minecraft:stone_brick_wall":66,"minecraft:fishing_rod":1,"minecraft:netherite_sword":1,"minecraft:spruce_button":170,"minecraft:blast_furnace":3,"minecraft:furnace":55,"minecraft:piston":651,"minecraft:polished_andesite_slab":48,"minecraft:raw_copper_block":14,"minecraft:smooth_quartz_stairs":64,"minecraft:oak_trapdoor":296,"minecraft:flint_and_steel":13,"minecraft:scaffolding":384,"minecraft:granite_wall":12,"minecraft:white_concrete_powder":688,"minecraft:orange_terracotta":65,"minecraft:cobblestone_wall":30,"minecraft:brown_shulker_box":1,"minecraft:smooth_quartz_slab":462,"minecraft:honey_block":54,"minecraft:blackstone_stairs":88,"minecraft:birch_sign":99,"minecraft:purple_terracotta":128,"minecraft:jungle_wood":360,"minecraft:purple_stained_glass":48,"minecraft:iron_trapdoor":62,"minecraft:purple_shulker_box":1,"minecraft:iron_sword":7,"minecraft:jungle_planks":1424,"minecraft:white_dye":1349,"minecraft:brown_concrete_powder":344,"minecraft:netherite_shovel":1,"minecraft:anvil":545,"minecraft:stonecutter":19,"minecraft:crimson_door":6,"minecraft:torch":9196,"minecraft:orange_bed":35,"minecraft:diamond_chestplate":2,"minecraft:ender_chest":23,"minecraft:jungle_button":12,"minecraft:light_gray_concrete_powder":240,"minecraft:smooth_stone":17,"minecraft:jungle_fence_gate":2,"minecraft:cut_sandstone":16,"minecraft:dark_oak_pressure_plate":13,"minecraft:purple_bed":1,"minecraft:pink_bed":4,"minecraft:dark_oak_wood":324,"minecraft:birch_slab":24,"minecraft:slime_block":508,"minecraft:loom":1,"minecraft:lever":29,"minecraft:bookshelf":1241,"minecraft:cooked_mutton":5,"minecraft:iron_bars":608,"minecraft:magenta_shulker_box":1,"minecraft:quartz_block":11694,"minecraft:glass":96086,"minecraft:light_blue_terracotta":580,"minecraft:repeater":738,"minecraft:diamond_leggings":13,"minecraft:cyan_stained_glass_pane":8,"minecraft:melon_seeds":5,"minecraft:polished_blackstone":44,"minecraft:acacia_fence":72,"minecraft:magenta_dye":171,"minecraft:flower_pot":227,"minecraft:glass_bottle":69,"minecraft:furnace_minecart":10,"minecraft:deepslate":66,"minecraft:wooden_shovel":2,"minecraft:emerald":131699,"minecraft:smooth_quartz":1565,"minecraft:cooked_porkchop":4,"minecraft:diamond_axe":20,"minecraft:spruce_door":9,"minecraft:clock":1,"minecraft:cobbled_deepslate_wall":36,"minecraft:copper_ingot":150,"minecraft:red_mushroom":12,"minecraft:oak_wood":1452,"minecraft:hay_block":294,"minecraft:campfire":78,"minecraft:lime_shulker_box":8,"minecraft:green_terracotta":616,"minecraft:chiseled_deepslate":1,"minecraft:iron_block":3551,"minecraft:white_terracotta":168,"minecraft:gold_ingot":17735,"minecraft:light_gray_dye":990,"minecraft:spruce_fence_gate":75,"minecraft:stone_shovel":12,"minecraft:smooth_stone_slab":12,"minecraft:polished_deepslate_stairs":158,"minecraft:player_head":686,"minecraft:crimson_fence_gate":3,"minecraft:pufferfish_bucket":1,"minecraft:yellow_bed":2,"minecraft:red_terracotta":268,"minecraft:bone_meal":76878,"minecraft:cyan_stained_glass":24,"minecraft:andesite_wall":252,"minecraft:pink_dye":42,"minecraft:candle":1336,"minecraft:white_carpet":9,"minecraft:warped_trapdoor":136,"minecraft:diamond":1071,"minecraft:dark_oak_fence":162,"minecraft:ladder":186,"minecraft:spruce_slab":1926,"minecraft:ender_pearl":33,"minecraft:diamond_boots":14,"minecraft:cobbled_deepslate_stairs":4,"minecraft:deepslate_tile_wall":168,"minecraft:redstone_block":3801,"minecraft:jungle_fence":6,"minecraft:dark_oak_planks":6764,"minecraft:wheat":594,"minecraft:coal_block":385,"minecraft:dripstone_block":6268,"minecraft:firework_star":169,"minecraft:purple_stained_glass_pane":32,"minecraft:crossbow":14,"minecraft:netherite_pickaxe":2,"minecraft:deepslate_brick_slab":66,"minecraft:red_bed":1,"minecraft:polished_granite":480,"minecraft:gray_concrete_powder":424,"minecraft:conduit":1,"minecraft:glowstone":8523,"minecraft:white_stained_glass":120,"minecraft:jungle_slab":90,"minecraft:sandstone_wall":12,"minecraft:golden_apple":109,"minecraft:andesite_slab":12,"minecraft:gray_shulker_box":1,"minecraft:cyan_shulker_box":1,"minecraft:oak_stairs":12,"minecraft:wooden_axe":1,"minecraft:crimson_fence":21,"minecraft:deepslate_tile_stairs":412,"minecraft:iron_leggings":20,"minecraft:white_bed":29,"minecraft:brick":40646,"minecraft:oak_planks":21376,"minecraft:dark_oak_boat":56,"minecraft:pink_shulker_box":4,"minecraft:cobblestone_stairs":216,"minecraft:warped_hyphae":345,"minecraft:spruce_pressure_plate":14,"minecraft:dark_oak_door":15,"minecraft:hopper":1065,"minecraft:iron_boots":13,"minecraft:raw_copper":126,"minecraft:blackstone_wall":54,"minecraft:cyan_terracotta":280,"minecraft:chiseled_stone_bricks":1004,"minecraft:stone_hoe":12,"minecraft:honeycomb_block":1748,"minecraft:raw_iron_block":67,"minecraft:smoker":1,"minecraft:quartz_stairs":40,"minecraft:item_frame":623,"minecraft:oak_slab":720,"minecraft:acacia_wood":234,"minecraft:map":755,"minecraft:crafting_table":159,"minecraft:spruce_planks":17776,"minecraft:wooden_pickaxe":1,"minecraft:baked_potato":28,"minecraft:hopper_minecart":27,"minecraft:brewing_stand":30,"minecraft:birch_planks":4250,"minecraft:pumpkin_seeds":8,"minecraft:black_shulker_box":1,"minecraft:dark_oak_slab":1740,"minecraft:iron_chestplate":1,"minecraft:book":1086,"minecraft:paper":26170,"minecraft:emerald_block":3184,"minecraft:diamond_pickaxe":40,"minecraft:shield":5,"minecraft:warped_slab":108,"minecraft:birch_fence":126,"minecraft:light_blue_dye":112,"minecraft:stone_sword":1,"minecraft:snow_block":298,"minecraft:green_shulker_box":4,"minecraft:redstone_torch":4170,"minecraft:gray_carpet":225,"minecraft:light_gray_carpet":192,"minecraft:sponge":502,"minecraft:light_gray_stained_glass_pane":1146,"minecraft:shears":551,"minecraft:green_carpet":255,"minecraft:crimson_hyphae":120,"minecraft:polished_andesite":456,"minecraft:coarse_dirt":1604,"minecraft:cobbled_deepslate_slab":578,"minecraft:redstone":41279,"minecraft:raw_iron":389,"minecraft:coal":333,"minecraft:light_gray_stained_glass":4232,"minecraft:stone_button":14,"minecraft:dark_oak_trapdoor":226,"minecraft:jungle_trapdoor":26,"minecraft:gray_dye":554,"minecraft:dark_oak_sign":126,"minecraft:diamond_block":300,"minecraft:glass_pane":109533,"minecraft:warped_fence":33,"minecraft:yellow_shulker_box":1,"minecraft:polished_deepslate":2780,"minecraft:black_terracotta":68,"minecraft:green_concrete_powder":152,"minecraft:iron_axe":64,"minecraft:spruce_wood":591,"minecraft:iron_hoe":2,"minecraft:lime_dye":14,"minecraft:pink_glazed_terracotta":1,"minecraft:netherite_scrap":19,"minecraft:minecart":80,"minecraft:observer":693,"minecraft:cooked_beef":4,"minecraft:sugar":124,"minecraft:red_dye":73,"minecraft:cooked_cod":1,"minecraft:cyan_concrete_powder":80,"minecraft:magenta_bed":3,"minecraft:bone_block":9753,"minecraft:crimson_planks":8432,"minecraft:diamond_sword":16,"minecraft:cyan_dye":182,"minecraft:spruce_sign":240,"minecraft:dark_oak_stairs":336,"minecraft:powered_rail":72,"minecraft:bell":12,"minecraft:bucket":65,"minecraft:stone_axe":1,"minecraft:amethyst_block":12,"minecraft:brown_terracotta":174,"minecraft:bread":1522,"minecraft:air":0,"minecraft:blue_dye":328,"minecraft:black_stained_glass":46312,"minecraft:cut_copper":4,"minecraft:oak_boat":987,"minecraft:magenta_terracotta":464,"minecraft:acacia_sapling":8,"minecraft:pumpkin_pie":8,"minecraft:acacia_planks":1544,"minecraft:blackstone_slab":366,"minecraft:lapis_lazuli":2005,"minecraft:lapis_block":21,"minecraft:firework_rocket":36385,"minecraft:light_gray_candle":32},"minecraft:dropped":{"minecraft:iron_sword":8,"minecraft:porkchop":20,"minecraft:lapis_lazuli":11,"minecraft:glow_ink_sac":5,"minecraft:chorus_fruit":13,"minecraft:glass_bottle":63,"minecraft:diamond":131,"minecraft:crafting_table":23,"minecraft:cooked_porkchop":14,"minecraft:dark_oak_slab":7,"minecraft:weeping_vines":11,"minecraft:glow_berries":33,"minecraft:warped_roots":1,"minecraft:cracked_stone_bricks":2,"minecraft:gold_block":160,"minecraft:emerald":1700,"minecraft:birch_fence":2,"minecraft:dark_oak_fence":19,"minecraft:black_stained_glass_pane":6,"minecraft:dark_oak_trapdoor":3,"minecraft:stripped_dark_oak_wood":4,"minecraft:netherite_boots":1,"minecraft:gold_nugget":12,"minecraft:writable_book":4,"minecraft:sand":261,"minecraft:purple_wool":58,"minecraft:dark_oak_planks":355,"minecraft:white_wool":4,"minecraft:dark_oak_door":2,"minecraft:lever":6,"minecraft:diamond_block":1,"minecraft:iron_nugget":138,"minecraft:cooked_chicken":3,"minecraft:cobbled_deepslate":152,"minecraft:wheat":46,"minecraft:netherite_sword":1,"minecraft:obsidian":21,"minecraft:stripped_dark_oak_log":1,"minecraft:rotten_flesh":11569,"minecraft:oak_planks":440,"minecraft:glowstone_dust":33,"minecraft:warped_sign":6,"minecraft:azure_bluet":6,"minecraft:dead_fire_coral_block":1,"minecraft:warped_planks":105,"minecraft:blue_stained_glass":2,"minecraft:azalea_leaves":89,"minecraft:coal_ore":31,"minecraft:quartz_block":24,"minecraft:jungle_log":3,"minecraft:leather_boots":33,"minecraft:leather_leggings":36,"minecraft:painting":7,"minecraft:glass":681,"minecraft:beef":27,"minecraft:podzol":42,"minecraft:warped_wart_block":2,"minecraft:golden_boots":28,"minecraft:black_dye":69,"minecraft:wheat_seeds":16776,"minecraft:deepslate_redstone_ore":3,"minecraft:smooth_quartz_stairs":9,"minecraft:dripstone_block":438,"minecraft:light_gray_stained_glass_pane":53,"minecraft:cobbled_deepslate_wall":5,"minecraft:book":38,"minecraft:deepslate_tile_slab":81,"minecraft:coal_block":4,"minecraft:warped_trapdoor":2,"minecraft:diamond_horse_armor":2,"minecraft:brown_concrete_powder":1,"minecraft:gray_wool":1,"minecraft:ink_sac":42,"minecraft:wooden_axe":1,"minecraft:cooked_salmon":8,"minecraft:lapis_ore":4,"minecraft:potion":14,"minecraft:oak_stairs":6,"minecraft:pumpkin":91,"minecraft:white_banner":1,"minecraft:jungle_boat":19,"minecraft:red_dye":3,"minecraft:smooth_stone":1,"minecraft:chainmail_leggings":9,"minecraft:smooth_sandstone":7,"minecraft:acacia_planks":15,"minecraft:snow_block":7,"minecraft:bricks":73,"minecraft:creeper_head":1,"minecraft:green_terracotta":40,"minecraft:player_head":45,"minecraft:cocoa_beans":7,"minecraft:green_bed":20,"minecraft:experience_bottle":169,"minecraft:stone_shovel":11,"minecraft:white_carpet":1,"minecraft:iron_boots":23,"minecraft:name_tag":4,"minecraft:cobbled_deepslate_slab":65,"minecraft:oak_sign":23,"minecraft:polished_deepslate_stairs":21,"minecraft:shears":212,"minecraft:diamond_sword":22,"minecraft:cyan_wool":129,"minecraft:spruce_boat":430,"minecraft:flower_pot":33,"minecraft:sea_pickle":1,"minecraft:powder_snow_bucket":1,"minecraft:spruce_trapdoor":27,"minecraft:spruce_planks":744,"minecraft:diamond_pickaxe":48,"minecraft:fire_coral_block":2,"minecraft:redstone_torch":8,"minecraft:stone_pressure_plate":2,"minecraft:barrel":5,"minecraft:stone_bricks":43,"minecraft:sandstone":47,"minecraft:red_sand":6,"minecraft:bow":408,"minecraft:stripped_spruce_wood":10,"minecraft:green_concrete_powder":1,"minecraft:cyan_bed":3,"minecraft:terracotta":7,"minecraft:soul_sand":9,"minecraft:moss_block":456,"minecraft:warped_fungus":1,"minecraft:oak_log":190,"minecraft:ender_pearl":2744,"minecraft:nether_star":1,"minecraft:dark_oak_sapling":1,"minecraft:leather":6,"minecraft:honeycomb":314,"minecraft:red_wool":107,"minecraft:jungle_planks":83,"minecraft:iron_horse_armor":1,"minecraft:birch_slab":1,"minecraft:cod":47,"minecraft:orange_glazed_terracotta":7,"minecraft:cobblestone_stairs":6,"minecraft:dark_oak_log":84,"minecraft:mutton":6,"minecraft:snowball":317,"minecraft:jungle_sign":2,"minecraft:stripped_oak_wood":1,"minecraft:black_concrete":14,"minecraft:cauldron":1,"minecraft:gold_ingot":515,"minecraft:spyglass":4,"minecraft:stripped_jungle_wood":1,"minecraft:twisting_vines":11,"minecraft:smooth_sandstone_stairs":1,"minecraft:soul_lantern":1,"minecraft:pointed_dripstone":22,"minecraft:beetroot":7,"minecraft:yellow_stained_glass":5,"minecraft:cooked_mutton":3,"minecraft:leather_chestplate":15,"minecraft:trident":1,"minecraft:stone_brick_wall":4,"minecraft:acacia_slab":5,"minecraft:dropper":9,"minecraft:horn_coral_fan":1,"minecraft:beetroot_seeds":21,"minecraft:fire_coral_fan":14,"minecraft:iron_ore":31,"minecraft:scaffolding":14,"minecraft:light_gray_concrete_powder":5,"minecraft:magenta_wool":1,"minecraft:polished_granite":3,"minecraft:splash_potion":2,"minecraft:stone_hoe":12,"minecraft:bread":1542,"minecraft:vine":18,"minecraft:golden_helmet":28,"minecraft:andesite_wall":37,"minecraft:amethyst_block":3,"minecraft:tropical_fish":2,"minecraft:spruce_stairs":2,"minecraft:acacia_trapdoor":5,"minecraft:spruce_fence_gate":40,"minecraft:iron_block":1674,"minecraft:repeater":65,"minecraft:light_blue_wool":2,"minecraft:nether_wart_block":24,"minecraft:white_concrete":2,"minecraft:melon_slice":111,"minecraft:iron_door":6,"minecraft:light_gray_stained_glass":49,"minecraft:fire_charge":4,"minecraft:jungle_leaves":14,"minecraft:polished_basalt":1,"minecraft:raw_iron_block":21,"minecraft:orange_bed":31,"minecraft:cactus":1,"minecraft:redstone_block":112,"minecraft:polished_deepslate":16,"minecraft:polished_diorite":35,"minecraft:kelp":13,"minecraft:sweet_berries":48,"minecraft:oak_trapdoor":16,"minecraft:light_gray_terracotta":63,"minecraft:shulker_box":15,"minecraft:light_gray_candle":32,"minecraft:netherite_leggings":3,"minecraft:flint_and_steel":1,"minecraft:deepslate_bricks":131,"minecraft:copper_ore":3,"minecraft:oak_button":15,"minecraft:andesite":396,"minecraft:golden_leggings":33,"minecraft:oak_sapling":20,"minecraft:birch_sign":34,"minecraft:spruce_log":2046,"minecraft:wooden_pickaxe":1,"minecraft:nautilus_shell":5,"minecraft:magma_cream":29,"minecraft:light_blue_terracotta":7,"minecraft:brick":31,"minecraft:piston":4,"minecraft:cooked_beef":313,"minecraft:spore_blossom":5,"minecraft:orange_tulip":2,"minecraft:crossbow":11,"minecraft:dark_oak_button":12,"minecraft:saddle":8,"minecraft:elytra":14,"minecraft:rail":121,"minecraft:leather_helmet":25,"minecraft:item_frame":5,"minecraft:melon":39,"minecraft:dirt":835,"minecraft:grass":20,"minecraft:stone_button":6,"minecraft:chain":15,"minecraft:deepslate_coal_ore":3,"minecraft:bone_meal":1156,"minecraft:bone_block":782,"minecraft:phantom_membrane":11,"minecraft:sugar":51,"minecraft:iron_pickaxe":8,"minecraft:dark_oak_boat":51,"minecraft:end_crystal":132,"minecraft:cyan_carpet":1,"minecraft:bone":1740,"minecraft:green_wool":1930,"minecraft:oak_door":3,"minecraft:note_block":34,"minecraft:emerald_block":275,"minecraft:sugar_cane":523,"minecraft:polished_andesite_slab":3,"minecraft:pink_bed":2,"minecraft:golden_chestplate":32,"minecraft:nether_brick":50,"minecraft:pink_dye":3,"minecraft:birch_sapling":117,"minecraft:blue_wool":10,"minecraft:deepslate_brick_slab":66,"minecraft:enchanted_golden_apple":1,"minecraft:netherite_shovel":1,"minecraft:lime_dye":2,"minecraft:end_stone":22,"minecraft:white_bed":25,"minecraft:salmon":4,"minecraft:firework_star":2,"minecraft:lime_bed":2,"minecraft:deepslate_tiles":142,"minecraft:charcoal":2,"minecraft:honey_block":1,"minecraft:ladder":16,"minecraft:white_dye":25,"minecraft:spruce_slab":67,"minecraft:end_stone_bricks":2,"minecraft:campfire":8,"minecraft:flowering_azalea_leaves":39,"minecraft:white_glazed_terracotta":3,"minecraft:egg":335,"minecraft:crimson_planks":5,"minecraft:enchanted_book":32,"minecraft:iron_ingot":655,"minecraft:netherite_pickaxe":5,"minecraft:birch_leaves":354,"minecraft:tnt":109,"minecraft:golden_horse_armor":1,"minecraft:netherite_helmet":1,"minecraft:purpur_slab":1,"minecraft:oak_fence":9,"minecraft:iron_helmet":4,"minecraft:feather":18,"minecraft:cobblestone":2060,"minecraft:apple":75,"minecraft:granite":348,"minecraft:spruce_button":27,"minecraft:spruce_door":2,"minecraft:polished_blackstone_button":1,"minecraft:chainmail_helmet":26,"minecraft:coal":445,"minecraft:polished_andesite":3,"minecraft:end_rod":4,"minecraft:oxeye_daisy":2,"minecraft:jungle_slab":3,"minecraft:warped_slab":8,"minecraft:golden_carrot":883,"minecraft:iron_trapdoor":1,"minecraft:sponge":64,"minecraft:wooden_hoe":1,"minecraft:rabbit":1,"minecraft:diamond_helmet":3,"minecraft:magenta_glazed_terracotta":12,"minecraft:iron_shovel":6,"minecraft:paper":502,"minecraft:string":1008,"minecraft:polished_deepslate_wall":68,"minecraft:oxidized_copper":69,"minecraft:gray_carpet":1,"minecraft:spruce_sapling":74,"minecraft:furnace":4,"minecraft:brick_wall":12,"minecraft:moss_carpet":134,"minecraft:netherite_ingot":4,"minecraft:stone_sword":59,"minecraft:cobblestone_wall":4,"minecraft:dark_oak_sign":10,"minecraft:deepslate":53,"minecraft:diamond_hoe":10,"minecraft:chicken":22,"minecraft:polished_deepslate_slab":1,"minecraft:slime_block":521,"minecraft:stone_slab":74,"minecraft:glow_lichen":6,"minecraft:orange_wool":323,"minecraft:spruce_fence":84,"minecraft:pumpkin_seeds":28,"minecraft:lightning_rod":14,"minecraft:light_blue_dye":9,"minecraft:big_dripleaf":28,"minecraft:potato":1500,"minecraft:hay_block":28,"minecraft:stone":4466,"minecraft:allium":16,"minecraft:yellow_bed":4,"minecraft:wooden_shovel":1,"minecraft:carved_pumpkin":43,"minecraft:spider_eye":47,"minecraft:brown_carpet":5,"minecraft:birch_boat":176,"minecraft:red_tulip":61,"minecraft:bell":28,"minecraft:black_wool":6,"minecraft:spruce_sign":16,"minecraft:gold_ore":1,"minecraft:crimson_nylium":4,"minecraft:warped_stem":61,"minecraft:brown_mushroom":1,"minecraft:birch_planks":343,"minecraft:diamond_axe":30,"minecraft:baked_potato":431,"minecraft:sandstone_slab":2,"minecraft:lantern":166,"minecraft:deepslate_tile_wall":25,"minecraft:flint":17,"minecraft:music_disc_11":1,"minecraft:spruce_leaves":629,"minecraft:cyan_terracotta":7,"minecraft:stripped_warped_hyphae":22,"minecraft:deepslate_gold_ore":1,"minecraft:cornflower":14,"minecraft:crimson_roots":1,"minecraft:cooked_cod":4,"minecraft:cut_sandstone":3,"minecraft:pumpkin_pie":48,"minecraft:birch_log":5,"minecraft:black_stained_glass":84,"minecraft:gravel":225,"minecraft:white_tulip":1,"minecraft:blackstone":535,"minecraft:yellow_wool":19,"minecraft:lime_wool":1986,"minecraft:diamond_shovel":41,"minecraft:prismarine":2,"minecraft:beehive":1,"minecraft:stone_stairs":1,"minecraft:carrot":293,"minecraft:chainmail_chestplate":10,"minecraft:chiseled_stone_bricks":24,"minecraft:shulker_shell":1,"minecraft:poppy":3954,"minecraft:rabbit_hide":1,"minecraft:gunpowder":365,"minecraft:glowstone":324,"minecraft:spruce_wood":27,"minecraft:azalea":52,"minecraft:chainmail_boots":18,"minecraft:chest":118,"minecraft:blackstone_slab":21,"minecraft:basalt":54,"minecraft:arrow":14389,"minecraft:powered_rail":1,"minecraft:quartz":583,"minecraft:written_book":1,"minecraft:oak_leaves":158,"minecraft:netherrack":493,"minecraft:firework_rocket":2397,"minecraft:water_bucket":2,"minecraft:stripped_spruce_log":1,"minecraft:oak_slab":157,"minecraft:mossy_cobblestone":14,"minecraft:minecart":19,"minecraft:bookshelf":77,"minecraft:diamond_leggings":11,"minecraft:poisonous_potato":34,"minecraft:prismarine_shard":3,"minecraft:lead":8,"minecraft:spectral_arrow":14,"minecraft:observer":64,"minecraft:grass_block":615,"minecraft:stick":1309,"minecraft:magenta_bed":2,"minecraft:blue_dye":1,"minecraft:diorite":329,"minecraft:warped_stairs":7,"minecraft:brewing_stand":2,"minecraft:torch":950,"minecraft:smooth_quartz":1,"minecraft:brown_wool":61,"minecraft:map":68,"minecraft:green_carpet":39,"minecraft:iron_leggings":22,"minecraft:smooth_quartz_slab":1,"minecraft:flowering_azalea":54,"minecraft:iron_axe":73,"minecraft:bucket":8,"minecraft:lapis_block":68,"minecraft:dandelion":8,"minecraft:smooth_basalt":66,"minecraft:redstone":522,"minecraft:anvil":90,"minecraft:brown_dye":2,"minecraft:ender_chest":49,"minecraft:coarse_dirt":128,"minecraft:nether_wart":1,"minecraft:raw_copper":4,"minecraft:tuff":42,"minecraft:raw_iron":72,"minecraft:wither_skeleton_skull":4,"minecraft:light_gray_wool":60,"minecraft:iron_hoe":1,"minecraft:glass_pane":8291,"minecraft:filled_map":5,"minecraft:snow":1330,"minecraft:shield":3,"minecraft:black_concrete_powder":80,"minecraft:diamond_chestplate":1,"minecraft:orange_terracotta":25,"minecraft:dragon_egg":5,"minecraft:iron_chestplate":3,"minecraft:warped_fence":3,"minecraft:pink_wool":5,"minecraft:oak_boat":982,"minecraft:golden_sword":5,"minecraft:diamond_boots":15,"minecraft:slime_ball":5,"minecraft:beacon":1,"minecraft:stone_pickaxe":1,"minecraft:raw_gold":5,"minecraft:calcite":30,"minecraft:white_stained_glass":35},"minecraft:killed":{"minecraft:cod":125,"minecraft:tropical_fish":1,"minecraft:elder_guardian":2,"minecraft:salmon":19,"minecraft:iron_golem":25,"minecraft:ender_dragon":1,"minecraft:pillager":33,"minecraft:goat":51,"minecraft:zombie":739,"minecraft:endermite":2,"minecraft:snow_golem":1,"minecraft:husk":13,"minecraft:rabbit":1,"minecraft:ravager":2,"minecraft:zombified_piglin":48,"minecraft:witch":8,"minecraft:spider":92,"minecraft:wither":1,"minecraft:bee":2,"minecraft:axolotl":1,"minecraft:silverfish":24,"minecraft:piglin":11,"minecraft:zombie_villager":13,"minecraft:sheep":32,"minecraft:trader_llama":16,"minecraft:mooshroom":1,"minecraft:ghast":16,"minecraft:slime":50,"minecraft:drowned":700,"minecraft:hoglin":2,"minecraft:squid":164,"minecraft:wither_skeleton":535,"minecraft:player":17,"minecraft:villager":36,"minecraft:cave_spider":6,"minecraft:dolphin":8,"minecraft:shulker":71,"minecraft:skeleton":5221,"minecraft:chicken":42,"minecraft:cat":7,"minecraft:magma_cube":276,"minecraft:glow_squid":7,"minecraft:cow":840,"minecraft:horse":3,"minecraft:wandering_trader":4,"minecraft:enderman":5635,"minecraft:turtle":1,"minecraft:wolf":1,"minecraft:pig":13,"minecraft:creeper":196,"minecraft:blaze":241,"minecraft:phantom":87,"minecraft:llama":4,"minecraft:bat":9}},"DataVersion":2730}