{"stats":{"minecraft:killed_by":{"minecraft:zombie":13,"minecraft:iron_golem":1},"minecraft:broken":{"minecraft:shears":2,"minecraft:diamond_shovel":1,"minecraft:diamond_pickaxe":2,"minecraft:stone_hoe":1,"minecraft:iron_pickaxe":18,"minecraft:stone_pickaxe":3,"minecraft:stone_shovel":1},"minecraft:custom":{"minecraft:interact_with_crafting_table":934,"minecraft:damage_blocked_by_shield":630,"minecraft:play_time":26313460,"minecraft:deaths":21,"minecraft:jump":131369,"minecraft:interact_with_smoker":70,"minecraft:inspect_dispenser":144,"minecraft:horse_one_cm":259180,"minecraft:inspect_dropper":62,"minecraft:interact_with_anvil":108,"minecraft:inspect_hopper":922,"minecraft:time_since_rest":598511,"minecraft:swim_one_cm":3380568,"minecraft:open_chest":10178,"minecraft:open_shulker_box":9283,"minecraft:talked_to_villager":43,"minecraft:interact_with_beacon":21,"minecraft:fill_cauldron":3,"minecraft:boat_one_cm":2564566,"minecraft:damage_taken":46880,"minecraft:aviate_one_cm":181664723,"minecraft:open_barrel":3452,"minecraft:leave_game":199,"minecraft:time_since_death":1082559,"minecraft:enchant_item":68,"minecraft:interact_with_furnace":342,"minecraft:traded_with_villager":20,"minecraft:sleep_in_bed":368,"minecraft:damage_dealt":155383,"minecraft:use_cauldron":9,"minecraft:interact_with_smithing_table":4,"minecraft:target_hit":1,"minecraft:sneak_time":1986391,"minecraft:interact_with_lectern":128,"minecraft:interact_with_blast_furnace":86,"minecraft:total_world_time":26313460,"minecraft:interact_with_stonecutter":525,"minecraft:fly_one_cm":34148383,"minecraft:fall_one_cm":1807561,"minecraft:animals_bred":258,"minecraft:sprint_one_cm":54503530,"minecraft:drop":2820,"minecraft:walk_on_water_one_cm":2751034,"minecraft:interact_with_loom":2,"minecraft:open_enderchest":815,"minecraft:player_kills":1,"minecraft:crouch_one_cm":7529627,"minecraft:mob_kills":23903,"minecraft:climb_one_cm":481149,"minecraft:walk_one_cm":77184461,"minecraft:walk_under_water_one_cm":3912210,"minecraft:interact_with_grindstone":25},"minecraft:used":{"minecraft:moss_block":1857,"minecraft:writable_book":36,"minecraft:chiseled_deepslate":20,"minecraft:smooth_quartz_slab":73,"minecraft:dispenser":40,"minecraft:poppy":6,"minecraft:stone":25479,"minecraft:tube_coral":2,"minecraft:soul_sand":11,"minecraft:cut_copper":112,"minecraft:deepslate_brick_slab":1158,"minecraft:snowball":382,"minecraft:spruce_boat":1,"minecraft:polished_blackstone_slab":267,"minecraft:packed_ice":547,"minecraft:lava_bucket":84,"minecraft:red_wool":13,"minecraft:deepslate_copper_ore":31,"minecraft:dark_oak_slab":549,"minecraft:diorite_wall":49,"minecraft:bow":2353,"minecraft:cooked_cod":15,"minecraft:oak_sapling":203,"minecraft:damaged_anvil":2,"minecraft:prismarine":531,"minecraft:cactus":11,"minecraft:blackstone":107,"minecraft:wooden_pickaxe":4,"minecraft:composter":18,"minecraft:glow_berries":9,"minecraft:cut_sandstone_slab":744,"minecraft:blast_furnace":11,"minecraft:cyan_dye":26,"minecraft:chiseled_quartz_block":26,"minecraft:deepslate_brick_stairs":1386,"minecraft:birch_slab":201,"minecraft:deepslate_iron_ore":108,"minecraft:flowering_azalea_leaves":36,"minecraft:nether_wart_block":10,"minecraft:diamond_sword":2736,"minecraft:coal_block":11,"minecraft:smithing_table":1,"minecraft:birch_log":96,"minecraft:oak_boat":9,"minecraft:oak_trapdoor":228,"minecraft:polished_blackstone_brick_slab":223,"minecraft:enchanting_table":4,"minecraft:orange_concrete":109,"minecraft:armor_stand":1,"minecraft:tinted_glass":708,"minecraft:polished_blackstone_wall":23,"minecraft:torch":9159,"minecraft:nether_quartz_ore":913,"minecraft:oak_fence_gate":1,"minecraft:sea_lantern":322,"minecraft:chipped_anvil":1,"minecraft:iron_block":8102,"minecraft:polished_deepslate_wall":665,"minecraft:barrel":173,"minecraft:bamboo":43,"minecraft:diamond_chestplate":1,"minecraft:basalt":382,"minecraft:horn_coral_fan":2,"minecraft:calcite":593,"minecraft:wheat_seeds":2157,"minecraft:warped_stem":18,"minecraft:birch_planks":17,"minecraft:blue_concrete_powder":161,"minecraft:cauldron":8,"minecraft:glow_ink_sac":53,"minecraft:spruce_fence_gate":179,"minecraft:gold_ore":90,"minecraft:deepslate_bricks":4149,"minecraft:polished_deepslate_slab":528,"minecraft:diamond_block":32,"minecraft:rail":509,"minecraft:campfire":283,"minecraft:white_bed":90,"minecraft:spruce_log":171,"minecraft:yellow_dye":1,"minecraft:diamond_pickaxe":158139,"minecraft:diamond_shovel":153397,"minecraft:oak_button":2,"minecraft:spruce_trapdoor":313,"minecraft:spruce_sapling":187,"minecraft:cooked_porkchop":864,"minecraft:andesite_stairs":6,"minecraft:stripped_oak_log":517,"minecraft:diamond_leggings":1,"minecraft:moss_carpet":1211,"minecraft:polished_deepslate":3831,"minecraft:bone_block":360,"minecraft:polished_basalt":351,"minecraft:grass":304,"minecraft:soul_campfire":26,"minecraft:obsidian":343,"minecraft:big_dripleaf":9,"minecraft:lantern":276,"minecraft:warped_nylium":128,"minecraft:item_frame":104,"minecraft:birch_button":4,"minecraft:deepslate_diamond_ore":28,"minecraft:written_book":29,"minecraft:dark_oak_sapling":44,"minecraft:tube_coral_fan":2,"minecraft:end_rod":81,"minecraft:diamond_boots":1,"minecraft:dropper":8,"minecraft:wither_skeleton_skull":3,"minecraft:stone_pickaxe":395,"minecraft:oak_planks":574,"minecraft:polished_diorite_slab":778,"minecraft:sandstone":2726,"minecraft:sugar_cane":168,"minecraft:diamond_axe":14049,"minecraft:white_wool":2179,"minecraft:deepslate_lapis_ore":10,"minecraft:end_stone":620,"minecraft:sticky_piston":74,"minecraft:lever":45,"minecraft:dark_oak_log":212,"minecraft:bread":57,"minecraft:iron_door":4,"minecraft:deepslate":753,"minecraft:prismarine_wall":259,"minecraft:light_blue_concrete_powder":20,"minecraft:chain":60,"minecraft:smooth_stone_slab":1820,"minecraft:coarse_dirt":513,"minecraft:bone_meal":2925,"minecraft:orange_concrete_powder":512,"minecraft:netherite_sword":1339,"minecraft:white_tulip":2,"minecraft:flint_and_steel":37,"minecraft:redstone":674,"minecraft:ender_chest":99,"minecraft:deepslate_gold_ore":27,"minecraft:stone_hoe":158,"minecraft:dirt":15761,"minecraft:prismarine_bricks":41,"minecraft:spruce_fence":383,"minecraft:iron_hoe":234,"minecraft:brown_terracotta":2067,"minecraft:oak_stairs":174,"minecraft:smooth_sandstone":33,"minecraft:iron_boots":1,"minecraft:weathered_cut_copper":1,"minecraft:black_stained_glass":18404,"minecraft:deepslate_tile_stairs":1444,"minecraft:black_dye":1,"minecraft:minecart":16,"minecraft:netherite_pickaxe":137209,"minecraft:cooked_beef":559,"minecraft:powder_snow_bucket":7,"minecraft:iron_leggings":1,"minecraft:cobblestone_stairs":74,"minecraft:baked_potato":577,"minecraft:cut_sandstone":3,"minecraft:spruce_sign":29,"minecraft:warped_roots":2,"minecraft:gray_terracotta":138,"minecraft:piston":114,"minecraft:black_wool":570,"minecraft:lapis_ore":33,"minecraft:stone_slab":2322,"minecraft:stone_axe":120,"minecraft:crimson_fungus":2,"minecraft:cobbled_deepslate_slab":83,"minecraft:lapis_block":29,"minecraft:sea_pickle":19,"minecraft:gray_wool":23,"minecraft:birch_stairs":49,"minecraft:spruce_slab":16,"minecraft:polished_blackstone":1063,"minecraft:ladder":39,"minecraft:chest":869,"minecraft:netherite_shovel":8047,"minecraft:black_stained_glass_pane":274,"minecraft:grass_block":8726,"minecraft:birch_sapling":12,"minecraft:polished_andesite_stairs":19,"minecraft:copper_ore":369,"minecraft:dark_oak_button":2,"minecraft:stone_brick_stairs":1328,"minecraft:dark_oak_boat":20,"minecraft:furnace":23,"minecraft:egg":53,"minecraft:potato":1573,"minecraft:dragon_head":1,"minecraft:light_blue_carpet":37,"minecraft:diorite":125,"minecraft:stripped_birch_log":3,"minecraft:powered_rail":88,"minecraft:purpur_pillar":5,"minecraft:smooth_quartz_stairs":88,"minecraft:oak_leaves":176,"minecraft:dark_oak_trapdoor":17,"minecraft:blue_dye":4,"minecraft:sand":36978,"minecraft:black_concrete_powder":128,"minecraft:lightning_rod":3,"minecraft:deepslate_tiles":2519,"minecraft:stone_button":28,"minecraft:lectern":6,"minecraft:spore_blossom":17,"minecraft:polished_granite":24,"minecraft:diamond_ore":81,"minecraft:polished_andesite_slab":342,"minecraft:soul_lantern":5,"minecraft:dark_oak_fence":33,"minecraft:white_stained_glass":2513,"minecraft:iron_bars":469,"minecraft:stone_sword":17,"minecraft:red_concrete":29,"minecraft:netherrack":1896,"minecraft:anvil":14,"minecraft:stone_stairs":298,"minecraft:polished_granite_slab":55,"minecraft:glow_lichen":75,"minecraft:blue_concrete":143,"minecraft:polished_diorite":3050,"minecraft:small_dripleaf":3,"minecraft:shroomlight":323,"minecraft:red_shulker_box":8,"minecraft:flowering_azalea":46,"minecraft:cyan_shulker_box":19,"minecraft:iron_axe":226,"minecraft:rooted_dirt":1,"minecraft:spruce_button":5,"minecraft:smooth_quartz":90,"minecraft:smooth_basalt":79,"minecraft:glowstone":13,"minecraft:raw_copper_block":4,"minecraft:iron_trapdoor":926,"minecraft:cobbled_deepslate":179,"minecraft:observer":100,"minecraft:pointed_dripstone":42,"minecraft:crimson_stem":4,"minecraft:water_bucket":3087,"minecraft:smooth_sandstone_slab":836,"minecraft:red_mushroom_block":103,"minecraft:cracked_stone_bricks":20,"minecraft:polished_blackstone_bricks":172,"minecraft:comparator":98,"minecraft:oak_slab":87,"minecraft:tnt":435,"minecraft:crafting_table":63,"minecraft:dark_oak_fence_gate":79,"minecraft:deepslate_tile_wall":29,"minecraft:oak_log":681,"minecraft:iron_pickaxe":4749,"minecraft:crimson_nylium":66,"minecraft:chiseled_stone_bricks":62,"minecraft:cobblestone":3587,"minecraft:red_concrete_powder":64,"minecraft:sandstone_slab":101,"minecraft:glass_pane":396,"minecraft:kelp":475,"minecraft:purple_candle":4,"minecraft:diamond_hoe":4440,"minecraft:oak_sign":9,"minecraft:white_concrete_powder":192,"minecraft:shield":15,"minecraft:white_terracotta":33,"minecraft:iron_sword":45,"minecraft:player_head":29,"minecraft:smooth_sandstone_stairs":949,"minecraft:iron_chestplate":1,"minecraft:nether_bricks":141,"minecraft:prismarine_brick_stairs":6,"minecraft:carrot":757,"minecraft:deepslate_tile_slab":2000,"minecraft:tuff":56,"minecraft:axolotl_bucket":185,"minecraft:polished_deepslate_stairs":2464,"minecraft:glass":1113,"minecraft:coal_ore":641,"minecraft:quartz_slab":19,"minecraft:iron_helmet":1,"minecraft:hopper_minecart":2,"minecraft:stone_bricks":6453,"minecraft:repeater":122,"minecraft:red_carpet":20,"minecraft:redstone_lamp":46,"minecraft:warped_fungus":24,"minecraft:scaffolding":2243,"minecraft:polished_diorite_stairs":1181,"minecraft:polished_blackstone_stairs":212,"minecraft:dark_oak_stairs":42,"minecraft:dark_oak_sign":112,"minecraft:ender_pearl":9,"minecraft:redstone_block":102,"minecraft:large_amethyst_bud":6,"minecraft:loom":1,"minecraft:deepslate_redstone_ore":47,"minecraft:sponge":73,"minecraft:blackstone_wall":6,"minecraft:dripstone_block":6,"minecraft:note_block":1,"minecraft:stone_brick_wall":516,"minecraft:cobbled_deepslate_stairs":21,"minecraft:shears":231,"minecraft:redstone_torch":94,"minecraft:black_concrete":116,"minecraft:firework_rocket":7187,"minecraft:heavy_weighted_pressure_plate":8,"minecraft:light_gray_concrete":18,"minecraft:cyan_bed":7,"minecraft:string":17,"minecraft:gravel":381,"minecraft:blackstone_slab":4,"minecraft:granite_slab":26,"minecraft:grindstone":148,"minecraft:medium_amethyst_bud":1,"minecraft:andesite":5026,"minecraft:deepslate_coal_ore":192,"minecraft:white_concrete":1025,"minecraft:tropical_fish_bucket":1,"minecraft:cobweb":21,"minecraft:azalea":29,"minecraft:purpur_block":27,"minecraft:redstone_ore":285,"minecraft:stone_shovel":131,"minecraft:spruce_planks":24,"minecraft:cut_copper_stairs":30,"minecraft:spyglass":70,"minecraft:white_carpet":20,"minecraft:hopper":740,"minecraft:spruce_stairs":32,"minecraft:cobblestone_wall":39,"minecraft:shulker_box":744,"minecraft:raw_iron_block":1,"minecraft:granite":103,"minecraft:andesite_wall":780,"minecraft:dark_oak_planks":156,"minecraft:stone_brick_slab":4835,"minecraft:bookshelf":74,"minecraft:polished_blackstone_brick_stairs":48,"minecraft:white_stained_glass_pane":600,"minecraft:stone_pressure_plate":1,"minecraft:red_dye":18,"minecraft:cooked_mutton":5,"minecraft:amethyst_block":206,"minecraft:iron_ore":590,"minecraft:polished_andesite":1708,"minecraft:andesite_slab":26,"minecraft:copper_block":137,"minecraft:black_shulker_box":10,"minecraft:beacon":17,"minecraft:stonecutter":46,"minecraft:cobblestone_slab":27,"minecraft:glow_item_frame":110,"minecraft:stripped_dark_oak_log":2,"minecraft:light_gray_concrete_powder":514,"minecraft:painting":21,"minecraft:dark_oak_door":11,"minecraft:smoker":9,"minecraft:map":23,"minecraft:netherite_axe":442,"minecraft:white_banner":2,"minecraft:bucket":3401,"minecraft:smooth_stone":1749},"minecraft:mined":{"minecraft:dragon_wall_head":1,"minecraft:cut_sandstone_slab":97,"minecraft:red_shulker_box":7,"minecraft:white_bed":81,"minecraft:cyan_shulker_box":18,"minecraft:light_blue_carpet":23,"minecraft:granite":8696,"minecraft:deepslate_tile_wall":29,"minecraft:oak_wall_sign":3,"minecraft:nether_wart":1,"minecraft:spawner":3,"minecraft:polished_blackstone_bricks":39,"minecraft:magma_block":92,"minecraft:dark_oak_trapdoor":14,"minecraft:fire":64,"minecraft:barrel":46,"minecraft:cobbled_deepslate":127,"minecraft:granite_slab":1,"minecraft:deepslate_lapis_ore":57,"minecraft:light_gray_concrete":515,"minecraft:white_banner":1,"minecraft:player_head":13,"minecraft:tripwire":9,"minecraft:sandstone_slab":15,"minecraft:cut_sandstone":7,"minecraft:blue_concrete_powder":1,"minecraft:kelp_plant":104,"minecraft:smoker":7,"minecraft:crimson_nylium":156,"minecraft:deepslate_tile_slab":636,"minecraft:torch":1343,"minecraft:white_stained_glass_pane":69,"minecraft:dead_bush":4,"minecraft:spruce_wall_sign":13,"minecraft:smooth_quartz_slab":17,"minecraft:lime_shulker_box":5,"minecraft:tube_coral_fan":2,"minecraft:sugar_cane":653,"minecraft:amethyst_block":552,"minecraft:white_terracotta":2,"minecraft:chain":17,"minecraft:repeater":38,"minecraft:tinted_glass":14,"minecraft:grass":1559,"minecraft:dark_oak_sapling":4,"minecraft:birch_button":3,"minecraft:smooth_quartz":8,"minecraft:smooth_basalt":82,"minecraft:stripped_crimson_stem":4,"minecraft:deepslate":14605,"minecraft:deepslate_tiles":745,"minecraft:mossy_cobblestone":18,"minecraft:dark_oak_log":1730,"minecraft:purple_candle":1,"minecraft:sea_lantern":65,"minecraft:end_stone":692,"minecraft:dark_oak_fence":21,"minecraft:spruce_fence":81,"minecraft:redstone_wire":263,"minecraft:redstone_ore":1195,"minecraft:light_blue_concrete_powder":1,"minecraft:andesite":11107,"minecraft:big_dripleaf_stem":6,"minecraft:cobblestone_slab":534,"minecraft:rail":134,"minecraft:bone_block":78,"minecraft:ender_chest":97,"minecraft:oak_slab":78,"minecraft:birch_stairs":3,"minecraft:redstone_block":50,"minecraft:glass_pane":58,"minecraft:soul_sand":195,"minecraft:lily_of_the_valley":11,"minecraft:dandelion":56,"minecraft:cornflower":23,"minecraft:warped_roots":33,"minecraft:campfire":39,"minecraft:purpur_pillar":13,"minecraft:tall_grass":427,"minecraft:copper_ore":1168,"minecraft:deepslate_gold_ore":94,"minecraft:diorite":9334,"minecraft:warped_wart_block":2,"minecraft:black_stained_glass":2682,"minecraft:red_terracotta":4,"minecraft:coarse_dirt":55,"minecraft:cobblestone_wall":39,"minecraft:dark_oak_wall_sign":35,"minecraft:weathered_cut_copper":1,"minecraft:gravel":8283,"minecraft:cobweb":115,"minecraft:brown_terracotta":68,"minecraft:oak_button":2,"minecraft:polished_blackstone":213,"minecraft:stone_bricks":2079,"minecraft:chipped_anvil":1,"minecraft:gold_ore":311,"minecraft:iron_trapdoor":280,"minecraft:fern":62,"minecraft:stone_pressure_plate":1,"minecraft:prismarine_wall":17,"minecraft:oak_sapling":2,"minecraft:farmland":20,"minecraft:spruce_trapdoor":85,"minecraft:budding_amethyst":13,"minecraft:white_concrete":212,"minecraft:polished_diorite":659,"minecraft:polished_blackstone_brick_slab":5,"minecraft:composter":17,"minecraft:pointed_dripstone":23,"minecraft:flowering_azalea_leaves":8,"minecraft:iron_bars":57,"minecraft:azalea":4,"minecraft:deepslate_redstone_ore":283,"minecraft:gray_terracotta":17,"minecraft:polished_blackstone_wall":13,"minecraft:medium_amethyst_bud":9,"minecraft:orange_terracotta":4,"minecraft:purpur_stairs":3,"minecraft:beacon":14,"minecraft:nether_quartz_ore":1918,"minecraft:oak_planks":159,"minecraft:wall_torch":717,"minecraft:cauldron":6,"minecraft:stone_stairs":36,"minecraft:warped_nylium":145,"minecraft:blue_terracotta":1,"minecraft:powered_rail":47,"minecraft:dark_oak_slab":154,"minecraft:smooth_stone_slab":76,"minecraft:oak_log":4433,"minecraft:dirt":48970,"minecraft:raw_copper_block":4,"minecraft:dispenser":18,"minecraft:ancient_debris":27,"minecraft:dark_oak_leaves":91,"minecraft:glow_lichen":1228,"minecraft:lever":33,"minecraft:ladder":22,"minecraft:stone_button":1,"minecraft:soul_campfire":1,"minecraft:birch_slab":2,"minecraft:spruce_leaves":76,"minecraft:crimson_stem":24,"minecraft:hay_block":13,"minecraft:heavy_weighted_pressure_plate":1,"minecraft:polished_basalt":74,"minecraft:nether_sprouts":26,"minecraft:peony":10,"minecraft:gold_block":2,"minecraft:nether_brick_fence":67,"minecraft:bookshelf":38,"minecraft:deepslate_iron_ore":368,"minecraft:shroomlight":183,"minecraft:stripped_oak_log":910,"minecraft:wet_sponge":72,"minecraft:scaffolding":475,"minecraft:magenta_stained_glass":1,"minecraft:stripped_dark_oak_log":15,"minecraft:basalt":1415,"minecraft:polished_granite":1,"minecraft:oak_fence":2,"minecraft:stone_slab":220,"minecraft:deepslate_coal_ore":735,"minecraft:red_concrete":93,"minecraft:prismarine_bricks":41,"minecraft:birch_planks":9,"minecraft:sea_pickle":17,"minecraft:polished_blackstone_slab":32,"minecraft:bee_nest":2,"minecraft:black_wool":36,"minecraft:small_dripleaf":1,"minecraft:dark_oak_planks":30,"minecraft:polished_granite_slab":10,"minecraft:obsidian":299,"minecraft:stone_brick_wall":145,"minecraft:horn_coral_fan":2,"minecraft:deepslate_bricks":1146,"minecraft:coal_block":11,"minecraft:deepslate_tile_stairs":338,"minecraft:purpur_slab":8,"minecraft:crimson_fungus":1,"minecraft:hopper":156,"minecraft:oxeye_daisy":28,"minecraft:chiseled_stone_bricks":14,"minecraft:orange_concrete":535,"minecraft:weeping_vines_plant":1,"minecraft:tall_seagrass":59,"minecraft:sticky_piston":40,"minecraft:moss_carpet":300,"minecraft:enchanting_table":2,"minecraft:cave_vines":7,"minecraft:polished_deepslate_slab":116,"minecraft:water_cauldron":1,"minecraft:dirt_path":171,"minecraft:oak_stairs":81,"minecraft:small_amethyst_bud":2,"minecraft:quartz_slab":3,"minecraft:deepslate_brick_stairs":108,"minecraft:smooth_sandstone_stairs":183,"minecraft:iron_block":2525,"minecraft:piston_head":4,"minecraft:brown_mushroom":11,"minecraft:red_bed":1,"minecraft:player_wall_head":14,"minecraft:soul_fire":2,"minecraft:amethyst_cluster":137,"minecraft:blast_furnace":10,"minecraft:polished_andesite_stairs":19,"minecraft:polished_diorite_slab":128,"minecraft:glass":772,"minecraft:cyan_bed":1,"minecraft:damaged_anvil":2,"minecraft:smooth_sandstone_slab":68,"minecraft:polished_diorite_stairs":142,"minecraft:wheat":828,"minecraft:lilac":1,"minecraft:warped_fungus":7,"minecraft:stone_brick_stairs":399,"minecraft:copper_block":2,"minecraft:prismarine_brick_stairs":6,"minecraft:oak_fence_gate":1,"minecraft:loom":1,"minecraft:red_mushroom_block":62,"minecraft:stonecutter":44,"minecraft:piston":36,"minecraft:stripped_birch_log":4,"minecraft:shulker_box":701,"minecraft:nether_bricks":223,"minecraft:cobbled_deepslate_slab":7,"minecraft:moss_block":1771,"minecraft:kelp":21,"minecraft:black_stained_glass_pane":92,"minecraft:potatoes":735,"minecraft:smooth_quartz_stairs":5,"minecraft:bamboo_sapling":1,"minecraft:bamboo":79,"minecraft:cut_copper":2,"minecraft:white_wool":46,"minecraft:comparator":37,"minecraft:stone_brick_slab":784,"minecraft:observer":63,"minecraft:smooth_sandstone":9,"minecraft:light_gray_concrete_powder":2,"minecraft:spruce_button":4,"minecraft:sponge":1,"minecraft:dropper":6,"minecraft:big_dripleaf":4,"minecraft:white_carpet":21,"minecraft:spruce_log":3449,"minecraft:birch_leaves":36,"minecraft:dark_oak_sign":7,"minecraft:dripstone_block":8,"minecraft:spruce_fence_gate":37,"minecraft:black_shulker_box":2,"minecraft:large_amethyst_bud":10,"minecraft:spruce_planks":24,"minecraft:cobbled_deepslate_stairs":3,"minecraft:cobblestone_stairs":4,"minecraft:cave_vines_plant":2,"minecraft:grass_block":40973,"minecraft:blue_concrete":303,"minecraft:smooth_stone":471,"minecraft:raw_iron_block":1,"minecraft:glowstone":54,"minecraft:iron_ore":2440,"minecraft:black_carpet":2,"minecraft:anvil":7,"minecraft:azure_bluet":30,"minecraft:dark_oak_stairs":5,"minecraft:azalea_leaves":25,"minecraft:end_stone_bricks":24,"minecraft:blackstone":978,"minecraft:polished_deepslate_stairs":297,"minecraft:soul_lantern":5,"minecraft:chiseled_quartz_block":2,"minecraft:clay":4,"minecraft:calcite":1040,"minecraft:poppy":95,"minecraft:chest":158,"minecraft:mushroom_stem":6,"minecraft:cobblestone":2568,"minecraft:grindstone":72,"minecraft:prismarine":129,"minecraft:iron_door":1,"minecraft:deepslate_copper_ore":91,"minecraft:seagrass":39,"minecraft:dark_oak_door":7,"minecraft:nether_wart_block":43,"minecraft:birch_log":1126,"minecraft:lapis_block":29,"minecraft:purpur_block":41,"minecraft:diorite_wall":9,"minecraft:sand":57455,"minecraft:netherrack":20497,"minecraft:polished_deepslate_wall":153,"minecraft:oak_leaves":1221,"minecraft:redstone_lamp":11,"minecraft:nether_gold_ore":76,"minecraft:tube_coral":2,"minecraft:diamond_ore":293,"minecraft:red_carpet":16,"minecraft:tuff":597,"minecraft:deepslate_diamond_ore":88,"minecraft:blackstone_wall":6,"minecraft:white_stained_glass":318,"minecraft:polished_andesite_slab":1,"minecraft:sandstone":4917,"minecraft:rooted_dirt":1,"minecraft:large_fern":9,"minecraft:spore_blossom":2,"minecraft:deepslate_brick_slab":464,"minecraft:oxidized_cut_copper":2,"minecraft:oak_trapdoor":64,"minecraft:spruce_sapling":18,"minecraft:furnace":17,"minecraft:dark_oak_fence_gate":16,"minecraft:stripped_spruce_log":2,"minecraft:black_concrete":143,"minecraft:chiseled_deepslate":14,"minecraft:polished_deepslate":437,"minecraft:lantern":19,"minecraft:packed_ice":555,"minecraft:chorus_plant":14,"minecraft:stone":183830,"minecraft:white_tulip":2,"minecraft:redstone_wall_torch":20,"minecraft:podzol":6,"minecraft:flowering_azalea":10,"minecraft:red_wool":13,"minecraft:cut_copper_stairs":4,"minecraft:crafting_table":42,"minecraft:blackstone_slab":4,"minecraft:rose_bush":5,"minecraft:lectern":8,"minecraft:andesite_wall":231,"minecraft:lapis_ore":148,"minecraft:spruce_stairs":4,"minecraft:cactus":10,"minecraft:polished_blackstone_stairs":59,"minecraft:redstone_torch":12,"minecraft:coal_ore":5052,"minecraft:end_rod":15,"minecraft:polished_andesite":603},"minecraft:picked_up":{"minecraft:suspicious_stew":1,"minecraft:lead":14,"minecraft:stone_slab":225,"minecraft:enchanted_book":8,"minecraft:blue_concrete":303,"minecraft:polished_deepslate":426,"minecraft:string":164,"minecraft:pufferfish":7,"minecraft:shroomlight":183,"minecraft:diamond_leggings":2,"minecraft:diamond_ore":63,"minecraft:polished_blackstone_brick_slab":4,"minecraft:polished_blackstone_stairs":59,"minecraft:big_dripleaf":452,"minecraft:purpur_pillar":14,"minecraft:cut_copper_stairs":4,"minecraft:golden_chestplate":9,"minecraft:cauldron":7,"minecraft:stone_sword":9,"minecraft:horn_coral_fan":2,"minecraft:blackstone_wall":6,"minecraft:polished_basalt":73,"minecraft:carved_pumpkin":2,"minecraft:end_rod":15,"minecraft:glowstone":54,"minecraft:bookshelf":38,"minecraft:white_terracotta":1,"minecraft:blaze_rod":65,"minecraft:iron_bars":57,"minecraft:snowball":22,"minecraft:sponge":1,"minecraft:cooked_beef":171,"minecraft:feather":34,"minecraft:medium_amethyst_bud":1,"minecraft:water_bucket":8,"minecraft:dark_oak_boat":19,"minecraft:copper_block":89,"minecraft:flint":33,"minecraft:lantern":44,"minecraft:large_amethyst_bud":7,"minecraft:stonecutter":45,"minecraft:dark_oak_sign":61,"minecraft:diamond_helmet":2,"minecraft:glow_lichen":1206,"minecraft:stripped_crimson_stem":4,"minecraft:stripped_spruce_log":2,"minecraft:polished_andesite":543,"minecraft:deepslate":1548,"minecraft:lever":39,"minecraft:granite":6024,"minecraft:spruce_button":4,"minecraft:deepslate_coal_ore":273,"minecraft:rooted_dirt":1,"minecraft:crimson_roots":33,"minecraft:diamond_pickaxe":4,"minecraft:bee_nest":2,"minecraft:leather_leggings":10,"minecraft:redstone_lamp":11,"minecraft:dragon_head":1,"minecraft:purpur_block":34,"minecraft:heavy_weighted_pressure_plate":1,"minecraft:cornflower":22,"minecraft:elytra":4,"minecraft:flint_and_steel":1,"minecraft:white_stained_glass":307,"minecraft:white_carpet":28,"minecraft:polished_blackstone_wall":13,"minecraft:glass_pane":47,"minecraft:netherite_sword":2,"minecraft:poppy":145,"minecraft:spruce_slab":6,"minecraft:minecart":12,"minecraft:birch_sapling":134,"minecraft:piston":36,"minecraft:copper_ore":644,"minecraft:lime_shulker_box":5,"minecraft:black_stained_glass":2650,"minecraft:stone":111448,"minecraft:netherite_pickaxe":5,"minecraft:cyan_shulker_box":18,"minecraft:diamond_chestplate":4,"minecraft:hay_block":13,"minecraft:purpur_slab":7,"minecraft:polished_blackstone":195,"minecraft:mutton":5,"minecraft:rail":369,"minecraft:bone_block":78,"minecraft:oxeye_daisy":28,"minecraft:birch_leaves":1,"minecraft:clock":2,"minecraft:yellow_dye":3,"minecraft:blackstone_slab":4,"minecraft:purpur_stairs":2,"minecraft:lily_pad":2,"minecraft:paper":12,"minecraft:apple":94,"minecraft:oak_fence_gate":1,"minecraft:spore_blossom":2,"minecraft:iron_ore":1292,"minecraft:magenta_stained_glass":1,"minecraft:dark_oak_stairs":5,"minecraft:polished_andesite_stairs":36,"minecraft:smooth_basalt":87,"minecraft:red_wool":13,"minecraft:leather_helmet":2,"minecraft:diamond_shovel":3,"minecraft:coal_ore":2666,"minecraft:slime_ball":349,"minecraft:painting":17,"minecraft:deepslate_redstone_ore":64,"minecraft:birch_sign":12,"minecraft:baked_potato":55,"minecraft:smooth_quartz_slab":25,"minecraft:hopper":149,"minecraft:black_carpet":2,"minecraft:ender_chest":101,"minecraft:nether_brick_fence":67,"minecraft:stone_brick_stairs":434,"minecraft:lapis_block":29,"minecraft:deepslate_lapis_ore":10,"minecraft:experience_bottle":1,"minecraft:smooth_stone":442,"minecraft:comparator":76,"minecraft:bucket":19,"minecraft:white_tulip":4,"minecraft:rose_bush":3,"minecraft:cobblestone_slab":642,"minecraft:azalea":45,"minecraft:smooth_quartz":8,"minecraft:smooth_quartz_stairs":5,"minecraft:deepslate_iron_ore":120,"minecraft:polished_deepslate_stairs":279,"minecraft:spruce_stairs":4,"minecraft:netherite_shovel":1,"minecraft:diorite":7551,"minecraft:andesite_wall":346,"minecraft:rotten_flesh":871,"minecraft:deepslate_copper_ore":31,"minecraft:deepslate_brick_stairs":93,"minecraft:obsidian":285,"minecraft:cobblestone":16802,"minecraft:enchanting_table":2,"minecraft:leather_chestplate":7,"minecraft:lilac":4,"minecraft:repeater":59,"minecraft:andesite":8594,"minecraft:golden_leggings":3,"minecraft:beacon":14,"minecraft:potato":2944,"minecraft:smooth_sandstone_stairs":183,"minecraft:prismarine_bricks":41,"minecraft:dirt":38954,"minecraft:stripped_birch_log":4,"minecraft:cut_sandstone_slab":102,"minecraft:glass":825,"minecraft:bone":1567,"minecraft:bow":89,"minecraft:wheat_seeds":2602,"minecraft:grindstone":73,"minecraft:netherite_axe":1,"minecraft:bamboo":1055,"minecraft:prismarine":129,"minecraft:diorite_wall":9,"minecraft:black_stained_glass_pane":91,"minecraft:grass_block":33924,"minecraft:diamond_block":43,"minecraft:mossy_cobblestone":5,"minecraft:slime_block":88,"minecraft:netherite_helmet":2,"minecraft:soul_lantern":5,"minecraft:crossbow":3,"minecraft:grass":383,"minecraft:bone_meal":2119,"minecraft:golden_apple":2,"minecraft:spruce_sign":20,"minecraft:netherrack":15282,"minecraft:chorus_fruit":125,"minecraft:oak_leaves":325,"minecraft:azure_bluet":37,"minecraft:ladder":62,"minecraft:brown_mushroom":11,"minecraft:packed_ice":544,"minecraft:stone_brick_wall":130,"minecraft:chain":23,"minecraft:moss_carpet":927,"minecraft:oak_trapdoor":63,"minecraft:blackstone":1029,"minecraft:end_stone":690,"minecraft:flowering_azalea_leaves":1,"minecraft:polished_blackstone_bricks":39,"minecraft:cookie":5,"minecraft:trident":1,"minecraft:brown_dye":2,"minecraft:purple_candle":4,"minecraft:blue_concrete_powder":1,"minecraft:red_shulker_box":7,"minecraft:weeping_vines":1,"minecraft:tube_coral":2,"minecraft:nether_bricks":221,"minecraft:netherite_boots":2,"minecraft:basalt":1373,"minecraft:golden_carrot":17,"minecraft:leather":179,"minecraft:crimson_fungus":12,"minecraft:chainmail_chestplate":1,"minecraft:cobblestone_wall":26,"minecraft:cobbled_deepslate_stairs":1,"minecraft:gunpowder":165,"minecraft:red_carpet":20,"minecraft:iron_ingot":409,"minecraft:cooked_chicken":27,"minecraft:polished_andesite_slab":2,"minecraft:nether_quartz_ore":927,"minecraft:warped_fungus":93,"minecraft:stone_brick_slab":924,"minecraft:quartz":1275,"minecraft:dandelion":95,"minecraft:amethyst_shard":1042,"minecraft:light_blue_concrete_powder":1,"minecraft:polished_diorite_stairs":136,"minecraft:white_concrete_powder":192,"minecraft:prismarine_wall":15,"minecraft:chainmail_leggings":4,"minecraft:damaged_anvil":3,"minecraft:chainmail_boots":3,"minecraft:prismarine_shard":1,"minecraft:anvil":7,"minecraft:diamond_sword":3,"minecraft:oak_stairs":81,"minecraft:birch_button":4,"minecraft:golden_sword":1,"minecraft:polished_deepslate_wall":152,"minecraft:amethyst_block":522,"minecraft:dark_oak_trapdoor":14,"minecraft:gold_nugget":36,"minecraft:cobbled_deepslate":11866,"minecraft:spruce_planks":26,"minecraft:written_book":4,"minecraft:azalea_leaves":5,"minecraft:coal_block":120,"minecraft:dark_oak_door":7,"minecraft:golden_helmet":10,"minecraft:composter":22,"minecraft:deepslate_tile_stairs":334,"minecraft:tropical_fish":24,"minecraft:iron_block":2618,"minecraft:netherite_chestplate":1,"minecraft:birch_log":1125,"minecraft:magma_block":79,"minecraft:polished_diorite_slab":135,"minecraft:iron_door":2,"minecraft:birch_slab":6,"minecraft:powder_snow_bucket":1,"minecraft:smoker":6,"minecraft:netherite_leggings":2,"minecraft:light_gray_concrete_powder":2,"minecraft:chipped_anvil":1,"minecraft:gray_terracotta":15,"minecraft:moss_block":2179,"minecraft:warped_wart_block":2,"minecraft:dropper":6,"minecraft:granite_slab":1,"minecraft:ink_sac":585,"minecraft:loom":1,"minecraft:barrel":46,"minecraft:dark_oak_log":2042,"minecraft:red_terracotta":6,"minecraft:dispenser":17,"minecraft:polished_granite_slab":7,"minecraft:writable_book":3,"minecraft:deepslate_gold_ore":29,"minecraft:bread":22,"minecraft:dark_oak_fence":21,"minecraft:spruce_leaves":18,"minecraft:coarse_dirt":50,"minecraft:crafting_table":42,"minecraft:sandstone_slab":14,"minecraft:nether_wart":1,"minecraft:deepslate_diamond_ore":28,"minecraft:beef":225,"minecraft:iron_nugget":37,"minecraft:chest":186,"minecraft:egg":54,"minecraft:raw_copper_block":4,"minecraft:sandstone":4769,"minecraft:polished_deepslate_slab":119,"minecraft:glow_item_frame":14,"minecraft:amethyst_cluster":26,"minecraft:spruce_fence":82,"minecraft:carrot":997,"minecraft:redstone":5848,"minecraft:mushroom_stem":6,"minecraft:cooked_cod":1,"minecraft:tube_coral_fan":2,"minecraft:peony":29,"minecraft:deepslate_bricks":1136,"minecraft:diamond_boots":2,"minecraft:cut_copper":2,"minecraft:glow_berries":2259,"minecraft:white_wool":84,"minecraft:lapis_ore":71,"minecraft:stripped_oak_log":827,"minecraft:red_mushroom_block":61,"minecraft:filled_map":138,"minecraft:oak_log":4451,"minecraft:ancient_debris":27,"minecraft:golden_boots":5,"minecraft:white_banner":3,"minecraft:stone_bricks":2580,"minecraft:kelp":705,"minecraft:cobweb":21,"minecraft:iron_sword":1,"minecraft:flowering_azalea":109,"minecraft:prismarine_brick_stairs":6,"minecraft:white_stained_glass_pane":66,"minecraft:dark_oak_slab":163,"minecraft:gravel":5716,"minecraft:birch_stairs":3,"minecraft:spruce_sapling":282,"minecraft:spruce_log":4418,"minecraft:sea_lantern":65,"minecraft:firework_rocket":95,"minecraft:polished_diorite":629,"minecraft:light_blue_carpet":18,"minecraft:redstone_ore":303,"minecraft:diamond_axe":3,"minecraft:warped_roots":648,"minecraft:oak_button":2,"minecraft:warped_nylium":145,"minecraft:stripped_dark_oak_log":15,"minecraft:crimson_nylium":148,"minecraft:ender_pearl":11378,"minecraft:shulker_shell":133,"minecraft:chiseled_deepslate":14,"minecraft:wheat":903,"minecraft:redstone_block":172,"minecraft:iron_trapdoor":274,"minecraft:potion":11,"minecraft:raw_copper":3088,"minecraft:smooth_stone_slab":77,"minecraft:armor_stand":1,"minecraft:sticky_piston":43,"minecraft:oak_sign":6,"minecraft:sea_pickle":36,"minecraft:deepslate_tiles":831,"minecraft:black_shulker_box":2,"minecraft:dark_oak_leaves":8,"minecraft:redstone_torch":43,"minecraft:calcite":1028,"minecraft:deepslate_tile_wall":29,"minecraft:furnace":11,"minecraft:stick":805,"minecraft:brown_terracotta":320,"minecraft:oak_fence":4,"minecraft:torch":4065,"minecraft:porkchop":2,"minecraft:pointed_dripstone":31,"minecraft:nether_gold_ore":40,"minecraft:cactus":51,"minecraft:cod":86,"minecraft:nautilus_shell":1,"minecraft:magma_cream":84,"minecraft:chiseled_quartz_block":2,"minecraft:tuff":496,"minecraft:wither_skeleton_skull":3,"minecraft:lapis_lazuli":1520,"minecraft:weathered_cut_copper":1,"minecraft:polished_granite":1,"minecraft:leather_boots":14,"minecraft:raw_gold":478,"minecraft:deepslate_brick_slab":491,"minecraft:cobbled_deepslate_slab":8,"minecraft:powered_rail":95,"minecraft:oak_planks":171,"minecraft:ghast_tear":1,"minecraft:cooked_porkchop":53,"minecraft:polished_blackstone_slab":39,"minecraft:axolotl_bucket":1,"minecraft:poisonous_potato":16,"minecraft:sand":56198,"minecraft:lily_of_the_valley":14,"minecraft:cyan_bed":1,"minecraft:shulker_box":693,"minecraft:light_gray_concrete":423,"minecraft:spruce_fence_gate":37,"minecraft:clay":4,"minecraft:black_concrete":143,"minecraft:diamond":635,"minecraft:white_concrete":724,"minecraft:oak_sapling":616,"minecraft:nether_star":2,"minecraft:end_stone_bricks":24,"minecraft:fishing_rod":1,"minecraft:cocoa_beans":4,"minecraft:chicken":3,"minecraft:wooden_pickaxe":1,"minecraft:gold_block":2,"minecraft:stone_stairs":35,"minecraft:orange_concrete":91,"minecraft:quartz_slab":3,"minecraft:item_frame":114,"minecraft:oak_boat":9,"minecraft:player_head":130,"minecraft:observer":63,"minecraft:lectern":8,"minecraft:tinted_glass":14,"minecraft:sugar_cane":1243,"minecraft:phantom_membrane":23,"minecraft:spruce_trapdoor":85,"minecraft:dark_oak_sapling":121,"minecraft:raw_iron":2766,"minecraft:copper_ingot":73,"minecraft:stone_button":3,"minecraft:dark_oak_planks":108,"minecraft:smooth_sandstone_slab":66,"minecraft:arrow":2784,"minecraft:soul_campfire":1,"minecraft:wet_sponge":72,"minecraft:glow_ink_sac":707,"minecraft:crimson_stem":24,"minecraft:salmon":4,"minecraft:cut_sandstone":5,"minecraft:birch_planks":19,"minecraft:nether_wart_block":43,"minecraft:cobblestone_stairs":20,"minecraft:deepslate_tile_slab":866,"minecraft:smooth_sandstone":9,"minecraft:oxidized_cut_copper":2,"minecraft:soul_sand":159,"minecraft:oak_slab":77,"minecraft:scaffolding":1683,"minecraft:chiseled_stone_bricks":14,"minecraft:dripstone_block":8,"minecraft:raw_iron_block":1,"minecraft:blast_furnace":5,"minecraft:white_bed":84,"minecraft:gold_ore":140,"minecraft:dark_oak_fence_gate":87,"minecraft:spider_eye":46,"minecraft:campfire":39,"minecraft:black_wool":35,"minecraft:red_concrete":93,"minecraft:coal":5303},"minecraft:crafted":{"minecraft:black_dye":2541,"minecraft:oak_sign":6,"minecraft:polished_deepslate_wall":6,"minecraft:blaze_powder":2,"minecraft:chain":57,"minecraft:diamond_shovel":6,"minecraft:gray_wool":26,"minecraft:shulker_box":50,"minecraft:diamond_helmet":7,"minecraft:beacon":1,"minecraft:light_blue_concrete_powder":256,"minecraft:stone_pressure_plate":17,"minecraft:iron_door":36,"minecraft:redstone_lamp":54,"minecraft:end_rod":128,"minecraft:soul_campfire":38,"minecraft:glow_item_frame":109,"minecraft:raw_gold_block":10,"minecraft:smithing_table":1,"minecraft:sticky_piston":33,"minecraft:polished_deepslate_slab":60,"minecraft:painting":4,"minecraft:stone_brick_stairs":65,"minecraft:golden_leggings":1,"minecraft:stone_slab":276,"minecraft:iron_pickaxe":19,"minecraft:sandstone":1399,"minecraft:netherite_ingot":6,"minecraft:composter":7,"minecraft:cyan_wool":48,"minecraft:iron_nugget":2960,"minecraft:spyglass":1,"minecraft:diamond_hoe":2,"minecraft:soul_torch":176,"minecraft:prismarine_brick_stairs":15,"minecraft:spruce_fence":345,"minecraft:moss_carpet":213,"minecraft:stone_stairs":126,"minecraft:lantern":284,"minecraft:spruce_stairs":64,"minecraft:polished_diorite":81,"minecraft:black_concrete_powder":128,"minecraft:red_shulker_box":1,"minecraft:stone_pickaxe":3,"minecraft:spruce_boat":2,"minecraft:chainmail_leggings":1,"minecraft:enchanting_table":2,"minecraft:cyan_bed":6,"minecraft:light_blue_wool":32,"minecraft:leather_helmet":1,"minecraft:dark_oak_button":34,"minecraft:red_carpet":27,"minecraft:deepslate_tiles":7,"minecraft:orange_dye":64,"minecraft:light_blue_carpet":48,"minecraft:oak_fence_gate":1,"minecraft:soul_lantern":69,"minecraft:writable_book":1,"minecraft:black_stained_glass_pane":480,"minecraft:note_block":1,"minecraft:grindstone":90,"minecraft:cobblestone_slab":24,"minecraft:barrel":196,"minecraft:lightning_rod":3,"minecraft:stone":314,"minecraft:heavy_weighted_pressure_plate":29,"minecraft:stone_brick_slab":252,"minecraft:bow":44,"minecraft:spore_blossom":16,"minecraft:comparator":126,"minecraft:polished_basalt":72,"minecraft:chest":1411,"minecraft:netherite_helmet":1,"minecraft:oak_button":1,"minecraft:copper_block":215,"minecraft:rail":608,"minecraft:blue_concrete_powder":160,"minecraft:birch_button":3,"minecraft:ender_eye":1,"minecraft:stone_bricks":3268,"minecraft:golden_boots":1,"minecraft:dropper":3,"minecraft:arrow":64,"minecraft:cauldron":196,"minecraft:iron_helmet":1,"minecraft:red_wool":32,"minecraft:white_stained_glass_pane":608,"minecraft:dispenser":6,"minecraft:tnt":691,"minecraft:spruce_trapdoor":330,"minecraft:yellow_dye":33,"minecraft:purple_dye":4,"minecraft:stick":5761,"minecraft:iron_ingot":7965,"minecraft:dark_oak_fence_gate":68,"minecraft:polished_diorite_stairs":16,"minecraft:deepslate_tile_slab":226,"minecraft:small_dripleaf":71,"minecraft:stone_brick_wall":13,"minecraft:netherite_sword":1,"minecraft:leather_boots":3,"minecraft:golden_chestplate":1,"minecraft:spruce_button":2,"minecraft:furnace":15,"minecraft:blast_furnace":5,"minecraft:piston":112,"minecraft:raw_copper_block":44,"minecraft:oak_trapdoor":222,"minecraft:flint_and_steel":6,"minecraft:scaffolding":990,"minecraft:netherite_chestplate":1,"minecraft:honey_block":32,"minecraft:smooth_sandstone_stairs":81,"minecraft:iron_trapdoor":837,"minecraft:polished_blackstone_wall":16,"minecraft:iron_sword":1,"minecraft:white_dye":658,"minecraft:netherite_shovel":2,"minecraft:stonecutter":2,"minecraft:anvil":12,"minecraft:torch":5776,"minecraft:diamond_chestplate":3,"minecraft:ender_chest":1,"minecraft:smooth_stone":16,"minecraft:oak_pressure_plate":1,"minecraft:birch_slab":218,"minecraft:loom":1,"minecraft:polished_blackstone_slab":4,"minecraft:lever":17,"minecraft:bookshelf":35,"minecraft:cooked_mutton":5,"minecraft:iron_bars":944,"minecraft:red_concrete_powder":64,"minecraft:deepslate_brick_stairs":10,"minecraft:quartz_block":320,"minecraft:glass":748,"minecraft:repeater":150,"minecraft:diamond_leggings":3,"minecraft:netherite_boots":1,"minecraft:chiseled_quartz_block":32,"minecraft:magenta_dye":52,"minecraft:emerald":4,"minecraft:diamond_axe":3,"minecraft:copper_ingot":2,"minecraft:campfire":265,"minecraft:chiseled_deepslate":6,"minecraft:compass":47,"minecraft:iron_block":2191,"minecraft:gold_ingot":119,"minecraft:light_gray_dye":14,"minecraft:spruce_fence_gate":170,"minecraft:birch_stairs":80,"minecraft:stone_shovel":3,"minecraft:leather_leggings":1,"minecraft:polished_deepslate_stairs":30,"minecraft:tinted_glass":1102,"minecraft:bone_meal":17945,"minecraft:pink_dye":224,"minecraft:white_carpet":48,"minecraft:netherite_axe":1,"minecraft:diamond":288,"minecraft:dark_oak_fence":36,"minecraft:ladder":129,"minecraft:spruce_slab":84,"minecraft:diamond_boots":5,"minecraft:cobbled_deepslate_stairs":20,"minecraft:deepslate_tile_wall":24,"minecraft:redstone_block":626,"minecraft:dark_oak_planks":4608,"minecraft:golden_helmet":1,"minecraft:wheat":117,"minecraft:coal_block":360,"minecraft:netherite_pickaxe":2,"minecraft:polished_blackstone_brick_slab":4,"minecraft:deepslate_brick_slab":72,"minecraft:sandstone_slab":18,"minecraft:glowstone":17,"minecraft:white_stained_glass":3072,"minecraft:golden_apple":12,"minecraft:cyan_shulker_box":1,"minecraft:oak_stairs":272,"minecraft:deepslate_tile_stairs":30,"minecraft:iron_leggings":1,"minecraft:white_bed":10,"minecraft:oak_planks":10856,"minecraft:dark_oak_boat":1,"minecraft:cobblestone_stairs":28,"minecraft:green_dye":15,"minecraft:dark_oak_door":54,"minecraft:hopper":615,"minecraft:iron_boots":1,"minecraft:raw_copper":396,"minecraft:blackstone_wall":9,"minecraft:stone_hoe":2,"minecraft:raw_iron_block":42,"minecraft:smoker":2,"minecraft:item_frame":138,"minecraft:oak_slab":300,"minecraft:map":47,"minecraft:crafting_table":34,"minecraft:spruce_planks":5030,"minecraft:wooden_pickaxe":1,"minecraft:baked_potato":84,"minecraft:hopper_minecart":2,"minecraft:birch_planks":900,"minecraft:black_shulker_box":8,"minecraft:iron_chestplate":1,"minecraft:dark_oak_slab":696,"minecraft:book":105,"minecraft:paper":2964,"minecraft:diamond_pickaxe":11,"minecraft:shield":1,"minecraft:light_blue_dye":66,"minecraft:leather_chestplate":3,"minecraft:stone_sword":17,"minecraft:redstone_torch":780,"minecraft:shears":7,"minecraft:polished_andesite":88,"minecraft:coarse_dirt":544,"minecraft:cobbled_deepslate_slab":38,"minecraft:raw_iron":378,"minecraft:redstone":2187,"minecraft:coal":3375,"minecraft:stone_button":99,"minecraft:dark_oak_trapdoor":22,"minecraft:gray_dye":160,"minecraft:dark_oak_sign":87,"minecraft:diamond_block":98,"minecraft:glass_pane":384,"minecraft:netherite_leggings":1,"minecraft:polished_deepslate":26,"minecraft:iron_axe":1,"minecraft:iron_hoe":1,"minecraft:orange_concrete_powder":512,"minecraft:filled_map":53,"minecraft:netherite_scrap":24,"minecraft:minecart":3,"minecraft:observer":79,"minecraft:cooked_beef":246,"minecraft:red_dye":290,"minecraft:cooked_cod":15,"minecraft:bone_block":324,"minecraft:diamond_sword":6,"minecraft:cyan_dye":76,"minecraft:dark_oak_stairs":40,"minecraft:spruce_sign":24,"minecraft:powered_rail":108,"minecraft:bucket":91,"minecraft:stone_axe":2,"minecraft:air":0,"minecraft:bread":227,"minecraft:black_stained_glass":18984,"minecraft:blue_dye":115,"minecraft:cut_copper":8,"minecraft:oak_boat":1,"minecraft:white_wool":271,"minecraft:raw_gold":90,"minecraft:blackstone_slab":4,"minecraft:lapis_lazuli":693,"minecraft:lapis_block":179,"minecraft:firework_rocket":5751},"minecraft:dropped":{"minecraft:iron_sword":1,"minecraft:lapis_lazuli":39,"minecraft:glow_ink_sac":488,"minecraft:diamond":207,"minecraft:crafting_table":1,"minecraft:cooked_porkchop":2,"minecraft:glow_berries":3,"minecraft:warped_roots":633,"minecraft:writable_book":3,"minecraft:gold_nugget":1,"minecraft:sand":318,"minecraft:dark_oak_planks":9,"minecraft:fishing_rod":1,"minecraft:stone_axe":2,"minecraft:lever":1,"minecraft:iron_nugget":30,"minecraft:cooked_chicken":13,"minecraft:cobbled_deepslate":587,"minecraft:obsidian":1,"minecraft:rotten_flesh":1052,"minecraft:oak_planks":10,"minecraft:nether_brick_fence":3,"minecraft:azure_bluet":16,"minecraft:red_mushroom_block":45,"minecraft:coal_ore":239,"minecraft:leather_leggings":3,"minecraft:glass":642,"minecraft:golden_boots":1,"minecraft:wheat_seeds":211,"minecraft:clock":1,"minecraft:deepslate_redstone_ore":2,"minecraft:golden_apple":2,"minecraft:dark_oak_leaves":6,"minecraft:ink_sac":3,"minecraft:lapis_ore":5,"minecraft:potion":10,"minecraft:stone_brick_slab":35,"minecraft:player_head":22,"minecraft:sticky_piston":2,"minecraft:stone_shovel":2,"minecraft:white_carpet":7,"minecraft:damaged_anvil":1,"minecraft:white_terracotta":3,"minecraft:oak_sign":2,"minecraft:suspicious_stew":1,"minecraft:diamond_sword":1,"minecraft:peony":2,"minecraft:spruce_trapdoor":12,"minecraft:diamond_pickaxe":1,"minecraft:redstone_torch":2,"minecraft:stone_bricks":25,"minecraft:barrel":1,"minecraft:bamboo":22,"minecraft:sandstone":22,"minecraft:bow":15,"minecraft:magma_block":2,"minecraft:soul_sand":66,"minecraft:moss_block":188,"minecraft:oak_log":64,"minecraft:ender_pearl":9960,"minecraft:loom":1,"minecraft:dark_oak_sapling":5,"minecraft:leather":6,"minecraft:cod":7,"minecraft:cobblestone_stairs":16,"minecraft:packed_ice":5,"minecraft:dark_oak_log":2,"minecraft:polished_diorite_stairs":1,"minecraft:axolotl_bucket":2,"minecraft:cauldron":194,"minecraft:pointed_dripstone":9,"minecraft:mushroom_stem":6,"minecraft:iron_ore":289,"minecraft:birch_button":3,"minecraft:iron_bars":54,"minecraft:light_gray_concrete_powder":64,"minecraft:stone_hoe":1,"minecraft:bread":230,"minecraft:golden_helmet":2,"minecraft:lilac":4,"minecraft:tropical_fish":5,"minecraft:iron_block":109,"minecraft:repeater":22,"minecraft:stonecutter":1,"minecraft:cactus":21,"minecraft:redstone_block":1,"minecraft:kelp":1,"minecraft:comparator":39,"minecraft:deepslate_bricks":1,"minecraft:copper_ore":76,"minecraft:gray_terracotta":21,"minecraft:oak_button":1,"minecraft:andesite":1806,"minecraft:golden_leggings":1,"minecraft:oak_sapling":6,"minecraft:spruce_log":30,"minecraft:wooden_pickaxe":2,"minecraft:magma_cream":53,"minecraft:piston":1,"minecraft:cooked_beef":9,"minecraft:crossbow":3,"minecraft:dark_oak_button":32,"minecraft:elytra":1,"minecraft:rail":7,"minecraft:dirt":5092,"minecraft:stone_button":65,"minecraft:deepslate_coal_ore":3,"minecraft:bone_meal":1039,"minecraft:phantom_membrane":17,"minecraft:iron_pickaxe":1,"minecraft:bone":266,"minecraft:sugar_cane":2,"minecraft:golden_chestplate":3,"minecraft:white_bed":3,"minecraft:hopper":2,"minecraft:ladder":16,"minecraft:egg":12,"minecraft:iron_ingot":106,"minecraft:netherite_pickaxe":3,"minecraft:oak_fence":2,"minecraft:cobblestone":5135,"minecraft:feather":16,"minecraft:granite":2778,"minecraft:coal":90,"minecraft:pufferfish":1,"minecraft:oxeye_daisy":10,"minecraft:golden_carrot":15,"minecraft:iron_trapdoor":31,"minecraft:rose_bush":3,"minecraft:paper":21,"minecraft:string":83,"minecraft:spruce_sapling":6,"minecraft:purpur_pillar":2,"minecraft:moss_carpet":106,"minecraft:redstone_ore":4,"minecraft:stone_sword":14,"minecraft:dark_oak_sign":4,"minecraft:smooth_stone_slab":4,"minecraft:deepslate":569,"minecraft:chicken":3,"minecraft:spruce_fence":2,"minecraft:lily_of_the_valley":7,"minecraft:light_blue_dye":1,"minecraft:potato":538,"minecraft:stone":11741,"minecraft:carved_pumpkin":1,"minecraft:spider_eye":21,"minecraft:gold_ore":26,"minecraft:brown_mushroom":11,"minecraft:birch_planks":1,"minecraft:baked_potato":1,"minecraft:sandstone_slab":15,"minecraft:flint":7,"minecraft:spruce_leaves":15,"minecraft:deepslate_gold_ore":2,"minecraft:cornflower":9,"minecraft:crimson_roots":33,"minecraft:amethyst_shard":1,"minecraft:black_stained_glass":193,"minecraft:gravel":2031,"minecraft:white_tulip":1,"minecraft:crimson_fungus":10,"minecraft:blackstone":110,"minecraft:prismarine":3,"minecraft:carrot":82,"minecraft:poppy":1814,"minecraft:gunpowder":112,"minecraft:azalea":128,"minecraft:chainmail_boots":2,"minecraft:basalt":25,"minecraft:arrow":2604,"minecraft:quartz":68,"minecraft:oak_leaves":8,"minecraft:netherrack":9683,"minecraft:water_bucket":1,"minecraft:firework_rocket":25,"minecraft:mossy_cobblestone":3,"minecraft:minecart":1,"minecraft:prismarine_shard":1,"minecraft:lead":2,"minecraft:grass_block":2441,"minecraft:stick":142,"minecraft:nether_gold_ore":38,"minecraft:diorite":1903,"minecraft:torch":250,"minecraft:flowering_azalea":174,"minecraft:iron_axe":1,"minecraft:bucket":17,"minecraft:redstone":140,"minecraft:dandelion":42,"minecraft:smooth_basalt":2,"minecraft:raw_copper":148,"minecraft:tuff":104,"minecraft:raw_iron":90,"minecraft:iron_hoe":1,"minecraft:red_terracotta":6,"minecraft:filled_map":7,"minecraft:golden_sword":1,"minecraft:slime_ball":89,"minecraft:raw_gold":4,"minecraft:nether_quartz_ore":12},"minecraft:killed":{"minecraft:cod":15,"minecraft:skeleton_horse":1,"minecraft:tropical_fish":1,"minecraft:salmon":3,"minecraft:iron_golem":2,"minecraft:pillager":36,"minecraft:zombie":461,"minecraft:husk":9,"minecraft:zombified_piglin":17,"minecraft:witch":5,"minecraft:spider":80,"minecraft:wither":1,"minecraft:axolotl":1,"minecraft:piglin":19,"minecraft:zombie_villager":7,"minecraft:sheep":6,"minecraft:trader_llama":14,"minecraft:ghast":4,"minecraft:slime":51,"minecraft:drowned":35,"minecraft:hoglin":3,"minecraft:squid":129,"minecraft:wither_skeleton":106,"minecraft:player":1,"minecraft:cave_spider":128,"minecraft:dolphin":1,"minecraft:shulker":95,"minecraft:pufferfish":9,"minecraft:skeleton":1044,"minecraft:chicken":22,"minecraft:cat":1,"minecraft:magma_cube":275,"minecraft:glow_squid":1,"minecraft:cow":215,"minecraft:wandering_trader":6,"minecraft:enderman":20670,"minecraft:wolf":1,"minecraft:pig":3,"minecraft:creeper":225,"minecraft:blaze":65,"minecraft:phantom":52,"minecraft:bat":21}},"DataVersion":2730}