{"stats":{"minecraft:killed_by":{"minecraft:skeleton":1,"minecraft:creeper":1,"minecraft:player":2,"minecraft:phantom":1},"minecraft:broken":{"minecraft:shears":21,"minecraft:iron_hoe":1,"minecraft:iron_pickaxe":5,"minecraft:iron_shovel":8,"minecraft:stone_pickaxe":1,"minecraft:stone_axe":1,"minecraft:stone_shovel":1,"minecraft:golden_boots":1,"minecraft:iron_chestplate":1,"minecraft:iron_sword":4,"minecraft:iron_axe":12,"minecraft:iron_helmet":2,"minecraft:golden_leggings":1,"minecraft:golden_axe":1},"minecraft:custom":{"minecraft:interact_with_crafting_table":1363,"minecraft:damage_blocked_by_shield":6893,"minecraft:play_time":15989268,"minecraft:deaths":12,"minecraft:jump":105826,"minecraft:inspect_dispenser":67,"minecraft:horse_one_cm":1099543,"minecraft:inspect_dropper":1,"minecraft:interact_with_anvil":152,"minecraft:inspect_hopper":46,"minecraft:tune_noteblock":2,"minecraft:time_since_rest":39984,"minecraft:swim_one_cm":885062,"minecraft:open_chest":16670,"minecraft:open_shulker_box":5345,"minecraft:talked_to_villager":20,"minecraft:interact_with_brewingstand":223,"minecraft:interact_with_beacon":8,"minecraft:fill_cauldron":1,"minecraft:boat_one_cm":1604803,"minecraft:damage_taken":86832,"minecraft:aviate_one_cm":130085442,"minecraft:open_barrel":641,"minecraft:bell_ring":143,"minecraft:leave_game":438,"minecraft:time_since_death":1196509,"minecraft:enchant_item":52,"minecraft:interact_with_furnace":1044,"minecraft:traded_with_villager":15,"minecraft:sleep_in_bed":297,"minecraft:damage_dealt":336983,"minecraft:target_hit":65,"minecraft:sneak_time":1270337,"minecraft:interact_with_lectern":39,"minecraft:interact_with_blast_furnace":2,"minecraft:total_world_time":15989268,"minecraft:interact_with_stonecutter":9,"minecraft:fly_one_cm":20310068,"minecraft:fish_caught":4,"minecraft:fall_one_cm":2977836,"minecraft:animals_bred":399,"minecraft:sprint_one_cm":27650292,"minecraft:drop":1277,"minecraft:walk_on_water_one_cm":993384,"minecraft:interact_with_loom":3,"minecraft:open_enderchest":716,"minecraft:player_kills":1,"minecraft:crouch_one_cm":4494714,"minecraft:mob_kills":13143,"minecraft:climb_one_cm":1214569,"minecraft:walk_one_cm":29633262,"minecraft:walk_under_water_one_cm":961844,"minecraft:pot_flower":19,"minecraft:interact_with_grindstone":57,"minecraft:minecart_one_cm":257671},"minecraft:mined":{"minecraft:cut_sandstone_slab":12,"minecraft:red_shulker_box":7,"minecraft:white_bed":7,"minecraft:fire_coral_wall_fan":1,"minecraft:granite":9928,"minecraft:acacia_log":82,"minecraft:blue_wool":3,"minecraft:green_concrete":139,"minecraft:oak_wall_sign":52,"minecraft:nether_wart":48,"minecraft:magma_block":39,"minecraft:dark_oak_trapdoor":15,"minecraft:fire":99,"minecraft:barrel":10,"minecraft:cobbled_deepslate":147,"minecraft:deepslate_lapis_ore":33,"minecraft:pink_tulip":5,"minecraft:white_banner":2,"minecraft:player_head":15,"minecraft:tripwire":20,"minecraft:kelp_plant":24,"minecraft:crimson_nylium":3,"minecraft:torch":1839,"minecraft:dark_oak_wood":27,"minecraft:melon":11,"minecraft:white_stained_glass_pane":3,"minecraft:dead_bush":7,"minecraft:spruce_wall_sign":18,"minecraft:lime_shulker_box":34,"minecraft:sugar_cane":599,"minecraft:bricks":5,"minecraft:amethyst_block":728,"minecraft:birch_sapling":1,"minecraft:white_terracotta":306,"minecraft:chain":7,"minecraft:tinted_glass":75,"minecraft:wither_rose":1,"minecraft:grass":2913,"minecraft:dark_oak_sapling":12,"minecraft:smooth_basalt":403,"minecraft:deepslate":6526,"minecraft:light_blue_wool":1,"minecraft:mossy_cobblestone":113,"minecraft:orange_concrete_powder":1,"minecraft:dark_oak_log":6032,"minecraft:sea_lantern":6,"minecraft:end_stone":3,"minecraft:dark_oak_fence":392,"minecraft:redstone_wire":30,"minecraft:red_mushroom":9,"minecraft:white_concrete_powder":30,"minecraft:redstone_ore":407,"minecraft:acacia_trapdoor":10,"minecraft:light_blue_concrete_powder":1,"minecraft:green_terracotta":23,"minecraft:andesite":9013,"minecraft:big_dripleaf_stem":1,"minecraft:cobblestone_slab":5,"minecraft:vine":377,"minecraft:rail":296,"minecraft:bone_block":1,"minecraft:fire_coral_block":4,"minecraft:green_wool":4,"minecraft:ender_chest":25,"minecraft:oak_slab":80,"minecraft:birch_stairs":3,"minecraft:redstone_block":4,"minecraft:soul_sand":49,"minecraft:lily_of_the_valley":11,"minecraft:dandelion":27,"minecraft:purpur_pillar":7,"minecraft:tall_grass":508,"minecraft:copper_ore":780,"minecraft:deepslate_gold_ore":27,"minecraft:green_stained_glass_pane":5,"minecraft:diorite":8337,"minecraft:warped_wart_block":1,"minecraft:purple_wool":2,"minecraft:red_terracotta":6,"minecraft:coarse_dirt":11,"minecraft:cobblestone_wall":1,"minecraft:dark_oak_wall_sign":7,"minecraft:dark_oak_button":1,"minecraft:sunflower":7,"minecraft:gravel":4273,"minecraft:cobweb":204,"minecraft:brown_terracotta":856,"minecraft:polished_blackstone":71,"minecraft:stone_bricks":21,"minecraft:chipped_anvil":4,"minecraft:gold_ore":228,"minecraft:iron_trapdoor":6,"minecraft:oak_sapling":1,"minecraft:farmland":113,"minecraft:orange_wool":5,"minecraft:brewing_stand":6,"minecraft:spruce_trapdoor":24,"minecraft:budding_amethyst":8,"minecraft:white_concrete":1455,"minecraft:green_stained_glass":52,"minecraft:pointed_dripstone":22,"minecraft:flowering_azalea_leaves":372,"minecraft:iron_bars":10,"minecraft:azalea":168,"minecraft:spruce_slab":71,"minecraft:deepslate_redstone_ore":261,"minecraft:gray_terracotta":8,"minecraft:polished_blackstone_wall":2,"minecraft:medium_amethyst_bud":10,"minecraft:orange_terracotta":67,"minecraft:light_gray_terracotta":539,"minecraft:beacon":4,"minecraft:nether_quartz_ore":32,"minecraft:oak_planks":389,"minecraft:wall_torch":578,"minecraft:cauldron":1,"minecraft:stone_stairs":12,"minecraft:warped_nylium":1,"minecraft:powered_rail":34,"minecraft:dark_oak_slab":18,"minecraft:green_banner":1,"minecraft:tnt":1,"minecraft:oak_log":1260,"minecraft:beetroots":1,"minecraft:lime_terracotta":13,"minecraft:dirt":21522,"minecraft:dispenser":10,"minecraft:pink_carpet":5,"minecraft:dark_oak_leaves":5248,"minecraft:glow_lichen":39,"minecraft:lever":17,"minecraft:ladder":24,"minecraft:tube_coral_wall_fan":1,"minecraft:stone_button":10,"minecraft:brown_mushroom_block":612,"minecraft:birch_slab":3,"minecraft:spruce_leaves":136,"minecraft:acacia_slab":15,"minecraft:hay_block":17,"minecraft:light_gray_shulker_box":3,"minecraft:peony":1,"minecraft:nether_brick_fence":3,"minecraft:bookshelf":20,"minecraft:deepslate_iron_ore":84,"minecraft:shroomlight":12,"minecraft:pink_terracotta":1,"minecraft:acacia_leaves":45,"minecraft:scaffolding":692,"minecraft:stripped_dark_oak_log":16,"minecraft:basalt":512,"minecraft:polished_granite":12,"minecraft:oak_fence":325,"minecraft:gray_stained_glass":10,"minecraft:stone_slab":8,"minecraft:deepslate_coal_ore":104,"minecraft:red_concrete":565,"minecraft:prismarine_bricks":4,"minecraft:birch_planks":6,"minecraft:sea_pickle":45,"minecraft:polished_blackstone_slab":4,"minecraft:black_wool":80,"minecraft:cocoa":60,"minecraft:flower_pot":2,"minecraft:yellow_concrete":154,"minecraft:small_dripleaf":6,"minecraft:dark_oak_planks":96,"minecraft:light_blue_concrete":68,"minecraft:carved_pumpkin":3,"minecraft:obsidian":195,"minecraft:stone_brick_wall":3,"minecraft:yellow_carpet":2,"minecraft:jungle_log":10,"minecraft:bubble_coral_block":3,"minecraft:crimson_fungus":1,"minecraft:tube_coral_block":2,"minecraft:hopper":11,"minecraft:light_blue_stained_glass":6,"minecraft:orange_concrete":104,"minecraft:tall_seagrass":35,"minecraft:brown_stained_glass":30,"minecraft:sticky_piston":1,"minecraft:pumpkin":15,"minecraft:moss_carpet":409,"minecraft:enchanting_table":1,"minecraft:cave_vines":19,"minecraft:oak_sign":26,"minecraft:dirt_path":382,"minecraft:oak_stairs":36,"minecraft:small_amethyst_bud":27,"minecraft:smooth_sandstone_stairs":26,"minecraft:blue_orchid":166,"minecraft:iron_block":506,"minecraft:brown_mushroom":3,"minecraft:red_bed":3,"minecraft:player_wall_head":1,"minecraft:amethyst_cluster":1212,"minecraft:blue_stained_glass":10,"minecraft:green_concrete_powder":18,"minecraft:glass":25,"minecraft:damaged_anvil":2,"minecraft:smooth_sandstone_slab":3,"minecraft:light_gray_stained_glass":18,"minecraft:wheat":812,"minecraft:lilac":2,"minecraft:pumpkin_stem":4,"minecraft:warped_fungus":3,"minecraft:black_bed":10,"minecraft:stone_brick_stairs":2,"minecraft:red_mushroom_block":3463,"minecraft:stonecutter":1,"minecraft:yellow_stained_glass":15,"minecraft:piston":2,"minecraft:light_blue_stained_glass_pane":56,"minecraft:stripped_birch_log":1,"minecraft:shulker_box":680,"minecraft:nether_bricks":11,"minecraft:cobbled_deepslate_slab":6,"minecraft:yellow_concrete_powder":2,"minecraft:moss_block":1738,"minecraft:kelp":172,"minecraft:pink_wool":3,"minecraft:polished_blackstone_button":1,"minecraft:potatoes":416,"minecraft:bamboo":13,"minecraft:white_wool":23,"minecraft:light_gray_carpet":267,"minecraft:gray_concrete":333,"minecraft:hanging_roots":81,"minecraft:comparator":1,"minecraft:brown_carpet":23,"minecraft:stone_brick_slab":6,"minecraft:observer":9,"minecraft:smooth_sandstone":52,"minecraft:spruce_button":1,"minecraft:big_dripleaf":9,"minecraft:white_carpet":22,"minecraft:spruce_log":540,"minecraft:birch_leaves":202,"minecraft:dark_oak_sign":3,"minecraft:dripstone_block":52,"minecraft:acacia_planks":10,"minecraft:large_amethyst_bud":15,"minecraft:spruce_planks":6,"minecraft:attached_melon_stem":1,"minecraft:cobbled_deepslate_stairs":7,"minecraft:cobblestone_stairs":9,"minecraft:cave_vines_plant":20,"minecraft:grass_block":9832,"minecraft:soul_soil":1,"minecraft:smooth_stone":26,"minecraft:glowstone":167,"minecraft:iron_ore":3114,"minecraft:black_carpet":31,"minecraft:anvil":8,"minecraft:dark_oak_stairs":45,"minecraft:azalea_leaves":1162,"minecraft:brain_coral_block":4,"minecraft:cyan_terracotta":23,"minecraft:blackstone":1102,"minecraft:melon_stem":1,"minecraft:polished_deepslate_stairs":1,"minecraft:clay":350,"minecraft:calcite":708,"minecraft:poppy":65,"minecraft:chest":146,"minecraft:mushroom_stem":456,"minecraft:cobblestone":1904,"minecraft:grindstone":4,"minecraft:prismarine":3,"minecraft:iron_door":10,"minecraft:deepslate_copper_ore":24,"minecraft:seagrass":154,"minecraft:dark_oak_door":1,"minecraft:nether_wart_block":2,"minecraft:yellow_wool":2,"minecraft:birch_log":126,"minecraft:light_gray_wool":19,"minecraft:purpur_block":21,"minecraft:yellow_stained_glass_pane":1,"minecraft:sand":13759,"minecraft:tripwire_hook":3,"minecraft:netherrack":993,"minecraft:magenta_wool":2,"minecraft:oak_leaves":526,"minecraft:horn_coral_block":2,"minecraft:redstone_lamp":1,"minecraft:nether_gold_ore":2,"minecraft:diamond_ore":98,"minecraft:red_carpet":16,"minecraft:tuff":91,"minecraft:deepslate_diamond_ore":103,"minecraft:candle":3,"minecraft:oak_door":1,"minecraft:gray_shulker_box":5,"minecraft:gray_stained_glass_pane":17,"minecraft:dark_oak_pressure_plate":2,"minecraft:brick_stairs":1,"minecraft:white_stained_glass":5,"minecraft:sandstone":13,"minecraft:rooted_dirt":38,"minecraft:spore_blossom":3,"minecraft:furnace":30,"minecraft:carrots":152,"minecraft:red_concrete_powder":34,"minecraft:acacia_stairs":1,"minecraft:dark_oak_fence_gate":4,"minecraft:stripped_spruce_log":5,"minecraft:black_concrete":362,"minecraft:bell":1,"minecraft:polished_deepslate":21,"minecraft:lantern":30,"minecraft:stripped_acacia_log":1,"minecraft:chorus_plant":1,"minecraft:stone":132289,"minecraft:podzol":490,"minecraft:light_blue_shulker_box":1,"minecraft:flowering_azalea":63,"minecraft:red_wool":15,"minecraft:crafting_table":80,"minecraft:lime_concrete_powder":1,"minecraft:rose_bush":15,"minecraft:andesite_slab":1,"minecraft:lapis_ore":147,"minecraft:lily_pad":57,"minecraft:spruce_stairs":10,"minecraft:gray_wool":23,"minecraft:cactus":99,"minecraft:polished_blackstone_stairs":19,"minecraft:redstone_torch":4,"minecraft:sweet_berry_bush":2,"minecraft:yellow_bed":1,"minecraft:coal_ore":4086,"minecraft:end_rod":3,"minecraft:gray_carpet":45,"minecraft:terracotta":225,"minecraft:polished_andesite":19},"minecraft:used":{"minecraft:moss_block":1889,"minecraft:writable_book":23,"minecraft:jack_o_lantern":3,"minecraft:dispenser":27,"minecraft:black_carpet":400,"minecraft:stone":25551,"minecraft:quartz_stairs":5,"minecraft:soul_sand":58,"minecraft:cocoa_beans":67,"minecraft:lily_of_the_valley":3,"minecraft:snowball":220,"minecraft:polished_blackstone_slab":23,"minecraft:lava_bucket":28,"minecraft:red_wool":426,"minecraft:dark_oak_leaves":3598,"minecraft:dark_oak_slab":374,"minecraft:bow":819,"minecraft:oak_sapling":37,"minecraft:green_stained_glass_pane":152,"minecraft:mossy_stone_bricks":15,"minecraft:damaged_anvil":2,"minecraft:prismarine":3,"minecraft:blackstone":302,"minecraft:cactus":132,"minecraft:wooden_pickaxe":3,"minecraft:composter":1,"minecraft:glow_berries":63,"minecraft:cut_sandstone_slab":46,"minecraft:blast_furnace":6,"minecraft:gray_concrete":248,"minecraft:gray_stained_glass_pane":341,"minecraft:birch_slab":40,"minecraft:oak_pressure_plate":1,"minecraft:flowering_azalea_leaves":37,"minecraft:diamond_sword":3387,"minecraft:oak_boat":19,"minecraft:purple_wool":4,"minecraft:enchanting_table":3,"minecraft:orange_concrete":28,"minecraft:armor_stand":8,"minecraft:light_gray_carpet":4268,"minecraft:tinted_glass":1719,"minecraft:polished_blackstone_wall":25,"minecraft:torch":8809,"minecraft:brewing_stand":10,"minecraft:yellow_carpet":16,"minecraft:sea_lantern":58,"minecraft:chipped_anvil":5,"minecraft:iron_block":834,"minecraft:jungle_log":10,"minecraft:barrel":57,"minecraft:bamboo":13,"minecraft:diamond_chestplate":2,"minecraft:basalt":138,"minecraft:podzol":116,"minecraft:acacia_planks":202,"minecraft:calcite":2,"minecraft:wheat_seeds":866,"minecraft:light_blue_shulker_box":1,"minecraft:birch_planks":41,"minecraft:cauldron":4,"minecraft:glow_ink_sac":36,"minecraft:leather_boots":1,"minecraft:gold_ore":40,"minecraft:diamond_block":1,"minecraft:rail":1072,"minecraft:red_bed":6,"minecraft:white_bed":7,"minecraft:campfire":14,"minecraft:spruce_log":28,"minecraft:mushroom_stem":22,"minecraft:amethyst_cluster":36,"minecraft:diamond_pickaxe":190276,"minecraft:diamond_shovel":49738,"minecraft:oak_button":11,"minecraft:spruce_pressure_plate":1,"minecraft:leather_helmet":1,"minecraft:spruce_trapdoor":120,"minecraft:spruce_sapling":27,"minecraft:green_carpet":6,"minecraft:potion":25,"minecraft:azalea_leaves":275,"minecraft:cooked_porkchop":9,"minecraft:andesite_stairs":1,"minecraft:diamond_leggings":5,"minecraft:green_stained_glass":77,"minecraft:moss_carpet":1007,"minecraft:polished_deepslate":60,"minecraft:light_gray_stained_glass_pane":4,"minecraft:bone_block":1,"minecraft:nether_wart":56,"minecraft:grass":151,"minecraft:green_terracotta":187,"minecraft:pink_terracotta":41,"minecraft:obsidian":106,"minecraft:big_dripleaf":30,"minecraft:bricks":215,"minecraft:lantern":252,"minecraft:blue_orchid":10,"minecraft:green_wool":30,"minecraft:item_frame":212,"minecraft:deepslate_diamond_ore":54,"minecraft:written_book":153,"minecraft:dark_oak_sapling":263,"minecraft:end_rod":23,"minecraft:diamond_boots":7,"minecraft:wither_skeleton_skull":3,"minecraft:gray_carpet":583,"minecraft:stone_pickaxe":256,"minecraft:oak_planks":134,"minecraft:sandstone":8,"minecraft:sugar_cane":79,"minecraft:diamond_axe":12556,"minecraft:white_wool":339,"minecraft:light_blue_concrete":35,"minecraft:mushroom_stew":8,"minecraft:light_blue_wool":3,"minecraft:yellow_concrete":38,"minecraft:deepslate_lapis_ore":15,"minecraft:sticky_piston":5,"minecraft:lever":133,"minecraft:daylight_detector":1,"minecraft:dark_oak_log":2073,"minecraft:bread":56,"minecraft:brown_wool":17,"minecraft:iron_door":49,"minecraft:deepslate":81,"minecraft:light_blue_concrete_powder":65,"minecraft:chain":199,"minecraft:coarse_dirt":111,"minecraft:bone_meal":2621,"minecraft:orange_concrete_powder":105,"minecraft:rose_bush":30,"minecraft:flint_and_steel":83,"minecraft:redstone":157,"minecraft:ender_chest":30,"minecraft:stone_hoe":96,"minecraft:dirt":24483,"minecraft:prismarine_bricks":4,"minecraft:golden_chestplate":3,"minecraft:iron_hoe":500,"minecraft:wooden_axe":1,"minecraft:brown_terracotta":2,"minecraft:light_gray_stained_glass":204,"minecraft:oak_stairs":243,"minecraft:smooth_sandstone":527,"minecraft:iron_boots":4,"minecraft:yellow_concrete_powder":180,"minecraft:soul_soil":1,"minecraft:dark_oak_pressure_plate":9,"minecraft:minecart":24,"minecraft:cooked_beef":818,"minecraft:powder_snow_bucket":2,"minecraft:pumpkin":3,"minecraft:light_gray_bed":1,"minecraft:iron_leggings":5,"minecraft:cobblestone_stairs":18,"minecraft:baked_potato":533,"minecraft:birch_boat":4,"minecraft:brown_mushroom":20,"minecraft:spruce_sign":21,"minecraft:red_mushroom":100,"minecraft:gray_terracotta":240,"minecraft:piston":11,"minecraft:wooden_hoe":16,"minecraft:flower_pot":17,"minecraft:black_wool":1126,"minecraft:lapis_ore":51,"minecraft:detector_rail":1,"minecraft:stone_slab":45,"minecraft:yellow_wool":21,"minecraft:golden_leggings":4,"minecraft:stone_axe":132,"minecraft:fire_coral_block":2,"minecraft:cobbled_deepslate_slab":6,"minecraft:wither_rose":1,"minecraft:sea_pickle":52,"minecraft:gray_wool":982,"minecraft:birch_stairs":38,"minecraft:nether_brick_fence":1,"minecraft:elytra":11,"minecraft:polished_blackstone":219,"minecraft:spruce_slab":592,"minecraft:ladder":157,"minecraft:green_banner":2,"minecraft:chest":481,"minecraft:blue_stained_glass":22,"minecraft:orange_wool":159,"minecraft:acacia_sapling":9,"minecraft:grass_block":75,"minecraft:birch_sapling":15,"minecraft:dark_oak_button":2,"minecraft:pink_wool":23,"minecraft:stone_brick_stairs":19,"minecraft:red_stained_glass_pane":6,"minecraft:dark_oak_boat":13,"minecraft:furnace":49,"minecraft:egg":20,"minecraft:potato":446,"minecraft:diorite":154,"minecraft:spruce_door":7,"minecraft:red_stained_glass":4,"minecraft:acacia_trapdoor":144,"minecraft:powered_rail":522,"minecraft:lime_concrete_powder":2,"minecraft:oak_leaves":59,"minecraft:dark_oak_trapdoor":60,"minecraft:sand":102,"minecraft:black_concrete_powder":352,"minecraft:pumpkin_seeds":4,"minecraft:stone_button":46,"minecraft:spore_blossom":14,"minecraft:lectern":1,"minecraft:red_terracotta":169,"minecraft:diamond_ore":51,"minecraft:lilac":1,"minecraft:soul_lantern":1,"minecraft:dark_oak_fence":1007,"minecraft:white_stained_glass":102,"minecraft:bubble_coral_block":1,"minecraft:green_concrete_powder":457,"minecraft:gray_stained_glass":185,"minecraft:iron_bars":35,"minecraft:stone_sword":56,"minecraft:acacia_log":2,"minecraft:red_concrete":551,"minecraft:netherrack":285,"minecraft:light_gray_shulker_box":5,"minecraft:dragon_egg":3,"minecraft:warped_wart_block":1,"minecraft:anvil":18,"minecraft:stone_stairs":55,"minecraft:glow_lichen":13,"minecraft:small_dripleaf":16,"minecraft:shroomlight":6,"minecraft:red_shulker_box":7,"minecraft:flowering_azalea":17,"minecraft:iron_axe":3177,"minecraft:rooted_dirt":28,"minecraft:spruce_button":37,"minecraft:brick_stairs":3,"minecraft:melon_seeds":2,"minecraft:smooth_basalt":2,"minecraft:tripwire_hook":5,"minecraft:glowstone":735,"minecraft:magenta_wool":4,"minecraft:iron_trapdoor":10,"minecraft:cobbled_deepslate":153,"minecraft:observer":28,"minecraft:orange_terracotta":138,"minecraft:pointed_dripstone":27,"minecraft:hanging_roots":55,"minecraft:golden_axe":33,"minecraft:water_bucket":1887,"minecraft:lime_wool":2,"minecraft:smooth_sandstone_slab":12,"minecraft:red_mushroom_block":741,"minecraft:mossy_cobblestone":105,"minecraft:lime_terracotta":180,"minecraft:comparator":3,"minecraft:vine":71,"minecraft:oak_slab":987,"minecraft:tnt":42,"minecraft:crafting_table":89,"minecraft:birch_sign":1,"minecraft:dark_oak_fence_gate":95,"minecraft:lime_shulker_box":34,"minecraft:small_amethyst_bud":27,"minecraft:oak_log":45,"minecraft:cornflower":2,"minecraft:sunflower":5,"minecraft:iron_pickaxe":2689,"minecraft:cobblestone":3753,"minecraft:red_concrete_powder":935,"minecraft:brown_mushroom_block":98,"minecraft:kelp":159,"minecraft:candle":54,"minecraft:light_blue_stained_glass_pane":1157,"minecraft:iron_shovel":3265,"minecraft:oak_sign":179,"minecraft:white_concrete_powder":1846,"minecraft:shield":145,"minecraft:white_terracotta":178,"minecraft:iron_sword":3013,"minecraft:bell":1,"minecraft:player_head":30,"minecraft:smooth_sandstone_stairs":81,"minecraft:iron_chestplate":3,"minecraft:nether_bricks":5,"minecraft:carrot":228,"minecraft:tuff":14,"minecraft:cyan_wool":2,"minecraft:axolotl_bucket":1,"minecraft:milk_bucket":6,"minecraft:polished_deepslate_stairs":1,"minecraft:glass":89,"minecraft:cyan_terracotta":400,"minecraft:coal_ore":948,"minecraft:iron_helmet":3,"minecraft:dark_oak_wood":799,"minecraft:gray_concrete_powder":320,"minecraft:hopper_minecart":23,"minecraft:stone_bricks":131,"minecraft:repeater":16,"minecraft:red_carpet":834,"minecraft:redstone_lamp":38,"minecraft:magma_block":16,"minecraft:brown_carpet":99,"minecraft:scaffolding":968,"minecraft:gray_bed":1,"minecraft:polished_blackstone_stairs":128,"minecraft:golden_boots":1,"minecraft:dark_oak_stairs":703,"minecraft:dark_oak_sign":75,"minecraft:birch_leaves":6,"minecraft:ender_pearl":40,"minecraft:redstone_block":2,"minecraft:large_amethyst_bud":3,"minecraft:loom":1,"minecraft:light_gray_terracotta":130,"minecraft:deepslate_redstone_ore":112,"minecraft:dripstone_block":265,"minecraft:stone_brick_wall":8,"minecraft:black_bed":10,"minecraft:cobbled_deepslate_stairs":7,"minecraft:shears":6387,"minecraft:redstone_torch":9,"minecraft:green_concrete":69,"minecraft:black_concrete":100,"minecraft:gray_shulker_box":9,"minecraft:firework_rocket":6273,"minecraft:string":113,"minecraft:heavy_weighted_pressure_plate":5,"minecraft:lime_carpet":8,"minecraft:brown_stained_glass":68,"minecraft:gravel":139,"minecraft:golden_helmet":3,"minecraft:chainmail_boots":2,"minecraft:grindstone":5,"minecraft:medium_amethyst_bud":9,"minecraft:andesite":981,"minecraft:white_concrete":877,"minecraft:tropical_fish_bucket":5,"minecraft:cobweb":66,"minecraft:oak_fence":41,"minecraft:azalea":50,"minecraft:purpur_block":12,"minecraft:redstone_ore":183,"minecraft:stone_shovel":131,"minecraft:spruce_planks":44,"minecraft:oak_door":2,"minecraft:white_carpet":151,"minecraft:hopper":55,"minecraft:spruce_stairs":47,"minecraft:cobblestone_wall":51,"minecraft:diamond_helmet":5,"minecraft:shulker_box":683,"minecraft:pink_carpet":22,"minecraft:granite":415,"minecraft:light_blue_stained_glass":384,"minecraft:andesite_wall":3,"minecraft:stone_brick_slab":21,"minecraft:dark_oak_planks":829,"minecraft:bookshelf":73,"minecraft:yellow_stained_glass":15,"minecraft:acacia_slab":194,"minecraft:light_gray_wool":659,"minecraft:golden_carrot":438,"minecraft:white_stained_glass_pane":63,"minecraft:brain_coral_block":2,"minecraft:cooked_mutton":1,"minecraft:amethyst_block":8,"minecraft:iron_ore":191,"minecraft:pink_tulip":3,"minecraft:glass_bottle":105,"minecraft:polished_andesite":114,"minecraft:blue_wool":5,"minecraft:andesite_slab":2,"minecraft:stonecutter":3,"minecraft:white_dye":46,"minecraft:beacon":6,"minecraft:cobblestone_slab":7,"minecraft:glow_item_frame":12,"minecraft:terracotta":1,"minecraft:stripped_dark_oak_log":9,"minecraft:painting":27,"minecraft:smoker":2,"minecraft:dark_oak_door":8,"minecraft:acacia_stairs":5,"minecraft:apple":7,"minecraft:map":6,"minecraft:fishing_rod":8,"minecraft:white_banner":4,"minecraft:red_banner":8,"minecraft:bucket":1937,"minecraft:magenta_glazed_terracotta":13,"minecraft:yellow_bed":3,"minecraft:polished_blackstone_button":12,"minecraft:smooth_stone":26},"minecraft:picked_up":{"minecraft:suspicious_stew":2,"minecraft:lead":13,"minecraft:stone_slab":27,"minecraft:enchanted_book":6,"minecraft:music_disc_cat":1,"minecraft:polished_deepslate":88,"minecraft:string":369,"minecraft:dark_oak_pressure_plate":3,"minecraft:pufferfish":1,"minecraft:shroomlight":15,"minecraft:diamond_leggings":5,"minecraft:horn_coral_block":2,"minecraft:diamond_ore":51,"minecraft:polished_blackstone_stairs":14,"minecraft:big_dripleaf":78,"minecraft:acacia_log":123,"minecraft:purpur_pillar":7,"minecraft:cauldron":1,"minecraft:golden_chestplate":8,"minecraft:gray_shulker_box":5,"minecraft:green_terracotta":19,"minecraft:pink_terracotta":1,"minecraft:brown_carpet":23,"minecraft:stone_sword":5,"minecraft:carved_pumpkin":4,"minecraft:glowstone":119,"minecraft:bookshelf":20,"minecraft:end_rod":3,"minecraft:white_terracotta":318,"minecraft:blaze_rod":78,"minecraft:iron_bars":10,"minecraft:feather":6,"minecraft:cooked_beef":751,"minecraft:medium_amethyst_bud":10,"minecraft:water_bucket":16,"minecraft:dark_oak_boat":12,"minecraft:flint":390,"minecraft:lantern":52,"minecraft:hanging_roots":244,"minecraft:large_amethyst_bud":5,"minecraft:stonecutter":1,"minecraft:dark_oak_sign":36,"minecraft:diamond_helmet":5,"minecraft:glow_lichen":50,"minecraft:lime_terracotta":13,"minecraft:stripped_spruce_log":9,"minecraft:brown_mushroom_block":443,"minecraft:acacia_stairs":41,"minecraft:iron_hoe":1,"minecraft:polished_andesite":17,"minecraft:deepslate":2445,"minecraft:lever":20,"minecraft:granite":8099,"minecraft:spruce_button":1,"minecraft:golden_horse_armor":2,"minecraft:rooted_dirt":38,"minecraft:deepslate_coal_ore":86,"minecraft:light_gray_carpet":371,"minecraft:diamond_pickaxe":17,"minecraft:clay_ball":1608,"minecraft:leather_leggings":17,"minecraft:redstone_lamp":3,"minecraft:purpur_block":21,"minecraft:cornflower":8,"minecraft:elytra":3,"minecraft:flint_and_steel":2,"minecraft:white_carpet":26,"minecraft:white_stained_glass":7,"minecraft:iron_shovel":3,"minecraft:polished_blackstone_wall":2,"minecraft:poppy":68,"minecraft:spruce_slab":160,"minecraft:minecart":29,"minecraft:birch_sapling":35,"minecraft:piston":6,"minecraft:copper_ore":412,"minecraft:lime_shulker_box":34,"minecraft:stone":66528,"minecraft:white_dye":4,"minecraft:diamond_chestplate":3,"minecraft:hay_block":20,"minecraft:polished_blackstone":59,"minecraft:mutton":14,"minecraft:rail":379,"minecraft:bone_block":1,"minecraft:birch_leaves":57,"minecraft:tripwire_hook":6,"minecraft:yellow_dye":12,"minecraft:lily_pad":95,"minecraft:paper":9,"minecraft:apple":63,"minecraft:yellow_stained_glass":77,"minecraft:spore_blossom":3,"minecraft:iron_ore":833,"minecraft:dark_oak_stairs":82,"minecraft:smooth_basalt":253,"minecraft:milk_bucket":3,"minecraft:light_gray_stained_glass":25,"minecraft:red_wool":379,"minecraft:light_blue_stained_glass":5,"minecraft:dragon_egg":4,"minecraft:leather_helmet":9,"minecraft:diamond_shovel":6,"minecraft:coal_ore":1732,"minecraft:slime_ball":195,"minecraft:deepslate_redstone_ore":148,"minecraft:painting":22,"minecraft:birch_sign":1,"minecraft:baked_potato":15,"minecraft:hopper":18,"minecraft:black_carpet":58,"minecraft:light_blue_concrete":66,"minecraft:ender_chest":25,"minecraft:nether_brick_fence":3,"minecraft:yellow_wool":26,"minecraft:stone_brick_stairs":5,"minecraft:lapis_block":1,"minecraft:deepslate_lapis_ore":8,"minecraft:smooth_stone":34,"minecraft:comparator":2,"minecraft:bucket":10,"minecraft:rose_bush":344,"minecraft:cobblestone_slab":14,"minecraft:azalea":214,"minecraft:iron_pickaxe":4,"minecraft:deepslate_iron_ore":12,"minecraft:blue_wool":3,"minecraft:polished_deepslate_stairs":2,"minecraft:spruce_stairs":7,"minecraft:diorite":7024,"minecraft:vine":285,"minecraft:rotten_flesh":437,"minecraft:deepslate_copper_ore":16,"minecraft:obsidian":259,"minecraft:blaze_powder":1,"minecraft:cobblestone":28497,"minecraft:enchanting_table":1,"minecraft:leather_chestplate":19,"minecraft:lilac":44,"minecraft:repeater":2,"minecraft:andesite":6854,"minecraft:black_bed":10,"minecraft:golden_leggings":14,"minecraft:beacon":4,"minecraft:potato":1460,"minecraft:smooth_sandstone_stairs":26,"minecraft:prismarine_bricks":4,"minecraft:dirt":26803,"minecraft:stripped_birch_log":1,"minecraft:cut_sandstone_slab":14,"minecraft:name_tag":2,"minecraft:glass":286,"minecraft:bone":4074,"minecraft:acacia_planks":14,"minecraft:bow":220,"minecraft:wheat_seeds":2882,"minecraft:grindstone":4,"minecraft:bamboo":383,"minecraft:prismarine":3,"minecraft:brown_stained_glass":30,"minecraft:gray_stained_glass":13,"minecraft:light_blue_shulker_box":1,"minecraft:grass_block":144,"minecraft:mossy_cobblestone":119,"minecraft:light_gray_terracotta":586,"minecraft:yellow_carpet":2,"minecraft:soul_lantern":1,"minecraft:crossbow":1,"minecraft:bone_meal":207,"minecraft:grass":280,"minecraft:golden_apple":2,"minecraft:spruce_sign":23,"minecraft:emerald":15,"minecraft:netherrack":982,"minecraft:chorus_fruit":22,"minecraft:andesite_slab":1,"minecraft:oak_leaves":435,"minecraft:ladder":117,"minecraft:brown_mushroom":75,"minecraft:stone_brick_wall":3,"minecraft:pink_wool":3,"minecraft:chain":74,"minecraft:shield":7,"minecraft:brick":75,"minecraft:orange_stained_glass":24,"minecraft:moss_carpet":615,"minecraft:magenta_wool":2,"minecraft:blackstone":1070,"minecraft:blue_orchid":219,"minecraft:lime_wool":4,"minecraft:end_stone":6,"minecraft:flowering_azalea_leaves":417,"minecraft:red_shulker_box":7,"minecraft:nether_bricks":8,"minecraft:pink_tulip":9,"minecraft:brick_stairs":1,"minecraft:basalt":500,"minecraft:dark_oak_button":1,"minecraft:golden_carrot":94,"minecraft:leather":582,"minecraft:crimson_fungus":1,"minecraft:chainmail_chestplate":4,"minecraft:cobblestone_wall":7,"minecraft:yellow_bed":3,"minecraft:gunpowder":797,"minecraft:cobbled_deepslate_stairs":11,"minecraft:orange_terracotta":66,"minecraft:cooked_mutton":13,"minecraft:red_carpet":115,"minecraft:gray_carpet":39,"minecraft:acacia_trapdoor":10,"minecraft:iron_ingot":158,"minecraft:nether_quartz_ore":1,"minecraft:warped_fungus":3,"minecraft:stone_brick_slab":6,"minecraft:quartz":32,"minecraft:dandelion":30,"minecraft:lava_bucket":4,"minecraft:amethyst_shard":3647,"minecraft:green_stained_glass":55,"minecraft:light_blue_concrete_powder":1,"minecraft:pumpkin_seeds":23,"minecraft:white_concrete_powder":97,"minecraft:chainmail_leggings":5,"minecraft:terracotta":221,"minecraft:damaged_anvil":2,"minecraft:dark_oak_wood":105,"minecraft:sunflower":73,"minecraft:iron_chestplate":5,"minecraft:chainmail_boots":8,"minecraft:flower_pot":2,"minecraft:anvil":8,"minecraft:diamond_sword":6,"minecraft:oak_stairs":55,"minecraft:wither_rose":1,"minecraft:birch_button":4,"minecraft:brewing_stand":6,"minecraft:golden_sword":1,"minecraft:amethyst_block":698,"minecraft:dark_oak_trapdoor":30,"minecraft:soul_soil":1,"minecraft:cooked_salmon":12,"minecraft:orange_concrete_powder":1,"minecraft:gold_nugget":4,"minecraft:cobbled_deepslate":4393,"minecraft:spruce_planks":87,"minecraft:azalea_leaves":1237,"minecraft:melon_slice":72,"minecraft:coal_block":3,"minecraft:dark_oak_door":1,"minecraft:golden_helmet":8,"minecraft:pink_carpet":7,"minecraft:gray_stained_glass_pane":108,"minecraft:light_blue_wool":1,"minecraft:tropical_fish":1,"minecraft:iron_block":510,"minecraft:cyan_terracotta":13,"minecraft:birch_log":148,"minecraft:magma_block":43,"minecraft:iron_door":14,"minecraft:birch_slab":3,"minecraft:jungle_log":10,"minecraft:green_concrete_powder":30,"minecraft:powder_snow_bucket":1,"minecraft:gray_concrete":323,"minecraft:chipped_anvil":5,"minecraft:gray_terracotta":4,"minecraft:glowstone_dust":222,"minecraft:moss_block":1881,"minecraft:warped_wart_block":1,"minecraft:dropper":3,"minecraft:ink_sac":118,"minecraft:fermented_spider_eye":24,"minecraft:barrel":33,"minecraft:dark_oak_log":6436,"minecraft:red_terracotta":6,"minecraft:stripped_acacia_log":2,"minecraft:dispenser":11,"minecraft:green_concrete":135,"minecraft:writable_book":3,"minecraft:deepslate_gold_ore":20,"minecraft:chainmail_helmet":5,"minecraft:bread":3,"minecraft:dark_oak_fence":534,"minecraft:bricks":5,"minecraft:spruce_leaves":78,"minecraft:coarse_dirt":12,"minecraft:crafting_table":89,"minecraft:purple_wool":1,"minecraft:nether_wart":143,"minecraft:red_bed":3,"minecraft:deepslate_diamond_ore":48,"minecraft:beef":266,"minecraft:iron_nugget":28,"minecraft:chest":165,"minecraft:egg":25,"minecraft:sandstone":12,"minecraft:oak_door":3,"minecraft:glow_item_frame":4,"minecraft:amethyst_cluster":439,"minecraft:carrot":573,"minecraft:redstone":2392,"minecraft:mushroom_stem":404,"minecraft:tnt":1,"minecraft:tube_coral_fan":1,"minecraft:beetroot_seeds":1,"minecraft:peony":1,"minecraft:shears":26,"minecraft:diamond_boots":5,"minecraft:tube_coral_block":2,"minecraft:gold_ingot":4,"minecraft:glow_berries":262,"minecraft:lime_concrete_powder":1,"minecraft:white_wool":185,"minecraft:lapis_ore":45,"minecraft:red_mushroom_block":2771,"minecraft:red_mushroom":306,"minecraft:filled_map":20,"minecraft:oak_log":1410,"minecraft:golden_boots":21,"minecraft:white_banner":4,"minecraft:stone_bricks":39,"minecraft:kelp":484,"minecraft:cobweb":124,"minecraft:glass_bottle":104,"minecraft:iron_sword":3,"minecraft:flowering_azalea":100,"minecraft:white_stained_glass_pane":1,"minecraft:dark_oak_slab":103,"minecraft:yellow_concrete":163,"minecraft:gravel":4227,"minecraft:birch_stairs":3,"minecraft:small_amethyst_bud":27,"minecraft:spruce_sapling":82,"minecraft:spruce_log":841,"minecraft:sea_lantern":48,"minecraft:firework_rocket":230,"minecraft:redstone_ore":142,"minecraft:diamond_axe":5,"minecraft:gray_wool":308,"minecraft:oak_button":2,"minecraft:melon_seeds":4,"minecraft:stripped_dark_oak_log":15,"minecraft:ender_pearl":893,"minecraft:shulker_shell":2,"minecraft:wheat":787,"minecraft:green_stained_glass_pane":44,"minecraft:redstone_block":6,"minecraft:iron_trapdoor":6,"minecraft:light_gray_shulker_box":3,"minecraft:potion":24,"minecraft:brain_coral_block":4,"minecraft:raw_copper":892,"minecraft:iron_leggings":3,"minecraft:armor_stand":1,"minecraft:sticky_piston":1,"minecraft:oak_sign":94,"minecraft:sea_pickle":170,"minecraft:activator_rail":4,"minecraft:dark_oak_leaves":3877,"minecraft:redstone_torch":9,"minecraft:calcite":650,"minecraft:furnace":35,"minecraft:iron_boots":6,"minecraft:stick":741,"minecraft:brown_terracotta":919,"minecraft:oak_fence":269,"minecraft:torch":5084,"minecraft:porkchop":16,"minecraft:target":1,"minecraft:pointed_dripstone":60,"minecraft:yellow_concrete_powder":2,"minecraft:blue_stained_glass":10,"minecraft:green_banner":1,"minecraft:cactus":383,"minecraft:green_wool":4,"minecraft:fire_coral_fan":1,"minecraft:cod":3,"minecraft:magma_cream":85,"minecraft:tuff":68,"minecraft:wither_skeleton_skull":3,"minecraft:lapis_lazuli":1408,"minecraft:polished_granite":11,"minecraft:leather_boots":15,"minecraft:bell":2,"minecraft:raw_gold":272,"minecraft:cobbled_deepslate_slab":6,"minecraft:light_blue_dye":1,"minecraft:powered_rail":58,"minecraft:oak_planks":409,"minecraft:ghast_tear":2,"minecraft:cooked_porkchop":4,"minecraft:music_disc_13":1,"minecraft:polished_blackstone_slab":5,"minecraft:poisonous_potato":11,"minecraft:sand":14088,"minecraft:lily_of_the_valley":6,"minecraft:shulker_box":685,"minecraft:orange_wool":5,"minecraft:black_concrete":363,"minecraft:diamond":245,"minecraft:polished_blackstone_button":2,"minecraft:white_concrete":1471,"minecraft:oak_sapling":177,"minecraft:bubble_coral_block":3,"minecraft:nether_star":1,"minecraft:cocoa_beans":220,"minecraft:charcoal":166,"minecraft:chicken":2,"minecraft:stone_stairs":12,"minecraft:iron_axe":1,"minecraft:orange_concrete":104,"minecraft:item_frame":52,"minecraft:candle":11,"minecraft:oak_boat":19,"minecraft:player_head":42,"minecraft:observer":10,"minecraft:light_gray_wool":33,"minecraft:tinted_glass":115,"minecraft:sugar_cane":1556,"minecraft:phantom_membrane":6,"minecraft:spruce_trapdoor":22,"minecraft:dark_oak_sapling":402,"minecraft:raw_iron":2868,"minecraft:orange_dye":25,"minecraft:copper_ingot":46,"minecraft:bowl":4,"minecraft:gray_dye":33,"minecraft:stone_button":16,"minecraft:iron_horse_armor":1,"minecraft:dark_oak_planks":490,"minecraft:smooth_sandstone_slab":4,"minecraft:arrow":4187,"minecraft:light_blue_stained_glass_pane":33,"minecraft:saddle":3,"minecraft:glow_ink_sac":37,"minecraft:salmon":2,"minecraft:birch_planks":6,"minecraft:nether_wart_block":1,"minecraft:cobblestone_stairs":17,"minecraft:podzol":250,"minecraft:smooth_sandstone":45,"minecraft:fire_coral_block":4,"minecraft:acacia_sapling":17,"minecraft:soul_sand":59,"minecraft:green_dye":15,"minecraft:book":14,"minecraft:oak_slab":180,"minecraft:scaffolding":1001,"minecraft:pumpkin":23,"minecraft:red_concrete_powder":37,"minecraft:birch_boat":4,"minecraft:dripstone_block":51,"minecraft:white_bed":7,"minecraft:gold_ore":59,"minecraft:dark_oak_fence_gate":7,"minecraft:spider_eye":45,"minecraft:iron_helmet":2,"minecraft:black_wool":254,"minecraft:acacia_slab":86,"minecraft:red_concrete":617,"minecraft:coal":4056},"minecraft:crafted":{"minecraft:green_banner":1,"minecraft:red_stained_glass_pane":64,"minecraft:black_dye":160,"minecraft:yellow_wool":34,"minecraft:oak_sign":111,"minecraft:blaze_powder":52,"minecraft:birch_boat":1,"minecraft:chain":335,"minecraft:diamond_shovel":3,"minecraft:shulker_box":17,"minecraft:diamond_helmet":1,"minecraft:beacon":1,"minecraft:light_blue_concrete_powder":64,"minecraft:stone_pressure_plate":65,"minecraft:iron_door":69,"minecraft:gray_stained_glass_pane":480,"minecraft:gray_stained_glass":408,"minecraft:lime_concrete_powder":8,"minecraft:blue_stained_glass":48,"minecraft:redstone_lamp":169,"minecraft:end_rod":52,"minecraft:acacia_slab":186,"minecraft:glow_item_frame":11,"minecraft:mossy_cobblestone":64,"minecraft:sticky_piston":6,"minecraft:green_stained_glass":136,"minecraft:polished_deepslate_slab":6,"minecraft:painting":14,"minecraft:stone_brick_stairs":24,"minecraft:lectern":1,"minecraft:wooden_hoe":1,"minecraft:golden_leggings":4,"minecraft:stone_slab":132,"minecraft:iron_pickaxe":14,"minecraft:sandstone":757,"minecraft:composter":1,"minecraft:golden_carrot":4,"minecraft:iron_nugget":1986,"minecraft:spyglass":1,"minecraft:brick_stairs":4,"minecraft:red_banner":8,"minecraft:light_gray_wool":21,"minecraft:jack_o_lantern":3,"minecraft:moss_carpet":603,"minecraft:stone_stairs":96,"minecraft:lantern":161,"minecraft:spruce_stairs":48,"minecraft:light_gray_shulker_box":2,"minecraft:black_concrete_powder":352,"minecraft:red_shulker_box":1,"minecraft:stone_pickaxe":3,"minecraft:lead":6,"minecraft:chainmail_leggings":1,"minecraft:enchanting_table":2,"minecraft:acacia_trapdoor":150,"minecraft:light_blue_wool":2,"minecraft:leather_helmet":6,"minecraft:polished_blackstone_stairs":124,"minecraft:acacia_stairs":24,"minecraft:dark_oak_button":1,"minecraft:red_carpet":886,"minecraft:orange_dye":74,"minecraft:red_stained_glass":64,"minecraft:chainmail_boots":4,"minecraft:fermented_spider_eye":25,"minecraft:writable_book":2,"minecraft:iron_shovel":15,"minecraft:armor_stand":27,"minecraft:pink_terracotta":128,"minecraft:grindstone":2,"minecraft:cobblestone_slab":24,"minecraft:barrel":55,"minecraft:lightning_rod":1,"minecraft:stone":405,"minecraft:pink_carpet":21,"minecraft:heavy_weighted_pressure_plate":5,"minecraft:brown_carpet":111,"minecraft:polished_blackstone_button":12,"minecraft:stone_brick_slab":30,"minecraft:brown_stained_glass":64,"minecraft:bow":201,"minecraft:comparator":68,"minecraft:chest":495,"minecraft:oak_button":46,"minecraft:copper_block":81,"minecraft:rail":944,"minecraft:bricks":265,"minecraft:ender_eye":33,"minecraft:oak_fence":21,"minecraft:stone_bricks":556,"minecraft:golden_boots":3,"minecraft:dropper":68,"minecraft:cauldron":4,"minecraft:red_candle":17,"minecraft:lime_terracotta":232,"minecraft:brown_dye":9,"minecraft:iron_helmet":4,"minecraft:white_stained_glass_pane":128,"minecraft:yellow_stained_glass":64,"minecraft:dispenser":80,"minecraft:tnt":128,"minecraft:spruce_trapdoor":122,"minecraft:purple_dye":62,"minecraft:yellow_dye":116,"minecraft:gray_terracotta":360,"minecraft:stick":5800,"minecraft:iron_ingot":5980,"minecraft:andesite_stairs":8,"minecraft:black_bed":1,"minecraft:light_blue_stained_glass":816,"minecraft:lime_carpet":12,"minecraft:dark_oak_fence_gate":101,"minecraft:oak_door":3,"minecraft:stone_brick_wall":12,"minecraft:tripwire_hook":206,"minecraft:leather_boots":7,"minecraft:golden_chestplate":3,"minecraft:spruce_button":64,"minecraft:mossy_stone_bricks":64,"minecraft:furnace":37,"minecraft:blast_furnace":9,"minecraft:piston":145,"minecraft:mushroom_stew":8,"minecraft:flint_and_steel":3,"minecraft:scaffolding":162,"minecraft:white_concrete_powder":2120,"minecraft:orange_terracotta":256,"minecraft:cobblestone_wall":72,"minecraft:blackstone_stairs":16,"minecraft:birch_sign":3,"minecraft:glistering_melon_slice":2,"minecraft:smooth_sandstone_stairs":72,"minecraft:light_blue_stained_glass_pane":1152,"minecraft:iron_trapdoor":6,"minecraft:polished_blackstone_wall":48,"minecraft:iron_sword":13,"minecraft:white_dye":724,"minecraft:black_carpet":618,"minecraft:stonecutter":2,"minecraft:anvil":12,"minecraft:torch":4843,"minecraft:diamond_chestplate":1,"minecraft:ender_chest":8,"minecraft:smooth_stone":118,"minecraft:dark_oak_pressure_plate":7,"minecraft:dark_oak_wood":909,"minecraft:orange_stained_glass":24,"minecraft:oak_pressure_plate":1,"minecraft:birch_slab":54,"minecraft:polished_blackstone_slab":24,"minecraft:loom":1,"minecraft:lever":448,"minecraft:bookshelf":21,"minecraft:cooked_mutton":14,"minecraft:iron_bars":224,"minecraft:red_concrete_powder":1232,"minecraft:quartz_block":24,"minecraft:glass":1393,"minecraft:repeater":100,"minecraft:diamond_leggings":1,"minecraft:melon_seeds":2,"minecraft:polished_blackstone":656,"minecraft:magenta_dye":22,"minecraft:gray_bed":1,"minecraft:flower_pot":22,"minecraft:glass_bottle":156,"minecraft:target":1,"minecraft:cooked_porkchop":8,"minecraft:diamond_axe":2,"minecraft:spruce_door":9,"minecraft:clock":1,"minecraft:copper_ingot":833,"minecraft:hay_block":1,"minecraft:campfire":15,"minecraft:light_gray_bed":1,"minecraft:green_terracotta":192,"minecraft:compass":6,"minecraft:iron_block":324,"minecraft:white_terracotta":192,"minecraft:gold_ingot":721,"minecraft:light_gray_dye":69,"minecraft:birch_stairs":100,"minecraft:yellow_concrete_powder":208,"minecraft:stone_shovel":3,"minecraft:smooth_stone_slab":72,"minecraft:leather_leggings":7,"minecraft:player_head":29,"minecraft:polished_deepslate_stairs":12,"minecraft:tinted_glass":1768,"minecraft:yellow_bed":1,"minecraft:red_terracotta":192,"minecraft:bone_meal":11082,"minecraft:andesite_wall":12,"minecraft:pink_dye":36,"minecraft:white_carpet":300,"minecraft:diamond":99,"minecraft:dark_oak_fence":777,"minecraft:detector_rail":30,"minecraft:ladder":138,"minecraft:spruce_slab":660,"minecraft:diamond_boots":1,"minecraft:cobbled_deepslate_stairs":28,"minecraft:redstone_block":199,"minecraft:dark_oak_planks":8710,"minecraft:golden_helmet":7,"minecraft:wheat":180,"minecraft:coal_block":256,"minecraft:daylight_detector":4,"minecraft:red_bed":3,"minecraft:gray_concrete_powder":336,"minecraft:glowstone":29,"minecraft:white_stained_glass":192,"minecraft:green_stained_glass_pane":176,"minecraft:golden_apple":2,"minecraft:andesite_slab":12,"minecraft:gray_shulker_box":4,"minecraft:oak_stairs":248,"minecraft:wooden_axe":1,"minecraft:iron_leggings":6,"minecraft:lime_wool":4,"minecraft:brick":84,"minecraft:oak_planks":4294,"minecraft:dark_oak_boat":3,"minecraft:cobblestone_stairs":16,"minecraft:spruce_pressure_plate":1,"minecraft:green_dye":94,"minecraft:dark_oak_door":9,"minecraft:hopper":103,"minecraft:iron_boots":7,"minecraft:cyan_terracotta":544,"minecraft:stone_hoe":2,"minecraft:smoker":7,"minecraft:quartz_stairs":8,"minecraft:oak_slab":982,"minecraft:item_frame":204,"minecraft:map":6,"minecraft:crafting_table":29,"minecraft:spruce_planks":1352,"minecraft:wooden_pickaxe":1,"minecraft:baked_potato":757,"minecraft:gold_block":15,"minecraft:hopper_minecart":23,"minecraft:birch_planks":392,"minecraft:brewing_stand":4,"minecraft:diamond_pickaxe":9,"minecraft:dark_oak_slab":498,"minecraft:iron_chestplate":5,"minecraft:book":100,"minecraft:paper":396,"minecraft:charcoal":413,"minecraft:shield":11,"minecraft:light_blue_dye":190,"minecraft:leather_chestplate":2,"minecraft:stone_sword":1,"minecraft:gray_carpet":873,"minecraft:redstone_torch":436,"minecraft:light_gray_carpet":4059,"minecraft:shears":200,"minecraft:light_gray_stained_glass_pane":32,"minecraft:green_carpet":9,"minecraft:polished_andesite":192,"minecraft:coarse_dirt":384,"minecraft:cobbled_deepslate_slab":24,"minecraft:redstone":1755,"minecraft:coal":270,"minecraft:light_gray_stained_glass":224,"minecraft:popped_chorus_fruit":13,"minecraft:stone_button":37,"minecraft:dark_oak_trapdoor":78,"minecraft:gray_dye":172,"minecraft:dark_oak_sign":96,"minecraft:diamond_block":6,"minecraft:polished_deepslate":112,"minecraft:green_concrete_powder":496,"minecraft:iron_axe":33,"minecraft:iron_hoe":3,"minecraft:orange_concrete_powder":104,"minecraft:lime_dye":36,"minecraft:observer":90,"minecraft:minecart":23,"minecraft:cooked_beef":235,"minecraft:sugar":77,"minecraft:red_dye":338,"minecraft:bone_block":822,"minecraft:diamond_sword":2,"minecraft:cyan_dye":70,"minecraft:spruce_sign":9,"minecraft:dark_oak_stairs":708,"minecraft:powered_rail":528,"minecraft:yellow_carpet":48,"minecraft:smooth_sandstone":130,"minecraft:bowl":4,"minecraft:bucket":35,"minecraft:stone_axe":1,"minecraft:air":0,"minecraft:bread":60,"minecraft:blue_dye":173,"minecraft:oak_boat":5,"minecraft:magenta_terracotta":48,"minecraft:smooth_sandstone_slab":12,"minecraft:gold_nugget":45,"minecraft:brown_wool":64,"minecraft:green_wool":6,"minecraft:acacia_planks":780,"minecraft:purple_concrete_powder":480,"minecraft:blackstone_slab":24,"minecraft:lapis_lazuli":180,"minecraft:lapis_block":127,"minecraft:firework_rocket":18},"minecraft:dropped":{"minecraft:lapis_lazuli":28,"minecraft:glass_bottle":107,"minecraft:diamond":1,"minecraft:dark_oak_slab":8,"minecraft:glow_berries":29,"minecraft:red_mushroom":9,"minecraft:dark_oak_trapdoor":10,"minecraft:writable_book":2,"minecraft:sand":83,"minecraft:dark_oak_planks":215,"minecraft:white_wool":1,"minecraft:birch_stairs":1,"minecraft:cobbled_deepslate":14,"minecraft:black_carpet":16,"minecraft:wheat":2,"minecraft:obsidian":1,"minecraft:stripped_dark_oak_log":6,"minecraft:rotten_flesh":196,"minecraft:oak_planks":44,"minecraft:pink_carpet":2,"minecraft:glowstone_dust":2,"minecraft:red_mushroom_block":64,"minecraft:azalea_leaves":30,"minecraft:coal_ore":43,"minecraft:leather_boots":5,"minecraft:leather_leggings":7,"minecraft:glass":8,"minecraft:stone_brick_stairs":5,"minecraft:green_stained_glass":1,"minecraft:golden_boots":4,"minecraft:wheat_seeds":1168,"minecraft:deepslate_redstone_ore":5,"minecraft:dripstone_block":7,"minecraft:book":2,"minecraft:dark_oak_leaves":7,"minecraft:gray_wool":1,"minecraft:ink_sac":6,"minecraft:potion":18,"minecraft:oak_stairs":17,"minecraft:chainmail_leggings":2,"minecraft:lily_pad":1,"minecraft:stone_brick_slab":2,"minecraft:iron_boots":3,"minecraft:cobbled_deepslate_slab":3,"minecraft:deepslate_lapis_ore":2,"minecraft:polished_deepslate_stairs":2,"minecraft:oak_sign":22,"minecraft:shears":9,"minecraft:spruce_planks":10,"minecraft:diamond_pickaxe":3,"minecraft:barrel":16,"minecraft:stone_bricks":3,"minecraft:bow":94,"minecraft:green_concrete_powder":3,"minecraft:moss_block":67,"minecraft:oak_log":85,"minecraft:ender_pearl":524,"minecraft:dark_oak_sapling":1,"minecraft:red_wool":1,"minecraft:cobblestone_stairs":12,"minecraft:dark_oak_log":65,"minecraft:dark_oak_wood":64,"minecraft:pointed_dripstone":2,"minecraft:mushroom_stem":4,"minecraft:leather_chestplate":3,"minecraft:stone_brick_wall":7,"minecraft:iron_ore":72,"minecraft:birch_button":4,"minecraft:scaffolding":69,"minecraft:polished_granite":4,"minecraft:bread":2,"minecraft:golden_helmet":3,"minecraft:lilac":1,"minecraft:activator_rail":4,"minecraft:iron_block":8,"minecraft:nether_wart_block":1,"minecraft:white_concrete":14,"minecraft:light_gray_stained_glass":7,"minecraft:tripwire_hook":2,"minecraft:polished_deepslate":2,"minecraft:light_gray_terracotta":53,"minecraft:shulker_box":2,"minecraft:flint_and_steel":1,"minecraft:copper_ore":30,"minecraft:oak_button":2,"minecraft:andesite":304,"minecraft:golden_leggings":2,"minecraft:oak_sapling":11,"minecraft:spruce_log":16,"minecraft:wooden_pickaxe":1,"minecraft:rooted_dirt":1,"minecraft:rail":11,"minecraft:leather_helmet":4,"minecraft:red_carpet":69,"minecraft:item_frame":2,"minecraft:dirt":474,"minecraft:grass":39,"minecraft:stone_button":7,"minecraft:chain":57,"minecraft:deepslate_coal_ore":1,"minecraft:bone_meal":74,"minecraft:gray_dye":33,"minecraft:bone":605,"minecraft:golden_chestplate":3,"minecraft:end_stone":3,"minecraft:light_gray_carpet":21,"minecraft:deepslate_copper_ore":1,"minecraft:ladder":30,"minecraft:spruce_slab":13,"minecraft:flowering_azalea_leaves":2,"minecraft:egg":1,"minecraft:iron_ingot":33,"minecraft:gray_stained_glass_pane":99,"minecraft:cobbled_deepslate_stairs":8,"minecraft:tnt":10,"minecraft:oak_fence":2,"minecraft:cobblestone":1327,"minecraft:granite":1041,"minecraft:spruce_button":28,"minecraft:coal":8,"minecraft:polished_andesite":1,"minecraft:golden_carrot":1,"minecraft:brown_terracotta":64,"minecraft:iron_shovel":1,"minecraft:string":94,"minecraft:hanging_roots":26,"minecraft:moss_carpet":40,"minecraft:stone_sword":2,"minecraft:dark_oak_sign":6,"minecraft:deepslate":93,"minecraft:chicken":2,"minecraft:stone_slab":44,"minecraft:nether_bricks":1,"minecraft:cobblestone_slab":1,"minecraft:stone":1079,"minecraft:spider_eye":16,"minecraft:birch_boat":1,"minecraft:black_wool":43,"minecraft:spruce_sign":3,"minecraft:birch_planks":1,"minecraft:brown_mushroom":1,"minecraft:dark_oak_stairs":28,"minecraft:baked_potato":48,"minecraft:flint":25,"minecraft:amethyst_shard":2,"minecraft:gravel":122,"minecraft:blackstone":1,"minecraft:diamond_shovel":1,"minecraft:poppy":12,"minecraft:gunpowder":31,"minecraft:chainmail_boots":2,"minecraft:chest":5,"minecraft:azalea":13,"minecraft:basalt":1,"minecraft:arrow":1173,"minecraft:powered_rail":7,"minecraft:quartz":1,"minecraft:oak_leaves":3,"minecraft:netherrack":41,"minecraft:water_bucket":3,"minecraft:stripped_spruce_log":4,"minecraft:oak_slab":30,"minecraft:mossy_cobblestone":2,"minecraft:minecart":1,"minecraft:lead":4,"minecraft:grass_block":8,"minecraft:stick":224,"minecraft:diorite":786,"minecraft:torch":147,"minecraft:iron_leggings":2,"minecraft:iron_axe":1,"minecraft:bucket":2,"minecraft:smooth_basalt":9,"minecraft:gray_stained_glass":1,"minecraft:ender_chest":1,"minecraft:coarse_dirt":4,"minecraft:tuff":12,"minecraft:raw_iron":1,"minecraft:light_gray_wool":36,"minecraft:iron_hoe":2,"minecraft:shield":4,"minecraft:iron_chestplate":1,"minecraft:oak_boat":1,"minecraft:golden_sword":1,"minecraft:slime_ball":6,"minecraft:calcite":6,"minecraft:white_stained_glass":4},"minecraft:killed":{"minecraft:salmon":13,"minecraft:pillager":11,"minecraft:zombie":264,"minecraft:endermite":1,"minecraft:zombified_piglin":2,"minecraft:witch":2,"minecraft:spider":38,"minecraft:wither":1,"minecraft:zombie_villager":2,"minecraft:sheep":9,"minecraft:ghast":2,"minecraft:slime":111,"minecraft:drowned":1,"minecraft:hoglin":1,"minecraft:squid":29,"minecraft:wither_skeleton":65,"minecraft:cave_spider":83,"minecraft:shulker":4,"minecraft:skeleton":2994,"minecraft:chicken":2,"minecraft:magma_cube":297,"minecraft:glow_squid":2,"minecraft:cow":307,"minecraft:enderman":8616,"minecraft:pig":6,"minecraft:creeper":94,"minecraft:blaze":52,"minecraft:phantom":8,"minecraft:bat":6}},"DataVersion":2730}