{"stats":{"minecraft:killed_by":{"minecraft:skeleton":2,"minecraft:creeper":3,"minecraft:player":2},"minecraft:broken":{"minecraft:shears":4,"minecraft:iron_pickaxe":15,"minecraft:iron_shovel":1,"minecraft:leather_leggings":1,"minecraft:stone_pickaxe":2,"minecraft:iron_sword":1,"minecraft:iron_axe":3,"minecraft:iron_helmet":1},"minecraft:custom":{"minecraft:interact_with_crafting_table":818,"minecraft:play_time":17934869,"minecraft:deaths":12,"minecraft:jump":129461,"minecraft:interact_with_smoker":1,"minecraft:inspect_dispenser":58,"minecraft:horse_one_cm":427,"minecraft:inspect_dropper":60,"minecraft:interact_with_anvil":93,"minecraft:inspect_hopper":226,"minecraft:time_since_rest":37005,"minecraft:swim_one_cm":1384633,"minecraft:open_chest":10256,"minecraft:open_shulker_box":5295,"minecraft:damage_resisted":56,"minecraft:talked_to_villager":49,"minecraft:interact_with_brewingstand":26,"minecraft:interact_with_beacon":12,"minecraft:boat_one_cm":1399663,"minecraft:damage_taken":42437,"minecraft:aviate_one_cm":119401057,"minecraft:open_barrel":128,"minecraft:leave_game":283,"minecraft:time_since_death":86084,"minecraft:enchant_item":179,"minecraft:interact_with_furnace":1005,"minecraft:traded_with_villager":19,"minecraft:sleep_in_bed":568,"minecraft:damage_dealt":628900,"minecraft:interact_with_smithing_table":9,"minecraft:sneak_time":1022556,"minecraft:interact_with_lectern":15,"minecraft:interact_with_blast_furnace":193,"minecraft:total_world_time":17934869,"minecraft:interact_with_stonecutter":102,"minecraft:fly_one_cm":38316808,"minecraft:fish_caught":10,"minecraft:fall_one_cm":2984014,"minecraft:animals_bred":379,"minecraft:sprint_one_cm":49450090,"minecraft:drop":1201,"minecraft:walk_on_water_one_cm":965833,"minecraft:open_enderchest":1979,"minecraft:crouch_one_cm":4842511,"minecraft:mob_kills":26449,"minecraft:climb_one_cm":147469,"minecraft:walk_one_cm":34998205,"minecraft:walk_under_water_one_cm":1813543,"minecraft:pot_flower":6,"minecraft:minecart_one_cm":92925},"minecraft:used":{"minecraft:moss_block":1,"minecraft:jack_o_lantern":162,"minecraft:writable_book":8,"minecraft:smooth_quartz_slab":1579,"minecraft:dispenser":52,"minecraft:poppy":1,"minecraft:black_carpet":402,"minecraft:stone":26488,"minecraft:quartz_stairs":12,"minecraft:soul_sand":21,"minecraft:cocoa_beans":15,"minecraft:cut_copper":7,"minecraft:cracked_deepslate_tiles":286,"minecraft:spruce_boat":10,"minecraft:packed_ice":139,"minecraft:lava_bucket":3,"minecraft:red_wool":15,"minecraft:quartz_block":237,"minecraft:netherite_hoe":3096,"minecraft:dark_oak_slab":762,"minecraft:bow":105,"minecraft:oak_sapling":36,"minecraft:deepslate_brick_wall":5,"minecraft:mossy_stone_bricks":110,"minecraft:cactus":257,"minecraft:blackstone":8,"minecraft:wooden_pickaxe":26,"minecraft:composter":4,"minecraft:clay":1,"minecraft:blast_furnace":8,"minecraft:chiseled_quartz_block":142,"minecraft:gray_concrete":4328,"minecraft:deepslate_brick_stairs":8,"minecraft:purple_concrete_powder":9,"minecraft:birch_fence":2,"minecraft:birch_slab":6,"minecraft:deepslate_iron_ore":8,"minecraft:flowering_azalea_leaves":9,"minecraft:coal_block":4,"minecraft:nether_wart_block":1,"minecraft:diamond_sword":4556,"minecraft:smithing_table":3,"minecraft:birch_log":20,"minecraft:oak_boat":3,"minecraft:purple_wool":115,"minecraft:oak_trapdoor":24,"minecraft:polished_blackstone_brick_slab":106,"minecraft:enchanting_table":4,"minecraft:armor_stand":1,"minecraft:light_gray_carpet":35,"minecraft:tinted_glass":65,"minecraft:torch":9308,"minecraft:brewing_stand":3,"minecraft:nether_quartz_ore":75,"minecraft:yellow_carpet":1,"minecraft:sea_lantern":2380,"minecraft:chipped_anvil":1,"minecraft:iron_block":1535,"minecraft:polished_deepslate_wall":141,"minecraft:jungle_log":3,"minecraft:barrel":2,"minecraft:bamboo":330,"minecraft:basalt":1304,"minecraft:horn_coral_fan":1,"minecraft:calcite":141,"minecraft:wheat_seeds":1073,"minecraft:birch_planks":320,"minecraft:lead":1,"minecraft:blue_concrete_powder":1,"minecraft:cauldron":13,"minecraft:glow_ink_sac":20,"minecraft:spruce_fence_gate":97,"minecraft:gold_ore":6,"minecraft:deepslate_bricks":592,"minecraft:polished_deepslate_slab":150,"minecraft:diamond_block":1,"minecraft:rail":1760,"minecraft:red_bed":303,"minecraft:white_bed":29,"minecraft:spruce_log":148,"minecraft:diamond_pickaxe":26174,"minecraft:warped_trapdoor":14,"minecraft:diamond_shovel":18052,"minecraft:magenta_concrete_powder":1,"minecraft:spruce_trapdoor":35,"minecraft:spruce_sapling":124,"minecraft:blue_carpet":1,"minecraft:green_carpet":1,"minecraft:potion":15,"minecraft:azalea_leaves":23,"minecraft:cooked_porkchop":30,"minecraft:warped_fence_gate":2,"minecraft:green_stained_glass":20,"minecraft:blue_terracotta":353,"minecraft:polished_deepslate":843,"minecraft:bone_block":439,"minecraft:polished_basalt":8,"minecraft:nether_wart":12,"minecraft:grass":1,"minecraft:spruce_leaves":5,"minecraft:obsidian":286,"minecraft:lantern":22,"minecraft:green_wool":15,"minecraft:item_frame":569,"minecraft:birch_button":6,"minecraft:deepslate_diamond_ore":2,"minecraft:gold_block":1,"minecraft:pink_concrete_powder":1,"minecraft:end_rod":125,"minecraft:dropper":20,"minecraft:wither_skeleton_skull":3,"minecraft:stone_pickaxe":261,"minecraft:gray_carpet":56,"minecraft:oak_planks":520,"minecraft:sandstone":27,"minecraft:sugar_cane":5318,"minecraft:diamond_axe":132,"minecraft:white_wool":33,"minecraft:light_blue_wool":15,"minecraft:end_stone":42,"minecraft:sticky_piston":38,"minecraft:lever":39,"minecraft:dark_oak_log":334,"minecraft:bread":5,"minecraft:brown_wool":15,"minecraft:iron_door":3,"minecraft:deepslate":405,"minecraft:light_blue_concrete_powder":1,"minecraft:dead_horn_coral_fan":1,"minecraft:chain":61,"minecraft:smooth_stone_slab":1,"minecraft:coarse_dirt":63,"minecraft:bone_meal":613,"minecraft:orange_concrete_powder":1,"minecraft:netherite_sword":4873,"minecraft:rose_bush":5,"minecraft:white_tulip":1,"minecraft:flint_and_steel":25,"minecraft:redstone":697,"minecraft:ender_chest":581,"minecraft:stone_hoe":84,"minecraft:dirt":7002,"minecraft:prismarine_bricks":5,"minecraft:spruce_fence":145,"minecraft:iron_hoe":80,"minecraft:oak_stairs":73,"minecraft:smooth_sandstone":11,"minecraft:yellow_concrete_powder":1,"minecraft:deepslate_tile_stairs":212,"minecraft:minecart":8,"minecraft:netherite_pickaxe":138325,"minecraft:cyan_concrete_powder":1,"minecraft:cooked_beef":458,"minecraft:pumpkin":259,"minecraft:cobbled_deepslate_wall":2,"minecraft:cobblestone_stairs":12,"minecraft:baked_potato":1154,"minecraft:cut_sandstone":4,"minecraft:spruce_sign":72,"minecraft:magenta_carpet":2,"minecraft:piston":28,"minecraft:flower_pot":9,"minecraft:black_wool":15,"minecraft:detector_rail":4,"minecraft:stone_slab":4282,"minecraft:yellow_wool":15,"minecraft:stone_axe":19,"minecraft:cobbled_deepslate_slab":85,"minecraft:gray_wool":15,"minecraft:birch_stairs":24,"minecraft:peony":3,"minecraft:nether_brick_fence":16,"minecraft:dead_horn_coral_block":125,"minecraft:spruce_slab":731,"minecraft:polished_blackstone":2,"minecraft:ladder":113,"minecraft:chest":2430,"minecraft:white_shulker_box":87,"minecraft:orange_wool":15,"minecraft:stripped_spruce_log":1,"minecraft:honeycomb":7,"minecraft:netherite_shovel":69292,"minecraft:grass_block":18615,"minecraft:copper_ore":58,"minecraft:wet_sponge":2,"minecraft:dark_oak_button":7,"minecraft:pink_wool":16,"minecraft:stone_brick_stairs":269,"minecraft:snow":5,"minecraft:sweet_berries":2,"minecraft:furnace":156,"minecraft:egg":122,"minecraft:potato":870,"minecraft:brown_concrete_powder":1,"minecraft:light_blue_carpet":1,"minecraft:emerald_ore":8,"minecraft:diorite":359,"minecraft:spruce_door":6,"minecraft:powered_rail":576,"minecraft:lime_concrete_powder":1,"minecraft:smooth_quartz_stairs":547,"minecraft:oak_leaves":1999,"minecraft:dark_oak_trapdoor":55,"minecraft:sand":7958,"minecraft:black_concrete_powder":1343,"minecraft:pumpkin_seeds":72,"minecraft:deepslate_tiles":367,"minecraft:stone_button":32,"minecraft:cyan_carpet":1,"minecraft:lectern":4,"minecraft:polished_granite":4,"minecraft:diamond_ore":4,"minecraft:lilac":4,"minecraft:magenta_stained_glass_pane":228,"minecraft:white_stained_glass":276,"minecraft:green_concrete_powder":1,"minecraft:ice":291,"minecraft:gray_stained_glass":18,"minecraft:iron_bars":54,"minecraft:stone_sword":102,"minecraft:red_concrete":10,"minecraft:netherrack":1566,"minecraft:anvil":11,"minecraft:stone_stairs":110,"minecraft:polished_diorite":878,"minecraft:shroomlight":4,"minecraft:red_shulker_box":120,"minecraft:iron_axe":813,"minecraft:spruce_button":12,"minecraft:slime_block":186,"minecraft:smooth_quartz":245,"minecraft:smooth_basalt":10,"minecraft:glowstone":133,"minecraft:magenta_wool":15,"minecraft:iron_trapdoor":68,"minecraft:orange_terracotta":3,"minecraft:cobbled_deepslate":437,"minecraft:observer":108,"minecraft:water_bucket":1104,"minecraft:yellow_shulker_box":262,"minecraft:lime_wool":15,"minecraft:smooth_sandstone_slab":244,"minecraft:cracked_stone_bricks":20,"minecraft:polished_blackstone_bricks":179,"minecraft:orange_carpet":1,"minecraft:comparator":79,"minecraft:oak_slab":96,"minecraft:tnt":1,"minecraft:crafting_table":99,"minecraft:birch_sign":28,"minecraft:dark_oak_fence_gate":20,"minecraft:deepslate_tile_wall":362,"minecraft:oak_log":188,"minecraft:oxeye_daisy":2,"minecraft:sunflower":3,"minecraft:iron_pickaxe":4211,"minecraft:cobblestone":6373,"minecraft:red_concrete_powder":17,"minecraft:sandstone_slab":511,"minecraft:kelp":415,"minecraft:light_blue_stained_glass_pane":37,"minecraft:iron_shovel":265,"minecraft:oak_sign":51,"minecraft:white_concrete_powder":17091,"minecraft:iron_sword":499,"minecraft:player_head":6,"minecraft:smooth_sandstone_stairs":177,"minecraft:nether_bricks":9,"minecraft:prismarine_brick_stairs":10,"minecraft:carrot":490,"minecraft:deepslate_tile_slab":1394,"minecraft:tuff":165,"minecraft:cyan_wool":16,"minecraft:milk_bucket":5,"minecraft:polished_deepslate_stairs":25,"minecraft:glass":163,"minecraft:cyan_terracotta":929,"minecraft:coal_ore":325,"minecraft:gray_concrete_powder":7859,"minecraft:hopper_minecart":57,"minecraft:stone_bricks":999,"minecraft:repeater":200,"minecraft:red_carpet":1,"minecraft:redstone_lamp":60,"minecraft:magma_block":3,"minecraft:brown_carpet":78,"minecraft:scaffolding":2,"minecraft:dark_oak_stairs":153,"minecraft:dark_oak_sign":7,"minecraft:ender_pearl":13,"minecraft:redstone_block":232,"minecraft:deepslate_redstone_ore":8,"minecraft:sponge":603,"minecraft:stone_brick_wall":3,"minecraft:cobbled_deepslate_stairs":1,"minecraft:shears":310,"minecraft:redstone_torch":272,"minecraft:black_concrete":525,"minecraft:firework_rocket":3661,"minecraft:lime_carpet":1,"minecraft:light_gray_concrete":4725,"minecraft:string":18,"minecraft:gravel":188,"minecraft:andesite":8669,"minecraft:chest_minecart":6,"minecraft:white_concrete":13506,"minecraft:oak_fence":23,"minecraft:cracked_deepslate_bricks":68,"minecraft:redstone_ore":16,"minecraft:stone_shovel":1,"minecraft:spruce_planks":245,"minecraft:cut_copper_stairs":9,"minecraft:white_carpet":1321,"minecraft:hopper":609,"minecraft:spruce_stairs":371,"minecraft:cobblestone_wall":51,"minecraft:shulker_box":1189,"minecraft:pink_carpet":1,"minecraft:granite":177,"minecraft:light_blue_stained_glass":39,"minecraft:purple_stained_glass_pane":55,"minecraft:stone_brick_slab":1959,"minecraft:dark_oak_planks":13,"minecraft:bookshelf":331,"minecraft:light_gray_wool":17,"minecraft:golden_carrot":376,"minecraft:white_stained_glass_pane":976,"minecraft:red_dye":4,"minecraft:brain_coral_block":2,"minecraft:cooked_mutton":3,"minecraft:amethyst_block":18,"minecraft:iron_ore":159,"minecraft:glass_bottle":22,"minecraft:polished_andesite":119,"minecraft:blue_wool":15,"minecraft:beacon":10,"minecraft:stonecutter":25,"minecraft:cobblestone_slab":256,"minecraft:glow_item_frame":6,"minecraft:light_gray_concrete_powder":5633,"minecraft:painting":19,"minecraft:nether_gold_ore":18,"minecraft:apple":8,"minecraft:cracked_polished_blackstone_bricks":126,"minecraft:map":4,"minecraft:netherite_axe":8528,"minecraft:fishing_rod":15,"minecraft:bucket":1128,"minecraft:purple_carpet":58,"minecraft:smooth_stone":10},"minecraft:mined":{"minecraft:dragon_wall_head":1,"minecraft:red_shulker_box":120,"minecraft:white_bed":25,"minecraft:fire_coral_wall_fan":6,"minecraft:granite":3754,"minecraft:deepslate_tile_wall":29,"minecraft:green_concrete":1,"minecraft:oak_wall_sign":22,"minecraft:nether_wart":10,"minecraft:spawner":1,"minecraft:chorus_flower":1,"minecraft:polished_blackstone_bricks":5,"minecraft:magma_block":26,"minecraft:dark_oak_trapdoor":7,"minecraft:fire":357,"minecraft:barrel":1,"minecraft:cobbled_deepslate":136,"minecraft:deepslate_lapis_ore":38,"minecraft:light_gray_concrete":645,"minecraft:white_shulker_box":87,"minecraft:player_head":2,"minecraft:tripwire":2,"minecraft:sandstone_slab":253,"minecraft:cut_sandstone":4,"minecraft:magenta_carpet":1,"minecraft:kelp_plant":29,"minecraft:deepslate_brick_wall":5,"minecraft:crimson_nylium":1,"minecraft:deepslate_tile_slab":97,"minecraft:torch":709,"minecraft:white_stained_glass_pane":51,"minecraft:dead_bush":22,"minecraft:spruce_wall_sign":15,"minecraft:smooth_quartz_slab":63,"minecraft:sugar_cane":3351,"minecraft:amethyst_block":254,"minecraft:chain":25,"minecraft:repeater":49,"minecraft:tinted_glass":12,"minecraft:grass":1374,"minecraft:infested_mossy_stone_bricks":10,"minecraft:smooth_quartz":58,"minecraft:smooth_basalt":21,"minecraft:deepslate":4535,"minecraft:deepslate_tiles":11,"minecraft:dark_prismarine":57,"minecraft:brown_concrete":1,"minecraft:dark_oak_log":1778,"minecraft:sea_lantern":78,"minecraft:end_stone":131,"minecraft:spruce_fence":30,"minecraft:redstone_wire":169,"minecraft:red_mushroom":1,"minecraft:white_concrete_powder":2,"minecraft:magenta_stained_glass_pane":7,"minecraft:redstone_ore":778,"minecraft:pink_concrete":1,"minecraft:andesite":4473,"minecraft:cyan_concrete":1,"minecraft:cobblestone_slab":19,"minecraft:rail":259,"minecraft:brain_coral_wall_fan":8,"minecraft:bone_block":35,"minecraft:ender_chest":577,"minecraft:oak_slab":3,"minecraft:birch_stairs":4,"minecraft:redstone_block":21,"minecraft:soul_sand":76,"minecraft:dandelion":22,"minecraft:cornflower":4,"minecraft:brain_coral_fan":2,"minecraft:tall_grass":151,"minecraft:copper_ore":587,"minecraft:deepslate_gold_ore":89,"minecraft:diorite":4513,"minecraft:warped_wart_block":93,"minecraft:purple_wool":2,"minecraft:coarse_dirt":5,"minecraft:cobblestone_wall":43,"minecraft:dark_oak_wall_sign":8,"minecraft:purple_concrete":1,"minecraft:dark_oak_button":1,"minecraft:sunflower":4,"minecraft:gravel":31561,"minecraft:cobweb":135,"minecraft:birch_sign":1,"minecraft:polished_blackstone":4,"minecraft:stone_bricks":775,"minecraft:chipped_anvil":1,"minecraft:gold_ore":312,"minecraft:iron_trapdoor":32,"minecraft:stone_pressure_plate":1,"minecraft:oak_sapling":13,"minecraft:warped_fence_gate":1,"minecraft:brewing_stand":1,"minecraft:spruce_trapdoor":5,"minecraft:budding_amethyst":27,"minecraft:cracked_polished_blackstone_bricks":3,"minecraft:white_concrete":2910,"minecraft:polished_diorite":210,"minecraft:polished_blackstone_brick_slab":3,"minecraft:green_stained_glass":14,"minecraft:red_tulip":2,"minecraft:pointed_dripstone":9,"minecraft:flowering_azalea_leaves":3,"minecraft:iron_bars":62,"minecraft:spruce_slab":66,"minecraft:deepslate_redstone_ore":337,"minecraft:quartz_block":18,"minecraft:orange_terracotta":7,"minecraft:jungle_stairs":3,"minecraft:beacon":10,"minecraft:nether_quartz_ore":1904,"minecraft:oak_planks":84,"minecraft:wall_torch":325,"minecraft:cauldron":4,"minecraft:stone_stairs":25,"minecraft:fire_coral_fan":1,"minecraft:warped_nylium":2,"minecraft:blue_terracotta":13,"minecraft:powered_rail":50,"minecraft:dark_oak_slab":29,"minecraft:tnt":9,"minecraft:smooth_stone_slab":12,"minecraft:oak_log":538,"minecraft:dirt":7957,"minecraft:dispenser":12,"minecraft:ancient_debris":90,"minecraft:crying_obsidian":2,"minecraft:quartz_stairs":12,"minecraft:dark_oak_leaves":55,"minecraft:glow_lichen":2,"minecraft:lever":16,"minecraft:ladder":15,"minecraft:stone_button":7,"minecraft:birch_slab":8,"minecraft:spruce_leaves":361,"minecraft:dead_horn_coral_wall_fan":1,"minecraft:crimson_stem":14,"minecraft:polished_basalt":14,"minecraft:peony":4,"minecraft:gold_block":17,"minecraft:nether_brick_fence":1,"minecraft:bookshelf":57,"minecraft:deepslate_iron_ore":184,"minecraft:shroomlight":21,"minecraft:stripped_oak_log":1,"minecraft:wet_sponge":664,"minecraft:scaffolding":3,"minecraft:stripped_dark_oak_log":1,"minecraft:basalt":3554,"minecraft:polished_granite":4,"minecraft:oak_fence":46,"minecraft:stone_slab":130,"minecraft:deepslate_coal_ore":420,"minecraft:red_concrete":17,"minecraft:prismarine_bricks":66,"minecraft:birch_planks":26,"minecraft:sea_pickle":2,"minecraft:ice":577,"minecraft:bee_nest":1,"minecraft:cocoa":17,"minecraft:flower_pot":2,"minecraft:yellow_concrete":1,"minecraft:cracked_stone_bricks":306,"minecraft:mossy_stone_bricks":419,"minecraft:dark_oak_planks":7,"minecraft:light_blue_concrete":1,"minecraft:jungle_leaves":67,"minecraft:carved_pumpkin":257,"minecraft:obsidian":367,"minecraft:stone_brick_wall":2,"minecraft:jungle_log":42,"minecraft:horn_coral_fan":1,"minecraft:deepslate_bricks":177,"minecraft:coal_block":1,"minecraft:deepslate_tile_stairs":30,"minecraft:bubble_coral_block":1,"minecraft:tube_coral_block":9,"minecraft:hopper":47,"minecraft:oxeye_daisy":6,"minecraft:chiseled_stone_bricks":9,"minecraft:light_blue_stained_glass":5,"minecraft:orange_concrete":1,"minecraft:weeping_vines_plant":2,"minecraft:tall_seagrass":9,"minecraft:sticky_piston":8,"minecraft:pumpkin":683,"minecraft:enchanting_table":1,"minecraft:polished_deepslate_slab":23,"minecraft:oak_sign":9,"minecraft:dirt_path":10,"minecraft:oak_stairs":9,"minecraft:small_amethyst_bud":2,"minecraft:smooth_sandstone_stairs":9,"minecraft:blue_orchid":8,"minecraft:iron_block":1481,"minecraft:red_bed":302,"minecraft:player_wall_head":1,"minecraft:amethyst_cluster":57,"minecraft:blast_furnace":4,"minecraft:glass":23,"minecraft:smooth_sandstone_slab":6,"minecraft:cyan_wool":1,"minecraft:black_concrete_powder":5,"minecraft:wheat":985,"minecraft:lilac":5,"minecraft:lime_concrete":1,"minecraft:warped_fungus":6,"minecraft:potted_poppy":1,"minecraft:stone_brick_stairs":87,"minecraft:stonecutter":24,"minecraft:piston":14,"minecraft:infested_deepslate":5,"minecraft:light_blue_stained_glass_pane":5,"minecraft:jack_o_lantern":42,"minecraft:shulker_box":1228,"minecraft:nether_bricks":15,"minecraft:cobbled_deepslate_slab":2,"minecraft:jungle_planks":3,"minecraft:magenta_concrete":1,"minecraft:moss_block":1,"minecraft:kelp":127,"minecraft:horn_coral_wall_fan":7,"minecraft:pink_wool":1,"minecraft:snow":5,"minecraft:potatoes":798,"minecraft:warped_stem":115,"minecraft:warped_trapdoor":12,"minecraft:smooth_quartz_stairs":84,"minecraft:bamboo_sapling":31,"minecraft:bamboo":530,"minecraft:cut_copper":1,"minecraft:white_wool":17,"minecraft:brain_coral":1,"minecraft:smithing_table":2,"minecraft:light_gray_carpet":26,"minecraft:gray_concrete":494,"minecraft:comparator":10,"minecraft:brown_carpet":3,"minecraft:stone_brick_slab":94,"minecraft:observer":39,"minecraft:smooth_sandstone":2,"minecraft:cobbled_deepslate_wall":2,"minecraft:spruce_button":6,"minecraft:emerald_ore":142,"minecraft:sponge":9,"minecraft:dropper":7,"minecraft:cracked_deepslate_bricks":4,"minecraft:white_carpet":82,"minecraft:spruce_log":2596,"minecraft:birch_leaves":3,"minecraft:dripstone_block":62,"minecraft:spruce_fence_gate":10,"minecraft:deepslate_emerald_ore":19,"minecraft:infested_stone":75,"minecraft:large_amethyst_bud":5,"minecraft:spruce_planks":24,"minecraft:grass_block":17949,"minecraft:infested_cobblestone":3,"minecraft:blue_concrete":1,"minecraft:purple_stained_glass_pane":2,"minecraft:soul_soil":36,"minecraft:smooth_stone":10,"minecraft:glowstone":285,"minecraft:iron_ore":2518,"minecraft:black_carpet":17,"minecraft:anvil":3,"minecraft:azure_bluet":11,"minecraft:dark_oak_stairs":19,"minecraft:birch_wall_sign":18,"minecraft:azalea_leaves":20,"minecraft:end_stone_bricks":6,"minecraft:brain_coral_block":3,"minecraft:cyan_terracotta":87,"minecraft:blackstone":860,"minecraft:polished_deepslate_stairs":7,"minecraft:chiseled_quartz_block":1,"minecraft:clay":17,"minecraft:calcite":484,"minecraft:poppy":10,"minecraft:chest":237,"minecraft:cobblestone":1233,"minecraft:slime_block":115,"minecraft:grindstone":1,"minecraft:prismarine":63,"minecraft:iron_door":1,"minecraft:deepslate_copper_ore":27,"minecraft:seagrass":11,"minecraft:nether_wart_block":23,"minecraft:birch_log":1158,"minecraft:birch_trapdoor":8,"minecraft:cracked_deepslate_tiles":4,"minecraft:sand":28218,"minecraft:infested_cracked_stone_bricks":5,"minecraft:netherrack":47260,"minecraft:polished_deepslate_wall":7,"minecraft:oak_leaves":2353,"minecraft:horn_coral_block":143,"minecraft:redstone_lamp":1,"minecraft:nether_gold_ore":150,"minecraft:tube_coral":1,"minecraft:diamond_ore":125,"minecraft:tuff":474,"minecraft:deepslate_diamond_ore":77,"minecraft:gray_stained_glass_pane":2,"minecraft:white_stained_glass":37,"minecraft:sandstone":407,"minecraft:oak_trapdoor":5,"minecraft:spruce_sapling":8,"minecraft:furnace":82,"minecraft:carrots":357,"minecraft:chiseled_sandstone":1,"minecraft:dark_oak_fence_gate":2,"minecraft:stripped_spruce_log":1,"minecraft:black_concrete":25,"minecraft:dead_horn_coral_block":6,"minecraft:polished_deepslate":71,"minecraft:packed_ice":327,"minecraft:chorus_plant":1,"minecraft:stone":66482,"minecraft:white_tulip":1,"minecraft:yellow_shulker_box":262,"minecraft:redstone_wall_torch":12,"minecraft:podzol":116,"minecraft:infested_stone_bricks":79,"minecraft:crafting_table":91,"minecraft:rose_bush":6,"minecraft:lectern":3,"minecraft:lapis_ore":49,"minecraft:lily_pad":5,"minecraft:spruce_stairs":64,"minecraft:cactus":76,"minecraft:gray_concrete_powder":17,"minecraft:polished_blackstone_stairs":4,"minecraft:redstone_torch":24,"minecraft:coal_ore":3784,"minecraft:end_rod":58,"minecraft:bubble_coral_wall_fan":2,"minecraft:gray_carpet":49,"minecraft:terracotta":4076,"minecraft:polished_andesite":3},"minecraft:picked_up":{"minecraft:lead":96,"minecraft:smithing_table":3,"minecraft:stone_slab":133,"minecraft:enchanted_book":2,"minecraft:blue_concrete":1,"minecraft:polished_deepslate":139,"minecraft:string":559,"minecraft:pufferfish":2,"minecraft:shroomlight":21,"minecraft:diamond_ore":4,"minecraft:polished_blackstone_brick_slab":30,"minecraft:polished_blackstone_stairs":4,"minecraft:golden_chestplate":3,"minecraft:cauldron":4,"minecraft:brown_carpet":59,"minecraft:stone_sword":6,"minecraft:horn_coral_fan":3,"minecraft:polished_basalt":14,"minecraft:carved_pumpkin":261,"minecraft:red_tulip":2,"minecraft:glowstone":266,"minecraft:bookshelf":64,"minecraft:end_rod":124,"minecraft:blaze_rod":67,"minecraft:iron_bars":78,"minecraft:sponge":666,"minecraft:cooked_beef":178,"minecraft:feather":44,"minecraft:water_bucket":6,"minecraft:brown_wool":117,"minecraft:flint":17,"minecraft:lantern":1,"minecraft:gray_concrete_powder":1194,"minecraft:stonecutter":24,"minecraft:dark_oak_sign":10,"minecraft:honeycomb":248,"minecraft:stripped_spruce_log":1,"minecraft:acacia_stairs":1,"minecraft:polished_andesite":1,"minecraft:blue_terracotta":12,"minecraft:deepslate":684,"minecraft:lever":32,"minecraft:granite":4106,"minecraft:spruce_button":6,"minecraft:golden_horse_armor":2,"minecraft:cyan_dye":2,"minecraft:jack_o_lantern":43,"minecraft:light_gray_carpet":26,"minecraft:diamond_pickaxe":2,"minecraft:bee_nest":1,"minecraft:clay_ball":4,"minecraft:leather_leggings":4,"minecraft:redstone_lamp":1,"minecraft:dragon_head":1,"minecraft:cornflower":24,"minecraft:elytra":3,"minecraft:white_stained_glass":31,"minecraft:white_carpet":102,"minecraft:iron_shovel":7,"minecraft:netherite_sword":3,"minecraft:poppy":64,"minecraft:spruce_slab":95,"minecraft:minecart":31,"minecraft:birch_sapling":642,"minecraft:piston":30,"minecraft:copper_ore":84,"minecraft:stone":47479,"minecraft:fire_charge":1,"minecraft:white_dye":4,"minecraft:netherite_pickaxe":2,"minecraft:stone_shovel":1,"minecraft:cracked_deepslate_bricks":6,"minecraft:totem_of_undying":1,"minecraft:polished_blackstone":4,"minecraft:mutton":9,"minecraft:rail":431,"minecraft:bone_block":49,"minecraft:emerald_ore":8,"minecraft:oxeye_daisy":11,"minecraft:birch_leaves":1,"minecraft:yellow_shulker_box":262,"minecraft:yellow_dye":2,"minecraft:lily_pad":6,"minecraft:apple":28,"minecraft:warped_stem":115,"minecraft:stone_pickaxe":1,"minecraft:iron_ore":220,"minecraft:dark_oak_stairs":21,"minecraft:smooth_basalt":24,"minecraft:sweet_berries":56,"minecraft:red_wool":29,"minecraft:lime_concrete":1,"minecraft:light_blue_stained_glass":5,"minecraft:crying_obsidian":6,"minecraft:leather_helmet":4,"minecraft:coal_ore":413,"minecraft:slime_ball":516,"minecraft:deepslate_redstone_ore":8,"minecraft:painting":16,"minecraft:birch_sign":19,"minecraft:baked_potato":65,"minecraft:smooth_quartz_slab":76,"minecraft:hopper":62,"minecraft:black_carpet":17,"minecraft:light_blue_concrete":1,"minecraft:ender_chest":577,"minecraft:nether_brick_fence":4,"minecraft:yellow_wool":28,"minecraft:stone_brick_stairs":87,"minecraft:dead_tube_coral_block":6,"minecraft:smooth_stone":11,"minecraft:comparator":12,"minecraft:bucket":5,"minecraft:red_dye":2,"minecraft:white_tulip":1,"minecraft:rose_bush":63,"minecraft:cobblestone_slab":23,"minecraft:iron_pickaxe":9,"minecraft:wooden_shovel":1,"minecraft:smooth_quartz":59,"minecraft:smooth_quartz_stairs":84,"minecraft:deepslate_iron_ore":8,"minecraft:blue_wool":28,"minecraft:birch_trapdoor":8,"minecraft:polished_deepslate_stairs":7,"minecraft:spruce_stairs":64,"minecraft:netherite_shovel":1,"minecraft:diorite":6940,"minecraft:rotten_flesh":582,"minecraft:chorus_flower":2,"minecraft:obsidian":337,"minecraft:blaze_powder":1,"minecraft:cobblestone":23322,"minecraft:enchanting_table":1,"minecraft:leather_chestplate":2,"minecraft:lilac":92,"minecraft:repeater":52,"minecraft:andesite":4967,"minecraft:golden_leggings":3,"minecraft:beacon":11,"minecraft:potato":2932,"minecraft:smooth_sandstone_stairs":9,"minecraft:prismarine_bricks":62,"minecraft:dirt":8805,"minecraft:name_tag":7,"minecraft:glass":42,"minecraft:bone":574,"minecraft:bow":21,"minecraft:wheat_seeds":3456,"minecraft:grindstone":1,"minecraft:netherite_axe":1,"minecraft:purple_stained_glass_pane":13,"minecraft:mossy_stone_bricks":412,"minecraft:bamboo":2775,"minecraft:cyan_concrete":1,"minecraft:prismarine":58,"minecraft:gray_stained_glass":6,"minecraft:grass_block":19085,"minecraft:warped_fence_gate":1,"minecraft:jungle_leaves":3,"minecraft:slime_block":140,"minecraft:netherite_helmet":1,"minecraft:cracked_polished_blackstone_bricks":8,"minecraft:crossbow":1,"minecraft:grass":39,"minecraft:bone_meal":5,"minecraft:golden_apple":8,"minecraft:spruce_sign":14,"minecraft:emerald":322,"minecraft:netherrack":17546,"minecraft:chorus_fruit":3,"minecraft:oak_leaves":2283,"minecraft:azure_bluet":57,"minecraft:splash_potion":2,"minecraft:ladder":18,"minecraft:brown_mushroom":10,"minecraft:packed_ice":325,"minecraft:pink_wool":29,"minecraft:stone_brick_wall":3,"minecraft:chain":35,"minecraft:brick":12,"minecraft:oak_trapdoor":7,"minecraft:magenta_wool":28,"minecraft:blackstone":751,"minecraft:blue_orchid":8,"minecraft:lime_wool":25,"minecraft:end_stone":121,"minecraft:flowering_azalea_leaves":23,"minecraft:polished_blackstone_bricks":23,"minecraft:cookie":2,"minecraft:stone_pressure_plate":1,"minecraft:red_shulker_box":120,"minecraft:weeping_vines":1,"minecraft:pumpkin_pie":2,"minecraft:nether_bricks":14,"minecraft:netherite_boots":1,"minecraft:purple_dye":2,"minecraft:dark_oak_button":1,"minecraft:basalt":4508,"minecraft:golden_carrot":64,"minecraft:leather":372,"minecraft:ice":370,"minecraft:crimson_fungus":2,"minecraft:gunpowder":315,"minecraft:cobbled_deepslate_stairs":1,"minecraft:cobblestone_wall":50,"minecraft:orange_terracotta":7,"minecraft:cooked_mutton":2,"minecraft:gray_carpet":53,"minecraft:iron_ingot":546,"minecraft:nether_quartz_ore":75,"minecraft:warped_fungus":6,"minecraft:stone_brick_slab":62,"minecraft:quartz":3259,"minecraft:dandelion":58,"minecraft:amethyst_shard":470,"minecraft:green_stained_glass":14,"minecraft:pumpkin_seeds":1045,"minecraft:white_concrete_powder":3384,"minecraft:chainmail_leggings":1,"minecraft:terracotta":4070,"minecraft:sunflower":34,"minecraft:iron_chestplate":6,"minecraft:prismarine_shard":18,"minecraft:flower_pot":20,"minecraft:anvil":4,"minecraft:magenta_carpet":1,"minecraft:oak_stairs":9,"minecraft:brewing_stand":1,"minecraft:golden_sword":1,"minecraft:polished_deepslate_wall":45,"minecraft:amethyst_block":255,"minecraft:dark_oak_trapdoor":9,"minecraft:soul_soil":32,"minecraft:gold_nugget":807,"minecraft:cobbled_deepslate":4130,"minecraft:spruce_planks":25,"minecraft:azalea_leaves":113,"minecraft:enchanted_golden_apple":1,"minecraft:coal_block":1,"minecraft:golden_helmet":1,"minecraft:deepslate_tile_stairs":53,"minecraft:black_dye":2,"minecraft:gray_stained_glass_pane":1,"minecraft:light_blue_wool":25,"minecraft:iron_block":1698,"minecraft:blue_dye":2,"minecraft:cyan_terracotta":87,"minecraft:netherite_chestplate":2,"minecraft:birch_log":1375,"minecraft:magma_block":31,"minecraft:iron_door":3,"minecraft:birch_slab":8,"minecraft:jungle_log":42,"minecraft:netherite_leggings":1,"minecraft:gray_concrete":496,"minecraft:light_gray_concrete_powder":505,"minecraft:twisting_vines":3,"minecraft:chipped_anvil":1,"minecraft:glowstone_dust":165,"minecraft:moss_block":2,"minecraft:warped_wart_block":78,"minecraft:dropper":38,"minecraft:ink_sac":216,"minecraft:dark_oak_log":2095,"minecraft:barrel":1,"minecraft:dispenser":12,"minecraft:black_concrete_powder":239,"minecraft:green_concrete":1,"minecraft:writable_book":4,"minecraft:dead_brain_coral_block":1,"minecraft:bread":13,"minecraft:spruce_leaves":230,"minecraft:coarse_dirt":5,"minecraft:crafting_table":97,"minecraft:sandstone_slab":231,"minecraft:bubble_coral_fan":2,"minecraft:purple_wool":259,"minecraft:nether_wart":35,"minecraft:dead_horn_coral_block":157,"minecraft:red_bed":303,"minecraft:snow":5,"minecraft:cracked_stone_bricks":304,"minecraft:deepslate_diamond_ore":2,"minecraft:beef":546,"minecraft:cyan_wool":29,"minecraft:iron_nugget":209,"minecraft:quartz_stairs":26,"minecraft:chest":256,"minecraft:egg":925,"minecraft:sandstone":402,"minecraft:polished_deepslate_slab":64,"minecraft:oak_door":1,"minecraft:glow_item_frame":2,"minecraft:spruce_fence":41,"minecraft:carrot":1414,"minecraft:redstone":6698,"minecraft:prismarine_crystals":10,"minecraft:tnt":9,"minecraft:beetroot_seeds":27,"minecraft:peony":25,"minecraft:shears":1,"minecraft:deepslate_bricks":227,"minecraft:cut_copper":1,"minecraft:gold_ingot":36,"minecraft:glow_berries":47,"minecraft:white_shulker_box":88,"minecraft:white_wool":1248,"minecraft:filled_map":1,"minecraft:brown_concrete":1,"minecraft:oak_log":665,"minecraft:ancient_debris":90,"minecraft:golden_boots":2,"minecraft:white_banner":1,"minecraft:stone_bricks":808,"minecraft:kelp":580,"minecraft:glass_bottle":2,"minecraft:iron_sword":7,"minecraft:white_stained_glass_pane":48,"minecraft:dark_oak_slab":66,"minecraft:yellow_concrete":1,"minecraft:gravel":31541,"minecraft:birch_stairs":4,"minecraft:spruce_sapling":220,"minecraft:spruce_log":2589,"minecraft:sea_lantern":79,"minecraft:firework_rocket":40,"minecraft:red_stained_glass":1,"minecraft:polished_diorite":251,"minecraft:stone_axe":2,"minecraft:redstone_ore":16,"minecraft:gray_wool":55,"minecraft:melon_seeds":13,"minecraft:pink_dye":2,"minecraft:ender_pearl":9297,"minecraft:shulker_shell":32,"minecraft:wheat":970,"minecraft:redstone_block":22,"minecraft:iron_trapdoor":37,"minecraft:dead_horn_coral_fan":1,"minecraft:potion":4,"minecraft:brain_coral_block":2,"minecraft:nether_brick":16,"minecraft:raw_copper":2910,"minecraft:smooth_stone_slab":20,"minecraft:iron_leggings":5,"minecraft:sticky_piston":25,"minecraft:oak_sign":36,"minecraft:sea_pickle":13,"minecraft:activator_rail":12,"minecraft:deepslate_tiles":100,"minecraft:dark_oak_leaves":18,"minecraft:redstone_torch":75,"minecraft:calcite":485,"minecraft:deepslate_tile_wall":29,"minecraft:furnace":83,"minecraft:iron_boots":5,"minecraft:stick":1058,"minecraft:deepslate_brick_wall":15,"minecraft:oak_fence":67,"minecraft:torch":2364,"minecraft:porkchop":91,"minecraft:pointed_dripstone":21,"minecraft:quartz_block":76,"minecraft:nether_gold_ore":18,"minecraft:cactus":242,"minecraft:green_wool":28,"minecraft:fire_coral_fan":3,"minecraft:cod":19,"minecraft:magma_cream":298,"minecraft:chiseled_quartz_block":1,"minecraft:magenta_dye":4,"minecraft:warped_trapdoor":12,"minecraft:tuff":528,"minecraft:light_gray_dye":2,"minecraft:wither_skeleton_skull":3,"minecraft:lapis_lazuli":1309,"minecraft:polished_granite":4,"minecraft:leather_boots":6,"minecraft:cobbled_deepslate_wall":3,"minecraft:raw_gold":726,"minecraft:cobbled_deepslate_slab":51,"minecraft:light_blue_dye":2,"minecraft:powered_rail":52,"minecraft:oak_planks":143,"minecraft:brain_coral":1,"minecraft:pink_stained_glass":1,"minecraft:ghast_tear":2,"minecraft:pink_concrete":1,"minecraft:cooked_porkchop":8,"minecraft:poisonous_potato":9,"minecraft:sand":36032,"minecraft:jungle_planks":3,"minecraft:chiseled_sandstone":1,"minecraft:shulker_box":1248,"minecraft:orange_wool":32,"minecraft:dark_prismarine":54,"minecraft:light_gray_concrete":633,"minecraft:dark_prismarine_slab":2,"minecraft:spruce_fence_gate":9,"minecraft:clay":16,"minecraft:black_concrete":25,"minecraft:spruce_boat":11,"minecraft:diamond":557,"minecraft:white_concrete":2887,"minecraft:oak_sapling":231,"minecraft:nether_star":1,"minecraft:end_stone_bricks":6,"minecraft:cocoa_beans":47,"minecraft:allium":222,"minecraft:chicken":42,"minecraft:gold_block":17,"minecraft:diamond_horse_armor":1,"minecraft:stone_stairs":24,"minecraft:iron_axe":4,"minecraft:orange_concrete":1,"minecraft:item_frame":62,"minecraft:detector_rail":14,"minecraft:oak_boat":6,"minecraft:player_head":82,"minecraft:observer":52,"minecraft:sugar_cane":6211,"minecraft:light_gray_wool":63,"minecraft:lectern":3,"minecraft:tinted_glass":60,"minecraft:phantom_membrane":1,"minecraft:spruce_trapdoor":3,"minecraft:dark_oak_sapling":193,"minecraft:orange_dye":2,"minecraft:raw_iron":5036,"minecraft:copper_ingot":1,"minecraft:gray_dye":2,"minecraft:stone_button":9,"minecraft:dark_oak_planks":53,"minecraft:smooth_sandstone_slab":8,"minecraft:arrow":420,"minecraft:light_blue_stained_glass_pane":5,"minecraft:jungle_stairs":3,"minecraft:saddle":2,"minecraft:cracked_deepslate_tiles":19,"minecraft:wet_sponge":669,"minecraft:glow_ink_sac":31,"minecraft:crimson_stem":14,"minecraft:salmon":16,"minecraft:cut_sandstone":4,"minecraft:birch_planks":32,"minecraft:nether_wart_block":19,"minecraft:cobblestone_stairs":1,"minecraft:deepslate_tile_slab":109,"minecraft:podzol":120,"minecraft:smooth_sandstone":2,"minecraft:soul_sand":82,"minecraft:purple_concrete":1,"minecraft:green_dye":3,"minecraft:book":44,"minecraft:oak_slab":64,"minecraft:scaffolding":6,"minecraft:pumpkin":682,"minecraft:chiseled_stone_bricks":9,"minecraft:dripstone_block":61,"minecraft:brain_coral_fan":5,"minecraft:magenta_stained_glass_pane":14,"minecraft:blast_furnace":4,"minecraft:white_bed":25,"minecraft:gold_ore":23,"minecraft:dark_oak_fence_gate":2,"minecraft:spider_eye":243,"minecraft:lime_dye":2,"minecraft:iron_helmet":5,"minecraft:magenta_concrete":1,"minecraft:black_wool":322,"minecraft:red_concrete":17,"minecraft:coal":8589,"minecraft:purple_concrete_powder":8},"minecraft:crafted":{"minecraft:lime_stained_glass":8,"minecraft:black_dye":1008,"minecraft:yellow_wool":1,"minecraft:oak_sign":18,"minecraft:polished_deepslate_wall":22,"minecraft:blaze_powder":12,"minecraft:chain":31,"minecraft:diamond_shovel":5,"minecraft:gray_wool":7,"minecraft:shulker_box":16,"minecraft:diamond_helmet":6,"minecraft:magenta_concrete_powder":8,"minecraft:beacon":1,"minecraft:light_blue_concrete_powder":8,"minecraft:stone_pressure_plate":1,"minecraft:iron_door":6,"minecraft:black_wool":1,"minecraft:gray_stained_glass":160,"minecraft:white_shulker_box":1,"minecraft:lime_concrete_powder":8,"minecraft:pink_stained_glass":8,"minecraft:warped_stairs":4,"minecraft:blue_stained_glass":8,"minecraft:redstone_lamp":60,"minecraft:end_rod":8,"minecraft:glow_item_frame":4,"minecraft:chest_minecart":6,"minecraft:smithing_table":1,"minecraft:nether_brick_fence":18,"minecraft:sticky_piston":37,"minecraft:green_stained_glass":16,"minecraft:polished_deepslate_slab":126,"minecraft:painting":3,"minecraft:stone_brick_stairs":99,"minecraft:lectern":1,"minecraft:stone_slab":4218,"minecraft:iron_pickaxe":19,"minecraft:sandstone":128,"minecraft:netherite_ingot":22,"minecraft:composter":4,"minecraft:cyan_wool":1,"minecraft:golden_carrot":2,"minecraft:magenta_wool":1,"minecraft:iron_nugget":459,"minecraft:diamond_hoe":5,"minecraft:light_gray_wool":11,"minecraft:jack_o_lantern":257,"minecraft:prismarine_brick_stairs":11,"minecraft:spruce_fence":144,"minecraft:stone_stairs":14,"minecraft:lantern":23,"minecraft:spruce_stairs":348,"minecraft:polished_diorite":824,"minecraft:black_concrete_powder":1544,"minecraft:red_shulker_box":1,"minecraft:stone_pickaxe":2,"minecraft:spruce_boat":1,"minecraft:purple_carpet":60,"minecraft:light_gray_terracotta":8,"minecraft:enchanting_table":3,"minecraft:light_blue_wool":1,"minecraft:dark_oak_button":7,"minecraft:acacia_stairs":4,"minecraft:red_carpet":3,"minecraft:deepslate_tiles":1,"minecraft:enchanted_book":16,"minecraft:orange_dye":22,"minecraft:light_blue_carpet":3,"minecraft:crimson_stairs":4,"minecraft:red_stained_glass":8,"minecraft:writable_book":5,"minecraft:iron_shovel":1,"minecraft:armor_stand":2,"minecraft:pink_terracotta":8,"minecraft:cobblestone_slab":270,"minecraft:barrel":1,"minecraft:stone":192,"minecraft:pink_carpet":3,"minecraft:warped_planks":20,"minecraft:brown_carpet":129,"minecraft:brown_stained_glass":8,"minecraft:stone_brick_slab":142,"minecraft:bow":85,"minecraft:comparator":128,"minecraft:chest":2859,"minecraft:netherite_helmet":2,"minecraft:yellow_terracotta":8,"minecraft:copper_block":257,"minecraft:jungle_stairs":4,"minecraft:rail":1680,"minecraft:blue_concrete_powder":8,"minecraft:birch_button":6,"minecraft:ender_eye":7,"minecraft:stone_bricks":1916,"minecraft:oak_fence":18,"minecraft:golden_boots":2,"minecraft:dropper":64,"minecraft:cauldron":9,"minecraft:lime_terracotta":8,"minecraft:iron_helmet":1,"minecraft:brown_dye":18,"minecraft:cracked_deepslate_bricks":112,"minecraft:red_wool":2,"minecraft:white_stained_glass_pane":1136,"minecraft:yellow_stained_glass":8,"minecraft:dispenser":64,"minecraft:tnt":4,"minecraft:spruce_trapdoor":40,"minecraft:purple_dye":66,"minecraft:pink_wool":1,"minecraft:yellow_dye":54,"minecraft:warped_fence_gate":1,"minecraft:gray_terracotta":8,"minecraft:stick":9089,"minecraft:iron_ingot":7314,"minecraft:light_blue_stained_glass":72,"minecraft:lime_carpet":3,"minecraft:cyan_carpet":3,"minecraft:dark_oak_fence_gate":20,"minecraft:deepslate_bricks":576,"minecraft:blue_terracotta":392,"minecraft:stone_brick_wall":6,"minecraft:fishing_rod":1,"minecraft:netherite_sword":4,"minecraft:spruce_button":8,"minecraft:furnace":90,"minecraft:blast_furnace":4,"minecraft:piston":70,"minecraft:magenta_stained_glass_pane":288,"minecraft:raw_copper_block":83,"minecraft:smooth_quartz_stairs":14,"minecraft:oak_trapdoor":24,"minecraft:flint_and_steel":2,"minecraft:scaffolding":108,"minecraft:netherite_chestplate":2,"minecraft:white_concrete_powder":17672,"minecraft:orange_terracotta":8,"minecraft:cobblestone_wall":54,"minecraft:birch_sign":12,"minecraft:smooth_sandstone_stairs":5,"minecraft:purple_terracotta":8,"minecraft:light_blue_stained_glass_pane":48,"minecraft:purple_stained_glass":32,"minecraft:iron_trapdoor":50,"minecraft:iron_sword":3,"minecraft:jungle_planks":8,"minecraft:white_dye":3653,"minecraft:brown_concrete_powder":8,"minecraft:netherite_shovel":2,"minecraft:black_carpet":387,"minecraft:blue_wool":1,"minecraft:stonecutter":3,"minecraft:anvil":6,"minecraft:andesite":3840,"minecraft:torch":7640,"minecraft:magenta_carpet":3,"minecraft:diamond_chestplate":3,"minecraft:ender_chest":7,"minecraft:light_gray_concrete_powder":5640,"minecraft:smooth_stone":129,"minecraft:orange_carpet":3,"minecraft:orange_stained_glass":8,"minecraft:birch_slab":12,"minecraft:slime_block":53,"minecraft:lever":28,"minecraft:bookshelf":51,"minecraft:cooked_mutton":3,"minecraft:iron_bars":64,"minecraft:red_concrete_powder":24,"minecraft:deepslate_brick_stairs":11,"minecraft:quartz_block":1232,"minecraft:glass":1519,"minecraft:light_blue_terracotta":8,"minecraft:repeater":235,"minecraft:diamond_leggings":3,"minecraft:netherite_boots":2,"minecraft:chiseled_quartz_block":1,"minecraft:magenta_dye":166,"minecraft:flower_pot":4,"minecraft:glass_bottle":9,"minecraft:wooden_shovel":11,"minecraft:smooth_quartz":704,"minecraft:cooked_porkchop":30,"minecraft:diamond_axe":9,"minecraft:spruce_door":12,"minecraft:copper_ingot":2333,"minecraft:green_terracotta":8,"minecraft:compass":6,"minecraft:iron_block":911,"minecraft:white_terracotta":8,"minecraft:gold_ingot":1152,"minecraft:light_gray_dye":738,"minecraft:spruce_fence_gate":91,"minecraft:birch_stairs":44,"minecraft:yellow_concrete_powder":8,"minecraft:stone_shovel":92,"minecraft:smooth_stone_slab":8,"minecraft:player_head":24,"minecraft:polished_deepslate_stairs":8,"minecraft:tinted_glass":66,"minecraft:cut_copper_stairs":9,"minecraft:red_terracotta":8,"minecraft:bone_meal":9449,"minecraft:cyan_stained_glass":8,"minecraft:pink_dye":38,"minecraft:white_carpet":1293,"minecraft:orange_wool":1,"minecraft:warped_trapdoor":2,"minecraft:diamond":153,"minecraft:netherite_axe":2,"minecraft:detector_rail":6,"minecraft:deepslate_brick_wall":10,"minecraft:ladder":120,"minecraft:spruce_slab":750,"minecraft:diamond_boots":6,"minecraft:cobbled_deepslate_stairs":2,"minecraft:deepslate_tile_wall":25,"minecraft:redstone_block":567,"minecraft:dark_oak_planks":936,"minecraft:coal_block":506,"minecraft:purple_stained_glass_pane":64,"minecraft:netherite_pickaxe":4,"minecraft:magenta_stained_glass":152,"minecraft:red_bed":2,"minecraft:sandstone_slab":324,"minecraft:gray_concrete_powder":7952,"minecraft:polished_granite":12,"minecraft:glowstone":40,"minecraft:white_stained_glass":1136,"minecraft:oak_stairs":76,"minecraft:iron_leggings":1,"minecraft:white_bed":4,"minecraft:lime_wool":1,"minecraft:blue_carpet":3,"minecraft:oak_planks":7236,"minecraft:cobblestone_stairs":19,"minecraft:spruce_pressure_plate":1,"minecraft:green_dye":180,"minecraft:hopper":661,"minecraft:iron_boots":1,"minecraft:raw_copper":747,"minecraft:cyan_terracotta":1736,"minecraft:stone_hoe":1,"minecraft:raw_iron_block":14,"minecraft:quartz_stairs":14,"minecraft:oak_slab":186,"minecraft:item_frame":614,"minecraft:map":4,"minecraft:crafting_table":24,"minecraft:spruce_planks":17516,"minecraft:wooden_pickaxe":1,"minecraft:baked_potato":1280,"minecraft:gold_block":28,"minecraft:hopper_minecart":57,"minecraft:birch_planks":4268,"minecraft:brewing_stand":2,"minecraft:pumpkin_seeds":56,"minecraft:dark_oak_slab":774,"minecraft:iron_chestplate":1,"minecraft:book":161,"minecraft:paper":7764,"minecraft:diamond_pickaxe":14,"minecraft:birch_fence":3,"minecraft:light_blue_dye":28,"minecraft:netherite_hoe":2,"minecraft:stone_sword":1,"minecraft:gray_carpet":12,"minecraft:redstone_torch":1117,"minecraft:light_gray_carpet":18,"minecraft:sponge":106,"minecraft:green_carpet":3,"minecraft:shears":8,"minecraft:polished_andesite":192,"minecraft:coarse_dirt":128,"minecraft:cobbled_deepslate_slab":252,"minecraft:purple_wool":1,"minecraft:raw_iron":126,"minecraft:redstone":1381,"minecraft:coal":1089,"minecraft:light_gray_stained_glass":8,"minecraft:popped_chorus_fruit":2,"minecraft:stone_button":45,"minecraft:dark_oak_trapdoor":52,"minecraft:gray_dye":1412,"minecraft:dark_oak_sign":6,"minecraft:diamond_block":28,"minecraft:netherite_leggings":2,"minecraft:yellow_shulker_box":1,"minecraft:polished_deepslate":953,"minecraft:black_terracotta":8,"minecraft:green_concrete_powder":8,"minecraft:iron_axe":4,"minecraft:iron_hoe":1,"minecraft:orange_concrete_powder":8,"minecraft:lime_dye":20,"minecraft:netherite_scrap":89,"minecraft:observer":96,"minecraft:minecart":43,"minecraft:cooked_beef":470,"minecraft:red_dye":98,"minecraft:cyan_concrete_powder":8,"minecraft:bone_block":562,"minecraft:crimson_planks":8,"minecraft:diamond_sword":15,"minecraft:cyan_dye":258,"minecraft:spruce_sign":60,"minecraft:dark_oak_stairs":148,"minecraft:pink_concrete_powder":8,"minecraft:powered_rail":738,"minecraft:yellow_carpet":3,"minecraft:smooth_sandstone":256,"minecraft:nether_bricks":64,"minecraft:bucket":42,"minecraft:stone_axe":1,"minecraft:brown_terracotta":8,"minecraft:air":0,"minecraft:black_stained_glass":8,"minecraft:blue_dye":289,"minecraft:cut_copper":64,"minecraft:oak_boat":1,"minecraft:magenta_terracotta":8,"minecraft:smooth_sandstone_slab":54,"minecraft:gold_nugget":45,"minecraft:brown_wool":1,"minecraft:dark_prismarine_slab":2,"minecraft:green_wool":1,"minecraft:acacia_planks":1544,"minecraft:purple_concrete_powder":24,"minecraft:lapis_lazuli":318,"minecraft:lapis_block":63,"minecraft:firework_rocket":21591},"minecraft:dropped":{"minecraft:iron_sword":1,"minecraft:diamond":257,"minecraft:dark_oak_trapdoor":1,"minecraft:gold_nugget":1,"minecraft:writable_book":1,"minecraft:sand":75,"minecraft:white_wool":48,"minecraft:diamond_block":2,"minecraft:lever":1,"minecraft:cobbled_deepslate":3,"minecraft:netherite_sword":3,"minecraft:obsidian":2,"minecraft:rotten_flesh":40,"minecraft:sea_lantern":64,"minecraft:leather_boots":1,"minecraft:leather_leggings":1,"minecraft:golden_boots":1,"minecraft:wheat_seeds":5,"minecraft:gray_wool":30,"minecraft:player_head":4,"minecraft:stone_shovel":84,"minecraft:oak_sign":3,"minecraft:bow":2,"minecraft:soul_sand":3,"minecraft:oak_log":6,"minecraft:ender_pearl":7187,"minecraft:dark_oak_log":10,"minecraft:packed_ice":1,"minecraft:gold_ingot":44,"minecraft:stone_brick_wall":1,"minecraft:light_gray_concrete_powder":27,"minecraft:iron_block":164,"minecraft:repeater":2,"minecraft:cactus":3,"minecraft:chiseled_sandstone":1,"minecraft:redstone_block":1,"minecraft:kelp":56,"minecraft:sweet_berries":1,"minecraft:shulker_box":8,"minecraft:andesite":68,"minecraft:magma_cream":4,"minecraft:rail":1,"minecraft:leather_helmet":2,"minecraft:dirt":1,"minecraft:bone":17,"minecraft:hopper":6,"minecraft:iron_ingot":121,"minecraft:netherite_pickaxe":2,"minecraft:birch_leaves":1,"minecraft:cobblestone":49,"minecraft:granite":19,"minecraft:coal":2,"minecraft:golden_carrot":1,"minecraft:sponge":64,"minecraft:string":175,"minecraft:stone_sword":4,"minecraft:cobblestone_wall":1,"minecraft:potato":15,"minecraft:stone":75,"minecraft:wooden_shovel":10,"minecraft:carved_pumpkin":3,"minecraft:spider_eye":2,"minecraft:dark_prismarine":22,"minecraft:black_wool":24,"minecraft:baked_potato":192,"minecraft:flint":3,"minecraft:birch_log":2,"minecraft:gravel":2,"minecraft:carrot":1,"minecraft:poppy":883,"minecraft:gunpowder":15,"minecraft:glowstone":32,"minecraft:chest":2,"minecraft:arrow":4,"minecraft:oak_leaves":3,"minecraft:netherrack":3621,"minecraft:firework_rocket":2,"minecraft:minecart":4,"minecraft:poisonous_potato":4,"minecraft:observer":11,"minecraft:grass_block":128,"minecraft:stick":297,"minecraft:diorite":9,"minecraft:torch":76,"minecraft:bucket":3,"minecraft:redstone":36,"minecraft:ender_chest":3,"minecraft:raw_copper":9,"minecraft:light_gray_wool":36,"minecraft:golden_sword":1,"minecraft:beacon":1},"minecraft:killed":{"minecraft:guardian":2,"minecraft:elder_guardian":6,"minecraft:salmon":1,"minecraft:pillager":6,"minecraft:goat":1,"minecraft:zombie":232,"minecraft:endermite":2,"minecraft:husk":11,"minecraft:zombified_piglin":8,"minecraft:witch":2,"minecraft:spider":69,"minecraft:wither":2,"minecraft:silverfish":55,"minecraft:piglin":8,"minecraft:zombie_villager":5,"minecraft:sheep":4,"minecraft:trader_llama":3,"minecraft:ghast":3,"minecraft:slime":293,"minecraft:drowned":5,"minecraft:squid":52,"minecraft:wither_skeleton":66,"minecraft:cave_spider":71,"minecraft:shulker":33,"minecraft:skeleton":172,"minecraft:chicken":20,"minecraft:magma_cube":515,"minecraft:cow":187,"minecraft:wandering_trader":2,"minecraft:enderman":24406,"minecraft:pig":30,"minecraft:creeper":122,"minecraft:blaze":44,"minecraft:bat":6}},"DataVersion":2730}