{"stats":{"minecraft:killed_by":{"minecraft:zombie":1,"minecraft:skeleton":2,"minecraft:ender_dragon":3,"minecraft:creeper":5,"minecraft:cave_spider":4,"minecraft:player":13,"minecraft:enderman":3},"minecraft:broken":{"minecraft:shears":4,"minecraft:diamond_shovel":1,"minecraft:diamond_pickaxe":1,"minecraft:stone_hoe":5,"minecraft:wooden_pickaxe":1,"minecraft:iron_pickaxe":43,"minecraft:wooden_hoe":3,"minecraft:iron_shovel":15,"minecraft:stone_pickaxe":2,"minecraft:stone_axe":1,"minecraft:iron_sword":3,"minecraft:iron_axe":14,"minecraft:flint_and_steel":1},"minecraft:custom":{"minecraft:interact_with_crafting_table":822,"minecraft:play_time":16105755,"minecraft:deaths":44,"minecraft:jump":72292,"minecraft:interact_with_cartography_table":8,"minecraft:inspect_dispenser":33,"minecraft:horse_one_cm":515307,"minecraft:inspect_dropper":3,"minecraft:interact_with_anvil":87,"minecraft:inspect_hopper":22,"minecraft:time_since_rest":11499,"minecraft:swim_one_cm":565865,"minecraft:open_chest":5323,"minecraft:open_shulker_box":6856,"minecraft:damage_resisted":314,"minecraft:talked_to_villager":3,"minecraft:interact_with_brewingstand":6,"minecraft:interact_with_beacon":11,"minecraft:fill_cauldron":1,"minecraft:boat_one_cm":2282424,"minecraft:damage_taken":77963,"minecraft:aviate_one_cm":41139969,"minecraft:open_barrel":1056,"minecraft:leave_game":289,"minecraft:time_since_death":353139,"minecraft:enchant_item":10,"minecraft:interact_with_furnace":767,"minecraft:sleep_in_bed":397,"minecraft:damage_dealt":240245,"minecraft:interact_with_smithing_table":2,"minecraft:target_hit":4,"minecraft:sneak_time":2347100,"minecraft:interact_with_lectern":437,"minecraft:interact_with_blast_furnace":3,"minecraft:total_world_time":16105755,"minecraft:interact_with_stonecutter":49,"minecraft:fly_one_cm":16698423,"minecraft:fall_one_cm":1150559,"minecraft:animals_bred":409,"minecraft:sprint_one_cm":34834913,"minecraft:drop":1516,"minecraft:walk_on_water_one_cm":744320,"minecraft:open_enderchest":111,"minecraft:player_kills":4,"minecraft:crouch_one_cm":8219870,"minecraft:mob_kills":13969,"minecraft:climb_one_cm":1483066,"minecraft:walk_one_cm":42798480,"minecraft:walk_under_water_one_cm":1173079,"minecraft:pot_flower":1,"minecraft:interact_with_grindstone":1,"minecraft:minecart_one_cm":112103},"minecraft:mined":{"minecraft:blue_carpet":16,"minecraft:red_shulker_box":70,"minecraft:white_bed":17,"minecraft:granite":1950,"minecraft:acacia_log":534,"minecraft:deepslate_tile_wall":113,"minecraft:brown_wool":1,"minecraft:oak_wall_sign":3,"minecraft:nether_wart":27,"minecraft:spawner":1,"minecraft:chorus_flower":23,"minecraft:magma_block":60,"minecraft:dark_oak_trapdoor":1,"minecraft:fire":103,"minecraft:barrel":75,"minecraft:cobbled_deepslate":56,"minecraft:deepslate_lapis_ore":29,"minecraft:light_gray_concrete":682,"minecraft:pink_tulip":2,"minecraft:white_shulker_box":148,"minecraft:player_head":5,"minecraft:tripwire":4,"minecraft:sandstone_slab":17,"minecraft:cut_sandstone":135,"minecraft:magenta_carpet":2,"minecraft:kelp_plant":51,"minecraft:crimson_nylium":47,"minecraft:deepslate_tile_slab":73,"minecraft:torch":622,"minecraft:dark_oak_wood":50,"minecraft:oxidized_copper":1,"minecraft:melon":10,"minecraft:dead_bush":4,"minecraft:spruce_wall_sign":2,"minecraft:smooth_quartz_slab":5,"minecraft:lime_shulker_box":33,"minecraft:sugar_cane":119,"minecraft:amethyst_block":506,"minecraft:birch_sapling":4,"minecraft:white_terracotta":64,"minecraft:chain":15,"minecraft:yellow_glazed_terracotta":8,"minecraft:grass":2057,"minecraft:dark_oak_sapling":4,"minecraft:smooth_quartz":1,"minecraft:sandstone_wall":3,"minecraft:smooth_basalt":140,"minecraft:deepslate":7227,"minecraft:attached_pumpkin_stem":4,"minecraft:deepslate_tiles":115,"minecraft:brown_concrete":16,"minecraft:orange_concrete_powder":4,"minecraft:dark_oak_log":1324,"minecraft:cyan_stained_glass":1,"minecraft:purple_candle":4,"minecraft:end_stone":116,"minecraft:dark_oak_fence":75,"minecraft:spruce_fence":59,"minecraft:redstone_wire":33,"minecraft:white_concrete_powder":8,"minecraft:redstone_ore":757,"minecraft:light_blue_concrete_powder":7,"minecraft:pink_concrete":129,"minecraft:andesite":2182,"minecraft:mossy_stone_brick_stairs":1,"minecraft:cyan_concrete":442,"minecraft:cobblestone_slab":1,"minecraft:vine":168,"minecraft:rail":9,"minecraft:bone_block":10,"minecraft:pink_glazed_terracotta":2,"minecraft:oak_slab":51,"minecraft:redstone_block":3,"minecraft:soul_sand":170,"minecraft:lily_of_the_valley":1,"minecraft:dandelion":82,"minecraft:cornflower":20,"minecraft:warped_roots":1,"minecraft:lightning_rod":4,"minecraft:tall_grass":342,"minecraft:copper_ore":238,"minecraft:deepslate_gold_ore":76,"minecraft:diorite":2156,"minecraft:warped_wart_block":13,"minecraft:red_terracotta":64,"minecraft:coarse_dirt":3,"minecraft:cobblestone_wall":77,"minecraft:stripped_spruce_wood":1,"minecraft:dark_oak_wall_sign":10,"minecraft:gravel":2270,"minecraft:cobweb":237,"minecraft:birch_sign":2,"minecraft:polished_blackstone":9,"minecraft:stone_bricks":4338,"minecraft:chipped_anvil":2,"minecraft:gold_ore":162,"minecraft:fern":19,"minecraft:oak_sapling":13,"minecraft:farmland":9,"minecraft:andesite_stairs":2,"minecraft:orange_wool":8,"minecraft:brewing_stand":5,"minecraft:spruce_trapdoor":13,"minecraft:budding_amethyst":7,"minecraft:white_concrete":271,"minecraft:polished_diorite":2,"minecraft:composter":3,"minecraft:green_stained_glass":1,"minecraft:red_tulip":9,"minecraft:pointed_dripstone":2800,"minecraft:flowering_azalea_leaves":239,"minecraft:potted_cornflower":1,"minecraft:azalea":108,"minecraft:spruce_slab":142,"minecraft:deepslate_redstone_ore":268,"minecraft:medium_amethyst_bud":37,"minecraft:orange_terracotta":66,"minecraft:purpur_stairs":1,"minecraft:lime_candle":1,"minecraft:light_gray_terracotta":3,"minecraft:nether_quartz_ore":416,"minecraft:oak_planks":564,"minecraft:wall_torch":186,"minecraft:petrified_oak_slab":3,"minecraft:warped_nylium":61,"minecraft:powered_rail":1,"minecraft:dark_oak_slab":35,"minecraft:tnt":15,"minecraft:oak_log":2613,"minecraft:beetroots":105,"minecraft:dirt":2834,"minecraft:dispenser":12,"minecraft:ancient_debris":1,"minecraft:dark_oak_leaves":59,"minecraft:glow_lichen":4,"minecraft:ladder":51,"minecraft:stone_button":44,"minecraft:weathered_copper":1,"minecraft:brown_mushroom_block":5018,"minecraft:birch_slab":8,"minecraft:spruce_leaves":440,"minecraft:crimson_stem":15,"minecraft:hay_block":1164,"minecraft:polished_basalt":10,"minecraft:nether_sprouts":1,"minecraft:peony":3,"minecraft:gold_block":1,"minecraft:deepslate_iron_ore":222,"minecraft:shroomlight":11,"minecraft:stripped_oak_log":673,"minecraft:orange_glazed_terracotta":38,"minecraft:acacia_leaves":384,"minecraft:scaffolding":623,"minecraft:snow_block":15,"minecraft:stripped_dark_oak_log":7,"minecraft:basalt":7881,"minecraft:polished_granite":2,"minecraft:oak_fence":30,"minecraft:deepslate_coal_ore":428,"minecraft:red_glazed_terracotta":4,"minecraft:red_concrete":18,"minecraft:prismarine_bricks":18,"minecraft:birch_planks":65,"minecraft:polished_blackstone_slab":1,"minecraft:ice":1,"minecraft:bee_nest":2,"minecraft:cocoa":198,"minecraft:yellow_concrete":8,"minecraft:cracked_stone_bricks":10,"minecraft:mossy_stone_bricks":2,"minecraft:dark_oak_planks":205,"minecraft:light_blue_concrete":64,"minecraft:chiseled_red_sandstone":10,"minecraft:jungle_leaves":9,"minecraft:carved_pumpkin":150,"minecraft:red_sand":1547,"minecraft:stone_brick_wall":2,"minecraft:jungle_log":121,"minecraft:deepslate_bricks":1,"minecraft:deepslate_tile_stairs":226,"minecraft:crimson_fungus":19,"minecraft:hopper":1,"minecraft:oxeye_daisy":48,"minecraft:orange_concrete":1054,"minecraft:weeping_vines_plant":13,"minecraft:tall_seagrass":14,"minecraft:pumpkin":157,"minecraft:moss_carpet":410,"minecraft:cave_vines":5,"minecraft:dirt_path":17,"minecraft:oak_stairs":16,"minecraft:small_amethyst_bud":36,"minecraft:deepslate_brick_stairs":2,"minecraft:smooth_sandstone_stairs":362,"minecraft:brown_mushroom":18,"minecraft:red_bed":36,"minecraft:player_wall_head":1,"minecraft:amethyst_cluster":244,"minecraft:cyan_bed":5,"minecraft:smooth_sandstone_slab":399,"minecraft:light_gray_stained_glass":186,"minecraft:wheat":2605,"minecraft:lilac":2,"minecraft:pumpkin_stem":59,"minecraft:warped_fungus":19,"minecraft:stone_brick_stairs":96,"minecraft:copper_block":7,"minecraft:stripped_birch_wood":2,"minecraft:red_mushroom_block":87,"minecraft:stonecutter":3,"minecraft:piston":47,"minecraft:yellow_terracotta":1,"minecraft:light_gray_stained_glass_pane":3,"minecraft:stripped_birch_log":468,"minecraft:jack_o_lantern":13,"minecraft:shulker_box":419,"minecraft:nether_bricks":103,"minecraft:allium":22,"minecraft:jungle_planks":4,"minecraft:crimson_roots":103,"minecraft:magenta_concrete":4,"minecraft:yellow_concrete_powder":3,"minecraft:moss_block":669,"minecraft:kelp":17,"minecraft:polished_blackstone_button":9,"minecraft:red_sandstone":1,"minecraft:snow":54189,"minecraft:acacia_wood":9,"minecraft:potatoes":109,"minecraft:bamboo":8,"minecraft:white_wool":13,"minecraft:gray_concrete":298,"minecraft:stone_brick_slab":578,"minecraft:observer":13,"minecraft:smooth_sandstone":445,"minecraft:light_gray_concrete_powder":2,"minecraft:cyan_concrete_powder":7,"minecraft:big_dripleaf":1,"minecraft:white_carpet":4,"minecraft:spruce_log":2635,"minecraft:birch_leaves":138,"minecraft:magenta_candle":1,"minecraft:dark_oak_sign":1,"minecraft:dripstone_block":495,"minecraft:acacia_planks":3,"minecraft:spruce_fence_gate":2,"minecraft:infested_stone":1,"minecraft:large_amethyst_bud":29,"minecraft:spruce_planks":1924,"minecraft:attached_melon_stem":1,"minecraft:cave_vines_plant":2,"minecraft:grass_block":3049,"minecraft:soul_soil":3,"minecraft:sandstone_stairs":337,"minecraft:glowstone":30,"minecraft:iron_ore":1066,"minecraft:target":2,"minecraft:anvil":4,"minecraft:azure_bluet":8,"minecraft:dark_oak_stairs":29,"minecraft:birch_wall_sign":8,"minecraft:azalea_leaves":404,"minecraft:end_stone_bricks":6,"minecraft:cyan_terracotta":2,"minecraft:blackstone":850,"minecraft:clay":56,"minecraft:calcite":52,"minecraft:poppy":8,"minecraft:chest":23,"minecraft:mushroom_stem":620,"minecraft:cobblestone":1073,"minecraft:honeycomb_block":4,"minecraft:slime_block":1,"minecraft:prismarine":2,"minecraft:deepslate_copper_ore":35,"minecraft:magenta_shulker_box":1,"minecraft:seagrass":1,"minecraft:red_candle":2,"minecraft:acacia_sapling":4,"minecraft:dark_oak_door":9,"minecraft:nether_wart_block":105,"minecraft:yellow_wool":4,"minecraft:birch_log":1296,"minecraft:stripped_oak_wood":108,"minecraft:orange_tulip":3,"minecraft:purpur_block":12,"minecraft:sand":2190,"minecraft:netherrack":12001,"minecraft:polished_deepslate_wall":3,"minecraft:oak_leaves":5355,"minecraft:redstone_lamp":3,"minecraft:nether_gold_ore":14,"minecraft:diamond_ore":145,"minecraft:red_carpet":3,"minecraft:tuff":358,"minecraft:deepslate_diamond_ore":34,"minecraft:candle":16,"minecraft:light_blue_glazed_terracotta":196,"minecraft:weeping_vines":39,"minecraft:sandstone":17835,"minecraft:rooted_dirt":1,"minecraft:spore_blossom":1,"minecraft:deepslate_brick_slab":7,"minecraft:oak_trapdoor":4,"minecraft:spruce_sapling":1,"minecraft:furnace":13,"minecraft:chiseled_sandstone":2,"minecraft:stripped_spruce_log":16,"minecraft:black_concrete":383,"minecraft:polished_deepslate":2,"minecraft:lantern":12,"minecraft:packed_ice":791,"minecraft:chorus_plant":9,"minecraft:stone":34661,"minecraft:white_tulip":7,"minecraft:redstone_wall_torch":2,"minecraft:podzol":79,"minecraft:flowering_azalea":79,"minecraft:spruce_door":6,"minecraft:crafting_table":32,"minecraft:lime_concrete_powder":4,"minecraft:rose_bush":2,"minecraft:lectern":13,"minecraft:andesite_wall":4,"minecraft:lapis_ore":69,"minecraft:blue_candle":10,"minecraft:spruce_stairs":43,"minecraft:lime_bed":3,"minecraft:cactus":83,"minecraft:gray_concrete_powder":2,"minecraft:beehive":3,"minecraft:redstone_torch":2,"minecraft:coal_ore":2322,"minecraft:end_rod":47,"minecraft:terracotta":672,"minecraft:polished_andesite":1,"minecraft:birch_fence":10},"minecraft:used":{"minecraft:moss_block":288,"minecraft:jack_o_lantern":102,"minecraft:writable_book":18,"minecraft:smooth_quartz_slab":359,"minecraft:dispenser":17,"minecraft:poppy":3,"minecraft:stone":300,"minecraft:rotten_flesh":1,"minecraft:chiseled_red_sandstone":70,"minecraft:soul_sand":50,"minecraft:weathered_copper":1,"minecraft:cocoa_beans":221,"minecraft:lily_of_the_valley":8,"minecraft:deepslate_brick_slab":16,"minecraft:magenta_candle":6,"minecraft:snowball":225,"minecraft:azure_bluet":3,"minecraft:weeping_vines":10,"minecraft:spruce_boat":1,"minecraft:polished_blackstone_slab":5,"minecraft:packed_ice":4,"minecraft:red_wool":43,"minecraft:deepslate_copper_ore":6,"minecraft:dark_oak_slab":379,"minecraft:bow":526,"minecraft:yellow_glazed_terracotta":291,"minecraft:oak_sapling":509,"minecraft:deepslate_brick_wall":5,"minecraft:mossy_stone_bricks":93,"minecraft:prismarine":2,"minecraft:blackstone":22,"minecraft:cactus":127,"minecraft:wooden_pickaxe":60,"minecraft:mossy_stone_brick_stairs":21,"minecraft:black_glazed_terracotta":16,"minecraft:composter":7,"minecraft:clay":27,"minecraft:glow_berries":1,"minecraft:acacia_leaves":1,"minecraft:cyan_dye":36,"minecraft:purple_terracotta":2,"minecraft:gray_concrete":451,"minecraft:deepslate_brick_stairs":6,"minecraft:birch_fence":10,"minecraft:red_sandstone":70,"minecraft:birch_slab":53,"minecraft:deepslate_iron_ore":11,"minecraft:white_glazed_terracotta":3,"minecraft:flowering_azalea_leaves":238,"minecraft:nether_wart_block":49,"minecraft:diamond_sword":4381,"minecraft:coal_block":5,"minecraft:birch_log":1605,"minecraft:oak_boat":1,"minecraft:oak_trapdoor":13,"minecraft:orange_concrete":973,"minecraft:carved_pumpkin":6,"minecraft:armor_stand":642,"minecraft:torch":3389,"minecraft:brewing_stand":4,"minecraft:light_blue_dye":1,"minecraft:light_gray_glazed_terracotta":2,"minecraft:orange_candle":4,"minecraft:polished_deepslate_wall":5,"minecraft:jungle_log":62,"minecraft:barrel":242,"minecraft:basalt":2645,"minecraft:podzol":13,"minecraft:acacia_planks":47,"minecraft:calcite":33,"minecraft:wheat_seeds":7753,"minecraft:birch_planks":935,"minecraft:cauldron":1,"minecraft:glow_ink_sac":56,"minecraft:spruce_fence_gate":6,"minecraft:deepslate_bricks":1,"minecraft:diamond_block":3,"minecraft:brown_dye":1,"minecraft:cyan_glazed_terracotta":5,"minecraft:red_bed":39,"minecraft:green_dye":1,"minecraft:white_bed":23,"minecraft:campfire":52,"minecraft:spruce_log":198,"minecraft:mushroom_stem":213,"minecraft:light_blue_candle":6,"minecraft:yellow_dye":1,"minecraft:diamond_pickaxe":102793,"minecraft:diamond_shovel":61263,"minecraft:spruce_pressure_plate":1,"minecraft:magenta_concrete_powder":4,"minecraft:spruce_trapdoor":149,"minecraft:spruce_sapling":362,"minecraft:blue_carpet":46,"minecraft:potion":5,"minecraft:azalea_leaves":256,"minecraft:cooked_porkchop":36,"minecraft:stripped_oak_log":246,"minecraft:dandelion":33,"minecraft:diamond_leggings":1,"minecraft:green_stained_glass":1,"minecraft:moss_carpet":560,"minecraft:blue_terracotta":1,"minecraft:red_sand":27,"minecraft:polished_deepslate":2,"minecraft:light_gray_stained_glass_pane":65,"minecraft:melon":4,"minecraft:bone_block":386,"minecraft:polished_basalt":217,"minecraft:nether_wart":27,"minecraft:grass":351,"minecraft:spruce_leaves":12,"minecraft:orange_glazed_terracotta":52,"minecraft:jungle_planks":22,"minecraft:pink_terracotta":7,"minecraft:beehive":8,"minecraft:obsidian":36,"minecraft:big_dripleaf":12,"minecraft:bricks":3,"minecraft:lantern":24,"minecraft:green_wool":2,"minecraft:item_frame":16,"minecraft:written_book":7683,"minecraft:pink_concrete_powder":131,"minecraft:dark_oak_sapling":16,"minecraft:end_rod":72,"minecraft:gray_carpet":3,"minecraft:stone_pickaxe":245,"minecraft:oak_planks":632,"minecraft:sandstone":8809,"minecraft:sugar_cane":22,"minecraft:diamond_axe":19858,"minecraft:white_wool":314,"minecraft:light_blue_concrete":58,"minecraft:yellow_concrete":7,"minecraft:end_stone":37,"minecraft:black_terracotta":3,"minecraft:lever":4,"minecraft:dark_oak_log":342,"minecraft:bread":151,"minecraft:brown_wool":13,"minecraft:deepslate":96,"minecraft:blue_candle":31,"minecraft:light_blue_concrete_powder":64,"minecraft:chain":53,"minecraft:coarse_dirt":41,"minecraft:bone_meal":4224,"minecraft:orange_concrete_powder":465,"minecraft:rose_bush":9,"minecraft:white_tulip":6,"minecraft:flint_and_steel":129,"minecraft:redstone":116,"minecraft:stripped_birch_wood":69,"minecraft:stone_hoe":848,"minecraft:dirt":7017,"minecraft:prismarine_bricks":377,"minecraft:bee_nest":1,"minecraft:spruce_fence":169,"minecraft:iron_hoe":175,"minecraft:wooden_axe":45,"minecraft:brown_terracotta":3,"minecraft:light_gray_stained_glass":772,"minecraft:oak_stairs":25,"minecraft:smooth_sandstone":4833,"minecraft:yellow_concrete_powder":37,"minecraft:soul_soil":2,"minecraft:lime_stained_glass":1,"minecraft:deepslate_tile_stairs":837,"minecraft:minecart":3,"minecraft:cyan_concrete_powder":373,"minecraft:cooked_beef":805,"minecraft:pumpkin":87,"minecraft:cobbled_deepslate_wall":2,"minecraft:pink_glazed_terracotta":18,"minecraft:snow_block":13007,"minecraft:baked_potato":384,"minecraft:red_nether_bricks":21,"minecraft:birch_boat":1,"minecraft:cut_sandstone":1413,"minecraft:brown_mushroom":783,"minecraft:spruce_sign":5,"minecraft:magenta_carpet":2,"minecraft:cyan_stained_glass":1,"minecraft:gray_terracotta":6,"minecraft:piston":47,"minecraft:wooden_hoe":222,"minecraft:flower_pot":1,"minecraft:black_wool":1,"minecraft:gray_candle":4,"minecraft:magenta_concrete":2,"minecraft:yellow_wool":50,"minecraft:stone_axe":196,"minecraft:crimson_fungus":2,"minecraft:pumpkin_pie":51,"minecraft:gray_wool":7,"minecraft:beetroot":72,"minecraft:peony":9,"minecraft:orange_dye":1,"minecraft:spruce_slab":641,"minecraft:polished_blackstone":7,"minecraft:elytra":1,"minecraft:ladder":157,"minecraft:chest":96,"minecraft:brown_concrete":10,"minecraft:white_shulker_box":164,"minecraft:pink_candle":5,"minecraft:acacia_sapling":49,"minecraft:allium":31,"minecraft:orange_wool":169,"minecraft:yellow_candle":5,"minecraft:grass_block":133,"minecraft:birch_sapling":159,"minecraft:copper_ore":57,"minecraft:pink_wool":10,"minecraft:stone_brick_stairs":196,"minecraft:dark_oak_boat":8,"minecraft:sweet_berries":16,"minecraft:furnace":45,"minecraft:egg":30,"minecraft:potato":136,"minecraft:brown_concrete_powder":20,"minecraft:emerald_ore":3,"minecraft:diorite":742,"minecraft:end_stone_bricks":57,"minecraft:spruce_door":12,"minecraft:stripped_birch_log":115,"minecraft:powered_rail":1,"minecraft:blackstone_stairs":5,"minecraft:orange_tulip":2,"minecraft:lime_concrete_powder":48,"minecraft:oak_leaves":1002,"minecraft:cookie":50,"minecraft:dark_oak_trapdoor":1,"minecraft:blue_dye":1,"minecraft:sand":1576,"minecraft:black_concrete_powder":360,"minecraft:pumpkin_seeds":393,"minecraft:lightning_rod":4,"minecraft:deepslate_tiles":294,"minecraft:chiseled_sandstone":57,"minecraft:stone_button":1,"minecraft:lectern":13,"minecraft:red_terracotta":4,"minecraft:polished_granite":37,"minecraft:diamond_ore":20,"minecraft:lilac":2,"minecraft:green_candle":5,"minecraft:dark_oak_fence":199,"minecraft:stone_sword":76,"minecraft:acacia_log":353,"minecraft:red_concrete":11,"minecraft:sandstone_wall":6,"minecraft:netherrack":2237,"minecraft:green_glazed_terracotta":1,"minecraft:anvil":12,"minecraft:target":6,"minecraft:warped_wart_block":168,"minecraft:wheat":65,"minecraft:chorus_flower":10,"minecraft:glow_lichen":1,"minecraft:polished_diorite":95,"minecraft:shroomlight":9,"minecraft:red_shulker_box":71,"minecraft:flowering_azalea":47,"minecraft:gray_dye":1,"minecraft:iron_axe":3544,"minecraft:slime_block":2,"minecraft:smooth_quartz":1,"minecraft:lime_dye":1,"minecraft:melon_seeds":13,"minecraft:smooth_basalt":52,"minecraft:glowstone":6,"minecraft:iron_trapdoor":3,"minecraft:oxidized_copper":2,"minecraft:acacia_wood":73,"minecraft:cobbled_deepslate":304,"minecraft:observer":18,"minecraft:orange_terracotta":3,"minecraft:magenta_dye":1,"minecraft:pointed_dripstone":518,"minecraft:water_bucket":417,"minecraft:light_blue_glazed_terracotta":175,"minecraft:sandstone_stairs":512,"minecraft:cartography_table":1,"minecraft:smooth_sandstone_slab":1245,"minecraft:red_mushroom_block":21,"minecraft:cracked_stone_bricks":57,"minecraft:pink_concrete":119,"minecraft:lime_terracotta":1,"minecraft:vine":25,"minecraft:oak_slab":145,"minecraft:tnt":276,"minecraft:crafting_table":59,"minecraft:birch_sign":20,"minecraft:lime_shulker_box":32,"minecraft:deepslate_tile_wall":277,"minecraft:oak_log":1700,"minecraft:dark_prismarine":1,"minecraft:cornflower":29,"minecraft:oxeye_daisy":34,"minecraft:iron_pickaxe":11128,"minecraft:cyan_concrete":528,"minecraft:crimson_nylium":7,"minecraft:cobblestone":1997,"minecraft:red_concrete_powder":59,"minecraft:sandstone_slab":152,"minecraft:black_candle":4,"minecraft:brown_mushroom_block":1659,"minecraft:candle":166,"minecraft:light_gray_dye":1,"minecraft:purple_candle":31,"minecraft:iron_shovel":4253,"minecraft:diamond_hoe":4624,"minecraft:oak_sign":6,"minecraft:white_concrete_powder":410,"minecraft:white_terracotta":35,"minecraft:iron_sword":995,"minecraft:player_head":3,"minecraft:smooth_sandstone_stairs":1465,"minecraft:white_candle":4,"minecraft:nether_bricks":132,"minecraft:carrot":1,"minecraft:deepslate_tile_slab":297,"minecraft:tuff":331,"minecraft:milk_bucket":2,"minecraft:glass":4,"minecraft:cyan_terracotta":11,"minecraft:coal_ore":367,"minecraft:quartz_slab":16,"minecraft:dark_oak_wood":249,"minecraft:gray_concrete_powder":299,"minecraft:stone_bricks":8393,"minecraft:red_carpet":12,"minecraft:redstone_lamp":10,"minecraft:honeycomb_block":484,"minecraft:magma_block":44,"minecraft:hay_block":133,"minecraft:scaffolding":1870,"minecraft:beetroot_seeds":215,"minecraft:polished_blackstone_stairs":4,"minecraft:stripped_spruce_wood":5,"minecraft:dark_oak_stairs":169,"minecraft:dark_oak_sign":77,"minecraft:birch_wood":56,"minecraft:ender_pearl":35,"minecraft:redstone_block":11,"minecraft:yellow_terracotta":6,"minecraft:light_gray_terracotta":1,"minecraft:deepslate_redstone_ore":46,"minecraft:dripstone_block":1033,"minecraft:stone_brick_wall":46,"minecraft:shears":1463,"minecraft:redstone_torch":4,"minecraft:black_concrete":350,"minecraft:firework_rocket":1381,"minecraft:string":26,"minecraft:cyan_bed":5,"minecraft:light_gray_concrete":274,"minecraft:light_gray_candle":15,"minecraft:gravel":3,"minecraft:stripped_oak_wood":205,"minecraft:deepslate_coal_ore":23,"minecraft:andesite":81,"minecraft:white_concrete":230,"minecraft:oak_fence":6,"minecraft:azalea":86,"minecraft:petrified_oak_slab":2,"minecraft:redstone_ore":116,"minecraft:spruce_planks":6562,"minecraft:wooden_shovel":28,"minecraft:spyglass":87,"minecraft:white_carpet":7,"minecraft:hopper":24,"minecraft:spruce_stairs":274,"minecraft:cobblestone_wall":82,"minecraft:shulker_box":415,"minecraft:pink_carpet":2,"minecraft:pink_dye":1,"minecraft:granite":832,"minecraft:andesite_wall":10,"minecraft:dark_oak_planks":287,"minecraft:stone_brick_slab":2653,"minecraft:red_tulip":27,"minecraft:red_candle":13,"minecraft:light_gray_wool":17,"minecraft:golden_carrot":95,"minecraft:red_dye":1,"minecraft:brown_candle":5,"minecraft:amethyst_block":1056,"minecraft:iron_ore":211,"minecraft:pink_tulip":3,"minecraft:glass_bottle":3,"minecraft:cyan_candle":5,"minecraft:polished_andesite":10,"minecraft:copper_block":6,"minecraft:white_dye":2,"minecraft:stonecutter":3,"minecraft:red_glazed_terracotta":56,"minecraft:cobblestone_slab":5,"minecraft:terracotta":7,"minecraft:stripped_dark_oak_log":3,"minecraft:lime_bed":20,"minecraft:light_gray_concrete_powder":454,"minecraft:painting":25,"minecraft:dark_oak_door":29,"minecraft:apple":18,"minecraft:map":2,"minecraft:purple_dye":16,"minecraft:bucket":431,"minecraft:polished_blackstone_button":1,"minecraft:purple_carpet":2,"minecraft:lime_candle":9},"minecraft:picked_up":{"minecraft:blue_candle":38,"minecraft:lead":10,"minecraft:enchanted_book":1,"minecraft:polished_deepslate":12,"minecraft:string":600,"minecraft:orange_glazed_terracotta":22,"minecraft:shroomlight":11,"minecraft:diamond_leggings":19,"minecraft:diamond_ore":41,"minecraft:big_dripleaf":1,"minecraft:acacia_log":540,"minecraft:purpur_pillar":2,"minecraft:cyan_stained_glass":1,"minecraft:lightning_rod":4,"minecraft:honeycomb_block":4,"minecraft:golden_chestplate":1,"minecraft:stone_sword":4,"minecraft:polished_basalt":10,"minecraft:carved_pumpkin":155,"minecraft:red_tulip":1141,"minecraft:glowstone":28,"minecraft:end_rod":74,"minecraft:white_terracotta":64,"minecraft:blaze_rod":395,"minecraft:snowball":53202,"minecraft:cooked_beef":584,"minecraft:feather":10,"minecraft:water_bucket":7,"minecraft:medium_amethyst_bud":35,"minecraft:brown_wool":1,"minecraft:dark_oak_boat":8,"minecraft:copper_block":103,"minecraft:flint":211,"minecraft:cyan_concrete_powder":7,"minecraft:lantern":12,"minecraft:gray_concrete_powder":2,"minecraft:large_amethyst_bud":27,"minecraft:stonecutter":5,"minecraft:dark_oak_sign":28,"minecraft:diamond_helmet":21,"minecraft:honeycomb":656,"minecraft:magenta_candle":2,"minecraft:glow_lichen":5,"minecraft:stripped_spruce_log":16,"minecraft:brown_mushroom_block":2439,"minecraft:polished_andesite":17,"minecraft:deepslate":552,"minecraft:lever":4,"minecraft:granite":1590,"minecraft:rooted_dirt":1,"minecraft:deepslate_coal_ore":47,"minecraft:jack_o_lantern":13,"minecraft:crimson_roots":106,"minecraft:diamond_pickaxe":39,"minecraft:bee_nest":2,"minecraft:clay_ball":200,"minecraft:leather_leggings":4,"minecraft:redstone_lamp":5,"minecraft:dragon_head":2,"minecraft:yellow_candle":12,"minecraft:purpur_block":26,"minecraft:pink_candle":1,"minecraft:cornflower":3531,"minecraft:elytra":20,"minecraft:flint_and_steel":5,"minecraft:white_carpet":5,"minecraft:iron_shovel":2,"minecraft:glass_pane":34,"minecraft:jungle_sapling":7,"minecraft:poppy":56,"minecraft:spruce_slab":142,"minecraft:minecart":3,"minecraft:birch_sapling":333,"minecraft:piston":47,"minecraft:diamond_hoe":5,"minecraft:copper_ore":83,"minecraft:lime_shulker_box":33,"minecraft:stone":19693,"minecraft:raw_gold_block":6,"minecraft:white_dye":52,"minecraft:diamond_chestplate":1,"minecraft:hay_block":960,"minecraft:yellow_terracotta":7,"minecraft:totem_of_undying":2,"minecraft:polished_blackstone":15,"minecraft:rail":21,"minecraft:bone_block":20,"minecraft:oxeye_daisy":1451,"minecraft:lime_bed":3,"minecraft:birch_leaves":5,"minecraft:red_glazed_terracotta":3,"minecraft:fern":19,"minecraft:yellow_dye":48,"minecraft:acacia_wood":9,"minecraft:purpur_stairs":1,"minecraft:lily_pad":7,"minecraft:paper":11,"minecraft:apple":84,"minecraft:spore_blossom":6,"minecraft:stone_pickaxe":4,"minecraft:iron_ore":361,"minecraft:dark_oak_stairs":29,"minecraft:smooth_basalt":222,"minecraft:light_gray_stained_glass":125,"minecraft:sweet_berries":16,"minecraft:weathered_copper":1,"minecraft:diamond_shovel":24,"minecraft:coal_ore":634,"minecraft:slime_ball":31,"minecraft:deepslate_redstone_ore":101,"minecraft:painting":17,"minecraft:birch_sign":50,"minecraft:baked_potato":202,"minecraft:smooth_quartz_slab":5,"minecraft:hopper":1,"minecraft:light_blue_concrete":64,"minecraft:yellow_wool":3,"minecraft:stone_brick_stairs":188,"minecraft:deepslate_lapis_ore":8,"minecraft:red_candle":17,"minecraft:smooth_stone":62,"minecraft:red_sand":1519,"minecraft:bucket":2,"minecraft:white_tulip":308,"minecraft:rose_bush":496,"minecraft:cobblestone_slab":1,"minecraft:iron_pickaxe":3,"minecraft:azalea":147,"minecraft:wooden_shovel":1,"minecraft:smooth_quartz":1,"minecraft:deepslate_iron_ore":22,"minecraft:spruce_stairs":71,"minecraft:diorite":1760,"minecraft:vine":142,"minecraft:andesite_wall":14,"minecraft:rotten_flesh":273,"minecraft:deepslate_copper_ore":12,"minecraft:chorus_flower":23,"minecraft:deepslate_brick_stairs":4,"minecraft:obsidian":65,"minecraft:blaze_powder":1,"minecraft:cobblestone":10930,"minecraft:leather_chestplate":3,"minecraft:lilac":322,"minecraft:andesite":1881,"minecraft:golden_leggings":1,"minecraft:potato":408,"minecraft:smooth_sandstone_stairs":472,"minecraft:prismarine_bricks":19,"minecraft:dirt":5835,"minecraft:stripped_birch_log":445,"minecraft:cut_sandstone_slab":5,"minecraft:name_tag":1,"minecraft:glass":192,"minecraft:bone":281,"minecraft:acacia_planks":3,"minecraft:bow":27,"minecraft:wheat_seeds":17753,"minecraft:orange_tulip":1725,"minecraft:popped_chorus_fruit":8,"minecraft:mossy_stone_bricks":2,"minecraft:bamboo":56,"minecraft:cyan_concrete":442,"minecraft:melon":4,"minecraft:grass_block":194,"minecraft:jungle_leaves":6,"minecraft:light_gray_terracotta":3,"minecraft:slime_block":1,"minecraft:grass":353,"minecraft:crossbow":1,"minecraft:bone_meal":493,"minecraft:golden_apple":8,"minecraft:spruce_sign":4,"minecraft:netherrack":8101,"minecraft:piglin_banner_pattern":1,"minecraft:chorus_fruit":162,"minecraft:oak_leaves":2348,"minecraft:azure_bluet":73,"minecraft:ladder":93,"minecraft:brown_mushroom":890,"minecraft:packed_ice":786,"minecraft:stone_brick_wall":35,"minecraft:chain":22,"minecraft:shield":1,"minecraft:oak_trapdoor":4,"minecraft:moss_carpet":520,"minecraft:birch_fence":8,"minecraft:blackstone":696,"minecraft:end_stone":118,"minecraft:flowering_azalea_leaves":238,"minecraft:cookie":1,"minecraft:trident":1,"minecraft:light_gray_stained_glass_pane":1,"minecraft:brown_dye":2,"minecraft:purple_candle":11,"minecraft:red_shulker_box":71,"minecraft:weeping_vines":52,"minecraft:nether_bricks":4,"minecraft:pink_tulip":21,"minecraft:petrified_oak_slab":4,"minecraft:golden_carrot":257,"minecraft:basalt":4031,"minecraft:leather":909,"minecraft:ice":1,"minecraft:crimson_fungus":20,"minecraft:chainmail_chestplate":1,"minecraft:cobblestone_wall":115,"minecraft:yellow_bed":2,"minecraft:gunpowder":51,"minecraft:orange_terracotta":66,"minecraft:red_carpet":3,"minecraft:iron_ingot":65,"minecraft:nether_quartz_ore":26,"minecraft:warped_fungus":19,"minecraft:black_candle":175,"minecraft:stone_brick_slab":822,"minecraft:quartz":858,"minecraft:dandelion":84,"minecraft:amethyst_shard":1432,"minecraft:green_stained_glass":1,"minecraft:spruce_door":6,"minecraft:light_blue_concrete_powder":7,"minecraft:pumpkin_seeds":687,"minecraft:white_concrete_powder":8,"minecraft:terracotta":667,"minecraft:dark_oak_wood":45,"minecraft:sunflower":465,"minecraft:wooden_axe":3,"minecraft:iron_chestplate":8,"minecraft:flower_pot":2,"minecraft:anvil":4,"minecraft:magenta_carpet":2,"minecraft:diamond_sword":24,"minecraft:oak_stairs":16,"minecraft:brewing_stand":5,"minecraft:polished_deepslate_wall":7,"minecraft:amethyst_block":510,"minecraft:dark_oak_trapdoor":1,"minecraft:soul_soil":2,"minecraft:beetroot":90,"minecraft:orange_concrete_powder":4,"minecraft:gold_nugget":82,"minecraft:cobbled_deepslate":5931,"minecraft:spruce_planks":1915,"minecraft:written_book":26,"minecraft:azalea_leaves":392,"minecraft:coal_block":56,"minecraft:melon_slice":26,"minecraft:dark_oak_door":11,"minecraft:beehive":2,"minecraft:composter":3,"minecraft:sandstone_wall":8,"minecraft:deepslate_tile_stairs":259,"minecraft:light_blue_wool":23,"minecraft:tropical_fish":5,"minecraft:iron_block":54,"minecraft:blue_dye":48,"minecraft:cyan_terracotta":2,"minecraft:birch_log":1401,"minecraft:magma_block":58,"minecraft:oxidized_copper":37,"minecraft:birch_slab":10,"minecraft:jungle_log":121,"minecraft:acacia_leaves":167,"minecraft:gray_concrete":298,"minecraft:brown_candle":8,"minecraft:light_gray_concrete_powder":2,"minecraft:chipped_anvil":2,"minecraft:glowstone_dust":1,"minecraft:moss_block":667,"minecraft:warped_wart_block":290,"minecraft:ink_sac":133,"minecraft:barrel":100,"minecraft:dark_oak_log":1343,"minecraft:red_terracotta":64,"minecraft:dispenser":12,"minecraft:writable_book":4,"minecraft:deepslate_gold_ore":20,"minecraft:bread":64,"minecraft:dark_oak_fence":75,"minecraft:spruce_leaves":311,"minecraft:lime_stained_glass_pane":1,"minecraft:coarse_dirt":17,"minecraft:crafting_table":41,"minecraft:sandstone_slab":29,"minecraft:nether_wart":76,"minecraft:red_bed":38,"minecraft:cracked_stone_bricks":10,"minecraft:beef":1263,"minecraft:iron_nugget":279,"minecraft:chest":28,"minecraft:raw_copper_block":21,"minecraft:egg":31,"minecraft:sandstone":17481,"minecraft:glow_item_frame":1,"minecraft:spruce_fence":64,"minecraft:amethyst_cluster":48,"minecraft:carrot":3,"minecraft:mushroom_stem":564,"minecraft:redstone":3807,"minecraft:blue_carpet":17,"minecraft:tnt":86,"minecraft:beetroot_seeds":258,"minecraft:peony":331,"minecraft:deepslate_bricks":2,"minecraft:shears":3,"minecraft:diamond_boots":19,"minecraft:sandstone_stairs":503,"minecraft:gold_ingot":19,"minecraft:glow_berries":9,"minecraft:white_shulker_box":151,"minecraft:lime_concrete_powder":4,"minecraft:white_wool":30,"minecraft:lapis_ore":4,"minecraft:stripped_oak_log":629,"minecraft:red_mushroom_block":97,"minecraft:filled_map":22,"minecraft:brown_concrete":16,"minecraft:oak_log":3136,"minecraft:ancient_debris":5,"minecraft:golden_boots":1,"minecraft:kelp":199,"minecraft:stone_bricks":3454,"minecraft:cobweb":225,"minecraft:glass_bottle":6,"minecraft:iron_sword":11,"minecraft:flowering_azalea":88,"minecraft:dark_oak_slab":35,"minecraft:yellow_concrete":8,"minecraft:spyglass":9,"minecraft:light_blue_glazed_terracotta":196,"minecraft:gravel":2289,"minecraft:small_amethyst_bud":36,"minecraft:spruce_sapling":763,"minecraft:spruce_log":2625,"minecraft:firework_rocket":1271,"minecraft:polished_diorite":12,"minecraft:stone_axe":5,"minecraft:redstone_ore":240,"minecraft:diamond_axe":17,"minecraft:stripped_dark_oak_log":10,"minecraft:warped_nylium":38,"minecraft:melon_seeds":1,"minecraft:crimson_nylium":32,"minecraft:ender_pearl":2388,"minecraft:shulker_shell":41,"minecraft:wheat":2568,"minecraft:redstone_block":2,"minecraft:potion":10,"minecraft:raw_copper":895,"minecraft:smooth_stone_slab":247,"minecraft:iron_leggings":8,"minecraft:armor_stand":306,"minecraft:oak_sign":4,"minecraft:deepslate_tiles":174,"minecraft:dark_oak_leaves":3,"minecraft:redstone_torch":87,"minecraft:calcite":53,"minecraft:deepslate_tile_wall":196,"minecraft:furnace":13,"minecraft:iron_boots":2,"minecraft:stick":1457,"minecraft:deepslate_brick_wall":4,"minecraft:oak_fence":50,"minecraft:torch":3148,"minecraft:porkchop":41,"minecraft:target":2,"minecraft:pointed_dripstone":3338,"minecraft:yellow_concrete_powder":3,"minecraft:nether_gold_ore":3,"minecraft:cactus":193,"minecraft:green_wool":2,"minecraft:stripped_birch_wood":2,"minecraft:cod":226,"minecraft:magma_cream":92,"minecraft:tuff":289,"minecraft:light_gray_dye":37,"minecraft:lapis_lazuli":887,"minecraft:polished_granite":1,"minecraft:leather_boots":4,"minecraft:cobbled_deepslate_wall":8,"minecraft:raw_gold":292,"minecraft:deepslate_brick_slab":10,"minecraft:powered_rail":1,"minecraft:oak_planks":690,"minecraft:stone_hoe":1,"minecraft:mossy_stone_brick_stairs":1,"minecraft:pink_concrete":129,"minecraft:polished_blackstone_slab":2,"minecraft:poisonous_potato":1,"minecraft:jungle_planks":4,"minecraft:sand":7144,"minecraft:lily_of_the_valley":1685,"minecraft:cyan_bed":6,"minecraft:chiseled_sandstone":2,"minecraft:shulker_box":432,"minecraft:orange_wool":6,"minecraft:light_gray_concrete":681,"minecraft:spruce_fence_gate":2,"minecraft:clay":2,"minecraft:black_concrete":397,"minecraft:diamond":410,"minecraft:polished_blackstone_button":72,"minecraft:white_concrete":270,"minecraft:oak_sapling":697,"minecraft:chiseled_red_sandstone":10,"minecraft:end_stone_bricks":18,"minecraft:cocoa_beans":706,"minecraft:allium":2147,"minecraft:chicken":6,"minecraft:wooden_pickaxe":4,"minecraft:gold_block":1,"minecraft:dragon_breath":50,"minecraft:iron_axe":1,"minecraft:orange_concrete":1179,"minecraft:wooden_sword":6,"minecraft:item_frame":20,"minecraft:candle":176,"minecraft:player_head":117,"minecraft:observer":13,"minecraft:lectern":13,"minecraft:phantom_membrane":8,"minecraft:blue_shulker_box":1,"minecraft:sugar_cane":188,"minecraft:spruce_trapdoor":14,"minecraft:dark_oak_sapling":57,"minecraft:raw_iron":1636,"minecraft:orange_dye":1,"minecraft:copper_ingot":2,"minecraft:gray_dye":48,"minecraft:stone_button":55,"minecraft:magenta_shulker_box":1,"minecraft:iron_horse_armor":1,"minecraft:dark_oak_planks":233,"minecraft:smooth_sandstone_slab":308,"minecraft:lime_candle":4,"minecraft:arrow":384,"minecraft:pink_glazed_terracotta":2,"minecraft:glow_ink_sac":19,"minecraft:crimson_stem":15,"minecraft:cut_sandstone":230,"minecraft:birch_planks":70,"minecraft:yellow_glazed_terracotta":8,"minecraft:nether_wart_block":105,"minecraft:deepslate_tile_slab":139,"minecraft:podzol":25,"minecraft:smooth_sandstone":395,"minecraft:stripped_oak_wood":104,"minecraft:acacia_sapling":108,"minecraft:soul_sand":243,"minecraft:green_dye":11,"minecraft:oak_slab":52,"minecraft:scaffolding":2510,"minecraft:pumpkin":157,"minecraft:dripstone_block":496,"minecraft:white_bed":18,"minecraft:gold_ore":24,"minecraft:spider_eye":276,"minecraft:light_gray_candle":1,"minecraft:iron_helmet":7,"minecraft:magenta_concrete":4,"minecraft:black_wool":1,"minecraft:red_concrete":18,"minecraft:coal":3783},"minecraft:crafted":{"minecraft:black_dye":703,"minecraft:oak_sign":3,"minecraft:polished_deepslate_wall":6,"minecraft:blaze_powder":2,"minecraft:birch_boat":1,"minecraft:chain":67,"minecraft:diamond_shovel":5,"minecraft:gray_wool":9,"minecraft:nether_brick":64,"minecraft:cracked_stone_bricks":80,"minecraft:shulker_box":41,"minecraft:diamond_helmet":2,"minecraft:magenta_concrete_powder":8,"minecraft:light_blue_concrete_powder":64,"minecraft:black_wool":2,"minecraft:white_shulker_box":18,"minecraft:lime_concrete_powder":48,"minecraft:redstone_lamp":12,"minecraft:end_rod":104,"minecraft:raw_gold_block":30,"minecraft:red_nether_bricks":22,"minecraft:orange_candle":132,"minecraft:painting":8,"minecraft:cartography_table":1,"minecraft:stone_brick_stairs":152,"minecraft:lectern":2,"minecraft:wooden_hoe":4,"minecraft:iron_pickaxe":48,"minecraft:black_candle":196,"minecraft:sandstone":83,"minecraft:netherite_ingot":1,"minecraft:composter":5,"minecraft:magenta_wool":2,"minecraft:iron_nugget":296,"minecraft:spyglass":2,"minecraft:diamond_hoe":2,"minecraft:light_gray_wool":20,"minecraft:jack_o_lantern":144,"minecraft:spruce_fence":201,"minecraft:moss_carpet":6,"minecraft:lantern":15,"minecraft:spruce_stairs":408,"minecraft:polished_diorite":144,"minecraft:black_concrete_powder":360,"minecraft:stripped_birch_wood":45,"minecraft:red_shulker_box":4,"minecraft:stone_pickaxe":2,"minecraft:spruce_boat":1,"minecraft:quartz_slab":30,"minecraft:purple_carpet":3,"minecraft:lead":2,"minecraft:light_gray_terracotta":16,"minecraft:leather_helmet":24,"minecraft:red_carpet":15,"minecraft:deepslate_tiles":5,"minecraft:orange_dye":358,"minecraft:green_candle":132,"minecraft:writable_book":3,"minecraft:iron_shovel":16,"minecraft:armor_stand":597,"minecraft:pink_terracotta":24,"minecraft:gray_concrete":232,"minecraft:cobblestone_slab":6,"minecraft:barrel":176,"minecraft:lightning_rod":27,"minecraft:stone":744,"minecraft:red_sandstone":288,"minecraft:pink_carpet":3,"minecraft:white_candle":132,"minecraft:stone_brick_slab":2034,"minecraft:bow":10,"minecraft:polished_basalt":264,"minecraft:chest":146,"minecraft:yellow_terracotta":336,"minecraft:copper_block":92,"minecraft:bricks":3,"minecraft:oak_fence":6,"minecraft:stone_bricks":8640,"minecraft:cauldron":1,"minecraft:red_candle":141,"minecraft:lime_terracotta":8,"minecraft:brown_dye":292,"minecraft:iron_helmet":1,"minecraft:red_wool":2,"minecraft:dispenser":6,"minecraft:green_glazed_terracotta":1,"minecraft:tnt":311,"minecraft:spruce_trapdoor":144,"minecraft:purple_dye":270,"minecraft:pink_wool":12,"minecraft:yellow_dye":658,"minecraft:gray_terracotta":8,"minecraft:stick":5116,"minecraft:iron_ingot":1739,"minecraft:magenta_candle":164,"minecraft:deepslate_bricks":12,"minecraft:blue_terracotta":8,"minecraft:deepslate_tile_slab":24,"minecraft:oak_door":6,"minecraft:stone_brick_wall":60,"minecraft:beehive":7,"minecraft:leather_boots":26,"minecraft:golden_chestplate":2,"minecraft:mossy_stone_bricks":121,"minecraft:furnace":33,"minecraft:piston":10,"minecraft:raw_copper_block":97,"minecraft:oak_trapdoor":10,"minecraft:pink_candle":132,"minecraft:flint_and_steel":11,"minecraft:scaffolding":60,"minecraft:white_concrete_powder":504,"minecraft:orange_terracotta":8,"minecraft:cobblestone_wall":48,"minecraft:smooth_quartz_slab":264,"minecraft:blackstone_stairs":8,"minecraft:birch_sign":3,"minecraft:smooth_sandstone_stairs":605,"minecraft:brown_candle":132,"minecraft:purple_terracotta":8,"minecraft:stripped_spruce_wood":9,"minecraft:iron_trapdoor":3,"minecraft:iron_sword":14,"minecraft:jungle_planks":20,"minecraft:white_dye":1248,"minecraft:cyan_candle":132,"minecraft:brown_concrete_powder":48,"minecraft:blue_wool":2,"minecraft:stonecutter":1,"minecraft:anvil":8,"minecraft:lime_candle":132,"minecraft:torch":1668,"minecraft:magenta_carpet":3,"minecraft:light_gray_concrete_powder":720,"minecraft:smooth_stone":65,"minecraft:cut_sandstone":419,"minecraft:cyan_concrete":128,"minecraft:dark_oak_wood":246,"minecraft:birch_slab":48,"minecraft:slime_block":7,"minecraft:polished_blackstone_slab":24,"minecraft:lever":1,"minecraft:bookshelf":2,"minecraft:red_concrete_powder":72,"minecraft:deepslate_brick_stairs":10,"minecraft:quartz_block":192,"minecraft:glass":1096,"minecraft:light_blue_terracotta":8,"minecraft:diamond_leggings":2,"minecraft:melon_seeds":4,"minecraft:polished_blackstone":76,"minecraft:magenta_dye":262,"minecraft:purple_candle":202,"minecraft:glass_bottle":3,"minecraft:target":9,"minecraft:wooden_shovel":2,"minecraft:smooth_quartz":177,"minecraft:cooked_porkchop":36,"minecraft:diamond_axe":2,"minecraft:spruce_door":9,"minecraft:cobbled_deepslate_wall":6,"minecraft:copper_ingot":924,"minecraft:hay_block":132,"minecraft:campfire":63,"minecraft:lime_shulker_box":6,"minecraft:lime_bed":21,"minecraft:smooth_basalt":37,"minecraft:green_terracotta":8,"minecraft:compass":30,"minecraft:iron_block":100,"minecraft:white_terracotta":8,"minecraft:gold_ingot":247,"minecraft:light_gray_dye":495,"minecraft:spruce_fence_gate":4,"minecraft:yellow_concrete_powder":40,"minecraft:smooth_stone_slab":740,"minecraft:leather_leggings":54,"minecraft:red_terracotta":8,"minecraft:bone_meal":20275,"minecraft:andesite_wall":18,"minecraft:pink_dye":322,"minecraft:candle":3639,"minecraft:white_carpet":3,"minecraft:diamond":153,"minecraft:dark_oak_fence":243,"minecraft:deepslate_brick_wall":9,"minecraft:yellow_glazed_terracotta":8,"minecraft:ladder":153,"minecraft:spruce_slab":816,"minecraft:diamond_boots":2,"minecraft:deepslate_tile_wall":36,"minecraft:redstone_block":371,"minecraft:dark_oak_planks":3384,"minecraft:wheat":441,"minecraft:dripstone_block":636,"minecraft:coal_block":342,"minecraft:deepslate_brick_slab":12,"minecraft:red_bed":3,"minecraft:gray_concrete_powder":344,"minecraft:polished_granite":36,"minecraft:sandstone_slab":28,"minecraft:mossy_stone_brick_stairs":20,"minecraft:oak_stairs":28,"minecraft:wooden_axe":1,"minecraft:deepslate_tile_stairs":73,"minecraft:iron_leggings":6,"minecraft:white_bed":7,"minecraft:blue_carpet":45,"minecraft:brick":12,"minecraft:oak_planks":2540,"minecraft:blue_candle":221,"minecraft:dark_oak_boat":1,"minecraft:spruce_pressure_plate":1,"minecraft:green_dye":668,"minecraft:dark_oak_door":27,"minecraft:hopper":23,"minecraft:iron_boots":7,"minecraft:raw_copper":865,"minecraft:cyan_terracotta":24,"minecraft:stone_hoe":7,"minecraft:honeycomb_block":480,"minecraft:raw_iron_block":131,"minecraft:smooth_red_sandstone":1,"minecraft:oak_slab":510,"minecraft:item_frame":10,"minecraft:acacia_wood":87,"minecraft:light_blue_candle":164,"minecraft:map":11,"minecraft:crafting_table":33,"minecraft:spruce_planks":8444,"minecraft:wooden_pickaxe":1,"minecraft:baked_potato":269,"minecraft:yellow_candle":132,"minecraft:gold_block":26,"minecraft:pumpkin_seeds":24,"minecraft:birch_planks":1469,"minecraft:diamond_pickaxe":2,"minecraft:dark_oak_slab":426,"minecraft:iron_chestplate":7,"minecraft:book":9,"minecraft:paper":132,"minecraft:charcoal":8,"minecraft:shield":1,"minecraft:birch_fence":9,"minecraft:light_blue_dye":270,"minecraft:leather_chestplate":55,"minecraft:stone_sword":1,"minecraft:snow_block":13551,"minecraft:gray_carpet":3,"minecraft:redstone_torch":1,"minecraft:shears":47,"minecraft:light_gray_stained_glass_pane":96,"minecraft:sandstone_stairs":176,"minecraft:polished_andesite":32,"minecraft:coarse_dirt":52,"minecraft:wooden_sword":4,"minecraft:purple_wool":2,"minecraft:raw_iron":1175,"minecraft:redstone":342,"minecraft:coal":531,"minecraft:light_gray_stained_glass":992,"minecraft:popped_chorus_fruit":26,"minecraft:stone_button":1,"minecraft:dark_oak_trapdoor":2,"minecraft:gray_dye":358,"minecraft:dark_oak_sign":118,"minecraft:end_stone_bricks":64,"minecraft:diamond_block":35,"minecraft:glass_pane":16,"minecraft:polished_deepslate":20,"minecraft:black_terracotta":24,"minecraft:iron_axe":15,"minecraft:iron_hoe":1,"minecraft:orange_concrete_powder":512,"minecraft:lime_dye":270,"minecraft:observer":7,"minecraft:minecart":1,"minecraft:cooked_beef":1239,"minecraft:red_dye":878,"minecraft:cyan_concrete_powder":392,"minecraft:bone_block":934,"minecraft:diamond_sword":5,"minecraft:cyan_dye":332,"minecraft:spruce_sign":15,"minecraft:dark_oak_stairs":212,"minecraft:pink_concrete_powder":136,"minecraft:gray_candle":196,"minecraft:smooth_sandstone":6,"minecraft:stripped_oak_wood":144,"minecraft:bucket":21,"minecraft:stone_axe":2,"minecraft:amethyst_block":730,"minecraft:brown_terracotta":8,"minecraft:air":0,"minecraft:bread":169,"minecraft:blue_dye":860,"minecraft:oak_boat":1,"minecraft:smooth_sandstone_slab":1152,"minecraft:white_wool":22,"minecraft:raw_gold":270,"minecraft:brown_wool":12,"minecraft:green_wool":2,"minecraft:acacia_planks":52,"minecraft:lapis_lazuli":36,"minecraft:clay":30,"minecraft:lapis_block":70,"minecraft:light_gray_candle":195},"minecraft:dropped":{"minecraft:iron_sword":7,"minecraft:chorus_fruit":17,"minecraft:glass_bottle":4,"minecraft:diamond":1,"minecraft:crafting_table":1,"minecraft:birch_fence":7,"minecraft:gold_nugget":16,"minecraft:writable_book":4,"minecraft:sand":64,"minecraft:dark_oak_planks":21,"minecraft:white_wool":3,"minecraft:stone_axe":3,"minecraft:lever":1,"minecraft:diamond_block":15,"minecraft:iron_nugget":25,"minecraft:cobbled_deepslate":15,"minecraft:obsidian":13,"minecraft:rotten_flesh":119,"minecraft:oak_planks":33,"minecraft:azalea_leaves":1,"minecraft:leather_boots":1,"minecraft:leather_leggings":2,"minecraft:brown_candle":1,"minecraft:beef":1,"minecraft:wheat_seeds":166,"minecraft:cobbled_deepslate_wall":4,"minecraft:deepslate_tile_slab":5,"minecraft:golden_apple":4,"minecraft:wooden_axe":3,"minecraft:potion":2,"minecraft:pumpkin":2,"minecraft:smooth_sandstone_slab":67,"minecraft:smooth_stone":24,"minecraft:lily_pad":2,"minecraft:stone_brick_slab":74,"minecraft:player_head":2,"minecraft:cocoa_beans":64,"minecraft:stone_shovel":1,"minecraft:iron_boots":1,"minecraft:shears":35,"minecraft:diamond_sword":6,"minecraft:spruce_trapdoor":1,"minecraft:diamond_pickaxe":1,"minecraft:sandstone":80,"minecraft:bow":4,"minecraft:blue_shulker_box":1,"minecraft:candle":64,"minecraft:oak_log":181,"minecraft:ender_pearl":2033,"minecraft:leather":1,"minecraft:raw_gold_block":4,"minecraft:cod":3,"minecraft:redstone_lamp":2,"minecraft:snowball":160,"minecraft:gold_ingot":11,"minecraft:purpur_block":9,"minecraft:spyglass":2,"minecraft:stone_brick_wall":16,"minecraft:scaffolding":149,"minecraft:stone_hoe":1,"minecraft:bread":1,"minecraft:acacia_log":2,"minecraft:black_candle":2,"minecraft:light_blue_wool":151,"minecraft:nether_wart_block":3,"minecraft:jungle_leaves":6,"minecraft:cactus":6,"minecraft:stripped_oak_log":2,"minecraft:shulker_box":3,"minecraft:flint_and_steel":1,"minecraft:andesite":17,"minecraft:oak_sapling":65,"minecraft:birch_sign":1,"minecraft:spruce_log":35,"minecraft:wooden_pickaxe":2,"minecraft:cooked_beef":3,"minecraft:cookie":5,"minecraft:dragon_breath":50,"minecraft:purpur_stairs":1,"minecraft:elytra":2,"minecraft:rail":5,"minecraft:dirt":19,"minecraft:grass":2,"minecraft:stone_button":55,"minecraft:wooden_sword":9,"minecraft:deepslate_coal_ore":1,"minecraft:bone_meal":64,"minecraft:iron_pickaxe":3,"minecraft:bone":120,"minecraft:sugar_cane":2,"minecraft:end_stone":2,"minecraft:end_stone_bricks":7,"minecraft:egg":9,"minecraft:birch_leaves":2,"minecraft:tnt":128,"minecraft:polished_blackstone":6,"minecraft:yellow_terracotta":6,"minecraft:oak_fence":13,"minecraft:iron_helmet":1,"minecraft:feather":2,"minecraft:cobblestone":702,"minecraft:apple":2,"minecraft:granite":74,"minecraft:polished_blackstone_button":7,"minecraft:coal":35,"minecraft:golden_carrot":70,"minecraft:diamond_helmet":1,"minecraft:iron_shovel":1,"minecraft:paper":8,"minecraft:string":54,"minecraft:blue_candle":7,"minecraft:moss_carpet":1,"minecraft:netherite_ingot":1,"minecraft:stone_sword":2,"minecraft:diamond_hoe":1,"minecraft:pumpkin_seeds":2,"minecraft:potato":2,"minecraft:stone":13,"minecraft:allium":2,"minecraft:wooden_shovel":1,"minecraft:carved_pumpkin":1,"minecraft:spider_eye":1226,"minecraft:birch_planks":22,"minecraft:baked_potato":95,"minecraft:deepslate_tile_wall":1,"minecraft:flint":18,"minecraft:spruce_leaves":9,"minecraft:crimson_roots":1,"minecraft:cut_sandstone":46,"minecraft:pumpkin_pie":1,"minecraft:amethyst_shard":8,"minecraft:birch_log":10,"minecraft:brown_mushroom_block":12,"minecraft:armor_stand":16,"minecraft:gravel":1,"minecraft:white_tulip":1,"minecraft:carrot":1,"minecraft:poppy":2,"minecraft:basalt":12,"minecraft:arrow":36,"minecraft:prismarine_bricks":64,"minecraft:quartz":35,"minecraft:written_book":2,"minecraft:oak_leaves":15,"minecraft:netherrack":371,"minecraft:firework_rocket":5,"minecraft:water_bucket":3,"minecraft:diamond_leggings":1,"minecraft:poisonous_potato":3,"minecraft:spectral_arrow":2,"minecraft:stick":3,"minecraft:diorite":165,"minecraft:nether_gold_ore":1,"minecraft:torch":202,"minecraft:iron_leggings":1,"minecraft:dandelion":2,"minecraft:redstone":54,"minecraft:brown_dye":1,"minecraft:tuff":4,"minecraft:filled_map":7,"minecraft:iron_chestplate":3,"minecraft:golden_sword":1},"minecraft:killed":{"minecraft:cod":281,"minecraft:tropical_fish":5,"minecraft:ender_dragon":2,"minecraft:pillager":10,"minecraft:goat":1,"minecraft:zombie":85,"minecraft:husk":1,"minecraft:witch":2,"minecraft:spider":9,"minecraft:silverfish":15,"minecraft:piglin":9,"minecraft:zombie_villager":1,"minecraft:trader_llama":2,"minecraft:slime":16,"minecraft:drowned":16,"minecraft:hoglin":1,"minecraft:squid":42,"minecraft:player":13,"minecraft:cave_spider":2638,"minecraft:dolphin":3,"minecraft:shulker":8,"minecraft:skeleton":41,"minecraft:chicken":3,"minecraft:magma_cube":240,"minecraft:cow":357,"minecraft:wandering_trader":1,"minecraft:enderman":10015,"minecraft:pig":21,"minecraft:creeper":17,"minecraft:blaze":97,"minecraft:phantom":6,"minecraft:bat":1}},"DataVersion":2730}