{"stats":{"minecraft:used":{"minecraft:moss_block":816,"minecraft:writable_book":15,"minecraft:chiseled_deepslate":18,"minecraft:dispenser":61,"minecraft:poppy":2,"minecraft:black_carpet":246,"minecraft:stone":4613,"minecraft:quartz_stairs":69,"minecraft:soul_sand":58,"minecraft:lily_of_the_valley":4,"minecraft:deepslate_brick_slab":435,"minecraft:snowball":1,"minecraft:azure_bluet":4,"minecraft:jungle_sapling":4,"minecraft:polished_blackstone_slab":12,"minecraft:packed_ice":129,"minecraft:lava_bucket":95,"minecraft:music_disc_pigstep":1,"minecraft:jungle_fence_gate":8,"minecraft:red_wool":3362,"minecraft:netherite_hoe":7900,"minecraft:dark_oak_leaves":4,"minecraft:bow":3397,"minecraft:oak_sapling":21,"minecraft:damaged_anvil":3,"minecraft:blackstone":97,"minecraft:wooden_pickaxe":3,"minecraft:composter":22,"minecraft:glow_berries":455,"minecraft:cut_sandstone_slab":322,"minecraft:blast_furnace":9,"minecraft:deepslate_brick_stairs":55,"minecraft:birch_slab":6,"minecraft:deepslate_iron_ore":3,"minecraft:flowering_azalea_leaves":110,"minecraft:nether_wart_block":9,"minecraft:diamond_sword":2012,"minecraft:smithing_table":1,"minecraft:birch_log":2,"minecraft:oak_boat":28,"minecraft:diorite_slab":28,"minecraft:oak_trapdoor":4,"minecraft:enchanting_table":3,"minecraft:carved_pumpkin":8,"minecraft:armor_stand":3,"minecraft:light_gray_carpet":3,"minecraft:tinted_glass":32,"minecraft:torch":3894,"minecraft:brewing_stand":13,"minecraft:nether_quartz_ore":38,"minecraft:oak_fence_gate":3,"minecraft:chipped_anvil":1,"minecraft:iron_block":305,"minecraft:jungle_log":7,"minecraft:barrel":28,"minecraft:bamboo":16,"minecraft:basalt":18,"minecraft:magenta_terracotta":67,"minecraft:podzol":621,"minecraft:calcite":24,"minecraft:wheat_seeds":7549,"minecraft:birch_planks":69,"minecraft:cauldron":17,"minecraft:glow_ink_sac":36,"minecraft:spruce_fence_gate":9,"minecraft:gold_ore":47,"minecraft:deepslate_bricks":1,"minecraft:polished_deepslate_slab":143,"minecraft:diamond_block":1,"minecraft:rail":1056,"minecraft:red_bed":100,"minecraft:campfire":1,"minecraft:white_bed":129,"minecraft:spruce_log":706,"minecraft:mushroom_stem":1344,"minecraft:diamond_pickaxe":48923,"minecraft:diamond_shovel":18188,"minecraft:suspicious_stew":2,"minecraft:spruce_trapdoor":151,"minecraft:spruce_sapling":56,"minecraft:potion":16,"minecraft:azalea_leaves":3287,"minecraft:cooked_porkchop":64,"minecraft:moss_carpet":344,"minecraft:polished_deepslate":991,"minecraft:bone_block":47,"minecraft:polished_basalt":21,"minecraft:nether_wart":95,"minecraft:spruce_leaves":2,"minecraft:jungle_planks":7,"minecraft:pink_terracotta":217,"minecraft:music_disc_13":3,"minecraft:obsidian":93,"minecraft:big_dripleaf":5,"minecraft:spruce_wood":117,"minecraft:lantern":23,"minecraft:item_frame":59,"minecraft:deepslate_diamond_ore":2,"minecraft:birch_trapdoor":2556,"minecraft:written_book":35,"minecraft:jungle_button":9,"minecraft:blue_shulker_box":76,"minecraft:gold_block":1139,"minecraft:dark_oak_sapling":4,"minecraft:end_rod":74,"minecraft:dropper":26,"minecraft:stone_pickaxe":524,"minecraft:jungle_fence":130,"minecraft:oak_planks":201,"minecraft:sandstone":17,"minecraft:sugar_cane":121,"minecraft:diamond_axe":5939,"minecraft:white_wool":1916,"minecraft:crossbow":2,"minecraft:sticky_piston":25,"minecraft:lever":84,"minecraft:dark_oak_log":66,"minecraft:bread":67,"minecraft:iron_door":1,"minecraft:deepslate":110,"minecraft:chain":3,"minecraft:bone_meal":3671,"minecraft:netherite_sword":1511,"minecraft:rose_bush":2,"minecraft:flint_and_steel":34,"minecraft:white_tulip":3,"minecraft:redstone":425,"minecraft:ender_chest":218,"minecraft:brown_shulker_box":1,"minecraft:deepslate_gold_ore":8,"minecraft:stone_hoe":115,"minecraft:dirt":2794,"minecraft:prismarine_bricks":1,"minecraft:spruce_fence":90,"minecraft:brown_terracotta":1478,"minecraft:oak_stairs":41,"minecraft:smooth_sandstone":10,"minecraft:black_stained_glass":116,"minecraft:soul_soil":41,"minecraft:deepslate_tile_stairs":185,"minecraft:netherite_pickaxe":97517,"minecraft:minecart":33,"minecraft:cooked_beef":1034,"minecraft:turtle_egg":213,"minecraft:cobbled_deepslate_wall":823,"minecraft:cobblestone_stairs":81,"minecraft:brown_mushroom":35,"minecraft:spruce_sign":18,"minecraft:red_mushroom":228,"minecraft:gray_terracotta":549,"minecraft:piston":75,"minecraft:black_wool":149,"minecraft:lapis_ore":32,"minecraft:stone_axe":104,"minecraft:cobbled_deepslate_slab":393,"minecraft:birch_stairs":15,"minecraft:spruce_slab":185,"minecraft:polished_blackstone":43,"minecraft:ladder":96,"minecraft:chest":706,"minecraft:jungle_slab":3,"minecraft:allium":1,"minecraft:stripped_spruce_log":1,"minecraft:netherite_shovel":33678,"minecraft:black_stained_glass_pane":24,"minecraft:grass_block":1686,"minecraft:copper_ore":116,"minecraft:music_disc_wait":3,"minecraft:dark_oak_button":2,"minecraft:stone_brick_stairs":115,"minecraft:snow":1,"minecraft:furnace":36,"minecraft:egg":27,"minecraft:diorite":55,"minecraft:end_stone_bricks":3,"minecraft:powered_rail":144,"minecraft:oak_leaves":3,"minecraft:dark_oak_trapdoor":49,"minecraft:sand":5237,"minecraft:deepslate_tiles":356,"minecraft:stone_button":4,"minecraft:lectern":205,"minecraft:spore_blossom":3,"minecraft:diamond_ore":6,"minecraft:lilac":12,"minecraft:soul_lantern":14,"minecraft:wooden_sword":1,"minecraft:dark_oak_fence":29,"minecraft:white_stained_glass":3,"minecraft:ice":14,"minecraft:iron_bars":20,"minecraft:red_concrete":3405,"minecraft:netherrack":2673,"minecraft:dragon_egg":1,"minecraft:anvil":19,"minecraft:warped_wart_block":15,"minecraft:twisting_vines":24,"minecraft:stone_stairs":1,"minecraft:jungle_trapdoor":37,"minecraft:glow_lichen":823,"minecraft:small_dripleaf":1,"minecraft:shroomlight":78,"minecraft:red_shulker_box":114,"minecraft:flowering_azalea":32,"minecraft:iron_axe":837,"minecraft:smooth_basalt":8,"minecraft:iron_trapdoor":229,"minecraft:cobbled_deepslate":84,"minecraft:observer":83,"minecraft:pointed_dripstone":9,"minecraft:crimson_stem":18,"minecraft:water_bucket":603,"minecraft:smooth_sandstone_slab":329,"minecraft:red_mushroom_block":631,"minecraft:comparator":85,"minecraft:vine":268,"minecraft:oak_slab":5,"minecraft:tnt":534,"minecraft:crafting_table":179,"minecraft:birch_sign":47,"minecraft:dark_oak_fence_gate":21,"minecraft:oak_log":7,"minecraft:cornflower":2,"minecraft:oxeye_daisy":3,"minecraft:iron_pickaxe":3254,"minecraft:cobblestone":2248,"minecraft:red_concrete_powder":3459,"minecraft:sandstone_slab":173,"minecraft:kelp":96,"minecraft:brown_mushroom_block":200,"minecraft:jukebox":3,"minecraft:iron_shovel":599,"minecraft:diamond_hoe":369,"minecraft:oak_sign":20,"minecraft:white_concrete_powder":1473,"minecraft:shield":67,"minecraft:white_terracotta":3,"minecraft:player_head":7,"minecraft:smooth_sandstone_stairs":1266,"minecraft:nether_bricks":1,"minecraft:deepslate_tile_slab":807,"minecraft:axolotl_bucket":1,"minecraft:milk_bucket":2,"minecraft:polished_deepslate_stairs":45,"minecraft:glass":1171,"minecraft:coal_ore":98,"minecraft:stone_bricks":4085,"minecraft:repeater":114,"minecraft:redstone_lamp":6,"minecraft:magma_block":5016,"minecraft:hay_block":1,"minecraft:scaffolding":1640,"minecraft:polished_blackstone_stairs":18,"minecraft:stripped_spruce_wood":5,"minecraft:dark_oak_stairs":26,"minecraft:dark_oak_sign":29,"minecraft:ender_pearl":46,"minecraft:redstone_block":7,"minecraft:light_gray_terracotta":1,"minecraft:dripstone_block":9,"minecraft:note_block":1,"minecraft:stone_brick_wall":18,"minecraft:shears":291,"minecraft:redstone_torch":150,"minecraft:firework_rocket":4483,"minecraft:light_gray_concrete":569,"minecraft:string":131,"minecraft:gravel":13,"minecraft:jungle_sign":18,"minecraft:grindstone":7,"minecraft:andesite":29,"minecraft:white_concrete":575,"minecraft:experience_bottle":12,"minecraft:azalea":74,"minecraft:purpur_block":540,"minecraft:jungle_leaves":13,"minecraft:redstone_ore":21,"minecraft:stone_shovel":38,"minecraft:oak_door":3,"minecraft:white_carpet":201,"minecraft:hopper":677,"minecraft:spruce_stairs":155,"minecraft:shulker_box":894,"minecraft:raw_iron_block":1,"minecraft:granite":6,"minecraft:stone_brick_slab":3931,"minecraft:bookshelf":17,"minecraft:acacia_boat":1,"minecraft:amethyst_block":5,"minecraft:iron_ore":398,"minecraft:pink_tulip":1,"minecraft:glass_bottle":48,"minecraft:white_dye":36,"minecraft:beacon":2,"minecraft:stonecutter":16,"minecraft:cobblestone_slab":1580,"minecraft:glow_item_frame":61,"minecraft:light_gray_concrete_powder":64,"minecraft:smoker":6,"minecraft:apple":1,"minecraft:netherite_axe":7217,"minecraft:fishing_rod":413,"minecraft:bucket":772,"minecraft:yellow_bed":7,"minecraft:splash_potion":19},"minecraft:killed_by":{"minecraft:skeleton":1,"minecraft:shulker":1,"minecraft:creeper":4,"minecraft:spider":1,"minecraft:enderman":1},"minecraft:killed":{"minecraft:cod":2,"minecraft:skeleton_horse":1,"minecraft:salmon":1,"minecraft:iron_golem":32,"minecraft:pillager":2,"minecraft:zombie":554,"minecraft:husk":2,"minecraft:rabbit":10,"minecraft:zombified_piglin":12,"minecraft:witch":2,"minecraft:spider":109,"minecraft:axolotl":3,"minecraft:silverfish":40,"minecraft:piglin_brute":2,"minecraft:piglin":14,"minecraft:zombie_villager":8,"minecraft:sheep":34,"minecraft:trader_llama":9,"minecraft:ghast":25,"minecraft:slime":330,"minecraft:drowned":5,"minecraft:hoglin":3,"minecraft:squid":50,"minecraft:wither_skeleton":76,"minecraft:player":1,"minecraft:cave_spider":48,"minecraft:shulker":215,"minecraft:skeleton":2045,"minecraft:chicken":4,"minecraft:cat":18,"minecraft:magma_cube":161,"minecraft:glow_squid":2,"minecraft:cow":330,"minecraft:wandering_trader":4,"minecraft:enderman":13215,"minecraft:creeper":266,"minecraft:blaze":47,"minecraft:phantom":13,"minecraft:bat":55},"minecraft:dropped":{"minecraft:lapis_lazuli":24,"minecraft:glow_ink_sac":22,"minecraft:glass_bottle":4,"minecraft:diamond":89,"minecraft:cooked_porkchop":6,"minecraft:glow_berries":1,"minecraft:warped_roots":4,"minecraft:emerald":1,"minecraft:dark_oak_fence":2,"minecraft:dark_oak_trapdoor":2,"minecraft:writable_book":3,"minecraft:gold_nugget":95,"minecraft:sand":247,"minecraft:dark_oak_planks":1,"minecraft:white_wool":1,"minecraft:diorite_slab":128,"minecraft:stone_axe":1,"minecraft:lever":17,"minecraft:iron_nugget":22,"minecraft:cooked_chicken":2,"minecraft:cobbled_deepslate":120,"minecraft:black_carpet":3,"minecraft:netherite_sword":1,"minecraft:wheat":4,"minecraft:rotten_flesh":1189,"minecraft:rabbit_foot":2,"minecraft:coal_ore":49,"minecraft:leather_boots":19,"minecraft:leather_leggings":12,"minecraft:glass":315,"minecraft:warped_wart_block":194,"minecraft:stone_brick_stairs":261,"minecraft:golden_boots":9,"minecraft:wheat_seeds":3787,"minecraft:clock":1,"minecraft:deepslate_tile_slab":170,"minecraft:ink_sac":110,"minecraft:potion":3,"minecraft:stripped_birch_log":1,"minecraft:chainmail_leggings":5,"minecraft:stone_brick_slab":884,"minecraft:soul_soil":3,"minecraft:player_head":26,"minecraft:stone_shovel":1,"minecraft:white_carpet":61,"minecraft:iron_boots":3,"minecraft:cobbled_deepslate_slab":1,"minecraft:oak_sign":4,"minecraft:suspicious_stew":1,"minecraft:diamond_sword":3,"minecraft:spruce_boat":1,"minecraft:spruce_planks":1,"minecraft:diamond_pickaxe":6,"minecraft:stone_bricks":25,"minecraft:sandstone":95,"minecraft:bow":44,"minecraft:magma_block":63,"minecraft:acacia_boat":1,"minecraft:soul_sand":17,"minecraft:moss_block":80,"minecraft:oak_log":2,"minecraft:ender_pearl":12504,"minecraft:dark_oak_sapling":3,"minecraft:jungle_fence":135,"minecraft:leather":26,"minecraft:jungle_planks":8,"minecraft:red_wool":1,"minecraft:birch_slab":6,"minecraft:dark_oak_log":1,"minecraft:mutton":97,"minecraft:jungle_sign":5,"minecraft:purpur_block":38,"minecraft:twisting_vines":42,"minecraft:pointed_dripstone":3,"minecraft:leather_chestplate":13,"minecraft:beetroot_seeds":1,"minecraft:stone_brick_wall":131,"minecraft:iron_ore":5,"minecraft:white_concrete_powder":640,"minecraft:stone_hoe":1,"minecraft:bread":930,"minecraft:golden_helmet":8,"minecraft:lilac":1,"minecraft:amethyst_block":4,"minecraft:spruce_stairs":1,"minecraft:iron_block":2,"minecraft:nether_wart_block":1,"minecraft:white_concrete":468,"minecraft:iron_door":2,"minecraft:cactus":6,"minecraft:redstone_block":8,"minecraft:polished_deepslate":2,"minecraft:polished_diorite":1,"minecraft:kelp":293,"minecraft:light_gray_terracotta":45,"minecraft:shulker_box":14,"minecraft:deepslate_bricks":2,"minecraft:copper_ore":9,"minecraft:andesite":319,"minecraft:golden_leggings":8,"minecraft:oak_sapling":7,"minecraft:magma_cream":2,"minecraft:piston":1,"minecraft:cooked_beef":79,"minecraft:spore_blossom":1,"minecraft:crossbow":1,"minecraft:dark_oak_button":1,"minecraft:purpur_stairs":50,"minecraft:rail":28,"minecraft:leather_helmet":7,"minecraft:item_frame":1,"minecraft:dirt":293,"minecraft:stone_button":1,"minecraft:chain":6,"minecraft:wooden_sword":1,"minecraft:deepslate_coal_ore":3,"minecraft:bone_meal":1079,"minecraft:gray_dye":37,"minecraft:bone":1638,"minecraft:oak_door":2,"minecraft:golden_chestplate":17,"minecraft:pink_dye":189,"minecraft:deepslate_brick_slab":1,"minecraft:netherite_shovel":1,"minecraft:jungle_trapdoor":1,"minecraft:white_bed":6,"minecraft:dark_oak_fence_gate":31,"minecraft:salmon":2,"minecraft:chiseled_deepslate":1,"minecraft:deepslate_tiles":6,"minecraft:hopper":8,"minecraft:spruce_slab":6,"minecraft:white_dye":67,"minecraft:end_stone_bricks":27,"minecraft:flowering_azalea_leaves":76,"minecraft:egg":9,"minecraft:enchanted_book":1,"minecraft:iron_ingot":2,"minecraft:netherite_pickaxe":4,"minecraft:birch_leaves":11,"minecraft:copper_block":87,"minecraft:polished_blackstone":2,"minecraft:oak_fence":32,"minecraft:purpur_slab":26,"minecraft:cobblestone":703,"minecraft:iron_helmet":5,"minecraft:apple":129,"minecraft:granite":381,"minecraft:spruce_button":9,"minecraft:polished_blackstone_button":11,"minecraft:chainmail_helmet":3,"minecraft:coal":76,"minecraft:jungle_slab":2,"minecraft:iron_trapdoor":7,"minecraft:rabbit":17,"minecraft:brown_terracotta":254,"minecraft:iron_shovel":1,"minecraft:paper":23,"minecraft:string":268,"minecraft:purpur_pillar":10,"minecraft:moss_carpet":2,"minecraft:redstone_ore":1,"minecraft:jungle_fence_gate":5,"minecraft:stone_sword":4,"minecraft:bowl":3,"minecraft:deepslate":27,"minecraft:chicken":1,"minecraft:polished_deepslate_slab":4,"minecraft:slime_block":64,"minecraft:stone_slab":7,"minecraft:potato":5,"minecraft:cobblestone_slab":984,"minecraft:stone":1492,"minecraft:yellow_bed":1,"minecraft:wooden_shovel":9,"minecraft:spider_eye":35,"minecraft:magenta_dye":44,"minecraft:crimson_nylium":7,"minecraft:brown_mushroom":3,"minecraft:baked_potato":4,"minecraft:sandstone_slab":3,"minecraft:flint":7,"minecraft:deepslate_tile_stairs":1,"minecraft:deepslate_gold_ore":2,"minecraft:jungle_button":1,"minecraft:crimson_roots":2,"minecraft:seagrass":13,"minecraft:black_stained_glass":9,"minecraft:gravel":218,"minecraft:white_tulip":3,"minecraft:blackstone":316,"minecraft:stone_stairs":40,"minecraft:carrot":5,"minecraft:chainmail_chestplate":7,"minecraft:poppy":644,"minecraft:rabbit_hide":22,"minecraft:gunpowder":172,"minecraft:chainmail_boots":6,"minecraft:azalea":1,"minecraft:chest":6,"minecraft:basalt":1480,"minecraft:arrow":3175,"minecraft:quartz":32,"minecraft:written_book":1,"minecraft:netherrack":9084,"minecraft:firework_rocket":75,"minecraft:oak_slab":9,"minecraft:red_concrete_powder":1725,"minecraft:minecart":2,"minecraft:cyan_dye":1,"minecraft:diamond_leggings":1,"minecraft:lead":1,"minecraft:copper_ingot":7,"minecraft:grass_block":1094,"minecraft:stick":74,"minecraft:nether_gold_ore":1,"minecraft:diorite":375,"minecraft:torch":12,"minecraft:iron_leggings":2,"minecraft:iron_axe":2,"minecraft:bucket":2,"minecraft:dandelion":13,"minecraft:smooth_basalt":3,"minecraft:redstone":5,"minecraft:warped_nylium":2,"minecraft:ender_chest":2,"minecraft:raw_copper":45,"minecraft:tuff":8,"minecraft:raw_iron":4,"minecraft:filled_map":2,"minecraft:snow":4,"minecraft:shield":1,"minecraft:orange_terracotta":91,"minecraft:iron_chestplate":2,"minecraft:oak_boat":1,"minecraft:golden_sword":2,"minecraft:diamond_boots":1,"minecraft:slime_ball":12,"minecraft:stone_pickaxe":2,"minecraft:nether_quartz_ore":11,"minecraft:calcite":1},"minecraft:mined":{"minecraft:dragon_wall_head":1,"minecraft:cut_sandstone_slab":8,"minecraft:red_shulker_box":114,"minecraft:white_bed":114,"minecraft:granite":3926,"minecraft:oak_wall_sign":2,"minecraft:nether_wart":57,"minecraft:spawner":1,"minecraft:chorus_flower":11,"minecraft:magma_block":5709,"minecraft:dark_oak_trapdoor":23,"minecraft:fire":131,"minecraft:barrel":28,"minecraft:cobbled_deepslate":104,"minecraft:deepslate_lapis_ore":15,"minecraft:twisting_vines":27,"minecraft:light_gray_concrete":97,"minecraft:pink_tulip":1,"minecraft:spruce_wood":9,"minecraft:player_head":2,"minecraft:tripwire":9,"minecraft:jungle_trapdoor":6,"minecraft:jungle_button":4,"minecraft:sandstone_slab":6,"minecraft:kelp_plant":63,"minecraft:smoker":2,"minecraft:crimson_nylium":16,"minecraft:deepslate_tile_slab":196,"minecraft:torch":488,"minecraft:note_block":1,"minecraft:oxidized_copper":1,"minecraft:melon":4,"minecraft:dead_bush":18,"minecraft:spruce_wall_sign":4,"minecraft:sugar_cane":1316,"minecraft:amethyst_block":249,"minecraft:white_terracotta":101,"minecraft:repeater":18,"minecraft:jukebox":3,"minecraft:grass":1901,"minecraft:smooth_basalt":18,"minecraft:deepslate":7341,"minecraft:deepslate_tiles":150,"minecraft:light_blue_wool":1,"minecraft:mossy_cobblestone":76,"minecraft:dark_oak_log":208,"minecraft:dark_oak_fence":5,"minecraft:spruce_fence":19,"minecraft:redstone_wire":64,"minecraft:red_mushroom":27,"minecraft:white_concrete_powder":1,"minecraft:redstone_ore":240,"minecraft:andesite":4128,"minecraft:big_dripleaf_stem":2,"minecraft:cobblestone_slab":1030,"minecraft:vine":313,"minecraft:rail":509,"minecraft:bone_block":47,"minecraft:green_wool":1,"minecraft:ender_chest":214,"minecraft:oak_slab":13,"minecraft:birch_stairs":1,"minecraft:redstone_block":11,"minecraft:soul_sand":163,"minecraft:lily_of_the_valley":6,"minecraft:dandelion":27,"minecraft:cornflower":4,"minecraft:warped_roots":3,"minecraft:purpur_pillar":11,"minecraft:tall_grass":203,"minecraft:copper_ore":483,"minecraft:deepslate_gold_ore":46,"minecraft:diorite":4476,"minecraft:warped_wart_block":1713,"minecraft:black_stained_glass":23,"minecraft:stripped_spruce_wood":2,"minecraft:dark_oak_wall_sign":11,"minecraft:sunflower":2,"minecraft:gravel":5188,"minecraft:cobweb":82,"minecraft:brown_terracotta":3651,"minecraft:polished_blackstone":10,"minecraft:stone_bricks":785,"minecraft:chipped_anvil":1,"minecraft:gold_ore":205,"minecraft:iron_trapdoor":158,"minecraft:farmland":3,"minecraft:brewing_stand":11,"minecraft:spruce_trapdoor":5,"minecraft:white_concrete":1503,"minecraft:polished_diorite":1,"minecraft:composter":21,"minecraft:turtle_egg":586,"minecraft:pointed_dripstone":28,"minecraft:flowering_azalea_leaves":1152,"minecraft:azalea":64,"minecraft:spruce_slab":26,"minecraft:deepslate_redstone_ore":120,"minecraft:brown_shulker_box":1,"minecraft:gray_terracotta":11,"minecraft:exposed_copper":1,"minecraft:orange_terracotta":93,"minecraft:purpur_stairs":54,"minecraft:light_gray_terracotta":18,"minecraft:beacon":2,"minecraft:nether_quartz_ore":319,"minecraft:oak_planks":402,"minecraft:wall_torch":355,"minecraft:cauldron":6,"minecraft:warped_nylium":10,"minecraft:powered_rail":81,"minecraft:tnt":18,"minecraft:oak_log":547,"minecraft:dirt":18885,"minecraft:dispenser":35,"minecraft:ancient_debris":73,"minecraft:quartz_stairs":1,"minecraft:dark_oak_leaves":46,"minecraft:ladder":67,"minecraft:glow_lichen":698,"minecraft:lever":17,"minecraft:weathered_copper":1,"minecraft:brown_mushroom_block":1367,"minecraft:spruce_leaves":696,"minecraft:crimson_stem":32,"minecraft:hay_block":14,"minecraft:polished_basalt":20,"minecraft:gold_block":223,"minecraft:bookshelf":17,"minecraft:deepslate_iron_ore":105,"minecraft:shroomlight":219,"minecraft:jungle_fence_gate":3,"minecraft:pink_terracotta":9,"minecraft:scaffolding":966,"minecraft:basalt":2678,"minecraft:oak_fence":176,"minecraft:deepslate_coal_ore":200,"minecraft:red_concrete":3511,"minecraft:prismarine_bricks":344,"minecraft:birch_planks":7,"minecraft:polished_blackstone_slab":12,"minecraft:ice":246,"minecraft:black_wool":1,"minecraft:cocoa":2,"minecraft:small_dripleaf":1,"minecraft:jungle_wall_sign":2,"minecraft:jungle_leaves":294,"minecraft:obsidian":188,"minecraft:stone_brick_wall":2,"minecraft:jungle_log":2297,"minecraft:deepslate_bricks":3,"minecraft:deepslate_tile_stairs":34,"minecraft:purpur_slab":16,"minecraft:crimson_fungus":1,"minecraft:hopper":81,"minecraft:oxeye_daisy":14,"minecraft:weeping_vines_plant":1,"minecraft:tall_seagrass":110,"minecraft:sticky_piston":8,"minecraft:pumpkin":8,"minecraft:moss_carpet":82,"minecraft:enchanting_table":3,"minecraft:polished_deepslate_slab":10,"minecraft:cave_vines":14,"minecraft:oak_sign":1,"minecraft:dirt_path":194,"minecraft:oak_stairs":4,"minecraft:deepslate_brick_stairs":22,"minecraft:smooth_sandstone_stairs":65,"minecraft:iron_block":217,"minecraft:brown_mushroom":5,"minecraft:red_bed":97,"minecraft:player_wall_head":3,"minecraft:amethyst_cluster":180,"minecraft:blast_furnace":6,"minecraft:glass":91,"minecraft:damaged_anvil":2,"minecraft:smooth_sandstone_slab":16,"minecraft:wheat":5676,"minecraft:lilac":18,"minecraft:warped_fungus":1,"minecraft:stone_brick_stairs":24,"minecraft:copper_block":2,"minecraft:blue_shulker_box":76,"minecraft:red_mushroom_block":2798,"minecraft:stonecutter":15,"minecraft:piston":45,"minecraft:stripped_birch_log":1,"minecraft:shulker_box":895,"minecraft:nether_bricks":41,"minecraft:cobbled_deepslate_slab":33,"minecraft:allium":1,"minecraft:jungle_planks":7,"minecraft:crimson_roots":1,"minecraft:moss_block":141,"minecraft:kelp":35,"minecraft:polished_blackstone_button":4,"minecraft:snow":10,"minecraft:diamond_block":25,"minecraft:warped_stem":296,"minecraft:bamboo":19,"minecraft:white_wool":35,"minecraft:light_gray_carpet":3,"minecraft:comparator":8,"minecraft:stone_brick_slab":439,"minecraft:observer":46,"minecraft:cobbled_deepslate_wall":67,"minecraft:dropper":13,"minecraft:big_dripleaf":3,"minecraft:white_carpet":9,"minecraft:spruce_log":1288,"minecraft:birch_leaves":20,"minecraft:jungle_fence":64,"minecraft:dark_oak_sign":1,"minecraft:dripstone_block":61,"minecraft:infested_stone":28,"minecraft:large_amethyst_bud":1,"minecraft:jungle_slab":3,"minecraft:cobblestone_stairs":57,"minecraft:cave_vines_plant":10,"minecraft:grass_block":4489,"minecraft:infested_cobblestone":1,"minecraft:soul_soil":4,"minecraft:raw_iron_block":1,"minecraft:glowstone":22,"minecraft:iron_ore":1758,"minecraft:black_carpet":82,"minecraft:anvil":7,"minecraft:azure_bluet":9,"minecraft:birch_wall_sign":21,"minecraft:azalea_leaves":3487,"minecraft:end_stone_bricks":56,"minecraft:blackstone":620,"minecraft:twisting_vines_plant":6,"minecraft:polished_deepslate_stairs":45,"minecraft:clay":104,"minecraft:calcite":373,"minecraft:poppy":11,"minecraft:chest":48,"minecraft:mushroom_stem":1358,"minecraft:cobblestone":1459,"minecraft:grindstone":5,"minecraft:iron_door":1,"minecraft:deepslate_copper_ore":15,"minecraft:seagrass":137,"minecraft:nether_wart_block":266,"minecraft:birch_log":2311,"minecraft:birch_trapdoor":108,"minecraft:purpur_block":921,"minecraft:sand":22158,"minecraft:netherrack":13332,"minecraft:oak_leaves":815,"minecraft:nether_gold_ore":58,"minecraft:diamond_ore":43,"minecraft:tuff":540,"minecraft:deepslate_diamond_ore":20,"minecraft:sandstone":5375,"minecraft:rooted_dirt":34,"minecraft:deepslate_brick_slab":80,"minecraft:diorite_slab":28,"minecraft:oak_trapdoor":2,"minecraft:furnace":30,"minecraft:red_concrete_powder":3,"minecraft:dark_oak_fence_gate":28,"minecraft:stripped_spruce_log":7,"minecraft:chiseled_deepslate":1,"minecraft:polished_deepslate":235,"minecraft:lantern":3,"minecraft:stripped_jungle_log":1,"minecraft:packed_ice":488,"minecraft:chorus_plant":3,"minecraft:stone":72802,"minecraft:white_tulip":4,"minecraft:redstone_wall_torch":19,"minecraft:podzol":328,"minecraft:flowering_azalea":37,"minecraft:red_wool":48,"minecraft:crafting_table":172,"minecraft:rose_bush":5,"minecraft:lectern":197,"minecraft:lapis_ore":108,"minecraft:blue_bed":3,"minecraft:spruce_stairs":15,"minecraft:cactus":3,"minecraft:polished_blackstone_stairs":3,"minecraft:redstone_torch":28,"minecraft:magenta_terracotta":3,"minecraft:yellow_bed":8,"minecraft:coal_ore":1765,"minecraft:end_rod":211,"minecraft:terracotta":1248},"minecraft:custom":{"minecraft:interact_with_crafting_table":1320,"minecraft:damage_blocked_by_shield":2810,"minecraft:play_time":25064174,"minecraft:deaths":12,"minecraft:jump":65095,"minecraft:play_record":7,"minecraft:interact_with_smoker":73,"minecraft:inspect_dispenser":137,"minecraft:horse_one_cm":454423,"minecraft:inspect_dropper":36,"minecraft:interact_with_anvil":83,"minecraft:inspect_hopper":497,"minecraft:tune_noteblock":1,"minecraft:time_since_rest":256480,"minecraft:swim_one_cm":488550,"minecraft:open_chest":7724,"minecraft:open_shulker_box":3769,"minecraft:damage_resisted":121,"minecraft:play_noteblock":1,"minecraft:talked_to_villager":516,"minecraft:interact_with_brewingstand":114,"minecraft:interact_with_beacon":3,"minecraft:fill_cauldron":8,"minecraft:boat_one_cm":1005590,"minecraft:damage_taken":58129,"minecraft:aviate_one_cm":143170988,"minecraft:open_barrel":692,"minecraft:leave_game":182,"minecraft:time_since_death":682044,"minecraft:enchant_item":226,"minecraft:interact_with_furnace":318,"minecraft:traded_with_villager":885,"minecraft:sleep_in_bed":313,"minecraft:damage_dealt":206805,"minecraft:use_cauldron":14,"minecraft:interact_with_smithing_table":11,"minecraft:sneak_time":1470326,"minecraft:interact_with_lectern":59,"minecraft:interact_with_blast_furnace":323,"minecraft:total_world_time":25064174,"minecraft:interact_with_stonecutter":131,"minecraft:fly_one_cm":16408825,"minecraft:fish_caught":335,"minecraft:fall_one_cm":1448860,"minecraft:animals_bred":607,"minecraft:sprint_one_cm":27120391,"minecraft:drop":2982,"minecraft:walk_on_water_one_cm":925520,"minecraft:open_enderchest":1371,"minecraft:player_kills":1,"minecraft:crouch_one_cm":5546981,"minecraft:mob_kills":17897,"minecraft:climb_one_cm":1257027,"minecraft:walk_one_cm":40642235,"minecraft:walk_under_water_one_cm":3919874,"minecraft:interact_with_grindstone":135,"minecraft:minecart_one_cm":58905},"minecraft:broken":{"minecraft:leather_helmet":2,"minecraft:iron_pickaxe":13,"minecraft:iron_shovel":1,"minecraft:stone_pickaxe":4,"minecraft:golden_boots":2,"minecraft:iron_axe":1,"minecraft:golden_chestplate":1},"minecraft:picked_up":{"minecraft:lead":20,"minecraft:enchanted_book":25,"minecraft:polished_deepslate":232,"minecraft:string":527,"minecraft:pufferfish":51,"minecraft:shroomlight":217,"minecraft:diamond_leggings":2,"minecraft:diamond_ore":11,"minecraft:polished_blackstone_stairs":4,"minecraft:jukebox":3,"minecraft:big_dripleaf":72,"minecraft:purpur_pillar":12,"minecraft:golden_chestplate":21,"minecraft:pink_terracotta":9,"minecraft:cauldron":7,"minecraft:stone_sword":5,"minecraft:polished_basalt":24,"minecraft:end_rod":209,"minecraft:bookshelf":17,"minecraft:white_terracotta":104,"minecraft:blaze_rod":42,"minecraft:snowball":1,"minecraft:feather":18,"minecraft:cooked_beef":848,"minecraft:water_bucket":10,"minecraft:copper_block":2,"minecraft:flint":17,"minecraft:lantern":6,"minecraft:magenta_terracotta":3,"minecraft:hanging_roots":1,"minecraft:stonecutter":16,"minecraft:dark_oak_sign":25,"minecraft:diamond_helmet":2,"minecraft:rabbit":17,"minecraft:glow_lichen":845,"minecraft:stripped_spruce_log":6,"minecraft:brown_mushroom_block":963,"minecraft:deepslate":4031,"minecraft:lever":51,"minecraft:granite":3048,"minecraft:deepslate_coal_ore":122,"minecraft:rooted_dirt":34,"minecraft:light_gray_carpet":3,"minecraft:crimson_roots":2,"minecraft:diamond_pickaxe":9,"minecraft:leather_leggings":13,"minecraft:purpur_block":900,"minecraft:cornflower":4,"minecraft:elytra":10,"minecraft:flint_and_steel":4,"minecraft:white_carpet":28,"minecraft:iron_shovel":4,"minecraft:netherite_sword":3,"minecraft:jungle_sapling":48,"minecraft:poppy":630,"minecraft:spruce_slab":24,"minecraft:minecart":35,"minecraft:birch_sapling":36,"minecraft:piston":55,"minecraft:copper_ore":267,"minecraft:black_stained_glass":23,"minecraft:stone":60404,"minecraft:jungle_fence_gate":3,"minecraft:netherite_pickaxe":7,"minecraft:jungle_sign":2,"minecraft:diamond_chestplate":1,"minecraft:hay_block":14,"minecraft:purpur_slab":26,"minecraft:polished_blackstone":12,"minecraft:mutton":97,"minecraft:rail":700,"minecraft:bone_block":713,"minecraft:oxeye_daisy":14,"minecraft:birch_leaves":11,"minecraft:clock":1,"minecraft:tripwire_hook":2,"minecraft:jungle_fence":63,"minecraft:purpur_stairs":50,"minecraft:lily_pad":12,"minecraft:paper":3,"minecraft:apple":7,"minecraft:warped_stem":294,"minecraft:spore_blossom":1,"minecraft:stone_pickaxe":2,"minecraft:iron_ore":882,"minecraft:smooth_basalt":15,"minecraft:red_wool":3545,"minecraft:weathered_copper":1,"minecraft:dragon_egg":1,"minecraft:leather_helmet":9,"minecraft:diamond_shovel":2,"minecraft:coal_ore":923,"minecraft:slime_ball":569,"minecraft:deepslate_redstone_ore":40,"minecraft:birch_sign":36,"minecraft:baked_potato":5,"minecraft:hopper":76,"minecraft:black_carpet":85,"minecraft:ender_chest":224,"minecraft:stone_brick_stairs":27,"minecraft:comparator":19,"minecraft:bucket":3,"minecraft:white_tulip":5,"minecraft:rose_bush":238,"minecraft:cobblestone_slab":277,"minecraft:azalea":193,"minecraft:iron_pickaxe":4,"minecraft:deepslate_iron_ore":42,"minecraft:birch_trapdoor":108,"minecraft:polished_deepslate_stairs":45,"minecraft:spruce_stairs":15,"minecraft:netherite_shovel":3,"minecraft:diorite":3578,"minecraft:vine":268,"minecraft:rotten_flesh":1682,"minecraft:brown_shulker_box":1,"minecraft:chorus_flower":11,"minecraft:music_disc_wait":4,"minecraft:deepslate_brick_stairs":22,"minecraft:obsidian":181,"minecraft:cobblestone":7651,"minecraft:enchanting_table":3,"minecraft:leather_chestplate":14,"minecraft:lilac":31,"minecraft:repeater":71,"minecraft:andesite":3311,"minecraft:golden_leggings":10,"minecraft:beacon":2,"minecraft:potato":17,"minecraft:smooth_sandstone_stairs":70,"minecraft:prismarine_bricks":261,"minecraft:dirt":19027,"minecraft:stripped_birch_log":1,"minecraft:cut_sandstone_slab":18,"minecraft:name_tag":6,"minecraft:glass":660,"minecraft:bone":4787,"minecraft:bow":216,"minecraft:wheat_seeds":20902,"minecraft:grindstone":5,"minecraft:netherite_axe":3,"minecraft:bamboo":225,"minecraft:melon":4,"minecraft:grass_block":4016,"minecraft:diamond_block":37,"minecraft:jungle_slab":3,"minecraft:mossy_cobblestone":54,"minecraft:jungle_leaves":56,"minecraft:light_gray_terracotta":46,"minecraft:sugar":1,"minecraft:slime_block":45,"minecraft:netherite_helmet":2,"minecraft:crossbow":1,"minecraft:bone_meal":728,"minecraft:spruce_sign":4,"minecraft:emerald":1,"minecraft:netherrack":15273,"minecraft:chorus_fruit":54,"minecraft:oak_leaves":3,"minecraft:azure_bluet":9,"minecraft:ladder":89,"minecraft:brown_mushroom":136,"minecraft:packed_ice":482,"minecraft:stone_brick_wall":2,"minecraft:diorite_slab":28,"minecraft:shield":4,"minecraft:moss_carpet":469,"minecraft:oak_trapdoor":2,"minecraft:blackstone":596,"minecraft:flowering_azalea_leaves":1163,"minecraft:note_block":1,"minecraft:red_shulker_box":114,"minecraft:weeping_vines":4,"minecraft:nether_bricks":81,"minecraft:pink_tulip":1,"minecraft:netherite_boots":2,"minecraft:basalt":2688,"minecraft:dark_oak_button":2,"minecraft:golden_carrot":26,"minecraft:leather":827,"minecraft:ice":232,"minecraft:crimson_fungus":1,"minecraft:chainmail_chestplate":6,"minecraft:yellow_bed":8,"minecraft:gunpowder":703,"minecraft:orange_terracotta":91,"minecraft:rabbit_hide":22,"minecraft:spruce_wood":9,"minecraft:iron_ingot":113,"minecraft:cooked_chicken":2,"minecraft:nether_quartz_ore":69,"minecraft:warped_fungus":1,"minecraft:stone_brick_slab":496,"minecraft:quartz":464,"minecraft:dandelion":32,"minecraft:lava_bucket":1,"minecraft:amethyst_shard":1604,"minecraft:white_concrete_powder":260,"minecraft:chainmail_leggings":5,"minecraft:terracotta":1243,"minecraft:damaged_anvil":3,"minecraft:sunflower":2,"minecraft:seagrass":265,"minecraft:iron_chestplate":1,"minecraft:chainmail_boots":6,"minecraft:anvil":7,"minecraft:diamond_sword":6,"minecraft:oak_stairs":4,"minecraft:wither_rose":1,"minecraft:brewing_stand":11,"minecraft:golden_sword":2,"minecraft:amethyst_block":250,"minecraft:dark_oak_trapdoor":23,"minecraft:soul_soil":44,"minecraft:gold_nugget":574,"minecraft:cobbled_deepslate":3240,"minecraft:written_book":4,"minecraft:azalea_leaves":3435,"minecraft:golden_helmet":9,"minecraft:composter":20,"minecraft:deepslate_tile_stairs":35,"minecraft:rabbit_foot":3,"minecraft:light_blue_wool":3,"minecraft:tropical_fish":7,"minecraft:iron_block":190,"minecraft:birch_log":2309,"minecraft:magma_block":5436,"minecraft:oxidized_copper":1,"minecraft:iron_door":1,"minecraft:jungle_log":2282,"minecraft:smoker":2,"minecraft:stripped_spruce_wood":2,"minecraft:netherite_leggings":2,"minecraft:light_gray_concrete_powder":64,"minecraft:twisting_vines":76,"minecraft:chipped_anvil":1,"minecraft:gray_terracotta":31,"minecraft:glowstone_dust":61,"minecraft:moss_block":867,"minecraft:warped_wart_block":888,"minecraft:dropper":13,"minecraft:ink_sac":161,"minecraft:dark_oak_log":296,"minecraft:barrel":29,"minecraft:dispenser":46,"minecraft:writable_book":3,"minecraft:deepslate_gold_ore":19,"minecraft:chainmail_helmet":3,"minecraft:bread":10,"minecraft:dark_oak_fence":5,"minecraft:spruce_leaves":2,"minecraft:coarse_dirt":1,"minecraft:crafting_table":181,"minecraft:sandstone_slab":9,"minecraft:nether_wart":347,"minecraft:jungle_trapdoor":10,"minecraft:red_bed":101,"minecraft:snow":9,"minecraft:cartography_table":1,"minecraft:deepslate_diamond_ore":3,"minecraft:beef":563,"minecraft:iron_nugget":14,"minecraft:quartz_stairs":1,"minecraft:chest":49,"minecraft:egg":69,"minecraft:sandstone":5800,"minecraft:polished_deepslate_slab":10,"minecraft:glow_item_frame":5,"minecraft:spruce_fence":19,"minecraft:amethyst_cluster":7,"minecraft:carrot":20,"minecraft:redstone":1342,"minecraft:mushroom_stem":1350,"minecraft:tnt":18,"minecraft:beetroot_seeds":11,"minecraft:deepslate_bricks":3,"minecraft:shears":1,"minecraft:diamond_boots":3,"minecraft:gold_ingot":41,"minecraft:glow_berries":570,"minecraft:white_wool":106,"minecraft:lapis_ore":54,"minecraft:red_mushroom_block":1889,"minecraft:red_mushroom":294,"minecraft:jungle_button":7,"minecraft:ancient_debris":73,"minecraft:oak_log":545,"minecraft:golden_boots":13,"minecraft:kelp":502,"minecraft:stone_bricks":757,"minecraft:glass_bottle":1,"minecraft:flowering_azalea":95,"minecraft:gravel":4930,"minecraft:birch_stairs":1,"minecraft:spruce_sapling":157,"minecraft:spruce_log":1363,"minecraft:firework_rocket":309,"minecraft:polished_diorite":1,"minecraft:redstone_ore":129,"minecraft:diamond_axe":1,"minecraft:warped_roots":4,"minecraft:crimson_nylium":14,"minecraft:melon_seeds":4,"minecraft:warped_nylium":4,"minecraft:ender_pearl":12607,"minecraft:shulker_shell":255,"minecraft:chiseled_deepslate":1,"minecraft:wheat":7372,"minecraft:exposed_copper":1,"minecraft:redstone_block":20,"minecraft:iron_trapdoor":183,"minecraft:turtle_egg":586,"minecraft:potion":7,"minecraft:raw_copper":839,"minecraft:iron_leggings":2,"minecraft:armor_stand":2,"minecraft:sticky_piston":11,"minecraft:oak_sign":4,"minecraft:deepslate_tiles":195,"minecraft:dark_oak_leaves":4,"minecraft:redstone_torch":73,"minecraft:calcite":368,"minecraft:furnace":30,"minecraft:iron_boots":2,"minecraft:stick":409,"minecraft:brown_terracotta":3649,"minecraft:oak_fence":97,"minecraft:torch":1581,"minecraft:pointed_dripstone":37,"minecraft:music_disc_pigstep":1,"minecraft:nether_gold_ore":18,"minecraft:cactus":19,"minecraft:cod":201,"minecraft:nautilus_shell":8,"minecraft:magma_cream":46,"minecraft:tuff":535,"minecraft:wither_skeleton_skull":3,"minecraft:acacia_boat":2,"minecraft:lapis_lazuli":1102,"minecraft:leather_boots":25,"minecraft:cobbled_deepslate_wall":67,"minecraft:raw_gold":249,"minecraft:deepslate_brick_slab":82,"minecraft:cobbled_deepslate_slab":41,"minecraft:powered_rail":129,"minecraft:oak_planks":213,"minecraft:stone_hoe":3,"minecraft:ghast_tear":13,"minecraft:cooked_porkchop":6,"minecraft:music_disc_13":4,"minecraft:axolotl_bucket":1,"minecraft:sand":24144,"minecraft:polished_blackstone_slab":12,"minecraft:jungle_planks":7,"minecraft:lily_of_the_valley":7,"minecraft:shulker_box":924,"minecraft:light_gray_concrete":189,"minecraft:clay":102,"minecraft:diamond":357,"minecraft:polished_blackstone_button":11,"minecraft:white_concrete":1458,"minecraft:oak_sapling":102,"minecraft:end_stone_bricks":56,"minecraft:fishing_rod":7,"minecraft:cocoa_beans":6,"minecraft:allium":1,"minecraft:chicken":2,"minecraft:gold_block":221,"minecraft:iron_axe":7,"minecraft:item_frame":59,"minecraft:oak_boat":33,"minecraft:player_head":126,"minecraft:observer":46,"minecraft:lectern":197,"minecraft:blue_shulker_box":76,"minecraft:sugar_cane":2918,"minecraft:phantom_membrane":17,"minecraft:spruce_trapdoor":17,"minecraft:dark_oak_sapling":22,"minecraft:raw_iron":1770,"minecraft:bowl":4,"minecraft:stone_button":2,"minecraft:smooth_sandstone_slab":40,"minecraft:arrow":4114,"minecraft:saddle":8,"minecraft:glow_ink_sac":59,"minecraft:crimson_stem":32,"minecraft:salmon":78,"minecraft:birch_planks":6,"minecraft:nether_wart_block":266,"minecraft:cobblestone_stairs":57,"minecraft:deepslate_tile_slab":207,"minecraft:podzol":316,"minecraft:soul_sand":172,"minecraft:oak_slab":13,"minecraft:scaffolding":1649,"minecraft:red_concrete_powder":401,"minecraft:pumpkin":8,"minecraft:dripstone_block":59,"minecraft:raw_iron_block":1,"minecraft:blast_furnace":6,"minecraft:white_bed":116,"minecraft:gold_ore":92,"minecraft:dark_oak_fence_gate":21,"minecraft:spider_eye":219,"minecraft:stripped_jungle_log":1,"minecraft:iron_helmet":4,"minecraft:black_wool":2,"minecraft:red_concrete":3509,"minecraft:coal":1892},"minecraft:crafted":{"minecraft:black_dye":1057,"minecraft:oak_sign":21,"minecraft:blaze_powder":22,"minecraft:chain":9,"minecraft:diamond_shovel":1,"minecraft:shulker_box":114,"minecraft:black_wool":1088,"minecraft:redstone_lamp":8,"minecraft:glow_item_frame":56,"minecraft:raw_gold_block":11,"minecraft:smithing_table":1,"minecraft:sticky_piston":14,"minecraft:polished_deepslate_slab":82,"minecraft:stone_brick_stairs":4,"minecraft:lectern":10,"minecraft:golden_leggings":1,"minecraft:stone_slab":6,"minecraft:iron_pickaxe":13,"minecraft:netherite_ingot":18,"minecraft:composter":2,"minecraft:jungle_sign":21,"minecraft:jukebox":1,"minecraft:iron_nugget":72,"minecraft:diamond_hoe":2,"minecraft:experience_bottle":12,"minecraft:blue_shulker_box":1,"minecraft:spruce_fence":87,"minecraft:moss_carpet":2760,"minecraft:stone_stairs":4,"minecraft:lantern":12,"minecraft:spruce_stairs":120,"minecraft:red_shulker_box":2,"minecraft:stone_pickaxe":4,"minecraft:chainmail_leggings":2,"minecraft:light_gray_terracotta":32,"minecraft:polished_blackstone_stairs":12,"minecraft:dark_oak_button":1,"minecraft:deepslate_tiles":1,"minecraft:enchanted_book":11,"minecraft:oak_fence_gate":3,"minecraft:chainmail_boots":1,"minecraft:fermented_spider_eye":21,"minecraft:birch_trapdoor":2596,"minecraft:black_stained_glass_pane":32,"minecraft:writable_book":7,"minecraft:iron_shovel":4,"minecraft:armor_stand":3,"minecraft:note_block":1,"minecraft:pink_terracotta":208,"minecraft:grindstone":2,"minecraft:cobblestone_slab":1650,"minecraft:barrel":64,"minecraft:stone":1168,"minecraft:stone_brick_slab":1074,"minecraft:bow":26,"minecraft:spore_blossom":4,"minecraft:comparator":68,"minecraft:chest":1399,"minecraft:netherite_helmet":2,"minecraft:copper_block":87,"minecraft:rail":544,"minecraft:ender_eye":11,"minecraft:stone_bricks":5656,"minecraft:golden_boots":2,"minecraft:dropper":13,"minecraft:cauldron":14,"minecraft:iron_helmet":3,"minecraft:dispenser":125,"minecraft:apple":192,"minecraft:tnt":3529,"minecraft:spruce_trapdoor":134,"minecraft:gray_terracotta":672,"minecraft:stick":2172,"minecraft:iron_ingot":5437,"minecraft:dark_oak_fence_gate":1,"minecraft:deepslate_tile_slab":68,"minecraft:small_dripleaf":1,"minecraft:oak_door":9,"minecraft:stone_brick_wall":16,"minecraft:fishing_rod":1,"minecraft:netherite_sword":2,"minecraft:leather_boots":4,"minecraft:golden_chestplate":3,"minecraft:spruce_button":8,"minecraft:furnace":32,"minecraft:blast_furnace":4,"minecraft:piston":73,"minecraft:raw_copper_block":133,"minecraft:oak_trapdoor":2,"minecraft:flint_and_steel":1,"minecraft:scaffolding":138,"minecraft:netherite_chestplate":1,"minecraft:white_concrete_powder":1664,"minecraft:birch_sign":12,"minecraft:stripped_spruce_wood":3,"minecraft:iron_trapdoor":59,"minecraft:jungle_planks":8888,"minecraft:white_dye":398,"minecraft:netherite_shovel":2,"minecraft:black_carpet":192,"minecraft:stonecutter":2,"minecraft:anvil":72,"minecraft:torch":2784,"minecraft:ender_chest":11,"minecraft:jungle_button":3,"minecraft:light_gray_concrete_powder":576,"minecraft:smooth_stone":32,"minecraft:jungle_fence_gate":10,"minecraft:birch_slab":12,"minecraft:lever":87,"minecraft:bookshelf":66,"minecraft:iron_bars":32,"minecraft:red_concrete_powder":3456,"minecraft:quartz_block":68,"minecraft:glass":1344,"minecraft:repeater":78,"minecraft:netherite_boots":2,"minecraft:polished_blackstone":9,"minecraft:glass_bottle":42,"minecraft:target":64,"minecraft:deepslate":35,"minecraft:wooden_shovel":9,"minecraft:emerald":803,"minecraft:diamond_axe":2,"minecraft:cobbled_deepslate_wall":33,"minecraft:copper_ingot":794,"minecraft:hay_block":320,"minecraft:campfire":1,"minecraft:iron_block":13888,"minecraft:gold_ingot":30744,"minecraft:light_gray_dye":72,"minecraft:spruce_fence_gate":9,"minecraft:birch_stairs":40,"minecraft:packed_ice":1,"minecraft:stone_shovel":1,"minecraft:leather_leggings":2,"minecraft:player_head":22,"minecraft:tinted_glass":126,"minecraft:bone_meal":218492,"minecraft:white_carpet":234,"minecraft:netherite_axe":2,"minecraft:diamond":45,"minecraft:dark_oak_fence":33,"minecraft:ladder":72,"minecraft:spruce_slab":270,"minecraft:ender_pearl":24,"minecraft:diamond_boots":1,"minecraft:redstone_block":160,"minecraft:jungle_fence":219,"minecraft:dark_oak_planks":356,"minecraft:golden_helmet":4,"minecraft:wheat":1854,"minecraft:coal_block":210,"minecraft:netherite_pickaxe":3,"minecraft:deepslate_brick_slab":30,"minecraft:red_bed":4,"minecraft:sandstone_slab":384,"minecraft:glowstone":26,"minecraft:jungle_slab":162,"minecraft:golden_apple":26,"minecraft:oak_stairs":40,"minecraft:deepslate_tile_stairs":22,"minecraft:iron_leggings":1,"minecraft:white_bed":20,"minecraft:oak_planks":832,"minecraft:cobblestone_stairs":40,"minecraft:suspicious_stew":3,"minecraft:hopper":620,"minecraft:iron_boots":1,"minecraft:raw_copper":1197,"minecraft:written_book":3,"minecraft:stone_hoe":1,"minecraft:raw_iron_block":208,"minecraft:smoker":4,"minecraft:item_frame":57,"minecraft:oak_slab":30,"minecraft:crafting_table":10,"minecraft:spruce_planks":4192,"minecraft:wooden_pickaxe":1,"minecraft:gold_block":3389,"minecraft:birch_planks":9100,"minecraft:brewing_stand":5,"minecraft:book":257,"minecraft:iron_chestplate":1,"minecraft:paper":2565,"minecraft:diamond_pickaxe":4,"minecraft:emerald_block":32,"minecraft:shield":3,"minecraft:leather_chestplate":1,"minecraft:netherite_hoe":2,"minecraft:redstone_torch":453,"minecraft:shears":1,"minecraft:wooden_sword":1,"minecraft:cobbled_deepslate_slab":40,"minecraft:raw_iron":1872,"minecraft:redstone":1744,"minecraft:coal":1233,"minecraft:stone_button":3,"minecraft:dark_oak_trapdoor":34,"minecraft:jungle_trapdoor":36,"minecraft:gray_dye":36,"minecraft:dark_oak_sign":15,"minecraft:diamond_block":25,"minecraft:netherite_leggings":2,"minecraft:polished_deepslate":76,"minecraft:iron_axe":6,"minecraft:spruce_wood":111,"minecraft:netherite_scrap":73,"minecraft:minecart":8,"minecraft:observer":66,"minecraft:cooked_beef":563,"minecraft:sugar":21,"minecraft:red_dye":439,"minecraft:bone_block":22919,"minecraft:diamond_sword":2,"minecraft:dark_oak_stairs":28,"minecraft:powered_rail":30,"minecraft:bucket":11,"minecraft:stone_axe":1,"minecraft:air":0,"minecraft:bread":1051,"minecraft:black_stained_glass":120,"minecraft:blue_dye":1,"minecraft:oak_boat":1,"minecraft:magenta_terracotta":64,"minecraft:white_wool":7150,"minecraft:raw_gold":99,"minecraft:nether_wart_block":1,"minecraft:lapis_lazuli":216,"minecraft:lapis_block":104,"minecraft:firework_rocket":5387}},"DataVersion":2730}