{"stats":{"minecraft:custom":{"minecraft:jump":14,"minecraft:time_since_rest":10117653,"minecraft:damage_taken":160,"minecraft:leave_game":231,"minecraft:play_time":10117653,"minecraft:sprint_one_cm":1506,"minecraft:time_since_death":10117653,"minecraft:walk_on_water_one_cm":198006,"minecraft:walk_one_cm":765,"minecraft:sneak_time":35346,"minecraft:total_world_time":10117653,"minecraft:walk_under_water_one_cm":422204,"minecraft:fall_one_cm":1877,"minecraft:fly_one_cm":43306359}},"DataVersion":2730}