{"stats":{"minecraft:killed_by":{"minecraft:zombie_villager":2,"minecraft:magma_cube":3,"minecraft:zombie":24,"minecraft:drowned":1,"minecraft:skeleton":6,"minecraft:creeper":1,"minecraft:endermite":1,"minecraft:player":11,"minecraft:spider":3,"minecraft:enderman":1},"minecraft:broken":{"minecraft:shears":2},"minecraft:custom":{"minecraft:interact_with_crafting_table":1303,"minecraft:damage_blocked_by_shield":1480,"minecraft:play_time":15166232,"minecraft:deaths":83,"minecraft:jump":133698,"minecraft:play_record":1,"minecraft:interact_with_cartography_table":30,"minecraft:interact_with_smoker":4,"minecraft:inspect_dispenser":32,"minecraft:horse_one_cm":2705039,"minecraft:inspect_dropper":112,"minecraft:interact_with_anvil":266,"minecraft:inspect_hopper":169,"minecraft:tune_noteblock":5,"minecraft:time_since_rest":762,"minecraft:swim_one_cm":1434276,"minecraft:open_chest":7926,"minecraft:open_shulker_box":15784,"minecraft:damage_resisted":16,"minecraft:talked_to_villager":6301,"minecraft:interact_with_brewingstand":28,"minecraft:interact_with_beacon":17,"minecraft:boat_one_cm":2562288,"minecraft:damage_taken":102747,"minecraft:aviate_one_cm":332190369,"minecraft:open_barrel":2397,"minecraft:leave_game":337,"minecraft:time_since_death":347,"minecraft:interact_with_furnace":391,"minecraft:traded_with_villager":57965,"minecraft:sleep_in_bed":364,"minecraft:damage_dealt":261574,"minecraft:interact_with_smithing_table":5,"minecraft:target_hit":7,"minecraft:sneak_time":1008221,"minecraft:interact_with_lectern":22,"minecraft:interact_with_blast_furnace":7,"minecraft:total_world_time":15166232,"minecraft:interact_with_stonecutter":129,"minecraft:fly_one_cm":12551168,"minecraft:fall_one_cm":2403319,"minecraft:animals_bred":28,"minecraft:sprint_one_cm":25626125,"minecraft:drop":1698,"minecraft:walk_on_water_one_cm":868935,"minecraft:interact_with_loom":15,"minecraft:open_enderchest":751,"minecraft:player_kills":9,"minecraft:crouch_one_cm":2351218,"minecraft:mob_kills":6194,"minecraft:climb_one_cm":865901,"minecraft:walk_one_cm":22435180,"minecraft:walk_under_water_one_cm":1987142,"minecraft:pot_flower":27,"minecraft:interact_with_grindstone":21,"minecraft:damage_absorbed":85,"minecraft:minecart_one_cm":282},"minecraft:mined":{"minecraft:dragon_wall_head":9,"minecraft:red_shulker_box":8,"minecraft:white_bed":34,"minecraft:fire_coral_wall_fan":1,"minecraft:granite":1735,"minecraft:acacia_log":534,"minecraft:light_gray_bed":16,"minecraft:green_concrete":5,"minecraft:oak_wall_sign":17,"minecraft:nether_wart":2,"minecraft:magma_block":437,"minecraft:mossy_cobblestone_stairs":35,"minecraft:dark_oak_trapdoor":2,"minecraft:fire":38,"minecraft:barrel":70,"minecraft:cobbled_deepslate":39,"minecraft:nether_brick_stairs":88,"minecraft:light_gray_concrete":43,"minecraft:white_shulker_box":18,"minecraft:spruce_wood":6,"minecraft:white_banner":3,"minecraft:player_head":3,"minecraft:tripwire":31,"minecraft:jungle_trapdoor":14,"minecraft:kelp_plant":12,"minecraft:crimson_nylium":8,"minecraft:deepslate_tile_slab":22,"minecraft:torch":190,"minecraft:dark_oak_wood":70,"minecraft:white_stained_glass_pane":2,"minecraft:dead_bush":80,"minecraft:nether_brick_slab":17,"minecraft:spruce_wall_sign":7,"minecraft:smooth_quartz_slab":6,"minecraft:white_candle":3,"minecraft:lime_shulker_box":44,"minecraft:sugar_cane":43,"minecraft:bricks":3,"minecraft:amethyst_block":10,"minecraft:birch_sapling":14,"minecraft:chain":24,"minecraft:repeater":9,"minecraft:jungle_wood":15,"minecraft:tinted_glass":3,"minecraft:grass":1061,"minecraft:smooth_quartz":26,"minecraft:brown_candle":5,"minecraft:acacia_sign":1,"minecraft:deepslate":4464,"minecraft:deepslate_tiles":35,"minecraft:light_blue_wool":90,"minecraft:mossy_cobblestone":183,"minecraft:dark_oak_log":1953,"minecraft:potted_flowering_azalea_bush":4,"minecraft:sea_lantern":19,"minecraft:end_stone":60,"minecraft:dark_oak_fence":8,"minecraft:spruce_fence":145,"minecraft:stripped_jungle_wood":61,"minecraft:redstone_wire":27,"minecraft:cartography_table":1,"minecraft:white_concrete_powder":8,"minecraft:magenta_stained_glass_pane":1,"minecraft:horn_coral":3,"minecraft:redstone_ore":23,"minecraft:acacia_trapdoor":14,"minecraft:green_terracotta":2,"minecraft:andesite":1301,"minecraft:big_dripleaf_stem":1,"minecraft:mossy_stone_brick_stairs":22,"minecraft:cyan_concrete":65,"minecraft:cobblestone_slab":3,"minecraft:vine":1453,"minecraft:rail":113,"minecraft:brain_coral_wall_fan":1,"minecraft:bone_block":6,"minecraft:green_wool":18,"minecraft:ender_chest":55,"minecraft:oak_slab":104,"minecraft:birch_stairs":26,"minecraft:redstone_block":1,"minecraft:glass_pane":37,"minecraft:soul_sand":321,"minecraft:lily_of_the_valley":7,"minecraft:dandelion":87,"minecraft:fire_coral":5,"minecraft:cornflower":12,"minecraft:warped_roots":81,"minecraft:crimson_slab":1,"minecraft:copper_ore":95,"minecraft:campfire":14,"minecraft:tall_grass":239,"minecraft:lightning_rod":71,"minecraft:purpur_pillar":47,"minecraft:deepslate_gold_ore":26,"minecraft:diorite":1273,"minecraft:warped_wart_block":413,"minecraft:red_terracotta":1329,"minecraft:coarse_dirt":686,"minecraft:cut_copper_slab":5,"minecraft:stripped_spruce_wood":2,"minecraft:cobblestone_wall":16,"minecraft:dark_oak_wall_sign":17,"minecraft:pink_wall_banner":3,"minecraft:dark_prismarine_slab":6,"minecraft:sunflower":1,"minecraft:gravel":699,"minecraft:cobweb":21,"minecraft:oak_button":2,"minecraft:polished_blackstone":11,"minecraft:stone_bricks":509,"minecraft:chipped_anvil":6,"minecraft:gold_ore":103,"minecraft:iron_trapdoor":120,"minecraft:fern":33,"minecraft:stone_pressure_plate":1,"minecraft:oak_sapling":10,"minecraft:farmland":64,"minecraft:warped_fence_gate":5,"minecraft:mossy_stone_brick_slab":11,"minecraft:andesite_stairs":17,"minecraft:orange_stained_glass":14,"minecraft:brewing_stand":10,"minecraft:spruce_trapdoor":208,"minecraft:white_concrete":979,"minecraft:bubble_coral_fan":3,"minecraft:polished_blackstone_brick_slab":3,"minecraft:composter":2,"minecraft:mossy_cobblestone_slab":41,"minecraft:brown_bed":3,"minecraft:flowering_azalea_leaves":779,"minecraft:iron_bars":100,"minecraft:azalea":36,"minecraft:spruce_slab":207,"minecraft:deepslate_redstone_ore":9,"minecraft:brown_shulker_box":8,"minecraft:jungle_door":4,"minecraft:quartz_block":21,"minecraft:orange_terracotta":5,"minecraft:purpur_stairs":17,"minecraft:jungle_stairs":9,"minecraft:mossy_cobblestone_wall":15,"minecraft:beacon":3,"minecraft:nether_quartz_ore":3687,"minecraft:oak_planks":54,"minecraft:wall_torch":28,"minecraft:petrified_oak_slab":4,"minecraft:cauldron":2,"minecraft:stone_stairs":5,"minecraft:fire_coral_fan":2,"minecraft:warped_nylium":1,"minecraft:dark_oak_slab":31,"minecraft:mossy_stone_brick_wall":10,"minecraft:warped_planks":1,"minecraft:smooth_stone_slab":2,"minecraft:oak_log":1869,"minecraft:beetroots":6,"minecraft:dirt":4432,"minecraft:dispenser":1,"minecraft:daylight_detector":2,"minecraft:pink_carpet":4,"minecraft:quartz_stairs":56,"minecraft:dark_oak_leaves":27,"minecraft:red_stained_glass":3,"minecraft:glow_lichen":26,"minecraft:lever":15,"minecraft:ladder":2,"minecraft:tube_coral_wall_fan":4,"minecraft:stone_button":8,"minecraft:birch_slab":48,"minecraft:spruce_leaves":9865,"minecraft:acacia_slab":2,"minecraft:crimson_stem":14,"minecraft:hay_block":201,"minecraft:polished_basalt":15,"minecraft:nether_sprouts":46,"minecraft:gray_wall_banner":7,"minecraft:peony":8,"minecraft:gold_block":10,"minecraft:nether_brick_fence":8,"minecraft:bookshelf":721,"minecraft:deepslate_iron_ore":14,"minecraft:shroomlight":12,"minecraft:stripped_oak_log":7,"minecraft:jungle_fence_gate":6,"minecraft:acacia_leaves":363,"minecraft:scaffolding":304,"minecraft:magenta_stained_glass":13,"minecraft:snow_block":31,"minecraft:stripped_dark_oak_log":49,"minecraft:basalt":712,"minecraft:warped_fence":3,"minecraft:polished_granite":1,"minecraft:oak_fence":97,"minecraft:stone_slab":202,"minecraft:deepslate_coal_ore":9,"minecraft:red_concrete":7,"minecraft:birch_planks":66,"minecraft:bubble_coral":3,"minecraft:polished_blackstone_slab":46,"minecraft:ice":4,"minecraft:white_wall_banner":1,"minecraft:bee_nest":9,"minecraft:warped_hyphae":3,"minecraft:cocoa":20,"minecraft:yellow_concrete":82,"minecraft:flower_pot":4,"minecraft:cracked_stone_bricks":36,"minecraft:stripped_acacia_wood":153,"minecraft:small_dripleaf":4,"minecraft:mossy_stone_bricks":161,"minecraft:dark_oak_planks":92,"minecraft:stripped_warped_stem":1,"minecraft:light_blue_concrete":16,"minecraft:jungle_leaves":22,"minecraft:obsidian":62,"minecraft:carved_pumpkin":3,"minecraft:red_sand":292,"minecraft:smooth_red_sandstone_stairs":1,"minecraft:crimson_trapdoor":4,"minecraft:stone_brick_wall":4,"minecraft:jungle_log":116,"minecraft:horn_coral_fan":2,"minecraft:deepslate_bricks":37,"minecraft:purpur_slab":58,"minecraft:deepslate_tile_stairs":74,"minecraft:crimson_fungus":4,"minecraft:hopper":9,"minecraft:chiseled_stone_bricks":2,"minecraft:orange_concrete":21,"minecraft:weeping_vines_plant":15,"minecraft:tall_seagrass":104,"minecraft:sticky_piston":73,"minecraft:moss_carpet":147,"minecraft:stripped_dark_oak_wood":381,"minecraft:cave_vines":30,"minecraft:polished_deepslate_slab":13,"minecraft:dirt_path":346,"minecraft:oak_stairs":28,"minecraft:quartz_slab":14,"minecraft:deepslate_brick_stairs":20,"minecraft:blue_orchid":75,"minecraft:iron_block":453,"minecraft:piston_head":7,"minecraft:red_bed":3,"minecraft:blast_furnace":1,"minecraft:green_concrete_powder":44,"minecraft:glass":16,"minecraft:cyan_bed":2,"minecraft:damaged_anvil":2,"minecraft:cyan_wool":3,"minecraft:black_concrete_powder":133,"minecraft:light_gray_stained_glass":9,"minecraft:wheat":17,"minecraft:lilac":6,"minecraft:warped_fungus":15,"minecraft:black_bed":8,"minecraft:stone_brick_stairs":135,"minecraft:copper_block":1,"minecraft:oak_fence_gate":1,"minecraft:stripped_birch_wood":6,"minecraft:red_mushroom_block":4,"minecraft:stonecutter":18,"minecraft:cut_red_sandstone":2,"minecraft:yellow_terracotta":8,"minecraft:shulker_box":929,"minecraft:nether_bricks":1055,"minecraft:cobbled_deepslate_slab":1,"minecraft:allium":3,"minecraft:jungle_planks":94,"minecraft:crimson_roots":15,"minecraft:orange_shulker_box":44,"minecraft:moss_block":831,"minecraft:kelp":32,"minecraft:pink_wool":3,"minecraft:black_stained_glass_pane":2,"minecraft:jungle_sapling":1,"minecraft:acacia_wood":60,"minecraft:diamond_block":7,"minecraft:warped_wall_sign":1,"minecraft:potatoes":13,"minecraft:warped_stem":121,"minecraft:bamboo":13,"minecraft:smooth_quartz_stairs":30,"minecraft:warped_trapdoor":10,"minecraft:white_wool":2,"minecraft:brain_coral":3,"minecraft:gray_concrete":128,"minecraft:comparator":1,"minecraft:brown_carpet":2,"minecraft:stone_brick_slab":88,"minecraft:observer":1,"minecraft:smooth_sandstone":1,"minecraft:emerald_ore":4,"minecraft:dropper":4,"minecraft:spruce_log":3163,"minecraft:birch_leaves":5433,"minecraft:jungle_fence":18,"minecraft:dark_oak_sign":4,"minecraft:acacia_door":4,"minecraft:acacia_planks":5,"minecraft:spruce_fence_gate":8,"minecraft:infested_stone":10,"minecraft:black_shulker_box":27,"minecraft:spruce_planks":443,"minecraft:jungle_slab":5,"minecraft:cobblestone_stairs":29,"minecraft:potted_blue_orchid":1,"minecraft:cave_vines_plant":10,"minecraft:stripped_crimson_hyphae":2,"minecraft:grass_block":3805,"minecraft:gray_banner":8,"minecraft:soul_soil":325,"minecraft:stripped_warped_hyphae":48,"minecraft:warped_sign":6,"minecraft:glowstone":36,"minecraft:iron_ore":306,"minecraft:anvil":9,"minecraft:dark_oak_stairs":2,"minecraft:birch_wall_sign":2,"minecraft:azalea_leaves":2425,"minecraft:end_stone_bricks":17,"minecraft:brain_coral_block":3,"minecraft:green_bed":7,"minecraft:blackstone":859,"minecraft:polished_deepslate_stairs":5,"minecraft:chiseled_quartz_block":4,"minecraft:calcite":6,"minecraft:poppy":146,"minecraft:chest":30,"minecraft:honeycomb_block":1,"minecraft:cobblestone":279,"minecraft:birch_wood":2,"minecraft:slime_block":4,"minecraft:grindstone":3,"minecraft:prismarine":6,"minecraft:iron_door":18,"minecraft:seagrass":89,"minecraft:brown_concrete_powder":2,"minecraft:nether_wart_block":103,"minecraft:yellow_wool":110,"minecraft:birch_log":1084,"minecraft:stripped_oak_wood":624,"minecraft:activator_rail":7,"minecraft:purpur_block":63,"minecraft:sand":1386,"minecraft:tripwire_hook":6,"minecraft:netherrack":1269,"minecraft:polished_deepslate_wall":11,"minecraft:oak_leaves":2187,"minecraft:granite_wall":8,"minecraft:tube_coral":3,"minecraft:diamond_ore":10,"minecraft:tuff":100,"minecraft:deepslate_diamond_ore":18,"minecraft:candle":5,"minecraft:gray_shulker_box":39,"minecraft:weeping_vines":13,"minecraft:white_stained_glass":1,"minecraft:polished_andesite_slab":5,"minecraft:rooted_dirt":18,"minecraft:sandstone":90,"minecraft:large_fern":62,"minecraft:spore_blossom":1,"minecraft:oak_trapdoor":44,"minecraft:spruce_sapling":5,"minecraft:furnace":10,"minecraft:carrots":211,"minecraft:red_concrete_powder":46,"minecraft:black_glazed_terracotta":14,"minecraft:acacia_stairs":1,"minecraft:dark_oak_fence_gate":3,"minecraft:stripped_spruce_log":19,"minecraft:black_concrete":372,"minecraft:chiseled_deepslate":2,"minecraft:polished_deepslate":25,"minecraft:lantern":12,"minecraft:stripped_acacia_log":2,"minecraft:stone":21372,"minecraft:yellow_shulker_box":12,"minecraft:birch_pressure_plate":1,"minecraft:redstone_wall_torch":12,"minecraft:podzol":9,"minecraft:flowering_azalea":15,"minecraft:red_wool":251,"minecraft:spruce_door":10,"minecraft:crafting_table":40,"minecraft:blackstone_slab":1,"minecraft:oak_wood":275,"minecraft:light_gray_wall_banner":1,"minecraft:rose_bush":2,"minecraft:andesite_slab":156,"minecraft:lectern":26,"minecraft:andesite_wall":177,"minecraft:lapis_ore":9,"minecraft:lily_pad":47,"minecraft:spruce_stairs":32,"minecraft:gray_wool":5,"minecraft:cactus":32,"minecraft:brick_slab":9,"minecraft:green_shulker_box":14,"minecraft:acacia_fence_gate":2,"minecraft:beehive":2,"minecraft:polished_blackstone_stairs":39,"minecraft:redstone_torch":2,"minecraft:yellow_bed":1,"minecraft:dead_brain_coral_block":13,"minecraft:coal_ore":341,"minecraft:end_rod":408,"minecraft:gray_carpet":17,"minecraft:terracotta":860,"minecraft:polished_andesite":2,"minecraft:acacia_wall_sign":1,"minecraft:crimson_hyphae":7,"minecraft:birch_fence":1,"minecraft:warped_slab":6},"minecraft:used":{"minecraft:moss_block":2158,"minecraft:writable_book":5,"minecraft:polished_granite_stairs":8,"minecraft:chiseled_deepslate":31,"minecraft:smooth_quartz_slab":205,"minecraft:dispenser":2,"minecraft:red_sandstone_slab":4,"minecraft:stone":7882,"minecraft:quartz_stairs":373,"minecraft:warped_sign":41,"minecraft:tube_coral":2,"minecraft:soul_sand":58,"minecraft:lily_of_the_valley":62,"minecraft:cut_copper":3,"minecraft:deepslate_brick_slab":62,"minecraft:snowball":459,"minecraft:weeping_vines":26,"minecraft:spruce_boat":4,"minecraft:polished_blackstone_slab":55,"minecraft:jungle_sapling":15,"minecraft:lava_bucket":122,"minecraft:stripped_dark_oak_wood":351,"minecraft:red_wool":17,"minecraft:jungle_fence_gate":21,"minecraft:quartz_block":381,"minecraft:dark_oak_leaves":32,"minecraft:dark_oak_slab":184,"minecraft:bow":1269,"minecraft:oak_sapling":158,"minecraft:acacia_fence":5,"minecraft:gray_banner":84,"minecraft:deepslate_brick_wall":8,"minecraft:mossy_stone_bricks":188,"minecraft:leather_leggings":1,"minecraft:damaged_anvil":2,"minecraft:prismarine":398,"minecraft:blackstone":23,"minecraft:cactus":11,"minecraft:mossy_stone_brick_stairs":108,"minecraft:black_glazed_terracotta":38,"minecraft:composter":7,"minecraft:glow_berries":232,"minecraft:blast_furnace":5,"minecraft:acacia_leaves":2,"minecraft:cyan_dye":79,"minecraft:chiseled_quartz_block":38,"minecraft:gray_concrete":12,"minecraft:deepslate_brick_stairs":119,"minecraft:birch_fence":1,"minecraft:cut_red_sandstone":25,"minecraft:flowering_azalea_leaves":146,"minecraft:diamond_sword":5628,"minecraft:oak_boat":1,"minecraft:oak_trapdoor":213,"minecraft:stripped_acacia_wood":152,"minecraft:polished_blackstone_brick_slab":5,"minecraft:orange_concrete":52,"minecraft:dead_bush":15,"minecraft:carved_pumpkin":1,"minecraft:armor_stand":23,"minecraft:light_gray_carpet":4,"minecraft:tinted_glass":102,"minecraft:orange_stained_glass":21,"minecraft:torch":631,"minecraft:brewing_stand":20,"minecraft:nether_quartz_ore":1940,"minecraft:yellow_carpet":50,"minecraft:oak_fence_gate":5,"minecraft:fern":3,"minecraft:mossy_cobblestone_stairs":118,"minecraft:sea_lantern":264,"minecraft:chipped_anvil":5,"minecraft:filled_map":21,"minecraft:iron_block":1431,"minecraft:light_weighted_pressure_plate":2,"minecraft:polished_deepslate_wall":45,"minecraft:jungle_log":11,"minecraft:barrel":194,"minecraft:bamboo":8,"minecraft:basalt":14,"minecraft:warped_stairs":6,"minecraft:acacia_planks":77,"minecraft:calcite":96,"minecraft:warped_stem":16,"minecraft:birch_planks":20,"minecraft:lead":8,"minecraft:spruce_fence_gate":49,"minecraft:cauldron":9,"minecraft:glow_ink_sac":121,"minecraft:leather_boots":1,"minecraft:deepslate_bricks":789,"minecraft:polished_deepslate_slab":274,"minecraft:diamond_block":4,"minecraft:light_gray_banner":5,"minecraft:rail":130,"minecraft:red_bed":17,"minecraft:crimson_trapdoor":82,"minecraft:green_dye":18,"minecraft:white_bed":40,"minecraft:campfire":109,"minecraft:spruce_log":181,"minecraft:diamond_pickaxe":49848,"minecraft:warped_trapdoor":162,"minecraft:acacia_sign":24,"minecraft:diamond_shovel":13705,"minecraft:oak_button":17,"minecraft:tnt_minecart":113,"minecraft:spruce_trapdoor":452,"minecraft:spruce_sapling":25,"minecraft:pink_bed":1,"minecraft:potion":1,"minecraft:azalea_leaves":1282,"minecraft:andesite_stairs":17,"minecraft:warped_fence_gate":57,"minecraft:stripped_oak_log":4,"minecraft:diamond_leggings":2,"minecraft:moss_carpet":301,"minecraft:red_sand":18,"minecraft:polished_deepslate":202,"minecraft:light_gray_stained_glass_pane":37,"minecraft:bone_block":92,"minecraft:polished_basalt":292,"minecraft:nether_wart":2,"minecraft:stripped_jungle_wood":56,"minecraft:grass":464,"minecraft:bubble_coral":1,"minecraft:mossy_stone_brick_slab":28,"minecraft:green_terracotta":184,"minecraft:spruce_leaves":6378,"minecraft:jungle_planks":471,"minecraft:beehive":23,"minecraft:obsidian":109,"minecraft:bricks":55,"minecraft:spruce_wood":632,"minecraft:lantern":182,"minecraft:blue_orchid":83,"minecraft:green_wool":36,"minecraft:warped_nylium":1,"minecraft:mossy_cobblestone_slab":95,"minecraft:item_frame":142,"minecraft:birch_button":1,"minecraft:deepslate_diamond_ore":10,"minecraft:written_book":1,"minecraft:gold_block":4,"minecraft:end_rod":154,"minecraft:dropper":46,"minecraft:stripped_acacia_log":2,"minecraft:gray_carpet":415,"minecraft:jungle_fence":31,"minecraft:oak_planks":784,"minecraft:sandstone":445,"minecraft:diamond_axe":16470,"minecraft:sugar_cane":3,"minecraft:white_wool":8,"minecraft:light_blue_concrete":46,"minecraft:yellow_concrete":20,"minecraft:end_stone":21,"minecraft:sticky_piston":119,"minecraft:lever":69,"minecraft:daylight_detector":1380,"minecraft:acacia_door":9,"minecraft:dark_oak_log":92,"minecraft:warped_slab":142,"minecraft:iron_door":42,"minecraft:deepslate":897,"minecraft:stripped_warped_hyphae":40,"minecraft:light_blue_concrete_powder":2,"minecraft:chain":138,"minecraft:smooth_stone_slab":84,"minecraft:mossy_cobblestone_wall":21,"minecraft:coarse_dirt":2886,"minecraft:bone_meal":2184,"minecraft:granite_stairs":4,"minecraft:crimson_fence":6,"minecraft:flint_and_steel":48,"minecraft:redstone":199,"minecraft:ender_chest":55,"minecraft:brown_shulker_box":13,"minecraft:deepslate_gold_ore":4,"minecraft:stripped_birch_wood":31,"minecraft:dirt":4591,"minecraft:bee_nest":9,"minecraft:spruce_fence":353,"minecraft:iron_hoe":1,"minecraft:light_gray_stained_glass":10,"minecraft:oak_stairs":272,"minecraft:smooth_sandstone":89,"minecraft:crimson_slab":15,"minecraft:yellow_concrete_powder":64,"minecraft:black_stained_glass":19,"minecraft:soul_soil":79,"minecraft:deepslate_tile_stairs":500,"minecraft:minecart":2,"minecraft:cyan_concrete_powder":86,"minecraft:cooked_beef":2,"minecraft:mossy_stone_brick_wall":10,"minecraft:pumpkin":2,"minecraft:light_gray_bed":22,"minecraft:cobblestone_stairs":102,"minecraft:snow_block":1616,"minecraft:spruce_sign":15,"minecraft:green_bed":3,"minecraft:warped_roots":2,"minecraft:dark_prismarine_slab":102,"minecraft:warped_planks":21,"minecraft:cyan_stained_glass":32,"minecraft:piston":5,"minecraft:flower_pot":30,"minecraft:detector_rail":3,"minecraft:jungle_stairs":62,"minecraft:stone_slab":242,"minecraft:yellow_wool":27,"minecraft:crimson_fungus":2,"minecraft:cobbled_deepslate_slab":36,"minecraft:end_crystal":3,"minecraft:pink_shulker_box":2,"minecraft:sea_pickle":4,"minecraft:gray_wool":126,"minecraft:peony":3,"minecraft:music_disc_far":1,"minecraft:spruce_slab":1173,"minecraft:polished_blackstone":11,"minecraft:elytra":2,"minecraft:ladder":36,"minecraft:chest":62,"minecraft:white_shulker_box":35,"minecraft:pink_candle":4,"minecraft:brick_slab":160,"minecraft:allium":6,"minecraft:jungle_slab":99,"minecraft:acacia_sapling":19,"minecraft:stripped_spruce_log":4,"minecraft:black_stained_glass_pane":23,"minecraft:warped_hyphae":87,"minecraft:grass_block":1869,"minecraft:birch_sapling":143,"minecraft:polished_andesite_stairs":2,"minecraft:orange_shulker_box":57,"minecraft:copper_ore":3,"minecraft:dark_oak_button":1,"minecraft:pink_wool":11,"minecraft:stone_brick_stairs":473,"minecraft:snow":599,"minecraft:dark_oak_boat":1,"minecraft:sweet_berries":8,"minecraft:furnace":31,"minecraft:egg":7,"minecraft:potato":5,"minecraft:seagrass":6,"minecraft:brown_concrete_powder":102,"minecraft:diorite":118,"minecraft:spruce_door":17,"minecraft:cut_copper_slab":73,"minecraft:red_stained_glass":3,"minecraft:acacia_trapdoor":90,"minecraft:purpur_pillar":9,"minecraft:oak_leaves":1043,"minecraft:smooth_quartz_stairs":256,"minecraft:dark_oak_trapdoor":10,"minecraft:sand":657,"minecraft:smooth_red_sandstone":26,"minecraft:oxidized_cut_copper_slab":71,"minecraft:black_concrete_powder":515,"minecraft:lightning_rod":135,"minecraft:deepslate_tiles":335,"minecraft:stone_button":167,"minecraft:spore_blossom":17,"minecraft:lectern":23,"minecraft:red_terracotta":954,"minecraft:polished_granite":2,"minecraft:diamond_ore":7,"minecraft:polished_andesite_slab":57,"minecraft:soul_lantern":4,"minecraft:dark_oak_fence":90,"minecraft:white_stained_glass":32,"minecraft:green_concrete_powder":114,"minecraft:ice":3,"minecraft:iron_bars":1037,"minecraft:acacia_log":4,"minecraft:netherrack":249,"minecraft:anvil":40,"minecraft:ancient_debris":2,"minecraft:crimson_hyphae":9,"minecraft:stone_stairs":10,"minecraft:polished_granite_slab":4,"minecraft:nether_brick_slab":130,"minecraft:glow_lichen":24,"minecraft:jungle_trapdoor":170,"minecraft:dead_brain_coral_block":12,"minecraft:nether_brick_stairs":78,"minecraft:small_dripleaf":55,"minecraft:shroomlight":33,"minecraft:red_shulker_box":10,"minecraft:flowering_azalea":63,"minecraft:iron_axe":3,"minecraft:rooted_dirt":1,"minecraft:brick_stairs":13,"minecraft:slime_block":6,"minecraft:warped_fence":101,"minecraft:smooth_quartz":139,"minecraft:totem_of_undying":4,"minecraft:tripwire_hook":6,"minecraft:glowstone":58,"minecraft:iron_trapdoor":610,"minecraft:acacia_wood":409,"minecraft:cobbled_deepslate":536,"minecraft:orange_terracotta":117,"minecraft:observer":25,"minecraft:hanging_roots":2,"minecraft:water_bucket":605,"minecraft:yellow_shulker_box":12,"minecraft:cartography_table":9,"minecraft:bubble_coral_fan":2,"minecraft:cracked_stone_bricks":47,"minecraft:mossy_cobblestone":254,"minecraft:comparator":6,"minecraft:oak_slab":569,"minecraft:crafting_table":65,"minecraft:birch_sign":21,"minecraft:dark_oak_fence_gate":24,"minecraft:fire_coral":1,"minecraft:lime_shulker_box":47,"minecraft:oak_log":30,"minecraft:dark_prismarine":38,"minecraft:cyan_concrete":49,"minecraft:purpur_slab":3,"minecraft:crimson_nylium":1,"minecraft:cobblestone":845,"minecraft:red_concrete_powder":252,"minecraft:glass_pane":154,"minecraft:kelp":102,"minecraft:candle":60,"minecraft:diamond_hoe":20521,"minecraft:oak_sign":35,"minecraft:white_concrete_powder":1092,"minecraft:shield":42,"minecraft:player_head":8,"minecraft:white_candle":26,"minecraft:birch_pressure_plate":2,"minecraft:nether_bricks":934,"minecraft:carrot":169,"minecraft:deepslate_tile_slab":186,"minecraft:tuff":12,"minecraft:cyan_wool":58,"minecraft:polished_deepslate_stairs":55,"minecraft:glass":70,"minecraft:coal_ore":14,"minecraft:quartz_slab":341,"minecraft:dark_oak_wood":473,"minecraft:gray_concrete_powder":128,"minecraft:hopper_minecart":3,"minecraft:stone_bricks":4287,"minecraft:repeater":36,"minecraft:red_carpet":1,"minecraft:honeycomb_block":1,"minecraft:magma_block":16,"minecraft:brown_carpet":62,"minecraft:warped_fungus":17,"minecraft:hay_block":3,"minecraft:scaffolding":513,"minecraft:beetroot_seeds":9,"minecraft:polished_blackstone_stairs":65,"minecraft:stripped_spruce_wood":1,"minecraft:dark_oak_stairs":4,"minecraft:birch_leaves":3768,"minecraft:dark_oak_sign":97,"minecraft:birch_wood":88,"minecraft:ender_pearl":8,"minecraft:redstone_block":3,"minecraft:yellow_terracotta":237,"minecraft:loom":4,"minecraft:black_banner":20,"minecraft:black_bed":102,"minecraft:dripstone_block":22,"minecraft:stone_brick_wall":47,"minecraft:shears":2348,"minecraft:redstone_torch":49,"minecraft:black_concrete":565,"minecraft:firework_rocket":13843,"minecraft:gray_shulker_box":43,"minecraft:string":106,"minecraft:heavy_weighted_pressure_plate":55,"minecraft:light_gray_concrete":55,"minecraft:cyan_bed":12,"minecraft:brown_stained_glass":4,"minecraft:gravel":164,"minecraft:blackstone_slab":2,"minecraft:granite_slab":148,"minecraft:stripped_oak_wood":823,"minecraft:grindstone":43,"minecraft:crimson_door":2,"minecraft:andesite":871,"minecraft:white_concrete":955,"minecraft:tropical_fish_bucket":10,"minecraft:oak_fence":351,"minecraft:experience_bottle":1758,"minecraft:azalea":56,"minecraft:purpur_block":8,"minecraft:petrified_oak_slab":8,"minecraft:jungle_leaves":2,"minecraft:spruce_planks":180,"minecraft:spyglass":5,"minecraft:white_carpet":31,"minecraft:hopper":32,"minecraft:spruce_stairs":91,"minecraft:cobblestone_wall":577,"minecraft:shulker_box":1127,"minecraft:oak_wood":2282,"minecraft:pink_carpet":17,"minecraft:granite":220,"minecraft:light_blue_stained_glass":46,"minecraft:andesite_wall":209,"minecraft:stone_brick_slab":525,"minecraft:dark_oak_planks":318,"minecraft:bookshelf":746,"minecraft:acacia_slab":245,"minecraft:golden_carrot":1326,"minecraft:white_stained_glass_pane":16,"minecraft:granite_wall":8,"minecraft:stone_pressure_plate":2,"minecraft:red_dye":2,"minecraft:brown_candle":54,"minecraft:brown_bed":6,"minecraft:brain_coral_block":81,"minecraft:iron_ore":10,"minecraft:amethyst_block":5,"minecraft:glass_bottle":16,"minecraft:polished_andesite":4,"minecraft:pink_banner":5,"minecraft:andesite_slab":380,"minecraft:copper_block":5,"minecraft:black_shulker_box":51,"minecraft:stonecutter":19,"minecraft:white_dye":34,"minecraft:beacon":5,"minecraft:cobblestone_slab":33,"minecraft:jungle_wood":103,"minecraft:glow_item_frame":37,"minecraft:stripped_dark_oak_log":8,"minecraft:terracotta":508,"minecraft:light_gray_concrete_powder":40,"minecraft:painting":42,"minecraft:smooth_red_sandstone_stairs":4,"minecraft:dark_oak_door":1,"minecraft:acacia_stairs":2,"minecraft:activator_rail":11,"minecraft:map":38,"minecraft:acacia_fence_gate":20,"minecraft:green_shulker_box":14,"minecraft:white_banner":30,"minecraft:jungle_door":19,"minecraft:bucket":1003,"minecraft:yellow_bed":2,"minecraft:splash_potion":14},"minecraft:picked_up":{"minecraft:lead":89,"minecraft:stone_slab":233,"minecraft:enchanted_book":18,"minecraft:polished_deepslate":87,"minecraft:polished_blackstone_brick_stairs":24,"minecraft:string":84,"minecraft:shroomlight":11,"minecraft:diamond_leggings":22,"minecraft:bubble_coral":1,"minecraft:warped_slab":6,"minecraft:diamond_ore":5,"minecraft:polished_blackstone_brick_slab":5,"minecraft:polished_blackstone_stairs":37,"minecraft:big_dripleaf":18,"minecraft:acacia_log":522,"minecraft:purpur_pillar":44,"minecraft:lightning_rod":68,"minecraft:honeycomb_block":1,"minecraft:end_crystal":6,"minecraft:green_terracotta":2,"minecraft:golden_chestplate":6,"minecraft:gray_shulker_box":39,"minecraft:cauldron":2,"minecraft:brown_carpet":2,"minecraft:polished_basalt":13,"minecraft:carved_pumpkin":21,"minecraft:glowstone":37,"minecraft:bookshelf":8,"minecraft:end_rod":397,"minecraft:iron_bars":110,"minecraft:snowball":41,"minecraft:cooked_beef":75,"minecraft:water_bucket":9,"minecraft:copper_block":1,"minecraft:flint":6,"minecraft:lantern":13,"minecraft:warped_hyphae":3,"minecraft:stonecutter":18,"minecraft:dark_oak_sign":22,"minecraft:diamond_helmet":21,"minecraft:honeycomb":6,"minecraft:glow_lichen":24,"minecraft:stripped_acacia_wood":150,"minecraft:stripped_spruce_log":17,"minecraft:acacia_stairs":1,"minecraft:polished_andesite":2,"minecraft:deepslate":183,"minecraft:lever":19,"minecraft:granite":1290,"minecraft:rooted_dirt":18,"minecraft:deepslate_coal_ore":1,"minecraft:crimson_roots":11,"minecraft:diamond_pickaxe":46,"minecraft:bee_nest":9,"minecraft:stripped_warped_hyphae":48,"minecraft:leather_leggings":1,"minecraft:dragon_head":8,"minecraft:purpur_block":55,"minecraft:fire_coral":1,"minecraft:heavy_weighted_pressure_plate":11,"minecraft:cornflower":9,"minecraft:elytra":42,"minecraft:acacia_door":5,"minecraft:flint_and_steel":3,"minecraft:iron_shovel":1,"minecraft:glass_pane":77,"minecraft:netherite_sword":1,"minecraft:stripped_warped_stem":1,"minecraft:jungle_sapling":17,"minecraft:poppy":172,"minecraft:spruce_slab":333,"minecraft:minecart":39,"minecraft:birch_sapling":183,"minecraft:diamond_hoe":18,"minecraft:copper_ore":63,"minecraft:lime_shulker_box":44,"minecraft:stone":9563,"minecraft:white_dye":4,"minecraft:jungle_fence_gate":6,"minecraft:netherite_pickaxe":5,"minecraft:diamond_chestplate":1,"minecraft:purpur_slab":55,"minecraft:hay_block":199,"minecraft:yellow_terracotta":7,"minecraft:totem_of_undying":3,"minecraft:polished_blackstone":11,"minecraft:rail":105,"minecraft:bone_block":6,"minecraft:birch_leaves":5301,"minecraft:yellow_shulker_box":11,"minecraft:clock":53,"minecraft:tripwire_hook":6,"minecraft:jungle_fence":16,"minecraft:fern":10,"minecraft:blackstone_slab":36,"minecraft:acacia_wood":60,"minecraft:purpur_stairs":15,"minecraft:lily_pad":58,"minecraft:paper":85,"minecraft:apple":20,"minecraft:warped_stem":119,"minecraft:spore_blossom":1,"minecraft:oak_fence_gate":1,"minecraft:iron_ore":102,"minecraft:magenta_stained_glass":14,"minecraft:sweet_berries":13,"minecraft:red_wool":238,"minecraft:leather_helmet":2,"minecraft:oak_wood":292,"minecraft:diamond_shovel":24,"minecraft:coal_ore":118,"minecraft:slime_ball":66,"minecraft:deepslate_redstone_ore":4,"minecraft:painting":37,"minecraft:birch_sign":3,"minecraft:baked_potato":64,"minecraft:smooth_quartz_slab":6,"minecraft:hopper":8,"minecraft:light_blue_concrete":16,"minecraft:ender_chest":58,"minecraft:nether_brick_fence":8,"minecraft:yellow_wool":110,"minecraft:stone_brick_stairs":119,"minecraft:comparator":1,"minecraft:smooth_stone":20,"minecraft:red_sand":282,"minecraft:bucket":14,"minecraft:rose_bush":2,"minecraft:cobblestone_slab":64,"minecraft:azalea":195,"minecraft:iron_pickaxe":4,"minecraft:smooth_quartz":22,"minecraft:smooth_quartz_stairs":22,"minecraft:polished_deepslate_stairs":5,"minecraft:spruce_stairs":106,"minecraft:netherite_shovel":1,"minecraft:diorite":1077,"minecraft:vine":1312,"minecraft:andesite_wall":662,"minecraft:rotten_flesh":848,"minecraft:brown_shulker_box":8,"minecraft:deepslate_brick_stairs":84,"minecraft:obsidian":69,"minecraft:cobblestone":7574,"minecraft:leather_chestplate":10,"minecraft:lilac":6,"minecraft:repeater":14,"minecraft:andesite":2097,"minecraft:black_bed":16,"minecraft:golden_leggings":3,"minecraft:beacon":5,"minecraft:potato":31,"minecraft:dirt":4513,"minecraft:glass":82,"minecraft:bone":146,"minecraft:acacia_planks":40,"minecraft:granite_wall":8,"minecraft:bow":27,"minecraft:wheat_seeds":181,"minecraft:small_dripleaf":1,"minecraft:birch_wood":2,"minecraft:grindstone":3,"minecraft:netherite_axe":1,"minecraft:mossy_stone_bricks":378,"minecraft:bamboo":240,"minecraft:cyan_concrete":65,"minecraft:prismarine":4,"minecraft:black_stained_glass_pane":9,"minecraft:nether_brick_stairs":83,"minecraft:grass_block":3286,"minecraft:warped_fence_gate":4,"minecraft:diamond_block":7,"minecraft:jungle_slab":14,"minecraft:mossy_cobblestone":242,"minecraft:jungle_leaves":4,"minecraft:slime_block":73,"minecraft:netherite_helmet":1,"minecraft:crossbow":1,"minecraft:bone_meal":190,"minecraft:grass":502,"minecraft:spruce_sign":9,"minecraft:emerald":239,"minecraft:netherrack":1012,"minecraft:andesite_slab":185,"minecraft:oak_leaves":1790,"minecraft:azure_bluet":2,"minecraft:ladder":2,"minecraft:brown_mushroom":1,"minecraft:pink_wool":3,"minecraft:stone_brick_wall":54,"minecraft:chain":22,"minecraft:moss_carpet":379,"minecraft:orange_stained_glass":14,"minecraft:oak_trapdoor":37,"minecraft:blackstone":978,"minecraft:blue_orchid":98,"minecraft:end_stone":60,"minecraft:flowering_azalea_leaves":752,"minecraft:brown_concrete_powder":1,"minecraft:cookie":2,"minecraft:stone_pressure_plate":1,"minecraft:weeping_vines":35,"minecraft:tube_coral":3,"minecraft:red_shulker_box":8,"minecraft:nether_bricks":1051,"minecraft:stripped_dark_oak_wood":381,"minecraft:petrified_oak_slab":4,"minecraft:netherite_boots":1,"minecraft:basalt":715,"minecraft:dark_oak_button":1,"minecraft:golden_carrot":899,"minecraft:leather":170,"minecraft:ice":3,"minecraft:crimson_fungus":8,"minecraft:chainmail_chestplate":1,"minecraft:yellow_bed":1,"minecraft:cobblestone_wall":12,"minecraft:gunpowder":187,"minecraft:orange_terracotta":4,"minecraft:red_carpet":1,"minecraft:gray_carpet":80,"minecraft:acacia_trapdoor":14,"minecraft:spruce_wood":2,"minecraft:iron_ingot":864,"minecraft:cooked_chicken":3,"minecraft:polished_andesite_slab":5,"minecraft:nether_quartz_ore":1695,"minecraft:warped_fungus":17,"minecraft:black_candle":3,"minecraft:stone_brick_slab":183,"minecraft:quartz":4249,"minecraft:dandelion":97,"minecraft:nether_brick_slab":24,"minecraft:spruce_door":11,"minecraft:brick_slab":8,"minecraft:cut_red_sandstone":2,"minecraft:pumpkin_seeds":8,"minecraft:white_concrete_powder":10,"minecraft:gray_banner":17,"minecraft:chainmail_leggings":7,"minecraft:mossy_cobblestone_stairs":32,"minecraft:terracotta":851,"minecraft:damaged_anvil":2,"minecraft:dark_oak_wood":292,"minecraft:sunflower":1,"minecraft:seagrass":191,"minecraft:iron_chestplate":5,"minecraft:flower_pot":9,"minecraft:creeper_head":1,"minecraft:anvil":8,"minecraft:diamond_sword":21,"minecraft:brown_bed":3,"minecraft:oak_stairs":24,"minecraft:brewing_stand":10,"minecraft:polished_deepslate_wall":11,"minecraft:amethyst_block":9,"minecraft:dark_oak_trapdoor":2,"minecraft:soul_soil":308,"minecraft:beetroot":6,"minecraft:cobbled_deepslate":4063,"minecraft:black_glazed_terracotta":14,"minecraft:spruce_planks":606,"minecraft:acacia_sign":4,"minecraft:acacia_fence_gate":2,"minecraft:azalea_leaves":2257,"minecraft:golden_helmet":7,"minecraft:beehive":2,"minecraft:composter":2,"minecraft:green_bed":3,"minecraft:pink_carpet":4,"minecraft:warped_planks":6,"minecraft:deepslate_tile_stairs":115,"minecraft:light_gray_bed":15,"minecraft:light_blue_wool":82,"minecraft:iron_block":522,"minecraft:birch_log":1069,"minecraft:magma_block":372,"minecraft:mossy_cobblestone_slab":104,"minecraft:iron_door":20,"minecraft:birch_slab":37,"minecraft:jungle_log":116,"minecraft:acacia_leaves":301,"minecraft:green_concrete_powder":299,"minecraft:jungle_wood":15,"minecraft:stripped_spruce_wood":1,"minecraft:map":2,"minecraft:netherite_leggings":3,"minecraft:gray_concrete":128,"minecraft:brown_candle":7,"minecraft:chipped_anvil":6,"minecraft:glowstone_dust":65,"minecraft:moss_block":1217,"minecraft:warped_wart_block":412,"minecraft:dropper":4,"minecraft:ink_sac":162,"minecraft:dark_oak_log":2047,"minecraft:red_terracotta":1318,"minecraft:barrel":72,"minecraft:stripped_acacia_log":1,"minecraft:white_candle":4,"minecraft:dispenser":1,"minecraft:black_concrete_powder":123,"minecraft:green_concrete":5,"minecraft:writable_book":4,"minecraft:deepslate_gold_ore":14,"minecraft:dead_brain_coral_block":12,"minecraft:dark_oak_fence":6,"minecraft:bricks":37,"minecraft:spruce_leaves":9990,"minecraft:crafting_table":41,"minecraft:coarse_dirt":639,"minecraft:bubble_coral_fan":2,"minecraft:nether_wart":6,"minecraft:crimson_trapdoor":4,"minecraft:jungle_trapdoor":47,"minecraft:red_bed":2,"minecraft:snow":240,"minecraft:compass":45,"minecraft:cracked_stone_bricks":35,"minecraft:cartography_table":1,"minecraft:deepslate_diamond_ore":6,"minecraft:beef":15,"minecraft:cyan_wool":2,"minecraft:iron_nugget":90,"minecraft:quartz_stairs":37,"minecraft:chest":34,"minecraft:egg":8,"minecraft:polished_deepslate_slab":16,"minecraft:sandstone":59,"minecraft:glow_item_frame":13,"minecraft:spruce_fence":229,"minecraft:carrot":803,"minecraft:redstone":162,"minecraft:prismarine_crystals":25,"minecraft:tnt":37,"minecraft:beetroot_seeds":16,"minecraft:peony":8,"minecraft:tube_coral_fan":4,"minecraft:shears":7,"minecraft:deepslate_bricks":96,"minecraft:diamond_boots":21,"minecraft:warped_sign":7,"minecraft:white_shulker_box":19,"minecraft:glow_berries":175,"minecraft:white_wool":287,"minecraft:crimson_slab":1,"minecraft:stripped_oak_log":8,"minecraft:smooth_red_sandstone_stairs":1,"minecraft:filled_map":64,"minecraft:oak_log":1871,"minecraft:golden_boots":5,"minecraft:white_banner":6,"minecraft:birch_pressure_plate":1,"minecraft:stone_bricks":840,"minecraft:kelp":116,"minecraft:music_disc_far":2,"minecraft:glass_bottle":2,"minecraft:iron_sword":5,"minecraft:flowering_azalea":32,"minecraft:white_stained_glass_pane":1,"minecraft:dark_oak_slab":67,"minecraft:daylight_detector":1,"minecraft:yellow_concrete":63,"minecraft:spyglass":1,"minecraft:gravel":748,"minecraft:birch_stairs":22,"minecraft:spruce_sapling":209,"minecraft:spruce_log":3247,"minecraft:sea_lantern":9,"minecraft:firework_rocket":1716,"minecraft:redstone_ore":13,"minecraft:scute":4,"minecraft:diamond_axe":24,"minecraft:gray_wool":15,"minecraft:warped_roots":94,"minecraft:oak_button":3,"minecraft:warped_nylium":1,"minecraft:stripped_dark_oak_log":43,"minecraft:crimson_nylium":7,"minecraft:pink_dye":2,"minecraft:ender_pearl":3,"minecraft:shulker_shell":818,"minecraft:chiseled_deepslate":3,"minecraft:wheat":38,"minecraft:redstone_block":1,"minecraft:iron_trapdoor":104,"minecraft:potion":4,"minecraft:brain_coral_block":2,"minecraft:raw_copper":50,"minecraft:smooth_stone_slab":2,"minecraft:iron_leggings":1,"minecraft:armor_stand":4,"minecraft:sticky_piston":75,"minecraft:netherite_ingot":4,"minecraft:oak_sign":18,"minecraft:sea_pickle":53,"minecraft:activator_rail":7,"minecraft:deepslate_tiles":112,"minecraft:black_shulker_box":27,"minecraft:dark_oak_leaves":6,"minecraft:redstone_torch":17,"minecraft:calcite":6,"minecraft:furnace":9,"minecraft:stick":742,"minecraft:orange_shulker_box":45,"minecraft:jungle_door":4,"minecraft:oak_fence":343,"minecraft:torch":854,"minecraft:snow_block":126,"minecraft:light_gray_banner":2,"minecraft:quartz_block":70,"minecraft:cactus":70,"minecraft:green_wool":31,"minecraft:leather_horse_armor":1,"minecraft:stripped_birch_wood":6,"minecraft:crimson_hyphae":7,"minecraft:magma_cream":1,"minecraft:chiseled_quartz_block":8,"minecraft:tuff":22,"minecraft:warped_trapdoor":33,"minecraft:horn_coral":3,"minecraft:green_shulker_box":14,"minecraft:lapis_lazuli":19,"minecraft:polished_granite":1,"minecraft:leather_boots":14,"minecraft:pink_banner":3,"minecraft:raw_gold":116,"minecraft:cobbled_deepslate_slab":1,"minecraft:light_blue_dye":2,"minecraft:oak_planks":50,"minecraft:mossy_stone_brick_stairs":16,"minecraft:polished_blackstone_slab":46,"minecraft:jungle_planks":39,"minecraft:sand":1180,"minecraft:dead_bush":65,"minecraft:lily_of_the_valley":5,"minecraft:cyan_bed":2,"minecraft:shulker_box":971,"minecraft:dark_prismarine":22,"minecraft:light_gray_concrete":40,"minecraft:dark_prismarine_slab":11,"minecraft:spruce_fence_gate":7,"minecraft:diamond":112,"minecraft:spruce_boat":3,"minecraft:black_concrete":365,"minecraft:polished_blackstone_button":1,"minecraft:white_concrete":975,"minecraft:oak_sapling":263,"minecraft:end_stone_bricks":18,"minecraft:cocoa_beans":48,"minecraft:allium":2,"minecraft:gold_block":9,"minecraft:stone_stairs":69,"minecraft:iron_axe":6,"minecraft:orange_concrete":21,"minecraft:item_frame":33,"minecraft:quartz_slab":7,"minecraft:warped_fence":3,"minecraft:candle":11,"minecraft:mossy_cobblestone_wall":65,"minecraft:andesite_stairs":87,"minecraft:oak_boat":2,"minecraft:player_head":85,"minecraft:observer":1,"minecraft:lectern":26,"minecraft:tinted_glass":2,"minecraft:sugar_cane":113,"minecraft:spruce_trapdoor":353,"minecraft:phantom_membrane":10,"minecraft:stripped_crimson_hyphae":2,"minecraft:raw_iron":459,"minecraft:copper_ingot":87,"minecraft:stone_button":12,"minecraft:dark_oak_planks":318,"minecraft:arrow":606,"minecraft:jungle_stairs":31,"minecraft:saddle":3,"minecraft:glow_ink_sac":184,"minecraft:crimson_stem":14,"minecraft:birch_planks":106,"minecraft:nether_wart_block":102,"minecraft:cobblestone_stairs":90,"minecraft:deepslate_tile_slab":22,"minecraft:cut_copper_slab":4,"minecraft:podzol":24,"minecraft:smooth_sandstone":1,"minecraft:stripped_oak_wood":595,"minecraft:mossy_stone_brick_wall":45,"minecraft:acacia_sapling":36,"minecraft:soul_sand":225,"minecraft:oak_slab":89,"minecraft:book":2216,"minecraft:scaffolding":408,"minecraft:red_concrete_powder":54,"minecraft:chiseled_stone_bricks":2,"minecraft:blast_furnace":1,"minecraft:white_bed":33,"minecraft:gold_ore":46,"minecraft:dark_oak_fence_gate":3,"minecraft:mossy_stone_brick_slab":87,"minecraft:spider_eye":72,"minecraft:campfire":14,"minecraft:stripped_jungle_wood":60,"minecraft:acacia_slab":1,"minecraft:red_concrete":21,"minecraft:coal":276},"minecraft:crafted":{"minecraft:red_stained_glass_pane":16,"minecraft:black_dye":629,"minecraft:yellow_wool":66,"minecraft:oak_sign":39,"minecraft:polished_deepslate_wall":19,"minecraft:blaze_powder":2,"minecraft:chain":292,"minecraft:diamond_shovel":4,"minecraft:gray_wool":392,"minecraft:nether_brick":297,"minecraft:cracked_stone_bricks":70,"minecraft:shulker_box":290,"minecraft:diamond_helmet":9,"minecraft:stone_pressure_plate":18,"minecraft:iron_door":177,"minecraft:black_wool":54,"minecraft:white_shulker_box":26,"minecraft:warped_stairs":8,"minecraft:turtle_helmet":2,"minecraft:acacia_slab":18,"minecraft:glow_item_frame":23,"minecraft:smooth_red_sandstone_stairs":4,"minecraft:black_concrete":224,"minecraft:mossy_cobblestone":1024,"minecraft:sticky_piston":37,"minecraft:green_stained_glass":8,"minecraft:polished_deepslate_slab":320,"minecraft:painting":3,"minecraft:stone_brick_stairs":528,"minecraft:lectern":10,"minecraft:stone_slab":500,"minecraft:acacia_door":3,"minecraft:sandstone":353,"minecraft:composter":9,"minecraft:cyan_wool":54,"minecraft:golden_carrot":2448,"minecraft:orange_shulker_box":13,"minecraft:iron_nugget":3469,"minecraft:crimson_trapdoor":86,"minecraft:experience_bottle":7788,"minecraft:brick_stairs":24,"minecraft:soul_torch":36,"minecraft:acacia_fence_gate":18,"minecraft:light_gray_wool":79,"minecraft:spruce_fence":330,"minecraft:moss_carpet":168,"minecraft:stone_stairs":116,"minecraft:lantern":145,"minecraft:spruce_stairs":120,"minecraft:black_concrete_powder":424,"minecraft:stripped_birch_wood":48,"minecraft:red_shulker_box":3,"minecraft:quartz_slab":462,"minecraft:spruce_boat":1,"minecraft:brick_slab":234,"minecraft:lead":20,"minecraft:cut_copper_slab":86,"minecraft:cyan_bed":14,"minecraft:crimson_slab":18,"minecraft:acacia_trapdoor":84,"minecraft:light_blue_wool":26,"minecraft:leather_helmet":20,"minecraft:polished_blackstone_stairs":38,"minecraft:dark_oak_button":1,"minecraft:acacia_stairs":4,"minecraft:deepslate_tiles":71,"minecraft:enchanted_book":1842,"minecraft:orange_dye":106,"minecraft:oak_fence_gate":6,"minecraft:red_stained_glass":40,"minecraft:soul_lantern":36,"minecraft:warped_sign":36,"minecraft:black_glazed_terracotta":120,"minecraft:black_stained_glass_pane":96,"minecraft:writable_book":2,"minecraft:armor_stand":20,"minecraft:grindstone":60,"minecraft:cobblestone_slab":174,"minecraft:barrel":130,"minecraft:birch_wood":96,"minecraft:polished_granite_slab":44,"minecraft:magenta_banner":6,"minecraft:leather_horse_armor":57,"minecraft:lightning_rod":89,"minecraft:snow":708,"minecraft:stone":1,"minecraft:red_sandstone":59,"minecraft:pink_carpet":21,"minecraft:heavy_weighted_pressure_plate":80,"minecraft:quartz_pillar":420,"minecraft:warped_planks":1756,"minecraft:cake":27,"minecraft:stone_brick_slab":1368,"minecraft:brown_stained_glass":64,"minecraft:bow":34,"minecraft:comparator":11,"minecraft:polished_basalt":328,"minecraft:chest":396,"minecraft:netherite_helmet":1,"minecraft:copper_block":82,"minecraft:oak_button":24,"minecraft:yellow_terracotta":240,"minecraft:jungle_stairs":108,"minecraft:rail":32,"minecraft:bricks":472,"minecraft:birch_button":1,"minecraft:ender_eye":8,"minecraft:oak_fence":231,"minecraft:stone_bricks":7310,"minecraft:granite_stairs":8,"minecraft:white_banner":7,"minecraft:dropper":46,"minecraft:cauldron":7,"minecraft:brown_dye":19,"minecraft:birch_pressure_plate":1,"minecraft:red_wool":64,"minecraft:white_stained_glass_pane":96,"minecraft:dispenser":1,"minecraft:apple":28,"minecraft:spruce_trapdoor":410,"minecraft:yellow_dye":190,"minecraft:warped_fence_gate":64,"minecraft:stick":3224,"minecraft:iron_ingot":8268,"minecraft:andesite_stairs":143,"minecraft:black_bed":88,"minecraft:light_blue_stained_glass":64,"minecraft:petrified_oak_slab":5,"minecraft:dark_oak_fence_gate":26,"minecraft:deepslate_bricks":150,"minecraft:deepslate_tile_slab":198,"minecraft:nether_brick_slab":120,"minecraft:stone_brick_wall":192,"minecraft:tripwire_hook":6,"minecraft:beehive":42,"minecraft:leather_boots":23,"minecraft:spruce_button":1,"minecraft:mossy_stone_bricks":1022,"minecraft:furnace":19,"minecraft:blast_furnace":6,"minecraft:piston":45,"minecraft:polished_andesite_slab":102,"minecraft:smooth_quartz_stairs":232,"minecraft:oak_trapdoor":282,"minecraft:flint_and_steel":2,"minecraft:scaffolding":126,"minecraft:netherite_chestplate":1,"minecraft:granite_wall":30,"minecraft:white_concrete_powder":1288,"minecraft:polished_granite_stairs":24,"minecraft:orange_terracotta":168,"minecraft:cobblestone_wall":834,"minecraft:brown_shulker_box":5,"minecraft:smooth_quartz_slab":258,"minecraft:blackstone_stairs":21,"minecraft:birch_sign":24,"minecraft:jungle_wood":141,"minecraft:iron_trapdoor":666,"minecraft:black_banner":70,"minecraft:jungle_planks":1272,"minecraft:jungle_door":18,"minecraft:white_dye":1320,"minecraft:crimson_door":3,"minecraft:stonecutter":2,"minecraft:anvil":39,"minecraft:light_gray_concrete":16,"minecraft:pink_banner":4,"minecraft:andesite":1202,"minecraft:torch":780,"minecraft:granite_slab":222,"minecraft:diamond_chestplate":7,"minecraft:ender_chest":7,"minecraft:light_gray_concrete_powder":40,"minecraft:smooth_stone":208,"minecraft:jungle_fence_gate":15,"minecraft:orange_stained_glass":32,"minecraft:pink_bed":1,"minecraft:dark_oak_wood":489,"minecraft:birch_slab":2660,"minecraft:slime_block":24,"minecraft:polished_blackstone_slab":122,"minecraft:lever":63,"minecraft:stripped_acacia_wood":3,"minecraft:bookshelf":748,"minecraft:iron_bars":1904,"minecraft:red_concrete_powder":256,"minecraft:deepslate_brick_stairs":118,"minecraft:quartz_block":1334,"minecraft:glass":35056,"minecraft:repeater":24,"minecraft:diamond_leggings":9,"minecraft:netherite_boots":1,"minecraft:polished_blackstone":32,"minecraft:stripped_dark_oak_wood":168,"minecraft:acacia_fence":24,"minecraft:chiseled_quartz_block":40,"minecraft:magenta_dye":20,"minecraft:flower_pot":33,"minecraft:glass_bottle":414,"minecraft:emerald":32229,"minecraft:smooth_quartz":652,"minecraft:spruce_door":12,"minecraft:clock":233,"minecraft:copper_ingot":135,"minecraft:oak_wood":1959,"minecraft:campfire":135,"minecraft:tnt_minecart":145,"minecraft:light_gray_bed":4,"minecraft:lime_shulker_box":6,"minecraft:green_terracotta":368,"minecraft:chiseled_deepslate":10,"minecraft:iron_block":136,"minecraft:gold_ingot":397,"minecraft:light_gray_dye":124,"minecraft:spruce_fence_gate":51,"minecraft:saddle":22,"minecraft:yellow_concrete_powder":64,"minecraft:smooth_stone_slab":342,"minecraft:leather_leggings":27,"minecraft:player_head":66,"minecraft:polished_deepslate_stairs":80,"minecraft:mossy_cobblestone_stairs":144,"minecraft:yellow_bed":1,"minecraft:bone_meal":5036,"minecraft:cyan_stained_glass":96,"minecraft:andesite_wall":324,"minecraft:pink_dye":6,"minecraft:white_carpet":78,"minecraft:warped_trapdoor":182,"minecraft:diamond":486,"minecraft:dark_oak_fence":48,"minecraft:detector_rail":60,"minecraft:ladder":60,"minecraft:spruce_slab":1122,"minecraft:ender_pearl":88,"minecraft:diamond_boots":7,"minecraft:cobbled_deepslate_stairs":22,"minecraft:deepslate_tile_wall":38,"minecraft:jungle_fence":24,"minecraft:dark_oak_planks":2888,"minecraft:golden_helmet":1,"minecraft:wheat":36,"minecraft:dripstone_block":512,"minecraft:daylight_detector":732,"minecraft:polished_blackstone_brick_slab":16,"minecraft:red_sandstone_slab":6,"minecraft:deepslate_brick_slab":168,"minecraft:red_bed":21,"minecraft:gray_concrete_powder":128,"minecraft:polished_granite":48,"minecraft:glowstone":145,"minecraft:white_stained_glass":152,"minecraft:green_stained_glass_pane":16,"minecraft:jungle_slab":210,"minecraft:mossy_stone_brick_stairs":200,"minecraft:golden_apple":33,"minecraft:acacia_sign":30,"minecraft:andesite_slab":612,"minecraft:gray_shulker_box":6,"minecraft:oak_stairs":272,"minecraft:crimson_fence":9,"minecraft:white_bed":86,"minecraft:nether_brick_stairs":8,"minecraft:brick":1184,"minecraft:oak_planks":3896,"minecraft:dark_oak_boat":1,"minecraft:pink_shulker_box":2,"minecraft:mossy_stone_brick_slab":108,"minecraft:cobblestone_stairs":176,"minecraft:warped_hyphae":87,"minecraft:spruce_pressure_plate":1,"minecraft:green_dye":318,"minecraft:white_concrete":240,"minecraft:dark_oak_door":3,"minecraft:hopper":23,"minecraft:mossy_cobblestone_slab":234,"minecraft:chiseled_stone_bricks":64,"minecraft:honeycomb_block":1,"minecraft:smooth_red_sandstone":32,"minecraft:quartz_stairs":396,"minecraft:oak_slab":660,"minecraft:item_frame":36,"minecraft:acacia_wood":432,"minecraft:map":2702,"minecraft:crafting_table":32,"minecraft:spruce_planks":4684,"minecraft:light_gray_banner":6,"minecraft:hopper_minecart":3,"minecraft:brewing_stand":12,"minecraft:birch_planks":3200,"minecraft:black_shulker_box":25,"minecraft:dark_oak_slab":324,"minecraft:paper":3534,"minecraft:charcoal":16,"minecraft:shield":1,"minecraft:warped_slab":420,"minecraft:light_weighted_pressure_plate":4,"minecraft:birch_fence":3,"minecraft:light_blue_dye":38,"minecraft:leather_chestplate":26,"minecraft:snow_block":1932,"minecraft:polished_blackstone_brick_stairs":8,"minecraft:redstone_torch":191,"minecraft:gray_carpet":473,"minecraft:light_gray_carpet":6,"minecraft:shears":19,"minecraft:light_gray_stained_glass_pane":96,"minecraft:crimson_hyphae":9,"minecraft:coarse_dirt":1732,"minecraft:cobbled_deepslate_slab":120,"minecraft:cookie":8,"minecraft:raw_iron":126,"minecraft:redstone":1204,"minecraft:coal":153,"minecraft:light_gray_stained_glass":40,"minecraft:stone_button":206,"minecraft:dark_oak_trapdoor":26,"minecraft:jungle_trapdoor":156,"minecraft:gray_dye":498,"minecraft:dark_oak_sign":87,"minecraft:mossy_stone_brick_wall":74,"minecraft:diamond_block":28,"minecraft:glass_pane":34273,"minecraft:warped_fence":174,"minecraft:netherite_leggings":1,"minecraft:yellow_shulker_box":1,"minecraft:polished_deepslate":428,"minecraft:spruce_wood":765,"minecraft:black_terracotta":120,"minecraft:green_concrete_powder":240,"minecraft:iron_axe":1,"minecraft:slime_ball":9,"minecraft:iron_hoe":1,"minecraft:lime_dye":6,"minecraft:filled_map":64,"minecraft:gray_banner":24,"minecraft:observer":60,"minecraft:minecart":126,"minecraft:red_dye":135,"minecraft:cyan_concrete_powder":128,"minecraft:crimson_planks":384,"minecraft:cyan_dye":212,"minecraft:spruce_sign":15,"minecraft:dark_oak_stairs":16,"minecraft:activator_rail":12,"minecraft:yellow_carpet":51,"minecraft:nether_bricks":56,"minecraft:stripped_oak_wood":276,"minecraft:bucket":373,"minecraft:mossy_cobblestone_wall":131,"minecraft:air":0,"minecraft:black_stained_glass":112,"minecraft:blue_dye":178,"minecraft:cut_copper":48,"minecraft:white_wool":329,"minecraft:dark_prismarine_slab":96,"minecraft:green_wool":67,"minecraft:acacia_planks":536,"minecraft:blackstone_slab":66,"minecraft:lapis_lazuli":204,"minecraft:firework_rocket":8914},"minecraft:dropped":{"minecraft:iron_sword":5,"minecraft:lapis_lazuli":19,"minecraft:glow_ink_sac":120,"minecraft:glass_bottle":8,"minecraft:diamond":41,"minecraft:crafting_table":1,"minecraft:dark_oak_slab":4,"minecraft:glow_berries":11,"minecraft:warped_roots":21,"minecraft:cracked_stone_bricks":3,"minecraft:emerald":115,"minecraft:stripped_dark_oak_wood":1,"minecraft:netherite_boots":1,"minecraft:writable_book":3,"minecraft:gold_nugget":1,"minecraft:sand":218,"minecraft:dark_oak_planks":20,"minecraft:compass":23,"minecraft:lever":3,"minecraft:iron_nugget":24,"minecraft:cooked_chicken":3,"minecraft:cobbled_deepslate":21,"minecraft:netherite_sword":1,"minecraft:wheat":20,"minecraft:rotten_flesh":1231,"minecraft:oak_planks":27,"minecraft:glowstone_dust":55,"minecraft:azure_bluet":2,"minecraft:warped_planks":11,"minecraft:azalea_leaves":60,"minecraft:coal_ore":7,"minecraft:quartz_block":55,"minecraft:leather_boots":7,"minecraft:brown_candle":7,"minecraft:podzol":16,"minecraft:glass":7,"minecraft:beef":14,"minecraft:brown_concrete":5,"minecraft:golden_boots":3,"minecraft:orange_shulker_box":1,"minecraft:black_dye":8,"minecraft:wheat_seeds":116,"minecraft:clock":101,"minecraft:book":84,"minecraft:prismarine_crystals":22,"minecraft:deepslate_tile_slab":1,"minecraft:warped_trapdoor":26,"minecraft:dark_oak_leaves":5,"minecraft:gray_wool":10,"minecraft:ink_sac":9,"minecraft:potion":5,"minecraft:red_dye":1,"minecraft:smooth_stone":11,"minecraft:chainmail_leggings":5,"minecraft:lily_pad":2,"minecraft:acacia_planks":3,"minecraft:stone_brick_slab":1,"minecraft:snow_block":103,"minecraft:bricks":34,"minecraft:soul_soil":112,"minecraft:player_head":38,"minecraft:experience_bottle":93,"minecraft:name_tag":5,"minecraft:oak_sign":7,"minecraft:shears":12,"minecraft:diamond_sword":4,"minecraft:spruce_trapdoor":118,"minecraft:spruce_planks":71,"minecraft:diamond_pickaxe":5,"minecraft:stone_pressure_plate":1,"minecraft:stone_bricks":168,"minecraft:bamboo":66,"minecraft:sandstone":3,"minecraft:bow":2,"minecraft:red_sand":25,"minecraft:magma_block":16,"minecraft:terracotta":10,"minecraft:soul_sand":26,"minecraft:moss_block":224,"minecraft:oak_log":12,"minecraft:ender_pearl":31,"minecraft:jungle_fence":1,"minecraft:leather":46,"minecraft:honeycomb":34,"minecraft:red_wool":1,"minecraft:dark_oak_log":11,"minecraft:snowball":16,"minecraft:black_concrete":4,"minecraft:gold_ingot":1,"minecraft:magenta_stained_glass":12,"minecraft:purpur_block":25,"minecraft:spyglass":1,"minecraft:beetroot":6,"minecraft:leather_chestplate":10,"minecraft:oak_wood":1,"minecraft:iron_ore":23,"minecraft:polished_granite":4,"minecraft:vine":2,"minecraft:lilac":1,"minecraft:golden_helmet":4,"minecraft:netherite_axe":1,"minecraft:andesite_wall":66,"minecraft:amethyst_block":4,"minecraft:acacia_log":2,"minecraft:iron_block":34,"minecraft:black_candle":174,"minecraft:mossy_cobblestone_slab":36,"minecraft:green_dye":12,"minecraft:light_blue_wool":2,"minecraft:jungle_door":1,"minecraft:polished_basalt":1,"minecraft:kelp":9,"minecraft:sweet_berries":5,"minecraft:oak_trapdoor":20,"minecraft:green_concrete":1,"minecraft:shulker_box":15,"minecraft:netherite_leggings":3,"minecraft:flint_and_steel":3,"minecraft:andesite":123,"minecraft:golden_leggings":3,"minecraft:oak_sapling":6,"minecraft:spruce_log":11,"minecraft:magma_cream":1,"minecraft:brick":1,"minecraft:crimson_stem":2,"minecraft:acacia_wood":2,"minecraft:cooked_beef":28,"minecraft:crossbow":1,"minecraft:cookie":3,"minecraft:rooted_dirt":1,"minecraft:dark_oak_button":1,"minecraft:saddle":1,"minecraft:purpur_stairs":11,"minecraft:elytra":3,"minecraft:rail":1,"minecraft:leather_helmet":3,"minecraft:dirt":611,"minecraft:grass":39,"minecraft:bone_meal":237,"minecraft:deepslate_coal_ore":1,"minecraft:phantom_membrane":5,"minecraft:iron_pickaxe":4,"minecraft:gray_dye":10,"minecraft:end_crystal":3,"minecraft:bone":124,"minecraft:sugar_cane":2,"minecraft:golden_chestplate":8,"minecraft:pink_dye":2,"minecraft:birch_sapling":31,"minecraft:netherite_shovel":1,"minecraft:end_stone":38,"minecraft:jungle_trapdoor":35,"minecraft:deepslate_tiles":9,"minecraft:jungle_stairs":2,"minecraft:hopper":1,"minecraft:white_dye":13,"minecraft:spruce_slab":69,"minecraft:end_stone_bricks":10,"minecraft:campfire":1,"minecraft:flowering_azalea_leaves":217,"minecraft:egg":1,"minecraft:enchanted_book":61,"minecraft:iron_ingot":77,"minecraft:netherite_pickaxe":5,"minecraft:birch_leaves":6,"minecraft:netherite_helmet":1,"minecraft:oak_fence":5,"minecraft:purpur_slab":46,"minecraft:cobblestone":722,"minecraft:apple":10,"minecraft:granite":294,"minecraft:spruce_door":1,"minecraft:polished_blackstone_button":1,"minecraft:coal":126,"minecraft:end_rod":41,"minecraft:jungle_slab":9,"minecraft:golden_carrot":317,"minecraft:rose_bush":2,"minecraft:diamond_helmet":6,"minecraft:dead_bush":1,"minecraft:iron_shovel":1,"minecraft:paper":104,"minecraft:string":184,"minecraft:gray_carpet":63,"minecraft:spruce_sapling":40,"minecraft:purpur_pillar":23,"minecraft:moss_carpet":108,"minecraft:smooth_stone_slab":9,"minecraft:deepslate":28,"minecraft:diamond_hoe":2,"minecraft:polished_deepslate_slab":23,"minecraft:stone_slab":36,"minecraft:glow_lichen":3,"minecraft:diamond_ore":1,"minecraft:spruce_fence":12,"minecraft:lightning_rod":1,"minecraft:big_dripleaf":17,"minecraft:hay_block":145,"minecraft:shroomlight":22,"minecraft:stone":322,"minecraft:carved_pumpkin":14,"minecraft:spider_eye":122,"minecraft:blue_orchid":23,"minecraft:crimson_nylium":6,"minecraft:gold_ore":7,"minecraft:spruce_sign":4,"minecraft:brown_mushroom":1,"minecraft:birch_planks":23,"minecraft:diamond_axe":4,"minecraft:baked_potato":64,"minecraft:stripped_birch_wood":1,"minecraft:flint":2,"minecraft:spruce_leaves":271,"minecraft:deepslate_tile_stairs":64,"minecraft:crimson_roots":11,"minecraft:seagrass":3,"minecraft:birch_log":7,"minecraft:gravel":76,"minecraft:crimson_fungus":2,"minecraft:blackstone":27,"minecraft:diamond_shovel":5,"minecraft:prismarine":1,"minecraft:carrot":492,"minecraft:chainmail_chestplate":2,"minecraft:chiseled_stone_bricks":2,"minecraft:shulker_shell":72,"minecraft:poppy":153,"minecraft:gunpowder":168,"minecraft:spruce_pressure_plate":1,"minecraft:glowstone":1,"minecraft:azalea":36,"minecraft:chest":2,"minecraft:basalt":26,"minecraft:arrow":75,"minecraft:oak_leaves":91,"minecraft:netherrack":434,"minecraft:firework_rocket":345,"minecraft:water_bucket":1,"minecraft:oak_slab":6,"minecraft:red_concrete_powder":2,"minecraft:mossy_cobblestone":4,"minecraft:diamond_leggings":6,"minecraft:lead":3,"minecraft:copper_ingot":2,"minecraft:grass_block":728,"minecraft:stick":177,"minecraft:diorite":507,"minecraft:torch":133,"minecraft:iron_leggings":1,"minecraft:smooth_quartz_slab":2,"minecraft:flowering_azalea":15,"minecraft:iron_axe":1,"minecraft:bucket":8,"minecraft:dandelion":57,"minecraft:redstone":102,"minecraft:ender_chest":2,"minecraft:coarse_dirt":83,"minecraft:tuff":19,"minecraft:raw_iron":105,"minecraft:yellow_candle":12,"minecraft:ender_eye":1,"minecraft:acacia_leaves":29,"minecraft:glass_pane":50,"minecraft:filled_map":13,"minecraft:snow":248,"minecraft:shield":1,"minecraft:black_concrete_powder":1,"minecraft:diamond_chestplate":2,"minecraft:orange_terracotta":1,"minecraft:iron_chestplate":5,"minecraft:oak_boat":1,"minecraft:diamond_boots":3,"minecraft:slime_ball":24,"minecraft:stripped_crimson_hyphae":2,"minecraft:raw_gold":24,"minecraft:nether_quartz_ore":1,"minecraft:calcite":1},"minecraft:killed":{"minecraft:pillager":42,"minecraft:zombie":154,"minecraft:husk":1,"minecraft:witch":2,"minecraft:spider":17,"minecraft:silverfish":6,"minecraft:piglin":1,"minecraft:zombie_villager":1,"minecraft:trader_llama":11,"minecraft:slime":39,"minecraft:drowned":5142,"minecraft:squid":48,"minecraft:wither_skeleton":2,"minecraft:player":8,"minecraft:cave_spider":61,"minecraft:shulker":364,"minecraft:skeleton":44,"minecraft:magma_cube":15,"minecraft:cow":38,"minecraft:wandering_trader":6,"minecraft:turtle":9,"minecraft:wolf":1,"minecraft:creeper":59,"minecraft:phantom":12,"minecraft:bat":1}},"DataVersion":2730}