{"stats":{"minecraft:used":{"minecraft:cobbled_deepslate_wall":10,"minecraft:acacia_boat":5,"minecraft:water_bucket":2,"minecraft:netherite_sword":2,"minecraft:damaged_anvil":2,"minecraft:wither_skeleton_skull":6,"minecraft:snow_block":9,"minecraft:command_block":1,"minecraft:polished_blackstone":1,"minecraft:carved_pumpkin":4,"minecraft:lantern":2,"minecraft:powered_rail":3,"minecraft:dispenser":5,"minecraft:pig_spawn_egg":1,"minecraft:stone_button":3,"minecraft:tinted_glass":2,"minecraft:iron_door":1,"minecraft:diamond_axe":2,"minecraft:spruce_fence_gate":17,"minecraft:torch":2,"minecraft:anvil":1,"minecraft:dragon_egg":2,"minecraft:diamond_sword":2,"minecraft:dolphin_spawn_egg":11,"minecraft:dirt":9,"minecraft:soul_sand":18,"minecraft:rail":6,"minecraft:white_stained_glass":7,"minecraft:minecart":7,"minecraft:blue_ice":3,"minecraft:cave_spider_spawn_egg":1,"minecraft:smooth_stone_slab":3,"minecraft:zombified_piglin_spawn_egg":3,"minecraft:end_stone":2,"minecraft:obsidian":19},"minecraft:killed":{"minecraft:zombie":1,"minecraft:pig":1,"minecraft:dolphin":1,"minecraft:creeper":2,"minecraft:wither":2},"minecraft:custom":{"minecraft:time_since_rest":152752,"minecraft:damage_taken":30,"minecraft:sprint_one_cm":2647,"minecraft:walk_one_cm":33808,"minecraft:interact_with_anvil":5,"minecraft:mob_kills":7,"minecraft:damage_dealt":6520,"minecraft:fly_one_cm":726674,"minecraft:crouch_one_cm":2988,"minecraft:play_time":152752,"minecraft:sneak_time":4260,"minecraft:walk_under_water_one_cm":669,"minecraft:boat_one_cm":2472,"minecraft:jump":58,"minecraft:walk_on_water_one_cm":404,"minecraft:leave_game":25,"minecraft:time_since_death":152752,"minecraft:total_world_time":152752,"minecraft:fall_one_cm":570,"minecraft:inspect_dispenser":8},"minecraft:picked_up":{"minecraft:water_bucket":2,"minecraft:lead":1,"minecraft:stone_button":4,"minecraft:gunpowder":1,"minecraft:lantern":1,"minecraft:polished_blackstone_button":1,"minecraft:player_head":3,"minecraft:snowball":60}},"DataVersion":2730}