{"stats":{"minecraft:custom":{"minecraft:jump":31,"minecraft:time_since_rest":13166049,"minecraft:damage_taken":100,"minecraft:leave_game":127,"minecraft:play_time":13166049,"minecraft:sprint_one_cm":5183,"minecraft:time_since_death":13166049,"minecraft:walk_on_water_one_cm":153626,"minecraft:walk_one_cm":3941,"minecraft:sneak_time":44695,"minecraft:total_world_time":13166049,"minecraft:walk_under_water_one_cm":449718,"minecraft:fall_one_cm":2305,"minecraft:fly_one_cm":56242308}},"DataVersion":2730}