{"stats":{"minecraft:killed_by":{"minecraft:ravager":1,"minecraft:magma_cube":4,"minecraft:zombie":8,"minecraft:zombified_piglin":2,"minecraft:skeleton":1,"minecraft:ender_dragon":1,"minecraft:wither_skeleton":1,"minecraft:creeper":3,"minecraft:player":7,"minecraft:enderman":1},"minecraft:broken":{"minecraft:diamond_helmet":1,"minecraft:shears":33,"minecraft:fishing_rod":1,"minecraft:iron_pickaxe":3,"minecraft:iron_shovel":91,"minecraft:stone_axe":1,"minecraft:stone_shovel":4,"minecraft:golden_sword":1,"minecraft:iron_sword":2,"minecraft:iron_axe":3},"minecraft:custom":{"minecraft:interact_with_crafting_table":3152,"minecraft:damage_blocked_by_shield":1535,"minecraft:play_time":66485898,"minecraft:deaths":86,"minecraft:jump":247464,"minecraft:interact_with_cartography_table":3,"minecraft:interact_with_smoker":69,"minecraft:inspect_dispenser":466,"minecraft:horse_one_cm":3151192,"minecraft:inspect_dropper":630,"minecraft:interact_with_anvil":260,"minecraft:inspect_hopper":2209,"minecraft:tune_noteblock":1592,"minecraft:time_since_rest":4879,"minecraft:swim_one_cm":1345929,"minecraft:open_chest":33662,"minecraft:open_shulker_box":31781,"minecraft:damage_resisted":645,"minecraft:play_noteblock":110,"minecraft:talked_to_villager":132,"minecraft:interact_with_brewingstand":260,"minecraft:interact_with_beacon":23,"minecraft:fill_cauldron":7,"minecraft:boat_one_cm":2463949,"minecraft:damage_taken":205663,"minecraft:aviate_one_cm":483800531,"minecraft:open_barrel":3776,"minecraft:bell_ring":3,"minecraft:leave_game":797,"minecraft:time_since_death":4606,"minecraft:enchant_item":56,"minecraft:interact_with_furnace":3781,"minecraft:traded_with_villager":71,"minecraft:sleep_in_bed":865,"minecraft:damage_dealt":319243,"minecraft:use_cauldron":17,"minecraft:interact_with_smithing_table":21,"minecraft:target_hit":35,"minecraft:sneak_time":4156239,"minecraft:interact_with_lectern":100,"minecraft:interact_with_blast_furnace":193,"minecraft:total_world_time":66485898,"minecraft:interact_with_stonecutter":623,"minecraft:fly_one_cm":56107162,"minecraft:fish_caught":2,"minecraft:fall_one_cm":4768993,"minecraft:animals_bred":75,"minecraft:sprint_one_cm":75513319,"minecraft:drop":3317,"minecraft:walk_on_water_one_cm":4069827,"minecraft:interact_with_loom":8,"minecraft:open_enderchest":1549,"minecraft:player_kills":3,"minecraft:crouch_one_cm":15968775,"minecraft:mob_kills":1975672,"minecraft:climb_one_cm":4642113,"minecraft:walk_one_cm":86203351,"minecraft:walk_under_water_one_cm":6705245,"minecraft:pot_flower":18,"minecraft:interact_with_grindstone":32,"minecraft:minecart_one_cm":671407,"minecraft:pig_one_cm":925702},"minecraft:mined":{"minecraft:dragon_wall_head":19,"minecraft:cut_sandstone_slab":10,"minecraft:red_shulker_box":186,"minecraft:blackstone_stairs":16,"minecraft:white_bed":116,"minecraft:fire_coral_wall_fan":6,"minecraft:red_nether_bricks":7,"minecraft:bubble_column":1,"minecraft:granite":3373,"minecraft:acacia_log":338,"minecraft:deepslate_tile_wall":9,"minecraft:brown_wool":4,"minecraft:exposed_cut_copper_stairs":2,"minecraft:oak_wall_sign":8,"minecraft:nether_wart":29,"minecraft:chorus_flower":59,"minecraft:polished_blackstone_bricks":411,"minecraft:magma_block":8524,"minecraft:dark_oak_trapdoor":47,"minecraft:mossy_cobblestone_stairs":3,"minecraft:cobbled_deepslate":29,"minecraft:barrel":158,"minecraft:fire":368,"minecraft:deepslate_lapis_ore":42,"minecraft:granite_slab":1,"minecraft:twisting_vines":27,"minecraft:potted_dandelion":3,"minecraft:spruce_pressure_plate":2,"minecraft:light_gray_concrete":5,"minecraft:green_carpet":19,"minecraft:pink_tulip":7,"minecraft:player_head":15,"minecraft:tripwire":23,"minecraft:jungle_trapdoor":31,"minecraft:jungle_button":4,"minecraft:cut_sandstone":37,"minecraft:kelp_plant":189,"minecraft:crimson_nylium":49,"minecraft:smoker":8,"minecraft:deepslate_brick_wall":5,"minecraft:deepslate_tile_slab":125,"minecraft:torch":1442,"minecraft:note_block":91,"minecraft:dark_oak_wood":3,"minecraft:oxidized_copper":46,"minecraft:melon":8,"minecraft:dead_bush":56,"minecraft:white_stained_glass_pane":3,"minecraft:nether_brick_slab":3,"minecraft:spruce_wall_sign":4,"minecraft:smooth_quartz_slab":47,"minecraft:lime_shulker_box":8,"minecraft:sugar_cane":931,"minecraft:bricks":16,"minecraft:amethyst_block":664,"minecraft:birch_sapling":3,"minecraft:white_terracotta":25,"minecraft:chain":98,"minecraft:repeater":356,"minecraft:tinted_glass":100,"minecraft:jukebox":2,"minecraft:wither_rose":3,"minecraft:grass":2165,"minecraft:dark_oak_sapling":2,"minecraft:birch_button":1,"minecraft:smooth_quartz":85,"minecraft:smooth_basalt":2010,"minecraft:deepslate":36957,"minecraft:deepslate_tiles":372,"minecraft:exposed_cut_copper":19,"minecraft:brown_concrete":1368,"minecraft:mossy_cobblestone":55,"minecraft:dark_oak_log":524,"minecraft:potted_flowering_azalea_bush":1,"minecraft:sea_lantern":51,"minecraft:end_stone":2310,"minecraft:birch_fence_gate":2,"minecraft:dark_oak_fence":23,"minecraft:spruce_fence":177,"minecraft:stripped_jungle_wood":1,"minecraft:redstone_wire":487,"minecraft:potted_bamboo":1,"minecraft:red_mushroom":23,"minecraft:cartography_table":2,"minecraft:white_concrete_powder":67,"minecraft:redstone_ore":461,"minecraft:acacia_trapdoor":83,"minecraft:andesite":4880,"minecraft:vine":301,"minecraft:rail":582,"minecraft:cobblestone_slab":177,"minecraft:brain_coral_wall_fan":3,"minecraft:bone_block":260,"minecraft:fire_coral_block":4,"minecraft:ender_chest":142,"minecraft:potted_allium":1,"minecraft:birch_stairs":53,"minecraft:oak_slab":96,"minecraft:redstone_block":60,"minecraft:glass_pane":2,"minecraft:red_sandstone_slab":9,"minecraft:soul_sand":47,"minecraft:lily_of_the_valley":3,"minecraft:polished_blackstone_brick_wall":11,"minecraft:dandelion":170,"minecraft:cornflower":13,"minecraft:warped_roots":171,"minecraft:crimson_slab":11,"minecraft:copper_ore":585,"minecraft:tall_grass":284,"minecraft:potted_oxeye_daisy":1,"minecraft:campfire":69,"minecraft:lightning_rod":29,"minecraft:purpur_pillar":42,"minecraft:deepslate_gold_ore":156,"minecraft:diorite":3429,"minecraft:warped_wart_block":1921,"minecraft:red_terracotta":132,"minecraft:black_stained_glass":74,"minecraft:cut_copper_slab":5,"minecraft:coarse_dirt":19,"minecraft:cobblestone_wall":37,"minecraft:stripped_spruce_wood":2,"minecraft:weathered_cut_copper":16,"minecraft:sunflower":1,"minecraft:gravel":5097,"minecraft:cobweb":71,"minecraft:brown_terracotta":188,"minecraft:birch_sign":1,"minecraft:polished_blackstone":150,"minecraft:stone_bricks":468,"minecraft:gold_ore":438,"minecraft:chipped_anvil":16,"minecraft:iron_trapdoor":60,"minecraft:fern":8,"minecraft:stone_pressure_plate":1,"minecraft:oak_sapling":11,"minecraft:farmland":114,"minecraft:warped_fence_gate":31,"minecraft:andesite_stairs":41,"minecraft:brewing_stand":2,"minecraft:spruce_trapdoor":131,"minecraft:budding_amethyst":5,"minecraft:cracked_polished_blackstone_bricks":45,"minecraft:white_concrete":24538,"minecraft:bubble_coral_fan":1,"minecraft:polished_diorite":1,"minecraft:polished_blackstone_brick_slab":1288,"minecraft:frosted_ice":9,"minecraft:composter":120,"minecraft:polished_blackstone_pressure_plate":1,"minecraft:brown_bed":1,"minecraft:red_tulip":1,"minecraft:pointed_dripstone":4,"minecraft:flowering_azalea_leaves":37,"minecraft:iron_bars":33,"minecraft:potted_cornflower":1,"minecraft:azalea":40,"minecraft:granite_stairs":34,"minecraft:spruce_slab":665,"minecraft:waxed_cut_copper_stairs":24,"minecraft:waxed_cut_copper":34,"minecraft:deepslate_redstone_ore":388,"minecraft:quartz_block":9,"minecraft:polished_blackstone_wall":6,"minecraft:exposed_copper":24,"minecraft:medium_amethyst_bud":8,"minecraft:orange_terracotta":224,"minecraft:purpur_stairs":12,"minecraft:light_gray_terracotta":1,"minecraft:jungle_stairs":3,"minecraft:end_stone_brick_slab":1,"minecraft:beacon":17,"minecraft:nether_quartz_ore":751,"minecraft:oak_planks":11,"minecraft:wall_torch":208,"minecraft:cauldron":9,"minecraft:stone_stairs":65,"minecraft:light_weighted_pressure_plate":3,"minecraft:warped_nylium":135,"minecraft:powered_rail":347,"minecraft:dark_oak_slab":82,"minecraft:blue_ice":18,"minecraft:tnt":81,"minecraft:smooth_stone_slab":1347,"minecraft:oak_log":3070,"minecraft:dirt":20139,"minecraft:raw_copper_block":1,"minecraft:dispenser":33,"minecraft:ancient_debris":123,"minecraft:daylight_detector":5,"minecraft:crying_obsidian":2,"minecraft:quartz_stairs":19,"minecraft:dark_oak_leaves":265,"minecraft:red_stained_glass":2,"minecraft:gray_glazed_terracotta":75,"minecraft:glow_lichen":20404,"minecraft:lever":101,"minecraft:ladder":97,"minecraft:tube_coral_wall_fan":1,"minecraft:stone_button":90,"minecraft:weathered_copper":31,"minecraft:soul_campfire":1,"minecraft:birch_slab":31,"minecraft:spruce_leaves":881,"minecraft:acacia_slab":16,"minecraft:crimson_stem":14,"minecraft:hay_block":9,"minecraft:heavy_weighted_pressure_plate":2,"minecraft:raw_gold_block":9,"minecraft:nether_sprouts":87,"minecraft:polished_basalt":610,"minecraft:orange_stained_glass_pane":1,"minecraft:detector_rail":17,"minecraft:gold_block":251,"minecraft:peony":2,"minecraft:nether_brick_fence":11,"minecraft:deepslate_iron_ore":323,"minecraft:shroomlight":371,"minecraft:oxidized_cut_copper_slab":10,"minecraft:stripped_oak_log":22,"minecraft:wet_sponge":642,"minecraft:scaffolding":6608,"minecraft:acacia_leaves":204,"minecraft:magenta_stained_glass":5,"minecraft:snow_block":15,"minecraft:basalt":11078,"minecraft:stripped_dark_oak_log":194,"minecraft:warped_fence":1,"minecraft:polished_granite":8,"minecraft:oak_fence":4,"minecraft:honey_block":12,"minecraft:gray_stained_glass":654,"minecraft:lime_carpet":3,"minecraft:stone_slab":47,"minecraft:deepslate_coal_ore":608,"minecraft:polished_blackstone_brick_stairs":84,"minecraft:prismarine_bricks":4,"minecraft:birch_planks":111,"minecraft:dead_fire_coral_block":4,"minecraft:bubble_coral":1,"minecraft:sea_pickle":2,"minecraft:polished_blackstone_slab":24,"minecraft:ice":10427,"minecraft:bee_nest":6,"minecraft:warped_hyphae":1,"minecraft:black_wool":4,"minecraft:cocoa":31,"minecraft:flower_pot":3,"minecraft:yellow_concrete":1919,"minecraft:cracked_stone_bricks":15,"minecraft:stripped_acacia_wood":1,"minecraft:mossy_stone_bricks":17,"minecraft:jungle_wall_sign":1,"minecraft:dark_oak_planks":48,"minecraft:stripped_warped_stem":2,"minecraft:black_terracotta":17,"minecraft:jungle_leaves":732,"minecraft:obsidian":637,"minecraft:carved_pumpkin":130,"minecraft:chiseled_polished_blackstone":1,"minecraft:crimson_trapdoor":7,"minecraft:stone_brick_wall":5,"minecraft:yellow_carpet":11,"minecraft:jungle_log":494,"minecraft:coal_block":493,"minecraft:deepslate_bricks":95,"minecraft:horn_coral_fan":1,"minecraft:pink_stained_glass":2,"minecraft:lime_stained_glass":621,"minecraft:deepslate_tile_stairs":326,"minecraft:bubble_coral_block":79,"minecraft:hopper":1032,"minecraft:tube_coral_block":2,"minecraft:crimson_fungus":60,"minecraft:oxeye_daisy":16,"minecraft:light_blue_stained_glass":2,"minecraft:weeping_vines_plant":11,"minecraft:tall_seagrass":43,"minecraft:brown_stained_glass":8,"minecraft:sticky_piston":93,"minecraft:moss_carpet":158,"minecraft:pumpkin":92,"minecraft:stripped_dark_oak_wood":4,"minecraft:lime_stained_glass_pane":11,"minecraft:smooth_red_sandstone":26,"minecraft:oak_sign":4,"minecraft:polished_deepslate_slab":268,"minecraft:oak_stairs":12,"minecraft:dirt_path":21,"minecraft:small_amethyst_bud":20,"minecraft:quartz_slab":37,"minecraft:deepslate_brick_stairs":109,"minecraft:smooth_sandstone_stairs":73,"minecraft:iron_block":2054,"minecraft:piston_head":5,"minecraft:brown_mushroom":51,"minecraft:red_bed":47,"minecraft:player_wall_head":3,"minecraft:amethyst_cluster":632,"minecraft:blue_stained_glass":2,"minecraft:blast_furnace":8,"minecraft:polished_andesite_stairs":37,"minecraft:glass":1197,"minecraft:potted_oak_sapling":1,"minecraft:damaged_anvil":6,"minecraft:smooth_sandstone_slab":4,"minecraft:crimson_stairs":14,"minecraft:spruce_sign":6,"minecraft:polished_diorite_stairs":97,"minecraft:black_concrete_powder":12,"minecraft:light_gray_stained_glass":18,"minecraft:wheat":2413,"minecraft:lilac":9,"minecraft:waxed_copper_block":5,"minecraft:lime_concrete":23,"minecraft:warped_fungus":73,"minecraft:stone_brick_stairs":53,"minecraft:potted_poppy":1,"minecraft:copper_block":155,"minecraft:oak_fence_gate":8,"minecraft:loom":1,"minecraft:red_mushroom_block":175,"minecraft:stonecutter":32,"minecraft:yellow_stained_glass":219,"minecraft:piston":415,"minecraft:light_gray_stained_glass_pane":9,"minecraft:stripped_birch_log":1,"minecraft:jack_o_lantern":36,"minecraft:shulker_box":2818,"minecraft:nether_bricks":62,"minecraft:jungle_planks":56,"minecraft:crimson_roots":163,"minecraft:yellow_concrete_powder":3,"minecraft:crimson_button":1,"minecraft:horn_coral_wall_fan":3,"minecraft:moss_block":1627,"minecraft:kelp":250,"minecraft:black_stained_glass_pane":12,"minecraft:jungle_sapling":6,"minecraft:polished_blackstone_button":16,"minecraft:snow":26048,"minecraft:diamond_block":10,"minecraft:warped_wall_sign":42,"minecraft:potatoes":5,"minecraft:warped_stem":617,"minecraft:bamboo":201,"minecraft:smooth_quartz_stairs":83,"minecraft:warped_trapdoor":43,"minecraft:cut_copper":1,"minecraft:white_wool":39,"minecraft:brain_coral":1,"minecraft:smithing_table":1,"minecraft:light_gray_carpet":29,"minecraft:gray_concrete":6762,"minecraft:comparator":103,"minecraft:brown_stained_glass_pane":4,"minecraft:brown_carpet":24,"minecraft:stone_brick_slab":116,"minecraft:observer":385,"minecraft:smooth_sandstone":4,"minecraft:light_gray_concrete_powder":103,"minecraft:spruce_button":1,"minecraft:emerald_ore":1,"minecraft:sponge":617,"minecraft:dropper":147,"minecraft:smooth_red_sandstone_slab":6,"minecraft:cracked_deepslate_bricks":4,"minecraft:big_dripleaf":1,"minecraft:white_carpet":12,"minecraft:spruce_log":3850,"minecraft:birch_leaves":684,"minecraft:dripstone_block":39,"minecraft:acacia_planks":39,"minecraft:spruce_fence_gate":35,"minecraft:large_amethyst_bud":28,"minecraft:spruce_planks":174,"minecraft:cobbled_deepslate_stairs":23,"minecraft:jungle_slab":67,"minecraft:cobblestone_stairs":150,"minecraft:grass_block":24000,"minecraft:soul_soil":45,"minecraft:stripped_warped_hyphae":1,"minecraft:warped_sign":3,"minecraft:sandstone_stairs":41,"minecraft:smooth_stone":771,"minecraft:glowstone":121,"minecraft:iron_ore":1188,"minecraft:target":28,"minecraft:anvil":19,"minecraft:black_carpet":31,"minecraft:azure_bluet":17,"minecraft:dark_oak_stairs":11,"minecraft:warped_button":1,"minecraft:birch_wall_sign":8,"minecraft:azalea_leaves":115,"minecraft:end_stone_bricks":109,"minecraft:brain_coral_block":55,"minecraft:polished_granite_stairs":8,"minecraft:green_bed":1,"minecraft:blackstone":480,"minecraft:cyan_terracotta":654,"minecraft:dead_bubble_coral_block":25,"minecraft:twisting_vines_plant":23,"minecraft:polished_deepslate_stairs":19,"minecraft:clay":327,"minecraft:dead_fire_coral_fan":7,"minecraft:calcite":2660,"minecraft:poppy":22,"minecraft:chest":1139,"minecraft:mushroom_stem":17,"minecraft:honeycomb_block":52,"minecraft:cobblestone":1808,"minecraft:slime_block":405,"minecraft:grindstone":4,"minecraft:iron_door":13,"minecraft:deepslate_copper_ore":14,"minecraft:seagrass":58,"minecraft:brown_concrete_powder":5,"minecraft:nether_wart_block":71,"minecraft:birch_log":534,"minecraft:yellow_wool":1,"minecraft:birch_trapdoor":83,"minecraft:stripped_oak_wood":1,"minecraft:activator_rail":6,"minecraft:purpur_block":122,"minecraft:light_gray_wool":13,"minecraft:orange_tulip":3,"minecraft:yellow_stained_glass_pane":23,"minecraft:cracked_deepslate_tiles":4,"minecraft:acacia_fence":4,"minecraft:sand":83231,"minecraft:tripwire_hook":5,"minecraft:wither_skeleton_skull":2,"minecraft:netherrack":21145,"minecraft:polished_deepslate_wall":2,"minecraft:oak_leaves":2517,"minecraft:horn_coral_block":29,"minecraft:emerald_block":109,"minecraft:redstone_lamp":87,"minecraft:granite_wall":4,"minecraft:nether_gold_ore":63,"minecraft:diamond_ore":119,"minecraft:tube_coral":1,"minecraft:tuff":1015,"minecraft:deepslate_diamond_ore":45,"minecraft:blackstone_wall":24,"minecraft:gray_stained_glass_pane":60,"minecraft:black_banner":2,"minecraft:brick_stairs":29,"minecraft:weeping_vines":13,"minecraft:white_stained_glass":362,"minecraft:polished_andesite_slab":3,"minecraft:sandstone":2150,"minecraft:rooted_dirt":4,"minecraft:large_fern":6,"minecraft:oxidized_cut_copper":67,"minecraft:deepslate_brick_slab":75,"minecraft:diorite_slab":5,"minecraft:oak_trapdoor":75,"minecraft:spruce_sapling":6,"minecraft:furnace":181,"minecraft:carrots":1167,"minecraft:stripped_spruce_log":26,"minecraft:black_concrete":5368,"minecraft:chiseled_deepslate":19,"minecraft:polished_deepslate":5,"minecraft:dead_horn_coral_block":15,"minecraft:lantern":3,"minecraft:stripped_acacia_log":7,"minecraft:stripped_jungle_log":60,"minecraft:packed_ice":231,"minecraft:chorus_plant":137,"minecraft:white_tulip":7,"minecraft:stone":53315,"minecraft:redstone_wall_torch":105,"minecraft:podzol":350,"minecraft:flowering_azalea":12,"minecraft:red_wool":310,"minecraft:cut_copper_stairs":1,"minecraft:brick_wall":2,"minecraft:spruce_door":7,"minecraft:red_banner":3,"minecraft:crafting_table":186,"minecraft:cyan_stained_glass_pane":2,"minecraft:blackstone_slab":1,"minecraft:oak_wood":18,"minecraft:lime_concrete_powder":6,"minecraft:rose_bush":1,"minecraft:andesite_slab":47,"minecraft:lectern":9,"minecraft:andesite_wall":4,"minecraft:lapis_ore":67,"minecraft:spruce_stairs":14,"minecraft:gray_wool":9,"minecraft:cactus":7,"minecraft:gray_concrete_powder":28,"minecraft:brick_slab":6,"minecraft:beehive":17,"minecraft:polished_blackstone_stairs":95,"minecraft:redstone_torch":18,"minecraft:sweet_berry_bush":1,"minecraft:yellow_bed":127,"minecraft:potted_azure_bluet":1,"minecraft:dead_brain_coral_block":30,"minecraft:coal_ore":2697,"minecraft:end_rod":100,"minecraft:bubble_coral_wall_fan":1,"minecraft:gray_carpet":19,"minecraft:terracotta":30699,"minecraft:polished_andesite":19,"minecraft:birch_fence":23},"minecraft:used":{"minecraft:moss_block":3996,"minecraft:writable_book":87,"minecraft:jack_o_lantern":39,"minecraft:polished_granite_stairs":208,"minecraft:chiseled_deepslate":51,"minecraft:smooth_quartz_slab":1301,"minecraft:dispenser":92,"minecraft:poppy":4,"minecraft:black_carpet":849,"minecraft:stone":10778,"minecraft:quartz_stairs":105,"minecraft:warped_sign":46,"minecraft:rotten_flesh":7,"minecraft:waxed_weathered_cut_copper_stairs":8,"minecraft:soul_sand":68,"minecraft:cocoa_beans":3431,"minecraft:cut_copper":122,"minecraft:cracked_deepslate_tiles":697,"minecraft:deepslate_brick_slab":856,"minecraft:snowball":228,"minecraft:azure_bluet":6,"minecraft:spruce_boat":63,"minecraft:polished_blackstone_slab":1838,"minecraft:jungle_sapling":25,"minecraft:packed_ice":823,"minecraft:lava_bucket":125,"minecraft:stripped_dark_oak_wood":3,"minecraft:red_wool":292,"minecraft:jungle_fence_gate":3,"minecraft:quartz_block":4,"minecraft:netherite_hoe":2014,"minecraft:dark_oak_slab":211,"minecraft:diorite_wall":1,"minecraft:waxed_weathered_cut_copper":16,"minecraft:netherite_boots":3,"minecraft:bow":4543,"minecraft:oak_sapling":274,"minecraft:acacia_fence":156,"minecraft:end_stone_brick_stairs":1,"minecraft:lime_glazed_terracotta":22,"minecraft:deepslate_brick_wall":511,"minecraft:mossy_stone_bricks":77,"minecraft:damaged_anvil":5,"minecraft:blackstone":3748,"minecraft:cactus":783,"minecraft:wooden_pickaxe":12,"minecraft:composter":365,"minecraft:clay":251,"minecraft:jungle_boat":13,"minecraft:glow_berries":1,"minecraft:cut_sandstone_slab":72,"minecraft:blast_furnace":15,"minecraft:weathered_cut_copper_slab":6,"minecraft:gray_concrete":6423,"minecraft:deepslate_brick_stairs":1349,"minecraft:birch_fence":62,"minecraft:birch_slab":353,"minecraft:gray_stained_glass_pane":1087,"minecraft:deepslate_iron_ore":23,"minecraft:flowering_azalea_leaves":10,"minecraft:nether_wart_block":109,"minecraft:diamond_sword":2817,"minecraft:coal_block":2189,"minecraft:exposed_cut_copper":12,"minecraft:smithing_table":422,"minecraft:birch_log":28,"minecraft:oak_boat":52,"minecraft:waxed_cut_copper_stairs":270,"minecraft:diorite_slab":16,"minecraft:diorite_stairs":4,"minecraft:oak_trapdoor":107,"minecraft:stripped_acacia_wood":1,"minecraft:polished_blackstone_brick_slab":11994,"minecraft:dead_bush":2,"minecraft:carved_pumpkin":4,"minecraft:armor_stand":2,"minecraft:light_gray_carpet":317,"minecraft:tinted_glass":3132,"minecraft:polished_blackstone_wall":148,"minecraft:cooked_salmon":3,"minecraft:torch":6026,"minecraft:orange_stained_glass":34,"minecraft:brewing_stand":11,"minecraft:yellow_carpet":420,"minecraft:oak_fence_gate":16,"minecraft:mossy_cobblestone_stairs":4,"minecraft:sea_lantern":1154,"minecraft:chipped_anvil":13,"minecraft:iron_block":4819,"minecraft:light_weighted_pressure_plate":142,"minecraft:polished_deepslate_wall":26,"minecraft:jungle_log":278,"minecraft:barrel":213,"minecraft:bamboo":160,"minecraft:diamond_chestplate":1,"minecraft:lime_concrete":19,"minecraft:basalt":218,"minecraft:podzol":11,"minecraft:acacia_planks":6,"minecraft:horn_coral_fan":4,"minecraft:calcite":1806,"minecraft:wheat_seeds":3824,"minecraft:warped_stem":428,"minecraft:birch_planks":851,"minecraft:lead":2,"minecraft:waxed_oxidized_cut_copper":20,"minecraft:cauldron":12,"minecraft:glow_ink_sac":18,"minecraft:spruce_fence_gate":45,"minecraft:gold_ore":196,"minecraft:deepslate_bricks":5116,"minecraft:polished_deepslate_slab":4589,"minecraft:diamond_block":90,"minecraft:rail":1689,"minecraft:red_bed":48,"minecraft:crimson_trapdoor":27,"minecraft:white_bed":132,"minecraft:campfire":32,"minecraft:spruce_log":563,"minecraft:yellow_dye":1,"minecraft:amethyst_cluster":13,"minecraft:diamond_pickaxe":88023,"minecraft:warped_trapdoor":132,"minecraft:acacia_sign":16,"minecraft:diamond_shovel":28988,"minecraft:oak_button":25,"minecraft:spruce_pressure_plate":4,"minecraft:spruce_trapdoor":506,"minecraft:spruce_sapling":185,"minecraft:green_carpet":230,"minecraft:potion":42,"minecraft:azalea_leaves":2,"minecraft:purple_bed":2,"minecraft:crimson_stairs":79,"minecraft:andesite_stairs":433,"minecraft:warped_fence_gate":121,"minecraft:stripped_oak_log":2,"minecraft:dandelion":11,"minecraft:diamond_leggings":3,"minecraft:moss_carpet":929,"minecraft:waxed_exposed_cut_copper":17,"minecraft:polished_deepslate":2992,"minecraft:light_gray_stained_glass_pane":431,"minecraft:bone_block":650,"minecraft:polished_basalt":4041,"minecraft:nether_wart":25,"minecraft:stripped_jungle_wood":1,"minecraft:soul_campfire":88,"minecraft:spruce_leaves":38,"minecraft:jungle_planks":2,"minecraft:furnace_minecart":21,"minecraft:beehive":191,"minecraft:obsidian":990,"minecraft:honey_bottle":10,"minecraft:big_dripleaf":1,"minecraft:crimson_button":29,"minecraft:bricks":2090,"minecraft:spruce_wood":6,"minecraft:lantern":8,"minecraft:polished_blackstone_brick_wall":788,"minecraft:warped_nylium":55,"minecraft:raw_gold_block":115,"minecraft:item_frame":180,"minecraft:birch_button":28,"minecraft:golden_sword":24,"minecraft:birch_trapdoor":214,"minecraft:written_book":10,"minecraft:jungle_button":6,"minecraft:gold_block":1870,"minecraft:dark_oak_sapling":31,"minecraft:end_rod":1699,"minecraft:diamond_boots":4,"minecraft:dropper":359,"minecraft:wither_skeleton_skull":6,"minecraft:stripped_acacia_log":4,"minecraft:gray_carpet":534,"minecraft:stone_pickaxe":83,"minecraft:oak_planks":11560,"minecraft:polished_diorite_slab":6,"minecraft:sandstone":738,"minecraft:sugar_cane":945,"minecraft:diamond_axe":8367,"minecraft:white_wool":3415,"minecraft:netherite_leggings":4,"minecraft:lime_stained_glass_pane":11,"minecraft:yellow_concrete":1867,"minecraft:end_stone":341,"minecraft:sticky_piston":557,"minecraft:black_terracotta":70,"minecraft:dead_fire_coral_fan":7,"minecraft:lever":1205,"minecraft:daylight_detector":6,"minecraft:dark_oak_log":238,"minecraft:bread":2,"minecraft:brown_wool":108,"minecraft:iron_door":23,"minecraft:deepslate":4993,"minecraft:stripped_warped_hyphae":2,"minecraft:chain":777,"minecraft:smooth_stone_slab":5265,"minecraft:coarse_dirt":31,"minecraft:bone_meal":3346,"minecraft:netherite_sword":3504,"minecraft:rose_bush":3,"minecraft:white_tulip":3,"minecraft:flint_and_steel":48,"minecraft:granite_stairs":831,"minecraft:crimson_fence":8,"minecraft:redstone":2729,"minecraft:ender_chest":161,"minecraft:deepslate_gold_ore":39,"minecraft:cooked_chicken":25,"minecraft:dried_kelp_block":1,"minecraft:dirt":44127,"minecraft:bee_nest":3,"minecraft:spruce_fence":108,"minecraft:iron_hoe":86,"minecraft:brown_terracotta":5827,"minecraft:light_gray_stained_glass":1978,"minecraft:waxed_cut_copper":631,"minecraft:smooth_sandstone":177,"minecraft:crimson_slab":153,"minecraft:yellow_concrete_powder":2558,"minecraft:waxed_cut_copper_slab":7,"minecraft:black_stained_glass":3634,"minecraft:soul_soil":22,"minecraft:lime_stained_glass":4337,"minecraft:deepslate_tile_stairs":2116,"minecraft:netherite_pickaxe":184746,"minecraft:minecart":217,"minecraft:cooked_beef":50,"minecraft:powder_snow_bucket":2,"minecraft:orange_stained_glass_pane":13,"minecraft:pumpkin":128,"minecraft:cobbled_deepslate_wall":31,"minecraft:cobblestone_stairs":54,"minecraft:snow_block":4640,"minecraft:baked_potato":576,"minecraft:red_nether_bricks":1,"minecraft:birch_boat":26,"minecraft:cut_sandstone":63,"minecraft:spruce_sign":8,"minecraft:warped_roots":6,"minecraft:waxed_copper_block":507,"minecraft:red_mushroom":1,"minecraft:warped_planks":20,"minecraft:cyan_stained_glass":52,"minecraft:piston":1241,"minecraft:flower_pot":21,"minecraft:black_wool":3284,"minecraft:stone_slab":1786,"minecraft:detector_rail":42,"minecraft:jungle_stairs":38,"minecraft:yellow_wool":1048,"minecraft:stone_axe":132,"minecraft:brown_stained_glass_pane":67,"minecraft:fire_coral_block":4,"minecraft:crimson_fungus":18,"minecraft:cobbled_deepslate_slab":1199,"minecraft:end_crystal":11,"minecraft:cyan_stained_glass_pane":22,"minecraft:wither_rose":5,"minecraft:sea_pickle":5,"minecraft:gray_wool":2335,"minecraft:birch_stairs":163,"minecraft:peony":3,"minecraft:nether_brick_fence":2,"minecraft:elytra":26,"minecraft:dead_horn_coral_block":13,"minecraft:polished_blackstone":7093,"minecraft:spruce_slab":882,"minecraft:ladder":466,"minecraft:chest":3066,"minecraft:brown_concrete":2484,"minecraft:acacia_button":4,"minecraft:weathered_cut_copper_stairs":2,"minecraft:brick_slab":289,"minecraft:blue_stained_glass":11,"minecraft:acacia_sapling":17,"minecraft:jungle_slab":204,"minecraft:stripped_spruce_log":10,"minecraft:honey_block":226,"minecraft:honeycomb":401,"minecraft:netherite_shovel":105237,"minecraft:black_stained_glass_pane":2610,"minecraft:warped_hyphae":86,"minecraft:grass_block":33443,"minecraft:birch_sapling":46,"minecraft:polished_andesite_stairs":1464,"minecraft:copper_ore":75,"minecraft:wet_sponge":613,"minecraft:stone_brick_stairs":949,"minecraft:snow":4005,"minecraft:red_stained_glass_pane":14,"minecraft:exposed_cut_copper_slab":11,"minecraft:dark_oak_boat":3,"minecraft:sweet_berries":3,"minecraft:furnace":187,"minecraft:egg":68,"minecraft:potato":2,"minecraft:brown_concrete_powder":722,"minecraft:spruce_door":7,"minecraft:stripped_birch_log":1,"minecraft:cut_copper_slab":93,"minecraft:diorite":92,"minecraft:end_stone_bricks":1,"minecraft:brick_wall":439,"minecraft:red_stained_glass":65,"minecraft:acacia_trapdoor":505,"minecraft:powered_rail":1453,"minecraft:blackstone_stairs":256,"minecraft:orange_tulip":2,"minecraft:lime_concrete_powder":37,"minecraft:oak_leaves":231,"minecraft:cookie":113,"minecraft:smooth_quartz_stairs":926,"minecraft:respawn_anchor":1,"minecraft:dark_oak_trapdoor":175,"minecraft:sand":24372,"minecraft:purpur_stairs":5,"minecraft:waxed_weathered_cut_copper_slab":16,"minecraft:blue_ice":54,"minecraft:netherite_helmet":2,"minecraft:oxidized_cut_copper_slab":56,"minecraft:black_concrete_powder":11819,"minecraft:pumpkin_seeds":4,"minecraft:lightning_rod":461,"minecraft:deepslate_tiles":9599,"minecraft:crying_obsidian":672,"minecraft:stone_button":118,"minecraft:spore_blossom":1,"minecraft:lectern":17,"minecraft:polished_granite":146,"minecraft:diamond_ore":4,"minecraft:lilac":8,"minecraft:polished_andesite_slab":300,"minecraft:fire_charge":1,"minecraft:dark_oak_fence":62,"minecraft:bubble_coral_block":25,"minecraft:white_stained_glass":2768,"minecraft:pink_stained_glass":11,"minecraft:ice":651,"minecraft:gray_stained_glass":777,"minecraft:iron_bars":259,"minecraft:stone_sword":15,"minecraft:acacia_log":120,"minecraft:brain_coral_fan":2,"minecraft:stripped_warped_stem":1,"minecraft:netherrack":2921,"minecraft:anvil":69,"minecraft:dragon_egg":7,"minecraft:target":253,"minecraft:warped_wart_block":162,"minecraft:ancient_debris":36,"minecraft:chorus_flower":17,"minecraft:stone_stairs":253,"minecraft:twisting_vines":31,"minecraft:crimson_hyphae":8,"minecraft:glow_lichen":391,"minecraft:nether_brick_slab":4,"minecraft:jungle_trapdoor":14,"minecraft:dead_brain_coral_block":23,"minecraft:polished_diorite":14,"minecraft:shroomlight":3007,"minecraft:red_shulker_box":188,"minecraft:flowering_azalea":4,"minecraft:gray_dye":1,"minecraft:rooted_dirt":10,"minecraft:iron_axe":883,"minecraft:spruce_button":10,"minecraft:brick_stairs":713,"minecraft:slime_block":500,"minecraft:warped_fence":3,"minecraft:smooth_quartz":1963,"minecraft:melon_seeds":3,"minecraft:waxed_exposed_cut_copper_slab":2,"minecraft:smooth_basalt":102,"minecraft:tripwire_hook":7,"minecraft:glowstone":575,"minecraft:raw_copper_block":4,"minecraft:oxidized_copper":131,"minecraft:gray_glazed_terracotta":217,"minecraft:iron_trapdoor":1036,"minecraft:acacia_wood":32,"minecraft:cobbled_deepslate":163,"minecraft:orange_terracotta":1,"minecraft:observer":1102,"minecraft:pointed_dripstone":60,"minecraft:crimson_stem":30,"minecraft:water_bucket":1875,"minecraft:yellow_banner":20,"minecraft:sandstone_stairs":41,"minecraft:smooth_sandstone_slab":81,"minecraft:cartography_table":2,"minecraft:red_mushroom_block":46,"minecraft:polished_blackstone_bricks":5937,"minecraft:cracked_stone_bricks":127,"minecraft:mossy_cobblestone":34,"minecraft:comparator":663,"minecraft:vine":8,"minecraft:tnt":1476,"minecraft:oak_slab":212,"minecraft:crafting_table":195,"minecraft:birch_sign":77,"minecraft:cod":11,"minecraft:lime_shulker_box":10,"minecraft:deepslate_tile_wall":1627,"minecraft:small_amethyst_bud":7,"minecraft:oak_log":214,"minecraft:cornflower":1,"minecraft:waxed_exposed_cut_copper_stairs":8,"minecraft:stripped_jungle_log":32,"minecraft:sunflower":2,"minecraft:iron_pickaxe":893,"minecraft:crimson_nylium":6,"minecraft:crimson_sign":1,"minecraft:cobblestone":4905,"minecraft:glass_pane":2,"minecraft:jukebox":2,"minecraft:kelp":506,"minecraft:light_gray_dye":17,"minecraft:iron_shovel":23031,"minecraft:carrot_on_a_stick":4,"minecraft:oak_sign":35,"minecraft:diamond_hoe":4167,"minecraft:white_concrete_powder":28411,"minecraft:shield":40,"minecraft:white_terracotta":24,"minecraft:iron_sword":800,"minecraft:player_head":28,"minecraft:smooth_sandstone_stairs":199,"minecraft:oxidized_cut_copper":60,"minecraft:nether_bricks":22,"minecraft:carrot":2444,"minecraft:deepslate_tile_slab":1775,"minecraft:tuff":138,"minecraft:axolotl_bucket":1,"minecraft:polished_deepslate_stairs":261,"minecraft:milk_bucket":6,"minecraft:glass":2492,"minecraft:cyan_terracotta":17694,"minecraft:coal_ore":972,"minecraft:quartz_slab":133,"minecraft:iron_helmet":2,"minecraft:dark_oak_wood":32,"minecraft:gray_concrete_powder":10712,"minecraft:crimson_roots":8,"minecraft:hopper_minecart":76,"minecraft:stone_bricks":1420,"minecraft:honeycomb_block":57,"minecraft:repeater":988,"minecraft:red_carpet":2,"minecraft:redstone_lamp":807,"minecraft:brown_carpet":1721,"minecraft:magma_block":6373,"minecraft:warped_fungus":24,"minecraft:hay_block":24,"minecraft:scaffolding":12335,"minecraft:polished_diorite_stairs":120,"minecraft:fire_coral_fan":5,"minecraft:polished_blackstone_stairs":926,"minecraft:stripped_spruce_wood":2,"minecraft:chiseled_polished_blackstone":73,"minecraft:dark_oak_stairs":57,"minecraft:dark_oak_sign":1,"minecraft:birch_leaves":40,"minecraft:birch_wood":3,"minecraft:ender_pearl":770,"minecraft:redstone_block":232,"minecraft:end_stone_brick_slab":6,"minecraft:black_banner":1,"minecraft:yellow_terracotta":447,"minecraft:loom":2,"minecraft:light_gray_terracotta":89,"minecraft:deepslate_redstone_ore":13,"minecraft:sponge":646,"minecraft:note_block":486,"minecraft:blackstone_wall":219,"minecraft:dripstone_block":3,"minecraft:stone_brick_wall":375,"minecraft:cobbled_deepslate_stairs":349,"minecraft:shears":722,"minecraft:redstone_torch":907,"minecraft:black_concrete":4759,"minecraft:firework_rocket":15492,"minecraft:string":549,"minecraft:birch_fence_gate":3,"minecraft:heavy_weighted_pressure_plate":15,"minecraft:lime_carpet":10,"minecraft:light_gray_concrete":34,"minecraft:brown_stained_glass":10540,"minecraft:gravel":1403,"minecraft:blackstone_slab":181,"minecraft:granite_slab":116,"minecraft:jungle_sign":2,"minecraft:oak_fence":24,"minecraft:crimson_door":1,"minecraft:grindstone":58,"minecraft:deepslate_coal_ore":89,"minecraft:azalea":3,"minecraft:warped_button":2,"minecraft:white_concrete":22471,"minecraft:andesite":8011,"minecraft:cobweb":4,"minecraft:golden_pickaxe":1,"minecraft:chest_minecart":2,"minecraft:cracked_deepslate_bricks":1180,"minecraft:redstone_ore":26,"minecraft:stone_shovel":527,"minecraft:spruce_planks":4911,"minecraft:wooden_shovel":8,"minecraft:cut_copper_stairs":112,"minecraft:spyglass":43,"minecraft:white_carpet":69,"minecraft:hopper":3142,"minecraft:spruce_stairs":32,"minecraft:cobblestone_wall":53,"minecraft:diamond_helmet":3,"minecraft:shulker_box":2833,"minecraft:oak_wood":2,"minecraft:granite":1767,"minecraft:light_blue_stained_glass":12,"minecraft:birch_door":1,"minecraft:andesite_wall":22,"minecraft:dark_oak_planks":8,"minecraft:stone_brick_slab":887,"minecraft:yellow_stained_glass":2971,"minecraft:acacia_slab":7,"minecraft:polished_blackstone_brick_stairs":2723,"minecraft:crimson_planks":115,"minecraft:light_gray_wool":2169,"minecraft:golden_carrot":2545,"minecraft:emerald_block":2,"minecraft:white_stained_glass_pane":319,"minecraft:granite_wall":313,"minecraft:stone_pressure_plate":42,"minecraft:horn_coral_block":15,"minecraft:brain_coral_block":30,"minecraft:cooked_mutton":9,"minecraft:iron_ore":37,"minecraft:amethyst_block":180,"minecraft:glass_bottle":116,"minecraft:polished_andesite":158,"minecraft:andesite_slab":4552,"minecraft:copper_block":138,"minecraft:magenta_stained_glass":11,"minecraft:stonecutter":35,"minecraft:beacon":19,"minecraft:cobblestone_slab":817,"minecraft:jungle_wood":8,"minecraft:glow_item_frame":48,"minecraft:polished_blackstone_pressure_plate":100,"minecraft:stripped_dark_oak_log":65,"minecraft:terracotta":1691,"minecraft:yellow_stained_glass_pane":57,"minecraft:light_gray_concrete_powder":2395,"minecraft:smoker":16,"minecraft:purple_stained_glass":5,"minecraft:activator_rail":13,"minecraft:cracked_polished_blackstone_bricks":4552,"minecraft:netherite_axe":11945,"minecraft:fishing_rod":50,"minecraft:bucket":2158,"minecraft:yellow_bed":136,"minecraft:polished_blackstone_button":352,"minecraft:smooth_stone":1600,"minecraft:splash_potion":34},"minecraft:picked_up":{"minecraft:lead":84,"minecraft:stone_slab":196,"minecraft:enchanted_book":4,"minecraft:polished_deepslate":6,"minecraft:polished_blackstone_brick_stairs":74,"minecraft:string":425,"minecraft:shroomlight":2101,"minecraft:diamond_leggings":14,"minecraft:horn_coral_block":29,"minecraft:bubble_coral":1,"minecraft:warped_slab":3,"minecraft:diamond_ore":13,"minecraft:spruce_pressure_plate":2,"minecraft:polished_blackstone_brick_slab":1398,"minecraft:polished_blackstone_stairs":63,"minecraft:jukebox":2,"minecraft:big_dripleaf":3,"minecraft:acacia_log":582,"minecraft:purpur_pillar":22,"minecraft:brick_wall":1,"minecraft:cut_copper_stairs":1,"minecraft:lightning_rod":30,"minecraft:honeycomb_block":46,"minecraft:warped_button":1,"minecraft:end_crystal":76,"minecraft:golden_chestplate":15,"minecraft:cyan_stained_glass_pane":1,"minecraft:cauldron":9,"minecraft:brown_carpet":34,"minecraft:yellow_banner":10,"minecraft:stone_sword":1,"minecraft:lime_carpet":10,"minecraft:honey_bottle":175,"minecraft:horn_coral_fan":4,"minecraft:blackstone_wall":30,"minecraft:polished_basalt":813,"minecraft:red_tulip":1,"minecraft:carved_pumpkin":192,"minecraft:glowstone":85,"minecraft:end_rod":139,"minecraft:white_terracotta":77,"minecraft:waxed_cut_copper":59,"minecraft:blaze_rod":230,"minecraft:iron_bars":54,"minecraft:snowball":22103,"minecraft:sponge":617,"minecraft:feather":39,"minecraft:cooked_beef":183,"minecraft:medium_amethyst_bud":7,"minecraft:water_bucket":29,"minecraft:brown_wool":4,"minecraft:dark_oak_boat":6,"minecraft:copper_block":418,"minecraft:flint":415,"minecraft:lantern":22,"minecraft:gray_concrete_powder":223,"minecraft:exposed_cut_copper_stairs":2,"minecraft:warped_hyphae":1,"minecraft:large_amethyst_bud":18,"minecraft:stonecutter":31,"minecraft:dark_oak_sign":2,"minecraft:diamond_helmet":15,"minecraft:rabbit":1,"minecraft:honeycomb":362,"minecraft:glow_lichen":15985,"minecraft:chiseled_polished_blackstone":1,"minecraft:lime_terracotta":32,"minecraft:stripped_acacia_wood":1,"minecraft:birch_fence_gate":2,"minecraft:stripped_spruce_log":25,"minecraft:dead_fire_coral_fan":7,"minecraft:iron_hoe":2,"minecraft:polished_andesite":34,"minecraft:deepslate":5529,"minecraft:lever":520,"minecraft:granite":3100,"minecraft:spruce_button":5,"minecraft:rooted_dirt":68,"minecraft:deepslate_coal_ore":123,"minecraft:jack_o_lantern":36,"minecraft:light_gray_carpet":32,"minecraft:crimson_roots":31,"minecraft:diamond_pickaxe":21,"minecraft:bee_nest":6,"minecraft:stripped_warped_hyphae":3,"minecraft:clay_ball":984,"minecraft:leather_leggings":33,"minecraft:redstone_lamp":99,"minecraft:dragon_head":24,"minecraft:purpur_block":92,"minecraft:heavy_weighted_pressure_plate":2,"minecraft:cornflower":41,"minecraft:elytra":119,"minecraft:white_carpet":13,"minecraft:white_stained_glass":353,"minecraft:iron_shovel":10,"minecraft:polished_blackstone_wall":4,"minecraft:glass_pane":59,"minecraft:brown_stained_glass_pane":2,"minecraft:netherite_sword":17,"minecraft:stripped_warped_stem":2,"minecraft:jungle_sapling":74,"minecraft:poppy":162,"minecraft:spruce_slab":669,"minecraft:minecart":122,"minecraft:birch_sapling":164,"minecraft:piston":739,"minecraft:diamond_hoe":2,"minecraft:copper_ore":97,"minecraft:lime_shulker_box":16,"minecraft:black_stained_glass":88,"minecraft:stone":14587,"minecraft:raw_gold_block":8,"minecraft:fire_charge":18,"minecraft:white_dye":24,"minecraft:netherite_pickaxe":31,"minecraft:jungle_sign":2,"minecraft:stone_shovel":1,"minecraft:diamond_chestplate":7,"minecraft:hay_block":37,"minecraft:cracked_deepslate_bricks":3,"minecraft:yellow_terracotta":64,"minecraft:polished_blackstone":216,"minecraft:mutton":13,"minecraft:rail":856,"minecraft:bone_block":297,"minecraft:oxeye_daisy":31,"minecraft:birch_leaves":388,"minecraft:clock":8,"minecraft:smooth_red_sandstone":25,"minecraft:tripwire_hook":5,"minecraft:jungle_fence":2,"minecraft:purpur_stairs":9,"minecraft:lily_pad":1,"minecraft:paper":98,"minecraft:apple":85,"minecraft:warped_stem":3635,"minecraft:yellow_stained_glass":177,"minecraft:spore_blossom":1,"minecraft:oak_fence_gate":26,"minecraft:stone_pickaxe":1,"minecraft:iron_ore":133,"minecraft:magenta_stained_glass":2,"minecraft:dark_oak_stairs":12,"minecraft:polished_andesite_stairs":18,"minecraft:smooth_basalt":1982,"minecraft:milk_bucket":2,"minecraft:light_gray_stained_glass":48,"minecraft:sweet_berries":61,"minecraft:red_wool":187,"minecraft:lime_concrete":21,"minecraft:weathered_copper":31,"minecraft:crimson_stairs":14,"minecraft:light_blue_stained_glass":3,"minecraft:crying_obsidian":43,"minecraft:dragon_egg":5,"minecraft:leather_helmet":9,"minecraft:oak_wood":16,"minecraft:diamond_shovel":14,"minecraft:coal_ore":734,"minecraft:slime_ball":5238,"minecraft:deepslate_redstone_ore":72,"minecraft:painting":3,"minecraft:birch_sign":29,"minecraft:polished_blackstone_brick_wall":5,"minecraft:baked_potato":828,"minecraft:smooth_quartz_slab":190,"minecraft:hopper":1067,"minecraft:black_carpet":125,"minecraft:ender_chest":152,"minecraft:nether_brick_fence":11,"minecraft:yellow_wool":65,"minecraft:stone_brick_stairs":51,"minecraft:waxed_cut_copper_slab":1,"minecraft:deepslate_lapis_ore":8,"minecraft:smooth_red_sandstone_slab":6,"minecraft:comparator":202,"minecraft:smooth_stone":936,"minecraft:bucket":11,"minecraft:light_weighted_pressure_plate":3,"minecraft:white_tulip":6,"minecraft:rose_bush":210,"minecraft:cobblestone_slab":174,"minecraft:azalea":432,"minecraft:iron_pickaxe":10,"minecraft:smooth_quartz":400,"minecraft:smooth_quartz_stairs":84,"minecraft:deepslate_iron_ore":39,"minecraft:acacia_fence":4,"minecraft:birch_trapdoor":229,"minecraft:polished_deepslate_stairs":18,"minecraft:spruce_stairs":17,"minecraft:netherite_shovel":17,"minecraft:crimson_button":2,"minecraft:diorite":3339,"minecraft:vine":461,"minecraft:andesite_wall":4,"minecraft:rotten_flesh":2298,"minecraft:red_sandstone_slab":9,"minecraft:deepslate_copper_ore":4,"minecraft:chorus_flower":67,"minecraft:deepslate_brick_stairs":127,"minecraft:obsidian":694,"minecraft:cobblestone":31965,"minecraft:leather_chestplate":30,"minecraft:lilac":23,"minecraft:repeater":505,"minecraft:andesite":4052,"minecraft:golden_leggings":21,"minecraft:beacon":20,"minecraft:potato":816,"minecraft:smooth_sandstone_stairs":78,"minecraft:prismarine_bricks":1,"minecraft:dirt":22750,"minecraft:stripped_birch_log":2,"minecraft:cut_sandstone_slab":12,"minecraft:name_tag":70,"minecraft:glass":2560,"minecraft:bone":2143,"minecraft:acacia_planks":29,"minecraft:granite_wall":5,"minecraft:bow":182,"minecraft:wheat_seeds":11713,"minecraft:orange_tulip":5,"minecraft:grindstone":3,"minecraft:popped_chorus_fruit":82,"minecraft:netherite_axe":19,"minecraft:mossy_stone_bricks":18,"minecraft:bamboo":5211,"minecraft:brown_stained_glass":8,"minecraft:gray_stained_glass":597,"minecraft:black_stained_glass_pane":240,"minecraft:grass_block":16750,"minecraft:warped_fence_gate":27,"minecraft:diamond_block":10,"minecraft:jungle_slab":117,"minecraft:spectral_arrow":268,"minecraft:mossy_cobblestone":58,"minecraft:jungle_leaves":9,"minecraft:light_gray_terracotta":1,"minecraft:sugar":1,"minecraft:yellow_carpet":14,"minecraft:slime_block":397,"minecraft:netherite_helmet":13,"minecraft:polished_blackstone_pressure_plate":1,"minecraft:yellow_stained_glass_pane":30,"minecraft:cracked_polished_blackstone_bricks":204,"minecraft:crossbow":1,"minecraft:bone_meal":6780,"minecraft:grass":6,"minecraft:golden_apple":39,"minecraft:nether_sprouts":9,"minecraft:spruce_sign":13,"minecraft:emerald":40,"minecraft:netherrack":9229,"minecraft:chorus_fruit":1134,"minecraft:andesite_slab":117,"minecraft:oak_leaves":1699,"minecraft:azure_bluet":41,"minecraft:splash_potion":9,"minecraft:ladder":187,"minecraft:brown_mushroom":48,"minecraft:packed_ice":242,"minecraft:stone_brick_wall":3,"minecraft:diorite_slab":7,"minecraft:chain":131,"minecraft:shield":8,"minecraft:oak_trapdoor":75,"minecraft:moss_carpet":1909,"minecraft:birch_fence":22,"minecraft:blackstone":3326,"minecraft:end_stone":2272,"minecraft:flowering_azalea_leaves":35,"minecraft:note_block":131,"minecraft:polished_blackstone_bricks":577,"minecraft:brown_concrete_powder":5,"minecraft:cookie":65,"minecraft:trident":2,"minecraft:light_gray_stained_glass_pane":6,"minecraft:stone_pressure_plate":8,"minecraft:tube_coral":1,"minecraft:weeping_vines":31,"minecraft:red_shulker_box":191,"minecraft:nether_bricks":62,"minecraft:stripped_dark_oak_wood":4,"minecraft:pink_tulip":8,"minecraft:glistering_melon_slice":1,"minecraft:black_banner":2,"minecraft:brick_stairs":24,"minecraft:netherite_boots":17,"minecraft:jungle_boat":16,"minecraft:basalt":2189,"minecraft:golden_carrot":945,"minecraft:leather":60,"minecraft:ice":9838,"minecraft:granite_stairs":29,"minecraft:crimson_fungus":45,"minecraft:chainmail_chestplate":2,"minecraft:cobblestone_wall":34,"minecraft:yellow_bed":135,"minecraft:cobbled_deepslate_stairs":15,"minecraft:gunpowder":261,"minecraft:orange_terracotta":214,"minecraft:cooked_mutton":1,"minecraft:red_carpet":2,"minecraft:gray_carpet":40,"minecraft:acacia_trapdoor":82,"minecraft:rabbit_hide":1,"minecraft:iron_ingot":765,"minecraft:cooked_chicken":36,"minecraft:polished_andesite_slab":5,"minecraft:warped_fungus":75,"minecraft:nether_quartz_ore":41,"minecraft:emerald_block":108,"minecraft:stone_brick_slab":132,"minecraft:quartz":1590,"minecraft:dandelion":197,"minecraft:amethyst_shard":4328,"minecraft:red_banner":3,"minecraft:nether_brick_slab":4,"minecraft:spruce_door":9,"minecraft:brick_slab":10,"minecraft:polished_diorite_stairs":95,"minecraft:pumpkin_seeds":381,"minecraft:white_concrete_powder":115,"minecraft:chainmail_leggings":1,"minecraft:mossy_cobblestone_stairs":2,"minecraft:terracotta":30766,"minecraft:damaged_anvil":6,"minecraft:netherite_hoe":2,"minecraft:end_stone_brick_slab":1,"minecraft:dark_oak_wood":7,"minecraft:sunflower":775,"minecraft:seagrass":5,"minecraft:iron_chestplate":4,"minecraft:chainmail_boots":2,"minecraft:flower_pot":14,"minecraft:anvil":24,"minecraft:diamond_sword":14,"minecraft:oak_stairs":38,"minecraft:brown_bed":1,"minecraft:acacia_pressure_plate":1,"minecraft:wither_rose":101,"minecraft:golden_shovel":1,"minecraft:birch_button":2,"minecraft:brewing_stand":2,"minecraft:golden_sword":51,"minecraft:polished_deepslate_wall":2,"minecraft:amethyst_block":670,"minecraft:dark_oak_trapdoor":46,"minecraft:soul_soil":31,"minecraft:cooked_salmon":2,"minecraft:red_nether_bricks":4,"minecraft:beetroot":2,"minecraft:waxed_weathered_copper":14,"minecraft:gold_nugget":459984,"minecraft:cobbled_deepslate":31056,"minecraft:spruce_planks":382,"minecraft:waxed_exposed_cut_copper":3,"minecraft:acacia_sign":2,"minecraft:written_book":2,"minecraft:azalea_leaves":115,"minecraft:melon_slice":67,"minecraft:coal_block":2341,"minecraft:golden_helmet":16,"minecraft:beehive":17,"minecraft:composter":30,"minecraft:green_bed":1,"minecraft:warped_planks":201,"minecraft:deepslate_tile_stairs":296,"minecraft:black_dye":106,"minecraft:gray_stained_glass_pane":47,"minecraft:waxed_cut_copper_stairs":35,"minecraft:blue_dye":3,"minecraft:iron_block":2536,"minecraft:cyan_terracotta":825,"minecraft:blackstone_stairs":11,"minecraft:birch_log":1095,"minecraft:magma_block":7847,"minecraft:oxidized_copper":46,"minecraft:iron_door":13,"minecraft:birch_slab":31,"minecraft:jungle_log":935,"minecraft:green_concrete_powder":1,"minecraft:powder_snow_bucket":1,"minecraft:jungle_wood":1,"minecraft:smoker":7,"minecraft:stripped_spruce_wood":3,"minecraft:map":31,"minecraft:netherite_leggings":17,"minecraft:gray_concrete":1892,"minecraft:light_gray_concrete_powder":119,"minecraft:twisting_vines":88,"minecraft:chipped_anvil":18,"minecraft:glowstone_dust":130,"minecraft:moss_block":6635,"minecraft:gray_glazed_terracotta":63,"minecraft:warped_wart_block":2038,"minecraft:dropper":143,"minecraft:ink_sac":98,"minecraft:granite_slab":132,"minecraft:loom":1,"minecraft:dark_oak_log":528,"minecraft:red_terracotta":117,"minecraft:barrel":153,"minecraft:stripped_acacia_log":9,"minecraft:dispenser":29,"minecraft:black_concrete_powder":84,"minecraft:writable_book":3,"minecraft:deepslate_gold_ore":14,"minecraft:dead_brain_coral_block":30,"minecraft:blue_ice":15,"minecraft:chainmail_helmet":4,"minecraft:dark_oak_fence":20,"minecraft:bricks":121,"minecraft:spruce_leaves":529,"minecraft:lime_stained_glass_pane":11,"minecraft:crafting_table":193,"minecraft:coarse_dirt":26,"minecraft:bubble_coral_fan":2,"minecraft:nether_wart":69,"minecraft:orange_stained_glass_pane":1,"minecraft:crimson_trapdoor":7,"minecraft:dead_horn_coral_block":15,"minecraft:jungle_trapdoor":44,"minecraft:red_bed":48,"minecraft:snow":4232,"minecraft:cracked_stone_bricks":15,"minecraft:cartography_table":2,"minecraft:deepslate_diamond_ore":9,"minecraft:beef":36,"minecraft:iron_nugget":49,"minecraft:quartz_stairs":15,"minecraft:chest":1111,"minecraft:raw_copper_block":11,"minecraft:egg":184,"minecraft:sandstone":2131,"minecraft:polished_deepslate_slab":257,"minecraft:glow_item_frame":6,"minecraft:amethyst_cluster":140,"minecraft:spruce_fence":175,"minecraft:carrot":8396,"minecraft:redstone":4824,"minecraft:mushroom_stem":13,"minecraft:prismarine_crystals":3,"minecraft:tnt":186,"minecraft:polished_granite_stairs":70,"minecraft:beetroot_seeds":4,"minecraft:peony":18,"minecraft:tube_coral_fan":1,"minecraft:shears":9,"minecraft:deepslate_bricks":193,"minecraft:diamond_boots":13,"minecraft:cut_copper":1,"minecraft:sandstone_stairs":126,"minecraft:warped_sign":34,"minecraft:tube_coral_block":2,"minecraft:gold_ingot":394,"minecraft:glow_berries":46,"minecraft:lime_concrete_powder":6,"minecraft:white_wool":315,"minecraft:crimson_slab":11,"minecraft:lapis_ore":17,"minecraft:stripped_oak_log":25,"minecraft:red_mushroom_block":134,"minecraft:red_mushroom":44,"minecraft:filled_map":1,"minecraft:brown_concrete":994,"minecraft:oak_log":3347,"minecraft:ancient_debris":123,"minecraft:jungle_button":6,"minecraft:golden_boots":14,"minecraft:white_banner":2,"minecraft:stone_bricks":425,"minecraft:kelp":3197,"minecraft:cobweb":60,"minecraft:glass_bottle":222,"minecraft:iron_sword":7,"minecraft:flowering_azalea":188,"minecraft:white_stained_glass_pane":3,"minecraft:dark_oak_slab":57,"minecraft:daylight_detector":5,"minecraft:yellow_concrete":1050,"minecraft:spyglass":2,"minecraft:gravel":2296,"minecraft:dead_fire_coral_block":4,"minecraft:birch_stairs":53,"minecraft:small_amethyst_bud":20,"minecraft:spruce_sapling":474,"minecraft:spruce_log":4917,"minecraft:sea_lantern":56,"minecraft:firework_rocket":2832,"minecraft:red_stained_glass":2,"minecraft:purple_bed":2,"minecraft:polished_diorite":45,"minecraft:stone_axe":1,"minecraft:redstone_ore":43,"minecraft:diamond_axe":19,"minecraft:gray_wool":103,"minecraft:warped_roots":257,"minecraft:oak_button":14,"minecraft:warped_nylium":120,"minecraft:stripped_dark_oak_log":188,"minecraft:crimson_nylium":38,"minecraft:ender_pearl":2319,"minecraft:shulker_shell":229,"minecraft:chiseled_deepslate":17,"minecraft:wheat":3332,"minecraft:exposed_copper":24,"minecraft:redstone_block":164,"minecraft:iron_trapdoor":42,"minecraft:potion":67,"minecraft:brain_coral_block":54,"minecraft:nether_brick":102,"minecraft:raw_copper":2612,"minecraft:smooth_stone_slab":990,"minecraft:iron_leggings":8,"minecraft:armor_stand":17,"minecraft:sticky_piston":121,"minecraft:netherite_ingot":13,"minecraft:oak_sign":42,"minecraft:sea_pickle":41,"minecraft:activator_rail":6,"minecraft:deepslate_tiles":498,"minecraft:redstone_torch":317,"minecraft:calcite":2640,"minecraft:deepslate_tile_wall":7,"minecraft:iron_boots":8,"minecraft:furnace":181,"minecraft:stick":2017,"minecraft:deepslate_brick_wall":5,"minecraft:brown_terracotta":174,"minecraft:oak_fence":21,"minecraft:torch":4123,"minecraft:porkchop":52,"minecraft:snow_block":64,"minecraft:dried_kelp":281,"minecraft:target":28,"minecraft:pointed_dripstone":215,"minecraft:yellow_concrete_powder":4,"minecraft:blue_stained_glass":2,"minecraft:waxed_exposed_cut_copper_slab":2,"minecraft:quartz_block":9,"minecraft:nether_gold_ore":7,"minecraft:cactus":7592,"minecraft:fire_coral_fan":6,"minecraft:cod":51,"minecraft:magma_cream":225,"minecraft:tuff":956,"minecraft:light_gray_dye":44,"minecraft:warped_trapdoor":39,"minecraft:wither_skeleton_skull":7,"minecraft:lapis_lazuli":1349,"minecraft:weathered_cut_copper":16,"minecraft:polished_granite":136,"minecraft:leather_boots":27,"minecraft:cobbled_deepslate_wall":5,"minecraft:deepslate_brick_slab":128,"minecraft:raw_gold":1213,"minecraft:cobbled_deepslate_slab":17,"minecraft:powered_rail":515,"minecraft:oak_planks":13,"minecraft:brain_coral":1,"minecraft:ghast_tear":13,"minecraft:pink_stained_glass":2,"minecraft:black_terracotta":13,"minecraft:poisonous_potato":1,"minecraft:polished_blackstone_slab":28,"minecraft:jungle_planks":55,"minecraft:sand":95817,"minecraft:dead_bush":19,"minecraft:lily_of_the_valley":3,"minecraft:oxidized_cut_copper_slab":11,"minecraft:shulker_box":2873,"minecraft:exposed_cut_copper":19,"minecraft:light_gray_concrete":5,"minecraft:spruce_fence_gate":38,"minecraft:clay":246,"minecraft:diamond":550,"minecraft:spruce_boat":49,"minecraft:black_concrete":1820,"minecraft:polished_blackstone_button":133,"minecraft:white_concrete":6801,"minecraft:oak_sapling":831,"minecraft:bubble_coral_block":78,"minecraft:nether_star":1,"minecraft:end_stone_bricks":108,"minecraft:cocoa_beans":3854,"minecraft:charcoal":7,"minecraft:allium":2,"minecraft:chicken":24,"minecraft:gold_block":1106,"minecraft:stone_stairs":53,"minecraft:iron_axe":3,"minecraft:item_frame":137,"minecraft:quartz_slab":36,"minecraft:warped_fence":1,"minecraft:detector_rail":28,"minecraft:andesite_stairs":61,"minecraft:oak_boat":73,"minecraft:player_head":132,"minecraft:observer":496,"minecraft:light_gray_wool":11,"minecraft:lectern":11,"minecraft:tinted_glass":124,"minecraft:sugar_cane":1514,"minecraft:spruce_trapdoor":136,"minecraft:phantom_membrane":50,"minecraft:dark_oak_sapling":83,"minecraft:raw_iron":2732,"minecraft:copper_ingot":214,"minecraft:bowl":1,"minecraft:gray_dye":9,"minecraft:stone_button":249,"minecraft:iron_horse_armor":1,"minecraft:dark_oak_planks":48,"minecraft:smooth_sandstone_slab":8,"minecraft:arrow":3539,"minecraft:jungle_stairs":9,"minecraft:saddle":38,"minecraft:lime_stained_glass":589,"minecraft:wet_sponge":642,"minecraft:cracked_deepslate_tiles":3,"minecraft:glow_ink_sac":94,"minecraft:crimson_stem":1727,"minecraft:salmon":1,"minecraft:cut_sandstone":36,"minecraft:birch_planks":230,"minecraft:waxed_copper_block":66,"minecraft:nether_wart_block":79,"minecraft:cobblestone_stairs":138,"minecraft:deepslate_tile_slab":104,"minecraft:cut_copper_slab":9,"minecraft:podzol":270,"minecraft:smooth_sandstone":164,"minecraft:fire_coral_block":4,"minecraft:stripped_oak_wood":1,"minecraft:acacia_sapling":99,"minecraft:oxidized_cut_copper":67,"minecraft:soul_sand":113,"minecraft:music_disc_chirp":1,"minecraft:scaffolding":11935,"minecraft:oak_slab":165,"minecraft:birch_boat":26,"minecraft:pumpkin":92,"minecraft:dripstone_block":42,"minecraft:brain_coral_fan":3,"minecraft:blast_furnace":8,"minecraft:white_bed":122,"minecraft:gold_ore":5,"minecraft:green_carpet":16,"minecraft:spider_eye":96,"minecraft:stripped_jungle_log":65,"minecraft:music_disc_mall":1,"minecraft:dried_kelp_block":317,"minecraft:campfire":50,"minecraft:honey_block":14,"minecraft:dead_bubble_coral_block":25,"minecraft:iron_helmet":7,"minecraft:stripped_jungle_wood":1,"minecraft:acacia_slab":13,"minecraft:black_wool":6,"minecraft:coal":7073},"minecraft:crafted":{"minecraft:lime_stained_glass":4016,"minecraft:red_stained_glass_pane":32,"minecraft:black_dye":8453,"minecraft:yellow_wool":109,"minecraft:oxidized_cut_copper_slab":2,"minecraft:oak_sign":42,"minecraft:waxed_cut_copper_slab":4,"minecraft:blaze_powder":12,"minecraft:birch_boat":4,"minecraft:chain":784,"minecraft:brick_wall":20,"minecraft:diorite_stairs":8,"minecraft:diamond_shovel":2,"minecraft:cracked_stone_bricks":60,"minecraft:gray_wool":897,"minecraft:shulker_box":103,"minecraft:granite":293,"minecraft:diamond_helmet":3,"minecraft:beacon":1,"minecraft:stone_pressure_plate":60,"minecraft:iron_door":15,"minecraft:gray_stained_glass_pane":1608,"minecraft:dried_kelp_block":2244,"minecraft:waxed_cut_copper_stairs":8,"minecraft:black_wool":3526,"minecraft:gray_stained_glass":1448,"minecraft:lime_concrete_powder":72,"minecraft:pink_stained_glass":48,"minecraft:blue_stained_glass":32,"minecraft:redstone_lamp":716,"minecraft:end_rod":1936,"minecraft:soul_campfire":100,"minecraft:glow_item_frame":44,"minecraft:jungle_boat":2,"minecraft:acacia_slab":24,"minecraft:black_concrete":128,"minecraft:chest_minecart":2,"minecraft:raw_gold_block":126,"minecraft:smithing_table":450,"minecraft:sticky_piston":488,"minecraft:cracked_deepslate_tiles":704,"minecraft:polished_deepslate_slab":130,"minecraft:cartography_table":1,"minecraft:end_stone_brick_slab":6,"minecraft:stone_brick_stairs":152,"minecraft:lectern":10,"minecraft:stone_slab":150,"minecraft:iron_pickaxe":7,"minecraft:sandstone":265,"minecraft:netherite_ingot":21,"minecraft:composter":320,"minecraft:polished_blackstone_bricks":5892,"minecraft:jungle_sign":3,"minecraft:golden_carrot":2789,"minecraft:jukebox":2,"minecraft:iron_nugget":1702,"minecraft:crimson_trapdoor":38,"minecraft:diamond_hoe":1,"minecraft:light_gray_wool":2107,"minecraft:polished_blackstone_pressure_plate":104,"minecraft:jack_o_lantern":82,"minecraft:lime_stained_glass_pane":32,"minecraft:spruce_fence":78,"minecraft:cracked_polished_blackstone_bricks":4698,"minecraft:moss_carpet":993,"minecraft:stone_stairs":120,"minecraft:waxed_copper_block":1118,"minecraft:terracotta":2,"minecraft:lantern":14,"minecraft:spruce_stairs":48,"minecraft:polished_diorite":136,"minecraft:black_concrete_powder":12112,"minecraft:red_shulker_box":2,"minecraft:stone_pickaxe":1,"minecraft:quartz_slab":12,"minecraft:spruce_boat":33,"minecraft:brick_slab":6,"minecraft:lead":24,"minecraft:light_gray_terracotta":192,"minecraft:cut_copper_slab":6,"minecraft:crimson_slab":576,"minecraft:acacia_trapdoor":854,"minecraft:yellow_stained_glass_pane":48,"minecraft:polished_blackstone_stairs":76,"minecraft:deepslate_tiles":21,"minecraft:enchanted_book":1,"minecraft:orange_dye":58,"minecraft:oak_fence_gate":18,"minecraft:crimson_stairs":88,"minecraft:red_stained_glass":104,"minecraft:warped_sign":138,"minecraft:fermented_spider_eye":14,"minecraft:birch_trapdoor":54,"minecraft:black_stained_glass_pane":3088,"minecraft:writable_book":15,"minecraft:iron_shovel":302,"minecraft:armor_stand":6,"minecraft:note_block":428,"minecraft:grindstone":59,"minecraft:cobblestone_slab":912,"minecraft:barrel":137,"minecraft:birch_wood":6,"minecraft:polished_granite_slab":6,"minecraft:cooked_chicken":7,"minecraft:crimson_sign":3,"minecraft:lightning_rod":473,"minecraft:stone":4666,"minecraft:snow":78,"minecraft:heavy_weighted_pressure_plate":17,"minecraft:warped_planks":21064,"minecraft:brown_carpet":1716,"minecraft:polished_blackstone_button":452,"minecraft:stone_brick_slab":68,"minecraft:brown_stained_glass":10784,"minecraft:orange_stained_glass_pane":16,"minecraft:waxed_weathered_cut_copper":27,"minecraft:bow":89,"minecraft:comparator":485,"minecraft:chest":4243,"minecraft:polished_basalt":4472,"minecraft:netherite_helmet":1,"minecraft:oak_button":14,"minecraft:yellow_terracotta":768,"minecraft:copper_block":169,"minecraft:jungle_stairs":48,"minecraft:rail":992,"minecraft:bricks":16,"minecraft:birch_button":34,"minecraft:ender_eye":4,"minecraft:stone_bricks":2516,"minecraft:oak_fence":51,"minecraft:granite_stairs":6,"minecraft:polished_diorite_slab":12,"minecraft:respawn_anchor":1,"minecraft:waxed_oxidized_cut_copper":20,"minecraft:dropper":288,"minecraft:cauldron":6,"minecraft:lime_terracotta":64,"minecraft:iron_helmet":1,"minecraft:brown_dye":3808,"minecraft:cracked_deepslate_bricks":1262,"minecraft:red_wool":2,"minecraft:chiseled_polished_blackstone":14,"minecraft:acacia_button":6,"minecraft:white_stained_glass_pane":304,"minecraft:yellow_stained_glass":3072,"minecraft:oxidized_cut_copper":22,"minecraft:dispenser":63,"minecraft:tnt":1643,"minecraft:spruce_trapdoor":474,"minecraft:purple_dye":6,"minecraft:yellow_dye":1101,"minecraft:warped_fence_gate":118,"minecraft:gray_terracotta":192,"minecraft:stick":9829,"minecraft:iron_ingot":24100,"minecraft:andesite_stairs":168,"minecraft:light_blue_stained_glass":32,"minecraft:lime_carpet":15,"minecraft:deepslate_bricks":64,"minecraft:polished_diorite_stairs":16,"minecraft:waxed_exposed_cut_copper_slab":4,"minecraft:deepslate_tile_slab":18,"minecraft:tripwire_hook":8,"minecraft:stone_brick_wall":246,"minecraft:fishing_rod":5,"minecraft:beehive":227,"minecraft:netherite_sword":2,"minecraft:spruce_button":7,"minecraft:mossy_stone_bricks":85,"minecraft:furnace":68,"minecraft:blast_furnace":14,"minecraft:piston":908,"minecraft:crimson_button":87,"minecraft:polished_andesite_slab":100,"minecraft:raw_copper_block":109,"minecraft:smooth_quartz_stairs":76,"minecraft:oak_trapdoor":56,"minecraft:flint_and_steel":6,"minecraft:scaffolding":1266,"minecraft:granite_wall":46,"minecraft:white_concrete_powder":32168,"minecraft:polished_granite_stairs":16,"minecraft:cobblestone_wall":36,"minecraft:smooth_quartz_slab":44,"minecraft:honey_block":111,"minecraft:blackstone_stairs":8,"minecraft:birch_sign":75,"minecraft:glistering_melon_slice":15,"minecraft:smooth_sandstone_stairs":21,"minecraft:jungle_wood":9,"minecraft:purple_stained_glass":32,"minecraft:iron_trapdoor":1294,"minecraft:polished_blackstone_wall":48,"minecraft:diorite_wall":6,"minecraft:iron_sword":5,"minecraft:black_banner":1,"minecraft:golden_shovel":1,"minecraft:jungle_planks":1772,"minecraft:white_dye":8575,"minecraft:brown_concrete_powder":896,"minecraft:netherite_shovel":3,"minecraft:black_carpet":3012,"minecraft:anvil":59,"minecraft:stonecutter":5,"minecraft:crimson_door":3,"minecraft:andesite":5554,"minecraft:torch":3373,"minecraft:diorite_slab":30,"minecraft:granite_slab":16,"minecraft:diamond_chestplate":1,"minecraft:ender_chest":4,"minecraft:jungle_button":3,"minecraft:light_gray_concrete_powder":3264,"minecraft:smooth_stone":3310,"minecraft:jungle_fence_gate":4,"minecraft:cut_sandstone":12,"minecraft:waxed_exposed_cut_copper_stairs":7,"minecraft:orange_stained_glass":96,"minecraft:dark_oak_wood":36,"minecraft:birch_slab":444,"minecraft:slime_block":564,"minecraft:loom":1,"minecraft:polished_blackstone_slab":133,"minecraft:lever":872,"minecraft:lime_glazed_terracotta":40,"minecraft:bookshelf":10,"minecraft:cooked_mutton":8,"minecraft:iron_bars":928,"minecraft:deepslate_brick_stairs":25,"minecraft:quartz_block":4112,"minecraft:glass":17579,"minecraft:repeater":482,"minecraft:diamond_leggings":2,"minecraft:cyan_stained_glass_pane":32,"minecraft:netherite_boots":3,"minecraft:birch_fence_gate":1,"minecraft:polished_blackstone":9752,"minecraft:acacia_fence":228,"minecraft:birch_door":3,"minecraft:magenta_dye":4,"minecraft:flower_pot":11,"minecraft:glass_bottle":471,"minecraft:furnace_minecart":21,"minecraft:target":277,"minecraft:wooden_shovel":27,"minecraft:emerald":50,"minecraft:smooth_quartz":3422,"minecraft:diamond_axe":3,"minecraft:spruce_door":6,"minecraft:clock":5,"minecraft:cobbled_deepslate_wall":6,"minecraft:copper_ingot":2970,"minecraft:oak_wood":6,"minecraft:hay_block":299,"minecraft:end_stone_brick_stairs":4,"minecraft:campfire":74,"minecraft:waxed_weathered_cut_copper_slab":4,"minecraft:chiseled_deepslate":1,"minecraft:iron_block":15154,"minecraft:white_terracotta":128,"minecraft:gold_ingot":80551,"minecraft:light_gray_dye":3024,"minecraft:spruce_fence_gate":25,"minecraft:birch_stairs":120,"minecraft:packed_ice":975,"minecraft:waxed_cut_copper":345,"minecraft:yellow_concrete_powder":1984,"minecraft:stone_shovel":26,"minecraft:smooth_stone_slab":120,"minecraft:exposed_cut_copper":20,"minecraft:player_head":34,"minecraft:tinted_glass":1860,"minecraft:cut_copper_stairs":10,"minecraft:mossy_cobblestone_stairs":2,"minecraft:yellow_bed":8,"minecraft:bone_meal":76548,"minecraft:cyan_stained_glass":64,"minecraft:andesite_wall":30,"minecraft:pink_dye":18,"minecraft:white_carpet":2946,"minecraft:warped_trapdoor":124,"minecraft:netherite_axe":2,"minecraft:diamond":756,"minecraft:dark_oak_fence":69,"minecraft:detector_rail":54,"minecraft:ladder":333,"minecraft:spruce_slab":1366,"minecraft:diamond_boots":2,"minecraft:deepslate_tile_wall":12,"minecraft:redstone_block":696,"minecraft:dark_oak_planks":2068,"minecraft:golden_helmet":3,"minecraft:coal_block":235,"minecraft:daylight_detector":1,"minecraft:netherite_pickaxe":6,"minecraft:polished_blackstone_brick_slab":204,"minecraft:dried_kelp":690,"minecraft:magenta_stained_glass":32,"minecraft:red_bed":5,"minecraft:polished_granite":412,"minecraft:gray_concrete_powder":15752,"minecraft:waxed_exposed_copper":8,"minecraft:glowstone":17,"minecraft:white_stained_glass":2768,"minecraft:jungle_slab":354,"minecraft:polished_blackstone_brick_wall":1,"minecraft:golden_apple":1,"minecraft:acacia_sign":18,"minecraft:andesite_slab":144,"minecraft:oak_stairs":12,"minecraft:crimson_fence":42,"minecraft:iron_leggings":1,"minecraft:deepslate_tile_stairs":32,"minecraft:white_bed":21,"minecraft:brown_concrete":1624,"minecraft:lime_wool":10,"minecraft:brick":116,"minecraft:oak_planks":18516,"minecraft:cobblestone_stairs":16,"minecraft:warped_hyphae":195,"minecraft:spruce_pressure_plate":2,"minecraft:purpur_stairs":4,"minecraft:green_dye":1489,"minecraft:hopper":2103,"minecraft:iron_boots":1,"minecraft:raw_copper":544,"minecraft:blackstone_wall":40,"minecraft:weathered_cut_copper":16,"minecraft:cyan_terracotta":17800,"minecraft:yellow_banner":12,"minecraft:golden_sword":1,"minecraft:waxed_exposed_cut_copper":16,"minecraft:honeycomb_block":196,"minecraft:raw_iron_block":158,"minecraft:smoker":16,"minecraft:quartz_stairs":4,"minecraft:item_frame":155,"minecraft:oak_slab":126,"minecraft:acacia_wood":60,"minecraft:crafting_table":39,"minecraft:spruce_planks":21688,"minecraft:brown_stained_glass_pane":160,"minecraft:wooden_pickaxe":1,"minecraft:gold_block":6032,"minecraft:hopper_minecart":76,"minecraft:brewing_stand":7,"minecraft:birch_planks":8412,"minecraft:pumpkin_seeds":4,"minecraft:diorite":1472,"minecraft:dark_oak_slab":294,"minecraft:book":76,"minecraft:iron_chestplate":1,"minecraft:paper":42384,"minecraft:charcoal":12,"minecraft:diamond_pickaxe":5,"minecraft:shield":2,"minecraft:warped_slab":1653,"minecraft:light_weighted_pressure_plate":147,"minecraft:birch_fence":48,"minecraft:light_blue_dye":4,"minecraft:netherite_hoe":1,"minecraft:stone_sword":1,"minecraft:snow_block":5560,"minecraft:redstone_torch":3079,"minecraft:polished_blackstone_brick_stairs":4,"minecraft:gray_carpet":846,"minecraft:light_gray_carpet":462,"minecraft:light_gray_stained_glass_pane":496,"minecraft:shears":58,"minecraft:green_carpet":285,"minecraft:crimson_hyphae":24,"minecraft:polished_andesite":832,"minecraft:coarse_dirt":16,"minecraft:gray_glazed_terracotta":192,"minecraft:cobbled_deepslate_slab":28,"minecraft:cookie":296,"minecraft:redstone":15198,"minecraft:raw_iron":1296,"minecraft:coal":999,"minecraft:light_gray_stained_glass":2560,"minecraft:popped_chorus_fruit":575,"minecraft:stone_button":135,"minecraft:dark_oak_trapdoor":164,"minecraft:jungle_trapdoor":6,"minecraft:gray_dye":3634,"minecraft:waxed_weathered_copper":15,"minecraft:diamond_block":193,"minecraft:warped_fence":3,"minecraft:blue_ice":36,"minecraft:netherite_leggings":1,"minecraft:polished_deepslate":772,"minecraft:black_terracotta":448,"minecraft:iron_axe":4,"minecraft:spruce_wood":6,"minecraft:iron_hoe":1,"minecraft:slime_ball":414,"minecraft:lime_dye":620,"minecraft:warped_button":2,"minecraft:netherite_scrap":83,"minecraft:minecart":185,"minecraft:observer":691,"minecraft:cooked_beef":36,"minecraft:sugar":75,"minecraft:red_dye":81,"minecraft:bone_block":6044,"minecraft:crimson_planks":5064,"minecraft:diamond_sword":3,"minecraft:cyan_dye":2298,"minecraft:spruce_sign":12,"minecraft:dark_oak_stairs":60,"minecraft:powered_rail":984,"minecraft:activator_rail":6,"minecraft:yellow_carpet":863,"minecraft:waxed_weathered_cut_copper_stairs":6,"minecraft:smooth_sandstone":342,"minecraft:nether_bricks":3930,"minecraft:bucket":123,"minecraft:stone_axe":1,"minecraft:amethyst_block":78,"minecraft:brown_terracotta":5864,"minecraft:air":0,"minecraft:blue_dye":1230,"minecraft:black_stained_glass":5288,"minecraft:cut_copper":335,"minecraft:oak_boat":9,"minecraft:smooth_sandstone_slab":24,"minecraft:white_wool":5991,"minecraft:gold_nugget":18212,"minecraft:raw_gold":99,"minecraft:brown_wool":1248,"minecraft:green_wool":255,"minecraft:acacia_planks":3156,"minecraft:end_crystal":4,"minecraft:blackstone_slab":48,"minecraft:lapis_block":55,"minecraft:clay":216,"minecraft:carrot_on_a_stick":2,"minecraft:firework_rocket":122532},"minecraft:dropped":{"minecraft:iron_sword":4,"minecraft:porkchop":38,"minecraft:lapis_lazuli":75,"minecraft:glass_bottle":34,"minecraft:diamond":120,"minecraft:crafting_table":2,"minecraft:warped_roots":135,"minecraft:emerald":34,"minecraft:red_bed":4,"minecraft:black_stained_glass_pane":128,"minecraft:dark_oak_trapdoor":1,"minecraft:netherite_boots":1,"minecraft:writable_book":1,"minecraft:gold_nugget":2387,"minecraft:sand":596,"minecraft:dark_oak_planks":4,"minecraft:white_wool":87,"minecraft:diamond_block":8,"minecraft:lever":19,"minecraft:iron_nugget":11,"minecraft:cooked_chicken":10,"minecraft:cobbled_deepslate":191,"minecraft:tinted_glass":5,"minecraft:wheat":1,"minecraft:netherite_sword":4,"minecraft:obsidian":177,"minecraft:grindstone":1,"minecraft:rotten_flesh":8676,"minecraft:oak_planks":12,"minecraft:glowstone_dust":24,"minecraft:warped_sign":8,"minecraft:golden_shovel":3,"minecraft:azure_bluet":2,"minecraft:warped_planks":66,"minecraft:sea_lantern":8,"minecraft:coal_ore":15,"minecraft:jungle_log":45,"minecraft:leather_boots":10,"minecraft:acacia_sapling":40,"minecraft:leather_leggings":17,"minecraft:glass":74,"minecraft:warped_wart_block":717,"minecraft:golden_boots":15,"minecraft:black_dye":104,"minecraft:wheat_seeds":3242,"minecraft:clock":8,"minecraft:smooth_quartz_stairs":2,"minecraft:cobbled_deepslate_wall":5,"minecraft:prismarine_crystals":2,"minecraft:deepslate_tile_slab":20,"minecraft:golden_apple":37,"minecraft:coal_block":64,"minecraft:acacia_sign":4,"minecraft:diamond_horse_armor":1,"minecraft:ink_sac":1,"minecraft:cooked_salmon":2,"minecraft:potion":7,"minecraft:oak_stairs":28,"minecraft:white_banner":1,"minecraft:jungle_boat":1,"minecraft:smooth_stone":66,"minecraft:chainmail_leggings":3,"minecraft:lily_pad":1,"minecraft:stone_brick_slab":1,"minecraft:snow_block":2,"minecraft:bricks":108,"minecraft:soul_soil":7,"minecraft:player_head":24,"minecraft:cocoa_beans":6,"minecraft:green_bed":1,"minecraft:stone_shovel":16,"minecraft:white_carpet":6,"minecraft:iron_boots":5,"minecraft:white_terracotta":65,"minecraft:cobbled_deepslate_slab":17,"minecraft:oak_sign":9,"minecraft:shears":2,"minecraft:diamond_sword":2,"minecraft:spruce_boat":1,"minecraft:waxed_cut_copper":1,"minecraft:spruce_trapdoor":4,"minecraft:spruce_planks":257,"minecraft:diamond_pickaxe":3,"minecraft:andesite_stairs":27,"minecraft:redstone_torch":4,"minecraft:stone_pressure_plate":7,"minecraft:stone_bricks":9,"minecraft:bamboo":601,"minecraft:sandstone":74,"minecraft:bow":101,"minecraft:magma_block":20,"minecraft:terracotta":131,"minecraft:soul_sand":13,"minecraft:moss_block":167,"minecraft:oak_log":112,"minecraft:ender_pearl":1333,"minecraft:leather":31,"minecraft:honeycomb":504,"minecraft:red_wool":258,"minecraft:iron_horse_armor":1,"minecraft:birch_slab":8,"minecraft:cod":20,"minecraft:cracked_polished_blackstone_bricks":209,"minecraft:redstone_lamp":4,"minecraft:packed_ice":24,"minecraft:ice":5,"minecraft:mutton":1,"minecraft:dark_oak_wood":2,"minecraft:snowball":66,"minecraft:gold_ingot":96,"minecraft:twisting_vines":4,"minecraft:andesite_slab":63,"minecraft:beetroot":2,"minecraft:leather_chestplate":12,"minecraft:dropper":3,"minecraft:beetroot_seeds":4,"minecraft:iron_ore":8,"minecraft:iron_bars":1,"minecraft:scaffolding":260,"minecraft:polished_granite":131,"minecraft:splash_potion":4,"minecraft:vine":211,"minecraft:golden_helmet":17,"minecraft:netherite_axe":5,"minecraft:amethyst_block":1,"minecraft:acacia_log":10,"minecraft:iron_block":574,"minecraft:white_concrete":3,"minecraft:light_gray_stained_glass":32,"minecraft:granite_slab":126,"minecraft:polished_blackstone_brick_slab":88,"minecraft:polished_basalt":122,"minecraft:cactus":1809,"minecraft:kelp":313,"minecraft:oak_trapdoor":1,"minecraft:lime_concrete":1,"minecraft:shulker_box":14,"minecraft:netherite_leggings":1,"minecraft:andesite":404,"minecraft:golden_leggings":26,"minecraft:oak_sapling":23,"minecraft:gray_concrete_powder":33,"minecraft:spruce_log":46,"minecraft:magma_cream":89,"minecraft:amethyst_cluster":1,"minecraft:brick":12,"minecraft:clay":8,"minecraft:piston":58,"minecraft:cooked_beef":77,"minecraft:sandstone_stairs":106,"minecraft:crossbow":1,"minecraft:orange_tulip":1,"minecraft:cookie":19,"minecraft:saddle":10,"minecraft:elytra":12,"minecraft:rail":156,"minecraft:leather_helmet":5,"minecraft:item_frame":4,"minecraft:dirt":1336,"minecraft:grass":6,"minecraft:stone_button":216,"minecraft:chain":3,"minecraft:jungle_sapling":1,"minecraft:bone_meal":4613,"minecraft:phantom_membrane":4,"minecraft:sugar":26,"minecraft:iron_pickaxe":8,"minecraft:end_crystal":62,"minecraft:bone":1178,"minecraft:sugar_cane":25,"minecraft:golden_chestplate":14,"minecraft:nether_brick":40,"minecraft:deepslate_brick_slab":42,"minecraft:netherite_shovel":3,"minecraft:end_stone":12,"minecraft:jungle_trapdoor":5,"minecraft:white_bed":6,"minecraft:salmon":1,"minecraft:deepslate_tiles":50,"minecraft:honey_block":5,"minecraft:ladder":10,"minecraft:white_dye":36,"minecraft:spruce_slab":1,"minecraft:end_stone_bricks":6,"minecraft:egg":23,"minecraft:enchanted_book":2,"minecraft:iron_ingot":127,"minecraft:netherite_pickaxe":3,"minecraft:polished_blackstone":1,"minecraft:yellow_terracotta":64,"minecraft:iron_helmet":4,"minecraft:oak_fence":2,"minecraft:feather":9,"minecraft:cobblestone":2838,"minecraft:apple":19,"minecraft:granite":296,"minecraft:polished_blackstone_button":3,"minecraft:chainmail_helmet":4,"minecraft:coal":35,"minecraft:end_rod":172,"minecraft:oxeye_daisy":5,"minecraft:golden_carrot":196,"minecraft:rabbit":1,"minecraft:diamond_helmet":3,"minecraft:dried_kelp":4,"minecraft:iron_shovel":5,"minecraft:paper":87,"minecraft:string":315,"minecraft:spruce_sapling":11,"minecraft:pink_tulip":2,"minecraft:furnace":2,"minecraft:moss_carpet":71,"minecraft:netherite_ingot":6,"minecraft:stone_sword":1,"minecraft:cobblestone_wall":1,"minecraft:dark_oak_sign":1,"minecraft:deepslate":1,"minecraft:smooth_stone_slab":105,"minecraft:bowl":1,"minecraft:chicken":4,"minecraft:slime_block":384,"minecraft:stone_slab":49,"minecraft:pumpkin_seeds":13,"minecraft:potato":297,"minecraft:cobblestone_slab":1,"minecraft:polished_granite_stairs":64,"minecraft:shroomlight":74,"minecraft:stone":1021,"minecraft:yellow_bed":1,"minecraft:carved_pumpkin":56,"minecraft:spider_eye":112,"minecraft:light_gray_dye":40,"minecraft:brown_carpet":10,"minecraft:birch_boat":1,"minecraft:red_tulip":1,"minecraft:black_wool":4,"minecraft:spruce_sign":3,"minecraft:warped_stem":17,"minecraft:birch_planks":28,"minecraft:diamond_axe":5,"minecraft:baked_potato":202,"minecraft:lantern":11,"minecraft:flint":94,"minecraft:spruce_leaves":7,"minecraft:cyan_terracotta":121,"minecraft:jungle_button":1,"minecraft:cut_sandstone":1,"minecraft:amethyst_shard":5,"minecraft:polished_blackstone_bricks":163,"minecraft:birch_log":140,"minecraft:black_stained_glass":8,"minecraft:gravel":241,"minecraft:white_tulip":1,"minecraft:blackstone":470,"minecraft:yellow_wool":64,"minecraft:diamond_shovel":2,"minecraft:stone_stairs":2,"minecraft:honey_bottle":2,"minecraft:carrot":3236,"minecraft:chainmail_chestplate":3,"minecraft:poppy":1003,"minecraft:rabbit_hide":1,"minecraft:gunpowder":152,"minecraft:glowstone":3,"minecraft:chainmail_boots":5,"minecraft:chest":4,"minecraft:basalt":2,"minecraft:arrow":6491,"minecraft:powered_rail":2,"minecraft:prismarine_bricks":1,"minecraft:quartz":48,"minecraft:written_book":1,"minecraft:oak_leaves":163,"minecraft:netherrack":3591,"minecraft:firework_rocket":1245,"minecraft:water_bucket":1,"minecraft:oak_slab":36,"minecraft:mossy_cobblestone":3,"minecraft:minecart":1,"minecraft:diamond_leggings":1,"minecraft:poisonous_potato":1,"minecraft:lead":14,"minecraft:spectral_arrow":284,"minecraft:observer":76,"minecraft:copper_ingot":231,"minecraft:grass_block":457,"minecraft:stick":1021,"minecraft:deepslate_brick_stairs":20,"minecraft:diorite":453,"minecraft:light_blue_stained_glass":1,"minecraft:torch":281,"minecraft:smooth_quartz":59,"minecraft:map":30,"minecraft:iron_leggings":5,"minecraft:wither_rose":128,"minecraft:flowering_azalea":2,"minecraft:iron_axe":1,"minecraft:bucket":2,"minecraft:dandelion":3,"minecraft:smooth_basalt":47,"minecraft:redstone":59,"minecraft:anvil":4,"minecraft:gray_stained_glass":64,"minecraft:ender_chest":4,"minecraft:raw_copper":110,"minecraft:tuff":9,"minecraft:raw_iron":119,"minecraft:filled_map":2,"minecraft:shield":4,"minecraft:black_concrete_powder":65,"minecraft:orange_terracotta":37,"minecraft:mossy_stone_bricks":3,"minecraft:oak_boat":4,"minecraft:golden_sword":52,"minecraft:diamond_boots":2,"minecraft:slime_ball":156,"minecraft:beacon":1,"minecraft:stone_pickaxe":1,"minecraft:raw_gold":6,"minecraft:calcite":3,"minecraft:white_stained_glass":1},"minecraft:killed":{"minecraft:cod":8,"minecraft:skeleton_horse":1,"minecraft:iron_golem":13,"minecraft:ender_dragon":7,"minecraft:pillager":21,"minecraft:goat":18,"minecraft:zombie":640,"minecraft:endermite":19,"minecraft:snow_golem":1,"minecraft:husk":20,"minecraft:ravager":20,"minecraft:zombified_piglin":77,"minecraft:witch":6,"minecraft:spider":126,"minecraft:wither":1,"minecraft:bee":4,"minecraft:piglin":20,"minecraft:zombie_villager":7,"minecraft:sheep":11,"minecraft:trader_llama":1,"minecraft:ghast":36,"minecraft:slime":668,"minecraft:drowned":159,"minecraft:squid":26,"minecraft:wither_skeleton":48,"minecraft:player":3,"minecraft:shulker":195,"minecraft:skeleton":3482,"minecraft:chicken":28,"minecraft:magma_cube":990,"minecraft:glow_squid":14,"minecraft:cow":14,"minecraft:enderman":6935,"minecraft:pig":14,"minecraft:creeper":230,"minecraft:blaze":141,"minecraft:phantom":96,"minecraft:bat":6}},"DataVersion":2730}