{"stat.beaconInteraction":267,"stat.useItem.minecraft.bow":2115,"stat.useItem.minecraft.quartz_block":1551,"stat.useItem.minecraft.painting":80,"stat.killEntity.EntityHorse":9,"stat.craftItem.minecraft.diamond_hoe":3,"stat.leaveGame":2278,"achievement.killWither":117,"stat.useItem.minecraft.glowstone":2126,"stat.mineBlock.minecraft.sandstone":25180,"stat.craftItem.minecraft.ender_eye":108,"stat.mineBlock.minecraft.stained_glass":2017,"stat.killEntity.PigZombie":367,"stat.mineBlock.minecraft.web":43,"stat.craftItem.minecraft.stone_pressure_plate":140,"stat.entityKilledBy.PigZombie":2,"stat.mineBlock.minecraft.red_sandstone":459,"stat.useItem.minecraft.diamond_hoe":11985,"stat.useItem.minecraft.sandstone_stairs":197,"achievement.diamondsToYou":2,"stat.useItem.minecraft.activator_rail":6,"stat.craftItem.minecraft.stone_axe":1,"stat.useItem.minecraft.vine":289,"stat.craftItem.minecraft.noteblock":618,"stat.useItem.minecraft.rail":7421,"stat.killEntity.Enderman":3046,"stat.mineBlock.minecraft.wooden_slab":3798,"stat.useItem.minecraft.anvil":294,"stat.craftItem.minecraft.iron_shovel":33,"stat.mineBlock.minecraft.emerald_block":6,"achievement.buildPickaxe":267,"stat.killEntity.Witch":28,"stat.mineBlock.minecraft.end_stone":50,"stat.killEntity.Villager":33,"stat.useItem.minecraft.iron_pickaxe":1771,"stat.craftItem.minecraft.wooden_pickaxe":30,"stat.craftItem.minecraft.iron_door":36,"stat.useItem.minecraft.iron_shovel":1410,"stat.mineBlock.minecraft.brick_block":4,"stat.craftItem.minecraft.bed":14,"stat.craftItem.minecraft.glass_pane":688,"stat.useItem.minecraft.hardened_clay":1821,"stat.mineBlock.minecraft.hopper":1591,"stat.mineBlock.minecraft.vine":661,"stat.mineBlock.minecraft.sticky_piston":445,"stat.useItem.minecraft.nether_wart":3389,"stat.furnaceInteraction":460,"stat.useItem.minecraft.golden_carrot":4598,"stat.mineBlock.minecraft.rail":2829,"stat.useItem.minecraft.pumpkin_seeds":48,"stat.noteblockPlayed":125,"stat.useItem.minecraft.end_stone":25,"stat.useItem.minecraft.double_plant":83,"stat.mineBlock.minecraft.wooden_button":39,"stat.useItem.minecraft.red_sandstone":771,"stat.craftItem.minecraft.golden_leggings":5,"stat.useItem.minecraft.trapdoor":285,"stat.mineBlock.minecraft.stained_hardened_clay":10433,"stat.useItem.minecraft.stained_glass":8740,"stat.craftItem.minecraft.prismarine":1919,"stat.useItem.minecraft.fence":2542,"stat.useItem.minecraft.dark_oak_door":3,"stat.useItem.minecraft.acacia_fence":188,"stat.useItem.minecraft.ice":988,"achievement.openInventory":48764,"stat.craftItem.minecraft.daylight_detector":2,"stat.useItem.minecraft.cauldron":783,"stat.useItem.minecraft.flint_and_steel":221,"stat.mineBlock.minecraft.fence":1813,"stat.mineBlock.minecraft.sea_lantern":849,"stat.useItem.minecraft.wheat_seeds":28470,"stat.mineBlock.minecraft.dark_oak_fence_gate":2,"stat.useItem.minecraft.wooden_button":254,"stat.craftItem.minecraft.dropper":395,"stat.useItem.minecraft.dye":8146,"stat.mineBlock.minecraft.stone_slab2":55,"stat.breakItem.minecraft.diamond_boots":1,"stat.deaths":5698,"stat.craftItem.minecraft.melon_seeds":61,"stat.craftItem.minecraft.item_frame":98,"stat.craftItem.minecraft.wooden_shovel":56,"stat.mineBlock.minecraft.stone_pressure_plate":20,"stat.useItem.minecraft.nether_brick":10662,"stat.craftItem.minecraft.iron_pickaxe":9,"stat.craftItem.minecraft.repeater":905,"stat.useItem.minecraft.jukebox":1,"stat.craftItem.minecraft.cooked_mutton":108,"stat.mineBlock.minecraft.tallgrass":4417,"achievement.potion":262,"stat.chestOpened":24955,"stat.useItem.minecraft.lapis_ore":241,"stat.craftItem.minecraft.mushroom_stew":9,"stat.craftItem.minecraft.light_weighted_pressure_plate":1,"stat.craftItem.minecraft.sign":438,"stat.useItem.minecraft.stone":27935,"stat.useItem.minecraft.jungle_fence":332,"stat.useItem.minecraft.acacia_fence_gate":14,"stat.killEntity.Ghast":179,"stat.useItem.minecraft.ender_chest":172,"stat.craftItem.minecraft.quartz_block":2500,"stat.useItem.minecraft.clay":32,"stat.craftItem.minecraft.coal":1224,"stat.craftItem.minecraft.ender_chest":99,"stat.crouchOneCm":18775027,"achievement.killCow":214,"stat.mineBlock.minecraft.chest":1030,"stat.craftItem.minecraft.iron_ingot":46466,"stat.mineBlock.minecraft.hardened_clay":26005,"stat.craftItem.minecraft.hopper":3297,"stat.craftingTableInteraction":2346,"stat.useItem.minecraft.emerald_ore":9,"stat.mineBlock.minecraft.wooden_pressure_plate":29,"stat.mineBlock.minecraft.log2":17256,"stat.useItem.minecraft.dark_oak_fence":92,"stat.useItem.minecraft.reeds":122,"stat.craftItem.minecraft.nether_brick":232,"stat.mineBlock.minecraft.jungle_fence":72,"stat.craftItem.minecraft.diamond_shovel":32,"stat.mineBlock.minecraft.glass":1412,"stat.useItem.minecraft.enchanting_table":6,"stat.mineBlock.minecraft.ender_chest":131,"stat.mineBlock.minecraft.dirt":119703,"stat.flowerPotted":8,"stat.useItem.minecraft.bread":672,"stat.useItem.minecraft.cobblestone":43935,"stat.mineBlock.minecraft.activator_rail":3,"stat.craftItem.minecraft.leather_boots":17,"stat.useItem.minecraft.gravel":698,"stat.mineBlock.minecraft.double_plant":93,"stat.minecartOneCm":25552259,"stat.useItem.minecraft.yellow_flower":37,"stat.craftItem.minecraft.gold_ingot":28010,"stat.craftItem.minecraft.brewing_stand":36,"stat.useItem.minecraft.tallgrass":122,"stat.useItem.minecraft.fireworks":5,"stat.useItem.minecraft.glass_pane":607,"stat.breakItem.minecraft.stone_shovel":1,"achievement.portal":3850,"stat.craftItem.minecraft.bucket":636,"stat.useItem.minecraft.iron_sword":472,"stat.craftItem.minecraft.planks":93644,"stat.itemEnchanted":237,"stat.mineBlock.minecraft.prismarine":542,"stat.craftItem.minecraft.fishing_rod":10,"stat.useItem.minecraft.daylight_detector":2,"stat.useItem.minecraft.stonebrick":13475,"stat.mineBlock.minecraft.log":19533,"stat.craftItem.minecraft.wooden_door":48,"stat.mineBlock.minecraft.heavy_weighted_pressure_plate":1,"stat.mineBlock.minecraft.waterlily":329,"stat.useItem.minecraft.wooden_door":115,"stat.useItem.minecraft.spruce_door":19,"achievement.acquireIron":42,"stat.craftItem.minecraft.paper":10164,"stat.craftItem.minecraft.trapped_chest":473,"stat.craftItem.minecraft.spruce_door":24,"stat.cakeSlicesEaten":3,"stat.craftItem.minecraft.cooked_rabbit":1,"stat.craftItem.minecraft.diamond_leggings":6,"stat.mineBlock.minecraft.acacia_stairs":178,"stat.useItem.minecraft.iron_axe":1193,"stat.mineBlock.minecraft.pumpkin":75,"stat.mineBlock.minecraft.cobblestone":20328,"stat.useItem.minecraft.beacon":178,"stat.mineBlock.minecraft.yellow_flower":319,"stat.craftItem.minecraft.quartz_stairs":396,"stat.useItem.minecraft.skull":321,"stat.craftItem.minecraft.wool":1461,"stat.mineBlock.minecraft.stained_glass_pane":526,"stat.useItem.minecraft.snow":161,"achievement.buildWorkBench":257,"stat.useItem.minecraft.coal_block":26,"stat.craftItem.minecraft.arrow":36,"stat.mineBlock.minecraft.dropper":386,"stat.breakItem.minecraft.iron_pickaxe":6,"stat.useItem.minecraft.obsidian":1432,"stat.useItem.minecraft.cookie":1,"stat.useItem.minecraft.stone_slab2":194,"stat.craftItem.minecraft.dark_oak_door":12,"stat.craftItem.minecraft.furnace":938,"stat.craftItem.minecraft.lapis_block":167,"stat.mineBlock.minecraft.detector_rail":50,"stat.useItem.minecraft.egg":2092,"stat.craftItem.minecraft.iron_boots":45,"stat.craftItem.minecraft.cooked_beef":442,"stat.mineBlock.minecraft.obsidian":2422,"stat.craftItem.minecraft.bow":230,"stat.useItem.minecraft.spruce_fence_gate":56,"stat.mineBlock.minecraft.clay":116,"stat.mineBlock.minecraft.noteblock":166,"stat.craftItem.minecraft.red_sandstone_stairs":4,"stat.useItem.minecraft.brick_block":4,"stat.flyOneCm":36458156,"stat.craftItem.minecraft.furnace_minecart":9,"stat.craftItem.minecraft.stained_glass":9488,"stat.craftItem.minecraft.emerald_block":14,"stat.timeSinceDeath":49447,"stat.craftItem.minecraft.painting":6,"stat.cauldronFilled":7,"stat.useItem.minecraft.wooden_slab":31211,"stat.craftItem.minecraft.beacon":57,"stat.useItem.minecraft.iron_door":24,"stat.craftItem.minecraft.iron_block":2395,"stat.killEntity.Bat":47,"stat.craftItem.minecraft.stonebrick":18866,"stat.breakItem.minecraft.diamond_pickaxe":6,"stat.useItem.minecraft.potato":6414,"stat.mineBlock.minecraft.enchanting_table":2,"stat.killEntity.Wolf":5,"stat.mineBlock.minecraft.coal_ore":7137,"stat.killEntity.Creeper":578,"stat.useItem.minecraft.armor_stand":28,"stat.talkedToVillager":1022,"stat.breakItem.minecraft.iron_sword":1,"stat.craftItem.minecraft.stone_hoe":4,"stat.mineBlock.minecraft.red_mushroom_block":99,"stat.craftItem.minecraft.golden_helmet":2,"stat.craftItem.minecraft.jungle_stairs":268,"stat.mineBlock.minecraft.ladder":1011,"stat.entityKilledBy.Skeleton":4946,"achievement.buildSword":125,"stat.useItem.minecraft.written_book":37,"stat.useItem.minecraft.dropper":704,"stat.killEntity.Squid":60,"stat.useItem.minecraft.diamond_shovel":191811,"stat.sprintOneCm":177040263,"stat.useItem.minecraft.hay_block":102,"stat.mineBlock.minecraft.stone_slab":22483,"stat.breakItem.minecraft.diamond_helmet":1,"stat.useItem.minecraft.snowball":167,"stat.mineBlock.minecraft.diamond_ore":741,"stat.useItem.minecraft.brown_mushroom_block":114,"stat.craftItem.minecraft.wooden_pressure_plate":114,"stat.craftItem.minecraft.speckled_melon":64,"stat.craftItem.minecraft.redstone_lamp":774,"achievement.killEnemy":12580,"stat.craftItem.minecraft.golden_sword":1,"stat.craftItem.minecraft.leather_chestplate":19,"stat.useItem.minecraft.banner":612,"stat.breakItem.minecraft.iron_shovel":4,"stat.useItem.minecraft.ladder":5071,"stat.useItem.minecraft.diamond_ore":296,"stat.craftItem.minecraft.emerald":1273,"stat.killEntity.Zombie":1203,"stat.craftItem.minecraft.dye":42950,"stat.useItem.minecraft.birch_stairs":989,"stat.craftItem.minecraft.sandstone_stairs":224,"stat.craftItem.minecraft.diamond_axe":13,"stat.mineBlock.minecraft.gold_ore":599,"stat.craftItem.minecraft.slime_ball":1035,"stat.diveOneCm":2547849,"stat.craftItem.minecraft.sandstone":2642,"stat.mineBlock.minecraft.mossy_cobblestone":39,"stat.useItem.minecraft.sticky_piston":1200,"stat.craftItem.minecraft.ladder":2970,"achievement.buildHoe":18,"stat.mineBlock.minecraft.stone_button":23,"stat.craftItem.minecraft.cooked_porkchop":166,"stat.useItem.minecraft.chicken":2,"stat.useItem.minecraft.heavy_weighted_pressure_plate":29,"stat.useItem.minecraft.rotten_flesh":433,"stat.craftItem.minecraft.diamond_sword":6,"stat.useItem.minecraft.iron_trapdoor":257,"stat.useItem.minecraft.sand":19874,"stat.jump":387110,"stat.breakItem.minecraft.chainmail_chestplate":1,"stat.craftItem.minecraft.lever":427,"stat.craftItem.minecraft.torch":10108,"stat.breakItem.minecraft.golden_leggings":1,"stat.useItem.minecraft.coal_ore":526,"achievement.makeBread":2557,"stat.mineBlock.minecraft.spruce_fence_gate":3,"stat.useItem.minecraft.dispenser":272,"stat.useItem.minecraft.glass":9016,"stat.useItem.minecraft.sapling":3923,"stat.mineBlock.minecraft.lapis_ore":737,"achievement.blazeRod":160,"stat.mineBlock.minecraft.glass_pane":34,"stat.brewingstandInteraction":202,"stat.damageTaken":1918418,"stat.useItem.minecraft.stone_brick_stairs":2418,"stat.mineBlock.minecraft.torch":3768,"stat.mineBlock.minecraft.red_flower":475,"stat.useItem.minecraft.gold_block":1141,"stat.tradedWithVillager":1422,"stat.useItem.minecraft.acacia_door":311,"stat.mineBlock.minecraft.sapling":427,"stat.noteblockTuned":62,"stat.mineBlock.minecraft.sandstone_stairs":43,"stat.craftItem.minecraft.comparator":855,"stat.craftItem.minecraft.sea_lantern":1536,"stat.craftItem.minecraft.glowstone":2632,"stat.useItem.minecraft.slime":2687,"stat.useItem.minecraft.birch_fence":277,"stat.mineBlock.minecraft.fence_gate":67,"stat.breakItem.minecraft.iron_leggings":8,"stat.entityKilledBy.Zombie":5,"stat.breakItem.minecraft.chainmail_leggings":1,"stat.useItem.minecraft.snow_layer":644,"stat.killEntity.Silverfish":1,"stat.entityKilledBy.LavaSlime":1,"stat.craftItem.minecraft.stone_slab":71090,"stat.mineBlock.minecraft.birch_fence":19,"stat.animalsBred":2316,"stat.useItem.minecraft.chest":2201,"stat.useItem.minecraft.pumpkin":580,"stat.useItem.minecraft.tnt":973,"stat.useItem.minecraft.gold_ore":112,"stat.useItem.minecraft.lava_bucket":774,"stat.useItem.minecraft.melon":10,"stat.craftItem.minecraft.wheat":208,"stat.useItem.minecraft.item_frame":156,"stat.useItem.minecraft.birch_fence_gate":1,"stat.craftItem.minecraft.iron_chestplate":26,"stat.useItem.minecraft.stained_hardened_clay":29638,"stat.useItem.minecraft.redstone_ore":943,"stat.breakItem.minecraft.stone_hoe":1,"stat.useItem.minecraft.netherrack":13937,"stat.craftItem.minecraft.stained_glass_pane":1904,"stat.mineBlock.minecraft.tnt":51,"stat.craftItem.minecraft.bookshelf":252,"stat.useItem.minecraft.tripwire_hook":426,"stat.mineBlock.minecraft.stonebrick":3119,"stat.mineBlock.minecraft.glowstone":729,"stat.mobKills":351930,"stat.mineBlock.minecraft.bookshelf":68,"stat.craftItem.minecraft.shears":312,"stat.useItem.minecraft.boat":15,"stat.craftItem.minecraft.lead":132,"stat.useItem.minecraft.mossy_cobblestone":38,"stat.craftItem.minecraft.golden_shovel":22,"stat.useItem.minecraft.cobblestone_wall":1228,"stat.breakItem.minecraft.diamond_shovel":4,"stat.breakItem.minecraft.chainmail_helmet":2,"stat.useItem.minecraft.writable_book":19,"achievement.bookcase":282,"stat.craftItem.minecraft.nether_brick_stairs":1852,"stat.craftItem.minecraft.spruce_stairs":1756,"stat.breakItem.minecraft.stone_sword":1,"stat.useItem.minecraft.string":2876,"stat.useItem.minecraft.bookshelf":288,"stat.craftItem.minecraft.iron_axe":8,"stat.useItem.minecraft.soul_sand":1316,"stat.useItem.minecraft.lead":1,"stat.killEntity.Blaze":2303,"stat.useItem.minecraft.planks":3591,"stat.useItem.minecraft.nether_brick_stairs":1926,"stat.mineBlock.minecraft.red_mushroom":71,"stat.useItem.minecraft.water_bucket":2026,"achievement.overpowered":153,"stat.mineBlock.minecraft.stone_brick_stairs":558,"stat.mineBlock.minecraft.nether_brick_fence":943,"stat.craftItem.minecraft.golden_apple":91,"stat.mineBlock.minecraft.jungle_fence_gate":1,"stat.useItem.minecraft.golden_sword":102,"stat.craftItem.minecraft.dark_oak_fence":93,"achievement.diamonds":406,"stat.craftItem.minecraft.lit_pumpkin":374,"stat.craftItem.minecraft.cobblestone_wall":1134,"stat.craftItem.minecraft.stone_sword":8,"stat.useItem.minecraft.brown_mushroom":13,"stat.useItem.minecraft.ender_pearl":886,"stat.mineBlock.minecraft.snow_layer":3134,"stat.mineBlock.minecraft.sand":66082,"stat.craftItem.minecraft.wooden_hoe":1,"stat.craftItem.minecraft.slime":2013,"achievement.buildBetterPickaxe":210,"stat.craftItem.minecraft.blaze_powder":737,"stat.useItem.minecraft.fence_gate":121,"stat.hopperInspected":2384,"stat.useItem.minecraft.spawn_egg":9,"stat.breakItem.minecraft.flint_and_steel":3,"stat.craftItem.minecraft.birch_door":9,"stat.trappedChestTriggered":7611,"achievement.breedCow":1048,"stat.craftItem.minecraft.magma_cream":8,"stat.useItem.minecraft.oak_stairs":895,"stat.craftItem.minecraft.golden_carrot":5414,"stat.craftItem.minecraft.acacia_stairs":444,"stat.mineBlock.minecraft.dark_oak_stairs":234,"stat.useItem.minecraft.dark_oak_stairs":1069,"stat.mineBlock.minecraft.lapis_block":24,"stat.mineBlock.minecraft.birch_stairs":276,"stat.useItem.minecraft.minecart":566,"stat.useItem.minecraft.cooked_mutton":112,"stat.useItem.minecraft.redstone":8033,"achievement.overkill":2845,"stat.mineBlock.minecraft.redstone_lamp":104,"achievement.mineWood":32496,"stat.useItem.minecraft.stone_stairs":470,"stat.craftItem.minecraft.fence_gate":93,"stat.useItem.minecraft.hopper":4784,"stat.mineBlock.minecraft.soul_sand":2358,"stat.mineBlock.minecraft.jungle_stairs":14,"stat.craftItem.minecraft.heavy_weighted_pressure_plate":37,"stat.mineBlock.minecraft.oak_stairs":168,"achievement.ghast":21,"stat.useItem.minecraft.furnace_minecart":9,"stat.playOneMinute":113306155,"stat.useItem.minecraft.jungle_stairs":266,"stat.useItem.minecraft.shears":4692,"stat.mineBlock.minecraft.brown_mushroom_block":201,"stat.useItem.minecraft.fish":51,"stat.mineBlock.minecraft.dark_oak_fence":75,"stat.craftItem.minecraft.carpet":5088,"stat.mineBlock.minecraft.netherrack":72584,"stat.mineBlock.minecraft.dispenser":104,"stat.mineBlock.minecraft.ice":3696,"stat.craftItem.minecraft.dark_oak_stairs":836,"stat.craftItem.minecraft.redstone_torch":5405,"stat.craftItem.minecraft.golden_rail":2262,"stat.useItem.minecraft.packed_ice":1742,"stat.useItem.minecraft.quartz_ore":2976,"stat.mineBlock.minecraft.gold_block":777,"stat.craftItem.minecraft.iron_hoe":4,"stat.breakItem.minecraft.leather_helmet":1,"stat.fallOneCm":17020533,"stat.useItem.minecraft.trapped_chest":611,"stat.craftItem.minecraft.chest":4927,"stat.useItem.minecraft.nether_brick_fence":1644,"stat.craftItem.minecraft.banner":725,"stat.mineBlock.minecraft.lever":112,"stat.useItem.minecraft.iron_hoe":761,"stat.dropperInspected":1768,"stat.useItem.minecraft.golden_rail":2646,"stat.craftItem.minecraft.detector_rail":204,"stat.craftItem.minecraft.wooden_button":318,"stat.useItem.minecraft.furnace":1200,"stat.mineBlock.minecraft.spruce_fence":184,"achievement.fullBeacon":128,"stat.mineBlock.minecraft.snow":40,"stat.craftItem.minecraft.dark_oak_fence_gate":11,"stat.mineBlock.minecraft.gravel":6390,"stat.useItem.minecraft.stone_pickaxe":276,"stat.craftItem.minecraft.birch_stairs":784,"stat.craftItem.minecraft.iron_leggings":33,"stat.useItem.minecraft.stone_sword":183,"stat.mineBlock.minecraft.beacon":126,"stat.killEntity.Rabbit":8,"stat.useItem.minecraft.wool":15082,"stat.craftItem.minecraft.oak_stairs":704,"stat.useItem.minecraft.iron_bars":933,"stat.mineBlock.minecraft.monster_egg":5,"stat.mineBlock.minecraft.quartz_stairs":207,"stat.useItem.minecraft.torch":16489,"stat.craftItem.minecraft.redstone_block":4856,"stat.craftItem.minecraft.stone_stairs":252,"stat.useItem.minecraft.log":3940,"stat.useItem.minecraft.comparator":1176,"stat.craftItem.minecraft.crafting_table":159,"stat.craftItem.minecraft.boat":9,"stat.killEntity.LavaSlime":621,"stat.mineBlock.minecraft.emerald_ore":17,"stat.useItem.minecraft.cooked_fish":9,"achievement.theEnd2":47,"stat.craftItem.minecraft.stone_button":266,"stat.mineBlock.minecraft.golden_rail":522,"stat.craftItem.minecraft.hopper_minecart":51,"stat.breakItem.minecraft.diamond_chestplate":1,"stat.breakItem.minecraft.iron_helmet":10,"stat.entityKilledBy.Enderman":1,"stat.mineBlock.minecraft.iron_block":5335,"stat.breakItem.minecraft.iron_chestplate":6,"stat.useItem.minecraft.birch_door":6,"stat.mineBlock.minecraft.tripwire_hook":32,"stat.craftItem.minecraft.snow":1334,"stat.useItem.minecraft.wooden_pressure_plate":118,"stat.craftItem.minecraft.cooked_chicken":19,"stat.useItem.minecraft.stone_hoe":245,"stat.craftItem.minecraft.flower_pot":9,"stat.craftItem.minecraft.sugar":28,"stat.craftItem.minecraft.golden_boots":5,"stat.mineBlock.minecraft.cobblestone_wall":202,"stat.craftItem.minecraft.spruce_fence_gate":76,"stat.useItem.minecraft.baked_potato":666,"stat.useItem.minecraft.brewing_stand":55,"stat.useItem.minecraft.fishing_rod":172,"stat.craftItem.minecraft.enchanting_table":3,"stat.craftItem.minecraft.jungle_door":3,"stat.craftItem.minecraft.diamond_chestplate":18,"stat.craftItem.minecraft.leather_leggings":22,"stat.useItem.minecraft.lapis_block":88,"stat.useItem.minecraft.mushroom_stew":9,"stat.craftItem.minecraft.sticky_piston":830,"stat.horseOneCm":79501,"stat.useItem.minecraft.repeater":1458,"stat.useItem.minecraft.log2":5349,"stat.mineBlock.minecraft.slime":1018,"stat.craftItem.minecraft.stone_brick_stairs":2020,"stat.mineBlock.minecraft.brown_mushroom":78,"stat.mineBlock.minecraft.acacia_fence":10,"stat.craftItem.minecraft.acacia_fence_gate":17,"stat.useItem.minecraft.diamond_sword":10592,"stat.craftItem.minecraft.diamond_helmet":8,"stat.craftItem.minecraft.iron_trapdoor":536,"stat.swimOneCm":4931734,"stat.climbOneCm":10095103,"stat.mineBlock.minecraft.spruce_stairs":637,"stat.craftItem.minecraft.gold_block":3099,"stat.craftItem.minecraft.golden_chestplate":7,"stat.enderchestOpened":1882,"stat.useItem.minecraft.redstone_torch":1386,"stat.useItem.minecraft.dirt":44571,"achievement.exploreAllBiomes":{"value":0,"progress":["Sunflower Plains","Birch Forest","Roofed Forest","MushroomIslandShore","Redwood Taiga Hills M","The End","Beach","Mega Taiga Hills","Extreme Hills+","River","Ocean","JungleEdge","Taiga","Mega Taiga","MushroomIsland","Swampland","Ice Mountains","Birch Forest Hills","Roofed Forest M","Mesa Plateau F","Mesa","ForestHills","Flower Forest","Plains","Mesa Plateau M","Ice Plains Spikes","TaigaHills","DesertHills","Stone Beach","Birch Forest M","Jungle","Ice Plains","Birch Forest Hills M","Forest","JungleHills","Desert","Extreme Hills","Mesa (Bryce)","Deep Ocean","Savanna","Hell"]},"stat.useItem.minecraft.red_flower":123,"stat.useItem.minecraft.leaves2":149,"stat.useItem.minecraft.iron_ore":91,"stat.useItem.minecraft.detector_rail":170,"stat.craftItem.minecraft.trapdoor":294,"stat.craftItem.minecraft.stone_pickaxe":29,"stat.mineBlock.minecraft.carpet":480,"stat.mineBlock.minecraft.redstone_block":908,"stat.useItem.minecraft.stone_shovel":132,"stat.craftItem.minecraft.glass_bottle":378,"stat.useItem.minecraft.red_mushroom":7,"stat.useItem.minecraft.cooked_beef":1086,"stat.craftItem.minecraft.wooden_slab":28142,"stat.craftItem.minecraft.dispenser":192,"stat.craftItem.minecraft.book":956,"stat.mineBlock.minecraft.iron_ore":3313,"stat.craftItem.minecraft.acacia_door":303,"stat.useItem.minecraft.sign":742,"achievement.theEnd":18,"stat.useItem.minecraft.noteblock":702,"stat.useItem.minecraft.lever":600,"stat.mineBlock.minecraft.coal_block":7,"stat.craftItem.minecraft.red_sandstone":597,"achievement.spawnWither":122,"stat.useItem.minecraft.cooked_porkchop":167,"stat.useItem.minecraft.acacia_stairs":576,"stat.mineBlock.minecraft.nether_brick":31128,"stat.craftItem.minecraft.acacia_fence":192,"stat.craftItem.minecraft.nether_brick_fence":1014,"stat.useItem.minecraft.chest_minecart":243,"stat.craftItem.minecraft.brick_block":17,"stat.useItem.minecraft.sea_lantern":4599,"stat.craftItem.minecraft.stone_slab2":162,"stat.craftItem.minecraft.snow_layer":720,"stat.useItem.minecraft.spruce_fence":477,"stat.craftItem.minecraft.chest_minecart":243,"stat.craftItem.minecraft.stick":20230,"stat.useItem.minecraft.stone_slab":87435,"stat.craftItem.minecraft.jungle_fence_gate":3,"stat.craftItem.minecraft.stained_hardened_clay":22128,"stat.useItem.minecraft.bed":29,"stat.craftItem.minecraft.gold_nugget":44285,"stat.craftItem.minecraft.stone":10437,"stat.craftItem.minecraft.armor_stand":44,"stat.mineBlock.minecraft.crafting_table":317,"stat.useItem.minecraft.stone_pressure_plate":100,"stat.useItem.minecraft.diamond_pickaxe":608448,"stat.mineBlock.minecraft.quartz_block":596,"stat.breakItem.minecraft.iron_hoe":3,"stat.killEntity.Endermite":11,"stat.useItem.minecraft.carrot":12562,"stat.useItem.minecraft.ender_eye":9,"stat.useItem.minecraft.bucket":4286,"stat.entityKilledBy.Creeper":1,"stat.breakItem.minecraft.shears":49,"achievement.buildFurnace":1837,"stat.mineBlock.minecraft.planks":1043,"stat.drop":2566,"stat.killEntity.Sheep":151,"stat.craftItem.minecraft.diamond_pickaxe":113,"stat.useItem.minecraft.melon_seeds":47,"stat.craftItem.minecraft.clay":74,"stat.craftItem.minecraft.jukebox":1,"stat.craftItem.minecraft.piston":1846,"stat.useItem.minecraft.quartz_stairs":575,"stat.useItem.minecraft.glass_bottle":1081,"stat.killEntity.Slime":2907,"stat.mineBlock.minecraft.anvil":70,"stat.useItem.minecraft.diamond_axe":50632,"stat.useItem.minecraft.waterlily":132,"stat.useItem.minecraft.apple":48,"stat.mineBlock.minecraft.deadbush":16,"stat.useItem.minecraft.carpet":5536,"stat.useItem.minecraft.potion":240,"stat.useItem.minecraft.stained_glass_pane":1630,"stat.craftItem.minecraft.brick_stairs":4,"stat.useItem.minecraft.flower_pot":12,"stat.useItem.minecraft.wooden_hoe":16,"stat.useItem.minecraft.stone_axe":90,"stat.useItem.minecraft.piston":1145,"stat.craftItem.minecraft.bread":1280,"stat.useItem.minecraft.stone_button":219,"stat.craftItem.minecraft.iron_helmet":40,"stat.craftItem.minecraft.rail":4123,"stat.useItem.minecraft.cooked_chicken":67,"achievement.onARail":3363,"stat.boatOneCm":247444,"stat.mineBlock.minecraft.iron_bars":384,"stat.craftItem.minecraft.flint_and_steel":18,"stat.useItem.minecraft.redstone_lamp":796,"stat.mineBlock.minecraft.leaves2":7149,"stat.mineBlock.minecraft.stone_stairs":297,"stat.craftItem.minecraft.activator_rail":30,"stat.craftItem.minecraft.iron_bars":1168,"stat.mineBlock.minecraft.furnace":472,"stat.dispenserInspected":294,"stat.useItem.minecraft.wooden_pickaxe":15,"stat.killEntity.CaveSpider":45,"stat.craftItem.minecraft.netherbrick":443,"stat.craftItem.minecraft.birch_fence":282,"stat.damageDealt":1866185,"stat.craftItem.minecraft.glass":3483,"stat.craftItem.minecraft.cauldron":972,"stat.craftItem.minecraft.bowl":16,"stat.craftItem.minecraft.baked_potato":661,"stat.craftItem.minecraft.anvil":270,"stat.mineBlock.minecraft.nether_brick_stairs":187,"stat.killEntity.Cow":544,"stat.useItem.minecraft.crafting_table":383,"stat.killEntity.Pig":114,"stat.craftItem.minecraft.iron_sword":54,"stat.craftItem.minecraft.stone_shovel":38,"stat.breakItem.minecraft.fishing_rod":3,"stat.walkOneCm":456453137,"stat.playerKills":38,"achievement.enchantments":2,"stat.mineBlock.minecraft.trapped_chest":144,"stat.useItem.minecraft.dark_oak_fence_gate":6,"stat.useItem.minecraft.emerald_block":20,"stat.breakItem.minecraft.stone_pickaxe":2,"stat.craftItem.minecraft.birch_fence_gate":4,"stat.craftItem.minecraft.writable_book":38,"stat.craftItem.minecraft.diamond_boots":17,"stat.useItem.minecraft.redstone_block":2230,"stat.useItem.minecraft.spruce_stairs":2219,"stat.mineBlock.minecraft.wool":1501,"stat.craftItem.minecraft.hay_block":123,"stat.craftItem.minecraft.redstone":21296,"stat.useItem.minecraft.red_mushroom_block":6,"stat.mineBlock.minecraft.packed_ice":2645,"stat.useItem.minecraft.leaves":1950,"stat.craftItem.minecraft.minecart":323,"stat.useItem.minecraft.cactus":575,"stat.useItem.minecraft.prismarine":2878,"stat.killEntity.Skeleton":964,"stat.mineBlock.minecraft.cactus":42,"stat.killEntity.Chicken":114,"stat.mineBlock.minecraft.redstone_torch":207,"stat.useItem.minecraft.iron_block":24036,"stat.killEntity.Spider":288,"stat.mineBlock.minecraft.quartz_ore":8891,"stat.craftItem.minecraft.tnt":2428,"stat.craftItem.minecraft.spruce_fence":351,"stat.craftItem.minecraft.fence":1188,"stat.craftItem.minecraft.jungle_fence":363,"stat.useItem.minecraft.golden_apple":29,"stat.breakItem.minecraft.iron_axe":3,"stat.useItem.minecraft.hopper_minecart":51,"stat.mineBlock.minecraft.leaves":9082,"stat.mineBlock.minecraft.piston":297,"stat.mineBlock.minecraft.redstone_ore":3247,"stat.craftItem.minecraft.coal_block":454,"stat.mineBlock.minecraft.hay_block":35,"stat.craftItem.minecraft.tripwire_hook":930,"stat.craftItem.minecraft.brick":101,"stat.mineBlock.minecraft.stone":345128,"stat.useItem.minecraft.sandstone":9149}