{"stat.chestOpened":21,"stat.walkOneCm":263423,"stat.trappedChestTriggered":4,"stat.playerKills":12,"stat.horseOneCm":456,"stat.leaveGame":344,"stat.craftItem.minecraft.golden_carrot":8,"stat.useItem.minecraft.skull":7,"stat.useItem.minecraft.cooked_fish":1,"stat.jump":269,"stat.swimOneCm":199600,"stat.fallOneCm":24850,"stat.climbOneCm":907,"stat.useItem.minecraft.milk_bucket":1,"stat.crouchOneCm":3149,"stat.mineBlock.minecraft.chest":6,"stat.useItem.minecraft.spruce_fence":2,"stat.useItem.minecraft.dirt":1,"stat.sprintOneCm":77727,"achievement.exploreAllBiomes":{"value":0,"progress":["Cold Taiga","Sunflower Plains","Birch Forest","Roofed Forest","Extreme Hills M","MushroomIslandShore","The End","Mesa Plateau F M","Beach","FrozenRiver","Extreme Hills+","River","Ocean","Taiga","MushroomIsland","Swampland","Ice Mountains","Birch Forest Hills","Mesa Plateau F","Mesa","ForestHills","Flower Forest","Plains","Mesa Plateau M","Ice Plains Spikes","TaigaHills","DesertHills","Ice Plains","Forest","Desert","Extreme Hills","Savanna M","Mesa (Bryce)","Deep Ocean","Savanna","Hell"]},"stat.craftItem.minecraft.wooden_axe":1,"stat.craftingTableInteraction":3,"achievement.openInventory":104,"stat.useItem.minecraft.iron_sword":40,"stat.craftItem.minecraft.planks":20,"stat.craftItem.minecraft.gold_nugget":63,"stat.damageTaken":2660,"stat.mineBlock.minecraft.torch":1,"stat.craftItem.minecraft.spruce_fence":6,"stat.mobKills":1,"stat.mineBlock.minecraft.spruce_fence":1,"stat.flyOneCm":31551205,"stat.deaths":4,"stat.drop":4,"stat.playOneMinute":21247816,"stat.useItem.minecraft.cooked_beef":3,"stat.damageDealt":3270,"stat.killEntity.Zombie":1,"stat.timeSinceDeath":6480,"stat.hopperInspected":1,"stat.useItem.minecraft.wooden_axe":6,"stat.mineBlock.minecraft.dirt":1,"stat.diveOneCm":297201}