{"stat.beaconInteraction":3,"stat.useItem.minecraft.bow":415,"stat.useItem.minecraft.quartz_block":768,"stat.useItem.minecraft.painting":6,"stat.leaveGame":242,"achievement.killWither":64,"stat.useItem.minecraft.glowstone":186,"stat.mineBlock.minecraft.sandstone":61,"stat.craftItem.minecraft.ender_eye":3,"stat.killEntity.PigZombie":4,"stat.mineBlock.minecraft.stained_glass":172,"stat.craftItem.minecraft.stone_pressure_plate":4,"stat.mineBlock.minecraft.web":41,"stat.entityKilledBy.PigZombie":1,"stat.useItem.minecraft.rail":62,"stat.killEntity.Enderman":3136,"stat.mineBlock.minecraft.wooden_slab":10,"stat.useItem.minecraft.anvil":8,"stat.mineBlock.minecraft.emerald_block":6,"stat.craftItem.minecraft.iron_shovel":9,"achievement.buildPickaxe":65,"stat.killEntity.Witch":10,"stat.useItem.minecraft.spider_eye":1,"stat.useItem.minecraft.iron_pickaxe":9229,"stat.craftItem.minecraft.iron_door":9,"stat.useItem.minecraft.iron_shovel":3415,"stat.craftItem.minecraft.bed":2,"stat.craftItem.minecraft.glass_pane":144,"stat.useItem.minecraft.hardened_clay":15,"stat.furnaceInteraction":732,"stat.useItem.minecraft.nether_wart":10,"stat.mineBlock.minecraft.rail":2,"stat.useItem.minecraft.trapdoor":4,"stat.mineBlock.minecraft.stained_hardened_clay":1698,"stat.useItem.minecraft.stained_glass":293,"stat.useItem.minecraft.fence":203,"achievement.openInventory":6318,"stat.useItem.minecraft.flint_and_steel":3,"stat.mineBlock.minecraft.fence":64,"stat.useItem.minecraft.wheat_seeds":561,"stat.mineBlock.minecraft.sea_lantern":33,"stat.craftItem.minecraft.dropper":16,"stat.useItem.minecraft.dye":842,"stat.deaths":14,"stat.craftItem.minecraft.item_frame":70,"stat.craftItem.minecraft.wooden_shovel":19,"stat.useItem.minecraft.nether_brick":65,"stat.craftItem.minecraft.iron_pickaxe":27,"stat.craftItem.minecraft.repeater":9,"stat.useItem.minecraft.jukebox":1,"stat.mineBlock.minecraft.tallgrass":173,"achievement.potion":15,"stat.chestOpened":6542,"stat.useItem.minecraft.lapis_ore":63,"stat.craftItem.minecraft.sign":24,"stat.useItem.minecraft.stone":2942,"stat.killEntity.Ghast":11,"stat.useItem.minecraft.ender_chest":9,"stat.craftItem.minecraft.quartz_block":1512,"stat.craftItem.minecraft.coal":294,"stat.craftItem.minecraft.ender_chest":3,"stat.crouchOneCm":2584677,"achievement.killCow":97,"stat.craftItem.minecraft.diamond":81,"stat.mineBlock.minecraft.chest":47,"stat.craftItem.minecraft.iron_ingot":1560,"stat.mineBlock.minecraft.hardened_clay":1333,"stat.craftItem.minecraft.hopper":2,"stat.craftingTableInteraction":695,"stat.mineBlock.minecraft.log2":292,"stat.craftItem.minecraft.wooden_sword":1,"stat.craftItem.minecraft.diamond_shovel":6,"stat.mineBlock.minecraft.glass":46,"stat.useItem.minecraft.enchanting_table":5,"stat.mineBlock.minecraft.ender_chest":6,"stat.mineBlock.minecraft.dirt":7558,"stat.flowerPotted":23,"stat.useItem.minecraft.bread":9,"stat.useItem.minecraft.cobblestone":9690,"stat.useItem.minecraft.gravel":165,"stat.mineBlock.minecraft.double_plant":25,"stat.minecartOneCm":5301384,"stat.craftItem.minecraft.gold_ingot":486,"stat.craftItem.minecraft.brewing_stand":5,"stat.useItem.minecraft.tallgrass":32,"stat.useItem.minecraft.glass_pane":110,"achievement.portal":395,"stat.craftItem.minecraft.bucket":10,"stat.useItem.minecraft.iron_sword":1521,"stat.craftItem.minecraft.planks":4256,"stat.itemEnchanted":243,"stat.mineBlock.minecraft.prismarine":2,"stat.craftItem.minecraft.dirt":256,"stat.useItem.minecraft.stonebrick":1541,"stat.mineBlock.minecraft.log":1607,"stat.craftItem.minecraft.wooden_door":6,"stat.mineBlock.minecraft.heavy_weighted_pressure_plate":1,"stat.mineBlock.minecraft.waterlily":65,"stat.useItem.minecraft.wooden_door":3,"achievement.acquireIron":25,"stat.craftItem.minecraft.paper":768,"stat.craftItem.minecraft.trapped_chest":10,"stat.craftItem.minecraft.diamond_leggings":2,"stat.useItem.minecraft.iron_axe":1636,"stat.mineBlock.minecraft.cobblestone":2916,"stat.useItem.minecraft.beacon":2,"stat.mineBlock.minecraft.yellow_flower":3,"stat.craftItem.minecraft.quartz_stairs":380,"stat.useItem.minecraft.skull":12,"achievement.buildWorkBench":38,"stat.useItem.minecraft.coal_block":23,"stat.craftItem.minecraft.arrow":96,"stat.breakItem.minecraft.iron_pickaxe":9,"stat.useItem.minecraft.obsidian":37,"stat.craftItem.minecraft.furnace":24,"stat.craftItem.minecraft.lapis_block":125,"stat.useItem.minecraft.egg":234,"stat.craftItem.minecraft.iron_boots":4,"stat.craftItem.minecraft.cooked_beef":304,"stat.mineBlock.minecraft.obsidian":97,"stat.craftItem.minecraft.bow":7,"stat.mineBlock.minecraft.clay":38,"stat.flyOneCm":8937745,"stat.craftItem.minecraft.stained_glass":264,"stat.craftItem.minecraft.emerald_block":7,"stat.timeSinceDeath":57,"stat.craftItem.minecraft.painting":8,"stat.useItem.minecraft.wooden_slab":257,"stat.craftItem.minecraft.beacon":2,"stat.useItem.minecraft.iron_door":5,"stat.craftItem.minecraft.iron_block":70,"stat.killEntity.Bat":2,"stat.craftItem.minecraft.stonebrick":4209,"stat.breakItem.minecraft.diamond_pickaxe":1,"stat.useItem.minecraft.potato":234,"stat.mineBlock.minecraft.enchanting_table":3,"stat.mineBlock.minecraft.coal_ore":1732,"stat.killEntity.Creeper":95,"stat.useItem.minecraft.armor_stand":14,"stat.talkedToVillager":66,"stat.mineBlock.minecraft.ladder":40,"stat.useItem.minecraft.milk_bucket":2,"achievement.buildSword":30,"stat.useItem.minecraft.written_book":19,"stat.useItem.minecraft.dropper":16,"stat.killEntity.Squid":16,"stat.useItem.minecraft.diamond_shovel":5333,"stat.useItem.minecraft.diamond_block":10,"stat.sprintOneCm":22486381,"stat.mineBlock.minecraft.stone_slab":450,"stat.useItem.minecraft.snowball":19,"stat.mineBlock.minecraft.diamond_ore":191,"achievement.killEnemy":4244,"stat.craftItem.minecraft.golden_sword":1,"stat.useItem.minecraft.wooden_sword":19,"stat.breakItem.minecraft.iron_shovel":7,"stat.useItem.minecraft.ladder":107,"stat.useItem.minecraft.diamond_ore":74,"stat.craftItem.minecraft.emerald":149,"stat.killEntity.Zombie":252,"stat.craftItem.minecraft.dye":2140,"stat.craftItem.minecraft.diamond_axe":2,"stat.mineBlock.minecraft.gold_ore":164,"stat.diveOneCm":493951,"stat.mineBlock.minecraft.mossy_cobblestone":1,"stat.useItem.minecraft.sticky_piston":1,"stat.craftItem.minecraft.ladder":120,"achievement.buildHoe":1,"stat.useItem.minecraft.heavy_weighted_pressure_plate":6,"stat.useItem.minecraft.rotten_flesh":108,"stat.craftItem.minecraft.diamond_sword":6,"stat.jump":49090,"stat.useItem.minecraft.iron_trapdoor":2,"stat.craftItem.minecraft.lever":1,"stat.craftItem.minecraft.torch":1608,"stat.useItem.minecraft.coal_ore":485,"stat.useItem.minecraft.glass":311,"stat.useItem.minecraft.dispenser":2,"stat.useItem.minecraft.sapling":181,"stat.mineBlock.minecraft.lapis_ore":178,"achievement.blazeRod":75,"stat.mineBlock.minecraft.glass_pane":2,"stat.brewingstandInteraction":32,"stat.damageTaken":38504,"stat.useItem.minecraft.stone_brick_stairs":1501,"stat.mineBlock.minecraft.torch":237,"stat.mineBlock.minecraft.red_flower":110,"stat.useItem.minecraft.gold_block":14,"stat.tradedWithVillager":217,"stat.mineBlock.minecraft.sapling":17,"stat.noteblockTuned":33,"stat.craftItem.minecraft.comparator":1,"stat.craftItem.minecraft.glowstone":262,"stat.useItem.minecraft.slime":3,"stat.mineBlock.minecraft.fence_gate":2,"stat.entityKilledBy.Zombie":1,"stat.useItem.minecraft.snow_layer":1,"stat.killEntity.Silverfish":4,"stat.craftItem.minecraft.stone_slab":3786,"stat.animalsBred":253,"stat.useItem.minecraft.chest":172,"stat.useItem.minecraft.tnt":71,"stat.useItem.minecraft.gold_ore":9,"stat.useItem.minecraft.melon":606,"stat.useItem.minecraft.item_frame":72,"stat.craftItem.minecraft.iron_chestplate":2,"stat.useItem.minecraft.stained_hardened_clay":1577,"stat.useItem.minecraft.redstone_ore":205,"stat.useItem.minecraft.netherrack":275,"stat.mineBlock.minecraft.tnt":3,"stat.craftItem.minecraft.bookshelf":41,"stat.mineBlock.minecraft.stonebrick":251,"stat.mineBlock.minecraft.glowstone":160,"stat.mobKills":18121,"stat.mineBlock.minecraft.bookshelf":38,"stat.craftItem.minecraft.shears":14,"stat.useItem.minecraft.boat":1,"stat.useItem.minecraft.cobblestone_wall":109,"stat.useItem.minecraft.writable_book":1,"achievement.bookcase":81,"stat.craftItem.minecraft.map":6,"stat.craftItem.minecraft.compass":6,"stat.useItem.minecraft.string":106,"stat.useItem.minecraft.bookshelf":67,"stat.craftItem.minecraft.iron_axe":11,"stat.useItem.minecraft.soul_sand":16,"stat.killEntity.Blaze":102,"stat.useItem.minecraft.planks":77,"stat.useItem.minecraft.water_bucket":160,"achievement.overpowered":8,"stat.mineBlock.minecraft.stone_brick_stairs":142,"stat.mineBlock.minecraft.nether_brick_fence":8,"stat.craftItem.minecraft.golden_apple":4,"achievement.diamonds":141,"stat.craftItem.minecraft.cobblestone_wall":126,"stat.useItem.minecraft.ender_pearl":669,"stat.mineBlock.minecraft.sand":812,"achievement.buildBetterPickaxe":65,"stat.craftItem.minecraft.slime":1,"stat.craftItem.minecraft.blaze_powder":6,"stat.useItem.minecraft.fence_gate":3,"stat.hopperInspected":95,"stat.trappedChestTriggered":249,"achievement.breedCow":101,"stat.useItem.minecraft.oak_stairs":280,"stat.craftItem.minecraft.golden_carrot":27,"stat.mineBlock.minecraft.lapis_block":1,"stat.useItem.minecraft.minecart":83,"stat.useItem.minecraft.redstone":87,"achievement.overkill":371,"achievement.mineWood":1782,"stat.useItem.minecraft.stone_stairs":238,"stat.craftItem.minecraft.fence_gate":2,"stat.useItem.minecraft.hopper":2,"stat.mineBlock.minecraft.soul_sand":30,"stat.craftItem.minecraft.heavy_weighted_pressure_plate":4,"stat.mineBlock.minecraft.oak_stairs":22,"achievement.ghast":2,"stat.playOneMinute":7907755,"stat.craftItem.minecraft.diamond_block":23,"stat.useItem.minecraft.shears":1187,"stat.craftItem.minecraft.carpet":66,"stat.mineBlock.minecraft.netherrack":939,"stat.craftItem.minecraft.dark_oak_stairs":4,"stat.craftItem.minecraft.redstone_torch":24,"stat.useItem.minecraft.quartz_ore":2411,"stat.craftItem.minecraft.iron_hoe":1,"stat.fallOneCm":1704664,"stat.useItem.minecraft.trapped_chest":12,"stat.craftItem.minecraft.chest":165,"stat.useItem.minecraft.nether_brick_fence":2,"stat.mineBlock.minecraft.lever":1,"stat.useItem.minecraft.iron_hoe":128,"stat.dropperInspected":327,"stat.useItem.minecraft.furnace":29,"stat.mineBlock.minecraft.spruce_fence":27,"stat.mineBlock.minecraft.gravel":945,"stat.craftItem.minecraft.birch_stairs":4,"stat.craftItem.minecraft.iron_leggings":2,"stat.useItem.minecraft.wool":2533,"stat.craftItem.minecraft.oak_stairs":260,"stat.useItem.minecraft.iron_bars":183,"stat.mineBlock.minecraft.quartz_stairs":92,"stat.useItem.minecraft.torch":1898,"stat.craftItem.minecraft.redstone_block":197,"stat.craftItem.minecraft.stone_stairs":268,"stat.useItem.minecraft.log":523,"stat.useItem.minecraft.comparator":1,"stat.craftItem.minecraft.crafting_table":23,"stat.craftItem.minecraft.boat":2,"stat.killEntity.LavaSlime":136,"stat.useItem.minecraft.cooked_fish":1,"achievement.theEnd2":10,"stat.craftItem.minecraft.stone_button":6,"stat.mineBlock.minecraft.iron_block":234,"stat.breakItem.minecraft.iron_chestplate":1,"stat.craftItem.minecraft.flower_pot":42,"stat.craftItem.minecraft.sugar":15,"stat.mineBlock.minecraft.cobblestone_wall":19,"stat.useItem.minecraft.baked_potato":193,"stat.useItem.minecraft.brewing_stand":5,"stat.craftItem.minecraft.enchanting_table":2,"stat.craftItem.minecraft.diamond_chestplate":2,"stat.useItem.minecraft.lapis_block":15,"stat.craftItem.minecraft.sticky_piston":1,"stat.horseOneCm":19501,"stat.useItem.minecraft.repeater":15,"stat.useItem.minecraft.log2":82,"stat.mineBlock.minecraft.slime":2,"stat.craftItem.minecraft.stone_brick_stairs":1496,"stat.mineBlock.minecraft.brown_mushroom":1,"stat.useItem.minecraft.diamond_sword":1170,"stat.craftItem.minecraft.diamond_helmet":3,"stat.craftItem.minecraft.iron_trapdoor":1,"stat.mineBlock.minecraft.diamond_block":4,"stat.swimOneCm":893299,"stat.climbOneCm":259315,"stat.craftItem.minecraft.gold_block":54,"stat.enderchestOpened":477,"stat.useItem.minecraft.redstone_torch":3,"stat.useItem.minecraft.dirt":3672,"achievement.exploreAllBiomes":{"value":0,"progress":["Sunflower Plains","Birch Forest","Roofed Forest","MushroomIslandShore","The End","Beach","Mesa Plateau","Extreme Hills+","River","Ocean","Taiga","MushroomIsland","Swampland","Birch Forest Hills","Savanna Plateau","Roofed Forest M","Mesa Plateau F","Mesa","ForestHills","Flower Forest","Plains","Mesa Plateau M","TaigaHills","DesertHills","Jungle","Forest","Desert","Extreme Hills","Savanna M","Mesa (Bryce)","Deep Ocean","Savanna","Hell"]},"stat.useItem.minecraft.red_flower":107,"stat.useItem.minecraft.iron_ore":28,"stat.craftItem.minecraft.trapdoor":4,"stat.mineBlock.minecraft.carpet":6,"stat.mineBlock.minecraft.redstone_block":11,"stat.craftItem.minecraft.glass_bottle":15,"stat.useItem.minecraft.cooked_beef":460,"stat.craftItem.minecraft.wooden_slab":270,"stat.craftItem.minecraft.dispenser":2,"stat.craftItem.minecraft.book":258,"stat.mineBlock.minecraft.iron_ore":562,"stat.useItem.minecraft.sign":13,"achievement.theEnd":2,"stat.useItem.minecraft.lever":2,"stat.mineBlock.minecraft.coal_block":4,"achievement.spawnWither":64,"stat.useItem.minecraft.cooked_porkchop":4,"stat.mineBlock.minecraft.nether_brick":176,"stat.useItem.minecraft.sea_lantern":320,"stat.useItem.minecraft.spruce_fence":272,"stat.craftItem.minecraft.stick":2176,"stat.useItem.minecraft.stone_slab":3054,"stat.craftItem.minecraft.stained_hardened_clay":768,"stat.useItem.minecraft.bed":12,"stat.craftItem.minecraft.gold_nugget":162,"stat.craftItem.minecraft.stone":968,"stat.craftItem.minecraft.armor_stand":7,"stat.mineBlock.minecraft.crafting_table":26,"stat.useItem.minecraft.stone_pressure_plate":9,"stat.useItem.minecraft.diamond_pickaxe":37458,"stat.mineBlock.minecraft.quartz_block":355,"stat.useItem.minecraft.carrot":177,"stat.killEntity.Endermite":6,"stat.useItem.minecraft.bucket":162,"stat.breakItem.minecraft.shears":12,"achievement.buildFurnace":46,"stat.mineBlock.minecraft.planks":11,"stat.drop":125,"stat.craftItem.minecraft.diamond_pickaxe":12,"stat.craftItem.minecraft.clay":6,"stat.craftItem.minecraft.jukebox":1,"stat.craftItem.minecraft.piston":14,"stat.useItem.minecraft.quartz_stairs":470,"stat.useItem.minecraft.glass_bottle":15,"stat.killEntity.Slime":1,"stat.mineBlock.minecraft.anvil":2,"stat.useItem.minecraft.diamond_axe":491,"stat.useItem.minecraft.waterlily":26,"stat.useItem.minecraft.apple":1,"stat.mineBlock.minecraft.deadbush":2,"stat.useItem.minecraft.carpet":44,"stat.useItem.minecraft.potion":25,"stat.useItem.minecraft.flower_pot":26,"stat.useItem.minecraft.piston":13,"stat.craftItem.minecraft.iron_helmet":4,"stat.useItem.minecraft.stone_button":6,"stat.craftItem.minecraft.rail":112,"stat.useItem.minecraft.cooked_chicken":245,"stat.boatOneCm":6635,"stat.mineBlock.minecraft.iron_bars":22,"stat.craftItem.minecraft.flint_and_steel":1,"stat.mineBlock.minecraft.leaves2":57,"stat.mineBlock.minecraft.stone_stairs":20,"stat.craftItem.minecraft.iron_bars":576,"stat.mineBlock.minecraft.furnace":5,"stat.dispenserInspected":35,"stat.damageDealt":400137,"stat.craftItem.minecraft.glass":807,"stat.craftItem.minecraft.baked_potato":256,"stat.craftItem.minecraft.anvil":6,"stat.mineBlock.minecraft.nether_brick_stairs":2,"stat.killEntity.Cow":197,"stat.useItem.minecraft.crafting_table":44,"stat.craftItem.minecraft.iron_sword":18,"stat.craftItem.minecraft.stone_shovel":78,"stat.walkOneCm":44024460,"stat.playerKills":5,"achievement.enchantments":3,"stat.mineBlock.minecraft.trapped_chest":2,"stat.useItem.minecraft.emerald_block":10,"stat.craftItem.minecraft.diamond_boots":3,"stat.useItem.minecraft.redstone_block":26,"stat.mineBlock.minecraft.wool":247,"stat.craftItem.minecraft.redstone":180,"stat.useItem.minecraft.leaves":839,"stat.craftItem.minecraft.minecart":62,"stat.killEntity.Skeleton":417,"stat.killEntity.Chicken":2,"stat.mineBlock.minecraft.redstone_torch":1,"stat.useItem.minecraft.iron_block":1779,"stat.killEntity.Spider":49,"stat.mineBlock.minecraft.quartz_ore":4837,"stat.craftItem.minecraft.spruce_fence":246,"stat.craftItem.minecraft.fence":162,"stat.useItem.minecraft.golden_apple":8,"stat.breakItem.minecraft.iron_axe":1,"stat.mineBlock.minecraft.leaves":2089,"stat.mineBlock.minecraft.piston":1,"stat.mineBlock.minecraft.redstone_ore":796,"stat.craftItem.minecraft.coal_block":197,"stat.craftItem.minecraft.brick":128,"stat.craftItem.minecraft.tripwire_hook":10,"stat.mineBlock.minecraft.stone":28797,"stat.useItem.minecraft.sandstone":1}