{"stat.beaconInteraction":165,"stat.useItem.minecraft.bow":2121,"stat.useItem.minecraft.quartz_block":1104,"stat.killEntity.EntityHorse":1,"stat.useItem.minecraft.painting":1309,"stat.craftItem.minecraft.diamond_hoe":1,"stat.leaveGame":2274,"achievement.killWither":76,"stat.useItem.minecraft.glowstone":2402,"stat.mineBlock.minecraft.sandstone":46088,"stat.craftItem.minecraft.ender_eye":12,"stat.mineBlock.minecraft.stained_glass":1474,"stat.killEntity.PigZombie":66,"stat.mineBlock.minecraft.web":499,"stat.craftItem.minecraft.stone_pressure_plate":230,"stat.entityKilledBy.PigZombie":5,"stat.mineBlock.minecraft.red_sandstone":9,"stat.useItem.minecraft.diamond_hoe":113,"stat.useItem.minecraft.sandstone_stairs":2701,"achievement.diamondsToYou":2,"stat.useItem.minecraft.activator_rail":167,"stat.craftItem.minecraft.stone_axe":5,"stat.useItem.minecraft.vine":856,"stat.useItem.minecraft.rail":4800,"stat.killEntity.Enderman":8128,"stat.mineBlock.minecraft.wooden_slab":2622,"stat.useItem.minecraft.anvil":231,"stat.craftItem.minecraft.iron_shovel":73,"achievement.buildPickaxe":295,"stat.killEntity.Witch":32,"stat.killEntity.MushroomCow":5,"stat.mineBlock.minecraft.end_stone":137,"stat.useItem.minecraft.iron_pickaxe":8470,"stat.craftItem.minecraft.wooden_pickaxe":3,"stat.craftItem.minecraft.iron_door":48,"stat.useItem.minecraft.iron_shovel":1057,"stat.mineBlock.minecraft.brick_block":339,"stat.craftItem.minecraft.bed":76,"stat.craftItem.minecraft.glass_pane":2016,"stat.useItem.minecraft.hardened_clay":1015,"stat.mineBlock.minecraft.hopper":78,"stat.mineBlock.minecraft.vine":2743,"stat.mineBlock.minecraft.sticky_piston":147,"stat.useItem.minecraft.nether_wart":153,"stat.furnaceInteraction":2710,"stat.useItem.minecraft.golden_carrot":223,"stat.mineBlock.minecraft.rail":1579,"stat.useItem.minecraft.pumpkin_seeds":27,"stat.craftItem.minecraft.leather_helmet":110,"stat.useItem.minecraft.end_stone":28,"stat.useItem.minecraft.double_plant":194,"stat.mineBlock.minecraft.wooden_button":50,"stat.useItem.minecraft.red_sandstone":20,"stat.useItem.minecraft.trapdoor":2194,"stat.mineBlock.minecraft.stained_hardened_clay":22471,"stat.useItem.minecraft.stained_glass":9546,"stat.craftItem.minecraft.prismarine":220,"stat.useItem.minecraft.fence":1129,"stat.useItem.minecraft.dark_oak_door":66,"stat.useItem.minecraft.acacia_fence":9,"stat.useItem.minecraft.ice":1956,"achievement.openInventory":82909,"stat.craftItem.minecraft.daylight_detector":72,"stat.mineBlock.minecraft.sponge":1018,"stat.useItem.minecraft.cauldron":144,"stat.useItem.minecraft.flint_and_steel":227,"stat.mineBlock.minecraft.fence":426,"stat.mineBlock.minecraft.sea_lantern":559,"stat.useItem.minecraft.wheat_seeds":9796,"stat.mineBlock.minecraft.dark_oak_fence_gate":33,"stat.useItem.minecraft.wooden_button":328,"stat.craftItem.minecraft.dropper":66,"stat.useItem.minecraft.dye":10401,"stat.mineBlock.minecraft.stone_slab2":1,"stat.deaths":82,"stat.craftItem.minecraft.item_frame":668,"stat.craftItem.minecraft.wooden_shovel":188,"stat.mineBlock.minecraft.stone_pressure_plate":45,"stat.useItem.minecraft.nether_brick":2527,"stat.craftItem.minecraft.iron_pickaxe":51,"stat.craftItem.minecraft.repeater":389,"stat.useItem.minecraft.jukebox":5,"stat.mineBlock.minecraft.light_weighted_pressure_plate":3,"stat.craftItem.minecraft.cooked_mutton":470,"stat.mineBlock.minecraft.tallgrass":11141,"achievement.potion":208,"stat.chestOpened":61403,"stat.craftItem.minecraft.mossy_cobblestone":61,"stat.useItem.minecraft.lapis_ore":397,"stat.craftItem.minecraft.light_weighted_pressure_plate":2,"stat.craftItem.minecraft.sign":1509,"stat.useItem.minecraft.stone":38964,"stat.useItem.minecraft.jungle_fence":43,"stat.breakItem.minecraft.carrot_on_a_stick":1,"stat.killEntity.Ghast":92,"stat.useItem.minecraft.ender_chest":98,"stat.craftItem.minecraft.quartz_block":3253,"stat.useItem.minecraft.clay":1428,"stat.craftItem.minecraft.coal":959,"stat.craftItem.minecraft.ender_chest":12,"stat.crouchOneCm":21173775,"achievement.killCow":410,"stat.mineBlock.minecraft.chest":1564,"stat.craftItem.minecraft.iron_ingot":19008,"stat.mineBlock.minecraft.hardened_clay":24261,"stat.craftItem.minecraft.hopper":157,"stat.craftingTableInteraction":6559,"stat.useItem.minecraft.emerald_ore":5,"stat.mineBlock.minecraft.wooden_pressure_plate":11,"stat.mineBlock.minecraft.log2":6140,"stat.useItem.minecraft.dark_oak_fence":553,"achievement.bakeCake":1,"stat.useItem.minecraft.reeds":212,"stat.craftItem.minecraft.nether_brick":4194,"stat.craftItem.minecraft.wooden_sword":1,"stat.mineBlock.minecraft.jungle_fence":4,"stat.craftItem.minecraft.diamond_shovel":47,"stat.mineBlock.minecraft.glass":1488,"stat.useItem.minecraft.enchanting_table":14,"stat.mineBlock.minecraft.ender_chest":88,"stat.mineBlock.minecraft.daylight_detector":16,"stat.mineBlock.minecraft.dirt":121437,"stat.flowerPotted":211,"stat.useItem.minecraft.bread":5,"stat.useItem.minecraft.cobblestone":43288,"stat.mineBlock.minecraft.activator_rail":9,"stat.craftItem.minecraft.leather_boots":109,"stat.useItem.minecraft.gravel":1554,"stat.mineBlock.minecraft.double_plant":268,"stat.minecartOneCm":63733513,"stat.useItem.minecraft.jungle_fence_gate":3,"stat.useItem.minecraft.yellow_flower":74,"stat.craftItem.minecraft.gold_ingot":3622,"stat.craftItem.minecraft.brewing_stand":78,"stat.useItem.minecraft.tallgrass":55,"stat.useItem.minecraft.fireworks":1,"stat.useItem.minecraft.glass_pane":1697,"stat.breakItem.minecraft.stone_shovel":2,"stat.craftItem.minecraft.carrot_on_a_stick":2,"achievement.portal":5584,"stat.craftItem.minecraft.bucket":342,"stat.useItem.minecraft.iron_sword":6569,"stat.craftItem.minecraft.planks":65128,"stat.itemEnchanted":639,"stat.mineBlock.minecraft.prismarine":9645,"stat.craftItem.minecraft.dirt":652,"stat.craftItem.minecraft.fishing_rod":43,"stat.useItem.minecraft.daylight_detector":76,"stat.useItem.minecraft.stonebrick":28130,"stat.mineBlock.minecraft.log":24864,"stat.craftItem.minecraft.wooden_door":15,"stat.mineBlock.minecraft.heavy_weighted_pressure_plate":18,"stat.mineBlock.minecraft.waterlily":302,"stat.useItem.minecraft.wooden_door":23,"stat.useItem.minecraft.spruce_door":110,"achievement.acquireIron":221,"stat.craftItem.minecraft.paper":6621,"stat.breakItem.minecraft.leather_leggings":3,"stat.craftItem.minecraft.trapped_chest":183,"stat.craftItem.minecraft.spruce_door":102,"stat.cakeSlicesEaten":7,"stat.craftItem.minecraft.diamond_leggings":4,"stat.mineBlock.minecraft.acacia_stairs":19,"stat.useItem.minecraft.iron_axe":1005,"stat.mineBlock.minecraft.pumpkin":630,"stat.mineBlock.minecraft.cobblestone":19494,"stat.useItem.minecraft.beacon":65,"stat.mineBlock.minecraft.yellow_flower":889,"stat.craftItem.minecraft.quartz_stairs":800,"stat.useItem.minecraft.skull":89,"stat.craftItem.minecraft.wool":506,"stat.mineBlock.minecraft.stained_glass_pane":811,"stat.useItem.minecraft.snow":4780,"stat.craftItem.minecraft.clock":9,"achievement.buildWorkBench":835,"stat.useItem.minecraft.coal_block":98,"stat.craftItem.minecraft.arrow":264,"stat.mineBlock.minecraft.dropper":111,"stat.breakItem.minecraft.iron_pickaxe":24,"stat.useItem.minecraft.obsidian":958,"stat.useItem.minecraft.stone_slab2":1,"stat.craftItem.minecraft.dark_oak_door":60,"stat.craftItem.minecraft.furnace":432,"stat.craftItem.minecraft.lapis_block":484,"stat.mineBlock.minecraft.detector_rail":5,"stat.useItem.minecraft.egg":753,"stat.craftItem.minecraft.iron_boots":33,"stat.craftItem.minecraft.cooked_beef":643,"stat.mineBlock.minecraft.obsidian":1309,"stat.craftItem.minecraft.bow":120,"stat.useItem.minecraft.spruce_fence_gate":90,"stat.mineBlock.minecraft.clay":6450,"stat.craftItem.minecraft.red_sandstone_stairs":4,"stat.useItem.minecraft.brick_block":1523,"stat.flyOneCm":195115747,"stat.craftItem.minecraft.stained_glass":11544,"stat.timeSinceDeath":136427,"stat.craftItem.minecraft.painting":234,"stat.cauldronFilled":34,"stat.useItem.minecraft.wooden_slab":11635,"stat.craftItem.minecraft.beacon":13,"stat.useItem.minecraft.iron_door":50,"stat.craftItem.minecraft.iron_block":388,"stat.killEntity.Bat":38,"stat.craftItem.minecraft.stonebrick":45331,"stat.breakItem.minecraft.diamond_pickaxe":13,"stat.useItem.minecraft.potato":920,"stat.mineBlock.minecraft.enchanting_table":9,"stat.mineBlock.minecraft.coal_ore":9995,"stat.killEntity.Creeper":528,"stat.useItem.minecraft.armor_stand":156,"stat.talkedToVillager":214,"stat.breakItem.minecraft.iron_sword":6,"stat.craftItem.minecraft.stone_hoe":3,"stat.mineBlock.minecraft.red_mushroom_block":614,"stat.craftItem.minecraft.golden_helmet":17,"stat.craftItem.minecraft.jungle_stairs":288,"stat.mineBlock.minecraft.ladder":1773,"stat.useItem.minecraft.milk_bucket":18,"stat.entityKilledBy.Skeleton":2,"achievement.buildSword":138,"stat.useItem.minecraft.written_book":56,"stat.useItem.minecraft.dropper":145,"stat.killEntity.Squid":147,"stat.useItem.minecraft.diamond_shovel":216320,"stat.sprintOneCm":233151562,"stat.useItem.minecraft.hay_block":152,"stat.mineBlock.minecraft.stone_slab":13215,"stat.breakItem.minecraft.diamond_helmet":2,"stat.useItem.minecraft.snowball":1740,"stat.mineBlock.minecraft.diamond_ore":891,"stat.useItem.minecraft.brown_mushroom_block":70,"stat.craftItem.minecraft.wooden_pressure_plate":191,"stat.craftItem.minecraft.speckled_melon":8,"stat.craftItem.minecraft.redstone_lamp":482,"achievement.killEnemy":13297,"stat.craftItem.minecraft.leather_chestplate":103,"stat.useItem.minecraft.cake":2,"stat.useItem.minecraft.wooden_sword":13,"stat.useItem.minecraft.banner":902,"stat.breakItem.minecraft.iron_shovel":1,"stat.useItem.minecraft.ladder":4841,"stat.useItem.minecraft.diamond_ore":420,"stat.craftItem.minecraft.emerald":550,"stat.killEntity.Zombie":1357,"stat.craftItem.minecraft.dye":38382,"stat.useItem.minecraft.birch_stairs":149,"stat.killEntity.Guardian":138,"stat.craftItem.minecraft.sandstone_stairs":2112,"stat.craftItem.minecraft.diamond_axe":12,"stat.mineBlock.minecraft.gold_ore":888,"stat.craftItem.minecraft.slime_ball":63,"stat.diveOneCm":11672677,"stat.craftItem.minecraft.sandstone":20654,"stat.mineBlock.minecraft.mossy_cobblestone":216,"stat.useItem.minecraft.sticky_piston":239,"stat.craftItem.minecraft.ladder":2850,"achievement.buildHoe":26,"stat.mineBlock.minecraft.stone_button":95,"stat.craftItem.minecraft.cooked_porkchop":716,"stat.useItem.minecraft.heavy_weighted_pressure_plate":57,"stat.useItem.minecraft.rotten_flesh":19,"stat.craftItem.minecraft.diamond_sword":10,"stat.useItem.minecraft.iron_trapdoor":1094,"stat.useItem.minecraft.sand":10873,"stat.jump":889161,"stat.craftItem.minecraft.lever":453,"achievement.flyPig":1,"stat.craftItem.minecraft.torch":15376,"stat.breakItem.minecraft.golden_leggings":1,"stat.useItem.minecraft.coal_ore":2210,"achievement.makeBread":42,"stat.breakItem.minecraft.leather_chestplate":1,"stat.useItem.minecraft.light_weighted_pressure_plate":3,"stat.craftItem.minecraft.sponge":916,"stat.craftItem.minecraft.fermented_spider_eye":5,"stat.mineBlock.minecraft.spruce_fence_gate":14,"stat.useItem.minecraft.dispenser":79,"stat.useItem.minecraft.glass":17504,"stat.useItem.minecraft.sapling":2692,"stat.mineBlock.minecraft.lapis_ore":898,"achievement.blazeRod":79,"stat.mineBlock.minecraft.glass_pane":108,"stat.brewingstandInteraction":311,"stat.damageTaken":399517,"stat.useItem.minecraft.stone_brick_stairs":8871,"stat.mineBlock.minecraft.torch":7501,"stat.mineBlock.minecraft.melon_block":31,"stat.mineBlock.minecraft.red_flower":768,"stat.useItem.minecraft.gold_block":47,"stat.tradedWithVillager":584,"stat.useItem.minecraft.acacia_door":48,"stat.useItem.minecraft.carrot_on_a_stick":25,"stat.mineBlock.minecraft.sapling":376,"stat.noteblockTuned":10,"stat.mineBlock.minecraft.sandstone_stairs":831,"stat.craftItem.minecraft.comparator":40,"stat.craftItem.minecraft.sea_lantern":1750,"stat.craftItem.minecraft.glowstone":2863,"stat.useItem.minecraft.slime":862,"stat.cauldronUsed":8,"stat.useItem.minecraft.birch_fence":49,"stat.mineBlock.minecraft.fence_gate":15,"stat.breakItem.minecraft.iron_leggings":4,"stat.entityKilledBy.Zombie":4,"stat.useItem.minecraft.snow_layer":1574,"stat.killEntity.Silverfish":518,"stat.craftItem.minecraft.stone_slab":79411,"stat.mineBlock.minecraft.birch_fence":14,"stat.animalsBred":2966,"stat.useItem.minecraft.chest":2444,"stat.useItem.minecraft.pumpkin":2699,"stat.useItem.minecraft.tnt":128,"stat.useItem.minecraft.gold_ore":3,"stat.useItem.minecraft.lava_bucket":299,"stat.useItem.minecraft.melon":366,"stat.useItem.minecraft.item_frame":943,"stat.useItem.minecraft.birch_fence_gate":2,"stat.craftItem.minecraft.iron_chestplate":37,"stat.useItem.minecraft.stained_hardened_clay":33681,"stat.useItem.minecraft.redstone_ore":1115,"stat.useItem.minecraft.netherrack":34843,"stat.craftItem.minecraft.stained_glass_pane":4876,"stat.mineBlock.minecraft.tnt":5,"stat.craftItem.minecraft.bookshelf":137,"stat.useItem.minecraft.tripwire_hook":68,"stat.mineBlock.minecraft.stonebrick":6112,"stat.mineBlock.minecraft.glowstone":547,"stat.mobKills":94351,"stat.mineBlock.minecraft.bookshelf":73,"stat.craftItem.minecraft.shears":261,"stat.useItem.minecraft.boat":74,"stat.craftItem.minecraft.lead":14,"stat.useItem.minecraft.mossy_cobblestone":64,"stat.useItem.minecraft.cobblestone_wall":1290,"stat.breakItem.minecraft.diamond_shovel":7,"stat.useItem.minecraft.writable_book":89,"achievement.bookcase":264,"stat.craftItem.minecraft.nether_brick_stairs":316,"stat.craftItem.minecraft.spruce_stairs":1820,"stat.craftItem.minecraft.map":69,"stat.craftItem.minecraft.compass":101,"stat.breakItem.minecraft.stone_sword":12,"stat.useItem.minecraft.string":801,"stat.pigOneCm":81032,"stat.useItem.minecraft.bookshelf":190,"stat.craftItem.minecraft.iron_axe":13,"stat.useItem.minecraft.soul_sand":333,"stat.useItem.minecraft.lead":55,"stat.killEntity.Blaze":829,"stat.useItem.minecraft.mutton":1,"stat.useItem.minecraft.planks":9816,"stat.useItem.minecraft.nether_brick_stairs":339,"stat.useItem.minecraft.red_sandstone_stairs":29,"stat.mineBlock.minecraft.red_mushroom":61,"stat.useItem.minecraft.water_bucket":3486,"achievement.overpowered":49,"stat.mineBlock.minecraft.stone_brick_stairs":1767,"stat.mineBlock.minecraft.nether_brick_fence":226,"stat.craftItem.minecraft.golden_apple":52,"stat.useItem.minecraft.golden_sword":29,"stat.craftItem.minecraft.dark_oak_fence":510,"achievement.diamonds":659,"stat.craftItem.minecraft.fire_charge":15,"stat.craftItem.minecraft.lit_pumpkin":2462,"stat.craftItem.minecraft.cobblestone_wall":1428,"stat.craftItem.minecraft.stone_sword":26,"stat.useItem.minecraft.brown_mushroom":42,"stat.useItem.minecraft.ender_pearl":7469,"stat.mineBlock.minecraft.snow_layer":13822,"stat.mineBlock.minecraft.sand":58952,"stat.craftItem.minecraft.wooden_hoe":1,"stat.craftItem.minecraft.cooked_fish":1510,"stat.craftItem.minecraft.slime":280,"achievement.buildBetterPickaxe":289,"stat.craftItem.minecraft.blaze_powder":48,"stat.useItem.minecraft.fence_gate":80,"stat.hopperInspected":549,"stat.breakItem.minecraft.flint_and_steel":2,"stat.craftItem.minecraft.birch_door":36,"stat.trappedChestTriggered":9787,"stat.craftItem.minecraft.hardened_clay":121,"achievement.breedCow":1669,"stat.craftItem.minecraft.magma_cream":11,"stat.useItem.minecraft.oak_stairs":561,"stat.craftItem.minecraft.golden_carrot":193,"stat.craftItem.minecraft.acacia_stairs":44,"stat.mineBlock.minecraft.dark_oak_stairs":195,"stat.craftItem.minecraft.pumpkin_seeds":28,"stat.useItem.minecraft.dark_oak_stairs":862,"stat.mineBlock.minecraft.lapis_block":21,"stat.mineBlock.minecraft.birch_stairs":34,"stat.useItem.minecraft.minecart":516,"stat.useItem.minecraft.cooked_mutton":453,"stat.useItem.minecraft.redstone":1275,"achievement.overkill":279,"stat.mineBlock.minecraft.redstone_lamp":125,"achievement.mineWood":29449,"stat.useItem.minecraft.stone_stairs":1116,"stat.craftItem.minecraft.fence_gate":79,"stat.mineBlock.minecraft.brick_stairs":115,"stat.useItem.minecraft.hopper":163,"stat.mineBlock.minecraft.soul_sand":2418,"stat.mineBlock.minecraft.jungle_stairs":13,"stat.craftItem.minecraft.heavy_weighted_pressure_plate":51,"stat.mineBlock.minecraft.oak_stairs":164,"achievement.ghast":16,"stat.playOneMinute":93736828,"stat.useItem.minecraft.jungle_stairs":61,"stat.useItem.minecraft.shears":19639,"stat.mineBlock.minecraft.brown_mushroom_block":501,"stat.useItem.minecraft.fish":31,"stat.mineBlock.minecraft.dark_oak_fence":109,"stat.craftItem.minecraft.carpet":5232,"stat.mineBlock.minecraft.netherrack":152374,"stat.mineBlock.minecraft.dispenser":52,"stat.useItem.minecraft.sponge":960,"stat.mineBlock.minecraft.ice":4216,"stat.craftItem.minecraft.dark_oak_stairs":876,"stat.craftItem.minecraft.redstone_torch":1582,"stat.craftItem.minecraft.golden_rail":810,"stat.useItem.minecraft.packed_ice":6846,"stat.useItem.minecraft.quartz_ore":5163,"stat.mineBlock.minecraft.gold_block":54,"stat.craftItem.minecraft.iron_hoe":8,"stat.fallOneCm":21837794,"stat.useItem.minecraft.trapped_chest":239,"stat.craftItem.minecraft.chest":1515,"stat.useItem.minecraft.nether_brick_fence":1782,"stat.craftItem.minecraft.banner":1623,"stat.mineBlock.minecraft.lever":127,"stat.useItem.minecraft.iron_hoe":122,"stat.dropperInspected":291,"stat.useItem.minecraft.golden_rail":2965,"stat.craftItem.minecraft.detector_rail":6,"stat.craftItem.minecraft.wooden_button":321,"stat.useItem.minecraft.furnace":523,"stat.mineBlock.minecraft.spruce_fence":403,"achievement.fullBeacon":59,"stat.mineBlock.minecraft.snow":667,"stat.craftItem.minecraft.dark_oak_fence_gate":103,"stat.mineBlock.minecraft.gravel":7521,"stat.useItem.minecraft.stone_pickaxe":324,"stat.craftItem.minecraft.birch_stairs":148,"stat.craftItem.minecraft.iron_leggings":39,"stat.useItem.minecraft.stone_sword":2210,"stat.mineBlock.minecraft.beacon":53,"stat.useItem.minecraft.wool":8350,"stat.craftItem.minecraft.oak_stairs":556,"stat.entityKilledBy.Ghast":1,"stat.useItem.minecraft.iron_bars":1376,"stat.mineBlock.minecraft.monster_egg":261,"stat.mineBlock.minecraft.quartz_stairs":206,"stat.useItem.minecraft.torch":26334,"stat.craftItem.minecraft.redstone_block":2260,"stat.craftItem.minecraft.stone_stairs":1096,"stat.useItem.minecraft.log":9120,"stat.useItem.minecraft.comparator":37,"stat.craftItem.minecraft.crafting_table":423,"stat.craftItem.minecraft.boat":84,"stat.killEntity.LavaSlime":225,"stat.mineBlock.minecraft.emerald_ore":16,"stat.useItem.minecraft.cooked_fish":4132,"achievement.theEnd2":202,"stat.craftItem.minecraft.stone_button":698,"stat.mineBlock.minecraft.golden_rail":200,"stat.craftItem.minecraft.hopper_minecart":2,"stat.breakItem.minecraft.iron_helmet":7,"stat.mineBlock.minecraft.iron_block":5718,"stat.useItem.minecraft.deadbush":12,"stat.useItem.minecraft.birch_door":43,"stat.mineBlock.minecraft.tripwire_hook":8,"stat.craftItem.minecraft.snow":6220,"stat.useItem.minecraft.jungle_door":21,"stat.useItem.minecraft.wooden_pressure_plate":71,"stat.craftItem.minecraft.cooked_chicken":121,"stat.useItem.minecraft.stone_hoe":105,"stat.craftItem.minecraft.flower_pot":318,"stat.craftItem.minecraft.sugar":45,"stat.mineBlock.minecraft.cobblestone_wall":369,"stat.entityKilledBy.Blaze":3,"stat.craftItem.minecraft.spruce_fence_gate":131,"stat.useItem.minecraft.baked_potato":3554,"stat.useItem.minecraft.brewing_stand":67,"stat.mineBlock.minecraft.jukebox":1,"stat.useItem.minecraft.fishing_rod":42,"stat.craftItem.minecraft.enchanting_table":5,"stat.useItem.minecraft.web":354,"stat.craftItem.minecraft.jungle_door":36,"stat.craftItem.minecraft.diamond_chestplate":9,"stat.useItem.minecraft.brick_stairs":732,"stat.craftItem.minecraft.leather_leggings":103,"stat.useItem.minecraft.lapis_block":100,"stat.craftItem.minecraft.sticky_piston":101,"stat.horseOneCm":608125,"stat.useItem.minecraft.repeater":466,"stat.useItem.minecraft.log2":1103,"stat.mineBlock.minecraft.slime":748,"stat.craftItem.minecraft.stone_brick_stairs":7592,"stat.mineBlock.minecraft.brown_mushroom":76,"stat.mineBlock.minecraft.acacia_fence":3,"stat.useItem.minecraft.diamond_sword":6075,"stat.craftItem.minecraft.diamond_helmet":6,"stat.craftItem.minecraft.iron_trapdoor":1053,"stat.swimOneCm":8774862,"stat.climbOneCm":8443088,"stat.mineBlock.minecraft.spruce_stairs":627,"stat.craftItem.minecraft.gold_block":223,"stat.enderchestOpened":2060,"stat.useItem.minecraft.redstone_torch":933,"stat.useItem.minecraft.dirt":93521,"achievement.exploreAllBiomes":{"value":0,"progress":["Sunflower Plains","Cold Taiga","Desert M","Birch Forest","Roofed Forest","Extreme Hills M","MushroomIslandShore","Taiga M","Redwood Taiga Hills M","The End","Beach","FrozenRiver","Mega Taiga Hills","Extreme Hills+","River","Ocean","JungleEdge","Taiga","Mega Taiga","MushroomIsland","Swampland","Ice Mountains","Birch Forest Hills","Mesa Plateau F","Mesa","ForestHills","Flower Forest","Plains","Mesa Plateau M","Mega Spruce Taiga","Ice Plains Spikes","TaigaHills","DesertHills","Stone Beach","Birch Forest M","Jungle","Ice Plains","Birch Forest Hills M","Forest","JungleHills","Desert","Extreme Hills","Savanna M","Mesa (Bryce)","Deep Ocean","Savanna","Hell"]},"stat.useItem.minecraft.red_flower":371,"stat.useItem.minecraft.leaves2":131,"stat.useItem.minecraft.iron_ore":6,"stat.useItem.minecraft.detector_rail":833,"stat.craftItem.minecraft.trapdoor":1990,"stat.craftItem.minecraft.melon_block":348,"stat.craftItem.minecraft.stone_pickaxe":5,"stat.mineBlock.minecraft.carpet":2049,"stat.mineBlock.minecraft.redstone_block":171,"stat.useItem.minecraft.stone_shovel":529,"stat.craftItem.minecraft.glass_bottle":267,"stat.useItem.minecraft.red_mushroom":51,"stat.useItem.minecraft.cooked_beef":2417,"stat.craftItem.minecraft.wooden_slab":10856,"stat.craftItem.minecraft.dispenser":85,"stat.craftItem.minecraft.book":776,"stat.mineBlock.minecraft.iron_ore":2535,"stat.craftItem.minecraft.acacia_door":36,"stat.useItem.minecraft.sign":2718,"achievement.theEnd":54,"stat.craftItem.minecraft.cake":2,"stat.useItem.minecraft.lever":417,"stat.mineBlock.minecraft.coal_block":31,"stat.breakItem.minecraft.golden_sword":1,"stat.craftItem.minecraft.red_sandstone":11,"achievement.spawnWither":76,"stat.useItem.minecraft.cooked_porkchop":1047,"stat.useItem.minecraft.acacia_stairs":49,"stat.mineBlock.minecraft.nether_brick":1599,"stat.craftItem.minecraft.acacia_fence":6,"stat.craftItem.minecraft.nether_brick_fence":1626,"stat.mineBlock.minecraft.red_sandstone_stairs":2,"stat.useItem.minecraft.chest_minecart":28,"stat.craftItem.minecraft.brick_block":4116,"stat.useItem.minecraft.sea_lantern":4164,"stat.craftItem.minecraft.snow_layer":1698,"stat.useItem.minecraft.spruce_fence":2328,"stat.craftItem.minecraft.chest_minecart":29,"stat.craftItem.minecraft.stick":23886,"stat.useItem.minecraft.stone_slab":77213,"stat.craftItem.minecraft.jungle_fence_gate":3,"stat.craftItem.minecraft.stained_hardened_clay":21120,"stat.useItem.minecraft.bed":170,"stat.craftItem.minecraft.gold_nugget":999,"stat.craftItem.minecraft.stone":14802,"stat.craftItem.minecraft.armor_stand":179,"stat.mineBlock.minecraft.crafting_table":1399,"stat.useItem.minecraft.stone_pressure_plate":219,"stat.useItem.minecraft.diamond_pickaxe":734880,"stat.mineBlock.minecraft.quartz_block":344,"stat.killEntity.Endermite":86,"stat.useItem.minecraft.carrot":1581,"stat.useItem.minecraft.bucket":4776,"stat.entityKilledBy.Creeper":3,"stat.breakItem.minecraft.shears":63,"achievement.buildFurnace":855,"stat.mineBlock.minecraft.planks":2944,"stat.drop":3813,"stat.killEntity.Sheep":389,"stat.craftItem.minecraft.diamond_pickaxe":114,"stat.craftItem.minecraft.clay":265,"stat.craftItem.minecraft.jukebox":4,"stat.craftItem.minecraft.piston":487,"stat.useItem.minecraft.quartz_stairs":970,"stat.useItem.minecraft.glass_bottle":257,"stat.killEntity.Slime":245,"stat.mineBlock.minecraft.anvil":90,"stat.useItem.minecraft.diamond_axe":49188,"stat.useItem.minecraft.waterlily":160,"stat.useItem.minecraft.apple":4,"stat.mineBlock.minecraft.deadbush":111,"stat.entityKilledBy.Guardian":2,"stat.useItem.minecraft.carpet":6985,"stat.useItem.minecraft.potion":168,"stat.useItem.minecraft.stained_glass_pane":3937,"stat.craftItem.minecraft.brick_stairs":696,"stat.useItem.minecraft.flower_pot":338,"stat.useItem.minecraft.stone_axe":154,"stat.useItem.minecraft.piston":441,"stat.craftItem.minecraft.bread":23,"stat.useItem.minecraft.mycelium":72,"stat.useItem.minecraft.stone_button":613,"stat.craftItem.minecraft.iron_helmet":55,"stat.craftItem.minecraft.rail":4569,"stat.useItem.minecraft.cooked_chicken":9534,"stat.boatOneCm":2256274,"stat.mineBlock.minecraft.iron_bars":721,"stat.craftItem.minecraft.flint_and_steel":20,"stat.useItem.minecraft.redstone_lamp":522,"stat.mineBlock.minecraft.leaves2":820,"stat.mineBlock.minecraft.stone_stairs":442,"stat.craftItem.minecraft.activator_rail":6,"stat.craftItem.minecraft.iron_bars":1664,"stat.mineBlock.minecraft.furnace":269,"stat.mineBlock.minecraft.mycelium":7466,"stat.dispenserInspected":532,"stat.useItem.minecraft.wooden_pickaxe":19,"stat.killEntity.CaveSpider":118,"stat.craftItem.minecraft.netherbrick":10376,"stat.craftItem.minecraft.birch_fence":66,"stat.damageDealt":1538352,"stat.craftItem.minecraft.glass":18456,"stat.craftItem.minecraft.cauldron":105,"stat.craftItem.minecraft.baked_potato":2268,"stat.craftItem.minecraft.anvil":354,"stat.mineBlock.minecraft.nether_brick_stairs":122,"stat.killEntity.Cow":1048,"stat.useItem.minecraft.crafting_table":1574,"stat.killEntity.Pig":739,"stat.craftItem.minecraft.iron_sword":41,"stat.craftItem.minecraft.stone_shovel":149,"stat.walkOneCm":451054061,"stat.playerKills":34,"achievement.enchantments":9,"stat.mineBlock.minecraft.trapped_chest":42,"stat.useItem.minecraft.dark_oak_fence_gate":126,"stat.breakItem.minecraft.stone_pickaxe":2,"stat.craftItem.minecraft.birch_fence_gate":2,"stat.craftItem.minecraft.writable_book":11,"stat.craftItem.minecraft.diamond_boots":11,"stat.useItem.minecraft.redstone_block":1000,"stat.useItem.minecraft.spruce_stairs":2196,"stat.mineBlock.minecraft.wool":1646,"stat.craftItem.minecraft.hay_block":142,"stat.craftItem.minecraft.redstone":3906,"stat.useItem.minecraft.red_mushroom_block":15,"stat.mineBlock.minecraft.packed_ice":11428,"stat.useItem.minecraft.leaves":13837,"stat.craftItem.minecraft.minecart":205,"stat.useItem.minecraft.cactus":48,"stat.useItem.minecraft.prismarine":9259,"stat.killEntity.Skeleton":721,"stat.mineBlock.minecraft.cactus":34,"stat.killEntity.Chicken":364,"stat.mineBlock.minecraft.redstone_torch":346,"stat.useItem.minecraft.iron_block":15606,"stat.killEntity.Spider":199,"stat.mineBlock.minecraft.quartz_ore":11094,"stat.craftItem.minecraft.tnt":4,"stat.craftItem.minecraft.spruce_fence":2208,"stat.craftItem.minecraft.fence":912,"stat.craftItem.minecraft.jungle_fence":81,"stat.useItem.minecraft.golden_apple":24,"stat.breakItem.minecraft.iron_axe":3,"stat.mineBlock.minecraft.leaves":22807,"stat.useItem.minecraft.hopper_minecart":2,"stat.mineBlock.minecraft.piston":180,"stat.mineBlock.minecraft.redstone_ore":2952,"stat.craftItem.minecraft.coal_block":207,"stat.mineBlock.minecraft.hay_block":100,"stat.useItem.minecraft.map":1,"stat.craftItem.minecraft.tripwire_hook":406,"stat.craftItem.minecraft.brick":6716,"achievement.cookFish":104,"stat.mineBlock.minecraft.stone":380345,"stat.useItem.minecraft.sandstone":37376}