{"stat.beaconInteraction":23,"stat.useItem.minecraft.bow":967,"stat.useItem.minecraft.quartz_block":3,"stat.leaveGame":512,"achievement.killWither":1,"stat.useItem.minecraft.glowstone":16,"stat.mineBlock.minecraft.sandstone":150,"stat.craftItem.minecraft.ender_eye":12,"stat.mineBlock.minecraft.stained_glass":80,"stat.killEntity.PigZombie":137,"stat.mineBlock.minecraft.web":161,"stat.craftItem.minecraft.stone_pressure_plate":40,"stat.entityKilledBy.PigZombie":5,"stat.craftItem.minecraft.stone_axe":1,"stat.useItem.minecraft.rail":1190,"stat.killEntity.Enderman":10422,"stat.mineBlock.minecraft.wooden_slab":381,"stat.useItem.minecraft.anvil":18,"stat.craftItem.minecraft.iron_shovel":15,"achievement.buildPickaxe":54,"stat.killEntity.Witch":11,"stat.mineBlock.minecraft.end_stone":556,"stat.useItem.minecraft.iron_pickaxe":4747,"stat.craftItem.minecraft.wooden_pickaxe":1,"stat.useItem.minecraft.iron_shovel":2971,"stat.craftItem.minecraft.bed":12,"stat.craftItem.minecraft.glass_pane":160,"stat.useItem.minecraft.hardened_clay":2,"stat.mineBlock.minecraft.hopper":176,"stat.mineBlock.minecraft.vine":8,"stat.mineBlock.minecraft.sticky_piston":11,"stat.useItem.minecraft.nether_wart":36,"stat.furnaceInteraction":179,"stat.mineBlock.minecraft.rail":782,"stat.craftItem.minecraft.leather_helmet":97,"stat.useItem.minecraft.end_stone":186,"stat.useItem.minecraft.double_plant":1,"stat.mineBlock.minecraft.wooden_button":15,"stat.useItem.minecraft.trapdoor":330,"stat.mineBlock.minecraft.stained_hardened_clay":3600,"stat.useItem.minecraft.stained_glass":634,"stat.craftItem.minecraft.prismarine":2322,"stat.useItem.minecraft.ice":35,"achievement.openInventory":11339,"stat.mineBlock.minecraft.sponge":344,"stat.useItem.minecraft.flint_and_steel":8,"stat.mineBlock.minecraft.fence":10,"stat.mineBlock.minecraft.sea_lantern":96,"stat.useItem.minecraft.wheat_seeds":2702,"stat.mineBlock.minecraft.dark_oak_fence_gate":2,"stat.useItem.minecraft.wooden_button":37,"stat.craftItem.minecraft.dropper":3,"stat.useItem.minecraft.dye":776,"stat.breakItem.minecraft.diamond_boots":1,"stat.deaths":96,"stat.craftItem.minecraft.item_frame":113,"stat.craftItem.minecraft.wooden_shovel":97,"stat.mineBlock.minecraft.stone_pressure_plate":8,"stat.useItem.minecraft.nether_brick":1204,"stat.craftItem.minecraft.iron_pickaxe":18,"stat.craftItem.minecraft.repeater":6,"stat.craftItem.minecraft.cooked_mutton":10,"stat.mineBlock.minecraft.tallgrass":761,"achievement.potion":157,"stat.chestOpened":4907,"stat.useItem.minecraft.lapis_ore":90,"stat.craftItem.minecraft.sign":225,"stat.useItem.minecraft.stone":8716,"stat.useItem.minecraft.jungle_fence":750,"stat.killEntity.Ghast":17,"stat.useItem.minecraft.ender_chest":269,"stat.craftItem.minecraft.quartz_block":536,"stat.craftItem.minecraft.coal":1389,"stat.craftItem.minecraft.ender_chest":12,"stat.crouchOneCm":3310834,"achievement.killCow":103,"stat.craftItem.minecraft.diamond":36,"stat.mineBlock.minecraft.chest":228,"stat.craftItem.minecraft.iron_ingot":3380,"stat.mineBlock.minecraft.hardened_clay":355,"stat.craftItem.minecraft.hopper":146,"stat.craftingTableInteraction":365,"stat.mineBlock.minecraft.wooden_pressure_plate":2,"stat.mineBlock.minecraft.log2":214,"stat.useItem.minecraft.dark_oak_fence":16,"stat.craftItem.minecraft.nether_brick":26,"stat.craftItem.minecraft.wooden_sword":1,"stat.craftItem.minecraft.diamond_shovel":12,"stat.mineBlock.minecraft.glass":32,"stat.mineBlock.minecraft.ender_chest":266,"stat.mineBlock.minecraft.dirt":21040,"stat.useItem.minecraft.bread":9,"stat.useItem.minecraft.cobblestone":2933,"stat.craftItem.minecraft.leather_boots":90,"stat.useItem.minecraft.gravel":37,"stat.mineBlock.minecraft.double_plant":49,"stat.minecartOneCm":7690213,"stat.useItem.minecraft.jungle_fence_gate":4,"stat.useItem.minecraft.yellow_flower":1,"stat.craftItem.minecraft.gold_ingot":1190,"stat.craftItem.minecraft.brewing_stand":2,"stat.useItem.minecraft.glass_pane":8,"stat.breakItem.minecraft.stone_shovel":2,"achievement.portal":888,"stat.craftItem.minecraft.bucket":48,"stat.useItem.minecraft.iron_sword":1590,"stat.craftItem.minecraft.planks":31647,"stat.itemEnchanted":120,"stat.mineBlock.minecraft.prismarine":412,"stat.craftItem.minecraft.fishing_rod":2,"stat.useItem.minecraft.stonebrick":3773,"stat.mineBlock.minecraft.log":5204,"stat.craftItem.minecraft.wooden_door":3,"stat.mineBlock.minecraft.waterlily":5,"stat.useItem.minecraft.wooden_door":1,"stat.useItem.minecraft.spruce_door":17,"achievement.acquireIron":141,"stat.craftItem.minecraft.paper":606,"stat.craftItem.minecraft.trapped_chest":25,"stat.craftItem.minecraft.spruce_door":18,"stat.cakeSlicesEaten":4,"stat.craftItem.minecraft.diamond_leggings":2,"stat.useItem.minecraft.iron_axe":1529,"stat.mineBlock.minecraft.pumpkin":6,"stat.mineBlock.minecraft.cobblestone":2141,"stat.useItem.minecraft.beacon":11,"stat.mineBlock.minecraft.yellow_flower":15,"stat.craftItem.minecraft.quartz_stairs":152,"stat.useItem.minecraft.skull":11,"stat.mineBlock.minecraft.stained_glass_pane":3,"achievement.buildWorkBench":143,"stat.useItem.minecraft.coal_block":10,"stat.craftItem.minecraft.arrow":380,"stat.mineBlock.minecraft.dropper":4,"stat.breakItem.minecraft.iron_pickaxe":9,"stat.useItem.minecraft.obsidian":828,"stat.craftItem.minecraft.furnace":69,"stat.craftItem.minecraft.lapis_block":250,"stat.useItem.minecraft.egg":1082,"stat.craftItem.minecraft.iron_boots":4,"stat.craftItem.minecraft.cooked_beef":204,"stat.mineBlock.minecraft.obsidian":1571,"stat.craftItem.minecraft.bow":9,"stat.useItem.minecraft.spruce_fence_gate":2,"stat.mineBlock.minecraft.clay":40,"stat.flyOneCm":16563592,"stat.craftItem.minecraft.stained_glass":744,"stat.craftItem.minecraft.emerald_block":3,"stat.timeSinceDeath":3288643,"stat.useItem.minecraft.wooden_slab":1565,"stat.craftItem.minecraft.beacon":1,"stat.craftItem.minecraft.iron_block":262,"stat.killEntity.Bat":24,"stat.craftItem.minecraft.stonebrick":7872,"stat.breakItem.minecraft.diamond_pickaxe":2,"stat.useItem.minecraft.potato":144,"stat.mineBlock.minecraft.coal_ore":7400,"stat.killEntity.Creeper":227,"stat.useItem.minecraft.armor_stand":176,"stat.talkedToVillager":47,"stat.breakItem.minecraft.iron_sword":3,"stat.craftItem.minecraft.stone_hoe":2,"stat.mineBlock.minecraft.ladder":111,"stat.useItem.minecraft.milk_bucket":4,"stat.entityKilledBy.Skeleton":1,"achievement.buildSword":16,"stat.useItem.minecraft.written_book":40,"stat.useItem.minecraft.dropper":4,"stat.killEntity.Squid":30,"stat.useItem.minecraft.diamond_shovel":33674,"stat.sprintOneCm":34002223,"stat.mineBlock.minecraft.stone_slab":1766,"stat.breakItem.minecraft.diamond_helmet":2,"stat.useItem.minecraft.snowball":62,"stat.mineBlock.minecraft.diamond_ore":227,"stat.craftItem.minecraft.wooden_pressure_plate":9,"stat.craftItem.minecraft.speckled_melon":6,"stat.craftItem.minecraft.redstone_lamp":215,"achievement.killEnemy":12222,"stat.craftItem.minecraft.golden_sword":1,"stat.craftItem.minecraft.leather_chestplate":90,"stat.useItem.minecraft.wooden_sword":19,"stat.useItem.minecraft.banner":29,"stat.breakItem.minecraft.iron_shovel":7,"stat.useItem.minecraft.ladder":619,"stat.useItem.minecraft.diamond_ore":90,"stat.killEntity.Zombie":796,"stat.craftItem.minecraft.dye":4694,"stat.killEntity.Guardian":4,"stat.craftItem.minecraft.diamond_axe":3,"stat.mineBlock.minecraft.gold_ore":454,"stat.craftItem.minecraft.slime_ball":585,"stat.diveOneCm":1754550,"stat.craftItem.minecraft.sandstone":597,"stat.mineBlock.minecraft.mossy_cobblestone":175,"stat.useItem.minecraft.sticky_piston":26,"stat.craftItem.minecraft.ladder":621,"achievement.buildHoe":2,"stat.mineBlock.minecraft.stone_button":5,"stat.useItem.minecraft.rotten_flesh":26,"stat.craftItem.minecraft.diamond_sword":3,"stat.useItem.minecraft.iron_trapdoor":1,"stat.useItem.minecraft.sand":1316,"stat.jump":100576,"stat.craftItem.minecraft.lever":208,"stat.craftItem.minecraft.torch":4872,"stat.useItem.minecraft.coal_ore":2694,"achievement.makeBread":18,"stat.craftItem.minecraft.fermented_spider_eye":18,"stat.mineBlock.minecraft.spruce_fence_gate":1,"stat.useItem.minecraft.dispenser":5,"stat.useItem.minecraft.glass":986,"stat.useItem.minecraft.sapling":638,"stat.mineBlock.minecraft.lapis_ore":293,"achievement.blazeRod":26,"stat.mineBlock.minecraft.glass_pane":7,"stat.brewingstandInteraction":205,"stat.damageTaken":87509,"stat.useItem.minecraft.stone_brick_stairs":1310,"stat.mineBlock.minecraft.torch":965,"stat.mineBlock.minecraft.red_flower":153,"stat.useItem.minecraft.acacia_door":2,"stat.mineBlock.minecraft.sapling":72,"stat.craftItem.minecraft.comparator":3,"stat.craftItem.minecraft.sea_lantern":65,"stat.useItem.minecraft.slime":22,"stat.entityKilledBy.Zombie":2,"stat.killEntity.Silverfish":3,"stat.craftItem.minecraft.stone_slab":8487,"stat.animalsBred":677,"stat.useItem.minecraft.chest":643,"stat.useItem.minecraft.tnt":94,"stat.useItem.minecraft.lava_bucket":4,"stat.useItem.minecraft.melon":141,"stat.useItem.minecraft.item_frame":159,"stat.craftItem.minecraft.iron_chestplate":4,"stat.useItem.minecraft.stained_hardened_clay":2141,"stat.useItem.minecraft.redstone_ore":362,"stat.useItem.minecraft.netherrack":3706,"stat.mineBlock.minecraft.tnt":5,"stat.mineBlock.minecraft.stonebrick":682,"stat.mineBlock.minecraft.glowstone":182,"stat.mobKills":67029,"stat.craftItem.minecraft.shears":9,"stat.useItem.minecraft.boat":59,"stat.craftItem.minecraft.lead":12,"stat.useItem.minecraft.mossy_cobblestone":117,"stat.useItem.minecraft.cobblestone_wall":1,"stat.breakItem.minecraft.diamond_shovel":2,"stat.useItem.minecraft.writable_book":22,"stat.breakItem.minecraft.wooden_shovel":2,"stat.craftItem.minecraft.spruce_stairs":696,"stat.useItem.minecraft.string":1,"stat.craftItem.minecraft.iron_axe":8,"stat.useItem.minecraft.soul_sand":21,"stat.killEntity.Blaze":22,"stat.useItem.minecraft.planks":765,"stat.mineBlock.minecraft.red_mushroom":26,"stat.useItem.minecraft.water_bucket":482,"achievement.overpowered":20,"stat.mineBlock.minecraft.stone_brick_stairs":368,"stat.mineBlock.minecraft.nether_brick_fence":45,"stat.craftItem.minecraft.golden_apple":16,"stat.mineBlock.minecraft.jungle_fence_gate":4,"stat.useItem.minecraft.golden_sword":213,"stat.craftItem.minecraft.dark_oak_fence":39,"achievement.diamonds":186,"stat.craftItem.minecraft.stone_sword":1,"stat.useItem.minecraft.ender_pearl":1011,"stat.mineBlock.minecraft.snow_layer":231,"stat.mineBlock.minecraft.sand":14658,"stat.craftItem.minecraft.slime":151,"achievement.buildBetterPickaxe":54,"stat.craftItem.minecraft.blaze_powder":20,"stat.hopperInspected":113,"stat.trappedChestTriggered":639,"achievement.breedCow":599,"stat.craftItem.minecraft.magma_cream":1,"stat.useItem.minecraft.oak_stairs":423,"stat.craftItem.minecraft.golden_carrot":23,"stat.useItem.minecraft.minecart":275,"stat.useItem.minecraft.cooked_mutton":16,"stat.useItem.minecraft.redstone":3361,"stat.mineBlock.minecraft.redstone_lamp":88,"achievement.mineWood":5203,"stat.useItem.minecraft.stone_stairs":69,"stat.useItem.minecraft.hopper":208,"stat.mineBlock.minecraft.soul_sand":152,"stat.mineBlock.minecraft.oak_stairs":121,"achievement.ghast":6,"stat.playOneMinute":16931879,"stat.craftItem.minecraft.diamond_block":5,"stat.useItem.minecraft.shears":1560,"stat.mineBlock.minecraft.dark_oak_fence":5,"stat.craftItem.minecraft.carpet":977,"stat.mineBlock.minecraft.netherrack":5307,"stat.mineBlock.minecraft.dispenser":3,"stat.useItem.minecraft.sponge":344,"stat.mineBlock.minecraft.ice":1004,"stat.craftItem.minecraft.redstone_torch":125,"stat.craftItem.minecraft.golden_rail":198,"stat.useItem.minecraft.packed_ice":6,"stat.useItem.minecraft.quartz_ore":893,"stat.fallOneCm":2398412,"stat.useItem.minecraft.trapped_chest":41,"stat.craftItem.minecraft.chest":665,"stat.craftItem.minecraft.banner":30,"stat.mineBlock.minecraft.lever":82,"stat.dropperInspected":41,"stat.useItem.minecraft.golden_rail":500,"stat.craftItem.minecraft.wooden_button":52,"stat.useItem.minecraft.furnace":102,"stat.mineBlock.minecraft.spruce_fence":97,"achievement.fullBeacon":9,"stat.craftItem.minecraft.dark_oak_fence_gate":1,"stat.mineBlock.minecraft.gravel":1401,"stat.useItem.minecraft.stone_pickaxe":132,"stat.craftItem.minecraft.iron_leggings":4,"stat.useItem.minecraft.stone_sword":112,"stat.mineBlock.minecraft.beacon":10,"stat.killEntity.Rabbit":2,"stat.useItem.minecraft.wool":204,"stat.craftItem.minecraft.oak_stairs":396,"stat.useItem.minecraft.iron_bars":5,"stat.mineBlock.minecraft.monster_egg":1,"stat.mineBlock.minecraft.quartz_stairs":70,"stat.useItem.minecraft.torch":5694,"stat.craftItem.minecraft.redstone_block":1268,"stat.craftItem.minecraft.stone_stairs":164,"stat.useItem.minecraft.log":1194,"stat.useItem.minecraft.comparator":10,"stat.craftItem.minecraft.crafting_table":76,"stat.craftItem.minecraft.boat":34,"stat.killEntity.LavaSlime":63,"stat.mineBlock.minecraft.emerald_ore":32,"stat.useItem.minecraft.cooked_fish":29,"achievement.theEnd2":38,"stat.craftItem.minecraft.stone_button":7,"stat.mineBlock.minecraft.golden_rail":180,"stat.mineBlock.minecraft.iron_block":529,"stat.craftItem.minecraft.snow":22,"stat.useItem.minecraft.wooden_pressure_plate":8,"stat.useItem.minecraft.stone_hoe":21,"stat.craftItem.minecraft.flower_pot":1,"stat.craftItem.minecraft.sugar":32,"stat.mineBlock.minecraft.cobblestone_wall":7,"stat.craftItem.minecraft.spruce_fence_gate":18,"stat.useItem.minecraft.baked_potato":270,"stat.useItem.minecraft.brewing_stand":15,"stat.useItem.minecraft.fishing_rod":367,"stat.craftItem.minecraft.diamond_chestplate":1,"stat.craftItem.minecraft.leather_leggings":89,"stat.craftItem.minecraft.sticky_piston":67,"stat.horseOneCm":19571,"stat.useItem.minecraft.repeater":26,"stat.mineBlock.minecraft.slime":10,"stat.craftItem.minecraft.stone_brick_stairs":1616,"stat.mineBlock.minecraft.brown_mushroom":9,"stat.useItem.minecraft.diamond_sword":3187,"stat.craftItem.minecraft.diamond_helmet":3,"stat.swimOneCm":1814163,"stat.climbOneCm":1803849,"stat.mineBlock.minecraft.spruce_stairs":207,"stat.craftItem.minecraft.gold_block":136,"stat.enderchestOpened":553,"stat.useItem.minecraft.redstone_torch":119,"stat.useItem.minecraft.dirt":6066,"achievement.exploreAllBiomes":{"value":0,"progress":["Sunflower Plains","Birch Forest","Roofed Forest","The End","Beach","Extreme Hills+","River","Ocean","Taiga","Swampland","Birch Forest Hills","Savanna Plateau","Mesa Plateau F","Mesa","ForestHills","Flower Forest","Plains","Ice Plains Spikes","TaigaHills","DesertHills","Stone Beach","Jungle","Birch Forest Hills M","Forest","Desert","Extreme Hills","Savanna M","Mesa (Bryce)","Deep Ocean","Savanna","Hell"]},"stat.useItem.minecraft.red_flower":1,"stat.craftItem.minecraft.trapdoor":294,"stat.craftItem.minecraft.stone_pickaxe":8,"stat.mineBlock.minecraft.carpet":16,"stat.mineBlock.minecraft.redstone_block":10,"stat.useItem.minecraft.stone_shovel":433,"stat.craftItem.minecraft.glass_bottle":90,"stat.useItem.minecraft.cooked_beef":1182,"stat.craftItem.minecraft.wooden_slab":1860,"stat.craftItem.minecraft.dispenser":5,"stat.craftItem.minecraft.book":202,"stat.mineBlock.minecraft.iron_ore":1997,"stat.useItem.minecraft.sign":142,"achievement.theEnd":10,"stat.useItem.minecraft.lever":281,"stat.mineBlock.minecraft.coal_block":10,"stat.breakItem.minecraft.golden_sword":2,"achievement.spawnWither":1,"stat.mineBlock.minecraft.nether_brick":1691,"stat.useItem.minecraft.chest_minecart":69,"stat.useItem.minecraft.sea_lantern":415,"stat.useItem.minecraft.spruce_fence":7697,"stat.craftItem.minecraft.chest_minecart":69,"stat.craftItem.minecraft.stick":13260,"stat.useItem.minecraft.stone_slab":6777,"stat.craftItem.minecraft.jungle_fence_gate":64,"stat.useItem.minecraft.bed":27,"stat.craftItem.minecraft.gold_nugget":121,"stat.craftItem.minecraft.stone":6048,"stat.craftItem.minecraft.armor_stand":129,"stat.mineBlock.minecraft.crafting_table":89,"stat.useItem.minecraft.stone_pressure_plate":34,"stat.useItem.minecraft.diamond_pickaxe":98975,"stat.mineBlock.minecraft.quartz_block":3,"stat.killEntity.Endermite":1,"stat.useItem.minecraft.carrot":355,"stat.useItem.minecraft.wooden_shovel":91,"stat.useItem.minecraft.bucket":635,"stat.breakItem.minecraft.shears":5,"achievement.buildFurnace":122,"stat.mineBlock.minecraft.planks":264,"stat.drop":197,"stat.killEntity.Sheep":27,"stat.craftItem.minecraft.diamond_pickaxe":15,"stat.craftItem.minecraft.piston":85,"stat.useItem.minecraft.quartz_stairs":213,"stat.useItem.minecraft.glass_bottle":125,"stat.killEntity.Slime":64,"stat.mineBlock.minecraft.anvil":13,"stat.useItem.minecraft.diamond_axe":5931,"stat.useItem.minecraft.waterlily":5,"stat.useItem.minecraft.carpet":1016,"stat.useItem.minecraft.potion":93,"stat.useItem.minecraft.flower_pot":1,"stat.useItem.minecraft.stone_axe":101,"stat.useItem.minecraft.piston":6,"stat.craftItem.minecraft.bread":9,"stat.useItem.minecraft.stone_button":14,"stat.craftItem.minecraft.iron_helmet":4,"stat.craftItem.minecraft.rail":416,"stat.useItem.minecraft.cooked_chicken":267,"stat.boatOneCm":362138,"stat.mineBlock.minecraft.iron_bars":75,"stat.craftItem.minecraft.flint_and_steel":4,"stat.useItem.minecraft.redstone_lamp":282,"stat.mineBlock.minecraft.leaves2":43,"stat.mineBlock.minecraft.stone_stairs":84,"stat.mineBlock.minecraft.furnace":62,"stat.dispenserInspected":99,"stat.useItem.minecraft.wooden_pickaxe":33,"stat.killEntity.CaveSpider":225,"stat.craftItem.minecraft.netherbrick":106,"stat.damageDealt":648795,"stat.craftItem.minecraft.glass":470,"stat.craftItem.minecraft.cauldron":1,"stat.craftItem.minecraft.baked_potato":81,"stat.craftItem.minecraft.anvil":5,"stat.mineBlock.minecraft.nether_brick_stairs":4,"stat.killEntity.Cow":669,"stat.useItem.minecraft.crafting_table":122,"stat.killEntity.Pig":4,"stat.craftItem.minecraft.iron_sword":10,"stat.craftItem.minecraft.stone_shovel":7,"stat.breakItem.minecraft.fishing_rod":7,"stat.walkOneCm":76806804,"stat.playerKills":22,"stat.mineBlock.minecraft.trapped_chest":18,"stat.useItem.minecraft.dark_oak_fence_gate":2,"stat.breakItem.minecraft.stone_pickaxe":1,"stat.craftItem.minecraft.writable_book":28,"stat.craftItem.minecraft.diamond_boots":2,"stat.useItem.minecraft.redstone_block":24,"stat.useItem.minecraft.spruce_stairs":634,"stat.mineBlock.minecraft.wool":191,"stat.craftItem.minecraft.redstone":4876,"stat.mineBlock.minecraft.packed_ice":80,"stat.useItem.minecraft.leaves":6,"stat.craftItem.minecraft.minecart":65,"stat.useItem.minecraft.cactus":21,"stat.useItem.minecraft.prismarine":1702,"stat.killEntity.Skeleton":266,"stat.mineBlock.minecraft.cactus":12,"stat.killEntity.Chicken":21,"stat.mineBlock.minecraft.redstone_torch":45,"stat.useItem.minecraft.iron_block":1110,"stat.killEntity.Spider":74,"stat.mineBlock.minecraft.quartz_ore":1966,"stat.craftItem.minecraft.tnt":31,"stat.craftItem.minecraft.spruce_fence":9507,"stat.craftItem.minecraft.jungle_fence":759,"stat.useItem.minecraft.golden_apple":15,"stat.breakItem.minecraft.iron_axe":3,"stat.mineBlock.minecraft.leaves":2593,"stat.mineBlock.minecraft.piston":6,"stat.mineBlock.minecraft.redstone_ore":1322,"stat.craftItem.minecraft.coal_block":712,"stat.craftItem.minecraft.tripwire_hook":34,"stat.craftItem.minecraft.brick":3,"stat.mineBlock.minecraft.stone":67589,"stat.useItem.minecraft.sandstone":437}