{"stat.crouchOneCm":11625,"stat.useItem.minecraft.chest":1,"stat.useItem.minecraft.stained_glass_pane":138,"stat.useItem.minecraft.stone_brick_stairs":67,"stat.useItem.minecraft.sticky_piston":4,"achievement.exploreAllBiomes":{"value":0,"progress":["Desert","JungleEdge","Taiga","Deep Ocean","Extreme Hills","Birch Forest Hills M","Jungle","Birch Forest Hills","DesertHills","Birch Forest","Mesa","River","Swampland","Sunflower Plains","Extreme Hills+","Mesa Plateau F","Flower Forest","Ocean","Plains","The End","Hell","ForestHills","Forest","Birch Forest M","Beach","Roofed Forest"]},"stat.useItem.minecraft.netherrack":9,"stat.useItem.minecraft.redstone_block":1,"stat.useItem.minecraft.end_stone":12,"stat.useItem.minecraft.stained_glass":529,"stat.useItem.minecraft.minecart":8,"achievement.openInventory":323,"stat.damageDealt":85,"stat.useItem.minecraft.quartz_stairs":269,"stat.fallOneCm":2660,"stat.flyOneCm":11903634,"stat.useItem.minecraft.stonebrick":42,"stat.useItem.minecraft.golden_rail":82,"stat.useItem.minecraft.stone":2546,"stat.useItem.minecraft.cactus":7,"stat.damageTaken":190,"stat.useItem.minecraft.torch":179,"stat.useItem.minecraft.trapped_chest":2,"stat.useItem.minecraft.rail":166,"stat.useItem.minecraft.ladder":82,"stat.useItem.minecraft.dispenser":7,"stat.useItem.minecraft.redstone_lamp":16,"stat.useItem.minecraft.flint_and_steel":10,"stat.climbOneCm":673,"stat.useItem.minecraft.redstone":30,"stat.drop":2,"stat.useItem.minecraft.hopper":19,"stat.useItem.minecraft.repeater":10,"stat.useItem.minecraft.nether_brick_fence":7,"stat.useItem.minecraft.stone_pressure_plate":4,"stat.leaveGame":108,"stat.useItem.minecraft.comparator":1,"stat.diveOneCm":17997,"stat.useItem.minecraft.lever":45,"stat.useItem.minecraft.sand":6,"stat.useItem.minecraft.snow":127,"stat.useItem.minecraft.stone_slab":785,"stat.timeSinceDeath":1295854,"stat.useItem.minecraft.birch_fence_gate":1,"stat.playOneMinute":1295855,"stat.useItem.minecraft.redstone_torch":13,"stat.useItem.minecraft.wool":148,"stat.jump":452,"stat.swimOneCm":17196,"stat.mobKills":1,"stat.killEntity.Skeleton":1,"stat.useItem.minecraft.slime":15,"stat.walkOneCm":249635,"stat.useItem.minecraft.sign":111,"stat.minecartOneCm":392710,"stat.useItem.minecraft.sea_lantern":54,"stat.sprintOneCm":17035,"stat.useItem.minecraft.dirt":264}