{"stat.beaconInteraction":15,"stat.useItem.minecraft.bow":30,"stat.leaveGame":91,"stat.useItem.minecraft.glowstone":34,"stat.craftItem.minecraft.stone_pressure_plate":15,"stat.mineBlock.minecraft.web":14,"stat.useItem.minecraft.activator_rail":6,"stat.useItem.minecraft.vine":18,"stat.craftItem.minecraft.noteblock":32,"stat.useItem.minecraft.rail":977,"stat.killEntity.Enderman":142,"stat.mineBlock.minecraft.wooden_slab":129,"stat.useItem.minecraft.anvil":3,"stat.craftItem.minecraft.iron_shovel":1,"achievement.buildPickaxe":99,"stat.killEntity.Witch":3,"stat.useItem.minecraft.iron_pickaxe":756,"stat.craftItem.minecraft.iron_door":3,"stat.useItem.minecraft.iron_shovel":195,"stat.craftItem.minecraft.bed":2,"stat.mineBlock.minecraft.hopper":62,"stat.mineBlock.minecraft.vine":170,"stat.mineBlock.minecraft.sticky_piston":56,"stat.useItem.minecraft.nether_wart":6,"stat.furnaceInteraction":541,"stat.useItem.minecraft.golden_carrot":8,"stat.mineBlock.minecraft.rail":362,"stat.noteblockPlayed":5,"stat.useItem.minecraft.trapdoor":99,"stat.mineBlock.minecraft.stained_hardened_clay":3,"stat.useItem.minecraft.fence":145,"achievement.openInventory":4210,"stat.useItem.minecraft.cauldron":13,"stat.useItem.minecraft.flint_and_steel":93,"stat.mineBlock.minecraft.fence":12,"stat.mineBlock.minecraft.sea_lantern":98,"stat.useItem.minecraft.wooden_button":1,"stat.craftItem.minecraft.dropper":22,"stat.useItem.minecraft.dye":78,"stat.deaths":24,"stat.craftItem.minecraft.melon_seeds":16,"stat.craftItem.minecraft.wooden_shovel":1,"stat.mineBlock.minecraft.stone_pressure_plate":3,"stat.useItem.minecraft.nether_brick":142,"stat.craftItem.minecraft.iron_pickaxe":3,"stat.craftItem.minecraft.repeater":54,"stat.craftItem.minecraft.cooked_mutton":4,"stat.mineBlock.minecraft.tallgrass":167,"stat.chestOpened":3027,"stat.craftItem.minecraft.sign":24,"stat.useItem.minecraft.stone":3439,"stat.useItem.minecraft.ender_chest":5,"stat.craftItem.minecraft.coal":405,"stat.crouchOneCm":455983,"stat.mineBlock.minecraft.chest":9,"stat.craftItem.minecraft.iron_ingot":1478,"stat.craftItem.minecraft.hopper":74,"stat.craftingTableInteraction":418,"stat.mineBlock.minecraft.wooden_pressure_plate":1,"stat.mineBlock.minecraft.log2":959,"stat.useItem.minecraft.reeds":19,"stat.craftItem.minecraft.nether_brick":484,"stat.craftItem.minecraft.diamond_shovel":7,"stat.mineBlock.minecraft.glass":6,"stat.mineBlock.minecraft.ender_chest":6,"stat.mineBlock.minecraft.daylight_detector":8,"stat.mineBlock.minecraft.dirt":3004,"stat.useItem.minecraft.cobblestone":776,"stat.mineBlock.minecraft.activator_rail":2,"stat.useItem.minecraft.gravel":543,"stat.mineBlock.minecraft.double_plant":1,"stat.minecartOneCm":2286478,"stat.breakItem.minecraft.golden_helmet":1,"stat.craftItem.minecraft.gold_ingot":322,"stat.craftItem.minecraft.brewing_stand":1,"stat.useItem.minecraft.tallgrass":52,"stat.craftItem.minecraft.bucket":17,"stat.useItem.minecraft.iron_sword":405,"stat.craftItem.minecraft.planks":6133,"stat.itemEnchanted":75,"stat.mineBlock.minecraft.prismarine":1,"stat.craftItem.minecraft.dirt":588,"stat.craftItem.minecraft.fishing_rod":16,"stat.useItem.minecraft.daylight_detector":10,"stat.useItem.minecraft.stonebrick":3202,"stat.mineBlock.minecraft.log":2274,"stat.mineBlock.minecraft.heavy_weighted_pressure_plate":2,"stat.cakeSlicesEaten":5,"stat.craftItem.minecraft.diamond_leggings":1,"stat.useItem.minecraft.iron_axe":341,"stat.craftItem.minecraft.tnt_minecart":5,"stat.mineBlock.minecraft.pumpkin":14,"stat.mineBlock.minecraft.cobblestone":300,"stat.useItem.minecraft.beacon":3,"stat.mineBlock.minecraft.yellow_flower":1,"stat.useItem.minecraft.skull":3,"stat.craftItem.minecraft.wool":4,"achievement.buildWorkBench":26,"stat.mineBlock.minecraft.dropper":13,"stat.breakItem.minecraft.iron_pickaxe":3,"stat.useItem.minecraft.obsidian":36,"stat.craftItem.minecraft.furnace":19,"stat.craftItem.minecraft.lapis_block":80,"stat.mineBlock.minecraft.detector_rail":21,"stat.craftItem.minecraft.iron_boots":9,"stat.mineBlock.minecraft.obsidian":36,"stat.craftItem.minecraft.bow":6,"stat.mineBlock.minecraft.clay":43,"stat.mineBlock.minecraft.noteblock":5,"stat.flyOneCm":3529328,"stat.timeSinceDeath":109317,"stat.cauldronFilled":5,"stat.useItem.minecraft.wooden_slab":371,"stat.craftItem.minecraft.beacon":1,"stat.useItem.minecraft.iron_door":2,"stat.killEntity.Bat":13,"stat.craftItem.minecraft.stonebrick":4055,"stat.breakItem.minecraft.diamond_pickaxe":1,"stat.mineBlock.minecraft.coal_ore":1021,"stat.killEntity.Creeper":79,"stat.talkedToVillager":5,"stat.craftItem.minecraft.stone_hoe":1,"stat.mineBlock.minecraft.red_mushroom_block":49,"stat.mineBlock.minecraft.ladder":18,"achievement.buildSword":78,"stat.useItem.minecraft.written_book":21,"stat.useItem.minecraft.dropper":23,"stat.useItem.minecraft.diamond_shovel":4488,"stat.sprintOneCm":14647179,"stat.mineBlock.minecraft.stone_slab":612,"stat.useItem.minecraft.snowball":28,"stat.mineBlock.minecraft.diamond_ore":130,"stat.craftItem.minecraft.wooden_pressure_plate":3,"stat.craftItem.minecraft.redstone_lamp":32,"achievement.killEnemy":506,"stat.useItem.minecraft.cake":8,"stat.useItem.minecraft.ladder":235,"stat.useItem.minecraft.diamond_ore":1,"stat.killEntity.Zombie":152,"stat.craftItem.minecraft.dye":270,"stat.useItem.minecraft.birch_stairs":54,"stat.craftItem.minecraft.diamond_axe":3,"stat.mineBlock.minecraft.gold_ore":219,"stat.craftItem.minecraft.slime_ball":27,"stat.diveOneCm":86141,"stat.useItem.minecraft.sticky_piston":95,"stat.craftItem.minecraft.ladder":240,"achievement.buildHoe":2,"stat.mineBlock.minecraft.stone_button":1,"stat.craftItem.minecraft.cooked_porkchop":9,"stat.useItem.minecraft.tnt_minecart":4,"stat.useItem.minecraft.heavy_weighted_pressure_plate":7,"stat.useItem.minecraft.rotten_flesh":478,"stat.craftItem.minecraft.diamond_sword":2,"stat.useItem.minecraft.sand":1,"stat.jump":29564,"stat.breakItem.minecraft.chainmail_chestplate":1,"stat.craftItem.minecraft.lever":75,"stat.craftItem.minecraft.torch":1148,"stat.useItem.minecraft.coal_ore":40,"stat.useItem.minecraft.dispenser":9,"stat.useItem.minecraft.glass":46,"stat.useItem.minecraft.sapling":349,"stat.mineBlock.minecraft.lapis_ore":82,"stat.mineBlock.minecraft.glass_pane":2,"stat.brewingstandInteraction":33,"stat.damageTaken":30469,"stat.useItem.minecraft.stone_brick_stairs":898,"stat.mineBlock.minecraft.torch":297,"stat.mineBlock.minecraft.melon_block":1,"stat.mineBlock.minecraft.red_flower":1,"stat.mineBlock.minecraft.sapling":27,"stat.noteblockTuned":1,"stat.craftItem.minecraft.comparator":29,"stat.craftItem.minecraft.glowstone":96,"stat.useItem.minecraft.slime":8,"stat.breakItem.minecraft.iron_leggings":1,"stat.craftItem.minecraft.stone_slab":826,"stat.useItem.minecraft.chest":49,"stat.useItem.minecraft.pumpkin":110,"stat.useItem.minecraft.tnt":716,"stat.useItem.minecraft.lava_bucket":36,"stat.useItem.minecraft.melon":86,"stat.craftItem.minecraft.iron_chestplate":9,"stat.useItem.minecraft.redstone_ore":23,"stat.useItem.minecraft.netherrack":425,"stat.mineBlock.minecraft.tnt":22,"stat.mineBlock.minecraft.stonebrick":1171,"stat.mineBlock.minecraft.glowstone":16,"stat.mobKills":6990,"stat.craftItem.minecraft.shears":5,"stat.useItem.minecraft.boat":6,"stat.useItem.minecraft.cobblestone_wall":248,"stat.breakItem.minecraft.diamond_shovel":1,"stat.useItem.minecraft.writable_book":1,"stat.craftItem.minecraft.nether_brick_stairs":100,"stat.craftItem.minecraft.spruce_stairs":252,"stat.craftItem.minecraft.iron_axe":1,"stat.useItem.minecraft.soul_sand":4,"stat.useItem.minecraft.mutton":2,"stat.useItem.minecraft.planks":922,"stat.useItem.minecraft.nether_brick_stairs":226,"stat.mineBlock.minecraft.red_mushroom":7,"stat.useItem.minecraft.water_bucket":90,"stat.mineBlock.minecraft.stone_brick_stairs":239,"stat.craftItem.minecraft.cobblestone_wall":180,"stat.craftItem.minecraft.stone_sword":2,"stat.useItem.minecraft.ender_pearl":256,"stat.mineBlock.minecraft.sand":61,"stat.craftItem.minecraft.cooked_fish":384,"stat.craftItem.minecraft.slime":101,"achievement.buildBetterPickaxe":99,"stat.craftItem.minecraft.blaze_powder":4,"stat.hopperInspected":293,"stat.breakItem.minecraft.flint_and_steel":1,"stat.trappedChestTriggered":167,"stat.craftItem.minecraft.magma_cream":2,"stat.useItem.minecraft.oak_stairs":296,"stat.mineBlock.minecraft.dark_oak_stairs":2,"stat.breakItem.minecraft.golden_chestplate":1,"stat.useItem.minecraft.dark_oak_stairs":2,"stat.mineBlock.minecraft.lapis_block":3,"stat.mineBlock.minecraft.birch_stairs":17,"stat.useItem.minecraft.minecart":149,"stat.useItem.minecraft.cooked_mutton":4,"stat.useItem.minecraft.redstone":514,"stat.mineBlock.minecraft.redstone_lamp":1,"achievement.mineWood":2947,"stat.useItem.minecraft.stone_stairs":240,"stat.useItem.minecraft.hopper":102,"stat.mineBlock.minecraft.soul_sand":20,"stat.craftItem.minecraft.heavy_weighted_pressure_plate":9,"stat.mineBlock.minecraft.oak_stairs":64,"stat.playOneMinute":6778910,"stat.useItem.minecraft.shears":703,"stat.craftItem.minecraft.carpet":42,"stat.mineBlock.minecraft.netherrack":1105,"stat.mineBlock.minecraft.dispenser":4,"stat.craftItem.minecraft.dark_oak_stairs":16,"stat.craftItem.minecraft.redstone_torch":216,"stat.craftItem.minecraft.golden_rail":324,"stat.useItem.minecraft.packed_ice":272,"stat.fallOneCm":792607,"stat.craftItem.minecraft.chest":130,"stat.mineBlock.minecraft.lever":6,"stat.dropperInspected":154,"stat.useItem.minecraft.golden_rail":401,"stat.craftItem.minecraft.detector_rail":18,"stat.craftItem.minecraft.wooden_button":5,"stat.useItem.minecraft.furnace":44,"stat.mineBlock.minecraft.spruce_fence":205,"stat.mineBlock.minecraft.snow":3,"stat.mineBlock.minecraft.gravel":1685,"stat.useItem.minecraft.stone_pickaxe":4,"stat.craftItem.minecraft.birch_stairs":40,"stat.craftItem.minecraft.iron_leggings":10,"stat.mineBlock.minecraft.beacon":2,"stat.useItem.minecraft.wool":226,"stat.craftItem.minecraft.oak_stairs":268,"stat.useItem.minecraft.torch":1538,"stat.craftItem.minecraft.redstone_block":160,"stat.craftItem.minecraft.stone_stairs":252,"stat.useItem.minecraft.log":355,"stat.useItem.minecraft.comparator":39,"stat.craftItem.minecraft.crafting_table":15,"stat.craftItem.minecraft.boat":4,"stat.killEntity.LavaSlime":3,"stat.useItem.minecraft.cooked_fish":703,"stat.craftItem.minecraft.stone_button":68,"stat.mineBlock.minecraft.golden_rail":119,"stat.craftItem.minecraft.hopper_minecart":14,"stat.mineBlock.minecraft.iron_block":173,"stat.useItem.minecraft.wooden_pressure_plate":3,"stat.useItem.minecraft.stone_hoe":8,"stat.craftItem.minecraft.flower_pot":28,"stat.mineBlock.minecraft.cobblestone_wall":159,"stat.useItem.minecraft.brewing_stand":3,"stat.useItem.minecraft.fishing_rod":100,"stat.craftItem.minecraft.diamond_chestplate":1,"stat.useItem.minecraft.lapis_block":3,"stat.craftItem.minecraft.sticky_piston":105,"stat.useItem.minecraft.repeater":171,"stat.useItem.minecraft.log2":755,"stat.mineBlock.minecraft.slime":5,"stat.craftItem.minecraft.stone_brick_stairs":780,"stat.mineBlock.minecraft.brown_mushroom":6,"stat.useItem.minecraft.diamond_sword":620,"stat.craftItem.minecraft.diamond_helmet":1,"stat.swimOneCm":330118,"stat.climbOneCm":397623,"stat.mineBlock.minecraft.spruce_stairs":233,"stat.enderchestOpened":192,"stat.useItem.minecraft.redstone_torch":117,"stat.useItem.minecraft.dirt":1696,"achievement.exploreAllBiomes":{"value":0,"progress":["Birch Forest","Roofed Forest","The End","Beach","River","Ocean","JungleEdge","Taiga","Swampland","Birch Forest Hills","Savanna Plateau","Mesa Plateau F","Mesa","ForestHills","Cold Taiga M","Plains","Mesa Plateau M","Ice Plains Spikes","TaigaHills","Jungle","Forest","JungleHills","Extreme Hills","Savanna M","Mesa (Bryce)","Deep Ocean","Savanna","Hell"]},"stat.useItem.minecraft.detector_rail":34,"stat.craftItem.minecraft.trapdoor":124,"stat.craftItem.minecraft.stone_pickaxe":25,"stat.mineBlock.minecraft.carpet":459,"stat.mineBlock.minecraft.redstone_block":17,"stat.craftItem.minecraft.glass_bottle":6,"stat.useItem.minecraft.red_mushroom":11,"stat.useItem.minecraft.cooked_beef":28,"stat.craftItem.minecraft.wooden_slab":522,"stat.craftItem.minecraft.dispenser":6,"stat.mineBlock.minecraft.iron_ore":238,"stat.useItem.minecraft.sign":23,"stat.useItem.minecraft.noteblock":9,"stat.useItem.minecraft.lever":50,"stat.useItem.minecraft.cooked_porkchop":10,"stat.mineBlock.minecraft.nether_brick":142,"stat.useItem.minecraft.chest_minecart":14,"stat.useItem.minecraft.sea_lantern":26,"stat.useItem.minecraft.spruce_fence":616,"stat.craftItem.minecraft.chest_minecart":14,"stat.craftItem.minecraft.stick":2080,"stat.useItem.minecraft.stone_slab":361,"stat.useItem.minecraft.bed":4,"stat.craftItem.minecraft.stone":752,"stat.mineBlock.minecraft.crafting_table":7,"stat.useItem.minecraft.stone_pressure_plate":9,"stat.useItem.minecraft.diamond_pickaxe":57730,"stat.killEntity.Endermite":3,"stat.useItem.minecraft.carrot":1,"stat.useItem.minecraft.bucket":142,"stat.breakItem.minecraft.shears":5,"achievement.buildFurnace":38,"stat.mineBlock.minecraft.planks":240,"stat.drop":353,"stat.killEntity.Sheep":3,"stat.craftItem.minecraft.diamond_pickaxe":23,"stat.useItem.minecraft.melon_seeds":8,"stat.craftItem.minecraft.piston":100,"stat.useItem.minecraft.glass_bottle":9,"stat.killEntity.Slime":4,"stat.mineBlock.minecraft.anvil":2,"stat.useItem.minecraft.diamond_axe":3992,"stat.useItem.minecraft.apple":6,"stat.useItem.minecraft.porkchop":6,"stat.useItem.minecraft.carpet":139,"stat.useItem.minecraft.potion":5,"stat.useItem.minecraft.flower_pot":17,"stat.useItem.minecraft.piston":12,"stat.craftItem.minecraft.iron_helmet":9,"stat.useItem.minecraft.stone_button":5,"stat.craftItem.minecraft.rail":576,"stat.useItem.minecraft.cooked_chicken":2,"stat.boatOneCm":57816,"stat.craftItem.minecraft.flint_and_steel":7,"stat.mineBlock.minecraft.leaves2":26,"stat.mineBlock.minecraft.stone_stairs":125,"stat.craftItem.minecraft.activator_rail":6,"stat.mineBlock.minecraft.furnace":24,"stat.dispenserInspected":37,"stat.killEntity.CaveSpider":3,"stat.craftItem.minecraft.netherbrick":1950,"stat.damageDealt":123463,"stat.craftItem.minecraft.cauldron":3,"stat.craftItem.minecraft.anvil":3,"stat.mineBlock.minecraft.nether_brick_stairs":226,"stat.useItem.minecraft.crafting_table":20,"stat.killEntity.Pig":5,"stat.craftItem.minecraft.iron_sword":35,"stat.craftItem.minecraft.stone_shovel":1,"stat.walkOneCm":30480278,"stat.craftItem.minecraft.diamond_boots":6,"stat.useItem.minecraft.redstone_block":18,"stat.useItem.minecraft.spruce_stairs":396,"stat.mineBlock.minecraft.wool":283,"stat.craftItem.minecraft.redstone":406,"stat.mineBlock.minecraft.packed_ice":1195,"stat.useItem.minecraft.leaves":196,"stat.craftItem.minecraft.minecart":34,"stat.useItem.minecraft.prismarine":1,"stat.killEntity.Skeleton":100,"stat.mineBlock.minecraft.redstone_torch":61,"stat.useItem.minecraft.iron_block":501,"stat.killEntity.Spider":18,"stat.mineBlock.minecraft.quartz_ore":16,"stat.craftItem.minecraft.spruce_fence":543,"stat.craftItem.minecraft.fence":153,"stat.useItem.minecraft.golden_apple":2,"stat.breakItem.minecraft.iron_axe":1,"stat.useItem.minecraft.hopper_minecart":14,"stat.mineBlock.minecraft.leaves":705,"stat.mineBlock.minecraft.piston":12,"stat.mineBlock.minecraft.redstone_ore":567,"stat.craftItem.minecraft.coal_block":45,"stat.craftItem.minecraft.brick":42,"achievement.cookFish":17,"stat.mineBlock.minecraft.stone":49897}