{"stat.beaconInteraction":20,"stat.useItem.minecraft.bow":220,"stat.useItem.minecraft.quartz_block":273,"stat.useItem.minecraft.painting":23,"stat.craftItem.minecraft.diamond_hoe":4,"stat.leaveGame":754,"stat.useItem.minecraft.glowstone":409,"stat.mineBlock.minecraft.sandstone":7682,"stat.craftItem.minecraft.ender_eye":34,"stat.mineBlock.minecraft.stained_glass":227,"stat.killEntity.PigZombie":7,"stat.craftItem.minecraft.stone_pressure_plate":136,"stat.mineBlock.minecraft.web":41,"stat.useItem.minecraft.diamond_hoe":46,"stat.useItem.minecraft.sandstone_stairs":301,"stat.useItem.minecraft.activator_rail":5,"stat.useItem.minecraft.vine":148,"stat.craftItem.minecraft.noteblock":72,"stat.useItem.minecraft.rail":983,"stat.killEntity.Enderman":5747,"stat.mineBlock.minecraft.wooden_slab":614,"stat.useItem.minecraft.anvil":10,"stat.craftItem.minecraft.iron_shovel":14,"achievement.buildPickaxe":97,"stat.killEntity.Witch":8,"stat.mineBlock.minecraft.end_stone":12,"stat.useItem.minecraft.iron_pickaxe":18,"stat.craftItem.minecraft.wooden_pickaxe":1,"stat.craftItem.minecraft.iron_door":48,"stat.useItem.minecraft.iron_shovel":2747,"stat.mineBlock.minecraft.brick_block":29,"stat.craftItem.minecraft.bed":13,"stat.craftItem.minecraft.glass_pane":512,"stat.useItem.minecraft.hardened_clay":379,"stat.mineBlock.minecraft.hopper":583,"stat.mineBlock.minecraft.vine":249,"stat.mineBlock.minecraft.sticky_piston":365,"stat.useItem.minecraft.nether_wart":177,"stat.furnaceInteraction":128,"stat.useItem.minecraft.golden_carrot":438,"stat.mineBlock.minecraft.rail":631,"stat.useItem.minecraft.pumpkin_seeds":44,"stat.craftItem.minecraft.leather_helmet":10,"stat.useItem.minecraft.end_stone":9,"stat.mineBlock.minecraft.wooden_button":23,"stat.useItem.minecraft.trapdoor":12,"stat.mineBlock.minecraft.stained_hardened_clay":8736,"stat.useItem.minecraft.stained_glass":2045,"stat.useItem.minecraft.fence":2437,"stat.useItem.minecraft.ice":2,"achievement.openInventory":28636,"stat.craftItem.minecraft.daylight_detector":4,"stat.mineBlock.minecraft.sponge":585,"stat.useItem.minecraft.cauldron":50,"stat.useItem.minecraft.flint_and_steel":11,"stat.mineBlock.minecraft.fence":265,"stat.mineBlock.minecraft.sea_lantern":301,"stat.useItem.minecraft.wheat_seeds":1366,"stat.useItem.minecraft.wooden_button":58,"stat.craftItem.minecraft.dropper":257,"stat.useItem.minecraft.dye":2604,"stat.useItem.minecraft.beef":6,"stat.deaths":11276,"stat.craftItem.minecraft.melon_seeds":117,"stat.craftItem.minecraft.item_frame":209,"stat.craftItem.minecraft.wooden_shovel":3,"stat.mineBlock.minecraft.stone_pressure_plate":26,"stat.useItem.minecraft.nether_brick":5,"stat.craftItem.minecraft.iron_pickaxe":1,"stat.craftItem.minecraft.repeater":1020,"stat.craftItem.minecraft.cooked_mutton":8,"stat.mineBlock.minecraft.tallgrass":637,"stat.chestOpened":10440,"stat.useItem.minecraft.lapis_ore":67,"stat.craftItem.minecraft.sign":481,"stat.useItem.minecraft.stone":11069,"stat.useItem.minecraft.jungle_fence":1,"stat.killEntity.Ghast":6,"stat.useItem.minecraft.ender_chest":25,"stat.craftItem.minecraft.quartz_block":892,"stat.useItem.minecraft.clay":157,"stat.craftItem.minecraft.coal":153,"stat.craftItem.minecraft.ender_chest":34,"stat.crouchOneCm":3072974,"achievement.killCow":5,"stat.mineBlock.minecraft.chest":341,"stat.craftItem.minecraft.iron_ingot":17330,"stat.mineBlock.minecraft.hardened_clay":2428,"stat.craftItem.minecraft.hopper":2017,"stat.craftingTableInteraction":1186,"stat.mineBlock.minecraft.wooden_pressure_plate":3,"stat.mineBlock.minecraft.log2":248,"achievement.bakeCake":32,"stat.useItem.minecraft.reeds":505,"stat.craftItem.minecraft.nether_brick":242,"stat.mineBlock.minecraft.jungle_fence":2,"stat.craftItem.minecraft.diamond_shovel":22,"stat.mineBlock.minecraft.glass":443,"stat.useItem.minecraft.enchanting_table":2,"stat.mineBlock.minecraft.ender_chest":1,"stat.mineBlock.minecraft.dirt":27433,"stat.useItem.minecraft.bread":88,"stat.useItem.minecraft.cobblestone":10523,"stat.mineBlock.minecraft.activator_rail":1,"stat.craftItem.minecraft.leather_boots":13,"stat.useItem.minecraft.gravel":255,"stat.mineBlock.minecraft.double_plant":20,"stat.minecartOneCm":42031000,"stat.craftItem.minecraft.gold_ingot":2335,"stat.craftItem.minecraft.brewing_stand":8,"stat.useItem.minecraft.glass_pane":460,"stat.breakItem.minecraft.stone_shovel":55,"achievement.portal":1191,"stat.craftItem.minecraft.bucket":260,"stat.useItem.minecraft.iron_sword":48,"stat.craftItem.minecraft.planks":49688,"stat.itemEnchanted":62,"stat.mineBlock.minecraft.prismarine":25,"stat.useItem.minecraft.daylight_detector":4,"stat.useItem.minecraft.stonebrick":1445,"stat.mineBlock.minecraft.log":14841,"stat.craftItem.minecraft.wooden_door":3,"stat.mineBlock.minecraft.heavy_weighted_pressure_plate":12,"stat.mineBlock.minecraft.waterlily":56,"stat.useItem.minecraft.wooden_door":1,"stat.useItem.minecraft.spruce_door":5,"achievement.acquireIron":13,"stat.craftItem.minecraft.paper":790,"stat.craftItem.minecraft.trapped_chest":565,"stat.craftItem.minecraft.spruce_door":9,"stat.craftItem.minecraft.diamond_leggings":4,"stat.useItem.minecraft.iron_axe":286,"stat.mineBlock.minecraft.pumpkin":259,"stat.mineBlock.minecraft.cobblestone":5927,"stat.useItem.minecraft.beacon":8,"stat.mineBlock.minecraft.yellow_flower":35,"stat.craftItem.minecraft.quartz_stairs":180,"stat.useItem.minecraft.skull":9,"stat.craftItem.minecraft.wool":2209,"stat.mineBlock.minecraft.stained_glass_pane":84,"stat.useItem.minecraft.snow":4678,"achievement.buildWorkBench":136,"stat.useItem.minecraft.coal_block":24,"stat.mineBlock.minecraft.dropper":89,"stat.useItem.minecraft.obsidian":77,"stat.craftItem.minecraft.furnace":758,"stat.craftItem.minecraft.lapis_block":95,"stat.mineBlock.minecraft.detector_rail":11,"stat.useItem.minecraft.egg":1638,"stat.craftItem.minecraft.iron_boots":3,"stat.craftItem.minecraft.cooked_beef":4,"stat.mineBlock.minecraft.obsidian":360,"stat.craftItem.minecraft.bow":103,"stat.useItem.minecraft.spruce_fence_gate":2,"stat.mineBlock.minecraft.clay":460,"stat.mineBlock.minecraft.noteblock":72,"stat.useItem.minecraft.brick_block":29,"stat.flyOneCm":48636934,"stat.craftItem.minecraft.stained_glass":2352,"stat.timeSinceDeath":994908,"stat.craftItem.minecraft.painting":4,"stat.useItem.minecraft.wooden_slab":3714,"stat.craftItem.minecraft.beacon":1,"stat.useItem.minecraft.iron_door":41,"stat.craftItem.minecraft.iron_block":200,"stat.killEntity.Bat":5,"stat.craftItem.minecraft.stonebrick":1480,"stat.breakItem.minecraft.diamond_pickaxe":3,"stat.useItem.minecraft.potato":82,"stat.mineBlock.minecraft.coal_ore":4558,"stat.killEntity.Creeper":237,"stat.useItem.minecraft.armor_stand":125,"stat.craftItem.minecraft.stone_hoe":21,"stat.mineBlock.minecraft.ladder":109,"stat.useItem.minecraft.milk_bucket":1,"achievement.buildSword":18,"stat.useItem.minecraft.written_book":70,"stat.useItem.minecraft.dropper":274,"stat.killEntity.Squid":6,"stat.useItem.minecraft.diamond_shovel":44617,"stat.sprintOneCm":66117274,"stat.mineBlock.minecraft.stone_slab":6829,"stat.breakItem.minecraft.diamond_helmet":2,"stat.useItem.minecraft.snowball":40,"stat.mineBlock.minecraft.diamond_ore":220,"stat.craftItem.minecraft.wooden_pressure_plate":6,"stat.craftItem.minecraft.redstone_lamp":360,"achievement.killEnemy":7539,"stat.craftItem.minecraft.leather_chestplate":14,"stat.useItem.minecraft.cake":17,"stat.useItem.minecraft.banner":30,"stat.breakItem.minecraft.iron_shovel":10,"stat.entityKilledBy.Slime":1,"stat.useItem.minecraft.ladder":628,"stat.useItem.minecraft.diamond_ore":52,"stat.killEntity.Zombie":674,"stat.craftItem.minecraft.dye":30433,"stat.useItem.minecraft.birch_stairs":152,"stat.craftItem.minecraft.sandstone_stairs":672,"stat.craftItem.minecraft.diamond_axe":10,"stat.mineBlock.minecraft.gold_ore":251,"stat.craftItem.minecraft.slime_ball":297,"stat.diveOneCm":2441710,"stat.craftItem.minecraft.sandstone":1498,"stat.useItem.minecraft.sticky_piston":992,"stat.craftItem.minecraft.ladder":492,"achievement.buildHoe":58,"stat.mineBlock.minecraft.stone_button":69,"stat.craftItem.minecraft.cooked_porkchop":14,"stat.useItem.minecraft.heavy_weighted_pressure_plate":88,"stat.useItem.minecraft.rotten_flesh":94,"stat.craftItem.minecraft.diamond_sword":8,"stat.useItem.minecraft.iron_trapdoor":1,"stat.useItem.minecraft.sand":2507,"stat.jump":268941,"stat.craftItem.minecraft.lever":169,"stat.craftItem.minecraft.torch":3232,"stat.useItem.minecraft.coal_ore":656,"achievement.makeBread":177,"stat.mineBlock.minecraft.spruce_fence_gate":1,"stat.useItem.minecraft.dispenser":234,"stat.useItem.minecraft.glass":3671,"stat.useItem.minecraft.sapling":1472,"stat.mineBlock.minecraft.lapis_ore":226,"stat.mineBlock.minecraft.glass_pane":98,"stat.damageTaken":2321059,"stat.useItem.minecraft.stone_brick_stairs":24,"stat.mineBlock.minecraft.torch":743,"stat.mineBlock.minecraft.red_flower":43,"stat.useItem.minecraft.gold_block":99,"stat.mineBlock.minecraft.sapling":24,"stat.noteblockTuned":111,"stat.mineBlock.minecraft.sandstone_stairs":48,"stat.craftItem.minecraft.comparator":396,"stat.craftItem.minecraft.sea_lantern":704,"stat.craftItem.minecraft.glowstone":928,"stat.useItem.minecraft.slime":347,"stat.useItem.minecraft.birch_fence":133,"stat.killEntity.Silverfish":4,"stat.craftItem.minecraft.stone_slab":34916,"stat.mineBlock.minecraft.birch_fence":6,"stat.animalsBred":375,"stat.useItem.minecraft.chest":1183,"stat.useItem.minecraft.pumpkin":509,"stat.useItem.minecraft.tnt":37,"stat.useItem.minecraft.gold_ore":11,"stat.useItem.minecraft.lava_bucket":25,"stat.useItem.minecraft.melon":196,"stat.useItem.minecraft.item_frame":240,"stat.craftItem.minecraft.iron_chestplate":3,"stat.useItem.minecraft.stained_hardened_clay":6097,"stat.useItem.minecraft.redstone_ore":492,"stat.breakItem.minecraft.stone_hoe":3,"stat.useItem.minecraft.netherrack":513,"stat.craftItem.minecraft.bookshelf":36,"stat.useItem.minecraft.tripwire_hook":71,"stat.mineBlock.minecraft.stonebrick":1455,"stat.mineBlock.minecraft.glowstone":265,"stat.mobKills":51190,"stat.mineBlock.minecraft.bookshelf":3,"stat.craftItem.minecraft.shears":25,"stat.useItem.minecraft.boat":2,"stat.craftItem.minecraft.lead":24,"stat.useItem.minecraft.cobblestone_wall":193,"stat.breakItem.minecraft.diamond_shovel":1,"stat.useItem.minecraft.writable_book":90,"achievement.bookcase":32,"stat.craftItem.minecraft.nether_brick_stairs":40,"stat.craftItem.minecraft.spruce_stairs":172,"stat.useItem.minecraft.string":263,"stat.useItem.minecraft.bookshelf":39,"stat.craftItem.minecraft.iron_axe":2,"stat.useItem.minecraft.soul_sand":46,"stat.killEntity.Ozelot":23,"stat.useItem.minecraft.lead":1,"stat.useItem.minecraft.mutton":3,"stat.useItem.minecraft.planks":1765,"stat.useItem.minecraft.nether_brick_stairs":35,"stat.mineBlock.minecraft.red_mushroom":2,"stat.useItem.minecraft.water_bucket":661,"stat.mineBlock.minecraft.stone_brick_stairs":16,"achievement.diamonds":216,"stat.craftItem.minecraft.lit_pumpkin":123,"stat.craftItem.minecraft.cobblestone_wall":364,"stat.useItem.minecraft.ender_pearl":229,"stat.mineBlock.minecraft.snow_layer":10098,"stat.mineBlock.minecraft.sand":12977,"stat.craftItem.minecraft.slime":286,"achievement.buildBetterPickaxe":97,"stat.craftItem.minecraft.blaze_powder":60,"stat.hopperInspected":1106,"stat.craftItem.minecraft.birch_door":3,"stat.trappedChestTriggered":5495,"achievement.breedCow":79,"stat.craftItem.minecraft.magma_cream":1,"stat.useItem.minecraft.oak_stairs":38,"stat.craftItem.minecraft.acacia_stairs":4,"stat.craftItem.minecraft.pumpkin_seeds":296,"stat.mineBlock.minecraft.lapis_block":8,"stat.mineBlock.minecraft.birch_stairs":7,"stat.useItem.minecraft.minecart":179,"stat.useItem.minecraft.cooked_mutton":17,"stat.useItem.minecraft.redstone":5214,"achievement.overkill":125,"stat.mineBlock.minecraft.redstone_lamp":80,"achievement.mineWood":13039,"stat.useItem.minecraft.stone_stairs":261,"stat.mineBlock.minecraft.brick_stairs":12,"stat.useItem.minecraft.hopper":2565,"stat.mineBlock.minecraft.soul_sand":421,"stat.craftItem.minecraft.heavy_weighted_pressure_plate":116,"stat.mineBlock.minecraft.oak_stairs":6,"achievement.ghast":1,"stat.playOneMinute":36772996,"stat.useItem.minecraft.shears":3088,"stat.mineBlock.minecraft.dark_oak_fence":1,"stat.craftItem.minecraft.carpet":195,"stat.mineBlock.minecraft.netherrack":16022,"stat.mineBlock.minecraft.dispenser":107,"stat.useItem.minecraft.sponge":585,"stat.mineBlock.minecraft.ice":30,"stat.craftItem.minecraft.dark_oak_stairs":4,"stat.craftItem.minecraft.redstone_torch":4091,"stat.craftItem.minecraft.golden_rail":2112,"stat.useItem.minecraft.packed_ice":6432,"stat.useItem.minecraft.quartz_ore":1759,"stat.mineBlock.minecraft.gold_block":7,"stat.craftItem.minecraft.iron_hoe":5,"stat.fallOneCm":6888117,"stat.useItem.minecraft.trapped_chest":692,"stat.craftItem.minecraft.chest":3536,"stat.craftItem.minecraft.banner":105,"stat.mineBlock.minecraft.lever":54,"stat.useItem.minecraft.iron_hoe":105,"stat.dropperInspected":740,"stat.useItem.minecraft.golden_rail":2662,"stat.craftItem.minecraft.detector_rail":72,"stat.craftItem.minecraft.wooden_button":69,"stat.useItem.minecraft.furnace":707,"stat.mineBlock.minecraft.spruce_fence":130,"stat.mineBlock.minecraft.snow":761,"stat.mineBlock.minecraft.gravel":4100,"stat.useItem.minecraft.stone_pickaxe":640,"stat.craftItem.minecraft.birch_stairs":160,"stat.craftItem.minecraft.iron_leggings":3,"stat.mineBlock.minecraft.beacon":11,"stat.killEntity.Rabbit":2,"stat.useItem.minecraft.wool":4298,"stat.craftItem.minecraft.oak_stairs":84,"stat.useItem.minecraft.iron_bars":600,"stat.mineBlock.minecraft.quartz_stairs":57,"stat.useItem.minecraft.torch":3357,"stat.craftItem.minecraft.redstone_block":576,"stat.craftItem.minecraft.stone_stairs":232,"stat.useItem.minecraft.log":2238,"stat.useItem.minecraft.comparator":505,"stat.craftItem.minecraft.crafting_table":83,"stat.craftItem.minecraft.boat":8,"stat.killEntity.LavaSlime":1,"stat.useItem.minecraft.cooked_fish":2,"stat.craftItem.minecraft.stone_button":121,"stat.mineBlock.minecraft.golden_rail":411,"stat.craftItem.minecraft.hopper_minecart":9,"stat.breakItem.minecraft.diamond_chestplate":1,"stat.mineBlock.minecraft.iron_block":10295,"stat.useItem.minecraft.birch_door":1,"stat.mineBlock.minecraft.tripwire_hook":10,"stat.craftItem.minecraft.snow":4976,"stat.useItem.minecraft.wooden_pressure_plate":8,"stat.craftItem.minecraft.cooked_chicken":9,"stat.useItem.minecraft.stone_hoe":574,"stat.craftItem.minecraft.sugar":182,"stat.mineBlock.minecraft.cobblestone_wall":15,"stat.craftItem.minecraft.spruce_fence_gate":13,"stat.useItem.minecraft.baked_potato":678,"stat.useItem.minecraft.brewing_stand":4,"stat.craftItem.minecraft.enchanting_table":2,"stat.useItem.minecraft.web":14,"stat.craftItem.minecraft.diamond_chestplate":3,"stat.useItem.minecraft.brick_stairs":12,"stat.craftItem.minecraft.leather_leggings":13,"stat.useItem.minecraft.lapis_block":8,"stat.craftItem.minecraft.sticky_piston":785,"stat.horseOneCm":10215,"stat.useItem.minecraft.repeater":1411,"stat.useItem.minecraft.log2":39,"stat.mineBlock.minecraft.slime":141,"stat.mineBlock.minecraft.brown_mushroom":19,"stat.useItem.minecraft.diamond_sword":4050,"stat.craftItem.minecraft.diamond_helmet":3,"stat.craftItem.minecraft.iron_trapdoor":1,"stat.swimOneCm":4433993,"stat.climbOneCm":2986202,"stat.mineBlock.minecraft.spruce_stairs":90,"stat.craftItem.minecraft.gold_block":95,"stat.enderchestOpened":197,"stat.useItem.minecraft.redstone_torch":1214,"stat.useItem.minecraft.dirt":6659,"achievement.exploreAllBiomes":{"value":0,"progress":["Sunflower Plains","Cold Taiga","Birch Forest","Roofed Forest","MushroomIslandShore","Taiga M","The End","Beach","Extreme Hills+","River","Ocean","Taiga","Mega Taiga","MushroomIsland","Swampland","Birch Forest Hills","Mesa Plateau F","Mesa","ForestHills","Flower Forest","Plains","Mesa Plateau M","Ice Plains Spikes","TaigaHills","DesertHills","Ice Plains","Birch Forest Hills M","Forest","Desert","Extreme Hills","Mesa (Bryce)","Deep Ocean","Savanna","Hell"]},"stat.useItem.minecraft.red_flower":4,"stat.useItem.minecraft.iron_ore":26,"stat.useItem.minecraft.detector_rail":28,"stat.craftItem.minecraft.trapdoor":4,"stat.craftItem.minecraft.stone_pickaxe":5,"stat.mineBlock.minecraft.carpet":54,"stat.mineBlock.minecraft.redstone_block":290,"stat.useItem.minecraft.stone_shovel":7384,"stat.craftItem.minecraft.glass_bottle":3,"stat.useItem.minecraft.cooked_beef":614,"stat.craftItem.minecraft.wooden_slab":4124,"stat.craftItem.minecraft.dispenser":97,"stat.craftItem.minecraft.book":207,"stat.mineBlock.minecraft.iron_ore":2191,"stat.useItem.minecraft.sign":417,"stat.useItem.minecraft.noteblock":86,"stat.craftItem.minecraft.cake":17,"stat.useItem.minecraft.lever":159,"stat.mineBlock.minecraft.coal_block":16,"stat.useItem.minecraft.cooked_porkchop":19,"stat.mineBlock.minecraft.nether_brick":5,"stat.craftItem.minecraft.brick_block":23,"stat.useItem.minecraft.sea_lantern":1749,"stat.craftItem.minecraft.snow_layer":64,"stat.useItem.minecraft.spruce_fence":180,"stat.craftItem.minecraft.stick":12281,"stat.useItem.minecraft.stone_slab":39314,"stat.craftItem.minecraft.stained_hardened_clay":1864,"stat.useItem.minecraft.bed":24,"stat.craftItem.minecraft.stone":5773,"stat.craftItem.minecraft.armor_stand":93,"stat.mineBlock.minecraft.crafting_table":50,"stat.useItem.minecraft.stone_pressure_plate":61,"stat.useItem.minecraft.diamond_pickaxe":266533,"stat.mineBlock.minecraft.quartz_block":81,"stat.killEntity.Endermite":2,"stat.useItem.minecraft.carrot":535,"stat.useItem.minecraft.bucket":814,"stat.entityKilledBy.Creeper":2,"stat.breakItem.minecraft.shears":10,"achievement.buildFurnace":1513,"stat.mineBlock.minecraft.planks":690,"stat.drop":224,"stat.killEntity.Sheep":27,"stat.craftItem.minecraft.diamond_pickaxe":54,"stat.useItem.minecraft.melon_seeds":44,"stat.craftItem.minecraft.clay":222,"stat.craftItem.minecraft.piston":1293,"stat.useItem.minecraft.quartz_stairs":225,"stat.killEntity.Slime":420,"stat.mineBlock.minecraft.anvil":7,"stat.useItem.minecraft.diamond_axe":18993,"stat.useItem.minecraft.waterlily":6,"stat.useItem.minecraft.apple":3,"stat.useItem.minecraft.porkchop":24,"stat.useItem.minecraft.carpet":187,"stat.useItem.minecraft.potion":111,"stat.craftItem.minecraft.brick_stairs":8,"stat.useItem.minecraft.piston":641,"stat.craftItem.minecraft.bread":132,"stat.useItem.minecraft.stone_button":148,"stat.craftItem.minecraft.iron_helmet":3,"stat.craftItem.minecraft.rail":1296,"stat.useItem.minecraft.cooked_chicken":3010,"stat.boatOneCm":26957,"stat.mineBlock.minecraft.iron_bars":124,"stat.craftItem.minecraft.flint_and_steel":3,"stat.useItem.minecraft.redstone_lamp":294,"stat.mineBlock.minecraft.leaves2":50,"stat.mineBlock.minecraft.stone_stairs":153,"stat.craftItem.minecraft.activator_rail":42,"stat.craftItem.minecraft.iron_bars":948,"stat.mineBlock.minecraft.furnace":138,"stat.dispenserInspected":363,"stat.useItem.minecraft.wooden_pickaxe":4,"stat.killEntity.CaveSpider":21,"stat.craftItem.minecraft.birch_fence":189,"stat.damageDealt":572444,"stat.craftItem.minecraft.glass":51,"stat.craftItem.minecraft.cauldron":54,"stat.craftItem.minecraft.baked_potato":32,"stat.craftItem.minecraft.anvil":7,"stat.mineBlock.minecraft.nether_brick_stairs":3,"stat.killEntity.Cow":417,"stat.useItem.minecraft.crafting_table":115,"stat.killEntity.Pig":11,"stat.craftItem.minecraft.iron_sword":2,"stat.craftItem.minecraft.stone_shovel":105,"stat.walkOneCm":140531306,"stat.playerKills":9,"achievement.enchantments":2,"stat.mineBlock.minecraft.trapped_chest":190,"stat.breakItem.minecraft.stone_pickaxe":4,"stat.craftItem.minecraft.writable_book":37,"stat.craftItem.minecraft.diamond_boots":5,"stat.useItem.minecraft.redstone_block":683,"stat.useItem.minecraft.spruce_stairs":143,"stat.mineBlock.minecraft.wool":2983,"stat.craftItem.minecraft.redstone":6395,"stat.mineBlock.minecraft.packed_ice":8075,"stat.useItem.minecraft.leaves":674,"stat.craftItem.minecraft.minecart":60,"stat.useItem.minecraft.cactus":40,"stat.useItem.minecraft.prismarine":42,"stat.killEntity.Skeleton":299,"stat.mineBlock.minecraft.cactus":18,"stat.killEntity.Chicken":43,"stat.mineBlock.minecraft.redstone_torch":176,"stat.useItem.minecraft.iron_block":29180,"stat.killEntity.Spider":113,"stat.mineBlock.minecraft.quartz_ore":3656,"stat.craftItem.minecraft.tnt":384,"stat.craftItem.minecraft.spruce_fence":348,"stat.craftItem.minecraft.fence":2391,"stat.breakItem.minecraft.iron_axe":1,"stat.useItem.minecraft.hopper_minecart":9,"stat.mineBlock.minecraft.leaves":2936,"stat.mineBlock.minecraft.piston":193,"stat.mineBlock.minecraft.redstone_ore":1587,"stat.craftItem.minecraft.coal_block":166,"stat.craftItem.minecraft.tripwire_hook":670,"stat.mineBlock.minecraft.stone":179953,"stat.useItem.minecraft.sandstone":4078}