{"stat.mineBlock.minecraft.stonebrick":7,"stat.useItem.minecraft.nether_wart":27,"stat.useItem.minecraft.fence_gate":68,"stat.craftItem.minecraft.iron_helmet":2,"stat.mineBlock.minecraft.netherrack":4173,"stat.enderchestOpened":9,"stat.craftItem.minecraft.gold_nugget":18,"stat.useItem.minecraft.stone_button":8,"stat.useItem.minecraft.brown_mushroom":1,"stat.useItem.minecraft.leaves":7,"stat.useItem.minecraft.netherrack":874,"stat.mineBlock.minecraft.glass":83,"achievement.acquireIron":86,"stat.craftingTableInteraction":1,"stat.useItem.minecraft.minecart":1,"stat.useItem.minecraft.iron_shovel":101,"stat.damageDealt":501848,"stat.craftItem.minecraft.prismarine":3552,"stat.useItem.minecraft.fence":129,"stat.craftItem.minecraft.beacon":1,"stat.craftItem.minecraft.ender_chest":3,"stat.useItem.minecraft.item_frame":19,"stat.useItem.minecraft.iron_block":708,"stat.killEntity.Bat":64,"stat.craftItem.minecraft.minecart":60,"stat.crouchOneCm":4145057,"achievement.theEnd2":33,"stat.mineBlock.minecraft.red_mushroom":4,"achievement.exploreAllBiomes":{"value":0,"progress":["Desert","Taiga","Deep Ocean","Extreme Hills","Ice Mountains","Birch Forest Hills M","Jungle","Birch Forest Hills","Taiga M","DesertHills","Birch Forest","Mesa","Savanna","Redwood Taiga Hills M","Swampland","River","Sunflower Plains","Extreme Hills+","Flower Forest","Ocean","Mega Taiga Hills","TaigaHills","Plains","Ice Plains Spikes","Mesa Plateau M","The End","Hell","ForestHills","Forest","JungleHills","Mesa (Bryce)","Beach"]},"stat.mineBlock.minecraft.double_plant":1,"stat.craftItem.minecraft.iron_pickaxe":4,"stat.craftItem.minecraft.flint_and_steel":2,"stat.craftItem.minecraft.diamond_chestplate":2,"stat.craftItem.minecraft.brewing_stand":1,"stat.craftItem.minecraft.wool":4,"stat.mineBlock.minecraft.golden_rail":353,"stat.craftItem.minecraft.bowl":4,"stat.craftItem.minecraft.enchanting_table":1,"achievement.cookFish":6,"stat.craftItem.minecraft.repeater":197,"stat.useItem.minecraft.anvil":8,"stat.craftItem.minecraft.golden_rail":3432,"stat.useItem.minecraft.chest":497,"achievement.spawnWither":11,"stat.mineBlock.minecraft.furnace":39,"stat.craftItem.minecraft.coal_block":287,"stat.craftItem.minecraft.cobblestone_wall":60,"stat.craftItem.minecraft.glass_bottle":27,"stat.craftItem.minecraft.bed":6,"stat.craftItem.minecraft.wooden_pickaxe":2,"stat.killEntity.Sheep":47,"stat.mineBlock.minecraft.sand":29777,"stat.useItem.minecraft.cobblestone":2388,"stat.craftItem.minecraft.iron_sword":1,"stat.mineBlock.minecraft.monster_egg":1,"stat.mineBlock.minecraft.sandstone":6246,"stat.breakItem.minecraft.iron_axe":1,"stat.mineBlock.minecraft.waterlily":7,"stat.craftItem.minecraft.chest":886,"stat.beaconInteraction":2,"stat.craftItem.minecraft.arrow":80,"stat.craftItem.minecraft.item_frame":19,"stat.mineBlock.minecraft.redstone_torch":2,"stat.useItem.minecraft.dark_oak_stairs":56,"achievement.openInventory":7390,"stat.useItem.minecraft.stained_glass":4851,"stat.craftItem.minecraft.spruce_fence_gate":2240,"stat.mineBlock.minecraft.redstone_block":65,"stat.useItem.minecraft.brewing_stand":3,"stat.useItem.minecraft.spruce_fence":4,"stat.killEntity.Cow":318,"stat.trappedChestTriggered":47,"stat.useItem.minecraft.diamond_pickaxe":218962,"stat.useItem.minecraft.rabbit":2,"stat.killEntity.Ghast":10,"stat.useItem.minecraft.packed_ice":989,"stat.craftItem.minecraft.fence_gate":68,"stat.useItem.minecraft.sticky_piston":141,"stat.mineBlock.minecraft.stained_glass":112,"stat.useItem.minecraft.log":26,"stat.mineBlock.minecraft.spruce_stairs":17,"stat.craftItem.minecraft.iron_chestplate":2,"stat.useItem.minecraft.tnt":15,"stat.craftItem.minecraft.slime_ball":72,"stat.useItem.minecraft.redstone_block":471,"stat.useItem.minecraft.diamond_shovel":49009,"stat.useItem.minecraft.snowball":203,"stat.craftItem.minecraft.furnace":18,"stat.craftItem.minecraft.torch":1932,"stat.mineBlock.minecraft.log":6201,"stat.useItem.minecraft.obsidian":151,"stat.useItem.minecraft.planks":77,"stat.talkedToVillager":6,"stat.craftItem.minecraft.ender_eye":3,"achievement.overkill":38,"stat.useItem.minecraft.cooked_chicken":669,"stat.useItem.minecraft.torch":8525,"stat.useItem.minecraft.bed":15,"stat.useItem.minecraft.stone_pickaxe":146,"stat.mineBlock.minecraft.gold_ore":315,"stat.useItem.minecraft.skull":5,"stat.craftItem.minecraft.redstone_block":951,"stat.useItem.minecraft.cooked_fish":124,"achievement.buildWorkBench":24,"stat.useItem.minecraft.stone":5737,"stat.treasureFished":5,"stat.craftItem.minecraft.slime":38,"stat.craftItem.minecraft.diamond_sword":3,"stat.craftItem.minecraft.stone_button":4,"stat.craftItem.minecraft.snow":7,"stat.craftItem.minecraft.iron_leggings":2,"stat.useItem.minecraft.hopper_minecart":59,"stat.useItem.minecraft.ladder":398,"stat.craftItem.minecraft.diamond_leggings":2,"achievement.killCow":34,"stat.useItem.minecraft.redstone":1624,"stat.craftItem.minecraft.writable_book":1,"stat.craftItem.minecraft.book":93,"stat.mineBlock.minecraft.slime":7,"stat.mineBlock.minecraft.diamond_ore":138,"stat.craftItem.minecraft.trapped_chest":176,"stat.mineBlock.minecraft.torch":3531,"stat.craftItem.minecraft.cooked_beef":70,"stat.useItem.minecraft.milk_bucket":1,"stat.useItem.minecraft.diamond_sword":3499,"stat.mineBlock.minecraft.brown_mushroom":21,"stat.useItem.minecraft.oak_stairs":61,"stat.craftItem.minecraft.ladder":219,"stat.craftItem.minecraft.wooden_shovel":85,"stat.useItem.minecraft.golden_rail":4330,"stat.mineBlock.minecraft.wool":13,"stat.craftItem.minecraft.lever":57,"stat.useItem.minecraft.rail":64,"stat.useItem.minecraft.enchanting_table":1,"stat.useItem.minecraft.redstone_lamp":940,"stat.useItem.minecraft.stone_sword":250,"stat.climbOneCm":3174222,"achievement.potion":62,"stat.useItem.minecraft.sapling":514,"stat.drop":268,"achievement.theEnd":7,"stat.mineBlock.minecraft.sea_lantern":123,"stat.mineBlock.minecraft.anvil":1,"stat.fallOneCm":3132727,"stat.useItem.minecraft.coal_ore":326,"stat.mineBlock.minecraft.nether_brick":502,"stat.hopperInspected":1,"achievement.buildFurnace":36,"stat.useItem.minecraft.cactus":3,"stat.useItem.minecraft.boat":27,"stat.craftItem.minecraft.coal":1444,"stat.craftItem.minecraft.cooked_mutton":48,"stat.useItem.minecraft.dispenser":2204,"stat.useItem.minecraft.water_bucket":395,"stat.craftItem.minecraft.stone_axe":3,"stat.useItem.minecraft.wheat_seeds":3038,"stat.mineBlock.minecraft.hopper":182,"achievement.enchantments":2,"stat.mineBlock.minecraft.rail":4,"stat.useItem.minecraft.stonebrick":265,"stat.mineBlock.minecraft.gold_block":12,"stat.useItem.minecraft.furnace":57,"stat.useItem.minecraft.trapped_chest":258,"stat.craftItem.minecraft.gold_block":536,"stat.mineBlock.minecraft.tnt":2,"stat.craftItem.minecraft.speckled_melon":4,"stat.useItem.minecraft.potion":55,"stat.mineBlock.minecraft.pumpkin":8,"stat.useItem.minecraft.cooked_mutton":9,"achievement.portal":514,"stat.mineBlock.minecraft.vine":10,"stat.flyOneCm":21785766,"stat.useItem.minecraft.writable_book":1,"stat.mineBlock.minecraft.chest":247,"stat.craftItem.minecraft.sea_lantern":580,"stat.mineBlock.minecraft.packed_ice":1456,"achievement.buildPickaxe":82,"stat.mineBlock.minecraft.iron_ore":1593,"stat.mineBlock.minecraft.trapped_chest":92,"stat.craftItem.minecraft.glowstone":968,"stat.useItem.minecraft.prismarine":17445,"stat.damageTaken":68391,"stat.mineBlock.minecraft.prismarine":17948,"stat.useItem.minecraft.sponge":3497,"stat.craftItem.minecraft.tripwire_hook":176,"stat.mineBlock.minecraft.nether_brick_fence":141,"stat.killEntity.Chicken":25,"stat.useItem.minecraft.dropper":29,"stat.craftItem.minecraft.stone_pickaxe":4,"stat.mineBlock.minecraft.cobblestone":1219,"stat.craftItem.minecraft.redstone_lamp":960,"stat.useItem.minecraft.stained_hardened_clay":12,"stat.useItem.minecraft.dye":375,"stat.mineBlock.minecraft.spruce_fence":2,"stat.craftItem.minecraft.comparator":110,"stat.useItem.minecraft.ender_chest":4,"stat.useItem.minecraft.lapis_ore":2,"stat.useItem.minecraft.log2":8,"stat.useItem.minecraft.flint_and_steel":15,"stat.breakItem.minecraft.diamond_shovel":1,"stat.useItem.minecraft.repeater":308,"stat.craftItem.minecraft.golden_apple":1,"stat.craftItem.minecraft.boat":25,"stat.craftItem.minecraft.iron_axe":2,"stat.useItem.minecraft.spruce_stairs":57,"achievement.killWither":10,"stat.mineBlock.minecraft.wooden_slab":91,"stat.craftItem.minecraft.piston":130,"stat.useItem.minecraft.diamond_ore":26,"stat.craftItem.minecraft.mushroom_stew":5,"stat.useItem.minecraft.stone_slab":5082,"stat.mineBlock.minecraft.fence":39,"stat.craftItem.minecraft.oak_stairs":84,"stat.useItem.minecraft.cooked_porkchop":169,"stat.killEntity.Creeper":102,"stat.craftItem.minecraft.iron_block":2890,"stat.mineBlock.minecraft.planks":51,"stat.craftItem.minecraft.stone_slab":4806,"stat.killEntity.Rabbit":8,"stat.useItem.minecraft.hopper":455,"stat.leaveGame":261,"stat.craftItem.minecraft.iron_ingot":11580,"stat.craftItem.minecraft.stone_stairs":8,"stat.killEntity.Endermite":11,"stat.mineBlock.minecraft.leaves":1065,"stat.craftItem.minecraft.hopper":336,"achievement.buildSword":43,"stat.useItem.minecraft.comparator":138,"stat.breakItem.minecraft.bow":1,"stat.mineBlock.minecraft.sticky_piston":69,"achievement.mineWood":6383,"stat.mineBlock.minecraft.stone_slab":344,"stat.useItem.minecraft.jungle_fence_gate":48,"stat.useItem.minecraft.iron_axe":1195,"stat.useItem.minecraft.snow":33,"stat.craftItem.minecraft.dye":6342,"stat.mineBlock.minecraft.dropper":15,"stat.craftItem.minecraft.diamond_pickaxe":41,"stat.useItem.minecraft.stone_shovel":194,"stat.breakItem.minecraft.diamond_helmet":1,"stat.useItem.minecraft.iron_ore":1,"stat.diveOneCm":6488653,"stat.useItem.minecraft.lever":37,"stat.craftItem.minecraft.bow":2207,"stat.useItem.minecraft.soul_sand":14,"stat.killEntity.Slime":407,"stat.craftItem.minecraft.dispenser":2204,"stat.useItem.minecraft.waterlily":2,"stat.mineBlock.minecraft.mossy_cobblestone":17,"stat.useItem.minecraft.nether_brick":2,"stat.craftItem.minecraft.wooden_axe":1,"stat.craftItem.minecraft.jungle_fence_gate":48,"stat.craftItem.minecraft.sticky_piston":87,"stat.useItem.minecraft.bow":779,"stat.useItem.minecraft.cooked_beef":985,"stat.breakItem.minecraft.diamond_pickaxe":3,"stat.useItem.minecraft.gold_block":25,"stat.mineBlock.minecraft.crafting_table":31,"stat.mineBlock.minecraft.jungle_fence_gate":48,"stat.useItem.minecraft.glass_bottle":64,"achievement.diamonds":162,"stat.useItem.minecraft.egg":42,"stat.craftItem.minecraft.stonebrick":264,"stat.useItem.minecraft.crafting_table":39,"stat.craftItem.minecraft.paper":327,"stat.mineBlock.minecraft.obsidian":470,"stat.craftItem.minecraft.dark_oak_stairs":60,"stat.craftItem.minecraft.diamond_boots":1,"stat.killEntity.Enderman":2538,"stat.mineBlock.minecraft.coal_block":8,"stat.useItem.minecraft.glass":103,"achievement.buildBetterPickaxe":78,"stat.useItem.minecraft.ender_pearl":1270,"stat.mineBlock.minecraft.sapling":22,"stat.timeSinceDeath":129724,"stat.useItem.minecraft.golden_apple":1,"stat.craftItem.minecraft.cooked_porkchop":279,"stat.useItem.minecraft.gravel":1384,"stat.mineBlock.minecraft.leaves2":103,"stat.killEntity.PigZombie":29,"stat.boatOneCm":2583236,"stat.useItem.minecraft.wool":13,"stat.useItem.minecraft.mossy_cobblestone":4,"stat.craftItem.minecraft.bucket":2221,"stat.useItem.minecraft.nether_brick_fence":105,"stat.craftItem.minecraft.lit_pumpkin":1,"stat.craftItem.minecraft.hopper_minecart":59,"stat.craftItem.minecraft.iron_shovel":1,"stat.mineBlock.minecraft.stone_button":2,"stat.useItem.minecraft.reeds":2,"achievement.overpowered":2,"achievement.killEnemy":6662,"stat.useItem.minecraft.sand":66207,"stat.craftItem.minecraft.rail":64,"stat.killEntity.LavaSlime":49,"stat.craftItem.minecraft.fence":96,"stat.playOneMinute":14761888,"stat.useItem.minecraft.redstone_torch":104,"stat.craftItem.minecraft.gold_ingot":7090,"stat.craftItem.minecraft.fermented_spider_eye":3,"stat.killEntity.Pig":141,"stat.killEntity.Spider":60,"stat.mineBlock.minecraft.sponge":3526,"stat.mineBlock.minecraft.soul_sand":128,"stat.craftItem.minecraft.glass":608,"stat.craftItem.minecraft.stone_shovel":3,"stat.animalsBred":483,"stat.craftItem.minecraft.spruce_stairs":76,"stat.craftItem.minecraft.stick":19200,"stat.useItem.minecraft.pumpkin":13,"stat.mineBlock.minecraft.beacon":4,"stat.craftItem.minecraft.wooden_slab":198,"stat.useItem.minecraft.mushroom_stew":5,"stat.playerKills":4,"stat.useItem.minecraft.sandstone":68,"stat.useItem.minecraft.dark_oak_fence":1,"stat.killEntity.Silverfish":2,"stat.useItem.minecraft.redstone_ore":98,"stat.craftItem.minecraft.fishing_rod":3,"stat.entityKilledBy.Zombie":1,"stat.useItem.minecraft.written_book":10,"stat.useItem.minecraft.stone_axe":160,"stat.mineBlock.minecraft.quartz_ore":136,"stat.mineBlock.minecraft.stone":179284,"stat.mineBlock.minecraft.dirt":14337,"stat.minecartOneCm":1183574,"stat.mineBlock.minecraft.fence_gate":68,"stat.useItem.minecraft.piston":1,"stat.killEntity.Blaze":27,"stat.craftItem.minecraft.redstone_torch":825,"stat.mineBlock.minecraft.dark_oak_stairs":16,"stat.craftItem.minecraft.iron_boots":1,"stat.craftItem.minecraft.anvil":78,"stat.useItem.minecraft.diamond_axe":6038,"stat.useItem.minecraft.slime":8,"stat.mineBlock.minecraft.redstone_lamp":77,"achievement.blazeRod":11,"achievement.snipeSkeleton":1,"stat.mineBlock.minecraft.spruce_fence_gate":1,"stat.useItem.minecraft.porkchop":2,"stat.breakItem.minecraft.iron_pickaxe":2,"stat.mineBlock.minecraft.ladder":73,"stat.mineBlock.minecraft.iron_block":509,"stat.useItem.minecraft.cobblestone_wall":24,"stat.craftItem.minecraft.sign":30,"stat.mineBlock.minecraft.gravel":8662,"stat.craftItem.minecraft.blaze_powder":6,"stat.useItem.minecraft.baked_potato":14,"stat.mineBlock.minecraft.lever":4,"stat.useItem.minecraft.stone_stairs":8,"stat.mineBlock.minecraft.redstone_ore":723,"stat.useItem.minecraft.wooden_axe":24,"stat.useItem.minecraft.wooden_pickaxe":30,"stat.craftItem.minecraft.wooden_sword":17,"stat.mineBlock.minecraft.ender_chest":1,"stat.killEntity.Squid":208,"stat.craftItem.minecraft.sugar":3,"stat.useItem.minecraft.sea_lantern":384,"stat.killEntity.CaveSpider":2714,"stat.useItem.minecraft.fishing_rod":89,"stat.mineBlock.minecraft.coal_ore":3261,"stat.useItem.minecraft.bread":2,"stat.mineBlock.minecraft.log2":568,"stat.craftItem.minecraft.golden_carrot":3,"stat.craftItem.minecraft.diamond_axe":2,"stat.mineBlock.minecraft.tallgrass":133,"stat.craftItem.minecraft.redstone":4905,"stat.craftItem.minecraft.stone_sword":2,"stat.mineBlock.minecraft.ice":2,"stat.craftItem.minecraft.dropper":14,"stat.useItem.minecraft.iron_sword":238,"stat.craftItem.minecraft.spruce_fence":3,"achievement.breedCow":424,"stat.useItem.minecraft.coal_block":8,"stat.useItem.minecraft.spruce_fence_gate":2205,"stat.craftItem.minecraft.sponge":3497,"achievement.fullBeacon":4,"stat.craftItem.minecraft.crafting_table":14,"stat.mobKills":56746,"stat.craftItem.minecraft.diamond_shovel":11,"stat.useItem.minecraft.bucket":2609,"stat.killEntity.Zombie":201,"stat.useItem.minecraft.sign":32,"stat.mineBlock.minecraft.deadbush":2,"stat.useItem.minecraft.carrot":95,"stat.killEntity.Guardian":306,"stat.swimOneCm":2117356,"stat.fishCaught":52,"stat.killEntity.Skeleton":193,"stat.horseOneCm":1526,"stat.walkOneCm":70432882,"stat.mineBlock.minecraft.oak_stairs":15,"stat.mineBlock.minecraft.lapis_ore":134,"stat.jump":113148,"stat.mineBlock.minecraft.stained_hardened_clay":12,"stat.craftItem.minecraft.stone":904,"stat.useItem.minecraft.beacon":5,"stat.killEntity.Witch":8,"stat.mineBlock.minecraft.piston":1,"stat.useItem.minecraft.apple":7,"stat.craftItem.minecraft.lapis_block":140,"stat.mineBlock.minecraft.snow":14,"stat.deaths":8,"stat.mineBlock.minecraft.glowstone":124,"stat.useItem.minecraft.wooden_slab":153,"stat.craftItem.minecraft.planks":22964,"stat.craftItem.minecraft.trapdoor":2,"stat.chestOpened":159,"stat.craftItem.minecraft.stained_glass":5048,"stat.craftItem.minecraft.diamond_helmet":2,"stat.craftItem.minecraft.cooked_fish":222,"stat.useItem.minecraft.iron_pickaxe":602,"stat.breakItem.minecraft.stone_axe":1,"stat.sprintOneCm":23504088,"stat.useItem.minecraft.dirt":7313}