{"stat.walkOneCm":13,"achievement.openInventory":162,"stat.leaveGame":136,"stat.damageTaken":90,"stat.flyOneCm":22311495,"stat.jump":4,"stat.swimOneCm":81105,"stat.playOneMinute":7430102,"stat.timeSinceDeath":7430102,"achievement.exploreAllBiomes":{"value":0,"progress":["Sunflower Plains","Birch Forest","Roofed Forest","MushroomIslandShore","Mesa Plateau F M","Beach","Mesa Plateau","Extreme Hills+","River","Ocean","JungleEdge","Taiga","MushroomIsland","Swampland","Birch Forest Hills","Roofed Forest M","Mesa Plateau F","Savanna Plateau","Mesa","ForestHills","Flower Forest","Plains","Mesa Plateau M","TaigaHills","Jungle","Forest","Desert","Extreme Hills","Mesa (Bryce)","Deep Ocean","Hell","Savanna"]},"stat.diveOneCm":97124}