{"stat.useItem.minecraft.bow":485,"stat.craftItem.minecraft.diamond_hoe":2,"stat.leaveGame":313,"stat.useItem.minecraft.glowstone":555,"stat.mineBlock.minecraft.sandstone":3673,"stat.craftItem.minecraft.ender_eye":13,"stat.breakItem.minecraft.wooden_sword":1,"stat.mineBlock.minecraft.stained_glass":367,"stat.killEntity.PigZombie":33,"stat.mineBlock.minecraft.web":285,"stat.craftItem.minecraft.stone_pressure_plate":73,"stat.entityKilledBy.PigZombie":3,"stat.useItem.minecraft.diamond_hoe":387,"stat.useItem.minecraft.sandstone_stairs":51,"stat.craftItem.minecraft.stone_axe":7,"stat.useItem.minecraft.vine":138,"stat.useItem.minecraft.rail":3681,"stat.killEntity.Enderman":3617,"stat.mineBlock.minecraft.wooden_slab":52,"stat.useItem.minecraft.anvil":30,"stat.mineBlock.minecraft.emerald_block":26,"stat.craftItem.minecraft.iron_shovel":14,"achievement.buildPickaxe":157,"stat.killEntity.Witch":5,"stat.mineBlock.minecraft.end_stone":8,"stat.useItem.minecraft.iron_pickaxe":4479,"stat.craftItem.minecraft.wooden_pickaxe":11,"stat.craftItem.minecraft.iron_door":3,"stat.useItem.minecraft.iron_shovel":2411,"stat.mineBlock.minecraft.brick_block":24,"stat.craftItem.minecraft.bed":9,"stat.craftItem.minecraft.glass_pane":448,"stat.useItem.minecraft.hardened_clay":42,"stat.mineBlock.minecraft.hopper":199,"stat.mineBlock.minecraft.vine":767,"stat.mineBlock.minecraft.sticky_piston":19,"stat.useItem.minecraft.nether_wart":215,"stat.furnaceInteraction":391,"stat.mineBlock.minecraft.rail":882,"stat.useItem.minecraft.pumpkin_seeds":18,"stat.useItem.minecraft.end_stone":4,"stat.useItem.minecraft.double_plant":15,"stat.mineBlock.minecraft.wooden_button":5,"stat.useItem.minecraft.trapdoor":4,"stat.mineBlock.minecraft.stained_hardened_clay":146,"stat.useItem.minecraft.stained_glass":3172,"stat.craftItem.minecraft.prismarine":3025,"stat.useItem.minecraft.fence":8,"stat.useItem.minecraft.dark_oak_door":4,"stat.useItem.minecraft.ice":103,"achievement.openInventory":9019,"stat.useItem.minecraft.flint_and_steel":13,"stat.mineBlock.minecraft.fence":87,"stat.mineBlock.minecraft.sea_lantern":286,"stat.useItem.minecraft.wheat_seeds":2242,"stat.mineBlock.minecraft.dark_oak_fence_gate":2,"stat.useItem.minecraft.wooden_button":10,"stat.craftItem.minecraft.dropper":78,"stat.useItem.minecraft.dye":2275,"stat.deaths":67,"stat.craftItem.minecraft.melon_seeds":30,"stat.craftItem.minecraft.item_frame":46,"stat.mineBlock.minecraft.stone_pressure_plate":2,"stat.craftItem.minecraft.iron_pickaxe":24,"stat.craftItem.minecraft.repeater":197,"stat.craftItem.minecraft.cooked_mutton":36,"stat.mineBlock.minecraft.tallgrass":707,"stat.fishCaught":179,"stat.breakItem.minecraft.golden_pickaxe":1,"achievement.potion":109,"stat.chestOpened":9973,"stat.craftItem.minecraft.mossy_cobblestone":55,"stat.useItem.minecraft.lapis_ore":85,"stat.craftItem.minecraft.mushroom_stew":2,"stat.craftItem.minecraft.light_weighted_pressure_plate":64,"stat.craftItem.minecraft.sign":228,"stat.useItem.minecraft.stone":29618,"stat.useItem.minecraft.jungle_fence":1,"stat.killEntity.Ghast":1,"stat.useItem.minecraft.ender_chest":11,"stat.craftItem.minecraft.quartz_block":43,"stat.useItem.minecraft.clay":162,"stat.craftItem.minecraft.coal":9,"stat.craftItem.minecraft.ender_chest":13,"stat.crouchOneCm":1095440,"achievement.killCow":44,"stat.mineBlock.minecraft.chest":90,"stat.craftItem.minecraft.iron_ingot":13346,"stat.mineBlock.minecraft.hardened_clay":1155,"stat.craftItem.minecraft.hopper":1522,"stat.craftingTableInteraction":498,"stat.useItem.minecraft.emerald_ore":18,"stat.mineBlock.minecraft.wooden_pressure_plate":1,"stat.mineBlock.minecraft.log2":6420,"stat.useItem.minecraft.dark_oak_fence":153,"stat.useItem.minecraft.reeds":84,"stat.craftItem.minecraft.nether_brick":333,"stat.craftItem.minecraft.wooden_sword":2,"stat.craftItem.minecraft.diamond_shovel":17,"stat.mineBlock.minecraft.glass":620,"stat.useItem.minecraft.enchanting_table":2,"stat.mineBlock.minecraft.ender_chest":4,"stat.mineBlock.minecraft.dirt":19204,"stat.useItem.minecraft.bread":16,"stat.treasureFished":11,"stat.useItem.minecraft.cobblestone":24700,"stat.useItem.minecraft.gravel":109,"stat.mineBlock.minecraft.double_plant":59,"stat.minecartOneCm":47570119,"stat.craftItem.minecraft.gold_ingot":1257,"stat.craftItem.minecraft.brewing_stand":2,"stat.useItem.minecraft.glass_pane":165,"stat.breakItem.minecraft.stone_shovel":5,"achievement.portal":527,"stat.craftItem.minecraft.bucket":81,"stat.useItem.minecraft.iron_sword":151,"stat.craftItem.minecraft.planks":28048,"stat.itemEnchanted":321,"stat.mineBlock.minecraft.prismarine":241,"stat.craftItem.minecraft.fishing_rod":119,"stat.useItem.minecraft.stonebrick":534,"stat.mineBlock.minecraft.log":1264,"stat.craftItem.minecraft.wooden_door":9,"stat.mineBlock.minecraft.waterlily":318,"stat.useItem.minecraft.wooden_door":7,"stat.useItem.minecraft.spruce_door":2,"achievement.acquireIron":153,"stat.craftItem.minecraft.paper":3912,"stat.craftItem.minecraft.trapped_chest":134,"stat.craftItem.minecraft.spruce_door":6,"stat.cakeSlicesEaten":34,"stat.craftItem.minecraft.diamond_leggings":3,"stat.useItem.minecraft.iron_axe":656,"stat.mineBlock.minecraft.pumpkin":230,"stat.mineBlock.minecraft.cobblestone":5634,"stat.mineBlock.minecraft.yellow_flower":7,"stat.entityKilledBy.Witch":1,"stat.craftItem.minecraft.quartz_stairs":24,"stat.craftItem.minecraft.wool":1233,"stat.mineBlock.minecraft.stained_glass_pane":104,"stat.craftItem.minecraft.clock":12,"achievement.buildWorkBench":30,"stat.craftItem.minecraft.arrow":436,"stat.mineBlock.minecraft.dropper":5,"stat.breakItem.minecraft.iron_pickaxe":17,"stat.useItem.minecraft.obsidian":161,"stat.craftItem.minecraft.dark_oak_door":6,"stat.craftItem.minecraft.furnace":20,"stat.craftItem.minecraft.lapis_block":64,"stat.mineBlock.minecraft.detector_rail":3,"stat.useItem.minecraft.egg":34,"stat.craftItem.minecraft.iron_boots":3,"stat.junkFished":23,"stat.craftItem.minecraft.cooked_beef":106,"stat.mineBlock.minecraft.obsidian":1851,"stat.craftItem.minecraft.bow":146,"stat.useItem.minecraft.spruce_fence_gate":2,"stat.mineBlock.minecraft.clay":468,"stat.useItem.minecraft.brick_block":51,"stat.flyOneCm":5116799,"stat.craftItem.minecraft.stained_glass":3200,"stat.craftItem.minecraft.emerald_block":98,"stat.timeSinceDeath":287277,"stat.useItem.minecraft.melon_block":1,"stat.useItem.minecraft.wooden_slab":229,"stat.useItem.minecraft.iron_door":1,"stat.craftItem.minecraft.iron_block":362,"stat.killEntity.Bat":20,"stat.craftItem.minecraft.stonebrick":1776,"stat.breakItem.minecraft.diamond_pickaxe":6,"stat.useItem.minecraft.potato":7090,"stat.mineBlock.minecraft.coal_ore":5956,"stat.killEntity.Creeper":43,"stat.useItem.minecraft.armor_stand":1,"stat.talkedToVillager":346,"stat.craftItem.minecraft.stone_hoe":3,"stat.mineBlock.minecraft.ladder":64,"stat.useItem.minecraft.milk_bucket":2,"stat.entityKilledBy.Skeleton":3,"achievement.buildSword":41,"stat.useItem.minecraft.written_book":30,"stat.useItem.minecraft.dropper":10,"stat.killEntity.Squid":97,"stat.useItem.minecraft.diamond_shovel":26569,"stat.sprintOneCm":18700258,"stat.useItem.minecraft.diamond_block":5,"stat.mineBlock.minecraft.stone_slab":276,"stat.useItem.minecraft.snowball":151,"stat.mineBlock.minecraft.diamond_ore":436,"stat.craftItem.minecraft.wooden_pressure_plate":76,"stat.craftItem.minecraft.speckled_melon":22,"stat.craftItem.minecraft.redstone_lamp":25,"achievement.killEnemy":8776,"stat.craftItem.minecraft.golden_sword":22,"stat.useItem.minecraft.cake":15,"stat.useItem.minecraft.wooden_sword":85,"stat.useItem.minecraft.banner":22,"stat.breakItem.minecraft.iron_shovel":7,"stat.useItem.minecraft.ladder":708,"stat.useItem.minecraft.diamond_ore":102,"stat.craftItem.minecraft.emerald":849,"stat.killEntity.Zombie":226,"stat.craftItem.minecraft.dye":43068,"stat.useItem.minecraft.birch_stairs":110,"stat.craftItem.minecraft.sandstone_stairs":92,"stat.craftItem.minecraft.diamond_axe":8,"stat.mineBlock.minecraft.gold_ore":572,"stat.diveOneCm":3058022,"stat.useItem.minecraft.sticky_piston":39,"stat.craftItem.minecraft.ladder":663,"achievement.buildHoe":7,"stat.mineBlock.minecraft.stone_button":3,"stat.craftItem.minecraft.cooked_porkchop":12,"stat.useItem.minecraft.rotten_flesh":4,"stat.craftItem.minecraft.diamond_sword":9,"stat.useItem.minecraft.sand":216,"stat.jump":60362,"stat.craftItem.minecraft.lever":245,"stat.craftItem.minecraft.torch":7068,"stat.useItem.minecraft.coal_ore":819,"stat.craftItem.minecraft.fermented_spider_eye":64,"stat.useItem.minecraft.dispenser":68,"stat.useItem.minecraft.glass":2343,"stat.useItem.minecraft.sapling":683,"stat.mineBlock.minecraft.lapis_ore":378,"achievement.blazeRod":9,"stat.mineBlock.minecraft.glass_pane":43,"stat.brewingstandInteraction":185,"stat.damageTaken":52396,"stat.useItem.minecraft.stone_brick_stairs":228,"stat.mineBlock.minecraft.torch":2827,"stat.mineBlock.minecraft.melon_block":122,"stat.mineBlock.minecraft.red_flower":23,"stat.useItem.minecraft.gold_block":83,"stat.tradedWithVillager":885,"stat.mineBlock.minecraft.sapling":39,"stat.mineBlock.minecraft.sandstone_stairs":3,"stat.craftItem.minecraft.comparator":106,"stat.craftItem.minecraft.sea_lantern":832,"stat.craftItem.minecraft.glowstone":1279,"stat.useItem.minecraft.slime":156,"stat.entityKilledBy.Zombie":5,"stat.killEntity.Silverfish":10,"stat.craftItem.minecraft.stone_slab":4340,"stat.animalsBred":863,"stat.useItem.minecraft.chest":398,"stat.useItem.minecraft.pumpkin":116,"stat.useItem.minecraft.tnt":61,"stat.useItem.minecraft.gold_ore":24,"stat.useItem.minecraft.lava_bucket":6,"stat.useItem.minecraft.melon":9,"stat.useItem.minecraft.item_frame":64,"stat.craftItem.minecraft.iron_chestplate":4,"stat.useItem.minecraft.stained_hardened_clay":966,"stat.useItem.minecraft.redstone_ore":298,"stat.useItem.minecraft.netherrack":474,"stat.craftItem.minecraft.stained_glass_pane":160,"stat.mineBlock.minecraft.tnt":2,"stat.craftItem.minecraft.bookshelf":98,"stat.useItem.minecraft.tripwire_hook":2,"stat.mineBlock.minecraft.stonebrick":200,"stat.mineBlock.minecraft.glowstone":146,"stat.mobKills":66527,"stat.mineBlock.minecraft.bookshelf":1,"stat.craftItem.minecraft.shears":35,"stat.useItem.minecraft.boat":8,"stat.craftItem.minecraft.lead":4,"stat.breakItem.minecraft.diamond_shovel":3,"stat.useItem.minecraft.writable_book":12,"achievement.bookcase":185,"stat.craftItem.minecraft.nether_brick_stairs":40,"stat.craftItem.minecraft.compass":1,"stat.useItem.minecraft.string":197,"stat.useItem.minecraft.bookshelf":66,"stat.craftItem.minecraft.iron_axe":4,"stat.useItem.minecraft.soul_sand":62,"stat.killEntity.Blaze":237,"stat.useItem.minecraft.planks":3555,"stat.useItem.minecraft.nether_brick_stairs":14,"stat.mineBlock.minecraft.red_mushroom":27,"stat.useItem.minecraft.water_bucket":1487,"stat.mineBlock.minecraft.stone_brick_stairs":65,"stat.useItem.minecraft.golden_sword":2,"stat.craftItem.minecraft.dark_oak_fence":111,"stat.entityKilledBy.Spider":1,"achievement.diamonds":325,"stat.craftItem.minecraft.lit_pumpkin":251,"stat.craftItem.minecraft.stone_sword":1,"stat.useItem.minecraft.brown_mushroom":11,"stat.useItem.minecraft.ender_pearl":176,"stat.mineBlock.minecraft.snow_layer":17,"stat.mineBlock.minecraft.sand":7554,"stat.craftItem.minecraft.wooden_hoe":1,"achievement.buildBetterPickaxe":138,"stat.craftItem.minecraft.blaze_powder":28,"stat.hopperInspected":505,"stat.craftItem.minecraft.birch_door":3,"stat.trappedChestTriggered":493,"achievement.breedCow":656,"stat.craftItem.minecraft.magma_cream":14,"stat.useItem.minecraft.oak_stairs":37,"stat.craftItem.minecraft.golden_carrot":64,"stat.craftItem.minecraft.pumpkin_seeds":40,"stat.useItem.minecraft.dark_oak_stairs":5,"stat.mineBlock.minecraft.lapis_block":2,"stat.mineBlock.minecraft.birch_stairs":64,"stat.useItem.minecraft.minecart":221,"stat.useItem.minecraft.cooked_mutton":16,"stat.useItem.minecraft.redstone":1067,"achievement.overkill":41,"stat.mineBlock.minecraft.redstone_lamp":3,"achievement.mineWood":6018,"stat.useItem.minecraft.stone_stairs":49,"stat.useItem.minecraft.hopper":1596,"stat.mineBlock.minecraft.soul_sand":336,"stat.craftItem.minecraft.heavy_weighted_pressure_plate":64,"stat.mineBlock.minecraft.oak_stairs":21,"stat.playOneMinute":30617837,"stat.craftItem.minecraft.diamond_block":5,"stat.useItem.minecraft.shears":1598,"stat.mineBlock.minecraft.brown_mushroom_block":290,"stat.mineBlock.minecraft.dark_oak_fence":80,"stat.craftItem.minecraft.carpet":1218,"stat.mineBlock.minecraft.netherrack":6320,"stat.mineBlock.minecraft.dispenser":1,"stat.mineBlock.minecraft.ice":475,"stat.craftItem.minecraft.dark_oak_stairs":20,"stat.craftItem.minecraft.redstone_torch":1060,"stat.craftItem.minecraft.golden_rail":378,"stat.useItem.minecraft.packed_ice":1288,"stat.useItem.minecraft.quartz_ore":121,"stat.mineBlock.minecraft.gold_block":4,"stat.craftItem.minecraft.iron_hoe":1,"stat.fallOneCm":698668,"stat.useItem.minecraft.trapped_chest":66,"stat.craftItem.minecraft.chest":2291,"stat.craftItem.minecraft.banner":23,"stat.mineBlock.minecraft.lever":31,"stat.useItem.minecraft.iron_hoe":124,"stat.dropperInspected":107,"stat.useItem.minecraft.golden_rail":249,"stat.craftItem.minecraft.detector_rail":6,"stat.craftItem.minecraft.wooden_button":59,"stat.useItem.minecraft.furnace":27,"stat.mineBlock.minecraft.spruce_fence":32,"stat.mineBlock.minecraft.snow":31,"stat.craftItem.minecraft.dark_oak_fence_gate":16,"stat.mineBlock.minecraft.gravel":3163,"stat.useItem.minecraft.stone_pickaxe":2630,"stat.craftItem.minecraft.birch_stairs":76,"stat.breakItem.minecraft.stone_axe":3,"stat.craftItem.minecraft.iron_leggings":4,"stat.useItem.minecraft.stone_sword":59,"stat.killEntity.Rabbit":17,"stat.useItem.minecraft.wool":3698,"stat.craftItem.minecraft.oak_stairs":20,"stat.entityKilledBy.Ghast":1,"stat.craftItem.minecraft.golden_pickaxe":1,"stat.craftItem.minecraft.leather":1,"stat.useItem.minecraft.iron_bars":77,"stat.mineBlock.minecraft.monster_egg":37,"stat.useItem.minecraft.torch":9439,"stat.craftItem.minecraft.redstone_block":591,"stat.craftItem.minecraft.stone_stairs":108,"stat.useItem.minecraft.log":59,"stat.useItem.minecraft.comparator":65,"stat.craftItem.minecraft.crafting_table":29,"stat.craftItem.minecraft.boat":8,"stat.killEntity.LavaSlime":8,"stat.mineBlock.minecraft.emerald_ore":59,"achievement.theEnd2":10,"stat.craftItem.minecraft.stone_button":5,"stat.mineBlock.minecraft.golden_rail":58,"stat.craftItem.minecraft.hopper_minecart":4,"stat.mineBlock.minecraft.iron_block":1173,"stat.useItem.minecraft.birch_door":1,"stat.useItem.minecraft.wooden_pressure_plate":13,"stat.useItem.minecraft.stone_hoe":150,"stat.craftItem.minecraft.flower_pot":60,"stat.craftItem.minecraft.sugar":140,"stat.craftItem.minecraft.spruce_fence_gate":2,"stat.useItem.minecraft.baked_potato":208,"stat.useItem.minecraft.brewing_stand":2,"stat.useItem.minecraft.fishing_rod":406,"stat.craftItem.minecraft.enchanting_table":2,"stat.useItem.minecraft.web":11,"stat.craftItem.minecraft.diamond_chestplate":3,"stat.useItem.minecraft.lapis_block":1,"stat.useItem.minecraft.mushroom_stew":1,"stat.craftItem.minecraft.sticky_piston":35,"stat.useItem.minecraft.repeater":135,"stat.useItem.minecraft.log2":107,"stat.mineBlock.minecraft.slime":212,"stat.craftItem.minecraft.stone_brick_stairs":348,"stat.mineBlock.minecraft.brown_mushroom":40,"stat.useItem.minecraft.diamond_sword":4872,"stat.craftItem.minecraft.diamond_helmet":3,"stat.swimOneCm":3768495,"stat.climbOneCm":6767981,"stat.craftItem.minecraft.gold_block":123,"stat.enderchestOpened":358,"stat.useItem.minecraft.redstone_torch":134,"stat.useItem.minecraft.dirt":11353,"achievement.exploreAllBiomes":{"value":0,"progress":["Sunflower Plains","Birch Forest","Roofed Forest","MushroomIslandShore","The End","Mesa Plateau F M","Beach","Mesa Plateau","Extreme Hills+","Ocean","River","Taiga","MushroomIsland","Swampland","Ice Mountains","Birch Forest Hills","Mesa Plateau F","ForestHills","Mesa","Flower Forest","Plains","Ice Plains Spikes","TaigaHills","DesertHills","Jungle","Ice Plains","Birch Forest Hills M","Forest","Desert","Extreme Hills","Mesa (Bryce)","Deep Ocean","Hell","Savanna"]},"stat.useItem.minecraft.red_flower":9,"stat.useItem.minecraft.leaves2":120,"stat.useItem.minecraft.iron_ore":4,"stat.useItem.minecraft.detector_rail":5,"stat.craftItem.minecraft.trapdoor":6,"stat.craftItem.minecraft.melon_block":158,"stat.useItem.minecraft.golden_pickaxe":33,"stat.craftItem.minecraft.stone_pickaxe":22,"stat.mineBlock.minecraft.carpet":97,"stat.mineBlock.minecraft.redstone_block":1,"stat.useItem.minecraft.stone_shovel":791,"stat.craftItem.minecraft.glass_bottle":6,"stat.useItem.minecraft.cooked_beef":657,"stat.craftItem.minecraft.wooden_slab":204,"stat.craftItem.minecraft.dispenser":135,"stat.craftItem.minecraft.book":1009,"stat.mineBlock.minecraft.iron_ore":2535,"stat.useItem.minecraft.sign":206,"achievement.theEnd":3,"stat.craftItem.minecraft.cake":33,"stat.useItem.minecraft.lever":180,"stat.useItem.minecraft.cooked_porkchop":6,"stat.craftItem.minecraft.brick_block":32,"stat.useItem.minecraft.sea_lantern":1191,"stat.useItem.minecraft.spruce_fence":144,"stat.craftItem.minecraft.stick":7356,"stat.useItem.minecraft.stone_slab":3376,"stat.craftItem.minecraft.stained_hardened_clay":968,"stat.useItem.minecraft.bed":22,"stat.craftItem.minecraft.gold_nugget":666,"stat.craftItem.minecraft.stone":24165,"stat.mineBlock.minecraft.crafting_table":23,"stat.useItem.minecraft.stone_pressure_plate":12,"stat.useItem.minecraft.diamond_pickaxe":137689,"stat.useItem.minecraft.carrot":8548,"stat.useItem.minecraft.bucket":1562,"stat.entityKilledBy.Creeper":3,"stat.breakItem.minecraft.shears":12,"achievement.buildFurnace":28,"stat.mineBlock.minecraft.planks":438,"stat.drop":289,"stat.killEntity.Sheep":73,"stat.craftItem.minecraft.diamond_pickaxe":62,"stat.useItem.minecraft.melon_seeds":27,"stat.craftItem.minecraft.clay":349,"stat.craftItem.minecraft.piston":136,"stat.useItem.minecraft.glass_bottle":111,"stat.killEntity.Slime":104,"stat.useItem.minecraft.diamond_axe":7912,"stat.useItem.minecraft.waterlily":115,"stat.useItem.minecraft.apple":5,"stat.useItem.minecraft.porkchop":3,"stat.useItem.minecraft.carpet":1057,"stat.useItem.minecraft.potion":71,"stat.useItem.minecraft.stained_glass_pane":160,"stat.useItem.minecraft.flower_pot":5,"stat.useItem.minecraft.wooden_hoe":4,"stat.useItem.minecraft.stone_axe":487,"stat.useItem.minecraft.piston":3,"stat.craftItem.minecraft.bread":24,"stat.entityKilledBy.CaveSpider":3,"stat.useItem.minecraft.stone_button":5,"stat.craftItem.minecraft.iron_helmet":4,"stat.craftItem.minecraft.rail":2960,"stat.useItem.minecraft.cooked_chicken":288,"achievement.onARail":349971,"stat.boatOneCm":135280,"stat.mineBlock.minecraft.iron_bars":10,"stat.craftItem.minecraft.flint_and_steel":8,"stat.useItem.minecraft.redstone_lamp":27,"stat.mineBlock.minecraft.leaves2":630,"stat.mineBlock.minecraft.stone_stairs":37,"stat.craftItem.minecraft.iron_bars":192,"stat.mineBlock.minecraft.furnace":11,"stat.dispenserInspected":234,"stat.useItem.minecraft.wooden_pickaxe":70,"stat.killEntity.CaveSpider":4349,"stat.damageDealt":619299,"stat.craftItem.minecraft.glass":2820,"stat.craftItem.minecraft.bowl":4,"stat.craftItem.minecraft.baked_potato":632,"stat.craftItem.minecraft.anvil":44,"stat.killEntity.Cow":594,"stat.useItem.minecraft.crafting_table":46,"stat.killEntity.Pig":15,"stat.craftItem.minecraft.iron_sword":6,"stat.craftItem.minecraft.stone_shovel":7,"stat.breakItem.minecraft.fishing_rod":1,"stat.walkOneCm":105869531,"stat.playerKills":1,"achievement.enchantments":2,"stat.mineBlock.minecraft.trapped_chest":1,"stat.useItem.minecraft.dark_oak_fence_gate":7,"stat.useItem.minecraft.emerald_block":17,"stat.breakItem.minecraft.stone_pickaxe":19,"stat.craftItem.minecraft.writable_book":19,"stat.craftItem.minecraft.diamond_boots":5,"stat.useItem.minecraft.redstone_block":20,"stat.mineBlock.minecraft.wool":711,"stat.craftItem.minecraft.redstone":9,"stat.mineBlock.minecraft.packed_ice":2531,"stat.useItem.minecraft.leaves":28,"stat.craftItem.minecraft.minecart":38,"stat.useItem.minecraft.cactus":153,"stat.useItem.minecraft.prismarine":1068,"stat.killEntity.Skeleton":102,"stat.mineBlock.minecraft.cactus":132,"stat.killEntity.Chicken":36,"stat.mineBlock.minecraft.redstone_torch":32,"stat.useItem.minecraft.iron_block":5487,"stat.killEntity.Spider":42,"stat.mineBlock.minecraft.quartz_ore":527,"stat.craftItem.minecraft.tnt":64,"stat.craftItem.minecraft.spruce_fence":159,"stat.craftItem.minecraft.fence":3,"stat.craftItem.minecraft.jungle_fence":18,"stat.breakItem.minecraft.iron_axe":2,"stat.useItem.minecraft.hopper_minecart":4,"stat.mineBlock.minecraft.leaves":1802,"stat.mineBlock.minecraft.piston":3,"stat.mineBlock.minecraft.redstone_ore":2812,"stat.craftItem.minecraft.tripwire_hook":144,"stat.craftItem.minecraft.brick":280,"stat.mineBlock.minecraft.stone":104491,"stat.useItem.minecraft.sandstone":754}