{"stat.crouchOneCm":61141,"stat.useItem.minecraft.diamond_pickaxe":54,"stat.useItem.minecraft.chest":2,"stat.mineBlock.minecraft.netherrack":16,"stat.useItem.minecraft.cobblestone":93,"achievement.exploreAllBiomes":{"value":0,"progress":["Forest","Desert","Extreme Hills+","Taiga","Extreme Hills","Birch Forest","Plains","Swampland","River","Hell","ForestHills"]},"stat.useItem.minecraft.log":2,"stat.mineBlock.minecraft.double_plant":2,"stat.craftItem.minecraft.iron_pickaxe":1,"stat.craftItem.minecraft.iron_chestplate":1,"stat.useItem.minecraft.snowball":22,"achievement.openInventory":72,"stat.useItem.minecraft.iron_shovel":22,"stat.damageDealt":9855,"stat.craftItem.minecraft.torch":204,"stat.mineBlock.minecraft.log":13,"stat.killEntity.Bat":1,"stat.useItem.minecraft.melon":28,"stat.fallOneCm":70589,"stat.mineBlock.minecraft.diamond_ore":15,"stat.flyOneCm":73487,"achievement.buildPickaxe":2,"stat.mineBlock.minecraft.torch":7,"stat.mineBlock.minecraft.iron_ore":3,"stat.damageTaken":4140,"stat.useItem.minecraft.cooked_chicken":33,"stat.useItem.minecraft.torch":28,"stat.useItem.minecraft.bed":2,"stat.useItem.minecraft.diamond_sword":90,"stat.mineBlock.minecraft.cobblestone":4,"stat.mineBlock.minecraft.gold_ore":6,"stat.mineBlock.minecraft.carpet":3,"stat.useItem.minecraft.skull":1,"achievement.buildWorkBench":1,"stat.useItem.minecraft.dye":49,"stat.mineBlock.minecraft.wool":5,"stat.craftItem.minecraft.diamond_sword":2,"stat.craftItem.minecraft.iron_leggings":1,"stat.entityKilledBy.Creeper":1,"stat.useItem.minecraft.flint_and_steel":1,"stat.useItem.minecraft.stone_sword":20,"stat.climbOneCm":9193,"stat.mineBlock.minecraft.pumpkin":21,"stat.useItem.minecraft.sapling":10,"stat.drop":111,"stat.useItem.minecraft.bow":66,"achievement.mineWood":77,"stat.craftItem.minecraft.iron_axe":1,"stat.breakItem.minecraft.diamond_pickaxe":1,"stat.mineBlock.minecraft.red_flower":3,"stat.mineBlock.minecraft.crafting_table":5,"stat.mineBlock.minecraft.stone_slab":3,"achievement.killEnemy":19,"stat.useItem.minecraft.iron_axe":139,"stat.mineBlock.minecraft.snow_layer":17,"stat.killEntity.Creeper":1,"stat.craftItem.minecraft.diamond_pickaxe":1,"stat.useItem.minecraft.crafting_table":5,"stat.playOneMinute":657198,"stat.killEntity.Pig":1,"stat.craftItem.minecraft.diamond_boots":2,"stat.leaveGame":8,"stat.diveOneCm":22045,"stat.craftItem.minecraft.iron_ingot":23,"achievement.buildBetterPickaxe":2,"stat.craftItem.minecraft.bow":1,"stat.killEntity.Spider":3,"stat.mineBlock.minecraft.sapling":4,"stat.timeSinceDeath":320894,"stat.mineBlock.minecraft.leaves2":41,"stat.mineBlock.minecraft.leaves":2,"stat.craftItem.minecraft.stick":64,"stat.useItem.minecraft.golden_sword":39,"achievement.buildSword":1,"stat.useItem.minecraft.pumpkin":28,"stat.entityKilledBy.Skeleton":1,"stat.swimOneCm":65896,"stat.killEntity.Skeleton":8,"stat.walkOneCm":1306428,"stat.playerKills":1,"stat.mineBlock.minecraft.coal_ore":9,"stat.mineBlock.minecraft.lapis_ore":4,"stat.mineBlock.minecraft.log2":78,"stat.jump":4179,"stat.craftItem.minecraft.stone":64,"stat.entityKilledBy.Zombie":2,"stat.mineBlock.minecraft.tallgrass":21,"stat.deaths":6,"stat.craftItem.minecraft.crafting_table":1,"stat.mobKills":34,"stat.mineBlock.minecraft.stone":89,"stat.craftItem.minecraft.planks":36,"stat.killEntity.Zombie":16,"stat.mineBlock.minecraft.redstone_ore":7,"stat.useItem.minecraft.sign":10,"stat.minecartOneCm":19612,"stat.useItem.minecraft.wooden_sword":13,"stat.craftItem.minecraft.diamond_helmet":1,"stat.killEntity.Squid":2,"stat.useItem.minecraft.iron_pickaxe":102,"stat.sprintOneCm":105974,"stat.useItem.minecraft.dirt":18}