{"stat.beaconInteraction":4,"stat.useItem.minecraft.bow":939,"stat.useItem.minecraft.quartz_block":11,"stat.killEntity.EntityHorse":1,"stat.useItem.minecraft.painting":19,"stat.leaveGame":378,"stat.useItem.minecraft.glowstone":90,"stat.mineBlock.minecraft.sandstone":28,"stat.craftItem.minecraft.ender_eye":7,"stat.mineBlock.minecraft.stained_glass":43,"stat.killEntity.PigZombie":33,"stat.mineBlock.minecraft.web":16,"stat.craftItem.minecraft.stone_pressure_plate":11,"achievement.snipeSkeleton":2,"stat.useItem.minecraft.activator_rail":6,"stat.useItem.minecraft.vine":207,"stat.useItem.minecraft.rail":2802,"stat.killEntity.Enderman":8828,"stat.mineBlock.minecraft.wooden_slab":452,"stat.useItem.minecraft.anvil":10,"stat.craftItem.minecraft.iron_shovel":10,"achievement.buildPickaxe":37,"stat.killEntity.Witch":8,"stat.useItem.minecraft.spider_eye":7,"stat.useItem.minecraft.iron_pickaxe":3494,"stat.craftItem.minecraft.wooden_pickaxe":1,"stat.craftItem.minecraft.iron_door":9,"stat.useItem.minecraft.iron_shovel":2267,"stat.craftItem.minecraft.bed":14,"stat.craftItem.minecraft.glass_pane":688,"stat.useItem.minecraft.hardened_clay":6,"stat.mineBlock.minecraft.hopper":194,"stat.mineBlock.minecraft.vine":544,"stat.mineBlock.minecraft.sticky_piston":41,"stat.useItem.minecraft.nether_wart":9,"stat.furnaceInteraction":638,"stat.mineBlock.minecraft.rail":1117,"stat.useItem.minecraft.pumpkin_seeds":11,"stat.mineBlock.minecraft.wooden_button":25,"stat.useItem.minecraft.trapdoor":35,"stat.mineBlock.minecraft.stained_hardened_clay":1356,"stat.useItem.minecraft.stained_glass":97,"stat.craftItem.minecraft.prismarine":19,"stat.useItem.minecraft.fence":752,"stat.useItem.minecraft.dark_oak_door":6,"achievement.openInventory":12599,"stat.mineBlock.minecraft.sponge":336,"stat.useItem.minecraft.flint_and_steel":100,"stat.mineBlock.minecraft.fence":108,"stat.mineBlock.minecraft.sea_lantern":113,"stat.useItem.minecraft.wheat_seeds":1880,"stat.mineBlock.minecraft.dark_oak_fence_gate":9,"stat.useItem.minecraft.wooden_button":74,"stat.craftItem.minecraft.dropper":8,"stat.useItem.minecraft.dye":2804,"stat.deaths":11,"stat.craftItem.minecraft.item_frame":65,"stat.mineBlock.minecraft.stone_pressure_plate":5,"stat.useItem.minecraft.nether_brick":291,"stat.craftItem.minecraft.iron_pickaxe":9,"stat.craftItem.minecraft.repeater":64,"stat.craftItem.minecraft.cooked_mutton":73,"stat.mineBlock.minecraft.tallgrass":1427,"stat.fishCaught":19,"achievement.potion":54,"stat.chestOpened":4325,"stat.craftItem.minecraft.mossy_cobblestone":5,"stat.useItem.minecraft.lapis_ore":5,"stat.craftItem.minecraft.mushroom_stew":7,"stat.craftItem.minecraft.sign":174,"stat.useItem.minecraft.stone":12047,"stat.killEntity.Ghast":18,"stat.useItem.minecraft.ender_chest":12,"stat.craftItem.minecraft.quartz_block":83,"stat.craftItem.minecraft.coal":723,"stat.craftItem.minecraft.ender_chest":6,"stat.crouchOneCm":3553905,"achievement.killCow":178,"stat.craftItem.minecraft.diamond":198,"stat.mineBlock.minecraft.chest":80,"stat.craftItem.minecraft.iron_ingot":2903,"stat.mineBlock.minecraft.hardened_clay":1334,"stat.craftItem.minecraft.hopper":129,"stat.craftingTableInteraction":948,"stat.mineBlock.minecraft.wooden_pressure_plate":7,"stat.mineBlock.minecraft.log2":2801,"stat.useItem.minecraft.dark_oak_fence":1923,"stat.useItem.minecraft.reeds":125,"stat.craftItem.minecraft.nether_brick":9,"stat.craftItem.minecraft.diamond_shovel":10,"stat.mineBlock.minecraft.glass":418,"stat.useItem.minecraft.enchanting_table":2,"stat.mineBlock.minecraft.ender_chest":6,"stat.mineBlock.minecraft.dirt":17458,"stat.useItem.minecraft.bread":29,"stat.treasureFished":1,"stat.useItem.minecraft.cobblestone":14145,"stat.mineBlock.minecraft.activator_rail":6,"stat.useItem.minecraft.gravel":565,"stat.mineBlock.minecraft.double_plant":35,"stat.minecartOneCm":13721161,"stat.craftItem.minecraft.gold_ingot":441,"stat.craftItem.minecraft.brewing_stand":2,"stat.useItem.minecraft.glass_pane":455,"achievement.portal":587,"stat.craftItem.minecraft.bucket":99,"stat.useItem.minecraft.iron_sword":421,"stat.craftItem.minecraft.planks":15662,"stat.itemEnchanted":30,"stat.mineBlock.minecraft.prismarine":312,"stat.craftItem.minecraft.fishing_rod":1,"stat.useItem.minecraft.stonebrick":12314,"stat.mineBlock.minecraft.log":2192,"stat.craftItem.minecraft.wooden_door":18,"stat.mineBlock.minecraft.waterlily":1,"stat.useItem.minecraft.wooden_door":23,"stat.useItem.minecraft.spruce_door":8,"achievement.acquireIron":231,"stat.craftItem.minecraft.paper":700,"stat.craftItem.minecraft.trapped_chest":9,"stat.craftItem.minecraft.spruce_door":6,"stat.craftItem.minecraft.diamond_leggings":4,"stat.useItem.minecraft.iron_axe":605,"stat.mineBlock.minecraft.pumpkin":65,"stat.mineBlock.minecraft.cobblestone":5939,"stat.mineBlock.minecraft.yellow_flower":125,"stat.craftItem.minecraft.quartz_stairs":36,"stat.useItem.minecraft.skull":8,"stat.craftItem.minecraft.wool":102,"stat.mineBlock.minecraft.stained_glass_pane":177,"achievement.buildWorkBench":180,"stat.craftItem.minecraft.arrow":460,"stat.mineBlock.minecraft.dropper":20,"stat.breakItem.minecraft.iron_pickaxe":8,"stat.useItem.minecraft.obsidian":155,"stat.useItem.minecraft.cookie":58,"stat.craftItem.minecraft.dark_oak_door":9,"stat.craftItem.minecraft.furnace":100,"stat.craftItem.minecraft.lapis_block":97,"stat.mineBlock.minecraft.detector_rail":3,"stat.useItem.minecraft.egg":1489,"stat.craftItem.minecraft.iron_boots":1,"stat.junkFished":1,"stat.craftItem.minecraft.cooked_beef":153,"stat.mineBlock.minecraft.obsidian":217,"stat.craftItem.minecraft.bow":50,"stat.mineBlock.minecraft.clay":94,"stat.flyOneCm":17423327,"stat.craftItem.minecraft.stained_glass":968,"stat.timeSinceDeath":3813384,"stat.craftItem.minecraft.painting":1,"stat.useItem.minecraft.melon_block":1,"stat.useItem.minecraft.wooden_slab":1957,"stat.useItem.minecraft.iron_door":5,"stat.craftItem.minecraft.iron_block":296,"stat.killEntity.Bat":7,"stat.craftItem.minecraft.stonebrick":13069,"stat.breakItem.minecraft.diamond_pickaxe":3,"stat.useItem.minecraft.potato":80,"stat.mineBlock.minecraft.enchanting_table":1,"stat.mineBlock.minecraft.coal_ore":1371,"stat.killEntity.Creeper":94,"stat.useItem.minecraft.armor_stand":4,"stat.talkedToVillager":1,"stat.breakItem.minecraft.iron_sword":1,"stat.craftItem.minecraft.stone_hoe":2,"stat.mineBlock.minecraft.red_mushroom_block":4681,"stat.craftItem.minecraft.jungle_stairs":192,"stat.mineBlock.minecraft.ladder":394,"stat.useItem.minecraft.milk_bucket":10,"achievement.buildSword":16,"stat.useItem.minecraft.written_book":9,"stat.useItem.minecraft.dropper":28,"stat.killEntity.Squid":107,"stat.useItem.minecraft.diamond_shovel":21205,"stat.sprintOneCm":23994354,"stat.mineBlock.minecraft.stone_slab":2203,"stat.useItem.minecraft.snowball":3,"stat.mineBlock.minecraft.diamond_ore":178,"stat.useItem.minecraft.brown_mushroom_block":1264,"stat.craftItem.minecraft.wooden_pressure_plate":28,"stat.craftItem.minecraft.speckled_melon":1,"stat.craftItem.minecraft.redstone_lamp":18,"achievement.killEnemy":9798,"stat.useItem.minecraft.banner":38,"stat.breakItem.minecraft.iron_shovel":7,"stat.useItem.minecraft.ladder":1340,"stat.useItem.minecraft.diamond_ore":5,"stat.killEntity.Zombie":292,"stat.craftItem.minecraft.dye":3974,"stat.useItem.minecraft.birch_stairs":1,"stat.killEntity.Guardian":9,"stat.craftItem.minecraft.diamond_axe":3,"stat.mineBlock.minecraft.gold_ore":119,"stat.craftItem.minecraft.slime_ball":36,"stat.diveOneCm":5640572,"stat.mineBlock.minecraft.mossy_cobblestone":50,"stat.useItem.minecraft.sticky_piston":60,"stat.craftItem.minecraft.ladder":840,"achievement.buildHoe":9,"stat.mineBlock.minecraft.stone_button":23,"stat.craftItem.minecraft.cooked_porkchop":2,"stat.useItem.minecraft.rotten_flesh":148,"stat.craftItem.minecraft.diamond_sword":7,"stat.useItem.minecraft.iron_trapdoor":3,"stat.useItem.minecraft.sand":301,"stat.jump":115474,"stat.craftItem.minecraft.lever":246,"stat.craftItem.minecraft.torch":6443,"stat.useItem.minecraft.coal_ore":1,"achievement.makeBread":39,"stat.craftItem.minecraft.sponge":325,"stat.craftItem.minecraft.fermented_spider_eye":2,"stat.useItem.minecraft.dispenser":92,"stat.useItem.minecraft.glass":3100,"stat.useItem.minecraft.sapling":457,"stat.mineBlock.minecraft.lapis_ore":73,"achievement.blazeRod":21,"stat.mineBlock.minecraft.glass_pane":367,"stat.brewingstandInteraction":72,"stat.damageTaken":27374,"stat.useItem.minecraft.stone_brick_stairs":2133,"stat.mineBlock.minecraft.torch":1438,"stat.mineBlock.minecraft.melon_block":15,"stat.mineBlock.minecraft.red_flower":63,"stat.mineBlock.minecraft.sapling":29,"stat.noteblockTuned":1,"stat.craftItem.minecraft.comparator":17,"stat.craftItem.minecraft.sea_lantern":1,"stat.craftItem.minecraft.glowstone":2,"stat.useItem.minecraft.slime":149,"stat.useItem.minecraft.birch_fence":191,"stat.mineBlock.minecraft.fence_gate":2,"stat.useItem.minecraft.snow_layer":22,"stat.killEntity.Silverfish":13,"stat.craftItem.minecraft.stone_slab":9848,"stat.mineBlock.minecraft.birch_fence":59,"stat.animalsBred":705,"stat.useItem.minecraft.chest":207,"stat.useItem.minecraft.pumpkin":313,"stat.useItem.minecraft.tnt":86,"stat.useItem.minecraft.gold_ore":5,"stat.useItem.minecraft.lava_bucket":343,"stat.useItem.minecraft.melon":15,"stat.useItem.minecraft.item_frame":52,"stat.craftItem.minecraft.iron_chestplate":1,"stat.useItem.minecraft.stained_hardened_clay":1341,"stat.useItem.minecraft.netherrack":1764,"stat.craftItem.minecraft.stained_glass_pane":2080,"stat.craftItem.minecraft.bookshelf":6,"stat.useItem.minecraft.tripwire_hook":26,"stat.mineBlock.minecraft.stonebrick":5143,"stat.craftItem.minecraft.cookie":72,"stat.mineBlock.minecraft.glowstone":139,"stat.mobKills":13429,"stat.mineBlock.minecraft.bookshelf":34,"stat.craftItem.minecraft.shears":17,"stat.useItem.minecraft.boat":115,"stat.craftItem.minecraft.lead":24,"stat.useItem.minecraft.mossy_cobblestone":1,"stat.useItem.minecraft.cobblestone_wall":627,"stat.breakItem.minecraft.diamond_shovel":5,"achievement.bookcase":2,"stat.craftItem.minecraft.nether_brick_stairs":8,"stat.craftItem.minecraft.spruce_stairs":140,"stat.craftItem.minecraft.map":46,"stat.craftItem.minecraft.compass":46,"stat.useItem.minecraft.string":99,"stat.useItem.minecraft.bookshelf":38,"stat.craftItem.minecraft.iron_axe":3,"stat.useItem.minecraft.lead":4,"stat.killEntity.Blaze":30,"stat.useItem.minecraft.mutton":3,"stat.useItem.minecraft.planks":3427,"stat.useItem.minecraft.nether_brick_stairs":21,"stat.mineBlock.minecraft.red_mushroom":46,"stat.useItem.minecraft.water_bucket":688,"stat.mineBlock.minecraft.stone_brick_stairs":823,"stat.mineBlock.minecraft.nether_brick_fence":22,"stat.craftItem.minecraft.golden_apple":8,"stat.useItem.minecraft.golden_sword":7,"stat.craftItem.minecraft.dark_oak_fence":1575,"achievement.diamonds":233,"stat.craftItem.minecraft.cobblestone_wall":594,"stat.craftItem.minecraft.stone_sword":1,"stat.useItem.minecraft.brown_mushroom":24,"stat.useItem.minecraft.ender_pearl":404,"stat.mineBlock.minecraft.snow_layer":44,"stat.mineBlock.minecraft.sand":6427,"stat.craftItem.minecraft.wooden_hoe":1,"stat.craftItem.minecraft.cooked_fish":19,"stat.craftItem.minecraft.slime":167,"achievement.buildBetterPickaxe":37,"stat.craftItem.minecraft.blaze_powder":10,"stat.useItem.minecraft.fence_gate":12,"stat.hopperInspected":505,"stat.breakItem.minecraft.flint_and_steel":1,"stat.trappedChestTriggered":114,"achievement.breedCow":590,"stat.useItem.minecraft.oak_stairs":138,"stat.craftItem.minecraft.golden_carrot":40,"stat.mineBlock.minecraft.dark_oak_stairs":115,"stat.craftItem.minecraft.pumpkin_seeds":8,"stat.useItem.minecraft.dark_oak_stairs":517,"stat.mineBlock.minecraft.birch_stairs":1,"stat.useItem.minecraft.minecart":222,"stat.useItem.minecraft.cooked_mutton":337,"stat.useItem.minecraft.redstone":1110,"achievement.overkill":76,"stat.mineBlock.minecraft.redstone_lamp":12,"achievement.mineWood":4339,"stat.useItem.minecraft.stone_stairs":135,"stat.craftItem.minecraft.fence_gate":10,"stat.useItem.minecraft.hopper":319,"stat.mineBlock.minecraft.jungle_stairs":29,"stat.mineBlock.minecraft.oak_stairs":74,"achievement.ghast":3,"stat.playOneMinute":15440674,"stat.useItem.minecraft.jungle_stairs":205,"stat.craftItem.minecraft.diamond_block":38,"stat.useItem.minecraft.shears":864,"stat.mineBlock.minecraft.brown_mushroom_block":1558,"stat.mineBlock.minecraft.dark_oak_fence":444,"stat.craftItem.minecraft.carpet":27,"stat.mineBlock.minecraft.netherrack":7114,"stat.mineBlock.minecraft.dispenser":54,"stat.useItem.minecraft.sponge":308,"stat.craftItem.minecraft.dark_oak_stairs":484,"stat.craftItem.minecraft.redstone_torch":495,"stat.craftItem.minecraft.golden_rail":162,"stat.useItem.minecraft.packed_ice":57,"stat.useItem.minecraft.quartz_ore":1,"stat.mineBlock.minecraft.gold_block":8,"stat.craftItem.minecraft.iron_hoe":2,"stat.fallOneCm":1937122,"stat.useItem.minecraft.trapped_chest":17,"stat.craftItem.minecraft.chest":287,"stat.useItem.minecraft.nether_brick_fence":37,"stat.craftItem.minecraft.banner":82,"stat.mineBlock.minecraft.lever":72,"stat.useItem.minecraft.iron_hoe":71,"stat.dropperInspected":68,"stat.useItem.minecraft.golden_rail":386,"stat.craftItem.minecraft.detector_rail":12,"stat.craftItem.minecraft.wooden_button":52,"stat.useItem.minecraft.furnace":156,"stat.mineBlock.minecraft.spruce_fence":11,"stat.craftItem.minecraft.dark_oak_fence_gate":7,"stat.mineBlock.minecraft.gravel":1701,"stat.useItem.minecraft.stone_pickaxe":259,"stat.craftItem.minecraft.birch_stairs":8,"stat.craftItem.minecraft.iron_leggings":1,"stat.useItem.minecraft.stone_sword":84,"stat.killEntity.Rabbit":1,"stat.useItem.minecraft.wool":1725,"stat.craftItem.minecraft.oak_stairs":148,"stat.useItem.minecraft.iron_bars":42,"stat.mineBlock.minecraft.monster_egg":17,"stat.mineBlock.minecraft.quartz_stairs":78,"stat.useItem.minecraft.torch":8632,"stat.craftItem.minecraft.redstone_block":128,"stat.craftItem.minecraft.stone_stairs":212,"stat.useItem.minecraft.log":267,"stat.useItem.minecraft.comparator":75,"stat.craftItem.minecraft.crafting_table":99,"stat.craftItem.minecraft.boat":140,"stat.killEntity.LavaSlime":47,"stat.mineBlock.minecraft.emerald_ore":12,"stat.useItem.minecraft.cooked_fish":9,"achievement.theEnd2":41,"stat.craftItem.minecraft.stone_button":47,"stat.mineBlock.minecraft.golden_rail":117,"stat.craftItem.minecraft.hopper_minecart":2,"stat.entityKilledBy.Enderman":1,"stat.mineBlock.minecraft.iron_block":23,"stat.mineBlock.minecraft.tripwire_hook":13,"stat.useItem.minecraft.jungle_door":9,"stat.useItem.minecraft.wooden_pressure_plate":29,"stat.craftItem.minecraft.cooked_chicken":82,"stat.useItem.minecraft.stone_hoe":129,"stat.craftItem.minecraft.sugar":37,"stat.mineBlock.minecraft.cobblestone_wall":242,"stat.useItem.minecraft.baked_potato":45,"stat.useItem.minecraft.brewing_stand":6,"stat.useItem.minecraft.fishing_rod":37,"stat.craftItem.minecraft.enchanting_table":1,"stat.craftItem.minecraft.jungle_door":12,"stat.craftItem.minecraft.diamond_chestplate":3,"stat.useItem.minecraft.mushroom_stew":7,"stat.craftItem.minecraft.sticky_piston":23,"stat.horseOneCm":938924,"stat.useItem.minecraft.repeater":245,"stat.useItem.minecraft.log2":172,"stat.mineBlock.minecraft.slime":45,"stat.craftItem.minecraft.stone_brick_stairs":1404,"stat.mineBlock.minecraft.brown_mushroom":28,"stat.useItem.minecraft.diamond_sword":2310,"stat.craftItem.minecraft.diamond_helmet":5,"stat.craftItem.minecraft.iron_trapdoor":1,"stat.swimOneCm":4190195,"stat.climbOneCm":2930100,"stat.mineBlock.minecraft.spruce_stairs":38,"stat.craftItem.minecraft.gold_block":33,"stat.enderchestOpened":424,"stat.useItem.minecraft.redstone_torch":581,"stat.useItem.minecraft.dirt":12070,"achievement.exploreAllBiomes":{"value":0,"progress":["Birch Forest Hills","Sunflower Plains","Mesa Plateau F","ForestHills","Mesa","Flower Forest","Birch Forest","Roofed Forest","Plains","The End","Beach","Stone Beach","Extreme Hills+","Jungle","Ocean","Forest","River","Desert","Taiga","Extreme Hills","Swampland","Deep Ocean","Hell","Savanna"]},"stat.useItem.minecraft.leaves2":12,"stat.useItem.minecraft.detector_rail":11,"stat.craftItem.minecraft.trapdoor":32,"stat.craftItem.minecraft.melon_block":7,"stat.craftItem.minecraft.stone_pickaxe":2,"stat.mineBlock.minecraft.carpet":94,"stat.mineBlock.minecraft.redstone_block":11,"stat.useItem.minecraft.stone_shovel":14,"stat.craftItem.minecraft.glass_bottle":48,"stat.useItem.minecraft.red_mushroom":56,"stat.useItem.minecraft.cooked_beef":984,"stat.craftItem.minecraft.wooden_slab":1628,"stat.craftItem.minecraft.dispenser":41,"stat.craftItem.minecraft.book":71,"stat.mineBlock.minecraft.iron_ore":757,"stat.useItem.minecraft.sign":210,"achievement.theEnd":13,"stat.useItem.minecraft.lever":211,"stat.useItem.minecraft.cooked_porkchop":9,"stat.mineBlock.minecraft.nether_brick":349,"stat.craftItem.minecraft.nether_brick_fence":18,"stat.useItem.minecraft.chest_minecart":1,"stat.useItem.minecraft.sea_lantern":499,"stat.useItem.minecraft.spruce_fence":15,"stat.craftItem.minecraft.chest_minecart":1,"stat.craftItem.minecraft.stick":7309,"stat.useItem.minecraft.stone_slab":8979,"stat.craftItem.minecraft.stained_hardened_clay":1264,"stat.useItem.minecraft.bed":36,"stat.craftItem.minecraft.gold_nugget":513,"stat.craftItem.minecraft.stone":7556,"stat.mineBlock.minecraft.crafting_table":75,"stat.useItem.minecraft.stone_pressure_plate":18,"stat.useItem.minecraft.diamond_pickaxe":72686,"stat.mineBlock.minecraft.quartz_block":19,"stat.killEntity.Endermite":2,"stat.useItem.minecraft.carrot":90,"stat.useItem.minecraft.bucket":1339,"stat.breakItem.minecraft.shears":2,"achievement.buildFurnace":183,"stat.mineBlock.minecraft.planks":836,"stat.drop":363,"stat.killEntity.Sheep":136,"stat.craftItem.minecraft.diamond_pickaxe":10,"stat.useItem.minecraft.melon_seeds":2,"stat.craftItem.minecraft.piston":26,"stat.useItem.minecraft.quartz_stairs":101,"stat.useItem.minecraft.glass_bottle":80,"stat.killEntity.Slime":48,"stat.mineBlock.minecraft.anvil":7,"stat.useItem.minecraft.diamond_axe":13327,"stat.useItem.minecraft.apple":3,"stat.mineBlock.minecraft.deadbush":4,"stat.entityKilledBy.Guardian":2,"stat.useItem.minecraft.carpet":69,"stat.useItem.minecraft.potion":43,"stat.useItem.minecraft.stained_glass_pane":2008,"stat.useItem.minecraft.wooden_hoe":3,"stat.useItem.minecraft.piston":7,"stat.craftItem.minecraft.bread":29,"stat.useItem.minecraft.stone_button":67,"stat.craftItem.minecraft.iron_helmet":1,"stat.craftItem.minecraft.rail":1283,"stat.useItem.minecraft.cooked_chicken":164,"stat.boatOneCm":5293418,"stat.mineBlock.minecraft.iron_bars":42,"stat.craftItem.minecraft.flint_and_steel":7,"stat.useItem.minecraft.redstone_lamp":28,"stat.mineBlock.minecraft.leaves2":1836,"stat.mineBlock.minecraft.stone_stairs":52,"stat.craftItem.minecraft.activator_rail":6,"stat.craftItem.minecraft.iron_bars":16,"stat.mineBlock.minecraft.furnace":89,"stat.dispenserInspected":329,"stat.useItem.minecraft.wooden_pickaxe":43,"stat.killEntity.CaveSpider":1,"stat.craftItem.minecraft.netherbrick":39,"stat.craftItem.minecraft.birch_fence":141,"stat.damageDealt":315064,"stat.craftItem.minecraft.glass":1603,"stat.craftItem.minecraft.bowl":8,"stat.craftItem.minecraft.baked_potato":45,"stat.craftItem.minecraft.anvil":4,"stat.mineBlock.minecraft.nether_brick_stairs":13,"stat.killEntity.Cow":223,"stat.useItem.minecraft.crafting_table":142,"stat.killEntity.Pig":3,"stat.craftItem.minecraft.iron_sword":2,"stat.craftItem.minecraft.stone_shovel":1,"stat.walkOneCm":72264759,"stat.playerKills":1,"achievement.enchantments":1,"stat.mineBlock.minecraft.trapped_chest":9,"stat.useItem.minecraft.dark_oak_fence_gate":11,"stat.breakItem.minecraft.stone_pickaxe":2,"stat.craftItem.minecraft.diamond_boots":2,"stat.useItem.minecraft.redstone_block":11,"stat.useItem.minecraft.spruce_stairs":148,"stat.mineBlock.minecraft.wool":427,"stat.useItem.minecraft.red_mushroom_block":2275,"stat.craftItem.minecraft.redstone":1134,"stat.mineBlock.minecraft.packed_ice":21,"stat.useItem.minecraft.leaves":49,"stat.craftItem.minecraft.minecart":97,"stat.useItem.minecraft.cactus":49,"stat.useItem.minecraft.prismarine":795,"stat.killEntity.Skeleton":203,"stat.mineBlock.minecraft.cactus":35,"stat.killEntity.Chicken":210,"stat.mineBlock.minecraft.redstone_torch":176,"stat.useItem.minecraft.iron_block":193,"stat.killEntity.Spider":184,"stat.mineBlock.minecraft.quartz_ore":273,"stat.craftItem.minecraft.tnt":116,"stat.craftItem.minecraft.spruce_fence":12,"stat.craftItem.minecraft.fence":687,"stat.breakItem.minecraft.iron_axe":2,"stat.useItem.minecraft.hopper_minecart":2,"stat.mineBlock.minecraft.leaves":1549,"stat.mineBlock.minecraft.piston":3,"stat.mineBlock.minecraft.redstone_ore":226,"stat.craftItem.minecraft.coal_block":101,"stat.craftItem.minecraft.tripwire_hook":44,"achievement.cookFish":2,"stat.mineBlock.minecraft.stone":44461,"stat.useItem.minecraft.sandstone":2}