{"stat.mineBlock.minecraft.stonebrick":76,"stat.useItem.minecraft.nether_wart":194,"stat.useItem.minecraft.fence_gate":1,"stat.craftItem.minecraft.iron_helmet":4,"stat.mineBlock.minecraft.netherrack":4312,"stat.craftItem.minecraft.gold_nugget":9,"stat.useItem.minecraft.leaves":460,"stat.craftItem.minecraft.stone_pressure_plate":58,"stat.useItem.minecraft.netherrack":1180,"stat.mineBlock.minecraft.glass":440,"stat.useItem.minecraft.end_stone":5,"achievement.acquireIron":48,"stat.useItem.minecraft.iron_shovel":13742,"stat.damageDealt":394840,"stat.craftItem.minecraft.prismarine":63,"stat.useItem.minecraft.fence":44,"stat.craftItem.minecraft.ender_chest":2,"stat.craftItem.minecraft.beacon":1,"stat.useItem.minecraft.item_frame":34,"stat.useItem.minecraft.brick_block":15,"stat.useItem.minecraft.iron_block":8,"stat.killEntity.Bat":1,"stat.mineBlock.minecraft.red_mushroom_block":188,"stat.crouchOneCm":1197407,"achievement.theEnd2":10,"stat.useItem.minecraft.shears":2184,"stat.useItem.minecraft.potato":458,"stat.mineBlock.minecraft.red_mushroom":7,"achievement.exploreAllBiomes":{"value":0,"progress":["Desert","JungleEdge","Taiga","Deep Ocean","Extreme Hills","Birch Forest Hills M","Jungle","Birch Forest Hills","DesertHills","Birch Forest","Mesa","Savanna","River","Swampland","Extreme Hills+","Mesa Plateau F","Flower Forest","Ocean","Plains","TaigaHills","The End","Hell","ForestHills","Forest","JungleHills","Beach","Roofed Forest","Stone Beach"]},"stat.mineBlock.minecraft.double_plant":9,"stat.craftItem.minecraft.iron_pickaxe":48,"stat.craftItem.minecraft.flint_and_steel":1,"stat.craftItem.minecraft.diamond_chestplate":1,"stat.craftItem.minecraft.brewing_stand":13,"stat.craftItem.minecraft.wool":20,"stat.craftItem.minecraft.enchanting_table":2,"stat.breakItem.minecraft.iron_shovel":14,"stat.useItem.minecraft.glass_pane":264,"stat.useItem.minecraft.anvil":27,"stat.useItem.minecraft.chest":293,"achievement.spawnWither":10,"stat.useItem.minecraft.nether_brick_stairs":16,"stat.mineBlock.minecraft.furnace":44,"stat.craftItem.minecraft.coal_block":83,"stat.craftItem.minecraft.cobblestone_wall":402,"stat.useItem.minecraft.iron_bars":566,"stat.craftItem.minecraft.wooden_pickaxe":2,"stat.craftItem.minecraft.bed":3,"stat.craftItem.minecraft.glass_bottle":42,"stat.useItem.minecraft.stone_brick_stairs":50,"stat.killEntity.Sheep":7,"stat.mineBlock.minecraft.sand":4775,"stat.useItem.minecraft.cobblestone":3218,"stat.craftItem.minecraft.iron_sword":4,"stat.mineBlock.minecraft.waterlily":125,"stat.craftItem.minecraft.chest":161,"stat.useItem.minecraft.quartz_block":153,"stat.craftItem.minecraft.item_frame":20,"stat.useItem.minecraft.wooden_door":30,"achievement.openInventory":3871,"stat.useItem.minecraft.stained_glass":4,"stat.craftItem.minecraft.golden_leggings":3,"stat.mineBlock.minecraft.redstone_block":136,"stat.useItem.minecraft.brewing_stand":4,"stat.killEntity.Cow":348,"stat.useItem.minecraft.diamond_pickaxe":136562,"stat.killEntity.Ghast":10,"stat.craftItem.minecraft.fence_gate":1,"stat.useItem.minecraft.sticky_piston":4,"stat.mineBlock.minecraft.stained_glass":2,"stat.useItem.minecraft.log":114,"stat.craftItem.minecraft.iron_chestplate":3,"stat.useItem.minecraft.redstone_block":48,"stat.craftItem.minecraft.iron_door":3,"stat.mineBlock.minecraft.brown_mushroom_block":47,"stat.useItem.minecraft.diamond_shovel":23164,"stat.useItem.minecraft.snowball":192,"stat.craftItem.minecraft.furnace":54,"stat.craftItem.minecraft.torch":1710,"achievement.bookcase":82,"stat.mineBlock.minecraft.log":1207,"stat.useItem.minecraft.obsidian":108,"achievement.diamondsToYou":1,"stat.breakItem.minecraft.stone_shovel":24,"stat.useItem.minecraft.planks":1215,"stat.talkedToVillager":4,"stat.craftItem.minecraft.ender_eye":7,"achievement.overkill":6,"stat.useItem.minecraft.cooked_chicken":102,"stat.useItem.minecraft.torch":2511,"stat.useItem.minecraft.bed":7,"stat.useItem.minecraft.stone_pickaxe":647,"stat.mineBlock.minecraft.clay":225,"stat.craftItem.minecraft.iron_bars":320,"stat.mineBlock.minecraft.gold_ore":340,"stat.mineBlock.minecraft.quartz_stairs":3,"stat.craftItem.minecraft.cauldron":4,"stat.useItem.minecraft.skull":5,"stat.craftItem.minecraft.redstone_block":150,"achievement.buildWorkBench":50,"stat.useItem.minecraft.stone":5125,"stat.craftItem.minecraft.diamond_sword":2,"stat.craftItem.minecraft.stone_button":2,"stat.craftItem.minecraft.snow":7612,"stat.craftItem.minecraft.iron_leggings":3,"stat.useItem.minecraft.ladder":8,"stat.craftItem.minecraft.diamond_leggings":1,"achievement.killCow":278,"stat.useItem.minecraft.redstone":495,"stat.craftItem.minecraft.writable_book":29,"stat.mineBlock.minecraft.bookshelf":45,"stat.craftItem.minecraft.book":291,"stat.mineBlock.minecraft.slime":10,"stat.mineBlock.minecraft.diamond_ore":123,"stat.mineBlock.minecraft.torch":355,"stat.useItem.minecraft.red_flower":3,"stat.craftItem.minecraft.cooked_beef":524,"stat.useItem.minecraft.milk_bucket":2,"stat.useItem.minecraft.diamond_sword":1656,"stat.mineBlock.minecraft.brown_mushroom":3,"stat.useItem.minecraft.oak_stairs":6,"stat.craftItem.minecraft.ladder":6,"stat.mineBlock.minecraft.wool":1566,"stat.breakItem.minecraft.stone_pickaxe":1,"stat.craftItem.minecraft.lever":40,"stat.useItem.minecraft.enchanting_table":7,"stat.craftItem.minecraft.quartz_block":262,"stat.useItem.minecraft.stone_sword":104,"stat.climbOneCm":767595,"achievement.potion":19,"stat.useItem.minecraft.sapling":151,"stat.drop":702,"achievement.theEnd":3,"stat.mineBlock.minecraft.anvil":18,"stat.fallOneCm":1178876,"stat.useItem.minecraft.coal_ore":1090,"stat.mineBlock.minecraft.nether_brick":24,"achievement.buildFurnace":105,"stat.useItem.minecraft.cactus":18,"stat.useItem.minecraft.boat":5,"stat.craftItem.minecraft.coal":739,"stat.craftItem.minecraft.cooked_mutton":3,"stat.useItem.minecraft.water_bucket":160,"stat.craftItem.minecraft.stone_axe":1,"stat.useItem.minecraft.wheat_seeds":1827,"stat.mineBlock.minecraft.hopper":2,"achievement.enchantments":2,"stat.useItem.minecraft.stonebrick":864,"stat.mineBlock.minecraft.gold_block":45,"stat.useItem.minecraft.furnace":78,"stat.useItem.minecraft.birch_door":2,"stat.craftItem.minecraft.gold_block":273,"stat.craftItem.minecraft.lead":6,"stat.craftItem.minecraft.speckled_melon":1,"stat.useItem.minecraft.potion":9,"stat.mineBlock.minecraft.pumpkin":10,"stat.mineBlock.minecraft.end_stone":27,"stat.useItem.minecraft.cooked_mutton":4,"stat.useItem.minecraft.quartz_stairs":64,"stat.useItem.minecraft.melon":1,"achievement.portal":269,"stat.mineBlock.minecraft.vine":35,"stat.flyOneCm":4771746,"stat.useItem.minecraft.writable_book":35,"stat.mineBlock.minecraft.chest":163,"achievement.buildPickaxe":82,"stat.mineBlock.minecraft.iron_ore":1654,"stat.useItem.minecraft.prismarine":40,"stat.damageTaken":40022,"stat.mineBlock.minecraft.prismarine":18,"stat.useItem.minecraft.cake":7,"stat.mineBlock.minecraft.nether_brick_fence":1,"stat.killEntity.Chicken":18,"stat.craftItem.minecraft.stone_pickaxe":8,"stat.mineBlock.minecraft.cobblestone":1587,"stat.craftItem.minecraft.netherbrick":1956,"stat.mineBlock.minecraft.iron_bars":361,"stat.useItem.minecraft.dye":8,"stat.craftItem.minecraft.brick_block":16,"stat.craftItem.minecraft.melon_seeds":15,"stat.useItem.minecraft.ender_chest":2,"stat.useItem.minecraft.lapis_ore":68,"stat.useItem.minecraft.log2":67,"stat.useItem.minecraft.flint_and_steel":15,"stat.breakItem.minecraft.diamond_boots":1,"stat.mineBlock.minecraft.enchanting_table":5,"stat.useItem.minecraft.stone_pressure_plate":2,"stat.craftItem.minecraft.golden_apple":5,"stat.craftItem.minecraft.boat":5,"stat.craftItem.minecraft.iron_axe":3,"achievement.killWither":6,"stat.mineBlock.minecraft.wooden_slab":34,"stat.useItem.minecraft.diamond_ore":45,"stat.useItem.minecraft.stone_slab":600,"stat.mineBlock.minecraft.fence":10,"stat.craftItem.minecraft.oak_stairs":16,"stat.mineBlock.minecraft.melon_block":8,"stat.killEntity.Creeper":125,"stat.craftItem.minecraft.iron_block":44,"stat.mineBlock.minecraft.planks":45,"stat.craftItem.minecraft.stone_slab":627,"stat.killEntity.Rabbit":13,"stat.useItem.minecraft.hopper":2,"stat.leaveGame":151,"stat.craftItem.minecraft.iron_ingot":968,"stat.useItem.minecraft.ender_eye":3,"stat.mineBlock.minecraft.leaves":959,"achievement.buildSword":8,"stat.craftItem.minecraft.hopper":1,"stat.craftItem.minecraft.pumpkin_seeds":20,"stat.craftItem.minecraft.wooden_door":27,"stat.mineBlock.minecraft.sticky_piston":7,"achievement.mineWood":1199,"stat.mineBlock.minecraft.red_flower":48,"stat.mineBlock.minecraft.stone_slab":102,"stat.useItem.minecraft.iron_axe":275,"stat.useItem.minecraft.snow":8036,"stat.craftItem.minecraft.dye":631,"achievement.bakeCake":18,"stat.craftItem.minecraft.diamond_pickaxe":22,"stat.craftItem.minecraft.cake":11,"stat.useItem.minecraft.stone_shovel":4998,"stat.useItem.minecraft.iron_ore":2,"stat.diveOneCm":1736904,"stat.useItem.minecraft.lever":13,"stat.useItem.minecraft.soul_sand":193,"stat.craftItem.minecraft.leather":1,"stat.killEntity.Slime":241,"stat.useItem.minecraft.waterlily":28,"stat.craftItem.minecraft.golden_hoe":1,"stat.useItem.minecraft.nether_brick":59,"stat.craftItem.minecraft.nether_brick":489,"stat.useItem.minecraft.bow":148,"stat.useItem.minecraft.cooked_beef":521,"stat.breakItem.minecraft.diamond_pickaxe":1,"stat.useItem.minecraft.gold_block":209,"stat.mineBlock.minecraft.crafting_table":29,"stat.useItem.minecraft.glass_bottle":15,"stat.mineBlock.minecraft.cactus":17,"achievement.diamonds":105,"stat.useItem.minecraft.egg":193,"stat.craftItem.minecraft.stonebrick":1088,"stat.useItem.minecraft.crafting_table":39,"stat.craftItem.minecraft.paper":874,"stat.breakItem.minecraft.shears":4,"stat.craftItem.minecraft.bookshelf":41,"stat.useItem.minecraft.stone_hoe":112,"stat.mineBlock.minecraft.obsidian":308,"stat.craftItem.minecraft.diamond_boots":1,"stat.killEntity.Enderman":63,"stat.mineBlock.minecraft.coal_block":8,"stat.mineBlock.minecraft.stone_brick_stairs":1,"stat.useItem.minecraft.glass":3677,"achievement.buildBetterPickaxe":80,"stat.useItem.minecraft.ender_pearl":87,"stat.mineBlock.minecraft.sapling":1,"stat.timeSinceDeath":5069,"stat.useItem.minecraft.golden_apple":3,"stat.craftItem.minecraft.cooked_porkchop":1,"stat.useItem.minecraft.gravel":618,"stat.mineBlock.minecraft.leaves2":3,"stat.killEntity.PigZombie":104,"stat.mineBlock.minecraft.quartz_block":7,"stat.craftItem.minecraft.dirt":128,"stat.boatOneCm":211973,"stat.useItem.minecraft.golden_sword":24,"stat.useItem.minecraft.wool":7,"stat.craftItem.minecraft.bucket":37,"stat.entityKilledBy.PigZombie":3,"achievement.buildHoe":4,"stat.useItem.minecraft.glowstone":42,"stat.craftItem.minecraft.iron_shovel":93,"stat.useItem.minecraft.reeds":70,"stat.craftItem.minecraft.banner":40,"achievement.killEnemy":1365,"stat.useItem.minecraft.sand":3,"stat.mineBlock.minecraft.snow_layer":14865,"stat.killEntity.LavaSlime":100,"stat.craftItem.minecraft.fence":51,"stat.playOneMinute":11349512,"stat.craftItem.minecraft.gold_ingot":2007,"stat.craftItem.minecraft.fermented_spider_eye":2,"stat.killEntity.Pig":3,"stat.useItem.minecraft.cooked_rabbit":1,"stat.useItem.minecraft.gold_ore":33,"stat.killEntity.Spider":114,"stat.mineBlock.minecraft.soul_sand":817,"achievement.ghast":3,"stat.craftItem.minecraft.glass":3513,"stat.craftItem.minecraft.stone_shovel":53,"stat.animalsBred":321,"stat.craftItem.minecraft.stick":1276,"stat.useItem.minecraft.pumpkin":15,"stat.useItem.minecraft.fishing_rod":4,"stat.craftItem.minecraft.wooden_slab":162,"stat.craftItem.minecraft.baked_potato":543,"stat.playerKills":1,"stat.killEntity.Silverfish":2,"stat.mineBlock.minecraft.coal_ore":2992,"stat.useItem.minecraft.redstone_ore":467,"stat.useItem.minecraft.iron_door":1,"stat.useItem.minecraft.bread":17,"stat.craftItem.minecraft.fishing_rod":1,"stat.mineBlock.minecraft.log2":6,"stat.craftItem.minecraft.diamond_axe":4,"stat.mineBlock.minecraft.tallgrass":229,"stat.craftItem.minecraft.redstone":899,"stat.craftItem.minecraft.stone_sword":1,"stat.useItem.minecraft.iron_sword":355,"achievement.breedCow":310,"stat.useItem.minecraft.coal_block":8,"stat.useItem.minecraft.written_book":5,"stat.useItem.minecraft.stone_axe":70,"stat.craftItem.minecraft.crafting_table":29,"stat.mobKills":150149,"stat.mineBlock.minecraft.quartz_ore":560,"stat.mineBlock.minecraft.stone":132258,"stat.craftItem.minecraft.diamond_shovel":5,"stat.useItem.minecraft.bucket":443,"stat.mineBlock.minecraft.cobblestone_wall":70,"stat.craftItem.minecraft.armor_stand":14,"stat.killEntity.Zombie":323,"stat.minecartOneCm":195050,"stat.useItem.minecraft.sign":69,"stat.mineBlock.minecraft.dirt":17642,"stat.useItem.minecraft.bookshelf":61,"stat.craftItem.minecraft.glass_pane":288,"stat.craftItem.minecraft.brick":64,"stat.useItem.minecraft.armor_stand":28,"stat.killEntity.Blaze":53,"stat.useItem.minecraft.banner":9,"stat.craftItem.minecraft.birch_door":3,"stat.useItem.minecraft.carrot":321,"stat.craftItem.minecraft.iron_boots":3,"stat.craftItem.minecraft.anvil":12,"stat.swimOneCm":2179489,"stat.fishCaught":1,"stat.useItem.minecraft.diamond_axe":2867,"stat.craftItem.minecraft.nether_brick_stairs":84,"stat.useItem.minecraft.lava_bucket":267,"stat.killEntity.Skeleton":221,"stat.horseOneCm":259733,"stat.walkOneCm":39659045,"stat.useItem.minecraft.slime":6,"achievement.blazeRod":53,"stat.craftItem.minecraft.stone_brick_stairs":56,"stat.mineBlock.minecraft.lapis_ore":141,"stat.craftItem.minecraft.stone_hoe":2,"stat.jump":57769,"stat.mineBlock.minecraft.glass_pane":17,"stat.mineBlock.minecraft.stained_hardened_clay":13,"stat.craftItem.minecraft.stone":5224,"stat.useItem.minecraft.beacon":1,"stat.killEntity.Witch":7,"stat.breakItem.minecraft.iron_pickaxe":1,"stat.mineBlock.minecraft.ladder":2,"stat.craftItem.minecraft.lapis_block":35,"stat.mineBlock.minecraft.snow":1382,"stat.mineBlock.minecraft.brick_block":5,"stat.useItem.minecraft.cobblestone_wall":295,"stat.craftItem.minecraft.sign":48,"stat.deaths":37,"stat.mineBlock.minecraft.glowstone":139,"stat.useItem.minecraft.wooden_slab":163,"stat.mineBlock.minecraft.gravel":2570,"stat.craftItem.minecraft.blaze_powder":4,"stat.craftItem.minecraft.cooked_rabbit":1,"stat.useItem.minecraft.baked_potato":410,"stat.craftItem.minecraft.diamond_hoe":1,"stat.craftItem.minecraft.planks":4090,"stat.mineBlock.minecraft.redstone_ore":853,"stat.useItem.minecraft.diamond_hoe":473,"stat.craftItem.minecraft.shears":18,"stat.useItem.minecraft.wooden_pickaxe":11,"stat.craftItem.minecraft.wooden_sword":1,"stat.useItem.minecraft.cauldron":5,"stat.mineBlock.minecraft.ender_chest":1,"stat.craftItem.minecraft.stained_glass":16,"stat.craftItem.minecraft.diamond_helmet":2,"stat.killEntity.Squid":62,"stat.useItem.minecraft.iron_pickaxe":9411,"stat.craftItem.minecraft.sugar":66,"stat.sprintOneCm":13595989,"stat.useItem.minecraft.dirt":7104,"stat.craftItem.minecraft.quartz_stairs":64}