{"stat.useItem.minecraft.glass_pane":74,"stat.useItem.minecraft.chest":48,"stat.mineBlock.minecraft.stonebrick":9,"stat.mineBlock.minecraft.furnace":2,"stat.craftItem.minecraft.iron_helmet":4,"stat.craftItem.minecraft.wooden_pickaxe":1,"stat.craftItem.minecraft.bed":2,"stat.useItem.minecraft.stone_brick_stairs":29,"stat.killEntity.Sheep":7,"stat.useItem.minecraft.cobblestone":397,"stat.craftItem.minecraft.iron_sword":2,"stat.useItem.minecraft.leaves":82,"stat.useItem.minecraft.netherrack":132,"stat.craftItem.minecraft.chest":21,"stat.useItem.minecraft.quartz_block":40,"achievement.acquireIron":4,"achievement.openInventory":703,"stat.useItem.minecraft.iron_shovel":608,"stat.craftItem.minecraft.spruce_door":6,"stat.damageDealt":49645,"stat.useItem.minecraft.experience_bottle":42,"stat.useItem.minecraft.fence":6,"stat.killEntity.Bat":6,"stat.mineBlock.minecraft.web":22,"stat.crouchOneCm":81247,"stat.useItem.minecraft.diamond_pickaxe":1920,"stat.useItem.minecraft.acacia_door":3,"achievement.exploreAllBiomes":{"value":0,"progress":["Desert","Desert M","JungleEdge","Taiga","Extreme Hills","Mesa Plateau","Jungle","Birch Forest Hills","Birch Forest","Mesa","Savanna","Swampland","River","Roofed Forest M","Sunflower Plains","Extreme Hills+","Mesa Plateau F","Flower Forest","Plains","Mesa Plateau M","Hell","ForestHills","Forest","JungleHills","Mesa (Bryce)","Roofed Forest"]},"stat.useItem.minecraft.log":204,"stat.mineBlock.minecraft.double_plant":3,"stat.craftItem.minecraft.iron_pickaxe":4,"stat.craftItem.minecraft.flint_and_steel":1,"stat.craftItem.minecraft.iron_chestplate":2,"stat.useItem.minecraft.bedrock":2,"stat.useItem.minecraft.spruce_door":5,"stat.useItem.minecraft.snowball":19,"stat.craftItem.minecraft.furnace":12,"stat.craftItem.minecraft.torch":292,"stat.mineBlock.minecraft.log":35,"stat.useItem.minecraft.obsidian":11,"stat.breakItem.minecraft.iron_shovel":1,"stat.useItem.minecraft.planks":1033,"stat.fallOneCm":96071,"achievement.buildFurnace":18,"stat.useItem.minecraft.cooked_chicken":76,"stat.useItem.minecraft.boat":6,"stat.useItem.minecraft.torch":541,"stat.useItem.minecraft.bed":5,"stat.useItem.minecraft.stone_pickaxe":260,"stat.useItem.minecraft.water_bucket":11,"stat.mineBlock.minecraft.gold_ore":23,"stat.mineBlock.minecraft.rail":2,"stat.useItem.minecraft.skull":3,"stat.useItem.minecraft.stonebrick":453,"achievement.buildWorkBench":18,"stat.useItem.minecraft.stone":885,"stat.useItem.minecraft.furnace":16,"stat.craftItem.minecraft.diamond_sword":1,"stat.useItem.minecraft.birch_door":3,"stat.craftItem.minecraft.snow":4,"stat.craftItem.minecraft.acacia_door":9,"stat.craftItem.minecraft.iron_leggings":2,"stat.useItem.minecraft.ladder":18,"stat.useItem.minecraft.double_plant":27,"stat.useItem.minecraft.jungle_door":2,"stat.mineBlock.minecraft.pumpkin":4,"stat.useItem.minecraft.quartz_stairs":370,"achievement.portal":6,"stat.useItem.minecraft.melon":118,"stat.mineBlock.minecraft.diamond_ore":6,"stat.flyOneCm":5797371,"stat.mineBlock.minecraft.chest":2,"achievement.buildPickaxe":5,"stat.useItem.minecraft.red_flower":16,"stat.mineBlock.minecraft.torch":44,"stat.mineBlock.minecraft.iron_ore":206,"stat.damageTaken":6434,"stat.useItem.minecraft.diamond_sword":599,"stat.useItem.minecraft.wooden_pressure_plate":91,"stat.killEntity.Chicken":5,"stat.craftItem.minecraft.stone_pickaxe":3,"stat.mineBlock.minecraft.cobblestone":145,"stat.craftItem.minecraft.ladder":6,"stat.mineBlock.minecraft.carpet":1,"stat.useItem.minecraft.stained_hardened_clay":988,"stat.useItem.minecraft.dye":587,"stat.mineBlock.minecraft.wool":7,"stat.breakItem.minecraft.stone_pickaxe":1,"stat.craftItem.minecraft.lever":1,"stat.useItem.minecraft.log2":709,"stat.useItem.minecraft.stone_sword":27,"stat.useItem.minecraft.flint_and_steel":1,"stat.climbOneCm":53728,"stat.useItem.minecraft.sapling":70,"stat.drop":45,"stat.mineBlock.minecraft.sea_lantern":1,"stat.useItem.minecraft.bow":16,"stat.craftItem.minecraft.boat":7,"stat.useItem.minecraft.cooked_beef":29,"stat.useItem.minecraft.spruce_stairs":758,"stat.craftItem.minecraft.iron_axe":1,"stat.mineBlock.minecraft.wooden_slab":1,"stat.mineBlock.minecraft.crafting_table":9,"stat.useItem.minecraft.diamond_ore":1,"stat.useItem.minecraft.stone_slab":351,"achievement.diamonds":1,"stat.mineBlock.minecraft.fence":6,"stat.useItem.minecraft.egg":2,"stat.killEntity.Creeper":31,"stat.craftItem.minecraft.stonebrick":64,"stat.mineBlock.minecraft.planks":21,"stat.useItem.minecraft.crafting_table":20,"stat.killEntity.Rabbit":1,"stat.mineBlock.minecraft.obsidian":12,"stat.killEntity.Enderman":1,"stat.leaveGame":30,"stat.craftItem.minecraft.iron_ingot":23,"stat.useItem.minecraft.glass":36,"achievement.buildBetterPickaxe":5,"stat.useItem.minecraft.leaves2":56,"stat.mineBlock.minecraft.sapling":4,"stat.timeSinceDeath":1090408,"stat.mineBlock.minecraft.leaves":17,"stat.useItem.minecraft.gravel":4,"stat.mineBlock.minecraft.leaves2":3,"stat.killEntity.PigZombie":1,"stat.boatOneCm":61142,"stat.useItem.minecraft.golden_sword":42,"stat.useItem.minecraft.wool":5,"stat.useItem.minecraft.tripwire_hook":1,"achievement.buildSword":3,"stat.craftItem.minecraft.bucket":2,"stat.craftItem.minecraft.pumpkin_seeds":8,"stat.craftItem.minecraft.wooden_door":3,"stat.craftItem.minecraft.iron_shovel":3,"achievement.mineWood":75,"stat.mineBlock.minecraft.red_flower":8,"stat.mineBlock.minecraft.stone_slab":4,"stat.useItem.minecraft.sand":9,"achievement.killEnemy":162,"stat.useItem.minecraft.iron_axe":50,"stat.useItem.minecraft.snow":256,"stat.craftItem.minecraft.dye":75,"stat.mineBlock.minecraft.snow_layer":66,"stat.craftItem.minecraft.diamond_pickaxe":1,"stat.playOneMinute":1558765,"stat.killEntity.Pig":2,"stat.useItem.minecraft.stone_shovel":52,"stat.diveOneCm":52746,"stat.useItem.minecraft.lever":8,"stat.craftItem.minecraft.bow":1,"stat.killEntity.Spider":11,"stat.craftItem.minecraft.stick":172,"stat.craftItem.minecraft.wooden_axe":1,"stat.entityKilledBy.Skeleton":1,"stat.useItem.minecraft.pumpkin":30,"stat.playerKills":1,"stat.useItem.minecraft.sandstone":5,"stat.mineBlock.minecraft.coal_ore":347,"stat.useItem.minecraft.bread":2,"stat.mineBlock.minecraft.log2":39,"stat.mineBlock.minecraft.wooden_pressure_plate":1,"stat.entityKilledBy.Zombie":2,"stat.mineBlock.minecraft.tallgrass":78,"stat.craftItem.minecraft.stone_sword":2,"stat.useItem.minecraft.iron_sword":34,"stat.useItem.minecraft.written_book":7,"stat.craftItem.minecraft.crafting_table":14,"stat.mobKills":338,"stat.mineBlock.minecraft.stone":1571,"stat.useItem.minecraft.bucket":14,"stat.useItem.minecraft.string":6,"stat.killEntity.Zombie":84,"stat.mineBlock.minecraft.dirt":687,"stat.minecartOneCm":99522,"stat.useItem.minecraft.sign":25,"stat.useItem.minecraft.wooden_sword":5,"stat.useItem.minecraft.banner":14,"stat.useItem.minecraft.tallgrass":4,"stat.craftItem.minecraft.iron_boots":2,"stat.craftItem.minecraft.dark_oak_door":36,"stat.swimOneCm":143480,"stat.useItem.minecraft.dark_oak_door":17,"stat.useItem.minecraft.diamond_axe":44,"stat.killEntity.Skeleton":42,"stat.walkOneCm":5289097,"stat.mineBlock.minecraft.lapis_ore":19,"stat.useItem.minecraft.carpet":8,"stat.jump":7588,"stat.mineBlock.minecraft.stained_hardened_clay":1,"stat.craftItem.minecraft.stone":68,"stat.killEntity.Witch":1,"stat.useItem.minecraft.apple":1,"stat.craftItem.minecraft.sign":15,"stat.deaths":4,"stat.useItem.minecraft.wooden_slab":214,"stat.mineBlock.minecraft.gravel":11,"stat.mineBlock.minecraft.lever":6,"stat.craftItem.minecraft.planks":720,"stat.mineBlock.minecraft.redstone_ore":6,"stat.useItem.minecraft.wooden_axe":10,"stat.useItem.minecraft.wooden_pickaxe":18,"stat.craftItem.minecraft.wooden_sword":2,"stat.killEntity.Squid":1,"stat.useItem.minecraft.iron_pickaxe":218,"stat.sprintOneCm":2483073,"stat.useItem.minecraft.sea_lantern":1,"stat.useItem.minecraft.dirt":2471}