{"stat.useItem.minecraft.chest":11,"stat.mineBlock.minecraft.furnace":8,"stat.craftItem.minecraft.coal_block":49,"stat.craftItem.minecraft.iron_helmet":1,"stat.craftItem.minecraft.wooden_pickaxe":1,"stat.craftItem.minecraft.bed":1,"stat.killEntity.Sheep":4,"stat.mineBlock.minecraft.sand":1095,"stat.useItem.minecraft.cobblestone":70,"stat.craftItem.minecraft.iron_sword":1,"stat.mineBlock.minecraft.glass":2,"stat.mineBlock.minecraft.sandstone":3,"stat.craftItem.minecraft.chest":7,"stat.craftingTableInteraction":35,"achievement.openInventory":224,"stat.useItem.minecraft.iron_shovel":2682,"stat.damageDealt":26985,"stat.killEntity.Cow":5,"stat.trappedChestTriggered":4,"stat.crouchOneCm":50733,"stat.breakItem.minecraft.stone_sword":1,"stat.useItem.minecraft.potato":427,"achievement.exploreAllBiomes":{"value":0,"progress":["Sunflower Plains","Taiga","Flower Forest","Ocean","Extreme Hills","Plains","Hell","Birch Forest Hills","ForestHills","Forest","Birch Forest","Beach","Roofed Forest","River","Swampland"]},"stat.craftItem.minecraft.iron_pickaxe":4,"stat.craftItem.minecraft.iron_chestplate":1,"stat.mineBlock.minecraft.yellow_flower":1,"stat.craftItem.minecraft.furnace":8,"stat.craftItem.minecraft.torch":204,"stat.mineBlock.minecraft.log":209,"stat.breakItem.minecraft.iron_shovel":10,"stat.breakItem.minecraft.stone_shovel":1,"stat.useItem.minecraft.cooked_mutton":7,"stat.useItem.minecraft.planks":441,"stat.fallOneCm":258424,"stat.flyOneCm":1220311,"stat.mineBlock.minecraft.chest":3,"achievement.buildPickaxe":2,"stat.mineBlock.minecraft.torch":10,"stat.craftItem.minecraft.cooked_beef":6,"stat.mineBlock.minecraft.iron_ore":102,"stat.hopperInspected":3,"stat.damageTaken":4168,"stat.useItem.minecraft.torch":228,"stat.craftItem.minecraft.coal":126,"stat.useItem.minecraft.bed":13,"stat.useItem.minecraft.stone_pickaxe":396,"stat.craftItem.minecraft.cooked_mutton":7,"stat.breakItem.minecraft.wooden_pickaxe":1,"stat.useItem.minecraft.water_bucket":79,"stat.useItem.minecraft.wheat_seeds":6,"stat.useItem.minecraft.oak_stairs":20,"stat.craftItem.minecraft.stone_pickaxe":3,"stat.mineBlock.minecraft.cobblestone":36,"achievement.buildWorkBench":2,"stat.useItem.minecraft.dye":19,"stat.useItem.minecraft.stone":159,"stat.useItem.minecraft.melon_seeds":5,"stat.useItem.minecraft.furnace":16,"stat.breakItem.minecraft.stone_pickaxe":3,"stat.craftItem.minecraft.iron_leggings":1,"stat.useItem.minecraft.stone_sword":135,"stat.climbOneCm":16597,"stat.useItem.minecraft.sapling":39,"stat.mineBlock.minecraft.pumpkin":5,"stat.drop":6,"stat.useItem.minecraft.bow":3,"stat.craftItem.minecraft.iron_shovel":11,"achievement.mineWood":190,"stat.craftItem.minecraft.iron_axe":1,"stat.useItem.minecraft.cooked_beef":6,"stat.mineBlock.minecraft.red_flower":9,"stat.mineBlock.minecraft.crafting_table":6,"stat.useItem.minecraft.iron_axe":245,"stat.useItem.minecraft.stone_slab":1,"stat.craftItem.minecraft.dye":30,"stat.craftItem.minecraft.oak_stairs":20,"stat.mineBlock.minecraft.melon_block":18,"stat.killEntity.Creeper":25,"stat.mineBlock.minecraft.planks":34,"stat.useItem.minecraft.crafting_table":8,"stat.playOneMinute":563638,"stat.useItem.minecraft.pumpkin_seeds":2,"stat.useItem.minecraft.stone_hoe":109,"stat.useItem.minecraft.stone_shovel":133,"stat.leaveGame":30,"stat.diveOneCm":73703,"stat.craftItem.minecraft.iron_ingot":75,"stat.useItem.minecraft.glass":346,"achievement.buildBetterPickaxe":2,"stat.craftItem.minecraft.bow":2,"stat.useItem.minecraft.ender_pearl":1,"stat.useItem.minecraft.rotten_flesh":13,"stat.killEntity.Spider":4,"stat.mineBlock.minecraft.sapling":2,"stat.timeSinceDeath":563638,"stat.craftItem.minecraft.glass":512,"stat.craftItem.minecraft.stone_shovel":1,"stat.mineBlock.minecraft.leaves2":4,"stat.mineBlock.minecraft.leaves":136,"stat.craftItem.minecraft.stick":100,"stat.craftItem.minecraft.bucket":1,"stat.swimOneCm":85225,"stat.furnaceInteraction":82,"stat.killEntity.Skeleton":30,"stat.craftItem.minecraft.baked_potato":132,"stat.walkOneCm":3340513,"stat.mineBlock.minecraft.coal_ore":514,"stat.mineBlock.minecraft.oak_stairs":6,"stat.useItem.minecraft.bread":2,"stat.craftItem.minecraft.stone_hoe":1,"stat.jump":10652,"stat.craftItem.minecraft.stone":320,"stat.killEntity.Witch":1,"stat.mineBlock.minecraft.tallgrass":53,"stat.craftItem.minecraft.stone_sword":1,"stat.breakItem.minecraft.iron_pickaxe":3,"stat.useItem.minecraft.iron_sword":219,"stat.craftItem.minecraft.sign":3,"stat.mineBlock.minecraft.gravel":17,"stat.craftItem.minecraft.crafting_table":2,"stat.mobKills":105,"stat.useItem.minecraft.baked_potato":126,"stat.mineBlock.minecraft.stone":622,"stat.useItem.minecraft.bucket":80,"stat.craftItem.minecraft.planks":736,"stat.killEntity.Zombie":32,"stat.useItem.minecraft.sign":4,"stat.chestOpened":148,"stat.mineBlock.minecraft.dirt":1901,"stat.useItem.minecraft.wooden_pickaxe":60,"stat.useItem.minecraft.iron_pickaxe":833,"stat.useItem.minecraft.carrot":262,"stat.craftItem.minecraft.iron_boots":1,"stat.sprintOneCm":1282321,"stat.useItem.minecraft.dirt":1856}