[{"name":"Tango","amount":1769},{"name":"Keralis1","amount":1513},{"name":"GoodTimeWithScar","amount":990},{"name":"impulseSV","amount":384},{"name":"falsesymmetry","amount":318},{"name":"Grian","amount":240},{"name":"cubfan135","amount":112},{"name":"Docm77","amount":106},{"name":"PearlescentMoon","amount":86},{"name":"MythicalSausage","amount":36},{"name":"xBCrafted","amount":24},{"name":"Xisuma","amount":8},{"name":"iJevin","amount":6},{"name":"joehillssays","amount":6},{"name":"GeminiTay","amount":2},{"name":"Zedaph","amount":1}]