[{"name":"joehillssays","amount":50552},{"name":"Tango","amount":48296},{"name":"impulseSV","amount":16632},{"name":"Xisuma","amount":16048},{"name":"Docm77","amount":12944},{"name":"Grian","amount":11584},{"name":"falsesymmetry","amount":9168},{"name":"VintageBeef","amount":6712},{"name":"iJevin","amount":5664},{"name":"cubfan135","amount":1864},{"name":"GoodTimeWithScar","amount":1824},{"name":"iskall85","amount":1792},{"name":"Etho","amount":1408},{"name":"xBCrafted","amount":1288},{"name":"hypnotizd","amount":672},{"name":"Renthedog","amount":488},{"name":"PearlescentMoon","amount":456},{"name":"Stressmonster101","amount":416},{"name":"Zedaph","amount":408},{"name":"Keralis1","amount":160},{"name":"ZombieCleo","amount":128},{"name":"RentheKing","amount":64},{"name":"BdoubleO100","amount":16}]