[{"name":"GeminiTay","amount":1188},{"name":"Grian","amount":600},{"name":"GoodTimeWithScar","amount":592},{"name":"cubfan135","amount":494},{"name":"Docm77","amount":264},{"name":"joehillssays","amount":252},{"name":"Stressmonster101","amount":232},{"name":"iJevin","amount":172},{"name":"ZombieCleo","amount":164},{"name":"PearlescentMoon","amount":144},{"name":"Etho","amount":136},{"name":"Mumbo","amount":104},{"name":"Zedaph","amount":60},{"name":"Renthedog","amount":52},{"name":"Keralis1","amount":52},{"name":"falsesymmetry","amount":40},{"name":"impulseSV","amount":32},{"name":"Xisuma","amount":8},{"name":"VintageBeef","amount":4},{"name":"BdoubleO100","amount":4}]