[{"name":"Renthedog","amount":7949},{"name":"joehillssays","amount":3245},{"name":"Xisuma","amount":821},{"name":"Tango","amount":396},{"name":"GoodTimeWithScar","amount":75},{"name":"Pixlriffs","amount":64},{"name":"iJevin","amount":24},{"name":"Etho","amount":20},{"name":"cubfan135","amount":13},{"name":"Docm77","amount":11},{"name":"PearlescentMoon","amount":6},{"name":"BdoubleO100","amount":5},{"name":"impulseSV","amount":4},{"name":"falsesymmetry","amount":3},{"name":"hypnotizd","amount":1},{"name":"Zedaph","amount":1}]