[{"name":"Keralis1","amount":4343},{"name":"Tango","amount":3440},{"name":"impulseSV","amount":3036},{"name":"Renthedog","amount":3024},{"name":"BdoubleO100","amount":2008},{"name":"Mumbo","amount":1792},{"name":"iJevin","amount":1456},{"name":"Xisuma","amount":1408},{"name":"xBCrafted","amount":1200},{"name":"RentheKing","amount":1040},{"name":"PearlescentMoon","amount":976},{"name":"Grian","amount":928},{"name":"cubfan135","amount":784},{"name":"GoodTimeWithScar","amount":736},{"name":"falsesymmetry","amount":608},{"name":"ZombieCleo","amount":560},{"name":"Docm77","amount":144},{"name":"GeminiTay","amount":144},{"name":"joehillssays","amount":96},{"name":"Zedaph","amount":64},{"name":"Etho","amount":48},{"name":"VintageBeef","amount":32},{"name":"iskall85","amount":32},{"name":"hypnotizd","amount":32},{"name":"Smajor1995","amount":16}]