[{"name":"iJevin","amount":550640},{"name":"cubfan135","amount":227907},{"name":"impulseSV","amount":187829},{"name":"Tango","amount":58060},{"name":"Keralis1","amount":48121},{"name":"Docm77","amount":45504},{"name":"Grian","amount":30218},{"name":"Renthedog","amount":21362},{"name":"xBCrafted","amount":13512},{"name":"Xisuma","amount":11112},{"name":"hypnotizd","amount":8879},{"name":"VintageBeef","amount":7125},{"name":"Zedaph","amount":5970},{"name":"Etho","amount":4227},{"name":"falsesymmetry","amount":3783},{"name":"RentheKing","amount":3072},{"name":"GeminiTay","amount":2537},{"name":"Mumbo","amount":846},{"name":"BdoubleO100","amount":468},{"name":"Smajor1995","amount":378},{"name":"MythicalSausage","amount":192},{"name":"GoodTimeWithScar","amount":192},{"name":"joehillssays","amount":189},{"name":"Pixlriffs","amount":189},{"name":"PearlescentMoon","amount":183},{"name":"fWhip","amount":165},{"name":"iskall85","amount":27}]