[{"name":"Etho","amount":238},{"name":"falsesymmetry","amount":154},{"name":"BdoubleO100","amount":115},{"name":"joehillssays","amount":81},{"name":"Grian","amount":59},{"name":"Renthedog","amount":40},{"name":"Keralis1","amount":24},{"name":"Tango","amount":14},{"name":"iJevin","amount":11},{"name":"Docm77","amount":8},{"name":"Welsknight","amount":8},{"name":"Mumbo","amount":7},{"name":"MumboJumbo","amount":7},{"name":"impulseSV","amount":7},{"name":"Zedaph","amount":7},{"name":"VintageBeef","amount":5},{"name":"iskall85","amount":4},{"name":"cubfan135","amount":4},{"name":"xBCrafted","amount":3},{"name":"Pixlriffs","amount":2},{"name":"Xisuma","amount":1},{"name":"ZombieCleo","amount":1}]