[{"name":"Tango","amount":15628},{"name":"Xisuma","amount":3678},{"name":"impulseSV","amount":2613},{"name":"iJevin","amount":2333},{"name":"Zedaph","amount":2279},{"name":"Grian","amount":1900},{"name":"Keralis1","amount":1628},{"name":"RentheKing","amount":1152},{"name":"Docm77","amount":1026},{"name":"xBCrafted","amount":924},{"name":"cubfan135","amount":445},{"name":"PearlescentMoon","amount":393},{"name":"VintageBeef","amount":280},{"name":"Etho","amount":257},{"name":"Renthedog","amount":233},{"name":"joehillssays","amount":233},{"name":"Stressmonster101","amount":126},{"name":"hypnotizd","amount":81},{"name":"GeminiTay","amount":69},{"name":"ZombieCleo","amount":55},{"name":"iskall85","amount":11},{"name":"GoodTimeWithScar","amount":1}]