[{"name":"Tango","amount":433},{"name":"impulseSV","amount":395},{"name":"xBCrafted","amount":328},{"name":"Pixlriffs","amount":275},{"name":"Docm77","amount":263},{"name":"falsesymmetry","amount":234},{"name":"iJevin","amount":226},{"name":"Xisuma","amount":218},{"name":"Mumbo","amount":218},{"name":"BdoubleO100","amount":216},{"name":"PearlescentMoon","amount":209},{"name":"Keralis1","amount":181},{"name":"joehillssays","amount":179},{"name":"Grian","amount":169},{"name":"Renthedog","amount":148},{"name":"Zedaph","amount":57},{"name":"cubfan135","amount":51},{"name":"hypnotizd","amount":51},{"name":"GeminiTay","amount":39},{"name":"Etho","amount":35},{"name":"iskall85","amount":28},{"name":"VintageBeef","amount":27},{"name":"ZombieCleo","amount":27},{"name":"RentheKing","amount":24},{"name":"Stressmonster101","amount":23},{"name":"MythicalSausage","amount":17},{"name":"GoodTimeWithScar","amount":17},{"name":"Smallishbeans","amount":15},{"name":"MumboJumbo","amount":9},{"name":"Welsknight","amount":4},{"name":"SolidarityGaming","amount":4},{"name":"fWhip","amount":3},{"name":"Tinfoilchef","amount":2},{"name":"OrionSound","amount":1},{"name":"ShubbleYT","amount":1}]