[{"name":"PearlescentMoon","amount":23480},{"name":"Grian","amount":6198},{"name":"Docm77","amount":4720},{"name":"GoodTimeWithScar","amount":4648},{"name":"ZombieCleo","amount":2448},{"name":"impulseSV","amount":1744},{"name":"VintageBeef","amount":1560},{"name":"Etho","amount":1472},{"name":"Stressmonster101","amount":1300},{"name":"Renthedog","amount":1224},{"name":"joehillssays","amount":696},{"name":"iJevin","amount":304},{"name":"xBCrafted","amount":296},{"name":"BdoubleO100","amount":288},{"name":"iskall85","amount":264},{"name":"Xisuma","amount":232},{"name":"falsesymmetry","amount":168},{"name":"Keralis1","amount":128},{"name":"Tango","amount":40},{"name":"cubfan135","amount":40},{"name":"Zedaph","amount":8}]