[{"name":"iJevin","amount":50},{"name":"Grian","amount":15},{"name":"Etho","amount":15},{"name":"Keralis1","amount":14},{"name":"impulseSV","amount":11},{"name":"GoodTimeWithScar","amount":10},{"name":"Tango","amount":8},{"name":"Docm77","amount":6},{"name":"falsesymmetry","amount":6},{"name":"Zedaph","amount":6},{"name":"joehillssays","amount":5},{"name":"iskall85","amount":5},{"name":"Stressmonster101","amount":5},{"name":"Xisuma","amount":4},{"name":"VintageBeef","amount":4},{"name":"Renthedog","amount":3},{"name":"PearlescentMoon","amount":3},{"name":"ZombieCleo","amount":3},{"name":"RentheKing","amount":3},{"name":"Pixlriffs","amount":2},{"name":"xBCrafted","amount":2},{"name":"cubfan135","amount":2},{"name":"Mumbo","amount":2},{"name":"OrionSound","amount":1},{"name":"MythicalSausage","amount":1},{"name":"GeminiTay","amount":1},{"name":"Smallishbeans","amount":1},{"name":"BdoubleO100","amount":1},{"name":"Welsknight","amount":1},{"name":"hypnotizd","amount":1},{"name":"MumboJumbo","amount":1},{"name":"fWhip","amount":1},{"name":"SolidarityGaming","amount":1}]