[{"name":"cubfan135","amount":13156},{"name":"Mumbo","amount":9704},{"name":"GeminiTay","amount":4080},{"name":"Grian","amount":2524},{"name":"Xisuma","amount":2406},{"name":"GoodTimeWithScar","amount":2032},{"name":"iJevin","amount":1912},{"name":"Tango","amount":1659},{"name":"PearlescentMoon","amount":1204},{"name":"Stressmonster101","amount":984},{"name":"Keralis1","amount":501},{"name":"MythicalSausage","amount":260},{"name":"impulseSV","amount":184},{"name":"falsesymmetry","amount":179},{"name":"xBCrafted","amount":139},{"name":"MumboJumbo","amount":80},{"name":"Docm77","amount":69},{"name":"Zedaph","amount":61},{"name":"VintageBeef","amount":28},{"name":"Pixlriffs","amount":12},{"name":"Etho","amount":5},{"name":"Renthedog","amount":1},{"name":"RentheKing","amount":1},{"name":"hypnotizd","amount":1}]