[{"name":"iJevin","amount":289},{"name":"Grian","amount":248},{"name":"GoodTimeWithScar","amount":245},{"name":"Renthedog","amount":238},{"name":"impulseSV","amount":180},{"name":"Tango","amount":157},{"name":"Docm77","amount":139},{"name":"cubfan135","amount":139},{"name":"falsesymmetry","amount":131},{"name":"Etho","amount":130},{"name":"GeminiTay","amount":122},{"name":"hypnotizd","amount":118},{"name":"iskall85","amount":115},{"name":"joehillssays","amount":105},{"name":"Xisuma","amount":88},{"name":"Keralis1","amount":85},{"name":"Mumbo","amount":84},{"name":"xBCrafted","amount":78},{"name":"ZombieCleo","amount":76},{"name":"Stressmonster101","amount":61},{"name":"PearlescentMoon","amount":54},{"name":"VintageBeef","amount":33},{"name":"Zedaph","amount":28},{"name":"BdoubleO100","amount":26},{"name":"MythicalSausage","amount":18},{"name":"RentheKing","amount":18},{"name":"Pixlriffs","amount":11},{"name":"MumboJumbo","amount":11},{"name":"Welsknight","amount":8},{"name":"OrionSound","amount":6},{"name":"Smajor1995","amount":6},{"name":"Tinfoilchef","amount":5},{"name":"ShubbleYT","amount":4},{"name":"SolidarityGaming","amount":4},{"name":"Smallishbeans","amount":3},{"name":"fWhip","amount":2},{"name":"Firecracker1195","amount":1},{"name":"HBomb94","amount":1}]