[{"name":"ZombieCleo","amount":3901},{"name":"iJevin","amount":3355},{"name":"Grian","amount":2519},{"name":"Etho","amount":2491},{"name":"hypnotizd","amount":2118},{"name":"cubfan135","amount":1076},{"name":"PearlescentMoon","amount":1072},{"name":"Renthedog","amount":738},{"name":"Xisuma","amount":622},{"name":"Docm77","amount":310},{"name":"GoodTimeWithScar","amount":238},{"name":"falsesymmetry","amount":202},{"name":"VintageBeef","amount":134},{"name":"Keralis1","amount":115},{"name":"RentheKing","amount":112},{"name":"impulseSV","amount":88},{"name":"Zedaph","amount":86},{"name":"Stressmonster101","amount":58},{"name":"Tango","amount":48},{"name":"joehillssays","amount":24},{"name":"BdoubleO100","amount":16},{"name":"GeminiTay","amount":14},{"name":"xBCrafted","amount":8},{"name":"Mumbo","amount":4},{"name":"Smallishbeans","amount":2},{"name":"Pixlriffs","amount":2},{"name":"iskall85","amount":2}]