[{"name":"Etho","amount":401},{"name":"iJevin","amount":113},{"name":"cubfan135","amount":35},{"name":"Renthedog","amount":7},{"name":"ZombieCleo","amount":6},{"name":"RentheKing","amount":6},{"name":"Docm77","amount":5},{"name":"VintageBeef","amount":5},{"name":"joehillssays","amount":4},{"name":"Tango","amount":4},{"name":"falsesymmetry","amount":4},{"name":"Welsknight","amount":4},{"name":"hypnotizd","amount":4},{"name":"Zedaph","amount":4},{"name":"Xisuma","amount":3},{"name":"Grian","amount":3},{"name":"PearlescentMoon","amount":3},{"name":"GeminiTay","amount":2},{"name":"iskall85","amount":2},{"name":"xBCrafted","amount":2},{"name":"Keralis1","amount":2},{"name":"impulseSV","amount":2},{"name":"Smajor1995","amount":1},{"name":"MythicalSausage","amount":1},{"name":"BdoubleO100","amount":1},{"name":"Pixlriffs","amount":1},{"name":"Mumbo","amount":1},{"name":"ShubbleYT","amount":1}]