[{"name":"xBCrafted","amount":9972},{"name":"Tango","amount":9019},{"name":"PearlescentMoon","amount":8220},{"name":"joehillssays","amount":3411},{"name":"iJevin","amount":3339},{"name":"Xisuma","amount":3114},{"name":"GoodTimeWithScar","amount":2808},{"name":"Docm77","amount":2719},{"name":"hypnotizd","amount":2448},{"name":"Zedaph","amount":1935},{"name":"VintageBeef","amount":1179},{"name":"cubfan135","amount":1161},{"name":"impulseSV","amount":1062},{"name":"Etho","amount":1013},{"name":"Mumbo","amount":973},{"name":"iskall85","amount":948},{"name":"Grian","amount":918},{"name":"GeminiTay","amount":459},{"name":"Renthedog","amount":450},{"name":"Keralis1","amount":423},{"name":"BdoubleO100","amount":396},{"name":"Pixlriffs","amount":171},{"name":"MumboJumbo","amount":144},{"name":"falsesymmetry","amount":117},{"name":"ZombieCleo","amount":9}]