[{"name":"iJevin","amount":60},{"name":"Stressmonster101","amount":43},{"name":"Etho","amount":23},{"name":"joehillssays","amount":22},{"name":"falsesymmetry","amount":18},{"name":"impulseSV","amount":16},{"name":"Grian","amount":14},{"name":"iskall85","amount":13},{"name":"Renthedog","amount":12},{"name":"BdoubleO100","amount":9},{"name":"PearlescentMoon","amount":8},{"name":"Zedaph","amount":8},{"name":"Tango","amount":7},{"name":"cubfan135","amount":7},{"name":"ZombieCleo","amount":7},{"name":"GeminiTay","amount":6},{"name":"hypnotizd","amount":6},{"name":"xBCrafted","amount":5},{"name":"Xisuma","amount":4},{"name":"VintageBeef","amount":4},{"name":"Welsknight","amount":4},{"name":"Smajor1995","amount":3},{"name":"ShubbleYT","amount":3},{"name":"Docm77","amount":2},{"name":"Pixlriffs","amount":1},{"name":"Mumbo","amount":1},{"name":"MumboJumbo","amount":1},{"name":"GoodTimeWithScar","amount":1},{"name":"Tinfoilchef","amount":1},{"name":"Keralis1","amount":1}]