[{"name":"joehillssays","amount":512},{"name":"PearlescentMoon","amount":112},{"name":"falsesymmetry","amount":112},{"name":"GeminiTay","amount":64},{"name":"cubfan135","amount":64},{"name":"GoodTimeWithScar","amount":64},{"name":"impulseSV","amount":64},{"name":"BdoubleO100","amount":56},{"name":"Tango","amount":48},{"name":"Docm77","amount":32},{"name":"Xisuma","amount":32},{"name":"Renthedog","amount":32},{"name":"Keralis1","amount":32},{"name":"xBCrafted","amount":16},{"name":"Zedaph","amount":8}]