[{"name":"Keralis1","amount":3732},{"name":"Etho","amount":822},{"name":"cubfan135","amount":753},{"name":"Renthedog","amount":747},{"name":"Docm77","amount":375},{"name":"Grian","amount":216},{"name":"Tango","amount":195},{"name":"GeminiTay","amount":177},{"name":"MythicalSausage","amount":144},{"name":"ZombieCleo","amount":108},{"name":"falsesymmetry","amount":102},{"name":"GoodTimeWithScar","amount":75},{"name":"Stressmonster101","amount":63},{"name":"BdoubleO100","amount":45},{"name":"RentheKing","amount":27},{"name":"Xisuma","amount":18},{"name":"iskall85","amount":15},{"name":"PearlescentMoon","amount":6},{"name":"impulseSV","amount":3},{"name":"Zedaph","amount":3}]