[{"name":"Keralis1","amount":34},{"name":"BdoubleO100","amount":20},{"name":"ZombieCleo","amount":12},{"name":"iskall85","amount":7},{"name":"PearlescentMoon","amount":5},{"name":"impulseSV","amount":5},{"name":"Docm77","amount":4},{"name":"Tango","amount":4},{"name":"Xisuma","amount":2},{"name":"xBCrafted","amount":2},{"name":"Etho","amount":2},{"name":"hypnotizd","amount":2},{"name":"Renthedog","amount":1},{"name":"GeminiTay","amount":1},{"name":"cubfan135","amount":1},{"name":"Stressmonster101","amount":1},{"name":"Zedaph","amount":1}]