[{"name":"VintageBeef","amount":800},{"name":"Grian","amount":693},{"name":"GoodTimeWithScar","amount":552},{"name":"Stressmonster101","amount":540},{"name":"Xisuma","amount":512},{"name":"Docm77","amount":408},{"name":"impulseSV","amount":256},{"name":"Keralis1","amount":134},{"name":"xBCrafted","amount":128},{"name":"BdoubleO100","amount":96},{"name":"falsesymmetry","amount":73},{"name":"cubfan135","amount":40},{"name":"Renthedog","amount":32},{"name":"iJevin","amount":32},{"name":"Tango","amount":24},{"name":"RentheKing","amount":12}]