[{"name":"hypnotizd","amount":28312},{"name":"Etho","amount":21084},{"name":"cubfan135","amount":16434},{"name":"Docm77","amount":10920},{"name":"Tango","amount":2007},{"name":"Xisuma","amount":1890},{"name":"falsesymmetry","amount":1482},{"name":"PearlescentMoon","amount":1182},{"name":"BdoubleO100","amount":936},{"name":"iJevin","amount":522},{"name":"Grian","amount":438},{"name":"Zedaph","amount":363},{"name":"iskall85","amount":294},{"name":"impulseSV","amount":216},{"name":"joehillssays","amount":183},{"name":"xBCrafted","amount":156},{"name":"ZombieCleo","amount":99},{"name":"Keralis1","amount":84},{"name":"Stressmonster101","amount":81},{"name":"GeminiTay","amount":75},{"name":"VintageBeef","amount":15},{"name":"Pixlriffs","amount":3}]