[{"name":"Docm77","amount":8208},{"name":"Grian","amount":2166},{"name":"Renthedog","amount":1832},{"name":"joehillssays","amount":1648},{"name":"impulseSV","amount":1540},{"name":"Etho","amount":1536},{"name":"VintageBeef","amount":1152},{"name":"PearlescentMoon","amount":944},{"name":"MythicalSausage","amount":728},{"name":"GoodTimeWithScar","amount":624},{"name":"RentheKing","amount":512},{"name":"falsesymmetry","amount":472},{"name":"Keralis1","amount":408},{"name":"xBCrafted","amount":232},{"name":"cubfan135","amount":128},{"name":"BdoubleO100","amount":88},{"name":"Xisuma","amount":64},{"name":"Tango","amount":62},{"name":"Zedaph","amount":56},{"name":"Pixlriffs","amount":32}]