[{"name":"cubfan135","amount":1356},{"name":"Tango","amount":1112},{"name":"Renthedog","amount":576},{"name":"Etho","amount":575},{"name":"Keralis1","amount":529},{"name":"GoodTimeWithScar","amount":496},{"name":"ZombieCleo","amount":240},{"name":"Xisuma","amount":220},{"name":"impulseSV","amount":130},{"name":"joehillssays","amount":61},{"name":"xBCrafted","amount":57},{"name":"MythicalSausage","amount":40},{"name":"Zedaph","amount":39},{"name":"RentheKing","amount":7},{"name":"Docm77","amount":2}]