[{"name":"Renthedog","amount":1147},{"name":"Keralis1","amount":1005},{"name":"impulseSV","amount":764},{"name":"GoodTimeWithScar","amount":547},{"name":"Docm77","amount":397},{"name":"Grian","amount":359},{"name":"iskall85","amount":352},{"name":"cubfan135","amount":256},{"name":"BdoubleO100","amount":226},{"name":"falsesymmetry","amount":179},{"name":"Xisuma","amount":174},{"name":"PearlescentMoon","amount":147},{"name":"VintageBeef","amount":115},{"name":"xBCrafted","amount":76},{"name":"hypnotizd","amount":59},{"name":"MythicalSausage","amount":55},{"name":"joehillssays","amount":53},{"name":"Tango","amount":23},{"name":"Etho","amount":20},{"name":"iJevin","amount":18},{"name":"Zedaph","amount":17},{"name":"GeminiTay","amount":9},{"name":"RentheKing","amount":2}]