[{"name":"Tango","amount":255756},{"name":"impulseSV","amount":25102},{"name":"Renthedog","amount":14064},{"name":"Etho","amount":12913},{"name":"cubfan135","amount":10170},{"name":"falsesymmetry","amount":8237},{"name":"ZombieCleo","amount":7401},{"name":"RentheKing","amount":6606},{"name":"Keralis1","amount":5139},{"name":"Docm77","amount":4266},{"name":"xBCrafted","amount":3969},{"name":"Xisuma","amount":3591},{"name":"iJevin","amount":3287},{"name":"GoodTimeWithScar","amount":2290},{"name":"Grian","amount":1991},{"name":"BdoubleO100","amount":1863},{"name":"VintageBeef","amount":1359},{"name":"PearlescentMoon","amount":1099},{"name":"Stressmonster101","amount":928},{"name":"GeminiTay","amount":927},{"name":"Mumbo","amount":903},{"name":"joehillssays","amount":873},{"name":"MythicalSausage","amount":848},{"name":"Smallishbeans","amount":621},{"name":"Zedaph","amount":588},{"name":"hypnotizd","amount":414},{"name":"Pixlriffs","amount":271},{"name":"iskall85","amount":180},{"name":"MumboJumbo","amount":99},{"name":"fWhip","amount":63},{"name":"ShubbleYT","amount":27}]