[{"name":"VintageBeef","amount":10439},{"name":"cubfan135","amount":4682},{"name":"iJevin","amount":2733},{"name":"joehillssays","amount":2690},{"name":"impulseSV","amount":2364},{"name":"Tango","amount":1413},{"name":"Etho","amount":1398},{"name":"Keralis1","amount":810},{"name":"Renthedog","amount":630},{"name":"PearlescentMoon","amount":480},{"name":"falsesymmetry","amount":225},{"name":"ZombieCleo","amount":210},{"name":"GoodTimeWithScar","amount":201},{"name":"GeminiTay","amount":144},{"name":"Pixlriffs","amount":129},{"name":"BdoubleO100","amount":117},{"name":"iskall85","amount":96},{"name":"RentheKing","amount":96},{"name":"xBCrafted","amount":57},{"name":"Zedaph","amount":54},{"name":"hypnotizd","amount":51},{"name":"Xisuma","amount":45},{"name":"Stressmonster101","amount":30},{"name":"Grian","amount":27},{"name":"Docm77","amount":12}]