[{"name":"Grian","amount":1673},{"name":"GoodTimeWithScar","amount":1566},{"name":"PearlescentMoon","amount":1262},{"name":"impulseSV","amount":750},{"name":"hypnotizd","amount":630},{"name":"GeminiTay","amount":618},{"name":"Keralis1","amount":462},{"name":"cubfan135","amount":342},{"name":"Xisuma","amount":336},{"name":"VintageBeef","amount":318},{"name":"Stressmonster101","amount":270},{"name":"Docm77","amount":204},{"name":"Etho","amount":120},{"name":"Zedaph","amount":84},{"name":"BdoubleO100","amount":78},{"name":"joehillssays","amount":54},{"name":"falsesymmetry","amount":48},{"name":"RentheKing","amount":48},{"name":"ShubbleYT","amount":42},{"name":"Tango","amount":36},{"name":"xBCrafted","amount":36},{"name":"iskall85","amount":30},{"name":"iJevin","amount":24},{"name":"fWhip","amount":24},{"name":"Smajor1995","amount":12},{"name":"ZombieCleo","amount":6}]