[{"name":"cubfan135","amount":9771},{"name":"joehillssays","amount":6884},{"name":"Tango","amount":4504},{"name":"Etho","amount":4086},{"name":"Grian","amount":3656},{"name":"Xisuma","amount":3582},{"name":"PearlescentMoon","amount":1098},{"name":"falsesymmetry","amount":660},{"name":"Renthedog","amount":582},{"name":"GoodTimeWithScar","amount":432},{"name":"impulseSV","amount":390},{"name":"GeminiTay","amount":324},{"name":"Pixlriffs","amount":204},{"name":"Keralis1","amount":198},{"name":"iJevin","amount":132},{"name":"ZombieCleo","amount":66},{"name":"Stressmonster101","amount":60},{"name":"xBCrafted","amount":24},{"name":"Docm77","amount":12},{"name":"BdoubleO100","amount":6},{"name":"RentheKing","amount":6},{"name":"hypnotizd","amount":6},{"name":"Zedaph","amount":6}]