[{"name":"GoodTimeWithScar","amount":115},{"name":"falsesymmetry","amount":48},{"name":"joehillssays","amount":22},{"name":"PearlescentMoon","amount":22},{"name":"iskall85","amount":17},{"name":"Xisuma","amount":16},{"name":"VintageBeef","amount":11},{"name":"Keralis1","amount":10},{"name":"Renthedog","amount":7},{"name":"Zedaph","amount":6},{"name":"Grian","amount":4},{"name":"xBCrafted","amount":3},{"name":"Etho","amount":3},{"name":"cubfan135","amount":2},{"name":"impulseSV","amount":2},{"name":"iJevin","amount":1},{"name":"Tango","amount":1},{"name":"BdoubleO100","amount":1},{"name":"ZombieCleo","amount":1},{"name":"Mumbo","amount":1},{"name":"RentheKing","amount":1}]