[{"name":"Keralis1","amount":978},{"name":"GoodTimeWithScar","amount":462},{"name":"PearlescentMoon","amount":420},{"name":"Grian","amount":288},{"name":"iJevin","amount":144},{"name":"Xisuma","amount":96},{"name":"xBCrafted","amount":84},{"name":"Zedaph","amount":48},{"name":"cubfan135","amount":42},{"name":"falsesymmetry","amount":36},{"name":"impulseSV","amount":36},{"name":"Renthedog","amount":30},{"name":"MythicalSausage","amount":30},{"name":"Etho","amount":24},{"name":"Docm77","amount":18},{"name":"GeminiTay","amount":18},{"name":"BdoubleO100","amount":12},{"name":"RentheKing","amount":12},{"name":"Tango","amount":6}]