[{"name":"VintageBeef","amount":1855},{"name":"Tango","amount":1123},{"name":"impulseSV","amount":1066},{"name":"Docm77","amount":277},{"name":"falsesymmetry","amount":50},{"name":"GoodTimeWithScar","amount":29},{"name":"xBCrafted","amount":7},{"name":"cubfan135","amount":6},{"name":"joehillssays","amount":4},{"name":"PearlescentMoon","amount":4},{"name":"RentheKing","amount":4},{"name":"Etho","amount":3},{"name":"Zedaph","amount":3},{"name":"BdoubleO100","amount":2},{"name":"Keralis1","amount":2},{"name":"Renthedog","amount":1},{"name":"iJevin","amount":1},{"name":"iskall85","amount":1},{"name":"Mumbo","amount":1},{"name":"MumboJumbo","amount":1}]