[{"name":"ZombieCleo","amount":464},{"name":"GoodTimeWithScar","amount":218},{"name":"Zedaph","amount":113},{"name":"cubfan135","amount":77},{"name":"VintageBeef","amount":21},{"name":"iJevin","amount":21},{"name":"BdoubleO100","amount":15},{"name":"RentheKing","amount":12},{"name":"impulseSV","amount":11},{"name":"Etho","amount":5},{"name":"Smajor1995","amount":4},{"name":"Welsknight","amount":3},{"name":"Xisuma","amount":2},{"name":"MythicalSausage","amount":2},{"name":"joehillssays","amount":2},{"name":"Smallishbeans","amount":2},{"name":"PearlescentMoon","amount":2},{"name":"hypnotizd","amount":2}]