[{"name":"iJevin","amount":870},{"name":"falsesymmetry","amount":639},{"name":"VintageBeef","amount":525},{"name":"impulseSV","amount":246},{"name":"Tango","amount":207},{"name":"GeminiTay","amount":168},{"name":"Etho","amount":96},{"name":"ZombieCleo","amount":90},{"name":"Keralis1","amount":54},{"name":"MythicalSausage","amount":51},{"name":"PearlescentMoon","amount":30},{"name":"cubfan135","amount":28},{"name":"Smajor1995","amount":24},{"name":"xBCrafted","amount":24},{"name":"iskall85","amount":12},{"name":"Renthedog","amount":9},{"name":"Welsknight","amount":6},{"name":"Docm77","amount":3},{"name":"Xisuma","amount":3},{"name":"Zedaph","amount":3}]