[{"name":"iJevin","amount":37},{"name":"Docm77","amount":8},{"name":"Keralis1","amount":7},{"name":"Renthedog","amount":5},{"name":"Etho","amount":5},{"name":"joehillssays","amount":3},{"name":"Tango","amount":3},{"name":"PearlescentMoon","amount":3},{"name":"xBCrafted","amount":3},{"name":"falsesymmetry","amount":3},{"name":"impulseSV","amount":3},{"name":"Zedaph","amount":3},{"name":"Grian","amount":2},{"name":"iskall85","amount":2},{"name":"cubfan135","amount":2},{"name":"ZombieCleo","amount":2},{"name":"Xisuma","amount":1},{"name":"VintageBeef","amount":1},{"name":"GeminiTay","amount":1},{"name":"Smallishbeans","amount":1},{"name":"BdoubleO100","amount":1}]