[{"name":"Etho","amount":64},{"name":"GoodTimeWithScar","amount":48},{"name":"Keralis1","amount":41},{"name":"Docm77","amount":40},{"name":"PearlescentMoon","amount":36},{"name":"iskall85","amount":36},{"name":"Stressmonster101","amount":29},{"name":"BdoubleO100","amount":21},{"name":"Xisuma","amount":16},{"name":"VintageBeef","amount":8},{"name":"falsesymmetry","amount":7},{"name":"Zedaph","amount":5},{"name":"iJevin","amount":3},{"name":"Grian","amount":3},{"name":"Renthedog","amount":1},{"name":"cubfan135","amount":1},{"name":"RentheKing","amount":1},{"name":"impulseSV","amount":1}]