[{"name":"impulseSV","amount":123},{"name":"Tango","amount":39},{"name":"ZombieCleo","amount":36},{"name":"VintageBeef","amount":21},{"name":"PearlescentMoon","amount":17},{"name":"GoodTimeWithScar","amount":13},{"name":"falsesymmetry","amount":12},{"name":"joehillssays","amount":11},{"name":"Xisuma","amount":10},{"name":"RentheKing","amount":10},{"name":"iskall85","amount":6},{"name":"cubfan135","amount":6},{"name":"xBCrafted","amount":5},{"name":"Grian","amount":4},{"name":"Etho","amount":3},{"name":"Keralis1","amount":3},{"name":"Docm77","amount":2},{"name":"Zedaph","amount":2},{"name":"BdoubleO100","amount":1},{"name":"Stressmonster101","amount":1}]