[{"name":"impulseSV","amount":2227},{"name":"Tango","amount":1440},{"name":"iJevin","amount":1151},{"name":"Keralis1","amount":920},{"name":"falsesymmetry","amount":726},{"name":"cubfan135","amount":650},{"name":"Grian","amount":547},{"name":"Renthedog","amount":523},{"name":"RentheKing","amount":522},{"name":"BdoubleO100","amount":501},{"name":"GoodTimeWithScar","amount":344},{"name":"xBCrafted","amount":337},{"name":"PearlescentMoon","amount":317},{"name":"ZombieCleo","amount":291},{"name":"Xisuma","amount":279},{"name":"Stressmonster101","amount":252},{"name":"joehillssays","amount":243},{"name":"GeminiTay","amount":226},{"name":"Docm77","amount":144},{"name":"MythicalSausage","amount":128},{"name":"Etho","amount":46},{"name":"Zedaph","amount":31},{"name":"VintageBeef","amount":26},{"name":"hypnotizd","amount":20},{"name":"Mumbo","amount":8},{"name":"iskall85","amount":4},{"name":"MumboJumbo","amount":4}]