[{"name":"Tango","amount":11},{"name":"Xisuma","amount":7},{"name":"cubfan135","amount":5},{"name":"impulseSV","amount":5},{"name":"Docm77","amount":4},{"name":"falsesymmetry","amount":4},{"name":"VintageBeef","amount":3},{"name":"iJevin","amount":3},{"name":"PearlescentMoon","amount":3},{"name":"Etho","amount":3},{"name":"hypnotizd","amount":3},{"name":"GoodTimeWithScar","amount":3},{"name":"Zedaph","amount":3},{"name":"joehillssays","amount":1},{"name":"GeminiTay","amount":1},{"name":"Grian","amount":1},{"name":"BdoubleO100","amount":1},{"name":"Pixlriffs","amount":1},{"name":"xBCrafted","amount":1},{"name":"Keralis1","amount":1}]