[{"name":"xBCrafted","amount":1120},{"name":"iJevin","amount":384},{"name":"impulseSV","amount":368},{"name":"Docm77","amount":320},{"name":"Keralis1","amount":248},{"name":"GoodTimeWithScar","amount":240},{"name":"RentheKing","amount":208},{"name":"cubfan135","amount":176},{"name":"PearlescentMoon","amount":144},{"name":"falsesymmetry","amount":96},{"name":"Grian","amount":64},{"name":"BdoubleO100","amount":40},{"name":"Zedaph","amount":32},{"name":"Xisuma","amount":24},{"name":"Renthedog","amount":16},{"name":"MythicalSausage","amount":16},{"name":"iskall85","amount":16}]