[{"name":"GoodTimeWithScar","amount":81117},{"name":"Stressmonster101","amount":43375},{"name":"Etho","amount":38298},{"name":"falsesymmetry","amount":32971},{"name":"Grian","amount":30151},{"name":"impulseSV","amount":25847},{"name":"PearlescentMoon","amount":14348},{"name":"iJevin","amount":11641},{"name":"iskall85","amount":11552},{"name":"Xisuma","amount":9597},{"name":"Docm77","amount":9225},{"name":"Zedaph","amount":8665},{"name":"Tango","amount":8251},{"name":"Keralis1","amount":3745},{"name":"cubfan135","amount":3705},{"name":"ZombieCleo","amount":3385},{"name":"xBCrafted","amount":2136},{"name":"VintageBeef","amount":1607},{"name":"Renthedog","amount":1088},{"name":"Mumbo","amount":896},{"name":"RentheKing","amount":610},{"name":"hypnotizd","amount":594},{"name":"Pixlriffs","amount":515},{"name":"GeminiTay","amount":271},{"name":"BdoubleO100","amount":263},{"name":"MumboJumbo","amount":192},{"name":"joehillssays","amount":162},{"name":"Welsknight","amount":128},{"name":"Tinfoilchef","amount":64},{"name":"SolidarityGaming","amount":31},{"name":"Smallishbeans","amount":16}]