[{"name":"GoodTimeWithScar","amount":10504},{"name":"Grian","amount":2536},{"name":"Etho","amount":1032},{"name":"ZombieCleo","amount":512},{"name":"Docm77","amount":320},{"name":"impulseSV","amount":320},{"name":"VintageBeef","amount":264},{"name":"Tango","amount":256},{"name":"cubfan135","amount":256},{"name":"xBCrafted","amount":240},{"name":"Xisuma","amount":200},{"name":"Keralis1","amount":144},{"name":"joehillssays","amount":48},{"name":"falsesymmetry","amount":40},{"name":"RentheKing","amount":40},{"name":"PearlescentMoon","amount":8},{"name":"Zedaph","amount":8}]