[{"name":"Tango","amount":26},{"name":"Zedaph","amount":25},{"name":"impulseSV","amount":22},{"name":"iJevin","amount":18},{"name":"Grian","amount":18},{"name":"cubfan135","amount":17},{"name":"Xisuma","amount":13},{"name":"falsesymmetry","amount":8},{"name":"Keralis1","amount":8},{"name":"Docm77","amount":7},{"name":"ZombieCleo","amount":7},{"name":"Renthedog","amount":5},{"name":"GoodTimeWithScar","amount":3},{"name":"GeminiTay","amount":2},{"name":"VintageBeef","amount":1},{"name":"BdoubleO100","amount":1},{"name":"PearlescentMoon","amount":1},{"name":"Pixlriffs","amount":1},{"name":"Etho","amount":1},{"name":"Mumbo","amount":1},{"name":"Stressmonster101","amount":1}]