[{"name":"joehillssays","amount":1658},{"name":"cubfan135","amount":480},{"name":"Tango","amount":394},{"name":"Docm77","amount":343},{"name":"GoodTimeWithScar","amount":255},{"name":"Grian","amount":201},{"name":"VintageBeef","amount":177},{"name":"impulseSV","amount":96},{"name":"falsesymmetry","amount":93},{"name":"Xisuma","amount":90},{"name":"Renthedog","amount":72},{"name":"ZombieCleo","amount":66},{"name":"BdoubleO100","amount":60},{"name":"iskall85","amount":54},{"name":"Mumbo","amount":48},{"name":"GeminiTay","amount":39},{"name":"Stressmonster101","amount":30},{"name":"hypnotizd","amount":27},{"name":"Etho","amount":21},{"name":"OrionSound","amount":15},{"name":"PearlescentMoon","amount":15},{"name":"Zedaph","amount":14},{"name":"xBCrafted","amount":9},{"name":"MumboJumbo","amount":6},{"name":"Keralis1","amount":6},{"name":"Smajor1995","amount":3},{"name":"iJevin","amount":3},{"name":"MythicalSausage","amount":3},{"name":"Smallishbeans","amount":3},{"name":"RentheKing","amount":3},{"name":"Tinfoilchef","amount":3}]