[{"name":"Tango","amount":897},{"name":"Grian","amount":795},{"name":"Etho","amount":703},{"name":"VintageBeef","amount":641},{"name":"iJevin","amount":624},{"name":"cubfan135","amount":584},{"name":"falsesymmetry","amount":569},{"name":"PearlescentMoon","amount":481},{"name":"ZombieCleo","amount":410},{"name":"Docm77","amount":256},{"name":"xBCrafted","amount":209},{"name":"Xisuma","amount":203},{"name":"BdoubleO100","amount":199},{"name":"Renthedog","amount":175},{"name":"GoodTimeWithScar","amount":174},{"name":"impulseSV","amount":161},{"name":"joehillssays","amount":147},{"name":"Keralis1","amount":109},{"name":"GeminiTay","amount":70},{"name":"RentheKing","amount":52},{"name":"iskall85","amount":50},{"name":"hypnotizd","amount":37},{"name":"Zedaph","amount":35},{"name":"Mumbo","amount":8},{"name":"Smajor1995","amount":6},{"name":"Stressmonster101","amount":4}]