[{"name":"Tango","amount":81},{"name":"joehillssays","amount":43},{"name":"iskall85","amount":22},{"name":"PearlescentMoon","amount":20},{"name":"Xisuma","amount":10},{"name":"GoodTimeWithScar","amount":6},{"name":"Grian","amount":5},{"name":"impulseSV","amount":4},{"name":"Renthedog","amount":3},{"name":"Etho","amount":3},{"name":"Docm77","amount":2},{"name":"xBCrafted","amount":2},{"name":"falsesymmetry","amount":2},{"name":"Keralis1","amount":2},{"name":"GeminiTay","amount":1},{"name":"BdoubleO100","amount":1},{"name":"ZombieCleo","amount":1},{"name":"Mumbo","amount":1},{"name":"RentheKing","amount":1},{"name":"Zedaph","amount":1}]