[{"name":"Mumbo","amount":6596},{"name":"GoodTimeWithScar","amount":2680},{"name":"cubfan135","amount":1528},{"name":"Keralis1","amount":1064},{"name":"impulseSV","amount":596},{"name":"Xisuma","amount":510},{"name":"BdoubleO100","amount":320},{"name":"Docm77","amount":208},{"name":"PearlescentMoon","amount":202},{"name":"Renthedog","amount":148},{"name":"joehillssays","amount":144},{"name":"Etho","amount":136},{"name":"xBCrafted","amount":128},{"name":"Zedaph","amount":60},{"name":"Tango","amount":20},{"name":"iskall85","amount":4},{"name":"falsesymmetry","amount":2}]