[{"name":"iJevin","amount":29820},{"name":"Etho","amount":27996},{"name":"GoodTimeWithScar","amount":7196},{"name":"PearlescentMoon","amount":7164},{"name":"joehillssays","amount":5808},{"name":"Keralis1","amount":5484},{"name":"cubfan135","amount":3944},{"name":"Zedaph","amount":3592},{"name":"falsesymmetry","amount":2448},{"name":"BdoubleO100","amount":2404},{"name":"Renthedog","amount":1516},{"name":"impulseSV","amount":1476},{"name":"Xisuma","amount":1344},{"name":"VintageBeef","amount":1128},{"name":"Grian","amount":1004},{"name":"Docm77","amount":372},{"name":"RentheKing","amount":208},{"name":"ZombieCleo","amount":196},{"name":"Stressmonster101","amount":160},{"name":"iskall85","amount":128},{"name":"Smallishbeans","amount":32},{"name":"xBCrafted","amount":32},{"name":"hypnotizd","amount":4}]