[{"name":"iJevin","amount":1458},{"name":"cubfan135","amount":1080},{"name":"Tango","amount":568},{"name":"Mumbo","amount":342},{"name":"falsesymmetry","amount":168},{"name":"Grian","amount":140},{"name":"RentheKing","amount":64},{"name":"hypnotizd","amount":53},{"name":"impulseSV","amount":52},{"name":"Keralis1","amount":50},{"name":"PearlescentMoon","amount":34},{"name":"GeminiTay","amount":32},{"name":"xBCrafted","amount":32},{"name":"Etho","amount":30},{"name":"ZombieCleo","amount":20},{"name":"Renthedog","amount":12},{"name":"GoodTimeWithScar","amount":12},{"name":"iskall85","amount":8},{"name":"Zedaph","amount":8},{"name":"Docm77","amount":2},{"name":"Xisuma","amount":2}]