[{"name":"Keralis1","amount":2214},{"name":"Renthedog","amount":1251},{"name":"Docm77","amount":987},{"name":"Zedaph","amount":651},{"name":"Tango","amount":630},{"name":"ZombieCleo","amount":591},{"name":"cubfan135","amount":540},{"name":"Xisuma","amount":510},{"name":"iJevin","amount":393},{"name":"xBCrafted","amount":384},{"name":"GoodTimeWithScar","amount":363},{"name":"Stressmonster101","amount":351},{"name":"joehillssays","amount":324},{"name":"impulseSV","amount":282},{"name":"falsesymmetry","amount":255},{"name":"GeminiTay","amount":228},{"name":"PearlescentMoon","amount":228},{"name":"iskall85","amount":168},{"name":"Welsknight","amount":162},{"name":"Etho","amount":144},{"name":"Mumbo","amount":132},{"name":"MumboJumbo","amount":132},{"name":"BdoubleO100","amount":129},{"name":"Tinfoilchef","amount":123},{"name":"MythicalSausage","amount":120},{"name":"Grian","amount":96},{"name":"hypnotizd","amount":93},{"name":"VintageBeef","amount":51},{"name":"Pixlriffs","amount":9},{"name":"RentheKing","amount":6}]