[{"name":"PearlescentMoon","amount":31976},{"name":"Grian","amount":4456},{"name":"Docm77","amount":1872},{"name":"GoodTimeWithScar","amount":1800},{"name":"ZombieCleo","amount":1344},{"name":"Etho","amount":1280},{"name":"Keralis1","amount":1216},{"name":"iskall85","amount":904},{"name":"iJevin","amount":536},{"name":"Zedaph","amount":520},{"name":"cubfan135","amount":448},{"name":"joehillssays","amount":384},{"name":"VintageBeef","amount":264},{"name":"BdoubleO100","amount":144},{"name":"xBCrafted","amount":128},{"name":"Xisuma","amount":120},{"name":"falsesymmetry","amount":72},{"name":"MythicalSausage","amount":64},{"name":"Tango","amount":32}]