[{"name":"iJevin","amount":5250},{"name":"cubfan135","amount":5104},{"name":"impulseSV","amount":822},{"name":"Tango","amount":818},{"name":"Grian","amount":546},{"name":"Keralis1","amount":546},{"name":"Etho","amount":276},{"name":"falsesymmetry","amount":252},{"name":"GeminiTay","amount":156},{"name":"iskall85","amount":156},{"name":"joehillssays","amount":138},{"name":"Docm77","amount":132},{"name":"hypnotizd","amount":130},{"name":"ZombieCleo","amount":114},{"name":"xBCrafted","amount":98},{"name":"GoodTimeWithScar","amount":78},{"name":"Stressmonster101","amount":66},{"name":"Zedaph","amount":58},{"name":"BdoubleO100","amount":40},{"name":"MythicalSausage","amount":36},{"name":"VintageBeef","amount":24},{"name":"RentheKing","amount":20},{"name":"Xisuma","amount":14},{"name":"Renthedog","amount":14},{"name":"Pixlriffs","amount":12}]