[{"name":"GoodTimeWithScar","amount":6942},{"name":"Tango","amount":4325},{"name":"Xisuma","amount":4303},{"name":"Docm77","amount":2657},{"name":"impulseSV","amount":2634},{"name":"iJevin","amount":2353},{"name":"hypnotizd","amount":1952},{"name":"Etho","amount":1202},{"name":"cubfan135","amount":1130},{"name":"Keralis1","amount":1089},{"name":"xBCrafted","amount":1042},{"name":"Renthedog","amount":799},{"name":"Grian","amount":732},{"name":"iskall85","amount":535},{"name":"PearlescentMoon","amount":389},{"name":"VintageBeef","amount":279},{"name":"BdoubleO100","amount":265},{"name":"Mumbo","amount":255},{"name":"GeminiTay","amount":240},{"name":"falsesymmetry","amount":230},{"name":"Stressmonster101","amount":139},{"name":"Zedaph","amount":132},{"name":"ZombieCleo","amount":115},{"name":"joehillssays","amount":114},{"name":"RentheKing","amount":38},{"name":"MumboJumbo","amount":31},{"name":"OrionSound","amount":4}]