[{"name":"BdoubleO100","amount":1133},{"name":"VintageBeef","amount":999},{"name":"ZombieCleo","amount":837},{"name":"Etho","amount":771},{"name":"Xisuma","amount":371},{"name":"xBCrafted","amount":317},{"name":"Tango","amount":316},{"name":"iJevin","amount":311},{"name":"falsesymmetry","amount":163},{"name":"hypnotizd","amount":136},{"name":"Renthedog","amount":130},{"name":"Keralis1","amount":98},{"name":"joehillssays","amount":73},{"name":"cubfan135","amount":32},{"name":"Grian","amount":24},{"name":"iskall85","amount":24},{"name":"Zedaph","amount":20},{"name":"Docm77","amount":19},{"name":"Welsknight","amount":15},{"name":"Mumbo","amount":15},{"name":"MumboJumbo","amount":15},{"name":"Stressmonster101","amount":14},{"name":"GoodTimeWithScar","amount":1}]