[{"name":"Tango","amount":256},{"name":"cubfan135","amount":34},{"name":"GoodTimeWithScar","amount":27},{"name":"PearlescentMoon","amount":24},{"name":"Xisuma","amount":20},{"name":"impulseSV","amount":19},{"name":"Zedaph","amount":18},{"name":"Docm77","amount":9},{"name":"falsesymmetry","amount":6},{"name":"VintageBeef","amount":4},{"name":"iJevin","amount":4},{"name":"Keralis1","amount":4},{"name":"OrionSound","amount":3},{"name":"Grian","amount":3},{"name":"Renthedog","amount":2},{"name":"xBCrafted","amount":2},{"name":"Etho","amount":2},{"name":"ZombieCleo","amount":2},{"name":"joehillssays","amount":1},{"name":"GeminiTay","amount":1},{"name":"iskall85","amount":1},{"name":"Mumbo","amount":1},{"name":"fWhip","amount":1},{"name":"Stressmonster101","amount":1}]