[{"name":"cubfan135","amount":1108},{"name":"joehillssays","amount":116},{"name":"Tango","amount":76},{"name":"iJevin","amount":66},{"name":"Xisuma","amount":64},{"name":"Grian","amount":55},{"name":"xBCrafted","amount":41},{"name":"impulseSV","amount":37},{"name":"Zedaph","amount":33},{"name":"Stressmonster101","amount":30},{"name":"iskall85","amount":27},{"name":"Keralis1","amount":23},{"name":"BdoubleO100","amount":17},{"name":"GeminiTay","amount":15},{"name":"PearlescentMoon","amount":9},{"name":"falsesymmetry","amount":7},{"name":"Etho","amount":7},{"name":"Docm77","amount":4},{"name":"VintageBeef","amount":2},{"name":"hypnotizd","amount":2}]