[{"name":"Renthedog","amount":5850},{"name":"cubfan135","amount":4250},{"name":"falsesymmetry","amount":2646},{"name":"GoodTimeWithScar","amount":1660},{"name":"Keralis1","amount":828},{"name":"impulseSV","amount":824},{"name":"iJevin","amount":820},{"name":"Stressmonster101","amount":762},{"name":"Etho","amount":746},{"name":"Tango","amount":376},{"name":"joehillssays","amount":314},{"name":"BdoubleO100","amount":306},{"name":"RentheKing","amount":186},{"name":"GeminiTay","amount":176},{"name":"xBCrafted","amount":166},{"name":"Docm77","amount":164},{"name":"VintageBeef","amount":124},{"name":"Grian","amount":116},{"name":"MythicalSausage","amount":100},{"name":"PearlescentMoon","amount":64},{"name":"Xisuma","amount":44},{"name":"iskall85","amount":44},{"name":"ShubbleYT","amount":36},{"name":"ZombieCleo","amount":28},{"name":"fWhip","amount":18},{"name":"Smallishbeans","amount":14},{"name":"Pixlriffs","amount":14},{"name":"Zedaph","amount":14},{"name":"OrionSound","amount":12},{"name":"Welsknight","amount":12}]