[{"name":"Tango","amount":489529},{"name":"Xisuma","amount":155298},{"name":"Stressmonster101","amount":28819},{"name":"iJevin","amount":28684},{"name":"cubfan135","amount":27860},{"name":"iskall85","amount":21745},{"name":"Docm77","amount":18681},{"name":"impulseSV","amount":10018},{"name":"Etho","amount":9649},{"name":"Renthedog","amount":5822},{"name":"VintageBeef","amount":2526},{"name":"RentheKing","amount":2113},{"name":"hypnotizd","amount":1977},{"name":"Grian","amount":1863},{"name":"GoodTimeWithScar","amount":1648},{"name":"Zedaph","amount":1561},{"name":"falsesymmetry","amount":1458},{"name":"joehillssays","amount":1410},{"name":"Keralis1","amount":1087},{"name":"PearlescentMoon","amount":978},{"name":"ZombieCleo","amount":760},{"name":"xBCrafted","amount":708},{"name":"BdoubleO100","amount":366},{"name":"Mumbo","amount":225},{"name":"GeminiTay","amount":219},{"name":"MumboJumbo","amount":94},{"name":"Welsknight","amount":24},{"name":"Pixlriffs","amount":17}]