[{"name":"GoodTimeWithScar","amount":2664},{"name":"Grian","amount":1224},{"name":"Keralis1","amount":876},{"name":"Etho","amount":759},{"name":"Tango","amount":594},{"name":"Docm77","amount":549},{"name":"PearlescentMoon","amount":447},{"name":"impulseSV","amount":276},{"name":"BdoubleO100","amount":63},{"name":"MythicalSausage","amount":57},{"name":"Xisuma","amount":21},{"name":"falsesymmetry","amount":15},{"name":"xBCrafted","amount":12},{"name":"joehillssays","amount":9},{"name":"cubfan135","amount":9},{"name":"Renthedog","amount":6},{"name":"Zedaph","amount":6}]