[{"name":"Docm77","amount":205},{"name":"joehillssays","amount":41},{"name":"Etho","amount":29},{"name":"Keralis1","amount":26},{"name":"Renthedog","amount":20},{"name":"falsesymmetry","amount":19},{"name":"iJevin","amount":6},{"name":"impulseSV","amount":5},{"name":"xBCrafted","amount":4},{"name":"VintageBeef","amount":3},{"name":"Grian","amount":2},{"name":"PearlescentMoon","amount":2},{"name":"cubfan135","amount":2},{"name":"ZombieCleo","amount":2},{"name":"Zedaph","amount":2},{"name":"GeminiTay","amount":1},{"name":"Pixlriffs","amount":1},{"name":"Stressmonster101","amount":1}]