[{"name":"iJevin","amount":136},{"name":"cubfan135","amount":52},{"name":"Grian","amount":26},{"name":"impulseSV","amount":21},{"name":"iskall85","amount":11},{"name":"Docm77","amount":8},{"name":"VintageBeef","amount":8},{"name":"Renthedog","amount":6},{"name":"Tango","amount":6},{"name":"ZombieCleo","amount":6},{"name":"hypnotizd","amount":5},{"name":"Zedaph","amount":5},{"name":"Welsknight","amount":4},{"name":"RentheKing","amount":4},{"name":"GeminiTay","amount":3},{"name":"PearlescentMoon","amount":3},{"name":"Xisuma","amount":2},{"name":"joehillssays","amount":2},{"name":"falsesymmetry","amount":2},{"name":"Etho","amount":2},{"name":"Mumbo","amount":2},{"name":"Keralis1","amount":2},{"name":"Smajor1995","amount":1},{"name":"MythicalSausage","amount":1},{"name":"Pixlriffs","amount":1},{"name":"xBCrafted","amount":1},{"name":"MumboJumbo","amount":1},{"name":"Stressmonster101","amount":1},{"name":"ShubbleYT","amount":1}]