[{"name":"Keralis1","amount":830},{"name":"iJevin","amount":502},{"name":"xBCrafted","amount":449},{"name":"PearlescentMoon","amount":211},{"name":"impulseSV","amount":186},{"name":"GoodTimeWithScar","amount":158},{"name":"BdoubleO100","amount":149},{"name":"Grian","amount":123},{"name":"RentheKing","amount":111},{"name":"ZombieCleo","amount":105},{"name":"Tango","amount":103},{"name":"Docm77","amount":81},{"name":"Renthedog","amount":59},{"name":"falsesymmetry","amount":47},{"name":"GeminiTay","amount":44},{"name":"Xisuma","amount":38},{"name":"VintageBeef","amount":30},{"name":"MythicalSausage","amount":24},{"name":"Etho","amount":18},{"name":"joehillssays","amount":15},{"name":"cubfan135","amount":11},{"name":"Zedaph","amount":9},{"name":"Pixlriffs","amount":6},{"name":"Smajor1995","amount":3},{"name":"Stressmonster101","amount":3},{"name":"iskall85","amount":2}]