[{"name":"GoodTimeWithScar","amount":1058},{"name":"Etho","amount":961},{"name":"Tango","amount":543},{"name":"impulseSV","amount":473},{"name":"Xisuma","amount":451},{"name":"Docm77","amount":282},{"name":"Zedaph","amount":234},{"name":"hypnotizd","amount":187},{"name":"Renthedog","amount":178},{"name":"ZombieCleo","amount":163},{"name":"iJevin","amount":116},{"name":"GeminiTay","amount":114},{"name":"xBCrafted","amount":84},{"name":"iskall85","amount":79},{"name":"Welsknight","amount":72},{"name":"PearlescentMoon","amount":64},{"name":"Grian","amount":59},{"name":"cubfan135","amount":59},{"name":"Keralis1","amount":48},{"name":"falsesymmetry","amount":47},{"name":"VintageBeef","amount":35},{"name":"BdoubleO100","amount":34},{"name":"joehillssays","amount":27},{"name":"Stressmonster101","amount":9},{"name":"Smajor1995","amount":1},{"name":"MythicalSausage","amount":1},{"name":"Pixlriffs","amount":1},{"name":"Mumbo","amount":1}]