[{"name":"Grian","amount":1728},{"name":"joehillssays","amount":1280},{"name":"falsesymmetry","amount":1280},{"name":"impulseSV","amount":512},{"name":"xBCrafted","amount":448},{"name":"Tango","amount":280},{"name":"GoodTimeWithScar","amount":232},{"name":"Etho","amount":136},{"name":"cubfan135","amount":112},{"name":"Renthedog","amount":96},{"name":"Xisuma","amount":88},{"name":"ZombieCleo","amount":64},{"name":"VintageBeef","amount":8},{"name":"GeminiTay","amount":8},{"name":"BdoubleO100","amount":8},{"name":"Keralis1","amount":8},{"name":"Zedaph","amount":8}]