[{"name":"Etho","amount":328},{"name":"iJevin","amount":111},{"name":"Xisuma","amount":49},{"name":"cubfan135","amount":47},{"name":"Renthedog","amount":7},{"name":"falsesymmetry","amount":7},{"name":"Docm77","amount":6},{"name":"ZombieCleo","amount":6},{"name":"impulseSV","amount":6},{"name":"VintageBeef","amount":5},{"name":"joehillssays","amount":5},{"name":"Stressmonster101","amount":5},{"name":"Tango","amount":4},{"name":"PearlescentMoon","amount":4},{"name":"Welsknight","amount":4},{"name":"hypnotizd","amount":4},{"name":"Grian","amount":3},{"name":"BdoubleO100","amount":3},{"name":"RentheKing","amount":3},{"name":"GeminiTay","amount":2},{"name":"iskall85","amount":2},{"name":"Keralis1","amount":2},{"name":"Zedaph","amount":2},{"name":"Smajor1995","amount":1},{"name":"MythicalSausage","amount":1},{"name":"Pixlriffs","amount":1},{"name":"xBCrafted","amount":1},{"name":"Mumbo","amount":1},{"name":"ShubbleYT","amount":1}]