[{"name":"Xisuma","amount":351},{"name":"iJevin","amount":201},{"name":"Tango","amount":192},{"name":"Docm77","amount":136},{"name":"cubfan135","amount":114},{"name":"impulseSV","amount":91},{"name":"Grian","amount":63},{"name":"joehillssays","amount":57},{"name":"falsesymmetry","amount":47},{"name":"PearlescentMoon","amount":36},{"name":"Keralis1","amount":32},{"name":"xBCrafted","amount":26},{"name":"hypnotizd","amount":21},{"name":"Zedaph","amount":19},{"name":"VintageBeef","amount":16},{"name":"RentheKing","amount":16},{"name":"GoodTimeWithScar","amount":16},{"name":"Renthedog","amount":15},{"name":"ZombieCleo","amount":13},{"name":"Smallishbeans","amount":10},{"name":"Mumbo","amount":10},{"name":"Stressmonster101","amount":8},{"name":"BdoubleO100","amount":7},{"name":"iskall85","amount":6},{"name":"Pixlriffs","amount":5},{"name":"Welsknight","amount":4},{"name":"Etho","amount":4}]