[{"name":"falsesymmetry","amount":544},{"name":"cubfan135","amount":520},{"name":"Keralis1","amount":296},{"name":"iJevin","amount":208},{"name":"Grian","amount":136},{"name":"Tango","amount":118},{"name":"Docm77","amount":86},{"name":"hypnotizd","amount":81},{"name":"iskall85","amount":72},{"name":"GeminiTay","amount":62},{"name":"GoodTimeWithScar","amount":51},{"name":"xBCrafted","amount":36},{"name":"joehillssays","amount":32},{"name":"MythicalSausage","amount":20},{"name":"Stressmonster101","amount":8},{"name":"Xisuma","amount":4},{"name":"VintageBeef","amount":4},{"name":"ZombieCleo","amount":4},{"name":"Renthedog","amount":3},{"name":"Zedaph","amount":1}]