[{"name":"GoodTimeWithScar","amount":1452},{"name":"Docm77","amount":1380},{"name":"Grian","amount":531},{"name":"BdoubleO100","amount":474},{"name":"Zedaph","amount":243},{"name":"joehillssays","amount":192},{"name":"xBCrafted","amount":144},{"name":"Renthedog","amount":126},{"name":"cubfan135","amount":93},{"name":"VintageBeef","amount":78},{"name":"Tango","amount":78},{"name":"falsesymmetry","amount":60},{"name":"ZombieCleo","amount":54},{"name":"Stressmonster101","amount":48},{"name":"Xisuma","amount":42},{"name":"GeminiTay","amount":27},{"name":"Keralis1","amount":27},{"name":"PearlescentMoon","amount":18},{"name":"impulseSV","amount":6},{"name":"hypnotizd","amount":3},{"name":"ShubbleYT","amount":3}]