[{"name":"joehillssays","amount":34},{"name":"Etho","amount":28},{"name":"Grian","amount":12},{"name":"falsesymmetry","amount":11},{"name":"impulseSV","amount":11},{"name":"iJevin","amount":8},{"name":"Zedaph","amount":5},{"name":"Docm77","amount":3},{"name":"Tango","amount":3},{"name":"iskall85","amount":3},{"name":"cubfan135","amount":3},{"name":"Keralis1","amount":3},{"name":"ZombieCleo","amount":2},{"name":"Xisuma","amount":1},{"name":"Renthedog","amount":1},{"name":"VintageBeef","amount":1},{"name":"GeminiTay","amount":1},{"name":"Mumbo","amount":1},{"name":"hypnotizd","amount":1},{"name":"fWhip","amount":1},{"name":"Stressmonster101","amount":1}]