[{"name":"xBCrafted","amount":977},{"name":"Xisuma","amount":945},{"name":"Etho","amount":865},{"name":"Docm77","amount":538},{"name":"GoodTimeWithScar","amount":290},{"name":"impulseSV","amount":290},{"name":"Renthedog","amount":263},{"name":"Tango","amount":203},{"name":"hypnotizd","amount":155},{"name":"PearlescentMoon","amount":136},{"name":"Keralis1","amount":133},{"name":"iJevin","amount":85},{"name":"GeminiTay","amount":84},{"name":"cubfan135","amount":62},{"name":"MythicalSausage","amount":54},{"name":"falsesymmetry","amount":37},{"name":"ZombieCleo","amount":36},{"name":"BdoubleO100","amount":34},{"name":"RentheKing","amount":22},{"name":"Stressmonster101","amount":21},{"name":"Zedaph","amount":21},{"name":"Grian","amount":16},{"name":"iskall85","amount":7},{"name":"joehillssays","amount":5},{"name":"VintageBeef","amount":3},{"name":"Pixlriffs","amount":1}]