[{"name":"Tango","amount":151},{"name":"joehillssays","amount":58},{"name":"impulseSV","amount":31},{"name":"xBCrafted","amount":29},{"name":"Xisuma","amount":23},{"name":"GoodTimeWithScar","amount":13},{"name":"Docm77","amount":8},{"name":"VintageBeef","amount":6},{"name":"falsesymmetry","amount":6},{"name":"Grian","amount":5},{"name":"Zedaph","amount":5},{"name":"MythicalSausage","amount":3},{"name":"iskall85","amount":3},{"name":"Etho","amount":3},{"name":"Mumbo","amount":2},{"name":"Renthedog","amount":1},{"name":"GeminiTay","amount":1},{"name":"BdoubleO100","amount":1},{"name":"PearlescentMoon","amount":1},{"name":"ZombieCleo","amount":1},{"name":"hypnotizd","amount":1}]