[{"name":"ZombieCleo","amount":1423},{"name":"GoodTimeWithScar","amount":258},{"name":"iJevin","amount":201},{"name":"Zedaph","amount":186},{"name":"Xisuma","amount":181},{"name":"Tango","amount":175},{"name":"VintageBeef","amount":98},{"name":"cubfan135","amount":77},{"name":"hypnotizd","amount":64},{"name":"impulseSV","amount":53},{"name":"BdoubleO100","amount":52},{"name":"GeminiTay","amount":44},{"name":"falsesymmetry","amount":43},{"name":"Docm77","amount":38},{"name":"PearlescentMoon","amount":37},{"name":"Etho","amount":34},{"name":"RentheKing","amount":33},{"name":"Renthedog","amount":30},{"name":"Keralis1","amount":27},{"name":"joehillssays","amount":23},{"name":"Pixlriffs","amount":13},{"name":"xBCrafted","amount":9},{"name":"Grian","amount":6},{"name":"Smajor1995","amount":2},{"name":"Smallishbeans","amount":2},{"name":"iskall85","amount":2},{"name":"Mumbo","amount":2}]