[{"name":"Xisuma","amount":618},{"name":"Renthedog","amount":459},{"name":"BdoubleO100","amount":276},{"name":"xBCrafted","amount":203},{"name":"cubfan135","amount":177},{"name":"hypnotizd","amount":172},{"name":"GoodTimeWithScar","amount":104},{"name":"Keralis1","amount":92},{"name":"falsesymmetry","amount":90},{"name":"iJevin","amount":88},{"name":"joehillssays","amount":53},{"name":"Etho","amount":46},{"name":"Docm77","amount":34},{"name":"VintageBeef","amount":33},{"name":"Tango","amount":25},{"name":"Zedaph","amount":12},{"name":"Stressmonster101","amount":5},{"name":"GeminiTay","amount":4},{"name":"Pixlriffs","amount":2},{"name":"Welsknight","amount":1},{"name":"Mumbo","amount":1}]