[{"name":"iJevin","amount":1837},{"name":"Renthedog","amount":1098},{"name":"falsesymmetry","amount":853},{"name":"Keralis1","amount":823},{"name":"Grian","amount":769},{"name":"hypnotizd","amount":769},{"name":"Pixlriffs","amount":695},{"name":"Tango","amount":549},{"name":"MythicalSausage","amount":327},{"name":"impulseSV","amount":183},{"name":"ZombieCleo","amount":169},{"name":"PearlescentMoon","amount":164},{"name":"xBCrafted","amount":164},{"name":"Etho","amount":97},{"name":"iskall85","amount":89},{"name":"BdoubleO100","amount":71},{"name":"Smallishbeans","amount":66},{"name":"Stressmonster101","amount":65},{"name":"Zedaph","amount":59},{"name":"cubfan135","amount":53},{"name":"Welsknight","amount":51},{"name":"RentheKing","amount":42},{"name":"GeminiTay","amount":36},{"name":"GoodTimeWithScar","amount":7},{"name":"VintageBeef","amount":6},{"name":"OrionSound","amount":1}]