[{"name":"Xisuma","amount":1728},{"name":"Etho","amount":920},{"name":"Grian","amount":148},{"name":"impulseSV","amount":144},{"name":"iJevin","amount":129},{"name":"Stressmonster101","amount":64},{"name":"Keralis1","amount":50},{"name":"iskall85","amount":48},{"name":"Zedaph","amount":37},{"name":"ZombieCleo","amount":17},{"name":"PearlescentMoon","amount":9},{"name":"falsesymmetry","amount":8},{"name":"GeminiTay","amount":6},{"name":"RentheKing","amount":6},{"name":"Docm77","amount":5},{"name":"joehillssays","amount":3},{"name":"Renthedog","amount":2},{"name":"cubfan135","amount":2}]