[{"name":"falsesymmetry","amount":4552},{"name":"GoodTimeWithScar","amount":1644},{"name":"xBCrafted","amount":1570},{"name":"Renthedog","amount":1056},{"name":"impulseSV","amount":924},{"name":"GeminiTay","amount":732},{"name":"ZombieCleo","amount":600},{"name":"Stressmonster101","amount":428},{"name":"Xisuma","amount":384},{"name":"Welsknight","amount":340},{"name":"Keralis1","amount":308},{"name":"cubfan135","amount":252},{"name":"joehillssays","amount":248},{"name":"BdoubleO100","amount":188},{"name":"Tango","amount":136},{"name":"Grian","amount":112},{"name":"MythicalSausage","amount":108},{"name":"RentheKing","amount":76},{"name":"OrionSound","amount":64},{"name":"iskall85","amount":40},{"name":"Zedaph","amount":28},{"name":"PearlescentMoon","amount":24},{"name":"Smallishbeans","amount":16},{"name":"Pixlriffs","amount":16},{"name":"Mumbo","amount":16},{"name":"MumboJumbo","amount":16},{"name":"ShubbleYT","amount":16},{"name":"fWhip","amount":12},{"name":"Docm77","amount":4},{"name":"VintageBeef","amount":4}]