[{"name":"cubfan135","amount":47},{"name":"ZombieCleo","amount":33},{"name":"xBCrafted","amount":20},{"name":"iJevin","amount":18},{"name":"joehillssays","amount":17},{"name":"impulseSV","amount":15},{"name":"Xisuma","amount":12},{"name":"Zedaph","amount":12},{"name":"Welsknight","amount":7},{"name":"RentheKing","amount":7},{"name":"Renthedog","amount":6},{"name":"GeminiTay","amount":6},{"name":"Grian","amount":5},{"name":"PearlescentMoon","amount":4},{"name":"falsesymmetry","amount":4},{"name":"Keralis1","amount":4},{"name":"VintageBeef","amount":3},{"name":"Docm77","amount":2},{"name":"Tango","amount":2},{"name":"Etho","amount":2},{"name":"hypnotizd","amount":2},{"name":"Smajor1995","amount":1},{"name":"BdoubleO100","amount":1},{"name":"Mumbo","amount":1},{"name":"MumboJumbo","amount":1},{"name":"Stressmonster101","amount":1},{"name":"ShubbleYT","amount":1}]