[{"name":"Renthedog","amount":2620},{"name":"Docm77","amount":2590},{"name":"Keralis1","amount":1156},{"name":"PearlescentMoon","amount":690},{"name":"Etho","amount":672},{"name":"Xisuma","amount":606},{"name":"GoodTimeWithScar","amount":408},{"name":"impulseSV","amount":364},{"name":"falsesymmetry","amount":332},{"name":"BdoubleO100","amount":296},{"name":"cubfan135","amount":276},{"name":"Grian","amount":180},{"name":"Tango","amount":72},{"name":"iJevin","amount":28},{"name":"MythicalSausage","amount":26},{"name":"VintageBeef","amount":12},{"name":"Zedaph","amount":6}]