[{"name":"impulseSV","amount":24872},{"name":"PearlescentMoon","amount":8168},{"name":"Renthedog","amount":5616},{"name":"Grian","amount":3928},{"name":"falsesymmetry","amount":3630},{"name":"Etho","amount":1280},{"name":"GoodTimeWithScar","amount":1160},{"name":"VintageBeef","amount":960},{"name":"iJevin","amount":512},{"name":"Tango","amount":432},{"name":"Xisuma","amount":392},{"name":"xBCrafted","amount":288},{"name":"cubfan135","amount":248},{"name":"ZombieCleo","amount":112},{"name":"Docm77","amount":64},{"name":"iskall85","amount":64},{"name":"Keralis1","amount":32},{"name":"BdoubleO100","amount":24},{"name":"Zedaph","amount":8}]