[{"name":"Tango","amount":2438},{"name":"GoodTimeWithScar","amount":2413},{"name":"Xisuma","amount":1528},{"name":"cubfan135","amount":986},{"name":"Pixlriffs","amount":960},{"name":"Docm77","amount":876},{"name":"Etho","amount":768},{"name":"impulseSV","amount":464},{"name":"iskall85","amount":457},{"name":"hypnotizd","amount":274},{"name":"Keralis1","amount":230},{"name":"iJevin","amount":165},{"name":"xBCrafted","amount":106},{"name":"Grian","amount":83},{"name":"Zedaph","amount":71},{"name":"Renthedog","amount":55},{"name":"falsesymmetry","amount":53},{"name":"BdoubleO100","amount":44},{"name":"Mumbo","amount":37},{"name":"PearlescentMoon","amount":17},{"name":"joehillssays","amount":8},{"name":"VintageBeef","amount":3},{"name":"GeminiTay","amount":3},{"name":"OrionSound","amount":2},{"name":"Stressmonster101","amount":1}]