[{"name":"Tango","amount":2132},{"name":"GoodTimeWithScar","amount":1543},{"name":"Pixlriffs","amount":1071},{"name":"cubfan135","amount":917},{"name":"Etho","amount":750},{"name":"Xisuma","amount":687},{"name":"Docm77","amount":599},{"name":"impulseSV","amount":466},{"name":"iskall85","amount":414},{"name":"ZombieCleo","amount":213},{"name":"Grian","amount":191},{"name":"Keralis1","amount":151},{"name":"Renthedog","amount":123},{"name":"falsesymmetry","amount":123},{"name":"Mumbo","amount":90},{"name":"iJevin","amount":88},{"name":"PearlescentMoon","amount":70},{"name":"hypnotizd","amount":69},{"name":"Zedaph","amount":68},{"name":"VintageBeef","amount":58},{"name":"BdoubleO100","amount":46},{"name":"xBCrafted","amount":36},{"name":"RentheKing","amount":6},{"name":"joehillssays","amount":5},{"name":"GeminiTay","amount":3},{"name":"OrionSound","amount":2}]