[{"name":"Renthedog","amount":230},{"name":"impulseSV","amount":181},{"name":"GoodTimeWithScar","amount":168},{"name":"Tango","amount":163},{"name":"falsesymmetry","amount":138},{"name":"PearlescentMoon","amount":136},{"name":"cubfan135","amount":66},{"name":"Keralis1","amount":57},{"name":"BdoubleO100","amount":51},{"name":"Stressmonster101","amount":44},{"name":"xBCrafted","amount":40},{"name":"Grian","amount":39},{"name":"Xisuma","amount":25},{"name":"Mumbo","amount":25},{"name":"ZombieCleo","amount":15},{"name":"iJevin","amount":14},{"name":"MythicalSausage","amount":13},{"name":"GeminiTay","amount":12},{"name":"Docm77","amount":8},{"name":"Etho","amount":6},{"name":"Zedaph","amount":4},{"name":"hypnotizd","amount":2},{"name":"truesymmetry","amount":1},{"name":"VintageBeef","amount":1},{"name":"joehillssays","amount":1},{"name":"iskall85","amount":1}]