[{"name":"PearlescentMoon","amount":9630},{"name":"Etho","amount":4298},{"name":"ZombieCleo","amount":2923},{"name":"impulseSV","amount":2090},{"name":"Grian","amount":1815},{"name":"falsesymmetry","amount":774},{"name":"VintageBeef","amount":664},{"name":"Tango","amount":655},{"name":"iskall85","amount":321},{"name":"iJevin","amount":276},{"name":"GeminiTay","amount":133},{"name":"Stressmonster101","amount":128},{"name":"Xisuma","amount":102},{"name":"xBCrafted","amount":96},{"name":"Renthedog","amount":64},{"name":"MythicalSausage","amount":64},{"name":"Zedaph","amount":54},{"name":"Docm77","amount":44},{"name":"BdoubleO100","amount":21},{"name":"joehillssays","amount":11},{"name":"hypnotizd","amount":8},{"name":"cubfan135","amount":5},{"name":"RentheKing","amount":1}]