[{"name":"cubfan135","amount":395},{"name":"Mumbo","amount":216},{"name":"Stressmonster101","amount":150},{"name":"Keralis1","amount":65},{"name":"Tango","amount":58},{"name":"impulseSV","amount":25},{"name":"MumboJumbo","amount":24},{"name":"Docm77","amount":18},{"name":"GoodTimeWithScar","amount":17},{"name":"iJevin","amount":12},{"name":"Renthedog","amount":9},{"name":"RentheKing","amount":7},{"name":"ZombieCleo","amount":6},{"name":"PearlescentMoon","amount":4},{"name":"Xisuma","amount":1},{"name":"Zedaph","amount":1}]