[{"name":"impulseSV","amount":128},{"name":"PearlescentMoon","amount":45},{"name":"Zedaph","amount":24},{"name":"GoodTimeWithScar","amount":23},{"name":"xBCrafted","amount":14},{"name":"joehillssays","amount":8},{"name":"Xisuma","amount":7},{"name":"Grian","amount":4},{"name":"iskall85","amount":4},{"name":"MythicalSausage","amount":3},{"name":"falsesymmetry","amount":3},{"name":"Etho","amount":3},{"name":"VintageBeef","amount":2},{"name":"BdoubleO100","amount":2},{"name":"cubfan135","amount":2},{"name":"ZombieCleo","amount":2},{"name":"Docm77","amount":1},{"name":"Renthedog","amount":1},{"name":"iJevin","amount":1},{"name":"Tango","amount":1},{"name":"Pixlriffs","amount":1},{"name":"RentheKing","amount":1},{"name":"Keralis1","amount":1}]