[{"name":"cubfan135","amount":14},{"name":"Welsknight","amount":10},{"name":"ZombieCleo","amount":9},{"name":"iJevin","amount":8},{"name":"joehillssays","amount":7},{"name":"PearlescentMoon","amount":5},{"name":"Keralis1","amount":5},{"name":"Xisuma","amount":4},{"name":"Tango","amount":3},{"name":"BdoubleO100","amount":3},{"name":"RentheKing","amount":3},{"name":"iskall85","amount":2},{"name":"falsesymmetry","amount":2},{"name":"Stressmonster101","amount":2},{"name":"Zedaph","amount":2},{"name":"Renthedog","amount":1},{"name":"VintageBeef","amount":1},{"name":"Mumbo","amount":1},{"name":"MumboJumbo","amount":1}]