[{"name":"Tinfoilchef","amount":28},{"name":"ZombieCleo","amount":13},{"name":"BdoubleO100","amount":8},{"name":"iskall85","amount":4},{"name":"joehillssays","amount":3},{"name":"Stressmonster101","amount":3},{"name":"Zedaph","amount":3},{"name":"GeminiTay","amount":2},{"name":"falsesymmetry","amount":2},{"name":"hypnotizd","amount":2},{"name":"Grian","amount":1},{"name":"PearlescentMoon","amount":1},{"name":"Pixlriffs","amount":1},{"name":"xBCrafted","amount":1},{"name":"Welsknight","amount":1},{"name":"Mumbo","amount":1},{"name":"MumboJumbo","amount":1}]