[{"name":"iJevin","amount":4673},{"name":"Etho","amount":1382},{"name":"Tango","amount":1323},{"name":"impulseSV","amount":1102},{"name":"falsesymmetry","amount":300},{"name":"iskall85","amount":210},{"name":"ZombieCleo","amount":149},{"name":"PearlescentMoon","amount":118},{"name":"Renthedog","amount":76},{"name":"Docm77","amount":51},{"name":"BdoubleO100","amount":49},{"name":"hypnotizd","amount":36},{"name":"Xisuma","amount":28},{"name":"VintageBeef","amount":16},{"name":"RentheKing","amount":11},{"name":"Grian","amount":8},{"name":"Zedaph","amount":1}]