[{"name":"joehillssays","amount":23},{"name":"xBCrafted","amount":10},{"name":"ZombieCleo","amount":10},{"name":"Tango","amount":6},{"name":"PearlescentMoon","amount":6},{"name":"Xisuma","amount":5},{"name":"Grian","amount":5},{"name":"cubfan135","amount":4},{"name":"falsesymmetry","amount":3},{"name":"Etho","amount":3},{"name":"GeminiTay","amount":2},{"name":"iskall85","amount":2},{"name":"Mumbo","amount":2},{"name":"VintageBeef","amount":1},{"name":"BdoubleO100","amount":1},{"name":"RentheKing","amount":1},{"name":"hypnotizd","amount":1},{"name":"impulseSV","amount":1},{"name":"Zedaph","amount":1}]