[{"name":"falsesymmetry","amount":12},{"name":"impulseSV","amount":4},{"name":"VintageBeef","amount":3},{"name":"GeminiTay","amount":3},{"name":"Docm77","amount":2},{"name":"iJevin","amount":2},{"name":"BdoubleO100","amount":2},{"name":"Welsknight","amount":2},{"name":"Etho","amount":2},{"name":"Grian","amount":1},{"name":"Tango","amount":1},{"name":"PearlescentMoon","amount":1},{"name":"iskall85","amount":1},{"name":"ZombieCleo","amount":1},{"name":"Tinfoilchef","amount":1},{"name":"Stressmonster101","amount":1}]