[{"name":"GoodTimeWithScar","amount":800},{"name":"Keralis1","amount":312},{"name":"Etho","amount":293},{"name":"Renthedog","amount":244},{"name":"Docm77","amount":240},{"name":"GeminiTay","amount":168},{"name":"Xisuma","amount":108},{"name":"PearlescentMoon","amount":104},{"name":"Grian","amount":60},{"name":"Stressmonster101","amount":60},{"name":"ShubbleYT","amount":40},{"name":"cubfan135","amount":36},{"name":"impulseSV","amount":24},{"name":"VintageBeef","amount":20},{"name":"BdoubleO100","amount":20},{"name":"Smajor1995","amount":16},{"name":"xBCrafted","amount":12},{"name":"iJevin","amount":4},{"name":"Zedaph","amount":4}]