[{"name":"GoodTimeWithScar","amount":85550},{"name":"falsesymmetry","amount":54951},{"name":"Renthedog","amount":38160},{"name":"cubfan135","amount":25896},{"name":"impulseSV","amount":25096},{"name":"Docm77","amount":15104},{"name":"Xisuma","amount":13156},{"name":"iJevin","amount":12796},{"name":"Keralis1","amount":11067},{"name":"Stressmonster101","amount":10012},{"name":"iskall85","amount":9468},{"name":"xBCrafted","amount":9201},{"name":"GeminiTay","amount":7908},{"name":"RentheKing","amount":7284},{"name":"Grian","amount":6928},{"name":"BdoubleO100","amount":6888},{"name":"Tango","amount":6788},{"name":"joehillssays","amount":6578},{"name":"ZombieCleo","amount":5296},{"name":"hypnotizd","amount":3496},{"name":"MythicalSausage","amount":2844},{"name":"Etho","amount":2824},{"name":"PearlescentMoon","amount":2108},{"name":"OrionSound","amount":1640},{"name":"Zedaph","amount":1172},{"name":"Pixlriffs","amount":1068},{"name":"Welsknight","amount":648},{"name":"Smallishbeans","amount":520},{"name":"VintageBeef","amount":464},{"name":"ShubbleYT","amount":276},{"name":"fWhip","amount":108},{"name":"Mumbo","amount":68},{"name":"MumboJumbo","amount":32}]