[{"name":"PearlescentMoon","amount":28},{"name":"cubfan135","amount":23},{"name":"RentheKing","amount":9},{"name":"VintageBeef","amount":8},{"name":"BdoubleO100","amount":8},{"name":"Grian","amount":5},{"name":"Zedaph","amount":5},{"name":"Smajor1995","amount":4},{"name":"joehillssays","amount":4},{"name":"GoodTimeWithScar","amount":4},{"name":"iJevin","amount":3},{"name":"GeminiTay","amount":3},{"name":"Welsknight","amount":3},{"name":"impulseSV","amount":3},{"name":"ZombieCleo","amount":1},{"name":"hypnotizd","amount":1}]