[{"name":"iJevin","amount":94},{"name":"joehillssays","amount":42},{"name":"Grian","amount":35},{"name":"Tango","amount":29},{"name":"Xisuma","amount":24},{"name":"Keralis1","amount":21},{"name":"impulseSV","amount":16},{"name":"Docm77","amount":11},{"name":"Welsknight","amount":10},{"name":"Mumbo","amount":10},{"name":"Renthedog","amount":9},{"name":"GoodTimeWithScar","amount":7},{"name":"PearlescentMoon","amount":6},{"name":"xBCrafted","amount":6},{"name":"falsesymmetry","amount":6},{"name":"Zedaph","amount":6},{"name":"VintageBeef","amount":5},{"name":"GeminiTay","amount":5},{"name":"BdoubleO100","amount":5},{"name":"Etho","amount":5},{"name":"MumboJumbo","amount":5},{"name":"Pixlriffs","amount":4},{"name":"Stressmonster101","amount":4},{"name":"cubfan135","amount":3},{"name":"RentheKing","amount":3},{"name":"hypnotizd","amount":3},{"name":"OrionSound","amount":2},{"name":"MythicalSausage","amount":2},{"name":"Smallishbeans","amount":2},{"name":"ZombieCleo","amount":2},{"name":"iskall85","amount":1},{"name":"SolidarityGaming","amount":1}]