[{"name":"PearlescentMoon","amount":8296},{"name":"Grian","amount":2974},{"name":"Docm77","amount":1800},{"name":"Stressmonster101","amount":1280},{"name":"Etho","amount":1152},{"name":"impulseSV","amount":1016},{"name":"GoodTimeWithScar","amount":800},{"name":"Xisuma","amount":776},{"name":"ZombieCleo","amount":752},{"name":"cubfan135","amount":744},{"name":"VintageBeef","amount":704},{"name":"Tango","amount":129},{"name":"joehillssays","amount":96},{"name":"GeminiTay","amount":66},{"name":"falsesymmetry","amount":64},{"name":"Renthedog","amount":16},{"name":"iskall85","amount":12},{"name":"Zedaph","amount":8},{"name":"Keralis1","amount":7}]