[{"name":"Tango","amount":292},{"name":"impulseSV","amount":172},{"name":"PearlescentMoon","amount":99},{"name":"Keralis1","amount":77},{"name":"BdoubleO100","amount":43},{"name":"Docm77","amount":39},{"name":"xBCrafted","amount":38},{"name":"iJevin","amount":26},{"name":"Grian","amount":10},{"name":"falsesymmetry","amount":9},{"name":"Xisuma","amount":8},{"name":"cubfan135","amount":8},{"name":"VintageBeef","amount":6},{"name":"Zedaph","amount":4},{"name":"Renthedog","amount":2},{"name":"hypnotizd","amount":2},{"name":"iskall85","amount":1},{"name":"ZombieCleo","amount":1},{"name":"GoodTimeWithScar","amount":1},{"name":"Stressmonster101","amount":1}]