[{"name":"falsesymmetry","amount":1507},{"name":"hypnotizd","amount":912},{"name":"Keralis1","amount":760},{"name":"cubfan135","amount":416},{"name":"impulseSV","amount":400},{"name":"Docm77","amount":384},{"name":"Renthedog","amount":384},{"name":"iJevin","amount":288},{"name":"xBCrafted","amount":240},{"name":"Xisuma","amount":232},{"name":"PearlescentMoon","amount":176},{"name":"Tango","amount":96},{"name":"BdoubleO100","amount":24},{"name":"Zedaph","amount":24},{"name":"GoodTimeWithScar","amount":16}]