[{"name":"Xisuma","amount":306},{"name":"joehillssays","amount":124},{"name":"Stressmonster101","amount":96},{"name":"GoodTimeWithScar","amount":86},{"name":"Grian","amount":68},{"name":"BdoubleO100","amount":56},{"name":"Docm77","amount":43},{"name":"GeminiTay","amount":22},{"name":"iskall85","amount":16},{"name":"Tango","amount":12},{"name":"Etho","amount":8},{"name":"PearlescentMoon","amount":6},{"name":"impulseSV","amount":3},{"name":"VintageBeef","amount":2},{"name":"Renthedog","amount":1},{"name":"Keralis1","amount":1},{"name":"Zedaph","amount":1}]