[{"name":"Tango","amount":254},{"name":"Renthedog","amount":15},{"name":"ZombieCleo","amount":12},{"name":"Zedaph","amount":5},{"name":"iJevin","amount":3},{"name":"PearlescentMoon","amount":3},{"name":"falsesymmetry","amount":2},{"name":"cubfan135","amount":2},{"name":"Mumbo","amount":2},{"name":"impulseSV","amount":2},{"name":"Docm77","amount":1},{"name":"MythicalSausage","amount":1},{"name":"GeminiTay","amount":1},{"name":"Grian","amount":1},{"name":"BdoubleO100","amount":1},{"name":"Stressmonster101","amount":1}]