[{"name":"VintageBeef","amount":13845},{"name":"Tango","amount":6003},{"name":"Etho","amount":1776},{"name":"ZombieCleo","amount":573},{"name":"xBCrafted","amount":435},{"name":"PearlescentMoon","amount":306},{"name":"impulseSV","amount":180},{"name":"iJevin","amount":119},{"name":"GoodTimeWithScar","amount":110},{"name":"falsesymmetry","amount":61},{"name":"Xisuma","amount":53},{"name":"joehillssays","amount":53},{"name":"GeminiTay","amount":51},{"name":"Docm77","amount":38},{"name":"cubfan135","amount":31},{"name":"Grian","amount":29},{"name":"Zedaph","amount":21},{"name":"Renthedog","amount":20},{"name":"Keralis1","amount":14},{"name":"iskall85","amount":12},{"name":"RentheKing","amount":12},{"name":"Stressmonster101","amount":11},{"name":"BdoubleO100","amount":6},{"name":"Pixlriffs","amount":1}]