[{"name":"VintageBeef","amount":1230},{"name":"joehillssays","amount":1181},{"name":"Welsknight","amount":590},{"name":"xBCrafted","amount":493},{"name":"impulseSV","amount":371},{"name":"iskall85","amount":367},{"name":"ZombieCleo","amount":291},{"name":"Stressmonster101","amount":287},{"name":"Xisuma","amount":251},{"name":"GeminiTay","amount":227},{"name":"PearlescentMoon","amount":206},{"name":"Tango","amount":128},{"name":"falsesymmetry","amount":112},{"name":"Mumbo","amount":64},{"name":"MumboJumbo","amount":64},{"name":"iJevin","amount":61},{"name":"Docm77","amount":15},{"name":"cubfan135","amount":4},{"name":"Keralis1","amount":4}]