[{"name":"impulseSV","amount":20433},{"name":"Docm77","amount":15128},{"name":"Xisuma","amount":14161},{"name":"joehillssays","amount":9230},{"name":"Tango","amount":8209},{"name":"Grian","amount":6736},{"name":"GeminiTay","amount":6162},{"name":"ZombieCleo","amount":6018},{"name":"GoodTimeWithScar","amount":5653},{"name":"Stressmonster101","amount":4716},{"name":"hypnotizd","amount":2462},{"name":"PearlescentMoon","amount":1899},{"name":"iJevin","amount":1876},{"name":"Etho","amount":1681},{"name":"Renthedog","amount":1364},{"name":"VintageBeef","amount":1339},{"name":"Keralis1","amount":1278},{"name":"cubfan135","amount":1031},{"name":"falsesymmetry","amount":990},{"name":"xBCrafted","amount":514},{"name":"Pixlriffs","amount":384},{"name":"RentheKing","amount":340},{"name":"Zedaph","amount":318},{"name":"iskall85","amount":272},{"name":"MythicalSausage","amount":256},{"name":"BdoubleO100","amount":146},{"name":"Mumbo","amount":65}]