[{"name":"GeminiTay","amount":18},{"name":"falsesymmetry","amount":18},{"name":"hypnotizd","amount":17},{"name":"PearlescentMoon","amount":15},{"name":"xBCrafted","amount":14},{"name":"iskall85","amount":13},{"name":"Mumbo","amount":13},{"name":"MumboJumbo","amount":13},{"name":"Tango","amount":11},{"name":"BdoubleO100","amount":11},{"name":"Keralis1","amount":10},{"name":"impulseSV","amount":10},{"name":"Xisuma","amount":8},{"name":"Stressmonster101","amount":8},{"name":"iJevin","amount":7},{"name":"Welsknight","amount":7},{"name":"Zedaph","amount":7},{"name":"Renthedog","amount":6},{"name":"Docm77","amount":5},{"name":"VintageBeef","amount":5},{"name":"Grian","amount":3},{"name":"Tinfoilchef","amount":3},{"name":"ShubbleYT","amount":3},{"name":"joehillssays","amount":2},{"name":"cubfan135","amount":2},{"name":"ZombieCleo","amount":2},{"name":"Pixlriffs","amount":1},{"name":"Etho","amount":1}]