[{"name":"cubfan135","amount":120},{"name":"Tango","amount":26},{"name":"iJevin","amount":21},{"name":"Grian","amount":18},{"name":"RentheKing","amount":11},{"name":"Keralis1","amount":11},{"name":"GoodTimeWithScar","amount":7},{"name":"hypnotizd","amount":6},{"name":"impulseSV","amount":6},{"name":"Etho","amount":5},{"name":"Xisuma","amount":4},{"name":"Zedaph","amount":4},{"name":"Docm77","amount":3},{"name":"iskall85","amount":3},{"name":"xBCrafted","amount":3},{"name":"falsesymmetry","amount":3},{"name":"Renthedog","amount":2},{"name":"GeminiTay","amount":2},{"name":"Stressmonster101","amount":2},{"name":"joehillssays","amount":1},{"name":"BdoubleO100","amount":1},{"name":"PearlescentMoon","amount":1},{"name":"Welsknight","amount":1},{"name":"ZombieCleo","amount":1},{"name":"Mumbo","amount":1}]