[{"name":"impulseSV","amount":13336},{"name":"Grian","amount":7696},{"name":"ZombieCleo","amount":6240},{"name":"PearlescentMoon","amount":5779},{"name":"Docm77","amount":5232},{"name":"GoodTimeWithScar","amount":4936},{"name":"cubfan135","amount":3528},{"name":"Keralis1","amount":3472},{"name":"Renthedog","amount":3448},{"name":"Xisuma","amount":1664},{"name":"Etho","amount":1280},{"name":"iJevin","amount":1024},{"name":"BdoubleO100","amount":928},{"name":"iskall85","amount":592},{"name":"VintageBeef","amount":544},{"name":"falsesymmetry","amount":512},{"name":"RentheKing","amount":256},{"name":"xBCrafted","amount":104},{"name":"Tango","amount":48},{"name":"Zedaph","amount":8}]