[{"name":"GoodTimeWithScar","amount":5301},{"name":"ZombieCleo","amount":4256},{"name":"Grian","amount":3959},{"name":"joehillssays","amount":3509},{"name":"Etho","amount":2701},{"name":"Xisuma","amount":1901},{"name":"hypnotizd","amount":1860},{"name":"PearlescentMoon","amount":1589},{"name":"impulseSV","amount":1497},{"name":"falsesymmetry","amount":1252},{"name":"Docm77","amount":1103},{"name":"Keralis1","amount":549},{"name":"Zedaph","amount":379},{"name":"Tango","amount":235},{"name":"cubfan135","amount":210},{"name":"Renthedog","amount":169},{"name":"BdoubleO100","amount":155},{"name":"VintageBeef","amount":111},{"name":"RentheKing","amount":94},{"name":"iJevin","amount":71},{"name":"MythicalSausage","amount":48},{"name":"GeminiTay","amount":48},{"name":"Stressmonster101","amount":32},{"name":"xBCrafted","amount":30},{"name":"iskall85","amount":16},{"name":"Mumbo","amount":3}]