[{"name":"Grian","amount":3477},{"name":"Etho","amount":923},{"name":"GoodTimeWithScar","amount":562},{"name":"iJevin","amount":192},{"name":"falsesymmetry","amount":150},{"name":"PearlescentMoon","amount":121},{"name":"ZombieCleo","amount":107},{"name":"GeminiTay","amount":104},{"name":"cubfan135","amount":92},{"name":"impulseSV","amount":92},{"name":"Renthedog","amount":80},{"name":"BdoubleO100","amount":76},{"name":"joehillssays","amount":67},{"name":"Keralis1","amount":62},{"name":"Docm77","amount":42},{"name":"hypnotizd","amount":21},{"name":"VintageBeef","amount":14},{"name":"Tango","amount":11},{"name":"RentheKing","amount":11},{"name":"Xisuma","amount":10},{"name":"MythicalSausage","amount":10},{"name":"Welsknight","amount":6},{"name":"Stressmonster101","amount":6},{"name":"xBCrafted","amount":4},{"name":"iskall85","amount":3},{"name":"Zedaph","amount":1}]