[{"name":"xBCrafted","amount":3880},{"name":"iJevin","amount":1782},{"name":"Tango","amount":1410},{"name":"Docm77","amount":866},{"name":"cubfan135","amount":570},{"name":"Grian","amount":398},{"name":"Keralis1","amount":378},{"name":"VintageBeef","amount":312},{"name":"GoodTimeWithScar","amount":304},{"name":"Xisuma","amount":260},{"name":"falsesymmetry","amount":258},{"name":"Etho","amount":138},{"name":"ZombieCleo","amount":110},{"name":"RentheKing","amount":104},{"name":"Mumbo","amount":42},{"name":"Renthedog","amount":36},{"name":"Zedaph","amount":34},{"name":"GeminiTay","amount":18},{"name":"MumboJumbo","amount":18},{"name":"hypnotizd","amount":16},{"name":"MythicalSausage","amount":6},{"name":"PearlescentMoon","amount":6},{"name":"Welsknight","amount":6}]