[{"name":"cubfan135","amount":49251},{"name":"Tango","amount":11855},{"name":"Xisuma","amount":7443},{"name":"Renthedog","amount":2079},{"name":"VintageBeef","amount":1458},{"name":"Docm77","amount":1363},{"name":"hypnotizd","amount":914},{"name":"BdoubleO100","amount":732},{"name":"iJevin","amount":711},{"name":"Keralis1","amount":655},{"name":"joehillssays","amount":558},{"name":"Zedaph","amount":136},{"name":"GeminiTay","amount":108},{"name":"Pixlriffs","amount":55},{"name":"ZombieCleo","amount":54}]