[{"name":"Renthedog","amount":1000},{"name":"Docm77","amount":962},{"name":"Xisuma","amount":267},{"name":"GoodTimeWithScar","amount":260},{"name":"Stressmonster101","amount":256},{"name":"falsesymmetry","amount":114},{"name":"RentheKing","amount":112},{"name":"Tango","amount":104},{"name":"BdoubleO100","amount":70},{"name":"PearlescentMoon","amount":32},{"name":"xBCrafted","amount":32},{"name":"joehillssays","amount":16},{"name":"Keralis1","amount":9},{"name":"GeminiTay","amount":7},{"name":"cubfan135","amount":6},{"name":"Grian","amount":4},{"name":"Pixlriffs","amount":2},{"name":"iskall85","amount":1},{"name":"ZombieCleo","amount":1},{"name":"impulseSV","amount":1},{"name":"Zedaph","amount":1}]