[{"name":"joehillssays","amount":27152},{"name":"GoodTimeWithScar","amount":10776},{"name":"PearlescentMoon","amount":4328},{"name":"falsesymmetry","amount":3208},{"name":"Grian","amount":3032},{"name":"Zedaph","amount":2392},{"name":"impulseSV","amount":2352},{"name":"Docm77","amount":1728},{"name":"ZombieCleo","amount":1344},{"name":"Etho","amount":1208},{"name":"Tango","amount":520},{"name":"iJevin","amount":307},{"name":"Xisuma","amount":272},{"name":"Stressmonster101","amount":144},{"name":"VintageBeef","amount":88},{"name":"Renthedog","amount":80},{"name":"BdoubleO100","amount":80},{"name":"Keralis1","amount":64}]