[{"name":"VintageBeef","amount":1197},{"name":"Grian","amount":744},{"name":"Tango","amount":429},{"name":"Keralis1","amount":364},{"name":"BdoubleO100","amount":240},{"name":"impulseSV","amount":216},{"name":"falsesymmetry","amount":177},{"name":"iJevin","amount":156},{"name":"PearlescentMoon","amount":114},{"name":"xBCrafted","amount":105},{"name":"joehillssays","amount":96},{"name":"Stressmonster101","amount":96},{"name":"Renthedog","amount":87},{"name":"iskall85","amount":24},{"name":"RentheKing","amount":24},{"name":"GoodTimeWithScar","amount":18},{"name":"Docm77","amount":3},{"name":"Xisuma","amount":3},{"name":"Zedaph","amount":3}]