[{"name":"Xisuma","amount":235},{"name":"Tango","amount":184},{"name":"iJevin","amount":156},{"name":"impulseSV","amount":86},{"name":"Docm77","amount":75},{"name":"joehillssays","amount":57},{"name":"cubfan135","amount":39},{"name":"Grian","amount":30},{"name":"falsesymmetry","amount":25},{"name":"Keralis1","amount":22},{"name":"hypnotizd","amount":20},{"name":"RentheKing","amount":16},{"name":"Renthedog","amount":15},{"name":"Mumbo","amount":14},{"name":"xBCrafted","amount":13},{"name":"Zedaph","amount":12},{"name":"PearlescentMoon","amount":11},{"name":"GoodTimeWithScar","amount":10},{"name":"ZombieCleo","amount":8},{"name":"Stressmonster101","amount":8},{"name":"iskall85","amount":6},{"name":"Pixlriffs","amount":5},{"name":"VintageBeef","amount":4},{"name":"Etho","amount":4},{"name":"BdoubleO100","amount":3},{"name":"Welsknight","amount":3},{"name":"Smallishbeans","amount":2}]