[{"name":"VintageBeef","amount":6342},{"name":"iJevin","amount":906},{"name":"Etho","amount":297},{"name":"Xisuma","amount":291},{"name":"impulseSV","amount":216},{"name":"GoodTimeWithScar","amount":120},{"name":"PearlescentMoon","amount":105},{"name":"Keralis1","amount":79},{"name":"iskall85","amount":72},{"name":"Zedaph","amount":51},{"name":"MythicalSausage","amount":48},{"name":"cubfan135","amount":36},{"name":"ZombieCleo","amount":30},{"name":"Renthedog","amount":24},{"name":"BdoubleO100","amount":21},{"name":"Docm77","amount":9},{"name":"Tango","amount":6},{"name":"falsesymmetry","amount":3},{"name":"Stressmonster101","amount":3}]