[{"name":"Renthedog","amount":1154},{"name":"Keralis1","amount":326},{"name":"BdoubleO100","amount":281},{"name":"GoodTimeWithScar","amount":251},{"name":"PearlescentMoon","amount":247},{"name":"cubfan135","amount":244},{"name":"Docm77","amount":205},{"name":"impulseSV","amount":169},{"name":"Xisuma","amount":166},{"name":"Tango","amount":98},{"name":"Grian","amount":64},{"name":"Etho","amount":63},{"name":"ZombieCleo","amount":54},{"name":"Mumbo","amount":39},{"name":"joehillssays","amount":35},{"name":"falsesymmetry","amount":23},{"name":"RentheKing","amount":21},{"name":"xBCrafted","amount":12},{"name":"Stressmonster101","amount":12},{"name":"Zedaph","amount":11},{"name":"iJevin","amount":5},{"name":"VintageBeef","amount":2}]