[{"name":"Etho","amount":10268},{"name":"Grian","amount":4093},{"name":"impulseSV","amount":2822},{"name":"Stressmonster101","amount":1923},{"name":"falsesymmetry","amount":1505},{"name":"GoodTimeWithScar","amount":1502},{"name":"Zedaph","amount":1102},{"name":"GeminiTay","amount":584},{"name":"Keralis1","amount":575},{"name":"iJevin","amount":267},{"name":"cubfan135","amount":236},{"name":"xBCrafted","amount":223},{"name":"Tango","amount":213},{"name":"PearlescentMoon","amount":197},{"name":"Xisuma","amount":189},{"name":"Renthedog","amount":170},{"name":"Docm77","amount":106},{"name":"BdoubleO100","amount":99},{"name":"iskall85","amount":54},{"name":"hypnotizd","amount":45},{"name":"ZombieCleo","amount":22},{"name":"MythicalSausage","amount":21},{"name":"VintageBeef","amount":10},{"name":"joehillssays","amount":3}]