[{"name":"falsesymmetry","amount":24235},{"name":"GoodTimeWithScar","amount":6142},{"name":"Renthedog","amount":4380},{"name":"ZombieCleo","amount":2250},{"name":"impulseSV","amount":1872},{"name":"cubfan135","amount":1286},{"name":"GeminiTay","amount":1224},{"name":"Docm77","amount":1158},{"name":"Keralis1","amount":1158},{"name":"Stressmonster101","amount":1096},{"name":"iJevin","amount":954},{"name":"Xisuma","amount":864},{"name":"xBCrafted","amount":792},{"name":"MythicalSausage","amount":754},{"name":"Grian","amount":700},{"name":"RentheKing","amount":576},{"name":"BdoubleO100","amount":564},{"name":"Tango","amount":540},{"name":"joehillssays","amount":462},{"name":"OrionSound","amount":312},{"name":"iskall85","amount":234},{"name":"ShubbleYT","amount":150},{"name":"PearlescentMoon","amount":72},{"name":"Zedaph","amount":66},{"name":"Welsknight","amount":60},{"name":"fWhip","amount":36},{"name":"Pixlriffs","amount":24},{"name":"Smallishbeans","amount":12},{"name":"VintageBeef","amount":6}]