[{"name":"Tango","amount":106421},{"name":"VintageBeef","amount":66540},{"name":"GoodTimeWithScar","amount":61009},{"name":"impulseSV","amount":59674},{"name":"cubfan135","amount":41527},{"name":"iJevin","amount":35596},{"name":"Xisuma","amount":34036},{"name":"Docm77","amount":30705},{"name":"Etho","amount":28031},{"name":"hypnotizd","amount":21322},{"name":"Renthedog","amount":17223},{"name":"Keralis1","amount":16259},{"name":"Grian","amount":13197},{"name":"xBCrafted","amount":12613},{"name":"falsesymmetry","amount":11074},{"name":"PearlescentMoon","amount":11023},{"name":"ZombieCleo","amount":8396},{"name":"BdoubleO100","amount":7314},{"name":"RentheKing","amount":6722},{"name":"joehillssays","amount":6255},{"name":"iskall85","amount":6114},{"name":"Zedaph","amount":5345},{"name":"Mumbo","amount":4351},{"name":"GeminiTay","amount":3578},{"name":"Stressmonster101","amount":3213},{"name":"Pixlriffs","amount":1071},{"name":"MumboJumbo","amount":815},{"name":"MythicalSausage","amount":379},{"name":"Welsknight","amount":304},{"name":"Smallishbeans","amount":84},{"name":"ShubbleYT","amount":80},{"name":"Tinfoilchef","amount":57},{"name":"OrionSound","amount":18},{"name":"SolidarityGaming","amount":12},{"name":"truesymmetry","amount":1}]