[{"name":"Etho","amount":698},{"name":"GoodTimeWithScar","amount":90},{"name":"Grian","amount":46},{"name":"GeminiTay","amount":32},{"name":"Keralis1","amount":16},{"name":"joehillssays","amount":12},{"name":"Xisuma","amount":6},{"name":"Renthedog","amount":6},{"name":"VintageBeef","amount":6},{"name":"Tango","amount":4},{"name":"falsesymmetry","amount":4},{"name":"Zedaph","amount":3},{"name":"iJevin","amount":2},{"name":"PearlescentMoon","amount":2},{"name":"cubfan135","amount":2},{"name":"Docm77","amount":1},{"name":"impulseSV","amount":1}]