[{"name":"cubfan135","amount":3167},{"name":"GoodTimeWithScar","amount":490},{"name":"hypnotizd","amount":271},{"name":"Etho","amount":264},{"name":"impulseSV","amount":232},{"name":"Stressmonster101","amount":134},{"name":"GeminiTay","amount":91},{"name":"Xisuma","amount":75},{"name":"falsesymmetry","amount":72},{"name":"Tango","amount":50},{"name":"Docm77","amount":47},{"name":"Renthedog","amount":42},{"name":"BdoubleO100","amount":39},{"name":"ZombieCleo","amount":19},{"name":"PearlescentMoon","amount":16},{"name":"Keralis1","amount":13},{"name":"iJevin","amount":6},{"name":"xBCrafted","amount":4},{"name":"Welsknight","amount":4},{"name":"Zedaph","amount":4},{"name":"VintageBeef","amount":2},{"name":"Smajor1995","amount":1},{"name":"MythicalSausage","amount":1},{"name":"joehillssays","amount":1},{"name":"iskall85","amount":1}]