[{"name":"Xisuma","amount":137},{"name":"iJevin","amount":74},{"name":"impulseSV","amount":68},{"name":"GeminiTay","amount":66},{"name":"cubfan135","amount":52},{"name":"PearlescentMoon","amount":33},{"name":"Tango","amount":32},{"name":"Keralis1","amount":28},{"name":"Grian","amount":17},{"name":"Zedaph","amount":16},{"name":"BdoubleO100","amount":11},{"name":"falsesymmetry","amount":9},{"name":"Docm77","amount":5},{"name":"ZombieCleo","amount":5},{"name":"Stressmonster101","amount":5},{"name":"joehillssays","amount":4},{"name":"iskall85","amount":3},{"name":"GoodTimeWithScar","amount":3},{"name":"xBCrafted","amount":2},{"name":"Etho","amount":2},{"name":"hypnotizd","amount":2},{"name":"fWhip","amount":2},{"name":"Welsknight","amount":1}]