[{"name":"Tango","amount":204},{"name":"impulseSV","amount":181},{"name":"cubfan135","amount":25},{"name":"PearlescentMoon","amount":13},{"name":"iJevin","amount":5},{"name":"Docm77","amount":3},{"name":"iskall85","amount":3},{"name":"Xisuma","amount":2},{"name":"VintageBeef","amount":2},{"name":"hypnotizd","amount":2},{"name":"Grian","amount":1},{"name":"Pixlriffs","amount":1},{"name":"xBCrafted","amount":1},{"name":"falsesymmetry","amount":1},{"name":"Stressmonster101","amount":1},{"name":"Keralis1","amount":1}]