[{"name":"Xisuma","amount":11251},{"name":"GoodTimeWithScar","amount":10020},{"name":"impulseSV","amount":7983},{"name":"Tango","amount":7291},{"name":"iJevin","amount":6035},{"name":"Docm77","amount":5310},{"name":"hypnotizd","amount":5167},{"name":"Etho","amount":2696},{"name":"Renthedog","amount":2520},{"name":"PearlescentMoon","amount":2480},{"name":"Keralis1","amount":2468},{"name":"cubfan135","amount":2040},{"name":"xBCrafted","amount":1972},{"name":"Grian","amount":1470},{"name":"iskall85","amount":1327},{"name":"falsesymmetry","amount":1249},{"name":"Mumbo","amount":1035},{"name":"joehillssays","amount":885},{"name":"GeminiTay","amount":883},{"name":"ZombieCleo","amount":613},{"name":"VintageBeef","amount":532},{"name":"BdoubleO100","amount":531},{"name":"Stressmonster101","amount":455},{"name":"Zedaph","amount":432},{"name":"RentheKing","amount":226},{"name":"Pixlriffs","amount":87},{"name":"MythicalSausage","amount":76},{"name":"MumboJumbo","amount":75},{"name":"Welsknight","amount":65},{"name":"SolidarityGaming","amount":23},{"name":"Smallishbeans","amount":22},{"name":"Tinfoilchef","amount":10},{"name":"Smajor1995","amount":9},{"name":"ShubbleYT","amount":5},{"name":"OrionSound","amount":4}]