[{"name":"GoodTimeWithScar","amount":3236},{"name":"Tango","amount":2816},{"name":"Grian","amount":2366},{"name":"PearlescentMoon","amount":2192},{"name":"impulseSV","amount":2112},{"name":"VintageBeef","amount":1984},{"name":"Etho","amount":1536},{"name":"Docm77","amount":1408},{"name":"cubfan135","amount":832},{"name":"joehillssays","amount":688},{"name":"xBCrafted","amount":400},{"name":"Xisuma","amount":200},{"name":"Keralis1","amount":148},{"name":"BdoubleO100","amount":144},{"name":"GeminiTay","amount":72},{"name":"Renthedog","amount":8},{"name":"Zedaph","amount":8}]