[{"name":"PearlescentMoon","amount":18136},{"name":"Docm77","amount":8664},{"name":"Renthedog","amount":8544},{"name":"Keralis1","amount":8072},{"name":"iJevin","amount":4027},{"name":"GoodTimeWithScar","amount":3308},{"name":"Xisuma","amount":3152},{"name":"Etho","amount":2400},{"name":"falsesymmetry","amount":1924},{"name":"cubfan135","amount":1724},{"name":"impulseSV","amount":1536},{"name":"Grian","amount":1464},{"name":"BdoubleO100","amount":1048},{"name":"Tango","amount":568},{"name":"GeminiTay","amount":552},{"name":"xBCrafted","amount":392},{"name":"Zedaph","amount":256},{"name":"MythicalSausage","amount":208},{"name":"Stressmonster101","amount":172},{"name":"Smajor1995","amount":128},{"name":"joehillssays","amount":96},{"name":"iskall85","amount":72},{"name":"VintageBeef","amount":60},{"name":"Mumbo","amount":16},{"name":"MumboJumbo","amount":16},{"name":"RentheKing","amount":4}]