[{"name":"iJevin","amount":28},{"name":"Grian","amount":25},{"name":"cubfan135","amount":13},{"name":"Etho","amount":13},{"name":"RentheKing","amount":11},{"name":"GoodTimeWithScar","amount":11},{"name":"Keralis1","amount":10},{"name":"Docm77","amount":8},{"name":"impulseSV","amount":8},{"name":"iskall85","amount":5},{"name":"Zedaph","amount":4},{"name":"joehillssays","amount":3},{"name":"GeminiTay","amount":3},{"name":"xBCrafted","amount":3},{"name":"falsesymmetry","amount":3},{"name":"ZombieCleo","amount":3},{"name":"hypnotizd","amount":3},{"name":"Tango","amount":2},{"name":"Pixlriffs","amount":2},{"name":"Mumbo","amount":2},{"name":"Stressmonster101","amount":2},{"name":"Xisuma","amount":1},{"name":"Renthedog","amount":1},{"name":"BdoubleO100","amount":1},{"name":"PearlescentMoon","amount":1},{"name":"Welsknight","amount":1},{"name":"MumboJumbo","amount":1}]