[{"name":"Tango","amount":927},{"name":"cubfan135","amount":621},{"name":"Docm77","amount":435},{"name":"Keralis1","amount":433},{"name":"Xisuma","amount":411},{"name":"falsesymmetry","amount":362},{"name":"BdoubleO100","amount":320},{"name":"impulseSV","amount":317},{"name":"GoodTimeWithScar","amount":256},{"name":"iskall85","amount":211},{"name":"ZombieCleo","amount":203},{"name":"joehillssays","amount":201},{"name":"iJevin","amount":196},{"name":"PearlescentMoon","amount":144},{"name":"hypnotizd","amount":143},{"name":"Grian","amount":110},{"name":"Zedaph","amount":88},{"name":"Etho","amount":61},{"name":"Renthedog","amount":57},{"name":"Mumbo","amount":42},{"name":"xBCrafted","amount":31},{"name":"MythicalSausage","amount":23},{"name":"Stressmonster101","amount":18},{"name":"VintageBeef","amount":6},{"name":"GeminiTay","amount":6},{"name":"OrionSound","amount":2},{"name":"Pixlriffs","amount":2},{"name":"Welsknight","amount":2}]