[{"name":"falsesymmetry","amount":1125},{"name":"GoodTimeWithScar","amount":341},{"name":"Keralis1","amount":267},{"name":"impulseSV","amount":148},{"name":"Stressmonster101","amount":97},{"name":"Grian","amount":75},{"name":"PearlescentMoon","amount":61},{"name":"Xisuma","amount":60},{"name":"cubfan135","amount":59},{"name":"Docm77","amount":53},{"name":"BdoubleO100","amount":31},{"name":"Tango","amount":19},{"name":"joehillssays","amount":13},{"name":"ZombieCleo","amount":11},{"name":"RentheKing","amount":9},{"name":"MythicalSausage","amount":5},{"name":"GeminiTay","amount":5},{"name":"Renthedog","amount":2},{"name":"Zedaph","amount":1}]