[{"name":"GoodTimeWithScar","amount":22056},{"name":"Docm77","amount":4872},{"name":"falsesymmetry","amount":3184},{"name":"iJevin","amount":2144},{"name":"Grian","amount":1912},{"name":"Etho","amount":1088},{"name":"PearlescentMoon","amount":944},{"name":"Xisuma","amount":824},{"name":"cubfan135","amount":488},{"name":"impulseSV","amount":456},{"name":"xBCrafted","amount":424},{"name":"iskall85","amount":136},{"name":"Keralis1","amount":120},{"name":"VintageBeef","amount":64},{"name":"joehillssays","amount":56},{"name":"Renthedog","amount":48},{"name":"Zedaph","amount":48},{"name":"RentheKing","amount":40},{"name":"MythicalSausage","amount":32},{"name":"BdoubleO100","amount":24}]