[{"name":"Docm77","amount":83976},{"name":"joehillssays","amount":19256},{"name":"Xisuma","amount":14464},{"name":"impulseSV","amount":7968},{"name":"falsesymmetry","amount":5440},{"name":"GoodTimeWithScar","amount":4744},{"name":"Keralis1","amount":4008},{"name":"Grian","amount":1968},{"name":"Renthedog","amount":1944},{"name":"xBCrafted","amount":1096},{"name":"VintageBeef","amount":816},{"name":"hypnotizd","amount":784},{"name":"Etho","amount":768},{"name":"iJevin","amount":360},{"name":"cubfan135","amount":328},{"name":"Pixlriffs","amount":304},{"name":"Zedaph","amount":232},{"name":"PearlescentMoon","amount":104},{"name":"BdoubleO100","amount":80},{"name":"Tango","amount":40}]