[{"name":"impulseSV","amount":8733},{"name":"Xisuma","amount":3157},{"name":"Docm77","amount":1491},{"name":"iJevin","amount":665},{"name":"hypnotizd","amount":640},{"name":"Etho","amount":448},{"name":"Renthedog","amount":377},{"name":"falsesymmetry","amount":348},{"name":"GoodTimeWithScar","amount":302},{"name":"Tango","amount":256},{"name":"Keralis1","amount":233},{"name":"GeminiTay","amount":64},{"name":"MythicalSausage","amount":32},{"name":"Zedaph","amount":15},{"name":"joehillssays","amount":11},{"name":"RentheKing","amount":7},{"name":"ZombieCleo","amount":2}]