[{"name":"Grian","amount":795},{"name":"cubfan135","amount":744},{"name":"Xisuma","amount":405},{"name":"Tango","amount":369},{"name":"GoodTimeWithScar","amount":207},{"name":"PearlescentMoon","amount":156},{"name":"Renthedog","amount":126},{"name":"Etho","amount":84},{"name":"joehillssays","amount":15},{"name":"falsesymmetry","amount":12},{"name":"Stressmonster101","amount":12},{"name":"Docm77","amount":9},{"name":"ZombieCleo","amount":3},{"name":"Keralis1","amount":3},{"name":"impulseSV","amount":3},{"name":"Zedaph","amount":3}]