[{"name":"iJevin","amount":1100},{"name":"Renthedog","amount":154},{"name":"joehillssays","amount":64},{"name":"RentheKing","amount":26},{"name":"impulseSV","amount":20},{"name":"falsesymmetry","amount":6},{"name":"Xisuma","amount":5},{"name":"PearlescentMoon","amount":5},{"name":"Grian","amount":4},{"name":"iskall85","amount":4},{"name":"Zedaph","amount":4},{"name":"cubfan135","amount":3},{"name":"Etho","amount":3},{"name":"Docm77","amount":2},{"name":"VintageBeef","amount":2},{"name":"Tango","amount":2},{"name":"Pixlriffs","amount":2},{"name":"xBCrafted","amount":2},{"name":"Mumbo","amount":2},{"name":"Keralis1","amount":2},{"name":"GeminiTay","amount":1},{"name":"BdoubleO100","amount":1},{"name":"ZombieCleo","amount":1}]