[{"name":"Grian","amount":11385},{"name":"Keralis1","amount":9957},{"name":"impulseSV","amount":8728},{"name":"PearlescentMoon","amount":7024},{"name":"Tango","amount":4732},{"name":"GoodTimeWithScar","amount":4672},{"name":"Pixlriffs","amount":3584},{"name":"Renthedog","amount":2912},{"name":"cubfan135","amount":2600},{"name":"VintageBeef","amount":2288},{"name":"Etho","amount":1656},{"name":"BdoubleO100","amount":880},{"name":"Xisuma","amount":648},{"name":"Docm77","amount":632},{"name":"iskall85","amount":528},{"name":"iJevin","amount":520},{"name":"joehillssays","amount":472},{"name":"GeminiTay","amount":396},{"name":"Stressmonster101","amount":256},{"name":"ZombieCleo","amount":192},{"name":"xBCrafted","amount":112},{"name":"falsesymmetry","amount":32},{"name":"MythicalSausage","amount":24},{"name":"Smallishbeans","amount":16},{"name":"Zedaph","amount":8}]