[{"name":"Grian","amount":18},{"name":"Keralis1","amount":14},{"name":"cubfan135","amount":12},{"name":"GoodTimeWithScar","amount":11},{"name":"iJevin","amount":10},{"name":"Etho","amount":8},{"name":"RentheKing","amount":5},{"name":"Zedaph","amount":5},{"name":"impulseSV","amount":4},{"name":"Docm77","amount":3},{"name":"joehillssays","amount":3},{"name":"iskall85","amount":3},{"name":"xBCrafted","amount":3},{"name":"falsesymmetry","amount":3},{"name":"hypnotizd","amount":3},{"name":"Renthedog","amount":2},{"name":"GeminiTay","amount":2},{"name":"Pixlriffs","amount":2},{"name":"Mumbo","amount":2},{"name":"Stressmonster101","amount":2},{"name":"Xisuma","amount":1},{"name":"Tango","amount":1},{"name":"PearlescentMoon","amount":1},{"name":"Welsknight","amount":1},{"name":"ZombieCleo","amount":1},{"name":"MumboJumbo","amount":1}]