[{"name":"falsesymmetry","amount":3537},{"name":"joehillssays","amount":2244},{"name":"Keralis1","amount":1318},{"name":"GoodTimeWithScar","amount":1230},{"name":"Renthedog","amount":1098},{"name":"cubfan135","amount":645},{"name":"GeminiTay","amount":567},{"name":"RentheKing","amount":543},{"name":"Docm77","amount":423},{"name":"BdoubleO100","amount":405},{"name":"Grian","amount":387},{"name":"Tango","amount":339},{"name":"Pixlriffs","amount":306},{"name":"xBCrafted","amount":240},{"name":"impulseSV","amount":201},{"name":"Stressmonster101","amount":144},{"name":"ZombieCleo","amount":126},{"name":"OrionSound","amount":117},{"name":"Smallishbeans","amount":117},{"name":"PearlescentMoon","amount":111},{"name":"Xisuma","amount":36},{"name":"Zedaph","amount":27},{"name":"VintageBeef","amount":6},{"name":"Welsknight","amount":6},{"name":"Mumbo","amount":3},{"name":"MumboJumbo","amount":3}]