[{"name":"impulseSV","amount":6243},{"name":"Keralis1","amount":5794},{"name":"Grian","amount":4757},{"name":"Xisuma","amount":2643},{"name":"Docm77","amount":1820},{"name":"GoodTimeWithScar","amount":1330},{"name":"Etho","amount":1270},{"name":"Zedaph","amount":1035},{"name":"Tango","amount":953},{"name":"iJevin","amount":228},{"name":"joehillssays","amount":183},{"name":"Renthedog","amount":108},{"name":"Mumbo","amount":64},{"name":"falsesymmetry","amount":53},{"name":"VintageBeef","amount":47},{"name":"Stressmonster101","amount":44},{"name":"PearlescentMoon","amount":28},{"name":"xBCrafted","amount":17},{"name":"iskall85","amount":12},{"name":"cubfan135","amount":11},{"name":"GeminiTay","amount":10},{"name":"Welsknight","amount":5},{"name":"RentheKing","amount":1},{"name":"hypnotizd","amount":1}]