[{"name":"ZombieCleo","amount":1339},{"name":"iJevin","amount":389},{"name":"Zedaph","amount":318},{"name":"Keralis1","amount":135},{"name":"Tango","amount":64},{"name":"Etho","amount":48},{"name":"Grian","amount":36},{"name":"VintageBeef","amount":33},{"name":"Renthedog","amount":27},{"name":"GeminiTay","amount":21},{"name":"joehillssays","amount":12},{"name":"iskall85","amount":6},{"name":"Pixlriffs","amount":5},{"name":"impulseSV","amount":4},{"name":"Docm77","amount":2},{"name":"Xisuma","amount":1}]