[{"name":"falsesymmetry","amount":31032},{"name":"Etho","amount":20092},{"name":"Renthedog","amount":19121},{"name":"Grian","amount":17992},{"name":"GoodTimeWithScar","amount":15273},{"name":"impulseSV","amount":7072},{"name":"cubfan135","amount":5849},{"name":"joehillssays","amount":2599},{"name":"Stressmonster101","amount":2114},{"name":"Keralis1","amount":1850},{"name":"GeminiTay","amount":1570},{"name":"iskall85","amount":1103},{"name":"MythicalSausage","amount":896},{"name":"iJevin","amount":845},{"name":"PearlescentMoon","amount":792},{"name":"Tango","amount":760},{"name":"ZombieCleo","amount":648},{"name":"Xisuma","amount":457},{"name":"RentheKing","amount":193},{"name":"BdoubleO100","amount":171},{"name":"Zedaph","amount":169},{"name":"Pixlriffs","amount":150},{"name":"Docm77","amount":100},{"name":"hypnotizd","amount":67},{"name":"VintageBeef","amount":60},{"name":"Welsknight","amount":40}]