[{"name":"GoodTimeWithScar","amount":5090},{"name":"ZombieCleo","amount":4266},{"name":"Grian","amount":4176},{"name":"Xisuma","amount":3198},{"name":"impulseSV","amount":2550},{"name":"Docm77","amount":1996},{"name":"hypnotizd","amount":1862},{"name":"Tango","amount":1802},{"name":"PearlescentMoon","amount":1650},{"name":"Etho","amount":1094},{"name":"Renthedog","amount":1030},{"name":"Keralis1","amount":970},{"name":"iJevin","amount":800},{"name":"cubfan135","amount":512},{"name":"VintageBeef","amount":442},{"name":"joehillssays","amount":400},{"name":"falsesymmetry","amount":306},{"name":"xBCrafted","amount":280},{"name":"BdoubleO100","amount":182},{"name":"iskall85","amount":84},{"name":"MythicalSausage","amount":80},{"name":"RentheKing","amount":66},{"name":"Zedaph","amount":66},{"name":"GeminiTay","amount":32},{"name":"Stressmonster101","amount":16},{"name":"Mumbo","amount":2}]