[{"name":"VintageBeef","amount":21275},{"name":"Grian","amount":1448},{"name":"xBCrafted","amount":664},{"name":"cubfan135","amount":631},{"name":"joehillssays","amount":139},{"name":"ZombieCleo","amount":82},{"name":"Keralis1","amount":62},{"name":"impulseSV","amount":58},{"name":"falsesymmetry","amount":48},{"name":"Xisuma","amount":34},{"name":"Tango","amount":28},{"name":"RentheKing","amount":23},{"name":"GeminiTay","amount":14},{"name":"Renthedog","amount":4},{"name":"iJevin","amount":4},{"name":"Zedaph","amount":3},{"name":"PearlescentMoon","amount":2}]