[{"name":"GoodTimeWithScar","amount":87},{"name":"Docm77","amount":12},{"name":"Xisuma","amount":12},{"name":"Renthedog","amount":9},{"name":"VintageBeef","amount":6},{"name":"falsesymmetry","amount":6},{"name":"ZombieCleo","amount":6},{"name":"Smajor1995","amount":3},{"name":"Grian","amount":3},{"name":"PearlescentMoon","amount":3},{"name":"xBCrafted","amount":3},{"name":"Tinfoilchef","amount":3},{"name":"Stressmonster101","amount":3},{"name":"impulseSV","amount":3},{"name":"Zedaph","amount":3}]