[{"name":"joehillssays","amount":51},{"name":"RentheKing","amount":46},{"name":"falsesymmetry","amount":44},{"name":"Xisuma","amount":33},{"name":"BdoubleO100","amount":30},{"name":"Etho","amount":29},{"name":"ZombieCleo","amount":27},{"name":"VintageBeef","amount":26},{"name":"iJevin","amount":21},{"name":"Grian","amount":20},{"name":"cubfan135","amount":17},{"name":"GoodTimeWithScar","amount":16},{"name":"Stressmonster101","amount":10},{"name":"GeminiTay","amount":9},{"name":"Docm77","amount":6},{"name":"Tango","amount":5},{"name":"iskall85","amount":5},{"name":"Renthedog","amount":4},{"name":"xBCrafted","amount":4},{"name":"Keralis1","amount":4},{"name":"Zedaph","amount":4},{"name":"MythicalSausage","amount":3},{"name":"hypnotizd","amount":3},{"name":"PearlescentMoon","amount":2},{"name":"Mumbo","amount":2},{"name":"impulseSV","amount":2}]