[{"name":"GoodTimeWithScar","amount":1110},{"name":"falsesymmetry","amount":774},{"name":"cubfan135","amount":216},{"name":"Tango","amount":114},{"name":"ZombieCleo","amount":90},{"name":"Keralis1","amount":72},{"name":"Renthedog","amount":60},{"name":"iJevin","amount":60},{"name":"Pixlriffs","amount":48},{"name":"MythicalSausage","amount":30},{"name":"Grian","amount":30},{"name":"PearlescentMoon","amount":30},{"name":"Xisuma","amount":24},{"name":"Docm77","amount":12},{"name":"BdoubleO100","amount":8},{"name":"VintageBeef","amount":6},{"name":"joehillssays","amount":6},{"name":"Zedaph","amount":2}]