[{"name":"cubfan135","amount":270},{"name":"Renthedog","amount":108},{"name":"Stressmonster101","amount":80},{"name":"Tango","amount":64},{"name":"MythicalSausage","amount":52},{"name":"Xisuma","amount":44},{"name":"BdoubleO100","amount":40},{"name":"PearlescentMoon","amount":32},{"name":"hypnotizd","amount":32},{"name":"GoodTimeWithScar","amount":26},{"name":"ZombieCleo","amount":20},{"name":"falsesymmetry","amount":16},{"name":"iskall85","amount":12},{"name":"Docm77","amount":4},{"name":"Zedaph","amount":2}]