[{"name":"cubfan135","amount":25566},{"name":"ZombieCleo","amount":9365},{"name":"Grian","amount":7205},{"name":"Etho","amount":4752},{"name":"hypnotizd","amount":4581},{"name":"Xisuma","amount":4390},{"name":"PearlescentMoon","amount":3277},{"name":"iJevin","amount":2913},{"name":"GoodTimeWithScar","amount":2075},{"name":"Renthedog","amount":2001},{"name":"Tango","amount":1615},{"name":"impulseSV","amount":1175},{"name":"Zedaph","amount":1046},{"name":"falsesymmetry","amount":845},{"name":"Keralis1","amount":715},{"name":"joehillssays","amount":569},{"name":"VintageBeef","amount":507},{"name":"xBCrafted","amount":368},{"name":"Docm77","amount":361},{"name":"Stressmonster101","amount":213},{"name":"BdoubleO100","amount":132},{"name":"RentheKing","amount":106},{"name":"GeminiTay","amount":82},{"name":"iskall85","amount":34},{"name":"MythicalSausage","amount":32},{"name":"Welsknight","amount":11},{"name":"Mumbo","amount":4},{"name":"Smallishbeans","amount":3},{"name":"Pixlriffs","amount":2}]