[{"name":"Grian","amount":3680},{"name":"Etho","amount":1408},{"name":"falsesymmetry","amount":752},{"name":"PearlescentMoon","amount":456},{"name":"Renthedog","amount":448},{"name":"VintageBeef","amount":264},{"name":"xBCrafted","amount":192},{"name":"iskall85","amount":136},{"name":"RentheKing","amount":96},{"name":"Stressmonster101","amount":96},{"name":"impulseSV","amount":96},{"name":"Docm77","amount":40},{"name":"Keralis1","amount":16},{"name":"Xisuma","amount":8},{"name":"iJevin","amount":8},{"name":"joehillssays","amount":8},{"name":"hypnotizd","amount":8},{"name":"GoodTimeWithScar","amount":8},{"name":"Zedaph","amount":8}]