[{"name":"falsesymmetry","amount":285},{"name":"ZombieCleo","amount":241},{"name":"Renthedog","amount":240},{"name":"GoodTimeWithScar","amount":216},{"name":"Tango","amount":165},{"name":"RentheKing","amount":153},{"name":"iJevin","amount":135},{"name":"impulseSV","amount":69},{"name":"Keralis1","amount":63},{"name":"Docm77","amount":57},{"name":"Xisuma","amount":54},{"name":"cubfan135","amount":54},{"name":"BdoubleO100","amount":48},{"name":"Grian","amount":24},{"name":"joehillssays","amount":21},{"name":"iskall85","amount":21},{"name":"Stressmonster101","amount":12},{"name":"OrionSound","amount":9},{"name":"GeminiTay","amount":6},{"name":"Zedaph","amount":6},{"name":"Smallishbeans","amount":3},{"name":"PearlescentMoon","amount":3},{"name":"ShubbleYT","amount":3}]