[{"name":"Grian","amount":3143},{"name":"GoodTimeWithScar","amount":1456},{"name":"Renthedog","amount":1304},{"name":"falsesymmetry","amount":1034},{"name":"Etho","amount":804},{"name":"cubfan135","amount":766},{"name":"RentheKing","amount":722},{"name":"ZombieCleo","amount":604},{"name":"Stressmonster101","amount":551},{"name":"xBCrafted","amount":535},{"name":"impulseSV","amount":489},{"name":"iJevin","amount":449},{"name":"Docm77","amount":196},{"name":"iskall85","amount":185},{"name":"Keralis1","amount":184},{"name":"GeminiTay","amount":145},{"name":"Zedaph","amount":101},{"name":"Xisuma","amount":71},{"name":"VintageBeef","amount":52},{"name":"hypnotizd","amount":35},{"name":"PearlescentMoon","amount":34},{"name":"Pixlriffs","amount":34},{"name":"Smallishbeans","amount":32},{"name":"BdoubleO100","amount":32},{"name":"Tango","amount":31},{"name":"MythicalSausage","amount":24},{"name":"Mumbo","amount":9},{"name":"MumboJumbo","amount":9},{"name":"joehillssays","amount":3},{"name":"ShubbleYT","amount":3}]