[{"name":"iJevin","amount":79},{"name":"Tango","amount":54},{"name":"Grian","amount":38},{"name":"joehillssays","amount":13},{"name":"Keralis1","amount":12},{"name":"Docm77","amount":11},{"name":"Mumbo","amount":10},{"name":"Stressmonster101","amount":10},{"name":"Xisuma","amount":8},{"name":"Renthedog","amount":8},{"name":"xBCrafted","amount":6},{"name":"falsesymmetry","amount":6},{"name":"GoodTimeWithScar","amount":6},{"name":"Zedaph","amount":6},{"name":"ZombieCleo","amount":5},{"name":"VintageBeef","amount":4},{"name":"PearlescentMoon","amount":4},{"name":"iskall85","amount":4},{"name":"Etho","amount":4},{"name":"impulseSV","amount":4},{"name":"BdoubleO100","amount":3},{"name":"OrionSound","amount":2},{"name":"GeminiTay","amount":2},{"name":"Pixlriffs","amount":2},{"name":"cubfan135","amount":2},{"name":"Welsknight","amount":2},{"name":"MythicalSausage","amount":1},{"name":"Smallishbeans","amount":1},{"name":"hypnotizd","amount":1},{"name":"MumboJumbo","amount":1}]