[{"name":"RentheKing","amount":7407},{"name":"iJevin","amount":5481},{"name":"impulseSV","amount":4581},{"name":"cubfan135","amount":3537},{"name":"Xisuma","amount":1989},{"name":"xBCrafted","amount":1890},{"name":"PearlescentMoon","amount":1836},{"name":"GoodTimeWithScar","amount":1557},{"name":"joehillssays","amount":1458},{"name":"Grian","amount":1248},{"name":"falsesymmetry","amount":1224},{"name":"Renthedog","amount":886},{"name":"hypnotizd","amount":504},{"name":"Keralis1","amount":495},{"name":"BdoubleO100","amount":477},{"name":"Zedaph","amount":450},{"name":"Mumbo","amount":288},{"name":"GeminiTay","amount":270},{"name":"ZombieCleo","amount":270},{"name":"Tango","amount":144},{"name":"iskall85","amount":126},{"name":"VintageBeef","amount":117},{"name":"SolidarityGaming","amount":99},{"name":"Etho","amount":63},{"name":"Docm77","amount":18},{"name":"OrionSound","amount":18},{"name":"Smallishbeans","amount":18},{"name":"Welsknight","amount":18},{"name":"fWhip","amount":18},{"name":"MythicalSausage","amount":9}]