[{"name":"Renthedog","amount":2440},{"name":"Grian","amount":1840},{"name":"falsesymmetry","amount":1696},{"name":"Etho","amount":1408},{"name":"Xisuma","amount":784},{"name":"Tango","amount":312},{"name":"GoodTimeWithScar","amount":256},{"name":"cubfan135","amount":200},{"name":"impulseSV","amount":128},{"name":"PearlescentMoon","amount":104},{"name":"joehillssays","amount":48},{"name":"RentheKing","amount":40},{"name":"BdoubleO100","amount":24},{"name":"GeminiTay","amount":16},{"name":"VintageBeef","amount":8},{"name":"Smallishbeans","amount":8},{"name":"Zedaph","amount":8}]