[{"name":"Grian","amount":11632},{"name":"Renthedog","amount":10752},{"name":"GoodTimeWithScar","amount":10576},{"name":"falsesymmetry","amount":7752},{"name":"PearlescentMoon","amount":4336},{"name":"impulseSV","amount":2184},{"name":"ZombieCleo","amount":1936},{"name":"Keralis1","amount":1568},{"name":"Etho","amount":1408},{"name":"BdoubleO100","amount":1064},{"name":"Xisuma","amount":648},{"name":"Docm77","amount":400},{"name":"cubfan135","amount":328},{"name":"VintageBeef","amount":296},{"name":"joehillssays","amount":64},{"name":"iskall85","amount":64},{"name":"iJevin","amount":8},{"name":"xBCrafted","amount":8},{"name":"Zedaph","amount":8}]