[{"name":"cubfan135","amount":361},{"name":"GoodTimeWithScar","amount":299},{"name":"Tango","amount":290},{"name":"falsesymmetry","amount":101},{"name":"PearlescentMoon","amount":78},{"name":"VintageBeef","amount":76},{"name":"Xisuma","amount":64},{"name":"Docm77","amount":63},{"name":"BdoubleO100","amount":44},{"name":"GeminiTay","amount":38},{"name":"xBCrafted","amount":28},{"name":"ZombieCleo","amount":28},{"name":"Keralis1","amount":23},{"name":"impulseSV","amount":16},{"name":"iJevin","amount":12},{"name":"RentheKing","amount":12},{"name":"hypnotizd","amount":12},{"name":"Renthedog","amount":9},{"name":"joehillssays","amount":9},{"name":"iskall85","amount":4},{"name":"Zedaph","amount":1}]