[{"name":"impulseSV","amount":7103},{"name":"Etho","amount":2294},{"name":"Keralis1","amount":1554},{"name":"iJevin","amount":1530},{"name":"Grian","amount":438},{"name":"Tango","amount":394},{"name":"GoodTimeWithScar","amount":300},{"name":"Zedaph","amount":288},{"name":"Docm77","amount":193},{"name":"PearlescentMoon","amount":174},{"name":"falsesymmetry","amount":135},{"name":"Stressmonster101","amount":106},{"name":"iskall85","amount":62},{"name":"cubfan135","amount":29},{"name":"Renthedog","amount":16},{"name":"Xisuma","amount":14},{"name":"GeminiTay","amount":8}]