[{"name":"cubfan135","amount":213},{"name":"iJevin","amount":60},{"name":"Tango","amount":55},{"name":"Renthedog","amount":29},{"name":"Xisuma","amount":25},{"name":"Etho","amount":17},{"name":"Docm77","amount":16},{"name":"joehillssays","amount":14},{"name":"Grian","amount":13},{"name":"impulseSV","amount":11},{"name":"ZombieCleo","amount":10},{"name":"falsesymmetry","amount":9},{"name":"iskall85","amount":8},{"name":"BdoubleO100","amount":7},{"name":"PearlescentMoon","amount":6},{"name":"Keralis1","amount":6},{"name":"GeminiTay","amount":5},{"name":"VintageBeef","amount":4},{"name":"xBCrafted","amount":4},{"name":"GoodTimeWithScar","amount":4},{"name":"Stressmonster101","amount":3},{"name":"MythicalSausage","amount":2},{"name":"Mumbo","amount":2},{"name":"hypnotizd","amount":2},{"name":"Zedaph","amount":2},{"name":"Welsknight","amount":1},{"name":"fWhip","amount":1}]