[{"name":"joehillssays","amount":166043},{"name":"impulseSV","amount":28584},{"name":"Docm77","amount":17805},{"name":"Grian","amount":14359},{"name":"GoodTimeWithScar","amount":11500},{"name":"GeminiTay","amount":8368},{"name":"cubfan135","amount":7269},{"name":"Keralis1","amount":6687},{"name":"iJevin","amount":6392},{"name":"VintageBeef","amount":6160},{"name":"hypnotizd","amount":5852},{"name":"Xisuma","amount":4780},{"name":"Stressmonster101","amount":4332},{"name":"Etho","amount":3792},{"name":"Mumbo","amount":3624},{"name":"BdoubleO100","amount":3176},{"name":"Renthedog","amount":2904},{"name":"Tango","amount":2888},{"name":"falsesymmetry","amount":2596},{"name":"ZombieCleo","amount":2496},{"name":"PearlescentMoon","amount":2316},{"name":"iskall85","amount":1968},{"name":"xBCrafted","amount":1304},{"name":"Zedaph","amount":916},{"name":"Welsknight","amount":416},{"name":"Tinfoilchef","amount":368},{"name":"MumboJumbo","amount":260},{"name":"MythicalSausage","amount":240},{"name":"RentheKing","amount":232},{"name":"Smallishbeans","amount":196},{"name":"ShubbleYT","amount":152},{"name":"Smajor1995","amount":148},{"name":"fWhip","amount":28},{"name":"SolidarityGaming","amount":24}]