[{"name":"Tango","amount":1173},{"name":"Stressmonster101","amount":544},{"name":"Xisuma","amount":436},{"name":"GoodTimeWithScar","amount":280},{"name":"Grian","amount":244},{"name":"ZombieCleo","amount":100},{"name":"Renthedog","amount":80},{"name":"impulseSV","amount":76},{"name":"PearlescentMoon","amount":60},{"name":"GeminiTay","amount":48},{"name":"joehillssays","amount":32},{"name":"xBCrafted","amount":32},{"name":"Etho","amount":24},{"name":"cubfan135","amount":16},{"name":"iJevin","amount":12},{"name":"Docm77","amount":8},{"name":"Smajor1995","amount":8},{"name":"Keralis1","amount":4},{"name":"Zedaph","amount":4}]