[{"name":"Zedaph","amount":7357},{"name":"Tango","amount":4648},{"name":"joehillssays","amount":2690},{"name":"impulseSV","amount":1566},{"name":"falsesymmetry","amount":375},{"name":"xBCrafted","amount":226},{"name":"BdoubleO100","amount":214},{"name":"iJevin","amount":129},{"name":"Keralis1","amount":129},{"name":"Stressmonster101","amount":107},{"name":"cubfan135","amount":51},{"name":"Docm77","amount":32},{"name":"hypnotizd","amount":21},{"name":"Grian","amount":11},{"name":"iskall85","amount":7},{"name":"PearlescentMoon","amount":2}]