[{"name":"Docm77","amount":201},{"name":"PearlescentMoon","amount":99},{"name":"impulseSV","amount":84},{"name":"Tango","amount":30},{"name":"Renthedog","amount":27},{"name":"cubfan135","amount":27},{"name":"RentheKing","amount":27},{"name":"xBCrafted","amount":24},{"name":"ZombieCleo","amount":18},{"name":"falsesymmetry","amount":15},{"name":"GoodTimeWithScar","amount":15},{"name":"iskall85","amount":9},{"name":"Xisuma","amount":6},{"name":"VintageBeef","amount":6},{"name":"Grian","amount":6},{"name":"BdoubleO100","amount":6},{"name":"Keralis1","amount":6},{"name":"Smajor1995","amount":3},{"name":"Etho","amount":3},{"name":"Mumbo","amount":3},{"name":"hypnotizd","amount":3},{"name":"MumboJumbo","amount":3},{"name":"fWhip","amount":3},{"name":"Zedaph","amount":3}]