[{"name":"impulseSV","amount":815},{"name":"Etho","amount":720},{"name":"GoodTimeWithScar","amount":616},{"name":"Tango","amount":610},{"name":"Keralis1","amount":532},{"name":"Xisuma","amount":501},{"name":"PearlescentMoon","amount":455},{"name":"cubfan135","amount":364},{"name":"iJevin","amount":340},{"name":"falsesymmetry","amount":325},{"name":"BdoubleO100","amount":285},{"name":"Docm77","amount":248},{"name":"Renthedog","amount":232},{"name":"VintageBeef","amount":209},{"name":"RentheKing","amount":206},{"name":"ZombieCleo","amount":153},{"name":"hypnotizd","amount":133},{"name":"joehillssays","amount":122},{"name":"MythicalSausage","amount":108},{"name":"GeminiTay","amount":92},{"name":"Zedaph","amount":60},{"name":"xBCrafted","amount":49},{"name":"Grian","amount":37},{"name":"iskall85","amount":21},{"name":"Stressmonster101","amount":13},{"name":"ShubbleYT","amount":7},{"name":"Pixlriffs","amount":2}]