[{"name":"impulseSV","amount":109},{"name":"Tango","amount":53},{"name":"Keralis1","amount":41},{"name":"Xisuma","amount":38},{"name":"falsesymmetry","amount":32},{"name":"joehillssays","amount":28},{"name":"iJevin","amount":25},{"name":"BdoubleO100","amount":19},{"name":"iskall85","amount":18},{"name":"Zedaph","amount":12},{"name":"ZombieCleo","amount":11},{"name":"PearlescentMoon","amount":10},{"name":"Stressmonster101","amount":8},{"name":"Renthedog","amount":7},{"name":"Etho","amount":5},{"name":"ShubbleYT","amount":5},{"name":"Docm77","amount":4},{"name":"MythicalSausage","amount":4},{"name":"Welsknight","amount":4},{"name":"hypnotizd","amount":4},{"name":"VintageBeef","amount":3},{"name":"GeminiTay","amount":3},{"name":"Grian","amount":3},{"name":"cubfan135","amount":3},{"name":"Mumbo","amount":3},{"name":"MumboJumbo","amount":3},{"name":"SolidarityGaming","amount":2},{"name":"Smajor1995","amount":1},{"name":"Pixlriffs","amount":1},{"name":"xBCrafted","amount":1},{"name":"GoodTimeWithScar","amount":1}]