[{"name":"falsesymmetry","amount":14},{"name":"impulseSV","amount":13},{"name":"Stressmonster101","amount":10},{"name":"BdoubleO100","amount":9},{"name":"iskall85","amount":9},{"name":"VintageBeef","amount":5},{"name":"hypnotizd","amount":5},{"name":"iJevin","amount":4},{"name":"PearlescentMoon","amount":4},{"name":"Xisuma","amount":3},{"name":"GeminiTay","amount":3},{"name":"Grian","amount":3},{"name":"Tango","amount":3},{"name":"Zedaph","amount":3},{"name":"Smajor1995","amount":2},{"name":"ShubbleYT","amount":2},{"name":"Renthedog","amount":1},{"name":"cubfan135","amount":1},{"name":"Welsknight","amount":1},{"name":"Etho","amount":1}]