[{"name":"Keralis1","amount":13224},{"name":"PearlescentMoon","amount":7756},{"name":"Docm77","amount":6600},{"name":"GoodTimeWithScar","amount":3560},{"name":"iskall85","amount":1840},{"name":"BdoubleO100","amount":1780},{"name":"Xisuma","amount":1452},{"name":"Etho","amount":1256},{"name":"GeminiTay","amount":1120},{"name":"MythicalSausage","amount":1068},{"name":"Renthedog","amount":892},{"name":"hypnotizd","amount":744},{"name":"Tango","amount":704},{"name":"Grian","amount":676},{"name":"ZombieCleo","amount":556},{"name":"xBCrafted","amount":512},{"name":"Stressmonster101","amount":432},{"name":"falsesymmetry","amount":420},{"name":"cubfan135","amount":300},{"name":"VintageBeef","amount":288},{"name":"Welsknight","amount":280},{"name":"impulseSV","amount":264},{"name":"joehillssays","amount":216},{"name":"Smallishbeans","amount":128},{"name":"iJevin","amount":32},{"name":"Mumbo","amount":16},{"name":"RentheKing","amount":4},{"name":"Zedaph","amount":4}]