[{"name":"VintageBeef","amount":3195},{"name":"falsesymmetry","amount":1793},{"name":"impulseSV","amount":1401},{"name":"iJevin","amount":921},{"name":"GoodTimeWithScar","amount":687},{"name":"Keralis1","amount":419},{"name":"PearlescentMoon","amount":387},{"name":"Etho","amount":174},{"name":"Grian","amount":108},{"name":"Tango","amount":99},{"name":"Docm77","amount":96},{"name":"BdoubleO100","amount":84},{"name":"Stressmonster101","amount":78},{"name":"hypnotizd","amount":60},{"name":"Renthedog","amount":36},{"name":"ZombieCleo","amount":21},{"name":"Xisuma","amount":6},{"name":"cubfan135","amount":6},{"name":"xBCrafted","amount":3},{"name":"RentheKing","amount":3},{"name":"Zedaph","amount":3}]