[{"name":"Docm77","amount":4680},{"name":"falsesymmetry","amount":2472},{"name":"Grian","amount":2056},{"name":"PearlescentMoon","amount":1128},{"name":"Etho","amount":1040},{"name":"Xisuma","amount":1024},{"name":"cubfan135","amount":200},{"name":"Keralis1","amount":192},{"name":"impulseSV","amount":184},{"name":"Tango","amount":160},{"name":"GoodTimeWithScar","amount":64},{"name":"joehillssays","amount":56},{"name":"BdoubleO100","amount":8},{"name":"iskall85","amount":8},{"name":"Zedaph","amount":8}]