[{"name":"cubfan135","amount":2120},{"name":"GoodTimeWithScar","amount":946},{"name":"Etho","amount":629},{"name":"Xisuma","amount":559},{"name":"Tango","amount":526},{"name":"impulseSV","amount":341},{"name":"Docm77","amount":276},{"name":"Zedaph","amount":223},{"name":"hypnotizd","amount":177},{"name":"Renthedog","amount":171},{"name":"Grian","amount":151},{"name":"iskall85","amount":70},{"name":"ZombieCleo","amount":63},{"name":"PearlescentMoon","amount":54},{"name":"xBCrafted","amount":53},{"name":"iJevin","amount":40},{"name":"Keralis1","amount":33},{"name":"VintageBeef","amount":26},{"name":"falsesymmetry","amount":26},{"name":"BdoubleO100","amount":24},{"name":"GeminiTay","amount":15},{"name":"joehillssays","amount":7},{"name":"OrionSound","amount":1}]