[{"name":"Zedaph","amount":68},{"name":"Etho","amount":30},{"name":"BdoubleO100","amount":19},{"name":"cubfan135","amount":17},{"name":"GoodTimeWithScar","amount":3},{"name":"PearlescentMoon","amount":2},{"name":"impulseSV","amount":2},{"name":"Xisuma","amount":1},{"name":"Renthedog","amount":1},{"name":"iJevin","amount":1},{"name":"Tango","amount":1},{"name":"iskall85","amount":1},{"name":"falsesymmetry","amount":1},{"name":"ZombieCleo","amount":1},{"name":"HBomb94","amount":1},{"name":"Keralis1","amount":1}]