[{"name":"impulseSV","amount":83},{"name":"Xisuma","amount":36},{"name":"Keralis1","amount":28},{"name":"BdoubleO100","amount":18},{"name":"Tango","amount":17},{"name":"iskall85","amount":15},{"name":"joehillssays","amount":12},{"name":"ZombieCleo","amount":12},{"name":"falsesymmetry","amount":11},{"name":"PearlescentMoon","amount":8},{"name":"Stressmonster101","amount":6},{"name":"Zedaph","amount":5},{"name":"Docm77","amount":4},{"name":"iJevin","amount":4},{"name":"MythicalSausage","amount":4},{"name":"Etho","amount":3},{"name":"Renthedog","amount":2},{"name":"VintageBeef","amount":2},{"name":"hypnotizd","amount":2},{"name":"OrionSound","amount":1},{"name":"GeminiTay","amount":1},{"name":"Mumbo","amount":1},{"name":"MumboJumbo","amount":1},{"name":"ShubbleYT","amount":1}]