[{"name":"GoodTimeWithScar","amount":400},{"name":"Grian","amount":325},{"name":"Docm77","amount":219},{"name":"impulseSV","amount":26},{"name":"BdoubleO100","amount":21},{"name":"Xisuma","amount":20},{"name":"GeminiTay","amount":20},{"name":"Keralis1","amount":19},{"name":"iJevin","amount":18},{"name":"joehillssays","amount":17},{"name":"VintageBeef","amount":13},{"name":"cubfan135","amount":7},{"name":"Tango","amount":1},{"name":"falsesymmetry","amount":1},{"name":"Stressmonster101","amount":1},{"name":"Zedaph","amount":1}]