[{"name":"impulseSV","amount":64159},{"name":"Keralis1","amount":63519},{"name":"Etho","amount":54736},{"name":"Renthedog","amount":54454},{"name":"iJevin","amount":45445},{"name":"Zedaph","amount":41775},{"name":"falsesymmetry","amount":35690},{"name":"Stressmonster101","amount":35041},{"name":"Docm77","amount":29491},{"name":"Grian","amount":25439},{"name":"GoodTimeWithScar","amount":17847},{"name":"RentheKing","amount":17630},{"name":"GeminiTay","amount":17260},{"name":"iskall85","amount":14613},{"name":"cubfan135","amount":9617},{"name":"Tango","amount":7064},{"name":"xBCrafted","amount":3697},{"name":"Xisuma","amount":3628},{"name":"PearlescentMoon","amount":1620},{"name":"joehillssays","amount":850},{"name":"ZombieCleo","amount":594},{"name":"Pixlriffs","amount":531},{"name":"VintageBeef","amount":513},{"name":"Smallishbeans","amount":288},{"name":"hypnotizd","amount":45},{"name":"BdoubleO100","amount":18}]