[{"name":"PearlescentMoon","amount":1281},{"name":"hypnotizd","amount":416},{"name":"Tango","amount":289},{"name":"Etho","amount":250},{"name":"Xisuma","amount":200},{"name":"Docm77","amount":91},{"name":"Keralis1","amount":38},{"name":"ZombieCleo","amount":33},{"name":"BdoubleO100","amount":24},{"name":"GeminiTay","amount":20},{"name":"impulseSV","amount":14},{"name":"iJevin","amount":12},{"name":"cubfan135","amount":9},{"name":"Zedaph","amount":5},{"name":"VintageBeef","amount":4},{"name":"falsesymmetry","amount":4},{"name":"Grian","amount":2},{"name":"iskall85","amount":1},{"name":"GoodTimeWithScar","amount":1}]