[{"name":"xBCrafted","amount":102},{"name":"Tango","amount":93},{"name":"falsesymmetry","amount":57},{"name":"Stressmonster101","amount":45},{"name":"Renthedog","amount":33},{"name":"ZombieCleo","amount":33},{"name":"impulseSV","amount":30},{"name":"cubfan135","amount":21},{"name":"iskall85","amount":12},{"name":"VintageBeef","amount":9},{"name":"BdoubleO100","amount":9},{"name":"GoodTimeWithScar","amount":9},{"name":"GeminiTay","amount":6},{"name":"PearlescentMoon","amount":6},{"name":"Pixlriffs","amount":6},{"name":"Docm77","amount":3},{"name":"Xisuma","amount":3},{"name":"MythicalSausage","amount":3},{"name":"joehillssays","amount":3},{"name":"Smallishbeans","amount":3},{"name":"Keralis1","amount":3},{"name":"Zedaph","amount":3}]