[{"name":"ZombieCleo","amount":377},{"name":"GoodTimeWithScar","amount":146},{"name":"Zedaph","amount":122},{"name":"cubfan135","amount":29},{"name":"VintageBeef","amount":23},{"name":"iJevin","amount":21},{"name":"BdoubleO100","amount":14},{"name":"RentheKing","amount":13},{"name":"impulseSV","amount":7},{"name":"Etho","amount":5},{"name":"Smajor1995","amount":4},{"name":"Welsknight","amount":4},{"name":"joehillssays","amount":3},{"name":"PearlescentMoon","amount":3},{"name":"Xisuma","amount":2},{"name":"MythicalSausage","amount":2},{"name":"GeminiTay","amount":2},{"name":"Smallishbeans","amount":2},{"name":"hypnotizd","amount":2},{"name":"falsesymmetry","amount":1}]