[{"name":"Etho","amount":660},{"name":"ZombieCleo","amount":539},{"name":"Zedaph","amount":148},{"name":"GoodTimeWithScar","amount":123},{"name":"Tango","amount":30},{"name":"cubfan135","amount":30},{"name":"iJevin","amount":22},{"name":"RentheKing","amount":12},{"name":"BdoubleO100","amount":10},{"name":"VintageBeef","amount":9},{"name":"Xisuma","amount":5},{"name":"impulseSV","amount":5},{"name":"Smajor1995","amount":4},{"name":"joehillssays","amount":3},{"name":"PearlescentMoon","amount":3},{"name":"Renthedog","amount":2},{"name":"MythicalSausage","amount":2},{"name":"Smallishbeans","amount":2},{"name":"iskall85","amount":2},{"name":"falsesymmetry","amount":2},{"name":"Welsknight","amount":2},{"name":"hypnotizd","amount":1},{"name":"Stressmonster101","amount":1},{"name":"Keralis1","amount":1}]