[{"name":"cubfan135","amount":756},{"name":"Mumbo","amount":604},{"name":"Renthedog","amount":197},{"name":"Tango","amount":99},{"name":"Grian","amount":92},{"name":"Keralis1","amount":54},{"name":"impulseSV","amount":52},{"name":"Docm77","amount":38},{"name":"GoodTimeWithScar","amount":35},{"name":"hypnotizd","amount":33},{"name":"RentheKing","amount":20},{"name":"MumboJumbo","amount":16},{"name":"PearlescentMoon","amount":11},{"name":"ZombieCleo","amount":9},{"name":"Stressmonster101","amount":8},{"name":"Xisuma","amount":5},{"name":"MythicalSausage","amount":4},{"name":"GeminiTay","amount":4},{"name":"Zedaph","amount":4},{"name":"Pixlriffs","amount":2},{"name":"iJevin","amount":1}]