[{"name":"impulseSV","amount":16643},{"name":"falsesymmetry","amount":14542},{"name":"Xisuma","amount":5676},{"name":"VintageBeef","amount":5184},{"name":"iJevin","amount":1677},{"name":"Docm77","amount":1179},{"name":"xBCrafted","amount":339},{"name":"Renthedog","amount":336},{"name":"Keralis1","amount":111},{"name":"Tango","amount":82},{"name":"BdoubleO100","amount":12},{"name":"GoodTimeWithScar","amount":9},{"name":"Zedaph","amount":6},{"name":"Grian","amount":3},{"name":"ZombieCleo","amount":3}]