[{"name":"Grian","amount":14},{"name":"Docm77","amount":12},{"name":"Keralis1","amount":12},{"name":"iJevin","amount":9},{"name":"cubfan135","amount":9},{"name":"Etho","amount":8},{"name":"VintageBeef","amount":7},{"name":"RentheKing","amount":7},{"name":"GoodTimeWithScar","amount":7},{"name":"ZombieCleo","amount":6},{"name":"Xisuma","amount":5},{"name":"joehillssays","amount":5},{"name":"Renthedog","amount":4},{"name":"iskall85","amount":4},{"name":"xBCrafted","amount":4},{"name":"impulseSV","amount":4},{"name":"Zedaph","amount":4},{"name":"Mumbo","amount":3},{"name":"Stressmonster101","amount":3},{"name":"GeminiTay","amount":2},{"name":"Pixlriffs","amount":2},{"name":"falsesymmetry","amount":2},{"name":"Welsknight","amount":2},{"name":"hypnotizd","amount":2},{"name":"MythicalSausage","amount":1},{"name":"Tango","amount":1},{"name":"Smallishbeans","amount":1},{"name":"BdoubleO100","amount":1},{"name":"PearlescentMoon","amount":1},{"name":"MumboJumbo","amount":1},{"name":"SolidarityGaming","amount":1}]