[{"name":"Grian","amount":16977},{"name":"PearlescentMoon","amount":15960},{"name":"Etho","amount":8770},{"name":"impulseSV","amount":7026},{"name":"Mumbo","amount":4950},{"name":"BdoubleO100","amount":4660},{"name":"Zedaph","amount":4225},{"name":"ZombieCleo","amount":3714},{"name":"Renthedog","amount":3475},{"name":"Xisuma","amount":2061},{"name":"Keralis1","amount":1585},{"name":"joehillssays","amount":1499},{"name":"hypnotizd","amount":1441},{"name":"VintageBeef","amount":1322},{"name":"cubfan135","amount":880},{"name":"RentheKing","amount":802},{"name":"falsesymmetry","amount":737},{"name":"Docm77","amount":722},{"name":"Smallishbeans","amount":503},{"name":"GoodTimeWithScar","amount":498},{"name":"xBCrafted","amount":283},{"name":"GeminiTay","amount":241},{"name":"Tango","amount":190},{"name":"MumboJumbo","amount":128},{"name":"iJevin","amount":36},{"name":"Stressmonster101","amount":36}]