[{"name":"Tango","amount":1338},{"name":"Keralis1","amount":1176},{"name":"falsesymmetry","amount":828},{"name":"cubfan135","amount":576},{"name":"Mumbo","amount":516},{"name":"MumboJumbo","amount":492},{"name":"GoodTimeWithScar","amount":462},{"name":"Docm77","amount":459},{"name":"Stressmonster101","amount":180},{"name":"impulseSV","amount":180},{"name":"MythicalSausage","amount":72},{"name":"iJevin","amount":66},{"name":"GeminiTay","amount":43},{"name":"Zedaph","amount":41},{"name":"VintageBeef","amount":30},{"name":"iskall85","amount":24},{"name":"xBCrafted","amount":23},{"name":"Grian","amount":14},{"name":"ZombieCleo","amount":10},{"name":"Renthedog","amount":7},{"name":"PearlescentMoon","amount":5},{"name":"Xisuma","amount":1}]