[{"name":"Xisuma","amount":1052484},{"name":"hypnotizd","amount":573906},{"name":"Keralis1","amount":306675},{"name":"cubfan135","amount":274186},{"name":"Tango","amount":235374},{"name":"impulseSV","amount":210271},{"name":"joehillssays","amount":117579},{"name":"Etho","amount":96628},{"name":"xBCrafted","amount":83152},{"name":"Renthedog","amount":57230},{"name":"Grian","amount":46919},{"name":"ZombieCleo","amount":43317},{"name":"PearlescentMoon","amount":35503},{"name":"GeminiTay","amount":27394},{"name":"falsesymmetry","amount":26578},{"name":"RentheKing","amount":22980},{"name":"GoodTimeWithScar","amount":21212},{"name":"iJevin","amount":18099},{"name":"Docm77","amount":15370},{"name":"VintageBeef","amount":7776},{"name":"Zedaph","amount":6716},{"name":"BdoubleO100","amount":5382},{"name":"Stressmonster101","amount":4496},{"name":"iskall85","amount":3429},{"name":"Mumbo","amount":1908},{"name":"MythicalSausage","amount":867},{"name":"Welsknight","amount":189},{"name":"Pixlriffs","amount":111},{"name":"Smallishbeans","amount":102},{"name":"MumboJumbo","amount":36}]