[{"name":"Renthedog","amount":5196},{"name":"falsesymmetry","amount":3764},{"name":"GeminiTay","amount":1860},{"name":"cubfan135","amount":1539},{"name":"Grian","amount":1068},{"name":"Keralis1","amount":853},{"name":"impulseSV","amount":842},{"name":"Stressmonster101","amount":740},{"name":"Etho","amount":736},{"name":"Tango","amount":282},{"name":"iskall85","amount":256},{"name":"GoodTimeWithScar","amount":209},{"name":"RentheKing","amount":192},{"name":"Zedaph","amount":150},{"name":"iJevin","amount":134},{"name":"ZombieCleo","amount":12},{"name":"Docm77","amount":10},{"name":"VintageBeef","amount":10},{"name":"MythicalSausage","amount":10},{"name":"Pixlriffs","amount":4},{"name":"PearlescentMoon","amount":2}]