[{"name":"hypnotizd","amount":31632},{"name":"Tango","amount":2163},{"name":"BdoubleO100","amount":953},{"name":"joehillssays","amount":852},{"name":"Etho","amount":576},{"name":"Xisuma","amount":293},{"name":"Grian","amount":279},{"name":"iJevin","amount":146},{"name":"PearlescentMoon","amount":131},{"name":"xBCrafted","amount":128},{"name":"Keralis1","amount":107},{"name":"falsesymmetry","amount":77},{"name":"impulseSV","amount":64},{"name":"GoodTimeWithScar","amount":30},{"name":"ZombieCleo","amount":24},{"name":"Docm77","amount":21},{"name":"Zedaph","amount":18},{"name":"GeminiTay","amount":1}]