[{"name":"GoodTimeWithScar","amount":2474},{"name":"Tango","amount":344},{"name":"hypnotizd","amount":337},{"name":"Xisuma","amount":252},{"name":"Docm77","amount":194},{"name":"cubfan135","amount":184},{"name":"xBCrafted","amount":182},{"name":"VintageBeef","amount":123},{"name":"Keralis1","amount":85},{"name":"impulseSV","amount":70},{"name":"BdoubleO100","amount":52},{"name":"iJevin","amount":41},{"name":"Mumbo","amount":30},{"name":"Grian","amount":28},{"name":"falsesymmetry","amount":17},{"name":"Renthedog","amount":15},{"name":"MumboJumbo","amount":11},{"name":"Zedaph","amount":9},{"name":"PearlescentMoon","amount":7},{"name":"GeminiTay","amount":5},{"name":"ZombieCleo","amount":5},{"name":"Etho","amount":3},{"name":"Stressmonster101","amount":3},{"name":"iskall85","amount":2}]