[{"name":"Tango","amount":501},{"name":"Mumbo","amount":323},{"name":"iJevin","amount":308},{"name":"cubfan135","amount":267},{"name":"xBCrafted","amount":97},{"name":"RentheKing","amount":81},{"name":"PearlescentMoon","amount":66},{"name":"GeminiTay","amount":59},{"name":"falsesymmetry","amount":58},{"name":"Grian","amount":40},{"name":"hypnotizd","amount":37},{"name":"Zedaph","amount":36},{"name":"impulseSV","amount":31},{"name":"ZombieCleo","amount":29},{"name":"Docm77","amount":18},{"name":"iskall85","amount":13},{"name":"MythicalSausage","amount":8},{"name":"Etho","amount":8},{"name":"GoodTimeWithScar","amount":8},{"name":"Keralis1","amount":5},{"name":"Renthedog","amount":4},{"name":"MumboJumbo","amount":4},{"name":"Xisuma","amount":1}]