[{"name":"cubfan135","amount":128},{"name":"Tango","amount":32},{"name":"Grian","amount":19},{"name":"iJevin","amount":17},{"name":"RentheKing","amount":11},{"name":"GoodTimeWithScar","amount":10},{"name":"Keralis1","amount":10},{"name":"hypnotizd","amount":8},{"name":"Etho","amount":7},{"name":"iskall85","amount":5},{"name":"ZombieCleo","amount":5},{"name":"impulseSV","amount":4},{"name":"Zedaph","amount":4},{"name":"GeminiTay","amount":3},{"name":"xBCrafted","amount":3},{"name":"falsesymmetry","amount":3},{"name":"Docm77","amount":2},{"name":"Renthedog","amount":2},{"name":"PearlescentMoon","amount":2},{"name":"Pixlriffs","amount":2},{"name":"Mumbo","amount":2},{"name":"Stressmonster101","amount":2},{"name":"Xisuma","amount":1},{"name":"VintageBeef","amount":1},{"name":"joehillssays","amount":1},{"name":"Welsknight","amount":1},{"name":"MumboJumbo","amount":1}]