[{"name":"Etho","amount":908},{"name":"cubfan135","amount":784},{"name":"Xisuma","amount":604},{"name":"Renthedog","amount":346},{"name":"impulseSV","amount":318},{"name":"Tango","amount":314},{"name":"GoodTimeWithScar","amount":162},{"name":"PearlescentMoon","amount":158},{"name":"Grian","amount":136},{"name":"Keralis1","amount":126},{"name":"iJevin","amount":114},{"name":"GeminiTay","amount":74},{"name":"BdoubleO100","amount":72},{"name":"joehillssays","amount":60},{"name":"MythicalSausage","amount":20},{"name":"ZombieCleo","amount":12},{"name":"Smajor1995","amount":10},{"name":"falsesymmetry","amount":10},{"name":"hypnotizd","amount":10},{"name":"Stressmonster101","amount":8},{"name":"Docm77","amount":2},{"name":"ShubbleYT","amount":2},{"name":"Zedaph","amount":2}]