[{"name":"Tango","amount":3930},{"name":"cubfan135","amount":1704},{"name":"Keralis1","amount":864},{"name":"Xisuma","amount":538},{"name":"iJevin","amount":400},{"name":"falsesymmetry","amount":256},{"name":"Docm77","amount":184},{"name":"joehillssays","amount":184},{"name":"Renthedog","amount":142},{"name":"PearlescentMoon","amount":112},{"name":"impulseSV","amount":106},{"name":"ZombieCleo","amount":98},{"name":"Grian","amount":92},{"name":"BdoubleO100","amount":82},{"name":"xBCrafted","amount":74},{"name":"Zedaph","amount":66},{"name":"VintageBeef","amount":26},{"name":"hypnotizd","amount":24},{"name":"Stressmonster101","amount":24},{"name":"iskall85","amount":16},{"name":"Smallishbeans","amount":10},{"name":"Etho","amount":10},{"name":"Mumbo","amount":10},{"name":"GeminiTay","amount":8},{"name":"Pixlriffs","amount":6},{"name":"GoodTimeWithScar","amount":5},{"name":"Welsknight","amount":4}]