[{"name":"Grian","amount":13703},{"name":"cubfan135","amount":8784},{"name":"iJevin","amount":5248},{"name":"Etho","amount":2511},{"name":"Renthedog","amount":2286},{"name":"Tango","amount":1404},{"name":"Zedaph","amount":1260},{"name":"hypnotizd","amount":1152},{"name":"xBCrafted","amount":1053},{"name":"joehillssays","amount":972},{"name":"GoodTimeWithScar","amount":846},{"name":"Keralis1","amount":837},{"name":"falsesymmetry","amount":735},{"name":"impulseSV","amount":663},{"name":"PearlescentMoon","amount":585},{"name":"VintageBeef","amount":351},{"name":"ZombieCleo","amount":198},{"name":"Pixlriffs","amount":171},{"name":"BdoubleO100","amount":117},{"name":"Stressmonster101","amount":108},{"name":"RentheKing","amount":72},{"name":"GeminiTay","amount":45},{"name":"Docm77","amount":24},{"name":"Xisuma","amount":18},{"name":"iskall85","amount":12}]