[{"name":"cubfan135","amount":1723},{"name":"joehillssays","amount":1206},{"name":"RentheKing","amount":1163},{"name":"Tango","amount":891},{"name":"Docm77","amount":611},{"name":"Xisuma","amount":592},{"name":"GoodTimeWithScar","amount":568},{"name":"hypnotizd","amount":558},{"name":"Zedaph","amount":409},{"name":"iJevin","amount":365},{"name":"PearlescentMoon","amount":296},{"name":"Keralis1","amount":239},{"name":"Etho","amount":231},{"name":"Grian","amount":163},{"name":"Renthedog","amount":152},{"name":"impulseSV","amount":150},{"name":"ZombieCleo","amount":133},{"name":"Stressmonster101","amount":106},{"name":"xBCrafted","amount":84},{"name":"falsesymmetry","amount":49},{"name":"BdoubleO100","amount":29},{"name":"GeminiTay","amount":22},{"name":"Mumbo","amount":17},{"name":"iskall85","amount":15},{"name":"VintageBeef","amount":14},{"name":"Welsknight","amount":3},{"name":"Pixlriffs","amount":2},{"name":"MythicalSausage","amount":1},{"name":"MumboJumbo","amount":1},{"name":"Tinfoilchef","amount":1},{"name":"ShubbleYT","amount":1},{"name":"SolidarityGaming","amount":1}]