[{"name":"Docm77","amount":0},{"name":"Xisuma","amount":0},{"name":"truesymmetry","amount":0},{"name":"OrionSound","amount":0},{"name":"Renthedog","amount":0},{"name":"VintageBeef","amount":0},{"name":"iJevin","amount":0},{"name":"MythicalSausage","amount":0},{"name":"joehillssays","amount":0},{"name":"GeminiTay","amount":0},{"name":"Grian","amount":0},{"name":"Tango","amount":0},{"name":"Smallishbeans","amount":0},{"name":"BdoubleO100","amount":0},{"name":"PearlescentMoon","amount":0},{"name":"Pixlriffs","amount":0},{"name":"iskall85","amount":0},{"name":"xBCrafted","amount":0},{"name":"falsesymmetry","amount":0},{"name":"cubfan135","amount":0},{"name":"Welsknight","amount":0},{"name":"Etho","amount":0},{"name":"ZombieCleo","amount":0},{"name":"Mumbo","amount":0},{"name":"RentheKing","amount":0},{"name":"hypnotizd","amount":0},{"name":"MumboJumbo","amount":0},{"name":"fWhip","amount":0},{"name":"GoodTimeWithScar","amount":0},{"name":"Stressmonster101","amount":0},{"name":"ShubbleYT","amount":0},{"name":"SolidarityGaming","amount":0},{"name":"Keralis1","amount":0},{"name":"impulseSV","amount":0},{"name":"Zedaph","amount":0}]