[{"name":"iJevin","amount":234},{"name":"PearlescentMoon","amount":222},{"name":"GoodTimeWithScar","amount":126},{"name":"Xisuma","amount":54},{"name":"Renthedog","amount":30},{"name":"falsesymmetry","amount":27},{"name":"Keralis1","amount":21},{"name":"cubfan135","amount":18},{"name":"Docm77","amount":9},{"name":"MythicalSausage","amount":9},{"name":"impulseSV","amount":9},{"name":"BdoubleO100","amount":6},{"name":"Tango","amount":3},{"name":"RentheKing","amount":3},{"name":"Zedaph","amount":3}]