[{"name":"Mumbo","amount":7588},{"name":"cubfan135","amount":6820},{"name":"Xisuma","amount":2090},{"name":"Grian","amount":1416},{"name":"GeminiTay","amount":1076},{"name":"Stressmonster101","amount":962},{"name":"iJevin","amount":712},{"name":"MythicalSausage","amount":196},{"name":"Tango","amount":186},{"name":"Zedaph","amount":171},{"name":"Keralis1","amount":137},{"name":"MumboJumbo","amount":68},{"name":"falsesymmetry","amount":54},{"name":"xBCrafted","amount":23},{"name":"Renthedog","amount":15},{"name":"Pixlriffs","amount":14},{"name":"PearlescentMoon","amount":12},{"name":"Etho","amount":5},{"name":"GoodTimeWithScar","amount":5},{"name":"Docm77","amount":4},{"name":"BdoubleO100","amount":2},{"name":"iskall85","amount":1},{"name":"ZombieCleo","amount":1},{"name":"impulseSV","amount":1}]