[{"name":"PearlescentMoon","amount":888},{"name":"BdoubleO100","amount":834},{"name":"Etho","amount":762},{"name":"Docm77","amount":714},{"name":"Grian","amount":561},{"name":"Renthedog","amount":282},{"name":"Keralis1","amount":138},{"name":"GeminiTay","amount":81},{"name":"iJevin","amount":33},{"name":"MythicalSausage","amount":33},{"name":"GoodTimeWithScar","amount":33},{"name":"Xisuma","amount":21},{"name":"Stressmonster101","amount":15},{"name":"iskall85","amount":9},{"name":"cubfan135","amount":9},{"name":"ShubbleYT","amount":9},{"name":"VintageBeef","amount":3},{"name":"impulseSV","amount":3},{"name":"Zedaph","amount":3}]