[{"name":"ZombieCleo","amount":4326},{"name":"Tango","amount":1276},{"name":"Keralis1","amount":1064},{"name":"GoodTimeWithScar","amount":486},{"name":"Grian","amount":198},{"name":"cubfan135","amount":198},{"name":"iskall85","amount":150},{"name":"impulseSV","amount":132},{"name":"iJevin","amount":84},{"name":"Docm77","amount":82},{"name":"MythicalSausage","amount":60},{"name":"falsesymmetry","amount":36},{"name":"joehillssays","amount":32},{"name":"Xisuma","amount":28},{"name":"xBCrafted","amount":28},{"name":"VintageBeef","amount":20},{"name":"Stressmonster101","amount":6},{"name":"BdoubleO100","amount":2},{"name":"Zedaph","amount":2}]