[{"name":"GoodTimeWithScar","amount":28482},{"name":"iskall85","amount":8136},{"name":"Grian","amount":6795},{"name":"Zedaph","amount":6549},{"name":"Docm77","amount":4515},{"name":"RentheKing","amount":4320},{"name":"Etho","amount":4161},{"name":"impulseSV","amount":3609},{"name":"Keralis1","amount":2148},{"name":"PearlescentMoon","amount":1335},{"name":"cubfan135","amount":1233},{"name":"Stressmonster101","amount":1116},{"name":"falsesymmetry","amount":957},{"name":"GeminiTay","amount":699},{"name":"VintageBeef","amount":162},{"name":"Renthedog","amount":121},{"name":"BdoubleO100","amount":92},{"name":"joehillssays","amount":78},{"name":"iJevin","amount":41},{"name":"Pixlriffs","amount":6},{"name":"Tango","amount":2},{"name":"hypnotizd","amount":2},{"name":"Xisuma","amount":1},{"name":"ZombieCleo","amount":1}]