[{"name":"Xisuma","amount":36376},{"name":"cubfan135","amount":19259},{"name":"Grian","amount":9087},{"name":"Tango","amount":6208},{"name":"Etho","amount":4908},{"name":"Pixlriffs","amount":4112},{"name":"joehillssays","amount":3804},{"name":"Keralis1","amount":3203},{"name":"GoodTimeWithScar","amount":2696},{"name":"impulseSV","amount":2228},{"name":"Stressmonster101","amount":2150},{"name":"PearlescentMoon","amount":2148},{"name":"iJevin","amount":2096},{"name":"Renthedog","amount":2084},{"name":"hypnotizd","amount":1576},{"name":"GeminiTay","amount":972},{"name":"ZombieCleo","amount":756},{"name":"Docm77","amount":480},{"name":"falsesymmetry","amount":432},{"name":"BdoubleO100","amount":256},{"name":"ShubbleYT","amount":256},{"name":"VintageBeef","amount":136},{"name":"xBCrafted","amount":128},{"name":"Smajor1995","amount":88},{"name":"MythicalSausage","amount":64},{"name":"RentheKing","amount":64},{"name":"Zedaph","amount":60}]