[{"name":"falsesymmetry","amount":7716},{"name":"Renthedog","amount":4448},{"name":"Etho","amount":4245},{"name":"Grian","amount":3014},{"name":"GoodTimeWithScar","amount":2793},{"name":"impulseSV","amount":1606},{"name":"cubfan135","amount":1446},{"name":"Keralis1","amount":667},{"name":"joehillssays","amount":589},{"name":"MythicalSausage","amount":200},{"name":"Xisuma","amount":173},{"name":"GeminiTay","amount":164},{"name":"iskall85","amount":123},{"name":"xBCrafted","amount":112},{"name":"PearlescentMoon","amount":76},{"name":"iJevin","amount":64},{"name":"ZombieCleo","amount":48},{"name":"Pixlriffs","amount":37},{"name":"BdoubleO100","amount":19},{"name":"Docm77","amount":4},{"name":"VintageBeef","amount":4},{"name":"Zedaph","amount":4}]