[{"name":"iJevin","amount":453},{"name":"Keralis1","amount":230},{"name":"xBCrafted","amount":96},{"name":"joehillssays","amount":81},{"name":"ZombieCleo","amount":56},{"name":"PearlescentMoon","amount":37},{"name":"Welsknight","amount":21},{"name":"VintageBeef","amount":20},{"name":"Stressmonster101","amount":16},{"name":"OrionSound","amount":13},{"name":"Tango","amount":10},{"name":"cubfan135","amount":8},{"name":"Mumbo","amount":8},{"name":"MumboJumbo","amount":8},{"name":"BdoubleO100","amount":4},{"name":"Pixlriffs","amount":3},{"name":"Zedaph","amount":3},{"name":"Docm77","amount":2},{"name":"Renthedog","amount":2},{"name":"Grian","amount":1},{"name":"iskall85","amount":1},{"name":"falsesymmetry","amount":1}]