[{"name":"ZombieCleo","amount":2905},{"name":"Grian","amount":2501},{"name":"hypnotizd","amount":2053},{"name":"Xisuma","amount":1810},{"name":"Etho","amount":675},{"name":"falsesymmetry","amount":539},{"name":"VintageBeef","amount":181},{"name":"Keralis1","amount":162},{"name":"PearlescentMoon","amount":134},{"name":"xBCrafted","amount":124},{"name":"GoodTimeWithScar","amount":114},{"name":"iJevin","amount":85},{"name":"joehillssays","amount":69},{"name":"Renthedog","amount":67},{"name":"Zedaph","amount":48},{"name":"impulseSV","amount":47},{"name":"Stressmonster101","amount":37},{"name":"BdoubleO100","amount":33},{"name":"iskall85","amount":32},{"name":"RentheKing","amount":26},{"name":"Docm77","amount":24},{"name":"cubfan135","amount":19},{"name":"MythicalSausage","amount":11},{"name":"Tango","amount":8},{"name":"Mumbo","amount":6}]