[{"name":"PearlescentMoon","amount":11752},{"name":"Etho","amount":2304},{"name":"impulseSV","amount":1192},{"name":"Xisuma","amount":936},{"name":"ZombieCleo","amount":840},{"name":"VintageBeef","amount":800},{"name":"falsesymmetry","amount":784},{"name":"cubfan135","amount":688},{"name":"Grian","amount":656},{"name":"GoodTimeWithScar","amount":608},{"name":"Docm77","amount":208},{"name":"xBCrafted","amount":128},{"name":"joehillssays","amount":72},{"name":"Renthedog","amount":8},{"name":"Zedaph","amount":8}]