[{"name":"falsesymmetry","amount":1052},{"name":"Tango","amount":438},{"name":"cubfan135","amount":229},{"name":"Keralis1","amount":124},{"name":"Docm77","amount":102},{"name":"GoodTimeWithScar","amount":68},{"name":"Renthedog","amount":40},{"name":"Xisuma","amount":32},{"name":"xBCrafted","amount":28},{"name":"RentheKing","amount":19},{"name":"ZombieCleo","amount":18},{"name":"GeminiTay","amount":16},{"name":"Mumbo","amount":12},{"name":"MumboJumbo","amount":12},{"name":"MythicalSausage","amount":8},{"name":"Welsknight","amount":8},{"name":"Zedaph","amount":4},{"name":"Etho","amount":1}]