[{"name":"cubfan135","amount":1188},{"name":"Renthedog","amount":1022},{"name":"Grian","amount":522},{"name":"Xisuma","amount":390},{"name":"iJevin","amount":244},{"name":"Stressmonster101","amount":198},{"name":"Tango","amount":190},{"name":"Keralis1","amount":106},{"name":"GoodTimeWithScar","amount":68},{"name":"hypnotizd","amount":56},{"name":"ZombieCleo","amount":44},{"name":"xBCrafted","amount":38},{"name":"Mumbo","amount":36},{"name":"MumboJumbo","amount":30},{"name":"Docm77","amount":14},{"name":"BdoubleO100","amount":10},{"name":"impulseSV","amount":10},{"name":"Zedaph","amount":10},{"name":"PearlescentMoon","amount":6},{"name":"Etho","amount":4},{"name":"falsesymmetry","amount":2}]