[{"name":"Zedaph","amount":130},{"name":"Docm77","amount":116},{"name":"Grian","amount":108},{"name":"Xisuma","amount":92},{"name":"impulseSV","amount":88},{"name":"Keralis1","amount":84},{"name":"PearlescentMoon","amount":62},{"name":"joehillssays","amount":48},{"name":"xBCrafted","amount":30},{"name":"cubfan135","amount":22},{"name":"BdoubleO100","amount":20},{"name":"Tango","amount":16},{"name":"Etho","amount":14},{"name":"Renthedog","amount":12},{"name":"Smajor1995","amount":8},{"name":"falsesymmetry","amount":8},{"name":"ZombieCleo","amount":8},{"name":"iJevin","amount":4},{"name":"Pixlriffs","amount":4},{"name":"VintageBeef","amount":2}]