[{"name":"Grian","amount":10697},{"name":"Keralis1","amount":4448},{"name":"Xisuma","amount":1680},{"name":"GoodTimeWithScar","amount":1552},{"name":"xBCrafted","amount":1280},{"name":"Etho","amount":1104},{"name":"BdoubleO100","amount":736},{"name":"Renthedog","amount":624},{"name":"impulseSV","amount":496},{"name":"Zedaph","amount":480},{"name":"VintageBeef","amount":352},{"name":"iJevin","amount":224},{"name":"PearlescentMoon","amount":208},{"name":"cubfan135","amount":192},{"name":"hypnotizd","amount":192},{"name":"falsesymmetry","amount":176},{"name":"GeminiTay","amount":160},{"name":"joehillssays","amount":112},{"name":"iskall85","amount":112},{"name":"Docm77","amount":32},{"name":"Tango","amount":32},{"name":"ZombieCleo","amount":16}]