[{"name":"GoodTimeWithScar","amount":3138},{"name":"Keralis1","amount":1848},{"name":"Etho","amount":1134},{"name":"PearlescentMoon","amount":726},{"name":"Zedaph","amount":288},{"name":"iJevin","amount":234},{"name":"Renthedog","amount":180},{"name":"cubfan135","amount":150},{"name":"Xisuma","amount":132},{"name":"BdoubleO100","amount":120},{"name":"Docm77","amount":54},{"name":"falsesymmetry","amount":30},{"name":"Grian","amount":24},{"name":"Smallishbeans","amount":18},{"name":"impulseSV","amount":18},{"name":"ZombieCleo","amount":12},{"name":"VintageBeef","amount":6}]