[{"name":"cubfan135","amount":448},{"name":"Tango","amount":276},{"name":"Renthedog","amount":204},{"name":"PearlescentMoon","amount":132},{"name":"GoodTimeWithScar","amount":128},{"name":"Stressmonster101","amount":128},{"name":"Keralis1","amount":100},{"name":"falsesymmetry","amount":52},{"name":"joehillssays","amount":40},{"name":"Xisuma","amount":36},{"name":"iskall85","amount":16},{"name":"Zedaph","amount":8},{"name":"Docm77","amount":4},{"name":"VintageBeef","amount":4},{"name":"Grian","amount":4}]