[{"name":"Etho","amount":766},{"name":"Docm77","amount":664},{"name":"GoodTimeWithScar","amount":282},{"name":"Keralis1","amount":206},{"name":"impulseSV","amount":170},{"name":"Grian","amount":160},{"name":"iJevin","amount":134},{"name":"Xisuma","amount":116},{"name":"VintageBeef","amount":96},{"name":"cubfan135","amount":86},{"name":"GeminiTay","amount":50},{"name":"PearlescentMoon","amount":50},{"name":"BdoubleO100","amount":48},{"name":"joehillssays","amount":46},{"name":"Stressmonster101","amount":42},{"name":"hypnotizd","amount":34},{"name":"Smajor1995","amount":12},{"name":"Renthedog","amount":8},{"name":"Tango","amount":6},{"name":"ZombieCleo","amount":2},{"name":"fWhip","amount":2},{"name":"Zedaph","amount":2}]