[{"name":"ZombieCleo","amount":3679},{"name":"Renthedog","amount":2983},{"name":"BdoubleO100","amount":1494},{"name":"RentheKing","amount":809},{"name":"Docm77","amount":625},{"name":"cubfan135","amount":614},{"name":"falsesymmetry","amount":610},{"name":"joehillssays","amount":559},{"name":"Stressmonster101","amount":490},{"name":"VintageBeef","amount":273},{"name":"impulseSV","amount":135},{"name":"iskall85","amount":111},{"name":"Tango","amount":103},{"name":"Xisuma","amount":38},{"name":"Zedaph","amount":35},{"name":"GeminiTay","amount":33},{"name":"SolidarityGaming","amount":32},{"name":"PearlescentMoon","amount":15},{"name":"Grian","amount":14},{"name":"hypnotizd","amount":10},{"name":"iJevin","amount":4}]