[{"name":"Tango","amount":64},{"name":"GoodTimeWithScar","amount":29},{"name":"Renthedog","amount":27},{"name":"VintageBeef","amount":18},{"name":"xBCrafted","amount":14},{"name":"impulseSV","amount":12},{"name":"Xisuma","amount":10},{"name":"PearlescentMoon","amount":10},{"name":"iJevin","amount":7},{"name":"falsesymmetry","amount":7},{"name":"Grian","amount":5},{"name":"iskall85","amount":5},{"name":"Keralis1","amount":4},{"name":"BdoubleO100","amount":3},{"name":"Docm77","amount":2},{"name":"joehillssays","amount":2},{"name":"cubfan135","amount":2},{"name":"Etho","amount":2},{"name":"Mumbo","amount":2},{"name":"RentheKing","amount":2},{"name":"Zedaph","amount":2},{"name":"ZombieCleo","amount":1}]