[{"name":"falsesymmetry","amount":1000},{"name":"cubfan135","amount":568},{"name":"iJevin","amount":447},{"name":"Etho","amount":365},{"name":"Keralis1","amount":227},{"name":"Docm77","amount":219},{"name":"PearlescentMoon","amount":219},{"name":"Tango","amount":210},{"name":"Stressmonster101","amount":210},{"name":"impulseSV","amount":168},{"name":"Renthedog","amount":146},{"name":"RentheKing","amount":142},{"name":"GoodTimeWithScar","amount":127},{"name":"Xisuma","amount":119},{"name":"VintageBeef","amount":65},{"name":"joehillssays","amount":60},{"name":"xBCrafted","amount":54},{"name":"ZombieCleo","amount":36},{"name":"Grian","amount":30},{"name":"iskall85","amount":30},{"name":"GeminiTay","amount":26},{"name":"BdoubleO100","amount":26},{"name":"Zedaph","amount":25},{"name":"hypnotizd","amount":10},{"name":"Mumbo","amount":4},{"name":"MythicalSausage","amount":2},{"name":"Welsknight","amount":2},{"name":"Smajor1995","amount":1},{"name":"Watcher_Grian","amount":1}]