[{"name":"cubfan135","amount":11124},{"name":"impulseSV","amount":4590},{"name":"ZombieCleo","amount":4218},{"name":"Grian","amount":4044},{"name":"Xisuma","amount":2608},{"name":"Etho","amount":2480},{"name":"PearlescentMoon","amount":2066},{"name":"Zedaph","amount":1686},{"name":"hypnotizd","amount":1668},{"name":"Tango","amount":1554},{"name":"Keralis1","amount":1128},{"name":"falsesymmetry","amount":764},{"name":"GoodTimeWithScar","amount":754},{"name":"iJevin","amount":662},{"name":"VintageBeef","amount":446},{"name":"joehillssays","amount":182},{"name":"Docm77","amount":162},{"name":"BdoubleO100","amount":140},{"name":"GeminiTay","amount":132},{"name":"Renthedog","amount":116},{"name":"xBCrafted","amount":104},{"name":"MythicalSausage","amount":62},{"name":"Stressmonster101","amount":44},{"name":"iskall85","amount":34},{"name":"Smajor1995","amount":20}]