[{"name":"PearlescentMoon","amount":26},{"name":"falsesymmetry","amount":25},{"name":"Xisuma","amount":24},{"name":"GeminiTay","amount":23},{"name":"joehillssays","amount":22},{"name":"ZombieCleo","amount":22},{"name":"Zedaph","amount":22},{"name":"hypnotizd","amount":20},{"name":"Keralis1","amount":20},{"name":"xBCrafted","amount":19},{"name":"Stressmonster101","amount":18},{"name":"Renthedog","amount":16},{"name":"iJevin","amount":16},{"name":"iskall85","amount":16},{"name":"Tango","amount":15},{"name":"Welsknight","amount":14},{"name":"Mumbo","amount":14},{"name":"MumboJumbo","amount":14},{"name":"impulseSV","amount":13},{"name":"BdoubleO100","amount":11},{"name":"Grian","amount":9},{"name":"cubfan135","amount":9},{"name":"Docm77","amount":8},{"name":"Tinfoilchef","amount":6},{"name":"VintageBeef","amount":4},{"name":"ShubbleYT","amount":4},{"name":"Etho","amount":2},{"name":"OrionSound","amount":1},{"name":"Pixlriffs","amount":1}]