[{"name":"Grian","amount":3644},{"name":"cubfan135","amount":1528},{"name":"Etho","amount":648},{"name":"Docm77","amount":608},{"name":"Renthedog","amount":512},{"name":"VintageBeef","amount":264},{"name":"Xisuma","amount":208},{"name":"PearlescentMoon","amount":128},{"name":"ZombieCleo","amount":128},{"name":"Keralis1","amount":128},{"name":"falsesymmetry","amount":88},{"name":"impulseSV","amount":72},{"name":"joehillssays","amount":48},{"name":"iJevin","amount":24},{"name":"xBCrafted","amount":8},{"name":"GoodTimeWithScar","amount":8},{"name":"Zedaph","amount":8}]