{"stat.useItem.minecraft.bow":1499,"stat.useItem.minecraft.quartz_block":54,"stat.drop.minecraft.gunpowder":5,"stat.pickup.minecraft.dark_oak_boat":1,"stat.mineBlock.minecraft.stained_glass":373,"stat.drop.minecraft.enchanted_book":1,"stat.mineBlock.minecraft.web":22,"stat.pickup.minecraft.rotten_flesh":2807,"stat.useItem.minecraft.diamond_hoe":770,"stat.drop.minecraft.leather_boots":11,"stat.useItem.minecraft.vine":95,"stat.pickup.minecraft.cobblestone_wall":1746,"stat.pickup.minecraft.bucket":18,"stat.useItem.minecraft.rail":823,"stat.killEntity.Enderman":6290,"stat.useItem.minecraft.anvil":3,"stat.craftItem.minecraft.iron_shovel":1,"stat.pickup.minecraft.brown_mushroom":10,"stat.breakItem.minecraft.bow":2,"stat.mineBlock.minecraft.end_stone":82,"stat.killEntity.Villager":395,"stat.useItem.minecraft.iron_pickaxe":369,"stat.drop.minecraft.ender_eye":2,"stat.pickup.minecraft.stained_hardened_clay":72,"stat.pickup.minecraft.double_plant":2,"stat.craftItem.minecraft.glass_pane":80,"stat.useItem.minecraft.hardened_clay":50,"stat.drop.minecraft.diamond_chestplate":1,"stat.mineBlock.minecraft.sticky_piston":152,"stat.furnaceInteraction":550,"stat.useItem.minecraft.nether_wart":5,"stat.useItem.minecraft.golden_carrot":8,"stat.pickup.minecraft.nether_brick":30,"stat.useItem.minecraft.green_shulker_box":19,"stat.useItem.minecraft.end_stone":40,"stat.useItem.minecraft.fence":6,"stat.useItem.minecraft.acacia_fence":5,"stat.useItem.minecraft.flint_and_steel":36,"stat.mineBlock.minecraft.fence":14,"stat.useItem.minecraft.wheat_seeds":385,"stat.mineBlock.minecraft.sea_lantern":1,"stat.craftItem.minecraft.silver_glazed_terracotta":128,"stat.drop.minecraft.cooked_fish":11,"stat.killEntity.Husk":33,"stat.craftItem.minecraft.dark_oak_boat":1,"stat.pickup.minecraft.lever":1030,"stat.deaths":45,"stat.pickup.minecraft.egg":13,"stat.craftItem.minecraft.melon_seeds":127,"stat.craftItem.minecraft.item_frame":70,"stat.craftItem.minecraft.iron_pickaxe":2,"stat.pickup.minecraft.glass_pane":64,"stat.pickup.minecraft.item_frame":5,"stat.pickup.minecraft.sea_lantern":1,"stat.craftItem.minecraft.repeater":151,"stat.drop.minecraft.iron_ingot":42,"stat.craftItem.minecraft.cooked_mutton":28,"stat.pickup.minecraft.cooked_mutton":35,"stat.chestOpened":4301,"stat.craftItem.minecraft.mossy_cobblestone":331,"stat.craftItem.minecraft.sign":132,"stat.useItem.minecraft.jungle_fence":65,"stat.pickup.minecraft.lapis_ore":4,"stat.craftItem.minecraft.quartz_block":87,"stat.pickup.minecraft.gold_nugget":23,"stat.drop.minecraft.banner":32,"stat.craftItem.minecraft.coal":38,"stat.craftItem.minecraft.ender_chest":2,"stat.pickup.minecraft.carrot":11206,"stat.drop.minecraft.stone_sword":1,"stat.crouchOneCm":632273,"stat.pickup.minecraft.rail":1110,"stat.craftItem.minecraft.iron_ingot":762,"stat.craftingTableInteraction":529,"stat.mineBlock.minecraft.wooden_pressure_plate":2,"stat.pickup.minecraft.jungle_door":8,"stat.pickup.minecraft.repeater":254,"stat.drop.minecraft.double_plant":1,"stat.mineBlock.minecraft.log2":72,"stat.pickup.minecraft.wooden_pickaxe":1,"stat.pickup.minecraft.dye":1680,"stat.mineBlock.minecraft.jungle_fence":7,"stat.pickup.minecraft.planks":624,"stat.drop.minecraft.minecart":2,"stat.mineBlock.minecraft.ender_chest":1,"stat.pickup.minecraft.ice":3,"stat.flowerPotted":2,"stat.drop.minecraft.rotten_flesh":840,"stat.pickup.minecraft.magma":91,"stat.mineBlock.minecraft.activator_rail":3,"stat.drop.minecraft.coal_ore":15,"stat.useItem.minecraft.jungle_fence_gate":42,"stat.drop.minecraft.glass_pane":64,"stat.drop.minecraft.iron_ore":12,"stat.drop.minecraft.sapling":15,"stat.pickup.minecraft.chicken":5,"stat.pickup.minecraft.tipped_arrow":56,"stat.pickup.minecraft.end_stone":87,"stat.drop.minecraft.fish":152,"stat.pickup.minecraft.coal_block":21,"stat.craftItem.minecraft.bucket":6,"stat.craftItem.minecraft.planks":6328,"stat.useItem.minecraft.iron_sword":240,"stat.craftItem.minecraft.dirt":300,"stat.pickup.minecraft.stone_sword":1,"stat.craftItem.minecraft.fishing_rod":7,"stat.pickup.minecraft.book":33,"stat.useItem.minecraft.stonebrick":2816,"stat.drop.minecraft.leather_leggings":6,"stat.pickup.minecraft.cooked_fish":1263,"stat.breakItem.minecraft.leather_leggings":1,"stat.mineBlock.minecraft.cobblestone":1941,"stat.mineBlock.minecraft.pumpkin":59,"stat.useItem.minecraft.beacon":2,"stat.pickup.minecraft.stone_pickaxe":1,"stat.pickup.minecraft.flint":79,"stat.craftItem.minecraft.quartz_stairs":8,"stat.pickup.minecraft.leather_chestplate":12,"stat.mineBlock.minecraft.concrete":1441,"stat.mineBlock.minecraft.stained_glass_pane":18,"stat.pickup.minecraft.lime_shulker_box":1,"stat.drop.minecraft.cobblestone":3867,"stat.pickup.minecraft.cooked_porkchop":20,"stat.useItem.minecraft.coal_block":29,"stat.mineBlock.minecraft.dropper":15,"stat.pickup.minecraft.iron_boots":1,"stat.craftItem.minecraft.furnace":18,"stat.drop.minecraft.golden_helmet":9,"stat.mineBlock.minecraft.noteblock":6,"stat.pickup.minecraft.diamond_leggings":8,"stat.drop.minecraft.iron_helmet":2,"stat.drop.minecraft.chainmail_chestplate":9,"stat.useItem.minecraft.melon_block":238,"stat.drop.minecraft.spider_eye":28,"stat.useItem.minecraft.wooden_slab":202,"stat.craftItem.minecraft.beacon":1,"stat.useItem.minecraft.iron_door":1,"stat.craftItem.minecraft.iron_block":257,"stat.craftItem.minecraft.stonebrick":3259,"stat.drop.minecraft.flint_and_steel":1,"stat.drop.minecraft.wool":1,"stat.killEntity.Creeper":109,"stat.breakItem.minecraft.iron_sword":1,"stat.craftItem.minecraft.jungle_stairs":320,"stat.entityKilledBy.Skeleton":10,"stat.drop.minecraft.obsidian":1,"stat.useItem.minecraft.dropper":35,"stat.sprintOneCm":29653064,"stat.drop.minecraft.leather":4,"stat.mineBlock.minecraft.stone_slab":403,"stat.pickup.minecraft.leather_leggings":9,"stat.craftItem.minecraft.redstone_lamp":2,"stat.drop.minecraft.cobblestone_wall":110,"stat.pickup.minecraft.sugar":1,"stat.pickup.minecraft.vine":532,"stat.useItem.minecraft.banner":24,"stat.craftItem.minecraft.emerald":269,"stat.pickup.minecraft.iron_block":171,"stat.killEntity.Zombie":529,"stat.craftItem.minecraft.dye":6466,"stat.craftItem.minecraft.diamond_axe":4,"stat.mineBlock.minecraft.gold_ore":105,"stat.drop.minecraft.diamond_pickaxe":1,"stat.craftItem.minecraft.slime_ball":117,"stat.pickup.minecraft.wheat":377,"stat.craftItem.minecraft.sandstone":23,"stat.mineBlock.minecraft.mossy_cobblestone":152,"stat.drop.minecraft.stone_stairs":5,"stat.pickup.minecraft.sign":64,"stat.craftItem.minecraft.cooked_porkchop":29,"stat.pickup.minecraft.obsidian":199,"stat.useItem.minecraft.heavy_weighted_pressure_plate":3,"stat.useItem.minecraft.iron_trapdoor":275,"stat.pickup.minecraft.coal":1814,"stat.pickup.minecraft.iron_ingot":215,"stat.useItem.minecraft.dark_oak_boat":3,"stat.craftItem.minecraft.lever":501,"stat.drop.minecraft.diamond_sword":1,"stat.drop.minecraft.wooden_sword":1,"stat.pickup.minecraft.gunpowder":143,"stat.pickup.minecraft.dirt":3668,"stat.useItem.minecraft.coal_ore":30,"stat.drop.minecraft.iron_shovel":1,"stat.drop.minecraft.jungle_door":1,"stat.useItem.minecraft.dispenser":38,"stat.mineBlock.minecraft.lapis_ore":46,"stat.brewingstandInteraction":22,"stat.useItem.minecraft.stone_brick_stairs":52,"stat.mineBlock.minecraft.torch":589,"stat.mineBlock.minecraft.red_flower":16,"stat.pickup.minecraft.written_book":1,"stat.tradedWithVillager":293,"stat.pickup.minecraft.magma_cream":10,"stat.pickup.minecraft.ender_eye":13,"stat.noteblockTuned":66,"stat.craftItem.minecraft.comparator":38,"stat.craftItem.minecraft.glowstone":16,"stat.useItem.minecraft.slime":109,"stat.pickup.minecraft.diamond_axe":37,"stat.pickup.minecraft.shulker_shell":70,"stat.pickup.minecraft.green_shulker_box":20,"stat.drop.minecraft.wheat":2,"stat.pickup.minecraft.diamond_pickaxe":53,"stat.useItem.minecraft.pumpkin":39,"stat.pickup.minecraft.noteblock":6,"stat.useItem.minecraft.tnt":1,"stat.useItem.minecraft.lava_bucket":9,"stat.drop.minecraft.netherrack":6118,"stat.useItem.minecraft.melon":94,"stat.useItem.minecraft.item_frame":78,"stat.useItem.minecraft.stained_hardened_clay":84,"stat.drop.minecraft.egg":1,"stat.pickup.minecraft.cooked_beef":262,"stat.useItem.minecraft.concrete":1524,"stat.killEntity.Stray":2,"stat.drop.minecraft.lever":3,"stat.mobKills":9328,"stat.pickup.minecraft.diamond_boots":12,"stat.mineBlock.minecraft.bookshelf":11,"stat.useItem.minecraft.boat":4,"stat.useItem.minecraft.mossy_cobblestone":366,"stat.craftItem.minecraft.lead":2,"stat.pickup.minecraft.diamond":124,"stat.pickup.minecraft.beetroot_seeds":23,"stat.craftItem.minecraft.nether_brick_stairs":4,"stat.craftItem.minecraft.map":1,"stat.useItem.minecraft.string":146,"stat.useItem.minecraft.soul_sand":166,"stat.killEntity.Blaze":16,"stat.drop.minecraft.skull":1,"stat.pickup.minecraft.golden_boots":7,"stat.pickup.minecraft.glowstone_dust":232,"stat.mineBlock.minecraft.white_shulker_box":22,"stat.mineBlock.minecraft.red_mushroom":4,"stat.mineBlock.minecraft.stone_brick_stairs":34,"stat.mineBlock.minecraft.nether_brick_fence":26,"stat.drop.minecraft.golden_leggings":5,"stat.pickup.minecraft.splash_potion":6,"stat.pickup.minecraft.observer":145,"stat.craftItem.minecraft.lit_pumpkin":26,"stat.craftItem.minecraft.cobblestone_wall":1854,"stat.craftItem.minecraft.stone_sword":1,"stat.pickup.minecraft.chainmail_chestplate":19,"stat.mineBlock.minecraft.sand":4910,"stat.craftItem.minecraft.wooden_hoe":2,"stat.craftItem.minecraft.slime":100,"stat.hopperInspected":478,"stat.useItem.minecraft.fence_gate":1,"stat.pickup.minecraft.packed_ice":3619,"stat.pickup.minecraft.ghast_tear":12,"stat.trappedChestTriggered":133,"stat.drop.minecraft.rail":65,"stat.craftItem.minecraft.observer":72,"stat.craftItem.minecraft.pumpkin_seeds":136,"stat.drop.minecraft.purple_shulker_box":191,"stat.useItem.minecraft.minecart":234,"stat.useItem.minecraft.cooked_mutton":24,"stat.drop.minecraft.fishing_rod":2,"stat.drop.minecraft.pumpkin_seeds":1,"stat.pickup.minecraft.stone_stairs":76,"stat.craftItem.minecraft.fence_gate":1,"stat.pickup.minecraft.pumpkin_seeds":16,"stat.pickup.minecraft.saddle":1,"stat.mineBlock.minecraft.soul_sand":196,"stat.mineBlock.minecraft.jungle_stairs":93,"stat.pickup.minecraft.mycelium":180,"stat.pickup.minecraft.blaze_rod":52,"stat.drop.minecraft.white_shulker_box":1,"stat.useItem.minecraft.gray_glazed_terracotta":1,"stat.pickup.minecraft.netherrack":10599,"stat.pickup.minecraft.pumpkin":110,"stat.useItem.minecraft.fish":2,"stat.mineBlock.minecraft.ice":2,"stat.craftItem.minecraft.redstone_torch":544,"stat.pickup.minecraft.detector_rail":301,"stat.useItem.minecraft.packed_ice":284,"stat.drop.minecraft.stone":2275,"stat.useItem.minecraft.trapped_chest":22,"stat.pickup.minecraft.melon_seeds":33,"stat.drop.minecraft.gold_ore":17,"stat.pickup.minecraft.dropper":19,"stat.pickup.minecraft.golden_leggings":8,"stat.pickup.minecraft.melon":388,"stat.dropperInspected":156,"stat.useItem.minecraft.golden_rail":4582,"stat.craftItem.minecraft.detector_rail":12,"stat.drop.minecraft.bone":217,"stat.useItem.minecraft.furnace":12,"stat.pickup.minecraft.slime":201,"stat.pickup.minecraft.iron_leggings":1,"stat.mineBlock.minecraft.snow":1,"stat.mineBlock.minecraft.gravel":1214,"stat.mineBlock.minecraft.beacon":1,"stat.craftItem.minecraft.gray_glazed_terracotta":4,"stat.pickup.minecraft.flint_and_steel":22,"stat.mineBlock.minecraft.green_shulker_box":9,"stat.useItem.minecraft.torch":2217,"stat.craftItem.minecraft.redstone_block":69,"stat.craftItem.minecraft.stone_stairs":232,"stat.pickup.minecraft.crafting_table":32,"stat.useItem.minecraft.log":995,"stat.useItem.minecraft.comparator":93,"stat.drop.minecraft.tallgrass":31,"stat.craftItem.minecraft.crafting_table":20,"stat.drop.minecraft.end_stone":1,"stat.craftItem.minecraft.boat":2,"stat.pickup.minecraft.redstone_block":40,"stat.useItem.minecraft.cooked_fish":1561,"stat.drop.minecraft.sign":5,"stat.drop.minecraft.stonebrick":41,"stat.craftItem.minecraft.stone_button":141,"stat.drop.minecraft.planks":56,"stat.pickup.minecraft.sapling":246,"stat.drop.minecraft.melon_seeds":4,"stat.drop.minecraft.bow":99,"stat.pickup.minecraft.beetroot":11,"stat.drop.minecraft.golden_chestplate":7,"stat.killEntity.WitherSkeleton":34,"stat.useItem.minecraft.wooden_pressure_plate":3,"stat.pickup.minecraft.golden_sword":2,"stat.craftItem.minecraft.sugar":8,"stat.mineBlock.minecraft.orange_shulker_box":7,"stat.pickup.minecraft.stone_slab":1163,"stat.drop.minecraft.yellow_flower":12,"stat.pickup.minecraft.yellow_flower":35,"stat.drop.minecraft.ghast_tear":9,"stat.pickup.minecraft.golden_rail":6021,"stat.useItem.minecraft.fishing_rod":96,"stat.craftItem.minecraft.jungle_door":15,"stat.drop.minecraft.stone_pickaxe":1,"stat.pickup.minecraft.bone":1861,"stat.craftItem.minecraft.sticky_piston":98,"stat.pickup.minecraft.redstone_torch":94,"stat.mineBlock.minecraft.slime":94,"stat.drop.minecraft.red_mushroom":3,"stat.mineBlock.minecraft.brown_mushroom":2,"stat.mineBlock.minecraft.acacia_fence":12,"stat.useItem.minecraft.diamond_sword":5420,"stat.climbOneCm":1580334,"stat.enderchestOpened":116,"stat.useItem.minecraft.redstone_torch":53,"stat.pickup.minecraft.golden_helmet":11,"stat.craftItem.minecraft.purple_shulker_box":41,"stat.useItem.minecraft.red_flower":2,"stat.pickup.minecraft.anvil":1,"stat.useItem.minecraft.iron_ore":6,"stat.craftItem.minecraft.trapdoor":102,"stat.craftItem.minecraft.stone_pickaxe":1,"stat.pickup.minecraft.cobblestone":16511,"stat.craftItem.minecraft.glass_bottle":60,"stat.pickup.minecraft.soul_sand":255,"stat.useItem.minecraft.cooked_beef":206,"stat.pickup.minecraft.cactus":3,"stat.pickup.minecraft.redstone":3848,"stat.craftItem.minecraft.dispenser":13,"stat.mineBlock.minecraft.iron_ore":640,"stat.pickup.minecraft.mossy_cobblestone":275,"stat.useItem.minecraft.noteblock":8,"stat.drop.minecraft.coal":27,"stat.drop.minecraft.iron_bars":7,"stat.drop.minecraft.dirt":223,"stat.pickup.minecraft.iron_shovel":2,"stat.pickup.minecraft.trapdoor":46,"stat.pickup.minecraft.carpet":5,"stat.pickup.minecraft.diamond_shovel":42,"stat.pickup.minecraft.jungle_stairs":93,"stat.mineBlock.minecraft.lime_shulker_box":1,"stat.useItem.minecraft.sea_lantern":157,"stat.pickup.minecraft.nether_star":1,"stat.useItem.minecraft.spruce_fence":10,"stat.pickup.minecraft.paper":1,"stat.pickup.minecraft.jungle_fence_gate":22,"stat.craftItem.minecraft.stick":3539,"stat.craftItem.minecraft.stained_hardened_clay":168,"stat.craftItem.minecraft.gold_nugget":90,"stat.pickup.minecraft.grass":636,"stat.useItem.minecraft.stone_pressure_plate":7,"stat.drop.minecraft.leaves":103,"stat.pickup.minecraft.golden_horse_armor":1,"stat.pickup.minecraft.diamond_chestplate":1,"stat.entityKilledBy.Creeper":5,"stat.drop.minecraft.tipped_arrow":27,"stat.breakItem.minecraft.shears":6,"stat.mineBlock.minecraft.planks":318,"stat.drop":2697,"stat.killEntity.Sheep":10,"stat.drop.minecraft.iron_boots":1,"stat.pickup.minecraft.golden_chestplate":6,"stat.useItem.minecraft.melon_seeds":70,"stat.craftItem.minecraft.piston":95,"stat.useItem.minecraft.quartz_stairs":13,"stat.drop.minecraft.cooked_beef":148,"stat.killEntity.Slime":13,"stat.mineBlock.minecraft.anvil":1,"stat.useItem.minecraft.lime_shulker_box":3,"stat.pickup.minecraft.purple_shulker_box":627,"stat.useItem.minecraft.waterlily":2,"stat.useItem.minecraft.apple":3,"stat.mineBlock.minecraft.deadbush":2,"stat.drop.minecraft.chainmail_helmet":4,"stat.useItem.minecraft.porkchop":3,"stat.useItem.minecraft.carpet":21,"stat.useItem.minecraft.flower_pot":2,"stat.pickup.minecraft.fence":11,"stat.useItem.minecraft.stone_axe":7,"stat.craftItem.minecraft.iron_helmet":1,"stat.craftItem.minecraft.rail":112,"stat.drop.minecraft.glass":3,"stat.boatOneCm":2279899,"stat.craftItem.minecraft.flint_and_steel":4,"stat.useItem.minecraft.redstone_lamp":2,"stat.mineBlock.minecraft.leaves2":2,"stat.mineBlock.minecraft.stone_stairs":72,"stat.craftItem.minecraft.iron_bars":128,"stat.mineBlock.minecraft.furnace":2,"stat.killEntity.CaveSpider":1,"stat.craftItem.minecraft.netherbrick":128,"stat.pickup.minecraft.stained_glass":556,"stat.damageDealt":389097,"stat.craftItem.minecraft.anvil":2,"stat.mineBlock.minecraft.nether_brick_stairs":6,"stat.useItem.minecraft.crafting_table":37,"stat.pickup.minecraft.boat":2,"stat.pickup.minecraft.stick":113,"stat.craftItem.minecraft.diamond_boots":2,"stat.craftItem.minecraft.writable_book":1,"stat.useItem.minecraft.redstone_block":76,"stat.drop.minecraft.leather_chestplate":13,"stat.useItem.minecraft.spruce_stairs":48,"stat.useItem.minecraft.cactus":2,"stat.killEntity.Chicken":3,"stat.drop.minecraft.crafting_table":1,"stat.useItem.minecraft.iron_block":335,"stat.mineBlock.minecraft.quartz_ore":126,"stat.pickup.minecraft.concrete_powder":447,"stat.craftItem.minecraft.tnt":12,"stat.pickup.minecraft.dragon_breath":90,"stat.craftItem.minecraft.fence":9,"stat.craftItem.minecraft.jungle_fence":87,"stat.mineBlock.minecraft.leaves":2836,"stat.mineBlock.minecraft.piston":48,"stat.craftItem.minecraft.tripwire_hook":28,"stat.beaconInteraction":13,"stat.pickup.minecraft.wooden_slab":97,"stat.craftItem.minecraft.diamond_hoe":1,"stat.leaveGame":137,"stat.pickup.minecraft.jungle_fence":7,"stat.useItem.minecraft.glowstone":5,"stat.mineBlock.minecraft.sandstone":109,"stat.craftItem.minecraft.ender_eye":17,"stat.killEntity.PigZombie":1,"stat.craftItem.minecraft.shield":3,"stat.craftItem.minecraft.stone_pressure_plate":9,"stat.drop.minecraft.feather":2,"stat.useItem.minecraft.activator_rail":37,"stat.craftItem.minecraft.noteblock":4,"stat.mineBlock.minecraft.wooden_slab":119,"stat.pickup.minecraft.leather_boots":17,"stat.killEntity.Witch":4,"stat.drop.minecraft.sand":20,"stat.killEntity.MushroomCow":3,"stat.craftItem.minecraft.wooden_pickaxe":1,"stat.craftItem.minecraft.iron_door":3,"stat.useItem.minecraft.iron_shovel":20,"stat.drop.minecraft.chainmail_leggings":15,"stat.craftItem.minecraft.bed":3,"stat.mineBlock.minecraft.vine":605,"stat.mineBlock.minecraft.hopper":62,"stat.pickup.minecraft.melon_block":17,"stat.drop.minecraft.gravel":65,"stat.mineBlock.minecraft.rail":474,"stat.useItem.minecraft.pumpkin_seeds":75,"stat.killEntity.ZombieVillager":16,"stat.noteblockPlayed":26,"stat.drop.minecraft.red_flower":10,"stat.pickup.minecraft.beef":210,"stat.pickup.minecraft.leather_helmet":11,"stat.useItem.minecraft.trapdoor":83,"stat.mineBlock.minecraft.stained_hardened_clay":73,"stat.useItem.minecraft.stained_glass":1993,"stat.useItem.minecraft.ice":2,"stat.pickup.minecraft.potion":1,"stat.craftItem.minecraft.dropper":39,"stat.useItem.minecraft.dye":864,"stat.useItem.minecraft.beef":5,"stat.useItem.minecraft.nether_brick":2,"stat.drop.minecraft.torch":62,"stat.mineBlock.minecraft.tallgrass":495,"stat.useItem.minecraft.splash_potion":4,"stat.useItem.minecraft.stone":3075,"stat.pickup.minecraft.arrow":2784,"stat.pickup.minecraft.wooden_pressure_plate":2,"stat.killEntity.Ghast":7,"stat.useItem.minecraft.ender_chest":2,"stat.useItem.minecraft.white_shulker_box":23,"stat.mineBlock.minecraft.chest":32,"stat.mineBlock.minecraft.hardened_clay":563,"stat.mineBlock.minecraft.concrete_powder":388,"stat.craftItem.minecraft.hopper":82,"stat.drop.minecraft.concrete_powder":3,"stat.pickup.minecraft.nether_brick_fence":17,"stat.pickup.minecraft.yellow_shulker_box":4,"stat.pickup.minecraft.orange_shulker_box":6,"stat.craftItem.minecraft.wooden_sword":2,"stat.craftItem.minecraft.nether_brick":24,"stat.craftItem.minecraft.diamond_shovel":5,"stat.pickup.minecraft.wheat_seeds":850,"stat.mineBlock.minecraft.glass":449,"stat.mineBlock.minecraft.dirt":3691,"stat.useItem.minecraft.bread":141,"stat.useItem.minecraft.cobblestone":4955,"stat.useItem.minecraft.gravel":55,"stat.mineBlock.minecraft.double_plant":6,"stat.minecartOneCm":7015350,"stat.drop.minecraft.chicken":3,"stat.drop.minecraft.carrot":18761,"stat.craftItem.minecraft.gold_ingot":93,"stat.pickup.minecraft.hopper":181,"stat.craftItem.minecraft.brewing_stand":1,"stat.useItem.minecraft.tallgrass":58,"stat.pickup.minecraft.apple":14,"stat.useItem.minecraft.fireworks":37,"stat.pickup.minecraft.banner":33,"stat.itemEnchanted":23,"stat.mineBlock.minecraft.log":2670,"stat.craftItem.minecraft.paper":114,"stat.pickup.minecraft.red_flower":32,"stat.pickup.minecraft.wool":35,"stat.craftItem.minecraft.trapped_chest":22,"stat.drop.minecraft.grass":3,"stat.pickup.minecraft.trapped_chest":1,"stat.drop.minecraft.pumpkin":28,"stat.craftItem.minecraft.diamond_leggings":1,"stat.useItem.minecraft.iron_axe":41,"stat.craftItem.minecraft.tnt_minecart":10,"stat.mineBlock.minecraft.silver_glazed_terracotta":149,"stat.mineBlock.minecraft.yellow_flower":28,"stat.useItem.minecraft.skull":19,"stat.craftItem.minecraft.wool":16,"stat.drop.minecraft.saddle":1,"stat.useItem.minecraft.concrete_powder":1083,"stat.pickup.minecraft.enchanted_book":3,"stat.pickup.minecraft.glowstone":15,"stat.pickup.minecraft.sticky_piston":240,"stat.useItem.minecraft.obsidian":95,"stat.pickup.minecraft.bow":110,"stat.mineBlock.minecraft.detector_rail":66,"stat.useItem.minecraft.egg":1,"stat.pickup.minecraft.coal_ore":128,"stat.craftItem.minecraft.cooked_beef":146,"stat.mineBlock.minecraft.obsidian":191,"stat.pickup.minecraft.shears":28,"stat.craftItem.minecraft.bow":20,"stat.pickup.minecraft.iron_trapdoor":140,"stat.pickup.minecraft.diamond_hoe":3,"stat.flyOneCm":48059893,"stat.pickup.minecraft.sandstone":92,"stat.pickup.minecraft.nether_brick_stairs":10,"stat.pickup.minecraft.fish":206,"stat.craftItem.minecraft.stained_glass":1224,"stat.timeSinceDeath":2075384,"stat.killEntity.Bat":33,"stat.useItem.minecraft.potato":8,"stat.pickup.minecraft.chainmail_helmet":3,"stat.pickup.minecraft.nether_wart":154,"stat.pickup.minecraft.spruce_fence":13,"stat.craftItem.minecraft.concrete_powder":1008,"stat.mineBlock.minecraft.coal_ore":1109,"stat.pickup.minecraft.shield":19,"stat.talkedToVillager":359,"stat.mineBlock.minecraft.red_mushroom_block":49,"stat.pickup.minecraft.string":192,"stat.mineBlock.minecraft.ladder":136,"stat.useItem.minecraft.written_book":2,"stat.useItem.minecraft.diamond_shovel":10391,"stat.mineBlock.minecraft.diamond_ore":63,"stat.pickup.minecraft.fireworks":128,"stat.craftItem.minecraft.wooden_pressure_plate":6,"stat.useItem.minecraft.wooden_sword":30,"stat.useItem.minecraft.ladder":639,"stat.pickup.minecraft.snowball":4,"stat.diveOneCm":315908,"stat.useItem.minecraft.sticky_piston":693,"stat.craftItem.minecraft.ladder":435,"stat.mineBlock.minecraft.stone_button":22,"stat.drop.minecraft.ladder":35,"stat.pickup.minecraft.stone_axe":1,"stat.useItem.minecraft.tnt_minecart":10,"stat.pickup.minecraft.stained_glass_pane":12,"stat.craftItem.minecraft.diamond_sword":7,"stat.jump":66966,"stat.useItem.minecraft.sand":553,"stat.pickup.minecraft.white_shulker_box":29,"stat.mineBlock.minecraft.observer":124,"stat.craftItem.minecraft.torch":1650,"stat.breakItem.minecraft.golden_leggings":2,"stat.craftItem.minecraft.fermented_spider_eye":2,"stat.useItem.minecraft.glass":628,"stat.pickup.minecraft.gold_ore":115,"stat.useItem.minecraft.sapling":58,"stat.damageTaken":83684,"stat.useItem.minecraft.red_shulker_box":2,"stat.useItem.minecraft.end_crystal":2,"stat.mineBlock.minecraft.melon_block":69,"stat.breakItem.minecraft.leather_boots":4,"stat.mineBlock.minecraft.sapling":8,"stat.pickup.minecraft.log2":113,"stat.useItem.minecraft.purple_shulker_box":443,"stat.pickup.minecraft.bed":3,"stat.pickup.minecraft.concrete":1268,"stat.pickup.minecraft.quartz_block":11,"stat.pickup.minecraft.acacia_fence":12,"stat.pickup.minecraft.potato":25,"stat.entityKilledBy.Zombie":9,"stat.killEntity.Silverfish":17,"stat.craftItem.minecraft.stone_slab":2160,"stat.useItem.minecraft.chest":105,"stat.useItem.minecraft.observer":427,"stat.shulkerBoxOpened":2702,"stat.drop.minecraft.potato":2,"stat.pickup.minecraft.ender_pearl":1287,"stat.drop.minecraft.wooden_slab":11,"stat.pickup.minecraft.ladder":524,"stat.useItem.minecraft.netherrack":1363,"stat.craftItem.minecraft.stained_glass_pane":32,"stat.mineBlock.minecraft.tnt":1,"stat.craftItem.minecraft.bookshelf":3,"stat.useItem.minecraft.tripwire_hook":4,"stat.mineBlock.minecraft.stonebrick":1158,"stat.mineBlock.minecraft.gray_glazed_terracotta":1,"stat.mineBlock.minecraft.glowstone":78,"stat.craftItem.minecraft.shears":17,"stat.useItem.minecraft.cobblestone_wall":1321,"stat.breakItem.minecraft.diamond_shovel":1,"stat.useItem.minecraft.writable_book":1,"stat.pickup.minecraft.torch":2427,"stat.drop.minecraft.arrow":2552,"stat.drop.minecraft.shears":1,"stat.craftItem.minecraft.compass":2,"stat.pickup.minecraft.jungle_boat":4,"stat.craftItem.minecraft.iron_axe":1,"stat.mineBlock.minecraft.purple_shulker_box":392,"stat.pickup.minecraft.fishing_rod":12,"stat.useItem.minecraft.planks":1017,"stat.useItem.minecraft.nether_brick_stairs":5,"stat.pickup.minecraft.porkchop":18,"stat.pickup.minecraft.glass":407,"stat.pickup.minecraft.blaze_powder":4,"stat.drop.minecraft.melon":7,"stat.useItem.minecraft.water_bucket":454,"stat.pickup.minecraft.sand":4772,"stat.mineBlock.minecraft.jungle_fence_gate":27,"stat.pickup.minecraft.hardened_clay":652,"stat.pickup.minecraft.name_tag":28,"stat.drop.minecraft.hardened_clay":1,"stat.pickup.minecraft.activator_rail":4,"stat.aviateOneCm":8413521,"stat.useItem.minecraft.ender_pearl":413,"stat.craftItem.minecraft.cooked_fish":1653,"stat.craftItem.minecraft.blaze_powder":20,"stat.drop.minecraft.golden_sword":2,"stat.craftItem.minecraft.golden_carrot":8,"stat.mineBlock.minecraft.dark_oak_stairs":1,"stat.drop.minecraft.stone_slab":47,"stat.pickup.minecraft.furnace":2,"stat.useItem.minecraft.redstone":586,"stat.pickup.minecraft.iron_chestplate":4,"stat.useItem.minecraft.stone_stairs":226,"stat.pickup.minecraft.skull":36,"stat.mineBlock.minecraft.red_shulker_box":1,"stat.drop.minecraft.wooden_hoe":1,"stat.useItem.minecraft.pumpkin_pie":3,"stat.useItem.minecraft.hopper":215,"stat.craftItem.minecraft.heavy_weighted_pressure_plate":3,"stat.playOneMinute":10298093,"stat.drop.minecraft.string":8,"stat.useItem.minecraft.jungle_stairs":331,"stat.useItem.minecraft.shears":2477,"stat.pickup.minecraft.beacon":1,"stat.pickup.minecraft.iron_bars":73,"stat.pickup.minecraft.dispenser":23,"stat.craftItem.minecraft.pumpkin_pie":3,"stat.drop.minecraft.ice":1,"stat.craftItem.minecraft.carpet":24,"stat.mineBlock.minecraft.netherrack":8082,"stat.mineBlock.minecraft.dispenser":24,"stat.drop.minecraft.flint":2,"stat.craftItem.minecraft.golden_rail":6,"stat.pickup.minecraft.cooked_chicken":28,"stat.fallOneCm":1729464,"stat.drop.minecraft.dye":747,"stat.craftItem.minecraft.chest":223,"stat.useItem.minecraft.nether_brick_fence":26,"stat.mineBlock.minecraft.lever":126,"stat.pickup.minecraft.red_mushroom":26,"stat.pickup.minecraft.comparator":88,"stat.pickup.minecraft.feather":6,"stat.drop.minecraft.iron_leggings":1,"stat.drop.minecraft.concrete":3,"stat.mineBlock.minecraft.spruce_fence":5,"stat.useItem.minecraft.yellow_shulker_box":5,"stat.pickup.minecraft.lead":1,"stat.useItem.minecraft.stone_pickaxe":41,"stat.useItem.minecraft.stone_sword":57,"stat.useItem.minecraft.orange_shulker_box":8,"stat.pickup.minecraft.redstone_ore":74,"stat.pickup.minecraft.chainmail_boots":13,"stat.drop.minecraft.stick":22,"stat.useItem.minecraft.iron_bars":64,"stat.mineBlock.minecraft.quartz_stairs":3,"stat.mineBlock.minecraft.monster_egg":14,"stat.drop.minecraft.stone_brick_stairs":4,"stat.killEntity.LavaSlime":51,"stat.pickup.minecraft.log":3313,"stat.mineBlock.minecraft.golden_rail":899,"stat.craftItem.minecraft.hopper_minecart":20,"stat.pickup.minecraft.tallgrass":125,"stat.pickup.minecraft.chainmail_leggings":19,"stat.entityKilledBy.Enderman":1,"stat.mineBlock.minecraft.iron_block":171,"stat.useItem.minecraft.jungle_door":14,"stat.craftItem.minecraft.cooked_chicken":1,"stat.craftItem.minecraft.flower_pot":2,"stat.useItem.minecraft.beetroot_seeds":11,"stat.sneakTime":293422,"stat.mineBlock.minecraft.cobblestone_wall":220,"stat.mineBlock.minecraft.yellow_shulker_box":4,"stat.entityKilledBy.Blaze":5,"stat.useItem.minecraft.brewing_stand":1,"stat.breakItem.minecraft.chainmail_boots":1,"stat.pickup.minecraft.chest":91,"stat.pickup.minecraft.lit_pumpkin":13,"stat.useItem.minecraft.repeater":287,"stat.drop.minecraft.leather_helmet":13,"stat.craftItem.minecraft.stone_brick_stairs":72,"stat.useItem.minecraft.silver_glazed_terracotta":269,"stat.craftItem.minecraft.iron_trapdoor":133,"stat.swimOneCm":944543,"stat.mineBlock.minecraft.spruce_stairs":9,"stat.drop.minecraft.brown_mushroom":2,"stat.useItem.minecraft.dirt":3100,"stat.useItem.minecraft.detector_rail":230,"stat.craftItem.minecraft.melon_block":266,"stat.drop.minecraft.ender_pearl":1072,"stat.mineBlock.minecraft.magma":58,"stat.pickup.minecraft.quartz_stairs":3,"stat.mineBlock.minecraft.carpet":5,"stat.drop.minecraft.fence":1,"stat.mineBlock.minecraft.redstone_block":35,"stat.pickup.minecraft.glass_bottle":3,"stat.useItem.minecraft.red_mushroom":1,"stat.drop.minecraft.wheat_seeds":99,"stat.craftItem.minecraft.wooden_slab":216,"stat.useItem.minecraft.sign":90,"stat.drop.minecraft.log":112,"stat.pickup.minecraft.mutton":15,"stat.useItem.minecraft.lever":729,"stat.mineBlock.minecraft.coal_block":29,"stat.drop.minecraft.golden_boots":7,"stat.pickup.minecraft.stonebrick":1378,"stat.drop.minecraft.mycelium":9,"stat.mineBlock.minecraft.nether_brick":32,"stat.craftItem.minecraft.nether_brick_fence":24,"stat.pickup.minecraft.gray_glazed_terracotta":1,"stat.useItem.minecraft.stone_slab":1480,"stat.craftItem.minecraft.jungle_fence_gate":36,"stat.useItem.minecraft.bed":6,"stat.craftItem.minecraft.stone":349,"stat.mineBlock.minecraft.crafting_table":19,"stat.useItem.minecraft.diamond_pickaxe":59195,"stat.mineBlock.minecraft.quartz_block":11,"stat.killEntity.Endermite":7,"stat.useItem.minecraft.carrot":5035,"stat.useItem.minecraft.ender_eye":12,"stat.useItem.minecraft.bucket":470,"stat.pickup.minecraft.stone_button":84,"stat.pickup.minecraft.slime_ball":902,"stat.drop.minecraft.blaze_rod":11,"stat.craftItem.minecraft.diamond_pickaxe":7,"stat.drop.minecraft.wooden_pickaxe":1,"stat.pickup.minecraft.gravel":955,"stat.useItem.minecraft.glass_bottle":60,"stat.useItem.minecraft.diamond_axe":4711,"stat.pickup.minecraft.red_shulker_box":1,"stat.useItem.minecraft.stained_glass_pane":39,"stat.pickup.minecraft.stone_brick_stairs":31,"stat.pickup.minecraft.diamond_sword":22,"stat.useItem.minecraft.wooden_hoe":2,"stat.useItem.minecraft.piston":57,"stat.craftItem.minecraft.bread":140,"stat.pickup.minecraft.spider_eye":52,"stat.useItem.minecraft.mycelium":18,"stat.useItem.minecraft.stone_button":221,"stat.pickup.minecraft.diamond_ore":13,"stat.useItem.minecraft.cooked_chicken":13,"stat.craftItem.minecraft.end_crystal":2,"stat.pickup.minecraft.iron_ore":627,"stat.mineBlock.minecraft.iron_bars":71,"stat.pickup.minecraft.leaves":2145,"stat.craftItem.minecraft.activator_rail":6,"stat.pickup.minecraft.leather":86,"stat.useItem.minecraft.wooden_pickaxe":7,"stat.dispenserInspected":153,"stat.mineBlock.minecraft.mycelium":187,"stat.pickup.minecraft.reeds":122,"stat.useItem.minecraft.magma":22,"stat.craftItem.minecraft.glass":1711,"stat.sleepInBed":193,"stat.killEntity.Cow":50,"stat.pickup.minecraft.minecart":243,"stat.killEntity.Pig":1,"stat.craftItem.minecraft.iron_sword":2,"stat.pickup.minecraft.piston":157,"stat.breakItem.minecraft.fishing_rod":2,"stat.walkOneCm":26568986,"stat.mineBlock.minecraft.trapped_chest":4,"stat.pickup.minecraft.tnt":2,"stat.pickup.minecraft.stone":15535,"stat.pickup.minecraft.silver_glazed_terracotta":149,"stat.drop.minecraft.diamond_leggings":1,"stat.mineBlock.minecraft.packed_ice":3644,"stat.useItem.minecraft.leaves":1641,"stat.craftItem.minecraft.minecart":129,"stat.pickup.minecraft.gold_ingot":10,"stat.killEntity.Skeleton":1180,"stat.drop.minecraft.chainmail_boots":17,"stat.mineBlock.minecraft.redstone_torch":12,"stat.killEntity.Spider":120,"stat.pickup.minecraft.bread":103,"stat.pickup.minecraft.quartz":421,"stat.pickup.minecraft.water_bucket":23,"stat.useItem.minecraft.hopper_minecart":20,"stat.pickup.minecraft.spruce_stairs":48,"stat.mineBlock.minecraft.redstone_ore":581,"stat.pickup.minecraft.elytra":26,"stat.craftItem.minecraft.coal_block":55,"stat.craftItem.minecraft.brick":6,"stat.mineBlock.minecraft.stone":34312,"stat.useItem.minecraft.sandstone":46}