{"stat.chestOpened":1,"stat.walkOneCm":11820,"stat.useItem.minecraft.stone":17,"stat.pickup.minecraft.diamond_pickaxe":1,"stat.leaveGame":85,"stat.mineBlock.minecraft.hopper":11,"stat.jump":45,"stat.swimOneCm":111307,"stat.climbOneCm":1458,"stat.fallOneCm":2004,"stat.shulkerBoxOpened":4,"stat.pickup.minecraft.stone":17,"stat.pickup.minecraft.hopper":11,"stat.crouchOneCm":1853,"stat.enderchestOpened":1,"stat.sprintOneCm":1560,"stat.dropperInspected":1,"stat.damageTaken":40,"stat.useItem.minecraft.diamond_pickaxe":30,"stat.useItem.minecraft.hopper":11,"stat.flyOneCm":31944955,"stat.playOneMinute":3763715,"stat.pickup.minecraft.torch":1,"stat.sneakTime":59736,"stat.timeSinceDeath":3763715,"stat.mineBlock.minecraft.stone":19,"stat.diveOneCm":314224}