{"stat.useItem.minecraft.bow":972,"stat.useItem.minecraft.painting":143,"stat.useItem.minecraft.quartz_block":320,"stat.craftItem.minecraft.acacia_boat":24,"stat.drop.minecraft.gunpowder":507,"stat.drop.minecraft.redstone":726,"stat.craftItem.minecraft.black_glazed_terracotta":24,"stat.pickup.minecraft.dark_oak_boat":16,"stat.mineBlock.minecraft.stained_glass":2959,"stat.drop.minecraft.enchanted_book":39,"stat.mineBlock.minecraft.web":405,"stat.drop.minecraft.coal_block":2,"stat.drop.minecraft.iron_sword":1,"stat.pickup.minecraft.rotten_flesh":1661,"stat.drop.minecraft.redstone_torch":17,"stat.useItem.minecraft.diamond_hoe":3172,"stat.mineBlock.minecraft.purpur_stairs":40,"stat.craftItem.minecraft.stone_axe":2,"stat.drop.minecraft.leather_boots":150,"stat.useItem.minecraft.vine":111,"stat.pickup.minecraft.cobblestone_wall":400,"stat.pickup.minecraft.bucket":170,"stat.useItem.minecraft.rail":3584,"stat.killEntity.Enderman":40534,"stat.drop.minecraft.elytra":3,"stat.pickup.minecraft.record_ward":5,"stat.useItem.minecraft.anvil":137,"stat.craftItem.minecraft.iron_shovel":22,"stat.mineBlock.minecraft.emerald_block":258,"stat.useItem.minecraft.record_strad":3,"stat.pickup.minecraft.brown_mushroom":937,"stat.mineBlock.minecraft.end_stone":1200,"stat.killEntity.Villager":11,"stat.useItem.minecraft.iron_pickaxe":2720,"stat.pickup.minecraft.stained_hardened_clay":7355,"stat.pickup.minecraft.double_plant":1550,"stat.mineBlock.minecraft.green_glazed_terracotta":111,"stat.craftItem.minecraft.glass_pane":272,"stat.useItem.minecraft.hardened_clay":4123,"stat.drop.minecraft.diamond_chestplate":1,"stat.pickup.minecraft.light_weighted_pressure_plate":8,"stat.mineBlock.minecraft.sticky_piston":135,"stat.furnaceInteraction":2406,"stat.useItem.minecraft.nether_wart":2432,"stat.mineBlock.minecraft.chorus_plant":295,"stat.pickup.minecraft.nether_brick":720,"stat.drop.minecraft.chorus_fruit":68,"stat.pickup.minecraft.sponge":450,"stat.craftItem.minecraft.leather_helmet":16,"stat.useItem.minecraft.green_shulker_box":105,"stat.useItem.minecraft.end_stone":669,"stat.mineBlock.minecraft.wooden_button":11,"stat.drop.minecraft.cactus":36,"stat.useItem.minecraft.red_sandstone":142,"stat.pickup.minecraft.hay_block":8,"stat.drop.minecraft.magma":6,"stat.pickup.minecraft.cyan_shulker_box":221,"stat.useItem.minecraft.fence":194,"stat.craftItem.minecraft.orange_glazed_terracotta":33,"stat.drop.minecraft.furnace":35,"stat.useItem.minecraft.acacia_fence":316,"stat.mineBlock.minecraft.sponge":440,"stat.craftItem.minecraft.daylight_detector":1,"stat.useItem.minecraft.cauldron":43,"stat.useItem.minecraft.flint_and_steel":1360,"stat.mineBlock.minecraft.fence":603,"stat.useItem.minecraft.wheat_seeds":7929,"stat.mineBlock.minecraft.sea_lantern":191,"stat.craftItem.minecraft.silver_glazed_terracotta":20,"stat.drop.minecraft.cooked_fish":48,"stat.killEntity.Husk":73,"stat.pickup.minecraft.emerald":5,"stat.craftItem.minecraft.dark_oak_boat":9,"stat.pickup.minecraft.lever":241,"stat.deaths":26,"stat.pickup.minecraft.egg":88,"stat.mineBlock.minecraft.brown_shulker_box":383,"stat.craftItem.minecraft.item_frame":209,"stat.craftItem.minecraft.iron_pickaxe":13,"stat.pickup.minecraft.glass_pane":23,"stat.pickup.minecraft.item_frame":76,"stat.pickup.minecraft.sea_lantern":242,"stat.craftItem.minecraft.repeater":1005,"stat.drop.minecraft.iron_ingot":3954,"stat.mineBlock.minecraft.light_weighted_pressure_plate":7,"stat.fishCaught":52719,"stat.craftItem.minecraft.cooked_mutton":556,"stat.pickup.minecraft.cooked_mutton":1161,"stat.chestOpened":22082,"stat.useItem.minecraft.lapis_ore":63,"stat.craftItem.minecraft.mossy_cobblestone":5,"stat.craftItem.minecraft.sign":315,"stat.useItem.minecraft.jungle_fence":147,"stat.pickup.minecraft.iron_sword":4,"stat.killEntity.Vex":18,"stat.pickup.minecraft.lapis_ore":77,"stat.craftItem.minecraft.quartz_block":1030,"stat.pickup.minecraft.gold_nugget":28,"stat.pickup.minecraft.chorus_flower":55,"stat.drop.minecraft.banner":21,"stat.craftItem.minecraft.coal":2663,"stat.craftItem.minecraft.ender_chest":15,"stat.pickup.minecraft.carrot":1685,"stat.drop.minecraft.stone_sword":97,"stat.crouchOneCm":14158938,"stat.pickup.minecraft.rail":1311,"stat.craftItem.minecraft.diamond":36,"stat.craftItem.minecraft.iron_ingot":21890,"stat.pickup.minecraft.ender_chest":506,"stat.drop.minecraft.slime_ball":78,"stat.craftingTableInteraction":4287,"stat.mineBlock.minecraft.wooden_pressure_plate":18,"stat.useItem.minecraft.light_blue_shulker_box":90,"stat.pickup.minecraft.repeater":430,"stat.mineBlock.minecraft.log2":7180,"stat.drop.minecraft.double_plant":1,"stat.useItem.minecraft.dark_oak_fence":304,"stat.drop.minecraft.rabbit":12,"stat.pickup.minecraft.dye":7719,"stat.mineBlock.minecraft.jungle_fence":124,"stat.pickup.minecraft.planks":2682,"stat.drop.minecraft.minecart":26,"stat.mineBlock.minecraft.blue_glazed_terracotta":67,"stat.drop.minecraft.soul_sand":5,"stat.useItem.minecraft.lime_glazed_terracotta":38,"stat.drop.minecraft.record_ward":13,"stat.drop.minecraft.carpet":190,"stat.mineBlock.minecraft.ender_chest":511,"stat.pickup.minecraft.ice":2401,"stat.mineBlock.minecraft.daylight_detector":8,"stat.flowerPotted":3,"stat.drop.minecraft.brewing_stand":2,"stat.drop.minecraft.rotten_flesh":1488,"stat.pickup.minecraft.magma":656,"stat.craftItem.minecraft.purple_glazed_terracotta":24,"stat.mineBlock.minecraft.pink_glazed_terracotta":22,"stat.drop.minecraft.coal_ore":753,"stat.useItem.minecraft.jungle_fence_gate":3,"stat.drop.minecraft.iron_door":6,"stat.drop.minecraft.glass_pane":1,"stat.drop.minecraft.iron_ore":602,"stat.useItem.minecraft.yellow_flower":4,"stat.drop.minecraft.sapling":556,"stat.pickup.minecraft.chicken":4,"stat.pickup.minecraft.tipped_arrow":24,"stat.drop.minecraft.gold_nugget":17,"stat.pickup.minecraft.end_stone":1246,"stat.useItem.minecraft.glass_pane":257,"stat.useItem.minecraft.record_mellohi":1,"stat.drop.minecraft.fish":11616,"stat.pickup.minecraft.coal_block":110,"stat.craftItem.minecraft.bucket":383,"stat.craftItem.minecraft.planks":53663,"stat.useItem.minecraft.iron_sword":208,"stat.mineBlock.minecraft.prismarine":1821,"stat.craftItem.minecraft.dirt":448,"stat.pickup.minecraft.stone_sword":66,"stat.craftItem.minecraft.fishing_rod":27,"stat.useItem.minecraft.daylight_detector":9,"stat.useItem.minecraft.stonebrick":19677,"stat.pickup.minecraft.book":84,"stat.craftItem.minecraft.wooden_door":132,"stat.useItem.minecraft.green_glazed_terracotta":243,"stat.mineBlock.minecraft.waterlily":281,"stat.pickup.minecraft.orange_glazed_terracotta":41,"stat.pickup.minecraft.iron_door":28,"stat.drop.minecraft.leather_leggings":4,"stat.pickup.minecraft.red_nether_brick":198,"stat.pickup.minecraft.cooked_fish":109,"stat.craftItem.minecraft.spruce_door":51,"stat.pickup.minecraft.tripwire_hook":36,"stat.drop.minecraft.observer":61,"stat.mineBlock.minecraft.magenta_glazed_terracotta":30,"stat.drop.minecraft.lapis_ore":1,"stat.craftItem.minecraft.jungle_boat":67,"stat.pickup.minecraft.bookshelf":114,"stat.pickup.minecraft.spruce_fence_gate":5,"stat.mineBlock.minecraft.cobblestone":7591,"stat.mineBlock.minecraft.pumpkin":117,"stat.useItem.minecraft.beacon":86,"stat.pickup.minecraft.flint":1747,"stat.craftItem.minecraft.quartz_stairs":200,"stat.drop.minecraft.beacon":1,"stat.pickup.minecraft.leather_chestplate":8,"stat.mineBlock.minecraft.concrete":13200,"stat.pickup.minecraft.flower_pot":2,"stat.mineBlock.minecraft.stained_glass_pane":209,"stat.pickup.minecraft.purple_glazed_terracotta":15,"stat.drop.minecraft.end_bricks":23,"stat.pickup.minecraft.lime_shulker_box":143,"stat.drop.minecraft.cobblestone":21981,"stat.useItem.minecraft.chorus_flower":9,"stat.pickup.minecraft.cooked_porkchop":246,"stat.useItem.minecraft.coal_block":530,"stat.breakItem.minecraft.iron_pickaxe":9,"stat.mineBlock.minecraft.dropper":415,"stat.useItem.minecraft.stone_slab2":28,"stat.pickup.minecraft.iron_boots":9,"stat.pickup.minecraft.diamond_horse_armor":2,"stat.pickup.minecraft.stone_hoe":1,"stat.craftItem.minecraft.furnace":626,"stat.craftItem.minecraft.lapis_block":198,"stat.useItem.minecraft.white_glazed_terracotta":32,"stat.pickup.minecraft.map":2,"stat.craftItem.minecraft.iron_boots":6,"stat.pickup.minecraft.green_glazed_terracotta":110,"stat.pickup.minecraft.record_chirp":6,"stat.useItem.minecraft.spruce_fence_gate":7,"stat.drop.minecraft.record_cat":11,"stat.mineBlock.minecraft.clay":347,"stat.mineBlock.minecraft.noteblock":77,"stat.pickup.minecraft.diamond_leggings":11,"stat.drop.minecraft.iron_helmet":4,"stat.drop.minecraft.chainmail_chestplate":1,"stat.drop.minecraft.snow_layer":39,"stat.useItem.minecraft.melon_block":3,"stat.drop.minecraft.spider_eye":13445,"stat.useItem.minecraft.wooden_slab":7494,"stat.craftItem.minecraft.beacon":65,"stat.useItem.minecraft.iron_door":28,"stat.craftItem.minecraft.iron_block":16724,"stat.craftItem.minecraft.stonebrick":26567,"stat.useItem.minecraft.brown_shulker_box":397,"stat.pickup.minecraft.light_blue_glazed_terracotta":63,"stat.craftItem.minecraft.end_rod":512,"stat.drop.minecraft.stained_glass":8,"stat.drop.minecraft.flint_and_steel":4,"stat.drop.minecraft.wool":188,"stat.killEntity.Creeper":187,"stat.useItem.minecraft.armor_stand":56,"stat.drop.minecraft.ender_chest":4,"stat.useItem.minecraft.silver_shulker_box":261,"stat.craftItem.minecraft.jungle_stairs":8,"stat.pickup.minecraft.brown_shulker_box":385,"stat.entityKilledBy.Skeleton":2,"stat.drop.minecraft.obsidian":16,"stat.pickup.minecraft.birch_stairs":106,"stat.useItem.minecraft.dropper":1828,"stat.killEntity.Squid":49,"stat.sprintOneCm":134429311,"stat.useItem.minecraft.diamond_block":2,"stat.mineBlock.minecraft.stone_slab":7253,"stat.drop.minecraft.leather":2,"stat.useItem.minecraft.hay_block":12,"stat.drop.minecraft.stone_hoe":4,"stat.useItem.minecraft.snowball":14,"stat.entityKilledBy.VindicationIllager":1,"stat.pickup.minecraft.leather_leggings":10,"stat.craftItem.minecraft.redstone_lamp":505,"stat.drop.minecraft.boat":8,"stat.drop.minecraft.cobblestone_wall":18,"stat.pickup.minecraft.sugar":2679,"stat.pickup.minecraft.vine":597,"stat.craftItem.minecraft.leather_chestplate":23,"stat.useItem.minecraft.banner":67,"stat.drop.minecraft.golden_rail":165,"stat.entityKilledBy.Slime":2,"stat.mineBlock.minecraft.yellow_glazed_terracotta":55,"stat.craftItem.minecraft.emerald":2,"stat.pickup.minecraft.iron_block":4305,"stat.killEntity.Zombie":660,"stat.craftItem.minecraft.dye":55781,"stat.craftItem.minecraft.diamond_axe":1,"stat.mineBlock.minecraft.gold_ore":911,"stat.drop.minecraft.diamond_pickaxe":15,"stat.craftItem.minecraft.slime_ball":1485,"stat.pickup.minecraft.wheat":1977,"stat.craftItem.minecraft.sandstone":2050,"stat.mineBlock.minecraft.mossy_cobblestone":919,"stat.drop.minecraft.stone_stairs":39,"stat.drop.minecraft.purpur_stairs":6,"stat.drop.minecraft.acacia_fence_gate":1,"stat.pickup.minecraft.sign":166,"stat.drop.minecraft.black_shulker_box":1,"stat.drop.minecraft.bookshelf":1,"stat.craftItem.minecraft.cooked_porkchop":35,"stat.pickup.minecraft.obsidian":2195,"stat.useItem.minecraft.heavy_weighted_pressure_plate":26,"stat.useItem.minecraft.iron_trapdoor":1933,"stat.pickup.minecraft.coal":10578,"stat.pickup.minecraft.iron_ingot":120089,"stat.useItem.minecraft.dark_oak_boat":20,"stat.craftItem.minecraft.lever":296,"stat.drop.minecraft.diamond_sword":4,"stat.drop.minecraft.wooden_sword":1,"stat.pickup.minecraft.gunpowder":1987,"stat.pickup.minecraft.dirt":109817,"stat.useItem.minecraft.coal_ore":100,"stat.drop.minecraft.iron_shovel":24,"stat.craftItem.minecraft.sponge":372,"stat.useItem.minecraft.light_weighted_pressure_plate":19,"stat.useItem.minecraft.dispenser":212,"stat.mineBlock.minecraft.lapis_ore":318,"stat.pickup.minecraft.red_sandstone":38,"stat.pickup.minecraft.iron_axe":3,"stat.pickup.minecraft.cookie":11,"stat.drop.minecraft.acacia_boat":1,"stat.brewingstandInteraction":175,"stat.useItem.minecraft.stone_brick_stairs":7158,"stat.mineBlock.minecraft.red_flower":590,"stat.mineBlock.minecraft.torch":2014,"stat.pickup.minecraft.written_book":22,"stat.tradedWithVillager":2,"stat.useItem.minecraft.acacia_door":244,"stat.pickup.minecraft.magma_cream":182,"stat.noteblockTuned":7156603,"stat.craftItem.minecraft.comparator":571,"stat.craftItem.minecraft.sea_lantern":793,"stat.craftItem.minecraft.glowstone":9575,"stat.useItem.minecraft.slime":833,"stat.useItem.minecraft.birch_fence":96,"stat.mineBlock.minecraft.fence_gate":3,"stat.pickup.minecraft.diamond_axe":11,"stat.pickup.minecraft.rabbit_hide":65,"stat.useItem.minecraft.snow_layer":1373,"stat.pickup.minecraft.shulker_shell":528,"stat.pickup.minecraft.record_wait":7,"stat.drop.minecraft.emerald_block":1,"stat.mineBlock.minecraft.birch_fence":13,"stat.pickup.minecraft.green_shulker_box":91,"stat.drop.minecraft.item_frame":1,"stat.drop.minecraft.wheat":41,"stat.drop.minecraft.noteblock":1,"stat.pickup.minecraft.diamond_pickaxe":32,"stat.useItem.minecraft.pumpkin":297,"stat.pickup.minecraft.noteblock":69,"stat.useItem.minecraft.tnt":33,"stat.useItem.minecraft.lava_bucket":585,"stat.useItem.minecraft.gold_ore":43,"stat.pickup.minecraft.rabbit_foot":3,"stat.drop.minecraft.netherrack":4395,"stat.pickup.minecraft.red_mushroom_block":10679,"stat.pickup.minecraft.pink_glazed_terracotta":22,"stat.useItem.minecraft.item_frame":271,"stat.drop.minecraft.record_chirp":10,"stat.useItem.minecraft.stained_hardened_clay":18376,"stat.drop.minecraft.egg":43,"stat.useItem.minecraft.redstone_ore":165,"stat.pickup.minecraft.cooked_beef":1960,"stat.useItem.minecraft.concrete":10222,"stat.killEntity.Stray":31,"stat.drop.minecraft.nether_brick":3,"stat.drop.minecraft.lever":67,"stat.mineBlock.minecraft.purpur_slab":79,"stat.pickup.minecraft.dark_oak_stairs":106,"stat.mobKills":132024,"stat.pickup.minecraft.diamond_boots":9,"stat.mineBlock.minecraft.bookshelf":141,"stat.drop.minecraft.written_book":1,"stat.useItem.minecraft.boat":63,"stat.craftItem.minecraft.lead":16,"stat.useItem.minecraft.mossy_cobblestone":123,"stat.pickup.minecraft.diamond":268,"stat.pickup.minecraft.beetroot_seeds":21,"stat.pickup.minecraft.brown_mushroom_block":10264,"stat.craftItem.minecraft.nether_brick_stairs":120,"stat.craftItem.minecraft.spruce_stairs":224,"stat.craftItem.minecraft.map":59,"stat.useItem.minecraft.string":823,"stat.drop.minecraft.mutton":2,"stat.craftItem.minecraft.yellow_glazed_terracotta":48,"stat.useItem.minecraft.bookshelf":121,"stat.useItem.minecraft.soul_sand":1027,"stat.killEntity.Blaze":101,"stat.drop.minecraft.shield":2,"stat.drop.minecraft.skull":12,"stat.useItem.minecraft.gray_shulker_box":106,"stat.pickup.minecraft.golden_boots":8,"stat.pickup.minecraft.glowstone_dust":1183,"stat.drop.minecraft.bowl":130,"stat.drop.minecraft.wooden_door":8,"stat.mineBlock.minecraft.white_shulker_box":471,"stat.mineBlock.minecraft.red_mushroom":8,"stat.mineBlock.minecraft.stone_brick_stairs":1786,"stat.mineBlock.minecraft.nether_brick_fence":60,"stat.drop.minecraft.golden_leggings":5,"stat.pickup.minecraft.splash_potion":7,"stat.pickup.minecraft.observer":315,"stat.craftItem.minecraft.lit_pumpkin":159,"stat.craftItem.minecraft.cobblestone_wall":1296,"stat.craftItem.minecraft.stone_sword":9,"stat.mineBlock.minecraft.snow_layer":20493,"stat.pickup.minecraft.chainmail_chestplate":1,"stat.mineBlock.minecraft.sand":39648,"stat.craftItem.minecraft.wooden_hoe":1,"stat.craftItem.minecraft.slime":2129,"stat.hopperInspected":2943,"stat.useItem.minecraft.fence_gate":4,"stat.drop.minecraft.diamond":25,"stat.pickup.minecraft.packed_ice":4135,"stat.breakItem.minecraft.flint_and_steel":18,"stat.pickup.minecraft.ghast_tear":13,"stat.pickup.minecraft.armor_stand":25,"stat.trappedChestTriggered":1770,"stat.mineBlock.minecraft.gray_shulker_box":102,"stat.drop.minecraft.rail":293,"stat.craftItem.minecraft.magma_cream":2,"stat.drop.minecraft.spruce_door":5,"stat.craftItem.minecraft.acacia_stairs":664,"stat.craftItem.minecraft.observer":560,"stat.pickup.minecraft.wooden_button":23,"stat.drop.minecraft.purple_shulker_box":8,"stat.mineBlock.minecraft.lapis_block":58,"stat.drop.minecraft.wooden_pressure_plate":4,"stat.useItem.minecraft.minecart":178,"stat.useItem.minecraft.cooked_mutton":1759,"stat.pickup.minecraft.totem_of_undying":6,"stat.drop.minecraft.diamond_helmet":2,"stat.drop.minecraft.stained_hardened_clay":82,"stat.drop.minecraft.wooden_button":7,"stat.drop.minecraft.fishing_rod":449,"stat.drop.minecraft.record_stal":7,"stat.drop.minecraft.pumpkin_seeds":4,"stat.drop.minecraft.prismarine_shard":42,"stat.pickup.minecraft.stone_stairs":262,"stat.craftItem.minecraft.fence_gate":4,"stat.pickup.minecraft.acacia_stairs":246,"stat.pickup.minecraft.pumpkin_seeds":44,"stat.drop.minecraft.fireworks":69,"stat.drop.minecraft.jungle_boat":10,"stat.drop.minecraft.snowball":291,"stat.pickup.minecraft.saddle":7,"stat.mineBlock.minecraft.soul_sand":2160,"stat.pickup.minecraft.mycelium":29713,"stat.useItem.minecraft.furnace_minecart":1,"stat.pickup.minecraft.blaze_rod":51,"stat.craftItem.minecraft.diamond_block":26,"stat.drop.minecraft.chest":19,"stat.useItem.minecraft.gray_glazed_terracotta":455,"stat.drop.minecraft.record_mall":6,"stat.pickup.minecraft.netherrack":66739,"stat.pickup.minecraft.pumpkin":106,"stat.pickup.minecraft.spruce_door":90,"stat.useItem.minecraft.fish":3,"stat.recordPlayed":12,"stat.drop.minecraft.detector_rail":2,"stat.drop.minecraft.red_mushroom_block":226,"stat.drop.minecraft.packed_ice":2,"stat.pickup.minecraft.waterlily":81,"stat.useItem.minecraft.sponge":377,"stat.mineBlock.minecraft.ice":3313,"stat.craftItem.minecraft.redstone_torch":4836,"stat.pickup.minecraft.detector_rail":9,"stat.useItem.minecraft.packed_ice":3017,"stat.mineBlock.minecraft.gold_block":94,"stat.drop.minecraft.stone":33391,"stat.useItem.minecraft.trapped_chest":351,"stat.pickup.minecraft.melon_seeds":47,"stat.drop.minecraft.gold_ore":4,"stat.pickup.minecraft.dropper":398,"stat.useItem.minecraft.black_shulker_box":140,"stat.pickup.minecraft.golden_leggings":8,"stat.pickup.minecraft.melon":21,"stat.drop.minecraft.stained_glass_pane":1,"stat.dropperInspected":1131,"stat.mineBlock.minecraft.nether_wart_block":88,"stat.pickup.minecraft.heavy_weighted_pressure_plate":9,"stat.pickup.minecraft.emerald_ore":1,"stat.useItem.minecraft.golden_rail":1000,"stat.craftItem.minecraft.detector_rail":12,"stat.drop.minecraft.bone":306,"stat.craftItem.minecraft.wooden_button":29,"stat.useItem.minecraft.furnace":1006,"stat.pickup.minecraft.slime":560,"stat.pickup.minecraft.iron_leggings":12,"stat.mineBlock.minecraft.snow":859,"stat.mineBlock.minecraft.gravel":17501,"stat.drop.minecraft.fence_gate":1,"stat.mineBlock.minecraft.beacon":55,"stat.drop.minecraft.diamond_hoe":1,"stat.useItem.minecraft.wool":21243,"stat.drop.minecraft.reeds":19,"stat.craftItem.minecraft.gray_glazed_terracotta":67,"stat.drop.minecraft.iron_axe":1,"stat.craftItem.minecraft.cyan_glazed_terracotta":24,"stat.pickup.minecraft.flint_and_steel":8,"stat.drop.minecraft.record_11":8,"stat.mineBlock.minecraft.green_shulker_box":92,"stat.drop.minecraft.record_13":10,"stat.useItem.minecraft.torch":14632,"stat.pickup.minecraft.golden_apple":14,"stat.craftItem.minecraft.redstone_block":4863,"stat.craftItem.minecraft.stone_stairs":4008,"stat.pickup.minecraft.crafting_table":298,"stat.useItem.minecraft.log":2430,"stat.useItem.minecraft.comparator":854,"stat.drop.minecraft.tallgrass":89,"stat.craftItem.minecraft.crafting_table":127,"stat.drop.minecraft.end_stone":110,"stat.pickup.minecraft.magenta_glazed_terracotta":30,"stat.craftItem.minecraft.boat":20,"stat.mineBlock.minecraft.emerald_ore":1,"stat.pickup.minecraft.redstone_block":265,"stat.useItem.minecraft.cooked_fish":472,"stat.drop.minecraft.sign":25,"stat.useItem.minecraft.nether_wart_block":620,"stat.drop.minecraft.stonebrick":102,"stat.craftItem.minecraft.stone_button":141,"stat.drop.minecraft.planks":366,"stat.pickup.minecraft.web":168,"stat.pickup.minecraft.sapling":3178,"stat.craftItem.minecraft.red_glazed_terracotta":279,"stat.drop.minecraft.melon_seeds":14,"stat.useItem.minecraft.deadbush":131,"stat.drop.minecraft.bow":420,"stat.pickup.minecraft.beetroot":8,"stat.drop.minecraft.golden_chestplate":3,"stat.killEntity.WitherSkeleton":4016,"stat.useItem.minecraft.wooden_pressure_plate":120,"stat.pickup.minecraft.golden_sword":3,"stat.craftItem.minecraft.sugar":3,"stat.pickup.minecraft.rabbit":31,"stat.mineBlock.minecraft.orange_shulker_box":240,"stat.drop.minecraft.bucket":10,"stat.craftItem.minecraft.spruce_fence_gate":18,"stat.useItem.minecraft.baked_potato":1,"stat.drop.minecraft.yellow_flower":85,"stat.pickup.minecraft.stone_slab":9189,"stat.pickup.minecraft.yellow_flower":402,"stat.pickup.minecraft.golden_rail":534,"stat.useItem.minecraft.fishing_rod":438340,"stat.craftItem.minecraft.diamond_chestplate":1,"stat.pickup.minecraft.bone":1981,"stat.craftItem.minecraft.sticky_piston":346,"stat.pickup.minecraft.redstone_torch":644,"stat.horseOneCm":78299,"stat.drop.minecraft.tripwire_hook":27,"stat.useItem.minecraft.log2":5026,"stat.drop.minecraft.glowstone_dust":44,"stat.mineBlock.minecraft.slime":504,"stat.drop.minecraft.red_mushroom":28,"stat.drop.minecraft.mossy_cobblestone":48,"stat.mineBlock.minecraft.black_shulker_box":136,"stat.drop.minecraft.prismarine_crystals":28,"stat.breakItem.minecraft.shield":4,"stat.mineBlock.minecraft.brown_mushroom":98,"stat.mineBlock.minecraft.acacia_fence":124,"stat.useItem.minecraft.diamond_sword":82854,"stat.craftItem.minecraft.diamond_helmet":1,"stat.climbOneCm":3182149,"stat.useItem.minecraft.end_rod":520,"stat.craftItem.minecraft.gold_block":95,"stat.enderchestOpened":5494,"stat.useItem.minecraft.redstone_torch":1787,"stat.drop.minecraft.quartz":1267,"stat.craftItem.minecraft.purple_shulker_box":201,"stat.drop.minecraft.writable_book":2,"stat.useItem.minecraft.jungle_boat":74,"stat.useItem.minecraft.red_flower":265,"stat.pickup.minecraft.cooked_rabbit":39,"stat.drop.minecraft.web":1,"stat.pickup.minecraft.daylight_detector":8,"stat.craftItem.minecraft.bone_block":2874,"stat.useItem.minecraft.magenta_shulker_box":229,"stat.pickup.minecraft.anvil":71,"stat.useItem.minecraft.leaves2":251,"stat.mineBlock.minecraft.black_glazed_terracotta":99,"stat.useItem.minecraft.iron_ore":42,"stat.craftItem.minecraft.trapdoor":2368,"stat.craftItem.minecraft.stone_pickaxe":4,"stat.pickup.minecraft.cobblestone":135002,"stat.useItem.minecraft.yellow_glazed_terracotta":86,"stat.drop.minecraft.rabbit_hide":3,"stat.craftItem.minecraft.glass_bottle":135,"stat.pickup.minecraft.soul_sand":2146,"stat.useItem.minecraft.cooked_beef":2319,"stat.pickup.minecraft.cactus":1585,"stat.drop.minecraft.clay_ball":14,"stat.pickup.minecraft.dragon_egg":1,"stat.pickup.minecraft.redstone":7937,"stat.craftItem.minecraft.dispenser":203,"stat.pickup.minecraft.acacia_boat":3,"stat.mineBlock.minecraft.iron_ore":5288,"stat.craftItem.minecraft.book":28,"stat.craftItem.minecraft.acacia_door":105,"stat.drop.minecraft.name_tag":3,"stat.pickup.minecraft.mossy_cobblestone":874,"stat.useItem.minecraft.noteblock":212,"stat.drop.minecraft.coal":75,"stat.drop.minecraft.iron_bars":144,"stat.drop.minecraft.dirt":18566,"stat.useItem.minecraft.cooked_porkchop":119,"stat.pickup.minecraft.iron_shovel":51,"stat.pickup.minecraft.trapdoor":865,"stat.pickup.minecraft.carpet":618,"stat.pickup.minecraft.diamond_shovel":20,"stat.craftItem.minecraft.acacia_fence":222,"stat.useItem.minecraft.chest_minecart":3,"stat.mineBlock.minecraft.lime_shulker_box":144,"stat.useItem.minecraft.sea_lantern":1002,"stat.craftItem.minecraft.snow_layer":1556,"stat.pickup.minecraft.silver_shulker_box":250,"stat.pickup.minecraft.nether_star":1,"stat.useItem.minecraft.spruce_fence":1322,"stat.pickup.minecraft.sandstone_stairs":149,"stat.craftItem.minecraft.chest_minecart":3,"stat.pickup.minecraft.paper":339,"stat.pickup.minecraft.jungle_fence_gate":2,"stat.craftItem.minecraft.stick":17344,"stat.craftItem.minecraft.stained_hardened_clay":18904,"stat.craftItem.minecraft.gold_nugget":108,"stat.pickup.minecraft.grass":5834,"stat.useItem.minecraft.magenta_glazed_terracotta":43,"stat.useItem.minecraft.stone_pressure_plate":722,"stat.drop.minecraft.leaves":403,"stat.pickup.minecraft.golden_horse_armor":2,"stat.pickup.minecraft.diamond_chestplate":9,"stat.drop.minecraft.dispenser":3,"stat.entityKilledBy.Creeper":1,"stat.drop.minecraft.tipped_arrow":45,"stat.breakItem.minecraft.shears":274,"stat.pickup.minecraft.blue_shulker_box":124,"stat.mineBlock.minecraft.planks":2133,"stat.drop":10471,"stat.pickup.minecraft.jukebox":3,"stat.killEntity.Sheep":505,"stat.drop.minecraft.iron_boots":2,"stat.drop.minecraft.redstone_block":22,"stat.pickup.minecraft.golden_chestplate":4,"stat.useItem.minecraft.melon_seeds":16,"stat.drop.minecraft.bread":8,"stat.useItem.minecraft.light_blue_glazed_terracotta":227,"stat.pickup.minecraft.purpur_pillar":176,"stat.drop.minecraft.nether_wart":576,"stat.craftItem.minecraft.piston":530,"stat.pickup.minecraft.record_strad":8,"stat.useItem.minecraft.quartz_stairs":295,"stat.drop.minecraft.cooked_beef":440,"stat.pickup.minecraft.black_glazed_terracotta":98,"stat.killEntity.Slime":1188,"stat.mineBlock.minecraft.anvil":69,"stat.useItem.minecraft.lime_shulker_box":151,"stat.useItem.minecraft.blue_glazed_terracotta":31,"stat.pickup.minecraft.purple_shulker_box":2260,"stat.useItem.minecraft.waterlily":47,"stat.useItem.minecraft.apple":6,"stat.mineBlock.minecraft.deadbush":256,"stat.useItem.minecraft.black_glazed_terracotta":42,"stat.useItem.minecraft.carpet":2023,"stat.useItem.minecraft.potion":31,"stat.useItem.minecraft.flower_pot":6,"stat.mineBlock.minecraft.purpur_pillar":186,"stat.pickup.minecraft.fence":632,"stat.useItem.minecraft.stone_axe":70,"stat.craftItem.minecraft.iron_helmet":6,"stat.craftItem.minecraft.rail":2688,"stat.drop.minecraft.bed":8,"stat.drop.minecraft.glass":82,"stat.boatOneCm":5921472,"stat.drop.minecraft.magma_cream":1,"stat.craftItem.minecraft.flint_and_steel":29,"stat.useItem.minecraft.redstone_lamp":627,"stat.mineBlock.minecraft.leaves2":2914,"stat.mineBlock.minecraft.stone_stairs":265,"stat.craftItem.minecraft.iron_bars":3280,"stat.mineBlock.minecraft.furnace":597,"stat.pickup.minecraft.dark_oak_fence":89,"stat.pickup.minecraft.prismarine_shard":137,"stat.drop.minecraft.stone_button":4,"stat.drop.minecraft.water_bucket":4,"stat.killEntity.CaveSpider":117,"stat.craftItem.minecraft.netherbrick":65,"stat.craftItem.minecraft.birch_fence":93,"stat.pickup.minecraft.oak_stairs":19,"stat.pickup.minecraft.emerald_block":258,"stat.pickup.minecraft.stained_glass":4300,"stat.damageDealt":2750742,"stat.craftItem.minecraft.anvil":81,"stat.pickup.minecraft.end_bricks":399,"stat.mineBlock.minecraft.nether_brick_stairs":49,"stat.useItem.minecraft.crafting_table":331,"stat.useItem.minecraft.cyan_glazed_terracotta":56,"stat.pickup.minecraft.boat":63,"stat.pickup.minecraft.stick":12879,"stat.pickup.minecraft.spectral_arrow":86,"stat.breakItem.minecraft.stone_pickaxe":2,"stat.drop.minecraft.iron_block":143,"stat.craftItem.minecraft.diamond_boots":2,"stat.craftItem.minecraft.writable_book":7,"stat.useItem.minecraft.redstone_block":1229,"stat.drop.minecraft.brown_shulker_box":1,"stat.drop.minecraft.leather_chestplate":2,"stat.useItem.minecraft.spruce_stairs":228,"stat.craftItem.minecraft.redstone":10285,"stat.pickup.minecraft.chorus_fruit":3856,"stat.useItem.minecraft.cactus":516,"stat.craftItem.minecraft.red_nether_brick":544,"stat.drop.minecraft.purpur_block":2,"stat.mineBlock.minecraft.purple_glazed_terracotta":15,"stat.killEntity.Chicken":48,"stat.drop.minecraft.crafting_table":35,"stat.useItem.minecraft.iron_block":11905,"stat.mineBlock.minecraft.quartz_ore":3894,"stat.pickup.minecraft.concrete_powder":8930,"stat.pickup.minecraft.yellow_glazed_terracotta":55,"stat.drop.minecraft.filled_map":1,"stat.craftItem.minecraft.fence":9,"stat.craftItem.minecraft.jungle_fence":90,"stat.useItem.minecraft.golden_apple":2,"stat.mineBlock.minecraft.leaves":10540,"stat.mineBlock.minecraft.piston":218,"stat.mineBlock.minecraft.bone_block":853,"stat.mineBlock.minecraft.hay_block":8,"stat.useItem.minecraft.map":15,"stat.craftItem.minecraft.tripwire_hook":114,"stat.beaconInteraction":119,"stat.drop.minecraft.dark_oak_boat":4,"stat.pickup.minecraft.wooden_slab":2352,"stat.craftItem.minecraft.diamond_hoe":3,"stat.leaveGame":1500,"stat.killEntity.Parrot":70,"stat.pickup.minecraft.jungle_fence":123,"stat.pickup.minecraft.stone_slab2":32,"stat.useItem.minecraft.glowstone":1322,"stat.mineBlock.minecraft.sandstone":7792,"stat.craftItem.minecraft.ender_eye":28,"stat.killEntity.PigZombie":49,"stat.craftItem.minecraft.shield":11,"stat.craftItem.minecraft.stone_pressure_plate":816,"stat.drop.minecraft.feather":6,"stat.mineBlock.minecraft.red_sandstone":33,"stat.pickup.minecraft.leaves2":367,"stat.useItem.minecraft.sandstone_stairs":736,"stat.craftItem.minecraft.noteblock":150,"stat.useItem.minecraft.birch_boat":3,"stat.useItem.minecraft.purpur_stairs":29,"stat.mineBlock.minecraft.wooden_slab":2130,"stat.pickup.minecraft.leather_boots":11,"stat.mineBlock.minecraft.lime_glazed_terracotta":25,"stat.drop.minecraft.record_strad":9,"stat.killEntity.Witch":76766,"stat.drop.minecraft.sand":283,"stat.killEntity.MushroomCow":182,"stat.drop.minecraft.gold_ingot":38,"stat.drop.minecraft.tnt":12,"stat.craftItem.minecraft.wooden_pickaxe":1,"stat.craftItem.minecraft.brown_glazed_terracotta":16,"stat.craftItem.minecraft.iron_door":15,"stat.useItem.minecraft.iron_shovel":3391,"stat.drop.minecraft.cooked_mutton":147,"stat.craftItem.minecraft.bed":16,"stat.mineBlock.minecraft.hopper":1053,"stat.pickup.minecraft.melon_block":53,"stat.mineBlock.minecraft.vine":1163,"stat.pickup.minecraft.record_far":7,"stat.drop.minecraft.gravel":828,"stat.mineBlock.minecraft.rail":847,"stat.useItem.minecraft.pumpkin_seeds":24,"stat.killEntity.ZombieVillager":32,"stat.noteblockPlayed":84,"stat.drop.minecraft.red_flower":450,"stat.useItem.minecraft.double_plant":27,"stat.pickup.minecraft.prismarine":2681,"stat.pickup.minecraft.beef":745,"stat.pickup.minecraft.leather_helmet":10,"stat.pickup.minecraft.cauldron":7,"stat.useItem.minecraft.trapdoor":2874,"stat.mineBlock.minecraft.stained_hardened_clay":10655,"stat.useItem.minecraft.blue_shulker_box":126,"stat.useItem.minecraft.stained_glass":19721,"stat.craftItem.minecraft.prismarine":9755,"stat.drop.minecraft.stone_pressure_plate":169,"stat.useItem.minecraft.dark_oak_door":2,"stat.useItem.minecraft.ice":1241,"stat.pickup.minecraft.magenta_shulker_box":227,"stat.pickup.minecraft.potion":20,"stat.useItem.minecraft.wooden_button":33,"stat.craftItem.minecraft.dropper":1426,"stat.useItem.minecraft.dye":5365,"stat.mineBlock.minecraft.stone_slab2":28,"stat.mineBlock.minecraft.stone_pressure_plate":48,"stat.useItem.minecraft.nether_brick":1131,"stat.drop.minecraft.torch":144,"stat.drop.minecraft.glass_bottle":12496,"stat.useItem.minecraft.jukebox":14,"stat.mineBlock.minecraft.tallgrass":5799,"stat.useItem.minecraft.cooked_rabbit":38,"stat.drop.minecraft.quartz_ore":11,"stat.craftItem.minecraft.light_weighted_pressure_plate":11,"stat.useItem.minecraft.stone":77081,"stat.pickup.minecraft.arrow":1066,"stat.useItem.minecraft.acacia_fence_gate":2,"stat.pickup.minecraft.wooden_pressure_plate":62,"stat.killEntity.Ghast":41,"stat.useItem.minecraft.ender_chest":518,"stat.useItem.minecraft.white_shulker_box":485,"stat.pickup.minecraft.acacia_fence_gate":3,"stat.useItem.minecraft.clay":16,"stat.drop.minecraft.iron_pickaxe":2,"stat.mineBlock.minecraft.chest":864,"stat.pickup.minecraft.painting":123,"stat.mineBlock.minecraft.hardened_clay":24933,"stat.mineBlock.minecraft.concrete_powder":2016,"stat.craftItem.minecraft.hopper":1687,"stat.drop.minecraft.concrete_powder":77,"stat.pickup.minecraft.gray_shulker_box":103,"stat.pickup.minecraft.nether_brick_fence":60,"stat.useItem.minecraft.purple_glazed_terracotta":28,"stat.pickup.minecraft.yellow_shulker_box":313,"stat.pickup.minecraft.orange_shulker_box":241,"stat.useItem.minecraft.reeds":383,"stat.craftItem.minecraft.wooden_sword":1,"stat.craftItem.minecraft.nether_brick":864,"stat.craftItem.minecraft.diamond_shovel":4,"stat.pickup.minecraft.wheat_seeds":10231,"stat.drop.minecraft.snow":21,"stat.mineBlock.minecraft.glass":1358,"stat.drop.minecraft.spruce_fence":18,"stat.useItem.minecraft.enchanting_table":10,"stat.pickup.minecraft.pink_shulker_box":170,"stat.mineBlock.minecraft.dirt":106987,"stat.pickup.minecraft.poisonous_potato":4,"stat.drop.minecraft.paper":12,"stat.useItem.minecraft.bread":23,"stat.pickup.minecraft.brewing_stand":8,"stat.pickup.minecraft.light_blue_shulker_box":88,"stat.useItem.minecraft.cobblestone":25967,"stat.craftItem.minecraft.leather_boots":44,"stat.useItem.minecraft.gravel":874,"stat.mineBlock.minecraft.double_plant":68,"stat.useItem.minecraft.record_far":2,"stat.minecartOneCm":813624,"stat.drop.minecraft.record_far":13,"stat.pickup.minecraft.brown_glazed_terracotta":40,"stat.drop.minecraft.chicken":2,"stat.pickup.minecraft.iron_pickaxe":9,"stat.drop.minecraft.carrot":535,"stat.mineBlock.minecraft.end_rod":565,"stat.craftItem.minecraft.gold_ingot":1208,"stat.pickup.minecraft.hopper":1042,"stat.mineBlock.minecraft.silver_shulker_box":249,"stat.craftItem.minecraft.brewing_stand":5,"stat.useItem.minecraft.tallgrass":54,"stat.pickup.minecraft.apple":208,"stat.useItem.minecraft.fireworks":61,"stat.pickup.minecraft.banner":46,"stat.craftItem.minecraft.carrot_on_a_stick":1,"stat.killEntity.ElderGuardian":5,"stat.itemEnchanted":21,"stat.useItem.minecraft.acacia_boat":2,"stat.mineBlock.minecraft.log":17318,"stat.mineBlock.minecraft.heavy_weighted_pressure_plate":8,"stat.useItem.minecraft.wooden_door":151,"stat.useItem.minecraft.spruce_door":49,"stat.craftItem.minecraft.paper":3927,"stat.pickup.minecraft.red_flower":7049,"stat.drop.minecraft.bone_block":4,"stat.craftItem.minecraft.light_blue_glazed_terracotta":144,"stat.pickup.minecraft.wool":7953,"stat.useItem.minecraft.chorus_fruit":247,"stat.craftItem.minecraft.trapped_chest":185,"stat.drop.minecraft.grass":274,"stat.pickup.minecraft.trapped_chest":174,"stat.pickup.minecraft.red_sandstone_stairs":5,"stat.cakeSlicesEaten":3,"stat.drop.minecraft.pumpkin":12,"stat.mineBlock.minecraft.orange_glazed_terracotta":41,"stat.craftItem.minecraft.diamond_leggings":1,"stat.mineBlock.minecraft.acacia_stairs":243,"stat.useItem.minecraft.iron_axe":662,"stat.useItem.minecraft.orange_glazed_terracotta":66,"stat.mineBlock.minecraft.silver_glazed_terracotta":12,"stat.mineBlock.minecraft.yellow_flower":125,"stat.useItem.minecraft.skull":368,"stat.drop.minecraft.record_blocks":10,"stat.craftItem.minecraft.wool":111,"stat.drop.minecraft.saddle":457,"stat.useItem.minecraft.snow":7911,"stat.useItem.minecraft.concrete_powder":20633,"stat.pickup.minecraft.enchanted_book":15,"stat.pickup.minecraft.glowstone":461,"stat.pickup.minecraft.writable_book":10,"stat.useItem.minecraft.obsidian":1120,"stat.pickup.minecraft.sticky_piston":139,"stat.pickup.minecraft.bow":172,"stat.pickup.minecraft.white_glazed_terracotta":75,"stat.mineBlock.minecraft.detector_rail":3,"stat.useItem.minecraft.egg":17,"stat.craftItem.minecraft.spruce_boat":7,"stat.pickup.minecraft.nether_wart_block":88,"stat.pickup.minecraft.coal_ore":2736,"stat.craftItem.minecraft.cooked_beef":79,"stat.mineBlock.minecraft.obsidian":2089,"stat.pickup.minecraft.shears":291,"stat.drop.minecraft.quartz_stairs":12,"stat.craftItem.minecraft.bow":204,"stat.pickup.minecraft.iron_trapdoor":212,"stat.pickup.minecraft.diamond_hoe":1,"stat.craftItem.minecraft.red_sandstone_stairs":4,"stat.flyOneCm":55918104,"stat.drop.minecraft.heavy_weighted_pressure_plate":2,"stat.pickup.minecraft.sandstone":8044,"stat.pickup.minecraft.nether_brick_stairs":49,"stat.craftItem.minecraft.furnace_minecart":1,"stat.pickup.minecraft.fish":3219,"stat.craftItem.minecraft.stained_glass":17800,"stat.craftItem.minecraft.emerald_block":3,"stat.timeSinceDeath":4212902,"stat.pickup.minecraft.quartz_ore":939,"stat.craftItem.minecraft.painting":21,"stat.cauldronFilled":32,"stat.craftItem.minecraft.purpur_block":1216,"stat.drop.minecraft.repeater":2,"stat.killEntity.Bat":84,"stat.drop.minecraft.blaze_powder":6,"stat.useItem.minecraft.potato":794,"stat.drop.minecraft.record_mellohi":6,"stat.pickup.minecraft.nether_wart":3240,"stat.pickup.minecraft.spruce_fence":1030,"stat.mineBlock.minecraft.enchanting_table":9,"stat.craftItem.minecraft.concrete_powder":19616,"stat.mineBlock.minecraft.coal_ore":7520,"stat.pickup.minecraft.shield":4,"stat.craftItem.minecraft.stone_hoe":9,"stat.talkedToVillager":62,"stat.mineBlock.minecraft.red_mushroom_block":5217,"stat.pickup.minecraft.string":3559,"stat.craftItem.minecraft.blue_glazed_terracotta":20,"stat.mineBlock.minecraft.ladder":342,"stat.useItem.minecraft.milk_bucket":1,"stat.useItem.minecraft.written_book":43,"stat.mineBlock.minecraft.chorus_flower":56,"stat.useItem.minecraft.diamond_shovel":247553,"stat.pickup.minecraft.bone_block":856,"stat.mineBlock.minecraft.diamond_ore":266,"stat.pickup.minecraft.fireworks":1544,"stat.pickup.minecraft.lime_glazed_terracotta":25,"stat.useItem.minecraft.brown_mushroom_block":1950,"stat.drop.minecraft.lava_bucket":1,"stat.craftItem.minecraft.speckled_melon":1,"stat.craftItem.minecraft.wooden_pressure_plate":86,"stat.drop.minecraft.redstone_ore":27,"stat.useItem.minecraft.wooden_sword":22,"stat.craftItem.minecraft.white_glazed_terracotta":24,"stat.breakItem.minecraft.iron_shovel":10,"stat.useItem.minecraft.ladder":1820,"stat.useItem.minecraft.diamond_ore":23,"stat.useItem.minecraft.cyan_shulker_box":222,"stat.pickup.minecraft.snowball":29729,"stat.mineBlock.minecraft.brown_glazed_terracotta":40,"stat.useItem.minecraft.birch_stairs":184,"stat.killEntity.Guardian":147,"stat.craftItem.minecraft.sandstone_stairs":616,"stat.diveOneCm":6795467,"stat.useItem.minecraft.sticky_piston":400,"stat.craftItem.minecraft.ladder":1191,"stat.drop.minecraft.dark_oak_fence":2,"stat.mineBlock.minecraft.stone_button":13,"stat.drop.minecraft.ladder":137,"stat.pickup.minecraft.stained_glass_pane":195,"stat.useItem.minecraft.rotten_flesh":3,"stat.drop.minecraft.apple":1,"stat.drop.minecraft.sponge":31,"stat.craftItem.minecraft.diamond_sword":4,"stat.drop.minecraft.sandstone":257,"stat.mineBlock.minecraft.blue_shulker_box":124,"stat.jump":374769,"stat.useItem.minecraft.sand":9723,"stat.pickup.minecraft.white_shulker_box":477,"stat.mineBlock.minecraft.observer":258,"stat.mineBlock.minecraft.light_blue_glazed_terracotta":63,"stat.craftItem.minecraft.torch":10908,"stat.drop.minecraft.glowstone":37,"stat.craftItem.minecraft.fermented_spider_eye":9,"stat.mineBlock.minecraft.spruce_fence_gate":5,"stat.mineBlock.minecraft.purpur_block":410,"stat.mineBlock.minecraft.cyan_glazed_terracotta":42,"stat.useItem.minecraft.glass":4292,"stat.pickup.minecraft.gold_ore":919,"stat.useItem.minecraft.sapling":1536,"stat.mineBlock.minecraft.glass_pane":17,"stat.damageTaken":151148,"stat.useItem.minecraft.red_shulker_box":480,"stat.mineBlock.minecraft.melon_block":59,"stat.useItem.minecraft.gold_block":116,"stat.mineBlock.minecraft.sapling":149,"stat.pickup.minecraft.log2":7420,"stat.mineBlock.minecraft.sandstone_stairs":151,"stat.useItem.minecraft.purple_shulker_box":2362,"stat.pickup.minecraft.bed":167,"stat.pickup.minecraft.concrete":11570,"stat.pickup.minecraft.acacia_fence":124,"stat.pickup.minecraft.quartz_block":99,"stat.pickup.minecraft.potato":1404,"stat.killEntity.Shulker":238,"stat.entityKilledBy.Zombie":2,"stat.killEntity.Silverfish":34,"stat.useItem.minecraft.pink_glazed_terracotta":34,"stat.craftItem.minecraft.stone_slab":35850,"stat.useItem.minecraft.command_block":1,"stat.animalsBred":927,"stat.useItem.minecraft.chest":1626,"stat.mineBlock.minecraft.light_blue_shulker_box":88,"stat.useItem.minecraft.observer":966,"stat.shulkerBoxOpened":29038,"stat.craftItem.minecraft.iron_chestplate":9,"stat.pickup.minecraft.baked_potato":2,"stat.drop.minecraft.potato":356,"stat.pickup.minecraft.ender_pearl":4936,"stat.drop.minecraft.wooden_slab":72,"stat.breakItem.minecraft.stone_hoe":2,"stat.pickup.minecraft.ladder":1203,"stat.useItem.minecraft.netherrack":6168,"stat.craftItem.minecraft.stained_glass_pane":1184,"stat.mineBlock.minecraft.tnt":65,"stat.craftItem.minecraft.bookshelf":10,"stat.useItem.minecraft.tripwire_hook":118,"stat.mineBlock.minecraft.stonebrick":6082,"stat.mineBlock.minecraft.gray_glazed_terracotta":140,"stat.craftItem.minecraft.purpur_stairs":12,"stat.mineBlock.minecraft.glowstone":492,"stat.craftItem.minecraft.shears":403,"stat.useItem.minecraft.cobblestone_wall":1497,"stat.breakItem.minecraft.diamond_shovel":2,"stat.pickup.minecraft.iron_horse_armor":1,"stat.useItem.minecraft.writable_book":41,"stat.pickup.minecraft.torch":5028,"stat.drop.minecraft.acacia_fence":3,"stat.drop.minecraft.diamond_shovel":3,"stat.drop.minecraft.quartz_block":98,"stat.mineBlock.minecraft.red_glazed_terracotta":201,"stat.pickup.minecraft.spruce_boat":48,"stat.drop.minecraft.stone_axe":1,"stat.useItem.minecraft.purpur_slab":41,"stat.drop.minecraft.arrow":14998,"stat.drop.minecraft.shears":87,"stat.craftItem.minecraft.compass":59,"stat.useItem.minecraft.record_stal":2,"stat.pickup.minecraft.jungle_boat":20,"stat.useItem.minecraft.end_bricks":185,"stat.drop.minecraft.waterlily":451,"stat.pigOneCm":8895,"stat.pickup.minecraft.deadbush":247,"stat.pickup.minecraft.record_stal":5,"stat.craftItem.minecraft.iron_axe":4,"stat.killEntity.Ozelot":52,"stat.mineBlock.minecraft.purple_shulker_box":2330,"stat.useItem.minecraft.repeating_command_block":16,"stat.pickup.minecraft.lapis_block":58,"stat.drop.minecraft.trapdoor":3,"stat.pickup.minecraft.fishing_rod":109,"stat.useItem.minecraft.planks":4371,"stat.useItem.minecraft.nether_brick_stairs":163,"stat.mineBlock.minecraft.acacia_fence_gate":2,"stat.pickup.minecraft.porkchop":88,"stat.pickup.minecraft.glass":2325,"stat.pickup.minecraft.blaze_powder":29,"stat.useItem.minecraft.red_sandstone_stairs":1,"stat.useItem.minecraft.pink_shulker_box":173,"stat.useItem.minecraft.water_bucket":1958,"stat.pickup.minecraft.sand":43625,"stat.mineBlock.minecraft.jungle_fence_gate":2,"stat.craftItem.minecraft.dark_oak_fence":315,"stat.pickup.minecraft.hardened_clay":25320,"stat.useItem.minecraft.red_nether_brick":762,"stat.pickup.minecraft.name_tag":54,"stat.drop.minecraft.hardened_clay":193,"stat.useItem.minecraft.record_cat":1,"stat.aviateOneCm":237462210,"stat.useItem.minecraft.ender_pearl":2217,"stat.useItem.minecraft.brown_mushroom":9,"stat.craftItem.minecraft.cooked_fish":560,"stat.craftItem.minecraft.blaze_powder":70,"stat.drop.minecraft.golden_sword":4,"stat.useItem.minecraft.red_glazed_terracotta":430,"stat.useItem.minecraft.oak_stairs":149,"stat.craftItem.minecraft.golden_carrot":11,"stat.mineBlock.minecraft.dark_oak_stairs":107,"stat.mineBlock.minecraft.white_glazed_terracotta":19,"stat.useItem.minecraft.dark_oak_stairs":400,"stat.drop.minecraft.stone_slab":556,"stat.pickup.minecraft.fence_gate":2,"stat.mineBlock.minecraft.birch_stairs":106,"stat.pickup.minecraft.filled_map":109,"stat.pickup.minecraft.furnace":556,"stat.useItem.minecraft.redstone":3104,"stat.mineBlock.minecraft.end_bricks":432,"stat.mineBlock.minecraft.redstone_lamp":150,"stat.pickup.minecraft.iron_chestplate":10,"stat.pickup.minecraft.end_rod":540,"stat.pickup.minecraft.cyan_glazed_terracotta":42,"stat.pickup.minecraft.skull":340,"stat.useItem.minecraft.stone_stairs":4130,"stat.pickup.minecraft.acacia_door":159,"stat.craftItem.minecraft.nether_wart_block":340,"stat.mineBlock.minecraft.red_shulker_box":475,"stat.drop.minecraft.wooden_hoe":1,"stat.useItem.minecraft.hopper":3376,"stat.craftItem.minecraft.heavy_weighted_pressure_plate":20,"stat.mineBlock.minecraft.oak_stairs":19,"stat.playOneMinute":144762956,"stat.drop.minecraft.string":167,"stat.pickup.minecraft.diamond_block":1,"stat.useItem.minecraft.shears":11243,"stat.mineBlock.minecraft.brown_mushroom_block":7147,"stat.pickup.minecraft.beacon":119,"stat.pickup.minecraft.iron_bars":309,"stat.pickup.minecraft.dispenser":92,"stat.drop.minecraft.ice":1,"stat.pickup.minecraft.red_glazed_terracotta":199,"stat.mineBlock.minecraft.dark_oak_fence":88,"stat.craftItem.minecraft.carpet":1725,"stat.mineBlock.minecraft.netherrack":73125,"stat.mineBlock.minecraft.dispenser":97,"stat.craftItem.minecraft.dark_oak_stairs":316,"stat.drop.minecraft.flint":329,"stat.craftItem.minecraft.golden_rail":678,"stat.useItem.minecraft.quartz_ore":916,"stat.craftItem.minecraft.iron_nugget":9,"stat.pickup.minecraft.cooked_chicken":153,"stat.fallOneCm":9797357,"stat.drop.minecraft.brown_mushroom_block":524,"stat.drop.minecraft.dye":263,"stat.craftItem.minecraft.chest":2830,"stat.craftItem.minecraft.banner":174,"stat.useItem.minecraft.nether_brick_fence":68,"stat.mineBlock.minecraft.lever":77,"stat.pickup.minecraft.red_mushroom":154,"stat.pickup.minecraft.comparator":332,"stat.drop.minecraft.leaves2":8,"stat.pickup.minecraft.feather":125,"stat.drop.minecraft.iron_leggings":2,"stat.mineBlock.minecraft.red_nether_brick":199,"stat.pickup.minecraft.record_cat":3,"stat.drop.minecraft.concrete":297,"stat.mineBlock.minecraft.spruce_fence":976,"stat.useItem.minecraft.yellow_shulker_box":325,"stat.pickup.minecraft.lead":19,"stat.useItem.minecraft.record_chirp":2,"stat.useItem.minecraft.stone_pickaxe":418,"stat.craftItem.minecraft.birch_stairs":88,"stat.useItem.minecraft.stone_sword":137,"stat.craftItem.minecraft.iron_leggings":5,"stat.useItem.minecraft.orange_shulker_box":246,"stat.killEntity.Rabbit":31,"stat.craftItem.minecraft.oak_stairs":148,"stat.pickup.minecraft.redstone_ore":452,"stat.drop.minecraft.stick":587,"stat.pickup.minecraft.record_13":5,"stat.useItem.minecraft.iron_bars":2545,"stat.mineBlock.minecraft.monster_egg":26,"stat.mineBlock.minecraft.quartz_stairs":128,"stat.pickup.minecraft.record_11":3,"stat.useItem.minecraft.bone_block":2518,"stat.drop.minecraft.stone_brick_stairs":26,"stat.mineBlock.minecraft.pink_shulker_box":171,"stat.craftItem.minecraft.magenta_glazed_terracotta":24,"stat.killEntity.LavaSlime":1306,"stat.pickup.minecraft.log":17204,"stat.useItem.minecraft.brown_glazed_terracotta":73,"stat.mineBlock.minecraft.golden_rail":195,"stat.craftItem.minecraft.hopper_minecart":79,"stat.pickup.minecraft.tallgrass":1033,"stat.pickup.minecraft.chainmail_leggings":1,"stat.pickup.minecraft.wooden_door":27,"stat.mineBlock.minecraft.iron_block":4084,"stat.mineBlock.minecraft.tripwire_hook":8,"stat.killEntity.PolarBear":1,"stat.craftItem.minecraft.snow":8557,"stat.pickup.minecraft.diamond_helmet":17,"stat.drop.minecraft.dropper":13,"stat.useItem.minecraft.stone_hoe":355,"stat.craftItem.minecraft.flower_pot":12,"stat.useItem.minecraft.beetroot_seeds":10,"stat.sneakTime":4396339,"stat.mineBlock.minecraft.cobblestone_wall":376,"stat.mineBlock.minecraft.yellow_shulker_box":313,"stat.useItem.minecraft.brewing_stand":10,"stat.mineBlock.minecraft.jukebox":3,"stat.pickup.minecraft.chest":870,"stat.craftItem.minecraft.enchanting_table":2,"stat.useItem.minecraft.web":82,"stat.craftItem.minecraft.leather_leggings":24,"stat.useItem.minecraft.lapis_block":218,"stat.drop.minecraft.sugar":12218,"stat.drop.minecraft.red_shulker_box":1,"stat.pickup.minecraft.stone_pressure_plate":93,"stat.pickup.minecraft.lit_pumpkin":25,"stat.useItem.minecraft.repeater":1410,"stat.craftItem.minecraft.lime_glazed_terracotta":21,"stat.pickup.minecraft.record_blocks":6,"stat.drop.minecraft.leather_helmet":5,"stat.craftItem.minecraft.stone_brick_stairs":5600,"stat.craftItem.minecraft.acacia_fence_gate":3,"stat.useItem.minecraft.silver_glazed_terracotta":25,"stat.craftItem.minecraft.iron_trapdoor":1803,"stat.swimOneCm":9180426,"stat.mineBlock.minecraft.diamond_block":1,"stat.mineBlock.minecraft.spruce_stairs":87,"stat.drop.minecraft.brown_mushroom":197,"stat.useItem.minecraft.dirt":30634,"stat.pickup.minecraft.purpur_block":377,"stat.pickup.minecraft.enchanting_table":9,"stat.drop.minecraft.iron_trapdoor":3,"stat.useItem.minecraft.detector_rail":9,"stat.drop.minecraft.ender_pearl":35531,"stat.mineBlock.minecraft.magma":418,"stat.pickup.minecraft.quartz_stairs":119,"stat.mineBlock.minecraft.carpet":397,"stat.drop.minecraft.fence":90,"stat.pickup.minecraft.gold_block":94,"stat.mineBlock.minecraft.redstone_block":256,"stat.pickup.minecraft.clay":243,"stat.pickup.minecraft.glass_bottle":3383,"stat.useItem.minecraft.red_mushroom":2,"stat.drop.minecraft.wheat_seeds":1191,"stat.craftItem.minecraft.wooden_slab":6054,"stat.useItem.minecraft.sign":428,"stat.drop.minecraft.log":287,"stat.pickup.minecraft.mutton":659,"stat.useItem.minecraft.lever":431,"stat.mineBlock.minecraft.coal_block":118,"stat.pickup.minecraft.dark_oak_door":2,"stat.drop.minecraft.golden_boots":7,"stat.craftItem.minecraft.red_sandstone":252,"stat.pickup.minecraft.stonebrick":6506,"stat.drop.minecraft.mycelium":11650,"stat.pickup.minecraft.redstone_lamp":147,"stat.useItem.minecraft.acacia_stairs":896,"stat.drop.minecraft.beetroot_seeds":3,"stat.mineBlock.minecraft.nether_brick":704,"stat.craftItem.minecraft.nether_brick_fence":30,"stat.mineBlock.minecraft.red_sandstone_stairs":1,"stat.pickup.minecraft.snow_layer":4,"stat.drop.minecraft.log2":211,"stat.useItem.minecraft.purpur_pillar":49,"stat.craftItem.minecraft.brick_block":12,"stat.craftItem.minecraft.stone_slab2":36,"stat.pickup.minecraft.gray_glazed_terracotta":257,"stat.drop.minecraft.potion":283,"stat.useItem.minecraft.stone_slab":42128,"stat.craftItem.minecraft.jungle_fence_gate":1,"stat.useItem.minecraft.bed":164,"stat.craftItem.minecraft.stone":10582,"stat.craftItem.minecraft.armor_stand":35,"stat.mineBlock.minecraft.crafting_table":287,"stat.useItem.minecraft.diamond_pickaxe":597915,"stat.mineBlock.minecraft.quartz_block":104,"stat.useItem.minecraft.carrot":848,"stat.killEntity.Endermite":42,"stat.useItem.minecraft.ender_eye":13,"stat.drop.minecraft.golden_apple":2,"stat.useItem.minecraft.bucket":2674,"stat.craftItem.minecraft.pink_glazed_terracotta":24,"stat.pickup.minecraft.stone_button":47,"stat.pickup.minecraft.slime_ball":2215,"stat.useItem.minecraft.purpur_block":888,"stat.mineBlock.minecraft.cyan_shulker_box":220,"stat.craftItem.minecraft.diamond_pickaxe":2,"stat.craftItem.minecraft.clay":52,"stat.craftItem.minecraft.jukebox":11,"stat.useItem.minecraft.record_wait":1,"stat.drop.minecraft.wooden_pickaxe":1,"stat.pickup.minecraft.gravel":16418,"stat.useItem.minecraft.glass_bottle":157,"stat.useItem.minecraft.diamond_axe":48985,"stat.pickup.minecraft.purpur_stairs":39,"stat.drop.minecraft.spruce_boat":6,"stat.pickup.minecraft.red_shulker_box":477,"stat.useItem.minecraft.stained_glass_pane":1233,"stat.pickup.minecraft.stone_brick_stairs":1710,"stat.pickup.minecraft.diamond_sword":24,"stat.craftItem.minecraft.brick_stairs":4,"stat.pickup.minecraft.brick":49,"stat.useItem.minecraft.bedrock":13,"stat.useItem.minecraft.wooden_hoe":15,"stat.pickup.minecraft.iron_helmet":10,"stat.craftItem.minecraft.birch_boat":3,"stat.pickup.minecraft.black_shulker_box":138,"stat.useItem.minecraft.piston":401,"stat.craftItem.minecraft.bread":12,"stat.pickup.minecraft.spider_eye":3993,"stat.useItem.minecraft.mycelium":2889,"stat.useItem.minecraft.stone_button":168,"stat.pickup.minecraft.diamond_ore":125,"stat.mineBlock.minecraft.magenta_shulker_box":226,"stat.useItem.minecraft.cooked_chicken":113,"stat.pickup.minecraft.iron_ore":5303,"stat.pickup.minecraft.snow":851,"stat.craftItem.minecraft.green_glazed_terracotta":144,"stat.mineBlock.minecraft.iron_bars":306,"stat.pickup.minecraft.leaves":5540,"stat.pickup.minecraft.leather":567,"stat.useItem.minecraft.wooden_pickaxe":21,"stat.mineBlock.minecraft.mycelium":59266,"stat.dispenserInspected":678,"stat.pickup.minecraft.reeds":2012,"stat.pickup.minecraft.prismarine_crystals":123,"stat.useItem.minecraft.magma":420,"stat.craftItem.minecraft.glass":2720,"stat.craftItem.minecraft.cauldron":41,"stat.sleepInBed":566,"stat.killEntity.Cow":35,"stat.pickup.minecraft.minecart":175,"stat.killEntity.Pig":107,"stat.craftItem.minecraft.iron_sword":2,"stat.pickup.minecraft.piston":217,"stat.drop.minecraft.painting":3,"stat.breakItem.minecraft.fishing_rod":19,"stat.walkOneCm":153965654,"stat.playerKills":2,"stat.pickup.minecraft.clay_ball":446,"stat.mineBlock.minecraft.trapped_chest":168,"stat.drop.minecraft.record_wait":11,"stat.useItem.minecraft.emerald_block":164,"stat.pickup.minecraft.purpur_slab":82,"stat.useItem.minecraft.spruce_boat":48,"stat.drop.minecraft.diamond_axe":3,"stat.pickup.minecraft.tnt":65,"stat.drop.minecraft.iron_chestplate":4,"stat.pickup.minecraft.stone":226052,"stat.mineBlock.minecraft.wool":3737,"stat.pickup.minecraft.silver_glazed_terracotta":12,"stat.drop.minecraft.slime":65,"stat.drop.minecraft.diamond_leggings":1,"stat.useItem.minecraft.red_mushroom_block":56,"stat.craftItem.minecraft.hay_block":4,"stat.mineBlock.minecraft.packed_ice":4200,"stat.useItem.minecraft.leaves":3340,"stat.craftItem.minecraft.minecart":116,"stat.pickup.minecraft.gold_ingot":41,"stat.useItem.minecraft.prismarine":8832,"stat.killEntity.Skeleton":305,"stat.pickup.minecraft.record_mellohi":5,"stat.pickup.minecraft.record_mall":2,"stat.mineBlock.minecraft.cactus":326,"stat.pickup.minecraft.netherbrick":1,"stat.mineBlock.minecraft.redstone_torch":347,"stat.killEntity.Spider":313,"stat.pickup.minecraft.bread":7,"stat.drop.minecraft.end_rod":4,"stat.craftItem.minecraft.spruce_fence":456,"stat.pickup.minecraft.quartz":7077,"stat.pickup.minecraft.birch_fence":13,"stat.pickup.minecraft.blue_glazed_terracotta":131,"stat.pickup.minecraft.water_bucket":29,"stat.breakItem.minecraft.iron_axe":2,"stat.drop.minecraft.prismarine":613,"stat.useItem.minecraft.hopper_minecart":79,"stat.pickup.minecraft.spruce_stairs":84,"stat.mineBlock.minecraft.redstone_ore":1430,"stat.pickup.minecraft.elytra":18,"stat.pickup.minecraft.lava_bucket":4,"stat.craftItem.minecraft.coal_block":1188,"stat.craftItem.minecraft.brick":104,"stat.mineBlock.minecraft.stone":388752,"stat.useItem.minecraft.sandstone":3644}