{"stat.useItem.minecraft.bow":1991,"stat.drop.minecraft.gunpowder":1097,"stat.drop.minecraft.redstone":188,"stat.pickup.minecraft.dark_oak_boat":2,"stat.mineBlock.minecraft.stained_glass":7427,"stat.mineBlock.minecraft.web":191,"stat.drop.minecraft.coal_block":11,"stat.drop.minecraft.iron_sword":37,"stat.pickup.minecraft.rotten_flesh":32611,"stat.drop.minecraft.redstone_torch":1,"stat.mineBlock.minecraft.purpur_stairs":83,"stat.killEntity.Donkey":2,"stat.craftItem.minecraft.stone_axe":61,"stat.drop.minecraft.leather_boots":203,"stat.useItem.minecraft.vine":19,"stat.pickup.minecraft.cobblestone_wall":133,"stat.pickup.minecraft.bucket":46,"stat.useItem.minecraft.rail":1141,"stat.killEntity.Enderman":5891,"stat.drop.minecraft.elytra":1,"stat.useItem.minecraft.anvil":42,"stat.craftItem.minecraft.iron_shovel":114,"stat.pickup.minecraft.brown_mushroom":6060,"stat.mineBlock.minecraft.end_stone":3651,"stat.killEntity.Villager":3,"stat.useItem.minecraft.iron_pickaxe":647,"stat.pickup.minecraft.stained_hardened_clay":355,"stat.pickup.minecraft.double_plant":2003,"stat.craftItem.minecraft.glass_pane":3824,"stat.drop.minecraft.diamond_chestplate":1,"stat.mineBlock.minecraft.sticky_piston":33,"stat.pickup.minecraft.wooden_shovel":7,"stat.furnaceInteraction":3431,"stat.useItem.minecraft.nether_wart":4994,"stat.useItem.minecraft.golden_carrot":519,"stat.mineBlock.minecraft.chorus_plant":215,"stat.pickup.minecraft.nether_brick":40,"stat.craftItem.minecraft.leather_helmet":74,"stat.pickup.minecraft.sponge":607,"stat.useItem.minecraft.green_shulker_box":20,"stat.useItem.minecraft.end_stone":180,"stat.mineBlock.minecraft.wooden_button":5,"stat.drop.minecraft.cactus":48,"stat.pickup.minecraft.hay_block":796,"stat.craftItem.minecraft.golden_leggings":55,"stat.drop.minecraft.magma":356,"stat.pickup.minecraft.cyan_shulker_box":49,"stat.useItem.minecraft.fence":21,"stat.drop.minecraft.furnace":3,"stat.drop.minecraft.golden_axe":2,"stat.useItem.minecraft.acacia_fence":6,"stat.mineBlock.minecraft.sponge":525,"stat.mineBlock.minecraft.fence":35,"stat.useItem.minecraft.flint_and_steel":126,"stat.useItem.minecraft.wheat_seeds":954,"stat.mineBlock.minecraft.sea_lantern":118,"stat.drop.minecraft.cooked_fish":227,"stat.killEntity.Husk":18,"stat.pickup.minecraft.emerald":217,"stat.craftItem.minecraft.dark_oak_boat":56,"stat.pickup.minecraft.lever":2,"stat.deaths":102,"stat.pickup.minecraft.egg":24,"stat.craftItem.minecraft.melon_seeds":4,"stat.mineBlock.minecraft.brown_shulker_box":29,"stat.craftItem.minecraft.item_frame":327,"stat.craftItem.minecraft.wooden_shovel":69,"stat.craftItem.minecraft.iron_pickaxe":68,"stat.pickup.minecraft.item_frame":126,"stat.pickup.minecraft.sea_lantern":308,"stat.drop.minecraft.iron_ingot":1112,"stat.craftItem.minecraft.repeater":3648,"stat.craftItem.minecraft.cooked_mutton":22,"stat.fishCaught":9653,"stat.pickup.minecraft.cooked_mutton":458,"stat.chestOpened":32496,"stat.useItem.minecraft.lapis_ore":34,"stat.craftItem.minecraft.sign":1576,"stat.pickup.minecraft.iron_sword":41,"stat.pickup.minecraft.lapis_ore":57,"stat.craftItem.minecraft.quartz_block":2,"stat.pickup.minecraft.gold_nugget":711,"stat.drop.minecraft.banner":4,"stat.pickup.minecraft.chorus_flower":58,"stat.craftItem.minecraft.coal":12287,"stat.craftItem.minecraft.ender_chest":12,"stat.pickup.minecraft.carrot":3467,"stat.drop.minecraft.stone_sword":234,"stat.crouchOneCm":3497553,"stat.pickup.minecraft.rail":967,"stat.craftItem.minecraft.diamond":1233,"stat.craftItem.minecraft.iron_ingot":25706,"stat.pickup.minecraft.ender_chest":35,"stat.drop.minecraft.slime_ball":75,"stat.craftingTableInteraction":2768,"stat.useItem.minecraft.light_blue_shulker_box":30,"stat.pickup.minecraft.repeater":150,"stat.drop.minecraft.double_plant":8,"stat.mineBlock.minecraft.log2":4877,"stat.pickup.minecraft.wooden_pickaxe":2,"stat.pickup.minecraft.dye":17983,"stat.pickup.minecraft.planks":5193,"stat.drop.minecraft.minecart":27,"stat.drop.minecraft.soul_sand":1,"stat.drop.minecraft.carpet":6,"stat.mineBlock.minecraft.ender_chest":34,"stat.pickup.minecraft.ice":2070,"stat.drop.minecraft.rotten_flesh":45380,"stat.pickup.minecraft.magma":15084,"stat.drop.minecraft.iron_door":1,"stat.drop.minecraft.coal_ore":55,"stat.drop.minecraft.iron_ore":6,"stat.useItem.minecraft.yellow_flower":1,"stat.drop.minecraft.sapling":592,"stat.pickup.minecraft.chicken":17,"stat.drop.minecraft.gold_nugget":280,"stat.pickup.minecraft.end_stone":3627,"stat.breakItem.minecraft.stone_shovel":2,"stat.pickup.minecraft.coal_block":116,"stat.drop.minecraft.fish":950,"stat.drop.minecraft.trapped_chest":1,"stat.craftItem.minecraft.bucket":965,"stat.craftItem.minecraft.planks":157867,"stat.useItem.minecraft.iron_sword":1774,"stat.craftItem.minecraft.dirt":3968,"stat.mineBlock.minecraft.prismarine":898,"stat.craftItem.minecraft.fishing_rod":127,"stat.pickup.minecraft.stone_sword":25,"stat.useItem.minecraft.stonebrick":25588,"stat.pickup.minecraft.book":36,"stat.craftItem.minecraft.wooden_door":87,"stat.mineBlock.minecraft.waterlily":53,"stat.drop.minecraft.leather_leggings":101,"stat.pickup.minecraft.iron_door":2,"stat.pickup.minecraft.cooked_fish":951,"stat.craftItem.minecraft.spruce_door":3504,"stat.pickup.minecraft.tripwire_hook":144,"stat.craftItem.minecraft.jungle_boat":80,"stat.mineBlock.minecraft.cobblestone":3068,"stat.mineBlock.minecraft.pumpkin":35,"stat.useItem.minecraft.beacon":21,"stat.pickup.minecraft.flint":10041,"stat.pickup.minecraft.leather_chestplate":110,"stat.mineBlock.minecraft.concrete":127951,"stat.mineBlock.minecraft.stained_glass_pane":1205,"stat.drop.minecraft.purpur_slab":7,"stat.drop.minecraft.end_bricks":77,"stat.pickup.minecraft.lime_shulker_box":22,"stat.craftItem.minecraft.clock":18,"stat.drop.minecraft.cobblestone":15472,"stat.useItem.minecraft.chorus_flower":58,"stat.pickup.minecraft.cooked_porkchop":212,"stat.useItem.minecraft.coal_block":2,"stat.breakItem.minecraft.iron_pickaxe":2,"stat.mineBlock.minecraft.dropper":50,"stat.pickup.minecraft.iron_boots":23,"stat.pickup.minecraft.diamond_horse_armor":1,"stat.craftItem.minecraft.furnace":3856,"stat.craftItem.minecraft.lapis_block":761,"stat.drop.minecraft.golden_helmet":135,"stat.pickup.minecraft.golden_axe":3,"stat.craftItem.minecraft.iron_boots":58,"stat.mineBlock.minecraft.clay":116,"stat.mineBlock.minecraft.noteblock":1,"stat.pickup.minecraft.diamond_leggings":33,"stat.drop.minecraft.iron_helmet":9,"stat.drop.minecraft.chainmail_chestplate":38,"stat.drop.minecraft.snow_layer":64,"stat.useItem.minecraft.melon_block":4,"stat.drop.minecraft.spider_eye":9,"stat.useItem.minecraft.wooden_slab":63,"stat.useItem.minecraft.iron_door":4,"stat.craftItem.minecraft.iron_block":864,"stat.craftItem.minecraft.stonebrick":60655,"stat.useItem.minecraft.brown_shulker_box":29,"stat.breakItem.minecraft.diamond_pickaxe":2,"stat.pickup.minecraft.light_blue_glazed_terracotta":475,"stat.drop.minecraft.stained_glass":1054,"stat.drop.minecraft.flint_and_steel":16,"stat.drop.minecraft.wool":45,"stat.killEntity.Creeper":632,"stat.useItem.minecraft.armor_stand":8,"stat.breakItem.minecraft.iron_sword":4,"stat.pickup.minecraft.wooden_sword":8,"stat.useItem.minecraft.silver_shulker_box":76,"stat.pickup.minecraft.brown_shulker_box":30,"stat.entityKilledBy.Skeleton":2,"stat.drop.minecraft.obsidian":15,"stat.drop.minecraft.birch_fence":25,"stat.killEntity.Squid":1488,"stat.useItem.minecraft.dropper":82,"stat.sprintOneCm":90997906,"stat.useItem.minecraft.diamond_block":170,"stat.mineBlock.minecraft.stone_slab":2805,"stat.drop.minecraft.leather":366,"stat.useItem.minecraft.snowball":253,"stat.pickup.minecraft.leather_leggings":96,"stat.craftItem.minecraft.redstone_lamp":20,"stat.drop.minecraft.boat":3,"stat.drop.minecraft.cobblestone_wall":40,"stat.pickup.minecraft.sugar":13,"stat.pickup.minecraft.vine":114,"stat.craftItem.minecraft.leather_chestplate":2,"stat.useItem.minecraft.banner":34,"stat.drop.minecraft.golden_rail":64,"stat.entityKilledBy.Slime":1,"stat.craftItem.minecraft.emerald":72,"stat.pickup.minecraft.iron_block":2918,"stat.killEntity.Zombie":22221,"stat.craftItem.minecraft.dye":91716,"stat.craftItem.minecraft.diamond_axe":57,"stat.mineBlock.minecraft.gold_ore":1419,"stat.drop.minecraft.diamond_pickaxe":8,"stat.craftItem.minecraft.slime_ball":54,"stat.pickup.minecraft.wheat":1042,"stat.mineBlock.minecraft.mossy_cobblestone":176,"stat.drop.minecraft.stone_stairs":80,"stat.drop.minecraft.purpur_stairs":32,"stat.pickup.minecraft.sign":568,"stat.drop.minecraft.black_shulker_box":2,"stat.craftItem.minecraft.cooked_porkchop":85,"stat.pickup.minecraft.obsidian":511,"stat.pickup.minecraft.coal":18769,"stat.pickup.minecraft.iron_ingot":4994,"stat.useItem.minecraft.dark_oak_boat":2,"stat.craftItem.minecraft.lever":3459,"stat.drop.minecraft.diamond_sword":7,"stat.pickup.minecraft.gunpowder":1438,"stat.drop.minecraft.wooden_sword":43,"stat.pickup.minecraft.dirt":87744,"stat.useItem.minecraft.coal_ore":340,"stat.drop.minecraft.iron_shovel":46,"stat.craftItem.minecraft.sponge":503,"stat.useItem.minecraft.dispenser":19,"stat.mineBlock.minecraft.lapis_ore":554,"stat.pickup.minecraft.iron_axe":15,"stat.drop.minecraft.acacia_boat":1,"stat.brewingstandInteraction":421,"stat.useItem.minecraft.stone_brick_stairs":6882,"stat.mineBlock.minecraft.red_flower":221,"stat.mineBlock.minecraft.torch":7028,"stat.pickup.minecraft.written_book":21,"stat.tradedWithVillager":76,"stat.pickup.minecraft.magma_cream":133,"stat.noteblockTuned":111240,"stat.pickup.minecraft.ender_eye":7,"stat.craftItem.minecraft.comparator":74,"stat.craftItem.minecraft.sea_lantern":25,"stat.drop.minecraft.nether_star":2,"stat.useItem.minecraft.slime":1049,"stat.useItem.minecraft.birch_fence":23,"stat.mineBlock.minecraft.fence_gate":1,"stat.pickup.minecraft.diamond_axe":41,"stat.useItem.minecraft.snow_layer":1229,"stat.pickup.minecraft.shulker_shell":378,"stat.pickup.minecraft.green_shulker_box":20,"stat.drop.minecraft.item_frame":29,"stat.drop.minecraft.wheat":250,"stat.pickup.minecraft.diamond_pickaxe":125,"stat.pickup.minecraft.noteblock":1,"stat.useItem.minecraft.tnt":65,"stat.useItem.minecraft.lava_bucket":5,"stat.useItem.minecraft.gold_ore":83,"stat.drop.minecraft.netherrack":12124,"stat.pickup.minecraft.red_mushroom_block":82,"stat.craftItem.minecraft.wheat":9,"stat.useItem.minecraft.item_frame":319,"stat.useItem.minecraft.stained_hardened_clay":156,"stat.drop.minecraft.egg":6,"stat.useItem.minecraft.redstone_ore":328,"stat.pickup.minecraft.cooked_beef":3254,"stat.useItem.minecraft.concrete":113864,"stat.mineBlock.minecraft.purpur_slab":10,"stat.mobKills":106041,"stat.pickup.minecraft.diamond_boots":70,"stat.useItem.minecraft.boat":23,"stat.useItem.minecraft.mossy_cobblestone":63,"stat.pickup.minecraft.diamond":2099,"stat.pickup.minecraft.beetroot_seeds":2559,"stat.pickup.minecraft.brown_mushroom_block":72,"stat.craftItem.minecraft.spruce_stairs":3636,"stat.craftItem.minecraft.map":33,"stat.breakItem.minecraft.stone_sword":3,"stat.useItem.minecraft.string":308,"stat.useItem.minecraft.bookshelf":18,"stat.useItem.minecraft.soul_sand":588,"stat.killEntity.Blaze":3846,"stat.drop.minecraft.shield":3,"stat.drop.minecraft.skull":7,"stat.useItem.minecraft.gray_shulker_box":59,"stat.pickup.minecraft.golden_boots":181,"stat.pickup.minecraft.glowstone_dust":43,"stat.drop.minecraft.bowl":11,"stat.drop.minecraft.wooden_door":20,"stat.mineBlock.minecraft.white_shulker_box":1627,"stat.mineBlock.minecraft.red_mushroom":455,"stat.mineBlock.minecraft.stone_brick_stairs":2630,"stat.useItem.minecraft.golden_sword":27,"stat.drop.minecraft.golden_leggings":115,"stat.pickup.minecraft.observer":29,"stat.craftItem.minecraft.cobblestone_wall":4034,"stat.craftItem.minecraft.stone_sword":274,"stat.mineBlock.minecraft.snow_layer":2623,"stat.pickup.minecraft.chainmail_chestplate":35,"stat.mineBlock.minecraft.sand":127914,"stat.craftItem.minecraft.wooden_hoe":56,"stat.craftItem.minecraft.slime":48,"stat.hopperInspected":3585,"stat.useItem.minecraft.fence_gate":1,"stat.drop.minecraft.diamond":3,"stat.pickup.minecraft.packed_ice":12505,"stat.breakItem.minecraft.flint_and_steel":1,"stat.pickup.minecraft.ghast_tear":58,"stat.pickup.minecraft.armor_stand":5,"stat.trappedChestTriggered":8292,"stat.mineBlock.minecraft.gray_shulker_box":59,"stat.drop.minecraft.rail":61,"stat.craftItem.minecraft.observer":117,"stat.pickup.minecraft.wooden_button":75,"stat.drop.minecraft.wooden_pressure_plate":1,"stat.useItem.minecraft.minecart":15,"stat.useItem.minecraft.cooked_mutton":98,"stat.drop.minecraft.stained_hardened_clay":13,"stat.drop.minecraft.diamond_helmet":1,"stat.drop.minecraft.wooden_button":130,"stat.drop.minecraft.fishing_rod":177,"stat.killEntity.Horse":14,"stat.pickup.minecraft.stone_stairs":169,"stat.craftItem.minecraft.fence_gate":65,"stat.drop.minecraft.fireworks":428,"stat.pickup.minecraft.golden_carrot":315,"stat.drop.minecraft.jungle_boat":14,"stat.drop.minecraft.snowball":20,"stat.pickup.minecraft.saddle":39,"stat.pickup.minecraft.fermented_spider_eye":1,"stat.mineBlock.minecraft.soul_sand":5480,"stat.pickup.minecraft.mycelium":1115,"stat.pickup.minecraft.blaze_rod":310,"stat.craftItem.minecraft.diamond_block":195,"stat.drop.minecraft.chest":10,"stat.drop.minecraft.white_shulker_box":103,"stat.pickup.minecraft.netherrack":43848,"stat.pickup.minecraft.pumpkin":677,"stat.pickup.minecraft.spruce_door":1,"stat.drop.minecraft.packed_ice":71,"stat.pickup.minecraft.waterlily":62,"stat.useItem.minecraft.sponge":481,"stat.mineBlock.minecraft.ice":2541,"stat.craftItem.minecraft.redstone_torch":11367,"stat.useItem.minecraft.packed_ice":1090,"stat.mineBlock.minecraft.gold_block":111,"stat.craftItem.minecraft.iron_hoe":58,"stat.drop.minecraft.stone":15994,"stat.useItem.minecraft.trapped_chest":1025,"stat.pickup.minecraft.melon_seeds":5,"stat.drop.minecraft.gold_ore":5,"stat.pickup.minecraft.dropper":48,"stat.useItem.minecraft.black_shulker_box":179,"stat.drop.minecraft.book":1,"stat.pickup.minecraft.golden_leggings":116,"stat.pickup.minecraft.melon":40,"stat.drop.minecraft.milk_bucket":1,"stat.dropperInspected":287,"stat.pickup.minecraft.heavy_weighted_pressure_plate":1,"stat.pickup.minecraft.emerald_ore":7,"stat.useItem.minecraft.golden_rail":442,"stat.craftItem.minecraft.detector_rail":1848,"stat.drop.minecraft.bone":387,"stat.craftItem.minecraft.wooden_button":3567,"stat.useItem.minecraft.furnace":185,"stat.pickup.minecraft.slime":1186,"stat.pickup.minecraft.iron_leggings":4,"stat.killEntity.Llama":1,"stat.mineBlock.minecraft.snow":5398,"stat.mineBlock.minecraft.gravel":118031,"stat.breakItem.minecraft.stone_axe":1,"stat.mineBlock.minecraft.beacon":21,"stat.useItem.minecraft.wool":41,"stat.drop.minecraft.reeds":2172,"stat.drop.minecraft.iron_axe":15,"stat.pickup.minecraft.flint_and_steel":23,"stat.mineBlock.minecraft.green_shulker_box":20,"stat.useItem.minecraft.torch":16540,"stat.pickup.minecraft.golden_apple":42,"stat.pickup.minecraft.iron_nugget":7,"stat.craftItem.minecraft.redstone_block":2084,"stat.pickup.minecraft.birch_fence_gate":64,"stat.craftItem.minecraft.stone_stairs":3588,"stat.pickup.minecraft.crafting_table":73,"stat.useItem.minecraft.log":471,"stat.useItem.minecraft.comparator":165,"stat.drop.minecraft.tallgrass":16,"stat.craftItem.minecraft.crafting_table":3576,"stat.drop.minecraft.end_stone":14,"stat.craftItem.minecraft.boat":76,"stat.pickup.minecraft.iron_hoe":1,"stat.mineBlock.minecraft.emerald_ore":108,"stat.pickup.minecraft.redstone_block":184,"stat.useItem.minecraft.cooked_fish":1671,"stat.drop.minecraft.sign":49,"stat.drop.minecraft.stonebrick":1430,"stat.craftItem.minecraft.stone_button":3594,"stat.drop.minecraft.planks":551,"stat.pickup.minecraft.sapling":9044,"stat.drop.minecraft.gray_shulker_box":1,"stat.drop.minecraft.bow":393,"stat.pickup.minecraft.beetroot":967,"stat.drop.minecraft.golden_chestplate":117,"stat.killEntity.WitherSkeleton":95,"stat.pickup.minecraft.golden_sword":139,"stat.craftItem.minecraft.sugar":3538,"stat.mineBlock.minecraft.orange_shulker_box":217,"stat.drop.minecraft.bucket":6,"stat.useItem.minecraft.baked_potato":761,"stat.pickup.minecraft.stone_slab":5311,"stat.drop.minecraft.yellow_flower":50,"stat.pickup.minecraft.yellow_flower":88,"stat.pickup.minecraft.golden_rail":290,"stat.useItem.minecraft.fishing_rod":13847,"stat.craftItem.minecraft.diamond_chestplate":6,"stat.pickup.minecraft.bone":5259,"stat.craftItem.minecraft.sticky_piston":19,"stat.pickup.minecraft.redstone_torch":420,"stat.horseOneCm":465417,"stat.drop.minecraft.tripwire_hook":10,"stat.useItem.minecraft.log2":327,"stat.drop.minecraft.glowstone_dust":4,"stat.mineBlock.minecraft.slime":1021,"stat.drop.minecraft.red_mushroom":263,"stat.drop.minecraft.mossy_cobblestone":11,"stat.mineBlock.minecraft.black_shulker_box":160,"stat.drop.minecraft.prismarine_crystals":5,"stat.mineBlock.minecraft.brown_mushroom":1291,"stat.mineBlock.minecraft.acacia_fence":1,"stat.useItem.minecraft.diamond_sword":21404,"stat.craftItem.minecraft.diamond_helmet":8,"stat.climbOneCm":2055130,"stat.craftItem.minecraft.gold_block":681,"stat.enderchestOpened":1968,"stat.useItem.minecraft.redstone_torch":259,"stat.pickup.minecraft.golden_helmet":133,"stat.craftItem.minecraft.purple_shulker_box":124,"stat.drop.minecraft.brick":66,"stat.useItem.minecraft.jungle_boat":41,"stat.useItem.minecraft.red_flower":18,"stat.useItem.minecraft.magenta_shulker_box":7,"stat.craftItem.minecraft.bone_block":419,"stat.pickup.minecraft.anvil":22,"stat.useItem.minecraft.leaves2":624,"stat.useItem.minecraft.iron_ore":1,"stat.craftItem.minecraft.trapdoor":4369,"stat.craftItem.minecraft.stone_pickaxe":57,"stat.pickup.minecraft.cobblestone":162297,"stat.craftItem.minecraft.glass_bottle":3804,"stat.pickup.minecraft.soul_sand":5990,"stat.craftItem.minecraft.golden_axe":55,"stat.useItem.minecraft.cooked_beef":2398,"stat.pickup.minecraft.cactus":1483,"stat.pickup.minecraft.dragon_egg":3,"stat.drop.minecraft.clay_ball":10,"stat.pickup.minecraft.redstone":25006,"stat.pickup.minecraft.acacia_boat":3,"stat.craftItem.minecraft.dispenser":11,"stat.mineBlock.minecraft.iron_ore":7840,"stat.craftItem.minecraft.book":297,"stat.drop.minecraft.name_tag":36,"stat.pickup.minecraft.mossy_cobblestone":139,"stat.useItem.minecraft.noteblock":6,"stat.drop.minecraft.coal":165,"stat.drop.minecraft.iron_bars":27,"stat.drop.minecraft.dirt":12398,"stat.useItem.minecraft.cooked_porkchop":97,"stat.pickup.minecraft.iron_shovel":159,"stat.pickup.minecraft.carpet":700,"stat.pickup.minecraft.trapdoor":601,"stat.pickup.minecraft.diamond_shovel":77,"stat.craftItem.minecraft.acacia_fence":24,"stat.useItem.minecraft.chest_minecart":22,"stat.mineBlock.minecraft.lime_shulker_box":22,"stat.useItem.minecraft.sea_lantern":17,"stat.craftItem.minecraft.snow_layer":1284,"stat.pickup.minecraft.silver_shulker_box":73,"stat.pickup.minecraft.nether_star":3,"stat.useItem.minecraft.spruce_fence":86,"stat.craftItem.minecraft.chest_minecart":78,"stat.pickup.minecraft.paper":3054,"stat.craftItem.minecraft.stick":54556,"stat.craftItem.minecraft.gold_nugget":28958,"stat.pickup.minecraft.grass":179,"stat.useItem.minecraft.stone_pressure_plate":314,"stat.drop.minecraft.leaves":16,"stat.pickup.minecraft.diamond_chestplate":17,"stat.entityKilledBy.Creeper":6,"stat.breakItem.minecraft.shears":15,"stat.mineBlock.minecraft.planks":446,"stat.drop":8621,"stat.killEntity.Sheep":151,"stat.drop.minecraft.iron_boots":20,"stat.drop.minecraft.redstone_block":6,"stat.pickup.minecraft.golden_chestplate":123,"stat.useItem.minecraft.melon_seeds":4,"stat.drop.minecraft.bread":42,"stat.useItem.minecraft.light_blue_glazed_terracotta":9,"stat.pickup.minecraft.purpur_pillar":44,"stat.drop.minecraft.nether_wart":920,"stat.craftItem.minecraft.piston":166,"stat.pickup.minecraft.record_strad":1,"stat.drop.minecraft.cooked_beef":231,"stat.killEntity.Slime":685,"stat.mineBlock.minecraft.anvil":17,"stat.useItem.minecraft.lime_shulker_box":22,"stat.pickup.minecraft.purple_shulker_box":233,"stat.useItem.minecraft.waterlily":12,"stat.useItem.minecraft.apple":15,"stat.mineBlock.minecraft.deadbush":8,"stat.drop.minecraft.chainmail_helmet":26,"stat.useItem.minecraft.porkchop":2,"stat.useItem.minecraft.carpet":621,"stat.useItem.minecraft.potion":67,"stat.useItem.minecraft.flower_pot":2,"stat.mineBlock.minecraft.purpur_pillar":53,"stat.pickup.minecraft.fence":129,"stat.useItem.minecraft.stone_axe":135,"stat.craftItem.minecraft.iron_helmet":59,"stat.craftItem.minecraft.rail":4016,"stat.drop.minecraft.bed":2,"stat.drop.minecraft.glass":17,"stat.boatOneCm":13559123,"stat.drop.minecraft.magma_cream":19,"stat.craftItem.minecraft.flint_and_steel":72,"stat.useItem.minecraft.redstone_lamp":25,"stat.mineBlock.minecraft.leaves2":1416,"stat.mineBlock.minecraft.stone_stairs":5,"stat.craftItem.minecraft.iron_bars":3552,"stat.mineBlock.minecraft.furnace":99,"stat.pickup.minecraft.dark_oak_fence":5,"stat.pickup.minecraft.prismarine_shard":507,"stat.drop.minecraft.stone_button":5,"stat.drop.minecraft.water_bucket":2,"stat.killEntity.CaveSpider":13,"stat.craftItem.minecraft.birch_fence":3513,"stat.pickup.minecraft.stained_glass":8542,"stat.damageDealt":1107181,"stat.craftItem.minecraft.bowl":3544,"stat.craftItem.minecraft.anvil":29,"stat.pickup.minecraft.end_bricks":551,"stat.useItem.minecraft.crafting_table":123,"stat.drop.minecraft.silver_shulker_box":1,"stat.pickup.minecraft.boat":18,"stat.craftItem.minecraft.stone_shovel":63,"stat.pickup.minecraft.stick":3629,"stat.craftItem.minecraft.birch_fence_gate":64,"stat.drop.minecraft.iron_block":2,"stat.craftItem.minecraft.diamond_boots":10,"stat.craftItem.minecraft.writable_book":6,"stat.useItem.minecraft.redstone_block":186,"stat.drop.minecraft.brown_shulker_box":1,"stat.drop.minecraft.leather_chestplate":117,"stat.useItem.minecraft.spruce_stairs":34,"stat.craftItem.minecraft.redstone":16442,"stat.useItem.minecraft.cactus":386,"stat.pickup.minecraft.chorus_fruit":2425,"stat.drop.minecraft.purpur_block":128,"stat.killEntity.Chicken":18,"stat.drop.minecraft.crafting_table":1,"stat.useItem.minecraft.iron_block":2521,"stat.drop.minecraft.yellow_shulker_box":1,"stat.mineBlock.minecraft.quartz_ore":835,"stat.pickup.minecraft.concrete_powder":28482,"stat.craftItem.minecraft.tnt":70,"stat.drop.minecraft.filled_map":14,"stat.pickup.minecraft.dragon_breath":1,"stat.craftItem.minecraft.fence":96,"stat.useItem.minecraft.golden_apple":29,"stat.mineBlock.minecraft.leaves":17338,"stat.mineBlock.minecraft.piston":205,"stat.mineBlock.minecraft.hay_block":480,"stat.useItem.minecraft.map":16,"stat.craftItem.minecraft.tripwire_hook":4712,"stat.beaconInteraction":41,"stat.pickup.minecraft.wooden_slab":98,"stat.craftItem.minecraft.diamond_hoe":110,"stat.leaveGame":647,"stat.useItem.minecraft.glowstone":111,"stat.mineBlock.minecraft.sandstone":3641,"stat.craftItem.minecraft.ender_eye":23,"stat.breakItem.minecraft.wooden_sword":10,"stat.killEntity.PigZombie":198,"stat.craftItem.minecraft.shield":66,"stat.craftItem.minecraft.stone_pressure_plate":745,"stat.drop.minecraft.feather":13,"stat.entityKilledBy.PigZombie":4,"stat.pickup.minecraft.leaves2":1097,"stat.useItem.minecraft.birch_boat":4,"stat.craftItem.minecraft.noteblock":10,"stat.useItem.minecraft.purpur_stairs":1,"stat.mineBlock.minecraft.wooden_slab":24,"stat.pickup.minecraft.leather_boots":132,"stat.killEntity.Witch":33,"stat.killEntity.MushroomCow":557,"stat.drop.minecraft.sand":1564,"stat.drop.minecraft.gold_ingot":325,"stat.drop.minecraft.tnt":39,"stat.craftItem.minecraft.wooden_pickaxe":63,"stat.craftItem.minecraft.iron_door":6,"stat.drop.minecraft.chainmail_leggings":44,"stat.useItem.minecraft.iron_shovel":749,"stat.drop.minecraft.cooked_mutton":37,"stat.craftItem.minecraft.bed":92,"stat.drop.minecraft.wooden_shovel":19,"stat.mineBlock.minecraft.vine":243,"stat.mineBlock.minecraft.hopper":1080,"stat.pickup.minecraft.melon_block":1,"stat.drop.minecraft.gravel":2188,"stat.mineBlock.minecraft.rail":512,"stat.killEntity.ZombieVillager":31,"stat.noteblockPlayed":2,"stat.drop.minecraft.red_flower":54,"stat.useItem.minecraft.double_plant":23,"stat.pickup.minecraft.prismarine":1186,"stat.pickup.minecraft.beef":219,"stat.pickup.minecraft.leather_helmet":136,"stat.useItem.minecraft.trapdoor":628,"stat.mineBlock.minecraft.stained_hardened_clay":258,"stat.useItem.minecraft.stained_glass":28852,"stat.drop.minecraft.stone_pressure_plate":636,"stat.useItem.minecraft.ice":963,"stat.pickup.minecraft.magenta_shulker_box":7,"stat.pickup.minecraft.potion":88,"stat.useItem.minecraft.wooden_button":8,"stat.craftItem.minecraft.dropper":34,"stat.useItem.minecraft.dye":22594,"stat.mineBlock.minecraft.stone_pressure_plate":55,"stat.drop.minecraft.torch":484,"stat.drop.minecraft.glass_bottle":67,"stat.mineBlock.minecraft.tallgrass":3444,"stat.drop.minecraft.quartz_ore":31,"stat.useItem.minecraft.stone":41607,"stat.pickup.minecraft.arrow":5777,"stat.pickup.minecraft.wooden_pressure_plate":3,"stat.killEntity.Ghast":73,"stat.useItem.minecraft.ender_chest":46,"stat.useItem.minecraft.white_shulker_box":1639,"stat.drop.minecraft.iron_pickaxe":10,"stat.mineBlock.minecraft.chest":534,"stat.mineBlock.minecraft.concrete_powder":22638,"stat.craftItem.minecraft.hopper":1033,"stat.useItem.minecraft.emerald_ore":5,"stat.drop.minecraft.concrete_powder":389,"stat.pickup.minecraft.gray_shulker_box":58,"stat.pickup.minecraft.yellow_shulker_box":114,"stat.pickup.minecraft.orange_shulker_box":217,"stat.useItem.minecraft.reeds":241,"stat.pickup.minecraft.birch_boat":5,"stat.craftItem.minecraft.wooden_sword":103,"stat.craftItem.minecraft.diamond_shovel":68,"stat.pickup.minecraft.wheat_seeds":2424,"stat.mineBlock.minecraft.glass":26,"stat.useItem.minecraft.enchanting_table":3,"stat.pickup.minecraft.pink_shulker_box":31,"stat.mineBlock.minecraft.dirt":67212,"stat.pickup.minecraft.poisonous_potato":10,"stat.drop.minecraft.paper":2915,"stat.useItem.minecraft.bread":703,"stat.pickup.minecraft.brewing_stand":4,"stat.pickup.minecraft.light_blue_shulker_box":29,"stat.useItem.minecraft.cobblestone":7671,"stat.craftItem.minecraft.leather_boots":2,"stat.useItem.minecraft.gravel":7720,"stat.mineBlock.minecraft.double_plant":106,"stat.minecartOneCm":1175372,"stat.drop.minecraft.chicken":15,"stat.pickup.minecraft.iron_pickaxe":8,"stat.drop.minecraft.carrot":2202,"stat.mineBlock.minecraft.end_rod":43,"stat.craftItem.minecraft.gold_ingot":10113,"stat.pickup.minecraft.hopper":1153,"stat.mineBlock.minecraft.silver_shulker_box":73,"stat.craftItem.minecraft.brewing_stand":3,"stat.pickup.minecraft.apple":531,"stat.useItem.minecraft.fireworks":401,"stat.pickup.minecraft.banner":68,"stat.craftItem.minecraft.carrot_on_a_stick":55,"stat.killEntity.ElderGuardian":3,"stat.itemEnchanted":553,"stat.useItem.minecraft.acacia_boat":2,"stat.mineBlock.minecraft.log":58051,"stat.mineBlock.minecraft.heavy_weighted_pressure_plate":1,"stat.useItem.minecraft.wooden_door":59,"stat.useItem.minecraft.spruce_door":1,"stat.craftItem.minecraft.paper":14461,"stat.pickup.minecraft.red_flower":769,"stat.pickup.minecraft.wool":1317,"stat.useItem.minecraft.wooden_axe":210,"stat.craftItem.minecraft.trapped_chest":969,"stat.drop.minecraft.grass":95,"stat.pickup.minecraft.trapped_chest":280,"stat.drop.minecraft.pumpkin":259,"stat.craftItem.minecraft.diamond_leggings":6,"stat.useItem.minecraft.iron_axe":1750,"stat.drop.minecraft.stone_shovel":6,"stat.mineBlock.minecraft.yellow_flower":28,"stat.useItem.minecraft.skull":41,"stat.craftItem.minecraft.wool":1492,"stat.drop.minecraft.saddle":148,"stat.useItem.minecraft.snow":1492,"stat.useItem.minecraft.concrete_powder":161282,"stat.pickup.minecraft.enchanted_book":15,"stat.pickup.minecraft.glowstone":391,"stat.pickup.minecraft.writable_book":7,"stat.craftItem.minecraft.arrow":188,"stat.useItem.minecraft.obsidian":243,"stat.pickup.minecraft.sticky_piston":47,"stat.pickup.minecraft.bow":243,"stat.drop.minecraft.birch_boat":2,"stat.useItem.minecraft.egg":7,"stat.craftItem.minecraft.spruce_boat":197,"stat.pickup.minecraft.coal_ore":586,"stat.craftItem.minecraft.cooked_beef":127,"stat.mineBlock.minecraft.obsidian":466,"stat.pickup.minecraft.shears":8,"stat.craftItem.minecraft.bow":116,"stat.pickup.minecraft.iron_trapdoor":104,"stat.flyOneCm":81743010,"stat.pickup.minecraft.sandstone":3581,"stat.craftItem.minecraft.furnace_minecart":55,"stat.pickup.minecraft.fish":343,"stat.craftItem.minecraft.stained_glass":28121,"stat.craftItem.minecraft.emerald_block":19,"stat.timeSinceDeath":494526,"stat.pickup.minecraft.quartz_ore":288,"stat.killEntity.Bat":5,"stat.drop.minecraft.blaze_powder":36,"stat.useItem.minecraft.potato":425,"stat.pickup.minecraft.chainmail_helmet":24,"stat.pickup.minecraft.nether_wart":5394,"stat.mineBlock.minecraft.enchanting_table":1,"stat.pickup.minecraft.spruce_fence":13,"stat.craftItem.minecraft.concrete_powder":152000,"stat.killEntity.Wolf":1,"stat.mineBlock.minecraft.coal_ore":9469,"stat.pickup.minecraft.shield":8,"stat.talkedToVillager":157,"stat.craftItem.minecraft.stone_hoe":56,"stat.drop.minecraft.baked_potato":138,"stat.mineBlock.minecraft.red_mushroom_block":13435,"stat.pickup.minecraft.string":608,"stat.craftItem.minecraft.golden_helmet":56,"stat.mineBlock.minecraft.ladder":140,"stat.useItem.minecraft.milk_bucket":3,"stat.useItem.minecraft.written_book":31,"stat.mineBlock.minecraft.chorus_flower":65,"stat.useItem.minecraft.diamond_shovel":362135,"stat.breakItem.minecraft.diamond_helmet":2,"stat.craftItem.minecraft.wooden_axe":74,"stat.mineBlock.minecraft.diamond_ore":861,"stat.pickup.minecraft.fireworks":3865,"stat.useItem.minecraft.brown_mushroom_block":14,"stat.craftItem.minecraft.speckled_melon":34,"stat.craftItem.minecraft.wooden_pressure_plate":3490,"stat.drop.minecraft.redstone_ore":16,"stat.craftItem.minecraft.golden_sword":61,"stat.useItem.minecraft.wooden_sword":961,"stat.breakItem.minecraft.iron_shovel":3,"stat.useItem.minecraft.ladder":739,"stat.useItem.minecraft.diamond_ore":77,"stat.drop.minecraft.purpur_pillar":31,"stat.useItem.minecraft.cyan_shulker_box":48,"stat.pickup.minecraft.snowball":26179,"stat.killEntity.Guardian":164,"stat.diveOneCm":28087111,"stat.useItem.minecraft.sticky_piston":42,"stat.craftItem.minecraft.ladder":4503,"stat.mineBlock.minecraft.stone_button":41,"stat.drop.minecraft.ladder":201,"stat.pickup.minecraft.stained_glass_pane":1979,"stat.drop.minecraft.apple":17,"stat.drop.minecraft.sponge":12,"stat.craftItem.minecraft.diamond_sword":68,"stat.drop.minecraft.sandstone":34,"stat.jump":477623,"stat.useItem.minecraft.sand":3238,"stat.pickup.minecraft.white_shulker_box":1743,"stat.mineBlock.minecraft.observer":25,"stat.mineBlock.minecraft.light_blue_glazed_terracotta":267,"stat.craftItem.minecraft.torch":13203,"stat.breakItem.minecraft.golden_leggings":1,"stat.drop.minecraft.glowstone":1,"stat.craftItem.minecraft.fermented_spider_eye":2,"stat.mineBlock.minecraft.purpur_block":354,"stat.useItem.minecraft.glass":40,"stat.useItem.minecraft.sapling":5165,"stat.pickup.minecraft.gold_ore":1449,"stat.damageTaken":289861,"stat.useItem.minecraft.red_shulker_box":156,"stat.useItem.minecraft.end_crystal":10,"stat.mineBlock.minecraft.melon_block":10,"stat.useItem.minecraft.gold_block":141,"stat.mineBlock.minecraft.sapling":431,"stat.pickup.minecraft.log2":4856,"stat.useItem.minecraft.purple_shulker_box":226,"stat.pickup.minecraft.bed":69,"stat.pickup.minecraft.concrete":104106,"stat.pickup.minecraft.potato":3784,"stat.killEntity.Shulker":126,"stat.entityKilledBy.Zombie":10,"stat.killEntity.Silverfish":4,"stat.entityKilledBy.LavaSlime":1,"stat.craftItem.minecraft.stone_slab":32580,"stat.animalsBred":192,"stat.useItem.minecraft.chest":1608,"stat.mineBlock.minecraft.light_blue_shulker_box":29,"stat.useItem.minecraft.observer":71,"stat.shulkerBoxOpened":19940,"stat.craftItem.minecraft.iron_chestplate":59,"stat.pickup.minecraft.baked_potato":523,"stat.drop.minecraft.potato":1941,"stat.pickup.minecraft.ender_pearl":2433,"stat.drop.minecraft.wooden_slab":3,"stat.pickup.minecraft.ladder":617,"stat.useItem.minecraft.netherrack":1805,"stat.craftItem.minecraft.stained_glass_pane":4000,"stat.mineBlock.minecraft.tnt":6,"stat.craftItem.minecraft.bookshelf":21,"stat.useItem.minecraft.tripwire_hook":264,"stat.mineBlock.minecraft.stonebrick":9088,"stat.mineBlock.minecraft.glowstone":372,"stat.craftItem.minecraft.shears":86,"stat.craftItem.minecraft.golden_shovel":55,"stat.useItem.minecraft.cobblestone_wall":1,"stat.breakItem.minecraft.diamond_shovel":2,"stat.useItem.minecraft.writable_book":253,"stat.drop.minecraft.spruce_stairs":44,"stat.breakItem.minecraft.wooden_shovel":1,"stat.pickup.minecraft.torch":11407,"stat.drop.minecraft.acacia_fence":18,"stat.drop.minecraft.diamond_shovel":5,"stat.drop.minecraft.quartz_block":2,"stat.pickup.minecraft.spruce_boat":148,"stat.drop.minecraft.stone_axe":5,"stat.drop.minecraft.arrow":846,"stat.drop.minecraft.shears":2,"stat.craftItem.minecraft.compass":35,"stat.pickup.minecraft.jungle_boat":30,"stat.useItem.minecraft.end_bricks":424,"stat.drop.minecraft.waterlily":42,"stat.pigOneCm":456,"stat.craftItem.minecraft.iron_axe":77,"stat.mineBlock.minecraft.purple_shulker_box":226,"stat.pickup.minecraft.lapis_block":52,"stat.drop.minecraft.trapdoor":9,"stat.pickup.minecraft.fishing_rod":23,"stat.useItem.minecraft.planks":1069,"stat.pickup.minecraft.porkchop":100,"stat.pickup.minecraft.glass":544,"stat.pickup.minecraft.blaze_powder":76,"stat.drop.minecraft.speckled_melon":10,"stat.drop.minecraft.melon":1,"stat.useItem.minecraft.pink_shulker_box":31,"stat.useItem.minecraft.water_bucket":914,"stat.pickup.minecraft.sand":132089,"stat.craftItem.minecraft.golden_apple":25,"stat.craftItem.minecraft.dark_oak_fence":3462,"stat.entityKilledBy.Spider":1,"stat.pickup.minecraft.hardened_clay":3,"stat.pickup.minecraft.name_tag":6,"stat.drop.minecraft.hardened_clay":6,"stat.aviateOneCm":419439951,"stat.useItem.minecraft.ender_pearl":1636,"stat.useItem.minecraft.brown_mushroom":241,"stat.craftItem.minecraft.blaze_powder":78,"stat.drop.minecraft.golden_sword":450,"stat.useItem.minecraft.oak_stairs":1,"stat.craftItem.minecraft.golden_carrot":3275,"stat.drop.minecraft.stone_slab":105,"stat.pickup.minecraft.fence_gate":1,"stat.pickup.minecraft.filled_map":190,"stat.pickup.minecraft.furnace":131,"stat.useItem.minecraft.redstone":1380,"stat.mineBlock.minecraft.end_bricks":634,"stat.mineBlock.minecraft.redstone_lamp":7,"stat.pickup.minecraft.iron_chestplate":12,"stat.pickup.minecraft.end_rod":48,"stat.pickup.minecraft.skull":226,"stat.useItem.minecraft.stone_stairs":5,"stat.mineBlock.minecraft.red_shulker_box":141,"stat.useItem.minecraft.hopper":1943,"stat.craftItem.minecraft.heavy_weighted_pressure_plate":3457,"stat.playOneMinute":56012946,"stat.drop.minecraft.string":136,"stat.pickup.minecraft.diamond_block":218,"stat.useItem.minecraft.shears":6405,"stat.mineBlock.minecraft.brown_mushroom_block":14800,"stat.pickup.minecraft.beacon":23,"stat.pickup.minecraft.iron_bars":109,"stat.pickup.minecraft.dispenser":8,"stat.craftItem.minecraft.carpet":1090,"stat.mineBlock.minecraft.netherrack":62559,"stat.mineBlock.minecraft.dispenser":8,"stat.craftItem.minecraft.dark_oak_stairs":3508,"stat.drop.minecraft.flint":5509,"stat.craftItem.minecraft.golden_rail":462,"stat.useItem.minecraft.quartz_ore":44,"stat.craftItem.minecraft.iron_nugget":5276,"stat.pickup.minecraft.cooked_chicken":24,"stat.fallOneCm":10698693,"stat.drop.minecraft.brown_mushroom_block":61,"stat.drop.minecraft.dye":864,"stat.craftItem.minecraft.chest":3570,"stat.mineBlock.minecraft.lever":3,"stat.pickup.minecraft.red_mushroom":4747,"stat.useItem.minecraft.iron_hoe":356,"stat.pickup.minecraft.milk_bucket":2,"stat.pickup.minecraft.comparator":93,"stat.drop.minecraft.leaves2":48,"stat.pickup.minecraft.feather":31,"stat.drop.minecraft.iron_leggings":5,"stat.drop.minecraft.concrete":798,"stat.mineBlock.minecraft.spruce_fence":13,"stat.useItem.minecraft.yellow_shulker_box":116,"stat.useItem.minecraft.stone_pickaxe":40,"stat.useItem.minecraft.stone_sword":656,"stat.craftItem.minecraft.iron_leggings":59,"stat.useItem.minecraft.orange_shulker_box":259,"stat.pickup.minecraft.redstone_ore":412,"stat.craftItem.minecraft.oak_stairs":8,"stat.pickup.minecraft.chainmail_boots":48,"stat.craftItem.minecraft.golden_pickaxe":55,"stat.drop.minecraft.stick":1490,"stat.useItem.minecraft.iron_bars":148,"stat.mineBlock.minecraft.monster_egg":13,"stat.drop.minecraft.stone_brick_stairs":54,"stat.mineBlock.minecraft.pink_shulker_box":31,"stat.killEntity.LavaSlime":373,"stat.pickup.minecraft.log":61315,"stat.mineBlock.minecraft.golden_rail":195,"stat.craftItem.minecraft.hopper_minecart":180,"stat.pickup.minecraft.tallgrass":20,"stat.pickup.minecraft.chainmail_leggings":43,"stat.pickup.minecraft.wooden_door":47,"stat.entityKilledBy.Enderman":1,"stat.mineBlock.minecraft.iron_block":2464,"stat.mineBlock.minecraft.tripwire_hook":44,"stat.craftItem.minecraft.snow":6293,"stat.pickup.minecraft.diamond_helmet":62,"stat.craftItem.minecraft.cooked_chicken":5,"stat.useItem.minecraft.stone_hoe":29,"stat.craftItem.minecraft.flower_pot":4,"stat.craftItem.minecraft.golden_boots":55,"stat.useItem.minecraft.beetroot_seeds":810,"stat.sneakTime":1437874,"stat.mineBlock.minecraft.yellow_shulker_box":114,"stat.mineBlock.minecraft.cobblestone_wall":1,"stat.useItem.minecraft.brewing_stand":7,"stat.pickup.minecraft.chest":710,"stat.craftItem.minecraft.enchanting_table":2,"stat.craftItem.minecraft.leather_leggings":2,"stat.useItem.minecraft.lapis_block":6,"stat.drop.minecraft.sugar":9,"stat.drop.minecraft.red_shulker_box":1,"stat.pickup.minecraft.stone_pressure_plate":1052,"stat.drop.minecraft.beetroot":1144,"stat.pickup.minecraft.lit_pumpkin":28,"stat.useItem.minecraft.repeater":216,"stat.drop.minecraft.leather_helmet":166,"stat.craftItem.minecraft.stone_brick_stairs":8820,"stat.swimOneCm":5538337,"stat.mineBlock.minecraft.diamond_block":170,"stat.mineBlock.minecraft.spruce_stairs":14,"stat.craftItem.minecraft.golden_chestplate":57,"stat.drop.minecraft.brown_mushroom":959,"stat.useItem.minecraft.dirt":27333,"stat.pickup.minecraft.purpur_block":259,"stat.pickup.minecraft.enchanting_table":1,"stat.drop.minecraft.iron_trapdoor":1,"stat.drop.minecraft.ender_pearl":681,"stat.useItem.minecraft.golden_pickaxe":33,"stat.mineBlock.minecraft.magma":14906,"stat.mineBlock.minecraft.carpet":344,"stat.pickup.minecraft.gold_block":342,"stat.mineBlock.minecraft.redstone_block":123,"stat.useItem.minecraft.stone_shovel":264,"stat.pickup.minecraft.glass_bottle":51,"stat.useItem.minecraft.red_mushroom":231,"stat.drop.minecraft.wheat_seeds":1140,"stat.craftItem.minecraft.wooden_slab":17942,"stat.useItem.minecraft.sign":836,"stat.drop.minecraft.log":347,"stat.pickup.minecraft.mutton":18,"stat.useItem.minecraft.lever":2,"stat.mineBlock.minecraft.coal_block":5,"stat.breakItem.minecraft.golden_sword":2,"stat.drop.minecraft.golden_boots":174,"stat.pickup.minecraft.stonebrick":13779,"stat.pickup.minecraft.redstone_lamp":7,"stat.drop.minecraft.beetroot_seeds":2078,"stat.mineBlock.minecraft.nether_brick":42,"stat.pickup.minecraft.snow_layer":59,"stat.drop.minecraft.log2":20,"stat.useItem.minecraft.golden_axe":13,"stat.drop.minecraft.potion":38,"stat.useItem.minecraft.stone_slab":12631,"stat.pickup.minecraft.speckled_melon":10,"stat.useItem.minecraft.bed":79,"stat.craftItem.minecraft.stone":12280,"stat.craftItem.minecraft.armor_stand":902,"stat.mineBlock.minecraft.crafting_table":66,"stat.useItem.minecraft.diamond_pickaxe":639646,"stat.useItem.minecraft.carrot":585,"stat.killEntity.Endermite":24,"stat.useItem.minecraft.wooden_shovel":61,"stat.drop.minecraft.golden_apple":9,"stat.useItem.minecraft.bucket":969,"stat.pickup.minecraft.stone_button":235,"stat.pickup.minecraft.slime_ball":1058,"stat.useItem.minecraft.purpur_block":60,"stat.mineBlock.minecraft.cyan_shulker_box":47,"stat.craftItem.minecraft.diamond_pickaxe":81,"stat.drop.minecraft.wooden_pickaxe":1,"stat.pickup.minecraft.gravel":107329,"stat.useItem.minecraft.glass_bottle":321,"stat.useItem.minecraft.diamond_axe":95628,"stat.pickup.minecraft.purpur_stairs":48,"stat.breakItem.minecraft.wooden_axe":4,"stat.drop.minecraft.spruce_boat":55,"stat.entityKilledBy.Guardian":5,"stat.pickup.minecraft.red_shulker_box":146,"stat.useItem.minecraft.stained_glass_pane":3718,"stat.pickup.minecraft.stone_brick_stairs":3104,"stat.pickup.minecraft.diamond_sword":85,"stat.pickup.minecraft.brick":66,"stat.killEntity.SkeletonHorse":6,"stat.pickup.minecraft.iron_helmet":9,"stat.craftItem.minecraft.birch_boat":3,"stat.pickup.minecraft.black_shulker_box":162,"stat.useItem.minecraft.piston":306,"stat.craftItem.minecraft.bread":1767,"stat.pickup.minecraft.spider_eye":55,"stat.useItem.minecraft.mycelium":456,"stat.useItem.minecraft.stone_button":91,"stat.pickup.minecraft.diamond_ore":102,"stat.mineBlock.minecraft.magenta_shulker_box":7,"stat.craftItem.minecraft.end_crystal":10,"stat.useItem.minecraft.cooked_chicken":13,"stat.pickup.minecraft.iron_ore":8123,"stat.pickup.minecraft.snow":555,"stat.mineBlock.minecraft.iron_bars":81,"stat.pickup.minecraft.leaves":4943,"stat.pickup.minecraft.leather":1760,"stat.useItem.minecraft.wooden_pickaxe":53,"stat.mineBlock.minecraft.mycelium":16732,"stat.dispenserInspected":113,"stat.craftItem.minecraft.golden_hoe":55,"stat.pickup.minecraft.reeds":2264,"stat.pickup.minecraft.prismarine_crystals":137,"stat.useItem.minecraft.magma":9178,"stat.craftItem.minecraft.glass":779,"stat.craftItem.minecraft.cauldron":3,"stat.sleepInBed":793,"stat.killEntity.Cow":123,"stat.pickup.minecraft.minecart":131,"stat.killEntity.Pig":99,"stat.craftItem.minecraft.iron_sword":68,"stat.pickup.minecraft.piston":154,"stat.breakItem.minecraft.fishing_rod":2,"stat.walkOneCm":128462944,"stat.pickup.minecraft.clay_ball":481,"stat.mineBlock.minecraft.trapped_chest":148,"stat.pickup.minecraft.purpur_slab":11,"stat.useItem.minecraft.spruce_boat":181,"stat.drop.minecraft.diamond_axe":4,"stat.pickup.minecraft.tnt":64,"stat.drop.minecraft.iron_chestplate":10,"stat.pickup.minecraft.stone":131765,"stat.mineBlock.minecraft.wool":279,"stat.mineBlock.minecraft.packed_ice":8611,"stat.useItem.minecraft.leaves":564,"stat.craftItem.minecraft.minecart":272,"stat.pickup.minecraft.gold_ingot":1819,"stat.useItem.minecraft.prismarine":299,"stat.killEntity.Skeleton":4212,"stat.mineBlock.minecraft.cactus":174,"stat.drop.minecraft.chainmail_boots":56,"stat.drop.minecraft.fermented_spider_eye":1,"stat.mineBlock.minecraft.redstone_torch":104,"stat.killEntity.Spider":69,"stat.pickup.minecraft.bread":387,"stat.drop.minecraft.end_rod":19,"stat.craftItem.minecraft.spruce_fence":105,"stat.pickup.minecraft.quartz":1571,"stat.pickup.minecraft.birch_fence":8,"stat.pickup.minecraft.water_bucket":40,"stat.breakItem.minecraft.iron_axe":5,"stat.drop.minecraft.prismarine":43,"stat.useItem.minecraft.hopper_minecart":125,"stat.pickup.minecraft.spruce_stairs":14,"stat.mineBlock.minecraft.redstone_ore":4408,"stat.pickup.minecraft.elytra":67,"stat.craftItem.minecraft.coal_block":1342,"stat.drop.minecraft.beef":2,"stat.mineBlock.minecraft.stone":349986,"stat.useItem.minecraft.sandstone":26}