{"stat.useItem.minecraft.bow":1903,"stat.useItem.minecraft.quartz_block":562,"stat.useItem.minecraft.painting":168,"stat.drop.minecraft.gunpowder":1011,"stat.drop.minecraft.redstone":11,"stat.pickup.minecraft.dark_oak_boat":19,"stat.mineBlock.minecraft.stained_glass":2182,"stat.drop.minecraft.enchanted_book":3,"stat.mineBlock.minecraft.web":71,"stat.drop.minecraft.coal_block":30,"stat.drop.minecraft.iron_sword":22,"stat.pickup.minecraft.rotten_flesh":6095,"stat.mineBlock.minecraft.purpur_stairs":13,"stat.drop.minecraft.golden_horse_armor":2,"stat.craftItem.minecraft.stone_axe":4,"stat.drop.minecraft.leather_boots":7,"stat.useItem.minecraft.vine":79,"stat.pickup.minecraft.cobblestone_wall":725,"stat.pickup.minecraft.bucket":18,"stat.useItem.minecraft.rail":1313,"stat.killEntity.Enderman":9925,"stat.drop.minecraft.elytra":3,"stat.useItem.minecraft.anvil":17,"stat.craftItem.minecraft.iron_shovel":3,"stat.pickup.minecraft.brown_mushroom":35,"stat.mineBlock.minecraft.end_stone":399,"stat.killEntity.Villager":198,"stat.useItem.minecraft.iron_pickaxe":1762,"stat.pickup.minecraft.stained_hardened_clay":9,"stat.pickup.minecraft.double_plant":168,"stat.craftItem.minecraft.glass_pane":128,"stat.drop.minecraft.diamond_chestplate":2,"stat.mineBlock.minecraft.sticky_piston":10,"stat.pickup.minecraft.wooden_shovel":7,"stat.furnaceInteraction":1728,"stat.mineBlock.minecraft.chorus_plant":28,"stat.craftItem.minecraft.leather_helmet":26,"stat.useItem.minecraft.green_shulker_box":31,"stat.useItem.minecraft.end_stone":335,"stat.mineBlock.minecraft.wooden_button":12,"stat.drop.minecraft.cactus":64,"stat.useItem.minecraft.red_sandstone":71,"stat.useItem.minecraft.fence":646,"stat.drop.minecraft.furnace":1,"stat.useItem.minecraft.acacia_fence":139,"stat.useItem.minecraft.cauldron":5,"stat.mineBlock.minecraft.fence":97,"stat.useItem.minecraft.flint_and_steel":31,"stat.useItem.minecraft.wheat_seeds":1820,"stat.mineBlock.minecraft.sea_lantern":384,"stat.drop.minecraft.cooked_fish":113,"stat.killEntity.Husk":3,"stat.pickup.minecraft.emerald":167,"stat.craftItem.minecraft.dark_oak_boat":7,"stat.pickup.minecraft.lever":66,"stat.deaths":26,"stat.pickup.minecraft.egg":1702,"stat.mineBlock.minecraft.brown_shulker_box":44,"stat.craftItem.minecraft.item_frame":156,"stat.craftItem.minecraft.wooden_shovel":24,"stat.craftItem.minecraft.iron_pickaxe":11,"stat.pickup.minecraft.glass_pane":65,"stat.pickup.minecraft.sea_lantern":560,"stat.pickup.minecraft.item_frame":13,"stat.craftItem.minecraft.repeater":15,"stat.drop.minecraft.iron_ingot":316,"stat.craftItem.minecraft.cooked_mutton":11,"stat.fishCaught":55,"stat.pickup.minecraft.cooked_mutton":7,"stat.chestOpened":17686,"stat.useItem.minecraft.lapis_ore":110,"stat.craftItem.minecraft.sign":306,"stat.pickup.minecraft.iron_sword":24,"stat.pickup.minecraft.lapis_ore":110,"stat.craftItem.minecraft.quartz_block":1579,"stat.pickup.minecraft.gold_nugget":130,"stat.pickup.minecraft.chorus_flower":37,"stat.craftItem.minecraft.coal":4374,"stat.craftItem.minecraft.ender_chest":11,"stat.pickup.minecraft.carrot":2356,"stat.drop.minecraft.stone_sword":5,"stat.crouchOneCm":8309843,"stat.craftItem.minecraft.diamond":279,"stat.pickup.minecraft.rail":1537,"stat.craftItem.minecraft.iron_ingot":3852,"stat.pickup.minecraft.ender_chest":265,"stat.drop.minecraft.slime_ball":32,"stat.craftingTableInteraction":1524,"stat.mineBlock.minecraft.wooden_pressure_plate":2,"stat.useItem.minecraft.light_blue_shulker_box":2,"stat.pickup.minecraft.repeater":29,"stat.pickup.minecraft.wooden_pickaxe":1,"stat.mineBlock.minecraft.log2":1513,"stat.drop.minecraft.double_plant":7,"stat.useItem.minecraft.dark_oak_fence":59,"stat.pickup.minecraft.dye":4005,"stat.pickup.minecraft.planks":432,"stat.drop.minecraft.minecart":1,"stat.mineBlock.minecraft.ender_chest":252,"stat.flowerPotted":230,"stat.drop.minecraft.rotten_flesh":924,"stat.pickup.minecraft.magma":127,"stat.drop.minecraft.iron_door":1,"stat.drop.minecraft.coal_ore":1,"stat.drop.minecraft.glass_pane":4,"stat.drop.minecraft.iron_ore":285,"stat.useItem.minecraft.yellow_flower":39,"stat.drop.minecraft.sapling":17,"stat.pickup.minecraft.chicken":127,"stat.drop.minecraft.gold_nugget":120,"stat.pickup.minecraft.end_stone":396,"stat.useItem.minecraft.glass_pane":112,"stat.breakItem.minecraft.stone_shovel":3,"stat.pickup.minecraft.coal_block":295,"stat.drop.minecraft.fish":47,"stat.craftItem.minecraft.bucket":7,"stat.craftItem.minecraft.planks":16172,"stat.useItem.minecraft.iron_sword":502,"stat.craftItem.minecraft.dirt":128,"stat.mineBlock.minecraft.prismarine":1064,"stat.pickup.minecraft.stone_sword":13,"stat.craftItem.minecraft.fishing_rod":10,"stat.useItem.minecraft.stonebrick":1571,"stat.pickup.minecraft.book":359,"stat.craftItem.minecraft.wooden_door":21,"stat.mineBlock.minecraft.waterlily":10,"stat.pickup.minecraft.iron_door":10,"stat.drop.minecraft.leather_leggings":7,"stat.drop.minecraft.sea_lantern":64,"stat.pickup.minecraft.cooked_fish":941,"stat.craftItem.minecraft.spruce_door":36,"stat.pickup.minecraft.tripwire_hook":2,"stat.craftItem.minecraft.jungle_boat":10,"stat.pickup.minecraft.bookshelf":26,"stat.pickup.minecraft.spruce_fence_gate":3,"stat.mineBlock.minecraft.pumpkin":11,"stat.mineBlock.minecraft.cobblestone":4138,"stat.useItem.minecraft.beacon":5,"stat.pickup.minecraft.stone_pickaxe":3,"stat.pickup.minecraft.flint":1166,"stat.craftItem.minecraft.quartz_stairs":512,"stat.breakItem.minecraft.diamond_leggings":1,"stat.pickup.minecraft.leather_chestplate":29,"stat.mineBlock.minecraft.concrete":15103,"stat.pickup.minecraft.flower_pot":184,"stat.drop.minecraft.purpur_slab":16,"stat.mineBlock.minecraft.stained_glass_pane":441,"stat.drop.minecraft.end_bricks":7,"stat.pickup.minecraft.lime_shulker_box":2,"stat.craftItem.minecraft.clock":1,"stat.drop.minecraft.cobblestone":3722,"stat.useItem.minecraft.chorus_flower":15,"stat.pickup.minecraft.cooked_porkchop":21,"stat.useItem.minecraft.coal_block":7,"stat.breakItem.minecraft.iron_pickaxe":7,"stat.mineBlock.minecraft.dropper":1,"stat.useItem.minecraft.stone_slab2":64,"stat.pickup.minecraft.iron_boots":11,"stat.pickup.minecraft.diamond_horse_armor":3,"stat.pickup.minecraft.stone_hoe":2,"stat.craftItem.minecraft.furnace":58,"stat.craftItem.minecraft.lapis_block":208,"stat.drop.minecraft.golden_helmet":9,"stat.craftItem.minecraft.iron_boots":2,"stat.useItem.minecraft.spruce_fence_gate":22,"stat.drop.minecraft.record_cat":3,"stat.mineBlock.minecraft.clay":2246,"stat.mineBlock.minecraft.noteblock":1,"stat.pickup.minecraft.diamond_leggings":33,"stat.useItem.minecraft.brick_block":2205,"stat.drop.minecraft.iron_helmet":1,"stat.drop.minecraft.chainmail_chestplate":2,"stat.useItem.minecraft.wooden_slab":3759,"stat.drop.minecraft.spider_eye":121,"stat.craftItem.minecraft.beacon":5,"stat.useItem.minecraft.iron_door":13,"stat.craftItem.minecraft.iron_block":469,"stat.craftItem.minecraft.stonebrick":4443,"stat.useItem.minecraft.brown_shulker_box":45,"stat.breakItem.minecraft.diamond_pickaxe":4,"stat.craftItem.minecraft.end_rod":64,"stat.drop.minecraft.stained_glass":4,"stat.drop.minecraft.flint_and_steel":1,"stat.killEntity.Creeper":326,"stat.useItem.minecraft.armor_stand":47,"stat.breakItem.minecraft.iron_sword":2,"stat.pickup.minecraft.wooden_sword":2,"stat.useItem.minecraft.silver_shulker_box":50,"stat.craftItem.minecraft.jungle_stairs":40,"stat.pickup.minecraft.brown_shulker_box":45,"stat.pickup.minecraft.birch_stairs":12,"stat.killEntity.Squid":270,"stat.useItem.minecraft.dropper":3,"stat.sprintOneCm":52947925,"stat.useItem.minecraft.diamond_block":33,"stat.mineBlock.minecraft.stone_slab":1330,"stat.drop.minecraft.leather":1,"stat.drop.minecraft.stone_hoe":2,"stat.pickup.minecraft.leather_leggings":34,"stat.craftItem.minecraft.redstone_lamp":52,"stat.drop.minecraft.boat":1,"stat.pickup.minecraft.sugar":3,"stat.pickup.minecraft.vine":262,"stat.craftItem.minecraft.leather_chestplate":20,"stat.useItem.minecraft.cake":1,"stat.useItem.minecraft.banner":32,"stat.entityKilledBy.Slime":1,"stat.drop.minecraft.golden_rail":1,"stat.craftItem.minecraft.emerald":2511,"stat.pickup.minecraft.iron_block":96,"stat.killEntity.Zombie":7213,"stat.craftItem.minecraft.dye":13151,"stat.craftItem.minecraft.diamond_axe":2,"stat.mineBlock.minecraft.gold_ore":283,"stat.drop.minecraft.diamond_pickaxe":8,"stat.pickup.minecraft.wheat":1489,"stat.craftItem.minecraft.sandstone":634,"stat.mineBlock.minecraft.mossy_cobblestone":560,"stat.drop.minecraft.purpur_stairs":5,"stat.pickup.minecraft.sign":412,"stat.pickup.minecraft.obsidian":393,"stat.useItem.minecraft.heavy_weighted_pressure_plate":1,"stat.pickup.minecraft.coal":7280,"stat.pickup.minecraft.iron_ingot":315,"stat.useItem.minecraft.dark_oak_boat":20,"stat.craftItem.minecraft.lever":27,"stat.drop.minecraft.diamond_sword":13,"stat.pickup.minecraft.gunpowder":640,"stat.drop.minecraft.wooden_sword":1,"stat.pickup.minecraft.dirt":14912,"stat.useItem.minecraft.coal_ore":1811,"stat.drop.minecraft.iron_shovel":2,"stat.useItem.minecraft.dispenser":27,"stat.mineBlock.minecraft.lapis_ore":250,"stat.pickup.minecraft.red_sandstone":27,"stat.pickup.minecraft.iron_axe":12,"stat.pickup.minecraft.cookie":10,"stat.brewingstandInteraction":20,"stat.useItem.minecraft.stone_brick_stairs":965,"stat.mineBlock.minecraft.torch":1525,"stat.mineBlock.minecraft.red_flower":85,"stat.pickup.minecraft.written_book":33,"stat.tradedWithVillager":1758,"stat.useItem.minecraft.acacia_door":7,"stat.pickup.minecraft.magma_cream":72,"stat.noteblockTuned":14023,"stat.craftItem.minecraft.comparator":4,"stat.craftItem.minecraft.sea_lantern":2515,"stat.craftItem.minecraft.glowstone":72,"stat.useItem.minecraft.slime":8,"stat.useItem.minecraft.birch_fence":403,"stat.mineBlock.minecraft.fence_gate":6,"stat.pickup.minecraft.diamond_axe":23,"stat.pickup.minecraft.shulker_shell":226,"stat.mineBlock.minecraft.birch_fence":58,"stat.pickup.minecraft.green_shulker_box":31,"stat.drop.minecraft.item_frame":1,"stat.drop.minecraft.wheat":116,"stat.drop.minecraft.noteblock":1,"stat.pickup.minecraft.diamond_pickaxe":69,"stat.useItem.minecraft.pumpkin":1,"stat.pickup.minecraft.noteblock":1,"stat.useItem.minecraft.tnt":593,"stat.useItem.minecraft.lava_bucket":31,"stat.drop.minecraft.netherrack":4713,"stat.pickup.minecraft.red_mushroom_block":307,"stat.useItem.minecraft.melon":8,"stat.useItem.minecraft.item_frame":169,"stat.useItem.minecraft.stained_hardened_clay":7,"stat.drop.minecraft.egg":11,"stat.useItem.minecraft.redstone_ore":467,"stat.pickup.minecraft.cooked_beef":14,"stat.useItem.minecraft.concrete":12150,"stat.mineBlock.minecraft.purpur_slab":14,"stat.craftItem.minecraft.cookie":8,"stat.mobKills":30449,"stat.pickup.minecraft.diamond_boots":29,"stat.mineBlock.minecraft.bookshelf":141,"stat.drop.minecraft.written_book":5,"stat.useItem.minecraft.boat":15,"stat.useItem.minecraft.mossy_cobblestone":265,"stat.craftItem.minecraft.lead":20,"stat.pickup.minecraft.diamond":459,"stat.pickup.minecraft.beetroot_seeds":84,"stat.pickup.minecraft.brown_mushroom_block":96,"stat.craftItem.minecraft.spruce_stairs":172,"stat.craftItem.minecraft.map":20,"stat.breakItem.minecraft.stone_sword":1,"stat.useItem.minecraft.string":81,"stat.drop.minecraft.mutton":5,"stat.useItem.minecraft.bookshelf":197,"stat.useItem.minecraft.soul_sand":23,"stat.killEntity.Blaze":34,"stat.drop.minecraft.skull":6,"stat.useItem.minecraft.gray_shulker_box":20,"stat.pickup.minecraft.golden_boots":37,"stat.pickup.minecraft.glowstone_dust":4,"stat.mineBlock.minecraft.white_shulker_box":17,"stat.mineBlock.minecraft.red_mushroom":2,"stat.mineBlock.minecraft.stone_brick_stairs":187,"stat.drop.minecraft.poisonous_potato":3,"stat.drop.minecraft.golden_leggings":4,"stat.pickup.minecraft.splash_potion":4,"stat.pickup.minecraft.observer":5,"stat.craftItem.minecraft.cobblestone_wall":432,"stat.craftItem.minecraft.stone_sword":25,"stat.pickup.minecraft.chainmail_chestplate":10,"stat.mineBlock.minecraft.sand":22263,"stat.craftItem.minecraft.slime":263,"stat.hopperInspected":571,"stat.useItem.minecraft.fence_gate":11,"stat.drop.minecraft.diamond":4,"stat.pickup.minecraft.ghast_tear":7,"stat.craftItem.minecraft.birch_door":3,"stat.pickup.minecraft.armor_stand":7,"stat.trappedChestTriggered":1178,"stat.mineBlock.minecraft.gray_shulker_box":20,"stat.drop.minecraft.rail":2,"stat.craftItem.minecraft.observer":3,"stat.craftItem.minecraft.acacia_stairs":96,"stat.pickup.minecraft.wooden_button":15,"stat.drop.minecraft.purple_shulker_box":8,"stat.useItem.minecraft.minecart":74,"stat.useItem.minecraft.cooked_mutton":18,"stat.drop.minecraft.diamond_helmet":1,"stat.drop.minecraft.wooden_button":3,"stat.drop.minecraft.fishing_rod":6,"stat.drop.minecraft.pumpkin_seeds":5,"stat.drop.minecraft.prismarine_shard":113,"stat.pickup.minecraft.stone_stairs":336,"stat.craftItem.minecraft.fence_gate":6,"stat.pickup.minecraft.acacia_stairs":10,"stat.pickup.minecraft.pumpkin_seeds":23,"stat.drop.minecraft.fireworks":41,"stat.drop.minecraft.iron_horse_armor":1,"stat.drop.minecraft.jungle_boat":2,"stat.pickup.minecraft.saddle":4,"stat.mineBlock.minecraft.soul_sand":50,"stat.mineBlock.minecraft.jungle_stairs":6,"stat.pickup.minecraft.mycelium":788,"stat.pickup.minecraft.blaze_rod":77,"stat.craftItem.minecraft.diamond_block":52,"stat.drop.minecraft.chest":42,"stat.drop.minecraft.white_shulker_box":4,"stat.pickup.minecraft.netherrack":7315,"stat.pickup.minecraft.pumpkin":20,"stat.pickup.minecraft.spruce_door":49,"stat.drop.minecraft.hopper":4,"stat.pickup.minecraft.waterlily":14,"stat.craftItem.minecraft.redstone_torch":93,"stat.pickup.minecraft.brick_stairs":230,"stat.mineBlock.minecraft.gold_block":27,"stat.craftItem.minecraft.iron_hoe":2,"stat.useItem.minecraft.experience_bottle":12,"stat.drop.minecraft.stone":2959,"stat.useItem.minecraft.trapped_chest":89,"stat.pickup.minecraft.melon_seeds":25,"stat.pickup.minecraft.dropper":1,"stat.useItem.minecraft.black_shulker_box":60,"stat.drop.minecraft.book":10,"stat.pickup.minecraft.golden_leggings":29,"stat.pickup.minecraft.melon":28,"stat.dropperInspected":78,"stat.useItem.minecraft.golden_rail":84,"stat.drop.minecraft.bone":116,"stat.craftItem.minecraft.wooden_button":91,"stat.useItem.minecraft.furnace":150,"stat.pickup.minecraft.slime":97,"stat.pickup.minecraft.iron_leggings":3,"stat.mineBlock.minecraft.gravel":9715,"stat.breakItem.minecraft.stone_axe":4,"stat.useItem.minecraft.wool":255,"stat.drop.minecraft.reeds":9,"stat.drop.minecraft.iron_axe":1,"stat.drop.minecraft.tnt_minecart":13,"stat.pickup.minecraft.flint_and_steel":6,"stat.mineBlock.minecraft.green_shulker_box":31,"stat.drop.minecraft.record_13":1,"stat.useItem.minecraft.torch":8282,"stat.pickup.minecraft.golden_apple":12,"stat.craftItem.minecraft.redstone_block":304,"stat.pickup.minecraft.birch_fence_gate":4,"stat.craftItem.minecraft.stone_stairs":644,"stat.useItem.minecraft.log":3987,"stat.pickup.minecraft.crafting_table":67,"stat.useItem.minecraft.comparator":6,"stat.craftItem.minecraft.crafting_table":52,"stat.drop.minecraft.end_stone":1,"stat.craftItem.minecraft.boat":7,"stat.mineBlock.minecraft.emerald_ore":7,"stat.pickup.minecraft.redstone_block":55,"stat.useItem.minecraft.cooked_fish":646,"stat.drop.minecraft.sign":2,"stat.pickup.minecraft.compass":1,"stat.drop.minecraft.stonebrick":56,"stat.craftItem.minecraft.stone_button":4,"stat.drop.minecraft.planks":147,"stat.pickup.minecraft.sapling":1759,"stat.useItem.minecraft.deadbush":52,"stat.useItem.minecraft.birch_door":2,"stat.drop.minecraft.bow":11,"stat.drop.minecraft.golden_chestplate":7,"stat.killEntity.WitherSkeleton":201,"stat.useItem.minecraft.wooden_pressure_plate":11,"stat.craftItem.minecraft.sugar":3,"stat.mineBlock.minecraft.orange_shulker_box":32,"stat.drop.minecraft.bucket":1,"stat.craftItem.minecraft.spruce_fence_gate":19,"stat.useItem.minecraft.baked_potato":155,"stat.pickup.minecraft.stone_slab":2867,"stat.drop.minecraft.yellow_flower":3,"stat.pickup.minecraft.yellow_flower":114,"stat.drop.minecraft.ghast_tear":1,"stat.pickup.minecraft.golden_rail":98,"stat.useItem.minecraft.fishing_rod":449,"stat.craftItem.minecraft.diamond_chestplate":5,"stat.useItem.minecraft.brick_stairs":393,"stat.pickup.minecraft.bone":1275,"stat.craftItem.minecraft.sticky_piston":31,"stat.pickup.minecraft.redstone_torch":53,"stat.horseOneCm":157781,"stat.drop.minecraft.tripwire_hook":2,"stat.useItem.minecraft.log2":70,"stat.mineBlock.minecraft.slime":1,"stat.drop.minecraft.mossy_cobblestone":3,"stat.mineBlock.minecraft.black_shulker_box":59,"stat.drop.minecraft.prismarine_crystals":31,"stat.mineBlock.minecraft.brown_mushroom":11,"stat.mineBlock.minecraft.acacia_fence":28,"stat.useItem.minecraft.diamond_sword":19999,"stat.craftItem.minecraft.diamond_helmet":4,"stat.climbOneCm":948062,"stat.drop.minecraft.sticky_piston":21,"stat.useItem.minecraft.end_rod":143,"stat.craftItem.minecraft.gold_block":60,"stat.enderchestOpened":1124,"stat.useItem.minecraft.redstone_torch":69,"stat.pickup.minecraft.golden_helmet":27,"stat.drop.minecraft.quartz":516,"stat.craftItem.minecraft.purple_shulker_box":34,"stat.drop.minecraft.brick":256,"stat.useItem.minecraft.jungle_boat":8,"stat.useItem.minecraft.red_flower":58,"stat.pickup.minecraft.cooked_rabbit":11,"stat.pickup.minecraft.anvil":9,"stat.useItem.minecraft.iron_ore":5,"stat.craftItem.minecraft.trapdoor":808,"stat.craftItem.minecraft.stone_pickaxe":10,"stat.pickup.minecraft.cobblestone":123793,"stat.craftItem.minecraft.glass_bottle":15,"stat.pickup.minecraft.soul_sand":74,"stat.useItem.minecraft.cooked_beef":64,"stat.pickup.minecraft.cactus":80,"stat.pickup.minecraft.dragon_egg":1,"stat.drop.minecraft.clay_ball":20,"stat.pickup.minecraft.redstone":3015,"stat.craftItem.minecraft.dispenser":14,"stat.pickup.minecraft.acacia_boat":3,"stat.mineBlock.minecraft.iron_ore":3430,"stat.craftItem.minecraft.book":145,"stat.craftItem.minecraft.acacia_door":6,"stat.pickup.minecraft.mossy_cobblestone":1363,"stat.useItem.minecraft.noteblock":2,"stat.craftItem.minecraft.cake":1,"stat.drop.minecraft.coal":7,"stat.drop.minecraft.dirt":705,"stat.useItem.minecraft.cooked_porkchop":19,"stat.pickup.minecraft.iron_shovel":23,"stat.pickup.minecraft.trapdoor":386,"stat.pickup.minecraft.carpet":838,"stat.pickup.minecraft.diamond_shovel":29,"stat.craftItem.minecraft.acacia_fence":120,"stat.pickup.minecraft.jungle_stairs":6,"stat.mineBlock.minecraft.lime_shulker_box":2,"stat.useItem.minecraft.sea_lantern":2084,"stat.pickup.minecraft.silver_shulker_box":51,"stat.pickup.minecraft.nether_star":5,"stat.useItem.minecraft.spruce_fence":138,"stat.pickup.minecraft.sandstone_stairs":17,"stat.pickup.minecraft.paper":86,"stat.craftItem.minecraft.stick":5356,"stat.craftItem.minecraft.gold_nugget":43,"stat.pickup.minecraft.grass":4987,"stat.useItem.minecraft.stone_pressure_plate":3,"stat.drop.minecraft.leaves":19,"stat.pickup.minecraft.golden_horse_armor":5,"stat.pickup.minecraft.diamond_chestplate":29,"stat.entityKilledBy.Creeper":3,"stat.breakItem.minecraft.shears":13,"stat.pickup.minecraft.blue_shulker_box":15,"stat.mineBlock.minecraft.planks":112,"stat.drop":1676,"stat.killEntity.Sheep":7,"stat.drop.minecraft.iron_boots":2,"stat.pickup.minecraft.golden_chestplate":19,"stat.useItem.minecraft.melon_seeds":6,"stat.drop.minecraft.bread":4,"stat.pickup.minecraft.purpur_pillar":32,"stat.craftItem.minecraft.piston":43,"stat.useItem.minecraft.quartz_stairs":887,"stat.killEntity.Slime":2950,"stat.mineBlock.minecraft.anvil":9,"stat.useItem.minecraft.lime_shulker_box":3,"stat.pickup.minecraft.purple_shulker_box":272,"stat.useItem.minecraft.waterlily":6,"stat.useItem.minecraft.apple":2,"stat.mineBlock.minecraft.deadbush":73,"stat.drop.minecraft.chainmail_helmet":1,"stat.useItem.minecraft.carpet":723,"stat.useItem.minecraft.potion":6,"stat.useItem.minecraft.flower_pot":215,"stat.mineBlock.minecraft.purpur_pillar":33,"stat.pickup.minecraft.fence":207,"stat.useItem.minecraft.stone_axe":482,"stat.craftItem.minecraft.iron_helmet":2,"stat.craftItem.minecraft.rail":224,"stat.drop.minecraft.glass":262,"stat.boatOneCm":4239730,"stat.craftItem.minecraft.flint_and_steel":3,"stat.useItem.minecraft.redstone_lamp":24,"stat.mineBlock.minecraft.leaves2":255,"stat.mineBlock.minecraft.stone_stairs":193,"stat.craftItem.minecraft.iron_bars":144,"stat.mineBlock.minecraft.furnace":100,"stat.pickup.minecraft.dark_oak_fence":60,"stat.pickup.minecraft.prismarine_shard":648,"stat.pickup.minecraft.end_crystal":1,"stat.drop.minecraft.water_bucket":4,"stat.killEntity.CaveSpider":14,"stat.craftItem.minecraft.birch_fence":402,"stat.pickup.minecraft.oak_stairs":13,"stat.pickup.minecraft.emerald_block":1,"stat.pickup.minecraft.stained_glass":2670,"stat.damageDealt":1542748,"stat.craftItem.minecraft.anvil":8,"stat.pickup.minecraft.end_bricks":14,"stat.useItem.minecraft.crafting_table":89,"stat.craftItem.minecraft.stone_shovel":2,"stat.pickup.minecraft.boat":10,"stat.pickup.minecraft.stick":575,"stat.breakItem.minecraft.stone_pickaxe":6,"stat.craftItem.minecraft.birch_fence_gate":6,"stat.drop.minecraft.iron_block":1,"stat.craftItem.minecraft.diamond_boots":4,"stat.craftItem.minecraft.writable_book":61,"stat.useItem.minecraft.redstone_block":24,"stat.drop.minecraft.leather_chestplate":4,"stat.useItem.minecraft.spruce_stairs":108,"stat.craftItem.minecraft.redstone":544,"stat.pickup.minecraft.chorus_fruit":533,"stat.drop.minecraft.purpur_block":32,"stat.drop.minecraft.deadbush":59,"stat.killEntity.Chicken":75,"stat.drop.minecraft.crafting_table":5,"stat.useItem.minecraft.iron_block":291,"stat.mineBlock.minecraft.quartz_ore":2602,"stat.pickup.minecraft.concrete_powder":10036,"stat.craftItem.minecraft.tnt":192,"stat.drop.minecraft.diamond_boots":2,"stat.craftItem.minecraft.fence":564,"stat.useItem.minecraft.golden_apple":1,"stat.mineBlock.minecraft.leaves":6607,"stat.craftItem.minecraft.tripwire_hook":92,"stat.beaconInteraction":19,"stat.drop.minecraft.dark_oak_boat":1,"stat.pickup.minecraft.wooden_slab":874,"stat.leaveGame":537,"stat.pickup.minecraft.stone_slab2":62,"stat.useItem.minecraft.glowstone":173,"stat.mineBlock.minecraft.sandstone":1676,"stat.craftItem.minecraft.ender_eye":17,"stat.breakItem.minecraft.wooden_sword":2,"stat.killEntity.PigZombie":37,"stat.craftItem.minecraft.stone_pressure_plate":1,"stat.drop.minecraft.feather":66,"stat.mineBlock.minecraft.birch_fence_gate":2,"stat.mineBlock.minecraft.red_sandstone":25,"stat.useItem.minecraft.sandstone_stairs":37,"stat.pickup.minecraft.brick_block":747,"stat.drop.minecraft.brick_block":26,"stat.craftItem.minecraft.noteblock":2,"stat.useItem.minecraft.purpur_stairs":6,"stat.mineBlock.minecraft.wooden_slab":603,"stat.pickup.minecraft.leather_boots":30,"stat.killEntity.Witch":21,"stat.drop.minecraft.sand":214,"stat.killEntity.MushroomCow":5,"stat.drop.minecraft.gold_ingot":91,"stat.drop.minecraft.tnt":37,"stat.craftItem.minecraft.wooden_pickaxe":1,"stat.craftItem.minecraft.iron_door":12,"stat.drop.minecraft.chainmail_leggings":1,"stat.mineBlock.minecraft.brick_block":748,"stat.craftItem.minecraft.bed":2,"stat.drop.minecraft.wooden_shovel":30,"stat.mineBlock.minecraft.hopper":46,"stat.mineBlock.minecraft.vine":297,"stat.pickup.minecraft.melon_block":17,"stat.drop.minecraft.gravel":331,"stat.mineBlock.minecraft.rail":797,"stat.useItem.minecraft.pumpkin_seeds":6,"stat.killEntity.ZombieVillager":76,"stat.noteblockPlayed":30,"stat.drop.minecraft.red_flower":2,"stat.useItem.minecraft.double_plant":82,"stat.pickup.minecraft.prismarine":1190,"stat.pickup.minecraft.beef":119,"stat.pickup.minecraft.leather_helmet":34,"stat.useItem.minecraft.trapdoor":923,"stat.useItem.minecraft.blue_shulker_box":15,"stat.mineBlock.minecraft.stained_hardened_clay":9,"stat.useItem.minecraft.stained_glass":7302,"stat.craftItem.minecraft.prismarine":4384,"stat.useItem.minecraft.dark_oak_door":77,"stat.pickup.minecraft.potion":7,"stat.useItem.minecraft.wooden_button":37,"stat.craftItem.minecraft.dropper":2,"stat.useItem.minecraft.dye":3684,"stat.mineBlock.minecraft.stone_slab2":43,"stat.breakItem.minecraft.diamond_boots":1,"stat.mineBlock.minecraft.stone_pressure_plate":2,"stat.drop.minecraft.torch":48,"stat.drop.minecraft.glass_bottle":2,"stat.mineBlock.minecraft.tallgrass":470,"stat.useItem.minecraft.splash_potion":5,"stat.useItem.minecraft.cooked_rabbit":7,"stat.useItem.minecraft.stone":20274,"stat.pickup.minecraft.arrow":1596,"stat.pickup.minecraft.wooden_pressure_plate":4,"stat.killEntity.Ghast":13,"stat.useItem.minecraft.ender_chest":262,"stat.useItem.minecraft.white_shulker_box":17,"stat.drop.minecraft.iron_pickaxe":7,"stat.mineBlock.minecraft.chest":336,"stat.pickup.minecraft.painting":132,"stat.mineBlock.minecraft.concrete_powder":176,"stat.craftItem.minecraft.hopper":56,"stat.pickup.minecraft.gray_shulker_box":20,"stat.pickup.minecraft.yellow_shulker_box":52,"stat.pickup.minecraft.orange_shulker_box":33,"stat.useItem.minecraft.reeds":146,"stat.pickup.minecraft.birch_boat":1,"stat.craftItem.minecraft.wooden_sword":1,"stat.craftItem.minecraft.diamond_shovel":3,"stat.pickup.minecraft.wheat_seeds":4106,"stat.mineBlock.minecraft.glass":317,"stat.useItem.minecraft.enchanting_table":4,"stat.mineBlock.minecraft.dirt":20523,"stat.pickup.minecraft.poisonous_potato":16,"stat.useItem.minecraft.bread":346,"stat.pickup.minecraft.brewing_stand":7,"stat.drop.minecraft.porkchop":40,"stat.pickup.minecraft.light_blue_shulker_box":2,"stat.useItem.minecraft.cobblestone":12125,"stat.craftItem.minecraft.leather_boots":20,"stat.useItem.minecraft.gravel":45,"stat.mineBlock.minecraft.double_plant":23,"stat.minecartOneCm":82205,"stat.drop.minecraft.chicken":2,"stat.pickup.minecraft.iron_pickaxe":24,"stat.drop.minecraft.carrot":9,"stat.mineBlock.minecraft.end_rod":127,"stat.craftItem.minecraft.gold_ingot":601,"stat.pickup.minecraft.hopper":58,"stat.mineBlock.minecraft.silver_shulker_box":49,"stat.craftItem.minecraft.brewing_stand":7,"stat.useItem.minecraft.tallgrass":31,"stat.pickup.minecraft.apple":129,"stat.useItem.minecraft.fireworks":145,"stat.pickup.minecraft.banner":45,"stat.itemEnchanted":172,"stat.useItem.minecraft.acacia_boat":2,"stat.drop.minecraft.hopper_minecart":1,"stat.mineBlock.minecraft.log":8075,"stat.useItem.minecraft.wooden_door":61,"stat.useItem.minecraft.spruce_door":27,"stat.craftItem.minecraft.paper":3966,"stat.pickup.minecraft.red_flower":171,"stat.pickup.minecraft.wool":129,"stat.useItem.minecraft.chorus_fruit":3,"stat.drop.minecraft.grass":76,"stat.craftItem.minecraft.trapped_chest":88,"stat.pickup.minecraft.trapped_chest":4,"stat.cakeSlicesEaten":2,"stat.craftItem.minecraft.diamond_leggings":4,"stat.mineBlock.minecraft.acacia_stairs":10,"stat.useItem.minecraft.iron_axe":243,"stat.craftItem.minecraft.tnt_minecart":54,"stat.mineBlock.minecraft.yellow_flower":70,"stat.useItem.minecraft.skull":42,"stat.craftItem.minecraft.wool":1641,"stat.useItem.minecraft.concrete_powder":13656,"stat.pickup.minecraft.enchanted_book":23,"stat.pickup.minecraft.glowstone":243,"stat.craftItem.minecraft.arrow":49,"stat.pickup.minecraft.sticky_piston":32,"stat.useItem.minecraft.obsidian":74,"stat.pickup.minecraft.bow":64,"stat.craftItem.minecraft.dark_oak_door":84,"stat.useItem.minecraft.egg":1676,"stat.craftItem.minecraft.spruce_boat":1,"stat.pickup.minecraft.coal_ore":1879,"stat.craftItem.minecraft.cooked_beef":64,"stat.mineBlock.minecraft.obsidian":250,"stat.pickup.minecraft.shears":19,"stat.craftItem.minecraft.bow":62,"stat.flyOneCm":27628507,"stat.pickup.minecraft.sandstone":1625,"stat.pickup.minecraft.fish":814,"stat.craftItem.minecraft.stained_glass":7383,"stat.craftItem.minecraft.emerald_block":136,"stat.timeSinceDeath":108156,"stat.pickup.minecraft.quartz_ore":131,"stat.craftItem.minecraft.painting":47,"stat.cauldronFilled":6,"stat.drop.minecraft.repeater":7,"stat.killEntity.Bat":16,"stat.useItem.minecraft.potato":1267,"stat.pickup.minecraft.chainmail_helmet":4,"stat.mineBlock.minecraft.enchanting_table":1,"stat.pickup.minecraft.spruce_fence":30,"stat.craftItem.minecraft.concrete_powder":13920,"stat.killEntity.Wolf":1,"stat.mineBlock.minecraft.coal_ore":5913,"stat.craftItem.minecraft.stone_hoe":1,"stat.talkedToVillager":2659,"stat.mineBlock.minecraft.red_mushroom_block":370,"stat.pickup.minecraft.string":2267,"stat.craftItem.minecraft.golden_helmet":1,"stat.mineBlock.minecraft.ladder":29,"stat.useItem.minecraft.written_book":113,"stat.mineBlock.minecraft.chorus_flower":30,"stat.useItem.minecraft.dragon_egg":1,"stat.useItem.minecraft.diamond_shovel":56548,"stat.breakItem.minecraft.diamond_helmet":2,"stat.mineBlock.minecraft.diamond_ore":350,"stat.pickup.minecraft.fireworks":1016,"stat.craftItem.minecraft.wooden_pressure_plate":7,"stat.craftItem.minecraft.golden_sword":1,"stat.useItem.minecraft.wooden_sword":110,"stat.useItem.minecraft.ladder":83,"stat.useItem.minecraft.diamond_ore":154,"stat.drop.minecraft.purpur_pillar":24,"stat.useItem.minecraft.birch_stairs":15,"stat.killEntity.Guardian":209,"stat.craftItem.minecraft.sandstone_stairs":48,"stat.diveOneCm":4307063,"stat.useItem.minecraft.sticky_piston":32,"stat.craftItem.minecraft.ladder":90,"stat.mineBlock.minecraft.stone_button":4,"stat.drop.minecraft.ladder":18,"stat.pickup.minecraft.stone_axe":1,"stat.useItem.minecraft.tnt_minecart":52,"stat.pickup.minecraft.stained_glass_pane":797,"stat.useItem.minecraft.rotten_flesh":56,"stat.drop.minecraft.apple":1,"stat.craftItem.minecraft.diamond_sword":6,"stat.mineBlock.minecraft.blue_shulker_box":15,"stat.drop.minecraft.sandstone":2,"stat.jump":134144,"stat.useItem.minecraft.sand":1963,"stat.pickup.minecraft.white_shulker_box":17,"stat.pickup.minecraft.hopper_minecart":1,"stat.mineBlock.minecraft.observer":4,"stat.craftItem.minecraft.torch":5100,"stat.drop.minecraft.glowstone":1,"stat.craftItem.minecraft.fermented_spider_eye":3,"stat.mineBlock.minecraft.purpur_block":48,"stat.mineBlock.minecraft.spruce_fence_gate":3,"stat.useItem.minecraft.glass":261,"stat.pickup.minecraft.stone_shovel":2,"stat.pickup.minecraft.gold_ore":279,"stat.useItem.minecraft.sapling":670,"stat.drop.minecraft.gold_block":14,"stat.mineBlock.minecraft.glass_pane":33,"stat.damageTaken":122009,"stat.useItem.minecraft.red_shulker_box":149,"stat.useItem.minecraft.end_crystal":2,"stat.mineBlock.minecraft.melon_block":13,"stat.useItem.minecraft.gold_block":51,"stat.mineBlock.minecraft.sapling":44,"stat.pickup.minecraft.log2":1614,"stat.mineBlock.minecraft.sandstone_stairs":17,"stat.useItem.minecraft.purple_shulker_box":262,"stat.pickup.minecraft.bed":8,"stat.cauldronUsed":1,"stat.pickup.minecraft.concrete":8324,"stat.pickup.minecraft.quartz_block":467,"stat.pickup.minecraft.acacia_fence":28,"stat.pickup.minecraft.potato":2821,"stat.killEntity.Shulker":79,"stat.entityKilledBy.Zombie":4,"stat.killEntity.Silverfish":2,"stat.craftItem.minecraft.stone_slab":5544,"stat.animalsBred":269,"stat.useItem.minecraft.chest":691,"stat.mineBlock.minecraft.light_blue_shulker_box":2,"stat.drop.minecraft.diamond_ore":1,"stat.useItem.minecraft.observer":7,"stat.useItem.minecraft.birch_fence_gate":4,"stat.shulkerBoxOpened":2637,"stat.craftItem.minecraft.iron_chestplate":1,"stat.pickup.minecraft.baked_potato":37,"stat.drop.minecraft.potato":11,"stat.pickup.minecraft.ender_pearl":1739,"stat.drop.minecraft.wooden_slab":3,"stat.pickup.minecraft.ladder":47,"stat.useItem.minecraft.netherrack":648,"stat.craftItem.minecraft.stained_glass_pane":4256,"stat.mineBlock.minecraft.tnt":34,"stat.craftItem.minecraft.bookshelf":184,"stat.useItem.minecraft.tripwire_hook":2,"stat.mineBlock.minecraft.stonebrick":521,"stat.drop.minecraft.cookie":10,"stat.mineBlock.minecraft.glowstone":238,"stat.craftItem.minecraft.shears":22,"stat.useItem.minecraft.cobblestone_wall":910,"stat.pickup.minecraft.iron_horse_armor":4,"stat.breakItem.minecraft.diamond_shovel":1,"stat.useItem.minecraft.writable_book":86,"stat.pickup.minecraft.torch":5160,"stat.drop.minecraft.diamond_shovel":1,"stat.pickup.minecraft.spruce_boat":5,"stat.drop.minecraft.arrow":152,"stat.craftItem.minecraft.compass":21,"stat.pickup.minecraft.jungle_boat":8,"stat.pickup.minecraft.deadbush":130,"stat.craftItem.minecraft.iron_axe":13,"stat.mineBlock.minecraft.purple_shulker_box":264,"stat.pickup.minecraft.lapis_block":47,"stat.useItem.minecraft.mutton":4,"stat.drop.minecraft.trapdoor":1,"stat.pickup.minecraft.fishing_rod":14,"stat.useItem.minecraft.planks":358,"stat.pickup.minecraft.porkchop":46,"stat.pickup.minecraft.glass":514,"stat.useItem.minecraft.water_bucket":2498,"stat.pickup.minecraft.sand":22520,"stat.craftItem.minecraft.golden_apple":9,"stat.craftItem.minecraft.dark_oak_fence":114,"stat.entityKilledBy.Spider":1,"stat.pickup.minecraft.name_tag":6,"stat.aviateOneCm":110479946,"stat.useItem.minecraft.ender_pearl":160,"stat.useItem.minecraft.brown_mushroom":2,"stat.craftItem.minecraft.cooked_fish":711,"stat.craftItem.minecraft.blaze_powder":22,"stat.useItem.minecraft.oak_stairs":79,"stat.useItem.minecraft.dark_oak_stairs":12,"stat.drop.minecraft.stone_slab":54,"stat.pickup.minecraft.fence_gate":6,"stat.mineBlock.minecraft.birch_stairs":12,"stat.pickup.minecraft.filled_map":18,"stat.pickup.minecraft.furnace":103,"stat.useItem.minecraft.redstone":178,"stat.mineBlock.minecraft.end_bricks":16,"stat.mineBlock.minecraft.redstone_lamp":3,"stat.pickup.minecraft.iron_chestplate":21,"stat.pickup.minecraft.end_rod":152,"stat.useItem.minecraft.stone_stairs":659,"stat.pickup.minecraft.skull":113,"stat.pickup.minecraft.acacia_door":3,"stat.mineBlock.minecraft.red_shulker_box":149,"stat.useItem.minecraft.pumpkin_pie":18,"stat.mineBlock.minecraft.brick_stairs":205,"stat.useItem.minecraft.hopper":98,"stat.craftItem.minecraft.heavy_weighted_pressure_plate":1,"stat.mineBlock.minecraft.oak_stairs":9,"stat.playOneMinute":25658347,"stat.pickup.minecraft.birch_door":1,"stat.drop.minecraft.string":659,"stat.useItem.minecraft.jungle_stairs":29,"stat.pickup.minecraft.diamond_block":25,"stat.useItem.minecraft.shears":4000,"stat.mineBlock.minecraft.brown_mushroom_block":101,"stat.pickup.minecraft.iron_bars":112,"stat.pickup.minecraft.dispenser":14,"stat.craftItem.minecraft.pumpkin_pie":6,"stat.mineBlock.minecraft.dark_oak_fence":34,"stat.craftItem.minecraft.carpet":882,"stat.mineBlock.minecraft.netherrack":11688,"stat.mineBlock.minecraft.dispenser":13,"stat.craftItem.minecraft.dark_oak_stairs":16,"stat.drop.minecraft.flint":75,"stat.craftItem.minecraft.golden_rail":18,"stat.useItem.minecraft.quartz_ore":195,"stat.craftItem.minecraft.iron_nugget":428,"stat.pickup.minecraft.cooked_chicken":380,"stat.fallOneCm":4067873,"stat.drop.minecraft.dye":240,"stat.craftItem.minecraft.chest":553,"stat.craftItem.minecraft.banner":17,"stat.mineBlock.minecraft.lever":23,"stat.pickup.minecraft.red_mushroom":29,"stat.useItem.minecraft.iron_hoe":216,"stat.pickup.minecraft.comparator":2,"stat.pickup.minecraft.feather":363,"stat.pickup.minecraft.record_cat":7,"stat.drop.minecraft.concrete":14,"stat.mineBlock.minecraft.spruce_fence":30,"stat.useItem.minecraft.yellow_shulker_box":52,"stat.pickup.minecraft.lead":46,"stat.useItem.minecraft.stone_pickaxe":838,"stat.craftItem.minecraft.birch_stairs":12,"stat.craftItem.minecraft.iron_leggings":2,"stat.useItem.minecraft.stone_sword":137,"stat.useItem.minecraft.orange_shulker_box":33,"stat.pickup.minecraft.redstone_ore":415,"stat.craftItem.minecraft.oak_stairs":80,"stat.pickup.minecraft.chainmail_boots":9,"stat.drop.minecraft.stick":28,"stat.pickup.minecraft.record_13":5,"stat.useItem.minecraft.iron_bars":207,"stat.mineBlock.minecraft.monster_egg":6,"stat.mineBlock.minecraft.quartz_stairs":394,"stat.drop.minecraft.stone_brick_stairs":12,"stat.killEntity.LavaSlime":243,"stat.pickup.minecraft.log":8811,"stat.mineBlock.minecraft.golden_rail":31,"stat.craftItem.minecraft.hopper_minecart":6,"stat.pickup.minecraft.tallgrass":42,"stat.pickup.minecraft.chainmail_leggings":4,"stat.pickup.minecraft.wooden_door":62,"stat.entityKilledBy.Enderman":3,"stat.mineBlock.minecraft.iron_block":12,"stat.pickup.minecraft.diamond_helmet":31,"stat.craftItem.minecraft.cooked_chicken":109,"stat.useItem.minecraft.stone_hoe":127,"stat.craftItem.minecraft.flower_pot":182,"stat.sneakTime":1989356,"stat.mineBlock.minecraft.cobblestone_wall":655,"stat.mineBlock.minecraft.yellow_shulker_box":52,"stat.useItem.minecraft.brewing_stand":8,"stat.pickup.minecraft.chest":444,"stat.craftItem.minecraft.enchanting_table":3,"stat.craftItem.minecraft.leather_leggings":26,"stat.drop.minecraft.sugar":3,"stat.pickup.minecraft.stone_pressure_plate":2,"stat.useItem.minecraft.repeater":20,"stat.drop.minecraft.leather_helmet":4,"stat.craftItem.minecraft.stone_brick_stairs":1124,"stat.drop.minecraft.iron_nugget":5,"stat.swimOneCm":4933765,"stat.mineBlock.minecraft.diamond_block":20,"stat.mineBlock.minecraft.spruce_stairs":40,"stat.drop.minecraft.brown_mushroom":6,"stat.useItem.minecraft.dirt":19110,"stat.pickup.minecraft.purpur_block":50,"stat.pickup.minecraft.enchanting_table":1,"stat.drop.minecraft.ender_pearl":888,"stat.pickup.minecraft.tnt_minecart":14,"stat.mineBlock.minecraft.magma":130,"stat.pickup.minecraft.quartz_stairs":518,"stat.mineBlock.minecraft.carpet":265,"stat.pickup.minecraft.gold_block":72,"stat.mineBlock.minecraft.redstone_block":8,"stat.useItem.minecraft.stone_shovel":377,"stat.pickup.minecraft.glass_bottle":1,"stat.useItem.minecraft.red_mushroom":1,"stat.drop.minecraft.wheat_seeds":175,"stat.craftItem.minecraft.wooden_slab":3612,"stat.useItem.minecraft.sign":510,"stat.drop.minecraft.log":65,"stat.pickup.minecraft.mutton":16,"stat.useItem.minecraft.lever":64,"stat.pickup.minecraft.wooden_axe":1,"stat.mineBlock.minecraft.coal_block":7,"stat.pickup.minecraft.dark_oak_door":96,"stat.drop.minecraft.golden_boots":8,"stat.craftItem.minecraft.red_sandstone":160,"stat.pickup.minecraft.stonebrick":637,"stat.pickup.minecraft.redstone_lamp":3,"stat.useItem.minecraft.acacia_stairs":90,"stat.useItem.minecraft.purpur_pillar":8,"stat.craftItem.minecraft.brick_block":1914,"stat.craftItem.minecraft.stone_slab2":60,"stat.useItem.minecraft.stone_slab":5952,"stat.useItem.minecraft.bed":9,"stat.craftItem.minecraft.stone":968,"stat.craftItem.minecraft.armor_stand":58,"stat.mineBlock.minecraft.crafting_table":62,"stat.useItem.minecraft.diamond_pickaxe":266704,"stat.mineBlock.minecraft.quartz_block":179,"stat.useItem.minecraft.carrot":1035,"stat.killEntity.Endermite":2,"stat.useItem.minecraft.bucket":2543,"stat.pickup.minecraft.stone_button":4,"stat.pickup.minecraft.slime_ball":3425,"stat.useItem.minecraft.purpur_block":18,"stat.craftItem.minecraft.diamond_pickaxe":62,"stat.craftItem.minecraft.clay":3,"stat.drop.minecraft.wooden_pickaxe":1,"stat.pickup.minecraft.gravel":9530,"stat.useItem.minecraft.glass_bottle":12,"stat.useItem.minecraft.diamond_axe":11541,"stat.pickup.minecraft.purpur_stairs":13,"stat.pickup.minecraft.red_shulker_box":152,"stat.useItem.minecraft.stained_glass_pane":4100,"stat.drop.minecraft.cooked_porkchop":5,"stat.pickup.minecraft.stone_brick_stairs":324,"stat.pickup.minecraft.diamond_sword":47,"stat.craftItem.minecraft.brick_stairs":200,"stat.pickup.minecraft.brick":469,"stat.killEntity.SkeletonHorse":1,"stat.pickup.minecraft.iron_helmet":10,"stat.craftItem.minecraft.birch_boat":1,"stat.pickup.minecraft.black_shulker_box":60,"stat.useItem.minecraft.piston":12,"stat.craftItem.minecraft.bread":260,"stat.pickup.minecraft.spider_eye":2145,"stat.useItem.minecraft.mycelium":35,"stat.useItem.minecraft.stone_button":7,"stat.pickup.minecraft.diamond_ore":140,"stat.useItem.minecraft.cooked_chicken":1498,"stat.craftItem.minecraft.end_crystal":1,"stat.pickup.minecraft.iron_ore":3771,"stat.mineBlock.minecraft.iron_bars":42,"stat.pickup.minecraft.leaves":4360,"stat.pickup.minecraft.leather":82,"stat.useItem.minecraft.wooden_pickaxe":10,"stat.dispenserInspected":333,"stat.mineBlock.minecraft.mycelium":601,"stat.drop.minecraft.red_sandstone":2,"stat.pickup.minecraft.reeds":1106,"stat.pickup.minecraft.prismarine_crystals":475,"stat.useItem.minecraft.magma":54,"stat.craftItem.minecraft.glass":4647,"stat.drop.minecraft.cooked_chicken":3,"stat.craftItem.minecraft.cauldron":5,"stat.sleepInBed":163,"stat.craftItem.minecraft.baked_potato":155,"stat.drop.minecraft.shulker_shell":2,"stat.killEntity.Cow":32,"stat.pickup.minecraft.minecart":96,"stat.killEntity.Pig":19,"stat.craftItem.minecraft.iron_sword":15,"stat.breakItem.minecraft.fishing_rod":10,"stat.walkOneCm":56152159,"stat.pickup.minecraft.clay_ball":8992,"stat.mineBlock.minecraft.trapped_chest":2,"stat.pickup.minecraft.purpur_slab":18,"stat.useItem.minecraft.spruce_boat":4,"stat.drop.minecraft.diamond_axe":1,"stat.pickup.minecraft.tnt":614,"stat.drop.minecraft.iron_chestplate":2,"stat.pickup.minecraft.stone":117341,"stat.drop.minecraft.slime":10,"stat.mineBlock.minecraft.wool":65,"stat.drop.minecraft.diamond_leggings":3,"stat.useItem.minecraft.red_mushroom_block":9,"stat.useItem.minecraft.leaves":3803,"stat.craftItem.minecraft.minecart":54,"stat.drop.minecraft.command_block":1,"stat.pickup.minecraft.gold_ingot":70,"stat.useItem.minecraft.prismarine":4655,"stat.killEntity.Skeleton":1001,"stat.mineBlock.minecraft.redstone_torch":18,"stat.killEntity.Spider":6051,"stat.pickup.minecraft.bread":84,"stat.craftItem.minecraft.spruce_fence":135,"stat.pickup.minecraft.quartz":7585,"stat.pickup.minecraft.birch_fence":68,"stat.pickup.minecraft.water_bucket":26,"stat.breakItem.minecraft.iron_axe":1,"stat.drop.minecraft.prismarine":74,"stat.useItem.minecraft.hopper_minecart":6,"stat.pickup.minecraft.spruce_stairs":169,"stat.mineBlock.minecraft.redstone_ore":939,"stat.pickup.minecraft.elytra":31,"stat.craftItem.minecraft.coal_block":724,"stat.craftItem.minecraft.brick":436,"stat.mineBlock.minecraft.stone":209017,"stat.useItem.minecraft.sandstone":553}