{"stat.useItem.minecraft.bow":586,"stat.useItem.minecraft.painting":13,"stat.useItem.minecraft.quartz_block":5,"stat.drop.minecraft.gunpowder":48,"stat.drop.minecraft.redstone":286,"stat.craftItem.minecraft.black_glazed_terracotta":1,"stat.pickup.minecraft.dark_oak_boat":3,"stat.mineBlock.minecraft.stained_glass":115,"stat.drop.minecraft.enchanted_book":254,"stat.mineBlock.minecraft.web":213,"stat.pickup.minecraft.rotten_flesh":2263,"stat.drop.minecraft.redstone_torch":37,"stat.useItem.minecraft.diamond_hoe":913,"stat.mineBlock.minecraft.purpur_stairs":6,"stat.craftItem.minecraft.stone_axe":1,"stat.drop.minecraft.leather_boots":5,"stat.pickup.minecraft.cobblestone_wall":275,"stat.pickup.minecraft.bucket":19,"stat.useItem.minecraft.rail":1211,"stat.killEntity.Enderman":64088,"stat.useItem.minecraft.anvil":28,"stat.craftItem.minecraft.iron_shovel":4,"stat.pickup.minecraft.brown_mushroom":24,"stat.mineBlock.minecraft.end_stone":1256,"stat.killEntity.Villager":249,"stat.useItem.minecraft.iron_pickaxe":2911,"stat.pickup.minecraft.stained_hardened_clay":323,"stat.pickup.minecraft.double_plant":1,"stat.useItem.minecraft.hardened_clay":9,"stat.drop.minecraft.diamond_chestplate":1,"stat.pickup.minecraft.light_weighted_pressure_plate":2,"stat.mineBlock.minecraft.sticky_piston":19,"stat.pickup.minecraft.wooden_shovel":1,"stat.furnaceInteraction":1488,"stat.useItem.minecraft.nether_wart":66,"stat.mineBlock.minecraft.chorus_plant":4,"stat.pickup.minecraft.nether_brick":17,"stat.pickup.minecraft.sponge":898,"stat.useItem.minecraft.end_stone":1196,"stat.drop.minecraft.light_weighted_pressure_plate":1,"stat.pickup.minecraft.hay_block":5,"stat.useItem.minecraft.fence":207,"stat.craftItem.minecraft.orange_glazed_terracotta":1,"stat.drop.minecraft.furnace":6,"stat.mineBlock.minecraft.sponge":789,"stat.craftItem.minecraft.daylight_detector":1,"stat.useItem.minecraft.cauldron":3,"stat.mineBlock.minecraft.fence":145,"stat.useItem.minecraft.flint_and_steel":39,"stat.useItem.minecraft.wheat_seeds":3089,"stat.mineBlock.minecraft.sea_lantern":214,"stat.craftItem.minecraft.silver_glazed_terracotta":1,"stat.pickup.minecraft.emerald":196,"stat.craftItem.minecraft.dark_oak_boat":1,"stat.pickup.minecraft.lever":139,"stat.deaths":43,"stat.pickup.minecraft.bowl":3,"stat.pickup.minecraft.egg":36,"stat.craftItem.minecraft.melon_seeds":1,"stat.craftItem.minecraft.item_frame":457,"stat.craftItem.minecraft.wooden_shovel":1,"stat.craftItem.minecraft.iron_pickaxe":13,"stat.pickup.minecraft.item_frame":144,"stat.pickup.minecraft.sea_lantern":254,"stat.craftItem.minecraft.repeater":102,"stat.mineBlock.minecraft.light_weighted_pressure_plate":1,"stat.craftItem.minecraft.cooked_mutton":7,"stat.fishCaught":8,"stat.chestOpened":12945,"stat.useItem.minecraft.lapis_ore":72,"stat.craftItem.minecraft.sign":36,"stat.pickup.minecraft.iron_sword":3,"stat.pickup.minecraft.lapis_ore":166,"stat.craftItem.minecraft.quartz_block":27,"stat.pickup.minecraft.gold_nugget":9,"stat.drop.minecraft.banner":2,"stat.pickup.minecraft.chorus_flower":2,"stat.craftItem.minecraft.coal":1774,"stat.craftItem.minecraft.ender_chest":3,"stat.pickup.minecraft.carrot":2065,"stat.drop.minecraft.stone_sword":7,"stat.crouchOneCm":1289583,"stat.pickup.minecraft.rail":1620,"stat.craftItem.minecraft.iron_ingot":2612,"stat.pickup.minecraft.ender_chest":76,"stat.drop.minecraft.slime_ball":21,"stat.craftingTableInteraction":1191,"stat.useItem.minecraft.light_blue_shulker_box":36,"stat.pickup.minecraft.jungle_door":3,"stat.pickup.minecraft.repeater":83,"stat.pickup.minecraft.mushroom_stew":1,"stat.pickup.minecraft.wooden_pickaxe":1,"stat.drop.minecraft.double_plant":1,"stat.mineBlock.minecraft.log2":189,"stat.pickup.minecraft.dye":3970,"stat.pickup.minecraft.planks":1559,"stat.drop.minecraft.soul_sand":16,"stat.drop.minecraft.carpet":2,"stat.mineBlock.minecraft.ender_chest":72,"stat.pickup.minecraft.ice":155,"stat.flowerPotted":6,"stat.drop.minecraft.rotten_flesh":438,"stat.pickup.minecraft.magma":41,"stat.craftItem.minecraft.purple_glazed_terracotta":1,"stat.drop.minecraft.coal_ore":3,"stat.drop.minecraft.iron_ore":57,"stat.drop.minecraft.sapling":28,"stat.pickup.minecraft.chicken":14,"stat.pickup.minecraft.end_stone":1264,"stat.drop.minecraft.fish":42,"stat.pickup.minecraft.coal_block":16,"stat.drop.minecraft.trapped_chest":2,"stat.craftItem.minecraft.bucket":46,"stat.craftItem.minecraft.planks":16264,"stat.useItem.minecraft.iron_sword":1254,"stat.craftItem.minecraft.dirt":400,"stat.mineBlock.minecraft.prismarine":8572,"stat.pickup.minecraft.stone_sword":10,"stat.craftItem.minecraft.fishing_rod":3,"stat.useItem.minecraft.stonebrick":16992,"stat.pickup.minecraft.book":1764,"stat.craftItem.minecraft.wooden_door":15,"stat.mineBlock.minecraft.waterlily":27,"stat.pickup.minecraft.orange_glazed_terracotta":2,"stat.pickup.minecraft.iron_door":26,"stat.drop.minecraft.leather_leggings":4,"stat.pickup.minecraft.red_nether_brick":1,"stat.pickup.minecraft.cooked_fish":64,"stat.craftItem.minecraft.spruce_door":21,"stat.pickup.minecraft.tripwire_hook":3,"stat.drop.minecraft.lapis_ore":4,"stat.pickup.minecraft.bookshelf":12,"stat.pickup.minecraft.spruce_fence_gate":19,"stat.mineBlock.minecraft.cobblestone":3837,"stat.mineBlock.minecraft.pumpkin":94,"stat.useItem.minecraft.beacon":4,"stat.pickup.minecraft.stone_pickaxe":4,"stat.pickup.minecraft.flint":907,"stat.craftItem.minecraft.quartz_stairs":4,"stat.breakItem.minecraft.diamond_leggings":1,"stat.pickup.minecraft.leather_chestplate":8,"stat.mineBlock.minecraft.concrete":271,"stat.mineBlock.minecraft.stained_glass_pane":19,"stat.pickup.minecraft.purple_glazed_terracotta":2,"stat.pickup.minecraft.lime_shulker_box":16,"stat.drop.minecraft.cobblestone":4534,"stat.pickup.minecraft.cooked_porkchop":191,"stat.breakItem.minecraft.iron_pickaxe":5,"stat.pickup.minecraft.iron_boots":1,"stat.pickup.minecraft.diamond_horse_armor":3,"stat.pickup.minecraft.stone_hoe":1,"stat.craftItem.minecraft.furnace":86,"stat.craftItem.minecraft.lapis_block":89,"stat.drop.minecraft.golden_helmet":4,"stat.pickup.minecraft.map":1,"stat.craftItem.minecraft.iron_boots":2,"stat.pickup.minecraft.green_glazed_terracotta":2,"stat.pickup.minecraft.record_chirp":3,"stat.useItem.minecraft.spruce_fence_gate":32,"stat.mineBlock.minecraft.clay":65,"stat.pickup.minecraft.diamond_leggings":27,"stat.drop.minecraft.chainmail_chestplate":6,"stat.useItem.minecraft.wooden_slab":805,"stat.drop.minecraft.spider_eye":38,"stat.craftItem.minecraft.beacon":2,"stat.useItem.minecraft.iron_door":5,"stat.craftItem.minecraft.iron_block":241,"stat.craftItem.minecraft.stonebrick":11167,"stat.breakItem.minecraft.diamond_pickaxe":1,"stat.pickup.minecraft.light_blue_glazed_terracotta":2,"stat.drop.minecraft.stained_glass":2,"stat.drop.minecraft.wool":4,"stat.killEntity.Creeper":230,"stat.useItem.minecraft.armor_stand":4,"stat.breakItem.minecraft.iron_sword":5,"stat.useItem.minecraft.silver_shulker_box":35,"stat.craftItem.minecraft.jungle_stairs":4,"stat.entityKilledBy.Skeleton":3,"stat.drop.minecraft.obsidian":3,"stat.pickup.minecraft.birch_stairs":2,"stat.useItem.minecraft.dropper":1,"stat.killEntity.Squid":39,"stat.sprintOneCm":45487296,"stat.mineBlock.minecraft.stone_slab":1404,"stat.drop.minecraft.leather":149,"stat.drop.minecraft.dark_oak_door":2,"stat.useItem.minecraft.snowball":64,"stat.pickup.minecraft.leather_leggings":6,"stat.craftItem.minecraft.redstone_lamp":59,"stat.drop.minecraft.boat":1,"stat.drop.minecraft.cobblestone_wall":9,"stat.pickup.minecraft.sugar":134,"stat.pickup.minecraft.vine":2,"stat.useItem.minecraft.banner":3,"stat.craftItem.minecraft.emerald":1912,"stat.pickup.minecraft.iron_block":692,"stat.killEntity.Zombie":1423,"stat.craftItem.minecraft.dye":3899,"stat.craftItem.minecraft.diamond_axe":9,"stat.mineBlock.minecraft.gold_ore":509,"stat.drop.minecraft.diamond_pickaxe":10,"stat.craftItem.minecraft.slime_ball":45,"stat.pickup.minecraft.wheat":2699,"stat.craftItem.minecraft.sandstone":20,"stat.mineBlock.minecraft.mossy_cobblestone":113,"stat.drop.minecraft.stone_stairs":25,"stat.pickup.minecraft.sign":47,"stat.drop.minecraft.bookshelf":1,"stat.craftItem.minecraft.cooked_porkchop":159,"stat.pickup.minecraft.obsidian":267,"stat.pickup.minecraft.coal":7082,"stat.pickup.minecraft.iron_ingot":234,"stat.useItem.minecraft.dark_oak_boat":4,"stat.craftItem.minecraft.lever":85,"stat.drop.minecraft.diamond_sword":4,"stat.pickup.minecraft.gunpowder":663,"stat.drop.minecraft.wooden_sword":2,"stat.pickup.minecraft.dirt":11430,"stat.useItem.minecraft.coal_ore":978,"stat.drop.minecraft.iron_shovel":2,"stat.craftItem.minecraft.sponge":741,"stat.useItem.minecraft.dispenser":54,"stat.mineBlock.minecraft.lapis_ore":330,"stat.pickup.minecraft.red_sandstone":7,"stat.pickup.minecraft.iron_axe":1,"stat.pickup.minecraft.cookie":8,"stat.brewingstandInteraction":52,"stat.useItem.minecraft.stone_brick_stairs":1649,"stat.mineBlock.minecraft.torch":1171,"stat.mineBlock.minecraft.red_flower":58,"stat.pickup.minecraft.written_book":3,"stat.tradedWithVillager":2168,"stat.pickup.minecraft.magma_cream":29,"stat.craftItem.minecraft.comparator":4,"stat.craftItem.minecraft.sea_lantern":46,"stat.craftItem.minecraft.glowstone":19,"stat.useItem.minecraft.slime":637,"stat.useItem.minecraft.birch_fence":16,"stat.mineBlock.minecraft.fence_gate":6,"stat.pickup.minecraft.diamond_axe":31,"stat.pickup.minecraft.rabbit_hide":21,"stat.pickup.minecraft.shulker_shell":220,"stat.pickup.minecraft.record_wait":1,"stat.mineBlock.minecraft.birch_fence":16,"stat.drop.minecraft.wheat":1,"stat.pickup.minecraft.diamond_pickaxe":69,"stat.useItem.minecraft.pumpkin":40,"stat.useItem.minecraft.tnt":28,"stat.useItem.minecraft.lava_bucket":2,"stat.useItem.minecraft.gold_ore":1,"stat.pickup.minecraft.rabbit_foot":1,"stat.drop.minecraft.netherrack":2159,"stat.pickup.minecraft.pink_glazed_terracotta":2,"stat.craftItem.minecraft.wheat":45,"stat.useItem.minecraft.item_frame":420,"stat.useItem.minecraft.stained_hardened_clay":132,"stat.drop.minecraft.egg":2,"stat.useItem.minecraft.redstone_ore":148,"stat.pickup.minecraft.cooked_beef":2709,"stat.useItem.minecraft.concrete":217,"stat.drop.minecraft.lever":2,"stat.mineBlock.minecraft.purpur_slab":4,"stat.craftItem.minecraft.cookie":9,"stat.pickup.minecraft.dark_oak_stairs":3,"stat.mobKills":72027,"stat.pickup.minecraft.diamond_boots":29,"stat.mineBlock.minecraft.bookshelf":511,"stat.useItem.minecraft.boat":24,"stat.useItem.minecraft.mossy_cobblestone":16,"stat.pickup.minecraft.diamond":295,"stat.pickup.minecraft.beetroot_seeds":114,"stat.craftItem.minecraft.nether_brick_stairs":4,"stat.craftItem.minecraft.spruce_stairs":388,"stat.breakItem.minecraft.stone_sword":3,"stat.useItem.minecraft.string":244,"stat.craftItem.minecraft.yellow_glazed_terracotta":1,"stat.useItem.minecraft.bookshelf":60,"stat.useItem.minecraft.soul_sand":65,"stat.killEntity.Blaze":31,"stat.drop.minecraft.skull":3,"stat.pickup.minecraft.golden_boots":9,"stat.pickup.minecraft.glowstone_dust":86,"stat.drop.minecraft.bowl":3,"stat.mineBlock.minecraft.white_shulker_box":36,"stat.mineBlock.minecraft.red_mushroom":1,"stat.mineBlock.minecraft.stone_brick_stairs":1004,"stat.drop.minecraft.poisonous_potato":4,"stat.drop.minecraft.golden_leggings":10,"stat.pickup.minecraft.observer":19,"stat.craftItem.minecraft.lit_pumpkin":21,"stat.craftItem.minecraft.cobblestone_wall":300,"stat.craftItem.minecraft.stone_sword":12,"stat.mineBlock.minecraft.snow_layer":101,"stat.pickup.minecraft.chainmail_chestplate":7,"stat.mineBlock.minecraft.sand":2790,"stat.hopperInspected":50,"stat.useItem.minecraft.fence_gate":8,"stat.pickup.minecraft.packed_ice":1,"stat.pickup.minecraft.ghast_tear":3,"stat.craftItem.minecraft.birch_door":3,"stat.pickup.minecraft.armor_stand":1,"stat.trappedChestTriggered":3977,"stat.drop.minecraft.rail":82,"stat.drop.minecraft.spruce_door":1,"stat.craftItem.minecraft.observer":42,"stat.craftItem.minecraft.acacia_stairs":4,"stat.craftItem.minecraft.pumpkin_seeds":4,"stat.breakItem.minecraft.golden_chestplate":1,"stat.drop.minecraft.purple_shulker_box":7,"stat.useItem.minecraft.minecart":68,"stat.useItem.minecraft.cooked_mutton":4,"stat.drop.minecraft.stained_hardened_clay":2,"stat.drop.minecraft.prismarine_shard":83,"stat.pickup.minecraft.stone_stairs":445,"stat.craftItem.minecraft.fence_gate":3,"stat.pickup.minecraft.acacia_stairs":3,"stat.drop.minecraft.fireworks":119,"stat.drop.minecraft.snowball":224,"stat.pickup.minecraft.saddle":8,"stat.mineBlock.minecraft.soul_sand":146,"stat.pickup.minecraft.mycelium":87,"stat.pickup.minecraft.blaze_rod":41,"stat.drop.minecraft.chest":2,"stat.pickup.minecraft.netherrack":13373,"stat.pickup.minecraft.pumpkin":107,"stat.pickup.minecraft.spruce_door":99,"stat.useItem.minecraft.fish":62,"stat.pickup.minecraft.waterlily":61,"stat.useItem.minecraft.sponge":755,"stat.mineBlock.minecraft.ice":159,"stat.craftItem.minecraft.redstone_torch":229,"stat.pickup.minecraft.detector_rail":14,"stat.pickup.minecraft.brick_stairs":2,"stat.mineBlock.minecraft.gold_block":8,"stat.drop.minecraft.stone":10688,"stat.useItem.minecraft.trapped_chest":57,"stat.drop.minecraft.gold_ore":1,"stat.pickup.minecraft.dropper":1,"stat.useItem.minecraft.black_shulker_box":21,"stat.pickup.minecraft.golden_leggings":10,"stat.pickup.minecraft.melon":319,"stat.dropperInspected":10,"stat.pickup.minecraft.emerald_ore":29,"stat.useItem.minecraft.golden_rail":132,"stat.drop.minecraft.bone":169,"stat.craftItem.minecraft.wooden_button":1,"stat.useItem.minecraft.furnace":130,"stat.pickup.minecraft.slime":614,"stat.mineBlock.minecraft.snow":3,"stat.mineBlock.minecraft.gravel":4506,"stat.mineBlock.minecraft.beacon":2,"stat.useItem.minecraft.wool":325,"stat.drop.minecraft.reeds":18,"stat.craftItem.minecraft.gray_glazed_terracotta":1,"stat.craftItem.minecraft.cyan_glazed_terracotta":1,"stat.drop.minecraft.iron_axe":1,"stat.pickup.minecraft.flint_and_steel":5,"stat.useItem.minecraft.torch":7035,"stat.pickup.minecraft.golden_apple":18,"stat.craftItem.minecraft.redstone_block":289,"stat.craftItem.minecraft.stone_stairs":364,"stat.pickup.minecraft.crafting_table":92,"stat.useItem.minecraft.log":1780,"stat.useItem.minecraft.comparator":3,"stat.craftItem.minecraft.crafting_table":39,"stat.drop.minecraft.end_stone":1,"stat.pickup.minecraft.magenta_glazed_terracotta":2,"stat.craftItem.minecraft.boat":11,"stat.pickup.minecraft.iron_hoe":1,"stat.mineBlock.minecraft.emerald_ore":76,"stat.pickup.minecraft.redstone_block":54,"stat.useItem.minecraft.cooked_fish":35,"stat.drop.minecraft.sign":1,"stat.drop.minecraft.stonebrick":232,"stat.craftItem.minecraft.stone_button":6,"stat.drop.minecraft.planks":22,"stat.pickup.minecraft.web":44,"stat.pickup.minecraft.sapling":1229,"stat.craftItem.minecraft.red_glazed_terracotta":1,"stat.drop.minecraft.bow":24,"stat.pickup.minecraft.beetroot":24,"stat.drop.minecraft.golden_chestplate":4,"stat.killEntity.WitherSkeleton":80,"stat.drop.minecraft.acacia_door":2,"stat.pickup.minecraft.golden_sword":3,"stat.craftItem.minecraft.sugar":92,"stat.pickup.minecraft.rabbit":13,"stat.craftItem.minecraft.spruce_fence_gate":22,"stat.useItem.minecraft.baked_potato":153,"stat.pickup.minecraft.stone_slab":1686,"stat.drop.minecraft.yellow_flower":5,"stat.pickup.minecraft.yellow_flower":215,"stat.pickup.minecraft.golden_rail":191,"stat.useItem.minecraft.fishing_rod":29,"stat.craftItem.minecraft.jungle_door":3,"stat.craftItem.minecraft.diamond_chestplate":2,"stat.drop.minecraft.stone_pickaxe":3,"stat.pickup.minecraft.bone":1664,"stat.useItem.minecraft.mushroom_stew":1,"stat.craftItem.minecraft.sticky_piston":21,"stat.pickup.minecraft.redstone_torch":107,"stat.horseOneCm":9560,"stat.drop.minecraft.glowstone_dust":2,"stat.mineBlock.minecraft.slime":621,"stat.drop.minecraft.red_mushroom":1,"stat.drop.minecraft.mossy_cobblestone":1,"stat.mineBlock.minecraft.black_shulker_box":21,"stat.drop.minecraft.prismarine_crystals":29,"stat.mineBlock.minecraft.brown_mushroom":18,"stat.useItem.minecraft.diamond_sword":27145,"stat.craftItem.minecraft.diamond_helmet":7,"stat.climbOneCm":1091962,"stat.drop.minecraft.sticky_piston":1,"stat.craftItem.minecraft.gold_block":16,"stat.enderchestOpened":687,"stat.useItem.minecraft.redstone_torch":28,"stat.pickup.minecraft.golden_helmet":7,"stat.craftItem.minecraft.purple_shulker_box":33,"stat.drop.minecraft.quartz":24,"stat.useItem.minecraft.red_flower":9,"stat.craftItem.minecraft.bone_block":64,"stat.pickup.minecraft.anvil":8,"stat.useItem.minecraft.leaves2":4,"stat.useItem.minecraft.iron_ore":8,"stat.craftItem.minecraft.trapdoor":144,"stat.craftItem.minecraft.stone_pickaxe":5,"stat.pickup.minecraft.cobblestone":28277,"stat.craftItem.minecraft.glass_bottle":27,"stat.pickup.minecraft.soul_sand":241,"stat.useItem.minecraft.cooked_beef":1573,"stat.pickup.minecraft.cactus":3,"stat.pickup.minecraft.redstone":3747,"stat.craftItem.minecraft.dispenser":34,"stat.mineBlock.minecraft.iron_ore":3216,"stat.craftItem.minecraft.book":695,"stat.craftItem.minecraft.acacia_door":3,"stat.pickup.minecraft.mossy_cobblestone":114,"stat.craftItem.minecraft.cake":1,"stat.drop.minecraft.coal":363,"stat.drop.minecraft.iron_bars":16,"stat.drop.minecraft.dirt":640,"stat.useItem.minecraft.cooked_porkchop":206,"stat.pickup.minecraft.iron_shovel":4,"stat.pickup.minecraft.trapdoor":230,"stat.pickup.minecraft.carpet":204,"stat.pickup.minecraft.diamond_shovel":36,"stat.craftItem.minecraft.acacia_fence":3,"stat.pickup.minecraft.jungle_stairs":2,"stat.useItem.minecraft.chest_minecart":2,"stat.mineBlock.minecraft.lime_shulker_box":16,"stat.useItem.minecraft.sea_lantern":250,"stat.pickup.minecraft.silver_shulker_box":35,"stat.pickup.minecraft.nether_star":2,"stat.useItem.minecraft.spruce_fence":396,"stat.pickup.minecraft.sandstone_stairs":2,"stat.craftItem.minecraft.chest_minecart":2,"stat.pickup.minecraft.paper":1024,"stat.craftItem.minecraft.stick":6450,"stat.craftItem.minecraft.stained_hardened_clay":136,"stat.craftItem.minecraft.gold_nugget":63,"stat.pickup.minecraft.grass":361,"stat.useItem.minecraft.stone_pressure_plate":5,"stat.drop.minecraft.leaves":1,"stat.pickup.minecraft.diamond_chestplate":5,"stat.entityKilledBy.Creeper":7,"stat.breakItem.minecraft.shears":5,"stat.pickup.minecraft.blue_shulker_box":23,"stat.mineBlock.minecraft.planks":686,"stat.drop":2305,"stat.killEntity.Sheep":6,"stat.pickup.minecraft.golden_chestplate":7,"stat.drop.minecraft.bread":157,"stat.pickup.minecraft.purpur_pillar":45,"stat.drop.minecraft.nether_wart":51,"stat.craftItem.minecraft.piston":116,"stat.drop.minecraft.cooked_beef":3,"stat.pickup.minecraft.black_glazed_terracotta":2,"stat.killEntity.Slime":98,"stat.mineBlock.minecraft.anvil":7,"stat.useItem.minecraft.lime_shulker_box":16,"stat.pickup.minecraft.purple_shulker_box":535,"stat.useItem.minecraft.waterlily":50,"stat.drop.minecraft.chainmail_helmet":2,"stat.useItem.minecraft.porkchop":11,"stat.useItem.minecraft.carpet":246,"stat.useItem.minecraft.potion":26,"stat.mineBlock.minecraft.purpur_pillar":36,"stat.useItem.minecraft.flower_pot":5,"stat.pickup.minecraft.fence":450,"stat.craftItem.minecraft.iron_helmet":1,"stat.craftItem.minecraft.rail":416,"stat.drop.minecraft.glass":32,"stat.boatOneCm":10806901,"stat.drop.minecraft.magma_cream":3,"stat.craftItem.minecraft.flint_and_steel":5,"stat.useItem.minecraft.redstone_lamp":67,"stat.mineBlock.minecraft.leaves2":138,"stat.mineBlock.minecraft.stone_stairs":331,"stat.craftItem.minecraft.iron_bars":432,"stat.mineBlock.minecraft.furnace":85,"stat.pickup.minecraft.dark_oak_fence":3,"stat.pickup.minecraft.prismarine_shard":496,"stat.killEntity.CaveSpider":29,"stat.craftItem.minecraft.netherbrick":75,"stat.craftItem.minecraft.birch_fence":3,"stat.pickup.minecraft.oak_stairs":23,"stat.pickup.minecraft.stained_glass":155,"stat.damageDealt":2205239,"stat.craftItem.minecraft.bowl":4,"stat.craftItem.minecraft.anvil":22,"stat.pickup.minecraft.end_bricks":55,"stat.useItem.minecraft.crafting_table":105,"stat.pickup.minecraft.boat":19,"stat.craftItem.minecraft.stone_shovel":30,"stat.pickup.minecraft.stick":1298,"stat.drop.minecraft.vine":1,"stat.craftItem.minecraft.birch_fence_gate":1,"stat.craftItem.minecraft.diamond_boots":9,"stat.craftItem.minecraft.writable_book":1,"stat.useItem.minecraft.redstone_block":55,"stat.drop.minecraft.leather_chestplate":7,"stat.useItem.minecraft.spruce_stairs":486,"stat.craftItem.minecraft.redstone":1048,"stat.useItem.minecraft.cactus":1,"stat.pickup.minecraft.chorus_fruit":43,"stat.craftItem.minecraft.red_nether_brick":1,"stat.killEntity.Chicken":4,"stat.drop.minecraft.crafting_table":1,"stat.useItem.minecraft.iron_block":996,"stat.mineBlock.minecraft.quartz_ore":459,"stat.craftItem.minecraft.tnt":58,"stat.pickup.minecraft.concrete_powder":130,"stat.pickup.minecraft.yellow_glazed_terracotta":2,"stat.craftItem.minecraft.fence":141,"stat.craftItem.minecraft.jungle_fence":3,"stat.useItem.minecraft.golden_apple":5,"stat.mineBlock.minecraft.leaves":3630,"stat.craftItem.minecraft.purpur_slab":6,"stat.mineBlock.minecraft.piston":39,"stat.mineBlock.minecraft.bone_block":42,"stat.craftItem.minecraft.tripwire_hook":34,"stat.beaconInteraction":14,"stat.pickup.minecraft.wooden_slab":730,"stat.craftItem.minecraft.diamond_hoe":1,"stat.leaveGame":288,"stat.pickup.minecraft.stone_slab2":2,"stat.pickup.minecraft.jungle_fence":3,"stat.useItem.minecraft.glowstone":119,"stat.mineBlock.minecraft.sandstone":7,"stat.craftItem.minecraft.ender_eye":3,"stat.breakItem.minecraft.wooden_sword":1,"stat.killEntity.PigZombie":7,"stat.craftItem.minecraft.shield":1,"stat.craftItem.minecraft.stone_pressure_plate":9,"stat.pickup.minecraft.leaves2":27,"stat.pickup.minecraft.brick_block":3,"stat.useItem.minecraft.birch_boat":13,"stat.useItem.minecraft.purpur_stairs":3,"stat.craftItem.minecraft.noteblock":1,"stat.mineBlock.minecraft.wooden_slab":354,"stat.pickup.minecraft.leather_boots":11,"stat.killEntity.Witch":19,"stat.drop.minecraft.sand":2,"stat.craftItem.minecraft.wooden_pickaxe":2,"stat.craftItem.minecraft.brown_glazed_terracotta":1,"stat.craftItem.minecraft.iron_door":6,"stat.useItem.minecraft.iron_shovel":24,"stat.drop.minecraft.chainmail_leggings":7,"stat.craftItem.minecraft.bed":5,"stat.drop.minecraft.wooden_shovel":1,"stat.mineBlock.minecraft.hopper":69,"stat.mineBlock.minecraft.vine":2,"stat.drop.minecraft.gravel":360,"stat.mineBlock.minecraft.rail":1107,"stat.killEntity.ZombieVillager":51,"stat.drop.minecraft.red_flower":7,"stat.pickup.minecraft.prismarine":8644,"stat.pickup.minecraft.beef":170,"stat.pickup.minecraft.leather_helmet":6,"stat.pickup.minecraft.cauldron":1,"stat.useItem.minecraft.trapdoor":179,"stat.useItem.minecraft.blue_shulker_box":22,"stat.mineBlock.minecraft.stained_hardened_clay":130,"stat.useItem.minecraft.stained_glass":497,"stat.useItem.minecraft.ice":7,"stat.pickup.minecraft.potion":10,"stat.craftItem.minecraft.dropper":2,"stat.useItem.minecraft.dye":2218,"stat.breakItem.minecraft.diamond_boots":1,"stat.useItem.minecraft.beef":10,"stat.useItem.minecraft.nether_brick":9,"stat.drop.minecraft.glass_bottle":2,"stat.drop.minecraft.torch":5,"stat.mineBlock.minecraft.tallgrass":1020,"stat.useItem.minecraft.splash_potion":1,"stat.useItem.minecraft.cooked_rabbit":3,"stat.drop.minecraft.quartz_ore":4,"stat.craftItem.minecraft.light_weighted_pressure_plate":1,"stat.useItem.minecraft.stone":9154,"stat.pickup.minecraft.arrow":1183,"stat.killEntity.Ghast":9,"stat.useItem.minecraft.ender_chest":72,"stat.useItem.minecraft.white_shulker_box":38,"stat.useItem.minecraft.clay":12,"stat.drop.minecraft.iron_pickaxe":3,"stat.mineBlock.minecraft.chest":845,"stat.pickup.minecraft.painting":4,"stat.mineBlock.minecraft.hardened_clay":211,"stat.mineBlock.minecraft.concrete_powder":15,"stat.craftItem.minecraft.hopper":76,"stat.useItem.minecraft.emerald_ore":18,"stat.pickup.minecraft.nether_brick_fence":11,"stat.pickup.minecraft.yellow_shulker_box":18,"stat.useItem.minecraft.reeds":198,"stat.pickup.minecraft.birch_boat":10,"stat.craftItem.minecraft.wooden_sword":2,"stat.craftItem.minecraft.nether_brick":18,"stat.craftItem.minecraft.rabbit_stew":1,"stat.craftItem.minecraft.diamond_shovel":14,"stat.pickup.minecraft.wheat_seeds":5482,"stat.mineBlock.minecraft.glass":1054,"stat.drop.minecraft.spruce_fence":69,"stat.useItem.minecraft.enchanting_table":1,"stat.mineBlock.minecraft.dirt":11555,"stat.pickup.minecraft.poisonous_potato":31,"stat.drop.minecraft.paper":72,"stat.useItem.minecraft.bread":168,"stat.pickup.minecraft.brewing_stand":4,"stat.drop.minecraft.porkchop":3,"stat.pickup.minecraft.light_blue_shulker_box":37,"stat.useItem.minecraft.cobblestone":7098,"stat.useItem.minecraft.gravel":392,"stat.mineBlock.minecraft.double_plant":11,"stat.minecartOneCm":83571,"stat.breakItem.minecraft.golden_helmet":1,"stat.pickup.minecraft.brown_glazed_terracotta":2,"stat.pickup.minecraft.iron_pickaxe":6,"stat.drop.minecraft.carrot":285,"stat.mineBlock.minecraft.end_rod":9,"stat.craftItem.minecraft.gold_ingot":212,"stat.pickup.minecraft.hopper":138,"stat.mineBlock.minecraft.silver_shulker_box":35,"stat.craftItem.minecraft.brewing_stand":1,"stat.pickup.minecraft.apple":28,"stat.useItem.minecraft.fireworks":158,"stat.pickup.minecraft.banner":7,"stat.killEntity.ElderGuardian":3,"stat.itemEnchanted":520,"stat.mineBlock.minecraft.log":5932,"stat.useItem.minecraft.wooden_door":48,"stat.useItem.minecraft.spruce_door":85,"stat.craftItem.minecraft.paper":43422,"stat.pickup.minecraft.red_flower":107,"stat.craftItem.minecraft.light_blue_glazed_terracotta":1,"stat.pickup.minecraft.wool":289,"stat.useItem.minecraft.wooden_axe":58,"stat.craftItem.minecraft.trapped_chest":25,"stat.pickup.minecraft.trapped_chest":42,"stat.pickup.minecraft.red_sandstone_stairs":2,"stat.craftItem.minecraft.cooked_rabbit":8,"stat.craftItem.minecraft.diamond_leggings":7,"stat.useItem.minecraft.iron_axe":2,"stat.drop.minecraft.stone_shovel":14,"stat.mineBlock.minecraft.yellow_flower":105,"stat.useItem.minecraft.skull":12,"stat.craftItem.minecraft.wool":175,"stat.drop.minecraft.saddle":2,"stat.useItem.minecraft.concrete_powder":1286,"stat.pickup.minecraft.enchanted_book":28,"stat.pickup.minecraft.glowstone":436,"stat.pickup.minecraft.writable_book":1,"stat.craftItem.minecraft.arrow":100,"stat.pickup.minecraft.sticky_piston":21,"stat.useItem.minecraft.obsidian":204,"stat.pickup.minecraft.bow":58,"stat.pickup.minecraft.white_glazed_terracotta":2,"stat.craftItem.minecraft.dark_oak_door":3,"stat.craftItem.minecraft.beetroot_soup":1,"stat.useItem.minecraft.egg":16,"stat.craftItem.minecraft.spruce_boat":9,"stat.pickup.minecraft.coal_ore":2879,"stat.craftItem.minecraft.cooked_beef":92,"stat.mineBlock.minecraft.obsidian":251,"stat.pickup.minecraft.shears":11,"stat.craftItem.minecraft.bow":167,"stat.pickup.minecraft.diamond_hoe":3,"stat.craftItem.minecraft.red_sandstone_stairs":4,"stat.flyOneCm":54185886,"stat.pickup.minecraft.sandstone":12,"stat.pickup.minecraft.nether_brick_stairs":2,"stat.pickup.minecraft.fish":234,"stat.craftItem.minecraft.stained_glass":800,"stat.timeSinceDeath":477227,"stat.pickup.minecraft.quartz_ore":326,"stat.craftItem.minecraft.painting":4,"stat.cauldronFilled":1,"stat.drop.minecraft.repeater":2,"stat.killEntity.Bat":4,"stat.useItem.minecraft.potato":554,"stat.pickup.minecraft.nether_wart":404,"stat.pickup.minecraft.spruce_fence":497,"stat.craftItem.minecraft.concrete_powder":1592,"stat.mineBlock.minecraft.coal_ore":5470,"stat.talkedToVillager":1908,"stat.craftItem.minecraft.stone_hoe":2,"stat.drop.minecraft.baked_potato":1,"stat.pickup.minecraft.string":734,"stat.craftItem.minecraft.blue_glazed_terracotta":1,"stat.mineBlock.minecraft.ladder":13,"stat.useItem.minecraft.milk_bucket":5,"stat.useItem.minecraft.written_book":3,"stat.mineBlock.minecraft.chorus_flower":2,"stat.useItem.minecraft.diamond_shovel":17494,"stat.breakItem.minecraft.diamond_helmet":2,"stat.craftItem.minecraft.wooden_axe":1,"stat.pickup.minecraft.bone_block":156,"stat.mineBlock.minecraft.diamond_ore":218,"stat.pickup.minecraft.fireworks":1926,"stat.pickup.minecraft.lime_glazed_terracotta":2,"stat.craftItem.minecraft.wooden_pressure_plate":1,"stat.useItem.minecraft.wooden_sword":63,"stat.craftItem.minecraft.white_glazed_terracotta":1,"stat.useItem.minecraft.ladder":109,"stat.useItem.minecraft.diamond_ore":58,"stat.pickup.minecraft.snowball":358,"stat.killEntity.Guardian":213,"stat.craftItem.minecraft.sandstone_stairs":4,"stat.diveOneCm":4434045,"stat.useItem.minecraft.sticky_piston":39,"stat.craftItem.minecraft.ladder":120,"stat.mineBlock.minecraft.stone_button":9,"stat.useItem.minecraft.chicken":2,"stat.pickup.minecraft.stone_axe":1,"stat.pickup.minecraft.stained_glass_pane":15,"stat.useItem.minecraft.rotten_flesh":24,"stat.drop.minecraft.sponge":1,"stat.craftItem.minecraft.diamond_sword":18,"stat.mineBlock.minecraft.blue_shulker_box":22,"stat.jump":133057,"stat.useItem.minecraft.sand":29,"stat.pickup.minecraft.white_shulker_box":38,"stat.mineBlock.minecraft.observer":1,"stat.craftItem.minecraft.torch":5116,"stat.craftItem.minecraft.fermented_spider_eye":12,"stat.mineBlock.minecraft.spruce_fence_gate":13,"stat.mineBlock.minecraft.purpur_block":127,"stat.useItem.minecraft.glass":1156,"stat.pickup.minecraft.stone_shovel":4,"stat.pickup.minecraft.gold_ore":541,"stat.useItem.minecraft.sapling":395,"stat.damageTaken":118807,"stat.useItem.minecraft.red_shulker_box":17,"stat.mineBlock.minecraft.melon_block":64,"stat.useItem.minecraft.gold_block":24,"stat.mineBlock.minecraft.sapling":67,"stat.pickup.minecraft.log2":227,"stat.useItem.minecraft.purple_shulker_box":517,"stat.pickup.minecraft.bed":30,"stat.pickup.minecraft.concrete":266,"stat.pickup.minecraft.acacia_fence":7,"stat.pickup.minecraft.quartz_block":7,"stat.pickup.minecraft.potato":4119,"stat.killEntity.Shulker":56,"stat.entityKilledBy.Zombie":13,"stat.killEntity.Silverfish":19,"stat.craftItem.minecraft.stone_slab":2472,"stat.animalsBred":814,"stat.useItem.minecraft.chest":1730,"stat.mineBlock.minecraft.light_blue_shulker_box":36,"stat.useItem.minecraft.observer":24,"stat.breakItem.minecraft.diamond_sword":1,"stat.shulkerBoxOpened":5609,"stat.craftItem.minecraft.iron_chestplate":1,"stat.pickup.minecraft.baked_potato":132,"stat.drop.minecraft.potato":778,"stat.pickup.minecraft.ender_pearl":8441,"stat.drop.minecraft.wooden_slab":68,"stat.pickup.minecraft.ladder":19,"stat.useItem.minecraft.netherrack":1380,"stat.craftItem.minecraft.stained_glass_pane":192,"stat.craftItem.minecraft.bookshelf":58,"stat.useItem.minecraft.tripwire_hook":9,"stat.mineBlock.minecraft.stonebrick":11637,"stat.mineBlock.minecraft.glowstone":237,"stat.craftItem.minecraft.shears":20,"stat.useItem.minecraft.cobblestone_wall":207,"stat.pickup.minecraft.iron_horse_armor":4,"stat.drop.minecraft.spruce_stairs":8,"stat.useItem.minecraft.writable_book":18,"stat.pickup.minecraft.torch":4509,"stat.drop.minecraft.acacia_fence":2,"stat.drop.minecraft.diamond_shovel":2,"stat.drop.minecraft.quartz_block":1,"stat.drop.minecraft.stone_axe":1,"stat.pickup.minecraft.spruce_boat":3,"stat.drop.minecraft.arrow":128,"stat.drop.minecraft.shears":2,"stat.useItem.minecraft.end_bricks":20,"stat.craftItem.minecraft.iron_axe":2,"stat.mineBlock.minecraft.purple_shulker_box":489,"stat.useItem.minecraft.mutton":3,"stat.drop.minecraft.trapdoor":13,"stat.pickup.minecraft.fishing_rod":2,"stat.useItem.minecraft.planks":1200,"stat.pickup.minecraft.porkchop":219,"stat.pickup.minecraft.glass":1635,"stat.useItem.minecraft.water_bucket":402,"stat.pickup.minecraft.sand":3960,"stat.craftItem.minecraft.dark_oak_fence":6,"stat.pickup.minecraft.hardened_clay":246,"stat.pickup.minecraft.name_tag":5,"stat.drop.minecraft.hardened_clay":40,"stat.aviateOneCm":150545941,"stat.useItem.minecraft.ender_pearl":39,"stat.craftItem.minecraft.cooked_fish":2,"stat.craftItem.minecraft.blaze_powder":62,"stat.drop.minecraft.golden_sword":2,"stat.useItem.minecraft.oak_stairs":5,"stat.craftItem.minecraft.golden_carrot":7,"stat.mineBlock.minecraft.dark_oak_stairs":1,"stat.pickup.minecraft.fence_gate":8,"stat.pickup.minecraft.furnace":131,"stat.useItem.minecraft.redstone":526,"stat.mineBlock.minecraft.end_bricks":47,"stat.mineBlock.minecraft.redstone_lamp":57,"stat.pickup.minecraft.end_rod":9,"stat.pickup.minecraft.cyan_glazed_terracotta":2,"stat.pickup.minecraft.skull":45,"stat.useItem.minecraft.stone_stairs":473,"stat.pickup.minecraft.acacia_door":7,"stat.mineBlock.minecraft.red_shulker_box":17,"stat.useItem.minecraft.hopper":138,"stat.craftItem.minecraft.heavy_weighted_pressure_plate":1,"stat.mineBlock.minecraft.oak_stairs":5,"stat.playOneMinute":16719402,"stat.pickup.minecraft.birch_door":5,"stat.drop.minecraft.string":124,"stat.useItem.minecraft.shears":2405,"stat.pickup.minecraft.beacon":2,"stat.pickup.minecraft.iron_bars":228,"stat.pickup.minecraft.dispenser":21,"stat.craftItem.minecraft.pumpkin_pie":1,"stat.pickup.minecraft.red_glazed_terracotta":2,"stat.craftItem.minecraft.carpet":138,"stat.mineBlock.minecraft.netherrack":15293,"stat.mineBlock.minecraft.dispenser":21,"stat.craftItem.minecraft.dark_oak_stairs":4,"stat.drop.minecraft.flint":150,"stat.craftItem.minecraft.golden_rail":48,"stat.useItem.minecraft.quartz_ore":88,"stat.fallOneCm":2484846,"stat.drop.minecraft.dye":153,"stat.craftItem.minecraft.chest":1089,"stat.mineBlock.minecraft.lever":34,"stat.pickup.minecraft.red_mushroom":2,"stat.useItem.minecraft.iron_hoe":21,"stat.pickup.minecraft.milk_bucket":1,"stat.pickup.minecraft.feather":16,"stat.pickup.minecraft.record_cat":1,"stat.mineBlock.minecraft.spruce_fence":255,"stat.useItem.minecraft.yellow_shulker_box":18,"stat.craftItem.minecraft.dark_oak_fence_gate":1,"stat.useItem.minecraft.stone_pickaxe":128,"stat.craftItem.minecraft.birch_stairs":4,"stat.useItem.minecraft.stone_sword":523,"stat.craftItem.minecraft.iron_leggings":1,"stat.killEntity.Rabbit":6,"stat.pickup.minecraft.redstone_ore":555,"stat.craftItem.minecraft.oak_stairs":20,"stat.pickup.minecraft.chainmail_boots":4,"stat.drop.minecraft.stick":79,"stat.useItem.minecraft.iron_bars":287,"stat.mineBlock.minecraft.monster_egg":98,"stat.useItem.minecraft.bone_block":56,"stat.drop.minecraft.light_blue_shulker_box":1,"stat.craftItem.minecraft.magenta_glazed_terracotta":1,"stat.killEntity.LavaSlime":69,"stat.pickup.minecraft.log":6713,"stat.mineBlock.minecraft.golden_rail":104,"stat.craftItem.minecraft.hopper_minecart":3,"stat.pickup.minecraft.chainmail_leggings":8,"stat.pickup.minecraft.wooden_door":66,"stat.entityKilledBy.Enderman":4,"stat.mineBlock.minecraft.iron_block":692,"stat.mineBlock.minecraft.tripwire_hook":1,"stat.craftItem.minecraft.snow":1,"stat.pickup.minecraft.diamond_helmet":29,"stat.craftItem.minecraft.cooked_chicken":1,"stat.useItem.minecraft.stone_hoe":25,"stat.craftItem.minecraft.flower_pot":5,"stat.useItem.minecraft.beetroot_seeds":13,"stat.sneakTime":340798,"stat.mineBlock.minecraft.cobblestone_wall":154,"stat.mineBlock.minecraft.yellow_shulker_box":18,"stat.entityKilledBy.Blaze":1,"stat.useItem.minecraft.brewing_stand":3,"stat.pickup.minecraft.chest":978,"stat.craftItem.minecraft.enchanting_table":1,"stat.drop.minecraft.sugar":4,"stat.pickup.minecraft.stone_pressure_plate":4,"stat.pickup.minecraft.lit_pumpkin":77,"stat.drop.minecraft.beetroot":1,"stat.useItem.minecraft.repeater":175,"stat.craftItem.minecraft.lime_glazed_terracotta":1,"stat.drop.minecraft.leather_helmet":3,"stat.craftItem.minecraft.stone_brick_stairs":1072,"stat.craftItem.minecraft.acacia_fence_gate":1,"stat.craftItem.minecraft.iron_trapdoor":1,"stat.swimOneCm":2805405,"stat.mineBlock.minecraft.spruce_stairs":370,"stat.drop.minecraft.brown_mushroom":3,"stat.useItem.minecraft.dirt":10868,"stat.pickup.minecraft.purpur_block":133,"stat.craftItem.minecraft.melon_block":29,"stat.drop.minecraft.ender_pearl":8140,"stat.mineBlock.minecraft.magma":40,"stat.pickup.minecraft.quartz_stairs":5,"stat.mineBlock.minecraft.carpet":89,"stat.drop.minecraft.fence":62,"stat.pickup.minecraft.gold_block":8,"stat.mineBlock.minecraft.redstone_block":54,"stat.useItem.minecraft.stone_shovel":3,"stat.pickup.minecraft.clay":25,"stat.pickup.minecraft.glass_bottle":32,"stat.drop.minecraft.wheat_seeds":912,"stat.craftItem.minecraft.wooden_slab":900,"stat.useItem.minecraft.sign":46,"stat.drop.minecraft.log":69,"stat.pickup.minecraft.mutton":20,"stat.useItem.minecraft.lever":79,"stat.pickup.minecraft.wooden_axe":1,"stat.pickup.minecraft.dark_oak_door":13,"stat.drop.minecraft.golden_boots":7,"stat.craftItem.minecraft.red_sandstone":20,"stat.pickup.minecraft.stonebrick":14710,"stat.pickup.minecraft.redstone_lamp":57,"stat.drop.minecraft.beetroot_seeds":2,"stat.mineBlock.minecraft.nether_brick":10,"stat.craftItem.minecraft.nether_brick_fence":6,"stat.useItem.minecraft.purpur_pillar":14,"stat.craftItem.minecraft.brick_block":11,"stat.craftItem.minecraft.stone_slab2":6,"stat.pickup.minecraft.gray_glazed_terracotta":3,"stat.drop.minecraft.potion":2,"stat.useItem.minecraft.stone_slab":1954,"stat.craftItem.minecraft.jungle_fence_gate":1,"stat.useItem.minecraft.bed":32,"stat.craftItem.minecraft.stone":439,"stat.craftItem.minecraft.armor_stand":5,"stat.mineBlock.minecraft.crafting_table":83,"stat.useItem.minecraft.diamond_pickaxe":187014,"stat.useItem.minecraft.carrot":539,"stat.killEntity.Endermite":1,"stat.useItem.minecraft.wooden_shovel":16,"stat.drop.minecraft.golden_apple":2,"stat.useItem.minecraft.bucket":465,"stat.craftItem.minecraft.pink_glazed_terracotta":1,"stat.pickup.minecraft.stone_button":17,"stat.pickup.minecraft.slime_ball":78,"stat.useItem.minecraft.purpur_block":89,"stat.craftItem.minecraft.diamond_pickaxe":23,"stat.craftItem.minecraft.clay":23,"stat.craftItem.minecraft.jukebox":1,"stat.drop.minecraft.wooden_pickaxe":1,"stat.pickup.minecraft.gravel":3699,"stat.useItem.minecraft.glass_bottle":37,"stat.useItem.minecraft.diamond_axe":11679,"stat.pickup.minecraft.purpur_stairs":9,"stat.breakItem.minecraft.wooden_axe":1,"stat.drop.minecraft.spruce_boat":1,"stat.entityKilledBy.Guardian":3,"stat.pickup.minecraft.red_shulker_box":17,"stat.useItem.minecraft.stained_glass_pane":63,"stat.drop.minecraft.cooked_porkchop":3,"stat.pickup.minecraft.stone_brick_stairs":1320,"stat.pickup.minecraft.diamond_sword":51,"stat.craftItem.minecraft.brick_stairs":4,"stat.pickup.minecraft.brick":27,"stat.craftItem.minecraft.birch_boat":3,"stat.pickup.minecraft.black_shulker_box":21,"stat.useItem.minecraft.piston":62,"stat.entityKilledBy.CaveSpider":1,"stat.craftItem.minecraft.bread":259,"stat.pickup.minecraft.spider_eye":286,"stat.useItem.minecraft.stone_button":22,"stat.pickup.minecraft.diamond_ore":73,"stat.pickup.minecraft.iron_ore":3731,"stat.craftItem.minecraft.green_glazed_terracotta":1,"stat.mineBlock.minecraft.iron_bars":119,"stat.pickup.minecraft.leaves":2420,"stat.craftItem.minecraft.activator_rail":6,"stat.pickup.minecraft.leather":1672,"stat.useItem.minecraft.wooden_pickaxe":3,"stat.mineBlock.minecraft.mycelium":48,"stat.dispenserInspected":117,"stat.pickup.minecraft.reeds":1821,"stat.pickup.minecraft.prismarine_crystals":330,"stat.craftItem.minecraft.glass":1327,"stat.craftItem.minecraft.cauldron":2,"stat.sleepInBed":261,"stat.craftItem.minecraft.baked_potato":139,"stat.drop.minecraft.shulker_shell":24,"stat.killEntity.Cow":538,"stat.pickup.minecraft.minecart":78,"stat.killEntity.Pig":95,"stat.craftItem.minecraft.iron_sword":6,"stat.pickup.minecraft.piston":71,"stat.walkOneCm":56230671,"stat.playerKills":1,"stat.pickup.minecraft.clay_ball":281,"stat.mineBlock.minecraft.trapped_chest":32,"stat.drop.minecraft.record_wait":1,"stat.pickup.minecraft.purpur_slab":6,"stat.useItem.minecraft.spruce_boat":10,"stat.drop.minecraft.diamond_axe":3,"stat.pickup.minecraft.tnt":35,"stat.pickup.minecraft.stone":46973,"stat.mineBlock.minecraft.wool":185,"stat.drop.minecraft.slime":4,"stat.pickup.minecraft.silver_glazed_terracotta":2,"stat.mineBlock.minecraft.packed_ice":2,"stat.useItem.minecraft.leaves":2105,"stat.craftItem.minecraft.minecart":13,"stat.pickup.minecraft.gold_ingot":54,"stat.useItem.minecraft.prismarine":3630,"stat.killEntity.Skeleton":850,"stat.pickup.minecraft.record_mellohi":1,"stat.drop.minecraft.chainmail_boots":6,"stat.pickup.minecraft.netherbrick":2,"stat.mineBlock.minecraft.redstone_torch":19,"stat.killEntity.Spider":184,"stat.pickup.minecraft.bread":161,"stat.drop.minecraft.end_rod":4,"stat.craftItem.minecraft.spruce_fence":240,"stat.pickup.minecraft.quartz":323,"stat.pickup.minecraft.birch_fence":44,"stat.pickup.minecraft.blue_glazed_terracotta":2,"stat.pickup.minecraft.water_bucket":13,"stat.drop.minecraft.prismarine":1,"stat.useItem.minecraft.hopper_minecart":3,"stat.pickup.minecraft.spruce_stairs":399,"stat.mineBlock.minecraft.redstone_ore":1047,"stat.pickup.minecraft.elytra":30,"stat.pickup.minecraft.lava_bucket":1,"stat.craftItem.minecraft.coal_block":234,"stat.drop.minecraft.beef":5,"stat.craftItem.minecraft.brick":61,"stat.mineBlock.minecraft.stone":127051}