{"stat.craftItem.minecraft.chorus_fruit_popped":2195,"stat.useItem.minecraft.bow":329,"stat.useItem.minecraft.quartz_block":282,"stat.craftItem.minecraft.acacia_boat":1,"stat.useItem.minecraft.painting":48,"stat.drop.minecraft.gunpowder":15,"stat.drop.minecraft.redstone":231,"stat.craftItem.minecraft.black_glazed_terracotta":136,"stat.pickup.minecraft.dark_oak_boat":5,"stat.mineBlock.minecraft.stained_glass":383,"stat.bannerCleaned":1,"stat.mineBlock.minecraft.web":67,"stat.pickup.minecraft.rotten_flesh":526,"stat.useItem.minecraft.diamond_hoe":1514,"stat.mineBlock.minecraft.purpur_stairs":456,"stat.craftItem.minecraft.stone_axe":1,"stat.drop.minecraft.leather_boots":1,"stat.useItem.minecraft.vine":94,"stat.pickup.minecraft.cobblestone_wall":431,"stat.pickup.minecraft.bucket":39,"stat.killEntity.Enderman":16530,"stat.useItem.minecraft.anvil":18,"stat.craftItem.minecraft.iron_shovel":14,"stat.pickup.minecraft.brown_mushroom":133,"stat.mineBlock.minecraft.end_stone":2297,"stat.useItem.minecraft.iron_pickaxe":6811,"stat.pickup.minecraft.stained_hardened_clay":1917,"stat.pickup.minecraft.double_plant":156,"stat.craftItem.minecraft.glass_pane":368,"stat.furnaceInteraction":4246,"stat.useItem.minecraft.nether_wart":527,"stat.mineBlock.minecraft.chorus_plant":616,"stat.pickup.minecraft.nether_brick":591,"stat.craftItem.minecraft.leather_helmet":4,"stat.useItem.minecraft.end_stone":249,"stat.mineBlock.minecraft.wooden_button":1,"stat.drop.minecraft.cactus":6,"stat.useItem.minecraft.red_sandstone":47,"stat.pickup.minecraft.hay_block":45,"stat.useItem.minecraft.fence":174,"stat.craftItem.minecraft.orange_glazed_terracotta":128,"stat.drop.minecraft.furnace":1,"stat.useItem.minecraft.acacia_fence":1,"stat.useItem.minecraft.cauldron":3,"stat.mineBlock.minecraft.fence":153,"stat.useItem.minecraft.flint_and_steel":58,"stat.useItem.minecraft.wheat_seeds":5644,"stat.mineBlock.minecraft.sea_lantern":14,"stat.craftItem.minecraft.silver_glazed_terracotta":217,"stat.killEntity.Husk":1,"stat.pickup.minecraft.emerald":27,"stat.craftItem.minecraft.dark_oak_boat":4,"stat.pickup.minecraft.lever":2,"stat.deaths":46,"stat.pickup.minecraft.bowl":59,"stat.pickup.minecraft.egg":899,"stat.craftItem.minecraft.melon_seeds":3,"stat.craftItem.minecraft.item_frame":74,"stat.craftItem.minecraft.iron_pickaxe":37,"stat.pickup.minecraft.glass_pane":97,"stat.pickup.minecraft.item_frame":29,"stat.pickup.minecraft.sea_lantern":85,"stat.drop.minecraft.iron_ingot":6,"stat.craftItem.minecraft.repeater":42,"stat.craftItem.minecraft.cooked_mutton":11,"stat.fishCaught":25,"stat.pickup.minecraft.cooked_mutton":5,"stat.chestOpened":16446,"stat.useItem.minecraft.lapis_ore":24,"stat.craftItem.minecraft.mossy_cobblestone":19,"stat.craftItem.minecraft.mushroom_stew":4,"stat.craftItem.minecraft.sign":514,"stat.useItem.minecraft.jungle_fence":46,"stat.pickup.minecraft.iron_sword":6,"stat.pickup.minecraft.lapis_ore":29,"stat.craftItem.minecraft.quartz_block":402,"stat.pickup.minecraft.gold_nugget":5,"stat.pickup.minecraft.chorus_flower":379,"stat.drop.minecraft.banner":3,"stat.craftItem.minecraft.coal":56,"stat.pickup.minecraft.carrot":688,"stat.crouchOneCm":4506379,"stat.pickup.minecraft.rail":86,"stat.craftItem.minecraft.iron_ingot":2042,"stat.pickup.minecraft.ender_chest":5,"stat.craftingTableInteraction":2004,"stat.mineBlock.minecraft.wooden_pressure_plate":7,"stat.useItem.minecraft.light_blue_shulker_box":161,"stat.pickup.minecraft.repeater":21,"stat.pickup.minecraft.mushroom_stew":35,"stat.pickup.minecraft.wooden_pickaxe":1,"stat.mineBlock.minecraft.log2":2950,"stat.drop.minecraft.double_plant":6,"stat.useItem.minecraft.dark_oak_fence":92,"stat.pickup.minecraft.dye":3784,"stat.mineBlock.minecraft.jungle_fence":13,"stat.pickup.minecraft.planks":3215,"stat.mineBlock.minecraft.ender_chest":5,"stat.pickup.minecraft.ice":4,"stat.drop.minecraft.rotten_flesh":408,"stat.pickup.minecraft.magma":651,"stat.craftItem.minecraft.purple_glazed_terracotta":64,"stat.mineBlock.minecraft.pink_glazed_terracotta":2,"stat.drop.minecraft.sapling":51,"stat.pickup.minecraft.chicken":58,"stat.useItem.minecraft.glass_pane":317,"stat.pickup.minecraft.end_stone":2265,"stat.pickup.minecraft.coal_block":5,"stat.craftItem.minecraft.bucket":51,"stat.craftItem.minecraft.planks":17992,"stat.useItem.minecraft.iron_sword":1723,"stat.mineBlock.minecraft.prismarine":128,"stat.craftItem.minecraft.dirt":320,"stat.craftItem.minecraft.fishing_rod":2,"stat.pickup.minecraft.stone_sword":1,"stat.useItem.minecraft.stonebrick":61338,"stat.pickup.minecraft.book":58,"stat.craftItem.minecraft.wooden_door":9,"stat.mineBlock.minecraft.waterlily":28,"stat.pickup.minecraft.orange_glazed_terracotta":6,"stat.pickup.minecraft.iron_door":4,"stat.pickup.minecraft.red_nether_brick":147,"stat.craftItem.minecraft.spruce_door":165,"stat.mineBlock.minecraft.magenta_glazed_terracotta":1,"stat.craftItem.minecraft.jungle_boat":4,"stat.pickup.minecraft.bookshelf":104,"stat.pickup.minecraft.spruce_fence_gate":5,"stat.mineBlock.minecraft.pumpkin":33,"stat.mineBlock.minecraft.cobblestone":1097,"stat.pickup.minecraft.stone_pickaxe":2,"stat.pickup.minecraft.flint":1304,"stat.craftItem.minecraft.quartz_stairs":20,"stat.pickup.minecraft.leather_chestplate":5,"stat.mineBlock.minecraft.concrete":223,"stat.mineBlock.minecraft.stained_glass_pane":65,"stat.pickup.minecraft.purple_glazed_terracotta":33,"stat.pickup.minecraft.lime_shulker_box":37,"stat.drop.minecraft.cobblestone":2665,"stat.useItem.minecraft.chorus_flower":360,"stat.pickup.minecraft.cooked_porkchop":4,"stat.useItem.minecraft.coal_block":5,"stat.breakItem.minecraft.iron_pickaxe":7,"stat.mineBlock.minecraft.dropper":4,"stat.pickup.minecraft.iron_boots":30,"stat.craftItem.minecraft.furnace":112,"stat.craftItem.minecraft.lapis_block":15,"stat.useItem.minecraft.white_glazed_terracotta":44,"stat.craftItem.minecraft.iron_boots":39,"stat.useItem.minecraft.spruce_fence_gate":12,"stat.mineBlock.minecraft.clay":43,"stat.mineBlock.minecraft.noteblock":3,"stat.pickup.minecraft.diamond_leggings":6,"stat.drop.minecraft.iron_helmet":4,"stat.drop.minecraft.spider_eye":6,"stat.useItem.minecraft.wooden_slab":1269,"stat.useItem.minecraft.iron_door":6,"stat.craftItem.minecraft.iron_block":9,"stat.craftItem.minecraft.stonebrick":63971,"stat.breakItem.minecraft.diamond_pickaxe":1,"stat.pickup.minecraft.light_blue_glazed_terracotta":6,"stat.craftItem.minecraft.end_rod":76,"stat.drop.minecraft.wool":7,"stat.killEntity.Creeper":43,"stat.useItem.minecraft.armor_stand":107,"stat.breakItem.minecraft.iron_sword":4,"stat.pickup.minecraft.wooden_sword":1,"stat.pickup.minecraft.birch_stairs":28,"stat.useItem.minecraft.dropper":13,"stat.killEntity.Squid":308,"stat.sprintOneCm":83868889,"stat.useItem.minecraft.diamond_block":6,"stat.mineBlock.minecraft.stone_slab":484,"stat.useItem.minecraft.hay_block":85,"stat.useItem.minecraft.snowball":14,"stat.entityKilledBy.VindicationIllager":1,"stat.pickup.minecraft.leather_leggings":1,"stat.craftItem.minecraft.redstone_lamp":6,"stat.drop.minecraft.boat":3,"stat.drop.minecraft.cobblestone_wall":64,"stat.pickup.minecraft.sugar":1,"stat.pickup.minecraft.vine":146,"stat.craftItem.minecraft.leather_chestplate":19,"stat.useItem.minecraft.banner":378,"stat.mineBlock.minecraft.yellow_glazed_terracotta":5,"stat.craftItem.minecraft.emerald":1046,"stat.pickup.minecraft.iron_block":281,"stat.killEntity.Zombie":2738,"stat.craftItem.minecraft.dye":28676,"stat.craftItem.minecraft.diamond_axe":5,"stat.mineBlock.minecraft.gold_ore":121,"stat.drop.minecraft.diamond_pickaxe":2,"stat.craftItem.minecraft.slime_ball":9,"stat.pickup.minecraft.wheat":3917,"stat.craftItem.minecraft.sandstone":187,"stat.mineBlock.minecraft.mossy_cobblestone":1,"stat.drop.minecraft.stone_stairs":11,"stat.pickup.minecraft.sign":514,"stat.craftItem.minecraft.cooked_porkchop":11,"stat.pickup.minecraft.obsidian":535,"stat.useItem.minecraft.heavy_weighted_pressure_plate":9,"stat.useItem.minecraft.iron_trapdoor":7,"stat.pickup.minecraft.coal":6467,"stat.pickup.minecraft.iron_ingot":145,"stat.useItem.minecraft.dark_oak_boat":10,"stat.craftItem.minecraft.lever":7,"stat.drop.minecraft.diamond_sword":2,"stat.pickup.minecraft.gunpowder":71,"stat.pickup.minecraft.dirt":19063,"stat.useItem.minecraft.coal_ore":310,"stat.useItem.minecraft.light_weighted_pressure_plate":1,"stat.useItem.minecraft.dispenser":5,"stat.mineBlock.minecraft.lapis_ore":117,"stat.pickup.minecraft.red_sandstone":17,"stat.pickup.minecraft.iron_axe":8,"stat.brewingstandInteraction":121,"stat.useItem.minecraft.stone_brick_stairs":4617,"stat.mineBlock.minecraft.red_flower":429,"stat.mineBlock.minecraft.torch":5695,"stat.pickup.minecraft.written_book":8,"stat.tradedWithVillager":1170,"stat.useItem.minecraft.acacia_door":2,"stat.pickup.minecraft.magma_cream":6,"stat.noteblockTuned":87,"stat.craftItem.minecraft.glowstone":274,"stat.useItem.minecraft.birch_fence":35,"stat.mineBlock.minecraft.fence_gate":9,"stat.pickup.minecraft.diamond_axe":17,"stat.mineBlock.minecraft.birch_fence":35,"stat.pickup.minecraft.green_shulker_box":1,"stat.pickup.minecraft.diamond_pickaxe":42,"stat.useItem.minecraft.pumpkin":241,"stat.pickup.minecraft.noteblock":3,"stat.useItem.minecraft.tnt":1209,"stat.useItem.minecraft.lava_bucket":50,"stat.useItem.minecraft.gold_ore":7,"stat.drop.minecraft.netherrack":1836,"stat.pickup.minecraft.red_mushroom_block":23,"stat.useItem.minecraft.melon":19,"stat.pickup.minecraft.pink_glazed_terracotta":2,"stat.craftItem.minecraft.wheat":162,"stat.useItem.minecraft.item_frame":95,"stat.useItem.minecraft.stained_hardened_clay":268,"stat.drop.minecraft.egg":17,"stat.useItem.minecraft.redstone_ore":107,"stat.pickup.minecraft.cooked_beef":954,"stat.useItem.minecraft.concrete":160,"stat.killEntity.Stray":1,"stat.drop.minecraft.nether_brick":70,"stat.mineBlock.minecraft.purpur_slab":18,"stat.pickup.minecraft.dark_oak_stairs":197,"stat.mobKills":23651,"stat.pickup.minecraft.diamond_boots":11,"stat.mineBlock.minecraft.bookshelf":50,"stat.useItem.minecraft.boat":21,"stat.useItem.minecraft.mossy_cobblestone":13,"stat.pickup.minecraft.diamond":240,"stat.pickup.minecraft.beetroot_seeds":3158,"stat.pickup.minecraft.brown_mushroom_block":16,"stat.craftItem.minecraft.nether_brick_stairs":92,"stat.craftItem.minecraft.spruce_stairs":256,"stat.craftItem.minecraft.map":86,"stat.useItem.minecraft.string":1,"stat.craftItem.minecraft.yellow_glazed_terracotta":32,"stat.useItem.minecraft.bookshelf":170,"stat.useItem.minecraft.soul_sand":320,"stat.killEntity.Blaze":40,"stat.drop.minecraft.skull":1,"stat.pickup.minecraft.golden_boots":4,"stat.pickup.minecraft.glowstone_dust":15,"stat.drop.minecraft.bowl":14,"stat.drop.minecraft.wooden_door":6,"stat.mineBlock.minecraft.red_mushroom":7,"stat.mineBlock.minecraft.stone_brick_stairs":736,"stat.drop.minecraft.poisonous_potato":3,"stat.mineBlock.minecraft.nether_brick_fence":47,"stat.pickup.minecraft.observer":4,"stat.craftItem.minecraft.lit_pumpkin":268,"stat.craftItem.minecraft.cobblestone_wall":564,"stat.craftItem.minecraft.stone_sword":1,"stat.mineBlock.minecraft.snow_layer":118,"stat.pickup.minecraft.chainmail_chestplate":8,"stat.mineBlock.minecraft.sand":22581,"stat.craftItem.minecraft.slime":1,"stat.useItem.minecraft.fence_gate":10,"stat.hopperInspected":485,"stat.drop.minecraft.diamond":1,"stat.pickup.minecraft.packed_ice":514,"stat.pickup.minecraft.ghast_tear":3,"stat.craftItem.minecraft.birch_door":9,"stat.pickup.minecraft.armor_stand":82,"stat.trappedChestTriggered":585,"stat.craftItem.minecraft.acacia_stairs":28,"stat.craftItem.minecraft.observer":2,"stat.pickup.minecraft.wooden_button":5,"stat.mineBlock.minecraft.lapis_block":1,"stat.useItem.minecraft.minecart":5,"stat.useItem.minecraft.cooked_mutton":16,"stat.drop.minecraft.wooden_button":1,"stat.drop.minecraft.pumpkin_seeds":2,"stat.pickup.minecraft.stone_stairs":118,"stat.craftItem.minecraft.fence_gate":4,"stat.pickup.minecraft.acacia_stairs":17,"stat.drop.minecraft.fireworks":1,"stat.pickup.minecraft.pumpkin_seeds":2,"stat.drop.minecraft.snowball":10,"stat.pickup.minecraft.saddle":4,"stat.mineBlock.minecraft.soul_sand":368,"stat.pickup.minecraft.mycelium":497,"stat.pickup.minecraft.blaze_rod":16,"stat.craftItem.minecraft.diamond_block":6,"stat.useItem.minecraft.gray_glazed_terracotta":142,"stat.pickup.minecraft.netherrack":62561,"stat.pickup.minecraft.pumpkin":78,"stat.pickup.minecraft.spruce_door":275,"stat.useItem.minecraft.fish":1,"stat.recordPlayed":5,"stat.drop.minecraft.packed_ice":52,"stat.pickup.minecraft.waterlily":29,"stat.craftItem.minecraft.redstone_torch":104,"stat.useItem.minecraft.packed_ice":438,"stat.mineBlock.minecraft.gold_block":3,"stat.craftItem.minecraft.iron_hoe":3,"stat.drop.minecraft.stone":630,"stat.pickup.minecraft.dropper":4,"stat.useItem.minecraft.black_shulker_box":40,"stat.pickup.minecraft.golden_leggings":2,"stat.pickup.minecraft.melon":17,"stat.dropperInspected":1473,"stat.mineBlock.minecraft.nether_wart_block":48,"stat.pickup.minecraft.heavy_weighted_pressure_plate":5,"stat.pickup.minecraft.emerald_ore":6,"stat.drop.minecraft.bone":75,"stat.craftItem.minecraft.wooden_button":20,"stat.useItem.minecraft.furnace":211,"stat.pickup.minecraft.iron_leggings":49,"stat.mineBlock.minecraft.snow":1,"stat.mineBlock.minecraft.gravel":10080,"stat.useItem.minecraft.wool":3661,"stat.drop.minecraft.reeds":11,"stat.craftItem.minecraft.gray_glazed_terracotta":128,"stat.pickup.minecraft.flint_and_steel":1,"stat.mineBlock.minecraft.green_shulker_box":1,"stat.useItem.minecraft.torch":13901,"stat.pickup.minecraft.iron_nugget":8,"stat.craftItem.minecraft.redstone_block":313,"stat.pickup.minecraft.birch_fence_gate":6,"stat.craftItem.minecraft.stone_stairs":412,"stat.pickup.minecraft.crafting_table":82,"stat.useItem.minecraft.log":756,"stat.craftItem.minecraft.crafting_table":79,"stat.pickup.minecraft.magenta_glazed_terracotta":1,"stat.craftItem.minecraft.boat":10,"stat.pickup.minecraft.iron_hoe":1,"stat.mineBlock.minecraft.emerald_ore":17,"stat.pickup.minecraft.redstone_block":164,"stat.useItem.minecraft.cooked_fish":51,"stat.useItem.minecraft.nether_wart_block":63,"stat.drop.minecraft.stonebrick":256,"stat.craftItem.minecraft.stone_button":15,"stat.drop.minecraft.planks":186,"stat.pickup.minecraft.web":168,"stat.pickup.minecraft.sapling":1200,"stat.craftItem.minecraft.red_glazed_terracotta":95,"stat.useItem.minecraft.deadbush":55,"stat.useItem.minecraft.birch_door":27,"stat.drop.minecraft.bow":3,"stat.pickup.minecraft.beetroot":1745,"stat.killEntity.WitherSkeleton":3,"stat.useItem.minecraft.wooden_pressure_plate":13,"stat.craftItem.minecraft.sugar":28,"stat.craftItem.minecraft.spruce_fence_gate":18,"stat.useItem.minecraft.baked_potato":1253,"stat.pickup.minecraft.stone_slab":893,"stat.drop.minecraft.yellow_flower":94,"stat.pickup.minecraft.yellow_flower":525,"stat.useItem.minecraft.fishing_rod":65,"stat.craftItem.minecraft.jungle_door":3,"stat.drop.minecraft.stone_pickaxe":4,"stat.craftItem.minecraft.diamond_chestplate":2,"stat.pickup.minecraft.bone":210,"stat.useItem.minecraft.mushroom_stew":429,"stat.craftItem.minecraft.sticky_piston":1,"stat.pickup.minecraft.redstone_torch":30,"stat.horseOneCm":1155488,"stat.useItem.minecraft.log2":376,"stat.mineBlock.minecraft.black_shulker_box":40,"stat.pickup.minecraft.beetroot_soup":12,"stat.mineBlock.minecraft.brown_mushroom":11,"stat.mineBlock.minecraft.acacia_fence":1,"stat.useItem.minecraft.diamond_sword":14199,"stat.craftItem.minecraft.diamond_helmet":3,"stat.climbOneCm":3709109,"stat.useItem.minecraft.end_rod":53,"stat.craftItem.minecraft.gold_block":9,"stat.enderchestOpened":374,"stat.useItem.minecraft.redstone_torch":42,"stat.pickup.minecraft.golden_helmet":8,"stat.drop.minecraft.quartz":22,"stat.useItem.minecraft.jungle_boat":9,"stat.useItem.minecraft.red_flower":7,"stat.craftItem.minecraft.bone_block":2408,"stat.pickup.minecraft.anvil":9,"stat.mineBlock.minecraft.black_glazed_terracotta":50,"stat.useItem.minecraft.leaves2":69,"stat.useItem.minecraft.iron_ore":47,"stat.craftItem.minecraft.trapdoor":28,"stat.craftItem.minecraft.stone_pickaxe":15,"stat.pickup.minecraft.cobblestone":27524,"stat.useItem.minecraft.yellow_glazed_terracotta":24,"stat.craftItem.minecraft.glass_bottle":24,"stat.pickup.minecraft.soul_sand":362,"stat.useItem.minecraft.cooked_beef":719,"stat.pickup.minecraft.cactus":86,"stat.pickup.minecraft.dragon_egg":1,"stat.pickup.minecraft.redstone":3571,"stat.craftItem.minecraft.dispenser":1,"stat.pickup.minecraft.acacia_boat":3,"stat.mineBlock.minecraft.iron_ore":772,"stat.craftItem.minecraft.book":297,"stat.craftItem.minecraft.acacia_door":3,"stat.pickup.minecraft.mossy_cobblestone":1,"stat.useItem.minecraft.noteblock":6,"stat.drop.minecraft.coal":2,"stat.drop.minecraft.dirt":367,"stat.useItem.minecraft.cooked_porkchop":15,"stat.pickup.minecraft.iron_shovel":2,"stat.pickup.minecraft.carpet":623,"stat.pickup.minecraft.trapdoor":7,"stat.pickup.minecraft.diamond_shovel":21,"stat.craftItem.minecraft.acacia_fence":6,"stat.mineBlock.minecraft.lime_shulker_box":37,"stat.useItem.minecraft.sea_lantern":117,"stat.useItem.minecraft.spruce_fence":64,"stat.pickup.minecraft.paper":180,"stat.craftItem.minecraft.stick":6844,"stat.craftItem.minecraft.stained_hardened_clay":1272,"stat.craftItem.minecraft.gold_nugget":54,"stat.useItem.minecraft.magenta_glazed_terracotta":65,"stat.pickup.minecraft.grass":3092,"stat.useItem.minecraft.stone_pressure_plate":99,"stat.drop.minecraft.leaves":2,"stat.pickup.minecraft.diamond_chestplate":8,"stat.entityKilledBy.Creeper":3,"stat.breakItem.minecraft.shears":11,"stat.mineBlock.minecraft.planks":2249,"stat.drop":473,"stat.killEntity.Sheep":7,"stat.pickup.minecraft.golden_chestplate":3,"stat.useItem.minecraft.melon_seeds":5,"stat.drop.minecraft.bread":4,"stat.useItem.minecraft.light_blue_glazed_terracotta":6,"stat.craftItem.minecraft.piston":40,"stat.useItem.minecraft.quartz_stairs":58,"stat.pickup.minecraft.black_glazed_terracotta":50,"stat.drop.minecraft.cooked_beef":2,"stat.killEntity.Slime":49,"stat.mineBlock.minecraft.anvil":9,"stat.useItem.minecraft.lime_shulker_box":37,"stat.pickup.minecraft.purple_shulker_box":42,"stat.useItem.minecraft.waterlily":22,"stat.useItem.minecraft.apple":21,"stat.useItem.minecraft.black_glazed_terracotta":182,"stat.mineBlock.minecraft.deadbush":77,"stat.useItem.minecraft.carpet":4875,"stat.useItem.minecraft.potion":49,"stat.pickup.minecraft.fence":147,"stat.useItem.minecraft.stone_axe":128,"stat.craftItem.minecraft.iron_helmet":45,"stat.drop.minecraft.bed":3,"stat.drop.minecraft.glass":1,"stat.boatOneCm":22739034,"stat.craftItem.minecraft.flint_and_steel":4,"stat.useItem.minecraft.redstone_lamp":7,"stat.mineBlock.minecraft.leaves2":1685,"stat.mineBlock.minecraft.stone_stairs":125,"stat.craftItem.minecraft.iron_bars":416,"stat.mineBlock.minecraft.furnace":148,"stat.pickup.minecraft.dark_oak_fence":19,"stat.pickup.minecraft.prismarine_shard":3,"stat.killEntity.CaveSpider":16,"stat.craftItem.minecraft.netherbrick":9197,"stat.craftItem.minecraft.birch_fence":27,"stat.pickup.minecraft.oak_stairs":5,"stat.pickup.minecraft.stained_glass":470,"stat.damageDealt":1067621,"stat.craftItem.minecraft.bowl":128,"stat.craftItem.minecraft.anvil":9,"stat.mineBlock.minecraft.nether_brick_stairs":46,"stat.pickup.minecraft.end_bricks":678,"stat.useItem.minecraft.crafting_table":130,"stat.craftItem.minecraft.stone_shovel":1,"stat.pickup.minecraft.boat":16,"stat.pickup.minecraft.stick":207,"stat.pickup.minecraft.spectral_arrow":1,"stat.breakItem.minecraft.stone_pickaxe":5,"stat.craftItem.minecraft.birch_fence_gate":2,"stat.drop.minecraft.iron_block":16,"stat.craftItem.minecraft.diamond_boots":6,"stat.useItem.minecraft.redstone_block":204,"stat.drop.minecraft.leather_chestplate":3,"stat.useItem.minecraft.spruce_stairs":240,"stat.craftItem.minecraft.redstone":525,"stat.pickup.minecraft.chorus_fruit":4234,"stat.useItem.minecraft.cactus":25,"stat.craftItem.minecraft.red_nether_brick":156,"stat.mineBlock.minecraft.purple_glazed_terracotta":22,"stat.killEntity.Chicken":59,"stat.drop.minecraft.crafting_table":3,"stat.drop.minecraft.yellow_shulker_box":1,"stat.mineBlock.minecraft.quartz_ore":1466,"stat.pickup.minecraft.concrete_powder":2725,"stat.craftItem.minecraft.tnt":1216,"stat.pickup.minecraft.yellow_glazed_terracotta":5,"stat.drop.minecraft.diamond_boots":2,"stat.craftItem.minecraft.fence":75,"stat.craftItem.minecraft.jungle_fence":72,"stat.useItem.minecraft.golden_apple":3,"stat.mineBlock.minecraft.leaves":3243,"stat.craftItem.minecraft.purpur_slab":258,"stat.mineBlock.minecraft.piston":55,"stat.mineBlock.minecraft.bone_block":454,"stat.mineBlock.minecraft.hay_block":45,"stat.useItem.minecraft.map":29,"stat.pickup.minecraft.wooden_slab":473,"stat.craftItem.minecraft.diamond_hoe":1,"stat.leaveGame":588,"stat.pickup.minecraft.jungle_fence":11,"stat.useItem.minecraft.glowstone":341,"stat.mineBlock.minecraft.sandstone":1051,"stat.killEntity.PigZombie":1,"stat.craftItem.minecraft.shield":4,"stat.craftItem.minecraft.stone_pressure_plate":154,"stat.mineBlock.minecraft.birch_fence_gate":5,"stat.mineBlock.minecraft.red_sandstone":18,"stat.pickup.minecraft.leaves2":523,"stat.useItem.minecraft.purpur_stairs":2505,"stat.useItem.minecraft.birch_boat":5,"stat.craftItem.minecraft.noteblock":3,"stat.mineBlock.minecraft.wooden_slab":268,"stat.pickup.minecraft.leather_boots":3,"stat.killEntity.Witch":1,"stat.drop.minecraft.sand":25,"stat.killEntity.MushroomCow":88,"stat.craftItem.minecraft.wooden_pickaxe":1,"stat.craftItem.minecraft.brown_glazed_terracotta":128,"stat.craftItem.minecraft.iron_door":6,"stat.useItem.minecraft.iron_shovel":1482,"stat.craftItem.minecraft.bed":40,"stat.mineBlock.minecraft.hopper":28,"stat.mineBlock.minecraft.vine":164,"stat.pickup.minecraft.melon_block":10,"stat.drop.minecraft.gravel":16,"stat.mineBlock.minecraft.rail":85,"stat.killEntity.ZombieVillager":6,"stat.noteblockPlayed":13,"stat.drop.minecraft.red_flower":11,"stat.useItem.minecraft.double_plant":122,"stat.pickup.minecraft.prismarine":247,"stat.pickup.minecraft.beef":187,"stat.pickup.minecraft.leather_helmet":6,"stat.mineBlock.minecraft.stained_hardened_clay":1935,"stat.useItem.minecraft.trapdoor":23,"stat.useItem.minecraft.stained_glass":7387,"stat.craftItem.minecraft.prismarine":512,"stat.useItem.minecraft.dark_oak_door":67,"stat.pickup.minecraft.potion":7,"stat.useItem.minecraft.wooden_button":10,"stat.craftItem.minecraft.dropper":9,"stat.useItem.minecraft.dye":2826,"stat.mineBlock.minecraft.stone_pressure_plate":12,"stat.useItem.minecraft.nether_brick":2991,"stat.drop.minecraft.torch":36,"stat.drop.minecraft.glass_bottle":3,"stat.useItem.minecraft.jukebox":1,"stat.mineBlock.minecraft.tallgrass":3529,"stat.craftItem.minecraft.light_weighted_pressure_plate":1,"stat.useItem.minecraft.stone":16619,"stat.pickup.minecraft.arrow":419,"stat.pickup.minecraft.wooden_pressure_plate":8,"stat.killEntity.Ghast":12,"stat.useItem.minecraft.ender_chest":5,"stat.drop.minecraft.iron_pickaxe":4,"stat.mineBlock.minecraft.chest":340,"stat.pickup.minecraft.painting":46,"stat.drop.minecraft.mushroom_stew":3,"stat.mineBlock.minecraft.concrete_powder":1538,"stat.mineBlock.minecraft.hardened_clay":2260,"stat.craftItem.minecraft.hopper":8,"stat.useItem.minecraft.emerald_ore":3,"stat.pickup.minecraft.nether_brick_fence":44,"stat.useItem.minecraft.purple_glazed_terracotta":126,"stat.pickup.minecraft.yellow_shulker_box":157,"stat.useItem.minecraft.reeds":267,"stat.pickup.minecraft.birch_boat":5,"stat.craftItem.minecraft.nether_brick":3927,"stat.craftItem.minecraft.diamond_shovel":16,"stat.pickup.minecraft.wheat_seeds":7355,"stat.mineBlock.minecraft.glass":80,"stat.drop.minecraft.spruce_fence":1,"stat.useItem.minecraft.enchanting_table":2,"stat.useItem.minecraft.record_13":1,"stat.mineBlock.minecraft.dirt":24378,"stat.pickup.minecraft.poisonous_potato":7,"stat.useItem.minecraft.bread":1497,"stat.pickup.minecraft.brewing_stand":1,"stat.pickup.minecraft.light_blue_shulker_box":164,"stat.useItem.minecraft.cobblestone":2655,"stat.craftItem.minecraft.leather_boots":1,"stat.useItem.minecraft.gravel":766,"stat.mineBlock.minecraft.double_plant":88,"stat.minecartOneCm":427835,"stat.pickup.minecraft.brown_glazed_terracotta":9,"stat.pickup.minecraft.iron_pickaxe":9,"stat.drop.minecraft.carrot":9,"stat.mineBlock.minecraft.end_rod":18,"stat.craftItem.minecraft.gold_ingot":98,"stat.pickup.minecraft.hopper":27,"stat.craftItem.minecraft.brewing_stand":2,"stat.useItem.minecraft.tallgrass":15,"stat.pickup.minecraft.apple":29,"stat.useItem.minecraft.fireworks":199,"stat.pickup.minecraft.banner":264,"stat.craftItem.minecraft.carrot_on_a_stick":1,"stat.pickup.minecraft.carrot_on_a_stick":2,"stat.itemEnchanted":145,"stat.useItem.minecraft.acacia_boat":5,"stat.mineBlock.minecraft.log":4671,"stat.mineBlock.minecraft.heavy_weighted_pressure_plate":4,"stat.useItem.minecraft.wooden_door":9,"stat.useItem.minecraft.spruce_door":363,"stat.craftItem.minecraft.paper":13511,"stat.pickup.minecraft.red_flower":460,"stat.craftItem.minecraft.light_blue_glazed_terracotta":64,"stat.pickup.minecraft.wool":9701,"stat.useItem.minecraft.chorus_fruit":19,"stat.drop.minecraft.grass":15,"stat.pickup.minecraft.red_sandstone_stairs":27,"stat.mineBlock.minecraft.orange_glazed_terracotta":6,"stat.craftItem.minecraft.diamond_leggings":1,"stat.mineBlock.minecraft.acacia_stairs":15,"stat.useItem.minecraft.iron_axe":2320,"stat.useItem.minecraft.orange_glazed_terracotta":92,"stat.mineBlock.minecraft.silver_glazed_terracotta":23,"stat.mineBlock.minecraft.yellow_flower":481,"stat.useItem.minecraft.skull":43,"stat.craftItem.minecraft.wool":431,"stat.drop.minecraft.saddle":1,"stat.useItem.minecraft.concrete_powder":14917,"stat.pickup.minecraft.enchanted_book":4,"stat.pickup.minecraft.glowstone":170,"stat.pickup.minecraft.writable_book":2,"stat.useItem.minecraft.obsidian":568,"stat.pickup.minecraft.bow":38,"stat.pickup.minecraft.white_glazed_terracotta":40,"stat.craftItem.minecraft.dark_oak_door":51,"stat.craftItem.minecraft.beetroot_soup":368,"stat.pickup.minecraft.chorus_fruit_popped":21,"stat.useItem.minecraft.egg":784,"stat.craftItem.minecraft.spruce_boat":20,"stat.pickup.minecraft.nether_wart_block":48,"stat.pickup.minecraft.coal_ore":470,"stat.craftItem.minecraft.cooked_beef":184,"stat.mineBlock.minecraft.obsidian":525,"stat.pickup.minecraft.shears":4,"stat.craftItem.minecraft.bow":11,"stat.pickup.minecraft.iron_trapdoor":3,"stat.craftItem.minecraft.red_sandstone_stairs":40,"stat.flyOneCm":27110312,"stat.pickup.minecraft.sandstone":1011,"stat.pickup.minecraft.nether_brick_stairs":46,"stat.pickup.minecraft.fish":55,"stat.craftItem.minecraft.stained_glass":7376,"stat.timeSinceDeath":50123,"stat.pickup.minecraft.quartz_ore":227,"stat.craftItem.minecraft.painting":5,"stat.cauldronFilled":1,"stat.craftItem.minecraft.purpur_block":4064,"stat.killEntity.Bat":3,"stat.useItem.minecraft.potato":147,"stat.pickup.minecraft.chainmail_helmet":8,"stat.pickup.minecraft.nether_wart":1490,"stat.pickup.minecraft.spruce_fence":83,"stat.mineBlock.minecraft.enchanting_table":1,"stat.craftItem.minecraft.concrete_powder":13648,"stat.mineBlock.minecraft.coal_ore":3424,"stat.pickup.minecraft.shield":5,"stat.craftItem.minecraft.stone_hoe":1,"stat.talkedToVillager":453,"stat.drop.minecraft.baked_potato":5,"stat.mineBlock.minecraft.red_mushroom_block":472,"stat.pickup.minecraft.string":44,"stat.craftItem.minecraft.golden_helmet":1,"stat.craftItem.minecraft.blue_glazed_terracotta":64,"stat.mineBlock.minecraft.ladder":607,"stat.useItem.minecraft.written_book":32,"stat.mineBlock.minecraft.chorus_flower":384,"stat.useItem.minecraft.dragon_egg":1,"stat.useItem.minecraft.diamond_shovel":58332,"stat.pickup.minecraft.bone_block":444,"stat.mineBlock.minecraft.diamond_ore":117,"stat.pickup.minecraft.fireworks":808,"stat.craftItem.minecraft.wooden_pressure_plate":10,"stat.craftItem.minecraft.white_glazed_terracotta":111,"stat.breakItem.minecraft.iron_shovel":2,"stat.useItem.minecraft.ladder":2080,"stat.pickup.minecraft.snowball":226,"stat.mineBlock.minecraft.brown_glazed_terracotta":9,"stat.useItem.minecraft.birch_stairs":36,"stat.killEntity.Guardian":8,"stat.diveOneCm":7349886,"stat.useItem.minecraft.sticky_piston":1,"stat.craftItem.minecraft.ladder":1044,"stat.mineBlock.minecraft.stone_button":5,"stat.pickup.minecraft.stone_axe":1,"stat.pickup.minecraft.stained_glass_pane":54,"stat.craftItem.minecraft.diamond_sword":9,"stat.drop.minecraft.sandstone":23,"stat.jump":145962,"stat.useItem.minecraft.sand":1234,"stat.mineBlock.minecraft.observer":4,"stat.mineBlock.minecraft.light_blue_glazed_terracotta":6,"stat.craftItem.minecraft.torch":8664,"stat.drop.minecraft.glowstone":5,"stat.mineBlock.minecraft.purpur_block":105,"stat.mineBlock.minecraft.spruce_fence_gate":5,"stat.useItem.minecraft.glass":451,"stat.useItem.minecraft.sapling":967,"stat.pickup.minecraft.gold_ore":122,"stat.mineBlock.minecraft.glass_pane":59,"stat.damageTaken":174647,"stat.useItem.minecraft.red_shulker_box":1,"stat.mineBlock.minecraft.melon_block":1,"stat.useItem.minecraft.gold_block":12,"stat.mineBlock.minecraft.sapling":116,"stat.useItem.minecraft.carrot_on_a_stick":1,"stat.pickup.minecraft.log2":3004,"stat.useItem.minecraft.purple_shulker_box":40,"stat.pickup.minecraft.bed":34,"stat.cauldronUsed":4,"stat.pickup.minecraft.concrete":228,"stat.pickup.minecraft.quartz_block":133,"stat.pickup.minecraft.acacia_fence":7,"stat.pickup.minecraft.potato":363,"stat.entityKilledBy.Zombie":3,"stat.useItem.minecraft.pink_glazed_terracotta":2,"stat.craftItem.minecraft.stone_slab":5505,"stat.animalsBred":690,"stat.useItem.minecraft.chest":425,"stat.mineBlock.minecraft.light_blue_shulker_box":160,"stat.useItem.minecraft.observer":6,"stat.useItem.minecraft.birch_fence_gate":4,"stat.shulkerBoxOpened":2422,"stat.craftItem.minecraft.iron_chestplate":39,"stat.pickup.minecraft.baked_potato":527,"stat.pickup.minecraft.ender_pearl":2010,"stat.drop.minecraft.wooden_slab":6,"stat.pickup.minecraft.ladder":1452,"stat.useItem.minecraft.netherrack":3408,"stat.craftItem.minecraft.stained_glass_pane":208,"stat.mineBlock.minecraft.tnt":3,"stat.craftItem.minecraft.bookshelf":160,"stat.mineBlock.minecraft.stonebrick":8617,"stat.mineBlock.minecraft.gray_glazed_terracotta":15,"stat.craftItem.minecraft.purpur_stairs":2156,"stat.mineBlock.minecraft.glowstone":148,"stat.craftItem.minecraft.shears":47,"stat.craftItem.minecraft.golden_shovel":1,"stat.useItem.minecraft.cobblestone_wall":256,"stat.breakItem.minecraft.diamond_shovel":1,"stat.breakItem.minecraft.chainmail_helmet":1,"stat.useItem.minecraft.writable_book":13,"stat.pickup.minecraft.torch":7752,"stat.mineBlock.minecraft.red_glazed_terracotta":2,"stat.pickup.minecraft.spruce_boat":75,"stat.useItem.minecraft.purpur_slab":239,"stat.drop.minecraft.arrow":2,"stat.craftItem.minecraft.compass":88,"stat.pickup.minecraft.jungle_boat":5,"stat.useItem.minecraft.end_bricks":1855,"stat.pickup.minecraft.deadbush":68,"stat.craftItem.minecraft.iron_axe":12,"stat.mineBlock.minecraft.purple_shulker_box":40,"stat.pickup.minecraft.lapis_block":1,"stat.drop.minecraft.red_nether_brick":6,"stat.useItem.minecraft.planks":7743,"stat.useItem.minecraft.nether_brick_stairs":91,"stat.pickup.minecraft.porkchop":11,"stat.pickup.minecraft.glass":338,"stat.useItem.minecraft.red_sandstone_stairs":60,"stat.useItem.minecraft.water_bucket":321,"stat.pickup.minecraft.sand":22838,"stat.craftItem.minecraft.dark_oak_fence":87,"stat.pickup.minecraft.hardened_clay":2705,"stat.useItem.minecraft.red_nether_brick":213,"stat.pickup.minecraft.name_tag":5,"stat.drop.minecraft.hardened_clay":1,"stat.useItem.minecraft.record_cat":4,"stat.aviateOneCm":129073676,"stat.useItem.minecraft.ender_pearl":1930,"stat.useItem.minecraft.brown_mushroom":14,"stat.craftItem.minecraft.cooked_fish":20,"stat.craftItem.minecraft.blaze_powder":8,"stat.useItem.minecraft.red_glazed_terracotta":28,"stat.useItem.minecraft.oak_stairs":17,"stat.craftItem.minecraft.golden_carrot":5,"stat.mineBlock.minecraft.dark_oak_stairs":162,"stat.mineBlock.minecraft.white_glazed_terracotta":40,"stat.useItem.minecraft.dark_oak_stairs":642,"stat.drop.minecraft.stone_slab":64,"stat.pickup.minecraft.fence_gate":9,"stat.mineBlock.minecraft.birch_stairs":28,"stat.pickup.minecraft.filled_map":168,"stat.pickup.minecraft.furnace":147,"stat.useItem.minecraft.redstone":466,"stat.mineBlock.minecraft.end_bricks":592,"stat.mineBlock.minecraft.redstone_lamp":5,"stat.pickup.minecraft.end_rod":38,"stat.pickup.minecraft.iron_chestplate":40,"stat.useItem.minecraft.stone_stairs":322,"stat.pickup.minecraft.skull":52,"stat.craftItem.minecraft.nether_wart_block":29,"stat.mineBlock.minecraft.red_shulker_box":2,"stat.useItem.minecraft.hopper":29,"stat.craftItem.minecraft.heavy_weighted_pressure_plate":4,"stat.mineBlock.minecraft.oak_stairs":4,"stat.playOneMinute":32134043,"stat.pickup.minecraft.birch_door":21,"stat.drop.minecraft.string":1,"stat.useItem.minecraft.shears":3096,"stat.mineBlock.minecraft.brown_mushroom_block":152,"stat.pickup.minecraft.iron_bars":197,"stat.pickup.minecraft.dispenser":5,"stat.pickup.minecraft.red_glazed_terracotta":2,"stat.mineBlock.minecraft.dark_oak_fence":20,"stat.craftItem.minecraft.carpet":4668,"stat.mineBlock.minecraft.netherrack":73560,"stat.mineBlock.minecraft.dispenser":5,"stat.craftItem.minecraft.dark_oak_stairs":588,"stat.drop.minecraft.flint":36,"stat.useItem.minecraft.quartz_ore":227,"stat.craftItem.minecraft.iron_nugget":9,"stat.pickup.minecraft.cooked_chicken":5,"stat.fallOneCm":4415068,"stat.drop.minecraft.dye":266,"stat.craftItem.minecraft.chest":248,"stat.craftItem.minecraft.banner":185,"stat.useItem.minecraft.nether_brick_fence":47,"stat.mineBlock.minecraft.lever":4,"stat.pickup.minecraft.red_mushroom":167,"stat.useItem.minecraft.iron_hoe":365,"stat.craftItem.minecraft.end_bricks":1524,"stat.drop.minecraft.leaves2":36,"stat.pickup.minecraft.feather":86,"stat.drop.minecraft.iron_leggings":5,"stat.mineBlock.minecraft.red_nether_brick":142,"stat.pickup.minecraft.record_cat":3,"stat.drop.minecraft.concrete":1,"stat.mineBlock.minecraft.spruce_fence":17,"stat.useItem.minecraft.yellow_shulker_box":154,"stat.craftItem.minecraft.dark_oak_fence_gate":5,"stat.pickup.minecraft.lead":3,"stat.useItem.minecraft.stone_pickaxe":1118,"stat.craftItem.minecraft.birch_stairs":8,"stat.useItem.minecraft.stone_sword":27,"stat.craftItem.minecraft.iron_leggings":41,"stat.killEntity.Rabbit":1,"stat.pickup.minecraft.redstone_ore":182,"stat.craftItem.minecraft.oak_stairs":28,"stat.entityKilledBy.Ghast":1,"stat.pickup.minecraft.chainmail_boots":24,"stat.craftItem.minecraft.golden_pickaxe":2,"stat.drop.minecraft.stick":78,"stat.useItem.minecraft.iron_bars":490,"stat.pickup.minecraft.record_13":1,"stat.mineBlock.minecraft.monster_egg":14,"stat.mineBlock.minecraft.quartz_stairs":44,"stat.useItem.minecraft.bone_block":1945,"stat.craftItem.minecraft.magenta_glazed_terracotta":64,"stat.killEntity.LavaSlime":28,"stat.pickup.minecraft.log":5079,"stat.useItem.minecraft.brown_glazed_terracotta":71,"stat.pickup.minecraft.tallgrass":26,"stat.breakItem.minecraft.iron_helmet":1,"stat.pickup.minecraft.chainmail_leggings":10,"stat.pickup.minecraft.wooden_door":15,"stat.entityKilledBy.Enderman":1,"stat.mineBlock.minecraft.iron_block":217,"stat.useItem.minecraft.beetroot_soup":364,"stat.pickup.minecraft.diamond_helmet":13,"stat.useItem.minecraft.jungle_door":2,"stat.craftItem.minecraft.cooked_chicken":87,"stat.useItem.minecraft.stone_hoe":6,"stat.craftItem.minecraft.golden_boots":2,"stat.useItem.minecraft.beetroot_seeds":1600,"stat.sneakTime":1372016,"stat.mineBlock.minecraft.cobblestone_wall":183,"stat.mineBlock.minecraft.yellow_shulker_box":154,"stat.useItem.minecraft.brewing_stand":3,"stat.useItem.minecraft.beetroot":92,"stat.pickup.minecraft.chest":406,"stat.craftItem.minecraft.enchanting_table":1,"stat.useItem.minecraft.web":21,"stat.craftItem.minecraft.leather_leggings":5,"stat.useItem.minecraft.lapis_block":1,"stat.pickup.minecraft.stone_pressure_plate":96,"stat.pickup.minecraft.lit_pumpkin":17,"stat.drop.minecraft.beetroot":67,"stat.useItem.minecraft.repeater":55,"stat.drop.minecraft.leather_helmet":2,"stat.craftItem.minecraft.stone_brick_stairs":4432,"stat.useItem.minecraft.silver_glazed_terracotta":214,"stat.craftItem.minecraft.iron_trapdoor":10,"stat.swimOneCm":2535803,"stat.mineBlock.minecraft.spruce_stairs":47,"stat.drop.minecraft.brown_mushroom":1,"stat.useItem.minecraft.dirt":14184,"stat.pickup.minecraft.purpur_block":231,"stat.pickup.minecraft.enchanting_table":1,"stat.craftItem.minecraft.melon_block":359,"stat.drop.minecraft.ender_pearl":8,"stat.mineBlock.minecraft.magma":638,"stat.pickup.minecraft.quartz_stairs":44,"stat.mineBlock.minecraft.carpet":409,"stat.pickup.minecraft.gold_block":3,"stat.mineBlock.minecraft.redstone_block":154,"stat.useItem.minecraft.stone_shovel":87,"stat.pickup.minecraft.clay":8,"stat.pickup.minecraft.glass_bottle":10,"stat.useItem.minecraft.red_mushroom":138,"stat.drop.minecraft.wheat_seeds":315,"stat.craftItem.minecraft.wooden_slab":1412,"stat.useItem.minecraft.sign":722,"stat.drop.minecraft.log":2,"stat.pickup.minecraft.mutton":11,"stat.useItem.minecraft.lever":8,"stat.mineBlock.minecraft.coal_block":5,"stat.pickup.minecraft.dark_oak_door":20,"stat.craftItem.minecraft.red_sandstone":104,"stat.pickup.minecraft.stonebrick":10797,"stat.pickup.minecraft.redstone_lamp":5,"stat.drop.minecraft.beetroot_seeds":64,"stat.useItem.minecraft.acacia_stairs":36,"stat.mineBlock.minecraft.nether_brick":421,"stat.craftItem.minecraft.nether_brick_fence":42,"stat.mineBlock.minecraft.red_sandstone_stairs":20,"stat.pickup.minecraft.gray_glazed_terracotta":15,"stat.useItem.minecraft.stone_slab":4980,"stat.useItem.minecraft.bed":63,"stat.craftItem.minecraft.stone":11708,"stat.craftItem.minecraft.armor_stand":60,"stat.mineBlock.minecraft.crafting_table":82,"stat.useItem.minecraft.diamond_pickaxe":165299,"stat.mineBlock.minecraft.quartz_block":79,"stat.useItem.minecraft.carrot":642,"stat.killEntity.Endermite":11,"stat.useItem.minecraft.bucket":795,"stat.craftItem.minecraft.pink_glazed_terracotta":64,"stat.pickup.minecraft.stone_button":8,"stat.pickup.minecraft.slime_ball":55,"stat.useItem.minecraft.purpur_block":732,"stat.craftItem.minecraft.diamond_pickaxe":35,"stat.craftItem.minecraft.clay":24,"stat.craftItem.minecraft.jukebox":1,"stat.drop.minecraft.wooden_pickaxe":1,"stat.pickup.minecraft.gravel":9383,"stat.useItem.minecraft.glass_bottle":53,"stat.useItem.minecraft.diamond_axe":13200,"stat.pickup.minecraft.purpur_stairs":629,"stat.pickup.minecraft.red_shulker_box":2,"stat.useItem.minecraft.stained_glass_pane":179,"stat.pickup.minecraft.stone_brick_stairs":1187,"stat.pickup.minecraft.diamond_sword":21,"stat.killEntity.SkeletonHorse":1,"stat.pickup.minecraft.iron_helmet":37,"stat.craftItem.minecraft.birch_boat":1,"stat.pickup.minecraft.black_shulker_box":41,"stat.useItem.minecraft.piston":87,"stat.craftItem.minecraft.bread":975,"stat.pickup.minecraft.spider_eye":13,"stat.useItem.minecraft.mycelium":419,"stat.useItem.minecraft.stone_button":19,"stat.useItem.minecraft.cooked_chicken":92,"stat.pickup.minecraft.iron_ore":778,"stat.mineBlock.minecraft.iron_bars":163,"stat.pickup.minecraft.leaves":513,"stat.pickup.minecraft.leather":510,"stat.useItem.minecraft.wooden_pickaxe":6,"stat.mineBlock.minecraft.mycelium":612,"stat.dispenserInspected":38,"stat.pickup.minecraft.reeds":2264,"stat.pickup.minecraft.prismarine_crystals":9,"stat.useItem.minecraft.magma":241,"stat.craftItem.minecraft.glass":5730,"stat.craftItem.minecraft.cauldron":3,"stat.sleepInBed":324,"stat.craftItem.minecraft.baked_potato":908,"stat.killEntity.Cow":97,"stat.pickup.minecraft.minecart":6,"stat.killEntity.Pig":6,"stat.craftItem.minecraft.iron_sword":16,"stat.pickup.minecraft.piston":55,"stat.walkOneCm":86571987,"stat.pickup.minecraft.clay_ball":140,"stat.useItem.minecraft.dark_oak_fence_gate":5,"stat.pickup.minecraft.purpur_slab":94,"stat.useItem.minecraft.spruce_boat":88,"stat.pickup.minecraft.tnt":238,"stat.drop.minecraft.iron_chestplate":5,"stat.pickup.minecraft.stone":41644,"stat.mineBlock.minecraft.wool":2267,"stat.pickup.minecraft.silver_glazed_terracotta":23,"stat.drop.minecraft.diamond_leggings":1,"stat.craftItem.minecraft.hay_block":58,"stat.useItem.minecraft.red_mushroom_block":20,"stat.mineBlock.minecraft.packed_ice":532,"stat.useItem.minecraft.leaves":17,"stat.craftItem.minecraft.minecart":4,"stat.useItem.minecraft.prismarine":531,"stat.killEntity.Skeleton":725,"stat.mineBlock.minecraft.cactus":31,"stat.pickup.minecraft.netherbrick":358,"stat.mineBlock.minecraft.redstone_torch":26,"stat.killEntity.Spider":14,"stat.pickup.minecraft.bread":259,"stat.craftItem.minecraft.spruce_fence":120,"stat.pickup.minecraft.quartz":2406,"stat.pickup.minecraft.birch_fence":50,"stat.pickup.minecraft.water_bucket":7,"stat.breakItem.minecraft.iron_axe":2,"stat.pickup.minecraft.spruce_stairs":160,"stat.mineBlock.minecraft.redstone_ore":749,"stat.pickup.minecraft.elytra":18,"stat.pickup.minecraft.lava_bucket":2,"stat.craftItem.minecraft.coal_block":30,"stat.mineBlock.minecraft.stone":66049,"stat.useItem.minecraft.sandstone":942}