{"stat.craftItem.minecraft.chorus_fruit_popped":32,"stat.useItem.minecraft.bow":6508,"stat.drop.minecraft.gunpowder":1733,"stat.drop.minecraft.redstone":1892,"stat.pickup.minecraft.dark_oak_boat":14,"stat.mineBlock.minecraft.stained_glass":2381,"stat.drop.minecraft.enchanted_book":36,"stat.mineBlock.minecraft.web":59,"stat.drop.minecraft.coal_block":28,"stat.drop.minecraft.iron_sword":30,"stat.pickup.minecraft.rotten_flesh":4108,"stat.drop.minecraft.redstone_torch":184,"stat.mineBlock.minecraft.purpur_stairs":60,"stat.drop.minecraft.golden_horse_armor":1,"stat.craftItem.minecraft.stone_axe":3,"stat.drop.minecraft.leather_boots":37,"stat.useItem.minecraft.vine":43,"stat.pickup.minecraft.cobblestone_wall":34,"stat.pickup.minecraft.bucket":54,"stat.useItem.minecraft.rail":5791,"stat.killEntity.Enderman":28972,"stat.drop.minecraft.elytra":10,"stat.useItem.minecraft.anvil":90,"stat.craftItem.minecraft.iron_shovel":62,"stat.mineBlock.minecraft.emerald_block":2,"stat.pickup.minecraft.brown_mushroom":543,"stat.mineBlock.minecraft.end_stone":503,"stat.killEntity.Villager":24,"stat.useItem.minecraft.iron_pickaxe":4505,"stat.drop.minecraft.sandstone_stairs":7,"stat.pickup.minecraft.stained_hardened_clay":1768,"stat.drop.minecraft.ender_eye":60,"stat.pickup.minecraft.double_plant":1802,"stat.craftItem.minecraft.glass_pane":416,"stat.useItem.minecraft.hardened_clay":190,"stat.drop.minecraft.diamond_chestplate":5,"stat.pickup.minecraft.light_weighted_pressure_plate":1,"stat.mineBlock.minecraft.sticky_piston":197,"stat.pickup.minecraft.wooden_shovel":1,"stat.furnaceInteraction":3513,"stat.useItem.minecraft.nether_wart":120311,"stat.mineBlock.minecraft.chorus_plant":405,"stat.pickup.minecraft.nether_brick":26159,"stat.drop.minecraft.chorus_fruit":241,"stat.entityKilledBy.WitherSkeleton":2,"stat.pickup.minecraft.sponge":309,"stat.craftItem.minecraft.leather_helmet":1,"stat.useItem.minecraft.green_shulker_box":216,"stat.useItem.minecraft.end_stone":166,"stat.mineBlock.minecraft.wooden_button":39,"stat.drop.minecraft.cactus":379,"stat.useItem.minecraft.red_sandstone":7,"stat.pickup.minecraft.hay_block":1,"stat.drop.minecraft.magma":7,"stat.useItem.minecraft.fence":183,"stat.drop.minecraft.furnace":45,"stat.useItem.minecraft.acacia_fence":37,"stat.craftItem.minecraft.daylight_detector":61,"stat.mineBlock.minecraft.sponge":214,"stat.useItem.minecraft.cauldron":9,"stat.mineBlock.minecraft.fence":129,"stat.useItem.minecraft.flint_and_steel":1822,"stat.useItem.minecraft.wheat_seeds":4354,"stat.mineBlock.minecraft.sea_lantern":98,"stat.drop.minecraft.nether_brick_stairs":1046,"stat.drop.minecraft.cooked_fish":328,"stat.killEntity.Husk":29,"stat.pickup.minecraft.emerald":1402,"stat.craftItem.minecraft.dark_oak_boat":15,"stat.pickup.minecraft.lever":446,"stat.deaths":130,"stat.pickup.minecraft.bowl":5,"stat.pickup.minecraft.egg":681,"stat.craftItem.minecraft.melon_seeds":124,"stat.mineBlock.minecraft.brown_shulker_box":122,"stat.craftItem.minecraft.item_frame":214,"stat.craftItem.minecraft.wooden_shovel":4,"stat.craftItem.minecraft.iron_pickaxe":27,"stat.pickup.minecraft.glass_pane":54,"stat.pickup.minecraft.sea_lantern":796,"stat.pickup.minecraft.item_frame":64,"stat.craftItem.minecraft.repeater":1282,"stat.drop.minecraft.iron_ingot":4620,"stat.craftItem.minecraft.cooked_mutton":215,"stat.pickup.minecraft.cooked_mutton":337,"stat.chestOpened":25651,"stat.useItem.minecraft.lapis_ore":50,"stat.craftItem.minecraft.sign":399,"stat.pickup.minecraft.iron_sword":19,"stat.killEntity.Vex":155,"stat.pickup.minecraft.lapis_ore":125,"stat.craftItem.minecraft.quartz_block":262,"stat.pickup.minecraft.gold_nugget":846,"stat.entityKilledBy.Vex":2,"stat.pickup.minecraft.chorus_flower":2,"stat.craftItem.minecraft.coal":3920,"stat.craftItem.minecraft.ender_chest":14,"stat.pickup.minecraft.carrot":4077,"stat.drop.minecraft.stone_sword":107,"stat.crouchOneCm":26072203,"stat.pickup.minecraft.rail":3699,"stat.craftItem.minecraft.iron_ingot":32529,"stat.pickup.minecraft.ender_chest":252,"stat.drop.minecraft.slime_ball":2606,"stat.craftingTableInteraction":3224,"stat.mineBlock.minecraft.wooden_pressure_plate":4,"stat.useItem.minecraft.light_blue_shulker_box":96,"stat.pickup.minecraft.repeater":729,"stat.pickup.minecraft.mushroom_stew":1,"stat.mineBlock.minecraft.log2":10215,"stat.drop.minecraft.double_plant":109,"stat.pickup.minecraft.wooden_pickaxe":7,"stat.useItem.minecraft.dark_oak_fence":224,"stat.drop.minecraft.rabbit":2,"stat.pickup.minecraft.dye":3035,"stat.pickup.minecraft.planks":1382,"stat.drop.minecraft.minecart":70,"stat.drop.minecraft.soul_sand":8,"stat.drop.minecraft.carpet":767,"stat.mineBlock.minecraft.ender_chest":218,"stat.pickup.minecraft.ice":2313,"stat.mineBlock.minecraft.daylight_detector":8,"stat.flowerPotted":3,"stat.drop.minecraft.rotten_flesh":4022,"stat.pickup.minecraft.magma":2787,"stat.mineBlock.minecraft.activator_rail":1,"stat.drop.minecraft.coal_ore":127,"stat.drop.minecraft.iron_door":3,"stat.drop.minecraft.glass_pane":15,"stat.drop.minecraft.iron_ore":141,"stat.drop.minecraft.sapling":337,"stat.pickup.minecraft.chicken":284,"stat.drop.minecraft.gold_nugget":475,"stat.drop.minecraft.blue_shulker_box":1,"stat.pickup.minecraft.end_stone":536,"stat.useItem.minecraft.glass_pane":143,"stat.pickup.minecraft.coal_block":357,"stat.drop.minecraft.fish":503,"stat.drop.minecraft.trapped_chest":4,"stat.craftItem.minecraft.bucket":1203,"stat.craftItem.minecraft.planks":62497,"stat.useItem.minecraft.iron_sword":625,"stat.mineBlock.minecraft.prismarine":34,"stat.pickup.minecraft.stone_sword":67,"stat.craftItem.minecraft.fishing_rod":226,"stat.drop.minecraft.comparator":20,"stat.useItem.minecraft.daylight_detector":70,"stat.useItem.minecraft.stonebrick":10860,"stat.pickup.minecraft.book":189,"stat.craftItem.minecraft.wooden_door":30,"stat.mineBlock.minecraft.waterlily":450,"stat.drop.minecraft.leather_leggings":23,"stat.pickup.minecraft.iron_door":22,"stat.pickup.minecraft.red_nether_brick":5742,"stat.drop.minecraft.sea_lantern":28,"stat.pickup.minecraft.cooked_fish":581,"stat.breakItem.minecraft.leather_leggings":2,"stat.craftItem.minecraft.spruce_door":1440,"stat.pickup.minecraft.tripwire_hook":163,"stat.drop.minecraft.observer":47,"stat.pickup.minecraft.bookshelf":47,"stat.pickup.minecraft.spruce_fence_gate":5,"stat.mineBlock.minecraft.cobblestone":2562,"stat.mineBlock.minecraft.pumpkin":647,"stat.useItem.minecraft.beacon":45,"stat.pickup.minecraft.stone_pickaxe":7,"stat.pickup.minecraft.flint":532,"stat.craftItem.minecraft.quartz_stairs":4,"stat.drop.minecraft.beacon":2,"stat.pickup.minecraft.leather_chestplate":12,"stat.mineBlock.minecraft.concrete":7992,"stat.pickup.minecraft.flower_pot":6,"stat.mineBlock.minecraft.stained_glass_pane":444,"stat.drop.minecraft.purpur_slab":9,"stat.drop.minecraft.end_bricks":20,"stat.pickup.minecraft.lime_shulker_box":88,"stat.drop.minecraft.cobblestone":5741,"stat.pickup.minecraft.cooked_porkchop":472,"stat.useItem.minecraft.coal_block":1,"stat.breakItem.minecraft.iron_pickaxe":9,"stat.mineBlock.minecraft.dropper":108,"stat.useItem.minecraft.stone_slab2":8,"stat.pickup.minecraft.iron_boots":11,"stat.pickup.minecraft.diamond_horse_armor":1,"stat.pickup.minecraft.stone_hoe":3,"stat.craftItem.minecraft.furnace":91,"stat.craftItem.minecraft.lapis_block":96,"stat.drop.minecraft.golden_helmet":32,"stat.craftItem.minecraft.iron_boots":26,"stat.drop.minecraft.cooked_rabbit":2,"stat.pickup.minecraft.record_chirp":2,"stat.useItem.minecraft.spruce_fence_gate":11,"stat.drop.minecraft.record_cat":1,"stat.mineBlock.minecraft.clay":96,"stat.mineBlock.minecraft.noteblock":50,"stat.pickup.minecraft.diamond_leggings":39,"stat.drop.minecraft.iron_helmet":42,"stat.drop.minecraft.chainmail_chestplate":11,"stat.drop.minecraft.snow_layer":2,"stat.useItem.minecraft.melon_block":14,"stat.useItem.minecraft.wooden_slab":1596,"stat.drop.minecraft.spider_eye":8598,"stat.craftItem.minecraft.beacon":9,"stat.useItem.minecraft.iron_door":36,"stat.craftItem.minecraft.iron_block":30214,"stat.craftItem.minecraft.stonebrick":10909,"stat.useItem.minecraft.brown_shulker_box":124,"stat.breakItem.minecraft.diamond_pickaxe":5,"stat.craftItem.minecraft.end_rod":60,"stat.drop.minecraft.stained_glass":1238,"stat.drop.minecraft.flint_and_steel":30,"stat.drop.minecraft.wool":212,"stat.killEntity.Creeper":451,"stat.useItem.minecraft.armor_stand":44,"stat.drop.minecraft.ender_chest":15,"stat.useItem.minecraft.silver_shulker_box":10,"stat.craftItem.minecraft.jungle_stairs":8,"stat.pickup.minecraft.brown_shulker_box":123,"stat.entityKilledBy.Skeleton":13,"stat.drop.minecraft.obsidian":98,"stat.drop.minecraft.birch_fence":6,"stat.drop.minecraft.oak_stairs":5,"stat.pickup.minecraft.birch_stairs":1,"stat.killEntity.Squid":72,"stat.useItem.minecraft.dropper":484,"stat.sprintOneCm":89677607,"stat.mineBlock.minecraft.stone_slab":10107,"stat.drop.minecraft.leather":25,"stat.useItem.minecraft.hay_block":2,"stat.drop.minecraft.dark_oak_door":6,"stat.drop.minecraft.stone_hoe":8,"stat.useItem.minecraft.snowball":118,"stat.entityKilledBy.VindicationIllager":1,"stat.drop.minecraft.cauldron":2,"stat.pickup.minecraft.leather_leggings":9,"stat.craftItem.minecraft.redstone_lamp":136,"stat.drop.minecraft.boat":9,"stat.drop.minecraft.cobblestone_wall":1243,"stat.pickup.minecraft.sugar":2371,"stat.pickup.minecraft.vine":134,"stat.craftItem.minecraft.leather_chestplate":10,"stat.useItem.minecraft.cake":2,"stat.useItem.minecraft.banner":13,"stat.drop.minecraft.golden_rail":224,"stat.craftItem.minecraft.emerald":6683,"stat.pickup.minecraft.iron_block":9718,"stat.killEntity.Zombie":4797,"stat.craftItem.minecraft.dye":22089,"stat.craftItem.minecraft.diamond_axe":30,"stat.mineBlock.minecraft.gold_ore":471,"stat.pickup.minecraft.fire_charge":353,"stat.drop.minecraft.diamond_pickaxe":25,"stat.craftItem.minecraft.slime_ball":3114,"stat.pickup.minecraft.wheat":8376,"stat.craftItem.minecraft.sandstone":1445,"stat.mineBlock.minecraft.mossy_cobblestone":376,"stat.drop.minecraft.stone_stairs":48,"stat.drop.minecraft.purpur_stairs":28,"stat.pickup.minecraft.sign":385,"stat.drop.minecraft.bookshelf":13,"stat.craftItem.minecraft.cooked_porkchop":747,"stat.pickup.minecraft.obsidian":1301,"stat.useItem.minecraft.iron_trapdoor":150,"stat.pickup.minecraft.coal":9016,"stat.pickup.minecraft.iron_ingot":165626,"stat.useItem.minecraft.dark_oak_boat":18,"stat.craftItem.minecraft.lever":934,"stat.drop.minecraft.diamond_sword":28,"stat.pickup.minecraft.gunpowder":2015,"stat.pickup.minecraft.dirt":42466,"stat.useItem.minecraft.coal_ore":1234,"stat.drop.minecraft.iron_shovel":48,"stat.craftItem.minecraft.sponge":126,"stat.useItem.minecraft.dispenser":248,"stat.mineBlock.minecraft.lapis_ore":241,"stat.pickup.minecraft.red_sandstone":4,"stat.pickup.minecraft.iron_axe":6,"stat.pickup.minecraft.cookie":9,"stat.brewingstandInteraction":424,"stat.useItem.minecraft.stone_brick_stairs":583,"stat.mineBlock.minecraft.torch":2465,"stat.mineBlock.minecraft.red_flower":88,"stat.pickup.minecraft.written_book":22,"stat.tradedWithVillager":6497,"stat.useItem.minecraft.acacia_door":1,"stat.pickup.minecraft.magma_cream":377,"stat.pickup.minecraft.ender_eye":31,"stat.noteblockTuned":895,"stat.craftItem.minecraft.comparator":689,"stat.craftItem.minecraft.glowstone":15440,"stat.drop.minecraft.nether_star":2,"stat.useItem.minecraft.slime":1529,"stat.useItem.minecraft.birch_fence":122,"stat.mineBlock.minecraft.fence_gate":27,"stat.pickup.minecraft.diamond_axe":44,"stat.pickup.minecraft.rabbit_hide":8,"stat.useItem.minecraft.snow_layer":84,"stat.pickup.minecraft.shulker_shell":562,"stat.mineBlock.minecraft.birch_fence":116,"stat.pickup.minecraft.green_shulker_box":215,"stat.drop.minecraft.item_frame":4,"stat.drop.minecraft.wheat":1090,"stat.drop.minecraft.noteblock":8,"stat.pickup.minecraft.diamond_pickaxe":78,"stat.useItem.minecraft.pumpkin":1644,"stat.pickup.minecraft.noteblock":64,"stat.useItem.minecraft.tnt":608,"stat.useItem.minecraft.lava_bucket":1572,"stat.useItem.minecraft.gold_ore":19,"stat.drop.minecraft.netherrack":8122,"stat.craftItem.minecraft.wheat":126,"stat.useItem.minecraft.item_frame":239,"stat.drop.minecraft.record_chirp":1,"stat.useItem.minecraft.stained_hardened_clay":462,"stat.drop.minecraft.egg":8670,"stat.useItem.minecraft.redstone_ore":226,"stat.pickup.minecraft.cooked_beef":1809,"stat.useItem.minecraft.concrete":7920,"stat.killEntity.Stray":1,"stat.drop.minecraft.lit_pumpkin":512,"stat.drop.minecraft.nether_brick":3735,"stat.drop.minecraft.lever":225,"stat.mineBlock.minecraft.purpur_slab":16,"stat.craftItem.minecraft.cookie":9,"stat.mobKills":52507,"stat.pickup.minecraft.diamond_boots":50,"stat.mineBlock.minecraft.bookshelf":89,"stat.drop.minecraft.written_book":7,"stat.useItem.minecraft.boat":54,"stat.useItem.minecraft.mossy_cobblestone":18,"stat.craftItem.minecraft.lead":14,"stat.pickup.minecraft.diamond":358,"stat.pickup.minecraft.beetroot_seeds":30,"stat.pickup.minecraft.brown_mushroom_block":110,"stat.craftItem.minecraft.nether_brick_stairs":16104,"stat.craftItem.minecraft.map":24,"stat.useItem.minecraft.string":260,"stat.drop.minecraft.mutton":2,"stat.useItem.minecraft.bookshelf":82,"stat.useItem.minecraft.soul_sand":1270,"stat.killEntity.Blaze":4493,"stat.drop.minecraft.shield":2,"stat.drop.minecraft.skull":22,"stat.useItem.minecraft.gray_shulker_box":19,"stat.pickup.minecraft.golden_boots":32,"stat.pickup.minecraft.glowstone_dust":1360,"stat.drop.minecraft.bowl":3,"stat.drop.minecraft.wooden_door":13,"stat.mineBlock.minecraft.white_shulker_box":111,"stat.mineBlock.minecraft.red_mushroom":12,"stat.mineBlock.minecraft.stone_brick_stairs":138,"stat.mineBlock.minecraft.nether_brick_fence":1273,"stat.drop.minecraft.poisonous_potato":58,"stat.useItem.minecraft.golden_sword":5,"stat.drop.minecraft.golden_leggings":51,"stat.pickup.minecraft.splash_potion":4,"stat.pickup.minecraft.observer":283,"stat.craftItem.minecraft.fire_charge":13129,"stat.craftItem.minecraft.lit_pumpkin":3903,"stat.craftItem.minecraft.cobblestone_wall":1596,"stat.pickup.minecraft.wooden_hoe":1,"stat.craftItem.minecraft.stone_sword":8,"stat.mineBlock.minecraft.snow_layer":2864,"stat.pickup.minecraft.chainmail_chestplate":8,"stat.mineBlock.minecraft.sand":39477,"stat.craftItem.minecraft.slime":6220,"stat.hopperInspected":3093,"stat.useItem.minecraft.fence_gate":35,"stat.drop.minecraft.diamond":20,"stat.pickup.minecraft.packed_ice":1436,"stat.breakItem.minecraft.flint_and_steel":15,"stat.pickup.minecraft.ghast_tear":60,"stat.craftItem.minecraft.birch_door":3,"stat.pickup.minecraft.armor_stand":24,"stat.trappedChestTriggered":10690,"stat.mineBlock.minecraft.gray_shulker_box":19,"stat.drop.minecraft.rail":3585,"stat.craftItem.minecraft.observer":1029,"stat.craftItem.minecraft.pumpkin_seeds":248,"stat.pickup.minecraft.wooden_button":61,"stat.drop.minecraft.purple_shulker_box":52,"stat.drop.minecraft.green_shulker_box":2,"stat.drop.minecraft.wooden_pressure_plate":32,"stat.useItem.minecraft.minecart":185,"stat.useItem.minecraft.cooked_mutton":355,"stat.drop.minecraft.diamond_helmet":7,"stat.drop.minecraft.stained_hardened_clay":231,"stat.drop.minecraft.wooden_button":23,"stat.drop.minecraft.fishing_rod":7,"stat.drop.minecraft.pumpkin_seeds":11,"stat.drop.minecraft.prismarine_shard":551,"stat.pickup.minecraft.stone_stairs":213,"stat.craftItem.minecraft.fence_gate":28,"stat.pickup.minecraft.pumpkin_seeds":139,"stat.drop.minecraft.fireworks":13150,"stat.drop.minecraft.snowball":795,"stat.pickup.minecraft.saddle":6,"stat.mineBlock.minecraft.soul_sand":3987,"stat.pickup.minecraft.mycelium":1138,"stat.pickup.minecraft.blaze_rod":1118,"stat.drop.minecraft.chest":138,"stat.drop.minecraft.white_shulker_box":2,"stat.pickup.minecraft.netherrack":159853,"stat.pickup.minecraft.pumpkin":2401,"stat.pickup.minecraft.spruce_door":129,"stat.useItem.minecraft.fish":2,"stat.drop.minecraft.hopper":92,"stat.drop.minecraft.packed_ice":296,"stat.pickup.minecraft.waterlily":430,"stat.useItem.minecraft.sponge":144,"stat.mineBlock.minecraft.ice":2602,"stat.craftItem.minecraft.redstone_torch":5754,"stat.pickup.minecraft.detector_rail":24,"stat.useItem.minecraft.packed_ice":1328,"stat.mineBlock.minecraft.gold_block":17,"stat.craftItem.minecraft.iron_hoe":14,"stat.useItem.minecraft.experience_bottle":1,"stat.drop.minecraft.stone":16823,"stat.useItem.minecraft.trapped_chest":1960,"stat.pickup.minecraft.melon_seeds":147,"stat.drop.minecraft.gold_ore":44,"stat.pickup.minecraft.dropper":149,"stat.useItem.minecraft.black_shulker_box":38,"stat.pickup.minecraft.golden_leggings":19,"stat.pickup.minecraft.melon":2049,"stat.drop.minecraft.stained_glass_pane":525,"stat.drop.minecraft.milk_bucket":4,"stat.dropperInspected":803,"stat.mineBlock.minecraft.nether_wart_block":139,"stat.pickup.minecraft.heavy_weighted_pressure_plate":5,"stat.useItem.minecraft.golden_rail":1699,"stat.craftItem.minecraft.detector_rail":24,"stat.drop.minecraft.bone":1047,"stat.craftItem.minecraft.wooden_button":97,"stat.useItem.minecraft.furnace":203,"stat.pickup.minecraft.slime":698,"stat.pickup.minecraft.iron_leggings":19,"stat.killEntity.Llama":9,"stat.mineBlock.minecraft.snow":495,"stat.entityKilledBy.Villager":1,"stat.mineBlock.minecraft.gravel":7910,"stat.drop.minecraft.fence_gate":4,"stat.mineBlock.minecraft.beacon":38,"stat.useItem.minecraft.wool":919,"stat.drop.minecraft.reeds":438,"stat.drop.minecraft.iron_axe":39,"stat.pickup.minecraft.flint_and_steel":47,"stat.mineBlock.minecraft.green_shulker_box":209,"stat.drop.minecraft.record_13":1,"stat.useItem.minecraft.torch":12071,"stat.pickup.minecraft.golden_apple":28,"stat.pickup.minecraft.iron_nugget":423,"stat.craftItem.minecraft.redstone_block":7718,"stat.craftItem.minecraft.stone_stairs":835,"stat.drop.minecraft.diamond_horse_armor":1,"stat.pickup.minecraft.crafting_table":162,"stat.useItem.minecraft.log":284,"stat.useItem.minecraft.comparator":773,"stat.drop.minecraft.tallgrass":4,"stat.craftItem.minecraft.crafting_table":90,"stat.drop.minecraft.end_stone":171,"stat.craftItem.minecraft.boat":10,"stat.pickup.minecraft.iron_hoe":2,"stat.mineBlock.minecraft.emerald_ore":5,"stat.pickup.minecraft.redstone_block":1821,"stat.useItem.minecraft.cooked_fish":108,"stat.drop.minecraft.sign":89,"stat.useItem.minecraft.nether_wart_block":2931,"stat.pickup.minecraft.compass":88,"stat.drop.minecraft.stonebrick":231,"stat.craftItem.minecraft.stone_button":231,"stat.drop.minecraft.planks":447,"stat.pickup.minecraft.sapling":1523,"stat.drop.minecraft.gray_shulker_box":1,"stat.drop.minecraft.melon_seeds":19,"stat.useItem.minecraft.birch_door":1,"stat.drop.minecraft.bow":143,"stat.drop.minecraft.golden_chestplate":38,"stat.killEntity.WitherSkeleton":1779,"stat.useItem.minecraft.wooden_pressure_plate":26,"stat.pickup.minecraft.golden_sword":39,"stat.craftItem.minecraft.sugar":544,"stat.drop.minecraft.cake":1,"stat.pickup.minecraft.rabbit":4,"stat.mineBlock.minecraft.orange_shulker_box":226,"stat.drop.minecraft.bucket":52,"stat.craftItem.minecraft.spruce_fence_gate":7,"stat.useItem.minecraft.baked_potato":165,"stat.pickup.minecraft.stone_slab":14421,"stat.drop.minecraft.yellow_flower":2,"stat.pickup.minecraft.yellow_flower":61,"stat.drop.minecraft.ghast_tear":39,"stat.pickup.minecraft.golden_rail":1017,"stat.useItem.minecraft.fishing_rod":213,"stat.drop.minecraft.stone_pickaxe":8,"stat.craftItem.minecraft.diamond_chestplate":7,"stat.pickup.minecraft.bone":1952,"stat.craftItem.minecraft.sticky_piston":1677,"stat.pickup.minecraft.redstone_torch":849,"stat.horseOneCm":72735,"stat.drop.minecraft.glowstone_dust":1057,"stat.useItem.minecraft.log2":142,"stat.mineBlock.minecraft.slime":398,"stat.drop.minecraft.red_mushroom":127,"stat.drop.minecraft.mossy_cobblestone":50,"stat.drop.minecraft.prismarine_crystals":281,"stat.mineBlock.minecraft.black_shulker_box":38,"stat.mineBlock.minecraft.brown_mushroom":32,"stat.mineBlock.minecraft.acacia_fence":3,"stat.useItem.minecraft.diamond_sword":20117,"stat.craftItem.minecraft.diamond_helmet":5,"stat.climbOneCm":3642861,"stat.drop.minecraft.sticky_piston":41,"stat.useItem.minecraft.end_rod":165,"stat.craftItem.minecraft.gold_block":571,"stat.enderchestOpened":2848,"stat.useItem.minecraft.redstone_torch":1262,"stat.pickup.minecraft.golden_helmet":12,"stat.craftItem.minecraft.purple_shulker_box":201,"stat.drop.minecraft.quartz":51,"stat.drop.minecraft.writable_book":2,"stat.useItem.minecraft.jungle_boat":3,"stat.entityKilledBy.Endermite":1,"stat.useItem.minecraft.red_flower":2,"stat.pickup.minecraft.cooked_rabbit":2,"stat.pickup.minecraft.daylight_detector":21,"stat.craftItem.minecraft.bone_block":898,"stat.useItem.minecraft.magenta_shulker_box":27,"stat.pickup.minecraft.anvil":48,"stat.useItem.minecraft.iron_ore":6,"stat.craftItem.minecraft.trapdoor":182,"stat.craftItem.minecraft.stone_pickaxe":11,"stat.pickup.minecraft.cobblestone":45834,"stat.drop.minecraft.rabbit_hide":5,"stat.craftItem.minecraft.glass_bottle":351,"stat.pickup.minecraft.soul_sand":3639,"stat.useItem.minecraft.cooked_beef":2136,"stat.pickup.minecraft.cactus":327,"stat.drop.minecraft.clay_ball":26,"stat.pickup.minecraft.dragon_egg":3,"stat.pickup.minecraft.redstone":5612,"stat.craftItem.minecraft.dispenser":377,"stat.mineBlock.minecraft.iron_ore":3626,"stat.craftItem.minecraft.book":594,"stat.craftItem.minecraft.acacia_door":3,"stat.drop.minecraft.name_tag":36,"stat.pickup.minecraft.mossy_cobblestone":376,"stat.useItem.minecraft.noteblock":108,"stat.craftItem.minecraft.cake":3,"stat.drop.minecraft.coal":986,"stat.drop.minecraft.iron_bars":430,"stat.drop.minecraft.dirt":6813,"stat.useItem.minecraft.cooked_porkchop":812,"stat.pickup.minecraft.iron_shovel":26,"stat.pickup.minecraft.carpet":2075,"stat.pickup.minecraft.trapdoor":78,"stat.pickup.minecraft.diamond_shovel":64,"stat.craftItem.minecraft.acacia_fence":66,"stat.mineBlock.minecraft.lime_shulker_box":85,"stat.useItem.minecraft.sea_lantern":449,"stat.craftItem.minecraft.snow_layer":36,"stat.pickup.minecraft.silver_shulker_box":13,"stat.pickup.minecraft.nether_star":13,"stat.drop.minecraft.compass":110,"stat.pickup.minecraft.sandstone_stairs":22,"stat.useItem.minecraft.spruce_fence":1,"stat.pickup.minecraft.paper":2686,"stat.craftItem.minecraft.stick":6678,"stat.craftItem.minecraft.stained_hardened_clay":256,"stat.craftItem.minecraft.gold_nugget":27,"stat.pickup.minecraft.grass":11452,"stat.useItem.minecraft.stone_pressure_plate":308,"stat.drop.minecraft.leaves":610,"stat.breakItem.minecraft.iron_hoe":4,"stat.pickup.minecraft.golden_horse_armor":3,"stat.pickup.minecraft.diamond_chestplate":19,"stat.drop.minecraft.dispenser":3,"stat.entityKilledBy.Creeper":4,"stat.breakItem.minecraft.shears":19,"stat.pickup.minecraft.blue_shulker_box":15,"stat.mineBlock.minecraft.planks":848,"stat.drop":11416,"stat.killEntity.Sheep":142,"stat.drop.minecraft.iron_boots":12,"stat.drop.minecraft.redstone_block":1128,"stat.pickup.minecraft.golden_chestplate":23,"stat.useItem.minecraft.melon_seeds":161,"stat.drop.minecraft.bread":135,"stat.pickup.minecraft.purpur_pillar":217,"stat.drop.minecraft.flower_pot":2,"stat.drop.minecraft.nether_wart":416,"stat.craftItem.minecraft.piston":1899,"stat.pickup.minecraft.record_strad":3,"stat.useItem.minecraft.quartz_stairs":8,"stat.drop.minecraft.cooked_beef":489,"stat.killEntity.Slime":405,"stat.mineBlock.minecraft.anvil":42,"stat.useItem.minecraft.lime_shulker_box":85,"stat.pickup.minecraft.purple_shulker_box":2669,"stat.useItem.minecraft.waterlily":280,"stat.useItem.minecraft.apple":2,"stat.mineBlock.minecraft.deadbush":16,"stat.drop.minecraft.chainmail_helmet":9,"stat.useItem.minecraft.carpet":3123,"stat.useItem.minecraft.potion":48,"stat.mineBlock.minecraft.purpur_pillar":179,"stat.useItem.minecraft.flower_pot":3,"stat.pickup.minecraft.fence":183,"stat.useItem.minecraft.stone_axe":154,"stat.craftItem.minecraft.iron_helmet":50,"stat.drop.minecraft.piston":9,"stat.craftItem.minecraft.rail":5853,"stat.drop.minecraft.bed":2,"stat.drop.minecraft.glass":1298,"stat.boatOneCm":4404177,"stat.drop.minecraft.magma_cream":86,"stat.craftItem.minecraft.flint_and_steel":51,"stat.useItem.minecraft.redstone_lamp":204,"stat.mineBlock.minecraft.leaves2":316,"stat.mineBlock.minecraft.stone_stairs":109,"stat.craftItem.minecraft.iron_bars":2487,"stat.mineBlock.minecraft.furnace":117,"stat.pickup.minecraft.dark_oak_fence":260,"stat.drop.minecraft.stone_button":39,"stat.pickup.minecraft.prismarine_shard":748,"stat.pickup.minecraft.end_crystal":3,"stat.drop.minecraft.water_bucket":18,"stat.killEntity.CaveSpider":6,"stat.craftItem.minecraft.netherbrick":8168,"stat.craftItem.minecraft.birch_fence":105,"stat.pickup.minecraft.oak_stairs":19,"stat.pickup.minecraft.emerald_block":2,"stat.pickup.minecraft.stained_glass":4581,"stat.damageDealt":1473977,"stat.craftItem.minecraft.anvil":76,"stat.mineBlock.minecraft.nether_brick_stairs":2891,"stat.pickup.minecraft.end_bricks":195,"stat.useItem.minecraft.crafting_table":197,"stat.drop.minecraft.silver_shulker_box":1,"stat.pickup.minecraft.boat":47,"stat.craftItem.minecraft.stone_shovel":245,"stat.pickup.minecraft.stick":4560,"stat.drop.minecraft.vine":36,"stat.breakItem.minecraft.stone_pickaxe":1,"stat.drop.minecraft.iron_block":3221,"stat.craftItem.minecraft.diamond_boots":5,"stat.craftItem.minecraft.writable_book":18,"stat.useItem.minecraft.redstone_block":2074,"stat.drop.minecraft.leather_chestplate":21,"stat.craftItem.minecraft.redstone":17599,"stat.pickup.minecraft.chorus_fruit":5237,"stat.useItem.minecraft.cactus":66,"stat.craftItem.minecraft.red_nether_brick":19813,"stat.drop.minecraft.purpur_block":17,"stat.killEntity.Chicken":266,"stat.drop.minecraft.crafting_table":17,"stat.useItem.minecraft.iron_block":24810,"stat.drop.minecraft.yellow_shulker_box":3,"stat.mineBlock.minecraft.quartz_ore":3095,"stat.pickup.minecraft.concrete_powder":1775,"stat.craftItem.minecraft.tnt":1036,"stat.drop.minecraft.nether_wart_block":170,"stat.drop.minecraft.filled_map":8,"stat.drop.minecraft.diamond_boots":6,"stat.craftItem.minecraft.fence":96,"stat.useItem.minecraft.golden_apple":6,"stat.mineBlock.minecraft.leaves":6412,"stat.mineBlock.minecraft.piston":59,"stat.mineBlock.minecraft.bone_block":129,"stat.drop.minecraft.lime_shulker_box":3,"stat.mineBlock.minecraft.hay_block":1,"stat.useItem.minecraft.map":1,"stat.craftItem.minecraft.tripwire_hook":2040,"stat.beaconInteraction":109,"stat.drop.minecraft.dark_oak_boat":5,"stat.pickup.minecraft.wooden_slab":516,"stat.leaveGame":1018,"stat.killEntity.Parrot":2,"stat.pickup.minecraft.stone_slab2":3,"stat.useItem.minecraft.glowstone":3716,"stat.mineBlock.minecraft.sandstone":2634,"stat.craftItem.minecraft.ender_eye":201,"stat.killEntity.PigZombie":293,"stat.craftItem.minecraft.shield":4,"stat.craftItem.minecraft.stone_pressure_plate":401,"stat.drop.minecraft.feather":6909,"stat.mineBlock.minecraft.red_sandstone":4,"stat.pickup.minecraft.leaves2":45,"stat.useItem.minecraft.sandstone_stairs":31,"stat.useItem.minecraft.birch_boat":1,"stat.useItem.minecraft.purpur_stairs":1,"stat.craftItem.minecraft.noteblock":51,"stat.mineBlock.minecraft.wooden_slab":154,"stat.pickup.minecraft.leather_boots":17,"stat.killEntity.Witch":71,"stat.drop.minecraft.sand":339,"stat.killEntity.MushroomCow":165,"stat.drop.minecraft.gold_ingot":3,"stat.drop.minecraft.tnt":150,"stat.craftItem.minecraft.wooden_pickaxe":5,"stat.craftItem.minecraft.brown_glazed_terracotta":43,"stat.craftItem.minecraft.iron_door":27,"stat.useItem.minecraft.iron_shovel":1003,"stat.drop.minecraft.chainmail_leggings":17,"stat.drop.minecraft.cooked_mutton":7,"stat.craftItem.minecraft.bed":23,"stat.drop.minecraft.wooden_shovel":8,"stat.mineBlock.minecraft.hopper":659,"stat.mineBlock.minecraft.vine":191,"stat.pickup.minecraft.melon_block":619,"stat.drop.minecraft.gravel":823,"stat.mineBlock.minecraft.rail":2441,"stat.useItem.minecraft.pumpkin_seeds":171,"stat.killEntity.ZombieVillager":65,"stat.noteblockPlayed":69,"stat.drop.minecraft.red_flower":36472,"stat.useItem.minecraft.double_plant":3,"stat.pickup.minecraft.prismarine":127,"stat.pickup.minecraft.beef":315,"stat.pickup.minecraft.leather_helmet":16,"stat.pickup.minecraft.cauldron":11,"stat.useItem.minecraft.trapdoor":236,"stat.mineBlock.minecraft.stained_hardened_clay":1731,"stat.useItem.minecraft.blue_shulker_box":14,"stat.useItem.minecraft.stained_glass":15135,"stat.drop.minecraft.stone_pressure_plate":65,"stat.drop.minecraft.lead":89,"stat.useItem.minecraft.dark_oak_door":23,"stat.useItem.minecraft.ice":999,"stat.pickup.minecraft.magenta_shulker_box":27,"stat.pickup.minecraft.potion":187,"stat.mineBlock.minecraft.dark_oak_fence_gate":4,"stat.useItem.minecraft.wooden_button":130,"stat.craftItem.minecraft.dropper":507,"stat.drop.minecraft.netherbrick":5,"stat.useItem.minecraft.dye":2911,"stat.mineBlock.minecraft.stone_slab2":3,"stat.useItem.minecraft.beef":32,"stat.mineBlock.minecraft.stone_pressure_plate":69,"stat.useItem.minecraft.nether_brick":42873,"stat.drop.minecraft.torch":2419,"stat.drop.minecraft.glass_bottle":7757,"stat.mineBlock.minecraft.tallgrass":2267,"stat.useItem.minecraft.splash_potion":9,"stat.drop.minecraft.quartz_ore":13,"stat.useItem.minecraft.stone":13145,"stat.pickup.minecraft.arrow":6291,"stat.pickup.minecraft.wooden_pressure_plate":13,"stat.killEntity.Ghast":146,"stat.useItem.minecraft.ender_chest":227,"stat.useItem.minecraft.white_shulker_box":109,"stat.useItem.minecraft.clay":7,"stat.drop.minecraft.iron_pickaxe":14,"stat.mineBlock.minecraft.chest":787,"stat.drop.minecraft.mushroom_stew":1,"stat.drop.minecraft.melon_block":4,"stat.mineBlock.minecraft.concrete_powder":644,"stat.mineBlock.minecraft.hardened_clay":546,"stat.craftItem.minecraft.hopper":1574,"stat.pickup.minecraft.gray_shulker_box":20,"stat.drop.minecraft.concrete_powder":649,"stat.pickup.minecraft.nether_brick_fence":1945,"stat.pickup.minecraft.yellow_shulker_box":30,"stat.pickup.minecraft.orange_shulker_box":227,"stat.useItem.minecraft.reeds":650,"stat.pickup.minecraft.birch_boat":2,"stat.craftItem.minecraft.wooden_sword":2,"stat.craftItem.minecraft.nether_brick":58190,"stat.craftItem.minecraft.diamond_shovel":10,"stat.pickup.minecraft.wheat_seeds":11346,"stat.drop.minecraft.snow":37,"stat.mineBlock.minecraft.glass":2286,"stat.useItem.minecraft.enchanting_table":3,"stat.mineBlock.minecraft.dirt":60590,"stat.pickup.minecraft.poisonous_potato":91,"stat.drop.minecraft.paper":2290,"stat.pickup.minecraft.brewing_stand":46,"stat.useItem.minecraft.bread":22,"stat.drop.minecraft.porkchop":46,"stat.pickup.minecraft.light_blue_shulker_box":96,"stat.useItem.minecraft.cobblestone":4561,"stat.craftItem.minecraft.leather_boots":30,"stat.useItem.minecraft.gravel":342,"stat.mineBlock.minecraft.double_plant":79,"stat.minecartOneCm":1328473,"stat.drop.minecraft.chicken":96,"stat.pickup.minecraft.iron_pickaxe":9,"stat.drop.minecraft.carrot":8280,"stat.mineBlock.minecraft.end_rod":199,"stat.craftItem.minecraft.gold_ingot":6299,"stat.pickup.minecraft.hopper":696,"stat.mineBlock.minecraft.silver_shulker_box":12,"stat.craftItem.minecraft.brewing_stand":30,"stat.pickup.minecraft.apple":120,"stat.useItem.minecraft.fireworks":483,"stat.pickup.minecraft.banner":14,"stat.killEntity.ElderGuardian":2,"stat.itemEnchanted":101,"stat.drop.minecraft.hopper_minecart":4,"stat.mineBlock.minecraft.log":7730,"stat.mineBlock.minecraft.heavy_weighted_pressure_plate":3,"stat.useItem.minecraft.wooden_door":156,"stat.useItem.minecraft.spruce_door":1479,"stat.craftItem.minecraft.paper":71660,"stat.pickup.minecraft.red_flower":8822,"stat.drop.minecraft.bone_block":93,"stat.pickup.minecraft.wool":2142,"stat.useItem.minecraft.chorus_fruit":594,"stat.craftItem.minecraft.trapped_chest":1795,"stat.drop.minecraft.grass":2491,"stat.pickup.minecraft.trapped_chest":298,"stat.pickup.minecraft.red_sandstone_stairs":4,"stat.cakeSlicesEaten":2,"stat.drop.minecraft.pumpkin":3685,"stat.craftItem.minecraft.diamond_leggings":6,"stat.useItem.minecraft.iron_axe":226,"stat.drop.minecraft.stone_shovel":247,"stat.mineBlock.minecraft.yellow_flower":65,"stat.useItem.minecraft.skull":78,"stat.craftItem.minecraft.wool":1352,"stat.drop.minecraft.saddle":3,"stat.useItem.minecraft.snow":1836,"stat.useItem.minecraft.concrete_powder":10644,"stat.pickup.minecraft.enchanted_book":18,"stat.pickup.minecraft.glowstone":786,"stat.pickup.minecraft.writable_book":13,"stat.craftItem.minecraft.arrow":4,"stat.useItem.minecraft.obsidian":708,"stat.pickup.minecraft.sticky_piston":402,"stat.pickup.minecraft.bow":187,"stat.craftItem.minecraft.dark_oak_door":21,"stat.drop.minecraft.birch_boat":2,"stat.mineBlock.minecraft.detector_rail":19,"stat.useItem.minecraft.egg":1377,"stat.craftItem.minecraft.spruce_boat":3,"stat.pickup.minecraft.pumpkin_pie":1,"stat.pickup.minecraft.nether_wart_block":363,"stat.pickup.minecraft.coal_ore":2068,"stat.craftItem.minecraft.cooked_beef":1252,"stat.mineBlock.minecraft.obsidian":1120,"stat.pickup.minecraft.shears":7,"stat.craftItem.minecraft.bow":398,"stat.pickup.minecraft.iron_trapdoor":69,"stat.craftItem.minecraft.red_sandstone_stairs":16,"stat.flyOneCm":47504201,"stat.drop.minecraft.heavy_weighted_pressure_plate":3,"stat.pickup.minecraft.sandstone":2821,"stat.pickup.minecraft.nether_brick_stairs":4422,"stat.pickup.minecraft.fish":488,"stat.craftItem.minecraft.stained_glass":13320,"stat.craftItem.minecraft.emerald_block":110,"stat.timeSinceDeath":20385,"stat.pickup.minecraft.quartz_ore":1539,"stat.cauldronFilled":4,"stat.drop.minecraft.repeater":159,"stat.killEntity.Bat":100,"stat.useItem.minecraft.potato":3929,"stat.pickup.minecraft.chainmail_helmet":7,"stat.pickup.minecraft.nether_wart":132476,"stat.mineBlock.minecraft.enchanting_table":3,"stat.pickup.minecraft.spruce_fence":3,"stat.craftItem.minecraft.concrete_powder":9872,"stat.mineBlock.minecraft.coal_ore":5565,"stat.pickup.minecraft.shield":6,"stat.talkedToVillager":2518,"stat.craftItem.minecraft.stone_hoe":10,"stat.drop.minecraft.baked_potato":51,"stat.mineBlock.minecraft.red_mushroom_block":482,"stat.pickup.minecraft.string":4368,"stat.mineBlock.minecraft.ladder":99,"stat.useItem.minecraft.milk_bucket":3,"stat.useItem.minecraft.written_book":37,"stat.mineBlock.minecraft.chorus_flower":3,"stat.useItem.minecraft.dragon_egg":1,"stat.useItem.minecraft.diamond_shovel":113065,"stat.pickup.minecraft.bone_block":254,"stat.mineBlock.minecraft.diamond_ore":235,"stat.pickup.minecraft.fireworks":17114,"stat.useItem.minecraft.brown_mushroom_block":20,"stat.drop.minecraft.lava_bucket":12,"stat.craftItem.minecraft.wooden_pressure_plate":53,"stat.drop.minecraft.redstone_ore":26,"stat.useItem.minecraft.wooden_sword":88,"stat.breakItem.minecraft.iron_shovel":2,"stat.useItem.minecraft.ladder":1129,"stat.useItem.minecraft.diamond_ore":61,"stat.drop.minecraft.purpur_pillar":30,"stat.pickup.minecraft.snowball":11324,"stat.useItem.minecraft.birch_stairs":3,"stat.killEntity.Guardian":1291,"stat.craftItem.minecraft.sandstone_stairs":32,"stat.diveOneCm":6047520,"stat.useItem.minecraft.sticky_piston":1585,"stat.craftItem.minecraft.ladder":1320,"stat.drop.minecraft.dark_oak_fence":4,"stat.mineBlock.minecraft.stone_button":26,"stat.drop.minecraft.ladder":715,"stat.pickup.minecraft.stone_axe":2,"stat.pickup.minecraft.stained_glass_pane":965,"stat.useItem.minecraft.rotten_flesh":2,"stat.drop.minecraft.apple":36,"stat.drop.minecraft.sponge":79,"stat.craftItem.minecraft.diamond_sword":10,"stat.drop.minecraft.sandstone":338,"stat.mineBlock.minecraft.blue_shulker_box":14,"stat.jump":251175,"stat.useItem.minecraft.sand":841,"stat.pickup.minecraft.white_shulker_box":117,"stat.pickup.minecraft.hopper_minecart":3,"stat.mineBlock.minecraft.observer":231,"stat.craftItem.minecraft.torch":14407,"stat.breakItem.minecraft.golden_leggings":1,"stat.drop.minecraft.glowstone":466,"stat.craftItem.minecraft.fermented_spider_eye":7,"stat.mineBlock.minecraft.purpur_block":328,"stat.mineBlock.minecraft.spruce_fence_gate":5,"stat.drop.minecraft.dragon_egg":1,"stat.useItem.minecraft.glass":10932,"stat.pickup.minecraft.gold_ore":509,"stat.useItem.minecraft.sapling":213,"stat.drop.minecraft.gold_block":26,"stat.mineBlock.minecraft.glass_pane":49,"stat.damageTaken":337805,"stat.useItem.minecraft.red_shulker_box":247,"stat.useItem.minecraft.end_crystal":52,"stat.mineBlock.minecraft.melon_block":609,"stat.useItem.minecraft.gold_block":29,"stat.mineBlock.minecraft.sapling":5,"stat.pickup.minecraft.log2":10293,"stat.mineBlock.minecraft.sandstone_stairs":17,"stat.useItem.minecraft.purple_shulker_box":2562,"stat.pickup.minecraft.bed":21,"stat.drop.minecraft.nether_brick_fence":415,"stat.cauldronUsed":1,"stat.pickup.minecraft.concrete":8639,"stat.pickup.minecraft.acacia_fence":3,"stat.pickup.minecraft.quartz_block":88,"stat.pickup.minecraft.potato":16054,"stat.killEntity.Shulker":199,"stat.entityKilledBy.Zombie":6,"stat.killEntity.Silverfish":19,"stat.entityKilledBy.LavaSlime":1,"stat.craftItem.minecraft.stone_slab":40433,"stat.animalsBred":3360,"stat.useItem.minecraft.chest":2831,"stat.mineBlock.minecraft.light_blue_shulker_box":96,"stat.useItem.minecraft.observer":802,"stat.shulkerBoxOpened":18672,"stat.craftItem.minecraft.iron_chestplate":28,"stat.pickup.minecraft.baked_potato":208,"stat.drop.minecraft.potato":11561,"stat.pickup.minecraft.ender_pearl":10168,"stat.drop.minecraft.wooden_slab":20,"stat.breakItem.minecraft.stone_hoe":2,"stat.pickup.minecraft.ladder":707,"stat.useItem.minecraft.netherrack":62873,"stat.craftItem.minecraft.stained_glass_pane":3392,"stat.mineBlock.minecraft.tnt":44,"stat.craftItem.minecraft.bookshelf":93,"stat.useItem.minecraft.tripwire_hook":122,"stat.mineBlock.minecraft.stonebrick":2131,"stat.drop.minecraft.cookie":9,"stat.mineBlock.minecraft.glowstone":729,"stat.craftItem.minecraft.shears":49,"stat.useItem.minecraft.cobblestone_wall":122,"stat.useItem.minecraft.writable_book":34,"stat.pickup.minecraft.torch":8131,"stat.drop.minecraft.acacia_fence":2,"stat.drop.minecraft.diamond_shovel":21,"stat.drop.minecraft.quartz_block":26,"stat.pickup.minecraft.spruce_boat":2,"stat.useItem.minecraft.purpur_slab":1,"stat.drop.minecraft.arrow":3393,"stat.drop.minecraft.shears":25,"stat.craftItem.minecraft.compass":1086,"stat.pickup.minecraft.jungle_boat":3,"stat.pickup.minecraft.dark_oak_fence_gate":2,"stat.useItem.minecraft.end_bricks":76,"stat.drop.minecraft.armor_stand":1,"stat.drop.minecraft.waterlily":105,"stat.pigOneCm":288809,"stat.craftItem.minecraft.iron_axe":36,"stat.killEntity.Ozelot":47,"stat.mineBlock.minecraft.purple_shulker_box":2574,"stat.useItem.minecraft.lead":1,"stat.drop.minecraft.red_nether_brick":1259,"stat.drop.minecraft.trapdoor":19,"stat.pickup.minecraft.fishing_rod":7,"stat.useItem.minecraft.planks":219,"stat.useItem.minecraft.nether_brick_stairs":18417,"stat.useItem.minecraft.fire_charge":7,"stat.pickup.minecraft.porkchop":235,"stat.pickup.minecraft.glass":4712,"stat.pickup.minecraft.blaze_powder":58,"stat.drop.minecraft.melon":10277,"stat.useItem.minecraft.red_sandstone_stairs":11,"stat.useItem.minecraft.water_bucket":1202,"stat.pickup.minecraft.sand":39739,"stat.craftItem.minecraft.golden_apple":1,"stat.craftItem.minecraft.dark_oak_fence":189,"stat.pickup.minecraft.hardened_clay":538,"stat.entityKilledBy.Spider":2,"stat.useItem.minecraft.red_nether_brick":22792,"stat.pickup.minecraft.name_tag":131,"stat.drop.minecraft.map":7,"stat.drop.minecraft.hardened_clay":4,"stat.drop.minecraft.splash_potion":2,"stat.pickup.minecraft.activator_rail":2,"stat.aviateOneCm":521161608,"stat.useItem.minecraft.ender_pearl":4557,"stat.useItem.minecraft.brown_mushroom":1,"stat.craftItem.minecraft.blaze_powder":5424,"stat.drop.minecraft.golden_sword":36,"stat.useItem.minecraft.oak_stairs":33,"stat.craftItem.minecraft.golden_carrot":2,"stat.drop.minecraft.stone_slab":3466,"stat.pickup.minecraft.fence_gate":29,"stat.mineBlock.minecraft.birch_stairs":1,"stat.pickup.minecraft.filled_map":4,"stat.pickup.minecraft.furnace":176,"stat.useItem.minecraft.redstone":7136,"stat.mineBlock.minecraft.end_bricks":167,"stat.mineBlock.minecraft.redstone_lamp":103,"stat.pickup.minecraft.end_rod":222,"stat.pickup.minecraft.iron_chestplate":13,"stat.pickup.minecraft.skull":204,"stat.useItem.minecraft.stone_stairs":500,"stat.pickup.minecraft.acacia_door":1,"stat.craftItem.minecraft.nether_wart_block":3636,"stat.mineBlock.minecraft.red_shulker_box":235,"stat.drop.minecraft.wooden_hoe":1,"stat.useItem.minecraft.hopper":2057,"stat.mineBlock.minecraft.oak_stairs":21,"stat.drop.minecraft.golden_carrot":2,"stat.playOneMinute":134708526,"stat.pickup.minecraft.birch_door":1,"stat.drop.minecraft.string":288,"stat.useItem.minecraft.jungle_stairs":4,"stat.useItem.minecraft.shears":5578,"stat.pickup.minecraft.beacon":40,"stat.mineBlock.minecraft.brown_mushroom_block":772,"stat.pickup.minecraft.iron_bars":167,"stat.pickup.minecraft.dispenser":57,"stat.craftItem.minecraft.pumpkin_pie":3,"stat.drop.minecraft.ice":498,"stat.mineBlock.minecraft.dark_oak_fence":245,"stat.craftItem.minecraft.carpet":1974,"stat.mineBlock.minecraft.dispenser":46,"stat.mineBlock.minecraft.netherrack":42914,"stat.drop.minecraft.flint":125,"stat.craftItem.minecraft.golden_rail":1458,"stat.useItem.minecraft.quartz_ore":505,"stat.craftItem.minecraft.iron_nugget":7618,"stat.pickup.minecraft.cooked_chicken":795,"stat.fallOneCm":10806924,"stat.drop.minecraft.dye":675,"stat.craftItem.minecraft.chest":5650,"stat.useItem.minecraft.nether_brick_fence":7488,"stat.craftItem.minecraft.banner":18,"stat.mineBlock.minecraft.lever":146,"stat.pickup.minecraft.red_mushroom":469,"stat.useItem.minecraft.iron_hoe":1455,"stat.pickup.minecraft.milk_bucket":2,"stat.pickup.minecraft.comparator":334,"stat.pickup.minecraft.feather":571,"stat.drop.minecraft.iron_leggings":13,"stat.mineBlock.minecraft.red_nether_brick":3516,"stat.pickup.minecraft.record_cat":3,"stat.drop.minecraft.concrete":657,"stat.mineBlock.minecraft.spruce_fence":3,"stat.useItem.minecraft.yellow_shulker_box":26,"stat.craftItem.minecraft.dark_oak_fence_gate":17,"stat.pickup.minecraft.lead":125,"stat.useItem.minecraft.stone_pickaxe":544,"stat.craftItem.minecraft.birch_stairs":8,"stat.useItem.minecraft.stone_sword":200,"stat.craftItem.minecraft.iron_leggings":28,"stat.useItem.minecraft.orange_shulker_box":226,"stat.killEntity.Rabbit":3,"stat.craftItem.minecraft.oak_stairs":20,"stat.pickup.minecraft.redstone_ore":467,"stat.pickup.minecraft.chainmail_boots":8,"stat.drop.minecraft.stick":3218,"stat.useItem.minecraft.iron_bars":1561,"stat.pickup.minecraft.record_13":1,"stat.mineBlock.minecraft.monster_egg":17,"stat.mineBlock.minecraft.quartz_stairs":4,"stat.useItem.minecraft.bone_block":299,"stat.drop.minecraft.stone_brick_stairs":20,"stat.killEntity.LavaSlime":1627,"stat.pickup.minecraft.log":8509,"stat.useItem.minecraft.brown_glazed_terracotta":9,"stat.breakItem.minecraft.iron_boots":1,"stat.mineBlock.minecraft.golden_rail":603,"stat.craftItem.minecraft.hopper_minecart":55,"stat.pickup.minecraft.tallgrass":8,"stat.pickup.minecraft.chainmail_leggings":9,"stat.pickup.minecraft.wooden_door":240,"stat.entityKilledBy.Enderman":4,"stat.mineBlock.minecraft.iron_block":6393,"stat.drop.minecraft.clay":49,"stat.mineBlock.minecraft.tripwire_hook":39,"stat.killEntity.PolarBear":4,"stat.craftItem.minecraft.snow":2636,"stat.pickup.minecraft.diamond_helmet":51,"stat.drop.minecraft.dropper":69,"stat.craftItem.minecraft.cooked_chicken":2492,"stat.useItem.minecraft.stone_hoe":546,"stat.craftItem.minecraft.flower_pot":1,"stat.sneakTime":7967393,"stat.mineBlock.minecraft.cobblestone_wall":30,"stat.mineBlock.minecraft.yellow_shulker_box":27,"stat.entityKilledBy.Blaze":1,"stat.useItem.minecraft.brewing_stand":61,"stat.pickup.minecraft.chest":945,"stat.craftItem.minecraft.enchanting_table":1,"stat.craftItem.minecraft.leather_leggings":2,"stat.useItem.minecraft.lapis_block":2,"stat.drop.minecraft.sugar":7416,"stat.drop.minecraft.red_shulker_box":3,"stat.pickup.minecraft.stone_pressure_plate":111,"stat.pickup.minecraft.lit_pumpkin":112,"stat.useItem.minecraft.repeater":1453,"stat.drop.minecraft.leather_helmet":23,"stat.craftItem.minecraft.stone_brick_stairs":788,"stat.drop.minecraft.iron_nugget":924,"stat.craftItem.minecraft.iron_trapdoor":159,"stat.swimOneCm":40234058,"stat.mineBlock.minecraft.spruce_stairs":95,"stat.drop.minecraft.brown_mushroom":203,"stat.useItem.minecraft.dirt":27190,"stat.pickup.minecraft.purpur_block":385,"stat.pickup.minecraft.enchanting_table":3,"stat.drop.minecraft.iron_trapdoor":11,"stat.useItem.minecraft.detector_rail":22,"stat.craftItem.minecraft.melon_block":4897,"stat.drop.minecraft.ender_pearl":3616,"stat.mineBlock.minecraft.magma":2951,"stat.pickup.minecraft.quartz_stairs":5,"stat.mineBlock.minecraft.carpet":1035,"stat.drop.minecraft.fence":50,"stat.pickup.minecraft.gold_block":233,"stat.mineBlock.minecraft.redstone_block":505,"stat.pickup.minecraft.clay":98,"stat.pickup.minecraft.glass_bottle":1067,"stat.useItem.minecraft.red_mushroom":3,"stat.drop.minecraft.wheat_seeds":7416,"stat.craftItem.minecraft.wooden_slab":1860,"stat.drop.minecraft.log":322,"stat.useItem.minecraft.sign":578,"stat.pickup.minecraft.mutton":415,"stat.useItem.minecraft.lever":870,"stat.pickup.minecraft.dark_oak_door":19,"stat.drop.minecraft.golden_boots":58,"stat.craftItem.minecraft.red_sandstone":64,"stat.pickup.minecraft.stonebrick":2523,"stat.drop.minecraft.mycelium":26,"stat.pickup.minecraft.redstone_lamp":101,"stat.drop.minecraft.beetroot_seeds":13,"stat.mineBlock.minecraft.nether_brick":23049,"stat.craftItem.minecraft.nether_brick_fence":6682,"stat.mineBlock.minecraft.red_sandstone_stairs":4,"stat.useItem.minecraft.purpur_pillar":129,"stat.drop.minecraft.log2":75,"stat.craftItem.minecraft.stone_slab2":12,"stat.drop.minecraft.anvil":7,"stat.drop.minecraft.potion":89,"stat.useItem.minecraft.stone_slab":44911,"stat.useItem.minecraft.bed":36,"stat.craftItem.minecraft.stone":6347,"stat.craftItem.minecraft.armor_stand":71,"stat.mineBlock.minecraft.crafting_table":149,"stat.useItem.minecraft.diamond_pickaxe":316113,"stat.mineBlock.minecraft.quartz_block":40,"stat.killEntity.Endermite":92,"stat.useItem.minecraft.carrot":594,"stat.drop.minecraft.golden_apple":4,"stat.useItem.minecraft.bucket":2984,"stat.pickup.minecraft.stone_button":51,"stat.pickup.minecraft.slime_ball":19654,"stat.drop.minecraft.blaze_rod":455,"stat.useItem.minecraft.purpur_block":94,"stat.craftItem.minecraft.diamond_pickaxe":34,"stat.drop.minecraft.wooden_pickaxe":3,"stat.pickup.minecraft.gravel":7684,"stat.useItem.minecraft.glass_bottle":752,"stat.useItem.minecraft.diamond_axe":26517,"stat.pickup.minecraft.purpur_stairs":60,"stat.pickup.minecraft.red_shulker_box":259,"stat.useItem.minecraft.stained_glass_pane":5006,"stat.drop.minecraft.cooked_porkchop":167,"stat.pickup.minecraft.stone_brick_stairs":134,"stat.pickup.minecraft.diamond_sword":69,"stat.killEntity.SkeletonHorse":7,"stat.pickup.minecraft.iron_helmet":20,"stat.craftItem.minecraft.birch_boat":4,"stat.pickup.minecraft.black_shulker_box":38,"stat.useItem.minecraft.piston":251,"stat.craftItem.minecraft.bread":3,"stat.pickup.minecraft.spider_eye":1530,"stat.useItem.minecraft.mycelium":779,"stat.useItem.minecraft.stone_button":132,"stat.pickup.minecraft.diamond_ore":71,"stat.mineBlock.minecraft.magenta_shulker_box":27,"stat.craftItem.minecraft.end_crystal":116,"stat.useItem.minecraft.cooked_chicken":1702,"stat.pickup.minecraft.iron_ore":3569,"stat.pickup.minecraft.snow":678,"stat.mineBlock.minecraft.iron_bars":136,"stat.pickup.minecraft.leaves":5263,"stat.pickup.minecraft.leather":665,"stat.drop.minecraft.iron_hoe":8,"stat.useItem.minecraft.wooden_pickaxe":74,"stat.dispenserInspected":747,"stat.mineBlock.minecraft.mycelium":1350,"stat.pickup.minecraft.reeds":22758,"stat.pickup.minecraft.prismarine_crystals":563,"stat.useItem.minecraft.magma":1146,"stat.craftItem.minecraft.glass":9203,"stat.drop.minecraft.cooked_chicken":224,"stat.craftItem.minecraft.cauldron":5,"stat.sleepInBed":924,"stat.craftItem.minecraft.baked_potato":594,"stat.killEntity.Cow":193,"stat.pickup.minecraft.minecart":254,"stat.killEntity.Pig":142,"stat.craftItem.minecraft.iron_sword":7,"stat.pickup.minecraft.piston":128,"stat.breakItem.minecraft.fishing_rod":7,"stat.walkOneCm":186324790,"stat.playerKills":11,"stat.pickup.minecraft.clay_ball":84,"stat.mineBlock.minecraft.trapped_chest":298,"stat.useItem.minecraft.dark_oak_fence_gate":12,"stat.useItem.minecraft.emerald_block":5,"stat.pickup.minecraft.purpur_slab":17,"stat.useItem.minecraft.spruce_boat":4,"stat.drop.minecraft.diamond_axe":12,"stat.pickup.minecraft.tnt":771,"stat.drop.minecraft.iron_chestplate":8,"stat.pickup.minecraft.stone":88116,"stat.mineBlock.minecraft.wool":449,"stat.drop.minecraft.slime":111,"stat.drop.minecraft.emerald":1711,"stat.drop.minecraft.diamond_leggings":4,"stat.craftItem.minecraft.hay_block":130,"stat.mineBlock.minecraft.packed_ice":285,"stat.useItem.minecraft.leaves":1906,"stat.craftItem.minecraft.minecart":692,"stat.pickup.minecraft.gold_ingot":409,"stat.useItem.minecraft.prismarine":17,"stat.killEntity.Skeleton":1383,"stat.mineBlock.minecraft.cactus":5,"stat.drop.minecraft.chainmail_boots":15,"stat.pickup.minecraft.netherbrick":72,"stat.drop.minecraft.fermented_spider_eye":3,"stat.mineBlock.minecraft.redstone_torch":431,"stat.killEntity.Spider":375,"stat.pickup.minecraft.bread":56,"stat.drop.minecraft.end_rod":2,"stat.pickup.minecraft.quartz":3349,"stat.pickup.minecraft.birch_fence":122,"stat.pickup.minecraft.water_bucket":43,"stat.drop.minecraft.prismarine":68,"stat.useItem.minecraft.hopper_minecart":44,"stat.pickup.minecraft.spruce_stairs":89,"stat.mineBlock.minecraft.redstone_ore":873,"stat.pickup.minecraft.elytra":64,"stat.pickup.minecraft.lava_bucket":30,"stat.craftItem.minecraft.coal_block":644,"stat.drop.minecraft.beef":6,"stat.craftItem.minecraft.brick":3,"stat.mineBlock.minecraft.stone":168565,"stat.useItem.minecraft.sandstone":1046}