{"stat.useItem.minecraft.bow":2225,"stat.useItem.minecraft.painting":77,"stat.useItem.minecraft.quartz_block":15,"stat.drop.minecraft.gunpowder":97,"stat.drop.minecraft.redstone":53,"stat.pickup.minecraft.dark_oak_boat":71,"stat.mineBlock.minecraft.stained_glass":511,"stat.drop.minecraft.enchanted_book":5,"stat.mineBlock.minecraft.web":30,"stat.drop.minecraft.coal_block":64,"stat.drop.minecraft.iron_sword":14,"stat.pickup.minecraft.rotten_flesh":14308,"stat.drop.minecraft.redstone_torch":4,"stat.mineBlock.minecraft.purpur_stairs":6,"stat.craftItem.minecraft.stone_axe":3,"stat.drop.minecraft.leather_boots":56,"stat.useItem.minecraft.vine":53,"stat.pickup.minecraft.cobblestone_wall":1071,"stat.pickup.minecraft.bucket":13,"stat.useItem.minecraft.rail":2410,"stat.killEntity.Enderman":1784,"stat.drop.minecraft.elytra":1,"stat.useItem.minecraft.anvil":14,"stat.craftItem.minecraft.iron_shovel":4,"stat.pickup.minecraft.brown_mushroom":62,"stat.useItem.minecraft.iron_pickaxe":2240,"stat.pickup.minecraft.stained_hardened_clay":1677,"stat.drop.minecraft.sandstone_stairs":41,"stat.pickup.minecraft.double_plant":341,"stat.mineBlock.minecraft.green_glazed_terracotta":1,"stat.craftItem.minecraft.glass_pane":128,"stat.useItem.minecraft.hardened_clay":13,"stat.mineBlock.minecraft.sticky_piston":49,"stat.pickup.minecraft.wooden_shovel":1,"stat.furnaceInteraction":1020,"stat.useItem.minecraft.nether_wart":36,"stat.mineBlock.minecraft.chorus_plant":3,"stat.pickup.minecraft.nether_brick":646,"stat.drop.minecraft.chorus_fruit":26,"stat.pickup.minecraft.sponge":10,"stat.mineBlock.minecraft.wooden_button":20,"stat.drop.minecraft.cactus":73,"stat.pickup.minecraft.hay_block":89,"stat.pickup.minecraft.cyan_shulker_box":74,"stat.useItem.minecraft.fence":564,"stat.craftItem.minecraft.orange_glazed_terracotta":1,"stat.drop.minecraft.furnace":7,"stat.mineBlock.minecraft.sponge":7,"stat.craftItem.minecraft.daylight_detector":64,"stat.useItem.minecraft.cauldron":6,"stat.mineBlock.minecraft.fence":392,"stat.useItem.minecraft.flint_and_steel":49,"stat.useItem.minecraft.wheat_seeds":1878,"stat.mineBlock.minecraft.sea_lantern":155,"stat.craftItem.minecraft.silver_glazed_terracotta":4,"stat.drop.minecraft.cooked_fish":20,"stat.killEntity.Husk":46,"stat.pickup.minecraft.emerald":11,"stat.craftItem.minecraft.dark_oak_boat":25,"stat.pickup.minecraft.lever":122,"stat.deaths":5,"stat.pickup.minecraft.egg":76,"stat.craftItem.minecraft.melon_seeds":85,"stat.mineBlock.minecraft.brown_shulker_box":137,"stat.craftItem.minecraft.item_frame":72,"stat.craftItem.minecraft.wooden_shovel":39,"stat.craftItem.minecraft.iron_pickaxe":14,"stat.pickup.minecraft.glass_pane":623,"stat.pickup.minecraft.item_frame":89,"stat.pickup.minecraft.sea_lantern":231,"stat.craftItem.minecraft.repeater":72,"stat.drop.minecraft.iron_ingot":21,"stat.craftItem.minecraft.cooked_mutton":9,"stat.fishCaught":497,"stat.pickup.minecraft.cooked_mutton":100,"stat.chestOpened":12589,"stat.useItem.minecraft.lapis_ore":17,"stat.craftItem.minecraft.sign":183,"stat.useItem.minecraft.jungle_fence":10,"stat.pickup.minecraft.iron_sword":24,"stat.killEntity.Vex":3,"stat.pickup.minecraft.lapis_ore":41,"stat.craftItem.minecraft.quartz_block":80,"stat.pickup.minecraft.gold_nugget":32,"stat.drop.minecraft.banner":4,"stat.pickup.minecraft.chorus_flower":4,"stat.craftItem.minecraft.coal":2895,"stat.craftItem.minecraft.ender_chest":3,"stat.pickup.minecraft.carrot":1954,"stat.drop.minecraft.stone_sword":33,"stat.crouchOneCm":5792268,"stat.pickup.minecraft.rail":3161,"stat.craftItem.minecraft.iron_ingot":5103,"stat.pickup.minecraft.ender_chest":125,"stat.drop.minecraft.slime_ball":48,"stat.craftingTableInteraction":1938,"stat.pickup.minecraft.jungle_door":1,"stat.useItem.minecraft.light_blue_shulker_box":8,"stat.pickup.minecraft.repeater":147,"stat.mineBlock.minecraft.log2":9901,"stat.drop.minecraft.double_plant":2,"stat.useItem.minecraft.dark_oak_fence":2171,"stat.pickup.minecraft.dye":3038,"stat.pickup.minecraft.planks":13975,"stat.drop.minecraft.minecart":10,"stat.drop.minecraft.soul_sand":6,"stat.drop.minecraft.carpet":17,"stat.mineBlock.minecraft.ender_chest":121,"stat.mineBlock.minecraft.daylight_detector":1,"stat.flowerPotted":6,"stat.drop.minecraft.rotten_flesh":11114,"stat.pickup.minecraft.magma":287,"stat.craftItem.minecraft.purple_glazed_terracotta":8,"stat.drop.minecraft.coal_ore":100,"stat.useItem.minecraft.jungle_fence_gate":71,"stat.drop.minecraft.glass_pane":11,"stat.drop.minecraft.iron_ore":33,"stat.useItem.minecraft.yellow_flower":52,"stat.drop.minecraft.sapling":233,"stat.pickup.minecraft.chicken":43,"stat.drop.minecraft.gold_nugget":26,"stat.useItem.minecraft.glass_pane":243,"stat.breakItem.minecraft.stone_shovel":1,"stat.drop.minecraft.fish":2,"stat.pickup.minecraft.coal_block":73,"stat.drop.minecraft.trapped_chest":65,"stat.craftItem.minecraft.bucket":18,"stat.craftItem.minecraft.planks":31624,"stat.useItem.minecraft.iron_sword":504,"stat.mineBlock.minecraft.prismarine":323,"stat.craftItem.minecraft.dirt":868,"stat.craftItem.minecraft.fishing_rod":21,"stat.pickup.minecraft.stone_sword":26,"stat.useItem.minecraft.daylight_detector":64,"stat.pickup.minecraft.book":1415,"stat.useItem.minecraft.stonebrick":12239,"stat.craftItem.minecraft.wooden_door":12,"stat.useItem.minecraft.green_glazed_terracotta":1,"stat.mineBlock.minecraft.waterlily":8,"stat.pickup.minecraft.orange_glazed_terracotta":1,"stat.drop.minecraft.leather_leggings":54,"stat.pickup.minecraft.iron_door":38,"stat.drop.minecraft.sea_lantern":51,"stat.pickup.minecraft.cooked_fish":45,"stat.breakItem.minecraft.leather_leggings":1,"stat.craftItem.minecraft.spruce_door":9,"stat.pickup.minecraft.tripwire_hook":45,"stat.drop.minecraft.observer":5,"stat.drop.minecraft.lapis_ore":1,"stat.pickup.minecraft.bookshelf":8,"stat.drop.minecraft.cyan_shulker_box":1,"stat.mineBlock.minecraft.cobblestone":22209,"stat.mineBlock.minecraft.pumpkin":23,"stat.useItem.minecraft.beacon":10,"stat.pickup.minecraft.flint":289,"stat.craftItem.minecraft.quartz_stairs":24,"stat.drop.minecraft.beacon":1,"stat.pickup.minecraft.leather_chestplate":37,"stat.mineBlock.minecraft.concrete":1968,"stat.pickup.minecraft.flower_pot":34,"stat.mineBlock.minecraft.stained_glass_pane":116,"stat.drop.minecraft.purpur_slab":1,"stat.pickup.minecraft.purple_glazed_terracotta":7,"stat.drop.minecraft.end_bricks":2,"stat.drop.minecraft.cobblestone":7479,"stat.pickup.minecraft.cooked_porkchop":3,"stat.useItem.minecraft.coal_block":4,"stat.breakItem.minecraft.iron_pickaxe":7,"stat.mineBlock.minecraft.dropper":28,"stat.pickup.minecraft.iron_boots":6,"stat.pickup.minecraft.diamond_horse_armor":1,"stat.pickup.minecraft.stone_hoe":1,"stat.craftItem.minecraft.furnace":77,"stat.craftItem.minecraft.lapis_block":68,"stat.drop.minecraft.end_crystal":4,"stat.useItem.minecraft.white_glazed_terracotta":1,"stat.drop.minecraft.golden_helmet":48,"stat.pickup.minecraft.map":1,"stat.craftItem.minecraft.iron_boots":7,"stat.pickup.minecraft.green_glazed_terracotta":1,"stat.useItem.minecraft.spruce_fence_gate":2,"stat.drop.minecraft.record_cat":3,"stat.mineBlock.minecraft.clay":29,"stat.pickup.minecraft.diamond_leggings":4,"stat.drop.minecraft.iron_helmet":4,"stat.drop.minecraft.chainmail_chestplate":17,"stat.drop.minecraft.spider_eye":12,"stat.useItem.minecraft.wooden_slab":11044,"stat.craftItem.minecraft.beacon":4,"stat.useItem.minecraft.iron_door":47,"stat.craftItem.minecraft.iron_block":876,"stat.craftItem.minecraft.stonebrick":16841,"stat.useItem.minecraft.brown_shulker_box":138,"stat.breakItem.minecraft.diamond_pickaxe":2,"stat.drop.minecraft.stained_glass":3,"stat.drop.minecraft.flint_and_steel":2,"stat.drop.minecraft.wool":24,"stat.killEntity.Creeper":206,"stat.useItem.minecraft.armor_stand":52,"stat.breakItem.minecraft.iron_sword":1,"stat.drop.minecraft.ender_chest":1,"stat.useItem.minecraft.silver_shulker_box":126,"stat.craftItem.minecraft.jungle_stairs":28,"stat.pickup.minecraft.brown_shulker_box":137,"stat.entityKilledBy.Skeleton":1,"stat.drop.minecraft.birch_fence":9,"stat.drop.minecraft.oak_stairs":12,"stat.pickup.minecraft.birch_stairs":406,"stat.useItem.minecraft.dropper":45,"stat.killEntity.Squid":4,"stat.sprintOneCm":75075709,"stat.mineBlock.minecraft.stone_slab":5200,"stat.useItem.minecraft.hay_block":80,"stat.drop.minecraft.leather":11,"stat.drop.minecraft.dark_oak_door":5,"stat.drop.minecraft.stone_hoe":1,"stat.useItem.minecraft.snowball":2,"stat.pickup.minecraft.leather_leggings":52,"stat.craftItem.minecraft.redstone_lamp":43,"stat.drop.minecraft.boat":97,"stat.drop.minecraft.cobblestone_wall":3,"stat.pickup.minecraft.sugar":6,"stat.pickup.minecraft.vine":89,"stat.craftItem.minecraft.leather_chestplate":1,"stat.useItem.minecraft.banner":34,"stat.craftItem.minecraft.emerald":19,"stat.pickup.minecraft.iron_block":597,"stat.killEntity.Zombie":9521,"stat.craftItem.minecraft.dye":11077,"stat.craftItem.minecraft.diamond_axe":2,"stat.mineBlock.minecraft.gold_ore":194,"stat.craftItem.minecraft.slime_ball":63,"stat.drop.minecraft.diamond_pickaxe":1,"stat.pickup.minecraft.wheat":1413,"stat.craftItem.minecraft.sandstone":2144,"stat.mineBlock.minecraft.mossy_cobblestone":305,"stat.drop.minecraft.stone_stairs":37,"stat.drop.minecraft.purpur_stairs":2,"stat.pickup.minecraft.sign":74,"stat.drop.minecraft.bookshelf":1,"stat.craftItem.minecraft.cooked_porkchop":168,"stat.pickup.minecraft.obsidian":267,"stat.useItem.minecraft.heavy_weighted_pressure_plate":8,"stat.useItem.minecraft.iron_trapdoor":73,"stat.pickup.minecraft.coal":5945,"stat.pickup.minecraft.iron_ingot":540,"stat.useItem.minecraft.dark_oak_boat":93,"stat.craftItem.minecraft.lever":148,"stat.drop.minecraft.diamond_sword":1,"stat.pickup.minecraft.gunpowder":230,"stat.pickup.minecraft.dirt":32219,"stat.useItem.minecraft.coal_ore":114,"stat.drop.minecraft.iron_shovel":23,"stat.craftItem.minecraft.sponge":8,"stat.useItem.minecraft.dispenser":54,"stat.mineBlock.minecraft.lapis_ore":179,"stat.brewingstandInteraction":41,"stat.useItem.minecraft.stone_brick_stairs":4822,"stat.mineBlock.minecraft.torch":2842,"stat.mineBlock.minecraft.red_flower":136,"stat.pickup.minecraft.written_book":2,"stat.tradedWithVillager":22,"stat.useItem.minecraft.acacia_door":1,"stat.pickup.minecraft.magma_cream":10,"stat.craftItem.minecraft.comparator":32,"stat.useItem.minecraft.slime":40,"stat.useItem.minecraft.birch_fence":669,"stat.pickup.minecraft.diamond_axe":4,"stat.pickup.minecraft.shulker_shell":100,"stat.mineBlock.minecraft.birch_fence":314,"stat.drop.minecraft.wheat":91,"stat.pickup.minecraft.diamond_pickaxe":13,"stat.useItem.minecraft.pumpkin":212,"stat.useItem.minecraft.tnt":29,"stat.useItem.minecraft.gold_ore":3,"stat.useItem.minecraft.lava_bucket":52,"stat.drop.minecraft.netherrack":6338,"stat.drop.minecraft.birch_stairs":9,"stat.craftItem.minecraft.wheat":90,"stat.useItem.minecraft.item_frame":173,"stat.useItem.minecraft.stained_hardened_clay":1155,"stat.drop.minecraft.egg":12,"stat.pickup.minecraft.cooked_beef":11,"stat.useItem.minecraft.concrete":652,"stat.killEntity.Stray":2,"stat.drop.minecraft.nether_brick":64,"stat.breakItem.minecraft.golden_axe":1,"stat.drop.minecraft.lever":12,"stat.mineBlock.minecraft.purpur_slab":1,"stat.pickup.minecraft.dark_oak_stairs":1128,"stat.mobKills":13259,"stat.pickup.minecraft.diamond_boots":5,"stat.mineBlock.minecraft.bookshelf":478,"stat.useItem.minecraft.boat":31,"stat.useItem.minecraft.mossy_cobblestone":136,"stat.craftItem.minecraft.lead":6,"stat.pickup.minecraft.diamond":496,"stat.pickup.minecraft.beetroot_seeds":153,"stat.craftItem.minecraft.nether_brick_stairs":152,"stat.craftItem.minecraft.spruce_stairs":1124,"stat.craftItem.minecraft.map":28,"stat.breakItem.minecraft.stone_sword":1,"stat.useItem.minecraft.string":80,"stat.drop.minecraft.mutton":5,"stat.useItem.minecraft.bookshelf":123,"stat.useItem.minecraft.soul_sand":69,"stat.killEntity.Blaze":165,"stat.drop.minecraft.shield":1,"stat.drop.minecraft.skull":2,"stat.pickup.minecraft.golden_boots":50,"stat.pickup.minecraft.glowstone_dust":11,"stat.mineBlock.minecraft.red_mushroom":26,"stat.mineBlock.minecraft.stone_brick_stairs":985,"stat.mineBlock.minecraft.nether_brick_fence":53,"stat.drop.minecraft.golden_leggings":71,"stat.pickup.minecraft.splash_potion":2,"stat.pickup.minecraft.observer":50,"stat.craftItem.minecraft.lit_pumpkin":272,"stat.craftItem.minecraft.cobblestone_wall":2976,"stat.craftItem.minecraft.stone_sword":5,"stat.mineBlock.minecraft.snow_layer":107,"stat.pickup.minecraft.chainmail_chestplate":21,"stat.mineBlock.minecraft.sand":13538,"stat.craftItem.minecraft.wooden_hoe":1,"stat.craftItem.minecraft.slime":403,"stat.hopperInspected":702,"stat.useItem.minecraft.fence_gate":6,"stat.drop.minecraft.diamond":103,"stat.pickup.minecraft.packed_ice":9752,"stat.pickup.minecraft.ghast_tear":8,"stat.craftItem.minecraft.birch_door":3,"stat.pickup.minecraft.armor_stand":25,"stat.trappedChestTriggered":2320,"stat.drop.minecraft.rail":92,"stat.craftItem.minecraft.magma_cream":8,"stat.craftItem.minecraft.observer":25,"stat.craftItem.minecraft.pumpkin_seeds":12,"stat.pickup.minecraft.wooden_button":29,"stat.mineBlock.minecraft.lapis_block":1,"stat.drop.minecraft.wooden_pressure_plate":1,"stat.useItem.minecraft.minecart":38,"stat.useItem.minecraft.cooked_mutton":60,"stat.pickup.minecraft.totem_of_undying":3,"stat.drop.minecraft.stained_hardened_clay":15,"stat.drop.minecraft.wooden_button":4,"stat.drop.minecraft.fishing_rod":5,"stat.drop.minecraft.pumpkin_seeds":12,"stat.drop.minecraft.prismarine_shard":5,"stat.killEntity.Horse":2,"stat.pickup.minecraft.stone_stairs":1086,"stat.craftItem.minecraft.fence_gate":6,"stat.pickup.minecraft.pumpkin_seeds":18,"stat.pickup.minecraft.golden_carrot":1,"stat.drop.minecraft.fireworks":61,"stat.drop.minecraft.snowball":48,"stat.pickup.minecraft.saddle":9,"stat.pickup.minecraft.fermented_spider_eye":1,"stat.mineBlock.minecraft.soul_sand":570,"stat.mineBlock.minecraft.jungle_stairs":16,"stat.pickup.minecraft.blaze_rod":83,"stat.craftItem.minecraft.diamond_block":14,"stat.drop.minecraft.chest":11,"stat.pickup.minecraft.netherrack":61989,"stat.pickup.minecraft.pumpkin":15,"stat.pickup.minecraft.spruce_door":5,"stat.recordPlayed":3,"stat.drop.minecraft.hopper":4,"stat.drop.minecraft.packed_ice":119,"stat.pickup.minecraft.waterlily":13,"stat.useItem.minecraft.sponge":8,"stat.craftItem.minecraft.redstone_torch":324,"stat.useItem.minecraft.packed_ice":5132,"stat.craftItem.minecraft.iron_hoe":3,"stat.drop.minecraft.stone":7105,"stat.useItem.minecraft.trapped_chest":164,"stat.pickup.minecraft.melon_seeds":15,"stat.drop.minecraft.gold_ore":2,"stat.pickup.minecraft.dropper":33,"stat.pickup.minecraft.golden_leggings":68,"stat.pickup.minecraft.melon":89,"stat.drop.minecraft.stained_glass_pane":40,"stat.drop.minecraft.milk_bucket":1,"stat.dropperInspected":223,"stat.pickup.minecraft.heavy_weighted_pressure_plate":2,"stat.useItem.minecraft.golden_rail":293,"stat.drop.minecraft.bone":198,"stat.craftItem.minecraft.wooden_button":44,"stat.useItem.minecraft.furnace":115,"stat.pickup.minecraft.slime":166,"stat.pickup.minecraft.iron_leggings":3,"stat.mineBlock.minecraft.snow":2,"stat.mineBlock.minecraft.gravel":2860,"stat.mineBlock.minecraft.beacon":6,"stat.useItem.minecraft.wool":138,"stat.drop.minecraft.reeds":15,"stat.pickup.minecraft.flint_and_steel":3,"stat.drop.minecraft.record_13":2,"stat.useItem.minecraft.torch":12621,"stat.pickup.minecraft.golden_apple":25,"stat.craftItem.minecraft.redstone_block":369,"stat.pickup.minecraft.birch_fence_gate":3,"stat.craftItem.minecraft.stone_stairs":1076,"stat.drop.minecraft.diamond_horse_armor":1,"stat.pickup.minecraft.crafting_table":224,"stat.useItem.minecraft.log":1530,"stat.useItem.minecraft.comparator":66,"stat.drop.minecraft.tallgrass":6,"stat.craftItem.minecraft.crafting_table":111,"stat.craftItem.minecraft.boat":133,"stat.mineBlock.minecraft.emerald_ore":2,"stat.pickup.minecraft.redstone_block":31,"stat.useItem.minecraft.cooked_fish":236,"stat.drop.minecraft.sign":4,"stat.drop.minecraft.stonebrick":7,"stat.craftItem.minecraft.stone_button":1120,"stat.drop.minecraft.planks":307,"stat.pickup.minecraft.web":17,"stat.pickup.minecraft.sapling":1769,"stat.craftItem.minecraft.red_glazed_terracotta":6,"stat.drop.minecraft.melon_seeds":5,"stat.useItem.minecraft.birch_door":7,"stat.drop.minecraft.bow":219,"stat.pickup.minecraft.beetroot":68,"stat.drop.minecraft.golden_chestplate":54,"stat.killEntity.WitherSkeleton":237,"stat.useItem.minecraft.wooden_pressure_plate":10,"stat.drop.minecraft.acacia_door":2,"stat.pickup.minecraft.golden_sword":4,"stat.drop.minecraft.birch_door":3,"stat.craftItem.minecraft.sugar":16,"stat.drop.minecraft.bucket":1,"stat.craftItem.minecraft.spruce_fence_gate":2,"stat.useItem.minecraft.baked_potato":123,"stat.pickup.minecraft.stone_slab":6612,"stat.drop.minecraft.yellow_flower":99,"stat.pickup.minecraft.yellow_flower":231,"stat.drop.minecraft.ghast_tear":4,"stat.pickup.minecraft.golden_rail":1284,"stat.useItem.minecraft.fishing_rod":2116,"stat.craftItem.minecraft.jungle_door":6,"stat.drop.minecraft.stone_pickaxe":1,"stat.craftItem.minecraft.diamond_chestplate":5,"stat.pickup.minecraft.bone":444,"stat.craftItem.minecraft.sticky_piston":13,"stat.pickup.minecraft.redstone_torch":220,"stat.horseOneCm":5206099,"stat.drop.minecraft.tripwire_hook":2,"stat.useItem.minecraft.log2":5333,"stat.mineBlock.minecraft.slime":38,"stat.drop.minecraft.red_mushroom":44,"stat.drop.minecraft.mossy_cobblestone":7,"stat.drop.minecraft.prismarine_crystals":6,"stat.mineBlock.minecraft.brown_mushroom":32,"stat.useItem.minecraft.diamond_sword":1852,"stat.craftItem.minecraft.diamond_helmet":3,"stat.climbOneCm":1629512,"stat.craftItem.minecraft.gold_block":9,"stat.enderchestOpened":580,"stat.useItem.minecraft.redstone_torch":283,"stat.pickup.minecraft.golden_helmet":42,"stat.drop.minecraft.quartz":53,"stat.craftItem.minecraft.purple_shulker_box":27,"stat.useItem.minecraft.red_flower":45,"stat.pickup.minecraft.daylight_detector":4,"stat.useItem.minecraft.leaves2":311,"stat.pickup.minecraft.anvil":8,"stat.useItem.minecraft.iron_ore":18,"stat.craftItem.minecraft.trapdoor":318,"stat.craftItem.minecraft.stone_pickaxe":1,"stat.pickup.minecraft.cobblestone":56768,"stat.craftItem.minecraft.glass_bottle":84,"stat.pickup.minecraft.soul_sand":549,"stat.craftItem.minecraft.golden_axe":1,"stat.useItem.minecraft.cooked_beef":180,"stat.pickup.minecraft.cactus":157,"stat.pickup.minecraft.redstone":4486,"stat.craftItem.minecraft.dispenser":22,"stat.mineBlock.minecraft.iron_ore":2458,"stat.craftItem.minecraft.book":1,"stat.craftItem.minecraft.acacia_door":3,"stat.pickup.minecraft.mossy_cobblestone":304,"stat.drop.minecraft.coal":64,"stat.drop.minecraft.iron_bars":90,"stat.drop.minecraft.dirt":1490,"stat.useItem.minecraft.cooked_porkchop":208,"stat.pickup.minecraft.iron_shovel":32,"stat.pickup.minecraft.carpet":4652,"stat.pickup.minecraft.trapdoor":376,"stat.pickup.minecraft.diamond_shovel":3,"stat.pickup.minecraft.jungle_stairs":16,"stat.useItem.minecraft.chest_minecart":2,"stat.useItem.minecraft.sea_lantern":358,"stat.pickup.minecraft.silver_shulker_box":125,"stat.pickup.minecraft.nether_star":4,"stat.pickup.minecraft.sandstone_stairs":253,"stat.useItem.minecraft.spruce_fence":288,"stat.craftItem.minecraft.chest_minecart":2,"stat.pickup.minecraft.jungle_fence_gate":8,"stat.craftItem.minecraft.stick":6916,"stat.craftItem.minecraft.stained_hardened_clay":960,"stat.craftItem.minecraft.gold_nugget":63,"stat.pickup.minecraft.grass":4292,"stat.useItem.minecraft.stone_pressure_plate":42,"stat.drop.minecraft.leaves":221,"stat.breakItem.minecraft.iron_hoe":1,"stat.pickup.minecraft.golden_horse_armor":4,"stat.pickup.minecraft.diamond_chestplate":4,"stat.breakItem.minecraft.shears":10,"stat.mineBlock.minecraft.planks":12981,"stat.drop":3387,"stat.pickup.minecraft.jukebox":1,"stat.killEntity.Sheep":33,"stat.drop.minecraft.iron_boots":5,"stat.pickup.minecraft.golden_chestplate":60,"stat.useItem.minecraft.melon_seeds":3,"stat.drop.minecraft.bread":5,"stat.pickup.minecraft.purpur_pillar":4,"stat.drop.minecraft.flower_pot":2,"stat.craftItem.minecraft.piston":44,"stat.useItem.minecraft.quartz_stairs":58,"stat.killEntity.EvocationIllager":2,"stat.killEntity.Slime":152,"stat.mineBlock.minecraft.anvil":7,"stat.pickup.minecraft.purple_shulker_box":187,"stat.useItem.minecraft.waterlily":8,"stat.useItem.minecraft.apple":1,"stat.mineBlock.minecraft.deadbush":9,"stat.drop.minecraft.chainmail_helmet":11,"stat.useItem.minecraft.carpet":3154,"stat.useItem.minecraft.potion":6,"stat.useItem.minecraft.flower_pot":10,"stat.mineBlock.minecraft.purpur_pillar":6,"stat.pickup.minecraft.fence":424,"stat.useItem.minecraft.stone_axe":132,"stat.craftItem.minecraft.iron_helmet":6,"stat.craftItem.minecraft.rail":16,"stat.drop.minecraft.glass":130,"stat.boatOneCm":27960954,"stat.drop.minecraft.magma_cream":6,"stat.craftItem.minecraft.flint_and_steel":7,"stat.useItem.minecraft.redstone_lamp":43,"stat.mineBlock.minecraft.leaves2":1256,"stat.mineBlock.minecraft.stone_stairs":748,"stat.craftItem.minecraft.iron_bars":528,"stat.mineBlock.minecraft.furnace":51,"stat.pickup.minecraft.dark_oak_fence":910,"stat.pickup.minecraft.prismarine_shard":5,"stat.pickup.minecraft.end_crystal":4,"stat.drop.minecraft.water_bucket":4,"stat.killEntity.CaveSpider":5,"stat.craftItem.minecraft.netherbrick":237,"stat.craftItem.minecraft.birch_fence":414,"stat.pickup.minecraft.oak_stairs":987,"stat.pickup.minecraft.stained_glass":675,"stat.damageDealt":225888,"stat.craftItem.minecraft.anvil":10,"stat.mineBlock.minecraft.nether_brick_stairs":38,"stat.pickup.minecraft.end_bricks":2,"stat.useItem.minecraft.crafting_table":275,"stat.pickup.minecraft.boat":680,"stat.craftItem.minecraft.stone_shovel":32,"stat.pickup.minecraft.stick":233,"stat.drop.minecraft.vine":2,"stat.craftItem.minecraft.birch_fence_gate":4,"stat.drop.minecraft.iron_block":119,"stat.craftItem.minecraft.diamond_boots":3,"stat.craftItem.minecraft.writable_book":1,"stat.useItem.minecraft.redstone_block":35,"stat.drop.minecraft.leather_chestplate":40,"stat.useItem.minecraft.spruce_stairs":1420,"stat.craftItem.minecraft.redstone":945,"stat.useItem.minecraft.cactus":24,"stat.pickup.minecraft.chorus_fruit":26,"stat.drop.minecraft.purpur_block":3,"stat.mineBlock.minecraft.purple_glazed_terracotta":7,"stat.killEntity.Chicken":40,"stat.drop.minecraft.crafting_table":10,"stat.useItem.minecraft.iron_block":887,"stat.mineBlock.minecraft.quartz_ore":822,"stat.pickup.minecraft.concrete_powder":839,"stat.craftItem.minecraft.tnt":64,"stat.drop.minecraft.filled_map":1,"stat.craftItem.minecraft.fence":282,"stat.craftItem.minecraft.jungle_fence":36,"stat.useItem.minecraft.golden_apple":4,"stat.mineBlock.minecraft.leaves":3238,"stat.mineBlock.minecraft.piston":49,"stat.mineBlock.minecraft.hay_block":43,"stat.craftItem.minecraft.tripwire_hook":274,"stat.beaconInteraction":29,"stat.drop.minecraft.dark_oak_boat":2,"stat.pickup.minecraft.wooden_slab":3093,"stat.leaveGame":226,"stat.killEntity.Parrot":1,"stat.pickup.minecraft.jungle_fence":23,"stat.useItem.minecraft.glowstone":117,"stat.mineBlock.minecraft.sandstone":5580,"stat.craftItem.minecraft.ender_eye":23,"stat.killEntity.PigZombie":48,"stat.craftItem.minecraft.shield":7,"stat.craftItem.minecraft.stone_pressure_plate":38,"stat.drop.minecraft.feather":2000,"stat.mineBlock.minecraft.birch_fence_gate":4,"stat.pickup.minecraft.leaves2":537,"stat.useItem.minecraft.sandstone_stairs":667,"stat.useItem.minecraft.birch_boat":1,"stat.mineBlock.minecraft.wooden_slab":2279,"stat.pickup.minecraft.leather_boots":56,"stat.killEntity.Witch":20,"stat.drop.minecraft.sand":236,"stat.drop.minecraft.gold_ingot":64,"stat.craftItem.minecraft.wooden_pickaxe":1,"stat.craftItem.minecraft.iron_door":24,"stat.useItem.minecraft.iron_shovel":1408,"stat.drop.minecraft.chainmail_leggings":14,"stat.drop.minecraft.cooked_mutton":56,"stat.craftItem.minecraft.bed":23,"stat.drop.minecraft.wooden_shovel":39,"stat.mineBlock.minecraft.hopper":277,"stat.mineBlock.minecraft.vine":157,"stat.drop.minecraft.gravel":269,"stat.mineBlock.minecraft.rail":602,"stat.useItem.minecraft.pumpkin_seeds":4,"stat.killEntity.ZombieVillager":31,"stat.drop.minecraft.red_flower":1355,"stat.useItem.minecraft.double_plant":264,"stat.pickup.minecraft.prismarine":322,"stat.pickup.minecraft.beef":84,"stat.pickup.minecraft.leather_helmet":42,"stat.pickup.minecraft.cauldron":1,"stat.mineBlock.minecraft.stained_hardened_clay":1724,"stat.useItem.minecraft.trapdoor":464,"stat.useItem.minecraft.stained_glass":1502,"stat.drop.minecraft.lead":1,"stat.useItem.minecraft.dark_oak_door":3,"stat.pickup.minecraft.magenta_shulker_box":2,"stat.mineBlock.minecraft.dark_oak_fence_gate":26,"stat.useItem.minecraft.wooden_button":63,"stat.craftItem.minecraft.dropper":24,"stat.useItem.minecraft.dye":4650,"stat.mineBlock.minecraft.stone_pressure_plate":27,"stat.useItem.minecraft.nether_brick":145,"stat.drop.minecraft.torch":115,"stat.drop.minecraft.glass_bottle":10,"stat.useItem.minecraft.jukebox":1,"stat.mineBlock.minecraft.tallgrass":4477,"stat.useItem.minecraft.splash_potion":1,"stat.drop.minecraft.quartz_ore":4,"stat.useItem.minecraft.stone":15809,"stat.pickup.minecraft.arrow":622,"stat.pickup.minecraft.wooden_pressure_plate":5,"stat.killEntity.Ghast":18,"stat.useItem.minecraft.ender_chest":124,"stat.useItem.minecraft.white_shulker_box":2,"stat.drop.minecraft.iron_pickaxe":3,"stat.mineBlock.minecraft.chest":233,"stat.pickup.minecraft.painting":51,"stat.mineBlock.minecraft.concrete_powder":305,"stat.mineBlock.minecraft.hardened_clay":1120,"stat.craftItem.minecraft.hopper":470,"stat.pickup.minecraft.nether_brick_fence":103,"stat.useItem.minecraft.purple_glazed_terracotta":15,"stat.pickup.minecraft.yellow_shulker_box":1,"stat.useItem.minecraft.reeds":161,"stat.craftItem.minecraft.nether_brick":168,"stat.craftItem.minecraft.diamond_shovel":12,"stat.pickup.minecraft.wheat_seeds":3499,"stat.drop.minecraft.snow":4,"stat.mineBlock.minecraft.glass":112,"stat.drop.minecraft.spruce_fence":57,"stat.useItem.minecraft.enchanting_table":4,"stat.useItem.minecraft.record_13":3,"stat.mineBlock.minecraft.dirt":39919,"stat.pickup.minecraft.poisonous_potato":9,"stat.useItem.minecraft.bread":3,"stat.pickup.minecraft.brewing_stand":2,"stat.drop.minecraft.porkchop":2,"stat.pickup.minecraft.light_blue_shulker_box":19,"stat.useItem.minecraft.cobblestone":9439,"stat.useItem.minecraft.gravel":380,"stat.mineBlock.minecraft.double_plant":182,"stat.minecartOneCm":663081,"stat.drop.minecraft.chicken":28,"stat.pickup.minecraft.iron_pickaxe":3,"stat.drop.minecraft.carrot":134,"stat.mineBlock.minecraft.end_rod":1,"stat.craftItem.minecraft.gold_ingot":156,"stat.pickup.minecraft.hopper":288,"stat.mineBlock.minecraft.silver_shulker_box":125,"stat.craftItem.minecraft.brewing_stand":1,"stat.pickup.minecraft.apple":107,"stat.useItem.minecraft.fireworks":48,"stat.pickup.minecraft.banner":65,"stat.killEntity.ElderGuardian":3,"stat.itemEnchanted":176,"stat.mineBlock.minecraft.log":6436,"stat.mineBlock.minecraft.heavy_weighted_pressure_plate":2,"stat.useItem.minecraft.wooden_door":18,"stat.useItem.minecraft.spruce_door":11,"stat.craftItem.minecraft.paper":1158,"stat.pickup.minecraft.red_flower":205,"stat.pickup.minecraft.wool":1154,"stat.craftItem.minecraft.trapped_chest":232,"stat.drop.minecraft.grass":40,"stat.pickup.minecraft.trapped_chest":151,"stat.drop.minecraft.totem_of_undying":2,"stat.drop.minecraft.pumpkin":4,"stat.mineBlock.minecraft.orange_glazed_terracotta":1,"stat.craftItem.minecraft.diamond_leggings":3,"stat.useItem.minecraft.iron_axe":309,"stat.useItem.minecraft.orange_glazed_terracotta":1,"stat.drop.minecraft.stone_shovel":33,"stat.mineBlock.minecraft.silver_glazed_terracotta":38,"stat.mineBlock.minecraft.yellow_flower":157,"stat.useItem.minecraft.skull":37,"stat.craftItem.minecraft.wool":362,"stat.useItem.minecraft.snow":10,"stat.drop.minecraft.saddle":1,"stat.useItem.minecraft.concrete_powder":1356,"stat.pickup.minecraft.enchanted_book":2,"stat.pickup.minecraft.glowstone":309,"stat.craftItem.minecraft.arrow":52,"stat.useItem.minecraft.obsidian":162,"stat.pickup.minecraft.sticky_piston":49,"stat.pickup.minecraft.bow":36,"stat.pickup.minecraft.white_glazed_terracotta":1,"stat.craftItem.minecraft.dark_oak_door":9,"stat.useItem.minecraft.egg":51,"stat.craftItem.minecraft.spruce_boat":2,"stat.pickup.minecraft.coal_ore":470,"stat.craftItem.minecraft.cooked_beef":197,"stat.mineBlock.minecraft.obsidian":279,"stat.pickup.minecraft.shears":4,"stat.craftItem.minecraft.bow":62,"stat.pickup.minecraft.iron_trapdoor":46,"stat.flyOneCm":29031085,"stat.pickup.minecraft.sandstone":6412,"stat.pickup.minecraft.nether_brick_stairs":41,"stat.pickup.minecraft.fish":2,"stat.craftItem.minecraft.stained_glass":3144,"stat.timeSinceDeath":3760094,"stat.pickup.minecraft.quartz_ore":37,"stat.craftItem.minecraft.painting":3,"stat.cauldronFilled":5,"stat.drop.minecraft.repeater":6,"stat.killEntity.Bat":16,"stat.drop.minecraft.blaze_powder":6,"stat.useItem.minecraft.potato":262,"stat.pickup.minecraft.chainmail_helmet":7,"stat.pickup.minecraft.nether_wart":111,"stat.mineBlock.minecraft.enchanting_table":3,"stat.pickup.minecraft.spruce_fence":192,"stat.craftItem.minecraft.concrete_powder":1528,"stat.mineBlock.minecraft.coal_ore":3470,"stat.pickup.minecraft.shield":5,"stat.talkedToVillager":126,"stat.craftItem.minecraft.stone_hoe":2,"stat.drop.minecraft.baked_potato":5,"stat.mineBlock.minecraft.red_mushroom_block":242,"stat.pickup.minecraft.string":212,"stat.craftItem.minecraft.blue_glazed_terracotta":16,"stat.mineBlock.minecraft.ladder":38,"stat.drop.minecraft.redstone_lamp":7,"stat.useItem.minecraft.milk_bucket":5,"stat.useItem.minecraft.written_book":4,"stat.mineBlock.minecraft.chorus_flower":4,"stat.useItem.minecraft.diamond_shovel":55912,"stat.mineBlock.minecraft.diamond_ore":290,"stat.pickup.minecraft.fireworks":152,"stat.craftItem.minecraft.wooden_pressure_plate":7,"stat.drop.minecraft.redstone_ore":12,"stat.craftItem.minecraft.white_glazed_terracotta":1,"stat.useItem.minecraft.ladder":374,"stat.useItem.minecraft.diamond_ore":47,"stat.drop.minecraft.purpur_pillar":4,"stat.useItem.minecraft.cyan_shulker_box":72,"stat.pickup.minecraft.snowball":226,"stat.useItem.minecraft.birch_stairs":529,"stat.killEntity.Guardian":1,"stat.craftItem.minecraft.sandstone_stairs":560,"stat.diveOneCm":2855945,"stat.useItem.minecraft.sticky_piston":58,"stat.craftItem.minecraft.ladder":267,"stat.drop.minecraft.dark_oak_fence":2,"stat.mineBlock.minecraft.stone_button":22,"stat.drop.minecraft.ladder":55,"stat.pickup.minecraft.stone_axe":2,"stat.pickup.minecraft.stained_glass_pane":370,"stat.drop.minecraft.apple":29,"stat.craftItem.minecraft.diamond_sword":23,"stat.drop.minecraft.sandstone":321,"stat.jump":109953,"stat.useItem.minecraft.sand":2507,"stat.mineBlock.minecraft.observer":43,"stat.craftItem.minecraft.torch":7696,"stat.drop.minecraft.glowstone":31,"stat.craftItem.minecraft.fermented_spider_eye":2,"stat.mineBlock.minecraft.purpur_block":11,"stat.useItem.minecraft.glass":1445,"stat.pickup.minecraft.stone_shovel":2,"stat.useItem.minecraft.sapling":655,"stat.pickup.minecraft.gold_ore":178,"stat.mineBlock.minecraft.glass_pane":417,"stat.damageTaken":33057,"stat.useItem.minecraft.end_crystal":4,"stat.mineBlock.minecraft.melon_block":15,"stat.mineBlock.minecraft.sapling":38,"stat.pickup.minecraft.log2":10844,"stat.mineBlock.minecraft.sandstone_stairs":173,"stat.useItem.minecraft.purple_shulker_box":191,"stat.pickup.minecraft.bed":24,"stat.drop.minecraft.nether_brick_fence":54,"stat.pickup.minecraft.concrete":1821,"stat.pickup.minecraft.quartz_block":3,"stat.pickup.minecraft.potato":1008,"stat.killEntity.Shulker":30,"stat.entityKilledBy.Zombie":1,"stat.killEntity.Silverfish":7,"stat.craftItem.minecraft.stone_slab":24023,"stat.animalsBred":241,"stat.useItem.minecraft.chest":646,"stat.mineBlock.minecraft.light_blue_shulker_box":19,"stat.useItem.minecraft.observer":68,"stat.useItem.minecraft.birch_fence_gate":5,"stat.shulkerBoxOpened":4209,"stat.craftItem.minecraft.iron_chestplate":9,"stat.pickup.minecraft.baked_potato":10,"stat.drop.minecraft.potato":73,"stat.pickup.minecraft.ender_pearl":1055,"stat.drop.minecraft.wooden_slab":9,"stat.pickup.minecraft.ladder":264,"stat.useItem.minecraft.netherrack":3174,"stat.craftItem.minecraft.stained_glass_pane":3909,"stat.craftItem.minecraft.bookshelf":145,"stat.useItem.minecraft.tripwire_hook":24,"stat.mineBlock.minecraft.stonebrick":3246,"stat.drop.minecraft.jungle_fence_gate":1,"stat.mineBlock.minecraft.glowstone":199,"stat.craftItem.minecraft.shears":26,"stat.useItem.minecraft.cobblestone_wall":3276,"stat.pickup.minecraft.iron_horse_armor":2,"stat.drop.minecraft.spruce_stairs":13,"stat.useItem.minecraft.writable_book":1,"stat.pickup.minecraft.torch":5575,"stat.mineBlock.minecraft.red_glazed_terracotta":17,"stat.drop.minecraft.stone_axe":5,"stat.pickup.minecraft.spruce_boat":32,"stat.drop.minecraft.arrow":1615,"stat.drop.minecraft.shears":4,"stat.craftItem.minecraft.compass":28,"stat.pickup.minecraft.dark_oak_fence_gate":44,"stat.drop.minecraft.waterlily":5,"stat.craftItem.minecraft.iron_axe":3,"stat.mineBlock.minecraft.purple_shulker_box":187,"stat.pickup.minecraft.lapis_block":1,"stat.drop.minecraft.trapdoor":12,"stat.pickup.minecraft.fishing_rod":2,"stat.useItem.minecraft.planks":11803,"stat.useItem.minecraft.nether_brick_stairs":180,"stat.pickup.minecraft.porkchop":429,"stat.pickup.minecraft.glass":654,"stat.pickup.minecraft.blaze_powder":8,"stat.useItem.minecraft.water_bucket":1734,"stat.pickup.minecraft.sand":13609,"stat.mineBlock.minecraft.jungle_fence_gate":7,"stat.craftItem.minecraft.dark_oak_fence":1590,"stat.pickup.minecraft.hardened_clay":1197,"stat.entityKilledBy.Spider":1,"stat.pickup.minecraft.name_tag":15,"stat.drop.minecraft.splash_potion":2,"stat.pickup.minecraft.activator_rail":12,"stat.aviateOneCm":43544372,"stat.useItem.minecraft.brown_mushroom":2,"stat.useItem.minecraft.ender_pearl":11,"stat.craftItem.minecraft.cooked_fish":256,"stat.craftItem.minecraft.blaze_powder":60,"stat.drop.minecraft.golden_sword":4,"stat.useItem.minecraft.red_glazed_terracotta":17,"stat.useItem.minecraft.oak_stairs":912,"stat.craftItem.minecraft.golden_carrot":7,"stat.mineBlock.minecraft.dark_oak_stairs":1133,"stat.mineBlock.minecraft.white_glazed_terracotta":1,"stat.useItem.minecraft.dark_oak_stairs":1870,"stat.drop.minecraft.dark_oak_fence_gate":34,"stat.drop.minecraft.stone_slab":292,"stat.mineBlock.minecraft.birch_stairs":219,"stat.pickup.minecraft.filled_map":59,"stat.pickup.minecraft.furnace":60,"stat.useItem.minecraft.redstone":1020,"stat.mineBlock.minecraft.end_bricks":2,"stat.mineBlock.minecraft.redstone_lamp":12,"stat.pickup.minecraft.end_rod":1,"stat.pickup.minecraft.iron_chestplate":6,"stat.pickup.minecraft.skull":47,"stat.useItem.minecraft.stone_stairs":1329,"stat.useItem.minecraft.hopper":730,"stat.craftItem.minecraft.heavy_weighted_pressure_plate":7,"stat.mineBlock.minecraft.oak_stairs":858,"stat.playOneMinute":25996250,"stat.pickup.minecraft.birch_door":10,"stat.drop.minecraft.string":38,"stat.useItem.minecraft.jungle_stairs":34,"stat.useItem.minecraft.shears":3294,"stat.mineBlock.minecraft.brown_mushroom_block":100,"stat.pickup.minecraft.beacon":7,"stat.pickup.minecraft.iron_bars":399,"stat.pickup.minecraft.dispenser":36,"stat.pickup.minecraft.red_glazed_terracotta":17,"stat.mineBlock.minecraft.dark_oak_fence":785,"stat.craftItem.minecraft.carpet":1002,"stat.mineBlock.minecraft.dispenser":35,"stat.mineBlock.minecraft.netherrack":79155,"stat.craftItem.minecraft.dark_oak_stairs":992,"stat.drop.minecraft.flint":54,"stat.craftItem.minecraft.iron_nugget":9,"stat.breakItem.minecraft.leather_helmet":1,"stat.pickup.minecraft.cooked_chicken":153,"stat.fallOneCm":1640054,"stat.drop.minecraft.dye":294,"stat.craftItem.minecraft.chest":1199,"stat.useItem.minecraft.nether_brick_fence":5,"stat.craftItem.minecraft.banner":10,"stat.mineBlock.minecraft.lever":55,"stat.pickup.minecraft.red_mushroom":120,"stat.useItem.minecraft.iron_hoe":446,"stat.pickup.minecraft.milk_bucket":7,"stat.pickup.minecraft.comparator":37,"stat.drop.minecraft.leaves2":11,"stat.pickup.minecraft.feather":54,"stat.drop.minecraft.iron_leggings":2,"stat.pickup.minecraft.record_cat":8,"stat.drop.minecraft.concrete":64,"stat.mineBlock.minecraft.spruce_fence":127,"stat.craftItem.minecraft.dark_oak_fence_gate":54,"stat.pickup.minecraft.lead":48,"stat.useItem.minecraft.stone_pickaxe":107,"stat.craftItem.minecraft.birch_stairs":496,"stat.useItem.minecraft.stone_sword":372,"stat.craftItem.minecraft.iron_leggings":6,"stat.craftItem.minecraft.oak_stairs":280,"stat.pickup.minecraft.redstone_ore":184,"stat.pickup.minecraft.chainmail_boots":28,"stat.drop.minecraft.stick":54,"stat.pickup.minecraft.record_13":8,"stat.useItem.minecraft.iron_bars":556,"stat.mineBlock.minecraft.monster_egg":3,"stat.mineBlock.minecraft.quartz_stairs":37,"stat.drop.minecraft.stone_brick_stairs":13,"stat.killEntity.LavaSlime":118,"stat.pickup.minecraft.log":7033,"stat.mineBlock.minecraft.golden_rail":68,"stat.craftItem.minecraft.hopper_minecart":13,"stat.pickup.minecraft.tallgrass":12,"stat.pickup.minecraft.chainmail_leggings":10,"stat.pickup.minecraft.wooden_door":17,"stat.mineBlock.minecraft.iron_block":518,"stat.mineBlock.minecraft.tripwire_hook":17,"stat.craftItem.minecraft.snow":16,"stat.pickup.minecraft.diamond_helmet":5,"stat.drop.minecraft.dropper":2,"stat.useItem.minecraft.jungle_door":5,"stat.craftItem.minecraft.cooked_chicken":11,"stat.useItem.minecraft.stone_hoe":11,"stat.sneakTime":1474107,"stat.mineBlock.minecraft.cobblestone_wall":871,"stat.useItem.minecraft.brewing_stand":3,"stat.mineBlock.minecraft.jukebox":1,"stat.pickup.minecraft.chest":258,"stat.craftItem.minecraft.enchanting_table":1,"stat.drop.minecraft.sugar":4,"stat.pickup.minecraft.stone_pressure_plate":19,"stat.pickup.minecraft.lit_pumpkin":36,"stat.drop.minecraft.beetroot":42,"stat.useItem.minecraft.repeater":201,"stat.drop.minecraft.leather_helmet":40,"stat.craftItem.minecraft.stone_brick_stairs":4044,"stat.useItem.minecraft.silver_glazed_terracotta":92,"stat.craftItem.minecraft.iron_trapdoor":49,"stat.swimOneCm":3955796,"stat.mineBlock.minecraft.spruce_stairs":379,"stat.drop.minecraft.brown_mushroom":31,"stat.useItem.minecraft.dirt":22279,"stat.pickup.minecraft.purpur_block":5,"stat.pickup.minecraft.enchanting_table":3,"stat.drop.minecraft.iron_trapdoor":3,"stat.craftItem.minecraft.melon_block":243,"stat.drop.minecraft.ender_pearl":1956,"stat.mineBlock.minecraft.magma":301,"stat.pickup.minecraft.quartz_stairs":37,"stat.mineBlock.minecraft.carpet":3586,"stat.drop.minecraft.fence":2,"stat.mineBlock.minecraft.redstone_block":31,"stat.useItem.minecraft.stone_shovel":200,"stat.pickup.minecraft.glass_bottle":4,"stat.drop.minecraft.wheat_seeds":673,"stat.craftItem.minecraft.wooden_slab":10129,"stat.useItem.minecraft.sign":172,"stat.drop.minecraft.log":315,"stat.pickup.minecraft.mutton":53,"stat.useItem.minecraft.lever":144,"stat.pickup.minecraft.dark_oak_door":8,"stat.drop.minecraft.golden_boots":59,"stat.pickup.minecraft.stonebrick":3647,"stat.pickup.minecraft.redstone_lamp":33,"stat.drop.minecraft.beetroot_seeds":99,"stat.mineBlock.minecraft.nether_brick":640,"stat.craftItem.minecraft.nether_brick_fence":36,"stat.drop.minecraft.log2":217,"stat.useItem.minecraft.golden_axe":33,"stat.useItem.minecraft.stone_slab":25300,"stat.craftItem.minecraft.jungle_fence_gate":65,"stat.useItem.minecraft.bed":47,"stat.craftItem.minecraft.stone":8260,"stat.craftItem.minecraft.armor_stand":28,"stat.mineBlock.minecraft.crafting_table":218,"stat.useItem.minecraft.diamond_pickaxe":251090,"stat.mineBlock.minecraft.quartz_block":3,"stat.useItem.minecraft.carrot":1367,"stat.killEntity.Endermite":1,"stat.useItem.minecraft.ender_eye":11,"stat.drop.minecraft.golden_apple":12,"stat.useItem.minecraft.bucket":1804,"stat.pickup.minecraft.stone_button":36,"stat.pickup.minecraft.slime_ball":97,"stat.drop.minecraft.blaze_rod":14,"stat.useItem.minecraft.purpur_block":2,"stat.mineBlock.minecraft.cyan_shulker_box":73,"stat.craftItem.minecraft.diamond_pickaxe":21,"stat.craftItem.minecraft.clay":13,"stat.craftItem.minecraft.jukebox":1,"stat.pickup.minecraft.gravel":2445,"stat.useItem.minecraft.glass_bottle":42,"stat.useItem.minecraft.diamond_axe":39152,"stat.pickup.minecraft.purpur_stairs":2,"stat.useItem.minecraft.stained_glass_pane":3660,"stat.pickup.minecraft.stone_brick_stairs":1038,"stat.pickup.minecraft.diamond_sword":8,"stat.killEntity.SkeletonHorse":8,"stat.useItem.minecraft.wooden_hoe":2,"stat.pickup.minecraft.iron_helmet":5,"stat.craftItem.minecraft.birch_boat":1,"stat.useItem.minecraft.piston":75,"stat.pickup.minecraft.spider_eye":24,"stat.useItem.minecraft.stone_button":1145,"stat.pickup.minecraft.diamond_ore":59,"stat.mineBlock.minecraft.magenta_shulker_box":2,"stat.useItem.minecraft.cooked_chicken":1933,"stat.craftItem.minecraft.end_crystal":4,"stat.pickup.minecraft.iron_ore":2371,"stat.pickup.minecraft.snow":4,"stat.mineBlock.minecraft.iron_bars":220,"stat.pickup.minecraft.leaves":2038,"stat.pickup.minecraft.leather":86,"stat.drop.minecraft.iron_hoe":2,"stat.useItem.minecraft.wooden_pickaxe":11,"stat.dispenserInspected":312,"stat.pickup.minecraft.reeds":129,"stat.pickup.minecraft.prismarine_crystals":4,"stat.useItem.minecraft.magma":29,"stat.drop.minecraft.cooked_chicken":29,"stat.craftItem.minecraft.glass":4,"stat.craftItem.minecraft.cauldron":5,"stat.sleepInBed":180,"stat.craftItem.minecraft.baked_potato":128,"stat.killEntity.Cow":28,"stat.pickup.minecraft.minecart":47,"stat.killEntity.Pig":153,"stat.craftItem.minecraft.iron_sword":8,"stat.pickup.minecraft.piston":49,"stat.breakItem.minecraft.fishing_rod":1,"stat.walkOneCm":100405808,"stat.pickup.minecraft.clay_ball":100,"stat.mineBlock.minecraft.trapped_chest":24,"stat.useItem.minecraft.dark_oak_fence_gate":53,"stat.pickup.minecraft.purpur_slab":1,"stat.useItem.minecraft.spruce_boat":48,"stat.drop.minecraft.diamond_axe":2,"stat.drop.minecraft.iron_chestplate":3,"stat.pickup.minecraft.stone":55975,"stat.mineBlock.minecraft.wool":820,"stat.drop.minecraft.slime":64,"stat.pickup.minecraft.silver_glazed_terracotta":38,"stat.drop.minecraft.emerald":4,"stat.craftItem.minecraft.hay_block":73,"stat.mineBlock.minecraft.packed_ice":8629,"stat.useItem.minecraft.leaves":1802,"stat.craftItem.minecraft.minecart":31,"stat.pickup.minecraft.gold_ingot":85,"stat.useItem.minecraft.prismarine":324,"stat.killEntity.Skeleton":276,"stat.mineBlock.minecraft.cactus":9,"stat.drop.minecraft.chainmail_boots":24,"stat.pickup.minecraft.netherbrick":77,"stat.mineBlock.minecraft.redstone_torch":165,"stat.killEntity.Spider":138,"stat.pickup.minecraft.bread":9,"stat.drop.minecraft.end_rod":1,"stat.craftItem.minecraft.spruce_fence":213,"stat.pickup.minecraft.quartz":1312,"stat.pickup.minecraft.birch_fence":386,"stat.breakItem.minecraft.iron_axe":1,"stat.pickup.minecraft.water_bucket":4,"stat.drop.minecraft.prismarine":9,"stat.useItem.minecraft.hopper_minecart":13,"stat.pickup.minecraft.spruce_stairs":470,"stat.mineBlock.minecraft.redstone_ore":848,"stat.pickup.minecraft.elytra":5,"stat.craftItem.minecraft.coal_block":359,"stat.drop.minecraft.beef":20,"stat.mineBlock.minecraft.stone":106925,"stat.useItem.minecraft.sandstone":2661}