{"stat.craftItem.minecraft.chorus_fruit_popped":16,"stat.useItem.minecraft.bow":1168,"stat.useItem.minecraft.quartz_block":823,"stat.useItem.minecraft.painting":414,"stat.drop.minecraft.gunpowder":54,"stat.drop.minecraft.redstone":74,"stat.pickup.minecraft.dark_oak_boat":32,"stat.mineBlock.minecraft.stained_glass":1608,"stat.drop.minecraft.enchanted_book":1,"stat.mineBlock.minecraft.web":540,"stat.drop.minecraft.iron_sword":1,"stat.pickup.minecraft.rotten_flesh":2058,"stat.drop.minecraft.redstone_torch":59,"stat.useItem.minecraft.diamond_hoe":579,"stat.mineBlock.minecraft.purpur_stairs":11,"stat.craftItem.minecraft.stone_axe":2,"stat.useItem.minecraft.vine":125,"stat.drop.minecraft.leather_boots":62,"stat.pickup.minecraft.cobblestone_wall":138,"stat.pickup.minecraft.bucket":29,"stat.useItem.minecraft.rail":956,"stat.killEntity.Enderman":65926,"stat.drop.minecraft.elytra":2,"stat.useItem.minecraft.anvil":164,"stat.craftItem.minecraft.iron_shovel":4,"stat.mineBlock.minecraft.emerald_block":120,"stat.pickup.minecraft.brown_mushroom":3451,"stat.mineBlock.minecraft.end_stone":96,"stat.killEntity.Villager":2,"stat.useItem.minecraft.spider_eye":1,"stat.useItem.minecraft.iron_pickaxe":2074,"stat.pickup.minecraft.stained_hardened_clay":1687,"stat.drop.minecraft.sandstone_stairs":4,"stat.pickup.minecraft.double_plant":1343,"stat.craftItem.minecraft.glass_pane":208,"stat.useItem.minecraft.hardened_clay":593,"stat.drop.minecraft.diamond_chestplate":1,"stat.mineBlock.minecraft.sticky_piston":42,"stat.pickup.minecraft.wooden_shovel":23,"stat.furnaceInteraction":4020,"stat.useItem.minecraft.nether_wart":1828,"stat.useItem.minecraft.golden_carrot":1,"stat.mineBlock.minecraft.chorus_plant":7,"stat.pickup.minecraft.nether_brick":83,"stat.pickup.minecraft.sponge":96,"stat.craftItem.minecraft.leather_helmet":11,"stat.useItem.minecraft.green_shulker_box":318,"stat.useItem.minecraft.end_stone":87,"stat.mineBlock.minecraft.wooden_button":7,"stat.drop.minecraft.cactus":95,"stat.pickup.minecraft.hay_block":10,"stat.pickup.minecraft.cyan_shulker_box":135,"stat.drop.minecraft.magma":2,"stat.useItem.minecraft.fence":390,"stat.drop.minecraft.furnace":42,"stat.mineBlock.minecraft.sponge":93,"stat.craftItem.minecraft.daylight_detector":30,"stat.useItem.minecraft.cauldron":97,"stat.useItem.minecraft.flint_and_steel":273,"stat.mineBlock.minecraft.fence":610,"stat.useItem.minecraft.wheat_seeds":3550,"stat.mineBlock.minecraft.sea_lantern":305,"stat.drop.minecraft.cooked_fish":175,"stat.killEntity.Husk":58,"stat.pickup.minecraft.emerald":98,"stat.craftItem.minecraft.dark_oak_boat":9,"stat.pickup.minecraft.lever":66,"stat.deaths":44,"stat.pickup.minecraft.bowl":9,"stat.pickup.minecraft.egg":518,"stat.craftItem.minecraft.melon_seeds":10,"stat.mineBlock.minecraft.brown_shulker_box":85,"stat.craftItem.minecraft.item_frame":348,"stat.craftItem.minecraft.wooden_shovel":89,"stat.pickup.minecraft.clock":1,"stat.craftItem.minecraft.iron_pickaxe":13,"stat.pickup.minecraft.glass_pane":1,"stat.pickup.minecraft.sea_lantern":724,"stat.pickup.minecraft.item_frame":198,"stat.craftItem.minecraft.repeater":313,"stat.drop.minecraft.iron_ingot":7119,"stat.craftItem.minecraft.cooked_mutton":92,"stat.fishCaught":2692,"stat.pickup.minecraft.cooked_mutton":14,"stat.chestOpened":36789,"stat.useItem.minecraft.lapis_ore":211,"stat.craftItem.minecraft.mossy_cobblestone":15,"stat.craftItem.minecraft.mushroom_stew":12,"stat.craftItem.minecraft.sign":1192,"stat.pickup.minecraft.iron_sword":7,"stat.pickup.minecraft.lapis_ore":317,"stat.craftItem.minecraft.quartz_block":2046,"stat.pickup.minecraft.gold_nugget":56,"stat.pickup.minecraft.chorus_flower":9,"stat.drop.minecraft.banner":2,"stat.craftItem.minecraft.coal":477,"stat.drop.minecraft.dark_oak_stairs":3,"stat.useItem.minecraft.rabbit_stew":1,"stat.craftItem.minecraft.ender_chest":24,"stat.pickup.minecraft.carrot":2039,"stat.drop.minecraft.stone_sword":42,"stat.useItem.minecraft.rabbit":1,"stat.crouchOneCm":18878794,"stat.pickup.minecraft.rail":743,"stat.craftItem.minecraft.diamond":405,"stat.craftItem.minecraft.iron_ingot":7386,"stat.pickup.minecraft.ender_chest":76,"stat.drop.minecraft.slime_ball":109,"stat.craftingTableInteraction":5772,"stat.mineBlock.minecraft.wooden_pressure_plate":1,"stat.pickup.minecraft.jungle_door":1,"stat.useItem.minecraft.light_blue_shulker_box":77,"stat.pickup.minecraft.repeater":69,"stat.pickup.minecraft.mushroom_stew":2,"stat.mineBlock.minecraft.log2":14656,"stat.pickup.minecraft.wooden_pickaxe":1,"stat.useItem.minecraft.dark_oak_fence":1785,"stat.drop.minecraft.rabbit":15,"stat.pickup.minecraft.dye":11775,"stat.pickup.minecraft.planks":4770,"stat.drop.minecraft.minecart":7,"stat.drop.minecraft.soul_sand":92,"stat.drop.minecraft.carpet":101,"stat.mineBlock.minecraft.ender_chest":74,"stat.pickup.minecraft.ice":464,"stat.mineBlock.minecraft.daylight_detector":1,"stat.flowerPotted":90,"stat.drop.minecraft.rotten_flesh":761,"stat.pickup.minecraft.magma":44,"stat.drop.minecraft.coal_ore":658,"stat.drop.minecraft.iron_door":4,"stat.drop.minecraft.iron_ore":593,"stat.useItem.minecraft.yellow_flower":5,"stat.drop.minecraft.sapling":132,"stat.pickup.minecraft.chicken":140,"stat.pickup.minecraft.tipped_arrow":138,"stat.drop.minecraft.gold_nugget":16,"stat.pickup.minecraft.end_stone":108,"stat.useItem.minecraft.glass_pane":41,"stat.breakItem.minecraft.stone_shovel":1,"stat.pickup.minecraft.coal_block":172,"stat.drop.minecraft.fish":28,"stat.craftItem.minecraft.bucket":248,"stat.craftItem.minecraft.planks":48321,"stat.useItem.minecraft.iron_sword":273,"stat.mineBlock.minecraft.prismarine":2386,"stat.craftItem.minecraft.dirt":17065,"stat.pickup.minecraft.stone_sword":29,"stat.craftItem.minecraft.fishing_rod":112,"stat.useItem.minecraft.daylight_detector":5,"stat.pickup.minecraft.book":23,"stat.useItem.minecraft.stonebrick":47191,"stat.craftItem.minecraft.wooden_door":6,"stat.mineBlock.minecraft.waterlily":226,"stat.pickup.minecraft.iron_door":20,"stat.drop.minecraft.leather_leggings":30,"stat.pickup.minecraft.red_nether_brick":28,"stat.drop.minecraft.sea_lantern":281,"stat.pickup.minecraft.cooked_fish":1082,"stat.craftItem.minecraft.spruce_door":78,"stat.pickup.minecraft.tripwire_hook":71,"stat.drop.minecraft.lapis_ore":5,"stat.pickup.minecraft.bookshelf":1,"stat.pickup.minecraft.spruce_fence_gate":119,"stat.mineBlock.minecraft.pumpkin":271,"stat.mineBlock.minecraft.cobblestone":2206,"stat.useItem.minecraft.beacon":20,"stat.pickup.minecraft.stone_pickaxe":3,"stat.pickup.minecraft.flint":3065,"stat.craftItem.minecraft.quartz_stairs":424,"stat.pickup.minecraft.leather_chestplate":19,"stat.mineBlock.minecraft.concrete":58874,"stat.pickup.minecraft.flower_pot":99,"stat.mineBlock.minecraft.stained_glass_pane":222,"stat.drop.minecraft.end_bricks":12,"stat.pickup.minecraft.lime_shulker_box":8,"stat.craftItem.minecraft.clock":1,"stat.drop.minecraft.cobblestone":4572,"stat.pickup.minecraft.cooked_porkchop":55,"stat.useItem.minecraft.coal_block":48,"stat.breakItem.minecraft.iron_pickaxe":6,"stat.mineBlock.minecraft.dropper":3,"stat.pickup.minecraft.iron_boots":6,"stat.pickup.minecraft.diamond_horse_armor":4,"stat.pickup.minecraft.stone_hoe":4,"stat.craftItem.minecraft.furnace":165,"stat.craftItem.minecraft.lapis_block":366,"stat.drop.minecraft.golden_helmet":23,"stat.pickup.minecraft.map":3,"stat.craftItem.minecraft.iron_boots":7,"stat.useItem.minecraft.spruce_fence_gate":552,"stat.mineBlock.minecraft.clay":3312,"stat.mineBlock.minecraft.noteblock":16,"stat.pickup.minecraft.diamond_leggings":4,"stat.useItem.minecraft.brick_block":1943,"stat.drop.minecraft.iron_helmet":8,"stat.drop.minecraft.chainmail_chestplate":4,"stat.drop.minecraft.spider_eye":15,"stat.useItem.minecraft.wooden_slab":8615,"stat.craftItem.minecraft.beacon":4,"stat.useItem.minecraft.iron_door":30,"stat.craftItem.minecraft.iron_block":1116,"stat.craftItem.minecraft.stonebrick":61460,"stat.useItem.minecraft.brown_shulker_box":85,"stat.breakItem.minecraft.diamond_pickaxe":2,"stat.craftItem.minecraft.end_rod":64,"stat.drop.minecraft.stained_glass":450,"stat.drop.minecraft.wool":492,"stat.killEntity.Creeper":175,"stat.useItem.minecraft.armor_stand":102,"stat.breakItem.minecraft.iron_sword":1,"stat.pickup.minecraft.wooden_sword":1,"stat.useItem.minecraft.silver_shulker_box":60,"stat.drop.minecraft.ender_chest":1,"stat.craftItem.minecraft.jungle_stairs":68,"stat.pickup.minecraft.brown_shulker_box":86,"stat.drop.minecraft.obsidian":36,"stat.drop.minecraft.birch_fence":1,"stat.killEntity.Squid":1051,"stat.useItem.minecraft.dropper":9,"stat.sprintOneCm":155638442,"stat.useItem.minecraft.diamond_block":44,"stat.mineBlock.minecraft.stone_slab":10706,"stat.drop.minecraft.leather":83,"stat.useItem.minecraft.hay_block":118,"stat.drop.minecraft.stone_hoe":2,"stat.useItem.minecraft.snowball":69,"stat.entityKilledBy.VindicationIllager":1,"stat.pickup.minecraft.leather_leggings":11,"stat.craftItem.minecraft.redstone_lamp":38,"stat.drop.minecraft.boat":7,"stat.drop.minecraft.cobblestone_wall":101,"stat.pickup.minecraft.sugar":43,"stat.pickup.minecraft.vine":1287,"stat.craftItem.minecraft.leather_chestplate":95,"stat.useItem.minecraft.cake":1,"stat.useItem.minecraft.banner":121,"stat.craftItem.minecraft.emerald":786,"stat.pickup.minecraft.iron_block":2549,"stat.killEntity.Zombie":3668,"stat.craftItem.minecraft.dye":32626,"stat.craftItem.minecraft.diamond_axe":11,"stat.mineBlock.minecraft.gold_ore":832,"stat.drop.minecraft.diamond_pickaxe":6,"stat.craftItem.minecraft.slime_ball":18,"stat.pickup.minecraft.wheat":3309,"stat.craftItem.minecraft.sandstone":1777,"stat.mineBlock.minecraft.mossy_cobblestone":233,"stat.drop.minecraft.stone_stairs":8,"stat.drop.minecraft.purpur_stairs":1,"stat.pickup.minecraft.sign":597,"stat.drop.minecraft.chorus_fruit_popped":5,"stat.craftItem.minecraft.cooked_porkchop":50,"stat.pickup.minecraft.obsidian":1918,"stat.useItem.minecraft.heavy_weighted_pressure_plate":46,"stat.useItem.minecraft.iron_trapdoor":137,"stat.pickup.minecraft.coal":14357,"stat.pickup.minecraft.iron_ingot":7373,"stat.useItem.minecraft.dark_oak_boat":47,"stat.craftItem.minecraft.lever":193,"stat.drop.minecraft.diamond_sword":3,"stat.drop.minecraft.wooden_sword":2,"stat.pickup.minecraft.gunpowder":430,"stat.pickup.minecraft.dirt":217226,"stat.useItem.minecraft.coal_ore":3722,"stat.drop.minecraft.iron_shovel":7,"stat.craftItem.minecraft.sponge":80,"stat.useItem.minecraft.light_weighted_pressure_plate":1,"stat.useItem.minecraft.dispenser":45,"stat.mineBlock.minecraft.lapis_ore":572,"stat.pickup.minecraft.cookie":45,"stat.drop.minecraft.acacia_boat":1,"stat.brewingstandInteraction":698,"stat.useItem.minecraft.stone_brick_stairs":8757,"stat.mineBlock.minecraft.torch":2026,"stat.mineBlock.minecraft.red_flower":685,"stat.pickup.minecraft.written_book":20,"stat.tradedWithVillager":698,"stat.useItem.minecraft.acacia_door":3,"stat.pickup.minecraft.magma_cream":165,"stat.pickup.minecraft.ender_eye":2,"stat.noteblockTuned":165382,"stat.craftItem.minecraft.comparator":52,"stat.craftItem.minecraft.sea_lantern":1073,"stat.drop.minecraft.nether_star":1,"stat.useItem.minecraft.slime":182,"stat.useItem.minecraft.birch_fence":11,"stat.mineBlock.minecraft.fence_gate":1,"stat.pickup.minecraft.diamond_axe":10,"stat.pickup.minecraft.rabbit_hide":37,"stat.useItem.minecraft.snow_layer":374,"stat.pickup.minecraft.shulker_shell":161,"stat.mineBlock.minecraft.birch_fence":22,"stat.pickup.minecraft.green_shulker_box":316,"stat.drop.minecraft.item_frame":2,"stat.drop.minecraft.wheat":82,"stat.pickup.minecraft.diamond_pickaxe":20,"stat.useItem.minecraft.pumpkin":55,"stat.pickup.minecraft.noteblock":16,"stat.useItem.minecraft.tnt":42,"stat.useItem.minecraft.gold_ore":23,"stat.useItem.minecraft.lava_bucket":212,"stat.pickup.minecraft.rabbit_foot":1,"stat.drop.minecraft.netherrack":18532,"stat.pickup.minecraft.red_mushroom_block":450,"stat.useItem.minecraft.melon":1,"stat.useItem.minecraft.item_frame":529,"stat.useItem.minecraft.stained_hardened_clay":4525,"stat.drop.minecraft.egg":47,"stat.useItem.minecraft.redstone_ore":1065,"stat.pickup.minecraft.cooked_beef":389,"stat.useItem.minecraft.concrete":52855,"stat.killEntity.Stray":6,"stat.drop.minecraft.nether_brick":8,"stat.drop.minecraft.lever":4,"stat.mineBlock.minecraft.purpur_slab":15,"stat.craftItem.minecraft.cookie":80,"stat.pickup.minecraft.dark_oak_stairs":244,"stat.mobKills":84300,"stat.pickup.minecraft.diamond_boots":6,"stat.mineBlock.minecraft.bookshelf":7,"stat.drop.minecraft.written_book":1,"stat.useItem.minecraft.boat":36,"stat.craftItem.minecraft.lead":40,"stat.useItem.minecraft.mossy_cobblestone":4,"stat.pickup.minecraft.diamond":504,"stat.pickup.minecraft.beetroot_seeds":39,"stat.pickup.minecraft.brown_mushroom_block":133,"stat.craftItem.minecraft.nether_brick_stairs":112,"stat.craftItem.minecraft.spruce_stairs":1800,"stat.craftItem.minecraft.map":38,"stat.useItem.minecraft.string":975,"stat.drop.minecraft.mutton":50,"stat.useItem.minecraft.bookshelf":110,"stat.useItem.minecraft.soul_sand":268,"stat.killEntity.Blaze":59,"stat.drop.minecraft.shield":3,"stat.useItem.minecraft.poisonous_potato":1,"stat.drop.minecraft.skull":14,"stat.useItem.minecraft.gray_shulker_box":309,"stat.pickup.minecraft.golden_boots":9,"stat.pickup.minecraft.glowstone_dust":190,"stat.drop.minecraft.bowl":15,"stat.mineBlock.minecraft.white_shulker_box":333,"stat.mineBlock.minecraft.red_mushroom":26,"stat.mineBlock.minecraft.stone_brick_stairs":1385,"stat.drop.minecraft.poisonous_potato":6,"stat.drop.minecraft.golden_leggings":23,"stat.pickup.minecraft.splash_potion":1,"stat.pickup.minecraft.observer":99,"stat.craftItem.minecraft.fire_charge":3,"stat.craftItem.minecraft.lit_pumpkin":10,"stat.craftItem.minecraft.cobblestone_wall":990,"stat.craftItem.minecraft.stone_sword":2,"stat.mineBlock.minecraft.snow_layer":511,"stat.pickup.minecraft.chainmail_chestplate":4,"stat.mineBlock.minecraft.sand":107530,"stat.craftItem.minecraft.slime":21,"stat.hopperInspected":349,"stat.useItem.minecraft.fence_gate":7,"stat.drop.minecraft.diamond":3,"stat.pickup.minecraft.packed_ice":2376,"stat.breakItem.minecraft.flint_and_steel":2,"stat.pickup.minecraft.ghast_tear":68,"stat.pickup.minecraft.armor_stand":63,"stat.trappedChestTriggered":15084,"stat.mineBlock.minecraft.gray_shulker_box":306,"stat.drop.minecraft.rail":158,"stat.craftItem.minecraft.observer":118,"stat.craftItem.minecraft.pumpkin_seeds":24,"stat.pickup.minecraft.wooden_button":22,"stat.drop.minecraft.purple_shulker_box":12,"stat.drop.minecraft.green_shulker_box":1,"stat.mineBlock.minecraft.lapis_block":10,"stat.drop.minecraft.wooden_pressure_plate":1,"stat.useItem.minecraft.minecart":20,"stat.useItem.minecraft.cooked_mutton":12,"stat.drop.minecraft.stained_hardened_clay":242,"stat.drop.minecraft.wooden_button":29,"stat.drop.minecraft.fishing_rod":55,"stat.drop.minecraft.prismarine_shard":2752,"stat.pickup.minecraft.stone_stairs":299,"stat.craftItem.minecraft.fence_gate":22,"stat.drop.minecraft.fireworks":339,"stat.pickup.minecraft.pumpkin_seeds":37,"stat.drop.minecraft.snowball":90,"stat.pickup.minecraft.saddle":24,"stat.pickup.minecraft.fermented_spider_eye":1,"stat.mineBlock.minecraft.soul_sand":1174,"stat.mineBlock.minecraft.jungle_stairs":9,"stat.pickup.minecraft.mycelium":7259,"stat.pickup.minecraft.blaze_rod":100,"stat.craftItem.minecraft.diamond_block":78,"stat.drop.minecraft.chest":101,"stat.useItem.minecraft.gray_glazed_terracotta":82,"stat.pickup.minecraft.netherrack":111469,"stat.pickup.minecraft.pumpkin":303,"stat.pickup.minecraft.spruce_door":48,"stat.useItem.minecraft.fish":8,"stat.drop.minecraft.hopper":8,"stat.drop.minecraft.red_mushroom_block":53,"stat.drop.minecraft.packed_ice":66,"stat.pickup.minecraft.waterlily":406,"stat.useItem.minecraft.sponge":67,"stat.mineBlock.minecraft.ice":472,"stat.craftItem.minecraft.redstone_torch":939,"stat.useItem.minecraft.packed_ice":1390,"stat.pickup.minecraft.brick_stairs":25,"stat.mineBlock.minecraft.gold_block":182,"stat.craftItem.minecraft.iron_hoe":1,"stat.drop.minecraft.stone":23476,"stat.useItem.minecraft.trapped_chest":313,"stat.pickup.minecraft.melon_seeds":5,"stat.drop.minecraft.gold_ore":6,"stat.pickup.minecraft.dropper":10,"stat.useItem.minecraft.black_shulker_box":151,"stat.pickup.minecraft.golden_leggings":7,"stat.pickup.minecraft.melon":797,"stat.drop.minecraft.stained_glass_pane":18,"stat.dropperInspected":107,"stat.mineBlock.minecraft.nether_wart_block":14,"stat.pickup.minecraft.heavy_weighted_pressure_plate":8,"stat.pickup.minecraft.emerald_ore":51,"stat.useItem.minecraft.golden_rail":89,"stat.drop.minecraft.bone":170,"stat.craftItem.minecraft.wooden_button":137,"stat.useItem.minecraft.furnace":172,"stat.pickup.minecraft.slime":156,"stat.pickup.minecraft.iron_leggings":9,"stat.mineBlock.minecraft.snow":2065,"stat.entityKilledBy.Villager":1,"stat.mineBlock.minecraft.gravel":49822,"stat.breakItem.minecraft.stone_axe":1,"stat.mineBlock.minecraft.beacon":17,"stat.useItem.minecraft.wool":7990,"stat.drop.minecraft.reeds":166,"stat.drop.minecraft.iron_axe":2,"stat.pickup.minecraft.flint_and_steel":6,"stat.mineBlock.minecraft.green_shulker_box":313,"stat.useItem.minecraft.torch":8983,"stat.pickup.minecraft.golden_apple":21,"stat.craftItem.minecraft.redstone_block":855,"stat.pickup.minecraft.birch_fence_gate":1,"stat.craftItem.minecraft.stone_stairs":852,"stat.pickup.minecraft.crafting_table":660,"stat.useItem.minecraft.log":5271,"stat.useItem.minecraft.comparator":58,"stat.drop.minecraft.tallgrass":20,"stat.craftItem.minecraft.crafting_table":180,"stat.drop.minecraft.end_stone":2,"stat.craftItem.minecraft.boat":18,"stat.pickup.minecraft.iron_hoe":2,"stat.mineBlock.minecraft.emerald_ore":51,"stat.pickup.minecraft.redstone_block":221,"stat.useItem.minecraft.cooked_fish":8417,"stat.drop.minecraft.sign":35,"stat.useItem.minecraft.nether_wart_block":145,"stat.pickup.minecraft.compass":17,"stat.drop.minecraft.stonebrick":781,"stat.craftItem.minecraft.stone_button":237,"stat.drop.minecraft.planks":528,"stat.pickup.minecraft.web":495,"stat.pickup.minecraft.sapling":3851,"stat.drop.minecraft.gray_shulker_box":1,"stat.craftItem.minecraft.red_glazed_terracotta":54,"stat.drop.minecraft.melon_seeds":6,"stat.useItem.minecraft.deadbush":100,"stat.drop.minecraft.bow":98,"stat.pickup.minecraft.beetroot":34,"stat.drop.minecraft.golden_chestplate":23,"stat.killEntity.WitherSkeleton":274,"stat.useItem.minecraft.wooden_pressure_plate":12,"stat.pickup.minecraft.golden_sword":2,"stat.craftItem.minecraft.sugar":51,"stat.pickup.minecraft.rabbit":27,"stat.mineBlock.minecraft.orange_shulker_box":124,"stat.drop.minecraft.bucket":5,"stat.craftItem.minecraft.spruce_fence_gate":565,"stat.useItem.minecraft.baked_potato":113,"stat.drop.minecraft.yellow_flower":147,"stat.pickup.minecraft.stone_slab":14269,"stat.pickup.minecraft.yellow_flower":421,"stat.drop.minecraft.ghast_tear":1,"stat.pickup.minecraft.golden_rail":10,"stat.useItem.minecraft.fishing_rod":4015,"stat.drop.minecraft.stone_pickaxe":5,"stat.useItem.minecraft.brick_stairs":296,"stat.pickup.minecraft.bone":1795,"stat.useItem.minecraft.mushroom_stew":6,"stat.craftItem.minecraft.sticky_piston":80,"stat.pickup.minecraft.redstone_torch":100,"stat.horseOneCm":2240387,"stat.drop.minecraft.tripwire_hook":10,"stat.useItem.minecraft.log2":8297,"stat.drop.minecraft.glowstone_dust":8,"stat.mineBlock.minecraft.slime":105,"stat.drop.minecraft.red_mushroom":499,"stat.drop.minecraft.mossy_cobblestone":66,"stat.mineBlock.minecraft.black_shulker_box":147,"stat.breakItem.minecraft.shield":1,"stat.mineBlock.minecraft.brown_mushroom":148,"stat.useItem.minecraft.diamond_sword":23988,"stat.craftItem.minecraft.diamond_helmet":2,"stat.climbOneCm":2235021,"stat.drop.minecraft.sticky_piston":10,"stat.useItem.minecraft.end_rod":42,"stat.craftItem.minecraft.gold_block":45,"stat.enderchestOpened":2479,"stat.useItem.minecraft.redstone_torch":117,"stat.craftItem.minecraft.purple_shulker_box":72,"stat.pickup.minecraft.golden_helmet":7,"stat.drop.minecraft.quartz":52,"stat.drop.minecraft.writable_book":3,"stat.useItem.minecraft.jungle_boat":9,"stat.entityKilledBy.Endermite":1,"stat.useItem.minecraft.red_flower":241,"stat.pickup.minecraft.daylight_detector":5,"stat.craftItem.minecraft.bone_block":147,"stat.pickup.minecraft.anvil":134,"stat.useItem.minecraft.leaves2":278,"stat.mineBlock.minecraft.black_glazed_terracotta":1,"stat.useItem.minecraft.iron_ore":54,"stat.craftItem.minecraft.trapdoor":836,"stat.craftItem.minecraft.stone_pickaxe":5,"stat.pickup.minecraft.cobblestone":82480,"stat.drop.minecraft.rabbit_hide":25,"stat.craftItem.minecraft.glass_bottle":165,"stat.pickup.minecraft.soul_sand":1235,"stat.useItem.minecraft.cooked_beef":1224,"stat.pickup.minecraft.cactus":3207,"stat.drop.minecraft.clay_ball":247,"stat.pickup.minecraft.dragon_egg":2,"stat.pickup.minecraft.redstone":7835,"stat.craftItem.minecraft.dispenser":36,"stat.pickup.minecraft.acacia_boat":10,"stat.mineBlock.minecraft.iron_ore":5208,"stat.craftItem.minecraft.book":534,"stat.craftItem.minecraft.acacia_door":3,"stat.drop.minecraft.name_tag":4,"stat.pickup.minecraft.mossy_cobblestone":300,"stat.useItem.minecraft.noteblock":125,"stat.craftItem.minecraft.cake":1,"stat.drop.minecraft.coal":631,"stat.drop.minecraft.iron_bars":15,"stat.drop.minecraft.dirt":3849,"stat.useItem.minecraft.cooked_porkchop":17,"stat.pickup.minecraft.iron_shovel":7,"stat.pickup.minecraft.trapdoor":288,"stat.pickup.minecraft.carpet":840,"stat.pickup.minecraft.diamond_shovel":14,"stat.pickup.minecraft.jungle_stairs":9,"stat.useItem.minecraft.chest_minecart":1,"stat.mineBlock.minecraft.lime_shulker_box":8,"stat.useItem.minecraft.sea_lantern":1479,"stat.craftItem.minecraft.snow_layer":462,"stat.pickup.minecraft.silver_shulker_box":60,"stat.pickup.minecraft.nether_star":6,"stat.drop.minecraft.compass":8,"stat.useItem.minecraft.spruce_fence":900,"stat.pickup.minecraft.sandstone_stairs":19,"stat.craftItem.minecraft.chest_minecart":1,"stat.pickup.minecraft.paper":664,"stat.craftItem.minecraft.stick":18036,"stat.craftItem.minecraft.stained_hardened_clay":4600,"stat.craftItem.minecraft.gold_nugget":424,"stat.pickup.minecraft.grass":23913,"stat.useItem.minecraft.stone_pressure_plate":10,"stat.drop.minecraft.leaves":190,"stat.pickup.minecraft.golden_horse_armor":11,"stat.pickup.minecraft.diamond_chestplate":2,"stat.drop.minecraft.dispenser":1,"stat.entityKilledBy.Creeper":1,"stat.drop.minecraft.tipped_arrow":1,"stat.breakItem.minecraft.shears":117,"stat.pickup.minecraft.blue_shulker_box":128,"stat.mineBlock.minecraft.planks":2217,"stat.drop":6527,"stat.killEntity.Sheep":70,"stat.drop.minecraft.iron_boots":4,"stat.drop.minecraft.redstone_block":194,"stat.pickup.minecraft.golden_chestplate":9,"stat.useItem.minecraft.melon_seeds":13,"stat.drop.minecraft.bread":2,"stat.pickup.minecraft.purpur_pillar":33,"stat.drop.minecraft.flower_pot":32,"stat.craftItem.minecraft.piston":232,"stat.useItem.minecraft.quartz_stairs":525,"stat.drop.minecraft.cooked_beef":74,"stat.killEntity.Slime":215,"stat.mineBlock.minecraft.anvil":130,"stat.useItem.minecraft.lime_shulker_box":8,"stat.pickup.minecraft.purple_shulker_box":2412,"stat.useItem.minecraft.waterlily":143,"stat.useItem.minecraft.apple":2,"stat.mineBlock.minecraft.deadbush":379,"stat.drop.minecraft.chainmail_helmet":4,"stat.useItem.minecraft.porkchop":1,"stat.useItem.minecraft.carpet":3818,"stat.useItem.minecraft.potion":217,"stat.mineBlock.minecraft.purpur_pillar":19,"stat.useItem.minecraft.flower_pot":109,"stat.pickup.minecraft.fence":336,"stat.useItem.minecraft.stone_axe":124,"stat.craftItem.minecraft.iron_helmet":17,"stat.craftItem.minecraft.rail":704,"stat.drop.minecraft.bed":7,"stat.drop.minecraft.glass":491,"stat.boatOneCm":7622943,"stat.craftItem.minecraft.flint_and_steel":11,"stat.useItem.minecraft.redstone_lamp":51,"stat.mineBlock.minecraft.leaves2":1563,"stat.mineBlock.minecraft.stone_stairs":151,"stat.craftItem.minecraft.iron_bars":416,"stat.mineBlock.minecraft.furnace":101,"stat.pickup.minecraft.dark_oak_fence":840,"stat.pickup.minecraft.prismarine_shard":3199,"stat.drop.minecraft.stone_button":7,"stat.drop.minecraft.water_bucket":4,"stat.killEntity.CaveSpider":19,"stat.craftItem.minecraft.netherbrick":5101,"stat.craftItem.minecraft.birch_fence":12,"stat.pickup.minecraft.oak_stairs":65,"stat.pickup.minecraft.emerald_block":120,"stat.pickup.minecraft.stained_glass":2467,"stat.damageDealt":1799137,"stat.craftItem.minecraft.bowl":100,"stat.craftItem.minecraft.anvil":48,"stat.pickup.minecraft.end_bricks":57,"stat.mineBlock.minecraft.nether_brick_stairs":15,"stat.useItem.minecraft.crafting_table":717,"stat.craftItem.minecraft.stone_shovel":62,"stat.pickup.minecraft.boat":36,"stat.pickup.minecraft.stick":1109,"stat.breakItem.minecraft.stone_pickaxe":2,"stat.craftItem.minecraft.birch_fence_gate":1,"stat.drop.minecraft.iron_block":168,"stat.craftItem.minecraft.diamond_boots":4,"stat.craftItem.minecraft.writable_book":29,"stat.useItem.minecraft.redstone_block":178,"stat.drop.minecraft.brown_shulker_box":1,"stat.drop.minecraft.leather_chestplate":40,"stat.useItem.minecraft.spruce_stairs":1805,"stat.craftItem.minecraft.redstone":3249,"stat.pickup.minecraft.chorus_fruit":565,"stat.useItem.minecraft.cactus":473,"stat.craftItem.minecraft.red_nether_brick":322,"stat.drop.minecraft.purpur_block":2,"stat.drop.minecraft.deadbush":1,"stat.killEntity.Chicken":87,"stat.drop.minecraft.crafting_table":16,"stat.useItem.minecraft.iron_block":2350,"stat.mineBlock.minecraft.quartz_ore":6613,"stat.pickup.minecraft.concrete_powder":5793,"stat.craftItem.minecraft.tnt":81,"stat.drop.minecraft.filled_map":1,"stat.craftItem.minecraft.fence":432,"stat.useItem.minecraft.golden_apple":24,"stat.mineBlock.minecraft.leaves":31086,"stat.mineBlock.minecraft.piston":146,"stat.mineBlock.minecraft.bone_block":9,"stat.mineBlock.minecraft.hay_block":10,"stat.craftItem.minecraft.tripwire_hook":414,"stat.beaconInteraction":32,"stat.pickup.minecraft.wooden_slab":3577,"stat.craftItem.minecraft.diamond_hoe":2,"stat.leaveGame":1021,"stat.killEntity.Parrot":3,"stat.useItem.minecraft.glowstone":248,"stat.mineBlock.minecraft.sandstone":5708,"stat.craftItem.minecraft.ender_eye":36,"stat.killEntity.PigZombie":34,"stat.craftItem.minecraft.shield":13,"stat.craftItem.minecraft.stone_pressure_plate":14,"stat.drop.minecraft.feather":84,"stat.mineBlock.minecraft.birch_fence_gate":1,"stat.pickup.minecraft.leaves2":538,"stat.useItem.minecraft.sandstone_stairs":53,"stat.pickup.minecraft.brick_block":529,"stat.useItem.minecraft.activator_rail":4,"stat.drop.minecraft.brick_block":1,"stat.useItem.minecraft.birch_boat":12,"stat.useItem.minecraft.purpur_stairs":1,"stat.craftItem.minecraft.noteblock":118,"stat.mineBlock.minecraft.wooden_slab":2235,"stat.pickup.minecraft.leather_boots":18,"stat.killEntity.Witch":30,"stat.killEntity.MushroomCow":335,"stat.drop.minecraft.sand":1482,"stat.drop.minecraft.gold_ingot":7,"stat.craftItem.minecraft.wooden_pickaxe":3,"stat.craftItem.minecraft.iron_door":36,"stat.useItem.minecraft.iron_shovel":180,"stat.drop.minecraft.chainmail_leggings":5,"stat.mineBlock.minecraft.brick_block":602,"stat.craftItem.minecraft.bed":92,"stat.drop.minecraft.wooden_shovel":91,"stat.mineBlock.minecraft.vine":1597,"stat.mineBlock.minecraft.hopper":78,"stat.drop.minecraft.gravel":1174,"stat.mineBlock.minecraft.rail":369,"stat.useItem.minecraft.pumpkin_seeds":32,"stat.killEntity.ZombieVillager":23,"stat.noteblockPlayed":44,"stat.drop.minecraft.red_flower":281,"stat.useItem.minecraft.double_plant":102,"stat.pickup.minecraft.prismarine":2839,"stat.pickup.minecraft.beef":1670,"stat.pickup.minecraft.leather_helmet":7,"stat.pickup.minecraft.cauldron":11,"stat.useItem.minecraft.trapdoor":711,"stat.mineBlock.minecraft.stained_hardened_clay":1195,"stat.useItem.minecraft.blue_shulker_box":128,"stat.useItem.minecraft.stained_glass":50594,"stat.craftItem.minecraft.prismarine":5518,"stat.drop.minecraft.stone_pressure_plate":11,"stat.drop.minecraft.lead":25,"stat.useItem.minecraft.dark_oak_door":65,"stat.useItem.minecraft.ice":135,"stat.pickup.minecraft.potion":39,"stat.mineBlock.minecraft.dark_oak_fence_gate":17,"stat.useItem.minecraft.wooden_button":66,"stat.craftItem.minecraft.dropper":13,"stat.useItem.minecraft.dye":7545,"stat.useItem.minecraft.beef":34,"stat.mineBlock.minecraft.stone_pressure_plate":23,"stat.useItem.minecraft.nether_brick":726,"stat.drop.minecraft.torch":570,"stat.drop.minecraft.glass_bottle":39,"stat.useItem.minecraft.jukebox":2,"stat.mineBlock.minecraft.tallgrass":6065,"stat.useItem.minecraft.splash_potion":11,"stat.useItem.minecraft.cooked_rabbit":1,"stat.drop.minecraft.quartz_ore":94,"stat.craftItem.minecraft.light_weighted_pressure_plate":2,"stat.useItem.minecraft.stone":45317,"stat.pickup.minecraft.arrow":1225,"stat.pickup.minecraft.wooden_pressure_plate":2,"stat.killEntity.Ghast":52,"stat.useItem.minecraft.ender_chest":83,"stat.useItem.minecraft.white_shulker_box":335,"stat.useItem.minecraft.clay":465,"stat.drop.minecraft.iron_pickaxe":5,"stat.mineBlock.minecraft.chest":532,"stat.drop.minecraft.mushroom_stew":1,"stat.pickup.minecraft.painting":371,"stat.mineBlock.minecraft.concrete_powder":2447,"stat.mineBlock.minecraft.hardened_clay":6392,"stat.craftItem.minecraft.hopper":98,"stat.useItem.minecraft.emerald_ore":51,"stat.drop.minecraft.concrete_powder":567,"stat.pickup.minecraft.gray_shulker_box":309,"stat.pickup.minecraft.yellow_shulker_box":93,"stat.pickup.minecraft.orange_shulker_box":127,"stat.useItem.minecraft.reeds":792,"stat.pickup.minecraft.birch_boat":64,"stat.craftItem.minecraft.wooden_sword":3,"stat.craftItem.minecraft.nether_brick":934,"stat.craftItem.minecraft.rabbit_stew":1,"stat.craftItem.minecraft.diamond_shovel":25,"stat.pickup.minecraft.wheat_seeds":7238,"stat.drop.minecraft.snow":69,"stat.mineBlock.minecraft.glass":181,"stat.drop.minecraft.spruce_fence":13,"stat.useItem.minecraft.enchanting_table":2,"stat.pickup.minecraft.pink_shulker_box":6,"stat.mineBlock.minecraft.dirt":193835,"stat.pickup.minecraft.poisonous_potato":11,"stat.drop.minecraft.paper":1,"stat.useItem.minecraft.bread":82,"stat.pickup.minecraft.brewing_stand":13,"stat.drop.minecraft.porkchop":57,"stat.pickup.minecraft.light_blue_shulker_box":76,"stat.useItem.minecraft.cobblestone":5354,"stat.craftItem.minecraft.leather_boots":24,"stat.useItem.minecraft.gravel":890,"stat.mineBlock.minecraft.double_plant":134,"stat.minecartOneCm":245780,"stat.drop.minecraft.chicken":8,"stat.pickup.minecraft.iron_pickaxe":5,"stat.mineBlock.minecraft.end_rod":13,"stat.drop.minecraft.carrot":100,"stat.craftItem.minecraft.gold_ingot":692,"stat.pickup.minecraft.hopper":90,"stat.mineBlock.minecraft.silver_shulker_box":60,"stat.craftItem.minecraft.brewing_stand":23,"stat.useItem.minecraft.tallgrass":1063,"stat.pickup.minecraft.apple":287,"stat.useItem.minecraft.fireworks":269,"stat.pickup.minecraft.banner":80,"stat.killEntity.ElderGuardian":3,"stat.itemEnchanted":240,"stat.useItem.minecraft.acacia_boat":2,"stat.mineBlock.minecraft.log":21719,"stat.mineBlock.minecraft.heavy_weighted_pressure_plate":3,"stat.useItem.minecraft.wooden_door":2,"stat.useItem.minecraft.spruce_door":80,"stat.craftItem.minecraft.paper":20355,"stat.pickup.minecraft.red_flower":1166,"stat.pickup.minecraft.wool":4916,"stat.useItem.minecraft.chorus_fruit":267,"stat.drop.minecraft.grass":305,"stat.craftItem.minecraft.trapped_chest":265,"stat.pickup.minecraft.trapped_chest":86,"stat.cakeSlicesEaten":1,"stat.drop.minecraft.pumpkin":320,"stat.craftItem.minecraft.cooked_rabbit":3,"stat.craftItem.minecraft.diamond_leggings":1,"stat.useItem.minecraft.iron_axe":398,"stat.drop.minecraft.stone_shovel":47,"stat.mineBlock.minecraft.yellow_flower":274,"stat.useItem.minecraft.skull":467,"stat.craftItem.minecraft.wool":51,"stat.drop.minecraft.saddle":31,"stat.useItem.minecraft.snow":798,"stat.useItem.minecraft.concrete_powder":65128,"stat.pickup.minecraft.enchanted_book":55,"stat.pickup.minecraft.glowstone":275,"stat.pickup.minecraft.writable_book":6,"stat.craftItem.minecraft.arrow":16,"stat.useItem.minecraft.obsidian":1082,"stat.pickup.minecraft.sticky_piston":55,"stat.useItem.minecraft.cookie":1,"stat.pickup.minecraft.bow":89,"stat.craftItem.minecraft.dark_oak_door":51,"stat.pickup.minecraft.chorus_fruit_popped":11,"stat.craftItem.minecraft.beetroot_soup":1,"stat.drop.minecraft.birch_boat":3,"stat.useItem.minecraft.egg":297,"stat.craftItem.minecraft.spruce_boat":7,"stat.pickup.minecraft.nether_wart_block":29,"stat.pickup.minecraft.coal_ore":5864,"stat.craftItem.minecraft.cooked_beef":1578,"stat.mineBlock.minecraft.obsidian":1700,"stat.pickup.minecraft.shears":12,"stat.craftItem.minecraft.bow":53,"stat.pickup.minecraft.iron_trapdoor":31,"stat.pickup.minecraft.diamond_hoe":3,"stat.flyOneCm":104082174,"stat.pickup.minecraft.sandstone":4584,"stat.pickup.minecraft.nether_brick_stairs":14,"stat.pickup.minecraft.fish":1325,"stat.craftItem.minecraft.stained_glass":53384,"stat.craftItem.minecraft.emerald_block":29,"stat.timeSinceDeath":29474837,"stat.pickup.minecraft.quartz_ore":3960,"stat.craftItem.minecraft.painting":79,"stat.cauldronFilled":39,"stat.drop.minecraft.repeater":1,"stat.killEntity.Bat":6,"stat.useItem.minecraft.potato":666,"stat.pickup.minecraft.chainmail_helmet":4,"stat.pickup.minecraft.nether_wart":4867,"stat.pickup.minecraft.spruce_fence":626,"stat.craftItem.minecraft.concrete_powder":64560,"stat.mineBlock.minecraft.coal_ore":12716,"stat.pickup.minecraft.shield":9,"stat.craftItem.minecraft.stone_hoe":2,"stat.talkedToVillager":484,"stat.mineBlock.minecraft.red_mushroom_block":5203,"stat.pickup.minecraft.string":949,"stat.mineBlock.minecraft.ladder":853,"stat.useItem.minecraft.milk_bucket":29,"stat.useItem.minecraft.written_book":142,"stat.mineBlock.minecraft.chorus_flower":3,"stat.useItem.minecraft.diamond_shovel":434047,"stat.pickup.minecraft.bone_block":9,"stat.mineBlock.minecraft.diamond_ore":933,"stat.pickup.minecraft.fireworks":1272,"stat.craftItem.minecraft.speckled_melon":5,"stat.craftItem.minecraft.wooden_pressure_plate":13,"stat.drop.minecraft.redstone_ore":11,"stat.useItem.minecraft.wooden_sword":33,"stat.useItem.minecraft.ladder":1991,"stat.useItem.minecraft.diamond_ore":622,"stat.useItem.minecraft.cyan_shulker_box":135,"stat.pickup.minecraft.snowball":9518,"stat.killEntity.Guardian":137,"stat.craftItem.minecraft.sandstone_stairs":120,"stat.diveOneCm":18119620,"stat.useItem.minecraft.sticky_piston":119,"stat.craftItem.minecraft.ladder":1869,"stat.drop.minecraft.dark_oak_fence":26,"stat.mineBlock.minecraft.stone_button":44,"stat.drop.minecraft.ladder":73,"stat.useItem.minecraft.chicken":1,"stat.pickup.minecraft.stone_axe":2,"stat.pickup.minecraft.stained_glass_pane":612,"stat.useItem.minecraft.rotten_flesh":5,"stat.drop.minecraft.apple":10,"stat.craftItem.minecraft.diamond_sword":4,"stat.mineBlock.minecraft.blue_shulker_box":128,"stat.drop.minecraft.sandstone":117,"stat.jump":397214,"stat.useItem.minecraft.sand":5828,"stat.pickup.minecraft.white_shulker_box":337,"stat.mineBlock.minecraft.observer":79,"stat.craftItem.minecraft.torch":6892,"stat.craftItem.minecraft.fermented_spider_eye":5,"stat.mineBlock.minecraft.purpur_block":53,"stat.mineBlock.minecraft.spruce_fence_gate":93,"stat.useItem.minecraft.glass":511,"stat.pickup.minecraft.stone_shovel":9,"stat.pickup.minecraft.gold_ore":789,"stat.useItem.minecraft.sapling":2702,"stat.mineBlock.minecraft.glass_pane":1,"stat.damageTaken":266284,"stat.useItem.minecraft.red_shulker_box":195,"stat.useItem.minecraft.end_crystal":12,"stat.mineBlock.minecraft.melon_block":103,"stat.useItem.minecraft.gold_block":202,"stat.mineBlock.minecraft.sapling":210,"stat.pickup.minecraft.log2":17186,"stat.mineBlock.minecraft.sandstone_stairs":9,"stat.useItem.minecraft.purple_shulker_box":2383,"stat.pickup.minecraft.bed":95,"stat.cauldronUsed":7,"stat.pickup.minecraft.concrete":61081,"stat.pickup.minecraft.quartz_block":235,"stat.pickup.minecraft.potato":1403,"stat.killEntity.Shulker":69,"stat.killEntity.Silverfish":3,"stat.entityKilledBy.LavaSlime":1,"stat.craftItem.minecraft.stone_slab":51283,"stat.animalsBred":866,"stat.useItem.minecraft.chest":1142,"stat.mineBlock.minecraft.light_blue_shulker_box":75,"stat.drop.minecraft.diamond_ore":1,"stat.useItem.minecraft.observer":177,"stat.useItem.minecraft.birch_fence_gate":1,"stat.shulkerBoxOpened":28557,"stat.craftItem.minecraft.iron_chestplate":40,"stat.pickup.minecraft.baked_potato":82,"stat.drop.minecraft.potato":15,"stat.pickup.minecraft.ender_pearl":15056,"stat.drop.minecraft.wooden_slab":112,"stat.pickup.minecraft.ladder":1334,"stat.useItem.minecraft.netherrack":21100,"stat.craftItem.minecraft.stained_glass_pane":3472,"stat.mineBlock.minecraft.tnt":13,"stat.craftItem.minecraft.bookshelf":129,"stat.useItem.minecraft.tripwire_hook":36,"stat.mineBlock.minecraft.stonebrick":10260,"stat.drop.minecraft.cookie":109,"stat.mineBlock.minecraft.gray_glazed_terracotta":29,"stat.mineBlock.minecraft.glowstone":220,"stat.craftItem.minecraft.shears":147,"stat.useItem.minecraft.cobblestone_wall":558,"stat.pickup.minecraft.iron_horse_armor":17,"stat.breakItem.minecraft.diamond_shovel":3,"stat.drop.minecraft.spruce_stairs":30,"stat.useItem.minecraft.writable_book":202,"stat.pickup.minecraft.torch":5210,"stat.drop.minecraft.diamond_shovel":3,"stat.mineBlock.minecraft.red_glazed_terracotta":7,"stat.pickup.minecraft.spruce_boat":30,"stat.drop.minecraft.stone_axe":2,"stat.useItem.minecraft.purpur_slab":6,"stat.drop.minecraft.arrow":184,"stat.drop.minecraft.shears":18,"stat.craftItem.minecraft.compass":46,"stat.pickup.minecraft.jungle_boat":9,"stat.pickup.minecraft.dark_oak_fence_gate":21,"stat.useItem.minecraft.end_bricks":2,"stat.drop.minecraft.armor_stand":8,"stat.drop.minecraft.waterlily":22,"stat.pickup.minecraft.deadbush":418,"stat.pickup.minecraft.record_stal":2,"stat.craftItem.minecraft.iron_axe":3,"stat.mineBlock.minecraft.purple_shulker_box":2384,"stat.pickup.minecraft.lapis_block":41,"stat.drop.minecraft.trapdoor":6,"stat.useItem.minecraft.mutton":2,"stat.pickup.minecraft.fishing_rod":26,"stat.useItem.minecraft.planks":6075,"stat.useItem.minecraft.nether_brick_stairs":123,"stat.useItem.minecraft.fire_charge":1,"stat.pickup.minecraft.porkchop":108,"stat.pickup.minecraft.blaze_powder":3,"stat.pickup.minecraft.glass":2458,"stat.drop.minecraft.melon":41,"stat.useItem.minecraft.pink_shulker_box":7,"stat.useItem.minecraft.water_bucket":2797,"stat.pickup.minecraft.sand":109800,"stat.craftItem.minecraft.golden_apple":19,"stat.craftItem.minecraft.dark_oak_fence":1458,"stat.pickup.minecraft.hardened_clay":7075,"stat.useItem.minecraft.red_nether_brick":229,"stat.pickup.minecraft.name_tag":87,"stat.drop.minecraft.hardened_clay":168,"stat.drop.minecraft.splash_potion":1,"stat.aviateOneCm":577529030,"stat.useItem.minecraft.ender_pearl":3578,"stat.useItem.minecraft.brown_mushroom":72,"stat.craftItem.minecraft.cooked_fish":9129,"stat.craftItem.minecraft.blaze_powder":62,"stat.drop.minecraft.golden_sword":3,"stat.useItem.minecraft.red_glazed_terracotta":29,"stat.craftItem.minecraft.hardened_clay":155,"stat.useItem.minecraft.oak_stairs":240,"stat.craftItem.minecraft.golden_carrot":42,"stat.mineBlock.minecraft.dark_oak_stairs":165,"stat.useItem.minecraft.dark_oak_stairs":684,"stat.drop.minecraft.dark_oak_fence_gate":2,"stat.drop.minecraft.stone_slab":855,"stat.pickup.minecraft.fence_gate":1,"stat.pickup.minecraft.filled_map":383,"stat.pickup.minecraft.furnace":157,"stat.useItem.minecraft.redstone":626,"stat.mineBlock.minecraft.end_bricks":34,"stat.mineBlock.minecraft.redstone_lamp":7,"stat.pickup.minecraft.end_rod":58,"stat.pickup.minecraft.iron_chestplate":8,"stat.pickup.minecraft.skull":303,"stat.useItem.minecraft.stone_stairs":892,"stat.pickup.minecraft.acacia_door":2,"stat.craftItem.minecraft.nether_wart_block":160,"stat.mineBlock.minecraft.red_shulker_box":194,"stat.useItem.minecraft.pumpkin_pie":1,"stat.mineBlock.minecraft.brick_stairs":32,"stat.useItem.minecraft.hopper":156,"stat.craftItem.minecraft.heavy_weighted_pressure_plate":54,"stat.mineBlock.minecraft.oak_stairs":64,"stat.playOneMinute":68090862,"stat.drop.minecraft.string":73,"stat.useItem.minecraft.jungle_stairs":29,"stat.pickup.minecraft.diamond_block":30,"stat.useItem.minecraft.shears":30567,"stat.mineBlock.minecraft.brown_mushroom_block":3945,"stat.pickup.minecraft.beacon":17,"stat.pickup.minecraft.iron_bars":212,"stat.pickup.minecraft.dispenser":26,"stat.craftItem.minecraft.pumpkin_pie":16,"stat.drop.minecraft.ice":5,"stat.pickup.minecraft.red_glazed_terracotta":7,"stat.mineBlock.minecraft.dark_oak_fence":578,"stat.craftItem.minecraft.carpet":3990,"stat.mineBlock.minecraft.netherrack":140374,"stat.mineBlock.minecraft.dispenser":25,"stat.craftItem.minecraft.dark_oak_stairs":672,"stat.drop.minecraft.flint":658,"stat.craftItem.minecraft.golden_rail":90,"stat.useItem.minecraft.quartz_ore":2728,"stat.fallOneCm":10485357,"stat.drop.minecraft.brown_mushroom_block":6,"stat.drop.minecraft.dye":757,"stat.craftItem.minecraft.chest":1124,"stat.craftItem.minecraft.banner":196,"stat.mineBlock.minecraft.lever":20,"stat.pickup.minecraft.red_mushroom":2328,"stat.useItem.minecraft.iron_hoe":47,"stat.pickup.minecraft.milk_bucket":6,"stat.pickup.minecraft.comparator":11,"stat.drop.minecraft.leaves2":8,"stat.pickup.minecraft.feather":264,"stat.drop.minecraft.iron_leggings":2,"stat.pickup.minecraft.record_cat":17,"stat.mineBlock.minecraft.red_nether_brick":27,"stat.drop.minecraft.concrete":540,"stat.mineBlock.minecraft.spruce_fence":216,"stat.useItem.minecraft.yellow_shulker_box":93,"stat.craftItem.minecraft.dark_oak_fence_gate":90,"stat.pickup.minecraft.lead":111,"stat.useItem.minecraft.stone_pickaxe":368,"stat.craftItem.minecraft.birch_stairs":20,"stat.useItem.minecraft.stone_sword":150,"stat.craftItem.minecraft.iron_leggings":7,"stat.useItem.minecraft.orange_shulker_box":125,"stat.killEntity.Rabbit":13,"stat.pickup.minecraft.redstone_ore":1816,"stat.craftItem.minecraft.oak_stairs":312,"stat.pickup.minecraft.chainmail_boots":6,"stat.drop.minecraft.stick":375,"stat.pickup.minecraft.record_13":14,"stat.useItem.minecraft.iron_bars":374,"stat.mineBlock.minecraft.quartz_stairs":115,"stat.useItem.minecraft.bone_block":97,"stat.drop.minecraft.stone_brick_stairs":265,"stat.mineBlock.minecraft.pink_shulker_box":6,"stat.killEntity.LavaSlime":433,"stat.pickup.minecraft.log":26842,"stat.mineBlock.minecraft.golden_rail":8,"stat.craftItem.minecraft.hopper_minecart":1,"stat.pickup.minecraft.tallgrass":1562,"stat.pickup.minecraft.chainmail_leggings":4,"stat.pickup.minecraft.wooden_door":1,"stat.mineBlock.minecraft.iron_block":1695,"stat.drop.minecraft.clay":8,"stat.mineBlock.minecraft.tripwire_hook":8,"stat.useItem.minecraft.beetroot_soup":1,"stat.craftItem.minecraft.snow":2351,"stat.pickup.minecraft.diamond_helmet":5,"stat.useItem.minecraft.jungle_door":1,"stat.craftItem.minecraft.cooked_chicken":125,"stat.useItem.minecraft.stone_hoe":40,"stat.craftItem.minecraft.flower_pot":221,"stat.useItem.minecraft.beetroot_seeds":22,"stat.sneakTime":5259282,"stat.mineBlock.minecraft.cobblestone_wall":88,"stat.mineBlock.minecraft.yellow_shulker_box":92,"stat.useItem.minecraft.brewing_stand":33,"stat.useItem.minecraft.beetroot":1,"stat.pickup.minecraft.chest":713,"stat.craftItem.minecraft.enchanting_table":2,"stat.useItem.minecraft.web":259,"stat.craftItem.minecraft.leather_leggings":25,"stat.useItem.minecraft.lapis_block":19,"stat.drop.minecraft.red_shulker_box":1,"stat.pickup.minecraft.stone_pressure_plate":30,"stat.drop.minecraft.beetroot":12,"stat.pickup.minecraft.lit_pumpkin":5,"stat.useItem.minecraft.repeater":360,"stat.drop.minecraft.leather_helmet":21,"stat.craftItem.minecraft.stone_brick_stairs":7992,"stat.craftItem.minecraft.iron_trapdoor":109,"stat.swimOneCm":6522221,"stat.mineBlock.minecraft.diamond_block":30,"stat.mineBlock.minecraft.spruce_stairs":526,"stat.drop.minecraft.brown_mushroom":937,"stat.useItem.minecraft.dirt":125346,"stat.pickup.minecraft.purpur_block":116,"stat.craftItem.minecraft.melon_block":831,"stat.drop.minecraft.ender_pearl":18601,"stat.mineBlock.minecraft.magma":43,"stat.pickup.minecraft.quartz_stairs":114,"stat.mineBlock.minecraft.carpet":561,"stat.drop.minecraft.fence":45,"stat.pickup.minecraft.gold_block":182,"stat.mineBlock.minecraft.redstone_block":93,"stat.useItem.minecraft.stone_shovel":241,"stat.pickup.minecraft.clay":489,"stat.pickup.minecraft.glass_bottle":12,"stat.useItem.minecraft.red_mushroom":87,"stat.drop.minecraft.wheat_seeds":1062,"stat.craftItem.minecraft.wooden_slab":7608,"stat.useItem.minecraft.sign":1375,"stat.drop.minecraft.log":3761,"stat.pickup.minecraft.mutton":157,"stat.useItem.minecraft.lever":120,"stat.mineBlock.minecraft.coal_block":20,"stat.pickup.minecraft.dark_oak_door":35,"stat.drop.minecraft.golden_boots":32,"stat.pickup.minecraft.stonebrick":11703,"stat.drop.minecraft.mycelium":177,"stat.pickup.minecraft.redstone_lamp":7,"stat.drop.minecraft.beetroot_seeds":5,"stat.mineBlock.minecraft.nether_brick":89,"stat.drop.minecraft.log2":443,"stat.craftItem.minecraft.brick_block":2057,"stat.drop.minecraft.anvil":1,"stat.pickup.minecraft.gray_glazed_terracotta":29,"stat.drop.minecraft.potion":19,"stat.useItem.minecraft.stone_slab":49645,"stat.useItem.minecraft.bed":172,"stat.craftItem.minecraft.stone":11937,"stat.craftItem.minecraft.armor_stand":130,"stat.mineBlock.minecraft.crafting_table":637,"stat.useItem.minecraft.diamond_pickaxe":843811,"stat.mineBlock.minecraft.quartz_block":204,"stat.useItem.minecraft.carrot":961,"stat.killEntity.Endermite":69,"stat.drop.minecraft.golden_apple":4,"stat.useItem.minecraft.bucket":3570,"stat.drop.minecraft.spruce_fence_gate":2,"stat.pickup.minecraft.stone_button":102,"stat.pickup.minecraft.slime_ball":836,"stat.useItem.minecraft.purpur_block":2,"stat.mineBlock.minecraft.cyan_shulker_box":135,"stat.craftItem.minecraft.diamond_pickaxe":18,"stat.craftItem.minecraft.clay":221,"stat.craftItem.minecraft.jukebox":2,"stat.drop.minecraft.wooden_pickaxe":3,"stat.pickup.minecraft.gravel":45747,"stat.useItem.minecraft.glass_bottle":315,"stat.useItem.minecraft.diamond_axe":58634,"stat.pickup.minecraft.purpur_stairs":12,"stat.drop.minecraft.spruce_boat":2,"stat.pickup.minecraft.red_shulker_box":198,"stat.useItem.minecraft.stained_glass_pane":2701,"stat.pickup.minecraft.stone_brick_stairs":2140,"stat.pickup.minecraft.diamond_sword":9,"stat.craftItem.minecraft.brick_stairs":292,"stat.pickup.minecraft.brick":706,"stat.killEntity.SkeletonHorse":1,"stat.pickup.minecraft.iron_helmet":12,"stat.craftItem.minecraft.birch_boat":61,"stat.pickup.minecraft.black_shulker_box":148,"stat.useItem.minecraft.piston":228,"stat.craftItem.minecraft.bread":125,"stat.pickup.minecraft.spider_eye":147,"stat.useItem.minecraft.mycelium":82,"stat.useItem.minecraft.stone_button":257,"stat.pickup.minecraft.diamond_ore":698,"stat.useItem.minecraft.cooked_chicken":91,"stat.craftItem.minecraft.end_crystal":12,"stat.pickup.minecraft.iron_ore":5271,"stat.pickup.minecraft.snow":1204,"stat.mineBlock.minecraft.iron_bars":121,"stat.pickup.minecraft.leaves":29681,"stat.craftItem.minecraft.activator_rail":12,"stat.pickup.minecraft.leather":1225,"stat.drop.minecraft.iron_hoe":1,"stat.useItem.minecraft.wooden_pickaxe":36,"stat.mineBlock.minecraft.mycelium":69927,"stat.dispenserInspected":267,"stat.pickup.minecraft.reeds":10477,"stat.pickup.minecraft.prismarine_crystals":244,"stat.useItem.minecraft.magma":5,"stat.craftItem.minecraft.glass":27890,"stat.craftItem.minecraft.cauldron":90,"stat.sleepInBed":1067,"stat.craftItem.minecraft.baked_potato":185,"stat.drop.minecraft.shulker_shell":1,"stat.killEntity.Cow":163,"stat.pickup.minecraft.minecart":35,"stat.killEntity.Pig":39,"stat.craftItem.minecraft.iron_sword":4,"stat.pickup.minecraft.piston":250,"stat.drop.minecraft.painting":1,"stat.breakItem.minecraft.fishing_rod":14,"stat.walkOneCm":108181221,"stat.playerKills":1,"stat.pickup.minecraft.clay_ball":11581,"stat.mineBlock.minecraft.trapped_chest":82,"stat.useItem.minecraft.dark_oak_fence_gate":92,"stat.useItem.minecraft.emerald_block":118,"stat.pickup.minecraft.purpur_slab":14,"stat.useItem.minecraft.spruce_boat":31,"stat.drop.minecraft.diamond_axe":5,"stat.pickup.minecraft.tnt":11,"stat.drop.minecraft.iron_chestplate":3,"stat.pickup.minecraft.stone":239579,"stat.mineBlock.minecraft.wool":946,"stat.drop.minecraft.slime":14,"stat.drop.minecraft.diamond_leggings":1,"stat.drop.minecraft.emerald":97,"stat.craftItem.minecraft.hay_block":110,"stat.useItem.minecraft.red_mushroom_block":1,"stat.mineBlock.minecraft.packed_ice":2182,"stat.useItem.minecraft.leaves":24981,"stat.craftItem.minecraft.minecart":29,"stat.pickup.minecraft.gold_ingot":56,"stat.useItem.minecraft.prismarine":7569,"stat.killEntity.Skeleton":1471,"stat.pickup.minecraft.record_mall":2,"stat.mineBlock.minecraft.cactus":203,"stat.drop.minecraft.chainmail_boots":5,"stat.mineBlock.minecraft.redstone_torch":21,"stat.killEntity.Spider":115,"stat.pickup.minecraft.bread":74,"stat.craftItem.minecraft.spruce_fence":1020,"stat.pickup.minecraft.quartz":6406,"stat.pickup.minecraft.birch_fence":22,"stat.breakItem.minecraft.iron_axe":1,"stat.pickup.minecraft.water_bucket":18,"stat.drop.minecraft.prismarine":88,"stat.useItem.minecraft.hopper_minecart":1,"stat.pickup.minecraft.spruce_stairs":956,"stat.mineBlock.minecraft.redstone_ore":3165,"stat.pickup.minecraft.elytra":13,"stat.pickup.minecraft.lava_bucket":114,"stat.craftItem.minecraft.coal_block":1147,"stat.drop.minecraft.beef":11,"stat.craftItem.minecraft.brick":8690,"stat.mineBlock.minecraft.stone":557846,"stat.useItem.minecraft.sandstone":1266}