{"stat.useItem.minecraft.lapis_block":1,"stat.drop.minecraft.waterlily":7,"stat.pickup.minecraft.bone":70,"stat.useItem.minecraft.repeater":4,"stat.leaveGame":506,"stat.useItem.minecraft.log2":1,"stat.killEntity.Parrot":11,"stat.killEntity.Blaze":32,"stat.useItem.minecraft.repeating_command_block":2,"stat.useItem.minecraft.diamond_sword":50,"stat.useItem.minecraft.glowstone":4,"stat.killEntity.PigZombie":6,"stat.drop.minecraft.trapdoor":8,"stat.pickup.minecraft.fishing_rod":4,"stat.swimOneCm":93038,"stat.drop.minecraft.skull":5,"stat.climbOneCm":921,"stat.pickup.minecraft.porkchop":8,"stat.useItem.minecraft.dirt":7,"stat.pickup.minecraft.bow":1,"stat.pickup.minecraft.rotten_flesh":4,"stat.useItem.minecraft.magenta_shulker_box":1,"stat.pickup.minecraft.cobblestone":2,"stat.useItem.minecraft.anvil":1,"stat.flyOneCm":40609108,"stat.useItem.minecraft.ender_pearl":17,"stat.pickup.minecraft.redstone":2,"stat.timeSinceDeath":38003,"stat.hopperInspected":22,"stat.useItem.minecraft.sign":2,"stat.useItem.minecraft.spawn_egg":25,"stat.drop.minecraft.spider_eye":34,"stat.pickup.minecraft.mutton":2,"stat.useItem.minecraft.noteblock":1,"stat.trappedChestTriggered":8,"stat.drop.minecraft.stained_glass":510,"stat.pickup.minecraft.trapdoor":8,"stat.drop.minecraft.wool":4,"stat.killEntity.Creeper":3,"stat.drop.minecraft.chorus_fruit":6,"stat.drop.minecraft.ender_chest":1,"stat.drop.minecraft.stone_slab":254,"stat.drop.minecraft.bedrock":1,"stat.drop.minecraft.wooden_pressure_plate":1,"stat.pickup.minecraft.prismarine":5,"stat.useItem.minecraft.redstone":6,"stat.drop.minecraft.anvil":2,"stat.useItem.minecraft.written_book":1,"stat.sprintOneCm":25258,"stat.pickup.minecraft.cyan_shulker_box":1,"stat.useItem.minecraft.diamond_block":1,"stat.pickup.minecraft.skull":6,"stat.useItem.minecraft.stone_slab":4,"stat.pickup.minecraft.magenta_shulker_box":1,"stat.useItem.minecraft.flint_and_steel":4,"stat.useItem.minecraft.wooden_button":4,"stat.killEntity.Endermite":2,"stat.deaths":12,"stat.drop":52,"stat.playOneMinute":12239941,"stat.pickup.minecraft.blaze_rod":7,"stat.killEntity.Sheep":1,"stat.useItem.minecraft.ladder":3,"stat.useItem.minecraft.cyan_shulker_box":1,"stat.killEntity.Zombie":7,"stat.craftItem.minecraft.dye":233,"stat.pickup.minecraft.netherrack":1,"stat.diveOneCm":296219,"stat.chestOpened":80,"stat.useItem.minecraft.splash_potion":214,"stat.useItem.minecraft.sticky_piston":2,"stat.useItem.minecraft.stone":56,"stat.drop.minecraft.chorus_fruit_popped":1,"stat.pickup.minecraft.arrow":71,"stat.pickup.minecraft.wooden_pressure_plate":1,"stat.pickup.minecraft.purple_shulker_box":3,"stat.pickup.minecraft.gold_nugget":2,"stat.pickup.minecraft.stained_glass_pane":3,"stat.useItem.minecraft.bedrock":11,"stat.jump":177,"stat.drop.minecraft.stone":556,"stat.pickup.minecraft.gunpowder":5,"stat.crouchOneCm":6894,"stat.useItem.minecraft.mycelium":1,"stat.drop.minecraft.glass":11,"stat.craftingTableInteraction":1,"stat.dropperInspected":25,"stat.useItem.minecraft.glass":1,"stat.boatOneCm":15580,"stat.pickup.minecraft.leather":92,"stat.useItem.minecraft.dark_oak_fence":14,"stat.dispenserInspected":1,"stat.useItem.minecraft.gold_block":1,"stat.pickup.minecraft.magma_cream":2,"stat.noteblockTuned":19,"stat.killEntity.Llama":10,"stat.useItem.minecraft.purple_shulker_box":5,"stat.useItem.minecraft.slime":1,"stat.drop.minecraft.minecart":1,"stat.pickup.minecraft.rabbit_hide":92,"stat.damageDealt":4329,"stat.killEntity.Rabbit":1,"stat.useItem.minecraft.wool":53,"stat.useItem.minecraft.crafting_table":3,"stat.killEntity.Pig":3,"stat.useItem.minecraft.command_block":10,"stat.pickup.minecraft.boat":1,"stat.useItem.minecraft.bone_block":3,"stat.walkOneCm":81431,"stat.drop.minecraft.paper":1,"stat.useItem.minecraft.torch":20,"stat.useItem.minecraft.chest":2,"stat.drop.minecraft.rotten_flesh":3,"stat.useItem.minecraft.observer":7,"stat.useItem.minecraft.cobblestone":15,"stat.useItem.minecraft.emerald_block":1,"stat.killEntity.LavaSlime":16,"stat.pickup.minecraft.rabbit_foot":1,"stat.useItem.minecraft.redstone_block":15,"stat.pickup.minecraft.stone":2,"stat.shulkerBoxOpened":22,"stat.pickup.minecraft.tipped_arrow":1,"stat.pickup.minecraft.ladder":2,"stat.killEntity.Stray":1,"stat.killEntity.Skeleton":4,"stat.useItem.minecraft.iron_sword":4,"stat.useItem.minecraft.iron_block":2,"stat.killEntity.WitherSkeleton":6,"stat.mobKills":110,"stat.useItem.minecraft.stonebrick":11,"stat.drop.minecraft.repeating_command_block":1,"stat.useItem.minecraft.boat":3,"stat.useItem.minecraft.grass_path":1,"stat.drop.minecraft.prismarine":5,"stat.useItem.minecraft.writable_book":1,"stat.sneakTime":80877,"stat.pickup.minecraft.wool":3,"stat.pickup.minecraft.rabbit":25,"stat.pickup.minecraft.chest":1}