{"stat.useItem.minecraft.bow":975,"stat.drop.minecraft.gunpowder":2,"stat.drop.minecraft.redstone":129,"stat.mineBlock.minecraft.stained_glass":1,"stat.drop.minecraft.enchanted_book":1,"stat.mineBlock.minecraft.web":238,"stat.drop.minecraft.coal_block":37,"stat.pickup.minecraft.rotten_flesh":694,"stat.drop.minecraft.golden_horse_armor":1,"stat.craftItem.minecraft.stone_axe":3,"stat.drop.minecraft.leather_boots":1,"stat.pickup.minecraft.bucket":3,"stat.useItem.minecraft.rail":4,"stat.killEntity.Enderman":9786,"stat.useItem.minecraft.anvil":8,"stat.craftItem.minecraft.iron_shovel":6,"stat.pickup.minecraft.brown_mushroom":3,"stat.mineBlock.minecraft.end_stone":447,"stat.killEntity.Villager":2,"stat.useItem.minecraft.iron_pickaxe":4121,"stat.pickup.minecraft.stained_hardened_clay":4,"stat.pickup.minecraft.double_plant":7,"stat.furnaceInteraction":511,"stat.useItem.minecraft.nether_wart":16,"stat.mineBlock.minecraft.chorus_plant":19,"stat.useItem.minecraft.end_stone":402,"stat.mineBlock.minecraft.wooden_button":1,"stat.pickup.minecraft.hay_block":3,"stat.useItem.minecraft.fence":272,"stat.craftItem.minecraft.daylight_detector":14,"stat.useItem.minecraft.flint_and_steel":13,"stat.mineBlock.minecraft.fence":52,"stat.useItem.minecraft.wheat_seeds":978,"stat.drop.minecraft.cooked_fish":146,"stat.killEntity.Husk":30,"stat.pickup.minecraft.emerald":5,"stat.pickup.minecraft.lever":19,"stat.deaths":5,"stat.pickup.minecraft.egg":20,"stat.craftItem.minecraft.item_frame":126,"stat.craftItem.minecraft.iron_pickaxe":10,"stat.pickup.minecraft.glass_pane":14,"stat.pickup.minecraft.item_frame":24,"stat.drop.minecraft.iron_ingot":19,"stat.fishCaught":16183,"stat.craftItem.minecraft.cooked_mutton":21,"stat.chestOpened":3903,"stat.useItem.minecraft.lapis_ore":31,"stat.craftItem.minecraft.sign":51,"stat.pickup.minecraft.iron_sword":1,"stat.pickup.minecraft.lapis_ore":55,"stat.pickup.minecraft.gold_nugget":7,"stat.pickup.minecraft.chorus_flower":6,"stat.craftItem.minecraft.coal":1247,"stat.craftItem.minecraft.ender_chest":12,"stat.pickup.minecraft.carrot":536,"stat.drop.minecraft.stone_sword":6,"stat.crouchOneCm":339997,"stat.pickup.minecraft.rail":83,"stat.craftItem.minecraft.iron_ingot":1766,"stat.pickup.minecraft.ender_chest":114,"stat.craftingTableInteraction":410,"stat.mineBlock.minecraft.wooden_pressure_plate":3,"stat.mineBlock.minecraft.log2":22,"stat.pickup.minecraft.dye":979,"stat.pickup.minecraft.planks":460,"stat.mineBlock.minecraft.ender_chest":112,"stat.pickup.minecraft.ice":1811,"stat.mineBlock.minecraft.daylight_detector":1,"stat.drop.minecraft.rotten_flesh":70,"stat.pickup.minecraft.magma":589,"stat.drop.minecraft.glass_pane":3,"stat.useItem.minecraft.glass_pane":2,"stat.pickup.minecraft.end_stone":428,"stat.breakItem.minecraft.stone_shovel":1,"stat.pickup.minecraft.coal_block":37,"stat.drop.minecraft.fish":90,"stat.craftItem.minecraft.bucket":4,"stat.craftItem.minecraft.planks":5476,"stat.useItem.minecraft.iron_sword":158,"stat.craftItem.minecraft.fishing_rod":6,"stat.pickup.minecraft.stone_sword":7,"stat.useItem.minecraft.daylight_detector":10,"stat.useItem.minecraft.stonebrick":430,"stat.pickup.minecraft.book":12,"stat.craftItem.minecraft.wooden_door":18,"stat.mineBlock.minecraft.waterlily":5,"stat.pickup.minecraft.iron_door":8,"stat.pickup.minecraft.cooked_fish":172,"stat.pickup.minecraft.tripwire_hook":39,"stat.pickup.minecraft.bookshelf":1,"stat.mineBlock.minecraft.pumpkin":31,"stat.mineBlock.minecraft.cobblestone":497,"stat.useItem.minecraft.beacon":1,"stat.pickup.minecraft.stone_pickaxe":2,"stat.pickup.minecraft.flint":25,"stat.pickup.minecraft.leather_chestplate":1,"stat.mineBlock.minecraft.concrete":506,"stat.drop.minecraft.cobblestone":379,"stat.pickup.minecraft.cooked_porkchop":5,"stat.breakItem.minecraft.iron_pickaxe":6,"stat.pickup.minecraft.iron_boots":1,"stat.pickup.minecraft.diamond_horse_armor":1,"stat.craftItem.minecraft.furnace":18,"stat.craftItem.minecraft.lapis_block":96,"stat.drop.minecraft.golden_helmet":2,"stat.craftItem.minecraft.iron_boots":2,"stat.mineBlock.minecraft.clay":37,"stat.mineBlock.minecraft.noteblock":2,"stat.pickup.minecraft.diamond_leggings":2,"stat.drop.minecraft.iron_helmet":1,"stat.drop.minecraft.chainmail_chestplate":2,"stat.useItem.minecraft.wooden_slab":313,"stat.craftItem.minecraft.beacon":1,"stat.useItem.minecraft.iron_door":8,"stat.craftItem.minecraft.iron_block":183,"stat.craftItem.minecraft.stonebrick":388,"stat.drop.minecraft.flint_and_steel":1,"stat.killEntity.Creeper":143,"stat.useItem.minecraft.armor_stand":2,"stat.pickup.minecraft.wooden_sword":1,"stat.entityKilledBy.Skeleton":1,"stat.drop.minecraft.birch_fence":22,"stat.pickup.minecraft.birch_stairs":10,"stat.killEntity.Squid":6,"stat.sprintOneCm":15937539,"stat.useItem.minecraft.hay_block":3,"stat.mineBlock.minecraft.stone_slab":214,"stat.drop.minecraft.leather":2,"stat.pickup.minecraft.leather_leggings":1,"stat.craftItem.minecraft.redstone_lamp":10,"stat.drop.minecraft.boat":2,"stat.craftItem.minecraft.emerald":107,"stat.pickup.minecraft.iron_block":3,"stat.killEntity.Zombie":629,"stat.craftItem.minecraft.dye":416,"stat.craftItem.minecraft.diamond_axe":1,"stat.mineBlock.minecraft.gold_ore":276,"stat.drop.minecraft.diamond_pickaxe":1,"stat.pickup.minecraft.wheat":775,"stat.craftItem.minecraft.sandstone":916,"stat.mineBlock.minecraft.mossy_cobblestone":36,"stat.pickup.minecraft.sign":39,"stat.craftItem.minecraft.cooked_porkchop":55,"stat.pickup.minecraft.obsidian":191,"stat.pickup.minecraft.coal":3198,"stat.pickup.minecraft.iron_ingot":62,"stat.craftItem.minecraft.lever":17,"stat.pickup.minecraft.gunpowder":228,"stat.drop.minecraft.wooden_sword":1,"stat.pickup.minecraft.dirt":6993,"stat.useItem.minecraft.coal_ore":510,"stat.drop.minecraft.iron_shovel":2,"stat.mineBlock.minecraft.lapis_ore":119,"stat.mineBlock.minecraft.torch":323,"stat.mineBlock.minecraft.red_flower":19,"stat.tradedWithVillager":123,"stat.pickup.minecraft.magma_cream":13,"stat.noteblockTuned":5646025,"stat.useItem.minecraft.birch_fence":140,"stat.pickup.minecraft.diamond_axe":3,"stat.pickup.minecraft.shulker_shell":86,"stat.mineBlock.minecraft.birch_fence":31,"stat.drop.minecraft.item_frame":2,"stat.pickup.minecraft.diamond_pickaxe":5,"stat.pickup.minecraft.noteblock":3,"stat.drop.minecraft.birch_stairs":8,"stat.drop.minecraft.netherrack":886,"stat.useItem.minecraft.item_frame":148,"stat.useItem.minecraft.redstone_ore":179,"stat.pickup.minecraft.cooked_beef":24,"stat.useItem.minecraft.concrete":251,"stat.drop.minecraft.lever":3,"stat.mineBlock.minecraft.purpur_slab":1,"stat.mobKills":11985,"stat.pickup.minecraft.diamond_boots":2,"stat.mineBlock.minecraft.bookshelf":4,"stat.useItem.minecraft.boat":7,"stat.useItem.minecraft.mossy_cobblestone":3,"stat.craftItem.minecraft.lead":14,"stat.pickup.minecraft.diamond":152,"stat.pickup.minecraft.beetroot_seeds":86,"stat.breakItem.minecraft.stone_sword":8,"stat.useItem.minecraft.string":11,"stat.useItem.minecraft.bookshelf":1,"stat.useItem.minecraft.soul_sand":5,"stat.killEntity.Blaze":18,"stat.pickup.minecraft.golden_boots":1,"stat.pickup.minecraft.glowstone_dust":4,"stat.drop.minecraft.golden_leggings":1,"stat.craftItem.minecraft.stone_sword":8,"stat.mineBlock.minecraft.snow_layer":2,"stat.pickup.minecraft.chainmail_chestplate":6,"stat.mineBlock.minecraft.sand":5046,"stat.hopperInspected":87,"stat.useItem.minecraft.fence_gate":2,"stat.pickup.minecraft.ghast_tear":8,"stat.craftItem.minecraft.birch_door":6,"stat.pickup.minecraft.armor_stand":2,"stat.trappedChestTriggered":31,"stat.drop.minecraft.rail":4,"stat.pickup.minecraft.wooden_button":5,"stat.drop.minecraft.purple_shulker_box":15,"stat.drop.minecraft.wooden_pressure_plate":1,"stat.useItem.minecraft.minecart":3,"stat.useItem.minecraft.cooked_mutton":18,"stat.drop.minecraft.fishing_rod":1,"stat.killEntity.Horse":1,"stat.pickup.minecraft.stone_stairs":123,"stat.craftItem.minecraft.fence_gate":9,"stat.drop.minecraft.fireworks":64,"stat.drop.minecraft.jungle_boat":1,"stat.pickup.minecraft.saddle":4,"stat.mineBlock.minecraft.soul_sand":165,"stat.pickup.minecraft.blaze_rod":17,"stat.craftItem.minecraft.diamond_block":11,"stat.drop.minecraft.chest":5,"stat.pickup.minecraft.netherrack":6747,"stat.pickup.minecraft.pumpkin":27,"stat.pickup.minecraft.waterlily":28,"stat.mineBlock.minecraft.ice":1866,"stat.mineBlock.minecraft.gold_block":18,"stat.craftItem.minecraft.iron_hoe":1,"stat.drop.minecraft.stone":1507,"stat.pickup.minecraft.melon_seeds":11,"stat.drop.minecraft.book":1,"stat.pickup.minecraft.golden_leggings":3,"stat.pickup.minecraft.melon":166,"stat.pickup.minecraft.emerald_ore":2,"stat.useItem.minecraft.golden_rail":25,"stat.drop.minecraft.bone":226,"stat.craftItem.minecraft.wooden_button":1,"stat.useItem.minecraft.furnace":38,"stat.pickup.minecraft.iron_leggings":1,"stat.mineBlock.minecraft.gravel":1480,"stat.breakItem.minecraft.stone_axe":1,"stat.drop.minecraft.reeds":1,"stat.pickup.minecraft.flint_and_steel":1,"stat.useItem.minecraft.torch":3251,"stat.pickup.minecraft.golden_apple":4,"stat.craftItem.minecraft.redstone_block":256,"stat.craftItem.minecraft.stone_stairs":432,"stat.drop.minecraft.diamond_horse_armor":1,"stat.pickup.minecraft.crafting_table":36,"stat.useItem.minecraft.log":281,"stat.craftItem.minecraft.crafting_table":32,"stat.craftItem.minecraft.boat":4,"stat.mineBlock.minecraft.emerald_ore":5,"stat.useItem.minecraft.cooked_fish":368,"stat.drop.minecraft.sign":7,"stat.drop.minecraft.stonebrick":63,"stat.drop.minecraft.planks":101,"stat.pickup.minecraft.sapling":308,"stat.drop.minecraft.melon_seeds":4,"stat.useItem.minecraft.birch_door":5,"stat.drop.minecraft.bow":11,"stat.pickup.minecraft.beetroot":39,"stat.drop.minecraft.golden_chestplate":1,"stat.killEntity.WitherSkeleton":86,"stat.useItem.minecraft.wooden_pressure_plate":14,"stat.craftItem.minecraft.sugar":26,"stat.drop.minecraft.bucket":1,"stat.useItem.minecraft.baked_potato":55,"stat.pickup.minecraft.stone_slab":474,"stat.drop.minecraft.yellow_flower":1,"stat.pickup.minecraft.yellow_flower":13,"stat.pickup.minecraft.golden_rail":25,"stat.drop.minecraft.wooden_axe":4,"stat.useItem.minecraft.fishing_rod":176087,"stat.craftItem.minecraft.diamond_chestplate":1,"stat.pickup.minecraft.bone":595,"stat.horseOneCm":1132100,"stat.drop.minecraft.tripwire_hook":68,"stat.drop.minecraft.mossy_cobblestone":2,"stat.useItem.minecraft.diamond_sword":4606,"stat.craftItem.minecraft.diamond_helmet":1,"stat.climbOneCm":270042,"stat.craftItem.minecraft.gold_block":27,"stat.enderchestOpened":678,"stat.pickup.minecraft.golden_helmet":3,"stat.craftItem.minecraft.purple_shulker_box":20,"stat.pickup.minecraft.daylight_detector":1,"stat.pickup.minecraft.anvil":3,"stat.useItem.minecraft.iron_ore":2,"stat.craftItem.minecraft.trapdoor":20,"stat.craftItem.minecraft.stone_pickaxe":5,"stat.pickup.minecraft.cobblestone":10762,"stat.craftItem.minecraft.glass_bottle":66,"stat.pickup.minecraft.soul_sand":160,"stat.useItem.minecraft.cooked_beef":165,"stat.pickup.minecraft.cactus":21,"stat.pickup.minecraft.redstone":2355,"stat.mineBlock.minecraft.iron_ore":1749,"stat.craftItem.minecraft.book":21,"stat.pickup.minecraft.mossy_cobblestone":28,"stat.useItem.minecraft.noteblock":4,"stat.drop.minecraft.coal":27,"stat.drop.minecraft.dirt":281,"stat.useItem.minecraft.cooked_porkchop":40,"stat.pickup.minecraft.iron_shovel":2,"stat.pickup.minecraft.trapdoor":18,"stat.pickup.minecraft.diamond_shovel":2,"stat.pickup.minecraft.nether_star":2,"stat.pickup.minecraft.sandstone_stairs":105,"stat.craftItem.minecraft.stick":2904,"stat.pickup.minecraft.grass":428,"stat.drop.minecraft.leaves":5,"stat.pickup.minecraft.golden_horse_armor":1,"stat.pickup.minecraft.diamond_chestplate":1,"stat.breakItem.minecraft.shears":1,"stat.mineBlock.minecraft.planks":327,"stat.drop":736,"stat.killEntity.Sheep":30,"stat.pickup.minecraft.golden_chestplate":3,"stat.useItem.minecraft.melon_seeds":5,"stat.drop.minecraft.bread":2,"stat.drop.minecraft.cooked_beef":11,"stat.killEntity.Slime":19,"stat.mineBlock.minecraft.anvil":3,"stat.pickup.minecraft.purple_shulker_box":152,"stat.useItem.minecraft.waterlily":181,"stat.drop.minecraft.chainmail_helmet":1,"stat.useItem.minecraft.carpet":4,"stat.pickup.minecraft.fence":70,"stat.useItem.minecraft.stone_axe":217,"stat.craftItem.minecraft.iron_helmet":2,"stat.boatOneCm":1175519,"stat.craftItem.minecraft.flint_and_steel":2,"stat.useItem.minecraft.redstone_lamp":8,"stat.mineBlock.minecraft.leaves2":4,"stat.mineBlock.minecraft.stone_stairs":121,"stat.mineBlock.minecraft.furnace":21,"stat.drop.minecraft.water_bucket":1,"stat.killEntity.CaveSpider":47,"stat.craftItem.minecraft.netherbrick":448,"stat.craftItem.minecraft.birch_fence":150,"stat.pickup.minecraft.oak_stairs":39,"stat.damageDealt":385184,"stat.craftItem.minecraft.anvil":5,"stat.pickup.minecraft.end_bricks":5,"stat.useItem.minecraft.crafting_table":54,"stat.craftItem.minecraft.stone_shovel":3,"stat.pickup.minecraft.boat":6,"stat.pickup.minecraft.stick":170,"stat.breakItem.minecraft.stone_pickaxe":4,"stat.craftItem.minecraft.birch_fence_gate":5,"stat.craftItem.minecraft.diamond_boots":1,"stat.craftItem.minecraft.writable_book":12,"stat.craftItem.minecraft.redstone":72,"stat.useItem.minecraft.cactus":12,"stat.pickup.minecraft.chorus_fruit":201,"stat.killEntity.Chicken":2,"stat.drop.minecraft.crafting_table":1,"stat.useItem.minecraft.iron_block":154,"stat.mineBlock.minecraft.quartz_ore":470,"stat.pickup.minecraft.concrete_powder":323,"stat.craftItem.minecraft.fence":273,"stat.useItem.minecraft.golden_apple":10,"stat.mineBlock.minecraft.leaves":1330,"stat.mineBlock.minecraft.hay_block":3,"stat.beaconInteraction":3,"stat.pickup.minecraft.wooden_slab":91,"stat.leaveGame":106,"stat.useItem.minecraft.glowstone":1,"stat.mineBlock.minecraft.sandstone":9956,"stat.craftItem.minecraft.ender_eye":31,"stat.killEntity.PigZombie":3,"stat.drop.minecraft.feather":52,"stat.pickup.minecraft.leaves2":2,"stat.useItem.minecraft.sandstone_stairs":2005,"stat.useItem.minecraft.birch_boat":21,"stat.craftItem.minecraft.noteblock":1,"stat.mineBlock.minecraft.wooden_slab":74,"stat.pickup.minecraft.leather_boots":4,"stat.killEntity.Witch":3,"stat.drop.minecraft.sand":139,"stat.drop.minecraft.gold_ingot":3,"stat.craftItem.minecraft.wooden_pickaxe":1,"stat.craftItem.minecraft.iron_door":3,"stat.useItem.minecraft.iron_shovel":1467,"stat.craftItem.minecraft.bed":3,"stat.mineBlock.minecraft.vine":1,"stat.mineBlock.minecraft.hopper":4,"stat.drop.minecraft.gravel":85,"stat.mineBlock.minecraft.rail":58,"stat.useItem.minecraft.pumpkin_seeds":9,"stat.killEntity.ZombieVillager":19,"stat.noteblockPlayed":4,"stat.drop.minecraft.red_flower":2,"stat.pickup.minecraft.beef":211,"stat.pickup.minecraft.leather_helmet":2,"stat.useItem.minecraft.trapdoor":27,"stat.mineBlock.minecraft.stained_hardened_clay":1,"stat.drop.minecraft.lead":1,"stat.useItem.minecraft.ice":37,"stat.pickup.minecraft.potion":3,"stat.useItem.minecraft.wooden_button":3,"stat.useItem.minecraft.dye":272,"stat.useItem.minecraft.beef":10,"stat.drop.minecraft.torch":62,"stat.mineBlock.minecraft.tallgrass":636,"stat.drop.minecraft.chorus_flower":3,"stat.useItem.minecraft.stone":965,"stat.pickup.minecraft.arrow":944,"stat.pickup.minecraft.wooden_pressure_plate":4,"stat.killEntity.Ghast":16,"stat.useItem.minecraft.ender_chest":122,"stat.mineBlock.minecraft.chest":47,"stat.mineBlock.minecraft.concrete_powder":24,"stat.craftItem.minecraft.hopper":17,"stat.useItem.minecraft.emerald_ore":2,"stat.useItem.minecraft.reeds":527,"stat.pickup.minecraft.birch_boat":18,"stat.craftItem.minecraft.wooden_sword":1,"stat.craftItem.minecraft.diamond_shovel":2,"stat.pickup.minecraft.wheat_seeds":1450,"stat.mineBlock.minecraft.glass":4,"stat.mineBlock.minecraft.dirt":5654,"stat.pickup.minecraft.poisonous_potato":2,"stat.useItem.minecraft.bread":9,"stat.pickup.minecraft.brewing_stand":1,"stat.useItem.minecraft.cobblestone":1071,"stat.useItem.minecraft.gravel":20,"stat.mineBlock.minecraft.double_plant":21,"stat.minecartOneCm":1192,"stat.pickup.minecraft.iron_pickaxe":1,"stat.drop.minecraft.carrot":1,"stat.mineBlock.minecraft.end_rod":1,"stat.craftItem.minecraft.gold_ingot":239,"stat.pickup.minecraft.hopper":6,"stat.pickup.minecraft.apple":23,"stat.useItem.minecraft.fireworks":8,"stat.itemEnchanted":8,"stat.mineBlock.minecraft.log":1694,"stat.useItem.minecraft.wooden_door":17,"stat.craftItem.minecraft.paper":3168,"stat.pickup.minecraft.red_flower":20,"stat.pickup.minecraft.wool":96,"stat.useItem.minecraft.chorus_fruit":3,"stat.useItem.minecraft.wooden_axe":13,"stat.drop.minecraft.grass":17,"stat.craftItem.minecraft.diamond_leggings":1,"stat.useItem.minecraft.iron_axe":510,"stat.mineBlock.minecraft.yellow_flower":2,"stat.useItem.minecraft.skull":5,"stat.craftItem.minecraft.wool":24,"stat.useItem.minecraft.concrete_powder":480,"stat.pickup.minecraft.enchanted_book":6,"stat.pickup.minecraft.glowstone":80,"stat.useItem.minecraft.obsidian":113,"stat.pickup.minecraft.bow":29,"stat.drop.minecraft.birch_boat":1,"stat.useItem.minecraft.egg":2,"stat.craftItem.minecraft.spruce_boat":4,"stat.pickup.minecraft.coal_ore":628,"stat.craftItem.minecraft.cooked_beef":194,"stat.mineBlock.minecraft.obsidian":185,"stat.pickup.minecraft.shears":2,"stat.craftItem.minecraft.bow":1,"stat.flyOneCm":8762288,"stat.pickup.minecraft.sandstone":10238,"stat.pickup.minecraft.fish":319,"stat.timeSinceDeath":84893,"stat.pickup.minecraft.quartz_ore":281,"stat.killEntity.Bat":43,"stat.useItem.minecraft.potato":97,"stat.pickup.minecraft.chainmail_helmet":2,"stat.pickup.minecraft.nether_wart":47,"stat.craftItem.minecraft.concrete_powder":264,"stat.mineBlock.minecraft.coal_ore":2142,"stat.craftItem.minecraft.stone_hoe":2,"stat.talkedToVillager":104,"stat.drop.minecraft.baked_potato":2,"stat.pickup.minecraft.string":440,"stat.mineBlock.minecraft.ladder":14,"stat.useItem.minecraft.milk_bucket":1,"stat.mineBlock.minecraft.chorus_flower":3,"stat.useItem.minecraft.dragon_egg":1,"stat.useItem.minecraft.diamond_shovel":11102,"stat.craftItem.minecraft.wooden_axe":2,"stat.mineBlock.minecraft.diamond_ore":109,"stat.pickup.minecraft.fireworks":15,"stat.craftItem.minecraft.wooden_pressure_plate":13,"stat.useItem.minecraft.wooden_sword":14,"stat.breakItem.minecraft.iron_shovel":5,"stat.useItem.minecraft.diamond_ore":42,"stat.useItem.minecraft.ladder":157,"stat.pickup.minecraft.snowball":4,"stat.useItem.minecraft.birch_stairs":9,"stat.craftItem.minecraft.sandstone_stairs":1900,"stat.diveOneCm":507925,"stat.craftItem.minecraft.ladder":279,"stat.drop.minecraft.apple":1,"stat.craftItem.minecraft.diamond_sword":1,"stat.drop.minecraft.sandstone":257,"stat.jump":37555,"stat.useItem.minecraft.sand":65,"stat.craftItem.minecraft.torch":2880,"stat.mineBlock.minecraft.purpur_block":8,"stat.useItem.minecraft.glass":199,"stat.useItem.minecraft.sapling":272,"stat.pickup.minecraft.gold_ore":283,"stat.mineBlock.minecraft.glass_pane":11,"stat.damageTaken":26929,"stat.useItem.minecraft.end_crystal":8,"stat.mineBlock.minecraft.melon_block":30,"stat.useItem.minecraft.gold_block":31,"stat.mineBlock.minecraft.sapling":26,"stat.pickup.minecraft.log2":16,"stat.mineBlock.minecraft.sandstone_stairs":105,"stat.useItem.minecraft.purple_shulker_box":138,"stat.pickup.minecraft.bed":3,"stat.pickup.minecraft.concrete":650,"stat.pickup.minecraft.potato":404,"stat.killEntity.Shulker":43,"stat.killEntity.Silverfish":9,"stat.craftItem.minecraft.stone_slab":10686,"stat.animalsBred":143,"stat.useItem.minecraft.chest":267,"stat.useItem.minecraft.birch_fence_gate":2,"stat.shulkerBoxOpened":288,"stat.craftItem.minecraft.iron_chestplate":2,"stat.pickup.minecraft.baked_potato":63,"stat.drop.minecraft.potato":3,"stat.pickup.minecraft.ender_pearl":2575,"stat.breakItem.minecraft.stone_hoe":1,"stat.pickup.minecraft.ladder":95,"stat.useItem.minecraft.netherrack":1075,"stat.useItem.minecraft.tripwire_hook":7,"stat.mineBlock.minecraft.stonebrick":92,"stat.mineBlock.minecraft.glowstone":60,"stat.craftItem.minecraft.shears":2,"stat.breakItem.minecraft.chainmail_helmet":1,"stat.pickup.minecraft.iron_horse_armor":1,"stat.useItem.minecraft.writable_book":1,"stat.pickup.minecraft.torch":738,"stat.drop.minecraft.diamond_shovel":1,"stat.drop.minecraft.stone_axe":1,"stat.pickup.minecraft.spruce_boat":4,"stat.useItem.minecraft.purpur_slab":1,"stat.drop.minecraft.arrow":241,"stat.drop.minecraft.shears":1,"stat.pickup.minecraft.jungle_boat":1,"stat.useItem.minecraft.end_bricks":3,"stat.craftItem.minecraft.iron_axe":2,"stat.mineBlock.minecraft.purple_shulker_box":136,"stat.useItem.minecraft.lead":1,"stat.pickup.minecraft.lapis_block":1,"stat.pickup.minecraft.fishing_rod":2,"stat.useItem.minecraft.planks":541,"stat.pickup.minecraft.porkchop":39,"stat.pickup.minecraft.glass":24,"stat.useItem.minecraft.water_bucket":433,"stat.pickup.minecraft.sand":5551,"stat.pickup.minecraft.name_tag":5,"stat.aviateOneCm":9037855,"stat.useItem.minecraft.ender_pearl":308,"stat.craftItem.minecraft.cooked_fish":624,"stat.craftItem.minecraft.blaze_powder":32,"stat.useItem.minecraft.oak_stairs":300,"stat.drop.minecraft.stone_slab":1,"stat.mineBlock.minecraft.birch_stairs":2,"stat.pickup.minecraft.furnace":21,"stat.useItem.minecraft.redstone":3,"stat.mineBlock.minecraft.end_bricks":5,"stat.pickup.minecraft.iron_chestplate":1,"stat.pickup.minecraft.end_rod":1,"stat.useItem.minecraft.stone_stairs":376,"stat.pickup.minecraft.skull":27,"stat.useItem.minecraft.hopper":22,"stat.mineBlock.minecraft.oak_stairs":39,"stat.playOneMinute":11813875,"stat.pickup.minecraft.birch_door":7,"stat.drop.minecraft.string":2,"stat.useItem.minecraft.shears":222,"stat.pickup.minecraft.iron_bars":9,"stat.craftItem.minecraft.carpet":9,"stat.mineBlock.minecraft.netherrack":6879,"stat.drop.minecraft.flint":9,"stat.craftItem.minecraft.golden_rail":24,"stat.useItem.minecraft.quartz_ore":101,"stat.fallOneCm":525872,"stat.drop.minecraft.dye":22,"stat.craftItem.minecraft.chest":254,"stat.mineBlock.minecraft.lever":24,"stat.pickup.minecraft.red_mushroom":1,"stat.useItem.minecraft.iron_hoe":30,"stat.drop.minecraft.leaves2":2,"stat.pickup.minecraft.feather":116,"stat.drop.minecraft.concrete":137,"stat.pickup.minecraft.lead":35,"stat.useItem.minecraft.stone_pickaxe":542,"stat.craftItem.minecraft.birch_stairs":8,"stat.useItem.minecraft.stone_sword":1053,"stat.craftItem.minecraft.iron_leggings":1,"stat.pickup.minecraft.redstone_ore":310,"stat.craftItem.minecraft.oak_stairs":304,"stat.pickup.minecraft.chainmail_boots":1,"stat.drop.minecraft.stick":96,"stat.mineBlock.minecraft.monster_egg":7,"stat.killEntity.LavaSlime":42,"stat.pickup.minecraft.log":1713,"stat.breakItem.minecraft.iron_boots":1,"stat.mineBlock.minecraft.golden_rail":16,"stat.breakItem.minecraft.iron_helmet":1,"stat.pickup.minecraft.wooden_door":11,"stat.entityKilledBy.Enderman":2,"stat.mineBlock.minecraft.iron_block":3,"stat.breakItem.minecraft.iron_chestplate":1,"stat.mineBlock.minecraft.tripwire_hook":3,"stat.pickup.minecraft.diamond_helmet":3,"stat.useItem.minecraft.stone_hoe":188,"stat.useItem.minecraft.beetroot_seeds":25,"stat.sneakTime":131487,"stat.useItem.minecraft.brewing_stand":1,"stat.pickup.minecraft.chest":69,"stat.swimOneCm":832143,"stat.drop.minecraft.brown_mushroom":2,"stat.useItem.minecraft.dirt":1509,"stat.pickup.minecraft.purpur_block":8,"stat.craftItem.minecraft.melon_block":17,"stat.drop.minecraft.ender_pearl":5972,"stat.mineBlock.minecraft.magma":461,"stat.pickup.minecraft.gold_block":38,"stat.useItem.minecraft.stone_shovel":332,"stat.pickup.minecraft.clay":37,"stat.pickup.minecraft.glass_bottle":64,"stat.drop.minecraft.wheat_seeds":14,"stat.craftItem.minecraft.wooden_slab":396,"stat.useItem.minecraft.sign":52,"stat.drop.minecraft.log":27,"stat.pickup.minecraft.mutton":70,"stat.drop.minecraft.activator_rail":3,"stat.useItem.minecraft.lever":24,"stat.pickup.minecraft.wooden_axe":2,"stat.pickup.minecraft.stonebrick":147,"stat.drop.minecraft.beetroot_seeds":5,"stat.useItem.minecraft.stone_slab":10518,"stat.useItem.minecraft.bed":6,"stat.craftItem.minecraft.stone":576,"stat.craftItem.minecraft.armor_stand":1,"stat.mineBlock.minecraft.crafting_table":32,"stat.useItem.minecraft.diamond_pickaxe":44925,"stat.useItem.minecraft.carrot":138,"stat.killEntity.Endermite":5,"stat.useItem.minecraft.ender_eye":11,"stat.useItem.minecraft.bucket":438,"stat.pickup.minecraft.slime_ball":25,"stat.useItem.minecraft.purpur_block":8,"stat.craftItem.minecraft.diamond_pickaxe":3,"stat.drop.minecraft.wooden_pickaxe":2,"stat.pickup.minecraft.gravel":1428,"stat.useItem.minecraft.diamond_axe":1911,"stat.drop.minecraft.spruce_boat":7,"stat.drop.minecraft.cooked_porkchop":13,"stat.pickup.minecraft.diamond_sword":3,"stat.craftItem.minecraft.birch_boat":6,"stat.pickup.minecraft.spider_eye":117,"stat.pickup.minecraft.diamond_ore":46,"stat.craftItem.minecraft.end_crystal":8,"stat.pickup.minecraft.iron_ore":1725,"stat.mineBlock.minecraft.iron_bars":2,"stat.pickup.minecraft.leaves":468,"stat.pickup.minecraft.leather":166,"stat.useItem.minecraft.wooden_pickaxe":13,"stat.dispenserInspected":2,"stat.pickup.minecraft.reeds":4039,"stat.useItem.minecraft.magma":322,"stat.craftItem.minecraft.glass":1089,"stat.sleepInBed":123,"stat.craftItem.minecraft.baked_potato":86,"stat.killEntity.Cow":81,"stat.pickup.minecraft.minecart":5,"stat.killEntity.Pig":19,"stat.craftItem.minecraft.iron_sword":1,"stat.breakItem.minecraft.fishing_rod":3,"stat.walkOneCm":11649257,"stat.playerKills":1,"stat.pickup.minecraft.purpur_slab":1,"stat.useItem.minecraft.spruce_boat":1,"stat.drop.minecraft.diamond_axe":2,"stat.drop.minecraft.iron_chestplate":1,"stat.pickup.minecraft.stone":13989,"stat.mineBlock.minecraft.wool":1,"stat.craftItem.minecraft.hay_block":43,"stat.useItem.minecraft.leaves":13,"stat.pickup.minecraft.gold_ingot":9,"stat.killEntity.Skeleton":694,"stat.killEntity.Spider":108,"stat.pickup.minecraft.bread":6,"stat.pickup.minecraft.quartz":408,"stat.pickup.minecraft.birch_fence":52,"stat.pickup.minecraft.water_bucket":5,"stat.breakItem.minecraft.iron_axe":2,"stat.mineBlock.minecraft.redstone_ore":711,"stat.pickup.minecraft.elytra":2,"stat.craftItem.minecraft.coal_block":236,"stat.mineBlock.minecraft.stone":22166,"stat.useItem.minecraft.sandstone":80}