{"stat.beaconInteraction":1,"stat.useItem.minecraft.bow":586,"stat.pickup.minecraft.wooden_slab":68,"stat.leaveGame":35,"stat.drop.minecraft.gunpowder":3,"stat.pickup.minecraft.jungle_fence":3,"stat.drop.minecraft.redstone":1,"stat.mineBlock.minecraft.sandstone":20,"stat.craftItem.minecraft.ender_eye":26,"stat.killEntity.PigZombie":10,"stat.mineBlock.minecraft.web":78,"stat.drop.minecraft.iron_sword":1,"stat.pickup.minecraft.rotten_flesh":602,"stat.craftItem.minecraft.stone_axe":2,"stat.drop.minecraft.leather_boots":2,"stat.useItem.minecraft.birch_boat":5,"stat.craftItem.minecraft.noteblock":64,"stat.pickup.minecraft.bucket":1,"stat.killEntity.Enderman":6013,"stat.mineBlock.minecraft.wooden_slab":5,"stat.pickup.minecraft.leather_boots":4,"stat.drop.minecraft.elytra":2,"stat.useItem.minecraft.anvil":3,"stat.craftItem.minecraft.iron_shovel":2,"stat.pickup.minecraft.brown_mushroom":19,"stat.killEntity.Witch":8,"stat.drop.minecraft.sand":26,"stat.mineBlock.minecraft.end_stone":5,"stat.useItem.minecraft.iron_pickaxe":2221,"stat.craftItem.minecraft.wooden_pickaxe":3,"stat.useItem.minecraft.iron_shovel":209,"stat.craftItem.minecraft.bed":4,"stat.craftItem.minecraft.glass_pane":16,"stat.useItem.minecraft.hardened_clay":1,"stat.mineBlock.minecraft.vine":121,"stat.mineBlock.minecraft.hopper":101,"stat.mineBlock.minecraft.sticky_piston":27,"stat.furnaceInteraction":759,"stat.drop.minecraft.gravel":35,"stat.mineBlock.minecraft.rail":98,"stat.killEntity.ZombieVillager":8,"stat.pickup.minecraft.nether_brick":15,"stat.useItem.minecraft.end_stone":4,"stat.pickup.minecraft.prismarine":3,"stat.pickup.minecraft.beef":505,"stat.mineBlock.minecraft.wooden_button":9,"stat.drop.minecraft.cactus":1,"stat.pickup.minecraft.leather_helmet":1,"stat.useItem.minecraft.trapdoor":4,"stat.useItem.minecraft.fence":1,"stat.drop.minecraft.furnace":2,"stat.useItem.minecraft.flint_and_steel":4,"stat.useItem.minecraft.wheat_seeds":1035,"stat.useItem.minecraft.wooden_button":12,"stat.craftItem.minecraft.dropper":107,"stat.useItem.minecraft.dye":516,"stat.pickup.minecraft.lever":3,"stat.deaths":8,"stat.pickup.minecraft.bowl":1,"stat.pickup.minecraft.egg":49,"stat.useItem.minecraft.nether_brick":10,"stat.craftItem.minecraft.iron_pickaxe":11,"stat.pickup.minecraft.glass_pane":13,"stat.drop.minecraft.torch":128,"stat.craftItem.minecraft.repeater":62,"stat.mineBlock.minecraft.tallgrass":535,"stat.craftItem.minecraft.cooked_mutton":68,"stat.pickup.minecraft.cooked_mutton":52,"stat.chestOpened":2017,"stat.useItem.minecraft.lapis_ore":10,"stat.craftItem.minecraft.mushroom_stew":2,"stat.craftItem.minecraft.sign":33,"stat.useItem.minecraft.stone":1705,"stat.useItem.minecraft.jungle_fence":44,"stat.pickup.minecraft.arrow":402,"stat.pickup.minecraft.iron_sword":6,"stat.killEntity.Ghast":13,"stat.useItem.minecraft.ender_chest":18,"stat.pickup.minecraft.lapis_ore":10,"stat.useItem.minecraft.white_shulker_box":1,"stat.pickup.minecraft.gold_nugget":2,"stat.craftItem.minecraft.coal":8,"stat.drop.minecraft.iron_pickaxe":2,"stat.craftItem.minecraft.ender_chest":18,"stat.pickup.minecraft.carrot":45,"stat.drop.minecraft.stone_sword":1,"stat.crouchOneCm":681155,"stat.pickup.minecraft.rail":108,"stat.mineBlock.minecraft.chest":47,"stat.craftItem.minecraft.diamond":162,"stat.craftItem.minecraft.iron_ingot":3605,"stat.pickup.minecraft.ender_chest":17,"stat.mineBlock.minecraft.hardened_clay":459,"stat.craftItem.minecraft.hopper":290,"stat.craftingTableInteraction":385,"stat.pickup.minecraft.repeater":116,"stat.pickup.minecraft.wooden_pickaxe":4,"stat.useItem.minecraft.reeds":39,"stat.pickup.minecraft.birch_boat":2,"stat.craftItem.minecraft.wooden_sword":1,"stat.pickup.minecraft.dye":2091,"stat.mineBlock.minecraft.jungle_fence":3,"stat.pickup.minecraft.planks":141,"stat.craftItem.minecraft.diamond_shovel":6,"stat.pickup.minecraft.wheat_seeds":1448,"stat.drop.minecraft.snow":4,"stat.mineBlock.minecraft.glass":41,"stat.useItem.minecraft.enchanting_table":3,"stat.mineBlock.minecraft.ender_chest":13,"stat.mineBlock.minecraft.dirt":2656,"stat.pickup.minecraft.poisonous_potato":1,"stat.useItem.minecraft.bread":27,"stat.drop.minecraft.rotten_flesh":21,"stat.useItem.minecraft.cobblestone":2099,"stat.pickup.minecraft.magma":109,"stat.useItem.minecraft.gravel":191,"stat.mineBlock.minecraft.double_plant":12,"stat.minecartOneCm":114456,"stat.useItem.minecraft.jungle_fence_gate":1,"stat.drop.minecraft.chicken":1,"stat.pickup.minecraft.iron_pickaxe":12,"stat.drop.minecraft.iron_ore":1,"stat.drop.minecraft.carrot":1,"stat.useItem.minecraft.yellow_flower":2,"stat.craftItem.minecraft.gold_ingot":443,"stat.pickup.minecraft.hopper":95,"stat.drop.minecraft.sapling":2,"stat.pickup.minecraft.chicken":85,"stat.drop.minecraft.gold_nugget":2,"stat.pickup.minecraft.apple":11,"stat.useItem.minecraft.fireworks":1,"stat.pickup.minecraft.banner":19,"stat.pickup.minecraft.end_stone":4,"stat.useItem.minecraft.glass_pane":25,"stat.craftItem.minecraft.bucket":5,"stat.craftItem.minecraft.planks":6852,"stat.useItem.minecraft.iron_sword":1409,"stat.itemEnchanted":84,"stat.mineBlock.minecraft.prismarine":3,"stat.pickup.minecraft.stone_sword":1,"stat.craftItem.minecraft.fishing_rod":1,"stat.useItem.minecraft.stonebrick":28,"stat.mineBlock.minecraft.log":2473,"stat.craftItem.minecraft.paper":522,"stat.pickup.minecraft.red_flower":10,"stat.pickup.minecraft.wool":57,"stat.useItem.minecraft.wooden_axe":3,"stat.drop.minecraft.grass":18,"stat.craftItem.minecraft.trapped_chest":64,"stat.pickup.minecraft.trapped_chest":12,"stat.craftItem.minecraft.jungle_boat":1,"stat.craftItem.minecraft.diamond_leggings":2,"stat.pickup.minecraft.bookshelf":3,"stat.useItem.minecraft.iron_axe":410,"stat.mineBlock.minecraft.cobblestone":566,"stat.useItem.minecraft.beacon":1,"stat.pickup.minecraft.stone_pickaxe":1,"stat.pickup.minecraft.flint":47,"stat.mineBlock.minecraft.yellow_flower":3,"stat.useItem.minecraft.skull":3,"stat.pickup.minecraft.leather_chestplate":1,"stat.mineBlock.minecraft.concrete":3,"stat.craftItem.minecraft.wool":1,"stat.mineBlock.minecraft.stained_glass_pane":1,"stat.drop.minecraft.saddle":1,"stat.useItem.minecraft.snow":14,"stat.pickup.minecraft.enchanted_book":1,"stat.pickup.minecraft.glowstone":69,"stat.drop.minecraft.cobblestone":1578,"stat.pickup.minecraft.cooked_porkchop":6,"stat.breakItem.minecraft.iron_pickaxe":8,"stat.mineBlock.minecraft.dropper":25,"stat.useItem.minecraft.obsidian":12,"stat.pickup.minecraft.sticky_piston":19,"stat.useItem.minecraft.cookie":6,"stat.pickup.minecraft.bow":23,"stat.pickup.minecraft.iron_boots":5,"stat.craftItem.minecraft.furnace":17,"stat.craftItem.minecraft.lapis_block":187,"stat.useItem.minecraft.egg":39,"stat.craftItem.minecraft.iron_boots":3,"stat.craftItem.minecraft.cooked_beef":475,"stat.mineBlock.minecraft.obsidian":362,"stat.craftItem.minecraft.bow":21,"stat.mineBlock.minecraft.clay":66,"stat.pickup.minecraft.diamond_leggings":1,"stat.flyOneCm":7490900,"stat.pickup.minecraft.sandstone":28,"stat.pickup.minecraft.fish":5,"stat.timeSinceDeath":1047374,"stat.pickup.minecraft.quartz_ore":120,"stat.drop.minecraft.spider_eye":17,"stat.useItem.minecraft.wooden_slab":9,"stat.craftItem.minecraft.beacon":1,"stat.drop.minecraft.repeater":22,"stat.craftItem.minecraft.iron_block":375,"stat.killEntity.Bat":14,"stat.craftItem.minecraft.stonebrick":16,"stat.useItem.minecraft.potato":44,"stat.pickup.minecraft.chainmail_helmet":2,"stat.mineBlock.minecraft.enchanting_table":2,"stat.mineBlock.minecraft.coal_ore":1716,"stat.drop.minecraft.wool":2,"stat.pickup.minecraft.shield":1,"stat.killEntity.Creeper":69,"stat.craftItem.minecraft.stone_hoe":1,"stat.talkedToVillager":21,"stat.breakItem.minecraft.iron_sword":1,"stat.pickup.minecraft.string":231,"stat.mineBlock.minecraft.ladder":53,"stat.killEntity.Squid":4,"stat.useItem.minecraft.dropper":83,"stat.sprintOneCm":12460907,"stat.useItem.minecraft.diamond_shovel":7288,"stat.mineBlock.minecraft.stone_slab":146,"stat.mineBlock.minecraft.diamond_ore":117,"stat.pickup.minecraft.fireworks":530,"stat.craftItem.minecraft.redstone_lamp":64,"stat.useItem.minecraft.wooden_sword":22,"stat.useItem.minecraft.banner":18,"stat.useItem.minecraft.ladder":202,"stat.pickup.minecraft.iron_block":5,"stat.killEntity.Zombie":306,"stat.craftItem.minecraft.dye":2392,"stat.useItem.minecraft.birch_stairs":4,"stat.craftItem.minecraft.diamond_axe":2,"stat.mineBlock.minecraft.gold_ore":322,"stat.diveOneCm":58555,"stat.pickup.minecraft.wheat":709,"stat.mineBlock.minecraft.mossy_cobblestone":75,"stat.useItem.minecraft.sticky_piston":51,"stat.drop.minecraft.stone_stairs":1,"stat.craftItem.minecraft.ladder":198,"stat.drop.minecraft.dark_oak_fence":2,"stat.pickup.minecraft.sign":17,"stat.craftItem.minecraft.cooked_porkchop":6,"stat.drop.minecraft.ladder":3,"stat.pickup.minecraft.stone_axe":2,"stat.pickup.minecraft.obsidian":369,"stat.pickup.minecraft.stained_glass_pane":1,"stat.useItem.minecraft.rotten_flesh":61,"stat.craftItem.minecraft.diamond_sword":3,"stat.useItem.minecraft.sand":35,"stat.jump":29945,"stat.pickup.minecraft.coal":3241,"stat.pickup.minecraft.white_shulker_box":2,"stat.pickup.minecraft.iron_ingot":19,"stat.craftItem.minecraft.lever":4,"stat.mineBlock.minecraft.observer":35,"stat.drop.minecraft.diamond_sword":3,"stat.pickup.minecraft.gunpowder":107,"stat.craftItem.minecraft.torch":3408,"stat.pickup.minecraft.dirt":1850,"stat.drop.minecraft.iron_shovel":2,"stat.mineBlock.minecraft.purpur_block":7,"stat.useItem.minecraft.glass":175,"stat.useItem.minecraft.dispenser":8,"stat.useItem.minecraft.sapling":13,"stat.pickup.minecraft.gold_ore":334,"stat.mineBlock.minecraft.lapis_ore":169,"stat.pickup.minecraft.iron_axe":1,"stat.pickup.minecraft.cookie":7,"stat.mineBlock.minecraft.glass_pane":14,"stat.damageTaken":25122,"stat.useItem.minecraft.red_shulker_box":9,"stat.useItem.minecraft.stone_brick_stairs":1,"stat.useItem.minecraft.end_crystal":8,"stat.mineBlock.minecraft.torch":168,"stat.mineBlock.minecraft.melon_block":8,"stat.mineBlock.minecraft.red_flower":8,"stat.useItem.minecraft.gold_block":29,"stat.pickup.minecraft.magma_cream":1,"stat.pickup.minecraft.log2":1,"stat.craftItem.minecraft.comparator":48,"stat.entityKilledBy.ZombieVillager":1,"stat.useItem.minecraft.purple_shulker_box":9,"stat.pickup.minecraft.bed":8,"stat.pickup.minecraft.concrete":3,"stat.pickup.minecraft.potato":129,"stat.killEntity.Shulker":18,"stat.pickup.minecraft.diamond_axe":1,"stat.pickup.minecraft.shulker_shell":36,"stat.craftItem.minecraft.stone_slab":228,"stat.animalsBred":320,"stat.useItem.minecraft.chest":232,"stat.drop.minecraft.wheat":6,"stat.pickup.minecraft.diamond_pickaxe":2,"stat.useItem.minecraft.observer":36,"stat.useItem.minecraft.tnt":4,"stat.drop.minecraft.netherrack":51,"stat.useItem.minecraft.melon":27,"stat.shulkerBoxOpened":218,"stat.craftItem.minecraft.iron_chestplate":4,"stat.drop.minecraft.potato":2,"stat.pickup.minecraft.ender_pearl":1684,"stat.drop.minecraft.egg":1,"stat.useItem.minecraft.redstone_ore":4,"stat.pickup.minecraft.cooked_beef":178,"stat.pickup.minecraft.ladder":82,"stat.useItem.minecraft.concrete":3,"stat.useItem.minecraft.netherrack":220,"stat.killEntity.Stray":1,"stat.craftItem.minecraft.bookshelf":22,"stat.drop.minecraft.lever":1,"stat.mineBlock.minecraft.stonebrick":14,"stat.mineBlock.minecraft.glowstone":75,"stat.mobKills":7716,"stat.pickup.minecraft.diamond_boots":1,"stat.mineBlock.minecraft.bookshelf":3,"stat.useItem.minecraft.boat":12,"stat.useItem.minecraft.mossy_cobblestone":71,"stat.pickup.minecraft.diamond":238,"stat.pickup.minecraft.beetroot_seeds":2,"stat.pickup.minecraft.torch":561,"stat.drop.minecraft.arrow":120,"stat.breakItem.minecraft.stone_sword":1,"stat.pickup.minecraft.jungle_boat":1,"stat.useItem.minecraft.string":1,"stat.useItem.minecraft.bookshelf":18,"stat.craftItem.minecraft.iron_axe":2,"stat.useItem.minecraft.soul_sand":14,"stat.mineBlock.minecraft.purple_shulker_box":9,"stat.killEntity.Blaze":16,"stat.pickup.minecraft.lapis_block":11,"stat.drop.minecraft.trapdoor":2,"stat.useItem.minecraft.planks":45,"stat.pickup.minecraft.golden_boots":1,"stat.drop.minecraft.bowl":1,"stat.pickup.minecraft.porkchop":21,"stat.pickup.minecraft.glass":28,"stat.mineBlock.minecraft.white_shulker_box":1,"stat.mineBlock.minecraft.red_mushroom":1,"stat.useItem.minecraft.water_bucket":121,"stat.mineBlock.minecraft.stone_brick_stairs":1,"stat.pickup.minecraft.sand":3195,"stat.drop.minecraft.golden_leggings":1,"stat.pickup.minecraft.hardened_clay":461,"stat.pickup.minecraft.name_tag":4,"stat.drop.minecraft.hardened_clay":4,"stat.pickup.minecraft.observer":34,"stat.pickup.minecraft.wooden_hoe":2,"stat.aviateOneCm":15650492,"stat.craftItem.minecraft.stone_sword":3,"stat.useItem.minecraft.ender_pearl":53,"stat.mineBlock.minecraft.snow_layer":1,"stat.pickup.minecraft.chainmail_chestplate":1,"stat.mineBlock.minecraft.sand":3311,"stat.craftItem.minecraft.wooden_hoe":2,"stat.craftItem.minecraft.blaze_powder":26,"stat.hopperInspected":485,"stat.drop.minecraft.diamond":5,"stat.pickup.minecraft.packed_ice":1115,"stat.pickup.minecraft.ghast_tear":20,"stat.trappedChestTriggered":124,"stat.drop.minecraft.rail":7,"stat.craftItem.minecraft.observer":18,"stat.useItem.minecraft.dark_oak_stairs":1,"stat.pickup.minecraft.wooden_button":10,"stat.drop.minecraft.stone_slab":5,"stat.mineBlock.minecraft.lapis_block":11,"stat.useItem.minecraft.minecart":1,"stat.pickup.minecraft.furnace":20,"stat.useItem.minecraft.cooked_mutton":48,"stat.useItem.minecraft.redstone":826,"stat.drop.minecraft.wooden_button":9,"stat.mineBlock.minecraft.end_bricks":5,"stat.pickup.minecraft.iron_chestplate":5,"stat.pickup.minecraft.skull":6,"stat.useItem.minecraft.stone_stairs":69,"stat.pickup.minecraft.stone_stairs":6,"stat.mineBlock.minecraft.red_shulker_box":8,"stat.drop.minecraft.wooden_hoe":2,"stat.pickup.minecraft.pumpkin_seeds":3,"stat.drop.minecraft.fireworks":2,"stat.useItem.minecraft.hopper":363,"stat.mineBlock.minecraft.soul_sand":76,"stat.mineBlock.minecraft.jungle_stairs":4,"stat.playOneMinute":4830142,"stat.pickup.minecraft.blaze_rod":19,"stat.drop.minecraft.string":8,"stat.craftItem.minecraft.diamond_block":18,"stat.drop.minecraft.chest":4,"stat.pickup.minecraft.iron_bars":12,"stat.pickup.minecraft.dispenser":2,"stat.pickup.minecraft.netherrack":505,"stat.mineBlock.minecraft.dark_oak_fence":2,"stat.mineBlock.minecraft.netherrack":560,"stat.mineBlock.minecraft.dispenser":2,"stat.pickup.minecraft.waterlily":3,"stat.craftItem.minecraft.redstone_torch":452,"stat.drop.minecraft.flint":23,"stat.craftItem.minecraft.golden_rail":30,"stat.useItem.minecraft.packed_ice":171,"stat.useItem.minecraft.quartz_ore":10,"stat.pickup.minecraft.cooked_chicken":81,"stat.fallOneCm":506897,"stat.drop.minecraft.stone":179,"stat.drop.minecraft.dye":35,"stat.useItem.minecraft.trapped_chest":13,"stat.pickup.minecraft.melon_seeds":2,"stat.pickup.minecraft.dropper":25,"stat.craftItem.minecraft.chest":546,"stat.drop.minecraft.book":1,"stat.mineBlock.minecraft.lever":2,"stat.pickup.minecraft.red_mushroom":3,"stat.pickup.minecraft.golden_leggings":2,"stat.pickup.minecraft.melon":61,"stat.dropperInspected":251,"stat.pickup.minecraft.comparator":22,"stat.pickup.minecraft.feather":98,"stat.drop.minecraft.bone":24,"stat.pickup.minecraft.record_cat":2,"stat.craftItem.minecraft.wooden_button":10,"stat.useItem.minecraft.furnace":31,"stat.pickup.minecraft.iron_leggings":8,"stat.mineBlock.minecraft.snow":118,"stat.mineBlock.minecraft.gravel":1303,"stat.useItem.minecraft.stone_pickaxe":108,"stat.craftItem.minecraft.birch_stairs":4,"stat.breakItem.minecraft.stone_axe":1,"stat.useItem.minecraft.stone_sword":249,"stat.craftItem.minecraft.iron_leggings":7,"stat.useItem.minecraft.wool":3,"stat.pickup.minecraft.redstone_ore":4,"stat.drop.minecraft.stick":48,"stat.pickup.minecraft.record_13":1,"stat.useItem.minecraft.iron_bars":2,"stat.useItem.minecraft.torch":3442,"stat.pickup.minecraft.golden_apple":2,"stat.craftItem.minecraft.redstone_block":526,"stat.craftItem.minecraft.stone_stairs":84,"stat.useItem.minecraft.log":11,"stat.pickup.minecraft.crafting_table":28,"stat.useItem.minecraft.comparator":71,"stat.craftItem.minecraft.crafting_table":24,"stat.craftItem.minecraft.boat":8,"stat.killEntity.LavaSlime":11,"stat.pickup.minecraft.redstone_block":1,"stat.pickup.minecraft.log":2687,"stat.drop.minecraft.sign":8,"stat.drop.minecraft.stonebrick":5,"stat.drop.minecraft.planks":87,"stat.drop.minecraft.lapis_block":16,"stat.pickup.minecraft.sapling":427,"stat.entityKilledBy.Enderman":2,"stat.mineBlock.minecraft.iron_block":5,"stat.breakItem.minecraft.iron_chestplate":1,"stat.drop.minecraft.bow":4,"stat.drop.minecraft.golden_chestplate":1,"stat.pickup.minecraft.diamond_helmet":1,"stat.killEntity.WitherSkeleton":81,"stat.craftItem.minecraft.cooked_chicken":86,"stat.useItem.minecraft.stone_hoe":22,"stat.sneakTime":218062,"stat.useItem.minecraft.baked_potato":54,"stat.drop.minecraft.yellow_flower":1,"stat.pickup.minecraft.stone_slab":181,"stat.pickup.minecraft.yellow_flower":8,"stat.drop.minecraft.ghast_tear":5,"stat.pickup.minecraft.chest":49,"stat.craftItem.minecraft.enchanting_table":1,"stat.drop.minecraft.stone_pickaxe":1,"stat.craftItem.minecraft.diamond_chestplate":1,"stat.useItem.minecraft.lapis_block":11,"stat.pickup.minecraft.bone":325,"stat.useItem.minecraft.mushroom_stew":2,"stat.craftItem.minecraft.sticky_piston":42,"stat.pickup.minecraft.redstone_torch":103,"stat.useItem.minecraft.repeater":149,"stat.drop.minecraft.mossy_cobblestone":4,"stat.drop.minecraft.leather_helmet":1,"stat.mineBlock.minecraft.brown_mushroom":12,"stat.useItem.minecraft.diamond_sword":2343,"stat.craftItem.minecraft.diamond_helmet":3,"stat.swimOneCm":358757,"stat.climbOneCm":338653,"stat.craftItem.minecraft.gold_block":44,"stat.enderchestOpened":232,"stat.useItem.minecraft.redstone_torch":170,"stat.useItem.minecraft.dirt":1080,"stat.craftItem.minecraft.purple_shulker_box":1,"stat.pickup.minecraft.purpur_block":7,"stat.useItem.minecraft.jungle_boat":2,"stat.useItem.minecraft.red_flower":3,"stat.pickup.minecraft.enchanting_table":2,"stat.pickup.minecraft.anvil":1,"stat.craftItem.minecraft.trapdoor":6,"stat.drop.minecraft.ender_pearl":185,"stat.craftItem.minecraft.stone_pickaxe":3,"stat.mineBlock.minecraft.magma":109,"stat.pickup.minecraft.cobblestone":23121,"stat.drop.minecraft.fence":3,"stat.mineBlock.minecraft.redstone_block":1,"stat.pickup.minecraft.clay":66,"stat.pickup.minecraft.glass_bottle":2,"stat.pickup.minecraft.soul_sand":70,"stat.drop.minecraft.wheat_seeds":27,"stat.useItem.minecraft.cooked_beef":307,"stat.pickup.minecraft.cactus":7,"stat.pickup.minecraft.redstone":5592,"stat.craftItem.minecraft.dispenser":11,"stat.mineBlock.minecraft.iron_ore":1847,"stat.craftItem.minecraft.book":88,"stat.useItem.minecraft.sign":25,"stat.drop.minecraft.log":14,"stat.pickup.minecraft.mutton":71,"stat.pickup.minecraft.mossy_cobblestone":90,"stat.useItem.minecraft.lever":3,"stat.pickup.minecraft.wooden_axe":3,"stat.drop.minecraft.golden_boots":1,"stat.pickup.minecraft.stonebrick":15,"stat.drop.minecraft.dirt":109,"stat.useItem.minecraft.cooked_porkchop":5,"stat.pickup.minecraft.iron_shovel":6,"stat.pickup.minecraft.trapdoor":3,"stat.drop.minecraft.beetroot_seeds":4,"stat.pickup.minecraft.diamond_shovel":1,"stat.mineBlock.minecraft.nether_brick":15,"stat.pickup.minecraft.jungle_stairs":4,"stat.pickup.minecraft.nether_star":1,"stat.craftItem.minecraft.stick":2112,"stat.useItem.minecraft.stone_slab":254,"stat.craftItem.minecraft.jungle_fence_gate":1,"stat.useItem.minecraft.bed":6,"stat.craftItem.minecraft.stone":1472,"stat.pickup.minecraft.grass":745,"stat.mineBlock.minecraft.crafting_table":24,"stat.drop.minecraft.leaves":1,"stat.useItem.minecraft.diamond_pickaxe":41063,"stat.useItem.minecraft.carrot":19,"stat.killEntity.Endermite":2,"stat.drop.minecraft.golden_apple":1,"stat.useItem.minecraft.bucket":123,"stat.entityKilledBy.Creeper":5,"stat.mineBlock.minecraft.planks":35,"stat.drop":421,"stat.killEntity.Sheep":56,"stat.pickup.minecraft.slime_ball":110,"stat.drop.minecraft.iron_boots":1,"stat.craftItem.minecraft.diamond_pickaxe":25,"stat.pickup.minecraft.golden_chestplate":2,"stat.pickup.minecraft.purpur_pillar":1,"stat.craftItem.minecraft.piston":73,"stat.drop.minecraft.wooden_pickaxe":2,"stat.pickup.minecraft.gravel":1312,"stat.drop.minecraft.cooked_beef":64,"stat.killEntity.Slime":58,"stat.useItem.minecraft.diamond_axe":2617,"stat.mineBlock.minecraft.anvil":1,"stat.pickup.minecraft.purple_shulker_box":10,"stat.useItem.minecraft.apple":5,"stat.breakItem.minecraft.wooden_axe":1,"stat.pickup.minecraft.red_shulker_box":9,"stat.useItem.minecraft.stained_glass_pane":1,"stat.pickup.minecraft.stone_brick_stairs":1,"stat.pickup.minecraft.diamond_sword":4,"stat.mineBlock.minecraft.purpur_pillar":1,"stat.pickup.minecraft.fence":6,"stat.useItem.minecraft.wooden_hoe":36,"stat.pickup.minecraft.iron_helmet":4,"stat.craftItem.minecraft.birch_boat":3,"stat.useItem.minecraft.stone_axe":209,"stat.useItem.minecraft.piston":31,"stat.craftItem.minecraft.bread":4,"stat.pickup.minecraft.spider_eye":67,"stat.craftItem.minecraft.iron_helmet":3,"stat.useItem.minecraft.cooked_chicken":63,"stat.drop.minecraft.glass":4,"stat.craftItem.minecraft.end_crystal":8,"stat.pickup.minecraft.iron_ore":1927,"stat.pickup.minecraft.snow":111,"stat.boatOneCm":763835,"stat.mineBlock.minecraft.iron_bars":14,"stat.craftItem.minecraft.flint_and_steel":1,"stat.pickup.minecraft.leaves":7,"stat.mineBlock.minecraft.stone_stairs":13,"stat.pickup.minecraft.leather":412,"stat.mineBlock.minecraft.furnace":16,"stat.useItem.minecraft.wooden_pickaxe":20,"stat.pickup.minecraft.dark_oak_fence":2,"stat.dispenserInspected":64,"stat.pickup.minecraft.reeds":915,"stat.killEntity.CaveSpider":44,"stat.useItem.minecraft.magma":7,"stat.damageDealt":266178,"stat.craftItem.minecraft.glass":359,"stat.craftItem.minecraft.bowl":4,"stat.sleepInBed":95,"stat.craftItem.minecraft.baked_potato":54,"stat.craftItem.minecraft.anvil":2,"stat.pickup.minecraft.end_bricks":2,"stat.killEntity.Cow":221,"stat.useItem.minecraft.crafting_table":45,"stat.pickup.minecraft.minecart":2,"stat.killEntity.Pig":7,"stat.craftItem.minecraft.iron_sword":9,"stat.pickup.minecraft.piston":19,"stat.pickup.minecraft.boat":10,"stat.walkOneCm":9989023,"stat.pickup.minecraft.stick":70,"stat.mineBlock.minecraft.trapped_chest":7,"stat.craftItem.minecraft.diamond_boots":4,"stat.useItem.minecraft.redstone_block":13,"stat.pickup.minecraft.tnt":8,"stat.drop.minecraft.leather_chestplate":1,"stat.pickup.minecraft.stone":6124,"stat.craftItem.minecraft.redstone":1521,"stat.mineBlock.minecraft.packed_ice":1120,"stat.useItem.minecraft.leaves":1,"stat.useItem.minecraft.cactus":2,"stat.useItem.minecraft.prismarine":14,"stat.killEntity.Skeleton":403,"stat.killEntity.Chicken":82,"stat.drop.minecraft.crafting_table":1,"stat.mineBlock.minecraft.redstone_torch":71,"stat.useItem.minecraft.iron_block":140,"stat.killEntity.Spider":55,"stat.mineBlock.minecraft.quartz_ore":200,"stat.pickup.minecraft.quartz":180,"stat.craftItem.minecraft.jungle_fence":69,"stat.useItem.minecraft.golden_apple":3,"stat.pickup.minecraft.water_bucket":4,"stat.breakItem.minecraft.iron_axe":2,"stat.mineBlock.minecraft.leaves":550,"stat.mineBlock.minecraft.piston":8,"stat.mineBlock.minecraft.redstone_ore":874,"stat.pickup.minecraft.lava_bucket":1,"stat.pickup.minecraft.elytra":6,"stat.craftItem.minecraft.coal_block":157,"stat.craftItem.minecraft.tripwire_hook":102,"stat.mineBlock.minecraft.stone":34147,"stat.useItem.minecraft.sandstone":19}