{"stat.useItem.minecraft.bow":66,"stat.drop.minecraft.redstone":8,"stat.craftItem.minecraft.black_glazed_terracotta":136,"stat.pickup.minecraft.dark_oak_boat":1,"stat.mineBlock.minecraft.stained_glass":291,"stat.pickup.minecraft.rotten_flesh":1481,"stat.drop.minecraft.redstone_torch":6,"stat.craftItem.minecraft.stone_axe":1,"stat.pickup.minecraft.cobblestone_wall":53,"stat.useItem.minecraft.rail":697,"stat.useItem.minecraft.anvil":3,"stat.craftItem.minecraft.iron_shovel":2,"stat.mineBlock.minecraft.emerald_block":9,"stat.pickup.minecraft.brown_mushroom":3,"stat.useItem.minecraft.iron_pickaxe":9312,"stat.pickup.minecraft.stained_hardened_clay":29,"stat.pickup.minecraft.double_plant":14,"stat.craftItem.minecraft.glass_pane":160,"stat.useItem.minecraft.hardened_clay":208,"stat.mineBlock.minecraft.sticky_piston":14,"stat.furnaceInteraction":727,"stat.useItem.minecraft.nether_wart":6,"stat.craftItem.minecraft.leather_helmet":1,"stat.mineBlock.minecraft.wooden_button":2,"stat.drop.minecraft.cactus":6,"stat.craftItem.minecraft.golden_leggings":1,"stat.useItem.minecraft.fence":303,"stat.useItem.minecraft.cauldron":4,"stat.mineBlock.minecraft.fence":142,"stat.useItem.minecraft.flint_and_steel":67,"stat.useItem.minecraft.wheat_seeds":2829,"stat.mineBlock.minecraft.sea_lantern":9,"stat.craftItem.minecraft.silver_glazed_terracotta":64,"stat.killEntity.Husk":67,"stat.pickup.minecraft.emerald":354,"stat.pickup.minecraft.lever":54,"stat.deaths":8,"stat.pickup.minecraft.bowl":1,"stat.pickup.minecraft.egg":1699,"stat.craftItem.minecraft.item_frame":55,"stat.craftItem.minecraft.iron_pickaxe":37,"stat.pickup.minecraft.glass_pane":23,"stat.pickup.minecraft.sea_lantern":9,"stat.pickup.minecraft.item_frame":5,"stat.craftItem.minecraft.repeater":52,"stat.craftItem.minecraft.cooked_mutton":15,"stat.fishCaught":197,"stat.chestOpened":4019,"stat.craftItem.minecraft.sign":48,"stat.pickup.minecraft.iron_sword":13,"stat.pickup.minecraft.lapis_ore":4,"stat.drop.minecraft.banner":1,"stat.craftItem.minecraft.coal":1751,"stat.pickup.minecraft.carrot":19155,"stat.drop.minecraft.stone_sword":1,"stat.crouchOneCm":3465083,"stat.pickup.minecraft.rail":572,"stat.craftItem.minecraft.iron_ingot":736,"stat.craftingTableInteraction":683,"stat.mineBlock.minecraft.wooden_pressure_plate":1,"stat.pickup.minecraft.repeater":8,"stat.mineBlock.minecraft.log2":86,"stat.drop.minecraft.rabbit":1,"stat.pickup.minecraft.dye":913,"stat.pickup.minecraft.planks":1018,"stat.drop.minecraft.carpet":3,"stat.pickup.minecraft.ice":57,"stat.flowerPotted":10,"stat.drop.minecraft.rotten_flesh":73,"stat.mineBlock.minecraft.pink_glazed_terracotta":133,"stat.pickup.minecraft.chicken":1213,"stat.useItem.minecraft.glass_pane":83,"stat.pickup.minecraft.coal_block":29,"stat.craftItem.minecraft.bucket":11,"stat.craftItem.minecraft.planks":7598,"stat.useItem.minecraft.iron_sword":224,"stat.mineBlock.minecraft.prismarine":22,"stat.pickup.minecraft.stone_sword":2,"stat.craftItem.minecraft.fishing_rod":2,"stat.pickup.minecraft.book":6,"stat.craftItem.minecraft.wooden_door":48,"stat.mineBlock.minecraft.waterlily":1,"stat.pickup.minecraft.iron_door":1,"stat.craftItem.minecraft.spruce_door":3,"stat.pickup.minecraft.tripwire_hook":13,"stat.pickup.minecraft.bookshelf":8,"stat.mineBlock.minecraft.cobblestone":3436,"stat.mineBlock.minecraft.pumpkin":149,"stat.pickup.minecraft.stone_pickaxe":1,"stat.pickup.minecraft.flint":213,"stat.pickup.minecraft.leather_chestplate":9,"stat.mineBlock.minecraft.concrete":1150,"stat.pickup.minecraft.flower_pot":1,"stat.mineBlock.minecraft.stained_glass_pane":121,"stat.craftItem.minecraft.clock":1,"stat.drop.minecraft.cobblestone":268,"stat.pickup.minecraft.cooked_porkchop":26,"stat.useItem.minecraft.coal_block":64,"stat.breakItem.minecraft.iron_pickaxe":37,"stat.mineBlock.minecraft.dropper":1,"stat.pickup.minecraft.iron_boots":3,"stat.craftItem.minecraft.furnace":10,"stat.useItem.minecraft.white_glazed_terracotta":245,"stat.craftItem.minecraft.iron_boots":1,"stat.mineBlock.minecraft.clay":1216,"stat.mineBlock.minecraft.noteblock":10,"stat.pickup.minecraft.diamond_leggings":2,"stat.drop.minecraft.spider_eye":6,"stat.useItem.minecraft.wooden_slab":1717,"stat.useItem.minecraft.iron_door":4,"stat.craftItem.minecraft.iron_block":9,"stat.pickup.minecraft.light_blue_glazed_terracotta":326,"stat.drop.minecraft.stained_glass":1,"stat.drop.minecraft.wool":3,"stat.killEntity.Creeper":58,"stat.useItem.minecraft.armor_stand":28,"stat.pickup.minecraft.birch_stairs":4,"stat.killEntity.Squid":119,"stat.useItem.minecraft.dropper":2,"stat.sprintOneCm":20529379,"stat.mineBlock.minecraft.stone_slab":707,"stat.useItem.minecraft.hay_block":1,"stat.drop.minecraft.cauldron":1,"stat.pickup.minecraft.leather_leggings":9,"stat.craftItem.minecraft.redstone_lamp":81,"stat.pickup.minecraft.sugar":3,"stat.craftItem.minecraft.leather_chestplate":2,"stat.useItem.minecraft.cake":23,"stat.useItem.minecraft.banner":8,"stat.craftItem.minecraft.emerald":2120,"stat.pickup.minecraft.iron_block":38,"stat.killEntity.Zombie":2563,"stat.craftItem.minecraft.dye":1051,"stat.craftItem.minecraft.diamond_axe":7,"stat.mineBlock.minecraft.gold_ore":184,"stat.drop.minecraft.diamond_pickaxe":3,"stat.craftItem.minecraft.slime_ball":27,"stat.pickup.minecraft.wheat":2586,"stat.craftItem.minecraft.sandstone":2995,"stat.mineBlock.minecraft.mossy_cobblestone":168,"stat.pickup.minecraft.sign":7,"stat.craftItem.minecraft.cooked_porkchop":135,"stat.pickup.minecraft.obsidian":30,"stat.useItem.minecraft.heavy_weighted_pressure_plate":1,"stat.useItem.minecraft.iron_trapdoor":8,"stat.pickup.minecraft.coal":2773,"stat.pickup.minecraft.iron_ingot":189,"stat.useItem.minecraft.dark_oak_boat":2,"stat.craftItem.minecraft.lever":130,"stat.drop.minecraft.diamond_sword":1,"stat.pickup.minecraft.gunpowder":80,"stat.pickup.minecraft.dirt":3193,"stat.useItem.minecraft.coal_ore":18,"stat.drop.minecraft.iron_shovel":1,"stat.mineBlock.minecraft.lapis_ore":54,"stat.pickup.minecraft.iron_axe":1,"stat.mineBlock.minecraft.red_flower":133,"stat.mineBlock.minecraft.torch":339,"stat.tradedWithVillager":1908,"stat.noteblockTuned":453,"stat.craftItem.minecraft.glowstone":89,"stat.useItem.minecraft.slime":23,"stat.useItem.minecraft.birch_fence":54,"stat.pickup.minecraft.rabbit_hide":6,"stat.pickup.minecraft.diamond_axe":12,"stat.mineBlock.minecraft.birch_fence":3,"stat.pickup.minecraft.diamond_pickaxe":11,"stat.useItem.minecraft.pumpkin":53,"stat.pickup.minecraft.noteblock":10,"stat.useItem.minecraft.tnt":6,"stat.useItem.minecraft.lava_bucket":32,"stat.pickup.minecraft.pink_glazed_terracotta":132,"stat.useItem.minecraft.item_frame":41,"stat.useItem.minecraft.stained_hardened_clay":27,"stat.drop.minecraft.egg":69,"stat.useItem.minecraft.concrete":1037,"stat.drop.minecraft.lever":6,"stat.craftItem.minecraft.cookie":49,"stat.mobKills":4083,"stat.pickup.minecraft.diamond_boots":3,"stat.mineBlock.minecraft.bookshelf":2,"stat.useItem.minecraft.boat":81,"stat.useItem.minecraft.mossy_cobblestone":28,"stat.craftItem.minecraft.lead":6,"stat.pickup.minecraft.diamond":302,"stat.pickup.minecraft.beetroot_seeds":45,"stat.craftItem.minecraft.spruce_stairs":152,"stat.useItem.minecraft.string":18,"stat.useItem.minecraft.bookshelf":18,"stat.useItem.minecraft.soul_sand":1,"stat.drop.minecraft.skull":1,"stat.pickup.minecraft.golden_boots":11,"stat.pickup.minecraft.glowstone_dust":2,"stat.mineBlock.minecraft.red_mushroom":4,"stat.drop.minecraft.poisonous_potato":13,"stat.drop.minecraft.golden_leggings":1,"stat.craftItem.minecraft.lit_pumpkin":40,"stat.craftItem.minecraft.cobblestone_wall":144,"stat.craftItem.minecraft.stone_sword":5,"stat.mineBlock.minecraft.snow_layer":2317,"stat.pickup.minecraft.chainmail_chestplate":4,"stat.mineBlock.minecraft.sand":11372,"stat.craftItem.minecraft.wooden_hoe":2,"stat.hopperInspected":22,"stat.pickup.minecraft.packed_ice":63,"stat.breakItem.minecraft.flint_and_steel":1,"stat.craftItem.minecraft.birch_door":3,"stat.pickup.minecraft.armor_stand":20,"stat.trappedChestTriggered":3,"stat.drop.minecraft.rail":1,"stat.craftItem.minecraft.pumpkin_seeds":16,"stat.pickup.minecraft.wooden_button":3,"stat.drop.minecraft.wooden_pressure_plate":7,"stat.useItem.minecraft.minecart":24,"stat.useItem.minecraft.cooked_mutton":15,"stat.killEntity.Horse":2,"stat.drop.minecraft.snowball":70,"stat.pickup.minecraft.saddle":3,"stat.pickup.minecraft.netherrack":380,"stat.pickup.minecraft.pumpkin":146,"stat.pickup.minecraft.waterlily":8,"stat.mineBlock.minecraft.ice":62,"stat.craftItem.minecraft.redstone_torch":126,"stat.pickup.minecraft.detector_rail":2,"stat.useItem.minecraft.packed_ice":39,"stat.mineBlock.minecraft.gold_block":48,"stat.craftItem.minecraft.iron_hoe":5,"stat.useItem.minecraft.experience_bottle":31,"stat.drop.minecraft.stone":275,"stat.pickup.minecraft.dropper":1,"stat.pickup.minecraft.golden_leggings":9,"stat.dropperInspected":3,"stat.pickup.minecraft.heavy_weighted_pressure_plate":5,"stat.useItem.minecraft.golden_rail":7,"stat.craftItem.minecraft.detector_rail":12,"stat.craftItem.minecraft.wooden_button":3,"stat.useItem.minecraft.furnace":13,"stat.pickup.minecraft.slime":17,"stat.pickup.minecraft.iron_leggings":4,"stat.mineBlock.minecraft.snow":177,"stat.mineBlock.minecraft.gravel":2332,"stat.breakItem.minecraft.stone_axe":1,"stat.useItem.minecraft.wool":28,"stat.craftItem.minecraft.cyan_glazed_terracotta":152,"stat.useItem.minecraft.torch":1775,"stat.craftItem.minecraft.redstone_block":112,"stat.pickup.minecraft.crafting_table":17,"stat.useItem.minecraft.log":897,"stat.craftItem.minecraft.crafting_table":28,"stat.craftItem.minecraft.boat":15,"stat.pickup.minecraft.redstone_block":14,"stat.drop.minecraft.sign":2,"stat.craftItem.minecraft.stone_button":6,"stat.drop.minecraft.planks":1,"stat.pickup.minecraft.sapling":1183,"stat.craftItem.minecraft.red_glazed_terracotta":76,"stat.useItem.minecraft.birch_door":3,"stat.pickup.minecraft.beetroot":18,"stat.breakItem.minecraft.wooden_hoe":1,"stat.drop.minecraft.golden_chestplate":5,"stat.useItem.minecraft.wooden_pressure_plate":1,"stat.pickup.minecraft.rabbit":6,"stat.useItem.minecraft.baked_potato":64,"stat.pickup.minecraft.stone_slab":866,"stat.drop.minecraft.yellow_flower":19,"stat.pickup.minecraft.yellow_flower":66,"stat.useItem.minecraft.fishing_rod":252,"stat.craftItem.minecraft.diamond_chestplate":1,"stat.pickup.minecraft.bone":143,"stat.craftItem.minecraft.sticky_piston":8,"stat.pickup.minecraft.redstone_torch":44,"stat.horseOneCm":72775,"stat.drop.minecraft.tripwire_hook":2,"stat.drop.minecraft.glowstone_dust":2,"stat.useItem.minecraft.log2":8,"stat.mineBlock.minecraft.slime":17,"stat.mineBlock.minecraft.brown_mushroom":1,"stat.useItem.minecraft.diamond_sword":4070,"stat.craftItem.minecraft.diamond_helmet":1,"stat.climbOneCm":205466,"stat.craftItem.minecraft.gold_block":21,"stat.enderchestOpened":1,"stat.useItem.minecraft.redstone_torch":56,"stat.pickup.minecraft.golden_helmet":5,"stat.drop.minecraft.writable_book":2,"stat.mineBlock.minecraft.black_glazed_terracotta":287,"stat.craftItem.minecraft.trapdoor":24,"stat.craftItem.minecraft.stone_pickaxe":4,"stat.pickup.minecraft.cobblestone":26865,"stat.pickup.minecraft.soul_sand":1,"stat.useItem.minecraft.cooked_beef":70,"stat.pickup.minecraft.cactus":274,"stat.pickup.minecraft.redstone":2391,"stat.mineBlock.minecraft.iron_ore":910,"stat.craftItem.minecraft.book":20,"stat.pickup.minecraft.mossy_cobblestone":168,"stat.useItem.minecraft.noteblock":54,"stat.craftItem.minecraft.cake":25,"stat.drop.minecraft.dirt":10,"stat.useItem.minecraft.cooked_porkchop":95,"stat.pickup.minecraft.iron_shovel":4,"stat.pickup.minecraft.carpet":25,"stat.pickup.minecraft.trapdoor":8,"stat.pickup.minecraft.diamond_shovel":6,"stat.useItem.minecraft.chest_minecart":1,"stat.useItem.minecraft.sea_lantern":61,"stat.pickup.minecraft.sandstone_stairs":583,"stat.useItem.minecraft.spruce_fence":259,"stat.craftItem.minecraft.chest_minecart":1,"stat.pickup.minecraft.paper":27,"stat.craftItem.minecraft.stick":2176,"stat.craftItem.minecraft.stained_hardened_clay":912,"stat.craftItem.minecraft.gold_nugget":153,"stat.pickup.minecraft.grass":1195,"stat.breakItem.minecraft.iron_hoe":2,"stat.pickup.minecraft.diamond_chestplate":1,"stat.entityKilledBy.Creeper":4,"stat.mineBlock.minecraft.planks":993,"stat.drop":647,"stat.killEntity.Sheep":13,"stat.pickup.minecraft.golden_chestplate":13,"stat.drop.minecraft.bread":159,"stat.useItem.minecraft.light_blue_glazed_terracotta":467,"stat.craftItem.minecraft.piston":11,"stat.pickup.minecraft.black_glazed_terracotta":298,"stat.killEntity.Slime":24,"stat.pickup.minecraft.purple_shulker_box":21,"stat.useItem.minecraft.apple":5,"stat.useItem.minecraft.black_glazed_terracotta":371,"stat.mineBlock.minecraft.deadbush":4,"stat.useItem.minecraft.carpet":90,"stat.useItem.minecraft.flower_pot":10,"stat.pickup.minecraft.fence":142,"stat.useItem.minecraft.stone_axe":134,"stat.craftItem.minecraft.iron_helmet":2,"stat.craftItem.minecraft.rail":192,"stat.drop.minecraft.glass":8,"stat.boatOneCm":7334706,"stat.craftItem.minecraft.flint_and_steel":3,"stat.useItem.minecraft.redstone_lamp":107,"stat.mineBlock.minecraft.leaves2":15,"stat.craftItem.minecraft.iron_bars":16,"stat.mineBlock.minecraft.furnace":3,"stat.drop.minecraft.water_bucket":1,"stat.killEntity.CaveSpider":1,"stat.craftItem.minecraft.birch_fence":90,"stat.pickup.minecraft.emerald_block":8,"stat.pickup.minecraft.stained_glass":268,"stat.damageDealt":256449,"stat.craftItem.minecraft.anvil":3,"stat.useItem.minecraft.crafting_table":39,"stat.useItem.minecraft.cyan_glazed_terracotta":181,"stat.pickup.minecraft.boat":69,"stat.pickup.minecraft.stick":209,"stat.breakItem.minecraft.stone_pickaxe":2,"stat.craftItem.minecraft.birch_fence_gate":2,"stat.craftItem.minecraft.diamond_boots":2,"stat.craftItem.minecraft.writable_book":1,"stat.useItem.minecraft.redstone_block":57,"stat.drop.minecraft.leather_chestplate":1,"stat.useItem.minecraft.spruce_stairs":166,"stat.craftItem.minecraft.redstone":496,"stat.useItem.minecraft.cactus":25,"stat.killEntity.Chicken":766,"stat.drop.minecraft.crafting_table":1,"stat.pickup.minecraft.concrete_powder":237,"stat.craftItem.minecraft.tnt":3,"stat.craftItem.minecraft.fence":363,"stat.mineBlock.minecraft.leaves":796,"stat.mineBlock.minecraft.piston":12,"stat.craftItem.minecraft.tripwire_hook":18,"stat.pickup.minecraft.wooden_slab":277,"stat.leaveGame":97,"stat.useItem.minecraft.glowstone":34,"stat.mineBlock.minecraft.sandstone":22691,"stat.craftItem.minecraft.stone_pressure_plate":5,"stat.drop.minecraft.feather":45,"stat.useItem.minecraft.sandstone_stairs":2164,"stat.craftItem.minecraft.noteblock":96,"stat.mineBlock.minecraft.wooden_slab":274,"stat.pickup.minecraft.leather_boots":14,"stat.killEntity.Witch":7,"stat.drop.minecraft.sand":66,"stat.craftItem.minecraft.wooden_pickaxe":1,"stat.craftItem.minecraft.iron_door":6,"stat.useItem.minecraft.iron_shovel":498,"stat.craftItem.minecraft.bed":7,"stat.mineBlock.minecraft.hopper":10,"stat.mineBlock.minecraft.rail":556,"stat.useItem.minecraft.pumpkin_seeds":16,"stat.killEntity.ZombieVillager":6,"stat.noteblockPlayed":15,"stat.drop.minecraft.red_flower":5,"stat.useItem.minecraft.double_plant":5,"stat.pickup.minecraft.prismarine":21,"stat.pickup.minecraft.beef":269,"stat.pickup.minecraft.leather_helmet":8,"stat.pickup.minecraft.cauldron":2,"stat.mineBlock.minecraft.stained_hardened_clay":31,"stat.useItem.minecraft.trapdoor":24,"stat.useItem.minecraft.stained_glass":1590,"stat.useItem.minecraft.ice":36,"stat.pickup.minecraft.potion":4,"stat.useItem.minecraft.wooden_button":5,"stat.craftItem.minecraft.dropper":1,"stat.useItem.minecraft.dye":24,"stat.mineBlock.minecraft.tallgrass":1030,"stat.craftItem.minecraft.light_weighted_pressure_plate":1,"stat.useItem.minecraft.stone":287,"stat.pickup.minecraft.arrow":259,"stat.pickup.minecraft.wooden_pressure_plate":7,"stat.killEntity.Ghast":3,"stat.useItem.minecraft.clay":11,"stat.drop.minecraft.iron_pickaxe":1,"stat.mineBlock.minecraft.chest":31,"stat.mineBlock.minecraft.concrete_powder":216,"stat.mineBlock.minecraft.hardened_clay":24,"stat.craftItem.minecraft.hopper":8,"stat.useItem.minecraft.reeds":222,"stat.craftItem.minecraft.wooden_sword":1,"stat.craftItem.minecraft.diamond_shovel":4,"stat.pickup.minecraft.wheat_seeds":4672,"stat.mineBlock.minecraft.glass":59,"stat.useItem.minecraft.enchanting_table":1,"stat.mineBlock.minecraft.dirt":4462,"stat.pickup.minecraft.poisonous_potato":132,"stat.useItem.minecraft.bread":7,"stat.useItem.minecraft.cobblestone":4407,"stat.craftItem.minecraft.leather_boots":2,"stat.useItem.minecraft.gravel":2,"stat.mineBlock.minecraft.double_plant":71,"stat.drop.minecraft.chicken":154,"stat.pickup.minecraft.iron_pickaxe":5,"stat.drop.minecraft.carrot":85,"stat.mineBlock.minecraft.end_rod":4,"stat.craftItem.minecraft.gold_ingot":280,"stat.pickup.minecraft.hopper":9,"stat.pickup.minecraft.apple":25,"stat.useItem.minecraft.fireworks":3,"stat.pickup.minecraft.banner":15,"stat.itemEnchanted":23,"stat.mineBlock.minecraft.log":4272,"stat.mineBlock.minecraft.heavy_weighted_pressure_plate":1,"stat.useItem.minecraft.wooden_door":49,"stat.useItem.minecraft.spruce_door":1,"stat.craftItem.minecraft.paper":2529,"stat.pickup.minecraft.red_flower":152,"stat.craftItem.minecraft.light_blue_glazed_terracotta":200,"stat.pickup.minecraft.wool":262,"stat.drop.minecraft.grass":1,"stat.cakeSlicesEaten":161,"stat.drop.minecraft.pumpkin":1,"stat.craftItem.minecraft.diamond_leggings":1,"stat.useItem.minecraft.iron_axe":511,"stat.mineBlock.minecraft.silver_glazed_terracotta":143,"stat.mineBlock.minecraft.yellow_flower":43,"stat.useItem.minecraft.skull":44,"stat.craftItem.minecraft.wool":34,"stat.useItem.minecraft.snow":1217,"stat.useItem.minecraft.concrete_powder":2630,"stat.pickup.minecraft.enchanted_book":3,"stat.pickup.minecraft.glowstone":39,"stat.pickup.minecraft.writable_book":2,"stat.useItem.minecraft.obsidian":22,"stat.pickup.minecraft.sticky_piston":14,"stat.pickup.minecraft.bow":24,"stat.pickup.minecraft.white_glazed_terracotta":142,"stat.mineBlock.minecraft.detector_rail":2,"stat.useItem.minecraft.egg":4639,"stat.pickup.minecraft.coal_ore":253,"stat.craftItem.minecraft.cooked_beef":95,"stat.mineBlock.minecraft.obsidian":30,"stat.pickup.minecraft.shears":2,"stat.craftItem.minecraft.bow":1,"stat.flyOneCm":2717880,"stat.drop.minecraft.heavy_weighted_pressure_plate":4,"stat.pickup.minecraft.sandstone":22723,"stat.pickup.minecraft.fish":197,"stat.craftItem.minecraft.stained_glass":1944,"stat.craftItem.minecraft.emerald_block":71,"stat.timeSinceDeath":2334664,"stat.cauldronFilled":1,"stat.useItem.minecraft.potato":7538,"stat.pickup.minecraft.chainmail_helmet":1,"stat.pickup.minecraft.nether_wart":15,"stat.pickup.minecraft.spruce_fence":52,"stat.craftItem.minecraft.concrete_powder":2760,"stat.mineBlock.minecraft.coal_ore":1837,"stat.talkedToVillager":1165,"stat.craftItem.minecraft.stone_hoe":4,"stat.pickup.minecraft.string":202,"stat.mineBlock.minecraft.ladder":6,"stat.useItem.minecraft.diamond_shovel":20304,"stat.mineBlock.minecraft.diamond_ore":154,"stat.craftItem.minecraft.wooden_pressure_plate":1,"stat.useItem.minecraft.wooden_sword":61,"stat.craftItem.minecraft.white_glazed_terracotta":120,"stat.breakItem.minecraft.iron_shovel":1,"stat.useItem.minecraft.ladder":54,"stat.pickup.minecraft.snowball":4679,"stat.useItem.minecraft.birch_stairs":25,"stat.craftItem.minecraft.sandstone_stairs":2008,"stat.diveOneCm":959766,"stat.useItem.minecraft.sticky_piston":22,"stat.craftItem.minecraft.ladder":102,"stat.mineBlock.minecraft.stone_button":15,"stat.pickup.minecraft.stone_axe":1,"stat.pickup.minecraft.stained_glass_pane":100,"stat.craftItem.minecraft.diamond_sword":2,"stat.drop.minecraft.sandstone":125,"stat.jump":35419,"stat.useItem.minecraft.sand":3205,"stat.mineBlock.minecraft.light_blue_glazed_terracotta":327,"stat.craftItem.minecraft.torch":968,"stat.drop.minecraft.glowstone":2,"stat.mineBlock.minecraft.cyan_glazed_terracotta":80,"stat.useItem.minecraft.glass":239,"stat.useItem.minecraft.sapling":630,"stat.pickup.minecraft.gold_ore":194,"stat.mineBlock.minecraft.glass_pane":23,"stat.damageTaken":25950,"stat.useItem.minecraft.gold_block":55,"stat.breakItem.minecraft.leather_boots":1,"stat.mineBlock.minecraft.sapling":30,"stat.pickup.minecraft.log2":81,"stat.mineBlock.minecraft.sandstone_stairs":520,"stat.useItem.minecraft.purple_shulker_box":20,"stat.pickup.minecraft.bed":18,"stat.pickup.minecraft.concrete":1386,"stat.pickup.minecraft.potato":18918,"stat.entityKilledBy.Zombie":3,"stat.useItem.minecraft.pink_glazed_terracotta":254,"stat.craftItem.minecraft.stone_slab":5184,"stat.animalsBred":435,"stat.useItem.minecraft.chest":119,"stat.useItem.minecraft.birch_fence_gate":2,"stat.shulkerBoxOpened":152,"stat.craftItem.minecraft.iron_chestplate":2,"stat.pickup.minecraft.baked_potato":60,"stat.drop.minecraft.potato":232,"stat.drop.minecraft.wooden_slab":5,"stat.breakItem.minecraft.stone_hoe":2,"stat.pickup.minecraft.ladder":34,"stat.useItem.minecraft.netherrack":6,"stat.craftItem.minecraft.stained_glass_pane":464,"stat.mineBlock.minecraft.tnt":4,"stat.craftItem.minecraft.bookshelf":27,"stat.useItem.minecraft.tripwire_hook":22,"stat.mineBlock.minecraft.glowstone":37,"stat.craftItem.minecraft.shears":7,"stat.useItem.minecraft.cobblestone_wall":88,"stat.useItem.minecraft.writable_book":6,"stat.pickup.minecraft.torch":1122,"stat.mineBlock.minecraft.red_glazed_terracotta":17,"stat.pickup.minecraft.spruce_boat":6,"stat.craftItem.minecraft.compass":3,"stat.drop.minecraft.armor_stand":2,"stat.craftItem.minecraft.iron_axe":2,"stat.mineBlock.minecraft.purple_shulker_box":19,"stat.drop.minecraft.trapdoor":1,"stat.pickup.minecraft.fishing_rod":3,"stat.useItem.minecraft.planks":2477,"stat.pickup.minecraft.porkchop":113,"stat.pickup.minecraft.glass":44,"stat.useItem.minecraft.water_bucket":758,"stat.pickup.minecraft.sand":11917,"stat.pickup.minecraft.hardened_clay":350,"stat.pickup.minecraft.name_tag":3,"stat.aviateOneCm":10445705,"stat.useItem.minecraft.ender_pearl":11,"stat.useItem.minecraft.red_glazed_terracotta":93,"stat.craftItem.minecraft.hardened_clay":1180,"stat.craftItem.minecraft.golden_carrot":12,"stat.mineBlock.minecraft.white_glazed_terracotta":126,"stat.drop.minecraft.stone_slab":86,"stat.mineBlock.minecraft.birch_stairs":4,"stat.pickup.minecraft.filled_map":2,"stat.pickup.minecraft.furnace":3,"stat.useItem.minecraft.redstone":475,"stat.mineBlock.minecraft.redstone_lamp":32,"stat.pickup.minecraft.iron_chestplate":3,"stat.pickup.minecraft.cyan_glazed_terracotta":80,"stat.pickup.minecraft.end_rod":4,"stat.pickup.minecraft.skull":50,"stat.useItem.minecraft.pumpkin_pie":2,"stat.useItem.minecraft.hopper":14,"stat.craftItem.minecraft.heavy_weighted_pressure_plate":2,"stat.playOneMinute":8643044,"stat.pickup.minecraft.birch_door":2,"stat.drop.minecraft.string":2,"stat.pickup.minecraft.diamond_block":2,"stat.useItem.minecraft.shears":93,"stat.craftItem.minecraft.pumpkin_pie":30,"stat.pickup.minecraft.red_glazed_terracotta":17,"stat.craftItem.minecraft.carpet":81,"stat.mineBlock.minecraft.netherrack":494,"stat.drop.minecraft.flint":3,"stat.craftItem.minecraft.golden_rail":12,"stat.pickup.minecraft.cooked_chicken":255,"stat.fallOneCm":465629,"stat.drop.minecraft.dye":3,"stat.craftItem.minecraft.chest":103,"stat.craftItem.minecraft.banner":13,"stat.mineBlock.minecraft.lever":19,"stat.pickup.minecraft.red_mushroom":8,"stat.useItem.minecraft.iron_hoe":848,"stat.pickup.minecraft.milk_bucket":1,"stat.pickup.minecraft.feather":1105,"stat.mineBlock.minecraft.spruce_fence":53,"stat.pickup.minecraft.lead":17,"stat.useItem.minecraft.stone_pickaxe":281,"stat.craftItem.minecraft.birch_stairs":32,"stat.useItem.minecraft.stone_sword":132,"stat.craftItem.minecraft.iron_leggings":2,"stat.killEntity.Rabbit":2,"stat.pickup.minecraft.redstone_ore":6,"stat.drop.minecraft.stick":34,"stat.pickup.minecraft.record_13":3,"stat.useItem.minecraft.iron_bars":4,"stat.pickup.minecraft.log":4392,"stat.breakItem.minecraft.iron_helmet":1,"stat.pickup.minecraft.chainmail_leggings":4,"stat.pickup.minecraft.wooden_door":12,"stat.entityKilledBy.Enderman":1,"stat.mineBlock.minecraft.iron_block":38,"stat.mineBlock.minecraft.tripwire_hook":9,"stat.craftItem.minecraft.snow":1134,"stat.pickup.minecraft.diamond_helmet":2,"stat.craftItem.minecraft.cooked_chicken":560,"stat.useItem.minecraft.stone_hoe":277,"stat.craftItem.minecraft.flower_pot":14,"stat.craftItem.minecraft.golden_boots":1,"stat.useItem.minecraft.beetroot_seeds":25,"stat.sneakTime":1079000,"stat.mineBlock.minecraft.cobblestone_wall":54,"stat.pickup.minecraft.chest":43,"stat.craftItem.minecraft.enchanting_table":1,"stat.craftItem.minecraft.leather_leggings":2,"stat.pickup.minecraft.lit_pumpkin":2,"stat.useItem.minecraft.repeater":47,"stat.useItem.minecraft.silver_glazed_terracotta":167,"stat.craftItem.minecraft.iron_trapdoor":8,"stat.swimOneCm":585895,"stat.mineBlock.minecraft.spruce_stairs":61,"stat.craftItem.minecraft.golden_chestplate":2,"stat.useItem.minecraft.dirt":1786,"stat.useItem.minecraft.detector_rail":4,"stat.mineBlock.minecraft.carpet":20,"stat.pickup.minecraft.gold_block":47,"stat.mineBlock.minecraft.redstone_block":16,"stat.pickup.minecraft.clay":70,"stat.drop.minecraft.wheat_seeds":15,"stat.craftItem.minecraft.wooden_slab":1068,"stat.useItem.minecraft.sign":37,"stat.pickup.minecraft.mutton":33,"stat.useItem.minecraft.lever":124,"stat.mineBlock.minecraft.coal_block":21,"stat.pickup.minecraft.redstone_lamp":31,"stat.useItem.minecraft.stone_slab":4076,"stat.useItem.minecraft.bed":25,"stat.craftItem.minecraft.stone":453,"stat.craftItem.minecraft.armor_stand":10,"stat.mineBlock.minecraft.crafting_table":14,"stat.useItem.minecraft.diamond_pickaxe":59474,"stat.useItem.minecraft.carrot":7562,"stat.useItem.minecraft.bucket":797,"stat.craftItem.minecraft.pink_glazed_terracotta":136,"stat.pickup.minecraft.stone_button":16,"stat.pickup.minecraft.slime_ball":16,"stat.craftItem.minecraft.diamond_pickaxe":3,"stat.craftItem.minecraft.clay":1188,"stat.pickup.minecraft.gravel":2527,"stat.useItem.minecraft.diamond_axe":6027,"stat.useItem.minecraft.stained_glass_pane":264,"stat.pickup.minecraft.diamond_sword":6,"stat.useItem.minecraft.wooden_hoe":113,"stat.pickup.minecraft.iron_helmet":5,"stat.useItem.minecraft.piston":13,"stat.craftItem.minecraft.bread":148,"stat.pickup.minecraft.spider_eye":93,"stat.useItem.minecraft.stone_button":18,"stat.useItem.minecraft.cooked_chicken":539,"stat.pickup.minecraft.iron_ore":905,"stat.pickup.minecraft.snow":176,"stat.pickup.minecraft.leather":195,"stat.mineBlock.minecraft.mycelium":1,"stat.useItem.minecraft.wooden_pickaxe":60,"stat.dispenserInspected":5,"stat.pickup.minecraft.reeds":2921,"stat.craftItem.minecraft.glass":2487,"stat.drop.minecraft.cooked_chicken":1,"stat.craftItem.minecraft.cauldron":3,"stat.sleepInBed":301,"stat.craftItem.minecraft.baked_potato":65,"stat.killEntity.Cow":86,"stat.pickup.minecraft.minecart":12,"stat.killEntity.Pig":48,"stat.craftItem.minecraft.iron_sword":1,"stat.pickup.minecraft.piston":12,"stat.walkOneCm":30609063,"stat.pickup.minecraft.clay_ball":4797,"stat.useItem.minecraft.emerald_block":9,"stat.useItem.minecraft.spruce_boat":4,"stat.pickup.minecraft.tnt":4,"stat.pickup.minecraft.stone":5589,"stat.pickup.minecraft.silver_glazed_terracotta":143,"stat.mineBlock.minecraft.wool":127,"stat.drop.minecraft.emerald":1,"stat.craftItem.minecraft.hay_block":1,"stat.mineBlock.minecraft.packed_ice":12,"stat.craftItem.minecraft.minecart":14,"stat.pickup.minecraft.gold_ingot":56,"stat.useItem.minecraft.prismarine":22,"stat.killEntity.Skeleton":77,"stat.pickup.minecraft.record_mall":1,"stat.mineBlock.minecraft.cactus":23,"stat.mineBlock.minecraft.redstone_torch":33,"stat.killEntity.Spider":221,"stat.pickup.minecraft.bread":18,"stat.craftItem.minecraft.spruce_fence":282,"stat.pickup.minecraft.birch_fence":7,"stat.breakItem.minecraft.iron_axe":2,"stat.pickup.minecraft.water_bucket":3,"stat.pickup.minecraft.spruce_stairs":62,"stat.mineBlock.minecraft.redstone_ore":419,"stat.pickup.minecraft.elytra":2,"stat.craftItem.minecraft.coal_block":228,"stat.drop.minecraft.beef":3,"stat.craftItem.minecraft.brick":44,"stat.mineBlock.minecraft.stone":33657,"stat.useItem.minecraft.sandstone":13694,"stat.breakItem.minecraft.wooden_pickaxe":1}