{"stat.useItem.minecraft.bow":2288,"stat.useItem.minecraft.quartz_block":528,"stat.useItem.minecraft.painting":17,"stat.drop.minecraft.gunpowder":1018,"stat.drop.minecraft.redstone":1291,"stat.craftItem.minecraft.black_glazed_terracotta":7,"stat.pickup.minecraft.dark_oak_boat":6,"stat.mineBlock.minecraft.stained_glass":6350,"stat.drop.minecraft.enchanted_book":155,"stat.mineBlock.minecraft.web":91,"stat.drop.minecraft.coal_block":3,"stat.drop.minecraft.iron_sword":1,"stat.pickup.minecraft.rotten_flesh":3356,"stat.drop.minecraft.redstone_torch":97,"stat.useItem.minecraft.diamond_hoe":2587,"stat.mineBlock.minecraft.purpur_stairs":16,"stat.drop.minecraft.golden_horse_armor":1,"stat.killEntity.Donkey":2,"stat.drop.minecraft.leather_boots":112,"stat.useItem.minecraft.vine":132,"stat.pickup.minecraft.cobblestone_wall":1032,"stat.pickup.minecraft.bucket":43,"stat.useItem.minecraft.rail":4864,"stat.killEntity.Enderman":5470,"stat.drop.minecraft.elytra":4,"stat.useItem.minecraft.anvil":19,"stat.craftItem.minecraft.iron_shovel":43,"stat.mineBlock.minecraft.emerald_block":13,"stat.pickup.minecraft.brown_mushroom":34,"stat.mineBlock.minecraft.end_stone":92,"stat.killEntity.Villager":23,"stat.useItem.minecraft.iron_pickaxe":365,"stat.pickup.minecraft.stained_hardened_clay":4916,"stat.drop.minecraft.ender_eye":8,"stat.pickup.minecraft.double_plant":1799,"stat.craftItem.minecraft.glass_pane":832,"stat.useItem.minecraft.hardened_clay":510,"stat.pickup.minecraft.light_weighted_pressure_plate":1,"stat.mineBlock.minecraft.sticky_piston":342,"stat.furnaceInteraction":2443,"stat.useItem.minecraft.nether_wart":3980,"stat.mineBlock.minecraft.chorus_plant":28,"stat.pickup.minecraft.nether_brick":2140,"stat.drop.minecraft.chorus_fruit":39,"stat.entityKilledBy.WitherSkeleton":1,"stat.pickup.minecraft.sponge":3122,"stat.useItem.minecraft.green_shulker_box":1,"stat.useItem.minecraft.end_stone":22,"stat.mineBlock.minecraft.wooden_button":15,"stat.drop.minecraft.cactus":282,"stat.drop.minecraft.light_weighted_pressure_plate":2,"stat.useItem.minecraft.red_sandstone":282,"stat.drop.minecraft.magma":99,"stat.pickup.minecraft.cyan_shulker_box":54,"stat.useItem.minecraft.fence":2473,"stat.craftItem.minecraft.orange_glazed_terracotta":3,"stat.drop.minecraft.furnace":71,"stat.useItem.minecraft.acacia_fence":410,"stat.craftItem.minecraft.daylight_detector":64,"stat.mineBlock.minecraft.sponge":2979,"stat.useItem.minecraft.cauldron":130,"stat.useItem.minecraft.flint_and_steel":167,"stat.mineBlock.minecraft.fence":300,"stat.useItem.minecraft.wheat_seeds":2716,"stat.mineBlock.minecraft.sea_lantern":2411,"stat.drop.minecraft.nether_brick_stairs":3,"stat.drop.minecraft.cooked_fish":617,"stat.killEntity.Husk":54,"stat.pickup.minecraft.emerald":340,"stat.craftItem.minecraft.dark_oak_boat":1,"stat.pickup.minecraft.lever":402,"stat.deaths":35,"stat.pickup.minecraft.bowl":28,"stat.pickup.minecraft.egg":245,"stat.craftItem.minecraft.melon_seeds":316,"stat.mineBlock.minecraft.brown_shulker_box":46,"stat.craftItem.minecraft.item_frame":341,"stat.craftItem.minecraft.wooden_shovel":8,"stat.craftItem.minecraft.iron_pickaxe":6,"stat.pickup.minecraft.glass_pane":38,"stat.pickup.minecraft.sea_lantern":3814,"stat.pickup.minecraft.item_frame":54,"stat.craftItem.minecraft.repeater":2508,"stat.drop.minecraft.iron_ingot":1820,"stat.craftItem.minecraft.cooked_mutton":3,"stat.fishCaught":53143,"stat.pickup.minecraft.cooked_mutton":52,"stat.chestOpened":39024,"stat.useItem.minecraft.lapis_ore":129,"stat.craftItem.minecraft.mossy_cobblestone":14,"stat.craftItem.minecraft.sign":1026,"stat.pickup.minecraft.iron_sword":1,"stat.killEntity.Vex":8,"stat.pickup.minecraft.lapis_ore":165,"stat.craftItem.minecraft.quartz_block":4925,"stat.pickup.minecraft.gold_nugget":259,"stat.drop.minecraft.banner":10,"stat.pickup.minecraft.chorus_flower":24,"stat.craftItem.minecraft.coal":1849,"stat.craftItem.minecraft.ender_chest":26,"stat.pickup.minecraft.carrot":1691,"stat.drop.minecraft.stone_sword":47,"stat.crouchOneCm":11029002,"stat.pickup.minecraft.rail":3228,"stat.craftItem.minecraft.diamond":18,"stat.craftItem.minecraft.iron_ingot":13601,"stat.pickup.minecraft.ender_chest":321,"stat.drop.minecraft.slime_ball":1247,"stat.craftingTableInteraction":4102,"stat.useItem.minecraft.light_blue_shulker_box":64,"stat.pickup.minecraft.jungle_door":1,"stat.pickup.minecraft.repeater":805,"stat.mineBlock.minecraft.log2":4366,"stat.drop.minecraft.double_plant":349,"stat.useItem.minecraft.dark_oak_fence":97,"stat.drop.minecraft.rabbit":5,"stat.pickup.minecraft.dye":10521,"stat.mineBlock.minecraft.jungle_fence":5,"stat.pickup.minecraft.planks":1391,"stat.drop.minecraft.minecart":46,"stat.mineBlock.minecraft.blue_glazed_terracotta":9,"stat.drop.minecraft.soul_sand":133,"stat.useItem.minecraft.lime_glazed_terracotta":202,"stat.drop.minecraft.carpet":452,"stat.mineBlock.minecraft.ender_chest":323,"stat.pickup.minecraft.ice":89,"stat.mineBlock.minecraft.daylight_detector":10,"stat.drop.minecraft.rotten_flesh":21005,"stat.pickup.minecraft.magma":1234,"stat.craftItem.minecraft.purple_glazed_terracotta":3,"stat.mineBlock.minecraft.pink_glazed_terracotta":170,"stat.drop.minecraft.iron_door":10,"stat.drop.minecraft.coal_ore":591,"stat.drop.minecraft.glass_pane":106,"stat.drop.minecraft.iron_ore":872,"stat.useItem.minecraft.yellow_flower":8,"stat.drop.minecraft.sapling":469,"stat.pickup.minecraft.chicken":195,"stat.drop.minecraft.gold_nugget":68,"stat.useItem.minecraft.glass_pane":386,"stat.pickup.minecraft.end_stone":81,"stat.drop.minecraft.fish":16718,"stat.pickup.minecraft.coal_block":44,"stat.drop.minecraft.trapped_chest":3,"stat.craftItem.minecraft.bucket":493,"stat.craftItem.minecraft.planks":109814,"stat.useItem.minecraft.iron_sword":531,"stat.craftItem.minecraft.dirt":252,"stat.mineBlock.minecraft.prismarine":37841,"stat.pickup.minecraft.stone_sword":24,"stat.craftItem.minecraft.fishing_rod":3,"stat.drop.minecraft.comparator":46,"stat.useItem.minecraft.daylight_detector":70,"stat.useItem.minecraft.stonebrick":29703,"stat.pickup.minecraft.book":58,"stat.craftItem.minecraft.wooden_door":150,"stat.mineBlock.minecraft.waterlily":49,"stat.pickup.minecraft.orange_glazed_terracotta":168,"stat.pickup.minecraft.iron_door":14,"stat.drop.minecraft.leather_leggings":12,"stat.pickup.minecraft.red_nether_brick":16,"stat.drop.minecraft.sea_lantern":1891,"stat.pickup.minecraft.cooked_fish":697,"stat.craftItem.minecraft.spruce_door":30,"stat.drop.minecraft.observer":1,"stat.pickup.minecraft.tripwire_hook":38,"stat.drop.minecraft.lapis_ore":14,"stat.craftItem.minecraft.jungle_boat":4,"stat.pickup.minecraft.bookshelf":1,"stat.mineBlock.minecraft.cobblestone":9427,"stat.mineBlock.minecraft.pumpkin":50,"stat.useItem.minecraft.beacon":25,"stat.pickup.minecraft.stone_pickaxe":5,"stat.pickup.minecraft.flint":408,"stat.craftItem.minecraft.quartz_stairs":292,"stat.pickup.minecraft.leather_chestplate":11,"stat.mineBlock.minecraft.concrete":16176,"stat.mineBlock.minecraft.stained_glass_pane":576,"stat.drop.minecraft.purpur_slab":15,"stat.drop.minecraft.end_bricks":46,"stat.pickup.minecraft.lime_shulker_box":13,"stat.craftItem.minecraft.clock":6,"stat.drop.minecraft.cobblestone":15191,"stat.useItem.minecraft.chorus_flower":22,"stat.pickup.minecraft.cooked_porkchop":14,"stat.useItem.minecraft.coal_block":65,"stat.mineBlock.minecraft.dropper":152,"stat.useItem.minecraft.stone_slab2":613,"stat.pickup.minecraft.stone_hoe":2,"stat.craftItem.minecraft.furnace":1061,"stat.craftItem.minecraft.lapis_block":28,"stat.drop.minecraft.golden_helmet":7,"stat.craftItem.minecraft.iron_boots":1,"stat.useItem.minecraft.spruce_fence_gate":8,"stat.mineBlock.minecraft.clay":2346,"stat.mineBlock.minecraft.noteblock":21,"stat.pickup.minecraft.diamond_leggings":24,"stat.useItem.minecraft.brick_block":904,"stat.drop.minecraft.iron_helmet":2,"stat.drop.minecraft.chainmail_chestplate":5,"stat.useItem.minecraft.melon_block":64,"stat.useItem.minecraft.wooden_slab":6372,"stat.drop.minecraft.spider_eye":323,"stat.craftItem.minecraft.beacon":7,"stat.useItem.minecraft.iron_door":65,"stat.craftItem.minecraft.iron_block":2576,"stat.craftItem.minecraft.stonebrick":28031,"stat.useItem.minecraft.brown_shulker_box":47,"stat.breakItem.minecraft.diamond_pickaxe":8,"stat.drop.minecraft.stained_glass":2222,"stat.drop.minecraft.flint_and_steel":4,"stat.drop.minecraft.wool":371,"stat.killEntity.Creeper":355,"stat.useItem.minecraft.armor_stand":1,"stat.breakItem.minecraft.iron_sword":2,"stat.drop.minecraft.ender_chest":1,"stat.useItem.minecraft.silver_shulker_box":32,"stat.craftItem.minecraft.jungle_stairs":52,"stat.pickup.minecraft.brown_shulker_box":46,"stat.drop.minecraft.obsidian":2,"stat.drop.minecraft.oak_stairs":3,"stat.pickup.minecraft.birch_stairs":4,"stat.useItem.minecraft.dropper":1414,"stat.killEntity.Squid":122,"stat.sprintOneCm":112398197,"stat.useItem.minecraft.diamond_block":3,"stat.drop.minecraft.leather":363,"stat.mineBlock.minecraft.stone_slab":12508,"stat.drop.minecraft.dark_oak_door":2,"stat.drop.minecraft.stone_hoe":3,"stat.useItem.minecraft.snowball":386,"stat.pickup.minecraft.leather_leggings":15,"stat.craftItem.minecraft.redstone_lamp":362,"stat.drop.minecraft.cobblestone_wall":372,"stat.pickup.minecraft.vine":486,"stat.useItem.minecraft.banner":12,"stat.entityKilledBy.Slime":3,"stat.drop.minecraft.golden_rail":3,"stat.mineBlock.minecraft.yellow_glazed_terracotta":44,"stat.craftItem.minecraft.emerald":4168,"stat.pickup.minecraft.iron_block":2767,"stat.killEntity.Zombie":3114,"stat.craftItem.minecraft.dye":85060,"stat.craftItem.minecraft.diamond_axe":7,"stat.mineBlock.minecraft.gold_ore":946,"stat.drop.minecraft.diamond_pickaxe":20,"stat.craftItem.minecraft.slime_ball":1440,"stat.pickup.minecraft.wheat":2915,"stat.craftItem.minecraft.sandstone":558,"stat.mineBlock.minecraft.mossy_cobblestone":165,"stat.drop.minecraft.stone_stairs":4,"stat.drop.minecraft.purpur_stairs":4,"stat.pickup.minecraft.sign":334,"stat.pickup.minecraft.obsidian":1023,"stat.useItem.minecraft.heavy_weighted_pressure_plate":21,"stat.useItem.minecraft.iron_trapdoor":43,"stat.pickup.minecraft.coal":13162,"stat.pickup.minecraft.iron_ingot":6361,"stat.useItem.minecraft.dark_oak_boat":7,"stat.craftItem.minecraft.lever":671,"stat.drop.minecraft.diamond_sword":10,"stat.pickup.minecraft.gunpowder":637,"stat.pickup.minecraft.dirt":34592,"stat.useItem.minecraft.coal_ore":2640,"stat.drop.minecraft.iron_shovel":8,"stat.craftItem.minecraft.sponge":709,"stat.useItem.minecraft.light_weighted_pressure_plate":1,"stat.useItem.minecraft.dispenser":397,"stat.mineBlock.minecraft.lapis_ore":528,"stat.pickup.minecraft.red_sandstone":34,"stat.pickup.minecraft.iron_axe":2,"stat.brewingstandInteraction":82,"stat.useItem.minecraft.stone_brick_stairs":1361,"stat.mineBlock.minecraft.torch":4527,"stat.mineBlock.minecraft.red_flower":388,"stat.pickup.minecraft.written_book":8,"stat.tradedWithVillager":3621,"stat.pickup.minecraft.magma_cream":88,"stat.noteblockTuned":4701171,"stat.craftItem.minecraft.comparator":457,"stat.craftItem.minecraft.sea_lantern":24656,"stat.craftItem.minecraft.glowstone":12,"stat.useItem.minecraft.slime":1223,"stat.useItem.minecraft.birch_fence":4,"stat.pickup.minecraft.diamond_axe":32,"stat.pickup.minecraft.rabbit_hide":6,"stat.drop.minecraft.red_glazed_terracotta":2,"stat.pickup.minecraft.shulker_shell":283,"stat.mineBlock.minecraft.birch_fence":3,"stat.pickup.minecraft.green_shulker_box":1,"stat.drop.minecraft.item_frame":9,"stat.drop.minecraft.wheat":2958,"stat.pickup.minecraft.diamond_pickaxe":47,"stat.useItem.minecraft.pumpkin":663,"stat.pickup.minecraft.noteblock":20,"stat.useItem.minecraft.tnt":670,"stat.useItem.minecraft.lava_bucket":238,"stat.useItem.minecraft.gold_ore":4,"stat.pickup.minecraft.rabbit_foot":1,"stat.drop.minecraft.netherrack":6743,"stat.drop.minecraft.birch_stairs":16,"stat.pickup.minecraft.red_mushroom_block":100,"stat.pickup.minecraft.pink_glazed_terracotta":160,"stat.useItem.minecraft.item_frame":332,"stat.useItem.minecraft.stained_hardened_clay":15486,"stat.drop.minecraft.egg":226,"stat.useItem.minecraft.redstone_ore":1099,"stat.pickup.minecraft.cooked_beef":18,"stat.useItem.minecraft.concrete":14367,"stat.drop.minecraft.lit_pumpkin":417,"stat.killEntity.Stray":16,"stat.drop.minecraft.nether_brick":37,"stat.drop.minecraft.lever":136,"stat.mineBlock.minecraft.purpur_slab":27,"stat.craftItem.minecraft.cookie":40,"stat.pickup.minecraft.dark_oak_stairs":76,"stat.mobKills":44403,"stat.pickup.minecraft.diamond_boots":24,"stat.mineBlock.minecraft.bookshelf":20,"stat.drop.minecraft.written_book":3,"stat.useItem.minecraft.boat":10,"stat.useItem.minecraft.mossy_cobblestone":35,"stat.craftItem.minecraft.lead":18,"stat.pickup.minecraft.diamond":890,"stat.pickup.minecraft.beetroot_seeds":1820,"stat.pickup.minecraft.brown_mushroom_block":37,"stat.craftItem.minecraft.spruce_stairs":2020,"stat.craftItem.minecraft.map":165,"stat.useItem.minecraft.string":516,"stat.drop.minecraft.mutton":310,"stat.craftItem.minecraft.yellow_glazed_terracotta":51,"stat.useItem.minecraft.bookshelf":20,"stat.useItem.minecraft.soul_sand":1848,"stat.killEntity.Blaze":519,"stat.drop.minecraft.shield":3,"stat.drop.minecraft.skull":183,"stat.useItem.minecraft.gray_shulker_box":17,"stat.pickup.minecraft.golden_boots":18,"stat.pickup.minecraft.glowstone_dust":198,"stat.drop.minecraft.bowl":67,"stat.drop.minecraft.wooden_door":30,"stat.mineBlock.minecraft.white_shulker_box":69,"stat.mineBlock.minecraft.red_mushroom":8,"stat.mineBlock.minecraft.stone_brick_stairs":408,"stat.drop.minecraft.poisonous_potato":123,"stat.mineBlock.minecraft.nether_brick_fence":44,"stat.drop.minecraft.golden_leggings":6,"stat.pickup.minecraft.observer":160,"stat.craftItem.minecraft.lit_pumpkin":1136,"stat.craftItem.minecraft.cobblestone_wall":3388,"stat.craftItem.minecraft.stone_sword":2,"stat.mineBlock.minecraft.snow_layer":1924,"stat.pickup.minecraft.chainmail_chestplate":8,"stat.mineBlock.minecraft.sand":140803,"stat.craftItem.minecraft.slime":431,"stat.hopperInspected":4028,"stat.drop.minecraft.diamond":17,"stat.pickup.minecraft.packed_ice":5756,"stat.breakItem.minecraft.flint_and_steel":1,"stat.pickup.minecraft.ghast_tear":10,"stat.craftItem.minecraft.birch_door":15,"stat.trappedChestTriggered":15229,"stat.mineBlock.minecraft.gray_shulker_box":17,"stat.drop.minecraft.rail":339,"stat.drop.minecraft.spruce_door":6,"stat.craftItem.minecraft.observer":577,"stat.craftItem.minecraft.acacia_stairs":40,"stat.craftItem.minecraft.pumpkin_seeds":1332,"stat.pickup.minecraft.wooden_button":21,"stat.drop.minecraft.purple_shulker_box":2,"stat.drop.minecraft.wooden_pressure_plate":6,"stat.useItem.minecraft.minecart":286,"stat.useItem.minecraft.cooked_mutton":85,"stat.drop.minecraft.diamond_helmet":6,"stat.drop.minecraft.stained_hardened_clay":319,"stat.drop.minecraft.wooden_button":12,"stat.drop.minecraft.fishing_rod":413,"stat.drop.minecraft.pumpkin_seeds":1024,"stat.drop.minecraft.prismarine_shard":8996,"stat.killEntity.Horse":12,"stat.pickup.minecraft.stone_stairs":163,"stat.craftItem.minecraft.fence_gate":2,"stat.drop.minecraft.fireworks":676,"stat.pickup.minecraft.pumpkin_seeds":448,"stat.drop.minecraft.jungle_boat":4,"stat.drop.minecraft.snowball":862,"stat.pickup.minecraft.saddle":39,"stat.mineBlock.minecraft.soul_sand":2363,"stat.mineBlock.minecraft.jungle_stairs":2,"stat.pickup.minecraft.mycelium":2359,"stat.pickup.minecraft.blaze_rod":104,"stat.craftItem.minecraft.diamond_block":13,"stat.drop.minecraft.chest":63,"stat.drop.minecraft.white_shulker_box":1,"stat.useItem.minecraft.gray_glazed_terracotta":3,"stat.pickup.minecraft.netherrack":15620,"stat.pickup.minecraft.pumpkin":2022,"stat.pickup.minecraft.spruce_door":7,"stat.useItem.minecraft.fish":57,"stat.drop.minecraft.hopper":249,"stat.drop.minecraft.detector_rail":5,"stat.drop.minecraft.packed_ice":570,"stat.drop.minecraft.red_mushroom_block":49,"stat.pickup.minecraft.waterlily":176,"stat.useItem.minecraft.sponge":2970,"stat.mineBlock.minecraft.ice":187,"stat.craftItem.minecraft.redstone_torch":8999,"stat.pickup.minecraft.detector_rail":47,"stat.useItem.minecraft.packed_ice":3467,"stat.pickup.minecraft.brick_stairs":38,"stat.mineBlock.minecraft.gold_block":9,"stat.craftItem.minecraft.iron_hoe":7,"stat.drop.minecraft.stone":30543,"stat.useItem.minecraft.trapped_chest":1697,"stat.pickup.minecraft.melon_seeds":64,"stat.drop.minecraft.gold_ore":85,"stat.pickup.minecraft.dropper":166,"stat.useItem.minecraft.black_shulker_box":91,"stat.drop.minecraft.book":13,"stat.pickup.minecraft.golden_leggings":9,"stat.pickup.minecraft.melon":2828,"stat.drop.minecraft.stained_glass_pane":197,"stat.dropperInspected":2207,"stat.mineBlock.minecraft.nether_wart_block":2,"stat.pickup.minecraft.heavy_weighted_pressure_plate":24,"stat.useItem.minecraft.golden_rail":2020,"stat.craftItem.minecraft.detector_rail":270,"stat.drop.minecraft.bone":6034,"stat.craftItem.minecraft.wooden_button":57,"stat.useItem.minecraft.furnace":1088,"stat.pickup.minecraft.slime":678,"stat.killEntity.Llama":34,"stat.mineBlock.minecraft.snow":5578,"stat.mineBlock.minecraft.gravel":18397,"stat.mineBlock.minecraft.beacon":19,"stat.useItem.minecraft.wool":4233,"stat.drop.minecraft.reeds":1075,"stat.craftItem.minecraft.gray_glazed_terracotta":8,"stat.craftItem.minecraft.cyan_glazed_terracotta":8,"stat.drop.minecraft.iron_axe":1,"stat.pickup.minecraft.flint_and_steel":6,"stat.mineBlock.minecraft.green_shulker_box":1,"stat.useItem.minecraft.torch":12257,"stat.pickup.minecraft.golden_apple":2,"stat.craftItem.minecraft.redstone_block":691,"stat.pickup.minecraft.birch_fence_gate":9,"stat.craftItem.minecraft.stone_stairs":1584,"stat.pickup.minecraft.crafting_table":102,"stat.useItem.minecraft.log":4107,"stat.useItem.minecraft.comparator":740,"stat.drop.minecraft.tallgrass":2,"stat.craftItem.minecraft.crafting_table":107,"stat.drop.minecraft.end_stone":3,"stat.craftItem.minecraft.boat":6,"stat.pickup.minecraft.iron_hoe":1,"stat.pickup.minecraft.redstone_block":779,"stat.useItem.minecraft.cooked_fish":4849,"stat.drop.minecraft.sign":118,"stat.useItem.minecraft.nether_wart_block":66,"stat.drop.minecraft.stonebrick":799,"stat.craftItem.minecraft.stone_button":433,"stat.drop.minecraft.planks":881,"stat.pickup.minecraft.web":1,"stat.pickup.minecraft.sapling":2792,"stat.drop.minecraft.gray_shulker_box":2,"stat.drop.minecraft.melon_seeds":128,"stat.useItem.minecraft.birch_door":17,"stat.drop.minecraft.bow":607,"stat.pickup.minecraft.beetroot":1105,"stat.drop.minecraft.golden_chestplate":3,"stat.killEntity.WitherSkeleton":1007,"stat.useItem.minecraft.wooden_pressure_plate":2,"stat.pickup.minecraft.golden_sword":27,"stat.drop.minecraft.birch_door":2,"stat.craftItem.minecraft.sugar":192,"stat.drop.minecraft.cake":1,"stat.pickup.minecraft.rabbit":5,"stat.drop.minecraft.bucket":100,"stat.craftItem.minecraft.spruce_fence_gate":10,"stat.pickup.minecraft.stone_slab":16754,"stat.drop.minecraft.yellow_flower":187,"stat.pickup.minecraft.yellow_flower":547,"stat.drop.minecraft.ghast_tear":5,"stat.pickup.minecraft.golden_rail":931,"stat.useItem.minecraft.fishing_rod":248243,"stat.craftItem.minecraft.jungle_door":6,"stat.drop.minecraft.stone_pickaxe":3,"stat.craftItem.minecraft.diamond_chestplate":4,"stat.useItem.minecraft.brick_stairs":60,"stat.pickup.minecraft.bone":6719,"stat.craftItem.minecraft.sticky_piston":1687,"stat.pickup.minecraft.redstone_torch":757,"stat.horseOneCm":10260,"stat.drop.minecraft.tripwire_hook":73,"stat.drop.minecraft.glowstone_dust":270,"stat.useItem.minecraft.log2":643,"stat.mineBlock.minecraft.slime":639,"stat.drop.minecraft.red_mushroom":16,"stat.drop.minecraft.mossy_cobblestone":110,"stat.drop.minecraft.prismarine_crystals":3837,"stat.mineBlock.minecraft.black_shulker_box":91,"stat.mineBlock.minecraft.brown_mushroom":5,"stat.mineBlock.minecraft.acacia_fence":44,"stat.useItem.minecraft.diamond_sword":20475,"stat.craftItem.minecraft.diamond_helmet":8,"stat.climbOneCm":2228194,"stat.drop.minecraft.sticky_piston":21,"stat.craftItem.minecraft.gold_block":29,"stat.enderchestOpened":1881,"stat.useItem.minecraft.redstone_torch":3100,"stat.pickup.minecraft.golden_helmet":11,"stat.drop.minecraft.quartz":38,"stat.craftItem.minecraft.purple_shulker_box":23,"stat.drop.minecraft.writable_book":2,"stat.drop.minecraft.brick":1,"stat.useItem.minecraft.jungle_boat":1,"stat.useItem.minecraft.red_flower":71,"stat.pickup.minecraft.daylight_detector":21,"stat.drop.minecraft.web":29,"stat.craftItem.minecraft.bone_block":1192,"stat.useItem.minecraft.leaves2":311,"stat.pickup.minecraft.anvil":7,"stat.useItem.minecraft.iron_ore":8,"stat.craftItem.minecraft.trapdoor":1092,"stat.pickup.minecraft.cobblestone":79376,"stat.useItem.minecraft.yellow_glazed_terracotta":54,"stat.drop.minecraft.rabbit_hide":6,"stat.craftItem.minecraft.glass_bottle":1434,"stat.pickup.minecraft.soul_sand":2286,"stat.useItem.minecraft.cooked_beef":7,"stat.pickup.minecraft.cactus":683,"stat.drop.minecraft.clay_ball":8,"stat.pickup.minecraft.redstone":16251,"stat.craftItem.minecraft.dispenser":353,"stat.mineBlock.minecraft.iron_ore":4083,"stat.craftItem.minecraft.book":23,"stat.craftItem.minecraft.acacia_door":3,"stat.drop.minecraft.name_tag":400,"stat.pickup.minecraft.mossy_cobblestone":150,"stat.useItem.minecraft.noteblock":23,"stat.craftItem.minecraft.cake":2,"stat.drop.minecraft.coal":213,"stat.drop.minecraft.iron_bars":1036,"stat.drop.minecraft.dirt":7838,"stat.pickup.minecraft.iron_shovel":9,"stat.useItem.minecraft.cooked_porkchop":5,"stat.pickup.minecraft.trapdoor":148,"stat.pickup.minecraft.carpet":487,"stat.pickup.minecraft.diamond_shovel":33,"stat.craftItem.minecraft.acacia_fence":378,"stat.pickup.minecraft.jungle_stairs":2,"stat.mineBlock.minecraft.lime_shulker_box":14,"stat.useItem.minecraft.sea_lantern":23748,"stat.pickup.minecraft.silver_shulker_box":34,"stat.pickup.minecraft.nether_star":9,"stat.useItem.minecraft.spruce_fence":359,"stat.pickup.minecraft.sandstone_stairs":1,"stat.pickup.minecraft.paper":4232,"stat.craftItem.minecraft.stick":22608,"stat.craftItem.minecraft.stained_hardened_clay":17680,"stat.craftItem.minecraft.gold_nugget":2440,"stat.entityKilledBy.Shulker":1,"stat.pickup.minecraft.grass":21401,"stat.useItem.minecraft.magenta_glazed_terracotta":10,"stat.useItem.minecraft.stone_pressure_plate":183,"stat.drop.minecraft.leaves":932,"stat.breakItem.minecraft.iron_hoe":2,"stat.pickup.minecraft.golden_horse_armor":2,"stat.pickup.minecraft.diamond_chestplate":1,"stat.drop.minecraft.dispenser":4,"stat.entityKilledBy.Creeper":6,"stat.breakItem.minecraft.shears":30,"stat.mineBlock.minecraft.planks":665,"stat.drop":12358,"stat.killEntity.Sheep":59,"stat.drop.minecraft.redstone_block":385,"stat.pickup.minecraft.golden_chestplate":6,"stat.useItem.minecraft.melon_seeds":120,"stat.drop.minecraft.bread":622,"stat.useItem.minecraft.light_blue_glazed_terracotta":7,"stat.pickup.minecraft.purpur_pillar":53,"stat.drop.minecraft.nether_wart":2,"stat.craftItem.minecraft.piston":3474,"stat.useItem.minecraft.quartz_stairs":252,"stat.drop.minecraft.cooked_beef":11,"stat.killEntity.Slime":3668,"stat.mineBlock.minecraft.anvil":6,"stat.useItem.minecraft.lime_shulker_box":14,"stat.useItem.minecraft.blue_glazed_terracotta":19,"stat.pickup.minecraft.purple_shulker_box":408,"stat.useItem.minecraft.waterlily":37,"stat.mineBlock.minecraft.deadbush":14,"stat.drop.minecraft.chainmail_helmet":2,"stat.useItem.minecraft.carpet":875,"stat.useItem.minecraft.potion":39,"stat.mineBlock.minecraft.purpur_pillar":45,"stat.pickup.minecraft.fence":328,"stat.craftItem.minecraft.iron_helmet":3,"stat.drop.minecraft.piston":141,"stat.craftItem.minecraft.rail":3280,"stat.drop.minecraft.bed":3,"stat.drop.minecraft.glass":2384,"stat.boatOneCm":3705980,"stat.drop.minecraft.magma_cream":59,"stat.craftItem.minecraft.flint_and_steel":11,"stat.useItem.minecraft.redstone_lamp":443,"stat.mineBlock.minecraft.leaves2":873,"stat.mineBlock.minecraft.stone_stairs":170,"stat.craftItem.minecraft.iron_bars":5568,"stat.mineBlock.minecraft.furnace":752,"stat.pickup.minecraft.dark_oak_fence":38,"stat.drop.minecraft.stone_button":13,"stat.pickup.minecraft.prismarine_shard":8372,"stat.drop.minecraft.water_bucket":13,"stat.killEntity.CaveSpider":8,"stat.craftItem.minecraft.birch_fence":15,"stat.pickup.minecraft.oak_stairs":233,"stat.pickup.minecraft.emerald_block":13,"stat.pickup.minecraft.stained_glass":6376,"stat.damageDealt":1201559,"stat.drop.minecraft.rabbit_foot":1,"stat.craftItem.minecraft.bowl":4,"stat.craftItem.minecraft.anvil":19,"stat.pickup.minecraft.end_bricks":89,"stat.mineBlock.minecraft.nether_brick_stairs":3,"stat.useItem.minecraft.crafting_table":158,"stat.drop.minecraft.silver_shulker_box":2,"stat.useItem.minecraft.cyan_glazed_terracotta":12,"stat.pickup.minecraft.boat":6,"stat.craftItem.minecraft.stone_shovel":48,"stat.pickup.minecraft.stick":1004,"stat.drop.minecraft.vine":7,"stat.breakItem.minecraft.stone_pickaxe":1,"stat.craftItem.minecraft.birch_fence_gate":60,"stat.drop.minecraft.iron_block":182,"stat.craftItem.minecraft.diamond_boots":8,"stat.craftItem.minecraft.writable_book":18,"stat.useItem.minecraft.redstone_block":751,"stat.drop.minecraft.leather_chestplate":7,"stat.useItem.minecraft.spruce_stairs":2051,"stat.craftItem.minecraft.redstone":24903,"stat.useItem.minecraft.cactus":644,"stat.pickup.minecraft.chorus_fruit":313,"stat.craftItem.minecraft.red_nether_brick":306,"stat.drop.minecraft.purpur_block":30,"stat.killEntity.Chicken":53,"stat.drop.minecraft.crafting_table":13,"stat.useItem.minecraft.iron_block":4011,"stat.mineBlock.minecraft.quartz_ore":13409,"stat.pickup.minecraft.concrete_powder":369,"stat.craftItem.minecraft.tnt":1048,"stat.pickup.minecraft.yellow_glazed_terracotta":43,"stat.drop.minecraft.filled_map":5,"stat.drop.minecraft.diamond_boots":4,"stat.craftItem.minecraft.fence":2409,"stat.craftItem.minecraft.jungle_fence":9,"stat.useItem.minecraft.golden_apple":1,"stat.mineBlock.minecraft.leaves":9845,"stat.mineBlock.minecraft.piston":330,"stat.mineBlock.minecraft.bone_block":196,"stat.useItem.minecraft.map":7,"stat.craftItem.minecraft.tripwire_hook":1478,"stat.beaconInteraction":71,"stat.drop.minecraft.dark_oak_boat":1,"stat.pickup.minecraft.wooden_slab":1434,"stat.craftItem.minecraft.diamond_hoe":2,"stat.leaveGame":1261,"stat.killEntity.Parrot":5,"stat.pickup.minecraft.jungle_fence":4,"stat.pickup.minecraft.stone_slab2":229,"stat.useItem.minecraft.glowstone":1683,"stat.mineBlock.minecraft.sandstone":940,"stat.craftItem.minecraft.ender_eye":35,"stat.killEntity.PigZombie":16,"stat.craftItem.minecraft.shield":2,"stat.craftItem.minecraft.stone_pressure_plate":355,"stat.drop.minecraft.feather":254,"stat.mineBlock.minecraft.birch_fence_gate":16,"stat.mineBlock.minecraft.red_sandstone":37,"stat.pickup.minecraft.leaves2":686,"stat.useItem.minecraft.sandstone_stairs":5,"stat.pickup.minecraft.brick_block":116,"stat.useItem.minecraft.birch_boat":3,"stat.craftItem.minecraft.noteblock":14,"stat.mineBlock.minecraft.wooden_slab":1428,"stat.pickup.minecraft.leather_boots":21,"stat.mineBlock.minecraft.lime_glazed_terracotta":202,"stat.killEntity.Witch":22,"stat.drop.minecraft.sand":5232,"stat.killEntity.MushroomCow":2,"stat.drop.minecraft.gold_ingot":17,"stat.drop.minecraft.tnt":69,"stat.craftItem.minecraft.iron_door":99,"stat.useItem.minecraft.iron_shovel":237,"stat.drop.minecraft.chainmail_leggings":1,"stat.mineBlock.minecraft.brick_block":138,"stat.drop.minecraft.cooked_mutton":1,"stat.craftItem.minecraft.bed":22,"stat.mineBlock.minecraft.hopper":1541,"stat.mineBlock.minecraft.vine":536,"stat.pickup.minecraft.melon_block":77,"stat.drop.minecraft.gravel":3123,"stat.mineBlock.minecraft.rail":2737,"stat.useItem.minecraft.pumpkin_seeds":211,"stat.killEntity.ZombieVillager":60,"stat.noteblockPlayed":30,"stat.drop.minecraft.red_flower":6164,"stat.useItem.minecraft.double_plant":100,"stat.pickup.minecraft.prismarine":33686,"stat.pickup.minecraft.beef":976,"stat.pickup.minecraft.leather_helmet":6,"stat.pickup.minecraft.cauldron":7,"stat.useItem.minecraft.trapdoor":1014,"stat.mineBlock.minecraft.stained_hardened_clay":6692,"stat.useItem.minecraft.stained_glass":54020,"stat.craftItem.minecraft.prismarine":71373,"stat.drop.minecraft.stone_pressure_plate":49,"stat.drop.minecraft.lead":2,"stat.useItem.minecraft.dark_oak_door":39,"stat.useItem.minecraft.ice":12,"stat.pickup.minecraft.potion":861,"stat.mineBlock.minecraft.dark_oak_fence_gate":2,"stat.useItem.minecraft.wooden_button":38,"stat.craftItem.minecraft.dropper":1395,"stat.useItem.minecraft.dye":3355,"stat.mineBlock.minecraft.stone_slab2":212,"stat.breakItem.minecraft.diamond_boots":1,"stat.useItem.minecraft.beef":6,"stat.mineBlock.minecraft.stone_pressure_plate":18,"stat.useItem.minecraft.nether_brick":634,"stat.drop.minecraft.torch":396,"stat.drop.minecraft.glass_bottle":151,"stat.mineBlock.minecraft.tallgrass":1344,"stat.craftItem.minecraft.light_weighted_pressure_plate":10,"stat.drop.minecraft.quartz_ore":38,"stat.drop.minecraft.chorus_flower":2,"stat.useItem.minecraft.stone":51412,"stat.pickup.minecraft.arrow":1734,"stat.pickup.minecraft.wooden_pressure_plate":2,"stat.killEntity.Ghast":108,"stat.useItem.minecraft.ender_chest":338,"stat.useItem.minecraft.white_shulker_box":70,"stat.useItem.minecraft.clay":1111,"stat.drop.minecraft.iron_pickaxe":8,"stat.mineBlock.minecraft.chest":925,"stat.pickup.minecraft.painting":13,"stat.drop.minecraft.melon_block":250,"stat.mineBlock.minecraft.concrete_powder":191,"stat.mineBlock.minecraft.hardened_clay":20006,"stat.craftItem.minecraft.hopper":4431,"stat.drop.minecraft.concrete_powder":148,"stat.pickup.minecraft.gray_shulker_box":19,"stat.pickup.minecraft.nether_brick_fence":34,"stat.useItem.minecraft.purple_glazed_terracotta":6,"stat.pickup.minecraft.yellow_shulker_box":35,"stat.useItem.minecraft.reeds":1131,"stat.pickup.minecraft.birch_boat":3,"stat.craftItem.minecraft.nether_brick":54,"stat.craftItem.minecraft.diamond_shovel":32,"stat.pickup.minecraft.wheat_seeds":9673,"stat.drop.minecraft.snow":64,"stat.mineBlock.minecraft.glass":1786,"stat.useItem.minecraft.enchanting_table":16,"stat.pickup.minecraft.pink_shulker_box":7,"stat.mineBlock.minecraft.dirt":83148,"stat.pickup.minecraft.poisonous_potato":162,"stat.drop.minecraft.paper":11295,"stat.useItem.minecraft.bread":3558,"stat.pickup.minecraft.brewing_stand":1,"stat.drop.minecraft.porkchop":342,"stat.pickup.minecraft.light_blue_shulker_box":64,"stat.useItem.minecraft.cobblestone":13108,"stat.useItem.minecraft.gravel":897,"stat.mineBlock.minecraft.double_plant":43,"stat.minecartOneCm":947533,"stat.drop.minecraft.chicken":242,"stat.pickup.minecraft.iron_pickaxe":3,"stat.drop.minecraft.carrot":29332,"stat.mineBlock.minecraft.end_rod":8,"stat.craftItem.minecraft.gold_ingot":1178,"stat.pickup.minecraft.hopper":1667,"stat.mineBlock.minecraft.silver_shulker_box":32,"stat.drop.minecraft.brick_stairs":14,"stat.craftItem.minecraft.brewing_stand":12,"stat.pickup.minecraft.apple":187,"stat.useItem.minecraft.fireworks":243,"stat.pickup.minecraft.banner":62,"stat.killEntity.ElderGuardian":2,"stat.entityKilledBy.Wolf":1,"stat.itemEnchanted":74,"stat.useItem.minecraft.acacia_boat":1,"stat.mineBlock.minecraft.log":26501,"stat.mineBlock.minecraft.heavy_weighted_pressure_plate":10,"stat.useItem.minecraft.wooden_door":114,"stat.useItem.minecraft.spruce_door":13,"stat.craftItem.minecraft.paper":16329,"stat.pickup.minecraft.red_flower":8568,"stat.drop.minecraft.bone_block":12,"stat.pickup.minecraft.wool":3789,"stat.drop.minecraft.grass":2275,"stat.craftItem.minecraft.trapped_chest":1444,"stat.pickup.minecraft.trapped_chest":337,"stat.drop.minecraft.pumpkin":3104,"stat.mineBlock.minecraft.orange_glazed_terracotta":170,"stat.craftItem.minecraft.diamond_leggings":8,"stat.useItem.minecraft.orange_glazed_terracotta":175,"stat.drop.minecraft.stone_shovel":31,"stat.mineBlock.minecraft.yellow_flower":602,"stat.useItem.minecraft.skull":188,"stat.craftItem.minecraft.wool":6062,"stat.drop.minecraft.saddle":405,"stat.useItem.minecraft.snow":4847,"stat.useItem.minecraft.concrete_powder":15330,"stat.pickup.minecraft.enchanted_book":73,"stat.pickup.minecraft.glowstone":1161,"stat.pickup.minecraft.writable_book":4,"stat.pickup.minecraft.sticky_piston":367,"stat.useItem.minecraft.obsidian":449,"stat.pickup.minecraft.bow":232,"stat.craftItem.minecraft.dark_oak_door":42,"stat.mineBlock.minecraft.detector_rail":25,"stat.useItem.minecraft.egg":7,"stat.craftItem.minecraft.spruce_boat":3,"stat.pickup.minecraft.nether_wart_block":2,"stat.pickup.minecraft.coal_ore":4189,"stat.mineBlock.minecraft.obsidian":975,"stat.pickup.minecraft.shears":2,"stat.craftItem.minecraft.bow":373,"stat.pickup.minecraft.iron_trapdoor":25,"stat.pickup.minecraft.diamond_hoe":1,"stat.flyOneCm":103818169,"stat.drop.minecraft.heavy_weighted_pressure_plate":16,"stat.pickup.minecraft.sandstone":754,"stat.pickup.minecraft.nether_brick_stairs":3,"stat.pickup.minecraft.fish":5887,"stat.craftItem.minecraft.stained_glass":52700,"stat.craftItem.minecraft.emerald_block":320,"stat.timeSinceDeath":4034253,"stat.pickup.minecraft.quartz_ore":3786,"stat.craftItem.minecraft.painting":4,"stat.cauldronFilled":125,"stat.drop.minecraft.repeater":70,"stat.killEntity.Bat":18,"stat.drop.minecraft.blaze_powder":8,"stat.useItem.minecraft.potato":7701,"stat.pickup.minecraft.chainmail_helmet":2,"stat.pickup.minecraft.nether_wart":6992,"stat.mineBlock.minecraft.enchanting_table":8,"stat.pickup.minecraft.spruce_fence":13,"stat.drop.minecraft.firework_charge":128,"stat.craftItem.minecraft.concrete_powder":15736,"stat.killEntity.Wolf":19,"stat.mineBlock.minecraft.coal_ore":11292,"stat.pickup.minecraft.shield":11,"stat.talkedToVillager":1489,"stat.craftItem.minecraft.stone_hoe":3,"stat.mineBlock.minecraft.red_mushroom_block":101,"stat.pickup.minecraft.string":1555,"stat.craftItem.minecraft.golden_helmet":1,"stat.mineBlock.minecraft.ladder":62,"stat.drop.minecraft.redstone_lamp":20,"stat.useItem.minecraft.written_book":27,"stat.mineBlock.minecraft.chorus_flower":25,"stat.useItem.minecraft.diamond_shovel":256561,"stat.breakItem.minecraft.diamond_helmet":4,"stat.pickup.minecraft.bone_block":316,"stat.mineBlock.minecraft.diamond_ore":575,"stat.pickup.minecraft.fireworks":1216,"stat.pickup.minecraft.lime_glazed_terracotta":201,"stat.drop.minecraft.lava_bucket":10,"stat.craftItem.minecraft.wooden_pressure_plate":24,"stat.craftItem.minecraft.speckled_melon":128,"stat.drop.minecraft.redstone_ore":56,"stat.craftItem.minecraft.white_glazed_terracotta":2,"stat.useItem.minecraft.ladder":639,"stat.useItem.minecraft.diamond_ore":148,"stat.drop.minecraft.purpur_pillar":30,"stat.useItem.minecraft.cyan_shulker_box":54,"stat.pickup.minecraft.snowball":3533,"stat.useItem.minecraft.birch_stairs":4,"stat.killEntity.Guardian":15856,"stat.craftItem.minecraft.sandstone_stairs":44,"stat.diveOneCm":42458532,"stat.useItem.minecraft.sticky_piston":1995,"stat.craftItem.minecraft.ladder":819,"stat.mineBlock.minecraft.stone_button":59,"stat.drop.minecraft.ladder":116,"stat.pickup.minecraft.stained_glass_pane":547,"stat.useItem.minecraft.rotten_flesh":13,"stat.drop.minecraft.apple":120,"stat.drop.minecraft.sponge":29,"stat.craftItem.minecraft.diamond_sword":5,"stat.drop.minecraft.sandstone":284,"stat.jump":462750,"stat.useItem.minecraft.sand":98990,"stat.pickup.minecraft.white_shulker_box":73,"stat.mineBlock.minecraft.observer":158,"stat.craftItem.minecraft.torch":8120,"stat.drop.minecraft.glowstone":10,"stat.mineBlock.minecraft.purpur_block":143,"stat.mineBlock.minecraft.cyan_glazed_terracotta":5,"stat.useItem.minecraft.glass":5976,"stat.pickup.minecraft.stone_shovel":25,"stat.pickup.minecraft.gold_ore":869,"stat.useItem.minecraft.sapling":2048,"stat.mineBlock.minecraft.glass_pane":27,"stat.damageTaken":271993,"stat.useItem.minecraft.red_shulker_box":158,"stat.mineBlock.minecraft.melon_block":76,"stat.useItem.minecraft.gold_block":13,"stat.mineBlock.minecraft.sapling":32,"stat.pickup.minecraft.log2":4364,"stat.mineBlock.minecraft.sandstone_stairs":1,"stat.useItem.minecraft.purple_shulker_box":405,"stat.pickup.minecraft.bed":41,"stat.drop.minecraft.nether_brick_fence":10,"stat.pickup.minecraft.concrete":16076,"stat.pickup.minecraft.quartz_block":797,"stat.pickup.minecraft.acacia_fence":40,"stat.pickup.minecraft.potato":15909,"stat.killEntity.Shulker":86,"stat.entityKilledBy.Zombie":1,"stat.useItem.minecraft.pink_glazed_terracotta":182,"stat.killEntity.Silverfish":20,"stat.craftItem.minecraft.stone_slab":86073,"stat.useItem.minecraft.chest":2875,"stat.mineBlock.minecraft.light_blue_shulker_box":64,"stat.drop.minecraft.diamond_ore":6,"stat.useItem.minecraft.observer":678,"stat.useItem.minecraft.birch_fence_gate":58,"stat.shulkerBoxOpened":6489,"stat.craftItem.minecraft.iron_chestplate":1,"stat.drop.minecraft.potato":31173,"stat.pickup.minecraft.ender_pearl":775,"stat.drop.minecraft.wooden_slab":122,"stat.pickup.minecraft.ladder":183,"stat.useItem.minecraft.netherrack":4484,"stat.craftItem.minecraft.stained_glass_pane":3824,"stat.mineBlock.minecraft.tnt":40,"stat.craftItem.minecraft.bookshelf":27,"stat.useItem.minecraft.tripwire_hook":21,"stat.mineBlock.minecraft.stonebrick":7732,"stat.drop.minecraft.cookie":20,"stat.mineBlock.minecraft.gray_glazed_terracotta":3,"stat.mineBlock.minecraft.glowstone":1294,"stat.craftItem.minecraft.shears":54,"stat.useItem.minecraft.cobblestone_wall":1373,"stat.breakItem.minecraft.diamond_shovel":3,"stat.useItem.minecraft.writable_book":42,"stat.pickup.minecraft.torch":6457,"stat.drop.minecraft.diamond_shovel":9,"stat.drop.minecraft.quartz_block":781,"stat.mineBlock.minecraft.red_glazed_terracotta":246,"stat.pickup.minecraft.spruce_boat":4,"stat.drop.minecraft.arrow":776,"stat.drop.minecraft.stone_slab2":7,"stat.drop.minecraft.shears":9,"stat.craftItem.minecraft.compass":165,"stat.pickup.minecraft.jungle_boat":1,"stat.pickup.minecraft.dark_oak_fence_gate":1,"stat.drop.minecraft.waterlily":328,"stat.killEntity.Ozelot":10,"stat.mineBlock.minecraft.purple_shulker_box":403,"stat.drop.minecraft.trapdoor":49,"stat.pickup.minecraft.fishing_rod":52,"stat.useItem.minecraft.planks":2369,"stat.pickup.minecraft.porkchop":285,"stat.pickup.minecraft.glass":4196,"stat.drop.minecraft.melon":1877,"stat.useItem.minecraft.pink_shulker_box":7,"stat.useItem.minecraft.water_bucket":2639,"stat.pickup.minecraft.sand":279091,"stat.craftItem.minecraft.dark_oak_fence":138,"stat.pickup.minecraft.hardened_clay":19775,"stat.entityKilledBy.Spider":1,"stat.useItem.minecraft.red_nether_brick":221,"stat.pickup.minecraft.name_tag":43,"stat.drop.minecraft.map":2,"stat.drop.minecraft.hardened_clay":233,"stat.aviateOneCm":587843163,"stat.useItem.minecraft.ender_pearl":213,"stat.craftItem.minecraft.cooked_fish":173,"stat.craftItem.minecraft.blaze_powder":1582,"stat.drop.minecraft.golden_sword":27,"stat.useItem.minecraft.red_glazed_terracotta":335,"stat.useItem.minecraft.oak_stairs":786,"stat.craftItem.minecraft.golden_carrot":128,"stat.mineBlock.minecraft.dark_oak_stairs":85,"stat.useItem.minecraft.dark_oak_stairs":296,"stat.drop.minecraft.stone_slab":3147,"stat.mineBlock.minecraft.birch_stairs":4,"stat.pickup.minecraft.filled_map":50,"stat.pickup.minecraft.furnace":332,"stat.useItem.minecraft.redstone":12312,"stat.mineBlock.minecraft.end_bricks":89,"stat.mineBlock.minecraft.redstone_lamp":109,"stat.pickup.minecraft.iron_chestplate":6,"stat.pickup.minecraft.end_rod":16,"stat.pickup.minecraft.cyan_glazed_terracotta":5,"stat.pickup.minecraft.skull":242,"stat.useItem.minecraft.stone_stairs":969,"stat.craftItem.minecraft.nether_wart_block":91,"stat.mineBlock.minecraft.red_shulker_box":156,"stat.mineBlock.minecraft.brick_stairs":40,"stat.useItem.minecraft.hopper":5806,"stat.craftItem.minecraft.heavy_weighted_pressure_plate":36,"stat.mineBlock.minecraft.oak_stairs":192,"stat.playOneMinute":118368825,"stat.pickup.minecraft.birch_door":8,"stat.drop.minecraft.string":1909,"stat.useItem.minecraft.jungle_stairs":14,"stat.pickup.minecraft.diamond_block":1,"stat.useItem.minecraft.shears":8614,"stat.pickup.minecraft.beacon":19,"stat.mineBlock.minecraft.brown_mushroom_block":51,"stat.pickup.minecraft.iron_bars":844,"stat.pickup.minecraft.dispenser":86,"stat.craftItem.minecraft.pumpkin_pie":40,"stat.drop.minecraft.ice":67,"stat.pickup.minecraft.red_glazed_terracotta":241,"stat.mineBlock.minecraft.dark_oak_fence":38,"stat.craftItem.minecraft.carpet":1326,"stat.mineBlock.minecraft.dispenser":52,"stat.mineBlock.minecraft.netherrack":23089,"stat.craftItem.minecraft.dark_oak_stairs":304,"stat.drop.minecraft.flint":248,"stat.craftItem.minecraft.golden_rail":1146,"stat.useItem.minecraft.quartz_ore":3735,"stat.pickup.minecraft.cooked_chicken":63,"stat.fallOneCm":8153012,"stat.drop.minecraft.dye":5979,"stat.craftItem.minecraft.chest":8059,"stat.useItem.minecraft.nether_brick_fence":52,"stat.craftItem.minecraft.banner":60,"stat.mineBlock.minecraft.lever":149,"stat.pickup.minecraft.red_mushroom":22,"stat.useItem.minecraft.iron_hoe":963,"stat.pickup.minecraft.comparator":276,"stat.drop.minecraft.leaves2":239,"stat.drop.minecraft.gray_glazed_terracotta":10,"stat.pickup.minecraft.feather":232,"stat.pickup.minecraft.record_cat":2,"stat.mineBlock.minecraft.red_nether_brick":18,"stat.drop.minecraft.concrete":439,"stat.mineBlock.minecraft.spruce_fence":14,"stat.useItem.minecraft.yellow_shulker_box":35,"stat.craftItem.minecraft.dark_oak_fence_gate":134,"stat.pickup.minecraft.lead":6,"stat.useItem.minecraft.stone_pickaxe":132,"stat.craftItem.minecraft.birch_stairs":112,"stat.useItem.minecraft.stone_sword":126,"stat.craftItem.minecraft.iron_leggings":1,"stat.killEntity.Rabbit":3,"stat.pickup.minecraft.redstone_ore":1159,"stat.craftItem.minecraft.oak_stairs":764,"stat.pickup.minecraft.chainmail_boots":5,"stat.drop.minecraft.stick":909,"stat.pickup.minecraft.record_13":2,"stat.useItem.minecraft.iron_bars":4725,"stat.mineBlock.minecraft.quartz_stairs":11,"stat.mineBlock.minecraft.monster_egg":22,"stat.useItem.minecraft.bone_block":939,"stat.drop.minecraft.stone_brick_stairs":4,"stat.mineBlock.minecraft.pink_shulker_box":7,"stat.killEntity.LavaSlime":617,"stat.pickup.minecraft.log":26636,"stat.mineBlock.minecraft.golden_rail":671,"stat.craftItem.minecraft.hopper_minecart":29,"stat.pickup.minecraft.tallgrass":3,"stat.pickup.minecraft.chainmail_leggings":1,"stat.pickup.minecraft.wooden_door":42,"stat.entityKilledBy.Enderman":1,"stat.mineBlock.minecraft.iron_block":2648,"stat.drop.minecraft.clay":32,"stat.mineBlock.minecraft.tripwire_hook":7,"stat.killEntity.PolarBear":7,"stat.craftItem.minecraft.snow":462,"stat.pickup.minecraft.diamond_helmet":26,"stat.drop.minecraft.dropper":22,"stat.useItem.minecraft.jungle_door":2,"stat.useItem.minecraft.stone_hoe":95,"stat.useItem.minecraft.beetroot_seeds":1737,"stat.sneakTime":3579454,"stat.mineBlock.minecraft.cobblestone_wall":508,"stat.mineBlock.minecraft.yellow_shulker_box":35,"stat.useItem.minecraft.brewing_stand":12,"stat.useItem.minecraft.beetroot":1,"stat.pickup.minecraft.chest":927,"stat.craftItem.minecraft.enchanting_table":9,"stat.useItem.minecraft.web":4,"stat.drop.minecraft.sugar":41,"stat.pickup.minecraft.stone_pressure_plate":20,"stat.drop.minecraft.beetroot":3429,"stat.pickup.minecraft.lit_pumpkin":416,"stat.useItem.minecraft.repeater":3216,"stat.craftItem.minecraft.lime_glazed_terracotta":64,"stat.drop.minecraft.leather_helmet":3,"stat.craftItem.minecraft.stone_brick_stairs":1300,"stat.craftItem.minecraft.acacia_fence_gate":2,"stat.craftItem.minecraft.iron_trapdoor":32,"stat.swimOneCm":8823124,"stat.mineBlock.minecraft.diamond_block":1,"stat.mineBlock.minecraft.spruce_stairs":441,"stat.craftItem.minecraft.golden_chestplate":1,"stat.drop.minecraft.brown_mushroom":28,"stat.useItem.minecraft.dirt":42967,"stat.pickup.minecraft.purpur_block":119,"stat.pickup.minecraft.enchanting_table":7,"stat.useItem.minecraft.detector_rail":237,"stat.craftItem.minecraft.melon_block":3949,"stat.drop.minecraft.ender_pearl":434,"stat.mineBlock.minecraft.magma":1470,"stat.pickup.minecraft.quartz_stairs":11,"stat.mineBlock.minecraft.carpet":38,"stat.pickup.minecraft.gold_block":9,"stat.drop.minecraft.fence":25,"stat.mineBlock.minecraft.redstone_block":247,"stat.pickup.minecraft.clay":1192,"stat.pickup.minecraft.glass_bottle":32,"stat.drop.minecraft.wheat_seeds":6816,"stat.craftItem.minecraft.wooden_slab":6922,"stat.useItem.minecraft.sign":1006,"stat.drop.minecraft.log":629,"stat.pickup.minecraft.mutton":320,"stat.useItem.minecraft.lever":752,"stat.mineBlock.minecraft.coal_block":25,"stat.pickup.minecraft.dark_oak_door":5,"stat.drop.minecraft.golden_boots":13,"stat.craftItem.minecraft.red_sandstone":1412,"stat.pickup.minecraft.stonebrick":7582,"stat.drop.minecraft.mycelium":229,"stat.pickup.minecraft.redstone_lamp":139,"stat.drop.minecraft.beetroot_seeds":145,"stat.mineBlock.minecraft.nether_brick":2266,"stat.craftItem.minecraft.nether_brick_fence":66,"stat.useItem.minecraft.purpur_pillar":12,"stat.drop.minecraft.log2":134,"stat.craftItem.minecraft.brick_block":913,"stat.craftItem.minecraft.stone_slab2":384,"stat.pickup.minecraft.gray_glazed_terracotta":8,"stat.drop.minecraft.potion":167,"stat.useItem.minecraft.stone_slab":94921,"stat.craftItem.minecraft.jungle_fence_gate":2,"stat.useItem.minecraft.bed":48,"stat.craftItem.minecraft.stone":4112,"stat.craftItem.minecraft.armor_stand":1,"stat.mineBlock.minecraft.crafting_table":108,"stat.useItem.minecraft.diamond_pickaxe":709710,"stat.mineBlock.minecraft.quartz_block":105,"stat.useItem.minecraft.carrot":391,"stat.killEntity.Endermite":12,"stat.useItem.minecraft.bucket":3333,"stat.craftItem.minecraft.pink_glazed_terracotta":56,"stat.pickup.minecraft.stone_button":93,"stat.drop.minecraft.blaze_rod":8,"stat.pickup.minecraft.slime_ball":5650,"stat.useItem.minecraft.purpur_block":36,"stat.mineBlock.minecraft.cyan_shulker_box":54,"stat.craftItem.minecraft.diamond_pickaxe":30,"stat.pickup.minecraft.gravel":14249,"stat.useItem.minecraft.glass_bottle":1453,"stat.useItem.minecraft.diamond_axe":40691,"stat.pickup.minecraft.purpur_stairs":15,"stat.drop.minecraft.spruce_boat":3,"stat.entityKilledBy.Guardian":2,"stat.pickup.minecraft.red_shulker_box":158,"stat.useItem.minecraft.stained_glass_pane":2838,"stat.pickup.minecraft.stone_brick_stairs":400,"stat.drop.minecraft.cooked_porkchop":9,"stat.pickup.minecraft.diamond_sword":34,"stat.craftItem.minecraft.brick_stairs":36,"stat.killEntity.SkeletonHorse":6,"stat.pickup.minecraft.iron_helmet":1,"stat.craftItem.minecraft.birch_boat":4,"stat.pickup.minecraft.black_shulker_box":92,"stat.useItem.minecraft.piston":2010,"stat.craftItem.minecraft.bread":467,"stat.pickup.minecraft.spider_eye":260,"stat.useItem.minecraft.mycelium":254,"stat.useItem.minecraft.stone_button":390,"stat.pickup.minecraft.diamond_ore":181,"stat.useItem.minecraft.cooked_chicken":44,"stat.pickup.minecraft.iron_ore":3232,"stat.pickup.minecraft.snow":5304,"stat.drop.minecraft.pumpkin_pie":28,"stat.mineBlock.minecraft.iron_bars":180,"stat.pickup.minecraft.leaves":6178,"stat.pickup.minecraft.leather":1020,"stat.drop.minecraft.iron_hoe":4,"stat.dispenserInspected":1435,"stat.mineBlock.minecraft.mycelium":3684,"stat.drop.minecraft.red_sandstone":1,"stat.pickup.minecraft.prismarine_crystals":5174,"stat.pickup.minecraft.reeds":2703,"stat.useItem.minecraft.magma":901,"stat.drop.minecraft.cooked_chicken":18,"stat.craftItem.minecraft.glass":60,"stat.craftItem.minecraft.cauldron":173,"stat.sleepInBed":668,"stat.drop.minecraft.shulker_shell":2,"stat.killEntity.Cow":266,"stat.pickup.minecraft.minecart":377,"stat.killEntity.Pig":60,"stat.craftItem.minecraft.iron_sword":3,"stat.pickup.minecraft.piston":491,"stat.breakItem.minecraft.fishing_rod":6,"stat.walkOneCm":129417947,"stat.pickup.minecraft.clay_ball":4309,"stat.mineBlock.minecraft.trapped_chest":326,"stat.useItem.minecraft.dark_oak_fence_gate":131,"stat.useItem.minecraft.emerald_block":177,"stat.pickup.minecraft.purpur_slab":29,"stat.useItem.minecraft.spruce_boat":3,"stat.drop.minecraft.diamond_axe":8,"stat.pickup.minecraft.tnt":121,"stat.drop.minecraft.iron_chestplate":4,"stat.pickup.minecraft.stone":194067,"stat.drop.minecraft.slime":94,"stat.mineBlock.minecraft.wool":4032,"stat.drop.minecraft.diamond_leggings":3,"stat.drop.minecraft.emerald":347,"stat.mineBlock.minecraft.packed_ice":5652,"stat.useItem.minecraft.leaves":3596,"stat.craftItem.minecraft.minecart":246,"stat.pickup.minecraft.gold_ingot":23,"stat.useItem.minecraft.prismarine":90784,"stat.killEntity.Skeleton":974,"stat.mineBlock.minecraft.cactus":13,"stat.drop.minecraft.chainmail_boots":4,"stat.mineBlock.minecraft.redstone_torch":380,"stat.killEntity.Spider":316,"stat.pickup.minecraft.bread":639,"stat.drop.minecraft.end_rod":16,"stat.craftItem.minecraft.spruce_fence":384,"stat.pickup.minecraft.quartz":20961,"stat.pickup.minecraft.birch_fence":3,"stat.pickup.minecraft.blue_glazed_terracotta":9,"stat.pickup.minecraft.water_bucket":32,"stat.drop.minecraft.prismarine":9170,"stat.useItem.minecraft.hopper_minecart":29,"stat.pickup.minecraft.spruce_stairs":359,"stat.mineBlock.minecraft.redstone_ore":3555,"stat.pickup.minecraft.lava_bucket":17,"stat.pickup.minecraft.elytra":35,"stat.craftItem.minecraft.coal_block":277,"stat.drop.minecraft.beef":866,"stat.mineBlock.minecraft.stone":502813,"stat.useItem.minecraft.sandstone":49}