{"stat.craftItem.minecraft.chorus_fruit_popped":742,"stat.useItem.minecraft.bow":2652,"stat.useItem.minecraft.quartz_block":741,"stat.craftItem.minecraft.acacia_boat":19,"stat.useItem.minecraft.painting":5,"stat.drop.minecraft.gunpowder":972,"stat.drop.minecraft.redstone":751,"stat.pickup.minecraft.dark_oak_boat":7,"stat.mineBlock.minecraft.stained_glass":2206,"stat.drop.minecraft.enchanted_book":182,"stat.mineBlock.minecraft.web":128,"stat.drop.minecraft.iron_sword":36,"stat.pickup.minecraft.rotten_flesh":10206,"stat.drop.minecraft.redstone_torch":13,"stat.useItem.minecraft.diamond_hoe":726,"stat.mineBlock.minecraft.purpur_stairs":18,"stat.drop.minecraft.golden_horse_armor":1,"stat.drop.minecraft.leather_boots":114,"stat.useItem.minecraft.vine":73,"stat.pickup.minecraft.cobblestone_wall":524,"stat.pickup.minecraft.bucket":15,"stat.useItem.minecraft.rail":2041,"stat.killEntity.Enderman":160059,"stat.drop.minecraft.elytra":5,"stat.useItem.minecraft.anvil":41,"stat.craftItem.minecraft.iron_shovel":19,"stat.mineBlock.minecraft.emerald_block":3,"stat.pickup.minecraft.brown_mushroom":420,"stat.breakItem.minecraft.bow":1,"stat.mineBlock.minecraft.end_stone":978,"stat.useItem.minecraft.spider_eye":1,"stat.useItem.minecraft.iron_pickaxe":8060,"stat.pickup.minecraft.stained_hardened_clay":28072,"stat.drop.minecraft.sandstone_stairs":22,"stat.pickup.minecraft.double_plant":1673,"stat.mineBlock.minecraft.green_glazed_terracotta":67,"stat.craftItem.minecraft.glass_pane":624,"stat.useItem.minecraft.hardened_clay":770,"stat.mineBlock.minecraft.sticky_piston":33,"stat.furnaceInteraction":3581,"stat.useItem.minecraft.nether_wart":3438,"stat.mineBlock.minecraft.chorus_plant":130,"stat.pickup.minecraft.nether_brick":353,"stat.entityKilledBy.WitherSkeleton":1,"stat.pickup.minecraft.sponge":534,"stat.craftItem.minecraft.leather_helmet":7,"stat.useItem.minecraft.green_shulker_box":127,"stat.useItem.minecraft.end_stone":791,"stat.mineBlock.minecraft.wooden_button":2,"stat.drop.minecraft.cactus":325,"stat.pickup.minecraft.hay_block":34,"stat.pickup.minecraft.cyan_shulker_box":182,"stat.drop.minecraft.magma":4,"stat.useItem.minecraft.fence":264,"stat.drop.minecraft.furnace":14,"stat.useItem.minecraft.acacia_fence":18,"stat.craftItem.minecraft.daylight_detector":527,"stat.mineBlock.minecraft.sponge":507,"stat.useItem.minecraft.cauldron":10,"stat.mineBlock.minecraft.fence":402,"stat.useItem.minecraft.flint_and_steel":253,"stat.useItem.minecraft.wheat_seeds":5592,"stat.mineBlock.minecraft.sea_lantern":54,"stat.drop.minecraft.cooked_fish":32,"stat.killEntity.Husk":86,"stat.pickup.minecraft.emerald":47,"stat.pickup.minecraft.lever":216,"stat.deaths":191,"stat.pickup.minecraft.egg":239,"stat.craftItem.minecraft.melon_seeds":12,"stat.mineBlock.minecraft.brown_shulker_box":124,"stat.craftItem.minecraft.item_frame":252,"stat.craftItem.minecraft.wooden_shovel":11,"stat.craftItem.minecraft.iron_pickaxe":36,"stat.pickup.minecraft.glass_pane":4,"stat.pickup.minecraft.item_frame":164,"stat.pickup.minecraft.sea_lantern":167,"stat.craftItem.minecraft.repeater":307,"stat.drop.minecraft.iron_ingot":152,"stat.craftItem.minecraft.cooked_mutton":3125,"stat.fishCaught":2,"stat.pickup.minecraft.cooked_mutton":1872,"stat.chestOpened":34528,"stat.useItem.minecraft.lapis_ore":80,"stat.craftItem.minecraft.mossy_cobblestone":148,"stat.craftItem.minecraft.sign":495,"stat.useItem.minecraft.jungle_fence":133,"stat.pickup.minecraft.iron_sword":10,"stat.killEntity.Vex":1,"stat.pickup.minecraft.lapis_ore":85,"stat.craftItem.minecraft.quartz_block":5108,"stat.pickup.minecraft.gold_nugget":73,"stat.pickup.minecraft.chorus_flower":189,"stat.drop.minecraft.banner":4,"stat.craftItem.minecraft.coal":6256,"stat.drop.minecraft.dark_oak_stairs":63,"stat.craftItem.minecraft.ender_chest":45,"stat.pickup.minecraft.carrot":492,"stat.drop.minecraft.stone_sword":13,"stat.crouchOneCm":35432386,"stat.pickup.minecraft.rail":1351,"stat.craftItem.minecraft.diamond":288,"stat.craftItem.minecraft.iron_ingot":33731,"stat.pickup.minecraft.ender_chest":697,"stat.drop.minecraft.slime_ball":1739,"stat.craftingTableInteraction":4462,"stat.mineBlock.minecraft.wooden_pressure_plate":6,"stat.useItem.minecraft.light_blue_shulker_box":639,"stat.pickup.minecraft.repeater":201,"stat.mineBlock.minecraft.log2":28242,"stat.pickup.minecraft.wooden_pickaxe":2,"stat.drop.minecraft.double_plant":28,"stat.useItem.minecraft.dark_oak_fence":12,"stat.drop.minecraft.rabbit":4,"stat.pickup.minecraft.dye":17386,"stat.mineBlock.minecraft.jungle_fence":24,"stat.pickup.minecraft.planks":3664,"stat.drop.minecraft.minecart":19,"stat.mineBlock.minecraft.blue_glazed_terracotta":4,"stat.drop.minecraft.soul_sand":177,"stat.drop.minecraft.carpet":1231,"stat.mineBlock.minecraft.ender_chest":644,"stat.pickup.minecraft.ice":15382,"stat.mineBlock.minecraft.daylight_detector":2,"stat.flowerPotted":15,"stat.drop.minecraft.rotten_flesh":38685,"stat.pickup.minecraft.magma":559,"stat.mineBlock.minecraft.activator_rail":1,"stat.drop.minecraft.coal_ore":982,"stat.drop.minecraft.iron_door":4,"stat.drop.minecraft.glass_pane":95,"stat.drop.minecraft.iron_ore":608,"stat.useItem.minecraft.yellow_flower":3,"stat.drop.minecraft.sapling":367,"stat.pickup.minecraft.chicken":64,"stat.drop.minecraft.gold_nugget":32,"stat.pickup.minecraft.tipped_arrow":10,"stat.pickup.minecraft.end_stone":1086,"stat.useItem.minecraft.glass_pane":245,"stat.drop.minecraft.fish":50,"stat.pickup.minecraft.coal_block":137,"stat.craftItem.minecraft.bucket":111,"stat.craftItem.minecraft.planks":56832,"stat.useItem.minecraft.iron_sword":208,"stat.mineBlock.minecraft.prismarine":87,"stat.craftItem.minecraft.dirt":12848,"stat.pickup.minecraft.stone_sword":15,"stat.craftItem.minecraft.fishing_rod":4,"stat.useItem.minecraft.daylight_detector":508,"stat.useItem.minecraft.stonebrick":1925,"stat.pickup.minecraft.book":59,"stat.craftItem.minecraft.wooden_door":3,"stat.useItem.minecraft.green_glazed_terracotta":70,"stat.mineBlock.minecraft.waterlily":28,"stat.drop.minecraft.leather_leggings":117,"stat.pickup.minecraft.iron_door":7,"stat.pickup.minecraft.red_nether_brick":102,"stat.pickup.minecraft.cooked_fish":422,"stat.craftItem.minecraft.spruce_door":6,"stat.pickup.minecraft.tripwire_hook":47,"stat.mineBlock.minecraft.magenta_glazed_terracotta":1,"stat.drop.minecraft.lapis_ore":1,"stat.pickup.minecraft.bookshelf":79,"stat.pickup.minecraft.spruce_fence_gate":85,"stat.mineBlock.minecraft.pumpkin":59,"stat.mineBlock.minecraft.cobblestone":7166,"stat.useItem.minecraft.beacon":33,"stat.pickup.minecraft.flint":2805,"stat.craftItem.minecraft.quartz_stairs":668,"stat.breakItem.minecraft.diamond_leggings":2,"stat.pickup.minecraft.leather_chestplate":36,"stat.mineBlock.minecraft.concrete":78164,"stat.pickup.minecraft.flower_pot":8,"stat.mineBlock.minecraft.stained_glass_pane":1093,"stat.drop.minecraft.purpur_slab":13,"stat.drop.minecraft.end_bricks":41,"stat.pickup.minecraft.lime_shulker_box":729,"stat.craftItem.minecraft.clock":2,"stat.drop.minecraft.cobblestone":22007,"stat.useItem.minecraft.chorus_flower":81,"stat.pickup.minecraft.cooked_porkchop":109,"stat.useItem.minecraft.coal_block":89,"stat.breakItem.minecraft.iron_pickaxe":30,"stat.mineBlock.minecraft.dropper":3,"stat.pickup.minecraft.iron_boots":7,"stat.pickup.minecraft.diamond_horse_armor":2,"stat.pickup.minecraft.stone_hoe":2,"stat.craftItem.minecraft.furnace":330,"stat.craftItem.minecraft.lapis_block":517,"stat.drop.minecraft.daylight_detector":11,"stat.drop.minecraft.golden_helmet":113,"stat.pickup.minecraft.map":24,"stat.craftItem.minecraft.iron_boots":5,"stat.pickup.minecraft.green_glazed_terracotta":67,"stat.useItem.minecraft.spruce_fence_gate":29,"stat.drop.minecraft.record_cat":1,"stat.mineBlock.minecraft.clay":246,"stat.mineBlock.minecraft.noteblock":2,"stat.pickup.minecraft.diamond_leggings":128,"stat.drop.minecraft.iron_helmet":10,"stat.drop.minecraft.chainmail_chestplate":28,"stat.drop.minecraft.snow_layer":316,"stat.useItem.minecraft.melon_block":4,"stat.useItem.minecraft.wooden_slab":7689,"stat.drop.minecraft.spider_eye":454,"stat.craftItem.minecraft.beacon":4,"stat.useItem.minecraft.iron_door":5,"stat.craftItem.minecraft.iron_block":2262,"stat.craftItem.minecraft.stonebrick":14741,"stat.useItem.minecraft.brown_shulker_box":128,"stat.breakItem.minecraft.diamond_pickaxe":16,"stat.pickup.minecraft.light_blue_glazed_terracotta":758,"stat.craftItem.minecraft.end_rod":1180,"stat.drop.minecraft.stained_glass":602,"stat.drop.minecraft.flint_and_steel":8,"stat.drop.minecraft.wool":544,"stat.killEntity.Creeper":931,"stat.useItem.minecraft.armor_stand":42,"stat.useItem.minecraft.silver_shulker_box":164,"stat.pickup.minecraft.brown_shulker_box":134,"stat.entityKilledBy.Skeleton":17,"stat.drop.minecraft.obsidian":59,"stat.drop.minecraft.birch_fence":37,"stat.drop.minecraft.oak_stairs":1,"stat.pickup.minecraft.birch_stairs":2,"stat.killEntity.Squid":1722,"stat.useItem.minecraft.dropper":21,"stat.sprintOneCm":173425208,"stat.useItem.minecraft.diamond_block":19,"stat.mineBlock.minecraft.stone_slab":5723,"stat.useItem.minecraft.hay_block":52,"stat.drop.minecraft.leather":2315,"stat.drop.minecraft.dark_oak_door":4,"stat.drop.minecraft.stone_hoe":4,"stat.useItem.minecraft.snowball":12,"stat.drop.minecraft.cauldron":2,"stat.pickup.minecraft.leather_leggings":44,"stat.drop.minecraft.cobblestone_wall":210,"stat.pickup.minecraft.sugar":67,"stat.pickup.minecraft.vine":688,"stat.craftItem.minecraft.leather_chestplate":38,"stat.useItem.minecraft.cake":9,"stat.useItem.minecraft.banner":118,"stat.entityKilledBy.Slime":9,"stat.drop.minecraft.golden_rail":66,"stat.craftItem.minecraft.emerald":7068,"stat.pickup.minecraft.iron_block":4162,"stat.killEntity.Zombie":12715,"stat.craftItem.minecraft.dye":64575,"stat.craftItem.minecraft.diamond_axe":12,"stat.mineBlock.minecraft.gold_ore":1164,"stat.pickup.minecraft.fire_charge":3,"stat.drop.minecraft.diamond_pickaxe":9,"stat.craftItem.minecraft.slime_ball":782,"stat.pickup.minecraft.wheat":5796,"stat.craftItem.minecraft.sandstone":651,"stat.mineBlock.minecraft.mossy_cobblestone":672,"stat.drop.minecraft.stone_stairs":343,"stat.drop.minecraft.purpur_stairs":15,"stat.pickup.minecraft.sign":169,"stat.drop.minecraft.bookshelf":1,"stat.craftItem.minecraft.cooked_porkchop":167,"stat.pickup.minecraft.obsidian":9870,"stat.useItem.minecraft.heavy_weighted_pressure_plate":11,"stat.useItem.minecraft.iron_trapdoor":6077,"stat.pickup.minecraft.coal":21121,"stat.pickup.minecraft.iron_ingot":1251,"stat.useItem.minecraft.dark_oak_boat":8,"stat.craftItem.minecraft.lever":198,"stat.drop.minecraft.diamond_sword":10,"stat.pickup.minecraft.gunpowder":3116,"stat.pickup.minecraft.dirt":186891,"stat.useItem.minecraft.coal_ore":1539,"stat.drop.minecraft.iron_shovel":43,"stat.craftItem.minecraft.sponge":338,"stat.useItem.minecraft.dispenser":16,"stat.mineBlock.minecraft.lapis_ore":563,"stat.pickup.minecraft.iron_axe":15,"stat.pickup.minecraft.cookie":6,"stat.brewingstandInteraction":303,"stat.useItem.minecraft.stone_brick_stairs":4674,"stat.mineBlock.minecraft.red_flower":2678,"stat.mineBlock.minecraft.torch":13853,"stat.pickup.minecraft.written_book":22,"stat.tradedWithVillager":6556,"stat.pickup.minecraft.magma_cream":135,"stat.noteblockTuned":57,"stat.craftItem.minecraft.comparator":130,"stat.craftItem.minecraft.sea_lantern":12,"stat.craftItem.minecraft.glowstone":351,"stat.useItem.minecraft.slime":2217,"stat.useItem.minecraft.birch_fence":10,"stat.mineBlock.minecraft.fence_gate":2,"stat.pickup.minecraft.diamond_axe":125,"stat.pickup.minecraft.rabbit_hide":5,"stat.useItem.minecraft.snow_layer":537,"stat.pickup.minecraft.shulker_shell":826,"stat.drop.minecraft.emerald_block":2,"stat.mineBlock.minecraft.birch_fence":116,"stat.pickup.minecraft.green_shulker_box":139,"stat.drop.minecraft.item_frame":23,"stat.drop.minecraft.wheat":67,"stat.pickup.minecraft.diamond_pickaxe":173,"stat.useItem.minecraft.pumpkin":46,"stat.useItem.minecraft.tnt":66,"stat.useItem.minecraft.gold_ore":1,"stat.useItem.minecraft.lava_bucket":6,"stat.pickup.minecraft.rabbit_foot":1,"stat.drop.minecraft.netherrack":18565,"stat.useItem.minecraft.melon":9,"stat.craftItem.minecraft.wheat":720,"stat.useItem.minecraft.item_frame":283,"stat.useItem.minecraft.stained_hardened_clay":107779,"stat.drop.minecraft.egg":55,"stat.useItem.minecraft.redstone_ore":123,"stat.pickup.minecraft.cooked_beef":4489,"stat.useItem.minecraft.concrete":59939,"stat.drop.minecraft.nether_brick":25,"stat.drop.minecraft.lever":156,"stat.mineBlock.minecraft.purpur_slab":21,"stat.pickup.minecraft.dark_oak_stairs":400,"stat.mobKills":200623,"stat.pickup.minecraft.diamond_boots":143,"stat.mineBlock.minecraft.bookshelf":44,"stat.drop.minecraft.written_book":6,"stat.useItem.minecraft.boat":14,"stat.craftItem.minecraft.lead":18,"stat.useItem.minecraft.mossy_cobblestone":145,"stat.pickup.minecraft.diamond":1189,"stat.pickup.minecraft.beetroot_seeds":25,"stat.craftItem.minecraft.nether_brick_stairs":84,"stat.craftItem.minecraft.spruce_stairs":1648,"stat.craftItem.minecraft.map":49,"stat.useItem.minecraft.string":253,"stat.drop.minecraft.mutton":20,"stat.useItem.minecraft.bookshelf":44,"stat.useItem.minecraft.soul_sand":954,"stat.killEntity.Blaze":515,"stat.drop.minecraft.shield":3,"stat.drop.minecraft.skull":32,"stat.useItem.minecraft.gray_shulker_box":330,"stat.pickup.minecraft.golden_boots":41,"stat.pickup.minecraft.glowstone_dust":1535,"stat.drop.minecraft.wooden_door":2,"stat.mineBlock.minecraft.white_shulker_box":52,"stat.mineBlock.minecraft.red_mushroom":2,"stat.mineBlock.minecraft.stone_brick_stairs":1007,"stat.mineBlock.minecraft.nether_brick_fence":2,"stat.drop.minecraft.golden_leggings":128,"stat.pickup.minecraft.splash_potion":12,"stat.craftItem.minecraft.fire_charge":15,"stat.pickup.minecraft.observer":117,"stat.craftItem.minecraft.cobblestone_wall":2506,"stat.craftItem.minecraft.stone_sword":2,"stat.mineBlock.minecraft.snow_layer":2486,"stat.pickup.minecraft.chainmail_chestplate":12,"stat.mineBlock.minecraft.sand":119685,"stat.craftItem.minecraft.wooden_hoe":3,"stat.craftItem.minecraft.slime":1437,"stat.hopperInspected":592,"stat.useItem.minecraft.fence_gate":3,"stat.drop.minecraft.diamond":3,"stat.pickup.minecraft.packed_ice":7523,"stat.breakItem.minecraft.flint_and_steel":2,"stat.pickup.minecraft.ghast_tear":57,"stat.craftItem.minecraft.birch_door":9,"stat.pickup.minecraft.armor_stand":5,"stat.trappedChestTriggered":3901,"stat.mineBlock.minecraft.gray_shulker_box":321,"stat.drop.minecraft.rail":25,"stat.drop.minecraft.diamond_block":5,"stat.craftItem.minecraft.observer":336,"stat.drop.minecraft.spruce_door":4,"stat.craftItem.minecraft.pumpkin_seeds":20,"stat.pickup.minecraft.wooden_button":10,"stat.drop.minecraft.purple_shulker_box":5,"stat.mineBlock.minecraft.lapis_block":1,"stat.drop.minecraft.wooden_pressure_plate":3,"stat.useItem.minecraft.minecart":23,"stat.useItem.minecraft.cooked_mutton":3222,"stat.drop.minecraft.stained_hardened_clay":4388,"stat.drop.minecraft.diamond_helmet":3,"stat.drop.minecraft.wooden_button":18,"stat.drop.minecraft.fishing_rod":9,"stat.drop.minecraft.pumpkin_seeds":2,"stat.pickup.minecraft.stone_stairs":2157,"stat.craftItem.minecraft.fence_gate":1,"stat.pickup.minecraft.pumpkin_seeds":30,"stat.drop.minecraft.fireworks":253,"stat.drop.minecraft.jungle_boat":1,"stat.drop.minecraft.snowball":394,"stat.pickup.minecraft.saddle":15,"stat.mineBlock.minecraft.soul_sand":2115,"stat.pickup.minecraft.mycelium":1931,"stat.pickup.minecraft.blaze_rod":119,"stat.craftItem.minecraft.diamond_block":94,"stat.drop.minecraft.chest":19,"stat.drop.minecraft.white_shulker_box":2,"stat.useItem.minecraft.gray_glazed_terracotta":4,"stat.pickup.minecraft.netherrack":36142,"stat.pickup.minecraft.pumpkin":203,"stat.pickup.minecraft.spruce_door":3,"stat.useItem.minecraft.fish":11,"stat.drop.minecraft.hopper":38,"stat.pickup.minecraft.waterlily":3,"stat.useItem.minecraft.sponge":337,"stat.mineBlock.minecraft.ice":28333,"stat.craftItem.minecraft.redstone_torch":1649,"stat.pickup.minecraft.detector_rail":5,"stat.useItem.minecraft.packed_ice":1405,"stat.mineBlock.minecraft.gold_block":340,"stat.craftItem.minecraft.iron_hoe":4,"stat.drop.minecraft.stone":37025,"stat.useItem.minecraft.trapped_chest":109,"stat.pickup.minecraft.melon_seeds":29,"stat.drop.minecraft.gold_ore":50,"stat.pickup.minecraft.dropper":11,"stat.useItem.minecraft.black_shulker_box":45,"stat.drop.minecraft.book":20,"stat.pickup.minecraft.golden_leggings":35,"stat.pickup.minecraft.melon":48,"stat.drop.minecraft.stained_glass_pane":1088,"stat.drop.minecraft.milk_bucket":1,"stat.dropperInspected":238,"stat.mineBlock.minecraft.nether_wart_block":14,"stat.pickup.minecraft.heavy_weighted_pressure_plate":1,"stat.pickup.minecraft.emerald_ore":11,"stat.useItem.minecraft.golden_rail":533,"stat.craftItem.minecraft.detector_rail":6,"stat.drop.minecraft.bone":806,"stat.craftItem.minecraft.wooden_button":73,"stat.useItem.minecraft.furnace":157,"stat.pickup.minecraft.slime":957,"stat.pickup.minecraft.iron_leggings":15,"stat.mineBlock.minecraft.snow":100,"stat.mineBlock.minecraft.gravel":103264,"stat.mineBlock.minecraft.beacon":29,"stat.drop.minecraft.magenta_glazed_terracotta":2,"stat.useItem.minecraft.wool":6005,"stat.drop.minecraft.reeds":140,"stat.drop.minecraft.iron_axe":6,"stat.pickup.minecraft.flint_and_steel":4,"stat.mineBlock.minecraft.green_shulker_box":133,"stat.drop.minecraft.record_13":1,"stat.useItem.minecraft.torch":53850,"stat.pickup.minecraft.golden_apple":12,"stat.craftItem.minecraft.redstone_block":1630,"stat.craftItem.minecraft.stone_stairs":11244,"stat.pickup.minecraft.crafting_table":185,"stat.useItem.minecraft.log":7466,"stat.useItem.minecraft.comparator":45,"stat.drop.minecraft.tallgrass":213,"stat.craftItem.minecraft.crafting_table":119,"stat.drop.minecraft.end_stone":9,"stat.pickup.minecraft.magenta_glazed_terracotta":2,"stat.craftItem.minecraft.boat":14,"stat.mineBlock.minecraft.emerald_ore":21,"stat.pickup.minecraft.redstone_block":338,"stat.useItem.minecraft.cooked_fish":388,"stat.drop.minecraft.sign":186,"stat.useItem.minecraft.nether_wart_block":323,"stat.pickup.minecraft.compass":1,"stat.drop.minecraft.stonebrick":226,"stat.craftItem.minecraft.stone_button":456,"stat.drop.minecraft.planks":535,"stat.pickup.minecraft.web":193,"stat.pickup.minecraft.sapling":8207,"stat.drop.minecraft.gray_shulker_box":1,"stat.drop.minecraft.melon_seeds":6,"stat.useItem.minecraft.birch_door":7,"stat.drop.minecraft.bow":320,"stat.pickup.minecraft.beetroot":78,"stat.drop.minecraft.golden_chestplate":84,"stat.killEntity.WitherSkeleton":179,"stat.useItem.minecraft.wooden_pressure_plate":4,"stat.pickup.minecraft.golden_sword":3,"stat.craftItem.minecraft.sugar":236,"stat.drop.minecraft.cake":2,"stat.pickup.minecraft.rabbit":4,"stat.mineBlock.minecraft.orange_shulker_box":225,"stat.drop.minecraft.bucket":24,"stat.craftItem.minecraft.spruce_fence_gate":248,"stat.useItem.minecraft.baked_potato":91,"stat.drop.minecraft.yellow_flower":400,"stat.pickup.minecraft.stone_slab":8650,"stat.pickup.minecraft.yellow_flower":529,"stat.pickup.minecraft.golden_rail":649,"stat.drop.minecraft.wooden_axe":1,"stat.useItem.minecraft.fishing_rod":60,"stat.drop.minecraft.stone_pickaxe":1,"stat.craftItem.minecraft.diamond_chestplate":4,"stat.pickup.minecraft.bone":2640,"stat.craftItem.minecraft.sticky_piston":284,"stat.pickup.minecraft.redstone_torch":426,"stat.horseOneCm":163766,"stat.drop.minecraft.tripwire_hook":1,"stat.useItem.minecraft.log2":19589,"stat.drop.minecraft.glowstone_dust":27,"stat.mineBlock.minecraft.slime":338,"stat.drop.minecraft.red_mushroom":18,"stat.drop.minecraft.mossy_cobblestone":52,"stat.mineBlock.minecraft.black_shulker_box":28,"stat.drop.minecraft.prismarine_crystals":64,"stat.mineBlock.minecraft.brown_mushroom":66,"stat.mineBlock.minecraft.acacia_fence":18,"stat.useItem.minecraft.diamond_sword":96689,"stat.craftItem.minecraft.diamond_helmet":7,"stat.climbOneCm":2063076,"stat.useItem.minecraft.end_rod":980,"stat.craftItem.minecraft.gold_block":40,"stat.enderchestOpened":6374,"stat.useItem.minecraft.redstone_torch":411,"stat.pickup.minecraft.golden_helmet":32,"stat.craftItem.minecraft.purple_shulker_box":368,"stat.drop.minecraft.quartz":75,"stat.drop.minecraft.brick":4,"stat.useItem.minecraft.jungle_boat":5,"stat.useItem.minecraft.red_flower":461,"stat.pickup.minecraft.cooked_rabbit":3,"stat.drop.minecraft.web":90,"stat.pickup.minecraft.daylight_detector":2,"stat.useItem.minecraft.magenta_shulker_box":316,"stat.craftItem.minecraft.bone_block":151,"stat.pickup.minecraft.anvil":26,"stat.useItem.minecraft.leaves2":11800,"stat.mineBlock.minecraft.black_glazed_terracotta":53,"stat.useItem.minecraft.iron_ore":63,"stat.craftItem.minecraft.trapdoor":152,"stat.craftItem.minecraft.stone_pickaxe":3,"stat.pickup.minecraft.cobblestone":95979,"stat.drop.minecraft.rabbit_hide":5,"stat.craftItem.minecraft.glass_bottle":363,"stat.pickup.minecraft.soul_sand":2153,"stat.useItem.minecraft.cooked_beef":6699,"stat.pickup.minecraft.cactus":2152,"stat.pickup.minecraft.dragon_egg":7,"stat.pickup.minecraft.redstone":17873,"stat.craftItem.minecraft.dispenser":14,"stat.mineBlock.minecraft.iron_ore":7669,"stat.craftItem.minecraft.book":636,"stat.drop.minecraft.name_tag":16,"stat.pickup.minecraft.mossy_cobblestone":573,"stat.craftItem.minecraft.cake":7,"stat.drop.minecraft.coal":328,"stat.pickup.minecraft.cake":7,"stat.drop.minecraft.iron_bars":123,"stat.drop.minecraft.dirt":7749,"stat.pickup.minecraft.iron_shovel":28,"stat.useItem.minecraft.cooked_porkchop":165,"stat.pickup.minecraft.carpet":5503,"stat.pickup.minecraft.trapdoor":73,"stat.pickup.minecraft.diamond_shovel":126,"stat.craftItem.minecraft.acacia_fence":144,"stat.useItem.minecraft.chest_minecart":13,"stat.mineBlock.minecraft.lime_shulker_box":721,"stat.useItem.minecraft.sea_lantern":60,"stat.craftItem.minecraft.snow_layer":904,"stat.pickup.minecraft.silver_shulker_box":159,"stat.pickup.minecraft.nether_star":4,"stat.useItem.minecraft.spruce_fence":1047,"stat.pickup.minecraft.sandstone_stairs":4,"stat.craftItem.minecraft.chest_minecart":13,"stat.pickup.minecraft.paper":688,"stat.craftItem.minecraft.stick":19460,"stat.craftItem.minecraft.stained_hardened_clay":103060,"stat.craftItem.minecraft.gold_nugget":288,"stat.pickup.minecraft.grass":71947,"stat.useItem.minecraft.stone_pressure_plate":76,"stat.drop.minecraft.leaves":1110,"stat.breakItem.minecraft.iron_hoe":3,"stat.pickup.minecraft.golden_horse_armor":5,"stat.pickup.minecraft.diamond_chestplate":17,"stat.entityKilledBy.Creeper":31,"stat.drop.minecraft.tipped_arrow":2,"stat.breakItem.minecraft.shears":489,"stat.pickup.minecraft.blue_shulker_box":154,"stat.mineBlock.minecraft.planks":3380,"stat.drop":14077,"stat.pickup.minecraft.jukebox":1,"stat.killEntity.Sheep":1343,"stat.drop.minecraft.iron_boots":9,"stat.pickup.minecraft.golden_chestplate":19,"stat.useItem.minecraft.melon_seeds":19,"stat.drop.minecraft.bread":14,"stat.useItem.minecraft.light_blue_glazed_terracotta":1266,"stat.pickup.minecraft.purpur_pillar":42,"stat.drop.minecraft.nether_wart":41,"stat.craftItem.minecraft.piston":332,"stat.useItem.minecraft.quartz_stairs":734,"stat.drop.minecraft.cooked_beef":89,"stat.pickup.minecraft.black_glazed_terracotta":24,"stat.killEntity.Slime":8430,"stat.mineBlock.minecraft.anvil":25,"stat.useItem.minecraft.lime_shulker_box":730,"stat.useItem.minecraft.blue_glazed_terracotta":51,"stat.pickup.minecraft.purple_shulker_box":3150,"stat.useItem.minecraft.waterlily":3,"stat.useItem.minecraft.apple":101,"stat.mineBlock.minecraft.deadbush":46,"stat.useItem.minecraft.black_glazed_terracotta":57,"stat.drop.minecraft.chainmail_helmet":25,"stat.useItem.minecraft.porkchop":11,"stat.useItem.minecraft.carpet":27290,"stat.useItem.minecraft.potion":36,"stat.mineBlock.minecraft.purpur_pillar":46,"stat.useItem.minecraft.flower_pot":28,"stat.pickup.minecraft.fence":688,"stat.craftItem.minecraft.iron_helmet":2,"stat.craftItem.minecraft.rail":720,"stat.drop.minecraft.bed":3,"stat.drop.minecraft.glass":457,"stat.boatOneCm":2296768,"stat.drop.minecraft.magma_cream":8,"stat.craftItem.minecraft.flint_and_steel":12,"stat.mineBlock.minecraft.leaves2":15007,"stat.mineBlock.minecraft.stone_stairs":905,"stat.craftItem.minecraft.iron_bars":1936,"stat.mineBlock.minecraft.furnace":53,"stat.pickup.minecraft.dark_oak_fence":20,"stat.pickup.minecraft.prismarine_shard":3,"stat.drop.minecraft.stone_button":52,"stat.pickup.minecraft.end_crystal":4,"stat.drop.minecraft.water_bucket":19,"stat.killEntity.CaveSpider":12,"stat.craftItem.minecraft.netherbrick":256,"stat.pickup.minecraft.oak_stairs":66,"stat.pickup.minecraft.emerald_block":5,"stat.pickup.minecraft.stained_glass":2223,"stat.damageDealt":7186496,"stat.craftItem.minecraft.anvil":22,"stat.pickup.minecraft.end_bricks":52,"stat.mineBlock.minecraft.nether_brick_stairs":4,"stat.useItem.minecraft.crafting_table":189,"stat.pickup.minecraft.boat":4,"stat.pickup.minecraft.stick":1950,"stat.drop.minecraft.vine":7,"stat.breakItem.minecraft.stone_pickaxe":2,"stat.drop.minecraft.iron_block":36,"stat.craftItem.minecraft.diamond_boots":5,"stat.craftItem.minecraft.writable_book":21,"stat.useItem.minecraft.redstone_block":15,"stat.drop.minecraft.leather_chestplate":99,"stat.useItem.minecraft.spruce_stairs":1067,"stat.craftItem.minecraft.redstone":5442,"stat.pickup.minecraft.chorus_fruit":832,"stat.useItem.minecraft.cactus":330,"stat.craftItem.minecraft.red_nether_brick":742,"stat.drop.minecraft.purpur_block":64,"stat.drop.minecraft.deadbush":1,"stat.killEntity.Chicken":32,"stat.drop.minecraft.crafting_table":36,"stat.useItem.minecraft.iron_block":4016,"stat.mineBlock.minecraft.quartz_ore":12136,"stat.pickup.minecraft.concrete_powder":39737,"stat.craftItem.minecraft.tnt":492,"stat.drop.minecraft.chest_minecart":1,"stat.entityKilledBy.ElderGuardian":2,"stat.drop.minecraft.filled_map":21,"stat.pickup.minecraft.dragon_breath":161,"stat.craftItem.minecraft.fence":477,"stat.craftItem.minecraft.jungle_fence":90,"stat.entityKilledBy.Husk":2,"stat.useItem.minecraft.golden_apple":33,"stat.mineBlock.minecraft.leaves":114318,"stat.mineBlock.minecraft.piston":63,"stat.mineBlock.minecraft.bone_block":51,"stat.mineBlock.minecraft.hay_block":6,"stat.drop.minecraft.lime_shulker_box":1,"stat.useItem.minecraft.map":15,"stat.craftItem.minecraft.tripwire_hook":156,"stat.beaconInteraction":68,"stat.drop.minecraft.dark_oak_boat":1,"stat.pickup.minecraft.wooden_slab":2232,"stat.craftItem.minecraft.diamond_hoe":1,"stat.leaveGame":1945,"stat.pickup.minecraft.jungle_fence":81,"stat.useItem.minecraft.glowstone":635,"stat.mineBlock.minecraft.sandstone":408,"stat.craftItem.minecraft.ender_eye":58,"stat.breakItem.minecraft.wooden_sword":1,"stat.killEntity.PigZombie":36,"stat.craftItem.minecraft.shield":9,"stat.craftItem.minecraft.stone_pressure_plate":108,"stat.drop.minecraft.feather":41,"stat.entityKilledBy.PigZombie":6,"stat.mineBlock.minecraft.birch_fence_gate":1,"stat.pickup.minecraft.leaves2":13688,"stat.useItem.minecraft.sandstone_stairs":74,"stat.pickup.minecraft.brick_block":52,"stat.mineBlock.minecraft.wooden_slab":1605,"stat.pickup.minecraft.leather_boots":49,"stat.killEntity.Witch":69,"stat.drop.minecraft.sand":1606,"stat.killEntity.MushroomCow":99,"stat.craftItem.minecraft.wooden_pickaxe":1,"stat.craftItem.minecraft.iron_door":3,"stat.useItem.minecraft.iron_shovel":3666,"stat.drop.minecraft.chainmail_leggings":36,"stat.mineBlock.minecraft.brick_block":52,"stat.drop.minecraft.cooked_mutton":120,"stat.craftItem.minecraft.bed":12,"stat.drop.minecraft.wooden_shovel":3,"stat.mineBlock.minecraft.hopper":205,"stat.pickup.minecraft.melon_block":45,"stat.mineBlock.minecraft.vine":750,"stat.drop.minecraft.gravel":2871,"stat.mineBlock.minecraft.rail":752,"stat.useItem.minecraft.pumpkin_seeds":24,"stat.killEntity.ZombieVillager":190,"stat.noteblockPlayed":2,"stat.drop.minecraft.red_flower":551,"stat.useItem.minecraft.double_plant":20,"stat.pickup.minecraft.prismarine":206,"stat.pickup.minecraft.beef":5121,"stat.pickup.minecraft.leather_helmet":26,"stat.pickup.minecraft.cauldron":8,"stat.useItem.minecraft.trapdoor":90,"stat.mineBlock.minecraft.stained_hardened_clay":28224,"stat.useItem.minecraft.blue_shulker_box":154,"stat.useItem.minecraft.stained_glass":14161,"stat.craftItem.minecraft.prismarine":138,"stat.drop.minecraft.stone_pressure_plate":6,"stat.drop.minecraft.lead":11,"stat.useItem.minecraft.dark_oak_door":3,"stat.useItem.minecraft.ice":20876,"stat.pickup.minecraft.magenta_shulker_box":314,"stat.pickup.minecraft.potion":18,"stat.mineBlock.minecraft.dark_oak_fence_gate":1,"stat.useItem.minecraft.wooden_button":13,"stat.craftItem.minecraft.dropper":33,"stat.useItem.minecraft.dye":10708,"stat.useItem.minecraft.beef":3,"stat.mineBlock.minecraft.stone_pressure_plate":4,"stat.useItem.minecraft.nether_brick":105,"stat.drop.minecraft.torch":1199,"stat.drop.minecraft.glass_bottle":51,"stat.useItem.minecraft.jukebox":1,"stat.mineBlock.minecraft.tallgrass":13214,"stat.useItem.minecraft.splash_potion":11,"stat.useItem.minecraft.cooked_rabbit":3,"stat.drop.minecraft.quartz_ore":39,"stat.useItem.minecraft.stone":293181,"stat.pickup.minecraft.arrow":2824,"stat.pickup.minecraft.wooden_pressure_plate":6,"stat.killEntity.Ghast":67,"stat.useItem.minecraft.ender_chest":641,"stat.useItem.minecraft.white_shulker_box":58,"stat.useItem.minecraft.clay":6,"stat.drop.minecraft.iron_pickaxe":2,"stat.mineBlock.minecraft.chest":404,"stat.pickup.minecraft.painting":5,"stat.mineBlock.minecraft.hardened_clay":116370,"stat.mineBlock.minecraft.concrete_powder":4112,"stat.craftItem.minecraft.hopper":943,"stat.useItem.minecraft.emerald_ore":2,"stat.drop.minecraft.concrete_powder":614,"stat.pickup.minecraft.gray_shulker_box":327,"stat.pickup.minecraft.nether_brick_fence":1,"stat.pickup.minecraft.yellow_shulker_box":108,"stat.pickup.minecraft.orange_shulker_box":227,"stat.useItem.minecraft.reeds":809,"stat.craftItem.minecraft.wooden_sword":3,"stat.craftItem.minecraft.nether_brick":224,"stat.drop.minecraft.jungle_fence":38,"stat.craftItem.minecraft.diamond_shovel":16,"stat.pickup.minecraft.wheat_seeds":14114,"stat.drop.minecraft.snow":231,"stat.mineBlock.minecraft.glass":357,"stat.drop.minecraft.spruce_fence":283,"stat.pickup.minecraft.pink_shulker_box":39,"stat.mineBlock.minecraft.dirt":274273,"stat.pickup.minecraft.poisonous_potato":2,"stat.drop.minecraft.paper":247,"stat.useItem.minecraft.bread":562,"stat.pickup.minecraft.brewing_stand":7,"stat.drop.minecraft.porkchop":17,"stat.pickup.minecraft.light_blue_shulker_box":628,"stat.useItem.minecraft.cobblestone":15792,"stat.craftItem.minecraft.leather_boots":37,"stat.useItem.minecraft.gravel":454,"stat.mineBlock.minecraft.double_plant":986,"stat.minecartOneCm":3243244,"stat.drop.minecraft.chicken":49,"stat.pickup.minecraft.iron_pickaxe":22,"stat.drop.minecraft.carrot":89,"stat.mineBlock.minecraft.end_rod":266,"stat.craftItem.minecraft.gold_ingot":742,"stat.pickup.minecraft.hopper":212,"stat.mineBlock.minecraft.silver_shulker_box":158,"stat.craftItem.minecraft.brewing_stand":1,"stat.useItem.minecraft.tallgrass":1127,"stat.pickup.minecraft.apple":411,"stat.useItem.minecraft.fireworks":1150,"stat.pickup.minecraft.banner":128,"stat.itemEnchanted":465,"stat.useItem.minecraft.acacia_boat":19,"stat.mineBlock.minecraft.log":28889,"stat.mineBlock.minecraft.heavy_weighted_pressure_plate":2,"stat.useItem.minecraft.wooden_door":1,"stat.useItem.minecraft.spruce_door":2,"stat.craftItem.minecraft.paper":30699,"stat.pickup.minecraft.red_flower":3464,"stat.craftItem.minecraft.light_blue_glazed_terracotta":1239,"stat.pickup.minecraft.wool":45787,"stat.useItem.minecraft.chorus_fruit":9,"stat.useItem.minecraft.wooden_axe":35,"stat.craftItem.minecraft.trapped_chest":93,"stat.drop.minecraft.grass":1554,"stat.pickup.minecraft.trapped_chest":22,"stat.cakeSlicesEaten":31,"stat.drop.minecraft.pumpkin":64,"stat.craftItem.minecraft.diamond_leggings":7,"stat.useItem.minecraft.iron_axe":2563,"stat.mineBlock.minecraft.silver_glazed_terracotta":74,"stat.mineBlock.minecraft.yellow_flower":439,"stat.useItem.minecraft.skull":212,"stat.drop.minecraft.record_blocks":1,"stat.craftItem.minecraft.wool":650,"stat.useItem.minecraft.snow":522,"stat.drop.minecraft.saddle":12,"stat.useItem.minecraft.concrete_powder":129735,"stat.pickup.minecraft.enchanted_book":29,"stat.pickup.minecraft.glowstone":1306,"stat.pickup.minecraft.writable_book":1,"stat.useItem.minecraft.obsidian":6376,"stat.pickup.minecraft.sticky_piston":32,"stat.pickup.minecraft.bow":125,"stat.pickup.minecraft.white_glazed_terracotta":5,"stat.craftItem.minecraft.dark_oak_door":3,"stat.useItem.minecraft.egg":62,"stat.craftItem.minecraft.spruce_boat":51,"stat.pickup.minecraft.nether_wart_block":150,"stat.pickup.minecraft.coal_ore":6598,"stat.craftItem.minecraft.cooked_beef":5066,"stat.mineBlock.minecraft.obsidian":7663,"stat.pickup.minecraft.shears":36,"stat.drop.minecraft.quartz_stairs":82,"stat.craftItem.minecraft.bow":42,"stat.pickup.minecraft.iron_trapdoor":1979,"stat.flyOneCm":225314418,"stat.pickup.minecraft.sandstone":428,"stat.pickup.minecraft.nether_brick_stairs":3,"stat.pickup.minecraft.fish":54,"stat.drop.minecraft.light_blue_glazed_terracotta":2,"stat.craftItem.minecraft.stained_glass":19968,"stat.craftItem.minecraft.emerald_block":39,"stat.timeSinceDeath":106123,"stat.pickup.minecraft.quartz_ore":1430,"stat.craftItem.minecraft.painting":11,"stat.craftItem.minecraft.purpur_block":96,"stat.killEntity.Bat":28,"stat.drop.minecraft.blaze_powder":5,"stat.useItem.minecraft.potato":998,"stat.pickup.minecraft.chainmail_helmet":4,"stat.pickup.minecraft.nether_wart":8379,"stat.pickup.minecraft.spruce_fence":583,"stat.mineBlock.minecraft.enchanting_table":1,"stat.craftItem.minecraft.concrete_powder":137644,"stat.mineBlock.minecraft.coal_ore":17953,"stat.pickup.minecraft.shield":7,"stat.craftItem.minecraft.stone_hoe":5,"stat.talkedToVillager":631,"stat.mineBlock.minecraft.red_mushroom_block":3,"stat.pickup.minecraft.string":1222,"stat.craftItem.minecraft.blue_glazed_terracotta":54,"stat.mineBlock.minecraft.ladder":43,"stat.useItem.minecraft.milk_bucket":40,"stat.useItem.minecraft.written_book":59,"stat.mineBlock.minecraft.chorus_flower":193,"stat.useItem.minecraft.diamond_shovel":496429,"stat.breakItem.minecraft.diamond_helmet":1,"stat.craftItem.minecraft.wooden_axe":1,"stat.pickup.minecraft.bone_block":68,"stat.mineBlock.minecraft.diamond_ore":634,"stat.pickup.minecraft.fireworks":6420,"stat.useItem.minecraft.brown_mushroom_block":64,"stat.craftItem.minecraft.speckled_melon":12,"stat.craftItem.minecraft.wooden_pressure_plate":2,"stat.drop.minecraft.redstone_ore":139,"stat.useItem.minecraft.wooden_sword":70,"stat.breakItem.minecraft.iron_shovel":12,"stat.useItem.minecraft.ladder":269,"stat.useItem.minecraft.diamond_ore":51,"stat.drop.minecraft.purpur_pillar":36,"stat.useItem.minecraft.cyan_shulker_box":191,"stat.pickup.minecraft.snowball":5168,"stat.useItem.minecraft.birch_stairs":7,"stat.killEntity.Guardian":76,"stat.craftItem.minecraft.sandstone_stairs":92,"stat.diveOneCm":15555152,"stat.useItem.minecraft.sticky_piston":257,"stat.craftItem.minecraft.ladder":453,"stat.mineBlock.minecraft.stone_button":5,"stat.drop.minecraft.ladder":145,"stat.pickup.minecraft.stained_glass_pane":1601,"stat.useItem.minecraft.rotten_flesh":15,"stat.drop.minecraft.apple":29,"stat.drop.minecraft.sponge":21,"stat.craftItem.minecraft.diamond_sword":34,"stat.drop.minecraft.sandstone":353,"stat.mineBlock.minecraft.blue_shulker_box":153,"stat.jump":806232,"stat.useItem.minecraft.sand":4400,"stat.pickup.minecraft.white_shulker_box":57,"stat.pickup.minecraft.hopper_minecart":3,"stat.mineBlock.minecraft.observer":95,"stat.mineBlock.minecraft.light_blue_glazed_terracotta":609,"stat.craftItem.minecraft.torch":37416,"stat.drop.minecraft.glowstone":5,"stat.craftItem.minecraft.fermented_spider_eye":8,"stat.mineBlock.minecraft.spruce_fence_gate":30,"stat.mineBlock.minecraft.purpur_block":99,"stat.drop.minecraft.dragon_egg":2,"stat.useItem.minecraft.glass":2907,"stat.useItem.minecraft.sapling":5261,"stat.pickup.minecraft.gold_ore":1175,"stat.mineBlock.minecraft.glass_pane":17,"stat.damageTaken":694301,"stat.useItem.minecraft.red_shulker_box":240,"stat.useItem.minecraft.end_crystal":12,"stat.mineBlock.minecraft.melon_block":58,"stat.useItem.minecraft.gold_block":344,"stat.mineBlock.minecraft.sapling":485,"stat.pickup.minecraft.log2":28993,"stat.mineBlock.minecraft.sandstone_stairs":5,"stat.drop.minecraft.green_glazed_terracotta":1,"stat.useItem.minecraft.purple_shulker_box":3267,"stat.entityKilledBy.ZombieVillager":1,"stat.pickup.minecraft.bed":46,"stat.drop.minecraft.nether_brick_fence":1,"stat.pickup.minecraft.concrete":83603,"stat.pickup.minecraft.acacia_fence":10,"stat.pickup.minecraft.quartz_block":273,"stat.pickup.minecraft.potato":392,"stat.killEntity.Shulker":364,"stat.entityKilledBy.Zombie":35,"stat.killEntity.Silverfish":29,"stat.craftItem.minecraft.stone_slab":57886,"stat.animalsBred":4097,"stat.useItem.minecraft.chest":702,"stat.mineBlock.minecraft.light_blue_shulker_box":625,"stat.drop.minecraft.diamond_ore":1,"stat.useItem.minecraft.observer":165,"stat.shulkerBoxOpened":55073,"stat.craftItem.minecraft.iron_chestplate":3,"stat.pickup.minecraft.baked_potato":137,"stat.drop.minecraft.potato":180,"stat.pickup.minecraft.ender_pearl":27688,"stat.drop.minecraft.wooden_slab":315,"stat.breakItem.minecraft.stone_hoe":1,"stat.pickup.minecraft.ladder":173,"stat.useItem.minecraft.netherrack":7558,"stat.craftItem.minecraft.stained_glass_pane":9776,"stat.mineBlock.minecraft.tnt":9,"stat.useItem.minecraft.tripwire_hook":13,"stat.mineBlock.minecraft.stonebrick":534,"stat.mineBlock.minecraft.gray_glazed_terracotta":4,"stat.mineBlock.minecraft.glowstone":1403,"stat.craftItem.minecraft.shears":682,"stat.useItem.minecraft.cobblestone_wall":1068,"stat.pickup.minecraft.iron_horse_armor":6,"stat.breakItem.minecraft.diamond_shovel":5,"stat.drop.minecraft.spruce_stairs":82,"stat.useItem.minecraft.writable_book":29,"stat.pickup.minecraft.torch":27800,"stat.drop.minecraft.acacia_fence":8,"stat.drop.minecraft.diamond_shovel":2,"stat.drop.minecraft.quartz_block":3,"stat.pickup.minecraft.spruce_boat":24,"stat.useItem.minecraft.purpur_slab":1,"stat.drop.minecraft.arrow":5302,"stat.drop.minecraft.shears":110,"stat.drop.minecraft.blue_glazed_terracotta":4,"stat.craftItem.minecraft.compass":49,"stat.pickup.minecraft.jungle_boat":5,"stat.pickup.minecraft.dark_oak_fence_gate":1,"stat.drop.minecraft.armor_stand":1,"stat.pigOneCm":810,"stat.pickup.minecraft.deadbush":2,"stat.craftItem.minecraft.iron_axe":13,"stat.killEntity.Ozelot":43,"stat.mineBlock.minecraft.purple_shulker_box":3089,"stat.pickup.minecraft.lapis_block":21,"stat.useItem.minecraft.mutton":9,"stat.drop.minecraft.trapdoor":12,"stat.pickup.minecraft.fishing_rod":10,"stat.useItem.minecraft.planks":11991,"stat.useItem.minecraft.nether_brick_stairs":30,"stat.pickup.minecraft.porkchop":160,"stat.pickup.minecraft.blaze_powder":9,"stat.pickup.minecraft.glass":754,"stat.drop.minecraft.melon":7,"stat.useItem.minecraft.pink_shulker_box":39,"stat.useItem.minecraft.water_bucket":7256,"stat.pickup.minecraft.sand":119665,"stat.craftItem.minecraft.golden_apple":27,"stat.craftItem.minecraft.dark_oak_fence":93,"stat.entityKilledBy.Spider":1,"stat.pickup.minecraft.hardened_clay":116124,"stat.useItem.minecraft.red_nether_brick":349,"stat.pickup.minecraft.name_tag":32,"stat.drop.minecraft.map":1,"stat.drop.minecraft.hardened_clay":1220,"stat.drop.minecraft.splash_potion":1,"stat.pickup.minecraft.activator_rail":1,"stat.aviateOneCm":1909079842,"stat.useItem.minecraft.ender_pearl":1423,"stat.useItem.minecraft.brown_mushroom":26,"stat.craftItem.minecraft.cooked_fish":546,"stat.craftItem.minecraft.blaze_powder":90,"stat.drop.minecraft.golden_sword":1,"stat.craftItem.minecraft.hardened_clay":12,"stat.useItem.minecraft.oak_stairs":14,"stat.craftItem.minecraft.golden_carrot":12,"stat.mineBlock.minecraft.dark_oak_stairs":256,"stat.mineBlock.minecraft.white_glazed_terracotta":5,"stat.useItem.minecraft.dark_oak_stairs":1088,"stat.drop.minecraft.stone_slab":3273,"stat.pickup.minecraft.fence_gate":2,"stat.mineBlock.minecraft.birch_stairs":8,"stat.pickup.minecraft.filled_map":210,"stat.pickup.minecraft.furnace":44,"stat.useItem.minecraft.redstone":2372,"stat.mineBlock.minecraft.end_bricks":49,"stat.pickup.minecraft.iron_chestplate":14,"stat.pickup.minecraft.end_rod":499,"stat.pickup.minecraft.skull":374,"stat.useItem.minecraft.stone_stairs":9319,"stat.craftItem.minecraft.nether_wart_block":617,"stat.mineBlock.minecraft.red_shulker_box":228,"stat.drop.minecraft.wooden_hoe":3,"stat.useItem.minecraft.pumpkin_pie":4,"stat.useItem.minecraft.hopper":321,"stat.craftItem.minecraft.heavy_weighted_pressure_plate":77,"stat.mineBlock.minecraft.oak_stairs":4,"stat.playOneMinute":96659122,"stat.pickup.minecraft.birch_door":1,"stat.drop.minecraft.string":461,"stat.pickup.minecraft.diamond_block":14,"stat.useItem.minecraft.shears":115243,"stat.pickup.minecraft.beacon":29,"stat.mineBlock.minecraft.brown_mushroom_block":2,"stat.pickup.minecraft.iron_bars":820,"stat.pickup.minecraft.dispenser":23,"stat.craftItem.minecraft.pumpkin_pie":4,"stat.drop.minecraft.ice":536,"stat.mineBlock.minecraft.dark_oak_fence":22,"stat.craftItem.minecraft.carpet":30764,"stat.mineBlock.minecraft.netherrack":54852,"stat.mineBlock.minecraft.dispenser":20,"stat.craftItem.minecraft.dark_oak_stairs":1436,"stat.drop.minecraft.flint":2307,"stat.craftItem.minecraft.golden_rail":426,"stat.useItem.minecraft.quartz_ore":115,"stat.craftItem.minecraft.iron_nugget":9,"stat.pickup.minecraft.cooked_chicken":70,"stat.fallOneCm":25306227,"stat.drop.minecraft.dye":262,"stat.craftItem.minecraft.chest":2266,"stat.useItem.minecraft.nether_brick_fence":1,"stat.mineBlock.minecraft.lever":36,"stat.pickup.minecraft.red_mushroom":24,"stat.useItem.minecraft.iron_hoe":925,"stat.pickup.minecraft.milk_bucket":10,"stat.pickup.minecraft.comparator":35,"stat.drop.minecraft.leaves2":189,"stat.pickup.minecraft.feather":76,"stat.drop.minecraft.iron_leggings":7,"stat.pickup.minecraft.record_cat":1,"stat.mineBlock.minecraft.red_nether_brick":55,"stat.drop.minecraft.concrete":767,"stat.mineBlock.minecraft.spruce_fence":590,"stat.useItem.minecraft.yellow_shulker_box":91,"stat.craftItem.minecraft.dark_oak_fence_gate":12,"stat.pickup.minecraft.lead":29,"stat.useItem.minecraft.stone_pickaxe":371,"stat.craftItem.minecraft.birch_stairs":24,"stat.useItem.minecraft.stone_sword":31,"stat.craftItem.minecraft.iron_leggings":2,"stat.useItem.minecraft.orange_shulker_box":176,"stat.killEntity.Rabbit":4,"stat.craftItem.minecraft.oak_stairs":76,"stat.pickup.minecraft.redstone_ore":538,"stat.pickup.minecraft.chainmail_boots":10,"stat.drop.minecraft.stick":1041,"stat.useItem.minecraft.iron_bars":458,"stat.pickup.minecraft.record_13":1,"stat.mineBlock.minecraft.monster_egg":22,"stat.mineBlock.minecraft.quartz_stairs":348,"stat.useItem.minecraft.bone_block":141,"stat.drop.minecraft.stone_brick_stairs":84,"stat.mineBlock.minecraft.pink_shulker_box":38,"stat.drop.minecraft.black_glazed_terracotta":117,"stat.killEntity.LavaSlime":295,"stat.pickup.minecraft.log":30752,"stat.mineBlock.minecraft.golden_rail":222,"stat.breakItem.minecraft.iron_boots":1,"stat.craftItem.minecraft.hopper_minecart":8,"stat.pickup.minecraft.tallgrass":3863,"stat.pickup.minecraft.chainmail_leggings":10,"stat.entityKilledBy.Enderman":11,"stat.mineBlock.minecraft.iron_block":3186,"stat.drop.minecraft.clay":27,"stat.mineBlock.minecraft.tripwire_hook":6,"stat.craftItem.minecraft.snow":1142,"stat.pickup.minecraft.diamond_helmet":140,"stat.drop.minecraft.dropper":1,"stat.craftItem.minecraft.cooked_chicken":53,"stat.useItem.minecraft.stone_hoe":209,"stat.craftItem.minecraft.flower_pot":29,"stat.sneakTime":11156581,"stat.mineBlock.minecraft.cobblestone_wall":349,"stat.mineBlock.minecraft.yellow_shulker_box":106,"stat.useItem.minecraft.brewing_stand":6,"stat.mineBlock.minecraft.jukebox":1,"stat.useItem.minecraft.beetroot":39,"stat.pickup.minecraft.chest":543,"stat.useItem.minecraft.web":44,"stat.craftItem.minecraft.leather_leggings":37,"stat.useItem.minecraft.lapis_block":1,"stat.drop.minecraft.sugar":69,"stat.pickup.minecraft.stone_pressure_plate":6,"stat.pickup.minecraft.lit_pumpkin":3,"stat.drop.minecraft.beetroot":35,"stat.useItem.minecraft.repeater":222,"stat.craftItem.minecraft.lime_glazed_terracotta":1,"stat.pickup.minecraft.record_blocks":1,"stat.drop.minecraft.leather_helmet":85,"stat.craftItem.minecraft.stone_brick_stairs":4672,"stat.useItem.minecraft.silver_glazed_terracotta":118,"stat.drop.minecraft.iron_nugget":9,"stat.craftItem.minecraft.iron_trapdoor":5778,"stat.swimOneCm":10064507,"stat.mineBlock.minecraft.diamond_block":9,"stat.mineBlock.minecraft.spruce_stairs":282,"stat.drop.minecraft.brown_mushroom":216,"stat.useItem.minecraft.dirt":197565,"stat.pickup.minecraft.purpur_block":92,"stat.pickup.minecraft.enchanting_table":1,"stat.drop.minecraft.iron_trapdoor":21,"stat.useItem.minecraft.detector_rail":1,"stat.craftItem.minecraft.melon_block":8280,"stat.drop.minecraft.ender_pearl":11179,"stat.mineBlock.minecraft.magma":669,"stat.pickup.minecraft.quartz_stairs":498,"stat.mineBlock.minecraft.carpet":3480,"stat.drop.minecraft.fence":201,"stat.pickup.minecraft.gold_block":341,"stat.mineBlock.minecraft.redstone_block":6,"stat.pickup.minecraft.clay":186,"stat.pickup.minecraft.glass_bottle":108,"stat.drop.minecraft.wheat_seeds":6102,"stat.craftItem.minecraft.wooden_slab":10950,"stat.drop.minecraft.log":2760,"stat.useItem.minecraft.sign":380,"stat.pickup.minecraft.mutton":3274,"stat.useItem.minecraft.lever":84,"stat.mineBlock.minecraft.coal_block":19,"stat.pickup.minecraft.dark_oak_door":6,"stat.drop.minecraft.golden_boots":140,"stat.pickup.minecraft.stonebrick":846,"stat.drop.minecraft.mycelium":7,"stat.drop.minecraft.beetroot_seeds":23,"stat.mineBlock.minecraft.nether_brick":447,"stat.pickup.minecraft.snow_layer":6,"stat.useItem.minecraft.purpur_pillar":6,"stat.drop.minecraft.log2":346,"stat.pickup.minecraft.gray_glazed_terracotta":4,"stat.drop.minecraft.potion":2,"stat.useItem.minecraft.stone_slab":50380,"stat.pickup.minecraft.speckled_melon":8,"stat.useItem.minecraft.bed":48,"stat.craftItem.minecraft.stone":17744,"stat.craftItem.minecraft.armor_stand":48,"stat.mineBlock.minecraft.crafting_table":186,"stat.useItem.minecraft.diamond_pickaxe":1154502,"stat.mineBlock.minecraft.quartz_block":215,"stat.useItem.minecraft.carrot":846,"stat.killEntity.Endermite":21,"stat.useItem.minecraft.wooden_shovel":3,"stat.useItem.minecraft.bucket":7329,"stat.drop.minecraft.spruce_fence_gate":1,"stat.pickup.minecraft.stone_button":200,"stat.pickup.minecraft.slime_ball":15818,"stat.useItem.minecraft.purpur_block":7,"stat.mineBlock.minecraft.cyan_shulker_box":178,"stat.craftItem.minecraft.diamond_pickaxe":25,"stat.craftItem.minecraft.jukebox":1,"stat.drop.minecraft.wooden_pickaxe":2,"stat.pickup.minecraft.gravel":94983,"stat.useItem.minecraft.glass_bottle":340,"stat.useItem.minecraft.diamond_axe":77170,"stat.pickup.minecraft.purpur_stairs":15,"stat.drop.minecraft.spruce_boat":1,"stat.pickup.minecraft.red_shulker_box":239,"stat.useItem.minecraft.stained_glass_pane":6334,"stat.pickup.minecraft.stone_brick_stairs":1657,"stat.drop.minecraft.cooked_porkchop":2,"stat.pickup.minecraft.diamond_sword":159,"stat.pickup.minecraft.brick":4,"stat.killEntity.SkeletonHorse":2,"stat.useItem.minecraft.wooden_hoe":69,"stat.pickup.minecraft.iron_helmet":6,"stat.pickup.minecraft.black_shulker_box":28,"stat.useItem.minecraft.piston":80,"stat.craftItem.minecraft.bread":540,"stat.pickup.minecraft.spider_eye":605,"stat.useItem.minecraft.mycelium":1500,"stat.useItem.minecraft.stone_button":233,"stat.pickup.minecraft.diamond_ore":126,"stat.mineBlock.minecraft.magenta_shulker_box":313,"stat.useItem.minecraft.cooked_chicken":64,"stat.craftItem.minecraft.end_crystal":14,"stat.pickup.minecraft.iron_ore":7494,"stat.pickup.minecraft.snow":465,"stat.mineBlock.minecraft.iron_bars":185,"stat.pickup.minecraft.leaves":113056,"stat.pickup.minecraft.leather":5238,"stat.drop.minecraft.iron_hoe":1,"stat.useItem.minecraft.wooden_pickaxe":22,"stat.dispenserInspected":161,"stat.mineBlock.minecraft.mycelium":6363,"stat.pickup.minecraft.reeds":7200,"stat.pickup.minecraft.prismarine_crystals":71,"stat.useItem.minecraft.magma":133,"stat.craftItem.minecraft.glass":8629,"stat.drop.minecraft.cooked_chicken":7,"stat.craftItem.minecraft.cauldron":18,"stat.sleepInBed":1393,"stat.craftItem.minecraft.baked_potato":81,"stat.drop.minecraft.shulker_shell":2,"stat.killEntity.Cow":2148,"stat.pickup.minecraft.minecart":44,"stat.killEntity.Pig":72,"stat.craftItem.minecraft.iron_sword":6,"stat.pickup.minecraft.piston":137,"stat.walkOneCm":289888395,"stat.playerKills":1,"stat.pickup.minecraft.clay_ball":171,"stat.mineBlock.minecraft.trapped_chest":34,"stat.useItem.minecraft.dark_oak_fence_gate":1,"stat.useItem.minecraft.emerald_block":3,"stat.pickup.minecraft.purpur_slab":19,"stat.useItem.minecraft.spruce_boat":61,"stat.drop.minecraft.diamond_axe":4,"stat.pickup.minecraft.tnt":10,"stat.drop.minecraft.iron_chestplate":5,"stat.pickup.minecraft.stone":433784,"stat.mineBlock.minecraft.wool":1690,"stat.drop.minecraft.slime":3,"stat.pickup.minecraft.silver_glazed_terracotta":135,"stat.drop.minecraft.emerald":36,"stat.craftItem.minecraft.hay_block":389,"stat.useItem.minecraft.red_mushroom_block":128,"stat.mineBlock.minecraft.packed_ice":6626,"stat.useItem.minecraft.leaves":79068,"stat.craftItem.minecraft.minecart":18,"stat.pickup.minecraft.gold_ingot":20,"stat.useItem.minecraft.prismarine":84,"stat.killEntity.Skeleton":3524,"stat.mineBlock.minecraft.cactus":230,"stat.drop.minecraft.chainmail_boots":36,"stat.mineBlock.minecraft.redstone_torch":97,"stat.killEntity.Spider":527,"stat.pickup.minecraft.bread":150,"stat.drop.minecraft.end_rod":36,"stat.craftItem.minecraft.spruce_fence":1281,"stat.pickup.minecraft.quartz":23296,"stat.pickup.minecraft.birch_fence":47,"stat.pickup.minecraft.blue_glazed_terracotta":4,"stat.pickup.minecraft.water_bucket":31,"stat.breakItem.minecraft.iron_axe":9,"stat.drop.minecraft.prismarine":1,"stat.useItem.minecraft.hopper_minecart":8,"stat.pickup.minecraft.spruce_stairs":495,"stat.mineBlock.minecraft.redstone_ore":3683,"stat.pickup.minecraft.elytra":148,"stat.craftItem.minecraft.coal_block":842,"stat.drop.minecraft.beef":25,"stat.craftItem.minecraft.brick":142,"stat.mineBlock.minecraft.stone":753966,"stat.useItem.minecraft.sandstone":410}