{"stat.craftItem.minecraft.chorus_fruit_popped":362,"stat.useItem.minecraft.bow":1647,"stat.useItem.minecraft.quartz_block":74,"stat.drop.minecraft.gunpowder":27,"stat.drop.minecraft.redstone":233,"stat.mineBlock.minecraft.stained_glass":19,"stat.drop.minecraft.enchanted_book":16,"stat.pickup.minecraft.rotten_flesh":1752,"stat.mineBlock.minecraft.purpur_stairs":40,"stat.craftItem.minecraft.stone_axe":7,"stat.drop.minecraft.leather_boots":72,"stat.useItem.minecraft.vine":80,"stat.pickup.minecraft.cobblestone_wall":201,"stat.pickup.minecraft.bucket":2,"stat.useItem.minecraft.rail":1520,"stat.killEntity.Enderman":5227,"stat.useItem.minecraft.anvil":16,"stat.craftItem.minecraft.iron_shovel":3,"stat.mineBlock.minecraft.emerald_block":209,"stat.pickup.minecraft.brown_mushroom":146,"stat.mineBlock.minecraft.end_stone":149,"stat.killEntity.Villager":186,"stat.useItem.minecraft.iron_pickaxe":1117,"stat.pickup.minecraft.stained_hardened_clay":10,"stat.pickup.minecraft.double_plant":80,"stat.craftItem.minecraft.glass_pane":352,"stat.drop.minecraft.diamond_chestplate":2,"stat.mineBlock.minecraft.sticky_piston":38,"stat.furnaceInteraction":1365,"stat.useItem.minecraft.nether_wart":243,"stat.mineBlock.minecraft.chorus_plant":123,"stat.pickup.minecraft.nether_brick":12,"stat.craftItem.minecraft.leather_helmet":6,"stat.useItem.minecraft.end_stone":46,"stat.drop.minecraft.cactus":1,"stat.pickup.minecraft.cyan_shulker_box":6,"stat.useItem.minecraft.fence":864,"stat.craftItem.minecraft.orange_glazed_terracotta":1,"stat.drop.minecraft.furnace":1,"stat.mineBlock.minecraft.fence":649,"stat.useItem.minecraft.flint_and_steel":3,"stat.useItem.minecraft.wheat_seeds":3366,"stat.mineBlock.minecraft.sea_lantern":2,"stat.drop.minecraft.cooked_fish":64,"stat.pickup.minecraft.emerald":28,"stat.pickup.minecraft.lever":141,"stat.deaths":16,"stat.pickup.minecraft.bowl":3,"stat.pickup.minecraft.egg":2186,"stat.craftItem.minecraft.melon_seeds":52,"stat.craftItem.minecraft.item_frame":3,"stat.pickup.minecraft.clock":2,"stat.craftItem.minecraft.iron_pickaxe":6,"stat.pickup.minecraft.item_frame":11,"stat.pickup.minecraft.sea_lantern":66,"stat.craftItem.minecraft.repeater":198,"stat.drop.minecraft.iron_ingot":8,"stat.fishCaught":4136,"stat.pickup.minecraft.cooked_mutton":307,"stat.chestOpened":19297,"stat.craftItem.minecraft.mossy_cobblestone":252,"stat.craftItem.minecraft.mushroom_stew":17,"stat.craftItem.minecraft.sign":84,"stat.pickup.minecraft.iron_sword":7,"stat.craftItem.minecraft.quartz_block":391,"stat.pickup.minecraft.gold_nugget":63,"stat.drop.minecraft.banner":1,"stat.pickup.minecraft.chorus_flower":261,"stat.craftItem.minecraft.coal":6003,"stat.craftItem.minecraft.ender_chest":17,"stat.pickup.minecraft.carrot":8082,"stat.crouchOneCm":2212974,"stat.pickup.minecraft.rail":1342,"stat.craftItem.minecraft.diamond":81,"stat.craftItem.minecraft.iron_ingot":6693,"stat.pickup.minecraft.ender_chest":49,"stat.drop.minecraft.slime_ball":2,"stat.craftingTableInteraction":1371,"stat.mineBlock.minecraft.wooden_pressure_plate":1,"stat.useItem.minecraft.light_blue_shulker_box":6,"stat.pickup.minecraft.repeater":222,"stat.pickup.minecraft.mushroom_stew":9,"stat.mineBlock.minecraft.log2":70,"stat.drop.minecraft.double_plant":2,"stat.pickup.minecraft.wooden_pickaxe":1,"stat.pickup.minecraft.dye":8985,"stat.pickup.minecraft.planks":2389,"stat.drop.minecraft.carpet":1,"stat.mineBlock.minecraft.ender_chest":50,"stat.drop.minecraft.rotten_flesh":9696,"stat.pickup.minecraft.magma":235,"stat.drop.minecraft.iron_ore":8,"stat.useItem.minecraft.yellow_flower":1,"stat.drop.minecraft.sapling":132,"stat.pickup.minecraft.chicken":1604,"stat.pickup.minecraft.end_stone":210,"stat.useItem.minecraft.glass_pane":37,"stat.pickup.minecraft.coal_block":687,"stat.drop.minecraft.fish":1472,"stat.craftItem.minecraft.bucket":80,"stat.craftItem.minecraft.planks":22080,"stat.useItem.minecraft.iron_sword":309,"stat.mineBlock.minecraft.prismarine":19,"stat.craftItem.minecraft.fishing_rod":1,"stat.useItem.minecraft.stonebrick":5397,"stat.pickup.minecraft.book":35,"stat.craftItem.minecraft.wooden_door":30,"stat.mineBlock.minecraft.waterlily":60,"stat.pickup.minecraft.orange_glazed_terracotta":1,"stat.pickup.minecraft.iron_door":7,"stat.drop.minecraft.leather_leggings":57,"stat.pickup.minecraft.cooked_fish":432,"stat.pickup.minecraft.tripwire_hook":11,"stat.pickup.minecraft.bookshelf":26,"stat.pickup.minecraft.spruce_fence_gate":5,"stat.mineBlock.minecraft.cobblestone":14843,"stat.mineBlock.minecraft.pumpkin":1220,"stat.pickup.minecraft.stone_pickaxe":2,"stat.pickup.minecraft.flint":690,"stat.craftItem.minecraft.quartz_stairs":144,"stat.pickup.minecraft.leather_chestplate":10,"stat.mineBlock.minecraft.concrete":3206,"stat.mineBlock.minecraft.stained_glass_pane":294,"stat.drop.minecraft.purpur_slab":4,"stat.drop.minecraft.end_bricks":18,"stat.craftItem.minecraft.clock":2,"stat.drop.minecraft.cobblestone":7754,"stat.useItem.minecraft.chorus_flower":123,"stat.pickup.minecraft.cooked_porkchop":412,"stat.useItem.minecraft.coal_block":3,"stat.breakItem.minecraft.iron_pickaxe":3,"stat.mineBlock.minecraft.dropper":21,"stat.pickup.minecraft.iron_boots":5,"stat.pickup.minecraft.diamond_horse_armor":4,"stat.pickup.minecraft.stone_hoe":1,"stat.craftItem.minecraft.furnace":14,"stat.craftItem.minecraft.lapis_block":934,"stat.drop.minecraft.golden_helmet":1,"stat.craftItem.minecraft.iron_boots":2,"stat.useItem.minecraft.spruce_fence_gate":23,"stat.mineBlock.minecraft.clay":256,"stat.mineBlock.minecraft.noteblock":2,"stat.pickup.minecraft.diamond_leggings":4,"stat.useItem.minecraft.brick_block":446,"stat.useItem.minecraft.melon_block":2496,"stat.useItem.minecraft.wooden_slab":6546,"stat.useItem.minecraft.iron_door":6,"stat.craftItem.minecraft.iron_block":687,"stat.craftItem.minecraft.stonebrick":9465,"stat.pickup.minecraft.light_blue_glazed_terracotta":370,"stat.craftItem.minecraft.end_rod":1024,"stat.drop.minecraft.stained_glass":5,"stat.drop.minecraft.wool":1,"stat.killEntity.Creeper":98,"stat.breakItem.minecraft.iron_sword":1,"stat.useItem.minecraft.silver_shulker_box":5,"stat.pickup.minecraft.birch_stairs":95,"stat.killEntity.Squid":55,"stat.useItem.minecraft.dropper":36,"stat.sprintOneCm":33794233,"stat.mineBlock.minecraft.stone_slab":492,"stat.drop.minecraft.stone_hoe":2,"stat.pickup.minecraft.leather_leggings":19,"stat.craftItem.minecraft.redstone_lamp":64,"stat.drop.minecraft.cobblestone_wall":1,"stat.pickup.minecraft.sugar":2,"stat.pickup.minecraft.vine":629,"stat.craftItem.minecraft.leather_chestplate":11,"stat.useItem.minecraft.cake":1,"stat.craftItem.minecraft.emerald":3268,"stat.pickup.minecraft.iron_block":1,"stat.killEntity.Zombie":5600,"stat.craftItem.minecraft.dye":9823,"stat.craftItem.minecraft.diamond_axe":5,"stat.mineBlock.minecraft.gold_ore":904,"stat.drop.minecraft.diamond_pickaxe":3,"stat.craftItem.minecraft.slime_ball":243,"stat.pickup.minecraft.wheat":2895,"stat.mineBlock.minecraft.mossy_cobblestone":276,"stat.drop.minecraft.stone_stairs":1,"stat.drop.minecraft.purpur_stairs":8,"stat.pickup.minecraft.sign":82,"stat.craftItem.minecraft.cooked_porkchop":10,"stat.pickup.minecraft.obsidian":751,"stat.useItem.minecraft.iron_trapdoor":12,"stat.pickup.minecraft.coal":27639,"stat.pickup.minecraft.iron_ingot":66,"stat.craftItem.minecraft.lever":182,"stat.drop.minecraft.diamond_sword":12,"stat.pickup.minecraft.gunpowder":126,"stat.pickup.minecraft.dirt":45966,"stat.useItem.minecraft.coal_ore":169,"stat.drop.minecraft.iron_shovel":4,"stat.useItem.minecraft.dispenser":75,"stat.mineBlock.minecraft.lapis_ore":678,"stat.brewingstandInteraction":159,"stat.useItem.minecraft.stone_brick_stairs":2667,"stat.mineBlock.minecraft.red_flower":14,"stat.mineBlock.minecraft.torch":3712,"stat.pickup.minecraft.written_book":8,"stat.tradedWithVillager":3548,"stat.noteblockTuned":387987,"stat.craftItem.minecraft.comparator":51,"stat.craftItem.minecraft.glowstone":319,"stat.useItem.minecraft.slime":82,"stat.mineBlock.minecraft.fence_gate":16,"stat.pickup.minecraft.diamond_axe":6,"stat.pickup.minecraft.shulker_shell":132,"stat.drop.minecraft.wheat":289,"stat.pickup.minecraft.diamond_pickaxe":8,"stat.useItem.minecraft.pumpkin":2317,"stat.pickup.minecraft.noteblock":2,"stat.useItem.minecraft.lava_bucket":9,"stat.drop.minecraft.netherrack":100,"stat.useItem.minecraft.item_frame":8,"stat.useItem.minecraft.stained_hardened_clay":2,"stat.drop.minecraft.egg":1244,"stat.useItem.minecraft.redstone_ore":3,"stat.pickup.minecraft.cooked_beef":596,"stat.useItem.minecraft.concrete":1745,"stat.mineBlock.minecraft.purpur_slab":55,"stat.mobKills":19468,"stat.pickup.minecraft.diamond_boots":7,"stat.mineBlock.minecraft.bookshelf":22,"stat.useItem.minecraft.boat":5,"stat.craftItem.minecraft.lead":12,"stat.useItem.minecraft.mossy_cobblestone":11,"stat.pickup.minecraft.diamond":2054,"stat.pickup.minecraft.beetroot_seeds":354,"stat.craftItem.minecraft.spruce_stairs":124,"stat.useItem.minecraft.string":4,"stat.drop.minecraft.mutton":2,"stat.useItem.minecraft.bookshelf":52,"stat.useItem.minecraft.soul_sand":20,"stat.killEntity.Blaze":271,"stat.drop.minecraft.skull":2,"stat.useItem.minecraft.gray_shulker_box":3,"stat.pickup.minecraft.golden_boots":4,"stat.pickup.minecraft.glowstone_dust":280,"stat.drop.minecraft.bowl":4,"stat.mineBlock.minecraft.white_shulker_box":17,"stat.mineBlock.minecraft.red_mushroom":11,"stat.mineBlock.minecraft.stone_brick_stairs":585,"stat.drop.minecraft.poisonous_potato":22,"stat.drop.minecraft.golden_leggings":2,"stat.craftItem.minecraft.lit_pumpkin":137,"stat.craftItem.minecraft.cobblestone_wall":516,"stat.craftItem.minecraft.stone_sword":2,"stat.pickup.minecraft.chainmail_chestplate":1,"stat.mineBlock.minecraft.sand":6983,"stat.craftItem.minecraft.slime":34,"stat.hopperInspected":1914,"stat.useItem.minecraft.fence_gate":22,"stat.pickup.minecraft.packed_ice":899,"stat.trappedChestTriggered":694,"stat.mineBlock.minecraft.gray_shulker_box":3,"stat.craftItem.minecraft.magma_cream":210,"stat.craftItem.minecraft.pumpkin_seeds":72,"stat.useItem.minecraft.minecart":386,"stat.useItem.minecraft.cooked_mutton":5,"stat.drop.minecraft.diamond_helmet":4,"stat.drop.minecraft.fishing_rod":79,"stat.pickup.minecraft.stone_stairs":117,"stat.craftItem.minecraft.fence_gate":10,"stat.pickup.minecraft.pumpkin_seeds":169,"stat.pickup.minecraft.golden_carrot":4,"stat.drop.minecraft.fireworks":8,"stat.drop.minecraft.iron_horse_armor":1,"stat.drop.minecraft.snowball":8,"stat.pickup.minecraft.saddle":26,"stat.mineBlock.minecraft.soul_sand":96,"stat.useItem.minecraft.furnace_minecart":2,"stat.pickup.minecraft.blaze_rod":535,"stat.craftItem.minecraft.diamond_block":225,"stat.pickup.minecraft.netherrack":8988,"stat.pickup.minecraft.pumpkin":1182,"stat.useItem.minecraft.fish":14,"stat.pickup.minecraft.waterlily":170,"stat.craftItem.minecraft.redstone_torch":1044,"stat.pickup.minecraft.detector_rail":3,"stat.useItem.minecraft.packed_ice":135,"stat.craftItem.minecraft.iron_hoe":6,"stat.drop.minecraft.stone":1657,"stat.useItem.minecraft.trapped_chest":60,"stat.pickup.minecraft.melon_seeds":164,"stat.pickup.minecraft.dropper":22,"stat.useItem.minecraft.black_shulker_box":7,"stat.drop.minecraft.book":2,"stat.pickup.minecraft.golden_leggings":5,"stat.pickup.minecraft.melon":2961,"stat.drop.minecraft.stained_glass_pane":64,"stat.dropperInspected":210,"stat.useItem.minecraft.golden_rail":190,"stat.craftItem.minecraft.detector_rail":24,"stat.drop.minecraft.bone":9776,"stat.craftItem.minecraft.wooden_button":16,"stat.useItem.minecraft.furnace":14,"stat.pickup.minecraft.slime":226,"stat.pickup.minecraft.iron_leggings":6,"stat.mineBlock.minecraft.snow":2,"stat.mineBlock.minecraft.gravel":4712,"stat.breakItem.minecraft.stone_axe":5,"stat.useItem.minecraft.wool":246,"stat.drop.minecraft.reeds":15594,"stat.pickup.minecraft.flint_and_steel":2,"stat.useItem.minecraft.torch":18548,"stat.pickup.minecraft.golden_apple":6,"stat.pickup.minecraft.iron_nugget":6,"stat.craftItem.minecraft.redstone_block":4180,"stat.craftItem.minecraft.stone_stairs":440,"stat.pickup.minecraft.crafting_table":46,"stat.useItem.minecraft.log":460,"stat.useItem.minecraft.comparator":69,"stat.craftItem.minecraft.crafting_table":24,"stat.craftItem.minecraft.boat":3,"stat.pickup.minecraft.iron_hoe":1,"stat.pickup.minecraft.redstone_block":14,"stat.craftItem.minecraft.stone_button":4,"stat.drop.minecraft.planks":2,"stat.pickup.minecraft.sapling":3020,"stat.drop.minecraft.melon_seeds":2,"stat.drop.minecraft.bow":331,"stat.pickup.minecraft.beetroot":192,"stat.drop.minecraft.golden_chestplate":1,"stat.useItem.minecraft.wooden_pressure_plate":1,"stat.pickup.minecraft.golden_sword":1,"stat.craftItem.minecraft.sugar":456,"stat.drop.minecraft.cake":7,"stat.craftItem.minecraft.spruce_fence_gate":18,"stat.useItem.minecraft.baked_potato":454,"stat.pickup.minecraft.stone_slab":954,"stat.drop.minecraft.yellow_flower":64,"stat.pickup.minecraft.yellow_flower":159,"stat.pickup.minecraft.golden_rail":137,"stat.useItem.minecraft.fishing_rod":13640,"stat.drop.minecraft.stone_pickaxe":3,"stat.craftItem.minecraft.diamond_chestplate":2,"stat.useItem.minecraft.mushroom_stew":15,"stat.pickup.minecraft.bone":1637,"stat.craftItem.minecraft.sticky_piston":42,"stat.pickup.minecraft.redstone_torch":424,"stat.horseOneCm":36946,"stat.useItem.minecraft.log2":16,"stat.mineBlock.minecraft.slime":34,"stat.drop.minecraft.red_mushroom":2,"stat.drop.minecraft.mossy_cobblestone":1,"stat.mineBlock.minecraft.black_shulker_box":7,"stat.mineBlock.minecraft.brown_mushroom":24,"stat.useItem.minecraft.diamond_sword":7791,"stat.craftItem.minecraft.diamond_helmet":2,"stat.climbOneCm":4761506,"stat.useItem.minecraft.end_rod":934,"stat.craftItem.minecraft.gold_block":91,"stat.enderchestOpened":686,"stat.useItem.minecraft.redstone_torch":616,"stat.pickup.minecraft.golden_helmet":7,"stat.drop.minecraft.quartz":15,"stat.craftItem.minecraft.purple_shulker_box":32,"stat.useItem.minecraft.red_flower":2,"stat.craftItem.minecraft.bone_block":650,"stat.pickup.minecraft.anvil":6,"stat.craftItem.minecraft.trapdoor":236,"stat.craftItem.minecraft.stone_pickaxe":4,"stat.pickup.minecraft.cobblestone":127129,"stat.craftItem.minecraft.glass_bottle":192,"stat.pickup.minecraft.soul_sand":135,"stat.useItem.minecraft.cooked_beef":670,"stat.pickup.minecraft.cactus":4923,"stat.pickup.minecraft.redstone":38248,"stat.craftItem.minecraft.dispenser":73,"stat.mineBlock.minecraft.iron_ore":6564,"stat.craftItem.minecraft.book":269,"stat.drop.minecraft.name_tag":2,"stat.pickup.minecraft.mossy_cobblestone":494,"stat.useItem.minecraft.noteblock":3,"stat.craftItem.minecraft.cake":8,"stat.drop.minecraft.coal":4,"stat.drop.minecraft.iron_bars":3,"stat.drop.minecraft.dirt":2334,"stat.pickup.minecraft.iron_shovel":7,"stat.useItem.minecraft.cooked_porkchop":4,"stat.pickup.minecraft.trapdoor":147,"stat.pickup.minecraft.carpet":10,"stat.pickup.minecraft.diamond_shovel":5,"stat.useItem.minecraft.sea_lantern":31,"stat.pickup.minecraft.silver_shulker_box":5,"stat.useItem.minecraft.spruce_fence":71,"stat.pickup.minecraft.paper":423,"stat.craftItem.minecraft.stick":7635,"stat.craftItem.minecraft.gold_nugget":3533,"stat.entityKilledBy.Shulker":2,"stat.pickup.minecraft.grass":9,"stat.useItem.minecraft.stone_pressure_plate":2,"stat.breakItem.minecraft.iron_hoe":1,"stat.pickup.minecraft.golden_horse_armor":3,"stat.pickup.minecraft.diamond_chestplate":5,"stat.breakItem.minecraft.shears":4,"stat.pickup.minecraft.blue_shulker_box":4,"stat.mineBlock.minecraft.planks":1384,"stat.drop":2932,"stat.killEntity.Sheep":459,"stat.pickup.minecraft.golden_chestplate":11,"stat.useItem.minecraft.melon_seeds":61,"stat.drop.minecraft.bread":20,"stat.pickup.minecraft.purpur_pillar":174,"stat.craftItem.minecraft.piston":314,"stat.useItem.minecraft.quartz_stairs":196,"stat.drop.minecraft.cooked_beef":1,"stat.killEntity.Slime":331,"stat.mineBlock.minecraft.anvil":5,"stat.pickup.minecraft.purple_shulker_box":349,"stat.useItem.minecraft.waterlily":18,"stat.useItem.minecraft.apple":3,"stat.useItem.minecraft.carpet":37,"stat.useItem.minecraft.potion":26,"stat.mineBlock.minecraft.purpur_pillar":107,"stat.pickup.minecraft.fence":1438,"stat.useItem.minecraft.stone_axe":917,"stat.craftItem.minecraft.iron_helmet":2,"stat.craftItem.minecraft.rail":768,"stat.drop.minecraft.glass":3,"stat.boatOneCm":8298516,"stat.craftItem.minecraft.flint_and_steel":3,"stat.useItem.minecraft.redstone_lamp":62,"stat.mineBlock.minecraft.leaves2":7,"stat.mineBlock.minecraft.stone_stairs":79,"stat.craftItem.minecraft.iron_bars":192,"stat.mineBlock.minecraft.furnace":4,"stat.drop.minecraft.stone_button":1,"stat.drop.minecraft.water_bucket":2,"stat.craftItem.minecraft.netherbrick":4,"stat.pickup.minecraft.oak_stairs":369,"stat.pickup.minecraft.emerald_block":259,"stat.pickup.minecraft.stained_glass":5,"stat.damageDealt":466145,"stat.craftItem.minecraft.bowl":8,"stat.craftItem.minecraft.anvil":11,"stat.pickup.minecraft.end_bricks":130,"stat.useItem.minecraft.crafting_table":62,"stat.pickup.minecraft.boat":3,"stat.pickup.minecraft.stick":328,"stat.breakItem.minecraft.stone_pickaxe":3,"stat.craftItem.minecraft.diamond_boots":4,"stat.craftItem.minecraft.writable_book":2,"stat.useItem.minecraft.redstone_block":5,"stat.drop.minecraft.leather_chestplate":42,"stat.useItem.minecraft.spruce_stairs":83,"stat.craftItem.minecraft.redstone":3596,"stat.useItem.minecraft.cactus":16,"stat.pickup.minecraft.chorus_fruit":400,"stat.drop.minecraft.purpur_block":35,"stat.killEntity.Chicken":1485,"stat.drop.minecraft.crafting_table":1,"stat.useItem.minecraft.iron_block":9,"stat.mineBlock.minecraft.quartz_ore":309,"stat.pickup.minecraft.concrete_powder":366,"stat.drop.minecraft.diamond_boots":2,"stat.craftItem.minecraft.fence":741,"stat.mineBlock.minecraft.leaves":6325,"stat.mineBlock.minecraft.piston":53,"stat.mineBlock.minecraft.bone_block":47,"stat.craftItem.minecraft.tripwire_hook":148,"stat.pickup.minecraft.wooden_slab":2377,"stat.leaveGame":356,"stat.useItem.minecraft.glowstone":130,"stat.mineBlock.minecraft.sandstone":74,"stat.craftItem.minecraft.ender_eye":24,"stat.breakItem.minecraft.wooden_sword":5,"stat.killEntity.PigZombie":8,"stat.craftItem.minecraft.shield":1,"stat.craftItem.minecraft.stone_pressure_plate":6,"stat.drop.minecraft.feather":1461,"stat.pickup.minecraft.brick_block":470,"stat.drop.minecraft.brick_block":64,"stat.useItem.minecraft.birch_boat":3,"stat.craftItem.minecraft.noteblock":1,"stat.mineBlock.minecraft.wooden_slab":1543,"stat.pickup.minecraft.leather_boots":22,"stat.killEntity.Witch":5,"stat.drop.minecraft.sand":8,"stat.drop.minecraft.gold_ingot":14,"stat.craftItem.minecraft.wooden_pickaxe":8,"stat.craftItem.minecraft.iron_door":6,"stat.useItem.minecraft.iron_shovel":482,"stat.drop.minecraft.chainmail_leggings":2,"stat.mineBlock.minecraft.brick_block":410,"stat.drop.minecraft.cooked_mutton":79,"stat.craftItem.minecraft.bed":8,"stat.mineBlock.minecraft.vine":599,"stat.mineBlock.minecraft.hopper":118,"stat.pickup.minecraft.melon_block":101,"stat.drop.minecraft.gravel":202,"stat.mineBlock.minecraft.rail":1310,"stat.useItem.minecraft.pumpkin_seeds":71,"stat.killEntity.ZombieVillager":21,"stat.noteblockPlayed":6,"stat.drop.minecraft.red_flower":2,"stat.useItem.minecraft.double_plant":14,"stat.pickup.minecraft.prismarine":316,"stat.pickup.minecraft.beef":1178,"stat.pickup.minecraft.leather_helmet":6,"stat.mineBlock.minecraft.stained_hardened_clay":10,"stat.useItem.minecraft.trapdoor":226,"stat.useItem.minecraft.blue_shulker_box":4,"stat.drop.minecraft.stone_pressure_plate":1,"stat.pickup.minecraft.potion":36,"stat.useItem.minecraft.wooden_button":8,"stat.craftItem.minecraft.dropper":30,"stat.useItem.minecraft.dye":1471,"stat.mineBlock.minecraft.stone_pressure_plate":2,"stat.useItem.minecraft.nether_brick":11,"stat.drop.minecraft.torch":21,"stat.drop.minecraft.glass_bottle":65,"stat.mineBlock.minecraft.tallgrass":1181,"stat.useItem.minecraft.splash_potion":1,"stat.drop.minecraft.chorus_flower":1,"stat.useItem.minecraft.stone":24211,"stat.pickup.minecraft.arrow":1723,"stat.pickup.minecraft.wooden_pressure_plate":1,"stat.killEntity.Ghast":1,"stat.useItem.minecraft.ender_chest":58,"stat.useItem.minecraft.white_shulker_box":17,"stat.drop.minecraft.iron_pickaxe":2,"stat.mineBlock.minecraft.chest":242,"stat.drop.minecraft.mushroom_stew":1,"stat.mineBlock.minecraft.concrete_powder":22,"stat.craftItem.minecraft.hopper":569,"stat.pickup.minecraft.gray_shulker_box":3,"stat.pickup.minecraft.yellow_shulker_box":4,"stat.useItem.minecraft.reeds":164,"stat.pickup.minecraft.birch_boat":2,"stat.craftItem.minecraft.wooden_sword":8,"stat.craftItem.minecraft.nether_brick":1,"stat.craftItem.minecraft.diamond_shovel":1,"stat.pickup.minecraft.wheat_seeds":5385,"stat.mineBlock.minecraft.glass":1262,"stat.useItem.minecraft.enchanting_table":4,"stat.mineBlock.minecraft.dirt":40823,"stat.pickup.minecraft.poisonous_potato":103,"stat.pickup.minecraft.brewing_stand":2,"stat.pickup.minecraft.light_blue_shulker_box":6,"stat.useItem.minecraft.cobblestone":72094,"stat.craftItem.minecraft.leather_boots":14,"stat.useItem.minecraft.gravel":486,"stat.mineBlock.minecraft.double_plant":45,"stat.minecartOneCm":10171,"stat.pickup.minecraft.iron_pickaxe":4,"stat.drop.minecraft.carrot":370,"stat.mineBlock.minecraft.end_rod":170,"stat.craftItem.minecraft.gold_ingot":788,"stat.pickup.minecraft.hopper":109,"stat.mineBlock.minecraft.silver_shulker_box":5,"stat.craftItem.minecraft.brewing_stand":2,"stat.pickup.minecraft.apple":256,"stat.useItem.minecraft.fireworks":5,"stat.pickup.minecraft.banner":11,"stat.itemEnchanted":5,"stat.mineBlock.minecraft.log":7067,"stat.useItem.minecraft.wooden_door":68,"stat.craftItem.minecraft.paper":37692,"stat.pickup.minecraft.red_flower":48,"stat.pickup.minecraft.wool":874,"stat.useItem.minecraft.chorus_fruit":1,"stat.craftItem.minecraft.trapped_chest":78,"stat.pickup.minecraft.trapped_chest":7,"stat.cakeSlicesEaten":5,"stat.drop.minecraft.pumpkin":49,"stat.mineBlock.minecraft.orange_glazed_terracotta":1,"stat.craftItem.minecraft.diamond_leggings":3,"stat.useItem.minecraft.iron_axe":256,"stat.useItem.minecraft.orange_glazed_terracotta":1,"stat.mineBlock.minecraft.yellow_flower":37,"stat.useItem.minecraft.skull":8,"stat.craftItem.minecraft.wool":363,"stat.drop.minecraft.saddle":6,"stat.useItem.minecraft.concrete_powder":2906,"stat.pickup.minecraft.enchanted_book":14,"stat.pickup.minecraft.glowstone":215,"stat.craftItem.minecraft.arrow":10,"stat.pickup.minecraft.sticky_piston":38,"stat.useItem.minecraft.obsidian":62,"stat.pickup.minecraft.bow":118,"stat.mineBlock.minecraft.detector_rail":3,"stat.useItem.minecraft.egg":2984,"stat.craftItem.minecraft.spruce_boat":4,"stat.pickup.minecraft.coal_ore":117,"stat.craftItem.minecraft.cooked_beef":81,"stat.mineBlock.minecraft.obsidian":665,"stat.pickup.minecraft.shears":3,"stat.craftItem.minecraft.bow":210,"stat.pickup.minecraft.iron_trapdoor":13,"stat.flyOneCm":15837744,"stat.pickup.minecraft.sandstone":101,"stat.craftItem.minecraft.furnace_minecart":2,"stat.pickup.minecraft.fish":1587,"stat.craftItem.minecraft.stained_glass":552,"stat.craftItem.minecraft.emerald_block":50,"stat.timeSinceDeath":10287121,"stat.killEntity.Bat":5,"stat.useItem.minecraft.potato":3486,"stat.pickup.minecraft.chainmail_helmet":4,"stat.pickup.minecraft.nether_wart":1071,"stat.pickup.minecraft.spruce_fence":6,"stat.mineBlock.minecraft.enchanting_table":3,"stat.craftItem.minecraft.concrete_powder":3600,"stat.mineBlock.minecraft.coal_ore":12905,"stat.craftItem.minecraft.stone_hoe":6,"stat.talkedToVillager":2370,"stat.drop.minecraft.baked_potato":20,"stat.mineBlock.minecraft.red_mushroom_block":102,"stat.pickup.minecraft.string":271,"stat.mineBlock.minecraft.ladder":42,"stat.useItem.minecraft.written_book":16,"stat.mineBlock.minecraft.chorus_flower":261,"stat.useItem.minecraft.diamond_shovel":49612,"stat.pickup.minecraft.bone_block":48,"stat.mineBlock.minecraft.diamond_ore":1003,"stat.pickup.minecraft.fireworks":677,"stat.craftItem.minecraft.wooden_pressure_plate":1,"stat.craftItem.minecraft.speckled_melon":204,"stat.useItem.minecraft.wooden_sword":300,"stat.breakItem.minecraft.iron_shovel":1,"stat.useItem.minecraft.ladder":844,"stat.useItem.minecraft.diamond_ore":3,"stat.drop.minecraft.purpur_pillar":10,"stat.useItem.minecraft.cyan_shulker_box":6,"stat.pickup.minecraft.snowball":8,"stat.useItem.minecraft.birch_stairs":204,"stat.diveOneCm":1222872,"stat.useItem.minecraft.sticky_piston":74,"stat.craftItem.minecraft.ladder":765,"stat.pickup.minecraft.stone_axe":1,"stat.pickup.minecraft.stained_glass_pane":378,"stat.drop.minecraft.apple":8,"stat.craftItem.minecraft.diamond_sword":5,"stat.drop.minecraft.sandstone":10,"stat.mineBlock.minecraft.blue_shulker_box":4,"stat.jump":90783,"stat.useItem.minecraft.sand":261,"stat.pickup.minecraft.white_shulker_box":17,"stat.mineBlock.minecraft.light_blue_glazed_terracotta":370,"stat.craftItem.minecraft.torch":13856,"stat.craftItem.minecraft.fermented_spider_eye":30,"stat.mineBlock.minecraft.spruce_fence_gate":5,"stat.mineBlock.minecraft.purpur_block":231,"stat.useItem.minecraft.glass":2980,"stat.useItem.minecraft.sapling":803,"stat.pickup.minecraft.gold_ore":907,"stat.mineBlock.minecraft.glass_pane":6,"stat.damageTaken":30541,"stat.mineBlock.minecraft.melon_block":559,"stat.mineBlock.minecraft.sapling":16,"stat.pickup.minecraft.log2":87,"stat.useItem.minecraft.purple_shulker_box":348,"stat.pickup.minecraft.bed":20,"stat.pickup.minecraft.concrete":3280,"stat.pickup.minecraft.quartz_block":74,"stat.pickup.minecraft.potato":7652,"stat.killEntity.Shulker":68,"stat.entityKilledBy.Zombie":1,"stat.killEntity.Silverfish":4,"stat.craftItem.minecraft.stone_slab":5448,"stat.animalsBred":1415,"stat.useItem.minecraft.chest":494,"stat.mineBlock.minecraft.light_blue_shulker_box":6,"stat.shulkerBoxOpened":1178,"stat.craftItem.minecraft.iron_chestplate":1,"stat.pickup.minecraft.baked_potato":333,"stat.drop.minecraft.potato":1266,"stat.pickup.minecraft.ender_pearl":1238,"stat.pickup.minecraft.ladder":401,"stat.useItem.minecraft.netherrack":929,"stat.craftItem.minecraft.stained_glass_pane":1136,"stat.mineBlock.minecraft.tnt":9,"stat.craftItem.minecraft.bookshelf":37,"stat.useItem.minecraft.tripwire_hook":11,"stat.mineBlock.minecraft.stonebrick":1710,"stat.mineBlock.minecraft.glowstone":106,"stat.craftItem.minecraft.shears":13,"stat.useItem.minecraft.cobblestone_wall":453,"stat.pickup.minecraft.iron_horse_armor":14,"stat.useItem.minecraft.writable_book":6,"stat.pickup.minecraft.torch":6307,"stat.drop.minecraft.diamond_shovel":1,"stat.pickup.minecraft.spruce_boat":36,"stat.drop.minecraft.stone_axe":3,"stat.drop.minecraft.arrow":10875,"stat.craftItem.minecraft.iron_axe":1,"stat.mineBlock.minecraft.purple_shulker_box":347,"stat.useItem.minecraft.lead":1,"stat.pickup.minecraft.lapis_block":17,"stat.pickup.minecraft.fishing_rod":14,"stat.useItem.minecraft.planks":3390,"stat.pickup.minecraft.porkchop":1073,"stat.pickup.minecraft.glass":703,"stat.pickup.minecraft.blaze_powder":111,"stat.drop.minecraft.melon":69,"stat.useItem.minecraft.water_bucket":1507,"stat.pickup.minecraft.sand":7307,"stat.entityKilledBy.Spider":1,"stat.pickup.minecraft.name_tag":96,"stat.aviateOneCm":147793213,"stat.useItem.minecraft.brown_mushroom":2,"stat.useItem.minecraft.ender_pearl":88,"stat.craftItem.minecraft.blaze_powder":480,"stat.drop.minecraft.golden_sword":1,"stat.useItem.minecraft.oak_stairs":572,"stat.craftItem.minecraft.golden_carrot":196,"stat.drop.minecraft.stone_slab":1,"stat.pickup.minecraft.fence_gate":18,"stat.mineBlock.minecraft.birch_stairs":81,"stat.pickup.minecraft.filled_map":2,"stat.pickup.minecraft.furnace":8,"stat.useItem.minecraft.redstone":1559,"stat.mineBlock.minecraft.end_bricks":70,"stat.mineBlock.minecraft.redstone_lamp":28,"stat.pickup.minecraft.iron_chestplate":4,"stat.pickup.minecraft.end_rod":182,"stat.pickup.minecraft.skull":57,"stat.useItem.minecraft.stone_stairs":274,"stat.useItem.minecraft.hopper":639,"stat.mineBlock.minecraft.oak_stairs":183,"stat.playOneMinute":40651636,"stat.drop.minecraft.string":22,"stat.useItem.minecraft.shears":1875,"stat.mineBlock.minecraft.brown_mushroom_block":123,"stat.pickup.minecraft.iron_bars":168,"stat.pickup.minecraft.dispenser":6,"stat.craftItem.minecraft.carpet":45,"stat.mineBlock.minecraft.dispenser":4,"stat.mineBlock.minecraft.netherrack":9479,"stat.drop.minecraft.flint":107,"stat.craftItem.minecraft.golden_rail":66,"stat.craftItem.minecraft.iron_nugget":85,"stat.pickup.minecraft.cooked_chicken":12,"stat.fallOneCm":648798,"stat.drop.minecraft.dye":200,"stat.craftItem.minecraft.chest":1041,"stat.mineBlock.minecraft.lever":66,"stat.pickup.minecraft.red_mushroom":53,"stat.useItem.minecraft.iron_hoe":920,"stat.pickup.minecraft.comparator":53,"stat.pickup.minecraft.feather":1607,"stat.pickup.minecraft.record_cat":3,"stat.mineBlock.minecraft.spruce_fence":6,"stat.useItem.minecraft.yellow_shulker_box":4,"stat.pickup.minecraft.lead":28,"stat.useItem.minecraft.stone_pickaxe":517,"stat.craftItem.minecraft.birch_stairs":208,"stat.useItem.minecraft.stone_sword":68,"stat.craftItem.minecraft.iron_leggings":2,"stat.craftItem.minecraft.oak_stairs":578,"stat.pickup.minecraft.redstone_ore":3,"stat.pickup.minecraft.chainmail_boots":1,"stat.drop.minecraft.stick":46,"stat.pickup.minecraft.record_13":4,"stat.useItem.minecraft.iron_bars":148,"stat.mineBlock.minecraft.quartz_stairs":63,"stat.useItem.minecraft.bone_block":80,"stat.killEntity.LavaSlime":9,"stat.pickup.minecraft.log":7417,"stat.mineBlock.minecraft.golden_rail":124,"stat.pickup.minecraft.tallgrass":2,"stat.drop.minecraft.lapis_block":17,"stat.pickup.minecraft.chainmail_leggings":3,"stat.pickup.minecraft.wooden_door":57,"stat.entityKilledBy.Enderman":7,"stat.mineBlock.minecraft.iron_block":1,"stat.mineBlock.minecraft.tripwire_hook":5,"stat.pickup.minecraft.diamond_helmet":7,"stat.craftItem.minecraft.cooked_chicken":122,"stat.useItem.minecraft.stone_hoe":306,"stat.useItem.minecraft.beetroot_seeds":88,"stat.sneakTime":938648,"stat.mineBlock.minecraft.cobblestone_wall":51,"stat.mineBlock.minecraft.yellow_shulker_box":4,"stat.useItem.minecraft.brewing_stand":4,"stat.pickup.minecraft.chest":254,"stat.craftItem.minecraft.enchanting_table":1,"stat.craftItem.minecraft.leather_leggings":11,"stat.useItem.minecraft.lapis_block":60,"stat.pickup.minecraft.stone_pressure_plate":3,"stat.pickup.minecraft.lit_pumpkin":103,"stat.drop.minecraft.beetroot":114,"stat.useItem.minecraft.repeater":265,"stat.drop.minecraft.leather_helmet":45,"stat.craftItem.minecraft.stone_brick_stairs":2148,"stat.craftItem.minecraft.iron_trapdoor":23,"stat.swimOneCm":3187988,"stat.mineBlock.minecraft.spruce_stairs":23,"stat.useItem.minecraft.dirt":23586,"stat.pickup.minecraft.purpur_block":337,"stat.pickup.minecraft.enchanting_table":4,"stat.useItem.minecraft.detector_rail":12,"stat.craftItem.minecraft.melon_block":9023,"stat.drop.minecraft.ender_pearl":164,"stat.mineBlock.minecraft.magma":241,"stat.pickup.minecraft.quartz_stairs":62,"stat.mineBlock.minecraft.carpet":10,"stat.drop.minecraft.fence":4,"stat.pickup.minecraft.gold_block":14,"stat.mineBlock.minecraft.redstone_block":1,"stat.pickup.minecraft.glass_bottle":236,"stat.drop.minecraft.wheat_seeds":870,"stat.craftItem.minecraft.wooden_slab":4808,"stat.drop.minecraft.log":8,"stat.useItem.minecraft.sign":134,"stat.pickup.minecraft.mutton":991,"stat.useItem.minecraft.lever":173,"stat.mineBlock.minecraft.coal_block":3,"stat.drop.minecraft.golden_boots":2,"stat.pickup.minecraft.stonebrick":2105,"stat.pickup.minecraft.redstone_lamp":28,"stat.drop.minecraft.beetroot_seeds":14,"stat.mineBlock.minecraft.nether_brick":13,"stat.craftItem.minecraft.brick_block":232,"stat.drop.minecraft.orange_glazed_terracotta":1,"stat.drop.minecraft.potion":1,"stat.useItem.minecraft.stone_slab":2154,"stat.pickup.minecraft.speckled_melon":4,"stat.useItem.minecraft.bed":26,"stat.craftItem.minecraft.stone":11667,"stat.mineBlock.minecraft.crafting_table":46,"stat.useItem.minecraft.diamond_pickaxe":210534,"stat.mineBlock.minecraft.quartz_block":74,"stat.useItem.minecraft.carrot":3488,"stat.killEntity.Endermite":3,"stat.useItem.minecraft.bucket":1822,"stat.pickup.minecraft.stone_button":1,"stat.pickup.minecraft.slime_ball":659,"stat.useItem.minecraft.purpur_block":28,"stat.mineBlock.minecraft.cyan_shulker_box":6,"stat.craftItem.minecraft.diamond_pickaxe":9,"stat.pickup.minecraft.gravel":5172,"stat.useItem.minecraft.glass_bottle":109,"stat.useItem.minecraft.diamond_axe":14610,"stat.pickup.minecraft.purpur_stairs":62,"stat.useItem.minecraft.stained_glass_pane":147,"stat.pickup.minecraft.stone_brick_stairs":752,"stat.pickup.minecraft.diamond_sword":19,"stat.killEntity.SkeletonHorse":3,"stat.pickup.minecraft.iron_helmet":6,"stat.craftItem.minecraft.birch_boat":1,"stat.pickup.minecraft.black_shulker_box":7,"stat.useItem.minecraft.piston":305,"stat.craftItem.minecraft.bread":25,"stat.pickup.minecraft.spider_eye":44,"stat.useItem.minecraft.stone_button":3,"stat.pickup.minecraft.diamond_ore":44,"stat.useItem.minecraft.cooked_chicken":66,"stat.pickup.minecraft.iron_ore":6632,"stat.mineBlock.minecraft.iron_bars":41,"stat.pickup.minecraft.leaves":1677,"stat.pickup.minecraft.leather":1134,"stat.useItem.minecraft.wooden_pickaxe":101,"stat.dispenserInspected":174,"stat.pickup.minecraft.reeds":1309,"stat.craftItem.minecraft.glass":911,"stat.drop.minecraft.cooked_chicken":1,"stat.sleepInBed":704,"stat.craftItem.minecraft.baked_potato":128,"stat.drop.minecraft.shulker_shell":16,"stat.killEntity.Cow":462,"stat.pickup.minecraft.minecart":133,"stat.killEntity.Pig":384,"stat.craftItem.minecraft.iron_sword":2,"stat.pickup.minecraft.piston":77,"stat.walkOneCm":103780740,"stat.pickup.minecraft.clay_ball":1016,"stat.mineBlock.minecraft.trapped_chest":7,"stat.useItem.minecraft.emerald_block":209,"stat.pickup.minecraft.purpur_slab":86,"stat.useItem.minecraft.spruce_boat":36,"stat.drop.minecraft.diamond_axe":4,"stat.pickup.minecraft.tnt":18,"stat.pickup.minecraft.stone":33477,"stat.mineBlock.minecraft.wool":6,"stat.drop.minecraft.diamond_leggings":1,"stat.mineBlock.minecraft.packed_ice":1005,"stat.useItem.minecraft.leaves":759,"stat.craftItem.minecraft.minecart":54,"stat.pickup.minecraft.gold_ingot":49,"stat.useItem.minecraft.prismarine":42,"stat.killEntity.Skeleton":4532,"stat.mineBlock.minecraft.cactus":3,"stat.pickup.minecraft.netherbrick":1,"stat.mineBlock.minecraft.redstone_torch":324,"stat.killEntity.Spider":40,"stat.pickup.minecraft.bread":23,"stat.craftItem.minecraft.spruce_fence":87,"stat.pickup.minecraft.quartz":780,"stat.pickup.minecraft.water_bucket":10,"stat.breakItem.minecraft.iron_axe":1,"stat.pickup.minecraft.spruce_stairs":23,"stat.mineBlock.minecraft.redstone_ore":6343,"stat.pickup.minecraft.lava_bucket":2,"stat.pickup.minecraft.elytra":7,"stat.craftItem.minecraft.coal_block":2908,"stat.mineBlock.minecraft.stone":142197,"stat.breakItem.minecraft.wooden_pickaxe":1,"stat.useItem.minecraft.sandstone":50}