{"stat.useItem.minecraft.bow":1328,"stat.useItem.minecraft.painting":118,"stat.drop.minecraft.gunpowder":36,"stat.drop.minecraft.redstone":11,"stat.mineBlock.minecraft.stained_glass":229,"stat.drop.minecraft.enchanted_book":1,"stat.mineBlock.minecraft.web":10,"stat.drop.minecraft.coal_block":46,"stat.drop.minecraft.iron_sword":2,"stat.pickup.minecraft.rotten_flesh":6187,"stat.useItem.minecraft.diamond_hoe":3,"stat.craftItem.minecraft.stone_axe":2,"stat.drop.minecraft.leather_boots":11,"stat.useItem.minecraft.vine":546,"stat.pickup.minecraft.cobblestone_wall":112,"stat.pickup.minecraft.bucket":5,"stat.useItem.minecraft.rail":571,"stat.killEntity.Enderman":2583,"stat.useItem.minecraft.anvil":32,"stat.craftItem.minecraft.iron_shovel":1,"stat.pickup.minecraft.brown_mushroom":249,"stat.killEntity.Villager":16,"stat.useItem.minecraft.iron_pickaxe":876,"stat.pickup.minecraft.stained_hardened_clay":1048,"stat.pickup.minecraft.double_plant":1652,"stat.craftItem.minecraft.glass_pane":32,"stat.useItem.minecraft.hardened_clay":200,"stat.pickup.minecraft.light_weighted_pressure_plate":6,"stat.mineBlock.minecraft.sticky_piston":2,"stat.furnaceInteraction":916,"stat.useItem.minecraft.nether_wart":189,"stat.pickup.minecraft.nether_brick":6,"stat.craftItem.minecraft.leather_helmet":2,"stat.useItem.minecraft.green_shulker_box":250,"stat.mineBlock.minecraft.wooden_button":2,"stat.drop.minecraft.cactus":18,"stat.drop.minecraft.light_weighted_pressure_plate":3,"stat.pickup.minecraft.hay_block":16,"stat.pickup.minecraft.cyan_shulker_box":96,"stat.useItem.minecraft.fence":86,"stat.drop.minecraft.furnace":26,"stat.useItem.minecraft.cauldron":14,"stat.mineBlock.minecraft.fence":95,"stat.useItem.minecraft.flint_and_steel":67,"stat.useItem.minecraft.wheat_seeds":2032,"stat.mineBlock.minecraft.sea_lantern":13,"stat.drop.minecraft.cooked_fish":4,"stat.killEntity.Husk":20,"stat.pickup.minecraft.emerald":2,"stat.pickup.minecraft.lever":2,"stat.deaths":3,"stat.pickup.minecraft.bowl":11,"stat.pickup.minecraft.egg":90,"stat.mineBlock.minecraft.brown_shulker_box":339,"stat.craftItem.minecraft.item_frame":81,"stat.craftItem.minecraft.iron_pickaxe":5,"stat.pickup.minecraft.glass_pane":67,"stat.pickup.minecraft.item_frame":61,"stat.pickup.minecraft.sea_lantern":12,"stat.drop.minecraft.iron_ingot":6,"stat.craftItem.minecraft.repeater":48,"stat.mineBlock.minecraft.light_weighted_pressure_plate":3,"stat.craftItem.minecraft.cooked_mutton":230,"stat.fishCaught":11123,"stat.pickup.minecraft.cooked_mutton":69,"stat.chestOpened":7700,"stat.craftItem.minecraft.mossy_cobblestone":26,"stat.useItem.minecraft.lapis_ore":16,"stat.craftItem.minecraft.sign":150,"stat.pickup.minecraft.iron_sword":15,"stat.pickup.minecraft.lapis_ore":60,"stat.craftItem.minecraft.quartz_block":55,"stat.pickup.minecraft.gold_nugget":29,"stat.craftItem.minecraft.coal":486,"stat.craftItem.minecraft.ender_chest":38,"stat.pickup.minecraft.carrot":3166,"stat.drop.minecraft.stone_sword":3,"stat.crouchOneCm":1109146,"stat.pickup.minecraft.rail":373,"stat.craftItem.minecraft.iron_ingot":2102,"stat.pickup.minecraft.ender_chest":268,"stat.drop.minecraft.slime_ball":3,"stat.craftingTableInteraction":1566,"stat.mineBlock.minecraft.wooden_pressure_plate":14,"stat.useItem.minecraft.light_blue_shulker_box":26,"stat.pickup.minecraft.repeater":17,"stat.pickup.minecraft.wooden_pickaxe":1,"stat.mineBlock.minecraft.log2":8992,"stat.drop.minecraft.double_plant":35,"stat.useItem.minecraft.dark_oak_fence":305,"stat.pickup.minecraft.dye":2746,"stat.pickup.minecraft.planks":6004,"stat.drop.minecraft.carpet":3,"stat.mineBlock.minecraft.ender_chest":268,"stat.pickup.minecraft.ice":1,"stat.flowerPotted":44,"stat.drop.minecraft.rotten_flesh":759,"stat.pickup.minecraft.magma":319,"stat.drop.minecraft.coal_ore":21,"stat.drop.minecraft.iron_ore":38,"stat.useItem.minecraft.yellow_flower":1,"stat.drop.minecraft.sapling":381,"stat.pickup.minecraft.chicken":49,"stat.drop.minecraft.gold_nugget":8,"stat.pickup.minecraft.tipped_arrow":129,"stat.useItem.minecraft.glass_pane":18,"stat.pickup.minecraft.coal_block":6,"stat.drop.minecraft.fish":253,"stat.craftItem.minecraft.bucket":7,"stat.craftItem.minecraft.planks":25708,"stat.useItem.minecraft.iron_sword":540,"stat.craftItem.minecraft.dirt":4920,"stat.craftItem.minecraft.fishing_rod":2,"stat.pickup.minecraft.stone_sword":1,"stat.pickup.minecraft.book":105,"stat.useItem.minecraft.stonebrick":2153,"stat.mineBlock.minecraft.waterlily":363,"stat.pickup.minecraft.iron_door":5,"stat.drop.minecraft.leather_leggings":9,"stat.pickup.minecraft.red_nether_brick":129,"stat.pickup.minecraft.cooked_fish":204,"stat.craftItem.minecraft.spruce_door":48,"stat.pickup.minecraft.tripwire_hook":23,"stat.pickup.minecraft.bookshelf":48,"stat.pickup.minecraft.spruce_fence_gate":29,"stat.mineBlock.minecraft.cobblestone":2725,"stat.mineBlock.minecraft.pumpkin":16,"stat.useItem.minecraft.beacon":5,"stat.pickup.minecraft.stone_pickaxe":2,"stat.pickup.minecraft.flint":138,"stat.drop.minecraft.beacon":1,"stat.pickup.minecraft.leather_chestplate":41,"stat.mineBlock.minecraft.concrete":3767,"stat.pickup.minecraft.flower_pot":7,"stat.mineBlock.minecraft.stained_glass_pane":1,"stat.pickup.minecraft.lime_shulker_box":109,"stat.drop.minecraft.cobblestone":703,"stat.pickup.minecraft.cooked_porkchop":133,"stat.breakItem.minecraft.iron_pickaxe":3,"stat.mineBlock.minecraft.dropper":24,"stat.pickup.minecraft.iron_boots":6,"stat.pickup.minecraft.diamond_horse_armor":3,"stat.craftItem.minecraft.furnace":51,"stat.craftItem.minecraft.lapis_block":50,"stat.drop.minecraft.golden_helmet":10,"stat.craftItem.minecraft.iron_boots":6,"stat.useItem.minecraft.spruce_fence_gate":60,"stat.mineBlock.minecraft.clay":187,"stat.pickup.minecraft.diamond_leggings":1,"stat.drop.minecraft.chainmail_chestplate":3,"stat.useItem.minecraft.wooden_slab":11003,"stat.drop.minecraft.spider_eye":13,"stat.craftItem.minecraft.beacon":1,"stat.useItem.minecraft.iron_door":6,"stat.craftItem.minecraft.iron_block":106,"stat.craftItem.minecraft.stonebrick":1380,"stat.useItem.minecraft.brown_shulker_box":338,"stat.breakItem.minecraft.diamond_pickaxe":1,"stat.drop.minecraft.flint_and_steel":1,"stat.drop.minecraft.wool":33,"stat.killEntity.Creeper":104,"stat.useItem.minecraft.armor_stand":9,"stat.useItem.minecraft.silver_shulker_box":152,"stat.pickup.minecraft.brown_shulker_box":339,"stat.drop.minecraft.birch_fence":18,"stat.killEntity.Squid":171,"stat.useItem.minecraft.dropper":30,"stat.sprintOneCm":63696884,"stat.mineBlock.minecraft.stone_slab":512,"stat.useItem.minecraft.hay_block":18,"stat.drop.minecraft.leather":16,"stat.drop.minecraft.dark_oak_door":1,"stat.pickup.minecraft.leather_leggings":49,"stat.drop.minecraft.boat":1,"stat.drop.minecraft.cobblestone_wall":6,"stat.pickup.minecraft.vine":613,"stat.craftItem.minecraft.leather_chestplate":2,"stat.useItem.minecraft.banner":39,"stat.craftItem.minecraft.emerald":261,"stat.pickup.minecraft.iron_block":831,"stat.killEntity.Zombie":7658,"stat.craftItem.minecraft.dye":20627,"stat.craftItem.minecraft.diamond_axe":5,"stat.mineBlock.minecraft.gold_ore":275,"stat.drop.minecraft.diamond_pickaxe":7,"stat.pickup.minecraft.wheat":1666,"stat.mineBlock.minecraft.mossy_cobblestone":161,"stat.pickup.minecraft.sign":101,"stat.craftItem.minecraft.cooked_porkchop":255,"stat.pickup.minecraft.obsidian":423,"stat.useItem.minecraft.iron_trapdoor":4,"stat.pickup.minecraft.coal":3599,"stat.pickup.minecraft.iron_ingot":306,"stat.craftItem.minecraft.lever":12,"stat.drop.minecraft.diamond_sword":3,"stat.pickup.minecraft.gunpowder":116,"stat.pickup.minecraft.dirt":34292,"stat.useItem.minecraft.coal_ore":265,"stat.drop.minecraft.iron_shovel":3,"stat.useItem.minecraft.dispenser":24,"stat.mineBlock.minecraft.lapis_ore":162,"stat.brewingstandInteraction":25,"stat.useItem.minecraft.stone_brick_stairs":207,"stat.mineBlock.minecraft.torch":2046,"stat.mineBlock.minecraft.red_flower":622,"stat.pickup.minecraft.written_book":11,"stat.tradedWithVillager":279,"stat.pickup.minecraft.magma_cream":37,"stat.noteblockTuned":865538,"stat.pickup.minecraft.ender_eye":1,"stat.craftItem.minecraft.comparator":21,"stat.craftItem.minecraft.glowstone":3,"stat.useItem.minecraft.birch_fence":2,"stat.pickup.minecraft.diamond_axe":15,"stat.pickup.minecraft.shulker_shell":12,"stat.mineBlock.minecraft.birch_fence":2,"stat.pickup.minecraft.green_shulker_box":253,"stat.drop.minecraft.item_frame":2,"stat.drop.minecraft.wheat":6,"stat.pickup.minecraft.diamond_pickaxe":15,"stat.useItem.minecraft.pumpkin":10,"stat.useItem.minecraft.gold_ore":2,"stat.drop.minecraft.netherrack":1830,"stat.pickup.minecraft.red_mushroom_block":46,"stat.craftItem.minecraft.wheat":99,"stat.useItem.minecraft.item_frame":126,"stat.useItem.minecraft.stained_hardened_clay":6996,"stat.drop.minecraft.egg":1,"stat.useItem.minecraft.redstone_ore":76,"stat.pickup.minecraft.cooked_beef":94,"stat.useItem.minecraft.concrete":2387,"stat.pickup.minecraft.dark_oak_stairs":241,"stat.mobKills":21371,"stat.pickup.minecraft.diamond_boots":2,"stat.mineBlock.minecraft.bookshelf":79,"stat.useItem.minecraft.boat":7,"stat.useItem.minecraft.mossy_cobblestone":15,"stat.craftItem.minecraft.lead":8,"stat.pickup.minecraft.diamond":183,"stat.pickup.minecraft.beetroot_seeds":152,"stat.craftItem.minecraft.nether_brick_stairs":16,"stat.craftItem.minecraft.spruce_stairs":2552,"stat.craftItem.minecraft.map":8,"stat.useItem.minecraft.string":2,"stat.drop.minecraft.mutton":1,"stat.useItem.minecraft.bookshelf":87,"stat.useItem.minecraft.soul_sand":21,"stat.killEntity.Blaze":67,"stat.drop.minecraft.skull":3,"stat.useItem.minecraft.gray_shulker_box":78,"stat.pickup.minecraft.golden_boots":60,"stat.pickup.minecraft.glowstone_dust":43,"stat.drop.minecraft.bowl":1,"stat.mineBlock.minecraft.white_shulker_box":107,"stat.mineBlock.minecraft.red_mushroom":3,"stat.mineBlock.minecraft.stone_brick_stairs":120,"stat.drop.minecraft.golden_leggings":16,"stat.pickup.minecraft.observer":1,"stat.craftItem.minecraft.lit_pumpkin":2,"stat.craftItem.minecraft.cobblestone_wall":252,"stat.craftItem.minecraft.stone_sword":3,"stat.pickup.minecraft.chainmail_chestplate":18,"stat.mineBlock.minecraft.sand":38666,"stat.hopperInspected":622,"stat.pickup.minecraft.packed_ice":20,"stat.pickup.minecraft.ghast_tear":1,"stat.pickup.minecraft.armor_stand":3,"stat.trappedChestTriggered":2707,"stat.mineBlock.minecraft.gray_shulker_box":77,"stat.craftItem.minecraft.observer":4,"stat.drop.minecraft.spruce_door":2,"stat.craftItem.minecraft.pumpkin_seeds":4,"stat.pickup.minecraft.wooden_button":3,"stat.drop.minecraft.green_shulker_box":1,"stat.drop.minecraft.wooden_pressure_plate":9,"stat.useItem.minecraft.minecart":11,"stat.useItem.minecraft.cooked_mutton":293,"stat.drop.minecraft.stained_hardened_clay":55,"stat.drop.minecraft.fishing_rod":3,"stat.drop.minecraft.pumpkin_seeds":6,"stat.killEntity.Horse":1,"stat.pickup.minecraft.stone_stairs":43,"stat.pickup.minecraft.pumpkin_seeds":12,"stat.drop.minecraft.fireworks":64,"stat.pickup.minecraft.saddle":25,"stat.mineBlock.minecraft.soul_sand":27,"stat.pickup.minecraft.mycelium":76,"stat.pickup.minecraft.blaze_rod":68,"stat.drop.minecraft.chest":6,"stat.pickup.minecraft.netherrack":57462,"stat.pickup.minecraft.pumpkin":14,"stat.pickup.minecraft.spruce_door":54,"stat.drop.minecraft.hopper":1,"stat.pickup.minecraft.waterlily":432,"stat.mineBlock.minecraft.ice":1,"stat.craftItem.minecraft.redstone_torch":190,"stat.pickup.minecraft.detector_rail":3,"stat.pickup.minecraft.brick_stairs":9,"stat.craftItem.minecraft.iron_hoe":2,"stat.drop.minecraft.stone":2613,"stat.useItem.minecraft.trapped_chest":155,"stat.pickup.minecraft.melon_seeds":12,"stat.pickup.minecraft.dropper":23,"stat.useItem.minecraft.black_shulker_box":69,"stat.pickup.minecraft.golden_leggings":66,"stat.pickup.minecraft.melon":7,"stat.dropperInspected":43,"stat.useItem.minecraft.golden_rail":142,"stat.craftItem.minecraft.detector_rail":30,"stat.drop.minecraft.bone":1305,"stat.craftItem.minecraft.wooden_button":3,"stat.useItem.minecraft.furnace":52,"stat.pickup.minecraft.iron_leggings":2,"stat.mineBlock.minecraft.gravel":14168,"stat.mineBlock.minecraft.beacon":6,"stat.useItem.minecraft.wool":19,"stat.pickup.minecraft.flint_and_steel":2,"stat.mineBlock.minecraft.green_shulker_box":250,"stat.useItem.minecraft.torch":7841,"stat.pickup.minecraft.golden_apple":5,"stat.craftItem.minecraft.redstone_block":268,"stat.craftItem.minecraft.stone_stairs":176,"stat.pickup.minecraft.crafting_table":198,"stat.useItem.minecraft.log":5194,"stat.useItem.minecraft.comparator":36,"stat.drop.minecraft.tallgrass":1,"stat.craftItem.minecraft.crafting_table":75,"stat.craftItem.minecraft.boat":7,"stat.pickup.minecraft.iron_hoe":1,"stat.mineBlock.minecraft.emerald_ore":1,"stat.pickup.minecraft.redstone_block":58,"stat.useItem.minecraft.cooked_fish":1081,"stat.drop.minecraft.sign":55,"stat.drop.minecraft.stonebrick":3,"stat.craftItem.minecraft.stone_button":29,"stat.drop.minecraft.planks":229,"stat.pickup.minecraft.web":39,"stat.pickup.minecraft.sapling":2753,"stat.drop.minecraft.bow":88,"stat.pickup.minecraft.beetroot":118,"stat.drop.minecraft.golden_chestplate":7,"stat.killEntity.WitherSkeleton":113,"stat.useItem.minecraft.wooden_pressure_plate":40,"stat.pickup.minecraft.golden_sword":2,"stat.mineBlock.minecraft.orange_shulker_box":21,"stat.drop.minecraft.bucket":3,"stat.craftItem.minecraft.spruce_fence_gate":36,"stat.useItem.minecraft.baked_potato":40,"stat.pickup.minecraft.stone_slab":600,"stat.drop.minecraft.yellow_flower":61,"stat.pickup.minecraft.yellow_flower":81,"stat.pickup.minecraft.golden_rail":82,"stat.useItem.minecraft.fishing_rod":15542,"stat.drop.minecraft.stone_pickaxe":2,"stat.craftItem.minecraft.diamond_chestplate":2,"stat.useItem.minecraft.brick_stairs":9,"stat.pickup.minecraft.bone":8479,"stat.craftItem.minecraft.sticky_piston":4,"stat.pickup.minecraft.redstone_torch":51,"stat.horseOneCm":149316,"stat.drop.minecraft.tripwire_hook":13,"stat.useItem.minecraft.log2":6063,"stat.drop.minecraft.glowstone_dust":1,"stat.drop.minecraft.red_mushroom":1,"stat.mineBlock.minecraft.black_shulker_box":68,"stat.mineBlock.minecraft.brown_mushroom":34,"stat.useItem.minecraft.diamond_sword":7500,"stat.craftItem.minecraft.diamond_helmet":2,"stat.climbOneCm":1210832,"stat.enderchestOpened":2305,"stat.useItem.minecraft.redstone_torch":72,"stat.pickup.minecraft.golden_helmet":35,"stat.craftItem.minecraft.purple_shulker_box":22,"stat.useItem.minecraft.jungle_boat":1,"stat.useItem.minecraft.red_flower":206,"stat.useItem.minecraft.magenta_shulker_box":144,"stat.craftItem.minecraft.bone_block":4,"stat.pickup.minecraft.anvil":21,"stat.useItem.minecraft.leaves2":1,"stat.craftItem.minecraft.trapdoor":28,"stat.craftItem.minecraft.stone_pickaxe":1,"stat.pickup.minecraft.cobblestone":27749,"stat.craftItem.minecraft.glass_bottle":21,"stat.pickup.minecraft.soul_sand":30,"stat.useItem.minecraft.cooked_beef":365,"stat.pickup.minecraft.cactus":133,"stat.drop.minecraft.clay_ball":4,"stat.pickup.minecraft.redstone":5477,"stat.craftItem.minecraft.dispenser":13,"stat.mineBlock.minecraft.iron_ore":1668,"stat.craftItem.minecraft.book":95,"stat.pickup.minecraft.mossy_cobblestone":159,"stat.useItem.minecraft.noteblock":1,"stat.drop.minecraft.coal":380,"stat.drop.minecraft.iron_bars":2,"stat.drop.minecraft.dirt":409,"stat.pickup.minecraft.iron_shovel":14,"stat.useItem.minecraft.cooked_porkchop":354,"stat.pickup.minecraft.carpet":150,"stat.pickup.minecraft.trapdoor":38,"stat.pickup.minecraft.diamond_shovel":5,"stat.mineBlock.minecraft.lime_shulker_box":108,"stat.useItem.minecraft.sea_lantern":48,"stat.pickup.minecraft.silver_shulker_box":151,"stat.pickup.minecraft.nether_star":1,"stat.useItem.minecraft.spruce_fence":1896,"stat.pickup.minecraft.paper":50,"stat.craftItem.minecraft.stick":4488,"stat.craftItem.minecraft.stained_hardened_clay":7292,"stat.craftItem.minecraft.gold_nugget":45,"stat.pickup.minecraft.grass":24302,"stat.useItem.minecraft.stone_pressure_plate":12,"stat.drop.minecraft.leaves":20,"stat.breakItem.minecraft.iron_hoe":1,"stat.breakItem.minecraft.shears":50,"stat.pickup.minecraft.blue_shulker_box":47,"stat.mineBlock.minecraft.planks":5846,"stat.drop":2691,"stat.killEntity.Sheep":116,"stat.drop.minecraft.iron_boots":2,"stat.pickup.minecraft.golden_chestplate":58,"stat.useItem.minecraft.melon_seeds":5,"stat.drop.minecraft.bread":97,"stat.drop.minecraft.nether_wart":1,"stat.craftItem.minecraft.piston":23,"stat.killEntity.Slime":134,"stat.mineBlock.minecraft.anvil":20,"stat.useItem.minecraft.lime_shulker_box":109,"stat.pickup.minecraft.purple_shulker_box":176,"stat.useItem.minecraft.waterlily":540,"stat.useItem.minecraft.apple":88,"stat.mineBlock.minecraft.deadbush":10,"stat.drop.minecraft.chainmail_helmet":2,"stat.useItem.minecraft.carpet":285,"stat.useItem.minecraft.potion":14,"stat.useItem.minecraft.flower_pot":48,"stat.pickup.minecraft.fence":96,"stat.useItem.minecraft.stone_axe":51,"stat.craftItem.minecraft.iron_helmet":3,"stat.craftItem.minecraft.rail":288,"stat.boatOneCm":3153614,"stat.craftItem.minecraft.flint_and_steel":2,"stat.mineBlock.minecraft.leaves2":322,"stat.mineBlock.minecraft.stone_stairs":42,"stat.craftItem.minecraft.iron_bars":48,"stat.mineBlock.minecraft.furnace":33,"stat.pickup.minecraft.dark_oak_fence":108,"stat.drop.minecraft.stone_button":8,"stat.craftItem.minecraft.netherbrick":195,"stat.craftItem.minecraft.birch_fence":18,"stat.pickup.minecraft.oak_stairs":222,"stat.pickup.minecraft.stained_glass":951,"stat.damageDealt":425306,"stat.craftItem.minecraft.anvil":12,"stat.mineBlock.minecraft.nether_brick_stairs":18,"stat.useItem.minecraft.crafting_table":248,"stat.pickup.minecraft.boat":3,"stat.craftItem.minecraft.stone_shovel":1,"stat.pickup.minecraft.stick":144,"stat.drop.minecraft.iron_block":84,"stat.craftItem.minecraft.diamond_boots":3,"stat.craftItem.minecraft.writable_book":4,"stat.useItem.minecraft.redstone_block":41,"stat.drop.minecraft.leather_chestplate":7,"stat.useItem.minecraft.spruce_stairs":3817,"stat.craftItem.minecraft.redstone":288,"stat.useItem.minecraft.cactus":15,"stat.killEntity.Chicken":43,"stat.drop.minecraft.crafting_table":4,"stat.useItem.minecraft.iron_block":517,"stat.mineBlock.minecraft.quartz_ore":573,"stat.pickup.minecraft.concrete_powder":2443,"stat.craftItem.minecraft.fence":45,"stat.mineBlock.minecraft.leaves":13996,"stat.mineBlock.minecraft.piston":2,"stat.mineBlock.minecraft.bone_block":3,"stat.mineBlock.minecraft.hay_block":16,"stat.craftItem.minecraft.tripwire_hook":28,"stat.beaconInteraction":14,"stat.pickup.minecraft.wooden_slab":3674,"stat.craftItem.minecraft.diamond_hoe":1,"stat.leaveGame":489,"stat.useItem.minecraft.glowstone":121,"stat.mineBlock.minecraft.sandstone":22,"stat.craftItem.minecraft.ender_eye":38,"stat.killEntity.PigZombie":14,"stat.craftItem.minecraft.shield":15,"stat.craftItem.minecraft.stone_pressure_plate":15,"stat.drop.minecraft.feather":20,"stat.pickup.minecraft.leaves2":16,"stat.craftItem.minecraft.noteblock":1,"stat.useItem.minecraft.birch_boat":2,"stat.mineBlock.minecraft.wooden_slab":3277,"stat.pickup.minecraft.leather_boots":54,"stat.killEntity.Witch":8,"stat.drop.minecraft.sand":116,"stat.drop.minecraft.gold_ingot":2,"stat.craftItem.minecraft.wooden_pickaxe":1,"stat.craftItem.minecraft.iron_door":3,"stat.useItem.minecraft.iron_shovel":250,"stat.drop.minecraft.chainmail_leggings":1,"stat.craftItem.minecraft.bed":29,"stat.mineBlock.minecraft.vine":932,"stat.mineBlock.minecraft.hopper":204,"stat.drop.minecraft.gravel":87,"stat.mineBlock.minecraft.rail":328,"stat.useItem.minecraft.pumpkin_seeds":4,"stat.killEntity.ZombieVillager":9,"stat.noteblockPlayed":1,"stat.drop.minecraft.red_flower":59,"stat.useItem.minecraft.double_plant":17,"stat.pickup.minecraft.beef":306,"stat.pickup.minecraft.leather_helmet":30,"stat.pickup.minecraft.cauldron":8,"stat.useItem.minecraft.trapdoor":44,"stat.mineBlock.minecraft.stained_hardened_clay":1161,"stat.useItem.minecraft.blue_shulker_box":47,"stat.useItem.minecraft.stained_glass":3843,"stat.useItem.minecraft.dark_oak_door":33,"stat.pickup.minecraft.magenta_shulker_box":146,"stat.pickup.minecraft.potion":9,"stat.mineBlock.minecraft.dark_oak_fence_gate":4,"stat.useItem.minecraft.wooden_button":6,"stat.craftItem.minecraft.dropper":20,"stat.useItem.minecraft.dye":6579,"stat.mineBlock.minecraft.stone_pressure_plate":3,"stat.useItem.minecraft.nether_brick":6,"stat.drop.minecraft.torch":94,"stat.mineBlock.minecraft.tallgrass":5730,"stat.useItem.minecraft.stone":13638,"stat.pickup.minecraft.arrow":7203,"stat.pickup.minecraft.wooden_pressure_plate":36,"stat.killEntity.Ghast":19,"stat.useItem.minecraft.ender_chest":303,"stat.useItem.minecraft.white_shulker_box":109,"stat.useItem.minecraft.clay":75,"stat.mineBlock.minecraft.chest":274,"stat.pickup.minecraft.painting":98,"stat.mineBlock.minecraft.hardened_clay":9729,"stat.mineBlock.minecraft.concrete_powder":1273,"stat.craftItem.minecraft.hopper":142,"stat.pickup.minecraft.gray_shulker_box":79,"stat.drop.minecraft.concrete_powder":576,"stat.pickup.minecraft.yellow_shulker_box":17,"stat.pickup.minecraft.orange_shulker_box":21,"stat.useItem.minecraft.reeds":48,"stat.pickup.minecraft.birch_boat":1,"stat.craftItem.minecraft.wooden_sword":1,"stat.craftItem.minecraft.nether_brick":31,"stat.craftItem.minecraft.diamond_shovel":8,"stat.pickup.minecraft.wheat_seeds":4571,"stat.mineBlock.minecraft.glass":204,"stat.useItem.minecraft.enchanting_table":6,"stat.pickup.minecraft.pink_shulker_box":76,"stat.mineBlock.minecraft.dirt":64715,"stat.pickup.minecraft.poisonous_potato":12,"stat.drop.minecraft.paper":21,"stat.useItem.minecraft.bread":7,"stat.pickup.minecraft.brewing_stand":1,"stat.drop.minecraft.porkchop":9,"stat.pickup.minecraft.light_blue_shulker_box":26,"stat.useItem.minecraft.cobblestone":7504,"stat.craftItem.minecraft.leather_boots":2,"stat.useItem.minecraft.gravel":876,"stat.mineBlock.minecraft.double_plant":147,"stat.minecartOneCm":113486,"stat.drop.minecraft.chicken":8,"stat.pickup.minecraft.iron_pickaxe":2,"stat.drop.minecraft.carrot":748,"stat.craftItem.minecraft.gold_ingot":234,"stat.pickup.minecraft.hopper":197,"stat.mineBlock.minecraft.silver_shulker_box":152,"stat.craftItem.minecraft.brewing_stand":1,"stat.useItem.minecraft.tallgrass":1615,"stat.pickup.minecraft.apple":225,"stat.useItem.minecraft.fireworks":133,"stat.pickup.minecraft.banner":11,"stat.itemEnchanted":60,"stat.mineBlock.minecraft.log":11375,"stat.useItem.minecraft.spruce_door":90,"stat.craftItem.minecraft.paper":2625,"stat.pickup.minecraft.red_flower":814,"stat.pickup.minecraft.wool":441,"stat.useItem.minecraft.wooden_axe":61,"stat.craftItem.minecraft.trapped_chest":58,"stat.drop.minecraft.grass":119,"stat.pickup.minecraft.trapped_chest":98,"stat.craftItem.minecraft.diamond_leggings":2,"stat.useItem.minecraft.iron_axe":251,"stat.mineBlock.minecraft.yellow_flower":43,"stat.useItem.minecraft.skull":13,"stat.craftItem.minecraft.wool":490,"stat.drop.minecraft.saddle":1,"stat.useItem.minecraft.concrete_powder":23012,"stat.pickup.minecraft.enchanted_book":47,"stat.craftItem.minecraft.arrow":20,"stat.useItem.minecraft.obsidian":113,"stat.pickup.minecraft.sticky_piston":2,"stat.pickup.minecraft.bow":472,"stat.craftItem.minecraft.dark_oak_door":21,"stat.mineBlock.minecraft.detector_rail":3,"stat.useItem.minecraft.egg":22,"stat.craftItem.minecraft.spruce_boat":2,"stat.pickup.minecraft.coal_ore":745,"stat.craftItem.minecraft.cooked_beef":311,"stat.mineBlock.minecraft.obsidian":404,"stat.pickup.minecraft.shears":6,"stat.craftItem.minecraft.bow":15,"stat.pickup.minecraft.iron_trapdoor":4,"stat.flyOneCm":38969213,"stat.pickup.minecraft.sandstone":22,"stat.pickup.minecraft.nether_brick_stairs":17,"stat.pickup.minecraft.fish":651,"stat.craftItem.minecraft.stained_glass":4712,"stat.timeSinceDeath":11729682,"stat.pickup.minecraft.quartz_ore":248,"stat.craftItem.minecraft.painting":25,"stat.cauldronFilled":4,"stat.killEntity.Bat":5,"stat.useItem.minecraft.potato":969,"stat.pickup.minecraft.chainmail_helmet":9,"stat.pickup.minecraft.nether_wart":514,"stat.pickup.minecraft.spruce_fence":678,"stat.mineBlock.minecraft.enchanting_table":5,"stat.craftItem.minecraft.concrete_powder":25000,"stat.mineBlock.minecraft.coal_ore":2237,"stat.pickup.minecraft.shield":3,"stat.talkedToVillager":288,"stat.mineBlock.minecraft.red_mushroom_block":1,"stat.pickup.minecraft.string":435,"stat.mineBlock.minecraft.ladder":95,"stat.useItem.minecraft.written_book":14,"stat.useItem.minecraft.diamond_shovel":128152,"stat.craftItem.minecraft.wooden_axe":1,"stat.pickup.minecraft.bone_block":2,"stat.mineBlock.minecraft.diamond_ore":192,"stat.pickup.minecraft.fireworks":605,"stat.craftItem.minecraft.wooden_pressure_plate":27,"stat.useItem.minecraft.wooden_sword":10,"stat.breakItem.minecraft.iron_shovel":1,"stat.useItem.minecraft.ladder":258,"stat.useItem.minecraft.diamond_ore":19,"stat.useItem.minecraft.cyan_shulker_box":96,"stat.diveOneCm":4392092,"stat.useItem.minecraft.sticky_piston":5,"stat.craftItem.minecraft.ladder":210,"stat.drop.minecraft.dark_oak_fence":19,"stat.mineBlock.minecraft.stone_button":9,"stat.drop.minecraft.ladder":35,"stat.pickup.minecraft.stained_glass_pane":1,"stat.useItem.minecraft.rotten_flesh":7,"stat.drop.minecraft.apple":22,"stat.craftItem.minecraft.diamond_sword":2,"stat.mineBlock.minecraft.blue_shulker_box":47,"stat.drop.minecraft.sandstone":3,"stat.jump":187866,"stat.useItem.minecraft.sand":51,"stat.pickup.minecraft.white_shulker_box":110,"stat.mineBlock.minecraft.observer":3,"stat.craftItem.minecraft.torch":4732,"stat.drop.minecraft.glowstone":1,"stat.mineBlock.minecraft.spruce_fence_gate":29,"stat.useItem.minecraft.glass":414,"stat.pickup.minecraft.gold_ore":352,"stat.useItem.minecraft.sapling":1386,"stat.mineBlock.minecraft.glass_pane":56,"stat.damageTaken":34293,"stat.useItem.minecraft.red_shulker_box":141,"stat.mineBlock.minecraft.melon_block":1,"stat.mineBlock.minecraft.sapling":42,"stat.pickup.minecraft.log2":9051,"stat.useItem.minecraft.purple_shulker_box":173,"stat.pickup.minecraft.bed":88,"stat.pickup.minecraft.concrete":3826,"stat.pickup.minecraft.potato":2336,"stat.entityKilledBy.Zombie":1,"stat.killEntity.Silverfish":2,"stat.craftItem.minecraft.stone_slab":2396,"stat.animalsBred":576,"stat.useItem.minecraft.chest":488,"stat.mineBlock.minecraft.light_blue_shulker_box":26,"stat.useItem.minecraft.observer":7,"stat.shulkerBoxOpened":7170,"stat.craftItem.minecraft.iron_chestplate":2,"stat.pickup.minecraft.baked_potato":76,"stat.drop.minecraft.potato":694,"stat.pickup.minecraft.ender_pearl":539,"stat.drop.minecraft.wooden_slab":24,"stat.pickup.minecraft.ladder":187,"stat.useItem.minecraft.netherrack":1571,"stat.craftItem.minecraft.bookshelf":44,"stat.useItem.minecraft.tripwire_hook":5,"stat.mineBlock.minecraft.stonebrick":938,"stat.mineBlock.minecraft.glowstone":12,"stat.craftItem.minecraft.shears":58,"stat.useItem.minecraft.cobblestone_wall":321,"stat.pickup.minecraft.iron_horse_armor":3,"stat.useItem.minecraft.writable_book":11,"stat.pickup.minecraft.torch":3719,"stat.drop.minecraft.stone_axe":1,"stat.pickup.minecraft.spruce_boat":18,"stat.drop.minecraft.arrow":1187,"stat.drop.minecraft.shears":4,"stat.craftItem.minecraft.compass":8,"stat.pickup.minecraft.jungle_boat":1,"stat.pickup.minecraft.dark_oak_fence_gate":4,"stat.craftItem.minecraft.iron_axe":1,"stat.mineBlock.minecraft.purple_shulker_box":173,"stat.useItem.minecraft.lead":22,"stat.pickup.minecraft.lapis_block":45,"stat.drop.minecraft.red_nether_brick":3,"stat.drop.minecraft.trapdoor":8,"stat.pickup.minecraft.fishing_rod":14,"stat.useItem.minecraft.planks":12217,"stat.useItem.minecraft.nether_brick_stairs":30,"stat.pickup.minecraft.porkchop":240,"stat.pickup.minecraft.glass":315,"stat.pickup.minecraft.blaze_powder":4,"stat.useItem.minecraft.pink_shulker_box":76,"stat.useItem.minecraft.water_bucket":710,"stat.pickup.minecraft.sand":38207,"stat.craftItem.minecraft.dark_oak_fence":225,"stat.pickup.minecraft.hardened_clay":9586,"stat.useItem.minecraft.red_nether_brick":6,"stat.pickup.minecraft.name_tag":14,"stat.aviateOneCm":76153011,"stat.useItem.minecraft.brown_mushroom":4,"stat.useItem.minecraft.ender_pearl":213,"stat.craftItem.minecraft.cooked_fish":1177,"stat.craftItem.minecraft.blaze_powder":44,"stat.drop.minecraft.golden_sword":1,"stat.craftItem.minecraft.hardened_clay":1,"stat.useItem.minecraft.oak_stairs":9,"stat.craftItem.minecraft.golden_carrot":5,"stat.mineBlock.minecraft.dark_oak_stairs":225,"stat.useItem.minecraft.dark_oak_stairs":595,"stat.drop.minecraft.stone_slab":75,"stat.pickup.minecraft.filled_map":3,"stat.pickup.minecraft.furnace":34,"stat.useItem.minecraft.redstone":261,"stat.pickup.minecraft.iron_chestplate":4,"stat.pickup.minecraft.skull":19,"stat.useItem.minecraft.stone_stairs":172,"stat.mineBlock.minecraft.red_shulker_box":133,"stat.mineBlock.minecraft.brick_stairs":9,"stat.useItem.minecraft.hopper":345,"stat.mineBlock.minecraft.oak_stairs":220,"stat.playOneMinute":23861857,"stat.drop.minecraft.string":43,"stat.useItem.minecraft.shears":13266,"stat.pickup.minecraft.beacon":7,"stat.pickup.minecraft.iron_bars":61,"stat.pickup.minecraft.dispenser":12,"stat.mineBlock.minecraft.dark_oak_fence":81,"stat.craftItem.minecraft.carpet":162,"stat.mineBlock.minecraft.netherrack":60204,"stat.mineBlock.minecraft.dispenser":12,"stat.craftItem.minecraft.dark_oak_stairs":412,"stat.drop.minecraft.flint":2,"stat.craftItem.minecraft.golden_rail":78,"stat.useItem.minecraft.quartz_ore":25,"stat.pickup.minecraft.cooked_chicken":21,"stat.fallOneCm":2988349,"stat.drop.minecraft.dye":443,"stat.craftItem.minecraft.chest":468,"stat.craftItem.minecraft.banner":92,"stat.mineBlock.minecraft.lever":1,"stat.pickup.minecraft.red_mushroom":14,"stat.useItem.minecraft.iron_hoe":382,"stat.pickup.minecraft.comparator":19,"stat.drop.minecraft.leaves2":6,"stat.pickup.minecraft.feather":79,"stat.pickup.minecraft.record_cat":1,"stat.mineBlock.minecraft.red_nether_brick":63,"stat.drop.minecraft.concrete":149,"stat.mineBlock.minecraft.spruce_fence":621,"stat.useItem.minecraft.yellow_shulker_box":18,"stat.craftItem.minecraft.dark_oak_fence_gate":4,"stat.pickup.minecraft.lead":115,"stat.useItem.minecraft.stone_pickaxe":121,"stat.useItem.minecraft.stone_sword":129,"stat.craftItem.minecraft.iron_leggings":2,"stat.useItem.minecraft.orange_shulker_box":21,"stat.craftItem.minecraft.oak_stairs":32,"stat.pickup.minecraft.redstone_ore":455,"stat.pickup.minecraft.chainmail_boots":10,"stat.drop.minecraft.stick":153,"stat.useItem.minecraft.iron_bars":97,"stat.pickup.minecraft.record_13":4,"stat.mineBlock.minecraft.monster_egg":2,"stat.useItem.minecraft.bone_block":5,"stat.mineBlock.minecraft.pink_shulker_box":76,"stat.killEntity.LavaSlime":132,"stat.pickup.minecraft.log":11825,"stat.mineBlock.minecraft.golden_rail":72,"stat.craftItem.minecraft.hopper_minecart":1,"stat.pickup.minecraft.tallgrass":1902,"stat.pickup.minecraft.chainmail_leggings":8,"stat.pickup.minecraft.wooden_door":3,"stat.mineBlock.minecraft.iron_block":769,"stat.mineBlock.minecraft.tripwire_hook":1,"stat.pickup.minecraft.diamond_helmet":4,"stat.craftItem.minecraft.cooked_chicken":31,"stat.craftItem.minecraft.flower_pot":42,"stat.useItem.minecraft.beetroot_seeds":101,"stat.sneakTime":447260,"stat.mineBlock.minecraft.cobblestone_wall":107,"stat.mineBlock.minecraft.yellow_shulker_box":14,"stat.useItem.minecraft.brewing_stand":2,"stat.useItem.minecraft.beetroot":1,"stat.pickup.minecraft.chest":297,"stat.craftItem.minecraft.enchanting_table":1,"stat.useItem.minecraft.web":38,"stat.craftItem.minecraft.leather_leggings":2,"stat.pickup.minecraft.stone_pressure_plate":9,"stat.drop.minecraft.beetroot":101,"stat.pickup.minecraft.lit_pumpkin":2,"stat.useItem.minecraft.repeater":46,"stat.drop.minecraft.leather_helmet":2,"stat.craftItem.minecraft.stone_brick_stairs":140,"stat.craftItem.minecraft.iron_trapdoor":14,"stat.swimOneCm":4683187,"stat.mineBlock.minecraft.spruce_stairs":1457,"stat.drop.minecraft.brown_mushroom":46,"stat.useItem.minecraft.dirt":44320,"stat.pickup.minecraft.enchanting_table":5,"stat.useItem.minecraft.detector_rail":4,"stat.drop.minecraft.ender_pearl":259,"stat.mineBlock.minecraft.magma":340,"stat.mineBlock.minecraft.carpet":86,"stat.mineBlock.minecraft.redstone_block":9,"stat.useItem.minecraft.stone_shovel":79,"stat.pickup.minecraft.clay":125,"stat.useItem.minecraft.red_mushroom":6,"stat.drop.minecraft.wheat_seeds":771,"stat.craftItem.minecraft.wooden_slab":7906,"stat.useItem.minecraft.sign":88,"stat.drop.minecraft.log":302,"stat.pickup.minecraft.mutton":220,"stat.useItem.minecraft.lever":7,"stat.pickup.minecraft.wooden_axe":2,"stat.pickup.minecraft.dark_oak_door":20,"stat.drop.minecraft.golden_boots":13,"stat.pickup.minecraft.stonebrick":1074,"stat.drop.minecraft.beetroot_seeds":20,"stat.mineBlock.minecraft.nether_brick":7,"stat.drop.minecraft.log2":6,"stat.craftItem.minecraft.brick_block":12,"stat.drop.minecraft.anvil":1,"stat.drop.minecraft.potion":2,"stat.useItem.minecraft.stone_slab":2469,"stat.useItem.minecraft.bed":116,"stat.craftItem.minecraft.stone":969,"stat.craftItem.minecraft.armor_stand":6,"stat.mineBlock.minecraft.crafting_table":198,"stat.useItem.minecraft.diamond_pickaxe":162864,"stat.useItem.minecraft.carrot":1291,"stat.killEntity.Endermite":6,"stat.useItem.minecraft.bucket":718,"stat.pickup.minecraft.stone_button":14,"stat.pickup.minecraft.slime_ball":210,"stat.mineBlock.minecraft.cyan_shulker_box":96,"stat.craftItem.minecraft.diamond_pickaxe":7,"stat.pickup.minecraft.gravel":14284,"stat.useItem.minecraft.glass_bottle":22,"stat.useItem.minecraft.diamond_axe":34739,"stat.breakItem.minecraft.wooden_axe":1,"stat.drop.minecraft.spruce_boat":2,"stat.pickup.minecraft.red_shulker_box":132,"stat.drop.minecraft.cooked_porkchop":2,"stat.pickup.minecraft.stone_brick_stairs":116,"stat.pickup.minecraft.diamond_sword":5,"stat.craftItem.minecraft.brick_stairs":8,"stat.pickup.minecraft.brick":26,"stat.killEntity.SkeletonHorse":1,"stat.pickup.minecraft.iron_helmet":2,"stat.craftItem.minecraft.birch_boat":1,"stat.pickup.minecraft.black_shulker_box":69,"stat.useItem.minecraft.piston":9,"stat.craftItem.minecraft.bread":80,"stat.pickup.minecraft.spider_eye":39,"stat.useItem.minecraft.mycelium":31,"stat.useItem.minecraft.stone_button":32,"stat.pickup.minecraft.diamond_ore":57,"stat.mineBlock.minecraft.magenta_shulker_box":144,"stat.useItem.minecraft.cooked_chicken":32,"stat.pickup.minecraft.iron_ore":1922,"stat.mineBlock.minecraft.iron_bars":59,"stat.pickup.minecraft.leaves":11518,"stat.pickup.minecraft.leather":306,"stat.drop.minecraft.iron_hoe":1,"stat.useItem.minecraft.wooden_pickaxe":8,"stat.mineBlock.minecraft.mycelium":12,"stat.dispenserInspected":109,"stat.pickup.minecraft.reeds":555,"stat.craftItem.minecraft.glass":768,"stat.craftItem.minecraft.cauldron":6,"stat.sleepInBed":1004,"stat.killEntity.Cow":128,"stat.pickup.minecraft.minecart":9,"stat.killEntity.Pig":113,"stat.craftItem.minecraft.iron_sword":4,"stat.pickup.minecraft.piston":1,"stat.breakItem.minecraft.fishing_rod":1,"stat.walkOneCm":56514811,"stat.pickup.minecraft.clay_ball":222,"stat.mineBlock.minecraft.trapped_chest":98,"stat.useItem.minecraft.dark_oak_fence_gate":5,"stat.useItem.minecraft.spruce_boat":9,"stat.drop.minecraft.diamond_axe":4,"stat.drop.minecraft.iron_chestplate":1,"stat.pickup.minecraft.stone":52724,"stat.mineBlock.minecraft.wool":1,"stat.craftItem.minecraft.hay_block":21,"stat.useItem.minecraft.red_mushroom_block":1,"stat.mineBlock.minecraft.packed_ice":20,"stat.useItem.minecraft.leaves":10211,"stat.craftItem.minecraft.minecart":4,"stat.pickup.minecraft.gold_ingot":4,"stat.killEntity.Skeleton":9689,"stat.mineBlock.minecraft.cactus":3,"stat.drop.minecraft.chainmail_boots":1,"stat.mineBlock.minecraft.redstone_torch":41,"stat.killEntity.Spider":63,"stat.pickup.minecraft.bread":23,"stat.craftItem.minecraft.spruce_fence":1281,"stat.pickup.minecraft.quartz":718,"stat.pickup.minecraft.birch_fence":2,"stat.pickup.minecraft.water_bucket":5,"stat.breakItem.minecraft.iron_axe":1,"stat.useItem.minecraft.hopper_minecart":1,"stat.pickup.minecraft.spruce_stairs":1504,"stat.mineBlock.minecraft.redstone_ore":1078,"stat.pickup.minecraft.lava_bucket":1,"stat.pickup.minecraft.elytra":2,"stat.craftItem.minecraft.coal_block":97,"stat.drop.minecraft.beef":16,"stat.craftItem.minecraft.brick":148,"stat.mineBlock.minecraft.stone":72520}