{"stat.useItem.minecraft.bow":11035,"stat.useItem.minecraft.quartz_block":4599,"stat.drop.minecraft.gunpowder":5301,"stat.drop.minecraft.redstone":142,"stat.pickup.minecraft.dark_oak_boat":2,"stat.mineBlock.minecraft.stained_glass":18538,"stat.drop.minecraft.enchanted_book":31,"stat.mineBlock.minecraft.web":88,"stat.drop.minecraft.iron_sword":4,"stat.pickup.minecraft.rotten_flesh":6995,"stat.drop.minecraft.redstone_torch":126,"stat.mineBlock.minecraft.purpur_stairs":112,"stat.craftItem.minecraft.stone_axe":2,"stat.drop.minecraft.leather_boots":76,"stat.useItem.minecraft.vine":327,"stat.pickup.minecraft.cobblestone_wall":175,"stat.pickup.minecraft.bucket":18,"stat.useItem.minecraft.rail":2806,"stat.killEntity.Enderman":15747,"stat.drop.minecraft.elytra":6,"stat.useItem.minecraft.anvil":81,"stat.craftItem.minecraft.iron_shovel":51,"stat.pickup.minecraft.brown_mushroom":32,"stat.breakItem.minecraft.bow":2,"stat.mineBlock.minecraft.end_stone":317,"stat.killEntity.Villager":550,"stat.useItem.minecraft.spider_eye":4,"stat.useItem.minecraft.iron_pickaxe":1051,"stat.drop.minecraft.sandstone_stairs":18,"stat.pickup.minecraft.stained_hardened_clay":718,"stat.pickup.minecraft.double_plant":1180,"stat.mineBlock.minecraft.green_glazed_terracotta":6,"stat.craftItem.minecraft.glass_pane":32,"stat.drop.minecraft.diamond_chestplate":4,"stat.pickup.minecraft.light_weighted_pressure_plate":1,"stat.mineBlock.minecraft.sticky_piston":1041,"stat.furnaceInteraction":3152,"stat.useItem.minecraft.nether_wart":24,"stat.mineBlock.minecraft.chorus_plant":213,"stat.pickup.minecraft.nether_brick":16057,"stat.drop.minecraft.chorus_fruit":7,"stat.entityKilledBy.WitherSkeleton":1,"stat.pickup.minecraft.sponge":1098,"stat.craftItem.minecraft.leather_helmet":10,"stat.useItem.minecraft.green_shulker_box":1,"stat.useItem.minecraft.end_stone":196,"stat.mineBlock.minecraft.wooden_button":11,"stat.drop.minecraft.cactus":77,"stat.drop.minecraft.light_weighted_pressure_plate":1,"stat.drop.minecraft.magma":6,"stat.pickup.minecraft.cyan_shulker_box":10,"stat.useItem.minecraft.fence":1161,"stat.drop.minecraft.furnace":20,"stat.useItem.minecraft.acacia_fence":4,"stat.craftItem.minecraft.daylight_detector":113,"stat.mineBlock.minecraft.sponge":1077,"stat.useItem.minecraft.cauldron":3,"stat.useItem.minecraft.flint_and_steel":170,"stat.mineBlock.minecraft.fence":56,"stat.useItem.minecraft.wheat_seeds":15193,"stat.mineBlock.minecraft.sea_lantern":4134,"stat.drop.minecraft.cooked_fish":345,"stat.killEntity.Husk":53,"stat.pickup.minecraft.emerald":1308,"stat.craftItem.minecraft.dark_oak_boat":3,"stat.pickup.minecraft.lever":633,"stat.deaths":79,"stat.pickup.minecraft.bowl":3,"stat.pickup.minecraft.egg":155,"stat.craftItem.minecraft.melon_seeds":61,"stat.craftItem.minecraft.item_frame":131,"stat.craftItem.minecraft.wooden_shovel":1,"stat.pickup.minecraft.clock":2,"stat.craftItem.minecraft.iron_pickaxe":4,"stat.pickup.minecraft.glass_pane":51,"stat.pickup.minecraft.sea_lantern":4046,"stat.pickup.minecraft.item_frame":49,"stat.craftItem.minecraft.repeater":647,"stat.drop.minecraft.iron_ingot":138,"stat.mineBlock.minecraft.light_weighted_pressure_plate":1,"stat.craftItem.minecraft.cooked_mutton":5,"stat.fishCaught":13733,"stat.pickup.minecraft.cooked_mutton":295,"stat.chestOpened":27617,"stat.useItem.minecraft.lapis_ore":181,"stat.craftItem.minecraft.sign":1047,"stat.pickup.minecraft.iron_sword":2,"stat.killEntity.Vex":23,"stat.pickup.minecraft.lapis_ore":138,"stat.craftItem.minecraft.quartz_block":8181,"stat.pickup.minecraft.gold_nugget":5931,"stat.pickup.minecraft.chorus_flower":6,"stat.drop.minecraft.banner":3,"stat.craftItem.minecraft.coal":12,"stat.craftItem.minecraft.ender_chest":11,"stat.pickup.minecraft.carrot":8014,"stat.drop.minecraft.stone_sword":215,"stat.crouchOneCm":34944540,"stat.pickup.minecraft.rail":2374,"stat.craftItem.minecraft.diamond":108,"stat.craftItem.minecraft.iron_ingot":16139,"stat.pickup.minecraft.ender_chest":148,"stat.drop.minecraft.slime_ball":718,"stat.craftingTableInteraction":3095,"stat.mineBlock.minecraft.wooden_pressure_plate":1,"stat.pickup.minecraft.repeater":850,"stat.mineBlock.minecraft.log2":3801,"stat.drop.minecraft.double_plant":6,"stat.useItem.minecraft.dark_oak_fence":5,"stat.drop.minecraft.rabbit":3,"stat.pickup.minecraft.dye":8986,"stat.pickup.minecraft.planks":1041,"stat.drop.minecraft.minecart":59,"stat.mineBlock.minecraft.blue_glazed_terracotta":266,"stat.drop.minecraft.soul_sand":14,"stat.useItem.minecraft.lime_glazed_terracotta":6,"stat.drop.minecraft.carpet":28,"stat.mineBlock.minecraft.ender_chest":145,"stat.pickup.minecraft.ice":2599,"stat.mineBlock.minecraft.daylight_detector":69,"stat.drop.minecraft.rotten_flesh":3361,"stat.pickup.minecraft.magma":1239,"stat.mineBlock.minecraft.activator_rail":6,"stat.drop.minecraft.coal_ore":127,"stat.drop.minecraft.iron_door":3,"stat.drop.minecraft.glass_pane":32,"stat.drop.minecraft.iron_ore":46,"stat.drop.minecraft.sapling":23,"stat.pickup.minecraft.chicken":9,"stat.drop.minecraft.gold_nugget":169,"stat.pickup.minecraft.tipped_arrow":1,"stat.pickup.minecraft.end_stone":500,"stat.useItem.minecraft.glass_pane":4,"stat.breakItem.minecraft.stone_shovel":2,"stat.drop.minecraft.fish":11807,"stat.drop.minecraft.trapped_chest":1,"stat.craftItem.minecraft.bucket":231,"stat.craftItem.minecraft.planks":42248,"stat.useItem.minecraft.iron_sword":152,"stat.mineBlock.minecraft.prismarine":18631,"stat.pickup.minecraft.stone_sword":77,"stat.craftItem.minecraft.fishing_rod":24,"stat.drop.minecraft.comparator":16,"stat.useItem.minecraft.daylight_detector":141,"stat.useItem.minecraft.stonebrick":29124,"stat.pickup.minecraft.book":137,"stat.craftItem.minecraft.wooden_door":156,"stat.useItem.minecraft.green_glazed_terracotta":6,"stat.mineBlock.minecraft.waterlily":92,"stat.pickup.minecraft.iron_door":24,"stat.drop.minecraft.leather_leggings":14,"stat.pickup.minecraft.red_nether_brick":2,"stat.drop.minecraft.sea_lantern":860,"stat.pickup.minecraft.cooked_fish":2929,"stat.pickup.minecraft.tripwire_hook":154,"stat.drop.minecraft.observer":54,"stat.pickup.minecraft.bookshelf":112,"stat.mineBlock.minecraft.pumpkin":277,"stat.mineBlock.minecraft.cobblestone":2277,"stat.useItem.minecraft.beacon":43,"stat.pickup.minecraft.stone_pickaxe":1,"stat.pickup.minecraft.flint":1814,"stat.craftItem.minecraft.quartz_stairs":200,"stat.pickup.minecraft.leather_chestplate":6,"stat.mineBlock.minecraft.concrete":38977,"stat.mineBlock.minecraft.stained_glass_pane":538,"stat.drop.minecraft.purpur_slab":4,"stat.drop.minecraft.end_bricks":21,"stat.craftItem.minecraft.clock":1,"stat.drop.minecraft.cobblestone":4459,"stat.pickup.minecraft.cooked_porkchop":75,"stat.breakItem.minecraft.iron_pickaxe":2,"stat.mineBlock.minecraft.dropper":323,"stat.pickup.minecraft.iron_boots":2,"stat.pickup.minecraft.diamond_horse_armor":2,"stat.pickup.minecraft.stone_hoe":1,"stat.craftItem.minecraft.furnace":271,"stat.craftItem.minecraft.lapis_block":57,"stat.drop.minecraft.end_crystal":1,"stat.drop.minecraft.daylight_detector":3,"stat.drop.minecraft.golden_helmet":8,"stat.craftItem.minecraft.iron_boots":3,"stat.pickup.minecraft.green_glazed_terracotta":6,"stat.mineBlock.minecraft.clay":1,"stat.mineBlock.minecraft.noteblock":2,"stat.pickup.minecraft.diamond_leggings":30,"stat.drop.minecraft.iron_helmet":7,"stat.drop.minecraft.chainmail_chestplate":4,"stat.useItem.minecraft.melon_block":2,"stat.drop.minecraft.spider_eye":495,"stat.useItem.minecraft.wooden_slab":2256,"stat.craftItem.minecraft.beacon":33,"stat.useItem.minecraft.iron_door":28,"stat.craftItem.minecraft.iron_block":2068,"stat.craftItem.minecraft.stonebrick":33967,"stat.breakItem.minecraft.diamond_pickaxe":4,"stat.pickup.minecraft.light_blue_glazed_terracotta":13,"stat.drop.minecraft.stained_glass":1241,"stat.drop.minecraft.flint_and_steel":3,"stat.drop.minecraft.wool":162,"stat.killEntity.Creeper":454,"stat.useItem.minecraft.armor_stand":4,"stat.useItem.minecraft.silver_shulker_box":3,"stat.entityKilledBy.Skeleton":1,"stat.drop.minecraft.obsidian":27,"stat.drop.minecraft.oak_stairs":1,"stat.useItem.minecraft.dropper":955,"stat.killEntity.Squid":316,"stat.sprintOneCm":117173045,"stat.useItem.minecraft.diamond_block":13,"stat.mineBlock.minecraft.stone_slab":19334,"stat.drop.minecraft.leather":137,"stat.useItem.minecraft.snowball":101,"stat.entityKilledBy.VindicationIllager":1,"stat.drop.minecraft.cauldron":1,"stat.pickup.minecraft.leather_leggings":8,"stat.craftItem.minecraft.redstone_lamp":261,"stat.drop.minecraft.boat":5,"stat.drop.minecraft.cobblestone_wall":1,"stat.pickup.minecraft.sugar":16,"stat.pickup.minecraft.vine":360,"stat.craftItem.minecraft.leather_chestplate":10,"stat.useItem.minecraft.banner":6,"stat.drop.minecraft.golden_rail":56,"stat.craftItem.minecraft.emerald":4507,"stat.pickup.minecraft.iron_block":4563,"stat.killEntity.Zombie":1315,"stat.craftItem.minecraft.dye":46928,"stat.craftItem.minecraft.diamond_axe":9,"stat.mineBlock.minecraft.gold_ore":427,"stat.drop.minecraft.diamond_pickaxe":13,"stat.craftItem.minecraft.slime_ball":1623,"stat.pickup.minecraft.wheat":8171,"stat.craftItem.minecraft.sandstone":1783,"stat.mineBlock.minecraft.mossy_cobblestone":252,"stat.drop.minecraft.stone_stairs":40,"stat.drop.minecraft.purpur_stairs":8,"stat.pickup.minecraft.sign":452,"stat.craftItem.minecraft.cooked_porkchop":8,"stat.pickup.minecraft.obsidian":1207,"stat.useItem.minecraft.heavy_weighted_pressure_plate":6,"stat.useItem.minecraft.iron_trapdoor":282,"stat.pickup.minecraft.coal":9708,"stat.pickup.minecraft.iron_ingot":1062,"stat.useItem.minecraft.dark_oak_boat":2,"stat.craftItem.minecraft.lever":168,"stat.drop.minecraft.diamond_sword":12,"stat.pickup.minecraft.gunpowder":1389,"stat.pickup.minecraft.dirt":31793,"stat.useItem.minecraft.coal_ore":1496,"stat.drop.minecraft.iron_shovel":20,"stat.craftItem.minecraft.sponge":991,"stat.useItem.minecraft.light_weighted_pressure_plate":2,"stat.useItem.minecraft.dispenser":155,"stat.mineBlock.minecraft.lapis_ore":384,"stat.pickup.minecraft.command_block":1,"stat.pickup.minecraft.iron_axe":1,"stat.brewingstandInteraction":206,"stat.useItem.minecraft.stone_brick_stairs":7113,"stat.mineBlock.minecraft.torch":5952,"stat.mineBlock.minecraft.red_flower":11,"stat.pickup.minecraft.written_book":8,"stat.tradedWithVillager":6503,"stat.pickup.minecraft.magma_cream":472,"stat.noteblockTuned":1736633,"stat.pickup.minecraft.ender_eye":25,"stat.craftItem.minecraft.comparator":292,"stat.craftItem.minecraft.sea_lantern":19676,"stat.craftItem.minecraft.glowstone":108,"stat.useItem.minecraft.slime":19328,"stat.useItem.minecraft.birch_fence":46,"stat.mineBlock.minecraft.fence_gate":11,"stat.pickup.minecraft.diamond_axe":28,"stat.pickup.minecraft.rabbit_hide":2,"stat.useItem.minecraft.snow_layer":4,"stat.pickup.minecraft.shulker_shell":208,"stat.mineBlock.minecraft.birch_fence":15,"stat.pickup.minecraft.green_shulker_box":2,"stat.drop.minecraft.item_frame":2,"stat.drop.minecraft.wheat":215,"stat.drop.minecraft.noteblock":2,"stat.pickup.minecraft.diamond_pickaxe":55,"stat.useItem.minecraft.pumpkin":1655,"stat.pickup.minecraft.noteblock":3,"stat.useItem.minecraft.tnt":9,"stat.useItem.minecraft.lava_bucket":184,"stat.drop.minecraft.netherrack":9794,"stat.useItem.minecraft.melon":5,"stat.useItem.minecraft.item_frame":152,"stat.useItem.minecraft.stained_hardened_clay":549,"stat.drop.minecraft.egg":97,"stat.useItem.minecraft.redstone_ore":629,"stat.pickup.minecraft.cooked_beef":484,"stat.useItem.minecraft.concrete":35626,"stat.killEntity.Stray":1,"stat.drop.minecraft.nether_brick":1829,"stat.drop.minecraft.lever":102,"stat.mineBlock.minecraft.purpur_slab":24,"stat.craftItem.minecraft.cookie":9,"stat.pickup.minecraft.dark_oak_stairs":2,"stat.mobKills":1958489,"stat.pickup.minecraft.diamond_boots":38,"stat.mineBlock.minecraft.bookshelf":131,"stat.useItem.minecraft.boat":135,"stat.useItem.minecraft.mossy_cobblestone":2,"stat.craftItem.minecraft.lead":16,"stat.pickup.minecraft.diamond":439,"stat.pickup.minecraft.beetroot_seeds":8,"stat.pickup.minecraft.brown_mushroom_block":2,"stat.craftItem.minecraft.nether_brick_stairs":148,"stat.craftItem.minecraft.spruce_stairs":820,"stat.useItem.minecraft.string":561,"stat.useItem.minecraft.bookshelf":481,"stat.useItem.minecraft.soul_sand":170,"stat.killEntity.Blaze":20175,"stat.drop.minecraft.shield":6,"stat.drop.minecraft.skull":24,"stat.pickup.minecraft.golden_boots":27,"stat.pickup.minecraft.glowstone_dust":377,"stat.drop.minecraft.bowl":36,"stat.drop.minecraft.wooden_door":3,"stat.mineBlock.minecraft.white_shulker_box":7,"stat.mineBlock.minecraft.red_mushroom":8,"stat.mineBlock.minecraft.stone_brick_stairs":785,"stat.mineBlock.minecraft.nether_brick_fence":458,"stat.drop.minecraft.poisonous_potato":1,"stat.useItem.minecraft.golden_sword":173,"stat.drop.minecraft.golden_leggings":11,"stat.pickup.minecraft.observer":874,"stat.craftItem.minecraft.lit_pumpkin":36,"stat.craftItem.minecraft.cobblestone_wall":1498,"stat.craftItem.minecraft.stone_sword":5,"stat.mineBlock.minecraft.snow_layer":547,"stat.pickup.minecraft.chainmail_chestplate":1,"stat.mineBlock.minecraft.sand":162991,"stat.craftItem.minecraft.wooden_hoe":1,"stat.craftItem.minecraft.slime":6824,"stat.hopperInspected":2475,"stat.useItem.minecraft.fence_gate":13,"stat.drop.minecraft.diamond":2,"stat.pickup.minecraft.packed_ice":2731,"stat.breakItem.minecraft.flint_and_steel":2,"stat.pickup.minecraft.ghast_tear":99,"stat.pickup.minecraft.armor_stand":2,"stat.trappedChestTriggered":8228,"stat.drop.minecraft.rail":203,"stat.craftItem.minecraft.observer":696,"stat.craftItem.minecraft.pumpkin_seeds":56,"stat.breakItem.minecraft.golden_chestplate":1,"stat.pickup.minecraft.wooden_button":23,"stat.drop.minecraft.purple_shulker_box":25,"stat.drop.minecraft.green_shulker_box":1,"stat.mineBlock.minecraft.lapis_block":27,"stat.drop.minecraft.wooden_pressure_plate":1,"stat.useItem.minecraft.minecart":1053,"stat.useItem.minecraft.cooked_mutton":214,"stat.drop.minecraft.diamond_helmet":4,"stat.drop.minecraft.wooden_button":3,"stat.drop.minecraft.fishing_rod":227,"stat.drop.minecraft.pumpkin_seeds":8,"stat.drop.minecraft.prismarine_shard":2841,"stat.killEntity.Horse":4,"stat.pickup.minecraft.stone_stairs":331,"stat.craftItem.minecraft.fence_gate":14,"stat.pickup.minecraft.pumpkin_seeds":28,"stat.drop.minecraft.fireworks":374,"stat.drop.minecraft.snowball":48,"stat.pickup.minecraft.saddle":8,"stat.pickup.minecraft.fermented_spider_eye":2,"stat.mineBlock.minecraft.soul_sand":378,"stat.pickup.minecraft.blaze_rod":3101,"stat.craftItem.minecraft.diamond_block":25,"stat.drop.minecraft.chest":134,"stat.pickup.minecraft.netherrack":52357,"stat.pickup.minecraft.pumpkin":386,"stat.useItem.minecraft.fish":5340,"stat.drop.minecraft.hopper":21,"stat.drop.minecraft.packed_ice":52,"stat.pickup.minecraft.waterlily":115,"stat.useItem.minecraft.sponge":1049,"stat.mineBlock.minecraft.ice":4523,"stat.craftItem.minecraft.redstone_torch":2712,"stat.pickup.minecraft.detector_rail":6,"stat.useItem.minecraft.packed_ice":1992,"stat.mineBlock.minecraft.gold_block":61,"stat.craftItem.minecraft.iron_hoe":15,"stat.drop.minecraft.stone":6074,"stat.useItem.minecraft.trapped_chest":451,"stat.pickup.minecraft.melon_seeds":18,"stat.drop.minecraft.gold_ore":12,"stat.pickup.minecraft.dropper":371,"stat.drop.minecraft.book":1,"stat.pickup.minecraft.golden_leggings":18,"stat.pickup.minecraft.melon":599,"stat.drop.minecraft.stained_glass_pane":128,"stat.drop.minecraft.milk_bucket":3,"stat.dropperInspected":524,"stat.pickup.minecraft.heavy_weighted_pressure_plate":5,"stat.pickup.minecraft.emerald_ore":1,"stat.useItem.minecraft.golden_rail":2875,"stat.craftItem.minecraft.detector_rail":6,"stat.drop.minecraft.bone":6156,"stat.craftItem.minecraft.wooden_button":70,"stat.useItem.minecraft.furnace":414,"stat.pickup.minecraft.slime":18264,"stat.pickup.minecraft.iron_leggings":9,"stat.killEntity.Llama":14,"stat.mineBlock.minecraft.snow":12,"stat.entityKilledBy.Villager":1,"stat.mineBlock.minecraft.gravel":21864,"stat.breakItem.minecraft.stone_axe":1,"stat.mineBlock.minecraft.beacon":18,"stat.useItem.minecraft.wool":381,"stat.drop.minecraft.reeds":138,"stat.drop.minecraft.iron_axe":3,"stat.pickup.minecraft.flint_and_steel":6,"stat.mineBlock.minecraft.green_shulker_box":1,"stat.useItem.minecraft.torch":12073,"stat.pickup.minecraft.golden_apple":8,"stat.craftItem.minecraft.redstone_block":366,"stat.pickup.minecraft.birch_fence_gate":2,"stat.craftItem.minecraft.stone_stairs":312,"stat.pickup.minecraft.crafting_table":115,"stat.useItem.minecraft.log":97,"stat.useItem.minecraft.comparator":404,"stat.drop.minecraft.tallgrass":1,"stat.craftItem.minecraft.crafting_table":55,"stat.craftItem.minecraft.boat":26,"stat.pickup.minecraft.iron_hoe":3,"stat.mineBlock.minecraft.emerald_ore":4,"stat.pickup.minecraft.redstone_block":640,"stat.useItem.minecraft.cooked_fish":4602,"stat.drop.minecraft.sign":39,"stat.useItem.minecraft.nether_wart_block":13,"stat.drop.minecraft.stonebrick":299,"stat.craftItem.minecraft.stone_button":724,"stat.drop.minecraft.planks":401,"stat.pickup.minecraft.web":95,"stat.pickup.minecraft.sapling":2077,"stat.drop.minecraft.bow":220,"stat.breakItem.minecraft.wooden_hoe":1,"stat.drop.minecraft.golden_chestplate":14,"stat.killEntity.WitherSkeleton":2457,"stat.useItem.minecraft.wooden_pressure_plate":1,"stat.pickup.minecraft.golden_sword":575,"stat.craftItem.minecraft.sugar":9,"stat.pickup.minecraft.rabbit":3,"stat.drop.minecraft.bucket":6,"stat.pickup.minecraft.stone_slab":18527,"stat.drop.minecraft.yellow_flower":24,"stat.pickup.minecraft.yellow_flower":33,"stat.drop.minecraft.ghast_tear":15,"stat.pickup.minecraft.golden_rail":2585,"stat.useItem.minecraft.fishing_rod":24487,"stat.drop.minecraft.stone_pickaxe":2,"stat.craftItem.minecraft.diamond_chestplate":5,"stat.pickup.minecraft.bone":6069,"stat.craftItem.minecraft.sticky_piston":289,"stat.pickup.minecraft.redstone_torch":943,"stat.horseOneCm":424028,"stat.drop.minecraft.tripwire_hook":35,"stat.drop.minecraft.glowstone_dust":79,"stat.useItem.minecraft.log2":30,"stat.mineBlock.minecraft.slime":18248,"stat.drop.minecraft.red_mushroom":19,"stat.drop.minecraft.mossy_cobblestone":6,"stat.drop.minecraft.prismarine_crystals":1918,"stat.mineBlock.minecraft.brown_mushroom":14,"stat.mineBlock.minecraft.acacia_fence":3,"stat.useItem.minecraft.diamond_sword":62588,"stat.craftItem.minecraft.diamond_helmet":8,"stat.climbOneCm":5426833,"stat.drop.minecraft.sticky_piston":130,"stat.craftItem.minecraft.gold_block":4118,"stat.enderchestOpened":1288,"stat.useItem.minecraft.redstone_torch":1377,"stat.pickup.minecraft.golden_helmet":16,"stat.drop.minecraft.quartz":80,"stat.craftItem.minecraft.purple_shulker_box":119,"stat.entityKilledBy.Endermite":1,"stat.useItem.minecraft.red_flower":1,"stat.pickup.minecraft.daylight_detector":102,"stat.craftItem.minecraft.bone_block":256,"stat.pickup.minecraft.anvil":30,"stat.useItem.minecraft.leaves2":1,"stat.craftItem.minecraft.trapdoor":218,"stat.craftItem.minecraft.stone_pickaxe":5,"stat.pickup.minecraft.cobblestone":34526,"stat.drop.minecraft.rabbit_hide":2,"stat.craftItem.minecraft.glass_bottle":60,"stat.pickup.minecraft.soul_sand":332,"stat.useItem.minecraft.cooked_beef":1553,"stat.pickup.minecraft.cactus":651,"stat.pickup.minecraft.dragon_egg":137,"stat.pickup.minecraft.redstone":7788,"stat.craftItem.minecraft.dispenser":116,"stat.mineBlock.minecraft.iron_ore":2697,"stat.craftItem.minecraft.book":1691,"stat.drop.minecraft.name_tag":82,"stat.pickup.minecraft.mossy_cobblestone":277,"stat.useItem.minecraft.noteblock":2,"stat.craftItem.minecraft.cake":1,"stat.drop.minecraft.coal":315,"stat.drop.minecraft.iron_bars":83,"stat.drop.minecraft.dirt":2274,"stat.useItem.minecraft.cooked_porkchop":39,"stat.pickup.minecraft.iron_shovel":12,"stat.pickup.minecraft.trapdoor":118,"stat.pickup.minecraft.carpet":585,"stat.pickup.minecraft.diamond_shovel":27,"stat.craftItem.minecraft.acacia_fence":3,"stat.useItem.minecraft.sea_lantern":19353,"stat.craftItem.minecraft.snow_layer":60,"stat.pickup.minecraft.silver_shulker_box":3,"stat.pickup.minecraft.nether_star":33,"stat.pickup.minecraft.sandstone_stairs":499,"stat.pickup.minecraft.paper":621,"stat.craftItem.minecraft.stick":9027,"stat.craftItem.minecraft.stained_hardened_clay":1232,"stat.craftItem.minecraft.gold_nugget":59,"stat.pickup.minecraft.grass":18894,"stat.useItem.minecraft.stone_pressure_plate":158,"stat.drop.minecraft.leaves":337,"stat.breakItem.minecraft.iron_hoe":13,"stat.pickup.minecraft.golden_horse_armor":1,"stat.pickup.minecraft.diamond_chestplate":12,"stat.drop.minecraft.dispenser":1,"stat.entityKilledBy.Creeper":1,"stat.drop.minecraft.tipped_arrow":1,"stat.breakItem.minecraft.shears":10,"stat.mineBlock.minecraft.planks":314,"stat.drop":5467,"stat.killEntity.Sheep":75,"stat.drop.minecraft.iron_boots":4,"stat.drop.minecraft.redstone_block":243,"stat.pickup.minecraft.golden_chestplate":24,"stat.useItem.minecraft.melon_seeds":49,"stat.drop.minecraft.bread":14,"stat.useItem.minecraft.light_blue_glazed_terracotta":13,"stat.pickup.minecraft.purpur_pillar":136,"stat.drop.minecraft.nether_wart":43,"stat.craftItem.minecraft.piston":516,"stat.useItem.minecraft.quartz_stairs":347,"stat.drop.minecraft.cooked_beef":146,"stat.killEntity.Slime":1563,"stat.mineBlock.minecraft.anvil":29,"stat.pickup.minecraft.purple_shulker_box":2446,"stat.useItem.minecraft.waterlily":149,"stat.useItem.minecraft.apple":2,"stat.mineBlock.minecraft.deadbush":20,"stat.drop.minecraft.chainmail_helmet":7,"stat.useItem.minecraft.carpet":2478,"stat.useItem.minecraft.potion":84,"stat.mineBlock.minecraft.purpur_pillar":181,"stat.pickup.minecraft.fence":66,"stat.useItem.minecraft.stone_axe":137,"stat.craftItem.minecraft.iron_helmet":5,"stat.drop.minecraft.piston":7,"stat.craftItem.minecraft.rail":1488,"stat.drop.minecraft.glass":1057,"stat.boatOneCm":6646898,"stat.drop.minecraft.magma_cream":86,"stat.craftItem.minecraft.flint_and_steel":11,"stat.useItem.minecraft.redstone_lamp":296,"stat.mineBlock.minecraft.leaves2":214,"stat.mineBlock.minecraft.stone_stairs":254,"stat.craftItem.minecraft.iron_bars":2048,"stat.mineBlock.minecraft.furnace":246,"stat.pickup.minecraft.dark_oak_fence":4,"stat.pickup.minecraft.prismarine_shard":41062,"stat.drop.minecraft.stone_button":16,"stat.drop.minecraft.water_bucket":3,"stat.craftItem.minecraft.netherbrick":128,"stat.craftItem.minecraft.birch_fence":45,"stat.pickup.minecraft.oak_stairs":47,"stat.pickup.minecraft.stained_glass":16944,"stat.damageDealt":2110822,"stat.craftItem.minecraft.bowl":4,"stat.craftItem.minecraft.anvil":58,"stat.mineBlock.minecraft.nether_brick_stairs":40,"stat.pickup.minecraft.end_bricks":250,"stat.useItem.minecraft.crafting_table":136,"stat.pickup.minecraft.boat":64,"stat.craftItem.minecraft.stone_shovel":3,"stat.pickup.minecraft.stick":388,"stat.breakItem.minecraft.stone_pickaxe":2,"stat.craftItem.minecraft.birch_fence_gate":8,"stat.drop.minecraft.iron_block":989,"stat.craftItem.minecraft.diamond_boots":7,"stat.craftItem.minecraft.writable_book":5,"stat.useItem.minecraft.redstone_block":564,"stat.drop.minecraft.leather_chestplate":12,"stat.useItem.minecraft.spruce_stairs":836,"stat.craftItem.minecraft.redstone":3186,"stat.useItem.minecraft.cactus":339,"stat.pickup.minecraft.chorus_fruit":2502,"stat.craftItem.minecraft.red_nether_brick":64,"stat.drop.minecraft.purpur_block":55,"stat.killEntity.Chicken":34,"stat.drop.minecraft.crafting_table":4,"stat.useItem.minecraft.iron_block":4399,"stat.mineBlock.minecraft.quartz_ore":9615,"stat.pickup.minecraft.concrete_powder":1153,"stat.craftItem.minecraft.tnt":28,"stat.drop.minecraft.diamond_boots":3,"stat.craftItem.minecraft.fence":1158,"stat.useItem.minecraft.golden_apple":1,"stat.mineBlock.minecraft.leaves":6090,"stat.mineBlock.minecraft.piston":257,"stat.mineBlock.minecraft.bone_block":169,"stat.craftItem.minecraft.tripwire_hook":424,"stat.beaconInteraction":124,"stat.drop.minecraft.dark_oak_boat":1,"stat.pickup.minecraft.wooden_slab":916,"stat.leaveGame":831,"stat.useItem.minecraft.glowstone":53,"stat.mineBlock.minecraft.sandstone":19095,"stat.craftItem.minecraft.ender_eye":27,"stat.killEntity.PigZombie":686,"stat.craftItem.minecraft.shield":7,"stat.craftItem.minecraft.stone_pressure_plate":149,"stat.drop.minecraft.feather":46,"stat.entityKilledBy.PigZombie":4,"stat.mineBlock.minecraft.birch_fence_gate":2,"stat.pickup.minecraft.leaves2":136,"stat.useItem.minecraft.sandstone_stairs":921,"stat.useItem.minecraft.activator_rail":7,"stat.craftItem.minecraft.noteblock":1,"stat.mineBlock.minecraft.wooden_slab":243,"stat.pickup.minecraft.leather_boots":5,"stat.mineBlock.minecraft.lime_glazed_terracotta":6,"stat.killEntity.Witch":62,"stat.drop.minecraft.sand":888,"stat.drop.minecraft.gold_ingot":86,"stat.craftItem.minecraft.wooden_pickaxe":2,"stat.craftItem.minecraft.iron_door":18,"stat.useItem.minecraft.iron_shovel":17479,"stat.drop.minecraft.chainmail_leggings":2,"stat.drop.minecraft.cooked_mutton":3,"stat.craftItem.minecraft.bed":14,"stat.mineBlock.minecraft.hopper":670,"stat.mineBlock.minecraft.vine":392,"stat.pickup.minecraft.melon_block":103,"stat.drop.minecraft.gravel":219,"stat.mineBlock.minecraft.rail":1502,"stat.useItem.minecraft.pumpkin_seeds":54,"stat.killEntity.ZombieVillager":32,"stat.noteblockPlayed":7,"stat.drop.minecraft.red_flower":1064,"stat.useItem.minecraft.double_plant":6,"stat.pickup.minecraft.prismarine":15842,"stat.pickup.minecraft.beef":668,"stat.pickup.minecraft.leather_helmet":16,"stat.pickup.minecraft.cauldron":3,"stat.useItem.minecraft.trapdoor":281,"stat.mineBlock.minecraft.stained_hardened_clay":727,"stat.useItem.minecraft.stained_glass":78695,"stat.craftItem.minecraft.prismarine":18460,"stat.drop.minecraft.stone_pressure_plate":1,"stat.drop.minecraft.lead":1,"stat.useItem.minecraft.ice":2075,"stat.pickup.minecraft.potion":83,"stat.mineBlock.minecraft.dark_oak_fence_gate":34,"stat.useItem.minecraft.wooden_button":82,"stat.craftItem.minecraft.dropper":647,"stat.useItem.minecraft.dye":3693,"stat.useItem.minecraft.beef":33,"stat.mineBlock.minecraft.stone_pressure_plate":118,"stat.useItem.minecraft.nether_brick":9374,"stat.drop.minecraft.glass_bottle":35,"stat.drop.minecraft.torch":291,"stat.mineBlock.minecraft.tallgrass":999,"stat.useItem.minecraft.splash_potion":5,"stat.drop.minecraft.quartz_ore":5,"stat.craftItem.minecraft.light_weighted_pressure_plate":2,"stat.useItem.minecraft.stone":10227,"stat.pickup.minecraft.arrow":6194,"stat.pickup.minecraft.wooden_pressure_plate":1,"stat.killEntity.Ghast":245,"stat.useItem.minecraft.ender_chest":152,"stat.useItem.minecraft.white_shulker_box":8,"stat.drop.minecraft.iron_pickaxe":8,"stat.mineBlock.minecraft.chest":658,"stat.mineBlock.minecraft.concrete_powder":173,"stat.mineBlock.minecraft.hardened_clay":1240,"stat.craftItem.minecraft.hopper":1448,"stat.drop.minecraft.concrete_powder":321,"stat.pickup.minecraft.nether_brick_fence":430,"stat.useItem.minecraft.reeds":409,"stat.craftItem.minecraft.wooden_sword":1,"stat.craftItem.minecraft.nether_brick":16,"stat.craftItem.minecraft.diamond_shovel":12,"stat.pickup.minecraft.wheat_seeds":19708,"stat.drop.minecraft.snow":48,"stat.mineBlock.minecraft.glass":3032,"stat.useItem.minecraft.enchanting_table":12,"stat.mineBlock.minecraft.dirt":57227,"stat.pickup.minecraft.poisonous_potato":34,"stat.drop.minecraft.paper":892,"stat.pickup.minecraft.brewing_stand":7,"stat.useItem.minecraft.bread":20,"stat.useItem.minecraft.cobblestone":2725,"stat.craftItem.minecraft.leather_boots":11,"stat.useItem.minecraft.gravel":968,"stat.mineBlock.minecraft.double_plant":43,"stat.minecartOneCm":2436447,"stat.breakItem.minecraft.golden_helmet":1,"stat.drop.minecraft.chicken":6,"stat.pickup.minecraft.iron_pickaxe":10,"stat.drop.minecraft.carrot":2435,"stat.mineBlock.minecraft.end_rod":5,"stat.craftItem.minecraft.gold_ingot":23117,"stat.pickup.minecraft.hopper":884,"stat.mineBlock.minecraft.silver_shulker_box":2,"stat.craftItem.minecraft.brewing_stand":2,"stat.pickup.minecraft.apple":192,"stat.useItem.minecraft.fireworks":78,"stat.pickup.minecraft.banner":18,"stat.killEntity.ElderGuardian":4,"stat.itemEnchanted":178,"stat.mineBlock.minecraft.log":6744,"stat.mineBlock.minecraft.heavy_weighted_pressure_plate":6,"stat.useItem.minecraft.wooden_door":271,"stat.craftItem.minecraft.paper":42861,"stat.pickup.minecraft.red_flower":1142,"stat.pickup.minecraft.wool":664,"stat.useItem.minecraft.chorus_fruit":78,"stat.craftItem.minecraft.trapped_chest":376,"stat.drop.minecraft.grass":165,"stat.pickup.minecraft.trapped_chest":88,"stat.cakeSlicesEaten":1,"stat.drop.minecraft.pumpkin":50,"stat.craftItem.minecraft.diamond_leggings":3,"stat.useItem.minecraft.iron_axe":222,"stat.mineBlock.minecraft.silver_glazed_terracotta":185,"stat.mineBlock.minecraft.yellow_flower":5,"stat.entityKilledBy.Witch":1,"stat.useItem.minecraft.skull":131,"stat.craftItem.minecraft.wool":4409,"stat.drop.minecraft.saddle":211,"stat.useItem.minecraft.snow":472,"stat.useItem.minecraft.concrete_powder":27726,"stat.pickup.minecraft.enchanted_book":60,"stat.pickup.minecraft.glowstone":353,"stat.pickup.minecraft.writable_book":8,"stat.craftItem.minecraft.arrow":12,"stat.useItem.minecraft.obsidian":977,"stat.pickup.minecraft.sticky_piston":1259,"stat.pickup.minecraft.bow":145,"stat.mineBlock.minecraft.detector_rail":6,"stat.useItem.minecraft.egg":121,"stat.craftItem.minecraft.spruce_boat":1,"stat.pickup.minecraft.coal_ore":3066,"stat.craftItem.minecraft.cooked_beef":629,"stat.mineBlock.minecraft.obsidian":1221,"stat.pickup.minecraft.shears":1,"stat.drop.minecraft.quartz_stairs":3,"stat.craftItem.minecraft.bow":174,"stat.pickup.minecraft.iron_trapdoor":225,"stat.flyOneCm":35727043,"stat.drop.minecraft.heavy_weighted_pressure_plate":1,"stat.pickup.minecraft.sandstone":18075,"stat.pickup.minecraft.nether_brick_stairs":19,"stat.pickup.minecraft.fish":29429,"stat.craftItem.minecraft.stained_glass":80312,"stat.timeSinceDeath":9990249,"stat.pickup.minecraft.quartz_ore":954,"stat.drop.minecraft.repeater":6,"stat.killEntity.Bat":86,"stat.drop.minecraft.blaze_powder":13,"stat.useItem.minecraft.potato":1945,"stat.pickup.minecraft.chainmail_helmet":4,"stat.pickup.minecraft.nether_wart":142,"stat.mineBlock.minecraft.enchanting_table":3,"stat.craftItem.minecraft.concrete_powder":28728,"stat.mineBlock.minecraft.coal_ore":7084,"stat.pickup.minecraft.shield":2,"stat.craftItem.minecraft.stone_hoe":2,"stat.talkedToVillager":1655,"stat.mineBlock.minecraft.red_mushroom_block":4,"stat.pickup.minecraft.string":1491,"stat.mineBlock.minecraft.ladder":270,"stat.drop.minecraft.redstone_lamp":1,"stat.useItem.minecraft.written_book":16,"stat.mineBlock.minecraft.chorus_flower":6,"stat.useItem.minecraft.dragon_egg":130,"stat.useItem.minecraft.diamond_shovel":219170,"stat.breakItem.minecraft.diamond_helmet":1,"stat.pickup.minecraft.bone_block":178,"stat.mineBlock.minecraft.diamond_ore":338,"stat.pickup.minecraft.fireworks":2576,"stat.pickup.minecraft.lime_glazed_terracotta":5,"stat.craftItem.minecraft.speckled_melon":3,"stat.craftItem.minecraft.wooden_pressure_plate":2,"stat.drop.minecraft.redstone_ore":1,"stat.useItem.minecraft.wooden_sword":18,"stat.breakItem.minecraft.iron_shovel":20,"stat.useItem.minecraft.ladder":1912,"stat.useItem.minecraft.diamond_ore":91,"stat.drop.minecraft.purpur_pillar":18,"stat.useItem.minecraft.cyan_shulker_box":10,"stat.pickup.minecraft.snowball":515,"stat.killEntity.Guardian":493292,"stat.craftItem.minecraft.sandstone_stairs":892,"stat.diveOneCm":21475175,"stat.useItem.minecraft.sticky_piston":1445,"stat.craftItem.minecraft.ladder":930,"stat.mineBlock.minecraft.stone_button":157,"stat.drop.minecraft.ladder":56,"stat.useItem.minecraft.chicken":1,"stat.pickup.minecraft.stone_axe":1,"stat.pickup.minecraft.stained_glass_pane":1232,"stat.useItem.minecraft.rotten_flesh":5,"stat.drop.minecraft.apple":24,"stat.drop.minecraft.sponge":67,"stat.craftItem.minecraft.diamond_sword":12,"stat.drop.minecraft.sandstone":289,"stat.jump":195222,"stat.useItem.minecraft.sand":102532,"stat.pickup.minecraft.white_shulker_box":8,"stat.pickup.minecraft.hopper_minecart":1,"stat.mineBlock.minecraft.observer":754,"stat.mineBlock.minecraft.light_blue_glazed_terracotta":13,"stat.craftItem.minecraft.torch":4228,"stat.drop.minecraft.glowstone":15,"stat.craftItem.minecraft.fermented_spider_eye":4,"stat.mineBlock.minecraft.purpur_block":513,"stat.drop.minecraft.dragon_egg":1,"stat.useItem.minecraft.glass":8775,"stat.pickup.minecraft.stone_shovel":1,"stat.pickup.minecraft.gold_ore":339,"stat.useItem.minecraft.sapling":1175,"stat.drop.minecraft.gold_block":135,"stat.mineBlock.minecraft.glass_pane":3,"stat.damageTaken":560778,"stat.useItem.minecraft.red_shulker_box":57,"stat.useItem.minecraft.end_crystal":9,"stat.mineBlock.minecraft.melon_block":113,"stat.useItem.minecraft.gold_block":75,"stat.mineBlock.minecraft.sapling":71,"stat.pickup.minecraft.log2":3909,"stat.mineBlock.minecraft.sandstone_stairs":437,"stat.useItem.minecraft.purple_shulker_box":2454,"stat.drop.minecraft.nether_brick_fence":7,"stat.pickup.minecraft.bed":64,"stat.pickup.minecraft.concrete":38962,"stat.pickup.minecraft.quartz_block":675,"stat.pickup.minecraft.acacia_fence":6,"stat.pickup.minecraft.potato":4008,"stat.killEntity.Shulker":110,"stat.entityKilledBy.Zombie":5,"stat.killEntity.Silverfish":10,"stat.entityKilledBy.LavaSlime":5,"stat.craftItem.minecraft.stone_slab":84801,"stat.animalsBred":2004,"stat.useItem.minecraft.chest":1553,"stat.drop.minecraft.diamond_ore":1,"stat.useItem.minecraft.observer":1519,"stat.useItem.minecraft.birch_fence_gate":8,"stat.shulkerBoxOpened":22992,"stat.craftItem.minecraft.iron_chestplate":5,"stat.drop.minecraft.potato":379,"stat.pickup.minecraft.ender_pearl":5182,"stat.drop.minecraft.wooden_slab":222,"stat.breakItem.minecraft.stone_hoe":2,"stat.pickup.minecraft.ladder":1463,"stat.useItem.minecraft.netherrack":26543,"stat.craftItem.minecraft.stained_glass_pane":10211,"stat.mineBlock.minecraft.tnt":3,"stat.craftItem.minecraft.bookshelf":472,"stat.useItem.minecraft.tripwire_hook":88,"stat.mineBlock.minecraft.stonebrick":9059,"stat.mineBlock.minecraft.glowstone":309,"stat.craftItem.minecraft.shears":17,"stat.useItem.minecraft.cobblestone_wall":1523,"stat.breakItem.minecraft.diamond_shovel":5,"stat.pickup.minecraft.iron_horse_armor":1,"stat.useItem.minecraft.writable_book":43,"stat.drop.minecraft.spruce_stairs":1,"stat.pickup.minecraft.torch":10287,"stat.drop.minecraft.diamond_shovel":6,"stat.drop.minecraft.quartz_block":7,"stat.useItem.minecraft.purpur_slab":2,"stat.drop.minecraft.arrow":9133,"stat.drop.minecraft.shears":3,"stat.pickup.minecraft.dark_oak_fence_gate":19,"stat.useItem.minecraft.end_bricks":7,"stat.drop.minecraft.waterlily":17,"stat.craftItem.minecraft.iron_axe":3,"stat.mineBlock.minecraft.purple_shulker_box":2405,"stat.useItem.minecraft.lead":2,"stat.pickup.minecraft.lapis_block":54,"stat.drop.minecraft.trapdoor":1,"stat.pickup.minecraft.fishing_rod":24,"stat.useItem.minecraft.planks":1651,"stat.useItem.minecraft.nether_brick_stairs":34,"stat.pickup.minecraft.porkchop":107,"stat.pickup.minecraft.glass":5302,"stat.pickup.minecraft.blaze_powder":42,"stat.drop.minecraft.melon":144,"stat.useItem.minecraft.water_bucket":1449,"stat.pickup.minecraft.sand":298293,"stat.craftItem.minecraft.golden_apple":2,"stat.craftItem.minecraft.dark_oak_fence":12,"stat.pickup.minecraft.hardened_clay":1239,"stat.useItem.minecraft.red_nether_brick":40,"stat.pickup.minecraft.name_tag":110,"stat.drop.minecraft.hardened_clay":5,"stat.pickup.minecraft.activator_rail":12,"stat.aviateOneCm":196577128,"stat.useItem.minecraft.ender_pearl":4451,"stat.craftItem.minecraft.cooked_fish":1765,"stat.craftItem.minecraft.blaze_powder":58,"stat.drop.minecraft.golden_sword":512,"stat.useItem.minecraft.oak_stairs":5,"stat.craftItem.minecraft.golden_carrot":10,"stat.mineBlock.minecraft.dark_oak_stairs":2,"stat.drop.minecraft.stone_slab":3073,"stat.pickup.minecraft.fence_gate":18,"stat.pickup.minecraft.filled_map":4,"stat.pickup.minecraft.furnace":242,"stat.useItem.minecraft.redstone":3727,"stat.mineBlock.minecraft.end_bricks":374,"stat.mineBlock.minecraft.redstone_lamp":55,"stat.pickup.minecraft.iron_chestplate":5,"stat.pickup.minecraft.end_rod":5,"stat.pickup.minecraft.skull":508,"stat.useItem.minecraft.stone_stairs":335,"stat.craftItem.minecraft.nether_wart_block":49,"stat.mineBlock.minecraft.red_shulker_box":55,"stat.useItem.minecraft.hopper":2058,"stat.craftItem.minecraft.heavy_weighted_pressure_plate":5,"stat.mineBlock.minecraft.oak_stairs":60,"stat.playOneMinute":140255876,"stat.drop.minecraft.string":384,"stat.pickup.minecraft.diamond_block":13,"stat.useItem.minecraft.shears":2952,"stat.pickup.minecraft.beacon":18,"stat.mineBlock.minecraft.brown_mushroom_block":3,"stat.pickup.minecraft.iron_bars":624,"stat.pickup.minecraft.dispenser":51,"stat.craftItem.minecraft.pumpkin_pie":4,"stat.drop.minecraft.ice":228,"stat.mineBlock.minecraft.dark_oak_fence":5,"stat.craftItem.minecraft.carpet":2214,"stat.mineBlock.minecraft.netherrack":61454,"stat.mineBlock.minecraft.dispenser":62,"stat.craftItem.minecraft.dark_oak_stairs":40,"stat.drop.minecraft.flint":653,"stat.craftItem.minecraft.golden_rail":762,"stat.useItem.minecraft.quartz_ore":904,"stat.pickup.minecraft.cooked_chicken":502,"stat.fallOneCm":6688604,"stat.drop.minecraft.dye":717,"stat.craftItem.minecraft.chest":2937,"stat.useItem.minecraft.nether_brick_fence":20,"stat.craftItem.minecraft.banner":15,"stat.mineBlock.minecraft.lever":200,"stat.pickup.minecraft.red_mushroom":30,"stat.useItem.minecraft.iron_hoe":3360,"stat.pickup.minecraft.milk_bucket":4,"stat.pickup.minecraft.comparator":190,"stat.pickup.minecraft.feather":94,"stat.drop.minecraft.iron_leggings":3,"stat.pickup.minecraft.record_cat":2,"stat.mineBlock.minecraft.red_nether_brick":3,"stat.drop.minecraft.concrete":289,"stat.mineBlock.minecraft.spruce_fence":1,"stat.craftItem.minecraft.dark_oak_fence_gate":128,"stat.pickup.minecraft.lead":52,"stat.useItem.minecraft.stone_pickaxe":321,"stat.useItem.minecraft.stone_sword":138,"stat.craftItem.minecraft.iron_leggings":4,"stat.killEntity.Rabbit":2,"stat.pickup.minecraft.redstone_ore":1408,"stat.craftItem.minecraft.oak_stairs":16,"stat.pickup.minecraft.chainmail_boots":4,"stat.drop.minecraft.stick":178,"stat.useItem.minecraft.iron_bars":1612,"stat.pickup.minecraft.record_13":1,"stat.mineBlock.minecraft.quartz_stairs":217,"stat.mineBlock.minecraft.monster_egg":11,"stat.useItem.minecraft.bone_block":316,"stat.drop.minecraft.stone_brick_stairs":48,"stat.killEntity.LavaSlime":2298,"stat.pickup.minecraft.log":7251,"stat.mineBlock.minecraft.golden_rail":1955,"stat.craftItem.minecraft.hopper_minecart":55,"stat.pickup.minecraft.tallgrass":7,"stat.pickup.minecraft.chainmail_leggings":2,"stat.pickup.minecraft.wooden_door":312,"stat.entityKilledBy.Enderman":2,"stat.mineBlock.minecraft.iron_block":2284,"stat.mineBlock.minecraft.tripwire_hook":20,"stat.killEntity.PolarBear":3,"stat.craftItem.minecraft.snow":75,"stat.pickup.minecraft.diamond_helmet":31,"stat.drop.minecraft.dropper":37,"stat.useItem.minecraft.stone_hoe":264,"stat.sneakTime":9767756,"stat.mineBlock.minecraft.cobblestone_wall":223,"stat.entityKilledBy.Blaze":2,"stat.useItem.minecraft.brewing_stand":9,"stat.pickup.minecraft.chest":722,"stat.craftItem.minecraft.enchanting_table":10,"stat.useItem.minecraft.web":4,"stat.craftItem.minecraft.leather_leggings":11,"stat.drop.minecraft.sugar":8,"stat.drop.minecraft.red_shulker_box":1,"stat.pickup.minecraft.stone_pressure_plate":141,"stat.pickup.minecraft.lit_pumpkin":494,"stat.useItem.minecraft.repeater":1371,"stat.drop.minecraft.leather_helmet":19,"stat.craftItem.minecraft.stone_brick_stairs":6700,"stat.useItem.minecraft.silver_glazed_terracotta":577,"stat.craftItem.minecraft.iron_trapdoor":193,"stat.swimOneCm":10620747,"stat.mineBlock.minecraft.diamond_block":13,"stat.mineBlock.minecraft.spruce_stairs":73,"stat.drop.minecraft.brown_mushroom":20,"stat.useItem.minecraft.dirt":44551,"stat.pickup.minecraft.purpur_block":350,"stat.pickup.minecraft.enchanting_table":3,"stat.drop.minecraft.iron_trapdoor":2,"stat.useItem.minecraft.detector_rail":6,"stat.craftItem.minecraft.melon_block":5668,"stat.drop.minecraft.ender_pearl":1179,"stat.mineBlock.minecraft.magma":1249,"stat.pickup.minecraft.quartz_stairs":222,"stat.mineBlock.minecraft.carpet":390,"stat.pickup.minecraft.gold_block":151,"stat.mineBlock.minecraft.redstone_block":391,"stat.useItem.minecraft.stone_shovel":287,"stat.pickup.minecraft.glass_bottle":28,"stat.drop.minecraft.wheat_seeds":3070,"stat.craftItem.minecraft.wooden_slab":3034,"stat.useItem.minecraft.sign":1376,"stat.drop.minecraft.log":93,"stat.pickup.minecraft.mutton":12,"stat.drop.minecraft.activator_rail":3,"stat.useItem.minecraft.lever":438,"stat.breakItem.minecraft.golden_sword":4,"stat.drop.minecraft.golden_boots":18,"stat.pickup.minecraft.stonebrick":7958,"stat.pickup.minecraft.redstone_lamp":77,"stat.drop.minecraft.beetroot_seeds":6,"stat.mineBlock.minecraft.nether_brick":16953,"stat.craftItem.minecraft.nether_brick_fence":6,"stat.useItem.minecraft.purpur_pillar":10,"stat.drop.minecraft.anvil":2,"stat.drop.minecraft.potion":83,"stat.useItem.minecraft.stone_slab":89393,"stat.useItem.minecraft.bed":73,"stat.craftItem.minecraft.stone":922,"stat.craftItem.minecraft.armor_stand":2,"stat.mineBlock.minecraft.crafting_table":106,"stat.useItem.minecraft.diamond_pickaxe":527099,"stat.mineBlock.minecraft.quartz_block":677,"stat.useItem.minecraft.carrot":4658,"stat.killEntity.Endermite":84,"stat.useItem.minecraft.ender_eye":14,"stat.useItem.minecraft.wooden_shovel":33,"stat.useItem.minecraft.bucket":1812,"stat.pickup.minecraft.stone_button":194,"stat.pickup.minecraft.slime_ball":4442,"stat.drop.minecraft.blaze_rod":293,"stat.useItem.minecraft.purpur_block":44,"stat.mineBlock.minecraft.cyan_shulker_box":10,"stat.craftItem.minecraft.diamond_pickaxe":25,"stat.pickup.minecraft.gravel":18253,"stat.useItem.minecraft.glass_bottle":112,"stat.useItem.minecraft.diamond_axe":15014,"stat.pickup.minecraft.purpur_stairs":56,"stat.entityKilledBy.Guardian":17,"stat.pickup.minecraft.red_shulker_box":56,"stat.useItem.minecraft.stained_glass_pane":7060,"stat.pickup.minecraft.stone_brick_stairs":790,"stat.pickup.minecraft.diamond_sword":44,"stat.killEntity.SkeletonHorse":2,"stat.useItem.minecraft.wooden_hoe":60,"stat.pickup.minecraft.iron_helmet":8,"stat.useItem.minecraft.piston":470,"stat.craftItem.minecraft.bread":65,"stat.pickup.minecraft.spider_eye":305,"stat.useItem.minecraft.stone_button":473,"stat.pickup.minecraft.diamond_ore":141,"stat.craftItem.minecraft.end_crystal":10,"stat.useItem.minecraft.cooked_chicken":409,"stat.pickup.minecraft.iron_ore":2284,"stat.pickup.minecraft.snow":167,"stat.mineBlock.minecraft.iron_bars":611,"stat.pickup.minecraft.leaves":3519,"stat.craftItem.minecraft.activator_rail":18,"stat.pickup.minecraft.leather":447,"stat.drop.minecraft.iron_hoe":1,"stat.useItem.minecraft.wooden_pickaxe":29,"stat.dispenserInspected":491,"stat.mineBlock.minecraft.mycelium":64,"stat.pickup.minecraft.reeds":2720,"stat.pickup.minecraft.prismarine_crystals":22406,"stat.useItem.minecraft.magma":505,"stat.craftItem.minecraft.glass":11582,"stat.drop.minecraft.cooked_chicken":43,"stat.craftItem.minecraft.cauldron":2,"stat.sleepInBed":874,"stat.drop.minecraft.shulker_shell":14,"stat.killEntity.Cow":42,"stat.pickup.minecraft.minecart":1366,"stat.killEntity.Pig":30,"stat.craftItem.minecraft.iron_sword":3,"stat.pickup.minecraft.piston":267,"stat.breakItem.minecraft.fishing_rod":21,"stat.walkOneCm":138982600,"stat.playerKills":6,"stat.pickup.minecraft.clay_ball":4,"stat.mineBlock.minecraft.trapped_chest":88,"stat.useItem.minecraft.dark_oak_fence_gate":146,"stat.pickup.minecraft.purpur_slab":21,"stat.useItem.minecraft.spruce_boat":2,"stat.drop.minecraft.diamond_axe":6,"stat.pickup.minecraft.tnt":1,"stat.drop.minecraft.iron_chestplate":3,"stat.pickup.minecraft.stone":103228,"stat.drop.minecraft.slime":178,"stat.mineBlock.minecraft.wool":506,"stat.pickup.minecraft.silver_glazed_terracotta":175,"stat.drop.minecraft.diamond_leggings":1,"stat.drop.minecraft.emerald":897,"stat.craftItem.minecraft.hay_block":24,"stat.mineBlock.minecraft.packed_ice":3852,"stat.useItem.minecraft.leaves":4883,"stat.craftItem.minecraft.minecart":498,"stat.drop.minecraft.command_block":2,"stat.pickup.minecraft.gold_ingot":204,"stat.useItem.minecraft.prismarine":19102,"stat.killEntity.Skeleton":2560,"stat.pickup.minecraft.record_mellohi":2,"stat.mineBlock.minecraft.cactus":21,"stat.drop.minecraft.chainmail_boots":4,"stat.mineBlock.minecraft.redstone_torch":281,"stat.killEntity.Spider":603,"stat.pickup.minecraft.bread":32,"stat.pickup.minecraft.quartz":19151,"stat.pickup.minecraft.birch_fence":15,"stat.pickup.minecraft.blue_glazed_terracotta":266,"stat.pickup.minecraft.water_bucket":37,"stat.drop.minecraft.prismarine":347,"stat.useItem.minecraft.hopper_minecart":65,"stat.pickup.minecraft.spruce_stairs":74,"stat.mineBlock.minecraft.redstone_ore":1895,"stat.pickup.minecraft.elytra":34,"stat.pickup.minecraft.lava_bucket":4,"stat.drop.minecraft.beef":34,"stat.mineBlock.minecraft.stone":258859,"stat.useItem.minecraft.sandstone":12198}