{"stat.craftItem.minecraft.chorus_fruit_popped":1,"stat.useItem.minecraft.bow":1969,"stat.useItem.minecraft.quartz_block":1631,"stat.drop.minecraft.gunpowder":479,"stat.drop.minecraft.redstone":314,"stat.pickup.minecraft.dark_oak_boat":23,"stat.mineBlock.minecraft.stained_glass":2783,"stat.drop.minecraft.enchanted_book":190,"stat.mineBlock.minecraft.web":61,"stat.drop.minecraft.iron_sword":13,"stat.pickup.minecraft.rotten_flesh":4577,"stat.drop.minecraft.redstone_torch":96,"stat.useItem.minecraft.diamond_hoe":1562,"stat.mineBlock.minecraft.purpur_stairs":14,"stat.drop.minecraft.golden_horse_armor":7,"stat.craftItem.minecraft.stone_axe":3,"stat.drop.minecraft.leather_boots":33,"stat.useItem.minecraft.vine":4,"stat.pickup.minecraft.cobblestone_wall":110,"stat.pickup.minecraft.bucket":90,"stat.useItem.minecraft.rail":5983,"stat.killEntity.Enderman":22152,"stat.drop.minecraft.elytra":17,"stat.useItem.minecraft.anvil":61,"stat.craftItem.minecraft.iron_shovel":18,"stat.mineBlock.minecraft.emerald_block":167,"stat.pickup.minecraft.brown_mushroom":854,"stat.mineBlock.minecraft.end_stone":67,"stat.killEntity.Villager":43,"stat.useItem.minecraft.spider_eye":1,"stat.useItem.minecraft.iron_pickaxe":2457,"stat.pickup.minecraft.stained_hardened_clay":959,"stat.drop.minecraft.ender_eye":4,"stat.drop.minecraft.sandstone_stairs":1,"stat.pickup.minecraft.double_plant":491,"stat.craftItem.minecraft.glass_pane":112,"stat.useItem.minecraft.hardened_clay":77,"stat.drop.minecraft.diamond_chestplate":5,"stat.mineBlock.minecraft.sticky_piston":111,"stat.pickup.minecraft.wooden_shovel":1,"stat.furnaceInteraction":2656,"stat.useItem.minecraft.nether_wart":870,"stat.useItem.minecraft.golden_carrot":1,"stat.mineBlock.minecraft.chorus_plant":145,"stat.pickup.minecraft.nether_brick":602,"stat.drop.minecraft.chorus_fruit":100,"stat.entityKilledBy.WitherSkeleton":1,"stat.pickup.minecraft.sponge":130,"stat.craftItem.minecraft.leather_helmet":4,"stat.useItem.minecraft.green_shulker_box":12,"stat.useItem.minecraft.end_stone":21,"stat.mineBlock.minecraft.wooden_button":17,"stat.drop.minecraft.cactus":4,"stat.pickup.minecraft.hay_block":52,"stat.craftItem.minecraft.golden_leggings":1,"stat.drop.minecraft.magma":49,"stat.pickup.minecraft.cyan_shulker_box":2,"stat.useItem.minecraft.fence":353,"stat.drop.minecraft.furnace":3,"stat.mineBlock.minecraft.sponge":33,"stat.useItem.minecraft.cauldron":6,"stat.useItem.minecraft.flint_and_steel":275,"stat.mineBlock.minecraft.fence":102,"stat.useItem.minecraft.wheat_seeds":2759,"stat.mineBlock.minecraft.sea_lantern":145,"stat.drop.minecraft.nether_brick_stairs":101,"stat.drop.minecraft.cooked_fish":270,"stat.killEntity.Husk":4,"stat.pickup.minecraft.emerald":18,"stat.craftItem.minecraft.dark_oak_boat":1,"stat.pickup.minecraft.lever":312,"stat.deaths":109,"stat.pickup.minecraft.bowl":12,"stat.pickup.minecraft.egg":2568,"stat.mineBlock.minecraft.brown_shulker_box":9,"stat.craftItem.minecraft.item_frame":133,"stat.craftItem.minecraft.wooden_shovel":10,"stat.pickup.minecraft.clock":4,"stat.craftItem.minecraft.iron_pickaxe":23,"stat.pickup.minecraft.glass_pane":71,"stat.pickup.minecraft.sea_lantern":492,"stat.pickup.minecraft.item_frame":212,"stat.drop.minecraft.iron_ingot":3836,"stat.craftItem.minecraft.repeater":397,"stat.craftItem.minecraft.cooked_mutton":47,"stat.fishCaught":1,"stat.pickup.minecraft.cooked_mutton":144,"stat.chestOpened":12591,"stat.useItem.minecraft.lapis_ore":105,"stat.craftItem.minecraft.mushroom_stew":22,"stat.craftItem.minecraft.sign":240,"stat.useItem.minecraft.jungle_fence":43,"stat.pickup.minecraft.iron_sword":20,"stat.killEntity.Vex":9,"stat.pickup.minecraft.lapis_ore":130,"stat.craftItem.minecraft.quartz_block":2061,"stat.pickup.minecraft.gold_nugget":41,"stat.pickup.minecraft.chorus_flower":21,"stat.drop.minecraft.banner":2,"stat.craftItem.minecraft.coal":1064,"stat.useItem.minecraft.rabbit_stew":1,"stat.craftItem.minecraft.ender_chest":9,"stat.pickup.minecraft.carrot":7959,"stat.drop.minecraft.stone_sword":13,"stat.useItem.minecraft.rabbit":1,"stat.crouchOneCm":4198650,"stat.pickup.minecraft.rail":5225,"stat.craftItem.minecraft.diamond":45,"stat.craftItem.minecraft.iron_ingot":9582,"stat.pickup.minecraft.ender_chest":249,"stat.drop.minecraft.slime_ball":207,"stat.craftingTableInteraction":1691,"stat.mineBlock.minecraft.wooden_pressure_plate":4,"stat.useItem.minecraft.light_blue_shulker_box":13,"stat.pickup.minecraft.repeater":295,"stat.pickup.minecraft.mushroom_stew":1,"stat.pickup.minecraft.wooden_pickaxe":20,"stat.mineBlock.minecraft.log2":287,"stat.drop.minecraft.double_plant":13,"stat.useItem.minecraft.dark_oak_fence":33,"stat.pickup.minecraft.dye":5955,"stat.mineBlock.minecraft.jungle_fence":12,"stat.pickup.minecraft.planks":1771,"stat.drop.minecraft.minecart":8,"stat.drop.minecraft.soul_sand":111,"stat.drop.minecraft.carpet":308,"stat.mineBlock.minecraft.ender_chest":225,"stat.pickup.minecraft.ice":1185,"stat.flowerPotted":4,"stat.drop.minecraft.rotten_flesh":8371,"stat.pickup.minecraft.magma":1294,"stat.mineBlock.minecraft.activator_rail":9,"stat.drop.minecraft.coal_ore":54,"stat.useItem.minecraft.jungle_fence_gate":6,"stat.drop.minecraft.iron_door":1,"stat.drop.minecraft.glass_pane":23,"stat.drop.minecraft.iron_ore":104,"stat.useItem.minecraft.yellow_flower":7,"stat.drop.minecraft.sapling":283,"stat.pickup.minecraft.chicken":209,"stat.drop.minecraft.gold_nugget":44,"stat.pickup.minecraft.end_stone":103,"stat.useItem.minecraft.glass_pane":23,"stat.breakItem.minecraft.stone_shovel":2,"stat.drop.minecraft.fish":19,"stat.drop.minecraft.trapped_chest":2,"stat.craftItem.minecraft.bucket":30,"stat.craftItem.minecraft.planks":12195,"stat.useItem.minecraft.iron_sword":1028,"stat.mineBlock.minecraft.prismarine":41,"stat.craftItem.minecraft.dirt":20,"stat.pickup.minecraft.stone_sword":15,"stat.craftItem.minecraft.fishing_rod":6,"stat.drop.minecraft.comparator":40,"stat.useItem.minecraft.stonebrick":4565,"stat.pickup.minecraft.book":187,"stat.craftItem.minecraft.wooden_door":3,"stat.mineBlock.minecraft.waterlily":20,"stat.pickup.minecraft.iron_door":13,"stat.drop.minecraft.leather_leggings":37,"stat.pickup.minecraft.red_nether_brick":67,"stat.drop.minecraft.sea_lantern":191,"stat.pickup.minecraft.cooked_fish":203,"stat.breakItem.minecraft.leather_leggings":1,"stat.craftItem.minecraft.spruce_door":12,"stat.pickup.minecraft.tripwire_hook":28,"stat.drop.minecraft.observer":28,"stat.craftItem.minecraft.jungle_boat":6,"stat.pickup.minecraft.bookshelf":51,"stat.mineBlock.minecraft.cobblestone":1270,"stat.mineBlock.minecraft.pumpkin":65,"stat.useItem.minecraft.beacon":11,"stat.pickup.minecraft.stone_pickaxe":15,"stat.pickup.minecraft.flint":878,"stat.craftItem.minecraft.quartz_stairs":112,"stat.pickup.minecraft.leather_chestplate":36,"stat.mineBlock.minecraft.concrete":2195,"stat.pickup.minecraft.flower_pot":5,"stat.mineBlock.minecraft.stained_glass_pane":38,"stat.drop.minecraft.purpur_slab":23,"stat.drop.minecraft.end_bricks":300,"stat.pickup.minecraft.lime_shulker_box":88,"stat.craftItem.minecraft.clock":1,"stat.drop.minecraft.cobblestone":4890,"stat.pickup.minecraft.cooked_porkchop":658,"stat.breakItem.minecraft.iron_pickaxe":6,"stat.mineBlock.minecraft.dropper":55,"stat.pickup.minecraft.iron_boots":24,"stat.pickup.minecraft.diamond_horse_armor":6,"stat.craftItem.minecraft.furnace":121,"stat.breakItem.minecraft.diamond_hoe":1,"stat.craftItem.minecraft.lapis_block":229,"stat.drop.minecraft.end_crystal":2,"stat.useItem.minecraft.white_glazed_terracotta":40,"stat.drop.minecraft.golden_helmet":7,"stat.craftItem.minecraft.iron_boots":10,"stat.pickup.minecraft.record_chirp":1,"stat.drop.minecraft.record_cat":10,"stat.mineBlock.minecraft.clay":352,"stat.mineBlock.minecraft.noteblock":19,"stat.pickup.minecraft.diamond_leggings":29,"stat.drop.minecraft.iron_helmet":13,"stat.drop.minecraft.chainmail_chestplate":1,"stat.drop.minecraft.snow_layer":17,"stat.drop.minecraft.spider_eye":135,"stat.useItem.minecraft.wooden_slab":768,"stat.craftItem.minecraft.beacon":3,"stat.useItem.minecraft.iron_door":14,"stat.craftItem.minecraft.iron_block":6457,"stat.craftItem.minecraft.stonebrick":3340,"stat.useItem.minecraft.brown_shulker_box":12,"stat.drop.minecraft.stained_glass":731,"stat.drop.minecraft.flint_and_steel":18,"stat.drop.minecraft.wool":193,"stat.killEntity.Creeper":220,"stat.useItem.minecraft.armor_stand":32,"stat.breakItem.minecraft.iron_sword":1,"stat.pickup.minecraft.wooden_sword":2,"stat.drop.minecraft.ender_chest":4,"stat.useItem.minecraft.silver_shulker_box":6,"stat.craftItem.minecraft.jungle_stairs":12,"stat.pickup.minecraft.brown_shulker_box":9,"stat.entityKilledBy.Skeleton":12,"stat.drop.minecraft.obsidian":12,"stat.killEntity.Squid":113,"stat.useItem.minecraft.dropper":168,"stat.sprintOneCm":69491806,"stat.useItem.minecraft.diamond_block":13,"stat.mineBlock.minecraft.stone_slab":1041,"stat.drop.minecraft.leather":24,"stat.useItem.minecraft.hay_block":138,"stat.useItem.minecraft.snowball":357,"stat.pickup.minecraft.leather_leggings":29,"stat.craftItem.minecraft.redstone_lamp":41,"stat.drop.minecraft.boat":33,"stat.drop.minecraft.cobblestone_wall":39,"stat.pickup.minecraft.sugar":78,"stat.pickup.minecraft.vine":79,"stat.craftItem.minecraft.leather_chestplate":28,"stat.useItem.minecraft.cake":2,"stat.useItem.minecraft.banner":13,"stat.drop.minecraft.golden_rail":62,"stat.craftItem.minecraft.emerald":731,"stat.pickup.minecraft.iron_block":2775,"stat.killEntity.Zombie":1508,"stat.craftItem.minecraft.dye":9127,"stat.craftItem.minecraft.diamond_axe":2,"stat.mineBlock.minecraft.gold_ore":659,"stat.drop.minecraft.diamond_pickaxe":20,"stat.craftItem.minecraft.slime_ball":639,"stat.pickup.minecraft.wheat":2089,"stat.craftItem.minecraft.sandstone":195,"stat.mineBlock.minecraft.mossy_cobblestone":187,"stat.drop.minecraft.stone_stairs":49,"stat.drop.minecraft.purpur_stairs":29,"stat.pickup.minecraft.sign":236,"stat.drop.minecraft.bookshelf":5,"stat.craftItem.minecraft.cooked_porkchop":396,"stat.pickup.minecraft.obsidian":379,"stat.useItem.minecraft.heavy_weighted_pressure_plate":20,"stat.useItem.minecraft.iron_trapdoor":117,"stat.pickup.minecraft.coal":6438,"stat.pickup.minecraft.iron_ingot":47690,"stat.useItem.minecraft.dark_oak_boat":22,"stat.craftItem.minecraft.lever":178,"stat.drop.minecraft.diamond_sword":22,"stat.pickup.minecraft.gunpowder":1180,"stat.drop.minecraft.wooden_sword":3,"stat.pickup.minecraft.dirt":64748,"stat.useItem.minecraft.coal_ore":1269,"stat.drop.minecraft.iron_shovel":6,"stat.craftItem.minecraft.sponge":41,"stat.useItem.minecraft.dispenser":58,"stat.mineBlock.minecraft.lapis_ore":345,"stat.pickup.minecraft.iron_axe":6,"stat.brewingstandInteraction":228,"stat.useItem.minecraft.stone_brick_stairs":69,"stat.mineBlock.minecraft.red_flower":49,"stat.mineBlock.minecraft.torch":1534,"stat.pickup.minecraft.written_book":41,"stat.tradedWithVillager":794,"stat.pickup.minecraft.magma_cream":23,"stat.pickup.minecraft.ender_eye":37,"stat.noteblockTuned":219,"stat.craftItem.minecraft.comparator":137,"stat.craftItem.minecraft.sea_lantern":191,"stat.craftItem.minecraft.glowstone":24,"stat.drop.minecraft.nether_star":3,"stat.useItem.minecraft.slime":79,"stat.useItem.minecraft.birch_fence":16,"stat.mineBlock.minecraft.fence_gate":10,"stat.pickup.minecraft.diamond_axe":24,"stat.pickup.minecraft.rabbit_hide":38,"stat.useItem.minecraft.snow_layer":201,"stat.pickup.minecraft.shulker_shell":280,"stat.pickup.minecraft.record_wait":2,"stat.mineBlock.minecraft.birch_fence":7,"stat.pickup.minecraft.green_shulker_box":11,"stat.drop.minecraft.item_frame":8,"stat.drop.minecraft.wheat":301,"stat.drop.minecraft.noteblock":5,"stat.pickup.minecraft.diamond_pickaxe":52,"stat.useItem.minecraft.pumpkin":93,"stat.pickup.minecraft.noteblock":21,"stat.useItem.minecraft.tnt":515,"stat.useItem.minecraft.lava_bucket":196,"stat.pickup.minecraft.rabbit_foot":13,"stat.drop.minecraft.netherrack":2116,"stat.pickup.minecraft.red_mushroom_block":481,"stat.useItem.minecraft.melon":3,"stat.useItem.minecraft.item_frame":166,"stat.drop.minecraft.record_chirp":1,"stat.useItem.minecraft.stained_hardened_clay":1125,"stat.drop.minecraft.egg":2336,"stat.useItem.minecraft.redstone_ore":723,"stat.pickup.minecraft.cooked_beef":1616,"stat.useItem.minecraft.concrete":1741,"stat.drop.minecraft.lit_pumpkin":8,"stat.drop.minecraft.nether_brick":5,"stat.drop.minecraft.lever":75,"stat.mineBlock.minecraft.purpur_slab":9,"stat.craftItem.minecraft.cookie":32,"stat.mobKills":27928,"stat.pickup.minecraft.diamond_boots":35,"stat.mineBlock.minecraft.bookshelf":66,"stat.drop.minecraft.written_book":38,"stat.useItem.minecraft.boat":97,"stat.craftItem.minecraft.lead":128,"stat.useItem.minecraft.mossy_cobblestone":21,"stat.pickup.minecraft.diamond":422,"stat.pickup.minecraft.beetroot_seeds":1534,"stat.pickup.minecraft.brown_mushroom_block":304,"stat.craftItem.minecraft.nether_brick_stairs":48,"stat.craftItem.minecraft.spruce_stairs":28,"stat.useItem.minecraft.string":40,"stat.drop.minecraft.mutton":20,"stat.useItem.minecraft.bookshelf":106,"stat.useItem.minecraft.soul_sand":27,"stat.killEntity.Blaze":107,"stat.drop.minecraft.shield":7,"stat.useItem.minecraft.poisonous_potato":4,"stat.drop.minecraft.skull":97,"stat.useItem.minecraft.gray_shulker_box":1,"stat.pickup.minecraft.golden_boots":28,"stat.pickup.minecraft.glowstone_dust":367,"stat.drop.minecraft.bowl":12,"stat.drop.minecraft.wooden_door":1,"stat.mineBlock.minecraft.white_shulker_box":15,"stat.mineBlock.minecraft.red_mushroom":27,"stat.mineBlock.minecraft.stone_brick_stairs":48,"stat.mineBlock.minecraft.nether_brick_fence":77,"stat.drop.minecraft.poisonous_potato":4,"stat.drop.minecraft.golden_leggings":2,"stat.pickup.minecraft.splash_potion":4,"stat.pickup.minecraft.observer":152,"stat.craftItem.minecraft.lit_pumpkin":50,"stat.pickup.minecraft.wooden_hoe":5,"stat.craftItem.minecraft.cobblestone_wall":54,"stat.craftItem.minecraft.stone_sword":5,"stat.mineBlock.minecraft.snow_layer":7154,"stat.pickup.minecraft.chainmail_chestplate":7,"stat.mineBlock.minecraft.sand":12320,"stat.craftItem.minecraft.wooden_hoe":16,"stat.craftItem.minecraft.slime":78,"stat.hopperInspected":2360,"stat.useItem.minecraft.fence_gate":16,"stat.drop.minecraft.diamond":123,"stat.pickup.minecraft.packed_ice":563,"stat.breakItem.minecraft.flint_and_steel":5,"stat.pickup.minecraft.ghast_tear":21,"stat.pickup.minecraft.armor_stand":28,"stat.trappedChestTriggered":1819,"stat.drop.minecraft.rail":226,"stat.craftItem.minecraft.magma_cream":2,"stat.drop.minecraft.diamond_block":1,"stat.craftItem.minecraft.observer":120,"stat.craftItem.minecraft.pumpkin_seeds":80,"stat.pickup.minecraft.wooden_button":36,"stat.drop.minecraft.purple_shulker_box":44,"stat.drop.minecraft.green_shulker_box":1,"stat.mineBlock.minecraft.lapis_block":4,"stat.drop.minecraft.wooden_pressure_plate":4,"stat.useItem.minecraft.minecart":159,"stat.useItem.minecraft.cooked_mutton":131,"stat.drop.minecraft.diamond_helmet":14,"stat.drop.minecraft.stained_hardened_clay":564,"stat.drop.minecraft.wooden_button":4,"stat.drop.minecraft.fishing_rod":3,"stat.drop.minecraft.pumpkin_seeds":119,"stat.killEntity.Horse":2,"stat.pickup.minecraft.stone_stairs":107,"stat.craftItem.minecraft.fence_gate":11,"stat.pickup.minecraft.pumpkin_seeds":182,"stat.drop.minecraft.fireworks":1244,"stat.pickup.minecraft.golden_carrot":21,"stat.drop.minecraft.iron_horse_armor":4,"stat.drop.minecraft.snowball":641,"stat.pickup.minecraft.saddle":40,"stat.pickup.minecraft.fermented_spider_eye":5,"stat.mineBlock.minecraft.soul_sand":400,"stat.mineBlock.minecraft.jungle_stairs":5,"stat.pickup.minecraft.mycelium":1486,"stat.pickup.minecraft.blaze_rod":60,"stat.craftItem.minecraft.diamond_block":20,"stat.drop.minecraft.chest":58,"stat.drop.minecraft.white_shulker_box":1,"stat.useItem.minecraft.gray_glazed_terracotta":6,"stat.pickup.minecraft.netherrack":15365,"stat.pickup.minecraft.pumpkin":2079,"stat.pickup.minecraft.spruce_door":3,"stat.useItem.minecraft.fish":9,"stat.recordPlayed":2,"stat.drop.minecraft.hopper":13,"stat.drop.minecraft.detector_rail":1,"stat.drop.minecraft.packed_ice":104,"stat.pickup.minecraft.waterlily":83,"stat.useItem.minecraft.sponge":70,"stat.mineBlock.minecraft.ice":1013,"stat.craftItem.minecraft.redstone_torch":1514,"stat.pickup.minecraft.detector_rail":33,"stat.useItem.minecraft.packed_ice":108,"stat.mineBlock.minecraft.gold_block":4,"stat.craftItem.minecraft.iron_hoe":5,"stat.drop.minecraft.stone":54295,"stat.useItem.minecraft.trapped_chest":203,"stat.pickup.minecraft.melon_seeds":136,"stat.drop.minecraft.gold_ore":31,"stat.pickup.minecraft.dropper":55,"stat.useItem.minecraft.black_shulker_box":76,"stat.drop.minecraft.book":21,"stat.pickup.minecraft.golden_leggings":15,"stat.pickup.minecraft.melon":136,"stat.drop.minecraft.stained_glass_pane":72,"stat.dropperInspected":637,"stat.mineBlock.minecraft.nether_wart_block":2,"stat.pickup.minecraft.heavy_weighted_pressure_plate":12,"stat.pickup.minecraft.emerald_ore":4,"stat.useItem.minecraft.golden_rail":596,"stat.craftItem.minecraft.detector_rail":24,"stat.drop.minecraft.bone":380,"stat.craftItem.minecraft.wooden_button":26,"stat.useItem.minecraft.furnace":181,"stat.pickup.minecraft.slime":50,"stat.pickup.minecraft.iron_leggings":28,"stat.mineBlock.minecraft.snow":584,"stat.mineBlock.minecraft.gravel":3890,"stat.breakItem.minecraft.stone_axe":1,"stat.drop.minecraft.fence_gate":2,"stat.mineBlock.minecraft.beacon":8,"stat.useItem.minecraft.wool":62,"stat.drop.minecraft.reeds":2755,"stat.craftItem.minecraft.leather":3,"stat.pickup.minecraft.flint_and_steel":20,"stat.drop.minecraft.record_13":12,"stat.mineBlock.minecraft.green_shulker_box":13,"stat.useItem.minecraft.torch":7341,"stat.pickup.minecraft.golden_apple":47,"stat.craftItem.minecraft.redstone_block":936,"stat.craftItem.minecraft.stone_stairs":20,"stat.drop.minecraft.diamond_horse_armor":1,"stat.pickup.minecraft.crafting_table":286,"stat.useItem.minecraft.log":843,"stat.useItem.minecraft.comparator":230,"stat.craftItem.minecraft.crafting_table":51,"stat.drop.minecraft.end_stone":38,"stat.craftItem.minecraft.boat":33,"stat.pickup.minecraft.iron_hoe":4,"stat.mineBlock.minecraft.emerald_ore":12,"stat.pickup.minecraft.redstone_block":329,"stat.useItem.minecraft.cooked_fish":29,"stat.drop.minecraft.sign":67,"stat.useItem.minecraft.nether_wart_block":25,"stat.pickup.minecraft.compass":86,"stat.drop.minecraft.stonebrick":822,"stat.craftItem.minecraft.stone_button":58,"stat.drop.minecraft.planks":875,"stat.pickup.minecraft.web":51,"stat.pickup.minecraft.sapling":1011,"stat.drop.minecraft.melon_seeds":50,"stat.drop.minecraft.bow":148,"stat.pickup.minecraft.beetroot":468,"stat.breakItem.minecraft.wooden_hoe":3,"stat.drop.minecraft.golden_chestplate":18,"stat.killEntity.WitherSkeleton":133,"stat.useItem.minecraft.wooden_pressure_plate":5,"stat.pickup.minecraft.golden_sword":2,"stat.craftItem.minecraft.sugar":333,"stat.pickup.minecraft.rabbit":3,"stat.mineBlock.minecraft.orange_shulker_box":78,"stat.drop.minecraft.bucket":29,"stat.useItem.minecraft.baked_potato":241,"stat.pickup.minecraft.stone_slab":3565,"stat.drop.minecraft.yellow_flower":14,"stat.pickup.minecraft.yellow_flower":84,"stat.drop.minecraft.ghast_tear":1,"stat.pickup.minecraft.golden_rail":397,"stat.useItem.minecraft.fishing_rod":145,"stat.drop.minecraft.stone_pickaxe":14,"stat.craftItem.minecraft.diamond_chestplate":1,"stat.useItem.minecraft.mushroom_stew":23,"stat.pickup.minecraft.bone":1328,"stat.craftItem.minecraft.sticky_piston":148,"stat.pickup.minecraft.redstone_torch":282,"stat.horseOneCm":156525,"stat.drop.minecraft.tripwire_hook":10,"stat.drop.minecraft.glowstone_dust":1,"stat.useItem.minecraft.log2":145,"stat.mineBlock.minecraft.slime":27,"stat.drop.minecraft.red_mushroom":290,"stat.drop.minecraft.mossy_cobblestone":157,"stat.drop.minecraft.prismarine_crystals":17,"stat.mineBlock.minecraft.black_shulker_box":73,"stat.mineBlock.minecraft.brown_mushroom":448,"stat.useItem.minecraft.diamond_sword":8442,"stat.craftItem.minecraft.diamond_helmet":3,"stat.climbOneCm":889847,"stat.drop.minecraft.sticky_piston":39,"stat.useItem.minecraft.end_rod":8,"stat.craftItem.minecraft.gold_block":75,"stat.enderchestOpened":1954,"stat.useItem.minecraft.redstone_torch":499,"stat.pickup.minecraft.golden_helmet":17,"stat.drop.minecraft.quartz":1941,"stat.craftItem.minecraft.purple_shulker_box":74,"stat.drop.minecraft.writable_book":45,"stat.drop.minecraft.brick":3,"stat.useItem.minecraft.jungle_boat":28,"stat.entityKilledBy.Endermite":1,"stat.useItem.minecraft.red_flower":13,"stat.pickup.minecraft.cooked_rabbit":12,"stat.craftItem.minecraft.bone_block":401,"stat.useItem.minecraft.magenta_shulker_box":3,"stat.pickup.minecraft.anvil":31,"stat.useItem.minecraft.leaves2":14,"stat.useItem.minecraft.iron_ore":10,"stat.craftItem.minecraft.trapdoor":90,"stat.craftItem.minecraft.stone_pickaxe":9,"stat.pickup.minecraft.cobblestone":14939,"stat.drop.minecraft.rabbit_hide":15,"stat.craftItem.minecraft.glass_bottle":390,"stat.pickup.minecraft.soul_sand":497,"stat.useItem.minecraft.cooked_beef":1724,"stat.pickup.minecraft.cactus":338,"stat.pickup.minecraft.dragon_egg":7,"stat.drop.minecraft.clay_ball":53,"stat.pickup.minecraft.redstone":9257,"stat.craftItem.minecraft.dispenser":34,"stat.mineBlock.minecraft.iron_ore":3209,"stat.craftItem.minecraft.book":727,"stat.drop.minecraft.name_tag":7,"stat.pickup.minecraft.mossy_cobblestone":360,"stat.useItem.minecraft.noteblock":32,"stat.craftItem.minecraft.cake":2,"stat.drop.minecraft.coal":585,"stat.drop.minecraft.iron_bars":30,"stat.drop.minecraft.dirt":13537,"stat.useItem.minecraft.cooked_porkchop":652,"stat.pickup.minecraft.iron_shovel":17,"stat.pickup.minecraft.trapdoor":123,"stat.pickup.minecraft.carpet":692,"stat.pickup.minecraft.diamond_shovel":26,"stat.pickup.minecraft.jungle_stairs":5,"stat.useItem.minecraft.chest_minecart":44,"stat.mineBlock.minecraft.lime_shulker_box":86,"stat.useItem.minecraft.sea_lantern":439,"stat.craftItem.minecraft.snow_layer":282,"stat.pickup.minecraft.silver_shulker_box":3,"stat.pickup.minecraft.nether_star":6,"stat.drop.minecraft.compass":65,"stat.useItem.minecraft.spruce_fence":28,"stat.pickup.minecraft.sandstone_stairs":7,"stat.craftItem.minecraft.chest_minecart":46,"stat.pickup.minecraft.paper":23,"stat.craftItem.minecraft.stick":4812,"stat.craftItem.minecraft.stained_hardened_clay":240,"stat.craftItem.minecraft.gold_nugget":282,"stat.pickup.minecraft.grass":3246,"stat.useItem.minecraft.stone_pressure_plate":31,"stat.drop.minecraft.leaves":1261,"stat.breakItem.minecraft.iron_hoe":1,"stat.pickup.minecraft.golden_horse_armor":24,"stat.pickup.minecraft.diamond_chestplate":8,"stat.drop.minecraft.dispenser":2,"stat.entityKilledBy.Creeper":19,"stat.breakItem.minecraft.shears":14,"stat.pickup.minecraft.blue_shulker_box":16,"stat.mineBlock.minecraft.planks":870,"stat.drop":10783,"stat.pickup.minecraft.jukebox":2,"stat.killEntity.Sheep":104,"stat.drop.minecraft.iron_boots":17,"stat.drop.minecraft.redstone_block":203,"stat.pickup.minecraft.golden_chestplate":25,"stat.useItem.minecraft.melon_seeds":8,"stat.drop.minecraft.bread":23,"stat.pickup.minecraft.purpur_pillar":124,"stat.drop.minecraft.nether_wart":187,"stat.craftItem.minecraft.piston":223,"stat.useItem.minecraft.quartz_stairs":132,"stat.drop.minecraft.cooked_beef":473,"stat.killEntity.Slime":119,"stat.mineBlock.minecraft.anvil":27,"stat.useItem.minecraft.lime_shulker_box":90,"stat.pickup.minecraft.purple_shulker_box":1035,"stat.useItem.minecraft.waterlily":38,"stat.useItem.minecraft.apple":6,"stat.drop.minecraft.chainmail_helmet":3,"stat.useItem.minecraft.porkchop":2,"stat.useItem.minecraft.carpet":495,"stat.useItem.minecraft.potion":61,"stat.mineBlock.minecraft.purpur_pillar":111,"stat.useItem.minecraft.flower_pot":4,"stat.pickup.minecraft.fence":215,"stat.useItem.minecraft.stone_axe":209,"stat.craftItem.minecraft.iron_helmet":9,"stat.drop.minecraft.piston":92,"stat.craftItem.minecraft.rail":2083,"stat.drop.minecraft.bed":1,"stat.drop.minecraft.glass":63,"stat.boatOneCm":5768110,"stat.drop.minecraft.magma_cream":11,"stat.craftItem.minecraft.flint_and_steel":37,"stat.useItem.minecraft.redstone_lamp":79,"stat.mineBlock.minecraft.leaves2":340,"stat.mineBlock.minecraft.stone_stairs":10,"stat.craftItem.minecraft.iron_bars":64,"stat.mineBlock.minecraft.furnace":138,"stat.pickup.minecraft.dark_oak_fence":57,"stat.drop.minecraft.stone_button":11,"stat.pickup.minecraft.prismarine_shard":166,"stat.pickup.minecraft.end_crystal":2,"stat.drop.minecraft.water_bucket":17,"stat.killEntity.CaveSpider":8,"stat.craftItem.minecraft.netherbrick":297,"stat.craftItem.minecraft.birch_fence":15,"stat.pickup.minecraft.oak_stairs":9,"stat.pickup.minecraft.emerald_block":167,"stat.pickup.minecraft.stained_glass":4716,"stat.damageDealt":697908,"stat.craftItem.minecraft.bowl":16,"stat.craftItem.minecraft.anvil":24,"stat.mineBlock.minecraft.nether_brick_stairs":18,"stat.pickup.minecraft.end_bricks":465,"stat.useItem.minecraft.crafting_table":269,"stat.craftItem.minecraft.stone_shovel":3,"stat.pickup.minecraft.boat":115,"stat.pickup.minecraft.stick":848,"stat.drop.minecraft.vine":2,"stat.breakItem.minecraft.stone_pickaxe":2,"stat.drop.minecraft.iron_block":1519,"stat.craftItem.minecraft.diamond_boots":3,"stat.craftItem.minecraft.writable_book":87,"stat.useItem.minecraft.redstone_block":109,"stat.drop.minecraft.leather_chestplate":42,"stat.useItem.minecraft.spruce_stairs":26,"stat.craftItem.minecraft.redstone":5093,"stat.pickup.minecraft.chorus_fruit":2720,"stat.useItem.minecraft.cactus":122,"stat.drop.minecraft.purpur_block":123,"stat.killEntity.Chicken":147,"stat.drop.minecraft.crafting_table":19,"stat.useItem.minecraft.iron_block":3563,"stat.mineBlock.minecraft.quartz_ore":6031,"stat.craftItem.minecraft.tnt":595,"stat.pickup.minecraft.concrete_powder":1327,"stat.drop.minecraft.nether_wart_block":8,"stat.drop.minecraft.filled_map":2,"stat.drop.minecraft.diamond_boots":15,"stat.pickup.minecraft.dragon_breath":1,"stat.craftItem.minecraft.fence":477,"stat.craftItem.minecraft.jungle_fence":57,"stat.useItem.minecraft.golden_apple":3,"stat.mineBlock.minecraft.leaves":6623,"stat.mineBlock.minecraft.piston":104,"stat.mineBlock.minecraft.bone_block":4,"stat.drop.minecraft.lime_shulker_box":1,"stat.mineBlock.minecraft.hay_block":52,"stat.craftItem.minecraft.tripwire_hook":58,"stat.beaconInteraction":48,"stat.drop.minecraft.dark_oak_boat":5,"stat.pickup.minecraft.wooden_slab":221,"stat.craftItem.minecraft.diamond_hoe":1,"stat.leaveGame":797,"stat.pickup.minecraft.jungle_fence":12,"stat.useItem.minecraft.glowstone":176,"stat.mineBlock.minecraft.sandstone":771,"stat.craftItem.minecraft.ender_eye":14,"stat.breakItem.minecraft.wooden_sword":3,"stat.killEntity.PigZombie":35,"stat.craftItem.minecraft.shield":1,"stat.craftItem.minecraft.stone_pressure_plate":20,"stat.drop.minecraft.feather":187,"stat.pickup.minecraft.leaves2":15,"stat.useItem.minecraft.activator_rail":28,"stat.craftItem.minecraft.noteblock":21,"stat.useItem.minecraft.birch_boat":1,"stat.mineBlock.minecraft.wooden_slab":169,"stat.pickup.minecraft.leather_boots":20,"stat.killEntity.Witch":12,"stat.drop.minecraft.sand":3710,"stat.killEntity.MushroomCow":82,"stat.drop.minecraft.gold_ingot":224,"stat.drop.minecraft.tnt":473,"stat.craftItem.minecraft.wooden_pickaxe":10,"stat.craftItem.minecraft.iron_door":6,"stat.useItem.minecraft.iron_shovel":3315,"stat.drop.minecraft.chainmail_leggings":2,"stat.drop.minecraft.cooked_mutton":64,"stat.craftItem.minecraft.bed":12,"stat.mineBlock.minecraft.hopper":427,"stat.mineBlock.minecraft.vine":67,"stat.pickup.minecraft.melon_block":24,"stat.drop.minecraft.gravel":1201,"stat.mineBlock.minecraft.rail":1195,"stat.useItem.minecraft.pumpkin_seeds":51,"stat.killEntity.ZombieVillager":38,"stat.noteblockPlayed":165,"stat.drop.minecraft.red_flower":422,"stat.useItem.minecraft.double_plant":8,"stat.pickup.minecraft.prismarine":420,"stat.pickup.minecraft.beef":1468,"stat.pickup.minecraft.leather_helmet":16,"stat.pickup.minecraft.cauldron":3,"stat.useItem.minecraft.trapdoor":94,"stat.mineBlock.minecraft.stained_hardened_clay":497,"stat.useItem.minecraft.blue_shulker_box":17,"stat.useItem.minecraft.stained_glass":8575,"stat.drop.minecraft.stone_pressure_plate":4,"stat.drop.minecraft.lead":199,"stat.useItem.minecraft.dark_oak_door":2,"stat.useItem.minecraft.ice":1005,"stat.pickup.minecraft.magenta_shulker_box":1,"stat.pickup.minecraft.potion":241,"stat.mineBlock.minecraft.dark_oak_fence_gate":1,"stat.useItem.minecraft.wooden_button":40,"stat.craftItem.minecraft.dropper":115,"stat.useItem.minecraft.dye":2992,"stat.useItem.minecraft.beef":1,"stat.mineBlock.minecraft.stone_pressure_plate":9,"stat.useItem.minecraft.nether_brick":181,"stat.drop.minecraft.torch":1298,"stat.drop.minecraft.glass_bottle":125,"stat.useItem.minecraft.jukebox":3,"stat.mineBlock.minecraft.tallgrass":973,"stat.useItem.minecraft.splash_potion":21,"stat.useItem.minecraft.cooked_rabbit":12,"stat.drop.minecraft.quartz_ore":1538,"stat.drop.minecraft.chorus_flower":14,"stat.useItem.minecraft.stone":21642,"stat.pickup.minecraft.arrow":6467,"stat.pickup.minecraft.wooden_pressure_plate":5,"stat.killEntity.Ghast":22,"stat.useItem.minecraft.ender_chest":222,"stat.useItem.minecraft.white_shulker_box":24,"stat.useItem.minecraft.clay":25,"stat.drop.minecraft.iron_pickaxe":22,"stat.mineBlock.minecraft.chest":1853,"stat.drop.minecraft.mushroom_stew":1,"stat.mineBlock.minecraft.hardened_clay":190,"stat.mineBlock.minecraft.concrete_powder":130,"stat.craftItem.minecraft.hopper":741,"stat.drop.minecraft.concrete_powder":797,"stat.pickup.minecraft.nether_brick_fence":112,"stat.pickup.minecraft.yellow_shulker_box":63,"stat.pickup.minecraft.orange_shulker_box":72,"stat.useItem.minecraft.reeds":431,"stat.pickup.minecraft.birch_boat":3,"stat.craftItem.minecraft.wooden_sword":5,"stat.craftItem.minecraft.nether_brick":84,"stat.craftItem.minecraft.rabbit_stew":1,"stat.drop.minecraft.jungle_fence":25,"stat.craftItem.minecraft.diamond_shovel":3,"stat.pickup.minecraft.wheat_seeds":4629,"stat.drop.minecraft.snow":1595,"stat.mineBlock.minecraft.glass":317,"stat.drop.minecraft.spruce_fence":3,"stat.useItem.minecraft.enchanting_table":3,"stat.pickup.minecraft.pink_shulker_box":11,"stat.mineBlock.minecraft.dirt":35923,"stat.pickup.minecraft.poisonous_potato":16,"stat.drop.minecraft.paper":396,"stat.useItem.minecraft.bread":39,"stat.pickup.minecraft.brewing_stand":15,"stat.drop.minecraft.porkchop":25,"stat.pickup.minecraft.light_blue_shulker_box":10,"stat.useItem.minecraft.cobblestone":1714,"stat.craftItem.minecraft.leather_boots":1,"stat.useItem.minecraft.gravel":539,"stat.mineBlock.minecraft.double_plant":69,"stat.minecartOneCm":400102,"stat.drop.minecraft.chicken":126,"stat.pickup.minecraft.iron_pickaxe":29,"stat.drop.minecraft.carrot":10842,"stat.mineBlock.minecraft.end_rod":18,"stat.craftItem.minecraft.gold_ingot":646,"stat.pickup.minecraft.hopper":417,"stat.mineBlock.minecraft.silver_shulker_box":3,"stat.craftItem.minecraft.brewing_stand":3,"stat.pickup.minecraft.apple":98,"stat.useItem.minecraft.fireworks":61,"stat.pickup.minecraft.banner":3,"stat.itemEnchanted":258,"stat.mineBlock.minecraft.log":4133,"stat.mineBlock.minecraft.heavy_weighted_pressure_plate":2,"stat.useItem.minecraft.wooden_door":20,"stat.useItem.minecraft.spruce_door":15,"stat.craftItem.minecraft.paper":5355,"stat.pickup.minecraft.red_flower":233,"stat.drop.minecraft.bone_block":60,"stat.pickup.minecraft.wool":728,"stat.useItem.minecraft.chorus_fruit":584,"stat.useItem.minecraft.wooden_axe":56,"stat.drop.minecraft.grass":876,"stat.craftItem.minecraft.trapped_chest":39,"stat.pickup.minecraft.trapped_chest":1536,"stat.cakeSlicesEaten":11,"stat.drop.minecraft.pumpkin":204,"stat.craftItem.minecraft.cooked_rabbit":1,"stat.craftItem.minecraft.diamond_leggings":1,"stat.useItem.minecraft.iron_axe":1325,"stat.drop.minecraft.stone_shovel":1,"stat.mineBlock.minecraft.yellow_flower":65,"stat.useItem.minecraft.skull":47,"stat.craftItem.minecraft.wool":204,"stat.drop.minecraft.saddle":12,"stat.useItem.minecraft.snow":2238,"stat.useItem.minecraft.concrete_powder":2712,"stat.pickup.minecraft.enchanted_book":148,"stat.pickup.minecraft.glowstone":559,"stat.pickup.minecraft.writable_book":47,"stat.craftItem.minecraft.arrow":4,"stat.useItem.minecraft.obsidian":244,"stat.pickup.minecraft.sticky_piston":182,"stat.useItem.minecraft.cookie":8,"stat.pickup.minecraft.bow":182,"stat.pickup.minecraft.white_glazed_terracotta":39,"stat.craftItem.minecraft.beetroot_soup":1,"stat.drop.minecraft.birch_boat":2,"stat.mineBlock.minecraft.detector_rail":22,"stat.useItem.minecraft.egg":1081,"stat.craftItem.minecraft.spruce_boat":12,"stat.pickup.minecraft.nether_wart_block":9,"stat.pickup.minecraft.coal_ore":1734,"stat.craftItem.minecraft.cooked_beef":439,"stat.mineBlock.minecraft.obsidian":363,"stat.pickup.minecraft.shears":9,"stat.drop.minecraft.quartz_stairs":9,"stat.craftItem.minecraft.bow":83,"stat.pickup.minecraft.iron_trapdoor":98,"stat.flyOneCm":42099125,"stat.drop.minecraft.heavy_weighted_pressure_plate":68,"stat.pickup.minecraft.sandstone":1929,"stat.pickup.minecraft.nether_brick_stairs":101,"stat.pickup.minecraft.fish":160,"stat.craftItem.minecraft.stained_glass":5448,"stat.timeSinceDeath":2485449,"stat.pickup.minecraft.quartz_ore":2822,"stat.cauldronFilled":3,"stat.drop.minecraft.repeater":17,"stat.killEntity.Bat":28,"stat.drop.minecraft.blaze_powder":3,"stat.useItem.minecraft.potato":483,"stat.pickup.minecraft.chainmail_helmet":4,"stat.pickup.minecraft.nether_wart":1639,"stat.pickup.minecraft.spruce_fence":16,"stat.mineBlock.minecraft.enchanting_table":2,"stat.craftItem.minecraft.concrete_powder":2920,"stat.mineBlock.minecraft.coal_ore":3886,"stat.pickup.minecraft.shield":6,"stat.craftItem.minecraft.stone_hoe":3,"stat.talkedToVillager":276,"stat.drop.minecraft.baked_potato":33,"stat.mineBlock.minecraft.red_mushroom_block":2047,"stat.pickup.minecraft.string":1406,"stat.craftItem.minecraft.golden_helmet":1,"stat.mineBlock.minecraft.ladder":82,"stat.drop.minecraft.redstone_lamp":3,"stat.useItem.minecraft.milk_bucket":2,"stat.useItem.minecraft.written_book":56,"stat.mineBlock.minecraft.chorus_flower":7,"stat.useItem.minecraft.diamond_shovel":74521,"stat.craftItem.minecraft.wooden_axe":2,"stat.pickup.minecraft.bone_block":64,"stat.mineBlock.minecraft.diamond_ore":232,"stat.pickup.minecraft.fireworks":3018,"stat.useItem.minecraft.brown_mushroom_block":26,"stat.drop.minecraft.lava_bucket":16,"stat.craftItem.minecraft.wooden_pressure_plate":4,"stat.craftItem.minecraft.speckled_melon":9,"stat.useItem.minecraft.wooden_sword":221,"stat.breakItem.minecraft.iron_shovel":11,"stat.useItem.minecraft.ladder":680,"stat.useItem.minecraft.diamond_ore":69,"stat.drop.minecraft.purpur_pillar":114,"stat.useItem.minecraft.cyan_shulker_box":5,"stat.pickup.minecraft.snowball":11849,"stat.killEntity.Guardian":213,"stat.craftItem.minecraft.sandstone_stairs":36,"stat.diveOneCm":5477236,"stat.useItem.minecraft.sticky_piston":251,"stat.craftItem.minecraft.ladder":339,"stat.drop.minecraft.dark_oak_fence":15,"stat.mineBlock.minecraft.stone_button":81,"stat.drop.minecraft.ladder":373,"stat.useItem.minecraft.chicken":3,"stat.pickup.minecraft.stone_axe":7,"stat.pickup.minecraft.stained_glass_pane":191,"stat.useItem.minecraft.rotten_flesh":1,"stat.drop.minecraft.apple":14,"stat.drop.minecraft.sponge":47,"stat.craftItem.minecraft.diamond_sword":13,"stat.drop.minecraft.sandstone":674,"stat.mineBlock.minecraft.blue_shulker_box":16,"stat.jump":163558,"stat.useItem.minecraft.sand":1789,"stat.pickup.minecraft.white_shulker_box":15,"stat.mineBlock.minecraft.observer":109,"stat.craftItem.minecraft.torch":4472,"stat.breakItem.minecraft.golden_leggings":1,"stat.breakItem.minecraft.leather_chestplate":1,"stat.drop.minecraft.glowstone":122,"stat.craftItem.minecraft.fermented_spider_eye":25,"stat.mineBlock.minecraft.purpur_block":150,"stat.drop.minecraft.dragon_egg":1,"stat.useItem.minecraft.glass":825,"stat.pickup.minecraft.stone_shovel":3,"stat.useItem.minecraft.sapling":272,"stat.pickup.minecraft.gold_ore":720,"stat.drop.minecraft.gold_block":51,"stat.mineBlock.minecraft.glass_pane":22,"stat.damageTaken":191162,"stat.useItem.minecraft.red_shulker_box":219,"stat.useItem.minecraft.end_crystal":4,"stat.mineBlock.minecraft.melon_block":28,"stat.useItem.minecraft.gold_block":6,"stat.mineBlock.minecraft.sapling":9,"stat.pickup.minecraft.log2":334,"stat.mineBlock.minecraft.sandstone_stairs":1,"stat.useItem.minecraft.purple_shulker_box":994,"stat.pickup.minecraft.bed":54,"stat.drop.minecraft.nether_brick_fence":33,"stat.pickup.minecraft.concrete":2584,"stat.pickup.minecraft.acacia_fence":2,"stat.pickup.minecraft.quartz_block":904,"stat.pickup.minecraft.potato":13557,"stat.killEntity.Shulker":82,"stat.breakItem.minecraft.iron_leggings":3,"stat.entityKilledBy.Zombie":5,"stat.killEntity.Silverfish":4,"stat.craftItem.minecraft.stone_slab":4658,"stat.animalsBred":1210,"stat.useItem.minecraft.chest":599,"stat.mineBlock.minecraft.light_blue_shulker_box":10,"stat.useItem.minecraft.observer":208,"stat.shulkerBoxOpened":8882,"stat.craftItem.minecraft.iron_chestplate":13,"stat.pickup.minecraft.baked_potato":208,"stat.drop.minecraft.potato":12467,"stat.pickup.minecraft.ender_pearl":17951,"stat.drop.minecraft.wooden_slab":32,"stat.breakItem.minecraft.stone_hoe":2,"stat.pickup.minecraft.ladder":1690,"stat.breakItem.minecraft.golden_boots":1,"stat.useItem.minecraft.netherrack":3895,"stat.craftItem.minecraft.stained_glass_pane":368,"stat.mineBlock.minecraft.tnt":45,"stat.craftItem.minecraft.bookshelf":65,"stat.useItem.minecraft.tripwire_hook":38,"stat.mineBlock.minecraft.stonebrick":1867,"stat.mineBlock.minecraft.gray_glazed_terracotta":4,"stat.drop.minecraft.jungle_fence_gate":5,"stat.mineBlock.minecraft.glowstone":374,"stat.craftItem.minecraft.shears":17,"stat.useItem.minecraft.cobblestone_wall":84,"stat.pickup.minecraft.iron_horse_armor":18,"stat.breakItem.minecraft.diamond_shovel":1,"stat.drop.minecraft.spruce_stairs":1,"stat.useItem.minecraft.writable_book":71,"stat.breakItem.minecraft.wooden_shovel":2,"stat.pickup.minecraft.torch":5803,"stat.drop.minecraft.acacia_fence":1,"stat.drop.minecraft.quartz_block":429,"stat.drop.minecraft.diamond_shovel":4,"stat.drop.minecraft.stone_axe":5,"stat.pickup.minecraft.spruce_boat":22,"stat.useItem.minecraft.purpur_slab":1,"stat.drop.minecraft.arrow":4127,"stat.craftItem.minecraft.compass":1,"stat.pickup.minecraft.jungle_boat":26,"stat.useItem.minecraft.end_bricks":30,"stat.drop.minecraft.waterlily":25,"stat.pigOneCm":603158,"stat.craftItem.minecraft.iron_axe":7,"stat.mineBlock.minecraft.purple_shulker_box":965,"stat.useItem.minecraft.lead":2,"stat.pickup.minecraft.lapis_block":33,"stat.drop.minecraft.red_nether_brick":130,"stat.drop.minecraft.trapdoor":18,"stat.useItem.minecraft.mutton":1,"stat.pickup.minecraft.fishing_rod":1,"stat.useItem.minecraft.planks":1392,"stat.useItem.minecraft.nether_brick_stairs":49,"stat.pickup.minecraft.porkchop":426,"stat.pickup.minecraft.glass":683,"stat.pickup.minecraft.blaze_powder":43,"stat.drop.minecraft.speckled_melon":2,"stat.drop.minecraft.melon":39,"stat.useItem.minecraft.pink_shulker_box":12,"stat.useItem.minecraft.water_bucket":2120,"stat.pickup.minecraft.sand":17653,"stat.craftItem.minecraft.golden_apple":1,"stat.craftItem.minecraft.dark_oak_fence":24,"stat.pickup.minecraft.hardened_clay":555,"stat.useItem.minecraft.red_nether_brick":1,"stat.pickup.minecraft.name_tag":63,"stat.drop.minecraft.hardened_clay":487,"stat.pickup.minecraft.activator_rail":31,"stat.aviateOneCm":162007537,"stat.useItem.minecraft.brown_mushroom":17,"stat.useItem.minecraft.ender_pearl":2969,"stat.craftItem.minecraft.cooked_fish":129,"stat.craftItem.minecraft.blaze_powder":78,"stat.drop.minecraft.golden_sword":2,"stat.useItem.minecraft.oak_stairs":26,"stat.craftItem.minecraft.golden_carrot":16,"stat.mineBlock.minecraft.white_glazed_terracotta":40,"stat.drop.minecraft.stone_slab":1255,"stat.pickup.minecraft.fence_gate":17,"stat.pickup.minecraft.filled_map":12,"stat.pickup.minecraft.furnace":165,"stat.useItem.minecraft.redstone":2368,"stat.mineBlock.minecraft.end_bricks":403,"stat.mineBlock.minecraft.redstone_lamp":36,"stat.pickup.minecraft.iron_chestplate":28,"stat.pickup.minecraft.end_rod":60,"stat.useItem.minecraft.stone_stairs":7,"stat.pickup.minecraft.skull":175,"stat.mineBlock.minecraft.red_shulker_box":217,"stat.drop.minecraft.wooden_hoe":3,"stat.useItem.minecraft.pumpkin_pie":1,"stat.useItem.minecraft.hopper":1095,"stat.craftItem.minecraft.heavy_weighted_pressure_plate":77,"stat.mineBlock.minecraft.oak_stairs":9,"stat.drop.minecraft.golden_carrot":12,"stat.playOneMinute":35237200,"stat.drop.minecraft.string":590,"stat.useItem.minecraft.jungle_stairs":15,"stat.pickup.minecraft.diamond_block":14,"stat.useItem.minecraft.shears":3945,"stat.mineBlock.minecraft.brown_mushroom_block":1888,"stat.pickup.minecraft.beacon":8,"stat.pickup.minecraft.iron_bars":152,"stat.pickup.minecraft.dispenser":23,"stat.craftItem.minecraft.pumpkin_pie":3,"stat.drop.minecraft.ice":128,"stat.mineBlock.minecraft.dark_oak_fence":55,"stat.craftItem.minecraft.carpet":129,"stat.mineBlock.minecraft.netherrack":13799,"stat.mineBlock.minecraft.dispenser":23,"stat.drop.minecraft.flint":291,"stat.craftItem.minecraft.golden_rail":174,"stat.useItem.minecraft.quartz_ore":2935,"stat.craftItem.minecraft.iron_nugget":44,"stat.pickup.minecraft.cooked_chicken":416,"stat.fallOneCm":4570526,"stat.drop.minecraft.brown_mushroom_block":2,"stat.drop.minecraft.dye":2023,"stat.craftItem.minecraft.chest":644,"stat.useItem.minecraft.nether_brick_fence":60,"stat.craftItem.minecraft.banner":47,"stat.mineBlock.minecraft.lever":114,"stat.pickup.minecraft.red_mushroom":439,"stat.useItem.minecraft.iron_hoe":848,"stat.pickup.minecraft.milk_bucket":3,"stat.pickup.minecraft.comparator":140,"stat.drop.minecraft.leaves2":1,"stat.pickup.minecraft.feather":451,"stat.drop.minecraft.iron_leggings":15,"stat.pickup.minecraft.record_cat":29,"stat.drop.minecraft.concrete":395,"stat.mineBlock.minecraft.spruce_fence":14,"stat.useItem.minecraft.yellow_shulker_box":66,"stat.pickup.minecraft.lead":455,"stat.useItem.minecraft.stone_pickaxe":472,"stat.useItem.minecraft.stone_sword":79,"stat.craftItem.minecraft.iron_leggings":2,"stat.useItem.minecraft.orange_shulker_box":80,"stat.killEntity.Rabbit":23,"stat.craftItem.minecraft.oak_stairs":28,"stat.pickup.minecraft.redstone_ore":938,"stat.pickup.minecraft.chainmail_boots":8,"stat.drop.minecraft.stick":411,"stat.pickup.minecraft.record_13":41,"stat.useItem.minecraft.iron_bars":42,"stat.mineBlock.minecraft.monster_egg":3,"stat.mineBlock.minecraft.quartz_stairs":25,"stat.useItem.minecraft.bone_block":5,"stat.drop.minecraft.stone_brick_stairs":3,"stat.mineBlock.minecraft.pink_shulker_box":11,"stat.killEntity.LavaSlime":187,"stat.pickup.minecraft.log":5674,"stat.breakItem.minecraft.iron_boots":3,"stat.mineBlock.minecraft.golden_rail":168,"stat.craftItem.minecraft.hopper_minecart":10,"stat.pickup.minecraft.tallgrass":24,"stat.drop.minecraft.lapis_block":40,"stat.breakItem.minecraft.iron_helmet":4,"stat.pickup.minecraft.chainmail_leggings":7,"stat.pickup.minecraft.wooden_door":22,"stat.entityKilledBy.Enderman":2,"stat.mineBlock.minecraft.iron_block":1245,"stat.drop.minecraft.clay":13,"stat.breakItem.minecraft.iron_chestplate":1,"stat.mineBlock.minecraft.tripwire_hook":7,"stat.useItem.minecraft.beetroot_soup":1,"stat.craftItem.minecraft.snow":2754,"stat.pickup.minecraft.diamond_helmet":36,"stat.craftItem.minecraft.cooked_chicken":49,"stat.useItem.minecraft.stone_hoe":289,"stat.craftItem.minecraft.flower_pot":25,"stat.useItem.minecraft.beetroot_seeds":534,"stat.sneakTime":1593318,"stat.mineBlock.minecraft.yellow_shulker_box":62,"stat.mineBlock.minecraft.cobblestone_wall":68,"stat.useItem.minecraft.brewing_stand":13,"stat.mineBlock.minecraft.jukebox":2,"stat.useItem.minecraft.beetroot":2,"stat.pickup.minecraft.chest":2011,"stat.craftItem.minecraft.enchanting_table":1,"stat.useItem.minecraft.web":8,"stat.craftItem.minecraft.leather_leggings":8,"stat.useItem.minecraft.lapis_block":31,"stat.drop.minecraft.sugar":36,"stat.drop.minecraft.red_shulker_box":2,"stat.pickup.minecraft.stone_pressure_plate":40,"stat.pickup.minecraft.lit_pumpkin":9,"stat.drop.minecraft.beetroot":37,"stat.useItem.minecraft.repeater":615,"stat.drop.minecraft.leather_helmet":21,"stat.craftItem.minecraft.stone_brick_stairs":88,"stat.drop.minecraft.iron_nugget":4,"stat.craftItem.minecraft.iron_trapdoor":161,"stat.swimOneCm":5957886,"stat.mineBlock.minecraft.diamond_block":13,"stat.mineBlock.minecraft.spruce_stairs":16,"stat.drop.minecraft.brown_mushroom":474,"stat.useItem.minecraft.dirt":28662,"stat.pickup.minecraft.purpur_block":181,"stat.pickup.minecraft.enchanting_table":2,"stat.drop.minecraft.iron_trapdoor":68,"stat.useItem.minecraft.detector_rail":52,"stat.drop.minecraft.ender_pearl":53171,"stat.mineBlock.minecraft.magma":1300,"stat.pickup.minecraft.quartz_stairs":32,"stat.mineBlock.minecraft.carpet":46,"stat.drop.minecraft.fence":131,"stat.pickup.minecraft.gold_block":55,"stat.mineBlock.minecraft.redstone_block":53,"stat.useItem.minecraft.stone_shovel":274,"stat.pickup.minecraft.clay":322,"stat.pickup.minecraft.glass_bottle":202,"stat.useItem.minecraft.red_mushroom":11,"stat.drop.minecraft.wheat_seeds":1599,"stat.craftItem.minecraft.wooden_slab":666,"stat.useItem.minecraft.sign":243,"stat.drop.minecraft.log":860,"stat.pickup.minecraft.mutton":261,"stat.drop.minecraft.activator_rail":1,"stat.useItem.minecraft.lever":342,"stat.pickup.minecraft.dark_oak_door":2,"stat.drop.minecraft.golden_boots":11,"stat.pickup.minecraft.stonebrick":2862,"stat.drop.minecraft.mycelium":47,"stat.pickup.minecraft.redstone_lamp":40,"stat.drop.minecraft.beetroot_seeds":66,"stat.mineBlock.minecraft.nether_brick":333,"stat.craftItem.minecraft.nether_brick_fence":72,"stat.pickup.minecraft.snow_layer":16,"stat.drop.minecraft.log2":43,"stat.pickup.minecraft.gray_glazed_terracotta":6,"stat.drop.minecraft.potion":29,"stat.useItem.minecraft.stone_slab":5499,"stat.craftItem.minecraft.jungle_fence_gate":11,"stat.pickup.minecraft.speckled_melon":23,"stat.useItem.minecraft.bed":61,"stat.craftItem.minecraft.stone":3652,"stat.craftItem.minecraft.armor_stand":16,"stat.mineBlock.minecraft.crafting_table":252,"stat.useItem.minecraft.diamond_pickaxe":172336,"stat.mineBlock.minecraft.quartz_block":428,"stat.useItem.minecraft.carrot":133,"stat.killEntity.Endermite":59,"stat.useItem.minecraft.wooden_shovel":120,"stat.drop.minecraft.golden_apple":5,"stat.useItem.minecraft.bucket":2349,"stat.pickup.minecraft.stone_button":152,"stat.pickup.minecraft.slime_ball":363,"stat.drop.minecraft.blaze_rod":12,"stat.useItem.minecraft.purpur_block":23,"stat.mineBlock.minecraft.cyan_shulker_box":2,"stat.craftItem.minecraft.diamond_pickaxe":6,"stat.craftItem.minecraft.clay":197,"stat.craftItem.minecraft.jukebox":1,"stat.useItem.minecraft.record_wait":2,"stat.drop.minecraft.wooden_pickaxe":23,"stat.pickup.minecraft.gravel":4799,"stat.useItem.minecraft.glass_bottle":296,"stat.useItem.minecraft.diamond_axe":13421,"stat.pickup.minecraft.purpur_stairs":30,"stat.breakItem.minecraft.wooden_axe":1,"stat.drop.minecraft.spruce_boat":1,"stat.pickup.minecraft.red_shulker_box":217,"stat.useItem.minecraft.stained_glass_pane":234,"stat.pickup.minecraft.stone_brick_stairs":111,"stat.drop.minecraft.cooked_porkchop":111,"stat.pickup.minecraft.diamond_sword":58,"stat.pickup.minecraft.brick":1,"stat.useItem.minecraft.wooden_hoe":368,"stat.pickup.minecraft.iron_helmet":25,"stat.pickup.minecraft.black_shulker_box":73,"stat.craftItem.minecraft.birch_boat":1,"stat.useItem.minecraft.piston":160,"stat.craftItem.minecraft.bread":10,"stat.pickup.minecraft.spider_eye":254,"stat.useItem.minecraft.mycelium":975,"stat.useItem.minecraft.stone_button":156,"stat.pickup.minecraft.diamond_ore":84,"stat.mineBlock.minecraft.magenta_shulker_box":1,"stat.useItem.minecraft.cooked_chicken":284,"stat.craftItem.minecraft.end_crystal":8,"stat.pickup.minecraft.iron_ore":3416,"stat.pickup.minecraft.snow":1037,"stat.drop.minecraft.pumpkin_pie":2,"stat.mineBlock.minecraft.iron_bars":2,"stat.pickup.minecraft.leaves":4947,"stat.craftItem.minecraft.activator_rail":36,"stat.pickup.minecraft.leather":1031,"stat.drop.minecraft.iron_hoe":2,"stat.useItem.minecraft.wooden_pickaxe":102,"stat.dispenserInspected":299,"stat.mineBlock.minecraft.mycelium":19675,"stat.pickup.minecraft.reeds":8331,"stat.pickup.minecraft.prismarine_crystals":113,"stat.craftItem.minecraft.glass":850,"stat.drop.minecraft.cooked_chicken":218,"stat.craftItem.minecraft.cauldron":4,"stat.sleepInBed":621,"stat.craftItem.minecraft.baked_potato":8,"stat.drop.minecraft.shulker_shell":87,"stat.killEntity.Cow":559,"stat.pickup.minecraft.minecart":229,"stat.killEntity.Pig":266,"stat.craftItem.minecraft.iron_sword":13,"stat.pickup.minecraft.piston":196,"stat.breakItem.minecraft.fishing_rod":6,"stat.walkOneCm":65924619,"stat.playerKills":5,"stat.pickup.minecraft.clay_ball":947,"stat.mineBlock.minecraft.trapped_chest":1443,"stat.useItem.minecraft.emerald_block":167,"stat.drop.minecraft.record_wait":1,"stat.pickup.minecraft.purpur_slab":27,"stat.useItem.minecraft.spruce_boat":23,"stat.drop.minecraft.diamond_axe":6,"stat.pickup.minecraft.tnt":956,"stat.drop.minecraft.iron_chestplate":19,"stat.pickup.minecraft.stone":123595,"stat.mineBlock.minecraft.wool":141,"stat.drop.minecraft.slime":15,"stat.drop.minecraft.diamond_leggings":9,"stat.drop.minecraft.emerald":10,"stat.useItem.minecraft.red_mushroom_block":40,"stat.craftItem.minecraft.hay_block":113,"stat.mineBlock.minecraft.packed_ice":287,"stat.useItem.minecraft.leaves":1999,"stat.craftItem.minecraft.minecart":21,"stat.pickup.minecraft.gold_ingot":124,"stat.useItem.minecraft.prismarine":12,"stat.killEntity.Skeleton":519,"stat.mineBlock.minecraft.cactus":101,"stat.drop.minecraft.chainmail_boots":6,"stat.pickup.minecraft.netherbrick":80,"stat.mineBlock.minecraft.redstone_torch":71,"stat.killEntity.Spider":125,"stat.pickup.minecraft.bread":40,"stat.drop.minecraft.end_rod":41,"stat.craftItem.minecraft.spruce_fence":33,"stat.pickup.minecraft.quartz":10365,"stat.pickup.minecraft.birch_fence":7,"stat.pickup.minecraft.water_bucket":46,"stat.breakItem.minecraft.iron_axe":6,"stat.drop.minecraft.prismarine":3,"stat.useItem.minecraft.hopper_minecart":10,"stat.pickup.minecraft.spruce_stairs":22,"stat.mineBlock.minecraft.redstone_ore":2272,"stat.pickup.minecraft.elytra":45,"stat.pickup.minecraft.lava_bucket":9,"stat.craftItem.minecraft.coal_block":235,"stat.drop.minecraft.beef":11,"stat.craftItem.minecraft.brick":5,"stat.mineBlock.minecraft.stone":120262,"stat.useItem.minecraft.sandstone":77}