{"stat.useItem.139":461,"stat.useItem.66":187,"stat.craftItem.364":64,"stat.useItem.174":1,"stat.craftItem.279":2,"stat.mineBlock.67":11,"stat.useItem.279":1594,"stat.useItem.65":104,"stat.mineBlock.123":4,"stat.useItem.172":34,"stat.craftItem.258":4,"stat.mineBlock.111":2,"stat.useItem.72":11,"stat.mineBlock.24":15,"stat.craftItem.72":8,"stat.craftItem.307":4,"stat.mineBlock.46":3,"stat.craftItem.381":1,"stat.damageDealt":306919,"stat.useItem.50":1303,"stat.mineBlock.107":3,"stat.mineBlock.69":7,"stat.useItem.381":1,"stat.useItem.173":41,"stat.mineBlock.53":1,"achievement.exploreAllBiomes":{"value":0,"progress":["Extreme Hills+","Taiga","Extreme Hills","Plains","River"]},"stat.useItem.292":2,"stat.useItem.324":9,"stat.mineBlock.152":10,"stat.craftItem.89":44,"stat.mineBlock.54":70,"stat.mineBlock.109":137,"stat.mineBlock.49":15,"stat.mineBlock.76":1,"stat.mineBlock.73":327,"stat.useItem.46":17,"stat.mineBlock.97":5,"stat.mineBlock.32":7,"stat.craftItem.27":6,"stat.useItem.49":3,"stat.useItem.146":4,"stat.killEntity.Sheep":9,"stat.useItem.3":3770,"stat.craftItem.257":10,"stat.mineBlock.37":45,"stat.craftItem.109":392,"stat.useItem.126":11,"stat.craftItem.42":344,"stat.craftItem.313":3,"stat.useItem.143":27,"stat.useItem.285":1,"stat.useItem.89":20,"achievement.openInventory":2961,"stat.craftItem.66":288,"stat.useItem.96":2,"stat.craftItem.143":26,"stat.mineBlock.31":754,"stat.mineBlock.35":16,"stat.killEntity.Cow":23,"stat.useItem.323":76,"stat.craftItem.50":1317,"stat.mineBlock.173":13,"stat.craftItem.312":2,"stat.craftItem.310":2,"stat.useItem.351":105,"stat.mineBlock.139":42,"stat.useItem.53":1,"stat.craftItem.266":26,"stat.craftItem.139":648,"stat.mineBlock.1":8566,"stat.craftItem.278":8,"stat.craftItem.355":2,"stat.useItem.5":868,"stat.mineBlock.33":2,"stat.mineBlock.131":4,"stat.fallOneCm":1839243,"stat.craftItem.77":42,"stat.mineBlock.101":25,"stat.useItem.160":9,"stat.craftItem.134":100,"stat.breakItem.309":1,"achievement.buildFurnace":28,"stat.craftItem.164":36,"stat.mineBlock.171":12,"stat.mineBlock.134":36,"stat.useItem.354":1,"stat.mineBlock.41":11,"stat.mineBlock.162":497,"stat.mineBlock.38":68,"stat.craftItem.297":68,"stat.craftItem.33":1,"stat.useItem.16":16,"stat.craftItem.371":81,"stat.craftItem.65":120,"stat.craftItem.308":2,"stat.craftItem.102":160,"achievement.buildWorkBench":351,"stat.craftItem.264":9,"stat.useItem.95":24,"stat.useItem.38":52,"stat.mineBlock.22":1,"stat.breakItem.258":1,"stat.craftItem.58":176,"stat.useItem.380":5,"stat.craftItem.256":4,"stat.mineBlock.89":14,"stat.useItem.152":10,"stat.mineBlock.172":881,"stat.craftItem.336":56,"stat.useItem.87":8,"stat.craftItem.98":1684,"stat.mineBlock.95":6,"stat.mineBlock.29":2,"stat.craftItem.263":57,"stat.craftItem.324":4,"stat.mineBlock.14":63,"stat.useItem.175":17,"stat.flyOneCm":10949784,"achievement.buildPickaxe":34,"stat.mineBlock.61":46,"stat.damageTaken":1280826,"stat.useItem.4":2562,"stat.useItem.355":7,"stat.craftItem.311":2,"stat.craftItem.323":48,"stat.breakItem.359":1,"stat.mineBlock.161":17,"stat.useItem.2260":3,"stat.mineBlock.21":44,"stat.mineBlock.78":4,"stat.mineBlock.82":14,"stat.useItem.33":11,"stat.mineBlock.86":5,"stat.mineBlock.126":8,"stat.craftItem.276":1,"stat.craftItem.5":3012,"stat.craftItem.277":5,"stat.mineBlock.42":21,"stat.entityKilledBy.Creeper":1,"stat.useItem.73":2,"stat.useItem.69":14,"stat.climbOneCm":158743,"stat.craftItem.291":2,"stat.mineBlock.160":11,"stat.drop":908,"stat.useItem.18":113,"stat.useItem.291":37,"stat.craftItem.46":14,"stat.useItem.392":169,"stat.craftItem.69":20,"stat.mineBlock.143":5,"stat.useItem.356":10,"stat.useItem.154":1,"achievement.makeBread":36,"stat.craftItem.393":310,"stat.mineBlock.66":17,"stat.mineBlock.65":101,"stat.mineBlock.12":1155,"stat.craftItem.160":80,"stat.useItem.328":32,"stat.useItem.14":2,"stat.useItem.84":1,"stat.killEntity.Creeper":79,"stat.mineBlock.58":192,"stat.craftItem.356":17,"stat.mineBlock.15":225,"stat.useItem.278":6761,"stat.craftItem.53":8,"stat.craftItem.267":3,"stat.craftItem.396":8,"stat.useItem.155":2,"stat.killEntity.Enderman":17784,"stat.leaveGame":270,"stat.useItem.6":21,"stat.useItem.131":3,"stat.useItem.258":764,"achievement.buildBetterPickaxe":34,"stat.useItem.295":177,"stat.useItem.61":57,"stat.useItem.85":106,"stat.craftItem.133":2,"stat.useItem.372":9,"stat.mineBlock.57":3,"stat.killEntity.PigZombie":14,"stat.useItem.57":3,"stat.craftItem.126":42,"stat.mineBlock.56":105,"stat.useItem.107":3,"achievement.buildSword":8,"stat.mineBlock.6":9,"stat.mineBlock.18":816,"achievement.buildHoe":4,"stat.useItem.164":25,"stat.useItem.2266":4,"stat.craftItem.41":1,"stat.useItem.267":1,"achievement.mineWood":1131,"stat.mineBlock.17":793,"stat.useItem.159":693,"stat.craftItem.376":4,"stat.useItem.17":105,"achievement.killEnemy":13814,"stat.mineBlock.20":11,"stat.mineBlock.87":19,"stat.craftItem.85":26,"stat.mineBlock.79":100,"stat.useItem.129":6,"stat.craftItem.20":365,"stat.mineBlock.13":537,"stat.playOneMinute":4987265,"stat.craftItem.306":2,"stat.useItem.21":1,"stat.useItem.123":18,"stat.killEntity.Pig":5,"stat.useItem.37":8,"stat.useItem.76":13,"stat.diveOneCm":62400,"stat.useItem.391":28,"stat.craftItem.390":8,"stat.useItem.330":4,"stat.useItem.54":133,"stat.craftItem.351":219,"stat.useItem.41":13,"stat.killEntity.Spider":29,"stat.useItem.109":407,"stat.craftItem.159":528,"stat.useItem.134":62,"stat.mineBlock.77":12,"stat.useItem.277":7484,"stat.craftItem.1":2243,"stat.animalsBred":1,"stat.mineBlock.164":5,"stat.entityKilledBy.Skeleton":1,"stat.craftItem.261":2,"stat.craftItem.280":1300,"stat.craftItem.154":1,"stat.playerKills":11,"stat.craftItem.95":72,"stat.craftItem.380":1,"stat.useItem.77":52,"stat.useItem.35":14,"stat.craftItem.57":4,"stat.craftItem.152":17,"stat.killEntity.Silverfish":23,"stat.craftItem.325":5,"stat.mineBlock.174":1,"stat.craftItem.420":2,"stat.mineBlock.72":5,"stat.entityKilledBy.Zombie":3,"stat.craftItem.265":369,"stat.mineBlock.16":901,"stat.craftItem.359":7,"stat.breakItem.257":2,"stat.useItem.256":261,"stat.craftItem.44":1392,"stat.useItem.42":70,"stat.mobKills":18297,"stat.useItem.98":1046,"stat.mineBlock.159":545,"stat.craftItem.328":4,"stat.breakItem.302":1,"stat.craftItem.145":3,"stat.killEntity.Zombie":228,"stat.minecartOneCm":1811967,"stat.craftItem.330":3,"stat.useItem.257":7276,"stat.useItem.276":954,"stat.useItem.359":701,"stat.mineBlock.146":4,"stat.mineBlock.4":949,"stat.craftItem.173":37,"stat.mineBlock.145":1,"stat.craftItem.76":49,"stat.mineBlock.5":391,"stat.mineBlock.44":449,"stat.useItem.101":61,"stat.craftItem.131":12,"stat.useItem.58":191,"stat.swimOneCm":146921,"stat.useItem.162":12,"stat.killEntity.Skeleton":62,"stat.useItem.390":74,"stat.horseOneCm":1122990,"stat.walkOneCm":36409804,"stat.useItem.145":3,"stat.useItem.44":1559,"stat.jump":50210,"stat.useItem.13":80,"stat.killEntity.Witch":10,"stat.mineBlock.81":12,"stat.useItem.12":3,"stat.craftItem.61":21,"stat.craftItem.123":23,"stat.deaths":13,"stat.mineBlock.3":6270,"stat.craftItem.374":6,"stat.mineBlock.98":467,"stat.useItem.389":6,"stat.useItem.171":17,"stat.craftItem.389":12,"stat.craftItem.54":87,"stat.useItem.27":2,"stat.useItem.67":24,"stat.useItem.56":33,"stat.useItem.82":14,"stat.useItem.1":283,"stat.mineBlock.50":225,"stat.craftItem.146":2,"stat.useItem.20":12,"stat.useItem.331":57,"stat.craftItem.309":4,"stat.craftItem.67":40,"stat.mineBlock.102":23,"stat.mineBlock.85":107,"stat.craftItem.353":44,"stat.useItem.102":59,"stat.mineBlock.129":19,"stat.useItem.2259":3,"stat.mineBlock.175":43,"stat.killEntity.CaveSpider":1}