{"stat.mineBlock.minecraft.stonebrick":379,"stat.craftItem.minecraft.iron_helmet":3,"stat.useItem.minecraft.ice":185,"stat.mineBlock.minecraft.netherrack":3180,"stat.useItem.minecraft.dark_oak_fence_gate":1,"stat.craftItem.minecraft.carpet":285,"stat.useItem.minecraft.stone_button":7,"stat.craftItem.minecraft.stone_pressure_plate":1,"stat.useItem.minecraft.leaves":11,"stat.useItem.minecraft.netherrack":282,"stat.mineBlock.minecraft.glass":232,"achievement.acquireIron":3,"stat.useItem.minecraft.minecart":42,"stat.damageDealt":4076226,"stat.craftItem.minecraft.prismarine":1957,"stat.useItem.minecraft.fence":34,"stat.craftItem.minecraft.ender_chest":2,"stat.useItem.minecraft.item_frame":34,"stat.useItem.minecraft.iron_block":1049,"stat.killEntity.Bat":9,"stat.craftItem.minecraft.minecart":95,"stat.mineBlock.minecraft.acacia_stairs":16,"stat.crouchOneCm":3730186,"achievement.theEnd2":187,"stat.useItem.minecraft.shears":35,"achievement.exploreAllBiomes":{"value":0,"progress":["Extreme Hills M","Desert","Deep Ocean","Taiga","Extreme Hills","Mesa Plateau","Jungle","Extreme Hills Edge","Sky","Extreme Hills+ M","DesertHills","Birch Forest","Mesa","Savanna","River","Swampland","Sunflower Plains","Extreme Hills+","Ocean","Plains","TaigaHills","The End","Hell","ForestHills","Forest","Mesa (Bryce)","JungleHills","Beach","Roofed Forest"]},"stat.mineBlock.minecraft.double_plant":2,"stat.craftItem.minecraft.flint_and_steel":3,"stat.craftItem.minecraft.diamond_chestplate":2,"stat.mineBlock.minecraft.yellow_flower":1,"stat.mineBlock.minecraft.golden_rail":126,"stat.entityKilledBy.LavaSlime":2,"achievement.cookFish":3,"stat.craftItem.minecraft.repeater":465,"stat.useItem.minecraft.anvil":3,"stat.craftItem.minecraft.golden_rail":3432,"stat.useItem.minecraft.chest":305,"achievement.spawnWither":110,"stat.useItem.minecraft.nether_brick_stairs":7,"stat.craftItem.minecraft.emerald":2062,"stat.mineBlock.minecraft.furnace":111,"stat.craftItem.minecraft.wooden_pickaxe":1,"stat.craftItem.minecraft.glass_bottle":21,"stat.useItem.minecraft.stone_brick_stairs":3,"stat.killEntity.Sheep":324,"stat.mineBlock.minecraft.sand":8353,"stat.useItem.minecraft.cobblestone":9300,"stat.craftItem.minecraft.emerald_block":122,"stat.mineBlock.minecraft.sandstone":108,"stat.mineBlock.minecraft.birch_fence_gate":386,"stat.mineBlock.minecraft.waterlily":25,"stat.craftItem.minecraft.chest":705,"stat.useItem.minecraft.quartz_block":10,"stat.craftItem.minecraft.item_frame":24,"stat.mineBlock.minecraft.redstone_torch":18,"achievement.openInventory":41272,"stat.useItem.minecraft.stained_glass":6983,"stat.mineBlock.minecraft.redstone_block":70,"stat.useItem.minecraft.brewing_stand":5,"stat.killEntity.Cow":1696,"stat.useItem.minecraft.diamond_pickaxe":114268,"stat.craftItem.minecraft.chest_minecart":72,"stat.mineBlock.minecraft.detector_rail":2,"stat.killEntity.Ghast":72,"stat.craftItem.minecraft.birch_fence_gate":2252,"stat.useItem.minecraft.sticky_piston":113,"stat.mineBlock.minecraft.stained_glass":556,"stat.useItem.minecraft.log":38,"stat.mineBlock.minecraft.noteblock":40,"stat.mineBlock.minecraft.spruce_stairs":26,"stat.useItem.minecraft.tnt":1555,"stat.mineBlock.minecraft.activator_rail":2,"stat.craftItem.minecraft.diamond_block":64,"stat.useItem.minecraft.redstone_block":472,"stat.useItem.minecraft.diamond_shovel":25520,"stat.useItem.minecraft.snowball":2,"stat.entityKilledBy.Guardian":2,"stat.craftItem.minecraft.furnace":294,"stat.craftItem.minecraft.torch":3975,"stat.mineBlock.minecraft.log":2425,"stat.useItem.minecraft.obsidian":70,"stat.useItem.minecraft.planks":14,"stat.talkedToVillager":390,"stat.craftItem.minecraft.ender_eye":2,"achievement.overkill":2134,"stat.useItem.minecraft.cooked_chicken":141,"stat.useItem.minecraft.torch":6075,"stat.useItem.minecraft.bed":6,"stat.mineBlock.minecraft.gold_ore":103,"stat.craftItem.minecraft.cauldron":2,"stat.craftItem.minecraft.redstone_block":1594,"stat.useItem.minecraft.cooked_fish":13,"achievement.buildWorkBench":223,"stat.useItem.minecraft.stone":13540,"stat.mineBlock.minecraft.lapis_block":1,"stat.craftItem.minecraft.slime":64,"stat.craftItem.minecraft.diamond_sword":2,"stat.craftItem.minecraft.stone_button":2,"stat.mineBlock.minecraft.jungle_fence":5,"stat.useItem.minecraft.hopper_minecart":79,"stat.useItem.minecraft.ladder":993,"stat.craftItem.minecraft.diamond_leggings":2,"achievement.killCow":121,"stat.useItem.minecraft.redstone":1043,"stat.mineBlock.minecraft.stone_stairs":72,"stat.mineBlock.minecraft.slime":80,"stat.useItem.minecraft.noteblock":88,"stat.mineBlock.minecraft.diamond_ore":428,"stat.craftItem.minecraft.trapped_chest":50,"stat.mineBlock.minecraft.torch":2132,"stat.craftItem.minecraft.cooked_beef":512,"stat.useItem.minecraft.milk_bucket":1,"stat.mineBlock.minecraft.tripwire_hook":2,"stat.useItem.minecraft.diamond_sword":1783,"stat.mineBlock.minecraft.brown_mushroom":8,"stat.craftItem.minecraft.ladder":195,"stat.mineBlock.minecraft.carpet":2,"stat.useItem.minecraft.golden_rail":3548,"stat.mineBlock.minecraft.wool":310,"stat.craftItem.minecraft.lever":35,"stat.useItem.minecraft.rail":1476,"stat.craftItem.minecraft.quartz_block":40,"stat.climbOneCm":6930658,"stat.useItem.minecraft.redstone_lamp":459,"achievement.potion":118,"stat.useItem.minecraft.sapling":216,"stat.drop":8445,"achievement.theEnd":54,"stat.mineBlock.minecraft.sea_lantern":59,"stat.mineBlock.minecraft.anvil":5,"stat.fallOneCm":11439542,"stat.useItem.minecraft.coal_ore":53,"achievement.buildFurnace":667,"stat.useItem.minecraft.cactus":2,"stat.useItem.minecraft.boat":5,"stat.craftItem.minecraft.coal":1038,"stat.useItem.minecraft.dispenser":459,"stat.useItem.minecraft.water_bucket":820,"stat.mineBlock.minecraft.hopper":125,"stat.useItem.minecraft.fish":1,"achievement.enchantments":1,"stat.mineBlock.minecraft.rail":606,"stat.useItem.minecraft.stonebrick":4114,"stat.useItem.minecraft.furnace":368,"stat.useItem.minecraft.trapped_chest":94,"stat.craftItem.minecraft.gold_block":7,"stat.useItem.minecraft.double_plant":2,"stat.useItem.minecraft.hardened_clay":96,"stat.mineBlock.minecraft.tnt":11,"stat.craftItem.minecraft.speckled_melon":8,"stat.useItem.minecraft.potion":18,"stat.mineBlock.minecraft.pumpkin":14,"stat.mineBlock.minecraft.end_stone":59,"achievement.portal":2910,"stat.mineBlock.minecraft.vine":22,"stat.craftItem.minecraft.wooden_button":7,"stat.flyOneCm":47892467,"stat.useItem.minecraft.writable_book":3,"stat.mineBlock.minecraft.chest":246,"stat.craftItem.minecraft.sea_lantern":2472,"achievement.buildPickaxe":18,"stat.mineBlock.minecraft.iron_ore":475,"stat.mineBlock.minecraft.trapped_chest":44,"stat.craftItem.minecraft.glowstone":1296,"stat.useItem.minecraft.prismarine":5996,"stat.damageTaken":3654411,"stat.mineBlock.minecraft.prismarine":11632,"stat.useItem.minecraft.sponge":1897,"stat.entityKilledBy.Spider":1,"stat.craftItem.minecraft.tripwire_hook":76,"stat.killEntity.Chicken":435,"stat.useItem.minecraft.dropper":72,"stat.mineBlock.minecraft.cobblestone":4923,"stat.craftItem.minecraft.redstone_lamp":510,"stat.useItem.minecraft.stained_hardened_clay":623,"stat.craftItem.minecraft.dark_oak_fence_gate":1,"stat.useItem.minecraft.dye":290,"stat.craftItem.minecraft.comparator":211,"stat.useItem.minecraft.ender_chest":17,"stat.useItem.minecraft.lapis_ore":290,"stat.useItem.minecraft.log2":1,"stat.killEntity.EntityHorse":33,"stat.useItem.minecraft.flint_and_steel":11,"stat.breakItem.minecraft.diamond_shovel":1,"stat.useItem.minecraft.repeater":787,"stat.craftItem.minecraft.golden_apple":21,"stat.craftItem.minecraft.boat":5,"stat.craftItem.minecraft.iron_hoe":5,"achievement.killWither":110,"achievement.makeBread":3,"stat.craftItem.minecraft.piston":186,"stat.useItem.minecraft.diamond_ore":375,"stat.useItem.minecraft.stone_slab":10055,"stat.mineBlock.minecraft.fence":7,"stat.useItem.minecraft.cooked_porkchop":32,"stat.killEntity.Creeper":438,"stat.craftItem.minecraft.iron_block":239,"stat.mineBlock.minecraft.planks":78,"stat.useItem.minecraft.lapis_block":5,"stat.craftItem.minecraft.stone_slab":8793,"stat.useItem.minecraft.hopper":347,"stat.leaveGame":2402,"stat.craftItem.minecraft.iron_ingot":18458,"stat.craftItem.minecraft.stone_stairs":112,"stat.killEntity.Endermite":4,"stat.mineBlock.minecraft.leaves":164,"stat.useItem.minecraft.chest_minecart":70,"stat.useItem.minecraft.tripwire_hook":93,"achievement.buildSword":11,"stat.craftItem.minecraft.hopper":311,"stat.useItem.minecraft.comparator":218,"stat.mineBlock.minecraft.sticky_piston":58,"achievement.mineWood":18172,"stat.mineBlock.minecraft.stone_slab":1441,"stat.craftItem.minecraft.dye":1185,"stat.mineBlock.minecraft.dropper":7,"stat.craftItem.minecraft.diamond_pickaxe":24,"stat.useItem.minecraft.iron_ore":1,"stat.diveOneCm":7231752,"stat.useItem.minecraft.lever":25,"stat.craftItem.minecraft.bow":250,"stat.useItem.minecraft.rotten_flesh":1,"stat.killEntity.Slime":1405,"stat.craftItem.minecraft.dispenser":246,"stat.useItem.minecraft.birch_fence_gate":2474,"stat.mineBlock.minecraft.mossy_cobblestone":53,"stat.craftItem.minecraft.jungle_fence_gate":4,"stat.craftItem.minecraft.sticky_piston":55,"stat.mineBlock.minecraft.dark_oak_fence_gate":1,"stat.useItem.minecraft.bow":158,"stat.breakItem.minecraft.diamond_pickaxe":4,"stat.useItem.minecraft.cooked_beef":797,"stat.useItem.minecraft.gold_block":85,"stat.mineBlock.minecraft.crafting_table":30,"stat.mineBlock.minecraft.hardened_clay":61,"stat.craftItem.minecraft.activator_rail":6,"stat.useItem.minecraft.glass_bottle":25,"stat.mineBlock.minecraft.cactus":3,"achievement.diamonds":563,"stat.useItem.minecraft.egg":3,"stat.craftItem.minecraft.stonebrick":3944,"stat.useItem.minecraft.crafting_table":30,"stat.craftItem.minecraft.paper":450,"stat.craftItem.minecraft.detector_rail":6,"stat.mineBlock.minecraft.obsidian":63,"stat.craftItem.minecraft.diamond_boots":25,"stat.killEntity.Enderman":78921,"stat.mineBlock.minecraft.stone_brick_stairs":2,"stat.useItem.minecraft.glass":3819,"stat.killEntity.Villager":344,"achievement.buildBetterPickaxe":15,"stat.useItem.minecraft.ender_pearl":446,"stat.mineBlock.minecraft.sapling":8,"stat.timeSinceDeath":14966177,"stat.useItem.minecraft.gravel":80,"stat.mineBlock.minecraft.leaves2":5,"stat.killEntity.PigZombie":92,"stat.mineBlock.minecraft.quartz_block":1,"stat.boatOneCm":739591,"stat.useItem.minecraft.golden_sword":39,"stat.useItem.minecraft.wool":544,"stat.useItem.minecraft.acacia_stairs":17,"stat.craftItem.minecraft.bucket":156,"achievement.buildHoe":6,"stat.craftItem.minecraft.lit_pumpkin":2300,"stat.useItem.minecraft.glowstone":601,"stat.craftItem.minecraft.hopper_minecart":79,"stat.craftItem.minecraft.iron_shovel":4,"stat.mineBlock.minecraft.stone_button":2,"achievement.overpowered":3,"stat.craftItem.minecraft.noteblock":60,"stat.useItem.minecraft.activator_rail":2,"stat.craftItem.minecraft.banner":39,"achievement.killEnemy":84109,"stat.useItem.minecraft.sand":43370,"stat.craftItem.minecraft.rail":740,"stat.mineBlock.minecraft.snow_layer":20,"stat.killEntity.LavaSlime":641,"stat.useItem.minecraft.jungle_fence":7,"stat.craftItem.minecraft.fence":60,"stat.playOneMinute":99463825,"stat.useItem.minecraft.redstone_torch":116,"stat.craftItem.minecraft.gold_ingot":3608,"stat.craftItem.minecraft.fermented_spider_eye":14,"stat.killEntity.Pig":133,"stat.mineBlock.minecraft.dispenser":130,"stat.killEntity.Spider":262,"stat.mineBlock.minecraft.sponge":1904,"achievement.ghast":6,"stat.craftItem.minecraft.glass":8345,"stat.animalsBred":1903,"stat.craftItem.minecraft.stick":13860,"stat.craftItem.minecraft.stained_hardened_clay":320,"stat.craftItem.minecraft.jungle_fence":12,"stat.entityKilledBy.Skeleton":2,"stat.useItem.minecraft.pumpkin":76,"stat.mineBlock.minecraft.beacon":45,"stat.craftItem.minecraft.acacia_stairs":20,"stat.playerKills":1,"stat.useItem.minecraft.sandstone":147,"stat.mineBlock.minecraft.daylight_detector":3,"stat.killEntity.Silverfish":94,"stat.mineBlock.minecraft.wooden_button":5,"stat.useItem.minecraft.redstone_ore":1428,"stat.entityKilledBy.Zombie":1,"stat.killEntity.Ozelot":4,"stat.mineBlock.minecraft.quartz_ore":170,"stat.mineBlock.minecraft.stone":84146,"stat.entityKilledBy.Blaze":2,"stat.mineBlock.minecraft.dirt":14722,"stat.minecartOneCm":13658596,"stat.useItem.minecraft.piston":112,"stat.killEntity.Blaze":396,"achievement.onARail":20989,"stat.craftItem.minecraft.redstone_torch":1512,"stat.craftItem.minecraft.iron_boots":24,"stat.useItem.minecraft.diamond_axe":3413,"stat.useItem.minecraft.lava_bucket":29,"stat.useItem.minecraft.slime":193,"stat.mineBlock.minecraft.redstone_lamp":25,"achievement.blazeRod":77,"stat.useItem.minecraft.carpet":114,"stat.useItem.minecraft.wooden_button":19,"stat.mineBlock.minecraft.ladder":390,"stat.mineBlock.minecraft.iron_block":1772,"stat.craftItem.minecraft.sign":72,"stat.mineBlock.minecraft.gravel":4859,"stat.craftItem.minecraft.blaze_powder":2,"stat.mineBlock.minecraft.lever":9,"stat.useItem.minecraft.stone_stairs":98,"stat.mineBlock.minecraft.redstone_ore":1572,"stat.tradedWithVillager":1776,"stat.useItem.minecraft.wooden_pickaxe":18,"stat.useItem.minecraft.cauldron":2,"stat.mineBlock.minecraft.ender_chest":17,"stat.killEntity.Squid":6,"stat.useItem.minecraft.quartz_ore":167,"stat.useItem.minecraft.sea_lantern":731,"stat.killEntity.CaveSpider":21,"stat.killEntity.MushroomCow":2,"stat.mineBlock.minecraft.coal_ore":1315,"stat.useItem.minecraft.bread":1,"stat.mineBlock.minecraft.log2":9,"stat.mineBlock.minecraft.nether_brick_stairs":7,"stat.craftItem.minecraft.diamond_axe":2,"stat.entityKilledBy.Enderman":2,"stat.mineBlock.minecraft.tallgrass":150,"stat.craftItem.minecraft.redstone":3874,"stat.mineBlock.minecraft.ice":559,"stat.craftItem.minecraft.dropper":82,"stat.useItem.minecraft.daylight_detector":3,"achievement.breedCow":1729,"stat.craftItem.minecraft.sponge":1602,"achievement.fullBeacon":81,"stat.craftItem.minecraft.crafting_table":11,"stat.mobKills":97333,"stat.craftItem.minecraft.diamond_shovel":9,"stat.useItem.minecraft.bucket":1102,"stat.useItem.minecraft.string":382,"stat.killEntity.Zombie":1629,"stat.useItem.minecraft.sign":113,"stat.mineBlock.minecraft.deadbush":2,"stat.breakItem.minecraft.golden_sword":1,"stat.useItem.minecraft.banner":43,"stat.useItem.minecraft.detector_rail":4,"stat.killEntity.Guardian":533,"stat.swimOneCm":5182466,"stat.useItem.minecraft.sandstone_stairs":2,"stat.killEntity.Skeleton":9256,"stat.horseOneCm":15282213,"stat.walkOneCm":417301396,"stat.mineBlock.minecraft.lapis_ore":355,"stat.jump":414086,"stat.mineBlock.minecraft.stained_hardened_clay":98,"stat.craftItem.minecraft.stone":10586,"stat.useItem.minecraft.beacon":49,"stat.entityKilledBy.Ghast":1,"stat.killEntity.Witch":27,"stat.mineBlock.minecraft.piston":38,"stat.craftItem.minecraft.lapis_block":443,"stat.deaths":42,"stat.mineBlock.minecraft.glowstone":16,"stat.craftItem.minecraft.diamond_hoe":47,"stat.craftItem.minecraft.planks":18864,"stat.craftItem.minecraft.trapdoor":2,"stat.craftItem.minecraft.shears":1,"stat.craftItem.minecraft.stained_glass":6584,"stat.craftItem.minecraft.diamond_helmet":3,"stat.craftItem.minecraft.melon_block":192,"stat.craftItem.minecraft.cooked_fish":27,"stat.craftItem.minecraft.tnt":5347,"stat.sprintOneCm":26815622,"stat.useItem.minecraft.dirt":4130}