{"stat.damageDealt":155,"stat.crouchOneCm":4388,"achievement.exploreAllBiomes":{"value":0,"progress":["Forest","Extreme Hills+","Taiga","Extreme Hills","Plains","Birch Forest","River","Swampland","Extreme Hills Edge","Hell"]},"achievement.openInventory":91,"stat.killEntity.Sheep":1,"stat.useItem.minecraft.bed":1,"stat.climbOneCm":4257,"stat.fallOneCm":37950,"stat.flyOneCm":1411095,"stat.drop":79,"stat.damageTaken":-2147478411,"stat.timeSinceDeath":579123,"stat.playOneMinute":2277896,"stat.leaveGame":52,"stat.diveOneCm":2797,"stat.useItem.minecraft.wool":119,"stat.deaths":8,"stat.jump":1199,"stat.swimOneCm":5480,"stat.mobKills":3,"stat.entityKilledBy.Zombie":2,"stat.walkOneCm":952066,"stat.minecartOneCm":136316,"stat.sprintOneCm":2693}