{"stat.useItem.139":8,"stat.craftItem.364":8,"stat.craftItem.112":32,"stat.mineBlock.67":155,"stat.useItem.279":354,"stat.useItem.172":26,"stat.craftItem.155":77,"stat.craftItem.258":6,"stat.mineBlock.111":1,"stat.mineBlock.24":2,"achievement.acquireIron":4,"stat.craftItem.163":40,"stat.damageDealt":38158,"stat.useItem.50":397,"stat.killEntity.Bat":2,"stat.mineBlock.53":25,"achievement.exploreAllBiomes":{"value":0,"progress":["Forest","Extreme Hills+","Taiga","Extreme Hills","Plains","River"]},"stat.useItem.324":4,"stat.mineBlock.109":36,"stat.mineBlock.49":7,"stat.mineBlock.73":40,"stat.craftItem.156":20,"stat.mineBlock.97":5,"stat.mineBlock.32":8,"stat.useItem.49":10,"stat.craftItem.257":2,"stat.useItem.3":146,"stat.mineBlock.37":5,"stat.craftItem.109":56,"stat.craftItem.113":30,"stat.useItem.126":6,"stat.useItem.103":5,"achievement.openInventory":585,"stat.useItem.96":20,"stat.mineBlock.31":111,"stat.mineBlock.35":19,"stat.killEntity.Cow":4,"stat.useItem.323":32,"stat.mineBlock.153":3,"stat.craftItem.50":508,"stat.killEntity.Ghast":1,"stat.craftItem.96":16,"stat.useItem.351":71,"stat.useItem.112":2,"stat.mineBlock.139":8,"stat.useItem.53":31,"stat.mineBlock.1":3561,"stat.useItem.259":14,"stat.useItem.5":151,"achievement.portal":6,"stat.fallOneCm":441643,"stat.flyOneCm":2703310,"achievement.buildPickaxe":3,"stat.mineBlock.101":33,"stat.useItem.160":56,"stat.craftItem.134":60,"stat.breakItem.309":2,"achievement.buildFurnace":3,"stat.damageTaken":21122,"stat.mineBlock.171":352,"stat.useItem.4":323,"stat.mineBlock.134":116,"stat.breakItem.316":1,"stat.craftItem.323":36,"stat.breakItem.306":1,"stat.mineBlock.161":168,"stat.mineBlock.162":512,"stat.mineBlock.21":17,"stat.useItem.156":84,"stat.mineBlock.38":13,"stat.craftItem.297":98,"achievement.buildWorkBench":5,"stat.mineBlock.155":78,"stat.mineBlock.126":48,"stat.breakItem.258":4,"stat.craftItem.259":1,"stat.craftItem.5":564,"stat.craftItem.58":4,"stat.craftItem.256":7,"stat.entityKilledBy.Creeper":1,"stat.mineBlock.89":10,"stat.mineBlock.23":1,"stat.mineBlock.172":1524,"achievement.killCow":3,"stat.climbOneCm":87047,"stat.mineBlock.160":44,"stat.useItem.87":100,"stat.craftItem.98":256,"stat.drop":366,"stat.useItem.18":52,"stat.craftItem.324":2,"stat.mineBlock.14":34,"stat.mineBlock.113":1,"stat.mineBlock.66":11,"stat.mineBlock.12":61,"achievement.diamonds":3,"stat.craftItem.160":112,"stat.useItem.328":2,"stat.killEntity.Creeper":9,"stat.mineBlock.58":1,"stat.mineBlock.15":19,"stat.useItem.278":7339,"stat.craftItem.53":16,"stat.craftItem.267":3,"stat.useItem.155":259,"stat.leaveGame":24,"stat.useItem.6":84,"stat.useItem.258":1401,"stat.mineBlock.163":27,"achievement.buildBetterPickaxe":3,"stat.useItem.295":182,"stat.useItem.61":2,"stat.useItem.85":59,"stat.mineBlock.56":13,"achievement.buildSword":4,"stat.mineBlock.6":3,"stat.mineBlock.18":83,"stat.entityKilledBy.PigZombie":1,"achievement.mineWood":716,"stat.useItem.267":352,"stat.mineBlock.17":241,"stat.useItem.159":842,"stat.useItem.17":119,"achievement.killEnemy":114,"stat.mineBlock.87":3826,"stat.craftItem.85":78,"stat.mineBlock.79":1,"stat.mineBlock.13":157,"stat.playOneMinute":1423395,"stat.useItem.163":28,"stat.killEntity.Pig":4,"stat.diveOneCm":33975,"stat.mineBlock.103":5,"stat.mineBlock.156":50,"stat.useItem.54":4,"stat.craftItem.351":1261,"stat.killEntity.Spider":7,"stat.useItem.109":89,"stat.craftItem.159":840,"stat.killEntity.Slime":9,"stat.useItem.134":104,"stat.mineBlock.112":2,"stat.craftItem.1":140,"stat.entityKilledBy.Skeleton":1,"stat.craftItem.35":96,"stat.craftItem.280":428,"stat.craftItem.95":64,"stat.useItem.35":2,"stat.killEntity.Silverfish":11,"stat.craftItem.325":2,"stat.entityKilledBy.Zombie":1,"stat.craftItem.265":175,"stat.entityKilledBy.Enderman":1,"stat.mineBlock.16":341,"stat.craftItem.359":1,"stat.breakItem.257":2,"stat.useItem.256":1196,"stat.craftItem.44":390,"stat.useItem.113":7,"stat.mobKills":148,"stat.killEntity.Ozelot":1,"stat.useItem.98":134,"stat.mineBlock.159":275,"stat.craftItem.350":9,"stat.killEntity.Zombie":75,"stat.mineBlock.106":1,"stat.minecartOneCm":125923,"stat.useItem.257":2985,"stat.useItem.276":79,"stat.mineBlock.4":99,"stat.mineBlock.145":1,"stat.mineBlock.5":446,"stat.mineBlock.44":67,"stat.breakItem.256":4,"stat.useItem.101":8,"stat.craftItem.400":32,"stat.useItem.58":5,"stat.swimOneCm":72256,"stat.useItem.162":413,"stat.killEntity.Skeleton":24,"stat.walkOneCm":10272465,"stat.useItem.44":249,"stat.jump":15331,"stat.breakItem.298":2,"stat.craftItem.61":2,"stat.craftItem.171":459,"stat.deaths":9,"stat.mineBlock.3":985,"stat.mineBlock.98":22,"stat.useItem.389":2,"stat.useItem.171":612,"stat.craftItem.54":4,"stat.useItem.67":210,"stat.breakItem.278":1,"stat.useItem.1":5,"stat.mineBlock.50":80,"stat.useItem.331":4,"stat.craftItem.67":136,"stat.mineBlock.85":27,"stat.craftItem.353":45,"stat.mineBlock.129":5,"stat.mineBlock.175":25,"stat.killEntity.CaveSpider":1}