{"stat.crouchOneCm":742,"stat.useItem.minecraft.wooden_door":1,"achievement.openInventory":2374,"stat.killEntity.Sheep":10,"stat.damageDealt":64869,"achievement.exploreAllBiomes":{"value":0,"progress":["Desert","Extreme Hills+","Taiga","Extreme Hills","Ocean","Mesa Plateau","Plains","Extreme Hills Edge","Sky","Hell","ForestHills","Forest","Mesa","Swampland","River"]},"stat.killEntity.Cow":2,"stat.fallOneCm":705724,"stat.flyOneCm":3556728,"achievement.buildWorkBench":12,"achievement.buildPickaxe":3,"stat.climbOneCm":212382,"stat.drop":132,"stat.damageTaken":104093,"stat.killEntity.Enderman":117,"achievement.buildHoe":2,"stat.leaveGame":100,"stat.diveOneCm":99844,"stat.craftItem.minecraft.iron_shovel":2,"stat.craftItem.minecraft.iron_ingot":9,"achievement.mineWood":732,"achievement.makeBread":20,"achievement.buildBetterPickaxe":3,"stat.useItem.minecraft.ender_pearl":6,"stat.killEntity.Spider":7,"stat.killEntity.Slime":7,"stat.timeSinceDeath":72112,"stat.killEntity.LavaSlime":8,"stat.killEntity.Creeper":7,"stat.craftItem.minecraft.stick":4,"stat.playOneMinute":2964918,"stat.jump":21192,"stat.swimOneCm":63820,"stat.mobKills":364,"stat.useItem.minecraft.baked_potato":9,"stat.killEntity.Skeleton":109,"stat.horseOneCm":2826815,"stat.walkOneCm":19136509,"stat.killEntity.Zombie":54,"stat.useItem.minecraft.sign":2,"stat.minecartOneCm":1551506,"stat.killEntity.Silverfish":2,"stat.sprintOneCm":191766}