{"stat.mineBlock.minecraft.stonebrick":74,"stat.useItem.minecraft.fence_gate":2,"stat.craftItem.minecraft.iron_helmet":1,"stat.mineBlock.minecraft.netherrack":12,"stat.craftItem.minecraft.carpet":114,"stat.useItem.minecraft.stone_button":7,"stat.useItem.minecraft.brown_mushroom":5,"stat.useItem.minecraft.leaves":894,"stat.craftItem.minecraft.stone_pressure_plate":4,"stat.useItem.minecraft.netherrack":11,"stat.mineBlock.minecraft.glass":140,"achievement.acquireIron":11,"stat.useItem.minecraft.minecart":20,"stat.damageDealt":187420,"stat.useItem.minecraft.fence":100,"stat.craftItem.minecraft.brick_stairs":12,"stat.useItem.minecraft.item_frame":95,"stat.useItem.minecraft.brick_block":25,"stat.useItem.minecraft.iron_block":1323,"stat.craftItem.minecraft.minecart":2,"stat.mineBlock.minecraft.acacia_stairs":16,"stat.crouchOneCm":487804,"stat.useItem.minecraft.shears":1173,"stat.mineBlock.minecraft.red_mushroom":7,"achievement.exploreAllBiomes":{"value":0,"progress":["Extreme Hills M","Desert","Deep Ocean","Taiga","Extreme Hills","Mesa Plateau","Jungle","Extreme Hills Edge","Sky","Extreme Hills+ M","DesertHills","Birch Forest","Mesa","Savanna","Swampland","River","Extreme Hills+","Mesa Plateau F","Ocean","Plains","TaigaHills","The End","Hell","ForestHills","Forest","JungleHills","Beach","Roofed Forest"]},"stat.mineBlock.minecraft.double_plant":20,"stat.craftItem.minecraft.flint_and_steel":1,"stat.mineBlock.minecraft.yellow_flower":5,"stat.craftItem.minecraft.wool":40,"stat.craftItem.minecraft.enchanting_table":1,"stat.craftItem.minecraft.repeater":3,"stat.useItem.minecraft.glass_pane":102,"stat.useItem.minecraft.anvil":28,"stat.useItem.minecraft.chest":50,"stat.useItem.minecraft.nether_brick_stairs":6,"stat.mineBlock.minecraft.furnace":1,"stat.craftItem.minecraft.cobblestone_wall":30,"stat.useItem.minecraft.iron_bars":155,"stat.craftItem.minecraft.glass_bottle":3,"stat.craftItem.minecraft.bed":1,"stat.useItem.minecraft.stone_brick_stairs":93,"stat.killEntity.Sheep":1,"stat.mineBlock.minecraft.sand":7,"stat.useItem.minecraft.cobblestone":299,"stat.mineBlock.minecraft.monster_egg":9,"stat.mineBlock.minecraft.sandstone":1,"stat.craftItem.minecraft.chest":38,"stat.useItem.minecraft.quartz_block":15,"stat.mineBlock.minecraft.redstone_torch":12,"stat.useItem.minecraft.wooden_door":4,"stat.craftItem.minecraft.item_frame":39,"stat.useItem.minecraft.stained_glass":8,"achievement.openInventory":4876,"stat.useItem.minecraft.dark_oak_stairs":112,"stat.mineBlock.minecraft.redstone_block":14,"stat.useItem.minecraft.diamond_pickaxe":6323,"stat.useItem.minecraft.stained_glass_pane":88,"stat.killEntity.Ghast":3,"stat.craftItem.minecraft.flower_pot":10,"stat.craftItem.minecraft.fence_gate":6,"stat.useItem.minecraft.sticky_piston":4,"stat.mineBlock.minecraft.stained_glass":19,"stat.useItem.minecraft.log":194,"stat.mineBlock.minecraft.spruce_stairs":11,"stat.useItem.minecraft.redstone_block":15,"stat.useItem.minecraft.diamond_shovel":3286,"stat.useItem.minecraft.snowball":3,"achievement.bookcase":1,"stat.mineBlock.minecraft.log":344,"stat.useItem.minecraft.obsidian":14,"stat.useItem.minecraft.snow_layer":45,"stat.useItem.minecraft.planks":1133,"stat.craftItem.minecraft.stone_slab2":12,"stat.fallOneCm":714359,"stat.mineBlock.minecraft.nether_brick":34,"achievement.overkill":2,"achievement.buildFurnace":5,"stat.useItem.minecraft.cooked_chicken":202,"stat.useItem.minecraft.boat":1,"stat.useItem.minecraft.torch":247,"stat.entityKilledBy.Witch":1,"stat.useItem.minecraft.bed":2,"stat.useItem.minecraft.dispenser":1,"stat.useItem.minecraft.water_bucket":105,"stat.mineBlock.minecraft.clay":187,"stat.useItem.minecraft.yellow_flower":2,"stat.craftItem.minecraft.iron_bars":240,"achievement.enchantments":1,"stat.mineBlock.minecraft.gold_ore":12,"stat.mineBlock.minecraft.quartz_stairs":73,"stat.craftItem.minecraft.cauldron":1,"stat.mineBlock.minecraft.rail":6,"stat.useItem.minecraft.stonebrick":193,"stat.craftItem.minecraft.redstone_block":5,"stat.mineBlock.minecraft.gold_block":1,"stat.useItem.minecraft.cooked_fish":5,"achievement.buildWorkBench":8,"stat.useItem.minecraft.stone":289,"stat.mineBlock.minecraft.lapis_block":9,"stat.craftItem.minecraft.slime":3,"stat.craftItem.minecraft.snow":9,"stat.craftItem.minecraft.iron_leggings":1,"stat.useItem.minecraft.double_plant":26,"achievement.killCow":2,"stat.useItem.minecraft.redstone":48,"stat.useItem.minecraft.potion":2,"stat.mineBlock.minecraft.stone_stairs":36,"stat.mineBlock.minecraft.bookshelf":2,"stat.craftItem.minecraft.book":17,"stat.mineBlock.minecraft.pumpkin":31,"stat.mineBlock.minecraft.slime":4,"stat.useItem.minecraft.brick_stairs":31,"stat.useItem.minecraft.quartz_stairs":105,"stat.mineBlock.minecraft.vine":206,"achievement.portal":76,"stat.craftItem.minecraft.wooden_button":2,"stat.mineBlock.minecraft.diamond_ore":16,"stat.flyOneCm":3706569,"stat.useItem.minecraft.writable_book":21,"stat.mineBlock.minecraft.chest":28,"achievement.buildPickaxe":3,"stat.useItem.minecraft.red_flower":26,"stat.mineBlock.minecraft.torch":192,"stat.mineBlock.minecraft.iron_ore":17,"stat.damageTaken":80797,"stat.useItem.minecraft.diamond_sword":327,"stat.useItem.minecraft.wooden_pressure_plate":7,"stat.craftItem.minecraft.wooden_pressure_plate":3,"stat.mineBlock.minecraft.brown_mushroom":5,"stat.useItem.minecraft.oak_stairs":85,"stat.mineBlock.minecraft.nether_brick_fence":27,"stat.killEntity.Chicken":2,"stat.mineBlock.minecraft.cobblestone":840,"stat.craftItem.minecraft.redstone_lamp":30,"stat.mineBlock.minecraft.carpet":71,"stat.useItem.minecraft.stained_hardened_clay":613,"stat.craftItem.minecraft.netherbrick":83,"stat.craftItem.minecraft.dark_oak_fence_gate":4,"stat.useItem.minecraft.dye":277,"stat.craftItem.minecraft.stained_glass_pane":64,"stat.mineBlock.minecraft.iron_bars":41,"stat.mineBlock.minecraft.wool":11,"stat.useItem.minecraft.flower_pot":36,"stat.craftItem.minecraft.brick_block":128,"stat.craftItem.minecraft.lever":46,"stat.useItem.minecraft.rail":5,"stat.useItem.minecraft.enchanting_table":6,"stat.entityKilledBy.Creeper":2,"stat.craftItem.minecraft.quartz_block":74,"stat.useItem.minecraft.ender_chest":1,"stat.useItem.minecraft.log2":128,"stat.useItem.minecraft.redstone_lamp":65,"stat.useItem.minecraft.flint_and_steel":8,"stat.climbOneCm":135145,"stat.mineBlock.minecraft.enchanting_table":5,"stat.useItem.minecraft.sapling":50,"stat.drop":287,"stat.mineBlock.minecraft.sea_lantern":5,"stat.mineBlock.minecraft.anvil":15,"stat.useItem.minecraft.repeater":8,"stat.useItem.minecraft.stone_pressure_plate":4,"stat.craftItem.minecraft.sticky_piston":1,"stat.craftItem.minecraft.nether_brick":9,"stat.useItem.minecraft.bow":231,"stat.craftItem.minecraft.boat":6,"stat.useItem.minecraft.spruce_stairs":25,"stat.useItem.minecraft.cooked_beef":10,"stat.mineBlock.minecraft.wooden_slab":608,"stat.craftItem.minecraft.piston":2,"stat.mineBlock.minecraft.crafting_table":8,"stat.mineBlock.minecraft.birch_stairs":53,"stat.useItem.minecraft.glass_bottle":1,"stat.useItem.minecraft.stone_slab":1709,"achievement.diamonds":16,"stat.mineBlock.minecraft.fence":73,"stat.craftItem.minecraft.oak_stairs":44,"stat.useItem.minecraft.egg":2,"stat.killEntity.Creeper":61,"stat.craftItem.minecraft.stonebrick":154,"stat.mineBlock.minecraft.planks":573,"stat.useItem.minecraft.lapis_block":9,"stat.craftItem.minecraft.red_sandstone":15,"stat.useItem.minecraft.crafting_table":10,"stat.craftItem.minecraft.paper":48,"stat.breakItem.minecraft.shears":6,"stat.craftItem.minecraft.stone_slab":1140,"stat.craftItem.minecraft.bookshelf":6,"stat.mineBlock.minecraft.obsidian":15,"stat.craftItem.minecraft.dark_oak_stairs":16,"stat.useItem.minecraft.hopper":1,"stat.killEntity.Enderman":5336,"stat.leaveGame":208,"stat.mineBlock.minecraft.stone_brick_stairs":72,"stat.craftItem.minecraft.painting":7,"stat.craftItem.minecraft.iron_ingot":200,"stat.useItem.minecraft.glass":275,"stat.mineBlock.minecraft.dark_oak_fence":20,"achievement.buildBetterPickaxe":3,"stat.useItem.minecraft.ender_pearl":379,"stat.killEntity.Endermite":3,"stat.timeSinceDeath":1126965,"stat.useItem.minecraft.iron_trapdoor":19,"stat.mineBlock.minecraft.leaves":1418,"stat.mineBlock.minecraft.leaves2":449,"stat.useItem.minecraft.gravel":6,"stat.boatOneCm":21513,"stat.useItem.minecraft.painting":93,"stat.useItem.minecraft.wool":13,"achievement.buildSword":2,"stat.craftItem.minecraft.hopper":1,"stat.useItem.minecraft.acacia_stairs":20,"stat.craftItem.minecraft.bucket":1,"stat.useItem.minecraft.nether_brick_fence":39,"stat.useItem.minecraft.glowstone":54,"stat.craftItem.minecraft.wooden_door":6,"stat.craftItem.minecraft.iron_trapdoor":4,"stat.mineBlock.minecraft.sticky_piston":2,"stat.mineBlock.minecraft.stone_button":3,"achievement.mineWood":1645,"stat.useItem.minecraft.reeds":42,"stat.mineBlock.minecraft.red_flower":30,"stat.craftItem.minecraft.banner":27,"stat.mineBlock.minecraft.stone_slab":631,"stat.useItem.minecraft.sand":2,"achievement.killEnemy":5817,"stat.useItem.minecraft.snow":1,"stat.craftItem.minecraft.dye":316,"stat.killEntity.LavaSlime":21,"stat.craftItem.minecraft.nether_brick_fence":18,"stat.craftItem.minecraft.fence":58,"stat.playOneMinute":7512833,"stat.useItem.minecraft.redstone_torch":24,"stat.killEntity.Pig":1,"stat.diveOneCm":414813,"stat.mineBlock.minecraft.dispenser":1,"stat.useItem.minecraft.lever":37,"stat.killEntity.Spider":31,"stat.breakItem.minecraft.iron_leggings":1,"stat.killEntity.Slime":1,"stat.craftItem.minecraft.spruce_stairs":8,"stat.mineBlock.minecraft.brick_stairs":23,"stat.craftItem.minecraft.stick":696,"stat.craftItem.minecraft.stained_hardened_clay":152,"stat.useItem.minecraft.nether_brick":38,"stat.craftItem.minecraft.acacia_stairs":12,"stat.craftItem.minecraft.wooden_slab":1352,"stat.playerKills":1,"stat.useItem.minecraft.dark_oak_fence":55,"stat.killEntity.Silverfish":4,"stat.mineBlock.minecraft.coal_ore":46,"stat.useItem.minecraft.bread":57,"stat.mineBlock.minecraft.log2":490,"stat.mineBlock.minecraft.wooden_pressure_plate":4,"stat.craftItem.minecraft.redstone":54,"stat.mineBlock.minecraft.tallgrass":68,"stat.mineBlock.minecraft.stone_slab2":20,"stat.useItem.minecraft.written_book":7,"stat.craftItem.minecraft.crafting_table":4,"stat.mobKills":5884,"stat.mineBlock.minecraft.quartz_ore":140,"stat.craftItem.minecraft.snow_layer":54,"stat.mineBlock.minecraft.stone":2905,"stat.useItem.minecraft.bucket":107,"stat.mineBlock.minecraft.cobblestone_wall":74,"stat.useItem.minecraft.string":9,"stat.killEntity.Zombie":252,"stat.mineBlock.minecraft.dirt":3448,"stat.minecartOneCm":1415306,"stat.useItem.minecraft.sign":11,"stat.useItem.minecraft.birch_stairs":65,"stat.useItem.minecraft.bookshelf":7,"stat.craftItem.minecraft.glass_pane":144,"stat.mineBlock.minecraft.fence_gate":2,"stat.craftItem.minecraft.brick":21,"stat.killEntity.Blaze":6,"stat.useItem.minecraft.piston":6,"stat.useItem.minecraft.banner":51,"stat.useItem.minecraft.tallgrass":38,"stat.craftItem.minecraft.redstone_torch":8,"stat.mineBlock.minecraft.dark_oak_stairs":114,"stat.useItem.minecraft.carrot":1,"stat.useItem.minecraft.trapdoor":50,"stat.craftItem.minecraft.anvil":10,"stat.craftItem.minecraft.dark_oak_door":15,"stat.swimOneCm":259630,"stat.useItem.minecraft.dark_oak_door":21,"stat.useItem.minecraft.lava_bucket":2,"stat.useItem.minecraft.diamond_axe":2719,"stat.killEntity.Skeleton":95,"stat.horseOneCm":577767,"stat.walkOneCm":46974453,"stat.useItem.minecraft.slime":6,"stat.mineBlock.minecraft.redstone_lamp":39,"stat.mineBlock.minecraft.oak_stairs":44,"stat.craftItem.minecraft.dark_oak_fence":42,"stat.craftItem.minecraft.stone_brick_stairs":12,"stat.mineBlock.minecraft.lapis_ore":7,"stat.useItem.minecraft.carpet":241,"stat.jump":25607,"stat.mineBlock.minecraft.glass_pane":99,"stat.mineBlock.minecraft.stained_hardened_clay":314,"stat.useItem.minecraft.wooden_button":1,"stat.craftItem.minecraft.stone":232,"stat.killEntity.Witch":4,"stat.useItem.minecraft.apple":5,"stat.mineBlock.minecraft.piston":5,"stat.craftItem.minecraft.lapis_block":35,"stat.mineBlock.minecraft.iron_block":334,"stat.mineBlock.minecraft.snow":8,"stat.mineBlock.minecraft.brick_block":3,"stat.useItem.minecraft.cobblestone_wall":67,"stat.craftItem.minecraft.sign":9,"stat.deaths":8,"stat.useItem.minecraft.vine":90,"stat.mineBlock.minecraft.glowstone":39,"stat.useItem.minecraft.wooden_slab":2022,"stat.mineBlock.minecraft.gravel":124,"stat.useItem.minecraft.baked_potato":31,"stat.mineBlock.minecraft.lever":9,"stat.mineBlock.minecraft.stained_glass_pane":65,"stat.useItem.minecraft.stone_stairs":45,"stat.breakItem.minecraft.iron_helmet":1,"stat.craftItem.minecraft.planks":2512,"stat.craftItem.minecraft.trapdoor":48,"stat.mineBlock.minecraft.redstone_ore":14,"stat.useItem.minecraft.stone_slab2":20,"stat.craftItem.minecraft.shears":5,"stat.useItem.minecraft.cauldron":2,"stat.mineBlock.minecraft.ender_chest":1,"stat.craftItem.minecraft.stained_glass":24,"stat.killEntity.Squid":11,"stat.useItem.minecraft.quartz_ore":140,"stat.sprintOneCm":5530798,"stat.useItem.minecraft.sea_lantern":13,"stat.useItem.minecraft.dirt":2471,"stat.craftItem.minecraft.quartz_stairs":24}