{"stat.mineBlock.minecraft.stonebrick":103,"stat.useItem.minecraft.fence_gate":2,"stat.craftItem.minecraft.iron_helmet":2,"stat.mineBlock.minecraft.emerald_ore":13,"stat.mineBlock.minecraft.sandstone_stairs":3,"stat.mineBlock.minecraft.netherrack":2272,"stat.useItem.minecraft.stone_button":50,"stat.craftItem.minecraft.stone_pressure_plate":17,"stat.useItem.minecraft.netherrack":2352,"stat.useItem.minecraft.iron_hoe":136,"stat.mineBlock.minecraft.glass":91,"stat.useItem.minecraft.minecart":23,"stat.useItem.minecraft.iron_shovel":5,"stat.damageDealt":604803,"stat.craftItem.minecraft.beacon":4,"stat.craftItem.minecraft.ender_chest":2,"stat.useItem.minecraft.fence":167,"stat.useItem.minecraft.item_frame":110,"stat.useItem.minecraft.iron_block":2753,"stat.craftItem.minecraft.minecart":10,"stat.killEntity.Bat":7,"stat.crouchOneCm":1163051,"stat.mineBlock.minecraft.red_mushroom":1,"achievement.exploreAllBiomes":{"value":0,"progress":["Extreme Hills M","Desert","Extreme Hills+","Taiga","Ocean","Extreme Hills","Mesa Plateau","TaigaHills","Plains","Jungle","The End","Extreme Hills Edge","Hell","ForestHills","Forest","DesertHills","Beach","Mesa","Roofed Forest","River","Swampland"]},"stat.craftItem.minecraft.iron_pickaxe":2,"stat.craftItem.minecraft.flint_and_steel":3,"stat.craftItem.minecraft.diamond_chestplate":2,"stat.mineBlock.minecraft.yellow_flower":3,"stat.craftItem.minecraft.wool":85,"achievement.cookFish":34,"stat.craftItem.minecraft.repeater":216,"stat.useItem.minecraft.anvil":7,"stat.useItem.minecraft.chest":608,"stat.craftItem.minecraft.emerald":134,"stat.mineBlock.minecraft.furnace":22,"stat.craftItem.minecraft.cobblestone_wall":249,"stat.useItem.minecraft.iron_bars":383,"stat.craftItem.minecraft.bed":3,"stat.useItem.minecraft.stone_brick_stairs":106,"stat.killEntity.Sheep":5,"stat.mineBlock.minecraft.sand":1922,"stat.useItem.minecraft.cobblestone":1033,"stat.craftItem.minecraft.iron_sword":9,"stat.craftItem.minecraft.cooked_chicken":33,"stat.mineBlock.minecraft.monster_egg":17,"stat.breakItem.minecraft.iron_axe":1,"stat.mineBlock.minecraft.waterlily":95,"stat.craftItem.minecraft.chest":1393,"stat.useItem.minecraft.quartz_block":13,"stat.mineBlock.minecraft.redstone_torch":14,"stat.craftItem.minecraft.item_frame":133,"stat.useItem.minecraft.stained_glass":293,"achievement.openInventory":4341,"stat.useItem.minecraft.dark_oak_stairs":85,"stat.mineBlock.minecraft.redstone_block":10,"stat.killEntity.Cow":331,"stat.useItem.minecraft.diamond_pickaxe":53156,"stat.useItem.minecraft.stained_glass_pane":279,"stat.useItem.minecraft.packed_ice":275,"stat.killEntity.Ghast":1,"stat.craftItem.minecraft.fence_gate":1,"stat.useItem.minecraft.sticky_piston":97,"stat.mineBlock.minecraft.stained_glass":15,"stat.useItem.minecraft.log":66,"stat.mineBlock.minecraft.noteblock":3,"stat.mineBlock.minecraft.spruce_stairs":26,"stat.craftItem.minecraft.iron_chestplate":1,"stat.useItem.minecraft.tnt":1196,"stat.useItem.minecraft.redstone_block":134,"stat.craftItem.minecraft.iron_door":3,"stat.useItem.minecraft.diamond_shovel":25505,"stat.craftItem.minecraft.furnace":93,"stat.craftItem.minecraft.torch":1504,"stat.mineBlock.minecraft.log":3792,"stat.useItem.minecraft.obsidian":198,"stat.useItem.minecraft.planks":25,"stat.talkedToVillager":33,"stat.craftItem.minecraft.ender_eye":2,"stat.useItem.minecraft.cooked_chicken":319,"stat.useItem.minecraft.torch":2186,"stat.useItem.minecraft.bed":5,"stat.useItem.minecraft.stone_pickaxe":14,"stat.mineBlock.minecraft.clay":6,"stat.craftItem.minecraft.iron_bars":640,"stat.mineBlock.minecraft.gold_ore":157,"stat.mineBlock.minecraft.quartz_stairs":5,"stat.useItem.minecraft.skull":13,"stat.craftItem.minecraft.redstone_block":89,"stat.useItem.minecraft.cooked_fish":256,"achievement.buildWorkBench":21,"stat.useItem.minecraft.stone":6803,"stat.treasureFished":155,"stat.craftItem.minecraft.slime":5,"stat.craftItem.minecraft.diamond_sword":2,"stat.craftItem.minecraft.stone_button":59,"stat.useItem.minecraft.ladder":284,"stat.craftItem.minecraft.diamond_leggings":2,"achievement.killCow":359,"stat.useItem.minecraft.redstone":562,"stat.mineBlock.minecraft.stone_stairs":24,"stat.craftItem.minecraft.book":260,"stat.mineBlock.minecraft.bookshelf":33,"stat.mineBlock.minecraft.slime":5,"stat.mineBlock.minecraft.stone_pressure_plate":6,"stat.useItem.minecraft.noteblock":3,"stat.mineBlock.minecraft.diamond_ore":196,"stat.craftItem.minecraft.trapped_chest":266,"stat.mineBlock.minecraft.torch":616,"stat.craftItem.minecraft.cooked_beef":321,"stat.mineBlock.minecraft.tripwire_hook":2,"stat.useItem.minecraft.diamond_sword":3260,"stat.mineBlock.minecraft.brown_mushroom":8,"stat.craftItem.minecraft.ladder":390,"stat.mineBlock.minecraft.carpet":2,"stat.mineBlock.minecraft.wool":6,"stat.craftItem.minecraft.lever":9,"stat.useItem.minecraft.rail":9,"stat.craftItem.minecraft.quartz_block":171,"stat.useItem.minecraft.stone_sword":7,"stat.useItem.minecraft.redstone_lamp":30,"stat.climbOneCm":1064288,"stat.useItem.minecraft.sapling":4,"stat.drop":874,"stat.mineBlock.minecraft.anvil":3,"stat.fallOneCm":1068181,"stat.junkFished":162,"stat.useItem.minecraft.coal_ore":159,"stat.mineBlock.minecraft.nether_brick":22,"achievement.buildFurnace":186,"stat.craftItem.minecraft.coal":38,"stat.useItem.minecraft.water_bucket":162,"stat.useItem.minecraft.wheat_seeds":763,"stat.mineBlock.minecraft.hopper":186,"stat.useItem.minecraft.fish":3,"stat.mineBlock.minecraft.rail":3,"stat.useItem.minecraft.stonebrick":448,"stat.useItem.minecraft.furnace":100,"stat.useItem.minecraft.trapped_chest":240,"stat.useItem.minecraft.double_plant":1,"stat.mineBlock.minecraft.tnt":19,"stat.useItem.minecraft.potion":11,"stat.mineBlock.minecraft.pumpkin":6,"stat.useItem.minecraft.quartz_stairs":110,"stat.craftItem.minecraft.wooden_button":5,"stat.mineBlock.minecraft.vine":88,"stat.flyOneCm":6644679,"stat.useItem.minecraft.writable_book":26,"stat.mineBlock.minecraft.chest":203,"stat.mineBlock.minecraft.packed_ice":40,"achievement.buildPickaxe":18,"stat.mineBlock.minecraft.iron_ore":133,"stat.mineBlock.minecraft.trapped_chest":6,"stat.craftItem.minecraft.glowstone":955,"stat.damageTaken":40622,"stat.craftItem.minecraft.tripwire_hook":375,"stat.killEntity.Chicken":13,"stat.useItem.minecraft.dropper":9,"stat.craftItem.minecraft.stone_pickaxe":1,"stat.mineBlock.minecraft.cobblestone":809,"stat.craftItem.minecraft.redstone_lamp":30,"stat.useItem.minecraft.stained_hardened_clay":141,"stat.craftItem.minecraft.netherbrick":512,"stat.mineBlock.minecraft.iron_bars":42,"stat.useItem.minecraft.dye":105,"stat.craftItem.minecraft.stained_glass_pane":608,"stat.craftItem.minecraft.comparator":146,"stat.entityKilledBy.Creeper":1,"stat.useItem.minecraft.lapis_ore":81,"stat.useItem.minecraft.ender_chest":5,"stat.useItem.minecraft.log2":27,"stat.useItem.minecraft.flint_and_steel":23,"stat.breakItem.minecraft.diamond_shovel":1,"stat.useItem.minecraft.repeater":105,"stat.useItem.minecraft.stone_pressure_plate":16,"stat.craftItem.minecraft.sticky_piston":100,"stat.craftItem.minecraft.nether_brick":128,"stat.useItem.minecraft.bow":1013,"stat.craftItem.minecraft.iron_hoe":1,"stat.useItem.minecraft.cooked_beef":297,"stat.craftItem.minecraft.iron_axe":2,"stat.mineBlock.minecraft.wooden_slab":82,"stat.craftItem.minecraft.piston":183,"stat.mineBlock.minecraft.crafting_table":20,"stat.useItem.minecraft.diamond_ore":60,"stat.mineBlock.minecraft.hardened_clay":12,"stat.useItem.minecraft.glass_bottle":1,"stat.useItem.minecraft.stone_slab":6661,"stat.mineBlock.minecraft.fence":144,"stat.mineBlock.minecraft.melon_block":9,"stat.useItem.minecraft.egg":1,"stat.killEntity.Creeper":69,"stat.craftItem.minecraft.stonebrick":852,"stat.craftItem.minecraft.iron_block":131,"stat.mineBlock.minecraft.planks":108,"stat.useItem.minecraft.crafting_table":29,"stat.craftItem.minecraft.paper":4629,"stat.craftItem.minecraft.stone_slab":6725,"stat.useItem.minecraft.stone_hoe":53,"stat.mineBlock.minecraft.obsidian":253,"stat.craftItem.minecraft.dark_oak_stairs":82,"stat.useItem.minecraft.hopper":810,"stat.craftItem.minecraft.diamond_boots":6,"stat.killEntity.Enderman":7697,"stat.leaveGame":326,"stat.mineBlock.minecraft.stone_brick_stairs":30,"stat.craftItem.minecraft.iron_ingot":6840,"stat.useItem.minecraft.glass":5090,"stat.breakItem.minecraft.fishing_rod":19,"achievement.buildBetterPickaxe":18,"stat.useItem.minecraft.ender_pearl":677,"stat.craftItem.minecraft.stone_stairs":94,"stat.killEntity.Endermite":4,"stat.timeSinceDeath":13623133,"stat.craftItem.minecraft.cooked_porkchop":127,"stat.useItem.minecraft.iron_trapdoor":49,"stat.mineBlock.minecraft.leaves":429,"stat.mineBlock.minecraft.leaves2":43,"stat.useItem.minecraft.gravel":26,"stat.killEntity.PigZombie":806,"stat.mineBlock.minecraft.quartz_block":4,"stat.useItem.minecraft.wool":5,"stat.useItem.minecraft.tripwire_hook":66,"achievement.buildSword":21,"stat.craftItem.minecraft.hopper":857,"stat.craftItem.minecraft.bucket":37,"stat.useItem.minecraft.nether_brick_fence":28,"achievement.buildHoe":2,"stat.useItem.minecraft.glowstone":740,"stat.useItem.minecraft.comparator":138,"stat.craftItem.minecraft.iron_trapdoor":55,"stat.mineBlock.minecraft.sticky_piston":12,"stat.craftItem.minecraft.iron_shovel":23,"stat.useItem.minecraft.reeds":12,"achievement.mineWood":3913,"stat.mineBlock.minecraft.stone_button":1,"stat.craftItem.minecraft.noteblock":1,"stat.craftItem.minecraft.banner":32,"stat.mineBlock.minecraft.stone_slab":1148,"stat.useItem.minecraft.sand":132,"achievement.killEnemy":10286,"stat.useItem.minecraft.iron_axe":203,"stat.craftItem.minecraft.dye":492,"stat.mineBlock.minecraft.snow_layer":1,"stat.mineBlock.minecraft.dropper":5,"stat.killEntity.LavaSlime":16,"stat.craftItem.minecraft.nether_brick_fence":30,"stat.craftItem.minecraft.diamond_pickaxe":12,"stat.craftItem.minecraft.fence":118,"stat.playOneMinute":37456428,"stat.useItem.minecraft.redstone_torch":161,"stat.craftItem.minecraft.gold_ingot":155,"stat.killEntity.Pig":41,"stat.diveOneCm":1580982,"stat.useItem.minecraft.lever":10,"stat.craftItem.minecraft.bow":4,"stat.useItem.minecraft.soul_sand":35,"stat.useItem.minecraft.rotten_flesh":11,"stat.killEntity.Spider":68,"stat.craftItem.minecraft.dispenser":1,"stat.killEntity.Slime":346,"stat.mineBlock.minecraft.soul_sand":147,"stat.craftItem.minecraft.glass":5214,"stat.animalsBred":365,"stat.useItem.minecraft.waterlily":4,"stat.craftItem.minecraft.stick":4385,"stat.useItem.minecraft.nether_brick":99,"stat.useItem.minecraft.pumpkin":4,"stat.useItem.minecraft.fishing_rod":4282,"stat.mineBlock.minecraft.beacon":14,"stat.craftItem.minecraft.wooden_slab":303,"stat.killEntity.Silverfish":15,"stat.mineBlock.minecraft.coal_ore":825,"stat.mineBlock.minecraft.wooden_button":2,"stat.useItem.minecraft.redstone_ore":195,"stat.craftItem.minecraft.fishing_rod":10,"stat.useItem.minecraft.iron_door":4,"stat.mineBlock.minecraft.log2":441,"stat.craftItem.minecraft.diamond_axe":2,"stat.craftItem.minecraft.redstone":223,"stat.mineBlock.minecraft.tallgrass":479,"stat.craftItem.minecraft.dropper":4,"stat.useItem.minecraft.iron_sword":394,"achievement.breedCow":358,"stat.useItem.minecraft.written_book":24,"stat.craftItem.minecraft.crafting_table":14,"stat.mobKills":10925,"stat.mineBlock.minecraft.quartz_ore":725,"stat.mineBlock.minecraft.stone":41957,"stat.useItem.minecraft.bucket":189,"stat.craftItem.minecraft.diamond_shovel":10,"stat.mineBlock.minecraft.cobblestone_wall":92,"stat.useItem.minecraft.string":397,"stat.killEntity.Zombie":403,"stat.mineBlock.minecraft.dirt":22086,"stat.minecartOneCm":1079372,"stat.useItem.minecraft.sign":6,"stat.mineBlock.minecraft.fence_gate":2,"stat.killEntity.Blaze":384,"stat.useItem.minecraft.piston":87,"stat.useItem.minecraft.banner":19,"stat.craftItem.minecraft.redstone_torch":1163,"stat.mineBlock.minecraft.dark_oak_stairs":21,"stat.useItem.minecraft.trapdoor":53,"stat.craftItem.minecraft.iron_boots":27,"stat.craftItem.minecraft.anvil":6,"stat.swimOneCm":1744002,"stat.fishCaught":2903,"stat.useItem.minecraft.sandstone_stairs":1,"stat.useItem.minecraft.lava_bucket":14,"stat.useItem.minecraft.diamond_axe":5130,"stat.killEntity.Skeleton":543,"stat.horseOneCm":1502,"stat.walkOneCm":56147112,"stat.useItem.minecraft.slime":10,"stat.mineBlock.minecraft.redstone_lamp":2,"stat.craftItem.minecraft.stone_brick_stairs":140,"stat.craftItem.minecraft.stone_hoe":1,"stat.mineBlock.minecraft.lapis_ore":182,"stat.useItem.minecraft.carpet":1,"stat.jump":39308,"stat.mineBlock.minecraft.stained_hardened_clay":794,"stat.useItem.minecraft.wooden_button":3,"stat.craftItem.minecraft.stone":699,"stat.useItem.minecraft.beacon":18,"stat.killEntity.Witch":10,"stat.mineBlock.minecraft.piston":16,"stat.mineBlock.minecraft.ladder":18,"stat.mineBlock.minecraft.iron_block":1312,"stat.useItem.minecraft.cobblestone_wall":291,"stat.craftItem.minecraft.sign":4,"stat.deaths":3,"stat.mineBlock.minecraft.glowstone":323,"stat.useItem.minecraft.wooden_slab":324,"stat.mineBlock.minecraft.gravel":2043,"stat.craftItem.minecraft.blaze_powder":1,"stat.useItem.minecraft.baked_potato":22,"stat.mineBlock.minecraft.lever":2,"stat.mineBlock.minecraft.stained_glass_pane":237,"stat.useItem.minecraft.stone_stairs":84,"stat.breakItem.minecraft.iron_helmet":2,"stat.craftItem.minecraft.planks":14958,"stat.craftItem.minecraft.trapdoor":68,"stat.mineBlock.minecraft.redstone_ore":1020,"stat.tradedWithVillager":149,"stat.craftItem.minecraft.shears":1,"stat.mineBlock.minecraft.ender_chest":3,"stat.craftItem.minecraft.stained_glass":788,"stat.craftItem.minecraft.diamond_helmet":1,"stat.killEntity.Squid":54,"stat.craftItem.minecraft.cooked_fish":1084,"stat.useItem.minecraft.iron_pickaxe":28,"stat.useItem.minecraft.quartz_ore":240,"stat.craftItem.minecraft.tnt":6208,"stat.sprintOneCm":17837279,"stat.useItem.minecraft.dirt":7180,"stat.craftItem.minecraft.quartz_stairs":108}