{"stat.mineBlock.minecraft.stonebrick":439,"stat.craftItem.minecraft.iron_helmet":6,"stat.mineBlock.minecraft.emerald_ore":7,"stat.mineBlock.minecraft.netherrack":482,"stat.craftItem.minecraft.carpet":12,"stat.useItem.minecraft.stone_button":8,"stat.useItem.minecraft.leaves":4,"stat.useItem.minecraft.netherrack":15,"stat.mineBlock.minecraft.glass":3,"achievement.acquireIron":50,"stat.useItem.minecraft.minecart":21,"stat.useItem.minecraft.iron_shovel":753,"stat.damageDealt":111366,"stat.useItem.minecraft.fence":25,"stat.useItem.minecraft.item_frame":1,"stat.useItem.minecraft.iron_block":2,"stat.craftItem.minecraft.minecart":4,"stat.killEntity.Bat":1,"stat.crouchOneCm":105362,"stat.useItem.minecraft.shears":4,"stat.useItem.minecraft.potato":122,"stat.mineBlock.minecraft.heavy_weighted_pressure_plate":1,"achievement.exploreAllBiomes":{"value":0,"progress":["Desert","Extreme Hills+","Taiga","Ocean","Extreme Hills","Plains","The End","Hell","ForestHills","Forest","DesertHills","Roofed Forest","Swampland","River"]},"stat.mineBlock.minecraft.double_plant":1,"stat.craftItem.minecraft.iron_pickaxe":4,"stat.craftItem.minecraft.diamond_chestplate":2,"stat.craftItem.minecraft.wool":13,"stat.breakItem.minecraft.iron_shovel":3,"stat.craftItem.minecraft.repeater":3,"stat.useItem.minecraft.glass_pane":20,"stat.useItem.minecraft.anvil":2,"stat.useItem.minecraft.chest":149,"stat.mineBlock.minecraft.furnace":26,"stat.craftItem.minecraft.coal_block":80,"stat.craftItem.minecraft.cobblestone_wall":60,"stat.useItem.minecraft.iron_bars":2,"stat.craftItem.minecraft.bed":2,"stat.useItem.minecraft.stone_brick_stairs":5,"stat.mineBlock.minecraft.sand":54,"stat.useItem.minecraft.cobblestone":1303,"stat.craftItem.minecraft.iron_sword":2,"stat.craftItem.minecraft.cooked_chicken":64,"stat.useItem.minecraft.heavy_weighted_pressure_plate":1,"stat.craftItem.minecraft.chest":61,"stat.useItem.minecraft.quartz_block":1,"stat.mineBlock.minecraft.redstone_torch":2,"stat.useItem.minecraft.stained_glass":128,"achievement.openInventory":1065,"stat.useItem.minecraft.dark_oak_stairs":62,"stat.mineBlock.minecraft.redstone_block":4,"stat.killEntity.Cow":16,"stat.useItem.minecraft.diamond_pickaxe":7189,"stat.useItem.minecraft.sticky_piston":13,"stat.mineBlock.minecraft.stained_glass":19,"stat.useItem.minecraft.log":80,"stat.mineBlock.minecraft.spruce_stairs":17,"stat.craftItem.minecraft.iron_chestplate":5,"stat.useItem.minecraft.redstone_block":5,"stat.craftItem.minecraft.iron_door":3,"stat.useItem.minecraft.diamond_shovel":1016,"stat.craftItem.minecraft.furnace":23,"stat.craftItem.minecraft.torch":1204,"stat.mineBlock.minecraft.log":444,"stat.useItem.minecraft.planks":270,"stat.fallOneCm":182999,"stat.mineBlock.minecraft.nether_brick":6,"achievement.buildFurnace":45,"stat.useItem.minecraft.cooked_chicken":128,"stat.useItem.minecraft.torch":1449,"stat.craftItem.minecraft.coal":99,"stat.useItem.minecraft.bed":8,"stat.useItem.minecraft.stone_pickaxe":471,"stat.useItem.minecraft.water_bucket":62,"stat.mineBlock.minecraft.hopper":24,"stat.mineBlock.minecraft.gold_ore":43,"stat.craftItem.minecraft.cauldron":1,"stat.mineBlock.minecraft.rail":1,"stat.useItem.minecraft.stonebrick":965,"stat.craftItem.minecraft.redstone_block":69,"stat.mineBlock.minecraft.gold_block":1,"achievement.buildWorkBench":15,"stat.useItem.minecraft.stone":12,"stat.useItem.minecraft.furnace":49,"stat.craftItem.minecraft.diamond_sword":3,"stat.craftItem.minecraft.stone_button":1,"stat.useItem.minecraft.birch_door":1,"stat.craftItem.minecraft.iron_leggings":5,"stat.useItem.minecraft.ladder":16,"stat.craftItem.minecraft.diamond_leggings":2,"achievement.killCow":8,"stat.useItem.minecraft.redstone":39,"stat.useItem.minecraft.potion":1,"stat.mineBlock.minecraft.stone_stairs":17,"stat.craftItem.minecraft.book":10,"achievement.portal":34,"stat.craftItem.minecraft.wooden_button":8,"stat.mineBlock.minecraft.diamond_ore":59,"stat.flyOneCm":2736434,"stat.useItem.minecraft.writable_book":5,"stat.mineBlock.minecraft.chest":94,"achievement.buildPickaxe":18,"stat.mineBlock.minecraft.torch":138,"stat.mineBlock.minecraft.iron_ore":472,"stat.damageTaken":10710,"stat.craftItem.minecraft.birch_stairs":36,"stat.useItem.minecraft.diamond_sword":733,"stat.useItem.minecraft.wooden_pressure_plate":1,"stat.craftItem.minecraft.wooden_pressure_plate":1,"stat.useItem.minecraft.oak_stairs":19,"stat.killEntity.Chicken":31,"stat.craftItem.minecraft.stone_pickaxe":4,"stat.mineBlock.minecraft.cobblestone":537,"stat.craftItem.minecraft.ladder":9,"stat.mineBlock.minecraft.carpet":21,"stat.craftItem.minecraft.netherbrick":72,"stat.useItem.minecraft.dye":138,"stat.mineBlock.minecraft.iron_bars":4,"stat.breakItem.minecraft.stone_pickaxe":3,"stat.craftItem.minecraft.lever":1,"stat.craftItem.minecraft.comparator":1,"stat.craftItem.minecraft.quartz_block":23,"stat.useItem.minecraft.log2":369,"stat.useItem.minecraft.stone_sword":45,"stat.climbOneCm":90338,"stat.useItem.minecraft.sapling":101,"stat.drop":70,"stat.useItem.minecraft.repeater":12,"stat.craftItem.minecraft.sticky_piston":4,"stat.craftItem.minecraft.nether_brick":6,"stat.useItem.minecraft.bow":70,"stat.useItem.minecraft.spruce_stairs":24,"stat.craftItem.minecraft.iron_axe":1,"stat.mineBlock.minecraft.wooden_slab":523,"stat.useItem.minecraft.gold_block":1,"stat.craftItem.minecraft.piston":4,"stat.mineBlock.minecraft.crafting_table":18,"stat.useItem.minecraft.diamond_ore":5,"stat.mineBlock.minecraft.birch_stairs":38,"stat.useItem.minecraft.stone_slab":453,"achievement.diamonds":60,"stat.mineBlock.minecraft.fence":5,"stat.craftItem.minecraft.oak_stairs":16,"stat.useItem.minecraft.egg":4,"stat.killEntity.Creeper":40,"stat.craftItem.minecraft.stonebrick":676,"stat.craftItem.minecraft.iron_block":5,"stat.mineBlock.minecraft.planks":156,"stat.useItem.minecraft.crafting_table":25,"stat.craftItem.minecraft.paper":30,"stat.craftItem.minecraft.stone_slab":420,"stat.useItem.minecraft.stone_hoe":38,"stat.craftItem.minecraft.dark_oak_stairs":80,"stat.useItem.minecraft.hopper":31,"stat.killEntity.Enderman":4175,"stat.craftItem.minecraft.diamond_boots":2,"stat.leaveGame":27,"stat.mineBlock.minecraft.stone_brick_stairs":3,"stat.craftItem.minecraft.iron_ingot":351,"stat.useItem.minecraft.glass":75,"stat.mineBlock.minecraft.dark_oak_fence":11,"achievement.buildBetterPickaxe":18,"stat.useItem.minecraft.ender_pearl":47,"stat.craftItem.minecraft.stone_stairs":8,"stat.mineBlock.minecraft.sapling":17,"stat.timeSinceDeath":1613731,"stat.useItem.minecraft.iron_trapdoor":19,"stat.mineBlock.minecraft.leaves":602,"stat.mineBlock.minecraft.leaves2":11,"stat.useItem.minecraft.golden_sword":31,"achievement.buildSword":13,"stat.craftItem.minecraft.hopper":7,"achievement.buildHoe":2,"stat.useItem.minecraft.comparator":5,"stat.craftItem.minecraft.iron_trapdoor":7,"stat.mineBlock.minecraft.sticky_piston":7,"stat.craftItem.minecraft.iron_shovel":3,"stat.mineBlock.minecraft.stone_button":7,"achievement.mineWood":870,"stat.useItem.minecraft.reeds":6,"stat.mineBlock.minecraft.stone_slab":93,"achievement.killEnemy":4398,"stat.useItem.minecraft.iron_axe":241,"stat.craftItem.minecraft.dye":282,"stat.mineBlock.minecraft.snow_layer":5,"stat.craftItem.minecraft.diamond_pickaxe":3,"stat.craftItem.minecraft.fence":27,"stat.playOneMinute":1951317,"stat.useItem.minecraft.redstone_torch":25,"stat.useItem.minecraft.stone_shovel":13,"stat.diveOneCm":36751,"stat.useItem.minecraft.lever":2,"stat.killEntity.Spider":27,"stat.craftItem.minecraft.glass":309,"stat.craftItem.minecraft.stone_shovel":60,"stat.craftItem.minecraft.spruce_stairs":12,"stat.craftItem.minecraft.stick":528,"stat.useItem.minecraft.nether_brick":12,"stat.craftItem.minecraft.wooden_slab":876,"stat.craftItem.minecraft.baked_potato":113,"stat.useItem.minecraft.dark_oak_fence":29,"stat.mineBlock.minecraft.coal_ore":690,"stat.useItem.minecraft.bread":36,"stat.useItem.minecraft.iron_door":1,"stat.mineBlock.minecraft.log2":540,"stat.craftItem.minecraft.diamond_axe":1,"stat.mineBlock.minecraft.tallgrass":38,"stat.craftItem.minecraft.stone_sword":2,"stat.useItem.minecraft.iron_sword":107,"stat.useItem.minecraft.written_book":6,"stat.craftItem.minecraft.crafting_table":8,"stat.mobKills":4472,"stat.mineBlock.minecraft.quartz_ore":42,"stat.mineBlock.minecraft.stone":5483,"stat.useItem.minecraft.bucket":64,"stat.craftItem.minecraft.diamond_shovel":1,"stat.mineBlock.minecraft.cobblestone_wall":24,"stat.craftItem.minecraft.armor_stand":8,"stat.killEntity.Zombie":78,"stat.mineBlock.minecraft.dirt":1649,"stat.minecartOneCm":876408,"stat.useItem.minecraft.sign":10,"stat.breakItem.minecraft.golden_sword":1,"stat.useItem.minecraft.birch_stairs":59,"stat.craftItem.minecraft.glass_pane":48,"stat.useItem.minecraft.armor_stand":8,"stat.useItem.minecraft.pumpkin_pie":64,"stat.useItem.minecraft.banner":1,"stat.craftItem.minecraft.redstone_torch":13,"stat.mineBlock.minecraft.dark_oak_stairs":10,"stat.craftItem.minecraft.birch_door":3,"stat.useItem.minecraft.trapdoor":32,"stat.craftItem.minecraft.iron_boots":4,"stat.craftItem.minecraft.anvil":1,"stat.craftItem.minecraft.dark_oak_door":3,"stat.swimOneCm":241756,"stat.useItem.minecraft.dark_oak_door":2,"stat.useItem.minecraft.diamond_axe":1843,"stat.killEntity.Skeleton":76,"stat.horseOneCm":2067,"stat.walkOneCm":11447943,"stat.mineBlock.minecraft.oak_stairs":17,"stat.craftItem.minecraft.dark_oak_fence":21,"stat.craftItem.minecraft.stone_hoe":1,"stat.mineBlock.minecraft.lapis_ore":42,"stat.useItem.minecraft.carpet":41,"stat.jump":12622,"stat.mineBlock.minecraft.glass_pane":3,"stat.craftItem.minecraft.stone":768,"stat.killEntity.Witch":2,"stat.breakItem.minecraft.iron_pickaxe":2,"stat.mineBlock.minecraft.ladder":4,"stat.craftItem.minecraft.lapis_block":16,"stat.craftItem.minecraft.heavy_weighted_pressure_plate":1,"stat.useItem.minecraft.cobblestone_wall":64,"stat.craftItem.minecraft.sign":6,"stat.deaths":2,"stat.useItem.minecraft.wooden_slab":1212,"stat.mineBlock.minecraft.gravel":96,"stat.useItem.minecraft.baked_potato":116,"stat.mineBlock.minecraft.lever":2,"stat.useItem.minecraft.stone_stairs":19,"stat.craftItem.minecraft.planks":1696,"stat.craftItem.minecraft.trapdoor":6,"stat.mineBlock.minecraft.redstone_ore":247,"stat.craftItem.minecraft.shears":2,"stat.useItem.minecraft.cauldron":3,"stat.craftItem.minecraft.stained_glass":128,"stat.craftItem.minecraft.diamond_helmet":2,"stat.killEntity.Squid":24,"stat.useItem.minecraft.iron_pickaxe":1156,"stat.sprintOneCm":2746138,"stat.useItem.minecraft.dirt":1049}