{"stat.mineBlock.minecraft.stonebrick":472,"stat.useItem.minecraft.nether_wart":46,"stat.useItem.minecraft.fence_gate":12,"stat.useItem.minecraft.ice":21,"stat.craftItem.minecraft.iron_helmet":1,"stat.mineBlock.minecraft.emerald_ore":18,"stat.mineBlock.minecraft.netherrack":965,"stat.craftItem.minecraft.carpet":15,"stat.craftItem.minecraft.gold_nugget":9,"stat.useItem.minecraft.stone_button":22,"stat.useItem.minecraft.brown_mushroom":14,"stat.useItem.minecraft.leaves":173,"stat.useItem.minecraft.netherrack":180,"stat.useItem.minecraft.iron_hoe":306,"stat.mineBlock.minecraft.glass":323,"achievement.acquireIron":4,"stat.useItem.minecraft.minecart":26,"stat.useItem.minecraft.iron_shovel":632,"stat.craftItem.minecraft.spruce_door":9,"stat.damageDealt":304893,"stat.useItem.minecraft.fence":129,"stat.craftItem.minecraft.brick_stairs":4,"stat.useItem.minecraft.item_frame":15,"stat.useItem.minecraft.brick_block":67,"stat.useItem.minecraft.iron_block":5084,"stat.killEntity.Bat":8,"stat.craftItem.minecraft.minecart":1,"stat.crouchOneCm":864067,"stat.useItem.minecraft.shears":156,"stat.mineBlock.minecraft.heavy_weighted_pressure_plate":1,"stat.useItem.minecraft.potato":31,"stat.mineBlock.minecraft.red_mushroom":13,"achievement.exploreAllBiomes":{"value":0,"progress":["Extreme Hills M","Desert","Extreme Hills+","Deep Ocean","Taiga","Extreme Hills","Ocean","Mesa Plateau","Plains","TaigaHills","Jungle","The End","Extreme Hills Edge","Hell","Sky","ForestHills","Extreme Hills+ M","Forest","JungleHills","DesertHills","Roofed Forest","Savanna","River","Swampland"]},"stat.mineBlock.minecraft.double_plant":67,"stat.craftItem.minecraft.flint_and_steel":1,"stat.useItem.minecraft.spruce_door":10,"stat.mineBlock.minecraft.yellow_flower":15,"stat.craftItem.minecraft.brewing_stand":1,"stat.useItem.minecraft.melon_block":4,"stat.craftItem.minecraft.wool":6,"stat.mineBlock.minecraft.golden_rail":12,"stat.craftItem.minecraft.repeater":5,"stat.useItem.minecraft.glass_pane":179,"stat.useItem.minecraft.anvil":10,"stat.craftItem.minecraft.golden_rail":36,"stat.useItem.minecraft.chest":107,"stat.mineBlock.minecraft.furnace":11,"stat.craftItem.minecraft.cobblestone_wall":186,"stat.useItem.minecraft.iron_bars":207,"stat.craftItem.minecraft.bed":1,"stat.craftItem.minecraft.glass_bottle":6,"stat.useItem.minecraft.stone_brick_stairs":701,"stat.killEntity.Sheep":2,"stat.mineBlock.minecraft.sand":34,"stat.useItem.minecraft.cobblestone":1885,"stat.craftItem.minecraft.iron_sword":3,"stat.craftItem.minecraft.clay":129,"stat.breakItem.minecraft.iron_chestplate":1,"stat.mineBlock.minecraft.monster_egg":73,"stat.mineBlock.minecraft.sandstone":5,"stat.breakItem.minecraft.iron_axe":1,"stat.useItem.minecraft.heavy_weighted_pressure_plate":11,"stat.mineBlock.minecraft.waterlily":3,"stat.craftItem.minecraft.chest":98,"stat.craftItem.minecraft.item_frame":2,"stat.mineBlock.minecraft.redstone_torch":12,"stat.useItem.minecraft.dark_oak_stairs":68,"achievement.openInventory":9334,"stat.useItem.minecraft.stained_glass":11,"stat.useItem.minecraft.brewing_stand":2,"stat.useItem.minecraft.spruce_fence":140,"stat.killEntity.Cow":16,"stat.mineBlock.minecraft.web":4,"stat.breakItem.minecraft.stone_sword":1,"stat.useItem.minecraft.diamond_pickaxe":29523,"stat.useItem.minecraft.stained_glass_pane":34,"stat.craftItem.minecraft.flower_pot":1,"stat.craftItem.minecraft.fence_gate":8,"stat.mineBlock.minecraft.stained_glass":3,"stat.useItem.minecraft.log":167,"stat.mineBlock.minecraft.spruce_stairs":26,"stat.craftItem.minecraft.iron_chestplate":7,"stat.useItem.minecraft.redstone_block":10,"stat.craftItem.minecraft.iron_door":12,"stat.useItem.minecraft.red_mushroom":9,"stat.useItem.minecraft.diamond_shovel":5856,"stat.craftItem.minecraft.furnace":6,"stat.craftItem.minecraft.torch":1368,"stat.mineBlock.minecraft.log":876,"stat.useItem.minecraft.obsidian":33,"stat.useItem.minecraft.hay_block":14,"stat.craftItem.minecraft.leather_helmet":2,"stat.useItem.minecraft.planks":583,"stat.talkedToVillager":9,"stat.useItem.minecraft.cooked_chicken":870,"stat.useItem.minecraft.torch":2306,"stat.useItem.minecraft.bed":10,"stat.useItem.minecraft.stone_pickaxe":3,"stat.mineBlock.minecraft.clay":1,"stat.craftItem.minecraft.iron_bars":336,"stat.mineBlock.minecraft.gold_ore":42,"stat.craftItem.minecraft.cauldron":3,"stat.craftItem.minecraft.redstone_block":14,"achievement.buildWorkBench":117,"stat.useItem.minecraft.stone":2523,"stat.treasureFished":3,"stat.craftItem.minecraft.diamond_sword":1,"stat.craftItem.minecraft.stone_button":9,"stat.craftItem.minecraft.iron_leggings":5,"stat.useItem.minecraft.ladder":187,"stat.breakItem.minecraft.iron_boots":1,"achievement.killCow":2,"stat.useItem.minecraft.redstone":137,"stat.mineBlock.minecraft.stone_stairs":21,"stat.useItem.minecraft.brick_stairs":5,"stat.mineBlock.minecraft.diamond_ore":33,"stat.craftItem.minecraft.hay_block":14,"stat.mineBlock.minecraft.torch":925,"stat.useItem.minecraft.red_flower":2,"stat.craftItem.minecraft.cooked_beef":2,"stat.useItem.minecraft.diamond_sword":96,"stat.craftItem.minecraft.wooden_pressure_plate":3,"stat.mineBlock.minecraft.brown_mushroom":23,"stat.useItem.minecraft.oak_stairs":16,"stat.craftItem.minecraft.ladder":57,"stat.mineBlock.minecraft.carpet":7,"stat.useItem.minecraft.clay":1,"stat.useItem.minecraft.golden_rail":63,"stat.mineBlock.minecraft.wool":29,"stat.useItem.minecraft.flower_pot":10,"stat.craftItem.minecraft.lever":55,"stat.useItem.minecraft.rail":207,"stat.useItem.minecraft.redstone_lamp":15,"stat.useItem.minecraft.stone_sword":140,"stat.climbOneCm":529283,"stat.useItem.minecraft.sapling":246,"stat.drop":591,"stat.mineBlock.minecraft.anvil":5,"stat.fallOneCm":2031655,"stat.craftItem.minecraft.diamond":9,"stat.useItem.minecraft.coal_ore":133,"achievement.buildFurnace":34,"stat.craftItem.minecraft.coal":87,"stat.useItem.minecraft.dispenser":8,"stat.useItem.minecraft.water_bucket":263,"stat.craftItem.minecraft.stone_axe":1,"stat.useItem.minecraft.wheat_seeds":455,"stat.mineBlock.minecraft.hopper":15,"stat.useItem.minecraft.yellow_flower":8,"stat.mineBlock.minecraft.rail":96,"stat.useItem.minecraft.stonebrick":1997,"stat.mineBlock.minecraft.gold_block":69,"stat.useItem.minecraft.melon_seeds":17,"stat.useItem.minecraft.furnace":15,"stat.useItem.minecraft.double_plant":14,"stat.useItem.minecraft.hardened_clay":26,"stat.useItem.minecraft.jungle_door":8,"stat.craftItem.minecraft.lead":4,"stat.useItem.minecraft.potion":14,"stat.mineBlock.minecraft.pumpkin":49,"achievement.portal":34,"stat.mineBlock.minecraft.vine":17,"stat.craftItem.minecraft.wooden_button":43,"stat.flyOneCm":15203681,"stat.useItem.minecraft.writable_book":23,"stat.mineBlock.minecraft.chest":47,"achievement.buildPickaxe":10,"stat.mineBlock.minecraft.iron_ore":229,"stat.useItem.minecraft.prismarine":98,"stat.damageTaken":127890,"stat.mineBlock.minecraft.prismarine":4,"stat.useItem.minecraft.wooden_pressure_plate":2,"stat.useItem.minecraft.cake":1,"stat.mineBlock.minecraft.nether_brick_fence":8,"stat.killEntity.Chicken":17,"stat.craftItem.minecraft.stone_pickaxe":1,"stat.mineBlock.minecraft.cobblestone":1262,"stat.craftItem.minecraft.redstone_lamp":9,"stat.useItem.minecraft.stained_hardened_clay":148,"stat.craftItem.minecraft.netherbrick":85,"stat.mineBlock.minecraft.iron_bars":80,"stat.useItem.minecraft.dye":181,"stat.craftItem.minecraft.stained_glass_pane":48,"stat.mineBlock.minecraft.spruce_fence":10,"stat.craftItem.minecraft.brick_block":71,"stat.craftItem.minecraft.melon_seeds":19,"stat.useItem.minecraft.ender_chest":8,"stat.useItem.minecraft.lapis_ore":15,"stat.useItem.minecraft.log2":520,"stat.useItem.minecraft.flint_and_steel":17,"stat.useItem.minecraft.repeater":8,"stat.craftItem.minecraft.golden_apple":3,"stat.craftItem.minecraft.iron_hoe":3,"stat.mineBlock.minecraft.wooden_slab":130,"stat.useItem.minecraft.spruce_stairs":362,"stat.craftItem.minecraft.iron_axe":1,"stat.craftItem.minecraft.piston":16,"stat.useItem.minecraft.diamond_ore":13,"stat.mineBlock.minecraft.birch_stairs":1,"stat.breakItem.minecraft.iron_sword":2,"stat.useItem.minecraft.stone_slab":2534,"stat.mineBlock.minecraft.fence":52,"stat.craftItem.minecraft.oak_stairs":16,"stat.useItem.minecraft.cooked_porkchop":65,"stat.mineBlock.minecraft.melon_block":8,"stat.killEntity.Creeper":90,"stat.craftItem.minecraft.iron_block":37,"stat.mineBlock.minecraft.planks":55,"stat.craftItem.minecraft.stone_slab":2646,"stat.useItem.minecraft.hopper":33,"stat.leaveGame":356,"stat.craftItem.minecraft.iron_ingot":1080,"stat.craftItem.minecraft.stone_stairs":72,"stat.killEntity.Endermite":1,"stat.mineBlock.minecraft.leaves":582,"stat.useItem.minecraft.painting":338,"stat.useItem.minecraft.tripwire_hook":4,"achievement.buildSword":12,"stat.craftItem.minecraft.hopper":21,"stat.craftItem.minecraft.pumpkin_seeds":108,"achievement.mineWood":4120,"stat.mineBlock.minecraft.red_flower":12,"stat.mineBlock.minecraft.stone_slab":387,"stat.useItem.minecraft.jungle_fence_gate":5,"stat.useItem.minecraft.iron_axe":307,"stat.craftItem.minecraft.dye":396,"stat.craftItem.minecraft.nether_brick_fence":66,"stat.breakItem.minecraft.golden_boots":1,"stat.craftItem.minecraft.diamond_pickaxe":1,"stat.useItem.minecraft.iron_ore":10,"stat.diveOneCm":551319,"stat.useItem.minecraft.lever":116,"stat.useItem.minecraft.rotten_flesh":1,"stat.useItem.minecraft.soul_sand":21,"stat.killEntity.Slime":23,"stat.craftItem.minecraft.dispenser":1,"stat.mineBlock.minecraft.brick_stairs":1,"stat.useItem.minecraft.waterlily":10,"stat.craftItem.minecraft.jungle_fence_gate":8,"stat.craftItem.minecraft.nether_brick":71,"stat.useItem.minecraft.gold_block":5,"stat.mineBlock.minecraft.crafting_table":112,"stat.mineBlock.minecraft.hardened_clay":4,"stat.mineBlock.minecraft.jungle_fence_gate":5,"stat.useItem.minecraft.glass_bottle":8,"achievement.diamonds":1,"stat.useItem.minecraft.egg":202,"stat.craftItem.minecraft.stonebrick":2972,"stat.useItem.minecraft.crafting_table":128,"stat.craftItem.minecraft.paper":3,"stat.breakItem.minecraft.shears":1,"stat.craftItem.minecraft.jungle_door":3,"stat.mineBlock.minecraft.obsidian":41,"stat.craftItem.minecraft.dark_oak_stairs":56,"stat.craftItem.minecraft.diamond_boots":1,"stat.killEntity.Enderman":8965,"stat.craftItem.minecraft.painting":15,"stat.mineBlock.minecraft.stone_brick_stairs":146,"stat.useItem.minecraft.glass":1067,"stat.mineBlock.minecraft.dark_oak_fence":17,"achievement.buildBetterPickaxe":10,"stat.useItem.minecraft.ender_pearl":365,"stat.mineBlock.minecraft.sapling":9,"stat.timeSinceDeath":1885205,"stat.useItem.minecraft.gravel":95,"stat.mineBlock.minecraft.leaves2":9,"stat.useItem.minecraft.wool":820,"stat.craftItem.minecraft.bucket":31,"achievement.buildHoe":8,"stat.useItem.minecraft.nether_brick_fence":64,"stat.craftItem.minecraft.lit_pumpkin":239,"stat.useItem.minecraft.glowstone":41,"stat.craftItem.minecraft.iron_shovel":3,"stat.mineBlock.minecraft.stone_button":13,"stat.useItem.minecraft.reeds":31,"achievement.overpowered":1,"stat.craftItem.minecraft.banner":87,"achievement.killEnemy":7697,"stat.craftItem.minecraft.rail":80,"stat.mineBlock.minecraft.snow_layer":1,"stat.killEntity.LavaSlime":10,"stat.craftItem.minecraft.fence":114,"stat.playOneMinute":9684207,"stat.useItem.minecraft.redstone_torch":24,"stat.craftItem.minecraft.gold_ingot":57,"stat.craftItem.minecraft.fermented_spider_eye":4,"stat.useItem.minecraft.pumpkin_seeds":20,"stat.killEntity.Pig":122,"stat.mineBlock.minecraft.dispenser":6,"stat.killEntity.Spider":52,"stat.mineBlock.minecraft.soul_sand":25,"stat.craftItem.minecraft.glass":344,"stat.craftItem.minecraft.stone_shovel":31,"stat.animalsBred":310,"stat.craftItem.minecraft.spruce_stairs":360,"stat.useItem.minecraft.lead":6,"stat.craftItem.minecraft.stick":1368,"stat.craftItem.minecraft.stained_hardened_clay":72,"stat.useItem.minecraft.pumpkin":279,"stat.craftItem.minecraft.wooden_slab":834,"stat.useItem.minecraft.sandstone":4,"stat.useItem.minecraft.dark_oak_fence":35,"stat.killEntity.Silverfish":46,"stat.mineBlock.minecraft.wooden_button":22,"stat.useItem.minecraft.redstone_ore":34,"stat.useItem.minecraft.written_book":12,"stat.useItem.minecraft.stone_axe":3,"stat.mineBlock.minecraft.quartz_ore":56,"stat.mineBlock.minecraft.stone":23262,"stat.mineBlock.minecraft.cobblestone_wall":17,"stat.minecartOneCm":1127559,"stat.mineBlock.minecraft.dirt":5659,"stat.useItem.minecraft.birch_stairs":1,"stat.mineBlock.minecraft.fence_gate":6,"stat.craftItem.minecraft.brick":170,"stat.useItem.minecraft.armor_stand":8,"stat.useItem.minecraft.pumpkin_pie":77,"stat.useItem.minecraft.piston":16,"stat.useItem.minecraft.tallgrass":57,"stat.craftItem.minecraft.redstone_torch":19,"stat.useItem.minecraft.emerald_ore":4,"stat.mineBlock.minecraft.dark_oak_stairs":21,"stat.craftItem.minecraft.iron_boots":6,"stat.craftItem.minecraft.anvil":2,"stat.craftItem.minecraft.leather_leggings":1,"stat.useItem.minecraft.dark_oak_door":8,"stat.useItem.minecraft.diamond_axe":2185,"stat.useItem.minecraft.lava_bucket":54,"stat.mineBlock.minecraft.redstone_lamp":8,"stat.craftItem.minecraft.dark_oak_fence":30,"stat.useItem.minecraft.carpet":19,"stat.mineBlock.minecraft.glass_pane":26,"stat.useItem.minecraft.wooden_button":46,"stat.mineBlock.minecraft.ladder":66,"stat.mineBlock.minecraft.iron_block":774,"stat.craftItem.minecraft.heavy_weighted_pressure_plate":13,"stat.useItem.minecraft.cobblestone_wall":256,"stat.craftItem.minecraft.sign":120,"stat.useItem.minecraft.vine":7,"stat.mineBlock.minecraft.gravel":860,"stat.mineBlock.minecraft.lever":35,"stat.useItem.minecraft.stone_stairs":81,"stat.breakItem.minecraft.iron_helmet":1,"stat.mineBlock.minecraft.redstone_ore":78,"stat.tradedWithVillager":1,"stat.useItem.minecraft.cauldron":2,"stat.mineBlock.minecraft.ender_chest":8,"stat.killEntity.Squid":40,"stat.useItem.minecraft.quartz_ore":4,"stat.craftItem.minecraft.sugar":4,"stat.useItem.minecraft.sea_lantern":11,"stat.killEntity.MushroomCow":1,"stat.mineBlock.minecraft.coal_ore":617,"stat.useItem.minecraft.iron_door":22,"stat.useItem.minecraft.bread":17,"stat.mineBlock.minecraft.log2":829,"stat.craftItem.minecraft.diamond_axe":1,"stat.mineBlock.minecraft.tallgrass":164,"stat.craftItem.minecraft.redstone":36,"stat.mineBlock.minecraft.ice":19,"stat.useItem.minecraft.iron_sword":1595,"stat.craftItem.minecraft.spruce_fence":132,"achievement.breedCow":4,"stat.craftItem.minecraft.crafting_table":33,"stat.mobKills":9897,"stat.useItem.minecraft.bucket":321,"stat.craftItem.minecraft.diamond_shovel":1,"stat.craftItem.minecraft.armor_stand":8,"stat.useItem.minecraft.string":2,"stat.killEntity.Zombie":337,"stat.useItem.minecraft.sign":238,"stat.craftItem.minecraft.glass_pane":240,"stat.useItem.minecraft.banner":40,"stat.useItem.minecraft.carrot":31,"stat.useItem.minecraft.trapdoor":19,"stat.craftItem.minecraft.dark_oak_door":3,"stat.swimOneCm":768363,"stat.fishCaught":29,"stat.useItem.minecraft.sandstone_stairs":2,"stat.killEntity.Skeleton":152,"stat.horseOneCm":5228201,"stat.walkOneCm":55379863,"stat.mineBlock.minecraft.lapis_ore":36,"stat.craftItem.minecraft.stone_brick_stairs":612,"stat.jump":82277,"stat.mineBlock.minecraft.stained_hardened_clay":21,"stat.killEntity.Witch":10,"stat.mineBlock.minecraft.piston":6,"stat.useItem.minecraft.apple":1,"stat.mineBlock.minecraft.brick_block":15,"stat.deaths":5,"stat.useItem.minecraft.wooden_slab":921,"stat.mineBlock.minecraft.glowstone":35,"stat.craftItem.minecraft.hardened_clay":128,"stat.mineBlock.minecraft.stained_glass_pane":28,"stat.craftItem.minecraft.planks":3956,"stat.craftItem.minecraft.trapdoor":12,"stat.craftItem.minecraft.shears":11,"stat.craftItem.minecraft.stained_glass":24,"stat.craftItem.minecraft.melon_block":4,"stat.sprintOneCm":13343142,"stat.useItem.minecraft.dirt":5242}