{"stat.damageDealt":970,"stat.crouchOneCm":1620,"achievement.exploreAllBiomes":{"value":0,"progress":["Desert","Extreme Hills+","Deep Ocean","Taiga","Ocean","Extreme Hills","TaigaHills","Plains","Jungle","Extreme Hills Edge","Hell","ForestHills","Forest","DesertHills","Beach","Savanna","Swampland","River"]},"stat.killEntity.Bat":1,"achievement.openInventory":414,"stat.killEntity.Sheep":35,"stat.useItem.minecraft.milk_bucket":1,"stat.fallOneCm":12798,"stat.flyOneCm":7688629,"stat.useItem.minecraft.stone":4,"stat.climbOneCm":15809,"stat.useItem.minecraft.potion":1320,"stat.drop":19,"stat.killEntity.Chicken":188,"stat.damageTaken":1503,"stat.timeSinceDeath":994757,"stat.playOneMinute":7351344,"stat.leaveGame":183,"stat.diveOneCm":59949,"stat.useItem.minecraft.stone_slab":4,"stat.entityKilledBy.Skeleton":1,"stat.deaths":5,"stat.jump":756,"stat.swimOneCm":32992,"stat.mobKills":3152,"stat.killEntity.Skeleton":19,"stat.horseOneCm":77063,"stat.walkOneCm":814618,"stat.killEntity.Zombie":2894,"stat.sprintOneCm":23359}