{"stat.crouchOneCm":11153,"stat.useItem.minecraft.diamond_pickaxe":4,"stat.useItem.minecraft.iron_bars":1,"achievement.acquireIron":10,"achievement.openInventory":2436,"stat.killEntity.Sheep":30,"stat.damageDealt":289264,"achievement.exploreAllBiomes":{"value":0,"progress":["Extreme Hills M","Extreme Hills+","Desert","Taiga","Extreme Hills","Plains","Extreme Hills+ M","ForestHills","Forest","DesertHills","Roofed Forest","Savanna","River"]},"stat.killEntity.Bat":3,"stat.killEntity.Cow":29,"stat.useItem.minecraft.cooked_mutton":1,"achievement.portal":22,"stat.fallOneCm":1096074,"stat.flyOneCm":6902560,"stat.mineBlock.minecraft.gold_block":1,"achievement.buildWorkBench":8,"stat.mineBlock.minecraft.iron_bars":3,"achievement.buildPickaxe":4,"achievement.buildFurnace":4,"stat.useItem.minecraft.cooked_chicken":21,"stat.damageTaken":1285110,"achievement.killCow":1,"stat.killEntity.EntityHorse":1,"stat.climbOneCm":198136,"stat.killEntity.Chicken":129,"stat.drop":530,"stat.killEntity.Enderman":16299,"stat.leaveGame":109,"stat.diveOneCm":205790,"stat.useItem.minecraft.bow":30,"achievement.mineWood":203,"achievement.buildBetterPickaxe":4,"stat.useItem.minecraft.ender_pearl":11,"stat.killEntity.Spider":28,"achievement.killEnemy":13508,"stat.killEntity.Slime":8,"stat.mineBlock.minecraft.fence":1,"achievement.diamonds":28,"stat.timeSinceDeath":52879,"stat.killEntity.LavaSlime":5,"stat.useItem.minecraft.egg":2,"stat.killEntity.Creeper":74,"stat.animalsBred":75,"stat.craftItem.minecraft.stick":8,"stat.playOneMinute":4294235,"stat.boatOneCm":1049,"achievement.buildSword":7,"stat.killEntity.Pig":6,"stat.deaths":15,"stat.swimOneCm":321666,"stat.useItem.minecraft.diamond_axe":1,"stat.mobKills":17012,"stat.killEntity.Skeleton":75,"stat.horseOneCm":3254941,"stat.walkOneCm":25650114,"stat.playerKills":2,"stat.craftItem.minecraft.planks":4,"stat.killEntity.Zombie":218,"stat.minecartOneCm":2467761,"stat.killEntity.Silverfish":29,"stat.jump":33351,"stat.killEntity.Witch":4,"stat.killEntity.Squid":12,"stat.sprintOneCm":223328,"achievement.breedCow":12}