{"stat.useItem.minecraft.anvil":3,"stat.useItem.minecraft.chest":20,"stat.mineBlock.minecraft.stonebrick":88,"stat.mineBlock.minecraft.furnace":3,"stat.craftItem.minecraft.bed":1,"stat.useItem.minecraft.stone_brick_stairs":7,"stat.killEntity.Sheep":10,"stat.mineBlock.minecraft.sand":2757,"stat.useItem.minecraft.cobblestone":364,"stat.useItem.minecraft.leaves":10,"stat.craftItem.minecraft.chest":19,"stat.useItem.minecraft.end_stone":1,"achievement.acquireIron":8,"achievement.openInventory":7224,"stat.useItem.minecraft.stained_glass":1,"stat.useItem.minecraft.minecart":10,"stat.damageDealt":670078,"stat.craftItem.minecraft.ender_chest":1,"stat.useItem.minecraft.iron_block":389,"stat.craftItem.minecraft.minecart":4,"stat.killEntity.Bat":3,"stat.killEntity.Cow":15,"stat.crouchOneCm":144737,"stat.useItem.minecraft.diamond_pickaxe":13640,"stat.useItem.minecraft.shears":3203,"stat.killEntity.Ghast":10,"stat.mineBlock.minecraft.stained_glass":1,"achievement.exploreAllBiomes":{"value":0,"progress":["Extreme Hills+","Desert","Taiga","Extreme Hills","Plains","TaigaHills","Jungle","The End","Extreme Hills Edge","Sky","Hell","ForestHills","Forest","JungleHills","DesertHills","Swampland","River"]},"stat.useItem.minecraft.log":150,"stat.craftItem.minecraft.flint_and_steel":3,"stat.useItem.minecraft.tnt":488,"stat.craftItem.minecraft.diamond_block":2,"stat.mineBlock.minecraft.yellow_flower":3,"stat.useItem.minecraft.diamond_shovel":7639,"stat.craftItem.minecraft.furnace":9,"stat.craftItem.minecraft.torch":216,"stat.mineBlock.minecraft.log":581,"stat.useItem.minecraft.obsidian":20,"achievement.cookFish":4,"stat.useItem.minecraft.planks":14,"stat.fallOneCm":1747316,"stat.craftItem.minecraft.ender_eye":2,"stat.useItem.minecraft.coal_ore":29,"achievement.buildFurnace":52,"stat.useItem.minecraft.boat":7,"stat.useItem.minecraft.torch":457,"stat.craftItem.minecraft.bread":327,"stat.useItem.minecraft.bed":3,"stat.craftItem.minecraft.cooked_mutton":4,"stat.useItem.minecraft.water_bucket":3,"stat.useItem.minecraft.wheat_seeds":316,"stat.mineBlock.minecraft.gold_ore":3,"stat.useItem.minecraft.stonebrick":589,"stat.mineBlock.minecraft.gold_block":2,"achievement.buildWorkBench":66,"stat.useItem.minecraft.stone":145,"stat.useItem.minecraft.furnace":11,"stat.craftItem.minecraft.gold_block":2,"stat.mineBlock.minecraft.tnt":21,"stat.useItem.minecraft.potion":2,"stat.craftItem.minecraft.book":38,"stat.mineBlock.minecraft.end_stone":1,"stat.useItem.minecraft.cooked_mutton":3,"achievement.portal":231,"stat.mineBlock.minecraft.diamond_ore":6,"stat.flyOneCm":16696485,"stat.useItem.minecraft.writable_book":6,"stat.mineBlock.minecraft.chest":1,"achievement.buildPickaxe":8,"stat.useItem.minecraft.red_flower":1,"stat.mineBlock.minecraft.torch":162,"stat.mineBlock.minecraft.iron_ore":150,"stat.craftItem.minecraft.glowstone":138,"stat.damageTaken":529881,"stat.craftItem.minecraft.birch_stairs":8,"stat.useItem.minecraft.diamond_sword":355,"stat.killEntity.Chicken":150,"stat.mineBlock.minecraft.cobblestone":343,"stat.craftItem.minecraft.redstone_lamp":64,"stat.useItem.minecraft.dye":203,"stat.mineBlock.minecraft.wool":2,"stat.useItem.minecraft.ender_chest":4,"stat.useItem.minecraft.redstone_lamp":8,"stat.useItem.minecraft.flint_and_steel":7,"stat.climbOneCm":406866,"stat.useItem.minecraft.sapling":57,"stat.drop":1040,"stat.mineBlock.minecraft.anvil":2,"stat.useItem.minecraft.diamond_block":2,"stat.useItem.minecraft.bow":147,"stat.craftItem.minecraft.boat":8,"stat.mineBlock.minecraft.wooden_slab":317,"achievement.makeBread":3228,"stat.useItem.minecraft.gold_block":4,"stat.mineBlock.minecraft.crafting_table":3,"stat.mineBlock.minecraft.birch_stairs":13,"stat.useItem.minecraft.stone_slab":56,"achievement.diamonds":52,"stat.useItem.minecraft.egg":2,"stat.killEntity.Creeper":89,"stat.craftItem.minecraft.stonebrick":1976,"stat.mineBlock.minecraft.planks":14,"stat.useItem.minecraft.crafting_table":4,"stat.breakItem.minecraft.shears":13,"stat.craftItem.minecraft.stone_slab":378,"stat.mineBlock.minecraft.obsidian":6,"stat.killEntity.Enderman":42275,"stat.leaveGame":434,"stat.mineBlock.minecraft.stone_brick_stairs":7,"stat.craftItem.minecraft.iron_ingot":117,"achievement.buildBetterPickaxe":8,"stat.useItem.minecraft.ender_pearl":324,"stat.timeSinceDeath":1058552,"stat.mineBlock.minecraft.leaves":3371,"stat.useItem.minecraft.gravel":3,"stat.mineBlock.minecraft.leaves2":23,"stat.killEntity.PigZombie":30,"stat.boatOneCm":519799,"stat.useItem.minecraft.wool":3,"achievement.buildHoe":21,"stat.useItem.minecraft.glowstone":51,"stat.craftItem.minecraft.birch_fence":3,"achievement.mineWood":3554,"stat.mineBlock.minecraft.red_flower":1,"stat.mineBlock.minecraft.stone_slab":54,"stat.craftItem.minecraft.dye":510,"stat.killEntity.LavaSlime":56,"achievement.bakeCake":66,"stat.craftItem.minecraft.diamond_pickaxe":1,"stat.playOneMinute":10801943,"stat.useItem.minecraft.redstone_torch":4,"stat.craftItem.minecraft.gold_ingot":37,"stat.killEntity.Pig":14,"stat.useItem.minecraft.birch_fence":1,"stat.useItem.minecraft.iron_ore":2,"stat.diveOneCm":519100,"stat.killEntity.Spider":43,"stat.killEntity.Slime":334,"stat.animalsBred":53,"stat.useItem.minecraft.waterlily":2,"stat.craftItem.minecraft.stick":260,"stat.mineBlock.minecraft.beacon":3,"stat.craftItem.minecraft.wooden_slab":1474,"stat.craftItem.minecraft.baked_potato":24,"stat.playerKills":2,"stat.mineBlock.minecraft.coal_ore":216,"stat.useItem.minecraft.bread":110,"stat.mineBlock.minecraft.log2":63,"stat.mineBlock.minecraft.tallgrass":104,"stat.mineBlock.minecraft.ice":1,"stat.useItem.minecraft.written_book":4,"stat.craftItem.minecraft.crafting_table":3,"stat.mobKills":43866,"stat.mineBlock.minecraft.stone":12541,"stat.useItem.minecraft.bucket":3,"stat.craftItem.minecraft.diamond_shovel":5,"stat.mineBlock.minecraft.cobblestone_wall":3,"stat.killEntity.Zombie":230,"stat.mineBlock.minecraft.dirt":4119,"stat.minecartOneCm":2709449,"stat.useItem.minecraft.sign":54,"stat.useItem.minecraft.birch_stairs":13,"stat.killEntity.Blaze":10,"stat.craftItem.minecraft.redstone_torch":61,"stat.useItem.minecraft.carrot":15,"stat.killEntity.Guardian":18,"stat.craftItem.minecraft.anvil":1,"stat.swimOneCm":928592,"stat.fishCaught":11,"stat.useItem.minecraft.diamond_axe":1055,"stat.killEntity.Skeleton":494,"stat.horseOneCm":1571327,"stat.walkOneCm":64838588,"stat.jump":76736,"stat.craftItem.minecraft.stone":1033,"stat.useItem.minecraft.beacon":3,"stat.killEntity.Witch":9,"stat.useItem.minecraft.apple":29,"stat.mineBlock.minecraft.iron_block":162,"stat.useItem.minecraft.cobblestone_wall":3,"stat.craftItem.minecraft.sign":51,"stat.deaths":9,"stat.mineBlock.minecraft.glowstone":2,"stat.useItem.minecraft.wooden_slab":1709,"stat.mineBlock.minecraft.gravel":720,"stat.craftItem.minecraft.blaze_powder":2,"stat.useItem.minecraft.baked_potato":83,"stat.craftItem.minecraft.planks":1424,"stat.craftItem.minecraft.trapdoor":2,"stat.mineBlock.minecraft.redstone_ore":34,"stat.craftItem.minecraft.shears":17,"stat.mineBlock.minecraft.ender_chest":3,"stat.killEntity.Squid":4,"stat.craftItem.minecraft.tnt":685,"stat.useItem.minecraft.record_stal":1,"stat.sprintOneCm":1790792,"stat.useItem.minecraft.dirt":551,"stat.killEntity.MushroomCow":12}