{"stat.crouchOneCm":121,"stat.killEntity.Ghast":47,"achievement.openInventory":14571,"stat.killEntity.Sheep":10,"stat.damageDealt":2796917,"achievement.exploreAllBiomes":{"value":0,"progress":["Extreme Hills M","Extreme Hills+","Desert","Taiga","Ocean","Extreme Hills","TaigaHills","Plains","Sky","Hell","Extreme Hills+ M","ForestHills","Forest","DesertHills","Beach","Roofed Forest","Savanna","River"]},"stat.killEntity.Bat":197,"stat.killEntity.Cow":30,"stat.fallOneCm":4497448,"stat.flyOneCm":35970775,"achievement.buildWorkBench":58,"stat.junkFished":5,"achievement.buildPickaxe":115,"stat.treasureFished":26,"achievement.buildFurnace":16,"stat.damageTaken":716859,"achievement.killCow":183,"stat.killEntity.EntityHorse":7,"stat.climbOneCm":4084369,"stat.killEntity.Chicken":28,"stat.drop":3461,"stat.killEntity.Enderman":59171,"achievement.buildHoe":15,"stat.leaveGame":403,"stat.diveOneCm":1905752,"achievement.mineWood":6787,"stat.killEntity.Villager":131,"achievement.buildBetterPickaxe":115,"stat.killEntity.Spider":364,"achievement.killEnemy":68870,"stat.killEntity.Slime":2071,"stat.timeSinceDeath":33562,"stat.killEntity.LavaSlime":158,"stat.killEntity.Creeper":543,"stat.animalsBred":500,"stat.killEntity.PigZombie":62,"stat.playOneMinute":25517614,"stat.boatOneCm":142654,"achievement.buildSword":19,"stat.deaths":4,"stat.fishCaught":296,"stat.swimOneCm":2427265,"stat.mobKills":70290,"stat.killEntity.Skeleton":1684,"stat.horseOneCm":5127008,"stat.walkOneCm":192821343,"stat.playerKills":2,"stat.killEntity.Zombie":1502,"stat.minecartOneCm":7630921,"stat.killEntity.Silverfish":16,"stat.jump":146389,"stat.killEntity.Blaze":3115,"stat.killEntity.Witch":50,"stat.killEntity.Squid":393,"stat.killEntity.CaveSpider":97,"achievement.breedCow":488,"stat.killEntity.MushroomCow":483}