{"stat.useItem.minecraft.glass_pane":1,"stat.mineBlock.minecraft.stonebrick":30,"stat.useItem.minecraft.chest":43,"stat.useItem.minecraft.nether_wart":18,"stat.useItem.minecraft.fence_gate":1,"stat.craftItem.minecraft.cobblestone_wall":252,"stat.mineBlock.minecraft.netherrack":2314,"stat.craftItem.minecraft.bed":1,"stat.useItem.minecraft.stone_brick_stairs":15,"stat.killEntity.Sheep":359,"stat.useItem.minecraft.cobblestone":808,"stat.craftItem.minecraft.stone_pressure_plate":4,"stat.useItem.minecraft.netherrack":128,"stat.mineBlock.minecraft.glass":9,"stat.craftItem.minecraft.chest":166,"stat.mineBlock.minecraft.redstone_torch":3,"stat.craftItem.minecraft.item_frame":8,"stat.useItem.minecraft.wooden_door":1,"achievement.acquireIron":21,"stat.useItem.minecraft.minecart":8,"achievement.openInventory":7667,"stat.damageDealt":877736,"stat.useItem.minecraft.fence":31,"stat.craftItem.minecraft.minecart":1,"stat.killEntity.Bat":19,"stat.killEntity.Cow":41,"achievement.theEnd2":41,"stat.crouchOneCm":46145,"stat.useItem.minecraft.diamond_pickaxe":5571,"stat.killEntity.Ghast":10,"stat.craftItem.minecraft.fence_gate":1,"achievement.exploreAllBiomes":{"value":0,"progress":["Sunflower Plains","Extreme Hills M","Desert","Extreme Hills+","Deep Ocean","Taiga","Ocean","Extreme Hills","TaigaHills","Plains","Extreme Hills Edge","Sky","Hell","Extreme Hills+ M","ForestHills","Forest","Taiga M","DesertHills","Beach","Roofed Forest","Savanna","Stone Beach","River","Swampland"]},"stat.useItem.minecraft.log":19,"stat.craftItem.minecraft.flint_and_steel":2,"stat.useItem.minecraft.diamond_shovel":981,"stat.craftItem.minecraft.torch":240,"stat.mineBlock.minecraft.log":116,"stat.useItem.minecraft.obsidian":14,"stat.craftItem.minecraft.repeater":57,"achievement.portal":234,"stat.fallOneCm":986875,"stat.mineBlock.minecraft.diamond_ore":14,"stat.flyOneCm":13755314,"stat.mineBlock.minecraft.chest":7,"stat.junkFished":1,"stat.craftItem.minecraft.trapped_chest":32,"achievement.buildPickaxe":8,"stat.mineBlock.minecraft.torch":40,"stat.mineBlock.minecraft.iron_ore":68,"stat.mineBlock.minecraft.trapped_chest":2,"achievement.buildFurnace":21,"stat.damageTaken":1468036,"stat.useItem.minecraft.torch":465,"stat.useItem.minecraft.boat":3,"stat.entityKilledBy.Witch":1,"stat.useItem.minecraft.bed":2,"stat.useItem.minecraft.diamond_sword":116,"stat.mineBlock.minecraft.clay":57,"stat.craftItem.minecraft.tripwire_hook":44,"stat.mineBlock.minecraft.hopper":32,"stat.killEntity.Chicken":48,"stat.mineBlock.minecraft.cobblestone":145,"stat.mineBlock.minecraft.gold_ore":15,"stat.mineBlock.minecraft.carpet":7,"stat.useItem.minecraft.stonebrick":112,"achievement.buildWorkBench":20,"stat.useItem.minecraft.stone":218,"stat.treasureFished":4,"stat.mineBlock.minecraft.wool":36,"stat.useItem.minecraft.trapped_chest":32,"stat.craftItem.minecraft.comparator":48,"stat.useItem.minecraft.log2":1,"achievement.killCow":49,"stat.killEntity.EntityHorse":1,"stat.useItem.minecraft.flint_and_steel":1,"stat.climbOneCm":4404571,"stat.useItem.minecraft.redstone":64,"stat.mineBlock.minecraft.stone_stairs":18,"stat.useItem.minecraft.sapling":22,"stat.drop":1088,"achievement.theEnd":13,"stat.mineBlock.minecraft.stone_pressure_plate":1,"stat.useItem.minecraft.repeater":26,"stat.useItem.minecraft.stone_pressure_plate":1,"stat.useItem.minecraft.bow":30,"stat.craftItem.minecraft.boat":2,"stat.useItem.minecraft.cooked_beef":20,"achievement.makeBread":42,"stat.mineBlock.minecraft.crafting_table":3,"stat.useItem.minecraft.stone_slab":54,"stat.mineBlock.minecraft.fence":2,"achievement.diamonds":239,"stat.useItem.minecraft.egg":5,"stat.killEntity.Creeper":94,"stat.craftItem.minecraft.stonebrick":336,"stat.craftItem.minecraft.iron_block":63,"stat.useItem.minecraft.crafting_table":4,"stat.craftItem.minecraft.stone_slab":12,"stat.killEntity.Rabbit":3,"stat.useItem.minecraft.hopper":113,"stat.killEntity.Enderman":44070,"stat.leaveGame":311,"stat.mineBlock.minecraft.stone_brick_stairs":7,"stat.craftItem.minecraft.iron_ingot":873,"stat.useItem.minecraft.glass":7,"achievement.buildBetterPickaxe":8,"stat.useItem.minecraft.ender_pearl":40,"stat.craftItem.minecraft.stone_stairs":40,"stat.killEntity.Endermite":1,"stat.timeSinceDeath":873382,"stat.mineBlock.minecraft.leaves":55,"stat.mineBlock.minecraft.leaves2":244,"stat.useItem.minecraft.gravel":15,"stat.killEntity.PigZombie":33,"stat.boatOneCm":358464,"stat.craftItem.minecraft.hopper":99,"achievement.buildSword":28,"achievement.buildHoe":3,"stat.craftItem.minecraft.wooden_door":3,"stat.useItem.minecraft.comparator":33,"stat.useItem.minecraft.glowstone":14,"achievement.mineWood":8021,"stat.mineBlock.minecraft.stone_slab":4,"achievement.killEnemy":44981,"stat.mineBlock.minecraft.snow_layer":2,"stat.killEntity.LavaSlime":51,"stat.craftItem.minecraft.fence":106,"stat.playOneMinute":17928661,"stat.useItem.minecraft.redstone_torch":30,"stat.craftItem.minecraft.gold_ingot":348,"stat.killEntity.Pig":24,"stat.diveOneCm":326720,"stat.useItem.minecraft.cooked_rabbit":2,"stat.useItem.minecraft.lever":1,"stat.killEntity.Spider":103,"stat.killEntity.Slime":11,"stat.animalsBred":286,"stat.craftItem.minecraft.stick":792,"stat.swimOneCm":855000,"stat.fishCaught":29,"stat.useItem.minecraft.diamond_axe":741,"stat.killEntity.Skeleton":844,"stat.horseOneCm":4252078,"stat.walkOneCm":88199226,"stat.playerKills":1,"stat.killEntity.Silverfish":44,"stat.mineBlock.minecraft.coal_ore":139,"achievement.blazeRod":6,"stat.useItem.minecraft.redstone_ore":53,"stat.craftItem.minecraft.stone_brick_stairs":40,"stat.useItem.minecraft.carpet":17,"stat.mineBlock.minecraft.log2":582,"stat.mineBlock.minecraft.glass_pane":3,"stat.jump":74100,"stat.craftItem.minecraft.stone":302,"stat.killEntity.Witch":8,"stat.entityKilledBy.Zombie":1,"stat.mineBlock.minecraft.tallgrass":116,"stat.useItem.minecraft.cobblestone_wall":100,"stat.craftItem.minecraft.sign":45,"achievement.breedCow":151,"stat.deaths":6,"stat.mineBlock.minecraft.glowstone":1,"stat.mineBlock.minecraft.gravel":535,"stat.craftItem.minecraft.crafting_table":1,"stat.mobKills":47142,"stat.useItem.minecraft.baked_potato":29,"stat.mineBlock.minecraft.quartz_ore":54,"stat.mineBlock.minecraft.stone":2591,"stat.mineBlock.minecraft.cobblestone_wall":7,"stat.useItem.minecraft.stone_stairs":25,"stat.craftItem.minecraft.planks":1864,"stat.killEntity.Zombie":325,"stat.mineBlock.minecraft.redstone_ore":80,"stat.useItem.minecraft.sign":29,"stat.mineBlock.minecraft.dirt":406,"stat.minecartOneCm":15417597,"stat.craftItem.minecraft.shears":81,"stat.killEntity.Blaze":905,"stat.killEntity.Squid":14,"stat.craftItem.minecraft.redstone_torch":320,"stat.useItem.minecraft.carrot":1,"stat.sprintOneCm":669819,"stat.useItem.minecraft.dirt":495,"stat.killEntity.CaveSpider":24}