{"stat.useItem.139":137,"stat.useItem.66":2039,"stat.craftItem.364":93,"stat.useItem.174":2,"stat.craftItem.279":2,"stat.mineBlock.67":2,"stat.useItem.279":6320,"stat.useItem.65":108,"stat.mineBlock.123":6,"stat.useItem.172":372,"stat.craftItem.155":1309,"stat.craftItem.258":1,"stat.mineBlock.111":7,"stat.useItem.420":6,"stat.useItem.72":146,"stat.mineBlock.24":128,"stat.craftItem.72":219,"stat.craftItem.307":3,"stat.craftItem.163":64,"stat.craftItem.381":4,"stat.damageDealt":484054,"stat.breakItem.279":1,"stat.useItem.50":1393,"stat.killEntity.Bat":2,"stat.mineBlock.88":12,"stat.mineBlock.107":6,"stat.craftItem.45":1648,"stat.useItem.130":6,"stat.mineBlock.69":13,"stat.useItem.173":43,"stat.mineBlock.53":38,"achievement.exploreAllBiomes":{"value":0,"progress":["Extreme Hills+","Mesa Plateau F","Taiga","Extreme Hills","Ocean","Mesa Plateau","Plains","Extreme Hills Edge","Hell","Forest","Mesa (Bryce)","DesertHills","Beach","Mesa","River"]},"stat.useItem.292":30,"stat.useItem.324":33,"stat.mineBlock.152":31,"stat.useItem.24":54,"stat.mineBlock.54":48,"stat.mineBlock.49":65,"stat.mineBlock.109":92,"stat.mineBlock.80":100,"stat.mineBlock.76":2,"stat.mineBlock.73":421,"stat.craftItem.156":532,"stat.mineBlock.97":49,"stat.useItem.151":2,"stat.breakItem.310":1,"stat.mineBlock.32":30,"stat.mineBlock.130":3,"stat.craftItem.27":108,"achievement.cookFish":18,"stat.useItem.49":20,"stat.craftItem.170":7,"stat.useItem.146":35,"stat.killEntity.Sheep":52,"stat.mineBlock.27":6,"stat.craftItem.257":12,"stat.useItem.3":5017,"stat.mineBlock.37":123,"stat.craftItem.109":972,"stat.useItem.2257":1,"stat.useItem.126":4056,"stat.craftItem.293":1,"stat.craftItem.313":2,"stat.craftItem.42":128,"stat.useItem.143":34,"stat.useItem.89":179,"achievement.openInventory":7999,"stat.craftItem.66":2480,"stat.useItem.96":136,"stat.craftItem.143":37,"stat.mineBlock.31":506,"stat.mineBlock.35":567,"stat.killEntity.Cow":77,"stat.useItem.323":196,"stat.mineBlock.153":1448,"stat.craftItem.50":1192,"stat.mineBlock.173":20,"stat.mineBlock.158":1,"stat.killEntity.Ghast":6,"stat.craftItem.312":1,"stat.useItem.338":64,"stat.craftItem.310":2,"stat.craftItem.96":168,"stat.useItem.351":5352,"stat.mineBlock.139":19,"stat.useItem.53":293,"stat.craftItem.266":92,"stat.craftItem.333":25,"stat.craftItem.139":276,"stat.mineBlock.1":45552,"stat.useItem.30":35,"stat.craftItem.278":6,"stat.craftItem.355":7,"stat.useItem.259":128,"stat.useItem.5":1512,"stat.mineBlock.131":4,"stat.craftItem.77":27,"stat.mineBlock.101":10,"stat.craftItem.134":648,"stat.useItem.88":27,"stat.mineBlock.171":147,"stat.mineBlock.154":63,"stat.mineBlock.162":1873,"stat.mineBlock.38":403,"stat.useItem.31":113,"stat.useItem.293":9,"stat.craftItem.308":3,"stat.craftItem.65":129,"stat.craftItem.102":64,"achievement.buildWorkBench":49,"stat.treasureFished":7,"stat.useItem.95":76,"stat.useItem.38":81,"stat.breakItem.258":1,"stat.useItem.86":55,"stat.useItem.380":20,"stat.craftItem.256":2,"stat.mineBlock.89":105,"stat.mineBlock.172":1621,"achievement.killCow":79,"stat.craftItem.336":2179,"stat.mineBlock.113":4,"stat.craftItem.292":1,"stat.useItem.4":1957,"stat.craftItem.323":124,"stat.craftItem.108":84,"stat.breakItem.306":1,"stat.mineBlock.21":72,"stat.craftItem.101":192,"stat.mineBlock.78":4901,"stat.useItem.33":17,"stat.mineBlock.86":2,"stat.mineBlock.126":617,"stat.craftItem.151":1,"stat.mineBlock.42":102,"stat.useItem.321":321,"stat.craftItem.91":64,"stat.breakItem.277":3,"stat.useItem.69":136,"stat.climbOneCm":322146,"stat.craftItem.291":1,"stat.mineBlock.160":32,"stat.drop":2040,"stat.useItem.18":4133,"stat.useItem.291":90,"stat.mineBlock.33":3,"stat.fallOneCm":2015268,"stat.useItem.160":145,"stat.useItem.2256":1,"achievement.buildFurnace":33,"stat.craftItem.164":612,"stat.useItem.47":17,"stat.mineBlock.134":158,"stat.useItem.354":5,"stat.useItem.156":673,"stat.craftItem.33":22,"stat.useItem.16":6,"stat.mineBlock.22":4,"stat.mineBlock.155":45,"stat.craftItem.82":900,"stat.craftItem.259":5,"stat.craftItem.58":43,"stat.useItem.152":36,"stat.useItem.45":1690,"stat.useItem.87":1387,"stat.craftItem.98":3152,"stat.mineBlock.95":10,"stat.craftItem.263":9,"stat.craftItem.324":21,"stat.mineBlock.14":118,"stat.useItem.175":173,"stat.flyOneCm":9464820,"achievement.buildPickaxe":27,"stat.craftItem.84":1,"stat.mineBlock.61":22,"stat.damageTaken":290863,"stat.mineBlock.100":20,"stat.craftItem.311":1,"stat.useItem.355":14,"stat.breakItem.359":16,"stat.mineBlock.161":231,"stat.entityKilledBy.Spider":3,"stat.mineBlock.39":2,"stat.killEntity.Chicken":33,"stat.mineBlock.82":2684,"stat.craftItem.158":1,"stat.craftItem.5":11863,"stat.craftItem.277":5,"stat.entityKilledBy.Creeper":2,"stat.useItem.73":5,"stat.killEntity.EntityHorse":3,"stat.useItem.153":213,"stat.mineBlock.143":2,"stat.useItem.356":2,"stat.useItem.154":116,"stat.useItem.106":45,"stat.mineBlock.66":74,"stat.mineBlock.65":5,"stat.mineBlock.12":3360,"stat.craftItem.321":44,"stat.killEntity.Creeper":125,"stat.mineBlock.15":320,"stat.craftItem.78":48,"stat.craftItem.53":368,"stat.useItem.155":231,"stat.leaveGame":236,"stat.useItem.158":1,"stat.useItem.131":24,"stat.useItem.258":412,"stat.useItem.295":524,"stat.useItem.81":12,"stat.mineBlock.56":106,"achievement.buildSword":2,"achievement.mineWood":3675,"stat.useItem.267":117,"stat.useItem.159":1880,"stat.mineBlock.48":65,"stat.useItem.17":673,"stat.mineBlock.20":177,"stat.mineBlock.87":12012,"stat.craftItem.85":452,"stat.mineBlock.79":21,"stat.mineBlock.127":99,"stat.mineBlock.13":902,"stat.useItem.163":61,"stat.craftItem.306":4,"stat.useItem.123":16,"stat.useItem.76":13,"stat.useItem.70":192,"stat.diveOneCm":706355,"stat.craftItem.159":1216,"stat.killEntity.Slime":21,"stat.useItem.277":21219,"stat.craftItem.22":63,"stat.mineBlock.112":13,"stat.mineBlock.99":3,"stat.breakItem.259":1,"stat.useItem.32":3,"stat.mineBlock.164":100,"stat.craftItem.69":145,"stat.killEntity.Wolf":1,"stat.craftItem.393":444,"stat.craftItem.160":256,"stat.useItem.328":76,"stat.useItem.84":1,"stat.mineBlock.70":3,"stat.mineBlock.58":44,"stat.mineBlock.148":3,"stat.craftItem.70":214,"stat.useItem.278":67731,"stat.mineBlock.128":3,"stat.craftItem.267":1,"stat.killEntity.Enderman":7193,"stat.useItem.6":381,"stat.mineBlock.163":23,"achievement.buildBetterPickaxe":27,"stat.useItem.61":35,"stat.useItem.85":424,"stat.useItem.80":1207,"stat.useItem.372":1,"stat.mineBlock.57":1,"stat.killEntity.PigZombie":9,"stat.useItem.57":1,"stat.craftItem.126":3973,"stat.boatOneCm":942279,"stat.mineBlock.108":14,"stat.useItem.107":19,"stat.mineBlock.6":55,"stat.mineBlock.18":5570,"stat.entityKilledBy.PigZombie":1,"achievement.buildHoe":3,"stat.useItem.164":644,"stat.mineBlock.17":2249,"achievement.killEnemy":7500,"stat.useItem.15":4,"stat.killEntity.LavaSlime":34,"stat.craftItem.20":241,"stat.playOneMinute":9619642,"stat.useItem.21":5,"stat.killEntity.Pig":9,"stat.useItem.37":1,"stat.useItem.108":41,"stat.craftItem.390":65,"stat.useItem.330":14,"stat.useItem.287":22,"stat.mineBlock.156":138,"stat.useItem.54":146,"stat.craftItem.351":6142,"stat.breakItem.312":1,"stat.killEntity.Spider":111,"stat.useItem.109":848,"stat.useItem.134":682,"stat.mineBlock.77":7,"stat.craftItem.1":372,"stat.animalsBred":274,"stat.mineBlock.47":18,"stat.entityKilledBy.Skeleton":4,"stat.mineBlock.151":1,"stat.craftItem.35":336,"stat.craftItem.154":64,"stat.playerKills":5,"stat.craftItem.95":256,"stat.useItem.77":27,"stat.killEntity.Silverfish":91,"stat.craftItem.325":18,"stat.entityKilledBy.Zombie":3,"stat.craftItem.265":562,"stat.craftItem.346":14,"stat.craftItem.359":35,"stat.breakItem.257":3,"stat.useItem.256":518,"stat.useItem.161":3,"stat.craftItem.130":3,"stat.mineBlock.159":2340,"stat.mineBlock.106":84,"stat.minecartOneCm":8077613,"stat.craftItem.148":110,"stat.useItem.359":4706,"stat.mineBlock.146":10,"stat.killEntity.Blaze":1,"stat.mineBlock.4":607,"stat.craftItem.173":15,"stat.craftItem.76":30,"stat.mineBlock.145":12,"stat.craftItem.172":697,"stat.craftItem.131":166,"stat.useItem.58":73,"stat.useItem.13":417,"stat.mineBlock.3":10857,"stat.useItem.171":803,"stat.useItem.170":10,"stat.useItem.67":7,"stat.useItem.82":1047,"stat.useItem.1":1151,"stat.craftItem.67":12,"stat.killEntity.Squid":4,"stat.useItem.102":158,"stat.craftItem.107":21,"stat.mineBlock.175":251,"stat.killEntity.CaveSpider":6,"stat.useItem.22":36,"stat.craftItem.261":4,"stat.craftItem.280":4824,"stat.useItem.397":14,"stat.craftItem.380":22,"stat.useItem.35":1635,"stat.craftItem.152":31,"stat.mineBlock.174":4,"stat.craftItem.420":6,"stat.mineBlock.72":11,"stat.mineBlock.45":320,"stat.mineBlock.16":514,"achievement.breedCow":111,"stat.craftItem.44":3104,"stat.craftItem.377":4,"stat.useItem.268":51,"stat.mobKills":8684,"stat.useItem.42":337,"stat.useItem.98":1361,"stat.craftItem.328":6,"stat.craftItem.145":26,"stat.craftItem.350":36,"stat.killEntity.Zombie":505,"stat.craftItem.330":11,"stat.useItem.257":955,"stat.useItem.276":2868,"stat.breakItem.268":1,"stat.useItem.148":18,"stat.mineBlock.5":543,"stat.mineBlock.44":525,"stat.breakItem.256":3,"stat.useItem.101":183,"stat.swimOneCm":725454,"stat.craftItem.80":1260,"stat.fishCaught":62,"stat.craftItem.268":1,"stat.useItem.162":981,"stat.killEntity.Skeleton":349,"stat.useItem.390":77,"stat.horseOneCm":2221849,"stat.walkOneCm":66039252,"stat.breakItem.311":1,"stat.useItem.145":35,"stat.useItem.44":2597,"stat.jump":61173,"stat.mineBlock.30":32,"stat.killEntity.Witch":7,"stat.mineBlock.81":5,"stat.useItem.12":1487,"stat.craftItem.61":18,"stat.craftItem.123":21,"stat.craftItem.171":1021,"stat.deaths":41,"stat.mineBlock.98":301,"stat.useItem.389":230,"stat.craftItem.389":212,"stat.craftItem.54":184,"stat.useItem.27":117,"stat.useItem.56":36,"stat.breakItem.278":3,"stat.mineBlock.50":347,"stat.craftItem.146":28,"stat.craftItem.309":3,"stat.useItem.20":191,"stat.useItem.331":301,"stat.mineBlock.102":32,"stat.mineBlock.85":123,"stat.useItem.138":2,"stat.mineBlock.129":22,"stat.craftItem.331":162}