{"stat.useItem.minecraft.anvil":2,"stat.useItem.minecraft.chest":3,"stat.mineBlock.minecraft.furnace":1,"stat.craftItem.minecraft.coal_block":10,"stat.mineBlock.minecraft.emerald_ore":6,"stat.mineBlock.minecraft.sand":8,"stat.killEntity.Sheep":13,"stat.useItem.minecraft.cobblestone":101,"stat.craftItem.minecraft.gold_nugget":144,"stat.useItem.minecraft.leaves":10,"stat.craftItem.minecraft.emerald_block":1,"stat.breakItem.minecraft.iron_chestplate":1,"stat.mineBlock.minecraft.sandstone":28,"stat.craftItem.minecraft.chest":3,"stat.useItem.minecraft.quartz_block":3,"stat.useItem.minecraft.stained_glass":8,"achievement.acquireIron":6,"stat.useItem.minecraft.minecart":1,"achievement.openInventory":920,"stat.damageDealt":100055,"stat.killEntity.Cow":14,"stat.mineBlock.minecraft.web":49,"stat.crouchOneCm":15109,"stat.useItem.minecraft.diamond_pickaxe":423,"stat.useItem.minecraft.shears":11,"stat.killEntity.Ghast":1,"stat.mineBlock.minecraft.stained_glass":4,"achievement.exploreAllBiomes":{"value":0,"progress":["Extreme Hills M","Desert","Extreme Hills+","Taiga","Extreme Hills","Ocean","Mesa Plateau","TaigaHills","Plains","Savanna Plateau","Hell","ForestHills","Extreme Hills+ M","Forest","DesertHills","Beach","Roofed Forest","Savanna","River"]},"stat.useItem.minecraft.diamond_shovel":124,"stat.craftItem.minecraft.furnace":1,"stat.craftItem.minecraft.torch":64,"stat.mineBlock.minecraft.log":17,"stat.fallOneCm":467734,"stat.mineBlock.minecraft.diamond_ore":11,"stat.flyOneCm":3578706,"achievement.buildPickaxe":14,"stat.mineBlock.minecraft.torch":10,"stat.mineBlock.minecraft.iron_ore":101,"achievement.buildFurnace":8,"stat.damageTaken":21357,"stat.useItem.minecraft.boat":1,"stat.useItem.minecraft.torch":81,"stat.craftItem.minecraft.coal":27,"stat.useItem.minecraft.diamond_sword":276,"stat.mineBlock.minecraft.brown_mushroom":1,"stat.killEntity.Chicken":30,"stat.mineBlock.minecraft.cobblestone":4,"stat.mineBlock.minecraft.gold_ore":38,"stat.useItem.minecraft.stained_hardened_clay":157,"achievement.buildWorkBench":10,"stat.useItem.minecraft.furnace":2,"stat.entityKilledBy.Creeper":1,"stat.craftItem.minecraft.quartz_block":3,"stat.climbOneCm":43684,"stat.drop":107,"stat.mineBlock.minecraft.anvil":2,"stat.mineBlock.minecraft.stone_pressure_plate":1,"achievement.buildHoe":3,"stat.useItem.minecraft.glowstone":2,"stat.craftItem.minecraft.boat":1,"achievement.mineWood":337,"achievement.makeBread":18,"stat.mineBlock.minecraft.crafting_table":1,"stat.useItem.minecraft.iron_axe":18,"achievement.diamonds":17,"stat.killEntity.LavaSlime":16,"stat.useItem.minecraft.egg":2,"stat.killEntity.Creeper":29,"stat.craftItem.minecraft.iron_block":3,"stat.mineBlock.minecraft.planks":1,"stat.useItem.minecraft.crafting_table":3,"stat.playOneMinute":1805641,"stat.killEntity.Enderman":431,"stat.leaveGame":46,"stat.mineBlock.minecraft.coal_block":5,"stat.diveOneCm":26102,"achievement.buildBetterPickaxe":14,"stat.killEntity.Spider":28,"stat.timeSinceDeath":122344,"stat.animalsBred":21,"stat.useItem.minecraft.gravel":1,"stat.mineBlock.minecraft.leaves":12,"stat.mineBlock.minecraft.mossy_cobblestone":39,"stat.craftItem.minecraft.stick":16,"stat.mineBlock.minecraft.quartz_block":3,"stat.craftItem.minecraft.stained_hardened_clay":64,"stat.boatOneCm":38968,"stat.useItem.minecraft.wool":5,"stat.swimOneCm":78523,"stat.killEntity.Skeleton":52,"stat.horseOneCm":247244,"stat.walkOneCm":11101836,"stat.useItem.minecraft.sandstone":10,"stat.mineBlock.minecraft.coal_ore":37,"stat.useItem.minecraft.bread":10,"stat.mineBlock.minecraft.lapis_ore":11,"stat.jump":17359,"stat.mineBlock.minecraft.stained_hardened_clay":54,"stat.craftItem.minecraft.golden_carrot":18,"stat.mineBlock.minecraft.tallgrass":9,"stat.craftItem.minecraft.lapis_block":14,"stat.deaths":1,"stat.mineBlock.minecraft.gravel":25,"stat.useItem.minecraft.golden_carrot":18,"stat.craftItem.minecraft.crafting_table":3,"stat.mobKills":826,"stat.mineBlock.minecraft.stone":151,"stat.craftItem.minecraft.planks":68,"stat.killEntity.Zombie":181,"stat.mineBlock.minecraft.dirt":101,"stat.minecartOneCm":740126,"stat.craftItem.minecraft.shears":1,"stat.killEntity.Blaze":20,"stat.useItem.minecraft.iron_pickaxe":76,"stat.sprintOneCm":342906,"stat.useItem.minecraft.dirt":5,"stat.killEntity.CaveSpider":7,"stat.craftItem.minecraft.anvil":1}