{"stats":{"minecraft:used":{"minecraft:diamond_pickaxe":2830,"minecraft:golden_carrot":1},"minecraft:killed_by":{"minecraft:player":1},"minecraft:dropped":{"minecraft:diamond_pickaxe":1,"minecraft:obsidian":69},"minecraft:picked_up":{"minecraft:golden_carrot":1,"minecraft:obsidian":997,"minecraft:diamond_pickaxe":2},"minecraft:mined":{"minecraft:obsidian":2830},"minecraft:custom":{"minecraft:time_since_rest":131,"minecraft:open_chest":1,"minecraft:deaths":1,"minecraft:crouch_one_cm":909,"minecraft:open_shulker_box":23,"minecraft:play_time":141003,"minecraft:sprint_one_cm":97686,"minecraft:open_enderchest":1,"minecraft:damage_taken":250,"minecraft:walk_one_cm":27613,"minecraft:sneak_time":249,"minecraft:drop":3,"minecraft:jump":55,"minecraft:leave_game":6,"minecraft:walk_on_water_one_cm":411,"minecraft:time_since_death":0,"minecraft:total_world_time":141003,"minecraft:fall_one_cm":209,"minecraft:fly_one_cm":211157}},"DataVersion":3463}