{"stats":{"minecraft:custom":{"minecraft:time_since_rest":15282,"minecraft:sprint_one_cm":428169,"minecraft:open_enderchest":5,"minecraft:damage_taken":2250,"minecraft:walk_one_cm":402399,"minecraft:mob_kills":1,"minecraft:drop":2,"minecraft:damage_dealt":121,"minecraft:tune_noteblock":2,"minecraft:fly_one_cm":202945,"minecraft:open_barrel":13,"minecraft:open_chest":4,"minecraft:crouch_one_cm":7869,"minecraft:open_shulker_box":3,"minecraft:play_time":122556,"minecraft:deaths":2,"minecraft:sneak_time":3031,"minecraft:walk_under_water_one_cm":161,"minecraft:interact_with_lectern":1,"minecraft:aviate_one_cm":3326172,"minecraft:jump":1342,"minecraft:leave_game":1,"minecraft:walk_on_water_one_cm":5281,"minecraft:time_since_death":15100,"minecraft:sleep_in_bed":1,"minecraft:total_world_time":122556,"minecraft:climb_one_cm":6349,"minecraft:damage_resisted":12,"minecraft:fall_one_cm":42898},"minecraft:used":{"minecraft:diamond_pickaxe":1,"minecraft:firework_rocket":180,"minecraft:iron_helmet":2,"minecraft:iron_chestplate":1,"minecraft:glow_berries":4,"minecraft:diamond_sword":5,"minecraft:golden_carrot":19,"minecraft:potion":1,"minecraft:iron_leggings":1},"minecraft:mined":{"minecraft:red_shulker_box":1,"minecraft:powder_snow":4},"minecraft:dropped":{"minecraft:golden_boots":1,"minecraft:wooden_sword":1},"minecraft:broken":{"minecraft:golden_leggings":1},"minecraft:killed":{"minecraft:skeleton":1},"minecraft:picked_up":{"minecraft:golden_leggings":1,"minecraft:potion":1,"minecraft:pointed_dripstone":149,"minecraft:golden_boots":1,"minecraft:wooden_sword":2,"minecraft:red_shulker_box":1,"minecraft:arrow":3,"minecraft:bone":6,"minecraft:iron_helmet":1,"minecraft:glow_berries":1,"minecraft:ender_pearl":2}},"DataVersion":3105}