{"stats":{"minecraft:used":{"minecraft:torch":2},"minecraft:picked_up":{"minecraft:rotten_flesh":1,"minecraft:torch":2},"minecraft:custom":{"minecraft:jump":2,"minecraft:time_since_rest":6663056,"minecraft:leave_game":71,"minecraft:sprint_one_cm":575,"minecraft:play_time":6663056,"minecraft:time_since_death":6663056,"minecraft:walk_on_water_one_cm":87863,"minecraft:walk_one_cm":2625,"minecraft:sneak_time":33936,"minecraft:total_world_time":6663056,"minecraft:walk_under_water_one_cm":79614,"minecraft:fly_one_cm":24984220},"minecraft:mined":{"minecraft:torch":2}},"DataVersion":3463}