{"stats":{"minecraft:broken":{"minecraft:wooden_shovel":6,"minecraft:diamond_helmet":2,"minecraft:shears":26,"minecraft:leather_helmet":1,"minecraft:stone_hoe":1,"minecraft:shield":5,"minecraft:iron_pickaxe":5,"minecraft:iron_shovel":2,"minecraft:stone_axe":3,"minecraft:stone_shovel":96,"minecraft:diamond_axe":1,"minecraft:iron_boots":1,"minecraft:iron_sword":1,"minecraft:iron_axe":5,"minecraft:iron_helmet":3,"minecraft:golden_helmet":1},"minecraft:used":{"minecraft:moss_block":89,"minecraft:writable_book":132,"minecraft:smooth_quartz_slab":787,"minecraft:dispenser":68,"minecraft:poppy":1,"minecraft:black_carpet":85812,"minecraft:stone":12118,"minecraft:warped_sign":10,"minecraft:quartz_stairs":252,"minecraft:rotten_flesh":165,"minecraft:tube_coral":5,"minecraft:weathered_copper":4,"minecraft:soul_sand":32,"minecraft:cocoa_beans":172,"minecraft:cut_copper":17,"minecraft:azure_bluet":1,"minecraft:snowball":33,"minecraft:weeping_vines":10,"minecraft:jungle_sapling":22,"minecraft:spruce_boat":9,"minecraft:packed_ice":12989,"minecraft:lava_bucket":4141,"minecraft:quartz_pillar":326,"minecraft:lime_banner":2,"minecraft:red_wool":18,"minecraft:deepslate_copper_ore":6,"minecraft:quartz_block":160,"minecraft:netherite_hoe":12,"minecraft:dark_oak_slab":4,"minecraft:bow":3023,"minecraft:oak_sapling":122,"minecraft:cooked_cod":39,"minecraft:mossy_stone_bricks":1,"minecraft:damaged_anvil":3,"minecraft:blackstone":115,"minecraft:cactus":402,"minecraft:wooden_pickaxe":10,"minecraft:composter":11,"minecraft:clay":2067,"minecraft:jungle_boat":16,"minecraft:golden_apple":2,"minecraft:glow_berries":66,"minecraft:blast_furnace":6,"minecraft:weathered_cut_copper_slab":21,"minecraft:cyan_dye":8,"minecraft:chiseled_quartz_block":248,"minecraft:purple_terracotta":1015,"minecraft:gray_concrete":418,"minecraft:purple_concrete_powder":15,"minecraft:birch_fence":126,"minecraft:birch_slab":108,"minecraft:deepslate_iron_ore":382,"minecraft:oak_pressure_plate":1,"minecraft:nether_wart_block":14,"minecraft:diamond_sword":11571,"minecraft:exposed_cut_copper":3,"minecraft:birch_log":10525,"minecraft:oak_boat":45,"minecraft:purple_wool":63,"minecraft:oak_trapdoor":36,"minecraft:enchanting_table":3,"minecraft:carved_pumpkin":7,"minecraft:armor_stand":129,"minecraft:light_gray_carpet":11376,"minecraft:torch":7625,"minecraft:brewing_stand":3,"minecraft:light_blue_dye":2,"minecraft:nether_quartz_ore":70,"minecraft:cod_bucket":2,"minecraft:yellow_carpet":10594,"minecraft:oak_fence_gate":25,"minecraft:fern":26,"minecraft:sea_lantern":121,"minecraft:chipped_anvil":2,"minecraft:filled_map":9,"minecraft:iron_block":4,"minecraft:light_weighted_pressure_plate":5016,"minecraft:polished_deepslate_wall":27,"minecraft:jungle_log":436,"minecraft:barrel":377,"minecraft:bamboo":13,"minecraft:diamond_chestplate":1,"minecraft:basalt":472,"minecraft:lime_concrete":226,"minecraft:magenta_terracotta":247,"minecraft:podzol":236,"minecraft:trapped_chest":18,"minecraft:horn_coral_fan":22,"minecraft:calcite":2,"minecraft:wheat_seeds":6554,"minecraft:warped_stem":6,"minecraft:light_blue_shulker_box":10,"minecraft:tube_coral_block":33,"minecraft:birch_planks":124,"minecraft:bundle":23,"minecraft:lead":1,"minecraft:blue_concrete_powder":12,"minecraft:cauldron":2,"minecraft:glow_ink_sac":128,"minecraft:spruce_fence_gate":12,"minecraft:gold_ore":9,"minecraft:deepslate_bricks":67,"minecraft:diamond_block":29,"minecraft:brown_dye":2,"minecraft:rail":83,"minecraft:red_bed":7,"minecraft:green_dye":12,"minecraft:white_bed":98,"minecraft:campfire":43,"minecraft:spruce_log":841,"minecraft:music_disc_strad":3,"minecraft:mushroom_stem":11326,"minecraft:diamond_pickaxe":339468,"minecraft:yellow_dye":10,"minecraft:diamond_shovel":171277,"minecraft:oak_button":25,"minecraft:suspicious_stew":1,"minecraft:spruce_pressure_plate":3,"minecraft:leather_helmet":3,"minecraft:spruce_trapdoor":107,"minecraft:magenta_concrete_powder":20,"minecraft:spruce_sapling":89,"minecraft:green_carpet":10814,"minecraft:blue_carpet":2249,"minecraft:pink_bed":1,"minecraft:potion":18,"minecraft:azalea_leaves":33,"minecraft:orange_banner":2,"minecraft:cooked_porkchop":615,"minecraft:andesite_stairs":8,"minecraft:dandelion":1,"minecraft:diamond_leggings":5,"minecraft:light_blue_banner":4,"minecraft:moss_carpet":398,"minecraft:blue_terracotta":2732,"minecraft:red_sand":4,"minecraft:polished_deepslate":1,"minecraft:light_gray_stained_glass_pane":174,"minecraft:melon":2,"minecraft:bone_block":43,"minecraft:nether_wart":29,"minecraft:grass":146,"minecraft:bubble_coral":4,"minecraft:stripped_crimson_stem":154,"minecraft:green_terracotta":9194,"minecraft:spruce_leaves":564,"minecraft:jungle_planks":6003,"minecraft:pink_terracotta":553,"minecraft:beehive":24,"minecraft:music_disc_13":1,"minecraft:obsidian":127,"minecraft:honey_bottle":26,"minecraft:mangrove_log":1,"minecraft:lantern":55,"minecraft:spruce_wood":4,"minecraft:green_wool":162,"minecraft:warped_nylium":1727,"minecraft:light_blue_bed":8,"minecraft:mossy_cobblestone_slab":9,"minecraft:raw_gold_block":2370,"minecraft:item_frame":1304,"minecraft:birch_button":3,"minecraft:deepslate_diamond_ore":7,"minecraft:birch_trapdoor":90,"minecraft:horn_coral":2,"minecraft:written_book":3201,"minecraft:mangrove_roots":15,"minecraft:blue_shulker_box":1,"minecraft:gold_block":72,"minecraft:pink_concrete_powder":2504,"minecraft:dark_oak_sapling":8,"minecraft:mangrove_leaves":1,"minecraft:tube_coral_fan":15,"minecraft:end_rod":80,"minecraft:diamond_boots":3,"minecraft:dropper":139,"minecraft:wither_skeleton_skull":6,"minecraft:stone_pickaxe":439,"minecraft:gray_carpet":33174,"minecraft:oak_planks":7747,"minecraft:sandstone":544,"minecraft:diamond_axe":75065,"minecraft:sugar_cane":119,"minecraft:white_wool":3929,"minecraft:light_blue_wool":41,"minecraft:yellow_concrete":192,"minecraft:crossbow":19,"minecraft:end_stone":3,"minecraft:sticky_piston":24,"minecraft:black_terracotta":6971,"minecraft:lever":12,"minecraft:daylight_detector":1,"minecraft:acacia_door":2,"minecraft:dark_oak_log":10,"minecraft:bread":264,"minecraft:brown_wool":11,"minecraft:warped_slab":2285,"minecraft:iron_door":4,"minecraft:deepslate":455,"minecraft:stripped_warped_hyphae":2,"minecraft:light_blue_concrete_powder":2,"minecraft:chain":20,"minecraft:smooth_stone_slab":360,"minecraft:coarse_dirt":217,"minecraft:bone_meal":4081,"minecraft:orange_concrete_powder":663,"minecraft:rose_bush":15,"minecraft:flint_and_steel":12,"minecraft:dried_kelp":272,"minecraft:redstone":365,"minecraft:ender_chest":21,"minecraft:brown_shulker_box":60,"minecraft:deepslate_gold_ore":128,"minecraft:stone_hoe":166,"minecraft:cooked_chicken":55,"minecraft:dirt":1983,"minecraft:spruce_fence":189,"minecraft:wooden_axe":39,"minecraft:brown_terracotta":11406,"minecraft:light_gray_stained_glass":27,"minecraft:oak_stairs":244,"minecraft:smooth_sandstone":950,"minecraft:iron_boots":1,"minecraft:yellow_concrete_powder":376,"minecraft:black_stained_glass":721,"minecraft:soul_soil":12,"minecraft:lime_stained_glass":13,"minecraft:cyan_concrete_powder":716,"minecraft:cooked_beef":1968,"minecraft:pumpkin":6,"minecraft:iron_leggings":2,"minecraft:quartz_bricks":2,"minecraft:cobblestone_stairs":2,"minecraft:snow_block":7,"minecraft:baked_potato":1216,"minecraft:birch_boat":1,"minecraft:brown_mushroom":117,"minecraft:spruce_sign":10,"minecraft:green_bed":3,"minecraft:dark_prismarine_slab":2256,"minecraft:red_mushroom":374,"minecraft:magenta_carpet":1762,"minecraft:warped_planks":4,"minecraft:gray_terracotta":28353,"minecraft:piston":1,"minecraft:flower_pot":22,"minecraft:black_wool":316,"minecraft:lapis_ore":4,"minecraft:stone_slab":915,"minecraft:yellow_wool":54,"minecraft:stone_axe":515,"minecraft:fire_coral_block":31,"minecraft:crimson_fungus":12,"minecraft:stripped_crimson_hyphae":472,"minecraft:cobbled_deepslate_slab":6723,"minecraft:pink_shulker_box":1,"minecraft:lapis_block":4845,"minecraft:pumpkin_pie":183,"minecraft:sea_pickle":35,"minecraft:gray_wool":60,"minecraft:birch_stairs":35,"minecraft:peony":1,"minecraft:orange_dye":3,"minecraft:spruce_slab":206,"minecraft:elytra":2,"minecraft:ladder":60,"minecraft:green_banner":3,"minecraft:chest":403,"minecraft:white_shulker_box":255,"minecraft:acacia_sapling":1,"minecraft:orange_wool":108,"minecraft:acacia_button":16,"minecraft:stripped_spruce_log":25,"minecraft:honey_block":10,"minecraft:warped_hyphae":1830,"minecraft:grass_block":8402,"minecraft:birch_sapling":229,"minecraft:polished_andesite_stairs":7,"minecraft:orange_shulker_box":8,"minecraft:copper_ore":10,"minecraft:pink_wool":15,"minecraft:stone_brick_stairs":174,"minecraft:exposed_cut_copper_slab":5,"minecraft:snow":16855,"minecraft:dark_oak_boat":5,"minecraft:sweet_berries":20,"minecraft:furnace":36,"minecraft:egg":693,"minecraft:potato":705,"minecraft:seagrass":4,"minecraft:brown_concrete_powder":41,"minecraft:magenta_shulker_box":1,"minecraft:light_blue_carpet":10062,"minecraft:emerald_ore":7,"minecraft:end_stone_bricks":20,"minecraft:diorite":66,"minecraft:spruce_door":5,"minecraft:red_stained_glass":14,"minecraft:cut_copper_slab":1,"minecraft:acacia_trapdoor":15,"minecraft:powered_rail":7,"minecraft:lime_concrete_powder":286,"minecraft:jungle_pressure_plate":7,"minecraft:purpur_pillar":42,"minecraft:oak_leaves":67,"minecraft:smooth_quartz_stairs":248,"minecraft:dark_oak_trapdoor":157,"minecraft:blue_dye":2,"minecraft:sand":93754,"minecraft:purpur_stairs":2,"minecraft:oxidized_cut_copper_slab":44,"minecraft:black_concrete_powder":19337,"minecraft:pumpkin_seeds":4,"minecraft:lightning_rod":1,"minecraft:deepslate_tiles":2,"minecraft:chiseled_sandstone":4,"minecraft:cyan_carpet":1602,"minecraft:stone_button":49,"minecraft:lectern":4,"minecraft:red_terracotta":3391,"minecraft:polished_andesite_slab":2,"minecraft:soul_lantern":18,"minecraft:wooden_sword":129,"minecraft:white_stained_glass":99,"minecraft:dark_oak_fence":6,"minecraft:bubble_coral_block":26,"minecraft:green_concrete_powder":107,"minecraft:ice":47,"minecraft:oak_hanging_sign":7,"minecraft:gray_stained_glass":80,"minecraft:iron_bars":3,"minecraft:stone_sword":43,"minecraft:brain_coral_fan":21,"minecraft:sandstone_wall":95,"minecraft:netherrack":11484,"minecraft:light_gray_shulker_box":68,"minecraft:target":1,"minecraft:warped_wart_block":347,"minecraft:anvil":73,"minecraft:chorus_flower":4,"minecraft:stone_stairs":18,"minecraft:crimson_hyphae":4501,"minecraft:glow_lichen":2247,"minecraft:shroomlight":26,"minecraft:red_shulker_box":55,"minecraft:flowering_azalea":1,"minecraft:gray_dye":2,"minecraft:cyan_shulker_box":180,"minecraft:iron_axe":1024,"minecraft:rooted_dirt":12,"minecraft:spruce_button":4,"minecraft:slime_block":4,"minecraft:smooth_quartz":665,"minecraft:lime_dye":10,"minecraft:totem_of_undying":3,"minecraft:melon_seeds":5,"minecraft:tripwire_hook":4,"minecraft:glowstone":483,"minecraft:iron_trapdoor":165,"minecraft:magenta_wool":16,"minecraft:orange_terracotta":4075,"minecraft:cobbled_deepslate":1281,"minecraft:observer":27,"minecraft:magenta_dye":2,"minecraft:pointed_dripstone":39,"minecraft:hanging_roots":4,"minecraft:crimson_stem":290,"minecraft:yellow_banner":3,"minecraft:water_bucket":7300,"minecraft:sandstone_stairs":19,"minecraft:prismarine_brick_slab":9297,"minecraft:yellow_shulker_box":69,"minecraft:lime_wool":24,"minecraft:cartography_table":3,"minecraft:bubble_coral_fan":27,"minecraft:smooth_sandstone_slab":88,"minecraft:red_mushroom_block":1648,"minecraft:cracked_stone_bricks":18,"minecraft:lime_terracotta":3158,"minecraft:mossy_cobblestone":13,"minecraft:orange_carpet":23834,"minecraft:comparator":4,"minecraft:oak_slab":451,"minecraft:crafting_table":118,"minecraft:birch_sign":442,"minecraft:fire_coral":3,"minecraft:lime_shulker_box":13,"minecraft:oak_log":287,"minecraft:ender_eye":2,"minecraft:sunflower":6,"minecraft:mangrove_propagule":1,"minecraft:iron_pickaxe":1290,"minecraft:cyan_concrete":1055,"minecraft:purpur_slab":25,"minecraft:music_disc_blocks":1,"minecraft:crimson_nylium":12269,"minecraft:chiseled_stone_bricks":6,"minecraft:cobblestone":8248,"minecraft:red_concrete_powder":4,"minecraft:sandstone_slab":395,"minecraft:glass_pane":80,"minecraft:brown_mushroom_block":10,"minecraft:jukebox":5,"minecraft:kelp":6,"minecraft:light_gray_dye":2,"minecraft:iron_shovel":738,"minecraft:diamond_hoe":763,"minecraft:oak_sign":76,"minecraft:white_concrete_powder":14167,"minecraft:shield":724,"minecraft:white_terracotta":9764,"minecraft:iron_sword":671,"minecraft:player_head":142,"minecraft:smooth_sandstone_stairs":23,"minecraft:iron_chestplate":1,"minecraft:oxidized_cut_copper":1,"minecraft:carrot":72,"minecraft:tuff":171,"minecraft:music_disc_11":1,"minecraft:cyan_wool":138,"minecraft:axolotl_bucket":5,"minecraft:milk_bucket":8,"minecraft:glass":150,"minecraft:cyan_terracotta":10607,"minecraft:coal_ore":312,"minecraft:quartz_slab":745,"minecraft:packed_mud":7,"minecraft:iron_helmet":3,"minecraft:gray_concrete_powder":372,"minecraft:crimson_roots":3,"minecraft:hopper_minecart":153,"minecraft:stone_bricks":189,"minecraft:repeater":40,"minecraft:red_carpet":15911,"minecraft:brown_carpet":9724,"minecraft:magma_block":1,"minecraft:warped_fungus":1,"minecraft:hay_block":7,"minecraft:scaffolding":23,"minecraft:beetroot_seeds":9,"minecraft:fire_coral_fan":19,"minecraft:stripped_spruce_wood":2,"minecraft:dark_oak_stairs":4,"minecraft:birch_leaves":7089,"minecraft:ender_pearl":17,"minecraft:redstone_block":10707,"minecraft:brain_coral":8,"minecraft:yellow_terracotta":5349,"minecraft:loom":4,"minecraft:light_gray_terracotta":2050,"minecraft:deepslate_redstone_ore":278,"minecraft:note_block":13,"minecraft:dripstone_block":29,"minecraft:stone_brick_wall":43,"minecraft:shears":9882,"minecraft:exposed_copper":3,"minecraft:redstone_torch":40,"minecraft:light_gray_concrete":59,"minecraft:heavy_weighted_pressure_plate":7428,"minecraft:birch_fence_gate":21,"minecraft:gray_shulker_box":332,"minecraft:lime_carpet":29064,"minecraft:melon_slice":35,"minecraft:black_concrete":163,"minecraft:cyan_bed":5,"minecraft:firework_rocket":13039,"minecraft:string":49,"minecraft:music_disc_mall":5,"minecraft:gravel":450,"minecraft:golden_helmet":1,"minecraft:granite_slab":6,"minecraft:grindstone":4,"minecraft:crimson_door":1,"minecraft:warped_button":46,"minecraft:deepslate_coal_ore":12,"minecraft:andesite":241,"minecraft:oak_fence":213,"minecraft:experience_bottle":1,"minecraft:cobweb":7,"minecraft:white_concrete":1124,"minecraft:purpur_block":37,"minecraft:azalea":2,"minecraft:trident":35,"minecraft:jungle_leaves":114,"minecraft:music_disc_otherside":1,"minecraft:tropical_fish":2,"minecraft:redstone_ore":39,"minecraft:stone_shovel":12904,"minecraft:light_blue_terracotta":3007,"minecraft:spruce_planks":9572,"minecraft:sculk":418,"minecraft:wooden_shovel":354,"minecraft:cut_copper_stairs":60,"minecraft:oak_door":5,"minecraft:spyglass":63,"minecraft:white_carpet":36119,"minecraft:hopper":231,"minecraft:spruce_stairs":130,"minecraft:warped_door":2,"minecraft:cobblestone_wall":25,"minecraft:pink_carpet":7748,"minecraft:diamond_helmet":3,"minecraft:shulker_box":617,"minecraft:salmon_bucket":2,"minecraft:oak_wood":4,"minecraft:raw_iron_block":14640,"minecraft:pink_dye":6,"minecraft:granite":34,"minecraft:birch_door":3,"minecraft:stone_brick_slab":503,"minecraft:dark_oak_planks":15,"minecraft:bookshelf":6,"minecraft:red_tulip":2,"minecraft:crimson_planks":114,"minecraft:light_gray_wool":59,"minecraft:golden_carrot":167,"minecraft:emerald_block":2303,"minecraft:white_stained_glass_pane":406,"minecraft:horn_coral_block":28,"minecraft:cyan_banner":4,"minecraft:stone_pressure_plate":11,"minecraft:red_dye":14,"minecraft:brain_coral_block":27,"minecraft:cooked_mutton":9,"minecraft:iron_ore":416,"minecraft:glass_bottle":15,"minecraft:andesite_slab":149,"minecraft:blue_wool":168,"minecraft:pink_banner":3,"minecraft:copper_block":54,"minecraft:black_shulker_box":322,"minecraft:white_dye":20,"minecraft:beacon":6,"minecraft:stonecutter":33,"minecraft:cobblestone_slab":2566,"minecraft:glow_item_frame":134,"minecraft:jungle_wood":18,"minecraft:terracotta":18,"minecraft:lime_bed":1,"minecraft:brown_banner":1,"minecraft:light_gray_concrete_powder":101,"minecraft:painting":21,"minecraft:dark_oak_door":13,"minecraft:nether_gold_ore":1,"minecraft:apple":39,"minecraft:activator_rail":2,"minecraft:cracked_polished_blackstone_bricks":9,"minecraft:map":201,"minecraft:purple_dye":2,"minecraft:fishing_rod":29,"minecraft:green_shulker_box":57,"minecraft:white_banner":15,"minecraft:jungle_door":1,"minecraft:red_banner":5,"minecraft:bucket":11458,"minecraft:yellow_bed":3,"minecraft:splash_potion":1,"minecraft:purple_carpet":6866,"minecraft:smooth_stone":229},"minecraft:killed_by":{"minecraft:ravager":8,"minecraft:zombie":4,"minecraft:warden":1,"minecraft:skeleton":4,"minecraft:vex":1,"minecraft:ender_dragon":2,"minecraft:creeper":3,"minecraft:piglin":1,"minecraft:player":76,"minecraft:enderman":2},"minecraft:dropped":{"minecraft:porkchop":32,"minecraft:lapis_lazuli":10,"minecraft:glass_bottle":4,"minecraft:diamond":122,"minecraft:crafting_table":1,"minecraft:cooked_porkchop":1,"minecraft:weeping_vines":11,"minecraft:warped_roots":38,"minecraft:gold_block":84,"minecraft:dark_oak_trapdoor":5,"minecraft:gold_nugget":61,"minecraft:sand":464,"minecraft:purple_wool":135,"minecraft:white_wool":16,"minecraft:music_disc_blocks":1,"minecraft:stone_axe":1,"minecraft:compass":18,"minecraft:goat_horn":1,"minecraft:diamond_block":142,"minecraft:lever":1,"minecraft:iron_nugget":759,"minecraft:cooked_chicken":2,"minecraft:cobbled_deepslate":1647,"minecraft:black_carpet":42,"minecraft:wheat":27,"minecraft:obsidian":1,"minecraft:birch_wood":1,"minecraft:rotten_flesh":861,"minecraft:oak_planks":40,"minecraft:glowstone_dust":5,"minecraft:music_disc_far":2,"minecraft:coal_ore":1,"minecraft:jungle_log":16,"minecraft:music_disc_mall":1,"minecraft:leather_boots":4,"minecraft:leather_leggings":7,"minecraft:beef":12,"minecraft:podzol":2,"minecraft:stone_brick_stairs":1,"minecraft:golden_boots":7,"minecraft:wheat_seeds":9813,"minecraft:deepslate_redstone_ore":47,"minecraft:dripstone_block":12,"minecraft:golden_apple":1,"minecraft:dark_oak_leaves":1,"minecraft:gray_wool":832,"minecraft:ink_sac":3,"minecraft:wooden_axe":1,"minecraft:lapis_ore":8,"minecraft:potion":1,"minecraft:white_banner":4,"minecraft:pumpkin":5,"minecraft:red_dye":48,"minecraft:jungle_boat":1,"minecraft:chainmail_leggings":1,"minecraft:trapped_chest":1,"minecraft:blue_carpet":1,"minecraft:stone_brick_slab":1,"minecraft:snow_block":16,"minecraft:soul_soil":64,"minecraft:player_head":15,"minecraft:sticky_piston":17,"minecraft:stone_shovel":10,"minecraft:white_carpet":96,"minecraft:clay_ball":8,"minecraft:iron_boots":1,"minecraft:name_tag":1,"minecraft:cobbled_deepslate_slab":67,"minecraft:white_terracotta":93,"minecraft:white_shulker_box":1,"minecraft:shears":8,"minecraft:diamond_sword":2,"minecraft:bundle":26,"minecraft:spruce_planks":1,"minecraft:diamond_pickaxe":7,"minecraft:light_blue_carpet":3,"minecraft:barrel":1,"minecraft:sandstone":5,"minecraft:bow":41,"minecraft:crimson_hyphae":19,"minecraft:magma_block":11,"minecraft:cyan_bed":1,"minecraft:terracotta":25,"minecraft:blue_shulker_box":1,"minecraft:soul_sand":49,"minecraft:moss_block":18,"minecraft:warped_fungus":6,"minecraft:polished_granite_slab":1,"minecraft:oak_log":92,"minecraft:ender_pearl":12882,"minecraft:leather":9,"minecraft:jungle_planks":6,"minecraft:birch_slab":2,"minecraft:cod":1,"minecraft:music_disc_13":3,"minecraft:redstone_lamp":15,"minecraft:dark_oak_log":3,"minecraft:packed_ice":70,"minecraft:mutton":26,"minecraft:snowball":142,"minecraft:purpur_block":6,"minecraft:twisting_vines":1,"minecraft:pointed_dripstone":2,"minecraft:cyan_shulker_box":4,"minecraft:cooked_mutton":4,"minecraft:mushroom_stem":31,"minecraft:dropper":6,"minecraft:iron_ore":2,"minecraft:white_concrete_powder":1,"minecraft:polished_granite":1,"minecraft:stone_hoe":1,"minecraft:bread":41,"minecraft:golden_helmet":7,"minecraft:tropical_fish":6,"minecraft:iron_block":55,"minecraft:repeater":3,"minecraft:nether_wart_block":4,"minecraft:melon_slice":25,"minecraft:music_disc_strad":1,"minecraft:music_disc_wait":1,"minecraft:raw_iron_block":30,"minecraft:redstone_block":121,"minecraft:kelp":11,"minecraft:light_gray_terracotta":152,"minecraft:stripped_oak_log":5,"minecraft:shulker_box":2,"minecraft:netherite_leggings":1,"minecraft:copper_ore":8,"minecraft:gray_terracotta":304,"minecraft:oak_button":9,"minecraft:andesite":200,"minecraft:golden_leggings":5,"minecraft:oak_sapling":14,"minecraft:birch_sign":14,"minecraft:spruce_log":6,"minecraft:wooden_pickaxe":2,"minecraft:magma_cream":18,"minecraft:clay":1,"minecraft:piston":14,"minecraft:cooked_beef":84,"minecraft:emerald_ore":5,"minecraft:crossbow":5,"minecraft:warped_hyphae":1,"minecraft:item_frame":64,"minecraft:elytra":2,"minecraft:rail":11,"minecraft:leather_helmet":5,"minecraft:red_carpet":70,"minecraft:dirt":129,"minecraft:red_shulker_box":2,"minecraft:wooden_sword":9,"minecraft:bone_meal":9,"minecraft:bone":127,"minecraft:green_wool":4,"minecraft:oak_door":1,"minecraft:note_block":18,"minecraft:sugar_cane":10,"minecraft:music_disc_chirp":1,"minecraft:golden_chestplate":1,"minecraft:birch_sapling":5,"minecraft:lime_dye":1,"minecraft:light_gray_carpet":2,"minecraft:firework_star":12,"minecraft:heavy_weighted_pressure_plate":4,"minecraft:hopper":4,"minecraft:ladder":4,"minecraft:white_dye":6,"minecraft:spruce_slab":4,"minecraft:egg":54,"minecraft:iron_ingot":79,"minecraft:birch_leaves":43,"minecraft:deepslate_diamond_ore":2,"minecraft:oak_fence":2,"minecraft:purpur_slab":14,"minecraft:feather":6,"minecraft:cobblestone":1150,"minecraft:granite":154,"minecraft:chainmail_helmet":1,"minecraft:coal":29,"minecraft:golden_carrot":2,"minecraft:rabbit":1,"minecraft:lime_carpet":98,"minecraft:diamond_helmet":1,"minecraft:dried_kelp":4,"minecraft:orange_concrete_powder":32,"minecraft:paper":125,"minecraft:string":129,"minecraft:iron_shovel":3,"minecraft:purpur_pillar":1,"minecraft:furnace":1,"minecraft:moss_carpet":5,"minecraft:deepslate":494,"minecraft:bowl":1,"minecraft:stone_sword":15,"minecraft:chicken":8,"minecraft:glow_lichen":1,"minecraft:big_dripleaf":17,"minecraft:cobblestone_slab":1,"minecraft:potato":1,"minecraft:stone":127,"minecraft:allium":1,"minecraft:carved_pumpkin":6,"minecraft:spider_eye":74,"minecraft:black_wool":1,"minecraft:gold_ore":28,"minecraft:crimson_nylium":1,"minecraft:birch_planks":5,"minecraft:diamond_axe":1,"minecraft:music_disc_11":1,"minecraft:flint":10,"minecraft:spruce_leaves":3,"minecraft:orange_carpet":3,"minecraft:crimson_roots":210,"minecraft:seagrass":1,"minecraft:cooked_cod":2,"minecraft:birch_log":73,"minecraft:brown_mushroom_block":1227,"minecraft:gravel":117,"minecraft:crimson_fungus":11,"minecraft:blackstone":40,"minecraft:yellow_wool":129,"minecraft:black_terracotta":63,"minecraft:chainmail_chestplate":1,"minecraft:gunpowder":33,"minecraft:poppy":23,"minecraft:rabbit_hide":1,"minecraft:glowstone":12,"minecraft:cyan_concrete":9,"minecraft:arrow":162,"minecraft:gray_shulker_box":1,"minecraft:basalt":94,"minecraft:firework_rocket":96,"minecraft:quartz":12,"minecraft:water_bucket":3,"minecraft:netherrack":8702,"minecraft:written_book":3,"minecraft:oak_leaves":1,"minecraft:mossy_cobblestone":4,"minecraft:diamond_leggings":4,"minecraft:poisonous_potato":1,"minecraft:lead":16,"minecraft:observer":36,"minecraft:grass_block":11,"minecraft:stick":194,"minecraft:diorite":95,"minecraft:torch":57,"minecraft:brown_wool":1,"minecraft:map":1,"minecraft:flowering_azalea":1,"minecraft:bucket":1,"minecraft:music_disc_cat":3,"minecraft:lapis_block":14,"minecraft:dandelion":1,"minecraft:smooth_basalt":3,"minecraft:redstone":166,"minecraft:raw_copper":28,"minecraft:tuff":1406,"minecraft:raw_iron":84,"minecraft:brown_glazed_terracotta":1,"minecraft:light_gray_wool":2,"minecraft:red_terracotta":19,"minecraft:filled_map":487,"minecraft:snow":144,"minecraft:shield":2,"minecraft:orange_terracotta":67,"minecraft:dragon_egg":1,"minecraft:iron_chestplate":2,"minecraft:oak_boat":1,"minecraft:slime_ball":29,"minecraft:stripped_crimson_hyphae":1,"minecraft:stone_pickaxe":9,"minecraft:raw_gold":18,"minecraft:music_disc_mellohi":2,"minecraft:light_blue_shulker_box":2},"minecraft:killed":{"minecraft:cod":52,"minecraft:pillager":84,"minecraft:zombie":883,"minecraft:snow_golem":1,"minecraft:warden":8,"minecraft:husk":7,"minecraft:rabbit":2,"minecraft:witch":13,"minecraft:spider":201,"minecraft:wither":1,"minecraft:silverfish":1,"minecraft:piglin":90,"minecraft:zombie_villager":24,"minecraft:sheep":21,"minecraft:trader_llama":52,"minecraft:ghast":59,"minecraft:slime":65,"minecraft:drowned":11,"minecraft:hoglin":29,"minecraft:squid":71,"minecraft:wither_skeleton":83,"minecraft:player":56,"minecraft:cave_spider":653,"minecraft:dolphin":2,"minecraft:shulker":57,"minecraft:skeleton":565,"minecraft:chicken":96,"minecraft:magma_cube":148,"minecraft:glow_squid":24,"minecraft:cow":2669,"minecraft:horse":18,"minecraft:wandering_trader":26,"minecraft:enderman":38665,"minecraft:turtle":4,"minecraft:pig":17,"minecraft:creeper":430,"minecraft:blaze":32,"minecraft:phantom":9,"minecraft:bat":16},"minecraft:mined":{"minecraft:blue_carpet":225,"minecraft:red_shulker_box":51,"minecraft:white_bed":93,"minecraft:pink_bed":1,"minecraft:weathered_cut_copper_slab":12,"minecraft:fire_coral_wall_fan":17,"minecraft:cyan_shulker_box":170,"minecraft:light_blue_carpet":814,"minecraft:granite":339,"minecraft:acacia_log":25,"minecraft:brown_wool":5,"minecraft:oak_pressure_plate":1,"minecraft:green_concrete":2,"minecraft:blue_wool":162,"minecraft:oak_wall_sign":20,"minecraft:nether_wart":27,"minecraft:spawner":8,"minecraft:polished_blackstone_bricks":65,"minecraft:magma_block":32,"minecraft:dark_oak_trapdoor":41,"minecraft:fire":607,"minecraft:barrel":175,"minecraft:cobbled_deepslate":273,"minecraft:granite_slab":1,"minecraft:deepslate_lapis_ore":389,"minecraft:twisting_vines":1,"minecraft:oak_wall_hanging_sign":2,"minecraft:spruce_pressure_plate":2,"minecraft:light_gray_concrete":69,"minecraft:green_carpet":1004,"minecraft:white_shulker_box":240,"minecraft:white_banner":1,"minecraft:player_head":55,"minecraft:tripwire":3,"minecraft:sandstone_slab":92,"minecraft:magenta_carpet":578,"minecraft:blue_concrete_powder":10,"minecraft:kelp_plant":267,"minecraft:crimson_nylium":17870,"minecraft:note_block":5,"minecraft:torch":350,"minecraft:melon":19,"minecraft:oxidized_copper":3,"minecraft:white_stained_glass_pane":97,"minecraft:dead_bush":11,"minecraft:spruce_wall_sign":3,"minecraft:smooth_quartz_slab":275,"minecraft:tube_coral_fan":2,"minecraft:lime_shulker_box":8,"minecraft:sugar_cane":1580,"minecraft:amethyst_block":74,"minecraft:birch_sapling":14,"minecraft:white_terracotta":15652,"minecraft:chain":2,"minecraft:repeater":14,"minecraft:jungle_wood":5,"minecraft:mud":92,"minecraft:jukebox":3,"minecraft:magenta_glazed_terracotta":2,"minecraft:grass":360,"minecraft:birch_button":2,"minecraft:smooth_quartz":180,"minecraft:sandstone_wall":60,"minecraft:mangrove_log":34,"minecraft:smooth_basalt":58,"minecraft:stripped_crimson_stem":482,"minecraft:deepslate":6301,"minecraft:dark_prismarine":2,"minecraft:deepslate_tiles":5,"minecraft:exposed_cut_copper":6,"minecraft:brown_concrete":2,"minecraft:light_blue_wool":34,"minecraft:mossy_cobblestone":36,"minecraft:orange_concrete_powder":660,"minecraft:dark_oak_log":570,"minecraft:sea_lantern":68,"minecraft:end_stone":24,"minecraft:birch_fence_gate":8,"minecraft:spruce_fence":32,"minecraft:acacia_button":5,"minecraft:redstone_wire":138,"minecraft:red_mushroom":19,"minecraft:cartography_table":1,"minecraft:white_concrete_powder":12947,"minecraft:horn_coral":2,"minecraft:redstone_ore":177,"minecraft:acacia_trapdoor":3,"minecraft:pink_concrete":5,"minecraft:green_terracotta":8919,"minecraft:andesite":685,"minecraft:big_dripleaf_stem":4,"minecraft:mossy_stone_brick_stairs":2,"minecraft:vine":50,"minecraft:cyan_concrete":1275,"minecraft:cobblestone_slab":2502,"minecraft:rail":25,"minecraft:brain_coral_wall_fan":18,"minecraft:bone_block":237,"minecraft:fire_coral_block":57,"minecraft:green_wool":127,"minecraft:ender_chest":20,"minecraft:oak_slab":177,"minecraft:birch_stairs":24,"minecraft:redstone_block":10332,"minecraft:glass_pane":11,"minecraft:soul_sand":250,"minecraft:dandelion":41,"minecraft:fire_coral":3,"minecraft:cornflower":10,"minecraft:warped_roots":39,"minecraft:campfire":16,"minecraft:lightning_rod":1,"minecraft:brain_coral_fan":3,"minecraft:copper_ore":281,"minecraft:purpur_pillar":46,"minecraft:tall_grass":76,"minecraft:deepslate_gold_ore":1114,"minecraft:diorite":335,"minecraft:orange_carpet":3689,"minecraft:warped_wart_block":444,"minecraft:purple_wool":30,"minecraft:black_stained_glass":6,"minecraft:coarse_dirt":99,"minecraft:red_terracotta":4088,"minecraft:cut_copper_slab":1,"minecraft:trapped_chest":18,"minecraft:light_blue_bed":6,"minecraft:cobblestone_wall":11,"minecraft:stripped_spruce_wood":2,"minecraft:weathered_cut_copper":2,"minecraft:purple_concrete":4,"minecraft:mangrove_leaves":205,"minecraft:dark_prismarine_slab":2236,"minecraft:sunflower":58,"minecraft:gravel":10587,"minecraft:cobweb":90,"minecraft:brown_terracotta":11839,"minecraft:oak_button":17,"minecraft:birch_sign":36,"minecraft:stone_bricks":96,"minecraft:gold_ore":234,"minecraft:chipped_anvil":2,"minecraft:iron_trapdoor":61,"minecraft:fern":28,"minecraft:stone_pressure_plate":4,"minecraft:oak_sapling":17,"minecraft:mossy_stone_brick_slab":3,"minecraft:andesite_stairs":6,"minecraft:orange_wool":69,"minecraft:brewing_stand":3,"minecraft:spruce_trapdoor":36,"minecraft:budding_amethyst":2,"minecraft:cracked_polished_blackstone_bricks":35,"minecraft:white_concrete":1310,"minecraft:bubble_coral_fan":5,"minecraft:composter":8,"minecraft:frosted_ice":3,"minecraft:gilded_blackstone":6,"minecraft:red_tulip":11,"minecraft:pointed_dripstone":48,"minecraft:flowering_azalea_leaves":54,"minecraft:azalea":4,"minecraft:potted_orange_tulip":2,"minecraft:spruce_slab":69,"minecraft:gray_terracotta":27924,"minecraft:deepslate_redstone_ore":1656,"minecraft:brown_shulker_box":60,"minecraft:quartz_block":105,"minecraft:exposed_copper":6,"minecraft:orange_terracotta":5029,"minecraft:purpur_stairs":4,"minecraft:light_gray_terracotta":2165,"minecraft:beacon":2,"minecraft:nether_quartz_ore":4163,"minecraft:oak_planks":7843,"minecraft:light_blue_banner":1,"minecraft:wall_torch":139,"minecraft:light_weighted_pressure_plate":4969,"minecraft:stone_stairs":14,"minecraft:light_blue_terracotta":2993,"minecraft:fire_coral_fan":3,"minecraft:warped_nylium":2071,"minecraft:blue_terracotta":2625,"minecraft:green_banner":2,"minecraft:warped_planks":4,"minecraft:exposed_cut_copper_slab":3,"minecraft:smooth_stone_slab":71,"minecraft:oak_log":1674,"minecraft:beetroots":2,"minecraft:lime_terracotta":3003,"minecraft:dirt":4324,"minecraft:raw_copper_block":1,"minecraft:dispenser":49,"minecraft:ancient_debris":46,"minecraft:crying_obsidian":35,"minecraft:pink_carpet":1043,"minecraft:quartz_stairs":65,"minecraft:dark_oak_leaves":66,"minecraft:red_stained_glass":1,"minecraft:mangrove_roots":101,"minecraft:lever":4,"minecraft:glow_lichen":2312,"minecraft:ladder":20,"minecraft:purple_terracotta":989,"minecraft:tube_coral_wall_fan":13,"minecraft:stone_button":11,"minecraft:weathered_copper":5,"minecraft:brown_mushroom_block":5050,"minecraft:birch_slab":22,"minecraft:spruce_leaves":844,"minecraft:crimson_stem":1968,"minecraft:hay_block":55,"minecraft:heavy_weighted_pressure_plate":6711,"minecraft:raw_gold_block":2452,"minecraft:nether_sprouts":19,"minecraft:light_gray_shulker_box":71,"minecraft:peony":4,"minecraft:gold_block":79,"minecraft:deepslate_iron_ore":3506,"minecraft:shroomlight":40,"minecraft:oxidized_cut_copper_slab":19,"minecraft:stripped_oak_log":13,"minecraft:oak_hanging_sign":2,"minecraft:pink_terracotta":493,"minecraft:scaffolding":12,"minecraft:acacia_leaves":37,"minecraft:magenta_stained_glass":1,"minecraft:snow_block":24,"minecraft:basalt":1072,"minecraft:polished_granite":1,"minecraft:oak_fence":77,"minecraft:honey_block":11,"minecraft:gray_stained_glass":53,"minecraft:lime_carpet":5184,"minecraft:stone_slab":660,"minecraft:quartz_bricks":4,"minecraft:deepslate_coal_ore":48,"minecraft:red_concrete":4,"minecraft:prismarine_bricks":19,"minecraft:birch_planks":34,"minecraft:bubble_coral":4,"minecraft:sea_pickle":11,"minecraft:ice":80,"minecraft:white_wall_banner":5,"minecraft:bee_nest":4,"minecraft:warped_hyphae":1767,"minecraft:black_wool":311,"minecraft:cocoa":168,"minecraft:cherry_leaves":35,"minecraft:flower_pot":6,"minecraft:cyan_carpet":279,"minecraft:yellow_concrete":262,"minecraft:cracked_stone_bricks":5,"minecraft:small_dripleaf":2,"minecraft:mossy_stone_bricks":2,"minecraft:dark_oak_planks":15,"minecraft:polished_granite_slab":1,"minecraft:light_blue_concrete":2,"minecraft:black_terracotta":6579,"minecraft:cherry_log":19,"minecraft:jungle_leaves":319,"minecraft:obsidian":191,"minecraft:carved_pumpkin":9,"minecraft:red_sand":111,"minecraft:stone_brick_wall":18,"minecraft:yellow_carpet":731,"minecraft:jungle_log":878,"minecraft:horn_coral_fan":4,"minecraft:deepslate_bricks":27,"minecraft:purpur_slab":32,"minecraft:bubble_coral_block":63,"minecraft:crimson_fungus":5,"minecraft:tube_coral_block":67,"minecraft:hopper":106,"minecraft:oxeye_daisy":4,"minecraft:chiseled_stone_bricks":4,"minecraft:orange_concrete":3,"minecraft:weeping_vines_plant":16,"minecraft:tall_seagrass":10,"minecraft:sticky_piston":2,"minecraft:cyan_wall_banner":2,"minecraft:pumpkin":80,"minecraft:moss_carpet":70,"minecraft:enchanting_table":2,"minecraft:cave_vines":15,"minecraft:oak_sign":12,"minecraft:polished_deepslate_slab":1,"minecraft:dirt_path":89,"minecraft:oak_stairs":160,"minecraft:quartz_slab":336,"minecraft:smooth_sandstone_stairs":8,"minecraft:brown_mushroom":21,"minecraft:red_bed":6,"minecraft:player_wall_head":53,"minecraft:blast_furnace":2,"minecraft:green_concrete_powder":25,"minecraft:polished_andesite_stairs":7,"minecraft:glass":109,"minecraft:cyan_bed":3,"minecraft:damaged_anvil":3,"minecraft:smooth_sandstone_slab":25,"minecraft:cyan_wool":84,"minecraft:black_concrete_powder":13174,"minecraft:light_gray_stained_glass":1,"minecraft:wheat":6250,"minecraft:pumpkin_stem":4,"minecraft:lime_concrete":299,"minecraft:warped_fungus":10,"minecraft:stone_brick_stairs":78,"minecraft:copper_block":47,"minecraft:oak_fence_gate":1,"minecraft:loom":2,"minecraft:purple_concrete_powder":3,"minecraft:red_mushroom_block":3850,"minecraft:stonecutter":31,"minecraft:piston":1,"minecraft:infested_deepslate":4,"minecraft:yellow_terracotta":5953,"minecraft:pink_shulker_box":1,"minecraft:light_gray_stained_glass_pane":40,"minecraft:stripped_birch_log":6,"minecraft:shulker_box":605,"minecraft:nether_bricks":22,"minecraft:cobbled_deepslate_slab":5692,"minecraft:allium":7,"minecraft:jungle_planks":5890,"minecraft:crimson_roots":51,"minecraft:orange_shulker_box":5,"minecraft:magenta_concrete":4,"minecraft:yellow_concrete_powder":118,"minecraft:lime_wool":16,"minecraft:horn_coral_wall_fan":20,"minecraft:moss_block":137,"minecraft:kelp":177,"minecraft:pink_wool":9,"minecraft:snow":23459,"minecraft:diamond_block":29,"minecraft:warped_wall_sign":2,"minecraft:potatoes":691,"minecraft:magenta_concrete_powder":3,"minecraft:warped_stem":477,"minecraft:smooth_quartz_stairs":21,"minecraft:bamboo_sapling":1,"minecraft:bamboo":7,"minecraft:cut_copper":8,"minecraft:white_wool":2546,"minecraft:brain_coral":8,"minecraft:light_gray_carpet":4464,"minecraft:gray_concrete":429,"minecraft:hanging_roots":7,"minecraft:brown_carpet":1252,"minecraft:stone_brick_slab":172,"minecraft:pink_concrete_powder":2499,"minecraft:observer":7,"minecraft:smooth_sandstone":323,"minecraft:light_gray_concrete_powder":61,"minecraft:emerald_ore":70,"minecraft:cyan_concrete_powder":12,"minecraft:dropper":95,"minecraft:big_dripleaf":4,"minecraft:prismarine_brick_slab":9173,"minecraft:white_carpet":6461,"minecraft:spruce_log":1717,"minecraft:birch_leaves":8042,"minecraft:jungle_fence":4,"minecraft:quartz_pillar":109,"minecraft:red_wall_banner":1,"minecraft:mycelium":111,"minecraft:dripstone_block":106,"minecraft:spruce_fence_gate":8,"minecraft:deepslate_emerald_ore":1,"minecraft:black_shulker_box":316,"minecraft:spruce_planks":9638,"minecraft:cobblestone_stairs":2,"minecraft:cave_vines_plant":4,"minecraft:stripped_crimson_hyphae":472,"minecraft:grass_block":10367,"minecraft:blue_concrete":2,"minecraft:soul_soil":154,"minecraft:stripped_warped_hyphae":4,"minecraft:sandstone_stairs":17,"minecraft:smooth_stone":160,"minecraft:raw_iron_block":14974,"minecraft:glowstone":664,"minecraft:iron_ore":5117,"minecraft:target":1,"minecraft:black_carpet":5906,"minecraft:anvil":5,"minecraft:azure_bluet":4,"minecraft:warped_button":20,"minecraft:purple_carpet":392,"minecraft:birch_wall_sign":168,"minecraft:jungle_pressure_plate":10,"minecraft:azalea_leaves":140,"minecraft:end_stone_bricks":21,"minecraft:brain_coral_block":64,"minecraft:green_bed":3,"minecraft:cyan_terracotta":9887,"minecraft:blackstone":844,"minecraft:twisting_vines_plant":1,"minecraft:soul_lantern":8,"minecraft:chiseled_quartz_block":56,"minecraft:clay":2507,"minecraft:calcite":77,"minecraft:poppy":28,"minecraft:chest":182,"minecraft:mushroom_stem":12611,"minecraft:cobblestone":6501,"minecraft:slime_block":6,"minecraft:grindstone":3,"minecraft:prismarine":5,"minecraft:iron_door":2,"minecraft:deepslate_copper_ore":28,"minecraft:pink_petals":40,"minecraft:seagrass":21,"minecraft:brown_concrete_powder":38,"minecraft:birch_log":11887,"minecraft:dark_oak_door":4,"minecraft:nether_wart_block":319,"minecraft:yellow_wool":42,"minecraft:lapis_block":4872,"minecraft:birch_trapdoor":60,"minecraft:light_gray_wool":53,"minecraft:orange_tulip":7,"minecraft:purpur_block":71,"minecraft:sand":109403,"minecraft:crimson_planks":93,"minecraft:tripwire_hook":2,"minecraft:oak_leaves":1063,"minecraft:netherrack":35157,"minecraft:polished_deepslate_wall":8,"minecraft:magenta_wool":10,"minecraft:horn_coral_block":62,"minecraft:emerald_block":1483,"minecraft:redstone_lamp":5,"minecraft:nether_gold_ore":132,"minecraft:diamond_ore":11,"minecraft:tube_coral":5,"minecraft:red_carpet":898,"minecraft:tuff":2850,"minecraft:deepslate_diamond_ore":224,"minecraft:oak_door":1,"minecraft:gray_shulker_box":321,"minecraft:weeping_vines":18,"minecraft:white_stained_glass":39,"minecraft:polished_andesite_slab":2,"minecraft:sandstone":1118,"minecraft:mangrove_propagule":9,"minecraft:rooted_dirt":35,"minecraft:large_fern":8,"minecraft:spore_blossom":1,"minecraft:oxidized_cut_copper":5,"minecraft:oak_trapdoor":15,"minecraft:spruce_sapling":2,"minecraft:furnace":28,"minecraft:carrots":61,"minecraft:chiseled_sandstone":1,"minecraft:stripped_spruce_log":27,"minecraft:black_concrete":227,"minecraft:polished_deepslate":2,"minecraft:lantern":12,"minecraft:packed_ice":14549,"minecraft:chorus_plant":4,"minecraft:white_tulip":2,"minecraft:stone":30836,"minecraft:yellow_shulker_box":67,"minecraft:redstone_wall_torch":5,"minecraft:podzol":299,"minecraft:flowering_azalea":5,"minecraft:light_blue_shulker_box":16,"minecraft:red_wool":11,"minecraft:cut_copper_stairs":5,"minecraft:spruce_door":2,"minecraft:red_banner":1,"minecraft:crafting_table":105,"minecraft:lime_concrete_powder":4,"minecraft:rose_bush":18,"minecraft:andesite_slab":14,"minecraft:lectern":3,"minecraft:lapis_ore":250,"minecraft:lily_pad":37,"minecraft:sculk":119,"minecraft:spruce_stairs":36,"minecraft:gray_wool":54,"minecraft:cactus":372,"minecraft:gray_concrete_powder":95,"minecraft:green_shulker_box":63,"minecraft:beehive":8,"minecraft:magenta_terracotta":241,"minecraft:sweet_berry_bush":1,"minecraft:yellow_bed":2,"minecraft:coal_ore":2560,"minecraft:end_rod":15,"minecraft:bubble_coral_wall_fan":22,"minecraft:gray_carpet":7888,"minecraft:terracotta":13452,"minecraft:crimson_hyphae":4436,"minecraft:birch_fence":59,"minecraft:warped_slab":2014},"minecraft:custom":{"minecraft:interact_with_crafting_table":3064,"minecraft:damage_blocked_by_shield":34381,"minecraft:play_time":65006348,"minecraft:deaths":114,"minecraft:jump":476209,"minecraft:play_record":12,"minecraft:interact_with_cartography_table":287,"minecraft:inspect_dispenser":1316,"minecraft:inspect_dropper":1347,"minecraft:interact_with_anvil":1279,"minecraft:inspect_hopper":702,"minecraft:tune_noteblock":21,"minecraft:time_since_rest":24455,"minecraft:swim_one_cm":2019343,"minecraft:open_chest":45779,"minecraft:open_shulker_box":20374,"minecraft:damage_resisted":119,"minecraft:play_noteblock":15,"minecraft:talked_to_villager":457,"minecraft:interact_with_brewingstand":25,"minecraft:interact_with_beacon":40,"minecraft:fill_cauldron":2,"minecraft:boat_one_cm":11670861,"minecraft:damage_taken":110031,"minecraft:aviate_one_cm":562299202,"minecraft:open_barrel":10771,"minecraft:eat_cake_slice":2,"minecraft:leave_game":1616,"minecraft:time_since_death":279401,"minecraft:enchant_item":43,"minecraft:interact_with_furnace":2773,"minecraft:traded_with_villager":546,"minecraft:sleep_in_bed":2558,"minecraft:damage_dealt":616993,"minecraft:interact_with_smithing_table":2,"minecraft:target_hit":1,"minecraft:sneak_time":907034,"minecraft:interact_with_lectern":92,"minecraft:interact_with_blast_furnace":644,"minecraft:total_world_time":65006348,"minecraft:interact_with_stonecutter":297,"minecraft:fly_one_cm":131395097,"minecraft:fish_caught":21,"minecraft:fall_one_cm":6162649,"minecraft:animals_bred":3005,"minecraft:sprint_one_cm":120555258,"minecraft:drop":4129,"minecraft:walk_on_water_one_cm":5229510,"minecraft:interact_with_loom":12,"minecraft:open_enderchest":805,"minecraft:player_kills":10,"minecraft:crouch_one_cm":2782228,"minecraft:mob_kills":45475,"minecraft:climb_one_cm":455384,"minecraft:walk_one_cm":249166277,"minecraft:walk_under_water_one_cm":3454132,"minecraft:pot_flower":14,"minecraft:interact_with_grindstone":16,"minecraft:damage_absorbed":82,"minecraft:trigger_trapped_chest":130,"minecraft:minecart_one_cm":150920},"minecraft:crafted":{"minecraft:lime_stained_glass":16,"minecraft:red_stained_glass_pane":32,"minecraft:green_banner":1,"minecraft:black_dye":1339,"minecraft:oak_sign":48,"minecraft:polished_deepslate_wall":29,"minecraft:blaze_powder":26,"minecraft:birch_boat":1,"minecraft:chain":26,"minecraft:blue_stained_glass_pane":16,"minecraft:diamond_shovel":4,"minecraft:nether_brick":80,"minecraft:cracked_stone_bricks":16,"minecraft:shulker_box":78,"minecraft:magenta_concrete_powder":264,"minecraft:beacon":2,"minecraft:light_blue_concrete_powder":264,"minecraft:stone_pressure_plate":3,"minecraft:iron_door":6,"minecraft:cyan_banner":2,"minecraft:dried_kelp_block":2,"minecraft:gray_stained_glass":64,"minecraft:bubble_coral_block":11,"minecraft:lime_concrete_powder":448,"minecraft:white_shulker_box":32,"minecraft:golden_axe":1,"minecraft:blue_stained_glass":8,"minecraft:redstone_lamp":10,"minecraft:end_rod":60,"minecraft:glow_item_frame":76,"minecraft:green_bed":1,"minecraft:raw_gold_block":143,"minecraft:lime_banner":2,"minecraft:smithing_table":4,"minecraft:mossy_cobblestone":8,"minecraft:sticky_piston":48,"minecraft:red_nether_bricks":2,"minecraft:fletching_table":4,"minecraft:painting":9,"minecraft:cartography_table":6,"minecraft:stone_brick_stairs":7,"minecraft:lectern":1,"minecraft:golden_leggings":1,"minecraft:stone_slab":26,"minecraft:iron_pickaxe":4,"minecraft:acacia_door":3,"minecraft:sandstone":519,"minecraft:netherite_ingot":11,"minecraft:composter":3,"minecraft:polished_blackstone_bricks":1,"minecraft:tube_coral_block":2,"minecraft:golden_carrot":162,"minecraft:jukebox":4,"minecraft:orange_shulker_box":4,"minecraft:iron_nugget":1359,"minecraft:spyglass":5,"minecraft:diamond_hoe":1,"minecraft:soul_torch":24,"minecraft:red_banner":3,"minecraft:blue_shulker_box":1,"minecraft:spruce_fence":180,"minecraft:moss_carpet":309,"minecraft:brain_coral_block":1,"minecraft:lantern":52,"minecraft:spruce_stairs":112,"minecraft:black_concrete_powder":6712,"minecraft:red_shulker_box":11,"minecraft:stone_pickaxe":7,"minecraft:spruce_boat":4,"minecraft:purple_carpet":6218,"minecraft:bundle":870,"minecraft:lead":2,"minecraft:light_gray_terracotta":440,"minecraft:cut_copper_slab":8,"minecraft:enchanting_table":3,"minecraft:cyan_bed":2,"minecraft:acacia_trapdoor":12,"minecraft:leather_helmet":8,"minecraft:red_carpet":10272,"minecraft:podzol":18,"minecraft:orange_dye":185,"minecraft:light_blue_carpet":6302,"minecraft:oak_fence_gate":24,"minecraft:red_stained_glass":32,"minecraft:soul_lantern":19,"minecraft:warped_sign":12,"minecraft:fermented_spider_eye":2,"minecraft:birch_trapdoor":96,"minecraft:writable_book":6,"minecraft:iron_shovel":3,"minecraft:armor_stand":98,"minecraft:note_block":24,"minecraft:pink_terracotta":144,"minecraft:grindstone":1,"minecraft:cobblestone_slab":24,"minecraft:barrel":209,"minecraft:birch_wood":3,"minecraft:packed_mud":25,"minecraft:cooked_chicken":33,"minecraft:lightning_rod":2,"minecraft:snow":6270,"minecraft:stone":920,"minecraft:red_sandstone":3,"minecraft:pink_carpet":6336,"minecraft:heavy_weighted_pressure_plate":1855,"minecraft:quartz_pillar":24,"minecraft:warped_planks":408,"minecraft:brown_carpet":1197,"minecraft:bow":35,"minecraft:purpur_pillar":1,"minecraft:comparator":3,"minecraft:polished_basalt":2,"minecraft:chest":532,"minecraft:copper_block":143,"minecraft:oak_button":15,"minecraft:yellow_terracotta":352,"minecraft:rail":48,"minecraft:blue_concrete_powder":264,"minecraft:bricks":4,"minecraft:birch_button":2,"minecraft:ender_eye":16,"minecraft:stone_bricks":308,"minecraft:oak_fence":168,"minecraft:respawn_anchor":1,"minecraft:golden_boots":1,"minecraft:white_banner":8,"minecraft:dropper":58,"minecraft:arrow":224,"minecraft:cauldron":2,"minecraft:chiseled_nether_bricks":2,"minecraft:lime_terracotta":792,"minecraft:iron_helmet":6,"minecraft:brown_dye":181,"minecraft:red_wool":3,"minecraft:chiseled_polished_blackstone":1,"minecraft:acacia_button":8,"minecraft:white_stained_glass_pane":336,"minecraft:warped_door":3,"minecraft:dispenser":26,"minecraft:tnt":4,"minecraft:spruce_trapdoor":74,"minecraft:yellow_dye":221,"minecraft:purple_dye":138,"minecraft:netherite_block":1,"minecraft:gray_terracotta":1984,"minecraft:stick":8576,"minecraft:iron_ingot":66540,"minecraft:light_blue_shulker_box":2,"minecraft:light_blue_stained_glass":8,"minecraft:lime_carpet":9604,"minecraft:cyan_carpet":525,"minecraft:deepslate_bricks":28,"minecraft:blue_terracotta":800,"minecraft:oak_door":9,"minecraft:tripwire_hook":8,"minecraft:stone_brick_wall":18,"minecraft:fishing_rod":1,"minecraft:beehive":4,"minecraft:leather_boots":9,"minecraft:golden_chestplate":2,"minecraft:spruce_button":4,"minecraft:furnace":27,"minecraft:blast_furnace":6,"minecraft:piston":63,"minecraft:raw_copper_block":5,"minecraft:smooth_quartz_stairs":8,"minecraft:oak_trapdoor":34,"minecraft:flint_and_steel":4,"minecraft:scaffolding":84,"minecraft:white_concrete_powder":2936,"minecraft:orange_terracotta":480,"minecraft:cobblestone_wall":30,"minecraft:brown_shulker_box":11,"minecraft:smooth_quartz_slab":148,"minecraft:birch_sign":177,"minecraft:smooth_sandstone_stairs":8,"minecraft:purple_terracotta":576,"minecraft:light_blue_stained_glass_pane":16,"minecraft:jungle_wood":18,"minecraft:iron_trapdoor":115,"minecraft:iron_sword":3,"minecraft:mangrove_planks":8,"minecraft:jungle_planks":1128,"minecraft:jungle_door":3,"minecraft:white_dye":1235,"minecraft:brown_concrete_powder":264,"minecraft:black_carpet":5184,"minecraft:anvil":65,"minecraft:stonecutter":2,"minecraft:crimson_door":3,"minecraft:pink_banner":3,"minecraft:torch":6864,"minecraft:magenta_carpet":654,"minecraft:granite_slab":6,"minecraft:ender_chest":4,"minecraft:light_gray_concrete_powder":296,"minecraft:smooth_stone":287,"minecraft:orange_carpet":10080,"minecraft:birch_slab":318,"minecraft:slime_block":4,"minecraft:loom":6,"minecraft:lever":6,"minecraft:bookshelf":10,"minecraft:cooked_mutton":5,"minecraft:iron_bars":32,"minecraft:red_concrete_powder":264,"minecraft:magenta_shulker_box":1,"minecraft:quartz_block":2224,"minecraft:glass":1607,"minecraft:light_blue_terracotta":704,"minecraft:repeater":28,"minecraft:diamond_leggings":1,"minecraft:birch_fence_gate":13,"minecraft:polished_blackstone":1,"minecraft:birch_door":6,"minecraft:chiseled_quartz_block":19,"minecraft:magenta_dye":53,"minecraft:flower_pot":14,"minecraft:glass_bottle":15,"minecraft:target":4,"minecraft:deepslate":64,"minecraft:wooden_shovel":7,"minecraft:emerald":513,"minecraft:smooth_quartz":987,"minecraft:cooked_porkchop":20,"minecraft:diamond_axe":4,"minecraft:spruce_door":6,"minecraft:copper_ingot":1322,"minecraft:hay_block":9,"minecraft:oak_wood":6,"minecraft:campfire":30,"minecraft:fire_coral_block":2,"minecraft:brown_banner":1,"minecraft:lime_shulker_box":6,"minecraft:lime_bed":1,"minecraft:green_terracotta":1560,"minecraft:compass":13845,"minecraft:white_terracotta":888,"minecraft:iron_block":3731,"minecraft:light_blue_bed":2,"minecraft:gold_ingot":2526,"minecraft:light_gray_dye":111,"minecraft:spruce_fence_gate":10,"minecraft:birch_stairs":20,"minecraft:yellow_concrete_powder":392,"minecraft:stone_shovel":101,"minecraft:smooth_stone_slab":26,"minecraft:leather_leggings":23,"minecraft:player_head":4096,"minecraft:yellow_bed":1,"minecraft:bone_meal":7776,"minecraft:pink_dye":282,"minecraft:white_carpet":9900,"minecraft:diamond":117,"minecraft:dark_oak_fence":6,"minecraft:ladder":51,"minecraft:spruce_slab":222,"minecraft:redstone_block":886,"minecraft:dark_oak_planks":464,"minecraft:stripped_crimson_hyphae":240,"minecraft:golden_helmet":1,"minecraft:wheat":477,"minecraft:coal_block":140,"minecraft:firework_star":211,"minecraft:daylight_detector":1,"minecraft:crossbow":2,"minecraft:dried_kelp":294,"minecraft:red_bed":1,"minecraft:polished_granite":1,"minecraft:gray_concrete_powder":544,"minecraft:sandstone_slab":60,"minecraft:glowstone":47,"minecraft:white_stained_glass":256,"minecraft:jungle_slab":6,"minecraft:sandstone_wall":48,"minecraft:andesite_slab":20,"minecraft:gray_shulker_box":18,"minecraft:cyan_shulker_box":21,"minecraft:oak_stairs":132,"minecraft:wooden_axe":4,"minecraft:iron_leggings":5,"minecraft:white_bed":5,"minecraft:blue_carpet":1080,"minecraft:brick":60,"minecraft:oak_planks":4928,"minecraft:dark_oak_boat":3,"minecraft:pink_shulker_box":1,"minecraft:oak_hanging_sign":6,"minecraft:cobblestone_stairs":4,"minecraft:warped_hyphae":678,"minecraft:light_blue_banner":5,"minecraft:spruce_pressure_plate":1,"minecraft:green_dye":664,"minecraft:dark_oak_door":9,"minecraft:hopper":279,"minecraft:iron_boots":8,"minecraft:raw_copper":36,"minecraft:mossy_cobblestone_slab":2,"minecraft:cyan_terracotta":2288,"minecraft:chiseled_stone_bricks":10,"minecraft:yellow_banner":3,"minecraft:stone_hoe":4,"minecraft:golden_sword":1,"minecraft:raw_iron_block":1450,"minecraft:smoker":2,"minecraft:quartz_stairs":12,"minecraft:item_frame":641,"minecraft:oak_slab":498,"minecraft:map":13298,"minecraft:crafting_table":33,"minecraft:spruce_planks":2520,"minecraft:wooden_pickaxe":1,"minecraft:baked_potato":1230,"minecraft:gold_block":86,"minecraft:hopper_minecart":123,"minecraft:birch_planks":6160,"minecraft:black_shulker_box":6,"minecraft:brown_glazed_terracotta":1,"minecraft:dark_oak_slab":6,"minecraft:book":33,"minecraft:iron_chestplate":5,"minecraft:paper":108901,"minecraft:charcoal":273,"minecraft:diamond_pickaxe":5,"minecraft:emerald_block":11,"minecraft:shield":21,"minecraft:light_blue_dye":134,"minecraft:warped_slab":720,"minecraft:light_weighted_pressure_plate":908,"minecraft:birch_fence":78,"minecraft:leather_chestplate":21,"minecraft:snow_block":3150,"minecraft:green_shulker_box":2,"minecraft:gray_carpet":10439,"minecraft:redstone_torch":102,"minecraft:light_gray_carpet":3195,"minecraft:light_gray_stained_glass_pane":160,"minecraft:shears":847,"minecraft:green_carpet":6342,"minecraft:crimson_hyphae":1326,"minecraft:sandstone_stairs":4,"minecraft:cherry_planks":4,"minecraft:coarse_dirt":288,"minecraft:wooden_sword":7,"minecraft:cobbled_deepslate_slab":312,"minecraft:raw_iron":9640,"minecraft:redstone":13389,"minecraft:coal":1179,"minecraft:light_gray_stained_glass":88,"minecraft:popped_chorus_fruit":15,"minecraft:stone_button":82,"minecraft:dark_oak_trapdoor":124,"minecraft:gray_dye":442,"minecraft:diamond_block":152,"minecraft:glass_pane":352,"minecraft:yellow_shulker_box":4,"minecraft:polished_deepslate":5,"minecraft:iron_axe":4,"minecraft:black_terracotta":1152,"minecraft:green_concrete_powder":264,"minecraft:spruce_wood":6,"minecraft:orange_concrete_powder":752,"minecraft:lime_dye":288,"minecraft:warped_button":11,"minecraft:filled_map":21275,"minecraft:chiseled_sandstone":3,"minecraft:netherite_scrap":44,"minecraft:orange_banner":2,"minecraft:observer":37,"minecraft:minecart":113,"minecraft:cooked_beef":999,"minecraft:sugar":4,"minecraft:red_dye":514,"minecraft:cooked_cod":46,"minecraft:cyan_concrete_powder":960,"minecraft:bone_block":19,"minecraft:crimson_planks":136,"minecraft:diamond_sword":7,"minecraft:cyan_dye":446,"minecraft:dark_oak_stairs":4,"minecraft:pink_concrete_powder":1808,"minecraft:powered_rail":6,"minecraft:yellow_carpet":7582,"minecraft:smooth_sandstone":664,"minecraft:nether_bricks":18,"minecraft:bucket":14,"minecraft:stone_axe":6,"minecraft:brown_terracotta":800,"minecraft:lodestone":2,"minecraft:air":0,"minecraft:bread":280,"minecraft:blue_dye":507,"minecraft:black_stained_glass":816,"minecraft:cut_copper":4,"minecraft:oak_boat":8,"minecraft:magenta_terracotta":96,"minecraft:smooth_sandstone_slab":24,"minecraft:white_wool":3,"minecraft:gold_nugget":1458,"minecraft:raw_gold":495,"minecraft:acacia_planks":60,"minecraft:purple_concrete_powder":264,"minecraft:firework_rocket":7125,"minecraft:lapis_lazuli":351,"minecraft:lapis_block":715,"minecraft:trapped_chest":4},"minecraft:picked_up":{"minecraft:stone_slab":708,"minecraft:lead":114,"minecraft:blue_concrete":2,"minecraft:music_disc_cat":5,"minecraft:polished_deepslate":2,"minecraft:string":619,"minecraft:pufferfish":4,"minecraft:shroomlight":45,"minecraft:diamond_leggings":15,"minecraft:horn_coral_block":62,"minecraft:bubble_coral":4,"minecraft:warped_slab":2028,"minecraft:diamond_ore":3,"minecraft:spruce_pressure_plate":2,"minecraft:weathered_cut_copper_slab":21,"minecraft:polished_blackstone_stairs":2,"minecraft:jukebox":4,"minecraft:big_dripleaf":23,"minecraft:purpur_pillar":48,"minecraft:acacia_log":25,"minecraft:cut_copper_stairs":5,"minecraft:lightning_rod":1,"minecraft:warped_button":33,"minecraft:golden_chestplate":2,"minecraft:gray_shulker_box":331,"minecraft:green_terracotta":9233,"minecraft:pink_terracotta":501,"minecraft:brown_carpet":9804,"minecraft:stone_sword":24,"minecraft:lime_carpet":25957,"minecraft:horn_coral_fan":23,"minecraft:red_tulip":11,"minecraft:carved_pumpkin":63,"minecraft:glowstone":656,"minecraft:end_rod":33,"minecraft:white_terracotta":15751,"minecraft:blaze_rod":73,"minecraft:snowball":12414,"minecraft:feather":256,"minecraft:cooked_beef":867,"minecraft:water_bucket":17,"minecraft:brown_wool":202,"minecraft:dark_oak_boat":2,"minecraft:copper_block":114,"minecraft:flint":94,"minecraft:magenta_terracotta":256,"minecraft:cyan_concrete_powder":12,"minecraft:pink_concrete_powder":2497,"minecraft:lantern":31,"minecraft:gray_concrete_powder":95,"minecraft:purple_carpet":3737,"minecraft:hanging_roots":7,"minecraft:stonecutter":31,"minecraft:warped_hyphae":1894,"minecraft:diamond_helmet":11,"minecraft:rabbit":6,"minecraft:honeycomb":3,"minecraft:glow_lichen":2301,"minecraft:lime_terracotta":3001,"minecraft:stripped_crimson_stem":478,"minecraft:birch_fence_gate":8,"minecraft:stripped_spruce_log":27,"minecraft:brown_mushroom_block":4688,"minecraft:blue_terracotta":2685,"minecraft:deepslate":1197,"minecraft:lever":15,"minecraft:granite":309,"minecraft:rooted_dirt":35,"minecraft:deepslate_coal_ore":14,"minecraft:light_gray_carpet":11035,"minecraft:crimson_roots":604,"minecraft:diamond_pickaxe":42,"minecraft:magenta_glazed_terracotta":2,"minecraft:mud":115,"minecraft:bee_nest":4,"minecraft:stripped_warped_hyphae":3,"minecraft:clay_ball":68,"minecraft:redstone_lamp":15,"minecraft:leather_leggings":17,"minecraft:acacia_button":6,"minecraft:purpur_block":66,"minecraft:fire_coral":3,"minecraft:heavy_weighted_pressure_plate":6974,"minecraft:cornflower":10,"minecraft:elytra":22,"minecraft:flint_and_steel":2,"minecraft:white_stained_glass":13,"minecraft:white_carpet":25644,"minecraft:iron_shovel":3,"minecraft:glass_pane":12,"minecraft:jungle_sapling":27,"minecraft:poppy":52,"minecraft:spruce_slab":68,"minecraft:minecart":10,"minecraft:birch_sapling":298,"minecraft:piston":2,"minecraft:copper_ore":22,"minecraft:lime_shulker_box":8,"minecraft:black_stained_glass":6,"minecraft:stone":21178,"minecraft:raw_gold_block":2452,"minecraft:music_disc_mellohi":3,"minecraft:white_dye":59,"minecraft:cyan_shulker_box":168,"minecraft:diamond_chestplate":1,"minecraft:stone_shovel":11,"minecraft:purpur_slab":41,"minecraft:hay_block":55,"minecraft:yellow_terracotta":6088,"minecraft:totem_of_undying":2,"minecraft:mutton":33,"minecraft:bone_block":266,"minecraft:rail":84,"minecraft:emerald_ore":26,"minecraft:oxeye_daisy":4,"minecraft:birch_leaves":7370,"minecraft:yellow_shulker_box":67,"minecraft:tripwire_hook":3,"minecraft:fern":26,"minecraft:jungle_fence":4,"minecraft:acacia_wood":1,"minecraft:purpur_stairs":3,"minecraft:lily_pad":37,"minecraft:paper":297,"minecraft:light_blue_banner":1,"minecraft:apple":47,"minecraft:warped_stem":475,"minecraft:oak_fence_gate":1,"minecraft:stone_pickaxe":3,"minecraft:iron_ore":325,"minecraft:polished_andesite_stairs":13,"minecraft:smooth_basalt":55,"minecraft:milk_bucket":1,"minecraft:light_gray_stained_glass":1,"minecraft:sweet_berries":56,"minecraft:red_wool":76,"minecraft:lime_concrete":299,"minecraft:weathered_copper":5,"minecraft:crying_obsidian":35,"minecraft:dragon_egg":1,"minecraft:leather_helmet":18,"minecraft:diamond_shovel":14,"minecraft:coal_ore":318,"minecraft:slime_ball":133,"minecraft:deepslate_redstone_ore":222,"minecraft:painting":18,"minecraft:birch_sign":280,"minecraft:baked_potato":181,"minecraft:smooth_quartz_slab":278,"minecraft:hopper":102,"minecraft:black_carpet":81411,"minecraft:light_blue_concrete":2,"minecraft:ender_chest":21,"minecraft:yellow_wool":171,"minecraft:gilded_blackstone":38,"minecraft:stone_brick_stairs":90,"minecraft:lapis_block":5040,"minecraft:deepslate_lapis_ore":76,"minecraft:experience_bottle":1,"minecraft:red_sand":110,"minecraft:smooth_stone":167,"minecraft:bucket":1,"minecraft:light_weighted_pressure_plate":4982,"minecraft:white_tulip":2,"minecraft:red_dye":82,"minecraft:rose_bush":278,"minecraft:cobblestone_slab":2527,"minecraft:ender_eye":1,"minecraft:azalea":14,"minecraft:iron_pickaxe":3,"minecraft:smooth_quartz":180,"minecraft:smooth_quartz_stairs":21,"minecraft:deepslate_iron_ore":403,"minecraft:blue_wool":169,"minecraft:birch_trapdoor":60,"minecraft:spruce_stairs":51,"minecraft:diorite":278,"minecraft:vine":34,"minecraft:goat_horn":1,"minecraft:rotten_flesh":1319,"minecraft:brown_shulker_box":60,"minecraft:mangrove_roots":97,"minecraft:deepslate_copper_ore":12,"minecraft:music_disc_wait":3,"minecraft:obsidian":198,"minecraft:cobblestone":16357,"minecraft:enchanting_table":2,"minecraft:pink_petals":99,"minecraft:leather_chestplate":9,"minecraft:repeater":17,"minecraft:andesite":698,"minecraft:orange_carpet":24134,"minecraft:golden_leggings":8,"minecraft:beacon":21,"minecraft:potato":2475,"minecraft:smooth_sandstone_stairs":8,"minecraft:prismarine_bricks":15,"minecraft:stripped_birch_log":6,"minecraft:dirt":5039,"minecraft:name_tag":2,"minecraft:glass":101,"minecraft:bone":1291,"minecraft:bow":127,"minecraft:orange_tulip":9,"minecraft:wheat_seeds":16839,"minecraft:birch_wood":1,"minecraft:grindstone":3,"minecraft:mossy_stone_bricks":2,"minecraft:bamboo":39,"minecraft:cyan_concrete":1272,"minecraft:prismarine":5,"minecraft:gray_stained_glass":43,"minecraft:light_blue_shulker_box":17,"minecraft:melon":7,"minecraft:grass_block":9389,"minecraft:diamond_block":92,"minecraft:mossy_cobblestone":34,"minecraft:jungle_leaves":242,"minecraft:light_gray_terracotta":2360,"minecraft:yellow_carpet":10553,"minecraft:light_blue_terracotta":2991,"minecraft:slime_block":5,"minecraft:soul_lantern":10,"minecraft:cracked_polished_blackstone_bricks":34,"minecraft:crossbow":7,"minecraft:bone_meal":27,"minecraft:grass":147,"minecraft:golden_apple":34,"minecraft:spruce_sign":13,"minecraft:emerald":183,"minecraft:netherrack":22182,"minecraft:chorus_fruit":15,"minecraft:andesite_slab":51,"minecraft:oak_leaves":159,"minecraft:azure_bluet":4,"minecraft:splash_potion":1,"minecraft:ladder":90,"minecraft:brown_mushroom":136,"minecraft:packed_ice":14529,"minecraft:pink_wool":75,"minecraft:stone_brick_wall":26,"minecraft:chain":2,"minecraft:shield":8,"minecraft:oak_trapdoor":15,"minecraft:moss_carpet":118,"minecraft:blackstone":504,"minecraft:mycelium":111,"minecraft:birch_fence":55,"minecraft:magenta_wool":11,"minecraft:lime_wool":40,"minecraft:end_stone":23,"minecraft:flowering_azalea_leaves":37,"minecraft:note_block":8,"minecraft:polished_blackstone_bricks":64,"minecraft:music_disc_11":3,"minecraft:brown_concrete_powder":38,"minecraft:light_blue_bed":6,"minecraft:light_gray_stained_glass_pane":22,"minecraft:stone_pressure_plate":11,"minecraft:purple_terracotta":989,"minecraft:blue_concrete_powder":10,"minecraft:tube_coral":5,"minecraft:weeping_vines":49,"minecraft:red_shulker_box":52,"minecraft:pumpkin_pie":137,"minecraft:nether_bricks":22,"minecraft:jungle_boat":17,"minecraft:basalt":1223,"minecraft:golden_carrot":43,"minecraft:leather":525,"minecraft:ice":79,"minecraft:crimson_fungus":104,"minecraft:chainmail_chestplate":1,"minecraft:yellow_bed":2,"minecraft:gunpowder":620,"minecraft:cobblestone_wall":23,"minecraft:orange_terracotta":5115,"minecraft:cooked_mutton":8,"minecraft:red_carpet":15782,"minecraft:gray_carpet":27294,"minecraft:acacia_trapdoor":4,"minecraft:deepslate_emerald_ore":1,"minecraft:rabbit_hide":7,"minecraft:iron_ingot":837,"minecraft:cooked_chicken":54,"minecraft:prismarine_brick_slab":9263,"minecraft:polished_andesite_slab":2,"minecraft:sculk_catalyst":11,"minecraft:pink_bed":1,"minecraft:nether_quartz_ore":80,"minecraft:warped_fungus":14,"minecraft:emerald_block":1483,"minecraft:stone_brick_slab":227,"minecraft:quartz":9129,"minecraft:dandelion":41,"minecraft:lava_bucket":3,"minecraft:amethyst_shard":60,"minecraft:red_banner":2,"minecraft:spruce_door":2,"minecraft:mangrove_leaves":93,"minecraft:pumpkin_seeds":26,"minecraft:white_concrete_powder":12948,"minecraft:chainmail_leggings":4,"minecraft:cherry_sapling":9,"minecraft:exposed_cut_copper_slab":27,"minecraft:terracotta":13451,"minecraft:damaged_anvil":3,"minecraft:netherite_hoe":3,"minecraft:wooden_axe":2,"minecraft:sunflower":151,"minecraft:seagrass":5,"minecraft:iron_chestplate":5,"minecraft:chainmail_boots":2,"minecraft:flower_pot":8,"minecraft:anvil":8,"minecraft:magenta_carpet":1721,"minecraft:diamond_sword":21,"minecraft:oak_stairs":160,"minecraft:birch_button":2,"minecraft:brewing_stand":3,"minecraft:polished_deepslate_wall":8,"minecraft:amethyst_block":74,"minecraft:dark_oak_trapdoor":40,"minecraft:soul_soil":119,"minecraft:blue_stained_glass_pane":1,"minecraft:beetroot":2,"minecraft:orange_concrete_powder":692,"minecraft:gold_nugget":956,"minecraft:cobbled_deepslate":5253,"minecraft:spruce_planks":9770,"minecraft:acacia_sign":1,"minecraft:written_book":9,"minecraft:azalea_leaves":78,"minecraft:enchanted_golden_apple":1,"minecraft:melon_slice":66,"minecraft:mangrove_log":34,"minecraft:dark_oak_door":6,"minecraft:golden_helmet":13,"minecraft:beehive":22,"minecraft:music_disc_blocks":7,"minecraft:magenta_concrete_powder":3,"minecraft:composter":8,"minecraft:green_bed":3,"minecraft:pink_carpet":7763,"minecraft:sandstone_wall":59,"minecraft:cherry_log":19,"minecraft:warped_planks":4,"minecraft:rabbit_foot":1,"minecraft:light_blue_wool":83,"minecraft:tropical_fish":19,"minecraft:iron_block":655,"minecraft:cyan_terracotta":9893,"minecraft:birch_log":12155,"minecraft:magma_block":35,"minecraft:oxidized_copper":3,"minecraft:iron_door":2,"minecraft:birch_slab":23,"minecraft:jungle_log":894,"minecraft:green_concrete_powder":25,"minecraft:jungle_wood":5,"minecraft:stripped_spruce_wood":2,"minecraft:map":10,"minecraft:netherite_leggings":1,"minecraft:gray_concrete":431,"minecraft:light_gray_concrete_powder":61,"minecraft:twisting_vines":1,"minecraft:chipped_anvil":1,"minecraft:gray_terracotta":28881,"minecraft:glowstone_dust":290,"minecraft:moss_block":514,"minecraft:warped_wart_block":436,"minecraft:dropper":92,"minecraft:granite_slab":1,"minecraft:ink_sac":235,"minecraft:loom":2,"minecraft:dark_oak_log":564,"minecraft:trapped_chest":17,"minecraft:red_terracotta":4114,"minecraft:barrel":178,"minecraft:bundle":139,"minecraft:quartz_bricks":4,"minecraft:dispenser":47,"minecraft:black_concrete_powder":13430,"minecraft:green_concrete":2,"minecraft:writable_book":5,"minecraft:polished_granite_slab":1,"minecraft:deepslate_gold_ore":253,"minecraft:bread":16,"minecraft:chainmail_helmet":3,"minecraft:spruce_leaves":574,"minecraft:crafting_table":109,"minecraft:coarse_dirt":99,"minecraft:sandstone_slab":97,"minecraft:bubble_coral_fan":27,"minecraft:purple_wool":166,"minecraft:nether_wart":81,"minecraft:red_bed":6,"minecraft:snow":10951,"minecraft:compass":22,"minecraft:cracked_stone_bricks":5,"minecraft:cartography_table":1,"minecraft:deepslate_diamond_ore":58,"minecraft:music_disc_otherside":1,"minecraft:beef":246,"minecraft:cyan_wool":90,"minecraft:iron_nugget":160,"minecraft:quartz_stairs":65,"minecraft:chest":213,"minecraft:raw_copper_block":1,"minecraft:egg":505,"minecraft:sandstone":1082,"minecraft:polished_deepslate_slab":1,"minecraft:oak_door":3,"minecraft:glow_item_frame":56,"minecraft:spruce_fence":40,"minecraft:carrot":277,"minecraft:redstone":9507,"minecraft:mushroom_stem":12466,"minecraft:prismarine_crystals":2,"minecraft:blue_carpet":2256,"minecraft:cooked_cod":2,"minecraft:beetroot_seeds":6,"minecraft:peony":4,"minecraft:tube_coral_fan":15,"minecraft:diamond_boots":11,"minecraft:shears":17,"minecraft:deepslate_bricks":27,"minecraft:cut_copper":8,"minecraft:sandstone_stairs":17,"minecraft:warped_sign":3,"minecraft:tube_coral_block":67,"minecraft:gold_ingot":4,"minecraft:white_shulker_box":235,"minecraft:glow_berries":67,"minecraft:lime_concrete_powder":4,"minecraft:white_wool":3095,"minecraft:lapis_ore":67,"minecraft:stripped_oak_log":13,"minecraft:red_mushroom_block":1463,"minecraft:red_mushroom":561,"minecraft:filled_map":6531,"minecraft:brown_concrete":2,"minecraft:oak_log":1675,"minecraft:ancient_debris":46,"minecraft:golden_boots":12,"minecraft:white_banner":22,"minecraft:stone_bricks":116,"minecraft:kelp":597,"minecraft:music_disc_far":3,"minecraft:cobweb":13,"minecraft:glass_bottle":3,"minecraft:iron_sword":5,"minecraft:flowering_azalea":13,"minecraft:white_stained_glass_pane":64,"minecraft:sculk":180,"minecraft:yellow_concrete":262,"minecraft:gravel":10344,"minecraft:birch_stairs":24,"minecraft:spruce_sapling":92,"minecraft:spruce_log":1755,"minecraft:sea_lantern":67,"minecraft:firework_rocket":1206,"minecraft:light_blue_carpet":10022,"minecraft:diamond_axe":19,"minecraft:redstone_ore":29,"minecraft:gray_wool":57,"minecraft:warped_roots":39,"minecraft:oak_button":26,"minecraft:melon_seeds":3,"minecraft:crimson_nylium":17823,"minecraft:warped_nylium":2065,"minecraft:mangrove_propagule":8,"minecraft:ender_pearl":12942,"minecraft:shulker_shell":141,"minecraft:music_disc_strad":6,"minecraft:wheat":6198,"minecraft:exposed_copper":6,"minecraft:redstone_block":10535,"minecraft:iron_trapdoor":62,"minecraft:light_gray_shulker_box":71,"minecraft:potion":8,"minecraft:brain_coral_block":64,"minecraft:crimson_planks":112,"minecraft:raw_copper":1804,"minecraft:oak_hanging_sign":4,"minecraft:smooth_stone_slab":76,"minecraft:iron_leggings":5,"minecraft:sticky_piston":7,"minecraft:armor_stand":43,"minecraft:pink_shulker_box":1,"minecraft:oak_sign":36,"minecraft:sea_pickle":37,"minecraft:deepslate_tiles":39,"minecraft:black_shulker_box":322,"minecraft:dark_oak_leaves":1,"minecraft:redstone_torch":9,"minecraft:calcite":77,"minecraft:iron_boots":4,"minecraft:furnace":29,"minecraft:stick":675,"minecraft:orange_shulker_box":5,"minecraft:brown_terracotta":12027,"minecraft:oak_fence":77,"minecraft:torch":1154,"minecraft:snow_block":19,"minecraft:porkchop":95,"minecraft:target":1,"minecraft:pointed_dripstone":506,"minecraft:yellow_concrete_powder":117,"minecraft:green_banner":2,"minecraft:quartz_block":330,"minecraft:nether_gold_ore":20,"minecraft:cactus":1106,"minecraft:green_wool":137,"minecraft:fire_coral_fan":20,"minecraft:cod":74,"minecraft:crimson_hyphae":4582,"minecraft:jungle_pressure_plate":10,"minecraft:magma_cream":27,"minecraft:chiseled_quartz_block":58,"minecraft:tuff":1825,"minecraft:horn_coral":2,"minecraft:wither_skeleton_skull":9,"minecraft:green_shulker_box":62,"minecraft:lapis_lazuli":6394,"minecraft:weathered_cut_copper":2,"minecraft:polished_granite":1,"minecraft:leather_boots":12,"minecraft:raw_gold":2306,"minecraft:cobbled_deepslate_slab":5901,"minecraft:powered_rail":7,"minecraft:oak_planks":8237,"minecraft:stone_hoe":2,"minecraft:mossy_stone_brick_stairs":1,"minecraft:brain_coral":8,"minecraft:ghast_tear":18,"minecraft:pink_concrete":5,"minecraft:black_terracotta":6696,"minecraft:cooked_porkchop":27,"minecraft:music_disc_13":9,"minecraft:sand":112188,"minecraft:oak_pressure_plate":1,"minecraft:poisonous_potato":15,"minecraft:jungle_planks":5894,"minecraft:dead_bush":3,"minecraft:cyan_bed":4,"minecraft:oxidized_cut_copper_slab":31,"minecraft:chiseled_sandstone":1,"minecraft:shulker_box":609,"minecraft:orange_wool":100,"minecraft:exposed_cut_copper":6,"minecraft:dark_prismarine":2,"minecraft:light_gray_concrete":69,"minecraft:dark_prismarine_slab":2249,"minecraft:spruce_fence_gate":8,"minecraft:clay":2544,"minecraft:diamond":498,"minecraft:spruce_boat":6,"minecraft:black_concrete":227,"minecraft:white_concrete":1316,"minecraft:oak_sapling":309,"minecraft:bubble_coral_block":63,"minecraft:nether_star":2,"minecraft:end_stone_bricks":32,"minecraft:charcoal":7,"minecraft:cocoa_beans":521,"minecraft:allium":7,"minecraft:chicken":163,"minecraft:wooden_pickaxe":2,"minecraft:gold_block":185,"minecraft:stone_stairs":67,"minecraft:orange_concrete":3,"minecraft:iron_axe":2,"minecraft:wooden_sword":15,"minecraft:quartz_slab":344,"minecraft:item_frame":715,"minecraft:cyan_carpet":1543,"minecraft:andesite_stairs":12,"minecraft:oak_boat":42,"minecraft:player_head":433,"minecraft:observer":26,"minecraft:light_gray_wool":62,"minecraft:lectern":3,"minecraft:blue_shulker_box":1,"minecraft:sugar_cane":3169,"minecraft:spruce_trapdoor":36,"minecraft:phantom_membrane":9,"minecraft:dark_oak_sapling":42,"minecraft:stripped_crimson_hyphae":472,"minecraft:raw_iron":17268,"minecraft:copper_ingot":42,"minecraft:bowl":1,"minecraft:quartz_pillar":109,"minecraft:stone_button":34,"minecraft:dark_oak_planks":15,"minecraft:smooth_sandstone_slab":27,"minecraft:arrow":2153,"minecraft:crimson_stem":1951,"minecraft:glow_ink_sac":150,"minecraft:salmon":11,"minecraft:birch_planks":64,"minecraft:nether_wart_block":320,"minecraft:cobblestone_stairs":1,"minecraft:cut_copper_slab":1,"minecraft:podzol":281,"minecraft:smooth_sandstone":387,"minecraft:fire_coral_block":57,"minecraft:oxidized_cut_copper":5,"minecraft:acacia_sapling":5,"minecraft:soul_sand":276,"minecraft:purple_concrete":4,"minecraft:music_disc_chirp":3,"minecraft:book":10,"minecraft:scaffolding":18,"minecraft:oak_slab":180,"minecraft:pumpkin":83,"minecraft:chiseled_stone_bricks":3,"minecraft:raw_iron_block":15184,"minecraft:dripstone_block":108,"minecraft:brain_coral_fan":21,"minecraft:blast_furnace":2,"minecraft:white_bed":95,"minecraft:gold_ore":30,"minecraft:green_carpet":11065,"minecraft:mossy_stone_brick_slab":3,"minecraft:spider_eye":886,"minecraft:cyan_banner":2,"minecraft:music_disc_mall":12,"minecraft:campfire":16,"minecraft:honey_block":10,"minecraft:iron_helmet":5,"minecraft:black_wool":318,"minecraft:magenta_concrete":4,"minecraft:red_concrete":4,"minecraft:coal":5145,"minecraft:purple_concrete_powder":3}},"DataVersion":3463}