{"stats":{"minecraft:killed_by":{"minecraft:player":1},"minecraft:killed":{"minecraft:zombie":1,"minecraft:creeper":1},"minecraft:mined":{"minecraft:carrots":3,"minecraft:mossy_cobblestone":1,"minecraft:wheat":5,"minecraft:grass":2,"minecraft:potatoes":1,"minecraft:coal_ore":3,"minecraft:chest":2,"minecraft:tall_grass":1,"minecraft:stone":3},"minecraft:picked_up":{"minecraft:crafting_table":2,"minecraft:wheat":4,"minecraft:stone":1,"minecraft:polished_deepslate_stairs":42,"minecraft:copper_block":10,"minecraft:potato":3,"minecraft:birch_planks":23,"minecraft:tuff":3,"minecraft:warped_trapdoor":12,"minecraft:warped_stairs":84,"minecraft:warped_button":25,"minecraft:carrot":9,"minecraft:paper":2,"minecraft:string":9,"minecraft:mossy_cobblestone":1,"minecraft:compass":1,"minecraft:arrow":2,"minecraft:glass":2,"minecraft:warped_fence":6,"minecraft:rotten_flesh":1,"minecraft:bow":1,"minecraft:wheat_seeds":16,"minecraft:bucket":4,"minecraft:stripped_warped_stem":4,"minecraft:deepslate_bricks":3,"minecraft:iron_ingot":4,"minecraft:birch_sign":2,"minecraft:player_head":1,"minecraft:emerald":1,"minecraft:red_concrete":39,"minecraft:chest":1,"minecraft:coal":3,"minecraft:oak_planks":2,"minecraft:iron_bars":64,"minecraft:egg":2,"minecraft:cobblestone":64,"minecraft:ender_pearl":8},"minecraft:used":{"minecraft:diamond_pickaxe":16,"minecraft:firework_rocket":152,"minecraft:diamond_shovel":1,"minecraft:ender_pearl":8,"minecraft:diamond_axe":2,"minecraft:golden_carrot":7,"minecraft:bow":19,"minecraft:birch_sign":2},"minecraft:dropped":{"minecraft:crafting_table":1,"minecraft:oak_planks":1},"minecraft:custom":{"minecraft:time_since_rest":554,"minecraft:sprint_one_cm":35349,"minecraft:open_enderchest":1,"minecraft:damage_taken":856,"minecraft:walk_one_cm":470304,"minecraft:mob_kills":2,"minecraft:drop":2,"minecraft:minecart_one_cm":51545,"minecraft:damage_dealt":17,"minecraft:fly_one_cm":13950,"minecraft:open_chest":13,"minecraft:deaths":1,"minecraft:crouch_one_cm":32,"minecraft:open_shulker_box":5,"minecraft:play_time":125370,"minecraft:sneak_time":192,"minecraft:walk_under_water_one_cm":29525,"minecraft:interact_with_lectern":1,"minecraft:aviate_one_cm":2650057,"minecraft:jump":609,"minecraft:leave_game":1,"minecraft:time_since_death":468,"minecraft:walk_on_water_one_cm":7161,"minecraft:sleep_in_bed":1,"minecraft:climb_one_cm":2194,"minecraft:total_world_time":125370,"minecraft:fall_one_cm":26894}},"DataVersion":3120}