{"stats":{"minecraft:used":{"minecraft:moss_block":115,"minecraft:peony":8,"minecraft:writable_book":3,"minecraft:smooth_quartz_slab":12,"minecraft:spruce_slab":253,"minecraft:ladder":22,"minecraft:elytra":6,"minecraft:poppy":4,"minecraft:chest":63,"minecraft:stone":368,"minecraft:tube_coral":2,"minecraft:lily_of_the_valley":1,"minecraft:cut_copper":72,"minecraft:brick_slab":41,"minecraft:snowball":105,"minecraft:stripped_spruce_log":18,"minecraft:polished_blackstone_slab":4,"minecraft:packed_ice":135,"minecraft:honeycomb":38,"minecraft:quartz_pillar":1,"minecraft:red_wool":12,"minecraft:mangrove_stairs":21,"minecraft:grass_block":567,"minecraft:polished_andesite_stairs":82,"minecraft:dark_oak_slab":27,"minecraft:stone_brick_stairs":3,"minecraft:netherite_boots":1,"minecraft:stripped_mangrove_log":43,"minecraft:red_stained_glass_pane":10,"minecraft:bow":220,"minecraft:snow":397,"minecraft:sweet_berries":35,"minecraft:oak_sapling":1,"minecraft:furnace":12,"minecraft:cooked_cod":118,"minecraft:mangrove_slab":29,"minecraft:egg":3,"minecraft:emerald_ore":13,"minecraft:diorite":1,"minecraft:damaged_anvil":1,"minecraft:brick_wall":1,"minecraft:spruce_door":4,"minecraft:acacia_trapdoor":28,"minecraft:cut_copper_slab":9,"minecraft:chorus_fruit":9,"minecraft:black_glazed_terracotta":1,"minecraft:composter":15,"minecraft:oak_leaves":61,"minecraft:cookie":9,"minecraft:glow_berries":8,"minecraft:dark_oak_trapdoor":24,"minecraft:blast_furnace":2,"minecraft:gray_concrete":104,"minecraft:red_sandstone_wall":15,"minecraft:deepslate_brick_stairs":1,"minecraft:lightning_rod":24,"minecraft:deepslate_tiles":153,"minecraft:gray_stained_glass_pane":2,"minecraft:deepslate_iron_ore":11,"minecraft:cyan_carpet":13,"minecraft:stone_button":92,"minecraft:spore_blossom":5,"minecraft:lectern":11,"minecraft:red_terracotta":1783,"minecraft:lilac":16,"minecraft:polished_andesite_slab":66,"minecraft:flowering_azalea_leaves":82,"minecraft:soul_lantern":46,"minecraft:diamond_sword":1533,"minecraft:smithing_table":2,"minecraft:green_concrete_powder":15,"minecraft:ice":83,"minecraft:waxed_cut_copper_stairs":7,"minecraft:oak_boat":2,"minecraft:gray_stained_glass":7,"minecraft:diorite_slab":35,"minecraft:oak_trapdoor":16,"minecraft:stripped_acacia_wood":12,"minecraft:iron_bars":6,"minecraft:acacia_log":7,"minecraft:carved_pumpkin":4,"minecraft:armor_stand":4,"minecraft:red_concrete":12,"minecraft:light_gray_carpet":2,"minecraft:mangrove_fence":48,"minecraft:polished_blackstone_wall":6,"minecraft:cooked_salmon":61,"minecraft:green_glazed_terracotta":25,"minecraft:torch":234,"minecraft:anvil":11,"minecraft:stone_stairs":88,"minecraft:dead_tube_coral":1,"minecraft:glow_lichen":140,"minecraft:mud_brick_stairs":2,"minecraft:oak_fence_gate":15,"minecraft:small_dripleaf":1,"minecraft:shroomlight":1,"minecraft:red_shulker_box":105,"minecraft:rooted_dirt":13,"minecraft:spruce_button":7,"minecraft:smooth_quartz":2,"minecraft:totem_of_undying":8,"minecraft:mud_bricks":31,"minecraft:barrel":58,"minecraft:bamboo":8,"minecraft:basalt":9,"minecraft:iron_trapdoor":33,"minecraft:oxidized_copper":1,"minecraft:podzol":6,"minecraft:acacia_wood":47,"minecraft:observer":11,"minecraft:acacia_planks":1,"minecraft:cobbled_deepslate":476,"minecraft:orange_terracotta":61,"minecraft:hanging_roots":12,"minecraft:wheat_seeds":233,"minecraft:water_bucket":3,"minecraft:light_blue_shulker_box":66,"minecraft:sandstone_stairs":1,"minecraft:lead":1,"minecraft:red_mushroom_block":1,"minecraft:cauldron":1,"minecraft:glow_ink_sac":9,"minecraft:spruce_fence_gate":18,"minecraft:deepslate_bricks":21,"minecraft:polished_deepslate_slab":216,"minecraft:mossy_cobblestone":18,"minecraft:lime_terracotta":479,"minecraft:cyan_glazed_terracotta":1,"minecraft:vine":57,"minecraft:crafting_table":36,"minecraft:crimson_trapdoor":10,"minecraft:oak_slab":2,"minecraft:red_bed":3,"minecraft:birch_sign":2,"minecraft:cod":5,"minecraft:sculk_shrieker":1,"minecraft:white_bed":7,"minecraft:campfire":13,"minecraft:dark_oak_fence_gate":2,"minecraft:mangrove_sign":9,"minecraft:spruce_log":292,"minecraft:mushroom_stem":1,"minecraft:small_amethyst_bud":1,"minecraft:oak_log":42,"minecraft:mud":8,"minecraft:dark_prismarine":11,"minecraft:diamond_pickaxe":11021,"minecraft:waxed_exposed_cut_copper_stairs":3,"minecraft:diamond_shovel":5734,"minecraft:acacia_sign":4,"minecraft:sunflower":30,"minecraft:spruce_trapdoor":316,"minecraft:magenta_concrete_powder":1,"minecraft:spruce_sapling":50,"minecraft:green_carpet":10,"minecraft:chiseled_stone_bricks":3,"minecraft:potion":3,"minecraft:cobblestone":134,"minecraft:azalea_leaves":21,"minecraft:cooked_porkchop":8,"minecraft:brown_mushroom_block":11,"minecraft:jukebox":1,"minecraft:diamond_leggings":1,"minecraft:dandelion":4,"minecraft:candle":64,"minecraft:moss_carpet":35,"minecraft:waxed_exposed_cut_copper":2,"minecraft:iron_shovel":1000,"minecraft:polished_deepslate":215,"minecraft:carrot_on_a_stick":12,"minecraft:oak_sign":3,"minecraft:iron_sword":1,"minecraft:player_head":38,"minecraft:green_terracotta":52,"minecraft:oxidized_cut_copper":17,"minecraft:sculk_sensor":3,"minecraft:white_candle":8,"minecraft:spruce_leaves":1447,"minecraft:tuff":93,"minecraft:polished_deepslate_stairs":58,"minecraft:big_dripleaf":11,"minecraft:crimson_button":8,"minecraft:coal_ore":208,"minecraft:bricks":16,"minecraft:cyan_terracotta":132,"minecraft:mangrove_log":86,"minecraft:lantern":37,"minecraft:spruce_wood":111,"minecraft:packed_mud":51,"minecraft:dark_oak_wood":39,"minecraft:iron_helmet":2,"minecraft:mossy_cobblestone_slab":36,"minecraft:gray_concrete_powder":233,"minecraft:stone_bricks":103,"minecraft:item_frame":17,"minecraft:deepslate_diamond_ore":37,"minecraft:repeater":59,"minecraft:red_carpet":9,"minecraft:magma_block":1,"minecraft:horn_coral":1,"minecraft:written_book":11,"minecraft:gold_block":4,"minecraft:pink_concrete_powder":1,"minecraft:pearlescent_froglight":11,"minecraft:polished_blackstone_stairs":1,"minecraft:dark_oak_sapling":23,"minecraft:dark_oak_stairs":12,"minecraft:end_rod":60,"minecraft:stripped_acacia_log":1,"minecraft:wither_skeleton_skull":1,"minecraft:birch_leaves":123,"minecraft:dark_oak_sign":2,"minecraft:mangrove_planks":133,"minecraft:oak_planks":36,"minecraft:birch_wood":6,"minecraft:ender_pearl":6,"minecraft:sandstone":23,"minecraft:diamond_axe":2184,"minecraft:white_wool":36,"minecraft:yellow_terracotta":15,"minecraft:loom":7,"minecraft:light_blue_wool":2,"minecraft:black_banner":4,"minecraft:deepslate_redstone_ore":64,"minecraft:black_bed":9,"minecraft:blackstone_wall":4,"minecraft:note_block":88,"minecraft:stone_brick_wall":65,"minecraft:shears":2132,"minecraft:cobbled_deepslate_stairs":7,"minecraft:deepslate_lapis_ore":10,"minecraft:redstone_torch":11,"minecraft:sticky_piston":6,"minecraft:black_terracotta":135,"minecraft:lever":27,"minecraft:green_concrete":6,"minecraft:firework_rocket":2095,"minecraft:daylight_detector":3,"minecraft:dark_oak_log":121,"minecraft:light_gray_concrete":66,"minecraft:music_disc_mall":1,"minecraft:cyan_bed":2,"minecraft:deepslate":512,"minecraft:prismarine_wall":1,"minecraft:gravel":115,"minecraft:iron_door":4,"minecraft:granite_slab":19,"minecraft:grindstone":16,"minecraft:medium_amethyst_bud":2,"minecraft:chain":39,"minecraft:andesite":67,"minecraft:smooth_stone_slab":76,"minecraft:white_concrete":11,"minecraft:coarse_dirt":724,"minecraft:bone_meal":441,"minecraft:experience_bottle":14,"minecraft:azalea":12,"minecraft:oak_fence":21,"minecraft:trident":75,"minecraft:orange_concrete_powder":1,"minecraft:rose_bush":12,"minecraft:granite_stairs":2,"minecraft:music_disc_otherside":4,"minecraft:flint_and_steel":6,"minecraft:redstone":61,"minecraft:light_blue_terracotta":43,"minecraft:spruce_planks":9,"minecraft:ender_chest":41,"minecraft:cut_copper_stairs":27,"minecraft:dirt":1546,"minecraft:spyglass":15,"minecraft:spruce_stairs":70,"minecraft:cobblestone_wall":37,"minecraft:shulker_box":8,"minecraft:granite":47,"minecraft:spruce_fence":76,"minecraft:andesite_wall":20,"minecraft:iron_hoe":266,"minecraft:dark_oak_planks":13,"minecraft:stone_brick_slab":15,"minecraft:brown_terracotta":62,"minecraft:bookshelf":13,"minecraft:waxed_cut_copper":10,"minecraft:oak_stairs":5,"minecraft:smooth_sandstone":21,"minecraft:acacia_slab":3,"minecraft:crimson_slab":18,"minecraft:red_candle":17,"minecraft:crimson_planks":4,"minecraft:light_gray_wool":29,"minecraft:golden_carrot":114,"minecraft:emerald_block":8,"minecraft:deepslate_tile_stairs":1,"minecraft:netherite_pickaxe":1598,"minecraft:stone_pressure_plate":22,"minecraft:powder_snow_bucket":4,"minecraft:orange_stained_glass_pane":12,"minecraft:pumpkin":70,"minecraft:iron_leggings":1,"minecraft:acacia_boat":2,"minecraft:iron_ore":32,"minecraft:cobblestone_stairs":5,"minecraft:snow_block":400,"minecraft:polished_andesite":268,"minecraft:andesite_slab":11,"minecraft:copper_block":13,"minecraft:black_shulker_box":62,"minecraft:spruce_sign":6,"minecraft:red_glazed_terracotta":17,"minecraft:stonecutter":2,"minecraft:green_bed":33,"minecraft:cobblestone_slab":12,"minecraft:waxed_copper_block":2,"minecraft:polished_blackstone_pressure_plate":1,"minecraft:stripped_dark_oak_log":32,"minecraft:mangrove_trapdoor":15,"minecraft:terracotta":127,"minecraft:dark_prismarine_slab":10,"minecraft:magenta_bed":28,"minecraft:yellow_stained_glass_pane":9,"minecraft:light_gray_concrete_powder":100,"minecraft:dark_oak_door":3,"minecraft:netherite_block":4,"minecraft:flower_pot":33,"minecraft:piston":4,"minecraft:stone_slab":103,"minecraft:green_shulker_box":43,"minecraft:cobbled_deepslate_slab":5,"minecraft:white_banner":1,"minecraft:red_banner":7,"minecraft:bucket":9,"minecraft:pumpkin_pie":77,"minecraft:gray_wool":38,"minecraft:smooth_stone":6,"minecraft:splash_potion":1},"minecraft:killed":{"minecraft:cave_spider":2,"minecraft:skeleton":5,"minecraft:pillager":7,"minecraft:zombie":15,"minecraft:cow":9,"minecraft:snow_golem":1,"minecraft:wandering_trader":1,"minecraft:enderman":10796,"minecraft:zombified_piglin":1,"minecraft:spider":1,"minecraft:piglin":1,"minecraft:creeper":5,"minecraft:trader_llama":2,"minecraft:phantom":1,"minecraft:drowned":2,"minecraft:player":13},"minecraft:crafted":{"minecraft:red_stained_glass_pane":80,"minecraft:black_dye":256,"minecraft:oak_sign":21,"minecraft:waxed_exposed_cut_copper_stairs":2,"minecraft:dark_oak_wood":144,"minecraft:chain":128,"minecraft:brick_wall":6,"minecraft:polished_blackstone_slab":6,"minecraft:diamond_shovel":1,"minecraft:lever":23,"minecraft:stripped_acacia_wood":45,"minecraft:bookshelf":21,"minecraft:gray_wool":40,"minecraft:red_sandstone_wall":60,"minecraft:shulker_box":8,"minecraft:deepslate_brick_stairs":8,"minecraft:quartz_block":38,"minecraft:repeater":69,"minecraft:mangrove_stairs":80,"minecraft:polished_blackstone":56,"minecraft:stone_pressure_plate":22,"minecraft:gray_stained_glass_pane":16,"minecraft:black_wool":32,"minecraft:gray_stained_glass":32,"minecraft:flower_pot":10,"minecraft:smooth_quartz":38,"minecraft:diamond_axe":1,"minecraft:polished_andesite_stairs":92,"minecraft:acacia_slab":30,"minecraft:green_bed":4,"minecraft:spruce_door":3,"minecraft:smithing_table":1,"minecraft:mossy_cobblestone":220,"minecraft:campfire":24,"minecraft:polished_deepslate_slab":320,"minecraft:stone_slab":174,"minecraft:iron_block":6,"minecraft:light_gray_dye":48,"minecraft:composter":54,"minecraft:spruce_fence_gate":35,"minecraft:leather_leggings":2,"minecraft:iron_nugget":848,"minecraft:polished_deepslate_stairs":168,"minecraft:crimson_trapdoor":20,"minecraft:cut_copper_stairs":52,"minecraft:red_banner":4,"minecraft:light_gray_wool":44,"minecraft:polished_blackstone_pressure_plate":1,"minecraft:bone_meal":867,"minecraft:spruce_fence":108,"minecraft:andesite_wall":36,"minecraft:moss_carpet":3,"minecraft:stone_stairs":16,"minecraft:lantern":24,"minecraft:diamond":9,"minecraft:spruce_stairs":192,"minecraft:ladder":120,"minecraft:spruce_slab":404,"minecraft:red_shulker_box":5,"minecraft:cobbled_deepslate_stairs":8,"minecraft:red_glazed_terracotta":59,"minecraft:dark_oak_planks":2844,"minecraft:brick_slab":132,"minecraft:cyan_glazed_terracotta":2,"minecraft:netherite_pickaxe":1,"minecraft:cut_copper_slab":12,"minecraft:cyan_bed":1,"minecraft:acacia_trapdoor":26,"minecraft:yellow_stained_glass_pane":80,"minecraft:polished_blackstone_stairs":4,"minecraft:red_carpet":15,"minecraft:deepslate_tiles":196,"minecraft:oak_fence_gate":25,"minecraft:red_stained_glass":64,"minecraft:soul_lantern":30,"minecraft:acacia_sign":9,"minecraft:andesite_slab":60,"minecraft:black_glazed_terracotta":2,"minecraft:iron_shovel":4,"minecraft:deepslate_tile_stairs":4,"minecraft:iron_leggings":1,"minecraft:prismarine_wall":6,"minecraft:note_block":131,"minecraft:mangrove_slab":96,"minecraft:brick":896,"minecraft:grindstone":13,"minecraft:oak_planks":816,"minecraft:cobblestone_slab":36,"minecraft:barrel":108,"minecraft:birch_wood":33,"minecraft:packed_mud":208,"minecraft:cobblestone_stairs":20,"minecraft:spruce_pressure_plate":3,"minecraft:green_dye":64,"minecraft:dark_oak_door":3,"minecraft:mangrove_fence":90,"minecraft:stone_brick_slab":120,"minecraft:bow":1,"minecraft:iron_boots":1,"minecraft:blackstone_wall":6,"minecraft:cyan_terracotta":24,"minecraft:mossy_cobblestone_slab":138,"minecraft:chest":76,"minecraft:chiseled_stone_bricks":10,"minecraft:bricks":200,"minecraft:oak_fence":126,"minecraft:stone_bricks":424,"minecraft:waxed_exposed_cut_copper":4,"minecraft:oak_slab":192,"minecraft:acacia_wood":57,"minecraft:mud_brick_stairs":4,"minecraft:cauldron":1,"minecraft:red_candle":3,"minecraft:crafting_table":18,"minecraft:spruce_planks":3092,"minecraft:lime_terracotta":560,"minecraft:iron_helmet":1,"minecraft:brown_dye":11,"minecraft:mangrove_trapdoor":18,"minecraft:gold_block":7,"minecraft:birch_planks":240,"minecraft:black_shulker_box":3,"minecraft:green_glazed_terracotta":32,"minecraft:spruce_trapdoor":388,"minecraft:dark_oak_slab":754,"minecraft:iron_chestplate":1,"minecraft:paper":171,"minecraft:diamond_pickaxe":2,"minecraft:stick":1192,"minecraft:iron_ingot":379,"minecraft:leather_chestplate":2,"minecraft:snow_block":324,"minecraft:green_shulker_box":3,"minecraft:cyan_carpet":51,"minecraft:redstone_torch":156,"minecraft:dark_oak_fence_gate":5,"minecraft:deepslate_bricks":260,"minecraft:shears":8,"minecraft:green_carpet":48,"minecraft:sandstone_stairs":4,"minecraft:polished_andesite":576,"minecraft:coarse_dirt":1068,"minecraft:cobbled_deepslate_slab":6,"minecraft:raw_iron":306,"minecraft:redstone":135,"minecraft:stone_brick_wall":12,"minecraft:leather_boots":2,"minecraft:spruce_button":14,"minecraft:furnace":17,"minecraft:stone_button":157,"minecraft:mud_bricks":64,"minecraft:dark_oak_trapdoor":100,"minecraft:gray_dye":80,"minecraft:crimson_button":12,"minecraft:polished_andesite_slab":90,"minecraft:oak_trapdoor":22,"minecraft:flint_and_steel":2,"minecraft:polished_deepslate":928,"minecraft:spruce_wood":330,"minecraft:black_terracotta":728,"minecraft:green_concrete_powder":64,"minecraft:iron_hoe":1,"minecraft:lime_dye":60,"minecraft:cobblestone_wall":72,"minecraft:smooth_quartz_slab":72,"minecraft:birch_sign":3,"minecraft:red_dye":1,"minecraft:cooked_cod":64,"minecraft:magenta_bed":1,"minecraft:crimson_planks":64,"minecraft:diamond_sword":1,"minecraft:cyan_dye":62,"minecraft:iron_trapdoor":55,"minecraft:spruce_sign":9,"minecraft:dark_oak_stairs":108,"minecraft:polished_blackstone_wall":6,"minecraft:smooth_sandstone":64,"minecraft:black_banner":5,"minecraft:mangrove_planks":788,"minecraft:bucket":1,"minecraft:air":0,"minecraft:blue_dye":32,"minecraft:oak_boat":1,"minecraft:white_dye":151,"minecraft:dark_prismarine_slab":42,"minecraft:anvil":2,"minecraft:stonecutter":1,"minecraft:acacia_planks":208,"minecraft:diorite_slab":42,"minecraft:torch":364,"minecraft:granite_slab":30,"minecraft:firework_rocket":192},"minecraft:broken":{"minecraft:shears":3,"minecraft:iron_hoe":1,"minecraft:iron_shovel":4},"minecraft:custom":{"minecraft:interact_with_crafting_table":261,"minecraft:open_barrel":977,"minecraft:bell_ring":36,"minecraft:leave_game":87,"minecraft:time_since_death":669053,"minecraft:play_time":3626302,"minecraft:deaths":17,"minecraft:jump":20091,"minecraft:enchant_item":22,"minecraft:interact_with_furnace":160,"minecraft:play_record":5,"minecraft:sleep_in_bed":110,"minecraft:damage_dealt":20328,"minecraft:inspect_dispenser":22,"minecraft:horse_one_cm":227074,"minecraft:interact_with_smithing_table":2,"minecraft:inspect_dropper":13,"minecraft:interact_with_anvil":44,"minecraft:inspect_hopper":1,"minecraft:target_hit":6,"minecraft:sneak_time":180244,"minecraft:interact_with_lectern":72,"minecraft:interact_with_blast_furnace":2,"minecraft:total_world_time":3626302,"minecraft:tune_noteblock":1101,"minecraft:interact_with_stonecutter":2,"minecraft:time_since_rest":256105,"minecraft:swim_one_cm":37231,"minecraft:fly_one_cm":4543331,"minecraft:open_chest":2772,"minecraft:fall_one_cm":590578,"minecraft:open_shulker_box":2304,"minecraft:sprint_one_cm":7041453,"minecraft:drop":939,"minecraft:play_noteblock":18,"minecraft:talked_to_villager":7,"minecraft:walk_on_water_one_cm":45929,"minecraft:interact_with_loom":1,"minecraft:open_enderchest":353,"minecraft:player_kills":13,"minecraft:crouch_one_cm":414175,"minecraft:mob_kills":10856,"minecraft:climb_one_cm":92156,"minecraft:walk_one_cm":7277749,"minecraft:walk_under_water_one_cm":447199,"minecraft:boat_one_cm":102856,"minecraft:pot_flower":25,"minecraft:interact_with_grindstone":13,"minecraft:damage_taken":25911,"minecraft:damage_absorbed":189,"minecraft:minecart_one_cm":232,"minecraft:pig_one_cm":88510,"minecraft:aviate_one_cm":61764316},"minecraft:mined":{"minecraft:red_shulker_box":104,"minecraft:white_bed":3,"minecraft:carved_pumpkin":174,"minecraft:granite":1,"minecraft:exposed_cut_copper_stairs":2,"minecraft:coal_block":1,"minecraft:green_concrete":6,"minecraft:magma_block":1,"minecraft:dark_oak_trapdoor":2,"minecraft:barrel":3,"minecraft:sticky_piston":6,"minecraft:cobbled_deepslate":18,"minecraft:fire":2,"minecraft:moss_carpet":110,"minecraft:pumpkin":57,"minecraft:deepslate_lapis_ore":24,"minecraft:potted_dandelion":1,"minecraft:cave_vines":11,"minecraft:oak_sign":1,"minecraft:dirt_path":16,"minecraft:oak_stairs":37,"minecraft:light_gray_concrete":71,"minecraft:green_carpet":2,"minecraft:spruce_wood":4,"minecraft:player_head":4,"minecraft:red_bed":4,"minecraft:kelp_plant":1,"minecraft:player_wall_head":4,"minecraft:powder_snow":118,"minecraft:note_block":13,"minecraft:torch":33,"minecraft:dark_oak_wood":36,"minecraft:blast_furnace":1,"minecraft:green_concrete_powder":16,"minecraft:polished_andesite_stairs":4,"minecraft:dead_bush":2,"minecraft:spruce_wall_sign":1,"minecraft:smooth_quartz_slab":4,"minecraft:white_candle":1,"minecraft:cyan_bed":2,"minecraft:damaged_anvil":1,"minecraft:sugar_cane":90,"minecraft:bricks":1,"minecraft:white_terracotta":237,"minecraft:chain":9,"minecraft:repeater":5,"minecraft:mud":246,"minecraft:wheat":237,"minecraft:magenta_bed":27,"minecraft:lilac":2,"minecraft:waxed_copper_block":4,"minecraft:black_bed":9,"minecraft:grass":278,"minecraft:oak_fence_gate":2,"minecraft:loom":1,"minecraft:waxed_exposed_cut_copper_stairs":1,"minecraft:mangrove_log":2,"minecraft:acacia_sign":1,"minecraft:stonecutter":1,"minecraft:deepslate":2971,"minecraft:attached_pumpkin_stem":1,"minecraft:yellow_terracotta":321,"minecraft:deepslate_tiles":6,"minecraft:exposed_cut_copper":5,"minecraft:light_gray_stained_glass_pane":1,"minecraft:light_blue_wool":118,"minecraft:mossy_cobblestone":7,"minecraft:dark_oak_log":12,"minecraft:potted_flowering_azalea_bush":1,"minecraft:shulker_box":8,"minecraft:cobbled_deepslate_slab":5,"minecraft:spruce_fence":15,"minecraft:redstone_wire":4,"minecraft:moss_block":459,"minecraft:packed_mud":1,"minecraft:acacia_trapdoor":2,"minecraft:snow":1730,"minecraft:acacia_wood":12,"minecraft:green_terracotta":42,"minecraft:andesite":40,"minecraft:vine":4,"minecraft:cobblestone_slab":10,"minecraft:potted_spruce_sapling":1,"minecraft:bamboo_sapling":1,"minecraft:bamboo":2,"minecraft:cut_copper":17,"minecraft:bone_block":1,"minecraft:white_wool":5,"minecraft:ender_chest":44,"minecraft:smithing_table":1,"minecraft:oak_slab":8,"minecraft:light_gray_carpet":2,"minecraft:mangrove_stairs":10,"minecraft:gray_concrete":128,"minecraft:lily_of_the_valley":1,"minecraft:observer":8,"minecraft:dandelion":3,"minecraft:smooth_sandstone":3,"minecraft:light_gray_concrete_powder":1,"minecraft:spruce_button":2,"minecraft:emerald_ore":1,"minecraft:campfire":1,"minecraft:lightning_rod":3,"minecraft:tall_grass":69,"minecraft:deepslate_gold_ore":24,"minecraft:diorite":1,"minecraft:big_dripleaf":3,"minecraft:pearlescent_froglight":1,"minecraft:red_terracotta":2507,"minecraft:coarse_dirt":80,"minecraft:cobblestone_wall":1,"minecraft:spruce_log":756,"minecraft:birch_leaves":32,"minecraft:weathered_cut_copper":3,"minecraft:quartz_pillar":1,"minecraft:red_wall_banner":1,"minecraft:dark_oak_sign":1,"minecraft:sunflower":6,"minecraft:gravel":435,"minecraft:brown_terracotta":475,"minecraft:birch_sign":3,"minecraft:spruce_fence_gate":2,"minecraft:stone_bricks":26,"minecraft:waxed_exposed_cut_copper":4,"minecraft:black_shulker_box":61,"minecraft:spruce_planks":10,"minecraft:oak_sapling":1,"minecraft:cobbled_deepslate_stairs":1,"minecraft:cobblestone_stairs":1,"minecraft:spruce_trapdoor":27,"minecraft:cave_vines_plant":8,"minecraft:grass_block":2345,"minecraft:mangrove_fence":2,"minecraft:white_concrete":5,"minecraft:frosted_ice":1,"minecraft:mossy_cobblestone_slab":4,"minecraft:iron_ore":35,"minecraft:anvil":3,"minecraft:flowering_azalea_leaves":75,"minecraft:birch_wall_sign":1,"minecraft:azalea_leaves":236,"minecraft:azalea":31,"minecraft:spruce_slab":21,"minecraft:green_bed":22,"minecraft:netherite_block":4,"minecraft:waxed_cut_copper_stairs":7,"minecraft:waxed_cut_copper":10,"minecraft:deepslate_redstone_ore":169,"minecraft:polished_blackstone_wall":1,"minecraft:cyan_terracotta":7,"minecraft:polished_deepslate_stairs":9,"minecraft:orange_terracotta":291,"minecraft:soul_lantern":4,"minecraft:clay":225,"minecraft:poppy":8,"minecraft:chest":15,"minecraft:mushroom_stem":1,"minecraft:nether_quartz_ore":69,"minecraft:cobblestone":18,"minecraft:grindstone":2,"minecraft:oak_planks":2,"minecraft:iron_door":1,"minecraft:wall_torch":22,"minecraft:stone_stairs":16,"minecraft:dark_oak_slab":4,"minecraft:dark_oak_door":1,"minecraft:birch_log":44,"minecraft:light_gray_wool":1,"minecraft:smooth_stone_slab":12,"minecraft:oak_log":169,"minecraft:lime_terracotta":25,"minecraft:dirt":1215,"minecraft:crimson_planks":20,"minecraft:tripwire_hook":1,"minecraft:netherrack":21,"minecraft:oak_leaves":191,"minecraft:emerald_block":8,"minecraft:tuff":377,"minecraft:red_carpet":5,"minecraft:candle":1,"minecraft:deepslate_diamond_ore":76,"minecraft:stripped_mangrove_log":78,"minecraft:mangrove_wall_sign":4,"minecraft:glow_lichen":6,"minecraft:stone_button":7,"minecraft:mangrove_trapdoor":8,"minecraft:polished_andesite_slab":3,"minecraft:spruce_leaves":1481,"minecraft:rooted_dirt":23,"minecraft:spore_blossom":6,"minecraft:diorite_slab":2,"minecraft:oxidized_cut_copper":25,"minecraft:oak_trapdoor":5,"minecraft:spruce_sapling":30,"minecraft:furnace":10,"minecraft:carrots":1,"minecraft:stripped_spruce_log":26,"minecraft:polished_deepslate":1,"minecraft:deepslate_iron_ore":13,"minecraft:lantern":8,"minecraft:stripped_acacia_log":8,"minecraft:packed_ice":13,"minecraft:stone":1233,"minecraft:podzol":6,"minecraft:light_blue_shulker_box":69,"minecraft:flowering_azalea":21,"minecraft:red_wool":56,"minecraft:cut_copper_stairs":7,"minecraft:snow_block":471,"minecraft:stripped_dark_oak_log":67,"minecraft:basalt":34,"minecraft:oak_fence":6,"minecraft:crafting_table":33,"minecraft:rose_bush":8,"minecraft:andesite_slab":1,"minecraft:lectern":1,"minecraft:stone_slab":13,"minecraft:red_glazed_terracotta":1,"minecraft:red_concrete":7,"minecraft:spruce_stairs":2,"minecraft:birch_planks":3,"minecraft:gray_concrete_powder":11,"minecraft:brick_slab":4,"minecraft:green_shulker_box":43,"minecraft:sweet_berry_bush":11,"minecraft:ice":3,"minecraft:mangrove_planks":2,"minecraft:mangrove_slab":13,"minecraft:coal_ore":235,"minecraft:end_rod":4,"minecraft:flower_pot":3,"minecraft:cyan_carpet":1,"minecraft:terracotta":2348,"minecraft:stripped_acacia_wood":15,"minecraft:polished_andesite":23},"minecraft:picked_up":{"minecraft:seagrass":1,"minecraft:anvil":3,"minecraft:flower_pot":6,"minecraft:lead":18,"minecraft:smithing_table":1,"minecraft:stone_slab":14,"minecraft:diamond_sword":7,"minecraft:oak_stairs":25,"minecraft:golden_sword":4,"minecraft:polished_deepslate":1,"minecraft:string":6,"minecraft:dark_oak_trapdoor":4,"minecraft:diamond_leggings":6,"minecraft:cobbled_deepslate":14,"minecraft:spruce_planks":65,"minecraft:waxed_exposed_cut_copper":4,"minecraft:acacia_sign":1,"minecraft:written_book":1,"minecraft:azalea_leaves":231,"minecraft:mangrove_log":113,"minecraft:dark_oak_door":1,"minecraft:music_disc_blocks":1,"minecraft:big_dripleaf":9,"minecraft:green_bed":29,"minecraft:cut_copper_stairs":17,"minecraft:lightning_rod":3,"minecraft:warped_button":25,"minecraft:golden_chestplate":2,"minecraft:green_terracotta":72,"minecraft:black_dye":16,"minecraft:waxed_cut_copper_stairs":7,"minecraft:light_gray_bed":1,"minecraft:light_blue_wool":118,"minecraft:carved_pumpkin":279,"minecraft:cyan_terracotta":6,"minecraft:end_rod":12,"minecraft:white_terracotta":237,"minecraft:waxed_cut_copper":10,"minecraft:iron_bars":12,"minecraft:snowball":1389,"minecraft:birch_log":44,"minecraft:magma_block":1,"minecraft:mossy_cobblestone_slab":67,"minecraft:feather":6,"minecraft:oxidized_copper":4,"minecraft:iron_door":1,"minecraft:water_bucket":5,"minecraft:green_concrete_powder":14,"minecraft:flint":3,"minecraft:magenta_bed":28,"minecraft:netherite_leggings":1,"minecraft:gray_concrete":128,"minecraft:mangrove_slab":17,"minecraft:lantern":80,"minecraft:light_gray_concrete_powder":1,"minecraft:gray_concrete_powder":11,"minecraft:exposed_cut_copper_stairs":2,"minecraft:stonecutter":1,"minecraft:dark_oak_sign":14,"minecraft:diamond_helmet":3,"minecraft:moss_block":460,"minecraft:glow_lichen":4,"minecraft:lime_terracotta":24,"minecraft:stripped_acacia_wood":99,"minecraft:stripped_spruce_log":26,"minecraft:loom":1,"minecraft:dark_oak_log":138,"minecraft:red_terracotta":2559,"minecraft:barrel":10,"minecraft:netherite_block":4,"minecraft:stripped_acacia_log":8,"minecraft:polished_andesite":18,"minecraft:white_candle":1,"minecraft:green_concrete":6,"minecraft:deepslate":2109,"minecraft:lever":5,"minecraft:writable_book":2,"minecraft:deepslate_gold_ore":21,"minecraft:granite":1,"minecraft:spruce_button":10,"minecraft:rooted_dirt":13,"minecraft:light_gray_carpet":2,"minecraft:dark_oak_fence":6,"minecraft:bricks":1,"minecraft:diamond_pickaxe":7,"minecraft:spruce_leaves":1341,"minecraft:mud":35,"minecraft:coarse_dirt":65,"minecraft:crafting_table":29,"minecraft:clay_ball":896,"minecraft:stripped_mangrove_log":78,"minecraft:pink_candle":5,"minecraft:red_bed":5,"minecraft:elytra":16,"minecraft:snow":718,"minecraft:compass":1,"minecraft:iron_shovel":2,"minecraft:netherite_sword":1,"minecraft:stripped_warped_stem":3,"minecraft:deepslate_diamond_ore":35,"minecraft:music_disc_otherside":4,"minecraft:beef":31,"minecraft:iron_nugget":7,"minecraft:poppy":8,"minecraft:spruce_slab":49,"minecraft:minecart":1,"minecraft:chest":18,"minecraft:birch_sapling":2,"minecraft:egg":9,"minecraft:polished_deepslate_slab":4,"minecraft:stone":427,"minecraft:glow_item_frame":5,"minecraft:spruce_fence":19,"minecraft:mangrove_sign":4,"minecraft:carrot":5,"minecraft:mushroom_stem":64,"minecraft:redstone":408,"minecraft:netherite_pickaxe":4,"minecraft:mangrove_trapdoor":7,"minecraft:diamond_chestplate":1,"minecraft:cooked_cod":86,"minecraft:peony":22,"minecraft:diamond_boots":10,"minecraft:shears":2,"minecraft:deepslate_bricks":15,"minecraft:cut_copper":17,"minecraft:yellow_terracotta":378,"minecraft:totem_of_undying":4,"minecraft:glow_berries":12,"minecraft:bone_block":1,"minecraft:white_wool":5,"minecraft:emerald_ore":1,"minecraft:birch_leaves":390,"minecraft:red_glazed_terracotta":6,"minecraft:red_mushroom_block":63,"minecraft:acacia_wood":8,"minecraft:packed_mud":1,"minecraft:oak_log":230,"minecraft:paper":4,"minecraft:white_banner":1,"minecraft:apple":4,"minecraft:stone_bricks":15,"minecraft:spore_blossom":6,"minecraft:oak_fence_gate":2,"minecraft:glass_bottle":18,"minecraft:mangrove_planks":19,"minecraft:flowering_azalea":19,"minecraft:polished_andesite_stairs":4,"minecraft:dark_oak_slab":28,"minecraft:sweet_berries":27,"minecraft:red_wool":55,"minecraft:spyglass":3,"minecraft:gravel":348,"minecraft:spruce_sapling":58,"minecraft:spruce_log":899,"minecraft:waxed_exposed_cut_copper_stairs":1,"minecraft:firework_rocket":1360,"minecraft:diamond_shovel":9,"minecraft:coal_ore":8,"minecraft:diamond_axe":10,"minecraft:deepslate_redstone_ore":97,"minecraft:birch_sign":24,"minecraft:lodestone":1,"minecraft:stripped_dark_oak_log":67,"minecraft:smooth_quartz_slab":3,"minecraft:ender_pearl":2205,"minecraft:wheat":225,"minecraft:ender_chest":45,"minecraft:potion":28,"minecraft:crimson_planks":19,"minecraft:raw_copper":3,"minecraft:deepslate_lapis_ore":12,"minecraft:sticky_piston":6,"minecraft:smooth_stone_slab":16,"minecraft:iron_leggings":2,"minecraft:armor_stand":1,"minecraft:netherite_ingot":1,"minecraft:experience_bottle":14,"minecraft:oak_sign":1,"minecraft:sea_pickle":128,"minecraft:deepslate_tiles":6,"minecraft:black_shulker_box":63,"minecraft:rose_bush":200,"minecraft:cobblestone_slab":10,"minecraft:calcite":64,"minecraft:azalea":29,"minecraft:iron_pickaxe":2,"minecraft:deepslate_iron_ore":2,"minecraft:iron_boots":1,"minecraft:furnace":10,"minecraft:stick":123,"minecraft:oak_fence":5,"minecraft:brown_terracotta":430,"minecraft:polished_deepslate_stairs":2,"minecraft:torch":240,"minecraft:spruce_stairs":2,"minecraft:snow_block":348,"minecraft:pointed_dripstone":155,"minecraft:diorite":1,"minecraft:goat_horn":7,"minecraft:mangrove_stairs":10,"minecraft:rotten_flesh":21,"minecraft:leather_horse_armor":1,"minecraft:cobblestone":551,"minecraft:lilac":34,"minecraft:repeater":5,"minecraft:andesite":34,"minecraft:black_bed":9,"minecraft:tuff":273,"minecraft:prismarine_bricks":15,"minecraft:acacia_boat":1,"minecraft:green_shulker_box":44,"minecraft:lapis_lazuli":145,"minecraft:dirt":2131,"minecraft:weathered_cut_copper":3,"minecraft:mangrove_fence":2,"minecraft:bone":11,"minecraft:acacia_planks":12,"minecraft:bow":14,"minecraft:wheat_seeds":639,"minecraft:cobbled_deepslate_slab":5,"minecraft:birch_wood":27,"minecraft:grindstone":2,"minecraft:netherite_axe":1,"minecraft:bamboo":15,"minecraft:oak_planks":30,"minecraft:cooked_porkchop":64,"minecraft:light_blue_shulker_box":68,"minecraft:grass_block":1480,"minecraft:lily_of_the_valley":1,"minecraft:cyan_bed":2,"minecraft:diamond_block":2,"minecraft:spectral_arrow":143,"minecraft:shulker_box":12,"minecraft:mossy_cobblestone":7,"minecraft:exposed_cut_copper":5,"minecraft:dark_prismarine":35,"minecraft:light_gray_concrete":71,"minecraft:light_gray_terracotta":2,"minecraft:spruce_fence_gate":2,"minecraft:light_blue_terracotta":21,"minecraft:netherite_helmet":1,"minecraft:diamond":111,"minecraft:soul_lantern":4,"minecraft:bone_meal":82,"minecraft:white_concrete":33,"minecraft:spruce_sign":3,"minecraft:emerald":13,"minecraft:oak_sapling":37,"minecraft:netherrack":122,"minecraft:chorus_fruit":5,"minecraft:oak_leaves":53,"minecraft:andesite_slab":2,"minecraft:charcoal":22,"minecraft:splash_potion":1,"minecraft:packed_ice":7,"minecraft:wooden_pickaxe":1,"minecraft:diorite_slab":10,"minecraft:chain":12,"minecraft:shield":1,"minecraft:stone_stairs":12,"minecraft:oak_trapdoor":3,"minecraft:moss_carpet":156,"minecraft:item_frame":5,"minecraft:cyan_carpet":1,"minecraft:candle":3,"minecraft:oak_boat":2,"minecraft:player_head":50,"minecraft:observer":8,"minecraft:lectern":1,"minecraft:sugar_cane":173,"minecraft:spruce_trapdoor":23,"minecraft:raw_iron":88,"minecraft:copper_ingot":1,"minecraft:flowering_azalea_leaves":60,"minecraft:note_block":13,"minecraft:quartz_pillar":1,"minecraft:stone_button":5,"minecraft:cookie":135,"minecraft:trident":3,"minecraft:dark_oak_planks":99,"minecraft:blue_concrete_powder":25,"minecraft:arrow":26,"minecraft:red_shulker_box":107,"minecraft:pumpkin_pie":216,"minecraft:saddle":1,"minecraft:netherite_boots":1,"minecraft:basalt":33,"minecraft:golden_carrot":221,"minecraft:carrot_on_a_stick":1,"minecraft:leather":21,"minecraft:birch_planks":8,"minecraft:ice":2,"minecraft:waxed_copper_block":4,"minecraft:cobbled_deepslate_stairs":3,"minecraft:cobblestone_wall":1,"minecraft:orange_terracotta":295,"minecraft:podzol":6,"minecraft:smooth_sandstone":3,"minecraft:red_carpet":30,"minecraft:pearlescent_froglight":1,"minecraft:acacia_trapdoor":2,"minecraft:spruce_wood":47,"minecraft:iron_ingot":183,"minecraft:polished_andesite_slab":4,"minecraft:oxidized_cut_copper":25,"minecraft:book":1,"minecraft:oak_slab":28,"minecraft:emerald_block":8,"minecraft:pumpkin":57,"minecraft:quartz":936,"minecraft:dandelion":5,"minecraft:red_banner":1,"minecraft:blast_furnace":1,"minecraft:white_bed":9,"minecraft:green_carpet":2,"minecraft:spider_eye":1,"minecraft:spruce_door":2,"minecraft:brick_slab":1,"minecraft:music_disc_mall":1,"minecraft:pumpkin_seeds":678,"minecraft:iron_helmet":1,"minecraft:terracotta":2368,"minecraft:damaged_anvil":1,"minecraft:black_wool":2,"minecraft:red_concrete":35,"minecraft:dark_oak_wood":135,"minecraft:coal":721,"minecraft:sunflower":52},"minecraft:killed_by":{"minecraft:ravager":1,"minecraft:creeper":1,"minecraft:drowned":1,"minecraft:piglin":1,"minecraft:player":10},"minecraft:dropped":{"minecraft:chorus_fruit":1,"minecraft:glass_bottle":19,"minecraft:diamond":19,"minecraft:spore_blossom":1,"minecraft:cooked_porkchop":21,"minecraft:dark_oak_slab":2,"minecraft:cookie":96,"minecraft:glow_item_frame":4,"minecraft:saddle":1,"minecraft:elytra":6,"minecraft:item_frame":4,"minecraft:emerald":4,"minecraft:dirt":625,"minecraft:red_bed":1,"minecraft:dark_oak_trapdoor":1,"minecraft:netherite_boots":1,"minecraft:writable_book":1,"minecraft:sunflower":4,"minecraft:bone_meal":19,"minecraft:iron_pickaxe":2,"minecraft:dark_oak_planks":9,"minecraft:mangrove_slab":6,"minecraft:diorite_slab":8,"minecraft:bone":9,"minecraft:music_disc_blocks":1,"minecraft:goat_horn":7,"minecraft:golden_chestplate":1,"minecraft:iron_nugget":10,"minecraft:wheat":1,"minecraft:birch_sapling":2,"minecraft:netherite_sword":1,"minecraft:rotten_flesh":15,"minecraft:birch_wood":54,"minecraft:white_bed":2,"minecraft:waxed_copper_block":1,"minecraft:red_mushroom_block":63,"minecraft:acacia_sapling":1,"minecraft:spruce_slab":27,"minecraft:crimson_planks":1,"minecraft:enchanted_book":1,"minecraft:egg":5,"minecraft:iron_ingot":85,"minecraft:lectern":3,"minecraft:netherite_pickaxe":1,"minecraft:wheat_seeds":64,"minecraft:cobbled_deepslate_stairs":2,"minecraft:tnt":4,"minecraft:netherite_helmet":1,"minecraft:cobblestone":42,"minecraft:book":1,"minecraft:apple":3,"minecraft:spruce_button":8,"minecraft:acacia_sign":1,"minecraft:golden_carrot":68,"minecraft:rose_bush":173,"minecraft:cooked_salmon":3,"minecraft:diamond_helmet":2,"minecraft:potion":9,"minecraft:brown_terracotta":48,"minecraft:mud":5,"minecraft:string":6,"minecraft:iron_shovel":1,"minecraft:red_dye":1,"minecraft:paper":7,"minecraft:acacia_planks":24,"minecraft:spruce_sapling":1,"minecraft:snow_block":63,"minecraft:bricks":1,"minecraft:moss_carpet":1,"minecraft:green_terracotta":64,"minecraft:player_head":16,"minecraft:dark_oak_sign":2,"minecraft:deepslate":5,"minecraft:cut_copper_stairs":10,"minecraft:polished_deepslate_stairs":1,"minecraft:shears":5,"minecraft:pumpkin_seeds":454,"minecraft:diamond_sword":2,"minecraft:stone":115,"minecraft:sea_pickle":64,"minecraft:spruce_trapdoor":1,"minecraft:spruce_planks":75,"minecraft:diamond_pickaxe":2,"minecraft:warped_button":25,"minecraft:stone_bricks":2,"minecraft:carved_pumpkin":80,"minecraft:barrel":1,"minecraft:spider_eye":1,"minecraft:bow":5,"minecraft:dark_prismarine":35,"minecraft:black_wool":2,"minecraft:terracotta":1,"minecraft:spruce_sign":7,"minecraft:moss_block":3,"minecraft:birch_planks":18,"minecraft:diamond_axe":4,"minecraft:oak_log":132,"minecraft:ender_pearl":1580,"minecraft:lantern":22,"minecraft:blue_concrete_powder":5,"minecraft:leather":2,"minecraft:mangrove_planks":18,"minecraft:carrot_on_a_stick":2,"minecraft:flint":1,"minecraft:spruce_leaves":87,"minecraft:dark_oak_log":45,"minecraft:crimson_trapdoor":10,"minecraft:seagrass":1,"minecraft:cooked_cod":5,"minecraft:snowball":4,"minecraft:pumpkin_pie":208,"minecraft:birch_log":134,"minecraft:armor_stand":2,"minecraft:spyglass":2,"minecraft:pointed_dripstone":20,"minecraft:diamond_shovel":4,"minecraft:carrot":1,"minecraft:poppy":1,"minecraft:trident":1,"minecraft:mangrove_log":175,"minecraft:azalea":1,"minecraft:chest":2,"minecraft:spruce_wood":86,"minecraft:acacia_slab":3,"minecraft:iron_bars":12,"minecraft:arrow":5,"minecraft:prismarine_bricks":15,"minecraft:netherrack":72,"minecraft:written_book":1,"minecraft:oak_leaves":13,"minecraft:firework_rocket":219,"minecraft:water_bucket":1,"minecraft:lilac":16,"minecraft:diamond_leggings":3,"minecraft:netherite_axe":1,"minecraft:spectral_arrow":50,"minecraft:copper_ingot":1,"minecraft:grass_block":509,"minecraft:stick":21,"minecraft:mossy_cobblestone_slab":63,"minecraft:leather_horse_armor":1,"minecraft:torch":58,"minecraft:green_dye":1,"minecraft:iron_leggings":1,"minecraft:dandelion":2,"minecraft:redstone":9,"minecraft:ender_chest":2,"minecraft:coarse_dirt":9,"minecraft:light_gray_terracotta":2,"minecraft:totem_of_undying":7,"minecraft:red_terracotta":64,"minecraft:flint_and_steel":1,"minecraft:netherite_leggings":1,"minecraft:deepslate_bricks":15,"minecraft:snow":93,"minecraft:orange_terracotta":27,"minecraft:oak_boat":1,"minecraft:oak_sapling":26,"minecraft:golden_sword":4,"minecraft:stripped_warped_stem":3,"minecraft:birch_sign":2,"minecraft:diamond_boots":4,"minecraft:spruce_log":327,"minecraft:stripped_acacia_log":2,"minecraft:stone_pickaxe":1,"minecraft:wooden_pickaxe":1,"minecraft:brick":2,"minecraft:magenta_terracotta":8}},"DataVersion":3120}