{"stats":{"minecraft:broken":{"minecraft:wooden_shovel":76,"minecraft:shears":51,"minecraft:iron_leggings":1,"minecraft:diamond_shovel":7,"minecraft:diamond_pickaxe":11,"minecraft:leather_helmet":1,"minecraft:stone_hoe":6,"minecraft:iron_pickaxe":2,"minecraft:wooden_hoe":4,"minecraft:iron_shovel":12,"minecraft:netherite_pickaxe":1,"minecraft:stone_pickaxe":3,"minecraft:stone_shovel":2,"minecraft:iron_sword":8,"minecraft:bow":1,"minecraft:chainmail_helmet":1,"minecraft:iron_helmet":1,"minecraft:golden_helmet":4,"minecraft:golden_chestplate":1,"minecraft:golden_hoe":4,"minecraft:flint_and_steel":2,"minecraft:golden_axe":1,"minecraft:golden_pickaxe":3},"minecraft:used":{"minecraft:moss_block":576,"minecraft:jack_o_lantern":27,"minecraft:writable_book":152,"minecraft:smooth_quartz_slab":110,"minecraft:dispenser":11,"minecraft:dead_brain_coral":2,"minecraft:poppy":35,"minecraft:stone":4649,"minecraft:warped_sign":287,"minecraft:rotten_flesh":2,"minecraft:tube_coral":1,"minecraft:soul_sand":159,"minecraft:weathered_copper":1,"minecraft:cocoa_beans":1237,"minecraft:lily_of_the_valley":20,"minecraft:cut_copper":820,"minecraft:deepslate_brick_slab":64,"minecraft:snowball":166,"minecraft:polished_blackstone_slab":129,"minecraft:spruce_boat":9,"minecraft:jungle_sapling":167,"minecraft:packed_ice":2182,"minecraft:lava_bucket":337,"minecraft:stripped_dark_oak_wood":2,"minecraft:red_wool":109,"minecraft:quartz_pillar":181,"minecraft:deepslate_copper_ore":29,"minecraft:quartz_block":182,"minecraft:netherite_hoe":2369,"minecraft:dark_oak_leaves":99,"minecraft:dark_oak_slab":452,"minecraft:cherry_leaves":1091,"minecraft:netherite_boots":9,"minecraft:bow":835,"minecraft:cooked_cod":18,"minecraft:oak_sapling":143,"minecraft:mangrove_slab":225,"minecraft:gray_banner":1,"minecraft:end_stone_brick_stairs":2,"minecraft:green_stained_glass_pane":137,"minecraft:deepslate_brick_wall":36,"minecraft:leather_leggings":2,"minecraft:damaged_anvil":5,"minecraft:chorus_fruit":11,"minecraft:prismarine":407,"minecraft:blackstone":94426,"minecraft:cactus":99,"minecraft:clay":24,"minecraft:leather_chestplate":2,"minecraft:wooden_pickaxe":20,"minecraft:composter":10,"minecraft:jungle_boat":3,"minecraft:golden_apple":3,"minecraft:glow_berries":48,"minecraft:blast_furnace":17,"minecraft:acacia_leaves":22,"minecraft:cyan_dye":2,"minecraft:purple_terracotta":10,"minecraft:gray_concrete":200,"minecraft:deepslate_brick_stairs":156,"minecraft:birch_fence":219,"minecraft:deepslate_iron_ore":159,"minecraft:flowering_azalea_leaves":8,"minecraft:coal_block":778,"minecraft:nether_wart_block":181,"minecraft:diamond_sword":34453,"minecraft:exposed_cut_copper":1,"minecraft:smithing_table":75,"minecraft:birch_log":2342,"minecraft:oak_boat":23,"minecraft:enchanting_table":3,"minecraft:dead_tube_coral_block":1,"minecraft:orange_concrete":162,"minecraft:dead_bush":288,"minecraft:carved_pumpkin":19,"minecraft:armor_stand":7,"minecraft:tinted_glass":3806,"minecraft:mangrove_fence":1,"minecraft:cooked_salmon":10,"minecraft:polished_blackstone_wall":66,"minecraft:torch":33971,"minecraft:brewing_stand":11,"minecraft:nether_quartz_ore":183,"minecraft:cod_bucket":1,"minecraft:yellow_carpet":115,"minecraft:mud_brick_stairs":6,"minecraft:fern":16,"minecraft:oak_fence_gate":1,"minecraft:mossy_cobblestone_stairs":94,"minecraft:sea_lantern":371,"minecraft:chipped_anvil":11,"minecraft:light_weighted_pressure_plate":5,"minecraft:iron_block":3522,"minecraft:muddy_mangrove_roots":12,"minecraft:polished_deepslate_wall":2065,"minecraft:jungle_log":110,"minecraft:barrel":220,"minecraft:bamboo":331,"minecraft:tadpole_bucket":11,"minecraft:lime_concrete":226,"minecraft:basalt":12812,"minecraft:magenta_terracotta":17,"minecraft:podzol":51,"minecraft:cherry_log":37,"minecraft:horn_coral_fan":1,"minecraft:calcite":39,"minecraft:wheat_seeds":4523,"minecraft:light_blue_shulker_box":563,"minecraft:tube_coral_block":11,"minecraft:birch_planks":166634,"minecraft:bundle":27,"minecraft:lead":1,"minecraft:cherry_planks":2,"minecraft:blue_concrete_powder":49,"minecraft:cauldron":1,"minecraft:glow_ink_sac":79,"minecraft:leather_boots":1,"minecraft:gold_ore":35,"minecraft:deepslate_bricks":332,"minecraft:conduit":1,"minecraft:waxed_exposed_copper":46,"minecraft:diamond_block":26,"minecraft:rail":631,"minecraft:red_bed":20,"minecraft:green_dye":7,"minecraft:crimson_trapdoor":85,"minecraft:white_bed":83,"minecraft:campfire":7,"minecraft:mushroom_stem":32,"minecraft:diamond_pickaxe":1114067,"minecraft:blue_stained_glass_pane":7,"minecraft:amethyst_cluster":7,"minecraft:yellow_dye":16,"minecraft:warped_trapdoor":8,"minecraft:diamond_shovel":526694,"minecraft:acacia_sign":2,"minecraft:suspicious_stew":2,"minecraft:spruce_sapling":5,"minecraft:spruce_trapdoor":33,"minecraft:magenta_concrete_powder":54,"minecraft:bamboo_slab":135,"minecraft:green_carpet":1,"minecraft:pink_bed":30,"minecraft:potion":1858,"minecraft:azalea_leaves":19,"minecraft:purple_bed":7,"minecraft:cooked_porkchop":7761,"minecraft:andesite_stairs":13,"minecraft:dandelion":17,"minecraft:green_stained_glass":1,"minecraft:cherry_sapling":68,"minecraft:moss_carpet":69,"minecraft:blue_terracotta":99,"minecraft:red_sand":778,"minecraft:polished_deepslate":604,"minecraft:melon":6,"minecraft:bone_block":5738,"minecraft:polished_basalt":572,"minecraft:nether_wart":156,"minecraft:grass":5,"minecraft:stripped_crimson_stem":27,"minecraft:green_terracotta":330,"minecraft:spruce_leaves":671,"minecraft:mutton":2,"minecraft:jungle_planks":5954,"minecraft:furnace_minecart":1,"minecraft:pink_terracotta":280,"minecraft:music_disc_13":32,"minecraft:obsidian":615,"minecraft:honey_bottle":14,"minecraft:big_dripleaf":35,"minecraft:bricks":596,"minecraft:mangrove_log":29,"minecraft:lantern":5,"minecraft:blue_orchid":3,"minecraft:green_wool":101,"minecraft:polished_blackstone_brick_wall":16,"minecraft:light_blue_bed":19,"minecraft:mossy_cobblestone_slab":2,"minecraft:item_frame":327,"minecraft:birch_trapdoor":43,"minecraft:birch_button":378,"minecraft:deepslate_diamond_ore":273,"minecraft:golden_sword":3,"minecraft:mangrove_roots":3113,"minecraft:written_book":98,"minecraft:blue_shulker_box":115,"minecraft:gold_block":57,"minecraft:pink_concrete_powder":1200,"minecraft:dark_oak_sapling":74,"minecraft:mangrove_leaves":186,"minecraft:diamond_boots":15,"minecraft:end_rod":30,"minecraft:dropper":13,"minecraft:stone_pickaxe":1258,"minecraft:gray_carpet":2825,"minecraft:mangrove_planks":53,"minecraft:oak_planks":28,"minecraft:prismarine_stairs":29,"minecraft:sandstone":9,"minecraft:chainmail_helmet":28,"minecraft:diamond_axe":73956,"minecraft:calibrated_sculk_sensor":3,"minecraft:sugar_cane":215,"minecraft:white_wool":204,"minecraft:golden_hoe":78,"minecraft:netherite_leggings":8,"minecraft:light_blue_concrete":31,"minecraft:lime_stained_glass_pane":56,"minecraft:yellow_concrete":522,"minecraft:crossbow":25,"minecraft:ochre_froglight":200,"minecraft:end_stone":40,"minecraft:deepslate_lapis_ore":18,"minecraft:sticky_piston":51,"minecraft:dead_fire_coral_fan":1,"minecraft:black_terracotta":1311,"minecraft:lever":242,"minecraft:dark_oak_log":11,"minecraft:bread":262,"minecraft:iron_door":3,"minecraft:deepslate":1243,"minecraft:prismarine_wall":10,"minecraft:blue_candle":3,"minecraft:dead_horn_coral_fan":3,"minecraft:light_blue_concrete_powder":160,"minecraft:pufferfish_bucket":34,"minecraft:mossy_cobblestone_wall":110,"minecraft:chain":230,"minecraft:cooked_rabbit":33,"minecraft:smooth_stone_slab":7,"minecraft:coarse_dirt":166,"minecraft:bone_meal":49122,"minecraft:orange_concrete_powder":122,"minecraft:rose_bush":30,"minecraft:cherry_wood":1,"minecraft:waxed_weathered_copper":29,"minecraft:granite_stairs":2,"minecraft:crimson_fence":14,"minecraft:flint_and_steel":389,"minecraft:dried_kelp":329,"minecraft:redstone":266,"minecraft:ender_chest":103,"minecraft:brown_shulker_box":123,"minecraft:deepslate_gold_ore":116,"minecraft:stone_hoe":1404,"minecraft:cooked_chicken":31,"minecraft:dirt":21858,"minecraft:prismarine_bricks":258,"minecraft:bee_nest":40,"minecraft:spruce_fence":37,"minecraft:wooden_axe":54,"minecraft:brown_terracotta":1018,"minecraft:light_gray_stained_glass":16582,"minecraft:crimson_slab":6748,"minecraft:iron_boots":5,"minecraft:yellow_concrete_powder":2194,"minecraft:black_stained_glass":19425,"minecraft:soul_soil":156,"minecraft:dark_oak_pressure_plate":2,"minecraft:lime_stained_glass":629,"minecraft:minecart":20,"minecraft:netherite_pickaxe":221143,"minecraft:cyan_concrete_powder":69,"minecraft:cooked_beef":75,"minecraft:dead_bubble_coral_block":72,"minecraft:powder_snow_bucket":1,"minecraft:pumpkin":63,"minecraft:light_gray_bed":33,"minecraft:bamboo_planks":6,"minecraft:iron_leggings":15,"minecraft:cobbled_deepslate_wall":5,"minecraft:quartz_bricks":4,"minecraft:cobblestone_stairs":107,"minecraft:pink_glazed_terracotta":81,"minecraft:snow_block":52998,"minecraft:baked_potato":1684,"minecraft:brown_mushroom":18,"minecraft:cut_sandstone":8,"minecraft:birch_boat":19,"minecraft:spruce_sign":4,"minecraft:green_bed":10,"minecraft:dark_prismarine_slab":124,"minecraft:spider_eye":25,"minecraft:bamboo_block":9,"minecraft:warped_planks":677,"minecraft:cyan_stained_glass":1175,"minecraft:gray_terracotta":803,"minecraft:wooden_hoe":235,"minecraft:piston":276,"minecraft:flower_pot":3,"minecraft:black_wool":6,"minecraft:lapis_ore":81,"minecraft:magenta_concrete":13,"minecraft:detector_rail":5,"minecraft:stone_slab":1498,"minecraft:golden_leggings":3,"minecraft:yellow_wool":1095,"minecraft:stone_axe":527,"minecraft:pink_petals":303,"minecraft:fire_coral_block":918,"minecraft:cobbled_deepslate_slab":31,"minecraft:cyan_stained_glass_pane":508,"minecraft:pink_shulker_box":126,"minecraft:lapis_block":828,"minecraft:pumpkin_pie":1315,"minecraft:sea_pickle":233,"minecraft:gray_wool":90,"minecraft:peony":4,"minecraft:orange_dye":2,"minecraft:dead_horn_coral_block":608,"minecraft:elytra":205,"minecraft:polished_blackstone":20,"minecraft:ladder":453,"minecraft:green_banner":9,"minecraft:chest":1167,"minecraft:brown_concrete":397,"minecraft:white_shulker_box":115,"minecraft:blue_stained_glass":94,"minecraft:allium":4,"minecraft:acacia_sapling":10,"minecraft:orange_wool":141,"minecraft:yellow_candle":906,"minecraft:honey_block":24,"minecraft:honeycomb":107,"minecraft:grass_block":9258,"minecraft:birch_sapling":6003,"minecraft:polished_andesite_stairs":3108,"minecraft:orange_shulker_box":255,"minecraft:copper_ore":1762,"minecraft:wet_sponge":6588,"minecraft:dark_oak_button":12,"minecraft:pink_wool":1058,"minecraft:stone_brick_stairs":161,"minecraft:snow":11758,"minecraft:dark_oak_boat":28,"minecraft:sweet_berries":558,"minecraft:furnace":726,"minecraft:egg":20,"minecraft:potato":1189,"minecraft:seagrass":17,"minecraft:dead_brain_coral_fan":1,"minecraft:brown_concrete_powder":1,"minecraft:magenta_shulker_box":428,"minecraft:end_stone_bricks":410,"minecraft:emerald_ore":6,"minecraft:diorite":174,"minecraft:brick_wall":18,"minecraft:stripped_birch_log":176,"minecraft:cut_copper_slab":116,"minecraft:red_stained_glass":123,"minecraft:powered_rail":167,"minecraft:blackstone_stairs":137,"minecraft:lime_concrete_powder":324,"minecraft:smooth_quartz_stairs":1,"minecraft:cookie":94,"minecraft:dark_oak_trapdoor":371,"minecraft:respawn_anchor":2,"minecraft:blue_dye":8,"minecraft:sand":97117,"minecraft:blue_ice":4848,"minecraft:netherite_helmet":4,"minecraft:black_concrete_powder":53114,"minecraft:pumpkin_seeds":41,"minecraft:lightning_rod":36,"minecraft:deepslate_tiles":1900,"minecraft:crying_obsidian":340,"minecraft:verdant_froglight":141,"minecraft:stone_button":5,"minecraft:lectern":3,"minecraft:red_terracotta":231,"minecraft:polished_granite":41,"minecraft:cherry_sign":6,"minecraft:diamond_ore":18,"minecraft:lilac":7,"minecraft:polished_andesite_slab":4178,"minecraft:green_candle":140,"minecraft:fire_charge":1,"minecraft:wooden_sword":76,"minecraft:dark_oak_fence":2170,"minecraft:bubble_coral_block":88,"minecraft:white_stained_glass":1757,"minecraft:green_concrete_powder":385,"minecraft:pink_stained_glass":161,"minecraft:ice":3,"minecraft:gray_stained_glass":55,"minecraft:iron_bars":105,"minecraft:stone_sword":4,"minecraft:acacia_log":1,"minecraft:brain_coral_fan":5,"minecraft:red_concrete":243,"minecraft:sandstone_wall":7,"minecraft:netherrack":3688,"minecraft:orange_bed":34,"minecraft:green_glazed_terracotta":1,"minecraft:light_gray_shulker_box":166,"minecraft:target":1,"minecraft:dragon_egg":1,"minecraft:warped_wart_block":560,"minecraft:anvil":100,"minecraft:ancient_debris":3,"minecraft:chorus_flower":6,"minecraft:stone_stairs":125,"minecraft:polished_granite_slab":46,"minecraft:dead_tube_coral":4,"minecraft:glow_lichen":12915,"minecraft:jungle_trapdoor":1,"minecraft:blue_concrete":28,"minecraft:dead_brain_coral_block":5,"minecraft:small_dripleaf":10,"minecraft:shroomlight":297,"minecraft:red_shulker_box":1436,"minecraft:flowering_azalea":34,"minecraft:cyan_shulker_box":767,"minecraft:birch_chest_boat":1,"minecraft:brick_stairs":1,"minecraft:iron_axe":4705,"minecraft:rooted_dirt":107,"minecraft:spruce_button":8,"minecraft:slime_block":783,"minecraft:warped_fence":19,"minecraft:smooth_quartz":69,"minecraft:lime_dye":1,"minecraft:totem_of_undying":224,"minecraft:mud_bricks":315,"minecraft:melon_seeds":19,"minecraft:prismarine_slab":540,"minecraft:smooth_basalt":5371,"minecraft:glowstone":180,"minecraft:raw_copper_block":370,"minecraft:iron_trapdoor":60,"minecraft:goat_horn":15,"minecraft:oxidized_copper":277,"minecraft:acacia_wood":9,"minecraft:orange_terracotta":115,"minecraft:cobbled_deepslate":4594,"minecraft:observer":38,"minecraft:magenta_dye":1,"minecraft:pointed_dripstone":1,"minecraft:golden_axe":6,"minecraft:crimson_stem":1873,"minecraft:yellow_banner":117,"minecraft:water_bucket":1889,"minecraft:yellow_shulker_box":947,"minecraft:cartography_table":37,"minecraft:red_mushroom_block":352,"minecraft:polished_blackstone_bricks":81,"minecraft:pink_concrete":282,"minecraft:mossy_cobblestone":174,"minecraft:lime_terracotta":59,"minecraft:vine":4,"minecraft:orange_carpet":42,"minecraft:comparator":7,"minecraft:tnt":6070,"minecraft:crafting_table":193,"minecraft:birch_sign":2057,"minecraft:cod":4,"minecraft:dark_oak_fence_gate":19,"minecraft:fire_coral":5,"minecraft:lime_shulker_box":357,"minecraft:mangrove_sign":1,"minecraft:cake":1,"minecraft:small_amethyst_bud":10,"minecraft:oak_log":7,"minecraft:mud":29,"minecraft:dark_prismarine":7,"minecraft:cornflower":1,"minecraft:stripped_jungle_log":1,"minecraft:sunflower":12,"minecraft:mangrove_propagule":135,"minecraft:iron_pickaxe":7155,"minecraft:cyan_concrete":71,"minecraft:crimson_sign":8,"minecraft:chiseled_stone_bricks":468,"minecraft:cobblestone":809,"minecraft:red_concrete_powder":359,"minecraft:glass_pane":104,"minecraft:brown_mushroom_block":248,"minecraft:jukebox":4,"minecraft:kelp":228,"minecraft:light_blue_stained_glass_pane":66,"minecraft:iron_shovel":6941,"minecraft:carrot_on_a_stick":1,"minecraft:diamond_hoe":43968,"minecraft:oak_sign":9,"minecraft:white_concrete_powder":1102,"minecraft:white_terracotta":295,"minecraft:iron_sword":2279,"minecraft:purple_shulker_box":185,"minecraft:player_head":113,"minecraft:smooth_sandstone_stairs":1,"minecraft:sculk_sensor":2,"minecraft:iron_chestplate":4,"minecraft:nether_bricks":125,"minecraft:carrot":2008,"minecraft:deepslate_tile_slab":453,"minecraft:tuff":3544,"minecraft:axolotl_bucket":171,"minecraft:milk_bucket":4,"minecraft:polished_deepslate_stairs":12,"minecraft:glass":372,"minecraft:cyan_terracotta":483,"minecraft:coal_ore":3052,"minecraft:packed_mud":215,"minecraft:iron_helmet":6,"minecraft:repeater":29,"minecraft:red_carpet":240,"minecraft:redstone_lamp":36,"minecraft:honeycomb_block":5,"minecraft:magma_block":40,"minecraft:brown_carpet":42,"minecraft:hay_block":220,"minecraft:scaffolding":37289,"minecraft:gray_bed":4,"minecraft:beetroot_seeds":1066,"minecraft:fire_coral_fan":1,"minecraft:pearlescent_froglight":485,"minecraft:polished_blackstone_stairs":1,"minecraft:chiseled_polished_blackstone":16,"minecraft:dark_oak_stairs":322,"minecraft:birch_leaves":10038,"minecraft:dark_oak_sign":22,"minecraft:ender_pearl":1630,"minecraft:redstone_block":289,"minecraft:end_stone_brick_slab":4,"minecraft:blue_bed":1,"minecraft:large_amethyst_bud":38,"minecraft:brain_coral":2,"minecraft:yellow_terracotta":470,"minecraft:black_banner":3,"minecraft:light_gray_terracotta":174,"minecraft:deepslate_redstone_ore":308,"minecraft:sponge":6753,"minecraft:note_block":3,"minecraft:blackstone_wall":43,"minecraft:dripstone_block":245,"minecraft:black_bed":41,"minecraft:shears":17427,"minecraft:cobbled_deepslate_stairs":126,"minecraft:exposed_copper":72,"minecraft:redstone_torch":67,"minecraft:light_gray_concrete":49,"minecraft:birch_fence_gate":15,"minecraft:gray_shulker_box":148,"minecraft:melon_slice":79,"minecraft:green_concrete":72,"minecraft:string":3891,"minecraft:black_concrete":7966,"minecraft:cyan_bed":14,"minecraft:firework_rocket":69817,"minecraft:gravel":7793,"minecraft:blackstone_slab":36,"minecraft:granite_slab":67,"minecraft:jungle_sign":1,"minecraft:chainmail_boots":21,"minecraft:stripped_oak_wood":4,"minecraft:grindstone":2,"minecraft:medium_amethyst_bud":20,"minecraft:cherry_boat":7,"minecraft:air":996,"minecraft:andesite":8584,"minecraft:oak_fence":195,"minecraft:experience_bottle":1,"minecraft:cobweb":88,"minecraft:azalea":13,"minecraft:tropical_fish_bucket":114,"minecraft:golden_pickaxe":62,"minecraft:white_concrete":726,"minecraft:trident":8683,"minecraft:jungle_leaves":9,"minecraft:tropical_fish":177,"minecraft:redstone_ore":45,"minecraft:stone_shovel":331,"minecraft:light_blue_terracotta":68,"minecraft:spruce_planks":166,"minecraft:sculk":108,"minecraft:wooden_shovel":4577,"minecraft:end_stone_brick_wall":37,"minecraft:spyglass":710,"minecraft:white_carpet":2075,"minecraft:hopper":187,"minecraft:spruce_stairs":1,"minecraft:cobblestone_wall":95,"minecraft:pink_carpet":37,"minecraft:diamond_helmet":2,"minecraft:shulker_box":3927,"minecraft:pink_dye":4,"minecraft:raw_iron_block":3,"minecraft:granite":470,"minecraft:andesite_wall":1,"minecraft:stone_brick_slab":2,"minecraft:dark_oak_planks":545,"minecraft:bamboo_raft":16,"minecraft:bookshelf":27,"minecraft:red_tulip":8,"minecraft:yellow_stained_glass":806,"minecraft:crimson_planks":9,"minecraft:light_gray_wool":18,"minecraft:golden_carrot":351,"minecraft:emerald_block":1056,"minecraft:white_stained_glass_pane":8,"minecraft:horn_coral_block":1997,"minecraft:granite_wall":5,"minecraft:stone_pressure_plate":38,"minecraft:red_dye":290,"minecraft:brain_coral_block":55,"minecraft:mangrove_boat":9,"minecraft:cooked_mutton":106,"minecraft:acacia_boat":5,"minecraft:amethyst_block":1330,"minecraft:iron_ore":1916,"minecraft:glass_bottle":1826,"minecraft:polished_andesite":2806,"minecraft:mud_brick_slab":27,"minecraft:andesite_slab":101,"minecraft:copper_block":2483,"minecraft:black_shulker_box":630,"minecraft:beacon":32,"minecraft:white_dye":10,"minecraft:stonecutter":22,"minecraft:red_glazed_terracotta":43,"minecraft:cobblestone_slab":96,"minecraft:glow_item_frame":24,"minecraft:terracotta":65,"minecraft:stripped_dark_oak_log":3,"minecraft:lime_bed":27,"minecraft:dead_fire_coral_block":128,"minecraft:yellow_stained_glass_pane":826,"minecraft:light_gray_concrete_powder":67,"minecraft:painting":2,"minecraft:dark_oak_door":5,"minecraft:apple":36,"minecraft:nether_gold_ore":53,"minecraft:purple_stained_glass":3174,"minecraft:dead_fire_coral":8,"minecraft:map":57,"minecraft:purple_dye":1,"minecraft:green_shulker_box":137,"minecraft:mud_brick_wall":28,"minecraft:red_banner":10,"minecraft:bucket":7769,"minecraft:yellow_bed":2,"minecraft:splash_potion":80,"minecraft:smooth_stone":3,"minecraft:soul_torch":561,"minecraft:chainmail_leggings":26},"minecraft:killed_by":{"minecraft:ravager":86,"minecraft:magma_cube":1,"minecraft:zombie":4,"minecraft:warden":5,"minecraft:drowned":7,"minecraft:skeleton":7,"minecraft:dolphin":1,"minecraft:vex":3,"minecraft:ender_dragon":3,"minecraft:slime":1,"minecraft:guardian":5,"minecraft:evoker":1,"minecraft:cave_spider":1,"minecraft:player":37,"minecraft:enderman":1,"minecraft:hoglin":1},"minecraft:dropped":{"minecraft:lapis_lazuli":1,"minecraft:glow_ink_sac":56,"minecraft:chorus_fruit":4,"minecraft:glass_bottle":93,"minecraft:diamond":57,"minecraft:crafting_table":1,"minecraft:cooked_porkchop":228,"minecraft:dark_oak_slab":1,"minecraft:glow_berries":1,"minecraft:emerald":44,"minecraft:netherite_boots":5,"minecraft:writable_book":9,"minecraft:gold_nugget":3,"minecraft:sand":517,"minecraft:white_wool":4,"minecraft:dark_oak_planks":95,"minecraft:tropical_fish_bucket":1,"minecraft:compass":110,"minecraft:stone_axe":2,"minecraft:goat_horn":3,"minecraft:diamond_block":9,"minecraft:iron_nugget":594,"minecraft:black_carpet":12,"minecraft:cobbled_deepslate":280,"minecraft:obsidian":42,"minecraft:rotten_flesh":115,"minecraft:oak_planks":3,"minecraft:dead_fire_coral_block":1,"minecraft:sea_lantern":64,"minecraft:coal_ore":1,"minecraft:podzol":1,"minecraft:golden_boots":1,"minecraft:wheat_seeds":283,"minecraft:dripstone_block":2,"minecraft:deepslate_tile_slab":64,"minecraft:golden_apple":2,"minecraft:dark_oak_leaves":2,"minecraft:ink_sac":7,"minecraft:cooked_salmon":7,"minecraft:potion":45,"minecraft:red_dye":1,"minecraft:snow_block":2088,"minecraft:green_terracotta":32,"minecraft:player_head":30,"minecraft:stone_shovel":1,"minecraft:white_carpet":30,"minecraft:name_tag":2,"minecraft:white_shulker_box":4,"minecraft:shears":1,"minecraft:sea_pickle":192,"minecraft:flower_pot":65,"minecraft:diamond_sword":4,"minecraft:powder_snow_bucket":3,"minecraft:bundle":59,"minecraft:spruce_planks":1,"minecraft:diamond_pickaxe":3,"minecraft:bamboo":79,"minecraft:sandstone":3,"minecraft:bow":11,"minecraft:terracotta":273,"minecraft:moss_block":8,"minecraft:oak_log":192,"minecraft:ender_pearl":7263,"minecraft:dark_oak_sapling":4,"minecraft:leather":8,"minecraft:honeycomb":14,"minecraft:jungle_planks":48,"minecraft:carrot_on_a_stick":1,"minecraft:black_banner":2,"minecraft:raw_gold_block":20,"minecraft:cod":9,"minecraft:music_disc_13":4,"minecraft:packed_ice":64,"minecraft:snowball":85,"minecraft:wet_sponge":7,"minecraft:axolotl_bucket":3,"minecraft:black_concrete":921,"minecraft:gold_ingot":2,"minecraft:cyan_shulker_box":2,"minecraft:trident":3,"minecraft:mangrove_log":15,"minecraft:horn_coral_fan":6,"minecraft:birch_button":3,"minecraft:scaffolding":291,"minecraft:bread":134,"minecraft:golden_helmet":2,"minecraft:mangrove_propagule":1,"minecraft:tropical_fish":722,"minecraft:iron_block":64,"minecraft:pearlescent_froglight":23,"minecraft:milk_bucket":1,"minecraft:iron_door":2,"minecraft:polished_basalt":294,"minecraft:redstone_block":286,"minecraft:polished_diorite":8,"minecraft:kelp":22,"minecraft:sweet_berries":4,"minecraft:green_concrete":7,"minecraft:totem_of_undying":26,"minecraft:shulker_box":22,"minecraft:copper_ore":8,"minecraft:andesite":231,"minecraft:oak_sapling":7,"minecraft:birch_sign":36,"minecraft:wooden_pickaxe":1,"minecraft:magma_cream":2,"minecraft:oak_pressure_plate":2,"minecraft:cooked_beef":42,"minecraft:cookie":4,"minecraft:elytra":11,"minecraft:rail":128,"minecraft:dirt":664,"minecraft:red_shulker_box":4,"minecraft:grass":1,"minecraft:jungle_sapling":1,"minecraft:bone_block":192,"minecraft:sunflower":27,"minecraft:bone_meal":66,"minecraft:iron_pickaxe":1,"minecraft:dark_oak_boat":8,"minecraft:bone":133,"minecraft:sugar_cane":3,"minecraft:polished_andesite_slab":12,"minecraft:golden_chestplate":2,"minecraft:birch_sapling":31,"minecraft:blaze_powder":8,"minecraft:white_dye":6,"minecraft:egg":4,"minecraft:iron_ingot":4,"minecraft:netherite_pickaxe":5,"minecraft:birch_leaves":118,"minecraft:tnt":858,"minecraft:deepslate_diamond_ore":15,"minecraft:netherite_helmet":1,"minecraft:oak_fence":41,"minecraft:feather":1,"minecraft:cobblestone":731,"minecraft:granite":66,"minecraft:purple_dye":2,"minecraft:coal":97,"minecraft:sculk":192,"minecraft:golden_carrot":30,"minecraft:sponge":23,"minecraft:rose_bush":1,"minecraft:lime_carpet":82,"minecraft:diamond_helmet":3,"minecraft:dried_kelp":1,"minecraft:pufferfish_bucket":1,"minecraft:brown_terracotta":52,"minecraft:paper":12,"minecraft:string":44,"minecraft:polished_deepslate_wall":85,"minecraft:furnace":1,"minecraft:moss_carpet":104,"minecraft:redstone_ore":4,"minecraft:soul_torch":1,"minecraft:dark_oak_sign":1,"minecraft:deepslate":12,"minecraft:diamond_hoe":2,"minecraft:cut_copper_stairs":2,"minecraft:diamond_ore":1,"minecraft:stone":1080,"minecraft:crimson_slab":8,"minecraft:wooden_shovel":3,"minecraft:carved_pumpkin":24,"minecraft:spider_eye":5561,"minecraft:blue_orchid":127,"minecraft:black_wool":1,"minecraft:brown_mushroom":11,"minecraft:birch_planks":263,"minecraft:diamond_axe":3,"minecraft:baked_potato":1,"minecraft:flint":152,"minecraft:cyan_terracotta":84,"minecraft:pumpkin_pie":100,"minecraft:birch_log":120,"minecraft:gravel":24,"minecraft:blackstone":85,"minecraft:cherry_sapling":30,"minecraft:diamond_shovel":6,"minecraft:carrot":34,"minecraft:gunpowder":55,"minecraft:poppy":12,"minecraft:shulker_shell":64,"minecraft:bee_nest":1,"minecraft:chest":15,"minecraft:firework_rocket":1290,"minecraft:quartz":1097,"minecraft:arrow":132,"minecraft:basalt":360,"minecraft:water_bucket":5,"minecraft:netherrack":2977,"minecraft:stripped_spruce_log":1,"minecraft:written_book":3,"minecraft:oak_leaves":8,"minecraft:red_concrete_powder":2,"minecraft:magenta_carpet":3,"minecraft:diamond_leggings":3,"minecraft:observer":36,"minecraft:dark_oak_pressure_plate":2,"minecraft:grass_block":66,"minecraft:stick":392,"minecraft:light_blue_concrete_powder":1,"minecraft:diorite":53,"minecraft:torch":652,"minecraft:sculk_catalyst":16,"minecraft:smooth_quartz":1,"minecraft:map":3,"minecraft:wither_rose":672,"minecraft:flowering_azalea":11,"minecraft:iron_axe":3,"minecraft:bucket":305,"minecraft:redstone":45,"minecraft:dandelion":3,"minecraft:smooth_basalt":16,"minecraft:ender_chest":10,"minecraft:tuff":3,"minecraft:acacia_leaves":5,"minecraft:red_terracotta":20,"minecraft:snow":8,"minecraft:filled_map":547,"minecraft:shield":1,"minecraft:dead_horn_coral_fan":1,"minecraft:black_concrete_powder":8,"minecraft:orange_terracotta":8,"minecraft:dragon_egg":1,"minecraft:iron_chestplate":1,"minecraft:purple_bed":2,"minecraft:blue_ice":65,"minecraft:golden_sword":1,"minecraft:diamond_boots":1,"minecraft:slime_ball":2,"minecraft:stone_pickaxe":2,"minecraft:raw_gold":16,"minecraft:nether_quartz_ore":196,"minecraft:light_blue_shulker_box":2},"minecraft:killed":{"minecraft:cod":5,"minecraft:guardian":39,"minecraft:skeleton_horse":1,"minecraft:tropical_fish":23,"minecraft:elder_guardian":1,"minecraft:salmon":31,"minecraft:pillager":20,"minecraft:zombie":289,"minecraft:endermite":16,"minecraft:snow_golem":5,"minecraft:husk":3,"minecraft:rabbit":17,"minecraft:zombified_piglin":14,"minecraft:spider":59,"minecraft:silverfish":2,"minecraft:piglin":6,"minecraft:zombie_villager":4,"minecraft:sheep":42,"minecraft:ghast":34,"minecraft:slime":3081,"minecraft:drowned":48,"minecraft:hoglin":3,"minecraft:squid":827,"minecraft:player":42,"minecraft:cave_spider":13724,"minecraft:pufferfish":43,"minecraft:skeleton":8919,"minecraft:chicken":20,"minecraft:magma_cube":1530,"minecraft:glow_squid":94,"minecraft:cow":19,"minecraft:enderman":94764,"minecraft:pig":28,"minecraft:creeper":20,"minecraft:blaze":4,"minecraft:phantom":7,"minecraft:bat":1},"minecraft:mined":{"minecraft:red_shulker_box":1412,"minecraft:blackstone_stairs":9,"minecraft:white_bed":36,"minecraft:pink_bed":9,"minecraft:fire_coral_wall_fan":191,"minecraft:cyan_shulker_box":641,"minecraft:granite":70577,"minecraft:deepslate_tile_wall":1,"minecraft:acacia_log":40,"minecraft:light_gray_bed":20,"minecraft:blue_wool":32,"minecraft:green_concrete":417,"minecraft:oak_wall_sign":4,"minecraft:nether_wart":134,"minecraft:chorus_flower":15,"minecraft:polished_blackstone_bricks":2523,"minecraft:magma_block":359,"minecraft:mossy_cobblestone_stairs":22,"minecraft:dark_oak_trapdoor":92,"minecraft:fire":2042,"minecraft:barrel":103,"minecraft:cobbled_deepslate":504,"minecraft:granite_slab":19,"minecraft:deepslate_lapis_ore":320,"minecraft:dead_tube_coral":4,"minecraft:light_gray_concrete":12,"minecraft:green_carpet":1,"minecraft:white_shulker_box":108,"minecraft:waxed_exposed_copper":57,"minecraft:player_head":36,"minecraft:tripwire":294,"minecraft:orange_bed":35,"minecraft:jungle_trapdoor":1,"minecraft:bamboo_slab":133,"minecraft:cut_sandstone":15,"minecraft:magenta_carpet":1,"minecraft:blue_concrete_powder":1,"minecraft:kelp_plant":4485,"minecraft:deepslate_brick_wall":26,"minecraft:crimson_nylium":35,"minecraft:deepslate_tile_slab":11,"minecraft:powder_snow":23,"minecraft:note_block":1,"minecraft:torch":5045,"minecraft:oxidized_copper":1046,"minecraft:melon":42,"minecraft:white_stained_glass_pane":8,"minecraft:dead_bush":706,"minecraft:spruce_wall_sign":1,"minecraft:smooth_quartz_slab":2,"minecraft:tube_coral_fan":31,"minecraft:lime_shulker_box":343,"minecraft:sugar_cane":1022,"minecraft:bricks":186,"minecraft:amethyst_block":1275,"minecraft:birch_sapling":230,"minecraft:white_terracotta":605,"minecraft:chain":19,"minecraft:repeater":13,"minecraft:verdant_froglight":27,"minecraft:bamboo_planks":6,"minecraft:mud":797,"minecraft:tinted_glass":218,"minecraft:jukebox":3,"minecraft:magenta_glazed_terracotta":1,"minecraft:grass":3766,"minecraft:dark_oak_sapling":7,"minecraft:birch_button":47,"minecraft:smooth_quartz":28,"minecraft:sandstone_wall":6,"minecraft:mangrove_log":1664,"minecraft:smooth_basalt":1169,"minecraft:stripped_crimson_stem":43,"minecraft:deepslate":112243,"minecraft:attached_pumpkin_stem":2,"minecraft:dark_prismarine":28,"minecraft:deepslate_tiles":447,"minecraft:exposed_cut_copper":1,"minecraft:brown_concrete":83,"minecraft:mossy_cobblestone":188,"minecraft:cherry_sapling":1,"minecraft:orange_concrete_powder":60,"minecraft:dark_oak_log":2690,"minecraft:cyan_stained_glass":126,"minecraft:sea_lantern":253,"minecraft:end_stone":613,"minecraft:birch_fence_gate":15,"minecraft:dark_oak_fence":201,"minecraft:spruce_fence":7,"minecraft:redstone_wire":134,"minecraft:red_mushroom":6,"minecraft:cartography_table":30,"minecraft:waxed_weathered_copper":47,"minecraft:white_concrete_powder":41,"minecraft:cherry_wall_sign":3,"minecraft:horn_coral":26,"minecraft:redstone_ore":203,"minecraft:packed_mud":39,"minecraft:light_blue_concrete_powder":53,"minecraft:pink_concrete":1192,"minecraft:green_terracotta":60,"minecraft:andesite":78832,"minecraft:big_dripleaf_stem":7,"minecraft:vine":1669,"minecraft:cyan_concrete":67,"minecraft:cobblestone_slab":92,"minecraft:respawn_anchor":2,"minecraft:rail":196,"minecraft:brain_coral_wall_fan":148,"minecraft:bone_block":686,"minecraft:green_wool":159,"minecraft:fire_coral_block":1003,"minecraft:pink_glazed_terracotta":71,"minecraft:ender_chest":52,"minecraft:mud_brick_slab":29,"minecraft:redstone_block":232,"minecraft:glass_pane":4,"minecraft:soul_sand":1134,"minecraft:lily_of_the_valley":39,"minecraft:dandelion":378,"minecraft:fire_coral":52,"minecraft:cornflower":11,"minecraft:prismarine_slab":80,"minecraft:warped_roots":1,"minecraft:crimson_slab":274,"minecraft:brain_coral_fan":25,"minecraft:lightning_rod":12,"minecraft:copper_ore":8038,"minecraft:tall_grass":963,"minecraft:deepslate_gold_ore":951,"minecraft:green_stained_glass_pane":14,"minecraft:diorite":71224,"minecraft:orange_carpet":40,"minecraft:warped_wart_block":684,"minecraft:black_stained_glass":613,"minecraft:coarse_dirt":37,"minecraft:red_terracotta":655,"minecraft:cut_copper_slab":15,"minecraft:light_blue_bed":1,"minecraft:cobblestone_wall":15,"minecraft:dark_oak_wall_sign":12,"minecraft:mangrove_leaves":17752,"minecraft:dark_prismarine_slab":5,"minecraft:dark_oak_button":7,"minecraft:sunflower":6,"minecraft:gravel":45417,"minecraft:cobweb":178,"minecraft:brown_terracotta":3725,"minecraft:birch_sign":45,"minecraft:polished_blackstone":7,"minecraft:chipped_anvil":11,"minecraft:cherry_sign":2,"minecraft:gold_ore":511,"minecraft:iron_trapdoor":7,"minecraft:fern":1596,"minecraft:stone_pressure_plate":34,"minecraft:prismarine_wall":8,"minecraft:oak_sapling":7,"minecraft:farmland":172,"minecraft:andesite_stairs":9,"minecraft:end_stone_brick_wall":37,"minecraft:orange_wool":153,"minecraft:brewing_stand":6,"minecraft:budding_amethyst":14,"minecraft:cracked_polished_blackstone_bricks":885,"minecraft:bubble_coral_fan":29,"minecraft:white_concrete":841,"minecraft:composter":8,"minecraft:gilded_blackstone":1,"minecraft:mossy_cobblestone_slab":2,"minecraft:green_stained_glass":27,"minecraft:red_tulip":7,"minecraft:pointed_dripstone":9,"minecraft:flowering_azalea_leaves":93,"minecraft:iron_bars":15,"minecraft:azalea":81,"minecraft:granite_stairs":2,"minecraft:gray_terracotta":143,"minecraft:deepslate_redstone_ore":2040,"minecraft:brown_shulker_box":121,"minecraft:quartz_block":94,"minecraft:polished_blackstone_wall":3,"minecraft:exposed_copper":14,"minecraft:medium_amethyst_bud":28,"minecraft:orange_terracotta":2160,"minecraft:light_gray_terracotta":100,"minecraft:end_stone_brick_slab":4,"minecraft:mossy_cobblestone_wall":48,"minecraft:beacon":27,"minecraft:nether_quartz_ore":1899,"minecraft:oak_planks":113,"minecraft:wall_torch":1617,"minecraft:cauldron":1,"minecraft:light_weighted_pressure_plate":7,"minecraft:stone_stairs":4,"minecraft:light_blue_terracotta":22,"minecraft:fire_coral_fan":38,"minecraft:warped_nylium":7,"minecraft:blue_terracotta":57,"minecraft:powered_rail":66,"minecraft:dark_oak_slab":72,"minecraft:warped_planks":805,"minecraft:blue_ice":2970,"minecraft:tnt":50,"minecraft:oak_log":1151,"minecraft:beetroots":932,"minecraft:lime_terracotta":26,"minecraft:dirt":28513,"minecraft:prismarine_stairs":10,"minecraft:raw_copper_block":37,"minecraft:dispenser":8,"minecraft:ancient_debris":18,"minecraft:crying_obsidian":44,"minecraft:yellow_wall_banner":17,"minecraft:pink_carpet":7,"minecraft:dark_oak_leaves":1090,"minecraft:red_stained_glass":64,"minecraft:mangrove_wall_sign":1,"minecraft:mangrove_roots":6579,"minecraft:lever":42,"minecraft:glow_lichen":11885,"minecraft:ladder":43,"minecraft:purple_terracotta":2,"minecraft:tube_coral_wall_fan":157,"minecraft:stone_button":1,"minecraft:yellow_candle":57,"minecraft:weathered_copper":2,"minecraft:brown_mushroom_block":720,"minecraft:spruce_leaves":1105,"minecraft:dead_horn_coral_wall_fan":1,"minecraft:crimson_stem":51,"minecraft:hay_block":213,"minecraft:dead_brain_coral":3,"minecraft:polished_basalt":107,"minecraft:light_gray_shulker_box":164,"minecraft:detector_rail":23,"minecraft:peony":1,"minecraft:gold_block":28,"minecraft:bookshelf":7,"minecraft:deepslate_iron_ore":576,"minecraft:shroomlight":359,"minecraft:stripped_oak_log":11,"minecraft:wet_sponge":6507,"minecraft:pink_terracotta":210,"minecraft:scaffolding":8765,"minecraft:acacia_leaves":364,"minecraft:snow_block":9648,"minecraft:stripped_dark_oak_log":4,"minecraft:basalt":49784,"minecraft:warped_fence":19,"minecraft:polished_granite":4,"minecraft:oak_fence":81,"minecraft:honey_block":14,"minecraft:gray_stained_glass":8,"minecraft:stone_slab":772,"minecraft:quartz_bricks":5,"minecraft:deepslate_coal_ore":29,"minecraft:red_glazed_terracotta":29,"minecraft:red_concrete":287,"minecraft:polished_blackstone_brick_stairs":54,"minecraft:prismarine_bricks":752,"minecraft:dead_fire_coral_block":151,"minecraft:birch_planks":8848,"minecraft:bubble_coral":37,"minecraft:end_stone_brick_stairs":2,"minecraft:sea_pickle":115,"minecraft:polished_blackstone_slab":32,"minecraft:ice":17,"minecraft:mangrove_planks":41,"minecraft:bee_nest":43,"minecraft:muddy_mangrove_roots":2,"minecraft:black_wool":44,"minecraft:cocoa":1120,"minecraft:ochre_froglight":80,"minecraft:cherry_leaves":4384,"minecraft:yellow_concrete":1316,"minecraft:purple_shulker_box":181,"minecraft:small_dripleaf":4,"minecraft:dark_oak_planks":449,"minecraft:dead_horn_coral_fan":2,"minecraft:polished_granite_slab":6,"minecraft:light_blue_concrete":87,"minecraft:black_terracotta":144,"minecraft:cherry_log":693,"minecraft:jungle_leaves":5068,"minecraft:obsidian":2345,"minecraft:carved_pumpkin":89,"minecraft:red_sand":1365,"minecraft:crimson_trapdoor":27,"minecraft:yellow_carpet":115,"minecraft:jungle_log":2611,"minecraft:horn_coral_fan":39,"minecraft:coal_block":78,"minecraft:pink_stained_glass":116,"minecraft:deepslate_bricks":98,"minecraft:lime_stained_glass":516,"minecraft:bubble_coral_block":137,"minecraft:tube_coral_block":25,"minecraft:hopper":75,"minecraft:oxeye_daisy":28,"minecraft:chiseled_stone_bricks":50,"minecraft:orange_concrete":103,"minecraft:weeping_vines_plant":19,"minecraft:tall_seagrass":2417,"minecraft:sticky_piston":46,"minecraft:dead_fire_coral_wall_fan":1,"minecraft:pumpkin":179,"minecraft:moss_carpet":315,"minecraft:stripped_dark_oak_wood":2,"minecraft:enchanting_table":2,"minecraft:lime_stained_glass_pane":50,"minecraft:sculk_shrieker":1,"minecraft:cave_vines":410,"minecraft:oak_sign":4,"minecraft:dirt_path":133,"minecraft:small_amethyst_bud":23,"minecraft:deepslate_brick_stairs":34,"minecraft:smooth_sandstone_stairs":1,"minecraft:blue_orchid":130,"minecraft:iron_block":2223,"minecraft:soul_wall_torch":152,"minecraft:brown_mushroom":572,"minecraft:red_bed":16,"minecraft:player_wall_head":19,"minecraft:soul_fire":3,"minecraft:amethyst_cluster":666,"minecraft:blue_stained_glass":49,"minecraft:blast_furnace":6,"minecraft:mud_brick_stairs":2,"minecraft:polished_andesite_stairs":296,"minecraft:green_concrete_powder":2,"minecraft:dead_brain_coral_fan":1,"minecraft:glass":232,"minecraft:damaged_anvil":5,"minecraft:smooth_sandstone_slab":1,"minecraft:spruce_sign":1,"minecraft:black_concrete_powder":928,"minecraft:light_gray_stained_glass":5877,"minecraft:wheat":3088,"minecraft:lilac":9,"minecraft:lime_concrete":381,"minecraft:black_bed":20,"minecraft:warped_fungus":1,"minecraft:stone_brick_stairs":46,"minecraft:copper_block":182,"minecraft:blue_shulker_box":114,"minecraft:red_mushroom_block":1293,"minecraft:stonecutter":17,"minecraft:yellow_stained_glass":559,"minecraft:piston":271,"minecraft:infested_deepslate":4,"minecraft:yellow_terracotta":1178,"minecraft:light_blue_stained_glass_pane":66,"minecraft:pink_shulker_box":124,"minecraft:blue_stained_glass_pane":3,"minecraft:stripped_birch_log":387,"minecraft:jack_o_lantern":5,"minecraft:shulker_box":3836,"minecraft:nether_bricks":29,"minecraft:cobbled_deepslate_slab":6,"minecraft:allium":4,"minecraft:jungle_planks":678,"minecraft:crimson_roots":5,"minecraft:orange_shulker_box":251,"minecraft:magenta_concrete":66,"minecraft:yellow_concrete_powder":1182,"minecraft:kelp":1104,"minecraft:moss_block":1715,"minecraft:horn_coral_wall_fan":164,"minecraft:pink_wool":1040,"minecraft:jungle_sapling":9,"minecraft:snow":176224,"minecraft:acacia_wood":1,"minecraft:diamond_block":20,"minecraft:warped_wall_sign":1,"minecraft:potatoes":1230,"minecraft:magenta_concrete_powder":1,"minecraft:smooth_quartz_stairs":1,"minecraft:bamboo":2846,"minecraft:warped_trapdoor":7,"minecraft:cut_copper":118,"minecraft:white_wool":64,"minecraft:brain_coral":39,"minecraft:smithing_table":4,"minecraft:gray_concrete":32,"minecraft:hanging_roots":1,"minecraft:comparator":2,"minecraft:brown_carpet":40,"minecraft:pink_concrete_powder":224,"minecraft:stone_brick_slab":6,"minecraft:observer":26,"minecraft:smooth_sandstone":16,"minecraft:cobbled_deepslate_wall":3,"minecraft:light_gray_concrete_powder":3,"minecraft:emerald_ore":9,"minecraft:cyan_concrete_powder":5,"minecraft:sponge":6867,"minecraft:dropper":10,"minecraft:big_dripleaf":5,"minecraft:pearlescent_froglight":316,"minecraft:purple_stained_glass":242,"minecraft:white_carpet":684,"minecraft:spruce_log":235,"minecraft:birch_leaves":25241,"minecraft:quartz_pillar":133,"minecraft:red_wall_banner":6,"minecraft:dark_oak_sign":2,"minecraft:dripstone_block":287,"minecraft:infested_stone":1,"minecraft:black_shulker_box":602,"minecraft:large_amethyst_bud":24,"minecraft:spruce_planks":295,"minecraft:cobbled_deepslate_stairs":10,"minecraft:cobblestone_stairs":34,"minecraft:cave_vines_plant":845,"minecraft:grass_block":7326,"minecraft:dead_tube_coral_block":11,"minecraft:blue_concrete":63,"minecraft:soul_soil":432,"minecraft:warped_sign":1,"minecraft:mud_brick_wall":1,"minecraft:mud_bricks":44,"minecraft:raw_iron_block":11,"minecraft:glowstone":57,"minecraft:iron_ore":6653,"minecraft:target":1,"minecraft:black_carpet":3,"minecraft:anvil":33,"minecraft:dark_oak_stairs":290,"minecraft:azure_bluet":41,"minecraft:purple_carpet":4,"minecraft:birch_wall_sign":186,"minecraft:azalea_leaves":242,"minecraft:end_stone_bricks":338,"minecraft:brain_coral_block":161,"minecraft:dead_fire_coral":9,"minecraft:blackstone":22292,"minecraft:cyan_terracotta":34,"minecraft:dead_bubble_coral_block":84,"minecraft:polished_deepslate_stairs":1,"minecraft:clay":3499,"minecraft:calcite":301,"minecraft:poppy":256,"minecraft:chest":866,"minecraft:mushroom_stem":69,"minecraft:cobblestone":890,"minecraft:honeycomb_block":5,"minecraft:slime_block":607,"minecraft:grindstone":1,"minecraft:prismarine":728,"minecraft:iron_door":3,"minecraft:deepslate_copper_ore":115,"minecraft:magenta_shulker_box":422,"minecraft:pink_petals":9,"minecraft:seagrass":3284,"minecraft:acacia_sapling":11,"minecraft:brown_concrete_powder":1,"minecraft:dark_oak_door":4,"minecraft:nether_wart_block":945,"minecraft:birch_log":34841,"minecraft:yellow_wool":1095,"minecraft:lapis_block":801,"minecraft:birch_trapdoor":7,"minecraft:stripped_oak_wood":4,"minecraft:yellow_stained_glass_pane":25,"minecraft:green_glazed_terracotta":65,"minecraft:sand":262541,"minecraft:crimson_planks":32,"minecraft:netherrack":61784,"minecraft:polished_deepslate_wall":42,"minecraft:oak_leaves":1259,"minecraft:horn_coral_block":2413,"minecraft:emerald_block":766,"minecraft:redstone_lamp":9,"minecraft:granite_wall":1,"minecraft:diamond_ore":36,"minecraft:nether_gold_ore":243,"minecraft:tube_coral":26,"minecraft:red_carpet":49,"minecraft:tuff":11653,"minecraft:deepslate_diamond_ore":1243,"minecraft:blackstone_wall":30,"minecraft:gray_shulker_box":147,"minecraft:dark_oak_pressure_plate":2,"minecraft:black_banner":2,"minecraft:brick_stairs":1,"minecraft:weeping_vines":4,"minecraft:white_stained_glass":539,"minecraft:calibrated_sculk_sensor":1,"minecraft:polished_andesite_slab":996,"minecraft:sandstone":14586,"minecraft:mangrove_propagule":169,"minecraft:rooted_dirt":4383,"minecraft:large_fern":218,"minecraft:spore_blossom":8,"minecraft:furnace":677,"minecraft:carrots":1242,"minecraft:red_concrete_powder":69,"minecraft:black_concrete":9366,"minecraft:dark_oak_fence_gate":10,"minecraft:stripped_spruce_log":1,"minecraft:bell":1,"minecraft:dead_horn_coral_block":351,"minecraft:polished_deepslate":158,"minecraft:stripped_jungle_log":57,"minecraft:packed_ice":34144,"minecraft:chorus_plant":1,"minecraft:stone":697242,"minecraft:yellow_shulker_box":941,"minecraft:redstone_wall_torch":8,"minecraft:podzol":122,"minecraft:flowering_azalea":39,"minecraft:light_blue_shulker_box":523,"minecraft:red_wool":113,"minecraft:brick_wall":15,"minecraft:soul_torch":154,"minecraft:crafting_table":111,"minecraft:cyan_stained_glass_pane":67,"minecraft:blackstone_slab":13,"minecraft:lime_concrete_powder":8,"minecraft:rose_bush":38,"minecraft:andesite_slab":3,"minecraft:sculk_sensor":8,"minecraft:lectern":4,"minecraft:lapis_ore":876,"minecraft:lily_pad":22,"minecraft:blue_bed":1,"minecraft:spruce_stairs":1,"minecraft:gray_wool":6,"minecraft:lime_bed":8,"minecraft:cactus":65,"minecraft:green_shulker_box":130,"minecraft:polished_blackstone_stairs":1,"minecraft:redstone_torch":16,"minecraft:magenta_terracotta":15,"minecraft:sweet_berry_bush":12,"minecraft:yellow_bed":2,"minecraft:dead_brain_coral_block":5,"minecraft:mangrove_slab":177,"minecraft:coal_ore":9777,"minecraft:end_rod":5,"minecraft:bubble_coral_wall_fan":149,"minecraft:gray_carpet":258,"minecraft:terracotta":5060,"minecraft:crimson_wall_sign":1,"minecraft:polished_andesite":173,"minecraft:birch_fence":151},"minecraft:custom":{"minecraft:interact_with_crafting_table":3316,"minecraft:play_time":110438657,"minecraft:deaths":274,"minecraft:jump":432414,"minecraft:play_record":32,"minecraft:interact_with_cartography_table":65,"minecraft:interact_with_smoker":2,"minecraft:inspect_dispenser":332,"minecraft:horse_one_cm":652470,"minecraft:inspect_dropper":236,"minecraft:interact_with_anvil":900,"minecraft:inspect_hopper":2299,"minecraft:tune_noteblock":66,"minecraft:time_since_rest":26583,"minecraft:swim_one_cm":9478264,"minecraft:open_chest":32034,"minecraft:open_shulker_box":68071,"minecraft:damage_resisted":1450,"minecraft:play_noteblock":3,"minecraft:talked_to_villager":108,"minecraft:interact_with_brewingstand":1383,"minecraft:interact_with_beacon":99,"minecraft:boat_one_cm":14000947,"minecraft:damage_taken":927438,"minecraft:aviate_one_cm":2147483647,"minecraft:open_barrel":13410,"minecraft:bell_ring":9,"minecraft:eat_cake_slice":16,"minecraft:leave_game":1416,"minecraft:time_since_death":248484,"minecraft:enchant_item":222,"minecraft:interact_with_furnace":2542,"minecraft:traded_with_villager":120,"minecraft:sleep_in_bed":4962,"minecraft:damage_dealt":1950992,"minecraft:interact_with_smithing_table":85,"minecraft:target_hit":15,"minecraft:sneak_time":9863343,"minecraft:interact_with_lectern":186,"minecraft:interact_with_blast_furnace":45,"minecraft:total_world_time":110438657,"minecraft:interact_with_stonecutter":191,"minecraft:fly_one_cm":70967453,"minecraft:fall_one_cm":18122857,"minecraft:animals_bred":120,"minecraft:sprint_one_cm":119082276,"minecraft:drop":5690,"minecraft:walk_on_water_one_cm":14768022,"minecraft:interact_with_loom":17,"minecraft:open_enderchest":7205,"minecraft:player_kills":34,"minecraft:crouch_one_cm":68523384,"minecraft:mob_kills":123785,"minecraft:climb_one_cm":10257926,"minecraft:walk_one_cm":260043851,"minecraft:walk_under_water_one_cm":42407849,"minecraft:pot_flower":3,"minecraft:interact_with_grindstone":84,"minecraft:damage_absorbed":2013,"minecraft:trigger_trapped_chest":18,"minecraft:minecart_one_cm":2136898,"minecraft:pig_one_cm":141925},"minecraft:crafted":{"minecraft:lime_stained_glass":200,"minecraft:green_banner":15,"minecraft:red_stained_glass_pane":992,"minecraft:black_dye":9230,"minecraft:yellow_wool":273,"minecraft:oak_sign":3,"minecraft:cherry_wood":48,"minecraft:end_stone_brick_wall":30,"minecraft:blaze_powder":184,"minecraft:birch_boat":34,"minecraft:chain":243,"minecraft:brick_wall":18,"minecraft:blue_stained_glass_pane":3232,"minecraft:diamond_shovel":13,"minecraft:gray_wool":61,"minecraft:nether_brick":377,"minecraft:shulker_box":618,"minecraft:diamond_helmet":3,"minecraft:magenta_concrete_powder":144,"minecraft:light_blue_concrete_powder":48,"minecraft:stone_pressure_plate":8,"minecraft:dried_kelp_block":1003,"minecraft:black_wool":11,"minecraft:gray_stained_glass":56,"minecraft:lime_concrete_powder":352,"minecraft:white_shulker_box":18,"minecraft:pink_stained_glass":48,"minecraft:blue_stained_glass":1280,"minecraft:redstone_lamp":27,"minecraft:jungle_boat":2,"minecraft:polished_andesite_stairs":32,"minecraft:glow_item_frame":9,"minecraft:black_concrete":16,"minecraft:green_bed":1,"minecraft:raw_gold_block":186,"minecraft:smithing_table":2,"minecraft:golden_pickaxe":1,"minecraft:mossy_cobblestone":372,"minecraft:sticky_piston":23,"minecraft:green_stained_glass":56,"minecraft:painting":2,"minecraft:cartography_table":12,"minecraft:end_stone_brick_slab":18,"minecraft:stone_brick_stairs":16,"minecraft:wooden_hoe":4,"minecraft:golden_leggings":1,"minecraft:stone_slab":864,"minecraft:iron_pickaxe":22,"minecraft:sandstone":6,"minecraft:netherite_ingot":289,"minecraft:composter":5,"minecraft:lime_concrete":40,"minecraft:jungle_sign":3,"minecraft:golden_carrot":78,"minecraft:crimson_trapdoor":60,"minecraft:jukebox":1,"minecraft:orange_shulker_box":30,"minecraft:iron_nugget":873,"minecraft:spyglass":1,"minecraft:diamond_hoe":3,"minecraft:brick_stairs":4,"minecraft:soul_torch":332,"minecraft:light_gray_wool":36,"minecraft:jack_o_lantern":68,"minecraft:blue_shulker_box":23,"minecraft:lime_stained_glass_pane":88,"minecraft:spruce_fence":36,"minecraft:moss_carpet":39,"minecraft:stone_stairs":268,"minecraft:terracotta":95,"minecraft:lantern":3,"minecraft:light_gray_shulker_box":43,"minecraft:black_concrete_powder":50552,"minecraft:red_shulker_box":43,"minecraft:stone_pickaxe":20,"minecraft:spruce_boat":11,"minecraft:prismarine_slab":396,"minecraft:brick_slab":6,"minecraft:lead":48,"minecraft:light_gray_terracotta":112,"minecraft:cut_copper_slab":128,"minecraft:enchanting_table":1,"minecraft:cyan_bed":1,"minecraft:crimson_slab":6884,"minecraft:yellow_stained_glass_pane":912,"minecraft:leather_helmet":4,"minecraft:dark_oak_button":16,"minecraft:red_carpet":288,"minecraft:orange_dye":66,"minecraft:oak_fence_gate":1,"minecraft:crimson_stairs":32,"minecraft:green_candle":128,"minecraft:red_stained_glass":440,"minecraft:warped_sign":329,"minecraft:gunpowder":8,"minecraft:fermented_spider_eye":116,"minecraft:birch_trapdoor":46,"minecraft:writable_book":14,"minecraft:iron_shovel":28,"minecraft:armor_stand":23,"minecraft:prismarine_wall":6,"minecraft:note_block":3,"minecraft:mangrove_slab":144,"minecraft:pink_terracotta":1328,"minecraft:grindstone":1,"minecraft:gray_concrete":176,"minecraft:cobblestone_slab":138,"minecraft:barrel":122,"minecraft:packed_mud":644,"minecraft:calibrated_sculk_sensor":5,"minecraft:crimson_sign":6,"minecraft:cooked_chicken":12,"minecraft:lightning_rod":35,"minecraft:cherry_boat":2,"minecraft:stone":10,"minecraft:snow":4320,"minecraft:pink_carpet":288,"minecraft:heavy_weighted_pressure_plate":4,"minecraft:quartz_pillar":128,"minecraft:warped_planks":144,"minecraft:brown_carpet":96,"minecraft:mangrove_fence":3,"minecraft:bow":27,"minecraft:comparator":8,"minecraft:polished_basalt":1404,"minecraft:chest":885,"minecraft:copper_block":2927,"minecraft:rail":224,"minecraft:blue_concrete_powder":48,"minecraft:bricks":589,"minecraft:birch_button":124,"minecraft:ender_eye":57,"minecraft:stone_bricks":284,"minecraft:oak_fence":309,"minecraft:granite_stairs":4,"minecraft:golden_boots":1,"minecraft:sea_lantern":7,"minecraft:dropper":5,"minecraft:mud_brick_stairs":4,"minecraft:arrow":20,"minecraft:cauldron":1,"minecraft:lime_terracotta":112,"minecraft:iron_helmet":3,"minecraft:brown_dye":69,"minecraft:chiseled_polished_blackstone":18,"minecraft:white_stained_glass_pane":128,"minecraft:yellow_stained_glass":736,"minecraft:dispenser":7,"minecraft:tnt":5728,"minecraft:spruce_trapdoor":52,"minecraft:pink_wool":692,"minecraft:yellow_dye":1543,"minecraft:purple_dye":480,"minecraft:netherite_block":130,"minecraft:gray_terracotta":688,"minecraft:stick":8201,"minecraft:iron_ingot":6255,"minecraft:andesite_stairs":8,"minecraft:light_blue_shulker_box":64,"minecraft:light_blue_stained_glass":48,"minecraft:black_bed":3,"minecraft:dark_oak_fence_gate":13,"minecraft:blue_terracotta":72,"minecraft:small_dripleaf":10,"minecraft:leather_boots":3,"minecraft:golden_chestplate":5,"minecraft:spruce_button":8,"minecraft:furnace":179,"minecraft:mud_bricks":468,"minecraft:piston":51,"minecraft:polished_andesite_slab":76,"minecraft:raw_copper_block":3429,"minecraft:flint_and_steel":14,"minecraft:scaffolding":21162,"minecraft:granite_wall":18,"minecraft:white_concrete_powder":944,"minecraft:pink_concrete":8,"minecraft:orange_terracotta":104,"minecraft:brown_shulker_box":22,"minecraft:blackstone_stairs":32,"minecraft:birch_sign":1658,"minecraft:glistering_melon_slice":10,"minecraft:purple_terracotta":24,"minecraft:light_blue_stained_glass_pane":128,"minecraft:purple_stained_glass":3272,"minecraft:iron_trapdoor":53,"minecraft:purple_shulker_box":30,"minecraft:iron_sword":17,"minecraft:black_banner":3,"minecraft:cooked_salmon":17,"minecraft:mangrove_planks":1492,"minecraft:acacia_boat":1,"minecraft:jungle_planks":5808,"minecraft:white_dye":1032,"minecraft:brown_concrete_powder":8,"minecraft:anvil":60,"minecraft:stonecutter":6,"minecraft:light_gray_concrete":96,"minecraft:andesite":6410,"minecraft:prismarine_stairs":24,"minecraft:torch":18772,"minecraft:granite_slab":6,"minecraft:diamond_chestplate":1,"minecraft:ender_chest":57,"minecraft:light_gray_concrete_powder":64,"minecraft:smooth_stone":8,"minecraft:dark_oak_pressure_plate":2,"minecraft:orange_carpet":96,"minecraft:cyan_concrete":64,"minecraft:birch_slab":54,"minecraft:slime_block":652,"minecraft:lever":201,"minecraft:green_concrete":8,"minecraft:bookshelf":3,"minecraft:cooked_mutton":81,"minecraft:iron_bars":96,"minecraft:red_concrete_powder":280,"minecraft:magenta_shulker_box":27,"minecraft:quartz_block":46,"minecraft:glass":162,"minecraft:light_blue_terracotta":96,"minecraft:repeater":19,"minecraft:diamond_leggings":1,"minecraft:cyan_stained_glass_pane":512,"minecraft:melon_seeds":18,"minecraft:birch_fence_gate":17,"minecraft:polished_blackstone":16,"minecraft:magenta_dye":49,"minecraft:cooked_rabbit":33,"minecraft:flower_pot":67,"minecraft:bamboo_raft":19,"minecraft:glass_bottle":183,"minecraft:furnace_minecart":2,"minecraft:target":1,"minecraft:wooden_shovel":80,"minecraft:emerald":850,"minecraft:cooked_porkchop":81,"minecraft:diamond_axe":5,"minecraft:clock":2,"minecraft:copper_ingot":1499,"minecraft:hay_block":329,"minecraft:end_stone_brick_stairs":8,"minecraft:campfire":15,"minecraft:lime_shulker_box":39,"minecraft:bamboo_planks":144,"minecraft:lime_bed":1,"minecraft:smooth_basalt":266,"minecraft:cherry_sign":3,"minecraft:green_terracotta":696,"minecraft:compass":53,"minecraft:iron_block":1069,"minecraft:white_terracotta":304,"minecraft:gold_ingot":1410,"minecraft:light_gray_dye":3509,"minecraft:packed_ice":1,"minecraft:yellow_concrete_powder":1192,"minecraft:stone_shovel":15,"minecraft:smooth_stone_slab":24,"minecraft:leather_leggings":3,"minecraft:player_head":104,"minecraft:polished_deepslate_stairs":20,"minecraft:tinted_glass":1176,"minecraft:orange_concrete":112,"minecraft:mossy_cobblestone_stairs":39,"minecraft:red_terracotta":184,"minecraft:bone_meal":117579,"minecraft:cyan_stained_glass":1328,"minecraft:pink_dye":1058,"minecraft:andesite_wall":6,"minecraft:candle":852,"minecraft:white_carpet":1656,"minecraft:warped_trapdoor":10,"minecraft:diamond":1458,"minecraft:dark_oak_fence":2244,"minecraft:ladder":324,"minecraft:spruce_slab":12,"minecraft:diamond_boots":3,"minecraft:red_glazed_terracotta":18,"minecraft:redstone_block":1125,"minecraft:dark_oak_planks":6578,"minecraft:golden_helmet":7,"minecraft:wheat":2583,"minecraft:coal_block":1388,"minecraft:dried_kelp":3768,"minecraft:muddy_mangrove_roots":111,"minecraft:red_bed":1,"minecraft:polished_granite":68,"minecraft:conduit":1,"minecraft:glowstone":183,"minecraft:white_stained_glass":1584,"minecraft:green_stained_glass_pane":144,"minecraft:bamboo_slab":90,"minecraft:sandstone_wall":6,"minecraft:golden_apple":3,"minecraft:andesite_slab":32,"minecraft:gray_shulker_box":2,"minecraft:cyan_shulker_box":11,"minecraft:wooden_axe":3,"minecraft:crimson_fence":15,"minecraft:iron_leggings":4,"minecraft:white_bed":37,"minecraft:brown_concrete":328,"minecraft:golden_hoe":1,"minecraft:brick":2599,"minecraft:oak_planks":3360,"minecraft:dark_oak_boat":41,"minecraft:pink_shulker_box":27,"minecraft:cobblestone_stairs":32,"minecraft:green_dye":11,"minecraft:white_concrete":32,"minecraft:bamboo_block":88,"minecraft:dark_oak_door":3,"minecraft:hopper":114,"minecraft:iron_boots":2,"minecraft:raw_copper":19197,"minecraft:written_book":4,"minecraft:blackstone_wall":18,"minecraft:mossy_cobblestone_slab":10,"minecraft:cyan_terracotta":472,"minecraft:yellow_banner":273,"minecraft:stone_hoe":13,"minecraft:honeycomb_block":16,"minecraft:raw_iron_block":606,"minecraft:oak_slab":228,"minecraft:item_frame":147,"minecraft:acacia_wood":9,"minecraft:map":53,"minecraft:crafting_table":105,"minecraft:spruce_planks":772,"minecraft:mud_brick_slab":6,"minecraft:wooden_pickaxe":12,"minecraft:baked_potato":1181,"minecraft:yellow_candle":868,"minecraft:gold_block":41,"minecraft:pumpkin_seeds":40,"minecraft:birch_planks":166043,"minecraft:brewing_stand":4,"minecraft:sea_pickle":5,"minecraft:black_shulker_box":58,"minecraft:dark_oak_slab":462,"minecraft:book":53,"minecraft:iron_chestplate":5,"minecraft:paper":1089,"minecraft:charcoal":559,"minecraft:diamond_pickaxe":42,"minecraft:emerald_block":79,"minecraft:birch_fence":192,"minecraft:light_blue_dye":24,"minecraft:leather_chestplate":2,"minecraft:stone_sword":2,"minecraft:snow_block":40881,"minecraft:green_shulker_box":8,"minecraft:gray_carpet":2690,"minecraft:redstone_torch":113,"minecraft:sponge":7,"minecraft:shears":155,"minecraft:polished_andesite":2113,"minecraft:cherry_planks":252,"minecraft:coarse_dirt":216,"minecraft:wooden_sword":6,"minecraft:raw_iron":4950,"minecraft:redstone":801,"minecraft:coal":3411,"minecraft:red_concrete":168,"minecraft:light_gray_stained_glass":27152,"minecraft:stone_button":5,"minecraft:dark_oak_trapdoor":314,"minecraft:gray_dye":400,"minecraft:dark_oak_sign":21,"minecraft:waxed_weathered_copper":1,"minecraft:diamond_block":159,"minecraft:glass_pane":112,"minecraft:end_stone_bricks":424,"minecraft:warped_fence":18,"minecraft:blue_ice":3245,"minecraft:yellow_shulker_box":33,"minecraft:polished_deepslate":256,"minecraft:iron_axe":22,"minecraft:black_terracotta":1648,"minecraft:green_concrete_powder":384,"minecraft:slime_ball":833,"minecraft:birch_chest_boat":1,"minecraft:lime_dye":86,"minecraft:filled_map":139,"minecraft:gray_banner":1,"minecraft:netherite_scrap":19,"minecraft:observer":55,"minecraft:minecart":6,"minecraft:cooked_beef":73,"minecraft:sugar":193,"minecraft:red_dye":842,"minecraft:cooked_cod":8,"minecraft:bone_block":6447,"minecraft:crimson_planks":3804,"minecraft:diamond_sword":5,"minecraft:cyan_dye":182,"minecraft:dark_oak_stairs":248,"minecraft:spruce_sign":3,"minecraft:pink_concrete_powder":1184,"minecraft:powered_rail":60,"minecraft:yellow_carpet":114,"minecraft:nether_bricks":94,"minecraft:bucket":1206,"minecraft:stone_axe":14,"minecraft:amethyst_block":685,"minecraft:mossy_cobblestone_wall":71,"minecraft:air":0,"minecraft:bread":233,"minecraft:black_stained_glass":19256,"minecraft:blue_dye":569,"minecraft:mud_brick_wall":27,"minecraft:cut_copper":40,"minecraft:oak_boat":22,"minecraft:magenta_terracotta":8,"minecraft:white_wool":3572,"minecraft:gold_nugget":558,"minecraft:raw_gold":45,"minecraft:dark_prismarine_slab":126,"minecraft:pumpkin_pie":32,"minecraft:acacia_planks":96,"minecraft:lapis_lazuli":972,"minecraft:lapis_block":1112,"minecraft:clay":2690,"minecraft:firework_rocket":189},"minecraft:picked_up":{"minecraft:blue_candle":3,"minecraft:suspicious_stew":2,"minecraft:lead":69,"minecraft:smithing_table":133,"minecraft:stone_slab":662,"minecraft:enchanted_book":2,"minecraft:purple_shulker_box":181,"minecraft:blue_concrete":85,"minecraft:music_disc_cat":1,"minecraft:string":7393,"minecraft:polished_deepslate":161,"minecraft:polished_blackstone_brick_stairs":54,"minecraft:dark_oak_pressure_plate":4,"minecraft:pufferfish":57,"minecraft:shroomlight":354,"minecraft:sculk_shrieker":1,"minecraft:cherry_boat":7,"minecraft:diamond_leggings":23,"minecraft:horn_coral_block":2110,"minecraft:bubble_coral":33,"minecraft:crimson_sign":8,"minecraft:diamond_ore":30,"minecraft:polished_blackstone_stairs":1,"minecraft:jukebox":3,"minecraft:big_dripleaf":130,"minecraft:brick_wall":15,"minecraft:acacia_log":47,"minecraft:cyan_stained_glass":114,"minecraft:cut_copper_stairs":2,"minecraft:lightning_rod":17,"minecraft:golden_axe":1,"minecraft:honeycomb_block":5,"minecraft:gray_shulker_box":148,"minecraft:cyan_stained_glass_pane":62,"minecraft:golden_chestplate":84,"minecraft:pink_terracotta":469,"minecraft:green_terracotta":128,"minecraft:cauldron":1,"minecraft:brown_carpet":40,"minecraft:yellow_banner":15,"minecraft:orange_bed":38,"minecraft:stone_sword":3,"minecraft:lime_carpet":83,"minecraft:horn_coral_fan":199,"minecraft:honey_bottle":9,"minecraft:blackstone_wall":38,"minecraft:polished_basalt":241,"minecraft:red_tulip":8,"minecraft:carved_pumpkin":171,"minecraft:bookshelf":1,"minecraft:glowstone":1190,"minecraft:end_rod":5,"minecraft:white_terracotta":673,"minecraft:tadpole_bucket":17,"minecraft:blaze_rod":7,"minecraft:iron_bars":27,"minecraft:snowball":67166,"minecraft:sponge":6944,"minecraft:furnace_minecart":3,"minecraft:feather":47,"minecraft:cooked_beef":73,"minecraft:medium_amethyst_bud":27,"minecraft:water_bucket":270,"minecraft:dark_oak_boat":32,"minecraft:copper_block":181,"minecraft:flint":4209,"minecraft:purple_stained_glass":195,"minecraft:pink_concrete_powder":264,"minecraft:lantern":6,"minecraft:cyan_concrete_powder":4,"minecraft:magenta_terracotta":17,"minecraft:purple_carpet":3047,"minecraft:large_amethyst_bud":21,"minecraft:stonecutter":19,"minecraft:dark_oak_sign":28,"minecraft:rabbit":36,"minecraft:diamond_helmet":17,"minecraft:honeycomb":151,"minecraft:glow_lichen":14055,"minecraft:lime_terracotta":14,"minecraft:stripped_crimson_stem":36,"minecraft:birch_fence_gate":15,"minecraft:stripped_spruce_log":1,"minecraft:brown_mushroom_block":924,"minecraft:dead_fire_coral_fan":1,"minecraft:polished_andesite":184,"minecraft:blue_terracotta":75,"minecraft:deepslate":30476,"minecraft:lever":341,"minecraft:granite":67900,"minecraft:spruce_button":6,"minecraft:deepslate_coal_ore":13,"minecraft:rooted_dirt":4198,"minecraft:jack_o_lantern":5,"minecraft:diamond_pickaxe":100,"minecraft:crimson_roots":9,"minecraft:magenta_glazed_terracotta":1,"minecraft:mud":785,"minecraft:bee_nest":42,"minecraft:clay_ball":14300,"minecraft:leather_leggings":40,"minecraft:golden_pickaxe":4,"minecraft:redstone_lamp":9,"minecraft:yellow_candle":203,"minecraft:fire_coral":48,"minecraft:cornflower":14456,"minecraft:elytra":82,"minecraft:flint_and_steel":9,"minecraft:white_stained_glass":552,"minecraft:white_carpet":751,"minecraft:iron_shovel":18,"minecraft:polished_blackstone_wall":3,"minecraft:glass_pane":3,"minecraft:jungle_sapling":201,"minecraft:poppy":289,"minecraft:spruce_slab":14,"minecraft:minecart":21,"minecraft:birch_sapling":6261,"minecraft:piston":286,"minecraft:diamond_hoe":12,"minecraft:copper_ore":2833,"minecraft:lime_shulker_box":343,"minecraft:black_stained_glass":625,"minecraft:stone":294433,"minecraft:music_disc_mellohi":4,"minecraft:white_dye":32,"minecraft:mangrove_sign":1,"minecraft:netherite_pickaxe":30,"minecraft:cyan_shulker_box":648,"minecraft:stone_shovel":11,"minecraft:diamond_chestplate":7,"minecraft:hay_block":227,"minecraft:yellow_terracotta":1248,"minecraft:totem_of_undying":103,"minecraft:polished_blackstone":7,"minecraft:mutton":110,"minecraft:bone_block":1224,"minecraft:rail":1307,"minecraft:emerald_ore":11,"minecraft:oxeye_daisy":4423,"minecraft:lime_bed":8,"minecraft:birch_leaves":16544,"minecraft:yellow_shulker_box":951,"minecraft:mud_bricks":44,"minecraft:clock":7,"minecraft:red_glazed_terracotta":37,"minecraft:fern":72,"minecraft:blackstone_slab":16,"minecraft:acacia_wood":3,"minecraft:packed_mud":39,"minecraft:lily_pad":25,"minecraft:paper":377,"minecraft:apple":64,"minecraft:spore_blossom":5,"minecraft:yellow_stained_glass":603,"minecraft:stone_pickaxe":16,"minecraft:pufferfish_bucket":1,"minecraft:iron_ore":2098,"minecraft:cherry_sign":5,"minecraft:dark_oak_stairs":316,"minecraft:polished_andesite_stairs":199,"minecraft:milk_bucket":2,"minecraft:smooth_basalt":1262,"minecraft:light_gray_stained_glass":4016,"minecraft:sweet_berries":962,"minecraft:green_glazed_terracotta":65,"minecraft:red_wool":189,"minecraft:lime_concrete":378,"minecraft:weathered_copper":2,"minecraft:crying_obsidian":43,"minecraft:dragon_egg":2,"minecraft:leather_helmet":55,"minecraft:diamond_shovel":62,"minecraft:coal_ore":2928,"minecraft:slime_ball":5096,"minecraft:deepslate_redstone_ore":401,"minecraft:birch_sign":1005,"minecraft:baked_potato":566,"minecraft:smooth_quartz_slab":4,"minecraft:hopper":72,"minecraft:prismarine_stairs":9,"minecraft:black_carpet":15,"minecraft:light_blue_concrete":87,"minecraft:ender_chest":71,"minecraft:yellow_wool":1053,"minecraft:gilded_blackstone":1,"minecraft:stone_brick_stairs":54,"minecraft:lapis_block":816,"minecraft:dead_tube_coral_block":12,"minecraft:deepslate_lapis_ore":59,"minecraft:experience_bottle":1,"minecraft:red_sand":1671,"minecraft:smooth_stone":221,"minecraft:comparator":3,"minecraft:bucket":193,"minecraft:light_weighted_pressure_plate":8,"minecraft:red_dye":22,"minecraft:rose_bush":436,"minecraft:cobblestone_slab":77,"minecraft:azalea":136,"minecraft:wooden_shovel":3,"minecraft:iron_pickaxe":19,"minecraft:smooth_quartz":20,"minecraft:smooth_quartz_stairs":1,"minecraft:deepslate_iron_ore":171,"minecraft:blue_wool":19,"minecraft:birch_trapdoor":43,"minecraft:polished_deepslate_stairs":1,"minecraft:spruce_stairs":2,"minecraft:netherite_shovel":1,"minecraft:diorite":66451,"minecraft:vine":186,"minecraft:goat_horn":6,"minecraft:rotten_flesh":729,"minecraft:music_disc_ward":4,"minecraft:brown_shulker_box":122,"minecraft:mangrove_roots":6364,"minecraft:deepslate_copper_ore":37,"minecraft:chorus_flower":15,"minecraft:music_disc_wait":5,"minecraft:deepslate_brick_stairs":29,"minecraft:obsidian":1280,"minecraft:blaze_powder":40,"minecraft:cobblestone":382174,"minecraft:enchanting_table":2,"minecraft:leather_chestplate":39,"minecraft:pink_petals":303,"minecraft:muddy_mangrove_roots":2,"minecraft:lilac":10,"minecraft:repeater":16,"minecraft:mud_brick_stairs":2,"minecraft:golden_leggings":83,"minecraft:andesite":76722,"minecraft:black_bed":21,"minecraft:orange_carpet":40,"minecraft:beacon":27,"minecraft:potato":4727,"minecraft:smooth_sandstone_stairs":1,"minecraft:prismarine_bricks":763,"minecraft:stripped_birch_log":385,"minecraft:dirt":33597,"minecraft:name_tag":3,"minecraft:glass":498,"minecraft:bone":12410,"minecraft:granite_wall":1,"minecraft:bow":1102,"minecraft:wheat_seeds":26702,"minecraft:small_dripleaf":1,"minecraft:grindstone":1,"minecraft:netherite_axe":2,"minecraft:bamboo":25221,"minecraft:cyan_concrete":67,"minecraft:prismarine":663,"minecraft:waxed_exposed_copper":78,"minecraft:gray_stained_glass":22,"minecraft:light_blue_shulker_box":526,"minecraft:melon":6,"minecraft:grass_block":4644,"minecraft:diamond_block":61,"minecraft:mossy_cobblestone":167,"minecraft:jungle_leaves":641,"minecraft:light_gray_terracotta":161,"minecraft:yellow_carpet":115,"minecraft:light_blue_terracotta":168,"minecraft:netherite_helmet":14,"minecraft:slime_block":732,"minecraft:yellow_stained_glass_pane":15,"minecraft:cracked_polished_blackstone_bricks":800,"minecraft:crossbow":8,"minecraft:bone_meal":608,"minecraft:grass":274,"minecraft:golden_apple":4,"minecraft:spruce_sign":9,"minecraft:emerald":29,"minecraft:chorus_fruit":111,"minecraft:netherrack":52125,"minecraft:andesite_slab":5,"minecraft:oak_leaves":373,"minecraft:azure_bluet":38,"minecraft:splash_potion":15,"minecraft:ladder":375,"minecraft:rabbit_stew":37,"minecraft:brown_mushroom":559,"minecraft:packed_ice":32856,"minecraft:pink_wool":1186,"minecraft:chain":18,"minecraft:shield":5,"minecraft:end_stone_brick_wall":33,"minecraft:moss_carpet":978,"minecraft:birch_fence":140,"minecraft:magenta_wool":64,"minecraft:blackstone":22299,"minecraft:blue_orchid":130,"minecraft:end_stone":619,"minecraft:flowering_azalea_leaves":36,"minecraft:note_block":1,"minecraft:polished_blackstone_bricks":2353,"minecraft:music_disc_11":2,"minecraft:cookie":38,"minecraft:brown_concrete_powder":1,"minecraft:trident":63,"minecraft:light_blue_bed":1,"minecraft:stone_pressure_plate":35,"minecraft:purple_terracotta":2,"minecraft:blue_concrete_powder":30,"minecraft:tube_coral":25,"minecraft:weeping_vines":44,"minecraft:red_shulker_box":1428,"minecraft:pumpkin_pie":451,"minecraft:nether_bricks":31,"minecraft:stripped_dark_oak_wood":2,"minecraft:black_banner":6,"minecraft:brick_stairs":1,"minecraft:netherite_boots":39,"minecraft:purple_dye":3,"minecraft:jungle_boat":2,"minecraft:prismarine_slab":78,"minecraft:dark_oak_button":12,"minecraft:basalt":47418,"minecraft:golden_carrot":354,"minecraft:leather":144,"minecraft:music_disc_stal":6,"minecraft:ice":12,"minecraft:granite_stairs":1,"minecraft:chainmail_chestplate":11,"minecraft:gunpowder":241,"minecraft:yellow_bed":2,"minecraft:cobbled_deepslate_stairs":10,"minecraft:cobblestone_wall":14,"minecraft:orange_terracotta":3459,"minecraft:cooked_mutton":49,"minecraft:red_carpet":50,"minecraft:mangrove_boat":10,"minecraft:pearlescent_froglight":867,"minecraft:gray_carpet":271,"minecraft:rabbit_hide":42,"minecraft:iron_ingot":310,"minecraft:cooked_chicken":2,"minecraft:polished_andesite_slab":1003,"minecraft:verdant_froglight":27,"minecraft:sculk_catalyst":16,"minecraft:tropical_fish_bucket":43,"minecraft:pink_bed":18,"minecraft:nether_quartz_ore":437,"minecraft:warped_fungus":1,"minecraft:emerald_block":700,"minecraft:stone_brick_slab":6,"minecraft:quartz":3084,"minecraft:dandelion":374,"minecraft:lava_bucket":36,"minecraft:amethyst_shard":5168,"minecraft:red_banner":7,"minecraft:green_stained_glass":1,"minecraft:soul_torch":322,"minecraft:spruce_door":1,"minecraft:light_blue_concrete_powder":98,"minecraft:mangrove_leaves":14243,"minecraft:pumpkin_seeds":342,"minecraft:sculk_sensor":8,"minecraft:white_concrete_powder":161,"minecraft:prismarine_wall":8,"minecraft:chainmail_leggings":22,"minecraft:cherry_sapling":135,"minecraft:mossy_cobblestone_stairs":23,"minecraft:terracotta":5335,"minecraft:damaged_anvil":6,"minecraft:netherite_hoe":16,"minecraft:end_stone_brick_slab":4,"minecraft:wooden_axe":3,"minecraft:sunflower":396,"minecraft:seagrass":27,"minecraft:iron_chestplate":4,"minecraft:chainmail_boots":22,"minecraft:flower_pot":4,"minecraft:anvil":34,"minecraft:prismarine_shard":46,"minecraft:magenta_carpet":22,"minecraft:diamond_sword":195,"minecraft:birch_button":363,"minecraft:brewing_stand":6,"minecraft:golden_sword":3,"minecraft:polished_deepslate_wall":144,"minecraft:amethyst_block":1380,"minecraft:dark_oak_trapdoor":103,"minecraft:soul_soil":382,"minecraft:beetroot":1191,"minecraft:orange_concrete_powder":57,"minecraft:waxed_weathered_copper":69,"minecraft:gold_nugget":1427,"minecraft:cobbled_deepslate":86603,"minecraft:spruce_planks":341,"minecraft:written_book":10,"minecraft:azalea_leaves":89,"minecraft:coal_block":266,"minecraft:melon_slice":214,"minecraft:mangrove_log":1735,"minecraft:dark_oak_door":4,"minecraft:golden_helmet":77,"minecraft:music_disc_blocks":1,"minecraft:magenta_concrete_powder":68,"minecraft:composter":5,"minecraft:green_bed":3,"minecraft:bamboo_slab":138,"minecraft:pink_carpet":7,"minecraft:sandstone_wall":6,"minecraft:cherry_log":690,"minecraft:warped_planks":1361,"minecraft:deepslate_tile_stairs":7,"minecraft:rabbit_foot":4,"minecraft:black_dye":6,"minecraft:light_gray_bed":21,"minecraft:tropical_fish":3593,"minecraft:blue_dye":1,"minecraft:iron_block":2294,"minecraft:cyan_terracotta":341,"minecraft:blackstone_stairs":9,"minecraft:birch_log":35276,"minecraft:magma_block":344,"minecraft:mossy_cobblestone_slab":2,"minecraft:oxidized_copper":1299,"minecraft:cherry_leaves":3007,"minecraft:iron_door":5,"minecraft:birch_slab":8,"minecraft:jungle_log":2580,"minecraft:acacia_leaves":122,"minecraft:green_concrete_powder":1,"minecraft:powder_snow_bucket":3,"minecraft:netherite_leggings":32,"minecraft:gray_concrete":84,"minecraft:map":73,"minecraft:mangrove_slab":258,"minecraft:light_gray_concrete_powder":71,"minecraft:twisting_vines":34,"minecraft:chipped_anvil":12,"minecraft:gray_terracotta":230,"minecraft:glowstone_dust":22,"minecraft:moss_block":1707,"minecraft:warped_wart_block":658,"minecraft:dropper":10,"minecraft:granite_slab":19,"minecraft:ink_sac":2679,"minecraft:dark_oak_log":2786,"minecraft:red_terracotta":947,"minecraft:barrel":107,"minecraft:bundle":75,"minecraft:quartz_bricks":5,"minecraft:dispenser":8,"minecraft:black_concrete_powder":1687,"minecraft:green_concrete":117,"minecraft:writable_book":13,"minecraft:polished_granite_slab":6,"minecraft:deepslate_gold_ore":235,"minecraft:dead_brain_coral_block":8,"minecraft:blue_ice":2891,"minecraft:chainmail_helmet":25,"minecraft:bread":275,"minecraft:dark_oak_fence":76,"minecraft:bricks":223,"minecraft:spruce_leaves":731,"minecraft:lime_stained_glass_pane":42,"minecraft:crafting_table":117,"minecraft:coarse_dirt":79,"minecraft:bubble_coral_fan":180,"minecraft:nether_wart":476,"minecraft:dead_tube_coral":4,"minecraft:crimson_trapdoor":42,"minecraft:dead_horn_coral_block":655,"minecraft:jungle_trapdoor":1,"minecraft:red_bed":17,"minecraft:snow":1135,"minecraft:compass":159,"minecraft:cartography_table":34,"minecraft:respawn_anchor":2,"minecraft:deepslate_diamond_ore":384,"minecraft:beef":73,"minecraft:iron_nugget":2279,"minecraft:chest":937,"minecraft:raw_copper_block":44,"minecraft:egg":37,"minecraft:sandstone":14128,"minecraft:polished_deepslate_slab":68,"minecraft:glow_item_frame":13,"minecraft:amethyst_cluster":149,"minecraft:spruce_fence":7,"minecraft:carrot":5033,"minecraft:redstone":11088,"minecraft:mushroom_stem":117,"minecraft:prismarine_crystals":109,"minecraft:tnt":696,"minecraft:cooked_cod":6,"minecraft:beetroot_seeds":2675,"minecraft:peony":282,"minecraft:tube_coral_fan":175,"minecraft:diamond_boots":34,"minecraft:shears":20,"minecraft:deepslate_bricks":89,"minecraft:cut_copper":109,"minecraft:warped_sign":12,"minecraft:tube_coral_block":29,"minecraft:gold_ingot":15,"minecraft:white_shulker_box":114,"minecraft:glow_berries":439,"minecraft:white_wool":454,"minecraft:lime_concrete_powder":10,"minecraft:crimson_slab":1436,"minecraft:lapis_ore":347,"minecraft:stripped_oak_log":9,"minecraft:red_mushroom_block":1348,"minecraft:red_mushroom":12,"minecraft:ochre_froglight":80,"minecraft:filled_map":5242,"minecraft:brown_concrete":127,"minecraft:oak_log":1296,"minecraft:ancient_debris":22,"minecraft:golden_boots":94,"minecraft:blue_bed":1,"minecraft:white_banner":3,"minecraft:stone_bricks":2,"minecraft:kelp":24029,"minecraft:music_disc_far":1,"minecraft:cobweb":174,"minecraft:glass_bottle":144,"minecraft:mangrove_planks":65,"minecraft:iron_sword":9,"minecraft:flowering_azalea":77,"minecraft:white_stained_glass_pane":13,"minecraft:dark_oak_slab":74,"minecraft:yellow_concrete":1333,"minecraft:spyglass":7,"minecraft:gravel":45392,"minecraft:dead_fire_coral_block":154,"minecraft:small_amethyst_bud":22,"minecraft:spruce_sapling":11,"minecraft:spruce_log":426,"minecraft:sea_lantern":347,"minecraft:firework_rocket":4132,"minecraft:red_stained_glass":185,"minecraft:purple_bed":11,"minecraft:stone_axe":8,"minecraft:polished_diorite":9,"minecraft:diamond_axe":48,"minecraft:redstone_ore":68,"minecraft:gray_wool":32,"minecraft:melon_seeds":3,"minecraft:crimson_nylium":29,"minecraft:warped_nylium":20,"minecraft:stripped_dark_oak_log":4,"minecraft:mangrove_propagule":385,"minecraft:ender_pearl":29654,"minecraft:shulker_shell":1137,"minecraft:music_disc_strad":1,"minecraft:wheat":3076,"minecraft:exposed_copper":13,"minecraft:redstone_block":320,"minecraft:iron_trapdoor":7,"minecraft:light_gray_shulker_box":164,"minecraft:green_stained_glass_pane":14,"minecraft:dead_horn_coral_fan":4,"minecraft:potion":227,"minecraft:brain_coral_block":161,"minecraft:nether_brick":16,"minecraft:crimson_planks":102,"minecraft:raw_copper":38569,"minecraft:iron_leggings":11,"minecraft:sticky_piston":66,"minecraft:armor_stand":6,"minecraft:netherite_ingot":1,"minecraft:pink_shulker_box":126,"minecraft:oak_sign":16,"minecraft:sea_pickle":973,"minecraft:deepslate_tiles":354,"minecraft:black_shulker_box":608,"minecraft:dark_oak_leaves":364,"minecraft:redstone_torch":38,"minecraft:calcite":360,"minecraft:deepslate_tile_wall":1,"minecraft:iron_boots":7,"minecraft:furnace":624,"minecraft:stick":5171,"minecraft:orange_shulker_box":253,"minecraft:deepslate_brick_wall":26,"minecraft:brown_terracotta":3889,"minecraft:oak_fence":225,"minecraft:torch":20561,"minecraft:porkchop":107,"minecraft:snow_block":9717,"minecraft:dried_kelp":7,"minecraft:target":1,"minecraft:dead_brain_coral_fan":1,"minecraft:pointed_dripstone":631,"minecraft:yellow_concrete_powder":1183,"minecraft:blue_stained_glass":49,"minecraft:quartz_block":154,"minecraft:nether_gold_ore":59,"minecraft:cactus":183,"minecraft:mangrove_stairs":8,"minecraft:green_wool":154,"minecraft:fire_coral_fan":255,"minecraft:cod":89,"minecraft:magma_cream":761,"minecraft:tuff":12410,"minecraft:warped_trapdoor":4,"minecraft:horn_coral":25,"minecraft:acacia_boat":5,"minecraft:green_shulker_box":130,"minecraft:lapis_lazuli":10883,"minecraft:polished_granite":4,"minecraft:leather_boots":54,"minecraft:cobbled_deepslate_wall":11,"minecraft:raw_gold":2135,"minecraft:cobbled_deepslate_slab":9,"minecraft:bell":1,"minecraft:powered_rail":329,"minecraft:oak_planks":258,"minecraft:stone_hoe":3,"minecraft:brain_coral":42,"minecraft:pink_stained_glass":113,"minecraft:ghast_tear":49,"minecraft:pink_concrete":1191,"minecraft:black_terracotta":337,"minecraft:cooked_porkchop":2398,"minecraft:music_disc_13":41,"minecraft:sand":341077,"minecraft:polished_blackstone_slab":31,"minecraft:oak_pressure_plate":2,"minecraft:poisonous_potato":17,"minecraft:axolotl_bucket":25,"minecraft:jungle_planks":674,"minecraft:cyan_bed":11,"minecraft:dead_bush":755,"minecraft:lily_of_the_valley":44,"minecraft:exposed_cut_copper":1,"minecraft:shulker_box":3805,"minecraft:orange_wool":137,"minecraft:dark_prismarine":28,"minecraft:dead_fire_coral":10,"minecraft:light_gray_concrete":258,"minecraft:dark_prismarine_slab":7,"minecraft:clay":220,"minecraft:diamond":2077,"minecraft:spruce_boat":8,"minecraft:black_concrete":3293,"minecraft:white_concrete":891,"minecraft:dead_brain_coral":2,"minecraft:mud_brick_slab":29,"minecraft:oak_sapling":327,"minecraft:bubble_coral_block":162,"minecraft:allium":4,"minecraft:end_stone_bricks":333,"minecraft:charcoal":60,"minecraft:cocoa_beans":3691,"minecraft:end_stone_brick_stairs":1,"minecraft:firework_star":2,"minecraft:chicken":41,"minecraft:wooden_pickaxe":7,"minecraft:gold_block":42,"minecraft:dragon_breath":23,"minecraft:stone_stairs":1,"minecraft:orange_concrete":101,"minecraft:iron_axe":18,"minecraft:wooden_sword":9,"minecraft:quartz_slab":3,"minecraft:item_frame":183,"minecraft:warped_fence":18,"minecraft:detector_rail":27,"minecraft:mossy_cobblestone_wall":48,"minecraft:andesite_stairs":9,"minecraft:oak_boat":13,"minecraft:player_head":532,"minecraft:observer":68,"minecraft:light_gray_wool":14,"minecraft:lectern":5,"minecraft:tinted_glass":661,"minecraft:blue_shulker_box":113,"minecraft:sugar_cane":1913,"minecraft:spruce_trapdoor":4,"minecraft:phantom_membrane":17,"minecraft:dark_oak_sapling":166,"minecraft:raw_iron":10747,"minecraft:copper_ingot":32,"minecraft:bowl":2,"minecraft:quartz_pillar":131,"minecraft:stone_button":19,"minecraft:magenta_shulker_box":423,"minecraft:dark_oak_planks":636,"minecraft:arrow":12987,"minecraft:light_blue_stained_glass_pane":53,"minecraft:pink_glazed_terracotta":115,"minecraft:saddle":2,"minecraft:lime_stained_glass":756,"minecraft:wet_sponge":6525,"minecraft:crimson_stem":49,"minecraft:glow_ink_sac":331,"minecraft:salmon":31,"minecraft:cut_sandstone":13,"minecraft:carrot_on_a_stick":8,"minecraft:birch_planks":10133,"minecraft:nether_wart_block":859,"minecraft:cobblestone_stairs":33,"minecraft:deepslate_tile_slab":11,"minecraft:cut_copper_slab":26,"minecraft:podzol":65,"minecraft:smooth_sandstone":15,"minecraft:fire_coral_block":990,"minecraft:stripped_oak_wood":4,"minecraft:acacia_sapling":29,"minecraft:soul_sand":1065,"minecraft:music_disc_chirp":4,"minecraft:green_dye":271,"minecraft:book":31,"minecraft:scaffolding":22415,"minecraft:bamboo_planks":23,"minecraft:red_concrete_powder":99,"minecraft:birch_boat":20,"minecraft:pumpkin":203,"minecraft:chiseled_stone_bricks":42,"minecraft:raw_iron_block":13,"minecraft:dripstone_block":360,"minecraft:brain_coral_fan":171,"minecraft:blast_furnace":26,"minecraft:mud_brick_wall":1,"minecraft:white_bed":37,"minecraft:gold_ore":258,"minecraft:dark_oak_fence_gate":10,"minecraft:green_carpet":1,"minecraft:spider_eye":9246,"minecraft:stripped_jungle_log":57,"minecraft:music_disc_mall":1,"minecraft:lime_dye":2,"minecraft:dried_kelp_block":68,"minecraft:honey_block":15,"minecraft:dead_bubble_coral_block":86,"minecraft:iron_helmet":6,"minecraft:magenta_concrete":109,"minecraft:black_wool":68,"minecraft:red_concrete":328,"minecraft:coal":15755}},"DataVersion":3463}