{"stats":{"minecraft:killed_by":{"minecraft:warden":1,"minecraft:player":5,"minecraft:ravager":6,"minecraft:drowned":1,"minecraft:vex":1},"minecraft:used":{"minecraft:armor_stand":1,"minecraft:red_concrete":16,"minecraft:ender_pearl":1,"minecraft:white_concrete_powder":1,"minecraft:mangrove_trapdoor":1,"minecraft:yellow_concrete":20,"minecraft:acacia_button":2,"minecraft:gray_concrete":7,"minecraft:blue_concrete":15,"minecraft:spruce_boat":2,"minecraft:red_shulker_box":1,"minecraft:gray_terracotta":28,"minecraft:green_concrete":15,"minecraft:diamond_pickaxe":114,"minecraft:cyan_terracotta":87,"minecraft:firework_rocket":58,"minecraft:cyan_shulker_box":6,"minecraft:string":2,"minecraft:smooth_quartz":36,"minecraft:golden_carrot":1,"minecraft:sweet_berries":8,"minecraft:cooked_porkchop":19,"minecraft:pearlescent_froglight":2},"minecraft:custom":{"minecraft:interact_with_smithing_table":4,"minecraft:inspect_dropper":2,"minecraft:tune_noteblock":5,"minecraft:open_barrel":23,"minecraft:open_shulker_box":27,"minecraft:leave_game":5,"minecraft:time_since_death":10143,"minecraft:sleep_in_bed":4,"minecraft:climb_one_cm":3980,"minecraft:damage_resisted":2355,"minecraft:time_since_rest":10326,"minecraft:damage_taken":6000,"minecraft:open_enderchest":4,"minecraft:sprint_one_cm":755308,"minecraft:walk_one_cm":743138,"minecraft:drop":35,"minecraft:minecart_one_cm":45276,"minecraft:damage_dealt":147,"minecraft:swim_one_cm":41339,"minecraft:fly_one_cm":400796,"minecraft:player_kills":1,"minecraft:open_chest":44,"minecraft:crouch_one_cm":117430,"minecraft:play_time":436425,"minecraft:deaths":17,"minecraft:sneak_time":39010,"minecraft:walk_under_water_one_cm":37781,"minecraft:boat_one_cm":886866,"minecraft:interact_with_lectern":10,"minecraft:aviate_one_cm":2278896,"minecraft:jump":2066,"minecraft:interact_with_blast_furnace":3,"minecraft:walk_on_water_one_cm":11021,"minecraft:total_world_time":436425,"minecraft:fall_one_cm":50283},"minecraft:dropped":{"minecraft:compass":1,"minecraft:player_head":1,"minecraft:iron_nugget":2,"minecraft:glass_bottle":3,"minecraft:cooked_porkchop":2,"minecraft:soul_lantern":1,"minecraft:cyan_shulker_box":2,"minecraft:tropical_fish":1,"minecraft:elytra":2,"minecraft:red_shulker_box":1,"minecraft:golden_carrot":3,"minecraft:diamond_pickaxe":3,"minecraft:carved_pumpkin":8,"minecraft:paper":2,"minecraft:firework_rocket":65},"minecraft:picked_up":{"minecraft:golden_carrot":8,"minecraft:filled_map":3,"minecraft:acacia_button":2,"minecraft:blue_concrete":14,"minecraft:gray_concrete":7,"minecraft:string":2,"minecraft:paper":4,"minecraft:elytra":5,"minecraft:armor_stand":1,"minecraft:compass":3,"minecraft:pearlescent_froglight":2,"minecraft:gray_terracotta":22,"minecraft:glass_bottle":3,"minecraft:dark_oak_sign":1,"minecraft:smooth_quartz":99,"minecraft:player_head":7,"minecraft:iron_nugget":16,"minecraft:stone":15,"minecraft:cooked_porkchop":33,"minecraft:sweet_berries":20,"minecraft:yellow_concrete":17,"minecraft:brown_concrete_powder":3,"minecraft:cyan_shulker_box":5,"minecraft:firework_rocket":99,"minecraft:black_concrete_powder":1,"minecraft:red_shulker_box":2,"minecraft:white_concrete_powder":1,"minecraft:green_concrete":3,"minecraft:tropical_fish":1,"minecraft:spruce_boat":2,"minecraft:soul_lantern":1,"minecraft:carved_pumpkin":7,"minecraft:cyan_terracotta":38,"minecraft:red_concrete":14,"minecraft:ender_pearl":1,"minecraft:cobblestone":4,"minecraft:diamond_pickaxe":3},"minecraft:mined":{"minecraft:gray_terracotta":21,"minecraft:red_shulker_box":2,"minecraft:gray_concrete":7,"minecraft:cyan_terracotta":30,"minecraft:cyan_shulker_box":4,"minecraft:blue_concrete":2,"minecraft:red_concrete":15,"minecraft:white_concrete_powder":1,"minecraft:pearlescent_froglight":2,"minecraft:smooth_quartz":36,"minecraft:tripwire":2}},"DataVersion":3463}