{"stats":{"minecraft:used":{"minecraft:smooth_quartz_slab":3,"minecraft:spruce_slab":5,"minecraft:ladder":7,"minecraft:elytra":3,"minecraft:chest":78,"minecraft:stone":2796,"minecraft:white_shulker_box":1,"minecraft:quartz_stairs":75,"minecraft:rotten_flesh":5,"minecraft:soul_sand":6,"minecraft:azure_bluet":2,"minecraft:snowball":16,"minecraft:packed_ice":914,"minecraft:honey_block":235,"minecraft:honeycomb":1,"minecraft:lava_bucket":1,"minecraft:quartz_pillar":161,"minecraft:grass_block":60,"minecraft:orange_shulker_box":5,"minecraft:polished_andesite_stairs":120,"minecraft:quartz_block":81,"minecraft:dark_oak_slab":10,"minecraft:dark_oak_button":2,"minecraft:stripped_mangrove_log":4,"minecraft:bow":145,"minecraft:snow":128,"minecraft:dark_oak_boat":4,"minecraft:sweet_berries":6,"minecraft:furnace":281,"minecraft:mangrove_slab":44,"minecraft:egg":2,"minecraft:magenta_shulker_box":3,"minecraft:emerald_ore":13,"minecraft:diorite":10,"minecraft:spruce_door":3,"minecraft:red_stained_glass":2,"minecraft:chorus_fruit":1,"minecraft:prismarine":71,"minecraft:wooden_pickaxe":3,"minecraft:composter":1,"minecraft:smooth_quartz_stairs":1,"minecraft:glow_berries":8,"minecraft:dark_oak_trapdoor":13,"minecraft:blue_ice":3,"minecraft:deepslate_tiles":210,"minecraft:deepslate_iron_ore":1,"minecraft:verdant_froglight":21,"minecraft:stone_button":480,"minecraft:red_terracotta":1,"minecraft:polished_andesite_slab":58,"minecraft:coal_block":3,"minecraft:diamond_sword":1719,"minecraft:fire_charge":1,"minecraft:dark_oak_fence":299,"minecraft:smithing_table":2,"minecraft:ice":378,"minecraft:compass":1,"minecraft:enchanting_table":1,"minecraft:carved_pumpkin":1,"minecraft:armor_stand":7,"minecraft:red_concrete":120,"minecraft:stripped_warped_stem":15,"minecraft:netherrack":524,"minecraft:torch":1133,"minecraft:nether_quartz_ore":61,"minecraft:cod_bucket":1,"minecraft:red_shulker_box":7,"minecraft:cyan_shulker_box":6,"minecraft:iron_block":172,"minecraft:iron_axe":139,"minecraft:slime_block":295,"minecraft:polished_deepslate_wall":36,"minecraft:jungle_log":8,"minecraft:barrel":3,"minecraft:tadpole_bucket":8,"minecraft:podzol":1,"minecraft:observer":1518,"minecraft:cobbled_deepslate":58,"minecraft:orange_terracotta":1,"minecraft:calcite":115,"minecraft:crimson_stem":191,"minecraft:wheat_seeds":3,"minecraft:water_bucket":185,"minecraft:warped_stem":2277,"minecraft:light_blue_shulker_box":59,"minecraft:mangrove_wood":3,"minecraft:yellow_shulker_box":2,"minecraft:glow_ink_sac":1,"minecraft:spruce_fence_gate":2,"minecraft:deepslate_bricks":12,"minecraft:polished_deepslate_slab":37,"minecraft:diamond_block":4,"minecraft:comparator":942,"minecraft:crafting_table":132,"minecraft:oak_slab":107,"minecraft:birch_sign":2,"minecraft:white_bed":4,"minecraft:campfire":6,"minecraft:spruce_log":1,"minecraft:deepslate_tile_wall":15,"minecraft:oak_log":21,"minecraft:dark_prismarine":554,"minecraft:diamond_pickaxe":164784,"minecraft:cornflower":3,"minecraft:diamond_shovel":9166,"minecraft:iron_pickaxe":250,"minecraft:spruce_trapdoor":57,"minecraft:spruce_sapling":46,"minecraft:chiseled_stone_bricks":4,"minecraft:cobblestone":216,"minecraft:potion":4,"minecraft:red_concrete_powder":11,"minecraft:cooked_porkchop":341,"minecraft:dandelion":5,"minecraft:diamond_leggings":2,"minecraft:moss_carpet":4,"minecraft:iron_shovel":28,"minecraft:polished_deepslate":25,"minecraft:bone_block":6,"minecraft:shield":78,"minecraft:white_terracotta":56,"minecraft:player_head":1,"minecraft:nether_bricks":47,"minecraft:carrot":2,"minecraft:deepslate_tile_slab":97,"minecraft:tuff":274,"minecraft:axolotl_bucket":3,"minecraft:obsidian":152,"minecraft:honey_bottle":2,"minecraft:glass":61,"minecraft:cyan_terracotta":4274,"minecraft:coal_ore":72,"minecraft:mangrove_log":91,"minecraft:bricks":6,"minecraft:quartz_slab":264,"minecraft:lantern":19,"minecraft:iron_helmet":1,"minecraft:stone_bricks":152,"minecraft:deepslate_diamond_ore":12,"minecraft:repeater":860,"minecraft:redstone_lamp":51,"minecraft:scaffolding":593,"minecraft:written_book":82,"minecraft:pearlescent_froglight":40,"minecraft:dark_oak_stairs":21,"minecraft:diamond_boots":2,"minecraft:dropper":960,"minecraft:wither_skeleton_skull":4,"minecraft:stone_pickaxe":131,"minecraft:gray_carpet":134,"minecraft:mangrove_planks":70,"minecraft:oak_planks":6,"minecraft:ender_pearl":13,"minecraft:diamond_axe":3185,"minecraft:blue_bed":37,"minecraft:white_wool":2,"minecraft:light_gray_terracotta":3,"minecraft:deepslate_redstone_ore":6,"minecraft:note_block":27,"minecraft:ochre_froglight":49,"minecraft:deepslate_lapis_ore":4,"minecraft:sticky_piston":1003,"minecraft:redstone_torch":1453,"minecraft:black_terracotta":60,"minecraft:lever":3,"minecraft:firework_rocket":1205,"minecraft:dark_oak_log":271,"minecraft:deepslate":118,"minecraft:gravel":25,"minecraft:granite_slab":34,"minecraft:andesite":12,"minecraft:white_concrete":4,"minecraft:warped_button":27,"minecraft:bone_meal":99,"minecraft:experience_bottle":780,"minecraft:netherite_sword":285,"minecraft:flint_and_steel":1,"minecraft:stone_shovel":31,"minecraft:redstone":4627,"minecraft:spruce_planks":11,"minecraft:ender_chest":128,"minecraft:cooked_chicken":5,"minecraft:oak_door":10,"minecraft:dirt":572,"minecraft:prismarine_bricks":34,"minecraft:spruce_stairs":7,"minecraft:shulker_box":568,"minecraft:diamond_helmet":3,"minecraft:raw_iron_block":1,"minecraft:light_blue_stained_glass":2,"minecraft:granite":31,"minecraft:spruce_fence":8,"minecraft:stone_brick_slab":18,"minecraft:dark_oak_planks":238,"minecraft:bookshelf":8,"minecraft:yellow_stained_glass":183,"minecraft:oak_stairs":11,"minecraft:crimson_slab":225,"minecraft:iron_boots":1,"minecraft:crimson_planks":103,"minecraft:golden_carrot":9,"minecraft:black_stained_glass":211,"minecraft:emerald_block":43,"minecraft:deepslate_tile_stairs":2,"minecraft:netherite_pickaxe":6210,"minecraft:cyan_concrete_powder":53,"minecraft:powder_snow_bucket":2,"minecraft:iron_leggings":1,"minecraft:iron_ore":19,"minecraft:snow_block":20,"minecraft:glass_bottle":1,"minecraft:polished_andesite":59,"minecraft:copper_block":685,"minecraft:black_shulker_box":4,"minecraft:beacon":1,"minecraft:stonecutter":17,"minecraft:cobblestone_slab":13,"minecraft:stripped_dark_oak_log":2,"minecraft:terracotta":7,"minecraft:mangrove_trapdoor":19,"minecraft:music_disc_cat":1,"minecraft:dark_prismarine_slab":241,"minecraft:warped_planks":5512,"minecraft:dark_oak_door":9,"minecraft:netherite_axe":898,"minecraft:stone_axe":9,"minecraft:fishing_rod":36,"minecraft:green_shulker_box":1,"minecraft:pink_shulker_box":1,"minecraft:bucket":198,"minecraft:lapis_block":4,"minecraft:magenta_glazed_terracotta":489,"minecraft:pumpkin_pie":13,"minecraft:smooth_stone":1},"minecraft:killed":{"minecraft:cave_spider":5,"minecraft:skeleton":24,"minecraft:chicken":6,"minecraft:zombie":36,"minecraft:glow_squid":1,"minecraft:cow":2,"minecraft:enderman":12720,"minecraft:spider":10,"minecraft:wither":1,"minecraft:silverfish":2,"minecraft:piglin":6,"minecraft:pig":1,"minecraft:zombie_villager":1,"minecraft:creeper":16,"minecraft:sheep":2,"minecraft:ghast":11,"minecraft:blaze":5,"minecraft:slime":23,"minecraft:phantom":16,"minecraft:drowned":3,"minecraft:hoglin":1,"minecraft:wither_skeleton":90},"minecraft:crafted":{"minecraft:black_dye":384,"minecraft:smooth_stone":65,"minecraft:polished_deepslate_wall":32,"minecraft:blaze_powder":6,"minecraft:lever":2,"minecraft:diamond_shovel":2,"minecraft:shulker_box":16,"minecraft:cooked_mutton":2,"minecraft:glass":515,"minecraft:quartz_block":194,"minecraft:repeater":896,"minecraft:diamond_helmet":2,"minecraft:diamond_leggings":2,"minecraft:beacon":1,"minecraft:glass_bottle":3,"minecraft:redstone_lamp":26,"minecraft:wooden_shovel":764,"minecraft:emerald":531,"minecraft:cooked_porkchop":3,"minecraft:diamond_axe":2,"minecraft:spruce_door":3,"minecraft:smithing_table":1,"minecraft:sticky_piston":805,"minecraft:campfire":6,"minecraft:polished_deepslate_slab":6,"minecraft:iron_pickaxe":1,"minecraft:compass":1,"minecraft:iron_block":30,"minecraft:white_terracotta":32,"minecraft:gold_ingot":17,"minecraft:composter":1,"minecraft:dark_prismarine":384,"minecraft:golden_carrot":6,"minecraft:stone_shovel":1,"minecraft:orange_shulker_box":1,"minecraft:iron_nugget":271,"minecraft:bone_meal":111,"minecraft:pink_dye":2,"minecraft:lantern":34,"minecraft:netherite_axe":1,"minecraft:dark_oak_fence":306,"minecraft:spruce_stairs":4,"minecraft:ladder":9,"minecraft:spruce_slab":6,"minecraft:stone_pickaxe":1,"minecraft:diamond_boots":2,"minecraft:quartz_slab":276,"minecraft:redstone_block":136,"minecraft:dark_oak_planks":1068,"minecraft:lead":4,"minecraft:coal_block":200,"minecraft:netherite_pickaxe":2,"minecraft:enchanting_table":1,"minecraft:crimson_slab":204,"minecraft:blue_bed":1,"minecraft:dark_oak_button":2,"minecraft:deepslate_tiles":14,"minecraft:magenta_glazed_terracotta":417,"minecraft:warped_fungus_on_a_stick":1,"minecraft:wooden_axe":2,"minecraft:iron_shovel":1,"minecraft:iron_leggings":1,"minecraft:deepslate_tile_stairs":2,"minecraft:armor_stand":13,"minecraft:white_bed":2,"minecraft:note_block":32,"minecraft:mangrove_slab":36,"minecraft:brick":150,"minecraft:oak_planks":456,"minecraft:cobblestone_slab":12,"minecraft:barrel":2,"minecraft:dark_oak_boat":1,"minecraft:cooked_chicken":5,"minecraft:pink_shulker_box":1,"minecraft:stone":4,"minecraft:snow":126,"minecraft:quartz_pillar":204,"minecraft:warped_planks":5620,"minecraft:dark_oak_door":6,"minecraft:stone_brick_slab":16,"minecraft:bow":1,"minecraft:iron_boots":1,"minecraft:comparator":960,"minecraft:cyan_terracotta":3584,"minecraft:chest":87,"minecraft:chiseled_stone_bricks":4,"minecraft:bricks":37,"minecraft:ender_eye":5,"minecraft:stone_bricks":132,"minecraft:raw_iron_block":69,"minecraft:golden_boots":1,"minecraft:dropper":1071,"minecraft:quartz_stairs":2,"minecraft:oak_slab":192,"minecraft:crafting_table":11,"minecraft:spruce_planks":2847,"minecraft:wooden_pickaxe":1,"minecraft:iron_helmet":1,"minecraft:mangrove_trapdoor":16,"minecraft:yellow_stained_glass":184,"minecraft:spruce_trapdoor":48,"minecraft:dark_oak_slab":24,"minecraft:book":2,"minecraft:iron_chestplate":1,"minecraft:paper":69,"minecraft:diamond_pickaxe":4,"minecraft:emerald_block":13,"minecraft:shield":2,"minecraft:stick":6688,"minecraft:light_blue_dye":2,"minecraft:iron_ingot":1071,"minecraft:light_blue_shulker_box":2,"minecraft:snow_block":11,"minecraft:green_shulker_box":1,"minecraft:gray_carpet":129,"minecraft:redstone_torch":6366,"minecraft:deepslate_bricks":12,"minecraft:shears":2,"minecraft:polished_andesite":100,"minecraft:oak_door":6,"minecraft:coal":171,"minecraft:raw_iron":54,"minecraft:redstone":17379,"minecraft:fishing_rod":1,"minecraft:netherite_sword":1,"minecraft:furnace":275,"minecraft:stone_button":526,"minecraft:piston":801,"minecraft:dark_oak_trapdoor":14,"minecraft:polished_andesite_slab":40,"minecraft:raw_copper_block":5,"minecraft:diamond_block":5,"minecraft:blue_ice":64,"minecraft:black_terracotta":32,"minecraft:iron_axe":1,"minecraft:slime_ball":873,"minecraft:warped_button":128,"minecraft:observer":1525,"minecraft:crimson_planks":4112,"minecraft:diamond_sword":2,"minecraft:dark_oak_stairs":16,"minecraft:mangrove_planks":184,"minecraft:bucket":2,"minecraft:stone_axe":1,"minecraft:air":0,"minecraft:blue_dye":2,"minecraft:black_stained_glass":304,"minecraft:magenta_terracotta":640,"minecraft:gold_nugget":55,"minecraft:white_dye":3,"minecraft:dark_prismarine_slab":198,"minecraft:stonecutter":4,"minecraft:torch":440,"minecraft:mangrove_wood":3,"minecraft:granite_slab":48,"minecraft:lapis_lazuli":171,"minecraft:lapis_block":49,"minecraft:firework_rocket":189,"minecraft:ender_chest":5},"minecraft:broken":{"minecraft:iron_pickaxe":1,"minecraft:stone_pickaxe":1},"minecraft:custom":{"minecraft:interact_with_crafting_table":358,"minecraft:open_barrel":192,"minecraft:leave_game":61,"minecraft:time_since_death":81078,"minecraft:damage_blocked_by_shield":2913,"minecraft:play_time":4260619,"minecraft:deaths":16,"minecraft:jump":36823,"minecraft:enchant_item":39,"minecraft:interact_with_furnace":765,"minecraft:play_record":1,"minecraft:traded_with_villager":414,"minecraft:sleep_in_bed":53,"minecraft:damage_dealt":38578,"minecraft:interact_with_smoker":1,"minecraft:interact_with_smithing_table":1,"minecraft:inspect_dropper":361,"minecraft:interact_with_anvil":21,"minecraft:sneak_time":482866,"minecraft:interact_with_lectern":32,"minecraft:total_world_time":4260619,"minecraft:tune_noteblock":4,"minecraft:interact_with_stonecutter":27,"minecraft:time_since_rest":17164,"minecraft:swim_one_cm":284917,"minecraft:fly_one_cm":10798842,"minecraft:open_chest":1230,"minecraft:fish_caught":32,"minecraft:fall_one_cm":448490,"minecraft:animals_bred":3,"minecraft:open_shulker_box":2619,"minecraft:damage_resisted":52,"minecraft:sprint_one_cm":13235572,"minecraft:drop":650,"minecraft:play_noteblock":1,"minecraft:talked_to_villager":27,"minecraft:interact_with_brewingstand":1,"minecraft:walk_on_water_one_cm":303540,"minecraft:open_enderchest":442,"minecraft:interact_with_beacon":1,"minecraft:crouch_one_cm":1709385,"minecraft:mob_kills":13004,"minecraft:interact_with_campfire":21,"minecraft:climb_one_cm":223180,"minecraft:walk_one_cm":10700966,"minecraft:strider_one_cm":22605,"minecraft:walk_under_water_one_cm":422377,"minecraft:boat_one_cm":5541,"minecraft:interact_with_grindstone":20,"minecraft:damage_taken":15935,"minecraft:pig_one_cm":56738,"minecraft:aviate_one_cm":59590719},"minecraft:mined":{"minecraft:dark_oak_planks":191,"minecraft:stripped_warped_stem":16,"minecraft:red_shulker_box":7,"minecraft:white_bed":3,"minecraft:cyan_shulker_box":6,"minecraft:obsidian":105,"minecraft:granite":582,"minecraft:deepslate_tile_wall":11,"minecraft:light_blue_stained_glass":2,"minecraft:tall_seagrass":1,"minecraft:dark_oak_trapdoor":1,"minecraft:cobbled_deepslate":5,"minecraft:barrel":1,"minecraft:sticky_piston":15,"minecraft:fire":80,"minecraft:deepslate_lapis_ore":32,"minecraft:granite_slab":3,"minecraft:cave_vines":4,"minecraft:dirt_path":3,"minecraft:quartz_slab":59,"minecraft:oak_stairs":5,"minecraft:white_shulker_box":1,"minecraft:iron_block":4,"minecraft:player_head":2,"minecraft:player_wall_head":1,"minecraft:deepslate_tile_slab":19,"minecraft:powder_snow":25,"minecraft:torch":42,"minecraft:note_block":1,"minecraft:oxidized_copper":468,"minecraft:polished_andesite_stairs":17,"minecraft:glass":21,"minecraft:sugar_cane":3,"minecraft:bricks":6,"minecraft:white_terracotta":4,"minecraft:repeater":2,"minecraft:verdant_froglight":1,"minecraft:wheat":2,"minecraft:lilac":7,"minecraft:magenta_glazed_terracotta":21,"minecraft:warped_fungus":1,"minecraft:copper_block":1,"minecraft:grass":56,"minecraft:stonecutter":14,"minecraft:yellow_stained_glass":1,"minecraft:deepslate":2828,"minecraft:deepslate_tiles":52,"minecraft:dark_prismarine":162,"minecraft:dark_oak_log":39,"minecraft:shulker_box":560,"minecraft:nether_bricks":157,"minecraft:dark_oak_fence":14,"minecraft:orange_shulker_box":3,"minecraft:redstone_wire":23,"minecraft:moss_block":1,"minecraft:redstone_ore":7,"minecraft:snow":41,"minecraft:andesite":1,"minecraft:cobblestone_slab":2,"minecraft:warped_stem":16,"minecraft:smooth_quartz_stairs":1,"minecraft:bamboo":7,"minecraft:bone_block":2,"minecraft:white_wool":2,"minecraft:ender_chest":126,"minecraft:smithing_table":1,"minecraft:oak_slab":17,"minecraft:comparator":6,"minecraft:soul_sand":12,"minecraft:stone_brick_slab":2,"minecraft:observer":36,"minecraft:dandelion":10,"minecraft:cornflower":3,"minecraft:emerald_ore":83,"minecraft:cyan_concrete_powder":14,"minecraft:dropper":17,"minecraft:crimson_slab":29,"minecraft:campfire":2,"minecraft:copper_ore":16,"minecraft:tall_grass":15,"minecraft:deepslate_gold_ore":42,"minecraft:diorite":376,"minecraft:pearlescent_froglight":2,"minecraft:black_stained_glass":3,"minecraft:red_terracotta":1,"minecraft:spruce_log":715,"minecraft:quartz_pillar":1,"minecraft:dark_prismarine_slab":42,"minecraft:gravel":2668,"minecraft:cobweb":25,"minecraft:spruce_fence_gate":2,"minecraft:stone_bricks":22,"minecraft:infested_stone":1,"minecraft:black_shulker_box":4,"minecraft:spruce_trapdoor":8,"minecraft:grass_block":1605,"minecraft:smooth_stone":1,"minecraft:raw_iron_block":1,"minecraft:glowstone":1,"minecraft:iron_ore":850,"minecraft:azure_bluet":3,"minecraft:dark_oak_stairs":17,"minecraft:warped_button":1,"minecraft:birch_wall_sign":1,"minecraft:spruce_slab":1,"minecraft:deepslate_redstone_ore":170,"minecraft:quartz_block":9,"minecraft:cyan_terracotta":114,"minecraft:orange_terracotta":1,"minecraft:light_gray_terracotta":3,"minecraft:calcite":191,"minecraft:chest":9,"minecraft:nether_quartz_ore":930,"minecraft:cobblestone":153,"minecraft:slime_block":9,"minecraft:prismarine":1,"minecraft:oak_planks":2,"minecraft:wall_torch":21,"minecraft:deepslate_copper_ore":1,"minecraft:magenta_shulker_box":3,"minecraft:warped_nylium":1,"minecraft:dark_oak_door":3,"minecraft:warped_planks":141,"minecraft:blue_ice":69,"minecraft:oak_log":44,"minecraft:sand":3,"minecraft:dirt":4795,"minecraft:crimson_planks":101,"minecraft:wither_skeleton_skull":1,"minecraft:netherrack":1210,"minecraft:polished_deepslate_wall":8,"minecraft:oak_leaves":42,"minecraft:emerald_block":43,"minecraft:redstone_lamp":25,"minecraft:nether_gold_ore":20,"minecraft:tuff":348,"minecraft:quartz_stairs":2,"minecraft:stripped_mangrove_log":9,"minecraft:deepslate_diamond_ore":85,"minecraft:oak_door":6,"minecraft:red_stained_glass":2,"minecraft:lever":1,"minecraft:ladder":3,"minecraft:stone_button":8,"minecraft:polished_andesite_slab":9,"minecraft:mangrove_trapdoor":7,"minecraft:spruce_leaves":158,"minecraft:crimson_stem":6,"minecraft:spruce_sapling":3,"minecraft:furnace":21,"minecraft:carrots":1,"minecraft:red_concrete_powder":1,"minecraft:polished_deepslate":11,"minecraft:bookshelf":1,"minecraft:deepslate_iron_ore":3,"minecraft:lantern":3,"minecraft:packed_ice":3406,"minecraft:stone":150983,"minecraft:yellow_shulker_box":2,"minecraft:redstone_wall_torch":11,"minecraft:podzol":2,"minecraft:light_blue_shulker_box":59,"minecraft:scaffolding":324,"minecraft:snow_block":84,"minecraft:stripped_dark_oak_log":4,"minecraft:spruce_door":1,"minecraft:crafting_table":126,"minecraft:honey_block":1,"minecraft:lapis_ore":11,"minecraft:red_concrete":31,"minecraft:blue_bed":37,"minecraft:spruce_stairs":4,"minecraft:prismarine_bricks":2,"minecraft:redstone_torch":6,"minecraft:ice":585,"minecraft:mangrove_planks":8,"minecraft:bee_nest":1,"minecraft:mangrove_slab":8,"minecraft:coal_ore":2002,"minecraft:ochre_froglight":1,"minecraft:gray_carpet":7,"minecraft:terracotta":3984,"minecraft:polished_andesite":4},"minecraft:picked_up":{"minecraft:wooden_axe":2,"minecraft:smithing_table":1,"minecraft:lead":38,"minecraft:diamond_sword":1,"minecraft:oak_stairs":5,"minecraft:golden_sword":1,"minecraft:polished_deepslate_wall":39,"minecraft:polished_deepslate":11,"minecraft:music_disc_cat":1,"minecraft:string":36,"minecraft:dark_oak_trapdoor":1,"minecraft:pufferfish":3,"minecraft:diamond_leggings":2,"minecraft:gold_nugget":71,"minecraft:cobbled_deepslate":2410,"minecraft:spruce_planks":161,"minecraft:written_book":1,"minecraft:coal_block":10,"minecraft:dark_oak_door":5,"minecraft:golden_helmet":1,"minecraft:warped_button":65,"minecraft:warped_planks":122,"minecraft:stone_sword":6,"minecraft:tropical_fish":7,"minecraft:iron_block":4,"minecraft:carved_pumpkin":6,"minecraft:cyan_terracotta":114,"minecraft:glowstone":1,"minecraft:bookshelf":1,"minecraft:white_terracotta":4,"minecraft:tadpole_bucket":4,"minecraft:blaze_rod":8,"minecraft:snowball":52,"minecraft:cooked_beef":1,"minecraft:feather":4,"minecraft:oxidized_copper":468,"minecraft:water_bucket":1,"minecraft:dark_oak_boat":3,"minecraft:copper_block":1,"minecraft:flint":166,"minecraft:cyan_concrete_powder":21,"minecraft:mangrove_slab":11,"minecraft:lantern":3,"minecraft:stonecutter":13,"minecraft:diamond_helmet":1,"minecraft:moss_block":4,"minecraft:honeycomb":63,"minecraft:dropper":17,"minecraft:granite_slab":3,"minecraft:dark_oak_log":157,"minecraft:red_terracotta":1,"minecraft:barrel":1,"minecraft:polished_andesite":4,"minecraft:deepslate":236,"minecraft:lever":1,"minecraft:blue_ice":67,"minecraft:granite":520,"minecraft:dark_oak_fence":11,"minecraft:bricks":35,"minecraft:diamond_pickaxe":2,"minecraft:magenta_glazed_terracotta":52,"minecraft:crafting_table":131,"minecraft:bee_nest":1,"minecraft:redstone_lamp":36,"minecraft:stripped_mangrove_log":10,"minecraft:cornflower":3,"minecraft:elytra":3,"minecraft:snow":40,"minecraft:compass":1,"minecraft:netherite_sword":1,"minecraft:stripped_warped_stem":16,"minecraft:beef":4,"minecraft:iron_nugget":8,"minecraft:spruce_slab":1,"minecraft:quartz_stairs":2,"minecraft:chest":9,"minecraft:piston":4,"minecraft:egg":2,"minecraft:copper_ore":3,"minecraft:black_stained_glass":3,"minecraft:polished_deepslate_slab":1,"minecraft:stone":79578,"minecraft:oak_door":10,"minecraft:fire_charge":1,"minecraft:carrot":45,"minecraft:redstone":1050,"minecraft:netherite_pickaxe":3,"minecraft:cyan_shulker_box":6,"minecraft:mangrove_trapdoor":7,"minecraft:cooked_cod":5,"minecraft:diamond_boots":1,"minecraft:yellow_terracotta":1,"minecraft:totem_of_undying":1,"minecraft:white_shulker_box":1,"minecraft:glow_berries":8,"minecraft:mutton":4,"minecraft:crimson_slab":30,"minecraft:white_wool":13,"minecraft:bone_block":2,"minecraft:emerald_ore":76,"minecraft:oxeye_daisy":1,"minecraft:yellow_shulker_box":2,"minecraft:red_mushroom_block":42,"minecraft:ochre_froglight":1,"minecraft:filled_map":4,"minecraft:oak_log":45,"minecraft:lily_pad":1,"minecraft:blue_bed":38,"minecraft:paper":1,"minecraft:white_banner":1,"minecraft:stone_bricks":22,"minecraft:warped_stem":16,"minecraft:yellow_stained_glass":1,"minecraft:iron_ore":461,"minecraft:glass_bottle":14,"minecraft:mangrove_planks":16,"minecraft:dark_oak_stairs":15,"minecraft:polished_andesite_stairs":17,"minecraft:dark_oak_slab":9,"minecraft:sweet_berries":6,"minecraft:gravel":2454,"minecraft:spruce_sapling":98,"minecraft:spruce_log":1408,"minecraft:light_blue_stained_glass":2,"minecraft:crying_obsidian":4,"minecraft:firework_rocket":158,"minecraft:diamond_shovel":2,"minecraft:red_stained_glass":2,"minecraft:coal_ore":879,"minecraft:slime_ball":27,"minecraft:deepslate_redstone_ore":2,"minecraft:birch_sign":2,"minecraft:warped_roots":1,"minecraft:stripped_dark_oak_log":4,"minecraft:ender_pearl":5183,"minecraft:wheat":3,"minecraft:redstone_block":146,"minecraft:ender_chest":128,"minecraft:potion":20,"minecraft:crimson_planks":140,"minecraft:raw_copper":51,"minecraft:deepslate_lapis_ore":1,"minecraft:iron_leggings":1,"minecraft:sticky_piston":15,"minecraft:deepslate_tiles":49,"minecraft:black_shulker_box":4,"minecraft:smooth_stone":1,"minecraft:comparator":6,"minecraft:bucket":5,"minecraft:redstone_torch":17,"minecraft:cobblestone_slab":2,"minecraft:calcite":189,"minecraft:deepslate_tile_wall":18,"minecraft:smooth_quartz_stairs":8,"minecraft:furnace":21,"minecraft:stick":799,"minecraft:orange_shulker_box":4,"minecraft:oak_fence":5,"minecraft:torch":812,"minecraft:spruce_stairs":4,"minecraft:snow_block":78,"minecraft:porkchop":8,"minecraft:diorite":194,"minecraft:goat_horn":2,"minecraft:quartz_block":324,"minecraft:nether_gold_ore":4,"minecraft:cactus":1,"minecraft:rotten_flesh":62,"minecraft:obsidian":113,"minecraft:cod":63,"minecraft:cobblestone":46913,"minecraft:nautilus_shell":1,"minecraft:lilac":6,"minecraft:repeater":2,"minecraft:andesite":1,"minecraft:tuff":315,"minecraft:prismarine_bricks":2,"minecraft:wither_skeleton_skull":1,"minecraft:lapis_lazuli":431,"minecraft:dirt":4849,"minecraft:leather_boots":1,"minecraft:glass":76,"minecraft:bone":99,"minecraft:bow":3,"minecraft:wheat_seeds":68,"minecraft:raw_gold":67,"minecraft:netherite_axe":1,"minecraft:bamboo":80,"minecraft:prismarine":1,"minecraft:oak_planks":3,"minecraft:ghast_tear":4,"minecraft:cooked_porkchop":32,"minecraft:axolotl_bucket":3,"minecraft:sand":3,"minecraft:light_blue_shulker_box":59,"minecraft:grass_block":1243,"minecraft:diamond_block":1,"minecraft:spectral_arrow":17,"minecraft:shulker_box":563,"minecraft:dark_prismarine":162,"minecraft:light_gray_terracotta":3,"minecraft:dark_prismarine_slab":44,"minecraft:spruce_fence_gate":2,"minecraft:diamond":224,"minecraft:slime_block":42,"minecraft:bone_meal":1,"minecraft:emerald":55,"minecraft:nether_star":1,"minecraft:oak_sapling":4,"minecraft:netherrack":832,"minecraft:fishing_rod":2,"minecraft:charcoal":6,"minecraft:azure_bluet":4,"minecraft:chicken":6,"minecraft:ladder":3,"minecraft:packed_ice":3375,"minecraft:brick":2,"minecraft:shield":1,"minecraft:oak_trapdoor":7,"minecraft:moss_carpet":4,"minecraft:quartz_slab":51,"minecraft:player_head":29,"minecraft:observer":38,"minecraft:sugar_cane":6,"minecraft:spruce_trapdoor":8,"minecraft:phantom_membrane":15,"minecraft:raw_iron":778,"minecraft:note_block":1,"minecraft:quartz_pillar":13,"minecraft:stone_button":7,"minecraft:cookie":45,"minecraft:magenta_shulker_box":3,"minecraft:dark_oak_planks":290,"minecraft:arrow":31,"minecraft:red_shulker_box":7,"minecraft:pumpkin_pie":34,"minecraft:nether_bricks":144,"minecraft:saddle":3,"minecraft:golden_carrot":6,"minecraft:crimson_stem":6,"minecraft:glow_ink_sac":1,"minecraft:salmon":6,"minecraft:leather":4,"minecraft:ice":265,"minecraft:gunpowder":23,"minecraft:deepslate_tile_slab":25,"minecraft:cut_copper_slab":1,"minecraft:orange_terracotta":1,"minecraft:podzol":2,"minecraft:pearlescent_froglight":2,"minecraft:gray_carpet":7,"minecraft:polished_andesite_slab":11,"minecraft:verdant_froglight":1,"minecraft:soul_sand":12,"minecraft:scaffolding":471,"minecraft:oak_slab":60,"minecraft:warped_fungus":2,"minecraft:nether_quartz_ore":4,"minecraft:emerald_block":43,"minecraft:red_concrete_powder":1,"minecraft:pumpkin":12,"minecraft:chiseled_stone_bricks":4,"minecraft:stone_brick_slab":2,"minecraft:quartz":1979,"minecraft:dandelion":15,"minecraft:raw_iron_block":1,"minecraft:white_bed":3,"minecraft:spider_eye":8,"minecraft:spruce_door":2,"minecraft:honey_block":257,"minecraft:terracotta":3982,"minecraft:netherite_hoe":1,"minecraft:red_concrete":31,"minecraft:coal":2230},"minecraft:killed_by":{"minecraft:zombie":1,"minecraft:player":13},"minecraft:dropped":{"minecraft:cooked_beef":1,"minecraft:emerald_ore":2,"minecraft:diamond":2,"minecraft:glass_bottle":5,"minecraft:cut_copper_slab":2,"minecraft:crafting_table":3,"minecraft:cooked_porkchop":10,"minecraft:dark_oak_slab":8,"minecraft:elytra":1,"minecraft:dirt":102,"minecraft:bone_meal":1,"minecraft:phantom_membrane":1,"minecraft:fishing_rod":1,"minecraft:dark_oak_planks":2,"minecraft:white_wool":1,"minecraft:bone":6,"minecraft:cobbled_deepslate":603,"minecraft:rotten_flesh":46,"minecraft:oak_planks":1,"minecraft:azure_bluet":2,"minecraft:red_mushroom_block":42,"minecraft:coal_ore":7,"minecraft:honey_block":256,"minecraft:leather_boots":1,"minecraft:stripped_mangrove_log":1,"minecraft:wheat_seeds":58,"minecraft:oak_fence":5,"minecraft:cobblestone":479,"minecraft:coal":2,"minecraft:coal_block":10,"minecraft:oxeye_daisy":1,"minecraft:wooden_axe":2,"minecraft:potion":1,"minecraft:iron_shovel":1,"minecraft:string":4,"minecraft:spruce_sapling":1,"minecraft:player_head":13,"minecraft:stone_sword":6,"minecraft:deepslate":74,"minecraft:polished_deepslate_slab":1,"minecraft:diamond_sword":1,"minecraft:cobblestone_slab":1,"minecraft:stone":387,"minecraft:spruce_planks":5,"minecraft:diamond_pickaxe":2,"minecraft:carved_pumpkin":5,"minecraft:warped_button":64,"minecraft:spider_eye":4,"minecraft:bow":1,"minecraft:quartz_slab":32,"minecraft:soul_sand":6,"minecraft:oak_log":1,"minecraft:ender_pearl":5250,"minecraft:deepslate_tile_wall":7,"minecraft:leather":2,"minecraft:mangrove_planks":8,"minecraft:flint":7,"minecraft:redstone_lamp":11,"minecraft:dark_oak_log":62,"minecraft:mutton":2,"minecraft:snowball":24,"minecraft:gold_ingot":6,"minecraft:gravel":151,"minecraft:diamond_shovel":1,"minecraft:carrot":34,"minecraft:gunpowder":5,"minecraft:iron_ore":7,"minecraft:netherrack":4,"minecraft:firework_rocket":51,"minecraft:oak_slab":5,"minecraft:lilac":6,"minecraft:diamond_leggings":1,"minecraft:tropical_fish":6,"minecraft:grass_block":69,"minecraft:stick":245,"minecraft:nether_gold_ore":3,"minecraft:torch":1,"minecraft:iron_leggings":1,"minecraft:iron_axe":1,"minecraft:cactus":1,"minecraft:redstone_block":85,"minecraft:dandelion":8,"minecraft:redstone":1,"minecraft:oak_trapdoor":7,"minecraft:tuff":55,"minecraft:shulker_box":3,"minecraft:snow":6,"minecraft:oak_sapling":1,"minecraft:golden_sword":1,"minecraft:spruce_log":695}},"DataVersion":3120}