{"stats":{"minecraft:picked_up":{"minecraft:stone_slab":125,"minecraft:smithing_table":1,"minecraft:lead":2,"minecraft:enchanted_book":48,"minecraft:purple_shulker_box":3,"minecraft:polished_deepslate":18,"minecraft:music_disc_cat":4,"minecraft:polished_blackstone_brick_stairs":1,"minecraft:string":647,"minecraft:shroomlight":8,"minecraft:sculk_shrieker":1,"minecraft:cherry_boat":1,"minecraft:diamond_leggings":7,"minecraft:diamond_ore":20,"minecraft:spruce_pressure_plate":4,"minecraft:jukebox":3,"minecraft:big_dripleaf":182,"minecraft:acacia_log":28,"minecraft:purpur_pillar":2,"minecraft:cut_copper_stairs":12,"minecraft:golden_chestplate":5,"minecraft:gray_shulker_box":13,"minecraft:green_terracotta":6,"minecraft:cauldron":2,"minecraft:brown_carpet":51,"minecraft:orange_bed":7,"minecraft:stone_sword":9,"minecraft:polished_basalt":2,"minecraft:red_tulip":4,"minecraft:carved_pumpkin":338,"minecraft:glowstone":14,"minecraft:bookshelf":2,"minecraft:end_rod":51,"minecraft:white_terracotta":905,"minecraft:blaze_rod":71,"minecraft:iron_bars":4,"minecraft:snowball":15496,"minecraft:sponge":225,"minecraft:feather":19,"minecraft:cooked_beef":1,"minecraft:medium_amethyst_bud":57,"minecraft:water_bucket":9,"minecraft:brown_wool":52,"minecraft:copper_block":27,"minecraft:flint":57,"minecraft:purple_stained_glass":2,"minecraft:cyan_concrete_powder":3,"minecraft:lantern":37,"minecraft:gray_concrete_powder":2,"minecraft:exposed_cut_copper_stairs":3,"minecraft:large_amethyst_bud":29,"minecraft:stonecutter":26,"minecraft:dark_oak_sign":3,"minecraft:diamond_helmet":7,"minecraft:rabbit":1,"minecraft:honeycomb":59,"minecraft:glow_lichen":168,"minecraft:lime_terracotta":82,"minecraft:stripped_spruce_log":256,"minecraft:brown_mushroom_block":201,"minecraft:netherite_block":1,"minecraft:polished_andesite":93,"minecraft:deepslate":1597,"minecraft:lever":72,"minecraft:granite":4286,"minecraft:spruce_button":2,"minecraft:rooted_dirt":377,"minecraft:deepslate_coal_ore":3,"minecraft:jack_o_lantern":118,"minecraft:light_gray_carpet":3,"minecraft:crimson_roots":16,"minecraft:diamond_pickaxe":17,"minecraft:mud":13,"minecraft:clay_ball":193,"minecraft:redstone_lamp":13,"minecraft:golden_pickaxe":4,"minecraft:leather_leggings":7,"minecraft:stripped_cherry_log":183,"minecraft:dragon_head":13,"minecraft:purpur_block":12,"minecraft:heavy_weighted_pressure_plate":1,"minecraft:cornflower":8,"minecraft:elytra":22,"minecraft:acacia_door":8,"minecraft:flint_and_steel":7,"minecraft:white_carpet":14,"minecraft:glass_pane":14,"minecraft:jungle_sapling":36,"minecraft:poppy":189,"minecraft:spruce_slab":328,"minecraft:minecart":75,"minecraft:birch_sapling":230,"minecraft:piston":63,"minecraft:diamond_hoe":8,"minecraft:copper_ore":281,"minecraft:lime_shulker_box":34,"minecraft:stone":51512,"minecraft:fire_charge":135,"minecraft:white_dye":17,"minecraft:netherite_pickaxe":6,"minecraft:cyan_shulker_box":95,"minecraft:decorated_pot":35,"minecraft:purpur_slab":4,"minecraft:hay_block":4,"minecraft:yellow_terracotta":8,"minecraft:mutton":10,"minecraft:rail":3220,"minecraft:emerald_ore":2,"minecraft:oxeye_daisy":3,"minecraft:lime_bed":1,"minecraft:birch_leaves":252,"minecraft:yellow_shulker_box":42,"minecraft:mud_bricks":6,"minecraft:tripwire_hook":7,"minecraft:packed_mud":2,"minecraft:purpur_stairs":14,"minecraft:sculk_vein":2,"minecraft:paper":2,"minecraft:apple":125,"minecraft:spore_blossom":12,"minecraft:oak_fence_gate":1,"minecraft:stone_pickaxe":2,"minecraft:iron_ore":213,"minecraft:dark_oak_stairs":41,"minecraft:polished_andesite_stairs":24,"minecraft:smooth_basalt":1070,"minecraft:light_gray_stained_glass":16,"minecraft:sweet_berries":287,"minecraft:red_wool":92,"minecraft:lime_concrete":38,"minecraft:weathered_copper":4,"minecraft:crying_obsidian":255,"minecraft:leather_helmet":3,"minecraft:oak_wood":44,"minecraft:diamond_shovel":12,"minecraft:coal_ore":267,"minecraft:slime_ball":1330,"minecraft:deepslate_redstone_ore":5,"minecraft:painting":2,"minecraft:birch_sign":39,"minecraft:baked_potato":26,"minecraft:hopper":141,"minecraft:ender_chest":18,"minecraft:nether_brick_fence":2,"minecraft:yellow_wool":252,"minecraft:stone_brick_stairs":79,"minecraft:red_sand":1080,"minecraft:smooth_stone":52,"minecraft:comparator":57,"minecraft:bucket":3,"minecraft:light_weighted_pressure_plate":13,"minecraft:rose_bush":27,"minecraft:cobblestone_slab":48,"minecraft:azalea":215,"minecraft:wooden_shovel":12,"minecraft:smooth_quartz":3,"minecraft:deepslate_iron_ore":3,"minecraft:birch_trapdoor":1,"minecraft:spruce_stairs":83,"minecraft:crimson_button":8,"minecraft:diorite":3648,"minecraft:vine":82,"minecraft:rotten_flesh":1304,"minecraft:brown_shulker_box":80,"minecraft:deepslate_brick_stairs":6,"minecraft:obsidian":452,"minecraft:blaze_powder":4,"minecraft:cobblestone":9396,"minecraft:leather_chestplate":5,"minecraft:lilac":649,"minecraft:repeater":116,"minecraft:andesite":4687,"minecraft:golden_leggings":6,"minecraft:beacon":5,"minecraft:potato":3568,"minecraft:prismarine_bricks":45,"minecraft:dirt":12914,"minecraft:stripped_birch_log":17,"minecraft:name_tag":18,"minecraft:glass":1068,"minecraft:bone":1926,"minecraft:acacia_planks":30,"minecraft:bow":136,"minecraft:wheat_seeds":1074,"minecraft:orange_tulip":4,"minecraft:small_dripleaf":1,"minecraft:birch_wood":1,"minecraft:grindstone":2,"minecraft:netherite_axe":1,"minecraft:mossy_stone_bricks":15,"minecraft:fletching_table":5,"minecraft:bamboo":117,"minecraft:cyan_concrete":73,"minecraft:prismarine":453,"minecraft:diorite_wall":1,"minecraft:gray_stained_glass":58,"minecraft:light_blue_shulker_box":9,"minecraft:melon":704,"minecraft:nether_brick_stairs":3,"minecraft:grass_block":3585,"minecraft:diamond_block":7,"minecraft:spectral_arrow":1212,"minecraft:mossy_cobblestone":102,"minecraft:jungle_leaves":292,"minecraft:yellow_carpet":2,"minecraft:slime_block":194,"minecraft:crossbow":3,"minecraft:bone_meal":146,"minecraft:grass":115,"minecraft:golden_apple":11,"minecraft:spruce_sign":2,"minecraft:emerald":152,"minecraft:netherrack":4074,"minecraft:chorus_fruit":1,"minecraft:andesite_slab":20,"minecraft:oak_leaves":2129,"minecraft:azure_bluet":10,"minecraft:splash_potion":82,"minecraft:ladder":5,"minecraft:packed_ice":2883,"minecraft:brown_mushroom":29,"minecraft:pink_wool":23,"minecraft:diorite_slab":1,"minecraft:shield":4,"minecraft:oak_trapdoor":25,"minecraft:moss_carpet":732,"minecraft:magenta_wool":11,"minecraft:blackstone":1371,"minecraft:lime_wool":5,"minecraft:end_stone":2,"minecraft:flowering_azalea_leaves":79,"minecraft:note_block":12,"minecraft:polished_blackstone_bricks":2,"minecraft:brown_concrete_powder":78,"minecraft:trident":1,"minecraft:light_blue_bed":3,"minecraft:light_gray_stained_glass_pane":5,"minecraft:stone_pressure_plate":2,"minecraft:blue_concrete_powder":44,"minecraft:weeping_vines":3,"minecraft:red_shulker_box":198,"minecraft:pumpkin_pie":18,"minecraft:nether_bricks":114,"minecraft:stripped_dark_oak_wood":4,"minecraft:brick_stairs":15,"minecraft:netherite_boots":1,"minecraft:basalt":134,"minecraft:dark_oak_button":7,"minecraft:golden_carrot":414,"minecraft:leather":391,"minecraft:music_disc_stal":1,"minecraft:ice":943,"minecraft:crimson_fungus":8,"minecraft:yellow_bed":21,"minecraft:gunpowder":264,"minecraft:cobblestone_wall":6,"minecraft:orange_terracotta":2,"minecraft:cooked_mutton":8,"minecraft:red_carpet":2,"minecraft:pearlescent_froglight":7,"minecraft:gray_carpet":30,"minecraft:iron_ingot":389,"minecraft:cooked_chicken":9,"minecraft:polished_andesite_slab":3,"minecraft:verdant_froglight":18,"minecraft:emerald_block":191,"minecraft:stone_brick_slab":59,"minecraft:quartz":2451,"minecraft:dandelion":17,"minecraft:amethyst_shard":14041,"minecraft:spruce_door":14,"minecraft:brick_slab":1,"minecraft:light_blue_concrete_powder":2,"minecraft:pumpkin_seeds":878,"minecraft:sculk_sensor":1,"minecraft:white_concrete_powder":5,"minecraft:chainmail_leggings":1,"minecraft:cherry_sapling":38,"minecraft:exposed_cut_copper_slab":1,"minecraft:mossy_cobblestone_stairs":2,"minecraft:terracotta":782,"minecraft:sunflower":51,"minecraft:wooden_axe":1,"minecraft:iron_chestplate":4,"minecraft:chainmail_boots":2,"minecraft:flower_pot":7,"minecraft:anvil":8,"minecraft:prismarine_shard":9,"minecraft:diamond_sword":11,"minecraft:oak_stairs":126,"minecraft:birch_button":4,"minecraft:brewing_stand":2,"minecraft:golden_sword":21,"minecraft:amethyst_block":941,"minecraft:dark_oak_trapdoor":8,"minecraft:cooked_salmon":1,"minecraft:blue_stained_glass_pane":1,"minecraft:beetroot":29,"minecraft:cobbled_deepslate":4326,"minecraft:gold_nugget":1377,"minecraft:waxed_weathered_copper":1,"minecraft:spruce_planks":205,"minecraft:written_book":11,"minecraft:azalea_leaves":117,"minecraft:melon_slice":48,"minecraft:coal_block":78,"minecraft:dark_oak_door":5,"minecraft:golden_helmet":9,"minecraft:composter":67,"minecraft:green_bed":7,"minecraft:cherry_log":25,"minecraft:chiseled_nether_bricks":1,"minecraft:black_dye":1,"minecraft:gray_stained_glass_pane":5,"minecraft:bamboo_block":8,"minecraft:light_gray_bed":8,"minecraft:light_blue_wool":74,"minecraft:tropical_fish":389,"minecraft:iron_block":196,"minecraft:cyan_terracotta":95,"minecraft:birch_log":1243,"minecraft:magma_block":3570,"minecraft:mossy_cobblestone_slab":16,"minecraft:polished_diorite_slab":2,"minecraft:oxidized_copper":227,"minecraft:iron_door":6,"minecraft:birch_slab":1,"minecraft:jungle_log":307,"minecraft:acacia_leaves":1,"minecraft:green_concrete_powder":102,"minecraft:gray_concrete":1340,"minecraft:twisting_vines":4,"minecraft:chipped_anvil":8,"minecraft:moss_block":3486,"minecraft:warped_wart_block":1,"minecraft:dropper":39,"minecraft:ink_sac":151,"minecraft:dark_oak_log":11221,"minecraft:red_terracotta":379,"minecraft:barrel":11,"minecraft:quartz_bricks":2,"minecraft:dispenser":9,"minecraft:black_concrete_powder":1,"minecraft:writable_book":1,"minecraft:blue_ice":33,"minecraft:bread":8,"minecraft:chainmail_helmet":1,"minecraft:bricks":16,"minecraft:spruce_leaves":48,"minecraft:lime_stained_glass_pane":14,"minecraft:coarse_dirt":157,"minecraft:crafting_table":73,"minecraft:nether_wart":57,"minecraft:conduit":1,"minecraft:red_bed":3,"minecraft:snow":23,"minecraft:compass":102,"minecraft:cracked_stone_bricks":108,"minecraft:deepslate_diamond_ore":75,"minecraft:music_disc_otherside":6,"minecraft:beef":43,"minecraft:cyan_wool":45,"minecraft:iron_nugget":1503,"minecraft:chest":288,"minecraft:egg":74,"minecraft:sandstone":3,"minecraft:polished_deepslate_slab":92,"minecraft:oak_door":3,"minecraft:glow_item_frame":4,"minecraft:cut_red_sandstone_slab":43,"minecraft:amethyst_cluster":44,"minecraft:spruce_fence":46,"minecraft:cake":4,"minecraft:carrot":27104,"minecraft:redstone":2659,"minecraft:mushroom_stem":129,"minecraft:prismarine_crystals":1,"minecraft:tnt":1,"minecraft:cooked_cod":12,"minecraft:beetroot_seeds":104,"minecraft:peony":647,"minecraft:deepslate_bricks":32,"minecraft:shears":6,"minecraft:diamond_boots":7,"minecraft:cut_copper":3,"minecraft:waxed_oxidized_cut_copper_stairs":7,"minecraft:gold_ingot":70,"minecraft:white_shulker_box":24,"minecraft:glow_berries":124,"minecraft:lime_concrete_powder":19,"minecraft:white_wool":41,"minecraft:lapis_ore":6,"minecraft:stripped_oak_log":164,"minecraft:red_mushroom_block":825,"minecraft:red_mushroom":6,"minecraft:ochre_froglight":5,"minecraft:filled_map":50,"minecraft:oak_log":2542,"minecraft:ancient_debris":4,"minecraft:golden_boots":7,"minecraft:white_banner":1,"minecraft:stone_bricks":1760,"minecraft:kelp":2714,"minecraft:cobweb":193,"minecraft:glass_bottle":8,"minecraft:flowering_azalea":118,"minecraft:dark_oak_slab":57,"minecraft:sculk":162,"minecraft:yellow_concrete":10,"minecraft:spyglass":1,"minecraft:gravel":9830,"minecraft:small_amethyst_bud":96,"minecraft:spruce_sapling":140,"minecraft:spruce_log":1394,"minecraft:sea_lantern":10,"minecraft:firework_rocket":685,"minecraft:purple_bed":4,"minecraft:stone_axe":2,"minecraft:polished_diorite":1,"minecraft:redstone_ore":18,"minecraft:diamond_axe":9,"minecraft:gray_wool":129,"minecraft:warped_roots":1,"minecraft:oak_button":13,"minecraft:melon_seeds":8,"minecraft:stripped_dark_oak_log":194,"minecraft:crimson_nylium":19,"minecraft:ender_pearl":1564,"minecraft:shulker_shell":280,"minecraft:wheat":230,"minecraft:exposed_copper":1,"minecraft:redstone_block":115,"minecraft:iron_trapdoor":9,"minecraft:light_gray_shulker_box":55,"minecraft:turtle_egg":1,"minecraft:potion":190,"minecraft:nether_brick":718,"minecraft:raw_copper":1275,"minecraft:smooth_stone_slab":47,"minecraft:oak_hanging_sign":5,"minecraft:iron_leggings":3,"minecraft:armor_stand":5,"minecraft:sticky_piston":113,"minecraft:pink_shulker_box":9,"minecraft:oak_sign":19,"minecraft:sea_pickle":33,"minecraft:deepslate_tiles":9,"minecraft:black_shulker_box":10,"minecraft:dark_oak_leaves":2001,"minecraft:redstone_torch":200,"minecraft:calcite":2552,"minecraft:iron_boots":73,"minecraft:furnace":22,"minecraft:stick":1012,"minecraft:orange_shulker_box":104,"minecraft:jungle_door":7,"minecraft:brown_terracotta":410,"minecraft:oak_fence":104,"minecraft:torch":1423,"minecraft:snow_block":210,"minecraft:porkchop":10,"minecraft:target":7,"minecraft:pointed_dripstone":254,"minecraft:cactus":64,"minecraft:green_wool":68,"minecraft:cod":1,"minecraft:nautilus_shell":11,"minecraft:magma_cream":69,"minecraft:tuff":2201,"minecraft:light_gray_dye":8,"minecraft:wither_skeleton_skull":22,"minecraft:acacia_boat":1,"minecraft:green_shulker_box":15,"minecraft:lapis_lazuli":1246,"minecraft:polished_granite":11,"minecraft:leather_boots":10,"minecraft:deepslate_brick_slab":5,"minecraft:raw_gold":1336,"minecraft:bell":2,"minecraft:powered_rail":189,"minecraft:oak_planks":162,"minecraft:stone_hoe":5,"minecraft:ghast_tear":5,"minecraft:bamboo_raft":20,"minecraft:cooked_porkchop":35,"minecraft:oak_pressure_plate":3,"minecraft:poisonous_potato":18,"minecraft:jungle_planks":4,"minecraft:sand":2189,"minecraft:lily_of_the_valley":4,"minecraft:cyan_bed":12,"minecraft:oxidized_cut_copper_slab":9,"minecraft:chiseled_sandstone":2,"minecraft:shulker_box":531,"minecraft:orange_wool":60,"minecraft:dark_prismarine":231,"minecraft:exposed_cut_copper":1,"minecraft:light_gray_concrete":109,"minecraft:clay":3073,"minecraft:diamond":538,"minecraft:spruce_boat":44,"minecraft:black_concrete":715,"minecraft:white_concrete":276,"minecraft:oak_sapling":473,"minecraft:nether_star":3,"minecraft:end_stone_bricks":25,"minecraft:fishing_rod":1,"minecraft:cocoa_beans":122,"minecraft:allium":5,"minecraft:chicken":11,"minecraft:wooden_pickaxe":2,"minecraft:gold_block":1,"minecraft:stone_stairs":30,"minecraft:orange_concrete":396,"minecraft:wooden_sword":6,"minecraft:item_frame":117,"minecraft:cyan_carpet":8,"minecraft:mossy_cobblestone_wall":3,"minecraft:oak_boat":6,"minecraft:player_head":107,"minecraft:observer":65,"minecraft:light_gray_wool":10,"minecraft:lectern":216,"minecraft:tinted_glass":260,"minecraft:blue_shulker_box":4,"minecraft:sugar_cane":117,"minecraft:spruce_trapdoor":114,"minecraft:phantom_membrane":9,"minecraft:dark_oak_sapling":627,"minecraft:raw_iron":2031,"minecraft:stripped_mangrove_wood":2,"minecraft:copper_ingot":2,"minecraft:stone_button":47,"minecraft:magenta_shulker_box":6,"minecraft:dark_oak_planks":313,"minecraft:arrow":1507,"minecraft:saddle":1,"minecraft:lime_stained_glass":170,"minecraft:wet_sponge":252,"minecraft:oxidized_cut_copper_stairs":7,"minecraft:glow_ink_sac":137,"minecraft:salmon":1,"minecraft:birch_planks":232,"minecraft:nether_wart_block":349,"minecraft:cobblestone_stairs":12,"minecraft:podzol":121,"minecraft:red_sandstone":4,"minecraft:heart_of_the_sea":1,"minecraft:stripped_oak_wood":8,"minecraft:oxidized_cut_copper":4,"minecraft:acacia_sapling":5,"minecraft:soul_sand":942,"minecraft:book":185,"minecraft:scaffolding":563,"minecraft:oak_slab":69,"minecraft:bamboo_planks":3,"minecraft:birch_boat":9,"minecraft:pumpkin":1729,"minecraft:raw_iron_block":13,"minecraft:dripstone_block":610,"minecraft:blast_furnace":4,"minecraft:white_bed":21,"minecraft:gold_ore":16,"minecraft:green_carpet":5,"minecraft:mossy_stone_brick_slab":2,"minecraft:spider_eye":110,"minecraft:lime_dye":8,"minecraft:honey_block":27,"minecraft:iron_helmet":3,"minecraft:black_wool":85,"minecraft:coal":3630},"minecraft:crafted":{"minecraft:lime_stained_glass":384,"minecraft:black_dye":272,"minecraft:chainmail_helmet":10,"minecraft:oxidized_cut_copper_slab":16,"minecraft:oak_sign":48,"minecraft:cherry_wood":3,"minecraft:melon":6207,"minecraft:birch_boat":3,"minecraft:blaze_powder":16,"minecraft:chain":4,"minecraft:diamond_shovel":4,"minecraft:cracked_stone_bricks":210,"minecraft:shulker_box":122,"minecraft:diamond_helmet":3,"minecraft:beacon":3,"minecraft:stone_pressure_plate":16,"minecraft:decorated_pot":3,"minecraft:iron_door":9,"minecraft:gray_stained_glass_pane":16,"minecraft:gray_stained_glass":136,"minecraft:white_shulker_box":11,"minecraft:name_tag":31,"minecraft:lime_concrete_powder":192,"minecraft:golden_axe":19,"minecraft:redstone_lamp":10,"minecraft:polished_andesite_stairs":38,"minecraft:glow_item_frame":4,"minecraft:chest_minecart":7,"minecraft:green_bed":1,"minecraft:raw_gold_block":123,"minecraft:golden_pickaxe":19,"minecraft:smithing_table":1,"minecraft:mossy_cobblestone":635,"minecraft:sticky_piston":150,"minecraft:green_stained_glass":8,"minecraft:stone_brick_stairs":80,"minecraft:lectern":4,"minecraft:stone_slab":928,"minecraft:iron_pickaxe":16,"minecraft:acacia_door":15,"minecraft:sandstone":8,"minecraft:netherite_ingot":1,"minecraft:composter":7,"minecraft:golden_carrot":8136,"minecraft:jukebox":1,"minecraft:orange_shulker_box":19,"minecraft:iron_nugget":180,"minecraft:diamond_hoe":2,"minecraft:experience_bottle":12,"minecraft:brick_stairs":10,"minecraft:jack_o_lantern":223,"minecraft:blue_shulker_box":2,"minecraft:lime_stained_glass_pane":48,"minecraft:spruce_fence":93,"minecraft:moss_carpet":162,"minecraft:stone_stairs":68,"minecraft:lantern":185,"minecraft:spruce_stairs":356,"minecraft:light_gray_shulker_box":22,"minecraft:polished_diorite":96,"minecraft:black_concrete_powder":1792,"minecraft:red_shulker_box":3,"minecraft:stone_pickaxe":6,"minecraft:spruce_boat":6,"minecraft:brick_slab":2,"minecraft:light_gray_terracotta":64,"minecraft:cut_copper_slab":16,"minecraft:cyan_bed":1,"minecraft:dark_oak_button":1,"minecraft:red_carpet":3,"minecraft:deepslate_tiles":1,"minecraft:enchanted_book":62,"minecraft:orange_dye":63,"minecraft:oak_fence_gate":8,"minecraft:red_stained_glass":16,"minecraft:fermented_spider_eye":27,"minecraft:black_glazed_terracotta":6,"minecraft:writable_book":6,"minecraft:iron_shovel":18,"minecraft:armor_stand":2,"minecraft:note_block":64,"minecraft:grindstone":1,"minecraft:cobblestone_slab":156,"minecraft:barrel":21,"minecraft:birch_wood":9,"minecraft:leather_horse_armor":1,"minecraft:cooked_chicken":6,"minecraft:snow":144,"minecraft:stone":385,"minecraft:red_sandstone":112,"minecraft:heavy_weighted_pressure_plate":1,"minecraft:brown_carpet":24,"minecraft:cake":17,"minecraft:stone_brick_slab":422,"minecraft:bow":79,"minecraft:comparator":457,"minecraft:chest":1327,"minecraft:oak_button":26,"minecraft:yellow_terracotta":60,"minecraft:rail":1040,"minecraft:bricks":123,"minecraft:birch_button":16,"minecraft:ender_eye":6,"minecraft:oak_fence":147,"minecraft:stone_bricks":4128,"minecraft:polished_diorite_slab":12,"minecraft:dropper":414,"minecraft:arrow":1152,"minecraft:cauldron":1,"minecraft:lime_terracotta":736,"minecraft:iron_helmet":1,"minecraft:brown_dye":32,"minecraft:chainmail_chestplate":8,"minecraft:acacia_button":36,"minecraft:white_stained_glass_pane":16,"minecraft:oxidized_cut_copper":4,"minecraft:dispenser":70,"minecraft:apple":104,"minecraft:tnt":64,"minecraft:spruce_trapdoor":424,"minecraft:yellow_dye":101,"minecraft:stick":5716,"minecraft:iron_ingot":6114,"minecraft:light_blue_shulker_box":4,"minecraft:cyan_carpet":12,"minecraft:oak_door":12,"minecraft:tripwire_hook":384,"minecraft:beehive":1,"minecraft:leather_boots":2,"minecraft:spruce_button":33,"minecraft:mossy_stone_bricks":68,"minecraft:blast_furnace":1,"minecraft:furnace":28,"minecraft:piston":267,"minecraft:polished_andesite_slab":42,"minecraft:raw_copper_block":71,"minecraft:smooth_quartz_stairs":8,"minecraft:oak_trapdoor":84,"minecraft:flint_and_steel":8,"minecraft:scaffolding":384,"minecraft:white_concrete_powder":512,"minecraft:cobblestone_wall":24,"minecraft:brown_shulker_box":17,"minecraft:birch_sign":54,"minecraft:purple_terracotta":12,"minecraft:iron_trapdoor":352,"minecraft:purple_shulker_box":3,"minecraft:diorite_wall":12,"minecraft:golden_shovel":19,"minecraft:jungle_planks":128,"minecraft:jungle_door":6,"minecraft:white_dye":264,"minecraft:brown_concrete_powder":136,"minecraft:anvil":30,"minecraft:stonecutter":7,"minecraft:torch":5595,"minecraft:diorite_slab":18,"minecraft:orange_bed":1,"minecraft:mangrove_wood":3,"minecraft:diamond_chestplate":3,"minecraft:ender_chest":6,"minecraft:jungle_button":16,"minecraft:light_gray_concrete_powder":64,"minecraft:smooth_stone":345,"minecraft:dark_oak_wood":15,"minecraft:oak_pressure_plate":2,"minecraft:oxidized_cut_copper_stairs":12,"minecraft:birch_slab":30,"minecraft:slime_block":288,"minecraft:lever":211,"minecraft:bookshelf":54,"minecraft:cooked_mutton":4,"minecraft:iron_bars":32,"minecraft:deepslate_brick_stairs":13,"minecraft:magenta_shulker_box":2,"minecraft:glass":11552,"minecraft:quartz_block":120,"minecraft:light_blue_terracotta":12,"minecraft:repeater":333,"minecraft:diamond_leggings":5,"minecraft:melon_seeds":20,"minecraft:magenta_dye":1,"minecraft:flower_pot":3,"minecraft:glass_bottle":294,"minecraft:furnace_minecart":13,"minecraft:target":16,"minecraft:wooden_shovel":32,"minecraft:emerald":14613,"minecraft:smooth_quartz":66,"minecraft:cooked_porkchop":1,"minecraft:diamond_axe":5,"minecraft:spruce_door":30,"minecraft:hay_block":23,"minecraft:oak_wood":399,"minecraft:campfire":2,"minecraft:light_gray_bed":3,"minecraft:lime_shulker_box":5,"minecraft:bamboo_planks":4,"minecraft:lime_bed":1,"minecraft:green_terracotta":264,"minecraft:chiseled_deepslate":10,"minecraft:compass":12,"minecraft:iron_block":982,"minecraft:gold_ingot":21745,"minecraft:light_gray_dye":16,"minecraft:spruce_fence_gate":21,"minecraft:yellow_concrete_powder":16,"minecraft:stone_shovel":1,"minecraft:smooth_stone_slab":284,"minecraft:player_head":8,"minecraft:tinted_glass":952,"minecraft:cut_copper_stairs":12,"minecraft:mossy_cobblestone_stairs":16,"minecraft:yellow_bed":6,"minecraft:bone_meal":3429,"minecraft:white_carpet":27,"minecraft:diamond":126,"minecraft:detector_rail":6,"minecraft:ladder":168,"minecraft:spruce_slab":486,"minecraft:diamond_boots":5,"minecraft:redstone_block":168,"minecraft:dark_oak_planks":9468,"minecraft:golden_helmet":2,"minecraft:coal_block":165,"minecraft:netherite_pickaxe":1,"minecraft:deepslate_brick_slab":8,"minecraft:red_bed":4,"minecraft:polished_granite":33,"minecraft:gray_concrete_powder":592,"minecraft:conduit":1,"minecraft:glowstone":12,"minecraft:white_stained_glass":8,"minecraft:golden_apple":48,"minecraft:andesite_slab":150,"minecraft:gray_shulker_box":5,"minecraft:cyan_shulker_box":6,"minecraft:oak_stairs":312,"minecraft:wooden_axe":3,"minecraft:iron_leggings":2,"minecraft:white_bed":6,"minecraft:lime_wool":3,"minecraft:golden_hoe":18,"minecraft:brick":1103,"minecraft:oak_planks":3112,"minecraft:pink_shulker_box":1,"minecraft:mossy_stone_brick_slab":6,"minecraft:oak_hanging_sign":6,"minecraft:cobblestone_stairs":72,"minecraft:spruce_pressure_plate":1,"minecraft:suspicious_stew":4,"minecraft:green_dye":321,"minecraft:bamboo_block":64,"minecraft:dark_oak_door":12,"minecraft:hopper":535,"minecraft:iron_boots":11,"minecraft:cyan_terracotta":528,"minecraft:mossy_cobblestone_slab":60,"minecraft:chiseled_stone_bricks":256,"minecraft:stone_hoe":8,"minecraft:raw_iron_block":119,"minecraft:item_frame":50,"minecraft:oak_slab":300,"minecraft:crafting_table":115,"minecraft:spruce_planks":7320,"minecraft:wooden_pickaxe":1,"minecraft:baked_potato":367,"minecraft:gold_block":1526,"minecraft:hopper_minecart":2,"minecraft:birch_planks":1968,"minecraft:brewing_stand":3,"minecraft:black_shulker_box":3,"minecraft:emerald_block":533,"minecraft:dark_oak_slab":234,"minecraft:charcoal":111,"minecraft:iron_chestplate":2,"minecraft:paper":12,"minecraft:diamond_pickaxe":1,"minecraft:shield":1,"minecraft:light_blue_dye":2,"minecraft:light_weighted_pressure_plate":11,"minecraft:snow_block":3700,"minecraft:green_shulker_box":4,"minecraft:gray_carpet":96,"minecraft:redstone_torch":2443,"minecraft:green_carpet":72,"minecraft:shears":42,"minecraft:polished_andesite":688,"minecraft:coarse_dirt":1840,"minecraft:wooden_sword":1,"minecraft:raw_iron":567,"minecraft:redstone":3867,"minecraft:coal":948,"minecraft:stone_button":129,"minecraft:dark_oak_trapdoor":44,"minecraft:gray_dye":84,"minecraft:dark_oak_sign":21,"minecraft:mossy_stone_brick_wall":6,"minecraft:diamond_block":18,"minecraft:glass_pane":112,"minecraft:yellow_shulker_box":5,"minecraft:green_concrete_powder":904,"minecraft:iron_axe":13,"minecraft:orange_concrete_powder":360,"minecraft:lime_dye":188,"minecraft:netherite_scrap":4,"minecraft:observer":77,"minecraft:minecart":30,"minecraft:cooked_beef":24,"minecraft:sugar":28,"minecraft:red_dye":132,"minecraft:cyan_concrete_powder":64,"minecraft:bone_block":21,"minecraft:diamond_sword":4,"minecraft:cyan_dye":34,"minecraft:spruce_sign":3,"minecraft:dark_oak_stairs":40,"minecraft:powered_rail":252,"minecraft:yellow_carpet":18,"minecraft:stripped_oak_wood":12,"minecraft:bucket":15,"minecraft:stone_axe":1,"minecraft:amethyst_block":16,"minecraft:mossy_cobblestone_wall":6,"minecraft:air":0,"minecraft:bread":11,"minecraft:blue_dye":34,"minecraft:oak_boat":3,"minecraft:cut_copper":16,"minecraft:white_wool":3,"minecraft:raw_gold":891,"minecraft:nether_wart_block":1,"minecraft:pumpkin_pie":664,"minecraft:acacia_planks":72,"minecraft:lapis_lazuli":12,"minecraft:lapis_block":93,"minecraft:clay":7,"minecraft:firework_rocket":27},"minecraft:mined":{"minecraft:cut_red_sandstone_slab":41,"minecraft:dragon_wall_head":13,"minecraft:red_shulker_box":190,"minecraft:white_bed":20,"minecraft:cyan_shulker_box":94,"minecraft:granite":4660,"minecraft:acacia_log":28,"minecraft:exposed_cut_copper_stairs":3,"minecraft:light_gray_bed":8,"minecraft:oak_pressure_plate":3,"minecraft:bamboo_block":8,"minecraft:oak_wall_sign":3,"minecraft:nether_wart":15,"minecraft:polished_blackstone_bricks":4,"minecraft:magma_block":3698,"minecraft:dark_oak_trapdoor":9,"minecraft:mossy_cobblestone_stairs":2,"minecraft:fire":191,"minecraft:barrel":11,"minecraft:cobbled_deepslate":89,"minecraft:deepslate_lapis_ore":55,"minecraft:fletching_table":5,"minecraft:nether_brick_stairs":2,"minecraft:twisting_vines":2,"minecraft:oak_wall_hanging_sign":1,"minecraft:spruce_pressure_plate":1,"minecraft:light_gray_concrete":109,"minecraft:green_carpet":5,"minecraft:white_shulker_box":23,"minecraft:player_head":11,"minecraft:tripwire":18,"minecraft:orange_bed":7,"minecraft:cut_sandstone":2,"minecraft:kelp_plant":291,"minecraft:crimson_nylium":19,"minecraft:powder_snow":51,"minecraft:note_block":12,"minecraft:torch":412,"minecraft:oxidized_copper":230,"minecraft:melon":8,"minecraft:white_stained_glass_pane":4,"minecraft:dead_bush":6,"minecraft:lime_shulker_box":33,"minecraft:sugar_cane":56,"minecraft:bricks":16,"minecraft:amethyst_block":978,"minecraft:birch_sapling":3,"minecraft:white_terracotta":936,"minecraft:repeater":72,"minecraft:verdant_froglight":18,"minecraft:bamboo_planks":4,"minecraft:mud":13,"minecraft:tinted_glass":237,"minecraft:jukebox":3,"minecraft:grass":1017,"minecraft:dark_oak_sapling":1,"minecraft:smooth_quartz":3,"minecraft:smooth_basalt":1127,"minecraft:deepslate":7201,"minecraft:dark_prismarine":29,"minecraft:deepslate_tiles":9,"minecraft:exposed_cut_copper":1,"minecraft:light_blue_wool":10,"minecraft:mossy_cobblestone":104,"minecraft:dark_oak_log":10840,"minecraft:sea_lantern":11,"minecraft:end_stone":2,"minecraft:spruce_fence":52,"minecraft:redstone_wire":157,"minecraft:waxed_weathered_copper":1,"minecraft:white_concrete_powder":5,"minecraft:redstone_ore":61,"minecraft:packed_mud":2,"minecraft:light_blue_concrete_powder":1,"minecraft:green_terracotta":6,"minecraft:andesite":4926,"minecraft:big_dripleaf_stem":32,"minecraft:cyan_concrete":72,"minecraft:cobblestone_slab":39,"minecraft:vine":375,"minecraft:rail":2896,"minecraft:green_wool":4,"minecraft:ender_chest":21,"minecraft:oak_slab":45,"minecraft:redstone_block":12,"minecraft:glass_pane":21,"minecraft:chiseled_nether_bricks":1,"minecraft:soul_sand":301,"minecraft:lily_of_the_valley":4,"minecraft:dandelion":17,"minecraft:cornflower":8,"minecraft:warped_roots":1,"minecraft:campfire":1,"minecraft:copper_ore":516,"minecraft:purpur_pillar":6,"minecraft:tall_grass":175,"minecraft:deepslate_gold_ore":352,"minecraft:diorite":3724,"minecraft:warped_wart_block":1,"minecraft:cut_copper_slab":1,"minecraft:red_terracotta":382,"minecraft:coarse_dirt":126,"minecraft:light_blue_bed":3,"minecraft:cobblestone_wall":5,"minecraft:dark_oak_wall_sign":3,"minecraft:gravel":8779,"minecraft:sunflower":7,"minecraft:cobweb":310,"minecraft:brown_terracotta":422,"minecraft:oak_button":3,"minecraft:birch_sign":8,"minecraft:stone_bricks":2130,"minecraft:gold_ore":326,"minecraft:chipped_anvil":8,"minecraft:iron_trapdoor":8,"minecraft:fern":1,"minecraft:stone_pressure_plate":4,"minecraft:oak_sapling":1,"minecraft:farmland":37,"minecraft:mossy_stone_brick_slab":1,"minecraft:orange_wool":61,"minecraft:brewing_stand":2,"minecraft:spruce_trapdoor":102,"minecraft:budding_amethyst":6,"minecraft:white_concrete":278,"minecraft:polished_diorite":1,"minecraft:composter":67,"minecraft:mossy_cobblestone_slab":15,"minecraft:turtle_egg":1,"minecraft:red_tulip":3,"minecraft:pointed_dripstone":123,"minecraft:flowering_azalea_leaves":21,"minecraft:iron_bars":4,"minecraft:azalea":75,"minecraft:spruce_slab":355,"minecraft:netherite_block":1,"minecraft:deepslate_redstone_ore":368,"minecraft:brown_shulker_box":78,"minecraft:jungle_door":2,"minecraft:exposed_copper":1,"minecraft:medium_amethyst_bud":60,"minecraft:orange_terracotta":4,"minecraft:purpur_stairs":14,"minecraft:light_gray_terracotta":11,"minecraft:mossy_cobblestone_wall":1,"minecraft:beacon":5,"minecraft:wither_skeleton_wall_skull":5,"minecraft:nether_quartz_ore":353,"minecraft:oak_planks":141,"minecraft:wall_torch":286,"minecraft:cauldron":1,"minecraft:stone_stairs":32,"minecraft:light_weighted_pressure_plate":14,"minecraft:warped_nylium":3,"minecraft:powered_rail":151,"minecraft:dark_oak_slab":50,"minecraft:blue_ice":34,"minecraft:lava_cauldron":1,"minecraft:exposed_cut_copper_slab":2,"minecraft:tnt":1,"minecraft:smooth_stone_slab":43,"minecraft:oak_log":2434,"minecraft:beetroots":29,"minecraft:lime_terracotta":85,"minecraft:dirt":10320,"minecraft:dispenser":9,"minecraft:ancient_debris":4,"minecraft:crying_obsidian":1,"minecraft:dark_oak_leaves":4410,"minecraft:lever":9,"minecraft:glow_lichen":183,"minecraft:ladder":4,"minecraft:stone_button":19,"minecraft:weathered_copper":4,"minecraft:decorated_pot":35,"minecraft:brown_mushroom_block":246,"minecraft:birch_slab":1,"minecraft:spruce_leaves":558,"minecraft:hay_block":4,"minecraft:heavy_weighted_pressure_plate":1,"minecraft:nether_sprouts":1,"minecraft:polished_basalt":2,"minecraft:light_gray_shulker_box":56,"minecraft:peony":7,"minecraft:gold_block":1,"minecraft:nether_brick_fence":3,"minecraft:bookshelf":50,"minecraft:deepslate_iron_ore":610,"minecraft:shroomlight":8,"minecraft:oxidized_cut_copper_slab":9,"minecraft:stripped_oak_log":164,"minecraft:wet_sponge":233,"minecraft:oak_hanging_sign":4,"minecraft:scaffolding":279,"minecraft:acacia_leaves":2,"minecraft:snow_block":440,"minecraft:stripped_dark_oak_log":194,"minecraft:basalt":146,"minecraft:polished_granite":11,"minecraft:oak_fence":109,"minecraft:honey_block":28,"minecraft:gray_stained_glass":58,"minecraft:stone_slab":93,"minecraft:quartz_bricks":2,"minecraft:deepslate_coal_ore":4,"minecraft:polished_blackstone_brick_stairs":1,"minecraft:prismarine_bricks":51,"minecraft:birch_planks":164,"minecraft:sea_pickle":15,"minecraft:ice":1101,"minecraft:black_wool":83,"minecraft:cocoa":35,"minecraft:ochre_froglight":5,"minecraft:cherry_leaves":377,"minecraft:flower_pot":4,"minecraft:cyan_carpet":8,"minecraft:yellow_concrete":10,"minecraft:purple_shulker_box":3,"minecraft:cracked_stone_bricks":47,"minecraft:small_dripleaf":11,"minecraft:mossy_stone_bricks":5,"minecraft:dark_oak_planks":67,"minecraft:cherry_log":25,"minecraft:jungle_leaves":464,"minecraft:carved_pumpkin":240,"minecraft:obsidian":341,"minecraft:red_sand":1133,"minecraft:yellow_carpet":1,"minecraft:jungle_log":308,"minecraft:deepslate_bricks":33,"minecraft:purpur_slab":4,"minecraft:lime_stained_glass":181,"minecraft:hopper":71,"minecraft:crimson_fungus":8,"minecraft:oxeye_daisy":3,"minecraft:orange_concrete":396,"minecraft:weeping_vines_plant":2,"minecraft:tall_seagrass":6,"minecraft:sticky_piston":23,"minecraft:pumpkin":353,"minecraft:moss_carpet":234,"minecraft:stripped_dark_oak_wood":4,"minecraft:lime_stained_glass_pane":15,"minecraft:sculk_shrieker":1,"minecraft:cave_vines":106,"minecraft:oak_sign":13,"minecraft:polished_deepslate_slab":81,"minecraft:dirt_path":43,"minecraft:oak_stairs":72,"minecraft:small_amethyst_bud":108,"minecraft:deepslate_brick_stairs":6,"minecraft:stripped_mangrove_wood":2,"minecraft:iron_block":171,"minecraft:piston_head":2,"minecraft:conduit":1,"minecraft:brown_mushroom":17,"minecraft:red_bed":3,"minecraft:player_wall_head":5,"minecraft:amethyst_cluster":739,"minecraft:oxidized_cut_copper_stairs":8,"minecraft:blast_furnace":4,"minecraft:polished_andesite_stairs":24,"minecraft:green_concrete_powder":102,"minecraft:polished_diorite_slab":2,"minecraft:glass":994,"minecraft:cyan_bed":12,"minecraft:spruce_sign":1,"minecraft:cyan_wool":45,"minecraft:black_concrete_powder":1,"minecraft:light_gray_stained_glass":16,"minecraft:wheat":230,"minecraft:lilac":9,"minecraft:pumpkin_stem":1,"minecraft:lime_concrete":38,"minecraft:stone_brick_stairs":78,"minecraft:copper_block":27,"minecraft:oak_fence_gate":1,"minecraft:blue_shulker_box":4,"minecraft:red_mushroom_block":889,"minecraft:stonecutter":26,"minecraft:piston":62,"minecraft:infested_deepslate":14,"minecraft:yellow_terracotta":9,"minecraft:pink_shulker_box":8,"minecraft:light_gray_stained_glass_pane":5,"minecraft:stripped_birch_log":20,"minecraft:jack_o_lantern":118,"minecraft:shulker_box":518,"minecraft:nether_bricks":121,"minecraft:allium":3,"minecraft:crimson_roots":13,"minecraft:orange_shulker_box":103,"minecraft:lime_wool":5,"minecraft:moss_block":3427,"minecraft:kelp":71,"minecraft:pink_wool":27,"minecraft:jungle_sapling":4,"minecraft:red_sandstone":4,"minecraft:snow":15362,"minecraft:potatoes":755,"minecraft:bamboo_sapling":3,"minecraft:bamboo":18,"minecraft:cut_copper":3,"minecraft:cake":1,"minecraft:smithing_table":1,"minecraft:light_gray_carpet":3,"minecraft:gray_concrete":1337,"minecraft:comparator":24,"minecraft:brown_carpet":27,"minecraft:stone_brick_slab":59,"minecraft:observer":65,"minecraft:spruce_button":2,"minecraft:emerald_ore":9,"minecraft:cyan_concrete_powder":6,"minecraft:sponge":225,"minecraft:dropper":38,"minecraft:big_dripleaf":36,"minecraft:pearlescent_froglight":7,"minecraft:purple_bed":3,"minecraft:purple_stained_glass":2,"minecraft:white_carpet":1,"minecraft:spruce_log":1379,"minecraft:birch_leaves":569,"minecraft:dripstone_block":638,"minecraft:acacia_door":5,"minecraft:acacia_planks":21,"minecraft:infested_stone":73,"minecraft:black_shulker_box":10,"minecraft:large_amethyst_bud":37,"minecraft:spruce_planks":129,"minecraft:attached_melon_stem":1,"minecraft:cobblestone_stairs":12,"minecraft:sculk_vein":2,"minecraft:potted_cactus":2,"minecraft:cave_vines_plant":56,"minecraft:grass_block":5683,"minecraft:mud_bricks":6,"minecraft:smooth_stone":55,"minecraft:raw_iron_block":13,"minecraft:glowstone":14,"minecraft:iron_ore":721,"minecraft:target":7,"minecraft:anvil":8,"minecraft:azure_bluet":7,"minecraft:dark_oak_stairs":45,"minecraft:birch_wall_sign":3,"minecraft:azalea_leaves":83,"minecraft:end_stone_bricks":26,"minecraft:green_bed":7,"minecraft:cyan_terracotta":108,"minecraft:blackstone":133,"minecraft:twisting_vines_plant":1,"minecraft:melon_stem":5,"minecraft:clay":3443,"minecraft:calcite":2716,"minecraft:poppy":31,"minecraft:chest":117,"minecraft:mushroom_stem":135,"minecraft:cobblestone":1434,"minecraft:birch_wood":1,"minecraft:slime_block":145,"minecraft:grindstone":2,"minecraft:prismarine":75,"minecraft:iron_door":5,"minecraft:deepslate_copper_ore":9,"minecraft:magenta_shulker_box":6,"minecraft:seagrass":16,"minecraft:brown_concrete_powder":17,"minecraft:dark_oak_door":4,"minecraft:nether_wart_block":350,"minecraft:yellow_wool":72,"minecraft:birch_log":1133,"minecraft:waxed_oxidized_cut_copper_stairs":7,"minecraft:birch_trapdoor":1,"minecraft:stripped_oak_wood":8,"minecraft:orange_tulip":4,"minecraft:purpur_block":11,"minecraft:diorite_wall":1,"minecraft:sand":2130,"minecraft:wither_skeleton_skull":7,"minecraft:tripwire_hook":2,"minecraft:potted_red_tulip":1,"minecraft:netherrack":5411,"minecraft:oak_leaves":4510,"minecraft:magenta_wool":11,"minecraft:emerald_block":191,"minecraft:redstone_lamp":13,"minecraft:nether_gold_ore":92,"minecraft:diamond_ore":31,"minecraft:tuff":2598,"minecraft:deepslate_diamond_ore":226,"minecraft:oak_door":1,"minecraft:stripped_cherry_log":179,"minecraft:gray_shulker_box":13,"minecraft:gray_stained_glass_pane":5,"minecraft:brick_stairs":15,"minecraft:polished_andesite_slab":5,"minecraft:sandstone":3,"minecraft:rooted_dirt":366,"minecraft:spore_blossom":12,"minecraft:deepslate_brick_slab":5,"minecraft:diorite_slab":1,"minecraft:oxidized_cut_copper":4,"minecraft:oak_trapdoor":26,"minecraft:furnace":9,"minecraft:spruce_sapling":5,"minecraft:carrots":5092,"minecraft:chiseled_sandstone":2,"minecraft:stripped_spruce_log":261,"minecraft:black_concrete":717,"minecraft:polished_deepslate":2,"minecraft:lantern":30,"minecraft:packed_ice":2749,"minecraft:stone":63011,"minecraft:yellow_shulker_box":42,"minecraft:redstone_wall_torch":24,"minecraft:podzol":331,"minecraft:flowering_azalea":54,"minecraft:light_blue_shulker_box":9,"minecraft:red_wool":93,"minecraft:cut_copper_stairs":13,"minecraft:spruce_door":12,"minecraft:crafting_table":74,"minecraft:oak_wood":5,"minecraft:lime_concrete_powder":19,"minecraft:sculk_sensor":2,"minecraft:rose_bush":2,"minecraft:andesite_slab":8,"minecraft:lectern":216,"minecraft:lapis_ore":61,"minecraft:sculk":191,"minecraft:spruce_stairs":79,"minecraft:brick_slab":1,"minecraft:gray_wool":1,"minecraft:lime_bed":1,"minecraft:cactus":16,"minecraft:gray_concrete_powder":2,"minecraft:green_shulker_box":15,"minecraft:redstone_torch":54,"minecraft:sweet_berry_bush":2,"minecraft:yellow_bed":21,"minecraft:coal_ore":1997,"minecraft:end_rod":52,"minecraft:gray_carpet":29,"minecraft:terracotta":863,"minecraft:polished_andesite":94},"minecraft:custom":{"minecraft:interact_with_crafting_table":1326,"minecraft:damage_blocked_by_shield":320,"minecraft:play_time":24344933,"minecraft:deaths":74,"minecraft:jump":266347,"minecraft:play_record":7,"minecraft:inspect_dispenser":64,"minecraft:horse_one_cm":434759,"minecraft:inspect_dropper":341,"minecraft:interact_with_anvil":224,"minecraft:inspect_hopper":497,"minecraft:tune_noteblock":108,"minecraft:time_since_rest":2635,"minecraft:swim_one_cm":2833338,"minecraft:open_chest":11591,"minecraft:open_shulker_box":8317,"minecraft:clean_armor":1,"minecraft:damage_resisted":69,"minecraft:play_noteblock":78,"minecraft:talked_to_villager":2040,"minecraft:interact_with_brewingstand":168,"minecraft:interact_with_beacon":21,"minecraft:boat_one_cm":13113041,"minecraft:damage_taken":130905,"minecraft:aviate_one_cm":291574281,"minecraft:open_barrel":1802,"minecraft:bell_ring":91,"minecraft:eat_cake_slice":4,"minecraft:leave_game":427,"minecraft:time_since_death":197316,"minecraft:enchant_item":43,"minecraft:interact_with_furnace":656,"minecraft:traded_with_villager":19750,"minecraft:sleep_in_bed":491,"minecraft:damage_dealt":341880,"minecraft:use_cauldron":1,"minecraft:interact_with_smithing_table":18,"minecraft:target_hit":94,"minecraft:sneak_time":810685,"minecraft:interact_with_lectern":91,"minecraft:interact_with_blast_furnace":9,"minecraft:total_world_time":24344933,"minecraft:interact_with_stonecutter":82,"minecraft:fly_one_cm":74397090,"minecraft:fall_one_cm":7076202,"minecraft:animals_bred":2,"minecraft:sprint_one_cm":53531464,"minecraft:drop":3164,"minecraft:walk_on_water_one_cm":1206690,"minecraft:open_enderchest":907,"minecraft:player_kills":17,"minecraft:crouch_one_cm":3271298,"minecraft:mob_kills":4057,"minecraft:climb_one_cm":397148,"minecraft:walk_one_cm":41330520,"minecraft:walk_under_water_one_cm":2929650,"minecraft:pot_flower":4,"minecraft:interact_with_grindstone":30,"minecraft:damage_absorbed":119,"minecraft:trigger_trapped_chest":1,"minecraft:minecart_one_cm":770688},"minecraft:broken":{"minecraft:shears":5,"minecraft:stone_hoe":1,"minecraft:iron_pickaxe":13,"minecraft:iron_shovel":15,"minecraft:stone_pickaxe":4,"minecraft:stone_axe":1,"minecraft:stone_shovel":1,"minecraft:bow":1,"minecraft:iron_axe":9,"minecraft:golden_shovel":1,"minecraft:leather_boots":1,"minecraft:golden_pickaxe":1},"minecraft:dropped":{"minecraft:lapis_lazuli":55,"minecraft:glass_bottle":16,"minecraft:diamond":275,"minecraft:crafting_table":4,"minecraft:weeping_vines":3,"minecraft:glow_berries":6,"minecraft:warped_roots":1,"minecraft:cracked_stone_bricks":63,"minecraft:red_mushroom":2,"minecraft:emerald":623,"minecraft:gray_concrete":51,"minecraft:dark_oak_trapdoor":2,"minecraft:netherite_boots":1,"minecraft:gold_nugget":236,"minecraft:sand":36,"minecraft:small_amethyst_bud":30,"minecraft:fishing_rod":1,"minecraft:dark_oak_planks":229,"minecraft:white_wool":6,"minecraft:dark_oak_door":3,"minecraft:stone_axe":2,"minecraft:compass":96,"minecraft:diamond_block":1,"minecraft:iron_nugget":95,"minecraft:cooked_chicken":9,"minecraft:cobbled_deepslate":661,"minecraft:tinted_glass":50,"minecraft:wheat":2,"minecraft:obsidian":1,"minecraft:stripped_dark_oak_log":1,"minecraft:rotten_flesh":568,"minecraft:oak_planks":41,"minecraft:azure_bluet":1,"minecraft:coal_ore":35,"minecraft:jungle_log":7,"minecraft:leather_boots":6,"minecraft:acacia_sapling":4,"minecraft:leather_leggings":2,"minecraft:beef":19,"minecraft:glass":125,"minecraft:podzol":44,"minecraft:stone_brick_stairs":2,"minecraft:golden_boots":5,"minecraft:wheat_seeds":471,"minecraft:dripstone_block":7,"minecraft:light_gray_stained_glass_pane":4,"minecraft:book":7,"minecraft:yellow_carpet":1,"minecraft:coal_block":78,"minecraft:golden_apple":11,"minecraft:diamond_horse_armor":1,"minecraft:brown_concrete_powder":61,"minecraft:gray_wool":64,"minecraft:wooden_axe":3,"minecraft:lapis_ore":1,"minecraft:potion":162,"minecraft:oak_stairs":65,"minecraft:pumpkin":578,"minecraft:stone_brick_slab":19,"minecraft:snow_block":11,"minecraft:player_head":12,"minecraft:sticky_piston":43,"minecraft:experience_bottle":64,"minecraft:white_carpet":13,"minecraft:clay_ball":31,"minecraft:iron_boots":80,"minecraft:name_tag":1,"minecraft:oak_sign":2,"minecraft:shears":13,"minecraft:diamond_sword":3,"minecraft:spruce_boat":4,"minecraft:spruce_trapdoor":13,"minecraft:spruce_planks":115,"minecraft:diamond_pickaxe":5,"minecraft:redstone_torch":4,"minecraft:stone_pressure_plate":4,"minecraft:bamboo":24,"minecraft:stone_bricks":17,"minecraft:bow":118,"minecraft:magma_block":34,"minecraft:terracotta":106,"minecraft:nether_brick_stairs":2,"minecraft:soul_sand":63,"minecraft:moss_block":133,"minecraft:orange_dye":1,"minecraft:oak_log":77,"minecraft:large_amethyst_bud":20,"minecraft:ender_pearl":646,"minecraft:golden_pickaxe":1,"minecraft:dark_oak_sapling":1,"minecraft:lime_terracotta":1,"minecraft:leather":4,"minecraft:jungle_planks":8,"minecraft:mossy_cobblestone_wall":2,"minecraft:dark_oak_log":128,"minecraft:packed_ice":216,"minecraft:mutton":2,"minecraft:snowball":119,"minecraft:wet_sponge":16,"minecraft:gold_ingot":259,"minecraft:purpur_block":4,"minecraft:andesite_slab":12,"minecraft:pointed_dripstone":9,"minecraft:mossy_stone_brick_slab":1,"minecraft:cooked_mutton":7,"minecraft:leather_chestplate":3,"minecraft:oak_wood":39,"minecraft:beetroot_seeds":5,"minecraft:iron_ore":66,"minecraft:polished_granite":1,"minecraft:splash_potion":60,"minecraft:stone_hoe":10,"minecraft:bread":8,"minecraft:vine":5,"minecraft:golden_helmet":7,"minecraft:lilac":3,"minecraft:netherite_axe":1,"minecraft:golden_axe":1,"minecraft:tropical_fish":32,"minecraft:spruce_stairs":3,"minecraft:repeater":4,"minecraft:nether_wart_block":8,"minecraft:melon_slice":11,"minecraft:iron_door":2,"minecraft:jungle_door":10,"minecraft:fire_charge":2,"minecraft:cactus":4,"minecraft:redstone_block":47,"minecraft:chiseled_sandstone":2,"minecraft:polished_deepslate":1,"minecraft:polished_diorite":64,"minecraft:kelp":15,"minecraft:comparator":1,"minecraft:oxidized_cut_copper_stairs":1,"minecraft:stripped_oak_log":3,"minecraft:shulker_box":2,"minecraft:flint_and_steel":9,"minecraft:copper_ore":90,"minecraft:oak_button":5,"minecraft:andesite":76,"minecraft:golden_leggings":6,"minecraft:oak_sapling":107,"minecraft:birch_sign":14,"minecraft:spruce_log":89,"minecraft:wooden_pickaxe":1,"minecraft:medium_amethyst_bud":51,"minecraft:amethyst_cluster":36,"minecraft:clay":609,"minecraft:piston":1,"minecraft:oak_pressure_plate":2,"minecraft:crossbow":1,"minecraft:saddle":1,"minecraft:purpur_stairs":10,"minecraft:elytra":4,"minecraft:rail":157,"minecraft:leather_helmet":3,"minecraft:item_frame":1,"minecraft:melon":130,"minecraft:dirt":1370,"minecraft:red_shulker_box":2,"minecraft:grass":18,"minecraft:stone_button":20,"minecraft:wooden_sword":2,"minecraft:sunflower":1,"minecraft:bone_meal":126,"minecraft:iron_pickaxe":2,"minecraft:bone":89,"minecraft:oak_door":2,"minecraft:cherry_boat":1,"minecraft:sugar_cane":1,"minecraft:polished_andesite_slab":16,"minecraft:golden_chestplate":6,"minecraft:nether_brick":191,"minecraft:birch_sapling":5,"minecraft:blaze_powder":2,"minecraft:heavy_weighted_pressure_plate":1,"minecraft:charcoal":4,"minecraft:spruce_slab":11,"minecraft:crying_obsidian":1,"minecraft:egg":90,"minecraft:enchanted_book":29,"minecraft:iron_ingot":45,"minecraft:birch_leaves":1,"minecraft:copper_block":1,"minecraft:feather":2,"minecraft:yellow_terracotta":12,"minecraft:oak_fence":15,"minecraft:purpur_slab":1,"minecraft:iron_helmet":2,"minecraft:cobblestone":587,"minecraft:apple":13,"minecraft:granite":306,"minecraft:chainmail_helmet":10,"minecraft:coal":28,"minecraft:golden_carrot":230,"minecraft:iron_trapdoor":1,"minecraft:rabbit":1,"minecraft:diamond_helmet":1,"minecraft:dried_kelp":5,"minecraft:iron_shovel":2,"minecraft:string":85,"minecraft:gray_carpet":4,"minecraft:spruce_sapling":17,"minecraft:furnace":5,"minecraft:moss_carpet":32,"minecraft:zombie_spawn_egg":1,"minecraft:stone_sword":8,"minecraft:cobblestone_wall":6,"minecraft:dark_oak_sign":1,"minecraft:deepslate":130,"minecraft:bowl":4,"minecraft:diamond_hoe":4,"minecraft:cut_copper_stairs":1,"minecraft:chicken":4,"minecraft:polished_deepslate_slab":65,"minecraft:stone_slab":49,"minecraft:glow_lichen":2,"minecraft:diamond_ore":9,"minecraft:nether_bricks":10,"minecraft:spruce_fence":3,"minecraft:pumpkin_seeds":857,"minecraft:big_dripleaf":11,"minecraft:cobblestone_slab":9,"minecraft:potato":42,"minecraft:stone":521,"minecraft:wooden_shovel":2,"minecraft:carved_pumpkin":18,"minecraft:spider_eye":48,"minecraft:brown_carpet":15,"minecraft:dark_prismarine":25,"minecraft:black_wool":1,"minecraft:crimson_nylium":10,"minecraft:birch_planks":30,"minecraft:diamond_axe":4,"minecraft:baked_potato":1,"minecraft:lantern":1,"minecraft:flint":9,"minecraft:spruce_leaves":2,"minecraft:polished_blackstone_brick_stairs":1,"minecraft:cornflower":1,"minecraft:crimson_roots":16,"minecraft:cooked_cod":2,"minecraft:pumpkin_pie":38,"minecraft:amethyst_shard":668,"minecraft:acacia_door":6,"minecraft:birch_log":142,"minecraft:brown_mushroom_block":4,"minecraft:gravel":127,"minecraft:crimson_fungus":6,"minecraft:blackstone":125,"minecraft:yellow_wool":93,"minecraft:diamond_shovel":3,"minecraft:prismarine":20,"minecraft:stone_stairs":2,"minecraft:carrot":1047,"minecraft:chainmail_chestplate":1,"minecraft:poppy":73,"minecraft:oak_fence_gate":1,"minecraft:gunpowder":66,"minecraft:azalea":19,"minecraft:spruce_pressure_plate":3,"minecraft:chainmail_boots":2,"minecraft:chest":10,"minecraft:cyan_concrete":1,"minecraft:arrow":1159,"minecraft:basalt":6,"minecraft:powered_rail":2,"minecraft:prismarine_bricks":33,"minecraft:firework_rocket":259,"minecraft:quartz":178,"minecraft:written_book":6,"minecraft:oak_leaves":140,"minecraft:netherrack":2016,"minecraft:water_bucket":1,"minecraft:purple_terracotta":12,"minecraft:oak_slab":31,"minecraft:deepslate_iron_ore":2,"minecraft:mossy_cobblestone":2,"minecraft:minecart":3,"minecraft:diamond_leggings":1,"minecraft:prismarine_shard":5,"minecraft:lead":1,"minecraft:spectral_arrow":169,"minecraft:copper_ingot":1,"minecraft:grass_block":572,"minecraft:stick":405,"minecraft:diorite":1871,"minecraft:torch":133,"minecraft:brown_wool":52,"minecraft:iron_leggings":2,"minecraft:flowering_azalea":3,"minecraft:iron_axe":1,"minecraft:bucket":1,"minecraft:music_disc_cat":3,"minecraft:smooth_basalt":7,"minecraft:redstone":173,"minecraft:coarse_dirt":65,"minecraft:raw_copper":2,"minecraft:tuff":472,"minecraft:raw_iron":3,"minecraft:wither_skeleton_skull":1,"minecraft:glass_pane":32,"minecraft:red_terracotta":1,"minecraft:snow":13,"minecraft:filled_map":1,"minecraft:shield":3,"minecraft:orange_terracotta":2,"minecraft:iron_chestplate":1,"minecraft:mossy_stone_bricks":11,"minecraft:cake":17,"minecraft:purple_bed":1,"minecraft:oak_boat":1,"minecraft:golden_sword":21,"minecraft:diamond_boots":1,"minecraft:slime_ball":117,"minecraft:stone_pickaxe":3,"minecraft:calcite":17},"minecraft:killed":{"minecraft:guardian":4,"minecraft:tropical_fish":1,"minecraft:elder_guardian":3,"minecraft:salmon":1,"minecraft:iron_golem":1,"minecraft:pillager":10,"minecraft:zombie":486,"minecraft:endermite":1,"minecraft:rabbit":1,"minecraft:zombified_piglin":134,"minecraft:witch":8,"minecraft:spider":70,"minecraft:wither":3,"minecraft:silverfish":25,"minecraft:piglin":31,"minecraft:zombie_villager":18,"minecraft:sheep":9,"minecraft:ghast":18,"minecraft:slime":324,"minecraft:drowned":35,"minecraft:squid":29,"minecraft:wither_skeleton":78,"minecraft:player":16,"minecraft:cave_spider":87,"minecraft:shulker":117,"minecraft:skeleton":697,"minecraft:chicken":11,"minecraft:magma_cube":169,"minecraft:glow_squid":17,"minecraft:cow":19,"minecraft:horse":4,"minecraft:enderman":1300,"minecraft:pig":4,"minecraft:creeper":145,"minecraft:blaze":78,"minecraft:phantom":8,"minecraft:bat":38},"minecraft:killed_by":{"minecraft:ravager":33,"minecraft:drowned":3,"minecraft:vex":3,"minecraft:slime":1,"minecraft:guardian":1,"minecraft:evoker":1,"minecraft:creeper":1,"minecraft:piglin":1,"minecraft:player":8,"minecraft:phantom":1},"minecraft:used":{"minecraft:moss_block":1980,"minecraft:jack_o_lantern":233,"minecraft:writable_book":123,"minecraft:dispenser":14,"minecraft:poppy":1,"minecraft:stone":37569,"minecraft:rotten_flesh":7,"minecraft:soul_sand":20,"minecraft:weathered_copper":4,"minecraft:cocoa_beans":38,"minecraft:lily_of_the_valley":3,"minecraft:cut_copper":9,"minecraft:deepslate_brick_slab":15,"minecraft:azure_bluet":3,"minecraft:snowball":315,"minecraft:jungle_sapling":20,"minecraft:spruce_boat":44,"minecraft:packed_ice":266,"minecraft:lava_bucket":7,"minecraft:stripped_dark_oak_wood":4,"minecraft:red_wool":138,"minecraft:dark_oak_leaves":325,"minecraft:dark_oak_slab":229,"minecraft:diorite_wall":5,"minecraft:bow":648,"minecraft:cooked_cod":10,"minecraft:oak_sapling":44,"minecraft:mossy_stone_bricks":41,"minecraft:chorus_fruit":1,"minecraft:prismarine":91,"minecraft:blackstone":6,"minecraft:cactus":44,"minecraft:wooden_pickaxe":3,"minecraft:composter":73,"minecraft:clay":662,"minecraft:golden_apple":4,"minecraft:glow_berries":59,"minecraft:stripped_mangrove_wood":2,"minecraft:blast_furnace":4,"minecraft:cyan_dye":1,"minecraft:gray_concrete":1151,"minecraft:deepslate_brick_stairs":19,"minecraft:gray_stained_glass_pane":11,"minecraft:birch_slab":1,"minecraft:oak_pressure_plate":3,"minecraft:flowering_azalea_leaves":8,"minecraft:nether_wart_block":567,"minecraft:diamond_sword":4117,"minecraft:smithing_table":1,"minecraft:birch_log":296,"minecraft:oak_boat":9,"minecraft:diorite_slab":6,"minecraft:oak_trapdoor":81,"minecraft:orange_concrete":294,"minecraft:carved_pumpkin":15,"minecraft:armor_stand":6,"minecraft:light_gray_carpet":1,"minecraft:tinted_glass":982,"minecraft:cooked_salmon":1,"minecraft:exposed_cut_copper_stairs":3,"minecraft:torch":6587,"minecraft:brewing_stand":5,"minecraft:yellow_carpet":11,"minecraft:golden_shovel":500,"minecraft:oak_fence_gate":8,"minecraft:mossy_cobblestone_stairs":4,"minecraft:sea_lantern":120,"minecraft:chipped_anvil":8,"minecraft:iron_block":903,"minecraft:light_weighted_pressure_plate":15,"minecraft:jungle_log":4,"minecraft:barrel":29,"minecraft:bamboo":62,"minecraft:basalt":128,"minecraft:lime_concrete":11,"minecraft:podzol":40,"minecraft:cherry_log":68,"minecraft:acacia_planks":2,"minecraft:calcite":350,"minecraft:wheat_seeds":302,"minecraft:light_blue_shulker_box":11,"minecraft:birch_planks":217,"minecraft:cauldron":2,"minecraft:glow_ink_sac":14,"minecraft:leather_boots":1,"minecraft:spruce_fence_gate":16,"minecraft:deepslate_bricks":311,"minecraft:conduit":2,"minecraft:polished_deepslate_slab":1535,"minecraft:rail":3559,"minecraft:red_bed":5,"minecraft:white_bed":23,"minecraft:campfire":3,"minecraft:spruce_log":1284,"minecraft:amethyst_cluster":11,"minecraft:diamond_pickaxe":71571,"minecraft:yellow_dye":7,"minecraft:diamond_shovel":43820,"minecraft:oak_button":7,"minecraft:suspicious_stew":4,"minecraft:spruce_pressure_plate":1,"minecraft:spruce_trapdoor":475,"minecraft:spruce_sapling":69,"minecraft:green_carpet":37,"minecraft:potion":20,"minecraft:azalea_leaves":107,"minecraft:purple_bed":3,"minecraft:cooked_porkchop":4,"minecraft:porkchop":10,"minecraft:stripped_oak_log":98,"minecraft:dandelion":4,"minecraft:green_stained_glass":3,"minecraft:cherry_sapling":2,"minecraft:moss_carpet":305,"minecraft:red_sand":115,"minecraft:polished_deepslate":26,"minecraft:light_gray_stained_glass_pane":1,"minecraft:melon":9,"minecraft:bone_block":4,"minecraft:polished_basalt":2,"minecraft:decorated_pot":38,"minecraft:nether_wart":18,"minecraft:grass":87,"minecraft:mossy_stone_brick_slab":7,"minecraft:green_terracotta":52,"minecraft:spruce_leaves":1,"minecraft:mutton":3,"minecraft:jungle_planks":28,"minecraft:furnace_minecart":12,"minecraft:beehive":1,"minecraft:obsidian":314,"minecraft:big_dripleaf":18,"minecraft:bricks":87,"minecraft:mangrove_log":48,"minecraft:lantern":149,"minecraft:green_wool":19,"minecraft:light_blue_bed":3,"minecraft:mossy_cobblestone_slab":123,"minecraft:item_frame":245,"minecraft:deepslate_diamond_ore":69,"minecraft:birch_trapdoor":1,"minecraft:written_book":32,"minecraft:blue_shulker_box":4,"minecraft:dark_oak_sapling":25,"minecraft:end_rod":52,"minecraft:dropper":92,"minecraft:wither_skeleton_skull":23,"minecraft:stone_pickaxe":648,"minecraft:gray_carpet":122,"minecraft:jungle_fence":12,"minecraft:oak_planks":413,"minecraft:polished_diorite_slab":10,"minecraft:sandstone":4,"minecraft:diamond_axe":24207,"minecraft:sugar_cane":15,"minecraft:white_wool":2,"minecraft:golden_hoe":468,"minecraft:lime_stained_glass_pane":40,"minecraft:light_blue_wool":33,"minecraft:yellow_concrete":10,"minecraft:crossbow":11,"minecraft:ochre_froglight":61,"minecraft:sticky_piston":62,"minecraft:lever":32,"minecraft:acacia_door":17,"minecraft:dark_oak_log":1863,"minecraft:bread":16,"minecraft:iron_door":8,"minecraft:deepslate":638,"minecraft:light_blue_concrete_powder":2,"minecraft:waxed_oxidized_cut_copper_stairs":7,"minecraft:mossy_cobblestone_wall":7,"minecraft:smooth_stone_slab":245,"minecraft:stripped_cherry_log":14,"minecraft:coarse_dirt":1574,"minecraft:bone_meal":1657,"minecraft:orange_concrete_powder":360,"minecraft:rose_bush":1,"minecraft:cherry_wood":2,"minecraft:waxed_weathered_copper":1,"minecraft:flint_and_steel":106,"minecraft:redstone":909,"minecraft:dried_kelp":2,"minecraft:ender_chest":25,"minecraft:brown_shulker_box":85,"minecraft:stone_hoe":661,"minecraft:cooked_chicken":4,"minecraft:dirt":18412,"minecraft:prismarine_bricks":13,"minecraft:spruce_fence":107,"minecraft:wooden_axe":21,"minecraft:brown_terracotta":55,"minecraft:light_gray_stained_glass":6,"minecraft:oak_stairs":261,"minecraft:iron_boots":2,"minecraft:yellow_concrete_powder":8,"minecraft:lime_stained_glass":270,"minecraft:minecart":56,"minecraft:netherite_pickaxe":56456,"minecraft:cyan_concrete_powder":78,"minecraft:cooked_beef":25,"minecraft:mossy_stone_brick_wall":2,"minecraft:turtle_egg":6,"minecraft:pumpkin":806,"minecraft:light_gray_bed":9,"minecraft:bamboo_planks":4,"minecraft:iron_leggings":3,"minecraft:cobblestone_stairs":61,"minecraft:snow_block":1557,"minecraft:baked_potato":338,"minecraft:birch_boat":12,"minecraft:spruce_sign":2,"minecraft:green_bed":8,"minecraft:bamboo_block":9,"minecraft:netherite_block":1,"minecraft:piston":114,"minecraft:flower_pot":10,"minecraft:black_wool":83,"minecraft:chicken":1,"minecraft:stone_slab":430,"minecraft:yellow_wool":243,"minecraft:stone_axe":195,"minecraft:crimson_fungus":2,"minecraft:pumpkin_pie":211,"minecraft:pink_shulker_box":9,"minecraft:sea_pickle":33,"minecraft:gray_wool":23,"minecraft:peony":2,"minecraft:orange_dye":3,"minecraft:cut_red_sandstone_slab":222,"minecraft:spruce_slab":425,"minecraft:elytra":1,"minecraft:ladder":135,"minecraft:chest":733,"minecraft:white_shulker_box":30,"minecraft:brick_slab":2,"minecraft:allium":3,"minecraft:orange_wool":350,"minecraft:stripped_spruce_log":231,"minecraft:honey_block":70,"minecraft:honeycomb":23,"minecraft:grass_block":13733,"minecraft:birch_sapling":66,"minecraft:polished_andesite_stairs":49,"minecraft:orange_shulker_box":110,"minecraft:copper_ore":4,"minecraft:wet_sponge":220,"minecraft:pink_wool":64,"minecraft:stone_brick_stairs":120,"minecraft:exposed_cut_copper_slab":2,"minecraft:snow":148,"minecraft:sweet_berries":191,"minecraft:furnace":26,"minecraft:egg":17,"minecraft:potato":764,"minecraft:brown_concrete_powder":301,"minecraft:magenta_shulker_box":6,"minecraft:diorite":465,"minecraft:spruce_door":22,"minecraft:stripped_birch_log":5,"minecraft:cut_copper_slab":1,"minecraft:red_stained_glass":2,"minecraft:powered_rail":314,"minecraft:orange_tulip":2,"minecraft:lime_concrete_powder":69,"minecraft:oak_leaves":117,"minecraft:smooth_quartz_stairs":7,"minecraft:dark_oak_trapdoor":156,"minecraft:sand":365,"minecraft:oxidized_cut_copper_slab":14,"minecraft:black_concrete_powder":1771,"minecraft:pumpkin_seeds":20,"minecraft:deepslate_tiles":177,"minecraft:verdant_froglight":47,"minecraft:cyan_carpet":18,"minecraft:stone_button":126,"minecraft:spore_blossom":9,"minecraft:lectern":221,"minecraft:polished_granite":30,"minecraft:red_terracotta":88,"minecraft:diamond_ore":10,"minecraft:lilac":2,"minecraft:polished_andesite_slab":67,"minecraft:fire_charge":11,"minecraft:wooden_sword":74,"minecraft:green_concrete_powder":935,"minecraft:ice":81,"minecraft:oak_hanging_sign":6,"minecraft:gray_stained_glass":117,"minecraft:iron_bars":24,"minecraft:acacia_log":2,"minecraft:netherrack":1060,"minecraft:orange_bed":8,"minecraft:light_gray_shulker_box":60,"minecraft:target":9,"minecraft:anvil":24,"minecraft:stone_stairs":61,"minecraft:glow_lichen":140,"minecraft:polished_diorite":16,"minecraft:small_dripleaf":1,"minecraft:shroomlight":8,"minecraft:red_shulker_box":191,"minecraft:flowering_azalea":36,"minecraft:cyan_shulker_box":140,"minecraft:brick_stairs":23,"minecraft:rooted_dirt":310,"minecraft:iron_axe":1887,"minecraft:spruce_button":2,"minecraft:slime_block":552,"minecraft:smooth_quartz":35,"minecraft:lime_dye":1,"minecraft:mud_bricks":6,"minecraft:melon_seeds":26,"minecraft:smooth_basalt":59,"minecraft:tripwire_hook":12,"minecraft:glowstone":11,"minecraft:magenta_wool":118,"minecraft:iron_trapdoor":42,"minecraft:oxidized_copper":496,"minecraft:cobbled_deepslate":795,"minecraft:observer":117,"minecraft:golden_axe":495,"minecraft:pointed_dripstone":35,"minecraft:water_bucket":553,"minecraft:mangrove_wood":2,"minecraft:yellow_shulker_box":42,"minecraft:lime_wool":40,"minecraft:red_mushroom_block":7,"minecraft:fletching_table":5,"minecraft:cracked_stone_bricks":236,"minecraft:salmon":1,"minecraft:mossy_cobblestone":612,"minecraft:lime_terracotta":741,"minecraft:comparator":126,"minecraft:tnt":39,"minecraft:oak_slab":197,"minecraft:crafting_table":164,"minecraft:birch_sign":54,"minecraft:lime_shulker_box":36,"minecraft:cake":3,"minecraft:small_amethyst_bud":6,"minecraft:oak_log":1180,"minecraft:mud":14,"minecraft:cornflower":5,"minecraft:oxeye_daisy":1,"minecraft:sunflower":4,"minecraft:iron_pickaxe":3531,"minecraft:cyan_concrete":71,"minecraft:crimson_nylium":9,"minecraft:cobblestone":3013,"minecraft:glass_pane":78,"minecraft:brown_mushroom_block":2,"minecraft:kelp":1163,"minecraft:jukebox":4,"minecraft:sculk_vein":2,"minecraft:iron_shovel":4377,"minecraft:diamond_hoe":11176,"minecraft:oak_sign":46,"minecraft:white_concrete_powder":263,"minecraft:shield":5,"minecraft:white_terracotta":567,"minecraft:iron_sword":15,"minecraft:purple_shulker_box":5,"minecraft:zombie_spawn_egg":1,"minecraft:bell":2,"minecraft:player_head":42,"minecraft:iron_chestplate":2,"minecraft:sculk_sensor":1,"minecraft:oxidized_cut_copper":8,"minecraft:nether_bricks":38,"minecraft:carrot":6069,"minecraft:tuff":731,"minecraft:cyan_wool":68,"minecraft:axolotl_bucket":5,"minecraft:milk_bucket":4,"minecraft:glass":1777,"minecraft:cyan_terracotta":724,"minecraft:coal_ore":150,"minecraft:packed_mud":2,"minecraft:dark_oak_wood":6,"minecraft:iron_helmet":1,"minecraft:gray_concrete_powder":1106,"minecraft:hopper_minecart":2,"minecraft:stone_bricks":4545,"minecraft:repeater":226,"minecraft:red_carpet":2,"minecraft:redstone_lamp":19,"minecraft:magma_block":1935,"minecraft:brown_carpet":46,"minecraft:hay_block":11,"minecraft:scaffolding":581,"minecraft:oxidized_cut_copper_stairs":12,"minecraft:beetroot_seeds":30,"minecraft:pearlescent_froglight":7,"minecraft:dark_oak_stairs":47,"minecraft:birch_leaves":96,"minecraft:dark_oak_sign":14,"minecraft:birch_wood":6,"minecraft:ender_pearl":21,"minecraft:redstone_block":19,"minecraft:large_amethyst_bud":9,"minecraft:yellow_terracotta":34,"minecraft:light_gray_terracotta":55,"minecraft:sponge":151,"minecraft:note_block":56,"minecraft:dripstone_block":304,"minecraft:shears":6207,"minecraft:exposed_copper":1,"minecraft:redstone_torch":279,"minecraft:black_concrete":464,"minecraft:light_gray_concrete":69,"minecraft:heavy_weighted_pressure_plate":1,"minecraft:firework_rocket":10494,"minecraft:gray_shulker_box":14,"minecraft:cyan_bed":13,"minecraft:string":31,"minecraft:gravel":935,"minecraft:stripped_oak_wood":16,"minecraft:grindstone":3,"minecraft:medium_amethyst_bud":6,"minecraft:andesite":694,"minecraft:air":3,"minecraft:chest_minecart":7,"minecraft:white_concrete":167,"minecraft:experience_bottle":65,"minecraft:cobweb":1,"minecraft:golden_pickaxe":500,"minecraft:oak_fence":178,"minecraft:azalea":59,"minecraft:trident":47,"minecraft:jungle_leaves":4,"minecraft:music_disc_otherside":7,"minecraft:redstone_ore":16,"minecraft:stone_shovel":131,"minecraft:spruce_planks":1031,"minecraft:sculk":392,"minecraft:wooden_shovel":3,"minecraft:cut_copper_stairs":27,"minecraft:oak_door":6,"minecraft:spyglass":36,"minecraft:white_carpet":15,"minecraft:hopper":446,"minecraft:spruce_stairs":370,"minecraft:cobblestone_wall":15,"minecraft:shulker_box":520,"minecraft:oak_wood":191,"minecraft:granite":716,"minecraft:bamboo_raft":19,"minecraft:stone_brick_slab":468,"minecraft:dark_oak_planks":90,"minecraft:bookshelf":46,"minecraft:red_tulip":1,"minecraft:golden_carrot":2200,"minecraft:emerald_block":522,"minecraft:white_stained_glass_pane":16,"minecraft:stone_pressure_plate":12,"minecraft:red_dye":2,"minecraft:cooked_mutton":5,"minecraft:amethyst_block":217,"minecraft:iron_ore":1,"minecraft:glass_bottle":109,"minecraft:polished_andesite":454,"minecraft:andesite_slab":99,"minecraft:copper_block":144,"minecraft:black_shulker_box":10,"minecraft:white_dye":4,"minecraft:beacon":13,"minecraft:stonecutter":32,"minecraft:chiseled_nether_bricks":1,"minecraft:cobblestone_slab":119,"minecraft:glow_item_frame":12,"minecraft:terracotta":295,"minecraft:stripped_dark_oak_log":148,"minecraft:lime_bed":2,"minecraft:light_gray_concrete_powder":64,"minecraft:painting":2,"minecraft:dark_oak_door":7,"minecraft:apple":7,"minecraft:purple_stained_glass":2,"minecraft:green_shulker_box":14,"minecraft:jungle_door":3,"minecraft:bucket":575,"minecraft:yellow_bed":27,"minecraft:smooth_stone":65,"minecraft:splash_potion":38}},"DataVersion":3463}