{"stats":{"minecraft:killed_by":{"minecraft:creeper":2,"minecraft:magma_cube":1,"minecraft:zombie":1,"minecraft:enderman":1},"minecraft:custom":{"minecraft:interact_with_crafting_table":161,"minecraft:open_barrel":169,"minecraft:open_shulker_box":2332,"minecraft:leave_game":54,"minecraft:time_since_death":154429,"minecraft:sprint_one_cm":7458663,"minecraft:drop":1059,"minecraft:play_time":2691189,"minecraft:deaths":12,"minecraft:jump":24988,"minecraft:walk_on_water_one_cm":139799,"minecraft:enchant_item":19,"minecraft:interact_with_furnace":277,"minecraft:sleep_in_bed":103,"minecraft:open_enderchest":196,"minecraft:damage_dealt":21261,"minecraft:crouch_one_cm":175374,"minecraft:inspect_dispenser":8,"minecraft:interact_with_anvil":27,"minecraft:mob_kills":3977,"minecraft:inspect_hopper":6,"minecraft:climb_one_cm":301319,"minecraft:walk_one_cm":6055383,"minecraft:sneak_time":49488,"minecraft:walk_under_water_one_cm":594097,"minecraft:boat_one_cm":1596748,"minecraft:interact_with_lectern":40,"minecraft:total_world_time":2691189,"minecraft:pot_flower":2,"minecraft:time_since_rest":801,"minecraft:damage_taken":13777,"minecraft:swim_one_cm":168576,"minecraft:fly_one_cm":7381705,"minecraft:open_chest":2074,"minecraft:aviate_one_cm":25712820,"minecraft:fall_one_cm":665620},"minecraft:dropped":{"minecraft:spruce_sign":3,"minecraft:baked_potato":28,"minecraft:ender_pearl":303,"minecraft:cooked_porkchop":4,"minecraft:elytra":1,"minecraft:rail":16,"minecraft:dirt":1,"minecraft:iron_pickaxe":1,"minecraft:bone":1,"minecraft:diamond_block":10,"minecraft:lever":1,"minecraft:iron_nugget":27,"minecraft:cobbled_deepslate":38,"minecraft:white_bed":1,"minecraft:bee_nest":1,"minecraft:spruce_slab":2,"minecraft:arrow":1,"minecraft:powered_rail":6,"minecraft:firework_rocket":64,"minecraft:iron_ingot":47,"minecraft:wheat_seeds":8,"minecraft:cobblestone":47,"minecraft:stick":24,"minecraft:iron_block":220,"minecraft:torch":3,"minecraft:wooden_axe":1,"minecraft:light_gray_stained_glass":60,"minecraft:player_head":1,"minecraft:deepslate":593,"minecraft:stone_shovel":2,"minecraft:name_tag":1,"minecraft:cobbled_deepslate_slab":64,"minecraft:filled_map":1982,"minecraft:bundle":3,"minecraft:diamond_pickaxe":1,"minecraft:wooden_shovel":3,"minecraft:spruce_log":51,"minecraft:bow":1,"minecraft:wooden_pickaxe":1},"minecraft:used":{"minecraft:writable_book":47,"minecraft:iron_shovel":346,"minecraft:spruce_slab":294,"minecraft:bone_block":12,"minecraft:poppy":34,"minecraft:ladder":121,"minecraft:oak_sign":27,"minecraft:chest":63,"minecraft:stone":85,"minecraft:iron_sword":376,"minecraft:white_shulker_box":13,"minecraft:carrot":1,"minecraft:tuff":95,"minecraft:cyan_wool":2,"minecraft:azure_bluet":31,"minecraft:obsidian":27,"minecraft:spruce_boat":8,"minecraft:grass_block":536,"minecraft:dark_oak_slab":71,"minecraft:item_frame":33,"minecraft:deepslate_diamond_ore":1,"minecraft:warped_fungus":1,"minecraft:written_book":3,"minecraft:oak_sapling":23,"minecraft:furnace":20,"minecraft:egg":1,"minecraft:potato":496,"minecraft:dark_oak_stairs":140,"minecraft:diorite":22,"minecraft:spruce_door":2,"minecraft:stone_pickaxe":202,"minecraft:powered_rail":3,"minecraft:orange_tulip":3,"minecraft:wooden_pickaxe":11,"minecraft:diamond_axe":2038,"minecraft:sugar_cane":37,"minecraft:blue_bed":7,"minecraft:oak_leaves":11,"minecraft:white_wool":63,"minecraft:dark_oak_trapdoor":20,"minecraft:sand":19,"minecraft:deepslate_redstone_ore":1,"minecraft:cobbled_deepslate_stairs":13,"minecraft:redstone_torch":2,"minecraft:sticky_piston":6,"minecraft:lever":6,"minecraft:firework_rocket":974,"minecraft:deepslate_iron_ore":3,"minecraft:cyan_bed":1,"minecraft:cyan_carpet":23,"minecraft:oak_pressure_plate":1,"minecraft:deepslate":550,"minecraft:gravel":24,"minecraft:diamond_sword":351,"minecraft:stripped_oak_wood":3,"minecraft:dark_oak_fence":3,"minecraft:birch_log":65,"minecraft:andesite":1,"minecraft:oak_boat":51,"minecraft:coarse_dirt":157,"minecraft:bone_meal":148,"minecraft:oak_fence":16,"minecraft:enchanting_table":1,"minecraft:stone_sword":256,"minecraft:flint_and_steel":3,"minecraft:white_tulip":1,"minecraft:carved_pumpkin":2,"minecraft:redstone":30,"minecraft:spruce_planks":378,"minecraft:ender_chest":38,"minecraft:stone_hoe":65,"minecraft:netherrack":68,"minecraft:torch":890,"minecraft:brewing_stand":1,"minecraft:anvil":2,"minecraft:dirt":178,"minecraft:white_carpet":692,"minecraft:spruce_stairs":336,"minecraft:shulker_box":77,"minecraft:granite":7,"minecraft:spruce_fence":12,"minecraft:dark_oak_planks":55,"minecraft:bookshelf":15,"minecraft:red_tulip":4,"minecraft:light_gray_stained_glass":4,"minecraft:oak_stairs":14,"minecraft:iron_axe":263,"minecraft:smooth_sandstone":565,"minecraft:smooth_quartz":5,"minecraft:bamboo":40,"minecraft:basalt":30,"minecraft:glowstone":6,"minecraft:white_stained_glass_pane":111,"minecraft:podzol":4,"minecraft:minecart":1,"minecraft:cobbled_deepslate":572,"minecraft:cooked_beef":8,"minecraft:wheat_seeds":1,"minecraft:water_bucket":51,"minecraft:light_blue_shulker_box":12,"minecraft:pink_tulip":2,"minecraft:yellow_shulker_box":47,"minecraft:bundle":60,"minecraft:baked_potato":259,"minecraft:blue_wool":6,"minecraft:birch_boat":1,"minecraft:black_shulker_box":1,"minecraft:spruce_sign":4,"minecraft:cauldron":6,"minecraft:white_dye":2,"minecraft:rail":12,"minecraft:crafting_table":24,"minecraft:oak_slab":29,"minecraft:red_bed":1,"minecraft:white_bed":64,"minecraft:painting":15,"minecraft:spruce_log":25,"minecraft:oak_log":345,"minecraft:apple":2,"minecraft:flower_pot":2,"minecraft:cornflower":31,"minecraft:diamond_pickaxe":12421,"minecraft:oxeye_daisy":1,"minecraft:diamond_shovel":4685,"minecraft:iron_pickaxe":2222,"minecraft:spruce_trapdoor":62,"minecraft:spruce_sapling":44,"minecraft:yellow_wool":5,"minecraft:stone_axe":370,"minecraft:cobblestone":191,"minecraft:cobbled_deepslate_slab":41,"minecraft:cooked_porkchop":141,"minecraft:bucket":52,"minecraft:stripped_oak_log":5,"minecraft:dandelion":141},"minecraft:mined":{"minecraft:black_shulker_box":2,"minecraft:dark_oak_planks":4,"minecraft:spruce_planks":33,"minecraft:white_bed":64,"minecraft:oak_sapling":3,"minecraft:cobbled_deepslate_stairs":7,"minecraft:obsidian":85,"minecraft:carved_pumpkin":2,"minecraft:spruce_trapdoor":12,"minecraft:cave_vines_plant":2,"minecraft:granite":18,"minecraft:acacia_log":10,"minecraft:grass_block":959,"minecraft:oak_wall_sign":4,"minecraft:oxeye_daisy":8,"minecraft:magma_block":1,"minecraft:potted_birch_sapling":1,"minecraft:glowstone":31,"minecraft:dark_oak_trapdoor":6,"minecraft:cobbled_deepslate":115,"minecraft:iron_ore":273,"minecraft:sticky_piston":3,"minecraft:fire":273,"minecraft:pumpkin":6,"minecraft:deepslate_lapis_ore":26,"minecraft:azure_bluet":148,"minecraft:dark_oak_stairs":12,"minecraft:sculk_shrieker":1,"minecraft:red_tulip":44,"minecraft:cave_vines":5,"minecraft:oak_sign":6,"minecraft:dirt_path":12,"minecraft:oak_stairs":4,"minecraft:pink_tulip":5,"minecraft:white_shulker_box":13,"minecraft:spruce_slab":38,"minecraft:deepslate_redstone_ore":306,"minecraft:blackstone":2,"minecraft:powder_snow":8,"minecraft:clay":10,"minecraft:torch":76,"minecraft:poppy":93,"minecraft:chest":40,"minecraft:white_stained_glass_pane":4,"minecraft:spruce_wall_sign":2,"minecraft:glass":9,"minecraft:nether_quartz_ore":492,"minecraft:cobblestone":32,"minecraft:sugar_cane":264,"minecraft:wall_torch":54,"minecraft:cauldron":2,"minecraft:cyan_wool":2,"minecraft:powered_rail":3,"minecraft:dark_oak_slab":50,"minecraft:wheat":1,"minecraft:light_gray_stained_glass":4,"minecraft:birch_log":288,"minecraft:stripped_oak_wood":3,"minecraft:orange_tulip":18,"minecraft:warped_fungus":1,"minecraft:grass":365,"minecraft:oak_log":408,"minecraft:smooth_quartz":2,"minecraft:sand":2585,"minecraft:dirt":552,"minecraft:netherrack":126,"minecraft:ancient_debris":1,"minecraft:oak_leaves":64,"minecraft:deepslate":8526,"minecraft:nether_gold_ore":53,"minecraft:tuff":435,"minecraft:dark_oak_leaves":6,"minecraft:deepslate_diamond_ore":161,"minecraft:dark_oak_log":292,"minecraft:end_stone":3,"minecraft:shulker_box":78,"minecraft:lever":3,"minecraft:ladder":1,"minecraft:cobbled_deepslate_slab":7,"minecraft:allium":3,"minecraft:spruce_fence":6,"minecraft:redstone_wire":18,"minecraft:spruce_leaves":84,"minecraft:moss_block":8,"minecraft:sandstone":1819,"minecraft:furnace":16,"minecraft:carrots":1,"minecraft:andesite":18,"minecraft:peony":2,"minecraft:big_dripleaf_stem":5,"minecraft:potatoes":446,"minecraft:deepslate_iron_ore":69,"minecraft:rail":10,"minecraft:stripped_oak_log":7,"minecraft:packed_ice":3,"minecraft:bamboo_sapling":2,"minecraft:bamboo":41,"minecraft:stone":1044,"minecraft:white_tulip":1,"minecraft:bone_block":9,"minecraft:yellow_shulker_box":48,"minecraft:ender_chest":36,"minecraft:redstone_wall_torch":2,"minecraft:podzol":16,"minecraft:oak_slab":1,"minecraft:acacia_leaves":1,"minecraft:light_blue_shulker_box":12,"minecraft:flowering_azalea":3,"minecraft:basalt":28,"minecraft:dandelion":293,"minecraft:smooth_sandstone":136,"minecraft:crafting_table":18,"minecraft:cornflower":71,"minecraft:emerald_ore":7,"minecraft:rose_bush":3,"minecraft:sculk_sensor":1,"minecraft:campfire":1,"minecraft:tall_grass":46,"minecraft:copper_ore":37,"minecraft:quartz_bricks":2,"minecraft:deepslate_gold_ore":71,"minecraft:lapis_ore":4,"minecraft:diorite":26,"minecraft:blue_bed":7,"minecraft:big_dripleaf":4,"minecraft:spruce_stairs":29,"minecraft:white_carpet":80,"minecraft:spruce_log":941,"minecraft:birch_leaves":26,"minecraft:coal_ore":568,"minecraft:cyan_carpet":17,"minecraft:sunflower":8,"minecraft:gravel":805,"minecraft:dripstone_block":3,"minecraft:small_dripleaf":1,"minecraft:birch_fence":46},"minecraft:picked_up":{"minecraft:iron_chestplate":1,"minecraft:wheat":1,"minecraft:chainmail_boots":1,"minecraft:ender_chest":37,"minecraft:flower_pot":1,"minecraft:lead":1,"minecraft:diamond_sword":2,"minecraft:oak_stairs":4,"minecraft:raw_copper":164,"minecraft:string":2,"minecraft:dark_oak_trapdoor":9,"minecraft:sticky_piston":3,"minecraft:iron_leggings":1,"minecraft:sculk_shrieker":1,"minecraft:oak_sign":15,"minecraft:diamond_leggings":1,"minecraft:black_shulker_box":2,"minecraft:gold_nugget":220,"minecraft:cobbled_deepslate":6465,"minecraft:bucket":1,"minecraft:spruce_planks":32,"minecraft:white_tulip":1,"minecraft:rose_bush":6,"minecraft:redstone_torch":2,"minecraft:written_book":3,"minecraft:wooden_shovel":2,"minecraft:iron_pickaxe":2,"minecraft:smooth_quartz":2,"minecraft:deepslate_iron_ore":3,"minecraft:iron_boots":1,"minecraft:furnace":16,"minecraft:blue_wool":1077,"minecraft:golden_helmet":6,"minecraft:stick":342,"minecraft:big_dripleaf":22,"minecraft:torch":272,"minecraft:oak_fence":1,"minecraft:spruce_stairs":29,"minecraft:acacia_log":10,"minecraft:porkchop":26,"minecraft:diorite":25,"minecraft:golden_chestplate":2,"minecraft:cauldron":2,"minecraft:stone_sword":2,"minecraft:rotten_flesh":24,"minecraft:red_tulip":44,"minecraft:carved_pumpkin":22,"minecraft:glowstone":1,"minecraft:green_wool":1288,"minecraft:blaze_rod":6,"minecraft:obsidian":81,"minecraft:snowball":15,"minecraft:cobblestone":700,"minecraft:birch_log":288,"minecraft:magma_block":1,"minecraft:leather_chestplate":3,"minecraft:magma_cream":4,"minecraft:water_bucket":2,"minecraft:andesite":18,"minecraft:golden_leggings":3,"minecraft:potato":1748,"minecraft:flint":8,"minecraft:tuff":433,"minecraft:dirt":615,"minecraft:lapis_lazuli":381,"minecraft:leather_boots":3,"minecraft:glass":9,"minecraft:bone":570,"minecraft:wheat_seeds":131,"minecraft:bow":40,"minecraft:orange_tulip":17,"minecraft:cobbled_deepslate_slab":8,"minecraft:raw_gold":168,"minecraft:bamboo":163,"minecraft:glowstone_dust":83,"minecraft:diamond_helmet":1,"minecraft:powered_rail":9,"minecraft:moss_block":8,"minecraft:stone_hoe":1,"minecraft:ghast_tear":1,"minecraft:cooked_porkchop":15,"minecraft:sand":2585,"minecraft:poisonous_potato":5,"minecraft:stripped_crimson_stem":1,"minecraft:light_blue_shulker_box":12,"minecraft:ink_sac":2,"minecraft:grass_block":937,"minecraft:diamond_block":11,"minecraft:dark_oak_log":291,"minecraft:shulker_box":77,"minecraft:quartz_bricks":2,"minecraft:bundle":15,"minecraft:deepslate":2182,"minecraft:diamond":395,"minecraft:spruce_boat":10,"minecraft:lever":5,"minecraft:granite":18,"minecraft:bone_meal":22,"minecraft:spruce_sign":2,"minecraft:chainmail_helmet":1,"minecraft:emerald":9,"minecraft:oak_sapling":214,"minecraft:netherrack":164,"minecraft:oak_leaves":40,"minecraft:diamond_pickaxe":6,"minecraft:spruce_leaves":18,"minecraft:crafting_table":18,"minecraft:bee_nest":2,"minecraft:allium":3,"minecraft:azure_bluet":148,"minecraft:clay_ball":40,"minecraft:leather_leggings":2,"minecraft:packed_ice":3,"minecraft:cornflower":70,"minecraft:elytra":3,"minecraft:moss_carpet":2,"minecraft:item_frame":30,"minecraft:white_carpet":86,"minecraft:birch_fence":46,"minecraft:blackstone":2,"minecraft:cyan_carpet":17,"minecraft:deepslate_diamond_ore":1,"minecraft:beef":17,"minecraft:oak_boat":59,"minecraft:cyan_wool":2,"minecraft:player_head":6,"minecraft:iron_nugget":25,"minecraft:poppy":93,"minecraft:spruce_slab":44,"minecraft:chest":60,"minecraft:sugar_cane":519,"minecraft:birch_sapling":105,"minecraft:spruce_trapdoor":12,"minecraft:egg":2,"minecraft:dark_oak_sapling":7,"minecraft:raw_iron":499,"minecraft:sandstone":2080,"minecraft:end_stone":3,"minecraft:stone":436,"minecraft:spruce_fence":6,"minecraft:cookie":35,"minecraft:carrot":7,"minecraft:redstone":1768,"minecraft:iron_horse_armor":1,"minecraft:dark_oak_planks":4,"minecraft:arrow":462,"minecraft:stone_shovel":1,"minecraft:peony":2,"minecraft:diamond_boots":1,"minecraft:pink_tulip":5,"minecraft:white_shulker_box":13,"minecraft:bone_block":9,"minecraft:glow_berries":2,"minecraft:mutton":8,"minecraft:white_wool":19,"minecraft:rail":12,"minecraft:oxeye_daisy":8,"minecraft:stripped_oak_log":8,"minecraft:yellow_shulker_box":48,"minecraft:basalt":33,"minecraft:leather":19,"minecraft:birch_planks":1,"minecraft:filled_map":2222,"minecraft:oak_log":591,"minecraft:ancient_debris":1,"minecraft:golden_boots":6,"minecraft:cobbled_deepslate_stairs":7,"minecraft:gunpowder":5,"minecraft:blue_bed":8,"minecraft:paper":6,"minecraft:podzol":16,"minecraft:smooth_sandstone":136,"minecraft:apple":25,"minecraft:kelp":189,"minecraft:iron_ingot":136,"minecraft:stone_pickaxe":2,"minecraft:iron_ore":5,"minecraft:stripped_oak_wood":3,"minecraft:iron_sword":2,"minecraft:dark_oak_stairs":10,"minecraft:acacia_sapling":18,"minecraft:flowering_azalea":3,"minecraft:oak_slab":1,"minecraft:white_stained_glass_pane":3,"minecraft:warped_fungus":183,"minecraft:dark_oak_slab":51,"minecraft:birch_boat":3,"minecraft:pumpkin":12,"minecraft:red_wool":641,"minecraft:quartz":489,"minecraft:dandelion":292,"minecraft:dripstone_block":6,"minecraft:gravel":912,"minecraft:spruce_sapling":106,"minecraft:white_bed":67,"minecraft:spruce_log":941,"minecraft:spruce_door":1,"minecraft:spider_eye":7,"minecraft:leather_helmet":3,"minecraft:firework_rocket":1657,"minecraft:diamond_shovel":2,"minecraft:campfire":1,"minecraft:iron_helmet":3,"minecraft:diamond_axe":3,"minecraft:deepslate_redstone_ore":1,"minecraft:painting":12,"minecraft:gray_wool":5,"minecraft:baked_potato":157,"minecraft:coal":863,"minecraft:sunflower":16,"minecraft:ender_pearl":340,"minecraft:shulker_shell":14},"minecraft:killed":{"minecraft:spider":3,"minecraft:skeleton":938,"minecraft:magma_cube":39,"minecraft:pig":12,"minecraft:creeper":2,"minecraft:sheep":6,"minecraft:zombie":11,"minecraft:ghast":2,"minecraft:blaze":7,"minecraft:cow":9,"minecraft:drowned":1,"minecraft:squid":1,"minecraft:enderman":2945},"minecraft:broken":{"minecraft:stone_pickaxe":1,"minecraft:stone_axe":2,"minecraft:iron_sword":1,"minecraft:iron_axe":1,"minecraft:iron_pickaxe":7},"minecraft:crafted":{"minecraft:yellow_wool":5,"minecraft:oak_planks":208,"minecraft:oak_sign":15,"minecraft:blaze_powder":4,"minecraft:oak_pressure_plate":1,"minecraft:lever":2,"minecraft:diamond_shovel":2,"minecraft:cooked_mutton":8,"minecraft:shulker_box":32,"minecraft:quartz_block":32,"minecraft:glass":128,"minecraft:diamond_helmet":1,"minecraft:diamond_leggings":1,"minecraft:bow":72,"minecraft:iron_boots":4,"minecraft:chest":65,"minecraft:rail":32,"minecraft:stone_hoe":1,"minecraft:ender_eye":4,"minecraft:oak_fence":18,"minecraft:white_shulker_box":1,"minecraft:flower_pot":6,"minecraft:golden_boots":10,"minecraft:oak_slab":48,"minecraft:wooden_shovel":5,"minecraft:smooth_quartz":32,"minecraft:cauldron":4,"minecraft:cooked_porkchop":21,"minecraft:diamond_axe":1,"minecraft:crafting_table":8,"minecraft:spruce_planks":1920,"minecraft:wooden_pickaxe":1,"minecraft:baked_potato":590,"minecraft:iron_helmet":4,"minecraft:spruce_door":3,"minecraft:red_wool":3,"minecraft:sticky_piston":6,"minecraft:brewing_stand":1,"minecraft:birch_planks":416,"minecraft:white_stained_glass_pane":160,"minecraft:painting":3,"minecraft:spruce_trapdoor":60,"minecraft:iron_chestplate":4,"minecraft:dark_oak_slab":60,"minecraft:book":1,"minecraft:paper":3,"minecraft:diamond_pickaxe":10,"minecraft:golden_leggings":3,"minecraft:yellow_dye":8,"minecraft:stick":560,"minecraft:leather_chestplate":3,"minecraft:iron_ingot":304,"minecraft:iron_pickaxe":14,"minecraft:iron_block":6,"minecraft:stone_sword":3,"minecraft:gold_ingot":24,"minecraft:redstone_torch":1,"minecraft:cyan_carpet":6,"minecraft:shears":1,"minecraft:coarse_dirt":280,"minecraft:cobbled_deepslate_slab":6,"minecraft:stone_shovel":3,"minecraft:leather_leggings":4,"minecraft:leather_boots":2,"minecraft:golden_chestplate":4,"minecraft:furnace":4,"minecraft:piston":6,"minecraft:dark_oak_trapdoor":12,"minecraft:bone_meal":189,"minecraft:spruce_fence":12,"minecraft:white_carpet":666,"minecraft:diamond_block":8,"minecraft:flint_and_steel":1,"minecraft:diamond":18,"minecraft:dark_oak_fence":6,"minecraft:spruce_stairs":476,"minecraft:yellow_shulker_box":1,"minecraft:iron_axe":4,"minecraft:ladder":162,"minecraft:spruce_slab":288,"minecraft:stone_pickaxe":2,"minecraft:diamond_boots":1,"minecraft:cobbled_deepslate_stairs":8,"minecraft:redstone_block":128,"minecraft:dark_oak_planks":648,"minecraft:golden_helmet":10,"minecraft:minecart":1,"minecraft:cooked_beef":15,"minecraft:red_dye":3,"minecraft:diamond_sword":2,"minecraft:spruce_sign":6,"minecraft:dark_oak_stairs":340,"minecraft:cyan_bed":1,"minecraft:iron_sword":7,"minecraft:smooth_sandstone":640,"minecraft:red_bed":1,"minecraft:blue_bed":1,"minecraft:leather_helmet":3,"minecraft:bucket":3,"minecraft:stone_axe":3,"minecraft:glowstone":5,"minecraft:white_stained_glass":128,"minecraft:air":0,"minecraft:blue_dye":11,"minecraft:white_dye":17,"minecraft:chainmail_boots":1,"minecraft:oak_stairs":16,"minecraft:wooden_axe":1,"minecraft:blue_wool":9,"minecraft:iron_shovel":4,"minecraft:iron_leggings":4,"minecraft:anvil":2,"minecraft:white_bed":3,"minecraft:torch":840,"minecraft:diamond_chestplate":1,"minecraft:brick":40,"minecraft:ender_chest":3}},"DataVersion":3337}