{"stats":{"minecraft:custom":{"minecraft:open_barrel":27,"minecraft:time_since_rest":62589,"minecraft:open_chest":3,"minecraft:inspect_dropper":2,"minecraft:deaths":1,"minecraft:damage_taken":746,"minecraft:crouch_one_cm":22039,"minecraft:play_time":122530,"minecraft:sprint_one_cm":233464,"minecraft:open_shulker_box":3,"minecraft:sneak_time":6360,"minecraft:walk_one_cm":292813,"minecraft:walk_under_water_one_cm":382,"minecraft:drop":2,"minecraft:aviate_one_cm":3187160,"minecraft:jump":383,"minecraft:damage_dealt":262,"minecraft:leave_game":1,"minecraft:time_since_death":62366,"minecraft:walk_on_water_one_cm":1081,"minecraft:sleep_in_bed":1,"minecraft:climb_one_cm":2498,"minecraft:total_world_time":122530,"minecraft:damage_resisted":55,"minecraft:swim_one_cm":1448,"minecraft:talked_to_villager":1,"minecraft:fall_one_cm":5308,"minecraft:fly_one_cm":77038},"minecraft:used":{"minecraft:glow_berries":2,"minecraft:diamond_pickaxe":1,"minecraft:diamond_sword":4,"minecraft:wooden_sword":6,"minecraft:firework_rocket":59,"minecraft:golden_carrot":9,"minecraft:potion":1,"minecraft:elytra":1,"minecraft:golden_boots":1},"minecraft:dropped":{"minecraft:ender_pearl":2},"minecraft:mined":{"minecraft:red_shulker_box":1},"minecraft:killed_by":{"minecraft:player":1},"minecraft:picked_up":{"minecraft:red_shulker_box":1,"minecraft:pointed_dripstone":54,"minecraft:golden_boots":1}},"DataVersion":3105}