{"stats":{"minecraft:picked_up":{"minecraft:firework_rocket":96,"minecraft:golden_carrot":3,"minecraft:rotten_flesh":8,"minecraft:iron_ingot":1,"minecraft:carved_pumpkin":1,"minecraft:gunpowder":1,"minecraft:blue_bed":4,"minecraft:string":1,"minecraft:elytra":1},"minecraft:mined":{"minecraft:blue_bed":4},"minecraft:used":{"minecraft:firework_rocket":8,"minecraft:golden_carrot":1,"minecraft:elytra":1,"minecraft:blue_bed":3},"minecraft:custom":{"minecraft:time_since_rest":11649,"minecraft:crouch_one_cm":1032,"minecraft:play_time":64343,"minecraft:open_shulker_box":4,"minecraft:sprint_one_cm":27296,"minecraft:open_enderchest":1,"minecraft:damage_taken":80,"minecraft:walk_one_cm":48521,"minecraft:sneak_time":605,"minecraft:aviate_one_cm":230851,"minecraft:jump":109,"minecraft:leave_game":2,"minecraft:time_since_death":64343,"minecraft:sleep_in_bed":3,"minecraft:total_world_time":64343,"minecraft:fall_one_cm":1078,"minecraft:fly_one_cm":36372}},"DataVersion":3337}