{"stats":{"minecraft:broken":{"minecraft:shears":3,"minecraft:fishing_rod":1,"minecraft:stone_hoe":1,"minecraft:iron_pickaxe":17,"minecraft:iron_shovel":2,"minecraft:stone_pickaxe":2,"minecraft:stone_shovel":3,"minecraft:iron_axe":5,"minecraft:flint_and_steel":1},"minecraft:used":{"minecraft:moss_block":1212,"minecraft:jack_o_lantern":6,"minecraft:writable_book":88,"minecraft:smooth_quartz_slab":11,"minecraft:dispenser":218,"minecraft:poppy":63,"minecraft:stone":18980,"minecraft:warped_sign":2,"minecraft:soul_sand":148,"minecraft:cocoa_beans":1699,"minecraft:deepslate_brick_slab":5149,"minecraft:magenta_candle":16,"minecraft:azure_bluet":13,"minecraft:snowball":399,"minecraft:spruce_boat":3,"minecraft:polished_blackstone_slab":18,"minecraft:packed_ice":501,"minecraft:lava_bucket":311,"minecraft:red_wool":7,"minecraft:deepslate_copper_ore":42,"minecraft:quartz_block":2,"minecraft:netherite_hoe":3,"minecraft:netherite_boots":4,"minecraft:bow":1147,"minecraft:oak_sapling":261,"minecraft:cooked_cod":2,"minecraft:end_stone_brick_stairs":41,"minecraft:deepslate_brick_wall":5,"minecraft:leather_leggings":1,"minecraft:damaged_anvil":1,"minecraft:chorus_fruit":1,"minecraft:blackstone":23,"minecraft:cactus":49,"minecraft:leather_chestplate":1,"minecraft:wooden_pickaxe":16,"minecraft:composter":161,"minecraft:clay":9,"minecraft:golden_apple":1,"minecraft:glow_berries":58,"minecraft:blast_furnace":2,"minecraft:deepslate_brick_stairs":400,"minecraft:birch_fence":3,"minecraft:deepslate_iron_ore":130,"minecraft:oak_pressure_plate":11,"minecraft:flowering_azalea_leaves":73,"minecraft:nether_wart_block":29,"minecraft:diamond_sword":9505,"minecraft:smithing_table":3,"minecraft:birch_log":18,"minecraft:oak_boat":1,"minecraft:purple_wool":15,"minecraft:diorite_slab":130,"minecraft:oak_trapdoor":88,"minecraft:enchanting_table":4,"minecraft:carved_pumpkin":4,"minecraft:armor_stand":8,"minecraft:light_gray_carpet":66,"minecraft:tinted_glass":4142,"minecraft:orange_stained_glass":2559,"minecraft:torch":5638,"minecraft:brewing_stand":4,"minecraft:light_blue_dye":2,"minecraft:nether_quartz_ore":426,"minecraft:oak_fence_gate":4,"minecraft:orange_candle":12,"minecraft:fern":1,"minecraft:music_disc_mellohi":1,"minecraft:sea_lantern":3,"minecraft:iron_block":735,"minecraft:polished_deepslate_wall":21,"minecraft:jungle_log":8,"minecraft:barrel":153,"minecraft:bamboo":593,"minecraft:diamond_chestplate":20,"minecraft:basalt":37,"minecraft:warped_stairs":4,"minecraft:podzol":614,"minecraft:calcite":57,"minecraft:wheat_seeds":375,"minecraft:warped_stem":6,"minecraft:light_blue_shulker_box":21,"minecraft:birch_planks":24,"minecraft:bundle":37,"minecraft:spruce_chest_boat":1,"minecraft:cauldron":271,"minecraft:glow_ink_sac":4,"minecraft:spruce_fence_gate":844,"minecraft:leather_boots":1,"minecraft:gold_ore":107,"minecraft:deepslate_bricks":6224,"minecraft:conduit":2,"minecraft:polished_deepslate_slab":5070,"minecraft:diamond_block":20,"minecraft:rail":505,"minecraft:red_bed":636,"minecraft:crimson_trapdoor":19,"minecraft:white_bed":14,"minecraft:spruce_log":4342,"minecraft:amethyst_cluster":1330,"minecraft:light_blue_candle":16,"minecraft:diamond_pickaxe":429384,"minecraft:diamond_shovel":208357,"minecraft:suspicious_stew":1,"minecraft:spruce_pressure_plate":4,"minecraft:spruce_trapdoor":1149,"minecraft:spruce_sapling":1425,"minecraft:potion":72,"minecraft:azalea_leaves":1,"minecraft:purple_bed":18,"minecraft:cooked_porkchop":2602,"minecraft:stripped_oak_log":33,"minecraft:dandelion":19,"minecraft:diamond_leggings":21,"minecraft:moss_carpet":355,"minecraft:red_sand":7,"minecraft:polished_deepslate":6345,"minecraft:bone_block":69,"minecraft:nether_wart":84,"minecraft:stripped_jungle_wood":11,"minecraft:grass":36,"minecraft:stripped_crimson_stem":86,"minecraft:spruce_leaves":1614,"minecraft:beehive":223,"minecraft:obsidian":263,"minecraft:honey_bottle":160,"minecraft:lantern":45,"minecraft:spruce_wood":796,"minecraft:warped_nylium":7,"minecraft:raw_gold_block":1,"minecraft:item_frame":109,"minecraft:deepslate_diamond_ore":373,"minecraft:birch_trapdoor":46,"minecraft:written_book":77,"minecraft:blue_shulker_box":391,"minecraft:gold_block":132,"minecraft:dark_oak_sapling":53,"minecraft:dropper":44,"minecraft:wither_skeleton_skull":6,"minecraft:stone_pickaxe":366,"minecraft:gray_carpet":52,"minecraft:oak_planks":7,"minecraft:sandstone":3,"minecraft:diamond_axe":46728,"minecraft:sugar_cane":339,"minecraft:white_wool":768,"minecraft:netherite_leggings":3,"minecraft:light_blue_wool":155,"minecraft:crossbow":1,"minecraft:ochre_froglight":331,"minecraft:lingering_potion":2,"minecraft:end_stone":413,"minecraft:deepslate_lapis_ore":138,"minecraft:sticky_piston":237,"minecraft:lever":175,"minecraft:dark_oak_log":72,"minecraft:bread":14,"minecraft:iron_door":1,"minecraft:deepslate":3026,"minecraft:blue_candle":12,"minecraft:chain":21,"minecraft:smooth_stone_slab":44,"minecraft:coarse_dirt":879,"minecraft:bone_meal":5692,"minecraft:rose_bush":133,"minecraft:flint_and_steel":105,"minecraft:redstone":1614,"minecraft:ender_chest":693,"minecraft:deepslate_gold_ore":251,"minecraft:stone_hoe":163,"minecraft:dirt":13698,"minecraft:prismarine_bricks":68,"minecraft:bee_nest":87,"minecraft:spruce_fence":1031,"minecraft:wooden_axe":52,"minecraft:oak_stairs":23,"minecraft:crimson_slab":5,"minecraft:iron_boots":2,"minecraft:black_stained_glass":327,"minecraft:deepslate_tile_stairs":387,"minecraft:minecart":39,"minecraft:netherite_pickaxe":98402,"minecraft:cooked_beef":10,"minecraft:powder_snow_bucket":11,"minecraft:pumpkin":6,"minecraft:iron_leggings":1,"minecraft:cobblestone_stairs":67,"minecraft:snow_block":726,"minecraft:birch_boat":13,"minecraft:brown_mushroom":1,"minecraft:spruce_sign":137,"minecraft:bamboo_block":1,"minecraft:piston":237,"minecraft:flower_pot":44,"minecraft:black_wool":564,"minecraft:gray_candle":8,"minecraft:lapis_ore":60,"minecraft:detector_rail":1,"minecraft:stone_slab":4073,"minecraft:yellow_wool":9,"minecraft:stone_axe":169,"minecraft:cobbled_deepslate_slab":20,"minecraft:wither_rose":34,"minecraft:sea_pickle":78,"minecraft:gray_wool":1,"minecraft:peony":129,"minecraft:spruce_slab":919,"minecraft:polished_blackstone":1,"minecraft:elytra":4,"minecraft:ladder":102,"minecraft:chest":1367,"minecraft:brown_concrete":7,"minecraft:white_shulker_box":311,"minecraft:pink_candle":8,"minecraft:orange_wool":18,"minecraft:yellow_candle":12,"minecraft:stripped_spruce_log":379,"minecraft:honey_block":996,"minecraft:black_stained_glass_pane":704,"minecraft:grass_block":3630,"minecraft:birch_sapling":1110,"minecraft:polished_andesite_stairs":10,"minecraft:orange_shulker_box":4,"minecraft:copper_ore":405,"minecraft:wet_sponge":88,"minecraft:dark_oak_button":1,"minecraft:pink_wool":1,"minecraft:stone_brick_stairs":172,"minecraft:snow":14,"minecraft:dark_oak_boat":2,"minecraft:sweet_berries":1441,"minecraft:furnace":62,"minecraft:egg":6,"minecraft:potato":30,"minecraft:brown_concrete_powder":7,"minecraft:emerald_ore":9,"minecraft:diorite":51,"minecraft:end_stone_bricks":34,"minecraft:spruce_door":17,"minecraft:powered_rail":1295,"minecraft:purpur_pillar":8,"minecraft:smooth_quartz_stairs":41,"minecraft:oak_leaves":303,"minecraft:sand":862,"minecraft:blue_ice":1,"minecraft:netherite_helmet":2,"minecraft:black_concrete_powder":563,"minecraft:deepslate_tiles":6247,"minecraft:verdant_froglight":1,"minecraft:stone_button":34,"minecraft:spore_blossom":1,"minecraft:lilac":117,"minecraft:polished_andesite_slab":216,"minecraft:soul_lantern":1,"minecraft:green_candle":16,"minecraft:wooden_sword":46,"minecraft:ice":245,"minecraft:iron_bars":24,"minecraft:stone_sword":6,"minecraft:netherrack":1764,"minecraft:target":46,"minecraft:ancient_debris":1,"minecraft:warped_wart_block":4,"minecraft:anvil":18,"minecraft:stone_stairs":50,"minecraft:shroomlight":82,"minecraft:red_shulker_box":535,"minecraft:flowering_azalea":4,"minecraft:cyan_shulker_box":254,"minecraft:iron_axe":1215,"minecraft:slime_block":63,"minecraft:spruce_button":18,"minecraft:smooth_quartz":151,"minecraft:totem_of_undying":5,"minecraft:smooth_basalt":16,"minecraft:glowstone":157,"minecraft:iron_trapdoor":59,"minecraft:orange_terracotta":1060,"minecraft:cobbled_deepslate":1040,"minecraft:observer":307,"minecraft:pointed_dripstone":231,"minecraft:crimson_stem":7021,"minecraft:water_bucket":1923,"minecraft:yellow_shulker_box":13,"minecraft:lime_wool":1,"minecraft:bubble_coral_fan":1,"minecraft:smooth_sandstone_slab":49,"minecraft:cracked_stone_bricks":27,"minecraft:salmon":2,"minecraft:mossy_cobblestone":23,"minecraft:comparator":287,"minecraft:oak_slab":93,"minecraft:tnt":1801,"minecraft:crafting_table":445,"minecraft:birch_sign":32,"minecraft:cod":19,"minecraft:lime_shulker_box":6,"minecraft:deepslate_tile_wall":7,"minecraft:small_amethyst_bud":5,"minecraft:oak_log":959,"minecraft:mud":41,"minecraft:cornflower":18,"minecraft:sunflower":7,"minecraft:iron_pickaxe":4275,"minecraft:crimson_nylium":6,"minecraft:chiseled_stone_bricks":47,"minecraft:cobblestone":368,"minecraft:glass_pane":187,"minecraft:black_candle":8,"minecraft:kelp":334,"minecraft:candle":8,"minecraft:purple_candle":52,"minecraft:iron_shovel":616,"minecraft:diamond_hoe":149,"minecraft:shield":344,"minecraft:white_terracotta":7,"minecraft:iron_sword":215,"minecraft:player_head":24,"minecraft:iron_chestplate":2,"minecraft:white_candle":8,"minecraft:nether_bricks":110,"minecraft:carrot":484,"minecraft:deepslate_tile_slab":4961,"minecraft:tuff":621,"minecraft:axolotl_bucket":1,"minecraft:milk_bucket":1,"minecraft:polished_deepslate_stairs":365,"minecraft:glass":2029,"minecraft:coal_ore":989,"minecraft:iron_helmet":1,"minecraft:hopper_minecart":18,"minecraft:stone_bricks":8941,"minecraft:repeater":220,"minecraft:redstone_lamp":200,"minecraft:honeycomb_block":2531,"minecraft:scaffolding":6372,"minecraft:polished_blackstone_stairs":5,"minecraft:stripped_spruce_wood":90,"minecraft:birch_leaves":25,"minecraft:ender_pearl":63,"minecraft:redstone_block":247,"minecraft:yellow_terracotta":338,"minecraft:deepslate_redstone_ore":1012,"minecraft:sponge":68,"minecraft:note_block":1,"minecraft:dripstone_block":247,"minecraft:stone_brick_wall":416,"minecraft:shears":2616,"minecraft:redstone_torch":156,"minecraft:black_concrete":561,"minecraft:firework_rocket":12627,"minecraft:light_gray_concrete":1,"minecraft:string":75,"minecraft:light_gray_candle":8,"minecraft:gravel":88,"minecraft:grindstone":2,"minecraft:deepslate_coal_ore":20,"minecraft:andesite":38,"minecraft:chest_minecart":2,"minecraft:warped_button":2,"minecraft:air":41,"minecraft:white_concrete":1,"minecraft:golden_pickaxe":2,"minecraft:experience_bottle":1,"minecraft:oak_fence":274,"minecraft:purpur_block":1,"minecraft:trident":16,"minecraft:redstone_ore":32,"minecraft:stone_shovel":511,"minecraft:spruce_planks":13367,"minecraft:cut_copper_stairs":2445,"minecraft:oak_door":22,"minecraft:end_stone_brick_wall":85,"minecraft:spyglass":74,"minecraft:hopper":1927,"minecraft:spruce_stairs":2702,"minecraft:shulker_box":3610,"minecraft:granite":20,"minecraft:stone_brick_slab":534,"minecraft:bamboo_raft":32,"minecraft:bookshelf":50,"minecraft:red_tulip":18,"minecraft:red_candle":21,"minecraft:crimson_planks":7,"minecraft:golden_carrot":5,"minecraft:emerald_block":2155,"minecraft:brown_candle":8,"minecraft:amethyst_block":1394,"minecraft:iron_ore":1372,"minecraft:glass_bottle":55,"minecraft:cyan_candle":12,"minecraft:polished_andesite":3903,"minecraft:blue_wool":18,"minecraft:black_shulker_box":205,"minecraft:magenta_stained_glass":3,"minecraft:white_dye":3,"minecraft:beacon":17,"minecraft:stonecutter":37,"minecraft:chiseled_nether_bricks":1,"minecraft:cobblestone_slab":126,"minecraft:glow_item_frame":23,"minecraft:terracotta":1,"minecraft:painting":36,"minecraft:smoker":2,"minecraft:book":6,"minecraft:nether_gold_ore":2,"minecraft:apple":1,"minecraft:activator_rail":3,"minecraft:map":1,"minecraft:netherite_axe":1,"minecraft:green_shulker_box":1,"minecraft:fishing_rod":15,"minecraft:bucket":3423,"minecraft:splash_potion":1,"minecraft:lime_candle":24},"minecraft:killed_by":{"minecraft:ravager":69,"minecraft:warden":16,"minecraft:drowned":5,"minecraft:skeleton":2,"minecraft:vex":16,"minecraft:stray":1,"minecraft:evoker":1,"minecraft:wither_skeleton":1,"minecraft:creeper":1,"minecraft:cave_spider":1,"minecraft:player":24},"minecraft:dropped":{"minecraft:iron_sword":6,"minecraft:lapis_lazuli":14,"minecraft:glow_ink_sac":11,"minecraft:glass_bottle":581,"minecraft:diamond":225,"minecraft:crafting_table":56,"minecraft:cooked_porkchop":373,"minecraft:weeping_vines":9,"minecraft:glow_berries":30,"minecraft:warped_roots":27,"minecraft:red_mushroom":8,"minecraft:emerald":8,"minecraft:red_bed":1,"minecraft:birch_fence":1,"minecraft:conduit":1,"minecraft:black_stained_glass_pane":5,"minecraft:gold_nugget":24,"minecraft:sand":204,"minecraft:dark_oak_planks":7,"minecraft:fishing_rod":1,"minecraft:small_amethyst_bud":136,"minecraft:compass":98,"minecraft:stone_axe":3,"minecraft:goat_horn":2,"minecraft:ancient_debris":2,"minecraft:diamond_block":12,"minecraft:iron_nugget":638,"minecraft:cooked_chicken":7,"minecraft:cobbled_deepslate":306,"minecraft:wheat":1,"minecraft:rotten_flesh":55962,"minecraft:oak_planks":4,"minecraft:glowstone_dust":588,"minecraft:warped_sign":1,"minecraft:azure_bluet":8,"minecraft:rabbit_foot":1,"minecraft:coal_ore":464,"minecraft:leather_boots":3,"minecraft:leather_leggings":2,"minecraft:glass":14,"minecraft:podzol":22,"minecraft:warped_wart_block":19,"minecraft:golden_boots":2,"minecraft:orange_shulker_box":3,"minecraft:wheat_seeds":2884,"minecraft:dripstone_block":45,"minecraft:light_gray_stained_glass_pane":5,"minecraft:prismarine_crystals":1,"minecraft:bamboo_block":3,"minecraft:lava_bucket":1,"minecraft:diamond_horse_armor":2,"minecraft:cooked_salmon":8,"minecraft:potion":3,"minecraft:pumpkin":1,"minecraft:jungle_boat":1,"minecraft:chainmail_leggings":1,"minecraft:stone_brick_slab":3,"minecraft:snow_block":257,"minecraft:player_head":25,"minecraft:stone_shovel":4,"minecraft:iron_boots":11,"minecraft:name_tag":2,"minecraft:white_terracotta":3,"minecraft:shears":291,"minecraft:diamond_sword":7,"minecraft:spruce_boat":9,"minecraft:spruce_trapdoor":14,"minecraft:peony":36,"minecraft:bundle":1,"minecraft:spruce_planks":181,"minecraft:diamond_pickaxe":29,"minecraft:redstone_torch":2,"minecraft:stone_bricks":43,"minecraft:barrel":1,"minecraft:bamboo":64,"minecraft:sandstone":77,"minecraft:red_sand":4,"minecraft:bow":170,"minecraft:terracotta":2,"minecraft:acacia_boat":2,"minecraft:moss_block":38,"minecraft:warped_fungus":6,"minecraft:oak_log":64,"minecraft:large_amethyst_bud":106,"minecraft:ender_pearl":13863,"minecraft:dark_oak_sapling":11,"minecraft:leather":2,"minecraft:iron_horse_armor":1,"minecraft:cod":5,"minecraft:cobblestone_stairs":2,"minecraft:mutton":1,"minecraft:snowball":21,"minecraft:wet_sponge":5,"minecraft:magenta_stained_glass":2,"minecraft:purpur_block":15,"minecraft:pointed_dripstone":3,"minecraft:cyan_shulker_box":3,"minecraft:leather_chestplate":3,"minecraft:ochre_froglight":14,"minecraft:beetroot_seeds":36,"minecraft:stone_brick_wall":1,"minecraft:iron_ore":152,"minecraft:scaffolding":78,"minecraft:polished_granite":1,"minecraft:splash_potion":1,"minecraft:stone_hoe":1,"minecraft:bread":18,"minecraft:netherite_axe":1,"minecraft:tropical_fish":14,"minecraft:spruce_stairs":3,"minecraft:spruce_fence_gate":10,"minecraft:iron_block":327,"minecraft:milk_bucket":11,"minecraft:nether_wart_block":338,"minecraft:melon_slice":2,"minecraft:yellow_shulker_box":1,"minecraft:crimson_sign":1,"minecraft:polished_andesite_stairs":1,"minecraft:cactus":3,"minecraft:redstone_block":1,"minecraft:kelp":1,"minecraft:sweet_berries":22,"minecraft:shulker_box":527,"minecraft:flint_and_steel":3,"minecraft:deepslate_bricks":1,"minecraft:copper_ore":1,"minecraft:bamboo_raft":2,"minecraft:netherite_block":1,"minecraft:andesite":144,"minecraft:golden_leggings":1,"minecraft:oak_sapling":5,"minecraft:spruce_log":769,"minecraft:wooden_pickaxe":1,"minecraft:medium_amethyst_bud":137,"minecraft:amethyst_cluster":463,"minecraft:crimson_stem":1008,"minecraft:clay":1,"minecraft:oak_pressure_plate":2,"minecraft:cooked_beef":3,"minecraft:emerald_ore":5,"minecraft:crossbow":4,"minecraft:cookie":11,"minecraft:purpur_stairs":5,"minecraft:elytra":6,"minecraft:leather_helmet":2,"minecraft:dirt":652,"minecraft:grass":4,"minecraft:stone_button":130,"minecraft:wooden_sword":4,"minecraft:bone_meal":1119,"minecraft:phantom_membrane":4,"minecraft:sugar":407,"minecraft:iron_pickaxe":14,"minecraft:bone":4787,"minecraft:sugar_cane":434,"minecraft:golden_chestplate":2,"minecraft:birch_sapling":320,"minecraft:netherite_shovel":1,"minecraft:end_stone":2,"minecraft:orange_stained_glass":6,"minecraft:deepslate_tiles":1,"minecraft:honey_block":64,"minecraft:white_dye":160,"minecraft:end_stone_bricks":15,"minecraft:ghast_tear":1,"minecraft:egg":34,"minecraft:iron_ingot":1538,"minecraft:netherite_pickaxe":4,"minecraft:tnt":184,"minecraft:polished_blackstone":1,"minecraft:deepslate_diamond_ore":247,"minecraft:feather":738,"minecraft:cobblestone":411,"minecraft:purpur_slab":9,"minecraft:iron_helmet":7,"minecraft:granite":105,"minecraft:spruce_door":1,"minecraft:purple_dye":128,"minecraft:polished_blackstone_button":1,"minecraft:chainmail_helmet":2,"minecraft:coal":9,"minecraft:polished_andesite":2,"minecraft:pufferfish":7,"minecraft:oxeye_daisy":43,"minecraft:golden_carrot":16,"minecraft:rabbit":9,"minecraft:diamond_helmet":2,"minecraft:string":850,"minecraft:iron_shovel":8,"minecraft:spruce_sapling":812,"minecraft:purpur_pillar":9,"minecraft:moss_carpet":30,"minecraft:netherite_ingot":2,"minecraft:stone_sword":11,"minecraft:deepslate":2457,"minecraft:bowl":4,"minecraft:chicken":1108,"minecraft:polished_deepslate_slab":3,"minecraft:slime_block":128,"minecraft:stone_slab":218,"minecraft:nether_bricks":1,"minecraft:pumpkin_seeds":36,"minecraft:light_blue_dye":2,"minecraft:potato":1,"minecraft:shroomlight":1,"minecraft:stone":6856,"minecraft:allium":42,"minecraft:crimson_slab":1,"minecraft:carved_pumpkin":56,"minecraft:spider_eye":995,"minecraft:gold_ore":1,"minecraft:spruce_sign":33,"minecraft:brown_mushroom":24,"minecraft:diamond_axe":3,"minecraft:netherite_upgrade_smithing_template":3,"minecraft:flint":20,"minecraft:spruce_leaves":4,"minecraft:dispenser":56,"minecraft:cornflower":94,"minecraft:crimson_roots":912,"minecraft:pumpkin_pie":1,"minecraft:polished_blackstone_bricks":1,"minecraft:honeycomb_block":64,"minecraft:gravel":351,"minecraft:crimson_fungus":76,"minecraft:diamond_shovel":1,"minecraft:honey_bottle":46,"minecraft:carrot":971,"minecraft:shulker_shell":32,"minecraft:poppy":1007,"minecraft:rabbit_hide":15,"minecraft:gunpowder":1031,"minecraft:melon_seeds":25,"minecraft:chainmail_boots":1,"minecraft:bee_nest":4,"minecraft:chest":3,"minecraft:arrow":12764,"minecraft:basalt":57,"minecraft:powered_rail":56,"minecraft:firework_rocket":1464,"minecraft:water_bucket":2,"minecraft:netherrack":2025,"minecraft:written_book":2,"minecraft:oak_slab":3,"minecraft:deepslate_iron_ore":1,"minecraft:mossy_cobblestone":79,"minecraft:minecart":11,"minecraft:bookshelf":1,"minecraft:diamond_leggings":4,"minecraft:prismarine_shard":13,"minecraft:sculk_vein":2,"minecraft:observer":11,"minecraft:spectral_arrow":7,"minecraft:grass_block":146,"minecraft:stick":688,"minecraft:blue_dye":2,"minecraft:diorite":70,"minecraft:torch":159,"minecraft:iron_leggings":11,"minecraft:flowering_azalea":1,"minecraft:bucket":2,"minecraft:dandelion":1,"minecraft:smooth_basalt":64,"minecraft:redstone":599,"minecraft:ender_chest":12,"minecraft:raw_iron":1,"minecraft:tuff":74,"minecraft:glass_pane":2,"minecraft:filled_map":1010,"minecraft:snow":36,"minecraft:shield":2,"minecraft:black_concrete_powder":416,"minecraft:orange_terracotta":35,"minecraft:iron_chestplate":6,"minecraft:mossy_stone_bricks":1,"minecraft:golden_sword":8,"minecraft:diamond_boots":4,"minecraft:beacon":3,"minecraft:stone_pickaxe":2,"minecraft:raw_gold":7},"minecraft:killed":{"minecraft:cod":19,"minecraft:guardian":2,"minecraft:tropical_fish":37,"minecraft:elder_guardian":3,"minecraft:salmon":4,"minecraft:ender_dragon":1,"minecraft:pillager":12,"minecraft:zombie":271,"minecraft:snow_golem":1,"minecraft:husk":1,"minecraft:rabbit":13,"minecraft:zombified_piglin":33,"minecraft:witch":4,"minecraft:spider":50,"minecraft:bee":3,"minecraft:silverfish":5,"minecraft:piglin":18,"minecraft:zombie_villager":5,"minecraft:sheep":1,"minecraft:trader_llama":30,"minecraft:ghast":19,"minecraft:slime":38,"minecraft:drowned":327,"minecraft:hoglin":1,"minecraft:squid":559,"minecraft:wither_skeleton":148,"minecraft:player":21,"minecraft:cave_spider":477,"minecraft:dolphin":4,"minecraft:shulker":176,"minecraft:pufferfish":1,"minecraft:skeleton":2694,"minecraft:chicken":65,"minecraft:magma_cube":112,"minecraft:glow_squid":148,"minecraft:cow":65,"minecraft:horse":6,"minecraft:wandering_trader":13,"minecraft:enderman":34880,"minecraft:creeper":99,"minecraft:blaze":55,"minecraft:phantom":24,"minecraft:bat":8},"minecraft:mined":{"minecraft:dragon_wall_head":7,"minecraft:red_shulker_box":535,"minecraft:cyan_shulker_box":132,"minecraft:potted_dead_bush":1,"minecraft:granite":4730,"minecraft:oak_pressure_plate":1,"minecraft:nether_wart":74,"minecraft:red_stained_glass_pane":19,"minecraft:polished_blackstone_bricks":101,"minecraft:magma_block":39,"minecraft:barrel":21,"minecraft:cobbled_deepslate":380,"minecraft:fire":571,"minecraft:deepslate_lapis_ore":323,"minecraft:light_gray_concrete":24,"minecraft:white_shulker_box":310,"minecraft:spruce_wood":167,"minecraft:player_head":12,"minecraft:tripwire":56,"minecraft:kelp_plant":21,"minecraft:crimson_nylium":13,"minecraft:deepslate_tile_slab":142,"minecraft:powder_snow":14,"minecraft:torch":733,"minecraft:melon":3,"minecraft:white_stained_glass_pane":21,"minecraft:dead_bush":203,"minecraft:spruce_wall_sign":20,"minecraft:smooth_quartz_slab":1,"minecraft:white_candle":1,"minecraft:lime_shulker_box":6,"minecraft:sugar_cane":1251,"minecraft:bricks":1,"minecraft:amethyst_block":1489,"minecraft:birch_sapling":17,"minecraft:white_terracotta":6,"minecraft:chain":1,"minecraft:repeater":29,"minecraft:verdant_froglight":1,"minecraft:mud":41,"minecraft:tinted_glass":18,"minecraft:grass":2209,"minecraft:dark_oak_sapling":1,"minecraft:smooth_quartz":112,"minecraft:smooth_basalt":2119,"minecraft:brown_candle":1,"minecraft:stripped_crimson_stem":152,"minecraft:deepslate":48846,"minecraft:deepslate_tiles":324,"minecraft:dark_prismarine":18,"minecraft:brown_concrete":14,"minecraft:light_blue_wool":3,"minecraft:mossy_cobblestone":1302,"minecraft:dark_oak_log":1142,"minecraft:purple_candle":3,"minecraft:sea_lantern":3,"minecraft:end_stone":1050,"minecraft:spruce_fence":52,"minecraft:stripped_jungle_wood":5,"minecraft:redstone_wire":128,"minecraft:redstone_ore":80,"minecraft:acacia_trapdoor":22,"minecraft:andesite":4620,"minecraft:big_dripleaf_stem":1,"minecraft:vine":46,"minecraft:cobblestone_slab":10,"minecraft:rail":317,"minecraft:bone_block":69,"minecraft:ender_chest":684,"minecraft:oak_slab":57,"minecraft:redstone_block":42,"minecraft:glass_pane":5,"minecraft:chiseled_nether_bricks":1,"minecraft:soul_sand":321,"minecraft:dandelion":25,"minecraft:cornflower":44,"minecraft:warped_roots":1,"minecraft:lightning_rod":4,"minecraft:tall_grass":487,"minecraft:purpur_pillar":19,"minecraft:copper_ore":1375,"minecraft:deepslate_gold_ore":599,"minecraft:diorite":3375,"minecraft:warped_wart_block":8,"minecraft:black_stained_glass":39,"minecraft:coarse_dirt":1882,"minecraft:stripped_spruce_wood":88,"minecraft:dark_oak_button":1,"minecraft:sunflower":6,"minecraft:gravel":10111,"minecraft:cobweb":3,"minecraft:brown_terracotta":3,"minecraft:birch_sign":2,"minecraft:polished_blackstone":1,"minecraft:stone_bricks":1190,"minecraft:gold_ore":223,"minecraft:fern":507,"minecraft:oak_sapling":4,"minecraft:orange_stained_glass":146,"minecraft:end_stone_brick_wall":3,"minecraft:orange_wool":5,"minecraft:brewing_stand":2,"minecraft:spruce_trapdoor":164,"minecraft:budding_amethyst":4,"minecraft:composter":18,"minecraft:turtle_egg":1,"minecraft:pink_candle":1,"minecraft:red_tulip":13,"minecraft:pointed_dripstone":116,"minecraft:flowering_azalea_leaves":91,"minecraft:iron_bars":40,"minecraft:azalea":31,"minecraft:spruce_slab":64,"minecraft:deepslate_redstone_ore":2234,"minecraft:quartz_block":2,"minecraft:medium_amethyst_bud":575,"minecraft:orange_terracotta":1671,"minecraft:purpur_stairs":5,"minecraft:lime_candle":5,"minecraft:beacon":17,"minecraft:nether_quartz_ore":1001,"minecraft:oak_planks":20,"minecraft:wall_torch":290,"minecraft:stone_stairs":8,"minecraft:warped_nylium":9,"minecraft:powered_rail":255,"minecraft:blue_ice":7,"minecraft:tnt":76,"minecraft:smooth_stone_slab":6,"minecraft:oak_log":615,"minecraft:dirt":45532,"minecraft:dispenser":68,"minecraft:ancient_debris":53,"minecraft:cyan_candle":2,"minecraft:dark_oak_leaves":137,"minecraft:ladder":2,"minecraft:lever":17,"minecraft:glow_lichen":3,"minecraft:stone_button":8,"minecraft:yellow_candle":2,"minecraft:spruce_leaves":3350,"minecraft:crimson_stem":76,"minecraft:hay_block":29,"minecraft:orange_stained_glass_pane":23,"minecraft:peony":34,"minecraft:gold_block":137,"minecraft:bookshelf":10,"minecraft:shroomlight":48,"minecraft:deepslate_iron_ore":562,"minecraft:stripped_oak_log":44,"minecraft:wet_sponge":67,"minecraft:scaffolding":2736,"minecraft:magenta_stained_glass":7,"minecraft:snow_block":1302,"minecraft:basalt":1202,"minecraft:polished_granite":1,"minecraft:oak_fence":7,"minecraft:honey_block":87,"minecraft:stone_slab":3668,"minecraft:deepslate_coal_ore":40,"minecraft:quartz_bricks":2,"minecraft:prismarine_bricks":55,"minecraft:birch_planks":27,"minecraft:end_stone_brick_stairs":1,"minecraft:sea_pickle":37,"minecraft:polished_blackstone_slab":27,"minecraft:ice":892,"minecraft:bee_nest":143,"minecraft:black_wool":19,"minecraft:cocoa":422,"minecraft:ochre_froglight":3,"minecraft:flower_pot":7,"minecraft:yellow_concrete":2,"minecraft:cracked_stone_bricks":1,"minecraft:small_dripleaf":2,"minecraft:mossy_stone_bricks":1,"minecraft:dark_oak_planks":7,"minecraft:stripped_warped_stem":10,"minecraft:jungle_leaves":30,"minecraft:carved_pumpkin":6,"minecraft:obsidian":608,"minecraft:red_sand":19,"minecraft:crimson_trapdoor":19,"minecraft:stone_brick_wall":13,"minecraft:jungle_log":9,"minecraft:orange_candle":2,"minecraft:deepslate_bricks":352,"minecraft:purpur_slab":3,"minecraft:deepslate_tile_stairs":15,"minecraft:hopper":325,"minecraft:oxeye_daisy":3,"minecraft:chiseled_stone_bricks":4,"minecraft:tall_seagrass":10,"minecraft:sticky_piston":43,"minecraft:moss_carpet":120,"minecraft:pumpkin":22,"minecraft:enchanting_table":1,"minecraft:sculk_shrieker":1,"minecraft:cave_vines":9,"minecraft:polished_deepslate_slab":126,"minecraft:dirt_path":28,"minecraft:oak_stairs":4,"minecraft:small_amethyst_bud":1551,"minecraft:deepslate_brick_stairs":14,"minecraft:iron_block":388,"minecraft:piston_head":1,"minecraft:conduit":1,"minecraft:brown_mushroom":69,"minecraft:red_bed":627,"minecraft:player_wall_head":4,"minecraft:soul_fire":8,"minecraft:amethyst_cluster":4315,"minecraft:polished_andesite_stairs":23,"minecraft:glass":839,"minecraft:potted_oak_sapling":14,"minecraft:damaged_anvil":1,"minecraft:spruce_sign":6,"minecraft:black_concrete_powder":1,"minecraft:wheat":358,"minecraft:lilac":31,"minecraft:stone_brick_stairs":21,"minecraft:oak_fence_gate":1,"minecraft:blue_shulker_box":391,"minecraft:stonecutter":35,"minecraft:piston":38,"minecraft:yellow_terracotta":478,"minecraft:stripped_birch_log":3,"minecraft:jack_o_lantern":4,"minecraft:shulker_box":3528,"minecraft:nether_bricks":108,"minecraft:cobbled_deepslate_slab":3,"minecraft:orange_shulker_box":4,"minecraft:lime_wool":1,"minecraft:moss_block":717,"minecraft:kelp":24,"minecraft:black_stained_glass_pane":14,"minecraft:snow":3442,"minecraft:diamond_block":32,"minecraft:potatoes":25,"minecraft:green_candle":3,"minecraft:smooth_quartz_stairs":61,"minecraft:bamboo_sapling":52,"minecraft:bamboo":829,"minecraft:white_wool":12,"minecraft:smithing_table":2,"minecraft:light_gray_carpet":4,"minecraft:comparator":27,"minecraft:stone_brick_slab":111,"minecraft:observer":85,"minecraft:spruce_button":11,"minecraft:emerald_ore":36,"minecraft:sponge":89,"minecraft:dropper":34,"minecraft:big_dripleaf":1,"minecraft:purple_bed":10,"minecraft:spruce_log":22356,"minecraft:birch_leaves":525,"minecraft:magenta_candle":3,"minecraft:light_blue_candle":3,"minecraft:dripstone_block":460,"minecraft:spruce_fence_gate":549,"minecraft:infested_stone":7,"minecraft:black_shulker_box":206,"minecraft:large_amethyst_bud":360,"minecraft:spruce_planks":764,"minecraft:cobblestone_stairs":6,"minecraft:cave_vines_plant":1,"minecraft:grass_block":24325,"minecraft:soul_soil":275,"minecraft:raw_iron_block":9,"minecraft:glowstone":421,"minecraft:iron_ore":3913,"minecraft:target":6,"minecraft:anvil":8,"minecraft:azure_bluet":38,"minecraft:warped_button":2,"minecraft:black_candle":1,"minecraft:birch_wall_sign":3,"minecraft:azalea_leaves":270,"minecraft:end_stone_bricks":33,"minecraft:blackstone":305,"minecraft:polished_deepslate_stairs":16,"minecraft:soul_lantern":1,"minecraft:clay":1077,"minecraft:calcite":1765,"minecraft:poppy":75,"minecraft:chest":362,"minecraft:cobblestone":590,"minecraft:honeycomb_block":827,"minecraft:slime_block":13,"minecraft:prismarine":32,"minecraft:grindstone":1,"minecraft:deepslate_copper_ore":94,"minecraft:seagrass":4,"minecraft:light_gray_candle":1,"minecraft:red_candle":6,"minecraft:nether_wart_block":10,"minecraft:birch_log":6434,"minecraft:birch_trapdoor":33,"minecraft:activator_rail":1,"minecraft:purpur_block":20,"minecraft:sand":106893,"minecraft:crimson_planks":3,"minecraft:netherrack":6884,"minecraft:polished_deepslate_wall":3,"minecraft:oak_leaves":821,"minecraft:emerald_block":2157,"minecraft:redstone_lamp":17,"minecraft:gray_candle":1,"minecraft:nether_gold_ore":20,"minecraft:diamond_ore":1,"minecraft:tuff":5357,"minecraft:red_carpet":2,"minecraft:deepslate_diamond_ore":675,"minecraft:candle":1,"minecraft:oak_door":10,"minecraft:polished_andesite_slab":18,"minecraft:sandstone":13258,"minecraft:rooted_dirt":128,"minecraft:large_fern":135,"minecraft:spore_blossom":1,"minecraft:deepslate_brick_slab":115,"minecraft:diorite_slab":3,"minecraft:oak_trapdoor":5,"minecraft:furnace":15,"minecraft:spruce_sapling":3,"minecraft:carrots":317,"minecraft:stripped_spruce_log":455,"minecraft:black_concrete":561,"minecraft:bell":1,"minecraft:polished_deepslate":310,"minecraft:lantern":6,"minecraft:stripped_jungle_log":8,"minecraft:packed_ice":1053,"minecraft:white_tulip":1,"minecraft:stone":383366,"minecraft:yellow_shulker_box":14,"minecraft:redstone_wall_torch":18,"minecraft:podzol":13745,"minecraft:light_blue_shulker_box":22,"minecraft:flowering_azalea":15,"minecraft:cut_copper_stairs":61,"minecraft:spruce_door":10,"minecraft:crafting_table":396,"minecraft:rose_bush":10,"minecraft:sculk_sensor":2,"minecraft:lectern":1,"minecraft:lapis_ore":123,"minecraft:sculk":2,"minecraft:spruce_stairs":316,"minecraft:blue_candle":2,"minecraft:cactus":52,"minecraft:green_shulker_box":2,"minecraft:beehive":151,"minecraft:polished_blackstone_stairs":3,"minecraft:redstone_torch":11,"minecraft:sweet_berry_bush":21,"minecraft:coal_ore":7878,"minecraft:end_rod":49,"minecraft:bubble_coral_wall_fan":1,"minecraft:gray_carpet":1,"minecraft:terracotta":121,"minecraft:polished_andesite":159,"minecraft:birch_fence":2},"minecraft:custom":{"minecraft:interact_with_crafting_table":1898,"minecraft:damage_blocked_by_shield":14738,"minecraft:play_time":52995387,"minecraft:deaths":164,"minecraft:jump":184636,"minecraft:play_record":1,"minecraft:interact_with_smoker":8,"minecraft:inspect_dispenser":654,"minecraft:horse_one_cm":298,"minecraft:inspect_dropper":288,"minecraft:interact_with_anvil":94,"minecraft:inspect_hopper":2022,"minecraft:tune_noteblock":55,"minecraft:time_since_rest":12542,"minecraft:swim_one_cm":6165123,"minecraft:open_chest":19218,"minecraft:open_shulker_box":17567,"minecraft:damage_resisted":1136,"minecraft:play_noteblock":172,"minecraft:talked_to_villager":40,"minecraft:interact_with_brewingstand":41,"minecraft:interact_with_beacon":24,"minecraft:fill_cauldron":48,"minecraft:boat_one_cm":9635989,"minecraft:damage_taken":202111,"minecraft:aviate_one_cm":388638986,"minecraft:open_barrel":3879,"minecraft:bell_ring":4,"minecraft:leave_game":503,"minecraft:time_since_death":218170,"minecraft:enchant_item":7,"minecraft:interact_with_furnace":1185,"minecraft:sleep_in_bed":1167,"minecraft:damage_dealt":400046,"minecraft:use_cauldron":1101,"minecraft:interact_with_smithing_table":55,"minecraft:target_hit":83,"minecraft:sneak_time":3747175,"minecraft:interact_with_lectern":128,"minecraft:interact_with_blast_furnace":534,"minecraft:total_world_time":52995387,"minecraft:interact_with_stonecutter":193,"minecraft:fly_one_cm":45467277,"minecraft:fall_one_cm":4669872,"minecraft:animals_bred":220,"minecraft:sprint_one_cm":65062923,"minecraft:drop":9367,"minecraft:walk_on_water_one_cm":1810568,"minecraft:interact_with_loom":4,"minecraft:open_enderchest":5183,"minecraft:player_kills":14,"minecraft:crouch_one_cm":17078743,"minecraft:mob_kills":40465,"minecraft:climb_one_cm":2046679,"minecraft:walk_one_cm":108278496,"minecraft:walk_under_water_one_cm":6949706,"minecraft:pot_flower":38,"minecraft:interact_with_grindstone":2,"minecraft:damage_absorbed":215,"minecraft:minecart_one_cm":2144191},"minecraft:crafted":{"minecraft:black_dye":2462,"minecraft:yellow_wool":9,"minecraft:end_stone_brick_wall":84,"minecraft:polished_deepslate_wall":13,"minecraft:birch_boat":1,"minecraft:blaze_powder":24,"minecraft:chain":20,"minecraft:diamond_shovel":1,"minecraft:cracked_stone_bricks":36,"minecraft:shulker_box":1712,"minecraft:diamond_helmet":3,"minecraft:beacon":2,"minecraft:iron_door":3,"minecraft:black_wool":640,"minecraft:white_shulker_box":2,"minecraft:warped_stairs":4,"minecraft:redstone_lamp":189,"minecraft:polished_andesite_stairs":2,"minecraft:glow_item_frame":12,"minecraft:chest_minecart":2,"minecraft:raw_gold_block":102,"minecraft:smithing_table":66,"minecraft:sticky_piston":195,"minecraft:orange_candle":2052,"minecraft:polished_deepslate_slab":118,"minecraft:painting":4,"minecraft:stone_brick_stairs":85,"minecraft:stone_slab":3638,"minecraft:iron_pickaxe":20,"minecraft:black_candle":900,"minecraft:sandstone":128,"minecraft:netherite_ingot":11,"minecraft:composter":155,"minecraft:golden_carrot":2,"minecraft:orange_shulker_box":3,"minecraft:crimson_trapdoor":10,"minecraft:iron_nugget":414,"minecraft:jack_o_lantern":2,"minecraft:blue_shulker_box":1,"minecraft:spruce_fence":1041,"minecraft:moss_carpet":54,"minecraft:stone_stairs":31,"minecraft:lantern":35,"minecraft:spruce_stairs":2440,"minecraft:black_concrete_powder":672,"minecraft:red_shulker_box":2,"minecraft:stone_pickaxe":4,"minecraft:spruce_boat":1,"minecraft:enchanting_table":3,"minecraft:crimson_slab":6,"minecraft:light_blue_wool":192,"minecraft:leather_helmet":1,"minecraft:polished_blackstone_stairs":2,"minecraft:orange_dye":2436,"minecraft:oak_fence_gate":3,"minecraft:green_candle":1348,"minecraft:warped_sign":3,"minecraft:fermented_spider_eye":2,"minecraft:birch_trapdoor":34,"minecraft:black_stained_glass_pane":912,"minecraft:writable_book":2,"minecraft:iron_shovel":4,"minecraft:armor_stand":64,"minecraft:note_block":64,"minecraft:grindstone":2,"minecraft:cobblestone_slab":130,"minecraft:barrel":133,"minecraft:stone":1028,"minecraft:white_candle":1860,"minecraft:warped_planks":28,"minecraft:stone_brick_slab":300,"minecraft:bow":187,"minecraft:comparator":274,"minecraft:chest":5167,"minecraft:netherite_helmet":2,"minecraft:copper_block":391,"minecraft:rail":144,"minecraft:oak_fence":267,"minecraft:ender_eye":21,"minecraft:stone_bricks":8752,"minecraft:dropper":69,"minecraft:arrow":24,"minecraft:cauldron":271,"minecraft:red_candle":2436,"minecraft:iron_helmet":4,"minecraft:brown_dye":2053,"minecraft:red_wool":16,"minecraft:dispenser":177,"minecraft:tnt":14278,"minecraft:spruce_trapdoor":1102,"minecraft:pink_wool":1,"minecraft:purple_dye":1872,"minecraft:yellow_dye":3279,"minecraft:netherite_block":1,"minecraft:stick":7172,"minecraft:iron_ingot":21322,"minecraft:magenta_candle":1732,"minecraft:deepslate_bricks":1,"minecraft:deepslate_tile_slab":56,"minecraft:oak_door":6,"minecraft:stone_brick_wall":378,"minecraft:beehive":416,"minecraft:leather_boots":1,"minecraft:spruce_button":9,"minecraft:furnace":51,"minecraft:blast_furnace":2,"minecraft:piston":444,"minecraft:polished_andesite_slab":14,"minecraft:raw_copper_block":286,"minecraft:oak_trapdoor":88,"minecraft:pink_candle":1796,"minecraft:flint_and_steel":2,"minecraft:scaffolding":1698,"minecraft:smooth_quartz_slab":10,"minecraft:honey_block":27808,"minecraft:birch_sign":27,"minecraft:brown_candle":2052,"minecraft:stripped_spruce_wood":3,"minecraft:iron_trapdoor":59,"minecraft:iron_sword":2,"minecraft:jungle_planks":4,"minecraft:white_dye":5876,"minecraft:cyan_candle":1668,"minecraft:brown_concrete_powder":8,"minecraft:blue_wool":18,"minecraft:anvil":10,"minecraft:stonecutter":66,"minecraft:lime_candle":1668,"minecraft:torch":3732,"minecraft:diorite_slab":126,"minecraft:diamond_chestplate":6,"minecraft:ender_chest":20,"minecraft:smooth_stone":6,"minecraft:purple_bed":10,"minecraft:orange_stained_glass":2752,"minecraft:oak_pressure_plate":8,"minecraft:birch_slab":630,"minecraft:slime_block":12,"minecraft:lever":143,"minecraft:bookshelf":45,"minecraft:iron_bars":32,"minecraft:deepslate_brick_stairs":37,"minecraft:quartz_block":96,"minecraft:glass":594,"minecraft:repeater":211,"minecraft:diamond_leggings":8,"minecraft:polished_blackstone":48,"minecraft:magenta_dye":1732,"minecraft:flower_pot":21,"minecraft:purple_candle":1872,"minecraft:glass_bottle":28312,"minecraft:target":43,"minecraft:emerald":45,"minecraft:diamond_axe":1,"minecraft:spruce_door":12,"minecraft:copper_ingot":1441,"minecraft:hay_block":67,"minecraft:end_stone_brick_stairs":68,"minecraft:iron_block":3197,"minecraft:white_terracotta":8,"minecraft:gold_ingot":1977,"minecraft:light_gray_dye":1860,"minecraft:spruce_fence_gate":608,"minecraft:packed_ice":6,"minecraft:stone_shovel":7,"minecraft:smooth_stone_slab":44,"minecraft:leather_leggings":2,"minecraft:polished_deepslate_stairs":47,"minecraft:tinted_glass":5232,"minecraft:cut_copper_stairs":32,"minecraft:bone_meal":573906,"minecraft:pink_dye":1798,"minecraft:candle":31632,"minecraft:orange_wool":13,"minecraft:warped_trapdoor":4,"minecraft:diamond":504,"minecraft:ladder":93,"minecraft:spruce_slab":1620,"minecraft:diamond_boots":3,"minecraft:redstone_block":961,"minecraft:dark_oak_planks":3496,"minecraft:wheat":342,"minecraft:coal_block":411,"minecraft:deepslate_brick_slab":53,"minecraft:red_bed":3,"minecraft:conduit":1,"minecraft:glowstone":1,"minecraft:wooden_axe":1,"minecraft:oak_stairs":20,"minecraft:iron_leggings":4,"minecraft:deepslate_tile_stairs":33,"minecraft:white_bed":14,"minecraft:brick":67,"minecraft:oak_planks":2972,"minecraft:blue_candle":1732,"minecraft:cobblestone_stairs":81,"minecraft:spruce_pressure_plate":4,"minecraft:green_dye":8,"minecraft:bamboo_block":1,"minecraft:hopper":1952,"minecraft:honey_bottle":544,"minecraft:iron_boots":5,"minecraft:raw_copper":2556,"minecraft:netherite_upgrade_smithing_template":2,"minecraft:stone_hoe":2,"minecraft:honeycomb_block":3680,"minecraft:raw_iron_block":445,"minecraft:smoker":2,"minecraft:item_frame":37,"minecraft:oak_slab":84,"minecraft:light_blue_candle":1860,"minecraft:crafting_table":118,"minecraft:spruce_planks":62118,"minecraft:wooden_pickaxe":2,"minecraft:yellow_candle":1988,"minecraft:silence_armor_trim_smithing_template":4,"minecraft:hopper_minecart":337,"minecraft:gold_block":171,"minecraft:birch_planks":5852,"minecraft:brewing_stand":2,"minecraft:black_shulker_box":1,"minecraft:emerald_block":5,"minecraft:diamond_pickaxe":3,"minecraft:stripped_jungle_wood":6,"minecraft:paper":3507,"minecraft:book":172,"minecraft:iron_chestplate":4,"minecraft:charcoal":10,"minecraft:shield":5,"minecraft:birch_fence":3,"minecraft:light_blue_dye":2118,"minecraft:leather_chestplate":2,"minecraft:stone_sword":1,"minecraft:snow_block":871,"minecraft:gray_carpet":51,"minecraft:redstone_torch":1352,"minecraft:light_gray_carpet":60,"minecraft:shears":741,"minecraft:cobbled_deepslate_slab":16,"minecraft:polished_andesite":3972,"minecraft:wooden_sword":114,"minecraft:coarse_dirt":744,"minecraft:raw_iron":2970,"minecraft:redstone":6086,"minecraft:coal":2448,"minecraft:stone_button":129,"minecraft:gray_dye":1862,"minecraft:end_stone_bricks":216,"minecraft:diamond_block":93,"minecraft:glass_pane":192,"minecraft:blue_ice":1,"minecraft:polished_deepslate":1,"minecraft:iron_axe":6,"minecraft:spruce_wood":633,"minecraft:slime_ball":162,"minecraft:lime_dye":1668,"minecraft:netherite_scrap":40,"minecraft:minecart":325,"minecraft:observer":267,"minecraft:cooked_beef":136,"minecraft:sugar":50,"minecraft:red_dye":4642,"minecraft:crimson_planks":1576,"minecraft:bone_block":35892,"minecraft:diamond_sword":2,"minecraft:cyan_dye":1668,"minecraft:spruce_sign":117,"minecraft:gray_candle":1220,"minecraft:powered_rail":996,"minecraft:bucket":558,"minecraft:stone_axe":2,"minecraft:amethyst_block":283,"minecraft:air":0,"minecraft:bread":81,"minecraft:blue_dye":4581,"minecraft:black_stained_glass":784,"minecraft:smooth_sandstone_slab":50,"minecraft:white_wool":10563,"minecraft:gold_nugget":914,"minecraft:raw_gold":900,"minecraft:lapis_lazuli":1152,"minecraft:lapis_block":363,"minecraft:clay":21,"minecraft:firework_rocket":8879,"minecraft:light_gray_candle":1860},"minecraft:picked_up":{"minecraft:blue_candle":8,"minecraft:suspicious_stew":1,"minecraft:stone_slab":1339,"minecraft:smithing_table":2,"minecraft:lead":36,"minecraft:enchanted_book":2,"minecraft:polished_deepslate":320,"minecraft:music_disc_cat":1,"minecraft:string":1125,"minecraft:pufferfish":7,"minecraft:shroomlight":62,"minecraft:sculk_shrieker":1,"minecraft:diamond_leggings":66,"minecraft:hopper_minecart":28,"minecraft:crimson_sign":1,"minecraft:diamond_ore":1,"minecraft:polished_blackstone_stairs":3,"minecraft:big_dripleaf":3,"minecraft:purpur_pillar":29,"minecraft:cut_copper_stairs":61,"minecraft:golden_axe":1,"minecraft:lightning_rod":4,"minecraft:honeycomb_block":833,"minecraft:warped_button":2,"minecraft:golden_chestplate":2,"minecraft:stone_sword":10,"minecraft:honey_bottle":107,"minecraft:red_tulip":19,"minecraft:carved_pumpkin":115,"minecraft:glowstone":395,"minecraft:bookshelf":11,"minecraft:end_rod":46,"minecraft:white_terracotta":3,"minecraft:blaze_rod":86,"minecraft:iron_bars":40,"minecraft:snowball":3521,"minecraft:sponge":89,"minecraft:feather":525,"minecraft:cooked_beef":42,"minecraft:medium_amethyst_bud":178,"minecraft:water_bucket":9,"minecraft:dark_oak_boat":2,"minecraft:flint":356,"minecraft:lantern":11,"minecraft:large_amethyst_bud":118,"minecraft:stonecutter":36,"minecraft:diamond_helmet":8,"minecraft:rabbit":16,"minecraft:honeycomb":60,"minecraft:magenta_candle":12,"minecraft:glow_lichen":2,"minecraft:stripped_crimson_stem":150,"minecraft:stripped_spruce_log":454,"minecraft:polished_andesite":143,"minecraft:deepslate":12611,"minecraft:lever":35,"minecraft:granite":3547,"minecraft:spruce_button":12,"minecraft:golden_horse_armor":2,"minecraft:rooted_dirt":128,"minecraft:deepslate_coal_ore":20,"minecraft:jack_o_lantern":4,"minecraft:light_gray_carpet":6,"minecraft:light_blue_candle":12,"minecraft:crimson_roots":2172,"minecraft:diamond_pickaxe":69,"minecraft:mud":41,"minecraft:bee_nest":143,"minecraft:redstone_lamp":17,"minecraft:clay_ball":236,"minecraft:golden_pickaxe":1,"minecraft:leather_leggings":2,"minecraft:dragon_head":7,"minecraft:purpur_block":49,"minecraft:yellow_candle":8,"minecraft:cornflower":4441,"minecraft:pink_candle":4,"minecraft:elytra":22,"minecraft:flint_and_steel":6,"minecraft:iron_shovel":8,"minecraft:glass_pane":5,"minecraft:netherite_sword":1,"minecraft:stripped_warped_stem":8,"minecraft:jungle_sapling":2,"minecraft:poppy":1517,"minecraft:spruce_slab":79,"minecraft:minecart":78,"minecraft:birch_sapling":1506,"minecraft:piston":38,"minecraft:copper_ore":889,"minecraft:lime_shulker_box":7,"minecraft:black_stained_glass":35,"minecraft:stone":284446,"minecraft:music_disc_mellohi":1,"minecraft:white_dye":32,"minecraft:netherite_pickaxe":7,"minecraft:cyan_shulker_box":135,"minecraft:diamond_chestplate":57,"minecraft:purpur_slab":9,"minecraft:hay_block":29,"minecraft:yellow_terracotta":478,"minecraft:totem_of_undying":3,"minecraft:polished_blackstone":2,"minecraft:mutton":1,"minecraft:rail":633,"minecraft:bone_block":181,"minecraft:emerald_ore":19,"minecraft:oxeye_daisy":45,"minecraft:birch_leaves":27,"minecraft:yellow_shulker_box":15,"minecraft:clock":1,"minecraft:fern":79,"minecraft:purpur_stairs":7,"minecraft:paper":13,"minecraft:sculk_vein":2,"minecraft:apple":87,"minecraft:warped_stem":19,"minecraft:spore_blossom":1,"minecraft:oak_fence_gate":1,"minecraft:iron_ore":2102,"minecraft:magenta_stained_glass":9,"minecraft:polished_andesite_stairs":22,"minecraft:smooth_basalt":2153,"minecraft:milk_bucket":4,"minecraft:sweet_berries":2101,"minecraft:leather_helmet":3,"minecraft:diamond_shovel":7,"minecraft:coal_ore":5877,"minecraft:slime_ball":100,"minecraft:deepslate_redstone_ore":1012,"minecraft:painting":33,"minecraft:birch_sign":7,"minecraft:smooth_quartz_slab":1,"minecraft:hopper":199,"minecraft:ender_chest":708,"minecraft:stone_brick_stairs":23,"minecraft:spruce_chest_boat":1,"minecraft:deepslate_lapis_ore":138,"minecraft:red_candle":20,"minecraft:experience_bottle":1,"minecraft:red_sand":18,"minecraft:comparator":66,"minecraft:bucket":2,"minecraft:white_tulip":1,"minecraft:rose_bush":2508,"minecraft:cobblestone_slab":13,"minecraft:azalea":111,"minecraft:iron_pickaxe":11,"minecraft:smooth_quartz":109,"minecraft:smooth_quartz_stairs":58,"minecraft:deepslate_iron_ore":131,"minecraft:birch_trapdoor":33,"minecraft:polished_deepslate_stairs":15,"minecraft:spruce_stairs":307,"minecraft:netherite_shovel":4,"minecraft:diorite":2224,"minecraft:goat_horn":4,"minecraft:rotten_flesh":5635,"minecraft:deepslate_copper_ore":42,"minecraft:deepslate_brick_stairs":14,"minecraft:obsidian":603,"minecraft:cobblestone":21802,"minecraft:enchanting_table":1,"minecraft:leather_chestplate":4,"minecraft:lilac":1094,"minecraft:repeater":60,"minecraft:andesite":4500,"minecraft:golden_leggings":2,"minecraft:beacon":24,"minecraft:potato":151,"minecraft:prismarine_bricks":25,"minecraft:dirt":65336,"minecraft:stripped_birch_log":3,"minecraft:name_tag":9,"minecraft:glass":887,"minecraft:bone":5520,"minecraft:bow":193,"minecraft:wheat_seeds":7666,"minecraft:grindstone":1,"minecraft:netherite_axe":2,"minecraft:mossy_stone_bricks":1,"minecraft:bamboo":2335,"minecraft:prismarine":24,"minecraft:black_stained_glass_pane":19,"minecraft:light_blue_shulker_box":27,"minecraft:grass_block":10747,"minecraft:diamond_block":43,"minecraft:spectral_arrow":6,"minecraft:mossy_cobblestone":1338,"minecraft:sugar":22,"minecraft:slime_block":850,"minecraft:soul_lantern":1,"minecraft:crossbow":4,"minecraft:bone_meal":1906,"minecraft:grass":119,"minecraft:golden_apple":5,"minecraft:spruce_sign":76,"minecraft:emerald":43,"minecraft:netherrack":5104,"minecraft:chorus_fruit":2,"minecraft:oak_leaves":425,"minecraft:azure_bluet":42,"minecraft:splash_potion":2,"minecraft:ladder":11,"minecraft:packed_ice":994,"minecraft:brown_mushroom":424,"minecraft:stone_brick_wall":19,"minecraft:diorite_slab":4,"minecraft:chain":1,"minecraft:shield":8,"minecraft:orange_stained_glass":152,"minecraft:oak_trapdoor":5,"minecraft:end_stone_brick_wall":3,"minecraft:moss_carpet":476,"minecraft:birch_fence":2,"minecraft:blackstone":368,"minecraft:lime_wool":1,"minecraft:end_stone":1045,"minecraft:flowering_azalea_leaves":91,"minecraft:polished_blackstone_bricks":98,"minecraft:cookie":11,"minecraft:trident":4,"minecraft:light_gray_stained_glass_pane":5,"minecraft:purple_candle":12,"minecraft:blue_concrete_powder":18,"minecraft:weeping_vines":28,"minecraft:red_shulker_box":535,"minecraft:pumpkin_pie":1,"minecraft:nether_bricks":111,"minecraft:netherite_boots":1,"minecraft:purple_dye":128,"minecraft:jungle_boat":1,"minecraft:basalt":1136,"minecraft:dark_oak_button":1,"minecraft:golden_carrot":86,"minecraft:leather":250,"minecraft:ice":650,"minecraft:crimson_fungus":130,"minecraft:gunpowder":1220,"minecraft:orange_terracotta":1678,"minecraft:red_carpet":3,"minecraft:gray_carpet":1,"minecraft:acacia_trapdoor":22,"minecraft:rabbit_hide":18,"minecraft:spruce_wood":166,"minecraft:iron_ingot":3361,"minecraft:cooked_chicken":7,"minecraft:polished_andesite_slab":19,"minecraft:verdant_froglight":1,"minecraft:pink_bed":1,"minecraft:warped_fungus":9,"minecraft:black_candle":4,"minecraft:nether_quartz_ore":545,"minecraft:emerald_block":2320,"minecraft:stone_brick_slab":115,"minecraft:quartz":933,"minecraft:dandelion":35,"minecraft:lava_bucket":4,"minecraft:amethyst_shard":11860,"minecraft:spruce_door":10,"minecraft:pumpkin_seeds":44,"minecraft:sculk_sensor":1,"minecraft:chainmail_leggings":1,"minecraft:terracotta":121,"minecraft:damaged_anvil":1,"minecraft:netherite_hoe":2,"minecraft:sunflower":1680,"minecraft:iron_chestplate":4,"minecraft:chainmail_boots":1,"minecraft:flower_pot":23,"minecraft:anvil":8,"minecraft:prismarine_shard":26,"minecraft:diamond_sword":19,"minecraft:oak_stairs":4,"minecraft:brewing_stand":2,"minecraft:golden_sword":9,"minecraft:polished_deepslate_wall":3,"minecraft:amethyst_block":1493,"minecraft:soul_soil":266,"minecraft:cooked_salmon":8,"minecraft:gold_nugget":66,"minecraft:cobbled_deepslate":29588,"minecraft:spruce_planks":1187,"minecraft:written_book":23,"minecraft:netherite_upgrade_smithing_template":4,"minecraft:azalea_leaves":270,"minecraft:melon_slice":59,"minecraft:coal_block":18,"minecraft:golden_helmet":1,"minecraft:beehive":151,"minecraft:composter":12,"minecraft:deepslate_tile_stairs":14,"minecraft:rabbit_foot":3,"minecraft:chiseled_nether_bricks":1,"minecraft:bamboo_block":3,"minecraft:light_blue_wool":4,"minecraft:tropical_fish":89,"minecraft:blue_dye":1,"minecraft:iron_block":971,"minecraft:birch_log":6493,"minecraft:magma_block":39,"minecraft:jungle_log":9,"minecraft:stripped_spruce_wood":101,"minecraft:netherite_leggings":1,"minecraft:map":1,"minecraft:brown_candle":4,"minecraft:moss_block":1482,"minecraft:glowstone_dust":286,"minecraft:gray_candle":4,"minecraft:warped_wart_block":37,"minecraft:dropper":34,"minecraft:ink_sac":1954,"minecraft:dark_oak_log":1134,"minecraft:barrel":16,"minecraft:bundle":13,"minecraft:quartz_bricks":2,"minecraft:white_candle":4,"minecraft:dispenser":120,"minecraft:black_concrete_powder":6,"minecraft:writable_book":3,"minecraft:deepslate_gold_ore":251,"minecraft:blue_ice":1,"minecraft:bread":39,"minecraft:chainmail_helmet":2,"minecraft:spruce_leaves":2055,"minecraft:coarse_dirt":1777,"minecraft:crafting_table":422,"minecraft:bubble_coral_fan":1,"minecraft:nether_wart":348,"minecraft:orange_stained_glass_pane":22,"minecraft:conduit":2,"minecraft:crimson_trapdoor":19,"minecraft:red_bed":639,"minecraft:snow":110,"minecraft:compass":141,"minecraft:cracked_stone_bricks":11,"minecraft:deepslate_diamond_ore":559,"minecraft:beef":223,"minecraft:iron_nugget":3720,"minecraft:chest":725,"minecraft:egg":43,"minecraft:sandstone":13426,"minecraft:polished_deepslate_slab":136,"minecraft:oak_door":16,"minecraft:glow_item_frame":10,"minecraft:amethyst_cluster":1132,"minecraft:spruce_fence":52,"minecraft:carrot":1643,"minecraft:redstone":8015,"minecraft:prismarine_crystals":1,"minecraft:tnt":1255,"minecraft:beetroot_seeds":95,"minecraft:peony":1797,"minecraft:deepslate_bricks":361,"minecraft:shears":5,"minecraft:diamond_boots":13,"minecraft:warped_sign":1,"minecraft:gold_ingot":111,"minecraft:white_shulker_box":310,"minecraft:glow_berries":128,"minecraft:white_wool":87,"minecraft:stripped_oak_log":48,"minecraft:lapis_ore":60,"minecraft:red_mushroom":15,"minecraft:filled_map":1381,"minecraft:ochre_froglight":17,"minecraft:brown_concrete":13,"minecraft:oak_log":726,"minecraft:ancient_debris":58,"minecraft:golden_boots":2,"minecraft:stone_bricks":1282,"minecraft:kelp":455,"minecraft:glass_bottle":277,"minecraft:iron_sword":5,"minecraft:flowering_azalea":66,"minecraft:white_stained_glass_pane":21,"minecraft:yellow_concrete":2,"minecraft:gravel":9171,"minecraft:small_amethyst_bud":482,"minecraft:spruce_sapling":3625,"minecraft:spruce_log":22904,"minecraft:orange_candle":8,"minecraft:sea_lantern":3,"minecraft:firework_rocket":1914,"minecraft:purple_bed":10,"minecraft:stone_axe":1,"minecraft:redstone_ore":32,"minecraft:diamond_axe":6,"minecraft:warped_roots":75,"minecraft:melon_seeds":31,"minecraft:warped_nylium":9,"minecraft:crimson_nylium":13,"minecraft:ender_pearl":14170,"minecraft:shulker_shell":843,"minecraft:wheat":359,"minecraft:redstone_block":41,"minecraft:turtle_egg":1,"minecraft:potion":11,"minecraft:crimson_planks":3,"minecraft:raw_copper":3542,"minecraft:smooth_stone_slab":6,"minecraft:iron_leggings":7,"minecraft:sticky_piston":44,"minecraft:netherite_ingot":1,"minecraft:sea_pickle":102,"minecraft:activator_rail":7,"minecraft:deepslate_tiles":369,"minecraft:black_shulker_box":207,"minecraft:dark_oak_leaves":2,"minecraft:redstone_torch":68,"minecraft:calcite":1753,"minecraft:iron_boots":5,"minecraft:furnace":15,"minecraft:stick":4199,"minecraft:orange_shulker_box":4,"minecraft:brown_terracotta":2,"minecraft:oak_fence":7,"minecraft:torch":2296,"minecraft:snow_block":1125,"minecraft:porkchop":3,"minecraft:target":6,"minecraft:pointed_dripstone":631,"minecraft:quartz_block":1,"minecraft:nether_gold_ore":18,"minecraft:cactus":129,"minecraft:cod":24,"minecraft:nautilus_shell":7,"minecraft:magma_cream":63,"minecraft:tuff":4603,"minecraft:wither_skeleton_skull":10,"minecraft:acacia_boat":2,"minecraft:green_shulker_box":2,"minecraft:lapis_lazuli":3367,"minecraft:polished_granite":1,"minecraft:leather_boots":4,"minecraft:green_candle":12,"minecraft:deepslate_brick_slab":120,"minecraft:raw_gold":931,"minecraft:cobbled_deepslate_slab":4,"minecraft:bell":1,"minecraft:cyan_candle":8,"minecraft:powered_rail":431,"minecraft:oak_planks":73,"minecraft:ghast_tear":17,"minecraft:cooked_porkchop":548,"minecraft:axolotl_bucket":3,"minecraft:oak_pressure_plate":5,"minecraft:poisonous_potato":1,"minecraft:polished_blackstone_slab":26,"minecraft:bamboo_raft":34,"minecraft:sand":107750,"minecraft:dead_bush":189,"minecraft:shulker_box":4139,"minecraft:orange_wool":5,"minecraft:light_gray_concrete":24,"minecraft:spruce_fence_gate":555,"minecraft:clay":960,"minecraft:diamond":384,"minecraft:spruce_boat":10,"minecraft:black_concrete":509,"minecraft:polished_blackstone_button":1,"minecraft:white_concrete":1,"minecraft:nether_star":2,"minecraft:oak_sapling":749,"minecraft:cocoa_beans":4063,"minecraft:end_stone_bricks":33,"minecraft:lingering_potion":2,"minecraft:fishing_rod":2,"minecraft:end_stone_brick_stairs":1,"minecraft:allium":42,"minecraft:chicken":1290,"minecraft:turtle_helmet":1,"minecraft:wooden_pickaxe":4,"minecraft:gold_block":145,"minecraft:diamond_horse_armor":3,"minecraft:stone_stairs":8,"minecraft:iron_axe":1,"minecraft:wooden_sword":11,"minecraft:item_frame":84,"minecraft:candle":4,"minecraft:detector_rail":19,"minecraft:oak_boat":1,"minecraft:player_head":268,"minecraft:observer":89,"minecraft:blue_shulker_box":391,"minecraft:light_gray_wool":5,"minecraft:lectern":1,"minecraft:tinted_glass":15,"minecraft:sugar_cane":2413,"minecraft:spruce_trapdoor":163,"minecraft:phantom_membrane":27,"minecraft:dark_oak_sapling":117,"minecraft:raw_iron":4333,"minecraft:copper_ingot":46,"minecraft:red_stained_glass_pane":19,"minecraft:bowl":4,"minecraft:stone_button":73,"minecraft:iron_horse_armor":3,"minecraft:dark_oak_planks":7,"minecraft:lime_candle":20,"minecraft:arrow":2581,"minecraft:saddle":6,"minecraft:wet_sponge":103,"minecraft:crimson_stem":1077,"minecraft:glow_ink_sac":559,"minecraft:salmon":2,"minecraft:birch_planks":27,"minecraft:nether_wart_block":992,"minecraft:cobblestone_stairs":7,"minecraft:deepslate_tile_slab":160,"minecraft:podzol":5097,"minecraft:soul_sand":369,"minecraft:book":11,"minecraft:scaffolding":5052,"minecraft:oak_slab":61,"minecraft:birch_boat":15,"minecraft:pumpkin":71,"minecraft:chiseled_stone_bricks":66,"minecraft:raw_iron_block":9,"minecraft:dripstone_block":392,"minecraft:gold_ore":108,"minecraft:spider_eye":472,"minecraft:stripped_jungle_log":8,"minecraft:light_gray_candle":4,"minecraft:honey_block":78,"minecraft:iron_helmet":6,"minecraft:stripped_jungle_wood":5,"minecraft:black_wool":16,"minecraft:coal":3508}},"DataVersion":3463}