{"stats":{"minecraft:picked_up":{"minecraft:cooked_porkchop":1,"minecraft:filled_map":2},"minecraft:custom":{"minecraft:jump":3,"minecraft:time_since_rest":143553869,"minecraft:leave_game":144,"minecraft:sprint_one_cm":1102,"minecraft:play_time":143553869,"minecraft:time_since_death":143553869,"minecraft:walk_on_water_one_cm":41227,"minecraft:walk_one_cm":2232,"minecraft:sneak_time":22206,"minecraft:total_world_time":143553869,"minecraft:walk_under_water_one_cm":46247,"minecraft:drop":1,"minecraft:fly_one_cm":28524371},"minecraft:dropped":{"minecraft:filled_map":1}},"DataVersion":3463}