{"stats":{"minecraft:dropped":{"minecraft:iron_sword":1,"minecraft:pink_stained_glass":128,"minecraft:lapis_lazuli":59,"minecraft:glass_bottle":3,"minecraft:diamond":9,"minecraft:crafting_table":7,"minecraft:weeping_vines":8,"minecraft:glow_berries":1,"minecraft:warped_roots":1,"minecraft:red_mushroom":131,"minecraft:birch_fence":2,"minecraft:mangrove_stairs":1,"minecraft:sand":14,"minecraft:dark_oak_planks":187,"minecraft:mangrove_slab":1,"minecraft:stone_axe":20,"minecraft:compass":5,"minecraft:lever":63,"minecraft:iron_nugget":2,"minecraft:cobbled_deepslate":22,"minecraft:wheat":5,"minecraft:rotten_flesh":308,"minecraft:oak_planks":1,"minecraft:red_mushroom_block":64,"minecraft:sea_lantern":192,"minecraft:azalea_leaves":64,"minecraft:coal_ore":3,"minecraft:leather_boots":1,"minecraft:glass":190,"minecraft:stripped_mangrove_log":1,"minecraft:wheat_seeds":159,"minecraft:dark_oak_leaves":4,"minecraft:ink_sac":18,"minecraft:potion":1,"minecraft:pumpkin":1,"minecraft:mud":1,"minecraft:green_terracotta":1,"minecraft:player_head":6,"minecraft:sticky_piston":47,"minecraft:stone_shovel":13,"minecraft:iron_boots":1,"minecraft:mangrove_door":1,"minecraft:name_tag":2,"minecraft:oak_sign":3,"minecraft:shears":1,"minecraft:diamond_sword":1,"minecraft:spruce_boat":2,"minecraft:spruce_planks":103,"minecraft:diamond_pickaxe":1,"minecraft:redstone_torch":25,"minecraft:stone_bricks":7,"minecraft:barrel":1,"minecraft:bamboo":1729,"minecraft:sandstone":96,"minecraft:bow":22,"minecraft:moss_block":2,"minecraft:mangrove_pressure_plate":1,"minecraft:oak_log":195,"minecraft:ender_pearl":1,"minecraft:dark_oak_sapling":320,"minecraft:mangrove_planks":2,"minecraft:carrot_on_a_stick":1,"minecraft:cod":1,"minecraft:dark_oak_log":485,"minecraft:ice":37,"minecraft:stripped_oak_wood":1,"minecraft:pointed_dripstone":2,"minecraft:mangrove_sign":3,"minecraft:mangrove_log":2,"minecraft:dropper":1,"minecraft:scaffolding":4,"minecraft:bread":4,"minecraft:repeater":21,"minecraft:light_blue_wool":64,"minecraft:melon_slice":10,"minecraft:redstone_block":56,"minecraft:kelp":64,"minecraft:sweet_berries":1,"minecraft:comparator":25,"minecraft:stripped_oak_log":1,"minecraft:shulker_box":2,"minecraft:flint_and_steel":1,"minecraft:mud_bricks":2,"minecraft:oak_button":1,"minecraft:andesite":11,"minecraft:oak_sapling":108,"minecraft:spruce_log":65,"minecraft:wooden_pickaxe":1,"minecraft:spore_blossom":1,"minecraft:dark_oak_button":1,"minecraft:rail":415,"minecraft:red_shulker_box":1,"minecraft:packed_mud":1,"minecraft:dirt":1272,"minecraft:deepslate_coal_ore":2,"minecraft:bone_meal":26,"minecraft:dark_oak_boat":1,"minecraft:bone":12,"minecraft:birch_sapling":46,"minecraft:dark_oak_fence_gate":1,"minecraft:mangrove_fence":1,"minecraft:deepslate_tiles":58,"minecraft:deepslate_copper_ore":8,"minecraft:charcoal":1,"minecraft:hopper":77,"minecraft:ladder":5,"minecraft:flowering_azalea_leaves":68,"minecraft:egg":1,"minecraft:enchanted_book":5,"minecraft:iron_ingot":577,"minecraft:birch_leaves":65,"minecraft:mangrove_trapdoor":1,"minecraft:cobblestone":74,"minecraft:apple":47,"minecraft:granite":107,"minecraft:spruce_button":67,"minecraft:spruce_door":6,"minecraft:chainmail_helmet":5,"minecraft:coal":10,"minecraft:polished_andesite":1,"minecraft:golden_carrot":188,"minecraft:rabbit":1,"minecraft:rose_bush":7,"minecraft:string":4,"minecraft:furnace":1,"minecraft:moss_carpet":21,"minecraft:stone_sword":8,"minecraft:deepslate":8,"minecraft:diamond_hoe":1,"minecraft:stone_slab":1,"minecraft:spruce_fence":2,"minecraft:hay_block":61,"minecraft:stone":90,"minecraft:allium":2,"minecraft:wooden_shovel":1,"minecraft:spider_eye":5,"minecraft:red_tulip":2,"minecraft:dark_prismarine":64,"minecraft:spruce_sign":2,"minecraft:brown_mushroom":33,"minecraft:birch_planks":93,"minecraft:baked_potato":24,"minecraft:sandstone_slab":88,"minecraft:lantern":40,"minecraft:flint":438,"minecraft:cyan_terracotta":1,"minecraft:crimson_roots":92,"minecraft:cooked_cod":12,"minecraft:pumpkin_pie":256,"minecraft:birch_log":64,"minecraft:brown_mushroom_block":41,"minecraft:gravel":49,"minecraft:mangrove_roots":4,"minecraft:yellow_wool":34,"minecraft:diamond_shovel":2,"minecraft:prismarine":192,"minecraft:carrot":639,"minecraft:chainmail_chestplate":1,"minecraft:poppy":10,"minecraft:gunpowder":3,"minecraft:azalea":1,"minecraft:chest":6,"minecraft:chainmail_boots":9,"minecraft:arrow":219,"minecraft:basalt":3,"minecraft:powered_rail":12,"minecraft:prismarine_bricks":192,"minecraft:netherrack":1,"minecraft:written_book":1,"minecraft:oak_leaves":144,"minecraft:firework_rocket":229,"minecraft:water_bucket":2,"minecraft:mossy_cobblestone":3,"minecraft:minecart":15,"minecraft:grass_block":25,"minecraft:stick":737,"minecraft:diorite":263,"minecraft:torch":39,"minecraft:flowering_azalea":1,"minecraft:iron_axe":1,"minecraft:bucket":13,"minecraft:dandelion":13,"minecraft:redstone":97,"minecraft:coarse_dirt":32,"minecraft:mangrove_button":2,"minecraft:tuff":64,"minecraft:raw_iron":14,"minecraft:wither_skeleton_skull":4,"minecraft:crimson_button":1,"minecraft:shield":2,"minecraft:golden_sword":3,"minecraft:stone_pickaxe":1},"minecraft:custom":{"minecraft:interact_with_crafting_table":1334,"minecraft:damage_blocked_by_shield":2020,"minecraft:play_time":33093305,"minecraft:deaths":15,"minecraft:jump":144550,"minecraft:play_record":1,"minecraft:interact_with_smoker":9,"minecraft:horse_one_cm":553192,"minecraft:inspect_dispenser":67,"minecraft:inspect_dropper":72,"minecraft:interact_with_anvil":73,"minecraft:inspect_hopper":243,"minecraft:tune_noteblock":9,"minecraft:time_since_rest":14767,"minecraft:swim_one_cm":1701360,"minecraft:open_chest":11724,"minecraft:open_shulker_box":5358,"minecraft:damage_resisted":4,"minecraft:play_noteblock":45,"minecraft:talked_to_villager":7154,"minecraft:interact_with_brewingstand":72,"minecraft:interact_with_beacon":11,"minecraft:boat_one_cm":2030111,"minecraft:damage_taken":43059,"minecraft:aviate_one_cm":137720943,"minecraft:open_barrel":1086,"minecraft:leave_game":387,"minecraft:time_since_death":157600,"minecraft:enchant_item":21,"minecraft:interact_with_furnace":638,"minecraft:traded_with_villager":50506,"minecraft:sleep_in_bed":650,"minecraft:damage_dealt":61316,"minecraft:use_cauldron":1,"minecraft:target_hit":13,"minecraft:sneak_time":665120,"minecraft:interact_with_lectern":28,"minecraft:interact_with_blast_furnace":11,"minecraft:total_world_time":33093305,"minecraft:interact_with_stonecutter":32,"minecraft:fly_one_cm":29873770,"minecraft:fall_one_cm":2728259,"minecraft:animals_bred":53,"minecraft:sprint_one_cm":38323866,"minecraft:drop":923,"minecraft:walk_on_water_one_cm":891212,"minecraft:open_enderchest":502,"minecraft:player_kills":3,"minecraft:crouch_one_cm":2162840,"minecraft:mob_kills":1299,"minecraft:climb_one_cm":963319,"minecraft:walk_one_cm":34433679,"minecraft:walk_under_water_one_cm":1788879,"minecraft:pot_flower":15,"minecraft:interact_with_grindstone":15,"minecraft:minecart_one_cm":60368},"minecraft:picked_up":{"minecraft:stone_slab":26,"minecraft:smithing_table":6,"minecraft:lead":2,"minecraft:enchanted_book":1,"minecraft:string":59,"minecraft:shroomlight":92,"minecraft:diamond_leggings":5,"minecraft:warped_slab":7,"minecraft:jukebox":1,"minecraft:big_dripleaf":32,"minecraft:cyan_stained_glass":64,"minecraft:acacia_log":21,"minecraft:cut_copper_stairs":37,"minecraft:lightning_rod":5,"minecraft:warped_button":2,"minecraft:cauldron":60,"minecraft:gray_shulker_box":1,"minecraft:green_terracotta":412,"minecraft:pink_terracotta":1,"minecraft:brown_carpet":57,"minecraft:stone_sword":8,"minecraft:red_tulip":2,"minecraft:carved_pumpkin":37,"minecraft:glowstone":65,"minecraft:bookshelf":19,"minecraft:end_rod":1,"minecraft:white_terracotta":40,"minecraft:blaze_rod":109,"minecraft:sponge":107,"minecraft:furnace_minecart":4,"minecraft:feather":38,"minecraft:cooked_beef":11,"minecraft:medium_amethyst_bud":81,"minecraft:water_bucket":9,"minecraft:dark_oak_boat":6,"minecraft:copper_block":1,"minecraft:flint":603,"minecraft:purple_stained_glass":78,"minecraft:magenta_terracotta":822,"minecraft:lantern":108,"minecraft:exposed_cut_copper_stairs":3,"minecraft:large_amethyst_bud":51,"minecraft:stonecutter":35,"minecraft:dark_oak_sign":2,"minecraft:diamond_helmet":2,"minecraft:rabbit":1,"minecraft:glow_lichen":1,"minecraft:lime_terracotta":65,"minecraft:stripped_crimson_stem":69,"minecraft:stripped_spruce_log":402,"minecraft:brown_mushroom_block":409,"minecraft:polished_andesite":27,"minecraft:deepslate":2522,"minecraft:lever":3,"minecraft:granite":784,"minecraft:spruce_button":8,"minecraft:cyan_dye":12,"minecraft:rooted_dirt":120,"minecraft:light_gray_carpet":85,"minecraft:crimson_roots":616,"minecraft:mangrove_button":2,"minecraft:diamond_pickaxe":8,"minecraft:mud":11,"minecraft:clay_ball":509,"minecraft:stripped_cherry_log":867,"minecraft:cornflower":24,"minecraft:elytra":7,"minecraft:flint_and_steel":3,"minecraft:stripped_warped_stem":4,"minecraft:jungle_sapling":4,"minecraft:poppy":78,"minecraft:spruce_slab":2382,"minecraft:minecart":77,"minecraft:birch_sapling":465,"minecraft:cherry_button":1,"minecraft:piston":112,"minecraft:diamond_hoe":3,"minecraft:copper_ore":36,"minecraft:lime_shulker_box":8,"minecraft:black_stained_glass":64,"minecraft:stone":12133,"minecraft:white_dye":4,"minecraft:mangrove_sign":3,"minecraft:cyan_shulker_box":3,"minecraft:mangrove_trapdoor":2,"minecraft:stone_shovel":1,"minecraft:hay_block":66,"minecraft:totem_of_undying":1,"minecraft:rail":3511,"minecraft:bone_block":104,"minecraft:oxeye_daisy":16,"minecraft:birch_leaves":604,"minecraft:yellow_shulker_box":78,"minecraft:mud_bricks":2,"minecraft:clock":1,"minecraft:fern":1,"minecraft:jungle_fence":2,"minecraft:packed_mud":1,"minecraft:paper":3,"minecraft:apple":272,"minecraft:warped_stem":20,"minecraft:yellow_stained_glass":64,"minecraft:spore_blossom":6,"minecraft:stone_pickaxe":1,"minecraft:iron_ore":42,"minecraft:magenta_stained_glass":74,"minecraft:dark_oak_stairs":359,"minecraft:polished_andesite_stairs":1,"minecraft:smooth_basalt":11,"minecraft:light_gray_stained_glass":64,"minecraft:sweet_berries":23,"minecraft:red_wool":161,"minecraft:crimson_stairs":53,"minecraft:light_blue_stained_glass":2,"minecraft:leather_helmet":1,"minecraft:diamond_shovel":6,"minecraft:coal_ore":222,"minecraft:slime_ball":28,"minecraft:deepslate_redstone_ore":58,"minecraft:painting":16,"minecraft:birch_sign":31,"minecraft:baked_potato":4,"minecraft:hopper":18,"minecraft:ender_chest":16,"minecraft:yellow_wool":62,"minecraft:stone_brick_stairs":2,"minecraft:warped_stairs":21,"minecraft:deepslate_lapis_ore":11,"minecraft:experience_bottle":76,"minecraft:red_sand":17,"minecraft:comparator":3,"minecraft:bucket":13,"minecraft:red_dye":86,"minecraft:rose_bush":253,"minecraft:cobblestone_slab":6,"minecraft:azalea":263,"minecraft:deepslate_iron_ore":44,"minecraft:blue_wool":12,"minecraft:birch_trapdoor":10,"minecraft:spruce_stairs":64,"minecraft:diorite":974,"minecraft:vine":324,"minecraft:rotten_flesh":611,"minecraft:brown_shulker_box":21,"minecraft:mangrove_roots":119,"minecraft:deepslate_copper_ore":24,"minecraft:obsidian":111,"minecraft:blaze_powder":10,"minecraft:cobblestone":14321,"minecraft:lilac":276,"minecraft:cherry_planks":18,"minecraft:repeater":94,"minecraft:andesite":852,"minecraft:golden_leggings":2,"minecraft:beacon":9,"minecraft:potato":808,"minecraft:smooth_sandstone_stairs":1,"minecraft:prismarine_bricks":3036,"minecraft:dirt":21160,"minecraft:stripped_birch_log":11,"minecraft:mangrove_fence":1,"minecraft:glass":344,"minecraft:bone":650,"minecraft:acacia_planks":62,"minecraft:bow":31,"minecraft:wheat_seeds":1488,"minecraft:birch_wood":1,"minecraft:grindstone":9,"minecraft:purple_stained_glass_pane":17,"minecraft:mossy_stone_bricks":18,"minecraft:fletching_table":24,"minecraft:bamboo":1998,"minecraft:prismarine":1865,"minecraft:brown_stained_glass":83,"minecraft:gray_stained_glass":64,"minecraft:light_blue_shulker_box":1,"minecraft:melon":72,"minecraft:grass_block":10455,"minecraft:diamond_block":1,"minecraft:mossy_cobblestone":45,"minecraft:jungle_leaves":1,"minecraft:sugar":4,"minecraft:light_blue_terracotta":268,"minecraft:bone_meal":706,"minecraft:grass":160,"minecraft:golden_apple":9,"minecraft:spruce_sign":2,"minecraft:emerald":1355,"minecraft:netherrack":625,"minecraft:oak_leaves":1857,"minecraft:azure_bluet":25,"minecraft:splash_potion":9,"minecraft:ladder":413,"minecraft:packed_ice":2471,"minecraft:brown_mushroom":170,"minecraft:stone_brick_wall":208,"minecraft:chain":104,"minecraft:shield":6,"minecraft:orange_stained_glass":64,"minecraft:oak_trapdoor":7,"minecraft:end_stone_brick_wall":2,"minecraft:moss_carpet":303,"minecraft:birch_fence":96,"minecraft:magenta_wool":27,"minecraft:lime_wool":454,"minecraft:cherry_stairs":5,"minecraft:flowering_azalea_leaves":403,"minecraft:note_block":40,"minecraft:polished_blackstone_bricks":21,"minecraft:brown_concrete_powder":1,"minecraft:purple_terracotta":691,"minecraft:weeping_vines":107,"minecraft:red_shulker_box":78,"minecraft:nether_bricks":39,"minecraft:stripped_dark_oak_wood":8,"minecraft:basalt":80,"minecraft:dark_oak_button":35,"minecraft:golden_carrot":400,"minecraft:leather":20,"minecraft:ice":650,"minecraft:crimson_fungus":70,"minecraft:chainmail_chestplate":2,"minecraft:gunpowder":59,"minecraft:yellow_bed":3,"minecraft:cobblestone_wall":57,"minecraft:pearlescent_froglight":64,"minecraft:gray_carpet":2,"minecraft:spruce_wood":3,"minecraft:iron_ingot":679,"minecraft:cooked_chicken":1,"minecraft:prismarine_brick_slab":14,"minecraft:polished_andesite_slab":2,"minecraft:warped_fungus":3,"minecraft:emerald_block":114,"minecraft:stone_brick_slab":20,"minecraft:quartz":132,"minecraft:dandelion":45,"minecraft:amethyst_shard":1586,"minecraft:spruce_door":1,"minecraft:mangrove_leaves":387,"minecraft:pumpkin_seeds":236,"minecraft:sculk_sensor":1,"minecraft:prismarine_wall":1,"minecraft:cherry_sapling":383,"minecraft:terracotta":736,"minecraft:damaged_anvil":3,"minecraft:dark_oak_wood":12,"minecraft:sunflower":2,"minecraft:wooden_axe":1,"minecraft:seagrass":33,"minecraft:birch_door":4,"minecraft:iron_chestplate":2,"minecraft:chainmail_boots":1,"minecraft:flower_pot":7,"minecraft:anvil":216,"minecraft:prismarine_shard":185,"minecraft:diamond_sword":6,"minecraft:oak_stairs":14,"minecraft:brewing_stand":15,"minecraft:golden_sword":3,"minecraft:amethyst_block":221,"minecraft:weathered_cut_copper_stairs":1,"minecraft:dark_oak_trapdoor":50,"minecraft:cooked_salmon":10,"minecraft:gold_nugget":273,"minecraft:cobbled_deepslate":8107,"minecraft:crimson_fence":1,"minecraft:spruce_planks":838,"minecraft:written_book":9,"minecraft:azalea_leaves":1211,"minecraft:melon_slice":252,"minecraft:mangrove_log":74,"minecraft:dark_oak_door":5,"minecraft:golden_helmet":1,"minecraft:composter":87,"minecraft:green_bed":5,"minecraft:sandstone_wall":1,"minecraft:cherry_log":1527,"minecraft:warped_planks":3,"minecraft:deepslate_tile_stairs":31,"minecraft:light_gray_bed":1,"minecraft:light_blue_wool":2,"minecraft:tropical_fish":38,"minecraft:iron_block":750,"minecraft:cyan_terracotta":83,"minecraft:mangrove_door":1,"minecraft:birch_log":2256,"minecraft:magma_block":23,"minecraft:mossy_cobblestone_slab":5,"minecraft:iron_door":3,"minecraft:cherry_leaves":315,"minecraft:birch_slab":41,"minecraft:jungle_log":125,"minecraft:smoker":1,"minecraft:stripped_spruce_wood":5,"minecraft:gray_concrete":7,"minecraft:cherry_door":1,"minecraft:mangrove_slab":1,"minecraft:twisting_vines":2,"minecraft:chipped_anvil":2,"minecraft:glowstone_dust":16,"minecraft:moss_block":916,"minecraft:warped_wart_block":128,"minecraft:dropper":32,"minecraft:ink_sac":55,"minecraft:fermented_spider_eye":8,"minecraft:dark_oak_log":28601,"minecraft:barrel":20,"minecraft:stripped_acacia_log":4,"minecraft:dispenser":3,"minecraft:black_concrete_powder":8,"minecraft:writable_book":2,"minecraft:deepslate_gold_ore":34,"minecraft:bread":130,"minecraft:chainmail_helmet":1,"minecraft:dark_oak_fence":24,"minecraft:spruce_leaves":16,"minecraft:coarse_dirt":140,"minecraft:crafting_table":116,"minecraft:sandstone_slab":298,"minecraft:purple_wool":1,"minecraft:nether_wart":66,"minecraft:crimson_trapdoor":4,"minecraft:stripped_mangrove_log":1,"minecraft:compass":10,"minecraft:deepslate_diamond_ore":32,"minecraft:music_disc_otherside":1,"minecraft:beef":15,"minecraft:cyan_wool":1,"minecraft:iron_nugget":38,"minecraft:quartz_stairs":17,"minecraft:chest":152,"minecraft:egg":173,"minecraft:sandstone":56,"minecraft:cut_red_sandstone_slab":4,"minecraft:amethyst_cluster":132,"minecraft:spruce_fence":139,"minecraft:carrot":13047,"minecraft:redstone":659,"minecraft:mushroom_stem":407,"minecraft:prismarine_crystals":31,"minecraft:mangrove_pressure_plate":1,"minecraft:cooked_cod":13,"minecraft:peony":3,"minecraft:deepslate_bricks":4,"minecraft:shears":3,"minecraft:diamond_boots":6,"minecraft:cut_copper":1,"minecraft:gold_ingot":210,"minecraft:white_shulker_box":1,"minecraft:glow_berries":30,"minecraft:white_wool":40,"minecraft:crimson_slab":6,"minecraft:stripped_oak_log":131,"minecraft:lapis_ore":3,"minecraft:red_mushroom_block":1959,"minecraft:red_mushroom":436,"minecraft:filled_map":5,"minecraft:ochre_froglight":4,"minecraft:brown_concrete":56,"minecraft:oak_log":4635,"minecraft:blue_bed":1,"minecraft:stone_bricks":246,"minecraft:kelp":12012,"minecraft:music_disc_far":2,"minecraft:waxed_weathered_cut_copper_stairs":10,"minecraft:glass_bottle":2,"minecraft:mangrove_planks":5,"minecraft:iron_sword":1,"minecraft:flowering_azalea":189,"minecraft:dark_oak_slab":200,"minecraft:gravel":6192,"minecraft:birch_stairs":1,"minecraft:small_amethyst_bud":80,"minecraft:spruce_sapling":308,"minecraft:spruce_log":4628,"minecraft:waxed_exposed_cut_copper_stairs":16,"minecraft:sea_lantern":31,"minecraft:firework_rocket":386,"minecraft:red_stained_glass":113,"minecraft:purple_bed":1,"minecraft:stone_axe":5,"minecraft:redstone_ore":3,"minecraft:diamond_axe":6,"minecraft:gray_wool":2,"minecraft:warped_roots":129,"minecraft:oak_button":2,"minecraft:melon_seeds":29,"minecraft:warped_nylium":8,"minecraft:stripped_dark_oak_log":582,"minecraft:crimson_nylium":29,"minecraft:mangrove_propagule":15,"minecraft:pink_dye":238,"minecraft:ender_pearl":350,"minecraft:wheat":242,"minecraft:redstone_block":7,"minecraft:light_gray_shulker_box":1,"minecraft:turtle_egg":38,"minecraft:potion":15,"minecraft:crimson_planks":63,"minecraft:raw_copper":172,"minecraft:iron_leggings":2,"minecraft:sticky_piston":5,"minecraft:oak_sign":8,"minecraft:activator_rail":1,"minecraft:deepslate_tiles":489,"minecraft:black_shulker_box":13,"minecraft:dark_oak_leaves":3206,"minecraft:redstone_torch":83,"minecraft:calcite":1,"minecraft:deepslate_tile_wall":6,"minecraft:iron_boots":2,"minecraft:furnace":46,"minecraft:stick":2546,"minecraft:orange_shulker_box":15,"minecraft:brown_terracotta":24,"minecraft:oak_fence":8,"minecraft:torch":1996,"minecraft:porkchop":22,"minecraft:pointed_dripstone":2,"minecraft:quartz_block":112,"minecraft:cactus":247,"minecraft:mangrove_stairs":1,"minecraft:green_wool":655,"minecraft:cod":41,"minecraft:nautilus_shell":1,"minecraft:magma_cream":32,"minecraft:magenta_dye":192,"minecraft:tuff":2750,"minecraft:wither_skeleton_skull":11,"minecraft:acacia_boat":6,"minecraft:green_shulker_box":2,"minecraft:lapis_lazuli":510,"minecraft:leather_boots":4,"minecraft:raw_gold":52,"minecraft:bell":6,"minecraft:powered_rail":110,"minecraft:oak_planks":205,"minecraft:mossy_stone_brick_stairs":1,"minecraft:pink_stained_glass":384,"minecraft:cooked_porkchop":30,"minecraft:axolotl_bucket":1,"minecraft:poisonous_potato":13,"minecraft:sand":35009,"minecraft:lily_of_the_valley":3,"minecraft:shulker_box":160,"minecraft:orange_wool":18,"minecraft:dark_prismarine":174,"minecraft:dark_prismarine_slab":54,"minecraft:spruce_fence_gate":7,"minecraft:clay":742,"minecraft:diamond":77,"minecraft:spruce_boat":17,"minecraft:black_concrete":538,"minecraft:white_concrete":133,"minecraft:oak_sapling":948,"minecraft:nether_star":1,"minecraft:charcoal":154,"minecraft:cocoa_beans":207,"minecraft:allium":76,"minecraft:chicken":8,"minecraft:gold_block":18,"minecraft:diamond_horse_armor":1,"minecraft:orange_concrete":18,"minecraft:quartz_slab":17,"minecraft:item_frame":45,"minecraft:cyan_carpet":1,"minecraft:oak_boat":2,"minecraft:player_head":61,"minecraft:observer":45,"minecraft:light_gray_wool":2,"minecraft:lectern":1017,"minecraft:sugar_cane":239,"minecraft:spruce_trapdoor":78,"minecraft:phantom_membrane":3,"minecraft:dark_oak_sapling":1629,"minecraft:raw_iron":635,"minecraft:iron_horse_armor":1,"minecraft:dark_oak_planks":995,"minecraft:arrow":930,"minecraft:saddle":1,"minecraft:wet_sponge":160,"minecraft:oxidized_cut_copper_stairs":7,"minecraft:crimson_stem":552,"minecraft:glow_ink_sac":13,"minecraft:salmon":24,"minecraft:cut_sandstone":2,"minecraft:birch_planks":269,"minecraft:nether_wart_block":3116,"minecraft:cobblestone_stairs":22,"minecraft:deepslate_tile_slab":70,"minecraft:wooden_hoe":4,"minecraft:podzol":331,"minecraft:stripped_oak_wood":6,"minecraft:acacia_sapling":3,"minecraft:soul_sand":24,"minecraft:book":5752,"minecraft:scaffolding":874,"minecraft:oak_slab":8,"minecraft:birch_boat":3,"minecraft:pumpkin":209,"minecraft:raw_iron_block":9,"minecraft:blast_furnace":2,"minecraft:white_bed":68,"minecraft:dark_oak_fence_gate":2,"minecraft:green_carpet":8,"minecraft:mossy_stone_brick_slab":3,"minecraft:spider_eye":26,"minecraft:iron_helmet":2,"minecraft:black_wool":229,"minecraft:coal":946},"minecraft:broken":{"minecraft:diamond_helmet":1,"minecraft:shears":10,"minecraft:diamond_shovel":1,"minecraft:stone_hoe":1,"minecraft:iron_pickaxe":8,"minecraft:wooden_hoe":3,"minecraft:iron_shovel":6,"minecraft:stone_pickaxe":3,"minecraft:stone_axe":1,"minecraft:iron_sword":1,"minecraft:iron_axe":10,"minecraft:golden_shovel":2,"minecraft:golden_hoe":2,"minecraft:flint_and_steel":1,"minecraft:golden_axe":2,"minecraft:golden_pickaxe":2},"minecraft:mined":{"minecraft:cut_red_sandstone_slab":2,"minecraft:red_shulker_box":77,"minecraft:white_bed":68,"minecraft:cyan_shulker_box":3,"minecraft:granite":729,"minecraft:acacia_log":23,"minecraft:deepslate_tile_wall":6,"minecraft:exposed_cut_copper_stairs":3,"minecraft:light_gray_bed":1,"minecraft:blue_wool":16,"minecraft:oak_wall_sign":3,"minecraft:nether_wart":1,"minecraft:polished_blackstone_bricks":36,"minecraft:magma_block":30,"minecraft:dark_oak_trapdoor":45,"minecraft:barrel":18,"minecraft:cobbled_deepslate":3,"minecraft:fire":218,"minecraft:deepslate_lapis_ore":30,"minecraft:fletching_table":24,"minecraft:twisting_vines":1,"minecraft:green_carpet":4,"minecraft:white_shulker_box":2,"minecraft:spruce_wood":3,"minecraft:player_head":7,"minecraft:sandstone_slab":33,"minecraft:cut_sandstone":2,"minecraft:kelp_plant":47,"minecraft:smoker":1,"minecraft:crimson_nylium":15,"minecraft:deepslate_tile_slab":56,"minecraft:powder_snow":15,"minecraft:torch":1197,"minecraft:note_block":40,"minecraft:dark_oak_wood":12,"minecraft:melon":15,"minecraft:dead_bush":4,"minecraft:spruce_wall_sign":1,"minecraft:lime_shulker_box":9,"minecraft:sugar_cane":105,"minecraft:amethyst_block":146,"minecraft:birch_sapling":10,"minecraft:white_terracotta":9,"minecraft:chain":12,"minecraft:repeater":92,"minecraft:mud":11,"minecraft:jukebox":1,"minecraft:grass":1014,"minecraft:cherry_button":1,"minecraft:dark_oak_sapling":7,"minecraft:sandstone_wall":1,"minecraft:waxed_exposed_cut_copper_stairs":16,"minecraft:mangrove_log":76,"minecraft:smooth_basalt":5,"minecraft:stripped_crimson_stem":69,"minecraft:deepslate":9300,"minecraft:attached_pumpkin_stem":2,"minecraft:deepslate_tiles":456,"minecraft:dark_prismarine":127,"minecraft:brown_concrete":56,"minecraft:light_blue_wool":2,"minecraft:mossy_cobblestone":1,"minecraft:cherry_sapling":2,"minecraft:dark_oak_log":26926,"minecraft:potted_flowering_azalea_bush":1,"minecraft:sea_lantern":4,"minecraft:dark_oak_fence":24,"minecraft:spruce_fence":121,"minecraft:redstone_wire":73,"minecraft:redstone_ore":29,"minecraft:packed_mud":1,"minecraft:green_terracotta":280,"minecraft:andesite":663,"minecraft:big_dripleaf_stem":2,"minecraft:mossy_stone_brick_stairs":2,"minecraft:vine":285,"minecraft:cobblestone_slab":2,"minecraft:rail":2753,"minecraft:bone_block":14,"minecraft:green_wool":543,"minecraft:ender_chest":17,"minecraft:waxed_weathered_cut_copper_stairs":10,"minecraft:birch_stairs":1,"minecraft:oak_slab":8,"minecraft:redstone_block":5,"minecraft:soul_sand":23,"minecraft:lily_of_the_valley":2,"minecraft:dandelion":40,"minecraft:cornflower":22,"minecraft:warped_roots":1,"minecraft:crimson_slab":3,"minecraft:lightning_rod":5,"minecraft:potted_oxeye_daisy":3,"minecraft:tall_grass":382,"minecraft:copper_ore":66,"minecraft:deepslate_gold_ore":41,"minecraft:diorite":881,"minecraft:purple_wool":1,"minecraft:coarse_dirt":86,"minecraft:cobblestone_wall":54,"minecraft:stripped_spruce_wood":5,"minecraft:dark_oak_wall_sign":1,"minecraft:mangrove_leaves":326,"minecraft:dark_prismarine_slab":56,"minecraft:dark_oak_button":18,"minecraft:sunflower":2,"minecraft:gravel":6438,"minecraft:cobweb":18,"minecraft:stone_bricks":253,"minecraft:gold_ore":5,"minecraft:chipped_anvil":2,"minecraft:fern":1,"minecraft:prismarine_wall":2,"minecraft:oak_sapling":8,"minecraft:farmland":9,"minecraft:mossy_stone_brick_slab":5,"minecraft:end_stone_brick_wall":3,"minecraft:orange_wool":12,"minecraft:brewing_stand":14,"minecraft:spruce_trapdoor":57,"minecraft:mangrove_door":1,"minecraft:white_concrete":135,"minecraft:composter":87,"minecraft:mossy_cobblestone_slab":3,"minecraft:turtle_egg":38,"minecraft:pointed_dripstone":1,"minecraft:flowering_azalea_leaves":314,"minecraft:potted_cornflower":2,"minecraft:azalea":191,"minecraft:spruce_slab":2157,"minecraft:deepslate_redstone_ore":64,"minecraft:brown_shulker_box":22,"minecraft:quartz_block":52,"minecraft:medium_amethyst_bud":46,"minecraft:beacon":9,"minecraft:wither_skeleton_wall_skull":2,"minecraft:nether_quartz_ore":76,"minecraft:oak_planks":196,"minecraft:wall_torch":212,"minecraft:cauldron":1,"minecraft:light_blue_terracotta":18,"minecraft:powered_rail":77,"minecraft:dark_oak_slab":149,"minecraft:warped_planks":4,"minecraft:smooth_stone_slab":2,"minecraft:oak_log":4200,"minecraft:lime_terracotta":1,"minecraft:dirt":14300,"minecraft:dispenser":3,"minecraft:quartz_stairs":18,"minecraft:dark_oak_leaves":4960,"minecraft:stripped_mangrove_log":1,"minecraft:red_stained_glass":35,"minecraft:mangrove_roots":120,"minecraft:ladder":60,"minecraft:lever":2,"minecraft:purple_terracotta":36,"minecraft:brown_mushroom_block":759,"minecraft:birch_slab":42,"minecraft:spruce_leaves":165,"minecraft:crimson_stem":514,"minecraft:hay_block":5,"minecraft:light_gray_shulker_box":1,"minecraft:peony":3,"minecraft:gold_block":2,"minecraft:bookshelf":1897,"minecraft:shroomlight":92,"minecraft:deepslate_iron_ore":82,"minecraft:stripped_oak_log":131,"minecraft:wet_sponge":162,"minecraft:pink_terracotta":1,"minecraft:scaffolding":94,"minecraft:magenta_stained_glass":11,"minecraft:stripped_dark_oak_log":560,"minecraft:basalt":60,"minecraft:oak_fence":8,"minecraft:stone_slab":15,"minecraft:deepslate_coal_ore":1,"minecraft:prismarine_bricks":3004,"minecraft:birch_planks":86,"minecraft:ice":614,"minecraft:mangrove_planks":5,"minecraft:black_wool":239,"minecraft:cocoa":64,"minecraft:ochre_froglight":5,"minecraft:cherry_leaves":851,"minecraft:flower_pot":1,"minecraft:cyan_carpet":1,"minecraft:small_dripleaf":1,"minecraft:crimson_fence":1,"minecraft:mossy_stone_bricks":19,"minecraft:dark_oak_planks":550,"minecraft:stripped_warped_stem":4,"minecraft:cherry_log":1557,"minecraft:jungle_leaves":16,"minecraft:mangrove_pressure_plate":1,"minecraft:warped_stairs":27,"minecraft:carved_pumpkin":2,"minecraft:obsidian":105,"minecraft:red_sand":15,"minecraft:crimson_trapdoor":4,"minecraft:stone_brick_wall":6,"minecraft:jungle_log":119,"minecraft:pink_stained_glass":17,"minecraft:deepslate_bricks":4,"minecraft:deepslate_tile_stairs":39,"minecraft:hopper":10,"minecraft:crimson_fungus":64,"minecraft:oxeye_daisy":12,"minecraft:light_blue_stained_glass":2,"minecraft:orange_concrete":10,"minecraft:weeping_vines_plant":5,"minecraft:tall_seagrass":43,"minecraft:brown_stained_glass":19,"minecraft:sticky_piston":5,"minecraft:pumpkin":180,"minecraft:moss_carpet":164,"minecraft:stripped_dark_oak_wood":8,"minecraft:cave_vines":2,"minecraft:dirt_path":316,"minecraft:small_amethyst_bud":65,"minecraft:oak_stairs":14,"minecraft:quartz_slab":24,"minecraft:smooth_sandstone_stairs":1,"minecraft:iron_block":346,"minecraft:brown_mushroom":1,"minecraft:player_wall_head":6,"minecraft:amethyst_cluster":468,"minecraft:oxidized_cut_copper_stairs":6,"minecraft:blast_furnace":2,"minecraft:polished_andesite_stairs":1,"minecraft:glass":171,"minecraft:damaged_anvil":3,"minecraft:crimson_stairs":54,"minecraft:weathered_cut_copper_stairs":1,"minecraft:cyan_wool":1,"minecraft:black_concrete_powder":8,"minecraft:wheat":259,"minecraft:lilac":5,"minecraft:pumpkin_stem":20,"minecraft:birch_door":1,"minecraft:warped_fungus":3,"minecraft:stone_brick_stairs":2,"minecraft:copper_block":1,"minecraft:red_mushroom_block":3174,"minecraft:stonecutter":35,"minecraft:piston":111,"minecraft:stripped_birch_log":11,"minecraft:shulker_box":151,"minecraft:nether_bricks":39,"minecraft:allium":78,"minecraft:crimson_roots":536,"minecraft:orange_shulker_box":15,"minecraft:lime_wool":481,"minecraft:moss_block":854,"minecraft:kelp":57,"minecraft:potatoes":244,"minecraft:warped_stem":20,"minecraft:bamboo_sapling":1,"minecraft:bamboo":273,"minecraft:cut_copper":1,"minecraft:smithing_table":6,"minecraft:light_gray_carpet":41,"minecraft:mangrove_stairs":1,"minecraft:gray_concrete":1,"minecraft:cherry_planks":18,"minecraft:comparator":2,"minecraft:brown_carpet":57,"minecraft:stone_brick_slab":21,"minecraft:observer":45,"minecraft:spruce_button":1,"minecraft:emerald_ore":1,"minecraft:sponge":50,"minecraft:dropper":32,"minecraft:big_dripleaf":8,"minecraft:purple_bed":1,"minecraft:purple_stained_glass":14,"minecraft:spruce_log":4403,"minecraft:birch_leaves":869,"minecraft:jungle_fence":2,"minecraft:dripstone_block":2,"minecraft:acacia_planks":76,"minecraft:spruce_fence_gate":7,"minecraft:infested_stone":31,"minecraft:black_shulker_box":13,"minecraft:large_amethyst_bud":46,"minecraft:spruce_planks":733,"minecraft:cave_vines_plant":3,"minecraft:grass_block":13065,"minecraft:mangrove_fence":1,"minecraft:purple_stained_glass_pane":18,"minecraft:mud_bricks":2,"minecraft:glowstone":3,"minecraft:iron_ore":535,"minecraft:anvil":15,"minecraft:azure_bluet":27,"minecraft:dark_oak_stairs":359,"minecraft:warped_button":2,"minecraft:birch_wall_sign":2,"minecraft:azalea_leaves":813,"minecraft:green_bed":5,"minecraft:cyan_terracotta":22,"minecraft:twisting_vines_plant":3,"minecraft:melon_stem":20,"minecraft:clay":139,"minecraft:calcite":2,"minecraft:poppy":77,"minecraft:chest":137,"minecraft:mushroom_stem":509,"minecraft:cobblestone":1324,"minecraft:birch_wood":1,"minecraft:grindstone":8,"minecraft:prismarine":1926,"minecraft:iron_door":3,"minecraft:deepslate_copper_ore":16,"minecraft:seagrass":18,"minecraft:brown_concrete_powder":1,"minecraft:dark_oak_door":4,"minecraft:nether_wart_block":2929,"minecraft:yellow_wool":64,"minecraft:birch_log":1945,"minecraft:birch_trapdoor":8,"minecraft:light_gray_wool":2,"minecraft:cherry_door":1,"minecraft:mangrove_button":1,"minecraft:stripped_oak_wood":6,"minecraft:sand":20196,"minecraft:crimson_planks":65,"minecraft:wither_skeleton_skull":1,"minecraft:netherrack":681,"minecraft:oak_leaves":3092,"minecraft:magenta_wool":27,"minecraft:emerald_block":119,"minecraft:tuff":2039,"minecraft:deepslate_diamond_ore":18,"minecraft:stripped_cherry_log":904,"minecraft:gray_shulker_box":1,"minecraft:weeping_vines":9,"minecraft:polished_andesite_slab":2,"minecraft:mangrove_trapdoor":2,"minecraft:mangrove_propagule":12,"minecraft:sandstone":47,"minecraft:rooted_dirt":109,"minecraft:spore_blossom":4,"minecraft:oak_trapdoor":6,"minecraft:spruce_sapling":1,"minecraft:furnace":30,"minecraft:carrots":3578,"minecraft:dark_oak_fence_gate":1,"minecraft:stripped_spruce_log":371,"minecraft:black_concrete":551,"minecraft:lantern":39,"minecraft:stripped_acacia_log":4,"minecraft:packed_ice":2515,"minecraft:stone":22538,"minecraft:cherry_stairs":5,"minecraft:yellow_shulker_box":77,"minecraft:redstone_wall_torch":6,"minecraft:podzol":195,"minecraft:light_blue_shulker_box":1,"minecraft:flowering_azalea":126,"minecraft:red_wool":171,"minecraft:cut_copper_stairs":35,"minecraft:crafting_table":116,"minecraft:rose_bush":12,"minecraft:sculk_sensor":1,"minecraft:lectern":1016,"minecraft:lapis_ore":41,"minecraft:blue_bed":1,"minecraft:spruce_stairs":60,"minecraft:gray_wool":2,"minecraft:cactus":99,"minecraft:green_shulker_box":2,"minecraft:redstone_torch":37,"minecraft:magenta_terracotta":86,"minecraft:sweet_berry_bush":2,"minecraft:yellow_bed":3,"minecraft:mangrove_slab":1,"minecraft:coal_ore":939,"minecraft:end_rod":1,"minecraft:gray_carpet":2,"minecraft:terracotta":656,"minecraft:polished_andesite":26,"minecraft:birch_fence":63,"minecraft:warped_slab":1},"minecraft:killed":{"minecraft:cod":11,"minecraft:guardian":9,"minecraft:elder_guardian":2,"minecraft:salmon":9,"minecraft:pillager":1,"minecraft:zombie":88,"minecraft:witch":1,"minecraft:spider":12,"minecraft:wither":1,"minecraft:silverfish":13,"minecraft:piglin":5,"minecraft:zombie_villager":1,"minecraft:slime":15,"minecraft:drowned":10,"minecraft:squid":3,"minecraft:wither_skeleton":36,"minecraft:player":5,"minecraft:cave_spider":3,"minecraft:skeleton":232,"minecraft:chicken":6,"minecraft:magma_cube":127,"minecraft:cow":10,"minecraft:enderman":611,"minecraft:pig":11,"minecraft:creeper":24,"minecraft:blaze":43,"minecraft:phantom":6},"minecraft:used":{"minecraft:moss_block":1494,"minecraft:writable_book":33,"minecraft:dispenser":16,"minecraft:poppy":7,"minecraft:stone":6901,"minecraft:rotten_flesh":4,"minecraft:waxed_weathered_cut_copper_stairs":10,"minecraft:soul_sand":74,"minecraft:cocoa_beans":69,"minecraft:cut_copper":1,"minecraft:azure_bluet":25,"minecraft:spruce_boat":15,"minecraft:packed_ice":27,"minecraft:lava_bucket":34,"minecraft:stripped_dark_oak_wood":13,"minecraft:mangrove_stairs":1,"minecraft:red_wool":83,"minecraft:quartz_block":46,"minecraft:dark_oak_leaves":205,"minecraft:dark_oak_slab":778,"minecraft:cherry_leaves":4,"minecraft:bow":276,"minecraft:oak_sapling":424,"minecraft:cooked_cod":15,"minecraft:mangrove_slab":1,"minecraft:dark_prismarine_stairs":4,"minecraft:mossy_stone_bricks":74,"minecraft:damaged_anvil":3,"minecraft:prismarine":558,"minecraft:cactus":71,"minecraft:wooden_pickaxe":3,"minecraft:mossy_stone_brick_stairs":20,"minecraft:composter":105,"minecraft:clay":206,"minecraft:blast_furnace":3,"minecraft:purple_terracotta":864,"minecraft:birch_fence":62,"minecraft:mangrove_door":1,"minecraft:birch_slab":75,"minecraft:flowering_azalea_leaves":186,"minecraft:nether_wart_block":2,"minecraft:diamond_sword":1032,"minecraft:smithing_table":7,"minecraft:birch_log":410,"minecraft:oak_boat":3,"minecraft:purple_wool":1,"minecraft:oak_trapdoor":45,"minecraft:stripped_acacia_wood":2,"minecraft:carved_pumpkin":1,"minecraft:light_gray_carpet":101,"minecraft:mangrove_fence":1,"minecraft:cooked_salmon":19,"minecraft:exposed_cut_copper_stairs":3,"minecraft:orange_stained_glass":32,"minecraft:torch":3630,"minecraft:brewing_stand":19,"minecraft:golden_shovel":12,"minecraft:fern":1,"minecraft:mossy_cobblestone_stairs":16,"minecraft:sea_lantern":33,"minecraft:chipped_anvil":1,"minecraft:iron_block":328,"minecraft:jungle_log":17,"minecraft:barrel":44,"minecraft:bamboo":103,"minecraft:diamond_chestplate":2,"minecraft:warped_stairs":352,"minecraft:magenta_terracotta":665,"minecraft:podzol":13,"minecraft:cherry_log":1265,"minecraft:acacia_planks":112,"minecraft:wheat_seeds":694,"minecraft:warped_stem":92,"minecraft:light_blue_shulker_box":1,"minecraft:birch_planks":141,"minecraft:cherry_planks":21,"minecraft:cauldron":58,"minecraft:glow_ink_sac":3,"minecraft:spruce_fence_gate":13,"minecraft:leather_boots":1,"minecraft:deepslate_bricks":19,"minecraft:rail":3135,"minecraft:crimson_trapdoor":4,"minecraft:campfire":3,"minecraft:white_bed":76,"minecraft:spruce_log":617,"minecraft:mushroom_stem":291,"minecraft:amethyst_cluster":31,"minecraft:diamond_pickaxe":54856,"minecraft:yellow_dye":2,"minecraft:diamond_shovel":54166,"minecraft:mangrove_pressure_plate":1,"minecraft:spruce_trapdoor":358,"minecraft:spruce_sapling":207,"minecraft:green_carpet":4,"minecraft:potion":29,"minecraft:azalea_leaves":415,"minecraft:purple_bed":2,"minecraft:crimson_stairs":413,"minecraft:cooked_porkchop":48,"minecraft:stripped_oak_log":81,"minecraft:dandelion":4,"minecraft:diamond_leggings":32,"minecraft:green_stained_glass":32,"minecraft:cherry_sapling":107,"minecraft:moss_carpet":196,"minecraft:red_sand":3,"minecraft:light_gray_stained_glass_pane":56,"minecraft:melon":19,"minecraft:bone_block":214,"minecraft:nether_wart":1,"minecraft:grass":109,"minecraft:mossy_stone_brick_slab":11,"minecraft:green_terracotta":426,"minecraft:stripped_crimson_stem":56,"minecraft:spruce_leaves":7,"minecraft:pink_terracotta":1,"minecraft:furnace_minecart":16,"minecraft:obsidian":16,"minecraft:big_dripleaf":4,"minecraft:crimson_button":4,"minecraft:mangrove_log":12,"minecraft:lantern":315,"minecraft:spruce_wood":5,"minecraft:green_wool":136,"minecraft:mossy_cobblestone_slab":19,"minecraft:item_frame":83,"minecraft:birch_button":1,"minecraft:birch_trapdoor":45,"minecraft:written_book":11,"minecraft:mangrove_roots":12,"minecraft:dark_oak_sapling":127,"minecraft:mangrove_leaves":2,"minecraft:end_rod":4,"minecraft:diamond_boots":32,"minecraft:dropper":19,"minecraft:wither_skeleton_skull":4,"minecraft:stone_pickaxe":404,"minecraft:jungle_fence":41,"minecraft:gray_carpet":30,"minecraft:mangrove_planks":6,"minecraft:oak_planks":120,"minecraft:sandstone":411,"minecraft:diamond_axe":60341,"minecraft:sugar_cane":15,"minecraft:golden_hoe":12,"minecraft:light_blue_wool":9,"minecraft:ochre_froglight":29,"minecraft:deepslate_lapis_ore":11,"minecraft:sticky_piston":19,"minecraft:lever":11,"minecraft:dark_oak_log":8324,"minecraft:bread":30,"minecraft:warped_slab":25,"minecraft:iron_door":3,"minecraft:deepslate":119,"minecraft:prismarine_wall":110,"minecraft:stripped_warped_hyphae":2,"minecraft:chain":175,"minecraft:stripped_cherry_log":524,"minecraft:coarse_dirt":321,"minecraft:bone_meal":3329,"minecraft:rose_bush":2,"minecraft:crimson_fence":6,"minecraft:flint_and_steel":137,"minecraft:redstone":190,"minecraft:ender_chest":24,"minecraft:brown_shulker_box":21,"minecraft:stone_hoe":221,"minecraft:cooked_chicken":1,"minecraft:dirt":10881,"minecraft:prismarine_bricks":475,"minecraft:spruce_fence":325,"minecraft:iron_hoe":471,"minecraft:wooden_axe":18,"minecraft:oak_stairs":62,"minecraft:crimson_slab":54,"minecraft:dark_oak_pressure_plate":4,"minecraft:lime_stained_glass":32,"minecraft:deepslate_tile_stairs":717,"minecraft:minecart":95,"minecraft:cooked_beef":14,"minecraft:pumpkin":7,"minecraft:light_gray_bed":2,"minecraft:cobblestone_stairs":4,"minecraft:baked_potato":250,"minecraft:birch_boat":4,"minecraft:brown_mushroom":4,"minecraft:cut_sandstone":2,"minecraft:spruce_sign":3,"minecraft:green_bed":6,"minecraft:dark_prismarine_slab":56,"minecraft:red_mushroom":22,"minecraft:warped_planks":164,"minecraft:cyan_stained_glass":32,"minecraft:piston":152,"minecraft:wooden_hoe":179,"minecraft:flower_pot":13,"minecraft:cherry_door":1,"minecraft:stone_slab":35,"minecraft:yellow_wool":158,"minecraft:stone_axe":156,"minecraft:crimson_fungus":64,"minecraft:gray_wool":15,"minecraft:birch_stairs":10,"minecraft:peony":2,"minecraft:music_disc_far":1,"minecraft:spruce_slab":6135,"minecraft:elytra":34,"minecraft:ladder":393,"minecraft:chest":437,"minecraft:brown_concrete":14,"minecraft:white_shulker_box":1,"minecraft:blue_stained_glass":32,"minecraft:weathered_cut_copper_stairs":1,"minecraft:allium":3,"minecraft:acacia_sapling":2,"minecraft:stripped_spruce_log":94,"minecraft:honeycomb":27,"minecraft:grass_block":5559,"minecraft:birch_sapling":295,"minecraft:polished_andesite_stairs":1,"minecraft:orange_shulker_box":15,"minecraft:wet_sponge":49,"minecraft:cherry_button":2,"minecraft:dark_oak_button":115,"minecraft:stone_brick_stairs":10,"minecraft:dark_oak_boat":2,"minecraft:sweet_berries":20,"minecraft:furnace":40,"minecraft:egg":33,"minecraft:potato":313,"minecraft:brown_concrete_powder":109,"minecraft:diorite":2,"minecraft:spruce_door":8,"minecraft:stripped_birch_log":6,"minecraft:red_stained_glass":67,"minecraft:powered_rail":128,"minecraft:oak_leaves":285,"minecraft:dark_oak_trapdoor":517,"minecraft:sand":19495,"minecraft:black_concrete_powder":424,"minecraft:pumpkin_seeds":49,"minecraft:lightning_rod":11,"minecraft:deepslate_tiles":3202,"minecraft:cyan_carpet":1,"minecraft:stone_button":7,"minecraft:spore_blossom":3,"minecraft:lectern":1031,"minecraft:lilac":6,"minecraft:polished_andesite_slab":44,"minecraft:dark_oak_fence":166,"minecraft:white_stained_glass":20,"minecraft:pink_stained_glass":2858,"minecraft:stone_sword":27,"minecraft:acacia_log":53,"minecraft:sandstone_wall":1,"minecraft:netherrack":410,"minecraft:light_gray_shulker_box":1,"minecraft:anvil":116,"minecraft:wheat":29,"minecraft:stone_stairs":5,"minecraft:glow_lichen":4,"minecraft:red_shulker_box":87,"minecraft:flowering_azalea":45,"minecraft:cyan_shulker_box":8,"minecraft:iron_axe":2854,"minecraft:rooted_dirt":6,"minecraft:spruce_button":5,"minecraft:mud_bricks":2,"minecraft:melon_seeds":41,"minecraft:glowstone":8,"minecraft:magenta_wool":101,"minecraft:cobbled_deepslate":14,"minecraft:observer":85,"minecraft:golden_axe":12,"minecraft:crimson_stem":342,"minecraft:water_bucket":488,"minecraft:yellow_shulker_box":78,"minecraft:red_mushroom_block":487,"minecraft:fletching_table":31,"minecraft:polished_blackstone_bricks":9,"minecraft:mossy_cobblestone":51,"minecraft:lime_terracotta":1,"minecraft:vine":34,"minecraft:comparator":22,"minecraft:oak_slab":79,"minecraft:crafting_table":143,"minecraft:birch_sign":29,"minecraft:dark_oak_fence_gate":96,"minecraft:cod":1,"minecraft:lime_shulker_box":8,"minecraft:mangrove_sign":1,"minecraft:deepslate_tile_wall":116,"minecraft:small_amethyst_bud":36,"minecraft:oak_log":2631,"minecraft:mud":1,"minecraft:dark_prismarine":354,"minecraft:cornflower":3,"minecraft:waxed_exposed_cut_copper_stairs":16,"minecraft:sunflower":1,"minecraft:mangrove_propagule":3,"minecraft:iron_pickaxe":2154,"minecraft:crimson_nylium":6,"minecraft:cobblestone":3020,"minecraft:acacia_pressure_plate":1,"minecraft:sandstone_slab":1060,"minecraft:brown_mushroom_block":41,"minecraft:jukebox":1,"minecraft:kelp":541,"minecraft:iron_shovel":2079,"minecraft:diamond_hoe":9548,"minecraft:oak_sign":15,"minecraft:mangrove_button":1,"minecraft:white_concrete_powder":128,"minecraft:shield":48,"minecraft:white_terracotta":78,"minecraft:iron_sword":216,"minecraft:player_head":15,"minecraft:smooth_sandstone_stairs":1,"minecraft:nether_bricks":21,"minecraft:carrot":4298,"minecraft:deepslate_tile_slab":2050,"minecraft:tuff":1981,"minecraft:cyan_wool":2,"minecraft:axolotl_bucket":35,"minecraft:glass":1936,"minecraft:cyan_terracotta":208,"minecraft:coal_ore":49,"minecraft:packed_mud":1,"minecraft:dark_oak_wood":66,"minecraft:hopper_minecart":3,"minecraft:stone_bricks":644,"minecraft:repeater":88,"minecraft:magma_block":1109,"minecraft:brown_carpet":144,"minecraft:scaffolding":435,"minecraft:oxidized_cut_copper_stairs":7,"minecraft:pearlescent_froglight":3,"minecraft:stripped_spruce_wood":21,"minecraft:dark_oak_stairs":730,"minecraft:birch_leaves":142,"minecraft:dark_oak_sign":10,"minecraft:birch_wood":5,"minecraft:ender_pearl":20,"minecraft:redstone_block":6,"minecraft:blue_bed":2,"minecraft:large_amethyst_bud":38,"minecraft:sponge":162,"minecraft:note_block":80,"minecraft:stone_brick_wall":113,"minecraft:shears":2351,"minecraft:redstone_torch":92,"minecraft:black_concrete":318,"minecraft:firework_rocket":4334,"minecraft:birch_fence_gate":1,"minecraft:brown_stained_glass":97,"minecraft:gray_shulker_box":1,"minecraft:gravel":480,"minecraft:stripped_oak_wood":20,"minecraft:grindstone":28,"minecraft:medium_amethyst_bud":33,"minecraft:andesite":1147,"minecraft:air":9,"minecraft:chest_minecart":1,"minecraft:white_concrete":104,"minecraft:tropical_fish_bucket":4,"minecraft:warped_button":5,"minecraft:golden_pickaxe":12,"minecraft:experience_bottle":289,"minecraft:oak_fence":61,"minecraft:azalea":22,"minecraft:light_blue_terracotta":64,"minecraft:spruce_planks":3306,"minecraft:sculk":8,"minecraft:cut_copper_stairs":77,"minecraft:end_stone_brick_wall":1,"minecraft:hopper":93,"minecraft:spruce_stairs":331,"minecraft:cobblestone_wall":74,"minecraft:warped_door":2,"minecraft:diamond_helmet":32,"minecraft:shulker_box":166,"minecraft:oak_wood":28,"minecraft:salmon_bucket":1,"minecraft:granite":24,"minecraft:light_blue_stained_glass":34,"minecraft:birch_door":1,"minecraft:purple_stained_glass_pane":120,"minecraft:stone_brick_slab":106,"minecraft:dark_oak_planks":665,"minecraft:bookshelf":1897,"minecraft:yellow_stained_glass":32,"minecraft:crimson_planks":1104,"minecraft:light_gray_wool":224,"minecraft:golden_carrot":1061,"minecraft:emerald_block":63,"minecraft:acacia_boat":8,"minecraft:amethyst_block":716,"minecraft:iron_ore":10,"minecraft:glass_bottle":80,"minecraft:polished_andesite":130,"minecraft:copper_block":1,"minecraft:blue_wool":1026,"minecraft:andesite_slab":6,"minecraft:black_shulker_box":13,"minecraft:beacon":9,"minecraft:magenta_stained_glass":49,"minecraft:stonecutter":47,"minecraft:cobblestone_slab":38,"minecraft:mangrove_trapdoor":2,"minecraft:stripped_dark_oak_log":421,"minecraft:painting":20,"minecraft:dark_oak_door":39,"minecraft:smoker":2,"minecraft:purple_stained_glass":113,"minecraft:apple":2,"minecraft:green_shulker_box":1,"minecraft:cherry_stairs":5,"minecraft:bucket":630,"minecraft:yellow_bed":3,"minecraft:splash_potion":59},"minecraft:killed_by":{"minecraft:ravager":3,"minecraft:zombie":2,"minecraft:skeleton":2,"minecraft:creeper":2,"minecraft:player":3},"minecraft:crafted":{"minecraft:black_dye":4716,"minecraft:chainmail_helmet":4,"minecraft:oak_sign":27,"minecraft:melon":17668,"minecraft:blaze_powder":24,"minecraft:birch_boat":1,"minecraft:chain":252,"minecraft:diamond_shovel":10,"minecraft:diamond_helmet":2,"minecraft:beacon":1,"minecraft:name_tag":33,"minecraft:pink_stained_glass":4528,"minecraft:warped_stairs":340,"minecraft:polished_andesite_stairs":1,"minecraft:chest_minecart":1,"minecraft:green_bed":2,"minecraft:smithing_table":1,"minecraft:mossy_cobblestone":117,"minecraft:fletching_table":15,"minecraft:mangrove_sign":3,"minecraft:painting":6,"minecraft:stone_brick_stairs":12,"minecraft:lectern":22,"minecraft:wooden_hoe":4,"minecraft:stone_slab":204,"minecraft:iron_pickaxe":18,"minecraft:sandstone":1056,"minecraft:composter":21,"minecraft:dark_prismarine":4096,"minecraft:golden_carrot":1116,"minecraft:jukebox":1,"minecraft:iron_nugget":928,"minecraft:crimson_trapdoor":8,"minecraft:experience_bottle":2012,"minecraft:spruce_fence":372,"minecraft:stone_stairs":16,"minecraft:lantern":551,"minecraft:spruce_stairs":432,"minecraft:polished_diorite":96,"minecraft:black_concrete_powder":416,"minecraft:cherry_stairs":84,"minecraft:stone_pickaxe":4,"minecraft:crimson_slab":60,"minecraft:dark_oak_button":256,"minecraft:deepslate_tiles":962,"minecraft:enchanted_book":106,"minecraft:stripped_warped_hyphae":3,"minecraft:crimson_stairs":544,"minecraft:fermented_spider_eye":30,"minecraft:chainmail_boots":8,"minecraft:birch_trapdoor":42,"minecraft:iron_shovel":8,"minecraft:prismarine_wall":120,"minecraft:note_block":73,"minecraft:mangrove_slab":6,"minecraft:pink_terracotta":8,"minecraft:grindstone":44,"minecraft:cobblestone_slab":66,"minecraft:barrel":13,"minecraft:birch_wood":15,"minecraft:acacia_pressure_plate":1,"minecraft:packed_mud":5,"minecraft:lightning_rod":12,"minecraft:stone":800,"minecraft:warped_planks":872,"minecraft:brown_carpet":96,"minecraft:stone_brick_slab":186,"minecraft:brown_stained_glass":64,"minecraft:mangrove_fence":3,"minecraft:bow":9,"minecraft:comparator":1,"minecraft:chest":455,"minecraft:oak_button":102,"minecraft:rail":864,"minecraft:birch_button":96,"minecraft:ender_eye":8,"minecraft:oak_fence":54,"minecraft:stone_bricks":1012,"minecraft:sea_lantern":2054,"minecraft:arrow":4384,"minecraft:cauldron":134,"minecraft:lime_terracotta":540,"minecraft:brown_dye":37,"minecraft:cherry_button":32,"minecraft:acacia_button":29,"minecraft:warped_door":3,"minecraft:apple":248,"minecraft:spruce_trapdoor":424,"minecraft:purple_dye":234,"minecraft:yellow_dye":2,"minecraft:stick":32316,"minecraft:iron_ingot":3213,"minecraft:dark_oak_fence_gate":97,"minecraft:deepslate_bricks":984,"minecraft:orange_glazed_terracotta":5,"minecraft:deepslate_tile_slab":198,"minecraft:stone_brick_wall":252,"minecraft:fishing_rod":1,"minecraft:leather_boots":1,"minecraft:spruce_button":94,"minecraft:mossy_stone_bricks":97,"minecraft:furnace":23,"minecraft:blast_furnace":1,"minecraft:mud_bricks":4,"minecraft:piston":42,"minecraft:crimson_button":98,"minecraft:polished_andesite_slab":32,"minecraft:oak_trapdoor":44,"minecraft:flint_and_steel":3,"minecraft:white_concrete_powder":192,"minecraft:cobblestone_wall":180,"minecraft:mangrove_pressure_plate":1,"minecraft:birch_sign":30,"minecraft:purple_terracotta":2232,"minecraft:purple_stained_glass":256,"minecraft:stripped_spruce_wood":6,"minecraft:mangrove_door":3,"minecraft:iron_sword":1,"minecraft:cooked_salmon":9,"minecraft:mangrove_planks":108,"minecraft:acacia_boat":3,"minecraft:jungle_planks":160,"minecraft:white_dye":329,"minecraft:brown_concrete_powder":96,"minecraft:anvil":210,"minecraft:stonecutter":21,"minecraft:torch":2060,"minecraft:diamond_chestplate":2,"minecraft:ender_chest":8,"minecraft:smooth_stone":12,"minecraft:dark_oak_pressure_plate":8,"minecraft:purple_bed":1,"minecraft:dark_oak_wood":63,"minecraft:birch_slab":270,"minecraft:lever":18,"minecraft:stripped_acacia_wood":3,"minecraft:bookshelf":1923,"minecraft:dark_prismarine_stairs":4,"minecraft:glass":43375,"minecraft:quartz_block":36,"minecraft:light_blue_terracotta":1280,"minecraft:repeater":5,"minecraft:diamond_leggings":2,"minecraft:birch_fence_gate":1,"minecraft:melon_seeds":53,"minecraft:mangrove_stairs":4,"minecraft:stripped_dark_oak_wood":9,"minecraft:birch_door":3,"minecraft:magenta_dye":384,"minecraft:flower_pot":6,"minecraft:glass_bottle":81,"minecraft:furnace_minecart":13,"minecraft:deepslate":120,"minecraft:wooden_shovel":23,"minecraft:emerald":35041,"minecraft:cooked_porkchop":16,"minecraft:diamond_axe":5,"minecraft:prismarine_bricks":3919,"minecraft:spruce_door":21,"minecraft:clock":3,"minecraft:copper_ingot":36,"minecraft:oak_wood":45,"minecraft:campfire":3,"minecraft:light_gray_bed":1,"minecraft:green_terracotta":1300,"minecraft:compass":11,"minecraft:iron_block":2201,"minecraft:white_terracotta":732,"minecraft:gold_ingot":28819,"minecraft:light_gray_dye":32,"minecraft:spruce_fence_gate":8,"minecraft:birch_stairs":60,"minecraft:prismarine":4464,"minecraft:stone_shovel":12,"minecraft:cut_copper_stairs":80,"minecraft:mossy_cobblestone_stairs":16,"minecraft:red_terracotta":408,"minecraft:bone_meal":4496,"minecraft:pink_dye":456,"minecraft:dark_oak_fence":144,"minecraft:ladder":351,"minecraft:spruce_slab":4300,"minecraft:ender_pearl":26,"minecraft:diamond_boots":2,"minecraft:deepslate_tile_wall":150,"minecraft:redstone_block":2,"minecraft:jungle_fence":102,"minecraft:dark_oak_planks":10012,"minecraft:golden_helmet":2,"minecraft:wheat":45,"minecraft:dripstone_block":128,"minecraft:cyan_glazed_terracotta":12,"minecraft:purple_stained_glass_pane":128,"minecraft:magenta_stained_glass":16,"minecraft:blue_bed":1,"minecraft:sandstone_slab":1080,"minecraft:polished_granite":256,"minecraft:glowstone":44,"minecraft:mossy_stone_brick_stairs":20,"minecraft:golden_apple":64,"minecraft:andesite_slab":6,"minecraft:cyan_shulker_box":1,"minecraft:wooden_axe":1,"minecraft:oak_stairs":140,"minecraft:crimson_fence":12,"minecraft:deepslate_tile_stairs":8,"minecraft:white_bed":13,"minecraft:brick":2114,"minecraft:oak_planks":2340,"minecraft:mangrove_button":65,"minecraft:dark_oak_boat":1,"minecraft:mossy_stone_brick_slab":18,"minecraft:cobblestone_stairs":8,"minecraft:green_dye":128,"minecraft:dark_oak_door":45,"minecraft:hopper":139,"minecraft:iron_boots":1,"minecraft:mossy_cobblestone_slab":42,"minecraft:cyan_terracotta":256,"minecraft:chiseled_stone_bricks":740,"minecraft:stone_hoe":3,"minecraft:smoker":1,"minecraft:item_frame":4,"minecraft:oak_slab":126,"minecraft:crafting_table":61,"minecraft:spruce_planks":18832,"minecraft:wooden_pickaxe":1,"minecraft:baked_potato":287,"minecraft:mangrove_trapdoor":2,"minecraft:gold_block":2963,"minecraft:hopper_minecart":3,"minecraft:pumpkin_seeds":264,"minecraft:birch_planks":4332,"minecraft:brewing_stand":5,"minecraft:dark_oak_slab":1096,"minecraft:book":5,"minecraft:iron_chestplate":5,"minecraft:paper":18,"minecraft:diamond_pickaxe":4,"minecraft:charcoal":490,"minecraft:emerald_block":1109,"minecraft:warped_slab":144,"minecraft:birch_fence":48,"minecraft:light_blue_dye":58,"minecraft:stone_sword":1,"minecraft:gray_carpet":30,"minecraft:redstone_torch":22,"minecraft:light_gray_carpet":78,"minecraft:sponge":40,"minecraft:green_carpet":3,"minecraft:shears":15,"minecraft:light_gray_stained_glass_pane":384,"minecraft:polished_andesite":228,"minecraft:coarse_dirt":432,"minecraft:cherry_planks":232,"minecraft:cookie":2592,"minecraft:raw_iron":27,"minecraft:redstone":568,"minecraft:light_gray_stained_glass":144,"minecraft:stone_button":19,"minecraft:dark_oak_trapdoor":762,"minecraft:gray_dye":16,"minecraft:dark_oak_sign":12,"minecraft:polished_deepslate":1048,"minecraft:iron_axe":43,"minecraft:spruce_wood":6,"minecraft:iron_hoe":1,"minecraft:warped_button":98,"minecraft:minecart":58,"minecraft:observer":40,"minecraft:cooked_beef":14,"minecraft:sugar":43,"minecraft:red_dye":422,"minecraft:cooked_cod":18,"minecraft:crimson_planks":2150,"minecraft:diamond_sword":3,"minecraft:cyan_dye":44,"minecraft:spruce_sign":6,"minecraft:dark_oak_stairs":428,"minecraft:powered_rail":42,"minecraft:bell":6,"minecraft:stripped_oak_wood":21,"minecraft:bucket":106,"minecraft:stone_axe":17,"minecraft:amethyst_block":352,"minecraft:brown_terracotta":540,"minecraft:air":0,"minecraft:bread":126,"minecraft:blue_dye":213,"minecraft:cut_copper":128,"minecraft:oak_boat":1,"minecraft:magenta_terracotta":1504,"minecraft:white_wool":6,"minecraft:dark_prismarine_slab":58,"minecraft:cherry_door":3,"minecraft:pumpkin_pie":192,"minecraft:acacia_planks":172,"minecraft:lapis_lazuli":108,"minecraft:clay":107,"minecraft:carrot_on_a_stick":1}},"DataVersion":3463}