{"stats":{"minecraft:used":{"minecraft:moss_block":87,"minecraft:oak_trapdoor":6,"minecraft:crimson_fence":21,"minecraft:iron_shovel":554,"minecraft:carrot_on_a_stick":2,"minecraft:elytra":5,"minecraft:chest":9,"minecraft:spruce_planks":1,"minecraft:iron_sword":34,"minecraft:player_head":1,"minecraft:stripped_crimson_stem":1,"minecraft:green_terracotta":53,"minecraft:torch":8,"minecraft:dirt":364,"minecraft:glow_lichen":30,"minecraft:snowball":67,"minecraft:stripped_spruce_log":2,"minecraft:shroomlight":14,"minecraft:dark_oak_planks":51,"minecraft:coal_ore":16,"minecraft:lantern":11,"minecraft:iron_axe":600,"minecraft:dark_oak_slab":186,"minecraft:iron_boots":1,"minecraft:crimson_planks":341,"minecraft:barrel":5,"minecraft:lime_concrete":1,"minecraft:golden_carrot":32,"minecraft:bow":2,"minecraft:cooked_cod":1,"minecraft:furnace":1,"minecraft:mangrove_slab":4,"minecraft:iron_leggings":1,"minecraft:crimson_stem":36,"minecraft:dark_oak_stairs":19,"minecraft:light_blue_shulker_box":4,"minecraft:water_bucket":1,"minecraft:diamond_boots":1,"minecraft:iron_ore":16,"minecraft:spruce_door":5,"minecraft:lead":1,"minecraft:birch_planks":14,"minecraft:birch_wood":30,"minecraft:stone_pickaxe":29,"minecraft:chorus_fruit":2,"minecraft:dark_oak_sign":2,"minecraft:mangrove_planks":44,"minecraft:lime_concrete_powder":65,"minecraft:ender_pearl":2,"minecraft:spruce_sign":2,"minecraft:green_bed":1,"minecraft:glow_ink_sac":2,"minecraft:dark_oak_trapdoor":47,"minecraft:lime_terracotta":123,"minecraft:crimson_trapdoor":2,"minecraft:crafting_table":7,"minecraft:light_gray_terracotta":114,"minecraft:spruce_log":3,"minecraft:birch_fence":1,"minecraft:oak_log":41,"minecraft:amethyst_cluster":5,"minecraft:firework_rocket":67,"minecraft:dark_oak_log":6,"minecraft:birch_slab":3,"minecraft:spruce_sapling":5,"minecraft:lectern":3,"minecraft:iron_pickaxe":861,"minecraft:spruce_trapdoor":30,"minecraft:crimson_sign":3,"minecraft:green_shulker_box":10,"minecraft:nether_wart_block":21,"minecraft:potion":3,"minecraft:cobblestone":158,"minecraft:green_concrete_powder":9,"minecraft:bucket":1,"minecraft:birch_log":17,"minecraft:pumpkin_pie":1,"minecraft:diamond_leggings":1,"minecraft:birch_stairs":5},"minecraft:killed":{"minecraft:skeleton":1,"minecraft:creeper":1,"minecraft:zombie":1,"minecraft:glow_squid":7,"minecraft:player":1},"minecraft:crafted":{"minecraft:oak_planks":64,"minecraft:barrel":7,"minecraft:birch_wood":9,"minecraft:iron_nugget":27,"minecraft:crimson_trapdoor":2,"minecraft:crimson_sign":3,"minecraft:birch_slab":42,"minecraft:furnace":1,"minecraft:dark_oak_trapdoor":36,"minecraft:dark_oak_sign":3,"minecraft:oak_trapdoor":20,"minecraft:lantern":3,"minecraft:iron_boots":1,"minecraft:iron_axe":3,"minecraft:stone_pickaxe":1,"minecraft:chest":5,"minecraft:dark_oak_planks":276,"minecraft:crimson_planks":256,"minecraft:dark_oak_stairs":16,"minecraft:crafting_table":4,"minecraft:spruce_planks":108,"minecraft:iron_helmet":1,"minecraft:iron_sword":1,"minecraft:green_bed":1,"minecraft:spruce_door":3,"minecraft:mangrove_planks":112,"minecraft:bucket":1,"minecraft:birch_planks":152,"minecraft:air":0,"minecraft:spruce_trapdoor":32,"minecraft:dark_oak_slab":150,"minecraft:iron_chestplate":1,"minecraft:birch_fence":3,"minecraft:stick":52,"minecraft:iron_ingot":80,"minecraft:iron_pickaxe":4,"minecraft:iron_shovel":5,"minecraft:iron_leggings":1,"minecraft:torch":8,"minecraft:birch_stairs":40,"minecraft:mangrove_slab":36},"minecraft:broken":{"minecraft:iron_shovel":1,"minecraft:iron_axe":2,"minecraft:iron_pickaxe":3},"minecraft:custom":{"minecraft:interact_with_anvil":1,"minecraft:mob_kills":10,"minecraft:inspect_hopper":1,"minecraft:interact_with_crafting_table":59,"minecraft:open_barrel":24,"minecraft:open_shulker_box":188,"minecraft:leave_game":16,"minecraft:time_since_death":6061,"minecraft:damage_resisted":4,"minecraft:climb_one_cm":15365,"minecraft:sprint_one_cm":638467,"minecraft:walk_one_cm":656998,"minecraft:drop":100,"minecraft:play_time":519174,"minecraft:deaths":4,"minecraft:sneak_time":23763,"minecraft:walk_under_water_one_cm":25812,"minecraft:interact_with_lectern":3,"minecraft:jump":3250,"minecraft:walk_on_water_one_cm":5917,"minecraft:total_world_time":519174,"minecraft:interact_with_furnace":11,"minecraft:sleep_in_bed":2,"minecraft:time_since_rest":6108,"minecraft:open_enderchest":1,"minecraft:damage_taken":3885,"minecraft:damage_dealt":1669,"minecraft:player_kills":1,"minecraft:swim_one_cm":52624,"minecraft:fly_one_cm":326494,"minecraft:pig_one_cm":75886,"minecraft:open_chest":248,"minecraft:crouch_one_cm":59708,"minecraft:aviate_one_cm":3220229,"minecraft:fall_one_cm":102224},"minecraft:picked_up":{"minecraft:crafting_table":5,"minecraft:lead":6,"minecraft:potion":3,"minecraft:crimson_planks":136,"minecraft:moss_carpet":14,"minecraft:oak_trapdoor":2,"minecraft:dark_oak_trapdoor":18,"minecraft:elytra":6,"minecraft:iron_axe":2,"minecraft:flint_and_steel":1,"minecraft:iron_leggings":1,"minecraft:netherite_ingot":1,"minecraft:iron_shovel":3,"minecraft:shroomlight":19,"minecraft:diamond_leggings":1,"minecraft:crimson_fence":3,"minecraft:spruce_planks":41,"minecraft:player_head":6,"minecraft:azalea":8,"minecraft:iron_pickaxe":2,"minecraft:lectern":3,"minecraft:chest":6,"minecraft:spruce_trapdoor":8,"minecraft:mangrove_log":277,"minecraft:crimson_sign":1,"minecraft:iron_boots":1,"minecraft:dark_oak_sapling":16,"minecraft:stick":78,"minecraft:raw_iron":16,"minecraft:torch":3,"minecraft:cookie":4,"minecraft:green_terracotta":18,"minecraft:goat_horn":1,"minecraft:dark_oak_planks":145,"minecraft:black_dye":26,"minecraft:rotten_flesh":1,"minecraft:pumpkin_pie":44,"minecraft:diamond_boots":2,"minecraft:carved_pumpkin":66,"minecraft:totem_of_undying":2,"minecraft:stripped_birch_wood":20,"minecraft:glow_berries":2,"minecraft:lime_concrete_powder":1,"minecraft:snowball":137,"minecraft:cobblestone":1797,"minecraft:stripped_oak_log":1,"minecraft:birch_log":134,"minecraft:golden_carrot":179,"minecraft:glow_ink_sac":10,"minecraft:water_bucket":1,"minecraft:leather":1,"minecraft:green_concrete_powder":9,"minecraft:carrot_on_a_stick":1,"minecraft:powder_snow_bucket":1,"minecraft:birch_planks":14,"minecraft:flint":1,"minecraft:crimson_fungus":6,"minecraft:oak_log":71,"minecraft:nether_wart_block":21,"minecraft:lantern":9,"minecraft:mangrove_slab":93,"minecraft:stripped_birch_log":7,"minecraft:green_shulker_box":11,"minecraft:dirt":462,"minecraft:paper":1,"minecraft:white_banner":1,"minecraft:apple":7,"minecraft:bow":1,"minecraft:wheat_seeds":7,"minecraft:stone_pickaxe":1,"minecraft:spore_blossom":2,"minecraft:birch_wood":29,"minecraft:dark_oak_sign":2,"minecraft:iron_ingot":50,"minecraft:iron_ore":51,"minecraft:glass_bottle":2,"minecraft:moss_block":123,"minecraft:mangrove_planks":114,"minecraft:iron_sword":2,"minecraft:dark_oak_stairs":5,"minecraft:warped_fungus":2,"minecraft:dark_oak_slab":57,"minecraft:lime_concrete":63,"minecraft:lime_terracotta":13,"minecraft:stripped_crimson_stem":1,"minecraft:spruce_sapling":3,"minecraft:dark_oak_log":168,"minecraft:light_blue_shulker_box":4,"minecraft:stripped_spruce_log":4,"minecraft:spruce_door":3,"minecraft:diamond_block":1,"minecraft:red_terracotta":64,"minecraft:spruce_log":29,"minecraft:spectral_arrow":28,"minecraft:barrel":1,"minecraft:firework_rocket":477,"minecraft:light_gray_terracotta":19,"minecraft:coal_ore":12,"minecraft:diamond":4,"minecraft:iron_helmet":1,"minecraft:diamond_axe":2,"minecraft:birch_sign":1,"minecraft:spruce_sign":10,"minecraft:emerald":1,"minecraft:chorus_fruit":4,"minecraft:stripped_dark_oak_log":2,"minecraft:coal":64,"minecraft:crimson_roots":2,"minecraft:ender_pearl":41},"minecraft:mined":{"minecraft:dark_oak_planks":47,"minecraft:spruce_planks":1,"minecraft:dark_oak_leaves":3,"minecraft:dark_oak_log":56,"minecraft:stripped_birch_log":9,"minecraft:glow_lichen":1,"minecraft:spruce_trapdoor":8,"minecraft:grass_block":186,"minecraft:crimson_roots":2,"minecraft:spruce_leaves":35,"minecraft:moss_block":128,"minecraft:crimson_fungus":6,"minecraft:oak_trapdoor":2,"minecraft:spruce_sapling":1,"minecraft:dark_oak_trapdoor":18,"minecraft:iron_ore":16,"minecraft:fire":3,"minecraft:barrel":1,"minecraft:snow":51,"minecraft:green_terracotta":18,"minecraft:stripped_spruce_log":4,"minecraft:moss_carpet":7,"minecraft:dark_oak_stairs":5,"minecraft:cave_vines":6,"minecraft:vine":1,"minecraft:shroomlight":19,"minecraft:lantern":1,"minecraft:stripped_oak_log":1,"minecraft:azalea":3,"minecraft:stone":595,"minecraft:player_head":1,"minecraft:light_blue_shulker_box":4,"minecraft:snow_block":10,"minecraft:stripped_dark_oak_log":2,"minecraft:spruce_door":3,"minecraft:powder_snow":61,"minecraft:torch":3,"minecraft:crafting_table":5,"minecraft:light_gray_terracotta":20,"minecraft:emerald_ore":1,"minecraft:lime_concrete_powder":1,"minecraft:green_concrete_powder":9,"minecraft:chest":4,"minecraft:cobblestone":97,"minecraft:birch_wood":2,"minecraft:spruce_sign":1,"minecraft:birch_planks":14,"minecraft:green_shulker_box":10,"minecraft:dark_oak_slab":46,"minecraft:nether_wart_block":25,"minecraft:spruce_log":30,"minecraft:lime_concrete":65,"minecraft:warped_fungus":1,"minecraft:mangrove_planks":44,"minecraft:white_wall_banner":1,"minecraft:grass":9,"minecraft:oak_log":8,"minecraft:coal_ore":22,"minecraft:dark_oak_sign":2,"minecraft:lime_terracotta":14,"minecraft:dirt":246,"minecraft:crimson_planks":141,"minecraft:stripped_birch_wood":20,"minecraft:crimson_wall_sign":1,"minecraft:stripped_crimson_stem":1,"minecraft:crimson_fence":4},"minecraft:killed_by":{"minecraft:player":1},"minecraft:dropped":{"minecraft:wheat_seeds":7,"minecraft:warped_fungus":2,"minecraft:diamond_axe":2,"minecraft:glass_bottle":5,"minecraft:chorus_fruit":1,"minecraft:ender_pearl":28,"minecraft:lead":1,"minecraft:spectral_arrow":26,"minecraft:lantern":8,"minecraft:iron_helmet":1,"minecraft:apple":3,"minecraft:elytra":2,"minecraft:stick":2,"minecraft:golden_carrot":19,"minecraft:crimson_roots":2,"minecraft:snowball":12,"minecraft:iron_leggings":1,"minecraft:white_banner":1,"minecraft:iron_shovel":3,"minecraft:bucket":1,"minecraft:goat_horn":1,"minecraft:player_head":2,"minecraft:iron_boots":1,"minecraft:flint_and_steel":1,"minecraft:powder_snow_bucket":1,"minecraft:azalea":8,"minecraft:birch_sign":1,"minecraft:diamond_boots":1,"minecraft:arrow":2,"minecraft:bow":1,"minecraft:stone_pickaxe":1,"minecraft:firework_rocket":79}},"DataVersion":3120}