{"stats":{"minecraft:killed_by":{"minecraft:player":1,"minecraft:ravager":6},"minecraft:crafted":{"minecraft:crafting_table":1,"minecraft:spruce_planks":4,"minecraft:leather_horse_armor":1},"minecraft:used":{"minecraft:trident":4,"minecraft:carved_pumpkin":3,"minecraft:bundle":4,"minecraft:elytra":3,"minecraft:blackstone":2,"minecraft:stone":8,"minecraft:iron_sword":12,"minecraft:player_head":1,"minecraft:iron_chestplate":1,"minecraft:crafting_table":1,"minecraft:nether_bricks":2,"minecraft:crossbow":27,"minecraft:snowball":16,"minecraft:honey_bottle":6,"minecraft:oak_log":1,"minecraft:bamboo_raft":1,"minecraft:diamond_pickaxe":2,"minecraft:red_shulker_box":11,"minecraft:firework_rocket":115,"minecraft:cyan_shulker_box":8,"minecraft:iron_helmet":1,"minecraft:iron_boots":1,"minecraft:netherite_boots":1,"minecraft:diamond_chestplate":1,"minecraft:basalt":5,"minecraft:bow":3,"minecraft:golden_carrot":19,"minecraft:cobblestone":1,"minecraft:potion":1,"minecraft:sweet_berries":26,"minecraft:cooked_porkchop":23,"minecraft:stone_pressure_plate":1,"minecraft:coarse_dirt":1,"minecraft:splash_potion":1,"minecraft:diamond_leggings":1,"minecraft:iron_leggings":1},"minecraft:custom":{"minecraft:interact_with_smithing_table":6,"minecraft:mob_kills":3,"minecraft:interact_with_cartography_table":1,"minecraft:open_barrel":42,"minecraft:open_shulker_box":115,"minecraft:leave_game":6,"minecraft:time_since_death":421,"minecraft:climb_one_cm":5201,"minecraft:damage_resisted":975,"minecraft:time_since_rest":460,"minecraft:open_enderchest":17,"minecraft:sprint_one_cm":1299421,"minecraft:damage_taken":5428,"minecraft:walk_one_cm":836890,"minecraft:drop":58,"minecraft:minecart_one_cm":60370,"minecraft:damage_dealt":311,"minecraft:swim_one_cm":8681,"minecraft:player_kills":1,"minecraft:target_hit":8,"minecraft:fly_one_cm":689571,"minecraft:open_chest":19,"minecraft:crouch_one_cm":110640,"minecraft:play_time":530316,"minecraft:deaths":9,"minecraft:sneak_time":34383,"minecraft:walk_under_water_one_cm":11695,"minecraft:boat_one_cm":862223,"minecraft:interact_with_lectern":5,"minecraft:aviate_one_cm":3664082,"minecraft:jump":3997,"minecraft:interact_with_blast_furnace":5,"minecraft:walk_on_water_one_cm":42001,"minecraft:total_world_time":530316,"minecraft:fall_one_cm":77966,"minecraft:inspect_dispenser":2,"minecraft:horse_one_cm":415785},"minecraft:dropped":{"minecraft:iron_nugget":3,"minecraft:glass_bottle":2,"minecraft:cyan_shulker_box":1,"minecraft:filled_map":105,"minecraft:diamond_sword":1,"minecraft:gunpowder":2,"minecraft:bundle":2,"minecraft:netherite_boots":1,"minecraft:carved_pumpkin":1,"minecraft:stone_pressure_plate":3,"minecraft:firework_rocket":1},"minecraft:picked_up":{"minecraft:coarse_dirt":1,"minecraft:crafting_table":1,"minecraft:netherite_boots":1,"minecraft:iron_chestplate":1,"minecraft:basalt":5,"minecraft:splash_potion":1,"minecraft:golden_carrot":77,"minecraft:diamond_sword":1,"minecraft:filled_map":116,"minecraft:potion":1,"minecraft:oak_log":1,"minecraft:gunpowder":4,"minecraft:elytra":1,"minecraft:compass":4,"minecraft:blackstone":2,"minecraft:bow":1,"minecraft:diamond_leggings":1,"minecraft:player_head":1,"minecraft:iron_nugget":35,"minecraft:glass_bottle":1,"minecraft:pitcher_pod":1,"minecraft:iron_sword":1,"minecraft:stone":8,"minecraft:cooked_porkchop":12,"minecraft:pumpkin":1,"minecraft:sweet_berries":35,"minecraft:bamboo_raft":1,"minecraft:spruce_log":7,"minecraft:trident":1,"minecraft:cyan_shulker_box":9,"minecraft:goat_horn":3,"minecraft:stone_pressure_plate":4,"minecraft:bundle":2,"minecraft:firework_rocket":1,"minecraft:arrow":1,"minecraft:red_shulker_box":13,"minecraft:diamond_chestplate":1,"minecraft:nether_bricks":2,"minecraft:iron_helmet":1,"minecraft:carved_pumpkin":9,"minecraft:saddle":1,"minecraft:emerald":64,"minecraft:totem_of_undying":1,"minecraft:diamond_pickaxe":1,"minecraft:snowball":16,"minecraft:cobblestone":1},"minecraft:killed":{"minecraft:skeleton":1,"minecraft:zombie":1,"minecraft:player":1},"minecraft:mined":{"minecraft:red_shulker_box":11,"minecraft:cyan_shulker_box":4,"minecraft:carved_pumpkin":1,"minecraft:nether_bricks":2,"minecraft:coarse_dirt":1,"minecraft:oak_log":1}},"DataVersion":3463}