{"stats":{"minecraft:killed_by":{"minecraft:player":11,"minecraft:ravager":2,"minecraft:vex":1},"minecraft:crafted":{"minecraft:oak_door":3,"minecraft:oak_planks":432,"minecraft:oak_sign":30,"minecraft:furnace":4,"minecraft:spruce_fence":6,"minecraft:oak_trapdoor":10,"minecraft:glass":31,"minecraft:diamond":99,"minecraft:orange_terracotta":64,"minecraft:chest":23,"minecraft:rail":32,"minecraft:oak_fence":24,"minecraft:oak_slab":78,"minecraft:diamond_sword":1,"minecraft:spruce_sign":3,"minecraft:diamond_axe":1,"minecraft:crafting_table":4,"minecraft:spruce_planks":408,"minecraft:bucket":1,"minecraft:birch_planks":24,"minecraft:air":0,"minecraft:light_gray_bed":1,"minecraft:spruce_trapdoor":2,"minecraft:charcoal":32,"minecraft:diamond_pickaxe":1,"minecraft:stick":72,"minecraft:iron_ingot":12,"minecraft:oak_stairs":108,"minecraft:snow_block":126,"minecraft:writable_book":5,"minecraft:iron_shovel":2,"minecraft:torch":48},"minecraft:custom":{"minecraft:interact_with_anvil":12,"minecraft:mob_kills":517,"minecraft:inspect_hopper":2,"minecraft:interact_with_crafting_table":42,"minecraft:open_barrel":116,"minecraft:open_shulker_box":591,"minecraft:bell_ring":13,"minecraft:leave_game":30,"minecraft:time_since_death":5346,"minecraft:damage_resisted":829,"minecraft:climb_one_cm":19634,"minecraft:sprint_one_cm":2483556,"minecraft:walk_one_cm":2851004,"minecraft:drop":75,"minecraft:target_hit":6,"minecraft:play_time":1521641,"minecraft:sneak_time":75733,"minecraft:deaths":19,"minecraft:walk_under_water_one_cm":238658,"minecraft:boat_one_cm":1865384,"minecraft:interact_with_lectern":33,"minecraft:jump":14741,"minecraft:interact_with_brewingstand":1,"minecraft:walk_on_water_one_cm":19605,"minecraft:total_world_time":1521641,"minecraft:interact_with_furnace":18,"minecraft:play_record":5,"minecraft:tune_noteblock":439,"minecraft:sleep_in_bed":14,"minecraft:time_since_rest":6066,"minecraft:damage_taken":17624,"minecraft:open_enderchest":10,"minecraft:trigger_trapped_chest":2,"minecraft:damage_dealt":1323,"minecraft:minecart_one_cm":154264,"minecraft:interact_with_beacon":1,"minecraft:player_kills":5,"minecraft:swim_one_cm":121808,"minecraft:fly_one_cm":3602610,"minecraft:open_chest":699,"minecraft:crouch_one_cm":206269,"minecraft:aviate_one_cm":22418687,"minecraft:fall_one_cm":364509,"minecraft:horse_one_cm":255289},"minecraft:used":{"minecraft:oak_fence":4,"minecraft:oak_trapdoor":8,"minecraft:writable_book":15,"minecraft:music_disc_otherside":1,"minecraft:iron_shovel":247,"minecraft:chest":29,"minecraft:oak_sign":17,"minecraft:spruce_planks":246,"minecraft:white_terracotta":27,"minecraft:player_head":2,"minecraft:oak_door":2,"minecraft:green_terracotta":8,"minecraft:torch":24,"minecraft:dirt":138,"minecraft:anvil":5,"minecraft:music_disc_13":1,"minecraft:spruce_fence":2,"minecraft:shulker_box":13,"minecraft:snowball":5,"minecraft:spruce_boat":3,"minecraft:red_shulker_box":12,"minecraft:cyan_shulker_box":2,"minecraft:bookshelf":4,"minecraft:lantern":6,"minecraft:oak_stairs":116,"minecraft:totem_of_undying":1,"minecraft:golden_carrot":57,"minecraft:item_frame":6,"minecraft:snow":1,"minecraft:bow":136,"minecraft:sweet_berries":29,"minecraft:furnace":3,"minecraft:egg":6,"minecraft:orange_terracotta":24,"minecraft:light_gray_bed":3,"minecraft:water_bucket":4,"minecraft:light_blue_shulker_box":7,"minecraft:diamond_boots":1,"minecraft:snow_block":69,"minecraft:birch_planks":1,"minecraft:chorus_fruit":3,"minecraft:oak_planks":1,"minecraft:ender_pearl":8,"minecraft:spruce_sign":3,"minecraft:diamond_axe":272,"minecraft:green_bed":2,"minecraft:lime_terracotta":5,"minecraft:rail":13,"minecraft:terracotta":32,"minecraft:music_disc_cat":3,"minecraft:oak_slab":66,"minecraft:crafting_table":4,"minecraft:yellow_concrete":11,"minecraft:crossbow":12,"minecraft:lingering_potion":3,"minecraft:mangrove_sign":1,"minecraft:oak_log":111,"minecraft:diamond_pickaxe":150,"minecraft:firework_rocket":606,"minecraft:dark_oak_log":58,"minecraft:chicken":2,"minecraft:spruce_trapdoor":2,"minecraft:red_terracotta":7,"minecraft:diamond_ore":17,"minecraft:diamond_sword":80,"minecraft:potion":3,"minecraft:cooked_porkchop":82,"minecraft:white_stained_glass":3,"minecraft:bucket":5,"minecraft:pumpkin_pie":7},"minecraft:dropped":{"minecraft:diamond_axe":1,"minecraft:oak_log":30,"minecraft:chorus_fruit":1,"minecraft:ender_pearl":96,"minecraft:glass_bottle":3,"minecraft:diamond":1,"minecraft:minecart":2,"minecraft:cobblestone":15,"minecraft:elytra":2,"minecraft:rail":20,"minecraft:leather_helmet":1,"minecraft:stick":14,"minecraft:dirt":4,"minecraft:diorite":2,"minecraft:golden_carrot":4,"minecraft:torch":14,"minecraft:snowball":1,"minecraft:diamond_helmet":1,"minecraft:smooth_quartz_slab":60,"minecraft:iron_shovel":1,"minecraft:compass":8,"minecraft:iron_nugget":2,"minecraft:green_terracotta":64,"minecraft:player_head":3,"minecraft:raw_iron":6,"minecraft:chicken":2,"minecraft:oak_planks":5,"minecraft:cyan_shulker_box":1,"minecraft:diamond_shovel":1,"minecraft:shulker_box":1,"minecraft:totem_of_undying":1,"minecraft:oak_sign":1,"minecraft:red_stained_glass_pane":1,"minecraft:diamond_sword":2,"minecraft:chest":3,"minecraft:carved_pumpkin":5,"minecraft:egg":11,"minecraft:firework_rocket":174},"minecraft:picked_up":{"minecraft:lingering_potion":3,"minecraft:crafting_table":3,"minecraft:chicken":4,"minecraft:anvil":9,"minecraft:stone_slab":2,"minecraft:lead":1,"minecraft:diamond_sword":10,"minecraft:oak_stairs":16,"minecraft:potion":2,"minecraft:chain":7,"minecraft:blue_concrete":1,"minecraft:compass":10,"minecraft:pufferfish":1,"minecraft:oak_trapdoor":5,"minecraft:music_disc_cat":5,"minecraft:elytra":13,"minecraft:string":1,"minecraft:dark_oak_trapdoor":29,"minecraft:moss_carpet":1,"minecraft:white_stained_glass":3,"minecraft:snow":2,"minecraft:item_frame":7,"minecraft:iron_shovel":4,"minecraft:oak_sign":3,"minecraft:diamond_leggings":11,"minecraft:stripped_warped_stem":3,"minecraft:spruce_planks":72,"minecraft:smooth_quartz":1,"minecraft:music_disc_otherside":1,"minecraft:iron_nugget":24,"minecraft:oak_boat":2,"minecraft:rose_bush":56,"minecraft:player_head":27,"minecraft:spruce_slab":21,"minecraft:minecart":3,"minecraft:chest":16,"minecraft:spruce_trapdoor":3,"minecraft:furnace":3,"minecraft:egg":1,"minecraft:stick":28,"minecraft:raw_iron":22,"minecraft:oak_door":1,"minecraft:glow_item_frame":1,"minecraft:oak_fence":19,"minecraft:red_stained_glass_pane":1,"minecraft:torch":24,"minecraft:green_bed":5,"minecraft:spruce_stairs":1,"minecraft:spruce_fence":2,"minecraft:snow_block":134,"minecraft:cookie":5,"minecraft:diorite":4,"minecraft:mangrove_sign":2,"minecraft:cyan_shulker_box":1,"minecraft:warped_planks":1,"minecraft:netherite_pickaxe":1,"minecraft:green_terracotta":176,"minecraft:dark_oak_planks":273,"minecraft:tropical_fish":4,"minecraft:blue_concrete_powder":28,"minecraft:cactus":896,"minecraft:arrow":8,"minecraft:light_gray_bed":2,"minecraft:red_shulker_box":18,"minecraft:rotten_flesh":7,"minecraft:pumpkin_pie":16,"minecraft:deepslate_bricks":20,"minecraft:shears":1,"minecraft:diamond_boots":8,"minecraft:carved_pumpkin":33,"minecraft:bookshelf":9,"minecraft:totem_of_undying":2,"minecraft:white_terracotta":13,"minecraft:leather_horse_armor":1,"minecraft:snowball":515,"minecraft:rail":20,"minecraft:cobblestone":79,"minecraft:birch_log":8,"minecraft:birch_leaves":64,"minecraft:golden_carrot":555,"minecraft:water_bucket":8,"minecraft:salmon":12,"minecraft:filled_map":8,"minecraft:oak_log":45,"minecraft:gunpowder":3,"minecraft:lapis_lazuli":118,"minecraft:dirt":151,"minecraft:paper":5,"minecraft:lantern":43,"minecraft:bone":2,"minecraft:gray_terracotta":3,"minecraft:bow":4,"minecraft:spruce_wood":1,"minecraft:iron_ingot":19,"minecraft:diamond_helmet":9,"minecraft:glass_bottle":2,"minecraft:moss_block":2,"minecraft:oak_planks":2,"minecraft:book":12,"minecraft:scaffolding":8,"minecraft:oak_slab":12,"minecraft:cooked_porkchop":123,"minecraft:sweet_berries":35,"minecraft:music_disc_13":2,"minecraft:yellow_concrete":12,"minecraft:lime_terracotta":5,"minecraft:jungle_planks":63,"minecraft:light_blue_shulker_box":7,"minecraft:spruce_sapling":3,"minecraft:ink_sac":5,"minecraft:spruce_log":60,"minecraft:grass_block":33,"minecraft:diamond_block":1,"minecraft:jungle_slab":104,"minecraft:spectral_arrow":18,"minecraft:dark_oak_log":6,"minecraft:red_terracotta":4,"minecraft:barrel":67,"minecraft:shulker_box":13,"minecraft:leather_helmet":2,"minecraft:firework_rocket":328,"minecraft:diamond_shovel":1,"minecraft:diamond":66,"minecraft:spruce_boat":3,"minecraft:campfire":24,"minecraft:diamond_axe":9,"minecraft:bone_meal":1,"minecraft:emerald":58,"minecraft:terracotta":2,"minecraft:oak_sapling":2,"minecraft:chorus_fruit":8,"minecraft:dark_oak_fence":64,"minecraft:stripped_dark_oak_log":1,"minecraft:smooth_quartz_slab":240,"minecraft:diamond_pickaxe":9,"minecraft:ender_pearl":134},"minecraft:killed":{"minecraft:spider":1,"minecraft:phantom":1,"minecraft:skeleton":1,"minecraft:chicken":2,"minecraft:creeper":1,"minecraft:zombie":2,"minecraft:player":5,"minecraft:enderman":509},"minecraft:mined":{"minecraft:diamond_ore":17,"minecraft:spruce_planks":40,"minecraft:red_shulker_box":14,"minecraft:oak_door":1,"minecraft:dark_oak_log":8,"minecraft:shulker_box":10,"minecraft:spruce_trapdoor":3,"minecraft:spruce_fence":2,"minecraft:grass_block":24,"minecraft:white_stained_glass":2,"minecraft:light_gray_bed":2,"minecraft:moss_block":2,"minecraft:oak_wall_sign":1,"minecraft:oak_trapdoor":4,"minecraft:furnace":1,"minecraft:iron_ore":3,"minecraft:fire":10,"minecraft:snow":31,"minecraft:green_terracotta":22,"minecraft:moss_carpet":1,"minecraft:anvil":6,"minecraft:deepslate_lapis_ore":9,"minecraft:bookshelf":2,"minecraft:deepslate_iron_ore":5,"minecraft:rail":1,"minecraft:oak_stairs":11,"minecraft:lantern":2,"minecraft:azalea_leaves":1,"minecraft:stone":22,"minecraft:player_head":1,"minecraft:green_bed":3,"minecraft:oak_slab":12,"minecraft:light_blue_shulker_box":7,"minecraft:snow_block":149,"minecraft:powder_snow":17,"minecraft:crafting_table":3,"minecraft:torch":7,"minecraft:chest":10,"minecraft:tall_grass":1,"minecraft:oak_planks":1,"minecraft:wall_torch":2,"minecraft:spruce_stairs":2,"minecraft:white_terracotta":10,"minecraft:red_terracotta":7,"minecraft:grass":6,"minecraft:oak_log":24,"minecraft:lime_terracotta":5,"minecraft:yellow_concrete":11,"minecraft:dirt":24,"minecraft:terracotta":2,"minecraft:oak_leaves":23}},"DataVersion":3463}