{"stats":{"minecraft:killed":{"minecraft:cod":12,"minecraft:guardian":13,"minecraft:tropical_fish":13,"minecraft:iron_golem":9,"minecraft:pillager":62,"minecraft:zombie":1527,"minecraft:evoker":2,"minecraft:vindicator":34,"minecraft:endermite":3,"minecraft:snow_golem":49,"minecraft:rabbit":1,"minecraft:ravager":2,"minecraft:zombified_piglin":2517,"minecraft:witch":24,"minecraft:spider":164,"minecraft:bee":1,"minecraft:silverfish":128,"minecraft:piglin":48,"minecraft:zombie_villager":50,"minecraft:sheep":116,"minecraft:trader_llama":6,"minecraft:ghast":7,"minecraft:vex":7,"minecraft:slime":1704,"minecraft:drowned":39,"minecraft:hoglin":13,"minecraft:squid":59,"minecraft:wither_skeleton":2,"minecraft:villager":2,"minecraft:cave_spider":5,"minecraft:shulker":16,"minecraft:pufferfish":3,"minecraft:skeleton":875,"minecraft:chicken":13,"minecraft:magma_cube":166,"minecraft:cow":114,"minecraft:zoglin":2,"minecraft:horse":1,"minecraft:wandering_trader":3,"minecraft:enderman":3519,"minecraft:wolf":3,"minecraft:pig":10,"minecraft:creeper":552,"minecraft:blaze":30,"minecraft:phantom":1,"minecraft:bat":8},"minecraft:picked_up":{"minecraft:smithing_table":3,"minecraft:lead":252,"minecraft:stone_slab":240,"minecraft:enchanted_book":10,"minecraft:music_disc_cat":4,"minecraft:polished_blackstone_brick_stairs":31,"minecraft:string":488,"minecraft:pufferfish":5,"minecraft:diamond_leggings":1,"minecraft:dead_bubble_coral_fan":5,"minecraft:bubble_coral":5,"minecraft:warped_slab":4,"minecraft:diamond_ore":2095,"minecraft:polished_blackstone_brick_slab":70,"minecraft:acacia_log":54,"minecraft:purpur_pillar":2,"minecraft:cyan_stained_glass":3,"minecraft:honeycomb_block":8,"minecraft:cauldron":8,"minecraft:golden_chestplate":2,"minecraft:gray_shulker_box":63,"minecraft:pink_terracotta":2,"minecraft:honey_bottle":2,"minecraft:horn_coral_fan":34,"minecraft:polished_basalt":37,"minecraft:carved_pumpkin":64,"minecraft:red_tulip":1,"minecraft:glowstone":89,"minecraft:end_rod":36,"minecraft:bookshelf":2,"minecraft:white_terracotta":1,"minecraft:blaze_rod":33,"minecraft:iron_bars":26,"minecraft:snowball":547,"minecraft:sponge":36,"minecraft:cooked_beef":391,"minecraft:feather":27,"minecraft:water_bucket":16,"minecraft:flint":170,"minecraft:purple_stained_glass":7,"minecraft:lantern":12,"minecraft:purple_carpet":4,"minecraft:stonecutter":21,"minecraft:dark_oak_sign":2,"minecraft:diamond_helmet":9,"minecraft:rabbit":1,"minecraft:honeycomb":102,"minecraft:chiseled_polished_blackstone":3,"minecraft:lime_terracotta":2,"minecraft:birch_fence_gate":1,"minecraft:stripped_spruce_log":16,"minecraft:brown_mushroom_block":142,"minecraft:dead_fire_coral_fan":11,"minecraft:iron_hoe":1,"minecraft:polished_andesite":130,"minecraft:lever":152,"minecraft:granite":5979,"minecraft:jack_o_lantern":1,"minecraft:light_gray_carpet":7,"minecraft:crimson_roots":363,"minecraft:diamond_pickaxe":6,"minecraft:bee_nest":56,"minecraft:clay_ball":152,"minecraft:leather_leggings":7,"minecraft:redstone_lamp":1,"minecraft:dragon_head":3,"minecraft:purpur_block":14,"minecraft:fire_coral":2,"minecraft:heavy_weighted_pressure_plate":2,"minecraft:cornflower":20,"minecraft:elytra":12,"minecraft:flint_and_steel":9,"minecraft:white_carpet":40,"minecraft:white_stained_glass":95,"minecraft:iron_shovel":2,"minecraft:polished_blackstone_wall":1,"minecraft:glass_pane":3,"minecraft:netherite_sword":15,"minecraft:jungle_sapling":11,"minecraft:poppy":349,"minecraft:spruce_slab":135,"minecraft:minecart":166,"minecraft:birch_sapling":145,"minecraft:piston":205,"minecraft:diamond_hoe":1,"minecraft:lime_shulker_box":5,"minecraft:black_stained_glass":3,"minecraft:stone":20716,"minecraft:white_dye":5,"minecraft:netherite_pickaxe":24,"minecraft:cyan_shulker_box":13,"minecraft:jungle_sign":1,"minecraft:stone_shovel":23,"minecraft:diamond_chestplate":6,"minecraft:purpur_slab":5,"minecraft:hay_block":165,"minecraft:totem_of_undying":9,"minecraft:polished_blackstone":13,"minecraft:mutton":399,"minecraft:rail":507,"minecraft:bone_block":70,"minecraft:emerald_ore":10,"minecraft:oxeye_daisy":1,"minecraft:birch_leaves":35,"minecraft:yellow_shulker_box":6,"minecraft:tripwire_hook":11,"minecraft:fern":12,"minecraft:jungle_fence":2,"minecraft:purpur_stairs":8,"minecraft:lily_pad":53,"minecraft:paper":180,"minecraft:apple":12,"minecraft:pufferfish_bucket":2,"minecraft:oak_fence_gate":1,"minecraft:stone_pickaxe":12,"minecraft:iron_ore":1993,"minecraft:magenta_stained_glass":4,"minecraft:dark_oak_stairs":72,"minecraft:polished_andesite_stairs":105,"minecraft:milk_bucket":2,"minecraft:light_gray_stained_glass":260,"minecraft:sweet_berries":3995,"minecraft:red_wool":29,"minecraft:lime_concrete":19,"minecraft:light_blue_stained_glass":15,"minecraft:crying_obsidian":38,"minecraft:leather_helmet":101,"minecraft:diamond_shovel":5,"minecraft:coal_ore":521,"minecraft:slime_ball":4200,"minecraft:painting":64,"minecraft:birch_sign":4,"minecraft:polished_blackstone_brick_wall":4,"minecraft:smooth_quartz_slab":25,"minecraft:hopper":69,"minecraft:ender_chest":35,"minecraft:nether_brick_fence":59,"minecraft:stone_brick_stairs":39,"minecraft:smooth_stone":186,"minecraft:red_sand":76,"minecraft:comparator":42,"minecraft:bucket":87,"minecraft:light_weighted_pressure_plate":16,"minecraft:red_dye":1,"minecraft:rose_bush":142,"minecraft:cobblestone_slab":29,"minecraft:wooden_shovel":1,"minecraft:iron_pickaxe":2,"minecraft:smooth_quartz":42,"minecraft:smooth_quartz_stairs":12,"minecraft:acacia_fence":12,"minecraft:spruce_stairs":55,"minecraft:netherite_shovel":14,"minecraft:diorite":6594,"minecraft:vine":61,"minecraft:andesite_wall":115,"minecraft:rotten_flesh":3765,"minecraft:brown_shulker_box":4,"minecraft:chorus_flower":2,"minecraft:obsidian":594,"minecraft:cobblestone":38475,"minecraft:lilac":44,"minecraft:repeater":70,"minecraft:andesite":7715,"minecraft:golden_leggings":9,"minecraft:beacon":4,"minecraft:potato":9,"minecraft:dirt":5747,"minecraft:name_tag":28,"minecraft:glass":405,"minecraft:bone":516,"minecraft:bow":20,"minecraft:wheat_seeds":2980,"minecraft:grindstone":3,"minecraft:netherite_axe":14,"minecraft:purple_stained_glass_pane":15,"minecraft:mossy_stone_bricks":7,"minecraft:fletching_table":1,"minecraft:bamboo":3279,"minecraft:cyan_concrete":27,"minecraft:prismarine":1,"minecraft:diorite_wall":36,"minecraft:red_sandstone_wall":1,"minecraft:light_blue_shulker_box":6,"minecraft:melon":7990,"minecraft:nether_brick_stairs":46,"minecraft:grass_block":777,"minecraft:diamond_block":443,"minecraft:jungle_slab":2,"minecraft:spectral_arrow":1,"minecraft:mossy_cobblestone":2,"minecraft:jungle_leaves":120,"minecraft:light_gray_terracotta":36,"minecraft:sugar":57,"minecraft:slime_block":923,"minecraft:netherite_helmet":2,"minecraft:polished_blackstone_pressure_plate":8,"minecraft:soul_lantern":4,"minecraft:cracked_polished_blackstone_bricks":31,"minecraft:crossbow":5,"minecraft:bone_meal":573,"minecraft:grass":127,"minecraft:golden_apple":3,"minecraft:spruce_sign":11,"minecraft:emerald":628,"minecraft:netherrack":8040,"minecraft:chorus_fruit":635,"minecraft:andesite_slab":77,"minecraft:oak_leaves":115,"minecraft:splash_potion":4,"minecraft:ladder":29,"minecraft:rabbit_stew":25,"minecraft:brown_mushroom":110,"minecraft:packed_ice":92,"minecraft:pink_wool":99,"minecraft:stone_brick_wall":131,"minecraft:chain":3,"minecraft:shield":19,"minecraft:brick":100,"minecraft:orange_stained_glass":2,"minecraft:oak_trapdoor":13,"minecraft:mycelium":693,"minecraft:blackstone":1919,"minecraft:blue_orchid":38,"minecraft:end_stone":390,"minecraft:note_block":29,"minecraft:polished_blackstone_bricks":92,"minecraft:brown_concrete_powder":6,"minecraft:trident":36,"minecraft:light_gray_stained_glass_pane":44,"minecraft:stone_pressure_plate":16,"minecraft:blue_concrete_powder":8,"minecraft:tube_coral":4,"minecraft:red_shulker_box":122,"minecraft:pumpkin_pie":7,"minecraft:nether_bricks":862,"minecraft:stripped_dark_oak_wood":5,"minecraft:nether_brick_wall":4,"minecraft:netherite_boots":14,"minecraft:jungle_boat":46,"minecraft:basalt":1796,"minecraft:dark_oak_button":1,"minecraft:golden_carrot":76,"minecraft:leather":126,"minecraft:ice":162,"minecraft:crimson_fungus":76,"minecraft:cobblestone_wall":128,"minecraft:gunpowder":344,"minecraft:orange_terracotta":38,"minecraft:cooked_mutton":9,"minecraft:red_carpet":15,"minecraft:gray_carpet":1,"minecraft:rabbit_hide":1,"minecraft:spruce_wood":6,"minecraft:iron_ingot":1146,"minecraft:cooked_chicken":137,"minecraft:polished_andesite_slab":158,"minecraft:pink_bed":3,"minecraft:warped_fungus":6,"minecraft:nether_quartz_ore":1787,"minecraft:emerald_block":10,"minecraft:stone_brick_slab":160,"minecraft:quartz":6502,"minecraft:dandelion":63,"minecraft:lava_bucket":3,"minecraft:nether_brick_slab":48,"minecraft:pumpkin_seeds":122,"minecraft:white_concrete_powder":38,"minecraft:chainmail_leggings":2,"minecraft:terracotta":4801,"minecraft:damaged_anvil":1,"minecraft:netherite_hoe":1,"minecraft:dark_oak_wood":10,"minecraft:wooden_axe":1,"minecraft:birch_door":1,"minecraft:iron_chestplate":1,"minecraft:anvil":1,"minecraft:prismarine_shard":18,"minecraft:diamond_sword":12,"minecraft:brown_bed":2,"minecraft:brewing_stand":1,"minecraft:golden_sword":145,"minecraft:dark_oak_trapdoor":51,"minecraft:soul_soil":128,"minecraft:gold_nugget":3265,"minecraft:black_glazed_terracotta":50,"minecraft:spruce_planks":430,"minecraft:written_book":6,"minecraft:melon_slice":105,"minecraft:coal_block":7,"minecraft:golden_helmet":5,"minecraft:beehive":6,"minecraft:composter":51,"minecraft:green_bed":9,"minecraft:pink_carpet":3,"minecraft:tropical_fish":12,"minecraft:iron_block":279,"minecraft:cyan_terracotta":760,"minecraft:netherite_chestplate":3,"minecraft:birch_log":317,"minecraft:magma_block":27,"minecraft:iron_door":6,"minecraft:jungle_log":332,"minecraft:acacia_leaves":17,"minecraft:smoker":64,"minecraft:netherite_leggings":10,"minecraft:light_gray_concrete_powder":2,"minecraft:chipped_anvil":2,"minecraft:glowstone_dust":19,"minecraft:dropper":21,"minecraft:ink_sac":162,"minecraft:dark_oak_log":826,"minecraft:red_terracotta":233,"minecraft:barrel":12,"minecraft:dispenser":10,"minecraft:green_concrete":2,"minecraft:writable_book":4,"minecraft:chainmail_helmet":2,"minecraft:dark_oak_fence":9,"minecraft:spruce_leaves":396,"minecraft:lime_stained_glass_pane":128,"minecraft:crafting_table":85,"minecraft:coarse_dirt":33,"minecraft:bubble_coral_fan":12,"minecraft:nether_wart":47,"minecraft:orange_stained_glass_pane":16,"minecraft:jungle_trapdoor":8,"minecraft:snow":62,"minecraft:cracked_stone_bricks":19,"minecraft:cartography_table":1,"minecraft:respawn_anchor":21,"minecraft:beef":167,"minecraft:iron_nugget":69,"minecraft:quartz_stairs":65,"minecraft:chest":40,"minecraft:egg":47,"minecraft:sandstone":25,"minecraft:spruce_fence":13,"minecraft:cake":3,"minecraft:carrot":4211,"minecraft:redstone":8066,"minecraft:mushroom_stem":56,"minecraft:prismarine_crystals":66,"minecraft:tnt":52,"minecraft:cooked_cod":1,"minecraft:peony":4,"minecraft:tube_coral_fan":12,"minecraft:shears":12,"minecraft:diamond_boots":56,"minecraft:sandstone_stairs":9,"minecraft:gold_ingot":282,"minecraft:white_shulker_box":49,"minecraft:lime_concrete_powder":2,"minecraft:white_wool":515,"minecraft:lapis_ore":16,"minecraft:stripped_oak_log":19,"minecraft:red_mushroom_block":63,"minecraft:red_mushroom":38,"minecraft:brown_concrete":267,"minecraft:oak_log":560,"minecraft:ancient_debris":37,"minecraft:golden_boots":2,"minecraft:white_banner":16,"minecraft:stone_bricks":319,"minecraft:kelp":235,"minecraft:cobweb":87,"minecraft:glass_bottle":71,"minecraft:iron_sword":4,"minecraft:white_stained_glass_pane":4,"minecraft:dark_oak_slab":135,"minecraft:yellow_concrete":1,"minecraft:gravel":10926,"minecraft:spruce_sapling":213,"minecraft:spruce_log":1097,"minecraft:sea_lantern":181,"minecraft:firework_rocket":968,"minecraft:red_stained_glass":6,"minecraft:polished_diorite":1,"minecraft:redstone_ore":474,"minecraft:diamond_axe":11,"minecraft:gray_wool":28,"minecraft:melon_seeds":81,"minecraft:stripped_dark_oak_log":82,"minecraft:crimson_nylium":26,"minecraft:ender_pearl":470,"minecraft:shulker_shell":38,"minecraft:wheat":975,"minecraft:redstone_block":200,"minecraft:iron_trapdoor":27,"minecraft:light_gray_shulker_box":3,"minecraft:dead_horn_coral_fan":31,"minecraft:potion":30,"minecraft:smooth_stone_slab":53,"minecraft:iron_leggings":1,"minecraft:armor_stand":23,"minecraft:sticky_piston":274,"minecraft:netherite_ingot":2,"minecraft:pink_shulker_box":34,"minecraft:oak_sign":17,"minecraft:sea_pickle":26,"minecraft:activator_rail":10,"minecraft:black_shulker_box":63,"minecraft:dark_oak_leaves":460,"minecraft:redstone_torch":37,"minecraft:furnace":11,"minecraft:stick":460,"minecraft:orange_shulker_box":1,"minecraft:jungle_door":1,"minecraft:brown_terracotta":405,"minecraft:oak_fence":45,"minecraft:torch":1751,"minecraft:porkchop":26,"minecraft:target":15,"minecraft:dead_brain_coral_fan":1,"minecraft:quartz_block":32,"minecraft:nether_gold_ore":51,"minecraft:cactus":61,"minecraft:fire_coral_fan":21,"minecraft:cod":58,"minecraft:nautilus_shell":4,"minecraft:magma_cream":24,"minecraft:chiseled_quartz_block":1,"minecraft:light_gray_dye":10,"minecraft:horn_coral":2,"minecraft:acacia_boat":4,"minecraft:green_shulker_box":3,"minecraft:lapis_lazuli":815,"minecraft:leather_boots":3,"minecraft:bell":10,"minecraft:light_blue_dye":1,"minecraft:powered_rail":2420,"minecraft:oak_planks":79,"minecraft:stone_hoe":1,"minecraft:brain_coral":2,"minecraft:ghast_tear":2,"minecraft:pink_stained_glass":7,"minecraft:pink_concrete":39,"minecraft:cooked_porkchop":318,"minecraft:music_disc_13":1,"minecraft:polished_blackstone_slab":4,"minecraft:jungle_planks":7,"minecraft:sand":10441,"minecraft:cyan_bed":2,"minecraft:shulker_box":383,"minecraft:light_gray_concrete":557,"minecraft:clay":1,"minecraft:diamond":1642,"minecraft:spruce_boat":24,"minecraft:polished_blackstone_button":11,"minecraft:white_concrete":3662,"minecraft:oak_sapling":109,"minecraft:cocoa_beans":264,"minecraft:end_stone_bricks":14,"minecraft:fishing_rod":3,"minecraft:charcoal":2,"minecraft:chicken":17,"minecraft:wooden_pickaxe":1,"minecraft:gold_block":14,"minecraft:stone_stairs":15,"minecraft:iron_axe":2,"minecraft:orange_concrete":2,"minecraft:wooden_sword":1,"minecraft:item_frame":11,"minecraft:quartz_slab":25,"minecraft:detector_rail":30,"minecraft:andesite_stairs":22,"minecraft:oak_boat":75,"minecraft:player_head":139,"minecraft:observer":413,"minecraft:light_gray_wool":37,"minecraft:lectern":1247,"minecraft:sugar_cane":4195,"minecraft:spruce_trapdoor":47,"minecraft:phantom_membrane":6,"minecraft:dark_oak_sapling":103,"minecraft:bowl":2,"minecraft:quartz_pillar":3,"minecraft:stone_button":45,"minecraft:dark_oak_planks":84,"minecraft:arrow":635,"minecraft:jungle_stairs":2,"minecraft:lime_stained_glass":250,"minecraft:wet_sponge":123,"minecraft:crimson_stem":1,"minecraft:salmon":1,"minecraft:cut_sandstone":21,"minecraft:birch_planks":17,"minecraft:nether_wart_block":6,"minecraft:cobblestone_stairs":42,"minecraft:wooden_hoe":3,"minecraft:smooth_sandstone":4,"minecraft:heart_of_the_sea":3,"minecraft:stripped_oak_wood":1,"minecraft:soul_sand":1839,"minecraft:purple_concrete":2,"minecraft:green_dye":18,"minecraft:book":63,"minecraft:oak_slab":68,"minecraft:scaffolding":2033,"minecraft:birch_boat":25,"minecraft:pumpkin":6277,"minecraft:chiseled_stone_bricks":77,"minecraft:brain_coral_fan":23,"minecraft:blast_furnace":3,"minecraft:white_bed":135,"minecraft:gold_ore":427,"minecraft:dark_oak_fence_gate":5,"minecraft:green_carpet":6,"minecraft:spider_eye":497,"minecraft:stripped_jungle_log":1,"minecraft:campfire":5,"minecraft:honey_block":232,"minecraft:iron_helmet":2,"minecraft:black_wool":14,"minecraft:red_concrete":752,"minecraft:coal":5911},"minecraft:killed_by":{"minecraft:zombie":5,"minecraft:skeleton":4,"minecraft:creeper":5,"minecraft:player":26,"minecraft:iron_golem":12},"minecraft:custom":{"minecraft:interact_with_crafting_table":1815,"minecraft:damage_blocked_by_shield":1025,"minecraft:deaths":61,"minecraft:jump":252231,"minecraft:play_record":2,"minecraft:interact_with_smoker":13,"minecraft:inspect_dispenser":169,"minecraft:horse_one_cm":535198,"minecraft:inspect_dropper":399,"minecraft:interact_with_anvil":174,"minecraft:inspect_hopper":279,"minecraft:tune_noteblock":3725,"minecraft:time_since_rest":331263,"minecraft:swim_one_cm":3585129,"minecraft:open_chest":8007,"minecraft:open_shulker_box":9172,"minecraft:damage_resisted":5755,"minecraft:play_noteblock":32,"minecraft:talked_to_villager":4107,"minecraft:interact_with_brewingstand":122,"minecraft:interact_with_beacon":15,"minecraft:fill_cauldron":1,"minecraft:interact_with_campfire":1,"minecraft:raid_win":1,"minecraft:boat_one_cm":30024036,"minecraft:damage_taken":195582,"minecraft:aviate_one_cm":126444014,"minecraft:open_barrel":1366,"minecraft:bell_ring":96,"minecraft:eat_cake_slice":9,"minecraft:leave_game":659,"minecraft:time_since_death":331131,"minecraft:interact_with_furnace":740,"minecraft:traded_with_villager":11919,"minecraft:sleep_in_bed":533,"minecraft:damage_dealt":688673,"minecraft:interact_with_smithing_table":24,"minecraft:sneak_time":2234596,"minecraft:interact_with_lectern":38,"minecraft:interact_with_blast_furnace":40,"minecraft:interact_with_stonecutter":128,"minecraft:fly_one_cm":52635634,"minecraft:fall_one_cm":5676509,"minecraft:animals_bred":210,"minecraft:sprint_one_cm":78843903,"minecraft:drop":3997,"minecraft:walk_on_water_one_cm":3467124,"minecraft:play_one_minute":31218931,"minecraft:interact_with_loom":9,"minecraft:open_enderchest":346,"minecraft:player_kills":17,"minecraft:crouch_one_cm":7170723,"minecraft:mob_kills":12169,"minecraft:climb_one_cm":4123904,"minecraft:walk_one_cm":67948759,"minecraft:strider_one_cm":296,"minecraft:walk_under_water_one_cm":4899077,"minecraft:raid_trigger":2,"minecraft:pot_flower":5,"minecraft:interact_with_grindstone":14,"minecraft:damage_absorbed":78,"minecraft:minecart_one_cm":876585},"minecraft:dropped":{"minecraft:lapis_lazuli":109,"minecraft:respawn_anchor":2,"minecraft:glass_bottle":432,"minecraft:diamond":75,"minecraft:crafting_table":1,"minecraft:lime_stained_glass":47,"minecraft:cooked_porkchop":234,"minecraft:dark_oak_slab":65,"minecraft:warped_fungus_on_a_stick":1,"minecraft:red_mushroom":13,"minecraft:emerald":60,"minecraft:dark_oak_trapdoor":1,"minecraft:writable_book":3,"minecraft:gold_nugget":189,"minecraft:sand":70,"minecraft:dark_oak_planks":18,"minecraft:fishing_rod":1,"minecraft:white_wool":64,"minecraft:stone_axe":1,"minecraft:diamond_block":141,"minecraft:lever":1,"minecraft:iron_nugget":106,"minecraft:cooked_chicken":325,"minecraft:netherite_sword":2,"minecraft:wheat":22,"minecraft:obsidian":1,"minecraft:rotten_flesh":2269,"minecraft:oak_planks":34,"minecraft:glowstone_dust":2,"minecraft:nether_brick_fence":1,"minecraft:red_mushroom_block":6,"minecraft:coal_ore":39,"minecraft:diorite_wall":9,"minecraft:quartz_block":194,"minecraft:jungle_log":1,"minecraft:leather_boots":3,"minecraft:leather_leggings":6,"minecraft:glass":8,"minecraft:beef":1,"minecraft:wheat_seeds":1279,"minecraft:prismarine_crystals":66,"minecraft:golden_apple":2,"minecraft:lava_bucket":2,"minecraft:dark_oak_leaves":28,"minecraft:brown_concrete_powder":1,"minecraft:wooden_axe":1,"minecraft:lapis_ore":3,"minecraft:potion":14,"minecraft:pumpkin":25,"minecraft:red_dye":1,"minecraft:chainmail_leggings":2,"minecraft:smooth_sandstone":4,"minecraft:soul_soil":51,"minecraft:player_head":15,"minecraft:orange_concrete":2,"minecraft:stone_shovel":156,"minecraft:white_carpet":12,"minecraft:iron_boots":1,"minecraft:name_tag":7,"minecraft:white_terracotta":1,"minecraft:suspicious_stew":5,"minecraft:diamond_sword":2,"minecraft:spruce_boat":1,"minecraft:spruce_planks":65,"minecraft:diamond_pickaxe":5,"minecraft:andesite_stairs":6,"minecraft:pink_shulker_box":1,"minecraft:stone_pressure_plate":2,"minecraft:bamboo":658,"minecraft:sandstone":20,"minecraft:bow":8,"minecraft:red_sand":3,"minecraft:magma_block":20,"minecraft:terracotta":5,"minecraft:soul_sand":24,"minecraft:warped_fungus":2,"minecraft:oak_log":10,"minecraft:ender_pearl":232,"minecraft:dark_oak_sapling":27,"minecraft:leather":3,"minecraft:jungle_planks":33,"minecraft:cod":30,"minecraft:cobblestone_stairs":3,"minecraft:dark_oak_log":64,"minecraft:polished_blackstone_pressure_plate":1,"minecraft:mutton":91,"minecraft:dark_oak_wood":4,"minecraft:snowball":30,"minecraft:black_shulker_box":1,"minecraft:gold_ingot":50,"minecraft:cooked_mutton":2,"minecraft:mycelium":5,"minecraft:mushroom_stem":1,"minecraft:trident":4,"minecraft:iron_ore":167,"minecraft:iron_bars":1,"minecraft:white_concrete_powder":1,"minecraft:scaffolding":29,"minecraft:stone_hoe":1,"minecraft:bread":96,"minecraft:golden_helmet":3,"minecraft:andesite_wall":1,"minecraft:tropical_fish":2,"minecraft:spruce_stairs":2,"minecraft:iron_block":56,"minecraft:milk_bucket":2,"minecraft:green_dye":19,"minecraft:repeater":4,"minecraft:nether_wart_block":3,"minecraft:white_concrete":27,"minecraft:jungle_door":1,"minecraft:jungle_leaves":18,"minecraft:polished_blackstone_brick_slab":10,"minecraft:polished_andesite_stairs":37,"minecraft:cactus":9,"minecraft:tripwire_hook":5,"minecraft:redstone_block":5,"minecraft:kelp":146,"minecraft:sweet_berries":205,"minecraft:oak_trapdoor":6,"minecraft:lime_concrete":4,"minecraft:light_gray_terracotta":2,"minecraft:stripped_oak_log":2,"minecraft:shulker_box":2,"minecraft:flint_and_steel":1,"minecraft:andesite":2980,"minecraft:golden_leggings":7,"minecraft:oak_sapling":1,"minecraft:brain_coral":1,"minecraft:spruce_log":198,"minecraft:wooden_pickaxe":1,"minecraft:magma_cream":2,"minecraft:nautilus_shell":1,"minecraft:magenta_terracotta":6,"minecraft:clay":1,"minecraft:cooked_beef":34,"minecraft:sandstone_stairs":3,"minecraft:crossbow":1,"minecraft:cookie":180,"minecraft:bubble_coral_fan":1,"minecraft:rail":9,"minecraft:leather_helmet":3,"minecraft:red_carpet":2,"minecraft:light_weighted_pressure_plate":2,"minecraft:dirt":1463,"minecraft:melon":67,"minecraft:grass":5,"minecraft:stone_button":67,"minecraft:jack_o_lantern":1,"minecraft:horn_coral":1,"minecraft:wooden_sword":1,"minecraft:bone_meal":642,"minecraft:sugar":100,"minecraft:bone":115,"minecraft:pink_concrete":1,"minecraft:brain_coral_fan":4,"minecraft:sugar_cane":5,"minecraft:polished_andesite_slab":22,"minecraft:golden_chestplate":2,"minecraft:nether_brick":1,"minecraft:birch_sapling":1,"minecraft:end_stone":63,"minecraft:light_gray_carpet":1,"minecraft:white_bed":3,"minecraft:honey_block":1,"minecraft:ladder":2,"minecraft:white_dye":11,"minecraft:spruce_slab":86,"minecraft:egg":2,"minecraft:enchanted_book":4,"minecraft:iron_ingot":57,"minecraft:birch_leaves":6,"minecraft:tnt":8,"minecraft:oak_fence":14,"minecraft:iron_helmet":1,"minecraft:feather":11,"minecraft:cobblestone":16528,"minecraft:purple_concrete":2,"minecraft:apple":3,"minecraft:granite":2618,"minecraft:polished_blackstone_button":4,"minecraft:chainmail_helmet":2,"minecraft:coal":65,"minecraft:pufferfish":3,"minecraft:polished_andesite":1,"minecraft:end_rod":14,"minecraft:golden_carrot":20,"minecraft:sponge":27,"minecraft:wooden_hoe":5,"minecraft:rabbit":1,"minecraft:diamond_helmet":1,"minecraft:brown_terracotta":1,"minecraft:pufferfish_bucket":1,"minecraft:iron_shovel":2,"minecraft:paper":5,"minecraft:string":104,"minecraft:spruce_sapling":1,"minecraft:furnace":2,"minecraft:redstone_ore":1,"minecraft:netherite_ingot":1,"minecraft:cobblestone_wall":43,"minecraft:smooth_stone_slab":3,"minecraft:bowl":2,"minecraft:diamond_hoe":7,"minecraft:chicken":7,"minecraft:slime_block":15,"minecraft:stone_slab":223,"minecraft:nether_bricks":48,"minecraft:spruce_fence":6,"minecraft:pumpkin_seeds":10,"minecraft:light_blue_dye":2,"minecraft:potato":7,"minecraft:cobblestone_slab":7,"minecraft:stone":2440,"minecraft:wooden_shovel":1,"minecraft:carved_pumpkin":3,"minecraft:spider_eye":18,"minecraft:light_gray_dye":1,"minecraft:rabbit_stew":169,"minecraft:orange_stained_glass_pane":18,"minecraft:bell":3,"minecraft:gold_ore":9,"minecraft:spruce_sign":2,"minecraft:birch_planks":45,"minecraft:brown_mushroom":11,"minecraft:dark_oak_stairs":1,"minecraft:diamond_axe":4,"minecraft:baked_potato":1,"minecraft:tube_coral_fan":1,"minecraft:flint":82,"minecraft:spruce_leaves":48,"minecraft:cyan_terracotta":3,"minecraft:polished_blackstone_brick_stairs":1,"minecraft:cornflower":2,"minecraft:crimson_roots":343,"minecraft:cut_sandstone":21,"minecraft:pumpkin_pie":48,"minecraft:birch_log":35,"minecraft:brown_mushroom_block":2,"minecraft:armor_stand":13,"minecraft:gravel":990,"minecraft:crimson_fungus":1,"minecraft:blackstone":17,"minecraft:diamond_shovel":1,"minecraft:stone_stairs":1,"minecraft:honey_bottle":1,"minecraft:carrot":1153,"minecraft:poppy":97,"minecraft:gunpowder":57,"minecraft:birch_trapdoor":2,"minecraft:melon_seeds":10,"minecraft:bee_nest":1,"minecraft:arrow":163,"minecraft:basalt":31,"minecraft:cyan_concrete":10,"minecraft:powered_rail":3,"minecraft:quartz":3,"minecraft:written_book":1,"minecraft:oak_leaves":13,"minecraft:netherrack":2718,"minecraft:firework_rocket":101,"minecraft:water_bucket":1,"minecraft:stripped_spruce_log":1,"minecraft:minecart":5,"minecraft:diamond_leggings":1,"minecraft:prismarine_shard":106,"minecraft:lead":2,"minecraft:spectral_arrow":2,"minecraft:observer":1,"minecraft:grass_block":129,"minecraft:stick":104,"minecraft:diorite":3600,"minecraft:nether_gold_ore":1,"minecraft:light_blue_stained_glass":5,"minecraft:torch":528,"minecraft:smooth_quartz":6,"minecraft:green_carpet":6,"minecraft:iron_axe":2,"minecraft:bucket":6,"minecraft:dandelion":10,"minecraft:redstone":7,"minecraft:bubble_coral":5,"minecraft:coarse_dirt":1,"minecraft:nether_wart":4,"minecraft:iron_hoe":1,"minecraft:smoker":2,"minecraft:acacia_leaves":16,"minecraft:red_terracotta":39,"minecraft:snow":25,"minecraft:diamond_chestplate":1,"minecraft:orange_terracotta":4,"minecraft:cake":1,"minecraft:fire_coral":1,"minecraft:golden_sword":25,"minecraft:diamond_boots":2,"minecraft:slime_ball":73,"minecraft:stone_pickaxe":324,"minecraft:white_stained_glass":1},"minecraft:used":{"minecraft:writable_book":26,"minecraft:smooth_quartz_slab":120,"minecraft:dispenser":26,"minecraft:poppy":58,"minecraft:stone":5092,"minecraft:quartz_stairs":260,"minecraft:rotten_flesh":5,"minecraft:tube_coral":1,"minecraft:soul_sand":226,"minecraft:cocoa_beans":84,"minecraft:spruce_boat":28,"minecraft:polished_blackstone_slab":10,"minecraft:jungle_sapling":9,"minecraft:packed_ice":1038,"minecraft:lava_bucket":467,"minecraft:stripped_dark_oak_wood":3,"minecraft:quartz_pillar":96,"minecraft:red_wool":68,"minecraft:quartz_block":169,"minecraft:netherite_hoe":218,"minecraft:dark_oak_leaves":282,"minecraft:dark_oak_slab":608,"minecraft:diorite_wall":94,"minecraft:oak_sapling":100,"minecraft:acacia_fence":32,"minecraft:mossy_stone_bricks":25,"minecraft:damaged_anvil":1,"minecraft:chorus_fruit":12,"minecraft:prismarine":1,"minecraft:blackstone":51,"minecraft:cactus":1,"minecraft:wooden_pickaxe":11,"minecraft:black_glazed_terracotta":132,"minecraft:composter":60,"minecraft:jungle_boat":46,"minecraft:golden_apple":2,"minecraft:blast_furnace":15,"minecraft:chiseled_quartz_block":39,"minecraft:red_sandstone_wall":16,"minecraft:diamond_sword":3263,"minecraft:coal_block":7,"minecraft:smithing_table":5,"minecraft:birch_log":26,"minecraft:oak_boat":88,"minecraft:oak_trapdoor":28,"minecraft:polished_blackstone_brick_slab":71,"minecraft:carved_pumpkin":51,"minecraft:armor_stand":17,"minecraft:light_gray_carpet":20,"minecraft:polished_blackstone_wall":1,"minecraft:torch":12733,"minecraft:brewing_stand":5,"minecraft:nether_quartz_ore":1572,"minecraft:oak_fence_gate":11,"minecraft:sea_lantern":696,"minecraft:chipped_anvil":2,"minecraft:iron_block":206,"minecraft:light_weighted_pressure_plate":7,"minecraft:jungle_log":44,"minecraft:barrel":53,"minecraft:bamboo":46,"minecraft:lime_concrete":15,"minecraft:basalt":72,"minecraft:acacia_planks":2,"minecraft:dead_bubble_coral_fan":5,"minecraft:horn_coral_fan":32,"minecraft:wheat_seeds":963,"minecraft:light_blue_shulker_box":6,"minecraft:birch_planks":20,"minecraft:blue_concrete_powder":96,"minecraft:cauldron":33,"minecraft:spruce_fence_gate":5,"minecraft:diamond_block":304,"minecraft:rail":295,"minecraft:white_bed":157,"minecraft:campfire":8,"minecraft:spruce_log":524,"minecraft:mushroom_stem":34,"minecraft:diamond_pickaxe":49364,"minecraft:diamond_shovel":16410,"minecraft:acacia_sign":5,"minecraft:suspicious_stew":1,"minecraft:spruce_trapdoor":171,"minecraft:spruce_sapling":104,"minecraft:pink_bed":13,"minecraft:green_carpet":12,"minecraft:potion":394,"minecraft:cooked_porkchop":820,"minecraft:andesite_stairs":62,"minecraft:stripped_oak_log":1,"minecraft:dandelion":40,"minecraft:red_sand":1,"minecraft:light_gray_stained_glass_pane":57,"minecraft:melon":72,"minecraft:bone_block":4,"minecraft:polished_basalt":199,"minecraft:grass":99,"minecraft:spruce_leaves":155,"minecraft:jungle_planks":3,"minecraft:beehive":7,"minecraft:obsidian":313,"minecraft:spruce_wood":195,"minecraft:lantern":86,"minecraft:polished_blackstone_brick_wall":41,"minecraft:item_frame":14,"minecraft:birch_trapdoor":7,"minecraft:horn_coral":1,"minecraft:written_book":64,"minecraft:gold_block":85,"minecraft:pink_concrete_powder":32,"minecraft:dark_oak_sapling":69,"minecraft:tube_coral_fan":4,"minecraft:end_rod":96,"minecraft:dropper":88,"minecraft:gray_carpet":46,"minecraft:stone_pickaxe":512,"minecraft:oak_planks":27,"minecraft:sandstone":2,"minecraft:sugar_cane":116,"minecraft:diamond_axe":21544,"minecraft:white_wool":7,"minecraft:lime_stained_glass_pane":1303,"minecraft:crossbow":15,"minecraft:end_stone":212,"minecraft:sticky_piston":858,"minecraft:dead_fire_coral_fan":9,"minecraft:lever":289,"minecraft:dark_oak_log":146,"minecraft:iron_door":10,"minecraft:pufferfish_bucket":5,"minecraft:dead_horn_coral_fan":28,"minecraft:chain":27,"minecraft:smooth_stone_slab":226,"minecraft:mossy_cobblestone_wall":1,"minecraft:coarse_dirt":921,"minecraft:bone_meal":2945,"minecraft:netherite_sword":7815,"minecraft:rose_bush":4,"minecraft:flint_and_steel":61,"minecraft:redstone":1301,"minecraft:ender_chest":41,"minecraft:brown_shulker_box":4,"minecraft:stone_hoe":89,"minecraft:cooked_chicken":1362,"minecraft:dirt":5341,"minecraft:bee_nest":46,"minecraft:spruce_fence":44,"minecraft:iron_hoe":112,"minecraft:brown_terracotta":906,"minecraft:light_gray_stained_glass":251,"minecraft:oak_stairs":8,"minecraft:dark_oak_pressure_plate":2,"minecraft:lime_stained_glass":567,"minecraft:netherite_pickaxe":52278,"minecraft:minecart":243,"minecraft:cyan_concrete_powder":32,"minecraft:cooked_beef":491,"minecraft:pumpkin":66,"minecraft:orange_stained_glass_pane":15,"minecraft:cobblestone_stairs":209,"minecraft:snow_block":124,"minecraft:birch_boat":26,"minecraft:brown_mushroom":11,"minecraft:spruce_sign":23,"minecraft:green_bed":9,"minecraft:music_disc_cat":2,"minecraft:red_mushroom":7,"minecraft:spider_eye":1000,"minecraft:cyan_stained_glass":17,"minecraft:piston":539,"minecraft:wooden_hoe":187,"minecraft:flower_pot":8,"minecraft:black_wool":13,"minecraft:detector_rail":91,"minecraft:stone_slab":140,"minecraft:stone_axe":68,"minecraft:crimson_fungus":1,"minecraft:pink_shulker_box":36,"minecraft:pumpkin_pie":10,"minecraft:sea_pickle":21,"minecraft:birch_stairs":3,"minecraft:peony":4,"minecraft:nether_brick_fence":58,"minecraft:spruce_slab":115,"minecraft:polished_blackstone":27,"minecraft:ladder":63,"minecraft:chest":127,"minecraft:brown_concrete":879,"minecraft:white_shulker_box":53,"minecraft:stripped_spruce_log":7,"minecraft:honey_block":147,"minecraft:netherite_shovel":14451,"minecraft:black_stained_glass_pane":21,"minecraft:grass_block":515,"minecraft:birch_sapling":200,"minecraft:polished_andesite_stairs":561,"minecraft:wet_sponge":17,"minecraft:dark_oak_button":10,"minecraft:pink_wool":7,"minecraft:stone_brick_stairs":151,"minecraft:rabbit_stew":1,"minecraft:snow":29,"minecraft:sweet_berries":87,"minecraft:furnace":19,"minecraft:egg":30,"minecraft:dragon_head":3,"minecraft:dead_brain_coral_fan":1,"minecraft:brown_concrete_powder":900,"minecraft:diorite":847,"minecraft:red_stained_glass":201,"minecraft:powered_rail":2038,"minecraft:lime_concrete_powder":18,"minecraft:purpur_pillar":2,"minecraft:oak_leaves":35,"minecraft:smooth_quartz_stairs":93,"minecraft:respawn_anchor":19,"minecraft:dark_oak_trapdoor":272,"minecraft:sand":596,"minecraft:pumpkin_seeds":51,"minecraft:stone_button":85,"minecraft:lectern":1264,"minecraft:red_terracotta":31,"minecraft:diamond_ore":584,"minecraft:lilac":2,"minecraft:polished_andesite_slab":330,"minecraft:soul_lantern":5,"minecraft:wooden_sword":3,"minecraft:dark_oak_fence":62,"minecraft:white_stained_glass":262,"minecraft:pink_stained_glass":31,"minecraft:ice":146,"minecraft:iron_bars":293,"minecraft:stone_sword":98,"minecraft:acacia_log":65,"minecraft:brain_coral_fan":16,"minecraft:red_concrete":638,"minecraft:mycelium":1439,"minecraft:netherrack":3054,"minecraft:light_gray_shulker_box":3,"minecraft:anvil":9,"minecraft:target":58,"minecraft:stone_stairs":56,"minecraft:nether_brick_slab":38,"minecraft:jungle_trapdoor":13,"minecraft:nether_brick_stairs":11,"minecraft:polished_diorite":1,"minecraft:red_shulker_box":128,"minecraft:cyan_shulker_box":13,"minecraft:iron_axe":473,"minecraft:slime_block":2966,"minecraft:smooth_quartz":219,"minecraft:totem_of_undying":2,"minecraft:melon_seeds":83,"minecraft:tripwire_hook":11,"minecraft:glowstone":15,"minecraft:iron_trapdoor":162,"minecraft:acacia_wood":3,"minecraft:orange_terracotta":9,"minecraft:observer":1189,"minecraft:crimson_stem":1,"minecraft:water_bucket":2855,"minecraft:nether_brick_wall":4,"minecraft:sandstone_stairs":1,"minecraft:yellow_shulker_box":7,"minecraft:bubble_coral_fan":6,"minecraft:red_mushroom_block":32,"minecraft:polished_blackstone_bricks":483,"minecraft:cracked_stone_bricks":108,"minecraft:pink_concrete":18,"minecraft:lime_terracotta":2,"minecraft:comparator":128,"minecraft:tnt":80,"minecraft:oak_slab":181,"minecraft:crafting_table":99,"minecraft:birch_sign":6,"minecraft:fire_coral":1,"minecraft:cod":3,"minecraft:dark_oak_fence_gate":20,"minecraft:lime_shulker_box":4,"minecraft:cake":2,"minecraft:oak_log":147,"minecraft:cornflower":9,"minecraft:stripped_jungle_log":1,"minecraft:iron_pickaxe":4489,"minecraft:cyan_concrete":17,"minecraft:purpur_slab":3,"minecraft:crimson_nylium":19,"minecraft:chiseled_stone_bricks":125,"minecraft:cobblestone":9380,"minecraft:red_concrete_powder":710,"minecraft:glass_pane":5,"minecraft:kelp":63,"minecraft:brown_mushroom_block":36,"minecraft:jukebox":2,"minecraft:iron_shovel":618,"minecraft:diamond_hoe":1,"minecraft:oak_sign":28,"minecraft:white_concrete_powder":6557,"minecraft:shield":6,"minecraft:iron_sword":288,"minecraft:bell":14,"minecraft:player_head":26,"minecraft:birch_pressure_plate":11,"minecraft:nether_bricks":295,"minecraft:carrot":1155,"minecraft:glass":345,"minecraft:cyan_terracotta":3740,"minecraft:coal_ore":247,"minecraft:quartz_slab":292,"minecraft:dark_oak_wood":35,"minecraft:gray_concrete_powder":15,"minecraft:crimson_roots":2,"minecraft:hopper_minecart":4,"minecraft:stone_bricks":359,"minecraft:repeater":326,"minecraft:red_carpet":55,"minecraft:redstone_lamp":28,"minecraft:honeycomb_block":8,"minecraft:magma_block":2,"minecraft:brown_carpet":6,"minecraft:warped_fungus":1,"minecraft:hay_block":42,"minecraft:scaffolding":2680,"minecraft:gray_bed":1,"minecraft:fire_coral_fan":21,"minecraft:polished_blackstone_stairs":1,"minecraft:chiseled_polished_blackstone":20,"minecraft:dark_oak_stairs":392,"minecraft:birch_leaves":1,"minecraft:dark_oak_sign":4,"minecraft:ender_pearl":89,"minecraft:redstone_block":315,"minecraft:loom":3,"minecraft:light_gray_terracotta":207,"minecraft:sponge":117,"minecraft:blackstone_wall":11,"minecraft:note_block":126,"minecraft:stone_brick_wall":63,"minecraft:shears":1224,"minecraft:redstone_torch":148,"minecraft:green_concrete":2,"minecraft:gray_shulker_box":59,"minecraft:firework_rocket":181,"minecraft:melon_slice":17,"minecraft:birch_fence_gate":2,"minecraft:string":29,"minecraft:cyan_bed":2,"minecraft:heavy_weighted_pressure_plate":6,"minecraft:light_gray_concrete":3172,"minecraft:gravel":404,"minecraft:jungle_sign":2,"minecraft:grindstone":4,"minecraft:andesite":1346,"minecraft:oak_fence":37,"minecraft:white_concrete":6794,"minecraft:jungle_leaves":100,"minecraft:experience_bottle":53,"minecraft:cobweb":31,"minecraft:purpur_block":2,"minecraft:trident":74,"minecraft:redstone_ore":290,"minecraft:stone_shovel":108,"minecraft:spruce_planks":2502,"minecraft:white_carpet":96,"minecraft:hopper":249,"minecraft:spruce_stairs":246,"minecraft:cobblestone_wall":2174,"minecraft:shulker_box":403,"minecraft:oak_wood":1,"minecraft:pink_carpet":27,"minecraft:granite":748,"minecraft:light_blue_stained_glass":3,"minecraft:birch_door":5,"minecraft:andesite_wall":125,"minecraft:purple_stained_glass_pane":15,"minecraft:stone_brick_slab":108,"minecraft:dark_oak_planks":122,"minecraft:red_tulip":1,"minecraft:bookshelf":48,"minecraft:polished_blackstone_brick_stairs":103,"minecraft:golden_carrot":949,"minecraft:emerald_block":9,"minecraft:white_stained_glass_pane":49,"minecraft:stone_pressure_plate":15,"minecraft:brown_bed":2,"minecraft:cooked_mutton":27,"minecraft:acacia_boat":3,"minecraft:iron_ore":8,"minecraft:glass_bottle":71,"minecraft:polished_andesite":257,"minecraft:pink_banner":4,"minecraft:andesite_slab":109,"minecraft:black_shulker_box":62,"minecraft:magenta_stained_glass":198,"minecraft:stonecutter":21,"minecraft:beacon":5,"minecraft:cobblestone_slab":99,"minecraft:polished_blackstone_pressure_plate":6,"minecraft:stripped_dark_oak_log":64,"minecraft:terracotta":745,"minecraft:light_gray_concrete_powder":1731,"minecraft:painting":76,"minecraft:smoker":69,"minecraft:purple_stained_glass":350,"minecraft:activator_rail":12,"minecraft:cracked_polished_blackstone_bricks":97,"minecraft:netherite_axe":865,"minecraft:fishing_rod":73,"minecraft:green_shulker_box":3,"minecraft:white_banner":33,"minecraft:red_banner":8,"minecraft:bucket":3344,"minecraft:polished_blackstone_button":25,"minecraft:purple_carpet":4,"minecraft:smooth_stone":480,"minecraft:splash_potion":22},"minecraft:broken":{"minecraft:shears":3,"minecraft:diamond_shovel":1,"minecraft:fishing_rod":2,"minecraft:iron_pickaxe":16,"minecraft:iron_shovel":1,"minecraft:leather_leggings":1,"minecraft:stone_pickaxe":3,"minecraft:diamond_chestplate":1,"minecraft:stone_sword":1,"minecraft:iron_axe":1,"minecraft:golden_helmet":1},"minecraft:crafted":{"minecraft:lime_stained_glass":824,"minecraft:black_dye":110,"minecraft:chainmail_helmet":16,"minecraft:oak_sign":24,"minecraft:melon":3,"minecraft:blaze_powder":16,"minecraft:birch_boat":2,"minecraft:chain":47,"minecraft:diamond_shovel":3,"minecraft:gray_wool":24,"minecraft:nether_brick":91,"minecraft:cracked_stone_bricks":130,"minecraft:shulker_box":32,"minecraft:diamond_helmet":2,"minecraft:stone_pressure_plate":40,"minecraft:iron_door":9,"minecraft:black_wool":1,"minecraft:white_shulker_box":5,"minecraft:name_tag":43,"minecraft:lime_concrete_powder":16,"minecraft:pink_stained_glass":24,"minecraft:redstone_lamp":11,"minecraft:end_rod":76,"minecraft:jungle_boat":4,"minecraft:smithing_table":2,"minecraft:mossy_cobblestone":6,"minecraft:nether_brick_fence":30,"minecraft:sticky_piston":532,"minecraft:painting":12,"minecraft:stone_brick_stairs":8,"minecraft:lectern":19,"minecraft:wooden_hoe":7,"minecraft:stone_slab":374,"minecraft:iron_pickaxe":19,"minecraft:sandstone":9,"minecraft:netherite_ingot":8,"minecraft:composter":11,"minecraft:polished_blackstone_bricks":56,"minecraft:jungle_sign":3,"minecraft:golden_carrot":3640,"minecraft:jukebox":2,"minecraft:iron_nugget":968,"minecraft:diamond_hoe":7,"minecraft:experience_bottle":1,"minecraft:soul_torch":4,"minecraft:red_banner":8,"minecraft:light_gray_wool":8,"minecraft:lime_stained_glass_pane":1200,"minecraft:spruce_fence":51,"minecraft:cracked_polished_blackstone_bricks":103,"minecraft:stone_stairs":40,"minecraft:lantern":74,"minecraft:spruce_stairs":200,"minecraft:red_shulker_box":6,"minecraft:stone_pickaxe":324,"minecraft:spruce_boat":5,"minecraft:quartz_slab":204,"minecraft:lead":22,"minecraft:light_gray_terracotta":208,"minecraft:dark_oak_button":9,"minecraft:red_carpet":51,"minecraft:enchanted_book":50,"minecraft:orange_dye":4,"minecraft:oak_fence_gate":22,"minecraft:red_stained_glass":200,"minecraft:soul_lantern":1,"minecraft:warped_fungus_on_a_stick":1,"minecraft:chainmail_boots":30,"minecraft:fermented_spider_eye":16,"minecraft:black_glazed_terracotta":120,"minecraft:birch_trapdoor":10,"minecraft:black_stained_glass_pane":32,"minecraft:writable_book":8,"minecraft:iron_shovel":4,"minecraft:armor_stand":8,"minecraft:note_block":97,"minecraft:grindstone":1,"minecraft:cobblestone_slab":48,"minecraft:barrel":46,"minecraft:cooked_chicken":1740,"minecraft:stone":64,"minecraft:red_sandstone":18,"minecraft:pink_carpet":24,"minecraft:heavy_weighted_pressure_plate":4,"minecraft:quartz_pillar":224,"minecraft:brown_carpet":6,"minecraft:polished_blackstone_button":21,"minecraft:stone_brick_slab":180,"minecraft:orange_stained_glass_pane":80,"minecraft:bow":10,"minecraft:comparator":65,"minecraft:polished_basalt":57,"minecraft:chest":288,"minecraft:netherite_helmet":1,"minecraft:rail":32,"minecraft:blue_concrete_powder":152,"minecraft:bricks":25,"minecraft:ender_eye":6,"minecraft:stone_bricks":388,"minecraft:oak_fence":30,"minecraft:sea_lantern":40,"minecraft:white_banner":30,"minecraft:dropper":81,"minecraft:cauldron":26,"minecraft:lime_terracotta":8,"minecraft:iron_helmet":56,"minecraft:brown_dye":180,"minecraft:birch_pressure_plate":16,"minecraft:red_wool":159,"minecraft:chiseled_polished_blackstone":105,"minecraft:spectral_arrow":4,"minecraft:white_stained_glass_pane":64,"minecraft:dispenser":12,"minecraft:apple":64,"minecraft:tnt":70,"minecraft:spruce_trapdoor":140,"minecraft:purple_dye":54,"minecraft:yellow_dye":3,"minecraft:stick":4952,"minecraft:iron_ingot":3786,"minecraft:andesite_stairs":32,"minecraft:light_blue_stained_glass":8,"minecraft:dark_oak_fence_gate":16,"minecraft:nether_brick_slab":42,"minecraft:tripwire_hook":14,"minecraft:stone_brick_wall":120,"minecraft:fishing_rod":5,"minecraft:beehive":2,"minecraft:netherite_sword":1,"minecraft:mossy_stone_bricks":26,"minecraft:furnace":30,"minecraft:blast_furnace":12,"minecraft:piston":897,"minecraft:polished_andesite_slab":6,"minecraft:oak_trapdoor":26,"minecraft:flint_and_steel":2,"minecraft:scaffolding":1170,"minecraft:netherite_chestplate":1,"minecraft:white_concrete_powder":6592,"minecraft:cobblestone_wall":1032,"minecraft:honey_block":272,"minecraft:birch_sign":6,"minecraft:purple_stained_glass":360,"minecraft:iron_trapdoor":178,"minecraft:diorite_wall":136,"minecraft:iron_sword":4,"minecraft:jungle_planks":440,"minecraft:white_dye":1292,"minecraft:brown_concrete_powder":896,"minecraft:netherite_shovel":2,"minecraft:stonecutter":1,"minecraft:anvil":8,"minecraft:pink_banner":4,"minecraft:andesite":222,"minecraft:torch":12685,"minecraft:diamond_chestplate":3,"minecraft:ender_chest":6,"minecraft:light_gray_concrete_powder":1736,"minecraft:smooth_stone":639,"minecraft:dark_oak_pressure_plate":2,"minecraft:orange_stained_glass":32,"minecraft:pink_bed":13,"minecraft:dark_oak_wood":33,"minecraft:oak_pressure_plate":4,"minecraft:slime_block":2314,"minecraft:loom":4,"minecraft:polished_blackstone_slab":156,"minecraft:lever":162,"minecraft:bookshelf":63,"minecraft:cooked_mutton":27,"minecraft:iron_bars":272,"minecraft:red_concrete_powder":848,"minecraft:quartz_block":1283,"minecraft:glass":3373,"minecraft:repeater":216,"minecraft:diamond_leggings":3,"minecraft:netherite_boots":1,"minecraft:melon_seeds":59,"minecraft:birch_fence_gate":1,"minecraft:acacia_fence":39,"minecraft:birch_door":6,"minecraft:chiseled_quartz_block":12,"minecraft:magenta_dye":84,"minecraft:gray_bed":1,"minecraft:flower_pot":16,"minecraft:glass_bottle":1155,"minecraft:target":46,"minecraft:emerald":11161,"minecraft:smooth_quartz":90,"minecraft:cooked_porkchop":885,"minecraft:diamond_axe":1,"minecraft:hay_block":46,"minecraft:oak_wood":3,"minecraft:campfire":5,"minecraft:lime_shulker_box":1,"minecraft:iron_block":184,"minecraft:gold_ingot":717,"minecraft:light_gray_dye":296,"minecraft:spruce_fence_gate":5,"minecraft:birch_stairs":8,"minecraft:packed_ice":19,"minecraft:rabbit_stew":158,"minecraft:stone_shovel":133,"minecraft:smooth_stone_slab":362,"minecraft:player_head":21,"minecraft:bone_meal":2190,"minecraft:cyan_stained_glass":16,"minecraft:andesite_wall":114,"minecraft:pink_dye":22,"minecraft:white_carpet":75,"minecraft:diamond":675,"minecraft:netherite_axe":1,"minecraft:dark_oak_fence":57,"minecraft:detector_rail":78,"minecraft:ladder":84,"minecraft:spruce_slab":258,"minecraft:ender_pearl":92,"minecraft:diamond_boots":3,"minecraft:redstone_block":866,"minecraft:dark_oak_planks":3912,"minecraft:golden_helmet":1,"minecraft:coal_block":211,"minecraft:crossbow":1,"minecraft:netherite_pickaxe":3,"minecraft:polished_blackstone_brick_slab":30,"minecraft:magenta_stained_glass":200,"minecraft:gray_concrete_powder":32,"minecraft:glowstone":5,"minecraft:white_stained_glass":296,"minecraft:jungle_slab":24,"minecraft:golden_apple":24,"minecraft:acacia_sign":6,"minecraft:andesite_slab":60,"minecraft:gray_shulker_box":4,"minecraft:oak_stairs":12,"minecraft:iron_leggings":6,"minecraft:white_bed":33,"minecraft:nether_brick_stairs":20,"minecraft:brick":352,"minecraft:oak_planks":2928,"minecraft:pink_shulker_box":3,"minecraft:cobblestone_stairs":120,"minecraft:suspicious_stew":6,"minecraft:green_dye":345,"minecraft:dark_oak_door":3,"minecraft:hopper":166,"minecraft:cyan_terracotta":3264,"minecraft:chiseled_stone_bricks":192,"minecraft:stone_hoe":1,"minecraft:honeycomb_block":2,"minecraft:smoker":8,"minecraft:quartz_stairs":24,"minecraft:oak_slab":354,"minecraft:item_frame":8,"minecraft:acacia_wood":3,"minecraft:crafting_table":31,"minecraft:spruce_planks":4715,"minecraft:wooden_pickaxe":1,"minecraft:gold_block":74,"minecraft:hopper_minecart":4,"minecraft:birch_planks":2879,"minecraft:brewing_stand":4,"minecraft:black_shulker_box":1,"minecraft:dark_oak_slab":606,"minecraft:book":50,"minecraft:paper":3895,"minecraft:emerald_block":382,"minecraft:diamond_pickaxe":8,"minecraft:shield":3,"minecraft:light_weighted_pressure_plate":2,"minecraft:light_blue_dye":2,"minecraft:stone_sword":1,"minecraft:snow_block":40,"minecraft:redstone_torch":647,"minecraft:polished_blackstone_brick_stairs":66,"minecraft:gray_carpet":45,"minecraft:light_gray_carpet":12,"minecraft:sponge":106,"minecraft:shears":16,"minecraft:light_gray_stained_glass_pane":96,"minecraft:green_carpet":12,"minecraft:sandstone_stairs":4,"minecraft:polished_andesite":72,"minecraft:coarse_dirt":996,"minecraft:wooden_sword":1,"minecraft:cookie":180,"minecraft:redstone":5604,"minecraft:coal":297,"minecraft:light_gray_stained_glass":232,"minecraft:popped_chorus_fruit":23,"minecraft:stone_button":163,"minecraft:dark_oak_trapdoor":254,"minecraft:jungle_trapdoor":14,"minecraft:gray_dye":182,"minecraft:dark_oak_sign":3,"minecraft:diamond_block":204,"minecraft:glass_pane":16,"minecraft:netherite_leggings":2,"minecraft:yellow_shulker_box":1,"minecraft:black_terracotta":120,"minecraft:iron_axe":58,"minecraft:spruce_wood":213,"minecraft:iron_hoe":2,"minecraft:slime_ball":621,"minecraft:lime_dye":138,"minecraft:netherite_scrap":37,"minecraft:observer":873,"minecraft:minecart":103,"minecraft:cooked_beef":166,"minecraft:sugar":60,"minecraft:red_dye":347,"minecraft:cyan_concrete_powder":32,"minecraft:diamond_sword":1,"minecraft:cyan_dye":424,"minecraft:spruce_sign":21,"minecraft:dark_oak_stairs":352,"minecraft:pink_concrete_powder":32,"minecraft:powered_rail":48,"minecraft:bell":8,"minecraft:nether_bricks":20,"minecraft:bucket":28,"minecraft:stone_axe":1,"minecraft:brown_terracotta":424,"minecraft:mossy_cobblestone_wall":6,"minecraft:air":0,"minecraft:bread":96,"minecraft:black_stained_glass":16,"minecraft:blue_dye":259,"minecraft:oak_boat":15,"minecraft:magenta_terracotta":18,"minecraft:white_wool":82,"minecraft:gold_nugget":950,"minecraft:brown_wool":4,"minecraft:green_wool":8,"minecraft:pumpkin_pie":48,"minecraft:acacia_planks":148,"minecraft:lapis_lazuli":245,"minecraft:lapis_block":33,"minecraft:firework_rocket":189},"minecraft:mined":{"minecraft:dragon_wall_head":1,"minecraft:red_shulker_box":119,"minecraft:white_bed":133,"minecraft:pink_bed":3,"minecraft:fire_coral_wall_fan":29,"minecraft:cyan_shulker_box":10,"minecraft:granite":1815,"minecraft:acacia_log":58,"minecraft:oak_wall_sign":2,"minecraft:nether_wart":20,"minecraft:spawner":2,"minecraft:polished_blackstone_bricks":45,"minecraft:magma_block":43,"minecraft:dark_oak_trapdoor":50,"minecraft:fire":73,"minecraft:barrel":11,"minecraft:fletching_table":1,"minecraft:nether_brick_stairs":19,"minecraft:light_gray_concrete":1799,"minecraft:green_carpet":2,"minecraft:white_shulker_box":49,"minecraft:spruce_wood":8,"minecraft:player_head":10,"minecraft:tripwire":11,"minecraft:jungle_trapdoor":8,"minecraft:cut_sandstone":10,"minecraft:blue_concrete_powder":8,"minecraft:kelp_plant":133,"minecraft:smoker":61,"minecraft:crimson_nylium":30,"minecraft:torch":174,"minecraft:note_block":28,"minecraft:dark_oak_wood":6,"minecraft:melon":7993,"minecraft:white_stained_glass_pane":4,"minecraft:dead_bush":1,"minecraft:nether_brick_slab":30,"minecraft:spruce_wall_sign":4,"minecraft:smooth_quartz_slab":6,"minecraft:tube_coral_fan":3,"minecraft:lime_shulker_box":2,"minecraft:sugar_cane":2883,"minecraft:birch_sapling":3,"minecraft:white_terracotta":1,"minecraft:chain":3,"minecraft:repeater":46,"minecraft:grass":436,"minecraft:dark_oak_sapling":9,"minecraft:smooth_quartz":9,"minecraft:attached_pumpkin_stem":21,"minecraft:brown_concrete":912,"minecraft:mossy_cobblestone":3,"minecraft:nether_brick_wall":4,"minecraft:dark_oak_log":765,"minecraft:cyan_stained_glass":2,"minecraft:sea_lantern":143,"minecraft:end_stone":363,"minecraft:birch_fence_gate":1,"minecraft:dark_oak_fence":9,"minecraft:spruce_fence":6,"minecraft:redstone_wire":103,"minecraft:red_mushroom":1,"minecraft:cartography_table":1,"minecraft:white_concrete_powder":39,"minecraft:horn_coral":6,"minecraft:redstone_ore":1009,"minecraft:pink_concrete":39,"minecraft:andesite":3241,"minecraft:cyan_concrete":34,"minecraft:cobblestone_slab":23,"minecraft:vine":79,"minecraft:respawn_anchor":19,"minecraft:rail":197,"minecraft:brain_coral_wall_fan":20,"minecraft:bone_block":4,"minecraft:ender_chest":37,"minecraft:oak_slab":98,"minecraft:redstone_block":106,"minecraft:glass_pane":4,"minecraft:chiseled_nether_bricks":2,"minecraft:soul_sand":2027,"minecraft:polished_blackstone_brick_wall":5,"minecraft:dandelion":61,"minecraft:fire_coral":7,"minecraft:cornflower":18,"minecraft:campfire":6,"minecraft:brain_coral_fan":8,"minecraft:purpur_pillar":2,"minecraft:diorite":1897,"minecraft:red_terracotta":162,"minecraft:coarse_dirt":44,"minecraft:light_blue_bed":1,"minecraft:cobblestone_wall":110,"minecraft:dead_bubble_coral_fan":5,"minecraft:red_sandstone_wall":3,"minecraft:dark_oak_button":1,"minecraft:gravel":12331,"minecraft:cobweb":112,"minecraft:brown_terracotta":418,"minecraft:polished_blackstone":13,"minecraft:stone_bricks":155,"minecraft:chipped_anvil":2,"minecraft:gold_ore":220,"minecraft:iron_trapdoor":29,"minecraft:fern":6,"minecraft:stone_pressure_plate":9,"minecraft:oak_sapling":15,"minecraft:farmland":53,"minecraft:andesite_stairs":20,"minecraft:brewing_stand":1,"minecraft:spruce_trapdoor":45,"minecraft:cracked_polished_blackstone_bricks":8,"minecraft:white_concrete":7263,"minecraft:polished_diorite":1,"minecraft:polished_blackstone_brick_slab":25,"minecraft:composter":52,"minecraft:polished_blackstone_pressure_plate":1,"minecraft:dragon_head":1,"minecraft:brown_bed":2,"minecraft:red_tulip":1,"minecraft:iron_bars":30,"minecraft:spruce_slab":40,"minecraft:brown_shulker_box":4,"minecraft:quartz_block":34,"minecraft:polished_blackstone_wall":1,"minecraft:orange_terracotta":42,"minecraft:purpur_stairs":10,"minecraft:light_gray_terracotta":42,"minecraft:jungle_stairs":2,"minecraft:beacon":2,"minecraft:nether_quartz_ore":5299,"minecraft:oak_planks":17,"minecraft:wall_torch":101,"minecraft:cauldron":7,"minecraft:light_weighted_pressure_plate":1,"minecraft:stone_stairs":21,"minecraft:powered_rail":1018,"minecraft:dark_oak_slab":85,"minecraft:tnt":27,"minecraft:smooth_stone_slab":72,"minecraft:oak_log":500,"minecraft:lime_terracotta":1,"minecraft:dirt":3836,"minecraft:dispenser":8,"minecraft:ancient_debris":37,"minecraft:crying_obsidian":41,"minecraft:pink_carpet":2,"minecraft:quartz_stairs":69,"minecraft:dark_oak_leaves":693,"minecraft:red_stained_glass":7,"minecraft:lever":104,"minecraft:ladder":6,"minecraft:tube_coral_wall_fan":13,"minecraft:stone_button":21,"minecraft:brown_mushroom_block":295,"minecraft:spruce_leaves":497,"minecraft:crimson_stem":1,"minecraft:hay_block":38,"minecraft:heavy_weighted_pressure_plate":2,"minecraft:polished_basalt":40,"minecraft:light_gray_shulker_box":3,"minecraft:orange_stained_glass_pane":1,"minecraft:detector_rail":15,"minecraft:gold_block":15,"minecraft:nether_brick_fence":31,"minecraft:bookshelf":21,"minecraft:stripped_oak_log":25,"minecraft:wet_sponge":125,"minecraft:pink_terracotta":1,"minecraft:scaffolding":1040,"minecraft:acacia_leaves":8,"minecraft:magenta_stained_glass":5,"minecraft:stripped_dark_oak_log":82,"minecraft:basalt":3434,"minecraft:oak_fence":13,"minecraft:honey_block":37,"minecraft:stone_slab":50,"minecraft:red_concrete":757,"minecraft:polished_blackstone_brick_stairs":31,"minecraft:birch_planks":1,"minecraft:bubble_coral":6,"minecraft:sea_pickle":10,"minecraft:polished_blackstone_slab":4,"minecraft:ice":198,"minecraft:white_wall_banner":3,"minecraft:bee_nest":57,"minecraft:grass_path":5,"minecraft:black_wool":15,"minecraft:cocoa":88,"minecraft:cracked_stone_bricks":21,"minecraft:mossy_stone_bricks":7,"minecraft:dark_oak_planks":29,"minecraft:dead_horn_coral_fan":31,"minecraft:jungle_leaves":171,"minecraft:obsidian":625,"minecraft:carved_pumpkin":18,"minecraft:red_sand":92,"minecraft:chiseled_polished_blackstone":3,"minecraft:stone_brick_wall":8,"minecraft:jungle_log":271,"minecraft:horn_coral_fan":6,"minecraft:pink_stained_glass":10,"minecraft:coal_block":8,"minecraft:purpur_slab":4,"minecraft:lime_stained_glass":261,"minecraft:crimson_fungus":77,"minecraft:hopper":68,"minecraft:chiseled_stone_bricks":26,"minecraft:tall_seagrass":4,"minecraft:sticky_piston":211,"minecraft:dead_fire_coral_wall_fan":1,"minecraft:pumpkin":6218,"minecraft:stripped_dark_oak_wood":6,"minecraft:lime_stained_glass_pane":146,"minecraft:oak_sign":4,"minecraft:quartz_slab":24,"minecraft:blue_orchid":38,"minecraft:iron_block":191,"minecraft:piston_head":15,"minecraft:brown_mushroom":34,"minecraft:player_wall_head":6,"minecraft:soul_fire":3,"minecraft:blast_furnace":2,"minecraft:polished_andesite_stairs":95,"minecraft:dead_brain_coral_fan":1,"minecraft:glass":149,"minecraft:cyan_bed":2,"minecraft:damaged_anvil":1,"minecraft:spruce_sign":2,"minecraft:light_gray_stained_glass":55,"minecraft:wheat":1085,"minecraft:pumpkin_stem":5,"minecraft:lime_concrete":16,"minecraft:warped_fungus":5,"minecraft:stone_brick_stairs":16,"minecraft:oak_fence_gate":3,"minecraft:red_mushroom_block":199,"minecraft:stonecutter":21,"minecraft:piston":157,"minecraft:pink_shulker_box":33,"minecraft:light_gray_stained_glass_pane":2,"minecraft:shulker_box":363,"minecraft:nether_bricks":647,"minecraft:jungle_planks":5,"minecraft:crimson_roots":264,"minecraft:orange_shulker_box":1,"minecraft:kelp":66,"minecraft:horn_coral_wall_fan":39,"minecraft:pink_wool":1,"minecraft:black_stained_glass_pane":1,"minecraft:polished_blackstone_button":7,"minecraft:snow":216,"minecraft:diamond_block":302,"minecraft:smooth_quartz_stairs":9,"minecraft:bamboo":418,"minecraft:white_wool":79,"minecraft:cake":1,"minecraft:brain_coral":3,"minecraft:smithing_table":3,"minecraft:light_gray_carpet":9,"minecraft:comparator":15,"minecraft:stone_brick_slab":37,"minecraft:observer":336,"minecraft:smooth_sandstone":4,"minecraft:light_gray_concrete_powder":2,"minecraft:emerald_ore":23,"minecraft:sponge":9,"minecraft:dropper":25,"minecraft:purple_stained_glass":8,"minecraft:white_carpet":33,"minecraft:spruce_log":998,"minecraft:birch_leaves":881,"minecraft:quartz_pillar":5,"minecraft:mycelium":758,"minecraft:infested_stone":30,"minecraft:black_shulker_box":62,"minecraft:spruce_planks":421,"minecraft:attached_melon_stem":39,"minecraft:jungle_slab":2,"minecraft:cobblestone_stairs":42,"minecraft:grass_block":1763,"minecraft:infested_cobblestone":2,"minecraft:purple_stained_glass_pane":15,"minecraft:soul_soil":180,"minecraft:smooth_stone":159,"minecraft:glowstone":94,"minecraft:iron_ore":593,"minecraft:target":15,"minecraft:anvil":1,"minecraft:dark_oak_stairs":81,"minecraft:purple_carpet":4,"minecraft:birch_wall_sign":3,"minecraft:end_stone_bricks":8,"minecraft:green_bed":9,"minecraft:cyan_terracotta":859,"minecraft:blackstone":2045,"minecraft:melon_stem":13,"minecraft:soul_lantern":4,"minecraft:chiseled_quartz_block":2,"minecraft:clay":40,"minecraft:dead_fire_coral_fan":9,"minecraft:poppy":99,"minecraft:chest":37,"minecraft:mushroom_stem":81,"minecraft:cobblestone":3001,"minecraft:honeycomb_block":8,"minecraft:slime_block":663,"minecraft:grindstone":3,"minecraft:prismarine":1,"minecraft:seagrass":108,"minecraft:brown_concrete_powder":5,"minecraft:nether_wart_block":4,"minecraft:birch_log":350,"minecraft:activator_rail":6,"minecraft:stripped_oak_wood":1,"minecraft:purpur_block":14,"minecraft:diorite_wall":34,"minecraft:acacia_fence":12,"minecraft:sand":10604,"minecraft:tripwire_hook":2,"minecraft:netherrack":14597,"minecraft:oak_leaves":370,"minecraft:horn_coral_block":1,"minecraft:emerald_block":10,"minecraft:redstone_lamp":1,"minecraft:nether_gold_ore":62,"minecraft:tube_coral":7,"minecraft:diamond_ore":2087,"minecraft:red_carpet":9,"minecraft:gray_shulker_box":56,"minecraft:white_stained_glass":154,"minecraft:polished_andesite_slab":111,"minecraft:sandstone":11,"minecraft:oak_trapdoor":9,"minecraft:spruce_sapling":5,"minecraft:furnace":9,"minecraft:carrots":1154,"minecraft:black_glazed_terracotta":36,"minecraft:dark_oak_fence_gate":4,"minecraft:stripped_spruce_log":20,"minecraft:bell":9,"minecraft:lantern":12,"minecraft:stripped_acacia_log":7,"minecraft:stripped_jungle_log":3,"minecraft:packed_ice":101,"minecraft:chorus_plant":19,"minecraft:stone":37751,"minecraft:yellow_shulker_box":6,"minecraft:redstone_wall_torch":14,"minecraft:podzol":9,"minecraft:light_blue_shulker_box":6,"minecraft:red_wool":17,"minecraft:crafting_table":75,"minecraft:lime_concrete_powder":2,"minecraft:andesite_slab":17,"minecraft:lectern":1240,"minecraft:andesite_wall":87,"minecraft:lapis_ore":51,"minecraft:lily_pad":1,"minecraft:spruce_stairs":59,"minecraft:cactus":1,"minecraft:green_shulker_box":3,"minecraft:beehive":6,"minecraft:redstone_torch":13,"minecraft:sweet_berry_bush":6,"minecraft:coal_ore":1905,"minecraft:end_rod":23,"minecraft:bubble_coral_wall_fan":20,"minecraft:gray_carpet":1,"minecraft:terracotta":4783,"minecraft:polished_andesite":90,"minecraft:warped_slab":4}},"DataVersion":2584}