{"stats":{"minecraft:dropped":{"minecraft:name_tag":1},"minecraft:killed":{"minecraft:guardian":2,"minecraft:zombie":1},"minecraft:custom":{"minecraft:time_since_rest":50588508,"minecraft:crouch_one_cm":1331,"minecraft:play_one_minute":50588508,"minecraft:sprint_one_cm":180,"minecraft:open_shulker_box":8,"minecraft:walk_one_cm":9223,"minecraft:sneak_time":140047,"minecraft:walk_under_water_one_cm":435550,"minecraft:interact_with_anvil":2,"minecraft:mob_kills":3,"minecraft:drop":1,"minecraft:jump":13,"minecraft:damage_dealt":788,"minecraft:leave_game":397,"minecraft:walk_on_water_one_cm":363293,"minecraft:time_since_death":50588508,"minecraft:fly_one_cm":89429968},"minecraft:used":{"minecraft:redstone_torch":2,"minecraft:rail":3,"minecraft:anvil":2,"minecraft:guardian_spawn_egg":9,"minecraft:powered_rail":2,"minecraft:minecart":7,"minecraft:stone":22,"minecraft:zombie_spawn_egg":2},"minecraft:picked_up":{"minecraft:name_tag":1,"minecraft:prismarine_shard":2,"minecraft:rotten_flesh":1,"minecraft:player_head":1,"minecraft:cod":2,"minecraft:prismarine_crystals":1}},"DataVersion":2584}