{"stats":{"minecraft:killed":{"minecraft:cod":4,"minecraft:tropical_fish":563,"minecraft:elder_guardian":6,"minecraft:zombie":674,"minecraft:endermite":31,"minecraft:snow_golem":612,"minecraft:husk":61,"minecraft:rabbit":1882,"minecraft:spider":97,"minecraft:bee":28,"minecraft:piglin_brute":28,"minecraft:zombie_villager":12,"minecraft:sheep":32,"minecraft:trader_llama":89,"minecraft:slime":41496,"minecraft:hoglin":8399,"minecraft:wither_skeleton":81,"minecraft:cave_spider":19,"minecraft:shulker":409,"minecraft:skeleton":112994,"minecraft:magma_cube":23332,"minecraft:zoglin":17,"minecraft:wandering_trader":45,"minecraft:enderman":7222,"minecraft:turtle":8,"minecraft:strider":36,"minecraft:phantom":2254,"minecraft:bat":207,"minecraft:guardian":5,"minecraft:parrot":5,"minecraft:salmon":189,"minecraft:iron_golem":59,"minecraft:ender_dragon":1,"minecraft:pillager":28,"minecraft:zombified_piglin":429638,"minecraft:witch":78790,"minecraft:wither":1,"minecraft:silverfish":20,"minecraft:piglin":140,"minecraft:mooshroom":185,"minecraft:ghast":171,"minecraft:drowned":3902,"minecraft:squid":85,"minecraft:player":8,"minecraft:pufferfish":102,"minecraft:chicken":748,"minecraft:cow":15,"minecraft:ocelot":2,"minecraft:wolf":1,"minecraft:pig":14,"minecraft:creeper":228,"minecraft:blaze":36599},"minecraft:killed_by":{"minecraft:ravager":7,"minecraft:zombified_piglin":4,"minecraft:vex":1,"minecraft:slime":1,"minecraft:enderman":2,"minecraft:zombie":4,"minecraft:skeleton":1,"minecraft:piglin_brute":1,"minecraft:husk":1,"minecraft:ender_dragon":4,"minecraft:guardian":1,"minecraft:player":74},"minecraft:picked_up":{"minecraft:enchanted_book":33,"minecraft:blue_concrete":312,"minecraft:music_disc_cat":1,"minecraft:polished_blackstone_brick_stairs":249,"minecraft:string":2626,"minecraft:orange_glazed_terracotta":27,"minecraft:horn_coral_block":433,"minecraft:spruce_pressure_plate":1,"minecraft:polished_blackstone_stairs":217,"minecraft:purpur_pillar":149,"minecraft:cyan_stained_glass_pane":55,"minecraft:green_terracotta":147,"minecraft:gray_shulker_box":740,"minecraft:warped_door":6,"minecraft:cauldron":15,"minecraft:stone_sword":12,"minecraft:blue_glazed_terracotta":11,"minecraft:carved_pumpkin":935,"minecraft:glowstone":604,"minecraft:end_rod":841,"minecraft:blaze_rod":5812,"minecraft:snowball":2056,"minecraft:sponge":201,"minecraft:feather":527,"minecraft:water_bucket":26,"minecraft:brown_wool":7,"minecraft:dark_oak_boat":3,"minecraft:pink_concrete_powder":6116,"minecraft:lantern":284,"minecraft:stonecutter":233,"minecraft:chiseled_polished_blackstone":41,"minecraft:lime_terracotta":325,"minecraft:birch_fence_gate":54,"minecraft:brown_mushroom_block":1850,"minecraft:acacia_stairs":4,"minecraft:iron_hoe":1,"minecraft:granite":22800,"minecraft:spruce_button":12,"minecraft:golden_horse_armor":2,"minecraft:cyan_dye":44,"minecraft:light_gray_carpet":163,"minecraft:diamond_pickaxe":18,"minecraft:magenta_glazed_terracotta":54,"minecraft:clay_ball":5137,"minecraft:redstone_lamp":109,"minecraft:acacia_button":1,"minecraft:fire_coral":21,"minecraft:white_stained_glass":1471,"minecraft:iron_shovel":15,"minecraft:polished_blackstone_wall":68,"minecraft:glass_pane":78,"minecraft:netherite_sword":11,"minecraft:jungle_sapling":946,"minecraft:minecart":246,"minecraft:birch_sapling":1165,"minecraft:piston":456,"minecraft:stone":250815,"minecraft:diamond_chestplate":4,"minecraft:stone_shovel":1,"minecraft:hay_block":187,"minecraft:totem_of_undying":16,"minecraft:polished_blackstone":830,"minecraft:mutton":82,"minecraft:rail":1046,"minecraft:bone_block":2312,"minecraft:oxeye_daisy":141,"minecraft:lime_bed":2,"minecraft:birch_leaves":1881,"minecraft:yellow_shulker_box":1367,"minecraft:jungle_fence":20,"minecraft:blackstone_slab":80,"minecraft:purpur_stairs":55,"minecraft:paper":197,"minecraft:light_gray_glazed_terracotta":19,"minecraft:warped_stem":679,"minecraft:pufferfish_bucket":13,"minecraft:iron_ore":4157,"minecraft:milk_bucket":3,"minecraft:light_gray_stained_glass":137,"minecraft:light_blue_stained_glass":596,"minecraft:dragon_egg":2,"minecraft:diamond_shovel":6,"minecraft:painting":41,"minecraft:birch_sign":132,"minecraft:polished_blackstone_brick_wall":10,"minecraft:light_blue_concrete":118,"minecraft:nether_brick_fence":60,"minecraft:yellow_wool":117,"minecraft:gilded_blackstone":203,"minecraft:stone_brick_stairs":360,"minecraft:warped_stairs":60,"minecraft:red_sand":2849,"minecraft:comparator":231,"minecraft:bucket":769,"minecraft:white_tulip":47,"minecraft:smooth_quartz":273,"minecraft:birch_trapdoor":61,"minecraft:spruce_stairs":249,"minecraft:andesite_wall":57,"minecraft:music_disc_ward":1,"minecraft:obsidian":2469,"minecraft:enchanting_table":9,"minecraft:leather_chestplate":21,"minecraft:andesite":22304,"minecraft:smooth_sandstone_stairs":272,"minecraft:prismarine_bricks":58,"minecraft:dirt":85225,"minecraft:glass":491,"minecraft:bone":18224,"minecraft:orange_tulip":132,"minecraft:bow":709,"minecraft:wheat_seeds":5504,"minecraft:birch_wood":13,"minecraft:grindstone":58,"minecraft:netherite_axe":5,"minecraft:purple_stained_glass_pane":3,"minecraft:fletching_table":1,"minecraft:prismarine":93,"minecraft:diorite_wall":105,"minecraft:red_sandstone_wall":76,"minecraft:gray_stained_glass":108,"minecraft:black_stained_glass_pane":137,"minecraft:light_blue_shulker_box":286,"minecraft:nether_brick_stairs":76,"minecraft:diamond_block":607,"minecraft:jungle_slab":493,"minecraft:spectral_arrow":2594,"minecraft:jungle_leaves":7662,"minecraft:light_blue_terracotta":4,"minecraft:slime_block":668,"minecraft:netherite_helmet":12,"minecraft:polished_blackstone_pressure_plate":3,"minecraft:soul_lantern":151,"minecraft:cracked_polished_blackstone_bricks":5204,"minecraft:crossbow":12,"minecraft:spruce_sign":96,"minecraft:netherrack":83567,"minecraft:chorus_fruit":389,"minecraft:oak_leaves":107717,"minecraft:azure_bluet":90,"minecraft:ladder":481,"minecraft:pink_wool":223,"minecraft:mycelium":7032,"minecraft:birch_fence":582,"minecraft:blue_orchid":1982,"minecraft:lime_wool":41,"minecraft:note_block":29,"minecraft:brown_concrete_powder":6476,"minecraft:cookie":24,"minecraft:trident":19,"minecraft:light_gray_stained_glass_pane":420,"minecraft:purple_terracotta":3,"minecraft:weeping_vines":401,"minecraft:nether_bricks":1812,"minecraft:stripped_dark_oak_wood":4,"minecraft:black_banner":6,"minecraft:netherite_boots":16,"minecraft:jungle_boat":50,"minecraft:leather":4684,"minecraft:crimson_fungus":70,"minecraft:gunpowder":2511,"minecraft:yellow_bed":95,"minecraft:cobblestone_wall":77,"minecraft:cooked_mutton":42,"minecraft:gray_carpet":112,"minecraft:acacia_trapdoor":143,"minecraft:rabbit_hide":3323,"minecraft:iron_ingot":2261,"minecraft:cooked_chicken":251,"minecraft:prismarine_brick_slab":3,"minecraft:emerald_block":4,"minecraft:nether_quartz_ore":3779,"minecraft:stone_brick_slab":214,"minecraft:nether_brick_slab":358,"minecraft:spruce_door":22,"minecraft:brick_slab":66,"minecraft:white_concrete_powder":114404,"minecraft:prismarine_wall":5,"minecraft:terracotta":30283,"minecraft:iron_chestplate":6,"minecraft:prismarine_shard":37,"minecraft:anvil":93,"minecraft:oak_stairs":196,"minecraft:golden_sword":381,"minecraft:soul_soil":598,"minecraft:cooked_salmon":55,"minecraft:red_nether_bricks":24,"minecraft:beetroot":7,"minecraft:gold_nugget":4859,"minecraft:black_glazed_terracotta":53,"minecraft:spruce_planks":143,"minecraft:acacia_fence_gate":1,"minecraft:enchanted_golden_apple":1,"minecraft:coal_block":5,"minecraft:golden_helmet":76,"minecraft:beehive":70,"minecraft:crimson_pressure_plate":5,"minecraft:magenta_concrete_powder":5950,"minecraft:green_bed":17,"minecraft:sandstone_wall":281,"minecraft:warped_planks":70,"minecraft:rabbit_foot":331,"minecraft:black_dye":41,"minecraft:light_gray_bed":5,"minecraft:light_blue_wool":158,"minecraft:blue_dye":1,"minecraft:cyan_terracotta":4603,"minecraft:netherite_chestplate":1,"minecraft:blackstone_stairs":71,"minecraft:birch_log":4222,"minecraft:magma_block":4242,"minecraft:iron_door":10,"minecraft:acacia_leaves":10,"minecraft:green_concrete_powder":6257,"minecraft:jungle_wood":25,"minecraft:stripped_spruce_wood":128,"minecraft:netherite_leggings":13,"minecraft:gray_concrete":6956,"minecraft:glowstone_dust":3300,"minecraft:warped_wart_block":3938,"minecraft:dropper":237,"minecraft:granite_slab":57,"minecraft:crimson_door":1,"minecraft:dark_oak_log":1228,"minecraft:stripped_acacia_log":12,"minecraft:writable_book":23,"minecraft:blue_ice":3,"minecraft:bread":31,"minecraft:dark_oak_fence":84,"minecraft:coarse_dirt":928,"minecraft:sandstone_slab":306,"minecraft:purple_wool":9,"minecraft:nether_wart":48565,"minecraft:orange_stained_glass_pane":47,"minecraft:orange_banner":8,"minecraft:conduit":2,"minecraft:dead_horn_coral_block":1,"minecraft:netherite_scrap":1,"minecraft:compass":102,"minecraft:beef":750,"minecraft:cyan_wool":36,"minecraft:chest":1255,"minecraft:redstone":10912,"minecraft:carrot":13389,"minecraft:prismarine_crystals":29,"minecraft:polished_granite_stairs":59,"minecraft:beetroot_seeds":20,"minecraft:tube_coral_fan":94,"minecraft:shears":81,"minecraft:diamond_boots":15,"minecraft:warped_sign":9,"minecraft:sandstone_stairs":100,"minecraft:gold_ingot":1082,"minecraft:white_wool":389,"minecraft:lime_concrete_powder":8080,"minecraft:lapis_ore":315,"minecraft:stripped_oak_log":1268,"minecraft:red_mushroom":390,"minecraft:filled_map":166,"minecraft:jungle_button":5,"minecraft:stone_bricks":5371,"minecraft:dark_oak_slab":129,"minecraft:white_stained_glass_pane":280,"minecraft:light_blue_glazed_terracotta":32,"minecraft:gravel":48766,"minecraft:spruce_sapling":157,"minecraft:red_stained_glass":3,"minecraft:purple_bed":14,"minecraft:polished_diorite":23,"minecraft:light_blue_carpet":97,"minecraft:scute":362,"minecraft:diamond_axe":8,"minecraft:oak_button":2,"minecraft:brown_banner":2,"minecraft:stripped_dark_oak_log":113,"minecraft:crimson_nylium":213,"minecraft:wheat":906,"minecraft:redstone_block":372,"minecraft:light_gray_shulker_box":62,"minecraft:smooth_stone_slab":964,"minecraft:armor_stand":108,"minecraft:sea_pickle":270,"minecraft:activator_rail":9,"minecraft:black_shulker_box":145,"minecraft:dark_oak_leaves":1,"minecraft:redstone_torch":402,"minecraft:iron_boots":20,"minecraft:stick":8014,"minecraft:orange_shulker_box":1318,"minecraft:oak_fence":570,"minecraft:snow_block":982,"minecraft:dead_brain_coral_fan":1,"minecraft:green_wool":104,"minecraft:fire_coral_fan":109,"minecraft:cod":503,"minecraft:crimson_hyphae":8,"minecraft:magma_cream":477,"minecraft:chiseled_quartz_block":591,"minecraft:light_gray_dye":47,"minecraft:wither_skeleton_skull":8,"minecraft:polished_granite":116,"minecraft:leather_boots":33,"minecraft:ghast_tear":120,"minecraft:black_terracotta":11,"minecraft:polished_blackstone_slab":377,"minecraft:pink_stained_glass_pane":1,"minecraft:sand":222823,"minecraft:shulker_box":10420,"minecraft:orange_wool":18,"minecraft:dark_prismarine":25,"minecraft:light_gray_concrete":673,"minecraft:dark_prismarine_slab":80,"minecraft:spruce_fence_gate":3,"minecraft:clay":5474,"minecraft:white_concrete":15492,"minecraft:oak_sapling":1560,"minecraft:bubble_coral_block":766,"minecraft:cocoa_beans":6858,"minecraft:charcoal":5,"minecraft:turtle_helmet":1,"minecraft:dragon_breath":2,"minecraft:stone_stairs":183,"minecraft:orange_concrete":232,"minecraft:quartz_slab":174,"minecraft:warped_fence":6,"minecraft:cyan_carpet":345,"minecraft:andesite_stairs":23,"minecraft:oak_boat":29,"minecraft:player_head":2772,"minecraft:light_gray_wool":415,"minecraft:spruce_trapdoor":196,"minecraft:orange_dye":16,"minecraft:brown_glazed_terracotta":12,"minecraft:gray_dye":128,"minecraft:stone_button":132,"minecraft:iron_horse_armor":1,"minecraft:smooth_sandstone_slab":418,"minecraft:arrow":5123,"minecraft:light_blue_stained_glass_pane":47,"minecraft:jungle_stairs":3,"minecraft:saddle":4,"minecraft:wet_sponge":773,"minecraft:crimson_stem":505,"minecraft:birch_planks":186,"minecraft:yellow_glazed_terracotta":245,"minecraft:cobblestone_stairs":45,"minecraft:wooden_hoe":1,"minecraft:smooth_sandstone":1238,"minecraft:red_nether_brick_stairs":15,"minecraft:fire_coral_block":489,"minecraft:heart_of_the_sea":3,"minecraft:stripped_oak_wood":5,"minecraft:soul_sand":3098,"minecraft:green_dye":129,"minecraft:book":284,"minecraft:scaffolding":23164,"minecraft:pumpkin":640,"minecraft:birch_boat":54,"minecraft:red_concrete_powder":11595,"minecraft:brain_coral_fan":97,"minecraft:magenta_stained_glass_pane":1,"minecraft:white_bed":1298,"minecraft:green_carpet":28,"minecraft:stripped_jungle_log":22,"minecraft:cyan_banner":14,"minecraft:lime_banner":2,"minecraft:iron_helmet":38,"minecraft:coal":8620,"minecraft:purple_concrete_powder":8253,"minecraft:suspicious_stew":1,"minecraft:lead":224,"minecraft:smithing_table":27,"minecraft:stone_slab":1665,"minecraft:purple_shulker_box":71,"minecraft:dark_oak_pressure_plate":3,"minecraft:pufferfish":157,"minecraft:shroomlight":343,"minecraft:diamond_leggings":10,"minecraft:bubble_coral":15,"minecraft:warped_slab":93,"minecraft:crimson_sign":22,"minecraft:diamond_ore":250,"minecraft:polished_blackstone_brick_slab":200,"minecraft:acacia_log":343,"minecraft:brick_wall":137,"minecraft:cyan_stained_glass":28,"minecraft:golden_axe":3,"minecraft:honeycomb_block":588,"minecraft:warped_pressure_plate":14,"minecraft:golden_chestplate":31,"minecraft:pink_terracotta":6,"minecraft:brown_carpet":33,"minecraft:yellow_banner":1,"minecraft:lime_carpet":153,"minecraft:horn_coral_fan":130,"minecraft:honey_bottle":555,"minecraft:polished_basalt":454,"minecraft:blackstone_wall":3,"minecraft:red_tulip":102,"minecraft:bookshelf":67,"minecraft:white_terracotta":3136,"minecraft:iron_bars":1299,"minecraft:cooked_beef":173,"minecraft:flint":1491,"minecraft:purple_stained_glass":68,"minecraft:cyan_concrete_powder":6414,"minecraft:magenta_terracotta":11,"minecraft:gray_concrete_powder":46956,"minecraft:purple_carpet":58,"minecraft:warped_hyphae":1,"minecraft:dark_oak_sign":9,"minecraft:diamond_helmet":6,"minecraft:rabbit":3207,"minecraft:honeycomb":21211,"minecraft:stripped_crimson_stem":20,"minecraft:stripped_spruce_log":377,"minecraft:netherite_block":1,"minecraft:polished_andesite":833,"minecraft:blue_terracotta":61,"minecraft:lever":179,"minecraft:jack_o_lantern":8,"minecraft:crimson_roots":527,"minecraft:bee_nest":72,"minecraft:leather_leggings":32,"minecraft:dragon_head":32,"minecraft:purpur_block":413,"minecraft:heavy_weighted_pressure_plate":10,"minecraft:cornflower":133,"minecraft:elytra":57,"minecraft:flint_and_steel":6,"minecraft:white_carpet":869,"minecraft:brown_stained_glass_pane":18,"minecraft:stripped_warped_stem":19,"minecraft:poppy":411,"minecraft:spruce_slab":408,"minecraft:diamond_hoe":1,"minecraft:lime_shulker_box":289,"minecraft:black_stained_glass":510,"minecraft:cyan_glazed_terracotta":10,"minecraft:fire_charge":417,"minecraft:white_dye":64,"minecraft:jungle_fence_gate":42,"minecraft:netherite_pickaxe":18,"minecraft:cyan_shulker_box":62,"minecraft:jungle_sign":105,"minecraft:purpur_slab":58,"minecraft:yellow_terracotta":3849,"minecraft:emerald_ore":27,"minecraft:clock":24,"minecraft:tripwire_hook":63,"minecraft:smooth_red_sandstone":17,"minecraft:red_glazed_terracotta":16,"minecraft:fern":806,"minecraft:yellow_dye":3,"minecraft:lily_pad":133,"minecraft:light_blue_banner":13,"minecraft:apple":176,"minecraft:yellow_stained_glass":263,"minecraft:oak_fence_gate":33,"minecraft:stone_pickaxe":2,"minecraft:magenta_stained_glass":3,"minecraft:dark_oak_stairs":63,"minecraft:polished_andesite_stairs":117,"minecraft:sweet_berries":97,"minecraft:green_glazed_terracotta":34,"minecraft:lime_concrete":264,"minecraft:red_wool":630,"minecraft:cracked_nether_bricks":112,"minecraft:crying_obsidian":101,"minecraft:leather_helmet":32,"minecraft:oak_wood":4,"minecraft:coal_ore":3968,"minecraft:slime_ball":9033,"minecraft:red_nether_brick_slab":33,"minecraft:smooth_quartz_slab":578,"minecraft:hopper":1433,"minecraft:black_carpet":1879,"minecraft:ender_chest":2369,"minecraft:lapis_block":62,"minecraft:smooth_stone":4926,"minecraft:red_dye":11,"minecraft:rose_bush":996,"minecraft:cobblestone_slab":55,"minecraft:iron_pickaxe":5,"minecraft:smooth_quartz_stairs":185,"minecraft:blue_wool":34,"minecraft:acacia_fence":52,"minecraft:crimson_button":1,"minecraft:netherite_shovel":9,"minecraft:diorite":18080,"minecraft:vine":102,"minecraft:rotten_flesh":10986,"minecraft:brown_shulker_box":606,"minecraft:chorus_flower":107,"minecraft:blaze_powder":1199,"minecraft:cobblestone":72954,"minecraft:lilac":63,"minecraft:repeater":540,"minecraft:golden_leggings":36,"minecraft:orange_carpet":195,"minecraft:black_bed":4,"minecraft:beacon":123,"minecraft:potato":136,"minecraft:stripped_birch_log":149,"minecraft:cut_sandstone_slab":17,"minecraft:name_tag":15,"minecraft:acacia_planks":2,"minecraft:granite_wall":20,"minecraft:mossy_stone_bricks":21,"minecraft:cyan_concrete":166,"minecraft:bamboo":25975,"minecraft:brown_stained_glass":39,"minecraft:melon":37,"minecraft:grass_block":39707,"minecraft:mossy_cobblestone":64,"minecraft:light_gray_terracotta":3975,"minecraft:yellow_carpet":392,"minecraft:sugar":2041,"minecraft:yellow_stained_glass_pane":4,"minecraft:grass":731,"minecraft:bone_meal":1629,"minecraft:golden_apple":10,"minecraft:nether_sprouts":49,"minecraft:emerald":277,"minecraft:andesite_slab":97,"minecraft:splash_potion":332,"minecraft:packed_ice":1494,"minecraft:brown_mushroom":2314,"minecraft:stone_brick_wall":318,"minecraft:diorite_slab":7,"minecraft:chain":201,"minecraft:shield":11,"minecraft:orange_stained_glass":121,"minecraft:oak_trapdoor":51,"minecraft:magenta_wool":6,"minecraft:blackstone":20898,"minecraft:end_stone":1199,"minecraft:polished_blackstone_bricks":10412,"minecraft:light_blue_bed":10,"minecraft:stone_pressure_plate":19,"minecraft:blue_concrete_powder":6032,"minecraft:red_shulker_box":613,"minecraft:tube_coral":19,"minecraft:pumpkin_pie":38,"minecraft:pink_tulip":56,"minecraft:glistering_melon_slice":2,"minecraft:brick_stairs":24,"minecraft:nether_brick_wall":208,"minecraft:dark_oak_button":2,"minecraft:basalt":14971,"minecraft:golden_carrot":789,"minecraft:ice":2488,"minecraft:granite_stairs":9,"minecraft:chainmail_chestplate":8,"minecraft:orange_terracotta":10861,"minecraft:red_carpet":280,"minecraft:polished_andesite_slab":202,"minecraft:tropical_fish_bucket":2,"minecraft:pink_bed":4,"minecraft:warped_fungus":157,"minecraft:quartz":8860,"minecraft:dandelion":288,"minecraft:lava_bucket":2,"minecraft:red_banner":3,"minecraft:green_stained_glass":6,"minecraft:soul_torch":9,"minecraft:light_blue_concrete_powder":6579,"minecraft:polished_diorite_stairs":6,"minecraft:pumpkin_seeds":1829,"minecraft:chainmail_leggings":11,"minecraft:damaged_anvil":10,"minecraft:netherite_hoe":4,"minecraft:dark_oak_wood":4,"minecraft:sunflower":919,"minecraft:seagrass":5673,"minecraft:birch_door":18,"minecraft:chainmail_boots":11,"minecraft:flower_pot":30,"minecraft:magenta_carpet":50,"minecraft:diamond_sword":14,"minecraft:brown_bed":6,"minecraft:wither_rose":202,"minecraft:birch_button":2,"minecraft:brewing_stand":21,"minecraft:dark_oak_trapdoor":24,"minecraft:blue_stained_glass_pane":25,"minecraft:orange_concrete_powder":7249,"minecraft:crimson_fence":1,"minecraft:acacia_sign":3,"minecraft:written_book":99,"minecraft:melon_slice":560,"minecraft:dark_oak_door":8,"minecraft:white_glazed_terracotta":35,"minecraft:composter":54,"minecraft:pink_carpet":102,"minecraft:chiseled_nether_bricks":11,"minecraft:gray_stained_glass_pane":197,"minecraft:tropical_fish":1837,"minecraft:iron_block":5733,"minecraft:birch_slab":135,"minecraft:jungle_log":20587,"minecraft:smoker":61,"minecraft:map":1,"minecraft:light_gray_concrete_powder":23747,"minecraft:twisting_vines":305,"minecraft:chipped_anvil":37,"minecraft:gray_terracotta":12,"minecraft:gray_glazed_terracotta":59,"minecraft:ink_sac":13119,"minecraft:loom":19,"minecraft:fermented_spider_eye":1,"minecraft:red_terracotta":5927,"minecraft:barrel":560,"minecraft:quartz_bricks":269,"minecraft:dispenser":62,"minecraft:black_concrete_powder":10083,"minecraft:green_concrete":504,"minecraft:polished_granite_slab":47,"minecraft:chainmail_helmet":13,"minecraft:bricks":493,"minecraft:lime_stained_glass_pane":3,"minecraft:spruce_leaves":925,"minecraft:crafting_table":529,"minecraft:bubble_coral_fan":107,"minecraft:crimson_trapdoor":21,"minecraft:jungle_trapdoor":309,"minecraft:red_bed":6,"minecraft:cracked_stone_bricks":333,"minecraft:cartography_table":14,"minecraft:respawn_anchor":3,"minecraft:iron_nugget":1478,"minecraft:quartz_stairs":27,"minecraft:egg":111,"minecraft:sandstone":88667,"minecraft:oak_door":2,"minecraft:spruce_fence":219,"minecraft:mushroom_stem":350,"minecraft:blue_carpet":20,"minecraft:tnt":88,"minecraft:peony":130,"minecraft:tube_coral_block":432,"minecraft:white_shulker_box":433,"minecraft:crimson_slab":79,"minecraft:smooth_red_sandstone_stairs":43,"minecraft:red_mushroom_block":477,"minecraft:oak_log":6137,"minecraft:brown_concrete":94,"minecraft:ancient_debris":147,"minecraft:golden_boots":31,"minecraft:white_banner":20,"minecraft:birch_pressure_plate":7,"minecraft:kelp":34419,"minecraft:cobweb":188,"minecraft:glass_bottle":9099,"minecraft:iron_sword":2,"minecraft:daylight_detector":1,"minecraft:yellow_concrete":346,"minecraft:birch_stairs":130,"minecraft:spruce_log":2099,"minecraft:sea_lantern":370,"minecraft:firework_rocket":2401,"minecraft:purple_glazed_terracotta":11,"minecraft:redstone_ore":1510,"minecraft:gray_wool":529,"minecraft:warped_roots":776,"minecraft:melon_seeds":17,"minecraft:warped_nylium":269,"minecraft:pink_dye":14,"minecraft:ender_pearl":3134,"minecraft:shulker_shell":1159,"minecraft:iron_trapdoor":465,"minecraft:green_stained_glass_pane":12,"minecraft:dead_horn_coral_fan":5,"minecraft:turtle_egg":280,"minecraft:potion":320,"minecraft:brain_coral_block":477,"minecraft:nether_brick":2962,"minecraft:crimson_planks":73,"minecraft:iron_leggings":6,"minecraft:sticky_piston":257,"minecraft:pink_shulker_box":262,"minecraft:oak_sign":88,"minecraft:furnace":212,"minecraft:jungle_door":66,"minecraft:brown_terracotta":544,"minecraft:torch":6314,"minecraft:porkchop":50,"minecraft:dried_kelp":65702,"minecraft:target":5,"minecraft:yellow_concrete_powder":9550,"minecraft:light_gray_banner":3,"minecraft:blue_stained_glass":42,"minecraft:quartz_block":230,"minecraft:nether_gold_ore":374,"minecraft:cactus":640,"minecraft:stripped_birch_wood":15,"minecraft:nautilus_shell":37,"minecraft:warped_trapdoor":34,"minecraft:horn_coral":18,"minecraft:green_shulker_box":231,"minecraft:lapis_lazuli":2582,"minecraft:pink_banner":4,"minecraft:bell":14,"minecraft:powered_rail":881,"minecraft:oak_planks":455,"minecraft:stone_hoe":4,"minecraft:brain_coral":17,"minecraft:lime_glazed_terracotta":29,"minecraft:pink_stained_glass":2,"minecraft:pink_concrete":159,"minecraft:cooked_porkchop":3944,"minecraft:music_disc_13":2,"minecraft:oak_pressure_plate":7,"minecraft:poisonous_potato":20,"minecraft:jungle_planks":449,"minecraft:lily_of_the_valley":57,"minecraft:dead_bush":279,"minecraft:cyan_bed":2,"minecraft:chiseled_sandstone":21,"minecraft:black_concrete":422,"minecraft:spruce_boat":5,"minecraft:diamond":1962,"minecraft:polished_blackstone_button":5,"minecraft:nether_star":1,"minecraft:end_stone_bricks":274,"minecraft:fishing_rod":8,"minecraft:allium":34,"minecraft:chicken":584,"minecraft:cooked_rabbit":88,"minecraft:gold_block":310,"minecraft:diamond_horse_armor":3,"minecraft:wooden_sword":1,"minecraft:item_frame":340,"minecraft:detector_rail":15,"minecraft:dark_prismarine_stairs":16,"minecraft:observer":553,"minecraft:lectern":269,"minecraft:blue_shulker_box":34,"minecraft:sugar_cane":10035,"minecraft:phantom_membrane":4492,"minecraft:dark_oak_sapling":178,"minecraft:red_stained_glass_pane":6,"minecraft:quartz_pillar":101,"minecraft:magenta_shulker_box":17,"minecraft:dark_oak_planks":31,"minecraft:lime_stained_glass":1,"minecraft:salmon":161,"minecraft:cut_sandstone":459,"minecraft:nether_wart_block":2969,"minecraft:podzol":10233,"minecraft:acacia_sapling":39,"minecraft:purple_concrete":191,"minecraft:oak_slab":351,"minecraft:chiseled_stone_bricks":27,"minecraft:blast_furnace":6,"minecraft:gold_ore":935,"minecraft:dark_oak_fence_gate":7,"minecraft:spider_eye":2152,"minecraft:dried_kelp_block":1172,"minecraft:campfire":27,"minecraft:honey_block":1620,"minecraft:magenta_concrete":87,"minecraft:black_wool":804,"minecraft:acacia_slab":72,"minecraft:red_concrete":280},"minecraft:custom":{"minecraft:interact_with_cartography_table":42,"minecraft:inspect_dispenser":1129,"minecraft:inspect_dropper":2128,"minecraft:inspect_hopper":7240,"minecraft:play_noteblock":61,"minecraft:talked_to_villager":1035,"minecraft:fill_cauldron":8,"minecraft:damage_taken":377197,"minecraft:eat_cake_slice":27,"minecraft:enchant_item":114,"minecraft:interact_with_furnace":3357,"minecraft:sleep_in_bed":2074,"minecraft:interact_with_smithing_table":33,"minecraft:target_hit":327,"minecraft:sneak_time":7258571,"minecraft:interact_with_lectern":397,"minecraft:interact_with_blast_furnace":36,"minecraft:fall_one_cm":12506041,"minecraft:drop":13030,"minecraft:interact_with_loom":116,"minecraft:player_kills":24,"minecraft:strider_one_cm":15929,"minecraft:damage_absorbed":676,"minecraft:interact_with_crafting_table":6041,"minecraft:damage_blocked_by_shield":7550,"minecraft:deaths":121,"minecraft:jump":464098,"minecraft:interact_with_smoker":199,"minecraft:horse_one_cm":113820,"minecraft:interact_with_anvil":453,"minecraft:tune_noteblock":693,"minecraft:time_since_rest":36394,"minecraft:swim_one_cm":2705469,"minecraft:open_chest":33582,"minecraft:open_shulker_box":86535,"minecraft:damage_resisted":31315,"minecraft:interact_with_brewingstand":422,"minecraft:interact_with_beacon":182,"minecraft:boat_one_cm":4195232,"minecraft:aviate_one_cm":885100995,"minecraft:open_barrel":21427,"minecraft:bell_ring":13,"minecraft:leave_game":4054,"minecraft:time_since_death":261905,"minecraft:traded_with_villager":3911,"minecraft:damage_dealt":39794895,"minecraft:interact_with_stonecutter":1047,"minecraft:fly_one_cm":42933438,"minecraft:animals_bred":9100,"minecraft:sprint_one_cm":146645011,"minecraft:walk_on_water_one_cm":7760383,"minecraft:play_one_minute":201105813,"minecraft:open_enderchest":11677,"minecraft:crouch_one_cm":25417108,"minecraft:mob_kills":777814,"minecraft:climb_one_cm":9711089,"minecraft:walk_one_cm":237350130,"minecraft:clean_shulker_box":17,"minecraft:walk_under_water_one_cm":14386779,"minecraft:pot_flower":122,"minecraft:interact_with_grindstone":82,"minecraft:minecart_one_cm":119582133},"minecraft:mined":{"minecraft:dragon_wall_head":27,"minecraft:red_shulker_box":609,"minecraft:white_bed":1282,"minecraft:pink_bed":4,"minecraft:light_blue_carpet":73,"minecraft:potted_dead_bush":3,"minecraft:acacia_log":284,"minecraft:oak_pressure_plate":2,"minecraft:green_concrete":1520,"minecraft:oak_wall_sign":25,"minecraft:nether_wart":59378,"minecraft:chorus_flower":107,"minecraft:fire":1422,"minecraft:twisting_vines":18,"minecraft:spruce_pressure_plate":1,"minecraft:green_carpet":18,"minecraft:pink_tulip":4,"minecraft:white_shulker_box":430,"minecraft:white_banner":5,"minecraft:sandstone_slab":273,"minecraft:cut_sandstone":474,"minecraft:magenta_carpet":48,"minecraft:kelp_plant":642,"minecraft:smoker":61,"minecraft:torch":3188,"minecraft:dark_oak_wood":3,"minecraft:melon":54,"minecraft:dead_bush":354,"minecraft:nether_brick_slab":134,"minecraft:sugar_cane":5965,"minecraft:bricks":466,"minecraft:chain":97,"minecraft:repeater":338,"minecraft:jungle_wood":25,"minecraft:wither_rose":114,"minecraft:grass":3766,"minecraft:attached_pumpkin_stem":8,"minecraft:brown_concrete":1475,"minecraft:mossy_cobblestone":70,"minecraft:orange_concrete_powder":6,"minecraft:dark_oak_log":1220,"minecraft:birch_fence_gate":54,"minecraft:dark_oak_fence":80,"minecraft:spruce_fence":159,"minecraft:red_mushroom":55,"minecraft:white_concrete_powder":70,"minecraft:magenta_stained_glass_pane":1,"minecraft:redstone_ore":2489,"minecraft:green_terracotta":147,"minecraft:cyan_concrete":1539,"minecraft:vine":2883,"minecraft:respawn_anchor":3,"minecraft:fire_coral_block":498,"minecraft:oak_slab":299,"minecraft:chiseled_nether_bricks":11,"minecraft:soul_sand":1124,"minecraft:lily_of_the_valley":12,"minecraft:cornflower":74,"minecraft:warped_roots":718,"minecraft:crimson_slab":78,"minecraft:campfire":28,"minecraft:tall_grass":105,"minecraft:diorite":17875,"minecraft:orange_carpet":151,"minecraft:warped_wart_block":3827,"minecraft:black_stained_glass":520,"minecraft:light_blue_bed":17,"minecraft:cobblestone_wall":63,"minecraft:pink_wall_banner":4,"minecraft:dark_oak_button":1,"minecraft:gravel":48025,"minecraft:cobweb":273,"minecraft:brown_terracotta":546,"minecraft:stone_bricks":5351,"minecraft:chipped_anvil":37,"minecraft:fern":1267,"minecraft:oak_sapling":11,"minecraft:andesite_stairs":23,"minecraft:orange_stained_glass":56,"minecraft:spruce_trapdoor":198,"minecraft:lime_banner":2,"minecraft:polished_blackstone_brick_slab":193,"minecraft:turtle_egg":267,"minecraft:green_stained_glass":6,"minecraft:granite_stairs":9,"minecraft:netherite_block":2,"minecraft:brown_shulker_box":601,"minecraft:gray_terracotta":12,"minecraft:quartz_block":38,"minecraft:orange_terracotta":10848,"minecraft:yellow_banner":1,"minecraft:beacon":122,"minecraft:nether_quartz_ore":7448,"minecraft:oak_planks":438,"minecraft:light_blue_banner":2,"minecraft:wall_torch":461,"minecraft:light_blue_terracotta":4,"minecraft:blue_terracotta":55,"minecraft:powered_rail":421,"minecraft:dark_oak_slab":127,"minecraft:blue_ice":3,"minecraft:tnt":34,"minecraft:smooth_stone_slab":881,"minecraft:dispenser":65,"minecraft:daylight_detector":1,"minecraft:crying_obsidian":97,"minecraft:pink_carpet":99,"minecraft:lever":88,"minecraft:ladder":165,"minecraft:tube_coral_wall_fan":81,"minecraft:purple_terracotta":3,"minecraft:birch_slab":77,"minecraft:spruce_leaves":748,"minecraft:hay_block":186,"minecraft:polished_basalt":461,"minecraft:nether_sprouts":501,"minecraft:orange_stained_glass_pane":6,"minecraft:detector_rail":12,"minecraft:gold_block":209,"minecraft:nether_brick_fence":57,"minecraft:stripped_oak_log":1271,"minecraft:blue_glazed_terracotta":11,"minecraft:pink_terracotta":6,"minecraft:acacia_leaves":112,"minecraft:snow_block":30,"minecraft:stripped_dark_oak_log":112,"minecraft:basalt":16622,"minecraft:polished_granite":47,"minecraft:gray_stained_glass":88,"minecraft:stone_slab":1629,"minecraft:quartz_bricks":269,"minecraft:polished_blackstone_brick_stairs":263,"minecraft:prismarine_bricks":47,"minecraft:birch_planks":168,"minecraft:bubble_coral":14,"minecraft:sea_pickle":27,"minecraft:polished_blackstone_slab":306,"minecraft:bee_nest":77,"minecraft:grass_path":368,"minecraft:warped_hyphae":1,"minecraft:black_wool":689,"minecraft:dead_brain_coral_wall_fan":1,"minecraft:cocoa":365,"minecraft:cyan_carpet":155,"minecraft:cracked_stone_bricks":246,"minecraft:dark_oak_planks":26,"minecraft:polished_granite_slab":50,"minecraft:dark_prismarine_stairs":16,"minecraft:stripped_warped_stem":19,"minecraft:black_terracotta":10,"minecraft:carved_pumpkin":435,"minecraft:red_sand":2896,"minecraft:chiseled_polished_blackstone":42,"minecraft:smooth_red_sandstone_stairs":43,"minecraft:stone_brick_wall":331,"minecraft:yellow_carpet":366,"minecraft:jungle_log":20611,"minecraft:pink_stained_glass":2,"minecraft:lime_stained_glass":1,"minecraft:tube_coral_block":434,"minecraft:hopper":1448,"minecraft:chiseled_stone_bricks":27,"minecraft:weeping_vines_plant":52,"minecraft:brown_stained_glass":52,"minecraft:sticky_piston":255,"minecraft:enchanting_table":11,"minecraft:lime_stained_glass_pane":3,"minecraft:quartz_slab":59,"minecraft:oak_sign":25,"minecraft:smooth_sandstone_stairs":248,"minecraft:iron_block":4426,"minecraft:blue_orchid":9,"minecraft:brown_mushroom":85,"minecraft:red_bed":6,"minecraft:soul_fire":57,"minecraft:blue_stained_glass":43,"minecraft:cyan_glazed_terracotta":10,"minecraft:blast_furnace":6,"minecraft:cyan_bed":6,"minecraft:damaged_anvil":10,"minecraft:spruce_sign":3,"minecraft:cyan_wool":36,"minecraft:black_concrete_powder":60,"minecraft:light_gray_stained_glass":136,"minecraft:wheat":1065,"minecraft:pumpkin_stem":68,"minecraft:warped_fungus":125,"minecraft:black_bed":4,"minecraft:stone_brick_stairs":327,"minecraft:red_mushroom_block":841,"minecraft:stonecutter":232,"minecraft:light_gray_stained_glass_pane":123,"minecraft:blue_stained_glass_pane":25,"minecraft:orange_banner":6,"minecraft:jungle_planks":364,"minecraft:crimson_roots":446,"minecraft:yellow_concrete_powder":3,"minecraft:lime_wool":41,"minecraft:jungle_sapling":101,"minecraft:polished_blackstone_button":4,"minecraft:white_glazed_terracotta":35,"minecraft:potatoes":41,"minecraft:warped_stem":614,"minecraft:smooth_quartz_stairs":191,"minecraft:warped_trapdoor":37,"minecraft:bamboo":2153,"minecraft:cake":2,"minecraft:white_wool":200,"minecraft:brain_coral":17,"minecraft:smithing_table":27,"minecraft:light_gray_carpet":77,"minecraft:comparator":163,"minecraft:brown_stained_glass_pane":18,"minecraft:pink_concrete_powder":6,"minecraft:stone_brick_slab":210,"minecraft:observer":561,"minecraft:jungle_sign":17,"minecraft:smooth_sandstone":1199,"minecraft:light_gray_concrete_powder":941,"minecraft:emerald_ore":27,"minecraft:sponge":57,"minecraft:purple_bed":14,"minecraft:lime_glazed_terracotta":28,"minecraft:purple_stained_glass":69,"minecraft:white_carpet":506,"minecraft:spruce_log":1978,"minecraft:birch_leaves":2295,"minecraft:jungle_fence":20,"minecraft:quartz_pillar":103,"minecraft:infested_stone":53,"minecraft:spruce_planks":102,"minecraft:jungle_slab":437,"minecraft:grass_block":46287,"minecraft:soul_soil":625,"minecraft:sandstone_stairs":100,"minecraft:smooth_stone":4728,"minecraft:iron_ore":3680,"minecraft:black_carpet":1164,"minecraft:anvil":54,"minecraft:purple_carpet":56,"minecraft:birch_wall_sign":36,"minecraft:brain_coral_block":481,"minecraft:green_bed":17,"minecraft:blackstone":21758,"minecraft:twisting_vines_plant":20,"minecraft:melon_stem":9,"minecraft:clay":6874,"minecraft:chest":1039,"minecraft:mushroom_stem":427,"minecraft:honeycomb_block":160,"minecraft:slime_block":634,"minecraft:grindstone":11,"minecraft:prismarine":62,"minecraft:iron_door":4,"minecraft:seagrass":9270,"minecraft:light_gray_glazed_terracotta":19,"minecraft:dark_oak_door":5,"minecraft:nether_wart_block":2996,"minecraft:yellow_wool":117,"minecraft:birch_log":4169,"minecraft:activator_rail":5,"minecraft:orange_tulip":76,"minecraft:purpur_block":519,"minecraft:green_glazed_terracotta":34,"minecraft:sand":220677,"minecraft:tripwire_hook":12,"minecraft:oak_leaves":95396,"minecraft:horn_coral_block":435,"minecraft:emerald_block":4,"minecraft:nether_gold_ore":514,"minecraft:tube_coral":19,"minecraft:red_carpet":263,"minecraft:blackstone_wall":3,"minecraft:oak_door":1,"minecraft:gray_shulker_box":732,"minecraft:gray_stained_glass_pane":5,"minecraft:white_stained_glass":1458,"minecraft:polished_andesite_slab":194,"minecraft:large_fern":11,"minecraft:oak_trapdoor":39,"minecraft:spruce_sapling":3,"minecraft:furnace":219,"minecraft:carrots":106,"minecraft:red_concrete_powder":13,"minecraft:chiseled_sandstone":17,"minecraft:acacia_stairs":4,"minecraft:stripped_spruce_log":376,"minecraft:lantern":116,"minecraft:stripped_acacia_log":12,"minecraft:stripped_jungle_log":24,"minecraft:packed_ice":1170,"minecraft:chorus_plant":41,"minecraft:stone":321326,"minecraft:white_tulip":1,"minecraft:yellow_shulker_box":1359,"minecraft:red_wool":688,"minecraft:soul_torch":3,"minecraft:brick_wall":32,"minecraft:spruce_door":8,"minecraft:cyan_stained_glass_pane":55,"minecraft:blackstone_slab":100,"minecraft:andesite_slab":84,"minecraft:lectern":269,"minecraft:andesite_wall":62,"minecraft:lapis_ore":514,"minecraft:brick_slab":64,"minecraft:green_shulker_box":227,"minecraft:polished_blackstone_stairs":226,"minecraft:redstone_torch":112,"minecraft:yellow_bed":92,"minecraft:end_rod":696,"minecraft:bubble_coral_wall_fan":91,"minecraft:crimson_hyphae":8,"minecraft:birch_fence":641,"minecraft:red_nether_brick_slab":33,"minecraft:blue_carpet":16,"minecraft:cut_sandstone_slab":18,"minecraft:potted_pink_tulip":1,"minecraft:blackstone_stairs":84,"minecraft:fire_coral_wall_fan":95,"minecraft:cyan_shulker_box":60,"minecraft:red_nether_bricks":24,"minecraft:granite":22693,"minecraft:brown_wool":8,"minecraft:light_gray_bed":5,"minecraft:blue_wool":34,"minecraft:red_stained_glass_pane":6,"minecraft:polished_blackstone_bricks":11494,"minecraft:magma_block":4680,"minecraft:dark_oak_trapdoor":28,"minecraft:warped_pressure_plate":12,"minecraft:barrel":532,"minecraft:granite_slab":58,"minecraft:fletching_table":1,"minecraft:nether_brick_stairs":78,"minecraft:light_gray_concrete":2291,"minecraft:player_head":33,"minecraft:tripwire":92,"minecraft:jungle_trapdoor":358,"minecraft:crimson_nylium":215,"minecraft:note_block":53,"minecraft:white_stained_glass_pane":210,"minecraft:spruce_wall_sign":2,"minecraft:smooth_quartz_slab":567,"minecraft:lime_shulker_box":288,"minecraft:tube_coral_fan":14,"minecraft:birch_sapling":122,"minecraft:white_terracotta":3153,"minecraft:magenta_glazed_terracotta":63,"minecraft:yellow_glazed_terracotta":236,"minecraft:dark_oak_sapling":9,"minecraft:smooth_quartz":118,"minecraft:sandstone_wall":308,"minecraft:stripped_crimson_stem":20,"minecraft:purple_glazed_terracotta":11,"minecraft:dark_prismarine":27,"minecraft:light_blue_wool":160,"minecraft:nether_brick_wall":28,"minecraft:cyan_stained_glass":30,"minecraft:sea_lantern":387,"minecraft:end_stone":873,"minecraft:acacia_button":1,"minecraft:redstone_wire":890,"minecraft:cartography_table":14,"minecraft:horn_coral":19,"minecraft:acacia_trapdoor":149,"minecraft:light_blue_concrete_powder":5,"minecraft:pink_concrete":1116,"minecraft:andesite":22601,"minecraft:cobblestone_slab":40,"minecraft:rail":647,"minecraft:brain_coral_wall_fan":87,"minecraft:bone_block":1814,"minecraft:green_wool":105,"minecraft:ender_chest":2304,"minecraft:birch_stairs":103,"minecraft:redstone_block":280,"minecraft:glass_pane":75,"minecraft:polished_blackstone_brick_wall":10,"minecraft:dandelion":269,"minecraft:fire_coral":21,"minecraft:brain_coral_fan":13,"minecraft:purpur_pillar":156,"minecraft:green_stained_glass_pane":4,"minecraft:purple_wool":9,"minecraft:red_terracotta":5953,"minecraft:coarse_dirt":861,"minecraft:stripped_spruce_wood":67,"minecraft:dark_oak_wall_sign":2,"minecraft:purple_concrete":1344,"minecraft:dark_prismarine_slab":70,"minecraft:sunflower":7,"minecraft:birch_sign":10,"minecraft:polished_blackstone":863,"minecraft:gold_ore":935,"minecraft:iron_trapdoor":464,"minecraft:stone_pressure_plate":9,"minecraft:prismarine_wall":6,"minecraft:farmland":8,"minecraft:orange_wool":19,"minecraft:brewing_stand":20,"minecraft:cracked_polished_blackstone_bricks":5963,"minecraft:white_concrete":43186,"minecraft:bubble_coral_fan":15,"minecraft:polished_diorite":23,"minecraft:composter":48,"minecraft:gilded_blackstone":212,"minecraft:dragon_head":2,"minecraft:brown_bed":6,"minecraft:red_tulip":7,"minecraft:iron_bars":858,"minecraft:potted_cornflower":1,"minecraft:spruce_slab":351,"minecraft:jungle_door":26,"minecraft:polished_blackstone_wall":70,"minecraft:purpur_stairs":59,"minecraft:light_gray_terracotta":3988,"minecraft:jungle_stairs":5,"minecraft:potted_jungle_sapling":1,"minecraft:cauldron":5,"minecraft:stone_stairs":189,"minecraft:fire_coral_fan":16,"minecraft:warped_nylium":279,"minecraft:warped_planks":72,"minecraft:oak_log":5970,"minecraft:beetroots":9,"minecraft:lime_terracotta":177,"minecraft:dirt":76844,"minecraft:ancient_debris":147,"minecraft:quartz_stairs":28,"minecraft:dark_oak_leaves":95,"minecraft:red_stained_glass":15,"minecraft:gray_glazed_terracotta":59,"minecraft:stone_button":55,"minecraft:brown_mushroom_block":2372,"minecraft:acacia_slab":70,"minecraft:cracked_nether_bricks":115,"minecraft:dead_horn_coral_wall_fan":5,"minecraft:crimson_stem":505,"minecraft:light_blue_wall_banner":9,"minecraft:heavy_weighted_pressure_plate":1,"minecraft:light_gray_shulker_box":60,"minecraft:peony":10,"minecraft:bookshelf":168,"minecraft:shroomlight":331,"minecraft:wet_sponge":784,"minecraft:jungle_fence_gate":64,"minecraft:orange_glazed_terracotta":27,"minecraft:scaffolding":9483,"minecraft:magenta_stained_glass":2,"minecraft:warped_fence":6,"minecraft:oak_fence":578,"minecraft:honey_block":1544,"minecraft:lime_carpet":155,"minecraft:red_glazed_terracotta":16,"minecraft:crimson_pressure_plate":3,"minecraft:red_concrete":2505,"minecraft:ice":3866,"minecraft:black_wall_banner":4,"minecraft:white_wall_banner":10,"minecraft:flower_pot":10,"minecraft:yellow_concrete":2274,"minecraft:purple_shulker_box":70,"minecraft:mossy_stone_bricks":14,"minecraft:crimson_fence":1,"minecraft:jungle_wall_sign":38,"minecraft:light_blue_concrete":1611,"minecraft:jungle_leaves":13779,"minecraft:warped_stairs":61,"minecraft:obsidian":16561,"minecraft:crimson_trapdoor":21,"minecraft:horn_coral_fan":20,"minecraft:coal_block":5,"minecraft:purpur_slab":61,"minecraft:bubble_coral_block":769,"minecraft:crimson_fungus":63,"minecraft:oxeye_daisy":13,"minecraft:light_blue_stained_glass":744,"minecraft:orange_concrete":1638,"minecraft:tall_seagrass":2160,"minecraft:cyan_wall_banner":1,"minecraft:pumpkin":489,"minecraft:stripped_dark_oak_wood":3,"minecraft:smooth_red_sandstone":18,"minecraft:oak_stairs":202,"minecraft:crimson_sign":2,"minecraft:piston_head":13,"minecraft:conduit":2,"minecraft:soul_wall_torch":3,"minecraft:player_wall_head":89,"minecraft:polished_andesite_stairs":117,"minecraft:green_concrete_powder":114,"minecraft:glass":329,"minecraft:smooth_sandstone_slab":399,"minecraft:polished_diorite_stairs":6,"minecraft:lilac":2,"minecraft:lime_concrete":2844,"minecraft:oak_fence_gate":33,"minecraft:loom":19,"minecraft:purple_concrete_powder":1,"minecraft:stripped_birch_wood":16,"minecraft:blue_shulker_box":34,"minecraft:yellow_stained_glass":260,"minecraft:piston":470,"minecraft:yellow_terracotta":3880,"minecraft:light_blue_stained_glass_pane":78,"minecraft:pink_shulker_box":253,"minecraft:stripped_birch_log":148,"minecraft:jack_o_lantern":10,"minecraft:warped_door":6,"minecraft:shulker_box":10230,"minecraft:nether_bricks":1739,"minecraft:orange_shulker_box":1311,"minecraft:magenta_concrete":1024,"minecraft:kelp":686,"minecraft:horn_coral_wall_fan":98,"minecraft:pink_wool":211,"minecraft:black_stained_glass_pane":100,"minecraft:snow":2,"minecraft:diamond_block":499,"minecraft:warped_wall_sign":7,"minecraft:magenta_concrete_powder":2,"minecraft:bamboo_sapling":122,"minecraft:gray_concrete":19429,"minecraft:brown_carpet":24,"minecraft:spruce_button":3,"minecraft:dropper":259,"minecraft:dried_kelp_block":318,"minecraft:prismarine_brick_slab":2,"minecraft:mycelium":8528,"minecraft:pink_stained_glass_pane":1,"minecraft:spruce_fence_gate":3,"minecraft:black_shulker_box":141,"minecraft:cobblestone_stairs":15,"minecraft:potted_blue_orchid":2,"minecraft:potted_cactus":6,"minecraft:blue_concrete":1797,"minecraft:purple_stained_glass_pane":3,"minecraft:potted_birch_sapling":1,"minecraft:glowstone":686,"minecraft:red_nether_brick_stairs":15,"minecraft:target":5,"minecraft:potted_red_mushroom":2,"minecraft:azure_bluet":29,"minecraft:dark_oak_stairs":63,"minecraft:brown_glazed_terracotta":12,"minecraft:end_stone_bricks":270,"minecraft:polished_granite_stairs":19,"minecraft:cyan_terracotta":4321,"minecraft:soul_lantern":45,"minecraft:chiseled_quartz_block":592,"minecraft:poppy":151,"minecraft:cobblestone":936,"minecraft:birch_wood":13,"minecraft:magenta_shulker_box":15,"minecraft:brown_concrete_powder":83,"minecraft:lapis_block":61,"minecraft:birch_trapdoor":77,"minecraft:brown_wall_banner":2,"minecraft:light_gray_wool":395,"minecraft:stripped_oak_wood":5,"minecraft:yellow_stained_glass_pane":4,"minecraft:diorite_wall":105,"minecraft:acacia_fence":52,"minecraft:crimson_planks":72,"minecraft:wither_skeleton_skull":4,"minecraft:netherrack":125788,"minecraft:magenta_wool":6,"minecraft:redstone_lamp":110,"minecraft:granite_wall":20,"minecraft:diamond_ore":460,"minecraft:brick_stairs":24,"minecraft:weeping_vines":23,"minecraft:light_blue_glazed_terracotta":32,"minecraft:sandstone":87806,"minecraft:diorite_slab":2,"minecraft:black_glazed_terracotta":53,"minecraft:dark_oak_fence_gate":6,"minecraft:black_concrete":2473,"minecraft:bell":9,"minecraft:dead_horn_coral_block":1,"minecraft:crimson_door":1,"minecraft:birch_pressure_plate":6,"minecraft:redstone_wall_torch":130,"minecraft:podzol":8119,"minecraft:light_blue_shulker_box":282,"minecraft:infested_stone_bricks":2,"minecraft:crafting_table":522,"minecraft:oak_wood":4,"minecraft:rose_bush":5,"minecraft:lily_pad":46,"minecraft:spruce_stairs":246,"minecraft:gray_wool":537,"minecraft:lime_bed":3,"minecraft:cactus":137,"minecraft:gray_concrete_powder":409,"minecraft:acacia_fence_gate":1,"minecraft:beehive":50,"minecraft:magenta_terracotta":11,"minecraft:sweet_berry_bush":4,"minecraft:coal_ore":7888,"minecraft:gray_carpet":107,"minecraft:terracotta":30460,"minecraft:crimson_wall_sign":13,"minecraft:polished_andesite":808,"minecraft:acacia_wall_sign":1,"minecraft:warped_slab":89},"minecraft:broken":{"minecraft:netherite_pickaxe":1,"minecraft:stone_axe":2,"minecraft:netherite_shovel":1,"minecraft:iron_helmet":1,"minecraft:shears":133,"minecraft:iron_pickaxe":3,"minecraft:iron_shovel":2,"minecraft:golden_helmet":1,"minecraft:flint_and_steel":4},"minecraft:used":{"minecraft:jack_o_lantern":159,"minecraft:black_carpet":4634,"minecraft:stone":93065,"minecraft:warped_sign":19,"minecraft:quartz_stairs":232,"minecraft:rotten_flesh":7,"minecraft:tube_coral":19,"minecraft:azure_bluet":36,"minecraft:polished_blackstone_slab":3806,"minecraft:packed_ice":993,"minecraft:stripped_dark_oak_wood":1,"minecraft:quartz_pillar":163,"minecraft:red_wool":1386,"minecraft:quartz_block":186,"minecraft:netherite_hoe":111814,"minecraft:dark_oak_leaves":1,"minecraft:acacia_fence":80,"minecraft:gray_banner":3,"minecraft:damaged_anvil":8,"minecraft:blackstone":5610,"minecraft:composter":416,"minecraft:jungle_boat":50,"minecraft:golden_apple":3,"minecraft:purple_terracotta":39,"minecraft:gray_concrete":24985,"minecraft:purple_concrete_powder":7625,"minecraft:birch_fence":1302,"minecraft:gray_stained_glass_pane":114,"minecraft:birch_slab":387,"minecraft:white_glazed_terracotta":65,"minecraft:oak_pressure_plate":30,"minecraft:diamond_sword":87154,"minecraft:coal_block":11,"minecraft:smithing_table":53,"minecraft:purple_wool":175,"minecraft:diorite_slab":5,"minecraft:oak_trapdoor":115,"minecraft:polished_blackstone_brick_slab":2874,"minecraft:enchanting_table":16,"minecraft:armor_stand":225,"minecraft:light_gray_carpet":647,"minecraft:cooked_salmon":758,"minecraft:orange_stained_glass":3861,"minecraft:brewing_stand":71,"minecraft:nether_quartz_ore":3036,"minecraft:yellow_carpet":2106,"minecraft:oak_fence_gate":139,"minecraft:sea_lantern":2162,"minecraft:filled_map":32,"minecraft:iron_block":10843,"minecraft:jungle_log":3851,"minecraft:bamboo":4711,"minecraft:basalt":9099,"minecraft:lime_concrete":234,"minecraft:podzol":4196,"minecraft:acacia_planks":4,"minecraft:horn_coral_fan":24,"minecraft:wheat_seeds":1139,"minecraft:warped_stem":441,"minecraft:light_blue_shulker_box":280,"minecraft:birch_planks":176,"minecraft:blue_concrete_powder":5970,"minecraft:spruce_fence_gate":32,"minecraft:conduit":3,"minecraft:light_gray_banner":2,"minecraft:rail":4022,"minecraft:red_bed":6,"minecraft:campfire":26,"minecraft:spruce_log":2306,"minecraft:warped_trapdoor":182,"minecraft:oak_button":68,"minecraft:spruce_pressure_plate":8,"minecraft:spruce_sapling":83,"minecraft:blue_carpet":167,"minecraft:green_carpet":322,"minecraft:pink_bed":89,"minecraft:crimson_stairs":14,"minecraft:warped_fence_gate":2,"minecraft:dandelion":50,"minecraft:green_stained_glass":386,"minecraft:blue_terracotta":262,"minecraft:polished_basalt":3405,"minecraft:bubble_coral":14,"minecraft:green_terracotta":480,"minecraft:jungle_planks":3303,"minecraft:pink_terracotta":73,"minecraft:beehive":153,"minecraft:honey_bottle":204,"minecraft:crimson_button":1,"minecraft:bricks":1188,"minecraft:spruce_wood":4,"minecraft:lantern":822,"minecraft:blue_orchid":3,"minecraft:warped_nylium":194,"minecraft:light_blue_bed":9,"minecraft:written_book":1716,"minecraft:jungle_button":12,"minecraft:blue_shulker_box":34,"minecraft:end_rod":1677,"minecraft:gray_carpet":2236,"minecraft:stone_pickaxe":77,"minecraft:sandstone":12374,"minecraft:diamond_axe":32913,"minecraft:sugar_cane":575,"minecraft:light_blue_concrete":92,"minecraft:lime_stained_glass_pane":108,"minecraft:light_blue_wool":972,"minecraft:yellow_concrete":798,"minecraft:end_stone":398,"minecraft:black_terracotta":196,"minecraft:blue_glazed_terracotta":221,"minecraft:daylight_detector":11,"minecraft:dark_oak_log":1145,"minecraft:nether_sprouts":24,"minecraft:iron_door":8,"minecraft:light_blue_concrete_powder":6677,"minecraft:pufferfish_bucket":6,"minecraft:smooth_stone_slab":5725,"minecraft:coarse_dirt":1974,"minecraft:bone_meal":8436,"minecraft:rose_bush":97,"minecraft:granite_stairs":111,"minecraft:flint_and_steel":884,"minecraft:redstone":8248,"minecraft:dried_kelp":205,"minecraft:ender_chest":2338,"minecraft:stone_hoe":39,"minecraft:dried_kelp_block":7450,"minecraft:dirt":38383,"minecraft:prismarine_bricks":763,"minecraft:bee_nest":69,"minecraft:spruce_fence":286,"minecraft:brown_terracotta":585,"minecraft:wooden_axe":14,"minecraft:oak_stairs":423,"minecraft:crimson_slab":171,"minecraft:yellow_concrete_powder":9374,"minecraft:black_stained_glass":2650,"minecraft:lime_stained_glass":2,"minecraft:cyan_concrete_powder":6660,"minecraft:orange_stained_glass_pane":154,"minecraft:cobblestone_stairs":46,"minecraft:birch_boat":54,"minecraft:brown_mushroom":201,"minecraft:spruce_sign":42,"minecraft:warped_roots":18,"minecraft:red_mushroom":15,"minecraft:magenta_carpet":361,"minecraft:warped_planks":515,"minecraft:netherite_block":1,"minecraft:wooden_hoe":43,"minecraft:black_wool":7647,"minecraft:lapis_ore":42,"minecraft:stone_slab":10177,"minecraft:yellow_wool":823,"minecraft:stone_axe":308,"minecraft:magenta_banner":4,"minecraft:brown_stained_glass_pane":48,"minecraft:cyan_stained_glass_pane":127,"minecraft:pink_shulker_box":255,"minecraft:gray_wool":4418,"minecraft:chest":2994,"minecraft:white_shulker_box":439,"minecraft:blue_stained_glass":919,"minecraft:jungle_slab":2154,"minecraft:acacia_button":22,"minecraft:stripped_spruce_log":317,"minecraft:honey_block":6347,"minecraft:black_stained_glass_pane":2095,"minecraft:birch_sapling":782,"minecraft:orange_shulker_box":1279,"minecraft:polished_andesite_stairs":486,"minecraft:wet_sponge":45,"minecraft:dark_oak_button":4,"minecraft:pink_wool":255,"minecraft:stone_brick_stairs":1193,"minecraft:snow":1,"minecraft:sweet_berries":35,"minecraft:furnace":307,"minecraft:dragon_head":6,"minecraft:dead_brain_coral_fan":1,"minecraft:emerald_ore":3,"minecraft:spruce_door":29,"minecraft:acacia_trapdoor":337,"minecraft:powered_rail":3243,"minecraft:blackstone_stairs":215,"minecraft:orange_tulip":61,"minecraft:purpur_pillar":38,"minecraft:cookie":4,"minecraft:dark_oak_trapdoor":281,"minecraft:pumpkin_seeds":161,"minecraft:chiseled_sandstone":374,"minecraft:crying_obsidian":979,"minecraft:lectern":303,"minecraft:polished_andesite_slab":917,"minecraft:magenta_stained_glass_pane":40,"minecraft:wooden_sword":24,"minecraft:dark_oak_fence":153,"minecraft:white_stained_glass":7884,"minecraft:green_concrete_powder":7308,"minecraft:pink_stained_glass":4,"minecraft:ice":1331,"minecraft:gray_stained_glass":2196,"minecraft:iron_bars":3011,"minecraft:brain_coral_fan":48,"minecraft:red_concrete":380,"minecraft:stripped_warped_stem":2,"minecraft:sandstone_wall":1083,"minecraft:netherrack":9555,"minecraft:light_gray_shulker_box":66,"minecraft:dragon_egg":2,"minecraft:anvil":109,"minecraft:target":32,"minecraft:crimson_hyphae":5,"minecraft:polished_granite_slab":329,"minecraft:slime_block":905,"minecraft:smooth_quartz":1041,"minecraft:melon_seeds":53,"minecraft:tripwire_hook":44,"minecraft:glowstone":4918,"minecraft:iron_trapdoor":3026,"minecraft:crimson_pressure_plate":7,"minecraft:observer":2527,"minecraft:yellow_banner":4,"minecraft:light_blue_glazed_terracotta":56,"minecraft:sandstone_stairs":1026,"minecraft:yellow_shulker_box":1366,"minecraft:bubble_coral_fan":7,"minecraft:cartography_table":17,"minecraft:smooth_sandstone_slab":2554,"minecraft:fletching_table":8,"minecraft:pink_concrete":52,"minecraft:orange_carpet":2755,"minecraft:vine":44,"minecraft:oak_slab":860,"minecraft:cod":2,"minecraft:fire_coral":19,"minecraft:dark_prismarine":80,"minecraft:oxeye_daisy":1,"minecraft:stripped_jungle_log":8,"minecraft:purpur_slab":1,"minecraft:crimson_nylium":109,"minecraft:red_concrete_powder":11566,"minecraft:sandstone_slab":1685,"minecraft:glass_pane":160,"minecraft:kelp":5195,"minecraft:brown_mushroom_block":1387,"minecraft:iron_shovel":621,"minecraft:diamond_hoe":1,"minecraft:oak_sign":117,"minecraft:bell":5,"minecraft:birch_pressure_plate":29,"minecraft:cyan_wool":472,"minecraft:milk_bucket":1,"minecraft:cyan_terracotta":46658,"minecraft:gray_concrete_powder":59013,"minecraft:crimson_roots":34,"minecraft:repeater":1298,"minecraft:warped_fungus":143,"minecraft:hay_block":14,"minecraft:beetroot_seeds":18,"minecraft:polished_diorite_stairs":47,"minecraft:fire_coral_fan":34,"minecraft:dark_oak_stairs":444,"minecraft:birch_leaves":858,"minecraft:dark_oak_sign":27,"minecraft:birch_wood":155,"minecraft:ender_pearl":949,"minecraft:redstone_block":1264,"minecraft:end_stone_brick_slab":1,"minecraft:brain_coral":15,"minecraft:loom":89,"minecraft:black_banner":12,"minecraft:note_block":99,"minecraft:stone_brick_wall":3549,"minecraft:redstone_torch":1297,"minecraft:gray_shulker_box":737,"minecraft:melon_slice":9,"minecraft:birch_fence_gate":311,"minecraft:light_gray_concrete":1859,"minecraft:heavy_weighted_pressure_plate":7,"minecraft:cyan_bed":2,"minecraft:brown_stained_glass":67,"minecraft:string":1304,"minecraft:jungle_sign":409,"minecraft:white_concrete":74493,"minecraft:tropical_fish_bucket":42,"minecraft:cobweb":39,"minecraft:experience_bottle":30,"minecraft:oak_fence":1282,"minecraft:purpur_block":27,"minecraft:redstone_ore":50,"minecraft:light_blue_terracotta":236,"minecraft:spruce_planks":15,"minecraft:oak_door":1,"minecraft:white_carpet":5180,"minecraft:pink_carpet":412,"minecraft:light_blue_stained_glass":1019,"minecraft:andesite_wall":523,"minecraft:stone_brick_slab":1034,"minecraft:bookshelf":291,"minecraft:yellow_stained_glass":1413,"minecraft:acacia_slab":108,"minecraft:polished_blackstone_brick_stairs":846,"minecraft:light_gray_wool":2903,"minecraft:golden_carrot":1325,"minecraft:emerald_block":72,"minecraft:white_stained_glass_pane":656,"minecraft:horn_coral_block":1,"minecraft:brain_coral_block":1,"minecraft:cooked_mutton":70,"minecraft:iron_ore":12,"minecraft:glass_bottle":6736,"minecraft:pink_banner":8,"minecraft:andesite_slab":816,"minecraft:beacon":123,"minecraft:stonecutter":297,"minecraft:red_glazed_terracotta":20,"minecraft:polished_blackstone_pressure_plate":9,"minecraft:terracotta":2816,"minecraft:stripped_dark_oak_log":92,"minecraft:painting":70,"minecraft:smoker":84,"minecraft:dark_oak_door":39,"minecraft:acacia_stairs":12,"minecraft:activator_rail":14,"minecraft:apple":127,"minecraft:cracked_polished_blackstone_bricks":1524,"minecraft:netherite_axe":56962,"minecraft:cracked_nether_bricks":1764,"minecraft:green_shulker_box":232,"minecraft:fishing_rod":8,"minecraft:white_banner":69,"minecraft:jungle_door":952,"minecraft:bucket":4055,"minecraft:purple_carpet":339,"minecraft:smooth_stone":18637,"minecraft:writable_book":522,"minecraft:polished_granite_stairs":329,"minecraft:smooth_quartz_slab":5638,"minecraft:dispenser":372,"minecraft:poppy":33,"minecraft:red_nether_brick_stairs":110,"minecraft:soul_sand":1164,"minecraft:cocoa_beans":3380,"minecraft:snowball":674,"minecraft:weeping_vines":106,"minecraft:spruce_boat":1,"minecraft:jungle_sapling":501,"minecraft:lava_bucket":635,"minecraft:jungle_fence_gate":1144,"minecraft:dark_oak_slab":927,"minecraft:diorite_wall":273,"minecraft:bow":2458,"minecraft:yellow_glazed_terracotta":492,"minecraft:oak_sapling":639,"minecraft:cooked_cod":8,"minecraft:green_stained_glass_pane":69,"minecraft:dark_prismarine_stairs":217,"minecraft:lime_glazed_terracotta":68,"minecraft:chorus_fruit":4,"minecraft:prismarine":271,"minecraft:cactus":417,"minecraft:black_glazed_terracotta":126,"minecraft:clay":2362,"minecraft:cut_sandstone_slab":173,"minecraft:blast_furnace":18,"minecraft:chiseled_quartz_block":1123,"minecraft:cut_red_sandstone":20,"minecraft:nether_wart_block":2251,"minecraft:birch_log":667,"minecraft:oak_boat":18,"minecraft:orange_concrete":336,"minecraft:dead_bush":221,"minecraft:carved_pumpkin":89,"minecraft:polished_blackstone_wall":461,"minecraft:torch":17446,"minecraft:light_gray_glazed_terracotta":35,"minecraft:fern":121,"minecraft:chipped_anvil":34,"minecraft:barrel":1200,"minecraft:warped_stairs":293,"minecraft:magenta_terracotta":98,"minecraft:lead":3,"minecraft:cauldron":15,"minecraft:gold_ore":6,"minecraft:diamond_block":581,"minecraft:cyan_glazed_terracotta":19,"minecraft:crimson_trapdoor":63,"minecraft:white_bed":1331,"minecraft:mushroom_stem":271,"minecraft:blue_stained_glass_pane":193,"minecraft:diamond_pickaxe":433571,"minecraft:acacia_sign":9,"minecraft:diamond_shovel":184433,"minecraft:tnt_minecart":24,"minecraft:spruce_trapdoor":722,"minecraft:magenta_concrete_powder":5508,"minecraft:potion":20,"minecraft:orange_banner":12,"minecraft:purple_bed":19,"minecraft:cooked_porkchop":4275,"minecraft:andesite_stairs":391,"minecraft:stripped_oak_log":890,"minecraft:light_blue_banner":46,"minecraft:red_sand":404,"minecraft:light_gray_stained_glass_pane":367,"minecraft:melon":14,"minecraft:bone_block":21306,"minecraft:nether_wart":60067,"minecraft:grass":238,"minecraft:stripped_crimson_stem":4,"minecraft:spruce_leaves":68,"minecraft:orange_glazed_terracotta":48,"minecraft:obsidian":17127,"minecraft:green_wool":968,"minecraft:polished_blackstone_brick_wall":111,"minecraft:item_frame":484,"minecraft:birch_button":104,"minecraft:birch_trapdoor":144,"minecraft:horn_coral":18,"minecraft:gold_block":472,"minecraft:pink_concrete_powder":5320,"minecraft:dark_oak_sapling":72,"minecraft:tube_coral_fan":22,"minecraft:dropper":872,"minecraft:wither_skeleton_skull":8,"minecraft:jungle_fence":131,"minecraft:oak_planks":172,"minecraft:prismarine_stairs":5,"minecraft:white_wool":1064,"minecraft:crossbow":178,"minecraft:sticky_piston":547,"minecraft:lever":387,"minecraft:bread":575,"minecraft:brown_wool":117,"minecraft:warped_slab":1117,"minecraft:prismarine_wall":590,"minecraft:dead_horn_coral_fan":5,"minecraft:cooked_rabbit":2,"minecraft:chain":661,"minecraft:orange_concrete_powder":6475,"minecraft:netherite_sword":479237,"minecraft:brown_shulker_box":604,"minecraft:stripped_birch_wood":13,"minecraft:cooked_chicken":80,"minecraft:red_nether_brick_slab":304,"minecraft:warped_pressure_plate":18,"minecraft:iron_hoe":81,"minecraft:light_gray_stained_glass":2293,"minecraft:smooth_sandstone":4766,"minecraft:soul_soil":124,"minecraft:dark_oak_pressure_plate":14,"minecraft:minecart":130,"minecraft:netherite_pickaxe":499194,"minecraft:cooked_beef":674,"minecraft:turtle_egg":237,"minecraft:pumpkin":684,"minecraft:light_gray_bed":90,"minecraft:beetroot_soup":1,"minecraft:quartz_bricks":1019,"minecraft:snow_block":2045,"minecraft:red_nether_bricks":32,"minecraft:purple_glazed_terracotta":11,"minecraft:cut_sandstone":2457,"minecraft:green_bed":23,"minecraft:dark_prismarine_slab":1488,"minecraft:brown_glazed_terracotta":12,"minecraft:cyan_stained_glass":882,"minecraft:gray_terracotta":233,"minecraft:piston":1478,"minecraft:flower_pot":167,"minecraft:detector_rail":39,"minecraft:jungle_stairs":26,"minecraft:magenta_concrete":80,"minecraft:crimson_fungus":56,"minecraft:end_crystal":99,"minecraft:lapis_block":124,"minecraft:pumpkin_pie":2,"minecraft:wither_rose":206,"minecraft:sea_pickle":44,"minecraft:birch_stairs":186,"minecraft:peony":20,"minecraft:nether_brick_fence":55,"minecraft:spruce_slab":1550,"minecraft:polished_blackstone":8707,"minecraft:ladder":992,"minecraft:brown_concrete":146,"minecraft:brick_slab":502,"minecraft:orange_wool":369,"minecraft:acacia_sapling":6,"minecraft:netherite_shovel":229110,"minecraft:warped_hyphae":23,"minecraft:grass_block":13838,"minecraft:red_stained_glass_pane":175,"minecraft:dark_oak_boat":3,"minecraft:egg":590,"minecraft:potato":86,"minecraft:brown_concrete_powder":7117,"minecraft:magenta_shulker_box":16,"minecraft:light_blue_carpet":398,"minecraft:diorite":439,"minecraft:end_stone_bricks":39,"minecraft:brick_wall":397,"minecraft:stripped_birch_log":59,"minecraft:red_stained_glass":272,"minecraft:lime_concrete_powder":7813,"minecraft:jungle_pressure_plate":2,"minecraft:smooth_quartz_stairs":1058,"minecraft:oak_leaves":31696,"minecraft:respawn_anchor":15,"minecraft:purpur_stairs":6,"minecraft:sand":26275,"minecraft:smooth_red_sandstone":259,"minecraft:blue_ice":10,"minecraft:black_concrete_powder":9886,"minecraft:cyan_carpet":1680,"minecraft:stone_button":517,"minecraft:red_terracotta":266,"minecraft:polished_granite":529,"minecraft:diamond_ore":84,"minecraft:lilac":23,"minecraft:soul_lantern":408,"minecraft:acacia_log":430,"minecraft:mycelium":390,"minecraft:green_glazed_terracotta":116,"minecraft:warped_wart_block":2898,"minecraft:ancient_debris":18,"minecraft:chorus_flower":49,"minecraft:twisting_vines":56,"minecraft:stone_stairs":545,"minecraft:nether_brick_slab":2035,"minecraft:jungle_trapdoor":3124,"minecraft:blue_concrete":275,"minecraft:nether_brick_stairs":612,"minecraft:polished_diorite":80,"minecraft:shroomlight":603,"minecraft:red_shulker_box":610,"minecraft:cyan_shulker_box":66,"minecraft:iron_axe":347,"minecraft:brick_stairs":248,"minecraft:spruce_button":43,"minecraft:warped_fence":16,"minecraft:totem_of_undying":34,"minecraft:pink_stained_glass_pane":2,"minecraft:purple_concrete":23,"minecraft:magenta_wool":139,"minecraft:gray_glazed_terracotta":111,"minecraft:orange_terracotta":1155,"minecraft:crimson_stem":356,"minecraft:water_bucket":2668,"minecraft:nether_brick_wall":280,"minecraft:prismarine_brick_slab":84,"minecraft:lime_wool":75,"minecraft:red_mushroom_block":244,"minecraft:cracked_stone_bricks":1790,"minecraft:polished_blackstone_bricks":5619,"minecraft:gilded_blackstone":89,"minecraft:mossy_cobblestone":15,"minecraft:lime_terracotta":1422,"minecraft:comparator":749,"minecraft:tnt":672,"minecraft:crafting_table":571,"minecraft:birch_sign":131,"minecraft:dark_oak_fence_gate":63,"minecraft:lime_shulker_box":298,"minecraft:cake":8,"minecraft:oak_log":2774,"minecraft:ender_eye":13,"minecraft:cornflower":38,"minecraft:sunflower":23,"minecraft:iron_pickaxe":813,"minecraft:cyan_concrete":89,"minecraft:crimson_sign":69,"minecraft:chiseled_stone_bricks":88,"minecraft:cobblestone":3793,"minecraft:light_blue_stained_glass_pane":664,"minecraft:white_concrete_powder":110732,"minecraft:shield":27,"minecraft:white_terracotta":161,"minecraft:iron_sword":502,"minecraft:purple_shulker_box":71,"minecraft:player_head":337,"minecraft:smooth_sandstone_stairs":1712,"minecraft:nether_bricks":4724,"minecraft:carrot":125,"minecraft:glass":2981,"minecraft:coal_ore":506,"minecraft:quartz_slab":312,"minecraft:dark_oak_wood":7,"minecraft:hopper_minecart":123,"minecraft:stone_bricks":29219,"minecraft:red_carpet":1237,"minecraft:redstone_lamp":472,"minecraft:honeycomb_block":1916,"minecraft:magma_block":1997,"minecraft:brown_carpet":86,"minecraft:scaffolding":24572,"minecraft:gray_bed":1,"minecraft:polished_blackstone_stairs":1291,"minecraft:stripped_spruce_wood":4,"minecraft:chiseled_polished_blackstone":146,"minecraft:blue_bed":1,"minecraft:yellow_terracotta":6469,"minecraft:light_gray_terracotta":895,"minecraft:sponge":767,"minecraft:blackstone_wall":40,"minecraft:black_bed":16,"minecraft:shears":26336,"minecraft:green_concrete":54,"minecraft:black_concrete":974,"minecraft:firework_rocket":382,"minecraft:lime_carpet":228,"minecraft:gravel":3194,"minecraft:blackstone_slab":698,"minecraft:granite_slab":327,"minecraft:stripped_oak_wood":2,"minecraft:grindstone":24,"minecraft:crimson_door":3,"minecraft:andesite":4217,"minecraft:chest_minecart":43,"minecraft:warped_button":1,"minecraft:jungle_leaves":3898,"minecraft:trident":1,"minecraft:stone_shovel":160,"minecraft:hopper":4906,"minecraft:spruce_stairs":611,"minecraft:cobblestone_wall":246,"minecraft:warped_door":8,"minecraft:shulker_box":9939,"minecraft:oak_wood":14,"minecraft:granite":784,"minecraft:birch_door":20,"minecraft:purple_stained_glass_pane":4,"minecraft:dark_oak_planks":363,"minecraft:red_tulip":53,"minecraft:crimson_planks":151,"minecraft:cyan_banner":31,"minecraft:stone_pressure_plate":276,"minecraft:granite_wall":237,"minecraft:brown_bed":4,"minecraft:pink_tulip":2,"minecraft:polished_andesite":4993,"minecraft:blue_wool":281,"minecraft:black_shulker_box":146,"minecraft:magenta_stained_glass":3,"minecraft:chiseled_nether_bricks":49,"minecraft:cobblestone_slab":102,"minecraft:jungle_wood":182,"minecraft:lime_bed":2,"minecraft:brown_banner":19,"minecraft:yellow_stained_glass_pane":194,"minecraft:light_gray_concrete_powder":29106,"minecraft:smooth_red_sandstone_stairs":75,"minecraft:nether_gold_ore":20,"minecraft:purple_stained_glass":123,"minecraft:map":25,"minecraft:acacia_fence_gate":181,"minecraft:red_banner":127,"minecraft:magenta_glazed_terracotta":63,"minecraft:yellow_bed":90,"minecraft:polished_blackstone_button":209,"minecraft:splash_potion":45,"minecraft:soul_torch":30},"minecraft:crafted":{"minecraft:yellow_wool":982,"minecraft:melon":1,"minecraft:birch_boat":8,"minecraft:chain":581,"minecraft:brick_wall":10,"minecraft:blue_stained_glass_pane":192,"minecraft:diorite_stairs":4,"minecraft:diamond_shovel":10,"minecraft:nether_brick":7,"minecraft:cracked_stone_bricks":236,"minecraft:shulker_box":257,"minecraft:magenta_concrete_powder":5544,"minecraft:light_blue_concrete_powder":6696,"minecraft:cyan_banner":23,"minecraft:black_wool":49,"minecraft:gray_stained_glass":2368,"minecraft:lime_concrete_powder":7816,"minecraft:pink_stained_glass":16,"minecraft:warped_stairs":256,"minecraft:blue_stained_glass":1072,"minecraft:redstone_lamp":393,"minecraft:jungle_boat":23,"minecraft:acacia_slab":36,"minecraft:green_bed":6,"minecraft:golden_pickaxe":3,"minecraft:nether_brick_fence":102,"minecraft:sticky_piston":288,"minecraft:fletching_table":68,"minecraft:red_nether_bricks":3720,"minecraft:green_stained_glass":416,"minecraft:painting":31,"minecraft:cartography_table":15,"minecraft:end_stone_brick_slab":6,"minecraft:stone_brick_stairs":356,"minecraft:wooden_hoe":2,"minecraft:stone_slab":5874,"minecraft:netherite_ingot":33,"minecraft:polished_blackstone_bricks":1,"minecraft:orange_shulker_box":6,"minecraft:crimson_trapdoor":50,"minecraft:soul_torch":388,"minecraft:red_banner":128,"minecraft:light_gray_wool":261,"minecraft:polished_blackstone_pressure_plate":7,"minecraft:spruce_fence":207,"minecraft:cracked_polished_blackstone_bricks":256,"minecraft:spruce_stairs":384,"minecraft:lead":8,"minecraft:crimson_slab":108,"minecraft:acacia_trapdoor":204,"minecraft:light_blue_wool":174,"minecraft:acacia_stairs":8,"minecraft:red_carpet":1155,"minecraft:enchanted_book":28,"minecraft:orange_dye":2053,"minecraft:red_stained_glass":496,"minecraft:soul_lantern":359,"minecraft:warped_sign":81,"minecraft:birch_trapdoor":94,"minecraft:writable_book":75,"minecraft:iron_shovel":6,"minecraft:armor_stand":308,"minecraft:barrel":755,"minecraft:polished_granite_slab":42,"minecraft:quartz_bricks":528,"minecraft:cooked_chicken":5,"minecraft:snow":6,"minecraft:cake":1,"minecraft:nether_brick_wall":240,"minecraft:chest":5907,"minecraft:netherite_helmet":1,"minecraft:oak_button":71,"minecraft:jungle_stairs":24,"minecraft:blue_concrete_powder":6024,"minecraft:stone_bricks":29816,"minecraft:respawn_anchor":20,"minecraft:golden_boots":23,"minecraft:magma_block":3,"minecraft:white_banner":66,"minecraft:cauldron":15,"minecraft:chiseled_nether_bricks":60,"minecraft:lime_terracotta":1600,"minecraft:brown_dye":824,"minecraft:birch_pressure_plate":26,"minecraft:chiseled_polished_blackstone":59,"minecraft:acacia_button":24,"minecraft:spectral_arrow":1028,"minecraft:white_stained_glass_pane":704,"minecraft:warped_door":3,"minecraft:dispenser":674,"minecraft:tnt":976,"minecraft:purple_dye":1552,"minecraft:yellow_dye":3486,"minecraft:stick":11077,"minecraft:black_bed":12,"minecraft:cyan_carpet":1542,"minecraft:dark_oak_fence_gate":57,"minecraft:beetroot_soup":1,"minecraft:stone_brick_wall":24,"minecraft:fishing_rod":4,"minecraft:beehive":746,"minecraft:spruce_button":37,"minecraft:blast_furnace":64,"minecraft:piston":1190,"minecraft:oak_trapdoor":80,"minecraft:scaffolding":4146,"minecraft:granite_wall":31,"minecraft:white_concrete_powder":110840,"minecraft:polished_granite_stairs":83,"minecraft:cobblestone_wall":228,"minecraft:smooth_quartz_slab":1590,"minecraft:blackstone_stairs":60,"minecraft:glistering_melon_slice":13506,"minecraft:magma_cream":10562,"minecraft:smooth_sandstone_stairs":4,"minecraft:light_blue_stained_glass_pane":656,"minecraft:iron_trapdoor":2912,"minecraft:iron_sword":11,"minecraft:black_banner":18,"minecraft:golden_shovel":1,"minecraft:brown_concrete_powder":7304,"minecraft:black_carpet":3927,"minecraft:stonecutter":81,"minecraft:pink_banner":5,"minecraft:diorite_slab":6,"minecraft:torch":12170,"minecraft:magenta_carpet":318,"minecraft:diamond_chestplate":1,"minecraft:ender_chest":70,"minecraft:jungle_button":12,"minecraft:light_gray_concrete_powder":28848,"minecraft:smooth_stone":3704,"minecraft:dark_oak_pressure_plate":11,"minecraft:purple_bed":6,"minecraft:orange_carpet":2712,"minecraft:pink_bed":85,"minecraft:oak_pressure_plate":30,"minecraft:slime_block":15885,"minecraft:polished_blackstone_slab":4,"minecraft:lever":230,"minecraft:bookshelf":310,"minecraft:cooked_mutton":54,"minecraft:magenta_shulker_box":2,"minecraft:quartz_block":7347,"minecraft:glass":5521,"minecraft:light_blue_terracotta":360,"minecraft:netherite_boots":1,"minecraft:birch_fence_gate":277,"minecraft:acacia_fence":66,"minecraft:birch_door":21,"minecraft:chiseled_quartz_block":319,"minecraft:gray_bed":1,"minecraft:glass_bottle":2298,"minecraft:target":72,"minecraft:smooth_quartz":808,"minecraft:cooked_porkchop":37,"minecraft:diamond_axe":4,"minecraft:spruce_door":24,"minecraft:oak_wood":18,"minecraft:tnt_minecart":24,"minecraft:light_gray_bed":85,"minecraft:lime_shulker_box":11,"minecraft:compass":71,"minecraft:white_terracotta":192,"minecraft:gold_ingot":173143,"minecraft:light_gray_dye":4254,"minecraft:birch_stairs":104,"minecraft:packed_ice":178,"minecraft:leather_leggings":107,"minecraft:player_head":4489,"minecraft:andesite_wall":222,"minecraft:white_carpet":4641,"minecraft:orange_wool":449,"minecraft:warped_trapdoor":174,"minecraft:dark_oak_fence":90,"minecraft:spruce_slab":1248,"minecraft:ender_pearl":10,"minecraft:diamond_boots":1,"minecraft:cracked_nether_bricks":320,"minecraft:redstone_block":4852,"minecraft:dark_oak_planks":2612,"minecraft:wheat":1233,"minecraft:coal_block":586,"minecraft:daylight_detector":10,"minecraft:polished_blackstone_brick_slab":224,"minecraft:red_bed":6,"minecraft:blue_bed":7,"minecraft:sandstone_slab":788,"minecraft:glowstone":14201,"minecraft:jungle_slab":7410,"minecraft:polished_blackstone_brick_wall":246,"minecraft:sandstone_wall":606,"minecraft:andesite_slab":304,"minecraft:oak_stairs":232,"minecraft:warped_pressure_plate":4,"minecraft:golden_hoe":1,"minecraft:blue_carpet":180,"minecraft:pink_shulker_box":4,"minecraft:flower_banner_pattern":1,"minecraft:spruce_pressure_plate":45,"minecraft:dark_oak_door":45,"minecraft:honey_bottle":80,"minecraft:iron_boots":7,"minecraft:written_book":13,"minecraft:yellow_banner":2,"minecraft:stone_hoe":3,"minecraft:honeycomb_block":9367,"minecraft:smoker":32,"minecraft:spruce_planks":4244,"minecraft:brown_stained_glass_pane":48,"minecraft:light_gray_banner":2,"minecraft:hopper_minecart":127,"minecraft:crimson_pressure_plate":4,"minecraft:diamond_pickaxe":11,"minecraft:paper":17274,"minecraft:dark_oak_slab":750,"minecraft:book":1408,"minecraft:charcoal":66,"minecraft:emerald_block":261,"minecraft:birch_fence":729,"minecraft:light_blue_dye":1340,"minecraft:leather_chestplate":119,"minecraft:snow_block":1131,"minecraft:green_shulker_box":10,"minecraft:redstone_torch":4456,"minecraft:light_gray_carpet":651,"minecraft:light_gray_stained_glass_pane":208,"minecraft:coarse_dirt":1592,"minecraft:wooden_sword":1,"minecraft:purple_wool":197,"minecraft:redstone":24293,"minecraft:coal":4347,"minecraft:light_gray_stained_glass":2288,"minecraft:dark_oak_trapdoor":260,"minecraft:jungle_trapdoor":2802,"minecraft:gray_dye":9250,"minecraft:dark_oak_sign":24,"minecraft:end_stone_bricks":4,"minecraft:blue_ice":7,"minecraft:yellow_shulker_box":11,"minecraft:green_concrete_powder":7464,"minecraft:iron_axe":3,"minecraft:slime_ball":12211,"minecraft:lime_dye":1459,"minecraft:filled_map":68,"minecraft:chiseled_sandstone":3,"minecraft:orange_banner":4,"minecraft:minecart":2076,"minecraft:blue_glazed_terracotta":160,"minecraft:cooked_beef":481,"minecraft:sugar":7052,"minecraft:red_dye":3641,"minecraft:bone_block":76852,"minecraft:spruce_sign":9,"minecraft:pink_concrete_powder":5328,"minecraft:powered_rail":2460,"minecraft:yellow_carpet":1737,"minecraft:activator_rail":6,"minecraft:bowl":8,"minecraft:bucket":959,"minecraft:brown_terracotta":624,"minecraft:lodestone":1,"minecraft:air":0,"minecraft:bread":499,"minecraft:black_stained_glass":2920,"minecraft:blue_dye":5527,"minecraft:oak_boat":4,"minecraft:smooth_sandstone_slab":270,"minecraft:white_wool":894,"minecraft:gold_nugget":125567,"minecraft:brown_wool":35,"minecraft:pink_stained_glass_pane":16,"minecraft:dark_prismarine_slab":708,"minecraft:green_wool":5,"minecraft:nether_wart_block":4,"minecraft:end_crystal":576,"minecraft:purple_concrete_powder":7648,"minecraft:blackstone_slab":86,"minecraft:lapis_lazuli":1080,"minecraft:clay":41,"minecraft:firework_rocket":22179,"minecraft:lime_stained_glass":72,"minecraft:black_dye":6761,"minecraft:red_stained_glass_pane":192,"minecraft:oak_sign":93,"minecraft:blaze_powder":62094,"minecraft:gray_wool":127,"minecraft:diamond_helmet":1,"minecraft:beacon":1,"minecraft:stone_pressure_plate":331,"minecraft:iron_door":12,"minecraft:dried_kelp_block":9368,"minecraft:gray_stained_glass_pane":96,"minecraft:white_shulker_box":12,"minecraft:turtle_helmet":359,"minecraft:end_rod":1440,"minecraft:chest_minecart":54,"minecraft:jungle_pressure_plate":2,"minecraft:smithing_table":131,"minecraft:lectern":34,"minecraft:golden_leggings":23,"minecraft:iron_pickaxe":10,"minecraft:sandstone":298,"minecraft:composter":614,"minecraft:cyan_wool":3,"minecraft:jungle_sign":348,"minecraft:golden_carrot":9664,"minecraft:magenta_wool":216,"minecraft:jukebox":8,"minecraft:iron_nugget":10568,"minecraft:diamond_hoe":3,"minecraft:brick_stairs":36,"minecraft:acacia_fence_gate":192,"minecraft:jack_o_lantern":152,"minecraft:blue_shulker_box":3,"minecraft:lime_stained_glass_pane":128,"minecraft:stone_stairs":120,"minecraft:lantern":593,"minecraft:light_gray_shulker_box":9,"minecraft:polished_diorite":24,"minecraft:black_concrete_powder":9832,"minecraft:red_shulker_box":7,"minecraft:stone_pickaxe":2,"minecraft:quartz_slab":564,"minecraft:purple_carpet":309,"minecraft:brick_slab":6,"minecraft:light_gray_terracotta":872,"minecraft:enchanting_table":18,"minecraft:yellow_stained_glass_pane":192,"minecraft:leather_helmet":8,"minecraft:polished_blackstone_stairs":58,"minecraft:dark_oak_button":2,"minecraft:light_blue_carpet":342,"minecraft:crimson_stairs":40,"minecraft:oak_fence_gate":112,"minecraft:fermented_spider_eye":8660,"minecraft:black_stained_glass_pane":2184,"minecraft:note_block":120,"minecraft:pink_terracotta":160,"minecraft:grindstone":14,"minecraft:cobblestone_slab":168,"minecraft:birch_wood":159,"minecraft:magenta_banner":8,"minecraft:crimson_sign":108,"minecraft:stone":695,"minecraft:red_sandstone":312,"minecraft:pink_carpet":309,"minecraft:heavy_weighted_pressure_plate":7,"minecraft:quartz_pillar":64,"minecraft:warped_planks":2112,"minecraft:brown_carpet":78,"minecraft:polished_blackstone_button":207,"minecraft:stone_brick_slab":836,"minecraft:brown_stained_glass":40,"minecraft:orange_stained_glass_pane":216,"minecraft:bow":419,"minecraft:comparator":539,"minecraft:polished_basalt":2944,"minecraft:yellow_terracotta":5104,"minecraft:rail":3152,"minecraft:bricks":5154,"minecraft:birch_button":109,"minecraft:ender_eye":678,"minecraft:oak_fence":765,"minecraft:granite_stairs":37,"minecraft:dropper":706,"minecraft:iron_helmet":11,"minecraft:red_wool":503,"minecraft:yellow_stained_glass":1608,"minecraft:green_glazed_terracotta":32,"minecraft:spruce_trapdoor":524,"minecraft:pink_wool":241,"minecraft:warped_fence_gate":2,"minecraft:netherite_block":1,"minecraft:gray_terracotta":288,"minecraft:iron_ingot":54219,"minecraft:andesite_stairs":12,"minecraft:light_blue_shulker_box":3,"minecraft:light_blue_stained_glass":1064,"minecraft:lime_carpet":120,"minecraft:polished_diorite_stairs":55,"minecraft:blue_terracotta":520,"minecraft:oak_door":3,"minecraft:nether_brick_slab":1254,"minecraft:tripwire_hook":34,"minecraft:leather_boots":73,"minecraft:golden_chestplate":24,"minecraft:furnace":240,"minecraft:crimson_button":1,"minecraft:magenta_stained_glass_pane":80,"minecraft:polished_andesite_slab":294,"minecraft:smooth_quartz_stairs":103,"minecraft:flint_and_steel":11,"minecraft:orange_terracotta":760,"minecraft:brown_shulker_box":10,"minecraft:honey_block":12791,"minecraft:birch_sign":111,"minecraft:purple_terracotta":152,"minecraft:jungle_wood":213,"minecraft:purple_stained_glass":80,"minecraft:purple_shulker_box":5,"minecraft:diorite_wall":123,"minecraft:jungle_planks":66380,"minecraft:jungle_door":996,"minecraft:white_dye":23834,"minecraft:blue_wool":103,"minecraft:crimson_door":3,"minecraft:anvil":95,"minecraft:andesite":3456,"minecraft:granite_slab":6,"minecraft:jungle_fence_gate":1151,"minecraft:cut_sandstone":1072,"minecraft:cut_sandstone_slab":18,"minecraft:orange_stained_glass":4024,"minecraft:birch_slab":432,"minecraft:loom":129,"minecraft:dark_prismarine_stairs":10,"minecraft:iron_bars":3232,"minecraft:red_concrete_powder":11592,"minecraft:repeater":806,"minecraft:diamond_leggings":1,"minecraft:cyan_stained_glass_pane":160,"minecraft:melon_seeds":41,"minecraft:polished_blackstone":7832,"minecraft:magenta_dye":1097,"minecraft:cooked_rabbit":2,"minecraft:flower_pot":1602,"minecraft:emerald":1654,"minecraft:clock":3,"minecraft:hay_block":148,"minecraft:campfire":27,"minecraft:brown_banner":26,"minecraft:green_terracotta":616,"minecraft:iron_block":13866,"minecraft:spruce_fence_gate":30,"minecraft:yellow_concrete_powder":9376,"minecraft:stone_shovel":23,"minecraft:smooth_stone_slab":290,"minecraft:red_terracotta":304,"minecraft:bone_meal":768977,"minecraft:cyan_stained_glass":928,"minecraft:pink_dye":1061,"minecraft:diamond":3078,"minecraft:detector_rail":78,"minecraft:ladder":720,"minecraft:jungle_fence":117,"minecraft:golden_helmet":20,"minecraft:purple_stained_glass_pane":16,"minecraft:crossbow":6,"minecraft:dried_kelp":225,"minecraft:magenta_stained_glass":40,"minecraft:gray_concrete_powder":59328,"minecraft:polished_granite":629,"minecraft:conduit":2,"minecraft:white_stained_glass":7208,"minecraft:green_stained_glass_pane":88,"minecraft:acacia_sign":9,"minecraft:cyan_shulker_box":7,"minecraft:gray_shulker_box":7,"minecraft:wooden_axe":3,"minecraft:iron_leggings":9,"minecraft:white_bed":60,"minecraft:lime_wool":74,"minecraft:brick":25634,"minecraft:oak_planks":12148,"minecraft:dark_oak_boat":2,"minecraft:cobblestone_stairs":52,"minecraft:light_blue_banner":44,"minecraft:green_dye":722,"minecraft:hopper":3640,"minecraft:cyan_terracotta":43632,"minecraft:chiseled_stone_bricks":17,"minecraft:golden_sword":11,"minecraft:quartz_stairs":6,"minecraft:oak_slab":696,"minecraft:item_frame":251,"minecraft:map":70,"minecraft:crafting_table":82,"minecraft:gold_block":11124,"minecraft:mojang_banner_pattern":1,"minecraft:birch_planks":16140,"minecraft:brewing_stand":54,"minecraft:black_shulker_box":8,"minecraft:iron_chestplate":5,"minecraft:shield":18,"minecraft:warped_slab":1056,"minecraft:polished_blackstone_brick_stairs":3,"minecraft:gray_carpet":2193,"minecraft:sponge":622,"minecraft:shears":1672,"minecraft:green_carpet":336,"minecraft:sandstone_stairs":40,"minecraft:polished_andesite":4760,"minecraft:stone_button":519,"minecraft:diamond_block":515,"minecraft:glass_pane":304,"minecraft:warped_fence":24,"minecraft:netherite_leggings":1,"minecraft:black_terracotta":336,"minecraft:spruce_wood":12,"minecraft:iron_hoe":2,"minecraft:orange_concrete_powder":6472,"minecraft:warped_button":1,"minecraft:gray_banner":3,"minecraft:netherite_scrap":130,"minecraft:observer":1976,"minecraft:cyan_concrete_powder":6664,"minecraft:crimson_planks":588,"minecraft:diamond_sword":8,"minecraft:cyan_dye":6462,"minecraft:dark_oak_stairs":392,"minecraft:smooth_sandstone":47,"minecraft:nether_bricks":8008,"minecraft:stone_axe":3,"minecraft:magenta_terracotta":264,"minecraft:acacia_planks":1344,"minecraft:lapis_block":282},"minecraft:dropped":{"minecraft:porkchop":2957,"minecraft:cyan_glazed_terracotta":1,"minecraft:diamond":1656,"minecraft:crafting_table":11,"minecraft:cooked_porkchop":22691,"minecraft:cracked_stone_bricks":10,"minecraft:brown_banner":1,"minecraft:red_mushroom":62,"minecraft:emerald":10,"minecraft:gray_concrete":1804,"minecraft:birch_fence":7,"minecraft:netherite_boots":8,"minecraft:gold_nugget":2281,"minecraft:sand":2230,"minecraft:dark_oak_planks":1,"minecraft:fishing_rod":1,"minecraft:diorite_slab":8,"minecraft:compass":69,"minecraft:lever":2,"minecraft:cooked_chicken":6,"minecraft:netherite_sword":4,"minecraft:rotten_flesh":2920,"minecraft:azure_bluet":16,"minecraft:sea_lantern":2,"minecraft:coal_ore":109,"minecraft:quartz_block":768,"minecraft:jungle_log":174,"minecraft:leather_boots":102,"minecraft:leather_leggings":110,"minecraft:beef":5,"minecraft:warped_wart_block":8,"minecraft:acacia_fence":1,"minecraft:brown_concrete":1,"minecraft:golden_boots":131,"minecraft:black_dye":40,"minecraft:wheat_seeds":1387,"minecraft:clock":1,"minecraft:light_gray_stained_glass_pane":131,"minecraft:prismarine_crystals":21,"minecraft:book":129,"minecraft:gray_wool":3,"minecraft:ink_sac":1010,"minecraft:wooden_axe":1,"minecraft:cooked_salmon":64,"minecraft:stripped_birch_log":2,"minecraft:oak_stairs":5,"minecraft:white_banner":2,"minecraft:red_dye":1,"minecraft:jungle_boat":9,"minecraft:smooth_stone":32,"minecraft:chainmail_leggings":30,"minecraft:smooth_sandstone":3,"minecraft:lily_pad":75,"minecraft:acacia_planks":2,"minecraft:bricks":28,"minecraft:netherite_hoe":1,"minecraft:player_head":81,"minecraft:orange_concrete":1,"minecraft:white_carpet":13,"minecraft:clay_ball":8,"minecraft:damaged_anvil":1,"minecraft:name_tag":10,"minecraft:white_terracotta":3,"minecraft:white_shulker_box":3,"minecraft:oak_sign":7,"minecraft:shears":46,"minecraft:diamond_sword":9,"minecraft:lime_glazed_terracotta":1,"minecraft:peony":1,"minecraft:spruce_planks":1,"minecraft:diamond_pickaxe":8,"minecraft:redstone_torch":20,"minecraft:brown_bed":2,"minecraft:bamboo":2508,"minecraft:stone_bricks":14,"minecraft:sandstone":1814,"minecraft:magma_block":4,"minecraft:terracotta":11,"minecraft:oak_log":225,"minecraft:lime_terracotta":149,"minecraft:jungle_planks":8,"minecraft:red_wool":9,"minecraft:black_banner":8,"minecraft:birch_slab":47,"minecraft:cod":650,"minecraft:dark_oak_log":1,"minecraft:packed_ice":2,"minecraft:ice":33,"minecraft:light_gray_banner":1,"minecraft:wet_sponge":16,"minecraft:light_blue_banner":6,"minecraft:gold_ingot":154,"minecraft:red_glazed_terracotta":9,"minecraft:magenta_stained_glass":1,"minecraft:purpur_block":16,"minecraft:twisting_vines":2,"minecraft:smooth_sandstone_stairs":28,"minecraft:soul_lantern":2,"minecraft:beetroot":1,"minecraft:cooked_mutton":42,"minecraft:leather_chestplate":82,"minecraft:trident":1,"minecraft:dropper":1,"minecraft:scaffolding":246,"minecraft:stone_hoe":3,"minecraft:golden_helmet":115,"minecraft:lilac":1,"minecraft:netherite_axe":5,"minecraft:andesite_wall":3,"minecraft:tropical_fish":21048,"minecraft:acacia_trapdoor":1,"minecraft:iron_block":1736,"minecraft:green_dye":21,"minecraft:repeater":19,"minecraft:melon_slice":15,"minecraft:light_gray_shulker_box":1,"minecraft:iron_door":6,"minecraft:fire_charge":261,"minecraft:tripwire_hook":10,"minecraft:kelp":381,"minecraft:oak_trapdoor":2,"minecraft:dragon_head":1,"minecraft:lime_concrete":1,"minecraft:light_gray_terracotta":8,"minecraft:birch_pressure_plate":2,"minecraft:comparator":2,"minecraft:stripped_oak_log":2,"minecraft:green_concrete":34,"minecraft:shulker_box":38,"minecraft:oak_button":1,"minecraft:andesite":246,"minecraft:birch_sign":24,"minecraft:magma_cream":196,"minecraft:oak_pressure_plate":3,"minecraft:cooked_beef":37,"minecraft:orange_tulip":36,"minecraft:cookie":23,"minecraft:rail":58,"minecraft:leather_helmet":95,"minecraft:red_carpet":4,"minecraft:red_shulker_box":1,"minecraft:grass":63,"minecraft:jungle_sapling":17,"minecraft:bone_block":153,"minecraft:bone_meal":248,"minecraft:sunflower":1,"minecraft:phantom_membrane":10,"minecraft:sugar":4616,"minecraft:iron_pickaxe":3,"minecraft:gray_dye":64,"minecraft:cyan_carpet":2,"minecraft:end_crystal":1,"minecraft:bone":9213,"minecraft:golden_chestplate":120,"minecraft:nether_brick":2758,"minecraft:birch_sapling":3,"minecraft:netherite_shovel":6,"minecraft:end_stone":269,"minecraft:light_gray_carpet":1,"minecraft:jungle_trapdoor":5,"minecraft:salmon":100,"minecraft:orange_stained_glass":2,"minecraft:charcoal":3,"minecraft:jungle_stairs":1,"minecraft:end_stone_bricks":10,"minecraft:ghast_tear":4,"minecraft:chiseled_nether_bricks":1,"minecraft:netherite_pickaxe":10,"minecraft:birch_leaves":204,"minecraft:polished_blackstone":6,"minecraft:iron_helmet":7,"minecraft:purple_concrete":3,"minecraft:apple":15,"minecraft:spruce_button":5,"minecraft:spruce_door":9,"minecraft:chainmail_helmet":25,"minecraft:polished_andesite":10,"minecraft:end_rod":22,"minecraft:pufferfish":72,"minecraft:dried_kelp_block":960,"minecraft:jungle_slab":33,"minecraft:golden_carrot":126,"minecraft:wooden_hoe":2,"minecraft:yellow_glazed_terracotta":10,"minecraft:dead_bush":4,"minecraft:string":1797,"minecraft:paper":154,"minecraft:spruce_sapling":2,"minecraft:pink_tulip":3,"minecraft:furnace":13,"minecraft:soul_torch":3,"minecraft:cobblestone_wall":31,"minecraft:chicken":3074,"minecraft:slime_block":36,"minecraft:magenta_concrete":2,"minecraft:spruce_fence":2,"minecraft:pumpkin_seeds":44,"minecraft:purple_stained_glass":1,"minecraft:lily_of_the_valley":1,"minecraft:cobblestone_slab":6,"minecraft:stone":4757,"minecraft:shroomlight":10,"minecraft:allium":9,"minecraft:yellow_bed":1,"minecraft:birch_boat":5,"minecraft:red_tulip":76,"minecraft:bell":1,"minecraft:quartz_slab":42,"minecraft:crimson_nylium":6,"minecraft:spruce_sign":4,"minecraft:warped_stem":64,"minecraft:brown_mushroom":189,"minecraft:diamond_axe":3,"minecraft:lime_shulker_box":6,"minecraft:lantern":6,"minecraft:flint":144,"minecraft:orange_carpet":1,"minecraft:jungle_button":5,"minecraft:cornflower":1,"minecraft:crimson_roots":1,"minecraft:pumpkin_pie":72,"minecraft:birch_log":49,"minecraft:armor_stand":8,"minecraft:honeycomb_block":80,"minecraft:white_tulip":1,"minecraft:blackstone":244,"minecraft:diamond_shovel":3,"minecraft:prismarine":9,"minecraft:honey_bottle":2,"minecraft:rabbit_hide":66,"minecraft:chest":1,"minecraft:chainmail_boots":32,"minecraft:arrow":35146,"minecraft:powered_rail":57,"minecraft:quartz":10,"minecraft:written_book":54,"minecraft:oak_leaves":542,"minecraft:firework_rocket":705,"minecraft:mossy_cobblestone":1,"minecraft:minecart":106,"minecraft:poisonous_potato":11,"minecraft:lead":42,"minecraft:grass_block":1688,"minecraft:stick":882,"minecraft:nether_gold_ore":1,"minecraft:smooth_quartz":1,"minecraft:iron_axe":1,"minecraft:bucket":14,"minecraft:dandelion":30,"minecraft:redstone":46,"minecraft:red_concrete":14,"minecraft:nether_brick_slab":3,"minecraft:brown_dye":1,"minecraft:ender_chest":58,"minecraft:nether_wart":47,"minecraft:coarse_dirt":8,"minecraft:blaze_rod":151,"minecraft:acacia_leaves":2,"minecraft:filled_map":3,"minecraft:diamond_chestplate":1,"minecraft:orange_terracotta":25,"minecraft:purple_bed":1,"minecraft:oak_boat":12,"minecraft:diamond_boots":16,"minecraft:slime_ball":209,"minecraft:light_blue_shulker_box":3,"minecraft:iron_sword":9,"minecraft:glass_bottle":20,"minecraft:gold_block":92,"minecraft:writable_book":17,"minecraft:fermented_spider_eye":3,"minecraft:white_wool":3,"minecraft:tropical_fish_bucket":626,"minecraft:diamond_block":163,"minecraft:iron_nugget":1846,"minecraft:obsidian":85,"minecraft:stripped_dark_oak_log":2,"minecraft:oak_planks":7,"minecraft:glowstone_dust":1045,"minecraft:nether_brick_fence":1,"minecraft:rabbit_foot":64,"minecraft:diorite_wall":1,"minecraft:glass":5,"minecraft:orange_shulker_box":4,"minecraft:potion":201,"minecraft:smooth_sandstone_slab":1,"minecraft:chipped_anvil":1,"minecraft:stone_brick_slab":15,"minecraft:snow_block":22,"minecraft:soul_soil":3,"minecraft:cocoa_beans":285,"minecraft:sticky_piston":13,"minecraft:stone_shovel":22,"minecraft:red_banner":1,"minecraft:iron_boots":92,"minecraft:spruce_boat":3,"minecraft:flower_pot":4,"minecraft:pink_shulker_box":2,"minecraft:stone_pressure_plate":38,"minecraft:barrel":1,"minecraft:bow":2088,"minecraft:red_sand":2,"minecraft:cooked_rabbit":18,"minecraft:soul_sand":1553,"minecraft:orange_dye":16,"minecraft:ender_pearl":1531,"minecraft:green_shulker_box":1,"minecraft:leather":4228,"minecraft:honeycomb":833,"minecraft:cobblestone_stairs":2,"minecraft:cracked_polished_blackstone_bricks":2,"minecraft:polished_blackstone_pressure_plate":1,"minecraft:mutton":1,"minecraft:snowball":6,"minecraft:black_shulker_box":2,"minecraft:jungle_sign":5,"minecraft:black_concrete":64,"minecraft:cauldron":2,"minecraft:andesite_slab":3,"minecraft:mycelium":1667,"minecraft:birch_fence_gate":3,"minecraft:mushroom_stem":1,"minecraft:horn_coral_fan":14,"minecraft:birch_door":4,"minecraft:iron_ore":52,"minecraft:birch_button":5,"minecraft:iron_bars":640,"minecraft:white_concrete_powder":292,"minecraft:polished_granite":13,"minecraft:splash_potion":71,"minecraft:bread":21,"minecraft:vine":17,"minecraft:yellow_concrete":1,"minecraft:activator_rail":2,"minecraft:acacia_log":60,"minecraft:light_blue_wool":1,"minecraft:white_concrete":554,"minecraft:yellow_shulker_box":3,"minecraft:light_gray_stained_glass":2,"minecraft:pink_banner":1,"minecraft:jungle_leaves":297,"minecraft:cactus":195,"minecraft:redstone_block":27,"minecraft:blue_terracotta":1,"minecraft:totem_of_undying":7,"minecraft:netherite_leggings":5,"minecraft:flint_and_steel":3,"minecraft:golden_leggings":129,"minecraft:oak_sapling":220,"minecraft:brain_coral":2,"minecraft:clay":1,"minecraft:piston":33,"minecraft:crossbow":9,"minecraft:dark_oak_button":1,"minecraft:purpur_stairs":10,"minecraft:elytra":7,"minecraft:item_frame":14,"minecraft:dirt":2121,"minecraft:melon":2,"minecraft:stone_button":87,"minecraft:yellow_dye":4,"minecraft:chain":33,"minecraft:dark_oak_boat":1,"minecraft:pink_concrete":252,"minecraft:note_block":10,"minecraft:sugar_cane":25,"minecraft:polished_andesite_slab":1,"minecraft:detector_rail":1,"minecraft:pink_dye":13,"minecraft:white_bed":7,"minecraft:honey_block":384,"minecraft:hopper":3,"minecraft:ladder":1,"minecraft:white_dye":141,"minecraft:crying_obsidian":1,"minecraft:egg":481,"minecraft:crimson_planks":1,"minecraft:enchanted_book":51,"minecraft:iron_ingot":511,"minecraft:gray_stained_glass_pane":47,"minecraft:tnt":33,"minecraft:netherite_helmet":5,"minecraft:oak_fence":15,"minecraft:purpur_slab":15,"minecraft:feather":163,"minecraft:cobblestone":1155,"minecraft:granite":526,"minecraft:stripped_jungle_log":2,"minecraft:coal":27,"minecraft:sponge":50,"minecraft:rabbit":66,"minecraft:rose_bush":4,"minecraft:dried_kelp":2318,"minecraft:nether_sprouts":1,"minecraft:pufferfish_bucket":37,"minecraft:heart_of_the_sea":1,"minecraft:iron_shovel":14,"minecraft:purpur_pillar":6,"minecraft:stone_sword":6,"minecraft:smooth_stone_slab":46,"minecraft:bowl":8,"minecraft:diamond_hoe":1,"minecraft:blue_concrete":4,"minecraft:stone_slab":36,"minecraft:diamond_ore":14,"minecraft:nether_bricks":65,"minecraft:potato":13,"minecraft:wooden_shovel":1,"minecraft:spider_eye":4374,"minecraft:brown_carpet":3,"minecraft:black_wool":82,"minecraft:dark_oak_stairs":2,"minecraft:birch_planks":8,"minecraft:spruce_leaves":4,"minecraft:cyan_terracotta":296,"minecraft:netherite_scrap":1,"minecraft:seagrass":38,"minecraft:cut_sandstone":1,"minecraft:polished_blackstone_bricks":64,"minecraft:brown_mushroom_block":1,"minecraft:gravel":783,"minecraft:fern":9,"minecraft:beehive":5,"minecraft:stone_stairs":27,"minecraft:carrot":1168,"minecraft:brown_shulker_box":3,"minecraft:chainmail_chestplate":25,"minecraft:poppy":228,"minecraft:shulker_shell":32,"minecraft:gunpowder":171,"minecraft:glowstone":2,"minecraft:spruce_pressure_plate":40,"minecraft:basalt":108,"minecraft:gray_shulker_box":3,"minecraft:cyan_concrete":2,"minecraft:prismarine_bricks":2,"minecraft:netherrack":16139,"minecraft:water_bucket":111,"minecraft:stripped_spruce_log":3,"minecraft:oak_slab":7,"minecraft:red_concrete_powder":1,"minecraft:bookshelf":1,"minecraft:diamond_leggings":3,"minecraft:prismarine_shard":25,"minecraft:spectral_arrow":127,"minecraft:observer":37,"minecraft:diorite":416,"minecraft:brewing_stand":3,"minecraft:torch":243,"minecraft:iron_leggings":11,"minecraft:green_carpet":5,"minecraft:wither_rose":2,"minecraft:crimson_fence":1,"minecraft:gray_stained_glass":1,"minecraft:warped_nylium":5,"minecraft:glass_pane":1,"minecraft:red_terracotta":1,"minecraft:shield":4,"minecraft:iron_chestplate":5,"minecraft:golden_sword":477,"minecraft:stone_pickaxe":1,"minecraft:nether_quartz_ore":14,"minecraft:white_stained_glass":40}},"DataVersion":2584}