{"stats":{"minecraft:custom":{"minecraft:interact_with_crafting_table":3164,"minecraft:damage_blocked_by_shield":1990,"minecraft:deaths":145,"minecraft:jump":435060,"minecraft:play_record":1,"minecraft:interact_with_smoker":9,"minecraft:inspect_dispenser":1327,"minecraft:horse_one_cm":24366,"minecraft:inspect_dropper":257,"minecraft:interact_with_anvil":421,"minecraft:inspect_hopper":3272,"minecraft:tune_noteblock":459,"minecraft:time_since_rest":36497,"minecraft:swim_one_cm":2471720,"minecraft:open_chest":29895,"minecraft:open_shulker_box":48892,"minecraft:damage_resisted":7932,"minecraft:play_noteblock":47,"minecraft:talked_to_villager":254,"minecraft:interact_with_brewingstand":291,"minecraft:interact_with_beacon":87,"minecraft:fill_cauldron":1,"minecraft:interact_with_campfire":76,"minecraft:raid_win":1,"minecraft:boat_one_cm":29288886,"minecraft:damage_taken":464681,"minecraft:aviate_one_cm":1136421801,"minecraft:open_barrel":14395,"minecraft:bell_ring":29,"minecraft:leave_game":1718,"minecraft:time_since_death":274545,"minecraft:enchant_item":103,"minecraft:interact_with_furnace":4081,"minecraft:traded_with_villager":229,"minecraft:sleep_in_bed":2534,"minecraft:damage_dealt":1939009,"minecraft:interact_with_smithing_table":26,"minecraft:target_hit":546,"minecraft:sneak_time":5390095,"minecraft:interact_with_lectern":109,"minecraft:interact_with_blast_furnace":145,"minecraft:interact_with_stonecutter":16,"minecraft:fly_one_cm":81450530,"minecraft:fish_caught":724,"minecraft:fall_one_cm":11848389,"minecraft:animals_bred":360,"minecraft:sprint_one_cm":147063900,"minecraft:drop":8339,"minecraft:walk_on_water_one_cm":5275272,"minecraft:play_one_minute":65914148,"minecraft:interact_with_loom":3,"minecraft:open_enderchest":3442,"minecraft:player_kills":26,"minecraft:crouch_one_cm":15905336,"minecraft:mob_kills":77269,"minecraft:climb_one_cm":4114202,"minecraft:walk_one_cm":149540117,"minecraft:strider_one_cm":68675,"minecraft:walk_under_water_one_cm":5839024,"minecraft:raid_trigger":1,"minecraft:pot_flower":15,"minecraft:interact_with_grindstone":68,"minecraft:damage_absorbed":300,"minecraft:minecart_one_cm":79518},"minecraft:killed":{"minecraft:cod":57,"minecraft:guardian":76,"minecraft:tropical_fish":35,"minecraft:parrot":1,"minecraft:elder_guardian":3,"minecraft:salmon":3,"minecraft:iron_golem":1,"minecraft:pillager":39,"minecraft:zombie":558,"minecraft:evoker":1,"minecraft:vindicator":9,"minecraft:endermite":40,"minecraft:snow_golem":32,"minecraft:husk":1,"minecraft:rabbit":8,"minecraft:ravager":4,"minecraft:polar_bear":8,"minecraft:zombified_piglin":1587,"minecraft:witch":7,"minecraft:spider":84,"minecraft:wither":1,"minecraft:bee":2,"minecraft:silverfish":1,"minecraft:piglin":59,"minecraft:zombie_villager":9,"minecraft:sheep":62,"minecraft:trader_llama":16,"minecraft:mooshroom":111,"minecraft:ghast":276,"minecraft:vex":27,"minecraft:slime":370,"minecraft:drowned":21,"minecraft:hoglin":11,"minecraft:squid":36,"minecraft:villager":6,"minecraft:cave_spider":3446,"minecraft:dolphin":1,"minecraft:shulker":187,"minecraft:pufferfish":14,"minecraft:skeleton":5942,"minecraft:chicken":17,"minecraft:cat":3,"minecraft:magma_cube":888,"minecraft:cow":138,"minecraft:horse":6,"minecraft:ocelot":1,"minecraft:wandering_trader":8,"minecraft:enderman":62332,"minecraft:turtle":8,"minecraft:wolf":1,"minecraft:pig":4,"minecraft:strider":2,"minecraft:creeper":202,"minecraft:blaze":30,"minecraft:phantom":9,"minecraft:panda":4,"minecraft:bat":11},"minecraft:used":{"minecraft:writable_book":50,"minecraft:dispenser":204,"minecraft:poppy":1,"minecraft:black_carpet":465,"minecraft:stone":51721,"minecraft:quartz_stairs":230,"minecraft:warped_sign":81,"minecraft:rotten_flesh":19,"minecraft:chiseled_red_sandstone":2,"minecraft:soul_sand":124,"minecraft:cocoa_beans":1053,"minecraft:lily_of_the_valley":4,"minecraft:snowball":1039,"minecraft:weeping_vines":70,"minecraft:spruce_boat":13,"minecraft:polished_blackstone_slab":3783,"minecraft:jungle_sapling":1515,"minecraft:packed_ice":1370,"minecraft:stripped_dark_oak_wood":2,"minecraft:lava_bucket":11668,"minecraft:red_wool":571,"minecraft:quartz_block":65,"minecraft:netherite_hoe":217243,"minecraft:dark_oak_leaves":11,"minecraft:dark_oak_slab":3958,"minecraft:bow":3883,"minecraft:cooked_cod":11,"minecraft:oak_sapling":12649,"minecraft:acacia_fence":35,"minecraft:mossy_stone_bricks":23,"minecraft:damaged_anvil":3,"minecraft:chorus_fruit":35,"minecraft:prismarine":11,"minecraft:lily_pad":6,"minecraft:blackstone":91577,"minecraft:cactus":118,"minecraft:wooden_pickaxe":51,"minecraft:black_glazed_terracotta":140,"minecraft:composter":20,"minecraft:clay":19,"minecraft:jungle_boat":12,"minecraft:golden_apple":7,"minecraft:cut_sandstone_slab":384,"minecraft:blast_furnace":407,"minecraft:acacia_leaves":12,"minecraft:chiseled_quartz_block":3,"minecraft:gray_concrete":16560,"minecraft:red_sandstone_wall":3,"minecraft:birch_fence":228,"minecraft:red_sandstone":10,"minecraft:gray_stained_glass_pane":2,"minecraft:birch_slab":1026,"minecraft:oak_pressure_plate":6,"minecraft:coal_block":49,"minecraft:nether_wart_block":213,"minecraft:diamond_sword":13878,"minecraft:smithing_table":3,"minecraft:birch_log":2440,"minecraft:oak_boat":101,"minecraft:purple_wool":2,"minecraft:oak_trapdoor":200,"minecraft:polished_blackstone_brick_slab":4995,"minecraft:enchanting_table":1,"minecraft:orange_concrete":1451,"minecraft:dead_bush":160,"minecraft:armor_stand":7,"minecraft:light_gray_carpet":11,"minecraft:polished_blackstone_wall":48,"minecraft:cooked_salmon":148,"minecraft:torch":17085,"minecraft:brewing_stand":10,"minecraft:nether_quartz_ore":270,"minecraft:golden_shovel":132,"minecraft:oak_fence_gate":54,"minecraft:fern":27,"minecraft:sea_lantern":898,"minecraft:chipped_anvil":19,"minecraft:iron_block":6406,"minecraft:light_weighted_pressure_plate":29,"minecraft:jungle_log":826,"minecraft:barrel":538,"minecraft:bamboo":102,"minecraft:lime_concrete":667,"minecraft:basalt":1192,"minecraft:warped_stairs":36,"minecraft:podzol":295,"minecraft:acacia_planks":138,"minecraft:dead_bubble_coral_fan":1,"minecraft:horn_coral_fan":6,"minecraft:wheat_seeds":998,"minecraft:warped_stem":62,"minecraft:light_blue_shulker_box":995,"minecraft:birch_planks":920,"minecraft:lead":2,"minecraft:cauldron":1,"minecraft:spruce_fence_gate":266,"minecraft:gold_ore":94,"minecraft:diamond_block":61,"minecraft:rail":635,"minecraft:red_bed":2,"minecraft:crimson_trapdoor":135,"minecraft:cyan_glazed_terracotta":1,"minecraft:white_bed":225,"minecraft:campfire":205,"minecraft:spruce_log":6656,"minecraft:mushroom_stem":208,"minecraft:diamond_pickaxe":194909,"minecraft:warped_trapdoor":38,"minecraft:acacia_sign":65,"minecraft:diamond_shovel":77955,"minecraft:spruce_pressure_plate":244,"minecraft:oak_button":241,"minecraft:tnt_minecart":152,"minecraft:magenta_concrete_powder":2,"minecraft:spruce_trapdoor":2021,"minecraft:spruce_sapling":3796,"minecraft:green_carpet":2,"minecraft:potion":38,"minecraft:crimson_stairs":37,"minecraft:cooked_porkchop":56,"minecraft:stripped_oak_log":18,"minecraft:red_sand":27256,"minecraft:light_gray_stained_glass_pane":3,"minecraft:bone_block":4588,"minecraft:polished_basalt":947,"minecraft:nether_wart":328,"minecraft:grass":8,"minecraft:green_terracotta":1,"minecraft:soul_campfire":28,"minecraft:spruce_leaves":103,"minecraft:jungle_planks":41,"minecraft:pink_terracotta":1,"minecraft:furnace_minecart":10,"minecraft:obsidian":616,"minecraft:spruce_wood":36,"minecraft:lantern":1208,"minecraft:blue_orchid":4,"minecraft:warped_nylium":414,"minecraft:mossy_cobblestone_slab":4,"minecraft:item_frame":216,"minecraft:birch_button":18,"minecraft:birch_trapdoor":14,"minecraft:horn_coral":2,"minecraft:written_book":42,"minecraft:jungle_button":9,"minecraft:blue_shulker_box":11,"minecraft:gold_block":798,"minecraft:pink_concrete_powder":8,"minecraft:dark_oak_sapling":3749,"minecraft:tube_coral_fan":1,"minecraft:end_rod":225,"minecraft:dropper":93,"minecraft:gray_carpet":12,"minecraft:stone_pickaxe":57,"minecraft:jungle_fence":34,"minecraft:oak_planks":2671,"minecraft:sandstone":10504,"minecraft:sugar_cane":263,"minecraft:diamond_axe":86993,"minecraft:white_wool":2243,"minecraft:light_blue_concrete":5271,"minecraft:lime_stained_glass_pane":68,"minecraft:mushroom_stew":3,"minecraft:light_blue_wool":36,"minecraft:yellow_concrete":62,"minecraft:crossbow":40,"minecraft:sticky_piston":74,"minecraft:black_terracotta":9936,"minecraft:dead_fire_coral_fan":1,"minecraft:lever":48,"minecraft:daylight_detector":164,"minecraft:dark_oak_log":794,"minecraft:bread":96,"minecraft:brown_wool":196,"minecraft:warped_slab":155,"minecraft:iron_door":50,"minecraft:dead_horn_coral":1,"minecraft:light_blue_concrete_powder":2104,"minecraft:dead_horn_coral_fan":1,"minecraft:chain":183,"minecraft:smooth_stone_slab":285,"minecraft:coarse_dirt":2571,"minecraft:bone_meal":104978,"minecraft:orange_concrete_powder":1624,"minecraft:netherite_sword":12717,"minecraft:rose_bush":2,"minecraft:flint_and_steel":261,"minecraft:crimson_fence":154,"minecraft:dried_kelp":177,"minecraft:redstone":4447,"minecraft:ender_chest":341,"minecraft:brown_shulker_box":525,"minecraft:stripped_birch_wood":37,"minecraft:cooked_chicken":2,"minecraft:dirt":44113,"minecraft:spruce_fence":3258,"minecraft:iron_hoe":512,"minecraft:wooden_axe":110,"minecraft:brown_terracotta":3624,"minecraft:oak_stairs":814,"minecraft:smooth_sandstone":35243,"minecraft:crimson_slab":156,"minecraft:yellow_concrete_powder":1,"minecraft:black_stained_glass":917,"minecraft:soul_soil":112,"minecraft:dark_oak_pressure_plate":3,"minecraft:lime_stained_glass":878,"minecraft:netherite_pickaxe":528867,"minecraft:minecart":34,"minecraft:cyan_concrete_powder":65,"minecraft:cooked_beef":392,"minecraft:pumpkin":53,"minecraft:quartz_bricks":1,"minecraft:cobblestone_stairs":13,"minecraft:snow_block":88,"minecraft:baked_potato":1,"minecraft:birch_boat":12,"minecraft:brown_mushroom":99,"minecraft:cut_sandstone":1019,"minecraft:spruce_sign":98,"minecraft:warped_roots":11,"minecraft:music_disc_cat":1,"minecraft:red_mushroom":73,"minecraft:spider_eye":1,"minecraft:warped_planks":22,"minecraft:cyan_stained_glass":1,"minecraft:netherite_block":2,"minecraft:piston":145,"minecraft:gray_terracotta":3660,"minecraft:flower_pot":33,"minecraft:black_wool":383,"minecraft:lapis_ore":72,"minecraft:stone_slab":42,"minecraft:detector_rail":12,"minecraft:magenta_concrete":143,"minecraft:jungle_stairs":3,"minecraft:yellow_wool":30,"minecraft:stone_axe":162,"minecraft:crimson_fungus":812,"minecraft:stripped_crimson_hyphae":6,"minecraft:cyan_stained_glass_pane":106,"minecraft:pink_shulker_box":77,"minecraft:pumpkin_pie":7,"minecraft:wither_rose":20,"minecraft:sea_pickle":10,"minecraft:gray_wool":2,"minecraft:birch_stairs":658,"minecraft:polished_blackstone":1088,"minecraft:ladder":496,"minecraft:spruce_slab":9279,"minecraft:chest":3256,"minecraft:brown_concrete":2995,"minecraft:white_shulker_box":173,"minecraft:acacia_sapling":3200,"minecraft:allium":8,"minecraft:jungle_slab":8,"minecraft:stripped_spruce_log":2,"minecraft:netherite_shovel":203413,"minecraft:birch_sapling":4716,"minecraft:black_stained_glass_pane":73,"minecraft:warped_hyphae":318,"minecraft:grass_block":2646,"minecraft:orange_shulker_box":1784,"minecraft:wet_sponge":971,"minecraft:dark_oak_button":50,"minecraft:stone_brick_stairs":10,"minecraft:red_stained_glass_pane":106,"minecraft:furnace":323,"minecraft:egg":41,"minecraft:potato":193,"minecraft:dragon_head":6,"minecraft:dead_brain_coral_fan":9,"minecraft:seagrass":48,"minecraft:brown_concrete_powder":5833,"minecraft:magenta_shulker_box":117,"minecraft:diorite":497,"minecraft:end_stone_bricks":78,"minecraft:spruce_door":29,"minecraft:stripped_birch_log":463,"minecraft:red_stained_glass":5586,"minecraft:acacia_trapdoor":1653,"minecraft:powered_rail":1093,"minecraft:blackstone_stairs":11,"minecraft:lime_concrete_powder":64,"minecraft:jungle_pressure_plate":2,"minecraft:purpur_pillar":13,"minecraft:oak_leaves":116,"minecraft:cookie":1,"minecraft:smooth_quartz_stairs":1,"minecraft:dark_oak_trapdoor":195,"minecraft:sand":46532,"minecraft:purpur_stairs":2,"minecraft:smooth_red_sandstone":34,"minecraft:black_concrete_powder":56645,"minecraft:chiseled_sandstone":91,"minecraft:crying_obsidian":6,"minecraft:stone_button":45,"minecraft:lectern":112,"minecraft:red_terracotta":608,"minecraft:diamond_ore":136,"minecraft:polished_andesite_slab":21,"minecraft:soul_lantern":144,"minecraft:wooden_sword":67,"minecraft:dark_oak_fence":1490,"minecraft:white_stained_glass":3319,"minecraft:ice":1869,"minecraft:gray_stained_glass":316,"minecraft:iron_bars":433,"minecraft:acacia_log":446,"minecraft:brain_coral_fan":8,"minecraft:red_concrete":5672,"minecraft:mycelium":2257,"minecraft:sandstone_wall":83,"minecraft:netherrack":8304,"minecraft:orange_bed":3,"minecraft:light_gray_shulker_box":301,"minecraft:anvil":74,"minecraft:target":25,"minecraft:warped_wart_block":194,"minecraft:twisting_vines":30,"minecraft:crimson_hyphae":320,"minecraft:nether_brick_slab":489,"minecraft:jungle_trapdoor":17,"minecraft:blue_concrete":43,"minecraft:shroomlight":134,"minecraft:red_shulker_box":229,"minecraft:cyan_shulker_box":150,"minecraft:iron_axe":5143,"minecraft:spruce_button":73,"minecraft:slime_block":80,"minecraft:warped_fence":146,"minecraft:smooth_quartz":1,"minecraft:totem_of_undying":7,"minecraft:melon_seeds":24,"minecraft:tripwire_hook":15,"minecraft:purple_concrete":125,"minecraft:glowstone":3,"minecraft:beef":4,"minecraft:iron_trapdoor":2914,"minecraft:magenta_wool":642,"minecraft:acacia_wood":9,"minecraft:crimson_pressure_plate":13,"minecraft:orange_terracotta":949,"minecraft:observer":231,"minecraft:crimson_stem":25,"minecraft:water_bucket":1048,"minecraft:nether_brick_wall":996,"minecraft:sandstone_stairs":6300,"minecraft:yellow_shulker_box":62,"minecraft:smooth_sandstone_slab":5305,"minecraft:lime_wool":1,"minecraft:bubble_coral_fan":2,"minecraft:red_mushroom_block":215,"minecraft:polished_blackstone_bricks":7011,"minecraft:cracked_stone_bricks":9,"minecraft:gilded_blackstone":22,"minecraft:pink_concrete":6,"minecraft:mossy_cobblestone":5,"minecraft:comparator":485,"minecraft:vine":8,"minecraft:tnt":52,"minecraft:crafting_table":278,"minecraft:oak_slab":1488,"minecraft:birch_sign":76,"minecraft:fire_coral":1,"minecraft:dark_oak_fence_gate":1637,"minecraft:lime_shulker_box":65,"minecraft:oak_log":4753,"minecraft:dark_prismarine":34,"minecraft:sunflower":6,"minecraft:iron_pickaxe":600,"minecraft:cyan_concrete":6,"minecraft:crimson_nylium":363,"minecraft:chiseled_stone_bricks":16,"minecraft:cobblestone":5320,"minecraft:red_concrete_powder":4677,"minecraft:sandstone_slab":4688,"minecraft:glass_pane":168,"minecraft:brown_mushroom_block":264,"minecraft:jukebox":1,"minecraft:kelp":517,"minecraft:iron_shovel":4552,"minecraft:oak_sign":74,"minecraft:diamond_hoe":3349,"minecraft:white_concrete_powder":2574,"minecraft:shield":11,"minecraft:white_terracotta":508,"minecraft:iron_sword":2393,"minecraft:purple_shulker_box":12,"minecraft:bell":10,"minecraft:player_head":214,"minecraft:smooth_sandstone_stairs":2077,"minecraft:birch_pressure_plate":88,"minecraft:nether_bricks":4463,"minecraft:carrot":69,"minecraft:milk_bucket":4,"minecraft:red_sandstone_stairs":56,"minecraft:glass":1129,"minecraft:cyan_terracotta":2247,"minecraft:coal_ore":1458,"minecraft:quartz_slab":42,"minecraft:dark_oak_wood":263,"minecraft:gray_concrete_powder":18251,"minecraft:hopper_minecart":22,"minecraft:stone_bricks":132,"minecraft:repeater":979,"minecraft:red_carpet":383,"minecraft:redstone_lamp":213,"minecraft:magma_block":3279,"minecraft:brown_carpet":151,"minecraft:warped_fungus":741,"minecraft:hay_block":42,"minecraft:scaffolding":19736,"minecraft:gray_bed":38,"minecraft:fire_coral_fan":2,"minecraft:polished_blackstone_stairs":1017,"minecraft:chiseled_polished_blackstone":135,"minecraft:dark_oak_stairs":1880,"minecraft:dark_oak_sign":85,"minecraft:birch_leaves":2,"minecraft:birch_wood":149,"minecraft:ender_pearl":2509,"minecraft:redstone_block":1735,"minecraft:yellow_terracotta":55,"minecraft:loom":1,"minecraft:light_gray_terracotta":1415,"minecraft:sponge":887,"minecraft:black_bed":616,"minecraft:blackstone_wall":10,"minecraft:note_block":174,"minecraft:stone_brick_wall":31,"minecraft:shears":34995,"minecraft:redstone_torch":463,"minecraft:black_concrete":39565,"minecraft:gray_shulker_box":446,"minecraft:melon_slice":2,"minecraft:firework_rocket":689,"minecraft:string":86,"minecraft:heavy_weighted_pressure_plate":2,"minecraft:gravel":2040,"minecraft:blackstone_slab":310,"minecraft:jungle_sign":8,"minecraft:smooth_red_sandstone_slab":76,"minecraft:stripped_oak_wood":55,"minecraft:grindstone":694,"minecraft:oak_fence":1034,"minecraft:purpur_block":11,"minecraft:andesite":263,"minecraft:white_concrete":5245,"minecraft:chest_minecart":2,"minecraft:jungle_leaves":53,"minecraft:trident":463,"minecraft:redstone_ore":650,"minecraft:stone_shovel":8,"minecraft:spruce_planks":7488,"minecraft:wooden_shovel":126,"minecraft:oak_door":20,"minecraft:white_carpet":59,"minecraft:hopper":2776,"minecraft:spruce_stairs":3629,"minecraft:cobblestone_wall":78,"minecraft:shulker_box":1547,"minecraft:oak_wood":121,"minecraft:granite":368,"minecraft:birch_door":44,"minecraft:andesite_wall":100,"minecraft:dark_oak_planks":4452,"minecraft:bookshelf":20,"minecraft:acacia_slab":2,"minecraft:polished_blackstone_brick_stairs":1383,"minecraft:crimson_planks":49,"minecraft:light_gray_wool":2,"minecraft:golden_carrot":6585,"minecraft:emerald_block":10,"minecraft:white_stained_glass_pane":1256,"minecraft:brown_bed":21,"minecraft:brain_coral_block":10,"minecraft:cooked_mutton":8,"minecraft:iron_ore":176,"minecraft:glass_bottle":134,"minecraft:polished_andesite":113,"minecraft:andesite_slab":2,"minecraft:black_shulker_box":673,"minecraft:magenta_stained_glass":2,"minecraft:stonecutter":7,"minecraft:beacon":50,"minecraft:cobblestone_slab":10,"minecraft:jungle_wood":24,"minecraft:polished_blackstone_pressure_plate":22,"minecraft:stripped_dark_oak_log":13,"minecraft:terracotta":1584,"minecraft:painting":109,"minecraft:light_gray_concrete_powder":2286,"minecraft:dark_oak_door":52,"minecraft:acacia_stairs":51,"minecraft:apple":47,"minecraft:cracked_polished_blackstone_bricks":46,"minecraft:netherite_axe":42627,"minecraft:fishing_rod":1085,"minecraft:green_shulker_box":114,"minecraft:white_banner":1,"minecraft:jungle_door":1,"minecraft:red_banner":13,"minecraft:bucket":14053,"minecraft:smooth_stone":173,"minecraft:polished_blackstone_button":113,"minecraft:splash_potion":26},"minecraft:crafted":{"minecraft:lime_stained_glass":1032,"minecraft:red_stained_glass_pane":984,"minecraft:black_dye":11487,"minecraft:oak_sign":75,"minecraft:red_sand":24,"minecraft:blaze_powder":110,"minecraft:birch_boat":5,"minecraft:chain":81,"minecraft:diamond_shovel":11,"minecraft:nether_brick":3350,"minecraft:cracked_stone_bricks":73,"minecraft:shulker_box":14,"minecraft:diamond_helmet":14,"minecraft:light_blue_concrete_powder":2176,"minecraft:stone_pressure_plate":1,"minecraft:iron_door":36,"minecraft:black_wool":452,"minecraft:gray_stained_glass":768,"minecraft:white_shulker_box":13,"minecraft:lime_concrete_powder":64,"minecraft:warped_stairs":64,"minecraft:redstone_lamp":47,"minecraft:soul_campfire":21,"minecraft:jungle_boat":7,"minecraft:acacia_slab":96,"minecraft:chest_minecart":2,"minecraft:jungle_pressure_plate":17,"minecraft:smithing_table":5,"minecraft:sticky_piston":64,"minecraft:red_nether_bricks":3,"minecraft:green_stained_glass":448,"minecraft:painting":14,"minecraft:stone_brick_stairs":4,"minecraft:lectern":4,"minecraft:golden_leggings":1,"minecraft:stone_slab":1692,"minecraft:iron_pickaxe":4,"minecraft:sandstone":1104,"minecraft:netherite_ingot":38,"minecraft:composter":51,"minecraft:polished_blackstone_bricks":10672,"minecraft:jungle_sign":6,"minecraft:magenta_wool":729,"minecraft:jukebox":1,"minecraft:orange_shulker_box":60,"minecraft:iron_nugget":7851,"minecraft:crimson_trapdoor":692,"minecraft:diamond_hoe":6,"minecraft:red_banner":10,"minecraft:light_gray_wool":32,"minecraft:polished_blackstone_pressure_plate":97,"minecraft:blue_shulker_box":3,"minecraft:lime_stained_glass_pane":512,"minecraft:spruce_fence":3153,"minecraft:cracked_polished_blackstone_bricks":6,"minecraft:terracotta":791,"minecraft:lantern":796,"minecraft:spruce_stairs":3428,"minecraft:light_gray_shulker_box":25,"minecraft:black_concrete_powder":65400,"minecraft:red_shulker_box":5,"minecraft:stone_pickaxe":1,"minecraft:quartz_slab":114,"minecraft:spruce_boat":5,"minecraft:enchanting_table":1,"minecraft:crimson_slab":186,"minecraft:acacia_trapdoor":1654,"minecraft:light_blue_wool":40,"minecraft:leather_helmet":1,"minecraft:polished_blackstone_stairs":1080,"minecraft:dark_oak_button":49,"minecraft:acacia_stairs":132,"minecraft:red_carpet":396,"minecraft:orange_dye":614,"minecraft:crimson_stairs":64,"minecraft:oak_fence_gate":34,"minecraft:red_stained_glass":8152,"minecraft:warped_sign":111,"minecraft:birch_trapdoor":22,"minecraft:black_stained_glass_pane":304,"minecraft:writable_book":9,"minecraft:iron_shovel":19,"minecraft:armor_stand":4,"minecraft:note_block":190,"minecraft:grindstone":592,"minecraft:cobblestone_slab":42,"minecraft:barrel":359,"minecraft:birch_wood":198,"minecraft:cooked_chicken":2,"minecraft:stone":7766,"minecraft:red_sandstone":309,"minecraft:heavy_weighted_pressure_plate":1,"minecraft:warped_planks":872,"minecraft:cake":1,"minecraft:brown_carpet":189,"minecraft:polished_blackstone_button":132,"minecraft:stone_brick_slab":18,"minecraft:nether_brick_wall":1092,"minecraft:bow":213,"minecraft:comparator":515,"minecraft:chest":5061,"minecraft:polished_basalt":2837,"minecraft:netherite_helmet":3,"minecraft:oak_button":330,"minecraft:jungle_stairs":8,"minecraft:rail":384,"minecraft:bricks":1,"minecraft:birch_button":30,"minecraft:ender_eye":32,"minecraft:stone_bricks":2164,"minecraft:oak_fence":915,"minecraft:golden_boots":1,"minecraft:dropper":105,"minecraft:cauldron":2,"minecraft:chiseled_nether_bricks":1,"minecraft:iron_helmet":3,"minecraft:brown_dye":1615,"minecraft:birch_pressure_plate":116,"minecraft:red_wool":42,"minecraft:chiseled_polished_blackstone":196,"minecraft:white_stained_glass_pane":2336,"minecraft:dispenser":205,"minecraft:tnt":9489,"minecraft:spruce_trapdoor":1892,"minecraft:purple_dye":2,"minecraft:yellow_dye":330,"minecraft:gray_terracotta":3344,"minecraft:stick":20292,"minecraft:iron_ingot":27739,"minecraft:light_blue_shulker_box":53,"minecraft:black_bed":29,"minecraft:dark_oak_fence_gate":1479,"minecraft:oak_door":21,"minecraft:nether_brick_slab":510,"minecraft:fishing_rod":11,"minecraft:stone_brick_wall":1,"minecraft:tripwire_hook":74,"minecraft:netherite_sword":1,"minecraft:leather_boots":18,"minecraft:golden_chestplate":1,"minecraft:spruce_button":104,"minecraft:mossy_stone_bricks":21,"minecraft:blast_furnace":352,"minecraft:furnace":602,"minecraft:piston":128,"minecraft:polished_andesite_slab":18,"minecraft:oak_trapdoor":246,"minecraft:flint_and_steel":10,"minecraft:scaffolding":9672,"minecraft:netherite_chestplate":1,"minecraft:white_concrete_powder":2640,"minecraft:cobblestone_wall":120,"minecraft:brown_shulker_box":43,"minecraft:red_sandstone_stairs":60,"minecraft:blackstone_stairs":12,"minecraft:birch_sign":66,"minecraft:smooth_sandstone_stairs":1636,"minecraft:jungle_wood":18,"minecraft:iron_trapdoor":1510,"minecraft:polished_blackstone_wall":120,"minecraft:purple_shulker_box":2,"minecraft:iron_sword":14,"minecraft:cooked_salmon":189,"minecraft:jungle_planks":22140,"minecraft:jungle_door":3,"minecraft:white_dye":4285,"minecraft:brown_concrete_powder":10392,"minecraft:netherite_shovel":1,"minecraft:black_carpet":396,"minecraft:anvil":17,"minecraft:stonecutter":2,"minecraft:torch":14824,"minecraft:diamond_chestplate":2,"minecraft:ender_chest":20,"minecraft:jungle_button":4,"minecraft:light_gray_concrete_powder":2368,"minecraft:smooth_stone":82,"minecraft:chiseled_red_sandstone":12,"minecraft:cut_sandstone":1796,"minecraft:dark_oak_pressure_plate":3,"minecraft:cut_sandstone_slab":492,"minecraft:dark_oak_wood":321,"minecraft:oak_pressure_plate":5,"minecraft:birch_slab":1425,"minecraft:polished_blackstone_slab":3728,"minecraft:slime_block":79,"minecraft:loom":3,"minecraft:lever":86,"minecraft:bookshelf":24,"minecraft:red_sandstone_wall":6,"minecraft:iron_bars":704,"minecraft:red_concrete_powder":4672,"minecraft:magenta_shulker_box":4,"minecraft:quartz_block":436,"minecraft:glass":1066,"minecraft:repeater":828,"minecraft:diamond_leggings":3,"minecraft:cyan_stained_glass_pane":128,"minecraft:netherite_boots":1,"minecraft:melon_seeds":6,"minecraft:polished_blackstone":15860,"minecraft:acacia_fence":48,"minecraft:birch_door":108,"minecraft:chiseled_quartz_block":6,"minecraft:magenta_dye":1068,"minecraft:gray_bed":1,"minecraft:flower_pot":22,"minecraft:glass_bottle":264,"minecraft:furnace_minecart":10,"minecraft:target":13,"minecraft:wooden_shovel":4,"minecraft:emerald":126,"minecraft:diamond_axe":7,"minecraft:spruce_door":27,"minecraft:oak_wood":120,"minecraft:hay_block":37,"minecraft:campfire":157,"minecraft:tnt_minecart":152,"minecraft:lime_shulker_box":1,"minecraft:green_terracotta":512,"minecraft:compass":32,"minecraft:iron_block":328,"minecraft:gold_ingot":3661,"minecraft:light_gray_dye":534,"minecraft:spruce_fence_gate":255,"minecraft:birch_stairs":840,"minecraft:packed_ice":14,"minecraft:stone_shovel":1,"minecraft:smooth_stone_slab":1470,"minecraft:leather_leggings":1,"minecraft:player_head":893,"minecraft:smooth_red_sandstone_slab":84,"minecraft:bone_meal":167824,"minecraft:andesite_wall":60,"minecraft:pink_dye":28,"minecraft:white_carpet":99,"minecraft:warped_trapdoor":54,"minecraft:diamond":2871,"minecraft:netherite_axe":3,"minecraft:dark_oak_fence":1842,"minecraft:detector_rail":6,"minecraft:ladder":1170,"minecraft:spruce_slab":15584,"minecraft:diamond_boots":14,"minecraft:redstone_block":1945,"minecraft:jungle_fence":63,"minecraft:dark_oak_planks":21410,"minecraft:stripped_crimson_hyphae":6,"minecraft:golden_helmet":1,"minecraft:wheat":315,"minecraft:coal_block":1321,"minecraft:firework_star":1480,"minecraft:cyan_glazed_terracotta":1,"minecraft:daylight_detector":32,"minecraft:crossbow":9,"minecraft:netherite_pickaxe":4,"minecraft:polished_blackstone_brick_slab":3798,"minecraft:dried_kelp":177,"minecraft:red_sandstone_slab":24,"minecraft:magenta_stained_glass":16,"minecraft:gray_concrete_powder":22632,"minecraft:sandstone_slab":4914,"minecraft:glowstone":58,"minecraft:white_stained_glass":3752,"minecraft:jungle_slab":180,"minecraft:sandstone_wall":147,"minecraft:acacia_sign":48,"minecraft:gray_shulker_box":25,"minecraft:cyan_shulker_box":7,"minecraft:oak_stairs":1000,"minecraft:wooden_axe":3,"minecraft:crimson_fence":156,"minecraft:iron_leggings":3,"minecraft:white_bed":11,"minecraft:brick":216,"minecraft:oak_planks":8780,"minecraft:pink_shulker_box":6,"minecraft:sand":64,"minecraft:cobblestone_stairs":16,"minecraft:warped_hyphae":477,"minecraft:spruce_pressure_plate":95,"minecraft:green_dye":395,"minecraft:dark_oak_door":234,"minecraft:hopper":2256,"minecraft:iron_boots":3,"minecraft:written_book":1,"minecraft:blackstone_wall":12,"minecraft:mossy_cobblestone_slab":18,"minecraft:cyan_terracotta":2536,"minecraft:chiseled_stone_bricks":9,"minecraft:quartz_stairs":204,"minecraft:item_frame":114,"minecraft:oak_slab":1230,"minecraft:acacia_wood":12,"minecraft:map":15,"minecraft:crafting_table":135,"minecraft:spruce_planks":59535,"minecraft:wooden_pickaxe":5,"minecraft:gold_block":206,"minecraft:hopper_minecart":22,"minecraft:crimson_pressure_plate":24,"minecraft:brewing_stand":6,"minecraft:birch_planks":4912,"minecraft:black_shulker_box":45,"minecraft:emerald_block":15,"minecraft:dark_oak_slab":3886,"minecraft:iron_chestplate":3,"minecraft:book":93,"minecraft:paper":5474,"minecraft:charcoal":1394,"minecraft:diamond_pickaxe":17,"minecraft:shield":6,"minecraft:warped_slab":198,"minecraft:light_weighted_pressure_plate":64,"minecraft:birch_fence":255,"minecraft:light_blue_dye":542,"minecraft:netherite_hoe":3,"minecraft:leather_chestplate":1,"minecraft:snow_block":69,"minecraft:green_shulker_box":5,"minecraft:redstone_torch":3824,"minecraft:polished_blackstone_brick_stairs":1120,"minecraft:gray_carpet":21,"minecraft:light_gray_carpet":21,"minecraft:shears":126,"minecraft:sandstone_stairs":5000,"minecraft:crimson_hyphae":513,"minecraft:polished_andesite":192,"minecraft:coarse_dirt":532,"minecraft:wooden_sword":12,"minecraft:redstone":9426,"minecraft:coal":12514,"minecraft:stone_button":80,"minecraft:dark_oak_trapdoor":294,"minecraft:jungle_trapdoor":178,"minecraft:gray_dye":4152,"minecraft:dark_oak_sign":102,"minecraft:diamond_block":341,"minecraft:glass_pane":288,"minecraft:warped_fence":153,"minecraft:netherite_leggings":3,"minecraft:yellow_shulker_box":2,"minecraft:black_terracotta":9184,"minecraft:iron_axe":22,"minecraft:spruce_wood":51,"minecraft:iron_hoe":4,"minecraft:slime_ball":144,"minecraft:orange_concrete_powder":1664,"minecraft:lime_dye":114,"minecraft:filled_map":36,"minecraft:chiseled_sandstone":157,"minecraft:minecart":177,"minecraft:observer":64,"minecraft:cooked_beef":178,"minecraft:sugar":7,"minecraft:red_dye":4268,"minecraft:cooked_cod":195,"minecraft:cyan_concrete_powder":72,"minecraft:bone_block":4863,"minecraft:crimson_planks":2664,"minecraft:diamond_sword":6,"minecraft:cyan_dye":742,"minecraft:spruce_sign":249,"minecraft:dark_oak_stairs":2076,"minecraft:pink_concrete_powder":8,"minecraft:powered_rail":1008,"minecraft:activator_rail":60,"minecraft:smooth_sandstone":768,"minecraft:nether_bricks":5852,"minecraft:bucket":1388,"minecraft:stone_axe":4,"minecraft:brown_terracotta":1784,"minecraft:lodestone":1,"minecraft:air":0,"minecraft:bread":82,"minecraft:blue_dye":925,"minecraft:black_stained_glass":1656,"minecraft:oak_boat":61,"minecraft:smooth_sandstone_slab":3936,"minecraft:white_wool":2892,"minecraft:gold_nugget":209,"minecraft:brown_wool":64,"minecraft:nether_wart_block":21,"minecraft:acacia_planks":7480,"minecraft:blackstone_slab":354,"minecraft:lapis_block":393,"minecraft:clay":806,"minecraft:lapis_lazuli":1152,"minecraft:firework_rocket":9727},"minecraft:dropped":{"minecraft:iron_sword":1,"minecraft:porkchop":14,"minecraft:chorus_fruit":1,"minecraft:glass_bottle":34,"minecraft:diamond":489,"minecraft:crafting_table":25,"minecraft:lime_stained_glass":8,"minecraft:cooked_porkchop":6,"minecraft:weeping_vines":251,"minecraft:warped_roots":162,"minecraft:black_bed":2,"minecraft:red_mushroom":144,"minecraft:gold_block":12,"minecraft:gray_concrete":22,"minecraft:birch_fence":19,"minecraft:dark_oak_fence":21,"minecraft:dark_oak_trapdoor":8,"minecraft:netherite_boots":11,"minecraft:gold_nugget":268,"minecraft:writable_book":6,"minecraft:sand":441,"minecraft:dark_oak_planks":56,"minecraft:fishing_rod":6,"minecraft:white_wool":4,"minecraft:stone_axe":1,"minecraft:compass":9,"minecraft:diamond_block":67,"minecraft:lever":2,"minecraft:iron_nugget":142,"minecraft:cooked_chicken":6,"minecraft:wheat":27,"minecraft:netherite_sword":13,"minecraft:obsidian":17,"minecraft:rotten_flesh":1063,"minecraft:oak_planks":83,"minecraft:birch_wood":9,"minecraft:glowstone_dust":51,"minecraft:azure_bluet":1,"minecraft:blue_stained_glass":1,"minecraft:red_mushroom_block":9,"minecraft:coal_ore":22,"minecraft:quartz_block":4,"minecraft:jungle_log":175,"minecraft:leather_boots":22,"minecraft:acacia_sapling":150,"minecraft:leather_leggings":33,"minecraft:glass":6,"minecraft:beef":145,"minecraft:podzol":40,"minecraft:warped_wart_block":2840,"minecraft:acacia_fence":16,"minecraft:brown_concrete":45,"minecraft:golden_boots":36,"minecraft:orange_shulker_box":54,"minecraft:black_dye":17,"minecraft:wheat_seeds":670,"minecraft:smooth_quartz_stairs":1,"minecraft:light_gray_stained_glass_pane":44,"minecraft:book":1,"minecraft:prismarine_crystals":23,"minecraft:red_stained_glass":9,"minecraft:acacia_sign":7,"minecraft:lava_bucket":3,"minecraft:brown_concrete_powder":7,"minecraft:dark_oak_leaves":3,"minecraft:gray_wool":64,"minecraft:ink_sac":46,"minecraft:wooden_axe":4,"minecraft:potion":23,"minecraft:stripped_birch_log":9,"minecraft:white_banner":1,"minecraft:smooth_sandstone_slab":11,"minecraft:jungle_boat":2,"minecraft:red_dye":1,"minecraft:smooth_stone":16,"minecraft:chainmail_leggings":8,"minecraft:smooth_sandstone":12,"minecraft:lily_pad":3,"minecraft:acacia_planks":16,"minecraft:snow_block":90,"minecraft:yellow_concrete_powder":2,"minecraft:soul_soil":471,"minecraft:netherite_hoe":4,"minecraft:player_head":101,"minecraft:cocoa_beans":10,"minecraft:sticky_piston":1,"minecraft:red_banner":1,"minecraft:white_carpet":2,"minecraft:clay_ball":62,"minecraft:iron_boots":8,"minecraft:damaged_anvil":1,"minecraft:name_tag":68,"minecraft:white_terracotta":47,"minecraft:oak_sign":30,"minecraft:shears":8,"minecraft:diamond_sword":6,"minecraft:spruce_boat":3,"minecraft:sea_pickle":5,"minecraft:peony":19,"minecraft:spruce_trapdoor":16,"minecraft:spruce_planks":63,"minecraft:diamond_pickaxe":7,"minecraft:stone_pressure_plate":1,"minecraft:redstone_torch":3,"minecraft:brown_bed":3,"minecraft:barrel":2,"minecraft:bamboo":261,"minecraft:sandstone":1200,"minecraft:bow":415,"minecraft:red_sand":292,"minecraft:crimson_hyphae":142,"minecraft:magma_block":147,"minecraft:terracotta":390,"minecraft:soul_sand":585,"minecraft:warped_fungus":478,"minecraft:oak_log":1304,"minecraft:ender_pearl":29504,"minecraft:dark_oak_sapling":64,"minecraft:jungle_fence":29,"minecraft:leather":128,"minecraft:jungle_planks":21,"minecraft:birch_slab":4,"minecraft:cod":218,"minecraft:cobblestone_stairs":12,"minecraft:cracked_polished_blackstone_bricks":347,"minecraft:dark_oak_log":69,"minecraft:packed_ice":7,"minecraft:ice":1,"minecraft:polished_blackstone_pressure_plate":1,"minecraft:mutton":14,"minecraft:dark_oak_wood":9,"minecraft:snowball":143,"minecraft:black_shulker_box":7,"minecraft:jungle_sign":3,"minecraft:black_concrete":680,"minecraft:gold_ingot":1685,"minecraft:chiseled_polished_blackstone":2,"minecraft:magenta_stained_glass":4,"minecraft:purpur_block":142,"minecraft:twisting_vines":56,"minecraft:soul_lantern":93,"minecraft:cooked_mutton":8,"minecraft:acacia_stairs":5,"minecraft:mycelium":449,"minecraft:mushroom_stem":1,"minecraft:leather_chestplate":20,"minecraft:trident":3,"minecraft:horn_coral_fan":1,"minecraft:acacia_slab":5,"minecraft:iron_ore":18,"minecraft:scaffolding":704,"minecraft:light_gray_concrete_powder":1,"minecraft:splash_potion":17,"minecraft:stone_hoe":1,"minecraft:bread":2,"minecraft:lilac":1,"minecraft:golden_helmet":23,"minecraft:netherite_axe":13,"minecraft:jungle_wood":9,"minecraft:tropical_fish":16,"minecraft:acacia_log":130,"minecraft:acacia_trapdoor":16,"minecraft:spruce_fence_gate":3,"minecraft:iron_block":31,"minecraft:milk_bucket":15,"minecraft:mossy_cobblestone_slab":14,"minecraft:nether_wart_block":1561,"minecraft:white_concrete":59,"minecraft:melon_slice":22,"minecraft:iron_door":2,"minecraft:light_gray_stained_glass":10,"minecraft:fire_charge":34,"minecraft:jungle_leaves":34,"minecraft:cactus":97,"minecraft:redstone_block":192,"minecraft:chiseled_sandstone":1,"minecraft:kelp":358,"minecraft:oak_trapdoor":33,"minecraft:light_gray_terracotta":120,"minecraft:lime_concrete":1,"minecraft:magenta_stained_glass_pane":2,"minecraft:comparator":262,"minecraft:totem_of_undying":3,"minecraft:shulker_box":57,"minecraft:netherite_leggings":7,"minecraft:flint_and_steel":4,"minecraft:gray_terracotta":65,"minecraft:oak_button":70,"minecraft:andesite":306,"minecraft:golden_leggings":34,"minecraft:oak_sapling":875,"minecraft:birch_sign":8,"minecraft:spruce_log":297,"minecraft:wooden_pickaxe":5,"minecraft:magma_cream":89,"minecraft:nautilus_shell":15,"minecraft:brick":28,"minecraft:crimson_stem":142,"minecraft:clay":20,"minecraft:acacia_wood":3,"minecraft:cooked_beef":55,"minecraft:sandstone_stairs":30,"minecraft:crossbow":2,"minecraft:dark_oak_button":6,"minecraft:purpur_stairs":14,"minecraft:bubble_coral_fan":3,"minecraft:elytra":15,"minecraft:rail":63,"minecraft:leather_helmet":25,"minecraft:item_frame":1,"minecraft:light_weighted_pressure_plate":61,"minecraft:melon":3,"minecraft:dirt":1587,"minecraft:grass":23,"minecraft:stone_button":14,"minecraft:jungle_sapling":15,"minecraft:wooden_sword":3,"minecraft:bone_block":32,"minecraft:bone_meal":582,"minecraft:sunflower":2,"minecraft:phantom_membrane":1,"minecraft:sugar":5,"minecraft:gray_dye":63,"minecraft:bone":3106,"minecraft:pink_concrete":1,"minecraft:sugar_cane":250,"minecraft:polished_andesite_slab":8,"minecraft:golden_chestplate":26,"minecraft:nether_brick":332,"minecraft:pink_dye":1,"minecraft:birch_sapling":401,"minecraft:netherite_shovel":12,"minecraft:lime_dye":1,"minecraft:end_stone":5,"minecraft:light_gray_carpet":16,"minecraft:jungle_trapdoor":8,"minecraft:white_bed":1,"minecraft:salmon":21,"minecraft:honey_block":16,"minecraft:hopper":2,"minecraft:ladder":27,"minecraft:yellow_banner":1,"minecraft:white_dye":30,"minecraft:spruce_slab":15,"minecraft:end_stone_bricks":35,"minecraft:campfire":5,"minecraft:ghast_tear":1,"minecraft:egg":4,"minecraft:crimson_planks":1,"minecraft:enchanted_book":6,"minecraft:iron_ingot":56,"minecraft:netherite_pickaxe":22,"minecraft:birch_leaves":982,"minecraft:tnt":4,"minecraft:netherite_helmet":5,"minecraft:purpur_slab":12,"minecraft:oak_fence":73,"minecraft:feather":6,"minecraft:yellow_terracotta":11,"minecraft:cobblestone":2405,"minecraft:apple":505,"minecraft:granite":323,"minecraft:spruce_button":34,"minecraft:spruce_door":7,"minecraft:chainmail_helmet":7,"minecraft:coal":72,"minecraft:pufferfish":9,"minecraft:polished_andesite":3,"minecraft:end_rod":31,"minecraft:oxeye_daisy":29,"minecraft:jungle_slab":2,"minecraft:iron_trapdoor":4,"minecraft:golden_carrot":450,"minecraft:rabbit":7,"minecraft:rose_bush":3,"minecraft:diamond_helmet":4,"minecraft:dead_bush":6,"minecraft:brown_terracotta":103,"minecraft:heart_of_the_sea":1,"minecraft:iron_shovel":1,"minecraft:paper":81,"minecraft:string":939,"minecraft:magenta_shulker_box":1,"minecraft:spruce_sapling":74,"minecraft:purpur_pillar":13,"minecraft:furnace":4,"minecraft:redstone_ore":7,"minecraft:soul_torch":1,"minecraft:netherite_ingot":6,"minecraft:dark_oak_sign":13,"minecraft:smooth_stone_slab":6,"minecraft:bowl":1,"minecraft:diamond_hoe":2,"minecraft:chicken":6,"minecraft:stone_slab":7,"minecraft:light_blue_concrete":9,"minecraft:diamond_ore":64,"minecraft:nether_bricks":154,"minecraft:spruce_fence":5,"minecraft:pumpkin_seeds":136,"minecraft:lily_of_the_valley":1,"minecraft:light_blue_dye":8,"minecraft:potato":23,"minecraft:cobblestone_slab":28,"minecraft:shroomlight":541,"minecraft:stone":3112,"minecraft:wooden_shovel":2,"minecraft:carved_pumpkin":56,"minecraft:spider_eye":80,"minecraft:brown_carpet":18,"minecraft:magenta_concrete_powder":2,"minecraft:rabbit_stew":1,"minecraft:birch_boat":5,"minecraft:dark_prismarine":10,"minecraft:black_wool":1,"minecraft:crimson_nylium":111,"minecraft:gold_ore":4,"minecraft:spruce_sign":22,"minecraft:warped_stem":23,"minecraft:birch_planks":15,"minecraft:brown_mushroom":187,"minecraft:dark_oak_stairs":18,"minecraft:diamond_axe":5,"minecraft:sandstone_slab":63,"minecraft:blue_concrete_powder":2,"minecraft:tube_coral_fan":1,"minecraft:flint":333,"minecraft:spruce_leaves":3,"minecraft:cyan_terracotta":101,"minecraft:dispenser":1,"minecraft:cornflower":5,"minecraft:crimson_roots":185,"minecraft:seagrass":16,"minecraft:cut_sandstone":18,"minecraft:polished_blackstone_bricks":322,"minecraft:birch_log":97,"minecraft:armor_stand":1,"minecraft:gravel":285,"minecraft:white_tulip":1,"minecraft:crimson_fungus":448,"minecraft:blackstone":496,"minecraft:black_terracotta":4,"minecraft:fern":11,"minecraft:diamond_shovel":6,"minecraft:prismarine":3,"minecraft:carrot":10,"minecraft:chainmail_chestplate":6,"minecraft:poppy":82,"minecraft:rabbit_hide":5,"minecraft:gunpowder":632,"minecraft:birch_trapdoor":11,"minecraft:spruce_pressure_plate":12,"minecraft:melon_seeds":25,"minecraft:chainmail_boots":9,"minecraft:chest":7,"minecraft:spruce_wood":15,"minecraft:basalt":3093,"minecraft:arrow":493,"minecraft:powered_rail":5,"minecraft:prismarine_bricks":6,"minecraft:quartz":251,"minecraft:written_book":9,"minecraft:oak_leaves":1013,"minecraft:netherrack":23079,"minecraft:firework_rocket":3531,"minecraft:water_bucket":1,"minecraft:oak_slab":4,"minecraft:mossy_cobblestone":29,"minecraft:diamond_leggings":2,"minecraft:poisonous_potato":2,"minecraft:prismarine_shard":60,"minecraft:lead":20,"minecraft:spectral_arrow":1,"minecraft:nether_brick_wall":7,"minecraft:grass_block":400,"minecraft:stick":12639,"minecraft:diorite":1135,"minecraft:nether_gold_ore":65,"minecraft:torch":328,"minecraft:iron_leggings":1,"minecraft:iron_axe":2,"minecraft:bucket":60,"minecraft:dandelion":87,"minecraft:redstone":6,"minecraft:red_concrete":36,"minecraft:bubble_coral":1,"minecraft:nether_brick_slab":1,"minecraft:anvil":9,"minecraft:warped_nylium":46,"minecraft:ender_chest":4,"minecraft:coarse_dirt":160,"minecraft:blaze_rod":1,"minecraft:wither_skeleton_skull":40,"minecraft:iron_hoe":1,"minecraft:glass_pane":2,"minecraft:acacia_leaves":3,"minecraft:red_terracotta":107,"minecraft:filled_map":2,"minecraft:snow":27,"minecraft:shield":4,"minecraft:black_concrete_powder":128,"minecraft:diamond_chestplate":1,"minecraft:orange_terracotta":288,"minecraft:cake":1,"minecraft:oak_boat":37,"minecraft:golden_sword":2,"minecraft:diamond_boots":22,"minecraft:slime_ball":66,"minecraft:beacon":1,"minecraft:nether_quartz_ore":58,"minecraft:light_blue_shulker_box":15},"minecraft:picked_up":{"minecraft:suspicious_stew":1,"minecraft:red_sandstone_stairs":20,"minecraft:smithing_table":4,"minecraft:lead":72,"minecraft:stone_slab":481,"minecraft:enchanted_book":30,"minecraft:purple_shulker_box":11,"minecraft:blue_concrete":61,"minecraft:music_disc_cat":2,"minecraft:polished_blackstone_brick_stairs":846,"minecraft:string":2930,"minecraft:pufferfish":84,"minecraft:shroomlight":990,"minecraft:diamond_leggings":3,"minecraft:dead_bubble_coral_fan":2,"minecraft:horn_coral_block":11,"minecraft:bubble_coral":1,"minecraft:warped_slab":5,"minecraft:diamond_ore":112,"minecraft:spruce_pressure_plate":180,"minecraft:polished_blackstone_brick_slab":1631,"minecraft:polished_blackstone_stairs":96,"minecraft:jukebox":2,"minecraft:acacia_log":8504,"minecraft:cyan_stained_glass":1,"minecraft:purpur_pillar":28,"minecraft:green_terracotta":1,"minecraft:golden_chestplate":11,"minecraft:gray_shulker_box":439,"minecraft:cyan_stained_glass_pane":9,"minecraft:pink_terracotta":1,"minecraft:brown_carpet":35,"minecraft:yellow_banner":1,"minecraft:orange_bed":3,"minecraft:horn_coral_fan":21,"minecraft:blackstone_wall":4,"minecraft:polished_basalt":579,"minecraft:carved_pumpkin":84,"minecraft:glowstone":36,"minecraft:end_rod":425,"minecraft:white_terracotta":5896,"minecraft:blaze_rod":62,"minecraft:iron_bars":216,"minecraft:snowball":1080,"minecraft:sponge":842,"minecraft:feather":18,"minecraft:cooked_beef":643,"minecraft:water_bucket":9,"minecraft:brown_wool":82,"minecraft:flint":463,"minecraft:cyan_concrete_powder":7,"minecraft:lantern":553,"minecraft:gray_concrete_powder":17788,"minecraft:warped_hyphae":16,"minecraft:stonecutter":7,"minecraft:dark_oak_sign":23,"minecraft:diamond_helmet":7,"minecraft:rabbit":7,"minecraft:chiseled_polished_blackstone":6,"minecraft:stripped_crimson_stem":9,"minecraft:stripped_spruce_log":51,"minecraft:brown_mushroom_block":1614,"minecraft:dead_fire_coral_fan":2,"minecraft:acacia_stairs":49,"minecraft:netherite_block":10,"minecraft:iron_hoe":9,"minecraft:polished_andesite":34,"minecraft:blue_terracotta":36,"minecraft:lever":46,"minecraft:granite":10971,"minecraft:spruce_button":29,"minecraft:golden_horse_armor":1,"minecraft:jack_o_lantern":1,"minecraft:light_gray_carpet":6,"minecraft:crimson_roots":552,"minecraft:diamond_pickaxe":50,"minecraft:bee_nest":1,"minecraft:stripped_warped_hyphae":8,"minecraft:clay_ball":3587,"minecraft:leather_leggings":21,"minecraft:redstone_lamp":110,"minecraft:dragon_head":10,"minecraft:purpur_block":168,"minecraft:fire_coral":1,"minecraft:heavy_weighted_pressure_plate":1,"minecraft:cornflower":23,"minecraft:elytra":97,"minecraft:flint_and_steel":10,"minecraft:white_carpet":4,"minecraft:white_stained_glass":931,"minecraft:glass_pane":108,"minecraft:netherite_sword":56,"minecraft:jungle_sapling":1279,"minecraft:poppy":151,"minecraft:spruce_slab":3462,"minecraft:minecart":54,"minecraft:birch_sapling":4141,"minecraft:piston":86,"minecraft:diamond_hoe":6,"minecraft:lime_shulker_box":66,"minecraft:black_stained_glass":70,"minecraft:stone":133796,"minecraft:fire_charge":233,"minecraft:white_dye":284,"minecraft:netherite_pickaxe":106,"minecraft:cyan_shulker_box":147,"minecraft:jungle_sign":9,"minecraft:diamond_chestplate":5,"minecraft:purpur_slab":19,"minecraft:hay_block":82,"minecraft:yellow_terracotta":9346,"minecraft:totem_of_undying":7,"minecraft:polished_blackstone":397,"minecraft:mutton":70,"minecraft:rail":549,"minecraft:bone_block":1131,"minecraft:oxeye_daisy":43,"minecraft:birch_leaves":1547,"minecraft:yellow_shulker_box":63,"minecraft:smooth_red_sandstone":86,"minecraft:tripwire_hook":28,"minecraft:fern":41,"minecraft:blackstone_slab":123,"minecraft:jungle_fence":12,"minecraft:purpur_stairs":17,"minecraft:lily_pad":57,"minecraft:paper":340,"minecraft:apple":1344,"minecraft:warped_stem":956,"minecraft:oak_fence_gate":54,"minecraft:iron_ore":3233,"minecraft:magenta_stained_glass":4,"minecraft:gray_bed":38,"minecraft:dark_oak_stairs":551,"minecraft:milk_bucket":41,"minecraft:light_gray_stained_glass":14,"minecraft:red_wool":70,"minecraft:lime_concrete":696,"minecraft:crimson_stairs":3,"minecraft:crying_obsidian":172,"minecraft:leather_helmet":40,"minecraft:oak_wood":36,"minecraft:diamond_shovel":31,"minecraft:coal_ore":2441,"minecraft:slime_ball":648,"minecraft:painting":94,"minecraft:birch_sign":66,"minecraft:hopper":582,"minecraft:black_carpet":113,"minecraft:light_blue_concrete":4180,"minecraft:ender_chest":318,"minecraft:gilded_blackstone":59,"minecraft:stone_brick_stairs":6,"minecraft:warped_stairs":1,"minecraft:smooth_red_sandstone_slab":117,"minecraft:red_sand":49707,"minecraft:smooth_stone":1544,"minecraft:comparator":402,"minecraft:bucket":180,"minecraft:light_weighted_pressure_plate":26,"minecraft:red_dye":24,"minecraft:white_tulip":2,"minecraft:rose_bush":2123,"minecraft:cobblestone_slab":30,"minecraft:iron_pickaxe":1,"minecraft:wooden_shovel":1,"minecraft:smooth_quartz":1,"minecraft:smooth_quartz_stairs":2,"minecraft:acacia_fence":5,"minecraft:birch_trapdoor":6,"minecraft:spruce_stairs":1171,"minecraft:netherite_shovel":51,"minecraft:diorite":13641,"minecraft:vine":143,"minecraft:andesite_wall":39,"minecraft:rotten_flesh":1200,"minecraft:brown_shulker_box":494,"minecraft:obsidian":837,"minecraft:blaze_powder":46,"minecraft:cobblestone":51813,"minecraft:enchanting_table":1,"minecraft:leather_chestplate":13,"minecraft:lilac":1,"minecraft:repeater":292,"minecraft:andesite":12512,"minecraft:black_bed":603,"minecraft:golden_leggings":12,"minecraft:beacon":46,"minecraft:potato":712,"minecraft:smooth_sandstone_stairs":838,"minecraft:prismarine_bricks":6,"minecraft:dirt":44253,"minecraft:stripped_birch_log":570,"minecraft:cut_sandstone_slab":123,"minecraft:name_tag":95,"minecraft:glass":466,"minecraft:bone":3209,"minecraft:acacia_planks":140,"minecraft:bow":226,"minecraft:wheat_seeds":3283,"minecraft:birch_wood":9,"minecraft:grindstone":210,"minecraft:netherite_axe":46,"minecraft:mossy_stone_bricks":12,"minecraft:bamboo":22742,"minecraft:cyan_concrete":67,"minecraft:prismarine":14,"minecraft:red_sandstone_wall":3,"minecraft:gray_stained_glass":30,"minecraft:black_stained_glass_pane":36,"minecraft:light_blue_shulker_box":1012,"minecraft:melon":69,"minecraft:grass_block":18786,"minecraft:diamond_block":183,"minecraft:jungle_slab":2,"minecraft:spectral_arrow":423,"minecraft:mossy_cobblestone":102,"minecraft:jungle_leaves":790,"minecraft:light_gray_terracotta":4647,"minecraft:sugar":1,"minecraft:slime_block":61,"minecraft:netherite_helmet":39,"minecraft:soul_lantern":110,"minecraft:cracked_polished_blackstone_bricks":457,"minecraft:crossbow":4,"minecraft:bone_meal":731,"minecraft:grass":55,"minecraft:spruce_sign":64,"minecraft:emerald":21,"minecraft:netherrack":55929,"minecraft:chorus_fruit":117,"minecraft:andesite_slab":2,"minecraft:oak_leaves":123548,"minecraft:azure_bluet":1,"minecraft:splash_potion":38,"minecraft:ladder":930,"minecraft:rabbit_stew":1,"minecraft:brown_mushroom":477,"minecraft:packed_ice":531,"minecraft:stone_brick_wall":18,"minecraft:chain":99,"minecraft:shield":14,"minecraft:brick":144,"minecraft:orange_stained_glass":1,"minecraft:oak_trapdoor":154,"minecraft:mycelium":13225,"minecraft:birch_fence":140,"minecraft:magenta_wool":635,"minecraft:blackstone":96961,"minecraft:blue_orchid":40,"minecraft:lime_wool":2,"minecraft:end_stone":6,"minecraft:note_block":44,"minecraft:polished_blackstone_bricks":930,"minecraft:cookie":100,"minecraft:brown_concrete_powder":5353,"minecraft:trident":8,"minecraft:light_gray_stained_glass_pane":48,"minecraft:brown_dye":1,"minecraft:stone_pressure_plate":2,"minecraft:tube_coral":1,"minecraft:weeping_vines":499,"minecraft:red_shulker_box":231,"minecraft:pumpkin_pie":3,"minecraft:nether_bricks":341,"minecraft:stripped_dark_oak_wood":3,"minecraft:nether_brick_wall":94,"minecraft:netherite_boots":61,"minecraft:jungle_boat":10,"minecraft:basalt":10870,"minecraft:dark_oak_button":8,"minecraft:golden_carrot":2841,"minecraft:leather":1295,"minecraft:ice":301,"minecraft:crimson_fungus":368,"minecraft:chainmail_chestplate":4,"minecraft:cobblestone_wall":32,"minecraft:gunpowder":1694,"minecraft:orange_terracotta":12143,"minecraft:cooked_mutton":74,"minecraft:red_carpet":10,"minecraft:acacia_trapdoor":602,"minecraft:rabbit_hide":5,"minecraft:spruce_wood":9,"minecraft:iron_ingot":334,"minecraft:cooked_chicken":10,"minecraft:polished_andesite_slab":10,"minecraft:dead_horn_coral":2,"minecraft:warped_fungus":309,"minecraft:nether_quartz_ore":549,"minecraft:emerald_block":3,"minecraft:stone_brick_slab":2,"minecraft:quartz":2181,"minecraft:dandelion":155,"minecraft:lava_bucket":32,"minecraft:soul_torch":1,"minecraft:red_banner":4,"minecraft:nether_brick_slab":10,"minecraft:spruce_door":38,"minecraft:light_blue_concrete_powder":1792,"minecraft:pumpkin_seeds":136,"minecraft:white_concrete_powder":2247,"minecraft:chainmail_leggings":2,"minecraft:terracotta":27437,"minecraft:damaged_anvil":6,"minecraft:netherite_hoe":37,"minecraft:dark_oak_wood":153,"minecraft:sunflower":146,"minecraft:wooden_axe":3,"minecraft:seagrass":151,"minecraft:birch_door":10,"minecraft:chainmail_boots":4,"minecraft:flower_pot":12,"minecraft:anvil":55,"minecraft:prismarine_shard":60,"minecraft:diamond_sword":61,"minecraft:oak_stairs":574,"minecraft:brown_bed":27,"minecraft:wither_rose":14,"minecraft:golden_shovel":5,"minecraft:birch_button":5,"minecraft:brewing_stand":7,"minecraft:golden_sword":2,"minecraft:dark_oak_trapdoor":177,"minecraft:soul_soil":2751,"minecraft:cooked_salmon":41,"minecraft:orange_concrete_powder":1472,"minecraft:gold_nugget":343,"minecraft:crimson_fence":5,"minecraft:black_glazed_terracotta":69,"minecraft:spruce_planks":1229,"minecraft:acacia_sign":49,"minecraft:written_book":35,"minecraft:melon_slice":1981,"minecraft:coal_block":167,"minecraft:dark_oak_door":192,"minecraft:golden_helmet":15,"minecraft:crimson_pressure_plate":5,"minecraft:magenta_concrete_powder":3,"minecraft:composter":7,"minecraft:sandstone_wall":58,"minecraft:warped_planks":10,"minecraft:black_dye":3,"minecraft:gray_stained_glass_pane":2,"minecraft:light_blue_wool":76,"minecraft:tropical_fish":46,"minecraft:iron_block":6648,"minecraft:cyan_terracotta":1023,"minecraft:netherite_chestplate":1,"minecraft:blackstone_stairs":1,"minecraft:birch_log":9823,"minecraft:magma_block":8203,"minecraft:mossy_cobblestone_slab":36,"minecraft:iron_door":31,"minecraft:birch_slab":112,"minecraft:jungle_log":16602,"minecraft:acacia_leaves":17,"minecraft:jungle_wood":15,"minecraft:netherite_leggings":39,"minecraft:gray_concrete":2597,"minecraft:light_gray_concrete_powder":147,"minecraft:twisting_vines":139,"minecraft:chipped_anvil":25,"minecraft:gray_terracotta":849,"minecraft:glowstone_dust":281,"minecraft:warped_wart_block":9629,"minecraft:dropper":125,"minecraft:ink_sac":255,"minecraft:dark_oak_log":17289,"minecraft:red_terracotta":5006,"minecraft:barrel":241,"minecraft:quartz_bricks":1,"minecraft:stripped_acacia_log":12,"minecraft:dispenser":31,"minecraft:black_concrete_powder":43648,"minecraft:writable_book":14,"minecraft:chainmail_helmet":1,"minecraft:bread":3,"minecraft:dark_oak_fence":650,"minecraft:spruce_leaves":760,"minecraft:crafting_table":260,"minecraft:coarse_dirt":1741,"minecraft:bubble_coral_fan":5,"minecraft:sandstone_slab":1943,"minecraft:purple_wool":3,"minecraft:nether_wart":1003,"minecraft:crimson_trapdoor":81,"minecraft:jungle_trapdoor":115,"minecraft:red_bed":2,"minecraft:snow":26,"minecraft:compass":13,"minecraft:cracked_stone_bricks":325,"minecraft:beef":552,"minecraft:iron_nugget":956,"minecraft:quartz_stairs":98,"minecraft:chest":811,"minecraft:egg":14,"minecraft:sandstone":56994,"minecraft:oak_door":112,"minecraft:spruce_fence":659,"minecraft:cake":4,"minecraft:carrot":218,"minecraft:redstone":18488,"minecraft:mushroom_stem":703,"minecraft:prismarine_crystals":28,"minecraft:tnt":337,"minecraft:cooked_cod":1,"minecraft:beetroot_seeds":2,"minecraft:peony":19,"minecraft:tube_coral_fan":5,"minecraft:shears":12,"minecraft:diamond_boots":47,"minecraft:sandstone_stairs":1576,"minecraft:warped_sign":8,"minecraft:gold_ingot":1038,"minecraft:white_shulker_box":170,"minecraft:white_wool":4361,"minecraft:crimson_slab":12,"minecraft:lapis_ore":108,"minecraft:stripped_oak_log":96,"minecraft:smooth_red_sandstone_stairs":5,"minecraft:red_mushroom_block":2161,"minecraft:red_mushroom":396,"minecraft:filled_map":303,"minecraft:brown_concrete":1458,"minecraft:oak_log":49351,"minecraft:jungle_button":7,"minecraft:ancient_debris":80,"minecraft:golden_boots":16,"minecraft:white_banner":6,"minecraft:birch_pressure_plate":65,"minecraft:stone_bricks":122,"minecraft:kelp":1741,"minecraft:glass_bottle":9,"minecraft:iron_sword":4,"minecraft:white_stained_glass_pane":34,"minecraft:dark_oak_slab":1225,"minecraft:daylight_detector":100,"minecraft:yellow_concrete":176,"minecraft:gravel":43846,"minecraft:birch_stairs":208,"minecraft:spruce_sapling":1826,"minecraft:spruce_log":19538,"minecraft:sea_lantern":558,"minecraft:firework_rocket":9927,"minecraft:red_stained_glass":509,"minecraft:redstone_ore":1387,"minecraft:diamond_axe":27,"minecraft:gray_wool":249,"minecraft:warped_roots":487,"minecraft:oak_button":86,"minecraft:melon_seeds":85,"minecraft:warped_nylium":719,"minecraft:stripped_dark_oak_log":32,"minecraft:crimson_nylium":682,"minecraft:ender_pearl":35184,"minecraft:shulker_shell":569,"minecraft:wheat":1050,"minecraft:redstone_block":666,"minecraft:iron_trapdoor":698,"minecraft:light_gray_shulker_box":295,"minecraft:dead_horn_coral_fan":1,"minecraft:potion":70,"minecraft:brain_coral_block":15,"minecraft:nether_brick":946,"minecraft:crimson_planks":24,"minecraft:smooth_stone_slab":232,"minecraft:armor_stand":6,"minecraft:sticky_piston":36,"minecraft:netherite_ingot":7,"minecraft:pink_shulker_box":74,"minecraft:oak_sign":75,"minecraft:sea_pickle":15,"minecraft:black_shulker_box":677,"minecraft:dark_oak_leaves":15,"minecraft:redstone_torch":327,"minecraft:iron_boots":14,"minecraft:furnace":350,"minecraft:stick":19557,"minecraft:orange_shulker_box":1770,"minecraft:jungle_door":1,"minecraft:brown_terracotta":7311,"minecraft:oak_fence":651,"minecraft:torch":6660,"minecraft:porkchop":14,"minecraft:snow_block":90,"minecraft:target":22,"minecraft:dead_brain_coral_fan":10,"minecraft:yellow_concrete_powder":2,"minecraft:blue_stained_glass":1,"minecraft:quartz_block":74,"minecraft:nether_gold_ore":98,"minecraft:cactus":865,"minecraft:fire_coral_fan":2,"minecraft:stripped_birch_wood":101,"minecraft:cod":546,"minecraft:nautilus_shell":21,"minecraft:crimson_hyphae":19,"minecraft:jungle_pressure_plate":2,"minecraft:magma_cream":282,"minecraft:chiseled_quartz_block":3,"minecraft:light_gray_dye":13,"minecraft:warped_trapdoor":11,"minecraft:horn_coral":2,"minecraft:wither_skeleton_skull":40,"minecraft:green_shulker_box":113,"minecraft:lapis_lazuli":3872,"minecraft:leather_boots":13,"minecraft:bell":10,"minecraft:light_blue_dye":193,"minecraft:powered_rail":582,"minecraft:oak_planks":1598,"minecraft:stone_hoe":1,"minecraft:brain_coral":1,"minecraft:ghast_tear":103,"minecraft:pink_stained_glass":1,"minecraft:pink_concrete":20,"minecraft:black_terracotta":4240,"minecraft:cooked_porkchop":243,"minecraft:oak_pressure_plate":3,"minecraft:poisonous_potato":2,"minecraft:polished_blackstone_slab":1210,"minecraft:jungle_planks":103,"minecraft:sand":97928,"minecraft:dead_bush":753,"minecraft:lily_of_the_valley":7,"minecraft:cyan_bed":2,"minecraft:chiseled_sandstone":32,"minecraft:shulker_box":1746,"minecraft:dark_prismarine":88,"minecraft:dead_fire_coral":1,"minecraft:spruce_fence_gate":73,"minecraft:clay":33,"minecraft:diamond":1596,"minecraft:spruce_boat":11,"minecraft:black_concrete":11751,"minecraft:polished_blackstone_button":6,"minecraft:white_concrete":2128,"minecraft:chiseled_red_sandstone":12,"minecraft:oak_sapling":11752,"minecraft:bubble_coral_block":5,"minecraft:nether_star":2,"minecraft:end_stone_bricks":177,"minecraft:fishing_rod":49,"minecraft:cocoa_beans":481,"minecraft:charcoal":207,"minecraft:allium":8,"minecraft:chicken":14,"minecraft:wooden_pickaxe":3,"minecraft:gold_block":515,"minecraft:diamond_horse_armor":3,"minecraft:iron_axe":1,"minecraft:orange_concrete":1122,"minecraft:wooden_sword":2,"minecraft:item_frame":178,"minecraft:quartz_slab":90,"minecraft:warped_fence":4,"minecraft:detector_rail":13,"minecraft:oak_boat":116,"minecraft:player_head":450,"minecraft:observer":142,"minecraft:light_gray_wool":3,"minecraft:lectern":117,"minecraft:blue_shulker_box":10,"minecraft:sugar_cane":5610,"minecraft:spruce_trapdoor":632,"minecraft:phantom_membrane":7,"minecraft:dark_oak_sapling":3394,"minecraft:stripped_crimson_hyphae":9,"minecraft:orange_dye":1,"minecraft:red_stained_glass_pane":9,"minecraft:bowl":9,"minecraft:gray_dye":718,"minecraft:stone_button":113,"minecraft:magenta_shulker_box":118,"minecraft:iron_horse_armor":2,"minecraft:dark_oak_planks":1455,"minecraft:smooth_sandstone_slab":2132,"minecraft:arrow":3221,"minecraft:jungle_stairs":2,"minecraft:saddle":17,"minecraft:soul_campfire":9,"minecraft:lime_stained_glass":141,"minecraft:wet_sponge":1335,"minecraft:crimson_stem":1623,"minecraft:salmon":279,"minecraft:cut_sandstone":333,"minecraft:birch_planks":327,"minecraft:nether_wart_block":14001,"minecraft:cobblestone_stairs":17,"minecraft:podzol":390,"minecraft:smooth_sandstone":14744,"minecraft:red_sandstone":49,"minecraft:fire_coral_block":3,"minecraft:heart_of_the_sea":1,"minecraft:stripped_oak_wood":57,"minecraft:acacia_sapling":2433,"minecraft:soul_sand":2899,"minecraft:purple_concrete":215,"minecraft:green_dye":64,"minecraft:book":10,"minecraft:scaffolding":16869,"minecraft:oak_slab":752,"minecraft:red_concrete_powder":4484,"minecraft:birch_boat":11,"minecraft:pumpkin":47,"minecraft:chiseled_stone_bricks":55,"minecraft:magenta_stained_glass_pane":6,"minecraft:brain_coral_fan":8,"minecraft:blast_furnace":81,"minecraft:white_bed":223,"minecraft:gold_ore":1184,"minecraft:dark_oak_fence_gate":248,"minecraft:green_carpet":2,"minecraft:spider_eye":1060,"minecraft:stripped_jungle_log":2,"minecraft:lime_dye":1,"minecraft:campfire":44,"minecraft:honey_block":32,"minecraft:iron_helmet":1,"minecraft:black_wool":94,"minecraft:acacia_slab":4,"minecraft:magenta_concrete":91,"minecraft:red_concrete":2849,"minecraft:coal":17940},"minecraft:broken":{"minecraft:wooden_shovel":2,"minecraft:shears":94,"minecraft:iron_hoe":1,"minecraft:iron_pickaxe":1,"minecraft:iron_shovel":16,"minecraft:diamond_axe":1,"minecraft:iron_sword":6,"minecraft:iron_axe":18,"minecraft:golden_helmet":1,"minecraft:golden_shovel":5,"minecraft:golden_leggings":1,"minecraft:flint_and_steel":2},"minecraft:killed_by":{"minecraft:ravager":1,"minecraft:magma_cube":2,"minecraft:zombie":7,"minecraft:wither":2,"minecraft:skeleton":1,"minecraft:pillager":1,"minecraft:vindicator":7,"minecraft:vex":9,"minecraft:slime":1,"minecraft:guardian":1,"minecraft:wither_skeleton":1,"minecraft:creeper":7,"minecraft:piglin":5,"minecraft:witch":1,"minecraft:player":39,"minecraft:iron_golem":1,"minecraft:hoglin":1},"minecraft:mined":{"minecraft:dragon_wall_head":4,"minecraft:cut_sandstone_slab":127,"minecraft:white_bed":217,"minecraft:red_shulker_box":229,"minecraft:blackstone_stairs":1,"minecraft:fire_coral_wall_fan":1,"minecraft:cyan_shulker_box":146,"minecraft:granite":9732,"minecraft:acacia_log":7742,"minecraft:brown_wool":32,"minecraft:oak_pressure_plate":2,"minecraft:oak_wall_sign":22,"minecraft:nether_wart":330,"minecraft:red_stained_glass_pane":10,"minecraft:spawner":1,"minecraft:polished_blackstone_bricks":869,"minecraft:magma_block":7199,"minecraft:dark_oak_trapdoor":11,"minecraft:barrel":213,"minecraft:fire":487,"minecraft:twisting_vines":7,"minecraft:spruce_pressure_plate":167,"minecraft:green_carpet":2,"minecraft:white_shulker_box":167,"minecraft:spruce_wood":9,"minecraft:player_head":28,"minecraft:tripwire":19,"minecraft:orange_bed":3,"minecraft:jungle_trapdoor":5,"minecraft:jungle_button":3,"minecraft:sandstone_slab":1608,"minecraft:cut_sandstone":338,"minecraft:kelp_plant":188,"minecraft:crimson_nylium":674,"minecraft:torch":1639,"minecraft:note_block":29,"minecraft:dark_oak_wood":107,"minecraft:melon":354,"minecraft:white_stained_glass_pane":43,"minecraft:dead_bush":2156,"minecraft:nether_brick_slab":3,"minecraft:spruce_wall_sign":25,"minecraft:tube_coral_fan":1,"minecraft:lime_shulker_box":65,"minecraft:sugar_cane":3308,"minecraft:birch_sapling":158,"minecraft:white_terracotta":4763,"minecraft:chain":33,"minecraft:repeater":230,"minecraft:jungle_wood":15,"minecraft:jukebox":1,"minecraft:wither_rose":10,"minecraft:grass":1583,"minecraft:birch_button":1,"minecraft:dark_oak_sapling":93,"minecraft:smooth_quartz":1,"minecraft:sandstone_wall":46,"minecraft:acacia_sign":2,"minecraft:stripped_crimson_stem":9,"minecraft:dark_prismarine":22,"minecraft:brown_concrete":274,"minecraft:light_blue_wool":36,"minecraft:mossy_cobblestone":44,"minecraft:nether_brick_wall":87,"minecraft:orange_concrete_powder":2,"minecraft:dark_oak_log":16681,"minecraft:cyan_stained_glass":1,"minecraft:sea_lantern":261,"minecraft:end_stone":2,"minecraft:dark_oak_fence":254,"minecraft:spruce_fence":546,"minecraft:redstone_wire":2189,"minecraft:red_mushroom":36,"minecraft:white_concrete_powder":7,"minecraft:magenta_stained_glass_pane":4,"minecraft:horn_coral":2,"minecraft:redstone_ore":3753,"minecraft:acacia_trapdoor":333,"minecraft:light_blue_concrete_powder":1,"minecraft:pink_concrete":14,"minecraft:andesite":11472,"minecraft:green_terracotta":1,"minecraft:cyan_concrete":67,"minecraft:vine":1230,"minecraft:rail":337,"minecraft:cobblestone_slab":2,"minecraft:brain_coral_wall_fan":6,"minecraft:bone_block":653,"minecraft:fire_coral_block":3,"minecraft:ender_chest":299,"minecraft:birch_stairs":187,"minecraft:oak_slab":573,"minecraft:redstone_block":268,"minecraft:soul_sand":6262,"minecraft:glass_pane":10,"minecraft:lily_of_the_valley":7,"minecraft:dandelion":131,"minecraft:fire_coral":1,"minecraft:cornflower":18,"minecraft:warped_roots":292,"minecraft:crimson_slab":12,"minecraft:campfire":64,"minecraft:tall_grass":91,"minecraft:purpur_pillar":34,"minecraft:brain_coral_fan":3,"minecraft:diorite":11067,"minecraft:warped_wart_block":10247,"minecraft:purple_wool":3,"minecraft:black_stained_glass":101,"minecraft:red_terracotta":4045,"minecraft:coarse_dirt":1679,"minecraft:cobblestone_wall":30,"minecraft:dark_oak_wall_sign":11,"minecraft:dead_bubble_coral_fan":1,"minecraft:purple_concrete":62,"minecraft:dark_oak_button":7,"minecraft:sunflower":4,"minecraft:gravel":42381,"minecraft:cobweb":262,"minecraft:brown_terracotta":5514,"minecraft:birch_sign":2,"minecraft:oak_button":27,"minecraft:polished_blackstone":177,"minecraft:stone_bricks":59,"minecraft:gold_ore":1118,"minecraft:chipped_anvil":23,"minecraft:iron_trapdoor":532,"minecraft:fern":321,"minecraft:stone_pressure_plate":2,"minecraft:oak_sapling":235,"minecraft:farmland":97,"minecraft:brewing_stand":6,"minecraft:spruce_trapdoor":459,"minecraft:dead_horn_coral":2,"minecraft:cracked_polished_blackstone_bricks":500,"minecraft:white_concrete":2008,"minecraft:polished_blackstone_brick_slab":1285,"minecraft:composter":14,"minecraft:gilded_blackstone":63,"minecraft:dragon_head":2,"minecraft:brown_bed":29,"minecraft:iron_bars":107,"minecraft:spruce_slab":1764,"minecraft:netherite_block":8,"minecraft:brown_shulker_box":495,"minecraft:gray_terracotta":565,"minecraft:jungle_door":1,"minecraft:quartz_block":56,"minecraft:orange_terracotta":10708,"minecraft:purpur_stairs":18,"minecraft:light_gray_terracotta":4513,"minecraft:jungle_stairs":3,"minecraft:beacon":44,"minecraft:nether_quartz_ore":2021,"minecraft:oak_planks":1421,"minecraft:wall_torch":505,"minecraft:light_weighted_pressure_plate":9,"minecraft:fire_coral_fan":2,"minecraft:warped_nylium":754,"minecraft:powered_rail":165,"minecraft:dark_oak_slab":630,"minecraft:warped_planks":10,"minecraft:tnt":17,"minecraft:smooth_stone_slab":121,"minecraft:oak_log":28991,"minecraft:dirt":35097,"minecraft:dispenser":25,"minecraft:ancient_debris":80,"minecraft:daylight_detector":72,"minecraft:crying_obsidian":7,"minecraft:quartz_stairs":102,"minecraft:dark_oak_leaves":26285,"minecraft:red_stained_glass":256,"minecraft:lever":12,"minecraft:ladder":150,"minecraft:tube_coral_wall_fan":7,"minecraft:stone_button":32,"minecraft:brown_mushroom_block":2291,"minecraft:soul_campfire":12,"minecraft:birch_slab":58,"minecraft:spruce_leaves":12945,"minecraft:crimson_stem":1556,"minecraft:dead_horn_coral_wall_fan":1,"minecraft:hay_block":83,"minecraft:nether_sprouts":187,"minecraft:polished_basalt":92,"minecraft:light_gray_shulker_box":292,"minecraft:detector_rail":7,"minecraft:gold_block":394,"minecraft:peony":12,"minecraft:bookshelf":2,"minecraft:shroomlight":774,"minecraft:stripped_oak_log":99,"minecraft:wet_sponge":1163,"minecraft:pink_terracotta":1,"minecraft:scaffolding":6651,"minecraft:acacia_leaves":15659,"minecraft:magenta_stained_glass":3,"minecraft:snow_block":16,"minecraft:basalt":35888,"minecraft:stripped_dark_oak_log":32,"minecraft:warped_fence":4,"minecraft:oak_fence":523,"minecraft:gray_stained_glass":38,"minecraft:stone_slab":25,"minecraft:quartz_bricks":1,"minecraft:red_concrete":2567,"minecraft:polished_blackstone_brick_stairs":871,"minecraft:prismarine_bricks":8,"minecraft:birch_planks":270,"minecraft:bubble_coral":1,"minecraft:sea_pickle":8,"minecraft:polished_blackstone_slab":1176,"minecraft:ice":1866,"minecraft:bee_nest":1,"minecraft:grass_path":68,"minecraft:warped_hyphae":20,"minecraft:black_wool":30,"minecraft:dead_brain_coral_wall_fan":3,"minecraft:cocoa":666,"minecraft:flower_pot":6,"minecraft:yellow_concrete":23,"minecraft:purple_shulker_box":11,"minecraft:cracked_stone_bricks":2,"minecraft:dead_bubble_coral_wall_fan":1,"minecraft:mossy_stone_bricks":7,"minecraft:crimson_fence":10,"minecraft:dark_oak_planks":1036,"minecraft:light_blue_concrete":3830,"minecraft:black_terracotta":2097,"minecraft:chiseled_red_sandstone":1,"minecraft:jungle_leaves":20179,"minecraft:obsidian":778,"minecraft:warped_stairs":2,"minecraft:chiseled_polished_blackstone":6,"minecraft:red_sand":48391,"minecraft:smooth_red_sandstone_stairs":5,"minecraft:crimson_trapdoor":81,"minecraft:stone_brick_wall":20,"minecraft:jungle_log":16250,"minecraft:horn_coral_fan":3,"minecraft:coal_block":36,"minecraft:lime_stained_glass":104,"minecraft:purpur_slab":14,"minecraft:bubble_coral_block":5,"minecraft:hopper":390,"minecraft:oxeye_daisy":15,"minecraft:crimson_fungus":119,"minecraft:chiseled_stone_bricks":5,"minecraft:potted_fern":3,"minecraft:weeping_vines_plant":218,"minecraft:orange_concrete":1256,"minecraft:tall_seagrass":16,"minecraft:sticky_piston":25,"minecraft:dead_fire_coral_wall_fan":1,"minecraft:pumpkin":9,"minecraft:stripped_dark_oak_wood":3,"minecraft:enchanting_table":1,"minecraft:lime_stained_glass_pane":1,"minecraft:smooth_red_sandstone":38,"minecraft:oak_sign":5,"minecraft:oak_stairs":232,"minecraft:quartz_slab":24,"minecraft:smooth_sandstone_stairs":791,"minecraft:blue_orchid":40,"minecraft:iron_block":6320,"minecraft:piston_head":8,"minecraft:brown_mushroom":111,"minecraft:red_bed":2,"minecraft:player_wall_head":127,"minecraft:soul_fire":51,"minecraft:blast_furnace":76,"minecraft:dead_brain_coral_fan":7,"minecraft:glass":227,"minecraft:cyan_bed":1,"minecraft:damaged_anvil":5,"minecraft:smooth_sandstone_slab":1780,"minecraft:crimson_stairs":3,"minecraft:spruce_sign":4,"minecraft:black_concrete_powder":2811,"minecraft:light_gray_stained_glass":4,"minecraft:wheat":968,"minecraft:lilac":4,"minecraft:lime_concrete":408,"minecraft:birch_door":4,"minecraft:black_bed":589,"minecraft:warped_fungus":139,"minecraft:stone_brick_stairs":6,"minecraft:oak_fence_gate":54,"minecraft:stripped_birch_wood":93,"minecraft:blue_shulker_box":10,"minecraft:stonecutter":7,"minecraft:red_mushroom_block":2948,"minecraft:piston":45,"minecraft:yellow_terracotta":9379,"minecraft:pink_shulker_box":74,"minecraft:light_gray_stained_glass_pane":3,"minecraft:stripped_birch_log":512,"minecraft:shulker_box":1710,"minecraft:nether_bricks":336,"minecraft:allium":8,"minecraft:jungle_planks":37,"minecraft:crimson_roots":329,"minecraft:orange_shulker_box":1713,"minecraft:magenta_concrete":91,"minecraft:red_sandstone_stairs":20,"minecraft:lime_wool":2,"minecraft:horn_coral_wall_fan":21,"minecraft:kelp":409,"minecraft:black_stained_glass_pane":45,"minecraft:jungle_sapling":149,"minecraft:polished_blackstone_button":4,"minecraft:red_sandstone":10,"minecraft:snow":190,"minecraft:diamond_block":116,"minecraft:warped_wall_sign":8,"minecraft:potatoes":192,"minecraft:magenta_concrete_powder":3,"minecraft:warped_stem":867,"minecraft:bamboo":4969,"minecraft:smooth_quartz_stairs":1,"minecraft:bamboo_sapling":3,"minecraft:warped_trapdoor":11,"minecraft:white_wool":1378,"minecraft:brain_coral":1,"minecraft:smithing_table":4,"minecraft:light_gray_carpet":6,"minecraft:gray_concrete":2363,"minecraft:comparator":40,"minecraft:brown_carpet":18,"minecraft:stone_brick_slab":2,"minecraft:observer":110,"minecraft:jungle_sign":6,"minecraft:smooth_sandstone":9026,"minecraft:light_gray_concrete_powder":188,"minecraft:spruce_button":4,"minecraft:sponge":786,"minecraft:dropper":58,"minecraft:smooth_red_sandstone_slab":94,"minecraft:white_carpet":2,"minecraft:spruce_log":14434,"minecraft:birch_leaves":32926,"minecraft:jungle_fence":7,"minecraft:red_wall_banner":2,"minecraft:mycelium":13459,"minecraft:dark_oak_sign":3,"minecraft:acacia_planks":108,"minecraft:spruce_fence_gate":74,"minecraft:infested_stone":4,"minecraft:black_shulker_box":658,"minecraft:attached_melon_stem":8,"minecraft:spruce_planks":801,"minecraft:jungle_slab":2,"minecraft:cobblestone_stairs":13,"minecraft:stripped_crimson_hyphae":9,"minecraft:grass_block":29824,"minecraft:blue_concrete":6,"minecraft:soul_soil":8533,"minecraft:stripped_warped_hyphae":9,"minecraft:warped_sign":1,"minecraft:sandstone_stairs":1751,"minecraft:smooth_stone":508,"minecraft:glowstone":75,"minecraft:iron_ore":3253,"minecraft:target":18,"minecraft:anvil":45,"minecraft:black_carpet":104,"minecraft:dark_oak_stairs":210,"minecraft:birch_wall_sign":27,"minecraft:jungle_pressure_plate":2,"minecraft:end_stone_bricks":125,"minecraft:brain_coral_block":19,"minecraft:dead_fire_coral":1,"minecraft:blackstone":97327,"minecraft:cyan_terracotta":336,"minecraft:twisting_vines_plant":15,"minecraft:melon_stem":12,"minecraft:soul_lantern":8,"minecraft:chiseled_quartz_block":3,"minecraft:clay":929,"minecraft:dead_fire_coral_fan":1,"minecraft:poppy":136,"minecraft:chest":666,"minecraft:mushroom_stem":752,"minecraft:cobblestone":1297,"minecraft:birch_wood":8,"minecraft:slime_block":50,"minecraft:grindstone":169,"minecraft:prismarine":8,"minecraft:iron_door":4,"minecraft:magenta_shulker_box":117,"minecraft:seagrass":127,"minecraft:acacia_sapling":80,"minecraft:brown_concrete_powder":212,"minecraft:nether_wart_block":14225,"minecraft:birch_log":8328,"minecraft:birch_trapdoor":7,"minecraft:stripped_oak_wood":57,"minecraft:light_gray_wool":1,"minecraft:purpur_block":122,"minecraft:acacia_fence":8,"minecraft:crimson_planks":35,"minecraft:sand":97271,"minecraft:tripwire_hook":2,"minecraft:oak_leaves":156834,"minecraft:netherrack":124567,"minecraft:magenta_wool":638,"minecraft:horn_coral_block":13,"minecraft:emerald_block":3,"minecraft:redstone_lamp":106,"minecraft:nether_gold_ore":307,"minecraft:diamond_ore":577,"minecraft:tube_coral":3,"minecraft:red_carpet":9,"minecraft:blackstone_wall":3,"minecraft:gray_shulker_box":432,"minecraft:gray_stained_glass_pane":2,"minecraft:weeping_vines":119,"minecraft:white_stained_glass":593,"minecraft:polished_andesite_slab":6,"minecraft:sandstone":56753,"minecraft:oak_trapdoor":88,"minecraft:black_glazed_terracotta":69,"minecraft:red_concrete_powder":4,"minecraft:spruce_sapling":81,"minecraft:furnace":229,"minecraft:carrots":62,"minecraft:chiseled_sandstone":21,"minecraft:acacia_stairs":31,"minecraft:stripped_spruce_log":70,"minecraft:dark_oak_fence_gate":177,"minecraft:black_concrete":10755,"minecraft:bell":7,"minecraft:lantern":189,"minecraft:stripped_acacia_log":12,"minecraft:stripped_jungle_log":2,"minecraft:packed_ice":215,"minecraft:stone":190444,"minecraft:yellow_shulker_box":65,"minecraft:redstone_wall_torch":23,"minecraft:birch_pressure_plate":65,"minecraft:podzol":602,"minecraft:light_blue_shulker_box":973,"minecraft:red_wool":71,"minecraft:red_banner":1,"minecraft:crafting_table":230,"minecraft:cyan_stained_glass_pane":10,"minecraft:blackstone_slab":46,"minecraft:oak_wood":37,"minecraft:rose_bush":5,"minecraft:andesite_slab":2,"minecraft:lectern":114,"minecraft:andesite_wall":40,"minecraft:lapis_ore":383,"minecraft:lily_pad":38,"minecraft:spruce_stairs":762,"minecraft:gray_wool":7,"minecraft:cactus":371,"minecraft:gray_concrete_powder":89,"minecraft:green_shulker_box":111,"minecraft:polished_blackstone_stairs":74,"minecraft:redstone_torch":6,"minecraft:gray_bed":36,"minecraft:coal_ore":9238,"minecraft:end_rod":109,"minecraft:bubble_coral_wall_fan":6,"minecraft:terracotta":27064,"minecraft:acacia_wall_sign":30,"minecraft:polished_andesite":30,"minecraft:crimson_hyphae":26,"minecraft:birch_fence":141,"minecraft:warped_slab":5}},"DataVersion":2584}