{"stats":{"minecraft:custom":{"minecraft:interact_with_crafting_table":3656,"minecraft:damage_blocked_by_shield":18970,"minecraft:deaths":90,"minecraft:jump":317383,"minecraft:play_record":22,"minecraft:interact_with_cartography_table":32,"minecraft:interact_with_smoker":70,"minecraft:inspect_dispenser":510,"minecraft:horse_one_cm":367801,"minecraft:inspect_dropper":249,"minecraft:interact_with_anvil":420,"minecraft:inspect_hopper":404,"minecraft:tune_noteblock":65889,"minecraft:time_since_rest":110,"minecraft:swim_one_cm":1660824,"minecraft:open_chest":32136,"minecraft:open_shulker_box":29609,"minecraft:damage_resisted":2213,"minecraft:play_noteblock":38,"minecraft:talked_to_villager":446,"minecraft:interact_with_brewingstand":273,"minecraft:interact_with_beacon":14,"minecraft:fill_cauldron":5,"minecraft:boat_one_cm":2809039,"minecraft:damage_taken":162179,"minecraft:aviate_one_cm":309465062,"minecraft:open_barrel":5200,"minecraft:bell_ring":5,"minecraft:eat_cake_slice":7,"minecraft:leave_game":1330,"minecraft:time_since_death":953736,"minecraft:enchant_item":254,"minecraft:interact_with_furnace":4044,"minecraft:traded_with_villager":548,"minecraft:sleep_in_bed":1324,"minecraft:damage_dealt":1083733,"minecraft:interact_with_smithing_table":38,"minecraft:target_hit":689,"minecraft:sneak_time":1227537,"minecraft:interact_with_lectern":184,"minecraft:interact_with_blast_furnace":237,"minecraft:interact_with_stonecutter":988,"minecraft:fly_one_cm":55953327,"minecraft:fish_caught":565,"minecraft:fall_one_cm":5946354,"minecraft:animals_bred":2394,"minecraft:sprint_one_cm":125178735,"minecraft:drop":5371,"minecraft:walk_on_water_one_cm":2573706,"minecraft:play_one_minute":48713494,"minecraft:interact_with_loom":52,"minecraft:open_enderchest":1856,"minecraft:player_kills":5,"minecraft:crouch_one_cm":3771394,"minecraft:mob_kills":38563,"minecraft:climb_one_cm":7018160,"minecraft:walk_one_cm":167097619,"minecraft:walk_under_water_one_cm":2743420,"minecraft:raid_trigger":2,"minecraft:pot_flower":89,"minecraft:interact_with_grindstone":297,"minecraft:damage_absorbed":200,"minecraft:trigger_trapped_chest":68,"minecraft:minecart_one_cm":52686},"minecraft:killed":{"minecraft:cod":14,"minecraft:tropical_fish":29,"minecraft:parrot":1,"minecraft:salmon":27,"minecraft:iron_golem":137,"minecraft:pillager":53,"minecraft:zombie":2781,"minecraft:vindicator":1,"minecraft:endermite":1,"minecraft:snow_golem":1,"minecraft:husk":76,"minecraft:rabbit":4,"minecraft:zombified_piglin":16050,"minecraft:witch":9,"minecraft:spider":209,"minecraft:bee":5,"minecraft:silverfish":2,"minecraft:piglin_brute":4,"minecraft:piglin":101,"minecraft:zombie_villager":21,"minecraft:sheep":677,"minecraft:trader_llama":15,"minecraft:ghast":738,"minecraft:slime":151,"minecraft:drowned":54,"minecraft:hoglin":27,"minecraft:squid":222,"minecraft:wither_skeleton":15,"minecraft:villager":2,"minecraft:cave_spider":13,"minecraft:dolphin":2,"minecraft:shulker":65,"minecraft:pufferfish":1,"minecraft:skeleton":549,"minecraft:chicken":818,"minecraft:magma_cube":1842,"minecraft:cow":679,"minecraft:wandering_trader":14,"minecraft:enderman":11606,"minecraft:turtle":1,"minecraft:wolf":2,"minecraft:pig":119,"minecraft:creeper":390,"minecraft:blaze":24,"minecraft:phantom":41,"minecraft:llama":65,"minecraft:bat":49},"minecraft:used":{"minecraft:writable_book":68,"minecraft:polished_granite_stairs":60,"minecraft:smooth_quartz_slab":1214,"minecraft:dispenser":184,"minecraft:poppy":12,"minecraft:black_carpet":37046,"minecraft:stone":5428,"minecraft:quartz_stairs":84,"minecraft:warped_sign":8,"minecraft:rotten_flesh":60,"minecraft:tube_coral":3,"minecraft:soul_sand":95,"minecraft:cocoa_beans":77,"minecraft:lily_of_the_valley":10,"minecraft:snowball":2,"minecraft:azure_bluet":1,"minecraft:weeping_vines":9,"minecraft:spruce_boat":5,"minecraft:polished_blackstone_slab":181,"minecraft:jungle_sapling":186,"minecraft:packed_ice":3,"minecraft:quartz_pillar":616,"minecraft:red_wool":227,"minecraft:lava_bucket":1258,"minecraft:lime_banner":1,"minecraft:jungle_fence_gate":34,"minecraft:music_disc_ward":8,"minecraft:quartz_block":176,"minecraft:dark_oak_leaves":23,"minecraft:dark_oak_slab":97,"minecraft:diorite_wall":438,"minecraft:cooked_cod":4,"minecraft:bow":3583,"minecraft:acacia_fence":28,"minecraft:oak_sapling":146,"minecraft:yellow_glazed_terracotta":383,"minecraft:green_stained_glass_pane":1,"minecraft:dark_prismarine_stairs":6,"minecraft:lime_glazed_terracotta":13,"minecraft:mossy_stone_bricks":23,"minecraft:damaged_anvil":13,"minecraft:prismarine":86,"minecraft:lily_pad":2,"minecraft:blackstone":1449,"minecraft:cactus":201,"minecraft:wooden_pickaxe":23,"minecraft:black_glazed_terracotta":74,"minecraft:composter":63,"minecraft:clay":1566,"minecraft:jungle_boat":4,"minecraft:golden_apple":1,"minecraft:cut_sandstone_slab":951,"minecraft:blast_furnace":30,"minecraft:acacia_leaves":165,"minecraft:purple_terracotta":334,"minecraft:chiseled_quartz_block":140,"minecraft:gray_concrete":2604,"minecraft:purple_concrete_powder":66,"minecraft:birch_fence":576,"minecraft:red_sandstone":135,"minecraft:gray_stained_glass_pane":33,"minecraft:birch_slab":324,"minecraft:white_glazed_terracotta":154,"minecraft:oak_pressure_plate":9,"minecraft:cut_red_sandstone":110,"minecraft:coal_block":12,"minecraft:nether_wart_block":25,"minecraft:diamond_sword":18058,"minecraft:smithing_table":6,"minecraft:birch_log":82,"minecraft:oak_boat":54,"minecraft:diorite_slab":317,"minecraft:purple_wool":24,"minecraft:diorite_stairs":94,"minecraft:oak_trapdoor":406,"minecraft:polished_blackstone_brick_slab":297,"minecraft:enchanting_table":9,"minecraft:orange_concrete":278,"minecraft:dead_bush":14,"minecraft:carved_pumpkin":4,"minecraft:armor_stand":366,"minecraft:light_gray_carpet":321,"minecraft:polished_blackstone_wall":78,"minecraft:cooked_salmon":90,"minecraft:torch":6853,"minecraft:orange_stained_glass":2,"minecraft:brewing_stand":9,"minecraft:nether_quartz_ore":368,"minecraft:light_gray_glazed_terracotta":14,"minecraft:yellow_carpet":14849,"minecraft:golden_shovel":26,"minecraft:oak_fence_gate":68,"minecraft:fern":8,"minecraft:mossy_cobblestone_stairs":7,"minecraft:music_disc_mellohi":1,"minecraft:sea_lantern":151,"minecraft:chipped_anvil":20,"minecraft:iron_block":572,"minecraft:light_weighted_pressure_plate":31,"minecraft:jungle_log":499,"minecraft:barrel":259,"minecraft:bamboo":39,"minecraft:lime_concrete":106,"minecraft:basalt":309,"minecraft:magenta_terracotta":148,"minecraft:podzol":134,"minecraft:trapped_chest":3,"minecraft:acacia_planks":58,"minecraft:horn_coral_fan":15,"minecraft:wheat_seeds":6619,"minecraft:warped_stem":1158,"minecraft:light_blue_shulker_box":37,"minecraft:tube_coral_block":14,"minecraft:birch_planks":105,"minecraft:lead":11,"minecraft:blue_concrete_powder":264,"minecraft:cauldron":7,"minecraft:spruce_fence_gate":9,"minecraft:gold_ore":27,"minecraft:diamond_block":43,"minecraft:red_bed":8,"minecraft:light_gray_banner":1,"minecraft:crimson_trapdoor":159,"minecraft:rail":2310,"minecraft:cyan_glazed_terracotta":33,"minecraft:white_bed":7,"minecraft:campfire":118,"minecraft:spruce_log":419,"minecraft:blue_stained_glass_pane":7,"minecraft:acacia_sign":4,"minecraft:diamond_pickaxe":174411,"minecraft:diamond_shovel":99182,"minecraft:warped_trapdoor":394,"minecraft:oak_button":43,"minecraft:magenta_concrete_powder":3529,"minecraft:spruce_trapdoor":449,"minecraft:spruce_sapling":155,"minecraft:blue_carpet":170,"minecraft:pink_bed":16,"minecraft:green_carpet":60,"minecraft:potion":20,"minecraft:orange_banner":2,"minecraft:cooked_porkchop":269,"minecraft:warped_fence_gate":4,"minecraft:andesite_stairs":109,"minecraft:stripped_oak_log":84,"minecraft:dandelion":2,"minecraft:green_stained_glass":1,"minecraft:blue_terracotta":430,"minecraft:red_sand":7,"minecraft:light_gray_stained_glass_pane":402,"minecraft:melon":17,"minecraft:bone_block":277,"minecraft:polished_basalt":3403,"minecraft:nether_wart":65,"minecraft:grass":4,"minecraft:bubble_coral":1,"minecraft:green_terracotta":161,"minecraft:stripped_crimson_stem":114,"minecraft:soul_campfire":3,"minecraft:spruce_leaves":124,"minecraft:orange_glazed_terracotta":28,"minecraft:jungle_planks":143,"minecraft:beehive":7,"minecraft:pink_terracotta":390,"minecraft:music_disc_13":1,"minecraft:obsidian":566,"minecraft:bricks":883,"minecraft:spruce_wood":53,"minecraft:lantern":315,"minecraft:blue_orchid":1,"minecraft:green_wool":468,"minecraft:polished_blackstone_brick_wall":44,"minecraft:warped_nylium":98,"minecraft:light_blue_bed":1,"minecraft:item_frame":699,"minecraft:birch_button":14,"minecraft:birch_trapdoor":256,"minecraft:horn_coral":3,"minecraft:jungle_button":195,"minecraft:written_book":2480,"minecraft:gold_block":937,"minecraft:pink_concrete_powder":47,"minecraft:tube_coral_fan":4,"minecraft:end_rod":1297,"minecraft:dropper":36,"minecraft:gray_carpet":635,"minecraft:stone_pickaxe":556,"minecraft:jungle_fence":142,"minecraft:oak_planks":1122,"minecraft:polished_diorite_slab":881,"minecraft:sandstone":4418,"minecraft:sugar_cane":460,"minecraft:diamond_axe":27663,"minecraft:white_wool":877,"minecraft:light_blue_concrete":221,"minecraft:lime_stained_glass_pane":9,"minecraft:light_blue_wool":115,"minecraft:yellow_concrete":151,"minecraft:crossbow":49,"minecraft:end_stone":432,"minecraft:sticky_piston":139,"minecraft:blue_glazed_terracotta":8,"minecraft:black_terracotta":1289,"minecraft:lever":116,"minecraft:daylight_detector":28,"minecraft:acacia_door":69,"minecraft:dark_oak_log":4,"minecraft:bread":285,"minecraft:brown_wool":1019,"minecraft:iron_door":108,"minecraft:light_blue_concrete_powder":211,"minecraft:pufferfish_bucket":1,"minecraft:cooked_rabbit":6,"minecraft:chain":339,"minecraft:smooth_stone_slab":3669,"minecraft:mossy_cobblestone_wall":20,"minecraft:coarse_dirt":421,"minecraft:bone_meal":2061,"minecraft:orange_concrete_powder":249,"minecraft:netherite_sword":106,"minecraft:rose_bush":11,"minecraft:white_tulip":2,"minecraft:granite_stairs":18,"minecraft:flint_and_steel":29,"minecraft:redstone":1111,"minecraft:dried_kelp":151,"minecraft:ender_chest":33,"minecraft:brown_shulker_box":27,"minecraft:stripped_birch_wood":79,"minecraft:stone_hoe":8,"minecraft:cooked_chicken":332,"minecraft:dried_kelp_block":12,"minecraft:dirt":6570,"minecraft:prismarine_bricks":623,"minecraft:spruce_fence":96,"minecraft:iron_hoe":1517,"minecraft:brown_terracotta":1013,"minecraft:oak_stairs":41,"minecraft:smooth_sandstone":9272,"minecraft:crimson_slab":307,"minecraft:yellow_concrete_powder":192,"minecraft:black_stained_glass":324,"minecraft:lime_stained_glass":2,"minecraft:netherite_pickaxe":76850,"minecraft:minecart":134,"minecraft:cyan_concrete_powder":2443,"minecraft:mossy_stone_brick_wall":20,"minecraft:cooked_beef":1499,"minecraft:pumpkin":40,"minecraft:turtle_egg":25,"minecraft:orange_stained_glass_pane":30,"minecraft:pink_glazed_terracotta":6,"minecraft:cobblestone_stairs":142,"minecraft:snow_block":401,"minecraft:birch_boat":5,"minecraft:purple_glazed_terracotta":78,"minecraft:brown_mushroom":10,"minecraft:cut_sandstone":2377,"minecraft:spruce_sign":143,"minecraft:green_bed":14,"minecraft:magenta_bed":1,"minecraft:red_mushroom":4,"minecraft:brown_glazed_terracotta":32,"minecraft:magenta_carpet":9,"minecraft:warped_planks":52,"minecraft:cyan_stained_glass":19,"minecraft:piston":255,"minecraft:wooden_hoe":33,"minecraft:gray_terracotta":1241,"minecraft:flower_pot":117,"minecraft:black_wool":760,"minecraft:lapis_ore":37,"minecraft:stone_slab":1898,"minecraft:detector_rail":1,"minecraft:magenta_concrete":3805,"minecraft:jungle_stairs":339,"minecraft:stone_axe":253,"minecraft:yellow_wool":253,"minecraft:magenta_banner":6,"minecraft:brown_stained_glass_pane":2,"minecraft:fire_coral_block":9,"minecraft:crimson_fungus":24,"minecraft:pink_shulker_box":24,"minecraft:cyan_stained_glass_pane":26,"minecraft:lapis_block":47,"minecraft:pumpkin_pie":53,"minecraft:wither_rose":2,"minecraft:sea_pickle":58,"minecraft:gray_wool":1802,"minecraft:birch_stairs":130,"minecraft:music_disc_far":3,"minecraft:peony":16,"minecraft:nether_brick_fence":54,"minecraft:polished_blackstone":1219,"minecraft:spruce_slab":181,"minecraft:ladder":485,"minecraft:chest":533,"minecraft:brown_concrete":72,"minecraft:white_shulker_box":31,"minecraft:acacia_button":4,"minecraft:acacia_sapling":190,"minecraft:brick_slab":16,"minecraft:orange_wool":757,"minecraft:blue_stained_glass":11,"minecraft:jungle_slab":860,"minecraft:stripped_spruce_log":12,"minecraft:honey_block":71,"minecraft:black_stained_glass_pane":1847,"minecraft:grass_block":4123,"minecraft:birch_sapling":118,"minecraft:polished_andesite_stairs":258,"minecraft:orange_shulker_box":33,"minecraft:music_disc_chirp":2,"minecraft:blue_banner":16,"minecraft:stone_brick_stairs":70,"minecraft:pink_wool":1166,"minecraft:music_disc_stal":7,"minecraft:snow":31110,"minecraft:red_stained_glass_pane":7,"minecraft:sweet_berries":129,"minecraft:furnace":93,"minecraft:egg":1707,"minecraft:potato":2,"minecraft:dragon_head":1,"minecraft:seagrass":22,"minecraft:brown_concrete_powder":107,"minecraft:light_blue_carpet":215,"minecraft:spruce_door":16,"minecraft:stripped_birch_log":3,"minecraft:diorite":2829,"minecraft:end_stone_bricks":1,"minecraft:brick_wall":8,"minecraft:red_stained_glass":2,"minecraft:acacia_trapdoor":662,"minecraft:powered_rail":486,"minecraft:orange_tulip":2,"minecraft:lime_concrete_powder":105,"minecraft:jungle_pressure_plate":5,"minecraft:purpur_pillar":25,"minecraft:oak_leaves":554,"minecraft:cookie":1,"minecraft:smooth_quartz_stairs":454,"minecraft:dark_oak_trapdoor":375,"minecraft:sand":9074,"minecraft:purpur_stairs":1,"minecraft:smooth_red_sandstone":91,"minecraft:black_concrete_powder":1583,"minecraft:pumpkin_seeds":88,"minecraft:chiseled_sandstone":417,"minecraft:stone_button":61,"minecraft:cyan_carpet":287,"minecraft:lectern":19,"minecraft:red_terracotta":466,"minecraft:diamond_ore":21,"minecraft:polished_granite":399,"minecraft:lilac":15,"minecraft:polished_andesite_slab":2516,"minecraft:soul_lantern":16,"minecraft:magenta_stained_glass_pane":204,"minecraft:dark_oak_fence":8,"minecraft:white_stained_glass":147,"minecraft:bubble_coral_block":9,"minecraft:green_concrete_powder":200,"minecraft:ice":74,"minecraft:iron_bars":930,"minecraft:stone_sword":304,"minecraft:acacia_log":50,"minecraft:brain_coral_fan":11,"minecraft:red_concrete":397,"minecraft:mycelium":293,"minecraft:sandstone_wall":799,"minecraft:netherrack":9464,"minecraft:green_glazed_terracotta":8,"minecraft:orange_bed":5,"minecraft:light_gray_shulker_box":12,"minecraft:anvil":46,"minecraft:target":1,"minecraft:warped_wart_block":22,"minecraft:ancient_debris":2,"minecraft:chorus_flower":16,"minecraft:stone_stairs":213,"minecraft:twisting_vines":9,"minecraft:polished_granite_slab":100,"minecraft:nether_brick_slab":797,"minecraft:jungle_trapdoor":244,"minecraft:blue_concrete":214,"minecraft:nether_brick_stairs":219,"minecraft:polished_diorite":321,"minecraft:shroomlight":93,"minecraft:red_shulker_box":108,"minecraft:cyan_shulker_box":50,"minecraft:spruce_button":13,"minecraft:iron_axe":1423,"minecraft:brick_stairs":25,"minecraft:slime_block":64,"minecraft:smooth_quartz":622,"minecraft:totem_of_undying":2,"minecraft:tripwire_hook":22,"minecraft:purple_concrete":37,"minecraft:glowstone":180,"minecraft:gray_glazed_terracotta":17,"minecraft:iron_trapdoor":453,"minecraft:magenta_wool":34,"minecraft:orange_terracotta":185,"minecraft:observer":139,"minecraft:crimson_stem":188,"minecraft:water_bucket":1772,"minecraft:yellow_banner":20,"minecraft:nether_brick_wall":9,"minecraft:light_blue_glazed_terracotta":15,"minecraft:sandstone_stairs":1543,"minecraft:smooth_sandstone_slab":2161,"minecraft:yellow_shulker_box":22,"minecraft:cartography_table":3,"minecraft:lime_wool":119,"minecraft:bubble_coral_fan":16,"minecraft:red_mushroom_block":1,"minecraft:fletching_table":1,"minecraft:polished_blackstone_bricks":3016,"minecraft:cracked_stone_bricks":437,"minecraft:pink_concrete":38,"minecraft:mossy_cobblestone":43,"minecraft:orange_carpet":338,"minecraft:lime_terracotta":131,"minecraft:comparator":38,"minecraft:vine":153,"minecraft:tnt":46,"minecraft:oak_slab":302,"minecraft:crafting_table":138,"minecraft:birch_sign":137,"minecraft:dark_oak_fence_gate":2,"minecraft:fire_coral":2,"minecraft:cake":1,"minecraft:oak_log":284,"minecraft:dark_prismarine":14,"minecraft:oxeye_daisy":2,"minecraft:iron_pickaxe":2042,"minecraft:cyan_concrete":2244,"minecraft:crimson_nylium":99,"minecraft:chiseled_stone_bricks":160,"minecraft:cobblestone":6730,"minecraft:red_concrete_powder":338,"minecraft:sandstone_slab":4224,"minecraft:glass_pane":858,"minecraft:brown_mushroom_block":228,"minecraft:jukebox":9,"minecraft:kelp":97,"minecraft:light_blue_stained_glass_pane":58,"minecraft:iron_shovel":1999,"minecraft:oak_sign":249,"minecraft:diamond_hoe":1154,"minecraft:white_concrete_powder":933,"minecraft:shield":181,"minecraft:white_terracotta":3129,"minecraft:iron_sword":1512,"minecraft:bell":1,"minecraft:player_head":131,"minecraft:smooth_sandstone_stairs":1595,"minecraft:birch_pressure_plate":5,"minecraft:nether_bricks":1075,"minecraft:prismarine_brick_stairs":4,"minecraft:carrot":417,"minecraft:cyan_wool":160,"minecraft:milk_bucket":5,"minecraft:red_sandstone_stairs":35,"minecraft:glass":3265,"minecraft:cyan_terracotta":525,"minecraft:coal_ore":77,"minecraft:quartz_slab":1277,"minecraft:gray_concrete_powder":4863,"minecraft:crimson_roots":1,"minecraft:hopper_minecart":26,"minecraft:stone_bricks":7515,"minecraft:redstone_lamp":196,"minecraft:repeater":379,"minecraft:red_carpet":6998,"minecraft:magma_block":37,"minecraft:brown_carpet":99,"minecraft:warped_fungus":32,"minecraft:hay_block":161,"minecraft:scaffolding":12793,"minecraft:beetroot_seeds":15,"minecraft:polished_diorite_stairs":609,"minecraft:fire_coral_fan":11,"minecraft:polished_blackstone_stairs":175,"minecraft:stripped_spruce_wood":26,"minecraft:chiseled_polished_blackstone":27,"minecraft:dark_oak_stairs":81,"minecraft:birch_leaves":38,"minecraft:dark_oak_sign":10,"minecraft:birch_wood":9,"minecraft:ender_pearl":94,"minecraft:blue_bed":31,"minecraft:redstone_block":1019,"minecraft:brain_coral":3,"minecraft:yellow_terracotta":435,"minecraft:loom":132,"minecraft:black_banner":5,"minecraft:light_gray_terracotta":722,"minecraft:gray_shulker_box":120,"minecraft:black_bed":17,"minecraft:blackstone_wall":136,"minecraft:note_block":84,"minecraft:stone_brick_wall":904,"minecraft:melon_slice":3,"minecraft:shears":9677,"minecraft:firework_rocket":371,"minecraft:string":86,"minecraft:cyan_bed":6,"minecraft:green_concrete":152,"minecraft:redstone_torch":239,"minecraft:birch_fence_gate":254,"minecraft:heavy_weighted_pressure_plate":314,"minecraft:lime_carpet":4,"minecraft:black_concrete":1039,"minecraft:light_gray_concrete":335,"minecraft:brown_stained_glass":41,"minecraft:gravel":948,"minecraft:blackstone_slab":174,"minecraft:granite_slab":62,"minecraft:jungle_sign":38,"minecraft:stripped_oak_wood":25,"minecraft:grindstone":19,"minecraft:andesite":1712,"minecraft:oak_fence":547,"minecraft:white_concrete":1003,"minecraft:tropical_fish_bucket":21,"minecraft:cobweb":17,"minecraft:purpur_block":27,"minecraft:jungle_leaves":1493,"minecraft:trident":305,"minecraft:redstone_ore":167,"minecraft:stone_shovel":243,"minecraft:light_blue_terracotta":373,"minecraft:spruce_planks":437,"minecraft:oak_door":10,"minecraft:white_carpet":4192,"minecraft:hopper":129,"minecraft:spruce_stairs":185,"minecraft:cobblestone_wall":93,"minecraft:shulker_box":1524,"minecraft:oak_wood":78,"minecraft:pink_carpet":25,"minecraft:granite":766,"minecraft:light_blue_stained_glass":2,"minecraft:birch_door":8,"minecraft:andesite_wall":376,"minecraft:purple_stained_glass_pane":8,"minecraft:stone_brick_slab":1504,"minecraft:dark_oak_planks":101,"minecraft:yellow_stained_glass":16,"minecraft:bookshelf":555,"minecraft:acacia_slab":212,"minecraft:polished_blackstone_brick_stairs":69,"minecraft:crimson_planks":21,"minecraft:light_gray_wool":851,"minecraft:golden_carrot":108,"minecraft:white_stained_glass_pane":641,"minecraft:cyan_banner":1,"minecraft:granite_wall":24,"minecraft:stone_pressure_plate":76,"minecraft:horn_coral_block":12,"minecraft:brain_coral_block":11,"minecraft:cooked_mutton":1883,"minecraft:acacia_boat":3,"minecraft:pink_tulip":9,"minecraft:iron_ore":8,"minecraft:glass_bottle":114,"minecraft:polished_andesite":1766,"minecraft:blue_wool":23,"minecraft:andesite_slab":1128,"minecraft:black_shulker_box":97,"minecraft:chiseled_nether_bricks":81,"minecraft:magenta_stained_glass":71,"minecraft:stonecutter":151,"minecraft:beacon":5,"minecraft:red_glazed_terracotta":321,"minecraft:cobblestone_slab":2021,"minecraft:jungle_wood":222,"minecraft:polished_blackstone_pressure_plate":23,"minecraft:terracotta":575,"minecraft:lime_bed":17,"minecraft:brown_banner":1,"minecraft:yellow_stained_glass_pane":11,"minecraft:smoker":7,"minecraft:acacia_stairs":1990,"minecraft:light_gray_concrete_powder":281,"minecraft:nether_gold_ore":3,"minecraft:painting":306,"minecraft:smooth_red_sandstone_stairs":5,"minecraft:dark_oak_door":21,"minecraft:purple_stained_glass":67,"minecraft:apple":1,"minecraft:cracked_polished_blackstone_bricks":242,"minecraft:map":12,"minecraft:cracked_nether_bricks":77,"minecraft:fishing_rod":1623,"minecraft:green_shulker_box":8,"minecraft:white_banner":47,"minecraft:jungle_door":60,"minecraft:bucket":3087,"minecraft:yellow_bed":4,"minecraft:smooth_stone":3552,"minecraft:polished_blackstone_button":62,"minecraft:purple_carpet":2,"minecraft:splash_potion":11},"minecraft:crafted":{"minecraft:lime_stained_glass":16,"minecraft:red_stained_glass_pane":16,"minecraft:black_dye":841,"minecraft:yellow_wool":30,"minecraft:oak_sign":84,"minecraft:blaze_powder":24,"minecraft:chain":265,"minecraft:blue_stained_glass_pane":16,"minecraft:diorite_stairs":66,"minecraft:diamond_shovel":4,"minecraft:cracked_stone_bricks":376,"minecraft:nether_brick":6583,"minecraft:gray_wool":15,"minecraft:shulker_box":55,"minecraft:diamond_helmet":3,"minecraft:white_glazed_terracotta":128,"minecraft:magenta_concrete_powder":3528,"minecraft:light_blue_concrete_powder":208,"minecraft:stone_pressure_plate":26,"minecraft:iron_door":72,"minecraft:gray_stained_glass_pane":32,"minecraft:cyan_banner":1,"minecraft:dried_kelp_block":13,"minecraft:bubble_coral_block":1,"minecraft:white_shulker_box":3,"minecraft:lime_concrete_powder":104,"minecraft:blue_stained_glass":24,"minecraft:redstone_lamp":185,"minecraft:end_rod":64,"minecraft:soul_campfire":3,"minecraft:polished_andesite_stairs":4,"minecraft:acacia_slab":192,"minecraft:smooth_red_sandstone_stairs":10,"minecraft:jungle_pressure_plate":3,"minecraft:green_bed":5,"minecraft:lime_banner":1,"minecraft:smithing_table":2,"minecraft:mossy_cobblestone":20,"minecraft:nether_brick_fence":84,"minecraft:sticky_piston":85,"minecraft:fletching_table":2,"minecraft:green_stained_glass":24,"minecraft:painting":61,"minecraft:cartography_table":2,"minecraft:stone_brick_stairs":59,"minecraft:lectern":15,"minecraft:wooden_hoe":1,"minecraft:golden_leggings":10,"minecraft:stone_slab":138,"minecraft:iron_pickaxe":9,"minecraft:acacia_door":54,"minecraft:sandstone":1605,"minecraft:netherite_ingot":21,"minecraft:composter":30,"minecraft:tube_coral_block":1,"minecraft:cyan_wool":8,"minecraft:jungle_sign":24,"minecraft:golden_carrot":46,"minecraft:jukebox":20,"minecraft:orange_shulker_box":6,"minecraft:iron_nugget":2368,"minecraft:crimson_trapdoor":138,"minecraft:diamond_hoe":2,"minecraft:soul_torch":16,"minecraft:polished_blackstone_pressure_plate":43,"minecraft:lime_stained_glass_pane":16,"minecraft:spruce_fence":30,"minecraft:cracked_polished_blackstone_bricks":128,"minecraft:stone_stairs":95,"minecraft:brain_coral_block":2,"minecraft:lantern":165,"minecraft:spruce_stairs":148,"minecraft:light_gray_shulker_box":4,"minecraft:polished_diorite":128,"minecraft:stripped_birch_wood":51,"minecraft:black_concrete_powder":1528,"minecraft:red_shulker_box":5,"minecraft:stone_pickaxe":34,"minecraft:quartz_slab":72,"minecraft:spruce_boat":2,"minecraft:purple_carpet":60,"minecraft:lead":108,"minecraft:chainmail_leggings":3,"minecraft:light_gray_terracotta":184,"minecraft:light_blue_glazed_terracotta":14,"minecraft:enchanting_table":2,"minecraft:cyan_bed":4,"minecraft:crimson_slab":300,"minecraft:acacia_trapdoor":542,"minecraft:yellow_stained_glass_pane":32,"minecraft:leather_helmet":129,"minecraft:polished_blackstone_stairs":55,"minecraft:acacia_stairs":1704,"minecraft:red_carpet":7017,"minecraft:orange_dye":74,"minecraft:light_blue_carpet":276,"minecraft:magenta_glazed_terracotta":12,"minecraft:oak_fence_gate":44,"minecraft:soul_lantern":13,"minecraft:red_stained_glass":8,"minecraft:warped_sign":6,"minecraft:chainmail_boots":5,"minecraft:fermented_spider_eye":58,"minecraft:black_glazed_terracotta":67,"minecraft:birch_trapdoor":136,"minecraft:black_stained_glass_pane":1824,"minecraft:writable_book":13,"minecraft:iron_shovel":11,"minecraft:armor_stand":137,"minecraft:note_block":871,"minecraft:pink_terracotta":376,"minecraft:grindstone":9,"minecraft:cobblestone_slab":144,"minecraft:barrel":87,"minecraft:birch_wood":9,"minecraft:magenta_banner":5,"minecraft:cooked_chicken":184,"minecraft:stone":418,"minecraft:snow":144,"minecraft:red_sandstone":315,"minecraft:pink_carpet":66,"minecraft:heavy_weighted_pressure_plate":263,"minecraft:quartz_pillar":2,"minecraft:warped_planks":1308,"minecraft:polished_blackstone_button":64,"minecraft:brown_carpet":111,"minecraft:cake":1,"minecraft:stone_brick_slab":14,"minecraft:brown_stained_glass":48,"minecraft:nether_brick_wall":6,"minecraft:orange_stained_glass_pane":48,"minecraft:bow":86,"minecraft:comparator":14,"minecraft:chest":416,"minecraft:polished_basalt":528,"minecraft:oak_button":20,"minecraft:yellow_terracotta":472,"minecraft:jungle_stairs":240,"minecraft:rail":1184,"minecraft:blue_concrete_powder":352,"minecraft:bricks":647,"minecraft:birch_button":14,"minecraft:ender_eye":7,"minecraft:stone_bricks":6236,"minecraft:oak_fence":267,"minecraft:golden_boots":6,"minecraft:white_banner":42,"minecraft:dropper":15,"minecraft:arrow":1088,"minecraft:cauldron":4,"minecraft:chiseled_nether_bricks":36,"minecraft:lime_terracotta":96,"minecraft:iron_helmet":4,"minecraft:brown_dye":128,"minecraft:birch_pressure_plate":2,"minecraft:chainmail_chestplate":2,"minecraft:red_wool":4,"minecraft:acacia_button":38,"minecraft:white_stained_glass_pane":432,"minecraft:yellow_stained_glass":24,"minecraft:creeper_banner_pattern":1,"minecraft:dispenser":84,"minecraft:green_glazed_terracotta":8,"minecraft:tnt":79,"minecraft:spruce_trapdoor":204,"minecraft:yellow_dye":191,"minecraft:purple_dye":352,"minecraft:warped_fence_gate":2,"minecraft:netherite_block":1,"minecraft:gray_terracotta":872,"minecraft:stick":15635,"minecraft:iron_ingot":8588,"minecraft:andesite_stairs":193,"minecraft:light_blue_shulker_box":7,"minecraft:light_blue_stained_glass":24,"minecraft:black_bed":1,"minecraft:lime_carpet":57,"minecraft:cyan_carpet":285,"minecraft:dark_oak_fence_gate":1,"minecraft:blue_terracotta":272,"minecraft:orange_glazed_terracotta":64,"minecraft:oak_door":9,"minecraft:tripwire_hook":10,"minecraft:stone_brick_wall":12,"minecraft:fishing_rod":11,"minecraft:netherite_sword":1,"minecraft:leather_boots":17,"minecraft:golden_chestplate":10,"minecraft:spruce_button":3,"minecraft:mossy_stone_bricks":49,"minecraft:blast_furnace":22,"minecraft:furnace":68,"minecraft:piston":101,"minecraft:mushroom_stew":1,"minecraft:magenta_stained_glass_pane":176,"minecraft:polished_andesite_slab":42,"minecraft:oak_trapdoor":212,"minecraft:flint_and_steel":4,"minecraft:scaffolding":264,"minecraft:white_concrete_powder":880,"minecraft:polished_granite_stairs":1,"minecraft:orange_terracotta":80,"minecraft:cobblestone_wall":48,"minecraft:brown_shulker_box":1,"minecraft:smooth_quartz_slab":602,"minecraft:purpur_block":4,"minecraft:birch_sign":54,"minecraft:glistering_melon_slice":26,"minecraft:smooth_sandstone_stairs":70,"minecraft:purple_terracotta":320,"minecraft:light_blue_stained_glass_pane":48,"minecraft:jungle_wood":186,"minecraft:iron_trapdoor":344,"minecraft:purple_stained_glass":96,"minecraft:stripped_spruce_wood":9,"minecraft:diorite_wall":105,"minecraft:iron_sword":6,"minecraft:black_banner":2,"minecraft:cooked_salmon":64,"minecraft:acacia_boat":1,"minecraft:jungle_planks":11232,"minecraft:jungle_door":63,"minecraft:white_dye":1024,"minecraft:brown_concrete_powder":104,"minecraft:black_carpet":16453,"minecraft:blue_wool":3,"minecraft:anvil":20,"minecraft:stonecutter":7,"minecraft:cut_red_sandstone":210,"minecraft:torch":5280,"minecraft:orange_bed":5,"minecraft:magenta_carpet":63,"minecraft:diamond_chestplate":4,"minecraft:ender_chest":7,"minecraft:jungle_button":161,"minecraft:light_gray_concrete_powder":224,"minecraft:smooth_stone":4475,"minecraft:jungle_fence_gate":20,"minecraft:orange_carpet":342,"minecraft:pink_bed":10,"minecraft:orange_stained_glass":24,"minecraft:oak_pressure_plate":7,"minecraft:birch_slab":162,"minecraft:horn_coral_block":1,"minecraft:loom":100,"minecraft:lever":79,"minecraft:lime_glazed_terracotta":12,"minecraft:bookshelf":279,"minecraft:dark_prismarine_stairs":10,"minecraft:cooked_mutton":1079,"minecraft:iron_bars":752,"minecraft:red_concrete_powder":344,"minecraft:quartz_block":2754,"minecraft:glass":4102,"minecraft:light_blue_terracotta":216,"minecraft:repeater":193,"minecraft:diamond_leggings":2,"minecraft:cyan_stained_glass_pane":16,"minecraft:birch_fence_gate":241,"minecraft:polished_blackstone":1,"minecraft:acacia_fence":21,"minecraft:birch_door":12,"minecraft:chiseled_quartz_block":1,"minecraft:magenta_dye":489,"minecraft:cooked_rabbit":4,"minecraft:flower_pot":73,"minecraft:glass_bottle":114,"minecraft:target":1,"minecraft:wooden_shovel":1,"minecraft:emerald":515,"minecraft:smooth_quartz":1010,"minecraft:cooked_porkchop":324,"minecraft:diamond_axe":4,"minecraft:spruce_door":12,"minecraft:oak_wood":15,"minecraft:hay_block":3127,"minecraft:campfire":81,"minecraft:brown_banner":1,"minecraft:lime_bed":4,"minecraft:green_terracotta":136,"minecraft:compass":412,"minecraft:white_terracotta":1256,"minecraft:iron_block":1246,"minecraft:light_blue_bed":1,"minecraft:gold_ingot":9812,"minecraft:light_gray_dye":110,"minecraft:spruce_fence_gate":9,"minecraft:birch_stairs":132,"minecraft:packed_ice":1,"minecraft:yellow_concrete_powder":184,"minecraft:rabbit_stew":1,"minecraft:stone_shovel":30,"minecraft:smooth_stone_slab":6,"minecraft:leather_leggings":25,"minecraft:player_head":852,"minecraft:globe_banner_pattern":3,"minecraft:mossy_cobblestone_stairs":4,"minecraft:yellow_bed":4,"minecraft:red_terracotta":384,"minecraft:bone_meal":2982,"minecraft:cyan_stained_glass":24,"minecraft:andesite_wall":10,"minecraft:pink_dye":309,"minecraft:white_carpet":2301,"minecraft:warped_trapdoor":384,"minecraft:diamond":324,"minecraft:dark_oak_fence":9,"minecraft:ladder":348,"minecraft:yellow_glazed_terracotta":305,"minecraft:blue_banner":18,"minecraft:spruce_slab":324,"minecraft:diamond_boots":3,"minecraft:red_glazed_terracotta":262,"minecraft:cracked_nether_bricks":72,"minecraft:redstone_block":1224,"minecraft:jungle_fence":90,"minecraft:dark_oak_planks":1608,"minecraft:golden_helmet":11,"minecraft:wheat":1899,"minecraft:coal_block":460,"minecraft:cyan_glazed_terracotta":32,"minecraft:daylight_detector":13,"minecraft:dried_kelp":126,"minecraft:magenta_stained_glass":136,"minecraft:red_bed":1,"minecraft:blue_bed":6,"minecraft:gray_concrete_powder":3688,"minecraft:glowstone":21,"minecraft:white_stained_glass":280,"minecraft:green_stained_glass_pane":16,"minecraft:jungle_slab":582,"minecraft:sandstone_wall":33,"minecraft:golden_apple":2,"minecraft:acacia_sign":3,"minecraft:andesite_slab":120,"minecraft:gray_shulker_box":6,"minecraft:oak_stairs":32,"minecraft:iron_leggings":2,"minecraft:white_bed":3,"minecraft:light_gray_glazed_terracotta":16,"minecraft:blue_carpet":205,"minecraft:brick":2674,"minecraft:oak_planks":6324,"minecraft:pink_shulker_box":1,"minecraft:purple_glazed_terracotta":48,"minecraft:flower_banner_pattern":1,"minecraft:suspicious_stew":1,"minecraft:green_dye":294,"minecraft:dark_oak_door":12,"minecraft:hopper":113,"minecraft:iron_boots":3,"minecraft:written_book":4,"minecraft:blackstone_wall":6,"minecraft:cyan_terracotta":360,"minecraft:yellow_banner":12,"minecraft:stone_hoe":1,"minecraft:smoker":4,"minecraft:smooth_red_sandstone":64,"minecraft:quartz_stairs":5,"minecraft:item_frame":1166,"minecraft:oak_slab":354,"minecraft:map":320,"minecraft:crafting_table":33,"minecraft:spruce_planks":5344,"minecraft:brown_stained_glass_pane":16,"minecraft:wooden_pickaxe":2,"minecraft:baked_potato":1,"minecraft:light_gray_banner":1,"minecraft:gold_block":1058,"minecraft:hopper_minecart":26,"minecraft:brewing_stand":4,"minecraft:birch_planks":3395,"minecraft:pumpkin_seeds":104,"minecraft:black_shulker_box":1,"minecraft:brown_glazed_terracotta":34,"minecraft:emerald_block":27,"minecraft:dark_oak_slab":126,"minecraft:book":876,"minecraft:iron_chestplate":5,"minecraft:paper":8321,"minecraft:charcoal":16,"minecraft:diamond_pickaxe":8,"minecraft:shield":11,"minecraft:light_weighted_pressure_plate":23,"minecraft:birch_fence":468,"minecraft:light_blue_dye":86,"minecraft:leather_chestplate":43,"minecraft:stone_sword":4,"minecraft:snow_block":24,"minecraft:redstone_torch":560,"minecraft:gray_carpet":618,"minecraft:light_gray_carpet":375,"minecraft:shears":501,"minecraft:green_carpet":75,"minecraft:sandstone_stairs":133,"minecraft:polished_andesite":1750,"minecraft:coarse_dirt":340,"minecraft:gray_glazed_terracotta":8,"minecraft:redstone":4276,"minecraft:coal":3906,"minecraft:popped_chorus_fruit":20,"minecraft:stone_button":23,"minecraft:dark_oak_trapdoor":186,"minecraft:jungle_trapdoor":136,"minecraft:gray_dye":660,"minecraft:dark_oak_sign":6,"minecraft:diamond_block":220,"minecraft:glass_pane":1008,"minecraft:netherite_leggings":1,"minecraft:yellow_shulker_box":1,"minecraft:iron_axe":6,"minecraft:black_terracotta":760,"minecraft:green_concrete_powder":200,"minecraft:spruce_wood":12,"minecraft:iron_hoe":6,"minecraft:orange_concrete_powder":248,"minecraft:lime_dye":56,"minecraft:pink_glazed_terracotta":3,"minecraft:filled_map":422,"minecraft:netherite_scrap":84,"minecraft:orange_banner":1,"minecraft:minecart":71,"minecraft:blue_glazed_terracotta":8,"minecraft:observer":63,"minecraft:cooked_beef":744,"minecraft:sugar":63,"minecraft:red_dye":713,"minecraft:cyan_concrete_powder":2424,"minecraft:magenta_bed":1,"minecraft:bone_block":55,"minecraft:crimson_planks":572,"minecraft:diamond_sword":3,"minecraft:cyan_dye":406,"minecraft:spruce_sign":69,"minecraft:dark_oak_stairs":88,"minecraft:pink_concrete_powder":48,"minecraft:powered_rail":630,"minecraft:yellow_carpet":14463,"minecraft:smooth_sandstone":7558,"minecraft:bowl":4,"minecraft:nether_bricks":1616,"minecraft:bucket":55,"minecraft:stone_axe":5,"minecraft:brown_terracotta":696,"minecraft:mossy_cobblestone_wall":6,"minecraft:air":0,"minecraft:bread":216,"minecraft:blue_dye":552,"minecraft:black_stained_glass":992,"minecraft:oak_boat":4,"minecraft:magenta_terracotta":144,"minecraft:white_wool":16,"minecraft:gold_nugget":680,"minecraft:brown_wool":2,"minecraft:nether_wart_block":1,"minecraft:pumpkin_pie":16,"minecraft:acacia_planks":5272,"minecraft:purple_concrete_powder":64,"minecraft:lapis_block":374,"minecraft:clay":2,"minecraft:lapis_lazuli":1094,"minecraft:trapped_chest":1,"minecraft:firework_rocket":7590},"minecraft:dropped":{"minecraft:iron_sword":8,"minecraft:porkchop":24,"minecraft:lapis_lazuli":89,"minecraft:cyan_glazed_terracotta":1,"minecraft:glass_bottle":21,"minecraft:diamond":95,"minecraft:crafting_table":5,"minecraft:cooked_porkchop":1,"minecraft:red_sandstone":59,"minecraft:warped_roots":23,"minecraft:red_mushroom":2,"minecraft:gold_block":65,"minecraft:gray_concrete":32,"minecraft:birch_fence":25,"minecraft:dark_oak_fence":7,"minecraft:writable_book":1,"minecraft:gold_nugget":71,"minecraft:sand":320,"minecraft:birch_stairs":12,"minecraft:dark_oak_planks":6,"minecraft:fishing_rod":4,"minecraft:white_wool":4,"minecraft:compass":18,"minecraft:diamond_block":88,"minecraft:ancient_debris":1,"minecraft:lever":1,"minecraft:iron_nugget":7,"minecraft:cooked_chicken":2,"minecraft:black_carpet":22,"minecraft:wheat":729,"minecraft:rotten_flesh":10240,"minecraft:oak_planks":31,"minecraft:glowstone_dust":3,"minecraft:music_disc_far":1,"minecraft:nether_brick_fence":1,"minecraft:blue_stained_glass":4,"minecraft:orange_banner":2,"minecraft:quartz_block":7,"minecraft:leather_boots":6,"minecraft:leather_leggings":5,"minecraft:glass":5,"minecraft:podzol":1,"minecraft:warped_wart_block":887,"minecraft:golden_boots":10,"minecraft:black_dye":4,"minecraft:wheat_seeds":29281,"minecraft:light_gray_stained_glass_pane":1837,"minecraft:book":12,"minecraft:yellow_carpet":197,"minecraft:gray_wool":2,"minecraft:ink_sac":9,"minecraft:potion":4,"minecraft:oak_stairs":1,"minecraft:pumpkin":3,"minecraft:smooth_sandstone_slab":66,"minecraft:jungle_boat":1,"minecraft:red_dye":52,"minecraft:smooth_stone":4,"minecraft:chainmail_leggings":1,"minecraft:smooth_sandstone":65,"minecraft:stone_brick_slab":1,"minecraft:player_head":7,"minecraft:cocoa_beans":3,"minecraft:stone_shovel":4,"minecraft:white_carpet":442,"minecraft:iron_boots":7,"minecraft:name_tag":1,"minecraft:light_gray_concrete":52,"minecraft:white_terracotta":110,"minecraft:oak_sign":1,"minecraft:shears":4,"minecraft:blast_furnace":2,"minecraft:diamond_sword":6,"minecraft:spruce_planks":68,"minecraft:diamond_pickaxe":4,"minecraft:andesite_stairs":1,"minecraft:redstone_torch":1,"minecraft:stone_pressure_plate":47,"minecraft:stone_bricks":13,"minecraft:sandstone":141,"minecraft:bow":78,"minecraft:red_sand":5,"minecraft:terracotta":226,"minecraft:nether_brick_stairs":2,"minecraft:soul_sand":25,"minecraft:warped_fungus":1,"minecraft:oak_log":2,"minecraft:ender_pearl":5371,"minecraft:loom":5,"minecraft:jungle_fence":1,"minecraft:leather":63,"minecraft:jungle_planks":17,"minecraft:black_banner":1,"minecraft:birch_slab":8,"minecraft:cracked_polished_blackstone_bricks":60,"minecraft:snowball":20,"minecraft:wet_sponge":1,"minecraft:stripped_oak_wood":2,"minecraft:cauldron":1,"minecraft:gold_ingot":212,"minecraft:purpur_block":4,"minecraft:twisting_vines":5,"minecraft:andesite_slab":98,"minecraft:smooth_sandstone_stairs":24,"minecraft:beetroot":2,"minecraft:cooked_mutton":53,"minecraft:mycelium":498,"minecraft:leather_chestplate":6,"minecraft:beetroot_seeds":1,"minecraft:acacia_slab":28,"minecraft:iron_ore":5,"minecraft:iron_bars":32,"minecraft:scaffolding":121,"minecraft:golden_helmet":6,"minecraft:acacia_log":12,"minecraft:acacia_trapdoor":1,"minecraft:iron_block":21,"minecraft:green_dye":11,"minecraft:light_blue_wool":2,"minecraft:repeater":3,"minecraft:nether_wart_block":76,"minecraft:melon_slice":9,"minecraft:jungle_leaves":10,"minecraft:granite_slab":7,"minecraft:music_disc_wait":1,"minecraft:cactus":12,"minecraft:tripwire_hook":1,"minecraft:redstone_block":46,"minecraft:chiseled_sandstone":18,"minecraft:sweet_berries":6,"minecraft:kelp":18,"minecraft:oak_trapdoor":1,"minecraft:light_gray_terracotta":5,"minecraft:gray_glazed_terracotta":1,"minecraft:brown_stained_glass_pane":14,"minecraft:green_concrete":6,"minecraft:shulker_box":3,"minecraft:oak_button":1,"minecraft:andesite":1198,"minecraft:golden_leggings":15,"minecraft:oak_sapling":24,"minecraft:birch_sign":8,"minecraft:gray_concrete_powder":1,"minecraft:spruce_log":4,"minecraft:wooden_pickaxe":1,"minecraft:magma_cream":77,"minecraft:brown_stained_glass":3,"minecraft:crimson_stem":7,"minecraft:oak_pressure_plate":1,"minecraft:cooked_beef":34,"minecraft:sandstone_stairs":11,"minecraft:crossbow":7,"minecraft:cookie":39,"minecraft:rail":21,"minecraft:cut_sandstone_slab":2,"minecraft:leather_helmet":29,"minecraft:item_frame":1,"minecraft:dirt":1904,"minecraft:grass":2,"minecraft:stone_button":5,"minecraft:yellow_dye":60,"minecraft:chain":6,"minecraft:jungle_sapling":2,"minecraft:bone_meal":223,"minecraft:gray_dye":8,"minecraft:bone":47,"minecraft:oak_door":2,"minecraft:pink_concrete":1,"minecraft:sugar_cane":199,"minecraft:polished_andesite_slab":1,"minecraft:golden_chestplate":9,"minecraft:nether_brick":24,"minecraft:pink_dye":16,"minecraft:birch_sapling":1,"minecraft:blue_wool":1,"minecraft:netherite_shovel":1,"minecraft:salmon":1,"minecraft:heavy_weighted_pressure_plate":2,"minecraft:charcoal":2,"minecraft:yellow_banner":1,"minecraft:white_dye":7,"minecraft:end_stone_bricks":2,"minecraft:crying_obsidian":3,"minecraft:lectern":1,"minecraft:egg":567,"minecraft:enchanted_book":1,"minecraft:iron_ingot":92,"minecraft:netherite_pickaxe":4,"minecraft:birch_leaves":6,"minecraft:tnt":38,"minecraft:polished_blackstone":1,"minecraft:yellow_terracotta":2,"minecraft:purpur_slab":1,"minecraft:oak_fence":2,"minecraft:iron_helmet":4,"minecraft:feather":11,"minecraft:cobblestone":21692,"minecraft:apple":5,"minecraft:granite":734,"minecraft:spruce_button":1,"minecraft:purple_dye":26,"minecraft:chainmail_helmet":6,"minecraft:coal":105,"minecraft:pufferfish":1,"minecraft:polished_andesite":2,"minecraft:end_rod":1,"minecraft:golden_carrot":19,"minecraft:wooden_hoe":1,"minecraft:rabbit":4,"minecraft:yellow_glazed_terracotta":1,"minecraft:diamond_helmet":3,"minecraft:dead_bush":1,"minecraft:brown_terracotta":46,"minecraft:iron_shovel":6,"minecraft:paper":11,"minecraft:string":37,"minecraft:spruce_sapling":7,"minecraft:purpur_pillar":1,"minecraft:furnace":1,"minecraft:redstone_ore":2,"minecraft:stone_sword":4,"minecraft:cobblestone_wall":1,"minecraft:smooth_stone_slab":93,"minecraft:chicken":1,"minecraft:stone_slab":13,"minecraft:magenta_concrete":1,"minecraft:diamond_ore":1,"minecraft:orange_wool":7,"minecraft:nether_bricks":30,"minecraft:spruce_fence":2,"minecraft:pumpkin_seeds":4,"minecraft:target":2,"minecraft:potato":9,"minecraft:cobblestone_slab":60,"minecraft:hay_block":55,"minecraft:stone":1409,"minecraft:spider_eye":44,"minecraft:light_gray_dye":4,"minecraft:bell":1,"minecraft:black_wool":128,"minecraft:gold_ore":1,"minecraft:brown_mushroom":33,"minecraft:birch_planks":36,"minecraft:diamond_axe":1,"minecraft:stripped_birch_wood":2,"minecraft:sandstone_slab":26,"minecraft:flint":3,"minecraft:spruce_leaves":1,"minecraft:cyan_terracotta":2,"minecraft:crimson_trapdoor":2,"minecraft:jungle_button":1,"minecraft:polished_blackstone_brick_stairs":7,"minecraft:crimson_roots":18,"minecraft:cooked_cod":6,"minecraft:cut_sandstone":31,"minecraft:pumpkin_pie":70,"minecraft:gilded_blackstone":12,"minecraft:polished_blackstone_bricks":166,"minecraft:birch_log":7,"minecraft:gravel":207,"minecraft:blackstone":246,"minecraft:crimson_fungus":1,"minecraft:yellow_wool":1026,"minecraft:lime_wool":18,"minecraft:fern":5,"minecraft:diamond_shovel":1,"minecraft:beehive":2,"minecraft:carrot":521,"minecraft:chainmail_chestplate":2,"minecraft:poppy":3391,"minecraft:rabbit_hide":8,"minecraft:gunpowder":16,"minecraft:birch_trapdoor":5,"minecraft:glowstone":1,"minecraft:chest":17,"minecraft:blackstone_slab":3,"minecraft:basalt":248,"minecraft:arrow":9,"minecraft:quartz":1,"minecraft:written_book":3,"minecraft:oak_leaves":4,"minecraft:netherrack":25208,"minecraft:firework_rocket":189,"minecraft:minecart":3,"minecraft:cyan_dye":10,"minecraft:diamond_leggings":4,"minecraft:lead":3,"minecraft:grass_block":1078,"minecraft:stick":505,"minecraft:blue_dye":4,"minecraft:diorite":1026,"minecraft:nether_gold_ore":1,"minecraft:torch":167,"minecraft:brown_wool":49,"minecraft:iron_leggings":4,"minecraft:smooth_quartz_slab":12,"minecraft:bucket":1,"minecraft:dandelion":3,"minecraft:redstone":75,"minecraft:brown_dye":34,"minecraft:warped_nylium":2,"minecraft:coarse_dirt":32,"minecraft:nether_wart":65,"minecraft:blaze_rod":4,"minecraft:composter":1,"minecraft:light_gray_wool":55,"minecraft:smoker":2,"minecraft:cyan_stained_glass_pane":2,"minecraft:red_terracotta":135,"minecraft:filled_map":22,"minecraft:snow":6,"minecraft:shield":2,"minecraft:diamond_chestplate":3,"minecraft:orange_terracotta":36,"minecraft:iron_chestplate":3,"minecraft:pink_wool":6,"minecraft:golden_sword":103,"minecraft:diamond_boots":3,"minecraft:slime_ball":4,"minecraft:stripped_warped_stem":2,"minecraft:stone_pickaxe":1,"minecraft:nether_quartz_ore":7,"minecraft:light_blue_shulker_box":1},"minecraft:picked_up":{"minecraft:suspicious_stew":1,"minecraft:red_sandstone_stairs":83,"minecraft:smithing_table":5,"minecraft:lead":504,"minecraft:stone_slab":268,"minecraft:enchanted_book":118,"minecraft:blue_concrete":249,"minecraft:music_disc_cat":20,"minecraft:polished_blackstone_brick_stairs":23,"minecraft:string":899,"minecraft:orange_glazed_terracotta":90,"minecraft:pufferfish":78,"minecraft:shroomlight":126,"minecraft:diamond_leggings":32,"minecraft:horn_coral_block":12,"minecraft:bubble_coral":1,"minecraft:hopper_minecart":1,"minecraft:diamond_ore":21,"minecraft:polished_blackstone_brick_slab":22,"minecraft:polished_blackstone_stairs":25,"minecraft:jukebox":18,"minecraft:acacia_log":1423,"minecraft:purpur_pillar":31,"minecraft:cyan_stained_glass":8,"minecraft:brick_wall":2,"minecraft:golden_axe":1,"minecraft:gray_shulker_box":113,"minecraft:end_crystal":2,"minecraft:cauldron":6,"minecraft:green_terracotta":137,"minecraft:golden_chestplate":30,"minecraft:cyan_stained_glass_pane":12,"minecraft:pink_terracotta":373,"minecraft:brown_carpet":169,"minecraft:yellow_banner":11,"minecraft:stone_sword":6,"minecraft:lime_carpet":143,"minecraft:horn_coral_fan":15,"minecraft:blue_glazed_terracotta":16,"minecraft:blackstone_wall":49,"minecraft:polished_basalt":641,"minecraft:red_tulip":12,"minecraft:carved_pumpkin":5,"minecraft:glowstone":355,"minecraft:bookshelf":244,"minecraft:end_rod":329,"minecraft:white_terracotta":4043,"minecraft:blaze_rod":25,"minecraft:iron_bars":346,"minecraft:snowball":120,"minecraft:feather":1655,"minecraft:cooked_beef":1149,"minecraft:water_bucket":35,"minecraft:brown_wool":1142,"minecraft:flint":293,"minecraft:purple_stained_glass":29,"minecraft:pink_concrete_powder":15,"minecraft:cyan_concrete_powder":42,"minecraft:magenta_terracotta":148,"minecraft:lantern":145,"minecraft:gray_concrete_powder":744,"minecraft:purple_carpet":4,"minecraft:stonecutter":149,"minecraft:dark_oak_sign":32,"minecraft:diamond_helmet":32,"minecraft:rabbit":11,"minecraft:chiseled_polished_blackstone":17,"minecraft:lime_terracotta":109,"minecraft:stripped_crimson_stem":184,"minecraft:birch_fence_gate":38,"minecraft:stripped_spruce_log":26,"minecraft:brown_mushroom_block":347,"minecraft:acacia_stairs":323,"minecraft:iron_hoe":5,"minecraft:polished_andesite":459,"minecraft:blue_terracotta":430,"minecraft:lever":47,"minecraft:granite":3313,"minecraft:spruce_button":13,"minecraft:cyan_dye":11,"minecraft:blue_banner":1,"minecraft:light_gray_carpet":219,"minecraft:crimson_roots":28,"minecraft:diamond_pickaxe":59,"minecraft:magenta_glazed_terracotta":12,"minecraft:bee_nest":1,"minecraft:clay_ball":2720,"minecraft:leather_leggings":13,"minecraft:redstone_lamp":22,"minecraft:dragon_head":11,"minecraft:acacia_button":2,"minecraft:purpur_block":49,"minecraft:fire_coral":2,"minecraft:heavy_weighted_pressure_plate":319,"minecraft:cornflower":9,"minecraft:elytra":52,"minecraft:acacia_door":19,"minecraft:flint_and_steel":11,"minecraft:white_carpet":5789,"minecraft:white_stained_glass":39,"minecraft:iron_shovel":16,"minecraft:polished_blackstone_wall":49,"minecraft:glass_pane":389,"minecraft:netherite_sword":3,"minecraft:stripped_warped_stem":2,"minecraft:jungle_sapling":334,"minecraft:poppy":1204,"minecraft:spruce_slab":78,"minecraft:minecart":79,"minecraft:birch_sapling":174,"minecraft:piston":255,"minecraft:diamond_hoe":1,"minecraft:black_stained_glass":22,"minecraft:stone":23164,"minecraft:music_disc_mellohi":32,"minecraft:cyan_glazed_terracotta":66,"minecraft:fire_charge":66,"minecraft:white_dye":31,"minecraft:jungle_fence_gate":16,"minecraft:netherite_pickaxe":24,"minecraft:cyan_shulker_box":50,"minecraft:jungle_sign":23,"minecraft:stone_shovel":4,"minecraft:diamond_chestplate":32,"minecraft:purpur_slab":5,"minecraft:hay_block":192,"minecraft:yellow_terracotta":579,"minecraft:totem_of_undying":3,"minecraft:polished_blackstone":317,"minecraft:mutton":1117,"minecraft:rail":1456,"minecraft:bone_block":203,"minecraft:oxeye_daisy":18,"minecraft:lime_bed":15,"minecraft:birch_leaves":188,"minecraft:yellow_shulker_box":22,"minecraft:smooth_red_sandstone":133,"minecraft:tripwire_hook":28,"minecraft:red_glazed_terracotta":549,"minecraft:fern":1011,"minecraft:yellow_dye":60,"minecraft:blackstone_slab":20,"minecraft:jungle_fence":72,"minecraft:purpur_stairs":1,"minecraft:lily_pad":20,"minecraft:diorite_stairs":22,"minecraft:paper":70,"minecraft:apple":103,"minecraft:light_gray_glazed_terracotta":30,"minecraft:warped_stem":1835,"minecraft:yellow_stained_glass":18,"minecraft:oak_fence_gate":27,"minecraft:stone_pickaxe":5,"minecraft:iron_ore":2771,"minecraft:magenta_stained_glass":3,"minecraft:dark_oak_stairs":32,"minecraft:polished_andesite_stairs":105,"minecraft:sweet_berries":203,"minecraft:green_glazed_terracotta":16,"minecraft:red_wool":2239,"minecraft:lime_concrete":208,"minecraft:cracked_nether_bricks":15,"minecraft:light_blue_stained_glass":2,"minecraft:crying_obsidian":23,"minecraft:leather_helmet":54,"minecraft:oak_wood":51,"minecraft:diamond_shovel":38,"minecraft:coal_ore":366,"minecraft:slime_ball":254,"minecraft:painting":257,"minecraft:birch_sign":102,"minecraft:polished_blackstone_brick_wall":26,"minecraft:red_nether_brick_slab":8,"minecraft:smooth_quartz_slab":533,"minecraft:hopper":51,"minecraft:black_carpet":23836,"minecraft:light_blue_concrete":261,"minecraft:ender_chest":29,"minecraft:nether_brick_fence":8,"minecraft:yellow_wool":3901,"minecraft:gilded_blackstone":24,"minecraft:stone_brick_stairs":21,"minecraft:lapis_block":70,"minecraft:red_sand":1314,"minecraft:smooth_stone":967,"minecraft:comparator":25,"minecraft:bucket":11,"minecraft:light_weighted_pressure_plate":42,"minecraft:red_dye":65,"minecraft:white_tulip":20,"minecraft:rose_bush":97,"minecraft:cobblestone_slab":164,"minecraft:iron_pickaxe":3,"minecraft:wooden_shovel":1,"minecraft:smooth_quartz":388,"minecraft:smooth_quartz_stairs":338,"minecraft:blue_wool":3752,"minecraft:acacia_fence":15,"minecraft:birch_trapdoor":124,"minecraft:spruce_stairs":65,"minecraft:netherite_shovel":2,"minecraft:diorite":9414,"minecraft:vine":294,"minecraft:andesite_wall":86,"minecraft:rotten_flesh":38472,"minecraft:music_disc_ward":31,"minecraft:brown_shulker_box":28,"minecraft:chorus_flower":16,"minecraft:music_disc_wait":27,"minecraft:obsidian":366,"minecraft:blaze_powder":13,"minecraft:cobblestone":41887,"minecraft:enchanting_table":7,"minecraft:leather_chestplate":23,"minecraft:lilac":28,"minecraft:repeater":167,"minecraft:andesite":6934,"minecraft:orange_carpet":64,"minecraft:black_bed":16,"minecraft:golden_leggings":32,"minecraft:beacon":6,"minecraft:potato":40,"minecraft:smooth_sandstone_stairs":683,"minecraft:prismarine_bricks":644,"minecraft:dirt":13903,"minecraft:stripped_birch_log":73,"minecraft:cut_sandstone_slab":152,"minecraft:name_tag":26,"minecraft:glass":1694,"minecraft:bone":1111,"minecraft:acacia_planks":51,"minecraft:granite_wall":8,"minecraft:bow":142,"minecraft:wheat_seeds":18496,"minecraft:orange_tulip":8,"minecraft:grindstone":11,"minecraft:purple_stained_glass_pane":10,"minecraft:mossy_stone_bricks":14,"minecraft:bamboo":435,"minecraft:cyan_concrete":2540,"minecraft:prismarine":1,"minecraft:diorite_wall":48,"minecraft:brown_stained_glass":12,"minecraft:black_stained_glass_pane":73,"minecraft:light_blue_shulker_box":38,"minecraft:melon":17,"minecraft:nether_brick_stairs":116,"minecraft:grass_block":8436,"minecraft:warped_fence_gate":2,"minecraft:diamond_block":169,"minecraft:jungle_slab":347,"minecraft:spectral_arrow":3,"minecraft:mossy_cobblestone":81,"minecraft:jungle_leaves":1780,"minecraft:light_gray_terracotta":1332,"minecraft:yellow_carpet":14836,"minecraft:light_blue_terracotta":413,"minecraft:slime_block":19,"minecraft:netherite_helmet":8,"minecraft:polished_blackstone_pressure_plate":8,"minecraft:soul_lantern":6,"minecraft:yellow_stained_glass_pane":30,"minecraft:cracked_polished_blackstone_bricks":331,"minecraft:crossbow":16,"minecraft:bone_meal":425,"minecraft:grass":11,"minecraft:golden_apple":4,"minecraft:spruce_sign":98,"minecraft:emerald":83,"minecraft:netherrack":43663,"minecraft:chorus_fruit":163,"minecraft:andesite_slab":299,"minecraft:oak_leaves":430,"minecraft:azure_bluet":20,"minecraft:splash_potion":40,"minecraft:ladder":264,"minecraft:brown_mushroom":170,"minecraft:packed_ice":5,"minecraft:pink_wool":2951,"minecraft:stone_brick_wall":169,"minecraft:diorite_slab":6,"minecraft:chain":121,"minecraft:shield":29,"minecraft:brick":133,"minecraft:orange_stained_glass":2,"minecraft:oak_trapdoor":186,"minecraft:mycelium":4252,"minecraft:birch_fence":302,"minecraft:magenta_wool":787,"minecraft:blackstone":5015,"minecraft:blue_orchid":12,"minecraft:lime_wool":345,"minecraft:end_stone":481,"minecraft:note_block":678,"minecraft:polished_blackstone_bricks":1548,"minecraft:brown_concrete_powder":43,"minecraft:cookie":82,"minecraft:music_disc_11":37,"minecraft:trident":14,"minecraft:light_blue_bed":1,"minecraft:light_gray_stained_glass_pane":845,"minecraft:brown_dye":34,"minecraft:stone_pressure_plate":147,"minecraft:purple_terracotta":340,"minecraft:blue_concrete_powder":215,"minecraft:tube_coral":3,"minecraft:weeping_vines":40,"minecraft:red_shulker_box":108,"minecraft:pumpkin_pie":80,"minecraft:nether_bricks":428,"minecraft:pink_tulip":37,"minecraft:black_banner":7,"minecraft:brick_stairs":14,"minecraft:nether_brick_wall":1,"minecraft:netherite_boots":5,"minecraft:purple_dye":26,"minecraft:jungle_boat":6,"minecraft:basalt":3936,"minecraft:golden_carrot":92,"minecraft:magenta_banner":3,"minecraft:leather":1842,"minecraft:music_disc_stal":46,"minecraft:ice":77,"minecraft:granite_stairs":5,"minecraft:crimson_fungus":23,"minecraft:chainmail_chestplate":8,"minecraft:cobblestone_wall":22,"minecraft:gunpowder":905,"minecraft:orange_terracotta":348,"minecraft:cooked_mutton":1557,"minecraft:red_carpet":541,"minecraft:gray_carpet":208,"minecraft:acacia_trapdoor":148,"minecraft:rabbit_hide":16,"minecraft:spruce_wood":182,"minecraft:iron_ingot":1570,"minecraft:cooked_chicken":454,"minecraft:polished_andesite_slab":875,"minecraft:pink_bed":7,"minecraft:warped_fungus":79,"minecraft:nether_quartz_ore":794,"minecraft:emerald_block":2,"minecraft:stone_brick_slab":293,"minecraft:quartz":11128,"minecraft:dandelion":225,"minecraft:lava_bucket":4,"minecraft:soul_torch":1,"minecraft:nether_brick_slab":105,"minecraft:spruce_door":12,"minecraft:brick_slab":6,"minecraft:cut_red_sandstone":23,"minecraft:light_blue_concrete_powder":19,"minecraft:polished_diorite_stairs":246,"minecraft:pumpkin_seeds":312,"minecraft:white_concrete_powder":377,"minecraft:chainmail_leggings":14,"minecraft:mossy_cobblestone_stairs":1,"minecraft:terracotta":8916,"minecraft:damaged_anvil":13,"minecraft:seagrass":39,"minecraft:iron_chestplate":13,"minecraft:chainmail_boots":7,"minecraft:anvil":29,"minecraft:creeper_head":4,"minecraft:flower_pot":50,"minecraft:magenta_carpet":5,"minecraft:diamond_sword":62,"minecraft:oak_stairs":28,"minecraft:wither_rose":38,"minecraft:golden_shovel":2,"minecraft:birch_button":6,"minecraft:brewing_stand":9,"minecraft:golden_sword":1852,"minecraft:dark_oak_trapdoor":267,"minecraft:soul_soil":71,"minecraft:cooked_salmon":26,"minecraft:blue_stained_glass_pane":1,"minecraft:beetroot":12,"minecraft:orange_concrete_powder":94,"minecraft:gold_nugget":36721,"minecraft:black_glazed_terracotta":141,"minecraft:spruce_planks":472,"minecraft:acacia_sign":2,"minecraft:written_book":36,"minecraft:melon_slice":200,"minecraft:coal_block":70,"minecraft:dark_oak_door":16,"minecraft:golden_helmet":15,"minecraft:white_glazed_terracotta":68,"minecraft:beehive":15,"minecraft:music_disc_blocks":26,"minecraft:composter":42,"minecraft:green_bed":12,"minecraft:pink_carpet":24,"minecraft:sandstone_wall":356,"minecraft:warped_planks":52,"minecraft:chiseled_nether_bricks":16,"minecraft:black_dye":20,"minecraft:gray_stained_glass_pane":6,"minecraft:light_blue_wool":840,"minecraft:tropical_fish":36,"minecraft:blue_dye":6,"minecraft:iron_block":613,"minecraft:cyan_terracotta":536,"minecraft:netherite_chestplate":7,"minecraft:birch_log":975,"minecraft:magma_block":111,"minecraft:polished_diorite_slab":157,"minecraft:birch_slab":209,"minecraft:iron_door":46,"minecraft:jungle_log":3604,"minecraft:acacia_leaves":197,"minecraft:jungle_wood":116,"minecraft:smoker":12,"minecraft:stripped_spruce_wood":20,"minecraft:netherite_leggings":7,"minecraft:gray_concrete":2770,"minecraft:light_gray_concrete_powder":167,"minecraft:twisting_vines":29,"minecraft:chipped_anvil":19,"minecraft:gray_terracotta":1240,"minecraft:glowstone_dust":73,"minecraft:gray_glazed_terracotta":26,"minecraft:warped_wart_block":1370,"minecraft:dropper":23,"minecraft:ink_sac":879,"minecraft:loom":47,"minecraft:trapped_chest":6,"minecraft:dark_oak_log":154,"minecraft:red_terracotta":739,"minecraft:barrel":208,"minecraft:dispenser":112,"minecraft:black_concrete_powder":71,"minecraft:green_concrete":240,"minecraft:writable_book":5,"minecraft:polished_granite_slab":4,"minecraft:chainmail_helmet":9,"minecraft:bread":60,"minecraft:dark_oak_fence":14,"minecraft:bricks":236,"minecraft:spruce_leaves":1870,"minecraft:lime_stained_glass_pane":9,"minecraft:crafting_table":149,"minecraft:coarse_dirt":66,"minecraft:bubble_coral_fan":16,"minecraft:sandstone_slab":1743,"minecraft:purple_wool":1672,"minecraft:nether_wart":262,"minecraft:orange_stained_glass_pane":15,"minecraft:orange_banner":3,"minecraft:crimson_trapdoor":28,"minecraft:jungle_trapdoor":130,"minecraft:red_bed":7,"minecraft:snow":33961,"minecraft:netherite_scrap":1,"minecraft:compass":29,"minecraft:cracked_stone_bricks":81,"minecraft:cartography_table":1,"minecraft:beef":1557,"minecraft:cyan_wool":1923,"minecraft:iron_nugget":35,"minecraft:quartz_stairs":43,"minecraft:chest":328,"minecraft:egg":3578,"minecraft:sandstone":16591,"minecraft:oak_door":5,"minecraft:spruce_fence":62,"minecraft:cake":2,"minecraft:carrot":1623,"minecraft:redstone":12524,"minecraft:mushroom_stem":24,"minecraft:prismarine_crystals":4,"minecraft:blue_carpet":154,"minecraft:tnt":121,"minecraft:polished_granite_stairs":9,"minecraft:cooked_cod":23,"minecraft:beetroot_seeds":36,"minecraft:peony":42,"minecraft:tube_coral_fan":4,"minecraft:shears":25,"minecraft:diamond_boots":26,"minecraft:sandstone_stairs":555,"minecraft:warped_sign":4,"minecraft:tube_coral_block":14,"minecraft:gold_ingot":1113,"minecraft:white_shulker_box":30,"minecraft:white_wool":640,"minecraft:crimson_slab":26,"minecraft:lapis_ore":37,"minecraft:stripped_oak_log":210,"minecraft:red_mushroom_block":46,"minecraft:red_mushroom":80,"minecraft:filled_map":574,"minecraft:brown_concrete":144,"minecraft:oak_log":2069,"minecraft:ancient_debris":93,"minecraft:jungle_button":45,"minecraft:golden_boots":28,"minecraft:blue_bed":27,"minecraft:white_banner":46,"minecraft:birch_pressure_plate":3,"minecraft:stone_bricks":1422,"minecraft:kelp":393,"minecraft:music_disc_far":38,"minecraft:cobweb":32,"minecraft:glass_bottle":21,"minecraft:iron_sword":19,"minecraft:white_stained_glass_pane":296,"minecraft:dark_oak_slab":28,"minecraft:daylight_detector":10,"minecraft:yellow_concrete":209,"minecraft:light_blue_glazed_terracotta":29,"minecraft:gravel":9140,"minecraft:birch_stairs":72,"minecraft:spruce_sapling":695,"minecraft:spruce_log":4751,"minecraft:sea_lantern":134,"minecraft:firework_rocket":1957,"minecraft:red_stained_glass":2,"minecraft:purple_glazed_terracotta":126,"minecraft:polished_diorite":164,"minecraft:light_blue_carpet":239,"minecraft:redstone_ore":165,"minecraft:diamond_axe":38,"minecraft:gray_wool":1381,"minecraft:warped_roots":63,"minecraft:oak_button":31,"minecraft:brown_banner":1,"minecraft:warped_nylium":279,"minecraft:crimson_nylium":168,"minecraft:pink_dye":27,"minecraft:ender_pearl":6371,"minecraft:shulker_shell":116,"minecraft:music_disc_strad":24,"minecraft:wheat":6439,"minecraft:redstone_block":1029,"minecraft:iron_trapdoor":142,"minecraft:light_gray_shulker_box":10,"minecraft:turtle_egg":25,"minecraft:potion":61,"minecraft:brain_coral_block":12,"minecraft:nether_brick":34,"minecraft:crimson_planks":21,"minecraft:smooth_stone_slab":1188,"minecraft:globe_banner_pattern":1,"minecraft:iron_leggings":15,"minecraft:armor_stand":310,"minecraft:sticky_piston":75,"minecraft:netherite_ingot":2,"minecraft:pink_shulker_box":24,"minecraft:oak_sign":222,"minecraft:sea_pickle":60,"minecraft:black_shulker_box":106,"minecraft:dark_oak_leaves":124,"minecraft:redstone_torch":125,"minecraft:iron_boots":16,"minecraft:furnace":62,"minecraft:stick":1822,"minecraft:orange_shulker_box":32,"minecraft:jungle_door":29,"minecraft:brown_terracotta":1111,"minecraft:oak_fence":309,"minecraft:torch":2971,"minecraft:porkchop":432,"minecraft:snow_block":76,"minecraft:dried_kelp":152,"minecraft:target":3,"minecraft:music_disc_pigstep":4,"minecraft:yellow_concrete_powder":89,"minecraft:blue_stained_glass":10,"minecraft:quartz_block":177,"minecraft:nether_gold_ore":128,"minecraft:cactus":616,"minecraft:green_wool":1516,"minecraft:fire_coral_fan":11,"minecraft:stripped_birch_wood":36,"minecraft:cod":208,"minecraft:nautilus_shell":18,"minecraft:jungle_pressure_plate":2,"minecraft:magma_cream":515,"minecraft:chiseled_quartz_block":66,"minecraft:magenta_dye":10,"minecraft:light_gray_dye":5,"minecraft:warped_trapdoor":35,"minecraft:horn_coral":3,"minecraft:acacia_boat":2,"minecraft:green_shulker_box":8,"minecraft:lapis_lazuli":4149,"minecraft:polished_granite":79,"minecraft:leather_boots":23,"minecraft:bell":2,"minecraft:light_blue_dye":2,"minecraft:powered_rail":285,"minecraft:oak_planks":1610,"minecraft:brain_coral":3,"minecraft:lime_glazed_terracotta":25,"minecraft:ghast_tear":194,"minecraft:pink_concrete":78,"minecraft:black_terracotta":1121,"minecraft:cooked_porkchop":193,"minecraft:music_disc_13":30,"minecraft:oak_pressure_plate":5,"minecraft:polished_blackstone_slab":29,"minecraft:jungle_planks":199,"minecraft:sand":29534,"minecraft:dead_bush":19,"minecraft:lily_of_the_valley":39,"minecraft:cyan_bed":2,"minecraft:chiseled_sandstone":228,"minecraft:shulker_box":1541,"minecraft:orange_wool":776,"minecraft:dark_prismarine":1,"minecraft:light_gray_concrete":516,"minecraft:spruce_fence_gate":2,"minecraft:clay":2394,"minecraft:diamond":853,"minecraft:spruce_boat":5,"minecraft:black_concrete":1198,"minecraft:polished_blackstone_button":7,"minecraft:white_concrete":1016,"minecraft:oak_sapling":755,"minecraft:bubble_coral_block":9,"minecraft:end_stone_bricks":16,"minecraft:fishing_rod":10,"minecraft:charcoal":14,"minecraft:cocoa_beans":288,"minecraft:allium":7,"minecraft:chicken":1225,"minecraft:wooden_pickaxe":1,"minecraft:cooked_rabbit":3,"minecraft:gold_block":352,"minecraft:stone_stairs":59,"minecraft:iron_axe":2,"minecraft:orange_concrete":348,"minecraft:item_frame":504,"minecraft:quartz_slab":584,"minecraft:cyan_carpet":199,"minecraft:dark_prismarine_stairs":2,"minecraft:mossy_cobblestone_wall":4,"minecraft:andesite_stairs":31,"minecraft:oak_boat":56,"minecraft:player_head":549,"minecraft:observer":81,"minecraft:light_gray_wool":780,"minecraft:lectern":7,"minecraft:sugar_cane":8414,"minecraft:spruce_trapdoor":320,"minecraft:phantom_membrane":37,"minecraft:dark_oak_sapling":5,"minecraft:red_stained_glass_pane":23,"minecraft:bowl":4,"minecraft:brown_glazed_terracotta":66,"minecraft:gray_dye":48,"minecraft:quartz_pillar":185,"minecraft:stone_button":78,"minecraft:iron_horse_armor":1,"minecraft:dark_oak_planks":176,"minecraft:smooth_sandstone_slab":693,"minecraft:arrow":2908,"minecraft:light_blue_stained_glass_pane":42,"minecraft:jungle_stairs":101,"minecraft:pink_glazed_terracotta":9,"minecraft:saddle":8,"minecraft:lime_stained_glass":1,"minecraft:wet_sponge":1,"minecraft:crimson_stem":305,"minecraft:salmon":81,"minecraft:cut_sandstone":1123,"minecraft:birch_planks":144,"minecraft:mushroom_stew":1,"minecraft:yellow_glazed_terracotta":517,"minecraft:nether_wart_block":968,"minecraft:cobblestone_stairs":66,"minecraft:podzol":3047,"minecraft:smooth_sandstone":3779,"minecraft:red_nether_brick_stairs":2,"minecraft:red_sandstone":368,"minecraft:fire_coral_block":9,"minecraft:heart_of_the_sea":1,"minecraft:stripped_oak_wood":30,"minecraft:mossy_stone_brick_wall":3,"minecraft:acacia_sapling":354,"minecraft:soul_sand":221,"minecraft:music_disc_chirp":29,"minecraft:purple_concrete":53,"minecraft:green_dye":22,"minecraft:book":143,"minecraft:scaffolding":13506,"minecraft:oak_slab":205,"minecraft:red_concrete_powder":53,"minecraft:birch_boat":5,"minecraft:pumpkin":3312,"minecraft:chiseled_stone_bricks":31,"minecraft:magenta_stained_glass_pane":39,"minecraft:brain_coral_fan":11,"minecraft:blast_furnace":10,"minecraft:white_bed":4,"minecraft:gold_ore":1889,"minecraft:dark_oak_fence_gate":1,"minecraft:green_carpet":753,"minecraft:spider_eye":269,"minecraft:music_disc_mall":15,"minecraft:lime_dye":2,"minecraft:dried_kelp_block":1,"minecraft:campfire":50,"minecraft:honey_block":129,"minecraft:iron_helmet":11,"minecraft:black_wool":460,"minecraft:acacia_slab":191,"minecraft:magenta_concrete":3879,"minecraft:red_concrete":539,"minecraft:coal":8893,"minecraft:purple_concrete_powder":33},"minecraft:broken":{"minecraft:diamond_helmet":2,"minecraft:shears":38,"minecraft:iron_hoe":6,"minecraft:leather_helmet":1,"minecraft:shield":4,"minecraft:iron_pickaxe":4,"minecraft:iron_shovel":7,"minecraft:stone_pickaxe":1,"minecraft:diamond_axe":1,"minecraft:golden_boots":2,"minecraft:iron_boots":2,"minecraft:iron_sword":2,"minecraft:stone_sword":2,"minecraft:iron_axe":6,"minecraft:iron_helmet":1,"minecraft:golden_shovel":2,"minecraft:golden_leggings":1},"minecraft:killed_by":{"minecraft:ravager":8,"minecraft:magma_cube":2,"minecraft:zombie":2,"minecraft:skeleton":6,"minecraft:piglin_brute":3,"minecraft:vindicator":1,"minecraft:vex":3,"minecraft:wither_skeleton":1,"minecraft:creeper":10,"minecraft:piglin":1,"minecraft:player":21,"minecraft:iron_golem":6,"minecraft:hoglin":1},"minecraft:mined":{"minecraft:red_nether_brick_slab":5,"minecraft:blue_carpet":50,"minecraft:dragon_wall_head":13,"minecraft:potted_pink_tulip":1,"minecraft:cut_sandstone_slab":139,"minecraft:white_bed":4,"minecraft:red_shulker_box":105,"minecraft:pink_bed":7,"minecraft:fire_coral_wall_fan":13,"minecraft:cyan_shulker_box":48,"minecraft:light_blue_carpet":51,"minecraft:potted_dead_bush":5,"minecraft:granite":3442,"minecraft:acacia_log":1415,"minecraft:brown_wool":1016,"minecraft:blue_wool":252,"minecraft:green_concrete":222,"minecraft:oak_wall_sign":89,"minecraft:nether_wart":75,"minecraft:red_stained_glass_pane":7,"minecraft:spawner":1,"minecraft:chorus_flower":16,"minecraft:polished_blackstone_bricks":1722,"minecraft:magma_block":116,"minecraft:dark_oak_trapdoor":227,"minecraft:mossy_cobblestone_stairs":1,"minecraft:barrel":192,"minecraft:fire":79,"minecraft:nether_brick_stairs":102,"minecraft:twisting_vines":7,"minecraft:light_gray_concrete":348,"minecraft:green_carpet":725,"minecraft:spruce_wood":184,"minecraft:pink_tulip":35,"minecraft:white_shulker_box":30,"minecraft:white_banner":10,"minecraft:player_head":83,"minecraft:tripwire":36,"minecraft:jungle_trapdoor":117,"minecraft:jungle_button":35,"minecraft:sandstone_slab":1431,"minecraft:cut_sandstone":1068,"minecraft:blue_wall_banner":1,"minecraft:magenta_carpet":2,"minecraft:blue_concrete_powder":112,"minecraft:kelp_plant":57,"minecraft:crimson_nylium":179,"minecraft:smoker":6,"minecraft:torch":710,"minecraft:note_block":32,"minecraft:melon":28,"minecraft:white_stained_glass_pane":240,"minecraft:dead_bush":119,"minecraft:nether_brick_slab":99,"minecraft:spruce_wall_sign":13,"minecraft:smooth_quartz_slab":458,"minecraft:tube_coral_fan":1,"minecraft:sugar_cane":4177,"minecraft:bricks":201,"minecraft:birch_sapling":3,"minecraft:white_terracotta":3871,"minecraft:chain":66,"minecraft:repeater":116,"minecraft:jungle_wood":116,"minecraft:jukebox":7,"minecraft:yellow_glazed_terracotta":295,"minecraft:wither_rose":27,"minecraft:grass":1350,"minecraft:birch_button":2,"minecraft:smooth_quartz":370,"minecraft:sandstone_wall":357,"minecraft:stripped_crimson_stem":184,"minecraft:attached_pumpkin_stem":4,"minecraft:purple_glazed_terracotta":78,"minecraft:dark_prismarine":1,"minecraft:brown_concrete":144,"minecraft:light_blue_wool":79,"minecraft:mossy_cobblestone":80,"minecraft:nether_brick_wall":1,"minecraft:orange_concrete_powder":46,"minecraft:dark_oak_log":146,"minecraft:cyan_stained_glass":8,"minecraft:sea_lantern":32,"minecraft:end_stone":482,"minecraft:birch_fence_gate":39,"minecraft:dark_oak_fence":6,"minecraft:spruce_fence":61,"minecraft:acacia_button":2,"minecraft:redstone_wire":517,"minecraft:potted_bamboo":3,"minecraft:red_mushroom":18,"minecraft:cartography_table":1,"minecraft:white_concrete_powder":194,"minecraft:magenta_stained_glass_pane":40,"minecraft:horn_coral":4,"minecraft:redstone_ore":2162,"minecraft:acacia_trapdoor":133,"minecraft:light_blue_concrete_powder":11,"minecraft:pink_concrete":78,"minecraft:andesite":7062,"minecraft:green_terracotta":137,"minecraft:cyan_concrete":2544,"minecraft:vine":435,"minecraft:rail":1081,"minecraft:cobblestone_slab":154,"minecraft:brain_coral_wall_fan":13,"minecraft:bone_block":205,"minecraft:fire_coral_block":9,"minecraft:green_wool":83,"minecraft:pink_glazed_terracotta":6,"minecraft:ender_chest":29,"minecraft:potted_allium":5,"minecraft:birch_stairs":62,"minecraft:oak_slab":166,"minecraft:soul_sand":136,"minecraft:redstone_block":914,"minecraft:glass_pane":302,"minecraft:chiseled_nether_bricks":12,"minecraft:lily_of_the_valley":37,"minecraft:potted_lily_of_the_valley":1,"minecraft:dandelion":226,"minecraft:polished_blackstone_brick_wall":26,"minecraft:fire_coral":4,"minecraft:cornflower":9,"minecraft:warped_roots":28,"minecraft:crimson_slab":26,"minecraft:tall_grass":151,"minecraft:potted_oxeye_daisy":1,"minecraft:campfire":45,"minecraft:purpur_pillar":31,"minecraft:brain_coral_fan":1,"minecraft:diorite":8800,"minecraft:orange_carpet":65,"minecraft:warped_wart_block":1287,"minecraft:purple_wool":7,"minecraft:black_stained_glass":18,"minecraft:red_terracotta":615,"minecraft:coarse_dirt":67,"minecraft:cobblestone_wall":23,"minecraft:dark_oak_wall_sign":3,"minecraft:stripped_spruce_wood":20,"minecraft:purple_concrete":52,"minecraft:gravel":9128,"minecraft:cobweb":206,"minecraft:brown_terracotta":1074,"minecraft:birch_sign":7,"minecraft:oak_button":21,"minecraft:polished_blackstone":318,"minecraft:stone_bricks":1428,"minecraft:orange_wall_banner":2,"minecraft:gold_ore":1665,"minecraft:chipped_anvil":19,"minecraft:iron_trapdoor":122,"minecraft:fern":340,"minecraft:stone_pressure_plate":54,"minecraft:oak_sapling":9,"minecraft:farmland":206,"minecraft:warped_fence_gate":2,"minecraft:andesite_stairs":31,"minecraft:orange_wool":637,"minecraft:brewing_stand":6,"minecraft:spruce_trapdoor":248,"minecraft:white_concrete":1015,"minecraft:cracked_polished_blackstone_bricks":376,"minecraft:bubble_coral_fan":7,"minecraft:polished_diorite":164,"minecraft:polished_blackstone_brick_slab":23,"minecraft:composter":42,"minecraft:polished_blackstone_pressure_plate":1,"minecraft:gilded_blackstone":2,"minecraft:turtle_egg":25,"minecraft:red_tulip":12,"minecraft:iron_bars":276,"minecraft:granite_stairs":5,"minecraft:spruce_slab":68,"minecraft:brown_shulker_box":27,"minecraft:gray_terracotta":1241,"minecraft:jungle_door":1,"minecraft:quartz_block":148,"minecraft:polished_blackstone_wall":48,"minecraft:magenta_wall_banner":3,"minecraft:orange_terracotta":381,"minecraft:yellow_banner":1,"minecraft:purpur_stairs":1,"minecraft:light_gray_terracotta":1336,"minecraft:jungle_stairs":100,"minecraft:mossy_cobblestone_wall":4,"minecraft:beacon":5,"minecraft:nether_quartz_ore":6203,"minecraft:oak_planks":1492,"minecraft:wall_torch":404,"minecraft:cauldron":4,"minecraft:light_blue_terracotta":353,"minecraft:stone_stairs":59,"minecraft:light_weighted_pressure_plate":19,"minecraft:fire_coral_fan":2,"minecraft:warped_nylium":418,"minecraft:blue_terracotta":430,"minecraft:powered_rail":124,"minecraft:dark_oak_slab":25,"minecraft:mossy_stone_brick_wall":3,"minecraft:warped_planks":52,"minecraft:tnt":25,"minecraft:smooth_stone_slab":820,"minecraft:oak_log":2066,"minecraft:beetroots":6,"minecraft:lime_terracotta":78,"minecraft:dirt":11589,"minecraft:dispenser":111,"minecraft:ancient_debris":87,"minecraft:daylight_detector":10,"minecraft:pink_carpet":18,"minecraft:quartz_stairs":42,"minecraft:dark_oak_leaves":149,"minecraft:gray_glazed_terracotta":17,"minecraft:lever":25,"minecraft:ladder":32,"minecraft:purple_terracotta":334,"minecraft:tube_coral_wall_fan":6,"minecraft:stone_button":18,"minecraft:brown_mushroom_block":549,"minecraft:soul_campfire":1,"minecraft:birch_slab":198,"minecraft:spruce_leaves":2454,"minecraft:acacia_slab":157,"minecraft:cracked_nether_bricks":15,"minecraft:crimson_stem":298,"minecraft:hay_block":123,"minecraft:heavy_weighted_pressure_plate":306,"minecraft:nether_sprouts":8,"minecraft:polished_basalt":582,"minecraft:orange_stained_glass_pane":1,"minecraft:light_gray_shulker_box":9,"minecraft:peony":3,"minecraft:gold_block":343,"minecraft:nether_brick_fence":8,"minecraft:bookshelf":284,"minecraft:shroomlight":121,"minecraft:stripped_oak_log":210,"minecraft:blue_glazed_terracotta":8,"minecraft:jungle_fence_gate":15,"minecraft:pink_terracotta":372,"minecraft:orange_glazed_terracotta":28,"minecraft:scaffolding":8334,"minecraft:acacia_leaves":876,"minecraft:magenta_stained_glass":4,"minecraft:snow_block":75,"minecraft:basalt":4108,"minecraft:polished_granite":80,"minecraft:oak_fence":268,"minecraft:honey_block":36,"minecraft:lime_carpet":141,"minecraft:stone_slab":208,"minecraft:red_glazed_terracotta":304,"minecraft:red_concrete":539,"minecraft:polished_blackstone_brick_stairs":24,"minecraft:prismarine_bricks":516,"minecraft:birch_planks":105,"minecraft:bubble_coral":1,"minecraft:sea_pickle":31,"minecraft:polished_blackstone_slab":29,"minecraft:black_wall_banner":2,"minecraft:ice":71,"minecraft:white_wall_banner":17,"minecraft:bee_nest":1,"minecraft:grass_path":189,"minecraft:black_wool":191,"minecraft:cocoa":90,"minecraft:flower_pot":23,"minecraft:cyan_carpet":42,"minecraft:yellow_concrete":210,"minecraft:cracked_stone_bricks":81,"minecraft:mossy_stone_bricks":16,"minecraft:jungle_wall_sign":5,"minecraft:dark_oak_planks":167,"minecraft:polished_granite_slab":4,"minecraft:dark_prismarine_stairs":2,"minecraft:stripped_warped_stem":1,"minecraft:light_blue_concrete":261,"minecraft:black_terracotta":1054,"minecraft:jungle_leaves":2296,"minecraft:obsidian":357,"minecraft:carved_pumpkin":5,"minecraft:chiseled_polished_blackstone":17,"minecraft:red_sand":1315,"minecraft:crimson_trapdoor":24,"minecraft:stone_brick_wall":171,"minecraft:yellow_carpet":461,"minecraft:jungle_log":3611,"minecraft:horn_coral_fan":5,"minecraft:coal_block":7,"minecraft:purpur_slab":6,"minecraft:diorite_stairs":25,"minecraft:bubble_coral_block":9,"minecraft:hopper":40,"minecraft:oxeye_daisy":18,"minecraft:tube_coral_block":14,"minecraft:crimson_fungus":20,"minecraft:chiseled_stone_bricks":31,"minecraft:light_blue_stained_glass":1,"minecraft:potted_fern":3,"minecraft:orange_concrete":347,"minecraft:weeping_vines_plant":10,"minecraft:tall_seagrass":17,"minecraft:brown_stained_glass":2,"minecraft:sticky_piston":66,"minecraft:pumpkin":2278,"minecraft:lime_stained_glass_pane":1,"minecraft:enchanting_table":7,"minecraft:smooth_red_sandstone":69,"minecraft:oak_sign":23,"minecraft:oak_stairs":25,"minecraft:quartz_slab":510,"minecraft:smooth_sandstone_stairs":674,"minecraft:blue_orchid":12,"minecraft:iron_block":533,"minecraft:piston_head":28,"minecraft:brown_mushroom":28,"minecraft:red_bed":7,"minecraft:player_wall_head":9,"minecraft:soul_fire":18,"minecraft:cyan_glazed_terracotta":33,"minecraft:blue_stained_glass":1,"minecraft:blast_furnace":8,"minecraft:polished_andesite_stairs":105,"minecraft:polished_diorite_slab":92,"minecraft:glass":1467,"minecraft:cyan_bed":2,"minecraft:damaged_anvil":13,"minecraft:smooth_sandstone_slab":654,"minecraft:spruce_sign":7,"minecraft:polished_diorite_stairs":187,"minecraft:cyan_wool":71,"minecraft:black_concrete_powder":47,"minecraft:wheat":6379,"minecraft:lilac":1,"minecraft:pumpkin_stem":74,"minecraft:lime_concrete":188,"minecraft:black_bed":15,"minecraft:warped_fungus":78,"minecraft:stone_brick_stairs":24,"minecraft:potted_poppy":1,"minecraft:oak_fence_gate":25,"minecraft:purple_concrete_powder":17,"minecraft:loom":36,"minecraft:stripped_birch_wood":34,"minecraft:cut_red_sandstone":23,"minecraft:stonecutter":145,"minecraft:red_mushroom_block":136,"minecraft:yellow_stained_glass":12,"minecraft:piston":203,"minecraft:light_blue_stained_glass_pane":36,"minecraft:yellow_terracotta":525,"minecraft:pink_shulker_box":24,"minecraft:light_gray_stained_glass_pane":23,"minecraft:blue_stained_glass_pane":1,"minecraft:stripped_birch_log":73,"minecraft:shulker_box":1481,"minecraft:nether_bricks":308,"minecraft:jungle_planks":143,"minecraft:crimson_roots":7,"minecraft:orange_shulker_box":30,"minecraft:magenta_concrete":3835,"minecraft:red_sandstone_stairs":20,"minecraft:yellow_concrete_powder":47,"minecraft:lime_wool":48,"minecraft:horn_coral_wall_fan":17,"minecraft:kelp":87,"minecraft:pink_wool":1153,"minecraft:black_stained_glass_pane":81,"minecraft:jungle_sapling":35,"minecraft:polished_blackstone_button":5,"minecraft:red_sandstone":68,"minecraft:snow":32954,"minecraft:diamond_block":21,"minecraft:warped_wall_sign":4,"minecraft:white_glazed_terracotta":46,"minecraft:warped_stem":1729,"minecraft:bamboo":31,"minecraft:smooth_quartz_stairs":293,"minecraft:warped_trapdoor":28,"minecraft:white_wool":296,"minecraft:brain_coral":4,"minecraft:smithing_table":5,"minecraft:light_gray_carpet":79,"minecraft:gray_concrete":2715,"minecraft:comparator":16,"minecraft:brown_carpet":85,"minecraft:stone_brick_slab":312,"minecraft:pink_concrete_powder":7,"minecraft:observer":76,"minecraft:jungle_sign":5,"minecraft:smooth_sandstone":3778,"minecraft:light_gray_concrete_powder":112,"minecraft:spruce_button":9,"minecraft:cyan_concrete_powder":18,"minecraft:dropper":22,"minecraft:dried_kelp_block":1,"minecraft:lime_glazed_terracotta":13,"minecraft:white_carpet":923,"minecraft:spruce_log":4778,"minecraft:birch_leaves":769,"minecraft:jungle_fence":59,"minecraft:quartz_pillar":186,"minecraft:mycelium":2715,"minecraft:acacia_door":1,"minecraft:acacia_planks":51,"minecraft:spruce_fence_gate":2,"minecraft:black_shulker_box":103,"minecraft:spruce_planks":405,"minecraft:jungle_slab":323,"minecraft:cobblestone_stairs":71,"minecraft:potted_cactus":6,"minecraft:grass_block":9424,"minecraft:blue_concrete":226,"minecraft:purple_stained_glass_pane":8,"minecraft:soul_soil":74,"minecraft:sandstone_stairs":548,"minecraft:smooth_stone":665,"minecraft:glowstone":309,"minecraft:red_nether_brick_stairs":2,"minecraft:iron_ore":2724,"minecraft:anvil":26,"minecraft:black_carpet":6525,"minecraft:azure_bluet":19,"minecraft:dark_oak_stairs":8,"minecraft:brown_glazed_terracotta":32,"minecraft:birch_wall_sign":40,"minecraft:jungle_pressure_plate":1,"minecraft:end_stone_bricks":18,"minecraft:brain_coral_block":12,"minecraft:polished_granite_stairs":10,"minecraft:green_bed":15,"minecraft:cyan_terracotta":526,"minecraft:blackstone":5175,"minecraft:twisting_vines_plant":16,"minecraft:clay":3055,"minecraft:soul_lantern":4,"minecraft:chiseled_quartz_block":66,"minecraft:poppy":238,"minecraft:chest":312,"minecraft:mushroom_stem":59,"minecraft:cobblestone":3756,"minecraft:slime_block":19,"minecraft:grindstone":11,"minecraft:prismarine":1,"minecraft:iron_door":34,"minecraft:seagrass":46,"minecraft:light_gray_glazed_terracotta":14,"minecraft:acacia_sapling":14,"minecraft:brown_concrete_powder":33,"minecraft:nether_wart_block":951,"minecraft:birch_log":870,"minecraft:lapis_block":47,"minecraft:dark_oak_door":5,"minecraft:yellow_wool":155,"minecraft:birch_trapdoor":123,"minecraft:brown_wall_banner":1,"minecraft:stripped_oak_wood":28,"minecraft:light_gray_wool":672,"minecraft:orange_tulip":8,"minecraft:purpur_block":44,"minecraft:yellow_stained_glass_pane":3,"minecraft:green_glazed_terracotta":8,"minecraft:acacia_fence":8,"minecraft:diorite_wall":50,"minecraft:sand":28520,"minecraft:crimson_planks":21,"minecraft:tripwire_hook":2,"minecraft:netherrack":50244,"minecraft:oak_leaves":2284,"minecraft:magenta_wool":19,"minecraft:horn_coral_block":12,"minecraft:emerald_block":2,"minecraft:redstone_lamp":22,"minecraft:granite_wall":8,"minecraft:nether_gold_ore":611,"minecraft:diamond_ore":326,"minecraft:tube_coral":3,"minecraft:red_carpet":191,"minecraft:blackstone_wall":49,"minecraft:gray_shulker_box":117,"minecraft:gray_stained_glass_pane":6,"minecraft:black_banner":4,"minecraft:brick_stairs":9,"minecraft:light_blue_glazed_terracotta":15,"minecraft:weeping_vines":9,"minecraft:white_stained_glass":29,"minecraft:polished_andesite_slab":762,"minecraft:sandstone":16116,"minecraft:large_fern":378,"minecraft:diorite_slab":6,"minecraft:oak_trapdoor":153,"minecraft:black_glazed_terracotta":74,"minecraft:red_concrete_powder":22,"minecraft:carrots":340,"minecraft:spruce_sapling":6,"minecraft:furnace":49,"minecraft:chiseled_sandstone":202,"minecraft:acacia_stairs":319,"minecraft:dark_oak_fence_gate":1,"minecraft:stripped_spruce_log":26,"minecraft:black_concrete":1099,"minecraft:bell":1,"minecraft:lantern":74,"minecraft:packed_ice":5,"minecraft:chorus_plant":12,"minecraft:white_tulip":21,"minecraft:stone":65897,"minecraft:yellow_shulker_box":22,"minecraft:redstone_wall_torch":27,"minecraft:birch_pressure_plate":3,"minecraft:podzol":3059,"minecraft:light_blue_shulker_box":37,"minecraft:red_wool":146,"minecraft:brick_wall":2,"minecraft:spruce_door":1,"minecraft:crafting_table":128,"minecraft:cyan_stained_glass_pane":13,"minecraft:blackstone_slab":19,"minecraft:oak_wood":52,"minecraft:rose_bush":10,"minecraft:andesite_slab":198,"minecraft:lectern":6,"minecraft:andesite_wall":66,"minecraft:lapis_ore":294,"minecraft:blue_bed":25,"minecraft:spruce_stairs":90,"minecraft:gray_wool":834,"minecraft:cactus":208,"minecraft:lime_bed":14,"minecraft:gray_concrete_powder":700,"minecraft:brick_slab":6,"minecraft:green_shulker_box":8,"minecraft:beehive":11,"minecraft:polished_blackstone_stairs":26,"minecraft:redstone_torch":27,"minecraft:magenta_terracotta":148,"minecraft:sweet_berry_bush":21,"minecraft:potted_azure_bluet":1,"minecraft:coal_ore":4565,"minecraft:end_rod":325,"minecraft:bubble_coral_wall_fan":11,"minecraft:gray_carpet":109,"minecraft:terracotta":8714,"minecraft:polished_andesite":344,"minecraft:birch_fence":214}},"DataVersion":2584}