{"stats":{"minecraft:killed_by":{"minecraft:ravager":10,"minecraft:magma_cube":1,"minecraft:zombie":3,"minecraft:ghast":1,"minecraft:zombified_piglin":1,"minecraft:drowned":8,"minecraft:skeleton":6,"minecraft:pillager":1,"minecraft:vindicator":1,"minecraft:vex":1,"minecraft:slime":1,"minecraft:creeper":6,"minecraft:piglin":5,"minecraft:cave_spider":1,"minecraft:player":29,"minecraft:enderman":3,"minecraft:iron_golem":2,"minecraft:hoglin":1},"minecraft:mined":{"minecraft:cut_red_sandstone_slab":1,"minecraft:blue_carpet":929,"minecraft:cut_sandstone_slab":2,"minecraft:white_bed":72,"minecraft:red_shulker_box":128,"minecraft:blackstone_stairs":24,"minecraft:pink_bed":2,"minecraft:cyan_shulker_box":67,"minecraft:red_nether_bricks":2,"minecraft:light_blue_carpet":82,"minecraft:granite":10170,"minecraft:acacia_log":211,"minecraft:brown_wool":120,"minecraft:blue_wool":10,"minecraft:oak_wall_sign":36,"minecraft:nether_wart":425,"minecraft:red_stained_glass_pane":250,"minecraft:chorus_flower":165,"minecraft:polished_blackstone_bricks":622,"minecraft:magma_block":395,"minecraft:dark_oak_trapdoor":25,"minecraft:mossy_cobblestone_stairs":29,"minecraft:warped_pressure_plate":2,"minecraft:barrel":207,"minecraft:fire":145,"minecraft:fletching_table":2,"minecraft:nether_brick_stairs":603,"minecraft:granite_slab":4,"minecraft:twisting_vines":48,"minecraft:spruce_pressure_plate":5,"minecraft:light_gray_concrete":1076,"minecraft:green_carpet":554,"minecraft:pink_tulip":78,"minecraft:white_shulker_box":77,"minecraft:white_banner":1,"minecraft:player_head":162,"minecraft:orange_bed":12,"minecraft:tripwire":50,"minecraft:jungle_trapdoor":9,"minecraft:jungle_button":2,"minecraft:sandstone_slab":27,"minecraft:cut_sandstone":563,"minecraft:magenta_carpet":159,"minecraft:kelp_plant":1503,"minecraft:crimson_nylium":32,"minecraft:smoker":2,"minecraft:torch":2763,"minecraft:note_block":39,"minecraft:melon":106,"minecraft:white_stained_glass_pane":34,"minecraft:dead_bush":89,"minecraft:nether_brick_slab":263,"minecraft:spruce_wall_sign":3,"minecraft:smooth_quartz_slab":180,"minecraft:lime_shulker_box":43,"minecraft:sugar_cane":11184,"minecraft:birch_sapling":31,"minecraft:white_terracotta":5031,"minecraft:chain":104,"minecraft:repeater":188,"minecraft:magenta_bed":23,"minecraft:grass":6307,"minecraft:dark_oak_sapling":2,"minecraft:smooth_quartz":96,"minecraft:sandstone_wall":784,"minecraft:acacia_sign":5,"minecraft:stripped_crimson_stem":7,"minecraft:attached_pumpkin_stem":1,"minecraft:light_blue_wool":22,"minecraft:mossy_cobblestone":176,"minecraft:nether_brick_wall":39,"minecraft:cyan_stained_glass":105,"minecraft:dark_oak_log":468,"minecraft:crimson_fence_gate":3,"minecraft:sea_lantern":74,"minecraft:end_stone":261,"minecraft:birch_fence_gate":3,"minecraft:dark_oak_fence":40,"minecraft:spruce_fence":33,"minecraft:redstone_wire":851,"minecraft:red_mushroom":26,"minecraft:cartography_table":3,"minecraft:white_concrete_powder":6,"minecraft:magenta_stained_glass_pane":1,"minecraft:redstone_ore":927,"minecraft:acacia_trapdoor":60,"minecraft:andesite":11958,"minecraft:green_terracotta":662,"minecraft:mossy_stone_brick_stairs":2,"minecraft:cyan_concrete":47,"minecraft:vine":1750,"minecraft:cobblestone_slab":10,"minecraft:rail":241,"minecraft:bone_block":289,"minecraft:green_wool":26,"minecraft:ender_chest":20,"minecraft:birch_stairs":102,"minecraft:oak_slab":437,"minecraft:soul_sand":884,"minecraft:glass_pane":68,"minecraft:chiseled_nether_bricks":3,"minecraft:redstone_block":20,"minecraft:red_sandstone_slab":1,"minecraft:lily_of_the_valley":18,"minecraft:dandelion":600,"minecraft:polished_blackstone_brick_wall":3,"minecraft:cornflower":138,"minecraft:warped_roots":1344,"minecraft:crimson_slab":18,"minecraft:campfire":46,"minecraft:tall_grass":1518,"minecraft:diorite":11279,"minecraft:orange_carpet":241,"minecraft:warped_wart_block":6536,"minecraft:purple_wool":9,"minecraft:black_stained_glass":473,"minecraft:red_terracotta":1952,"minecraft:coarse_dirt":1502,"minecraft:light_blue_bed":1,"minecraft:cobblestone_wall":5,"minecraft:dark_oak_wall_sign":3,"minecraft:purple_concrete":2,"minecraft:sunflower":41,"minecraft:gravel":6004,"minecraft:cobweb":220,"minecraft:brown_terracotta":802,"minecraft:birch_sign":107,"minecraft:oak_button":2,"minecraft:polished_blackstone":428,"minecraft:stone_bricks":2441,"minecraft:gold_ore":421,"minecraft:chipped_anvil":26,"minecraft:iron_trapdoor":16,"minecraft:fern":97,"minecraft:stone_pressure_plate":2,"minecraft:oak_sapling":64,"minecraft:farmland":33,"minecraft:warped_fence_gate":2,"minecraft:andesite_stairs":1,"minecraft:orange_stained_glass":502,"minecraft:orange_wool":38,"minecraft:brewing_stand":4,"minecraft:spruce_trapdoor":242,"minecraft:lime_banner":8,"minecraft:cracked_polished_blackstone_bricks":26,"minecraft:white_concrete":955,"minecraft:polished_diorite":37,"minecraft:polished_blackstone_brick_slab":9,"minecraft:composter":7,"minecraft:polished_blackstone_pressure_plate":7,"minecraft:mossy_cobblestone_slab":27,"minecraft:brown_bed":14,"minecraft:green_stained_glass":15,"minecraft:red_tulip":53,"minecraft:iron_bars":214,"minecraft:granite_stairs":50,"minecraft:spruce_slab":105,"minecraft:brown_shulker_box":31,"minecraft:gray_terracotta":5,"minecraft:quartz_block":84,"minecraft:polished_blackstone_wall":46,"minecraft:orange_terracotta":7547,"minecraft:light_gray_terracotta":5245,"minecraft:jungle_stairs":64,"minecraft:beacon":15,"minecraft:nether_quartz_ore":1452,"minecraft:oak_planks":1069,"minecraft:wall_torch":2367,"minecraft:cauldron":2,"minecraft:stone_stairs":10,"minecraft:light_weighted_pressure_plate":57,"minecraft:warped_nylium":147,"minecraft:powered_rail":38,"minecraft:dark_oak_slab":132,"minecraft:warped_planks":40,"minecraft:tnt":4,"minecraft:smooth_stone_slab":98,"minecraft:oak_log":13511,"minecraft:beetroots":656,"minecraft:lime_terracotta":2,"minecraft:dirt":28452,"minecraft:prismarine_stairs":11,"minecraft:dispenser":114,"minecraft:ancient_debris":60,"minecraft:daylight_detector":16,"minecraft:crying_obsidian":16,"minecraft:pink_carpet":14,"minecraft:quartz_stairs":38,"minecraft:dark_oak_leaves":161,"minecraft:red_stained_glass":918,"minecraft:lever":75,"minecraft:ladder":247,"minecraft:purple_terracotta":3,"minecraft:stone_button":14,"minecraft:brown_mushroom_block":45,"minecraft:soul_campfire":8,"minecraft:birch_slab":125,"minecraft:spruce_leaves":4167,"minecraft:acacia_slab":63,"minecraft:cracked_nether_bricks":6,"minecraft:crimson_stem":333,"minecraft:hay_block":86,"minecraft:heavy_weighted_pressure_plate":7,"minecraft:nether_sprouts":789,"minecraft:polished_basalt":396,"minecraft:light_gray_shulker_box":18,"minecraft:gray_wall_banner":1,"minecraft:orange_stained_glass_pane":18,"minecraft:detector_rail":25,"minecraft:peony":5,"minecraft:gold_block":49,"minecraft:nether_brick_fence":2,"minecraft:bookshelf":35,"minecraft:lime_wall_banner":2,"minecraft:shroomlight":528,"minecraft:stripped_oak_log":4,"minecraft:pink_terracotta":45,"minecraft:scaffolding":7814,"minecraft:acacia_leaves":281,"minecraft:snow_block":708,"minecraft:basalt":4377,"minecraft:warped_fence":52,"minecraft:polished_granite":11,"minecraft:oak_fence":362,"minecraft:honey_block":33,"minecraft:gray_stained_glass":74,"minecraft:lime_carpet":167,"minecraft:stone_slab":39,"minecraft:red_glazed_terracotta":218,"minecraft:polished_blackstone_brick_stairs":19,"minecraft:prismarine_bricks":142,"minecraft:birch_planks":91,"minecraft:sea_pickle":141,"minecraft:polished_blackstone_slab":558,"minecraft:black_wall_banner":40,"minecraft:ice":2,"minecraft:white_wall_banner":1,"minecraft:bee_nest":2,"minecraft:grass_path":294,"minecraft:warped_hyphae":5,"minecraft:black_wool":3,"minecraft:cocoa":129,"minecraft:cyan_carpet":75,"minecraft:cracked_stone_bricks":490,"minecraft:stripped_acacia_wood":1,"minecraft:mossy_stone_bricks":211,"minecraft:crimson_fence":35,"minecraft:jungle_wall_sign":1,"minecraft:dark_oak_planks":185,"minecraft:stripped_warped_stem":77,"minecraft:light_blue_concrete":7,"minecraft:jungle_leaves":2895,"minecraft:obsidian":529,"minecraft:warped_stairs":37,"minecraft:carved_pumpkin":133,"minecraft:chiseled_polished_blackstone":7,"minecraft:red_sand":13692,"minecraft:crimson_trapdoor":7,"minecraft:stone_brick_wall":17,"minecraft:yellow_carpet":142,"minecraft:jungle_log":8260,"minecraft:coal_block":7,"minecraft:hopper":480,"minecraft:lime_stained_glass":347,"minecraft:bubble_coral_block":2,"minecraft:tube_coral_block":2,"minecraft:crimson_fungus":37,"minecraft:oxeye_daisy":85,"minecraft:chiseled_stone_bricks":2,"minecraft:light_blue_stained_glass":211,"minecraft:weeping_vines_plant":21,"minecraft:orange_concrete":101,"minecraft:tall_seagrass":687,"minecraft:brown_stained_glass":3,"minecraft:sticky_piston":19,"minecraft:pumpkin":338,"minecraft:enchanting_table":1,"minecraft:lime_stained_glass_pane":865,"minecraft:oak_sign":8,"minecraft:oak_stairs":153,"minecraft:quartz_slab":64,"minecraft:smooth_sandstone_stairs":2,"minecraft:blue_orchid":108,"minecraft:iron_block":1610,"minecraft:soul_wall_torch":29,"minecraft:brown_mushroom":34,"minecraft:red_bed":4,"minecraft:player_wall_head":13,"minecraft:soul_fire":45,"minecraft:blue_stained_glass":520,"minecraft:polished_andesite_stairs":110,"minecraft:polished_diorite_slab":135,"minecraft:glass":593,"minecraft:cyan_bed":12,"minecraft:damaged_anvil":10,"minecraft:smooth_sandstone_slab":277,"minecraft:crimson_stairs":24,"minecraft:spruce_sign":14,"minecraft:cyan_wool":21,"minecraft:black_concrete_powder":246,"minecraft:light_gray_stained_glass":34,"minecraft:wheat":11208,"minecraft:lilac":16,"minecraft:pumpkin_stem":17,"minecraft:lime_concrete":2,"minecraft:birch_door":3,"minecraft:black_bed":1,"minecraft:warped_fungus":222,"minecraft:stone_brick_stairs":17,"minecraft:potted_poppy":1,"minecraft:oak_fence_gate":26,"minecraft:purple_concrete_powder":21,"minecraft:loom":2,"minecraft:blue_shulker_box":10,"minecraft:cut_red_sandstone":4,"minecraft:stonecutter":23,"minecraft:red_mushroom_block":90,"minecraft:yellow_stained_glass":372,"minecraft:piston":76,"minecraft:light_blue_stained_glass_pane":14,"minecraft:yellow_terracotta":4951,"minecraft:pink_shulker_box":37,"minecraft:light_gray_stained_glass_pane":34,"minecraft:blue_stained_glass_pane":1,"minecraft:stripped_birch_log":74,"minecraft:jack_o_lantern":39,"minecraft:warped_door":1,"minecraft:shulker_box":2124,"minecraft:nether_bricks":951,"minecraft:allium":88,"minecraft:jungle_planks":19,"minecraft:crimson_roots":99,"minecraft:orange_shulker_box":449,"minecraft:lime_wool":24,"minecraft:kelp":561,"minecraft:pink_wool":16,"minecraft:black_stained_glass_pane":9,"minecraft:polished_blackstone_button":9,"minecraft:red_sandstone":2,"minecraft:snow":75693,"minecraft:diamond_block":1,"minecraft:warped_stem":2296,"minecraft:bamboo":319,"minecraft:smooth_quartz_stairs":25,"minecraft:bamboo_sapling":1,"minecraft:warped_trapdoor":16,"minecraft:white_wool":8,"minecraft:smithing_table":2,"minecraft:light_gray_carpet":42,"minecraft:gray_concrete":1994,"minecraft:comparator":8,"minecraft:brown_stained_glass_pane":16,"minecraft:brown_carpet":63,"minecraft:stone_brick_slab":1226,"minecraft:observer":30,"minecraft:jungle_sign":1,"minecraft:smooth_sandstone":2161,"minecraft:spruce_button":2,"minecraft:dropper":13,"minecraft:purple_bed":18,"minecraft:purple_stained_glass":1095,"minecraft:white_carpet":274,"minecraft:spruce_log":6384,"minecraft:birch_leaves":4391,"minecraft:jungle_fence":4,"minecraft:quartz_pillar":23,"minecraft:mycelium":1001,"minecraft:acacia_door":1,"minecraft:acacia_planks":47,"minecraft:black_shulker_box":133,"minecraft:spruce_planks":36,"minecraft:attached_melon_stem":1,"minecraft:jungle_slab":1220,"minecraft:cobblestone_stairs":34,"minecraft:grass_block":52015,"minecraft:blue_concrete":1994,"minecraft:purple_stained_glass_pane":26,"minecraft:soul_soil":6299,"minecraft:stripped_warped_hyphae":5,"minecraft:warped_sign":2,"minecraft:sandstone_stairs":421,"minecraft:smooth_stone":871,"minecraft:glowstone":335,"minecraft:iron_ore":2437,"minecraft:target":59,"minecraft:black_carpet":351,"minecraft:anvil":12,"minecraft:azure_bluet":78,"minecraft:dark_oak_stairs":136,"minecraft:purple_carpet":167,"minecraft:birch_wall_sign":217,"minecraft:jungle_pressure_plate":4,"minecraft:green_bed":10,"minecraft:cyan_terracotta":4792,"minecraft:blackstone":7307,"minecraft:twisting_vines_plant":37,"minecraft:melon_stem":3,"minecraft:soul_lantern":56,"minecraft:clay":140,"minecraft:chiseled_quartz_block":2,"minecraft:poppy":1022,"minecraft:chest":562,"minecraft:mushroom_stem":15,"minecraft:honeycomb_block":7,"minecraft:cobblestone":3021,"minecraft:slime_block":651,"minecraft:grindstone":7,"minecraft:prismarine":11,"minecraft:iron_door":3,"minecraft:magenta_shulker_box":155,"minecraft:seagrass":775,"minecraft:acacia_sapling":3,"minecraft:nether_wart_block":1065,"minecraft:birch_log":7469,"minecraft:dark_oak_door":19,"minecraft:lapis_block":11,"minecraft:yellow_wool":40,"minecraft:light_gray_wool":1,"minecraft:orange_tulip":120,"minecraft:purpur_block":19,"minecraft:sand":97795,"minecraft:crimson_planks":19,"minecraft:tripwire_hook":2,"minecraft:oak_leaves":83646,"minecraft:netherrack":25946,"minecraft:magenta_wool":5,"minecraft:emerald_block":90,"minecraft:redstone_lamp":78,"minecraft:granite_wall":7,"minecraft:nether_gold_ore":14,"minecraft:diamond_ore":98,"minecraft:red_carpet":100,"minecraft:blackstone_wall":18,"minecraft:oak_door":2,"minecraft:gray_shulker_box":45,"minecraft:gray_stained_glass_pane":4,"minecraft:black_banner":37,"minecraft:brick_stairs":1,"minecraft:weeping_vines":6,"minecraft:white_stained_glass":4721,"minecraft:polished_andesite_slab":175,"minecraft:sandstone":9844,"minecraft:large_fern":680,"minecraft:diorite_slab":704,"minecraft:oak_trapdoor":38,"minecraft:spruce_sapling":49,"minecraft:furnace":123,"minecraft:carrots":284,"minecraft:chiseled_sandstone":298,"minecraft:acacia_stairs":76,"minecraft:dark_oak_fence_gate":3,"minecraft:stripped_spruce_log":20,"minecraft:black_concrete":595,"minecraft:bell":1,"minecraft:crimson_door":1,"minecraft:lantern":131,"minecraft:stripped_acacia_log":26,"minecraft:stripped_jungle_log":2,"minecraft:packed_ice":1,"minecraft:chorus_plant":37,"minecraft:white_tulip":87,"minecraft:stone":184058,"minecraft:yellow_shulker_box":138,"minecraft:redstone_wall_torch":52,"minecraft:birch_pressure_plate":1,"minecraft:podzol":4313,"minecraft:light_blue_shulker_box":21,"minecraft:red_wool":19,"minecraft:soul_torch":5,"minecraft:spruce_door":27,"minecraft:crafting_table":155,"minecraft:blackstone_slab":603,"minecraft:oak_wood":308,"minecraft:rose_bush":95,"minecraft:andesite_slab":6,"minecraft:lectern":4,"minecraft:andesite_wall":20,"minecraft:lapis_ore":270,"minecraft:lily_pad":107,"minecraft:spruce_stairs":117,"minecraft:gray_wool":25,"minecraft:cactus":155,"minecraft:lime_bed":5,"minecraft:gray_concrete_powder":8,"minecraft:green_shulker_box":236,"minecraft:beehive":6,"minecraft:polished_blackstone_stairs":8,"minecraft:redstone_torch":78,"minecraft:sweet_berry_bush":4407,"minecraft:coal_ore":5203,"minecraft:end_rod":22,"minecraft:gray_carpet":149,"minecraft:terracotta":21935,"minecraft:crimson_wall_sign":2,"minecraft:polished_andesite":42,"minecraft:acacia_wall_sign":4,"minecraft:birch_fence":9,"minecraft:warped_slab":70},"minecraft:custom":{"minecraft:interact_with_crafting_table":4866,"minecraft:damage_blocked_by_shield":2175,"minecraft:deaths":170,"minecraft:jump":467036,"minecraft:interact_with_cartography_table":20,"minecraft:interact_with_smoker":225,"minecraft:inspect_dispenser":888,"minecraft:horse_one_cm":772527,"minecraft:inspect_dropper":362,"minecraft:interact_with_anvil":653,"minecraft:inspect_hopper":4226,"minecraft:tune_noteblock":421,"minecraft:time_since_rest":8075,"minecraft:swim_one_cm":5719136,"minecraft:open_chest":34037,"minecraft:open_shulker_box":25618,"minecraft:clean_banner":31,"minecraft:clean_armor":1,"minecraft:damage_resisted":62801,"minecraft:play_noteblock":48,"minecraft:talked_to_villager":1738,"minecraft:interact_with_brewingstand":220,"minecraft:interact_with_beacon":65,"minecraft:fill_cauldron":14,"minecraft:interact_with_campfire":14,"minecraft:boat_one_cm":39489942,"minecraft:damage_taken":573768,"minecraft:aviate_one_cm":625524162,"minecraft:open_barrel":16875,"minecraft:bell_ring":17,"minecraft:eat_cake_slice":4,"minecraft:leave_game":1136,"minecraft:time_since_death":562471,"minecraft:enchant_item":82,"minecraft:interact_with_furnace":4798,"minecraft:traded_with_villager":3954,"minecraft:sleep_in_bed":3855,"minecraft:damage_dealt":1760294,"minecraft:use_cauldron":1,"minecraft:interact_with_smithing_table":27,"minecraft:target_hit":1465,"minecraft:sneak_time":4336683,"minecraft:interact_with_lectern":248,"minecraft:interact_with_blast_furnace":8,"minecraft:interact_with_stonecutter":86,"minecraft:fly_one_cm":42031140,"minecraft:fall_one_cm":14028426,"minecraft:animals_bred":2644,"minecraft:sprint_one_cm":171800760,"minecraft:drop":2481,"minecraft:walk_on_water_one_cm":9800719,"minecraft:play_one_minute":91493577,"minecraft:interact_with_loom":53,"minecraft:open_enderchest":2976,"minecraft:player_kills":7,"minecraft:crouch_one_cm":13719660,"minecraft:mob_kills":39184,"minecraft:climb_one_cm":14876554,"minecraft:walk_one_cm":249973789,"minecraft:strider_one_cm":49037,"minecraft:walk_under_water_one_cm":22765173,"minecraft:raid_trigger":1,"minecraft:pot_flower":7,"minecraft:interact_with_grindstone":107,"minecraft:damage_absorbed":588,"minecraft:minecart_one_cm":1406014},"minecraft:picked_up":{"minecraft:suspicious_stew":9,"minecraft:smithing_table":2,"minecraft:lead":303,"minecraft:stone_slab":52,"minecraft:enchanted_book":30,"minecraft:blue_concrete":54,"minecraft:string":1566,"minecraft:polished_blackstone_brick_stairs":18,"minecraft:dark_oak_pressure_plate":2,"minecraft:pufferfish":20,"minecraft:shroomlight":762,"minecraft:diamond_leggings":4,"minecraft:warped_slab":71,"minecraft:crimson_sign":2,"minecraft:diamond_ore":15,"minecraft:spruce_pressure_plate":29,"minecraft:polished_blackstone_brick_slab":8,"minecraft:polished_blackstone_stairs":80,"minecraft:acacia_log":217,"minecraft:cyan_stained_glass":99,"minecraft:purpur_pillar":3,"minecraft:honeycomb_block":9,"minecraft:warped_pressure_plate":4,"minecraft:cauldron":4,"minecraft:green_terracotta":518,"minecraft:golden_chestplate":38,"minecraft:gray_shulker_box":45,"minecraft:warped_door":12,"minecraft:pink_terracotta":38,"minecraft:brown_carpet":60,"minecraft:yellow_banner":3,"minecraft:orange_bed":13,"minecraft:stone_sword":1,"minecraft:lime_carpet":166,"minecraft:honey_bottle":49,"minecraft:blackstone_wall":24,"minecraft:polished_basalt":593,"minecraft:carved_pumpkin":227,"minecraft:red_tulip":49,"minecraft:glowstone":360,"minecraft:bookshelf":1,"minecraft:end_rod":24,"minecraft:white_terracotta":5160,"minecraft:blaze_rod":60,"minecraft:iron_bars":271,"minecraft:snowball":61462,"minecraft:feather":705,"minecraft:cooked_beef":2626,"minecraft:water_bucket":18,"minecraft:brown_wool":2309,"minecraft:flint":275,"minecraft:purple_stained_glass":1398,"minecraft:lantern":312,"minecraft:gray_concrete_powder":1468,"minecraft:purple_carpet":246,"minecraft:warped_hyphae":5,"minecraft:stonecutter":27,"minecraft:dark_oak_sign":9,"minecraft:diamond_helmet":2,"minecraft:rabbit":2,"minecraft:honeycomb":165,"minecraft:chiseled_polished_blackstone":7,"minecraft:lime_terracotta":2,"minecraft:stripped_acacia_wood":1,"minecraft:stripped_crimson_stem":13,"minecraft:birch_fence_gate":14,"minecraft:stripped_spruce_log":22,"minecraft:acacia_stairs":319,"minecraft:iron_hoe":15,"minecraft:polished_andesite":41,"minecraft:lever":144,"minecraft:granite":9251,"minecraft:spruce_button":19,"minecraft:cyan_dye":74,"minecraft:jack_o_lantern":51,"minecraft:light_gray_carpet":51,"minecraft:crimson_roots":134,"minecraft:diamond_pickaxe":5,"minecraft:bee_nest":2,"minecraft:stripped_warped_hyphae":5,"minecraft:clay_ball":547,"minecraft:leather_leggings":54,"minecraft:golden_pickaxe":1,"minecraft:redstone_lamp":76,"minecraft:acacia_button":2,"minecraft:purpur_block":33,"minecraft:heavy_weighted_pressure_plate":12,"minecraft:cornflower":150,"minecraft:elytra":71,"minecraft:acacia_door":37,"minecraft:flint_and_steel":17,"minecraft:white_carpet":778,"minecraft:white_stained_glass":7804,"minecraft:iron_shovel":76,"minecraft:polished_blackstone_wall":43,"minecraft:glass_pane":195,"minecraft:netherite_sword":38,"minecraft:stripped_warped_stem":77,"minecraft:jungle_sapling":183,"minecraft:poppy":1108,"minecraft:spruce_slab":184,"minecraft:minecart":41,"minecraft:birch_sapling":667,"minecraft:piston":75,"minecraft:lime_shulker_box":46,"minecraft:black_stained_glass":1205,"minecraft:stone":99992,"minecraft:fire_charge":26,"minecraft:white_dye":316,"minecraft:netherite_pickaxe":66,"minecraft:cyan_shulker_box":67,"minecraft:red_nether_brick_wall":9,"minecraft:jungle_sign":3,"minecraft:stone_shovel":6,"minecraft:purpur_slab":1,"minecraft:hay_block":122,"minecraft:yellow_terracotta":4896,"minecraft:totem_of_undying":6,"minecraft:polished_blackstone":494,"minecraft:mutton":319,"minecraft:rail":290,"minecraft:bone_block":405,"minecraft:oxeye_daisy":81,"minecraft:lime_bed":6,"minecraft:birch_leaves":3796,"minecraft:yellow_shulker_box":142,"minecraft:clock":6,"minecraft:tripwire_hook":69,"minecraft:red_glazed_terracotta":212,"minecraft:fern":1666,"minecraft:yellow_dye":192,"minecraft:blackstone_slab":589,"minecraft:jungle_fence":3,"minecraft:purpur_stairs":5,"minecraft:lily_pad":162,"minecraft:paper":1029,"minecraft:light_blue_banner":1,"minecraft:apple":195,"minecraft:warped_stem":2322,"minecraft:yellow_stained_glass":1230,"minecraft:oak_fence_gate":65,"minecraft:stone_pickaxe":12,"minecraft:iron_ore":2416,"minecraft:magenta_stained_glass":4,"minecraft:dark_oak_stairs":170,"minecraft:polished_andesite_stairs":110,"minecraft:milk_bucket":6,"minecraft:light_gray_stained_glass":90,"minecraft:sweet_berries":45768,"minecraft:red_wool":74,"minecraft:lime_concrete":5,"minecraft:cracked_nether_bricks":6,"minecraft:crimson_stairs":24,"minecraft:light_blue_stained_glass":175,"minecraft:crying_obsidian":232,"minecraft:leather_helmet":38,"minecraft:oak_wood":313,"minecraft:diamond_shovel":6,"minecraft:coal_ore":1506,"minecraft:slime_ball":2480,"minecraft:painting":42,"minecraft:birch_sign":790,"minecraft:polished_blackstone_brick_wall":4,"minecraft:baked_potato":17,"minecraft:smooth_quartz_slab":365,"minecraft:hopper":470,"minecraft:prismarine_stairs":11,"minecraft:black_carpet":480,"minecraft:light_blue_concrete":69,"minecraft:ender_chest":24,"minecraft:nether_brick_fence":10,"minecraft:yellow_wool":51,"minecraft:stone_brick_stairs":34,"minecraft:warped_stairs":42,"minecraft:lapis_block":27,"minecraft:experience_bottle":111,"minecraft:red_sand":13982,"minecraft:smooth_stone":5045,"minecraft:comparator":12,"minecraft:bucket":33,"minecraft:light_weighted_pressure_plate":57,"minecraft:red_dye":21,"minecraft:white_tulip":82,"minecraft:rose_bush":1648,"minecraft:cobblestone_slab":76,"minecraft:ender_eye":2,"minecraft:iron_pickaxe":89,"minecraft:smooth_quartz":99,"minecraft:smooth_quartz_stairs":47,"minecraft:blue_wool":11,"minecraft:acacia_fence":2,"minecraft:spruce_stairs":146,"minecraft:netherite_shovel":43,"minecraft:diorite":10414,"minecraft:vine":1200,"minecraft:andesite_wall":94,"minecraft:rotten_flesh":3114,"minecraft:red_sandstone_slab":1,"minecraft:brown_shulker_box":31,"minecraft:chorus_flower":246,"minecraft:obsidian":693,"minecraft:blaze_powder":1,"minecraft:cobblestone":64151,"minecraft:leather_chestplate":43,"minecraft:lilac":88,"minecraft:repeater":232,"minecraft:andesite":10952,"minecraft:orange_carpet":255,"minecraft:black_bed":2,"minecraft:golden_leggings":61,"minecraft:beacon":18,"minecraft:potato":162,"minecraft:smooth_sandstone_stairs":36,"minecraft:prismarine_bricks":142,"minecraft:dirt":63123,"minecraft:stripped_birch_log":72,"minecraft:cut_sandstone_slab":18,"minecraft:name_tag":6,"minecraft:glass":1504,"minecraft:bone":4202,"minecraft:acacia_planks":101,"minecraft:granite_wall":7,"minecraft:bow":257,"minecraft:wheat_seeds":31492,"minecraft:orange_tulip":117,"minecraft:crimson_fence_gate":4,"minecraft:grindstone":8,"minecraft:popped_chorus_fruit":54,"minecraft:netherite_axe":43,"minecraft:purple_stained_glass_pane":38,"minecraft:mossy_stone_bricks":214,"minecraft:fletching_table":2,"minecraft:bamboo":8697,"minecraft:cyan_concrete":48,"minecraft:prismarine":47,"minecraft:brown_stained_glass":46,"minecraft:gray_stained_glass":259,"minecraft:black_stained_glass_pane":13,"minecraft:light_blue_shulker_box":20,"minecraft:melon":12,"minecraft:nether_brick_stairs":610,"minecraft:grass_block":15596,"minecraft:warped_fence_gate":2,"minecraft:diamond_block":35,"minecraft:jungle_slab":1285,"minecraft:spectral_arrow":90,"minecraft:mossy_cobblestone":231,"minecraft:jungle_leaves":2570,"minecraft:light_gray_terracotta":5192,"minecraft:sugar":31,"minecraft:yellow_carpet":187,"minecraft:slime_block":1320,"minecraft:netherite_helmet":30,"minecraft:polished_blackstone_pressure_plate":8,"minecraft:soul_lantern":247,"minecraft:cracked_polished_blackstone_bricks":20,"minecraft:crossbow":29,"minecraft:bone_meal":2023,"minecraft:grass":209,"minecraft:golden_apple":29,"minecraft:spruce_sign":39,"minecraft:emerald":95,"minecraft:netherrack":24303,"minecraft:chorus_fruit":1031,"minecraft:andesite_slab":76,"minecraft:oak_leaves":76430,"minecraft:azure_bluet":81,"minecraft:splash_potion":14,"minecraft:ladder":871,"minecraft:brown_mushroom":115,"minecraft:packed_ice":58,"minecraft:pink_wool":15,"minecraft:stone_brick_wall":17,"minecraft:diorite_slab":715,"minecraft:chain":166,"minecraft:shield":10,"minecraft:brick":2,"minecraft:orange_stained_glass":1137,"minecraft:oak_trapdoor":50,"minecraft:mycelium":980,"minecraft:birch_fence":9,"minecraft:magenta_wool":22,"minecraft:blackstone":7669,"minecraft:blue_orchid":146,"minecraft:lime_wool":45,"minecraft:end_stone":264,"minecraft:note_block":87,"minecraft:polished_blackstone_bricks":642,"minecraft:brown_concrete_powder":1,"minecraft:cookie":1,"minecraft:trident":28,"minecraft:light_blue_bed":1,"minecraft:light_gray_stained_glass_pane":182,"minecraft:brown_dye":23,"minecraft:stone_pressure_plate":72,"minecraft:purple_terracotta":195,"minecraft:blue_concrete_powder":1850,"minecraft:weeping_vines":101,"minecraft:red_shulker_box":133,"minecraft:pumpkin_pie":144,"minecraft:nether_bricks":996,"minecraft:pink_tulip":94,"minecraft:black_banner":116,"minecraft:brick_stairs":31,"minecraft:nether_brick_wall":104,"minecraft:netherite_boots":18,"minecraft:purple_dye":11,"minecraft:jungle_boat":10,"minecraft:basalt":5355,"minecraft:dark_oak_button":1,"minecraft:golden_carrot":1070,"minecraft:leather":3034,"minecraft:ice":2,"minecraft:granite_stairs":48,"minecraft:crimson_fungus":37,"minecraft:chainmail_chestplate":24,"minecraft:cobblestone_wall":102,"minecraft:gunpowder":124,"minecraft:orange_terracotta":7739,"minecraft:cooked_mutton":67,"minecraft:red_carpet":490,"minecraft:gray_carpet":208,"minecraft:acacia_trapdoor":76,"minecraft:rabbit_hide":3,"minecraft:iron_ingot":562,"minecraft:cooked_chicken":315,"minecraft:polished_andesite_slab":280,"minecraft:pink_bed":2,"minecraft:warped_fungus":260,"minecraft:nether_quartz_ore":503,"minecraft:emerald_block":90,"minecraft:stone_brick_slab":905,"minecraft:quartz":2300,"minecraft:dandelion":631,"minecraft:lava_bucket":15,"minecraft:green_stained_glass":15,"minecraft:soul_torch":76,"minecraft:nether_brick_slab":407,"minecraft:spruce_door":62,"minecraft:cut_red_sandstone":4,"minecraft:pumpkin_seeds":702,"minecraft:white_concrete_powder":315,"minecraft:gray_banner":1,"minecraft:chainmail_leggings":14,"minecraft:mossy_cobblestone_stairs":30,"minecraft:terracotta":22212,"minecraft:damaged_anvil":10,"minecraft:sunflower":71,"minecraft:iron_chestplate":4,"minecraft:seagrass":86,"minecraft:birch_door":165,"minecraft:chainmail_boots":24,"minecraft:flower_pot":7,"minecraft:anvil":15,"minecraft:prismarine_shard":22,"minecraft:magenta_carpet":162,"minecraft:diamond_sword":9,"minecraft:oak_stairs":168,"minecraft:brown_bed":14,"minecraft:wither_rose":673,"minecraft:golden_shovel":1,"minecraft:brewing_stand":4,"minecraft:golden_sword":8,"minecraft:dark_oak_trapdoor":26,"minecraft:soul_soil":6551,"minecraft:red_nether_bricks":2,"minecraft:blue_stained_glass_pane":2,"minecraft:beetroot":648,"minecraft:gold_nugget":167,"minecraft:crimson_fence":84,"minecraft:spruce_planks":169,"minecraft:acacia_sign":25,"minecraft:written_book":37,"minecraft:melon_slice":484,"minecraft:coal_block":97,"minecraft:dark_oak_door":40,"minecraft:golden_helmet":65,"minecraft:beehive":12,"minecraft:music_disc_blocks":1,"minecraft:composter":34,"minecraft:green_bed":10,"minecraft:pink_carpet":14,"minecraft:sandstone_wall":856,"minecraft:warped_planks":41,"minecraft:chiseled_nether_bricks":3,"minecraft:black_dye":93,"minecraft:gray_stained_glass_pane":4,"minecraft:light_blue_wool":22,"minecraft:tropical_fish":17,"minecraft:iron_block":2014,"minecraft:cyan_terracotta":4020,"minecraft:netherite_chestplate":6,"minecraft:blackstone_stairs":44,"minecraft:birch_log":7526,"minecraft:magma_block":614,"minecraft:mossy_cobblestone_slab":28,"minecraft:polished_diorite_slab":171,"minecraft:iron_door":3,"minecraft:birch_slab":136,"minecraft:jungle_log":8127,"minecraft:acacia_leaves":169,"minecraft:smoker":2,"minecraft:magenta_bed":24,"minecraft:map":3,"minecraft:netherite_leggings":46,"minecraft:gray_concrete":925,"minecraft:light_gray_concrete_powder":904,"minecraft:twisting_vines":113,"minecraft:chipped_anvil":35,"minecraft:gray_terracotta":5,"minecraft:glowstone_dust":190,"minecraft:warped_wart_block":6497,"minecraft:dropper":22,"minecraft:ink_sac":1460,"minecraft:granite_slab":4,"minecraft:crimson_door":1,"minecraft:loom":2,"minecraft:dark_oak_log":687,"minecraft:red_terracotta":1993,"minecraft:barrel":182,"minecraft:stripped_acacia_log":37,"minecraft:dispenser":115,"minecraft:black_concrete_powder":420,"minecraft:writable_book":16,"minecraft:chainmail_helmet":17,"minecraft:bread":153,"minecraft:dark_oak_fence":62,"minecraft:spruce_leaves":2725,"minecraft:lime_stained_glass_pane":973,"minecraft:crafting_table":163,"minecraft:coarse_dirt":1443,"minecraft:sandstone_slab":84,"minecraft:purple_wool":8,"minecraft:nether_wart":1483,"minecraft:orange_stained_glass_pane":16,"minecraft:conduit":1,"minecraft:crimson_trapdoor":11,"minecraft:jungle_trapdoor":7,"minecraft:red_bed":4,"minecraft:snow":26,"minecraft:compass":29,"minecraft:cracked_stone_bricks":546,"minecraft:cartography_table":3,"minecraft:beef":3948,"minecraft:cyan_wool":24,"minecraft:iron_nugget":116,"minecraft:quartz_stairs":49,"minecraft:chest":585,"minecraft:egg":2776,"minecraft:sandstone":10113,"minecraft:oak_door":74,"minecraft:cut_red_sandstone_slab":1,"minecraft:spruce_fence":31,"minecraft:carrot":1267,"minecraft:redstone":5268,"minecraft:mushroom_stem":2,"minecraft:prismarine_crystals":12,"minecraft:blue_carpet":921,"minecraft:tnt":45,"minecraft:cooked_cod":3,"minecraft:beetroot_seeds":1802,"minecraft:peony":80,"minecraft:shears":46,"minecraft:diamond_boots":2,"minecraft:sandstone_stairs":713,"minecraft:warped_sign":6,"minecraft:tube_coral_block":2,"minecraft:gold_ingot":334,"minecraft:white_shulker_box":77,"minecraft:white_wool":261,"minecraft:crimson_slab":40,"minecraft:lapis_ore":108,"minecraft:stripped_oak_log":4,"minecraft:red_mushroom":78,"minecraft:filled_map":122,"minecraft:oak_log":14151,"minecraft:jungle_button":3,"minecraft:ancient_debris":60,"minecraft:golden_boots":34,"minecraft:white_banner":8,"minecraft:birch_pressure_plate":1,"minecraft:stone_bricks":2142,"minecraft:kelp":11673,"minecraft:cobweb":122,"minecraft:glass_bottle":53,"minecraft:iron_sword":73,"minecraft:white_stained_glass_pane":72,"minecraft:dark_oak_slab":129,"minecraft:daylight_detector":70,"minecraft:gravel":7322,"minecraft:birch_stairs":53,"minecraft:spruce_sapling":791,"minecraft:spruce_log":7310,"minecraft:sea_lantern":281,"minecraft:firework_rocket":3832,"minecraft:red_stained_glass":1126,"minecraft:purple_bed":18,"minecraft:polished_diorite":53,"minecraft:stone_axe":5,"minecraft:light_blue_carpet":81,"minecraft:redstone_ore":141,"minecraft:diamond_axe":3,"minecraft:gray_wool":58,"minecraft:warped_roots":1677,"minecraft:oak_button":7,"minecraft:brown_banner":2,"minecraft:melon_seeds":27,"minecraft:warped_nylium":190,"minecraft:crimson_nylium":75,"minecraft:pink_dye":1,"minecraft:ender_pearl":7251,"minecraft:shulker_shell":99,"minecraft:wheat":11285,"minecraft:redstone_block":21,"minecraft:iron_trapdoor":23,"minecraft:light_gray_shulker_box":18,"minecraft:potion":102,"minecraft:nether_brick":202,"minecraft:crimson_planks":19,"minecraft:smooth_stone_slab":277,"minecraft:iron_leggings":3,"minecraft:armor_stand":1008,"minecraft:sticky_piston":18,"minecraft:pink_shulker_box":38,"minecraft:oak_sign":94,"minecraft:sea_pickle":607,"minecraft:activator_rail":7,"minecraft:black_shulker_box":137,"minecraft:dark_oak_leaves":10,"minecraft:redstone_torch":279,"minecraft:iron_boots":44,"minecraft:furnace":128,"minecraft:stick":3405,"minecraft:orange_shulker_box":446,"minecraft:brown_terracotta":828,"minecraft:oak_fence":359,"minecraft:torch":12532,"minecraft:porkchop":55,"minecraft:snow_block":100,"minecraft:dried_kelp":63,"minecraft:target":61,"minecraft:yellow_concrete_powder":538,"minecraft:blue_stained_glass":912,"minecraft:quartz_block":125,"minecraft:nether_gold_ore":4,"minecraft:cactus":988,"minecraft:green_wool":25,"minecraft:cod":14,"minecraft:nautilus_shell":7,"minecraft:jungle_pressure_plate":4,"minecraft:magma_cream":124,"minecraft:chiseled_quartz_block":2,"minecraft:light_gray_dye":285,"minecraft:warped_trapdoor":15,"minecraft:green_shulker_box":233,"minecraft:lapis_lazuli":1945,"minecraft:polished_granite":12,"minecraft:leather_boots":42,"minecraft:bell":1,"minecraft:light_blue_dye":2,"minecraft:powered_rail":61,"minecraft:oak_planks":1863,"minecraft:stone_hoe":8,"minecraft:mossy_stone_brick_stairs":2,"minecraft:ghast_tear":34,"minecraft:black_terracotta":43,"minecraft:cooked_porkchop":844,"minecraft:music_disc_13":1,"minecraft:poisonous_potato":42,"minecraft:polished_blackstone_slab":862,"minecraft:jungle_planks":58,"minecraft:sand":96111,"minecraft:dead_bush":17,"minecraft:lily_of_the_valley":27,"minecraft:cyan_bed":16,"minecraft:chiseled_sandstone":376,"minecraft:shulker_box":2138,"minecraft:orange_wool":118,"minecraft:light_gray_concrete":167,"minecraft:clay":44,"minecraft:diamond":206,"minecraft:spruce_boat":24,"minecraft:black_concrete":1302,"minecraft:polished_blackstone_button":14,"minecraft:white_concrete":930,"minecraft:oak_sapling":1556,"minecraft:bubble_coral_block":2,"minecraft:fishing_rod":2,"minecraft:cocoa_beans":570,"minecraft:charcoal":177,"minecraft:allium":85,"minecraft:chicken":601,"minecraft:wooden_pickaxe":4,"minecraft:gold_block":61,"minecraft:dragon_breath":1,"minecraft:stone_stairs":32,"minecraft:iron_axe":64,"minecraft:orange_concrete":121,"minecraft:item_frame":280,"minecraft:quartz_slab":84,"minecraft:warped_fence":48,"minecraft:cyan_carpet":76,"minecraft:detector_rail":31,"minecraft:andesite_stairs":10,"minecraft:oak_boat":101,"minecraft:player_head":240,"minecraft:observer":29,"minecraft:light_gray_wool":290,"minecraft:lectern":4,"minecraft:blue_shulker_box":10,"minecraft:sugar_cane":19059,"minecraft:spruce_trapdoor":242,"minecraft:phantom_membrane":9,"minecraft:dark_oak_sapling":34,"minecraft:orange_dye":535,"minecraft:red_stained_glass_pane":31,"minecraft:bowl":53,"minecraft:gray_dye":65,"minecraft:quartz_pillar":87,"minecraft:stone_button":158,"minecraft:magenta_shulker_box":137,"minecraft:dark_oak_planks":188,"minecraft:smooth_sandstone_slab":283,"minecraft:arrow":4800,"minecraft:light_blue_stained_glass_pane":13,"minecraft:jungle_stairs":69,"minecraft:saddle":2,"minecraft:soul_campfire":8,"minecraft:lime_stained_glass":1092,"minecraft:wet_sponge":3,"minecraft:crimson_stem":412,"minecraft:salmon":9,"minecraft:cut_sandstone":737,"minecraft:birch_planks":882,"minecraft:mushroom_stew":117,"minecraft:nether_wart_block":1261,"minecraft:cobblestone_stairs":110,"minecraft:podzol":4222,"minecraft:smooth_sandstone":2277,"minecraft:red_sandstone":8,"minecraft:heart_of_the_sea":65,"minecraft:acacia_sapling":54,"minecraft:soul_sand":1213,"minecraft:purple_concrete":4,"minecraft:green_dye":214,"minecraft:book":170,"minecraft:scaffolding":16567,"minecraft:oak_slab":568,"minecraft:birch_boat":36,"minecraft:pumpkin":424,"minecraft:chiseled_stone_bricks":2,"minecraft:magenta_stained_glass_pane":1,"minecraft:blast_furnace":4,"minecraft:white_bed":74,"minecraft:gold_ore":482,"minecraft:dark_oak_fence_gate":3,"minecraft:green_carpet":547,"minecraft:spider_eye":1000,"minecraft:stripped_jungle_log":1,"minecraft:lime_banner":13,"minecraft:lime_dye":1,"minecraft:dried_kelp_block":14,"minecraft:campfire":36,"minecraft:honey_block":90,"minecraft:iron_helmet":30,"minecraft:acacia_slab":123,"minecraft:black_wool":1104,"minecraft:red_concrete":81,"minecraft:coal":7376,"minecraft:purple_concrete_powder":63},"minecraft:killed":{"minecraft:tropical_fish":4,"minecraft:salmon":4,"minecraft:ender_dragon":1,"minecraft:pillager":51,"minecraft:zombie":3131,"minecraft:vindicator":4,"minecraft:endermite":38,"minecraft:snow_golem":6,"minecraft:husk":7,"minecraft:rabbit":1,"minecraft:zombified_piglin":2,"minecraft:witch":2,"minecraft:spider":27,"minecraft:piglin":4,"minecraft:zombie_villager":6,"minecraft:sheep":104,"minecraft:ghast":71,"minecraft:slime":1483,"minecraft:drowned":1006,"minecraft:hoglin":25,"minecraft:squid":264,"minecraft:wither_skeleton":7,"minecraft:player":3,"minecraft:cave_spider":1471,"minecraft:pufferfish":13,"minecraft:skeleton":5222,"minecraft:chicken":362,"minecraft:magma_cube":374,"minecraft:cow":1639,"minecraft:enderman":23531,"minecraft:pig":3,"minecraft:creeper":66,"minecraft:blaze":40,"minecraft:phantom":1,"minecraft:bat":3},"minecraft:broken":{"minecraft:shears":58,"minecraft:iron_leggings":1,"minecraft:fishing_rod":1,"minecraft:iron_hoe":2,"minecraft:leather_helmet":7,"minecraft:chainmail_leggings":1,"minecraft:stone_hoe":4,"minecraft:wooden_pickaxe":1,"minecraft:iron_pickaxe":119,"minecraft:iron_shovel":149,"minecraft:leather_leggings":3,"minecraft:stone_pickaxe":51,"minecraft:stone_axe":3,"minecraft:stone_shovel":5,"minecraft:golden_boots":5,"minecraft:iron_boots":3,"minecraft:iron_chestplate":1,"minecraft:chainmail_boots":3,"minecraft:golden_sword":1,"minecraft:iron_sword":25,"minecraft:bow":2,"minecraft:stone_sword":6,"minecraft:chainmail_helmet":1,"minecraft:iron_axe":18,"minecraft:iron_helmet":2,"minecraft:golden_helmet":20,"minecraft:golden_shovel":2,"minecraft:golden_leggings":11,"minecraft:chainmail_chestplate":1,"minecraft:golden_chestplate":3,"minecraft:flint_and_steel":6,"minecraft:leather_chestplate":1,"minecraft:golden_axe":1,"minecraft:leather_boots":2,"minecraft:golden_pickaxe":14},"minecraft:dropped":{"minecraft:iron_sword":2,"minecraft:porkchop":3,"minecraft:chorus_fruit":134,"minecraft:glass_bottle":23,"minecraft:diamond":19,"minecraft:crafting_table":2,"minecraft:cooked_porkchop":1,"minecraft:weeping_vines":2,"minecraft:warped_roots":367,"minecraft:blackstone_stairs":1,"minecraft:red_mushroom":6,"minecraft:emerald":16,"minecraft:gray_concrete":63,"minecraft:writable_book":8,"minecraft:gold_nugget":16,"minecraft:sand":117,"minecraft:dark_oak_door":1,"minecraft:stone_axe":1,"minecraft:compass":18,"minecraft:diamond_block":1,"minecraft:lever":5,"minecraft:cooked_chicken":6,"minecraft:black_carpet":1,"minecraft:wheat":86,"minecraft:rotten_flesh":232,"minecraft:oak_planks":159,"minecraft:coal_ore":1,"minecraft:jungle_log":128,"minecraft:leather_leggings":1,"minecraft:podzol":5,"minecraft:warped_wart_block":17,"minecraft:golden_boots":1,"minecraft:orange_shulker_box":2,"minecraft:wheat_seeds":2084,"minecraft:light_gray_stained_glass_pane":33,"minecraft:book":7,"minecraft:yellow_carpet":37,"minecraft:coal_block":73,"minecraft:mushroom_stew":7,"minecraft:potion":5,"minecraft:smooth_stone":60,"minecraft:chainmail_leggings":1,"minecraft:smooth_sandstone":14,"minecraft:blue_carpet":2,"minecraft:lily_pad":1,"minecraft:stone_brick_slab":33,"minecraft:netherite_hoe":1,"minecraft:player_head":3,"minecraft:red_banner":1,"minecraft:white_carpet":64,"minecraft:diamond_sword":3,"minecraft:peony":3,"minecraft:spruce_trapdoor":1,"minecraft:spruce_planks":1,"minecraft:diamond_pickaxe":3,"minecraft:light_blue_carpet":578,"minecraft:stone_pressure_plate":2,"minecraft:stone_bricks":9,"minecraft:bamboo":41,"minecraft:sandstone":9,"minecraft:bow":30,"minecraft:red_sand":3,"minecraft:terracotta":64,"minecraft:nether_brick_stairs":18,"minecraft:warped_fungus":1,"minecraft:oak_log":97,"minecraft:golden_pickaxe":1,"minecraft:ender_pearl":1079,"minecraft:black_banner":16,"minecraft:packed_ice":472,"minecraft:snowball":19,"minecraft:wet_sponge":1,"minecraft:cauldron":1,"minecraft:gold_ingot":207,"minecraft:soul_lantern":1,"minecraft:mycelium":28,"minecraft:leather_chestplate":1,"minecraft:birch_door":1,"minecraft:iron_ore":2,"minecraft:scaffolding":114,"minecraft:bread":19,"minecraft:lilac":7,"minecraft:golden_helmet":3,"minecraft:netherite_axe":1,"minecraft:iron_block":36,"minecraft:milk_bucket":2,"minecraft:green_dye":128,"minecraft:repeater":4,"minecraft:nether_wart_block":31,"minecraft:yellow_shulker_box":1,"minecraft:jungle_leaves":104,"minecraft:polished_basalt":1,"minecraft:cactus":8,"minecraft:tripwire_hook":2,"minecraft:kelp":76,"minecraft:sweet_berries":17,"minecraft:light_gray_terracotta":1,"minecraft:totem_of_undying":1,"minecraft:shulker_box":6,"minecraft:netherite_leggings":1,"minecraft:andesite":365,"minecraft:golden_leggings":1,"minecraft:oak_sapling":124,"minecraft:birch_sign":25,"minecraft:magma_cream":2,"minecraft:crimson_stem":8,"minecraft:cooked_beef":64,"minecraft:crossbow":3,"minecraft:cookie":3,"minecraft:elytra":2,"minecraft:rail":8,"minecraft:dragon_breath":1,"minecraft:red_carpet":1,"minecraft:item_frame":1,"minecraft:dirt":920,"minecraft:grass":29,"minecraft:jack_o_lantern":1,"minecraft:chain":1,"minecraft:jungle_sapling":36,"minecraft:wooden_sword":1,"minecraft:bone_meal":66,"minecraft:polished_blackstone_slab":1,"minecraft:cyan_carpet":388,"minecraft:bone":594,"minecraft:sugar_cane":49,"minecraft:golden_chestplate":1,"minecraft:birch_sapling":134,"minecraft:netherite_shovel":2,"minecraft:lime_dye":1,"minecraft:salmon":1,"minecraft:ladder":63,"minecraft:yellow_banner":1,"minecraft:white_dye":1,"minecraft:egg":206,"minecraft:crimson_planks":64,"minecraft:iron_ingot":6,"minecraft:chiseled_nether_bricks":1,"minecraft:netherite_pickaxe":3,"minecraft:birch_leaves":495,"minecraft:cyan_stained_glass":3,"minecraft:tnt":1,"minecraft:polished_blackstone":2,"minecraft:oak_fence":1,"minecraft:feather":20,"minecraft:cobblestone":2284,"minecraft:granite":178,"minecraft:coal":5,"minecraft:polished_andesite":12,"minecraft:jungle_slab":190,"minecraft:golden_carrot":9,"minecraft:rose_bush":14,"minecraft:rabbit":1,"minecraft:brown_terracotta":2,"minecraft:dried_kelp":26,"minecraft:heart_of_the_sea":72,"minecraft:paper":11,"minecraft:string":11,"minecraft:spruce_sapling":55,"minecraft:soul_torch":1,"minecraft:polished_diorite_slab":1,"minecraft:stone_sword":1,"minecraft:bowl":10,"minecraft:slime_block":45,"minecraft:light_blue_concrete":256,"minecraft:nether_bricks":39,"minecraft:pumpkin_seeds":32,"minecraft:lily_of_the_valley":8,"minecraft:hay_block":1,"minecraft:shroomlight":28,"minecraft:stone":1140,"minecraft:wooden_shovel":1,"minecraft:carved_pumpkin":8,"minecraft:spider_eye":162,"minecraft:black_wool":1,"minecraft:gold_ore":4,"minecraft:spruce_sign":1,"minecraft:brown_mushroom":2,"minecraft:birch_planks":5,"minecraft:baked_potato":1,"minecraft:lantern":7,"minecraft:lime_stained_glass_pane":3,"minecraft:flint":47,"minecraft:spruce_leaves":99,"minecraft:cyan_terracotta":1,"minecraft:orange_carpet":3,"minecraft:crimson_roots":26,"minecraft:pumpkin_pie":77,"minecraft:armor_stand":10,"minecraft:honeycomb_block":1,"minecraft:gravel":163,"minecraft:crimson_fungus":1,"minecraft:fern":205,"minecraft:diamond_shovel":2,"minecraft:beehive":1,"minecraft:honey_bottle":1,"minecraft:carrot":4,"minecraft:poppy":66,"minecraft:rabbit_hide":1,"minecraft:spruce_pressure_plate":22,"minecraft:glowstone":8,"minecraft:melon_seeds":1,"minecraft:chest":26,"minecraft:blackstone_slab":8,"minecraft:basalt":1,"minecraft:arrow":291,"minecraft:quartz":1,"minecraft:oak_leaves":176,"minecraft:netherrack":3698,"minecraft:firework_rocket":293,"minecraft:oak_slab":7,"minecraft:mossy_cobblestone":1,"minecraft:minecart":1,"minecraft:cyan_dye":23,"minecraft:diamond_leggings":1,"minecraft:poisonous_potato":10,"minecraft:lead":4,"minecraft:spectral_arrow":3,"minecraft:grass_block":54,"minecraft:stick":522,"minecraft:diorite":401,"minecraft:torch":159,"minecraft:iron_axe":1,"minecraft:bucket":2,"minecraft:dandelion":45,"minecraft:redstone":1,"minecraft:nether_brick_slab":12,"minecraft:anvil":1,"minecraft:brown_dye":2,"minecraft:coarse_dirt":307,"minecraft:nether_wart":2,"minecraft:jukebox":1,"minecraft:iron_hoe":1,"minecraft:ender_eye":1,"minecraft:acacia_leaves":31,"minecraft:glass_pane":15,"minecraft:filled_map":14,"minecraft:shield":1,"minecraft:orange_terracotta":3,"minecraft:oak_boat":10,"minecraft:golden_sword":1,"minecraft:slime_ball":1,"minecraft:white_stained_glass":4},"minecraft:crafted":{"minecraft:lime_stained_glass":2192,"minecraft:red_stained_glass_pane":864,"minecraft:black_dye":1968,"minecraft:yellow_wool":62,"minecraft:oak_sign":198,"minecraft:blaze_powder":22,"minecraft:birch_boat":24,"minecraft:chain":365,"minecraft:cut_red_sandstone_slab":30,"minecraft:diamond_shovel":2,"minecraft:nether_brick":4024,"minecraft:cracked_stone_bricks":448,"minecraft:gray_wool":8,"minecraft:shulker_box":18,"minecraft:diamond_helmet":1,"minecraft:white_glazed_terracotta":32,"minecraft:stone_pressure_plate":10,"minecraft:gray_stained_glass_pane":32,"minecraft:dried_kelp_block":1098,"minecraft:black_wool":100,"minecraft:gray_stained_glass":720,"minecraft:name_tag":25,"minecraft:white_shulker_box":1,"minecraft:pink_stained_glass":32,"minecraft:warped_stairs":372,"minecraft:golden_axe":1,"minecraft:blue_stained_glass":2288,"minecraft:redstone_lamp":37,"minecraft:end_rod":188,"minecraft:soul_campfire":17,"minecraft:jungle_boat":1,"minecraft:acacia_slab":582,"minecraft:jungle_pressure_plate":3,"minecraft:green_bed":1,"minecraft:lime_banner":11,"minecraft:smithing_table":1,"minecraft:golden_pickaxe":14,"minecraft:mossy_cobblestone":331,"minecraft:brown_bed":10,"minecraft:sticky_piston":18,"minecraft:red_nether_bricks":32,"minecraft:fletching_table":3,"minecraft:green_stained_glass":88,"minecraft:painting":5,"minecraft:cartography_table":1,"minecraft:stone_brick_stairs":44,"minecraft:lectern":5,"minecraft:golden_leggings":9,"minecraft:stone_slab":48,"minecraft:iron_pickaxe":260,"minecraft:acacia_door":12,"minecraft:sandstone":1302,"minecraft:netherite_ingot":2,"minecraft:composter":203,"minecraft:polished_blackstone_bricks":2184,"minecraft:golden_carrot":277,"minecraft:magenta_wool":33,"minecraft:jukebox":1,"minecraft:iron_nugget":8421,"minecraft:crimson_trapdoor":4,"minecraft:soul_torch":676,"minecraft:acacia_fence_gate":2,"minecraft:light_gray_wool":2,"minecraft:red_banner":1,"minecraft:polished_blackstone_pressure_plate":13,"minecraft:jack_o_lantern":129,"minecraft:lime_stained_glass_pane":264,"minecraft:spruce_fence":18,"minecraft:stone_stairs":264,"minecraft:lantern":520,"minecraft:spruce_stairs":516,"minecraft:light_gray_shulker_box":1,"minecraft:polished_diorite":524,"minecraft:black_concrete_powder":608,"minecraft:red_shulker_box":8,"minecraft:stone_pickaxe":100,"minecraft:quartz_slab":174,"minecraft:spruce_boat":20,"minecraft:purple_carpet":1568,"minecraft:prismarine_slab":24,"minecraft:lead":148,"minecraft:chainmail_leggings":1,"minecraft:light_gray_terracotta":12175,"minecraft:enchanting_table":1,"minecraft:cyan_bed":5,"minecraft:crimson_slab":108,"minecraft:acacia_trapdoor":58,"minecraft:light_blue_wool":129,"minecraft:yellow_stained_glass_pane":16,"minecraft:leather_helmet":6,"minecraft:polished_blackstone_stairs":28,"minecraft:acacia_stairs":184,"minecraft:red_carpet":1208,"minecraft:enchanted_book":106,"minecraft:orange_dye":349,"minecraft:light_blue_carpet":757,"minecraft:oak_fence_gate":56,"minecraft:crimson_stairs":112,"minecraft:soul_lantern":346,"minecraft:red_stained_glass":3168,"minecraft:warped_sign":6,"minecraft:gunpowder":16,"minecraft:chainmail_boots":2,"minecraft:birch_trapdoor":2,"minecraft:black_stained_glass_pane":96,"minecraft:writable_book":275,"minecraft:iron_shovel":250,"minecraft:armor_stand":31773,"minecraft:note_block":23,"minecraft:pink_terracotta":88,"minecraft:grindstone":2,"minecraft:cobblestone_slab":114,"minecraft:barrel":468,"minecraft:crimson_sign":15,"minecraft:cooked_chicken":558,"minecraft:stone":5848,"minecraft:snow":6,"minecraft:red_sandstone":162,"minecraft:pink_carpet":531,"minecraft:heavy_weighted_pressure_plate":86,"minecraft:warped_planks":1748,"minecraft:polished_blackstone_button":25,"minecraft:brown_carpet":267,"minecraft:cake":2,"minecraft:stone_brick_slab":366,"minecraft:brown_stained_glass":256,"minecraft:nether_brick_wall":156,"minecraft:orange_stained_glass_pane":32,"minecraft:bow":152,"minecraft:comparator":44,"minecraft:chest":1164,"minecraft:polished_basalt":1720,"minecraft:oak_button":4,"minecraft:jungle_stairs":1548,"minecraft:rail":192,"minecraft:blue_concrete_powder":1768,"minecraft:ender_eye":7,"minecraft:stone_bricks":2540,"minecraft:oak_fence":243,"minecraft:granite_stairs":212,"minecraft:polished_diorite_slab":790,"minecraft:respawn_anchor":1,"minecraft:golden_boots":3,"minecraft:white_banner":1,"minecraft:dropper":15,"minecraft:arrow":4,"minecraft:cauldron":3,"minecraft:chiseled_nether_bricks":22,"minecraft:iron_helmet":6,"minecraft:brown_dye":110,"minecraft:birch_pressure_plate":2,"minecraft:chainmail_chestplate":1,"minecraft:red_wool":220,"minecraft:chiseled_polished_blackstone":72,"minecraft:white_stained_glass_pane":576,"minecraft:warped_door":18,"minecraft:yellow_stained_glass":2328,"minecraft:dispenser":56,"minecraft:tnt":77,"minecraft:spruce_trapdoor":354,"minecraft:yellow_dye":586,"minecraft:pink_wool":36,"minecraft:purple_dye":710,"minecraft:warped_fence_gate":1,"minecraft:gray_terracotta":512,"minecraft:stick":197591,"minecraft:iron_ingot":9927,"minecraft:andesite_stairs":4,"minecraft:light_blue_stained_glass":200,"minecraft:black_bed":1,"minecraft:lime_carpet":1927,"minecraft:cyan_carpet":1005,"minecraft:dark_oak_fence_gate":7,"minecraft:beetroot_soup":7,"minecraft:oak_door":54,"minecraft:nether_brick_slab":584,"minecraft:stone_brick_wall":198,"minecraft:tripwire_hook":2,"minecraft:beehive":34,"minecraft:leather_boots":11,"minecraft:golden_chestplate":3,"minecraft:spruce_button":59,"minecraft:mossy_stone_bricks":231,"minecraft:furnace":74,"minecraft:piston":31,"minecraft:mushroom_stew":32,"minecraft:polished_andesite_slab":252,"minecraft:smooth_quartz_stairs":8,"minecraft:oak_trapdoor":108,"minecraft:flint_and_steel":15,"minecraft:scaffolding":2778,"minecraft:granite_wall":12,"minecraft:white_concrete_powder":64,"minecraft:cobblestone_wall":54,"minecraft:brown_shulker_box":1,"minecraft:smooth_quartz_slab":1136,"minecraft:honey_block":166,"minecraft:blackstone_stairs":223,"minecraft:purpur_block":160,"minecraft:birch_sign":1087,"minecraft:glistering_melon_slice":1,"minecraft:smooth_sandstone_stairs":44,"minecraft:purple_terracotta":64,"minecraft:light_blue_stained_glass_pane":64,"minecraft:purple_stained_glass":4616,"minecraft:iron_trapdoor":86,"minecraft:polished_blackstone_wall":300,"minecraft:diorite_wall":6,"minecraft:iron_sword":47,"minecraft:black_banner":139,"minecraft:cooked_salmon":3,"minecraft:golden_shovel":1,"minecraft:acacia_boat":1,"minecraft:jungle_planks":32148,"minecraft:white_dye":7483,"minecraft:black_carpet":1527,"minecraft:blue_wool":78,"minecraft:anvil":16,"minecraft:stonecutter":13,"minecraft:crimson_door":12,"minecraft:cut_red_sandstone":116,"minecraft:prismarine_stairs":52,"minecraft:torch":9268,"minecraft:diorite_slab":2106,"minecraft:orange_bed":1,"minecraft:magenta_carpet":135,"minecraft:granite_slab":12,"minecraft:diamond_chestplate":1,"minecraft:ender_chest":7,"minecraft:jungle_button":1,"minecraft:light_gray_concrete_powder":912,"minecraft:smooth_stone":637,"minecraft:jungle_fence_gate":4,"minecraft:chiseled_red_sandstone":3,"minecraft:cut_sandstone":840,"minecraft:dark_oak_pressure_plate":1,"minecraft:cut_sandstone_slab":72,"minecraft:orange_carpet":325,"minecraft:pink_bed":1,"minecraft:orange_stained_glass":2200,"minecraft:oak_pressure_plate":3,"minecraft:birch_slab":558,"minecraft:slime_block":5095,"minecraft:loom":2,"minecraft:polished_blackstone_slab":3704,"minecraft:lever":266,"minecraft:bookshelf":45,"minecraft:cooked_mutton":312,"minecraft:iron_bars":768,"minecraft:magenta_shulker_box":14,"minecraft:quartz_block":578,"minecraft:glass":5877,"minecraft:repeater":124,"minecraft:diamond_leggings":1,"minecraft:birch_fence_gate":13,"minecraft:polished_blackstone":8712,"minecraft:birch_door":33,"minecraft:chiseled_quartz_block":9,"minecraft:magenta_dye":63,"minecraft:flower_pot":10,"minecraft:glass_bottle":216,"minecraft:target":34,"minecraft:wooden_shovel":1,"minecraft:emerald":4778,"minecraft:smooth_quartz":88,"minecraft:cooked_porkchop":31,"minecraft:diamond_axe":1,"minecraft:spruce_door":36,"minecraft:clock":4,"minecraft:oak_wood":699,"minecraft:hay_block":568,"minecraft:campfire":9,"minecraft:lime_shulker_box":1,"minecraft:lime_bed":1,"minecraft:green_terracotta":1392,"minecraft:compass":36,"minecraft:white_terracotta":8,"minecraft:iron_block":2015,"minecraft:light_blue_bed":1,"minecraft:gold_ingot":2766,"minecraft:light_gray_dye":1559,"minecraft:spruce_fence_gate":6,"minecraft:birch_stairs":384,"minecraft:stone_shovel":8,"minecraft:smooth_stone_slab":32204,"minecraft:leather_leggings":22,"minecraft:player_head":126,"minecraft:crimson_fence_gate":10,"minecraft:mossy_cobblestone_stairs":52,"minecraft:red_terracotta":4264,"minecraft:bone_meal":119202,"minecraft:cyan_stained_glass":336,"minecraft:andesite_wall":420,"minecraft:pink_dye":61,"minecraft:white_carpet":663,"minecraft:orange_wool":40,"minecraft:warped_trapdoor":116,"minecraft:diamond":45,"minecraft:dark_oak_fence":237,"minecraft:detector_rail":12,"minecraft:ladder":570,"minecraft:spruce_slab":1102,"minecraft:diamond_boots":1,"minecraft:red_glazed_terracotta":399,"minecraft:redstone_block":418,"minecraft:cracked_nether_bricks":14,"minecraft:jungle_fence":15,"minecraft:dark_oak_planks":2084,"minecraft:stripped_crimson_hyphae":3,"minecraft:golden_helmet":17,"minecraft:wheat":2918,"minecraft:coal_block":357,"minecraft:firework_star":85,"minecraft:daylight_detector":193,"minecraft:purple_stained_glass_pane":152,"minecraft:crossbow":65,"minecraft:polished_blackstone_brick_slab":6,"minecraft:dried_kelp":1529,"minecraft:red_sandstone_slab":90,"minecraft:magenta_stained_glass":32,"minecraft:red_bed":1,"minecraft:polished_granite":164,"minecraft:gray_concrete_powder":3408,"minecraft:sandstone_slab":480,"minecraft:glowstone":30,"minecraft:white_stained_glass":46008,"minecraft:jungle_slab":4838,"minecraft:polished_blackstone_brick_wall":12,"minecraft:sandstone_wall":168,"minecraft:golden_apple":47,"minecraft:acacia_sign":12,"minecraft:andesite_slab":6,"minecraft:gray_shulker_box":3,"minecraft:cyan_shulker_box":1,"minecraft:wooden_axe":1,"minecraft:oak_stairs":120,"minecraft:crimson_fence":60,"minecraft:warped_pressure_plate":42,"minecraft:iron_leggings":3,"minecraft:white_bed":13,"minecraft:lime_wool":99,"minecraft:light_gray_glazed_terracotta":32,"minecraft:nether_brick_stairs":397,"minecraft:blue_carpet":947,"minecraft:brick":20,"minecraft:oak_planks":35907,"minecraft:pink_shulker_box":1,"minecraft:cobblestone_stairs":140,"minecraft:warped_hyphae":60,"minecraft:spruce_pressure_plate":15,"minecraft:green_dye":321,"minecraft:dark_oak_door":21,"minecraft:hopper":778,"minecraft:iron_boots":4,"minecraft:blackstone_wall":196,"minecraft:mossy_cobblestone_slab":120,"minecraft:cyan_terracotta":19088,"minecraft:chiseled_stone_bricks":38,"minecraft:yellow_banner":3,"minecraft:stone_hoe":13,"minecraft:golden_sword":2,"minecraft:honeycomb_block":5,"minecraft:smoker":2,"minecraft:quartz_stairs":61,"minecraft:item_frame":90,"minecraft:oak_slab":1389,"minecraft:map":34,"minecraft:crafting_table":110,"minecraft:spruce_planks":9175,"minecraft:brown_stained_glass_pane":184,"minecraft:wooden_pickaxe":6,"minecraft:baked_potato":62,"minecraft:gold_block":120,"minecraft:hopper_minecart":24,"minecraft:brewing_stand":2,"minecraft:birch_planks":24359,"minecraft:pumpkin_seeds":64,"minecraft:sea_pickle":5,"minecraft:diorite":30,"minecraft:brown_glazed_terracotta":1,"minecraft:emerald_block":211,"minecraft:dark_oak_slab":456,"minecraft:book":1694,"minecraft:iron_chestplate":4,"minecraft:paper":17218,"minecraft:charcoal":1654,"minecraft:diamond_pickaxe":4,"minecraft:shield":8,"minecraft:warped_slab":108,"minecraft:light_weighted_pressure_plate":522,"minecraft:birch_fence":18,"minecraft:light_blue_dye":161,"minecraft:leather_chestplate":21,"minecraft:stone_sword":14,"minecraft:snow_block":18767,"minecraft:green_shulker_box":9,"minecraft:redstone_torch":570,"minecraft:polished_blackstone_brick_stairs":12,"minecraft:gray_carpet":1350,"minecraft:light_gray_carpet":345,"minecraft:light_gray_stained_glass_pane":216,"minecraft:shears":101,"minecraft:green_carpet":1104,"minecraft:sandstone_stairs":496,"minecraft:crimson_hyphae":24,"minecraft:polished_andesite":596,"minecraft:coarse_dirt":1680,"minecraft:wooden_sword":1,"minecraft:purple_wool":71,"minecraft:redstone":1800,"minecraft:coal":1205,"minecraft:light_gray_stained_glass":992,"minecraft:popped_chorus_fruit":24,"minecraft:stone_button":12,"minecraft:dark_oak_trapdoor":126,"minecraft:gray_dye":530,"minecraft:dark_oak_sign":12,"minecraft:diamond_block":19,"minecraft:glass_pane":464,"minecraft:warped_fence":90,"minecraft:yellow_shulker_box":1,"minecraft:iron_axe":54,"minecraft:spruce_wood":3,"minecraft:iron_hoe":18,"minecraft:lime_dye":464,"minecraft:filled_map":3,"minecraft:gray_banner":1,"minecraft:chiseled_sandstone":120,"minecraft:netherite_scrap":8,"minecraft:minecart":20,"minecraft:observer":12,"minecraft:cooked_beef":3157,"minecraft:sugar":32,"minecraft:red_dye":1930,"minecraft:cooked_cod":13,"minecraft:bone_block":1974,"minecraft:magenta_bed":1,"minecraft:crimson_planks":740,"minecraft:diamond_sword":2,"minecraft:cyan_dye":2558,"minecraft:spruce_sign":9,"minecraft:dark_oak_stairs":480,"minecraft:powered_rail":42,"minecraft:activator_rail":6,"minecraft:yellow_carpet":534,"minecraft:bell":1,"minecraft:smooth_sandstone":2873,"minecraft:bowl":140,"minecraft:nether_bricks":1554,"minecraft:bucket":271,"minecraft:stone_axe":10,"minecraft:lodestone":1,"minecraft:air":0,"minecraft:bread":1410,"minecraft:blue_dye":2295,"minecraft:black_stained_glass":7663,"minecraft:oak_boat":126,"minecraft:smooth_sandstone_slab":390,"minecraft:white_wool":510,"minecraft:gold_nugget":2581,"minecraft:brown_wool":26,"minecraft:green_wool":217,"minecraft:nether_wart_block":40,"minecraft:pumpkin_pie":13,"minecraft:acacia_planks":1328,"minecraft:purple_concrete_powder":128,"minecraft:blackstone_slab":4791,"minecraft:lapis_lazuli":1701,"minecraft:lapis_block":165,"minecraft:firework_rocket":1173},"minecraft:used":{"minecraft:writable_book":130,"minecraft:jack_o_lantern":155,"minecraft:smooth_quartz_slab":1069,"minecraft:red_sandstone_slab":7,"minecraft:dispenser":154,"minecraft:poppy":70,"minecraft:black_carpet":1680,"minecraft:stone":11939,"minecraft:quartz_stairs":219,"minecraft:warped_sign":2,"minecraft:rotten_flesh":207,"minecraft:soul_sand":303,"minecraft:cocoa_beans":161,"minecraft:lily_of_the_valley":10,"minecraft:snowball":856,"minecraft:azure_bluet":1,"minecraft:weeping_vines":23,"minecraft:spruce_boat":18,"minecraft:polished_blackstone_slab":3869,"minecraft:packed_ice":63,"minecraft:lava_bucket":381,"minecraft:quartz_pillar":63,"minecraft:red_wool":78,"minecraft:lime_banner":20,"minecraft:jungle_fence_gate":4,"minecraft:quartz_block":149,"minecraft:dark_oak_leaves":4,"minecraft:dark_oak_slab":397,"minecraft:diorite_wall":6,"minecraft:bow":3347,"minecraft:cooked_cod":24,"minecraft:oak_sapling":836,"minecraft:gray_banner":2,"minecraft:mossy_stone_bricks":397,"minecraft:damaged_anvil":10,"minecraft:chorus_fruit":25,"minecraft:prismarine":180,"minecraft:lily_pad":12,"minecraft:blackstone":837,"minecraft:cactus":456,"minecraft:wooden_pickaxe":142,"minecraft:mossy_stone_brick_stairs":2,"minecraft:composter":174,"minecraft:clay":42,"minecraft:jungle_boat":9,"minecraft:golden_apple":30,"minecraft:cut_sandstone_slab":2,"minecraft:acacia_leaves":121,"minecraft:purple_terracotta":3,"minecraft:chiseled_quartz_block":11,"minecraft:gray_concrete":2956,"minecraft:crimson_fence_gate":11,"minecraft:purple_concrete_powder":21,"minecraft:birch_fence":13,"minecraft:red_sandstone":5,"minecraft:birch_slab":520,"minecraft:gray_stained_glass_pane":5,"minecraft:white_glazed_terracotta":13,"minecraft:oak_pressure_plate":3,"minecraft:cut_red_sandstone":61,"minecraft:nether_wart_block":413,"minecraft:diamond_sword":8169,"minecraft:coal_block":54,"minecraft:smithing_table":3,"minecraft:birch_log":289,"minecraft:oak_boat":121,"minecraft:compass":1,"minecraft:diorite_slab":2536,"minecraft:purple_wool":143,"minecraft:oak_trapdoor":118,"minecraft:polished_blackstone_brick_slab":10,"minecraft:enchanting_table":1,"minecraft:orange_concrete":82,"minecraft:carved_pumpkin":65,"minecraft:armor_stand":86,"minecraft:light_gray_carpet":336,"minecraft:torch":17289,"minecraft:polished_blackstone_wall":328,"minecraft:cooked_salmon":12,"minecraft:orange_stained_glass":2461,"minecraft:brewing_stand":5,"minecraft:nether_quartz_ore":350,"minecraft:light_gray_glazed_terracotta":12,"minecraft:yellow_carpet":533,"minecraft:golden_shovel":33,"minecraft:oak_fence_gate":72,"minecraft:fern":1044,"minecraft:mossy_cobblestone_stairs":32,"minecraft:sea_lantern":117,"minecraft:chipped_anvil":28,"minecraft:iron_block":2512,"minecraft:light_weighted_pressure_plate":554,"minecraft:jungle_log":46,"minecraft:barrel":589,"minecraft:bamboo":116,"minecraft:basalt":3435,"minecraft:lime_concrete":14,"minecraft:warped_stairs":403,"minecraft:podzol":5606,"minecraft:acacia_planks":45,"minecraft:warped_stem":308,"minecraft:wheat_seeds":11350,"minecraft:light_blue_shulker_box":20,"minecraft:tube_coral_block":2,"minecraft:birch_planks":65,"minecraft:lead":1,"minecraft:blue_concrete_powder":1959,"minecraft:cauldron":5,"minecraft:spruce_fence_gate":6,"minecraft:gold_ore":13,"minecraft:diamond_block":14,"minecraft:rail":346,"minecraft:red_bed":5,"minecraft:crimson_trapdoor":7,"minecraft:white_bed":76,"minecraft:campfire":46,"minecraft:spruce_log":248,"minecraft:mushroom_stem":20,"minecraft:blue_stained_glass_pane":1,"minecraft:diamond_pickaxe":12958,"minecraft:acacia_sign":17,"minecraft:diamond_shovel":11648,"minecraft:warped_trapdoor":131,"minecraft:suspicious_stew":3,"minecraft:oak_button":7,"minecraft:spruce_pressure_plate":12,"minecraft:spruce_trapdoor":500,"minecraft:spruce_sapling":343,"minecraft:blue_carpet":1744,"minecraft:pink_bed":3,"minecraft:green_carpet":1556,"minecraft:potion":234,"minecraft:purple_bed":18,"minecraft:crimson_stairs":128,"minecraft:cooked_porkchop":1544,"minecraft:warped_fence_gate":2,"minecraft:andesite_stairs":5,"minecraft:dandelion":14,"minecraft:green_stained_glass":53,"minecraft:red_sand":9835,"minecraft:light_gray_stained_glass_pane":98,"minecraft:melon":1,"minecraft:bone_block":1085,"minecraft:polished_basalt":2039,"minecraft:nether_wart":457,"minecraft:grass":185,"minecraft:green_terracotta":2623,"minecraft:stripped_crimson_stem":3,"minecraft:soul_campfire":30,"minecraft:spruce_leaves":72,"minecraft:orange_glazed_terracotta":14,"minecraft:jungle_planks":10,"minecraft:pink_terracotta":108,"minecraft:beehive":38,"minecraft:obsidian":616,"minecraft:honey_bottle":10,"minecraft:lantern":711,"minecraft:blue_orchid":106,"minecraft:green_wool":49,"minecraft:polished_blackstone_brick_wall":4,"minecraft:warped_nylium":65,"minecraft:light_blue_bed":1,"minecraft:mossy_cobblestone_slab":104,"minecraft:item_frame":228,"minecraft:golden_sword":32,"minecraft:red_nether_brick_wall":11,"minecraft:written_book":281,"minecraft:jungle_button":4,"minecraft:blue_shulker_box":9,"minecraft:gold_block":163,"minecraft:dark_oak_sapling":30,"minecraft:end_rod":64,"minecraft:dropper":27,"minecraft:stripped_acacia_log":11,"minecraft:gray_carpet":1202,"minecraft:stone_pickaxe":9608,"minecraft:jungle_fence":14,"minecraft:oak_planks":557,"minecraft:prismarine_stairs":86,"minecraft:polished_diorite_slab":217,"minecraft:sandstone":5171,"minecraft:sugar_cane":979,"minecraft:diamond_axe":1962,"minecraft:white_wool":26,"minecraft:light_blue_concrete":448,"minecraft:lime_stained_glass_pane":908,"minecraft:mushroom_stew":530,"minecraft:light_blue_wool":50,"minecraft:yellow_concrete":34,"minecraft:crossbow":161,"minecraft:end_stone":51,"minecraft:sticky_piston":35,"minecraft:lever":166,"minecraft:daylight_detector":170,"minecraft:acacia_door":27,"minecraft:dark_oak_log":103,"minecraft:bread":1381,"minecraft:brown_wool":1989,"minecraft:warped_slab":178,"minecraft:iron_door":3,"minecraft:stripped_warped_hyphae":5,"minecraft:chain":354,"minecraft:smooth_stone_slab":78,"minecraft:coarse_dirt":1583,"minecraft:bone_meal":24093,"minecraft:netherite_sword":5440,"minecraft:dried_kelp":100,"minecraft:rose_bush":102,"minecraft:white_tulip":17,"minecraft:flint_and_steel":594,"minecraft:granite_stairs":231,"minecraft:crimson_fence":37,"minecraft:redstone":1591,"minecraft:ender_chest":31,"minecraft:brown_shulker_box":32,"minecraft:stone_hoe":3186,"minecraft:cooked_chicken":534,"minecraft:dirt":44876,"minecraft:prismarine_bricks":247,"minecraft:bee_nest":2,"minecraft:spruce_fence":63,"minecraft:warped_pressure_plate":41,"minecraft:iron_hoe":27943,"minecraft:wooden_axe":31,"minecraft:brown_terracotta":1260,"minecraft:light_gray_stained_glass":453,"minecraft:oak_stairs":116,"minecraft:smooth_sandstone":3539,"minecraft:crimson_slab":71,"minecraft:black_stained_glass":8671,"minecraft:soul_soil":5282,"minecraft:lime_stained_glass":1701,"minecraft:netherite_pickaxe":277494,"minecraft:minecart":32,"minecraft:cyan_concrete_powder":2,"minecraft:cooked_beef":2755,"minecraft:pumpkin":257,"minecraft:orange_stained_glass_pane":42,"minecraft:beetroot_soup":7,"minecraft:cobblestone_stairs":52,"minecraft:lodestone":1,"minecraft:snow_block":15510,"minecraft:baked_potato":79,"minecraft:red_nether_bricks":34,"minecraft:birch_boat":38,"minecraft:cut_sandstone":1452,"minecraft:spruce_sign":27,"minecraft:green_bed":11,"minecraft:warped_roots":10,"minecraft:magenta_bed":23,"minecraft:red_mushroom":1,"minecraft:spider_eye":7,"minecraft:magenta_carpet":290,"minecraft:warped_planks":457,"minecraft:cyan_stained_glass":423,"minecraft:piston":86,"minecraft:gray_terracotta":5,"minecraft:flower_pot":3,"minecraft:black_wool":4,"minecraft:chicken":4,"minecraft:lapis_ore":111,"minecraft:stone_slab":937,"minecraft:detector_rail":25,"minecraft:jungle_stairs":564,"minecraft:yellow_wool":153,"minecraft:stone_axe":1296,"minecraft:brown_stained_glass_pane":107,"minecraft:crimson_fungus":25,"minecraft:stripped_crimson_hyphae":3,"minecraft:pink_shulker_box":37,"minecraft:lapis_block":245,"minecraft:pumpkin_pie":721,"minecraft:sea_pickle":715,"minecraft:gray_wool":31,"minecraft:birch_stairs":370,"minecraft:peony":7,"minecraft:polished_blackstone":4099,"minecraft:cut_red_sandstone_slab":8,"minecraft:ladder":890,"minecraft:spruce_slab":115,"minecraft:chest":838,"minecraft:white_shulker_box":76,"minecraft:acacia_sapling":15,"minecraft:blue_stained_glass":2563,"minecraft:orange_wool":169,"minecraft:allium":23,"minecraft:jungle_slab":4882,"minecraft:stripped_spruce_log":12,"minecraft:honey_block":140,"minecraft:netherite_shovel":209342,"minecraft:black_stained_glass_pane":72,"minecraft:warped_hyphae":36,"minecraft:grass_block":13238,"minecraft:birch_sapling":355,"minecraft:polished_andesite_stairs":110,"minecraft:orange_shulker_box":446,"minecraft:pink_wool":29,"minecraft:stone_brick_stairs":11,"minecraft:snow":6,"minecraft:red_stained_glass_pane":791,"minecraft:sweet_berries":16301,"minecraft:furnace":168,"minecraft:egg":1443,"minecraft:potato":1,"minecraft:seagrass":50,"minecraft:brown_concrete_powder":1,"minecraft:magenta_shulker_box":158,"minecraft:light_blue_carpet":260,"minecraft:diorite":193,"minecraft:spruce_door":66,"minecraft:stripped_birch_log":2,"minecraft:red_stained_glass":3544,"minecraft:acacia_trapdoor":62,"minecraft:powered_rail":67,"minecraft:blackstone_stairs":59,"minecraft:orange_tulip":67,"minecraft:lime_concrete_powder":1,"minecraft:jungle_pressure_plate":4,"minecraft:oak_leaves":4579,"minecraft:cookie":6,"minecraft:smooth_quartz_stairs":242,"minecraft:respawn_anchor":1,"minecraft:dark_oak_trapdoor":137,"minecraft:sand":15100,"minecraft:black_concrete_powder":676,"minecraft:pumpkin_seeds":40,"minecraft:crying_obsidian":186,"minecraft:chiseled_sandstone":515,"minecraft:stone_button":24,"minecraft:cyan_carpet":655,"minecraft:red_terracotta":4878,"minecraft:diamond_ore":9,"minecraft:lectern":9,"minecraft:polished_granite":148,"minecraft:lilac":7,"minecraft:polished_andesite_slab":847,"minecraft:soul_lantern":398,"minecraft:wooden_sword":4,"minecraft:dark_oak_fence":150,"minecraft:bubble_coral_block":2,"minecraft:white_stained_glass":44673,"minecraft:ice":1,"minecraft:pink_stained_glass":9,"minecraft:gray_stained_glass":582,"minecraft:iron_bars":638,"minecraft:stone_sword":1313,"minecraft:acacia_log":193,"minecraft:mycelium":439,"minecraft:stripped_warped_stem":33,"minecraft:sandstone_wall":1604,"minecraft:netherrack":6366,"minecraft:orange_bed":14,"minecraft:light_gray_shulker_box":19,"minecraft:anvil":26,"minecraft:target":82,"minecraft:warped_wart_block":301,"minecraft:ancient_debris":56,"minecraft:chorus_flower":206,"minecraft:twisting_vines":19,"minecraft:crimson_hyphae":13,"minecraft:stone_stairs":165,"minecraft:nether_brick_slab":694,"minecraft:blue_concrete":1789,"minecraft:jungle_trapdoor":5,"minecraft:nether_brick_stairs":866,"minecraft:polished_diorite":124,"minecraft:shroomlight":699,"minecraft:red_shulker_box":132,"minecraft:cyan_shulker_box":66,"minecraft:spruce_button":7,"minecraft:iron_axe":18725,"minecraft:brick_stairs":1,"minecraft:slime_block":2581,"minecraft:warped_fence":118,"minecraft:smooth_quartz":233,"minecraft:totem_of_undying":3,"minecraft:prismarine_slab":7,"minecraft:melon_seeds":7,"minecraft:tripwire_hook":4,"minecraft:purple_concrete":6,"minecraft:glowstone":212,"minecraft:iron_trapdoor":88,"minecraft:magenta_wool":126,"minecraft:acacia_wood":1,"minecraft:observer":39,"minecraft:orange_terracotta":238,"minecraft:golden_axe":49,"minecraft:crimson_stem":58,"minecraft:water_bucket":676,"minecraft:nether_brick_wall":78,"minecraft:sandstone_stairs":961,"minecraft:yellow_shulker_box":138,"minecraft:lime_wool":35,"minecraft:cartography_table":4,"minecraft:smooth_sandstone_slab":421,"minecraft:red_mushroom_block":15,"minecraft:fletching_table":5,"minecraft:polished_blackstone_bricks":2609,"minecraft:cracked_stone_bricks":502,"minecraft:orange_carpet":431,"minecraft:lime_terracotta":2,"minecraft:comparator":56,"minecraft:mossy_cobblestone":140,"minecraft:vine":450,"minecraft:tnt":221,"minecraft:oak_slab":629,"minecraft:crafting_table":215,"minecraft:birch_sign":1167,"minecraft:dark_oak_fence_gate":5,"minecraft:lime_shulker_box":43,"minecraft:oak_log":186,"minecraft:dark_prismarine":28,"minecraft:cornflower":107,"minecraft:oxeye_daisy":33,"minecraft:sunflower":5,"minecraft:iron_pickaxe":78091,"minecraft:cyan_concrete":49,"minecraft:crimson_nylium":33,"minecraft:crimson_sign":14,"minecraft:chiseled_stone_bricks":3,"minecraft:cobblestone":10033,"minecraft:sandstone_slab":211,"minecraft:glass_pane":125,"minecraft:brown_mushroom_block":33,"minecraft:kelp":294,"minecraft:light_blue_stained_glass_pane":69,"minecraft:iron_shovel":67595,"minecraft:oak_sign":180,"minecraft:white_concrete_powder":513,"minecraft:white_terracotta":366,"minecraft:iron_sword":21496,"minecraft:bell":2,"minecraft:player_head":67,"minecraft:smooth_sandstone_stairs":12,"minecraft:birch_pressure_plate":3,"minecraft:nether_bricks":908,"minecraft:carrot":580,"minecraft:cyan_wool":51,"minecraft:milk_bucket":5,"minecraft:glass":729,"minecraft:cyan_terracotta":23600,"minecraft:coal_ore":1266,"minecraft:quartz_slab":255,"minecraft:gray_concrete_powder":1666,"minecraft:crimson_roots":1,"minecraft:hopper_minecart":24,"minecraft:stone_bricks":1531,"minecraft:repeater":343,"minecraft:red_carpet":845,"minecraft:redstone_lamp":126,"minecraft:honeycomb_block":8,"minecraft:magma_block":264,"minecraft:brown_carpet":278,"minecraft:warped_fungus":185,"minecraft:hay_block":186,"minecraft:scaffolding":17232,"minecraft:beetroot_seeds":661,"minecraft:polished_blackstone_stairs":32,"minecraft:chiseled_polished_blackstone":42,"minecraft:dark_oak_stairs":576,"minecraft:dark_oak_sign":9,"minecraft:birch_leaves":636,"minecraft:ender_pearl":3864,"minecraft:redstone_block":110,"minecraft:yellow_terracotta":26,"minecraft:black_banner":148,"minecraft:light_gray_terracotta":16361,"minecraft:loom":4,"minecraft:black_bed":2,"minecraft:sponge":1,"minecraft:note_block":51,"minecraft:blackstone_wall":162,"minecraft:shears":67128,"minecraft:stone_brick_wall":17,"minecraft:redstone_torch":281,"minecraft:gray_shulker_box":45,"minecraft:melon_slice":87,"minecraft:firework_rocket":732,"minecraft:string":141,"minecraft:cyan_bed":16,"minecraft:black_concrete":2293,"minecraft:birch_fence_gate":14,"minecraft:heavy_weighted_pressure_plate":23,"minecraft:lime_carpet":2028,"minecraft:light_gray_concrete":1517,"minecraft:brown_stained_glass":129,"minecraft:gravel":214,"minecraft:blackstone_slab":5083,"minecraft:granite_slab":16,"minecraft:jungle_sign":8,"minecraft:grindstone":9,"minecraft:oak_fence":266,"minecraft:crimson_door":10,"minecraft:andesite":1741,"minecraft:white_concrete":1340,"minecraft:golden_pickaxe":457,"minecraft:cobweb":47,"minecraft:jungle_leaves":587,"minecraft:purpur_block":118,"minecraft:trident":1021,"minecraft:redstone_ore":99,"minecraft:stone_shovel":1749,"minecraft:spruce_planks":42,"minecraft:wooden_shovel":16,"minecraft:oak_door":95,"minecraft:white_carpet":1084,"minecraft:hopper":1253,"minecraft:spruce_stairs":409,"minecraft:cobblestone_wall":5,"minecraft:warped_door":23,"minecraft:shulker_box":2094,"minecraft:pink_carpet":500,"minecraft:oak_wood":828,"minecraft:granite":1329,"minecraft:salmon_bucket":1,"minecraft:light_blue_stained_glass":359,"minecraft:birch_door":148,"minecraft:andesite_wall":399,"minecraft:purple_stained_glass_pane":133,"minecraft:stone_brick_slab":612,"minecraft:dark_oak_planks":282,"minecraft:red_tulip":46,"minecraft:bookshelf":35,"minecraft:yellow_stained_glass":2459,"minecraft:acacia_slab":515,"minecraft:polished_blackstone_brick_stairs":22,"minecraft:crimson_planks":36,"minecraft:light_gray_wool":5,"minecraft:emerald_block":182,"minecraft:golden_carrot":1366,"minecraft:white_stained_glass_pane":486,"minecraft:granite_wall":11,"minecraft:stone_pressure_plate":3,"minecraft:brown_bed":22,"minecraft:cooked_mutton":305,"minecraft:acacia_boat":1,"minecraft:pink_tulip":28,"minecraft:iron_ore":2,"minecraft:glass_bottle":158,"minecraft:polished_andesite":464,"minecraft:blue_wool":31,"minecraft:andesite_slab":373,"minecraft:black_shulker_box":126,"minecraft:chiseled_nether_bricks":9,"minecraft:magenta_stained_glass":9,"minecraft:stonecutter":24,"minecraft:beacon":18,"minecraft:red_glazed_terracotta":406,"minecraft:cobblestone_slab":37,"minecraft:polished_blackstone_pressure_plate":15,"minecraft:terracotta":81,"minecraft:lime_bed":6,"minecraft:yellow_stained_glass_pane":2,"minecraft:light_gray_concrete_powder":912,"minecraft:painting":49,"minecraft:smoker":4,"minecraft:dark_oak_door":56,"minecraft:purple_stained_glass":5232,"minecraft:activator_rail":3,"minecraft:acacia_stairs":289,"minecraft:apple":87,"minecraft:map":23,"minecraft:netherite_axe":32267,"minecraft:cracked_nether_bricks":12,"minecraft:fishing_rod":150,"minecraft:green_shulker_box":240,"minecraft:white_banner":4,"minecraft:bucket":2014,"minecraft:smooth_stone":2955,"minecraft:polished_blackstone_button":26,"minecraft:splash_potion":17,"minecraft:purple_carpet":1661,"minecraft:soul_torch":85}},"DataVersion":2584}