{"stats":{"minecraft:custom":{"minecraft:interact_with_crafting_table":6739,"minecraft:deaths":341,"minecraft:jump":701758,"minecraft:play_record":145,"minecraft:interact_with_cartography_table":63,"minecraft:interact_with_smoker":4,"minecraft:inspect_dispenser":898,"minecraft:horse_one_cm":855279,"minecraft:inspect_dropper":413,"minecraft:interact_with_anvil":905,"minecraft:inspect_hopper":2559,"minecraft:tune_noteblock":57,"minecraft:time_since_rest":11008,"minecraft:swim_one_cm":5488998,"minecraft:open_chest":59182,"minecraft:open_shulker_box":74778,"minecraft:damage_resisted":11981,"minecraft:play_noteblock":486,"minecraft:talked_to_villager":18470,"minecraft:interact_with_brewingstand":99,"minecraft:interact_with_beacon":77,"minecraft:raid_win":2,"minecraft:boat_one_cm":2931099,"minecraft:damage_taken":869388,"minecraft:aviate_one_cm":1883055632,"minecraft:open_barrel":6394,"minecraft:bell_ring":33,"minecraft:eat_cake_slice":10,"minecraft:leave_game":2132,"minecraft:time_since_death":225335,"minecraft:enchant_item":134,"minecraft:interact_with_furnace":3381,"minecraft:traded_with_villager":227147,"minecraft:sleep_in_bed":1645,"minecraft:damage_dealt":1256805,"minecraft:interact_with_smithing_table":32,"minecraft:target_hit":97,"minecraft:sneak_time":4773443,"minecraft:interact_with_lectern":100,"minecraft:interact_with_blast_furnace":20,"minecraft:interact_with_stonecutter":184,"minecraft:fly_one_cm":191820243,"minecraft:fall_one_cm":25168004,"minecraft:fish_caught":2,"minecraft:animals_bred":1792,"minecraft:sprint_one_cm":180213332,"minecraft:drop":20317,"minecraft:walk_on_water_one_cm":5718900,"minecraft:play_one_minute":101752815,"minecraft:interact_with_loom":18,"minecraft:open_enderchest":2424,"minecraft:player_kills":222,"minecraft:crouch_one_cm":17712356,"minecraft:mob_kills":81849,"minecraft:climb_one_cm":2607482,"minecraft:walk_one_cm":171021551,"minecraft:strider_one_cm":31649,"minecraft:walk_under_water_one_cm":15516889,"minecraft:raid_trigger":2,"minecraft:pot_flower":52,"minecraft:interact_with_grindstone":184,"minecraft:damage_absorbed":347,"minecraft:minecart_one_cm":5224970},"minecraft:killed":{"minecraft:cod":571,"minecraft:guardian":3890,"minecraft:skeleton_horse":1,"minecraft:tropical_fish":81,"minecraft:parrot":34,"minecraft:salmon":20,"minecraft:iron_golem":74,"minecraft:pillager":55,"minecraft:donkey":5,"minecraft:zombie":7598,"minecraft:evoker":2,"minecraft:vindicator":13,"minecraft:endermite":4,"minecraft:snow_golem":90,"minecraft:husk":27,"minecraft:rabbit":41,"minecraft:ravager":1,"minecraft:polar_bear":1,"minecraft:zombified_piglin":1132,"minecraft:witch":8,"minecraft:spider":161,"minecraft:wither":4,"minecraft:bee":8,"minecraft:silverfish":145,"minecraft:piglin":193,"minecraft:zombie_villager":24,"minecraft:sheep":143,"minecraft:trader_llama":24,"minecraft:mooshroom":57,"minecraft:ghast":275,"minecraft:vex":2,"minecraft:slime":1688,"minecraft:drowned":153,"minecraft:hoglin":67,"minecraft:squid":483,"minecraft:wither_skeleton":159,"minecraft:player":4,"minecraft:villager":250,"minecraft:cave_spider":5,"minecraft:dolphin":18,"minecraft:shulker":174,"minecraft:pufferfish":6,"minecraft:skeleton":482,"minecraft:fox":1,"minecraft:chicken":594,"minecraft:cat":19,"minecraft:magma_cube":398,"minecraft:cow":1059,"minecraft:horse":7,"minecraft:ocelot":161,"minecraft:wandering_trader":6,"minecraft:enderman":1180,"minecraft:turtle":1,"minecraft:wolf":5,"minecraft:pig":28,"minecraft:strider":8,"minecraft:creeper":259,"minecraft:stray":4,"minecraft:blaze":987,"minecraft:phantom":32,"minecraft:panda":71,"minecraft:llama":11,"minecraft:bat":39},"minecraft:used":{"minecraft:writable_book":135,"minecraft:jack_o_lantern":2,"minecraft:smooth_quartz_slab":1921,"minecraft:dispenser":113,"minecraft:poppy":7,"minecraft:quartz_stairs":62,"minecraft:warped_sign":21,"minecraft:black_carpet":27,"minecraft:rotten_flesh":22,"minecraft:stone":106395,"minecraft:soul_sand":1116,"minecraft:cocoa_beans":2568,"minecraft:snowball":138,"minecraft:weeping_vines":1,"minecraft:spruce_boat":28,"minecraft:jungle_sapling":6,"minecraft:packed_ice":482,"minecraft:stripped_dark_oak_wood":2,"minecraft:quartz_pillar":2315,"minecraft:red_wool":61,"minecraft:lava_bucket":267,"minecraft:music_disc_pigstep":4,"minecraft:jungle_fence_gate":7,"minecraft:music_disc_ward":14,"minecraft:quartz_block":251,"minecraft:netherite_hoe":23361,"minecraft:dark_oak_leaves":50,"minecraft:dark_oak_slab":4661,"minecraft:diorite_wall":12,"minecraft:cooked_cod":176,"minecraft:bow":1160,"minecraft:oak_sapling":944,"minecraft:mossy_stone_bricks":76,"minecraft:damaged_anvil":13,"minecraft:chorus_fruit":121,"minecraft:prismarine":1,"minecraft:blackstone":1165,"minecraft:cactus":274,"minecraft:wooden_pickaxe":62,"minecraft:clay":2091,"minecraft:black_glazed_terracotta":392,"minecraft:composter":106,"minecraft:jungle_boat":8,"minecraft:golden_apple":9,"minecraft:cut_sandstone_slab":520,"minecraft:blast_furnace":2,"minecraft:acacia_leaves":14,"minecraft:gray_concrete":17203,"minecraft:chiseled_quartz_block":3,"minecraft:purple_concrete_powder":156,"minecraft:birch_fence":430,"minecraft:red_sandstone":3,"minecraft:birch_slab":323,"minecraft:gray_stained_glass_pane":975,"minecraft:oak_pressure_plate":8,"minecraft:coal_block":94,"minecraft:nether_wart_block":151,"minecraft:diamond_sword":10663,"minecraft:smithing_table":14,"minecraft:birch_log":275,"minecraft:oak_boat":21,"minecraft:compass":4,"minecraft:purple_wool":66,"minecraft:oak_trapdoor":21,"minecraft:enchanting_table":2,"minecraft:orange_concrete":2,"minecraft:carved_pumpkin":16,"minecraft:armor_stand":5,"minecraft:light_gray_carpet":643,"minecraft:polished_blackstone_wall":65,"minecraft:torch":19064,"minecraft:brewing_stand":18,"minecraft:nether_quartz_ore":983,"minecraft:cod_bucket":1,"minecraft:yellow_carpet":3,"minecraft:golden_shovel":323,"minecraft:oak_fence_gate":11,"minecraft:fern":88,"minecraft:sea_lantern":669,"minecraft:chipped_anvil":12,"minecraft:iron_block":4112,"minecraft:jungle_log":321,"minecraft:barrel":146,"minecraft:bamboo":749,"minecraft:lime_concrete":554,"minecraft:warped_stairs":1007,"minecraft:basalt":829,"minecraft:podzol":99,"minecraft:acacia_planks":5,"minecraft:warped_stem":620,"minecraft:wheat_seeds":4529,"minecraft:light_blue_shulker_box":48,"minecraft:birch_planks":5046,"minecraft:lead":22,"minecraft:blue_concrete_powder":400,"minecraft:cauldron":94,"minecraft:spruce_fence_gate":40,"minecraft:gold_ore":12,"minecraft:conduit":2,"minecraft:diamond_block":2232,"minecraft:light_gray_banner":2,"minecraft:rail":5492,"minecraft:red_bed":8,"minecraft:crimson_trapdoor":122,"minecraft:white_bed":101,"minecraft:campfire":1432,"minecraft:mushroom_stem":3264,"minecraft:spruce_log":1231,"minecraft:music_disc_strad":2,"minecraft:diamond_shovel":292160,"minecraft:diamond_pickaxe":387960,"minecraft:warped_trapdoor":123,"minecraft:spruce_pressure_plate":15,"minecraft:tnt_minecart":6,"minecraft:oak_button":388,"minecraft:magenta_concrete_powder":1,"minecraft:spruce_trapdoor":3769,"minecraft:spruce_sapling":1403,"minecraft:green_carpet":191,"minecraft:potion":26,"minecraft:purple_bed":1,"minecraft:crimson_stairs":136,"minecraft:andesite_stairs":38,"minecraft:cooked_porkchop":67,"minecraft:warped_fence_gate":8,"minecraft:stripped_oak_log":15,"minecraft:dandelion":8,"minecraft:green_stained_glass":22,"minecraft:light_blue_banner":4,"minecraft:blue_terracotta":217,"minecraft:red_sand":7424,"minecraft:light_gray_stained_glass_pane":1824,"minecraft:melon":219,"minecraft:bone_block":117,"minecraft:polished_basalt":6,"minecraft:nether_wart":9101,"minecraft:grass":170,"minecraft:mossy_stone_brick_slab":4,"minecraft:green_terracotta":5,"minecraft:soul_campfire":140,"minecraft:spruce_leaves":403,"minecraft:mutton":2,"minecraft:pink_terracotta":83,"minecraft:jungle_planks":318,"minecraft:furnace_minecart":8,"minecraft:obsidian":1060,"minecraft:honey_bottle":22,"minecraft:crimson_button":400,"minecraft:bricks":892,"minecraft:spruce_wood":533,"minecraft:lantern":981,"minecraft:green_wool":90,"minecraft:warped_nylium":15,"minecraft:light_blue_bed":11,"minecraft:item_frame":553,"minecraft:birch_button":18,"minecraft:birch_trapdoor":119,"minecraft:jungle_button":18,"minecraft:written_book":309,"minecraft:blue_shulker_box":38,"minecraft:gold_block":104,"minecraft:dark_oak_sapling":1458,"minecraft:end_rod":880,"minecraft:dropper":56,"minecraft:wither_skeleton_skull":11,"minecraft:gray_carpet":7738,"minecraft:stone_pickaxe":1539,"minecraft:jungle_fence":158,"minecraft:oak_planks":674,"minecraft:sandstone":328,"minecraft:sugar_cane":828,"minecraft:diamond_axe":57261,"minecraft:white_wool":741,"minecraft:light_blue_concrete":31,"minecraft:lime_stained_glass_pane":26,"minecraft:mushroom_stew":1,"minecraft:light_blue_wool":1540,"minecraft:yellow_concrete":176,"minecraft:crossbow":764,"minecraft:end_stone":98,"minecraft:sticky_piston":182,"minecraft:black_terracotta":5118,"minecraft:lever":351,"minecraft:daylight_detector":5,"minecraft:dark_oak_log":3025,"minecraft:bread":108,"minecraft:brown_wool":2900,"minecraft:warped_slab":185,"minecraft:iron_door":9,"minecraft:stripped_warped_hyphae":757,"minecraft:cooked_rabbit":7,"minecraft:chain":536,"minecraft:smooth_stone_slab":5632,"minecraft:mossy_cobblestone_wall":9,"minecraft:coarse_dirt":1821,"minecraft:bone_meal":7932,"minecraft:orange_concrete_powder":1,"minecraft:netherite_sword":5799,"minecraft:rose_bush":121,"minecraft:flint_and_steel":77,"minecraft:crimson_fence":2,"minecraft:granite_stairs":1,"minecraft:redstone":2638,"minecraft:ender_chest":188,"minecraft:brown_shulker_box":78,"minecraft:stripped_birch_wood":33,"minecraft:stone_hoe":483,"minecraft:cooked_chicken":26,"minecraft:dirt":49324,"minecraft:red_nether_brick_slab":434,"minecraft:prismarine_bricks":96,"minecraft:spruce_fence":806,"minecraft:iron_hoe":3,"minecraft:brown_terracotta":7850,"minecraft:light_gray_stained_glass":11467,"minecraft:oak_stairs":11,"minecraft:smooth_sandstone":832,"minecraft:crimson_slab":245,"minecraft:yellow_concrete_powder":47,"minecraft:black_stained_glass":82,"minecraft:soul_soil":30,"minecraft:dark_oak_pressure_plate":6,"minecraft:lime_stained_glass":4470,"minecraft:netherite_pickaxe":810069,"minecraft:minecart":330,"minecraft:light_gray_bed":12,"minecraft:cooked_beef":1026,"minecraft:pumpkin":620,"minecraft:turtle_egg":71,"minecraft:orange_stained_glass_pane":917,"minecraft:quartz_bricks":1120,"minecraft:lodestone":2,"minecraft:cobblestone_stairs":108,"minecraft:snow_block":948,"minecraft:baked_potato":37,"minecraft:red_nether_bricks":11569,"minecraft:birch_boat":8,"minecraft:brown_mushroom":70,"minecraft:cut_sandstone":88,"minecraft:spruce_sign":535,"minecraft:green_bed":2,"minecraft:music_disc_cat":101,"minecraft:dark_prismarine_slab":808,"minecraft:red_mushroom":20,"minecraft:magenta_carpet":4,"minecraft:warped_planks":1770,"minecraft:cyan_stained_glass":23,"minecraft:netherite_block":27,"minecraft:piston":399,"minecraft:wooden_hoe":36,"minecraft:gray_terracotta":747,"minecraft:flower_pot":93,"minecraft:black_wool":56,"minecraft:chicken":3,"minecraft:lapis_ore":126,"minecraft:stone_slab":5842,"minecraft:detector_rail":10,"minecraft:magenta_concrete":1,"minecraft:jungle_stairs":139,"minecraft:stone_axe":283,"minecraft:brown_stained_glass_pane":8,"minecraft:crimson_fungus":10,"minecraft:stripped_crimson_hyphae":2,"minecraft:end_crystal":9,"minecraft:pink_shulker_box":1,"minecraft:pumpkin_pie":112,"minecraft:sea_pickle":19,"minecraft:gray_wool":12808,"minecraft:birch_stairs":282,"minecraft:peony":14,"minecraft:polished_blackstone":150,"minecraft:ladder":24,"minecraft:spruce_slab":2137,"minecraft:chest":2698,"minecraft:brown_concrete":2,"minecraft:white_shulker_box":152,"minecraft:brick_slab":180,"minecraft:blue_stained_glass":11,"minecraft:jungle_slab":76,"minecraft:acacia_sapling":716,"minecraft:stripped_spruce_log":177,"minecraft:honey_block":62,"minecraft:netherite_shovel":295196,"minecraft:warped_hyphae":661,"minecraft:black_stained_glass_pane":66,"minecraft:grass_block":22529,"minecraft:birch_sapling":908,"minecraft:polished_andesite_stairs":3277,"minecraft:orange_shulker_box":79,"minecraft:wet_sponge":2,"minecraft:stone_brick_stairs":983,"minecraft:dark_oak_button":87,"minecraft:pink_wool":11,"minecraft:music_disc_stal":23,"minecraft:snow":1474,"minecraft:red_stained_glass_pane":428,"minecraft:sweet_berries":142,"minecraft:furnace":194,"minecraft:egg":1703,"minecraft:potato":361,"minecraft:emerald_ore":9,"minecraft:spruce_door":24,"minecraft:stripped_birch_log":8,"minecraft:warped_fungus_on_a_stick":21,"minecraft:brown_concrete_powder":5137,"minecraft:magenta_shulker_box":97,"minecraft:light_blue_carpet":34,"minecraft:diorite":561,"minecraft:end_stone_bricks":2,"minecraft:brick_wall":34,"minecraft:acacia_trapdoor":23,"minecraft:powered_rail":1526,"minecraft:lime_concrete_powder":261,"minecraft:jungle_pressure_plate":2,"minecraft:oak_leaves":3336,"minecraft:cookie":2,"minecraft:smooth_quartz_stairs":1075,"minecraft:respawn_anchor":32,"minecraft:dark_oak_trapdoor":942,"minecraft:sand":11537,"minecraft:black_concrete_powder":10998,"minecraft:pumpkin_seeds":73,"minecraft:crying_obsidian":56,"minecraft:stone_button":45,"minecraft:cyan_carpet":3,"minecraft:red_terracotta":1312,"minecraft:diamond_ore":530,"minecraft:lectern":147,"minecraft:polished_granite":162,"minecraft:lilac":9,"minecraft:polished_andesite_slab":852,"minecraft:soul_lantern":459,"minecraft:wooden_sword":1,"minecraft:dark_oak_fence":1977,"minecraft:white_stained_glass":1533,"minecraft:green_concrete_powder":113,"minecraft:ice":474,"minecraft:gray_stained_glass":5443,"minecraft:iron_bars":472,"minecraft:acacia_log":129,"minecraft:red_concrete":436,"minecraft:mycelium":13702,"minecraft:stripped_warped_stem":4,"minecraft:sandstone_wall":193,"minecraft:netherrack":14671,"minecraft:light_gray_shulker_box":34,"minecraft:anvil":1039,"minecraft:warped_wart_block":32,"minecraft:ancient_debris":230,"minecraft:crimson_hyphae":298,"minecraft:stone_stairs":1559,"minecraft:nether_brick_slab":495,"minecraft:polished_granite_slab":13,"minecraft:jungle_trapdoor":172,"minecraft:blue_concrete":403,"minecraft:polished_diorite":92,"minecraft:shroomlight":80,"minecraft:red_shulker_box":89,"minecraft:cyan_shulker_box":37,"minecraft:spruce_button":755,"minecraft:iron_axe":792,"minecraft:brick_stairs":31,"minecraft:slime_block":253,"minecraft:smooth_quartz":1249,"minecraft:totem_of_undying":6,"minecraft:melon_seeds":96,"minecraft:purple_concrete":5,"minecraft:glowstone":2616,"minecraft:iron_trapdoor":235,"minecraft:magenta_wool":1,"minecraft:acacia_wood":71,"minecraft:observer":460,"minecraft:orange_terracotta":7083,"minecraft:crimson_stem":68,"minecraft:water_bucket":2893,"minecraft:nether_brick_wall":159,"minecraft:sandstone_stairs":1,"minecraft:smooth_sandstone_slab":102,"minecraft:yellow_shulker_box":63,"minecraft:cartography_table":11,"minecraft:lime_wool":55,"minecraft:red_mushroom_block":2361,"minecraft:polished_blackstone_bricks":119,"minecraft:cracked_stone_bricks":31,"minecraft:gilded_blackstone":2,"minecraft:orange_carpet":1,"minecraft:comparator":150,"minecraft:vine":90,"minecraft:mossy_cobblestone":306,"minecraft:tnt":11707,"minecraft:oak_slab":11,"minecraft:crafting_table":343,"minecraft:birch_sign":528,"minecraft:cod":13,"minecraft:dark_oak_fence_gate":1357,"minecraft:lime_shulker_box":43,"minecraft:cake":12,"minecraft:oak_log":163,"minecraft:dark_prismarine":23129,"minecraft:stripped_jungle_log":14,"minecraft:sunflower":4,"minecraft:iron_pickaxe":4009,"minecraft:cyan_concrete":20,"minecraft:crimson_nylium":242,"minecraft:chiseled_stone_bricks":1,"minecraft:cobblestone":11608,"minecraft:red_concrete_powder":3921,"minecraft:acacia_pressure_plate":2,"minecraft:sandstone_slab":2,"minecraft:glass_pane":8,"minecraft:brown_mushroom_block":1171,"minecraft:jukebox":39,"minecraft:kelp":265,"minecraft:light_blue_stained_glass_pane":2,"minecraft:iron_shovel":2634,"minecraft:oak_sign":209,"minecraft:diamond_hoe":8549,"minecraft:white_concrete_powder":6700,"minecraft:white_terracotta":1128,"minecraft:iron_sword":6,"minecraft:bell":10,"minecraft:player_head":162,"minecraft:smooth_sandstone_stairs":803,"minecraft:birch_pressure_plate":42,"minecraft:nether_bricks":973,"minecraft:prismarine_brick_stairs":54,"minecraft:carrot":218,"minecraft:milk_bucket":17,"minecraft:glass":1756,"minecraft:cyan_terracotta":38002,"minecraft:coal_ore":2634,"minecraft:quartz_slab":491,"minecraft:gray_concrete_powder":31218,"minecraft:dark_oak_wood":46,"minecraft:hopper_minecart":40,"minecraft:stone_bricks":16923,"minecraft:honeycomb_block":35,"minecraft:repeater":855,"minecraft:red_carpet":42,"minecraft:redstone_lamp":37,"minecraft:brown_carpet":432,"minecraft:magma_block":10757,"minecraft:warped_fungus":36,"minecraft:hay_block":120,"minecraft:scaffolding":11954,"minecraft:gray_bed":434,"minecraft:large_fern":1,"minecraft:stripped_spruce_wood":269,"minecraft:dark_oak_stairs":3294,"minecraft:dark_oak_sign":140,"minecraft:birch_leaves":662,"minecraft:birch_wood":42,"minecraft:ender_pearl":481,"minecraft:blue_bed":12,"minecraft:redstone_block":190,"minecraft:black_banner":208,"minecraft:yellow_terracotta":891,"minecraft:light_gray_terracotta":1183,"minecraft:loom":22,"minecraft:gray_shulker_box":13,"minecraft:melon_slice":193,"minecraft:sponge":343,"minecraft:black_bed":1,"minecraft:blackstone_wall":114,"minecraft:note_block":182,"minecraft:firework_rocket":8351,"minecraft:stone_brick_wall":92,"minecraft:shears":151414,"minecraft:string":8591,"minecraft:cyan_bed":9,"minecraft:green_concrete":3,"minecraft:birch_fence_gate":26,"minecraft:redstone_torch":411,"minecraft:music_disc_mall":1,"minecraft:heavy_weighted_pressure_plate":7,"minecraft:lime_carpet":505,"minecraft:black_concrete":8190,"minecraft:light_gray_concrete":3974,"minecraft:brown_stained_glass":22,"minecraft:gravel":5122,"minecraft:oak_fence":30,"minecraft:stripped_oak_wood":6,"minecraft:blackstone_slab":42,"minecraft:smooth_red_sandstone_slab":16,"minecraft:jungle_sign":50,"minecraft:jungle_leaves":595,"minecraft:grindstone":146,"minecraft:purpur_block":3,"minecraft:white_concrete":11096,"minecraft:experience_bottle":1685,"minecraft:andesite":6821,"minecraft:cobweb":104,"minecraft:chest_minecart":26,"minecraft:air":1,"minecraft:trident":696,"minecraft:tropical_fish":2,"minecraft:redstone_ore":1778,"minecraft:stone_shovel":661,"minecraft:light_blue_terracotta":671,"minecraft:spruce_planks":13014,"minecraft:oak_door":10,"minecraft:white_carpet":2,"minecraft:hopper":1229,"minecraft:spruce_stairs":1061,"minecraft:cobblestone_wall":529,"minecraft:shulker_box":5306,"minecraft:oak_wood":221,"minecraft:pink_carpet":3,"minecraft:granite":1271,"minecraft:light_blue_stained_glass":102,"minecraft:birch_door":8,"minecraft:andesite_wall":253,"minecraft:stone_brick_slab":737,"minecraft:dark_oak_planks":12345,"minecraft:yellow_stained_glass":29,"minecraft:bookshelf":217,"minecraft:polished_blackstone_brick_stairs":185,"minecraft:crimson_planks":2981,"minecraft:light_gray_wool":434,"minecraft:golden_carrot":10379,"minecraft:white_stained_glass_pane":312,"minecraft:stone_pressure_plate":7,"minecraft:brown_bed":18,"minecraft:cooked_mutton":116,"minecraft:iron_ore":22,"minecraft:glass_bottle":39,"minecraft:polished_andesite":8361,"minecraft:blue_wool":82,"minecraft:andesite_slab":562,"minecraft:black_shulker_box":179,"minecraft:stonecutter":115,"minecraft:beacon":32,"minecraft:chiseled_nether_bricks":4,"minecraft:cobblestone_slab":533,"minecraft:jungle_wood":25,"minecraft:stripped_dark_oak_log":581,"minecraft:terracotta":2550,"minecraft:lime_bed":8,"minecraft:yellow_stained_glass_pane":1145,"minecraft:painting":54,"minecraft:light_gray_concrete_powder":1851,"minecraft:smoker":15,"minecraft:nether_gold_ore":67,"minecraft:apple":17,"minecraft:cracked_polished_blackstone_bricks":8,"minecraft:map":205,"minecraft:netherite_axe":89958,"minecraft:fishing_rod":31,"minecraft:green_shulker_box":10,"minecraft:bucket":3255,"minecraft:jungle_door":2,"minecraft:white_banner":1,"minecraft:smooth_stone":2264,"minecraft:splash_potion":31,"minecraft:red_banner":6,"minecraft:purple_carpet":18,"minecraft:yellow_bed":2,"minecraft:polished_blackstone_button":3},"minecraft:crafted":{"minecraft:lime_stained_glass":3096,"minecraft:red_stained_glass_pane":472,"minecraft:black_dye":6446,"minecraft:yellow_wool":2,"minecraft:oak_sign":184,"minecraft:melon":49548,"minecraft:blaze_powder":520,"minecraft:birch_boat":4,"minecraft:chain":3842,"minecraft:brick_wall":60,"minecraft:diamond_shovel":66,"minecraft:cracked_stone_bricks":27,"minecraft:nether_brick":21185,"minecraft:gray_wool":64,"minecraft:shulker_box":367,"minecraft:diamond_helmet":11,"minecraft:beacon":1,"minecraft:stone_pressure_plate":47,"minecraft:iron_door":9,"minecraft:gray_stained_glass_pane":1381,"minecraft:dried_kelp_block":4,"minecraft:black_wool":128,"minecraft:white_shulker_box":15,"minecraft:gray_stained_glass":5888,"minecraft:name_tag":825,"minecraft:lime_concrete_powder":512,"minecraft:warped_stairs":924,"minecraft:redstone_lamp":143,"minecraft:end_rod":5280,"minecraft:soul_campfire":352,"minecraft:jungle_boat":4,"minecraft:polished_andesite_stairs":1264,"minecraft:chest_minecart":26,"minecraft:jungle_pressure_plate":2,"minecraft:green_bed":22,"minecraft:smithing_table":36,"minecraft:mossy_cobblestone":255,"minecraft:sticky_piston":198,"minecraft:red_nether_bricks":11902,"minecraft:fletching_table":20,"minecraft:painting":20,"minecraft:cartography_table":48,"minecraft:stone_brick_stairs":604,"minecraft:lectern":89,"minecraft:wooden_hoe":2,"minecraft:stone_slab":6386,"minecraft:iron_pickaxe":27,"minecraft:sandstone":170,"minecraft:netherite_ingot":181,"minecraft:composter":113,"minecraft:polished_blackstone_bricks":432,"minecraft:dark_prismarine":881,"minecraft:jungle_sign":64,"minecraft:golden_carrot":61205,"minecraft:jukebox":9,"minecraft:iron_nugget":39689,"minecraft:crimson_trapdoor":142,"minecraft:diamond_hoe":1,"minecraft:experience_bottle":2486,"minecraft:brick_stairs":28,"minecraft:soul_torch":3628,"minecraft:red_banner":3,"minecraft:light_gray_wool":4,"minecraft:prismarine_brick_stairs":72,"minecraft:lime_stained_glass_pane":32,"minecraft:spruce_fence":1497,"minecraft:stone_stairs":1432,"minecraft:lantern":4249,"minecraft:spruce_stairs":1268,"minecraft:light_gray_shulker_box":11,"minecraft:polished_diorite":444,"minecraft:black_concrete_powder":9776,"minecraft:stone_pickaxe":12,"minecraft:quartz_slab":488,"minecraft:spruce_boat":13,"minecraft:purple_carpet":96,"minecraft:brick_slab":214,"minecraft:lead":142,"minecraft:chainmail_leggings":12,"minecraft:light_gray_terracotta":952,"minecraft:enchanting_table":1,"minecraft:crimson_slab":354,"minecraft:acacia_trapdoor":40,"minecraft:light_blue_wool":58,"minecraft:yellow_stained_glass_pane":1272,"minecraft:leather_helmet":2,"minecraft:dark_oak_button":211,"minecraft:red_carpet":66,"minecraft:enchanted_book":205,"minecraft:orange_dye":553,"minecraft:stripped_warped_hyphae":321,"minecraft:light_blue_carpet":24,"minecraft:oak_fence_gate":11,"minecraft:crimson_stairs":228,"minecraft:soul_lantern":3628,"minecraft:warped_sign":33,"minecraft:warped_fungus_on_a_stick":2,"minecraft:fermented_spider_eye":12,"minecraft:birch_trapdoor":136,"minecraft:black_stained_glass_pane":96,"minecraft:writable_book":66,"minecraft:iron_shovel":22,"minecraft:armor_stand":6,"minecraft:note_block":168,"minecraft:pink_terracotta":556,"minecraft:grindstone":192,"minecraft:cobblestone_slab":3429,"minecraft:barrel":200,"minecraft:birch_wood":69,"minecraft:polished_granite_slab":30,"minecraft:acacia_pressure_plate":2,"minecraft:quartz_bricks":1048,"minecraft:cooked_chicken":62,"minecraft:stone":526,"minecraft:red_sandstone":3,"minecraft:pink_carpet":3,"minecraft:heavy_weighted_pressure_plate":5,"minecraft:quartz_pillar":10632,"minecraft:warped_planks":3851,"minecraft:brown_carpet":399,"minecraft:cake":15,"minecraft:stone_brick_slab":778,"minecraft:brown_stained_glass":32,"minecraft:nether_brick_wall":216,"minecraft:orange_stained_glass_pane":926,"minecraft:bow":444,"minecraft:comparator":347,"minecraft:chest":4210,"minecraft:polished_basalt":256,"minecraft:oak_button":432,"minecraft:yellow_terracotta":1081,"minecraft:jungle_stairs":80,"minecraft:rail":4299,"minecraft:blue_concrete_powder":848,"minecraft:bricks":24267,"minecraft:birch_button":20,"minecraft:red_nether_brick_slab":128,"minecraft:ender_eye":307,"minecraft:stone_bricks":18168,"minecraft:oak_fence":36,"minecraft:respawn_anchor":26,"minecraft:golden_boots":6,"minecraft:sea_lantern":12,"minecraft:dropper":408,"minecraft:arrow":88,"minecraft:cauldron":158,"minecraft:lime_terracotta":396,"minecraft:iron_helmet":12,"minecraft:brown_dye":1619,"minecraft:birch_pressure_plate":17,"minecraft:chainmail_chestplate":10,"minecraft:red_wool":131,"minecraft:acacia_button":1,"minecraft:white_stained_glass_pane":416,"minecraft:dispenser":417,"minecraft:apple":220,"minecraft:tnt":14542,"minecraft:spruce_trapdoor":3642,"minecraft:purple_dye":896,"minecraft:yellow_dye":821,"minecraft:warped_fence_gate":7,"minecraft:netherite_block":9,"minecraft:gray_terracotta":1431,"minecraft:stick":58002,"minecraft:iron_ingot":41782,"minecraft:andesite_stairs":88,"minecraft:lime_carpet":576,"minecraft:dark_oak_fence_gate":1119,"minecraft:blue_terracotta":748,"minecraft:oak_door":12,"minecraft:nether_brick_slab":456,"minecraft:stone_brick_wall":132,"minecraft:fishing_rod":3,"minecraft:netherite_sword":1,"minecraft:spruce_button":881,"minecraft:mossy_stone_bricks":128,"minecraft:furnace":313,"minecraft:blast_furnace":30,"minecraft:piston":581,"minecraft:crimson_button":400,"minecraft:polished_andesite_slab":675,"minecraft:smooth_quartz_stairs":800,"minecraft:oak_trapdoor":26,"minecraft:flint_and_steel":17,"minecraft:scaffolding":3199,"minecraft:white_concrete_powder":14830,"minecraft:cobblestone_wall":804,"minecraft:brown_shulker_box":3,"minecraft:smooth_quartz_slab":1690,"minecraft:blackstone_stairs":56,"minecraft:birch_sign":357,"minecraft:smooth_sandstone_stairs":752,"minecraft:light_blue_stained_glass_pane":16,"minecraft:jungle_wood":96,"minecraft:iron_trapdoor":203,"minecraft:polished_blackstone_wall":66,"minecraft:diorite_wall":12,"minecraft:iron_sword":9,"minecraft:black_banner":139,"minecraft:jungle_planks":16342,"minecraft:white_dye":8819,"minecraft:brown_concrete_powder":5112,"minecraft:netherite_shovel":3,"minecraft:black_carpet":45,"minecraft:blue_wool":125,"minecraft:anvil":1453,"minecraft:stonecutter":100,"minecraft:andesite":2814,"minecraft:torch":14591,"minecraft:diamond_chestplate":8,"minecraft:ender_chest":247,"minecraft:jungle_button":33,"minecraft:light_gray_concrete_powder":1792,"minecraft:smooth_stone":149,"minecraft:jungle_fence_gate":12,"minecraft:cut_sandstone":356,"minecraft:dark_oak_pressure_plate":8,"minecraft:cut_sandstone_slab":470,"minecraft:purple_bed":1,"minecraft:oak_pressure_plate":8,"minecraft:dark_oak_wood":87,"minecraft:birch_slab":402,"minecraft:slime_block":4946,"minecraft:loom":67,"minecraft:lever":263,"minecraft:bookshelf":1472,"minecraft:cooked_mutton":30,"minecraft:iron_bars":1296,"minecraft:red_concrete_powder":4080,"minecraft:quartz_block":27784,"minecraft:glass":20542,"minecraft:light_blue_terracotta":640,"minecraft:repeater":1021,"minecraft:diamond_leggings":18,"minecraft:melon_seeds":148,"minecraft:birch_fence_gate":77,"minecraft:polished_blackstone":1176,"minecraft:stripped_dark_oak_wood":6,"minecraft:birch_door":6,"minecraft:magenta_dye":346,"minecraft:gray_bed":288,"minecraft:flower_pot":1799,"minecraft:glass_bottle":292,"minecraft:furnace_minecart":9,"minecraft:emerald":138895,"minecraft:smooth_quartz":2416,"minecraft:cooked_porkchop":16,"minecraft:diamond_axe":20,"minecraft:spruce_door":36,"minecraft:clock":3,"minecraft:oak_wood":321,"minecraft:hay_block":125,"minecraft:campfire":1055,"minecraft:tnt_minecart":6,"minecraft:light_gray_bed":10,"minecraft:lime_shulker_box":1,"minecraft:lime_bed":21,"minecraft:compass":1946,"minecraft:iron_block":22710,"minecraft:light_blue_bed":3,"minecraft:gold_ingot":29614,"minecraft:light_gray_dye":3455,"minecraft:spruce_fence_gate":144,"minecraft:birch_stairs":280,"minecraft:packed_ice":86,"minecraft:yellow_concrete_powder":152,"minecraft:stone_shovel":5,"minecraft:smooth_stone_slab":5873,"minecraft:player_head":407,"minecraft:red_terracotta":510,"minecraft:bone_meal":56893,"minecraft:cyan_stained_glass":56,"minecraft:andesite_wall":204,"minecraft:pink_dye":278,"minecraft:white_carpet":6,"minecraft:warped_trapdoor":134,"minecraft:diamond":2936,"minecraft:dark_oak_fence":1866,"minecraft:detector_rail":12,"minecraft:ladder":51,"minecraft:spruce_slab":3430,"minecraft:diamond_boots":16,"minecraft:redstone_block":2291,"minecraft:jungle_fence":246,"minecraft:dark_oak_planks":35117,"minecraft:golden_helmet":1,"minecraft:wheat":189,"minecraft:coal_block":1113,"minecraft:firework_star":8960,"minecraft:daylight_detector":2,"minecraft:netherite_pickaxe":3,"minecraft:red_bed":1,"minecraft:conduit":1,"minecraft:polished_granite":900,"minecraft:gray_concrete_powder":31762,"minecraft:sandstone_slab":6,"minecraft:glowstone":5692,"minecraft:white_stained_glass":1288,"minecraft:jungle_slab":653,"minecraft:sandstone_wall":204,"minecraft:golden_apple":102,"minecraft:andesite_slab":364,"minecraft:gray_shulker_box":3,"minecraft:oak_stairs":16,"minecraft:iron_leggings":7,"minecraft:white_bed":23,"minecraft:lime_wool":320,"minecraft:brick":102551,"minecraft:oak_planks":15920,"minecraft:cobblestone_stairs":176,"minecraft:warped_hyphae":663,"minecraft:light_blue_banner":3,"minecraft:spruce_pressure_plate":11,"minecraft:green_dye":597,"minecraft:hopper":1671,"minecraft:iron_boots":12,"minecraft:written_book":10,"minecraft:blackstone_wall":198,"minecraft:cyan_terracotta":34696,"minecraft:chiseled_stone_bricks":457,"minecraft:stone_hoe":8,"minecraft:honeycomb_block":50,"minecraft:smoker":32,"minecraft:quartz_stairs":56,"minecraft:item_frame":3835,"minecraft:oak_slab":288,"minecraft:acacia_wood":48,"minecraft:map":2096,"minecraft:crafting_table":264,"minecraft:spruce_planks":61282,"minecraft:brown_stained_glass_pane":16,"minecraft:wooden_pickaxe":2,"minecraft:baked_potato":21,"minecraft:hopper_minecart":40,"minecraft:gold_block":1015,"minecraft:brewing_stand":31,"minecraft:birch_planks":10874,"minecraft:pumpkin_seeds":288,"minecraft:black_shulker_box":30,"minecraft:dark_oak_slab":5056,"minecraft:book":542,"minecraft:iron_chestplate":2,"minecraft:paper":124392,"minecraft:emerald_block":1695,"minecraft:diamond_pickaxe":51,"minecraft:warped_slab":262,"minecraft:birch_fence":544,"minecraft:light_blue_dye":2,"minecraft:leather_chestplate":6,"minecraft:snow_block":1131,"minecraft:green_shulker_box":2,"minecraft:polished_blackstone_brick_stairs":172,"minecraft:gray_carpet":7807,"minecraft:redstone_torch":3571,"minecraft:light_gray_carpet":853,"minecraft:sponge":325,"minecraft:light_gray_stained_glass_pane":2182,"minecraft:shears":794,"minecraft:green_carpet":354,"minecraft:crimson_hyphae":330,"minecraft:polished_andesite":10204,"minecraft:coarse_dirt":6400,"minecraft:wooden_sword":1,"minecraft:redstone":22013,"minecraft:coal":1676,"minecraft:light_gray_stained_glass":9792,"minecraft:stone_button":81,"minecraft:dark_oak_trapdoor":1078,"minecraft:jungle_trapdoor":260,"minecraft:gray_dye":6152,"minecraft:dark_oak_sign":144,"minecraft:diamond_block":989,"minecraft:glass_pane":5872,"minecraft:yellow_shulker_box":4,"minecraft:leather":2,"minecraft:black_terracotta":6285,"minecraft:green_concrete_powder":408,"minecraft:iron_axe":5,"minecraft:spruce_wood":510,"minecraft:iron_hoe":1,"minecraft:slime_ball":90,"minecraft:orange_concrete_powder":8,"minecraft:lime_dye":1152,"minecraft:filled_map":456,"minecraft:netherite_scrap":327,"minecraft:minecart":123,"minecraft:observer":739,"minecraft:cooked_beef":341,"minecraft:sugar":128,"minecraft:red_dye":2525,"minecraft:cooked_cod":66,"minecraft:bone_block":5837,"minecraft:crimson_planks":4848,"minecraft:diamond_sword":10,"minecraft:cyan_dye":5462,"minecraft:spruce_sign":717,"minecraft:dark_oak_stairs":2536,"minecraft:powered_rail":1872,"minecraft:yellow_carpet":3,"minecraft:bell":19,"minecraft:smooth_sandstone":1374,"minecraft:nether_bricks":1571,"minecraft:bucket":273,"minecraft:stone_axe":34,"minecraft:brown_terracotta":6016,"minecraft:lodestone":1,"minecraft:mossy_cobblestone_wall":12,"minecraft:bread":11885,"minecraft:air":0,"minecraft:blue_dye":3491,"minecraft:black_stained_glass":648,"minecraft:oak_boat":3,"minecraft:smooth_sandstone_slab":210,"minecraft:white_wool":3474,"minecraft:gold_nugget":418,"minecraft:brown_wool":199,"minecraft:dark_prismarine_slab":665,"minecraft:green_wool":192,"minecraft:nether_wart_block":1,"minecraft:pumpkin_pie":48,"minecraft:acacia_planks":1652,"minecraft:end_crystal":9,"minecraft:purple_concrete_powder":160,"minecraft:blackstone_slab":124,"minecraft:lapis_lazuli":1906,"minecraft:lapis_block":240,"minecraft:clay":49,"minecraft:firework_rocket":152936},"minecraft:dropped":{"minecraft:iron_sword":26,"minecraft:pink_stained_glass":2,"minecraft:porkchop":21,"minecraft:respawn_anchor":25,"minecraft:lapis_lazuli":169,"minecraft:chorus_fruit":110,"minecraft:glass_bottle":82,"minecraft:diamond":475,"minecraft:crafting_table":39,"minecraft:lime_stained_glass":136,"minecraft:cooked_porkchop":236,"minecraft:dark_oak_slab":253,"minecraft:warped_fungus_on_a_stick":2,"minecraft:weeping_vines":39,"minecraft:warped_roots":70,"minecraft:cracked_stone_bricks":1,"minecraft:quartz_pillar":173,"minecraft:red_mushroom":40,"minecraft:emerald":700,"minecraft:gold_block":1,"minecraft:gray_concrete":246,"minecraft:red_bed":4,"minecraft:birch_fence":39,"minecraft:dark_oak_fence":14,"minecraft:black_stained_glass_pane":66,"minecraft:dark_oak_trapdoor":112,"minecraft:stripped_dark_oak_wood":6,"minecraft:netherite_boots":7,"minecraft:gold_nugget":726,"minecraft:writable_book":14,"minecraft:bubble_coral_block":1,"minecraft:sand":1403,"minecraft:fishing_rod":1,"minecraft:dark_oak_planks":984,"minecraft:white_wool":120,"minecraft:birch_stairs":7,"minecraft:stone_axe":34,"minecraft:compass":22,"minecraft:ancient_debris":39,"minecraft:lever":65,"minecraft:diamond_block":349,"minecraft:iron_nugget":682,"minecraft:cooked_chicken":59,"minecraft:netherite_sword":9,"minecraft:wheat":259,"minecraft:obsidian":64,"minecraft:stripped_dark_oak_log":6,"minecraft:grindstone":46,"minecraft:rotten_flesh":55340,"minecraft:oak_planks":675,"minecraft:glowstone_dust":86,"minecraft:warped_sign":2,"minecraft:quartz_bricks":58,"minecraft:golden_shovel":2,"minecraft:nether_brick_fence":1,"minecraft:azure_bluet":9,"minecraft:warped_planks":9,"minecraft:blue_stained_glass":1,"minecraft:red_mushroom_block":105,"minecraft:sea_lantern":4,"minecraft:coal_ore":454,"minecraft:diorite_wall":1,"minecraft:quartz_block":977,"minecraft:jungle_log":202,"minecraft:music_disc_mall":1,"minecraft:leather_boots":74,"minecraft:acacia_sapling":3,"minecraft:leather_leggings":41,"minecraft:painting":1,"minecraft:red_nether_bricks":168,"minecraft:glass":730,"minecraft:beef":198,"minecraft:podzol":128,"minecraft:warped_wart_block":188,"minecraft:granite_wall":3,"minecraft:stone_brick_stairs":4,"minecraft:golden_boots":49,"minecraft:orange_shulker_box":1,"minecraft:black_dye":31,"minecraft:wheat_seeds":3989,"minecraft:clock":3,"minecraft:smooth_quartz_stairs":9,"minecraft:light_gray_stained_glass_pane":520,"minecraft:prismarine_crystals":253,"minecraft:book":33,"minecraft:red_stained_glass":514,"minecraft:golden_apple":12,"minecraft:mushroom_stew":2,"minecraft:coal_block":97,"minecraft:turtle_egg":8,"minecraft:warped_trapdoor":3,"minecraft:acacia_sign":2,"minecraft:lava_bucket":1,"minecraft:cobweb":2,"minecraft:diamond_horse_armor":1,"minecraft:dark_oak_leaves":133,"minecraft:brown_concrete_powder":2,"minecraft:gray_wool":284,"minecraft:ink_sac":89,"minecraft:blackstone_wall":68,"minecraft:cooked_salmon":1,"minecraft:lapis_ore":35,"minecraft:potion":33,"minecraft:stripped_birch_log":7,"minecraft:pumpkin":1748,"minecraft:white_banner":6,"minecraft:smooth_sandstone_slab":26,"minecraft:jungle_boat":1,"minecraft:red_dye":3,"minecraft:chipped_anvil":1,"minecraft:smooth_stone":196,"minecraft:chainmail_leggings":25,"minecraft:smooth_sandstone":17,"minecraft:acacia_planks":64,"minecraft:stone_brick_slab":201,"minecraft:snow_block":9,"minecraft:bricks":247,"minecraft:soul_soil":103,"minecraft:netherite_hoe":8,"minecraft:green_terracotta":18,"minecraft:player_head":158,"minecraft:cocoa_beans":579,"minecraft:green_bed":22,"minecraft:sticky_piston":2,"minecraft:orange_concrete":1,"minecraft:experience_bottle":70,"minecraft:white_carpet":1,"minecraft:clay_ball":12,"minecraft:iron_boots":36,"minecraft:name_tag":25,"minecraft:light_gray_concrete":78,"minecraft:white_terracotta":103,"minecraft:oak_sign":109,"minecraft:shears":199,"minecraft:blast_furnace":1,"minecraft:diamond_sword":29,"minecraft:spruce_boat":9,"minecraft:brain_coral_block":1,"minecraft:flower_pot":94,"minecraft:sea_pickle":4,"minecraft:peony":17,"minecraft:spruce_trapdoor":417,"minecraft:spruce_planks":1456,"minecraft:diamond_pickaxe":17,"minecraft:light_blue_carpet":7,"minecraft:fire_coral_block":1,"minecraft:andesite_stairs":65,"minecraft:redstone_torch":44,"minecraft:stone_pressure_plate":4,"minecraft:barrel":2,"minecraft:stone_bricks":1060,"minecraft:bamboo":1357,"minecraft:sandstone":171,"minecraft:red_sand":118,"minecraft:bow":507,"minecraft:stripped_spruce_wood":2,"minecraft:magma_block":300,"minecraft:cooked_rabbit":3,"minecraft:cyan_bed":21,"minecraft:terracotta":117,"minecraft:blue_shulker_box":1,"minecraft:soul_sand":280,"minecraft:warped_fungus":6,"minecraft:oak_log":140,"minecraft:ender_pearl":280,"minecraft:nether_star":1,"minecraft:dark_oak_sapling":46,"minecraft:lime_terracotta":12,"minecraft:leather":384,"minecraft:jungle_planks":454,"minecraft:red_wool":185,"minecraft:black_banner":11,"minecraft:birch_slab":66,"minecraft:cod":3887,"minecraft:cobblestone_stairs":2,"minecraft:cracked_polished_blackstone_bricks":10,"minecraft:redstone_lamp":1,"minecraft:dark_oak_log":271,"minecraft:packed_ice":21,"minecraft:ice":14,"minecraft:mutton":29,"minecraft:snowball":445,"minecraft:black_shulker_box":3,"minecraft:jungle_sign":18,"minecraft:black_concrete":61,"minecraft:crimson_door":1,"minecraft:cauldron":5,"minecraft:gold_ingot":103,"minecraft:chiseled_polished_blackstone":10,"minecraft:pink_terracotta":10,"minecraft:magenta_stained_glass":1,"minecraft:purpur_block":10,"minecraft:twisting_vines":13,"minecraft:andesite_slab":264,"minecraft:smooth_sandstone_stairs":8,"minecraft:soul_lantern":97,"minecraft:mossy_stone_brick_slab":2,"minecraft:cooked_mutton":25,"minecraft:acacia_stairs":1,"minecraft:mycelium":3355,"minecraft:mushroom_stem":13,"minecraft:leather_chestplate":53,"minecraft:trident":5,"minecraft:dropper":18,"minecraft:iron_ore":413,"minecraft:birch_button":13,"minecraft:iron_bars":203,"minecraft:scaffolding":424,"minecraft:white_concrete_powder":306,"minecraft:light_gray_concrete_powder":37,"minecraft:magenta_wool":2,"minecraft:polished_granite":2,"minecraft:splash_potion":7,"minecraft:purple_carpet":53,"minecraft:stone_hoe":4,"minecraft:bread":14786,"minecraft:vine":29,"minecraft:lilac":10,"minecraft:golden_helmet":34,"minecraft:netherite_axe":11,"minecraft:andesite_wall":94,"minecraft:tropical_fish":40,"minecraft:spruce_stairs":84,"minecraft:acacia_log":85,"minecraft:acacia_trapdoor":15,"minecraft:spruce_fence_gate":64,"minecraft:iron_block":440,"minecraft:milk_bucket":4,"minecraft:green_dye":18102,"minecraft:repeater":93,"minecraft:light_blue_wool":3,"minecraft:nether_wart_block":161,"minecraft:white_concrete":267,"minecraft:melon_slice":8708,"minecraft:light_gray_shulker_box":2,"minecraft:iron_door":3,"minecraft:jungle_door":1,"minecraft:light_gray_stained_glass":175,"minecraft:fire_charge":2,"minecraft:jungle_leaves":1531,"minecraft:music_disc_ward":1,"minecraft:polished_andesite_stairs":137,"minecraft:stonecutter":7,"minecraft:cactus":655,"minecraft:redstone_block":180,"minecraft:blue_terracotta":10,"minecraft:kelp":2093,"minecraft:sweet_berries":15,"minecraft:oak_trapdoor":6,"minecraft:dragon_head":1,"minecraft:light_gray_terracotta":5,"minecraft:birch_pressure_plate":9,"minecraft:comparator":37,"minecraft:stripped_oak_log":4,"minecraft:warped_door":1,"minecraft:totem_of_undying":2,"minecraft:shulker_box":288,"minecraft:netherite_leggings":5,"minecraft:flint_and_steel":6,"minecraft:gray_terracotta":9,"minecraft:oak_button":3,"minecraft:andesite":2284,"minecraft:golden_leggings":53,"minecraft:oak_sapling":94,"minecraft:birch_sign":58,"minecraft:gray_concrete_powder":1067,"minecraft:spruce_log":917,"minecraft:magma_cream":64,"minecraft:light_blue_terracotta":47,"minecraft:nautilus_shell":2,"minecraft:brick":55,"minecraft:crimson_stem":36,"minecraft:clay":37,"minecraft:acacia_wood":1,"minecraft:piston":110,"minecraft:oak_pressure_plate":3,"minecraft:cooked_beef":130,"minecraft:emerald_ore":1,"minecraft:crossbow":23,"minecraft:cookie":64,"minecraft:dark_oak_button":35,"minecraft:saddle":2,"minecraft:purpur_stairs":3,"minecraft:elytra":19,"minecraft:rail":1983,"minecraft:cut_sandstone_slab":185,"minecraft:leather_helmet":71,"minecraft:item_frame":41,"minecraft:light_weighted_pressure_plate":7,"minecraft:red_shulker_box":5,"minecraft:dirt":4088,"minecraft:melon":885,"minecraft:grass":196,"minecraft:stone_button":23,"minecraft:chain":284,"minecraft:jungle_sapling":63,"minecraft:wooden_sword":1,"minecraft:bone_meal":1998,"minecraft:bone_block":111,"minecraft:phantom_membrane":10,"minecraft:sugar":159,"minecraft:iron_pickaxe":10,"minecraft:gray_dye":303,"minecraft:bone":2858,"minecraft:green_wool":53,"minecraft:oak_door":15,"minecraft:pink_concrete":1,"minecraft:note_block":7,"minecraft:polished_blackstone_wall":2,"minecraft:emerald_block":7,"minecraft:sugar_cane":4836,"minecraft:polished_andesite_slab":75,"minecraft:golden_chestplate":54,"minecraft:detector_rail":1,"minecraft:nether_brick":193,"minecraft:pink_dye":14,"minecraft:birch_sapling":116,"minecraft:blue_wool":2,"minecraft:netherite_shovel":8,"minecraft:lime_dye":67,"minecraft:end_stone":1,"minecraft:light_gray_carpet":65,"minecraft:jungle_trapdoor":4,"minecraft:white_bed":10,"minecraft:dark_oak_fence_gate":16,"minecraft:salmon":33,"minecraft:acacia_button":2,"minecraft:lime_bed":24,"minecraft:tipped_arrow":2,"minecraft:brick_stairs":2,"minecraft:charcoal":4,"minecraft:hopper":1,"minecraft:ladder":15,"minecraft:white_dye":248,"minecraft:spruce_slab":450,"minecraft:end_stone_bricks":17,"minecraft:campfire":13,"minecraft:ghast_tear":28,"minecraft:lectern":9,"minecraft:egg":3065,"minecraft:crimson_planks":23,"minecraft:enchanted_book":74,"minecraft:iron_ingot":1205,"minecraft:netherite_pickaxe":26,"minecraft:birch_leaves":709,"minecraft:gray_stained_glass_pane":128,"minecraft:tnt":339,"minecraft:polished_blackstone":94,"minecraft:netherite_helmet":4,"minecraft:dark_prismarine_slab":55,"minecraft:yellow_terracotta":159,"minecraft:purpur_slab":2,"minecraft:oak_fence":27,"minecraft:feather":832,"minecraft:iron_helmet":22,"minecraft:cobblestone":9243,"minecraft:purple_concrete":1,"minecraft:apple":134,"minecraft:granite":2655,"minecraft:spruce_button":68,"minecraft:music_disc_pigstep":2,"minecraft:stripped_jungle_log":1,"minecraft:spruce_door":34,"minecraft:polished_blackstone_button":1,"minecraft:chainmail_helmet":12,"minecraft:coal":781,"minecraft:pufferfish":17,"minecraft:polished_andesite":465,"minecraft:end_rod":602,"minecraft:oxeye_daisy":20,"minecraft:jungle_slab":28,"minecraft:iron_trapdoor":34,"minecraft:golden_carrot":1445,"minecraft:gray_bed":191,"minecraft:rose_bush":127,"minecraft:rabbit":9,"minecraft:diamond_helmet":6,"minecraft:lime_carpet":1,"minecraft:brown_terracotta":105,"minecraft:dried_kelp":8,"minecraft:orange_concrete_powder":7,"minecraft:iron_shovel":29,"minecraft:paper":3063,"minecraft:string":2280,"minecraft:gray_carpet":316,"minecraft:magenta_shulker_box":1,"minecraft:spruce_sapling":81,"minecraft:pink_tulip":1,"minecraft:purpur_pillar":10,"minecraft:furnace":20,"minecraft:redstone_ore":14,"minecraft:soul_torch":3,"minecraft:jungle_fence_gate":10,"minecraft:netherite_ingot":31,"minecraft:stone_sword":12,"minecraft:cobblestone_wall":116,"minecraft:dark_oak_sign":56,"minecraft:smooth_stone_slab":402,"minecraft:bowl":2,"minecraft:chicken":781,"minecraft:slime_block":5,"minecraft:stone_slab":1198,"minecraft:diamond_ore":90,"minecraft:nether_bricks":50,"minecraft:spruce_fence":288,"minecraft:pumpkin_seeds":446,"minecraft:lily_of_the_valley":4,"minecraft:potato":2507,"minecraft:cobblestone_slab":637,"minecraft:hay_block":191,"minecraft:shroomlight":10,"minecraft:stone":10610,"minecraft:allium":3,"minecraft:carved_pumpkin":5,"minecraft:spider_eye":125,"minecraft:brown_carpet":54,"minecraft:light_gray_dye":97,"minecraft:magenta_concrete_powder":2,"minecraft:birch_boat":2,"minecraft:magenta_dye":4,"minecraft:red_tulip":6,"minecraft:bell":3,"minecraft:dark_prismarine":244,"minecraft:black_wool":19,"minecraft:quartz_slab":7,"minecraft:spruce_sign":161,"minecraft:gold_ore":33,"minecraft:crimson_nylium":87,"minecraft:warped_stem":6,"minecraft:birch_planks":483,"minecraft:brown_mushroom":185,"minecraft:dark_oak_stairs":59,"minecraft:diamond_axe":15,"minecraft:baked_potato":29,"minecraft:sandstone_slab":24,"minecraft:red_nether_brick_slab":13,"minecraft:lantern":307,"minecraft:blue_concrete_powder":2,"minecraft:flint":70,"minecraft:spruce_leaves":424,"minecraft:cyan_terracotta":323,"minecraft:crimson_trapdoor":10,"minecraft:dispenser":21,"minecraft:polished_blackstone_brick_stairs":3,"minecraft:cornflower":100,"minecraft:crimson_roots":162,"minecraft:seagrass":452,"minecraft:cooked_cod":246,"minecraft:cut_sandstone":3,"minecraft:white_stained_glass_pane":17,"minecraft:gilded_blackstone":30,"minecraft:pumpkin_pie":70,"minecraft:furnace_minecart":1,"minecraft:polished_blackstone_bricks":88,"minecraft:acacia_door":1,"minecraft:birch_log":279,"minecraft:black_stained_glass":4,"minecraft:brown_mushroom_block":62,"minecraft:armor_stand":7,"minecraft:gravel":2520,"minecraft:crimson_fungus":18,"minecraft:blackstone":801,"minecraft:yellow_wool":1,"minecraft:lime_wool":213,"minecraft:black_terracotta":71,"minecraft:fern":78,"minecraft:diamond_shovel":20,"minecraft:stone_stairs":182,"minecraft:honey_bottle":14,"minecraft:carrot":218,"minecraft:brown_shulker_box":2,"minecraft:chainmail_chestplate":31,"minecraft:shulker_shell":3,"minecraft:poppy":612,"minecraft:rabbit_hide":13,"minecraft:oak_fence_gate":4,"minecraft:soul_campfire":4,"minecraft:gunpowder":2368,"minecraft:birch_trapdoor":46,"minecraft:melon_seeds":39,"minecraft:spruce_pressure_plate":4,"minecraft:glowstone":117,"minecraft:chainmail_boots":18,"minecraft:chest":202,"minecraft:bee_nest":1,"minecraft:spruce_wood":6,"minecraft:blackstone_slab":64,"minecraft:basalt":369,"minecraft:arrow":20687,"minecraft:powered_rail":76,"minecraft:prismarine_bricks":5,"minecraft:quartz":983,"minecraft:written_book":39,"minecraft:oak_leaves":1192,"minecraft:netherrack":22725,"minecraft:firework_rocket":5936,"minecraft:water_bucket":24,"minecraft:stripped_spruce_log":10,"minecraft:oak_slab":9,"minecraft:red_concrete_powder":91,"minecraft:mossy_cobblestone":50,"minecraft:smithing_table":25,"minecraft:minecart":38,"minecraft:bookshelf":1,"minecraft:cyan_dye":238,"minecraft:diamond_leggings":9,"minecraft:prismarine_shard":132,"minecraft:lead":134,"minecraft:spectral_arrow":63,"minecraft:observer":11,"minecraft:nether_brick_wall":12,"minecraft:grass_block":1556,"minecraft:stick":7211,"minecraft:blue_dye":138,"minecraft:nether_gold_ore":70,"minecraft:diorite":2073,"minecraft:warped_stairs":9,"minecraft:brewing_stand":4,"minecraft:torch":2497,"minecraft:smooth_quartz":31,"minecraft:brown_wool":2,"minecraft:map":53,"minecraft:green_carpet":55,"minecraft:iron_leggings":12,"minecraft:smooth_quartz_slab":8,"minecraft:wither_rose":196,"minecraft:iron_axe":7,"minecraft:bucket":37,"minecraft:music_disc_cat":4,"minecraft:lapis_block":75,"minecraft:dandelion":37,"minecraft:redstone":1932,"minecraft:red_concrete":23,"minecraft:nether_brick_slab":6,"minecraft:anvil":4,"minecraft:brown_dye":6,"minecraft:gray_stained_glass":26,"minecraft:warped_nylium":47,"minecraft:ender_chest":29,"minecraft:coarse_dirt":24,"minecraft:nether_wart":67,"minecraft:blaze_rod":7,"minecraft:jukebox":1,"minecraft:composter":16,"minecraft:light_gray_wool":411,"minecraft:iron_hoe":2,"minecraft:smoker":1,"minecraft:ender_eye":46,"minecraft:stripped_acacia_wood":3,"minecraft:acacia_leaves":509,"minecraft:glass_pane":23,"minecraft:red_terracotta":94,"minecraft:filled_map":137,"minecraft:snow":903,"minecraft:shield":2,"minecraft:black_concrete_powder":51,"minecraft:diamond_chestplate":5,"minecraft:orange_terracotta":985,"minecraft:iron_chestplate":5,"minecraft:purple_bed":1,"minecraft:cake":4,"minecraft:mossy_stone_bricks":46,"minecraft:pink_wool":1,"minecraft:light_gray_bed":1,"minecraft:oak_boat":5,"minecraft:golden_sword":18,"minecraft:diamond_boots":11,"minecraft:slime_ball":294,"minecraft:stripped_warped_stem":1,"minecraft:stripped_crimson_hyphae":1,"minecraft:stone_pickaxe":1,"minecraft:nether_quartz_ore":28,"minecraft:white_stained_glass":4,"minecraft:light_blue_bed":2,"minecraft:light_blue_shulker_box":3},"minecraft:picked_up":{"minecraft:stone_slab":2977,"minecraft:smithing_table":76,"minecraft:lead":396,"minecraft:enchanted_book":71,"minecraft:blue_concrete":519,"minecraft:dark_oak_pressure_plate":3,"minecraft:music_disc_cat":120,"minecraft:polished_blackstone_brick_stairs":37,"minecraft:string":2458,"minecraft:pufferfish":21,"minecraft:shroomlight":568,"minecraft:diamond_leggings":59,"minecraft:warped_slab":11,"minecraft:diamond_ore":466,"minecraft:spruce_pressure_plate":9,"minecraft:polished_blackstone_brick_slab":16,"minecraft:polished_blackstone_stairs":3,"minecraft:jukebox":36,"minecraft:cyan_stained_glass":35,"minecraft:brick_wall":59,"minecraft:acacia_log":6930,"minecraft:purpur_pillar":10,"minecraft:honeycomb_block":19,"minecraft:gray_shulker_box":12,"minecraft:warped_door":3,"minecraft:cauldron":223,"minecraft:golden_chestplate":58,"minecraft:green_terracotta":23,"minecraft:pink_terracotta":76,"minecraft:brown_carpet":137,"minecraft:stone_sword":11,"minecraft:lime_carpet":17,"minecraft:honey_bottle":16,"minecraft:blackstone_wall":102,"minecraft:polished_basalt":8,"minecraft:glowstone":3037,"minecraft:red_tulip":92,"minecraft:carved_pumpkin":59,"minecraft:bookshelf":118,"minecraft:end_rod":1543,"minecraft:white_terracotta":6244,"minecraft:blaze_rod":2219,"minecraft:iron_bars":485,"minecraft:snowball":5190,"minecraft:sponge":57,"minecraft:feather":1218,"minecraft:cooked_beef":2079,"minecraft:water_bucket":85,"minecraft:brown_wool":417,"minecraft:flint":366,"minecraft:lantern":1317,"minecraft:gray_concrete_powder":4020,"minecraft:purple_carpet":91,"minecraft:warped_hyphae":11,"minecraft:stonecutter":99,"minecraft:dark_oak_sign":62,"minecraft:rabbit":10,"minecraft:diamond_helmet":56,"minecraft:honeycomb":84,"minecraft:chiseled_polished_blackstone":16,"minecraft:lime_terracotta":25,"minecraft:stripped_acacia_wood":5,"minecraft:birch_fence_gate":13,"minecraft:stripped_spruce_log":258,"minecraft:brown_mushroom_block":2145,"minecraft:acacia_stairs":1,"minecraft:netherite_block":29,"minecraft:iron_hoe":3,"minecraft:polished_andesite":2863,"minecraft:blue_terracotta":415,"minecraft:lever":327,"minecraft:granite":45702,"minecraft:spruce_button":207,"minecraft:cyan_dye":754,"minecraft:jack_o_lantern":1,"minecraft:light_gray_carpet":265,"minecraft:crimson_roots":120,"minecraft:diamond_pickaxe":141,"minecraft:bee_nest":7,"minecraft:stripped_warped_hyphae":601,"minecraft:clay_ball":20,"minecraft:redstone_lamp":141,"minecraft:leather_leggings":42,"minecraft:dragon_head":9,"minecraft:acacia_button":1,"minecraft:purpur_block":14,"minecraft:heavy_weighted_pressure_plate":2,"minecraft:cornflower":174,"minecraft:elytra":199,"minecraft:flint_and_steel":13,"minecraft:acacia_door":13,"minecraft:white_carpet":3,"minecraft:white_stained_glass":191,"minecraft:iron_shovel":34,"minecraft:polished_blackstone_wall":3,"minecraft:glass_pane":683,"minecraft:netherite_sword":78,"minecraft:stripped_warped_stem":436,"minecraft:jungle_sapling":157,"minecraft:poppy":630,"minecraft:spruce_slab":1828,"minecraft:minecart":488,"minecraft:birch_sapling":1349,"minecraft:piston":556,"minecraft:diamond_hoe":10,"minecraft:lime_shulker_box":44,"minecraft:black_stained_glass":35,"minecraft:stone":378668,"minecraft:music_disc_mellohi":2,"minecraft:fire_charge":3,"minecraft:white_dye":539,"minecraft:jungle_fence_gate":15,"minecraft:netherite_pickaxe":227,"minecraft:cyan_shulker_box":36,"minecraft:jungle_sign":70,"minecraft:stone_shovel":5,"minecraft:diamond_chestplate":12,"minecraft:purpur_slab":2,"minecraft:hay_block":127,"minecraft:yellow_terracotta":6658,"minecraft:totem_of_undying":26,"minecraft:polished_blackstone":119,"minecraft:mutton":261,"minecraft:bone_block":392,"minecraft:rail":8071,"minecraft:emerald_ore":39,"minecraft:oxeye_daisy":282,"minecraft:lime_bed":23,"minecraft:birch_leaves":7964,"minecraft:yellow_shulker_box":62,"minecraft:clock":13,"minecraft:tripwire_hook":6,"minecraft:blackstone_slab":150,"minecraft:yellow_dye":69,"minecraft:fern":148,"minecraft:jungle_fence":42,"minecraft:acacia_wood":119,"minecraft:purpur_stairs":3,"minecraft:paper":8643,"minecraft:light_blue_banner":1,"minecraft:apple":382,"minecraft:warped_stem":5734,"minecraft:yellow_stained_glass":46,"minecraft:oak_fence_gate":18,"minecraft:stone_pickaxe":2,"minecraft:iron_ore":7184,"minecraft:magenta_stained_glass":1,"minecraft:gray_bed":457,"minecraft:dark_oak_stairs":1859,"minecraft:polished_andesite_stairs":747,"minecraft:milk_bucket":7,"minecraft:light_gray_stained_glass":3998,"minecraft:sweet_berries":474,"minecraft:red_wool":218,"minecraft:lime_concrete":496,"minecraft:crimson_stairs":71,"minecraft:light_blue_stained_glass":65,"minecraft:crying_obsidian":41,"minecraft:leather_helmet":172,"minecraft:oak_wood":6,"minecraft:diamond_shovel":103,"minecraft:coal_ore":6170,"minecraft:slime_ball":4427,"minecraft:painting":48,"minecraft:birch_sign":502,"minecraft:lodestone":1,"minecraft:red_nether_brick_slab":33,"minecraft:baked_potato":79,"minecraft:smooth_quartz_slab":790,"minecraft:hopper":822,"minecraft:black_carpet":3,"minecraft:light_blue_concrete":119,"minecraft:ender_chest":306,"minecraft:nether_brick_fence":40,"minecraft:yellow_wool":24,"minecraft:gilded_blackstone":56,"minecraft:stone_brick_stairs":352,"minecraft:warped_stairs":181,"minecraft:lapis_block":274,"minecraft:experience_bottle":69,"minecraft:smooth_red_sandstone_slab":16,"minecraft:red_sand":10582,"minecraft:smooth_stone":1766,"minecraft:comparator":156,"minecraft:bucket":99,"minecraft:light_weighted_pressure_plate":7,"minecraft:white_tulip":59,"minecraft:red_dye":223,"minecraft:rose_bush":2507,"minecraft:cobblestone_slab":2449,"minecraft:smooth_quartz":499,"minecraft:ender_eye":60,"minecraft:iron_pickaxe":16,"minecraft:smooth_quartz_stairs":355,"minecraft:blue_wool":116,"minecraft:tipped_arrow":5,"minecraft:acacia_fence":1,"minecraft:birch_trapdoor":126,"minecraft:spruce_stairs":553,"minecraft:netherite_shovel":99,"minecraft:diorite":44016,"minecraft:vine":579,"minecraft:andesite_wall":283,"minecraft:rotten_flesh":25419,"minecraft:music_disc_ward":16,"minecraft:brown_shulker_box":75,"minecraft:obsidian":2887,"minecraft:blaze_powder":49,"minecraft:cobblestone":354726,"minecraft:enchanting_table":1,"minecraft:leather_chestplate":40,"minecraft:lilac":374,"minecraft:repeater":516,"minecraft:warped_fungus_on_a_stick":3,"minecraft:andesite":54521,"minecraft:black_bed":3,"minecraft:orange_carpet":1,"minecraft:golden_leggings":47,"minecraft:beacon":37,"minecraft:potato":3689,"minecraft:smooth_sandstone_stairs":270,"minecraft:prismarine_bricks":45,"minecraft:stripped_birch_log":73,"minecraft:dirt":84978,"minecraft:cut_sandstone_slab":251,"minecraft:name_tag":116,"minecraft:glass":4708,"minecraft:bone":4308,"minecraft:acacia_planks":52,"minecraft:granite_wall":17,"minecraft:bow":564,"minecraft:wheat_seeds":15317,"minecraft:orange_tulip":23,"minecraft:crimson_fence_gate":6,"minecraft:birch_wood":3,"minecraft:grindstone":337,"minecraft:netherite_axe":92,"minecraft:mossy_stone_bricks":47,"minecraft:fletching_table":6,"minecraft:bamboo":11026,"minecraft:cyan_concrete":11,"minecraft:prismarine":2,"minecraft:diorite_wall":8,"minecraft:brown_stained_glass":20,"minecraft:gray_stained_glass":330,"minecraft:black_stained_glass_pane":140,"minecraft:light_blue_shulker_box":54,"minecraft:melon":1841,"minecraft:grass_block":46580,"minecraft:warped_fence_gate":1,"minecraft:diamond_block":2320,"minecraft:spectral_arrow":47,"minecraft:jungle_slab":183,"minecraft:mossy_cobblestone":261,"minecraft:jungle_leaves":3398,"minecraft:light_gray_terracotta":6621,"minecraft:light_blue_terracotta":105,"minecraft:sugar":109,"minecraft:yellow_carpet":2,"minecraft:slime_block":185,"minecraft:netherite_helmet":80,"minecraft:soul_lantern":484,"minecraft:yellow_stained_glass_pane":667,"minecraft:cracked_polished_blackstone_bricks":27,"minecraft:crossbow":22,"minecraft:bone_meal":4077,"minecraft:grass":469,"minecraft:golden_apple":28,"minecraft:spruce_sign":522,"minecraft:emerald":2269,"minecraft:chorus_fruit":2631,"minecraft:netherrack":67162,"minecraft:oak_leaves":152151,"minecraft:andesite_slab":331,"minecraft:azure_bluet":234,"minecraft:splash_potion":13,"minecraft:ladder":79,"minecraft:brown_mushroom":327,"minecraft:packed_ice":891,"minecraft:pink_wool":49,"minecraft:stone_brick_wall":42,"minecraft:chain":798,"minecraft:brick":68,"minecraft:shield":3,"minecraft:orange_stained_glass":51,"minecraft:oak_trapdoor":40,"minecraft:large_fern":2,"minecraft:mycelium":23825,"minecraft:blackstone":1483,"minecraft:birch_fence":159,"minecraft:magenta_wool":3,"minecraft:lime_wool":242,"minecraft:end_stone":135,"minecraft:note_block":143,"minecraft:polished_blackstone_bricks":166,"minecraft:brown_concrete_powder":73,"minecraft:trident":51,"minecraft:light_blue_bed":12,"minecraft:light_gray_stained_glass_pane":1858,"minecraft:brown_dye":122,"minecraft:stone_pressure_plate":12,"minecraft:weeping_vines":156,"minecraft:red_shulker_box":99,"minecraft:pumpkin_pie":182,"minecraft:nether_bricks":1380,"minecraft:stripped_dark_oak_wood":10,"minecraft:pink_tulip":33,"minecraft:black_banner":91,"minecraft:brick_stairs":14,"minecraft:nether_brick_wall":152,"minecraft:netherite_boots":89,"minecraft:dark_oak_button":74,"minecraft:jungle_boat":7,"minecraft:basalt":4367,"minecraft:golden_carrot":8818,"minecraft:leather":3309,"minecraft:music_disc_stal":23,"minecraft:ice":1301,"minecraft:granite_stairs":1,"minecraft:crimson_fungus":37,"minecraft:chainmail_chestplate":14,"minecraft:yellow_bed":1,"minecraft:gunpowder":5075,"minecraft:cobblestone_wall":436,"minecraft:orange_terracotta":35392,"minecraft:cooked_mutton":274,"minecraft:red_carpet":30,"minecraft:gray_carpet":759,"minecraft:acacia_trapdoor":13,"minecraft:rabbit_hide":31,"minecraft:spruce_wood":50,"minecraft:iron_ingot":5648,"minecraft:cooked_chicken":185,"minecraft:polished_andesite_slab":345,"minecraft:warped_fungus":64,"minecraft:nether_quartz_ore":1850,"minecraft:emerald_block":9,"minecraft:stone_brick_slab":408,"minecraft:quartz":9885,"minecraft:dandelion":223,"minecraft:lava_bucket":8,"minecraft:soul_torch":3,"minecraft:green_stained_glass":62,"minecraft:red_banner":3,"minecraft:nether_brick_slab":303,"minecraft:spruce_door":93,"minecraft:brick_slab":33,"minecraft:polished_diorite_stairs":1,"minecraft:pumpkin_seeds":1237,"minecraft:white_concrete_powder":1237,"minecraft:chainmail_leggings":12,"minecraft:terracotta":38040,"minecraft:damaged_anvil":16,"minecraft:netherite_hoe":37,"minecraft:dark_oak_wood":11,"minecraft:sunflower":719,"minecraft:iron_chestplate":11,"minecraft:seagrass":773,"minecraft:birch_door":15,"minecraft:anvil":257,"minecraft:chainmail_boots":16,"minecraft:creeper_head":1,"minecraft:flower_pot":148,"minecraft:prismarine_shard":4249,"minecraft:magenta_carpet":4,"minecraft:diamond_sword":103,"minecraft:oak_stairs":18,"minecraft:brown_bed":20,"minecraft:birch_button":13,"minecraft:wither_rose":521,"minecraft:golden_shovel":22,"minecraft:brewing_stand":40,"minecraft:golden_sword":17,"minecraft:dark_oak_trapdoor":519,"minecraft:soul_soil":445,"minecraft:cooked_salmon":10,"minecraft:red_nether_bricks":462,"minecraft:gold_nugget":3166,"minecraft:black_glazed_terracotta":112,"minecraft:crimson_fence":2,"minecraft:spruce_planks":6436,"minecraft:acacia_sign":7,"minecraft:written_book":49,"minecraft:melon_slice":16179,"minecraft:coal_block":331,"minecraft:dark_oak_door":11,"minecraft:golden_helmet":39,"minecraft:magenta_concrete_powder":2,"minecraft:composter":96,"minecraft:green_bed":1,"minecraft:sandstone_wall":5,"minecraft:warped_planks":418,"minecraft:rabbit_foot":4,"minecraft:chiseled_nether_bricks":4,"minecraft:black_dye":276,"minecraft:gray_stained_glass_pane":343,"minecraft:light_gray_bed":4,"minecraft:light_blue_wool":232,"minecraft:tropical_fish":41,"minecraft:blue_dye":444,"minecraft:iron_block":4142,"minecraft:cyan_terracotta":8079,"minecraft:birch_log":12610,"minecraft:magma_block":12111,"minecraft:birch_slab":152,"minecraft:iron_door":24,"minecraft:jungle_log":10134,"minecraft:acacia_leaves":820,"minecraft:green_concrete_powder":42,"minecraft:jungle_wood":1,"minecraft:smoker":8,"minecraft:stripped_spruce_wood":323,"minecraft:gray_concrete":13547,"minecraft:netherite_leggings":83,"minecraft:map":109,"minecraft:light_gray_concrete_powder":478,"minecraft:twisting_vines":65,"minecraft:chipped_anvil":19,"minecraft:gray_terracotta":269,"minecraft:glowstone_dust":69,"minecraft:warped_wart_block":1645,"minecraft:dropper":47,"minecraft:ink_sac":1368,"minecraft:crimson_door":1,"minecraft:loom":22,"minecraft:fermented_spider_eye":6,"minecraft:red_terracotta":9417,"minecraft:dark_oak_log":23568,"minecraft:barrel":215,"minecraft:quartz_bricks":268,"minecraft:black_concrete_powder":651,"minecraft:dispenser":100,"minecraft:green_concrete":3,"minecraft:writable_book":28,"minecraft:polished_granite_slab":104,"minecraft:blue_ice":42,"minecraft:bread":4413,"minecraft:chainmail_helmet":11,"minecraft:dark_oak_fence":719,"minecraft:bricks":1802,"minecraft:spruce_leaves":3924,"minecraft:lime_stained_glass_pane":5,"minecraft:crafting_table":227,"minecraft:coarse_dirt":20076,"minecraft:sandstone_slab":13,"minecraft:purple_wool":3,"minecraft:nether_wart":39016,"minecraft:orange_stained_glass_pane":504,"minecraft:conduit":1,"minecraft:crimson_trapdoor":103,"minecraft:red_bed":15,"minecraft:jungle_trapdoor":66,"minecraft:snow":2999,"minecraft:compass":26,"minecraft:cracked_stone_bricks":73,"minecraft:cartography_table":14,"minecraft:respawn_anchor":33,"minecraft:beef":3183,"minecraft:cyan_wool":5,"minecraft:iron_nugget":1144,"minecraft:quartz_stairs":11,"minecraft:chest":3118,"minecraft:egg":2863,"minecraft:sandstone":5678,"minecraft:oak_door":48,"minecraft:spruce_fence":958,"minecraft:cake":1,"minecraft:carrot":2477,"minecraft:redstone":20368,"minecraft:mushroom_stem":812,"minecraft:prismarine_crystals":2132,"minecraft:tnt":699,"minecraft:cooked_cod":633,"minecraft:beetroot_seeds":6,"minecraft:peony":262,"minecraft:shears":327,"minecraft:diamond_boots":106,"minecraft:sandstone_stairs":120,"minecraft:warped_sign":17,"minecraft:gold_ingot":698,"minecraft:white_shulker_box":137,"minecraft:white_wool":1634,"minecraft:crimson_slab":6,"minecraft:lapis_ore":233,"minecraft:stripped_oak_log":72,"minecraft:red_mushroom_block":1469,"minecraft:red_mushroom":109,"minecraft:filled_map":416,"minecraft:brown_concrete":10,"minecraft:oak_log":13053,"minecraft:ancient_debris":710,"minecraft:jungle_button":2,"minecraft:golden_boots":51,"minecraft:blue_bed":17,"minecraft:white_banner":29,"minecraft:birch_pressure_plate":38,"minecraft:stone_bricks":4485,"minecraft:kelp":3668,"minecraft:music_disc_far":1,"minecraft:cobweb":68,"minecraft:glass_bottle":27,"minecraft:iron_sword":28,"minecraft:prismarine_brick_stairs":2,"minecraft:white_stained_glass_pane":186,"minecraft:dark_oak_slab":2280,"minecraft:daylight_detector":7,"minecraft:yellow_concrete":122,"minecraft:gravel":158083,"minecraft:birch_stairs":84,"minecraft:spruce_sapling":2176,"minecraft:spruce_log":31661,"minecraft:sea_lantern":304,"minecraft:firework_rocket":24710,"minecraft:red_stained_glass":1048,"minecraft:purple_bed":6,"minecraft:stone_axe":3,"minecraft:polished_diorite":154,"minecraft:light_blue_carpet":17,"minecraft:diamond_axe":62,"minecraft:redstone_ore":1614,"minecraft:scute":1,"minecraft:gray_wool":15533,"minecraft:warped_roots":77,"minecraft:oak_button":15,"minecraft:crimson_nylium":668,"minecraft:melon_seeds":41,"minecraft:warped_nylium":145,"minecraft:stripped_dark_oak_log":697,"minecraft:pink_dye":12,"minecraft:ender_pearl":1043,"minecraft:shulker_shell":1008,"minecraft:music_disc_strad":4,"minecraft:wheat":5005,"minecraft:redstone_block":538,"minecraft:iron_trapdoor":159,"minecraft:light_gray_shulker_box":26,"minecraft:potion":25,"minecraft:turtle_egg":579,"minecraft:nether_brick":192,"minecraft:brain_coral_block":1,"minecraft:crimson_planks":483,"minecraft:smooth_stone_slab":887,"minecraft:iron_leggings":11,"minecraft:sticky_piston":232,"minecraft:armor_stand":57,"minecraft:netherite_ingot":26,"minecraft:pink_shulker_box":1,"minecraft:oak_sign":296,"minecraft:sea_pickle":66,"minecraft:black_shulker_box":168,"minecraft:dark_oak_leaves":284,"minecraft:redstone_torch":399,"minecraft:iron_boots":16,"minecraft:furnace":193,"minecraft:stick":11777,"minecraft:orange_shulker_box":83,"minecraft:jungle_door":30,"minecraft:brown_terracotta":5691,"minecraft:oak_fence":118,"minecraft:torch":12820,"minecraft:porkchop":61,"minecraft:snow_block":197,"minecraft:dried_kelp":16,"minecraft:target":1,"minecraft:music_disc_pigstep":7,"minecraft:light_gray_banner":2,"minecraft:blue_stained_glass":16,"minecraft:quartz_block":1371,"minecraft:nether_gold_ore":235,"minecraft:cactus":1027,"minecraft:green_wool":53,"minecraft:stripped_birch_wood":50,"minecraft:cod":2661,"minecraft:nautilus_shell":3,"minecraft:crimson_hyphae":162,"minecraft:magma_cream":131,"minecraft:chiseled_quartz_block":3,"minecraft:light_gray_dye":279,"minecraft:warped_trapdoor":45,"minecraft:wither_skeleton_skull":14,"minecraft:green_shulker_box":9,"minecraft:lapis_lazuli":3961,"minecraft:polished_granite":35,"minecraft:leather_boots":50,"minecraft:bell":24,"minecraft:light_blue_dye":112,"minecraft:powered_rail":998,"minecraft:stone_hoe":2,"minecraft:oak_planks":1745,"minecraft:ghast_tear":57,"minecraft:pink_stained_glass":2,"minecraft:black_terracotta":1123,"minecraft:cooked_porkchop":664,"minecraft:music_disc_13":1,"minecraft:poisonous_potato":2,"minecraft:oak_pressure_plate":4,"minecraft:polished_blackstone_slab":118,"minecraft:jungle_planks":755,"minecraft:sand":340066,"minecraft:cyan_bed":15,"minecraft:lily_of_the_valley":35,"minecraft:shulker_box":5441,"minecraft:dark_prismarine":3111,"minecraft:light_gray_concrete":1686,"minecraft:dark_prismarine_slab":508,"minecraft:spruce_fence_gate":179,"minecraft:clay":3446,"minecraft:diamond":2682,"minecraft:spruce_boat":35,"minecraft:black_concrete":7443,"minecraft:polished_blackstone_button":7,"minecraft:white_concrete":4887,"minecraft:oak_sapling":1516,"minecraft:bubble_coral_block":1,"minecraft:nether_star":5,"minecraft:end_stone_bricks":21,"minecraft:fishing_rod":2,"minecraft:charcoal":192,"minecraft:cocoa_beans":8786,"minecraft:firework_star":4,"minecraft:allium":7,"minecraft:chicken":1022,"minecraft:cooked_rabbit":31,"minecraft:gold_block":128,"minecraft:diamond_horse_armor":1,"minecraft:stone_stairs":570,"minecraft:orange_concrete":4,"minecraft:iron_axe":8,"minecraft:wooden_sword":1,"minecraft:item_frame":350,"minecraft:quartz_slab":130,"minecraft:warped_fence":4,"minecraft:cyan_carpet":1,"minecraft:detector_rail":11,"minecraft:andesite_stairs":251,"minecraft:oak_boat":28,"minecraft:player_head":1717,"minecraft:observer":561,"minecraft:light_gray_wool":16691,"minecraft:lectern":120,"minecraft:sugar_cane":125001,"minecraft:blue_shulker_box":39,"minecraft:spruce_trapdoor":1669,"minecraft:phantom_membrane":39,"minecraft:dark_oak_sapling":1632,"minecraft:stripped_crimson_hyphae":6,"minecraft:orange_dye":64,"minecraft:red_stained_glass_pane":211,"minecraft:bowl":2,"minecraft:gray_dye":1113,"minecraft:quartz_pillar":1036,"minecraft:stone_button":276,"minecraft:magenta_shulker_box":105,"minecraft:iron_horse_armor":2,"minecraft:dark_oak_planks":8674,"minecraft:smooth_sandstone_slab":86,"minecraft:arrow":3075,"minecraft:light_blue_stained_glass_pane":1,"minecraft:jungle_stairs":88,"minecraft:saddle":16,"minecraft:soul_campfire":11,"minecraft:lime_stained_glass":1238,"minecraft:wet_sponge":327,"minecraft:crimson_stem":2491,"minecraft:salmon":31,"minecraft:cut_sandstone":17,"minecraft:birch_planks":3628,"minecraft:mushroom_stew":3,"minecraft:nether_wart_block":1214,"minecraft:cobblestone_stairs":99,"minecraft:podzol":912,"minecraft:smooth_sandstone":689,"minecraft:fire_coral_block":1,"minecraft:heart_of_the_sea":2,"minecraft:stripped_oak_wood":6,"minecraft:soul_sand":3880,"minecraft:acacia_sapling":952,"minecraft:purple_concrete":8,"minecraft:music_disc_chirp":1,"minecraft:green_dye":1344,"minecraft:book":581,"minecraft:scaffolding":13338,"minecraft:oak_slab":12,"minecraft:red_concrete_powder":459,"minecraft:birch_boat":7,"minecraft:pumpkin":5307,"minecraft:chiseled_stone_bricks":263,"minecraft:blast_furnace":21,"minecraft:white_bed":102,"minecraft:gold_ore":1157,"minecraft:dark_oak_fence_gate":494,"minecraft:green_carpet":68,"minecraft:mossy_stone_brick_slab":7,"minecraft:spider_eye":131,"minecraft:stripped_jungle_log":25,"minecraft:music_disc_mall":3,"minecraft:lime_banner":1,"minecraft:lime_dye":403,"minecraft:campfire":1018,"minecraft:honey_block":141,"minecraft:iron_helmet":23,"minecraft:stripped_jungle_wood":2,"minecraft:red_concrete":494,"minecraft:magenta_concrete":1,"minecraft:black_wool":63,"minecraft:coal":27316,"minecraft:purple_concrete_powder":10},"minecraft:broken":{"minecraft:shears":645,"minecraft:diamond_shovel":3,"minecraft:diamond_pickaxe":2,"minecraft:fishing_rod":1,"minecraft:crossbow":1,"minecraft:leather_helmet":4,"minecraft:stone_hoe":1,"minecraft:wooden_pickaxe":1,"minecraft:iron_pickaxe":15,"minecraft:iron_shovel":11,"minecraft:leather_leggings":2,"minecraft:stone_pickaxe":12,"minecraft:stone_axe":2,"minecraft:stone_shovel":5,"minecraft:golden_boots":4,"minecraft:bow":2,"minecraft:iron_axe":3,"minecraft:golden_shovel":20,"minecraft:flint_and_steel":3,"minecraft:leather_chestplate":2,"minecraft:leather_boots":2},"minecraft:killed_by":{"minecraft:zombie_villager":1,"minecraft:ravager":9,"minecraft:zombie":6,"minecraft:wither":3,"minecraft:zombified_piglin":2,"minecraft:drowned":1,"minecraft:skeleton":5,"minecraft:zoglin":8,"minecraft:vindicator":4,"minecraft:vex":1,"minecraft:wither_skeleton":1,"minecraft:creeper":8,"minecraft:piglin":3,"minecraft:blaze":1,"minecraft:endermite":3,"minecraft:player":151,"minecraft:spider":1,"minecraft:iron_golem":22,"minecraft:hoglin":4},"minecraft:mined":{"minecraft:red_nether_brick_slab":24,"minecraft:dragon_wall_head":2,"minecraft:cut_sandstone_slab":132,"minecraft:red_shulker_box":84,"minecraft:white_bed":99,"minecraft:cyan_shulker_box":37,"minecraft:red_nether_bricks":483,"minecraft:light_blue_carpet":1,"minecraft:granite":37737,"minecraft:acacia_log":5855,"minecraft:brown_wool":47,"minecraft:light_gray_bed":9,"minecraft:oak_pressure_plate":4,"minecraft:blue_wool":7,"minecraft:green_concrete":3,"minecraft:oak_wall_sign":55,"minecraft:nether_wart":9355,"minecraft:spawner":4,"minecraft:red_stained_glass_pane":28,"minecraft:polished_blackstone_bricks":149,"minecraft:magma_block":12947,"minecraft:dark_oak_trapdoor":358,"minecraft:barrel":111,"minecraft:fire":624,"minecraft:fletching_table":5,"minecraft:nether_brick_stairs":1,"minecraft:twisting_vines":9,"minecraft:potted_dandelion":1,"minecraft:spruce_pressure_plate":1,"minecraft:spruce_wood":51,"minecraft:light_gray_concrete":967,"minecraft:white_banner":6,"minecraft:green_carpet":12,"minecraft:pink_tulip":13,"minecraft:white_shulker_box":136,"minecraft:player_head":64,"minecraft:tripwire":550,"minecraft:jungle_trapdoor":60,"minecraft:jungle_button":1,"minecraft:sandstone_slab":10,"minecraft:cut_sandstone":17,"minecraft:magenta_carpet":4,"minecraft:kelp_plant":941,"minecraft:crimson_nylium":1125,"minecraft:smoker":5,"minecraft:torch":2379,"minecraft:note_block":70,"minecraft:dark_oak_wood":11,"minecraft:melon":178,"minecraft:dead_bush":438,"minecraft:white_stained_glass_pane":121,"minecraft:nether_brick_slab":298,"minecraft:spruce_wall_sign":85,"minecraft:smooth_quartz_slab":538,"minecraft:lime_shulker_box":41,"minecraft:sugar_cane":6212,"minecraft:bricks":387,"minecraft:birch_sapling":49,"minecraft:white_terracotta":4589,"minecraft:chain":163,"minecraft:repeater":197,"minecraft:jungle_wood":5,"minecraft:jukebox":35,"minecraft:wither_rose":1,"minecraft:grass":4119,"minecraft:birch_button":7,"minecraft:dark_oak_sapling":82,"minecraft:smooth_quartz":402,"minecraft:sandstone_wall":2,"minecraft:dark_prismarine":2482,"minecraft:brown_concrete":6,"minecraft:light_blue_wool":205,"minecraft:mossy_cobblestone":107,"minecraft:nether_brick_wall":113,"minecraft:cyan_stained_glass":3,"minecraft:dark_oak_log":19487,"minecraft:crimson_fence_gate":3,"minecraft:sea_lantern":138,"minecraft:end_stone":147,"minecraft:birch_fence_gate":16,"minecraft:dark_oak_fence":397,"minecraft:spruce_fence":238,"minecraft:stripped_jungle_wood":2,"minecraft:redstone_wire":702,"minecraft:potted_bamboo":8,"minecraft:red_mushroom":39,"minecraft:cartography_table":13,"minecraft:white_concrete_powder":788,"minecraft:redstone_ore":4358,"minecraft:acacia_trapdoor":8,"minecraft:andesite":43344,"minecraft:green_terracotta":14,"minecraft:respawn_anchor":8,"minecraft:cyan_concrete":5,"minecraft:vine":2415,"minecraft:rail":3273,"minecraft:cobblestone_slab":51,"minecraft:potted_spruce_sapling":1,"minecraft:bone_block":106,"minecraft:green_wool":2,"minecraft:ender_chest":186,"minecraft:birch_stairs":60,"minecraft:oak_slab":2,"minecraft:soul_sand":3729,"minecraft:glass_pane":47,"minecraft:chiseled_nether_bricks":4,"minecraft:redstone_block":68,"minecraft:lily_of_the_valley":35,"minecraft:dandelion":183,"minecraft:cornflower":137,"minecraft:warped_roots":77,"minecraft:crimson_slab":5,"minecraft:campfire":740,"minecraft:tall_grass":326,"minecraft:potted_oxeye_daisy":5,"minecraft:purpur_pillar":10,"minecraft:diorite":35301,"minecraft:warped_wart_block":2123,"minecraft:purple_wool":3,"minecraft:black_stained_glass":25,"minecraft:red_terracotta":8041,"minecraft:coarse_dirt":333,"minecraft:light_blue_bed":16,"minecraft:cobblestone_wall":140,"minecraft:dark_oak_wall_sign":6,"minecraft:stripped_spruce_wood":294,"minecraft:creeper_head":1,"minecraft:purple_concrete":4,"minecraft:dark_prismarine_slab":272,"minecraft:dark_oak_button":5,"minecraft:sunflower":6,"minecraft:gravel":147662,"minecraft:cobweb":32,"minecraft:brown_terracotta":4604,"minecraft:birch_sign":111,"minecraft:oak_button":6,"minecraft:polished_blackstone":40,"minecraft:stone_bricks":2571,"minecraft:gold_ore":1089,"minecraft:chipped_anvil":16,"minecraft:iron_trapdoor":149,"minecraft:fern":618,"minecraft:stone_pressure_plate":4,"minecraft:oak_sapling":28,"minecraft:farmland":82,"minecraft:mossy_stone_brick_slab":5,"minecraft:warped_fence_gate":1,"minecraft:andesite_stairs":14,"minecraft:brewing_stand":16,"minecraft:spruce_trapdoor":945,"minecraft:cracked_polished_blackstone_bricks":80,"minecraft:white_concrete":4314,"minecraft:polished_diorite":24,"minecraft:polished_blackstone_brick_slab":14,"minecraft:composter":67,"minecraft:gilded_blackstone":20,"minecraft:turtle_egg":534,"minecraft:brown_bed":17,"minecraft:green_stained_glass":67,"minecraft:red_tulip":69,"minecraft:iron_bars":134,"minecraft:granite_stairs":1,"minecraft:spruce_slab":562,"minecraft:netherite_block":30,"minecraft:brown_shulker_box":70,"minecraft:gray_terracotta":50,"minecraft:quartz_block":208,"minecraft:polished_blackstone_wall":1,"minecraft:orange_terracotta":28736,"minecraft:purpur_stairs":4,"minecraft:light_gray_terracotta":4803,"minecraft:jungle_stairs":88,"minecraft:mossy_cobblestone_wall":1,"minecraft:beacon":29,"minecraft:nether_quartz_ore":5079,"minecraft:oak_planks":187,"minecraft:wall_torch":969,"minecraft:cauldron":13,"minecraft:light_blue_terracotta":58,"minecraft:stone_stairs":302,"minecraft:light_weighted_pressure_plate":6,"minecraft:warped_nylium":144,"minecraft:blue_terracotta":214,"minecraft:powered_rail":482,"minecraft:dark_oak_slab":1185,"minecraft:warped_planks":126,"minecraft:blue_ice":15,"minecraft:tnt":327,"minecraft:smooth_stone_slab":454,"minecraft:oak_log":12814,"minecraft:lime_terracotta":6,"minecraft:dirt":77775,"minecraft:dispenser":64,"minecraft:ancient_debris":572,"minecraft:daylight_detector":8,"minecraft:crying_obsidian":8,"minecraft:quartz_stairs":11,"minecraft:dark_oak_leaves":247,"minecraft:red_stained_glass":3,"minecraft:lever":65,"minecraft:ladder":11,"minecraft:stone_button":20,"minecraft:brown_mushroom_block":2101,"minecraft:soul_campfire":7,"minecraft:birch_slab":45,"minecraft:spruce_leaves":3236,"minecraft:crimson_stem":2317,"minecraft:hay_block":141,"minecraft:light_blue_wall_banner":1,"minecraft:nether_sprouts":12,"minecraft:polished_basalt":9,"minecraft:light_gray_shulker_box":21,"minecraft:orange_stained_glass_pane":37,"minecraft:detector_rail":3,"minecraft:gold_block":109,"minecraft:peony":25,"minecraft:nether_brick_fence":40,"minecraft:shroomlight":559,"minecraft:bookshelf":148,"minecraft:lime_wall_banner":1,"minecraft:stripped_oak_log":83,"minecraft:wet_sponge":330,"minecraft:jungle_fence_gate":7,"minecraft:pink_terracotta":3,"minecraft:scaffolding":3996,"minecraft:acacia_leaves":654,"minecraft:magenta_stained_glass":11,"minecraft:snow_block":116,"minecraft:stripped_dark_oak_log":687,"minecraft:basalt":5153,"minecraft:polished_granite":40,"minecraft:oak_fence":101,"minecraft:honey_block":125,"minecraft:gray_stained_glass":213,"minecraft:lime_carpet":14,"minecraft:stone_slab":925,"minecraft:quartz_bricks":256,"minecraft:red_concrete":476,"minecraft:polished_blackstone_brick_stairs":40,"minecraft:prismarine_bricks":48,"minecraft:birch_planks":2207,"minecraft:sea_pickle":19,"minecraft:polished_blackstone_slab":81,"minecraft:black_wall_banner":79,"minecraft:ice":1786,"minecraft:bee_nest":9,"minecraft:grass_path":238,"minecraft:warped_hyphae":13,"minecraft:black_wool":42,"minecraft:cocoa":2224,"minecraft:flower_pot":10,"minecraft:cyan_carpet":1,"minecraft:yellow_concrete":117,"minecraft:cracked_stone_bricks":12,"minecraft:stripped_acacia_wood":1,"minecraft:mossy_stone_bricks":12,"minecraft:crimson_fence":2,"minecraft:jungle_wall_sign":17,"minecraft:dark_oak_planks":3553,"minecraft:polished_granite_slab":6,"minecraft:stripped_warped_stem":448,"minecraft:light_blue_concrete":11,"minecraft:black_terracotta":978,"minecraft:jungle_leaves":3658,"minecraft:obsidian":2474,"minecraft:warped_stairs":134,"minecraft:carved_pumpkin":27,"minecraft:chiseled_polished_blackstone":12,"minecraft:red_sand":10529,"minecraft:crimson_trapdoor":83,"minecraft:stone_brick_wall":51,"minecraft:yellow_carpet":2,"minecraft:jungle_log":10141,"minecraft:coal_block":84,"minecraft:purpur_slab":3,"minecraft:lime_stained_glass":140,"minecraft:hopper":365,"minecraft:crimson_fungus":31,"minecraft:oxeye_daisy":240,"minecraft:light_blue_stained_glass":6,"minecraft:weeping_vines_plant":98,"minecraft:orange_concrete":2,"minecraft:tall_seagrass":666,"minecraft:brown_stained_glass":22,"minecraft:sticky_piston":158,"minecraft:pumpkin":167,"minecraft:stripped_dark_oak_wood":12,"minecraft:enchanting_table":1,"minecraft:lime_stained_glass_pane":8,"minecraft:oak_sign":54,"minecraft:oak_stairs":10,"minecraft:quartz_slab":38,"minecraft:smooth_sandstone_stairs":256,"minecraft:iron_block":2949,"minecraft:piston_head":5,"minecraft:conduit":1,"minecraft:brown_mushroom":110,"minecraft:red_bed":9,"minecraft:player_wall_head":57,"minecraft:soul_fire":9,"minecraft:blue_stained_glass":17,"minecraft:blast_furnace":13,"minecraft:polished_andesite_stairs":537,"minecraft:green_concrete_powder":30,"minecraft:glass":316,"minecraft:cyan_bed":7,"minecraft:damaged_anvil":14,"minecraft:smooth_sandstone_slab":89,"minecraft:crimson_stairs":13,"minecraft:spruce_sign":71,"minecraft:black_concrete_powder":289,"minecraft:light_gray_stained_glass":3212,"minecraft:wheat":4403,"minecraft:lilac":27,"minecraft:black_bed":1,"minecraft:pumpkin_stem":2,"minecraft:lime_concrete":484,"minecraft:warped_fungus":51,"minecraft:stone_brick_stairs":234,"minecraft:potted_poppy":2,"minecraft:prismarine_brick_stairs":2,"minecraft:oak_fence_gate":16,"minecraft:purple_concrete_powder":11,"minecraft:loom":21,"minecraft:stripped_birch_wood":54,"minecraft:blue_shulker_box":36,"minecraft:stonecutter":84,"minecraft:red_mushroom_block":1263,"minecraft:yellow_stained_glass":28,"minecraft:piston":157,"minecraft:light_blue_stained_glass_pane":1,"minecraft:yellow_terracotta":4790,"minecraft:light_gray_stained_glass_pane":695,"minecraft:stripped_birch_log":64,"minecraft:jack_o_lantern":1,"minecraft:shulker_box":4893,"minecraft:nether_bricks":1872,"minecraft:allium":11,"minecraft:jungle_planks":144,"minecraft:crimson_roots":75,"minecraft:orange_shulker_box":74,"minecraft:magenta_concrete":1,"minecraft:lime_wool":9,"minecraft:kelp":257,"minecraft:pink_wool":48,"minecraft:black_stained_glass_pane":23,"minecraft:polished_blackstone_button":2,"minecraft:red_sandstone":3,"minecraft:snow":6883,"minecraft:acacia_wood":107,"minecraft:diamond_block":2020,"minecraft:warped_wall_sign":3,"minecraft:potatoes":347,"minecraft:magenta_concrete_powder":1,"minecraft:warped_stem":5533,"minecraft:bamboo":1445,"minecraft:smooth_quartz_stairs":220,"minecraft:bamboo_sapling":8,"minecraft:warped_trapdoor":20,"minecraft:white_wool":98,"minecraft:smithing_table":2,"minecraft:light_gray_carpet":91,"minecraft:gray_concrete":12144,"minecraft:comparator":35,"minecraft:brown_carpet":32,"minecraft:stone_brick_slab":135,"minecraft:observer":340,"minecraft:jungle_sign":8,"minecraft:smooth_sandstone":654,"minecraft:light_gray_concrete_powder":20,"minecraft:spruce_button":75,"minecraft:emerald_ore":66,"minecraft:sponge":15,"minecraft:dropper":12,"minecraft:smooth_red_sandstone_slab":16,"minecraft:purple_bed":4,"minecraft:purple_stained_glass":2,"minecraft:white_carpet":1,"minecraft:spruce_log":29483,"minecraft:birch_leaves":4715,"minecraft:jungle_fence":64,"minecraft:quartz_pillar":925,"minecraft:mycelium":22080,"minecraft:spruce_fence_gate":4,"minecraft:infested_stone":365,"minecraft:black_shulker_box":158,"minecraft:light_gray_banner":1,"minecraft:spruce_planks":3063,"minecraft:jungle_slab":91,"minecraft:cobblestone_stairs":15,"minecraft:stripped_crimson_hyphae":6,"minecraft:grass_block":45143,"minecraft:blue_concrete":519,"minecraft:purple_stained_glass_pane":1,"minecraft:soul_soil":466,"minecraft:stripped_warped_hyphae":588,"minecraft:sandstone_stairs":1,"minecraft:smooth_stone":868,"minecraft:potted_birch_sapling":3,"minecraft:glowstone":976,"minecraft:iron_ore":6378,"minecraft:target":1,"minecraft:anvil":79,"minecraft:black_carpet":4,"minecraft:azure_bluet":215,"minecraft:dark_oak_stairs":1373,"minecraft:purple_carpet":8,"minecraft:birch_wall_sign":119,"minecraft:end_stone_bricks":20,"minecraft:green_bed":2,"minecraft:blackstone":1584,"minecraft:cyan_terracotta":4795,"minecraft:twisting_vines_plant":26,"minecraft:melon_stem":2,"minecraft:clay":2403,"minecraft:soul_lantern":44,"minecraft:chiseled_quartz_block":4,"minecraft:poppy":307,"minecraft:chest":1261,"minecraft:honeycomb_block":2,"minecraft:mushroom_stem":759,"minecraft:cobblestone":3876,"minecraft:birch_wood":3,"minecraft:slime_block":158,"minecraft:grindstone":114,"minecraft:iron_door":2,"minecraft:magenta_shulker_box":101,"minecraft:seagrass":796,"minecraft:acacia_sapling":27,"minecraft:brown_concrete_powder":71,"minecraft:nether_wart_block":1233,"minecraft:birch_log":10916,"minecraft:dark_oak_door":7,"minecraft:yellow_wool":12,"minecraft:birch_trapdoor":60,"minecraft:stripped_oak_wood":6,"minecraft:light_gray_wool":54,"minecraft:orange_tulip":13,"minecraft:purpur_block":18,"minecraft:yellow_stained_glass_pane":87,"minecraft:acacia_fence":1,"minecraft:diorite_wall":5,"minecraft:crimson_planks":351,"minecraft:sand":271728,"minecraft:tripwire_hook":2,"minecraft:wither_skeleton_skull":2,"minecraft:netherrack":154316,"minecraft:oak_leaves":160299,"minecraft:magenta_wool":1,"minecraft:granite_wall":17,"minecraft:redstone_lamp":44,"minecraft:nether_gold_ore":438,"minecraft:diamond_ore":1205,"minecraft:red_carpet":4,"minecraft:potted_wither_rose":2,"minecraft:blackstone_wall":21,"minecraft:oak_door":5,"minecraft:gray_shulker_box":9,"minecraft:gray_stained_glass_pane":67,"minecraft:black_banner":8,"minecraft:brick_stairs":12,"minecraft:weeping_vines":25,"minecraft:white_stained_glass":34,"minecraft:polished_andesite_slab":91,"minecraft:sandstone":4272,"minecraft:large_fern":62,"minecraft:oak_trapdoor":9,"minecraft:red_concrete_powder":209,"minecraft:spruce_sapling":250,"minecraft:furnace":75,"minecraft:carrots":208,"minecraft:black_glazed_terracotta":174,"minecraft:acacia_stairs":1,"minecraft:stripped_spruce_log":226,"minecraft:dark_oak_fence_gate":372,"minecraft:black_concrete":6727,"minecraft:bell":20,"minecraft:lantern":233,"minecraft:stripped_acacia_log":4,"minecraft:stripped_jungle_log":29,"minecraft:packed_ice":753,"minecraft:chorus_plant":210,"minecraft:white_tulip":48,"minecraft:stone":693653,"minecraft:yellow_shulker_box":57,"minecraft:redstone_wall_torch":61,"minecraft:birch_pressure_plate":28,"minecraft:podzol":908,"minecraft:light_blue_shulker_box":47,"minecraft:red_wool":10,"minecraft:brick_wall":58,"minecraft:spruce_door":10,"minecraft:crafting_table":189,"minecraft:blackstone_slab":2,"minecraft:oak_wood":8,"minecraft:light_gray_wall_banner":1,"minecraft:rose_bush":73,"minecraft:andesite_slab":40,"minecraft:lectern":96,"minecraft:andesite_wall":54,"minecraft:lapis_ore":455,"minecraft:blue_bed":15,"minecraft:spruce_stairs":278,"minecraft:gray_wool":829,"minecraft:cactus":25,"minecraft:lime_bed":1,"minecraft:gray_concrete_powder":1104,"minecraft:brick_slab":33,"minecraft:green_shulker_box":8,"minecraft:polished_blackstone_stairs":3,"minecraft:redstone_torch":107,"minecraft:sweet_berry_bush":158,"minecraft:gray_bed":220,"minecraft:yellow_bed":1,"minecraft:potted_azure_bluet":5,"minecraft:coal_ore":16963,"minecraft:end_rod":426,"minecraft:gray_carpet":348,"minecraft:lodestone":1,"minecraft:terracotta":33235,"minecraft:acacia_wall_sign":4,"minecraft:polished_andesite":1254,"minecraft:birch_fence":112,"minecraft:crimson_hyphae":7,"minecraft:warped_slab":14}},"DataVersion":2584}