{"stats":{"minecraft:killed":{"minecraft:cod":37,"minecraft:tropical_fish":4,"minecraft:elder_guardian":3,"minecraft:zombie":1257,"minecraft:evoker":4,"minecraft:endermite":8,"minecraft:snow_golem":53,"minecraft:husk":49,"minecraft:rabbit":2,"minecraft:spider":170,"minecraft:bee":8,"minecraft:zombie_villager":19,"minecraft:sheep":83,"minecraft:trader_llama":61,"minecraft:slime":1372,"minecraft:hoglin":16,"minecraft:wither_skeleton":2123,"minecraft:cave_spider":119,"minecraft:shulker":449,"minecraft:skeleton":2116,"minecraft:cat":16,"minecraft:magma_cube":446,"minecraft:wandering_trader":35,"minecraft:enderman":63585,"minecraft:strider":1,"minecraft:phantom":96,"minecraft:bat":53,"minecraft:guardian":837,"minecraft:iron_golem":133,"minecraft:ender_dragon":5,"minecraft:pillager":297,"minecraft:vindicator":56,"minecraft:zombified_piglin":84,"minecraft:witch":29,"minecraft:wither":43,"minecraft:silverfish":12,"minecraft:piglin":107,"minecraft:mooshroom":4,"minecraft:ghast":142,"minecraft:vex":61,"minecraft:drowned":51,"minecraft:squid":33,"minecraft:player":3,"minecraft:villager":4,"minecraft:chicken":544,"minecraft:cow":75,"minecraft:ocelot":2,"minecraft:wolf":5,"minecraft:pig":31,"minecraft:creeper":499,"minecraft:blaze":1078},"minecraft:killed_by":{"minecraft:zombified_piglin":1,"minecraft:piglin":2,"minecraft:enderman":1,"minecraft:phantom":1,"minecraft:zombie":7,"minecraft:skeleton":1,"minecraft:endermite":1,"minecraft:player":100},"minecraft:broken":{"minecraft:diamond_helmet":1,"minecraft:diamond_pickaxe":8,"minecraft:leather_helmet":3,"minecraft:shield":8,"minecraft:leather_leggings":3,"minecraft:diamond_boots":1,"minecraft:golden_shovel":1,"minecraft:leather_chestplate":3,"minecraft:shears":48,"minecraft:diamond_shovel":1,"minecraft:fishing_rod":10,"minecraft:iron_pickaxe":3,"minecraft:iron_shovel":6,"minecraft:iron_axe":1,"minecraft:golden_leggings":1,"minecraft:flint_and_steel":1,"minecraft:leather_boots":4},"minecraft:custom":{"minecraft:interact_with_cartography_table":31,"minecraft:inspect_dispenser":1323,"minecraft:inspect_dropper":7898,"minecraft:inspect_hopper":5867,"minecraft:clean_armor":2,"minecraft:play_noteblock":147,"minecraft:talked_to_villager":497,"minecraft:fill_cauldron":6,"minecraft:raid_win":4,"minecraft:damage_taken":447656,"minecraft:eat_cake_slice":7,"minecraft:enchant_item":60,"minecraft:interact_with_furnace":2779,"minecraft:sleep_in_bed":1647,"minecraft:interact_with_smithing_table":53,"minecraft:target_hit":259,"minecraft:sneak_time":5891528,"minecraft:interact_with_lectern":270,"minecraft:interact_with_blast_furnace":23,"minecraft:fish_caught":30,"minecraft:fall_one_cm":13496585,"minecraft:drop":22668,"minecraft:interact_with_loom":25,"minecraft:player_kills":86,"minecraft:strider_one_cm":50833,"minecraft:damage_absorbed":950,"minecraft:pig_one_cm":110842,"minecraft:interact_with_crafting_table":7862,"minecraft:damage_blocked_by_shield":52405,"minecraft:deaths":171,"minecraft:jump":438528,"minecraft:play_record":7,"minecraft:interact_with_smoker":29,"minecraft:horse_one_cm":3185,"minecraft:interact_with_anvil":915,"minecraft:tune_noteblock":1984,"minecraft:time_since_rest":22508,"minecraft:swim_one_cm":1938278,"minecraft:open_chest":58447,"minecraft:open_shulker_box":52338,"minecraft:damage_resisted":10637,"minecraft:interact_with_brewingstand":596,"minecraft:interact_with_beacon":167,"minecraft:boat_one_cm":8971637,"minecraft:aviate_one_cm":1089739739,"minecraft:open_barrel":6372,"minecraft:bell_ring":75,"minecraft:leave_game":2221,"minecraft:time_since_death":9035841,"minecraft:traded_with_villager":2278,"minecraft:damage_dealt":1655254,"minecraft:interact_with_stonecutter":354,"minecraft:fly_one_cm":84075966,"minecraft:animals_bred":465,"minecraft:sprint_one_cm":146169187,"minecraft:walk_on_water_one_cm":5864725,"minecraft:play_one_minute":162956425,"minecraft:open_enderchest":6877,"minecraft:crouch_one_cm":20533769,"minecraft:mob_kills":95823,"minecraft:climb_one_cm":8391303,"minecraft:walk_one_cm":333175034,"minecraft:walk_under_water_one_cm":7891137,"minecraft:raid_trigger":5,"minecraft:pot_flower":36,"minecraft:interact_with_grindstone":11,"minecraft:minecart_one_cm":500223},"minecraft:picked_up":{"minecraft:enchanted_book":38,"minecraft:blue_concrete":1495,"minecraft:music_disc_cat":1,"minecraft:polished_blackstone_brick_stairs":193,"minecraft:string":1882,"minecraft:orange_glazed_terracotta":1,"minecraft:horn_coral_block":8,"minecraft:spruce_pressure_plate":16,"minecraft:polished_blackstone_stairs":464,"minecraft:purpur_pillar":232,"minecraft:warped_button":2,"minecraft:gray_shulker_box":51,"minecraft:green_terracotta":26,"minecraft:cauldron":26,"minecraft:stone_sword":44,"minecraft:carved_pumpkin":419,"minecraft:glowstone":482,"minecraft:end_rod":507,"minecraft:blaze_rod":2041,"minecraft:snowball":5861,"minecraft:sponge":130,"minecraft:feather":2870,"minecraft:water_bucket":75,"minecraft:brown_wool":362,"minecraft:dark_oak_boat":9,"minecraft:pink_concrete_powder":2,"minecraft:lantern":355,"minecraft:stonecutter":88,"minecraft:chiseled_polished_blackstone":387,"minecraft:lime_terracotta":8,"minecraft:birch_fence_gate":2,"minecraft:brown_mushroom_block":72,"minecraft:acacia_stairs":50,"minecraft:iron_hoe":4,"minecraft:granite":12726,"minecraft:spruce_button":30,"minecraft:golden_horse_armor":9,"minecraft:cyan_dye":120,"minecraft:light_gray_carpet":231,"minecraft:diamond_pickaxe":75,"minecraft:clay_ball":1508,"minecraft:redstone_lamp":138,"minecraft:white_stained_glass":163,"minecraft:iron_shovel":25,"minecraft:polished_blackstone_wall":131,"minecraft:glass_pane":28,"minecraft:netherite_sword":16,"minecraft:jungle_sapling":93,"minecraft:minecart":519,"minecraft:birch_sapling":132,"minecraft:piston":252,"minecraft:stone":135121,"minecraft:music_disc_mellohi":2,"minecraft:red_nether_brick_wall":20,"minecraft:diamond_chestplate":34,"minecraft:hay_block":202,"minecraft:totem_of_undying":19,"minecraft:polished_blackstone":1685,"minecraft:mutton":221,"minecraft:rail":5662,"minecraft:bone_block":286,"minecraft:oxeye_daisy":3037,"minecraft:lime_bed":11,"minecraft:birch_leaves":293,"minecraft:yellow_shulker_box":128,"minecraft:jungle_fence":73,"minecraft:blackstone_slab":992,"minecraft:acacia_wood":13,"minecraft:purpur_stairs":162,"minecraft:diorite_stairs":91,"minecraft:paper":95071,"minecraft:warped_stem":201,"minecraft:pufferfish_bucket":11,"minecraft:iron_ore":3342,"minecraft:gray_bed":7,"minecraft:milk_bucket":10,"minecraft:light_gray_stained_glass":83,"minecraft:light_blue_stained_glass":94,"minecraft:dragon_egg":1,"minecraft:diamond_shovel":59,"minecraft:painting":139,"minecraft:birch_sign":206,"minecraft:polished_blackstone_brick_wall":96,"minecraft:light_blue_concrete":4714,"minecraft:nether_brick_fence":22,"minecraft:yellow_wool":936,"minecraft:gilded_blackstone":21,"minecraft:stone_brick_stairs":681,"minecraft:warped_stairs":51,"minecraft:red_sand":457,"minecraft:comparator":708,"minecraft:bucket":127,"minecraft:light_weighted_pressure_plate":7,"minecraft:white_tulip":8,"minecraft:ender_eye":3,"minecraft:smooth_quartz":890,"minecraft:tipped_arrow":131,"minecraft:birch_trapdoor":237,"minecraft:spruce_stairs":198,"minecraft:andesite_wall":121,"minecraft:obsidian":1543,"minecraft:enchanting_table":3,"minecraft:leather_chestplate":11,"minecraft:andesite":15112,"minecraft:smooth_sandstone_stairs":2,"minecraft:prismarine_bricks":47,"minecraft:dirt":47665,"minecraft:glass":20350,"minecraft:bone":4867,"minecraft:bow":137,"minecraft:wheat_seeds":20819,"minecraft:crimson_fence_gate":47,"minecraft:grindstone":11,"minecraft:netherite_axe":4,"minecraft:fletching_table":12,"minecraft:prismarine":60,"minecraft:diorite_wall":75,"minecraft:red_sandstone_wall":1,"minecraft:gray_stained_glass":46,"minecraft:black_stained_glass_pane":30,"minecraft:light_blue_shulker_box":379,"minecraft:nether_brick_stairs":366,"minecraft:warped_fence_gate":1,"minecraft:diamond_block":60,"minecraft:jungle_slab":114,"minecraft:spectral_arrow":874,"minecraft:jungle_leaves":483,"minecraft:light_blue_terracotta":138,"minecraft:slime_block":364,"minecraft:netherite_helmet":7,"minecraft:polished_blackstone_pressure_plate":48,"minecraft:soul_lantern":176,"minecraft:cracked_polished_blackstone_bricks":1669,"minecraft:crossbow":55,"minecraft:spruce_sign":40,"minecraft:netherrack":26693,"minecraft:chorus_fruit":4553,"minecraft:oak_leaves":5716,"minecraft:azure_bluet":3151,"minecraft:ladder":263,"minecraft:pink_wool":385,"minecraft:brick":49,"minecraft:mycelium":3574,"minecraft:birch_fence":67,"minecraft:blue_orchid":2,"minecraft:lime_wool":2649,"minecraft:note_block":123,"minecraft:music_disc_11":1,"minecraft:cookie":78,"minecraft:brown_concrete_powder":5,"minecraft:trident":17,"minecraft:light_gray_stained_glass_pane":41,"minecraft:weeping_vines":279,"minecraft:nether_bricks":1768,"minecraft:stripped_dark_oak_wood":8,"minecraft:black_banner":7,"minecraft:netherite_boots":14,"minecraft:jungle_boat":21,"minecraft:leather":871,"minecraft:crimson_fungus":130,"minecraft:cobblestone_wall":577,"minecraft:gunpowder":106009,"minecraft:cooked_mutton":67,"minecraft:gray_carpet":709,"minecraft:acacia_trapdoor":78,"minecraft:rabbit_hide":6,"minecraft:iron_ingot":938440,"minecraft:cooked_chicken":176,"minecraft:prismarine_brick_slab":44,"minecraft:nether_quartz_ore":410,"minecraft:emerald_block":14,"minecraft:stone_brick_slab":545,"minecraft:nether_brick_slab":1567,"minecraft:spruce_door":11,"minecraft:white_concrete_powder":135,"minecraft:mossy_cobblestone_stairs":3,"minecraft:terracotta":7520,"minecraft:end_stone_brick_slab":133,"minecraft:iron_chestplate":30,"minecraft:prismarine_shard":2310,"minecraft:anvil":152,"minecraft:oak_stairs":53,"minecraft:acacia_pressure_plate":1,"minecraft:golden_sword":13,"minecraft:soul_soil":205,"minecraft:cooked_salmon":2,"minecraft:red_nether_bricks":737,"minecraft:beetroot":1,"minecraft:gold_nugget":424297,"minecraft:black_glazed_terracotta":7,"minecraft:spruce_planks":754,"minecraft:flower_banner_pattern":1,"minecraft:coal_block":697,"minecraft:golden_helmet":10,"minecraft:beehive":21,"minecraft:crimson_pressure_plate":3,"minecraft:magenta_concrete_powder":27,"minecraft:sandstone_wall":25,"minecraft:warped_planks":58,"minecraft:rabbit_foot":1,"minecraft:black_dye":138,"minecraft:light_gray_bed":1,"minecraft:light_blue_wool":3062,"minecraft:cyan_terracotta":216,"minecraft:blackstone_stairs":24,"minecraft:birch_log":1343,"minecraft:magma_block":372,"minecraft:iron_door":97,"minecraft:green_concrete_powder":916,"minecraft:jungle_wood":1,"minecraft:stripped_spruce_wood":1,"minecraft:netherite_leggings":10,"minecraft:gray_concrete":2553,"minecraft:glowstone_dust":1002,"minecraft:warped_wart_block":539,"minecraft:dropper":503,"minecraft:granite_slab":1,"minecraft:crimson_door":3,"minecraft:dark_oak_log":1430,"minecraft:stripped_acacia_log":33,"minecraft:writable_book":34,"minecraft:blue_ice":28,"minecraft:bread":24,"minecraft:dark_oak_fence":119,"minecraft:coarse_dirt":417,"minecraft:sandstone_slab":4,"minecraft:purple_wool":497,"minecraft:nether_wart":12549,"minecraft:compass":40,"minecraft:beef":336,"minecraft:cyan_wool":464,"minecraft:chest":1980,"minecraft:carrot":4412,"minecraft:redstone":15430,"minecraft:prismarine_crystals":1471,"minecraft:polished_granite_stairs":3,"minecraft:beetroot_seeds":287,"minecraft:shears":42,"minecraft:diamond_boots":57,"minecraft:warped_sign":3,"minecraft:sandstone_stairs":28,"minecraft:gold_ingot":1513,"minecraft:lime_concrete_powder":207,"minecraft:white_wool":2282,"minecraft:lapis_ore":116,"minecraft:stripped_oak_log":70,"minecraft:red_mushroom":188,"minecraft:filled_map":194,"minecraft:jungle_button":18,"minecraft:blue_bed":1,"minecraft:stone_bricks":9189,"minecraft:dark_oak_slab":357,"minecraft:white_stained_glass_pane":60,"minecraft:gravel":44898,"minecraft:spruce_sapling":93,"minecraft:red_stained_glass":16,"minecraft:purple_bed":3,"minecraft:polished_diorite":24,"minecraft:light_blue_carpet":565,"minecraft:diamond_axe":33,"minecraft:oak_button":26,"minecraft:stripped_dark_oak_log":367,"minecraft:crimson_nylium":573,"minecraft:wheat":1857,"minecraft:redstone_block":1233,"minecraft:light_gray_shulker_box":18,"minecraft:smooth_stone_slab":1013,"minecraft:armor_stand":58,"minecraft:netherite_ingot":6,"minecraft:sea_pickle":145,"minecraft:activator_rail":7,"minecraft:black_shulker_box":509,"minecraft:dark_oak_leaves":41,"minecraft:redstone_torch":1558,"minecraft:iron_boots":40,"minecraft:stick":2401,"minecraft:orange_shulker_box":210,"minecraft:oak_fence":157,"minecraft:snow_block":319,"minecraft:green_wool":4074,"minecraft:cod":1917,"minecraft:crimson_hyphae":29,"minecraft:magma_cream":131,"minecraft:chiseled_quartz_block":41,"minecraft:light_gray_dye":30,"minecraft:wither_skeleton_skull":48,"minecraft:acacia_boat":1,"minecraft:polished_granite":65,"minecraft:leather_boots":5,"minecraft:light_blue_dye":128,"minecraft:ghast_tear":435,"minecraft:black_terracotta":42,"minecraft:polished_blackstone_slab":1069,"minecraft:pink_stained_glass_pane":34,"minecraft:sand":125047,"minecraft:shulker_box":4759,"minecraft:orange_wool":291,"minecraft:dark_prismarine":8,"minecraft:light_gray_concrete":1058,"minecraft:spruce_fence_gate":8,"minecraft:clay":3,"minecraft:white_concrete":1156,"minecraft:oak_sapling":719,"minecraft:cocoa_beans":1184,"minecraft:charcoal":11,"minecraft:dragon_breath":71,"minecraft:stone_stairs":79,"minecraft:iron_axe":4,"minecraft:orange_concrete":2932,"minecraft:quartz_slab":462,"minecraft:warped_fence":1,"minecraft:cyan_carpet":4,"minecraft:andesite_stairs":45,"minecraft:oak_boat":64,"minecraft:player_head":672,"minecraft:light_gray_wool":673,"minecraft:spruce_trapdoor":969,"minecraft:orange_dye":60,"minecraft:bowl":1,"minecraft:stone_button":511,"minecraft:iron_horse_armor":9,"minecraft:smooth_sandstone_slab":27,"minecraft:arrow":2912,"minecraft:light_blue_stained_glass_pane":4,"minecraft:jungle_stairs":11,"minecraft:saddle":24,"minecraft:soul_campfire":5,"minecraft:wet_sponge":102,"minecraft:crimson_stem":1785,"minecraft:birch_planks":119,"minecraft:cobblestone_stairs":258,"minecraft:smooth_sandstone":253,"minecraft:red_nether_brick_stairs":350,"minecraft:heart_of_the_sea":2,"minecraft:mossy_stone_brick_wall":10,"minecraft:soul_sand":3732,"minecraft:green_dye":1865,"minecraft:book":2212,"minecraft:scaffolding":22165,"minecraft:pumpkin":333,"minecraft:birch_boat":1,"minecraft:red_concrete_powder":71,"minecraft:magenta_stained_glass_pane":12,"minecraft:white_bed":139,"minecraft:green_carpet":89,"minecraft:stripped_jungle_log":71,"minecraft:lime_banner":13,"minecraft:lime_dye":136,"minecraft:iron_helmet":24,"minecraft:coal":7648,"minecraft:purple_concrete_powder":4,"minecraft:lead":164,"minecraft:smithing_table":307,"minecraft:stone_slab":2302,"minecraft:purple_shulker_box":173,"minecraft:dark_oak_pressure_plate":1,"minecraft:pufferfish":14,"minecraft:shroomlight":247,"minecraft:diamond_leggings":37,"minecraft:warped_slab":87,"minecraft:crimson_sign":131,"minecraft:diamond_ore":147,"minecraft:polished_blackstone_brick_slab":1789,"minecraft:acacia_log":90,"minecraft:brick_wall":14,"minecraft:cyan_stained_glass":5,"minecraft:honeycomb_block":56,"minecraft:end_crystal":126,"minecraft:golden_chestplate":15,"minecraft:brown_carpet":11,"minecraft:yellow_banner":1,"minecraft:lime_carpet":785,"minecraft:honey_bottle":13,"minecraft:polished_basalt":247,"minecraft:blackstone_wall":144,"minecraft:red_tulip":6,"minecraft:bookshelf":190,"minecraft:white_terracotta":1166,"minecraft:iron_bars":772,"minecraft:cooked_beef":852,"minecraft:flint":2196,"minecraft:purple_stained_glass":284,"minecraft:cyan_concrete_powder":13,"minecraft:gray_concrete_powder":345,"minecraft:purple_carpet":81,"minecraft:dark_oak_sign":88,"minecraft:diamond_helmet":42,"minecraft:rabbit":5,"minecraft:honeycomb":36,"minecraft:stripped_crimson_stem":35,"minecraft:stripped_spruce_log":192,"minecraft:polished_andesite":714,"minecraft:blue_terracotta":139,"minecraft:lever":554,"minecraft:blue_banner":4,"minecraft:jack_o_lantern":82,"minecraft:crimson_roots":3079,"minecraft:leather_leggings":6,"minecraft:dragon_head":33,"minecraft:purpur_block":360,"minecraft:heavy_weighted_pressure_plate":19,"minecraft:cornflower":3035,"minecraft:elytra":99,"minecraft:flint_and_steel":16,"minecraft:white_carpet":423,"minecraft:stripped_warped_stem":68,"minecraft:poppy":12377,"minecraft:spruce_slab":369,"minecraft:diamond_hoe":5,"minecraft:lime_shulker_box":26,"minecraft:black_stained_glass":228,"minecraft:fire_charge":149,"minecraft:white_dye":97,"minecraft:jungle_fence_gate":6,"minecraft:netherite_pickaxe":10,"minecraft:cyan_shulker_box":2,"minecraft:jungle_sign":48,"minecraft:purpur_slab":322,"minecraft:yellow_terracotta":252,"minecraft:emerald_ore":3,"minecraft:clock":1,"minecraft:tripwire_hook":196,"minecraft:smooth_red_sandstone":124,"minecraft:red_glazed_terracotta":3,"minecraft:fern":19,"minecraft:yellow_dye":60,"minecraft:lily_pad":12,"minecraft:light_blue_banner":1,"minecraft:apple":82,"minecraft:yellow_stained_glass":169,"minecraft:oak_fence_gate":370,"minecraft:magenta_stained_glass":8,"minecraft:dark_oak_stairs":72,"minecraft:polished_andesite_stairs":402,"minecraft:sweet_berries":150,"minecraft:lime_concrete":3744,"minecraft:red_wool":2089,"minecraft:cracked_nether_bricks":518,"minecraft:crimson_stairs":7,"minecraft:crying_obsidian":165,"minecraft:leather_helmet":47,"minecraft:coal_ore":4574,"minecraft:slime_ball":5165,"minecraft:lodestone":86,"minecraft:red_nether_brick_slab":1175,"minecraft:smooth_quartz_slab":544,"minecraft:hopper":1226,"minecraft:black_carpet":848,"minecraft:ender_chest":822,"minecraft:lapis_block":56,"minecraft:experience_bottle":1,"minecraft:smooth_stone":2078,"minecraft:red_dye":128,"minecraft:rose_bush":65,"minecraft:cobblestone_slab":1015,"minecraft:iron_pickaxe":32,"minecraft:smooth_quartz_stairs":272,"minecraft:blue_wool":709,"minecraft:acacia_fence":5,"minecraft:crimson_button":22,"minecraft:netherite_shovel":5,"minecraft:diorite":15168,"minecraft:vine":1502,"minecraft:rotten_flesh":3177,"minecraft:brown_shulker_box":288,"minecraft:blaze_powder":18,"minecraft:cobblestone":75606,"minecraft:lilac":13,"minecraft:repeater":1581,"minecraft:golden_leggings":13,"minecraft:orange_carpet":211,"minecraft:black_bed":2,"minecraft:beacon":89,"minecraft:potato":75,"minecraft:stripped_birch_log":7,"minecraft:name_tag":45,"minecraft:acacia_planks":56,"minecraft:mossy_stone_bricks":126,"minecraft:bamboo":28641,"minecraft:cyan_concrete":364,"minecraft:brown_stained_glass":34,"minecraft:melon":130,"minecraft:grass_block":6721,"minecraft:mossy_cobblestone":43,"minecraft:light_gray_terracotta":1217,"minecraft:yellow_carpet":273,"minecraft:sugar":76,"minecraft:yellow_stained_glass_pane":2,"minecraft:bone_meal":5192,"minecraft:grass":6,"minecraft:golden_apple":121,"minecraft:emerald":1278,"minecraft:andesite_slab":238,"minecraft:splash_potion":80,"minecraft:packed_ice":994,"minecraft:brown_mushroom":837,"minecraft:stone_brick_wall":62,"minecraft:diorite_slab":162,"minecraft:chain":361,"minecraft:shield":12,"minecraft:orange_stained_glass":154,"minecraft:oak_trapdoor":316,"minecraft:end_stone_brick_wall":11,"minecraft:magenta_wool":675,"minecraft:blackstone":13484,"minecraft:end_stone":2003,"minecraft:polished_blackstone_bricks":2898,"minecraft:light_blue_bed":9,"minecraft:stone_pressure_plate":419,"minecraft:blue_concrete_powder":1,"minecraft:red_shulker_box":1042,"minecraft:pumpkin_pie":46,"minecraft:pink_tulip":22,"minecraft:nether_brick_wall":247,"minecraft:brick_stairs":2,"minecraft:basalt":3180,"minecraft:dark_oak_button":2,"minecraft:golden_carrot":545,"minecraft:ice":2512,"minecraft:granite_stairs":12,"minecraft:chainmail_chestplate":2,"minecraft:orange_terracotta":3595,"minecraft:red_carpet":484,"minecraft:spruce_wood":65,"minecraft:polished_andesite_slab":571,"minecraft:pink_bed":3,"minecraft:warped_fungus":115,"minecraft:quartz":5092,"minecraft:dandelion":5689,"minecraft:lava_bucket":45,"minecraft:red_banner":21,"minecraft:soul_torch":119,"minecraft:green_stained_glass":21,"minecraft:light_blue_concrete_powder":32,"minecraft:pumpkin_seeds":1803,"minecraft:chainmail_leggings":4,"minecraft:damaged_anvil":48,"minecraft:netherite_hoe":2,"minecraft:dark_oak_wood":8,"minecraft:sunflower":7,"minecraft:seagrass":22,"minecraft:birch_door":2,"minecraft:chainmail_boots":1,"minecraft:flower_pot":19,"minecraft:magenta_carpet":256,"minecraft:diamond_sword":60,"minecraft:brown_bed":2,"minecraft:wither_rose":226,"minecraft:golden_shovel":2,"minecraft:birch_button":7,"minecraft:brewing_stand":52,"minecraft:dark_oak_trapdoor":31,"minecraft:orange_concrete_powder":6,"minecraft:crimson_fence":17,"minecraft:acacia_sign":5,"minecraft:written_book":155,"minecraft:melon_slice":11,"minecraft:dark_oak_door":6,"minecraft:composter":9,"minecraft:pink_carpet":1,"minecraft:chiseled_nether_bricks":148,"minecraft:gray_stained_glass_pane":6,"minecraft:tropical_fish":21,"minecraft:iron_block":23500,"minecraft:mossy_cobblestone_slab":17,"minecraft:birch_slab":7,"minecraft:jungle_log":5412,"minecraft:smoker":1,"minecraft:light_gray_concrete_powder":26,"minecraft:twisting_vines":265,"minecraft:chipped_anvil":93,"minecraft:gray_terracotta":37,"minecraft:ink_sac":1799,"minecraft:loom":31,"minecraft:fermented_spider_eye":63,"minecraft:red_terracotta":8235,"minecraft:barrel":376,"minecraft:quartz_bricks":24,"minecraft:dispenser":414,"minecraft:black_concrete_powder":476,"minecraft:green_concrete":897,"minecraft:polished_granite_slab":3,"minecraft:chainmail_helmet":3,"minecraft:bricks":29,"minecraft:lime_stained_glass_pane":112,"minecraft:spruce_leaves":4700,"minecraft:crafting_table":294,"minecraft:crimson_trapdoor":110,"minecraft:jungle_trapdoor":41,"minecraft:red_bed":77,"minecraft:snow":2264,"minecraft:cracked_stone_bricks":1049,"minecraft:cartography_table":70,"minecraft:respawn_anchor":14,"minecraft:iron_nugget":6686,"minecraft:quartz_stairs":116,"minecraft:egg":455,"minecraft:sandstone":2010,"minecraft:oak_door":39,"minecraft:spruce_fence":190,"minecraft:mushroom_stem":39,"minecraft:blue_carpet":65,"minecraft:tnt":5171,"minecraft:cooked_cod":203,"minecraft:peony":17,"minecraft:white_shulker_box":917,"minecraft:crimson_slab":92,"minecraft:smooth_red_sandstone_stairs":21,"minecraft:red_mushroom_block":279,"minecraft:oak_log":5631,"minecraft:brown_concrete":28,"minecraft:ancient_debris":289,"minecraft:golden_boots":13,"minecraft:white_banner":42,"minecraft:kelp":3077,"minecraft:cobweb":148,"minecraft:glass_bottle":105,"minecraft:iron_sword":30,"minecraft:daylight_detector":2,"minecraft:yellow_concrete":2389,"minecraft:spruce_log":2152,"minecraft:sea_lantern":794,"minecraft:firework_rocket":10311,"minecraft:redstone_ore":315,"minecraft:gray_wool":1010,"minecraft:warped_roots":1322,"minecraft:melon_seeds":8,"minecraft:warped_nylium":132,"minecraft:pink_dye":32,"minecraft:ender_pearl":14629,"minecraft:shulker_shell":1183,"minecraft:iron_trapdoor":755,"minecraft:turtle_egg":14,"minecraft:potion":806,"minecraft:nether_brick":75,"minecraft:crimson_planks":270,"minecraft:iron_leggings":28,"minecraft:sticky_piston":619,"minecraft:pink_shulker_box":152,"minecraft:oak_sign":397,"minecraft:furnace":132,"minecraft:jungle_door":18,"minecraft:brown_terracotta":333,"minecraft:torch":9703,"minecraft:porkchop":63,"minecraft:target":45,"minecraft:yellow_concrete_powder":337,"minecraft:light_gray_banner":29,"minecraft:blue_stained_glass":38,"minecraft:quartz_block":470,"minecraft:nether_gold_ore":178,"minecraft:cactus":4994,"minecraft:nautilus_shell":3,"minecraft:jungle_pressure_plate":1,"minecraft:warped_trapdoor":18,"minecraft:horn_coral":2,"minecraft:green_shulker_box":65,"minecraft:lapis_lazuli":835,"minecraft:pink_banner":4,"minecraft:bell":32,"minecraft:powered_rail":1290,"minecraft:oak_planks":1032,"minecraft:mossy_stone_brick_stairs":3,"minecraft:lime_glazed_terracotta":1,"minecraft:pink_concrete":96,"minecraft:cooked_porkchop":1093,"minecraft:music_disc_13":1,"minecraft:oak_pressure_plate":7,"minecraft:poisonous_potato":5,"minecraft:jungle_planks":295,"minecraft:lily_of_the_valley":6,"minecraft:dead_bush":2,"minecraft:cyan_bed":26,"minecraft:chiseled_sandstone":6,"minecraft:black_concrete":2818,"minecraft:diamond":613,"minecraft:spruce_boat":15,"minecraft:polished_blackstone_button":4,"minecraft:nether_star":78,"minecraft:end_stone_bricks":327,"minecraft:lingering_potion":63,"minecraft:fishing_rod":22,"minecraft:allium":5,"minecraft:chicken":1085,"minecraft:gold_block":1195,"minecraft:diamond_horse_armor":3,"minecraft:wooden_sword":2,"minecraft:item_frame":676,"minecraft:detector_rail":12,"minecraft:mossy_cobblestone_wall":11,"minecraft:observer":622,"minecraft:lectern":10,"minecraft:blue_shulker_box":486,"minecraft:sugar_cane":72053,"minecraft:phantom_membrane":72,"minecraft:dark_oak_sapling":13,"minecraft:quartz_pillar":189,"minecraft:magenta_shulker_box":10,"minecraft:dark_oak_planks":345,"minecraft:lime_stained_glass":454,"minecraft:salmon":22,"minecraft:nether_wart_block":1755,"minecraft:podzol":133,"minecraft:red_sandstone":2,"minecraft:acacia_sapling":2,"minecraft:music_disc_chirp":1,"minecraft:purple_concrete":1040,"minecraft:oak_slab":382,"minecraft:chiseled_stone_bricks":275,"minecraft:blast_furnace":39,"minecraft:gold_ore":507,"minecraft:dark_oak_fence_gate":25,"minecraft:spider_eye":107,"minecraft:music_disc_mall":2,"minecraft:campfire":107,"minecraft:honey_block":291,"minecraft:magenta_concrete":1420,"minecraft:black_wool":1630,"minecraft:acacia_slab":10,"minecraft:red_concrete":3379},"minecraft:dropped":{"minecraft:porkchop":19,"minecraft:lapis_lazuli":5,"minecraft:diamond":200,"minecraft:crafting_table":18,"minecraft:lime_concrete_powder":256,"minecraft:cooked_porkchop":735,"minecraft:red_sandstone":1,"minecraft:warped_roots":57,"minecraft:cracked_stone_bricks":146,"minecraft:red_mushroom":77,"minecraft:emerald":84,"minecraft:gray_concrete":356,"minecraft:birch_fence":2,"minecraft:dark_oak_fence":12,"minecraft:netherite_boots":4,"minecraft:gold_nugget":8112,"minecraft:sand":21031,"minecraft:purple_wool":159,"minecraft:smooth_red_sandstone_slab":5,"minecraft:dark_oak_planks":95,"minecraft:fishing_rod":17,"minecraft:diorite_slab":70,"minecraft:dark_oak_door":5,"minecraft:compass":41,"minecraft:lever":203,"minecraft:cooked_chicken":62,"minecraft:gray_banner":2,"minecraft:black_carpet":72,"minecraft:wheat":59,"minecraft:netherite_sword":5,"minecraft:rotten_flesh":5140,"minecraft:grindstone":1,"minecraft:azure_bluet":913,"minecraft:warped_planks":15,"minecraft:sea_lantern":425,"minecraft:coal_ore":1113,"minecraft:quartz_block":628,"minecraft:jungle_log":96,"minecraft:leather_boots":12,"minecraft:acacia_sapling":2,"minecraft:leather_leggings":14,"minecraft:beef":4,"minecraft:warped_wart_block":64,"minecraft:acacia_fence":4,"minecraft:golden_boots":20,"minecraft:black_dye":110,"minecraft:wheat_seeds":13690,"minecraft:clock":1,"minecraft:light_gray_stained_glass_pane":83,"minecraft:end_stone_brick_slab":128,"minecraft:prismarine_crystals":28,"minecraft:book":2,"minecraft:yellow_carpet":31,"minecraft:golden_apple":173,"minecraft:coal_block":55,"minecraft:diamond_horse_armor":3,"minecraft:gray_wool":200,"minecraft:ink_sac":65,"minecraft:cooked_salmon":3,"minecraft:lapis_ore":12,"minecraft:stripped_birch_log":1,"minecraft:oak_stairs":6,"minecraft:pumpkin":57,"minecraft:white_banner":14,"minecraft:red_dye":2,"minecraft:jungle_boat":17,"minecraft:smooth_stone":12,"minecraft:chainmail_leggings":4,"minecraft:smooth_sandstone":160,"minecraft:blue_carpet":113,"minecraft:lily_pad":2,"minecraft:acacia_planks":10,"minecraft:player_head":74,"minecraft:orange_concrete":49,"minecraft:experience_bottle":1,"minecraft:white_carpet":46,"minecraft:clay_ball":12,"minecraft:damaged_anvil":4,"minecraft:name_tag":20,"minecraft:light_gray_concrete":104,"minecraft:white_terracotta":422,"minecraft:white_shulker_box":1,"minecraft:oak_sign":120,"minecraft:shears":105,"minecraft:diamond_sword":28,"minecraft:cyan_wool":153,"minecraft:lime_glazed_terracotta":1,"minecraft:spruce_trapdoor":279,"minecraft:spruce_planks":74,"minecraft:diamond_pickaxe":30,"minecraft:light_blue_carpet":23,"minecraft:andesite_stairs":3,"minecraft:bamboo":814,"minecraft:stone_bricks":2302,"minecraft:redstone_torch":50,"minecraft:brown_bed":1,"minecraft:sandstone":146,"minecraft:green_concrete_powder":532,"minecraft:crimson_hyphae":6,"minecraft:magma_block":14,"minecraft:cyan_bed":1,"minecraft:terracotta":535,"minecraft:nether_brick_stairs":65,"minecraft:warped_fungus":15,"minecraft:oak_log":539,"minecraft:nether_star":1,"minecraft:lime_terracotta":20,"minecraft:jungle_planks":274,"minecraft:red_wool":212,"minecraft:polished_blackstone_brick_wall":1,"minecraft:black_banner":3,"minecraft:birch_slab":2,"minecraft:cod":1601,"minecraft:dark_oak_log":311,"minecraft:packed_ice":39,"minecraft:ice":106,"minecraft:wet_sponge":32,"minecraft:light_blue_banner":2,"minecraft:gold_ingot":275,"minecraft:red_glazed_terracotta":1,"minecraft:purpur_block":67,"minecraft:twisting_vines":41,"minecraft:smooth_sandstone_stairs":3,"minecraft:soul_lantern":11,"minecraft:beetroot":1,"minecraft:cooked_mutton":16,"minecraft:leather_chestplate":15,"minecraft:trident":2,"minecraft:cyan_banner":10,"minecraft:beetroot_seeds":285,"minecraft:stone_brick_wall":8,"minecraft:scaffolding":1715,"minecraft:purple_carpet":3,"minecraft:golden_helmet":15,"minecraft:lilac":4,"minecraft:netherite_axe":1,"minecraft:andesite_wall":42,"minecraft:tropical_fish":16,"minecraft:acacia_trapdoor":12,"minecraft:spruce_fence_gate":2,"minecraft:iron_block":6951,"minecraft:green_dye":98,"minecraft:repeater":204,"minecraft:melon_slice":91,"minecraft:iron_door":30,"minecraft:jungle_door":18,"minecraft:fire_charge":130,"minecraft:crimson_sign":31,"minecraft:polished_andesite_stairs":19,"minecraft:stonecutter":3,"minecraft:tripwire_hook":176,"minecraft:kelp":1289,"minecraft:oak_trapdoor":150,"minecraft:lime_concrete":256,"minecraft:light_gray_terracotta":335,"minecraft:comparator":35,"minecraft:stripped_oak_log":2,"minecraft:green_concrete":10,"minecraft:shulker_box":26,"minecraft:oak_button":12,"minecraft:andesite":7382,"minecraft:birch_sign":33,"minecraft:spruce_log":189,"minecraft:magma_cream":9,"minecraft:acacia_wood":4,"minecraft:oak_pressure_plate":4,"minecraft:cooked_beef":494,"minecraft:emerald_ore":1,"minecraft:cookie":12,"minecraft:rail":671,"minecraft:dragon_breath":95,"minecraft:leather_helmet":10,"minecraft:red_carpet":212,"minecraft:light_weighted_pressure_plate":1,"minecraft:red_shulker_box":2,"minecraft:grass":3,"minecraft:jack_o_lantern":20,"minecraft:jungle_sapling":13,"minecraft:wooden_sword":5,"minecraft:bone_block":85,"minecraft:bone_meal":1782,"minecraft:polished_blackstone_slab":84,"minecraft:sugar":409,"minecraft:iron_pickaxe":27,"minecraft:cyan_carpet":9,"minecraft:end_crystal":1,"minecraft:bone":3528,"minecraft:green_wool":272,"minecraft:emerald_block":1,"minecraft:pink_bed":3,"minecraft:golden_chestplate":23,"minecraft:nether_brick":18,"minecraft:birch_sapling":26,"minecraft:blue_wool":99,"minecraft:netherite_shovel":2,"minecraft:lime_dye":184,"minecraft:end_stone":497,"minecraft:light_gray_carpet":152,"minecraft:jungle_trapdoor":6,"minecraft:salmon":3,"minecraft:orange_stained_glass":34,"minecraft:dark_oak_fence_gate":8,"minecraft:lime_bed":1,"minecraft:brick_stairs":2,"minecraft:charcoal":2,"minecraft:yellow_banner":1,"minecraft:spruce_slab":39,"minecraft:end_stone_bricks":86,"minecraft:ghast_tear":263,"minecraft:chiseled_nether_bricks":32,"minecraft:netherite_pickaxe":4,"minecraft:birch_leaves":4,"minecraft:polished_blackstone":164,"minecraft:golden_horse_armor":9,"minecraft:iron_helmet":17,"minecraft:purple_concrete":194,"minecraft:apple":12,"minecraft:crimson_fence_gate":1,"minecraft:spruce_button":16,"minecraft:spruce_door":2,"minecraft:chainmail_helmet":4,"minecraft:polished_andesite":327,"minecraft:end_rod":72,"minecraft:pufferfish":11,"minecraft:jungle_slab":46,"minecraft:golden_carrot":22,"minecraft:lime_carpet":431,"minecraft:dead_bush":1,"minecraft:brown_terracotta":320,"minecraft:mossy_cobblestone_stairs":16,"minecraft:string":583,"minecraft:paper":5822,"minecraft:spruce_sapling":3,"minecraft:furnace":51,"minecraft:redstone_ore":48,"minecraft:soul_torch":3,"minecraft:dark_oak_sign":7,"minecraft:cobblestone_wall":350,"minecraft:chicken":128,"minecraft:slime_block":30,"minecraft:light_blue_concrete":68,"minecraft:orange_wool":88,"minecraft:spruce_fence":70,"minecraft:pumpkin_seeds":635,"minecraft:target":1,"minecraft:polished_granite_stairs":2,"minecraft:cobblestone_slab":642,"minecraft:shroomlight":64,"minecraft:stone":54065,"minecraft:crimson_slab":12,"minecraft:blue_banner":3,"minecraft:birch_boat":1,"minecraft:blue_orchid":3,"minecraft:red_tulip":6,"minecraft:quartz_slab":4,"minecraft:crimson_nylium":3,"minecraft:spruce_sign":5,"minecraft:brown_mushroom":136,"minecraft:diamond_axe":20,"minecraft:lime_shulker_box":3,"minecraft:red_nether_brick_slab":120,"minecraft:lantern":84,"minecraft:flint":1999,"minecraft:orange_carpet":10,"minecraft:crimson_trapdoor":36,"minecraft:jungle_button":14,"minecraft:dispenser":112,"minecraft:cornflower":735,"minecraft:crimson_roots":758,"minecraft:white_stained_glass_pane":24,"minecraft:birch_log":163,"minecraft:black_stained_glass":40,"minecraft:armor_stand":10,"minecraft:honeycomb_block":2,"minecraft:blackstone":659,"minecraft:yellow_wool":11,"minecraft:lime_wool":217,"minecraft:diamond_shovel":17,"minecraft:prismarine":60,"minecraft:honey_bottle":22,"minecraft:chiseled_stone_bricks":27,"minecraft:sandstone_wall":1,"minecraft:rabbit_hide":4,"minecraft:lingering_potion":1,"minecraft:chest":65,"minecraft:chainmail_boots":3,"minecraft:blackstone_slab":62,"minecraft:arrow":1749,"minecraft:powered_rail":89,"minecraft:quartz":104,"minecraft:written_book":199,"minecraft:oak_leaves":282,"minecraft:firework_rocket":6974,"minecraft:magenta_carpet":1,"minecraft:mossy_cobblestone":48,"minecraft:minecart":65,"minecraft:smithing_table":55,"minecraft:poisonous_potato":3,"minecraft:lead":45,"minecraft:nether_brick_wall":17,"minecraft:grass_block":850,"minecraft:stick":2113,"minecraft:nether_gold_ore":14,"minecraft:smooth_red_sandstone":26,"minecraft:light_blue_stained_glass":77,"minecraft:smooth_quartz":24,"minecraft:brown_wool":4,"minecraft:smooth_quartz_slab":10,"minecraft:iron_axe":4,"minecraft:bucket":147,"minecraft:dandelion":1590,"minecraft:redstone":774,"minecraft:red_concrete":66,"minecraft:nether_brick_slab":396,"minecraft:anvil":30,"minecraft:brown_dye":16,"minecraft:ender_chest":12,"minecraft:nether_wart":904,"minecraft:coarse_dirt":80,"minecraft:blaze_rod":256,"minecraft:composter":1,"minecraft:smoker":1,"minecraft:ender_eye":3,"minecraft:red_nether_brick_stairs":192,"minecraft:crimson_button":25,"minecraft:filled_map":33,"minecraft:snow":290,"minecraft:black_concrete_powder":320,"minecraft:diamond_chestplate":8,"minecraft:orange_terracotta":455,"minecraft:purple_bed":1,"minecraft:oak_boat":14,"minecraft:slime_ball":1132,"minecraft:diamond_boots":9,"minecraft:beacon":39,"minecraft:iron_sword":30,"minecraft:chorus_fruit":76,"minecraft:glass_bottle":37,"minecraft:dark_oak_slab":59,"minecraft:weeping_vines":126,"minecraft:black_bed":1,"minecraft:blackstone_stairs":1,"minecraft:gold_block":12,"minecraft:red_bed":1,"minecraft:black_stained_glass_pane":14,"minecraft:dark_oak_trapdoor":22,"minecraft:stripped_dark_oak_wood":1,"minecraft:writable_book":22,"minecraft:white_wool":256,"minecraft:tropical_fish_bucket":4,"minecraft:ancient_debris":89,"minecraft:diamond_block":217,"minecraft:iron_nugget":9312,"minecraft:obsidian":682,"minecraft:oak_planks":611,"minecraft:glowstone_dust":15,"minecraft:nether_brick_fence":1,"minecraft:rabbit_foot":1,"minecraft:diorite_wall":16,"minecraft:painting":2,"minecraft:red_nether_bricks":459,"minecraft:glass":1057,"minecraft:stone_brick_stairs":81,"minecraft:cartography_table":2,"minecraft:orange_shulker_box":10,"minecraft:smooth_quartz_stairs":8,"minecraft:red_stained_glass":7,"minecraft:lime_banner":11,"minecraft:warped_trapdoor":4,"minecraft:lava_bucket":3,"minecraft:blackstone_wall":26,"minecraft:potion":209,"minecraft:chipped_anvil":8,"minecraft:red_nether_brick_wall":6,"minecraft:stone_brick_slab":126,"minecraft:snow_block":14,"minecraft:yellow_concrete_powder":443,"minecraft:soul_soil":19,"minecraft:green_terracotta":35,"minecraft:cocoa_beans":2,"minecraft:sticky_piston":163,"minecraft:red_banner":5,"minecraft:iron_boots":156,"minecraft:spruce_boat":3,"minecraft:flower_pot":3,"minecraft:sea_pickle":14,"minecraft:stone_pressure_plate":338,"minecraft:barrel":88,"minecraft:bow":325,"minecraft:red_sand":293,"minecraft:soul_sand":839,"minecraft:orange_dye":92,"minecraft:polished_granite_slab":254,"minecraft:ender_pearl":16033,"minecraft:jungle_fence":33,"minecraft:green_shulker_box":3,"minecraft:leather":686,"minecraft:iron_horse_armor":9,"minecraft:carrot_on_a_stick":1,"minecraft:orange_glazed_terracotta":1,"minecraft:cobblestone_stairs":9,"minecraft:cracked_polished_blackstone_bricks":116,"minecraft:redstone_lamp":27,"minecraft:polished_blackstone_pressure_plate":2,"minecraft:mutton":11,"minecraft:snowball":294,"minecraft:jungle_sign":3,"minecraft:black_concrete":241,"minecraft:crimson_door":6,"minecraft:cauldron":12,"minecraft:chiseled_polished_blackstone":22,"minecraft:andesite_slab":20,"minecraft:yellow_stained_glass":2,"minecraft:acacia_stairs":3,"minecraft:mycelium":377,"minecraft:mushroom_stem":8,"minecraft:mossy_stone_brick_wall":9,"minecraft:birch_door":3,"minecraft:iron_ore":1630,"minecraft:birch_button":11,"minecraft:iron_bars":1447,"minecraft:white_concrete_powder":1,"minecraft:magenta_wool":1,"minecraft:polished_granite":19,"minecraft:splash_potion":194,"minecraft:bread":3,"minecraft:crimson_pressure_plate":7,"minecraft:vine":72,"minecraft:jungle_wood":1,"minecraft:activator_rail":2,"minecraft:spruce_stairs":20,"minecraft:acacia_log":16,"minecraft:light_blue_wool":41,"minecraft:nether_wart_block":88,"minecraft:white_concrete":165,"minecraft:yellow_shulker_box":1,"minecraft:light_gray_stained_glass":70,"minecraft:jungle_leaves":58,"minecraft:polished_blackstone_brick_slab":79,"minecraft:granite_slab":6,"minecraft:polished_basalt":1,"minecraft:cactus":4852,"minecraft:redstone_block":40,"minecraft:chiseled_sandstone":5,"minecraft:polished_diorite":16,"minecraft:sweet_berries":33,"minecraft:totem_of_undying":4,"minecraft:netherite_leggings":2,"minecraft:flint_and_steel":11,"minecraft:golden_leggings":27,"minecraft:oak_sapling":67,"minecraft:gray_concrete_powder":192,"minecraft:crimson_stem":1195,"minecraft:clay":1,"minecraft:piston":60,"minecraft:sandstone_stairs":34,"minecraft:crossbow":48,"minecraft:dark_oak_button":9,"minecraft:saddle":22,"minecraft:purpur_stairs":27,"minecraft:elytra":18,"minecraft:item_frame":59,"minecraft:dirt":8980,"minecraft:melon":5,"minecraft:stone_button":535,"minecraft:yellow_dye":54,"minecraft:horn_coral":2,"minecraft:chain":467,"minecraft:dark_oak_boat":3,"minecraft:oak_door":4,"minecraft:pink_concrete":2,"minecraft:sugar_cane":5167,"minecraft:polished_andesite_slab":286,"minecraft:detector_rail":1,"minecraft:white_bed":1,"minecraft:yellow_stained_glass_pane":4,"minecraft:tipped_arrow":564,"minecraft:heavy_weighted_pressure_plate":26,"minecraft:hopper":95,"minecraft:honey_block":18,"minecraft:cod_bucket":2,"minecraft:ladder":102,"minecraft:white_dye":164,"minecraft:campfire":68,"minecraft:crying_obsidian":12,"minecraft:egg":2810,"minecraft:crimson_planks":245,"minecraft:enchanted_book":68,"minecraft:iron_ingot":23113,"minecraft:tnt":1012,"minecraft:netherite_helmet":2,"minecraft:oak_fence":68,"minecraft:purpur_slab":17,"minecraft:feather":3159,"minecraft:cobblestone":16787,"minecraft:granite":8877,"minecraft:polished_blackstone_button":2,"minecraft:coal":201,"minecraft:polished_blackstone_stairs":72,"minecraft:oxeye_daisy":829,"minecraft:warped_slab":166,"minecraft:iron_trapdoor":257,"minecraft:rabbit":5,"minecraft:rose_bush":5,"minecraft:diamond_helmet":8,"minecraft:pufferfish_bucket":13,"minecraft:heart_of_the_sea":1,"minecraft:iron_shovel":24,"minecraft:gray_carpet":26,"minecraft:purpur_pillar":22,"minecraft:stone_sword":40,"minecraft:smooth_stone_slab":254,"minecraft:bowl":1,"minecraft:diamond_hoe":1,"minecraft:stone_slab":1523,"minecraft:diamond_ore":11,"minecraft:nether_bricks":579,"minecraft:potato":9,"minecraft:hay_block":1,"minecraft:wooden_shovel":1,"minecraft:carved_pumpkin":4,"minecraft:spider_eye":65,"minecraft:brown_carpet":6,"minecraft:warped_button":1,"minecraft:dark_prismarine":7,"minecraft:black_wool":5,"minecraft:gold_ore":56,"minecraft:birch_planks":119,"minecraft:dark_oak_stairs":15,"minecraft:flower_banner_pattern":1,"minecraft:spruce_leaves":71,"minecraft:cyan_terracotta":21,"minecraft:seagrass":6,"minecraft:cooked_cod":121,"minecraft:polished_blackstone_bricks":388,"minecraft:brown_mushroom_block":28,"minecraft:gravel":3195,"minecraft:crimson_fungus":32,"minecraft:black_terracotta":1,"minecraft:fern":13,"minecraft:stone_stairs":36,"minecraft:carrot":3785,"minecraft:chainmail_chestplate":2,"minecraft:poppy":38216,"minecraft:shulker_shell":3,"minecraft:oak_fence_gate":194,"minecraft:gunpowder":8376,"minecraft:birch_trapdoor":228,"minecraft:glowstone":189,"minecraft:spruce_pressure_plate":16,"minecraft:melon_seeds":3,"minecraft:spruce_wood":8,"minecraft:basalt":94,"minecraft:prismarine_bricks":33,"minecraft:netherrack":10827,"minecraft:water_bucket":80,"minecraft:stripped_spruce_log":69,"minecraft:oak_slab":30,"minecraft:bookshelf":3,"minecraft:cyan_dye":121,"minecraft:diamond_leggings":13,"minecraft:prismarine_shard":46,"minecraft:spectral_arrow":1433,"minecraft:observer":97,"minecraft:light_blue_concrete_powder":2,"minecraft:diorite":9770,"minecraft:brewing_stand":2,"minecraft:warped_stairs":68,"minecraft:torch":1962,"minecraft:iron_leggings":21,"minecraft:green_carpet":24,"minecraft:wither_rose":23,"minecraft:lapis_block":6,"minecraft:gray_stained_glass":1,"minecraft:warped_nylium":4,"minecraft:wither_skeleton_skull":2,"minecraft:light_gray_wool":209,"minecraft:iron_hoe":8,"minecraft:red_terracotta":321,"minecraft:shield":16,"minecraft:iron_chestplate":20,"minecraft:quartz_stairs":1,"minecraft:mossy_stone_bricks":13,"minecraft:pink_wool":128,"minecraft:golden_sword":517,"minecraft:stripped_warped_stem":12,"minecraft:stone_pickaxe":1,"minecraft:nether_quartz_ore":16,"minecraft:white_stained_glass":19},"minecraft:used":{"minecraft:jack_o_lantern":141,"minecraft:black_carpet":1262,"minecraft:stone":33884,"minecraft:warped_sign":4,"minecraft:quartz_stairs":250,"minecraft:lily_of_the_valley":2,"minecraft:azure_bluet":3,"minecraft:polished_blackstone_slab":2515,"minecraft:packed_ice":1972,"minecraft:stripped_dark_oak_wood":3,"minecraft:quartz_pillar":239,"minecraft:red_wool":1366,"minecraft:quartz_block":720,"minecraft:netherite_hoe":32,"minecraft:dark_oak_leaves":41,"minecraft:acacia_fence":1,"minecraft:damaged_anvil":45,"minecraft:blackstone":4220,"minecraft:composter":36,"minecraft:jungle_boat":4,"minecraft:gray_concrete":4074,"minecraft:red_sandstone_wall":1,"minecraft:crimson_fence_gate":56,"minecraft:purple_concrete_powder":2467,"minecraft:birch_fence":115,"minecraft:red_sandstone":2,"minecraft:gray_stained_glass_pane":6,"minecraft:white_glazed_terracotta":1,"minecraft:oak_pressure_plate":9,"minecraft:diamond_sword":18737,"minecraft:coal_block":2892,"minecraft:smithing_table":690,"minecraft:poisonous_potato":1,"minecraft:purple_wool":594,"minecraft:diorite_slab":128,"minecraft:oak_trapdoor":621,"minecraft:polished_blackstone_brick_slab":3467,"minecraft:enchanting_table":4,"minecraft:armor_stand":123,"minecraft:light_gray_carpet":337,"minecraft:orange_stained_glass":298,"minecraft:brewing_stand":89,"minecraft:nether_quartz_ore":241,"minecraft:yellow_carpet":837,"minecraft:oak_fence_gate":296,"minecraft:music_disc_mellohi":2,"minecraft:sea_lantern":695,"minecraft:filled_map":11,"minecraft:iron_block":46792,"minecraft:light_weighted_pressure_plate":8,"minecraft:jungle_log":348,"minecraft:bamboo":388,"minecraft:basalt":1434,"minecraft:lime_concrete":5780,"minecraft:podzol":219,"minecraft:acacia_planks":100,"minecraft:wheat_seeds":1821,"minecraft:warped_stem":244,"minecraft:light_blue_shulker_box":388,"minecraft:birch_planks":35,"minecraft:blue_concrete_powder":1409,"minecraft:spruce_fence_gate":14,"minecraft:light_gray_banner":37,"minecraft:rail":9151,"minecraft:red_bed":81,"minecraft:campfire":149,"minecraft:spruce_log":1434,"minecraft:warped_trapdoor":26,"minecraft:oak_button":38,"minecraft:spruce_pressure_plate":16,"minecraft:spruce_sapling":6,"minecraft:green_carpet":648,"minecraft:blue_carpet":239,"minecraft:pink_bed":2,"minecraft:crimson_stairs":11,"minecraft:warped_fence_gate":1,"minecraft:dandelion":11,"minecraft:green_stained_glass":185,"minecraft:blue_terracotta":4954,"minecraft:polished_basalt":287,"minecraft:green_terracotta":11,"minecraft:jungle_planks":18,"minecraft:furnace_minecart":3,"minecraft:beehive":43,"minecraft:music_disc_13":1,"minecraft:crimson_button":33,"minecraft:bricks":53,"minecraft:spruce_wood":49,"minecraft:lantern":603,"minecraft:warped_nylium":60,"minecraft:light_blue_bed":9,"minecraft:mossy_cobblestone_slab":107,"minecraft:red_nether_brick_wall":17,"minecraft:written_book":1841,"minecraft:jungle_button":30,"minecraft:blue_shulker_box":506,"minecraft:end_rod":254,"minecraft:stripped_acacia_log":15,"minecraft:gray_carpet":4431,"minecraft:stone_pickaxe":81,"minecraft:sandstone":89,"minecraft:diamond_axe":32316,"minecraft:sugar_cane":1959,"minecraft:light_blue_concrete":9223,"minecraft:lime_stained_glass_pane":262,"minecraft:light_blue_wool":1337,"minecraft:yellow_concrete":5224,"minecraft:end_stone":494,"minecraft:black_terracotta":581,"minecraft:daylight_detector":2,"minecraft:dark_oak_log":1356,"minecraft:iron_door":107,"minecraft:light_blue_concrete_powder":10397,"minecraft:pufferfish_bucket":39,"minecraft:smooth_stone_slab":3859,"minecraft:coarse_dirt":601,"minecraft:bone_meal":6285,"minecraft:rose_bush":4,"minecraft:crimson_fence":81,"minecraft:flint_and_steel":342,"minecraft:redstone":19432,"minecraft:ender_chest":830,"minecraft:dirt":27823,"minecraft:prismarine_bricks":7,"minecraft:spruce_fence":210,"minecraft:brown_terracotta":567,"minecraft:oak_stairs":153,"minecraft:crimson_slab":329,"minecraft:yellow_concrete_powder":5574,"minecraft:black_stained_glass":501,"minecraft:lime_stained_glass":5438,"minecraft:cyan_concrete_powder":2300,"minecraft:mossy_stone_brick_wall":22,"minecraft:cobblestone_stairs":586,"minecraft:brown_mushroom":37,"minecraft:spruce_sign":68,"minecraft:warped_roots":9,"minecraft:red_mushroom":1,"minecraft:magenta_carpet":1295,"minecraft:warped_planks":266,"minecraft:black_wool":301,"minecraft:lapis_ore":22,"minecraft:stone_slab":6902,"minecraft:yellow_wool":2310,"minecraft:stone_axe":96,"minecraft:pink_shulker_box":148,"minecraft:gray_wool":1003,"minecraft:chest":3113,"minecraft:white_shulker_box":919,"minecraft:blue_stained_glass":72,"minecraft:jungle_slab":406,"minecraft:acacia_button":2,"minecraft:stripped_spruce_log":96,"minecraft:honey_block":1034,"minecraft:black_stained_glass_pane":77,"minecraft:birch_sapling":59,"minecraft:orange_shulker_box":213,"minecraft:polished_andesite_stairs":1076,"minecraft:wet_sponge":32,"minecraft:dark_oak_button":5,"minecraft:pink_wool":1567,"minecraft:stone_brick_stairs":979,"minecraft:blue_banner":6,"minecraft:snow":1211,"minecraft:sweet_berries":12,"minecraft:furnace":456,"minecraft:dragon_head":3,"minecraft:emerald_ore":3,"minecraft:spruce_door":10,"minecraft:acacia_trapdoor":268,"minecraft:powered_rail":2541,"minecraft:blackstone_stairs":102,"minecraft:purpur_pillar":315,"minecraft:cookie":5,"minecraft:dark_oak_trapdoor":77,"minecraft:pumpkin_seeds":10,"minecraft:chiseled_sandstone":2,"minecraft:crying_obsidian":1011,"minecraft:lectern":24,"minecraft:polished_andesite_slab":1179,"minecraft:magenta_stained_glass_pane":11,"minecraft:wooden_sword":32,"minecraft:dark_oak_fence":219,"minecraft:white_stained_glass":248,"minecraft:green_concrete_powder":10488,"minecraft:pink_stained_glass":2,"minecraft:ice":1065,"minecraft:gray_stained_glass":52,"minecraft:iron_bars":1838,"minecraft:red_concrete":12121,"minecraft:stripped_warped_stem":36,"minecraft:sandstone_wall":163,"minecraft:netherrack":24113,"minecraft:light_gray_shulker_box":20,"minecraft:dragon_egg":1,"minecraft:anvil":325,"minecraft:target":78,"minecraft:crimson_hyphae":161,"minecraft:polished_granite_slab":3,"minecraft:slime_block":985,"minecraft:smooth_quartz":2246,"minecraft:tripwire_hook":66,"minecraft:glowstone":1056,"minecraft:iron_trapdoor":3708,"minecraft:crimson_pressure_plate":24,"minecraft:observer":1414,"minecraft:sandstone_stairs":7,"minecraft:yellow_shulker_box":124,"minecraft:cartography_table":76,"minecraft:smooth_sandstone_slab":121,"minecraft:fletching_table":13,"minecraft:pink_concrete":118,"minecraft:orange_carpet":1148,"minecraft:vine":245,"minecraft:oak_slab":1169,"minecraft:cod":11,"minecraft:dark_prismarine":1,"minecraft:stripped_jungle_log":4,"minecraft:purpur_slab":939,"minecraft:crimson_nylium":230,"minecraft:red_concrete_powder":11452,"minecraft:sandstone_slab":4,"minecraft:glass_pane":35,"minecraft:kelp":1201,"minecraft:brown_mushroom_block":1,"minecraft:jukebox":2,"minecraft:iron_shovel":2179,"minecraft:diamond_hoe":1994,"minecraft:oak_sign":587,"minecraft:bell":25,"minecraft:cyan_wool":220,"minecraft:milk_bucket":5,"minecraft:cyan_terracotta":868,"minecraft:gray_concrete_powder":7782,"minecraft:repeater":3166,"minecraft:warped_fungus":18,"minecraft:hay_block":81,"minecraft:dark_oak_stairs":226,"minecraft:birch_leaves":20,"minecraft:dark_oak_sign":121,"minecraft:ender_pearl":503,"minecraft:redstone_block":765,"minecraft:end_stone_brick_slab":103,"minecraft:loom":70,"minecraft:black_banner":5,"minecraft:note_block":289,"minecraft:stone_brick_wall":97,"minecraft:redstone_torch":2796,"minecraft:gray_shulker_box":51,"minecraft:melon_slice":2,"minecraft:birch_fence_gate":6,"minecraft:light_gray_concrete":1711,"minecraft:heavy_weighted_pressure_plate":14,"minecraft:cyan_bed":27,"minecraft:brown_stained_glass":289,"minecraft:string":423,"minecraft:jungle_sign":90,"minecraft:white_concrete":2135,"minecraft:tropical_fish_bucket":5,"minecraft:cobweb":112,"minecraft:oak_fence":150,"minecraft:purpur_block":33,"minecraft:redstone_ore":1378,"minecraft:light_blue_terracotta":2433,"minecraft:spruce_planks":1430,"minecraft:oak_door":50,"minecraft:end_stone_brick_wall":11,"minecraft:white_carpet":6773,"minecraft:pink_carpet":9,"minecraft:light_blue_stained_glass":847,"minecraft:andesite_wall":278,"minecraft:stone_brick_slab":1438,"minecraft:bookshelf":529,"minecraft:yellow_stained_glass":520,"minecraft:acacia_slab":101,"minecraft:polished_blackstone_brick_stairs":360,"minecraft:light_gray_wool":294,"minecraft:golden_carrot":332,"minecraft:emerald_block":24,"minecraft:white_stained_glass_pane":87,"minecraft:horn_coral_block":2,"minecraft:cooked_mutton":169,"minecraft:iron_ore":28,"minecraft:glass_bottle":2894,"minecraft:pink_banner":4,"minecraft:andesite_slab":457,"minecraft:beacon":64,"minecraft:stonecutter":63,"minecraft:polished_blackstone_pressure_plate":53,"minecraft:terracotta":94,"minecraft:stripped_dark_oak_log":303,"minecraft:painting":145,"minecraft:smoker":2,"minecraft:dark_oak_door":8,"minecraft:acacia_stairs":92,"minecraft:activator_rail":9,"minecraft:apple":1,"minecraft:cracked_polished_blackstone_bricks":1409,"minecraft:cracked_nether_bricks":409,"minecraft:green_shulker_box":80,"minecraft:fishing_rod":586,"minecraft:white_banner":30,"minecraft:jungle_door":8,"minecraft:bucket":5319,"minecraft:purple_carpet":528,"minecraft:smooth_stone":161,"minecraft:writable_book":199,"minecraft:polished_granite_stairs":1,"minecraft:smooth_quartz_slab":862,"minecraft:dispenser":536,"minecraft:poppy":11,"minecraft:red_nether_brick_stairs":450,"minecraft:soul_sand":5953,"minecraft:cocoa_beans":289,"minecraft:snowball":269,"minecraft:weeping_vines":152,"minecraft:spruce_boat":12,"minecraft:lava_bucket":783,"minecraft:jungle_fence_gate":870,"minecraft:dark_oak_slab":958,"minecraft:diorite_wall":231,"minecraft:bow":5490,"minecraft:yellow_glazed_terracotta":1,"minecraft:oak_sapling":2,"minecraft:cooked_cod":799,"minecraft:mossy_stone_bricks":399,"minecraft:chorus_fruit":2,"minecraft:prismarine":7,"minecraft:cactus":197,"minecraft:wooden_pickaxe":18,"minecraft:mossy_stone_brick_stairs":12,"minecraft:black_glazed_terracotta":15,"minecraft:clay":54,"minecraft:blast_furnace":82,"minecraft:chiseled_quartz_block":114,"minecraft:nether_wart_block":7553,"minecraft:birch_log":94,"minecraft:oak_boat":59,"minecraft:compass":462,"minecraft:diorite_stairs":61,"minecraft:orange_concrete":4395,"minecraft:dead_bush":8,"minecraft:carved_pumpkin":68,"minecraft:polished_blackstone_wall":310,"minecraft:torch":14839,"minecraft:golden_shovel":46,"minecraft:fern":6,"minecraft:mossy_cobblestone_stairs":11,"minecraft:chipped_anvil":76,"minecraft:barrel":696,"minecraft:warped_stairs":39,"minecraft:cauldron":42,"minecraft:gold_ore":139,"minecraft:diamond_block":72,"minecraft:crimson_trapdoor":334,"minecraft:white_bed":178,"minecraft:mushroom_stem":10,"minecraft:diamond_pickaxe":855373,"minecraft:diamond_shovel":246638,"minecraft:acacia_sign":2,"minecraft:spruce_trapdoor":1019,"minecraft:magenta_concrete_powder":3882,"minecraft:potion":23,"minecraft:purple_bed":4,"minecraft:cooked_porkchop":4525,"minecraft:andesite_stairs":169,"minecraft:stripped_oak_log":27,"minecraft:red_sand":14,"minecraft:light_gray_stained_glass_pane":50,"minecraft:melon":2,"minecraft:bone_block":563,"minecraft:nether_wart":3430,"minecraft:stripped_crimson_stem":30,"minecraft:spruce_leaves":2123,"minecraft:soul_campfire":6,"minecraft:orange_glazed_terracotta":1,"minecraft:obsidian":2186,"minecraft:green_wool":1319,"minecraft:polished_blackstone_brick_wall":363,"minecraft:item_frame":1032,"minecraft:birch_button":6,"minecraft:birch_trapdoor":148,"minecraft:gold_block":163,"minecraft:pink_concrete_powder":657,"minecraft:dark_oak_sapling":2,"minecraft:dropper":1217,"minecraft:wither_skeleton_skull":280,"minecraft:jungle_fence":65,"minecraft:oak_planks":468,"minecraft:white_wool":540,"minecraft:crossbow":317,"minecraft:lingering_potion":1,"minecraft:sticky_piston":1037,"minecraft:lever":730,"minecraft:bread":188,"minecraft:brown_wool":539,"minecraft:warped_slab":124,"minecraft:chain":716,"minecraft:mossy_cobblestone_wall":48,"minecraft:orange_concrete_powder":4467,"minecraft:netherite_sword":5275,"minecraft:brown_shulker_box":281,"minecraft:cooked_chicken":1098,"minecraft:red_nether_brick_slab":2080,"minecraft:iron_hoe":588,"minecraft:light_gray_stained_glass":137,"minecraft:smooth_sandstone":93,"minecraft:soul_soil":74,"minecraft:dark_oak_pressure_plate":2,"minecraft:minecart":429,"minecraft:netherite_pickaxe":42074,"minecraft:cooked_beef":703,"minecraft:turtle_egg":8,"minecraft:pumpkin":490,"minecraft:enchanted_golden_apple":1,"minecraft:light_gray_bed":1,"minecraft:quartz_bricks":95,"minecraft:lodestone":122,"minecraft:snow_block":670,"minecraft:red_nether_bricks":487,"minecraft:green_bed":1,"minecraft:music_disc_cat":1,"minecraft:magenta_bed":1,"minecraft:cyan_stained_glass":388,"minecraft:gray_terracotta":486,"minecraft:piston":901,"minecraft:flower_pot":42,"minecraft:detector_rail":19,"minecraft:jungle_stairs":22,"minecraft:magenta_concrete":1492,"minecraft:crimson_fungus":4,"minecraft:end_crystal":137,"minecraft:lapis_block":6,"minecraft:pumpkin_pie":23,"minecraft:wither_rose":258,"minecraft:sea_pickle":64,"minecraft:peony":4,"minecraft:nether_brick_fence":66,"minecraft:spruce_slab":1165,"minecraft:polished_blackstone":3874,"minecraft:ladder":658,"minecraft:brown_concrete":199,"minecraft:orange_wool":657,"minecraft:grass_block":3347,"minecraft:music_disc_chirp":1,"minecraft:dark_oak_boat":9,"minecraft:egg":360,"minecraft:potato":36,"minecraft:brown_concrete_powder":578,"minecraft:magenta_shulker_box":10,"minecraft:light_blue_carpet":4953,"minecraft:diorite":1264,"minecraft:end_stone_bricks":363,"minecraft:brick_wall":104,"minecraft:stripped_birch_log":4,"minecraft:red_stained_glass":14,"minecraft:lime_concrete_powder":5669,"minecraft:jungle_pressure_plate":2,"minecraft:smooth_quartz_stairs":559,"minecraft:oak_leaves":3195,"minecraft:respawn_anchor":71,"minecraft:purpur_stairs":296,"minecraft:sand":1772,"minecraft:smooth_red_sandstone":477,"minecraft:blue_ice":115,"minecraft:black_concrete_powder":14658,"minecraft:cyan_carpet":190,"minecraft:stone_button":552,"minecraft:red_terracotta":501,"minecraft:polished_granite":75,"minecraft:diamond_ore":80,"minecraft:soul_lantern":352,"minecraft:fire_charge":15,"minecraft:stone_sword":15,"minecraft:acacia_log":151,"minecraft:mycelium":524,"minecraft:warped_wart_block":777,"minecraft:ancient_debris":38,"minecraft:twisting_vines":116,"minecraft:stone_stairs":208,"minecraft:nether_brick_slab":2484,"minecraft:jungle_trapdoor":355,"minecraft:blue_concrete":1486,"minecraft:nether_brick_stairs":1105,"minecraft:polished_diorite":26,"minecraft:shroomlight":385,"minecraft:red_shulker_box":1042,"minecraft:cyan_shulker_box":4,"minecraft:iron_axe":1496,"minecraft:spruce_button":89,"minecraft:warped_fence":49,"minecraft:totem_of_undying":43,"minecraft:pink_stained_glass_pane":289,"minecraft:purple_concrete":1198,"minecraft:magenta_wool":400,"minecraft:orange_terracotta":57,"minecraft:crimson_stem":1344,"minecraft:water_bucket":4015,"minecraft:nether_brick_wall":488,"minecraft:prismarine_brick_slab":104,"minecraft:lime_wool":2000,"minecraft:red_mushroom_block":228,"minecraft:cracked_stone_bricks":566,"minecraft:polished_blackstone_bricks":5100,"minecraft:gilded_blackstone":31,"minecraft:mossy_cobblestone":153,"minecraft:lime_terracotta":164,"minecraft:comparator":1586,"minecraft:tnt":2485,"minecraft:crafting_table":390,"minecraft:birch_sign":311,"minecraft:dark_oak_fence_gate":56,"minecraft:lime_shulker_box":35,"minecraft:cake":10,"minecraft:oak_log":1827,"minecraft:cornflower":9,"minecraft:iron_pickaxe":779,"minecraft:cyan_concrete":64,"minecraft:crimson_sign":315,"minecraft:chiseled_stone_bricks":884,"minecraft:cobblestone":14682,"minecraft:acacia_pressure_plate":2,"minecraft:light_blue_stained_glass_pane":26,"minecraft:white_concrete_powder":8357,"minecraft:shield":16,"minecraft:white_terracotta":167,"minecraft:iron_sword":830,"minecraft:purple_shulker_box":170,"minecraft:player_head":335,"minecraft:smooth_sandstone_stairs":3,"minecraft:nether_bricks":4948,"minecraft:carrot":925,"minecraft:music_disc_11":1,"minecraft:glass":11855,"minecraft:coal_ore":881,"minecraft:quartz_slab":1043,"minecraft:dark_oak_wood":13,"minecraft:hopper_minecart":230,"minecraft:stone_bricks":17768,"minecraft:red_carpet":4741,"minecraft:redstone_lamp":225,"minecraft:honeycomb_block":176,"minecraft:magma_block":240,"minecraft:brown_carpet":89,"minecraft:scaffolding":21009,"minecraft:gray_bed":8,"minecraft:polished_blackstone_stairs":1531,"minecraft:chiseled_polished_blackstone":905,"minecraft:light_gray_terracotta":92,"minecraft:sponge":32,"minecraft:blackstone_wall":647,"minecraft:black_bed":5,"minecraft:shears":14563,"minecraft:green_concrete":1054,"minecraft:black_concrete":8513,"minecraft:firework_rocket":951,"minecraft:lime_carpet":1483,"minecraft:music_disc_mall":1,"minecraft:gravel":950,"minecraft:blackstone_slab":1576,"minecraft:granite_slab":1,"minecraft:smooth_red_sandstone_slab":1,"minecraft:stripped_oak_wood":1,"minecraft:grindstone":16,"minecraft:crimson_door":3,"minecraft:andesite":1409,"minecraft:warped_button":2,"minecraft:trident":118,"minecraft:jungle_leaves":204,"minecraft:hopper":4513,"minecraft:spruce_stairs":374,"minecraft:cobblestone_wall":1220,"minecraft:shulker_box":4364,"minecraft:granite":450,"minecraft:birch_door":2,"minecraft:ravager_spawn_egg":4,"minecraft:dark_oak_planks":1102,"minecraft:crimson_planks":280,"minecraft:stone_pressure_plate":583,"minecraft:brown_bed":3,"minecraft:acacia_boat":7,"minecraft:pink_tulip":4,"minecraft:polished_andesite":1043,"minecraft:blue_wool":683,"minecraft:black_shulker_box":659,"minecraft:magenta_stained_glass":9,"minecraft:chiseled_nether_bricks":419,"minecraft:cobblestone_slab":2643,"minecraft:lime_bed":9,"minecraft:yellow_stained_glass_pane":2,"minecraft:light_gray_concrete_powder":4447,"minecraft:smooth_red_sandstone_stairs":37,"minecraft:nether_gold_ore":58,"minecraft:purple_stained_glass":1798,"minecraft:red_banner":19,"minecraft:polished_blackstone_button":5,"minecraft:splash_potion":63,"minecraft:soul_torch":287},"minecraft:mined":{"minecraft:dragon_wall_head":30,"minecraft:red_shulker_box":1025,"minecraft:white_bed":116,"minecraft:pink_bed":2,"minecraft:light_blue_carpet":460,"minecraft:acacia_log":10,"minecraft:oak_pressure_plate":4,"minecraft:green_concrete":898,"minecraft:oak_wall_sign":148,"minecraft:nether_wart":2720,"minecraft:spawner":1,"minecraft:fire":200,"minecraft:twisting_vines":175,"minecraft:spruce_pressure_plate":2,"minecraft:green_carpet":79,"minecraft:pink_tulip":22,"minecraft:white_shulker_box":899,"minecraft:white_banner":13,"minecraft:sandstone_slab":4,"minecraft:blue_wall_banner":3,"minecraft:cut_sandstone":4,"minecraft:magenta_carpet":92,"minecraft:blue_concrete_powder":1,"minecraft:kelp_plant":308,"minecraft:smoker":1,"minecraft:torch":2822,"minecraft:dark_oak_wood":8,"minecraft:melon":5,"minecraft:dead_bush":159,"minecraft:nether_brick_slab":1294,"minecraft:sugar_cane":14650,"minecraft:bricks":30,"minecraft:chain":252,"minecraft:repeater":1077,"minecraft:wither_rose":100,"minecraft:grass":1351,"minecraft:infested_mossy_stone_bricks":2,"minecraft:brown_concrete":32,"minecraft:mossy_cobblestone":151,"minecraft:orange_concrete_powder":6,"minecraft:dark_oak_log":976,"minecraft:crimson_fence_gate":54,"minecraft:birch_fence_gate":5,"minecraft:dark_oak_fence":117,"minecraft:spruce_fence":95,"minecraft:red_mushroom":19,"minecraft:white_concrete_powder":68,"minecraft:magenta_stained_glass_pane":13,"minecraft:redstone_ore":1978,"minecraft:green_terracotta":11,"minecraft:cyan_concrete":248,"minecraft:vine":1957,"minecraft:respawn_anchor":15,"minecraft:potted_allium":5,"minecraft:oak_slab":242,"minecraft:chiseled_nether_bricks":152,"minecraft:soul_sand":2986,"minecraft:lily_of_the_valley":4,"minecraft:potted_lily_of_the_valley":1,"minecraft:cornflower":33,"minecraft:warped_roots":40,"minecraft:crimson_slab":93,"minecraft:campfire":50,"minecraft:tall_grass":192,"minecraft:diorite":35978,"minecraft:orange_carpet":178,"minecraft:warped_wart_block":794,"minecraft:black_stained_glass":95,"minecraft:light_blue_bed":8,"minecraft:cobblestone_wall":506,"minecraft:red_sandstone_wall":1,"minecraft:gravel":53381,"minecraft:cobweb":262,"minecraft:brown_terracotta":446,"minecraft:oak_button":14,"minecraft:stone_bricks":9600,"minecraft:chipped_anvil":77,"minecraft:fern":24,"minecraft:oak_sapling":3,"minecraft:warped_fence_gate":1,"minecraft:andesite_stairs":40,"minecraft:orange_stained_glass":161,"minecraft:spruce_trapdoor":849,"minecraft:polished_blackstone_brick_slab":1622,"minecraft:turtle_egg":15,"minecraft:green_stained_glass":22,"minecraft:brown_shulker_box":284,"minecraft:gray_terracotta":39,"minecraft:quartz_block":274,"minecraft:orange_terracotta":3890,"minecraft:end_stone_brick_slab":4,"minecraft:mossy_cobblestone_wall":11,"minecraft:beacon":83,"minecraft:nether_quartz_ore":2633,"minecraft:wither_skeleton_wall_skull":23,"minecraft:oak_planks":768,"minecraft:wall_torch":888,"minecraft:light_weighted_pressure_plate":3,"minecraft:light_blue_terracotta":186,"minecraft:blue_terracotta":176,"minecraft:powered_rail":984,"minecraft:dark_oak_slab":265,"minecraft:mossy_stone_brick_wall":1,"minecraft:blue_ice":30,"minecraft:tnt":69,"minecraft:smooth_stone_slab":905,"minecraft:dispenser":167,"minecraft:daylight_detector":2,"minecraft:crying_obsidian":168,"minecraft:pink_carpet":1,"minecraft:lever":235,"minecraft:ladder":146,"minecraft:birch_slab":1,"minecraft:spruce_leaves":5167,"minecraft:hay_block":128,"minecraft:polished_basalt":244,"minecraft:nether_sprouts":13,"minecraft:detector_rail":12,"minecraft:gold_block":122,"minecraft:nether_brick_fence":34,"minecraft:stripped_oak_log":62,"minecraft:acacia_leaves":6,"minecraft:snow_block":301,"minecraft:stripped_dark_oak_log":357,"minecraft:basalt":3378,"minecraft:polished_granite":56,"minecraft:gray_stained_glass":47,"minecraft:stone_slab":1772,"minecraft:quartz_bricks":26,"minecraft:polished_blackstone_brick_stairs":191,"minecraft:prismarine_bricks":61,"minecraft:dead_fire_coral_block":1,"minecraft:birch_planks":7,"minecraft:sea_pickle":19,"minecraft:polished_blackstone_slab":1059,"minecraft:bee_nest":1,"minecraft:grass_path":42,"minecraft:black_wool":41,"minecraft:cocoa":149,"minecraft:cyan_carpet":3,"minecraft:cracked_stone_bricks":169,"minecraft:dark_oak_planks":190,"minecraft:polished_granite_slab":3,"minecraft:stripped_warped_stem":58,"minecraft:black_terracotta":45,"minecraft:carved_pumpkin":417,"minecraft:red_sand":328,"minecraft:chiseled_polished_blackstone":374,"minecraft:smooth_red_sandstone_stairs":22,"minecraft:stone_brick_wall":63,"minecraft:yellow_carpet":178,"minecraft:jungle_log":5273,"minecraft:lime_stained_glass":494,"minecraft:hopper":1101,"minecraft:chiseled_stone_bricks":266,"minecraft:weeping_vines_plant":238,"minecraft:brown_stained_glass":33,"minecraft:sticky_piston":488,"minecraft:enchanting_table":2,"minecraft:lime_stained_glass_pane":111,"minecraft:oak_sign":42,"minecraft:quartz_slab":405,"minecraft:smooth_sandstone_stairs":2,"minecraft:iron_block":13763,"minecraft:blue_orchid":1,"minecraft:brown_mushroom":92,"minecraft:red_bed":74,"minecraft:soul_fire":134,"minecraft:blue_stained_glass":39,"minecraft:blast_furnace":45,"minecraft:cyan_bed":24,"minecraft:damaged_anvil":48,"minecraft:crimson_stairs":7,"minecraft:spruce_sign":17,"minecraft:cyan_wool":63,"minecraft:black_concrete_powder":154,"minecraft:light_gray_stained_glass":83,"minecraft:wheat":1734,"minecraft:warped_fungus":55,"minecraft:black_bed":1,"minecraft:stone_brick_stairs":590,"minecraft:red_mushroom_block":496,"minecraft:stonecutter":86,"minecraft:light_gray_stained_glass_pane":6,"minecraft:jungle_planks":12,"minecraft:crimson_roots":132,"minecraft:yellow_concrete_powder":48,"minecraft:lime_wool":917,"minecraft:crimson_button":10,"minecraft:polished_blackstone_button":2,"minecraft:red_sandstone":3,"minecraft:acacia_wood":2,"minecraft:potatoes":17,"minecraft:warped_stem":183,"minecraft:smooth_quartz_stairs":278,"minecraft:warped_trapdoor":18,"minecraft:bamboo":232,"minecraft:white_wool":182,"minecraft:smithing_table":282,"minecraft:light_gray_carpet":168,"minecraft:comparator":495,"minecraft:pink_concrete_powder":2,"minecraft:stone_brick_slab":503,"minecraft:observer":480,"minecraft:jungle_sign":12,"minecraft:smooth_sandstone":54,"minecraft:light_gray_concrete_powder":26,"minecraft:emerald_ore":5,"minecraft:sponge":33,"minecraft:purple_bed":2,"minecraft:purple_stained_glass":299,"minecraft:white_carpet":401,"minecraft:spruce_log":1765,"minecraft:birch_leaves":596,"minecraft:jungle_fence":48,"minecraft:quartz_pillar":126,"minecraft:red_wall_banner":9,"minecraft:dark_oak_sign":4,"minecraft:light_gray_banner":2,"minecraft:spruce_planks":439,"minecraft:jungle_slab":80,"minecraft:grass_block":26696,"minecraft:soul_soil":211,"minecraft:sandstone_stairs":29,"minecraft:smooth_stone":86,"minecraft:iron_ore":5890,"minecraft:black_carpet":565,"minecraft:anvil":114,"minecraft:purple_carpet":69,"minecraft:birch_wall_sign":84,"minecraft:blackstone":13170,"minecraft:twisting_vines_plant":66,"minecraft:clay":392,"minecraft:potted_warped_roots":1,"minecraft:chest":1681,"minecraft:mushroom_stem":306,"minecraft:honeycomb_block":48,"minecraft:slime_block":349,"minecraft:grindstone":8,"minecraft:prismarine":41,"minecraft:iron_door":78,"minecraft:seagrass":24,"minecraft:nether_wart_block":1445,"minecraft:yellow_wool":516,"minecraft:birch_log":1139,"minecraft:activator_rail":6,"minecraft:purpur_block":397,"minecraft:sand":122510,"minecraft:infested_cracked_stone_bricks":1,"minecraft:tripwire_hook":37,"minecraft:oak_leaves":9484,"minecraft:emerald_block":11,"minecraft:nether_gold_ore":180,"minecraft:red_carpet":373,"minecraft:potted_wither_rose":1,"minecraft:blackstone_wall":138,"minecraft:oak_door":24,"minecraft:gray_shulker_box":49,"minecraft:white_stained_glass":154,"minecraft:polished_andesite_slab":223,"minecraft:large_fern":13,"minecraft:oak_trapdoor":242,"minecraft:spruce_sapling":1,"minecraft:furnace":121,"minecraft:carrots":970,"minecraft:red_concrete_powder":75,"minecraft:chiseled_sandstone":3,"minecraft:acacia_stairs":52,"minecraft:stripped_spruce_log":177,"minecraft:lantern":149,"minecraft:stripped_acacia_log":33,"minecraft:stripped_jungle_log":72,"minecraft:packed_ice":461,"minecraft:chorus_plant":258,"minecraft:stone":564134,"minecraft:white_tulip":8,"minecraft:yellow_shulker_box":123,"minecraft:red_wool":520,"minecraft:soul_torch":53,"minecraft:brick_wall":14,"minecraft:spruce_door":3,"minecraft:blackstone_slab":968,"minecraft:light_gray_wall_banner":18,"minecraft:lime_concrete_powder":212,"minecraft:andesite_slab":150,"minecraft:lectern":11,"minecraft:andesite_wall":71,"minecraft:lapis_ore":265,"minecraft:red_nether_brick_wall":15,"minecraft:green_shulker_box":61,"minecraft:polished_blackstone_stairs":467,"minecraft:redstone_torch":442,"minecraft:end_rod":454,"minecraft:crimson_hyphae":27,"minecraft:birch_fence":69,"minecraft:red_nether_brick_slab":916,"minecraft:blue_carpet":55,"minecraft:blackstone_stairs":21,"minecraft:cyan_shulker_box":2,"minecraft:red_nether_bricks":263,"minecraft:granite":30888,"minecraft:brown_wool":127,"minecraft:blue_wool":182,"minecraft:polished_blackstone_bricks":3095,"minecraft:magma_block":324,"minecraft:mossy_cobblestone_stairs":3,"minecraft:dark_oak_trapdoor":23,"minecraft:barrel":291,"minecraft:granite_slab":1,"minecraft:fletching_table":12,"minecraft:nether_brick_stairs":329,"minecraft:light_gray_concrete":966,"minecraft:spruce_wood":58,"minecraft:player_head":99,"minecraft:tripwire":238,"minecraft:jungle_trapdoor":46,"minecraft:jungle_button":5,"minecraft:crimson_nylium":612,"minecraft:note_block":115,"minecraft:white_stained_glass_pane":61,"minecraft:spruce_wall_sign":13,"minecraft:smooth_quartz_slab":395,"minecraft:lime_shulker_box":24,"minecraft:birch_sapling":2,"minecraft:white_terracotta":1020,"minecraft:birch_button":2,"minecraft:smooth_quartz":642,"minecraft:sandstone_wall":25,"minecraft:stripped_crimson_stem":39,"minecraft:dark_prismarine":17,"minecraft:light_blue_wool":191,"minecraft:nether_brick_wall":247,"minecraft:cyan_stained_glass":7,"minecraft:sea_lantern":221,"minecraft:end_stone":1839,"minecraft:redstone_wire":4157,"minecraft:potted_bamboo":4,"minecraft:cartography_table":22,"minecraft:horn_coral":1,"minecraft:acacia_trapdoor":76,"minecraft:light_blue_concrete_powder":31,"minecraft:pink_concrete":98,"minecraft:andesite":35751,"minecraft:mossy_stone_brick_stairs":5,"minecraft:cobblestone_slab":749,"minecraft:rail":4375,"minecraft:bone_block":230,"minecraft:green_wool":428,"minecraft:ender_chest":798,"minecraft:redstone_block":582,"minecraft:glass_pane":9,"minecraft:polished_blackstone_brick_wall":100,"minecraft:dandelion":44,"minecraft:purpur_pillar":213,"minecraft:purple_wool":169,"minecraft:red_terracotta":8855,"minecraft:coarse_dirt":316,"minecraft:stripped_spruce_wood":1,"minecraft:dark_oak_wall_sign":82,"minecraft:purple_concrete":1045,"minecraft:birch_sign":62,"minecraft:polished_blackstone":1647,"minecraft:gold_ore":765,"minecraft:iron_trapdoor":609,"minecraft:stone_pressure_plate":166,"minecraft:farmland":59,"minecraft:end_stone_brick_wall":11,"minecraft:orange_wool":170,"minecraft:brewing_stand":62,"minecraft:cracked_polished_blackstone_bricks":1586,"minecraft:white_concrete":858,"minecraft:polished_diorite":12,"minecraft:composter":8,"minecraft:polished_blackstone_pressure_plate":43,"minecraft:gilded_blackstone":22,"minecraft:mossy_cobblestone_slab":19,"minecraft:brown_bed":2,"minecraft:red_tulip":5,"minecraft:iron_bars":567,"minecraft:spruce_slab":261,"minecraft:jungle_door":7,"minecraft:polished_blackstone_wall":148,"minecraft:purpur_stairs":168,"minecraft:light_gray_terracotta":978,"minecraft:jungle_stairs":12,"minecraft:cauldron":13,"minecraft:stone_stairs":79,"minecraft:warped_nylium":138,"minecraft:warped_planks":59,"minecraft:oak_log":5106,"minecraft:beetroots":1,"minecraft:lime_terracotta":12,"minecraft:dirt":36512,"minecraft:ancient_debris":130,"minecraft:quartz_stairs":118,"minecraft:dark_oak_leaves":148,"minecraft:red_stained_glass":9,"minecraft:stone_button":269,"minecraft:brown_mushroom_block":2116,"minecraft:soul_campfire":5,"minecraft:acacia_slab":10,"minecraft:cracked_nether_bricks":143,"minecraft:crimson_stem":569,"minecraft:heavy_weighted_pressure_plate":7,"minecraft:light_gray_shulker_box":18,"minecraft:peony":1,"minecraft:bookshelf":187,"minecraft:shroomlight":191,"minecraft:wet_sponge":92,"minecraft:jungle_fence_gate":6,"minecraft:orange_glazed_terracotta":2,"minecraft:scaffolding":10582,"minecraft:magenta_stained_glass":10,"minecraft:warped_fence":1,"minecraft:oak_fence":431,"minecraft:honey_block":238,"minecraft:lime_carpet":316,"minecraft:crimson_pressure_plate":3,"minecraft:red_concrete":3416,"minecraft:ice":3254,"minecraft:black_wall_banner":5,"minecraft:white_wall_banner":5,"minecraft:flower_pot":2,"minecraft:yellow_concrete":2327,"minecraft:purple_shulker_box":169,"minecraft:mossy_stone_bricks":131,"minecraft:crimson_fence":18,"minecraft:jungle_wall_sign":23,"minecraft:light_blue_concrete":4792,"minecraft:jungle_leaves":1242,"minecraft:potted_crimson_fungus":1,"minecraft:warped_stairs":39,"minecraft:obsidian":1052,"minecraft:crimson_trapdoor":84,"minecraft:coal_block":506,"minecraft:purpur_slab":330,"minecraft:diorite_stairs":33,"minecraft:crimson_fungus":40,"minecraft:acacia_pressure_plate":1,"minecraft:oxeye_daisy":1,"minecraft:potted_fern":1,"minecraft:light_blue_stained_glass":104,"minecraft:potted_warped_fungus":1,"minecraft:orange_concrete":2860,"minecraft:tall_seagrass":18,"minecraft:pumpkin":71,"minecraft:stripped_dark_oak_wood":6,"minecraft:smooth_red_sandstone":139,"minecraft:oak_stairs":56,"minecraft:crimson_sign":13,"minecraft:piston_head":22,"minecraft:soul_wall_torch":70,"minecraft:player_wall_head":71,"minecraft:polished_andesite_stairs":386,"minecraft:green_concrete_powder":613,"minecraft:glass":2773,"minecraft:smooth_sandstone_slab":22,"minecraft:lime_concrete":3748,"minecraft:oak_fence_gate":46,"minecraft:loom":31,"minecraft:purple_concrete_powder":4,"minecraft:blue_shulker_box":483,"minecraft:yellow_stained_glass":253,"minecraft:piston":156,"minecraft:yellow_terracotta":250,"minecraft:light_blue_stained_glass_pane":4,"minecraft:pink_shulker_box":145,"minecraft:stripped_birch_log":7,"minecraft:jack_o_lantern":14,"minecraft:shulker_box":4694,"minecraft:nether_bricks":1750,"minecraft:orange_shulker_box":210,"minecraft:magenta_concrete":1338,"minecraft:kelp":186,"minecraft:pink_wool":259,"minecraft:black_stained_glass_pane":26,"minecraft:snow":7786,"minecraft:diamond_block":59,"minecraft:warped_wall_sign":3,"minecraft:magenta_concrete_powder":24,"minecraft:bamboo_sapling":5,"minecraft:gray_concrete":2324,"minecraft:brown_carpet":11,"minecraft:spruce_button":20,"minecraft:cyan_concrete_powder":13,"minecraft:dropper":456,"minecraft:prismarine_brick_slab":41,"minecraft:mycelium":1828,"minecraft:pink_stained_glass_pane":48,"minecraft:acacia_planks":55,"minecraft:spruce_fence_gate":7,"minecraft:black_shulker_box":494,"minecraft:cobblestone_stairs":275,"minecraft:potted_cactus":1,"minecraft:blue_concrete":1524,"minecraft:potted_birch_sapling":2,"minecraft:glowstone":441,"minecraft:red_nether_brick_stairs":223,"minecraft:target":23,"minecraft:azure_bluet":11,"minecraft:dark_oak_stairs":63,"minecraft:warped_button":1,"minecraft:end_stone_bricks":276,"minecraft:polished_granite_stairs":3,"minecraft:cyan_terracotta":181,"minecraft:soul_lantern":93,"minecraft:chiseled_quartz_block":46,"minecraft:poppy":51,"minecraft:cobblestone":3278,"minecraft:magenta_shulker_box":9,"minecraft:brown_concrete_powder":4,"minecraft:lapis_block":5,"minecraft:birch_trapdoor":8,"minecraft:light_gray_wool":36,"minecraft:stripped_oak_wood":2,"minecraft:yellow_stained_glass_pane":2,"minecraft:diorite_wall":67,"minecraft:acacia_fence":2,"minecraft:crimson_planks":34,"minecraft:wither_skeleton_skull":7,"minecraft:netherrack":40820,"minecraft:magenta_wool":65,"minecraft:redstone_lamp":127,"minecraft:diamond_ore":233,"minecraft:dark_oak_pressure_plate":1,"minecraft:brick_stairs":2,"minecraft:weeping_vines":263,"minecraft:sandstone":620,"minecraft:diorite_slab":135,"minecraft:black_glazed_terracotta":7,"minecraft:dark_oak_fence_gate":18,"minecraft:black_concrete":2622,"minecraft:bell":27,"minecraft:redstone_wall_torch":502,"minecraft:podzol":115,"minecraft:light_blue_shulker_box":379,"minecraft:infested_stone_bricks":5,"minecraft:crafting_table":281,"minecraft:rose_bush":1,"minecraft:lily_pad":1,"minecraft:spruce_stairs":149,"minecraft:gray_wool":68,"minecraft:lime_bed":9,"minecraft:cactus":72,"minecraft:gray_concrete_powder":155,"minecraft:beehive":23,"minecraft:sweet_berry_bush":39,"minecraft:gray_bed":7,"minecraft:coal_ore":10797,"minecraft:gray_carpet":506,"minecraft:lodestone":86,"minecraft:terracotta":7495,"minecraft:crimson_wall_sign":69,"minecraft:polished_andesite":508,"minecraft:acacia_wall_sign":1,"minecraft:warped_slab":75},"minecraft:crafted":{"minecraft:yellow_wool":74,"minecraft:chainmail_helmet":1,"minecraft:melon":1,"minecraft:chain":1114,"minecraft:brick_wall":48,"minecraft:diorite_stairs":80,"minecraft:diamond_shovel":10,"minecraft:nether_brick":163,"minecraft:cracked_stone_bricks":544,"minecraft:shulker_box":423,"minecraft:magenta_concrete_powder":4352,"minecraft:light_blue_concrete_powder":10880,"minecraft:tipped_arrow":472,"minecraft:cyan_banner":10,"minecraft:black_wool":105,"minecraft:gray_stained_glass":144,"minecraft:lime_concrete_powder":6704,"minecraft:pink_stained_glass":224,"minecraft:warped_stairs":64,"minecraft:blue_stained_glass":64,"minecraft:redstone_lamp":204,"minecraft:soul_campfire":5,"minecraft:polished_andesite_stairs":405,"minecraft:jungle_boat":85,"minecraft:acacia_slab":114,"minecraft:smooth_red_sandstone_stairs":32,"minecraft:green_bed":1,"minecraft:golden_pickaxe":1,"minecraft:nether_brick_fence":102,"minecraft:sticky_piston":701,"minecraft:fletching_table":2,"minecraft:red_nether_bricks":3157,"minecraft:green_stained_glass":512,"minecraft:painting":19,"minecraft:cartography_table":55,"minecraft:end_stone_brick_slab":378,"minecraft:stone_brick_stairs":768,"minecraft:stone_slab":7272,"minecraft:red_nether_brick_stairs":192,"minecraft:netherite_ingot":44,"minecraft:polished_blackstone_bricks":1356,"minecraft:dark_prismarine":1775,"minecraft:orange_shulker_box":24,"minecraft:crimson_trapdoor":270,"minecraft:soul_torch":508,"minecraft:red_banner":15,"minecraft:polished_blackstone_pressure_plate":31,"minecraft:spruce_fence":126,"minecraft:cracked_polished_blackstone_bricks":1,"minecraft:spruce_stairs":296,"minecraft:lead":46,"minecraft:crimson_slab":566,"minecraft:acacia_trapdoor":212,"minecraft:light_blue_wool":320,"minecraft:acacia_stairs":64,"minecraft:red_carpet":4941,"minecraft:orange_dye":2282,"minecraft:red_stained_glass":40,"minecraft:soul_lantern":259,"minecraft:warped_sign":3,"minecraft:black_glazed_terracotta":20,"minecraft:birch_trapdoor":334,"minecraft:writable_book":2161,"minecraft:iron_shovel":13,"minecraft:armor_stand":116,"minecraft:barrel":431,"minecraft:polished_granite_slab":254,"minecraft:leather_horse_armor":4,"minecraft:quartz_bricks":128,"minecraft:cooked_chicken":225,"minecraft:snow":132,"minecraft:cake":7,"minecraft:nether_brick_wall":142,"minecraft:purpur_pillar":160,"minecraft:chest":6246,"minecraft:netherite_helmet":1,"minecraft:oak_button":32,"minecraft:jungle_stairs":24,"minecraft:blue_concrete_powder":2432,"minecraft:stone_bricks":15715,"minecraft:respawn_anchor":203,"minecraft:golden_boots":3,"minecraft:sea_lantern":811,"minecraft:magma_block":1376,"minecraft:white_banner":28,"minecraft:cauldron":349,"minecraft:chiseled_nether_bricks":170,"minecraft:lime_terracotta":384,"minecraft:brown_dye":319,"minecraft:chiseled_polished_blackstone":193,"minecraft:acacia_button":6,"minecraft:white_stained_glass_pane":128,"minecraft:dispenser":86,"minecraft:tnt":11992,"minecraft:purple_dye":1390,"minecraft:yellow_dye":4114,"minecraft:stick":36021,"minecraft:black_bed":4,"minecraft:red_nether_brick_wall":36,"minecraft:cyan_carpet":222,"minecraft:dark_oak_fence_gate":85,"minecraft:stone_brick_wall":48,"minecraft:fishing_rod":86,"minecraft:netherite_sword":1,"minecraft:spruce_button":69,"minecraft:mossy_stone_bricks":481,"minecraft:blast_furnace":50,"minecraft:piston":3271,"minecraft:oak_trapdoor":586,"minecraft:scaffolding":2299,"minecraft:white_concrete_powder":12088,"minecraft:cobblestone_wall":1296,"minecraft:smooth_quartz_slab":356,"minecraft:blackstone_stairs":60,"minecraft:glistering_melon_slice":613,"minecraft:smooth_sandstone_stairs":4,"minecraft:light_blue_stained_glass_pane":48,"minecraft:iron_trapdoor":8493,"minecraft:iron_sword":26,"minecraft:black_banner":3,"minecraft:golden_shovel":1,"minecraft:acacia_boat":6,"minecraft:brown_concrete_powder":1536,"minecraft:black_carpet":1248,"minecraft:stonecutter":81,"minecraft:diorite_slab":336,"minecraft:torch":10059,"minecraft:magenta_carpet":1197,"minecraft:diamond_chestplate":2,"minecraft:ender_chest":75,"minecraft:jungle_button":31,"minecraft:light_gray_concrete_powder":6632,"minecraft:smooth_stone":641,"minecraft:dark_oak_pressure_plate":1,"minecraft:purple_bed":2,"minecraft:orange_carpet":1599,"minecraft:pink_bed":2,"minecraft:oak_pressure_plate":8,"minecraft:slime_block":1336,"minecraft:polished_blackstone_slab":986,"minecraft:lever":744,"minecraft:bookshelf":156,"minecraft:cooked_mutton":197,"minecraft:magenta_shulker_box":2,"minecraft:quartz_block":5989,"minecraft:glass":3933,"minecraft:light_blue_terracotta":2473,"minecraft:netherite_boots":1,"minecraft:birch_fence_gate":10,"minecraft:acacia_fence":3,"minecraft:birch_door":3,"minecraft:chiseled_quartz_block":107,"minecraft:gray_bed":1,"minecraft:glass_bottle":2661,"minecraft:target":320,"minecraft:smooth_quartz":1613,"minecraft:cooked_porkchop":22,"minecraft:diamond_axe":8,"minecraft:spruce_door":6,"minecraft:lime_bed":1,"minecraft:lime_shulker_box":13,"minecraft:compass":533,"minecraft:white_terracotta":112,"minecraft:gold_ingot":154994,"minecraft:light_gray_dye":2147,"minecraft:packed_ice":265,"minecraft:prismarine":480,"minecraft:leather_leggings":26,"minecraft:player_head":16,"minecraft:andesite_wall":162,"minecraft:white_carpet":7617,"minecraft:orange_wool":98,"minecraft:warped_trapdoor":40,"minecraft:dark_oak_fence":120,"minecraft:spruce_slab":988,"minecraft:blue_banner":6,"minecraft:diamond_boots":4,"minecraft:red_glazed_terracotta":2,"minecraft:redstone_block":975,"minecraft:dark_oak_planks":6804,"minecraft:wheat":2021,"minecraft:coal_block":3495,"minecraft:netherite_pickaxe":1,"minecraft:polished_blackstone_brick_slab":162,"minecraft:red_bed":12,"minecraft:sandstone_slab":126,"minecraft:glowstone":4505,"minecraft:jungle_slab":946,"minecraft:polished_blackstone_brick_wall":243,"minecraft:sandstone_wall":252,"minecraft:golden_apple":948,"minecraft:andesite_slab":602,"minecraft:oak_stairs":128,"minecraft:blue_carpet":300,"minecraft:pink_shulker_box":5,"minecraft:flower_banner_pattern":1,"minecraft:spruce_pressure_plate":46,"minecraft:dark_oak_door":9,"minecraft:honey_bottle":4,"minecraft:iron_boots":13,"minecraft:written_book":2125,"minecraft:blackstone_wall":396,"minecraft:smoker":2,"minecraft:spruce_planks":10643,"minecraft:light_gray_banner":71,"minecraft:hopper_minecart":234,"minecraft:crimson_pressure_plate":28,"minecraft:diamond_pickaxe":17,"minecraft:paper":178297,"minecraft:dark_oak_slab":838,"minecraft:book":1961,"minecraft:charcoal":52,"minecraft:emerald_block":241,"minecraft:birch_fence":84,"minecraft:light_weighted_pressure_plate":2,"minecraft:light_blue_dye":2728,"minecraft:leather_chestplate":23,"minecraft:snow_block":591,"minecraft:green_shulker_box":20,"minecraft:redstone_torch":7798,"minecraft:light_gray_carpet":351,"minecraft:light_gray_stained_glass_pane":48,"minecraft:crimson_hyphae":333,"minecraft:coarse_dirt":784,"minecraft:wooden_sword":9,"minecraft:cookie":160,"minecraft:redstone":32429,"minecraft:coal":4524,"minecraft:light_gray_stained_glass":184,"minecraft:dark_oak_trapdoor":62,"minecraft:jungle_trapdoor":324,"minecraft:gray_dye":2014,"minecraft:dark_oak_sign":39,"minecraft:mossy_stone_brick_wall":12,"minecraft:end_stone_bricks":320,"minecraft:yellow_shulker_box":3,"minecraft:green_concrete_powder":11784,"minecraft:iron_axe":8,"minecraft:slime_ball":2304,"minecraft:lime_dye":2066,"minecraft:filled_map":21,"minecraft:chiseled_sandstone":32,"minecraft:minecart":455,"minecraft:cooked_beef":466,"minecraft:sugar":1239,"minecraft:red_dye":7376,"minecraft:bone_block":9531,"minecraft:spruce_sign":51,"minecraft:pink_concrete_powder":2128,"minecraft:powered_rail":1876,"minecraft:activator_rail":54,"minecraft:yellow_carpet":695,"minecraft:bucket":742,"minecraft:brown_terracotta":1472,"minecraft:lodestone":52,"minecraft:air":0,"minecraft:bread":242,"minecraft:black_stained_glass":568,"minecraft:blue_dye":5551,"minecraft:oak_boat":9,"minecraft:smooth_sandstone_slab":96,"minecraft:gold_nugget":6479,"minecraft:pink_stained_glass_pane":344,"minecraft:green_wool":292,"minecraft:pumpkin_pie":194,"minecraft:end_crystal":57,"minecraft:purple_concrete_powder":3232,"minecraft:blackstone_slab":162,"minecraft:lapis_lazuli":306,"minecraft:clay":256,"minecraft:carrot_on_a_stick":2,"minecraft:firework_rocket":356622,"minecraft:lime_stained_glass":5864,"minecraft:black_dye":5943,"minecraft:oak_sign":372,"minecraft:end_stone_brick_wall":6,"minecraft:blaze_powder":1993,"minecraft:gray_wool":230,"minecraft:diamond_helmet":2,"minecraft:beacon":5,"minecraft:stone_pressure_plate":726,"minecraft:iron_door":72,"minecraft:dried_kelp_block":40,"minecraft:white_shulker_box":88,"minecraft:jungle_pressure_plate":6,"minecraft:lime_banner":4,"minecraft:smithing_table":526,"minecraft:mossy_cobblestone":325,"minecraft:brown_bed":2,"minecraft:lectern":14,"minecraft:golden_leggings":7,"minecraft:iron_pickaxe":23,"minecraft:sandstone":24,"minecraft:composter":29,"minecraft:cyan_wool":23,"minecraft:jungle_sign":51,"minecraft:golden_carrot":152,"minecraft:magenta_wool":64,"minecraft:iron_nugget":24535,"minecraft:diamond_hoe":1,"minecraft:jack_o_lantern":280,"minecraft:blue_shulker_box":22,"minecraft:prismarine_brick_stairs":8,"minecraft:lime_stained_glass_pane":880,"minecraft:stone_stairs":235,"minecraft:terracotta":192,"minecraft:lantern":302,"minecraft:light_gray_shulker_box":3,"minecraft:polished_diorite":140,"minecraft:black_concrete_powder":17216,"minecraft:red_shulker_box":56,"minecraft:stone_pickaxe":2,"minecraft:quartz_slab":834,"minecraft:spruce_boat":36,"minecraft:purple_carpet":574,"minecraft:chainmail_leggings":2,"minecraft:light_gray_terracotta":72,"minecraft:purpur_slab":828,"minecraft:enchanting_table":10,"minecraft:cyan_bed":3,"minecraft:yellow_stained_glass_pane":16,"minecraft:leather_helmet":2,"minecraft:polished_blackstone_stairs":743,"minecraft:dark_oak_button":12,"minecraft:light_blue_carpet":4818,"minecraft:crimson_stairs":4,"minecraft:oak_fence_gate":275,"minecraft:warped_fungus_on_a_stick":1,"minecraft:fermented_spider_eye":289,"minecraft:black_stained_glass_pane":192,"minecraft:note_block":228,"minecraft:grindstone":1,"minecraft:cobblestone_slab":2055,"minecraft:acacia_pressure_plate":1,"minecraft:crimson_sign":228,"minecraft:stone":1094,"minecraft:pink_carpet":24,"minecraft:heavy_weighted_pressure_plate":24,"minecraft:quartz_pillar":76,"minecraft:warped_planks":5368,"minecraft:brown_carpet":126,"minecraft:polished_blackstone_button":3,"minecraft:stone_brick_slab":2636,"minecraft:bow":388,"minecraft:comparator":877,"minecraft:polished_basalt":212,"minecraft:rail":6192,"minecraft:bricks":38,"minecraft:birch_button":8,"minecraft:red_nether_brick_slab":1578,"minecraft:ender_eye":128,"minecraft:oak_fence":102,"minecraft:granite_stairs":12,"minecraft:dropper":797,"minecraft:arrow":96,"minecraft:iron_helmet":9,"minecraft:red_wool":7,"minecraft:yellow_stained_glass":576,"minecraft:prismarine_brick_slab":72,"minecraft:spruce_trapdoor":694,"minecraft:pink_wool":64,"minecraft:warped_fence_gate":1,"minecraft:gray_terracotta":408,"minecraft:iron_ingot":109891,"minecraft:andesite_stairs":308,"minecraft:light_blue_shulker_box":21,"minecraft:light_blue_stained_glass":888,"minecraft:lime_carpet":1279,"minecraft:blue_terracotta":5632,"minecraft:oak_door":57,"minecraft:nether_brick_slab":576,"minecraft:tripwire_hook":548,"minecraft:leather_boots":19,"minecraft:golden_chestplate":3,"minecraft:furnace":670,"minecraft:crimson_button":36,"minecraft:magenta_stained_glass_pane":16,"minecraft:polished_andesite_slab":784,"minecraft:smooth_quartz_stairs":460,"minecraft:flint_and_steel":12,"minecraft:orange_terracotta":136,"minecraft:brown_shulker_box":2,"minecraft:honey_block":17,"minecraft:purpur_block":1536,"minecraft:birch_sign":150,"minecraft:purple_stained_glass":1736,"minecraft:polished_blackstone_wall":712,"minecraft:purple_shulker_box":10,"minecraft:diorite_wall":366,"minecraft:cooked_salmon":1,"minecraft:jungle_planks":22268,"minecraft:jungle_door":9,"minecraft:white_dye":7956,"minecraft:blue_wool":192,"minecraft:crimson_door":6,"minecraft:anvil":448,"minecraft:granite_slab":6,"minecraft:jungle_fence_gate":926,"minecraft:orange_stained_glass":632,"minecraft:dark_oak_wood":6,"minecraft:loom":66,"minecraft:lime_glazed_terracotta":1,"minecraft:iron_bars":4400,"minecraft:red_concrete_powder":11896,"minecraft:repeater":1915,"minecraft:diamond_leggings":3,"minecraft:cyan_stained_glass_pane":144,"minecraft:polished_blackstone":5072,"minecraft:magenta_dye":1226,"minecraft:flower_pot":16,"minecraft:furnace_minecart":3,"minecraft:wooden_shovel":1,"minecraft:emerald":1439,"minecraft:hay_block":122,"minecraft:campfire":144,"minecraft:green_terracotta":36,"minecraft:iron_block":123285,"minecraft:fire_charge":1986,"minecraft:spruce_fence_gate":10,"minecraft:yellow_concrete_powder":6832,"minecraft:smooth_stone_slab":3528,"minecraft:crimson_fence_gate":84,"minecraft:mossy_cobblestone_stairs":16,"minecraft:smooth_red_sandstone_slab":6,"minecraft:bone_meal":148492,"minecraft:cyan_stained_glass":568,"minecraft:pink_dye":1158,"minecraft:diamond":1377,"minecraft:detector_rail":6,"minecraft:ladder":600,"minecraft:jungle_fence":36,"minecraft:golden_helmet":2,"minecraft:firework_star":3168,"minecraft:purple_stained_glass_pane":16,"minecraft:crossbow":71,"minecraft:skull_banner_pattern":1,"minecraft:magenta_stained_glass":64,"minecraft:gray_concrete_powder":12184,"minecraft:polished_granite":460,"minecraft:white_stained_glass":312,"minecraft:cyan_shulker_box":2,"minecraft:gray_shulker_box":2,"minecraft:crimson_fence":108,"minecraft:iron_leggings":11,"minecraft:white_bed":67,"minecraft:lime_wool":68,"minecraft:nether_brick_stairs":460,"minecraft:brick":2683,"minecraft:oak_planks":21284,"minecraft:dark_oak_boat":9,"minecraft:cobblestone_stairs":332,"minecraft:light_blue_banner":2,"minecraft:green_dye":2299,"minecraft:hopper":4560,"minecraft:cyan_terracotta":1636,"minecraft:mossy_cobblestone_slab":48,"minecraft:chiseled_stone_bricks":2475,"minecraft:golden_sword":1,"minecraft:quartz_stairs":84,"minecraft:oak_slab":1074,"minecraft:item_frame":681,"minecraft:map":103,"minecraft:crafting_table":157,"minecraft:wooden_pickaxe":1,"minecraft:gold_block":3764,"minecraft:birch_planks":6524,"minecraft:brewing_stand":51,"minecraft:black_shulker_box":57,"minecraft:iron_chestplate":12,"minecraft:shield":28,"minecraft:warped_slab":396,"minecraft:stone_sword":10,"minecraft:polished_blackstone_brick_stairs":188,"minecraft:gray_carpet":4165,"minecraft:sponge":3,"minecraft:shears":10042,"minecraft:green_carpet":666,"minecraft:sandstone_stairs":16,"minecraft:polished_andesite":2784,"minecraft:stone_button":744,"minecraft:diamond_block":531,"minecraft:glass_pane":48,"minecraft:warped_fence":72,"minecraft:netherite_leggings":1,"minecraft:black_terracotta":20,"minecraft:spruce_wood":51,"minecraft:iron_hoe":8,"minecraft:orange_concrete_powder":5424,"minecraft:warped_button":1,"minecraft:gray_banner":2,"minecraft:netherite_scrap":177,"minecraft:observer":948,"minecraft:cooked_cod":994,"minecraft:cyan_concrete_powder":4376,"minecraft:crimson_planks":16674,"minecraft:magenta_bed":1,"minecraft:diamond_sword":7,"minecraft:cyan_dye":1866,"minecraft:dark_oak_stairs":216,"minecraft:smooth_sandstone":166,"minecraft:nether_bricks":9730,"minecraft:stone_axe":1,"minecraft:mossy_cobblestone_wall":30,"minecraft:acacia_planks":5980}},"DataVersion":2584}