{"stats":{"minecraft:killed":{"minecraft:cod":8,"minecraft:tropical_fish":32,"minecraft:salmon":9,"minecraft:pillager":1,"minecraft:zombie":716,"minecraft:evoker":3,"minecraft:endermite":2,"minecraft:husk":1,"minecraft:rabbit":1,"minecraft:ravager":1,"minecraft:zombified_piglin":4,"minecraft:witch":3,"minecraft:spider":172,"minecraft:bee":1,"minecraft:silverfish":21,"minecraft:piglin":19,"minecraft:zombie_villager":11,"minecraft:sheep":242,"minecraft:trader_llama":8,"minecraft:ghast":14,"minecraft:vex":3,"minecraft:slime":214,"minecraft:drowned":45,"minecraft:hoglin":11,"minecraft:squid":108,"minecraft:player":6,"minecraft:cave_spider":2,"minecraft:dolphin":1,"minecraft:pufferfish":5,"minecraft:skeleton":268,"minecraft:chicken":24,"minecraft:cat":2,"minecraft:magma_cube":202,"minecraft:cow":303,"minecraft:zoglin":1,"minecraft:wandering_trader":4,"minecraft:enderman":1610,"minecraft:pig":20,"minecraft:creeper":203,"minecraft:blaze":1,"minecraft:phantom":1,"minecraft:llama":1,"minecraft:bat":45},"minecraft:killed_by":{"minecraft:magma_cube":4,"minecraft:drowned":2,"minecraft:skeleton":1,"minecraft:zoglin":4,"minecraft:vex":7,"minecraft:slime":1,"minecraft:guardian":1,"minecraft:creeper":3,"minecraft:piglin":3,"minecraft:cave_spider":1,"minecraft:endermite":1,"minecraft:player":75,"minecraft:hoglin":4},"minecraft:broken":{"minecraft:wooden_shovel":19,"minecraft:shears":179,"minecraft:diamond_pickaxe":1,"minecraft:fishing_rod":1,"minecraft:chainmail_leggings":1,"minecraft:stone_hoe":20,"minecraft:wooden_pickaxe":1,"minecraft:iron_pickaxe":42,"minecraft:wooden_hoe":1,"minecraft:iron_shovel":9,"minecraft:stone_pickaxe":103,"minecraft:stone_axe":1,"minecraft:stone_shovel":214,"minecraft:netherite_shovel":1,"minecraft:iron_sword":1,"minecraft:iron_axe":11,"minecraft:golden_helmet":3,"minecraft:flint_and_steel":5},"minecraft:custom":{"minecraft:interact_with_crafting_table":4910,"minecraft:deaths":136,"minecraft:jump":578761,"minecraft:interact_with_cartography_table":18,"minecraft:interact_with_smoker":65,"minecraft:inspect_dispenser":713,"minecraft:horse_one_cm":2312532,"minecraft:inspect_dropper":185,"minecraft:interact_with_anvil":120,"minecraft:inspect_hopper":1233,"minecraft:tune_noteblock":3266,"minecraft:time_since_rest":8266,"minecraft:swim_one_cm":2296292,"minecraft:open_chest":13339,"minecraft:open_shulker_box":33817,"minecraft:damage_resisted":1544,"minecraft:play_noteblock":10,"minecraft:talked_to_villager":247,"minecraft:interact_with_brewingstand":27,"minecraft:interact_with_beacon":13,"minecraft:fill_cauldron":11,"minecraft:raid_win":1,"minecraft:boat_one_cm":4080297,"minecraft:damage_taken":155415,"minecraft:aviate_one_cm":268015347,"minecraft:open_barrel":13699,"minecraft:bell_ring":19,"minecraft:eat_cake_slice":12,"minecraft:leave_game":1537,"minecraft:time_since_death":8232,"minecraft:enchant_item":38,"minecraft:interact_with_furnace":4665,"minecraft:traded_with_villager":119,"minecraft:sleep_in_bed":3749,"minecraft:damage_dealt":406717,"minecraft:use_cauldron":1,"minecraft:interact_with_smithing_table":10,"minecraft:target_hit":24,"minecraft:sneak_time":8372356,"minecraft:interact_with_lectern":234,"minecraft:interact_with_blast_furnace":75,"minecraft:interact_with_stonecutter":2028,"minecraft:fly_one_cm":88141382,"minecraft:fish_caught":173,"minecraft:fall_one_cm":9148593,"minecraft:animals_bred":661,"minecraft:sprint_one_cm":83317095,"minecraft:drop":4138,"minecraft:walk_on_water_one_cm":3981834,"minecraft:play_one_minute":53594988,"minecraft:interact_with_loom":42,"minecraft:open_enderchest":945,"minecraft:player_kills":20,"minecraft:crouch_one_cm":33749669,"minecraft:mob_kills":4641,"minecraft:climb_one_cm":5677424,"minecraft:walk_one_cm":122063666,"minecraft:walk_under_water_one_cm":3587789,"minecraft:pot_flower":222,"minecraft:interact_with_grindstone":17,"minecraft:damage_absorbed":80,"minecraft:minecart_one_cm":469831},"minecraft:picked_up":{"minecraft:suspicious_stew":1,"minecraft:red_sandstone_stairs":31,"minecraft:smithing_table":4,"minecraft:lead":311,"minecraft:stone_slab":455,"minecraft:purple_shulker_box":7,"minecraft:blue_concrete":65,"minecraft:polished_blackstone_brick_stairs":2,"minecraft:string":528,"minecraft:pufferfish":23,"minecraft:shroomlight":893,"minecraft:diamond_leggings":6,"minecraft:warped_slab":2,"minecraft:crimson_sign":5,"minecraft:diamond_ore":6,"minecraft:polished_blackstone_brick_slab":4,"minecraft:polished_blackstone_stairs":10,"minecraft:acacia_log":5332,"minecraft:purpur_pillar":5,"minecraft:cyan_stained_glass":1,"minecraft:brick_wall":98,"minecraft:warped_button":1,"minecraft:gray_shulker_box":706,"minecraft:cauldron":2,"minecraft:green_terracotta":31,"minecraft:cyan_stained_glass_pane":2,"minecraft:golden_chestplate":4,"minecraft:warped_door":2,"minecraft:pink_terracotta":290,"minecraft:brown_carpet":22,"minecraft:orange_bed":3,"minecraft:lime_carpet":188,"minecraft:honey_bottle":13,"minecraft:blackstone_wall":15,"minecraft:polished_basalt":367,"minecraft:red_tulip":31,"minecraft:carved_pumpkin":1,"minecraft:glowstone":600,"minecraft:bookshelf":11,"minecraft:end_rod":149,"minecraft:white_terracotta":124,"minecraft:iron_bars":212,"minecraft:snowball":24218,"minecraft:feather":18,"minecraft:cooked_beef":231,"minecraft:water_bucket":17,"minecraft:brown_wool":332,"minecraft:dark_oak_boat":2,"minecraft:flint":495,"minecraft:purple_stained_glass":12,"minecraft:pink_concrete_powder":27,"minecraft:lantern":79,"minecraft:gray_concrete_powder":245,"minecraft:warped_hyphae":19,"minecraft:stonecutter":1044,"minecraft:dark_oak_sign":39,"minecraft:diamond_helmet":5,"minecraft:honeycomb":81,"minecraft:lime_terracotta":41,"minecraft:stripped_acacia_wood":16,"minecraft:birch_fence_gate":1,"minecraft:stripped_spruce_log":569,"minecraft:brown_mushroom_block":1813,"minecraft:acacia_stairs":6,"minecraft:polished_andesite":192,"minecraft:blue_terracotta":87,"minecraft:lever":38,"minecraft:granite":5880,"minecraft:spruce_button":2,"minecraft:cyan_dye":2,"minecraft:light_gray_carpet":34,"minecraft:crimson_roots":66,"minecraft:diamond_pickaxe":15,"minecraft:magenta_glazed_terracotta":3,"minecraft:bee_nest":3,"minecraft:stripped_warped_hyphae":1393,"minecraft:clay_ball":3960,"minecraft:leather_leggings":33,"minecraft:golden_pickaxe":1,"minecraft:redstone_lamp":5,"minecraft:acacia_button":2,"minecraft:heavy_weighted_pressure_plate":7,"minecraft:cornflower":107,"minecraft:elytra":51,"minecraft:acacia_door":7,"minecraft:flint_and_steel":4,"minecraft:white_carpet":124,"minecraft:white_stained_glass":70,"minecraft:iron_shovel":13,"minecraft:polished_blackstone_wall":74,"minecraft:netherite_sword":11,"minecraft:stripped_warped_stem":242,"minecraft:jungle_sapling":193,"minecraft:poppy":570,"minecraft:spruce_slab":236,"minecraft:minecart":60,"minecraft:birch_sapling":1086,"minecraft:piston":111,"minecraft:diamond_hoe":3,"minecraft:lime_shulker_box":108,"minecraft:black_stained_glass":77,"minecraft:stone":25813,"minecraft:white_dye":109,"minecraft:jungle_fence_gate":8,"minecraft:netherite_pickaxe":34,"minecraft:cyan_shulker_box":126,"minecraft:red_nether_brick_wall":10,"minecraft:jungle_sign":22,"minecraft:hay_block":15,"minecraft:yellow_terracotta":30,"minecraft:totem_of_undying":10,"minecraft:polished_blackstone":121,"minecraft:mutton":1022,"minecraft:rail":300,"minecraft:bone_block":53,"minecraft:emerald_ore":3,"minecraft:oxeye_daisy":151,"minecraft:lime_bed":393,"minecraft:birch_leaves":1556,"minecraft:yellow_shulker_box":133,"minecraft:clock":60,"minecraft:smooth_red_sandstone":1,"minecraft:tripwire_hook":12,"minecraft:fern":511,"minecraft:yellow_dye":102,"minecraft:blackstone_slab":1,"minecraft:jungle_fence":13,"minecraft:acacia_wood":169,"minecraft:lily_pad":5,"minecraft:diorite_stairs":22,"minecraft:paper":1823,"minecraft:light_blue_banner":83,"minecraft:apple":246,"minecraft:light_gray_glazed_terracotta":35,"minecraft:warped_stem":1786,"minecraft:oak_fence_gate":4,"minecraft:stone_pickaxe":3,"minecraft:iron_ore":2288,"minecraft:magenta_stained_glass":2,"minecraft:gray_bed":50,"minecraft:dark_oak_stairs":217,"minecraft:polished_andesite_stairs":76,"minecraft:light_gray_stained_glass":16,"minecraft:sweet_berries":173,"minecraft:red_wool":9827,"minecraft:lime_concrete":5,"minecraft:light_blue_stained_glass":2,"minecraft:crying_obsidian":128,"minecraft:leather_helmet":2,"minecraft:oak_wood":142,"minecraft:diamond_shovel":28,"minecraft:coal_ore":538,"minecraft:slime_ball":183,"minecraft:painting":523,"minecraft:birch_sign":50,"minecraft:lodestone":5,"minecraft:red_nether_brick_slab":20,"minecraft:smooth_quartz_slab":166,"minecraft:hopper":144,"minecraft:black_carpet":216,"minecraft:light_blue_concrete":99,"minecraft:ender_chest":263,"minecraft:nether_brick_fence":15,"minecraft:yellow_wool":500,"minecraft:stone_brick_stairs":96,"minecraft:warped_stairs":7,"minecraft:lapis_block":2,"minecraft:smooth_red_sandstone_slab":30,"minecraft:bucket":4,"minecraft:red_sand":956,"minecraft:smooth_stone":255,"minecraft:comparator":143,"minecraft:white_tulip":30,"minecraft:rose_bush":312,"minecraft:cobblestone_slab":82,"minecraft:iron_pickaxe":7,"minecraft:wooden_shovel":3,"minecraft:smooth_quartz":186,"minecraft:smooth_quartz_stairs":61,"minecraft:blue_wool":581,"minecraft:tipped_arrow":1,"minecraft:acacia_fence":15,"minecraft:birch_trapdoor":65,"minecraft:spruce_stairs":245,"minecraft:netherite_shovel":29,"minecraft:diorite":6993,"minecraft:vine":1725,"minecraft:andesite_wall":123,"minecraft:rotten_flesh":735,"minecraft:brown_shulker_box":204,"minecraft:obsidian":712,"minecraft:cobblestone":86837,"minecraft:leather_chestplate":37,"minecraft:lilac":301,"minecraft:repeater":255,"minecraft:warped_fungus_on_a_stick":2,"minecraft:andesite":10339,"minecraft:orange_carpet":80,"minecraft:black_bed":1,"minecraft:golden_leggings":8,"minecraft:beacon":41,"minecraft:potato":258,"minecraft:smooth_sandstone_stairs":121,"minecraft:prismarine_bricks":19,"minecraft:stripped_birch_log":485,"minecraft:dirt":57713,"minecraft:cut_sandstone_slab":105,"minecraft:name_tag":168,"minecraft:glass":1730,"minecraft:bone":457,"minecraft:acacia_planks":11,"minecraft:granite_wall":10,"minecraft:bow":84,"minecraft:wheat_seeds":9920,"minecraft:orange_tulip":37,"minecraft:birch_wood":4,"minecraft:grindstone":32,"minecraft:netherite_axe":40,"minecraft:purple_stained_glass_pane":2,"minecraft:mossy_stone_bricks":15,"minecraft:bamboo":889,"minecraft:cyan_concrete":684,"minecraft:diorite_wall":145,"minecraft:gray_stained_glass":48,"minecraft:black_stained_glass_pane":24,"minecraft:light_blue_shulker_box":72,"minecraft:nether_brick_stairs":10,"minecraft:grass_block":56559,"minecraft:diamond_block":695,"minecraft:spectral_arrow":21,"minecraft:jungle_slab":68,"minecraft:mossy_cobblestone":65,"minecraft:jungle_leaves":380,"minecraft:light_gray_terracotta":588,"minecraft:light_blue_terracotta":36,"minecraft:yellow_carpet":25,"minecraft:slime_block":137,"minecraft:netherite_helmet":8,"minecraft:polished_blackstone_pressure_plate":9,"minecraft:soul_lantern":2,"minecraft:cracked_polished_blackstone_bricks":135,"minecraft:crossbow":11,"minecraft:bone_meal":990,"minecraft:grass":3488,"minecraft:golden_apple":3,"minecraft:nether_sprouts":495,"minecraft:spruce_sign":18,"minecraft:emerald":126,"minecraft:netherrack":6307,"minecraft:chorus_fruit":91,"minecraft:andesite_slab":441,"minecraft:oak_leaves":20808,"minecraft:azure_bluet":231,"minecraft:ladder":35,"minecraft:brown_mushroom":178,"minecraft:packed_ice":392,"minecraft:pink_wool":965,"minecraft:stone_brick_wall":118,"minecraft:diorite_slab":156,"minecraft:chain":79,"minecraft:brick":453,"minecraft:oak_trapdoor":83,"minecraft:mycelium":521,"minecraft:birch_fence":17,"minecraft:magenta_wool":359,"minecraft:blackstone":2143,"minecraft:blue_orchid":393,"minecraft:lime_wool":1098,"minecraft:note_block":21,"minecraft:polished_blackstone_bricks":120,"minecraft:brown_concrete_powder":1,"minecraft:cookie":6,"minecraft:music_disc_11":1,"minecraft:trident":4,"minecraft:light_blue_bed":1812,"minecraft:light_gray_stained_glass_pane":355,"minecraft:stone_pressure_plate":36,"minecraft:weeping_vines":367,"minecraft:red_shulker_box":1169,"minecraft:pumpkin_pie":110,"minecraft:nether_bricks":174,"minecraft:stripped_dark_oak_wood":65,"minecraft:pink_tulip":38,"minecraft:black_banner":29,"minecraft:brick_stairs":11,"minecraft:nether_brick_wall":2,"minecraft:netherite_boots":32,"minecraft:jungle_boat":1,"minecraft:basalt":1333,"minecraft:dark_oak_button":3,"minecraft:golden_carrot":2224,"minecraft:leather":478,"minecraft:ice":343,"minecraft:granite_stairs":15,"minecraft:crimson_fungus":64,"minecraft:chainmail_chestplate":1,"minecraft:cobblestone_wall":16,"minecraft:gunpowder":15909,"minecraft:orange_terracotta":1145,"minecraft:cooked_mutton":190,"minecraft:red_carpet":15,"minecraft:gray_carpet":144,"minecraft:acacia_trapdoor":106,"minecraft:spruce_wood":11,"minecraft:iron_ingot":1256,"minecraft:cooked_chicken":7,"minecraft:polished_andesite_slab":202,"minecraft:pink_bed":3,"minecraft:warped_fungus":155,"minecraft:nether_quartz_ore":1,"minecraft:emerald_block":4,"minecraft:stone_brick_slab":151,"minecraft:quartz":3870,"minecraft:dandelion":526,"minecraft:lava_bucket":1,"minecraft:soul_torch":9,"minecraft:green_stained_glass":2,"minecraft:red_banner":4,"minecraft:nether_brick_slab":30,"minecraft:spruce_door":24,"minecraft:brick_slab":2,"minecraft:polished_diorite_stairs":185,"minecraft:pumpkin_seeds":203,"minecraft:white_concrete_powder":803,"minecraft:prismarine_wall":2,"minecraft:chainmail_leggings":3,"minecraft:mossy_cobblestone_stairs":5,"minecraft:terracotta":3475,"minecraft:damaged_anvil":2,"minecraft:netherite_hoe":3,"minecraft:dark_oak_wood":9,"minecraft:sunflower":5,"minecraft:wooden_axe":1,"minecraft:seagrass":23,"minecraft:birch_door":20,"minecraft:iron_chestplate":1,"minecraft:chainmail_boots":1,"minecraft:anvil":31,"minecraft:flower_pot":141,"minecraft:magenta_carpet":2,"minecraft:diamond_sword":20,"minecraft:oak_stairs":38,"minecraft:brown_bed":12,"minecraft:wither_rose":27,"minecraft:golden_shovel":6,"minecraft:birch_button":33,"minecraft:brewing_stand":33,"minecraft:golden_sword":1,"minecraft:dark_oak_trapdoor":125,"minecraft:soul_soil":750,"minecraft:red_nether_bricks":117,"minecraft:blue_stained_glass_pane":2,"minecraft:beetroot":1,"minecraft:gold_nugget":210,"minecraft:spruce_planks":1240,"minecraft:acacia_sign":19,"minecraft:acacia_fence_gate":36,"minecraft:written_book":30,"minecraft:melon_slice":21,"minecraft:coal_block":205,"minecraft:dark_oak_door":87,"minecraft:golden_helmet":7,"minecraft:beehive":11,"minecraft:composter":9,"minecraft:green_bed":529,"minecraft:pink_carpet":1,"minecraft:sandstone_wall":150,"minecraft:warped_planks":45,"minecraft:black_dye":29,"minecraft:gray_stained_glass_pane":38,"minecraft:light_gray_bed":364,"minecraft:light_blue_wool":872,"minecraft:tropical_fish":24,"minecraft:iron_block":788,"minecraft:cyan_terracotta":424,"minecraft:blackstone_stairs":7,"minecraft:birch_log":5927,"minecraft:magma_block":21,"minecraft:mossy_cobblestone_slab":14,"minecraft:polished_diorite_slab":17,"minecraft:birch_slab":212,"minecraft:jungle_log":2556,"minecraft:acacia_leaves":3520,"minecraft:green_concrete_powder":74,"minecraft:smoker":1,"minecraft:stripped_spruce_wood":148,"minecraft:netherite_leggings":6,"minecraft:gray_concrete":1342,"minecraft:light_gray_concrete_powder":29,"minecraft:twisting_vines":1,"minecraft:chipped_anvil":6,"minecraft:gray_terracotta":27,"minecraft:glowstone_dust":6,"minecraft:warped_wart_block":9925,"minecraft:dropper":31,"minecraft:ink_sac":314,"minecraft:granite_slab":5,"minecraft:loom":9,"minecraft:red_terracotta":153,"minecraft:dark_oak_log":13016,"minecraft:barrel":180,"minecraft:quartz_bricks":1,"minecraft:stripped_acacia_log":100,"minecraft:dispenser":142,"minecraft:black_concrete_powder":44,"minecraft:green_concrete":392,"minecraft:writable_book":31,"minecraft:polished_granite_slab":11,"minecraft:blue_ice":2,"minecraft:dark_oak_fence":161,"minecraft:bricks":2867,"minecraft:spruce_leaves":8409,"minecraft:lime_stained_glass_pane":16,"minecraft:crafting_table":1054,"minecraft:coarse_dirt":497,"minecraft:sandstone_slab":3,"minecraft:purple_wool":624,"minecraft:nether_wart":1242,"minecraft:orange_banner":2,"minecraft:crimson_trapdoor":2,"minecraft:jungle_trapdoor":24,"minecraft:red_bed":6,"minecraft:snow":349,"minecraft:compass":11,"minecraft:cracked_stone_bricks":76,"minecraft:cartography_table":6,"minecraft:respawn_anchor":1,"minecraft:beef":893,"minecraft:cyan_wool":269,"minecraft:iron_nugget":10,"minecraft:quartz_stairs":216,"minecraft:chest":245,"minecraft:egg":180,"minecraft:sandstone":13222,"minecraft:oak_door":6,"minecraft:cut_red_sandstone_slab":31,"minecraft:spruce_fence":1778,"minecraft:carrot":306,"minecraft:redstone":10191,"minecraft:mushroom_stem":377,"minecraft:prismarine_crystals":7,"minecraft:tnt":1130,"minecraft:polished_granite_stairs":6,"minecraft:cooked_cod":4,"minecraft:beetroot_seeds":2,"minecraft:peony":179,"minecraft:shears":115,"minecraft:diamond_boots":12,"minecraft:sandstone_stairs":60,"minecraft:warped_sign":8,"minecraft:gold_ingot":24,"minecraft:white_shulker_box":278,"minecraft:lime_concrete_powder":2,"minecraft:white_wool":556,"minecraft:crimson_slab":1,"minecraft:lapis_ore":9,"minecraft:stripped_oak_log":316,"minecraft:smooth_red_sandstone_stairs":48,"minecraft:red_mushroom_block":362,"minecraft:red_mushroom":24,"minecraft:filled_map":154,"minecraft:brown_concrete":50,"minecraft:oak_log":5756,"minecraft:ancient_debris":5,"minecraft:golden_boots":6,"minecraft:white_banner":92,"minecraft:birch_pressure_plate":10,"minecraft:stone_bricks":777,"minecraft:kelp":8095,"minecraft:glass_bottle":6,"minecraft:iron_sword":2,"minecraft:prismarine_brick_stairs":7,"minecraft:white_stained_glass_pane":42,"minecraft:dark_oak_slab":220,"minecraft:daylight_detector":7,"minecraft:yellow_concrete":34,"minecraft:gravel":7133,"minecraft:birch_stairs":2,"minecraft:spruce_sapling":1712,"minecraft:spruce_log":15531,"minecraft:sea_lantern":33,"minecraft:firework_rocket":3439,"minecraft:red_stained_glass":84,"minecraft:polished_diorite":144,"minecraft:light_blue_carpet":28,"minecraft:redstone_ore":137,"minecraft:diamond_axe":4,"minecraft:gray_wool":556,"minecraft:warped_roots":2439,"minecraft:oak_button":25,"minecraft:melon_seeds":2,"minecraft:warped_nylium":62,"minecraft:stripped_dark_oak_log":1224,"minecraft:crimson_nylium":78,"minecraft:pink_dye":1,"minecraft:ender_pearl":679,"minecraft:wheat":2607,"minecraft:redstone_block":138,"minecraft:iron_trapdoor":39,"minecraft:light_gray_shulker_box":27,"minecraft:turtle_egg":6,"minecraft:potion":9,"minecraft:nether_brick":148,"minecraft:crimson_planks":5,"minecraft:smooth_stone_slab":88,"minecraft:iron_leggings":4,"minecraft:armor_stand":49,"minecraft:sticky_piston":25,"minecraft:netherite_ingot":10,"minecraft:pink_shulker_box":233,"minecraft:oak_sign":89,"minecraft:sea_pickle":150,"minecraft:activator_rail":10,"minecraft:black_shulker_box":39,"minecraft:dark_oak_leaves":345,"minecraft:redstone_torch":267,"minecraft:iron_boots":1,"minecraft:furnace":261,"minecraft:stick":4994,"minecraft:orange_shulker_box":184,"minecraft:brown_terracotta":57,"minecraft:oak_fence":148,"minecraft:torch":3585,"minecraft:porkchop":43,"minecraft:snow_block":26,"minecraft:dried_kelp":271,"minecraft:blue_stained_glass":2,"minecraft:green_banner":3,"minecraft:quartz_block":863,"minecraft:nether_gold_ore":158,"minecraft:cactus":2917,"minecraft:green_wool":601,"minecraft:stripped_birch_wood":190,"minecraft:cod":106,"minecraft:crimson_hyphae":15,"minecraft:magma_cream":19,"minecraft:chiseled_quartz_block":2,"minecraft:light_gray_dye":19,"minecraft:warped_trapdoor":28,"minecraft:acacia_boat":1,"minecraft:green_shulker_box":820,"minecraft:lapis_lazuli":1998,"minecraft:polished_granite":121,"minecraft:leather_boots":34,"minecraft:pink_banner":1,"minecraft:bell":6,"minecraft:powered_rail":33,"minecraft:stone_hoe":3,"minecraft:oak_planks":112,"minecraft:ghast_tear":3,"minecraft:pink_stained_glass":1,"minecraft:pink_concrete":191,"minecraft:black_terracotta":27,"minecraft:cooked_porkchop":115,"minecraft:poisonous_potato":2,"minecraft:polished_blackstone_slab":21,"minecraft:jungle_planks":117,"minecraft:sand":36657,"minecraft:dead_bush":233,"minecraft:lily_of_the_valley":67,"minecraft:cyan_bed":29,"minecraft:chiseled_sandstone":4,"minecraft:shulker_box":2221,"minecraft:orange_wool":3873,"minecraft:dark_prismarine":2,"minecraft:light_gray_concrete":1989,"minecraft:dark_prismarine_slab":1,"minecraft:spruce_fence_gate":78,"minecraft:clay":602,"minecraft:diamond":1344,"minecraft:spruce_boat":6,"minecraft:black_concrete":343,"minecraft:polished_blackstone_button":11,"minecraft:white_concrete":3220,"minecraft:oak_sapling":1108,"minecraft:fishing_rod":2,"minecraft:charcoal":6,"minecraft:cocoa_beans":283,"minecraft:allium":10,"minecraft:chicken":19,"minecraft:wooden_pickaxe":2,"minecraft:gold_block":68,"minecraft:stone_stairs":174,"minecraft:iron_axe":1,"minecraft:orange_concrete":37,"minecraft:wooden_sword":2,"minecraft:item_frame":358,"minecraft:quartz_slab":28,"minecraft:warped_fence":16,"minecraft:cyan_carpet":78,"minecraft:detector_rail":9,"minecraft:dark_prismarine_stairs":2,"minecraft:andesite_stairs":10,"minecraft:oak_boat":6,"minecraft:player_head":339,"minecraft:observer":81,"minecraft:light_gray_wool":415,"minecraft:lectern":39,"minecraft:sugar_cane":2371,"minecraft:blue_shulker_box":25,"minecraft:spruce_trapdoor":517,"minecraft:dark_oak_sapling":1456,"minecraft:stripped_crimson_hyphae":1,"minecraft:orange_dye":1,"minecraft:bowl":11,"minecraft:gray_dye":36,"minecraft:quartz_pillar":140,"minecraft:stone_button":53,"minecraft:magenta_shulker_box":65,"minecraft:dark_oak_planks":899,"minecraft:smooth_sandstone_slab":20,"minecraft:arrow":1587,"minecraft:light_blue_stained_glass_pane":9,"minecraft:jungle_stairs":16,"minecraft:saddle":4,"minecraft:lime_stained_glass":105,"minecraft:crimson_stem":1482,"minecraft:salmon":41,"minecraft:cut_sandstone":50,"minecraft:birch_planks":13,"minecraft:yellow_glazed_terracotta":11,"minecraft:nether_wart_block":4828,"minecraft:cobblestone_stairs":17,"minecraft:wooden_hoe":1,"minecraft:podzol":952,"minecraft:smooth_sandstone":1851,"minecraft:red_nether_brick_stairs":30,"minecraft:stripped_oak_wood":204,"minecraft:acacia_sapling":1274,"minecraft:soul_sand":395,"minecraft:purple_concrete":703,"minecraft:green_dye":5219,"minecraft:scaffolding":16243,"minecraft:oak_slab":117,"minecraft:red_concrete_powder":26,"minecraft:pumpkin":33,"minecraft:chiseled_stone_bricks":1,"minecraft:magenta_stained_glass_pane":2,"minecraft:blast_furnace":4,"minecraft:white_bed":153,"minecraft:gold_ore":402,"minecraft:dark_oak_fence_gate":61,"minecraft:green_carpet":19,"minecraft:mossy_stone_brick_slab":3,"minecraft:spider_eye":84,"minecraft:stripped_jungle_log":237,"minecraft:lime_banner":69,"minecraft:lime_dye":124,"minecraft:dried_kelp_block":67,"minecraft:campfire":10,"minecraft:honey_block":37,"minecraft:stripped_jungle_wood":34,"minecraft:black_wool":3832,"minecraft:acacia_slab":16,"minecraft:magenta_concrete":1,"minecraft:red_concrete":272,"minecraft:coal":9112},"minecraft:dropped":{"minecraft:iron_sword":2,"minecraft:respawn_anchor":1,"minecraft:lapis_lazuli":28,"minecraft:chorus_fruit":5,"minecraft:glass_bottle":6,"minecraft:diamond":551,"minecraft:crafting_table":2,"minecraft:lime_concrete_powder":2,"minecraft:lime_stained_glass":42,"minecraft:dark_oak_slab":2,"minecraft:weeping_vines":94,"minecraft:warped_roots":345,"minecraft:quartz_pillar":8,"minecraft:red_mushroom":12,"minecraft:emerald":2,"minecraft:gray_concrete":69,"minecraft:birch_fence":4,"minecraft:dark_oak_fence":6,"minecraft:black_stained_glass_pane":10,"minecraft:dark_oak_trapdoor":1,"minecraft:netherite_boots":7,"minecraft:gold_nugget":139,"minecraft:writable_book":7,"minecraft:sand":8187,"minecraft:purple_wool":61,"minecraft:diorite_slab":4,"minecraft:fishing_rod":1,"minecraft:dark_oak_planks":79,"minecraft:white_wool":141,"minecraft:stone_axe":1,"minecraft:compass":8,"minecraft:diamond_block":106,"minecraft:iron_nugget":8,"minecraft:cooked_chicken":2,"minecraft:wheat":14,"minecraft:netherite_sword":4,"minecraft:obsidian":26,"minecraft:stripped_dark_oak_log":9,"minecraft:grindstone":4,"minecraft:rotten_flesh":605,"minecraft:oak_planks":16,"minecraft:birch_wood":1,"minecraft:glowstone_dust":1,"minecraft:warped_sign":6,"minecraft:golden_shovel":2,"minecraft:azure_bluet":1,"minecraft:warped_planks":6,"minecraft:red_mushroom_block":9,"minecraft:sea_lantern":66,"minecraft:coal_ore":34,"minecraft:diorite_wall":30,"minecraft:jungle_log":5,"minecraft:leather_boots":2,"minecraft:acacia_sapling":6,"minecraft:leather_leggings":2,"minecraft:glass":603,"minecraft:beef":128,"minecraft:warped_wart_block":122,"minecraft:stone_brick_stairs":13,"minecraft:golden_boots":4,"minecraft:orange_shulker_box":1,"minecraft:wheat_seeds":2961,"minecraft:clock":4,"minecraft:smooth_quartz_stairs":26,"minecraft:light_gray_stained_glass_pane":104,"minecraft:prismarine_crystals":5,"minecraft:golden_apple":1,"minecraft:coal_block":59,"minecraft:cobweb":2,"minecraft:dark_oak_leaves":5,"minecraft:gray_wool":3,"minecraft:ink_sac":11,"minecraft:blackstone_wall":2,"minecraft:lapis_ore":1,"minecraft:potion":2,"minecraft:stripped_birch_log":1,"minecraft:oak_stairs":2,"minecraft:pumpkin":1,"minecraft:smooth_sandstone_slab":1,"minecraft:white_banner":3,"minecraft:chainmail_leggings":1,"minecraft:smooth_sandstone":46,"minecraft:acacia_planks":6,"minecraft:stone_brick_slab":55,"minecraft:snow_block":2,"minecraft:bricks":2002,"minecraft:netherite_hoe":1,"minecraft:soul_soil":20,"minecraft:player_head":53,"minecraft:cocoa_beans":3,"minecraft:green_bed":2,"minecraft:sticky_piston":1,"minecraft:red_banner":1,"minecraft:stone_shovel":2,"minecraft:white_carpet":3,"minecraft:clay_ball":4,"minecraft:name_tag":92,"minecraft:white_terracotta":42,"minecraft:white_shulker_box":2,"minecraft:oak_sign":5,"minecraft:shears":11,"minecraft:suspicious_stew":1,"minecraft:diamond_sword":2,"minecraft:cyan_wool":64,"minecraft:flower_pot":4,"minecraft:sea_pickle":27,"minecraft:peony":8,"minecraft:spruce_trapdoor":37,"minecraft:spruce_planks":101,"minecraft:diamond_pickaxe":6,"minecraft:andesite_stairs":1,"minecraft:redstone_torch":1,"minecraft:stone_pressure_plate":3,"minecraft:barrel":8,"minecraft:stone_bricks":19,"minecraft:bamboo":73,"minecraft:sandstone":3272,"minecraft:bow":20,"minecraft:magma_block":2,"minecraft:terracotta":390,"minecraft:nether_brick_stairs":10,"minecraft:blue_shulker_box":1,"minecraft:soul_sand":1,"minecraft:polished_granite_slab":1,"minecraft:oak_log":182,"minecraft:ender_pearl":471,"minecraft:golden_pickaxe":2,"minecraft:dark_oak_sapling":7,"minecraft:green_shulker_box":1,"minecraft:leather":7,"minecraft:red_wool":125,"minecraft:jungle_planks":8,"minecraft:birch_slab":234,"minecraft:cod":14,"minecraft:cobblestone_stairs":4,"minecraft:dark_oak_log":447,"minecraft:polished_diorite_stairs":16,"minecraft:packed_ice":8,"minecraft:ice":54,"minecraft:mutton":197,"minecraft:snowball":90,"minecraft:black_shulker_box":1,"minecraft:black_concrete":1,"minecraft:gold_ingot":3,"minecraft:pink_terracotta":34,"minecraft:andesite_slab":3,"minecraft:mossy_stone_brick_slab":1,"minecraft:cooked_mutton":1,"minecraft:mycelium":41,"minecraft:mushroom_stem":31,"minecraft:leather_chestplate":6,"minecraft:trident":4,"minecraft:dropper":1,"minecraft:oak_wood":3,"minecraft:birch_door":1,"minecraft:iron_ore":33,"minecraft:birch_button":1,"minecraft:iron_bars":69,"minecraft:white_concrete_powder":277,"minecraft:scaffolding":214,"minecraft:light_gray_concrete_powder":24,"minecraft:polished_granite":4,"minecraft:splash_potion":1,"minecraft:stone_hoe":1,"minecraft:bread":117,"minecraft:vine":14,"minecraft:golden_helmet":1,"minecraft:lilac":3,"minecraft:netherite_axe":7,"minecraft:andesite_wall":56,"minecraft:spruce_stairs":2,"minecraft:acacia_log":78,"minecraft:acacia_trapdoor":5,"minecraft:iron_block":55,"minecraft:mossy_cobblestone_slab":3,"minecraft:green_dye":27882,"minecraft:light_blue_wool":5,"minecraft:repeater":5,"minecraft:nether_wart_block":69,"minecraft:white_concrete":45,"minecraft:melon_slice":11,"minecraft:yellow_shulker_box":1,"minecraft:crimson_sign":2,"minecraft:jungle_leaves":4,"minecraft:polished_andesite_stairs":12,"minecraft:granite_slab":1,"minecraft:stonecutter":3,"minecraft:orange_bed":1,"minecraft:cactus":78,"minecraft:light_blue_stained_glass_pane":14,"minecraft:tripwire_hook":2,"minecraft:redstone_block":28,"minecraft:blue_terracotta":2,"minecraft:kelp":2230,"minecraft:sweet_berries":23,"minecraft:light_gray_terracotta":67,"minecraft:lime_concrete":2,"minecraft:warped_door":1,"minecraft:totem_of_undying":1,"minecraft:shulker_box":10,"minecraft:netherite_leggings":2,"minecraft:flint_and_steel":1,"minecraft:oak_button":7,"minecraft:andesite":1243,"minecraft:golden_leggings":5,"minecraft:oak_sapling":89,"minecraft:birch_sign":5,"minecraft:gray_concrete_powder":2,"minecraft:spruce_log":2230,"minecraft:wooden_pickaxe":1,"minecraft:magma_cream":8,"minecraft:crimson_stem":5,"minecraft:cooked_beef":1,"minecraft:sandstone_stairs":19,"minecraft:orange_tulip":6,"minecraft:crossbow":14,"minecraft:cookie":8,"minecraft:dark_oak_button":3,"minecraft:warped_hyphae":1,"minecraft:saddle":1,"minecraft:elytra":12,"minecraft:rail":13,"minecraft:cut_sandstone_slab":6,"minecraft:leather_helmet":2,"minecraft:item_frame":125,"minecraft:red_shulker_box":3,"minecraft:dirt":3684,"minecraft:grass":82,"minecraft:stone_button":6,"minecraft:chain":2,"minecraft:jungle_sapling":1,"minecraft:bone_meal":273,"minecraft:sunflower":5,"minecraft:iron_pickaxe":1,"minecraft:polished_blackstone_slab":1,"minecraft:dark_oak_boat":1,"minecraft:gray_dye":32,"minecraft:bone":56,"minecraft:polished_blackstone_wall":3,"minecraft:sugar_cane":35,"minecraft:polished_andesite_slab":15,"minecraft:golden_chestplate":3,"minecraft:birch_sapling":43,"minecraft:blue_wool":63,"minecraft:netherite_shovel":6,"minecraft:blaze_powder":1,"minecraft:dark_oak_fence_gate":1,"minecraft:lime_bed":1,"minecraft:brick_stairs":3,"minecraft:heavy_weighted_pressure_plate":5,"minecraft:charcoal":2,"minecraft:hopper":30,"minecraft:ladder":18,"minecraft:spruce_slab":40,"minecraft:egg":38,"minecraft:crimson_planks":1,"minecraft:iron_ingot":99,"minecraft:netherite_pickaxe":7,"minecraft:birch_leaves":41,"minecraft:gray_stained_glass_pane":6,"minecraft:tnt":1563,"minecraft:netherite_helmet":5,"minecraft:feather":7,"minecraft:yellow_terracotta":29,"minecraft:cobblestone":5489,"minecraft:apple":13,"minecraft:granite":166,"minecraft:spruce_button":2,"minecraft:coal":28,"minecraft:pufferfish":3,"minecraft:polished_andesite":3,"minecraft:end_rod":1,"minecraft:oxeye_daisy":54,"minecraft:jungle_slab":11,"minecraft:iron_trapdoor":7,"minecraft:golden_carrot":364,"minecraft:wooden_hoe":4,"minecraft:rose_bush":13,"minecraft:diamond_helmet":5,"minecraft:lime_carpet":86,"minecraft:nether_sprouts":192,"minecraft:dead_bush":34,"minecraft:dried_kelp":1200,"minecraft:iron_shovel":2,"minecraft:paper":1827,"minecraft:string":150,"minecraft:gray_carpet":10,"minecraft:spruce_sapling":155,"minecraft:pink_tulip":1,"minecraft:brick_wall":1,"minecraft:netherite_ingot":4,"minecraft:stone_sword":1,"minecraft:polished_diorite_slab":2,"minecraft:cobblestone_wall":2,"minecraft:bowl":3,"minecraft:diamond_hoe":2,"minecraft:chicken":10,"minecraft:stone_slab":13,"minecraft:orange_wool":68,"minecraft:nether_bricks":97,"minecraft:spruce_fence":192,"minecraft:pumpkin_seeds":28,"minecraft:lily_of_the_valley":4,"minecraft:potato":48,"minecraft:hay_block":6,"minecraft:shroomlight":96,"minecraft:stone":1701,"minecraft:wooden_shovel":4,"minecraft:spider_eye":28,"minecraft:light_gray_dye":5,"minecraft:blue_orchid":16,"minecraft:red_tulip":6,"minecraft:pink_concrete_powder":7,"minecraft:black_wool":7,"minecraft:birch_planks":10,"minecraft:brown_mushroom":33,"minecraft:dark_oak_stairs":3,"minecraft:diamond_axe":2,"minecraft:lime_shulker_box":1,"minecraft:sandstone_slab":2,"minecraft:lantern":1,"minecraft:flint":46,"minecraft:music_disc_11":1,"minecraft:spruce_leaves":21,"minecraft:cyan_terracotta":2,"minecraft:orange_carpet":66,"minecraft:dispenser":13,"minecraft:cornflower":37,"minecraft:crimson_roots":14,"minecraft:cooked_cod":2,"minecraft:white_stained_glass_pane":4,"minecraft:pumpkin_pie":12,"minecraft:birch_log":675,"minecraft:brown_mushroom_block":69,"minecraft:armor_stand":3,"minecraft:gravel":587,"minecraft:white_tulip":1,"minecraft:crimson_fungus":25,"minecraft:blackstone":59,"minecraft:yellow_wool":60,"minecraft:lime_wool":18,"minecraft:diorite_stairs":2,"minecraft:fern":1,"minecraft:diamond_shovel":9,"minecraft:stone_stairs":6,"minecraft:carrot":6,"minecraft:brown_shulker_box":2,"minecraft:sandstone_wall":19,"minecraft:poppy":114,"minecraft:gunpowder":7157,"minecraft:birch_trapdoor":1,"minecraft:spruce_pressure_plate":1,"minecraft:melon_seeds":1,"minecraft:glowstone":51,"minecraft:chest":1,"minecraft:arrow":68,"minecraft:basalt":67,"minecraft:gray_shulker_box":1,"minecraft:quartz":1877,"minecraft:written_book":7,"minecraft:oak_leaves":51,"minecraft:netherrack":1605,"minecraft:firework_rocket":869,"minecraft:stripped_spruce_log":3,"minecraft:oak_slab":78,"minecraft:magenta_carpet":2,"minecraft:mossy_cobblestone":6,"minecraft:minecart":11,"minecraft:diamond_leggings":2,"minecraft:lead":17,"minecraft:spectral_arrow":2,"minecraft:observer":4,"minecraft:grass_block":615,"minecraft:stick":337,"minecraft:diorite":932,"minecraft:torch":82,"minecraft:smooth_quartz":93,"minecraft:brown_wool":1,"minecraft:green_carpet":2,"minecraft:smooth_quartz_slab":15,"minecraft:iron_axe":1,"minecraft:granite_stairs":1,"minecraft:bucket":2,"minecraft:lapis_block":1,"minecraft:dandelion":121,"minecraft:redstone":121,"minecraft:red_concrete":1,"minecraft:nether_brick_slab":25,"minecraft:anvil":9,"minecraft:ender_chest":5,"minecraft:coarse_dirt":25,"minecraft:composter":2,"minecraft:iron_hoe":1,"minecraft:stripped_acacia_wood":1,"minecraft:acacia_leaves":1411,"minecraft:glass_pane":16,"minecraft:red_terracotta":55,"minecraft:filled_map":7,"minecraft:snow":12,"minecraft:orange_terracotta":73,"minecraft:pink_wool":123,"minecraft:light_gray_bed":1,"minecraft:oak_boat":1,"minecraft:golden_sword":1,"minecraft:stripped_warped_stem":5,"minecraft:slime_ball":52,"minecraft:diamond_boots":3,"minecraft:stripped_acacia_log":2,"minecraft:stripped_crimson_hyphae":1,"minecraft:stone_pickaxe":4,"minecraft:light_blue_shulker_box":1,"minecraft:white_stained_glass":1,"minecraft:light_blue_bed":7},"minecraft:used":{"minecraft:writable_book":197,"minecraft:jack_o_lantern":1,"minecraft:polished_granite_stairs":91,"minecraft:smooth_quartz_slab":494,"minecraft:dispenser":153,"minecraft:poppy":32,"minecraft:black_carpet":21135,"minecraft:stone":43615,"minecraft:quartz_stairs":100,"minecraft:red_nether_brick_stairs":117,"minecraft:warped_sign":3,"minecraft:rotten_flesh":6,"minecraft:soul_sand":174,"minecraft:cocoa_beans":80,"minecraft:lily_of_the_valley":1,"minecraft:snowball":23,"minecraft:azure_bluet":70,"minecraft:weeping_vines":12,"minecraft:spruce_boat":12,"minecraft:polished_blackstone_slab":88,"minecraft:jungle_sapling":121,"minecraft:stripped_dark_oak_wood":64,"minecraft:lava_bucket":2919,"minecraft:quartz_pillar":275,"minecraft:lime_banner":76,"minecraft:jungle_fence_gate":52,"minecraft:red_wool":6510,"minecraft:quartz_block":156,"minecraft:dark_oak_slab":3253,"minecraft:dark_oak_leaves":159,"minecraft:diorite_wall":301,"minecraft:cooked_cod":1,"minecraft:bow":993,"minecraft:acacia_fence":38,"minecraft:oak_sapling":424,"minecraft:gray_banner":1,"minecraft:yellow_glazed_terracotta":12,"minecraft:dark_prismarine_stairs":80,"minecraft:green_stained_glass_pane":36,"minecraft:mossy_stone_bricks":221,"minecraft:damaged_anvil":3,"minecraft:chorus_fruit":8,"minecraft:lily_pad":1,"minecraft:blackstone":765,"minecraft:cactus":174,"minecraft:mossy_stone_brick_stairs":3,"minecraft:wooden_pickaxe":103,"minecraft:composter":40,"minecraft:clay":406,"minecraft:jungle_boat":1,"minecraft:cut_sandstone_slab":191,"minecraft:blast_furnace":27,"minecraft:acacia_leaves":89,"minecraft:chiseled_quartz_block":16,"minecraft:gray_concrete":2036,"minecraft:red_sandstone_wall":19,"minecraft:purple_concrete_powder":1,"minecraft:birch_fence":96,"minecraft:birch_slab":51,"minecraft:gray_stained_glass_pane":172,"minecraft:oak_pressure_plate":3,"minecraft:cut_red_sandstone":4,"minecraft:coal_block":12,"minecraft:nether_wart_block":4,"minecraft:diamond_sword":1480,"minecraft:smithing_table":29,"minecraft:birch_log":563,"minecraft:oak_boat":12,"minecraft:compass":1,"minecraft:diorite_slab":136,"minecraft:purple_wool":62,"minecraft:diorite_stairs":22,"minecraft:oak_trapdoor":604,"minecraft:stripped_acacia_wood":15,"minecraft:polished_blackstone_brick_slab":33,"minecraft:enchanting_table":1,"minecraft:orange_concrete":38,"minecraft:dead_bush":85,"minecraft:armor_stand":59,"minecraft:light_gray_carpet":651,"minecraft:polished_blackstone_wall":172,"minecraft:torch":8772,"minecraft:brewing_stand":18,"minecraft:nether_quartz_ore":1,"minecraft:cod_bucket":1,"minecraft:light_gray_glazed_terracotta":181,"minecraft:yellow_carpet":730,"minecraft:oak_fence_gate":20,"minecraft:fern":951,"minecraft:mossy_cobblestone_stairs":69,"minecraft:sea_lantern":90,"minecraft:chipped_anvil":5,"minecraft:iron_block":880,"minecraft:light_weighted_pressure_plate":11,"minecraft:jungle_log":291,"minecraft:barrel":614,"minecraft:bamboo":96,"minecraft:lime_concrete":9,"minecraft:basalt":941,"minecraft:warped_stairs":101,"minecraft:podzol":455,"minecraft:acacia_planks":35,"minecraft:wheat_seeds":3028,"minecraft:warped_stem":816,"minecraft:light_blue_shulker_box":65,"minecraft:birch_planks":64,"minecraft:lead":4,"minecraft:blue_concrete_powder":1,"minecraft:cauldron":61,"minecraft:spruce_fence_gate":345,"minecraft:diamond_block":659,"minecraft:light_gray_banner":8,"minecraft:rail":940,"minecraft:red_bed":8,"minecraft:crimson_trapdoor":76,"minecraft:white_bed":159,"minecraft:campfire":110,"minecraft:mushroom_stem":307,"minecraft:spruce_log":1856,"minecraft:acacia_sign":55,"minecraft:blue_stained_glass_pane":10,"minecraft:diamond_shovel":57140,"minecraft:diamond_pickaxe":105970,"minecraft:warped_trapdoor":205,"minecraft:oak_button":75,"minecraft:tnt_minecart":7,"minecraft:magenta_concrete_powder":1,"minecraft:spruce_trapdoor":1790,"minecraft:spruce_sapling":740,"minecraft:blue_carpet":2,"minecraft:pink_bed":8,"minecraft:green_carpet":568,"minecraft:potion":6,"minecraft:orange_banner":14,"minecraft:cooked_porkchop":33,"minecraft:andesite_stairs":122,"minecraft:warped_fence_gate":23,"minecraft:stripped_oak_log":270,"minecraft:dandelion":67,"minecraft:green_stained_glass":48,"minecraft:light_blue_banner":86,"minecraft:blue_terracotta":235,"minecraft:red_sand":2,"minecraft:light_gray_stained_glass_pane":810,"minecraft:bone_block":20,"minecraft:polished_basalt":204,"minecraft:nether_wart":669,"minecraft:stripped_jungle_wood":21,"minecraft:grass":4479,"minecraft:mossy_stone_brick_slab":28,"minecraft:green_terracotta":313,"minecraft:soul_campfire":8,"minecraft:spruce_leaves":8486,"minecraft:mutton":2,"minecraft:jungle_planks":319,"minecraft:pink_terracotta":244,"minecraft:beehive":24,"minecraft:obsidian":419,"minecraft:honey_bottle":2,"minecraft:bricks":2234,"minecraft:spruce_wood":230,"minecraft:lantern":366,"minecraft:blue_orchid":267,"minecraft:green_wool":650,"minecraft:polished_blackstone_brick_wall":26,"minecraft:warped_nylium":6,"minecraft:light_blue_bed":1805,"minecraft:mossy_cobblestone_slab":242,"minecraft:item_frame":399,"minecraft:birch_button":63,"minecraft:birch_trapdoor":877,"minecraft:red_nether_brick_wall":131,"minecraft:written_book":89,"minecraft:blue_shulker_box":23,"minecraft:gold_block":19,"minecraft:pink_concrete_powder":103,"minecraft:dark_oak_sapling":1035,"minecraft:end_rod":191,"minecraft:dropper":52,"minecraft:stripped_acacia_log":89,"minecraft:gray_carpet":279,"minecraft:stone_pickaxe":13586,"minecraft:jungle_fence":100,"minecraft:oak_planks":330,"minecraft:prismarine_stairs":19,"minecraft:polished_diorite_slab":77,"minecraft:sandstone":7914,"minecraft:sugar_cane":323,"minecraft:diamond_axe":18279,"minecraft:white_wool":691,"minecraft:light_blue_concrete":108,"minecraft:lime_stained_glass_pane":101,"minecraft:light_blue_wool":171,"minecraft:yellow_concrete":31,"minecraft:crossbow":13,"minecraft:sticky_piston":40,"minecraft:black_terracotta":496,"minecraft:lever":94,"minecraft:daylight_detector":7,"minecraft:acacia_door":16,"minecraft:dark_oak_log":4185,"minecraft:nether_sprouts":5,"minecraft:bread":8,"minecraft:brown_wool":77,"minecraft:warped_slab":47,"minecraft:iron_door":3,"minecraft:prismarine_wall":91,"minecraft:stripped_warped_hyphae":1398,"minecraft:light_blue_concrete_powder":95,"minecraft:chain":928,"minecraft:smooth_stone_slab":1557,"minecraft:mossy_cobblestone_wall":25,"minecraft:coarse_dirt":4110,"minecraft:bone_meal":4608,"minecraft:orange_concrete_powder":46,"minecraft:netherite_sword":10,"minecraft:white_tulip":2,"minecraft:rose_bush":227,"minecraft:flint_and_steel":165,"minecraft:granite_stairs":153,"minecraft:redstone":701,"minecraft:ender_chest":256,"minecraft:brown_shulker_box":201,"minecraft:stripped_birch_wood":193,"minecraft:stone_hoe":2991,"minecraft:cooked_chicken":3,"minecraft:dirt":47128,"minecraft:red_nether_brick_slab":224,"minecraft:prismarine_bricks":338,"minecraft:bee_nest":1,"minecraft:spruce_fence":6222,"minecraft:warped_pressure_plate":1,"minecraft:iron_hoe":248,"minecraft:wooden_axe":45,"minecraft:brown_terracotta":1087,"minecraft:light_gray_stained_glass":203,"minecraft:oak_stairs":116,"minecraft:smooth_sandstone":3814,"minecraft:crimson_slab":5,"minecraft:yellow_concrete_powder":32,"minecraft:black_stained_glass":192,"minecraft:soul_soil":424,"minecraft:dark_oak_pressure_plate":4,"minecraft:lime_stained_glass":1175,"minecraft:netherite_pickaxe":31039,"minecraft:minecart":34,"minecraft:cyan_concrete_powder":363,"minecraft:mossy_stone_brick_wall":11,"minecraft:cooked_beef":174,"minecraft:light_gray_bed":381,"minecraft:pumpkin":16,"minecraft:turtle_egg":6,"minecraft:quartz_bricks":218,"minecraft:cobblestone_stairs":145,"minecraft:lodestone":6,"minecraft:snow_block":5361,"minecraft:red_nether_bricks":282,"minecraft:birch_boat":2,"minecraft:brown_mushroom":71,"minecraft:cut_sandstone":512,"minecraft:spruce_sign":103,"minecraft:green_bed":532,"minecraft:warped_roots":6,"minecraft:dark_prismarine_slab":39,"minecraft:red_mushroom":3,"minecraft:magenta_carpet":1,"minecraft:warped_planks":361,"minecraft:cyan_stained_glass":66,"minecraft:piston":112,"minecraft:wooden_hoe":128,"minecraft:gray_terracotta":608,"minecraft:flower_pot":269,"minecraft:black_wool":3568,"minecraft:lapis_ore":2,"minecraft:stone_slab":2829,"minecraft:detector_rail":13,"minecraft:jungle_stairs":105,"minecraft:yellow_wool":315,"minecraft:stone_axe":162,"minecraft:magenta_banner":3,"minecraft:crimson_fungus":71,"minecraft:cyan_stained_glass_pane":48,"minecraft:pink_shulker_box":227,"minecraft:lapis_block":1,"minecraft:pumpkin_pie":13,"minecraft:sea_pickle":18,"minecraft:gray_wool":797,"minecraft:birch_stairs":24,"minecraft:peony":116,"minecraft:nether_brick_fence":42,"minecraft:polished_blackstone":529,"minecraft:ladder":63,"minecraft:spruce_slab":1897,"minecraft:cut_red_sandstone_slab":18,"minecraft:green_banner":35,"minecraft:chest":426,"minecraft:brown_concrete":42,"minecraft:white_shulker_box":275,"minecraft:acacia_button":13,"minecraft:brick_slab":92,"minecraft:blue_stained_glass":2,"minecraft:orange_wool":2946,"minecraft:jungle_slab":92,"minecraft:acacia_sapling":757,"minecraft:stripped_spruce_log":436,"minecraft:honey_block":2,"minecraft:netherite_shovel":67193,"minecraft:birch_sapling":539,"minecraft:black_stained_glass_pane":895,"minecraft:warped_hyphae":1382,"minecraft:grass_block":70538,"minecraft:polished_andesite_stairs":442,"minecraft:orange_shulker_box":172,"minecraft:dark_oak_button":21,"minecraft:pink_wool":192,"minecraft:blue_banner":1,"minecraft:stone_brick_stairs":1018,"minecraft:rabbit_stew":13,"minecraft:snow":90,"minecraft:dark_oak_boat":2,"minecraft:sweet_berries":106,"minecraft:furnace":292,"minecraft:egg":170,"minecraft:potato":146,"minecraft:dragon_head":1,"minecraft:seagrass":16,"minecraft:brown_concrete_powder":57,"minecraft:magenta_shulker_box":63,"minecraft:light_blue_carpet":43,"minecraft:emerald_ore":4,"minecraft:spruce_door":87,"minecraft:stripped_birch_log":471,"minecraft:diorite":1761,"minecraft:brick_wall":430,"minecraft:red_stained_glass":3,"minecraft:acacia_trapdoor":596,"minecraft:powered_rail":72,"minecraft:blackstone_stairs":36,"minecraft:lime_concrete_powder":1,"minecraft:purpur_pillar":33,"minecraft:oak_leaves":19182,"minecraft:cookie":1,"minecraft:smooth_quartz_stairs":234,"minecraft:dark_oak_trapdoor":930,"minecraft:sand":1088,"minecraft:purpur_stairs":23,"minecraft:smooth_red_sandstone":21,"minecraft:blue_ice":2,"minecraft:black_concrete_powder":355,"minecraft:pumpkin_seeds":12,"minecraft:chiseled_sandstone":9,"minecraft:stone_button":134,"minecraft:cyan_carpet":1179,"minecraft:red_terracotta":1053,"minecraft:diamond_ore":12,"minecraft:lectern":45,"minecraft:polished_granite":858,"minecraft:lilac":264,"minecraft:polished_andesite_slab":983,"minecraft:soul_lantern":22,"minecraft:magenta_stained_glass_pane":8,"minecraft:wooden_sword":25,"minecraft:dark_oak_fence":1552,"minecraft:white_stained_glass":487,"minecraft:green_concrete_powder":982,"minecraft:ice":9,"minecraft:gray_stained_glass":107,"minecraft:iron_bars":1002,"minecraft:acacia_log":1667,"minecraft:red_concrete":169,"minecraft:mycelium":148,"minecraft:stripped_warped_stem":178,"minecraft:sandstone_wall":1310,"minecraft:netherrack":2086,"minecraft:orange_bed":12,"minecraft:light_gray_shulker_box":26,"minecraft:anvil":44,"minecraft:target":1,"minecraft:warped_wart_block":62,"minecraft:twisting_vines":1,"minecraft:stone_stairs":1235,"minecraft:nether_brick_slab":96,"minecraft:polished_granite_slab":144,"minecraft:jungle_trapdoor":189,"minecraft:blue_concrete":41,"minecraft:nether_brick_stairs":5,"minecraft:polished_diorite":1519,"minecraft:shroomlight":100,"minecraft:red_shulker_box":1154,"minecraft:cyan_shulker_box":121,"minecraft:spruce_button":19,"minecraft:iron_axe":2753,"minecraft:brick_stairs":71,"minecraft:slime_block":82,"minecraft:warped_fence":223,"minecraft:smooth_quartz":475,"minecraft:totem_of_undying":2,"minecraft:pink_stained_glass_pane":9,"minecraft:prismarine_slab":27,"minecraft:melon_seeds":3,"minecraft:tripwire_hook":12,"minecraft:purple_concrete":854,"minecraft:glowstone":277,"minecraft:iron_trapdoor":67,"minecraft:magenta_wool":10,"minecraft:acacia_wood":2853,"minecraft:observer":117,"minecraft:orange_terracotta":857,"minecraft:crimson_stem":492,"minecraft:water_bucket":1336,"minecraft:yellow_banner":9,"minecraft:nether_brick_wall":26,"minecraft:light_blue_glazed_terracotta":24,"minecraft:sandstone_stairs":50,"minecraft:prismarine_brick_slab":94,"minecraft:yellow_shulker_box":128,"minecraft:smooth_sandstone_slab":464,"minecraft:lime_wool":602,"minecraft:cartography_table":14,"minecraft:red_mushroom_block":23,"minecraft:polished_blackstone_bricks":620,"minecraft:cracked_stone_bricks":601,"minecraft:gilded_blackstone":55,"minecraft:pink_concrete":170,"minecraft:orange_carpet":7060,"minecraft:mossy_cobblestone":1048,"minecraft:lime_terracotta":594,"minecraft:comparator":38,"minecraft:vine":138,"minecraft:tnt":250,"minecraft:crafting_table":1020,"minecraft:oak_slab":262,"minecraft:birch_sign":85,"minecraft:dark_oak_fence_gate":474,"minecraft:lime_shulker_box":99,"minecraft:cake":6,"minecraft:oak_log":1701,"minecraft:dark_prismarine":112,"minecraft:cornflower":2,"minecraft:oxeye_daisy":10,"minecraft:stripped_jungle_log":196,"minecraft:iron_pickaxe":13047,"minecraft:cyan_concrete":2114,"minecraft:purpur_slab":1,"minecraft:crimson_nylium":44,"minecraft:crimson_sign":1,"minecraft:chiseled_stone_bricks":27,"minecraft:cobblestone":22806,"minecraft:red_concrete_powder":201,"minecraft:sandstone_slab":15,"minecraft:glass_pane":26,"minecraft:brown_mushroom_block":489,"minecraft:jukebox":2,"minecraft:kelp":67,"minecraft:light_blue_stained_glass_pane":25,"minecraft:iron_shovel":2419,"minecraft:diamond_hoe":15043,"minecraft:oak_sign":184,"minecraft:white_concrete_powder":2270,"minecraft:white_terracotta":219,"minecraft:iron_sword":417,"minecraft:purple_shulker_box":6,"minecraft:bell":1,"minecraft:player_head":150,"minecraft:smooth_sandstone_stairs":916,"minecraft:birch_pressure_plate":11,"minecraft:nether_bricks":11,"minecraft:prismarine_brick_stairs":136,"minecraft:carrot":84,"minecraft:cyan_wool":2411,"minecraft:milk_bucket":1,"minecraft:red_sandstone_stairs":16,"minecraft:glass":724,"minecraft:cyan_terracotta":3514,"minecraft:coal_ore":1782,"minecraft:quartz_slab":93,"minecraft:dark_oak_wood":435,"minecraft:gray_concrete_powder":1257,"minecraft:crimson_roots":38,"minecraft:hopper_minecart":32,"minecraft:stone_bricks":6023,"minecraft:repeater":119,"minecraft:red_carpet":821,"minecraft:redstone_lamp":23,"minecraft:honeycomb_block":10,"minecraft:magma_block":8,"minecraft:brown_carpet":598,"minecraft:warped_fungus":178,"minecraft:hay_block":16,"minecraft:scaffolding":14060,"minecraft:gray_bed":54,"minecraft:beetroot_seeds":1,"minecraft:polished_diorite_stairs":216,"minecraft:polished_blackstone_stairs":120,"minecraft:stripped_spruce_wood":141,"minecraft:chiseled_polished_blackstone":8,"minecraft:dark_oak_stairs":1824,"minecraft:birch_leaves":706,"minecraft:dark_oak_sign":124,"minecraft:birch_wood":261,"minecraft:ender_pearl":318,"minecraft:redstone_block":91,"minecraft:yellow_terracotta":15,"minecraft:loom":27,"minecraft:black_banner":2,"minecraft:light_gray_terracotta":2597,"minecraft:blackstone_wall":393,"minecraft:note_block":132,"minecraft:stone_brick_wall":3291,"minecraft:shears":36649,"minecraft:gray_shulker_box":691,"minecraft:firework_rocket":261,"minecraft:redstone_torch":154,"minecraft:string":143,"minecraft:cyan_bed":31,"minecraft:green_concrete":386,"minecraft:birch_fence_gate":16,"minecraft:black_concrete":308,"minecraft:heavy_weighted_pressure_plate":9,"minecraft:lime_carpet":1852,"minecraft:light_gray_concrete":1969,"minecraft:gravel":838,"minecraft:blackstone_slab":29,"minecraft:smooth_red_sandstone_slab":47,"minecraft:granite_slab":184,"minecraft:jungle_sign":61,"minecraft:stripped_oak_wood":199,"minecraft:grindstone":32,"minecraft:white_concrete":3715,"minecraft:andesite":11174,"minecraft:chest_minecart":4,"minecraft:warped_button":10,"minecraft:oak_fence":326,"minecraft:experience_bottle":195,"minecraft:golden_pickaxe":4,"minecraft:cobweb":62,"minecraft:jungle_leaves":270,"minecraft:trident":14,"minecraft:tropical_fish":3,"minecraft:redstone_ore":126,"minecraft:stone_shovel":28130,"minecraft:light_blue_terracotta":26,"minecraft:spruce_planks":4792,"minecraft:wooden_shovel":1155,"minecraft:oak_door":8,"minecraft:white_carpet":5077,"minecraft:hopper":328,"minecraft:spruce_stairs":1248,"minecraft:cobblestone_wall":435,"minecraft:warped_door":3,"minecraft:shulker_box":2129,"minecraft:oak_wood":1353,"minecraft:pink_carpet":34,"minecraft:granite":3820,"minecraft:light_blue_stained_glass":13,"minecraft:purple_banner":2,"minecraft:birch_door":24,"minecraft:andesite_wall":1078,"minecraft:purple_stained_glass_pane":12,"minecraft:stone_brick_slab":1237,"minecraft:dark_oak_planks":8239,"minecraft:red_tulip":11,"minecraft:bookshelf":149,"minecraft:acacia_slab":19,"minecraft:polished_blackstone_brick_stairs":34,"minecraft:crimson_planks":43,"minecraft:light_gray_wool":64,"minecraft:emerald_block":15,"minecraft:golden_carrot":2807,"minecraft:white_stained_glass_pane":555,"minecraft:cyan_banner":6,"minecraft:granite_wall":450,"minecraft:stone_pressure_plate":24,"minecraft:brown_bed":13,"minecraft:cooked_mutton":439,"minecraft:acacia_boat":2,"minecraft:pink_tulip":1,"minecraft:iron_ore":12,"minecraft:glass_bottle":1,"minecraft:polished_andesite":1476,"minecraft:blue_wool":206,"minecraft:pink_banner":23,"minecraft:andesite_slab":1472,"minecraft:black_shulker_box":36,"minecraft:magenta_stained_glass":6,"minecraft:stonecutter":1028,"minecraft:beacon":23,"minecraft:chiseled_nether_bricks":1,"minecraft:cobblestone_slab":841,"minecraft:jungle_wood":54,"minecraft:polished_blackstone_pressure_plate":16,"minecraft:stripped_dark_oak_log":1128,"minecraft:terracotta":4740,"minecraft:lime_bed":389,"minecraft:yellow_stained_glass_pane":7,"minecraft:painting":693,"minecraft:light_gray_concrete_powder":1952,"minecraft:activator_rail":14,"minecraft:smoker":10,"minecraft:smooth_red_sandstone_stairs":86,"minecraft:dark_oak_door":150,"minecraft:nether_gold_ore":48,"minecraft:purple_stained_glass":9,"minecraft:acacia_stairs":19,"minecraft:apple":141,"minecraft:cracked_polished_blackstone_bricks":135,"minecraft:map":2,"minecraft:netherite_axe":49722,"minecraft:acacia_fence_gate":44,"minecraft:fishing_rod":216,"minecraft:green_shulker_box":805,"minecraft:white_banner":154,"minecraft:bucket":4298,"minecraft:jungle_door":1,"minecraft:magenta_glazed_terracotta":13,"minecraft:red_banner":17,"minecraft:smooth_stone":1559,"minecraft:polished_blackstone_button":36,"minecraft:splash_potion":21,"minecraft:soul_torch":10},"minecraft:mined":{"minecraft:red_nether_brick_slab":19,"minecraft:cut_red_sandstone_slab":16,"minecraft:potted_pink_tulip":6,"minecraft:white_bed":150,"minecraft:cut_sandstone_slab":64,"minecraft:red_shulker_box":1158,"minecraft:blackstone_stairs":7,"minecraft:pink_bed":3,"minecraft:cyan_shulker_box":120,"minecraft:red_nether_bricks":121,"minecraft:light_blue_carpet":23,"minecraft:potted_dead_bush":1,"minecraft:granite":4709,"minecraft:acacia_log":4861,"minecraft:brown_wool":13,"minecraft:light_gray_bed":352,"minecraft:blue_wool":55,"minecraft:green_concrete":392,"minecraft:oak_wall_sign":34,"minecraft:nether_wart":372,"minecraft:polished_blackstone_bricks":35,"minecraft:magma_block":25,"minecraft:dark_oak_trapdoor":118,"minecraft:mossy_cobblestone_stairs":5,"minecraft:barrel":159,"minecraft:fire":590,"minecraft:nether_brick_stairs":8,"minecraft:granite_slab":3,"minecraft:spruce_wood":11,"minecraft:light_gray_concrete":2017,"minecraft:green_carpet":10,"minecraft:white_banner":3,"minecraft:pink_tulip":30,"minecraft:white_shulker_box":268,"minecraft:player_head":46,"minecraft:orange_bed":2,"minecraft:tripwire":66,"minecraft:jungle_trapdoor":25,"minecraft:sandstone_slab":6,"minecraft:cut_sandstone":43,"minecraft:magenta_carpet":1,"minecraft:kelp_plant":894,"minecraft:crimson_nylium":75,"minecraft:smoker":1,"minecraft:torch":983,"minecraft:note_block":9,"minecraft:dark_oak_wood":9,"minecraft:dead_bush":119,"minecraft:melon":1,"minecraft:white_stained_glass_pane":38,"minecraft:nether_brick_slab":21,"minecraft:spruce_wall_sign":2,"minecraft:smooth_quartz_slab":63,"minecraft:lime_shulker_box":99,"minecraft:sugar_cane":1554,"minecraft:bricks":412,"minecraft:birch_sapling":54,"minecraft:white_terracotta":17,"minecraft:chain":40,"minecraft:repeater":41,"minecraft:magenta_glazed_terracotta":3,"minecraft:yellow_glazed_terracotta":2,"minecraft:wither_rose":26,"minecraft:grass":6422,"minecraft:dark_oak_sapling":72,"minecraft:birch_button":6,"minecraft:smooth_quartz":35,"minecraft:sandstone_wall":130,"minecraft:acacia_sign":2,"minecraft:dark_prismarine":2,"minecraft:brown_concrete":50,"minecraft:light_blue_wool":66,"minecraft:mossy_cobblestone":56,"minecraft:nether_brick_wall":2,"minecraft:dark_oak_log":10469,"minecraft:cyan_stained_glass":1,"minecraft:sea_lantern":26,"minecraft:dark_oak_fence":73,"minecraft:spruce_fence":1147,"minecraft:stripped_jungle_wood":36,"minecraft:acacia_button":1,"minecraft:redstone_wire":197,"minecraft:red_mushroom":6,"minecraft:cartography_table":6,"minecraft:white_concrete_powder":34,"minecraft:magenta_stained_glass_pane":2,"minecraft:redstone_ore":2005,"minecraft:acacia_trapdoor":84,"minecraft:pink_concrete":191,"minecraft:andesite":7581,"minecraft:green_terracotta":31,"minecraft:cyan_concrete":728,"minecraft:vine":1738,"minecraft:cobblestone_slab":82,"minecraft:rail":125,"minecraft:bone_block":39,"minecraft:green_wool":225,"minecraft:ender_chest":253,"minecraft:potted_allium":5,"minecraft:birch_stairs":2,"minecraft:oak_slab":38,"minecraft:soul_sand":356,"minecraft:redstone_block":38,"minecraft:glass_pane":2,"minecraft:lily_of_the_valley":48,"minecraft:potted_lily_of_the_valley":1,"minecraft:dandelion":408,"minecraft:cornflower":77,"minecraft:warped_roots":273,"minecraft:crimson_slab":1,"minecraft:campfire":11,"minecraft:tall_grass":1101,"minecraft:purpur_pillar":5,"minecraft:diorite":4698,"minecraft:orange_carpet":7,"minecraft:warped_wart_block":9745,"minecraft:purple_wool":24,"minecraft:black_stained_glass":42,"minecraft:red_terracotta":78,"minecraft:coarse_dirt":336,"minecraft:light_blue_bed":1750,"minecraft:cobblestone_wall":12,"minecraft:dark_oak_wall_sign":14,"minecraft:stripped_spruce_wood":148,"minecraft:pink_wall_banner":1,"minecraft:purple_concrete":597,"minecraft:dark_prismarine_slab":1,"minecraft:dark_oak_button":1,"minecraft:sunflower":5,"minecraft:gravel":4497,"minecraft:cobweb":45,"minecraft:brown_terracotta":58,"minecraft:birch_sign":19,"minecraft:oak_button":3,"minecraft:polished_blackstone":26,"minecraft:stone_bricks":823,"minecraft:gold_ore":391,"minecraft:chipped_anvil":6,"minecraft:iron_trapdoor":31,"minecraft:fern":195,"minecraft:stone_pressure_plate":33,"minecraft:oak_sapling":52,"minecraft:farmland":372,"minecraft:mossy_stone_brick_slab":3,"minecraft:andesite_stairs":11,"minecraft:orange_wool":171,"minecraft:brewing_stand":33,"minecraft:spruce_trapdoor":411,"minecraft:white_concrete":3052,"minecraft:cracked_polished_blackstone_bricks":28,"minecraft:polished_diorite":90,"minecraft:composter":10,"minecraft:polished_blackstone_pressure_plate":6,"minecraft:mossy_cobblestone_slab":12,"minecraft:turtle_egg":6,"minecraft:brown_bed":13,"minecraft:green_stained_glass":2,"minecraft:red_tulip":19,"minecraft:iron_bars":179,"minecraft:granite_stairs":14,"minecraft:potted_orange_tulip":6,"minecraft:spruce_slab":170,"minecraft:brown_shulker_box":202,"minecraft:gray_terracotta":28,"minecraft:quartz_block":20,"minecraft:polished_blackstone_wall":62,"minecraft:orange_terracotta":1021,"minecraft:purpur_stairs":1,"minecraft:light_gray_terracotta":289,"minecraft:potted_jungle_sapling":2,"minecraft:jungle_stairs":12,"minecraft:beacon":13,"minecraft:nether_quartz_ore":706,"minecraft:oak_planks":51,"minecraft:wall_torch":415,"minecraft:cauldron":2,"minecraft:light_blue_terracotta":38,"minecraft:stone_stairs":173,"minecraft:warped_nylium":44,"minecraft:blue_terracotta":92,"minecraft:powered_rail":26,"minecraft:dark_oak_slab":200,"minecraft:green_banner":3,"minecraft:warped_planks":22,"minecraft:blue_ice":2,"minecraft:tnt":45,"minecraft:smooth_stone_slab":79,"minecraft:oak_log":5513,"minecraft:beetroots":1,"minecraft:lime_terracotta":41,"minecraft:dirt":26627,"minecraft:dispenser":135,"minecraft:ancient_debris":5,"minecraft:daylight_detector":5,"minecraft:pink_carpet":1,"minecraft:quartz_stairs":208,"minecraft:dark_oak_leaves":1066,"minecraft:red_stained_glass":84,"minecraft:lever":13,"minecraft:ladder":12,"minecraft:stone_button":10,"minecraft:brown_mushroom_block":1842,"minecraft:birch_slab":3,"minecraft:spruce_leaves":9065,"minecraft:acacia_slab":9,"minecraft:crimson_stem":714,"minecraft:hay_block":3,"minecraft:light_blue_wall_banner":3,"minecraft:heavy_weighted_pressure_plate":2,"minecraft:nether_sprouts":214,"minecraft:polished_basalt":372,"minecraft:light_gray_shulker_box":27,"minecraft:detector_rail":9,"minecraft:peony":30,"minecraft:gold_block":34,"minecraft:nether_brick_fence":16,"minecraft:bookshelf":11,"minecraft:shroomlight":466,"minecraft:stripped_oak_log":314,"minecraft:jungle_fence_gate":8,"minecraft:pink_terracotta":118,"minecraft:scaffolding":10721,"minecraft:acacia_leaves":2406,"minecraft:magenta_stained_glass":2,"minecraft:snow_block":615,"minecraft:basalt":1223,"minecraft:stripped_dark_oak_log":1216,"minecraft:warped_fence":9,"minecraft:polished_granite":98,"minecraft:oak_fence":111,"minecraft:honey_block":35,"minecraft:gray_stained_glass":25,"minecraft:lime_carpet":27,"minecraft:stone_slab":350,"minecraft:quartz_bricks":1,"minecraft:red_concrete":76,"minecraft:polished_blackstone_brick_stairs":2,"minecraft:prismarine_bricks":19,"minecraft:birch_planks":5,"minecraft:sea_pickle":37,"minecraft:polished_blackstone_slab":12,"minecraft:ice":241,"minecraft:white_wall_banner":10,"minecraft:bee_nest":5,"minecraft:grass_path":247,"minecraft:warped_hyphae":14,"minecraft:black_wool":180,"minecraft:cocoa":79,"minecraft:yellow_concrete":30,"minecraft:flower_pot":16,"minecraft:cyan_carpet":62,"minecraft:purple_shulker_box":7,"minecraft:cracked_stone_bricks":67,"minecraft:stripped_acacia_wood":16,"minecraft:mossy_stone_bricks":15,"minecraft:jungle_wall_sign":12,"minecraft:dark_oak_planks":551,"minecraft:polished_granite_slab":10,"minecraft:dark_prismarine_stairs":2,"minecraft:stripped_warped_stem":235,"minecraft:light_blue_concrete":95,"minecraft:black_terracotta":26,"minecraft:jungle_leaves":1045,"minecraft:obsidian":483,"minecraft:warped_stairs":7,"minecraft:carved_pumpkin":1,"minecraft:red_sand":956,"minecraft:smooth_red_sandstone_stairs":48,"minecraft:crimson_trapdoor":2,"minecraft:stone_brick_wall":118,"minecraft:yellow_carpet":24,"minecraft:jungle_log":2397,"minecraft:coal_block":38,"minecraft:lime_stained_glass":95,"minecraft:diorite_stairs":12,"minecraft:hopper":111,"minecraft:crimson_fungus":28,"minecraft:oxeye_daisy":79,"minecraft:chiseled_stone_bricks":1,"minecraft:light_blue_stained_glass":2,"minecraft:potted_fern":3,"minecraft:weeping_vines_plant":23,"minecraft:orange_concrete":37,"minecraft:tall_seagrass":140,"minecraft:sticky_piston":17,"minecraft:pumpkin":7,"minecraft:stripped_dark_oak_wood":64,"minecraft:lime_stained_glass_pane":13,"minecraft:smooth_red_sandstone":1,"minecraft:oak_sign":24,"minecraft:oak_stairs":23,"minecraft:quartz_slab":28,"minecraft:smooth_sandstone_stairs":90,"minecraft:crimson_sign":2,"minecraft:blue_orchid":83,"minecraft:iron_block":715,"minecraft:piston_head":17,"minecraft:brown_mushroom":80,"minecraft:red_bed":7,"minecraft:player_wall_head":21,"minecraft:soul_fire":6,"minecraft:blue_stained_glass":2,"minecraft:blast_furnace":4,"minecraft:polished_andesite_stairs":69,"minecraft:green_concrete_powder":72,"minecraft:polished_diorite_slab":16,"minecraft:glass":249,"minecraft:cyan_bed":27,"minecraft:potted_oak_sapling":3,"minecraft:damaged_anvil":2,"minecraft:smooth_sandstone_slab":18,"minecraft:spruce_sign":3,"minecraft:polished_diorite_stairs":154,"minecraft:cyan_wool":54,"minecraft:black_concrete_powder":16,"minecraft:light_gray_stained_glass":12,"minecraft:wheat":2605,"minecraft:lilac":23,"minecraft:lime_concrete":2,"minecraft:birch_door":4,"minecraft:black_bed":1,"minecraft:warped_fungus":61,"minecraft:stone_brick_stairs":83,"minecraft:potted_poppy":1,"minecraft:prismarine_brick_stairs":7,"minecraft:oak_fence_gate":4,"minecraft:loom":9,"minecraft:stripped_birch_wood":190,"minecraft:blue_shulker_box":25,"minecraft:red_mushroom_block":377,"minecraft:stonecutter":1020,"minecraft:piston":82,"minecraft:light_blue_stained_glass_pane":2,"minecraft:yellow_terracotta":1,"minecraft:pink_shulker_box":228,"minecraft:light_gray_stained_glass_pane":51,"minecraft:blue_stained_glass_pane":2,"minecraft:stripped_birch_log":485,"minecraft:shulker_box":2174,"minecraft:nether_bricks":87,"minecraft:jungle_planks":109,"minecraft:crimson_roots":40,"minecraft:orange_shulker_box":175,"minecraft:magenta_concrete":1,"minecraft:red_sandstone_stairs":16,"minecraft:lime_wool":408,"minecraft:kelp":362,"minecraft:pink_wool":66,"minecraft:black_stained_glass_pane":20,"minecraft:jungle_sapling":9,"minecraft:polished_blackstone_button":5,"minecraft:snow":23990,"minecraft:acacia_wood":38,"minecraft:diamond_block":443,"minecraft:potatoes":83,"minecraft:warped_stem":1657,"minecraft:bamboo":90,"minecraft:smooth_quartz_stairs":39,"minecraft:bamboo_sapling":1,"minecraft:warped_trapdoor":28,"minecraft:white_wool":196,"minecraft:smithing_table":4,"minecraft:light_gray_carpet":26,"minecraft:gray_concrete":1318,"minecraft:comparator":11,"minecraft:brown_carpet":22,"minecraft:stone_brick_slab":79,"minecraft:pink_concrete_powder":14,"minecraft:observer":62,"minecraft:jungle_sign":2,"minecraft:smooth_sandstone":242,"minecraft:light_gray_concrete_powder":5,"minecraft:emerald_ore":40,"minecraft:dropper":27,"minecraft:smooth_red_sandstone_slab":15,"minecraft:purple_bed":1,"minecraft:purple_stained_glass":10,"minecraft:white_carpet":86,"minecraft:spruce_log":12380,"minecraft:birch_leaves":3566,"minecraft:jungle_fence":13,"minecraft:quartz_pillar":100,"minecraft:red_wall_banner":4,"minecraft:mycelium":1888,"minecraft:dark_oak_sign":2,"minecraft:acacia_door":5,"minecraft:acacia_planks":8,"minecraft:spruce_fence_gate":56,"minecraft:infested_stone":22,"minecraft:black_shulker_box":37,"minecraft:spruce_planks":991,"minecraft:jungle_slab":55,"minecraft:cobblestone_stairs":9,"minecraft:potted_blue_orchid":2,"minecraft:grass_block":73451,"minecraft:blue_concrete":7,"minecraft:purple_stained_glass_pane":2,"minecraft:soul_soil":776,"minecraft:stripped_warped_hyphae":1396,"minecraft:warped_sign":1,"minecraft:sandstone_stairs":23,"minecraft:smooth_stone":44,"minecraft:glowstone":412,"minecraft:red_nether_brick_stairs":30,"minecraft:iron_ore":2168,"minecraft:black_carpet":201,"minecraft:anvil":19,"minecraft:azure_bluet":190,"minecraft:dark_oak_stairs":217,"minecraft:warped_button":1,"minecraft:birch_wall_sign":12,"minecraft:polished_granite_stairs":7,"minecraft:green_bed":510,"minecraft:blackstone":1868,"minecraft:cyan_terracotta":378,"minecraft:twisting_vines_plant":1,"minecraft:clay":930,"minecraft:soul_lantern":2,"minecraft:chiseled_quartz_block":2,"minecraft:poppy":519,"minecraft:chest":243,"minecraft:mushroom_stem":318,"minecraft:cobblestone":4080,"minecraft:birch_wood":2,"minecraft:slime_block":41,"minecraft:grindstone":27,"minecraft:magenta_shulker_box":64,"minecraft:seagrass":193,"minecraft:light_gray_glazed_terracotta":35,"minecraft:acacia_sapling":127,"minecraft:brown_concrete_powder":1,"minecraft:nether_wart_block":4781,"minecraft:birch_log":5277,"minecraft:lapis_block":1,"minecraft:dark_oak_door":80,"minecraft:yellow_wool":78,"minecraft:birch_trapdoor":54,"minecraft:stripped_oak_wood":205,"minecraft:activator_rail":10,"minecraft:light_gray_wool":12,"minecraft:orange_tulip":19,"minecraft:acacia_fence":11,"minecraft:diorite_wall":70,"minecraft:sand":19121,"minecraft:crimson_planks":4,"minecraft:tripwire_hook":1,"minecraft:netherrack":4648,"minecraft:potted_red_tulip":3,"minecraft:oak_leaves":22418,"minecraft:emerald_block":4,"minecraft:redstone_lamp":3,"minecraft:granite_wall":11,"minecraft:nether_gold_ore":104,"minecraft:diamond_ore":195,"minecraft:red_carpet":10,"minecraft:blackstone_wall":13,"minecraft:oak_door":2,"minecraft:gray_shulker_box":694,"minecraft:gray_stained_glass_pane":31,"minecraft:brick_stairs":9,"minecraft:weeping_vines":27,"minecraft:white_stained_glass":77,"minecraft:polished_andesite_slab":208,"minecraft:sandstone":9040,"minecraft:large_fern":486,"minecraft:diorite_slab":81,"minecraft:oak_trapdoor":76,"minecraft:spruce_sapling":73,"minecraft:furnace":259,"minecraft:carrots":75,"minecraft:red_concrete_powder":9,"minecraft:acacia_stairs":3,"minecraft:chiseled_sandstone":3,"minecraft:stripped_spruce_log":501,"minecraft:dark_oak_fence_gate":45,"minecraft:black_concrete":343,"minecraft:bell":6,"minecraft:lantern":48,"minecraft:packed_ice":1,"minecraft:stripped_acacia_log":100,"minecraft:stripped_jungle_log":241,"minecraft:white_tulip":24,"minecraft:stone":81896,"minecraft:yellow_shulker_box":130,"minecraft:redstone_wall_torch":17,"minecraft:birch_pressure_plate":8,"minecraft:podzol":3342,"minecraft:light_blue_shulker_box":67,"minecraft:red_wool":296,"minecraft:brick_wall":43,"minecraft:spruce_door":11,"minecraft:crafting_table":994,"minecraft:cyan_stained_glass_pane":2,"minecraft:blackstone_slab":1,"minecraft:oak_wood":114,"minecraft:lime_concrete_powder":2,"minecraft:rose_bush":4,"minecraft:andesite_slab":355,"minecraft:lectern":39,"minecraft:andesite_wall":85,"minecraft:red_nether_brick_wall":10,"minecraft:lapis_ore":223,"minecraft:lily_pad":4,"minecraft:spruce_stairs":212,"minecraft:gray_wool":159,"minecraft:cactus":9,"minecraft:lime_bed":382,"minecraft:gray_concrete_powder":147,"minecraft:brick_slab":2,"minecraft:green_shulker_box":806,"minecraft:acacia_fence_gate":19,"minecraft:beehive":9,"minecraft:polished_blackstone_stairs":11,"minecraft:redstone_torch":9,"minecraft:sweet_berry_bush":15,"minecraft:gray_bed":51,"minecraft:coal_ore":5245,"minecraft:end_rod":58,"minecraft:gray_carpet":113,"minecraft:lodestone":5,"minecraft:terracotta":2588,"minecraft:acacia_wall_sign":17,"minecraft:potted_white_tulip":3,"minecraft:polished_andesite":143,"minecraft:birch_fence":11,"minecraft:warped_slab":2},"minecraft:crafted":{"minecraft:lime_stained_glass":568,"minecraft:green_banner":33,"minecraft:black_dye":253,"minecraft:yellow_wool":6,"minecraft:oak_sign":123,"minecraft:chain":900,"minecraft:blue_stained_glass_pane":8,"minecraft:diamond_shovel":30,"minecraft:nether_brick":1106,"minecraft:cracked_stone_bricks":535,"minecraft:shulker_box":10,"minecraft:magenta_concrete_powder":8,"minecraft:light_blue_concrete_powder":32,"minecraft:stone_pressure_plate":25,"minecraft:iron_door":3,"minecraft:cyan_banner":7,"minecraft:gray_stained_glass_pane":144,"minecraft:dried_kelp_block":137,"minecraft:black_wool":11,"minecraft:gray_stained_glass":104,"minecraft:white_shulker_box":3,"minecraft:name_tag":1,"minecraft:lime_concrete_powder":8,"minecraft:pink_stained_glass":8,"minecraft:warped_stairs":96,"minecraft:blue_stained_glass":8,"minecraft:redstone_lamp":1,"minecraft:end_rod":8,"minecraft:soul_campfire":8,"minecraft:jungle_boat":1,"minecraft:polished_andesite_stairs":18,"minecraft:acacia_slab":78,"minecraft:chest_minecart":4,"minecraft:green_bed":10,"minecraft:lime_banner":74,"minecraft:smithing_table":25,"minecraft:golden_pickaxe":1,"minecraft:mossy_cobblestone":1241,"minecraft:brown_bed":3,"minecraft:nether_brick_fence":30,"minecraft:sticky_piston":18,"minecraft:red_nether_bricks":378,"minecraft:green_stained_glass":64,"minecraft:painting":159,"minecraft:cartography_table":9,"minecraft:lectern":17,"minecraft:wooden_hoe":5,"minecraft:golden_leggings":2,"minecraft:stone_slab":1076,"minecraft:iron_pickaxe":45,"minecraft:acacia_door":12,"minecraft:sandstone":2081,"minecraft:netherite_ingot":1,"minecraft:composter":30,"minecraft:polished_blackstone_bricks":14,"minecraft:cyan_wool":18,"minecraft:jungle_sign":48,"minecraft:magenta_wool":6,"minecraft:jukebox":2,"minecraft:orange_shulker_box":1,"minecraft:iron_nugget":3420,"minecraft:crimson_trapdoor":76,"minecraft:diamond_hoe":2,"minecraft:experience_bottle":3,"minecraft:soul_torch":48,"minecraft:acacia_fence_gate":46,"minecraft:red_banner":14,"minecraft:polished_blackstone_pressure_plate":16,"minecraft:jack_o_lantern":1,"minecraft:prismarine_brick_stairs":88,"minecraft:lime_stained_glass_pane":56,"minecraft:spruce_fence":5571,"minecraft:cracked_polished_blackstone_bricks":76,"minecraft:stone_stairs":3,"minecraft:terracotta":3096,"minecraft:lantern":173,"minecraft:spruce_stairs":1076,"minecraft:polished_diorite":213,"minecraft:stripped_birch_wood":6,"minecraft:black_concrete_powder":288,"minecraft:red_shulker_box":2,"minecraft:stone_pickaxe":105,"minecraft:quartz_slab":192,"minecraft:spruce_boat":4,"minecraft:lead":6,"minecraft:light_gray_terracotta":2408,"minecraft:light_blue_glazed_terracotta":24,"minecraft:enchanting_table":1,"minecraft:cyan_bed":5,"minecraft:crimson_slab":6,"minecraft:acacia_trapdoor":510,"minecraft:light_blue_wool":9,"minecraft:yellow_stained_glass_pane":16,"minecraft:dark_oak_button":21,"minecraft:acacia_stairs":40,"minecraft:red_carpet":816,"minecraft:enchanted_book":1,"minecraft:orange_dye":66,"minecraft:stripped_warped_hyphae":6,"minecraft:light_blue_carpet":24,"minecraft:magenta_glazed_terracotta":10,"minecraft:oak_fence_gate":24,"minecraft:red_stained_glass":8,"minecraft:soul_lantern":21,"minecraft:warped_sign":3,"minecraft:birch_trapdoor":834,"minecraft:black_stained_glass_pane":896,"minecraft:writable_book":18,"minecraft:iron_shovel":9,"minecraft:armor_stand":14,"minecraft:note_block":125,"minecraft:pink_terracotta":208,"minecraft:grindstone":26,"minecraft:cobblestone_slab":200,"minecraft:barrel":421,"minecraft:birch_wood":270,"minecraft:polished_granite_slab":2,"minecraft:magenta_banner":3,"minecraft:quartz_bricks":120,"minecraft:cooked_chicken":1,"minecraft:stone":10942,"minecraft:red_sandstone":269,"minecraft:snow":48,"minecraft:pink_carpet":39,"minecraft:heavy_weighted_pressure_plate":8,"minecraft:quartz_pillar":190,"minecraft:warped_planks":1444,"minecraft:polished_blackstone_button":25,"minecraft:brown_carpet":579,"minecraft:cake":3,"minecraft:stone_brick_slab":48,"minecraft:nether_brick_wall":7,"minecraft:bow":17,"minecraft:comparator":50,"minecraft:chest":449,"minecraft:polished_basalt":140,"minecraft:oak_button":72,"minecraft:yellow_terracotta":16,"minecraft:jungle_stairs":104,"minecraft:rail":704,"minecraft:blue_concrete_powder":8,"minecraft:bricks":549,"minecraft:birch_button":35,"minecraft:red_nether_brick_slab":6,"minecraft:stone_bricks":2748,"minecraft:oak_fence":198,"minecraft:white_banner":174,"minecraft:dropper":41,"minecraft:arrow":192,"minecraft:cauldron":60,"minecraft:lime_terracotta":240,"minecraft:iron_helmet":3,"minecraft:brown_dye":27,"minecraft:birch_pressure_plate":1,"minecraft:red_wool":6,"minecraft:chiseled_polished_blackstone":4,"minecraft:acacia_button":12,"minecraft:warped_door":3,"minecraft:white_stained_glass_pane":528,"minecraft:yellow_stained_glass":8,"minecraft:dispenser":24,"minecraft:apple":4,"minecraft:tnt":3735,"minecraft:spruce_trapdoor":1360,"minecraft:purple_dye":16,"minecraft:yellow_dye":59,"minecraft:warped_fence_gate":23,"minecraft:gray_terracotta":176,"minecraft:stick":11408,"minecraft:iron_ingot":7078,"minecraft:andesite_stairs":1,"minecraft:light_blue_stained_glass":24,"minecraft:lime_carpet":1827,"minecraft:cyan_carpet":1167,"minecraft:dark_oak_fence_gate":432,"minecraft:oak_door":9,"minecraft:tripwire_hook":10,"minecraft:fishing_rod":4,"minecraft:stone_brick_wall":40,"minecraft:beehive":16,"minecraft:leather_boots":6,"minecraft:golden_chestplate":1,"minecraft:spruce_button":27,"minecraft:mossy_stone_bricks":242,"minecraft:blast_furnace":23,"minecraft:furnace":86,"minecraft:piston":261,"minecraft:polished_andesite_slab":86,"minecraft:smooth_quartz_stairs":128,"minecraft:oak_trapdoor":530,"minecraft:flint_and_steel":8,"minecraft:scaffolding":324,"minecraft:granite_wall":1,"minecraft:white_concrete_powder":768,"minecraft:orange_terracotta":40,"minecraft:brown_shulker_box":1,"minecraft:smooth_quartz_slab":302,"minecraft:blackstone_stairs":1,"minecraft:birch_sign":51,"minecraft:light_blue_stained_glass_pane":32,"minecraft:jungle_wood":69,"minecraft:purple_stained_glass":8,"minecraft:iron_trapdoor":24,"minecraft:polished_blackstone_wall":10,"minecraft:iron_sword":4,"minecraft:black_banner":3,"minecraft:acacia_boat":1,"minecraft:jungle_planks":3904,"minecraft:jungle_door":9,"minecraft:white_dye":447,"minecraft:brown_concrete_powder":56,"minecraft:black_carpet":21068,"minecraft:anvil":25,"minecraft:stonecutter":10,"minecraft:pink_banner":22,"minecraft:andesite":2510,"minecraft:torch":6764,"minecraft:orange_bed":10,"minecraft:magenta_carpet":3,"minecraft:jungle_button":2,"minecraft:light_gray_concrete_powder":1616,"minecraft:smooth_stone":1649,"minecraft:jungle_fence_gate":48,"minecraft:cut_sandstone":20,"minecraft:dark_oak_pressure_plate":4,"minecraft:cut_sandstone_slab":6,"minecraft:orange_carpet":7102,"minecraft:pink_bed":5,"minecraft:oak_pressure_plate":3,"minecraft:dark_oak_wood":468,"minecraft:birch_slab":15774,"minecraft:slime_block":8,"minecraft:loom":19,"minecraft:polished_blackstone_slab":166,"minecraft:lever":184,"minecraft:bookshelf":59,"minecraft:cooked_mutton":445,"minecraft:iron_bars":896,"minecraft:red_concrete_powder":184,"minecraft:quartz_block":379,"minecraft:glass":1021,"minecraft:light_blue_terracotta":24,"minecraft:repeater":131,"minecraft:diamond_leggings":1,"minecraft:cyan_stained_glass_pane":48,"minecraft:netherite_boots":1,"minecraft:melon_seeds":4,"minecraft:birch_fence_gate":16,"minecraft:polished_blackstone":582,"minecraft:stripped_dark_oak_wood":15,"minecraft:acacia_fence":39,"minecraft:birch_door":15,"minecraft:magenta_dye":8,"minecraft:gray_bed":4,"minecraft:flower_pot":152,"minecraft:glass_bottle":15,"minecraft:target":1,"minecraft:wooden_shovel":3,"minecraft:emerald":101,"minecraft:smooth_quartz":1086,"minecraft:diamond_axe":2,"minecraft:prismarine_bricks":21,"minecraft:spruce_door":63,"minecraft:clock":6,"minecraft:purple_banner":2,"minecraft:oak_wood":1260,"minecraft:hay_block":12,"minecraft:campfire":101,"minecraft:tnt_minecart":7,"minecraft:light_gray_bed":19,"minecraft:lime_shulker_box":1,"minecraft:lime_bed":1,"minecraft:green_terracotta":344,"minecraft:compass":98,"minecraft:white_terracotta":208,"minecraft:iron_block":133,"minecraft:light_blue_bed":11,"minecraft:gold_ingot":512,"minecraft:light_gray_dye":270,"minecraft:spruce_fence_gate":290,"minecraft:birch_stairs":32,"minecraft:yellow_concrete_powder":32,"minecraft:stone_shovel":216,"minecraft:smooth_stone_slab":120,"minecraft:leather_leggings":4,"minecraft:player_head":41,"minecraft:mossy_cobblestone_stairs":3,"minecraft:red_terracotta":104,"minecraft:bone_meal":4729,"minecraft:cyan_stained_glass":88,"minecraft:andesite_wall":12,"minecraft:pink_dye":50,"minecraft:white_carpet":5054,"minecraft:warped_trapdoor":178,"minecraft:diamond":2817,"minecraft:dark_oak_fence":1515,"minecraft:detector_rail":12,"minecraft:ladder":72,"minecraft:yellow_glazed_terracotta":10,"minecraft:blue_banner":1,"minecraft:spruce_slab":23562,"minecraft:ender_pearl":2,"minecraft:diamond_boots":1,"minecraft:redstone_block":1070,"minecraft:jungle_fence":90,"minecraft:dark_oak_planks":20168,"minecraft:golden_helmet":3,"minecraft:wheat":54,"minecraft:coal_block":693,"minecraft:daylight_detector":5,"minecraft:crossbow":1,"minecraft:netherite_pickaxe":1,"minecraft:dried_kelp":1051,"minecraft:red_bed":3,"minecraft:polished_granite":140,"minecraft:gray_concrete_powder":760,"minecraft:glowstone":2,"minecraft:white_stained_glass":520,"minecraft:green_stained_glass_pane":48,"minecraft:jungle_slab":378,"minecraft:sandstone_wall":1,"minecraft:mossy_stone_brick_stairs":1,"minecraft:acacia_sign":39,"minecraft:andesite_slab":56,"minecraft:gray_shulker_box":1,"minecraft:cyan_shulker_box":1,"minecraft:wooden_axe":1,"minecraft:oak_stairs":172,"minecraft:warped_pressure_plate":1,"minecraft:iron_leggings":1,"minecraft:white_bed":7,"minecraft:lime_wool":1,"minecraft:light_gray_glazed_terracotta":22,"minecraft:blue_carpet":3,"minecraft:brick":2374,"minecraft:oak_planks":6140,"minecraft:cobblestone_stairs":64,"minecraft:warped_hyphae":1320,"minecraft:light_blue_banner":81,"minecraft:spruce_pressure_plate":1,"minecraft:green_dye":2173,"minecraft:dark_oak_door":72,"minecraft:hopper":285,"minecraft:iron_boots":1,"minecraft:cyan_terracotta":1204,"minecraft:yellow_banner":11,"minecraft:stone_hoe":28,"minecraft:golden_sword":2,"minecraft:honeycomb_block":1,"minecraft:smoker":9,"minecraft:smooth_red_sandstone":114,"minecraft:item_frame":86,"minecraft:oak_slab":462,"minecraft:acacia_wood":2871,"minecraft:map":98,"minecraft:crafting_table":35,"minecraft:spruce_planks":34964,"minecraft:wooden_pickaxe":1,"minecraft:light_gray_banner":8,"minecraft:gold_block":26,"minecraft:hopper_minecart":32,"minecraft:brewing_stand":1,"minecraft:birch_planks":11756,"minecraft:pumpkin_seeds":8,"minecraft:emerald_block":17,"minecraft:dark_oak_slab":3534,"minecraft:book":201,"minecraft:iron_chestplate":1,"minecraft:paper":1608,"minecraft:charcoal":34,"minecraft:diamond_pickaxe":4,"minecraft:shield":2,"minecraft:warped_slab":54,"minecraft:light_weighted_pressure_plate":11,"minecraft:birch_fence":93,"minecraft:light_blue_dye":39,"minecraft:leather_chestplate":6,"minecraft:stone_sword":2,"minecraft:snow_block":6010,"minecraft:green_shulker_box":1,"minecraft:redstone_torch":500,"minecraft:gray_carpet":195,"minecraft:light_gray_carpet":687,"minecraft:light_gray_stained_glass_pane":216,"minecraft:shears":442,"minecraft:green_carpet":564,"minecraft:polished_andesite":520,"minecraft:coarse_dirt":3564,"minecraft:wooden_sword":2,"minecraft:redstone":1969,"minecraft:coal":4149,"minecraft:light_gray_stained_glass":280,"minecraft:popped_chorus_fruit":2,"minecraft:stone_button":110,"minecraft:dark_oak_trapdoor":826,"minecraft:jungle_trapdoor":172,"minecraft:gray_dye":160,"minecraft:dark_oak_sign":93,"minecraft:diamond_block":342,"minecraft:glass_pane":240,"minecraft:warped_fence":216,"minecraft:yellow_shulker_box":1,"minecraft:green_concrete_powder":960,"minecraft:black_terracotta":368,"minecraft:iron_axe":11,"minecraft:spruce_wood":228,"minecraft:iron_hoe":1,"minecraft:slime_ball":27,"minecraft:orange_concrete_powder":40,"minecraft:lime_dye":80,"minecraft:warped_button":9,"minecraft:filled_map":2,"minecraft:gray_banner":1,"minecraft:chiseled_sandstone":1,"minecraft:netherite_scrap":5,"minecraft:orange_banner":14,"minecraft:minecart":52,"minecraft:observer":80,"minecraft:cooked_beef":315,"minecraft:sugar":6,"minecraft:red_dye":140,"minecraft:cyan_concrete_powder":440,"minecraft:bone_block":66,"minecraft:crimson_planks":272,"minecraft:diamond_sword":1,"minecraft:cyan_dye":124,"minecraft:spruce_sign":93,"minecraft:dark_oak_stairs":1660,"minecraft:pink_concrete_powder":160,"minecraft:powered_rail":42,"minecraft:activator_rail":6,"minecraft:yellow_carpet":708,"minecraft:smooth_sandstone":3328,"minecraft:nether_bricks":98,"minecraft:bucket":12,"minecraft:stone_axe":6,"minecraft:brown_terracotta":160,"minecraft:lodestone":1,"minecraft:air":0,"minecraft:bread":126,"minecraft:blue_dye":86,"minecraft:black_stained_glass":464,"minecraft:oak_boat":4,"minecraft:magenta_terracotta":16,"minecraft:pink_stained_glass_pane":16,"minecraft:green_wool":1,"minecraft:pumpkin_pie":4,"minecraft:acacia_planks":2120,"minecraft:purple_concrete_powder":8,"minecraft:blackstone_slab":8,"minecraft:lapis_block":163,"minecraft:clay":188,"minecraft:lapis_lazuli":57,"minecraft:firework_rocket":681}},"DataVersion":2584}