{"stats":{"minecraft:custom":{"minecraft:interact_with_crafting_table":3930,"minecraft:deaths":94,"minecraft:jump":611210,"minecraft:play_record":3,"minecraft:interact_with_cartography_table":22,"minecraft:inspect_dispenser":1138,"minecraft:horse_one_cm":138626,"minecraft:inspect_dropper":1813,"minecraft:interact_with_anvil":521,"minecraft:inspect_hopper":3365,"minecraft:tune_noteblock":559,"minecraft:time_since_rest":12396,"minecraft:swim_one_cm":2103692,"minecraft:open_chest":30685,"minecraft:open_shulker_box":26888,"minecraft:damage_resisted":2716,"minecraft:play_noteblock":227,"minecraft:talked_to_villager":3823,"minecraft:interact_with_brewingstand":302,"minecraft:interact_with_beacon":70,"minecraft:fill_cauldron":2,"minecraft:boat_one_cm":7331993,"minecraft:damage_taken":410296,"minecraft:aviate_one_cm":865065162,"minecraft:open_barrel":3703,"minecraft:bell_ring":106,"minecraft:eat_cake_slice":9,"minecraft:leave_game":2010,"minecraft:time_since_death":494028,"minecraft:enchant_item":133,"minecraft:interact_with_furnace":1249,"minecraft:traded_with_villager":16569,"minecraft:sleep_in_bed":1623,"minecraft:damage_dealt":1494392,"minecraft:use_cauldron":15,"minecraft:interact_with_smithing_table":24,"minecraft:target_hit":8,"minecraft:sneak_time":2785217,"minecraft:interact_with_lectern":178,"minecraft:interact_with_blast_furnace":3,"minecraft:interact_with_stonecutter":42,"minecraft:fly_one_cm":177442513,"minecraft:fish_caught":1,"minecraft:fall_one_cm":15505762,"minecraft:animals_bred":117,"minecraft:sprint_one_cm":136551990,"minecraft:drop":17391,"minecraft:walk_on_water_one_cm":3695762,"minecraft:play_one_minute":68234648,"minecraft:interact_with_loom":6,"minecraft:open_enderchest":5081,"minecraft:player_kills":23,"minecraft:crouch_one_cm":11287784,"minecraft:mob_kills":64036,"minecraft:climb_one_cm":3582784,"minecraft:walk_one_cm":131288540,"minecraft:strider_one_cm":92642,"minecraft:walk_under_water_one_cm":8101267,"minecraft:pot_flower":15,"minecraft:interact_with_grindstone":101,"minecraft:damage_absorbed":488,"minecraft:trigger_trapped_chest":1,"minecraft:minecart_one_cm":336804},"minecraft:killed":{"minecraft:tropical_fish":7,"minecraft:parrot":2,"minecraft:salmon":4,"minecraft:iron_golem":10,"minecraft:pillager":162,"minecraft:zombie":1190,"minecraft:endermite":9,"minecraft:snow_golem":6,"minecraft:husk":114,"minecraft:rabbit":1,"minecraft:zombified_piglin":20229,"minecraft:witch":17,"minecraft:spider":215,"minecraft:wither":2,"minecraft:bee":2,"minecraft:silverfish":24,"minecraft:piglin":62,"minecraft:zombie_villager":25,"minecraft:sheep":14,"minecraft:trader_llama":15,"minecraft:mooshroom":11,"minecraft:ghast":99,"minecraft:slime":742,"minecraft:drowned":37,"minecraft:hoglin":8,"minecraft:squid":37,"minecraft:wither_skeleton":156,"minecraft:villager":4,"minecraft:cave_spider":2887,"minecraft:shulker":815,"minecraft:skeleton":3944,"minecraft:chicken":23,"minecraft:cat":1,"minecraft:magma_cube":372,"minecraft:cow":120,"minecraft:horse":4,"minecraft:ocelot":2,"minecraft:wandering_trader":9,"minecraft:enderman":3680,"minecraft:turtle":3,"minecraft:wolf":1,"minecraft:pig":33,"minecraft:creeper":620,"minecraft:blaze":365,"minecraft:phantom":16,"minecraft:bat":63},"minecraft:used":{"minecraft:writable_book":106,"minecraft:jack_o_lantern":782,"minecraft:smooth_quartz_slab":1,"minecraft:quartz_stairs":47,"minecraft:dispenser":167,"minecraft:poppy":37,"minecraft:warped_sign":1,"minecraft:rotten_flesh":11,"minecraft:black_carpet":2137,"minecraft:stone":42259,"minecraft:soul_sand":408,"minecraft:cocoa_beans":117,"minecraft:snowball":32,"minecraft:azure_bluet":1,"minecraft:weeping_vines":28,"minecraft:spruce_boat":10,"minecraft:polished_blackstone_slab":33,"minecraft:jungle_sapling":6,"minecraft:packed_ice":288,"minecraft:lava_bucket":156,"minecraft:stripped_dark_oak_wood":1,"minecraft:quartz_pillar":53,"minecraft:red_wool":47,"minecraft:quartz_block":23,"minecraft:dark_oak_slab":750,"minecraft:cooked_cod":3,"minecraft:bow":5679,"minecraft:end_stone_brick_stairs":3,"minecraft:oak_sapling":17634,"minecraft:yellow_glazed_terracotta":81,"minecraft:mossy_stone_bricks":31,"minecraft:damaged_anvil":9,"minecraft:chorus_fruit":5,"minecraft:prismarine":2,"minecraft:blackstone":1701,"minecraft:cactus":46,"minecraft:wooden_pickaxe":8,"minecraft:clay":30,"minecraft:composter":63,"minecraft:jungle_boat":13,"minecraft:golden_apple":15,"minecraft:cut_sandstone_slab":19,"minecraft:blast_furnace":6,"minecraft:gray_concrete":779,"minecraft:purple_concrete_powder":1653,"minecraft:birch_fence":1,"minecraft:gray_stained_glass_pane":408,"minecraft:birch_slab":199,"minecraft:oak_pressure_plate":10,"minecraft:nether_wart_block":63,"minecraft:diamond_sword":10114,"minecraft:coal_block":2,"minecraft:smithing_table":19,"minecraft:poisonous_potato":2,"minecraft:birch_log":1216,"minecraft:oak_boat":43,"minecraft:purple_wool":40,"minecraft:oak_trapdoor":255,"minecraft:polished_blackstone_brick_slab":255,"minecraft:enchanting_table":3,"minecraft:orange_concrete":101,"minecraft:dead_bush":3,"minecraft:carved_pumpkin":42,"minecraft:armor_stand":51,"minecraft:light_gray_carpet":1377,"minecraft:cooked_salmon":21,"minecraft:torch":16001,"minecraft:brewing_stand":24,"minecraft:nether_quartz_ore":11,"minecraft:cod_bucket":2,"minecraft:yellow_carpet":73,"minecraft:golden_shovel":939,"minecraft:oak_fence_gate":315,"minecraft:mossy_cobblestone_stairs":7,"minecraft:sea_lantern":1180,"minecraft:chipped_anvil":14,"minecraft:iron_block":2554,"minecraft:light_weighted_pressure_plate":10897,"minecraft:jungle_log":392,"minecraft:barrel":297,"minecraft:bamboo":467,"minecraft:lime_concrete":952,"minecraft:warped_stairs":6,"minecraft:basalt":985,"minecraft:horn_coral_fan":3,"minecraft:wheat_seeds":233,"minecraft:warped_stem":5206,"minecraft:light_blue_shulker_box":98,"minecraft:tube_coral_block":5,"minecraft:birch_planks":56,"minecraft:blue_concrete_powder":80,"minecraft:cauldron":13,"minecraft:spruce_fence_gate":8,"minecraft:gold_ore":47,"minecraft:diamond_block":1663,"minecraft:rail":5285,"minecraft:crimson_trapdoor":9,"minecraft:cyan_glazed_terracotta":83,"minecraft:white_bed":173,"minecraft:campfire":49,"minecraft:spruce_log":464,"minecraft:mushroom_stem":2,"minecraft:diamond_pickaxe":167330,"minecraft:acacia_sign":3,"minecraft:diamond_shovel":154147,"minecraft:suspicious_stew":2,"minecraft:spruce_pressure_plate":3,"minecraft:oak_button":55,"minecraft:tnt_minecart":39,"minecraft:magenta_concrete_powder":1742,"minecraft:spruce_trapdoor":1449,"minecraft:spruce_sapling":23,"minecraft:pink_bed":55,"minecraft:green_carpet":275,"minecraft:potion":27,"minecraft:purple_bed":4,"minecraft:crimson_stairs":2,"minecraft:cooked_porkchop":117,"minecraft:andesite_stairs":53,"minecraft:stripped_oak_log":449,"minecraft:dandelion":16,"minecraft:red_sand":259,"minecraft:light_gray_stained_glass_pane":389,"minecraft:bone_block":640,"minecraft:polished_basalt":351,"minecraft:nether_wart":35,"minecraft:mossy_stone_brick_slab":9,"minecraft:green_terracotta":493,"minecraft:soul_campfire":1,"minecraft:jungle_planks":1397,"minecraft:beehive":8,"minecraft:pink_terracotta":70,"minecraft:furnace_minecart":4,"minecraft:music_disc_13":1,"minecraft:obsidian":513,"minecraft:honey_bottle":2,"minecraft:bricks":6623,"minecraft:spruce_wood":4,"minecraft:lantern":90,"minecraft:green_wool":48,"minecraft:polished_blackstone_brick_wall":45,"minecraft:warped_nylium":136,"minecraft:mossy_cobblestone_slab":61,"minecraft:item_frame":364,"minecraft:birch_button":41,"minecraft:birch_trapdoor":42,"minecraft:written_book":68,"minecraft:jungle_button":18,"minecraft:blue_shulker_box":27,"minecraft:gold_block":5903,"minecraft:pink_concrete_powder":314,"minecraft:tube_coral_fan":6,"minecraft:end_rod":373,"minecraft:dropper":669,"minecraft:wither_skeleton_skull":14,"minecraft:gray_carpet":52,"minecraft:stone_pickaxe":150,"minecraft:jungle_fence":7,"minecraft:oak_planks":3068,"minecraft:sandstone":1437,"minecraft:sugar_cane":1049,"minecraft:diamond_axe":19141,"minecraft:white_wool":116,"minecraft:light_blue_concrete":1319,"minecraft:lime_stained_glass_pane":151,"minecraft:mushroom_stew":1,"minecraft:yellow_concrete":236,"minecraft:crossbow":9,"minecraft:end_stone":65,"minecraft:sticky_piston":805,"minecraft:black_terracotta":908,"minecraft:lever":55,"minecraft:daylight_detector":9,"minecraft:dark_oak_log":272,"minecraft:bread":126,"minecraft:brown_wool":10,"minecraft:iron_door":73,"minecraft:stripped_warped_hyphae":5,"minecraft:light_blue_concrete_powder":65,"minecraft:pufferfish_bucket":5,"minecraft:chain":194,"minecraft:smooth_stone_slab":3503,"minecraft:mossy_cobblestone_wall":2,"minecraft:coarse_dirt":260,"minecraft:bone_meal":8826,"minecraft:orange_concrete_powder":139,"minecraft:netherite_sword":7623,"minecraft:rose_bush":6,"minecraft:dried_kelp":137,"minecraft:flint_and_steel":1284,"minecraft:granite_stairs":21,"minecraft:crimson_fence":2,"minecraft:redstone":4033,"minecraft:ender_chest":1225,"minecraft:brown_shulker_box":154,"minecraft:stripped_birch_wood":4,"minecraft:stone_hoe":79,"minecraft:cooked_chicken":46,"minecraft:dirt":28491,"minecraft:bee_nest":12,"minecraft:spruce_fence":395,"minecraft:iron_hoe":116,"minecraft:brown_terracotta":1081,"minecraft:light_gray_stained_glass":507,"minecraft:oak_stairs":234,"minecraft:smooth_sandstone":81,"minecraft:yellow_concrete_powder":188,"minecraft:dark_oak_pressure_plate":1,"minecraft:black_stained_glass":5487,"minecraft:soul_soil":1234,"minecraft:lime_stained_glass":722,"minecraft:netherite_pickaxe":225026,"minecraft:minecart":432,"minecraft:cyan_concrete_powder":96,"minecraft:cooked_beef":385,"minecraft:light_gray_bed":9,"minecraft:turtle_egg":8,"minecraft:pumpkin":1155,"minecraft:quartz_bricks":84,"minecraft:cobblestone_stairs":18,"minecraft:snow_block":768,"minecraft:baked_potato":452,"minecraft:red_nether_bricks":4,"minecraft:birch_boat":5,"minecraft:brown_mushroom":8,"minecraft:cut_sandstone":5,"minecraft:spruce_sign":59,"minecraft:green_bed":10,"minecraft:warped_roots":5,"minecraft:music_disc_cat":2,"minecraft:dark_prismarine_slab":9,"minecraft:red_mushroom":20,"minecraft:spider_eye":1,"minecraft:magenta_carpet":27,"minecraft:warped_planks":5,"minecraft:cyan_stained_glass":63,"minecraft:netherite_block":41,"minecraft:piston":380,"minecraft:flower_pot":13,"minecraft:lapis_ore":128,"minecraft:stone_slab":4985,"minecraft:detector_rail":44,"minecraft:magenta_concrete":103,"minecraft:jungle_stairs":8,"minecraft:yellow_wool":3,"minecraft:stone_axe":216,"minecraft:fire_coral_block":3,"minecraft:crimson_fungus":1,"minecraft:cyan_stained_glass_pane":418,"minecraft:pink_shulker_box":105,"minecraft:pumpkin_pie":16,"minecraft:wither_rose":66,"minecraft:sea_pickle":2,"minecraft:gray_wool":9,"minecraft:birch_stairs":1,"minecraft:peony":4,"minecraft:polished_blackstone":27,"minecraft:spruce_slab":777,"minecraft:ladder":395,"minecraft:chest":2078,"minecraft:brown_concrete":12,"minecraft:white_shulker_box":207,"minecraft:brick_slab":39,"minecraft:orange_wool":168,"minecraft:jungle_slab":15,"minecraft:honey_block":1050,"minecraft:stripped_spruce_log":61,"minecraft:black_stained_glass_pane":366,"minecraft:warped_hyphae":6,"minecraft:grass_block":17049,"minecraft:polished_andesite_stairs":571,"minecraft:orange_shulker_box":37,"minecraft:dark_oak_button":10,"minecraft:stone_brick_stairs":753,"minecraft:snow":776,"minecraft:dark_oak_boat":11,"minecraft:sweet_berries":2,"minecraft:furnace":1203,"minecraft:emerald_ore":14,"minecraft:spruce_door":160,"minecraft:egg":25,"minecraft:stripped_birch_log":100,"minecraft:potato":358,"minecraft:warped_fungus_on_a_stick":12,"minecraft:dragon_head":6,"minecraft:seagrass":8,"minecraft:diorite":168,"minecraft:brown_concrete_powder":281,"minecraft:magenta_shulker_box":44,"minecraft:light_blue_carpet":3,"minecraft:end_stone_bricks":193,"minecraft:brick_wall":27,"minecraft:red_stained_glass":2,"minecraft:acacia_trapdoor":34,"minecraft:powered_rail":2842,"minecraft:blackstone_stairs":203,"minecraft:lime_concrete_powder":391,"minecraft:jungle_pressure_plate":51,"minecraft:purpur_pillar":21,"minecraft:oak_leaves":55803,"minecraft:cookie":1,"minecraft:respawn_anchor":1,"minecraft:dark_oak_trapdoor":156,"minecraft:sand":11857,"minecraft:purpur_stairs":2,"minecraft:black_concrete_powder":1222,"minecraft:pumpkin_seeds":88,"minecraft:crying_obsidian":1451,"minecraft:stone_button":686,"minecraft:red_terracotta":449,"minecraft:lectern":194,"minecraft:polished_granite":282,"minecraft:diamond_ore":4606,"minecraft:lilac":2,"minecraft:polished_andesite_slab":296,"minecraft:soul_lantern":15,"minecraft:magenta_stained_glass_pane":16,"minecraft:fire_charge":1,"minecraft:wooden_sword":22,"minecraft:dark_oak_fence":35,"minecraft:white_stained_glass":2249,"minecraft:green_concrete_powder":1200,"minecraft:ice":422,"minecraft:gray_stained_glass":5372,"minecraft:iron_bars":2029,"minecraft:stone_sword":27,"minecraft:acacia_log":23,"minecraft:brain_coral_fan":3,"minecraft:red_concrete":449,"minecraft:mycelium":1176,"minecraft:stripped_warped_stem":383,"minecraft:sandstone_wall":1,"minecraft:netherrack":5560,"minecraft:green_glazed_terracotta":80,"minecraft:orange_bed":43,"minecraft:light_gray_shulker_box":550,"minecraft:anvil":113,"minecraft:target":13,"minecraft:warped_wart_block":1799,"minecraft:ancient_debris":6,"minecraft:stone_stairs":138,"minecraft:twisting_vines":16,"minecraft:nether_brick_slab":74,"minecraft:polished_granite_slab":4,"minecraft:jungle_trapdoor":22,"minecraft:blue_concrete":17,"minecraft:polished_diorite":27,"minecraft:shroomlight":254,"minecraft:red_shulker_box":455,"minecraft:cyan_shulker_box":60,"minecraft:iron_axe":1967,"minecraft:spruce_button":104,"minecraft:brick_stairs":34,"minecraft:slime_block":4452,"minecraft:warped_fence":2,"minecraft:totem_of_undying":1,"minecraft:pink_stained_glass_pane":8,"minecraft:prismarine_slab":21,"minecraft:melon_seeds":72,"minecraft:tripwire_hook":2,"minecraft:purple_concrete":2,"minecraft:glowstone":746,"minecraft:iron_trapdoor":1068,"minecraft:magenta_wool":36,"minecraft:acacia_wood":147,"minecraft:orange_terracotta":29,"minecraft:observer":1846,"minecraft:crimson_stem":21,"minecraft:water_bucket":1132,"minecraft:smooth_sandstone_slab":181,"minecraft:cartography_table":9,"minecraft:lime_wool":257,"minecraft:yellow_shulker_box":546,"minecraft:bubble_coral_fan":1,"minecraft:red_mushroom_block":23,"minecraft:fletching_table":358,"minecraft:pink_concrete":1618,"minecraft:polished_blackstone_bricks":1098,"minecraft:cracked_stone_bricks":39,"minecraft:gilded_blackstone":33,"minecraft:orange_carpet":9,"minecraft:lime_terracotta":566,"minecraft:comparator":710,"minecraft:mossy_cobblestone":96,"minecraft:vine":1,"minecraft:tnt":77,"minecraft:oak_slab":4695,"minecraft:crafting_table":470,"minecraft:birch_sign":158,"minecraft:dark_oak_fence_gate":1,"minecraft:lime_shulker_box":120,"minecraft:cake":2,"minecraft:oak_log":33399,"minecraft:sunflower":3,"minecraft:iron_pickaxe":6902,"minecraft:cyan_concrete":5689,"minecraft:purpur_slab":6,"minecraft:crimson_nylium":119,"minecraft:crimson_sign":3,"minecraft:chiseled_stone_bricks":3,"minecraft:cobblestone":7444,"minecraft:red_concrete_powder":209,"minecraft:sandstone_slab":333,"minecraft:glass_pane":45,"minecraft:brown_mushroom_block":35,"minecraft:kelp":88,"minecraft:jukebox":1,"minecraft:light_blue_stained_glass_pane":24,"minecraft:iron_shovel":816,"minecraft:oak_sign":565,"minecraft:diamond_hoe":16090,"minecraft:white_concrete_powder":6928,"minecraft:white_terracotta":965,"minecraft:iron_sword":6122,"minecraft:purple_shulker_box":1,"minecraft:bell":21,"minecraft:player_head":248,"minecraft:birch_pressure_plate":8,"minecraft:nether_bricks":260,"minecraft:carrot":1537,"minecraft:milk_bucket":2,"minecraft:glass":2177,"minecraft:cyan_terracotta":15219,"minecraft:coal_ore":297,"minecraft:quartz_slab":30,"minecraft:gray_concrete_powder":2669,"minecraft:crimson_roots":1,"minecraft:hopper_minecart":46,"minecraft:stone_bricks":7534,"minecraft:honeycomb_block":80,"minecraft:brown_carpet":44,"minecraft:repeater":1594,"minecraft:red_carpet":157,"minecraft:redstone_lamp":567,"minecraft:magma_block":6089,"minecraft:warped_fungus":51,"minecraft:hay_block":1,"minecraft:scaffolding":1647,"minecraft:gray_bed":1,"minecraft:fire_coral_fan":2,"minecraft:polished_blackstone_stairs":1,"minecraft:chiseled_polished_blackstone":16,"minecraft:dark_oak_stairs":8,"minecraft:birch_leaves":15,"minecraft:dark_oak_sign":52,"minecraft:birch_wood":3,"minecraft:ender_pearl":444,"minecraft:redstone_block":814,"minecraft:blue_bed":2,"minecraft:yellow_terracotta":161,"minecraft:loom":3,"minecraft:black_banner":73,"minecraft:light_gray_terracotta":28,"minecraft:gray_shulker_box":5,"minecraft:melon_slice":69,"minecraft:blackstone_wall":58,"minecraft:note_block":319,"minecraft:stone_brick_wall":230,"minecraft:shears":10182,"minecraft:firework_rocket":400,"minecraft:string":147,"minecraft:redstone_torch":1650,"minecraft:green_concrete":1709,"minecraft:birch_fence_gate":2,"minecraft:heavy_weighted_pressure_plate":9,"minecraft:black_concrete":4565,"minecraft:lime_carpet":174,"minecraft:light_gray_concrete":130,"minecraft:gravel":4760,"minecraft:oak_fence":83,"minecraft:blackstone_slab":1093,"minecraft:granite_slab":54,"minecraft:jungle_sign":91,"minecraft:stripped_oak_wood":18,"minecraft:grindstone":147,"minecraft:jungle_leaves":356,"minecraft:purpur_block":168,"minecraft:crimson_door":7,"minecraft:warped_button":20,"minecraft:white_concrete":8080,"minecraft:experience_bottle":740,"minecraft:andesite":5774,"minecraft:cobweb":13,"minecraft:chest_minecart":21,"minecraft:tropical_fish_bucket":7,"minecraft:trident":26,"minecraft:redstone_ore":1216,"minecraft:light_blue_terracotta":121,"minecraft:spruce_planks":1258,"minecraft:wooden_shovel":891,"minecraft:oak_door":71,"minecraft:white_carpet":416,"minecraft:hopper":2182,"minecraft:spruce_stairs":149,"minecraft:cobblestone_wall":64,"minecraft:warped_door":4,"minecraft:shulker_box":2408,"minecraft:oak_wood":37892,"minecraft:pink_carpet":3,"minecraft:granite":2495,"minecraft:light_blue_stained_glass":122,"minecraft:andesite_wall":573,"minecraft:stone_brick_slab":649,"minecraft:dark_oak_planks":1004,"minecraft:yellow_stained_glass":4,"minecraft:bookshelf":236,"minecraft:acacia_slab":2,"minecraft:polished_blackstone_brick_stairs":106,"minecraft:crimson_planks":5,"minecraft:light_gray_wool":3,"minecraft:emerald_block":13,"minecraft:golden_carrot":6183,"minecraft:white_stained_glass_pane":163,"minecraft:stone_pressure_plate":76,"minecraft:horn_coral_block":6,"minecraft:brown_bed":44,"minecraft:brain_coral_block":3,"minecraft:acacia_boat":4,"minecraft:cooked_mutton":5,"minecraft:iron_ore":219,"minecraft:glass_bottle":170,"minecraft:polished_andesite":5599,"minecraft:andesite_slab":1092,"minecraft:black_shulker_box":127,"minecraft:stonecutter":90,"minecraft:beacon":112,"minecraft:chiseled_nether_bricks":4,"minecraft:cobblestone_slab":572,"minecraft:jungle_wood":74,"minecraft:stripped_dark_oak_log":52,"minecraft:terracotta":457,"minecraft:lime_bed":63,"minecraft:yellow_stained_glass_pane":5,"minecraft:painting":132,"minecraft:light_gray_concrete_powder":20,"minecraft:dark_oak_door":5,"minecraft:activator_rail":2,"minecraft:purple_stained_glass":2,"minecraft:apple":40,"minecraft:map":6,"minecraft:cracked_polished_blackstone_bricks":183,"minecraft:netherite_axe":23068,"minecraft:cracked_nether_bricks":1,"minecraft:fishing_rod":15,"minecraft:green_shulker_box":17,"minecraft:white_banner":4,"minecraft:bucket":1370,"minecraft:polished_blackstone_button":189,"minecraft:purple_carpet":17,"minecraft:smooth_stone":2289,"minecraft:splash_potion":56},"minecraft:crafted":{"minecraft:lime_stained_glass":1280,"minecraft:black_dye":3434,"minecraft:chainmail_helmet":22,"minecraft:oak_sign":534,"minecraft:melon":5484,"minecraft:blaze_powder":66,"minecraft:birch_boat":3,"minecraft:chain":153,"minecraft:brick_wall":54,"minecraft:diamond_shovel":29,"minecraft:nether_brick":2,"minecraft:shulker_box":885,"minecraft:diamond_helmet":6,"minecraft:magenta_concrete_powder":1792,"minecraft:beacon":1,"minecraft:light_blue_concrete_powder":104,"minecraft:stone_pressure_plate":146,"minecraft:tipped_arrow":140,"minecraft:iron_door":39,"minecraft:gray_stained_glass_pane":544,"minecraft:black_wool":975,"minecraft:white_shulker_box":7,"minecraft:gray_stained_glass":7288,"minecraft:name_tag":68,"minecraft:lime_concrete_powder":272,"minecraft:warped_stairs":8,"minecraft:redstone_lamp":447,"minecraft:jungle_boat":8,"minecraft:polished_andesite_stairs":403,"minecraft:acacia_slab":12,"minecraft:chest_minecart":21,"minecraft:jungle_pressure_plate":52,"minecraft:green_bed":1,"minecraft:smithing_table":8,"minecraft:mossy_cobblestone":141,"minecraft:brown_bed":32,"minecraft:sticky_piston":574,"minecraft:red_nether_bricks":5,"minecraft:fletching_table":13,"minecraft:painting":32,"minecraft:cartography_table":6,"minecraft:stone_brick_stairs":856,"minecraft:lectern":10,"minecraft:golden_leggings":2,"minecraft:stone_slab":4050,"minecraft:iron_pickaxe":11,"minecraft:sandstone":125,"minecraft:netherite_ingot":167,"minecraft:composter":31,"minecraft:polished_blackstone_bricks":1348,"minecraft:jungle_sign":57,"minecraft:golden_carrot":4925,"minecraft:jukebox":2,"minecraft:orange_shulker_box":13,"minecraft:iron_nugget":850,"minecraft:crimson_trapdoor":6,"minecraft:diamond_hoe":8,"minecraft:brick_stairs":48,"minecraft:soul_torch":20,"minecraft:light_gray_wool":16,"minecraft:jack_o_lantern":805,"minecraft:blue_shulker_box":13,"minecraft:lime_stained_glass_pane":256,"minecraft:spruce_fence":399,"minecraft:cracked_polished_blackstone_bricks":77,"minecraft:stone_stairs":164,"minecraft:lantern":109,"minecraft:spruce_stairs":144,"minecraft:light_gray_shulker_box":11,"minecraft:polished_diorite":108,"minecraft:stripped_birch_wood":3,"minecraft:black_concrete_powder":1944,"minecraft:red_shulker_box":17,"minecraft:stone_pickaxe":26,"minecraft:quartz_slab":36,"minecraft:spruce_boat":3,"minecraft:purple_carpet":12,"minecraft:prismarine_slab":12,"minecraft:brick_slab":78,"minecraft:lead":130,"minecraft:enchanting_table":1,"minecraft:acacia_trapdoor":86,"minecraft:light_blue_wool":16,"minecraft:yellow_stained_glass_pane":8,"minecraft:dark_oak_button":6,"minecraft:red_carpet":156,"minecraft:enchanted_book":94,"minecraft:orange_dye":146,"minecraft:light_blue_carpet":3,"minecraft:oak_fence_gate":83,"minecraft:crimson_stairs":4,"minecraft:soul_lantern":17,"minecraft:warped_fungus_on_a_stick":1,"minecraft:chainmail_boots":12,"minecraft:fermented_spider_eye":69,"minecraft:birch_trapdoor":52,"minecraft:black_stained_glass_pane":1310,"minecraft:writable_book":6,"minecraft:iron_shovel":12,"minecraft:armor_stand":22,"minecraft:note_block":283,"minecraft:pink_terracotta":64,"minecraft:grindstone":136,"minecraft:cobblestone_slab":954,"minecraft:barrel":169,"minecraft:birch_wood":48,"minecraft:polished_granite_slab":6,"minecraft:quartz_bricks":84,"minecraft:crimson_sign":3,"minecraft:stone":2183,"minecraft:red_sandstone":1,"minecraft:snow":90,"minecraft:pink_carpet":3,"minecraft:heavy_weighted_pressure_plate":33,"minecraft:quartz_pillar":92,"minecraft:warped_planks":64,"minecraft:cake":2,"minecraft:brown_carpet":96,"minecraft:polished_blackstone_button":242,"minecraft:stone_brick_slab":846,"minecraft:bow":1606,"minecraft:comparator":634,"minecraft:chest":3056,"minecraft:polished_basalt":500,"minecraft:oak_button":42,"minecraft:yellow_terracotta":13,"minecraft:jungle_stairs":8,"minecraft:rail":2613,"minecraft:blue_concrete_powder":264,"minecraft:bricks":5979,"minecraft:birch_button":44,"minecraft:ender_eye":15,"minecraft:stone_bricks":8528,"minecraft:oak_fence":75,"minecraft:granite_stairs":32,"minecraft:respawn_anchor":2,"minecraft:golden_boots":1,"minecraft:magma_block":19,"minecraft:dropper":467,"minecraft:arrow":16309,"minecraft:cauldron":12,"minecraft:chiseled_nether_bricks":1,"minecraft:lime_terracotta":1024,"minecraft:iron_helmet":16,"minecraft:brown_dye":223,"minecraft:birch_pressure_plate":5,"minecraft:red_wool":8,"minecraft:chiseled_polished_blackstone":9,"minecraft:white_stained_glass_pane":256,"minecraft:warped_door":3,"minecraft:dispenser":164,"minecraft:green_glazed_terracotta":128,"minecraft:tnt":223,"minecraft:spruce_trapdoor":1252,"minecraft:purple_dye":256,"minecraft:yellow_dye":290,"minecraft:netherite_block":10,"minecraft:stick":28626,"minecraft:iron_ingot":14964,"minecraft:andesite_stairs":64,"minecraft:light_blue_shulker_box":21,"minecraft:light_blue_stained_glass":488,"minecraft:lime_carpet":195,"minecraft:dark_oak_fence_gate":1,"minecraft:blue_terracotta":12,"minecraft:oak_door":72,"minecraft:nether_brick_slab":72,"minecraft:tripwire_hook":2,"minecraft:stone_brick_wall":252,"minecraft:fishing_rod":4,"minecraft:beehive":6,"minecraft:leather_boots":4,"minecraft:golden_chestplate":4,"minecraft:spruce_button":98,"minecraft:mossy_stone_bricks":37,"minecraft:blast_furnace":1,"minecraft:furnace":1216,"minecraft:piston":903,"minecraft:magenta_stained_glass_pane":64,"minecraft:polished_andesite_slab":788,"minecraft:oak_trapdoor":270,"minecraft:flint_and_steel":18,"minecraft:scaffolding":564,"minecraft:netherite_chestplate":1,"minecraft:white_concrete_powder":7136,"minecraft:cobblestone_wall":54,"minecraft:brown_shulker_box":23,"minecraft:honey_block":362,"minecraft:blackstone_stairs":184,"minecraft:birch_sign":138,"minecraft:light_blue_stained_glass_pane":128,"minecraft:jungle_wood":69,"minecraft:iron_trapdoor":1085,"minecraft:iron_sword":16,"minecraft:black_banner":63,"minecraft:golden_shovel":137,"minecraft:acacia_boat":1,"minecraft:jungle_planks":13748,"minecraft:white_dye":2982,"minecraft:brown_concrete_powder":312,"minecraft:black_carpet":2502,"minecraft:anvil":65,"minecraft:stonecutter":35,"minecraft:crimson_door":6,"minecraft:torch":15687,"minecraft:orange_bed":42,"minecraft:magenta_carpet":6,"minecraft:granite_slab":120,"minecraft:diamond_chestplate":9,"minecraft:ender_chest":15,"minecraft:jungle_button":18,"minecraft:light_gray_concrete_powder":72,"minecraft:smooth_stone":410,"minecraft:cut_sandstone":16,"minecraft:dark_oak_pressure_plate":1,"minecraft:purple_bed":1,"minecraft:orange_carpet":9,"minecraft:pink_bed":56,"minecraft:oak_pressure_plate":15,"minecraft:birch_slab":282,"minecraft:polished_blackstone_slab":138,"minecraft:slime_block":13010,"minecraft:loom":1,"minecraft:lever":42,"minecraft:lime_glazed_terracotta":7,"minecraft:bookshelf":176,"minecraft:iron_bars":2032,"minecraft:red_concrete_powder":320,"minecraft:magenta_shulker_box":17,"minecraft:quartz_block":463,"minecraft:glass":364,"minecraft:light_blue_terracotta":56,"minecraft:repeater":959,"minecraft:diamond_leggings":7,"minecraft:cyan_stained_glass_pane":432,"minecraft:polished_blackstone":1860,"minecraft:magenta_dye":450,"minecraft:flower_pot":6,"minecraft:glass_bottle":663,"minecraft:furnace_minecart":4,"minecraft:target":18,"minecraft:wooden_shovel":394,"minecraft:emerald":10888,"minecraft:diamond_axe":23,"minecraft:spruce_door":165,"minecraft:clock":1,"minecraft:oak_wood":37596,"minecraft:hay_block":4,"minecraft:end_stone_brick_stairs":4,"minecraft:campfire":62,"minecraft:tnt_minecart":39,"minecraft:light_gray_bed":9,"minecraft:lime_shulker_box":29,"minecraft:lime_bed":17,"minecraft:green_terracotta":928,"minecraft:compass":163,"minecraft:iron_block":406,"minecraft:white_terracotta":518,"minecraft:gold_ingot":105282,"minecraft:light_gray_dye":392,"minecraft:spruce_fence_gate":6,"minecraft:packed_ice":6,"minecraft:yellow_concrete_powder":256,"minecraft:smooth_stone_slab":3112,"minecraft:leather_leggings":58,"minecraft:player_head":1148,"minecraft:mossy_cobblestone_stairs":4,"minecraft:bone_meal":131966,"minecraft:cyan_stained_glass":320,"minecraft:andesite_wall":600,"minecraft:pink_dye":162,"minecraft:white_carpet":525,"minecraft:diamond":5758,"minecraft:dark_oak_fence":48,"minecraft:detector_rail":30,"minecraft:ladder":501,"minecraft:yellow_glazed_terracotta":128,"minecraft:spruce_slab":1008,"minecraft:diamond_boots":14,"minecraft:red_glazed_terracotta":5,"minecraft:redstone_block":1777,"minecraft:cracked_nether_bricks":1,"minecraft:jungle_fence":12,"minecraft:dark_oak_planks":1860,"minecraft:golden_helmet":7,"minecraft:wheat":126,"minecraft:coal_block":384,"minecraft:cyan_glazed_terracotta":8,"minecraft:daylight_detector":12,"minecraft:crossbow":1157,"minecraft:polished_blackstone_brick_slab":252,"minecraft:dried_kelp":137,"minecraft:magenta_stained_glass":64,"minecraft:blue_bed":1,"minecraft:polished_granite":556,"minecraft:gray_concrete_powder":2096,"minecraft:sandstone_slab":258,"minecraft:glowstone":340,"minecraft:white_stained_glass":2112,"minecraft:jungle_slab":282,"minecraft:polished_blackstone_brick_wall":36,"minecraft:golden_apple":141,"minecraft:acacia_sign":3,"minecraft:andesite_slab":522,"minecraft:gray_shulker_box":2,"minecraft:cyan_shulker_box":9,"minecraft:oak_stairs":232,"minecraft:crimson_fence":3,"minecraft:iron_leggings":6,"minecraft:white_bed":53,"minecraft:lime_wool":3,"minecraft:brick":23998,"minecraft:oak_planks":35896,"minecraft:dark_oak_boat":2,"minecraft:pink_shulker_box":15,"minecraft:purple_glazed_terracotta":3,"minecraft:mossy_stone_brick_slab":12,"minecraft:cobblestone_stairs":56,"minecraft:warped_hyphae":6,"minecraft:spruce_pressure_plate":4,"minecraft:suspicious_stew":11,"minecraft:green_dye":640,"minecraft:hopper":594,"minecraft:iron_boots":16,"minecraft:blackstone_wall":48,"minecraft:mossy_cobblestone_slab":54,"minecraft:cyan_terracotta":7680,"minecraft:chiseled_stone_bricks":122,"minecraft:stone_hoe":9,"minecraft:quartz_stairs":48,"minecraft:item_frame":129,"minecraft:oak_slab":5115,"minecraft:acacia_wood":144,"minecraft:map":93,"minecraft:crafting_table":263,"minecraft:spruce_planks":11704,"minecraft:wooden_pickaxe":2,"minecraft:gold_block":8064,"minecraft:hopper_minecart":46,"minecraft:brewing_stand":5,"minecraft:birch_planks":3760,"minecraft:black_shulker_box":3,"minecraft:dark_oak_slab":558,"minecraft:emerald_block":540,"minecraft:book":54,"minecraft:iron_chestplate":7,"minecraft:paper":5535,"minecraft:charcoal":97,"minecraft:diamond_pickaxe":29,"minecraft:shield":4,"minecraft:light_weighted_pressure_plate":10708,"minecraft:light_blue_dye":114,"minecraft:leather_chestplate":7,"minecraft:stone_sword":1,"minecraft:snow_block":931,"minecraft:green_shulker_box":3,"minecraft:polished_blackstone_brick_stairs":72,"minecraft:gray_carpet":57,"minecraft:redstone_torch":5094,"minecraft:light_gray_carpet":1713,"minecraft:light_gray_stained_glass_pane":544,"minecraft:shears":75,"minecraft:green_carpet":243,"minecraft:polished_andesite":5596,"minecraft:coarse_dirt":464,"minecraft:wooden_sword":1,"minecraft:cookie":864,"minecraft:redstone":14398,"minecraft:coal":2385,"minecraft:light_gray_stained_glass":552,"minecraft:stone_button":636,"minecraft:dark_oak_trapdoor":106,"minecraft:jungle_trapdoor":30,"minecraft:gray_dye":1646,"minecraft:dark_oak_sign":48,"minecraft:diamond_block":1346,"minecraft:glass_pane":128,"minecraft:warped_fence":3,"minecraft:netherite_leggings":1,"minecraft:yellow_shulker_box":147,"minecraft:green_concrete_powder":1152,"minecraft:black_terracotta":688,"minecraft:iron_axe":9,"minecraft:iron_hoe":3,"minecraft:slime_ball":21183,"minecraft:orange_concrete_powder":328,"minecraft:lime_dye":442,"minecraft:warped_button":20,"minecraft:filled_map":654,"minecraft:netherite_scrap":670,"minecraft:minecart":338,"minecraft:observer":1274,"minecraft:cooked_beef":64,"minecraft:sugar":195,"minecraft:red_dye":488,"minecraft:cooked_cod":3,"minecraft:cyan_concrete_powder":96,"minecraft:bone_block":3844,"minecraft:crimson_planks":92,"minecraft:diamond_sword":6,"minecraft:cyan_dye":1504,"minecraft:spruce_sign":39,"minecraft:dark_oak_stairs":4,"minecraft:pink_concrete_powder":320,"minecraft:powered_rail":2166,"minecraft:activator_rail":6,"minecraft:yellow_carpet":117,"minecraft:bell":1,"minecraft:smooth_sandstone":225,"minecraft:nether_bricks":234,"minecraft:bucket":144,"minecraft:stone_axe":12,"minecraft:brown_terracotta":1280,"minecraft:lodestone":1,"minecraft:mossy_cobblestone_wall":12,"minecraft:bread":204,"minecraft:air":0,"minecraft:blue_dye":1067,"minecraft:black_stained_glass":8096,"minecraft:oak_boat":14,"minecraft:magenta_terracotta":12,"minecraft:smooth_sandstone_slab":156,"minecraft:white_wool":669,"minecraft:gold_nugget":16337,"minecraft:pink_stained_glass_pane":32,"minecraft:dark_prismarine_slab":12,"minecraft:green_wool":3,"minecraft:pumpkin_pie":240,"minecraft:acacia_planks":472,"minecraft:purple_concrete_powder":1792,"minecraft:blackstone_slab":1268,"minecraft:lapis_lazuli":1731,"minecraft:clay":1,"minecraft:lapis_block":506,"minecraft:firework_rocket":11854},"minecraft:dropped":{"minecraft:iron_sword":2,"minecraft:porkchop":10,"minecraft:respawn_anchor":1,"minecraft:lapis_lazuli":556,"minecraft:chorus_fruit":1,"minecraft:glass_bottle":157,"minecraft:diamond":444,"minecraft:crafting_table":19,"minecraft:lime_concrete_powder":3,"minecraft:lime_stained_glass":155,"minecraft:cooked_porkchop":18,"minecraft:dark_oak_slab":53,"minecraft:warped_fungus_on_a_stick":1,"minecraft:weeping_vines":15,"minecraft:warped_roots":252,"minecraft:cracked_stone_bricks":20,"minecraft:quartz_pillar":11,"minecraft:blackstone_stairs":4,"minecraft:red_mushroom":73,"minecraft:gold_block":498,"minecraft:emerald":404,"minecraft:gray_concrete":1,"minecraft:dark_oak_fence":6,"minecraft:black_stained_glass_pane":34,"minecraft:dark_oak_trapdoor":1,"minecraft:netherite_boots":1,"minecraft:gold_nugget":1190,"minecraft:writable_book":5,"minecraft:sand":2672,"minecraft:purple_wool":140,"minecraft:fermented_spider_eye":37,"minecraft:dark_oak_planks":31,"minecraft:fishing_rod":3,"minecraft:white_wool":10,"minecraft:diorite_slab":219,"minecraft:music_disc_blocks":1,"minecraft:stone_axe":13,"minecraft:compass":4,"minecraft:ancient_debris":1,"minecraft:lever":13,"minecraft:diamond_block":337,"minecraft:iron_nugget":107,"minecraft:cooked_chicken":14,"minecraft:black_carpet":40,"minecraft:netherite_sword":5,"minecraft:obsidian":30,"minecraft:stripped_dark_oak_log":2,"minecraft:rotten_flesh":110245,"minecraft:oak_planks":723,"minecraft:glowstone_dust":24,"minecraft:quartz_bricks":2,"minecraft:golden_shovel":5,"minecraft:nether_brick_fence":34,"minecraft:azure_bluet":15,"minecraft:warped_planks":6,"minecraft:sea_lantern":216,"minecraft:coal_ore":916,"minecraft:diorite_wall":23,"minecraft:quartz_block":6,"minecraft:jungle_log":51,"minecraft:leather_boots":16,"minecraft:acacia_sapling":2,"minecraft:leather_leggings":12,"minecraft:glass":458,"minecraft:warped_wart_block":136,"minecraft:stone_brick_stairs":12,"minecraft:cartography_table":1,"minecraft:golden_boots":23,"minecraft:black_dye":3,"minecraft:wheat_seeds":1002,"minecraft:light_gray_stained_glass_pane":39,"minecraft:book":77,"minecraft:prismarine_crystals":17,"minecraft:yellow_carpet":10,"minecraft:golden_apple":26,"minecraft:coal_block":1,"minecraft:warped_trapdoor":2,"minecraft:acacia_sign":6,"minecraft:cobweb":45,"minecraft:gray_wool":1,"minecraft:ink_sac":20,"minecraft:blackstone_wall":2,"minecraft:lapis_ore":11,"minecraft:potion":32,"minecraft:stripped_birch_log":1,"minecraft:oak_stairs":15,"minecraft:pumpkin":3326,"minecraft:white_banner":4,"minecraft:smooth_sandstone_slab":12,"minecraft:jungle_boat":10,"minecraft:red_dye":28,"minecraft:chipped_anvil":1,"minecraft:smooth_stone":109,"minecraft:chainmail_leggings":1,"minecraft:smooth_sandstone":1,"minecraft:lily_pad":6,"minecraft:acacia_planks":8,"minecraft:pink_stained_glass_pane":3,"minecraft:stone_brick_slab":225,"minecraft:snow_block":3,"minecraft:bricks":49,"minecraft:soul_soil":10,"minecraft:player_head":70,"minecraft:cocoa_beans":31,"minecraft:sticky_piston":4,"minecraft:orange_concrete":16,"minecraft:white_carpet":161,"minecraft:clay_ball":54,"minecraft:iron_boots":33,"minecraft:name_tag":37,"minecraft:light_gray_concrete":5,"minecraft:white_terracotta":2,"minecraft:white_shulker_box":2,"minecraft:oak_sign":78,"minecraft:shears":16,"minecraft:suspicious_stew":5,"minecraft:diamond_sword":7,"minecraft:flower_pot":9,"minecraft:lime_glazed_terracotta":7,"minecraft:peony":1,"minecraft:spruce_trapdoor":160,"minecraft:spruce_planks":122,"minecraft:diamond_pickaxe":23,"minecraft:andesite_stairs":15,"minecraft:redstone_torch":22,"minecraft:stone_pressure_plate":6,"minecraft:barrel":16,"minecraft:stone_bricks":677,"minecraft:bamboo":917,"minecraft:sandstone":129,"minecraft:red_sand":62,"minecraft:bow":1787,"minecraft:magma_block":175,"minecraft:terracotta":66,"minecraft:blue_shulker_box":1,"minecraft:soul_sand":619,"minecraft:orange_dye":1,"minecraft:warped_fungus":45,"minecraft:polished_granite_slab":4,"minecraft:oak_log":651,"minecraft:ender_pearl":1600,"minecraft:nether_star":2,"minecraft:jungle_fence":7,"minecraft:leather":266,"minecraft:honeycomb":2,"minecraft:red_wool":2,"minecraft:jungle_planks":182,"minecraft:polished_blackstone_brick_wall":11,"minecraft:birch_slab":6,"minecraft:cod":7,"minecraft:music_disc_13":1,"minecraft:cobblestone_stairs":8,"minecraft:cracked_polished_blackstone_bricks":9,"minecraft:dark_oak_log":132,"minecraft:polished_diorite_stairs":3,"minecraft:packed_ice":62,"minecraft:ice":49,"minecraft:mutton":8,"minecraft:snowball":100,"minecraft:black_shulker_box":1,"minecraft:jungle_sign":6,"minecraft:black_concrete":251,"minecraft:crimson_door":2,"minecraft:cauldron":4,"minecraft:gold_ingot":325,"minecraft:chiseled_polished_blackstone":2,"minecraft:pink_terracotta":3,"minecraft:magenta_stained_glass":2,"minecraft:purpur_block":109,"minecraft:twisting_vines":11,"minecraft:andesite_slab":11,"minecraft:soul_lantern":5,"minecraft:cyan_shulker_box":1,"minecraft:cooked_mutton":2,"minecraft:mycelium":952,"minecraft:mushroom_stem":5,"minecraft:leather_chestplate":9,"minecraft:trident":1,"minecraft:oak_wood":69,"minecraft:horn_coral_fan":1,"minecraft:stone_brick_wall":13,"minecraft:acacia_slab":5,"minecraft:iron_ore":788,"minecraft:birch_button":6,"minecraft:iron_bars":17,"minecraft:light_gray_concrete_powder":1,"minecraft:polished_granite":21,"minecraft:splash_potion":20,"minecraft:purple_carpet":1,"minecraft:stone_hoe":6,"minecraft:bread":81,"minecraft:golden_helmet":11,"minecraft:yellow_concrete":11,"minecraft:netherite_axe":4,"minecraft:andesite_wall":14,"minecraft:tropical_fish":7,"minecraft:spruce_stairs":4,"minecraft:acacia_log":160,"minecraft:acacia_trapdoor":60,"minecraft:spruce_fence_gate":1,"minecraft:iron_block":189,"minecraft:milk_bucket":7,"minecraft:repeater":1,"minecraft:nether_wart_block":94,"minecraft:white_concrete":373,"minecraft:melon_slice":164,"minecraft:light_gray_shulker_box":1,"minecraft:yellow_shulker_box":1,"minecraft:iron_door":1,"minecraft:crimson_sign":3,"minecraft:fire_charge":307,"minecraft:jungle_leaves":1,"minecraft:granite_slab":23,"minecraft:polished_andesite_stairs":8,"minecraft:polished_blackstone_brick_slab":19,"minecraft:polished_basalt":43,"minecraft:cactus":790,"minecraft:light_blue_stained_glass_pane":7,"minecraft:tripwire_hook":3,"minecraft:redstone_block":146,"minecraft:polished_diorite":121,"minecraft:kelp":47,"minecraft:oak_trapdoor":50,"minecraft:light_gray_terracotta":5,"minecraft:lime_concrete":8,"minecraft:birch_pressure_plate":2,"minecraft:magenta_stained_glass_pane":6,"minecraft:stripped_oak_log":25,"minecraft:totem_of_undying":1,"minecraft:shulker_box":239,"minecraft:flint_and_steel":13,"minecraft:end_stone_brick_stairs":2,"minecraft:oak_button":27,"minecraft:netherite_block":17,"minecraft:andesite":5899,"minecraft:golden_leggings":20,"minecraft:oak_sapling":3372,"minecraft:birch_sign":22,"minecraft:gray_concrete_powder":9,"minecraft:spruce_log":88,"minecraft:wooden_pickaxe":1,"minecraft:nautilus_shell":6,"minecraft:magma_cream":251,"minecraft:light_blue_terracotta":43,"minecraft:brick":2,"minecraft:crimson_stem":12,"minecraft:piston":1,"minecraft:cooked_beef":36,"minecraft:oak_pressure_plate":7,"minecraft:crossbow":1237,"minecraft:cookie":216,"minecraft:dark_oak_button":1,"minecraft:saddle":1,"minecraft:purpur_stairs":21,"minecraft:bubble_coral_fan":2,"minecraft:elytra":12,"minecraft:rail":222,"minecraft:leather_helmet":7,"minecraft:red_carpet":2,"minecraft:item_frame":20,"minecraft:light_weighted_pressure_plate":89,"minecraft:red_shulker_box":4,"minecraft:dirt":6969,"minecraft:melon":2053,"minecraft:grass":3,"minecraft:stone_button":30,"minecraft:yellow_dye":1,"minecraft:chain":272,"minecraft:wooden_sword":1,"minecraft:bone_meal":714,"minecraft:bone_block":385,"minecraft:iron_pickaxe":4,"minecraft:polished_blackstone_slab":7,"minecraft:dark_oak_boat":2,"minecraft:end_crystal":1,"minecraft:bone":808,"minecraft:green_wool":128,"minecraft:oak_door":64,"minecraft:pink_concrete":259,"minecraft:note_block":7,"minecraft:emerald_block":65,"minecraft:sugar_cane":1590,"minecraft:polished_andesite_slab":12,"minecraft:pink_bed":4,"minecraft:golden_chestplate":13,"minecraft:detector_rail":2,"minecraft:nether_brick":343,"minecraft:birch_sapling":26,"minecraft:end_stone":36,"minecraft:light_gray_carpet":45,"minecraft:salmon":1,"minecraft:lime_bed":2,"minecraft:tipped_arrow":20,"minecraft:jungle_stairs":4,"minecraft:charcoal":9,"minecraft:honey_block":165,"minecraft:hopper":46,"minecraft:ladder":36,"minecraft:white_dye":2,"minecraft:spruce_slab":196,"minecraft:end_stone_bricks":63,"minecraft:campfire":52,"minecraft:crying_obsidian":17,"minecraft:ghast_tear":1,"minecraft:egg":346,"minecraft:crimson_planks":8,"minecraft:enchanted_book":25,"minecraft:iron_ingot":724,"minecraft:netherite_pickaxe":7,"minecraft:birch_leaves":87,"minecraft:gray_stained_glass_pane":15,"minecraft:tnt":1,"minecraft:polished_blackstone":9,"minecraft:golden_horse_armor":1,"minecraft:dark_prismarine_slab":1,"minecraft:yellow_terracotta":2,"minecraft:purpur_slab":23,"minecraft:oak_fence":39,"minecraft:feather":25,"minecraft:iron_helmet":16,"minecraft:cobblestone":16955,"minecraft:purple_concrete":40,"minecraft:apple":225,"minecraft:granite":8001,"minecraft:spruce_button":83,"minecraft:stripped_jungle_log":1,"minecraft:spruce_door":6,"minecraft:polished_blackstone_button":46,"minecraft:chainmail_helmet":26,"minecraft:coal":584,"minecraft:polished_andesite":55,"minecraft:end_rod":11,"minecraft:oxeye_daisy":32,"minecraft:jungle_slab":34,"minecraft:crimson_stairs":2,"minecraft:iron_trapdoor":3,"minecraft:golden_carrot":352,"minecraft:rose_bush":49,"minecraft:rabbit":4,"minecraft:yellow_glazed_terracotta":4,"minecraft:diamond_helmet":9,"minecraft:dead_bush":1,"minecraft:dried_kelp":5,"minecraft:heart_of_the_sea":1,"minecraft:iron_shovel":8,"minecraft:paper":245,"minecraft:string":1289,"minecraft:gray_carpet":1,"minecraft:spruce_sapling":8,"minecraft:pink_tulip":5,"minecraft:purpur_pillar":7,"minecraft:furnace":34,"minecraft:redstone_ore":180,"minecraft:soul_torch":4,"minecraft:netherite_ingot":3,"minecraft:stone_sword":22,"minecraft:polished_diorite_slab":1,"minecraft:cobblestone_wall":2,"minecraft:dark_oak_sign":14,"minecraft:smooth_stone_slab":25,"minecraft:bowl":3,"minecraft:diamond_hoe":18,"minecraft:chicken":31,"minecraft:blue_concrete":11,"minecraft:slime_block":2269,"minecraft:stone_slab":833,"minecraft:magenta_concrete":57,"minecraft:diamond_ore":115,"minecraft:orange_wool":2,"minecraft:nether_bricks":73,"minecraft:spruce_fence":4,"minecraft:pumpkin_seeds":4394,"minecraft:lily_of_the_valley":2,"minecraft:potato":521,"minecraft:cobblestone_slab":273,"minecraft:shroomlight":133,"minecraft:stone":27366,"minecraft:allium":29,"minecraft:wooden_shovel":167,"minecraft:carved_pumpkin":9,"minecraft:spider_eye":226,"minecraft:warped_button":4,"minecraft:birch_boat":4,"minecraft:red_tulip":5,"minecraft:quartz_slab":11,"minecraft:spruce_sign":7,"minecraft:gold_ore":48,"minecraft:crimson_nylium":39,"minecraft:birch_planks":109,"minecraft:brown_mushroom":148,"minecraft:dark_oak_stairs":14,"minecraft:diamond_axe":10,"minecraft:baked_potato":51,"minecraft:lantern":68,"minecraft:lime_stained_glass_pane":16,"minecraft:tube_coral_fan":2,"minecraft:flint":364,"minecraft:cyan_terracotta":153,"minecraft:crimson_trapdoor":1,"minecraft:jungle_button":5,"minecraft:dispenser":3,"minecraft:polished_blackstone_brick_stairs":1,"minecraft:cornflower":1,"minecraft:crimson_roots":220,"minecraft:seagrass":83,"minecraft:white_stained_glass_pane":24,"minecraft:pumpkin_pie":54,"minecraft:polished_blackstone_bricks":102,"minecraft:birch_log":193,"minecraft:black_stained_glass":67,"minecraft:armor_stand":3,"minecraft:gravel":3295,"minecraft:crimson_fungus":36,"minecraft:blackstone":468,"minecraft:lime_wool":3,"minecraft:fern":1,"minecraft:diamond_shovel":7,"minecraft:stone_stairs":10,"minecraft:honey_bottle":35,"minecraft:carrot":4887,"minecraft:brown_shulker_box":2,"minecraft:chainmail_chestplate":6,"minecraft:chiseled_stone_bricks":48,"minecraft:shulker_shell":16,"minecraft:poppy":366,"minecraft:rabbit_hide":1,"minecraft:oak_fence_gate":1,"minecraft:gunpowder":257,"minecraft:spruce_pressure_plate":1,"minecraft:glowstone":579,"minecraft:chainmail_boots":19,"minecraft:chest":9,"minecraft:cyan_concrete":1,"minecraft:arrow":24979,"minecraft:blackstone_slab":84,"minecraft:basalt":349,"minecraft:powered_rail":123,"minecraft:quartz":207,"minecraft:written_book":10,"minecraft:oak_leaves":181,"minecraft:netherrack":37818,"minecraft:firework_rocket":1131,"minecraft:water_bucket":2,"minecraft:oak_slab":490,"minecraft:stripped_spruce_log":12,"minecraft:mossy_cobblestone":1,"minecraft:minecart":44,"minecraft:diamond_leggings":8,"minecraft:poisonous_potato":14,"minecraft:lead":6,"minecraft:light_blue_concrete_powder":40,"minecraft:grass_block":466,"minecraft:stick":3706,"minecraft:nether_gold_ore":37,"minecraft:diorite":13293,"minecraft:warped_stairs":2,"minecraft:light_blue_stained_glass":47,"minecraft:torch":1292,"minecraft:green_carpet":2,"minecraft:iron_leggings":5,"minecraft:crimson_fence":2,"minecraft:wither_rose":372,"minecraft:iron_axe":7,"minecraft:bucket":8,"minecraft:lapis_block":121,"minecraft:dandelion":47,"minecraft:redstone":386,"minecraft:red_concrete":3,"minecraft:jungle_pressure_plate":1,"minecraft:nether_brick_slab":8,"minecraft:gray_stained_glass":29,"minecraft:warped_nylium":13,"minecraft:ender_chest":56,"minecraft:coarse_dirt":22,"minecraft:nether_wart":237,"minecraft:composter":15,"minecraft:wither_skeleton_skull":1,"minecraft:light_gray_wool":1,"minecraft:iron_hoe":2,"minecraft:cyan_stained_glass_pane":1,"minecraft:acacia_leaves":11,"minecraft:glass_pane":2,"minecraft:red_terracotta":1,"minecraft:filled_map":21,"minecraft:snow":139,"minecraft:shield":7,"minecraft:black_concrete_powder":128,"minecraft:diamond_chestplate":1,"minecraft:orange_terracotta":24,"minecraft:iron_chestplate":1,"minecraft:warped_fence":1,"minecraft:quartz_stairs":15,"minecraft:oak_boat":6,"minecraft:golden_sword":1440,"minecraft:diamond_boots":8,"minecraft:slime_ball":1335,"minecraft:stripped_warped_stem":10,"minecraft:beacon":34,"minecraft:stone_pickaxe":41,"minecraft:nether_quartz_ore":60,"minecraft:white_stained_glass":378},"minecraft:picked_up":{"minecraft:stone_slab":1650,"minecraft:smithing_table":15,"minecraft:lead":92,"minecraft:enchanted_book":45,"minecraft:purple_shulker_box":2,"minecraft:blue_concrete":60,"minecraft:music_disc_cat":3,"minecraft:polished_blackstone_brick_stairs":70,"minecraft:string":2838,"minecraft:pufferfish":5,"minecraft:shroomlight":1099,"minecraft:diamond_leggings":73,"minecraft:horn_coral_block":6,"minecraft:crimson_sign":4,"minecraft:diamond_ore":5668,"minecraft:spruce_pressure_plate":1,"minecraft:polished_blackstone_brick_slab":145,"minecraft:polished_blackstone_stairs":1,"minecraft:jukebox":2,"minecraft:acacia_log":293,"minecraft:purpur_pillar":70,"minecraft:cyan_stained_glass":89,"minecraft:brick_wall":14,"minecraft:honeycomb_block":36,"minecraft:warped_button":8,"minecraft:gray_shulker_box":5,"minecraft:warped_door":1,"minecraft:cauldron":7,"minecraft:end_crystal":1,"minecraft:green_terracotta":106,"minecraft:golden_chestplate":30,"minecraft:cyan_stained_glass_pane":184,"minecraft:pink_terracotta":9,"minecraft:brown_carpet":12,"minecraft:orange_bed":1,"minecraft:stone_sword":20,"minecraft:lime_carpet":54,"minecraft:honey_bottle":96,"minecraft:horn_coral_fan":10,"minecraft:blackstone_wall":45,"minecraft:polished_basalt":326,"minecraft:glowstone":1486,"minecraft:red_tulip":5,"minecraft:carved_pumpkin":870,"minecraft:bookshelf":65,"minecraft:end_rod":397,"minecraft:white_terracotta":820,"minecraft:blaze_rod":715,"minecraft:iron_bars":223,"minecraft:snowball":2463,"minecraft:feather":69,"minecraft:cooked_beef":296,"minecraft:water_bucket":17,"minecraft:dark_oak_boat":11,"minecraft:flint":493,"minecraft:purple_stained_glass":1,"minecraft:pink_concrete_powder":1,"minecraft:lantern":95,"minecraft:gray_concrete_powder":1039,"minecraft:purple_carpet":7,"minecraft:stonecutter":69,"minecraft:dark_oak_sign":18,"minecraft:rabbit":5,"minecraft:diamond_helmet":38,"minecraft:honeycomb":20,"minecraft:chiseled_polished_blackstone":15,"minecraft:lime_terracotta":93,"minecraft:stripped_crimson_stem":10,"minecraft:birch_fence_gate":4,"minecraft:stripped_spruce_log":109,"minecraft:brown_mushroom_block":45,"minecraft:netherite_block":48,"minecraft:polished_andesite":1333,"minecraft:lever":107,"minecraft:granite":14198,"minecraft:spruce_button":97,"minecraft:jack_o_lantern":63,"minecraft:light_gray_carpet":351,"minecraft:crimson_roots":549,"minecraft:diamond_pickaxe":70,"minecraft:bee_nest":16,"minecraft:stripped_warped_hyphae":5,"minecraft:clay_ball":556,"minecraft:leather_leggings":22,"minecraft:redstone_lamp":477,"minecraft:dragon_head":12,"minecraft:purpur_block":382,"minecraft:heavy_weighted_pressure_plate":11,"minecraft:cornflower":2,"minecraft:elytra":93,"minecraft:flint_and_steel":62,"minecraft:white_carpet":86,"minecraft:white_stained_glass":1158,"minecraft:iron_shovel":10,"minecraft:glass_pane":65,"minecraft:netherite_sword":43,"minecraft:stripped_warped_stem":420,"minecraft:jungle_sapling":50,"minecraft:poppy":502,"minecraft:spruce_slab":371,"minecraft:minecart":397,"minecraft:birch_sapling":39,"minecraft:piston":149,"minecraft:diamond_hoe":20,"minecraft:lime_shulker_box":130,"minecraft:black_stained_glass":229,"minecraft:stone":140237,"minecraft:cyan_glazed_terracotta":68,"minecraft:fire_charge":247,"minecraft:white_dye":144,"minecraft:netherite_pickaxe":51,"minecraft:cyan_shulker_box":51,"minecraft:jungle_sign":70,"minecraft:diamond_chestplate":11,"minecraft:purpur_slab":49,"minecraft:hay_block":43,"minecraft:yellow_terracotta":309,"minecraft:totem_of_undying":3,"minecraft:polished_blackstone":55,"minecraft:mutton":8,"minecraft:rail":3962,"minecraft:bone_block":1149,"minecraft:emerald_ore":32,"minecraft:oxeye_daisy":59,"minecraft:lime_bed":58,"minecraft:birch_leaves":622,"minecraft:yellow_shulker_box":535,"minecraft:tripwire_hook":6,"minecraft:blackstone_slab":683,"minecraft:fern":2,"minecraft:jungle_fence":6,"minecraft:acacia_wood":3,"minecraft:purpur_stairs":67,"minecraft:lily_pad":19,"minecraft:diorite_stairs":15,"minecraft:paper":291,"minecraft:apple":2899,"minecraft:warped_stem":5294,"minecraft:yellow_stained_glass":4,"minecraft:oak_fence_gate":208,"minecraft:pufferfish_bucket":1,"minecraft:stone_pickaxe":16,"minecraft:iron_ore":4051,"minecraft:magenta_stained_glass":3,"minecraft:gray_bed":1,"minecraft:dark_oak_stairs":26,"minecraft:polished_andesite_stairs":101,"minecraft:milk_bucket":3,"minecraft:light_gray_stained_glass":137,"minecraft:sweet_berries":24,"minecraft:green_glazed_terracotta":38,"minecraft:red_wool":48,"minecraft:lime_concrete":145,"minecraft:crimson_stairs":2,"minecraft:light_blue_stained_glass":51,"minecraft:crying_obsidian":170,"minecraft:leather_helmet":19,"minecraft:oak_wood":808,"minecraft:diamond_shovel":67,"minecraft:coal_ore":1641,"minecraft:slime_ball":7192,"minecraft:painting":132,"minecraft:birch_sign":108,"minecraft:polished_blackstone_brick_wall":30,"minecraft:baked_potato":51,"minecraft:smooth_quartz_slab":1,"minecraft:hopper":1130,"minecraft:black_carpet":415,"minecraft:light_blue_concrete":195,"minecraft:ender_chest":1425,"minecraft:nether_brick_fence":38,"minecraft:yellow_wool":116,"minecraft:gilded_blackstone":42,"minecraft:stone_brick_stairs":82,"minecraft:warped_stairs":54,"minecraft:lapis_block":67,"minecraft:bucket":14,"minecraft:red_sand":518,"minecraft:smooth_stone":1505,"minecraft:comparator":391,"minecraft:light_weighted_pressure_plate":1343,"minecraft:rose_bush":320,"minecraft:cobblestone_slab":179,"minecraft:wooden_shovel":148,"minecraft:iron_pickaxe":8,"minecraft:blue_wool":3,"minecraft:tipped_arrow":253,"minecraft:birch_trapdoor":6,"minecraft:spruce_stairs":139,"minecraft:netherite_shovel":1,"minecraft:diorite":12810,"minecraft:vine":180,"minecraft:andesite_wall":80,"minecraft:rotten_flesh":12373,"minecraft:brown_shulker_box":144,"minecraft:obsidian":561,"minecraft:blaze_powder":169,"minecraft:cobblestone":68578,"minecraft:enchanting_table":4,"minecraft:leather_chestplate":14,"minecraft:lilac":228,"minecraft:repeater":903,"minecraft:andesite":15356,"minecraft:golden_leggings":31,"minecraft:beacon":126,"minecraft:potato":1417,"minecraft:stripped_birch_log":278,"minecraft:dirt":51935,"minecraft:cut_sandstone_slab":9,"minecraft:name_tag":20,"minecraft:glass":884,"minecraft:bone":5442,"minecraft:acacia_planks":22,"minecraft:bow":620,"minecraft:wheat_seeds":1835,"minecraft:grindstone":35,"minecraft:netherite_axe":35,"minecraft:mossy_stone_bricks":12,"minecraft:fletching_table":357,"minecraft:bamboo":2220,"minecraft:cyan_concrete":740,"minecraft:prismarine":28,"minecraft:diorite_wall":234,"minecraft:gray_stained_glass":333,"minecraft:black_stained_glass_pane":203,"minecraft:light_blue_shulker_box":85,"minecraft:melon":2053,"minecraft:grass_block":21914,"minecraft:diamond_block":1423,"minecraft:spectral_arrow":118,"minecraft:jungle_slab":88,"minecraft:mossy_cobblestone":280,"minecraft:jungle_leaves":392,"minecraft:light_gray_terracotta":459,"minecraft:light_blue_terracotta":142,"minecraft:yellow_carpet":126,"minecraft:slime_block":4364,"minecraft:netherite_helmet":1,"minecraft:soul_lantern":3,"minecraft:cracked_polished_blackstone_bricks":188,"minecraft:crossbow":87,"minecraft:bone_meal":2160,"minecraft:grass":7,"minecraft:golden_apple":50,"minecraft:spruce_sign":40,"minecraft:emerald":1013,"minecraft:chorus_fruit":74,"minecraft:netherrack":44475,"minecraft:andesite_slab":572,"minecraft:oak_leaves":28926,"minecraft:azure_bluet":24,"minecraft:splash_potion":32,"minecraft:ladder":456,"minecraft:brown_mushroom":297,"minecraft:packed_ice":3950,"minecraft:pink_wool":66,"minecraft:stone_brick_wall":34,"minecraft:diorite_slab":133,"minecraft:chain":208,"minecraft:brick":137,"minecraft:shield":6,"minecraft:oak_trapdoor":293,"minecraft:mycelium":2075,"minecraft:birch_fence":1,"minecraft:magenta_wool":4,"minecraft:blackstone":8507,"minecraft:blue_orchid":1,"minecraft:lime_wool":145,"minecraft:end_stone":239,"minecraft:note_block":86,"minecraft:polished_blackstone_bricks":723,"minecraft:cookie":1,"minecraft:brown_concrete_powder":40,"minecraft:trident":4,"minecraft:light_gray_stained_glass_pane":70,"minecraft:stone_pressure_plate":17,"minecraft:tube_coral":1,"minecraft:weeping_vines":298,"minecraft:red_shulker_box":452,"minecraft:pumpkin_pie":8,"minecraft:nether_bricks":1716,"minecraft:stripped_dark_oak_wood":1,"minecraft:pink_tulip":5,"minecraft:black_banner":75,"minecraft:brick_stairs":9,"minecraft:netherite_boots":37,"minecraft:jungle_boat":19,"minecraft:prismarine_slab":21,"minecraft:basalt":5056,"minecraft:dark_oak_button":5,"minecraft:golden_carrot":2207,"minecraft:leather":744,"minecraft:ice":711,"minecraft:granite_stairs":6,"minecraft:crimson_fungus":126,"minecraft:chainmail_chestplate":15,"minecraft:cobblestone_wall":13,"minecraft:gunpowder":1974,"minecraft:orange_terracotta":136,"minecraft:cooked_mutton":38,"minecraft:red_carpet":108,"minecraft:gray_carpet":14,"minecraft:acacia_trapdoor":72,"minecraft:rabbit_hide":2,"minecraft:iron_ingot":1241,"minecraft:cooked_chicken":29,"minecraft:polished_andesite_slab":82,"minecraft:pink_bed":3,"minecraft:warped_fungus":170,"minecraft:nether_quartz_ore":214,"minecraft:emerald_block":16,"minecraft:stone_brick_slab":416,"minecraft:quartz":1688,"minecraft:dandelion":166,"minecraft:lava_bucket":3,"minecraft:soul_torch":2,"minecraft:nether_brick_slab":18,"minecraft:spruce_door":46,"minecraft:brick_slab":5,"minecraft:light_blue_concrete_powder":27,"minecraft:polished_diorite_stairs":78,"minecraft:pumpkin_seeds":5090,"minecraft:white_concrete_powder":5383,"minecraft:chainmail_leggings":5,"minecraft:mossy_cobblestone_stairs":3,"minecraft:terracotta":6776,"minecraft:damaged_anvil":13,"minecraft:dark_oak_wood":1,"minecraft:sunflower":132,"minecraft:seagrass":48,"minecraft:iron_chestplate":4,"minecraft:chainmail_boots":12,"minecraft:anvil":68,"minecraft:flower_pot":18,"minecraft:prismarine_shard":64,"minecraft:magenta_carpet":21,"minecraft:diamond_sword":34,"minecraft:oak_stairs":57,"minecraft:brown_bed":13,"minecraft:birch_button":33,"minecraft:wither_rose":440,"minecraft:golden_shovel":23,"minecraft:brewing_stand":21,"minecraft:golden_sword":502,"minecraft:dark_oak_trapdoor":136,"minecraft:soul_soil":713,"minecraft:red_nether_bricks":16,"minecraft:orange_concrete_powder":2,"minecraft:gold_nugget":12567,"minecraft:crimson_fence":2,"minecraft:spruce_planks":1013,"minecraft:acacia_sign":7,"minecraft:written_book":16,"minecraft:melon_slice":746,"minecraft:coal_block":115,"minecraft:dark_oak_door":4,"minecraft:golden_helmet":29,"minecraft:beehive":2,"minecraft:music_disc_blocks":3,"minecraft:magenta_concrete_powder":3,"minecraft:composter":33,"minecraft:green_bed":9,"minecraft:sandstone_wall":1,"minecraft:warped_planks":16,"minecraft:chiseled_nether_bricks":5,"minecraft:gray_stained_glass_pane":44,"minecraft:tropical_fish":6,"minecraft:iron_block":2709,"minecraft:cyan_terracotta":6123,"minecraft:netherite_chestplate":3,"minecraft:blackstone_stairs":76,"minecraft:birch_log":710,"minecraft:magma_block":7610,"minecraft:mossy_cobblestone_slab":10,"minecraft:polished_diorite_slab":59,"minecraft:birch_slab":23,"minecraft:iron_door":43,"minecraft:jungle_log":1995,"minecraft:acacia_leaves":12,"minecraft:green_concrete_powder":10,"minecraft:jungle_wood":5,"minecraft:gray_concrete":570,"minecraft:map":3,"minecraft:light_gray_concrete_powder":40,"minecraft:twisting_vines":93,"minecraft:chipped_anvil":20,"minecraft:glowstone_dust":1102,"minecraft:warped_wart_block":5929,"minecraft:dropper":401,"minecraft:ink_sac":146,"minecraft:granite_slab":7,"minecraft:crimson_door":4,"minecraft:loom":3,"minecraft:fermented_spider_eye":72,"minecraft:red_terracotta":2368,"minecraft:dark_oak_log":873,"minecraft:barrel":213,"minecraft:quartz_bricks":36,"minecraft:black_concrete_powder":117,"minecraft:dispenser":146,"minecraft:green_concrete":1329,"minecraft:writable_book":29,"minecraft:polished_granite_slab":2,"minecraft:blue_ice":4,"minecraft:bread":9,"minecraft:chainmail_helmet":3,"minecraft:dark_oak_fence":18,"minecraft:bricks":1664,"minecraft:lime_stained_glass_pane":6,"minecraft:crafting_table":327,"minecraft:coarse_dirt":212,"minecraft:bubble_coral_fan":7,"minecraft:sandstone_slab":243,"minecraft:purple_wool":544,"minecraft:nether_wart":297,"minecraft:crimson_trapdoor":6,"minecraft:snow":553,"minecraft:compass":6,"minecraft:cracked_stone_bricks":43,"minecraft:cartography_table":7,"minecraft:respawn_anchor":2,"minecraft:beef":176,"minecraft:iron_nugget":598,"minecraft:quartz_stairs":36,"minecraft:chest":1411,"minecraft:egg":457,"minecraft:sandstone":4163,"minecraft:oak_door":66,"minecraft:spruce_fence":123,"minecraft:carrot":6901,"minecraft:redstone":19549,"minecraft:mushroom_stem":11,"minecraft:prismarine_crystals":17,"minecraft:tnt":156,"minecraft:cooked_cod":128,"minecraft:beetroot_seeds":1,"minecraft:tube_coral_fan":11,"minecraft:peony":86,"minecraft:shears":21,"minecraft:diamond_boots":42,"minecraft:tube_coral_block":5,"minecraft:gold_ingot":1580,"minecraft:white_shulker_box":213,"minecraft:lime_concrete_powder":22,"minecraft:white_wool":112,"minecraft:lapis_ore":189,"minecraft:stripped_oak_log":739,"minecraft:red_mushroom_block":49,"minecraft:red_mushroom":227,"minecraft:filled_map":164,"minecraft:brown_concrete":263,"minecraft:oak_log":10752,"minecraft:ancient_debris":693,"minecraft:jungle_button":9,"minecraft:golden_boots":31,"minecraft:blue_bed":2,"minecraft:white_banner":17,"minecraft:birch_pressure_plate":5,"minecraft:stone_bricks":3329,"minecraft:kelp":537,"minecraft:cobweb":181,"minecraft:glass_bottle":373,"minecraft:iron_sword":3,"minecraft:white_stained_glass_pane":63,"minecraft:dark_oak_slab":538,"minecraft:daylight_detector":1,"minecraft:yellow_concrete":148,"minecraft:light_blue_glazed_terracotta":20,"minecraft:gravel":29525,"minecraft:birch_stairs":1,"minecraft:spruce_sapling":49,"minecraft:spruce_log":893,"minecraft:sea_lantern":352,"minecraft:firework_rocket":3963,"minecraft:red_stained_glass":2,"minecraft:purple_bed":3,"minecraft:polished_diorite":40,"minecraft:stone_axe":2,"minecraft:light_blue_carpet":17,"minecraft:redstone_ore":1811,"minecraft:diamond_axe":42,"minecraft:gray_wool":13,"minecraft:warped_roots":541,"minecraft:oak_button":47,"minecraft:warped_nylium":241,"minecraft:stripped_dark_oak_log":62,"minecraft:crimson_nylium":235,"minecraft:ender_pearl":3355,"minecraft:shulker_shell":2750,"minecraft:music_disc_strad":1,"minecraft:wheat":206,"minecraft:redstone_block":524,"minecraft:iron_trapdoor":69,"minecraft:light_gray_shulker_box":555,"minecraft:potion":37,"minecraft:turtle_egg":9,"minecraft:nether_brick":771,"minecraft:brain_coral_block":3,"minecraft:crimson_planks":10,"minecraft:smooth_stone_slab":1215,"minecraft:iron_leggings":7,"minecraft:armor_stand":45,"minecraft:sticky_piston":433,"minecraft:netherite_ingot":12,"minecraft:oak_sign":415,"minecraft:pink_shulker_box":96,"minecraft:activator_rail":1,"minecraft:sea_pickle":11,"minecraft:black_shulker_box":135,"minecraft:redstone_torch":1061,"minecraft:iron_boots":16,"minecraft:furnace":342,"minecraft:stick":15784,"minecraft:orange_shulker_box":29,"minecraft:brown_terracotta":142,"minecraft:oak_fence":222,"minecraft:torch":5116,"minecraft:porkchop":10,"minecraft:snow_block":2374,"minecraft:dried_kelp":7,"minecraft:target":8,"minecraft:yellow_concrete_powder":126,"minecraft:quartz_block":32,"minecraft:nether_gold_ore":72,"minecraft:cactus":861,"minecraft:green_wool":133,"minecraft:fire_coral_fan":7,"minecraft:stripped_birch_wood":3,"minecraft:cod":5,"minecraft:nautilus_shell":9,"minecraft:jungle_pressure_plate":2,"minecraft:magma_cream":298,"minecraft:warped_trapdoor":3,"minecraft:wither_skeleton_skull":19,"minecraft:acacia_boat":3,"minecraft:green_shulker_box":18,"minecraft:lapis_lazuli":5516,"minecraft:polished_granite":466,"minecraft:leather_boots":21,"minecraft:bell":28,"minecraft:powered_rail":1925,"minecraft:stone_hoe":5,"minecraft:oak_planks":2100,"minecraft:brain_coral":1,"minecraft:ghast_tear":23,"minecraft:pink_concrete":1051,"minecraft:black_terracotta":680,"minecraft:cooked_porkchop":123,"minecraft:music_disc_13":2,"minecraft:poisonous_potato":28,"minecraft:oak_pressure_plate":3,"minecraft:pink_stained_glass_pane":3,"minecraft:polished_blackstone_slab":95,"minecraft:jungle_planks":1352,"minecraft:sand":39904,"minecraft:dead_bush":71,"minecraft:shulker_box":2925,"minecraft:orange_wool":9,"minecraft:light_gray_concrete":294,"minecraft:dark_prismarine_slab":10,"minecraft:spruce_fence_gate":4,"minecraft:clay":31,"minecraft:diamond":6820,"minecraft:spruce_boat":8,"minecraft:black_concrete":1656,"minecraft:polished_blackstone_button":58,"minecraft:white_concrete":7381,"minecraft:oak_sapling":26129,"minecraft:bubble_coral_block":4,"minecraft:nether_star":5,"minecraft:end_stone_bricks":360,"minecraft:charcoal":102,"minecraft:cocoa_beans":438,"minecraft:end_stone_brick_stairs":4,"minecraft:allium":63,"minecraft:chicken":39,"minecraft:gold_block":4150,"minecraft:stone_stairs":93,"minecraft:iron_axe":8,"minecraft:orange_concrete":122,"minecraft:wooden_sword":8,"minecraft:item_frame":282,"minecraft:quartz_slab":36,"minecraft:warped_fence":2,"minecraft:detector_rail":39,"minecraft:andesite_stairs":30,"minecraft:oak_boat":37,"minecraft:player_head":601,"minecraft:observer":826,"minecraft:light_gray_wool":6,"minecraft:lectern":192,"minecraft:sugar_cane":4841,"minecraft:blue_shulker_box":20,"minecraft:spruce_trapdoor":562,"minecraft:phantom_membrane":8,"minecraft:dark_oak_sapling":44,"minecraft:bowl":1,"minecraft:gray_dye":1,"minecraft:quartz_pillar":46,"minecraft:stone_button":144,"minecraft:magenta_shulker_box":28,"minecraft:dark_oak_planks":1021,"minecraft:smooth_sandstone_slab":54,"minecraft:arrow":10800,"minecraft:light_blue_stained_glass_pane":36,"minecraft:jungle_stairs":145,"minecraft:lime_stained_glass":121,"minecraft:crimson_stem":78,"minecraft:salmon":1,"minecraft:cut_sandstone":3,"minecraft:birch_planks":434,"minecraft:yellow_glazed_terracotta":17,"minecraft:nether_wart_block":542,"minecraft:cobblestone_stairs":13,"minecraft:podzol":134,"minecraft:smooth_sandstone":486,"minecraft:fire_coral_block":3,"minecraft:stripped_oak_wood":119,"minecraft:soul_sand":1258,"minecraft:acacia_sapling":13,"minecraft:purple_concrete":56,"minecraft:book":682,"minecraft:scaffolding":1741,"minecraft:oak_slab":931,"minecraft:red_concrete_powder":331,"minecraft:birch_boat":7,"minecraft:pumpkin":3379,"minecraft:chiseled_stone_bricks":1,"minecraft:magenta_stained_glass_pane":9,"minecraft:brain_coral_fan":4,"minecraft:blast_furnace":5,"minecraft:white_bed":129,"minecraft:gold_ore":906,"minecraft:green_carpet":94,"minecraft:mossy_stone_brick_slab":2,"minecraft:spider_eye":734,"minecraft:stripped_jungle_log":2,"minecraft:music_disc_mall":1,"minecraft:campfire":63,"minecraft:honey_block":1192,"minecraft:iron_helmet":8,"minecraft:magenta_concrete":90,"minecraft:red_concrete":515,"minecraft:coal":9535,"minecraft:purple_concrete_powder":13},"minecraft:broken":{"minecraft:diamond_helmet":1,"minecraft:shears":39,"minecraft:diamond_shovel":3,"minecraft:diamond_pickaxe":1,"minecraft:fishing_rod":1,"minecraft:stone_hoe":1,"minecraft:iron_pickaxe":5,"minecraft:iron_shovel":1,"minecraft:stone_axe":1,"minecraft:iron_sword":9,"minecraft:iron_axe":4,"minecraft:golden_helmet":2,"minecraft:golden_shovel":1,"minecraft:flint_and_steel":7},"minecraft:killed_by":{"minecraft:ravager":1,"minecraft:magma_cube":2,"minecraft:zombie":1,"minecraft:zombified_piglin":7,"minecraft:skeleton":3,"minecraft:wither_skeleton":3,"minecraft:creeper":12,"minecraft:player":22,"minecraft:iron_golem":2,"minecraft:phantom":2},"minecraft:mined":{"minecraft:dragon_wall_head":11,"minecraft:cut_sandstone_slab":11,"minecraft:red_shulker_box":443,"minecraft:blackstone_stairs":81,"minecraft:white_bed":120,"minecraft:pink_bed":3,"minecraft:fire_coral_wall_fan":5,"minecraft:cyan_shulker_box":50,"minecraft:red_nether_bricks":4,"minecraft:light_blue_carpet":19,"minecraft:potted_dead_bush":1,"minecraft:granite":12595,"minecraft:acacia_log":137,"minecraft:oak_pressure_plate":4,"minecraft:blue_wool":3,"minecraft:green_concrete":1355,"minecraft:oak_wall_sign":119,"minecraft:nether_wart":25,"minecraft:spawner":1,"minecraft:polished_blackstone_bricks":591,"minecraft:magma_block":7627,"minecraft:dark_oak_trapdoor":106,"minecraft:mossy_cobblestone_stairs":3,"minecraft:barrel":190,"minecraft:fire":1741,"minecraft:fletching_table":357,"minecraft:granite_slab":11,"minecraft:twisting_vines":20,"minecraft:spruce_pressure_plate":2,"minecraft:light_gray_concrete":97,"minecraft:white_banner":1,"minecraft:green_carpet":75,"minecraft:pink_tulip":2,"minecraft:white_shulker_box":207,"minecraft:player_head":90,"minecraft:tripwire":20,"minecraft:orange_bed":1,"minecraft:jungle_button":2,"minecraft:sandstone_slab":106,"minecraft:cut_sandstone":3,"minecraft:magenta_carpet":21,"minecraft:kelp_plant":64,"minecraft:crimson_nylium":233,"minecraft:torch":851,"minecraft:note_block":69,"minecraft:dark_oak_wood":1,"minecraft:melon":23,"minecraft:white_stained_glass_pane":64,"minecraft:dead_bush":113,"minecraft:nether_brick_slab":35,"minecraft:spruce_wall_sign":26,"minecraft:smooth_quartz_slab":1,"minecraft:tube_coral_fan":2,"minecraft:lime_shulker_box":108,"minecraft:sugar_cane":1651,"minecraft:bricks":1304,"minecraft:white_terracotta":861,"minecraft:chain":131,"minecraft:repeater":554,"minecraft:jungle_wood":4,"minecraft:jukebox":1,"minecraft:yellow_glazed_terracotta":20,"minecraft:wither_rose":79,"minecraft:grass":1641,"minecraft:birch_button":25,"minecraft:sandstone_wall":1,"minecraft:stripped_crimson_stem":10,"minecraft:brown_concrete":268,"minecraft:mossy_cobblestone":93,"minecraft:orange_concrete_powder":2,"minecraft:dark_oak_log":268,"minecraft:cyan_stained_glass":68,"minecraft:sea_lantern":239,"minecraft:end_stone":197,"minecraft:birch_fence_gate":2,"minecraft:dark_oak_fence":19,"minecraft:spruce_fence":143,"minecraft:redstone_wire":1188,"minecraft:red_mushroom":23,"minecraft:cartography_table":6,"minecraft:white_concrete_powder":8,"minecraft:magenta_stained_glass_pane":18,"minecraft:redstone_ore":4715,"minecraft:acacia_trapdoor":13,"minecraft:light_blue_concrete_powder":1,"minecraft:pink_concrete":520,"minecraft:andesite":11482,"minecraft:green_terracotta":137,"minecraft:respawn_anchor":1,"minecraft:cyan_concrete":505,"minecraft:vine":537,"minecraft:rail":3560,"minecraft:cobblestone_slab":150,"minecraft:potted_spruce_sapling":1,"minecraft:brain_coral_wall_fan":3,"minecraft:bone_block":301,"minecraft:fire_coral_block":3,"minecraft:green_wool":16,"minecraft:ender_chest":1227,"minecraft:birch_stairs":1,"minecraft:oak_slab":816,"minecraft:redstone_block":402,"minecraft:soul_sand":383,"minecraft:glass_pane":33,"minecraft:chiseled_nether_bricks":4,"minecraft:dandelion":98,"minecraft:polished_blackstone_brick_wall":30,"minecraft:cornflower":2,"minecraft:prismarine_slab":21,"minecraft:warped_roots":129,"minecraft:tall_grass":61,"minecraft:campfire":44,"minecraft:purpur_pillar":79,"minecraft:brain_coral_fan":1,"minecraft:diorite":11200,"minecraft:warped_wart_block":6644,"minecraft:purple_wool":573,"minecraft:black_stained_glass":112,"minecraft:red_terracotta":2334,"minecraft:coarse_dirt":123,"minecraft:cobblestone_wall":17,"minecraft:dark_oak_wall_sign":13,"minecraft:purple_concrete":2,"minecraft:dark_prismarine_slab":9,"minecraft:dark_oak_button":5,"minecraft:sunflower":1,"minecraft:gravel":26176,"minecraft:cobweb":438,"minecraft:brown_terracotta":169,"minecraft:birch_sign":24,"minecraft:oak_button":22,"minecraft:polished_blackstone":23,"minecraft:stone_bricks":2910,"minecraft:gold_ore":897,"minecraft:chipped_anvil":16,"minecraft:iron_trapdoor":85,"minecraft:fern":38,"minecraft:stone_pressure_plate":17,"minecraft:oak_sapling":46,"minecraft:farmland":43,"minecraft:mossy_stone_brick_slab":3,"minecraft:andesite_stairs":15,"minecraft:orange_wool":3,"minecraft:brewing_stand":21,"minecraft:spruce_trapdoor":461,"minecraft:white_concrete":8125,"minecraft:cracked_polished_blackstone_bricks":85,"minecraft:polished_blackstone_brick_slab":122,"minecraft:polished_diorite":35,"minecraft:composter":54,"minecraft:gilded_blackstone":41,"minecraft:mossy_cobblestone_slab":10,"minecraft:turtle_egg":9,"minecraft:dragon_head":1,"minecraft:brown_bed":12,"minecraft:iron_bars":225,"minecraft:granite_stairs":7,"minecraft:spruce_slab":276,"minecraft:netherite_block":31,"minecraft:brown_shulker_box":141,"minecraft:quartz_block":28,"minecraft:polished_blackstone_wall":4,"minecraft:orange_terracotta":138,"minecraft:purpur_stairs":78,"minecraft:light_gray_terracotta":484,"minecraft:jungle_stairs":169,"minecraft:beacon":90,"minecraft:nether_quartz_ore":579,"minecraft:oak_planks":1625,"minecraft:wall_torch":366,"minecraft:cauldron":7,"minecraft:light_blue_terracotta":76,"minecraft:stone_stairs":74,"minecraft:light_weighted_pressure_plate":362,"minecraft:fire_coral_fan":2,"minecraft:warped_nylium":232,"minecraft:powered_rail":1528,"minecraft:dark_oak_slab":509,"minecraft:warped_planks":7,"minecraft:blue_ice":4,"minecraft:tnt":51,"minecraft:smooth_stone_slab":866,"minecraft:oak_log":9076,"minecraft:lime_terracotta":169,"minecraft:dirt":44369,"minecraft:dispenser":108,"minecraft:ancient_debris":689,"minecraft:daylight_detector":2,"minecraft:crying_obsidian":24,"minecraft:quartz_stairs":39,"minecraft:dark_oak_leaves":9,"minecraft:red_stained_glass":2,"minecraft:lever":19,"minecraft:ladder":161,"minecraft:stone_button":78,"minecraft:tube_coral_wall_fan":9,"minecraft:brown_mushroom_block":305,"minecraft:soul_campfire":1,"minecraft:birch_slab":15,"minecraft:spruce_leaves":74,"minecraft:crimson_stem":80,"minecraft:hay_block":43,"minecraft:heavy_weighted_pressure_plate":6,"minecraft:nether_sprouts":47,"minecraft:polished_basalt":215,"minecraft:light_gray_shulker_box":544,"minecraft:detector_rail":25,"minecraft:peony":1,"minecraft:gold_block":3390,"minecraft:nether_brick_fence":51,"minecraft:shroomlight":824,"minecraft:bookshelf":243,"minecraft:stripped_oak_log":765,"minecraft:pink_terracotta":48,"minecraft:scaffolding":775,"minecraft:acacia_leaves":15,"minecraft:magenta_stained_glass":2,"minecraft:snow_block":895,"minecraft:basalt":5088,"minecraft:stripped_dark_oak_log":63,"minecraft:warped_fence":2,"minecraft:polished_granite":107,"minecraft:oak_fence":172,"minecraft:honey_block":772,"minecraft:gray_stained_glass":84,"minecraft:lime_carpet":52,"minecraft:stone_slab":1726,"minecraft:quartz_bricks":36,"minecraft:red_concrete":447,"minecraft:polished_blackstone_brick_stairs":66,"minecraft:birch_planks":10,"minecraft:end_stone_brick_stairs":3,"minecraft:sea_pickle":5,"minecraft:polished_blackstone_slab":26,"minecraft:black_wall_banner":75,"minecraft:ice":1186,"minecraft:white_wall_banner":8,"minecraft:bee_nest":17,"minecraft:grass_path":181,"minecraft:cocoa":118,"minecraft:yellow_concrete":122,"minecraft:purple_shulker_box":2,"minecraft:cracked_stone_bricks":38,"minecraft:mossy_stone_bricks":17,"minecraft:crimson_fence":2,"minecraft:jungle_wall_sign":41,"minecraft:dark_oak_planks":556,"minecraft:stripped_warped_stem":442,"minecraft:light_blue_concrete":132,"minecraft:black_terracotta":683,"minecraft:jungle_leaves":550,"minecraft:potted_crimson_fungus":1,"minecraft:obsidian":358,"minecraft:warped_stairs":2,"minecraft:carved_pumpkin":853,"minecraft:chiseled_polished_blackstone":15,"minecraft:red_sand":530,"minecraft:crimson_trapdoor":7,"minecraft:stone_brick_wall":44,"minecraft:yellow_carpet":39,"minecraft:jungle_log":1480,"minecraft:horn_coral_fan":3,"minecraft:lime_stained_glass":59,"minecraft:purpur_slab":53,"minecraft:diorite_stairs":45,"minecraft:bubble_coral_block":4,"minecraft:hopper":1121,"minecraft:tube_coral_block":5,"minecraft:crimson_fungus":37,"minecraft:oxeye_daisy":38,"minecraft:chiseled_stone_bricks":1,"minecraft:light_blue_stained_glass":26,"minecraft:weeping_vines_plant":124,"minecraft:orange_concrete":69,"minecraft:tall_seagrass":18,"minecraft:sticky_piston":433,"minecraft:pumpkin":31,"minecraft:enchanting_table":4,"minecraft:lime_stained_glass_pane":14,"minecraft:oak_sign":82,"minecraft:oak_stairs":57,"minecraft:quartz_slab":43,"minecraft:crimson_sign":1,"minecraft:blue_orchid":1,"minecraft:iron_block":1860,"minecraft:piston_head":11,"minecraft:soul_wall_torch":1,"minecraft:brown_mushroom":132,"minecraft:player_wall_head":55,"minecraft:soul_fire":11,"minecraft:cyan_glazed_terracotta":76,"minecraft:blast_furnace":5,"minecraft:polished_andesite_stairs":151,"minecraft:green_concrete_powder":10,"minecraft:polished_diorite_slab":64,"minecraft:glass":329,"minecraft:damaged_anvil":13,"minecraft:smooth_sandstone_slab":41,"minecraft:crimson_stairs":2,"minecraft:spruce_sign":4,"minecraft:polished_diorite_stairs":201,"minecraft:black_concrete_powder":46,"minecraft:light_gray_stained_glass":127,"minecraft:wheat":202,"minecraft:lime_concrete":174,"minecraft:warped_fungus":89,"minecraft:stone_brick_stairs":85,"minecraft:oak_fence_gate":223,"minecraft:purple_concrete_powder":13,"minecraft:loom":3,"minecraft:stripped_birch_wood":4,"minecraft:blue_shulker_box":20,"minecraft:stonecutter":69,"minecraft:red_mushroom_block":555,"minecraft:yellow_stained_glass":4,"minecraft:piston":140,"minecraft:light_blue_stained_glass_pane":3,"minecraft:yellow_terracotta":317,"minecraft:pink_shulker_box":93,"minecraft:light_gray_stained_glass_pane":46,"minecraft:stripped_birch_log":258,"minecraft:jack_o_lantern":44,"minecraft:warped_door":3,"minecraft:shulker_box":2319,"minecraft:nether_bricks":1963,"minecraft:jungle_planks":1360,"minecraft:crimson_roots":110,"minecraft:orange_shulker_box":27,"minecraft:magenta_concrete":103,"minecraft:yellow_concrete_powder":70,"minecraft:lime_wool":44,"minecraft:horn_coral_wall_fan":8,"minecraft:kelp":78,"minecraft:black_stained_glass_pane":92,"minecraft:polished_blackstone_button":41,"minecraft:snow":4231,"minecraft:acacia_wood":3,"minecraft:diamond_block":1386,"minecraft:potatoes":356,"minecraft:magenta_concrete_powder":3,"minecraft:warped_stem":5380,"minecraft:bamboo_sapling":33,"minecraft:bamboo":398,"minecraft:warped_trapdoor":4,"minecraft:white_wool":92,"minecraft:brain_coral":1,"minecraft:smithing_table":13,"minecraft:light_gray_carpet":229,"minecraft:gray_concrete":590,"minecraft:comparator":263,"minecraft:brown_carpet":5,"minecraft:stone_brick_slab":88,"minecraft:pink_concrete_powder":1,"minecraft:observer":806,"minecraft:jungle_sign":16,"minecraft:smooth_sandstone":31,"minecraft:light_gray_concrete_powder":9,"minecraft:spruce_button":33,"minecraft:emerald_ore":31,"minecraft:dropper":380,"minecraft:purple_bed":3,"minecraft:white_carpet":29,"minecraft:spruce_log":715,"minecraft:birch_leaves":643,"minecraft:jungle_fence":7,"minecraft:quartz_pillar":47,"minecraft:mycelium":2346,"minecraft:dark_oak_sign":1,"minecraft:pink_stained_glass_pane":8,"minecraft:spruce_fence_gate":4,"minecraft:infested_stone":21,"minecraft:black_shulker_box":129,"minecraft:spruce_planks":775,"minecraft:jungle_slab":104,"minecraft:cobblestone_stairs":9,"minecraft:potted_cactus":5,"minecraft:grass_block":35842,"minecraft:infested_cobblestone":1,"minecraft:blue_concrete":26,"minecraft:soul_soil":759,"minecraft:stripped_warped_hyphae":6,"minecraft:smooth_stone":884,"minecraft:glowstone":731,"minecraft:iron_ore":3689,"minecraft:target":8,"minecraft:black_carpet":97,"minecraft:anvil":64,"minecraft:azure_bluet":11,"minecraft:dark_oak_stairs":23,"minecraft:warped_button":4,"minecraft:purple_carpet":5,"minecraft:birch_wall_sign":40,"minecraft:jungle_pressure_plate":2,"minecraft:end_stone_bricks":348,"minecraft:brain_coral_block":3,"minecraft:green_bed":9,"minecraft:blackstone":8299,"minecraft:cyan_terracotta":5366,"minecraft:twisting_vines_plant":28,"minecraft:soul_lantern":3,"minecraft:clay":140,"minecraft:poppy":229,"minecraft:chest":850,"minecraft:mushroom_stem":131,"minecraft:cobblestone":4336,"minecraft:honeycomb_block":10,"minecraft:slime_block":1955,"minecraft:grindstone":25,"minecraft:prismarine":2,"minecraft:iron_door":37,"minecraft:magenta_shulker_box":27,"minecraft:seagrass":33,"minecraft:acacia_sapling":1,"minecraft:brown_concrete_powder":35,"minecraft:nether_wart_block":614,"minecraft:birch_log":324,"minecraft:dark_oak_door":1,"minecraft:yellow_wool":3,"minecraft:birch_trapdoor":7,"minecraft:stripped_oak_wood":120,"minecraft:light_gray_wool":3,"minecraft:purpur_block":366,"minecraft:green_glazed_terracotta":1,"minecraft:diorite_wall":244,"minecraft:crimson_planks":5,"minecraft:sand":38175,"minecraft:infested_cracked_stone_bricks":2,"minecraft:wither_skeleton_skull":8,"minecraft:netherrack":47857,"minecraft:oak_leaves":19814,"minecraft:horn_coral_block":6,"minecraft:emerald_block":9,"minecraft:redstone_lamp":379,"minecraft:diamond_ore":8328,"minecraft:nether_gold_ore":96,"minecraft:tube_coral":2,"minecraft:red_carpet":107,"minecraft:blackstone_wall":44,"minecraft:oak_door":6,"minecraft:gray_shulker_box":5,"minecraft:gray_stained_glass_pane":60,"minecraft:brick_stairs":13,"minecraft:light_blue_glazed_terracotta":21,"minecraft:weeping_vines":75,"minecraft:white_stained_glass":702,"minecraft:polished_andesite_slab":100,"minecraft:sandstone":4298,"minecraft:large_fern":2,"minecraft:diorite_slab":5,"minecraft:oak_trapdoor":175,"minecraft:spruce_sapling":4,"minecraft:furnace":335,"minecraft:carrots":1125,"minecraft:red_concrete_powder":67,"minecraft:stripped_spruce_log":95,"minecraft:black_concrete":1165,"minecraft:bell":23,"minecraft:lantern":40,"minecraft:crimson_door":1,"minecraft:stripped_acacia_log":1,"minecraft:stripped_jungle_log":2,"minecraft:packed_ice":2372,"minecraft:stone":181327,"minecraft:yellow_shulker_box":533,"minecraft:redstone_wall_torch":164,"minecraft:birch_pressure_plate":5,"minecraft:podzol":134,"minecraft:light_blue_shulker_box":82,"minecraft:red_wool":47,"minecraft:infested_stone_bricks":3,"minecraft:brick_wall":14,"minecraft:spruce_door":4,"minecraft:crafting_table":302,"minecraft:cyan_stained_glass_pane":19,"minecraft:blackstone_slab":515,"minecraft:oak_wood":949,"minecraft:lime_concrete_powder":23,"minecraft:rose_bush":24,"minecraft:andesite_slab":160,"minecraft:lectern":190,"minecraft:andesite_wall":105,"minecraft:lapis_ore":625,"minecraft:lily_pad":6,"minecraft:blue_bed":1,"minecraft:spruce_stairs":81,"minecraft:gray_wool":9,"minecraft:cactus":48,"minecraft:lime_bed":51,"minecraft:gray_concrete_powder":1128,"minecraft:brick_slab":8,"minecraft:green_shulker_box":16,"minecraft:beehive":2,"minecraft:polished_blackstone_stairs":1,"minecraft:redstone_torch":398,"minecraft:sweet_berry_bush":2,"minecraft:gray_bed":1,"minecraft:coal_ore":5183,"minecraft:end_rod":315,"minecraft:bubble_coral_wall_fan":6,"minecraft:gray_carpet":14,"minecraft:terracotta":6323,"minecraft:polished_andesite":1442,"minecraft:acacia_wall_sign":3,"minecraft:birch_fence":1}},"DataVersion":2584}