{"stats":{"minecraft:dropped":{"minecraft:iron_sword":3,"minecraft:porkchop":4,"minecraft:chorus_fruit":2,"minecraft:glass_bottle":56,"minecraft:diamond":183,"minecraft:crafting_table":3,"minecraft:warped_roots":516,"minecraft:cracked_stone_bricks":8,"minecraft:red_mushroom":6,"minecraft:gold_block":1,"minecraft:emerald":10,"minecraft:gray_concrete":186,"minecraft:netherite_boots":1,"minecraft:writable_book":10,"minecraft:gold_nugget":247,"minecraft:acacia_fence_gate":7,"minecraft:sand":2293,"minecraft:fishing_rod":1,"minecraft:dark_oak_planks":15,"minecraft:white_wool":135,"minecraft:stone_axe":2,"minecraft:compass":24,"minecraft:lever":1,"minecraft:iron_nugget":74,"minecraft:cooked_chicken":1,"minecraft:black_carpet":19,"minecraft:wheat":73,"minecraft:netherite_sword":2,"minecraft:obsidian":122,"minecraft:rotten_flesh":490,"minecraft:oak_planks":155,"minecraft:birch_wood":10,"minecraft:glowstone_dust":5,"minecraft:warped_sign":1,"minecraft:azure_bluet":256,"minecraft:nether_brick_fence":4,"minecraft:warped_planks":7,"minecraft:blue_stained_glass":1,"minecraft:sea_lantern":101,"minecraft:coal_ore":349,"minecraft:jungle_log":15,"minecraft:leather_boots":2,"minecraft:leather_leggings":6,"minecraft:painting":2,"minecraft:glass":543,"minecraft:warped_wart_block":832,"minecraft:stone_brick_stairs":67,"minecraft:green_stained_glass":3,"minecraft:wheat_seeds":5696,"minecraft:smooth_quartz_stairs":4,"minecraft:light_gray_stained_glass_pane":9,"minecraft:book":6,"minecraft:prismarine_crystals":242,"minecraft:red_stained_glass":4,"minecraft:golden_apple":1,"minecraft:acacia_sign":1,"minecraft:brown_concrete_powder":13,"minecraft:gray_wool":33,"minecraft:wooden_axe":4,"minecraft:lapis_ore":2,"minecraft:potion":13,"minecraft:stripped_birch_log":4,"minecraft:pumpkin":7,"minecraft:red_dye":36,"minecraft:chipped_anvil":8,"minecraft:smooth_stone":244,"minecraft:chainmail_leggings":1,"minecraft:acacia_planks":22,"minecraft:stone_brick_slab":196,"minecraft:soul_soil":145,"minecraft:player_head":36,"minecraft:cocoa_beans":3,"minecraft:red_banner":1,"minecraft:white_carpet":70,"minecraft:clay_ball":72,"minecraft:iron_boots":1,"minecraft:name_tag":4,"minecraft:light_gray_concrete":68,"minecraft:white_terracotta":2,"minecraft:oak_sign":31,"minecraft:shears":6,"minecraft:diamond_sword":3,"minecraft:cyan_wool":75,"minecraft:lime_glazed_terracotta":19,"minecraft:peony":17,"minecraft:spruce_trapdoor":2,"minecraft:spruce_planks":12,"minecraft:diamond_pickaxe":4,"minecraft:stone_pressure_plate":114,"minecraft:barrel":2,"minecraft:stone_bricks":174,"minecraft:bamboo":79,"minecraft:sandstone":33,"minecraft:bow":13,"minecraft:red_sand":130,"minecraft:magma_block":4,"minecraft:terracotta":167,"minecraft:nether_brick_stairs":52,"minecraft:daylight_detector":1,"minecraft:acacia_boat":9,"minecraft:soul_sand":164,"minecraft:warped_fungus":7,"minecraft:oak_log":98,"minecraft:ender_pearl":28306,"minecraft:leather":19,"minecraft:cod":305,"minecraft:packed_ice":1,"minecraft:ice":1,"minecraft:mutton":6,"minecraft:wet_sponge":4,"minecraft:black_concrete":4,"minecraft:light_blue_banner":2,"minecraft:gold_ingot":3,"minecraft:magenta_stained_glass":64,"minecraft:purpur_block":15,"minecraft:twisting_vines":7,"minecraft:andesite_slab":8,"minecraft:soul_lantern":1,"minecraft:cyan_shulker_box":1,"minecraft:mycelium":121,"minecraft:leather_chestplate":1,"minecraft:trident":6,"minecraft:beetroot_seeds":24,"minecraft:birch_door":1,"minecraft:iron_ore":413,"minecraft:iron_bars":5,"minecraft:scaffolding":126,"minecraft:stone_hoe":1,"minecraft:bread":25,"minecraft:lilac":1,"minecraft:golden_helmet":6,"minecraft:yellow_concrete":55,"minecraft:netherite_axe":1,"minecraft:andesite_wall":30,"minecraft:activator_rail":1,"minecraft:acacia_log":18,"minecraft:iron_block":65,"minecraft:nether_wart_block":1,"minecraft:white_concrete":9,"minecraft:crimson_sign":4,"minecraft:fire_charge":80,"minecraft:jungle_leaves":1,"minecraft:polished_andesite_stairs":88,"minecraft:polished_basalt":17,"minecraft:cactus":112,"minecraft:tripwire_hook":41,"minecraft:sweet_berries":12,"minecraft:kelp":173,"minecraft:oak_trapdoor":1,"minecraft:light_gray_terracotta":40,"minecraft:birch_pressure_plate":2,"minecraft:magenta_stained_glass_pane":5,"minecraft:stripped_oak_log":1,"minecraft:green_concrete":7,"minecraft:totem_of_undying":1,"minecraft:shulker_box":14,"minecraft:netherite_leggings":2,"minecraft:andesite":1676,"minecraft:golden_leggings":1,"minecraft:oak_sapling":145,"minecraft:birch_sign":183,"minecraft:gray_concrete_powder":600,"minecraft:spruce_log":6,"minecraft:magma_cream":7,"minecraft:crossbow":2,"minecraft:warped_hyphae":4,"minecraft:purpur_stairs":70,"minecraft:elytra":4,"minecraft:rail":84,"minecraft:leather_helmet":2,"minecraft:item_frame":27,"minecraft:red_shulker_box":1,"minecraft:dirt":4308,"minecraft:stone_button":112,"minecraft:jack_o_lantern":1,"minecraft:chain":8,"minecraft:bone_block":64,"minecraft:bone_meal":302,"minecraft:iron_pickaxe":2,"minecraft:polished_blackstone_slab":8,"minecraft:green_stained_glass_pane":17,"minecraft:gray_dye":6,"minecraft:end_crystal":1,"minecraft:cyan_carpet":65,"minecraft:bone":221,"minecraft:oak_door":3,"minecraft:pink_concrete":1,"minecraft:sugar_cane":3339,"minecraft:polished_andesite_slab":79,"minecraft:golden_chestplate":1,"minecraft:nether_brick":10,"minecraft:birch_sapling":50,"minecraft:netherite_shovel":2,"minecraft:end_stone":8,"minecraft:light_gray_carpet":36,"minecraft:white_bed":10,"minecraft:salmon":8,"minecraft:red_stained_glass_pane":11,"minecraft:firework_star":65,"minecraft:heavy_weighted_pressure_plate":20,"minecraft:charcoal":2,"minecraft:hopper":12,"minecraft:ladder":3,"minecraft:white_dye":170,"minecraft:spruce_slab":44,"minecraft:end_stone_bricks":3,"minecraft:ghast_tear":3,"minecraft:egg":17,"minecraft:crimson_planks":3,"minecraft:iron_ingot":552,"minecraft:chiseled_nether_bricks":1,"minecraft:netherite_pickaxe":1,"minecraft:cyan_stained_glass":67,"minecraft:birch_leaves":1,"minecraft:gray_stained_glass_pane":55,"minecraft:tnt":7,"minecraft:polished_blackstone":35,"minecraft:netherite_helmet":2,"minecraft:yellow_terracotta":25,"minecraft:purpur_slab":3,"minecraft:oak_fence":34,"minecraft:iron_helmet":12,"minecraft:feather":1,"minecraft:cobblestone":7722,"minecraft:purple_concrete":1,"minecraft:apple":9,"minecraft:granite":4283,"minecraft:stripped_jungle_log":1,"minecraft:polished_blackstone_button":43,"minecraft:chainmail_helmet":1,"minecraft:coal":104,"minecraft:polished_andesite":155,"minecraft:pufferfish":4,"minecraft:oxeye_daisy":64,"minecraft:dried_kelp_block":1,"minecraft:iron_trapdoor":2,"minecraft:golden_carrot":57,"minecraft:sponge":54,"minecraft:rose_bush":36,"minecraft:rabbit":2,"minecraft:lime_carpet":2,"minecraft:diamond_helmet":1,"minecraft:pufferfish_bucket":1,"minecraft:dried_kelp":26,"minecraft:dead_bush":1,"minecraft:brown_terracotta":1,"minecraft:heart_of_the_sea":1,"minecraft:prismarine_slab":4,"minecraft:iron_shovel":3,"minecraft:paper":3196,"minecraft:string":806,"minecraft:gray_carpet":132,"minecraft:spruce_sapling":4,"minecraft:purpur_pillar":10,"minecraft:furnace":53,"minecraft:redstone_ore":14,"minecraft:soul_torch":64,"minecraft:stone_sword":12,"minecraft:cobblestone_wall":26,"minecraft:dark_oak_sign":2,"minecraft:smooth_stone_slab":646,"minecraft:diamond_hoe":3,"minecraft:chicken":1,"minecraft:blue_concrete":1,"minecraft:stone_slab":97,"minecraft:magenta_concrete":40,"minecraft:light_blue_concrete":17,"minecraft:nether_bricks":41,"minecraft:spruce_fence":1,"minecraft:pumpkin_seeds":10,"minecraft:lily_of_the_valley":12,"minecraft:potato":5,"minecraft:cobblestone_slab":29,"minecraft:polished_granite_stairs":16,"minecraft:shroomlight":1,"minecraft:stone":10057,"minecraft:carved_pumpkin":2,"minecraft:spider_eye":34,"minecraft:light_gray_dye":12,"minecraft:rabbit_stew":2,"minecraft:birch_boat":2,"minecraft:black_wool":459,"minecraft:crimson_nylium":1,"minecraft:gold_ore":19,"minecraft:spruce_sign":1,"minecraft:warped_stem":67,"minecraft:brown_mushroom":45,"minecraft:birch_planks":33,"minecraft:diamond_axe":4,"minecraft:lantern":33,"minecraft:lime_stained_glass_pane":1,"minecraft:flint":2379,"minecraft:stripped_warped_hyphae":18,"minecraft:cyan_terracotta":82,"minecraft:orange_carpet":4,"minecraft:cornflower":17,"minecraft:crimson_roots":4,"minecraft:warped_fence_gate":2,"minecraft:cut_sandstone":10,"minecraft:pumpkin_pie":47,"minecraft:birch_log":21,"minecraft:black_stained_glass":74,"minecraft:gravel":2066,"minecraft:crimson_fungus":3,"minecraft:blackstone":50,"minecraft:yellow_wool":9,"minecraft:diamond_shovel":5,"minecraft:prismarine":66,"minecraft:stone_stairs":2,"minecraft:carrot":1068,"minecraft:chiseled_stone_bricks":4,"minecraft:poppy":119,"minecraft:rabbit_hide":1,"minecraft:oak_fence_gate":3,"minecraft:gunpowder":2656,"minecraft:birch_trapdoor":1,"minecraft:melon_seeds":8,"minecraft:chest":38,"minecraft:cyan_concrete":128,"minecraft:basalt":206,"minecraft:arrow":79,"minecraft:quartz":3,"minecraft:written_book":40,"minecraft:oak_leaves":175,"minecraft:netherrack":6076,"minecraft:firework_rocket":2209,"minecraft:water_bucket":6,"minecraft:stripped_spruce_log":2,"minecraft:oak_slab":2,"minecraft:minecart":5,"minecraft:bookshelf":4,"minecraft:cyan_dye":25,"minecraft:diamond_leggings":1,"minecraft:prismarine_shard":457,"minecraft:lead":2,"minecraft:grass_block":309,"minecraft:stick":1574,"minecraft:smooth_red_sandstone":1,"minecraft:diorite":3813,"minecraft:nether_gold_ore":14,"minecraft:torch":326,"minecraft:smooth_quartz":15,"minecraft:smooth_quartz_slab":8,"minecraft:granite_stairs":17,"minecraft:bucket":12,"minecraft:dandelion":100,"minecraft:redstone":5,"minecraft:red_concrete":33,"minecraft:nether_brick_slab":9,"minecraft:anvil":6,"minecraft:brown_dye":1,"minecraft:gray_stained_glass":3,"minecraft:warped_nylium":7,"minecraft:ender_chest":1,"minecraft:chiseled_quartz_block":1,"minecraft:composter":1,"minecraft:light_gray_wool":295,"minecraft:smoker":1,"minecraft:red_terracotta":1,"minecraft:cut_red_sandstone":1,"minecraft:filled_map":15,"minecraft:snow":34,"minecraft:shield":1,"minecraft:black_concrete_powder":1,"minecraft:dead_horn_coral_fan":1,"minecraft:diamond_chestplate":1,"minecraft:orange_terracotta":157,"minecraft:mossy_stone_bricks":10,"minecraft:pink_wool":511,"minecraft:oak_boat":8,"minecraft:golden_sword":1,"minecraft:diamond_boots":2,"minecraft:slime_ball":63,"minecraft:stripped_warped_stem":1,"minecraft:stripped_crimson_hyphae":4,"minecraft:stone_pickaxe":4,"minecraft:nether_quartz_ore":6,"minecraft:white_stained_glass":41},"minecraft:broken":{"minecraft:shears":4,"minecraft:diamond_shovel":1,"minecraft:diamond_pickaxe":2,"minecraft:fishing_rod":2,"minecraft:leather_helmet":4,"minecraft:iron_pickaxe":9,"minecraft:iron_shovel":7,"minecraft:leather_leggings":4,"minecraft:stone_pickaxe":1,"minecraft:stone_axe":3,"minecraft:stone_shovel":3,"minecraft:iron_chestplate":1,"minecraft:iron_sword":1,"minecraft:stone_sword":3,"minecraft:iron_axe":11,"minecraft:iron_helmet":2,"minecraft:golden_helmet":1,"minecraft:golden_shovel":1,"minecraft:flint_and_steel":4,"minecraft:leather_chestplate":3,"minecraft:leather_boots":4},"minecraft:killed":{"minecraft:cod":289,"minecraft:guardian":1452,"minecraft:skeleton_horse":1,"minecraft:tropical_fish":26,"minecraft:elder_guardian":3,"minecraft:salmon":2,"minecraft:iron_golem":1,"minecraft:pillager":52,"minecraft:zombie":1908,"minecraft:vindicator":2,"minecraft:husk":11,"minecraft:witch":8,"minecraft:spider":92,"minecraft:wither":2,"minecraft:silverfish":14,"minecraft:piglin":1,"minecraft:zombie_villager":10,"minecraft:sheep":31,"minecraft:trader_llama":16,"minecraft:ghast":136,"minecraft:slime":2051,"minecraft:drowned":127,"minecraft:hoglin":8,"minecraft:squid":48,"minecraft:wither_skeleton":106,"minecraft:player":2,"minecraft:cave_spider":4,"minecraft:dolphin":2,"minecraft:shulker":152,"minecraft:pufferfish":19,"minecraft:skeleton":603,"minecraft:chicken":18,"minecraft:cat":1,"minecraft:magma_cube":602,"minecraft:cow":604,"minecraft:wandering_trader":6,"minecraft:enderman":67038,"minecraft:pig":2,"minecraft:strider":3,"minecraft:creeper":317,"minecraft:stray":3,"minecraft:blaze":39,"minecraft:phantom":18,"minecraft:bat":15},"minecraft:crafted":{"minecraft:lime_stained_glass":128,"minecraft:red_stained_glass_pane":160,"minecraft:black_dye":10827,"minecraft:oak_sign":645,"minecraft:blaze_powder":56,"minecraft:birch_boat":3,"minecraft:chain":433,"minecraft:blue_stained_glass_pane":16,"minecraft:cut_red_sandstone_slab":126,"minecraft:diamond_shovel":4,"minecraft:nether_brick":19631,"minecraft:shulker_box":154,"minecraft:white_glazed_terracotta":192,"minecraft:beacon":2,"minecraft:light_blue_concrete_powder":1288,"minecraft:stone_pressure_plate":107,"minecraft:iron_door":72,"minecraft:cyan_banner":20,"minecraft:gray_stained_glass_pane":1232,"minecraft:dried_kelp_block":244,"minecraft:gray_stained_glass":2384,"minecraft:white_shulker_box":1,"minecraft:lime_concrete_powder":1032,"minecraft:warped_stairs":56,"minecraft:blue_stained_glass":128,"minecraft:redstone_lamp":53,"minecraft:end_rod":172,"minecraft:soul_campfire":44,"minecraft:polished_andesite_stairs":516,"minecraft:acacia_slab":24,"minecraft:smooth_red_sandstone_stairs":264,"minecraft:smithing_table":2,"minecraft:nether_brick_fence":816,"minecraft:sticky_piston":82,"minecraft:green_stained_glass":128,"minecraft:painting":29,"minecraft:cartography_table":21,"minecraft:end_stone_brick_slab":30,"minecraft:stone_brick_stairs":1800,"minecraft:lectern":7,"minecraft:stone_slab":5790,"minecraft:iron_pickaxe":13,"minecraft:netherite_ingot":9,"minecraft:composter":5,"minecraft:polished_blackstone_bricks":420,"minecraft:cyan_wool":1,"minecraft:nautilus_shell":5,"minecraft:golden_carrot":14,"minecraft:iron_nugget":5627,"minecraft:diamond_hoe":2,"minecraft:brick_stairs":8,"minecraft:soul_torch":400,"minecraft:acacia_fence_gate":39,"minecraft:polished_blackstone_pressure_plate":62,"minecraft:lime_stained_glass_pane":16,"minecraft:spruce_fence":543,"minecraft:stone_stairs":200,"minecraft:lantern":231,"minecraft:spruce_stairs":52,"minecraft:light_gray_shulker_box":1,"minecraft:polished_diorite":1312,"minecraft:black_concrete_powder":1840,"minecraft:red_shulker_box":1,"minecraft:stone_pickaxe":5,"minecraft:quartz_slab":1264,"minecraft:prismarine_slab":126,"minecraft:lead":32,"minecraft:light_gray_terracotta":1880,"minecraft:light_blue_glazed_terracotta":128,"minecraft:enchanting_table":2,"minecraft:crimson_slab":2117,"minecraft:acacia_trapdoor":568,"minecraft:yellow_stained_glass_pane":64,"minecraft:polished_blackstone_stairs":252,"minecraft:dark_oak_button":1,"minecraft:acacia_stairs":36,"minecraft:red_carpet":597,"minecraft:enchanted_book":75,"minecraft:orange_dye":604,"minecraft:stripped_warped_hyphae":258,"minecraft:magenta_glazed_terracotta":64,"minecraft:crimson_stairs":412,"minecraft:oak_fence_gate":132,"minecraft:red_stained_glass":64,"minecraft:soul_lantern":245,"minecraft:warped_sign":18,"minecraft:warped_fungus_on_a_stick":2,"minecraft:fermented_spider_eye":11,"minecraft:birch_trapdoor":2,"minecraft:black_stained_glass_pane":352,"minecraft:writable_book":33,"minecraft:iron_shovel":15,"minecraft:armor_stand":74,"minecraft:note_block":63,"minecraft:pink_terracotta":2528,"minecraft:grindstone":2,"minecraft:cobblestone_slab":306,"minecraft:barrel":188,"minecraft:birch_wood":24,"minecraft:quartz_bricks":288,"minecraft:crimson_sign":24,"minecraft:snow":30,"minecraft:stone":320,"minecraft:red_sandstone":7313,"minecraft:heavy_weighted_pressure_plate":86,"minecraft:quartz_pillar":32,"minecraft:warped_planks":3036,"minecraft:brown_carpet":54,"minecraft:polished_blackstone_button":83,"minecraft:stone_brick_slab":4170,"minecraft:brown_stained_glass":320,"minecraft:orange_stained_glass_pane":16,"minecraft:bow":39,"minecraft:comparator":77,"minecraft:chest":1091,"minecraft:polished_basalt":1896,"minecraft:netherite_helmet":1,"minecraft:yellow_terracotta":280,"minecraft:rail":832,"minecraft:blue_concrete_powder":40,"minecraft:bricks":501,"minecraft:ender_eye":26,"minecraft:stone_bricks":12972,"minecraft:oak_fence":156,"minecraft:granite_stairs":20,"minecraft:sea_lantern":265,"minecraft:white_banner":83,"minecraft:dropper":19,"minecraft:arrow":28,"minecraft:cauldron":56,"minecraft:chiseled_nether_bricks":274,"minecraft:lime_terracotta":4288,"minecraft:iron_helmet":11,"minecraft:brown_dye":886,"minecraft:birch_pressure_plate":5,"minecraft:chiseled_polished_blackstone":402,"minecraft:white_stained_glass_pane":1392,"minecraft:warped_door":3,"minecraft:yellow_stained_glass":64,"minecraft:dispenser":25,"minecraft:tnt":131,"minecraft:spruce_trapdoor":608,"minecraft:purple_dye":430,"minecraft:yellow_dye":1478,"minecraft:warped_fence_gate":40,"minecraft:gray_terracotta":6304,"minecraft:stick":7220,"minecraft:iron_ingot":8916,"minecraft:light_blue_shulker_box":3,"minecraft:light_blue_stained_glass":224,"minecraft:black_bed":7,"minecraft:lime_carpet":9,"minecraft:cyan_carpet":1620,"minecraft:dark_oak_fence_gate":8,"minecraft:orange_glazed_terracotta":192,"minecraft:blue_terracotta":4200,"minecraft:oak_door":48,"minecraft:nether_brick_slab":2164,"minecraft:stone_brick_wall":60,"minecraft:fishing_rod":2,"minecraft:tripwire_hook":16,"minecraft:leather_boots":27,"minecraft:mossy_stone_bricks":18,"minecraft:furnace":784,"minecraft:blast_furnace":43,"minecraft:piston":90,"minecraft:magenta_stained_glass_pane":16,"minecraft:polished_andesite_slab":396,"minecraft:smooth_quartz_stairs":156,"minecraft:oak_trapdoor":34,"minecraft:flint_and_steel":16,"minecraft:scaffolding":1788,"minecraft:white_concrete_powder":6392,"minecraft:polished_granite_stairs":24,"minecraft:cobblestone_wall":48,"minecraft:brown_shulker_box":1,"minecraft:smooth_quartz_slab":312,"minecraft:blackstone_stairs":188,"minecraft:birch_sign":393,"minecraft:glistering_melon_slice":4,"minecraft:purple_terracotta":2800,"minecraft:light_blue_stained_glass_pane":48,"minecraft:iron_trapdoor":356,"minecraft:polished_blackstone_wall":198,"minecraft:iron_sword":4,"minecraft:black_banner":255,"minecraft:cooked_salmon":2,"minecraft:acacia_boat":8,"minecraft:jungle_planks":1212,"minecraft:white_dye":9682,"minecraft:brown_concrete_powder":648,"minecraft:black_carpet":4266,"minecraft:anvil":9,"minecraft:stonecutter":2,"minecraft:cut_red_sandstone":64,"minecraft:torch":6682,"minecraft:orange_bed":1,"minecraft:ender_chest":26,"minecraft:light_gray_concrete_powder":11864,"minecraft:smooth_stone":1074,"minecraft:jungle_fence_gate":42,"minecraft:orange_carpet":1581,"minecraft:pink_bed":1,"minecraft:orange_stained_glass":896,"minecraft:birch_slab":480,"minecraft:slime_block":266,"minecraft:loom":2,"minecraft:polished_blackstone_slab":2196,"minecraft:lever":351,"minecraft:bookshelf":112,"minecraft:cooked_mutton":20,"minecraft:iron_bars":528,"minecraft:red_concrete_powder":1072,"minecraft:magenta_shulker_box":1,"minecraft:quartz_block":2494,"minecraft:glass":5969,"minecraft:light_blue_terracotta":3288,"minecraft:repeater":89,"minecraft:cyan_stained_glass_pane":128,"minecraft:netherite_boots":1,"minecraft:melon_seeds":2,"minecraft:polished_blackstone":3684,"minecraft:acacia_fence":30,"minecraft:chiseled_quartz_block":386,"minecraft:magenta_dye":547,"minecraft:gray_bed":5,"minecraft:flower_pot":32,"minecraft:glass_bottle":414,"minecraft:wooden_shovel":2,"minecraft:emerald":641,"minecraft:cooked_porkchop":7,"minecraft:diamond_axe":2,"minecraft:prismarine_bricks":163,"minecraft:spruce_door":6,"minecraft:clock":2,"minecraft:oak_wood":96,"minecraft:hay_block":31,"minecraft:end_stone_brick_stairs":40,"minecraft:campfire":36,"minecraft:green_terracotta":5312,"minecraft:compass":148,"minecraft:iron_block":511,"minecraft:white_terracotta":1088,"minecraft:gold_ingot":383,"minecraft:light_gray_dye":1864,"minecraft:spruce_fence_gate":4,"minecraft:yellow_concrete_powder":720,"minecraft:stone_shovel":3,"minecraft:smooth_stone_slab":8022,"minecraft:leather_leggings":32,"minecraft:player_head":166,"minecraft:crimson_fence_gate":2,"minecraft:yellow_bed":1,"minecraft:red_terracotta":3232,"minecraft:bone_meal":52572,"minecraft:andesite_wall":90,"minecraft:cyan_stained_glass":29168,"minecraft:pink_dye":648,"minecraft:white_carpet":891,"minecraft:warped_trapdoor":700,"minecraft:diamond":2322,"minecraft:dark_oak_fence":117,"minecraft:detector_rail":54,"minecraft:ladder":252,"minecraft:yellow_glazed_terracotta":64,"minecraft:spruce_slab":5350,"minecraft:diamond_boots":2,"minecraft:red_glazed_terracotta":128,"minecraft:redstone_block":704,"minecraft:jungle_fence":33,"minecraft:dark_oak_planks":1296,"minecraft:golden_helmet":2,"minecraft:wheat":135,"minecraft:coal_block":1778,"minecraft:daylight_detector":223,"minecraft:polished_blackstone_brick_slab":612,"minecraft:dried_kelp":584,"minecraft:red_sandstone_slab":30,"minecraft:polished_granite":512,"minecraft:gray_concrete_powder":90416,"minecraft:white_stained_glass":2040,"minecraft:green_stained_glass_pane":160,"minecraft:polished_blackstone_brick_wall":36,"minecraft:golden_apple":4,"minecraft:acacia_sign":39,"minecraft:gray_shulker_box":5,"minecraft:cyan_shulker_box":2,"minecraft:oak_stairs":36,"minecraft:wooden_axe":1,"minecraft:crimson_fence":213,"minecraft:warped_pressure_plate":1,"minecraft:iron_leggings":5,"minecraft:white_bed":26,"minecraft:light_gray_glazed_terracotta":128,"minecraft:nether_brick_stairs":1472,"minecraft:oak_planks":13904,"minecraft:pink_shulker_box":1,"minecraft:purple_glazed_terracotta":128,"minecraft:cobblestone_stairs":44,"minecraft:warped_hyphae":2610,"minecraft:light_blue_banner":61,"minecraft:flower_banner_pattern":1,"minecraft:spruce_pressure_plate":2,"minecraft:green_dye":1361,"minecraft:hopper":238,"minecraft:iron_boots":4,"minecraft:written_book":23,"minecraft:blackstone_wall":66,"minecraft:cyan_terracotta":30584,"minecraft:chiseled_stone_bricks":383,"minecraft:stone_hoe":1,"minecraft:smoker":8,"minecraft:quartz_stairs":280,"minecraft:item_frame":223,"minecraft:oak_slab":912,"minecraft:map":139,"minecraft:crafting_table":77,"minecraft:spruce_planks":6624,"minecraft:brown_stained_glass_pane":144,"minecraft:wooden_pickaxe":1,"minecraft:gold_block":25,"minecraft:hopper_minecart":39,"minecraft:birch_planks":2664,"minecraft:pumpkin_seeds":4,"minecraft:black_shulker_box":2,"minecraft:brown_glazed_terracotta":64,"minecraft:book":296,"minecraft:dark_oak_slab":108,"minecraft:iron_chestplate":5,"minecraft:paper":14910,"minecraft:charcoal":173,"minecraft:diamond_pickaxe":9,"minecraft:emerald_block":64,"minecraft:shield":5,"minecraft:warped_slab":678,"minecraft:light_blue_dye":620,"minecraft:leather_chestplate":32,"minecraft:stone_sword":8,"minecraft:snow_block":1,"minecraft:polished_blackstone_brick_stairs":20,"minecraft:gray_carpet":7671,"minecraft:redstone_torch":539,"minecraft:light_gray_carpet":33120,"minecraft:sponge":1369,"minecraft:light_gray_stained_glass_pane":304,"minecraft:shears":202,"minecraft:green_carpet":252,"minecraft:crimson_hyphae":540,"minecraft:polished_andesite":7884,"minecraft:coarse_dirt":256,"minecraft:redstone":1539,"minecraft:coal":1278,"minecraft:light_gray_stained_glass":216,"minecraft:stone_button":197,"minecraft:dark_oak_trapdoor":62,"minecraft:jungle_trapdoor":6,"minecraft:gray_dye":12742,"minecraft:dark_oak_sign":6,"minecraft:end_stone_bricks":164,"minecraft:diamond_block":296,"minecraft:glass_pane":96,"minecraft:warped_fence":195,"minecraft:yellow_shulker_box":4,"minecraft:iron_axe":16,"minecraft:black_terracotta":6432,"minecraft:green_concrete_powder":15856,"minecraft:iron_hoe":1,"minecraft:slime_ball":117,"minecraft:orange_concrete_powder":592,"minecraft:lime_dye":782,"minecraft:pink_glazed_terracotta":64,"minecraft:filled_map":52,"minecraft:gray_banner":5,"minecraft:minecart":50,"minecraft:blue_glazed_terracotta":64,"minecraft:observer":100,"minecraft:cooked_beef":1297,"minecraft:sugar":75,"minecraft:red_dye":1307,"minecraft:cooked_cod":59,"minecraft:cyan_concrete_powder":9544,"minecraft:bone_block":204,"minecraft:crimson_planks":2742,"minecraft:diamond_sword":2,"minecraft:cyan_dye":8298,"minecraft:spruce_sign":21,"minecraft:dark_oak_stairs":20,"minecraft:pink_concrete_powder":24,"minecraft:powered_rail":198,"minecraft:activator_rail":54,"minecraft:nether_bricks":9161,"minecraft:bucket":300,"minecraft:stone_axe":3,"minecraft:brown_terracotta":5144,"minecraft:air":0,"minecraft:bread":36,"minecraft:blue_dye":5455,"minecraft:black_stained_glass":23992,"minecraft:oak_boat":12,"minecraft:magenta_terracotta":2512,"minecraft:gold_nugget":144,"minecraft:acacia_planks":2568,"minecraft:purple_concrete_powder":352,"minecraft:blackstone_slab":786,"minecraft:lapis_block":179,"minecraft:lapis_lazuli":1035,"minecraft:clay":8,"minecraft:firework_rocket":10150},"minecraft:custom":{"minecraft:interact_with_crafting_table":4105,"minecraft:damage_blocked_by_shield":3390,"minecraft:deaths":121,"minecraft:jump":326145,"minecraft:play_record":1,"minecraft:interact_with_cartography_table":32,"minecraft:interact_with_smoker":21,"minecraft:inspect_dispenser":216,"minecraft:horse_one_cm":252423,"minecraft:inspect_dropper":173,"minecraft:interact_with_anvil":362,"minecraft:inspect_hopper":363,"minecraft:tune_noteblock":460,"minecraft:time_since_rest":5121,"minecraft:swim_one_cm":7231724,"minecraft:open_chest":52383,"minecraft:open_shulker_box":29473,"minecraft:clean_banner":18,"minecraft:damage_resisted":6599,"minecraft:play_noteblock":23,"minecraft:talked_to_villager":1280,"minecraft:interact_with_brewingstand":636,"minecraft:interact_with_beacon":84,"minecraft:fill_cauldron":15,"minecraft:interact_with_campfire":1,"minecraft:boat_one_cm":8604352,"minecraft:damage_taken":296841,"minecraft:aviate_one_cm":857856116,"minecraft:open_barrel":4868,"minecraft:bell_ring":137,"minecraft:eat_cake_slice":1,"minecraft:leave_game":1328,"minecraft:time_since_death":929558,"minecraft:enchant_item":17,"minecraft:interact_with_furnace":4145,"minecraft:traded_with_villager":805,"minecraft:sleep_in_bed":1414,"minecraft:damage_dealt":1327605,"minecraft:interact_with_smithing_table":20,"minecraft:target_hit":177,"minecraft:sneak_time":5767698,"minecraft:interact_with_lectern":325,"minecraft:interact_with_blast_furnace":5,"minecraft:interact_with_stonecutter":71,"minecraft:fly_one_cm":77736659,"minecraft:fish_caught":8,"minecraft:fall_one_cm":8381299,"minecraft:animals_bred":655,"minecraft:sprint_one_cm":107840913,"minecraft:drop":6501,"minecraft:walk_on_water_one_cm":7078371,"minecraft:play_one_minute":59651580,"minecraft:interact_with_loom":67,"minecraft:open_enderchest":4766,"minecraft:player_kills":108,"minecraft:crouch_one_cm":23016603,"minecraft:mob_kills":76747,"minecraft:climb_one_cm":2656465,"minecraft:walk_one_cm":132000978,"minecraft:strider_one_cm":7102,"minecraft:walk_under_water_one_cm":8690663,"minecraft:raid_trigger":1,"minecraft:pot_flower":33,"minecraft:interact_with_grindstone":11,"minecraft:damage_absorbed":271,"minecraft:minecart_one_cm":612527},"minecraft:used":{"minecraft:writable_book":169,"minecraft:jack_o_lantern":38,"minecraft:polished_granite_stairs":8,"minecraft:smooth_quartz_slab":339,"minecraft:dispenser":41,"minecraft:black_carpet":7713,"minecraft:stone":50371,"minecraft:quartz_stairs":254,"minecraft:warped_sign":11,"minecraft:soul_sand":313,"minecraft:cocoa_beans":1241,"minecraft:lily_of_the_valley":13,"minecraft:snowball":664,"minecraft:polished_blackstone_slab":1535,"minecraft:jungle_sapling":10,"minecraft:packed_ice":5,"minecraft:lava_bucket":467,"minecraft:quartz_pillar":37,"minecraft:jungle_fence_gate":26,"minecraft:red_wool":101,"minecraft:quartz_block":463,"minecraft:dark_oak_slab":20,"minecraft:bow":3343,"minecraft:cooked_cod":63,"minecraft:oak_sapling":102,"minecraft:yellow_glazed_terracotta":14,"minecraft:acacia_fence":15,"minecraft:end_stone_brick_stairs":36,"minecraft:gray_banner":5,"minecraft:green_stained_glass_pane":15,"minecraft:lime_glazed_terracotta":23,"minecraft:mossy_stone_bricks":8,"minecraft:damaged_anvil":1,"minecraft:chorus_fruit":3,"minecraft:prismarine":2113,"minecraft:lily_pad":16,"minecraft:blackstone":83,"minecraft:cactus":519,"minecraft:clay":88,"minecraft:wooden_pickaxe":6,"minecraft:black_glazed_terracotta":52,"minecraft:composter":32,"minecraft:jungle_boat":5,"minecraft:golden_apple":7,"minecraft:blast_furnace":29,"minecraft:gray_concrete":63984,"minecraft:purple_terracotta":2,"minecraft:chiseled_quartz_block":315,"minecraft:crimson_fence_gate":2,"minecraft:purple_concrete_powder":354,"minecraft:birch_fence":2,"minecraft:red_sandstone":1,"minecraft:gray_stained_glass_pane":1205,"minecraft:birch_slab":168,"minecraft:white_glazed_terracotta":44,"minecraft:diamond_sword":16798,"minecraft:smithing_table":2,"minecraft:birch_log":26,"minecraft:oak_boat":102,"minecraft:oak_trapdoor":52,"minecraft:polished_blackstone_brick_slab":534,"minecraft:enchanting_table":7,"minecraft:orange_concrete":247,"minecraft:dead_bush":37,"minecraft:carved_pumpkin":20,"minecraft:armor_stand":41,"minecraft:light_gray_carpet":42498,"minecraft:polished_blackstone_wall":174,"minecraft:cooked_salmon":1,"minecraft:torch":15457,"minecraft:orange_stained_glass":366,"minecraft:brewing_stand":16,"minecraft:nether_quartz_ore":2452,"minecraft:light_gray_glazed_terracotta":7,"minecraft:yellow_carpet":35,"minecraft:golden_shovel":12,"minecraft:oak_fence_gate":131,"minecraft:fern":2,"minecraft:sea_lantern":7423,"minecraft:chipped_anvil":4,"minecraft:iron_block":3381,"minecraft:jungle_log":51,"minecraft:barrel":257,"minecraft:bamboo":303,"minecraft:basalt":408,"minecraft:lime_concrete":312,"minecraft:warped_stairs":33,"minecraft:magenta_terracotta":2,"minecraft:acacia_planks":1,"minecraft:dead_bubble_coral_fan":16,"minecraft:horn_coral_fan":20,"minecraft:wheat_seeds":2492,"minecraft:warped_stem":6942,"minecraft:light_blue_shulker_box":622,"minecraft:birch_planks":33,"minecraft:blue_concrete_powder":40,"minecraft:cauldron":29,"minecraft:spruce_fence_gate":5,"minecraft:gold_ore":1,"minecraft:diamond_block":27,"minecraft:rail":754,"minecraft:cyan_glazed_terracotta":2,"minecraft:white_bed":116,"minecraft:campfire":28,"minecraft:spruce_log":152,"minecraft:mushroom_stem":183,"minecraft:blue_stained_glass_pane":4,"minecraft:diamond_pickaxe":1247046,"minecraft:acacia_sign":24,"minecraft:warped_trapdoor":718,"minecraft:diamond_shovel":537072,"minecraft:spruce_pressure_plate":2,"minecraft:spruce_trapdoor":566,"minecraft:spruce_sapling":275,"minecraft:pink_bed":7,"minecraft:green_carpet":243,"minecraft:potion":217,"minecraft:crimson_stairs":490,"minecraft:cooked_porkchop":8,"minecraft:warped_fence_gate":38,"minecraft:dandelion":2,"minecraft:green_stained_glass":75,"minecraft:light_blue_banner":33,"minecraft:blue_terracotta":2,"minecraft:red_sand":1022,"minecraft:light_gray_stained_glass_pane":495,"minecraft:bone_block":54,"minecraft:polished_basalt":1229,"minecraft:nether_wart":346,"minecraft:grass":1,"minecraft:green_terracotta":2,"minecraft:soul_campfire":37,"minecraft:spruce_leaves":230,"minecraft:orange_glazed_terracotta":3,"minecraft:pink_terracotta":6,"minecraft:obsidian":1489,"minecraft:bricks":624,"minecraft:lantern":237,"minecraft:green_wool":146,"minecraft:polished_blackstone_brick_wall":13,"minecraft:warped_nylium":444,"minecraft:mossy_cobblestone_slab":2,"minecraft:item_frame":681,"minecraft:birch_trapdoor":13,"minecraft:horn_coral":1,"minecraft:written_book":371,"minecraft:gold_block":8,"minecraft:pink_concrete_powder":8,"minecraft:dark_oak_sapling":4,"minecraft:tube_coral_fan":1,"minecraft:end_rod":381,"minecraft:dropper":5,"minecraft:wither_skeleton_skull":7,"minecraft:gray_carpet":8505,"minecraft:stone_pickaxe":348,"minecraft:jungle_fence":27,"minecraft:oak_planks":56,"minecraft:sandstone":55,"minecraft:sugar_cane":303,"minecraft:diamond_axe":29326,"minecraft:white_wool":5859,"minecraft:light_blue_concrete":1027,"minecraft:lime_stained_glass_pane":17,"minecraft:light_blue_wool":4,"minecraft:yellow_concrete":564,"minecraft:crossbow":409,"minecraft:end_stone":3018,"minecraft:sticky_piston":141,"minecraft:black_terracotta":18,"minecraft:dead_fire_coral_fan":3,"minecraft:blue_glazed_terracotta":3,"minecraft:lever":202,"minecraft:daylight_detector":128,"minecraft:bread":8,"minecraft:brown_wool":35,"minecraft:warped_slab":813,"minecraft:iron_door":44,"minecraft:stripped_warped_hyphae":278,"minecraft:light_blue_concrete_powder":1288,"minecraft:pufferfish_bucket":4,"minecraft:dead_horn_coral_fan":13,"minecraft:chain":685,"minecraft:smooth_stone_slab":7887,"minecraft:coarse_dirt":85,"minecraft:bone_meal":27087,"minecraft:orange_concrete_powder":320,"minecraft:rose_bush":8,"minecraft:flint_and_steel":314,"minecraft:granite_stairs":4,"minecraft:crimson_fence":215,"minecraft:redstone":322,"minecraft:dried_kelp":93,"minecraft:ender_chest":324,"minecraft:brown_shulker_box":29,"minecraft:stone_hoe":127,"minecraft:dirt":81539,"minecraft:prismarine_bricks":995,"minecraft:spruce_fence":253,"minecraft:warped_pressure_plate":1,"minecraft:iron_hoe":72,"minecraft:wooden_axe":13,"minecraft:brown_terracotta":206,"minecraft:light_gray_stained_glass":2,"minecraft:oak_stairs":30,"minecraft:smooth_sandstone":9,"minecraft:crimson_slab":2416,"minecraft:yellow_concrete_powder":726,"minecraft:black_stained_glass":24024,"minecraft:soul_soil":122,"minecraft:lime_stained_glass":63,"minecraft:minecart":86,"minecraft:cyan_concrete_powder":10166,"minecraft:cooked_beef":1424,"minecraft:pumpkin":22,"minecraft:pink_glazed_terracotta":10,"minecraft:cobblestone_stairs":11,"minecraft:snow_block":567,"minecraft:birch_boat":10,"minecraft:purple_glazed_terracotta":2,"minecraft:brown_mushroom":69,"minecraft:cut_sandstone":3,"minecraft:spruce_sign":31,"minecraft:warped_roots":32,"minecraft:music_disc_cat":1,"minecraft:brown_glazed_terracotta":7,"minecraft:warped_planks":31,"minecraft:cyan_stained_glass":34249,"minecraft:piston":13,"minecraft:wooden_hoe":3,"minecraft:gray_terracotta":64,"minecraft:flower_pot":31,"minecraft:black_wool":6983,"minecraft:lapis_ore":92,"minecraft:stone_slab":6001,"minecraft:detector_rail":55,"minecraft:magenta_concrete":96,"minecraft:yellow_wool":132,"minecraft:stone_axe":432,"minecraft:magenta_banner":8,"minecraft:brown_stained_glass_pane":140,"minecraft:crimson_fungus":25,"minecraft:end_crystal":2,"minecraft:cyan_stained_glass_pane":106,"minecraft:pink_shulker_box":47,"minecraft:pumpkin_pie":43,"minecraft:sea_pickle":25,"minecraft:gray_wool":2638,"minecraft:peony":12,"minecraft:nether_brick_fence":811,"minecraft:polished_blackstone":1348,"minecraft:spruce_slab":5668,"minecraft:ladder":323,"minecraft:chest":1798,"minecraft:brown_concrete":108,"minecraft:white_shulker_box":109,"minecraft:blue_stained_glass":59,"minecraft:orange_wool":15,"minecraft:stripped_spruce_log":17,"minecraft:honey_block":227,"minecraft:birch_sapling":20,"minecraft:warped_hyphae":2543,"minecraft:black_stained_glass_pane":287,"minecraft:grass_block":3548,"minecraft:polished_andesite_stairs":474,"minecraft:orange_shulker_box":70,"minecraft:wet_sponge":2,"minecraft:stone_brick_stairs":1807,"minecraft:dark_oak_button":1,"minecraft:pink_wool":10,"minecraft:red_stained_glass_pane":22,"minecraft:snow":61,"minecraft:sweet_berries":19,"minecraft:furnace":965,"minecraft:egg":48,"minecraft:dead_brain_coral_fan":25,"minecraft:seagrass":25,"minecraft:brown_concrete_powder":445,"minecraft:magenta_shulker_box":61,"minecraft:light_blue_carpet":156,"minecraft:diorite":2568,"minecraft:end_stone_bricks":1287,"minecraft:spruce_door":8,"minecraft:acacia_trapdoor":542,"minecraft:powered_rail":216,"minecraft:blackstone_stairs":145,"minecraft:lime_concrete_powder":768,"minecraft:purpur_pillar":63,"minecraft:oak_leaves":560,"minecraft:cookie":4,"minecraft:smooth_quartz_stairs":145,"minecraft:dark_oak_trapdoor":22,"minecraft:sand":23844,"minecraft:purpur_stairs":207,"minecraft:smooth_red_sandstone":6114,"minecraft:black_concrete_powder":1490,"minecraft:pumpkin_seeds":3,"minecraft:stone_button":150,"minecraft:cyan_carpet":1621,"minecraft:red_terracotta":565,"minecraft:lectern":373,"minecraft:polished_granite":267,"minecraft:diamond_ore":269,"minecraft:lilac":14,"minecraft:polished_andesite_slab":312,"minecraft:soul_lantern":236,"minecraft:magenta_stained_glass_pane":11,"minecraft:wooden_sword":9,"minecraft:dark_oak_fence":18,"minecraft:white_stained_glass":1389,"minecraft:green_concrete_powder":13978,"minecraft:ice":584,"minecraft:gray_stained_glass":1856,"minecraft:iron_bars":465,"minecraft:stone_sword":471,"minecraft:acacia_log":66,"minecraft:brain_coral_fan":15,"minecraft:red_concrete":496,"minecraft:mycelium":8,"minecraft:stripped_warped_stem":177,"minecraft:sandstone_wall":1,"minecraft:netherrack":42078,"minecraft:green_glazed_terracotta":2,"minecraft:orange_bed":3,"minecraft:light_gray_shulker_box":12,"minecraft:anvil":35,"minecraft:warped_wart_block":794,"minecraft:chorus_flower":77,"minecraft:stone_stairs":181,"minecraft:twisting_vines":185,"minecraft:crimson_hyphae":659,"minecraft:nether_brick_slab":1770,"minecraft:blue_concrete":17,"minecraft:nether_brick_stairs":1966,"minecraft:polished_diorite":1081,"minecraft:shroomlight":248,"minecraft:red_shulker_box":123,"minecraft:cyan_shulker_box":435,"minecraft:brick_stairs":7,"minecraft:iron_axe":2952,"minecraft:slime_block":493,"minecraft:warped_fence":88,"minecraft:smooth_quartz":2812,"minecraft:prismarine_slab":127,"minecraft:tripwire_hook":15,"minecraft:purple_concrete":206,"minecraft:glowstone":1,"minecraft:gray_glazed_terracotta":6,"minecraft:iron_trapdoor":769,"minecraft:observer":167,"minecraft:orange_terracotta":248,"minecraft:crimson_stem":72,"minecraft:water_bucket":9179,"minecraft:light_blue_glazed_terracotta":5,"minecraft:cartography_table":24,"minecraft:lime_wool":132,"minecraft:yellow_shulker_box":59,"minecraft:bubble_coral_fan":24,"minecraft:polished_blackstone_bricks":17,"minecraft:cracked_stone_bricks":248,"minecraft:pink_concrete":4,"minecraft:orange_carpet":1561,"minecraft:mossy_cobblestone":38,"minecraft:lime_terracotta":3,"minecraft:comparator":69,"minecraft:vine":1,"minecraft:tnt":205,"minecraft:crafting_table":283,"minecraft:oak_slab":212,"minecraft:birch_sign":135,"minecraft:cod":12,"minecraft:dark_oak_fence_gate":10,"minecraft:oak_log":246,"minecraft:dark_prismarine":3531,"minecraft:cornflower":3,"minecraft:sunflower":10,"minecraft:iron_pickaxe":2851,"minecraft:cyan_concrete":8983,"minecraft:purpur_slab":3,"minecraft:crimson_nylium":22,"minecraft:crimson_sign":48,"minecraft:chiseled_stone_bricks":416,"minecraft:cobblestone":2809,"minecraft:red_concrete_powder":819,"minecraft:glass_pane":26,"minecraft:brown_mushroom_block":1,"minecraft:kelp":865,"minecraft:light_blue_stained_glass_pane":25,"minecraft:iron_shovel":2489,"minecraft:diamond_hoe":22979,"minecraft:oak_sign":796,"minecraft:white_concrete_powder":3334,"minecraft:white_terracotta":320,"minecraft:iron_sword":2084,"minecraft:bell":8,"minecraft:player_head":86,"minecraft:smooth_sandstone_stairs":1,"minecraft:birch_pressure_plate":6,"minecraft:nether_bricks":5080,"minecraft:carrot":2399,"minecraft:cyan_wool":11,"minecraft:milk_bucket":10,"minecraft:glass":3416,"minecraft:cyan_terracotta":2664,"minecraft:coal_ore":5560,"minecraft:quartz_slab":472,"minecraft:gray_concrete_powder":89919,"minecraft:crimson_roots":5,"minecraft:hopper_minecart":39,"minecraft:stone_bricks":9230,"minecraft:redstone_lamp":6,"minecraft:repeater":113,"minecraft:red_carpet":945,"minecraft:magma_block":57,"minecraft:brown_carpet":29,"minecraft:warped_fungus":286,"minecraft:hay_block":22,"minecraft:scaffolding":11011,"minecraft:gray_bed":14,"minecraft:beetroot_seeds":10,"minecraft:fire_coral_fan":6,"minecraft:polished_blackstone_stairs":158,"minecraft:chiseled_polished_blackstone":284,"minecraft:dark_oak_stairs":10,"minecraft:birch_leaves":351,"minecraft:dark_oak_sign":9,"minecraft:birch_wood":22,"minecraft:ender_pearl":20,"minecraft:redstone_block":6,"minecraft:end_stone_brick_slab":28,"minecraft:yellow_terracotta":81,"minecraft:loom":3,"minecraft:black_banner":127,"minecraft:light_gray_terracotta":152,"minecraft:sponge":1435,"minecraft:blackstone_wall":32,"minecraft:note_block":35,"minecraft:black_bed":7,"minecraft:shears":1790,"minecraft:redstone_torch":33,"minecraft:green_concrete":924,"minecraft:black_concrete":335,"minecraft:gray_shulker_box":90,"minecraft:firework_rocket":460,"minecraft:string":91,"minecraft:heavy_weighted_pressure_plate":43,"minecraft:lime_carpet":63,"minecraft:light_gray_concrete":7056,"minecraft:brown_stained_glass":126,"minecraft:gravel":8477,"minecraft:blackstone_slab":772,"minecraft:jungle_sign":2,"minecraft:grindstone":16,"minecraft:oak_fence":241,"minecraft:jungle_leaves":51,"minecraft:andesite":10978,"minecraft:white_concrete":1014,"minecraft:tropical_fish_bucket":41,"minecraft:experience_bottle":7,"minecraft:purpur_block":547,"minecraft:trident":147,"minecraft:redstone_ore":783,"minecraft:stone_shovel":395,"minecraft:light_blue_terracotta":2,"minecraft:spruce_planks":473,"minecraft:oak_door":24,"minecraft:white_carpet":780,"minecraft:hopper":343,"minecraft:spruce_stairs":45,"minecraft:cobblestone_wall":50,"minecraft:warped_door":3,"minecraft:shulker_box":3790,"minecraft:oak_wood":60,"minecraft:granite":1764,"minecraft:light_blue_stained_glass":116,"minecraft:andesite_wall":47,"minecraft:stone_brick_slab":4975,"minecraft:dark_oak_planks":42,"minecraft:bookshelf":182,"minecraft:acacia_slab":9,"minecraft:polished_blackstone_brick_stairs":16,"minecraft:crimson_planks":595,"minecraft:light_gray_wool":3186,"minecraft:golden_carrot":3731,"minecraft:emerald_block":1,"minecraft:white_stained_glass_pane":1367,"minecraft:cyan_banner":20,"minecraft:stone_pressure_plate":28,"minecraft:brown_bed":3,"minecraft:cooked_mutton":11,"minecraft:acacia_boat":2,"minecraft:iron_ore":2,"minecraft:glass_bottle":391,"minecraft:polished_andesite":6512,"minecraft:blue_wool":23,"minecraft:andesite_slab":38,"minecraft:black_shulker_box":121,"minecraft:chiseled_nether_bricks":295,"minecraft:magenta_stained_glass":90,"minecraft:stonecutter":9,"minecraft:beacon":62,"minecraft:red_glazed_terracotta":20,"minecraft:cobblestone_slab":103,"minecraft:terracotta":9121,"minecraft:yellow_stained_glass_pane":24,"minecraft:light_gray_concrete_powder":9139,"minecraft:painting":67,"minecraft:smoker":8,"minecraft:smooth_red_sandstone_stairs":253,"minecraft:activator_rail":2,"minecraft:acacia_stairs":9,"minecraft:map":39,"minecraft:acacia_fence_gate":23,"minecraft:fishing_rod":131,"minecraft:green_shulker_box":38,"minecraft:white_banner":59,"minecraft:bucket":10015,"minecraft:magenta_glazed_terracotta":2,"minecraft:smooth_stone":419,"minecraft:splash_potion":11,"minecraft:purple_carpet":17,"minecraft:yellow_bed":3,"minecraft:polished_blackstone_button":65,"minecraft:soul_torch":3},"minecraft:killed_by":{"minecraft:zombie":2,"minecraft:vex":1,"minecraft:guardian":1,"minecraft:player":98,"minecraft:enderman":1,"minecraft:phantom":1},"minecraft:mined":{"minecraft:dragon_wall_head":7,"minecraft:red_shulker_box":124,"minecraft:blackstone_stairs":18,"minecraft:white_bed":107,"minecraft:pink_bed":7,"minecraft:fire_coral_wall_fan":8,"minecraft:cyan_shulker_box":436,"minecraft:light_blue_carpet":11,"minecraft:bubble_column":1,"minecraft:granite":42966,"minecraft:acacia_log":67,"minecraft:brown_wool":3,"minecraft:blue_wool":48,"minecraft:green_concrete":747,"minecraft:oak_wall_sign":172,"minecraft:nether_wart":331,"minecraft:red_stained_glass_pane":2,"minecraft:chorus_flower":126,"minecraft:polished_blackstone_bricks":1065,"minecraft:magma_block":1317,"minecraft:dark_oak_trapdoor":6,"minecraft:barrel":102,"minecraft:fire":290,"minecraft:nether_brick_stairs":514,"minecraft:twisting_vines":116,"minecraft:light_gray_concrete":8060,"minecraft:green_carpet":11,"minecraft:pink_tulip":1,"minecraft:white_shulker_box":110,"minecraft:player_head":67,"minecraft:tripwire":14,"minecraft:orange_bed":3,"minecraft:cut_sandstone":11,"minecraft:kelp_plant":297,"minecraft:crimson_nylium":93,"minecraft:smoker":1,"minecraft:torch":4595,"minecraft:note_block":4,"minecraft:melon":3,"minecraft:dead_bush":890,"minecraft:white_stained_glass_pane":108,"minecraft:nether_brick_slab":177,"minecraft:spruce_wall_sign":16,"minecraft:smooth_quartz_slab":28,"minecraft:sugar_cane":5805,"minecraft:bricks":55,"minecraft:birch_sapling":2,"minecraft:white_terracotta":8712,"minecraft:chain":101,"minecraft:repeater":32,"minecraft:yellow_glazed_terracotta":7,"minecraft:wither_rose":1,"minecraft:infested_mossy_stone_bricks":1,"minecraft:grass":1650,"minecraft:smooth_quartz":166,"minecraft:sandstone_wall":1,"minecraft:dark_prismarine":221,"minecraft:brown_concrete":232,"minecraft:light_blue_wool":1,"minecraft:mossy_cobblestone":60,"minecraft:dark_oak_log":87,"minecraft:cyan_stained_glass":3213,"minecraft:sea_lantern":742,"minecraft:end_stone":3826,"minecraft:dark_oak_fence":4,"minecraft:spruce_fence":27,"minecraft:redstone_wire":95,"minecraft:red_mushroom":13,"minecraft:cartography_table":20,"minecraft:horn_coral":1,"minecraft:redstone_ore":2971,"minecraft:acacia_trapdoor":41,"minecraft:pink_concrete":10,"minecraft:andesite":45286,"minecraft:cyan_concrete":8368,"minecraft:vine":34,"minecraft:cobblestone_slab":65,"minecraft:respawn_anchor":1,"minecraft:rail":214,"minecraft:brain_coral_wall_fan":22,"minecraft:bone_block":19,"minecraft:green_wool":9,"minecraft:ender_chest":306,"minecraft:oak_slab":87,"minecraft:glass_pane":26,"minecraft:redstone_block":8,"minecraft:chiseled_nether_bricks":53,"minecraft:soul_sand":2887,"minecraft:lily_of_the_valley":21,"minecraft:dandelion":66,"minecraft:polished_blackstone_brick_wall":3,"minecraft:cornflower":10,"minecraft:prismarine_slab":3,"minecraft:warped_roots":3449,"minecraft:crimson_slab":394,"minecraft:tall_grass":79,"minecraft:campfire":18,"minecraft:purpur_pillar":780,"minecraft:brain_coral_fan":1,"minecraft:diorite":43798,"minecraft:orange_carpet":81,"minecraft:warped_wart_block":7826,"minecraft:black_stained_glass":753,"minecraft:red_terracotta":4428,"minecraft:coarse_dirt":79,"minecraft:cobblestone_wall":47,"minecraft:dark_oak_wall_sign":3,"minecraft:dead_bubble_coral_fan":4,"minecraft:purple_concrete":343,"minecraft:sunflower":5,"minecraft:gravel":95935,"minecraft:cobweb":98,"minecraft:brown_terracotta":291,"minecraft:birch_sign":11,"minecraft:polished_blackstone":169,"minecraft:stone_bricks":1267,"minecraft:gold_ore":754,"minecraft:chipped_anvil":12,"minecraft:iron_trapdoor":44,"minecraft:fern":39,"minecraft:stone_pressure_plate":11,"minecraft:oak_sapling":7,"minecraft:farmland":207,"minecraft:warped_fence_gate":9,"minecraft:orange_stained_glass":22,"minecraft:brewing_stand":18,"minecraft:spruce_trapdoor":62,"minecraft:lime_banner":2,"minecraft:cracked_polished_blackstone_bricks":156,"minecraft:white_concrete":3649,"minecraft:bubble_coral_fan":5,"minecraft:polished_diorite":98,"minecraft:polished_blackstone_brick_slab":102,"minecraft:composter":31,"minecraft:gilded_blackstone":3,"minecraft:mossy_cobblestone_slab":2,"minecraft:turtle_egg":4,"minecraft:brown_bed":4,"minecraft:green_stained_glass":12,"minecraft:iron_bars":134,"minecraft:potted_cornflower":2,"minecraft:granite_stairs":1,"minecraft:spruce_slab":679,"minecraft:brown_shulker_box":29,"minecraft:gray_terracotta":5,"minecraft:quartz_block":109,"minecraft:polished_blackstone_wall":19,"minecraft:orange_terracotta":22510,"minecraft:purpur_stairs":813,"minecraft:light_gray_terracotta":10318,"minecraft:end_stone_brick_slab":1,"minecraft:beacon":58,"minecraft:nether_quartz_ore":6233,"minecraft:oak_planks":426,"minecraft:wall_torch":702,"minecraft:cauldron":2,"minecraft:stone_stairs":37,"minecraft:warped_nylium":708,"minecraft:powered_rail":112,"minecraft:dark_oak_slab":7,"minecraft:warped_planks":1,"minecraft:tnt":58,"minecraft:smooth_stone_slab":823,"minecraft:oak_log":7936,"minecraft:beetroots":10,"minecraft:lime_terracotta":1,"minecraft:dirt":130921,"minecraft:dispenser":18,"minecraft:ancient_debris":38,"minecraft:daylight_detector":1,"minecraft:quartz_stairs":23,"minecraft:dark_oak_leaves":53,"minecraft:gray_glazed_terracotta":1,"minecraft:lever":26,"minecraft:ladder":58,"minecraft:stone_button":28,"minecraft:tube_coral_wall_fan":3,"minecraft:brown_mushroom_block":3440,"minecraft:soul_campfire":2,"minecraft:birch_slab":28,"minecraft:spruce_leaves":1989,"minecraft:acacia_slab":1,"minecraft:crimson_stem":514,"minecraft:dead_horn_coral_wall_fan":19,"minecraft:hay_block":7,"minecraft:light_blue_wall_banner":1,"minecraft:heavy_weighted_pressure_plate":8,"minecraft:nether_sprouts":2010,"minecraft:polished_basalt":247,"minecraft:light_gray_shulker_box":11,"minecraft:detector_rail":39,"minecraft:peony":20,"minecraft:gold_block":3,"minecraft:nether_brick_fence":42,"minecraft:bookshelf":18,"minecraft:shroomlight":338,"minecraft:stripped_oak_log":4,"minecraft:wet_sponge":1436,"minecraft:jungle_fence_gate":1,"minecraft:pink_terracotta":2,"minecraft:scaffolding":4625,"minecraft:acacia_leaves":48,"minecraft:magenta_stained_glass":224,"minecraft:snow_block":99,"minecraft:basalt":8322,"minecraft:warped_fence":13,"minecraft:polished_granite":23,"minecraft:oak_fence":432,"minecraft:honey_block":15,"minecraft:gray_stained_glass":63,"minecraft:lime_carpet":15,"minecraft:stone_slab":647,"minecraft:red_glazed_terracotta":4,"minecraft:red_concrete":881,"minecraft:polished_blackstone_brick_stairs":61,"minecraft:prismarine_bricks":178,"minecraft:birch_planks":29,"minecraft:bubble_coral":1,"minecraft:sea_pickle":9,"minecraft:polished_blackstone_slab":165,"minecraft:black_wall_banner":19,"minecraft:ice":2659,"minecraft:white_wall_banner":6,"minecraft:bee_nest":2,"minecraft:grass_path":256,"minecraft:warped_hyphae":112,"minecraft:black_wool":231,"minecraft:dead_brain_coral_wall_fan":33,"minecraft:cocoa":1169,"minecraft:flower_pot":1,"minecraft:cyan_carpet":293,"minecraft:yellow_concrete":781,"minecraft:cracked_stone_bricks":249,"minecraft:dead_bubble_coral_wall_fan":22,"minecraft:crimson_fence":6,"minecraft:jungle_wall_sign":1,"minecraft:dark_oak_planks":10,"minecraft:stripped_warped_stem":512,"minecraft:light_blue_concrete":1488,"minecraft:jungle_leaves":463,"minecraft:warped_stairs":5,"minecraft:obsidian":2358,"minecraft:carved_pumpkin":22,"minecraft:chiseled_polished_blackstone":19,"minecraft:red_sand":32637,"minecraft:smooth_red_sandstone_stairs":12,"minecraft:jungle_log":322,"minecraft:horn_coral_fan":6,"minecraft:purpur_slab":94,"minecraft:lime_stained_glass":98,"minecraft:hopper":109,"minecraft:crimson_fungus":63,"minecraft:oxeye_daisy":22,"minecraft:chiseled_stone_bricks":23,"minecraft:weeping_vines_plant":20,"minecraft:light_blue_stained_glass":13,"minecraft:orange_concrete":354,"minecraft:tall_seagrass":61,"minecraft:brown_stained_glass":6,"minecraft:sticky_piston":128,"minecraft:dead_fire_coral_wall_fan":4,"minecraft:cyan_wall_banner":15,"minecraft:pumpkin":99,"minecraft:stripped_dark_oak_wood":2,"minecraft:lime_stained_glass_pane":2,"minecraft:enchanting_table":6,"minecraft:smooth_red_sandstone":942,"minecraft:oak_sign":45,"minecraft:oak_stairs":10,"minecraft:quartz_slab":58,"minecraft:smooth_sandstone_stairs":1,"minecraft:crimson_sign":3,"minecraft:blue_orchid":15,"minecraft:iron_block":3325,"minecraft:brown_mushroom":97,"minecraft:player_wall_head":10,"minecraft:soul_fire":27,"minecraft:blue_stained_glass":3,"minecraft:blast_furnace":4,"minecraft:polished_andesite_stairs":43,"minecraft:green_concrete_powder":783,"minecraft:glass":358,"minecraft:damaged_anvil":1,"minecraft:crimson_stairs":90,"minecraft:spruce_sign":6,"minecraft:cyan_wool":6,"minecraft:black_concrete_powder":277,"minecraft:wheat":2389,"minecraft:lilac":6,"minecraft:pumpkin_stem":3,"minecraft:lime_concrete":792,"minecraft:birch_door":1,"minecraft:warped_fungus":586,"minecraft:stone_brick_stairs":263,"minecraft:oak_fence_gate":9,"minecraft:purple_concrete_powder":5,"minecraft:loom":1,"minecraft:stonecutter":7,"minecraft:red_mushroom_block":648,"minecraft:piston":4,"minecraft:yellow_terracotta":22208,"minecraft:pink_shulker_box":48,"minecraft:light_gray_stained_glass_pane":14,"minecraft:blue_stained_glass_pane":3,"minecraft:stripped_birch_log":2,"minecraft:jack_o_lantern":4,"minecraft:warped_door":1,"minecraft:shulker_box":3767,"minecraft:nether_bricks":424,"minecraft:crimson_roots":332,"minecraft:orange_shulker_box":71,"minecraft:magenta_concrete":2,"minecraft:yellow_concrete_powder":1,"minecraft:lime_wool":10,"minecraft:horn_coral_wall_fan":27,"minecraft:kelp":645,"minecraft:black_stained_glass_pane":39,"minecraft:polished_blackstone_button":2,"minecraft:red_sandstone":1,"minecraft:snow":575,"minecraft:diamond_block":24,"minecraft:white_glazed_terracotta":2,"minecraft:warped_stem":3361,"minecraft:bamboo":303,"minecraft:smooth_quartz_stairs":7,"minecraft:bamboo_sapling":2,"minecraft:warped_trapdoor":47,"minecraft:white_wool":135,"minecraft:cake":1,"minecraft:smithing_table":1,"minecraft:light_gray_carpet":2006,"minecraft:gray_concrete":50025,"minecraft:comparator":9,"minecraft:brown_stained_glass_pane":2,"minecraft:brown_carpet":1,"minecraft:stone_brick_slab":884,"minecraft:observer":147,"minecraft:smooth_sandstone":30,"minecraft:light_gray_concrete_powder":51,"minecraft:cyan_concrete_powder":182,"minecraft:sponge":26,"minecraft:dropper":2,"minecraft:purple_bed":1,"minecraft:lime_glazed_terracotta":2,"minecraft:white_carpet":53,"minecraft:spruce_log":2106,"minecraft:birch_leaves":2133,"minecraft:quartz_pillar":5,"minecraft:mycelium":7482,"minecraft:dark_oak_sign":2,"minecraft:acacia_planks":1,"minecraft:spruce_fence_gate":1,"minecraft:black_shulker_box":129,"minecraft:spruce_planks":47,"minecraft:cobblestone_stairs":4,"minecraft:stripped_crimson_hyphae":4,"minecraft:grass_block":96212,"minecraft:blue_concrete":47,"minecraft:soul_soil":3667,"minecraft:stripped_warped_hyphae":107,"minecraft:warped_sign":1,"minecraft:smooth_stone":60,"minecraft:glowstone":156,"minecraft:iron_ore":6847,"minecraft:anvil":22,"minecraft:black_carpet":2033,"minecraft:azure_bluet":23,"minecraft:dark_oak_stairs":6,"minecraft:brown_glazed_terracotta":2,"minecraft:purple_carpet":1,"minecraft:birch_wall_sign":71,"minecraft:end_stone_bricks":1418,"minecraft:cyan_terracotta":642,"minecraft:blackstone":7643,"minecraft:twisting_vines_plant":80,"minecraft:soul_lantern":45,"minecraft:clay":538,"minecraft:chiseled_quartz_block":73,"minecraft:poppy":118,"minecraft:potted_warped_roots":2,"minecraft:chest":1276,"minecraft:mushroom_stem":420,"minecraft:cobblestone":1539,"minecraft:birch_wood":8,"minecraft:slime_block":421,"minecraft:grindstone":14,"minecraft:prismarine":130,"minecraft:iron_door":8,"minecraft:magenta_shulker_box":62,"minecraft:seagrass":859,"minecraft:brown_concrete_powder":16,"minecraft:nether_wart_block":2736,"minecraft:birch_log":1783,"minecraft:yellow_wool":358,"minecraft:birch_trapdoor":7,"minecraft:light_gray_wool":117,"minecraft:purpur_block":2188,"minecraft:crimson_planks":79,"minecraft:sand":164898,"minecraft:infested_cracked_stone_bricks":1,"minecraft:tripwire_hook":2,"minecraft:wither_skeleton_skull":1,"minecraft:netherrack":140594,"minecraft:oak_leaves":12461,"minecraft:emerald_block":3,"minecraft:granite_wall":4,"minecraft:redstone_lamp":3,"minecraft:nether_gold_ore":282,"minecraft:diamond_ore":677,"minecraft:tube_coral":1,"minecraft:red_carpet":40,"minecraft:oak_door":1,"minecraft:gray_shulker_box":86,"minecraft:gray_stained_glass_pane":102,"minecraft:black_banner":3,"minecraft:weeping_vines":14,"minecraft:white_stained_glass":190,"minecraft:polished_andesite_slab":58,"minecraft:sandstone":1277,"minecraft:large_fern":30,"minecraft:oak_trapdoor":48,"minecraft:black_glazed_terracotta":1,"minecraft:red_concrete_powder":8,"minecraft:spruce_sapling":12,"minecraft:furnace":250,"minecraft:carrots":2397,"minecraft:chiseled_sandstone":1,"minecraft:stripped_spruce_log":74,"minecraft:dark_oak_fence_gate":2,"minecraft:black_concrete":471,"minecraft:bell":8,"minecraft:lantern":26,"minecraft:packed_ice":11,"minecraft:stripped_jungle_log":1,"minecraft:chorus_plant":121,"minecraft:stone":665913,"minecraft:yellow_shulker_box":59,"minecraft:redstone_wall_torch":6,"minecraft:birch_pressure_plate":4,"minecraft:podzol":13,"minecraft:light_blue_shulker_box":622,"minecraft:red_wool":16,"minecraft:infested_stone_bricks":4,"minecraft:brick_wall":7,"minecraft:soul_torch":4,"minecraft:crafting_table":262,"minecraft:cyan_stained_glass_pane":6,"minecraft:blackstone_slab":170,"minecraft:oak_wood":1,"minecraft:rose_bush":2,"minecraft:andesite_slab":47,"minecraft:lectern":371,"minecraft:andesite_wall":18,"minecraft:lapis_ore":416,"minecraft:lily_pad":138,"minecraft:spruce_stairs":9,"minecraft:gray_wool":89,"minecraft:cactus":11,"minecraft:gray_concrete_powder":573,"minecraft:green_shulker_box":40,"minecraft:acacia_fence_gate":1,"minecraft:polished_blackstone_stairs":33,"minecraft:sweet_berry_bush":25,"minecraft:gray_bed":12,"minecraft:yellow_bed":2,"minecraft:coal_ore":18040,"minecraft:end_rod":116,"minecraft:bubble_coral_wall_fan":21,"minecraft:gray_carpet":803,"minecraft:terracotta":63515,"minecraft:crimson_wall_sign":25,"minecraft:polished_andesite":722,"minecraft:acacia_wall_sign":13,"minecraft:crimson_hyphae":143,"minecraft:warped_slab":208},"minecraft:picked_up":{"minecraft:smithing_table":1,"minecraft:lead":53,"minecraft:stone_slab":777,"minecraft:enchanted_book":23,"minecraft:blue_concrete":48,"minecraft:music_disc_cat":1,"minecraft:polished_blackstone_brick_stairs":61,"minecraft:string":839,"minecraft:pufferfish":30,"minecraft:shroomlight":400,"minecraft:diamond_leggings":11,"minecraft:dead_bubble_coral_fan":16,"minecraft:warped_slab":212,"minecraft:crimson_sign":28,"minecraft:diamond_ore":319,"minecraft:polished_blackstone_brick_slab":103,"minecraft:polished_blackstone_stairs":61,"minecraft:acacia_log":97,"minecraft:purpur_pillar":937,"minecraft:cyan_stained_glass":3322,"minecraft:brick_wall":7,"minecraft:honeycomb_block":3,"minecraft:cauldron":3,"minecraft:green_terracotta":512,"minecraft:end_crystal":3,"minecraft:cyan_stained_glass_pane":7,"minecraft:golden_chestplate":20,"minecraft:gray_shulker_box":86,"minecraft:warped_door":2,"minecraft:pink_terracotta":1523,"minecraft:brown_carpet":2,"minecraft:orange_bed":3,"minecraft:stone_sword":15,"minecraft:lime_carpet":15,"minecraft:horn_coral_fan":23,"minecraft:polished_basalt":263,"minecraft:carved_pumpkin":24,"minecraft:glowstone":90,"minecraft:bookshelf":25,"minecraft:end_rod":241,"minecraft:white_terracotta":11179,"minecraft:blaze_rod":39,"minecraft:iron_bars":800,"minecraft:snowball":492,"minecraft:sponge":113,"minecraft:feather":39,"minecraft:cooked_beef":241,"minecraft:water_bucket":26,"minecraft:brown_wool":2,"minecraft:flint":4779,"minecraft:cyan_concrete_powder":302,"minecraft:magenta_terracotta":2049,"minecraft:lantern":205,"minecraft:gray_concrete_powder":4878,"minecraft:purple_carpet":1,"minecraft:warped_hyphae":160,"minecraft:stonecutter":7,"minecraft:dark_oak_sign":9,"minecraft:diamond_helmet":13,"minecraft:rabbit":2,"minecraft:chiseled_polished_blackstone":19,"minecraft:lime_terracotta":513,"minecraft:stripped_spruce_log":78,"minecraft:brown_mushroom_block":2732,"minecraft:dead_fire_coral_fan":3,"minecraft:iron_hoe":2,"minecraft:polished_andesite":1041,"minecraft:blue_terracotta":512,"minecraft:lever":44,"minecraft:granite":30738,"minecraft:cyan_dye":38,"minecraft:jack_o_lantern":5,"minecraft:light_gray_carpet":9725,"minecraft:crimson_roots":642,"minecraft:diamond_pickaxe":25,"minecraft:bee_nest":2,"minecraft:stripped_warped_hyphae":121,"minecraft:clay_ball":1852,"minecraft:leather_leggings":23,"minecraft:redstone_lamp":3,"minecraft:dragon_head":19,"minecraft:purpur_block":2342,"minecraft:heavy_weighted_pressure_plate":19,"minecraft:cornflower":1391,"minecraft:elytra":29,"minecraft:flint_and_steel":6,"minecraft:white_carpet":191,"minecraft:white_stained_glass":299,"minecraft:iron_shovel":13,"minecraft:polished_blackstone_wall":20,"minecraft:glass_pane":39,"minecraft:brown_stained_glass_pane":2,"minecraft:netherite_sword":2,"minecraft:stripped_warped_stem":502,"minecraft:jungle_sapling":14,"minecraft:poppy":4077,"minecraft:spruce_slab":815,"minecraft:minecart":104,"minecraft:birch_sapling":303,"minecraft:piston":4,"minecraft:diamond_hoe":4,"minecraft:black_stained_glass":1112,"minecraft:stone":334256,"minecraft:fire_charge":81,"minecraft:white_dye":391,"minecraft:jungle_fence_gate":1,"minecraft:netherite_pickaxe":1,"minecraft:cyan_shulker_box":436,"minecraft:jungle_sign":7,"minecraft:diamond_chestplate":4,"minecraft:purpur_slab":93,"minecraft:hay_block":9,"minecraft:yellow_terracotta":23978,"minecraft:totem_of_undying":18,"minecraft:polished_blackstone":192,"minecraft:mutton":83,"minecraft:rail":480,"minecraft:bone_block":651,"minecraft:oxeye_daisy":3178,"minecraft:birch_leaves":1876,"minecraft:yellow_shulker_box":60,"minecraft:clock":6,"minecraft:smooth_red_sandstone":848,"minecraft:tripwire_hook":31,"minecraft:red_glazed_terracotta":127,"minecraft:fern":26,"minecraft:yellow_dye":187,"minecraft:blackstone_slab":168,"minecraft:purpur_stairs":838,"minecraft:lily_pad":153,"minecraft:paper":3110,"minecraft:light_blue_banner":36,"minecraft:apple":233,"minecraft:warped_stem":3457,"minecraft:pufferfish_bucket":1,"minecraft:oak_fence_gate":10,"minecraft:stone_pickaxe":6,"minecraft:iron_ore":7277,"minecraft:magenta_stained_glass":286,"minecraft:gray_bed":12,"minecraft:dark_oak_stairs":5,"minecraft:polished_andesite_stairs":85,"minecraft:milk_bucket":20,"minecraft:sweet_berries":230,"minecraft:red_wool":15,"minecraft:lime_concrete":797,"minecraft:crimson_stairs":86,"minecraft:light_blue_stained_glass":11,"minecraft:crying_obsidian":2,"minecraft:leather_helmet":102,"minecraft:diamond_shovel":23,"minecraft:coal_ore":6448,"minecraft:slime_ball":3432,"minecraft:painting":51,"minecraft:birch_sign":433,"minecraft:polished_blackstone_brick_wall":3,"minecraft:baked_potato":1,"minecraft:smooth_quartz_slab":32,"minecraft:hopper":154,"minecraft:black_carpet":3967,"minecraft:light_blue_concrete":1498,"minecraft:ender_chest":321,"minecraft:nether_brick_fence":42,"minecraft:yellow_wool":488,"minecraft:gilded_blackstone":3,"minecraft:stone_brick_stairs":414,"minecraft:warped_stairs":5,"minecraft:lapis_block":5,"minecraft:experience_bottle":12,"minecraft:comparator":30,"minecraft:red_sand":32065,"minecraft:smooth_stone":234,"minecraft:bucket":30,"minecraft:red_dye":94,"minecraft:rose_bush":697,"minecraft:cobblestone_slab":97,"minecraft:iron_pickaxe":14,"minecraft:smooth_quartz":159,"minecraft:smooth_quartz_stairs":10,"minecraft:blue_wool":48,"minecraft:tipped_arrow":3,"minecraft:birch_trapdoor":8,"minecraft:spruce_stairs":16,"minecraft:netherite_shovel":2,"minecraft:diorite":33347,"minecraft:vine":38,"minecraft:andesite_wall":17,"minecraft:rotten_flesh":2739,"minecraft:brown_shulker_box":29,"minecraft:chorus_flower":131,"minecraft:obsidian":2437,"minecraft:blaze_powder":5,"minecraft:cobblestone":192333,"minecraft:enchanting_table":6,"minecraft:leather_chestplate":15,"minecraft:lilac":303,"minecraft:repeater":47,"minecraft:warped_fungus_on_a_stick":1,"minecraft:andesite":42930,"minecraft:orange_carpet":95,"minecraft:golden_leggings":13,"minecraft:beacon":59,"minecraft:potato":20,"minecraft:smooth_sandstone_stairs":1,"minecraft:prismarine_bricks":174,"minecraft:dirt":242657,"minecraft:stripped_birch_log":4,"minecraft:name_tag":38,"minecraft:glass":1998,"minecraft:bone":2188,"minecraft:acacia_planks":22,"minecraft:granite_wall":4,"minecraft:bow":50,"minecraft:wheat_seeds":17547,"minecraft:birch_wood":18,"minecraft:grindstone":18,"minecraft:netherite_axe":1,"minecraft:mossy_stone_bricks":10,"minecraft:bamboo":4375,"minecraft:cyan_concrete":8453,"minecraft:prismarine":197,"minecraft:brown_stained_glass":4,"minecraft:gray_stained_glass":52,"minecraft:black_stained_glass_pane":37,"minecraft:light_blue_shulker_box":628,"minecraft:nether_brick_stairs":556,"minecraft:grass_block":18726,"minecraft:warped_fence_gate":9,"minecraft:diamond_block":27,"minecraft:spectral_arrow":1,"minecraft:mossy_cobblestone":58,"minecraft:jungle_leaves":387,"minecraft:light_gray_terracotta":13208,"minecraft:slime_block":420,"minecraft:netherite_helmet":5,"minecraft:polished_blackstone_pressure_plate":62,"minecraft:soul_lantern":56,"minecraft:cracked_polished_blackstone_bricks":154,"minecraft:crossbow":20,"minecraft:bone_meal":1046,"minecraft:grass":16,"minecraft:golden_apple":2,"minecraft:spruce_sign":25,"minecraft:emerald":252,"minecraft:piglin_banner_pattern":3,"minecraft:netherrack":96562,"minecraft:chorus_fruit":626,"minecraft:andesite_slab":48,"minecraft:oak_leaves":9288,"minecraft:azure_bluet":3185,"minecraft:splash_potion":3,"minecraft:ladder":247,"minecraft:rabbit_stew":3,"minecraft:brown_mushroom":361,"minecraft:packed_ice":67,"minecraft:pink_wool":429,"minecraft:chain":221,"minecraft:shield":11,"minecraft:orange_stained_glass":19,"minecraft:oak_trapdoor":48,"minecraft:mycelium":2437,"minecraft:blackstone":7449,"minecraft:blue_orchid":15,"minecraft:lime_wool":10,"minecraft:end_stone":4303,"minecraft:note_block":14,"minecraft:polished_blackstone_bricks":1125,"minecraft:cookie":69,"minecraft:brown_concrete_powder":30,"minecraft:trident":16,"minecraft:light_gray_stained_glass_pane":24,"minecraft:brown_dye":33,"minecraft:stone_pressure_plate":44,"minecraft:weeping_vines":139,"minecraft:red_shulker_box":127,"minecraft:pumpkin_pie":50,"minecraft:nether_bricks":422,"minecraft:stripped_dark_oak_wood":2,"minecraft:black_banner":35,"minecraft:netherite_boots":1,"minecraft:jungle_boat":5,"minecraft:prismarine_slab":5,"minecraft:basalt":8557,"minecraft:golden_carrot":546,"minecraft:magenta_banner":15,"minecraft:leather":1171,"minecraft:ice":3075,"minecraft:granite_stairs":1,"minecraft:crimson_fungus":75,"minecraft:chainmail_chestplate":5,"minecraft:yellow_bed":2,"minecraft:cobblestone_wall":100,"minecraft:gunpowder":3356,"minecraft:orange_terracotta":24720,"minecraft:cooked_mutton":9,"minecraft:red_carpet":45,"minecraft:gray_carpet":1337,"minecraft:acacia_trapdoor":46,"minecraft:rabbit_hide":1,"minecraft:iron_ingot":1512,"minecraft:cooked_chicken":3,"minecraft:polished_andesite_slab":78,"minecraft:pink_bed":8,"minecraft:warped_fungus":555,"minecraft:nether_quartz_ore":2796,"minecraft:emerald_block":7,"minecraft:stone_brick_slab":1474,"minecraft:quartz":7220,"minecraft:dandelion":8107,"minecraft:lava_bucket":2,"minecraft:soul_torch":86,"minecraft:green_stained_glass":10,"minecraft:red_banner":1,"minecraft:nether_brick_slab":223,"minecraft:spruce_door":4,"minecraft:pumpkin_seeds":99,"minecraft:white_concrete_powder":26,"minecraft:chainmail_leggings":3,"minecraft:terracotta":66718,"minecraft:damaged_anvil":1,"minecraft:end_stone_brick_slab":2,"minecraft:sunflower":334,"minecraft:wooden_axe":3,"minecraft:seagrass":39,"minecraft:birch_door":1,"minecraft:iron_chestplate":8,"minecraft:chainmail_boots":1,"minecraft:flower_pot":5,"minecraft:anvil":28,"minecraft:prismarine_shard":1307,"minecraft:diamond_sword":52,"minecraft:oak_stairs":17,"minecraft:brown_bed":4,"minecraft:wither_rose":578,"minecraft:golden_shovel":1,"minecraft:brewing_stand":18,"minecraft:golden_sword":2,"minecraft:dark_oak_trapdoor":6,"minecraft:soul_soil":3711,"minecraft:cooked_salmon":1,"minecraft:blue_stained_glass_pane":16,"minecraft:beetroot":15,"minecraft:gold_nugget":273,"minecraft:crimson_fence":6,"minecraft:black_glazed_terracotta":1,"minecraft:spruce_planks":67,"minecraft:acacia_sign":14,"minecraft:acacia_fence_gate":1,"minecraft:written_book":44,"minecraft:flower_banner_pattern":2,"minecraft:melon_slice":141,"minecraft:coal_block":309,"minecraft:golden_helmet":21,"minecraft:white_glazed_terracotta":2,"minecraft:beehive":3,"minecraft:composter":30,"minecraft:sandstone_wall":1,"minecraft:warped_planks":3,"minecraft:chiseled_nether_bricks":51,"minecraft:black_dye":23,"minecraft:gray_stained_glass_pane":145,"minecraft:light_blue_wool":1,"minecraft:tropical_fish":28,"minecraft:blue_dye":46,"minecraft:iron_block":3431,"minecraft:cyan_terracotta":867,"minecraft:blackstone_stairs":15,"minecraft:birch_log":1890,"minecraft:magma_block":1124,"minecraft:mossy_cobblestone_slab":35,"minecraft:iron_door":9,"minecraft:birch_slab":57,"minecraft:jungle_log":370,"minecraft:green_concrete_powder":740,"minecraft:smoker":1,"minecraft:netherite_leggings":7,"minecraft:map":60,"minecraft:gray_concrete":49878,"minecraft:light_gray_concrete_powder":131,"minecraft:twisting_vines":286,"minecraft:chipped_anvil":28,"minecraft:gray_terracotta":359,"minecraft:glowstone_dust":80,"minecraft:gray_glazed_terracotta":2,"minecraft:warped_wart_block":11331,"minecraft:dropper":11,"minecraft:ink_sac":233,"minecraft:loom":1,"minecraft:dark_oak_log":170,"minecraft:red_terracotta":5747,"minecraft:barrel":107,"minecraft:dispenser":18,"minecraft:black_concrete_powder":259,"minecraft:green_concrete":726,"minecraft:writable_book":11,"minecraft:chainmail_helmet":4,"minecraft:bread":2,"minecraft:dark_oak_fence":3,"minecraft:bricks":53,"minecraft:spruce_leaves":413,"minecraft:lime_stained_glass_pane":18,"minecraft:crafting_table":277,"minecraft:coarse_dirt":78,"minecraft:bubble_coral_fan":24,"minecraft:nether_wart":1107,"minecraft:orange_stained_glass_pane":16,"minecraft:snow":74,"minecraft:netherite_scrap":6,"minecraft:compass":26,"minecraft:cracked_stone_bricks":250,"minecraft:cartography_table":19,"minecraft:respawn_anchor":1,"minecraft:beef":1618,"minecraft:cyan_wool":58,"minecraft:iron_nugget":110,"minecraft:quartz_stairs":34,"minecraft:chest":1674,"minecraft:egg":120,"minecraft:sandstone":841,"minecraft:oak_door":52,"minecraft:spruce_fence":28,"minecraft:cake":3,"minecraft:carrot":8796,"minecraft:redstone":7663,"minecraft:mushroom_stem":454,"minecraft:prismarine_crystals":718,"minecraft:tnt":108,"minecraft:beetroot_seeds":45,"minecraft:peony":381,"minecraft:tube_coral_fan":1,"minecraft:shears":54,"minecraft:diamond_boots":51,"minecraft:warped_sign":1,"minecraft:gold_ingot":71,"minecraft:white_shulker_box":110,"minecraft:white_wool":448,"minecraft:crimson_slab":391,"minecraft:lapis_ore":182,"minecraft:stripped_oak_log":2,"minecraft:smooth_red_sandstone_stairs":10,"minecraft:red_mushroom_block":90,"minecraft:red_mushroom":240,"minecraft:filled_map":227,"minecraft:brown_concrete":229,"minecraft:oak_log":9103,"minecraft:ancient_debris":42,"minecraft:golden_boots":13,"minecraft:white_banner":38,"minecraft:birch_pressure_plate":3,"minecraft:stone_bricks":1420,"minecraft:kelp":2371,"minecraft:glass_bottle":44,"minecraft:iron_sword":18,"minecraft:white_stained_glass_pane":158,"minecraft:dark_oak_slab":7,"minecraft:daylight_detector":1,"minecraft:yellow_concrete":903,"minecraft:light_blue_glazed_terracotta":1,"minecraft:gravel":95286,"minecraft:spruce_sapling":279,"minecraft:spruce_log":2482,"minecraft:sea_lantern":1095,"minecraft:firework_rocket":4426,"minecraft:purple_bed":1,"minecraft:polished_diorite":68,"minecraft:stone_axe":2,"minecraft:light_blue_carpet":11,"minecraft:redstone_ore":1285,"minecraft:diamond_axe":14,"minecraft:gray_wool":7616,"minecraft:warped_roots":4405,"minecraft:melon_seeds":12,"minecraft:warped_nylium":592,"minecraft:crimson_nylium":91,"minecraft:pink_dye":148,"minecraft:ender_pearl":21899,"minecraft:shulker_shell":498,"minecraft:wheat":2522,"minecraft:redstone_block":131,"minecraft:iron_trapdoor":30,"minecraft:light_gray_shulker_box":11,"minecraft:green_stained_glass_pane":3,"minecraft:dead_horn_coral_fan":14,"minecraft:turtle_egg":12,"minecraft:potion":78,"minecraft:nether_brick":4,"minecraft:crimson_planks":74,"minecraft:smooth_stone_slab":1226,"minecraft:iron_leggings":15,"minecraft:armor_stand":36,"minecraft:sticky_piston":123,"minecraft:pink_shulker_box":48,"minecraft:oak_sign":416,"minecraft:sea_pickle":49,"minecraft:activator_rail":56,"minecraft:black_shulker_box":142,"minecraft:redstone_torch":60,"minecraft:iron_boots":12,"minecraft:furnace":486,"minecraft:stick":4088,"minecraft:orange_shulker_box":75,"minecraft:brown_terracotta":287,"minecraft:oak_fence":443,"minecraft:torch":11149,"minecraft:porkchop":26,"minecraft:snow_block":93,"minecraft:dried_kelp":66,"minecraft:dead_brain_coral_fan":30,"minecraft:yellow_concrete_powder":1,"minecraft:blue_stained_glass":2,"minecraft:quartz_block":105,"minecraft:nether_gold_ore":161,"minecraft:cactus":1837,"minecraft:green_wool":85,"minecraft:fire_coral_fan":6,"minecraft:cod":932,"minecraft:nautilus_shell":3,"minecraft:crimson_hyphae":133,"minecraft:magma_cream":259,"minecraft:chiseled_quartz_block":61,"minecraft:magenta_dye":175,"minecraft:light_gray_dye":119,"minecraft:warped_trapdoor":56,"minecraft:wither_skeleton_skull":12,"minecraft:horn_coral":1,"minecraft:acacia_boat":3,"minecraft:green_shulker_box":40,"minecraft:lapis_lazuli":1935,"minecraft:polished_granite":13,"minecraft:leather_boots":21,"minecraft:bell":8,"minecraft:light_blue_dye":65,"minecraft:powered_rail":116,"minecraft:oak_planks":436,"minecraft:lime_glazed_terracotta":21,"minecraft:ghast_tear":77,"minecraft:pink_concrete":10,"minecraft:black_terracotta":527,"minecraft:cooked_porkchop":1,"minecraft:polished_blackstone_slab":189,"minecraft:sand":170430,"minecraft:dead_bush":665,"minecraft:lily_of_the_valley":76,"minecraft:chiseled_sandstone":1,"minecraft:shulker_box":3855,"minecraft:dark_prismarine":211,"minecraft:light_gray_concrete":7982,"minecraft:spruce_fence_gate":1,"minecraft:clay":182,"minecraft:diamond":1060,"minecraft:black_concrete":539,"minecraft:polished_blackstone_button":44,"minecraft:white_concrete":3718,"minecraft:oak_sapling":1729,"minecraft:nether_star":4,"minecraft:end_stone_bricks":1522,"minecraft:fishing_rod":5,"minecraft:cocoa_beans":3674,"minecraft:charcoal":77,"minecraft:firework_star":65,"minecraft:chicken":38,"minecraft:gold_block":5,"minecraft:stone_stairs":33,"minecraft:iron_axe":5,"minecraft:orange_concrete":354,"minecraft:wooden_sword":2,"minecraft:item_frame":373,"minecraft:quartz_slab":46,"minecraft:warped_fence":13,"minecraft:cyan_carpet":421,"minecraft:detector_rail":123,"minecraft:oak_boat":102,"minecraft:player_head":533,"minecraft:observer":148,"minecraft:light_gray_wool":550,"minecraft:lectern":371,"minecraft:sugar_cane":14053,"minecraft:spruce_trapdoor":96,"minecraft:phantom_membrane":12,"minecraft:dark_oak_sapling":15,"minecraft:stripped_crimson_hyphae":4,"minecraft:orange_dye":132,"minecraft:red_stained_glass_pane":4,"minecraft:brown_glazed_terracotta":3,"minecraft:gray_dye":11,"minecraft:quartz_pillar":5,"minecraft:stone_button":67,"minecraft:magenta_shulker_box":62,"minecraft:dark_oak_planks":12,"minecraft:arrow":1011,"minecraft:saddle":6,"minecraft:lime_stained_glass":87,"minecraft:wet_sponge":1443,"minecraft:crimson_stem":514,"minecraft:salmon":29,"minecraft:cut_sandstone":15,"minecraft:birch_planks":59,"minecraft:yellow_glazed_terracotta":65,"minecraft:nether_wart_block":5283,"minecraft:cobblestone_stairs":4,"minecraft:wooden_hoe":1,"minecraft:podzol":22,"minecraft:smooth_sandstone":56,"minecraft:red_sandstone":1,"minecraft:heart_of_the_sea":4,"minecraft:acacia_sapling":13,"minecraft:soul_sand":2688,"minecraft:music_disc_chirp":2,"minecraft:purple_concrete":344,"minecraft:green_dye":69,"minecraft:book":25,"minecraft:scaffolding":10955,"minecraft:oak_slab":106,"minecraft:red_concrete_powder":8,"minecraft:birch_boat":11,"minecraft:pumpkin":119,"minecraft:chiseled_stone_bricks":19,"minecraft:magenta_stained_glass_pane":16,"minecraft:brain_coral_fan":15,"minecraft:blast_furnace":4,"minecraft:white_bed":137,"minecraft:gold_ore":698,"minecraft:dark_oak_fence_gate":2,"minecraft:green_carpet":24,"minecraft:spider_eye":105,"minecraft:stripped_jungle_log":1,"minecraft:cyan_banner":15,"minecraft:lime_banner":2,"minecraft:lime_dye":36,"minecraft:dried_kelp_block":5,"minecraft:honey_block":69,"minecraft:iron_helmet":37,"minecraft:magenta_concrete":14,"minecraft:acacia_slab":2,"minecraft:black_wool":716,"minecraft:red_concrete":885,"minecraft:coal":18764,"minecraft:purple_concrete_powder":2}},"DataVersion":2584}