{"stats":{"minecraft:custom":{"minecraft:interact_with_cartography_table":11,"minecraft:inspect_dispenser":2325,"minecraft:inspect_dropper":4291,"minecraft:inspect_hopper":5696,"minecraft:play_noteblock":4173,"minecraft:talked_to_villager":12260,"minecraft:fill_cauldron":21,"minecraft:raid_win":3,"minecraft:damage_taken":553021,"minecraft:eat_cake_slice":28,"minecraft:enchant_item":771,"minecraft:interact_with_furnace":5112,"minecraft:sleep_in_bed":2594,"minecraft:use_cauldron":13,"minecraft:interact_with_smithing_table":38,"minecraft:target_hit":264,"minecraft:sneak_time":3983808,"minecraft:interact_with_lectern":1020,"minecraft:interact_with_blast_furnace":85,"minecraft:fish_caught":11,"minecraft:fall_one_cm":11556307,"minecraft:drop":18072,"minecraft:interact_with_loom":35,"minecraft:player_kills":54,"minecraft:damage_absorbed":428,"minecraft:trigger_trapped_chest":41,"minecraft:interact_with_crafting_table":5939,"minecraft:damage_blocked_by_shield":16420,"minecraft:deaths":353,"minecraft:jump":316989,"minecraft:play_record":17,"minecraft:interact_with_smoker":9,"minecraft:horse_one_cm":1117168,"minecraft:interact_with_anvil":1419,"minecraft:tune_noteblock":12945,"minecraft:time_since_rest":11907,"minecraft:swim_one_cm":11774437,"minecraft:open_chest":44610,"minecraft:open_shulker_box":93150,"minecraft:damage_resisted":89613,"minecraft:interact_with_brewingstand":924,"minecraft:interact_with_beacon":113,"minecraft:boat_one_cm":12919998,"minecraft:aviate_one_cm":755658077,"minecraft:open_barrel":12585,"minecraft:bell_ring":42,"minecraft:leave_game":1323,"minecraft:time_since_death":450469,"minecraft:traded_with_villager":202248,"minecraft:damage_dealt":1602052,"minecraft:interact_with_stonecutter":596,"minecraft:fly_one_cm":48788746,"minecraft:animals_bred":863,"minecraft:sprint_one_cm":196662027,"minecraft:walk_on_water_one_cm":11481444,"minecraft:play_one_minute":75129931,"minecraft:open_enderchest":7436,"minecraft:crouch_one_cm":12869254,"minecraft:mob_kills":73497,"minecraft:climb_one_cm":3529812,"minecraft:walk_one_cm":200626220,"minecraft:clean_shulker_box":11,"minecraft:walk_under_water_one_cm":19225480,"minecraft:raid_trigger":2,"minecraft:pot_flower":263,"minecraft:interact_with_grindstone":328,"minecraft:minecart_one_cm":237883},"minecraft:killed":{"minecraft:cod":285,"minecraft:tropical_fish":5,"minecraft:elder_guardian":9,"minecraft:zombie":1650,"minecraft:evoker":7,"minecraft:endermite":26,"minecraft:snow_golem":26,"minecraft:rabbit":17,"minecraft:spider":219,"minecraft:bee":153,"minecraft:zombie_villager":24,"minecraft:sheep":40,"minecraft:trader_llama":23,"minecraft:slime":280,"minecraft:hoglin":64,"minecraft:wither_skeleton":5766,"minecraft:cave_spider":3119,"minecraft:dolphin":3,"minecraft:shulker":559,"minecraft:skeleton":748,"minecraft:cat":3,"minecraft:magma_cube":305,"minecraft:wandering_trader":13,"minecraft:enderman":2441,"minecraft:turtle":5,"minecraft:stray":18,"minecraft:phantom":17,"minecraft:bat":105,"minecraft:guardian":39,"minecraft:parrot":3,"minecraft:salmon":296,"minecraft:iron_golem":8,"minecraft:pillager":78,"minecraft:vindicator":27,"minecraft:ravager":7,"minecraft:zombified_piglin":6492,"minecraft:witch":20,"minecraft:wither":18,"minecraft:piglin":273,"minecraft:ghast":199,"minecraft:vex":4,"minecraft:drowned":2205,"minecraft:squid":127,"minecraft:villager":7,"minecraft:pufferfish":2,"minecraft:chicken":17,"minecraft:cow":483,"minecraft:horse":11,"minecraft:ocelot":19,"minecraft:wolf":13,"minecraft:pig":22,"minecraft:creeper":624,"minecraft:blaze":2604,"minecraft:panda":221},"minecraft:used":{"minecraft:jack_o_lantern":695,"minecraft:black_carpet":1,"minecraft:stone":27785,"minecraft:quartz_stairs":133,"minecraft:warped_sign":62,"minecraft:rotten_flesh":397,"minecraft:chiseled_red_sandstone":17,"minecraft:azure_bluet":51,"minecraft:polished_blackstone_slab":325,"minecraft:packed_ice":9791,"minecraft:stripped_dark_oak_wood":26,"minecraft:quartz_pillar":93,"minecraft:red_wool":41,"minecraft:quartz_block":1208,"minecraft:netherite_hoe":25107,"minecraft:dark_oak_leaves":226,"minecraft:acacia_fence":12,"minecraft:gray_banner":11,"minecraft:damaged_anvil":13,"minecraft:lily_pad":21,"minecraft:blackstone":84,"minecraft:composter":256,"minecraft:jungle_boat":111,"minecraft:golden_apple":11,"minecraft:purple_terracotta":1202,"minecraft:gray_concrete":8,"minecraft:crimson_fence_gate":8,"minecraft:purple_concrete_powder":90,"minecraft:birch_fence":101,"minecraft:red_sandstone":19,"minecraft:gray_stained_glass_pane":2,"minecraft:birch_slab":72,"minecraft:oak_pressure_plate":15,"minecraft:diamond_sword":10784,"minecraft:coal_block":11,"minecraft:smithing_table":78,"minecraft:purple_wool":1,"minecraft:oak_trapdoor":538,"minecraft:stripped_acacia_wood":3,"minecraft:polished_blackstone_brick_slab":1077,"minecraft:enchanting_table":9,"minecraft:armor_stand":104,"minecraft:light_gray_carpet":170,"minecraft:cooked_salmon":76,"minecraft:orange_stained_glass":4657,"minecraft:brewing_stand":52,"minecraft:nether_quartz_ore":105,"minecraft:yellow_carpet":2,"minecraft:music_disc_mellohi":5,"minecraft:sea_lantern":1312,"minecraft:iron_block":4869,"minecraft:jungle_log":952,"minecraft:bamboo":309,"minecraft:basalt":440,"minecraft:podzol":107,"minecraft:acacia_planks":497,"minecraft:wheat_seeds":17805,"minecraft:warped_stem":3797,"minecraft:light_blue_shulker_box":622,"minecraft:birch_planks":330,"minecraft:blue_concrete_powder":256,"minecraft:spruce_fence_gate":1121,"minecraft:rail":1166,"minecraft:red_bed":7,"minecraft:campfire":23,"minecraft:spruce_log":835,"minecraft:warped_trapdoor":103,"minecraft:oak_button":4,"minecraft:suspicious_stew":10,"minecraft:spruce_pressure_plate":46,"minecraft:spruce_sapling":3819,"minecraft:green_carpet":281,"minecraft:pink_bed":2,"minecraft:crimson_stairs":300,"minecraft:porkchop":1,"minecraft:warped_fence_gate":4,"minecraft:dandelion":12,"minecraft:green_stained_glass":30,"minecraft:blue_terracotta":1044,"minecraft:polished_basalt":1951,"minecraft:green_terracotta":2,"minecraft:jungle_planks":1246,"minecraft:beehive":1106,"minecraft:music_disc_13":8,"minecraft:honey_bottle":14,"minecraft:crimson_button":12,"minecraft:bricks":3094,"minecraft:spruce_wood":53,"minecraft:lantern":407,"minecraft:warped_nylium":142,"minecraft:light_blue_bed":1006,"minecraft:blue_shulker_box":59,"minecraft:written_book":201,"minecraft:jungle_button":32,"minecraft:end_rod":422,"minecraft:stripped_acacia_log":83,"minecraft:gray_carpet":552,"minecraft:stone_pickaxe":3,"minecraft:polished_diorite_slab":3,"minecraft:sandstone":286,"minecraft:diamond_axe":65625,"minecraft:sugar_cane":257,"minecraft:light_blue_concrete":67,"minecraft:mushroom_stew":4,"minecraft:light_blue_wool":196,"minecraft:yellow_concrete":248,"minecraft:end_stone":113,"minecraft:black_terracotta":896,"minecraft:daylight_detector":29,"minecraft:dark_oak_log":5332,"minecraft:iron_door":10,"minecraft:light_blue_concrete_powder":974,"minecraft:pufferfish_bucket":1,"minecraft:smooth_stone_slab":76547,"minecraft:coarse_dirt":2472,"minecraft:bone_meal":27195,"minecraft:rose_bush":9,"minecraft:crimson_fence":29,"minecraft:white_tulip":67,"minecraft:flint_and_steel":120,"minecraft:redstone":6485,"minecraft:dried_kelp":8,"minecraft:ender_chest":855,"minecraft:stone_hoe":67,"minecraft:dried_kelp_block":59,"minecraft:dirt":16624,"minecraft:prismarine_bricks":60,"minecraft:bee_nest":213,"minecraft:spruce_fence":927,"minecraft:wooden_axe":3,"minecraft:brown_terracotta":8751,"minecraft:oak_stairs":98,"minecraft:crimson_slab":444,"minecraft:yellow_concrete_powder":273,"minecraft:black_stained_glass":7,"minecraft:lime_stained_glass":30,"minecraft:cyan_concrete_powder":1,"minecraft:orange_stained_glass_pane":112,"minecraft:birch_boat":1,"minecraft:brown_mushroom":429,"minecraft:spruce_sign":98,"minecraft:warped_roots":5,"minecraft:red_mushroom":326,"minecraft:spider_eye":32,"minecraft:magenta_carpet":90,"minecraft:warped_planks":85,"minecraft:wooden_hoe":17,"minecraft:black_wool":8,"minecraft:lapis_ore":113,"minecraft:stone_slab":444,"minecraft:yellow_wool":26,"minecraft:brown_stained_glass_pane":92,"minecraft:fire_coral_block":8,"minecraft:stripped_crimson_hyphae":6,"minecraft:cyan_stained_glass_pane":2,"minecraft:pink_shulker_box":130,"minecraft:gray_wool":237,"minecraft:dead_horn_coral_block":1,"minecraft:chest":2179,"minecraft:white_shulker_box":141,"minecraft:blue_stained_glass":5,"minecraft:jungle_slab":963,"minecraft:allium":7,"minecraft:acacia_button":7,"minecraft:stripped_spruce_log":20,"minecraft:honey_block":849,"minecraft:black_stained_glass_pane":10,"minecraft:birch_sapling":1643,"minecraft:orange_shulker_box":196,"minecraft:polished_andesite_stairs":59,"minecraft:wet_sponge":505,"minecraft:pink_wool":12,"minecraft:snow":828,"minecraft:sweet_berries":278,"minecraft:furnace":52,"minecraft:seagrass":9,"minecraft:spruce_door":35,"minecraft:acacia_trapdoor":971,"minecraft:powered_rail":1920,"minecraft:blackstone_stairs":27,"minecraft:orange_tulip":5,"minecraft:purpur_pillar":18,"minecraft:cookie":41,"minecraft:dark_oak_trapdoor":494,"minecraft:pumpkin_seeds":3,"minecraft:chiseled_sandstone":41,"minecraft:crying_obsidian":1308,"minecraft:lectern":368,"minecraft:polished_andesite_slab":1034,"minecraft:wooden_sword":26,"minecraft:dark_oak_fence":85,"minecraft:bubble_coral_block":32,"minecraft:white_stained_glass":29,"minecraft:green_concrete_powder":1683,"minecraft:pink_stained_glass":352,"minecraft:ice":12501,"minecraft:gray_stained_glass":75,"minecraft:iron_bars":100,"minecraft:brain_coral_fan":12,"minecraft:red_concrete":45,"minecraft:stripped_warped_stem":72,"minecraft:sandstone_wall":44,"minecraft:netherrack":23407,"minecraft:orange_bed":3,"minecraft:light_gray_shulker_box":280,"minecraft:anvil":277,"minecraft:target":185,"minecraft:crimson_hyphae":1023,"minecraft:slime_block":138,"minecraft:smooth_quartz":522,"minecraft:melon_seeds":8,"minecraft:tripwire_hook":14,"minecraft:glowstone":268,"minecraft:iron_trapdoor":88,"minecraft:crimson_pressure_plate":24,"minecraft:observer":684,"minecraft:light_blue_glazed_terracotta":4,"minecraft:sandstone_stairs":6,"minecraft:yellow_shulker_box":175,"minecraft:bubble_coral_fan":8,"minecraft:cartography_table":39,"minecraft:smooth_sandstone_slab":2848,"minecraft:fletching_table":14,"minecraft:salmon":9,"minecraft:orange_carpet":3,"minecraft:vine":22,"minecraft:oak_slab":759,"minecraft:cod":11,"minecraft:dark_prismarine":599,"minecraft:oxeye_daisy":102,"minecraft:stripped_jungle_log":17,"minecraft:crimson_nylium":293,"minecraft:red_concrete_powder":1202,"minecraft:sandstone_slab":86,"minecraft:glass_pane":76,"minecraft:kelp":13,"minecraft:brown_mushroom_block":6535,"minecraft:jukebox":7,"minecraft:iron_shovel":4460,"minecraft:diamond_hoe":41875,"minecraft:oak_sign":385,"minecraft:bell":22,"minecraft:cyan_wool":92,"minecraft:milk_bucket":3,"minecraft:red_sandstone_stairs":8,"minecraft:cyan_terracotta":1875,"minecraft:gray_concrete_powder":807,"minecraft:crimson_roots":7,"minecraft:repeater":2263,"minecraft:warped_fungus":1385,"minecraft:hay_block":31,"minecraft:beetroot_seeds":966,"minecraft:polished_diorite_stairs":24,"minecraft:fire_coral_fan":16,"minecraft:dark_oak_stairs":535,"minecraft:birch_leaves":144,"minecraft:dark_oak_sign":69,"minecraft:birch_wood":251,"minecraft:ender_pearl":1895,"minecraft:redstone_block":227,"minecraft:loom":90,"minecraft:black_banner":17,"minecraft:note_block":1156,"minecraft:stone_brick_wall":2,"minecraft:redstone_torch":753,"minecraft:gray_shulker_box":477,"minecraft:melon_slice":52,"minecraft:birch_fence_gate":33,"minecraft:light_gray_concrete":110,"minecraft:heavy_weighted_pressure_plate":15,"minecraft:cyan_bed":987,"minecraft:brown_stained_glass":795,"minecraft:string":175,"minecraft:jungle_sign":51,"minecraft:white_concrete":149,"minecraft:tropical_fish_bucket":13,"minecraft:cobweb":29,"minecraft:experience_bottle":3,"minecraft:oak_fence":332,"minecraft:purpur_block":27,"minecraft:redstone_ore":2505,"minecraft:tropical_fish":1,"minecraft:light_blue_terracotta":215,"minecraft:spruce_planks":2941,"minecraft:oak_door":6,"minecraft:white_carpet":37,"minecraft:pink_carpet":1,"minecraft:light_blue_stained_glass":928,"minecraft:stone_brick_slab":134,"minecraft:bookshelf":5977,"minecraft:yellow_stained_glass":6,"minecraft:acacia_slab":36,"minecraft:polished_blackstone_brick_stairs":838,"minecraft:light_gray_wool":41,"minecraft:golden_carrot":5951,"minecraft:emerald_block":2061,"minecraft:horn_coral_block":9,"minecraft:brain_coral_block":36,"minecraft:cooked_mutton":46,"minecraft:iron_ore":27,"minecraft:glass_bottle":336,"minecraft:andesite_slab":33,"minecraft:beacon":89,"minecraft:stonecutter":85,"minecraft:red_glazed_terracotta":132,"minecraft:polished_blackstone_pressure_plate":28,"minecraft:terracotta":171,"minecraft:stripped_dark_oak_log":905,"minecraft:dead_fire_coral_block":1,"minecraft:painting":194,"minecraft:acacia_stairs":129,"minecraft:apple":52,"minecraft:cracked_polished_blackstone_bricks":19,"minecraft:netherite_axe":47141,"minecraft:fishing_rod":233,"minecraft:green_shulker_box":237,"minecraft:white_banner":42,"minecraft:jungle_door":2,"minecraft:bucket":4974,"minecraft:purple_carpet":3,"minecraft:smooth_stone":61,"minecraft:writable_book":230,"minecraft:polished_granite_stairs":8,"minecraft:smooth_quartz_slab":92,"minecraft:red_sandstone_slab":1,"minecraft:dispenser":315,"minecraft:poppy":24,"minecraft:soul_sand":1569,"minecraft:cocoa_beans":3805,"minecraft:snowball":375,"minecraft:weeping_vines":214,"minecraft:spruce_boat":15,"minecraft:jungle_sapling":4,"minecraft:lava_bucket":222,"minecraft:lime_banner":4,"minecraft:music_disc_ward":1,"minecraft:dark_oak_slab":1304,"minecraft:diorite_wall":4,"minecraft:bow":3004,"minecraft:cooked_cod":22,"minecraft:oak_sapling":649,"minecraft:dark_prismarine_stairs":105,"minecraft:chorus_fruit":130,"minecraft:prismarine":1771,"minecraft:cactus":79,"minecraft:wooden_pickaxe":3,"minecraft:clay":19,"minecraft:cut_sandstone_slab":62,"minecraft:blast_furnace":37,"minecraft:acacia_leaves":1,"minecraft:chiseled_quartz_block":108,"minecraft:cut_red_sandstone":33,"minecraft:nether_wart_block":1277,"minecraft:birch_log":156,"minecraft:oak_boat":76,"minecraft:orange_concrete":1489,"minecraft:dead_bush":91,"minecraft:carved_pumpkin":32,"minecraft:polished_blackstone_wall":48,"minecraft:torch":22816,"minecraft:cod_bucket":11,"minecraft:golden_shovel":26,"minecraft:fern":47,"minecraft:chipped_anvil":13,"minecraft:barrel":694,"minecraft:warped_stairs":89,"minecraft:magenta_terracotta":209,"minecraft:trapped_chest":6,"minecraft:tube_coral_block":69,"minecraft:cauldron":14,"minecraft:gold_ore":3,"minecraft:diamond_block":293,"minecraft:crimson_trapdoor":450,"minecraft:white_bed":105,"minecraft:mushroom_stem":263,"minecraft:diamond_pickaxe":352797,"minecraft:acacia_sign":2,"minecraft:diamond_shovel":146306,"minecraft:spruce_trapdoor":1995,"minecraft:magenta_concrete_powder":129,"minecraft:potion":220,"minecraft:purple_bed":80,"minecraft:cooked_porkchop":125,"minecraft:andesite_stairs":7,"minecraft:stripped_oak_log":71,"minecraft:red_sand":654,"minecraft:light_gray_stained_glass_pane":12,"minecraft:melon":644,"minecraft:bone_block":142,"minecraft:nether_wart":5002,"minecraft:grass":164,"minecraft:stripped_crimson_stem":18,"minecraft:spruce_leaves":250,"minecraft:soul_campfire":34,"minecraft:obsidian":472,"minecraft:green_wool":68,"minecraft:polished_blackstone_brick_wall":161,"minecraft:item_frame":268,"minecraft:birch_button":5,"minecraft:birch_trapdoor":148,"minecraft:gold_block":161,"minecraft:skeleton_skull":1,"minecraft:pink_concrete_powder":128,"minecraft:dark_oak_sapling":1498,"minecraft:tube_coral_fan":17,"minecraft:dropper":541,"minecraft:wither_skeleton_skull":30,"minecraft:jungle_fence":278,"minecraft:oak_planks":368,"minecraft:prismarine_stairs":13,"minecraft:white_wool":216,"minecraft:crossbow":506,"minecraft:sticky_piston":1032,"minecraft:lever":217,"minecraft:bread":157,"minecraft:brown_wool":26,"minecraft:warped_slab":621,"minecraft:cooked_rabbit":8,"minecraft:chain":187,"minecraft:orange_concrete_powder":2186,"minecraft:netherite_sword":12483,"minecraft:brown_shulker_box":99,"minecraft:stripped_birch_wood":55,"minecraft:cooked_chicken":13,"minecraft:red_nether_brick_slab":12,"minecraft:warped_pressure_plate":7,"minecraft:light_gray_stained_glass":3288,"minecraft:smooth_sandstone":4934,"minecraft:soul_soil":2336,"minecraft:minecart":103,"minecraft:netherite_pickaxe":587505,"minecraft:cooked_beef":879,"minecraft:turtle_egg":21,"minecraft:pumpkin":1955,"minecraft:quartz_bricks":25,"minecraft:pink_glazed_terracotta":29,"minecraft:lodestone":3,"minecraft:snow_block":2313,"minecraft:baked_potato":307,"minecraft:red_nether_bricks":19,"minecraft:cut_sandstone":80,"minecraft:music_disc_cat":3,"minecraft:dark_prismarine_slab":605,"minecraft:magenta_bed":3,"minecraft:brown_glazed_terracotta":8,"minecraft:cyan_stained_glass":1580,"minecraft:gray_terracotta":443,"minecraft:piston":795,"minecraft:flower_pot":251,"minecraft:chicken":1,"minecraft:detector_rail":19,"minecraft:jungle_stairs":253,"minecraft:magenta_concrete":1,"minecraft:crimson_fungus":27,"minecraft:end_crystal":6,"minecraft:pumpkin_pie":9,"minecraft:wither_rose":3427,"minecraft:sea_pickle":169,"minecraft:peony":8,"minecraft:nether_brick_fence":3,"minecraft:spruce_slab":4224,"minecraft:polished_blackstone":348,"minecraft:ladder":246,"minecraft:green_banner":2,"minecraft:brown_concrete":95,"minecraft:brick_slab":1026,"minecraft:orange_wool":5,"minecraft:acacia_sapling":607,"minecraft:netherite_shovel":84711,"minecraft:warped_hyphae":45,"minecraft:grass_block":8400,"minecraft:red_stained_glass_pane":1,"minecraft:dark_oak_boat":2,"minecraft:egg":29,"minecraft:potato":407,"minecraft:brown_concrete_powder":857,"minecraft:magenta_shulker_box":102,"minecraft:light_blue_carpet":4,"minecraft:diorite":771,"minecraft:end_stone_bricks":2,"minecraft:brick_wall":247,"minecraft:stripped_birch_log":42,"minecraft:red_stained_glass":5,"minecraft:lime_concrete_powder":251,"minecraft:jungle_pressure_plate":4,"minecraft:oak_leaves":1646,"minecraft:smooth_quartz_stairs":35,"minecraft:respawn_anchor":127,"minecraft:purpur_stairs":1,"minecraft:sand":3990,"minecraft:smooth_red_sandstone":14,"minecraft:blue_ice":248,"minecraft:black_concrete_powder":798,"minecraft:cyan_carpet":281,"minecraft:stone_button":97,"minecraft:red_terracotta":3751,"minecraft:polished_granite":130,"minecraft:diamond_ore":325,"minecraft:lilac":24,"minecraft:soul_lantern":41,"minecraft:fire_charge":7,"minecraft:stone_sword":1,"minecraft:acacia_log":1896,"minecraft:mycelium":2086,"minecraft:warped_wart_block":3937,"minecraft:chorus_flower":7,"minecraft:twisting_vines":22,"minecraft:stone_stairs":1,"minecraft:nether_brick_slab":7043,"minecraft:jungle_trapdoor":300,"minecraft:blue_concrete":3,"minecraft:nether_brick_stairs":1044,"minecraft:polished_diorite":923,"minecraft:shroomlight":884,"minecraft:red_shulker_box":995,"minecraft:cyan_shulker_box":278,"minecraft:iron_axe":529,"minecraft:spruce_button":181,"minecraft:brick_stairs":473,"minecraft:warped_fence":37,"minecraft:totem_of_undying":4,"minecraft:prismarine_slab":130,"minecraft:magenta_wool":1,"minecraft:acacia_wood":308,"minecraft:orange_terracotta":309,"minecraft:crimson_stem":538,"minecraft:water_bucket":3981,"minecraft:nether_brick_wall":793,"minecraft:lime_wool":17,"minecraft:red_mushroom_block":717,"minecraft:cracked_stone_bricks":20,"minecraft:polished_blackstone_bricks":1012,"minecraft:mossy_cobblestone":1,"minecraft:lime_terracotta":72,"minecraft:comparator":506,"minecraft:tnt":6537,"minecraft:crafting_table":389,"minecraft:birch_sign":65,"minecraft:lime_shulker_box":412,"minecraft:cake":2,"minecraft:oak_log":851,"minecraft:ender_eye":3,"minecraft:cornflower":14,"minecraft:sunflower":8,"minecraft:iron_pickaxe":2288,"minecraft:cyan_concrete":2,"minecraft:crimson_sign":15,"minecraft:chiseled_stone_bricks":5,"minecraft:cobblestone":2619,"minecraft:light_blue_stained_glass_pane":457,"minecraft:white_concrete_powder":581,"minecraft:shield":498,"minecraft:white_terracotta":8012,"minecraft:iron_sword":119,"minecraft:purple_shulker_box":212,"minecraft:player_head":48,"minecraft:smooth_sandstone_stairs":474,"minecraft:nether_bricks":900,"minecraft:carrot":323,"minecraft:glass":434,"minecraft:coal_ore":591,"minecraft:quartz_slab":942,"minecraft:dark_oak_wood":479,"minecraft:hopper_minecart":37,"minecraft:stone_bricks":3212,"minecraft:honeycomb_block":291,"minecraft:redstone_lamp":186,"minecraft:red_carpet":4,"minecraft:brown_carpet":68,"minecraft:magma_block":3573,"minecraft:scaffolding":7245,"minecraft:polished_blackstone_stairs":266,"minecraft:stripped_spruce_wood":10,"minecraft:chiseled_polished_blackstone":170,"minecraft:blue_bed":657,"minecraft:yellow_terracotta":205,"minecraft:light_gray_terracotta":5861,"minecraft:sponge":1327,"minecraft:blackstone_wall":2,"minecraft:shears":19183,"minecraft:green_concrete":22,"minecraft:black_concrete":24,"minecraft:firework_rocket":309,"minecraft:lime_carpet":38,"minecraft:gravel":4700,"minecraft:blackstone_slab":436,"minecraft:stripped_oak_wood":26,"minecraft:grindstone":28,"minecraft:crimson_door":6,"minecraft:andesite":667,"minecraft:warped_button":6,"minecraft:jungle_leaves":2033,"minecraft:trident":1029,"minecraft:wooden_shovel":23,"minecraft:hopper":3103,"minecraft:spruce_stairs":1639,"minecraft:cobblestone_wall":2,"minecraft:warped_door":1,"minecraft:shulker_box":5559,"minecraft:oak_wood":327,"minecraft:granite":884,"minecraft:birch_door":13,"minecraft:purple_stained_glass_pane":2,"minecraft:dark_oak_planks":477,"minecraft:red_tulip":4,"minecraft:crimson_planks":1156,"minecraft:stone_pressure_plate":69,"minecraft:brown_bed":54,"minecraft:pink_tulip":184,"minecraft:polished_andesite":2826,"minecraft:blue_wool":4,"minecraft:black_shulker_box":664,"minecraft:magenta_stained_glass":7,"minecraft:cobblestone_slab":3,"minecraft:jungle_wood":110,"minecraft:lime_bed":2,"minecraft:yellow_stained_glass_pane":255,"minecraft:light_gray_concrete_powder":1383,"minecraft:smooth_red_sandstone_stairs":1,"minecraft:nether_gold_ore":24,"minecraft:purple_stained_glass":302,"minecraft:map":5,"minecraft:yellow_bed":3,"minecraft:polished_blackstone_button":6,"minecraft:splash_potion":147},"minecraft:crafted":{"minecraft:green_banner":2,"minecraft:red_sand":24,"minecraft:birch_boat":1,"minecraft:chain":720,"minecraft:brick_wall":46,"minecraft:diamond_shovel":13,"minecraft:nether_brick":1989,"minecraft:cracked_stone_bricks":653,"minecraft:shulker_box":495,"minecraft:magenta_concrete_powder":896,"minecraft:light_blue_concrete_powder":1824,"minecraft:tipped_arrow":375,"minecraft:black_wool":8,"minecraft:bubble_coral_block":8,"minecraft:gray_stained_glass":896,"minecraft:lime_concrete_powder":1280,"minecraft:pink_stained_glass":1048,"minecraft:warped_stairs":96,"minecraft:blue_stained_glass":832,"minecraft:redstone_lamp":962,"minecraft:soul_campfire":385,"minecraft:polished_andesite_stairs":49,"minecraft:jungle_boat":8,"minecraft:acacia_slab":84,"minecraft:smooth_red_sandstone_stairs":1,"minecraft:nether_brick_fence":36,"minecraft:sticky_piston":1494,"minecraft:fletching_table":477,"minecraft:red_nether_bricks":3414,"minecraft:green_stained_glass":896,"minecraft:painting":66,"minecraft:cartography_table":733,"minecraft:wooden_hoe":3,"minecraft:stone_slab":1306,"minecraft:netherite_ingot":31,"minecraft:orange_shulker_box":5,"minecraft:crimson_trapdoor":924,"minecraft:soul_torch":1468,"minecraft:polished_blackstone_pressure_plate":23,"minecraft:spruce_fence":813,"minecraft:spruce_stairs":1504,"minecraft:lead":28,"minecraft:light_blue_glazed_terracotta":6,"minecraft:crimson_slab":484,"minecraft:acacia_trapdoor":1328,"minecraft:light_blue_wool":3,"minecraft:acacia_stairs":152,"minecraft:red_carpet":771,"minecraft:enchanted_book":1735,"minecraft:orange_dye":2625,"minecraft:magenta_glazed_terracotta":768,"minecraft:red_stained_glass":1024,"minecraft:soul_lantern":714,"minecraft:warped_sign":42,"minecraft:black_glazed_terracotta":768,"minecraft:birch_trapdoor":906,"minecraft:writable_book":20,"minecraft:iron_shovel":13,"minecraft:armor_stand":52,"minecraft:barrel":1200,"minecraft:quartz_bricks":64,"minecraft:cooked_chicken":12,"minecraft:snow":870,"minecraft:nether_brick_wall":210,"minecraft:chest":5295,"minecraft:oak_button":3,"minecraft:jungle_stairs":316,"minecraft:blue_concrete_powder":1024,"minecraft:stone_bricks":4416,"minecraft:respawn_anchor":370,"minecraft:golden_boots":1,"minecraft:sea_lantern":3,"minecraft:magma_block":385,"minecraft:white_banner":62,"minecraft:cauldron":658,"minecraft:lime_terracotta":836,"minecraft:brown_dye":3411,"minecraft:acacia_button":6,"minecraft:warped_door":3,"minecraft:dispenser":838,"minecraft:apple":212,"minecraft:tnt":12750,"minecraft:purple_dye":5868,"minecraft:yellow_dye":3311,"minecraft:stick":62132,"minecraft:cyan_carpet":903,"minecraft:stone_brick_wall":54,"minecraft:fishing_rod":34,"minecraft:beehive":1160,"minecraft:spruce_button":117,"minecraft:mossy_stone_bricks":244,"minecraft:blast_furnace":663,"minecraft:piston":2850,"minecraft:oak_trapdoor":1162,"minecraft:scaffolding":1549,"minecraft:white_concrete_powder":1312,"minecraft:cobblestone_wall":6,"minecraft:smooth_quartz_slab":62,"minecraft:red_sandstone_stairs":7,"minecraft:glistering_melon_slice":1615,"minecraft:smooth_sandstone_stairs":13,"minecraft:light_blue_stained_glass_pane":464,"minecraft:iron_trapdoor":95,"minecraft:iron_sword":1,"minecraft:black_banner":36,"minecraft:brown_concrete_powder":1664,"minecraft:black_carpet":672,"minecraft:stonecutter":770,"minecraft:prismarine_stairs":2,"minecraft:torch":21696,"minecraft:magenta_carpet":93,"minecraft:diamond_chestplate":2,"minecraft:ender_chest":67,"minecraft:jungle_button":23,"minecraft:light_gray_concrete_powder":2208,"minecraft:smooth_stone":39489,"minecraft:chiseled_red_sandstone":30,"minecraft:pink_bed":1,"minecraft:oak_pressure_plate":8,"minecraft:slime_block":1562,"minecraft:polished_blackstone_slab":90,"minecraft:lever":176,"minecraft:bookshelf":9031,"minecraft:cooked_mutton":34,"minecraft:magenta_shulker_box":5,"minecraft:quartz_block":17952,"minecraft:glass":84151,"minecraft:light_blue_terracotta":1016,"minecraft:birch_fence_gate":25,"minecraft:acacia_fence":72,"minecraft:birch_door":6,"minecraft:chiseled_quartz_block":35,"minecraft:glass_bottle":15928,"minecraft:target":841,"minecraft:smooth_quartz":1173,"minecraft:cooked_porkchop":1,"minecraft:diamond_axe":32,"minecraft:spruce_door":24,"minecraft:oak_wood":1035,"minecraft:lime_bed":2,"minecraft:lime_shulker_box":61,"minecraft:compass":205,"minecraft:light_blue_bed":4,"minecraft:white_terracotta":6703,"minecraft:gold_ingot":44858,"minecraft:light_gray_dye":2534,"minecraft:birch_stairs":40,"minecraft:packed_ice":76,"minecraft:prismarine":9,"minecraft:leather_leggings":73,"minecraft:player_head":1063,"minecraft:yellow_bed":2,"minecraft:white_carpet":708,"minecraft:warped_trapdoor":702,"minecraft:netherite_axe":1,"minecraft:dark_oak_fence":165,"minecraft:yellow_glazed_terracotta":768,"minecraft:spruce_slab":12846,"minecraft:diamond_boots":87,"minecraft:red_glazed_terracotta":860,"minecraft:cracked_nether_bricks":665,"minecraft:redstone_block":5148,"minecraft:dark_oak_planks":4752,"minecraft:wheat":810,"minecraft:coal_block":9617,"minecraft:daylight_detector":824,"minecraft:polished_blackstone_brick_slab":90,"minecraft:red_sandstone_slab":62,"minecraft:red_bed":1,"minecraft:blue_bed":3,"minecraft:sandstone_slab":132,"minecraft:glowstone":10135,"minecraft:jungle_slab":5916,"minecraft:sandstone_wall":3,"minecraft:golden_apple":151,"minecraft:oak_stairs":164,"minecraft:warped_pressure_plate":7,"minecraft:pink_shulker_box":3,"minecraft:sand":8,"minecraft:spruce_pressure_plate":42,"minecraft:suspicious_stew":4,"minecraft:iron_boots":2,"minecraft:blackstone_wall":84,"minecraft:stone_hoe":113,"minecraft:honeycomb_block":2496,"minecraft:smoker":752,"minecraft:acacia_wood":609,"minecraft:spruce_planks":107571,"minecraft:brown_stained_glass_pane":152,"minecraft:baked_potato":367,"minecraft:hopper_minecart":57,"minecraft:crimson_pressure_plate":17,"minecraft:pumpkin_seeds":128,"minecraft:brown_glazed_terracotta":132,"minecraft:diamond_pickaxe":42,"minecraft:paper":13578,"minecraft:dark_oak_slab":1104,"minecraft:book":632,"minecraft:charcoal":1,"minecraft:emerald_block":2169,"minecraft:birch_fence":132,"minecraft:light_blue_dye":2939,"minecraft:leather_chestplate":76,"minecraft:snow_block":17101,"minecraft:green_shulker_box":4,"minecraft:redstone_torch":9434,"minecraft:light_gray_carpet":795,"minecraft:light_gray_stained_glass_pane":16456,"minecraft:crimson_hyphae":1509,"minecraft:coarse_dirt":4756,"minecraft:wooden_sword":175,"minecraft:cookie":1338,"minecraft:redstone":45742,"minecraft:coal":19712,"minecraft:light_gray_stained_glass":10000,"minecraft:dark_oak_trapdoor":894,"minecraft:jungle_trapdoor":1020,"minecraft:gray_dye":1520,"minecraft:dark_oak_sign":69,"minecraft:end_stone_bricks":148,"minecraft:blue_ice":6848,"minecraft:yellow_shulker_box":4,"minecraft:green_concrete_powder":2320,"minecraft:iron_axe":2,"minecraft:slime_ball":1566,"minecraft:lime_dye":1576,"minecraft:filled_map":19,"minecraft:chiseled_sandstone":63,"minecraft:blue_glazed_terracotta":768,"minecraft:minecart":67,"minecraft:cooked_beef":1479,"minecraft:sugar":130,"minecraft:red_dye":6926,"minecraft:bone_block":52533,"minecraft:spruce_sign":180,"minecraft:pink_concrete_powder":896,"minecraft:powered_rail":2298,"minecraft:yellow_carpet":120,"minecraft:bowl":60,"minecraft:bucket":220,"minecraft:lodestone":3,"minecraft:brown_terracotta":7880,"minecraft:air":0,"minecraft:bread":1534,"minecraft:black_stained_glass":896,"minecraft:blue_dye":6184,"minecraft:oak_boat":2,"minecraft:smooth_sandstone_slab":1964,"minecraft:white_wool":240,"minecraft:gold_nugget":459,"minecraft:brown_wool":3,"minecraft:dark_prismarine_slab":156,"minecraft:nether_wart_block":1,"minecraft:pumpkin_pie":364,"minecraft:end_crystal":40,"minecraft:purple_concrete_powder":856,"minecraft:lapis_lazuli":3243,"minecraft:clay":43,"minecraft:trapped_chest":6,"minecraft:firework_rocket":29283,"minecraft:lime_stained_glass":888,"minecraft:red_stained_glass_pane":16,"minecraft:black_dye":1985,"minecraft:oak_sign":375,"minecraft:blaze_powder":724,"minecraft:gray_wool":48,"minecraft:diamond_helmet":9,"minecraft:beacon":89,"minecraft:stone_pressure_plate":177,"minecraft:iron_door":9,"minecraft:dried_kelp_block":581,"minecraft:gray_stained_glass_pane":160,"minecraft:name_tag":761,"minecraft:white_shulker_box":14,"minecraft:jungle_pressure_plate":3,"minecraft:lime_banner":4,"minecraft:smithing_table":674,"minecraft:mossy_cobblestone":236,"minecraft:brown_bed":1,"minecraft:lectern":677,"minecraft:iron_pickaxe":13,"minecraft:sandstone":5,"minecraft:composter":950,"minecraft:jungle_sign":51,"minecraft:golden_carrot":13018,"minecraft:jukebox":3,"minecraft:iron_nugget":7779,"minecraft:experience_bottle":3017,"minecraft:diamond_hoe":17,"minecraft:jack_o_lantern":838,"minecraft:blue_shulker_box":1,"minecraft:stone_stairs":4,"minecraft:lantern":1052,"minecraft:light_gray_shulker_box":86,"minecraft:polished_diorite":8664,"minecraft:black_concrete_powder":1584,"minecraft:red_shulker_box":17,"minecraft:stone_pickaxe":1,"minecraft:quartz_slab":780,"minecraft:spruce_boat":18,"minecraft:purple_carpet":3,"minecraft:brick_slab":434,"minecraft:light_gray_terracotta":2360,"minecraft:enchanting_table":4,"minecraft:cyan_bed":56,"minecraft:yellow_stained_glass_pane":256,"minecraft:leather_helmet":523,"minecraft:polished_blackstone_stairs":7,"minecraft:light_blue_carpet":132,"minecraft:crimson_stairs":332,"minecraft:fermented_spider_eye":50,"minecraft:black_stained_glass_pane":16,"minecraft:note_block":1417,"minecraft:pink_terracotta":1792,"minecraft:grindstone":766,"minecraft:birch_wood":1029,"minecraft:crimson_sign":12,"minecraft:red_sandstone":1956,"minecraft:pink_carpet":3,"minecraft:heavy_weighted_pressure_plate":18,"minecraft:quartz_pillar":526,"minecraft:warped_planks":2908,"minecraft:brown_carpet":792,"minecraft:polished_blackstone_button":6,"minecraft:stone_brick_slab":12,"minecraft:brown_stained_glass":1656,"minecraft:orange_stained_glass_pane":112,"minecraft:bow":855,"minecraft:comparator":1165,"minecraft:polished_basalt":1968,"minecraft:yellow_terracotta":196,"minecraft:cod_bucket":1283,"minecraft:rail":832,"minecraft:bricks":15930,"minecraft:birch_button":7,"minecraft:red_nether_brick_slab":2,"minecraft:ender_eye":117,"minecraft:oak_fence":234,"minecraft:polished_diorite_slab":6,"minecraft:dropper":2234,"minecraft:arrow":664,"minecraft:iron_helmet":3,"minecraft:yellow_stained_glass":1016,"minecraft:creeper_banner_pattern":1,"minecraft:spruce_trapdoor":2488,"minecraft:pink_wool":3,"minecraft:warped_fence_gate":4,"minecraft:gray_terracotta":1524,"minecraft:iron_ingot":43794,"minecraft:light_blue_shulker_box":72,"minecraft:light_blue_stained_glass":1480,"minecraft:lime_carpet":294,"minecraft:polished_diorite_stairs":24,"minecraft:blue_terracotta":2304,"minecraft:nether_brick_slab":282,"minecraft:tripwire_hook":864,"minecraft:leather_boots":62,"minecraft:furnace":2287,"minecraft:crimson_button":11,"minecraft:polished_andesite_slab":686,"minecraft:smooth_quartz_stairs":32,"minecraft:flint_and_steel":39,"minecraft:orange_terracotta":56,"minecraft:brown_shulker_box":8,"minecraft:honey_block":1959,"minecraft:purpur_block":256,"minecraft:birch_sign":228,"minecraft:purple_terracotta":1940,"minecraft:jungle_wood":1011,"minecraft:purple_stained_glass":1144,"minecraft:polished_blackstone_wall":3,"minecraft:purple_shulker_box":5,"minecraft:cooked_salmon":82,"minecraft:jungle_planks":38963,"minecraft:jungle_door":6,"minecraft:white_dye":3641,"minecraft:crimson_door":6,"minecraft:anvil":804,"minecraft:cut_red_sandstone":32,"minecraft:orange_bed":3,"minecraft:cut_sandstone":672,"minecraft:orange_stained_glass":4024,"minecraft:dark_oak_wood":801,"minecraft:birch_slab":162,"minecraft:horn_coral_block":8,"minecraft:loom":723,"minecraft:iron_bars":144,"minecraft:red_concrete_powder":2048,"minecraft:repeater":2327,"minecraft:diamond_leggings":6,"minecraft:cyan_stained_glass_pane":16,"minecraft:melon_seeds":77,"minecraft:polished_blackstone":204,"minecraft:stripped_dark_oak_wood":9,"minecraft:magenta_dye":1774,"minecraft:cooked_rabbit":2,"minecraft:flower_pot":788,"minecraft:wooden_shovel":1,"minecraft:emerald":113144,"minecraft:clock":25,"minecraft:hay_block":1677,"minecraft:campfire":729,"minecraft:green_terracotta":832,"minecraft:iron_block":930,"minecraft:fire_charge":66,"minecraft:spruce_fence_gate":1170,"minecraft:yellow_concrete_powder":1040,"minecraft:smooth_stone_slab":114,"minecraft:crimson_fence_gate":4,"minecraft:red_terracotta":2704,"minecraft:bone_meal":1017720,"minecraft:cyan_stained_glass":2064,"minecraft:pink_dye":1270,"minecraft:diamond":1931,"minecraft:detector_rail":606,"minecraft:ladder":1521,"minecraft:jungle_fence":309,"minecraft:firework_star":176,"minecraft:purple_stained_glass_pane":16,"minecraft:crossbow":100,"minecraft:dried_kelp":5259,"minecraft:magenta_stained_glass":640,"minecraft:gray_concrete_powder":1608,"minecraft:polished_granite":9564,"minecraft:conduit":1,"minecraft:white_stained_glass":704,"minecraft:acacia_sign":12,"minecraft:cyan_shulker_box":47,"minecraft:gray_shulker_box":46,"minecraft:wooden_axe":1,"minecraft:crimson_fence":78,"minecraft:iron_leggings":14,"minecraft:white_bed":4,"minecraft:nether_brick_stairs":16,"minecraft:brick":66028,"minecraft:oak_planks":5636,"minecraft:dark_oak_boat":2,"minecraft:purple_glazed_terracotta":128,"minecraft:warped_hyphae":381,"minecraft:green_dye":1624,"minecraft:hopper":2854,"minecraft:cyan_terracotta":2360,"minecraft:chiseled_stone_bricks":808,"minecraft:smooth_red_sandstone":444,"minecraft:oak_slab":696,"minecraft:item_frame":853,"minecraft:map":13,"minecraft:crafting_table":261,"minecraft:wooden_pickaxe":2,"minecraft:gold_block":854,"minecraft:birch_planks":3760,"minecraft:brewing_stand":843,"minecraft:black_shulker_box":5,"minecraft:iron_chestplate":14,"minecraft:shield":92,"minecraft:warped_slab":604,"minecraft:stone_sword":4,"minecraft:polished_blackstone_brick_stairs":80,"minecraft:gray_carpet":1080,"minecraft:sponge":811,"minecraft:shears":319,"minecraft:green_carpet":804,"minecraft:polished_andesite":14464,"minecraft:gray_glazed_terracotta":768,"minecraft:popped_chorus_fruit":256,"minecraft:stone_button":68,"minecraft:diamond_block":378,"minecraft:glass_pane":608,"minecraft:warped_fence":69,"minecraft:black_terracotta":2504,"minecraft:spruce_wood":813,"minecraft:orange_concrete_powder":3016,"minecraft:warped_button":6,"minecraft:pink_glazed_terracotta":832,"minecraft:gray_banner":11,"minecraft:netherite_scrap":127,"minecraft:observer":1246,"minecraft:cooked_cod":2,"minecraft:cyan_concrete_powder":768,"minecraft:crimson_planks":4776,"minecraft:magenta_bed":1,"minecraft:diamond_sword":10,"minecraft:cyan_dye":1030,"minecraft:dark_oak_stairs":464,"minecraft:bell":781,"minecraft:smooth_sandstone":9295,"minecraft:nether_bricks":2429,"minecraft:stone_axe":10,"minecraft:magenta_terracotta":1848,"minecraft:acacia_planks":4818,"minecraft:lapis_block":805},"minecraft:dropped":{"minecraft:respawn_anchor":3,"minecraft:lapis_lazuli":130,"minecraft:diamond":308,"minecraft:lime_stained_glass":7,"minecraft:crafting_table":61,"minecraft:lime_concrete_powder":3,"minecraft:cooked_porkchop":37,"minecraft:red_sandstone":3,"minecraft:warped_roots":53,"minecraft:cracked_stone_bricks":4,"minecraft:quartz_pillar":3,"minecraft:red_mushroom":24,"minecraft:emerald":1880,"minecraft:gray_concrete":217,"minecraft:birch_fence":11,"minecraft:dark_oak_fence":2,"minecraft:netherite_boots":4,"minecraft:gold_nugget":147,"minecraft:sand":314,"minecraft:purple_wool":3,"minecraft:dark_oak_planks":31,"minecraft:fishing_rod":78,"minecraft:stone_axe":10,"minecraft:compass":250,"minecraft:lever":71,"minecraft:cooked_chicken":1,"minecraft:gray_banner":1,"minecraft:black_carpet":3,"minecraft:wheat":11,"minecraft:netherite_sword":3,"minecraft:rotten_flesh":4040,"minecraft:grindstone":3,"minecraft:birch_wood":3,"minecraft:warped_sign":16,"minecraft:azure_bluet":6,"minecraft:warped_planks":10,"minecraft:red_mushroom_block":1,"minecraft:sea_lantern":9,"minecraft:coal_ore":115,"minecraft:quartz_block":1796,"minecraft:jungle_log":218,"minecraft:leather_boots":15,"minecraft:acacia_sapling":7,"minecraft:leather_leggings":11,"minecraft:beef":5,"minecraft:podzol":6,"minecraft:warped_wart_block":980,"minecraft:purple_stained_glass_pane":14,"minecraft:granite_wall":1,"minecraft:acacia_fence":1,"minecraft:brown_concrete":4,"minecraft:golden_boots":19,"minecraft:black_dye":3,"minecraft:wheat_seeds":1715,"minecraft:clock":19,"minecraft:light_gray_stained_glass_pane":129,"minecraft:prismarine_crystals":161,"minecraft:book":240,"minecraft:yellow_carpet":1,"minecraft:coal_block":8,"minecraft:mushroom_stew":3,"minecraft:cobweb":1,"minecraft:stripped_crimson_stem":1,"minecraft:gray_wool":21,"minecraft:ink_sac":462,"minecraft:cooked_salmon":3,"minecraft:lapis_ore":130,"minecraft:stripped_birch_log":1,"minecraft:oak_stairs":16,"minecraft:pumpkin":75,"minecraft:white_banner":1,"minecraft:red_dye":1,"minecraft:smooth_stone":377,"minecraft:chainmail_leggings":6,"minecraft:smooth_sandstone":55,"minecraft:lily_pad":2,"minecraft:acacia_planks":44,"minecraft:bricks":1241,"minecraft:player_head":56,"minecraft:orange_concrete":17,"minecraft:experience_bottle":395,"minecraft:white_carpet":3,"minecraft:name_tag":125,"minecraft:light_gray_concrete":9,"minecraft:white_terracotta":41,"minecraft:white_shulker_box":2,"minecraft:oak_sign":26,"minecraft:shears":56,"minecraft:diamond_sword":7,"minecraft:cyan_wool":6,"minecraft:brain_coral_block":1,"minecraft:peony":3,"minecraft:spruce_trapdoor":53,"minecraft:spruce_planks":603,"minecraft:diamond_pickaxe":22,"minecraft:light_blue_carpet":5,"minecraft:andesite_stairs":2,"minecraft:redstone_torch":43,"minecraft:bamboo":392,"minecraft:stone_bricks":146,"minecraft:sandstone":46,"minecraft:green_concrete_powder":3,"minecraft:crimson_hyphae":7,"minecraft:magma_block":307,"minecraft:brick_slab":19,"minecraft:cyan_bed":55,"minecraft:terracotta":74,"minecraft:daylight_detector":2,"minecraft:warped_fungus":14,"minecraft:oak_log":3,"minecraft:purple_glazed_terracotta":1,"minecraft:tube_coral_block":1,"minecraft:dark_oak_sapling":17,"minecraft:lime_terracotta":3,"minecraft:jungle_planks":255,"minecraft:red_wool":5,"minecraft:mossy_cobblestone_wall":1,"minecraft:polished_blackstone_brick_wall":3,"minecraft:black_banner":6,"minecraft:birch_slab":5,"minecraft:cod":754,"minecraft:dark_oak_log":274,"minecraft:packed_ice":1342,"minecraft:ice":1106,"minecraft:tube_coral":1,"minecraft:pink_glazed_terracotta":3,"minecraft:gold_ingot":325,"minecraft:red_glazed_terracotta":4,"minecraft:magenta_stained_glass":7,"minecraft:purpur_block":32,"minecraft:stripped_jungle_wood":1,"minecraft:twisting_vines":35,"minecraft:smooth_sandstone_stairs":20,"minecraft:soul_lantern":106,"minecraft:cooked_mutton":3,"minecraft:leather_chestplate":51,"minecraft:trident":3,"minecraft:oak_wood":20,"minecraft:dropper":28,"minecraft:beetroot_seeds":128,"minecraft:stone_brick_wall":55,"minecraft:cracked_nether_bricks":2,"minecraft:scaffolding":103,"minecraft:prismarine_wall":2,"minecraft:light_gray_concrete_powder":5,"minecraft:purple_carpet":3,"minecraft:stone_hoe":162,"minecraft:golden_helmet":11,"minecraft:lilac":6,"minecraft:netherite_axe":4,"minecraft:andesite_wall":2,"minecraft:tropical_fish":4,"minecraft:acacia_trapdoor":34,"minecraft:spruce_fence_gate":6,"minecraft:iron_block":260,"minecraft:repeater":64,"minecraft:light_gray_shulker_box":79,"minecraft:iron_door":1,"minecraft:fire_charge":5,"minecraft:jungle_door":4,"minecraft:crimson_sign":4,"minecraft:stonecutter":6,"minecraft:tripwire_hook":8,"minecraft:kelp":95,"minecraft:oak_trapdoor":38,"minecraft:lime_concrete":2,"minecraft:light_gray_terracotta":17,"minecraft:brown_stained_glass_pane":30,"minecraft:comparator":9,"minecraft:green_concrete":3,"minecraft:warped_door":2,"minecraft:shulker_box":83,"minecraft:gray_terracotta":51,"minecraft:oak_button":6,"minecraft:andesite":765,"minecraft:birch_sign":11,"minecraft:spruce_log":5329,"minecraft:magma_cream":17,"minecraft:light_blue_terracotta":5,"minecraft:brown_stained_glass":58,"minecraft:magenta_terracotta":3,"minecraft:acacia_wood":37,"minecraft:cooked_beef":448,"minecraft:orange_tulip":14,"minecraft:cookie":9,"minecraft:bubble_coral_fan":1,"minecraft:rail":61,"minecraft:leather_helmet":323,"minecraft:red_carpet":2,"minecraft:grass":4,"minecraft:jack_o_lantern":8,"minecraft:jungle_sapling":31,"minecraft:wooden_sword":160,"minecraft:bone_block":378,"minecraft:bone_meal":228,"minecraft:sunflower":3,"minecraft:polished_blackstone_slab":16,"minecraft:sugar":8,"minecraft:iron_pickaxe":16,"minecraft:cyan_carpet":11,"minecraft:end_crystal":3,"minecraft:bone":5616,"minecraft:green_wool":8,"minecraft:polished_blackstone_wall":8,"minecraft:emerald_block":89,"minecraft:golden_chestplate":16,"minecraft:nether_brick":69,"minecraft:birch_sapling":9,"minecraft:blue_wool":6,"minecraft:netherite_shovel":2,"minecraft:lime_dye":1,"minecraft:end_stone":11,"minecraft:light_gray_carpet":10,"minecraft:jungle_trapdoor":14,"minecraft:salmon":1,"minecraft:orange_stained_glass":8,"minecraft:black_glazed_terracotta":3,"minecraft:brick_stairs":88,"minecraft:charcoal":1,"minecraft:jungle_stairs":4,"minecraft:spruce_slab":239,"minecraft:ghast_tear":4,"minecraft:lectern":2,"minecraft:chiseled_nether_bricks":5,"minecraft:netherite_pickaxe":3,"minecraft:birch_leaves":6,"minecraft:polished_blackstone":32,"minecraft:iron_helmet":18,"minecraft:yellow_terracotta":6,"minecraft:purple_concrete":18,"minecraft:apple":66,"minecraft:spruce_button":99,"minecraft:purple_dye":100,"minecraft:spruce_door":28,"minecraft:chainmail_helmet":4,"minecraft:polished_andesite":2898,"minecraft:end_rod":8,"minecraft:jungle_slab":139,"minecraft:crimson_stairs":145,"minecraft:golden_carrot":887,"minecraft:wooden_hoe":3,"minecraft:yellow_glazed_terracotta":3,"minecraft:lime_carpet":12,"minecraft:dead_bush":2,"minecraft:brown_terracotta":9,"minecraft:string":381,"minecraft:paper":478,"minecraft:spruce_sapling":226,"minecraft:pink_tulip":2,"minecraft:furnace":3,"minecraft:brick_wall":19,"minecraft:redstone_ore":3,"minecraft:soul_torch":2,"minecraft:dark_oak_sign":1,"minecraft:cobblestone_wall":7,"minecraft:chicken":2,"minecraft:slime_block":79,"minecraft:magenta_concrete":1,"minecraft:light_blue_concrete":5,"minecraft:orange_wool":4,"minecraft:spruce_fence":36,"minecraft:pumpkin_seeds":227,"minecraft:purple_stained_glass":6,"minecraft:lily_of_the_valley":2,"minecraft:target":11,"minecraft:light_blue_dye":110,"minecraft:polished_granite_stairs":2,"minecraft:cobblestone_slab":3,"minecraft:stone":4920,"minecraft:shroomlight":149,"minecraft:allium":3,"minecraft:crimson_slab":68,"minecraft:blue_banner":2,"minecraft:light_gray_dye":3,"minecraft:magenta_concrete_powder":3,"minecraft:blue_orchid":83,"minecraft:red_tulip":5,"minecraft:bell":3,"minecraft:cyan_concrete_powder":3,"minecraft:quartz_slab":5,"minecraft:crimson_nylium":11,"minecraft:spruce_sign":38,"minecraft:warped_stem":592,"minecraft:brown_mushroom":14,"minecraft:diamond_axe":11,"minecraft:red_nether_brick_slab":1,"minecraft:sandstone_slab":7,"minecraft:lantern":280,"minecraft:tube_coral_fan":1,"minecraft:flint":222,"minecraft:crimson_trapdoor":67,"minecraft:jungle_button":7,"minecraft:dispenser":322,"minecraft:cornflower":7,"minecraft:crimson_roots":251,"minecraft:pumpkin_pie":2,"minecraft:white_stained_glass_pane":2,"minecraft:gilded_blackstone":18,"minecraft:glistering_melon_slice":340,"minecraft:birch_log":6,"minecraft:black_stained_glass":2,"minecraft:armor_stand":14,"minecraft:white_tulip":3,"minecraft:blackstone":568,"minecraft:yellow_wool":6,"minecraft:lime_wool":4,"minecraft:diamond_shovel":4,"minecraft:prismarine":78,"minecraft:chiseled_stone_bricks":4,"minecraft:sandstone_wall":2,"minecraft:soul_campfire":2,"minecraft:chainmail_boots":4,"minecraft:chest":44,"minecraft:blackstone_slab":7,"minecraft:arrow":692,"minecraft:powered_rail":29,"minecraft:quartz":103,"minecraft:written_book":90,"minecraft:oak_leaves":83,"minecraft:firework_rocket":592,"minecraft:purple_terracotta":4,"minecraft:magenta_carpet":5,"minecraft:mossy_cobblestone":6,"minecraft:minecart":39,"minecraft:smithing_table":6,"minecraft:lead":9,"minecraft:dark_oak_pressure_plate":1,"minecraft:hopper_minecart":12,"minecraft:nether_brick_wall":56,"minecraft:grass_block":352,"minecraft:stick":1915,"minecraft:blue_dye":1,"minecraft:smooth_red_sandstone":2,"minecraft:light_blue_stained_glass":8,"minecraft:smooth_quartz":2,"minecraft:brown_wool":6,"minecraft:iron_axe":3,"minecraft:bucket":3,"minecraft:dandelion":65,"minecraft:redstone":1434,"minecraft:red_concrete":134,"minecraft:nether_brick_slab":16,"minecraft:bubble_coral":1,"minecraft:anvil":9,"minecraft:brown_dye":4,"minecraft:ender_chest":4,"minecraft:nether_wart":49,"minecraft:coarse_dirt":28,"minecraft:blaze_rod":192,"minecraft:composter":5,"minecraft:brown_glazed_terracotta":5,"minecraft:smoker":2,"minecraft:ender_eye":1,"minecraft:acacia_leaves":20,"minecraft:filled_map":53,"minecraft:snow":342,"minecraft:black_concrete_powder":3,"minecraft:orange_terracotta":30,"minecraft:blue_ice":804,"minecraft:oak_boat":4,"minecraft:diamond_boots":10,"minecraft:slime_ball":196,"minecraft:beacon":2,"minecraft:light_blue_bed":1,"minecraft:light_blue_shulker_box":43,"minecraft:iron_sword":11,"minecraft:pink_stained_glass":6,"minecraft:chorus_fruit":68,"minecraft:glass_bottle":168,"minecraft:dark_oak_slab":8,"minecraft:weeping_vines":63,"minecraft:blackstone_stairs":18,"minecraft:gold_block":13,"minecraft:dark_oak_trapdoor":25,"minecraft:writable_book":1,"minecraft:bubble_coral_block":1,"minecraft:white_wool":84,"minecraft:diamond_block":38,"minecraft:iron_nugget":18,"minecraft:obsidian":48,"minecraft:stripped_dark_oak_log":7,"minecraft:oak_planks":31,"minecraft:pink_carpet":3,"minecraft:glowstone_dust":7,"minecraft:quartz_bricks":5,"minecraft:nether_brick_fence":3,"minecraft:blue_stained_glass":7,"minecraft:diorite_wall":1,"minecraft:painting":3,"minecraft:red_nether_bricks":13,"minecraft:glass":2493,"minecraft:green_stained_glass":11,"minecraft:horn_coral_block":1,"minecraft:red_stained_glass":6,"minecraft:warped_trapdoor":3,"minecraft:acacia_sign":3,"minecraft:turtle_egg":1,"minecraft:dark_oak_leaves":41,"minecraft:brown_concrete_powder":4,"minecraft:blackstone_wall":3,"minecraft:potion":1069,"minecraft:smooth_sandstone_slab":43,"minecraft:chipped_anvil":2,"minecraft:red_nether_brick_wall":1,"minecraft:stone_brick_slab":1,"minecraft:snow_block":196,"minecraft:yellow_concrete_powder":5,"minecraft:soul_soil":7,"minecraft:green_terracotta":3,"minecraft:cocoa_beans":24,"minecraft:chiseled_red_sandstone":2,"minecraft:sticky_piston":7,"minecraft:iron_boots":627,"minecraft:blast_furnace":3,"minecraft:spruce_boat":9,"minecraft:flower_pot":36,"minecraft:sea_pickle":3,"minecraft:piglin_banner_pattern":2,"minecraft:fire_coral_block":1,"minecraft:stone_pressure_plate":9,"minecraft:barrel":22,"minecraft:bow":947,"minecraft:red_sand":4,"minecraft:soul_sand":61,"minecraft:orange_dye":1,"minecraft:loom":2,"minecraft:ender_pearl":1146,"minecraft:jungle_fence":22,"minecraft:leather":69,"minecraft:honeycomb":9,"minecraft:cracked_polished_blackstone_bricks":6,"minecraft:redstone_lamp":6,"minecraft:polished_blackstone_pressure_plate":3,"minecraft:dark_oak_wood":6,"minecraft:snowball":1841,"minecraft:jungle_sign":7,"minecraft:black_concrete":78,"minecraft:crimson_door":2,"minecraft:cauldron":4,"minecraft:chiseled_polished_blackstone":5,"minecraft:pink_terracotta":3,"minecraft:andesite_slab":2,"minecraft:yellow_stained_glass":6,"minecraft:acacia_stairs":7,"minecraft:mycelium":5137,"minecraft:birch_fence_gate":3,"minecraft:mushroom_stem":1,"minecraft:mossy_stone_brick_wall":1,"minecraft:horn_coral_fan":1,"minecraft:fire_coral_fan":1,"minecraft:purple_concrete_powder":3,"minecraft:iron_ore":82,"minecraft:birch_button":3,"minecraft:iron_bars":2,"minecraft:white_concrete_powder":3,"minecraft:magenta_wool":3,"minecraft:polished_granite":651,"minecraft:splash_potion":544,"minecraft:bread":582,"minecraft:vine":5,"minecraft:yellow_concrete":4,"minecraft:jungle_wood":10,"minecraft:activator_rail":2,"minecraft:spruce_stairs":77,"minecraft:acacia_log":32,"minecraft:light_blue_wool":67,"minecraft:nether_wart_block":421,"minecraft:white_concrete":3,"minecraft:light_gray_stained_glass":33,"minecraft:jungle_leaves":107,"minecraft:polished_blackstone_brick_slab":14,"minecraft:blue_glazed_terracotta":3,"minecraft:polished_basalt":47,"minecraft:cactus":57,"minecraft:light_blue_stained_glass_pane":38,"minecraft:redstone_block":127,"minecraft:chiseled_sandstone":6,"minecraft:polished_diorite":391,"minecraft:blue_terracotta":158,"minecraft:sweet_berries":24,"minecraft:gray_glazed_terracotta":3,"minecraft:totem_of_undying":6,"minecraft:flint_and_steel":30,"minecraft:dead_tube_coral_fan":2,"minecraft:golden_leggings":18,"minecraft:oak_sapling":168,"minecraft:brain_coral":4,"minecraft:gray_concrete_powder":7,"minecraft:wooden_pickaxe":2,"minecraft:nautilus_shell":1,"minecraft:brick":134,"minecraft:crimson_stem":287,"minecraft:clay":5,"minecraft:piston":10,"minecraft:sandstone_stairs":4,"minecraft:crossbow":398,"minecraft:warped_hyphae":3,"minecraft:fletching_table":3,"minecraft:saddle":3,"minecraft:purpur_stairs":5,"minecraft:elytra":6,"minecraft:item_frame":67,"minecraft:dirt":1081,"minecraft:melon":117,"minecraft:stone_button":27,"minecraft:yellow_dye":5,"minecraft:horn_coral":1,"minecraft:chain":40,"minecraft:dark_oak_boat":1,"minecraft:pink_concrete":1,"minecraft:note_block":12,"minecraft:brain_coral_fan":1,"minecraft:sugar_cane":108,"minecraft:polished_andesite_slab":49,"minecraft:detector_rail":5,"minecraft:acacia_button":1,"minecraft:yellow_stained_glass_pane":30,"minecraft:tipped_arrow":171,"minecraft:heavy_weighted_pressure_plate":36,"minecraft:hopper":90,"minecraft:honey_block":2,"minecraft:cod_bucket":335,"minecraft:ladder":77,"minecraft:white_dye":22,"minecraft:campfire":2,"minecraft:crying_obsidian":5,"minecraft:dead_tube_coral_block":1,"minecraft:egg":9,"minecraft:crimson_planks":97,"minecraft:enchanted_book":1019,"minecraft:iron_ingot":319,"minecraft:cyan_stained_glass":10,"minecraft:gray_stained_glass_pane":1,"minecraft:tnt":20,"minecraft:oak_fence":38,"minecraft:purpur_slab":22,"minecraft:cobblestone":2390,"minecraft:feather":9,"minecraft:dark_prismarine_slab":1,"minecraft:granite":1003,"minecraft:stripped_jungle_log":4,"minecraft:coal":728,"minecraft:polished_blackstone_stairs":2,"minecraft:oxeye_daisy":6,"minecraft:warped_slab":9,"minecraft:iron_trapdoor":11,"minecraft:sponge":1,"minecraft:rabbit":4,"minecraft:rose_bush":3,"minecraft:diamond_helmet":2,"minecraft:dried_kelp":1,"minecraft:nether_sprouts":2,"minecraft:orange_concrete_powder":3,"minecraft:magenta_glazed_terracotta":3,"minecraft:iron_shovel":10,"minecraft:gray_carpet":38,"minecraft:stone_sword":900,"minecraft:smooth_stone_slab":309,"minecraft:bowl":13,"minecraft:diamond_hoe":2,"minecraft:blue_concrete":4,"minecraft:stone_slab":32,"minecraft:red_sandstone_slab":2,"minecraft:nether_bricks":15,"minecraft:potato":16,"minecraft:hay_block":321,"minecraft:wooden_shovel":1,"minecraft:carved_pumpkin":2,"minecraft:spider_eye":350,"minecraft:warped_button":2,"minecraft:brown_carpet":3,"minecraft:dark_prismarine":1,"minecraft:black_wool":21,"minecraft:pink_concrete_powder":3,"minecraft:gold_ore":1,"minecraft:birch_planks":53,"minecraft:dark_oak_stairs":13,"minecraft:blue_concrete_powder":3,"minecraft:spruce_leaves":446,"minecraft:cyan_terracotta":31,"minecraft:polished_blackstone_brick_stairs":17,"minecraft:seagrass":2,"minecraft:cut_sandstone":5,"minecraft:polished_blackstone_bricks":71,"minecraft:brown_mushroom_block":20,"minecraft:gravel":381,"minecraft:crimson_fungus":52,"minecraft:black_terracotta":150,"minecraft:fern":7,"minecraft:beehive":7,"minecraft:stone_stairs":1,"minecraft:carrot":5,"minecraft:chainmail_chestplate":3,"minecraft:poppy":76,"minecraft:shulker_shell":6,"minecraft:oak_fence_gate":1,"minecraft:gunpowder":619,"minecraft:birch_trapdoor":3,"minecraft:glowstone":1392,"minecraft:spruce_pressure_plate":20,"minecraft:melon_seeds":16,"minecraft:spruce_wood":3,"minecraft:basalt":197,"minecraft:gray_shulker_box":48,"minecraft:netherrack":2876,"minecraft:water_bucket":3,"minecraft:stripped_spruce_log":2,"minecraft:oak_slab":113,"minecraft:red_concrete_powder":3,"minecraft:chorus_flower":4,"minecraft:bookshelf":554,"minecraft:diamond_leggings":2,"minecraft:prismarine_shard":3,"minecraft:spectral_arrow":1478,"minecraft:observer":8,"minecraft:light_blue_concrete_powder":5,"minecraft:dead_horn_coral_block":1,"minecraft:diorite":917,"minecraft:brewing_stand":5,"minecraft:warped_stairs":56,"minecraft:torch":289,"minecraft:iron_leggings":21,"minecraft:green_carpet":22,"minecraft:wither_rose":4,"minecraft:gray_stained_glass":6,"minecraft:warped_nylium":29,"minecraft:chiseled_quartz_block":6,"minecraft:wither_skeleton_skull":3,"minecraft:light_gray_wool":132,"minecraft:cyan_stained_glass_pane":14,"minecraft:red_terracotta":69,"minecraft:cut_red_sandstone":2,"minecraft:shield":91,"minecraft:iron_chestplate":28,"minecraft:warped_fence":2,"minecraft:quartz_stairs":3,"minecraft:mossy_stone_bricks":3,"minecraft:pink_wool":3,"minecraft:fire_coral":2,"minecraft:golden_sword":143,"minecraft:stripped_acacia_log":1,"minecraft:stripped_warped_stem":3,"minecraft:stone_pickaxe":1,"minecraft:nether_quartz_ore":3,"minecraft:white_stained_glass":6},"minecraft:picked_up":{"minecraft:enchanted_book":1066,"minecraft:blue_concrete":8,"minecraft:music_disc_cat":3,"minecraft:polished_blackstone_brick_stairs":409,"minecraft:string":8877,"minecraft:horn_coral_block":633,"minecraft:spruce_pressure_plate":24,"minecraft:polished_blackstone_stairs":86,"minecraft:jukebox":6,"minecraft:purpur_pillar":204,"minecraft:warped_button":2,"minecraft:green_terracotta":5,"minecraft:cyan_stained_glass_pane":14,"minecraft:gray_shulker_box":538,"minecraft:warped_door":6,"minecraft:cauldron":12,"minecraft:stone_sword":675,"minecraft:blue_glazed_terracotta":3,"minecraft:carved_pumpkin":1435,"minecraft:glowstone":204,"minecraft:end_rod":945,"minecraft:blaze_rod":4956,"minecraft:snowball":78565,"minecraft:sponge":587,"minecraft:feather":35,"minecraft:water_bucket":25,"minecraft:brown_wool":4070,"minecraft:dark_oak_boat":1,"minecraft:pink_concrete_powder":3,"minecraft:lantern":303,"minecraft:stonecutter":78,"minecraft:chiseled_polished_blackstone":77,"minecraft:lime_terracotta":17,"minecraft:birch_fence_gate":11,"minecraft:brown_mushroom_block":18932,"minecraft:acacia_stairs":73,"minecraft:granite":22666,"minecraft:spruce_button":174,"minecraft:golden_horse_armor":10,"minecraft:light_gray_carpet":58,"minecraft:diamond_pickaxe":75,"minecraft:magenta_glazed_terracotta":3,"minecraft:clay_ball":572,"minecraft:redstone_lamp":64,"minecraft:acacia_button":2,"minecraft:fire_coral":68,"minecraft:white_stained_glass":15,"minecraft:iron_shovel":12,"minecraft:polished_blackstone_wall":21,"minecraft:glass_pane":76,"minecraft:netherite_sword":22,"minecraft:jungle_sapling":452,"minecraft:minecart":152,"minecraft:birch_sapling":2396,"minecraft:piston":207,"minecraft:stone":300549,"minecraft:music_disc_mellohi":5,"minecraft:red_nether_brick_wall":1,"minecraft:diamond_chestplate":9,"minecraft:hay_block":403,"minecraft:totem_of_undying":16,"minecraft:polished_blackstone":176,"minecraft:mutton":35,"minecraft:rail":1163,"minecraft:bone_block":694,"minecraft:oxeye_daisy":7653,"minecraft:birch_leaves":4790,"minecraft:yellow_shulker_box":175,"minecraft:jungle_fence":149,"minecraft:blackstone_slab":522,"minecraft:acacia_wood":79,"minecraft:purpur_stairs":73,"minecraft:paper":937,"minecraft:warped_stem":4726,"minecraft:pufferfish_bucket":9,"minecraft:iron_ore":8309,"minecraft:milk_bucket":1,"minecraft:light_gray_stained_glass":764,"minecraft:light_blue_stained_glass":421,"minecraft:diamond_shovel":50,"minecraft:painting":183,"minecraft:birch_sign":62,"minecraft:polished_blackstone_brick_wall":39,"minecraft:baked_potato":111,"minecraft:light_blue_concrete":28,"minecraft:nether_brick_fence":141,"minecraft:yellow_wool":3944,"minecraft:gilded_blackstone":207,"minecraft:warped_stairs":146,"minecraft:dead_tube_coral_block":1,"minecraft:red_sand":9988,"minecraft:comparator":147,"minecraft:bucket":40,"minecraft:white_tulip":1296,"minecraft:ender_eye":18,"minecraft:smooth_quartz":148,"minecraft:tipped_arrow":154,"minecraft:birch_trapdoor":34,"minecraft:spruce_stairs":486,"minecraft:andesite_wall":2,"minecraft:music_disc_ward":2,"minecraft:obsidian":736,"minecraft:enchanting_table":9,"minecraft:leather_chestplate":56,"minecraft:andesite":25736,"minecraft:prismarine_bricks":228,"minecraft:smooth_sandstone_stairs":119,"minecraft:dirt":34500,"minecraft:glass":5806,"minecraft:bone":33278,"minecraft:bow":978,"minecraft:wheat_seeds":92100,"minecraft:orange_tulip":435,"minecraft:crimson_fence_gate":4,"minecraft:birch_wood":19,"minecraft:grindstone":22,"minecraft:netherite_axe":14,"minecraft:fletching_table":16,"minecraft:prismarine":694,"minecraft:diorite_wall":1,"minecraft:gray_stained_glass":376,"minecraft:black_stained_glass_pane":1,"minecraft:light_blue_shulker_box":656,"minecraft:nether_brick_stairs":56,"minecraft:diamond_block":353,"minecraft:jungle_slab":482,"minecraft:spectral_arrow":1504,"minecraft:jungle_leaves":2858,"minecraft:light_blue_terracotta":37,"minecraft:slime_block":339,"minecraft:netherite_helmet":18,"minecraft:polished_blackstone_pressure_plate":8,"minecraft:soul_lantern":133,"minecraft:cracked_polished_blackstone_bricks":2941,"minecraft:crossbow":381,"minecraft:spruce_sign":69,"minecraft:piglin_banner_pattern":2,"minecraft:netherrack":69136,"minecraft:chorus_fruit":967,"minecraft:oak_leaves":18439,"minecraft:azure_bluet":10346,"minecraft:ladder":133,"minecraft:pink_wool":3826,"minecraft:brick":132,"minecraft:mycelium":13944,"minecraft:birch_fence":48,"minecraft:blue_orchid":3036,"minecraft:lime_wool":3948,"minecraft:note_block":180,"minecraft:brown_concrete_powder":406,"minecraft:cookie":79,"minecraft:trident":43,"minecraft:brown_dye":4,"minecraft:light_gray_stained_glass_pane":679,"minecraft:purple_terracotta":702,"minecraft:weeping_vines":675,"minecraft:nether_bricks":6551,"minecraft:stripped_dark_oak_wood":35,"minecraft:black_banner":11,"minecraft:skeleton_skull":1,"minecraft:netherite_boots":18,"minecraft:jungle_boat":106,"minecraft:leather":1356,"minecraft:crimson_fungus":1487,"minecraft:cobblestone_wall":3,"minecraft:yellow_bed":1,"minecraft:gunpowder":3425,"minecraft:cooked_mutton":73,"minecraft:gray_carpet":177,"minecraft:acacia_trapdoor":457,"minecraft:rabbit_hide":29,"minecraft:iron_ingot":802,"minecraft:cooked_chicken":4,"minecraft:emerald_block":1438,"minecraft:nether_quartz_ore":175,"minecraft:stone_brick_slab":120,"minecraft:nether_brick_slab":516,"minecraft:spruce_door":69,"minecraft:brick_slab":253,"minecraft:white_concrete_powder":216,"minecraft:prismarine_wall":2,"minecraft:gray_banner":11,"minecraft:terracotta":43012,"minecraft:iron_chestplate":20,"minecraft:prismarine_shard":51,"minecraft:creeper_head":4,"minecraft:anvil":154,"minecraft:oak_stairs":132,"minecraft:golden_sword":365,"minecraft:soul_soil":4593,"minecraft:cooked_salmon":85,"minecraft:red_nether_bricks":32,"minecraft:beetroot":406,"minecraft:gold_nugget":5142,"minecraft:black_glazed_terracotta":3,"minecraft:spruce_planks":1388,"minecraft:coal_block":566,"minecraft:golden_helmet":31,"minecraft:beehive":393,"minecraft:crimson_pressure_plate":7,"minecraft:magenta_concrete_powder":5,"minecraft:sandstone_wall":10,"minecraft:warped_planks":105,"minecraft:rabbit_foot":5,"minecraft:black_dye":2,"minecraft:light_blue_wool":4007,"minecraft:blue_dye":44,"minecraft:cyan_terracotta":533,"minecraft:netherite_chestplate":1,"minecraft:blackstone_stairs":62,"minecraft:birch_log":10827,"minecraft:magma_block":5992,"minecraft:iron_door":14,"minecraft:acacia_leaves":726,"minecraft:green_concrete_powder":1222,"minecraft:jungle_wood":29,"minecraft:stripped_spruce_wood":20,"minecraft:netherite_leggings":15,"minecraft:gray_concrete":271,"minecraft:glowstone_dust":847,"minecraft:warped_wart_block":34300,"minecraft:dropper":153,"minecraft:crimson_door":2,"minecraft:dark_oak_log":16384,"minecraft:trapped_chest":1,"minecraft:stripped_acacia_log":118,"minecraft:writable_book":12,"minecraft:blue_ice":5255,"minecraft:bread":119,"minecraft:dark_oak_fence":3,"minecraft:coarse_dirt":831,"minecraft:sandstone_slab":27,"minecraft:purple_wool":4179,"minecraft:nether_wart":20645,"minecraft:orange_stained_glass_pane":24,"minecraft:dead_horn_coral_block":2,"minecraft:compass":232,"minecraft:beef":1555,"minecraft:cyan_wool":3510,"minecraft:chest":1059,"minecraft:carrot":1071,"minecraft:redstone":38397,"minecraft:prismarine_crystals":165,"minecraft:polished_granite_stairs":4,"minecraft:beetroot_seeds":1821,"minecraft:tube_coral_fan":255,"minecraft:shears":25,"minecraft:diamond_boots":105,"minecraft:warped_sign":88,"minecraft:sandstone_stairs":10,"minecraft:gold_ingot":935,"minecraft:white_wool":3641,"minecraft:lime_concrete_powder":78,"minecraft:lapis_ore":355,"minecraft:stripped_oak_log":82,"minecraft:red_mushroom":1013,"minecraft:filled_map":48,"minecraft:jungle_button":16,"minecraft:blue_bed":658,"minecraft:stone_bricks":763,"minecraft:dark_oak_slab":625,"minecraft:white_stained_glass_pane":2,"minecraft:gravel":27882,"minecraft:dead_fire_coral_block":1,"minecraft:spruce_sapling":2449,"minecraft:red_stained_glass":7,"minecraft:purple_bed":83,"minecraft:polished_diorite":253,"minecraft:light_blue_carpet":5,"minecraft:diamond_axe":27,"minecraft:oak_button":7,"minecraft:stripped_dark_oak_log":1036,"minecraft:crimson_nylium":1457,"minecraft:wheat":15468,"minecraft:redstone_block":556,"minecraft:light_gray_shulker_box":415,"minecraft:smooth_stone_slab":4821,"minecraft:armor_stand":109,"minecraft:sea_pickle":513,"minecraft:activator_rail":10,"minecraft:black_shulker_box":678,"minecraft:dark_oak_leaves":358,"minecraft:redstone_torch":278,"minecraft:iron_boots":66,"minecraft:stick":6904,"minecraft:orange_shulker_box":198,"minecraft:oak_fence":239,"minecraft:snow_block":2789,"minecraft:green_banner":2,"minecraft:green_wool":3839,"minecraft:fire_coral_fan":259,"minecraft:cod":1096,"minecraft:crimson_hyphae":173,"minecraft:magma_cream":206,"minecraft:chiseled_quartz_block":17,"minecraft:light_gray_dye":8,"minecraft:wither_skeleton_skull":373,"minecraft:polished_granite":1768,"minecraft:leather_boots":14,"minecraft:light_blue_dye":62,"minecraft:ghast_tear":102,"minecraft:black_terracotta":355,"minecraft:polished_blackstone_slab":86,"minecraft:sand":102888,"minecraft:shulker_box":5824,"minecraft:orange_wool":3881,"minecraft:dark_prismarine":100,"minecraft:light_gray_concrete":101,"minecraft:dark_prismarine_slab":190,"minecraft:spruce_fence_gate":69,"minecraft:clay":851,"minecraft:white_concrete":419,"minecraft:chiseled_red_sandstone":2,"minecraft:oak_sapling":1539,"minecraft:bubble_coral_block":675,"minecraft:cocoa_beans":4078,"minecraft:dragon_breath":2,"minecraft:stone_stairs":1,"minecraft:iron_axe":4,"minecraft:orange_concrete":1510,"minecraft:quartz_slab":66,"minecraft:warped_fence":9,"minecraft:cyan_carpet":75,"minecraft:andesite_stairs":2,"minecraft:oak_boat":80,"minecraft:player_head":1245,"minecraft:light_gray_wool":4006,"minecraft:spruce_trapdoor":477,"minecraft:orange_dye":1,"minecraft:bowl":4,"minecraft:brown_glazed_terracotta":9,"minecraft:gray_dye":64,"minecraft:stone_button":60,"minecraft:iron_horse_armor":1,"minecraft:smooth_sandstone_slab":507,"minecraft:arrow":5443,"minecraft:light_blue_stained_glass_pane":268,"minecraft:jungle_stairs":165,"minecraft:saddle":23,"minecraft:soul_campfire":5,"minecraft:wet_sponge":1316,"minecraft:crimson_stem":4436,"minecraft:birch_planks":398,"minecraft:mushroom_stew":2,"minecraft:yellow_glazed_terracotta":3,"minecraft:smooth_sandstone":1017,"minecraft:fire_coral_block":674,"minecraft:heart_of_the_sea":1,"minecraft:stripped_oak_wood":34,"minecraft:mossy_stone_brick_wall":1,"minecraft:soul_sand":3662,"minecraft:book":16983,"minecraft:scaffolding":6713,"minecraft:pumpkin":431,"minecraft:red_concrete_powder":629,"minecraft:birch_boat":1,"minecraft:brain_coral_fan":285,"minecraft:white_bed":105,"minecraft:green_carpet":112,"minecraft:stripped_jungle_log":92,"minecraft:lime_banner":4,"minecraft:lime_dye":1,"minecraft:iron_helmet":44,"minecraft:stripped_jungle_wood":10,"minecraft:coal":31606,"minecraft:purple_concrete_powder":77,"minecraft:suspicious_stew":2,"minecraft:lead":69,"minecraft:smithing_table":80,"minecraft:stone_slab":105,"minecraft:purple_shulker_box":211,"minecraft:dark_oak_pressure_plate":1,"minecraft:pufferfish":11,"minecraft:shroomlight":1408,"minecraft:diamond_leggings":22,"minecraft:bubble_coral":55,"minecraft:warped_slab":227,"minecraft:hopper_minecart":25,"minecraft:crimson_sign":7,"minecraft:diamond_ore":401,"minecraft:polished_blackstone_brick_slab":232,"minecraft:acacia_log":4823,"minecraft:brick_wall":95,"minecraft:cyan_stained_glass":192,"minecraft:honeycomb_block":59,"minecraft:end_crystal":5,"minecraft:golden_chestplate":13,"minecraft:pink_terracotta":3,"minecraft:brown_carpet":28,"minecraft:lime_carpet":108,"minecraft:honey_bottle":5,"minecraft:horn_coral_fan":248,"minecraft:blackstone_wall":92,"minecraft:polished_basalt":446,"minecraft:red_tulip":2810,"minecraft:bookshelf":327,"minecraft:white_terracotta":10109,"minecraft:iron_bars":67,"minecraft:cooked_beef":906,"minecraft:flint":1625,"minecraft:purple_stained_glass":19,"minecraft:cyan_concrete_powder":3,"minecraft:magenta_terracotta":4,"minecraft:gray_concrete_powder":409,"minecraft:purple_carpet":3,"minecraft:warped_hyphae":3,"minecraft:dark_oak_sign":23,"minecraft:diamond_helmet":27,"minecraft:rabbit":17,"minecraft:honeycomb":424,"minecraft:stripped_acacia_wood":3,"minecraft:stripped_crimson_stem":26,"minecraft:stripped_spruce_log":82,"minecraft:polished_andesite":2000,"minecraft:blue_terracotta":522,"minecraft:lever":129,"minecraft:blue_banner":2,"minecraft:jack_o_lantern":298,"minecraft:crimson_roots":12543,"minecraft:bee_nest":230,"minecraft:leather_leggings":14,"minecraft:dragon_head":14,"minecraft:purpur_block":372,"minecraft:heavy_weighted_pressure_plate":33,"minecraft:cornflower":6793,"minecraft:elytra":54,"minecraft:flint_and_steel":20,"minecraft:white_carpet":10,"minecraft:brown_stained_glass_pane":25,"minecraft:stripped_warped_stem":87,"minecraft:poppy":6680,"minecraft:spruce_slab":1229,"minecraft:lime_shulker_box":417,"minecraft:diamond_hoe":4,"minecraft:black_stained_glass":314,"minecraft:fire_charge":181,"minecraft:white_dye":11,"minecraft:netherite_pickaxe":41,"minecraft:cyan_shulker_box":248,"minecraft:jungle_sign":26,"minecraft:purpur_slab":41,"minecraft:yellow_terracotta":6514,"minecraft:clock":1,"minecraft:tripwire_hook":118,"minecraft:smooth_red_sandstone":2,"minecraft:red_glazed_terracotta":72,"minecraft:fern":865,"minecraft:lily_pad":790,"minecraft:apple":253,"minecraft:yellow_stained_glass":8,"minecraft:magenta_stained_glass":11,"minecraft:dark_oak_stairs":274,"minecraft:polished_andesite_stairs":16,"minecraft:sweet_berries":1498,"minecraft:lime_concrete":3,"minecraft:red_wool":3522,"minecraft:cracked_nether_bricks":2,"minecraft:crimson_stairs":201,"minecraft:crying_obsidian":207,"minecraft:leather_helmet":440,"minecraft:oak_wood":108,"minecraft:coal_ore":2500,"minecraft:slime_ball":1733,"minecraft:red_nether_brick_slab":11,"minecraft:smooth_quartz_slab":24,"minecraft:hopper":712,"minecraft:prismarine_stairs":2,"minecraft:black_carpet":4,"minecraft:ender_chest":900,"minecraft:lapis_block":76,"minecraft:experience_bottle":17,"minecraft:smooth_stone":536,"minecraft:red_dye":33,"minecraft:rose_bush":2067,"minecraft:cobblestone_slab":6,"minecraft:iron_pickaxe":16,"minecraft:smooth_quartz_stairs":12,"minecraft:blue_wool":3896,"minecraft:acacia_fence":5,"minecraft:netherite_shovel":21,"minecraft:crimson_button":1,"minecraft:diorite":25514,"minecraft:vine":1180,"minecraft:rotten_flesh":11214,"minecraft:red_sandstone_slab":1,"minecraft:brown_shulker_box":101,"minecraft:chorus_flower":162,"minecraft:blaze_powder":29,"minecraft:cobblestone":120371,"minecraft:lilac":1591,"minecraft:repeater":646,"minecraft:dead_tube_coral_fan":2,"minecraft:golden_leggings":17,"minecraft:orange_carpet":3,"minecraft:black_bed":1,"minecraft:beacon":120,"minecraft:potato":1704,"minecraft:stripped_birch_log":141,"minecraft:cut_sandstone_slab":15,"minecraft:name_tag":19,"minecraft:acacia_planks":165,"minecraft:granite_wall":1,"minecraft:mossy_stone_bricks":592,"minecraft:bamboo":31798,"minecraft:cyan_concrete":2,"minecraft:brown_stained_glass":161,"minecraft:melon":549,"minecraft:grass_block":16120,"minecraft:mossy_cobblestone":736,"minecraft:light_gray_terracotta":7919,"minecraft:yellow_carpet":3,"minecraft:sugar":3,"minecraft:yellow_stained_glass_pane":107,"minecraft:bone_meal":3809,"minecraft:grass":743,"minecraft:golden_apple":37,"minecraft:nether_sprouts":676,"minecraft:emerald":1097,"minecraft:andesite_slab":7,"minecraft:splash_potion":227,"minecraft:packed_ice":98840,"minecraft:brown_mushroom":2396,"minecraft:stone_brick_wall":3,"minecraft:chain":116,"minecraft:shield":95,"minecraft:orange_stained_glass":1615,"minecraft:oak_trapdoor":251,"minecraft:magenta_wool":4103,"minecraft:blackstone":17341,"minecraft:end_stone":805,"minecraft:polished_blackstone_bricks":13606,"minecraft:light_blue_bed":1009,"minecraft:stone_pressure_plate":15,"minecraft:blue_concrete_powder":3,"minecraft:tube_coral":51,"minecraft:red_shulker_box":1001,"minecraft:pumpkin_pie":252,"minecraft:pink_tulip":4213,"minecraft:glistering_melon_slice":8,"minecraft:brick_stairs":334,"minecraft:nether_brick_wall":502,"minecraft:basalt":5570,"minecraft:purple_dye":28,"minecraft:prismarine_slab":11,"minecraft:dark_oak_button":12,"minecraft:golden_carrot":3041,"minecraft:ice":39257,"minecraft:chainmail_chestplate":3,"minecraft:orange_terracotta":12084,"minecraft:red_carpet":5,"minecraft:spruce_wood":13,"minecraft:polished_andesite_slab":139,"minecraft:pink_bed":1,"minecraft:warped_fungus":2742,"minecraft:quartz":2157,"minecraft:dandelion":12790,"minecraft:lava_bucket":3,"minecraft:soul_torch":2,"minecraft:green_stained_glass":12,"minecraft:cut_red_sandstone":4,"minecraft:light_blue_concrete_powder":531,"minecraft:pumpkin_seeds":5780,"minecraft:chainmail_leggings":3,"minecraft:damaged_anvil":14,"minecraft:netherite_hoe":19,"minecraft:dark_oak_wood":83,"minecraft:sunflower":797,"minecraft:seagrass":591,"minecraft:birch_door":7,"minecraft:chainmail_boots":3,"minecraft:flower_pot":113,"minecraft:magenta_carpet":2,"minecraft:diamond_sword":39,"minecraft:brown_bed":56,"minecraft:wither_rose":699,"minecraft:golden_shovel":2,"minecraft:birch_button":1,"minecraft:brewing_stand":41,"minecraft:dark_oak_trapdoor":157,"minecraft:orange_concrete_powder":319,"minecraft:crimson_fence":3,"minecraft:acacia_sign":1,"minecraft:written_book":229,"minecraft:melon_slice":140,"minecraft:music_disc_blocks":1,"minecraft:composter":41,"minecraft:chiseled_nether_bricks":4,"minecraft:gray_stained_glass_pane":1,"minecraft:tropical_fish":7,"minecraft:iron_block":4350,"minecraft:polished_diorite_slab":3,"minecraft:birch_slab":15,"minecraft:jungle_log":24212,"minecraft:smoker":2,"minecraft:magenta_bed":2,"minecraft:light_gray_concrete_powder":700,"minecraft:twisting_vines":844,"minecraft:chipped_anvil":16,"minecraft:gray_terracotta":276,"minecraft:gray_glazed_terracotta":3,"minecraft:ink_sac":3239,"minecraft:loom":14,"minecraft:red_terracotta":3731,"minecraft:barrel":337,"minecraft:quartz_bricks":29,"minecraft:dispenser":399,"minecraft:black_concrete_powder":305,"minecraft:green_concrete":23,"minecraft:chainmail_helmet":4,"minecraft:bricks":1259,"minecraft:lime_stained_glass_pane":1,"minecraft:spruce_leaves":6467,"minecraft:crafting_table":232,"minecraft:bubble_coral_fan":263,"minecraft:crimson_trapdoor":297,"minecraft:jungle_trapdoor":65,"minecraft:red_bed":6,"minecraft:snow":10660,"minecraft:cracked_stone_bricks":29,"minecraft:cartography_table":17,"minecraft:respawn_anchor":18,"minecraft:iron_nugget":49,"minecraft:quartz_stairs":75,"minecraft:egg":871,"minecraft:sandstone":13220,"minecraft:oak_door":6,"minecraft:spruce_fence":550,"minecraft:mushroom_stem":2950,"minecraft:tnt":439,"minecraft:cooked_cod":47,"minecraft:peony":1611,"minecraft:tube_coral_block":634,"minecraft:white_shulker_box":163,"minecraft:crimson_slab":189,"minecraft:red_mushroom_block":12813,"minecraft:oak_log":6120,"minecraft:brown_concrete":250,"minecraft:ancient_debris":139,"minecraft:golden_boots":15,"minecraft:white_banner":23,"minecraft:kelp":6764,"minecraft:cobweb":592,"minecraft:glass_bottle":305,"minecraft:iron_sword":15,"minecraft:daylight_detector":5,"minecraft:yellow_concrete":402,"minecraft:spruce_log":46416,"minecraft:sea_lantern":171,"minecraft:firework_rocket":13830,"minecraft:purple_glazed_terracotta":1,"minecraft:redstone_ore":2975,"minecraft:gray_wool":3285,"minecraft:warped_roots":18632,"minecraft:melon_seeds":17,"minecraft:warped_nylium":1209,"minecraft:ender_pearl":4199,"minecraft:shulker_shell":1162,"minecraft:iron_trapdoor":26,"minecraft:turtle_egg":29,"minecraft:potion":221,"minecraft:brain_coral_block":725,"minecraft:nether_brick":244,"minecraft:crimson_planks":412,"minecraft:cod_bucket":1742,"minecraft:iron_leggings":14,"minecraft:sticky_piston":270,"minecraft:zombie_head":2,"minecraft:pink_shulker_box":132,"minecraft:oak_sign":273,"minecraft:furnace":25,"minecraft:brown_terracotta":2679,"minecraft:torch":3775,"minecraft:porkchop":6,"minecraft:dried_kelp":5,"minecraft:target":93,"minecraft:yellow_concrete_powder":5,"minecraft:light_gray_banner":5,"minecraft:blue_stained_glass":8,"minecraft:quartz_block":3981,"minecraft:nether_gold_ore":100,"minecraft:cactus":240,"minecraft:stripped_birch_wood":63,"minecraft:nautilus_shell":62,"minecraft:jungle_pressure_plate":1,"minecraft:warped_trapdoor":55,"minecraft:horn_coral":63,"minecraft:green_shulker_box":236,"minecraft:lapis_lazuli":8911,"minecraft:bell":67,"minecraft:powered_rail":462,"minecraft:oak_planks":284,"minecraft:stone_hoe":51,"minecraft:brain_coral":66,"minecraft:pink_stained_glass":7,"minecraft:pink_concrete":1,"minecraft:cooked_porkchop":335,"minecraft:music_disc_13":8,"minecraft:oak_pressure_plate":7,"minecraft:poisonous_potato":11,"minecraft:jungle_planks":670,"minecraft:lily_of_the_valley":2924,"minecraft:dead_bush":954,"minecraft:cyan_bed":999,"minecraft:chiseled_sandstone":14,"minecraft:black_concrete":119,"minecraft:diamond":2289,"minecraft:spruce_boat":16,"minecraft:nether_star":105,"minecraft:end_stone_bricks":303,"minecraft:fishing_rod":81,"minecraft:allium":761,"minecraft:chicken":19,"minecraft:cooked_rabbit":17,"minecraft:gold_block":546,"minecraft:diamond_horse_armor":9,"minecraft:wooden_sword":130,"minecraft:item_frame":223,"minecraft:detector_rail":13,"minecraft:mossy_cobblestone_wall":1,"minecraft:dark_prismarine_stairs":30,"minecraft:observer":253,"minecraft:lectern":399,"minecraft:blue_shulker_box":58,"minecraft:sugar_cane":5439,"minecraft:phantom_membrane":24,"minecraft:dark_oak_sapling":1053,"minecraft:stripped_crimson_hyphae":7,"minecraft:quartz_pillar":96,"minecraft:magenta_shulker_box":105,"minecraft:dark_oak_planks":205,"minecraft:pink_glazed_terracotta":16,"minecraft:lime_stained_glass":8,"minecraft:salmon":211,"minecraft:cut_sandstone":22,"minecraft:nether_wart_block":12576,"minecraft:podzol":945,"minecraft:red_sandstone":3,"minecraft:acacia_sapling":1303,"minecraft:purple_concrete":25,"minecraft:oak_slab":289,"minecraft:chiseled_stone_bricks":158,"minecraft:blast_furnace":12,"minecraft:gold_ore":2138,"minecraft:spider_eye":4769,"minecraft:dried_kelp_block":25,"minecraft:campfire":79,"minecraft:honey_block":325,"minecraft:black_wool":3542,"minecraft:magenta_concrete":4,"minecraft:acacia_slab":27,"minecraft:red_concrete":136},"minecraft:broken":{"minecraft:leather_helmet":3,"minecraft:shield":1,"minecraft:leather_leggings":6,"minecraft:iron_helmet":1,"minecraft:golden_shovel":2,"minecraft:leather_chestplate":4,"minecraft:shears":86,"minecraft:iron_leggings":1,"minecraft:diamond_shovel":1,"minecraft:wooden_sword":1,"minecraft:fishing_rod":4,"minecraft:iron_pickaxe":8,"minecraft:iron_shovel":14,"minecraft:iron_chestplate":2,"minecraft:iron_axe":1,"minecraft:flint_and_steel":4,"minecraft:leather_boots":4},"minecraft:killed_by":{"minecraft:ravager":17,"minecraft:wither":1,"minecraft:drowned":2,"minecraft:vex":4,"minecraft:piglin":1,"minecraft:zombie":1,"minecraft:skeleton":56,"minecraft:pillager":1,"minecraft:vindicator":1,"minecraft:wither_skeleton":1,"minecraft:creeper":6,"minecraft:endermite":2,"minecraft:player":100,"minecraft:iron_golem":2},"minecraft:mined":{"minecraft:dragon_wall_head":12,"minecraft:red_shulker_box":985,"minecraft:white_bed":104,"minecraft:pink_bed":1,"minecraft:light_blue_carpet":4,"minecraft:potted_dead_bush":2,"minecraft:acacia_log":3978,"minecraft:oak_pressure_plate":7,"minecraft:green_concrete":19,"minecraft:oak_wall_sign":161,"minecraft:nether_wart":4767,"minecraft:chorus_flower":5,"minecraft:fire":1291,"minecraft:twisting_vines":205,"minecraft:spruce_pressure_plate":11,"minecraft:green_carpet":78,"minecraft:pink_tulip":45,"minecraft:white_shulker_box":145,"minecraft:white_banner":1,"minecraft:sandstone_slab":25,"minecraft:cut_sandstone":24,"minecraft:magenta_carpet":2,"minecraft:kelp_plant":951,"minecraft:torch":910,"minecraft:dark_oak_wood":43,"minecraft:melon":370,"minecraft:dead_bush":988,"minecraft:nether_brick_slab":430,"minecraft:sugar_cane":2914,"minecraft:bricks":672,"minecraft:chain":42,"minecraft:repeater":405,"minecraft:jungle_wood":10,"minecraft:magenta_bed":2,"minecraft:wither_rose":94,"minecraft:grass":3912,"minecraft:infested_mossy_stone_bricks":3,"minecraft:brown_concrete":129,"minecraft:mossy_cobblestone":742,"minecraft:orange_concrete_powder":3,"minecraft:dark_oak_log":3912,"minecraft:crimson_fence_gate":4,"minecraft:birch_fence_gate":11,"minecraft:dark_oak_fence":1,"minecraft:spruce_fence":266,"minecraft:stripped_jungle_wood":13,"minecraft:red_mushroom":144,"minecraft:white_concrete_powder":22,"minecraft:redstone_ore":8969,"minecraft:green_terracotta":2,"minecraft:cyan_concrete":2,"minecraft:vine":2311,"minecraft:respawn_anchor":15,"minecraft:fire_coral_block":680,"minecraft:oak_slab":141,"minecraft:soul_sand":2711,"minecraft:lily_of_the_valley":42,"minecraft:cornflower":39,"minecraft:prismarine_slab":10,"minecraft:warped_roots":1110,"minecraft:crimson_slab":122,"minecraft:campfire":18,"minecraft:tall_grass":250,"minecraft:diorite":22278,"minecraft:orange_carpet":3,"minecraft:warped_wart_block":6660,"minecraft:black_stained_glass":3,"minecraft:trapped_chest":1,"minecraft:light_blue_bed":1007,"minecraft:cobblestone_wall":2,"minecraft:gravel":25333,"minecraft:cobweb":865,"minecraft:brown_terracotta":2089,"minecraft:oak_button":2,"minecraft:stone_bricks":885,"minecraft:chipped_anvil":15,"minecraft:fern":888,"minecraft:oak_sapling":6,"minecraft:andesite_stairs":1,"minecraft:orange_stained_glass":1706,"minecraft:spruce_trapdoor":386,"minecraft:lime_banner":2,"minecraft:polished_blackstone_brick_slab":220,"minecraft:turtle_egg":28,"minecraft:green_stained_glass":14,"minecraft:brown_shulker_box":101,"minecraft:gray_terracotta":145,"minecraft:quartz_block":440,"minecraft:orange_terracotta":12189,"minecraft:beacon":50,"minecraft:nether_quartz_ore":1386,"minecraft:oak_planks":244,"minecraft:wall_torch":347,"minecraft:light_blue_terracotta":44,"minecraft:blue_terracotta":319,"minecraft:powered_rail":242,"minecraft:dark_oak_slab":449,"minecraft:blue_ice":1274,"minecraft:tnt":88,"minecraft:smooth_stone_slab":3855,"minecraft:dispenser":91,"minecraft:daylight_detector":3,"minecraft:crying_obsidian":183,"minecraft:lever":69,"minecraft:ladder":41,"minecraft:tube_coral_wall_fan":316,"minecraft:purple_terracotta":395,"minecraft:birch_slab":17,"minecraft:spruce_leaves":10394,"minecraft:hay_block":73,"minecraft:polished_basalt":521,"minecraft:nether_sprouts":741,"minecraft:gray_wall_banner":10,"minecraft:orange_stained_glass_pane":33,"minecraft:detector_rail":1,"minecraft:gold_block":128,"minecraft:nether_brick_fence":151,"minecraft:stripped_oak_log":111,"minecraft:acacia_leaves":8390,"minecraft:snow_block":1316,"minecraft:stripped_dark_oak_log":1007,"minecraft:basalt":6618,"minecraft:polished_granite":113,"minecraft:gray_stained_glass":5,"minecraft:stone_slab":29,"minecraft:quartz_bricks":26,"minecraft:polished_blackstone_brick_stairs":494,"minecraft:prismarine_bricks":222,"minecraft:dead_fire_coral_block":1,"minecraft:birch_planks":219,"minecraft:bubble_coral":350,"minecraft:sea_pickle":89,"minecraft:polished_blackstone_slab":72,"minecraft:bee_nest":235,"minecraft:grass_path":189,"minecraft:black_wool":7,"minecraft:cocoa":455,"minecraft:cyan_carpet":47,"minecraft:cracked_stone_bricks":29,"minecraft:stripped_acacia_wood":3,"minecraft:dark_oak_planks":171,"minecraft:dark_prismarine_stairs":35,"minecraft:stripped_warped_stem":87,"minecraft:black_terracotta":121,"minecraft:carved_pumpkin":1212,"minecraft:red_sand":10178,"minecraft:chiseled_polished_blackstone":90,"minecraft:stone_brick_wall":2,"minecraft:yellow_carpet":2,"minecraft:jungle_log":16596,"minecraft:pink_stained_glass":1,"minecraft:lime_stained_glass":2,"minecraft:tube_coral_block":643,"minecraft:hopper":633,"minecraft:chiseled_stone_bricks":5,"minecraft:weeping_vines_plant":268,"minecraft:brown_stained_glass":142,"minecraft:sticky_piston":262,"minecraft:enchanting_table":7,"minecraft:oak_sign":8,"minecraft:quartz_slab":57,"minecraft:smooth_sandstone_stairs":95,"minecraft:iron_block":2146,"minecraft:blue_orchid":90,"minecraft:brown_mushroom":177,"minecraft:red_bed":6,"minecraft:soul_fire":301,"minecraft:blue_stained_glass":1,"minecraft:blast_furnace":12,"minecraft:cyan_bed":957,"minecraft:potted_oak_sapling":3,"minecraft:damaged_anvil":14,"minecraft:crimson_stairs":43,"minecraft:spruce_sign":3,"minecraft:cyan_wool":32,"minecraft:black_concrete_powder":3,"minecraft:light_gray_stained_glass":663,"minecraft:wheat":4332,"minecraft:pumpkin_stem":2,"minecraft:warped_fungus":197,"minecraft:red_mushroom_block":12747,"minecraft:stonecutter":73,"minecraft:cut_red_sandstone":2,"minecraft:light_gray_stained_glass_pane":10,"minecraft:jungle_planks":320,"minecraft:crimson_roots":934,"minecraft:yellow_concrete_powder":1,"minecraft:lime_wool":10,"minecraft:crimson_button":2,"minecraft:red_sandstone":1,"minecraft:acacia_wood":42,"minecraft:white_glazed_terracotta":1,"minecraft:potatoes":195,"minecraft:warped_stem":618,"minecraft:smooth_quartz_stairs":10,"minecraft:warped_trapdoor":53,"minecraft:bamboo":1025,"minecraft:white_wool":42,"minecraft:brain_coral":374,"minecraft:smithing_table":33,"minecraft:light_gray_carpet":52,"minecraft:comparator":122,"minecraft:brown_stained_glass_pane":3,"minecraft:stone_brick_slab":66,"minecraft:observer":252,"minecraft:jungle_sign":1,"minecraft:smooth_sandstone":854,"minecraft:light_gray_concrete_powder":2,"minecraft:sponge":586,"minecraft:purple_bed":80,"minecraft:purple_stained_glass":14,"minecraft:white_carpet":5,"minecraft:spruce_log":2997,"minecraft:birch_leaves":5159,"minecraft:jungle_fence":56,"minecraft:quartz_pillar":93,"minecraft:dark_oak_sign":1,"minecraft:spruce_planks":782,"minecraft:jungle_slab":226,"minecraft:stripped_crimson_hyphae":7,"minecraft:grass_block":16488,"minecraft:soul_soil":5324,"minecraft:sandstone_stairs":5,"minecraft:smooth_stone":54,"minecraft:iron_ore":7889,"minecraft:black_carpet":1,"minecraft:anvil":108,"minecraft:purple_carpet":3,"minecraft:birch_wall_sign":22,"minecraft:jungle_pressure_plate":1,"minecraft:brain_coral_block":726,"minecraft:blackstone":17424,"minecraft:twisting_vines_plant":583,"minecraft:melon_stem":2,"minecraft:clay":991,"minecraft:chest":946,"minecraft:mushroom_stem":2995,"minecraft:honeycomb_block":58,"minecraft:slime_block":123,"minecraft:grindstone":19,"minecraft:prismarine":621,"minecraft:iron_door":5,"minecraft:seagrass":12228,"minecraft:nether_wart_block":14726,"minecraft:yellow_wool":6,"minecraft:birch_log":9134,"minecraft:orange_tulip":18,"minecraft:purpur_block":374,"minecraft:sand":38473,"minecraft:infested_cracked_stone_bricks":1,"minecraft:tripwire_hook":9,"minecraft:oak_leaves":22011,"minecraft:horn_coral_block":640,"minecraft:emerald_block":1428,"minecraft:nether_gold_ore":328,"minecraft:tube_coral":349,"minecraft:red_carpet":3,"minecraft:blackstone_wall":90,"minecraft:oak_door":6,"minecraft:gray_shulker_box":432,"minecraft:black_banner":2,"minecraft:white_stained_glass":9,"minecraft:polished_andesite_slab":89,"minecraft:large_fern":98,"minecraft:oak_trapdoor":190,"minecraft:spruce_sapling":35,"minecraft:furnace":16,"minecraft:carrots":54,"minecraft:red_concrete_powder":2,"minecraft:chiseled_sandstone":11,"minecraft:acacia_stairs":77,"minecraft:stripped_spruce_log":75,"minecraft:lantern":65,"minecraft:stripped_acacia_log":118,"minecraft:stripped_jungle_log":70,"minecraft:packed_ice":95899,"minecraft:chorus_plant":88,"minecraft:stone":394982,"minecraft:white_tulip":45,"minecraft:yellow_shulker_box":174,"minecraft:red_wool":40,"minecraft:brick_wall":35,"minecraft:spruce_door":25,"minecraft:blackstone_slab":558,"minecraft:lime_concrete_powder":1,"minecraft:andesite_slab":7,"minecraft:lectern":347,"minecraft:lapis_ore":939,"minecraft:brick_slab":162,"minecraft:green_shulker_box":237,"minecraft:polished_blackstone_stairs":83,"minecraft:redstone_torch":88,"minecraft:yellow_bed":1,"minecraft:end_rod":996,"minecraft:bubble_coral_wall_fan":336,"minecraft:crimson_hyphae":112,"minecraft:birch_fence":39,"minecraft:red_nether_brick_slab":11,"minecraft:cut_sandstone_slab":11,"minecraft:blackstone_stairs":59,"minecraft:fire_coral_wall_fan":342,"minecraft:cyan_shulker_box":248,"minecraft:red_nether_bricks":28,"minecraft:bubble_column":1,"minecraft:granite":20556,"minecraft:brown_wool":3,"minecraft:polished_blackstone_bricks":14826,"minecraft:magma_block":6438,"minecraft:dark_oak_trapdoor":106,"minecraft:barrel":257,"minecraft:fletching_table":13,"minecraft:nether_brick_stairs":62,"minecraft:light_gray_concrete":91,"minecraft:spruce_wood":10,"minecraft:player_head":22,"minecraft:tripwire":41,"minecraft:jungle_trapdoor":46,"minecraft:jungle_button":11,"minecraft:crimson_nylium":2113,"minecraft:note_block":170,"minecraft:white_stained_glass_pane":2,"minecraft:spruce_wall_sign":28,"minecraft:smooth_quartz_slab":23,"minecraft:lime_shulker_box":410,"minecraft:tube_coral_fan":379,"minecraft:birch_sapling":85,"minecraft:white_terracotta":8762,"minecraft:jukebox":6,"minecraft:dark_oak_sapling":25,"minecraft:birch_button":1,"minecraft:smooth_quartz":149,"minecraft:sandstone_wall":10,"minecraft:stripped_crimson_stem":25,"minecraft:dark_prismarine":94,"minecraft:light_blue_wool":36,"minecraft:nether_brick_wall":479,"minecraft:cyan_stained_glass":191,"minecraft:sea_lantern":108,"minecraft:end_stone":712,"minecraft:acacia_button":2,"minecraft:redstone_wire":1185,"minecraft:potted_bamboo":16,"minecraft:cartography_table":13,"minecraft:horn_coral":401,"minecraft:acacia_trapdoor":328,"minecraft:andesite":22760,"minecraft:cobblestone_slab":7,"minecraft:rail":844,"minecraft:brain_coral_wall_fan":346,"minecraft:bone_block":203,"minecraft:pink_glazed_terracotta":13,"minecraft:green_wool":24,"minecraft:ender_chest":839,"minecraft:redstone_block":79,"minecraft:glass_pane":76,"minecraft:polished_blackstone_brick_wall":38,"minecraft:dandelion":135,"minecraft:fire_coral":388,"minecraft:dead_tube_coral_wall_fan":1,"minecraft:brain_coral_fan":387,"minecraft:purpur_pillar":212,"minecraft:red_terracotta":3904,"minecraft:coarse_dirt":864,"minecraft:stripped_spruce_wood":23,"minecraft:dark_oak_wall_sign":1,"minecraft:purple_concrete":10,"minecraft:dark_prismarine_slab":136,"minecraft:sunflower":4,"minecraft:birch_sign":11,"minecraft:polished_blackstone":151,"minecraft:gold_ore":2013,"minecraft:iron_trapdoor":16,"minecraft:stone_pressure_plate":7,"minecraft:farmland":18,"minecraft:orange_wool":2,"minecraft:brewing_stand":33,"minecraft:cracked_polished_blackstone_bricks":3339,"minecraft:white_concrete":436,"minecraft:bubble_coral_fan":298,"minecraft:polished_diorite":261,"minecraft:composter":36,"minecraft:polished_blackstone_pressure_plate":6,"minecraft:gilded_blackstone":190,"minecraft:green_wall_banner":2,"minecraft:brown_bed":53,"minecraft:red_tulip":73,"minecraft:iron_bars":65,"minecraft:spruce_slab":928,"minecraft:polished_blackstone_wall":7,"minecraft:purpur_stairs":92,"minecraft:light_gray_terracotta":8111,"minecraft:jungle_stairs":14,"minecraft:potted_jungle_sapling":9,"minecraft:cauldron":3,"minecraft:stone_stairs":1,"minecraft:fire_coral_fan":323,"minecraft:warped_nylium":1036,"minecraft:warped_planks":41,"minecraft:oak_log":4953,"minecraft:beetroots":19,"minecraft:lime_terracotta":18,"minecraft:dirt":30339,"minecraft:prismarine_stairs":3,"minecraft:ancient_debris":133,"minecraft:quartz_stairs":76,"minecraft:dark_oak_leaves":13164,"minecraft:red_stained_glass":1,"minecraft:stone_button":41,"minecraft:brown_mushroom_block":20406,"minecraft:soul_campfire":13,"minecraft:acacia_slab":22,"minecraft:crimson_stem":2562,"minecraft:heavy_weighted_pressure_plate":13,"minecraft:light_gray_shulker_box":225,"minecraft:peony":5,"minecraft:bookshelf":342,"minecraft:lime_wall_banner":2,"minecraft:shroomlight":817,"minecraft:wet_sponge":1307,"minecraft:scaffolding":3197,"minecraft:magenta_stained_glass":5,"minecraft:warped_fence":9,"minecraft:oak_fence":241,"minecraft:honey_block":135,"minecraft:lime_carpet":29,"minecraft:red_glazed_terracotta":73,"minecraft:crimson_pressure_plate":5,"minecraft:red_concrete":11,"minecraft:ice":45212,"minecraft:black_wall_banner":9,"minecraft:white_wall_banner":8,"minecraft:flower_pot":17,"minecraft:yellow_concrete":199,"minecraft:purple_shulker_box":210,"minecraft:mossy_stone_bricks":593,"minecraft:crimson_fence":3,"minecraft:jungle_wall_sign":11,"minecraft:light_blue_concrete":24,"minecraft:jungle_leaves":4109,"minecraft:warped_stairs":17,"minecraft:obsidian":505,"minecraft:crimson_trapdoor":147,"minecraft:horn_coral_fan":344,"minecraft:coal_block":7,"minecraft:purpur_slab":47,"minecraft:bubble_coral_block":679,"minecraft:crimson_fungus":169,"minecraft:oxeye_daisy":76,"minecraft:light_blue_stained_glass":300,"minecraft:orange_concrete":820,"minecraft:tall_seagrass":5187,"minecraft:pumpkin":257,"minecraft:stripped_dark_oak_wood":33,"minecraft:oak_stairs":63,"minecraft:piston_head":22,"minecraft:player_wall_head":7,"minecraft:polished_andesite_stairs":16,"minecraft:green_concrete_powder":772,"minecraft:glass":139,"minecraft:smooth_sandstone_slab":343,"minecraft:lilac":7,"minecraft:lime_concrete":1,"minecraft:loom":12,"minecraft:purple_concrete_powder":7,"minecraft:stripped_birch_wood":68,"minecraft:blue_shulker_box":59,"minecraft:yellow_stained_glass":2,"minecraft:piston":182,"minecraft:yellow_terracotta":6554,"minecraft:light_blue_stained_glass_pane":120,"minecraft:pink_shulker_box":130,"minecraft:stripped_birch_log":151,"minecraft:jack_o_lantern":168,"minecraft:shulker_box":5535,"minecraft:nether_bricks":7006,"minecraft:allium":23,"minecraft:orange_shulker_box":195,"minecraft:magenta_concrete":3,"minecraft:kelp":88,"minecraft:horn_coral_wall_fan":333,"minecraft:pink_wool":7,"minecraft:black_stained_glass_pane":1,"minecraft:snow":90341,"minecraft:diamond_block":140,"minecraft:warped_wall_sign":25,"minecraft:magenta_concrete_powder":2,"minecraft:bamboo_sapling":15,"minecraft:gray_concrete":26,"minecraft:brown_carpet":25,"minecraft:spruce_button":74,"minecraft:dropper":183,"minecraft:dried_kelp_block":25,"minecraft:mycelium":9977,"minecraft:acacia_planks":135,"minecraft:spruce_fence_gate":17,"minecraft:black_shulker_box":672,"minecraft:dead_tube_coral_block":1,"minecraft:gray_banner":1,"minecraft:blue_concrete":8,"minecraft:glowstone":355,"minecraft:target":82,"minecraft:azure_bluet":23,"minecraft:dark_oak_stairs":262,"minecraft:brown_glazed_terracotta":8,"minecraft:warped_button":1,"minecraft:end_stone_bricks":326,"minecraft:polished_granite_stairs":4,"minecraft:cyan_terracotta":460,"minecraft:soul_lantern":21,"minecraft:chiseled_quartz_block":11,"minecraft:poppy":213,"minecraft:cobblestone":540,"minecraft:birch_wood":20,"minecraft:magenta_shulker_box":105,"minecraft:acacia_sapling":27,"minecraft:brown_concrete_powder":9,"minecraft:birch_trapdoor":28,"minecraft:light_gray_wool":4,"minecraft:stripped_oak_wood":39,"minecraft:yellow_stained_glass_pane":37,"minecraft:acacia_fence":6,"minecraft:crimson_planks":357,"minecraft:netherrack":75832,"minecraft:redstone_lamp":59,"minecraft:diamond_ore":1266,"minecraft:brick_stairs":54,"minecraft:weeping_vines":108,"minecraft:sandstone":9379,"minecraft:potted_dark_oak_sapling":4,"minecraft:black_concrete":68,"minecraft:bell":7,"minecraft:dead_horn_coral_block":2,"minecraft:crimson_door":2,"minecraft:redstone_wall_torch":75,"minecraft:podzol":1101,"minecraft:light_blue_shulker_box":584,"minecraft:infested_stone_bricks":11,"minecraft:crafting_table":214,"minecraft:oak_wood":35,"minecraft:rose_bush":2,"minecraft:lily_pad":172,"minecraft:blue_bed":656,"minecraft:spruce_stairs":363,"minecraft:gray_wool":31,"minecraft:cactus":24,"minecraft:gray_concrete_powder":35,"minecraft:beehive":373,"minecraft:magenta_terracotta":1,"minecraft:sweet_berry_bush":82,"minecraft:coal_ore":11401,"minecraft:gray_carpet":113,"minecraft:terracotta":42287,"minecraft:crimson_wall_sign":2,"minecraft:polished_andesite":663,"minecraft:acacia_wall_sign":1,"minecraft:warped_slab":111}},"DataVersion":2584}