{"stats":{"minecraft:killed":{"minecraft:cod":73,"minecraft:pillager":69,"minecraft:zombie":128,"minecraft:vindicator":1,"minecraft:husk":8,"minecraft:rabbit":1,"minecraft:spider":19,"minecraft:piglin":25,"minecraft:zombie_villager":4,"minecraft:trader_llama":3,"minecraft:mooshroom":1,"minecraft:hoglin":4,"minecraft:squid":7,"minecraft:wither_skeleton":2,"minecraft:player":11,"minecraft:cave_spider":807,"minecraft:dolphin":1,"minecraft:skeleton":79,"minecraft:chicken":8,"minecraft:magma_cube":158,"minecraft:cow":1416,"minecraft:wandering_trader":2,"minecraft:enderman":7279,"minecraft:pig":4,"minecraft:creeper":51,"minecraft:stray":1,"minecraft:blaze":12,"minecraft:bat":1},"minecraft:picked_up":{"minecraft:smithing_table":65,"minecraft:lead":38,"minecraft:stone_slab":421,"minecraft:enchanted_book":10,"minecraft:blue_concrete":63,"minecraft:music_disc_cat":2,"minecraft:polished_blackstone_brick_stairs":20,"minecraft:string":1628,"minecraft:shroomlight":119,"minecraft:diamond_leggings":10,"minecraft:warped_slab":16,"minecraft:crimson_sign":2,"minecraft:diamond_ore":424,"minecraft:polished_blackstone_brick_slab":18,"minecraft:polished_blackstone_stairs":3,"minecraft:jukebox":5,"minecraft:acacia_log":192,"minecraft:cyan_stained_glass":9,"minecraft:honeycomb_block":156,"minecraft:warped_door":8,"minecraft:golden_chestplate":1,"minecraft:gray_shulker_box":3,"minecraft:brown_carpet":10,"minecraft:orange_bed":1,"minecraft:stone_sword":2,"minecraft:lime_carpet":2,"minecraft:blackstone_wall":131,"minecraft:polished_basalt":48,"minecraft:red_tulip":31,"minecraft:glowstone":221,"minecraft:end_rod":12,"minecraft:white_terracotta":430,"minecraft:blaze_rod":73,"minecraft:iron_bars":68,"minecraft:snowball":28,"minecraft:sponge":176,"minecraft:feather":28,"minecraft:cooked_beef":659,"minecraft:water_bucket":9,"minecraft:brown_wool":57,"minecraft:flint":144,"minecraft:lantern":354,"minecraft:gray_concrete_powder":1,"minecraft:purple_carpet":2,"minecraft:stonecutter":24,"minecraft:dark_oak_sign":4,"minecraft:diamond_helmet":1,"minecraft:rabbit":2,"minecraft:lime_terracotta":3,"minecraft:stripped_spruce_log":154,"minecraft:polished_andesite":49,"minecraft:lever":12,"minecraft:granite":2098,"minecraft:spruce_button":2,"minecraft:cyan_dye":1,"minecraft:light_gray_carpet":1,"minecraft:crimson_roots":96,"minecraft:diamond_pickaxe":31,"minecraft:bee_nest":2,"minecraft:clay_ball":60,"minecraft:leather_leggings":26,"minecraft:dragon_head":1,"minecraft:cornflower":23,"minecraft:elytra":19,"minecraft:acacia_door":2,"minecraft:flint_and_steel":4,"minecraft:white_carpet":145,"minecraft:white_stained_glass":20,"minecraft:iron_shovel":3,"minecraft:polished_blackstone_wall":75,"minecraft:glass_pane":173,"minecraft:netherite_sword":8,"minecraft:jungle_sapling":48,"minecraft:poppy":58,"minecraft:spruce_slab":61,"minecraft:minecart":3,"minecraft:birch_sapling":251,"minecraft:piston":12,"minecraft:diamond_hoe":1,"minecraft:lime_shulker_box":77,"minecraft:stone":27498,"minecraft:music_disc_mellohi":1,"minecraft:white_dye":3,"minecraft:netherite_pickaxe":22,"minecraft:cyan_shulker_box":25,"minecraft:jungle_sign":1,"minecraft:diamond_chestplate":1,"minecraft:stone_shovel":1,"minecraft:hay_block":3,"minecraft:yellow_terracotta":359,"minecraft:totem_of_undying":4,"minecraft:polished_blackstone":86,"minecraft:mutton":7,"minecraft:rail":259,"minecraft:bone_block":7,"minecraft:emerald_ore":2,"minecraft:oxeye_daisy":76,"minecraft:lime_bed":4,"minecraft:birch_leaves":958,"minecraft:yellow_shulker_box":59,"minecraft:tripwire_hook":4,"minecraft:fern":182,"minecraft:blackstone_slab":60,"minecraft:lily_pad":98,"minecraft:paper":220,"minecraft:apple":74,"minecraft:light_gray_glazed_terracotta":54,"minecraft:warped_stem":495,"minecraft:oak_fence_gate":2,"minecraft:stone_pickaxe":2,"minecraft:iron_ore":3255,"minecraft:dark_oak_stairs":105,"minecraft:polished_andesite_stairs":39,"minecraft:milk_bucket":4,"minecraft:sweet_berries":8,"minecraft:red_wool":7,"minecraft:lime_concrete":33,"minecraft:crimson_stairs":2,"minecraft:diamond_shovel":7,"minecraft:coal_ore":4424,"minecraft:painting":20,"minecraft:birch_sign":394,"minecraft:polished_blackstone_brick_wall":1,"minecraft:smooth_quartz_slab":15,"minecraft:hopper":96,"minecraft:prismarine_stairs":17,"minecraft:black_carpet":8930,"minecraft:light_blue_concrete":10,"minecraft:ender_chest":17,"minecraft:stone_brick_stairs":154,"minecraft:warped_stairs":13,"minecraft:lapis_block":351,"minecraft:smooth_stone":330,"minecraft:bucket":12,"minecraft:red_dye":36,"minecraft:white_tulip":52,"minecraft:rose_bush":99,"minecraft:cobblestone_slab":35,"minecraft:iron_pickaxe":5,"minecraft:smooth_quartz":206,"minecraft:smooth_quartz_stairs":6,"minecraft:blue_wool":2,"minecraft:birch_trapdoor":2,"minecraft:spruce_stairs":43,"minecraft:netherite_shovel":11,"minecraft:diorite":2886,"minecraft:vine":9,"minecraft:andesite_wall":283,"minecraft:rotten_flesh":356,"minecraft:music_disc_ward":1,"minecraft:brown_shulker_box":3,"minecraft:music_disc_wait":15,"minecraft:obsidian":156,"minecraft:blaze_powder":1,"minecraft:cobblestone":16312,"minecraft:leather_chestplate":27,"minecraft:lilac":76,"minecraft:andesite":4569,"minecraft:golden_leggings":1,"minecraft:black_bed":1,"minecraft:beacon":1,"minecraft:potato":106,"minecraft:smooth_sandstone_stairs":389,"minecraft:prismarine_bricks":2,"minecraft:dirt":16392,"minecraft:stripped_birch_log":7,"minecraft:name_tag":1,"minecraft:glass":318,"minecraft:bone":505,"minecraft:bow":35,"minecraft:wheat_seeds":9186,"minecraft:orange_tulip":57,"minecraft:crimson_fence_gate":1,"minecraft:grindstone":4,"minecraft:netherite_axe":11,"minecraft:bamboo":614,"minecraft:prismarine":40,"minecraft:light_blue_shulker_box":13,"minecraft:nether_brick_stairs":48,"minecraft:grass_block":146,"minecraft:diamond_block":161,"minecraft:jungle_slab":3381,"minecraft:mossy_cobblestone":5,"minecraft:jungle_leaves":64,"minecraft:light_gray_terracotta":619,"minecraft:yellow_carpet":3,"minecraft:netherite_helmet":9,"minecraft:soul_lantern":88,"minecraft:crossbow":12,"minecraft:bone_meal":445,"minecraft:grass":81,"minecraft:spruce_sign":91,"minecraft:emerald":67,"minecraft:netherrack":8761,"minecraft:chorus_fruit":872,"minecraft:andesite_slab":61,"minecraft:oak_leaves":33918,"minecraft:azure_bluet":42,"minecraft:splash_potion":1,"minecraft:ladder":69,"minecraft:brown_mushroom":119,"minecraft:stone_brick_wall":36,"minecraft:chain":62,"minecraft:shield":1,"minecraft:mycelium":7,"minecraft:magenta_wool":241,"minecraft:blackstone":3212,"minecraft:blue_orchid":1,"minecraft:lime_wool":10,"minecraft:polished_blackstone_bricks":9,"minecraft:music_disc_11":1,"minecraft:cookie":198,"minecraft:brown_concrete_powder":13,"minecraft:trident":1,"minecraft:light_blue_bed":50,"minecraft:light_gray_stained_glass_pane":29,"minecraft:weeping_vines":48,"minecraft:red_shulker_box":338,"minecraft:nether_bricks":44,"minecraft:stripped_dark_oak_wood":1,"minecraft:pink_tulip":69,"minecraft:netherite_boots":11,"minecraft:basalt":1385,"minecraft:prismarine_slab":63,"minecraft:dark_oak_button":1,"minecraft:golden_carrot":158,"minecraft:leather":4114,"minecraft:music_disc_stal":3,"minecraft:crimson_fungus":19,"minecraft:yellow_bed":2,"minecraft:cobblestone_wall":140,"minecraft:gunpowder":76,"minecraft:orange_terracotta":939,"minecraft:cooked_mutton":14,"minecraft:red_carpet":10,"minecraft:gray_carpet":1363,"minecraft:rabbit_hide":2,"minecraft:spruce_wood":1,"minecraft:iron_ingot":56,"minecraft:polished_andesite_slab":70,"minecraft:pink_bed":2,"minecraft:emerald_block":2,"minecraft:nether_quartz_ore":406,"minecraft:warped_fungus":71,"minecraft:stone_brick_slab":282,"minecraft:quartz":1113,"minecraft:dandelion":39,"minecraft:lava_bucket":6,"minecraft:red_banner":8,"minecraft:nether_brick_slab":38,"minecraft:spruce_door":2,"minecraft:cut_red_sandstone":5,"minecraft:light_blue_concrete_powder":171,"minecraft:pumpkin_seeds":29,"minecraft:white_concrete_powder":13,"minecraft:chainmail_leggings":1,"minecraft:terracotta":3295,"minecraft:damaged_anvil":2,"minecraft:netherite_hoe":3,"minecraft:dark_oak_wood":19,"minecraft:sunflower":37,"minecraft:iron_chestplate":2,"minecraft:flower_pot":9,"minecraft:anvil":6,"minecraft:magenta_carpet":3,"minecraft:diamond_sword":22,"minecraft:oak_stairs":2,"minecraft:golden_shovel":1,"minecraft:golden_sword":1,"minecraft:dark_oak_trapdoor":1,"minecraft:soul_soil":88,"minecraft:beetroot":163,"minecraft:gold_nugget":194,"minecraft:crimson_fence":28,"minecraft:spruce_planks":614,"minecraft:written_book":40,"minecraft:flower_banner_pattern":1,"minecraft:coal_block":1781,"minecraft:melon_slice":64,"minecraft:golden_helmet":3,"minecraft:white_glazed_terracotta":26,"minecraft:crimson_pressure_plate":1,"minecraft:music_disc_blocks":7,"minecraft:composter":6,"minecraft:green_bed":2,"minecraft:sandstone_wall":1,"minecraft:warped_planks":37,"minecraft:black_dye":28,"minecraft:tropical_fish":1,"minecraft:iron_block":158,"minecraft:blue_dye":5,"minecraft:cyan_terracotta":303,"minecraft:birch_log":1158,"minecraft:magma_block":144,"minecraft:iron_door":6,"minecraft:jungle_log":86,"minecraft:smoker":1,"minecraft:magenta_bed":21,"minecraft:netherite_leggings":12,"minecraft:gray_concrete":35,"minecraft:twisting_vines":62,"minecraft:chipped_anvil":6,"minecraft:glowstone_dust":10,"minecraft:gray_glazed_terracotta":4,"minecraft:warped_wart_block":2157,"minecraft:dropper":9,"minecraft:ink_sac":76,"minecraft:crimson_door":3,"minecraft:barrel":97,"minecraft:dark_oak_log":1437,"minecraft:red_terracotta":642,"minecraft:quartz_bricks":142,"minecraft:stripped_acacia_log":1,"minecraft:dispenser":6,"minecraft:black_concrete_powder":133,"minecraft:writable_book":5,"minecraft:bread":3,"minecraft:dark_oak_fence":12,"minecraft:spruce_leaves":516,"minecraft:lime_stained_glass_pane":7,"minecraft:coarse_dirt":315,"minecraft:crafting_table":100,"minecraft:sandstone_slab":74,"minecraft:purple_wool":93,"minecraft:nether_wart":175,"minecraft:compass":2,"minecraft:cracked_stone_bricks":118,"minecraft:cartography_table":2,"minecraft:beef":4473,"minecraft:cyan_wool":7,"minecraft:iron_nugget":4,"minecraft:quartz_stairs":65,"minecraft:chest":291,"minecraft:egg":27,"minecraft:sandstone":5036,"minecraft:oak_door":2,"minecraft:spruce_fence":11,"minecraft:cake":2,"minecraft:carrot":959,"minecraft:redstone":13334,"minecraft:prismarine_crystals":4,"minecraft:tnt":3,"minecraft:cooked_cod":4,"minecraft:beetroot_seeds":218,"minecraft:peony":77,"minecraft:tube_coral_fan":4,"minecraft:shears":4,"minecraft:diamond_boots":11,"minecraft:sandstone_stairs":404,"minecraft:gold_ingot":8,"minecraft:white_wool":55,"minecraft:lapis_ore":380,"minecraft:stripped_oak_log":192,"minecraft:red_mushroom":166,"minecraft:filled_map":40,"minecraft:oak_log":4566,"minecraft:ancient_debris":69,"minecraft:jungle_button":1,"minecraft:golden_boots":2,"minecraft:white_banner":8,"minecraft:stone_bricks":1049,"minecraft:kelp":90,"minecraft:music_disc_far":1,"minecraft:cobweb":82,"minecraft:glass_bottle":2,"minecraft:iron_sword":9,"minecraft:prismarine_brick_stairs":14,"minecraft:dark_oak_slab":65,"minecraft:white_stained_glass_pane":5,"minecraft:yellow_concrete":487,"minecraft:gravel":1447,"minecraft:birch_stairs":4,"minecraft:spruce_sapling":300,"minecraft:spruce_log":1617,"minecraft:sea_lantern":282,"minecraft:red_stained_glass":1,"minecraft:firework_rocket":1722,"minecraft:purple_bed":30,"minecraft:polished_diorite":4,"minecraft:stone_axe":4,"minecraft:light_blue_carpet":1,"minecraft:redstone_ore":1924,"minecraft:diamond_axe":9,"minecraft:gray_wool":198,"minecraft:warped_roots":474,"minecraft:oak_button":1,"minecraft:stripped_dark_oak_log":14,"minecraft:melon_seeds":1,"minecraft:warped_nylium":112,"minecraft:crimson_nylium":43,"minecraft:ender_pearl":2086,"minecraft:music_disc_strad":1,"minecraft:wheat":3309,"minecraft:redstone_block":37,"minecraft:potion":4,"minecraft:crimson_planks":65,"minecraft:smooth_stone_slab":228,"minecraft:iron_leggings":2,"minecraft:armor_stand":716,"minecraft:netherite_ingot":2,"minecraft:oak_sign":65,"minecraft:black_shulker_box":32,"minecraft:redstone_torch":17,"minecraft:furnace":17,"minecraft:iron_boots":1,"minecraft:stick":1114,"minecraft:orange_shulker_box":46,"minecraft:jungle_door":1,"minecraft:brown_terracotta":327,"minecraft:oak_fence":26,"minecraft:torch":1220,"minecraft:porkchop":13,"minecraft:dried_kelp":31,"minecraft:quartz_block":85,"minecraft:nether_gold_ore":17,"minecraft:cactus":157,"minecraft:cod":58,"minecraft:magma_cream":41,"minecraft:warped_trapdoor":64,"minecraft:lapis_lazuli":6249,"minecraft:leather_boots":8,"minecraft:bell":2,"minecraft:powered_rail":1,"minecraft:oak_planks":226,"minecraft:stone_hoe":2,"minecraft:black_terracotta":81,"minecraft:cooked_porkchop":7,"minecraft:music_disc_13":1,"minecraft:polished_blackstone_slab":71,"minecraft:jungle_planks":92,"minecraft:sand":4295,"minecraft:lily_of_the_valley":30,"minecraft:dead_bush":32,"minecraft:cyan_bed":4,"minecraft:chiseled_sandstone":74,"minecraft:shulker_box":858,"minecraft:orange_wool":31,"minecraft:dark_prismarine":448,"minecraft:light_gray_concrete":7,"minecraft:dark_prismarine_slab":191,"minecraft:diamond":1345,"minecraft:black_concrete":22,"minecraft:white_concrete":838,"minecraft:oak_sapling":737,"minecraft:bubble_coral_block":1,"minecraft:cocoa_beans":12,"minecraft:charcoal":8,"minecraft:allium":65,"minecraft:chicken":13,"minecraft:gold_block":54,"minecraft:stone_stairs":145,"minecraft:iron_axe":1,"minecraft:quartz_slab":53,"minecraft:item_frame":278,"minecraft:warped_fence":4,"minecraft:cyan_carpet":4,"minecraft:dark_prismarine_stairs":83,"minecraft:andesite_stairs":8,"minecraft:oak_boat":17,"minecraft:player_head":848,"minecraft:lectern":17,"minecraft:sugar_cane":1455,"minecraft:spruce_trapdoor":126,"minecraft:dark_oak_sapling":99,"minecraft:bowl":5,"minecraft:quartz_pillar":123,"minecraft:stone_button":4,"minecraft:dark_oak_planks":375,"minecraft:smooth_sandstone_slab":455,"minecraft:arrow":568,"minecraft:jungle_stairs":1307,"minecraft:soul_campfire":1,"minecraft:wet_sponge":48,"minecraft:crimson_stem":71,"minecraft:birch_planks":729,"minecraft:mushroom_stew":5,"minecraft:nether_wart_block":390,"minecraft:cobblestone_stairs":6,"minecraft:wooden_hoe":1,"minecraft:podzol":30,"minecraft:smooth_sandstone":521,"minecraft:heart_of_the_sea":3,"minecraft:acacia_sapling":34,"minecraft:soul_sand":87,"minecraft:music_disc_chirp":5,"minecraft:purple_concrete":1,"minecraft:green_dye":64,"minecraft:book":83,"minecraft:scaffolding":3131,"minecraft:oak_slab":138,"minecraft:birch_boat":7,"minecraft:pumpkin":15,"minecraft:chiseled_stone_bricks":188,"minecraft:white_bed":74,"minecraft:gold_ore":750,"minecraft:green_carpet":1,"minecraft:spider_eye":722,"minecraft:music_disc_mall":1,"minecraft:lime_dye":1,"minecraft:campfire":48,"minecraft:honey_block":72,"minecraft:iron_helmet":1,"minecraft:black_wool":431,"minecraft:red_concrete":155,"minecraft:coal":11656},"minecraft:killed_by":{"minecraft:ravager":1,"minecraft:zombie":2,"minecraft:skeleton":1,"minecraft:creeper":3,"minecraft:piglin":1,"minecraft:player":14,"minecraft:spider":1},"minecraft:used":{"minecraft:writable_book":145,"minecraft:smooth_quartz_slab":109,"minecraft:dispenser":10,"minecraft:black_carpet":13214,"minecraft:stone":6244,"minecraft:quartz_stairs":67,"minecraft:soul_sand":26,"minecraft:lily_of_the_valley":15,"minecraft:snowball":10,"minecraft:azure_bluet":35,"minecraft:weeping_vines":6,"minecraft:jungle_sapling":8,"minecraft:polished_blackstone_slab":37,"minecraft:lava_bucket":309,"minecraft:quartz_pillar":169,"minecraft:red_wool":94,"minecraft:music_disc_ward":1,"minecraft:quartz_block":92,"minecraft:netherite_hoe":21962,"minecraft:dark_oak_slab":572,"minecraft:bow":251,"minecraft:cooked_cod":27,"minecraft:oak_sapling":527,"minecraft:dark_prismarine_stairs":467,"minecraft:damaged_anvil":1,"minecraft:chorus_fruit":4,"minecraft:prismarine":172,"minecraft:blackstone":488,"minecraft:cactus":15,"minecraft:wooden_pickaxe":11,"minecraft:composter":5,"minecraft:chiseled_quartz_block":20,"minecraft:gray_concrete":142,"minecraft:crimson_fence_gate":1,"minecraft:gray_stained_glass_pane":14,"minecraft:birch_slab":2,"minecraft:white_glazed_terracotta":26,"minecraft:cut_red_sandstone":28,"minecraft:nether_wart_block":28,"minecraft:diamond_sword":4100,"minecraft:coal_block":1336,"minecraft:smithing_table":240,"minecraft:birch_log":53,"minecraft:oak_boat":17,"minecraft:purple_wool":40,"minecraft:polished_blackstone_brick_slab":111,"minecraft:enchanting_table":1,"minecraft:orange_concrete":20,"minecraft:dead_bush":3,"minecraft:armor_stand":2272,"minecraft:light_gray_carpet":27,"minecraft:polished_blackstone_wall":144,"minecraft:torch":2653,"minecraft:brewing_stand":3,"minecraft:nether_quartz_ore":359,"minecraft:light_gray_glazed_terracotta":125,"minecraft:yellow_carpet":23,"minecraft:golden_shovel":19,"minecraft:fern":167,"minecraft:music_disc_mellohi":1,"minecraft:sea_lantern":200,"minecraft:chipped_anvil":3,"minecraft:iron_block":101,"minecraft:barrel":168,"minecraft:bamboo":33,"minecraft:basalt":420,"minecraft:lime_concrete":338,"minecraft:warped_stairs":37,"minecraft:podzol":28,"minecraft:wheat_seeds":3365,"minecraft:warped_stem":195,"minecraft:light_blue_shulker_box":13,"minecraft:birch_planks":702,"minecraft:gold_ore":8,"minecraft:diamond_block":67,"minecraft:rail":269,"minecraft:white_bed":77,"minecraft:campfire":55,"minecraft:spruce_log":385,"minecraft:music_disc_strad":1,"minecraft:mushroom_stem":12,"minecraft:diamond_pickaxe":84142,"minecraft:warped_trapdoor":212,"minecraft:diamond_shovel":11234,"minecraft:oak_button":1,"minecraft:spruce_pressure_plate":1,"minecraft:spruce_trapdoor":224,"minecraft:spruce_sapling":105,"minecraft:pink_bed":7,"minecraft:green_carpet":1,"minecraft:potion":6,"minecraft:purple_bed":174,"minecraft:crimson_stairs":4,"minecraft:cooked_porkchop":6,"minecraft:warped_fence_gate":1,"minecraft:andesite_stairs":20,"minecraft:stripped_oak_log":85,"minecraft:dandelion":2,"minecraft:light_gray_stained_glass_pane":110,"minecraft:polished_basalt":227,"minecraft:nether_wart":87,"minecraft:grass":49,"minecraft:spruce_leaves":337,"minecraft:jungle_planks":1,"minecraft:beehive":1,"minecraft:music_disc_13":1,"minecraft:obsidian":39,"minecraft:spruce_wood":31,"minecraft:lantern":286,"minecraft:polished_blackstone_brick_wall":1,"minecraft:warped_nylium":82,"minecraft:light_blue_bed":54,"minecraft:item_frame":257,"minecraft:birch_trapdoor":189,"minecraft:jungle_button":1,"minecraft:written_book":31541,"minecraft:gold_block":50,"minecraft:dark_oak_sapling":81,"minecraft:end_rod":30,"minecraft:dropper":7,"minecraft:gray_carpet":954,"minecraft:stone_pickaxe":263,"minecraft:oak_planks":118,"minecraft:prismarine_stairs":89,"minecraft:sandstone":1352,"minecraft:sugar_cane":215,"minecraft:diamond_axe":6233,"minecraft:white_wool":854,"minecraft:light_blue_concrete":329,"minecraft:mushroom_stew":5,"minecraft:yellow_concrete":562,"minecraft:crossbow":4,"minecraft:sticky_piston":6,"minecraft:black_terracotta":156,"minecraft:lever":14,"minecraft:acacia_door":3,"minecraft:dark_oak_log":1462,"minecraft:bread":3,"minecraft:brown_wool":64,"minecraft:warped_slab":41,"minecraft:iron_door":6,"minecraft:chain":367,"minecraft:smooth_stone_slab":137,"minecraft:coarse_dirt":300,"minecraft:bone_meal":1395,"minecraft:netherite_sword":2965,"minecraft:rose_bush":2,"minecraft:white_tulip":19,"minecraft:crimson_fence":36,"minecraft:flint_and_steel":23,"minecraft:dried_kelp":75,"minecraft:redstone":63,"minecraft:ender_chest":15,"minecraft:brown_shulker_box":3,"minecraft:stone_hoe":115,"minecraft:cooked_chicken":3,"minecraft:dirt":6827,"minecraft:prismarine_bricks":10,"minecraft:bee_nest":1,"minecraft:spruce_fence":49,"minecraft:warped_pressure_plate":1,"minecraft:iron_hoe":81,"minecraft:wooden_axe":70,"minecraft:brown_terracotta":8,"minecraft:oak_stairs":16,"minecraft:smooth_sandstone":901,"minecraft:soul_soil":58,"minecraft:lime_stained_glass":8,"minecraft:netherite_pickaxe":39187,"minecraft:minecart":4,"minecraft:cooked_beef":1445,"minecraft:pumpkin":28,"minecraft:light_gray_bed":5,"minecraft:quartz_bricks":264,"minecraft:cobblestone_stairs":15,"minecraft:snow_block":25,"minecraft:baked_potato":10,"minecraft:birch_boat":11,"minecraft:brown_mushroom":1,"minecraft:spruce_sign":112,"minecraft:green_bed":5,"minecraft:warped_roots":23,"minecraft:music_disc_cat":2,"minecraft:dark_prismarine_slab":718,"minecraft:magenta_bed":28,"minecraft:warped_planks":37,"minecraft:cyan_stained_glass":6,"minecraft:piston":12,"minecraft:wooden_hoe":6,"minecraft:flower_pot":16,"minecraft:black_wool":492,"minecraft:lapis_ore":317,"minecraft:stone_slab":3091,"minecraft:jungle_stairs":1,"minecraft:yellow_wool":30,"minecraft:stone_axe":342,"minecraft:crimson_fungus":7,"minecraft:lapis_block":587,"minecraft:gray_wool":10,"minecraft:birch_stairs":11,"minecraft:peony":28,"minecraft:music_disc_far":1,"minecraft:spruce_slab":331,"minecraft:polished_blackstone":143,"minecraft:ladder":136,"minecraft:chest":521,"minecraft:acacia_sapling":13,"minecraft:jungle_slab":185,"minecraft:allium":53,"minecraft:orange_wool":99,"minecraft:stripped_spruce_log":40,"minecraft:honey_block":314,"minecraft:netherite_shovel":5180,"minecraft:warped_hyphae":7,"minecraft:grass_block":132,"minecraft:birch_sapling":37,"minecraft:polished_andesite_stairs":184,"minecraft:orange_shulker_box":45,"minecraft:wet_sponge":48,"minecraft:music_disc_chirp":5,"minecraft:music_disc_wait":14,"minecraft:dark_oak_button":1,"minecraft:stone_brick_stairs":893,"minecraft:music_disc_stal":3,"minecraft:sweet_berries":6,"minecraft:furnace":29,"minecraft:egg":131,"minecraft:potato":28,"minecraft:dragon_head":2,"minecraft:brown_concrete_powder":12,"minecraft:light_blue_carpet":1,"minecraft:diorite":225,"minecraft:spruce_door":3,"minecraft:stripped_birch_log":6,"minecraft:red_stained_glass":1,"minecraft:blackstone_stairs":4,"minecraft:orange_tulip":30,"minecraft:oak_leaves":472,"minecraft:cookie":2,"minecraft:smooth_quartz_stairs":6,"minecraft:dark_oak_trapdoor":6,"minecraft:sand":2305,"minecraft:black_concrete_powder":332,"minecraft:pumpkin_seeds":7,"minecraft:chiseled_sandstone":128,"minecraft:stone_button":16,"minecraft:lectern":15,"minecraft:red_terracotta":335,"minecraft:polished_granite":2,"minecraft:diamond_ore":415,"minecraft:lilac":38,"minecraft:polished_andesite_slab":49,"minecraft:soul_lantern":89,"minecraft:dark_oak_fence":244,"minecraft:white_stained_glass":20,"minecraft:iron_bars":122,"minecraft:stone_sword":41,"minecraft:acacia_log":3,"minecraft:red_concrete":244,"minecraft:sandstone_wall":162,"minecraft:netherrack":2935,"minecraft:orange_bed":37,"minecraft:anvil":23,"minecraft:warped_wart_block":262,"minecraft:twisting_vines":22,"minecraft:crimson_hyphae":6,"minecraft:stone_stairs":610,"minecraft:nether_brick_slab":8,"minecraft:blue_concrete":60,"minecraft:nether_brick_stairs":28,"minecraft:polished_diorite":27,"minecraft:shroomlight":65,"minecraft:red_shulker_box":330,"minecraft:cyan_shulker_box":28,"minecraft:iron_axe":1004,"minecraft:spruce_button":1,"minecraft:warped_fence":20,"minecraft:smooth_quartz":343,"minecraft:prismarine_slab":134,"minecraft:tripwire_hook":5,"minecraft:purple_concrete":46,"minecraft:glowstone":91,"minecraft:gray_glazed_terracotta":4,"minecraft:iron_trapdoor":1,"minecraft:magenta_wool":109,"minecraft:crimson_pressure_plate":1,"minecraft:crimson_stem":19,"minecraft:water_bucket":349,"minecraft:sandstone_stairs":1978,"minecraft:yellow_shulker_box":58,"minecraft:lime_wool":70,"minecraft:cartography_table":2,"minecraft:smooth_sandstone_slab":434,"minecraft:red_mushroom_block":37,"minecraft:polished_blackstone_bricks":493,"minecraft:cracked_stone_bricks":358,"minecraft:lime_terracotta":3,"minecraft:vine":9,"minecraft:oak_slab":199,"minecraft:tnt":32,"minecraft:crafting_table":122,"minecraft:birch_sign":337,"minecraft:lime_shulker_box":75,"minecraft:cake":1,"minecraft:oak_log":529,"minecraft:dark_prismarine":276,"minecraft:cornflower":20,"minecraft:oxeye_daisy":40,"minecraft:sunflower":14,"minecraft:iron_pickaxe":11989,"minecraft:music_disc_blocks":8,"minecraft:crimson_nylium":24,"minecraft:crimson_sign":2,"minecraft:chiseled_stone_bricks":226,"minecraft:cobblestone":1383,"minecraft:sandstone_slab":191,"minecraft:glass_pane":579,"minecraft:brown_mushroom_block":31,"minecraft:jukebox":5,"minecraft:iron_shovel":1819,"minecraft:diamond_hoe":2549,"minecraft:oak_sign":419,"minecraft:white_concrete_powder":291,"minecraft:white_terracotta":51,"minecraft:iron_sword":997,"minecraft:player_head":544,"minecraft:smooth_sandstone_stairs":570,"minecraft:nether_bricks":13,"minecraft:prismarine_brick_stairs":112,"minecraft:carrot":326,"minecraft:music_disc_11":1,"minecraft:cyan_wool":43,"minecraft:milk_bucket":22,"minecraft:glass":833,"minecraft:cyan_terracotta":51,"minecraft:coal_ore":3167,"minecraft:quartz_slab":118,"minecraft:dark_oak_wood":110,"minecraft:gray_concrete_powder":20,"minecraft:crimson_roots":1,"minecraft:stone_bricks":5258,"minecraft:repeater":2,"minecraft:red_carpet":32,"minecraft:honeycomb_block":269,"minecraft:magma_block":80,"minecraft:brown_carpet":14,"minecraft:warped_fungus":44,"minecraft:hay_block":10,"minecraft:scaffolding":2896,"minecraft:beetroot_seeds":107,"minecraft:polished_blackstone_stairs":7,"minecraft:chiseled_polished_blackstone":4,"minecraft:dark_oak_stairs":328,"minecraft:dark_oak_sign":3,"minecraft:birch_leaves":326,"minecraft:ender_pearl":18,"minecraft:redstone_block":38,"minecraft:blue_bed":6,"minecraft:loom":1,"minecraft:sponge":17,"minecraft:blackstone_wall":82,"minecraft:stone_brick_wall":75,"minecraft:black_bed":1,"minecraft:shears":15887,"minecraft:redstone_torch":16,"minecraft:black_concrete":447,"minecraft:firework_rocket":236,"minecraft:gray_shulker_box":2,"minecraft:birch_fence_gate":2,"minecraft:cyan_bed":12,"minecraft:music_disc_mall":1,"minecraft:lime_carpet":1,"minecraft:light_gray_concrete":112,"minecraft:string":15,"minecraft:gravel":150,"minecraft:blackstone_slab":738,"minecraft:grindstone":5,"minecraft:crimson_door":3,"minecraft:andesite":442,"minecraft:warped_button":1,"minecraft:white_concrete":2613,"minecraft:cobweb":1,"minecraft:oak_fence":51,"minecraft:jungle_leaves":320,"minecraft:redstone_ore":1603,"minecraft:stone_shovel":2101,"minecraft:spruce_planks":654,"minecraft:wooden_shovel":236,"minecraft:oak_door":1,"minecraft:white_carpet":285,"minecraft:hopper":208,"minecraft:spruce_stairs":175,"minecraft:cobblestone_wall":115,"minecraft:warped_door":15,"minecraft:shulker_box":841,"minecraft:granite":67,"minecraft:andesite_wall":227,"minecraft:stone_brick_slab":3151,"minecraft:dark_oak_planks":931,"minecraft:red_tulip":3,"minecraft:bookshelf":37,"minecraft:polished_blackstone_brick_stairs":48,"minecraft:crimson_planks":2,"minecraft:golden_carrot":409,"minecraft:white_stained_glass_pane":20,"minecraft:stone_pressure_plate":5,"minecraft:pink_tulip":19,"minecraft:iron_ore":10,"minecraft:glass_bottle":36,"minecraft:polished_andesite":1852,"minecraft:blue_wool":34,"minecraft:andesite_slab":277,"minecraft:black_shulker_box":32,"minecraft:stonecutter":21,"minecraft:cobblestone_slab":155,"minecraft:terracotta":400,"minecraft:stripped_dark_oak_log":14,"minecraft:lime_bed":10,"minecraft:painting":22,"minecraft:smoker":1,"minecraft:map":6,"minecraft:netherite_axe":11584,"minecraft:white_banner":3,"minecraft:jungle_door":1,"minecraft:red_banner":112,"minecraft:bucket":588,"minecraft:yellow_bed":8,"minecraft:purple_carpet":1,"minecraft:smooth_stone":166,"minecraft:splash_potion":4},"minecraft:broken":{"minecraft:wooden_shovel":4,"minecraft:shears":65,"minecraft:diamond_shovel":3,"minecraft:diamond_pickaxe":2,"minecraft:iron_pickaxe":20,"minecraft:iron_shovel":6,"minecraft:stone_pickaxe":2,"minecraft:stone_axe":1,"minecraft:stone_shovel":15,"minecraft:iron_sword":2,"minecraft:iron_axe":4,"minecraft:golden_helmet":1,"minecraft:wooden_axe":1},"minecraft:custom":{"minecraft:interact_with_crafting_table":1816,"minecraft:damage_blocked_by_shield":760,"minecraft:deaths":41,"minecraft:jump":89687,"minecraft:play_record":39,"minecraft:interact_with_cartography_table":13,"minecraft:interact_with_smoker":66,"minecraft:inspect_dispenser":22,"minecraft:horse_one_cm":442490,"minecraft:inspect_dropper":50,"minecraft:interact_with_anvil":246,"minecraft:inspect_hopper":345,"minecraft:tune_noteblock":15,"minecraft:time_since_rest":1187,"minecraft:swim_one_cm":629394,"minecraft:open_chest":9335,"minecraft:open_shulker_box":12748,"minecraft:damage_resisted":1658,"minecraft:talked_to_villager":137,"minecraft:interact_with_brewingstand":78,"minecraft:interact_with_beacon":1,"minecraft:boat_one_cm":4937584,"minecraft:damage_taken":88832,"minecraft:aviate_one_cm":112055123,"minecraft:open_barrel":2211,"minecraft:bell_ring":50,"minecraft:eat_cake_slice":3,"minecraft:leave_game":560,"minecraft:time_since_death":28078,"minecraft:enchant_item":61,"minecraft:interact_with_furnace":776,"minecraft:traded_with_villager":365,"minecraft:sleep_in_bed":968,"minecraft:damage_dealt":610568,"minecraft:interact_with_smithing_table":73,"minecraft:target_hit":39,"minecraft:sneak_time":2058341,"minecraft:interact_with_lectern":223,"minecraft:interact_with_blast_furnace":5,"minecraft:interact_with_stonecutter":109,"minecraft:fly_one_cm":12201091,"minecraft:fall_one_cm":1310768,"minecraft:animals_bred":1445,"minecraft:sprint_one_cm":65784235,"minecraft:drop":893,"minecraft:walk_on_water_one_cm":674479,"minecraft:play_one_minute":25842246,"minecraft:interact_with_loom":7,"minecraft:open_enderchest":203,"minecraft:player_kills":14,"minecraft:crouch_one_cm":6709356,"minecraft:mob_kills":11067,"minecraft:climb_one_cm":1861126,"minecraft:walk_one_cm":73866347,"minecraft:walk_under_water_one_cm":1106831,"minecraft:raid_trigger":1,"minecraft:pot_flower":16,"minecraft:interact_with_grindstone":2,"minecraft:minecart_one_cm":47646},"minecraft:mined":{"minecraft:dragon_wall_head":1,"minecraft:red_shulker_box":334,"minecraft:white_bed":70,"minecraft:pink_bed":2,"minecraft:cyan_shulker_box":23,"minecraft:granite":3094,"minecraft:acacia_log":201,"minecraft:brown_wool":1,"minecraft:blue_wool":6,"minecraft:oak_wall_sign":10,"minecraft:nether_wart":63,"minecraft:polished_blackstone_bricks":9,"minecraft:magma_block":147,"minecraft:dark_oak_trapdoor":1,"minecraft:fire":2126,"minecraft:barrel":92,"minecraft:nether_brick_stairs":28,"minecraft:twisting_vines":13,"minecraft:potted_dandelion":2,"minecraft:light_gray_concrete":4,"minecraft:green_carpet":1,"minecraft:pink_tulip":68,"minecraft:spruce_wood":1,"minecraft:player_head":247,"minecraft:tripwire":6,"minecraft:orange_bed":1,"minecraft:sandstone_slab":10,"minecraft:kelp_plant":29,"minecraft:crimson_nylium":43,"minecraft:torch":324,"minecraft:dark_oak_wood":20,"minecraft:white_stained_glass_pane":5,"minecraft:dead_bush":60,"minecraft:nether_brick_slab":6,"minecraft:spruce_wall_sign":20,"minecraft:smooth_quartz_slab":15,"minecraft:lime_shulker_box":76,"minecraft:tube_coral_fan":1,"minecraft:sugar_cane":778,"minecraft:white_terracotta":411,"minecraft:chain":63,"minecraft:magenta_bed":21,"minecraft:jukebox":4,"minecraft:grass":1752,"minecraft:smooth_quartz":207,"minecraft:sandstone_wall":1,"minecraft:dark_prismarine":103,"minecraft:mossy_cobblestone":6,"minecraft:dark_oak_log":1364,"minecraft:crimson_fence_gate":1,"minecraft:cyan_stained_glass":7,"minecraft:sea_lantern":37,"minecraft:dark_oak_fence":12,"minecraft:spruce_fence":11,"minecraft:redstone_wire":6,"minecraft:cartography_table":2,"minecraft:white_concrete_powder":9,"minecraft:redstone_ore":4738,"minecraft:light_blue_concrete_powder":171,"minecraft:andesite":5939,"minecraft:cobblestone_slab":36,"minecraft:vine":10,"minecraft:rail":268,"minecraft:ender_chest":13,"minecraft:oak_slab":127,"minecraft:birch_stairs":5,"minecraft:redstone_block":37,"minecraft:glass_pane":42,"minecraft:soul_sand":81,"minecraft:lily_of_the_valley":26,"minecraft:potted_lily_of_the_valley":1,"minecraft:polished_blackstone_brick_wall":1,"minecraft:dandelion":27,"minecraft:cornflower":23,"minecraft:prismarine_slab":56,"minecraft:warped_roots":467,"minecraft:campfire":13,"minecraft:tall_grass":568,"minecraft:diorite":3820,"minecraft:warped_wart_block":2158,"minecraft:purple_wool":1,"minecraft:red_terracotta":488,"minecraft:coarse_dirt":17,"minecraft:light_blue_bed":47,"minecraft:cobblestone_wall":72,"minecraft:purple_concrete":1,"minecraft:dark_prismarine_slab":67,"minecraft:dark_oak_button":1,"minecraft:sunflower":2,"minecraft:gravel":1321,"minecraft:cobweb":107,"minecraft:brown_terracotta":271,"minecraft:oak_button":1,"minecraft:birch_sign":32,"minecraft:polished_blackstone":92,"minecraft:stone_bricks":838,"minecraft:chipped_anvil":6,"minecraft:gold_ore":743,"minecraft:fern":9,"minecraft:oak_sapling":24,"minecraft:andesite_stairs":8,"minecraft:orange_wool":5,"minecraft:spruce_trapdoor":117,"minecraft:white_concrete":1003,"minecraft:polished_diorite":4,"minecraft:polished_blackstone_brick_slab":17,"minecraft:composter":3,"minecraft:red_tulip":33,"minecraft:iron_bars":38,"minecraft:spruce_slab":48,"minecraft:brown_shulker_box":3,"minecraft:quartz_block":76,"minecraft:polished_blackstone_wall":76,"minecraft:orange_terracotta":1004,"minecraft:light_gray_terracotta":543,"minecraft:jungle_stairs":440,"minecraft:nether_quartz_ore":959,"minecraft:oak_planks":129,"minecraft:wall_torch":48,"minecraft:stone_stairs":150,"minecraft:warped_nylium":124,"minecraft:dark_oak_slab":63,"minecraft:warped_planks":37,"minecraft:tnt":5,"minecraft:smooth_stone_slab":22,"minecraft:oak_log":4408,"minecraft:beetroots":89,"minecraft:lime_terracotta":3,"minecraft:dirt":6451,"minecraft:prismarine_stairs":17,"minecraft:dispenser":3,"minecraft:ancient_debris":60,"minecraft:quartz_stairs":45,"minecraft:dark_oak_leaves":91,"minecraft:red_stained_glass":1,"minecraft:gray_glazed_terracotta":4,"minecraft:lever":10,"minecraft:ladder":7,"minecraft:tube_coral_wall_fan":3,"minecraft:stone_button":3,"minecraft:brown_mushroom_block":62,"minecraft:spruce_leaves":638,"minecraft:crimson_stem":71,"minecraft:hay_block":3,"minecraft:polished_basalt":47,"minecraft:nether_sprouts":297,"minecraft:peony":4,"minecraft:gold_block":26,"minecraft:bookshelf":16,"minecraft:shroomlight":120,"minecraft:stripped_oak_log":144,"minecraft:wet_sponge":13,"minecraft:acacia_leaves":33,"minecraft:scaffolding":991,"minecraft:stripped_dark_oak_log":14,"minecraft:basalt":1438,"minecraft:warped_fence":4,"minecraft:oak_fence":13,"minecraft:honey_block":68,"minecraft:lime_carpet":1,"minecraft:stone_slab":343,"minecraft:quartz_bricks":150,"minecraft:crimson_pressure_plate":1,"minecraft:red_concrete":183,"minecraft:polished_blackstone_brick_stairs":20,"minecraft:prismarine_bricks":2,"minecraft:birch_planks":657,"minecraft:polished_blackstone_slab":59,"minecraft:bee_nest":1,"minecraft:grass_path":75,"minecraft:black_wool":103,"minecraft:cocoa":4,"minecraft:cyan_carpet":23,"minecraft:flower_pot":1,"minecraft:yellow_concrete":400,"minecraft:cracked_stone_bricks":23,"minecraft:crimson_fence":28,"minecraft:dark_oak_planks":236,"minecraft:dark_prismarine_stairs":71,"minecraft:light_blue_concrete":11,"minecraft:black_terracotta":60,"minecraft:jungle_leaves":19,"minecraft:warped_stairs":13,"minecraft:obsidian":158,"minecraft:stone_brick_wall":5,"minecraft:yellow_carpet":3,"minecraft:jungle_log":22,"minecraft:coal_block":974,"minecraft:crimson_fungus":19,"minecraft:hopper":99,"minecraft:oxeye_daisy":75,"minecraft:chiseled_stone_bricks":86,"minecraft:weeping_vines_plant":18,"minecraft:tall_seagrass":2,"minecraft:pumpkin":13,"minecraft:stripped_dark_oak_wood":1,"minecraft:oak_sign":35,"minecraft:oak_stairs":1,"minecraft:quartz_slab":48,"minecraft:smooth_sandstone_stairs":252,"minecraft:iron_block":13,"minecraft:brown_mushroom":52,"minecraft:player_wall_head":90,"minecraft:soul_fire":27,"minecraft:polished_andesite_stairs":44,"minecraft:glass":80,"minecraft:cyan_bed":4,"minecraft:damaged_anvil":2,"minecraft:smooth_sandstone_slab":143,"minecraft:crimson_stairs":2,"minecraft:spruce_sign":32,"minecraft:cyan_wool":9,"minecraft:black_concrete_powder":30,"minecraft:wheat":3307,"minecraft:lilac":13,"minecraft:lime_concrete":35,"minecraft:warped_fungus":71,"minecraft:black_bed":1,"minecraft:potted_poppy":1,"minecraft:stone_brick_stairs":64,"minecraft:prismarine_brick_stairs":14,"minecraft:oak_fence_gate":1,"minecraft:red_mushroom_block":180,"minecraft:stonecutter":23,"minecraft:cut_red_sandstone":5,"minecraft:piston":12,"minecraft:yellow_terracotta":383,"minecraft:light_gray_stained_glass_pane":5,"minecraft:stripped_birch_log":5,"minecraft:warped_door":4,"minecraft:shulker_box":836,"minecraft:nether_bricks":26,"minecraft:allium":64,"minecraft:jungle_planks":1,"minecraft:crimson_roots":96,"minecraft:orange_shulker_box":42,"minecraft:lime_wool":12,"minecraft:kelp":15,"minecraft:snow":21,"minecraft:diamond_block":118,"minecraft:white_glazed_terracotta":26,"minecraft:potatoes":28,"minecraft:warped_stem":494,"minecraft:warped_trapdoor":66,"minecraft:smooth_quartz_stairs":6,"minecraft:bamboo":44,"minecraft:white_wool":28,"minecraft:smithing_table":65,"minecraft:light_gray_carpet":1,"minecraft:gray_concrete":26,"minecraft:brown_carpet":1,"minecraft:stone_brick_slab":210,"minecraft:jungle_sign":1,"minecraft:smooth_sandstone":326,"minecraft:emerald_ore":2,"minecraft:sponge":48,"minecraft:dropper":7,"minecraft:purple_bed":16,"minecraft:white_carpet":111,"minecraft:spruce_log":1556,"minecraft:birch_leaves":856,"minecraft:quartz_pillar":78,"minecraft:red_wall_banner":8,"minecraft:dark_oak_sign":2,"minecraft:mycelium":2165,"minecraft:black_shulker_box":31,"minecraft:spruce_planks":575,"minecraft:jungle_slab":3767,"minecraft:cobblestone_stairs":7,"minecraft:potted_blue_orchid":1,"minecraft:grass_block":7807,"minecraft:blue_concrete":52,"minecraft:soul_soil":77,"minecraft:sandstone_stairs":331,"minecraft:smooth_stone":71,"minecraft:glowstone":108,"minecraft:iron_ore":3229,"minecraft:black_carpet":8830,"minecraft:anvil":5,"minecraft:azure_bluet":41,"minecraft:dark_oak_stairs":76,"minecraft:purple_carpet":1,"minecraft:birch_wall_sign":232,"minecraft:green_bed":2,"minecraft:cyan_terracotta":303,"minecraft:blackstone":3163,"minecraft:twisting_vines_plant":21,"minecraft:melon_stem":1,"minecraft:soul_lantern":35,"minecraft:clay":15,"minecraft:poppy":49,"minecraft:chest":300,"minecraft:mushroom_stem":31,"minecraft:cobblestone":550,"minecraft:honeycomb_block":156,"minecraft:slime_block":1,"minecraft:grindstone":4,"minecraft:prismarine":41,"minecraft:seagrass":3,"minecraft:light_gray_glazed_terracotta":34,"minecraft:acacia_sapling":1,"minecraft:brown_concrete_powder":12,"minecraft:nether_wart_block":340,"minecraft:birch_log":1163,"minecraft:lapis_block":176,"minecraft:birch_trapdoor":2,"minecraft:light_gray_wool":1,"minecraft:orange_tulip":53,"minecraft:sand":4192,"minecraft:crimson_planks":1,"minecraft:tripwire_hook":3,"minecraft:netherrack":7536,"minecraft:magenta_wool":18,"minecraft:oak_leaves":36665,"minecraft:emerald_block":2,"minecraft:nether_gold_ore":55,"minecraft:diamond_ore":979,"minecraft:red_carpet":6,"minecraft:blackstone_wall":67,"minecraft:gray_shulker_box":3,"minecraft:weeping_vines":29,"minecraft:white_stained_glass":20,"minecraft:polished_andesite_slab":16,"minecraft:sandstone":5289,"minecraft:large_fern":24,"minecraft:spruce_sapling":21,"minecraft:furnace":17,"minecraft:carrots":256,"minecraft:chiseled_sandstone":48,"minecraft:stripped_spruce_log":111,"minecraft:black_concrete":20,"minecraft:bell":2,"minecraft:lantern":58,"minecraft:crimson_door":3,"minecraft:stripped_acacia_log":1,"minecraft:chorus_plant":3,"minecraft:stone":63045,"minecraft:white_tulip":43,"minecraft:yellow_shulker_box":58,"minecraft:redstone_wall_torch":2,"minecraft:podzol":350,"minecraft:light_blue_shulker_box":13,"minecraft:red_wool":7,"minecraft:crafting_table":99,"minecraft:blackstone_slab":51,"minecraft:rose_bush":7,"minecraft:andesite_slab":58,"minecraft:lectern":16,"minecraft:andesite_wall":181,"minecraft:lapis_ore":852,"minecraft:spruce_stairs":44,"minecraft:gray_wool":5,"minecraft:lime_bed":4,"minecraft:cactus":163,"minecraft:gray_concrete_powder":1,"minecraft:polished_blackstone_stairs":3,"minecraft:redstone_torch":11,"minecraft:yellow_bed":2,"minecraft:potted_azure_bluet":1,"minecraft:coal_ore":10641,"minecraft:end_rod":9,"minecraft:gray_carpet":852,"minecraft:terracotta":3948,"minecraft:crimson_wall_sign":1,"minecraft:polished_andesite":33,"minecraft:warped_slab":16},"minecraft:crafted":{"minecraft:lime_stained_glass":16,"minecraft:black_dye":957,"minecraft:yellow_wool":8,"minecraft:oak_sign":432,"minecraft:blaze_powder":24,"minecraft:birch_boat":5,"minecraft:chain":327,"minecraft:diamond_shovel":12,"minecraft:nether_brick":470,"minecraft:cracked_stone_bricks":384,"minecraft:shulker_box":5,"minecraft:diamond_helmet":8,"minecraft:white_glazed_terracotta":8,"minecraft:stone_pressure_plate":5,"minecraft:iron_door":3,"minecraft:gray_stained_glass_pane":16,"minecraft:black_wool":1583,"minecraft:gray_stained_glass":8,"minecraft:bubble_coral_block":8,"minecraft:name_tag":2,"minecraft:warped_stairs":52,"minecraft:polished_andesite_stairs":284,"minecraft:green_bed":5,"minecraft:smithing_table":183,"minecraft:painting":3,"minecraft:cartography_table":1,"minecraft:stone_brick_stairs":868,"minecraft:lectern":3,"minecraft:wooden_hoe":2,"minecraft:golden_leggings":2,"minecraft:stone_slab":94,"minecraft:iron_pickaxe":82,"minecraft:acacia_door":3,"minecraft:sandstone":128,"minecraft:netherite_ingot":13,"minecraft:composter":26,"minecraft:polished_blackstone_bricks":132,"minecraft:cyan_wool":4,"minecraft:jukebox":1,"minecraft:orange_shulker_box":4,"minecraft:iron_nugget":2021,"minecraft:diamond_hoe":3,"minecraft:red_banner":211,"minecraft:light_gray_wool":19,"minecraft:blue_shulker_box":1,"minecraft:prismarine_brick_stairs":214,"minecraft:lime_stained_glass_pane":16,"minecraft:spruce_fence":117,"minecraft:stone_stairs":120,"minecraft:lantern":152,"minecraft:spruce_stairs":200,"minecraft:black_concrete_powder":608,"minecraft:red_shulker_box":5,"minecraft:stone_pickaxe":11,"minecraft:quartz_slab":134,"minecraft:prismarine_slab":108,"minecraft:light_gray_terracotta":112,"minecraft:enchanting_table":1,"minecraft:cyan_bed":9,"minecraft:crimson_slab":6,"minecraft:light_blue_wool":2,"minecraft:leather_helmet":7,"minecraft:polished_blackstone_stairs":4,"minecraft:dark_oak_button":16,"minecraft:red_carpet":36,"minecraft:enchanted_book":2,"minecraft:orange_dye":10,"minecraft:light_blue_carpet":3,"minecraft:crimson_stairs":8,"minecraft:oak_fence_gate":31,"minecraft:red_stained_glass":32,"minecraft:fermented_spider_eye":13,"minecraft:birch_trapdoor":190,"minecraft:writable_book":14,"minecraft:iron_shovel":8,"minecraft:armor_stand":698,"minecraft:grindstone":1,"minecraft:cobblestone_slab":30,"minecraft:barrel":78,"minecraft:quartz_bricks":128,"minecraft:crimson_sign":3,"minecraft:cooked_chicken":3,"minecraft:stone":960,"minecraft:quartz_pillar":54,"minecraft:warped_planks":772,"minecraft:brown_carpet":24,"minecraft:stone_brick_slab":2784,"minecraft:bow":3,"minecraft:polished_basalt":196,"minecraft:chest":460,"minecraft:netherite_helmet":1,"minecraft:oak_button":1,"minecraft:rail":160,"minecraft:bricks":1,"minecraft:ender_eye":2,"minecraft:stone_bricks":7920,"minecraft:oak_fence":72,"minecraft:golden_boots":3,"minecraft:dropper":8,"minecraft:iron_helmet":2,"minecraft:red_wool":102,"minecraft:white_stained_glass_pane":16,"minecraft:warped_door":9,"minecraft:yellow_stained_glass":8,"minecraft:dispenser":1,"minecraft:tnt":9,"minecraft:spruce_trapdoor":278,"minecraft:purple_dye":2,"minecraft:yellow_dye":24,"minecraft:gray_terracotta":8,"minecraft:stick":7839,"minecraft:iron_ingot":7079,"minecraft:andesite_stairs":24,"minecraft:black_bed":1,"minecraft:light_blue_stained_glass":8,"minecraft:lime_carpet":3,"minecraft:cyan_carpet":3,"minecraft:oak_door":3,"minecraft:nether_brick_slab":30,"minecraft:stone_brick_wall":1298,"minecraft:tripwire_hook":10,"minecraft:leather_boots":262,"minecraft:golden_chestplate":2,"minecraft:spruce_button":1,"minecraft:furnace":24,"minecraft:piston":2,"minecraft:polished_andesite_slab":78,"minecraft:smooth_quartz_stairs":11,"minecraft:flint_and_steel":9,"minecraft:scaffolding":252,"minecraft:white_concrete_powder":272,"minecraft:cobblestone_wall":120,"minecraft:smooth_quartz_slab":108,"minecraft:blackstone_stairs":4,"minecraft:birch_sign":105,"minecraft:smooth_sandstone_stairs":432,"minecraft:purple_stained_glass":16,"minecraft:iron_trapdoor":1,"minecraft:polished_blackstone_wall":72,"minecraft:iron_sword":23,"minecraft:jungle_planks":780,"minecraft:jungle_door":3,"minecraft:white_dye":130,"minecraft:black_carpet":4428,"minecraft:blue_wool":2,"minecraft:crimson_door":3,"minecraft:anvil":20,"minecraft:orange_bed":41,"minecraft:torch":2365,"minecraft:magenta_carpet":3,"minecraft:diamond_chestplate":6,"minecraft:ender_chest":2,"minecraft:smooth_stone":708,"minecraft:purple_bed":166,"minecraft:orange_stained_glass":8,"minecraft:pink_bed":7,"minecraft:dark_oak_wood":108,"minecraft:birch_slab":108,"minecraft:horn_coral_block":8,"minecraft:loom":1,"minecraft:polished_blackstone_slab":60,"minecraft:lever":4,"minecraft:bookshelf":40,"minecraft:dark_prismarine_stairs":320,"minecraft:iron_bars":176,"minecraft:quartz_block":570,"minecraft:glass":1035,"minecraft:diamond_leggings":7,"minecraft:birch_fence_gate":2,"minecraft:polished_blackstone":268,"minecraft:chiseled_quartz_block":65,"minecraft:flower_pot":6,"minecraft:glass_bottle":33,"minecraft:wooden_shovel":5,"minecraft:emerald":297,"minecraft:smooth_quartz":64,"minecraft:cooked_porkchop":5,"minecraft:diamond_axe":6,"minecraft:spruce_door":9,"minecraft:hay_block":14,"minecraft:campfire":70,"minecraft:light_gray_bed":6,"minecraft:lime_shulker_box":1,"minecraft:lime_bed":8,"minecraft:green_terracotta":512,"minecraft:compass":67,"minecraft:light_blue_bed":7,"minecraft:iron_block":390,"minecraft:white_terracotta":8,"minecraft:gold_ingot":918,"minecraft:light_gray_dye":26,"minecraft:birch_stairs":8,"minecraft:stone_shovel":16,"minecraft:smooth_stone_slab":924,"minecraft:leather_leggings":870,"minecraft:player_head":15,"minecraft:crimson_fence_gate":1,"minecraft:yellow_bed":7,"minecraft:bone_meal":2486,"minecraft:cyan_stained_glass":8,"minecraft:andesite_wall":180,"minecraft:pink_dye":2,"minecraft:white_carpet":243,"minecraft:warped_trapdoor":168,"minecraft:diamond":1408,"minecraft:dark_oak_fence":297,"minecraft:ladder":144,"minecraft:spruce_slab":528,"minecraft:diamond_boots":6,"minecraft:redstone_block":512,"minecraft:dark_oak_planks":2380,"minecraft:golden_helmet":10,"minecraft:coal_block":1229,"minecraft:crossbow":75,"minecraft:netherite_pickaxe":1,"minecraft:polished_blackstone_brick_slab":126,"minecraft:dried_kelp":77,"minecraft:blue_bed":7,"minecraft:sandstone_slab":18,"minecraft:polished_blackstone_brick_wall":6,"minecraft:sandstone_wall":217,"minecraft:andesite_slab":54,"minecraft:cyan_shulker_box":4,"minecraft:oak_stairs":48,"minecraft:wooden_axe":2,"minecraft:warped_pressure_plate":1,"minecraft:iron_leggings":11,"minecraft:white_bed":5,"minecraft:lime_wool":2,"minecraft:light_gray_glazed_terracotta":92,"minecraft:nether_brick_stairs":52,"minecraft:blue_carpet":3,"minecraft:brick":56,"minecraft:oak_planks":4759,"minecraft:cobblestone_stairs":20,"minecraft:flower_banner_pattern":1,"minecraft:spruce_pressure_plate":2,"minecraft:green_dye":24,"minecraft:hopper":176,"minecraft:iron_boots":6,"minecraft:blackstone_wall":91,"minecraft:yellow_banner":1,"minecraft:stone_hoe":1,"minecraft:smoker":1,"minecraft:quartz_stairs":164,"minecraft:oak_slab":162,"minecraft:item_frame":174,"minecraft:map":38,"minecraft:crafting_table":44,"minecraft:spruce_planks":4632,"minecraft:wooden_pickaxe":1,"minecraft:baked_potato":20,"minecraft:gold_block":64,"minecraft:birch_planks":4052,"minecraft:crimson_pressure_plate":1,"minecraft:brewing_stand":3,"minecraft:black_shulker_box":1,"minecraft:dark_oak_slab":630,"minecraft:iron_chestplate":17,"minecraft:book":106,"minecraft:paper":4228,"minecraft:diamond_pickaxe":11,"minecraft:shield":3,"minecraft:warped_slab":120,"minecraft:light_weighted_pressure_plate":3,"minecraft:light_blue_dye":2,"minecraft:leather_chestplate":839,"minecraft:stone_sword":11,"minecraft:polished_blackstone_brick_stairs":32,"minecraft:gray_carpet":807,"minecraft:light_gray_carpet":27,"minecraft:shears":72,"minecraft:light_gray_stained_glass_pane":128,"minecraft:green_carpet":15,"minecraft:sandstone_stairs":172,"minecraft:polished_andesite":1336,"minecraft:coarse_dirt":100,"minecraft:wooden_sword":10,"minecraft:gray_glazed_terracotta":8,"minecraft:redstone":109,"minecraft:coal":738,"minecraft:stone_button":41,"minecraft:dark_oak_trapdoor":8,"minecraft:gray_dye":10,"minecraft:diamond_block":185,"minecraft:glass_pane":704,"minecraft:warped_fence":24,"minecraft:yellow_shulker_box":1,"minecraft:black_terracotta":248,"minecraft:iron_axe":4,"minecraft:spruce_wood":69,"minecraft:iron_hoe":2,"minecraft:lime_dye":6,"minecraft:warped_button":1,"minecraft:filled_map":62,"minecraft:chiseled_sandstone":1,"minecraft:netherite_scrap":57,"minecraft:minecart":3,"minecraft:cooked_beef":1959,"minecraft:sugar":16,"minecraft:red_dye":127,"minecraft:cooked_cod":31,"minecraft:magenta_bed":11,"minecraft:bone_block":85,"minecraft:crimson_planks":12,"minecraft:diamond_sword":3,"minecraft:cyan_dye":34,"minecraft:spruce_sign":84,"minecraft:dark_oak_stairs":440,"minecraft:yellow_carpet":24,"minecraft:smooth_sandstone":1658,"minecraft:bowl":4,"minecraft:nether_bricks":117,"minecraft:bucket":58,"minecraft:stone_axe":4,"minecraft:air":0,"minecraft:bread":19,"minecraft:blue_dye":186,"minecraft:oak_boat":3,"minecraft:smooth_sandstone_slab":558,"minecraft:white_wool":850,"minecraft:gold_nugget":36,"minecraft:dark_prismarine_slab":498,"minecraft:acacia_planks":96,"minecraft:blackstone_slab":824,"minecraft:lapis_lazuli":54,"minecraft:lapis_block":606},"minecraft:dropped":{"minecraft:iron_sword":3,"minecraft:chorus_fruit":132,"minecraft:glass_bottle":1,"minecraft:diamond":34,"minecraft:cooked_porkchop":3,"minecraft:weeping_vines":1,"minecraft:red_mushroom":38,"minecraft:gold_nugget":1,"minecraft:writable_book":2,"minecraft:sand":1,"minecraft:birch_stairs":1,"minecraft:white_wool":19,"minecraft:stone_axe":1,"minecraft:diamond_block":35,"minecraft:black_carpet":1,"minecraft:wheat":7,"minecraft:rotten_flesh":72,"minecraft:oak_planks":19,"minecraft:golden_shovel":1,"minecraft:sea_lantern":67,"minecraft:leather_leggings":3,"minecraft:glass":58,"minecraft:golden_boots":1,"minecraft:orange_shulker_box":4,"minecraft:black_dye":3,"minecraft:wheat_seeds":374,"minecraft:light_gray_stained_glass_pane":1,"minecraft:lava_bucket":1,"minecraft:ink_sac":1,"minecraft:pumpkin":5,"minecraft:smooth_stone":1,"minecraft:player_head":20,"minecraft:stone_shovel":1,"minecraft:name_tag":1,"minecraft:white_terracotta":7,"minecraft:oak_sign":3,"minecraft:shears":1,"minecraft:diamond_sword":4,"minecraft:cyan_wool":1,"minecraft:spruce_planks":1,"minecraft:diamond_pickaxe":5,"minecraft:sandstone":4,"minecraft:bow":5,"minecraft:soul_sand":11,"minecraft:oak_log":18,"minecraft:ender_pearl":1234,"minecraft:jungle_planks":1,"minecraft:snowball":2,"minecraft:gold_ingot":192,"minecraft:beetroot":1,"minecraft:leather_chestplate":1,"minecraft:dropper":1,"minecraft:scaffolding":69,"minecraft:magenta_wool":244,"minecraft:stone_hoe":1,"minecraft:golden_helmet":1,"minecraft:iron_block":71,"minecraft:milk_bucket":1,"minecraft:white_concrete":2,"minecraft:cactus":1,"minecraft:light_gray_terracotta":1,"minecraft:totem_of_undying":1,"minecraft:shulker_box":5,"minecraft:netherite_leggings":2,"minecraft:flint_and_steel":1,"minecraft:andesite":296,"minecraft:birch_sign":10,"minecraft:cooked_beef":140,"minecraft:crossbow":1,"minecraft:cookie":133,"minecraft:elytra":1,"minecraft:item_frame":1,"minecraft:dirt":459,"minecraft:yellow_dye":2,"minecraft:chain":3,"minecraft:wooden_sword":10,"minecraft:bone_block":7,"minecraft:bone_meal":135,"minecraft:polished_blackstone_slab":18,"minecraft:cyan_carpet":4,"minecraft:bone":9,"minecraft:sugar_cane":1,"minecraft:netherite_shovel":2,"minecraft:jungle_stairs":2,"minecraft:hopper":22,"minecraft:egg":2,"minecraft:iron_ingot":18,"minecraft:netherite_pickaxe":2,"minecraft:birch_leaves":235,"minecraft:tnt":32,"minecraft:netherite_helmet":1,"minecraft:cobblestone":1026,"minecraft:dark_prismarine_slab":1,"minecraft:apple":1,"minecraft:granite":276,"minecraft:spruce_button":1,"minecraft:coal":1,"minecraft:sponge":97,"minecraft:wooden_hoe":1,"minecraft:rose_bush":1,"minecraft:heart_of_the_sea":3,"minecraft:paper":68,"minecraft:string":130,"minecraft:netherite_ingot":1,"minecraft:stone_sword":10,"minecraft:smooth_stone_slab":3,"minecraft:bowl":3,"minecraft:light_blue_concrete":1,"minecraft:stone":2454,"minecraft:gold_ore":54,"minecraft:spruce_sign":1,"minecraft:birch_planks":25,"minecraft:lantern":1,"minecraft:flint":25,"minecraft:crimson_roots":1,"minecraft:armor_stand":17,"minecraft:gravel":112,"minecraft:blackstone":1,"minecraft:lime_wool":2,"minecraft:black_terracotta":128,"minecraft:fern":13,"minecraft:poppy":1,"minecraft:oak_fence_gate":1,"minecraft:melon_seeds":1,"minecraft:chest":2,"minecraft:arrow":84,"minecraft:powered_rail":1,"minecraft:written_book":4,"minecraft:oak_leaves":28,"minecraft:netherrack":755,"minecraft:firework_rocket":478,"minecraft:water_bucket":1,"minecraft:oak_slab":1,"minecraft:grass_block":7,"minecraft:stick":19,"minecraft:diorite":330,"minecraft:torch":131,"minecraft:bucket":1,"minecraft:redstone":479,"minecraft:glass_pane":10,"minecraft:red_terracotta":5,"minecraft:filled_map":9,"minecraft:orange_terracotta":1,"minecraft:oak_boat":2,"minecraft:diamond_boots":1,"minecraft:stripped_acacia_log":1,"minecraft:beacon":1,"minecraft:stone_pickaxe":10,"minecraft:light_blue_bed":1}},"DataVersion":2584}