{"stats":{"minecraft:custom":{"minecraft:jump":13,"minecraft:open_chest":1,"minecraft:time_since_rest":31731825,"minecraft:inspect_hopper":1,"minecraft:leave_game":415,"minecraft:play_one_minute":31731825,"minecraft:crouch_one_cm":273,"minecraft:time_since_death":31731825,"minecraft:walk_one_cm":4543,"minecraft:sprint_one_cm":1271,"minecraft:walk_on_water_one_cm":101726,"minecraft:sneak_time":67373,"minecraft:climb_one_cm":1125,"minecraft:walk_under_water_one_cm":117746,"minecraft:drop":5,"minecraft:fly_one_cm":61780472},"minecraft:dropped":{"minecraft:elytra":1,"minecraft:shulker_box":1,"minecraft:diamond_leggings":1,"minecraft:firework_rocket":44},"minecraft:picked_up":{"minecraft:firework_rocket":44,"minecraft:diamond_leggings":1,"minecraft:shulker_box":1,"minecraft:elytra":1}},"DataVersion":2584}