{"stats":{"minecraft:custom":{"minecraft:interact_with_crafting_table":3431,"minecraft:damage_blocked_by_shield":1440,"minecraft:deaths":67,"minecraft:jump":369881,"minecraft:play_record":5,"minecraft:interact_with_cartography_table":4,"minecraft:inspect_dispenser":870,"minecraft:horse_one_cm":25284,"minecraft:inspect_dropper":1238,"minecraft:interact_with_anvil":461,"minecraft:inspect_hopper":2425,"minecraft:tune_noteblock":696,"minecraft:time_since_rest":50857,"minecraft:swim_one_cm":899753,"minecraft:open_chest":38222,"minecraft:open_shulker_box":24178,"minecraft:damage_resisted":2988,"minecraft:play_noteblock":82,"minecraft:talked_to_villager":1479,"minecraft:interact_with_brewingstand":56,"minecraft:interact_with_beacon":80,"minecraft:fill_cauldron":3,"minecraft:boat_one_cm":3669606,"minecraft:damage_taken":247806,"minecraft:aviate_one_cm":722412265,"minecraft:open_barrel":937,"minecraft:bell_ring":67,"minecraft:leave_game":2008,"minecraft:time_since_death":5134876,"minecraft:enchant_item":84,"minecraft:interact_with_furnace":1849,"minecraft:traded_with_villager":6403,"minecraft:sleep_in_bed":1021,"minecraft:damage_dealt":1652324,"minecraft:interact_with_smithing_table":35,"minecraft:target_hit":1,"minecraft:sneak_time":4059790,"minecraft:interact_with_lectern":91,"minecraft:interact_with_blast_furnace":18,"minecraft:interact_with_stonecutter":3,"minecraft:fly_one_cm":58848457,"minecraft:fish_caught":4,"minecraft:fall_one_cm":8472889,"minecraft:animals_bred":33,"minecraft:sprint_one_cm":76666797,"minecraft:drop":6387,"minecraft:walk_on_water_one_cm":3836283,"minecraft:play_one_minute":61965896,"minecraft:open_enderchest":5762,"minecraft:player_kills":22,"minecraft:crouch_one_cm":12480089,"minecraft:mob_kills":71434,"minecraft:climb_one_cm":3170350,"minecraft:walk_one_cm":123036754,"minecraft:walk_under_water_one_cm":2596969,"minecraft:interact_with_grindstone":54,"minecraft:damage_absorbed":239,"minecraft:trigger_trapped_chest":1,"minecraft:minecart_one_cm":452741},"minecraft:killed":{"minecraft:guardian":2463,"minecraft:iron_golem":2,"minecraft:pillager":9,"minecraft:zombie":1153,"minecraft:endermite":2,"minecraft:husk":7,"minecraft:zombified_piglin":34717,"minecraft:witch":4,"minecraft:spider":194,"minecraft:silverfish":280,"minecraft:piglin":46,"minecraft:zombie_villager":20,"minecraft:sheep":4,"minecraft:trader_llama":3,"minecraft:ghast":77,"minecraft:slime":387,"minecraft:drowned":22,"minecraft:hoglin":15,"minecraft:squid":6,"minecraft:wither_skeleton":47,"minecraft:villager":5,"minecraft:dolphin":1,"minecraft:shulker":298,"minecraft:skeleton":501,"minecraft:chicken":22,"minecraft:magma_cube":146,"minecraft:cow":82,"minecraft:horse":17,"minecraft:ocelot":2,"minecraft:wandering_trader":3,"minecraft:enderman":19360,"minecraft:wolf":1,"minecraft:pig":5,"minecraft:creeper":449,"minecraft:blaze":41,"minecraft:phantom":14,"minecraft:bat":1},"minecraft:used":{"minecraft:writable_book":97,"minecraft:jack_o_lantern":114,"minecraft:dispenser":271,"minecraft:black_carpet":22,"minecraft:stone":26244,"minecraft:quartz_stairs":30,"minecraft:rotten_flesh":6,"minecraft:soul_sand":1133,"minecraft:spruce_boat":19,"minecraft:polished_blackstone_slab":326,"minecraft:packed_ice":290,"minecraft:lava_bucket":42,"minecraft:stripped_dark_oak_wood":3,"minecraft:quartz_pillar":9,"minecraft:red_wool":2,"minecraft:jungle_fence_gate":56,"minecraft:music_disc_ward":1,"minecraft:quartz_block":59,"minecraft:dark_oak_slab":81,"minecraft:bow":5446,"minecraft:cooked_cod":3,"minecraft:oak_sapling":729,"minecraft:mossy_stone_bricks":193,"minecraft:damaged_anvil":6,"minecraft:chorus_fruit":5,"minecraft:blackstone":571,"minecraft:cactus":133,"minecraft:black_glazed_terracotta":1,"minecraft:mossy_stone_brick_stairs":1,"minecraft:wooden_pickaxe":27,"minecraft:composter":13,"minecraft:jungle_boat":85,"minecraft:golden_apple":6,"minecraft:blast_furnace":80,"minecraft:acacia_leaves":1,"minecraft:purple_terracotta":650,"minecraft:chiseled_quartz_block":1,"minecraft:gray_concrete":1950,"minecraft:purple_concrete_powder":144,"minecraft:birch_fence":1,"minecraft:birch_slab":1,"minecraft:oak_pressure_plate":3,"minecraft:nether_wart_block":8,"minecraft:diamond_sword":3207,"minecraft:coal_block":2,"minecraft:smithing_table":34,"minecraft:birch_log":5,"minecraft:oak_boat":35,"minecraft:oak_trapdoor":284,"minecraft:polished_blackstone_brick_slab":74,"minecraft:enchanting_table":3,"minecraft:orange_concrete":1009,"minecraft:armor_stand":2,"minecraft:light_gray_carpet":363,"minecraft:polished_blackstone_wall":22,"minecraft:torch":10067,"minecraft:orange_stained_glass":4,"minecraft:brewing_stand":1,"minecraft:nether_quartz_ore":1,"minecraft:cod_bucket":4,"minecraft:yellow_carpet":511,"minecraft:golden_shovel":91,"minecraft:oak_fence_gate":24,"minecraft:mossy_cobblestone_stairs":1,"minecraft:sea_lantern":954,"minecraft:chipped_anvil":2,"minecraft:iron_block":24370,"minecraft:filled_map":24,"minecraft:light_weighted_pressure_plate":883,"minecraft:jungle_log":1802,"minecraft:barrel":57,"minecraft:bamboo":1781,"minecraft:lime_concrete":503,"minecraft:basalt":172,"minecraft:warped_stairs":105,"minecraft:podzol":50,"minecraft:trapped_chest":2,"minecraft:horn_coral_fan":2,"minecraft:wheat_seeds":1344,"minecraft:warped_stem":1,"minecraft:light_blue_shulker_box":421,"minecraft:birch_planks":19,"minecraft:blue_concrete_powder":1538,"minecraft:cauldron":4,"minecraft:spruce_fence_gate":2,"minecraft:gold_ore":4,"minecraft:diamond_block":186,"minecraft:rail":4667,"minecraft:white_bed":90,"minecraft:campfire":57,"minecraft:spruce_log":1201,"minecraft:diamond_pickaxe":649285,"minecraft:acacia_sign":49,"minecraft:diamond_shovel":169083,"minecraft:suspicious_stew":1,"minecraft:oak_button":21,"minecraft:magenta_concrete_powder":49,"minecraft:spruce_trapdoor":555,"minecraft:blue_carpet":64,"minecraft:green_carpet":258,"minecraft:potion":1,"minecraft:crimson_stairs":94,"minecraft:stripped_oak_log":1,"minecraft:dandelion":4,"minecraft:melon":35,"minecraft:light_gray_stained_glass_pane":206,"minecraft:polished_basalt":2117,"minecraft:nether_wart":192,"minecraft:mossy_stone_brick_slab":1,"minecraft:green_terracotta":1,"minecraft:spruce_leaves":1,"minecraft:jungle_planks":127,"minecraft:beehive":99,"minecraft:music_disc_13":1,"minecraft:obsidian":663,"minecraft:spruce_wood":63,"minecraft:lantern":236,"minecraft:light_blue_bed":5,"minecraft:mossy_cobblestone_slab":1,"minecraft:item_frame":487,"minecraft:birch_button":4,"minecraft:birch_trapdoor":8,"minecraft:horn_coral":1,"minecraft:jungle_button":84,"minecraft:written_book":29,"minecraft:blue_shulker_box":26,"minecraft:gold_block":553,"minecraft:pink_concrete_powder":40,"minecraft:tube_coral_fan":2,"minecraft:dropper":925,"minecraft:end_rod":62,"minecraft:wither_skeleton_skull":8,"minecraft:stripped_acacia_log":8,"minecraft:gray_carpet":18,"minecraft:stone_pickaxe":221,"minecraft:jungle_fence":31,"minecraft:oak_planks":110,"minecraft:sandstone":43,"minecraft:sugar_cane":1838,"minecraft:diamond_axe":13893,"minecraft:white_wool":134,"minecraft:light_blue_concrete":549,"minecraft:lime_stained_glass_pane":9,"minecraft:light_blue_wool":2363,"minecraft:yellow_concrete":5358,"minecraft:crossbow":24,"minecraft:end_stone":24,"minecraft:sticky_piston":1930,"minecraft:black_terracotta":6,"minecraft:lever":346,"minecraft:daylight_detector":3,"minecraft:dark_oak_log":30,"minecraft:bread":179,"minecraft:brown_wool":310,"minecraft:iron_door":12,"minecraft:light_blue_concrete_powder":129,"minecraft:dead_horn_coral_fan":1,"minecraft:chain":487,"minecraft:smooth_stone_slab":21688,"minecraft:coarse_dirt":186,"minecraft:bone_meal":2155,"minecraft:orange_concrete_powder":136,"minecraft:netherite_sword":17720,"minecraft:rose_bush":2,"minecraft:flint_and_steel":125,"minecraft:crimson_fence":10,"minecraft:redstone":8235,"minecraft:ender_chest":388,"minecraft:brown_shulker_box":212,"minecraft:stone_hoe":195,"minecraft:dirt":27915,"minecraft:bee_nest":12,"minecraft:spruce_fence":129,"minecraft:iron_hoe":223,"minecraft:light_gray_stained_glass":43,"minecraft:oak_stairs":7,"minecraft:crimson_slab":20,"minecraft:yellow_concrete_powder":1282,"minecraft:black_stained_glass":13,"minecraft:soul_soil":11,"minecraft:netherite_pickaxe":220056,"minecraft:minecart":39,"minecraft:cyan_concrete_powder":1063,"minecraft:cooked_beef":127,"minecraft:orange_stained_glass_pane":19,"minecraft:pumpkin":182,"minecraft:cobblestone_stairs":759,"minecraft:baked_potato":310,"minecraft:birch_boat":33,"minecraft:cut_sandstone":1,"minecraft:spruce_sign":42,"minecraft:dark_prismarine_slab":306,"minecraft:red_mushroom":6,"minecraft:magenta_carpet":99,"minecraft:piston":1003,"minecraft:black_wool":45,"minecraft:lapis_ore":17,"minecraft:stone_slab":484,"minecraft:detector_rail":19,"minecraft:jungle_stairs":433,"minecraft:magenta_concrete":361,"minecraft:yellow_wool":1,"minecraft:stone_axe":84,"minecraft:cyan_stained_glass_pane":26,"minecraft:pink_shulker_box":35,"minecraft:lapis_block":1,"minecraft:pumpkin_pie":19,"minecraft:wither_rose":363,"minecraft:sea_pickle":8,"minecraft:birch_stairs":67,"minecraft:peony":2,"minecraft:polished_blackstone":1521,"minecraft:spruce_slab":4183,"minecraft:ladder":142,"minecraft:chest":4866,"minecraft:white_shulker_box":195,"minecraft:blue_stained_glass":3,"minecraft:jungle_slab":520,"minecraft:stripped_spruce_log":664,"minecraft:honey_block":620,"minecraft:netherite_shovel":59697,"minecraft:grass_block":15347,"minecraft:polished_andesite_stairs":5,"minecraft:orange_shulker_box":85,"minecraft:wet_sponge":109,"minecraft:music_disc_chirp":2,"minecraft:stone_brick_stairs":589,"minecraft:red_stained_glass_pane":26,"minecraft:furnace":624,"minecraft:egg":37,"minecraft:potato":388,"minecraft:dead_brain_coral_fan":1,"minecraft:brown_concrete_powder":2,"minecraft:magenta_shulker_box":22,"minecraft:diorite":308,"minecraft:end_stone_bricks":21,"minecraft:stripped_birch_log":37,"minecraft:red_stained_glass":6,"minecraft:powered_rail":1365,"minecraft:blackstone_stairs":282,"minecraft:lime_concrete_powder":113,"minecraft:jungle_pressure_plate":35,"minecraft:purpur_pillar":5,"minecraft:oak_leaves":7174,"minecraft:smooth_quartz_stairs":139,"minecraft:cookie":1,"minecraft:sand":2188,"minecraft:blue_ice":5,"minecraft:black_concrete_powder":443,"minecraft:pumpkin_seeds":405,"minecraft:chiseled_sandstone":1,"minecraft:crying_obsidian":13,"minecraft:stone_button":689,"minecraft:cyan_carpet":137,"minecraft:red_terracotta":2,"minecraft:lectern":25,"minecraft:polished_granite":5,"minecraft:diamond_ore":123,"minecraft:lilac":2,"minecraft:polished_andesite_slab":3,"minecraft:soul_lantern":49,"minecraft:magenta_stained_glass_pane":20,"minecraft:fire_charge":6,"minecraft:wooden_sword":22,"minecraft:white_stained_glass":92,"minecraft:green_concrete_powder":16,"minecraft:pink_stained_glass":3,"minecraft:ice":848,"minecraft:iron_bars":1500,"minecraft:stone_sword":30,"minecraft:acacia_log":6,"minecraft:brain_coral_fan":2,"minecraft:red_concrete":307,"minecraft:mycelium":242,"minecraft:netherrack":3967,"minecraft:light_gray_shulker_box":186,"minecraft:anvil":46,"minecraft:target":104,"minecraft:warped_wart_block":78,"minecraft:ancient_debris":16,"minecraft:stone_stairs":13,"minecraft:nether_brick_slab":1,"minecraft:jungle_trapdoor":72,"minecraft:blue_concrete":2034,"minecraft:polished_diorite":179,"minecraft:shroomlight":48,"minecraft:red_shulker_box":402,"minecraft:cyan_shulker_box":91,"minecraft:iron_axe":930,"minecraft:spruce_button":16,"minecraft:slime_block":868,"minecraft:smooth_quartz":10,"minecraft:totem_of_undying":1,"minecraft:pink_stained_glass_pane":41,"minecraft:melon_seeds":353,"minecraft:tripwire_hook":4,"minecraft:purple_concrete":59,"minecraft:glowstone":17,"minecraft:iron_trapdoor":94,"minecraft:magenta_wool":10,"minecraft:observer":2124,"minecraft:orange_terracotta":309,"minecraft:water_bucket":2315,"minecraft:prismarine_brick_slab":12,"minecraft:yellow_shulker_box":137,"minecraft:lime_wool":278,"minecraft:bubble_coral_fan":2,"minecraft:fletching_table":4,"minecraft:polished_blackstone_bricks":453,"minecraft:cracked_stone_bricks":4,"minecraft:gilded_blackstone":10,"minecraft:pink_concrete":351,"minecraft:orange_carpet":279,"minecraft:lime_terracotta":1,"minecraft:comparator":1698,"minecraft:mossy_cobblestone":166,"minecraft:vine":1,"minecraft:tnt":429,"minecraft:crafting_table":250,"minecraft:oak_slab":2,"minecraft:birch_sign":81,"minecraft:cod":12,"minecraft:lime_shulker_box":115,"minecraft:cake":1,"minecraft:oak_log":261,"minecraft:dark_prismarine":127,"minecraft:cornflower":40,"minecraft:stripped_jungle_log":1,"minecraft:sunflower":2,"minecraft:iron_pickaxe":778,"minecraft:cyan_concrete":2331,"minecraft:purpur_slab":17,"minecraft:music_disc_blocks":1,"minecraft:crimson_nylium":12,"minecraft:crimson_sign":9,"minecraft:cobblestone":17454,"minecraft:red_concrete_powder":247,"minecraft:glass_pane":517,"minecraft:jukebox":2,"minecraft:kelp":714,"minecraft:light_blue_stained_glass_pane":10,"minecraft:iron_shovel":465,"minecraft:dead_tube_coral_fan":2,"minecraft:diamond_hoe":6904,"minecraft:oak_sign":211,"minecraft:white_concrete_powder":21402,"minecraft:white_terracotta":841,"minecraft:iron_sword":158,"minecraft:purple_shulker_box":21,"minecraft:bell":3,"minecraft:player_head":20,"minecraft:nether_bricks":109,"minecraft:prismarine_brick_stairs":3,"minecraft:carrot":17,"minecraft:cyan_wool":1,"minecraft:milk_bucket":1,"minecraft:glass":10488,"minecraft:cyan_terracotta":1922,"minecraft:coal_ore":852,"minecraft:quartz_slab":137,"minecraft:gray_concrete_powder":173,"minecraft:hopper_minecart":123,"minecraft:stone_bricks":50132,"minecraft:repeater":2731,"minecraft:red_carpet":133,"minecraft:redstone_lamp":1255,"minecraft:magma_block":4917,"minecraft:hay_block":27,"minecraft:scaffolding":2405,"minecraft:gray_bed":1,"minecraft:fire_coral_fan":2,"minecraft:polished_blackstone_stairs":104,"minecraft:stripped_spruce_wood":125,"minecraft:dark_oak_stairs":73,"minecraft:birch_leaves":1,"minecraft:ender_pearl":171,"minecraft:redstone_block":964,"minecraft:end_stone_brick_slab":2,"minecraft:yellow_terracotta":423,"minecraft:light_gray_terracotta":883,"minecraft:sponge":128,"minecraft:note_block":154,"minecraft:stone_brick_wall":126,"minecraft:shears":25777,"minecraft:redstone_torch":1299,"minecraft:gray_shulker_box":111,"minecraft:green_concrete":132,"minecraft:melon_slice":6,"minecraft:firework_rocket":243,"minecraft:black_concrete":1233,"minecraft:string":410,"minecraft:heavy_weighted_pressure_plate":27,"minecraft:lime_carpet":160,"minecraft:light_gray_concrete":23285,"minecraft:gravel":316,"minecraft:blackstone_slab":1,"minecraft:jungle_sign":180,"minecraft:grindstone":35,"minecraft:crimson_door":7,"minecraft:andesite":105,"minecraft:white_concrete":19875,"minecraft:chest_minecart":10,"minecraft:oak_fence":4702,"minecraft:jungle_leaves":1374,"minecraft:purpur_block":69,"minecraft:redstone_ore":311,"minecraft:stone_shovel":321,"minecraft:spruce_planks":708,"minecraft:white_carpet":42,"minecraft:hopper":5221,"minecraft:spruce_stairs":331,"minecraft:cobblestone_wall":40,"minecraft:shulker_box":939,"minecraft:pink_carpet":121,"minecraft:granite":113,"minecraft:light_blue_stained_glass":21,"minecraft:stone_brick_slab":15242,"minecraft:dark_oak_planks":6,"minecraft:bookshelf":56,"minecraft:yellow_stained_glass":11,"minecraft:acacia_slab":9,"minecraft:polished_blackstone_brick_stairs":37,"minecraft:crimson_planks":1,"minecraft:light_gray_wool":1,"minecraft:golden_carrot":3701,"minecraft:emerald_block":38,"minecraft:white_stained_glass_pane":225,"minecraft:stone_pressure_plate":87,"minecraft:cooked_mutton":3,"minecraft:glass_bottle":24,"minecraft:polished_andesite":78,"minecraft:blue_wool":1,"minecraft:andesite_slab":11,"minecraft:black_shulker_box":139,"minecraft:magenta_stained_glass":5,"minecraft:stonecutter":8,"minecraft:beacon":34,"minecraft:cobblestone_slab":1571,"minecraft:jungle_wood":416,"minecraft:polished_blackstone_pressure_plate":29,"minecraft:stripped_dark_oak_log":4,"minecraft:terracotta":5,"minecraft:yellow_stained_glass_pane":38,"minecraft:light_gray_concrete_powder":20145,"minecraft:painting":104,"minecraft:nether_gold_ore":4,"minecraft:dark_oak_door":1,"minecraft:purple_stained_glass":3,"minecraft:activator_rail":2,"minecraft:map":5,"minecraft:cracked_polished_blackstone_bricks":30,"minecraft:netherite_axe":17349,"minecraft:fishing_rod":7,"minecraft:green_shulker_box":37,"minecraft:white_banner":15,"minecraft:jungle_door":33,"minecraft:bucket":2421,"minecraft:smooth_stone":12188,"minecraft:polished_blackstone_button":24,"minecraft:purple_carpet":18,"minecraft:splash_potion":7},"minecraft:crafted":{"minecraft:lime_stained_glass":8,"minecraft:red_stained_glass_pane":16,"minecraft:black_dye":232,"minecraft:yellow_wool":9,"minecraft:oak_sign":183,"minecraft:melon":2466,"minecraft:blaze_powder":52,"minecraft:birch_boat":3,"minecraft:chain":565,"minecraft:diamond_shovel":12,"minecraft:nether_brick":31,"minecraft:shulker_box":173,"minecraft:diamond_helmet":2,"minecraft:magenta_concrete_powder":64,"minecraft:beacon":1,"minecraft:light_blue_concrete_powder":144,"minecraft:stone_pressure_plate":187,"minecraft:iron_door":12,"minecraft:black_wool":56,"minecraft:white_shulker_box":19,"minecraft:lime_concrete_powder":112,"minecraft:pink_stained_glass":24,"minecraft:warped_stairs":176,"minecraft:blue_stained_glass":8,"minecraft:redstone_lamp":615,"minecraft:end_rod":8,"minecraft:polished_andesite_stairs":4,"minecraft:jungle_boat":18,"minecraft:acacia_slab":6,"minecraft:chest_minecart":11,"minecraft:jungle_pressure_plate":36,"minecraft:smithing_table":32,"minecraft:mossy_cobblestone":15,"minecraft:sticky_piston":1216,"minecraft:fletching_table":4,"minecraft:green_stained_glass":32,"minecraft:painting":16,"minecraft:end_stone_brick_slab":6,"minecraft:stone_brick_stairs":972,"minecraft:lectern":7,"minecraft:stone_slab":864,"minecraft:iron_pickaxe":4,"minecraft:sandstone":16,"minecraft:netherite_ingot":7,"minecraft:composter":5,"minecraft:polished_blackstone_bricks":480,"minecraft:cyan_wool":54,"minecraft:jungle_sign":237,"minecraft:golden_carrot":783,"minecraft:iron_nugget":4128,"minecraft:diamond_hoe":5,"minecraft:soul_torch":108,"minecraft:polished_blackstone_pressure_plate":27,"minecraft:jack_o_lantern":152,"minecraft:prismarine_brick_stairs":4,"minecraft:lime_stained_glass_pane":16,"minecraft:spruce_fence":172,"minecraft:stone_stairs":16,"minecraft:lantern":284,"minecraft:spruce_stairs":252,"minecraft:light_gray_shulker_box":6,"minecraft:polished_diorite":152,"minecraft:black_concrete_powder":512,"minecraft:red_shulker_box":2,"minecraft:stone_pickaxe":22,"minecraft:quartz_slab":160,"minecraft:spruce_boat":5,"minecraft:purple_carpet":24,"minecraft:lead":34,"minecraft:purpur_slab":6,"minecraft:enchanting_table":2,"minecraft:crimson_slab":30,"minecraft:light_blue_wool":1194,"minecraft:yellow_stained_glass_pane":40,"minecraft:polished_blackstone_stairs":112,"minecraft:red_carpet":288,"minecraft:enchanted_book":25,"minecraft:orange_dye":36,"minecraft:crimson_stairs":152,"minecraft:oak_fence_gate":29,"minecraft:red_stained_glass":24,"minecraft:soul_lantern":44,"minecraft:chainmail_boots":7,"minecraft:fermented_spider_eye":30,"minecraft:birch_trapdoor":10,"minecraft:black_stained_glass_pane":64,"minecraft:writable_book":14,"minecraft:iron_shovel":89,"minecraft:armor_stand":1,"minecraft:note_block":148,"minecraft:grindstone":24,"minecraft:cobblestone_slab":1548,"minecraft:barrel":49,"minecraft:crimson_sign":12,"minecraft:stone":1641,"minecraft:pink_carpet":102,"minecraft:heavy_weighted_pressure_plate":34,"minecraft:warped_planks":276,"minecraft:polished_blackstone_button":19,"minecraft:cake":1,"minecraft:stone_brick_slab":15544,"minecraft:orange_stained_glass_pane":16,"minecraft:bow":179,"minecraft:comparator":1338,"minecraft:polished_basalt":2267,"minecraft:chest":8377,"minecraft:oak_button":53,"minecraft:jungle_stairs":404,"minecraft:rail":4464,"minecraft:blue_concrete_powder":1624,"minecraft:birch_button":2,"minecraft:ender_eye":21,"minecraft:stone_bricks":52595,"minecraft:oak_fence":4683,"minecraft:golden_boots":3,"minecraft:white_banner":21,"minecraft:dropper":835,"minecraft:cauldron":12,"minecraft:iron_helmet":54,"minecraft:brown_dye":3,"minecraft:white_stained_glass_pane":224,"minecraft:yellow_stained_glass":32,"minecraft:prismarine_brick_slab":6,"minecraft:dispenser":172,"minecraft:apple":72,"minecraft:tnt":1692,"minecraft:spruce_trapdoor":490,"minecraft:purple_dye":92,"minecraft:pink_wool":4,"minecraft:yellow_dye":269,"minecraft:stick":20480,"minecraft:iron_ingot":34568,"minecraft:light_blue_shulker_box":7,"minecraft:light_blue_stained_glass":88,"minecraft:lime_carpet":288,"minecraft:cyan_carpet":165,"minecraft:oak_door":3,"minecraft:nether_brick_slab":6,"minecraft:fishing_rod":1,"minecraft:stone_brick_wall":180,"minecraft:tripwire_hook":8,"minecraft:golden_chestplate":1,"minecraft:spruce_button":33,"minecraft:mossy_stone_bricks":14,"minecraft:blast_furnace":49,"minecraft:furnace":555,"minecraft:piston":1871,"minecraft:magenta_stained_glass_pane":16,"minecraft:oak_trapdoor":252,"minecraft:flint_and_steel":13,"minecraft:scaffolding":1674,"minecraft:white_concrete_powder":21432,"minecraft:cobblestone_wall":78,"minecraft:brown_shulker_box":3,"minecraft:honey_block":4,"minecraft:blackstone_stairs":400,"minecraft:birch_sign":117,"minecraft:glistering_melon_slice":21,"minecraft:purple_terracotta":224,"minecraft:light_blue_stained_glass_pane":16,"minecraft:jungle_wood":402,"minecraft:purple_stained_glass":8,"minecraft:stripped_spruce_wood":93,"minecraft:iron_trapdoor":106,"minecraft:polished_blackstone_wall":30,"minecraft:purple_shulker_box":1,"minecraft:iron_sword":1,"minecraft:golden_shovel":2,"minecraft:jungle_planks":26480,"minecraft:jungle_door":48,"minecraft:white_dye":3611,"minecraft:black_carpet":21,"minecraft:blue_wool":19,"minecraft:crimson_door":3,"minecraft:stonecutter":8,"minecraft:anvil":39,"minecraft:torch":10589,"minecraft:magenta_carpet":99,"minecraft:diamond_chestplate":3,"minecraft:ender_chest":5,"minecraft:jungle_button":110,"minecraft:light_gray_concrete_powder":20400,"minecraft:smooth_stone":6502,"minecraft:jungle_fence_gate":64,"minecraft:cut_sandstone":4,"minecraft:dark_oak_pressure_plate":8,"minecraft:orange_carpet":387,"minecraft:orange_stained_glass":16,"minecraft:oak_pressure_plate":14,"minecraft:birch_slab":6,"minecraft:slime_block":2,"minecraft:polished_blackstone_slab":372,"minecraft:lever":291,"minecraft:bookshelf":43,"minecraft:cooked_mutton":4,"minecraft:iron_bars":1760,"minecraft:red_concrete_powder":208,"minecraft:quartz_block":11,"minecraft:glass":4491,"minecraft:repeater":2144,"minecraft:diamond_leggings":2,"minecraft:cyan_stained_glass_pane":160,"minecraft:melon_seeds":656,"minecraft:birch_fence_gate":2,"minecraft:polished_blackstone":2310,"minecraft:birch_door":3,"minecraft:magenta_dye":155,"minecraft:glass_bottle":549,"minecraft:target":133,"minecraft:wooden_shovel":81,"minecraft:emerald":6990,"minecraft:diamond_axe":2,"minecraft:spruce_door":3,"minecraft:clock":1,"minecraft:campfire":33,"minecraft:lime_shulker_box":3,"minecraft:green_terracotta":56,"minecraft:compass":35,"minecraft:iron_block":6293,"minecraft:light_blue_bed":4,"minecraft:gold_ingot":10343,"minecraft:light_gray_dye":2573,"minecraft:spruce_fence_gate":4,"minecraft:birch_stairs":88,"minecraft:packed_ice":46,"minecraft:yellow_concrete_powder":1248,"minecraft:stone_shovel":54,"minecraft:smooth_stone_slab":20009,"minecraft:mossy_cobblestone_stairs":4,"minecraft:bone_meal":15874,"minecraft:pink_dye":54,"minecraft:white_carpet":114,"minecraft:orange_wool":2,"minecraft:warped_trapdoor":2,"minecraft:diamond":2403,"minecraft:detector_rail":42,"minecraft:ladder":207,"minecraft:spruce_slab":2722,"minecraft:diamond_boots":2,"minecraft:redstone_block":6734,"minecraft:jungle_fence":30,"minecraft:dark_oak_planks":3012,"minecraft:golden_helmet":1,"minecraft:wheat":486,"minecraft:coal_block":3289,"minecraft:firework_star":654,"minecraft:daylight_detector":8,"minecraft:purple_stained_glass_pane":8,"minecraft:polished_blackstone_brick_slab":60,"minecraft:magenta_stained_glass":16,"minecraft:polished_granite":32,"minecraft:gray_concrete_powder":192,"minecraft:sandstone_slab":6,"minecraft:glowstone":63,"minecraft:white_stained_glass":168,"minecraft:green_stained_glass_pane":80,"minecraft:jungle_slab":816,"minecraft:mossy_stone_brick_stairs":4,"minecraft:golden_apple":58,"minecraft:acacia_sign":111,"minecraft:andesite_slab":6,"minecraft:gray_shulker_box":1,"minecraft:cyan_shulker_box":2,"minecraft:oak_stairs":20,"minecraft:crimson_fence":9,"minecraft:iron_leggings":20,"minecraft:white_bed":47,"minecraft:lime_wool":8,"minecraft:blue_carpet":264,"minecraft:oak_planks":47043,"minecraft:pink_shulker_box":1,"minecraft:mossy_stone_brick_slab":12,"minecraft:cobblestone_stairs":736,"minecraft:green_dye":36,"minecraft:dark_oak_door":3,"minecraft:hopper":4320,"minecraft:iron_boots":67,"minecraft:written_book":3,"minecraft:mossy_cobblestone_slab":12,"minecraft:cyan_terracotta":1272,"minecraft:stone_hoe":32,"minecraft:quartz_stairs":32,"minecraft:oak_slab":102,"minecraft:item_frame":142,"minecraft:map":32,"minecraft:crafting_table":123,"minecraft:spruce_planks":20692,"minecraft:baked_potato":602,"minecraft:gold_block":660,"minecraft:hopper_minecart":133,"minecraft:brewing_stand":1,"minecraft:birch_planks":2942,"minecraft:pumpkin_seeds":780,"minecraft:black_shulker_box":1,"minecraft:dark_oak_slab":66,"minecraft:iron_chestplate":8,"minecraft:book":74,"minecraft:paper":6045,"minecraft:diamond_pickaxe":23,"minecraft:emerald_block":475,"minecraft:light_weighted_pressure_plate":1058,"minecraft:birch_fence":3,"minecraft:light_blue_dye":1389,"minecraft:leather_chestplate":4,"minecraft:stone_sword":1,"minecraft:green_shulker_box":1,"minecraft:polished_blackstone_brick_stairs":28,"minecraft:redstone_torch":9462,"minecraft:light_gray_carpet":483,"minecraft:shears":524,"minecraft:light_gray_stained_glass_pane":288,"minecraft:green_carpet":279,"minecraft:polished_andesite":84,"minecraft:coarse_dirt":516,"minecraft:wooden_sword":1,"minecraft:purple_wool":16,"minecraft:cookie":24,"minecraft:redstone":24027,"minecraft:coal":11502,"minecraft:light_gray_stained_glass":128,"minecraft:popped_chorus_fruit":2,"minecraft:stone_button":758,"minecraft:jungle_trapdoor":110,"minecraft:gray_dye":18,"minecraft:diamond_block":421,"minecraft:glass_pane":560,"minecraft:blue_ice":7,"minecraft:yellow_shulker_box":71,"minecraft:green_concrete_powder":16,"minecraft:iron_axe":3,"minecraft:spruce_wood":72,"minecraft:iron_hoe":4,"minecraft:slime_ball":5734,"minecraft:orange_concrete_powder":136,"minecraft:lime_dye":171,"minecraft:filled_map":55,"minecraft:chiseled_sandstone":3,"minecraft:observer":1571,"minecraft:minecart":129,"minecraft:cooked_beef":93,"minecraft:sugar":39,"minecraft:red_dye":325,"minecraft:cyan_concrete_powder":1056,"minecraft:bone_block":3,"minecraft:crimson_planks":300,"minecraft:diamond_sword":10,"minecraft:cyan_dye":202,"minecraft:spruce_sign":57,"minecraft:dark_oak_stairs":60,"minecraft:pink_concrete_powder":40,"minecraft:powered_rail":1218,"minecraft:activator_rail":12,"minecraft:yellow_carpet":576,"minecraft:bell":1,"minecraft:nether_bricks":7,"minecraft:bucket":108,"minecraft:stone_axe":52,"minecraft:air":0,"minecraft:bread":137,"minecraft:blue_dye":1151,"minecraft:black_stained_glass":40,"minecraft:oak_boat":5,"minecraft:white_wool":2163,"minecraft:gold_nugget":558,"minecraft:pink_stained_glass_pane":32,"minecraft:dark_prismarine_slab":306,"minecraft:green_wool":175,"minecraft:acacia_planks":568,"minecraft:purple_concrete_powder":144,"minecraft:blackstone_slab":6,"minecraft:lapis_block":1358,"minecraft:lapis_lazuli":1116,"minecraft:trapped_chest":2,"minecraft:firework_rocket":13085},"minecraft:dropped":{"minecraft:iron_sword":2,"minecraft:pink_stained_glass":3,"minecraft:lapis_lazuli":36,"minecraft:chorus_fruit":2,"minecraft:glass_bottle":2,"minecraft:diamond":1235,"minecraft:crafting_table":13,"minecraft:cooked_porkchop":12,"minecraft:dark_oak_slab":3,"minecraft:weeping_vines":3,"minecraft:cracked_stone_bricks":5,"minecraft:quartz_pillar":3,"minecraft:blackstone_stairs":3,"minecraft:red_mushroom":15,"minecraft:gold_block":1,"minecraft:emerald":140,"minecraft:gray_concrete":4,"minecraft:netherite_boots":1,"minecraft:gold_nugget":1945,"minecraft:writable_book":3,"minecraft:sand":1244,"minecraft:white_wool":90,"minecraft:stone_axe":77,"minecraft:compass":16,"minecraft:diamond_block":316,"minecraft:ancient_debris":17,"minecraft:lever":26,"minecraft:iron_nugget":61,"minecraft:cooked_chicken":6,"minecraft:wheat":106,"minecraft:netherite_sword":1,"minecraft:obsidian":6,"minecraft:rotten_flesh":1957,"minecraft:grindstone":3,"minecraft:oak_planks":119,"minecraft:glowstone_dust":3,"minecraft:golden_shovel":2,"minecraft:azure_bluet":65,"minecraft:nether_brick_fence":2,"minecraft:warped_planks":4,"minecraft:sea_lantern":7,"minecraft:coal_ore":235,"minecraft:quartz_block":4,"minecraft:jungle_log":262,"minecraft:music_disc_mall":2,"minecraft:leather_boots":1,"minecraft:leather_leggings":4,"minecraft:painting":1,"minecraft:glass":313,"minecraft:podzol":76,"minecraft:purple_stained_glass_pane":8,"minecraft:warped_wart_block":85,"minecraft:stone_brick_stairs":6,"minecraft:green_stained_glass":2,"minecraft:golden_boots":5,"minecraft:black_dye":3,"minecraft:wheat_seeds":6550,"minecraft:light_gray_stained_glass_pane":114,"minecraft:book":6,"minecraft:prismarine_crystals":638,"minecraft:red_stained_glass":8,"minecraft:yellow_carpet":7,"minecraft:golden_apple":1,"minecraft:coal_block":1,"minecraft:ink_sac":11,"minecraft:lapis_ore":12,"minecraft:stripped_birch_log":2,"minecraft:pumpkin":316,"minecraft:white_banner":8,"minecraft:jungle_boat":5,"minecraft:red_dye":16,"minecraft:chipped_anvil":2,"minecraft:smooth_stone":349,"minecraft:chainmail_leggings":1,"minecraft:acacia_planks":2,"minecraft:stone_brick_slab":238,"minecraft:green_terracotta":1,"minecraft:netherite_hoe":1,"minecraft:soul_soil":7,"minecraft:player_head":42,"minecraft:cocoa_beans":93,"minecraft:sticky_piston":32,"minecraft:stone_shovel":85,"minecraft:white_carpet":16,"minecraft:clay_ball":84,"minecraft:iron_boots":75,"minecraft:damaged_anvil":3,"minecraft:name_tag":1,"minecraft:light_gray_concrete":175,"minecraft:white_terracotta":143,"minecraft:oak_sign":44,"minecraft:shears":5,"minecraft:blast_furnace":2,"minecraft:diamond_sword":13,"minecraft:spruce_boat":1,"minecraft:peony":3,"minecraft:spruce_trapdoor":8,"minecraft:spruce_planks":137,"minecraft:diamond_pickaxe":13,"minecraft:light_blue_carpet":6,"minecraft:redstone_torch":19,"minecraft:stone_pressure_plate":14,"minecraft:barrel":1,"minecraft:stone_bricks":1201,"minecraft:bamboo":3033,"minecraft:sandstone":156,"minecraft:bow":68,"minecraft:red_sand":3,"minecraft:green_concrete_powder":2,"minecraft:magma_block":397,"minecraft:terracotta":641,"minecraft:soul_sand":155,"minecraft:orange_dye":7,"minecraft:oak_log":325,"minecraft:dead_horn_coral":1,"minecraft:ender_pearl":2866,"minecraft:jungle_fence":1,"minecraft:leather":17,"minecraft:prismarine_brick_stairs":3,"minecraft:jungle_planks":86,"minecraft:black_banner":4,"minecraft:birch_slab":1,"minecraft:cod":490,"minecraft:cobblestone_stairs":13,"minecraft:cracked_polished_blackstone_bricks":6,"minecraft:packed_ice":104,"minecraft:ice":138,"minecraft:polished_blackstone_pressure_plate":24,"minecraft:mutton":2,"minecraft:black_shulker_box":1,"minecraft:jungle_sign":59,"minecraft:wet_sponge":57,"minecraft:black_concrete":64,"minecraft:crimson_door":1,"minecraft:cauldron":9,"minecraft:gold_ingot":61,"minecraft:magenta_stained_glass":3,"minecraft:purpur_block":193,"minecraft:andesite_slab":9,"minecraft:soul_lantern":55,"minecraft:cyan_shulker_box":2,"minecraft:cooked_mutton":1,"minecraft:mycelium":39,"minecraft:leather_chestplate":11,"minecraft:dropper":2,"minecraft:beetroot_seeds":2,"minecraft:stone_brick_wall":5,"minecraft:acacia_slab":1,"minecraft:iron_ore":719,"minecraft:iron_bars":14,"minecraft:white_concrete_powder":65,"minecraft:scaffolding":16,"minecraft:light_gray_concrete_powder":1,"minecraft:polished_granite":54,"minecraft:purple_carpet":7,"minecraft:stone_hoe":39,"minecraft:bread":2,"minecraft:vine":20,"minecraft:lilac":2,"minecraft:golden_helmet":5,"minecraft:yellow_concrete":12,"minecraft:netherite_axe":3,"minecraft:activator_rail":5,"minecraft:tropical_fish":1,"minecraft:acacia_log":67,"minecraft:spruce_fence_gate":1,"minecraft:iron_block":391,"minecraft:green_dye":13,"minecraft:repeater":43,"minecraft:nether_wart_block":63,"minecraft:white_concrete":201,"minecraft:melon_slice":63,"minecraft:yellow_shulker_box":1,"minecraft:iron_door":2,"minecraft:jungle_door":3,"minecraft:light_gray_stained_glass":20,"minecraft:jungle_leaves":185,"minecraft:polished_andesite_stairs":1,"minecraft:polished_blackstone_brick_slab":1,"minecraft:polished_basalt":47,"minecraft:cactus":336,"minecraft:light_blue_stained_glass_pane":3,"minecraft:redstone_block":109,"minecraft:kelp":900,"minecraft:sweet_berries":16,"minecraft:oak_trapdoor":9,"minecraft:lime_concrete":13,"minecraft:light_gray_terracotta":101,"minecraft:magenta_stained_glass_pane":8,"minecraft:stripped_oak_log":6,"minecraft:green_concrete":12,"minecraft:shulker_box":12,"minecraft:flint_and_steel":6,"minecraft:oak_button":11,"minecraft:andesite":2881,"minecraft:golden_leggings":2,"minecraft:oak_sapling":183,"minecraft:birch_sign":16,"minecraft:gray_concrete_powder":1,"minecraft:spruce_log":203,"minecraft:magma_cream":4,"minecraft:piston":1,"minecraft:cooked_beef":4,"minecraft:crossbow":5,"minecraft:cookie":20,"minecraft:purpur_stairs":13,"minecraft:bubble_coral_fan":1,"minecraft:elytra":5,"minecraft:rail":113,"minecraft:cut_sandstone_slab":11,"minecraft:leather_helmet":1,"minecraft:red_carpet":77,"minecraft:item_frame":2,"minecraft:light_weighted_pressure_plate":67,"minecraft:dirt":8897,"minecraft:melon":44,"minecraft:grass":51,"minecraft:stone_button":19,"minecraft:yellow_dye":17,"minecraft:chain":6,"minecraft:jungle_sapling":30,"minecraft:bone_meal":194,"minecraft:sunflower":14,"minecraft:sugar":1,"minecraft:iron_pickaxe":1,"minecraft:polished_blackstone_slab":42,"minecraft:bone":369,"minecraft:polished_blackstone_wall":4,"minecraft:note_block":2,"minecraft:brain_coral_fan":3,"minecraft:sugar_cane":232,"minecraft:polished_andesite_slab":27,"minecraft:golden_chestplate":5,"minecraft:pink_dye":22,"minecraft:birch_sapling":31,"minecraft:blue_wool":1,"minecraft:end_stone":25,"minecraft:light_gray_carpet":1,"minecraft:jungle_trapdoor":1,"minecraft:salmon":7,"minecraft:orange_stained_glass":3,"minecraft:yellow_stained_glass_pane":18,"minecraft:firework_star":1,"minecraft:heavy_weighted_pressure_plate":6,"minecraft:jungle_stairs":1,"minecraft:charcoal":2,"minecraft:honey_block":7,"minecraft:hopper":4,"minecraft:ladder":25,"minecraft:white_dye":12,"minecraft:spruce_slab":6,"minecraft:end_stone_bricks":68,"minecraft:ghast_tear":6,"minecraft:egg":199,"minecraft:enchanted_book":22,"minecraft:iron_ingot":717,"minecraft:netherite_pickaxe":11,"minecraft:cyan_stained_glass":9,"minecraft:birch_leaves":42,"minecraft:polished_blackstone":11,"minecraft:netherite_helmet":1,"minecraft:iron_helmet":84,"minecraft:purpur_slab":8,"minecraft:oak_fence":60,"minecraft:feather":106,"minecraft:yellow_terracotta":829,"minecraft:cobblestone":18987,"minecraft:purple_concrete":2,"minecraft:apple":24,"minecraft:granite":4573,"minecraft:spruce_button":2,"minecraft:stripped_jungle_log":5,"minecraft:spruce_door":8,"minecraft:purple_dye":2,"minecraft:coal":198,"minecraft:pufferfish":6,"minecraft:polished_blackstone_stairs":1,"minecraft:polished_andesite":17,"minecraft:end_rod":149,"minecraft:oxeye_daisy":21,"minecraft:jungle_slab":14,"minecraft:golden_carrot":129,"minecraft:iron_trapdoor":39,"minecraft:gray_bed":1,"minecraft:rose_bush":12,"minecraft:diamond_helmet":3,"minecraft:lime_carpet":14,"minecraft:paper":1018,"minecraft:iron_shovel":32,"minecraft:string":285,"minecraft:spruce_sapling":54,"minecraft:purpur_pillar":27,"minecraft:furnace":2,"minecraft:redstone_ore":32,"minecraft:jungle_fence_gate":1,"minecraft:stone_sword":9,"minecraft:cobblestone_wall":4,"minecraft:smooth_stone_slab":379,"minecraft:bowl":1,"minecraft:diamond_hoe":1,"minecraft:chicken":95,"minecraft:slime_block":1,"minecraft:stone_slab":60,"minecraft:light_blue_concrete":12,"minecraft:pumpkin_seeds":609,"minecraft:light_blue_dye":3,"minecraft:potato":447,"minecraft:cobblestone_slab":25,"minecraft:hay_block":11,"minecraft:shroomlight":2,"minecraft:stone":6559,"minecraft:allium":64,"minecraft:crimson_slab":22,"minecraft:wooden_shovel":9,"minecraft:spider_eye":33,"minecraft:birch_boat":2,"minecraft:bell":1,"minecraft:cyan_concrete_powder":8,"minecraft:quartz_slab":7,"minecraft:crimson_nylium":33,"minecraft:gold_ore":41,"minecraft:spruce_sign":6,"minecraft:brown_mushroom":30,"minecraft:birch_planks":20,"minecraft:diamond_axe":1,"minecraft:baked_potato":143,"minecraft:sandstone_slab":1,"minecraft:lime_stained_glass_pane":12,"minecraft:flint":28,"minecraft:spruce_leaves":4,"minecraft:cyan_terracotta":59,"minecraft:jungle_button":7,"minecraft:dispenser":4,"minecraft:cornflower":1185,"minecraft:crimson_roots":15,"minecraft:cooked_cod":3,"minecraft:pumpkin_pie":3,"minecraft:glistering_melon_slice":21,"minecraft:birch_log":30,"minecraft:black_stained_glass":2,"minecraft:armor_stand":1,"minecraft:gravel":1572,"minecraft:white_tulip":3,"minecraft:blackstone":169,"minecraft:yellow_wool":8,"minecraft:lime_wool":129,"minecraft:fern":29,"minecraft:diamond_shovel":2,"minecraft:beehive":50,"minecraft:carrot":6,"minecraft:poppy":1684,"minecraft:shulker_shell":5,"minecraft:oak_fence_gate":1,"minecraft:gunpowder":265,"minecraft:birch_trapdoor":2,"minecraft:melon_seeds":83,"minecraft:glowstone":14,"minecraft:chainmail_boots":8,"minecraft:chest":110,"minecraft:cyan_concrete":89,"minecraft:arrow":554,"minecraft:basalt":29,"minecraft:powered_rail":1,"minecraft:quartz":12,"minecraft:written_book":3,"minecraft:oak_leaves":1477,"minecraft:netherrack":4469,"minecraft:enchanting_table":1,"minecraft:firework_rocket":596,"minecraft:water_bucket":3,"minecraft:oak_slab":33,"minecraft:stripped_spruce_log":4,"minecraft:purple_terracotta":1,"minecraft:magenta_carpet":8,"minecraft:red_concrete_powder":44,"minecraft:mossy_cobblestone":1,"minecraft:smithing_table":6,"minecraft:minecart":54,"minecraft:bookshelf":1,"minecraft:diamond_leggings":3,"minecraft:prismarine_shard":969,"minecraft:lead":7,"minecraft:observer":50,"minecraft:hopper_minecart":10,"minecraft:grass_block":2609,"minecraft:stick":956,"minecraft:blue_dye":35,"minecraft:diorite":4677,"minecraft:nether_gold_ore":22,"minecraft:light_blue_stained_glass":70,"minecraft:torch":374,"minecraft:smooth_quartz":5,"minecraft:brown_wool":44,"minecraft:green_carpet":1,"minecraft:iron_leggings":21,"minecraft:bucket":20,"minecraft:dandelion":2442,"minecraft:redstone":737,"minecraft:red_concrete":14,"minecraft:jungle_pressure_plate":1,"minecraft:warped_nylium":4,"minecraft:ender_chest":1,"minecraft:coarse_dirt":54,"minecraft:light_gray_wool":1,"minecraft:iron_hoe":1,"minecraft:cyan_stained_glass_pane":56,"minecraft:glass_pane":4,"minecraft:red_terracotta":1,"minecraft:filled_map":6,"minecraft:diamond_chestplate":1,"minecraft:orange_terracotta":297,"minecraft:iron_chestplate":1,"minecraft:cake":1,"minecraft:pink_wool":2,"minecraft:golden_sword":162,"minecraft:slime_ball":121,"minecraft:diamond_boots":4,"minecraft:stripped_warped_stem":3,"minecraft:stone_pickaxe":26,"minecraft:nether_quartz_ore":31,"minecraft:white_stained_glass":65},"minecraft:picked_up":{"minecraft:smithing_table":15,"minecraft:lead":69,"minecraft:stone_slab":201,"minecraft:enchanted_book":15,"minecraft:purple_shulker_box":21,"minecraft:blue_concrete":1976,"minecraft:polished_blackstone_brick_stairs":13,"minecraft:string":741,"minecraft:pufferfish":9,"minecraft:shroomlight":5,"minecraft:diamond_leggings":13,"minecraft:crimson_sign":1,"minecraft:diamond_ore":64,"minecraft:polished_blackstone_brick_slab":19,"minecraft:polished_blackstone_stairs":9,"minecraft:jukebox":3,"minecraft:acacia_log":87,"minecraft:cyan_stained_glass":13,"minecraft:purpur_pillar":54,"minecraft:green_terracotta":2,"minecraft:golden_chestplate":5,"minecraft:gray_shulker_box":111,"minecraft:cyan_stained_glass_pane":86,"minecraft:cauldron":4,"minecraft:stone_sword":14,"minecraft:lime_carpet":12,"minecraft:horn_coral_fan":3,"minecraft:polished_basalt":454,"minecraft:carved_pumpkin":156,"minecraft:glowstone":415,"minecraft:bookshelf":13,"minecraft:end_rod":50,"minecraft:white_terracotta":3276,"minecraft:blaze_rod":14,"minecraft:iron_bars":98,"minecraft:sponge":109,"minecraft:feather":49,"minecraft:cooked_beef":267,"minecraft:water_bucket":8,"minecraft:brown_wool":78,"minecraft:flint":87,"minecraft:purple_stained_glass":4,"minecraft:cyan_concrete_powder":741,"minecraft:lantern":53,"minecraft:gray_concrete_powder":39,"minecraft:purple_carpet":18,"minecraft:diamond_helmet":14,"minecraft:chiseled_polished_blackstone":2,"minecraft:lime_terracotta":1,"minecraft:stripped_spruce_log":815,"minecraft:polished_andesite":41,"minecraft:lever":268,"minecraft:granite":12864,"minecraft:spruce_button":8,"minecraft:jack_o_lantern":95,"minecraft:light_gray_carpet":31,"minecraft:crimson_roots":15,"minecraft:diamond_pickaxe":29,"minecraft:bee_nest":10,"minecraft:clay_ball":212,"minecraft:leather_leggings":4,"minecraft:redstone_lamp":447,"minecraft:dragon_head":3,"minecraft:purpur_block":229,"minecraft:heavy_weighted_pressure_plate":10,"minecraft:cornflower":1157,"minecraft:elytra":51,"minecraft:flint_and_steel":8,"minecraft:white_carpet":32,"minecraft:white_stained_glass":35,"minecraft:iron_shovel":16,"minecraft:polished_blackstone_wall":4,"minecraft:glass_pane":60,"minecraft:netherite_sword":20,"minecraft:stripped_warped_stem":5,"minecraft:jungle_sapling":152,"minecraft:poppy":2332,"minecraft:spruce_slab":1993,"minecraft:minecart":213,"minecraft:birch_sapling":38,"minecraft:piston":311,"minecraft:diamond_hoe":1,"minecraft:lime_shulker_box":112,"minecraft:black_stained_glass":5,"minecraft:stone":129805,"minecraft:fire_charge":112,"minecraft:white_dye":76,"minecraft:jungle_fence_gate":8,"minecraft:netherite_pickaxe":31,"minecraft:cyan_shulker_box":93,"minecraft:jungle_sign":46,"minecraft:stone_shovel":34,"minecraft:diamond_chestplate":2,"minecraft:purpur_slab":27,"minecraft:hay_block":468,"minecraft:yellow_terracotta":5566,"minecraft:totem_of_undying":7,"minecraft:polished_blackstone":207,"minecraft:mutton":6,"minecraft:rail":507,"minecraft:oxeye_daisy":1225,"minecraft:birch_leaves":111,"minecraft:yellow_shulker_box":71,"minecraft:clock":1,"minecraft:tripwire_hook":2,"minecraft:fern":53,"minecraft:yellow_dye":15,"minecraft:jungle_fence":11,"minecraft:purpur_stairs":23,"minecraft:paper":1264,"minecraft:apple":106,"minecraft:warped_stem":2,"minecraft:yellow_stained_glass":4,"minecraft:oak_fence_gate":1,"minecraft:stone_pickaxe":7,"minecraft:iron_ore":2241,"minecraft:magenta_stained_glass":7,"minecraft:gray_bed":2,"minecraft:dark_oak_stairs":32,"minecraft:polished_andesite_stairs":2,"minecraft:milk_bucket":3,"minecraft:light_gray_stained_glass":1,"minecraft:sweet_berries":16,"minecraft:red_wool":50,"minecraft:lime_concrete":155,"minecraft:crimson_stairs":66,"minecraft:light_blue_stained_glass":21,"minecraft:crying_obsidian":84,"minecraft:leather_helmet":2,"minecraft:diamond_shovel":12,"minecraft:coal_ore":2201,"minecraft:slime_ball":351,"minecraft:painting":98,"minecraft:birch_sign":46,"minecraft:baked_potato":129,"minecraft:hopper":992,"minecraft:black_carpet":274,"minecraft:light_blue_concrete":460,"minecraft:ender_chest":387,"minecraft:nether_brick_fence":5,"minecraft:yellow_wool":51,"minecraft:gilded_blackstone":11,"minecraft:stone_brick_stairs":516,"minecraft:warped_stairs":17,"minecraft:lapis_block":198,"minecraft:red_sand":3,"minecraft:smooth_stone":3544,"minecraft:comparator":291,"minecraft:bucket":16,"minecraft:light_weighted_pressure_plate":91,"minecraft:red_dye":2,"minecraft:white_tulip":47,"minecraft:rose_bush":521,"minecraft:cobblestone_slab":344,"minecraft:smooth_quartz":15,"minecraft:smooth_quartz_stairs":139,"minecraft:blue_wool":2,"minecraft:birch_trapdoor":3,"minecraft:spruce_stairs":101,"minecraft:netherite_shovel":18,"minecraft:diorite":11828,"minecraft:vine":108,"minecraft:rotten_flesh":2150,"minecraft:music_disc_ward":1,"minecraft:brown_shulker_box":207,"minecraft:chorus_flower":1,"minecraft:obsidian":779,"minecraft:cobblestone":93600,"minecraft:enchanting_table":3,"minecraft:leather_chestplate":10,"minecraft:lilac":5,"minecraft:repeater":647,"minecraft:dead_tube_coral_fan":3,"minecraft:andesite":11934,"minecraft:orange_carpet":8,"minecraft:golden_leggings":4,"minecraft:beacon":35,"minecraft:potato":600,"minecraft:dirt":47694,"minecraft:stripped_birch_log":106,"minecraft:cut_sandstone_slab":11,"minecraft:name_tag":27,"minecraft:glass":1419,"minecraft:bone":676,"minecraft:bow":102,"minecraft:wheat_seeds":6648,"minecraft:grindstone":16,"minecraft:netherite_axe":21,"minecraft:mossy_stone_bricks":5,"minecraft:bamboo":7137,"minecraft:cyan_concrete":1050,"minecraft:prismarine":64,"minecraft:light_blue_shulker_box":415,"minecraft:melon":1,"minecraft:grass_block":18877,"minecraft:diamond_block":787,"minecraft:jungle_slab":307,"minecraft:mossy_cobblestone":6,"minecraft:jungle_leaves":1723,"minecraft:light_gray_terracotta":3245,"minecraft:yellow_carpet":23,"minecraft:slime_block":1081,"minecraft:netherite_helmet":22,"minecraft:polished_blackstone_pressure_plate":26,"minecraft:soul_lantern":36,"minecraft:yellow_stained_glass_pane":16,"minecraft:cracked_polished_blackstone_bricks":44,"minecraft:crossbow":3,"minecraft:bone_meal":279,"minecraft:grass":190,"minecraft:golden_apple":6,"minecraft:spruce_sign":41,"minecraft:emerald":126,"minecraft:netherrack":16426,"minecraft:chorus_fruit":131,"minecraft:andesite_slab":16,"minecraft:oak_leaves":16158,"minecraft:azure_bluet":1170,"minecraft:splash_potion":7,"minecraft:ladder":18,"minecraft:brown_mushroom":71,"minecraft:packed_ice":393,"minecraft:pink_wool":4,"minecraft:stone_brick_wall":15,"minecraft:chain":31,"minecraft:shield":1,"minecraft:orange_stained_glass":5,"minecraft:oak_trapdoor":69,"minecraft:mycelium":337,"minecraft:birch_fence":1,"minecraft:magenta_wool":35,"minecraft:blackstone":3372,"minecraft:blue_orchid":3,"minecraft:lime_wool":129,"minecraft:end_stone":59,"minecraft:note_block":57,"minecraft:polished_blackstone_bricks":54,"minecraft:brown_concrete_powder":2,"minecraft:cookie":20,"minecraft:light_blue_bed":2,"minecraft:light_gray_stained_glass_pane":33,"minecraft:stone_pressure_plate":39,"minecraft:purple_terracotta":235,"minecraft:blue_concrete_powder":1,"minecraft:weeping_vines":3,"minecraft:red_shulker_box":399,"minecraft:pumpkin_pie":54,"minecraft:nether_bricks":204,"minecraft:stripped_dark_oak_wood":1,"minecraft:pink_tulip":1,"minecraft:black_banner":8,"minecraft:netherite_boots":21,"minecraft:jungle_boat":78,"minecraft:basalt":1811,"minecraft:golden_carrot":1296,"minecraft:leather":784,"minecraft:ice":715,"minecraft:cobblestone_wall":21,"minecraft:gunpowder":225,"minecraft:orange_terracotta":3548,"minecraft:red_carpet":4,"minecraft:gray_carpet":22,"minecraft:spruce_wood":19,"minecraft:iron_ingot":3583,"minecraft:cooked_chicken":24,"minecraft:prismarine_brick_slab":6,"minecraft:polished_andesite_slab":32,"minecraft:dead_horn_coral":1,"minecraft:nether_quartz_ore":73,"minecraft:emerald_block":122,"minecraft:stone_brick_slab":1900,"minecraft:quartz":919,"minecraft:dandelion":2622,"minecraft:lava_bucket":1,"minecraft:spruce_door":8,"minecraft:pumpkin_seeds":447,"minecraft:white_concrete_powder":17736,"minecraft:chainmail_leggings":1,"minecraft:terracotta":4310,"minecraft:damaged_anvil":10,"minecraft:netherite_hoe":2,"minecraft:end_stone_brick_slab":1,"minecraft:sunflower":16,"minecraft:iron_chestplate":2,"minecraft:chainmail_boots":1,"minecraft:anvil":20,"minecraft:prismarine_shard":1342,"minecraft:magenta_carpet":5,"minecraft:diamond_sword":18,"minecraft:oak_stairs":184,"minecraft:golden_shovel":7,"minecraft:wither_rose":92,"minecraft:birch_button":2,"minecraft:brewing_stand":5,"minecraft:golden_sword":78,"minecraft:soul_soil":45,"minecraft:gold_nugget":31085,"minecraft:crimson_fence":10,"minecraft:black_glazed_terracotta":1,"minecraft:spruce_planks":286,"minecraft:acacia_sign":6,"minecraft:written_book":19,"minecraft:melon_slice":513,"minecraft:coal_block":24,"minecraft:dark_oak_door":1,"minecraft:golden_helmet":6,"minecraft:beehive":64,"minecraft:music_disc_blocks":1,"minecraft:composter":11,"minecraft:pink_carpet":20,"minecraft:warped_planks":2,"minecraft:black_dye":25,"minecraft:light_blue_wool":112,"minecraft:tropical_fish":1,"minecraft:blue_dye":37,"minecraft:iron_block":6428,"minecraft:cyan_terracotta":888,"minecraft:blackstone_stairs":21,"minecraft:birch_log":724,"minecraft:magma_block":5941,"minecraft:iron_door":9,"minecraft:birch_slab":1,"minecraft:jungle_log":8920,"minecraft:acacia_leaves":1,"minecraft:jungle_wood":44,"minecraft:stripped_spruce_wood":33,"minecraft:map":16,"minecraft:netherite_leggings":19,"minecraft:gray_concrete":309,"minecraft:light_gray_concrete_powder":74,"minecraft:chipped_anvil":7,"minecraft:glowstone_dust":139,"minecraft:warped_wart_block":96,"minecraft:dropper":193,"minecraft:ink_sac":95,"minecraft:crimson_door":6,"minecraft:trapped_chest":1,"minecraft:dark_oak_log":8,"minecraft:red_terracotta":9,"minecraft:barrel":10,"minecraft:stripped_acacia_log":8,"minecraft:dispenser":103,"minecraft:black_concrete_powder":44,"minecraft:green_concrete":16,"minecraft:writable_book":12,"minecraft:blue_ice":2,"minecraft:bread":1,"minecraft:spruce_leaves":162,"minecraft:lime_stained_glass_pane":5,"minecraft:crafting_table":204,"minecraft:coarse_dirt":342,"minecraft:bubble_coral_fan":3,"minecraft:sandstone_slab":1,"minecraft:orange_stained_glass_pane":3,"minecraft:jungle_trapdoor":7,"minecraft:snow":2,"minecraft:compass":17,"minecraft:cracked_stone_bricks":10,"minecraft:beef":99,"minecraft:iron_nugget":506,"minecraft:quartz_stairs":15,"minecraft:chest":1726,"minecraft:egg":211,"minecraft:sandstone":144,"minecraft:spruce_fence":14,"minecraft:cake":1,"minecraft:carrot":49,"minecraft:redstone":62444,"minecraft:prismarine_crystals":983,"minecraft:blue_carpet":12,"minecraft:tnt":1160,"minecraft:cooked_cod":6,"minecraft:beetroot_seeds":3,"minecraft:peony":12,"minecraft:tube_coral_fan":2,"minecraft:shears":7,"minecraft:diamond_boots":14,"minecraft:gold_ingot":116,"minecraft:white_shulker_box":174,"minecraft:white_wool":389,"minecraft:crimson_slab":12,"minecraft:lapis_ore":38,"minecraft:stripped_oak_log":10,"minecraft:red_mushroom":46,"minecraft:filled_map":25,"minecraft:oak_log":5874,"minecraft:jungle_button":11,"minecraft:ancient_debris":65,"minecraft:golden_boots":10,"minecraft:white_banner":2,"minecraft:stone_bricks":12359,"minecraft:kelp":1997,"minecraft:music_disc_far":3,"minecraft:glass_bottle":6,"minecraft:iron_sword":3,"minecraft:prismarine_brick_stairs":2,"minecraft:white_stained_glass_pane":3,"minecraft:dark_oak_slab":38,"minecraft:daylight_detector":1,"minecraft:yellow_concrete":2018,"minecraft:gravel":27948,"minecraft:birch_stairs":16,"minecraft:spruce_sapling":277,"minecraft:spruce_log":3820,"minecraft:sea_lantern":157,"minecraft:firework_rocket":2664,"minecraft:red_stained_glass":4,"minecraft:polished_diorite":64,"minecraft:stone_axe":27,"minecraft:light_blue_carpet":6,"minecraft:redstone_ore":355,"minecraft:diamond_axe":13,"minecraft:gray_wool":64,"minecraft:oak_button":12,"minecraft:melon_seeds":3,"minecraft:warped_nylium":4,"minecraft:stripped_dark_oak_log":4,"minecraft:crimson_nylium":45,"minecraft:ender_pearl":5028,"minecraft:shulker_shell":617,"minecraft:wheat":172,"minecraft:redstone_block":380,"minecraft:iron_trapdoor":60,"minecraft:light_gray_shulker_box":179,"minecraft:dead_horn_coral_fan":1,"minecraft:potion":7,"minecraft:nether_brick":233,"minecraft:smooth_stone_slab":3129,"minecraft:iron_leggings":10,"minecraft:armor_stand":5,"minecraft:sticky_piston":813,"minecraft:pink_shulker_box":34,"minecraft:oak_sign":212,"minecraft:sea_pickle":4,"minecraft:black_shulker_box":142,"minecraft:dark_oak_leaves":175,"minecraft:redstone_torch":350,"minecraft:iron_boots":31,"minecraft:furnace":206,"minecraft:stick":1699,"minecraft:orange_shulker_box":87,"minecraft:jungle_door":51,"minecraft:oak_fence":199,"minecraft:torch":3414,"minecraft:porkchop":11,"minecraft:target":67,"minecraft:dead_brain_coral_fan":1,"minecraft:yellow_concrete_powder":36,"minecraft:blue_stained_glass":3,"minecraft:quartz_block":226,"minecraft:nether_gold_ore":156,"minecraft:cactus":383,"minecraft:fire_coral_fan":2,"minecraft:cod":774,"minecraft:jungle_pressure_plate":3,"minecraft:magma_cream":104,"minecraft:chiseled_quartz_block":1,"minecraft:light_gray_dye":1,"minecraft:wither_skeleton_skull":6,"minecraft:green_shulker_box":35,"minecraft:lapis_lazuli":12549,"minecraft:polished_granite":5,"minecraft:leather_boots":3,"minecraft:bell":3,"minecraft:powered_rail":237,"minecraft:oak_planks":466,"minecraft:stone_hoe":9,"minecraft:ghast_tear":6,"minecraft:pink_stained_glass":3,"minecraft:pink_concrete":201,"minecraft:black_terracotta":2,"minecraft:cooked_porkchop":48,"minecraft:music_disc_13":1,"minecraft:pink_stained_glass_pane":18,"minecraft:oak_pressure_plate":1,"minecraft:poisonous_potato":3,"minecraft:polished_blackstone_slab":249,"minecraft:jungle_planks":156,"minecraft:sand":52297,"minecraft:lily_of_the_valley":2,"minecraft:shulker_box":996,"minecraft:dark_prismarine":3,"minecraft:light_gray_concrete":24909,"minecraft:dark_prismarine_slab":34,"minecraft:spruce_fence_gate":1,"minecraft:diamond":4967,"minecraft:spruce_boat":17,"minecraft:black_concrete":442,"minecraft:polished_blackstone_button":7,"minecraft:white_concrete":5811,"minecraft:oak_sapling":1145,"minecraft:nether_star":1,"minecraft:end_stone_bricks":141,"minecraft:cocoa_beans":150,"minecraft:charcoal":14,"minecraft:chicken":19,"minecraft:wooden_pickaxe":1,"minecraft:gold_block":176,"minecraft:stone_stairs":9,"minecraft:orange_concrete":435,"minecraft:wooden_sword":1,"minecraft:item_frame":144,"minecraft:quartz_slab":21,"minecraft:cyan_carpet":2,"minecraft:detector_rail":5,"minecraft:oak_boat":28,"minecraft:player_head":95,"minecraft:observer":661,"minecraft:lectern":21,"minecraft:blue_shulker_box":27,"minecraft:sugar_cane":1236,"minecraft:spruce_trapdoor":284,"minecraft:phantom_membrane":4,"minecraft:red_stained_glass_pane":12,"minecraft:quartz_pillar":12,"minecraft:stone_button":159,"minecraft:magenta_shulker_box":22,"minecraft:dark_oak_planks":28,"minecraft:arrow":1632,"minecraft:light_blue_stained_glass_pane":5,"minecraft:jungle_stairs":230,"minecraft:wet_sponge":185,"minecraft:crimson_stem":75,"minecraft:salmon":13,"minecraft:birch_planks":9,"minecraft:nether_wart_block":124,"minecraft:cobblestone_stairs":290,"minecraft:podzol":473,"minecraft:soul_sand":1987,"minecraft:music_disc_chirp":2,"minecraft:purple_concrete":200,"minecraft:green_dye":17,"minecraft:book":192,"minecraft:scaffolding":1993,"minecraft:oak_slab":93,"minecraft:red_concrete_powder":56,"minecraft:birch_boat":36,"minecraft:pumpkin":228,"minecraft:chiseled_stone_bricks":1,"minecraft:magenta_stained_glass_pane":12,"minecraft:brain_coral_fan":8,"minecraft:blast_furnace":49,"minecraft:white_bed":44,"minecraft:gold_ore":395,"minecraft:green_carpet":68,"minecraft:spider_eye":52,"minecraft:stripped_jungle_log":9,"minecraft:music_disc_mall":2,"minecraft:lime_dye":1,"minecraft:campfire":52,"minecraft:honey_block":288,"minecraft:iron_helmet":38,"minecraft:black_wool":8,"minecraft:acacia_slab":5,"minecraft:magenta_concrete":130,"minecraft:red_concrete":304,"minecraft:coal":31231},"minecraft:broken":{"minecraft:shears":104,"minecraft:diamond_shovel":4,"minecraft:diamond_pickaxe":6,"minecraft:leather_helmet":1,"minecraft:stone_hoe":1,"minecraft:iron_pickaxe":3,"minecraft:iron_shovel":1,"minecraft:stone_pickaxe":1,"minecraft:stone_shovel":1,"minecraft:diamond_hoe":2,"minecraft:bow":1,"minecraft:iron_axe":2,"minecraft:golden_shovel":5},"minecraft:killed_by":{"minecraft:ravager":1,"minecraft:zombie":1,"minecraft:skeleton":4,"minecraft:guardian":1,"minecraft:creeper":15,"minecraft:piglin":1,"minecraft:player":18,"minecraft:enderman":1},"minecraft:mined":{"minecraft:blue_carpet":1,"minecraft:dragon_wall_head":3,"minecraft:cut_sandstone_slab":11,"minecraft:red_shulker_box":395,"minecraft:blackstone_stairs":31,"minecraft:white_bed":45,"minecraft:fire_coral_wall_fan":3,"minecraft:cyan_shulker_box":93,"minecraft:light_blue_carpet":4,"minecraft:granite":32614,"minecraft:acacia_log":22,"minecraft:brown_wool":35,"minecraft:oak_pressure_plate":2,"minecraft:green_concrete":16,"minecraft:oak_wall_sign":40,"minecraft:spawner":1,"minecraft:red_stained_glass_pane":12,"minecraft:polished_blackstone_bricks":61,"minecraft:magma_block":5863,"minecraft:fire":261,"minecraft:barrel":10,"minecraft:light_gray_concrete":23766,"minecraft:green_carpet":32,"minecraft:pink_tulip":1,"minecraft:white_shulker_box":173,"minecraft:spruce_wood":20,"minecraft:white_banner":1,"minecraft:player_head":2,"minecraft:tripwire":94,"minecraft:jungle_trapdoor":16,"minecraft:jungle_button":5,"minecraft:sandstone_slab":4,"minecraft:magenta_carpet":5,"minecraft:blue_concrete_powder":1,"minecraft:kelp_plant":220,"minecraft:crimson_nylium":45,"minecraft:torch":784,"minecraft:note_block":55,"minecraft:melon":41,"minecraft:white_stained_glass_pane":7,"minecraft:dead_bush":8,"minecraft:lime_shulker_box":112,"minecraft:sugar_cane":493,"minecraft:bricks":1,"minecraft:white_terracotta":1808,"minecraft:chain":22,"minecraft:repeater":357,"minecraft:jungle_wood":53,"minecraft:jukebox":3,"minecraft:wither_rose":14,"minecraft:grass":4445,"minecraft:smooth_quartz":15,"minecraft:dark_prismarine":8,"minecraft:light_blue_wool":80,"minecraft:mossy_cobblestone":8,"minecraft:dark_oak_log":10,"minecraft:cyan_stained_glass":13,"minecraft:sea_lantern":124,"minecraft:end_stone":44,"minecraft:spruce_fence":16,"minecraft:redstone_wire":910,"minecraft:red_mushroom":14,"minecraft:white_concrete_powder":36,"minecraft:magenta_stained_glass_pane":12,"minecraft:redstone_ore":11292,"minecraft:pink_concrete":232,"minecraft:andesite":34446,"minecraft:green_terracotta":3,"minecraft:cyan_concrete":1024,"minecraft:vine":946,"minecraft:cobblestone_slab":246,"minecraft:rail":379,"minecraft:brain_coral_wall_fan":12,"minecraft:ender_chest":377,"minecraft:birch_stairs":16,"minecraft:oak_slab":84,"minecraft:redstone_block":211,"minecraft:soul_sand":1883,"minecraft:glass_pane":65,"minecraft:lily_of_the_valley":8,"minecraft:dandelion":525,"minecraft:cornflower":28,"minecraft:dead_tube_coral_wall_fan":3,"minecraft:crimson_slab":1,"minecraft:campfire":17,"minecraft:tall_grass":275,"minecraft:purpur_pillar":62,"minecraft:diorite":34198,"minecraft:orange_carpet":7,"minecraft:warped_wart_block":89,"minecraft:black_stained_glass":5,"minecraft:red_terracotta":11,"minecraft:coarse_dirt":43,"minecraft:trapped_chest":1,"minecraft:light_blue_bed":2,"minecraft:cobblestone_wall":17,"minecraft:stripped_spruce_wood":33,"minecraft:purple_concrete":199,"minecraft:dark_prismarine_slab":46,"minecraft:gravel":35879,"minecraft:cobweb":9,"minecraft:birch_sign":8,"minecraft:oak_button":2,"minecraft:polished_blackstone":193,"minecraft:stone_bricks":14208,"minecraft:gold_ore":869,"minecraft:chipped_anvil":4,"minecraft:iron_trapdoor":42,"minecraft:fern":226,"minecraft:stone_pressure_plate":23,"minecraft:oak_sapling":2,"minecraft:farmland":69,"minecraft:orange_stained_glass":4,"minecraft:brewing_stand":4,"minecraft:spruce_trapdoor":241,"minecraft:dead_horn_coral":1,"minecraft:cracked_polished_blackstone_bricks":44,"minecraft:white_concrete":4858,"minecraft:polished_diorite":76,"minecraft:polished_blackstone_brick_slab":17,"minecraft:composter":12,"minecraft:polished_blackstone_pressure_plate":13,"minecraft:gilded_blackstone":15,"minecraft:red_tulip":4,"minecraft:iron_bars":68,"minecraft:spruce_slab":2133,"minecraft:brown_shulker_box":206,"minecraft:jungle_door":1,"minecraft:quartz_block":36,"minecraft:polished_blackstone_wall":6,"minecraft:orange_terracotta":2253,"minecraft:purpur_stairs":30,"minecraft:light_gray_terracotta":1787,"minecraft:jungle_stairs":147,"minecraft:end_stone_brick_slab":1,"minecraft:beacon":34,"minecraft:wither_skeleton_wall_skull":1,"minecraft:nether_quartz_ore":403,"minecraft:oak_planks":140,"minecraft:wall_torch":243,"minecraft:cauldron":4,"minecraft:stone_stairs":9,"minecraft:light_weighted_pressure_plate":19,"minecraft:warped_nylium":2,"minecraft:powered_rail":244,"minecraft:dark_oak_slab":25,"minecraft:tnt":21,"minecraft:smooth_stone_slab":2729,"minecraft:oak_log":5765,"minecraft:beetroots":2,"minecraft:lime_terracotta":6,"minecraft:dirt":82378,"minecraft:dispenser":100,"minecraft:ancient_debris":35,"minecraft:daylight_detector":1,"minecraft:crying_obsidian":5,"minecraft:pink_carpet":6,"minecraft:quartz_stairs":9,"minecraft:red_stained_glass":3,"minecraft:lever":85,"minecraft:ladder":8,"minecraft:purple_terracotta":235,"minecraft:tube_coral_wall_fan":3,"minecraft:stone_button":74,"minecraft:brown_mushroom_block":180,"minecraft:birch_slab":27,"minecraft:spruce_leaves":757,"minecraft:acacia_slab":5,"minecraft:crimson_stem":83,"minecraft:dead_horn_coral_wall_fan":1,"minecraft:hay_block":35,"minecraft:heavy_weighted_pressure_plate":9,"minecraft:polished_basalt":153,"minecraft:light_gray_shulker_box":179,"minecraft:orange_stained_glass_pane":3,"minecraft:detector_rail":6,"minecraft:gold_block":122,"minecraft:peony":12,"minecraft:nether_brick_fence":2,"minecraft:bookshelf":79,"minecraft:shroomlight":5,"minecraft:stripped_oak_log":11,"minecraft:wet_sponge":128,"minecraft:jungle_fence_gate":8,"minecraft:scaffolding":211,"minecraft:acacia_leaves":3,"minecraft:magenta_stained_glass":7,"minecraft:stripped_dark_oak_log":5,"minecraft:basalt":1773,"minecraft:polished_granite":9,"minecraft:oak_fence":264,"minecraft:honey_block":298,"minecraft:lime_carpet":11,"minecraft:stone_slab":65,"minecraft:red_concrete":293,"minecraft:polished_blackstone_brick_stairs":13,"minecraft:birch_planks":10,"minecraft:sea_pickle":1,"minecraft:polished_blackstone_slab":70,"minecraft:ice":1246,"minecraft:white_wall_banner":1,"minecraft:bee_nest":17,"minecraft:grass_path":11551,"minecraft:black_wool":12,"minecraft:dead_brain_coral_wall_fan":1,"minecraft:cocoa":6,"minecraft:cyan_carpet":2,"minecraft:yellow_concrete":2050,"minecraft:purple_shulker_box":21,"minecraft:cracked_stone_bricks":5,"minecraft:mossy_stone_bricks":6,"minecraft:crimson_fence":5,"minecraft:jungle_wall_sign":20,"minecraft:dark_oak_planks":28,"minecraft:stripped_warped_stem":8,"minecraft:light_blue_concrete":432,"minecraft:black_terracotta":2,"minecraft:jungle_leaves":4097,"minecraft:obsidian":671,"minecraft:warped_stairs":17,"minecraft:carved_pumpkin":156,"minecraft:chiseled_polished_blackstone":2,"minecraft:red_sand":3,"minecraft:stone_brick_wall":22,"minecraft:yellow_carpet":20,"minecraft:jungle_log":8804,"minecraft:pink_stained_glass":3,"minecraft:purpur_slab":23,"minecraft:hopper":933,"minecraft:oxeye_daisy":53,"minecraft:chiseled_stone_bricks":1,"minecraft:light_blue_stained_glass":21,"minecraft:orange_concrete":454,"minecraft:tall_seagrass":15,"minecraft:sticky_piston":689,"minecraft:pumpkin":36,"minecraft:stripped_dark_oak_wood":1,"minecraft:enchanting_table":3,"minecraft:lime_stained_glass_pane":5,"minecraft:oak_sign":23,"minecraft:oak_stairs":158,"minecraft:quartz_slab":10,"minecraft:blue_orchid":3,"minecraft:iron_block":5197,"minecraft:piston_head":20,"minecraft:brown_mushroom":10,"minecraft:player_wall_head":5,"minecraft:soul_fire":9,"minecraft:blue_stained_glass":3,"minecraft:blast_furnace":55,"minecraft:polished_andesite_stairs":2,"minecraft:glass":1513,"minecraft:damaged_anvil":8,"minecraft:crimson_stairs":4,"minecraft:spruce_sign":2,"minecraft:black_concrete_powder":46,"minecraft:light_gray_stained_glass":1,"minecraft:wheat":118,"minecraft:lilac":4,"minecraft:pumpkin_stem":3,"minecraft:lime_concrete":158,"minecraft:stone_brick_stairs":274,"minecraft:prismarine_brick_stairs":2,"minecraft:oak_fence_gate":1,"minecraft:blue_shulker_box":25,"minecraft:red_mushroom_block":68,"minecraft:yellow_stained_glass":3,"minecraft:piston":242,"minecraft:light_blue_stained_glass_pane":5,"minecraft:yellow_terracotta":3150,"minecraft:pink_shulker_box":34,"minecraft:light_gray_stained_glass_pane":2,"minecraft:stripped_birch_log":125,"minecraft:jack_o_lantern":26,"minecraft:shulker_box":939,"minecraft:nether_bricks":205,"minecraft:jungle_planks":63,"minecraft:crimson_roots":5,"minecraft:orange_shulker_box":86,"minecraft:magenta_concrete":152,"minecraft:yellow_concrete_powder":37,"minecraft:horn_coral_wall_fan":6,"minecraft:kelp":88,"minecraft:polished_blackstone_button":1,"minecraft:snow":2,"minecraft:diamond_block":175,"minecraft:potatoes":138,"minecraft:warped_stem":2,"minecraft:smooth_quartz_stairs":139,"minecraft:bamboo_sapling":13,"minecraft:bamboo":1215,"minecraft:white_wool":20,"minecraft:cake":1,"minecraft:smithing_table":12,"minecraft:light_gray_carpet":18,"minecraft:gray_concrete":325,"minecraft:comparator":178,"minecraft:stone_brick_slab":2322,"minecraft:observer":556,"minecraft:jungle_sign":11,"minecraft:light_gray_concrete_powder":10,"minecraft:spruce_button":4,"minecraft:emerald_ore":45,"minecraft:cyan_concrete_powder":1,"minecraft:sponge":109,"minecraft:dropper":204,"minecraft:purple_stained_glass":3,"minecraft:prismarine_brick_slab":6,"minecraft:white_carpet":22,"minecraft:spruce_log":3695,"minecraft:birch_leaves":300,"minecraft:jungle_fence":11,"minecraft:quartz_pillar":12,"minecraft:mycelium":336,"minecraft:pink_stained_glass_pane":18,"minecraft:spruce_fence_gate":1,"minecraft:infested_stone":324,"minecraft:black_shulker_box":140,"minecraft:spruce_planks":232,"minecraft:jungle_slab":284,"minecraft:cobblestone_stairs":313,"minecraft:stripped_crimson_hyphae":1,"minecraft:grass_block":29597,"minecraft:blue_concrete":1947,"minecraft:soul_soil":249,"minecraft:smooth_stone":2399,"minecraft:glowstone":453,"minecraft:iron_ore":4774,"minecraft:target":27,"minecraft:black_carpet":4,"minecraft:anvil":20,"minecraft:azure_bluet":61,"minecraft:dark_oak_stairs":39,"minecraft:purple_carpet":19,"minecraft:birch_wall_sign":16,"minecraft:jungle_pressure_plate":4,"minecraft:end_stone_bricks":146,"minecraft:cyan_terracotta":865,"minecraft:blackstone":3408,"minecraft:melon_stem":5,"minecraft:soul_lantern":5,"minecraft:chiseled_quartz_block":1,"minecraft:clay":136,"minecraft:poppy":754,"minecraft:chest":1417,"minecraft:mushroom_stem":24,"minecraft:cobblestone":3654,"minecraft:slime_block":1032,"minecraft:grindstone":16,"minecraft:iron_door":1,"minecraft:magenta_shulker_box":22,"minecraft:seagrass":9,"minecraft:brown_concrete_powder":1,"minecraft:nether_wart_block":98,"minecraft:birch_log":707,"minecraft:birch_trapdoor":9,"minecraft:purpur_block":260,"minecraft:yellow_stained_glass_pane":16,"minecraft:sand":51923,"minecraft:wither_skeleton_skull":1,"minecraft:netherrack":21172,"minecraft:oak_leaves":29733,"minecraft:magenta_wool":37,"minecraft:emerald_block":10,"minecraft:redstone_lamp":337,"minecraft:nether_gold_ore":165,"minecraft:diamond_ore":2171,"minecraft:red_carpet":3,"minecraft:gray_shulker_box":110,"minecraft:white_stained_glass":44,"minecraft:polished_andesite_slab":20,"minecraft:sandstone":183,"minecraft:large_fern":15,"minecraft:oak_trapdoor":65,"minecraft:red_concrete_powder":32,"minecraft:furnace":236,"minecraft:carrots":18,"minecraft:black_glazed_terracotta":1,"minecraft:stripped_spruce_log":823,"minecraft:black_concrete":353,"minecraft:bell":2,"minecraft:lantern":11,"minecraft:crimson_door":3,"minecraft:stripped_acacia_log":8,"minecraft:stripped_jungle_log":8,"minecraft:packed_ice":48,"minecraft:chorus_plant":1,"minecraft:white_tulip":44,"minecraft:stone":602171,"minecraft:yellow_shulker_box":68,"minecraft:redstone_wall_torch":127,"minecraft:podzol":511,"minecraft:light_blue_shulker_box":413,"minecraft:red_wool":47,"minecraft:infested_stone_bricks":2,"minecraft:crafting_table":188,"minecraft:cyan_stained_glass_pane":58,"minecraft:rose_bush":14,"minecraft:andesite_slab":8,"minecraft:lectern":21,"minecraft:lapis_ore":1023,"minecraft:spruce_stairs":105,"minecraft:cactus":60,"minecraft:gray_concrete_powder":32,"minecraft:green_shulker_box":35,"minecraft:beehive":69,"minecraft:polished_blackstone_stairs":18,"minecraft:redstone_torch":83,"minecraft:sweet_berry_bush":6,"minecraft:gray_bed":2,"minecraft:coal_ore":17310,"minecraft:end_rod":40,"minecraft:bubble_coral_wall_fan":4,"minecraft:gray_carpet":19,"minecraft:terracotta":2175,"minecraft:crimson_wall_sign":1,"minecraft:polished_andesite":45,"minecraft:acacia_wall_sign":7,"minecraft:birch_fence":1}},"DataVersion":2584}