{"stats":{"minecraft:killed":{"minecraft:skeleton":5,"minecraft:husk":3,"minecraft:zombie":553,"minecraft:zombie_villager":12,"minecraft:drowned":89},"minecraft:used":{"minecraft:netherite_sword":10,"minecraft:diorite":1,"minecraft:black_concrete":1,"minecraft:birch_leaves":34,"minecraft:stone":2,"minecraft:cobblestone_wall":3,"minecraft:splash_potion":21,"minecraft:cobweb":3},"minecraft:picked_up":{"minecraft:golden_helmet":4,"minecraft:birch_leaves":1,"minecraft:sandstone_slab":1,"minecraft:leather_chestplate":3,"minecraft:stone":3,"minecraft:clay_ball":4,"minecraft:leather_leggings":4,"minecraft:golden_leggings":3,"minecraft:lead":1,"minecraft:potato":6,"minecraft:gravel":17,"minecraft:carrot":4,"minecraft:golden_boots":2,"minecraft:grass_block":1,"minecraft:gunpowder":93,"minecraft:golden_chestplate":2,"minecraft:dirt":13,"minecraft:string":48,"minecraft:leather_helmet":2,"minecraft:quartz_block":1,"minecraft:leather_boots":3,"minecraft:arrow":333,"minecraft:bone":259,"minecraft:pufferfish":3,"minecraft:cactus":3,"minecraft:rotten_flesh":772,"minecraft:slime_ball":4,"minecraft:tropical_fish":26,"minecraft:bow":1,"minecraft:chainmail_leggings":1,"minecraft:iron_ingot":4,"minecraft:bone_meal":1,"minecraft:player_head":11,"minecraft:gold_ingot":4,"minecraft:rabbit":1,"minecraft:sugar_cane":2,"minecraft:cod":20,"minecraft:cobblestone":64,"minecraft:egg":1},"minecraft:custom":{"minecraft:time_since_rest":162366,"minecraft:sprint_one_cm":32361,"minecraft:damage_taken":40,"minecraft:walk_one_cm":57760,"minecraft:interact_with_anvil":3,"minecraft:mob_kills":662,"minecraft:minecart_one_cm":422,"minecraft:damage_dealt":125475,"minecraft:fly_one_cm":6430239,"minecraft:play_one_minute":162366,"minecraft:crouch_one_cm":4162,"minecraft:sneak_time":12877,"minecraft:walk_under_water_one_cm":97996,"minecraft:jump":112,"minecraft:leave_game":4,"minecraft:time_since_death":162366,"minecraft:walk_on_water_one_cm":84618}},"DataVersion":2584}