{"stats":{"minecraft:killed":{"minecraft:salmon":14,"minecraft:ender_dragon":1,"minecraft:pillager":8,"minecraft:zombie":712,"minecraft:endermite":22,"minecraft:snow_golem":1,"minecraft:husk":34,"minecraft:rabbit":1,"minecraft:zombified_piglin":8,"minecraft:witch":4,"minecraft:spider":70,"minecraft:wither":1,"minecraft:bee":2,"minecraft:silverfish":39,"minecraft:piglin":9,"minecraft:zombie_villager":7,"minecraft:sheep":48,"minecraft:trader_llama":22,"minecraft:ghast":67,"minecraft:drowned":16,"minecraft:hoglin":1,"minecraft:squid":85,"minecraft:wither_skeleton":15,"minecraft:villager":1,"minecraft:cave_spider":921,"minecraft:shulker":52,"minecraft:pufferfish":16,"minecraft:skeleton":951,"minecraft:chicken":430,"minecraft:cat":3,"minecraft:magma_cube":79,"minecraft:cow":805,"minecraft:wandering_trader":8,"minecraft:enderman":16172,"minecraft:wolf":3,"minecraft:pig":33,"minecraft:creeper":144,"minecraft:blaze":17,"minecraft:bat":2},"minecraft:killed_by":{"minecraft:ravager":7,"minecraft:pufferfish":2,"minecraft:zombie":5,"minecraft:armor_stand":1,"minecraft:skeleton":4,"minecraft:vex":1,"minecraft:ender_dragon":4,"minecraft:shulker":1,"minecraft:wither_skeleton":1,"minecraft:creeper":4,"minecraft:witch":1,"minecraft:player":7,"minecraft:enderman":2,"minecraft:iron_golem":1,"minecraft:phantom":1},"minecraft:picked_up":{"minecraft:stone_slab":14862,"minecraft:smithing_table":36,"minecraft:lead":422,"minecraft:enchanted_book":87,"minecraft:purple_shulker_box":1,"minecraft:blue_concrete":1524,"minecraft:dark_oak_pressure_plate":26,"minecraft:music_disc_cat":7,"minecraft:polished_blackstone_brick_stairs":26,"minecraft:string":4054,"minecraft:orange_glazed_terracotta":3,"minecraft:pufferfish":61,"minecraft:shroomlight":231,"minecraft:diamond_leggings":32,"minecraft:horn_coral_block":109,"minecraft:bubble_coral":11,"minecraft:warped_slab":175,"minecraft:diamond_ore":165,"minecraft:spruce_pressure_plate":6,"minecraft:polished_blackstone_brick_slab":57,"minecraft:polished_blackstone_stairs":115,"minecraft:cyan_stained_glass":91,"minecraft:acacia_log":68,"minecraft:purpur_pillar":16,"minecraft:brick_wall":252,"minecraft:honeycomb_block":115,"minecraft:end_crystal":32,"minecraft:gray_shulker_box":4,"minecraft:cauldron":209,"minecraft:golden_chestplate":7,"minecraft:green_terracotta":88,"minecraft:pink_terracotta":143,"minecraft:brown_carpet":690,"minecraft:stone_sword":3,"minecraft:lime_carpet":394,"minecraft:honey_bottle":12,"minecraft:horn_coral_fan":90,"minecraft:blackstone_wall":1304,"minecraft:polished_basalt":18,"minecraft:red_tulip":1650,"minecraft:carved_pumpkin":452,"minecraft:glowstone":216,"minecraft:bookshelf":233,"minecraft:end_rod":1492,"minecraft:white_terracotta":514,"minecraft:blaze_rod":573,"minecraft:iron_bars":2513,"minecraft:snowball":6633,"minecraft:sponge":390,"minecraft:feather":4047,"minecraft:cooked_beef":2632,"minecraft:water_bucket":234,"minecraft:dark_oak_boat":2,"minecraft:brown_wool":4865,"minecraft:flint":1153,"minecraft:purple_stained_glass":26,"minecraft:pink_concrete_powder":4,"minecraft:lantern":2128,"minecraft:gray_concrete_powder":1391,"minecraft:purple_carpet":473,"minecraft:warped_hyphae":6,"minecraft:stonecutter":40,"minecraft:dark_oak_sign":1359,"minecraft:rabbit":4,"minecraft:diamond_helmet":29,"minecraft:honeycomb":298,"minecraft:chiseled_polished_blackstone":1,"minecraft:lime_terracotta":866,"minecraft:stripped_spruce_log":16,"minecraft:brown_mushroom_block":1575,"minecraft:polished_andesite":2495,"minecraft:blue_terracotta":1136,"minecraft:lever":674,"minecraft:granite":20103,"minecraft:spruce_button":94,"minecraft:golden_horse_armor":2,"minecraft:cyan_dye":3794,"minecraft:jack_o_lantern":56,"minecraft:light_gray_carpet":1359,"minecraft:crimson_roots":133,"minecraft:diamond_pickaxe":121,"minecraft:bee_nest":4,"minecraft:stripped_warped_hyphae":280,"minecraft:clay_ball":2020,"minecraft:redstone_lamp":46,"minecraft:leather_leggings":9,"minecraft:dragon_head":29,"minecraft:acacia_button":2,"minecraft:purpur_block":60,"minecraft:fire_coral":16,"minecraft:heavy_weighted_pressure_plate":5,"minecraft:cornflower":1296,"minecraft:elytra":69,"minecraft:flint_and_steel":80,"minecraft:acacia_door":14,"minecraft:white_carpet":67,"minecraft:white_stained_glass":275,"minecraft:iron_shovel":23,"minecraft:polished_blackstone_wall":2,"minecraft:glass_pane":3444,"minecraft:netherite_sword":12,"minecraft:stripped_warped_stem":15,"minecraft:jungle_sapling":86,"minecraft:poppy":687,"minecraft:spruce_slab":3160,"minecraft:minecart":419,"minecraft:birch_sapling":198,"minecraft:piston":292,"minecraft:lime_shulker_box":78,"minecraft:black_stained_glass":1061,"minecraft:stone":148621,"minecraft:white_dye":5017,"minecraft:netherite_pickaxe":28,"minecraft:jungle_sign":14,"minecraft:stone_shovel":2,"minecraft:diamond_chestplate":15,"minecraft:purpur_slab":10,"minecraft:hay_block":855,"minecraft:yellow_terracotta":131,"minecraft:totem_of_undying":4,"minecraft:polished_blackstone":306,"minecraft:mutton":99,"minecraft:rail":3256,"minecraft:bone_block":1029,"minecraft:emerald_ore":148,"minecraft:oxeye_daisy":1712,"minecraft:birch_leaves":2513,"minecraft:yellow_shulker_box":1,"minecraft:clock":6,"minecraft:tripwire_hook":384,"minecraft:blackstone_slab":846,"minecraft:yellow_dye":1,"minecraft:fern":70,"minecraft:jungle_fence":266,"minecraft:purpur_stairs":4,"minecraft:lily_pad":27,"minecraft:paper":12518,"minecraft:apple":471,"minecraft:light_gray_glazed_terracotta":26,"minecraft:warped_stem":55,"minecraft:yellow_stained_glass":9,"minecraft:oak_fence_gate":71,"minecraft:pufferfish_bucket":23,"minecraft:iron_ore":5441,"minecraft:gray_bed":24,"minecraft:dark_oak_stairs":3055,"minecraft:polished_andesite_stairs":2619,"minecraft:milk_bucket":27,"minecraft:light_gray_stained_glass":1447,"minecraft:sweet_berries":844,"minecraft:red_wool":155,"minecraft:lime_concrete":408,"minecraft:crimson_stairs":276,"minecraft:light_blue_stained_glass":271,"minecraft:crying_obsidian":348,"minecraft:leather_helmet":5,"minecraft:diamond_shovel":57,"minecraft:coal_ore":2879,"minecraft:slime_ball":2372,"minecraft:painting":87,"minecraft:birch_sign":392,"minecraft:polished_blackstone_brick_wall":1,"minecraft:red_nether_brick_slab":1676,"minecraft:baked_potato":8,"minecraft:smooth_quartz_slab":1883,"minecraft:hopper":1125,"minecraft:black_carpet":223,"minecraft:light_blue_concrete":452,"minecraft:ender_chest":236,"minecraft:nether_brick_fence":250,"minecraft:yellow_wool":150,"minecraft:gilded_blackstone":307,"minecraft:stone_brick_stairs":2590,"minecraft:warped_stairs":16,"minecraft:lapis_block":303,"minecraft:experience_bottle":20,"minecraft:red_sand":880,"minecraft:bucket":471,"minecraft:smooth_stone":405,"minecraft:comparator":512,"minecraft:light_weighted_pressure_plate":8,"minecraft:white_tulip":88,"minecraft:red_dye":2402,"minecraft:rose_bush":7268,"minecraft:cobblestone_slab":1288,"minecraft:smooth_quartz":743,"minecraft:ender_eye":670,"minecraft:wooden_shovel":8,"minecraft:iron_pickaxe":18,"minecraft:smooth_quartz_stairs":395,"minecraft:blue_wool":364,"minecraft:tipped_arrow":506,"minecraft:acacia_fence":1,"minecraft:birch_trapdoor":60,"minecraft:spruce_stairs":1347,"minecraft:netherite_shovel":13,"minecraft:diorite":20462,"minecraft:vine":615,"minecraft:andesite_wall":154,"minecraft:rotten_flesh":3283,"minecraft:music_disc_ward":1,"minecraft:brown_shulker_box":17,"minecraft:obsidian":879,"minecraft:blaze_powder":577,"minecraft:cobblestone":200662,"minecraft:enchanting_table":18,"minecraft:leather_chestplate":8,"minecraft:lilac":104,"minecraft:repeater":1098,"minecraft:warped_fungus_on_a_stick":17,"minecraft:andesite":16146,"minecraft:orange_carpet":11,"minecraft:golden_leggings":13,"minecraft:beacon":2,"minecraft:potato":1030,"minecraft:smooth_sandstone_stairs":356,"minecraft:prismarine_bricks":366,"minecraft:stripped_birch_log":8,"minecraft:dirt":29256,"minecraft:name_tag":141,"minecraft:glass":7781,"minecraft:bone":1950,"minecraft:acacia_planks":20,"minecraft:bow":285,"minecraft:wheat_seeds":9863,"minecraft:crimson_fence_gate":18,"minecraft:grindstone":238,"minecraft:netherite_axe":13,"minecraft:purple_stained_glass_pane":2,"minecraft:mossy_stone_bricks":49,"minecraft:fletching_table":13,"minecraft:bamboo":7518,"minecraft:cyan_concrete":4,"minecraft:gray_stained_glass":999,"minecraft:black_stained_glass_pane":686,"minecraft:light_blue_shulker_box":36,"minecraft:melon":220,"minecraft:nether_brick_stairs":8,"minecraft:grass_block":4944,"minecraft:diamond_block":6,"minecraft:spectral_arrow":267,"minecraft:jungle_slab":886,"minecraft:mossy_cobblestone":443,"minecraft:jungle_leaves":1001,"minecraft:light_gray_terracotta":262,"minecraft:sugar":13,"minecraft:yellow_carpet":80,"minecraft:light_blue_terracotta":172,"minecraft:slime_block":458,"minecraft:netherite_helmet":12,"minecraft:soul_lantern":636,"minecraft:yellow_stained_glass_pane":4,"minecraft:cracked_polished_blackstone_bricks":55,"minecraft:crossbow":10,"minecraft:bone_meal":7931,"minecraft:grass":237,"minecraft:golden_apple":8,"minecraft:spruce_sign":1311,"minecraft:emerald":193,"minecraft:chorus_fruit":1212,"minecraft:netherrack":18769,"minecraft:oak_leaves":4340,"minecraft:andesite_slab":6711,"minecraft:azure_bluet":633,"minecraft:splash_potion":8,"minecraft:ladder":1199,"minecraft:brown_mushroom":207,"minecraft:packed_ice":1640,"minecraft:pink_wool":573,"minecraft:chain":3392,"minecraft:brick":479,"minecraft:shield":53,"minecraft:orange_stained_glass":24,"minecraft:oak_trapdoor":84,"minecraft:mycelium":1699,"minecraft:birch_fence":135,"minecraft:blackstone":7721,"minecraft:lime_wool":1806,"minecraft:end_stone":8019,"minecraft:note_block":244,"minecraft:polished_blackstone_bricks":535,"minecraft:cookie":55,"minecraft:brown_concrete_powder":792,"minecraft:light_gray_stained_glass_pane":8353,"minecraft:brown_dye":746,"minecraft:purple_terracotta":16,"minecraft:stone_pressure_plate":212,"minecraft:blue_concrete_powder":10,"minecraft:tube_coral":13,"minecraft:weeping_vines":1106,"minecraft:red_shulker_box":361,"minecraft:pumpkin_pie":8,"minecraft:nether_bricks":942,"minecraft:stripped_dark_oak_wood":4,"minecraft:pink_tulip":68,"minecraft:black_banner":716,"minecraft:brick_stairs":25,"minecraft:nether_brick_wall":1250,"minecraft:netherite_boots":9,"minecraft:purple_dye":1364,"minecraft:basalt":1267,"minecraft:dark_oak_button":209,"minecraft:golden_carrot":3899,"minecraft:leather":6000,"minecraft:ice":8749,"minecraft:crimson_fungus":44,"minecraft:chainmail_chestplate":7,"minecraft:cobblestone_wall":2126,"minecraft:gunpowder":5575,"minecraft:orange_terracotta":1681,"minecraft:cooked_mutton":23,"minecraft:red_carpet":96,"minecraft:gray_carpet":2534,"minecraft:acacia_trapdoor":6,"minecraft:rabbit_hide":2,"minecraft:spruce_wood":6,"minecraft:iron_ingot":8953,"minecraft:cooked_chicken":793,"minecraft:polished_andesite_slab":4411,"minecraft:tropical_fish_bucket":32,"minecraft:warped_fungus":14,"minecraft:nether_quartz_ore":1844,"minecraft:emerald_block":6,"minecraft:stone_brick_slab":8388,"minecraft:quartz":8150,"minecraft:dandelion":159,"minecraft:lava_bucket":64,"minecraft:soul_torch":1,"minecraft:green_stained_glass":728,"minecraft:red_banner":11,"minecraft:nether_brick_slab":3293,"minecraft:spruce_door":19,"minecraft:brick_slab":33,"minecraft:light_blue_concrete_powder":5,"minecraft:pumpkin_seeds":7861,"minecraft:white_concrete_powder":800,"minecraft:chainmail_leggings":4,"minecraft:mossy_cobblestone_stairs":137,"minecraft:terracotta":120,"minecraft:damaged_anvil":20,"minecraft:dark_oak_wood":1,"minecraft:sunflower":94,"minecraft:seagrass":1105,"minecraft:iron_chestplate":36,"minecraft:chainmail_boots":5,"minecraft:anvil":519,"minecraft:flower_pot":1502,"minecraft:prismarine_shard":3665,"minecraft:magenta_carpet":2,"minecraft:diamond_sword":76,"minecraft:oak_stairs":11,"minecraft:brown_bed":11,"minecraft:birch_button":4,"minecraft:wither_rose":4,"minecraft:golden_shovel":1,"minecraft:brewing_stand":152,"minecraft:golden_sword":2,"minecraft:dark_oak_trapdoor":1615,"minecraft:soul_soil":2207,"minecraft:red_nether_bricks":1162,"minecraft:beetroot":202,"minecraft:gold_nugget":552,"minecraft:crimson_fence":3,"minecraft:black_glazed_terracotta":529,"minecraft:spruce_planks":694,"minecraft:acacia_sign":16,"minecraft:written_book":133,"minecraft:melon_slice":6414,"minecraft:coal_block":1123,"minecraft:golden_helmet":11,"minecraft:beehive":50,"minecraft:white_glazed_terracotta":3,"minecraft:magenta_concrete_powder":3,"minecraft:composter":75,"minecraft:sandstone_wall":85,"minecraft:warped_planks":70,"minecraft:chiseled_nether_bricks":2,"minecraft:black_dye":511,"minecraft:gray_stained_glass_pane":942,"minecraft:light_blue_wool":990,"minecraft:tropical_fish":7,"minecraft:blue_dye":8538,"minecraft:iron_block":2422,"minecraft:cyan_terracotta":5619,"minecraft:blackstone_stairs":225,"minecraft:birch_log":230,"minecraft:magma_block":235,"minecraft:mossy_cobblestone_slab":19,"minecraft:birch_slab":143,"minecraft:iron_door":20,"minecraft:jungle_log":189,"minecraft:acacia_leaves":5,"minecraft:green_concrete_powder":417,"minecraft:smoker":25,"minecraft:gray_concrete":1781,"minecraft:netherite_leggings":9,"minecraft:map":409,"minecraft:light_gray_concrete_powder":206,"minecraft:twisting_vines":298,"minecraft:chipped_anvil":56,"minecraft:gray_terracotta":1210,"minecraft:glowstone_dust":396,"minecraft:warped_wart_block":301,"minecraft:dropper":506,"minecraft:ink_sac":2233,"minecraft:loom":82,"minecraft:fermented_spider_eye":1,"minecraft:red_terracotta":519,"minecraft:dark_oak_log":307,"minecraft:barrel":509,"minecraft:quartz_bricks":129,"minecraft:stripped_acacia_log":1,"minecraft:black_concrete_powder":26,"minecraft:dispenser":133,"minecraft:green_concrete":1,"minecraft:writable_book":13,"minecraft:polished_granite_slab":406,"minecraft:blue_ice":427,"minecraft:bread":3497,"minecraft:chainmail_helmet":6,"minecraft:dark_oak_fence":1919,"minecraft:bricks":469,"minecraft:spruce_leaves":1428,"minecraft:crafting_table":467,"minecraft:coarse_dirt":4356,"minecraft:bubble_coral_fan":92,"minecraft:sandstone_slab":1255,"minecraft:purple_wool":594,"minecraft:nether_wart":2566,"minecraft:orange_stained_glass_pane":6,"minecraft:crimson_trapdoor":636,"minecraft:red_bed":14,"minecraft:jungle_trapdoor":1118,"minecraft:snow":1769,"minecraft:netherite_scrap":4,"minecraft:compass":35,"minecraft:cartography_table":1,"minecraft:respawn_anchor":2,"minecraft:beef":2867,"minecraft:cyan_wool":236,"minecraft:iron_nugget":5658,"minecraft:quartz_stairs":33,"minecraft:chest":1409,"minecraft:egg":10112,"minecraft:sandstone":1067,"minecraft:spruce_fence":3889,"minecraft:carrot":1890,"minecraft:redstone":15671,"minecraft:mushroom_stem":10778,"minecraft:prismarine_crystals":7579,"minecraft:tnt":422,"minecraft:cooked_cod":279,"minecraft:beetroot_seeds":576,"minecraft:peony":55,"minecraft:tube_coral_fan":80,"minecraft:shears":29,"minecraft:diamond_boots":62,"minecraft:sandstone_stairs":33,"minecraft:warped_sign":36,"minecraft:tube_coral_block":154,"minecraft:gold_ingot":158,"minecraft:white_shulker_box":71,"minecraft:lime_concrete_powder":281,"minecraft:white_wool":7324,"minecraft:crimson_slab":411,"minecraft:lapis_ore":369,"minecraft:stripped_oak_log":235,"minecraft:red_mushroom_block":2640,"minecraft:red_mushroom":114,"minecraft:filled_map":450,"minecraft:brown_concrete":36,"minecraft:oak_log":4545,"minecraft:ancient_debris":154,"minecraft:golden_boots":15,"minecraft:blue_bed":6,"minecraft:white_banner":97,"minecraft:stone_bricks":6460,"minecraft:kelp":6095,"minecraft:cobweb":82,"minecraft:glass_bottle":169,"minecraft:iron_sword":50,"minecraft:white_stained_glass_pane":3438,"minecraft:dark_oak_slab":3317,"minecraft:daylight_detector":39,"minecraft:yellow_concrete":809,"minecraft:gravel":8169,"minecraft:birch_stairs":85,"minecraft:spruce_sapling":853,"minecraft:spruce_log":3730,"minecraft:sea_lantern":609,"minecraft:firework_rocket":2786,"minecraft:red_stained_glass":9,"minecraft:polished_diorite":5,"minecraft:stone_axe":2,"minecraft:light_blue_carpet":12,"minecraft:redstone_ore":1231,"minecraft:scute":23,"minecraft:diamond_axe":37,"minecraft:gray_wool":367,"minecraft:warped_roots":60,"minecraft:oak_button":20,"minecraft:crimson_nylium":585,"minecraft:melon_seeds":27,"minecraft:warped_nylium":289,"minecraft:stripped_dark_oak_log":25,"minecraft:pink_dye":158,"minecraft:ender_pearl":29895,"minecraft:shulker_shell":332,"minecraft:wheat":3299,"minecraft:redstone_block":592,"minecraft:iron_trapdoor":374,"minecraft:light_gray_shulker_box":5,"minecraft:potion":408,"minecraft:turtle_egg":2434,"minecraft:nether_brick":1739,"minecraft:brain_coral_block":101,"minecraft:crimson_planks":245,"minecraft:smooth_stone_slab":3247,"minecraft:iron_leggings":32,"minecraft:sticky_piston":531,"minecraft:armor_stand":663,"minecraft:pink_shulker_box":14,"minecraft:oak_sign":492,"minecraft:activator_rail":20,"minecraft:sea_pickle":139,"minecraft:black_shulker_box":105,"minecraft:dark_oak_leaves":30,"minecraft:redstone_torch":749,"minecraft:iron_boots":29,"minecraft:furnace":531,"minecraft:stick":7704,"minecraft:orange_shulker_box":5,"minecraft:jungle_door":14,"minecraft:brown_terracotta":3328,"minecraft:oak_fence":371,"minecraft:torch":15075,"minecraft:porkchop":234,"minecraft:snow_block":1706,"minecraft:dried_kelp":118,"minecraft:target":99,"minecraft:yellow_concrete_powder":4,"minecraft:light_gray_banner":2,"minecraft:quartz_block":3048,"minecraft:nether_gold_ore":173,"minecraft:cactus":1231,"minecraft:green_wool":3028,"minecraft:fire_coral_fan":87,"minecraft:cod":333,"minecraft:nautilus_shell":12,"minecraft:crimson_hyphae":2,"minecraft:magma_cream":198,"minecraft:magenta_dye":20,"minecraft:light_gray_dye":7739,"minecraft:warped_trapdoor":119,"minecraft:horn_coral":9,"minecraft:wither_skeleton_skull":7,"minecraft:green_shulker_box":48,"minecraft:lapis_lazuli":6448,"minecraft:polished_granite":55,"minecraft:leather_boots":9,"minecraft:bell":159,"minecraft:light_blue_dye":15,"minecraft:powered_rail":1313,"minecraft:stone_hoe":3,"minecraft:oak_planks":1125,"minecraft:brain_coral":16,"minecraft:ghast_tear":337,"minecraft:pink_concrete":208,"minecraft:black_terracotta":785,"minecraft:cooked_porkchop":337,"minecraft:music_disc_13":3,"minecraft:poisonous_potato":18,"minecraft:oak_pressure_plate":18,"minecraft:polished_blackstone_slab":318,"minecraft:jungle_planks":76,"minecraft:sand":22870,"minecraft:lily_of_the_valley":21,"minecraft:cyan_bed":17,"minecraft:chiseled_sandstone":2,"minecraft:shulker_box":651,"minecraft:dark_prismarine":478,"minecraft:light_gray_concrete":244,"minecraft:dark_prismarine_slab":3009,"minecraft:spruce_fence_gate":155,"minecraft:clay":418,"minecraft:diamond":845,"minecraft:spruce_boat":12,"minecraft:black_concrete":1468,"minecraft:white_concrete":296,"minecraft:oak_sapling":1755,"minecraft:bubble_coral_block":130,"minecraft:nether_star":15,"minecraft:lingering_potion":4,"minecraft:end_stone_bricks":49,"minecraft:fishing_rod":11,"minecraft:charcoal":36,"minecraft:cocoa_beans":11896,"minecraft:allium":12,"minecraft:chicken":1136,"minecraft:gold_block":42,"minecraft:diamond_horse_armor":8,"minecraft:dragon_breath":97,"minecraft:stone_stairs":3493,"minecraft:orange_concrete":235,"minecraft:iron_axe":7,"minecraft:item_frame":495,"minecraft:quartz_slab":3254,"minecraft:cyan_carpet":23,"minecraft:detector_rail":11,"minecraft:andesite_stairs":2090,"minecraft:oak_boat":56,"minecraft:player_head":701,"minecraft:observer":974,"minecraft:light_gray_wool":10459,"minecraft:lectern":268,"minecraft:sugar_cane":24214,"minecraft:blue_shulker_box":3,"minecraft:spruce_trapdoor":3629,"minecraft:phantom_membrane":32,"minecraft:dark_oak_sapling":596,"minecraft:orange_dye":1586,"minecraft:gray_dye":355,"minecraft:quartz_pillar":67,"minecraft:stone_button":462,"minecraft:iron_horse_armor":6,"minecraft:dark_oak_planks":733,"minecraft:smooth_sandstone_slab":101,"minecraft:arrow":7318,"minecraft:light_blue_stained_glass_pane":210,"minecraft:jungle_stairs":3,"minecraft:saddle":19,"minecraft:lime_stained_glass":33,"minecraft:wet_sponge":282,"minecraft:crimson_stem":1437,"minecraft:salmon":20,"minecraft:cut_sandstone":406,"minecraft:birch_planks":142,"minecraft:yellow_glazed_terracotta":3,"minecraft:nether_wart_block":5738,"minecraft:cobblestone_stairs":109,"minecraft:podzol":1911,"minecraft:smooth_sandstone":782,"minecraft:red_nether_brick_stairs":108,"minecraft:red_sandstone":2,"minecraft:fire_coral_block":84,"minecraft:heart_of_the_sea":10,"minecraft:mossy_stone_brick_wall":5,"minecraft:soul_sand":1995,"minecraft:acacia_sapling":512,"minecraft:purple_concrete":156,"minecraft:green_dye":9930,"minecraft:book":361,"minecraft:scaffolding":8093,"minecraft:oak_slab":361,"minecraft:red_concrete_powder":583,"minecraft:birch_boat":2,"minecraft:pumpkin":1073,"minecraft:chiseled_stone_bricks":133,"minecraft:brain_coral_fan":84,"minecraft:blast_furnace":41,"minecraft:white_bed":96,"minecraft:gold_ore":611,"minecraft:dark_oak_fence_gate":564,"minecraft:green_carpet":1869,"minecraft:mossy_stone_brick_slab":23,"minecraft:spider_eye":205,"minecraft:stripped_jungle_log":52,"minecraft:lime_banner":17,"minecraft:music_disc_mall":1,"minecraft:lime_dye":968,"minecraft:campfire":842,"minecraft:honey_block":547,"minecraft:iron_helmet":35,"minecraft:red_concrete":151,"minecraft:black_wool":2778,"minecraft:magenta_concrete":76,"minecraft:coal":6779,"minecraft:purple_concrete_powder":66},"minecraft:custom":{"minecraft:interact_with_crafting_table":2124,"minecraft:damage_blocked_by_shield":14995,"minecraft:deaths":114,"minecraft:jump":248610,"minecraft:interact_with_cartography_table":5,"minecraft:interact_with_smoker":168,"minecraft:inspect_dispenser":603,"minecraft:inspect_dropper":1236,"minecraft:interact_with_anvil":315,"minecraft:inspect_hopper":1908,"minecraft:tune_noteblock":246,"minecraft:time_since_rest":529715,"minecraft:swim_one_cm":2950407,"minecraft:open_chest":20763,"minecraft:open_shulker_box":9346,"minecraft:damage_resisted":2448,"minecraft:play_noteblock":53,"minecraft:talked_to_villager":47,"minecraft:interact_with_brewingstand":238,"minecraft:interact_with_beacon":9,"minecraft:fill_cauldron":17,"minecraft:interact_with_campfire":1,"minecraft:boat_one_cm":4472079,"minecraft:damage_taken":223363,"minecraft:aviate_one_cm":155691300,"minecraft:open_barrel":2210,"minecraft:bell_ring":45,"minecraft:eat_cake_slice":7,"minecraft:leave_game":906,"minecraft:time_since_death":1897684,"minecraft:enchant_item":203,"minecraft:interact_with_furnace":3195,"minecraft:traded_with_villager":214,"minecraft:sleep_in_bed":578,"minecraft:damage_dealt":742969,"minecraft:use_cauldron":6,"minecraft:interact_with_smithing_table":28,"minecraft:target_hit":279,"minecraft:sneak_time":2716556,"minecraft:interact_with_lectern":242,"minecraft:interact_with_blast_furnace":176,"minecraft:interact_with_stonecutter":125,"minecraft:fly_one_cm":54115692,"minecraft:fall_one_cm":6225232,"minecraft:fish_caught":22,"minecraft:animals_bred":1483,"minecraft:sprint_one_cm":69230080,"minecraft:drop":23811,"minecraft:walk_on_water_one_cm":4510590,"minecraft:play_one_minute":37712425,"minecraft:interact_with_loom":7,"minecraft:open_enderchest":1293,"minecraft:player_kills":15,"minecraft:crouch_one_cm":8350652,"minecraft:mob_kills":21303,"minecraft:climb_one_cm":3553100,"minecraft:walk_one_cm":79233818,"minecraft:strider_one_cm":262456,"minecraft:walk_under_water_one_cm":3464158,"minecraft:pot_flower":10,"minecraft:interact_with_grindstone":108,"minecraft:minecart_one_cm":582484,"minecraft:pig_one_cm":18279},"minecraft:mined":{"minecraft:dragon_wall_head":4,"minecraft:red_shulker_box":352,"minecraft:blackstone_stairs":17,"minecraft:white_bed":65,"minecraft:fire_coral_wall_fan":79,"minecraft:light_blue_carpet":9,"minecraft:granite":8449,"minecraft:acacia_log":57,"minecraft:brown_wool":16,"minecraft:oak_pressure_plate":11,"minecraft:blue_wool":8,"minecraft:oak_wall_sign":61,"minecraft:nether_wart":506,"minecraft:polished_blackstone_bricks":168,"minecraft:magma_block":120,"minecraft:dark_oak_trapdoor":7,"minecraft:mossy_cobblestone_stairs":5,"minecraft:barrel":273,"minecraft:fire":166,"minecraft:nether_brick_stairs":4,"minecraft:twisting_vines":9,"minecraft:spruce_pressure_plate":2,"minecraft:light_gray_concrete":42,"minecraft:green_carpet":285,"minecraft:white_shulker_box":49,"minecraft:spruce_wood":7,"minecraft:white_banner":1,"minecraft:player_head":10,"minecraft:tripwire":98,"minecraft:orange_bed":1,"minecraft:jungle_trapdoor":4,"minecraft:cut_sandstone":5,"minecraft:blue_concrete_powder":5,"minecraft:kelp_plant":139,"minecraft:crimson_nylium":162,"minecraft:smoker":25,"minecraft:torch":1761,"minecraft:note_block":27,"minecraft:dark_oak_wood":1,"minecraft:melon":272,"minecraft:dead_bush":6,"minecraft:white_stained_glass_pane":36,"minecraft:nether_brick_slab":1,"minecraft:spruce_wall_sign":29,"minecraft:smooth_quartz_slab":4,"minecraft:tube_coral_fan":9,"minecraft:lime_shulker_box":77,"minecraft:sugar_cane":1100,"minecraft:bricks":3,"minecraft:birch_sapling":2,"minecraft:white_terracotta":4,"minecraft:chain":71,"minecraft:repeater":409,"minecraft:yellow_glazed_terracotta":3,"minecraft:wither_rose":1,"minecraft:infested_mossy_stone_bricks":1,"minecraft:grass":695,"minecraft:birch_button":2,"minecraft:dark_oak_sapling":2,"minecraft:smooth_quartz":5,"minecraft:sandstone_wall":1,"minecraft:attached_pumpkin_stem":3,"minecraft:dark_prismarine":60,"minecraft:light_blue_wool":6,"minecraft:mossy_cobblestone":38,"minecraft:dark_oak_log":225,"minecraft:cyan_stained_glass":34,"minecraft:sea_lantern":117,"minecraft:end_stone":3952,"minecraft:dark_oak_fence":11,"minecraft:spruce_fence":53,"minecraft:acacia_button":2,"minecraft:redstone_wire":1349,"minecraft:potted_bamboo":2,"minecraft:red_mushroom":12,"minecraft:cartography_table":1,"minecraft:white_concrete_powder":2,"minecraft:horn_coral":9,"minecraft:redstone_ore":2714,"minecraft:acacia_trapdoor":8,"minecraft:light_blue_concrete_powder":5,"minecraft:pink_concrete":208,"minecraft:andesite":10314,"minecraft:green_terracotta":10,"minecraft:cyan_concrete":4,"minecraft:vine":418,"minecraft:rail":803,"minecraft:cobblestone_slab":86,"minecraft:brain_coral_wall_fan":73,"minecraft:bone_block":460,"minecraft:fire_coral_block":85,"minecraft:green_wool":58,"minecraft:ender_chest":183,"minecraft:birch_stairs":11,"minecraft:oak_slab":130,"minecraft:soul_sand":514,"minecraft:glass_pane":6,"minecraft:redstone_block":24,"minecraft:chiseled_nether_bricks":2,"minecraft:lily_of_the_valley":13,"minecraft:dandelion":66,"minecraft:polished_blackstone_brick_wall":1,"minecraft:fire_coral":16,"minecraft:cornflower":6,"minecraft:warped_roots":2,"minecraft:campfire":34,"minecraft:tall_grass":37,"minecraft:brain_coral_fan":13,"minecraft:purpur_pillar":16,"minecraft:diorite":7488,"minecraft:orange_carpet":9,"minecraft:warped_wart_block":32,"minecraft:purple_wool":4,"minecraft:black_stained_glass":36,"minecraft:red_terracotta":3,"minecraft:coarse_dirt":8,"minecraft:cobblestone_wall":82,"minecraft:dark_oak_wall_sign":9,"minecraft:purple_concrete":111,"minecraft:sunflower":21,"minecraft:gravel":4757,"minecraft:cobweb":336,"minecraft:brown_terracotta":16,"minecraft:oak_button":2,"minecraft:polished_blackstone":292,"minecraft:stone_bricks":1607,"minecraft:gold_ore":476,"minecraft:chipped_anvil":26,"minecraft:iron_trapdoor":28,"minecraft:fern":68,"minecraft:stone_pressure_plate":66,"minecraft:oak_sapling":29,"minecraft:farmland":39,"minecraft:mossy_stone_brick_slab":3,"minecraft:andesite_stairs":106,"minecraft:orange_stained_glass":26,"minecraft:brewing_stand":16,"minecraft:spruce_trapdoor":54,"minecraft:lime_banner":13,"minecraft:white_concrete":67,"minecraft:cracked_polished_blackstone_bricks":58,"minecraft:bubble_coral_fan":18,"minecraft:polished_blackstone_brick_slab":14,"minecraft:polished_diorite":3,"minecraft:frosted_ice":2,"minecraft:composter":16,"minecraft:gilded_blackstone":4,"minecraft:mossy_cobblestone_slab":5,"minecraft:turtle_egg":1,"minecraft:brown_bed":9,"minecraft:green_stained_glass":333,"minecraft:iron_bars":58,"minecraft:spruce_slab":238,"minecraft:brown_shulker_box":15,"minecraft:quartz_block":544,"minecraft:polished_blackstone_wall":2,"minecraft:orange_terracotta":1,"minecraft:purpur_stairs":2,"minecraft:light_gray_terracotta":3,"minecraft:jungle_stairs":1,"minecraft:beacon":1,"minecraft:nether_quartz_ore":3436,"minecraft:oak_planks":451,"minecraft:wall_torch":664,"minecraft:cauldron":24,"minecraft:light_blue_terracotta":10,"minecraft:stone_stairs":38,"minecraft:light_weighted_pressure_plate":6,"minecraft:fire_coral_fan":9,"minecraft:warped_nylium":157,"minecraft:powered_rail":93,"minecraft:dark_oak_slab":20,"minecraft:mossy_stone_brick_wall":1,"minecraft:warped_planks":29,"minecraft:blue_ice":146,"minecraft:tnt":56,"minecraft:smooth_stone_slab":513,"minecraft:oak_log":3821,"minecraft:beetroots":200,"minecraft:dirt":12260,"minecraft:dispenser":44,"minecraft:ancient_debris":58,"minecraft:daylight_detector":35,"minecraft:crying_obsidian":23,"minecraft:quartz_stairs":24,"minecraft:dark_oak_leaves":218,"minecraft:red_stained_glass":10,"minecraft:lever":155,"minecraft:ladder":190,"minecraft:purple_terracotta":3,"minecraft:stone_button":155,"minecraft:tube_coral_wall_fan":71,"minecraft:brown_mushroom_block":90,"minecraft:birch_slab":37,"minecraft:spruce_leaves":1198,"minecraft:crimson_stem":103,"minecraft:hay_block":67,"minecraft:heavy_weighted_pressure_plate":3,"minecraft:nether_sprouts":1,"minecraft:polished_basalt":13,"minecraft:orange_stained_glass_pane":6,"minecraft:light_gray_shulker_box":5,"minecraft:detector_rail":5,"minecraft:gold_block":22,"minecraft:nether_brick_fence":3,"minecraft:shroomlight":41,"minecraft:lime_wall_banner":1,"minecraft:bookshelf":78,"minecraft:stripped_oak_log":275,"minecraft:wet_sponge":266,"minecraft:orange_glazed_terracotta":1,"minecraft:scaffolding":1357,"minecraft:acacia_leaves":47,"minecraft:magenta_stained_glass":1,"minecraft:snow_block":169,"minecraft:basalt":184,"minecraft:stripped_dark_oak_log":25,"minecraft:polished_granite":8,"minecraft:oak_fence":254,"minecraft:honey_block":394,"minecraft:gray_stained_glass":23,"minecraft:lime_carpet":200,"minecraft:stone_slab":175,"minecraft:quartz_bricks":4,"minecraft:red_concrete":112,"minecraft:polished_blackstone_brick_stairs":2,"minecraft:birch_planks":9,"minecraft:bubble_coral":11,"minecraft:sea_pickle":18,"minecraft:polished_blackstone_slab":20,"minecraft:ice":7447,"minecraft:bee_nest":5,"minecraft:grass_path":33,"minecraft:black_wool":8,"minecraft:cocoa":90,"minecraft:flower_pot":5,"minecraft:cyan_carpet":13,"minecraft:yellow_concrete":416,"minecraft:purple_shulker_box":2,"minecraft:cracked_stone_bricks":2,"minecraft:mossy_stone_bricks":24,"minecraft:crimson_fence":3,"minecraft:dark_oak_planks":266,"minecraft:polished_granite_slab":3,"minecraft:stripped_warped_stem":14,"minecraft:light_blue_concrete":247,"minecraft:jungle_leaves":265,"minecraft:obsidian":473,"minecraft:warped_stairs":15,"minecraft:carved_pumpkin":447,"minecraft:chiseled_polished_blackstone":1,"minecraft:yellow_carpet":51,"minecraft:jungle_log":99,"minecraft:horn_coral_fan":16,"minecraft:coal_block":70,"minecraft:purpur_slab":9,"minecraft:lime_stained_glass":19,"minecraft:bubble_coral_block":135,"minecraft:hopper":403,"minecraft:tube_coral_block":154,"minecraft:crimson_fungus":30,"minecraft:weeping_vines_plant":15,"minecraft:orange_concrete":165,"minecraft:light_blue_stained_glass":64,"minecraft:potted_fern":1,"minecraft:tall_seagrass":78,"minecraft:sticky_piston":334,"minecraft:pumpkin":652,"minecraft:stripped_dark_oak_wood":4,"minecraft:enchanting_table":18,"minecraft:oak_sign":17,"minecraft:oak_stairs":7,"minecraft:quartz_slab":32,"minecraft:iron_block":683,"minecraft:piston_head":27,"minecraft:brown_mushroom":17,"minecraft:red_bed":12,"minecraft:player_wall_head":11,"minecraft:soul_fire":54,"minecraft:blast_furnace":22,"minecraft:polished_andesite_stairs":48,"minecraft:green_concrete_powder":3,"minecraft:glass":2549,"minecraft:cyan_bed":17,"minecraft:damaged_anvil":16,"minecraft:smooth_sandstone_slab":3,"minecraft:cyan_wool":1,"minecraft:black_concrete_powder":8,"minecraft:light_gray_stained_glass":10,"minecraft:wheat":2523,"minecraft:pumpkin_stem":8,"minecraft:lime_concrete":166,"minecraft:warped_fungus":12,"minecraft:stone_brick_stairs":14,"minecraft:oak_fence_gate":71,"minecraft:loom":2,"minecraft:blue_shulker_box":2,"minecraft:stonecutter":37,"minecraft:yellow_stained_glass":10,"minecraft:piston":70,"minecraft:pink_shulker_box":14,"minecraft:stripped_birch_log":8,"minecraft:jack_o_lantern":53,"minecraft:shulker_box":535,"minecraft:nether_bricks":62,"minecraft:jungle_planks":9,"minecraft:crimson_roots":66,"minecraft:orange_shulker_box":4,"minecraft:magenta_concrete":75,"minecraft:yellow_concrete_powder":4,"minecraft:lime_wool":24,"minecraft:horn_coral_wall_fan":74,"minecraft:kelp":54,"minecraft:pink_wool":2,"minecraft:black_stained_glass_pane":3,"minecraft:jungle_sapling":1,"minecraft:snow":4868,"minecraft:diamond_block":2,"minecraft:white_glazed_terracotta":3,"minecraft:potatoes":185,"minecraft:magenta_concrete_powder":3,"minecraft:warped_stem":20,"minecraft:bamboo":530,"minecraft:smooth_quartz_stairs":5,"minecraft:bamboo_sapling":38,"minecraft:warped_trapdoor":14,"minecraft:white_wool":14,"minecraft:brain_coral":16,"minecraft:smithing_table":1,"minecraft:light_gray_carpet":269,"minecraft:gray_concrete":274,"minecraft:comparator":222,"minecraft:brown_carpet":1,"minecraft:stone_brick_slab":92,"minecraft:pink_concrete_powder":4,"minecraft:observer":368,"minecraft:jungle_sign":1,"minecraft:light_gray_concrete_powder":1,"minecraft:spruce_button":1,"minecraft:emerald_ore":64,"minecraft:sponge":219,"minecraft:dropper":229,"minecraft:purple_stained_glass":15,"minecraft:white_carpet":21,"minecraft:spruce_log":2819,"minecraft:birch_leaves":425,"minecraft:jungle_fence":4,"minecraft:quartz_pillar":38,"minecraft:red_wall_banner":4,"minecraft:mycelium":243,"minecraft:dark_oak_sign":1,"minecraft:acacia_door":8,"minecraft:spruce_fence_gate":9,"minecraft:infested_stone":131,"minecraft:black_shulker_box":79,"minecraft:spruce_planks":252,"minecraft:attached_melon_stem":3,"minecraft:jungle_slab":47,"minecraft:cobblestone_stairs":54,"minecraft:grass_block":9636,"minecraft:blue_concrete":57,"minecraft:purple_stained_glass_pane":2,"minecraft:soul_soil":59,"minecraft:stripped_warped_hyphae":32,"minecraft:sandstone_stairs":17,"minecraft:smooth_stone":3,"minecraft:glowstone":209,"minecraft:iron_ore":1932,"minecraft:anvil":38,"minecraft:target":72,"minecraft:black_carpet":122,"minecraft:dark_oak_stairs":23,"minecraft:purple_carpet":23,"minecraft:birch_wall_sign":1,"minecraft:end_stone_bricks":18,"minecraft:brain_coral_block":101,"minecraft:cyan_terracotta":154,"minecraft:blackstone":435,"minecraft:twisting_vines_plant":2,"minecraft:melon_stem":5,"minecraft:soul_lantern":1,"minecraft:clay":524,"minecraft:poppy":161,"minecraft:chest":826,"minecraft:mushroom_stem":8,"minecraft:honeycomb_block":116,"minecraft:cobblestone":1762,"minecraft:slime_block":258,"minecraft:grindstone":28,"minecraft:iron_door":5,"minecraft:seagrass":168,"minecraft:light_gray_glazed_terracotta":10,"minecraft:nether_wart_block":135,"minecraft:birch_log":211,"minecraft:lapis_block":7,"minecraft:yellow_wool":7,"minecraft:activator_rail":3,"minecraft:light_gray_wool":2,"minecraft:purpur_block":25,"minecraft:yellow_stained_glass_pane":4,"minecraft:acacia_fence":1,"minecraft:sand":15285,"minecraft:crimson_planks":2,"minecraft:tripwire_hook":13,"minecraft:wither_skeleton_skull":4,"minecraft:emerald_block":5,"minecraft:netherrack":13602,"minecraft:oak_leaves":2858,"minecraft:redstone_lamp":19,"minecraft:horn_coral_block":109,"minecraft:diamond_ore":393,"minecraft:nether_gold_ore":176,"minecraft:tube_coral":13,"minecraft:red_carpet":35,"minecraft:blackstone_wall":2,"minecraft:gray_shulker_box":4,"minecraft:dark_oak_pressure_plate":2,"minecraft:brick_stairs":9,"minecraft:weeping_vines":8,"minecraft:white_stained_glass":195,"minecraft:polished_andesite_slab":182,"minecraft:sandstone":436,"minecraft:large_fern":88,"minecraft:oak_trapdoor":72,"minecraft:spruce_sapling":4,"minecraft:furnace":376,"minecraft:carrots":481,"minecraft:red_concrete_powder":4,"minecraft:stripped_spruce_log":8,"minecraft:dark_oak_fence_gate":33,"minecraft:black_concrete":172,"minecraft:bell":18,"minecraft:lantern":40,"minecraft:stripped_acacia_log":1,"minecraft:packed_ice":1417,"minecraft:chorus_plant":4,"minecraft:stone":169441,"minecraft:yellow_shulker_box":1,"minecraft:redstone_wall_torch":74,"minecraft:podzol":105,"minecraft:light_blue_shulker_box":35,"minecraft:red_wool":11,"minecraft:infested_stone_bricks":2,"minecraft:brick_wall":8,"minecraft:red_banner":1,"minecraft:crafting_table":254,"minecraft:blackstone_slab":3,"minecraft:light_gray_wall_banner":1,"minecraft:lime_concrete_powder":23,"minecraft:rose_bush":2,"minecraft:andesite_slab":208,"minecraft:lectern":49,"minecraft:andesite_wall":15,"minecraft:lapis_ore":451,"minecraft:lily_pad":27,"minecraft:spruce_stairs":60,"minecraft:gray_wool":28,"minecraft:cactus":341,"minecraft:gray_concrete_powder":50,"minecraft:brick_slab":7,"minecraft:green_shulker_box":48,"minecraft:beehive":50,"minecraft:polished_blackstone_stairs":12,"minecraft:redstone_torch":28,"minecraft:sweet_berry_bush":149,"minecraft:gray_bed":2,"minecraft:coal_ore":5216,"minecraft:end_rod":27,"minecraft:bubble_coral_wall_fan":75,"minecraft:gray_carpet":2,"minecraft:terracotta":2,"minecraft:polished_andesite":573,"minecraft:birch_fence":3,"minecraft:warped_slab":13},"minecraft:broken":{"minecraft:shears":2,"minecraft:diamond_shovel":3,"minecraft:diamond_pickaxe":2,"minecraft:wooden_sword":2,"minecraft:fishing_rod":6,"minecraft:iron_hoe":2,"minecraft:diamond_leggings":1,"minecraft:stone_hoe":2,"minecraft:shield":1,"minecraft:iron_pickaxe":16,"minecraft:iron_shovel":30,"minecraft:stone_pickaxe":2,"minecraft:stone_axe":1,"minecraft:stone_shovel":4,"minecraft:golden_boots":1,"minecraft:iron_boots":4,"minecraft:iron_chestplate":1,"minecraft:iron_sword":3,"minecraft:bow":1,"minecraft:iron_axe":4,"minecraft:iron_helmet":5},"minecraft:used":{"minecraft:writable_book":114,"minecraft:jack_o_lantern":426,"minecraft:smooth_quartz_slab":8,"minecraft:dispenser":112,"minecraft:poppy":80,"minecraft:black_carpet":149,"minecraft:quartz_stairs":124,"minecraft:stone":24699,"minecraft:red_nether_brick_stairs":20,"minecraft:soul_sand":229,"minecraft:cocoa_beans":114,"minecraft:snowball":258,"minecraft:weeping_vines":1,"minecraft:spruce_boat":12,"minecraft:polished_blackstone_slab":67,"minecraft:jungle_sapling":5,"minecraft:packed_ice":1610,"minecraft:stripped_dark_oak_wood":2,"minecraft:quartz_pillar":94,"minecraft:lava_bucket":178,"minecraft:red_wool":29,"minecraft:lime_banner":33,"minecraft:quartz_block":1312,"minecraft:dark_oak_leaves":9,"minecraft:dark_oak_slab":71,"minecraft:bow":1115,"minecraft:cooked_cod":59,"minecraft:oak_sapling":749,"minecraft:yellow_glazed_terracotta":3,"minecraft:mossy_stone_bricks":131,"minecraft:damaged_anvil":19,"minecraft:lily_pad":2,"minecraft:blackstone":335,"minecraft:cactus":367,"minecraft:wooden_pickaxe":21,"minecraft:composter":18,"minecraft:clay":70,"minecraft:blast_furnace":30,"minecraft:gray_concrete":393,"minecraft:purple_terracotta":3,"minecraft:purple_concrete_powder":72,"minecraft:birch_fence":9,"minecraft:red_sandstone":2,"minecraft:birch_slab":83,"minecraft:white_glazed_terracotta":3,"minecraft:oak_pressure_plate":19,"minecraft:coal_block":136,"minecraft:nether_wart_block":51,"minecraft:diamond_sword":10396,"minecraft:smithing_table":2,"minecraft:poisonous_potato":1,"minecraft:birch_log":34,"minecraft:oak_boat":55,"minecraft:compass":10,"minecraft:purple_wool":4,"minecraft:oak_trapdoor":83,"minecraft:polished_blackstone_brick_slab":18,"minecraft:enchanting_table":19,"minecraft:orange_concrete":134,"minecraft:carved_pumpkin":3,"minecraft:armor_stand":644,"minecraft:light_gray_carpet":581,"minecraft:polished_blackstone_wall":2,"minecraft:cooked_salmon":4,"minecraft:torch":7994,"minecraft:orange_stained_glass":275,"minecraft:brewing_stand":15,"minecraft:nether_quartz_ore":1669,"minecraft:light_gray_glazed_terracotta":34,"minecraft:yellow_carpet":170,"minecraft:oak_fence_gate":115,"minecraft:fern":6,"minecraft:mossy_cobblestone_stairs":37,"minecraft:sea_lantern":390,"minecraft:chipped_anvil":27,"minecraft:iron_block":790,"minecraft:light_weighted_pressure_plate":9,"minecraft:filled_map":11,"minecraft:jungle_log":43,"minecraft:barrel":699,"minecraft:bamboo":308,"minecraft:lime_concrete":235,"minecraft:basalt":61,"minecraft:warped_stairs":21,"minecraft:podzol":91,"minecraft:warped_stem":12,"minecraft:wheat_seeds":2588,"minecraft:light_blue_shulker_box":34,"minecraft:tube_coral_block":39,"minecraft:birch_planks":5,"minecraft:lead":3,"minecraft:blue_concrete_powder":61,"minecraft:cauldron":16,"minecraft:spruce_fence_gate":9,"minecraft:gold_ore":4,"minecraft:diamond_block":2,"minecraft:light_gray_banner":2,"minecraft:rail":969,"minecraft:cyan_glazed_terracotta":10,"minecraft:red_bed":15,"minecraft:white_bed":70,"minecraft:campfire":39,"minecraft:mushroom_stem":7,"minecraft:spruce_log":218,"minecraft:diamond_shovel":24716,"minecraft:diamond_pickaxe":217697,"minecraft:warped_trapdoor":6,"minecraft:oak_button":4,"minecraft:spruce_pressure_plate":4,"minecraft:magenta_concrete_powder":67,"minecraft:spruce_trapdoor":137,"minecraft:spruce_sapling":167,"minecraft:green_carpet":2135,"minecraft:potion":40,"minecraft:cooked_porkchop":287,"minecraft:andesite_stairs":152,"minecraft:stripped_oak_log":2,"minecraft:green_stained_glass":3302,"minecraft:melon":84,"minecraft:bone_block":6,"minecraft:polished_basalt":24,"minecraft:nether_wart":578,"minecraft:grass":43,"minecraft:mossy_stone_brick_slab":32,"minecraft:green_terracotta":26,"minecraft:spruce_leaves":59,"minecraft:orange_glazed_terracotta":3,"minecraft:jungle_planks":9,"minecraft:beehive":62,"minecraft:obsidian":590,"minecraft:bricks":5,"minecraft:spruce_wood":15,"minecraft:lantern":135,"minecraft:green_wool":589,"minecraft:polished_blackstone_brick_wall":2,"minecraft:warped_nylium":110,"minecraft:mossy_cobblestone_slab":51,"minecraft:item_frame":392,"minecraft:birch_button":3,"minecraft:written_book":1590,"minecraft:blue_shulker_box":1,"minecraft:gold_block":35,"minecraft:pink_concrete_powder":158,"minecraft:dark_oak_sapling":22,"minecraft:end_rod":21,"minecraft:dropper":280,"minecraft:wither_skeleton_skull":7,"minecraft:stripped_acacia_log":2,"minecraft:gray_carpet":2,"minecraft:stone_pickaxe":266,"minecraft:jungle_fence":10,"minecraft:oak_planks":169,"minecraft:sandstone":59,"minecraft:sugar_cane":73,"minecraft:diamond_axe":11894,"minecraft:white_wool":21,"minecraft:light_blue_concrete":223,"minecraft:lime_stained_glass_pane":16,"minecraft:light_blue_wool":6,"minecraft:yellow_concrete":377,"minecraft:crossbow":8,"minecraft:lingering_potion":14,"minecraft:end_stone":2628,"minecraft:sticky_piston":680,"minecraft:lever":376,"minecraft:daylight_detector":38,"minecraft:acacia_door":12,"minecraft:dark_oak_log":52,"minecraft:bread":29,"minecraft:brown_wool":23,"minecraft:warped_slab":20,"minecraft:iron_door":24,"minecraft:stripped_warped_hyphae":34,"minecraft:light_blue_concrete_powder":213,"minecraft:pufferfish_bucket":37,"minecraft:cooked_rabbit":3,"minecraft:chain":176,"minecraft:smooth_stone_slab":1852,"minecraft:mossy_cobblestone_wall":3,"minecraft:coarse_dirt":17,"minecraft:bone_meal":1556,"minecraft:orange_concrete_powder":64,"minecraft:netherite_sword":1752,"minecraft:rose_bush":3,"minecraft:flint_and_steel":78,"minecraft:crimson_fence":1,"minecraft:dried_kelp":146,"minecraft:redstone":4145,"minecraft:ender_chest":193,"minecraft:brown_shulker_box":11,"minecraft:stone_hoe":421,"minecraft:cooked_chicken":509,"minecraft:dirt":14826,"minecraft:bee_nest":4,"minecraft:spruce_fence":149,"minecraft:iron_hoe":622,"minecraft:wooden_axe":55,"minecraft:brown_terracotta":14,"minecraft:light_gray_stained_glass":36,"minecraft:oak_stairs":19,"minecraft:crimson_slab":1,"minecraft:yellow_concrete_powder":164,"minecraft:black_stained_glass":216,"minecraft:dark_oak_pressure_plate":6,"minecraft:lime_stained_glass":109,"minecraft:netherite_pickaxe":38440,"minecraft:minecart":42,"minecraft:cooked_beef":2479,"minecraft:pumpkin":356,"minecraft:turtle_egg":1,"minecraft:orange_stained_glass_pane":12,"minecraft:quartz_bricks":4,"minecraft:cobblestone_stairs":104,"minecraft:snow_block":297,"minecraft:red_nether_bricks":1,"minecraft:birch_boat":1,"minecraft:brown_mushroom":1,"minecraft:cut_sandstone":7,"minecraft:spruce_sign":85,"minecraft:spider_eye":1,"minecraft:warped_planks":21,"minecraft:cyan_stained_glass":63,"minecraft:piston":114,"minecraft:flower_pot":18,"minecraft:black_wool":26,"minecraft:lapis_ore":238,"minecraft:stone_slab":730,"minecraft:detector_rail":9,"minecraft:magenta_concrete":58,"minecraft:jungle_stairs":2,"minecraft:yellow_wool":18,"minecraft:stone_axe":154,"minecraft:fire_coral_block":84,"minecraft:crimson_fungus":3,"minecraft:end_crystal":23,"minecraft:pink_shulker_box":13,"minecraft:lapis_block":10,"minecraft:wither_rose":1,"minecraft:gray_wool":18,"minecraft:birch_stairs":29,"minecraft:peony":2,"minecraft:nether_brick_fence":7,"minecraft:polished_blackstone":531,"minecraft:spruce_slab":594,"minecraft:ladder":957,"minecraft:chest":1735,"minecraft:white_shulker_box":56,"minecraft:brick_slab":22,"minecraft:stripped_spruce_log":6,"minecraft:honey_block":497,"minecraft:netherite_shovel":11020,"minecraft:birch_sapling":35,"minecraft:warped_hyphae":6,"minecraft:black_stained_glass_pane":20,"minecraft:grass_block":1303,"minecraft:polished_andesite_stairs":154,"minecraft:orange_shulker_box":3,"minecraft:wet_sponge":211,"minecraft:pink_wool":4,"minecraft:stone_brick_stairs":69,"minecraft:snow":213,"minecraft:red_stained_glass_pane":10,"minecraft:dark_oak_boat":1,"minecraft:sweet_berries":241,"minecraft:furnace":624,"minecraft:egg":2727,"minecraft:potato":190,"minecraft:dragon_head":3,"minecraft:light_blue_carpet":20,"minecraft:emerald_ore":4,"minecraft:warped_fungus_on_a_stick":5,"minecraft:diorite":217,"minecraft:end_stone_bricks":9,"minecraft:brick_wall":28,"minecraft:red_stained_glass":10,"minecraft:acacia_trapdoor":16,"minecraft:powered_rail":208,"minecraft:blackstone_stairs":17,"minecraft:lime_concrete_powder":296,"minecraft:purpur_pillar":11,"minecraft:oak_leaves":68,"minecraft:smooth_quartz_stairs":15,"minecraft:cookie":1,"minecraft:dark_oak_trapdoor":9,"minecraft:sand":6990,"minecraft:blue_ice":268,"minecraft:black_concrete_powder":104,"minecraft:pumpkin_seeds":40,"minecraft:chiseled_sandstone":2,"minecraft:crying_obsidian":20,"minecraft:stone_button":578,"minecraft:cyan_carpet":63,"minecraft:red_terracotta":11,"minecraft:lectern":66,"minecraft:polished_granite":9,"minecraft:diamond_ore":162,"minecraft:lilac":6,"minecraft:polished_andesite_slab":449,"minecraft:soul_lantern":2,"minecraft:wooden_sword":118,"minecraft:dark_oak_fence":44,"minecraft:white_stained_glass":458,"minecraft:bubble_coral_block":98,"minecraft:green_concrete_powder":20,"minecraft:ice":1059,"minecraft:gray_stained_glass":23,"minecraft:iron_bars":57,"minecraft:stone_sword":25,"minecraft:red_concrete":90,"minecraft:mycelium":44,"minecraft:stripped_warped_stem":3,"minecraft:netherrack":3020,"minecraft:light_gray_shulker_box":5,"minecraft:anvil":67,"minecraft:target":117,"minecraft:warped_wart_block":2,"minecraft:stone_stairs":131,"minecraft:crimson_hyphae":4,"minecraft:polished_granite_slab":126,"minecraft:jungle_trapdoor":3,"minecraft:blue_concrete":53,"minecraft:nether_brick_stairs":3,"minecraft:polished_diorite":2,"minecraft:shroomlight":32,"minecraft:red_shulker_box":348,"minecraft:spruce_button":25,"minecraft:iron_axe":1122,"minecraft:brick_stairs":19,"minecraft:slime_block":399,"minecraft:smooth_quartz":33,"minecraft:totem_of_undying":2,"minecraft:melon_seeds":19,"minecraft:tripwire_hook":25,"minecraft:purple_concrete":98,"minecraft:glowstone":106,"minecraft:iron_trapdoor":57,"minecraft:observer":633,"minecraft:crimson_stem":36,"minecraft:water_bucket":5781,"minecraft:sandstone_stairs":31,"minecraft:yellow_shulker_box":2,"minecraft:smooth_sandstone_slab":4,"minecraft:cartography_table":1,"minecraft:lime_wool":65,"minecraft:red_mushroom_block":1,"minecraft:polished_blackstone_bricks":189,"minecraft:gilded_blackstone":4,"minecraft:pink_concrete":126,"minecraft:orange_carpet":1,"minecraft:comparator":482,"minecraft:mossy_cobblestone":6,"minecraft:vine":73,"minecraft:tnt":263,"minecraft:oak_slab":155,"minecraft:crafting_table":278,"minecraft:birch_sign":16,"minecraft:cod":1,"minecraft:dark_oak_fence_gate":34,"minecraft:lime_shulker_box":78,"minecraft:oak_log":112,"minecraft:dark_prismarine":6,"minecraft:cornflower":5,"minecraft:sunflower":4,"minecraft:iron_pickaxe":4698,"minecraft:cyan_concrete":4,"minecraft:crimson_nylium":83,"minecraft:chiseled_stone_bricks":2,"minecraft:crimson_sign":1,"minecraft:cobblestone":3654,"minecraft:red_concrete_powder":84,"minecraft:sandstone_slab":71,"minecraft:glass_pane":86,"minecraft:kelp":191,"minecraft:light_blue_stained_glass_pane":6,"minecraft:iron_shovel":9557,"minecraft:oak_sign":268,"minecraft:diamond_hoe":5,"minecraft:white_concrete_powder":70,"minecraft:white_terracotta":1,"minecraft:iron_sword":1713,"minecraft:purple_shulker_box":2,"minecraft:bell":15,"minecraft:player_head":38,"minecraft:smooth_sandstone_stairs":2,"minecraft:nether_bricks":46,"minecraft:carrot":522,"minecraft:cyan_wool":1,"minecraft:milk_bucket":18,"minecraft:glass":8415,"minecraft:cyan_terracotta":110,"minecraft:coal_ore":1701,"minecraft:quartz_slab":163,"minecraft:gray_concrete_powder":185,"minecraft:dark_oak_wood":2,"minecraft:crimson_roots":3,"minecraft:hopper_minecart":41,"minecraft:stone_bricks":2540,"minecraft:honeycomb_block":548,"minecraft:repeater":1044,"minecraft:red_carpet":74,"minecraft:redstone_lamp":65,"minecraft:brown_carpet":24,"minecraft:magma_block":63,"minecraft:hay_block":14,"minecraft:scaffolding":2917,"minecraft:gray_bed":1,"minecraft:beetroot_seeds":206,"minecraft:polished_blackstone_stairs":59,"minecraft:chiseled_polished_blackstone":6,"minecraft:dark_oak_stairs":64,"minecraft:dark_oak_sign":13,"minecraft:birch_leaves":10,"minecraft:ender_pearl":813,"minecraft:redstone_block":32,"minecraft:loom":2,"minecraft:light_gray_terracotta":3,"minecraft:sponge":274,"minecraft:blackstone_wall":14,"minecraft:note_block":46,"minecraft:shears":987,"minecraft:gray_shulker_box":4,"minecraft:melon_slice":1,"minecraft:redstone_torch":354,"minecraft:firework_rocket":74,"minecraft:string":585,"minecraft:cyan_bed":16,"minecraft:black_concrete":215,"minecraft:heavy_weighted_pressure_plate":6,"minecraft:lime_carpet":1266,"minecraft:light_gray_concrete":36,"minecraft:gravel":823,"minecraft:blackstone_slab":2,"minecraft:jungle_sign":7,"minecraft:oak_fence":328,"minecraft:jungle_leaves":51,"minecraft:grindstone":55,"minecraft:purpur_block":9,"minecraft:white_concrete":103,"minecraft:experience_bottle":20,"minecraft:andesite":820,"minecraft:cobweb":14,"minecraft:chest_minecart":65,"minecraft:tropical_fish_bucket":80,"minecraft:redstone_ore":1162,"minecraft:stone_shovel":635,"minecraft:light_blue_terracotta":247,"minecraft:spruce_planks":487,"minecraft:wooden_shovel":35,"minecraft:white_carpet":121,"minecraft:hopper":907,"minecraft:spruce_stairs":108,"minecraft:cobblestone_wall":329,"minecraft:shulker_box":505,"minecraft:granite":258,"minecraft:light_blue_stained_glass":76,"minecraft:andesite_wall":98,"minecraft:purple_stained_glass_pane":8,"minecraft:stone_brick_slab":153,"minecraft:dark_oak_planks":285,"minecraft:bookshelf":93,"minecraft:yellow_stained_glass":10,"minecraft:polished_blackstone_brick_stairs":1,"minecraft:light_gray_wool":2,"minecraft:golden_carrot":227,"minecraft:emerald_block":4,"minecraft:white_stained_glass_pane":129,"minecraft:stone_pressure_plate":193,"minecraft:horn_coral_block":72,"minecraft:brown_bed":11,"minecraft:brain_coral_block":82,"minecraft:cooked_mutton":86,"minecraft:iron_ore":10,"minecraft:glass_bottle":612,"minecraft:polished_andesite":1601,"minecraft:blue_wool":11,"minecraft:andesite_slab":375,"minecraft:black_shulker_box":70,"minecraft:stonecutter":39,"minecraft:beacon":2,"minecraft:chiseled_nether_bricks":2,"minecraft:cobblestone_slab":482,"minecraft:stripped_dark_oak_log":10,"minecraft:terracotta":3,"minecraft:yellow_stained_glass_pane":24,"minecraft:painting":7,"minecraft:light_gray_concrete_powder":34,"minecraft:smoker":25,"minecraft:nether_gold_ore":40,"minecraft:dark_oak_door":1,"minecraft:purple_stained_glass":52,"minecraft:activator_rail":2,"minecraft:apple":12,"minecraft:map":4,"minecraft:cracked_polished_blackstone_bricks":22,"minecraft:netherite_axe":2299,"minecraft:fishing_rod":440,"minecraft:green_shulker_box":50,"minecraft:white_banner":2,"minecraft:red_banner":15,"minecraft:bucket":6326,"minecraft:smooth_stone":24,"minecraft:polished_blackstone_button":2,"minecraft:splash_potion":23,"minecraft:purple_carpet":60,"minecraft:soul_torch":4},"minecraft:crafted":{"minecraft:lime_stained_glass":104,"minecraft:red_stained_glass_pane":16,"minecraft:black_dye":92,"minecraft:yellow_wool":6,"minecraft:chainmail_helmet":1,"minecraft:oak_sign":249,"minecraft:melon":395,"minecraft:blaze_powder":358,"minecraft:chain":240,"minecraft:brick_wall":12,"minecraft:diamond_shovel":4,"minecraft:nether_brick":64,"minecraft:gray_wool":2,"minecraft:shulker_box":53,"minecraft:diamond_helmet":1,"minecraft:magenta_concrete_powder":64,"minecraft:beacon":1,"minecraft:light_blue_concrete_powder":208,"minecraft:stone_pressure_plate":286,"minecraft:tipped_arrow":32,"minecraft:iron_door":21,"minecraft:dried_kelp_block":7,"minecraft:black_wool":8,"minecraft:white_shulker_box":4,"minecraft:name_tag":6,"minecraft:lime_concrete_powder":56,"minecraft:warped_stairs":8,"minecraft:redstone_lamp":92,"minecraft:polished_andesite_stairs":80,"minecraft:chest_minecart":66,"minecraft:lime_banner":41,"minecraft:smithing_table":1,"minecraft:mossy_cobblestone":56,"minecraft:brown_bed":1,"minecraft:nether_brick_fence":6,"minecraft:sticky_piston":364,"minecraft:green_stained_glass":3040,"minecraft:cartography_table":1,"minecraft:stone_brick_stairs":12,"minecraft:lectern":26,"minecraft:golden_leggings":1,"minecraft:stone_slab":2026,"minecraft:iron_pickaxe":20,"minecraft:acacia_door":6,"minecraft:sandstone":19,"minecraft:netherite_ingot":10,"minecraft:composter":3,"minecraft:polished_blackstone_bricks":4,"minecraft:cyan_wool":1,"minecraft:jungle_sign":3,"minecraft:golden_carrot":307,"minecraft:orange_shulker_box":1,"minecraft:iron_nugget":2826,"minecraft:brick_stairs":8,"minecraft:soul_torch":80,"minecraft:red_banner":2,"minecraft:light_gray_wool":40,"minecraft:jack_o_lantern":432,"minecraft:lime_stained_glass_pane":24,"minecraft:spruce_fence":135,"minecraft:stone_stairs":40,"minecraft:terracotta":369,"minecraft:lantern":161,"minecraft:spruce_stairs":60,"minecraft:light_gray_shulker_box":1,"minecraft:polished_diorite":4,"minecraft:black_concrete_powder":96,"minecraft:red_shulker_box":2,"minecraft:stone_pickaxe":3,"minecraft:quartz_slab":170,"minecraft:spruce_boat":6,"minecraft:purple_carpet":60,"minecraft:lead":34,"minecraft:light_gray_terracotta":32,"minecraft:enchanting_table":2,"minecraft:cyan_bed":3,"minecraft:acacia_trapdoor":10,"minecraft:yellow_stained_glass_pane":32,"minecraft:leather_helmet":11,"minecraft:red_carpet":66,"minecraft:orange_dye":14,"minecraft:stripped_warped_hyphae":6,"minecraft:light_blue_carpet":9,"minecraft:oak_fence_gate":91,"minecraft:red_stained_glass":16,"minecraft:soul_lantern":1,"minecraft:warped_fungus_on_a_stick":2,"minecraft:fermented_spider_eye":17,"minecraft:black_stained_glass_pane":8,"minecraft:writable_book":83,"minecraft:iron_shovel":28,"minecraft:armor_stand":157,"minecraft:note_block":38,"minecraft:grindstone":66,"minecraft:cobblestone_slab":546,"minecraft:barrel":552,"minecraft:quartz_bricks":4,"minecraft:crimson_sign":3,"minecraft:cooked_chicken":209,"minecraft:stone":3806,"minecraft:snow":144,"minecraft:heavy_weighted_pressure_plate":2,"minecraft:quartz_pillar":41,"minecraft:warped_planks":8,"minecraft:brown_carpet":42,"minecraft:polished_blackstone_button":2,"minecraft:stone_brick_slab":126,"minecraft:orange_stained_glass_pane":24,"minecraft:bow":145,"minecraft:comparator":254,"minecraft:polished_basalt":24,"minecraft:chest":1640,"minecraft:oak_button":2,"minecraft:rail":272,"minecraft:blue_concrete_powder":56,"minecraft:bricks":48,"minecraft:ender_eye":223,"minecraft:stone_bricks":1592,"minecraft:oak_fence":312,"minecraft:golden_boots":4,"minecraft:sea_lantern":11,"minecraft:white_banner":1,"minecraft:dropper":80,"minecraft:cauldron":8,"minecraft:iron_helmet":10,"minecraft:brown_dye":8,"minecraft:chainmail_chestplate":1,"minecraft:white_stained_glass_pane":160,"minecraft:yellow_stained_glass":16,"minecraft:dispenser":97,"minecraft:tnt":249,"minecraft:spruce_trapdoor":122,"minecraft:purple_dye":38,"minecraft:pink_wool":1,"minecraft:yellow_dye":51,"minecraft:stick":8879,"minecraft:iron_ingot":8291,"minecraft:andesite_stairs":132,"minecraft:light_blue_shulker_box":1,"minecraft:light_blue_stained_glass":72,"minecraft:lime_carpet":1098,"minecraft:cyan_carpet":42,"minecraft:dark_oak_fence_gate":46,"minecraft:tripwire_hook":154,"minecraft:fishing_rod":13,"minecraft:beehive":17,"minecraft:netherite_sword":3,"minecraft:leather_boots":8,"minecraft:golden_chestplate":5,"minecraft:spruce_button":17,"minecraft:mossy_stone_bricks":125,"minecraft:furnace":392,"minecraft:blast_furnace":15,"minecraft:piston":469,"minecraft:polished_andesite_slab":288,"minecraft:oak_trapdoor":76,"minecraft:flint_and_steel":21,"minecraft:scaffolding":102,"minecraft:white_concrete_powder":176,"minecraft:cobblestone_wall":513,"minecraft:honey_block":23,"minecraft:blackstone_stairs":8,"minecraft:birch_sign":24,"minecraft:glistering_melon_slice":13,"minecraft:purple_terracotta":8,"minecraft:light_blue_stained_glass_pane":16,"minecraft:purple_stained_glass":48,"minecraft:iron_trapdoor":22,"minecraft:iron_sword":50,"minecraft:cooked_salmon":4,"minecraft:jungle_planks":1108,"minecraft:white_dye":424,"minecraft:netherite_shovel":2,"minecraft:black_carpet":3,"minecraft:blue_wool":4,"minecraft:anvil":48,"minecraft:stonecutter":2,"minecraft:torch":4356,"minecraft:diamond_chestplate":2,"minecraft:ender_chest":13,"minecraft:light_gray_concrete_powder":96,"minecraft:smooth_stone":717,"minecraft:cut_sandstone":4,"minecraft:dark_oak_pressure_plate":4,"minecraft:orange_stained_glass":16,"minecraft:oak_pressure_plate":10,"minecraft:birch_slab":84,"minecraft:slime_block":225,"minecraft:loom":1,"minecraft:polished_blackstone_slab":90,"minecraft:lever":178,"minecraft:bookshelf":70,"minecraft:cooked_mutton":53,"minecraft:iron_bars":144,"minecraft:red_concrete_powder":80,"minecraft:quartz_block":921,"minecraft:glass":3220,"minecraft:light_blue_terracotta":280,"minecraft:repeater":476,"minecraft:diamond_leggings":5,"minecraft:netherite_boots":1,"minecraft:melon_seeds":15,"minecraft:polished_blackstone":260,"minecraft:magenta_dye":8,"minecraft:cooked_rabbit":3,"minecraft:flower_pot":6,"minecraft:glass_bottle":1068,"minecraft:target":72,"minecraft:wooden_shovel":8,"minecraft:emerald":225,"minecraft:cooked_porkchop":150,"minecraft:diamond_axe":6,"minecraft:clock":3,"minecraft:hay_block":136,"minecraft:campfire":17,"minecraft:lime_shulker_box":2,"minecraft:green_terracotta":56,"minecraft:compass":4,"minecraft:iron_block":393,"minecraft:gold_ingot":767,"minecraft:light_gray_dye":83,"minecraft:spruce_fence_gate":2,"minecraft:birch_stairs":32,"minecraft:packed_ice":564,"minecraft:yellow_concrete_powder":168,"minecraft:stone_shovel":5,"minecraft:smooth_stone_slab":804,"minecraft:leather_leggings":1,"minecraft:player_head":3,"minecraft:mossy_cobblestone_stairs":4,"minecraft:red_terracotta":8,"minecraft:bone_meal":6201,"minecraft:cyan_stained_glass":72,"minecraft:andesite_wall":36,"minecraft:pink_dye":42,"minecraft:white_carpet":87,"minecraft:diamond":270,"minecraft:netherite_axe":1,"minecraft:dark_oak_fence":42,"minecraft:ladder":690,"minecraft:spruce_slab":498,"minecraft:diamond_boots":2,"minecraft:redstone_block":1029,"minecraft:dark_oak_planks":552,"minecraft:golden_helmet":4,"minecraft:wheat":1685,"minecraft:coal_block":443,"minecraft:firework_star":2,"minecraft:cyan_glazed_terracotta":16,"minecraft:daylight_detector":21,"minecraft:purple_stained_glass_pane":16,"minecraft:crossbow":1,"minecraft:netherite_pickaxe":3,"minecraft:dried_kelp":212,"minecraft:red_bed":4,"minecraft:polished_granite":4,"minecraft:gray_concrete_powder":192,"minecraft:sandstone_slab":108,"minecraft:glowstone":12,"minecraft:white_stained_glass":624,"minecraft:jungle_slab":222,"minecraft:golden_apple":1,"minecraft:andesite_slab":342,"minecraft:gray_shulker_box":1,"minecraft:oak_stairs":24,"minecraft:wooden_axe":1,"minecraft:iron_leggings":6,"minecraft:white_bed":6,"minecraft:lime_wool":40,"minecraft:light_gray_glazed_terracotta":32,"minecraft:brick":210,"minecraft:oak_planks":14620,"minecraft:mossy_stone_brick_slab":36,"minecraft:cobblestone_stairs":61,"minecraft:warped_hyphae":6,"minecraft:green_dye":524,"minecraft:hopper":617,"minecraft:iron_boots":7,"minecraft:written_book":37,"minecraft:blackstone_wall":12,"minecraft:mossy_cobblestone_slab":42,"minecraft:cyan_terracotta":16,"minecraft:stone_hoe":4,"minecraft:honeycomb_block":17,"minecraft:smoker":5,"minecraft:quartz_stairs":106,"minecraft:oak_slab":960,"minecraft:item_frame":151,"minecraft:map":1,"minecraft:crafting_table":55,"minecraft:spruce_planks":9464,"minecraft:wooden_pickaxe":2,"minecraft:gold_block":67,"minecraft:hopper_minecart":42,"minecraft:birch_planks":640,"minecraft:pumpkin_seeds":12,"minecraft:black_shulker_box":1,"minecraft:charcoal":104,"minecraft:dark_oak_slab":72,"minecraft:iron_chestplate":4,"minecraft:book":1043,"minecraft:paper":1020,"minecraft:diamond_pickaxe":19,"minecraft:emerald_block":1,"minecraft:shield":21,"minecraft:warped_slab":6,"minecraft:light_weighted_pressure_plate":3,"minecraft:birch_fence":9,"minecraft:light_blue_dye":202,"minecraft:leather_chestplate":4,"minecraft:stone_sword":2,"minecraft:snow_block":647,"minecraft:green_shulker_box":2,"minecraft:redstone_torch":2012,"minecraft:gray_carpet":3,"minecraft:light_gray_carpet":396,"minecraft:sponge":72,"minecraft:shears":25,"minecraft:green_carpet":1815,"minecraft:crimson_hyphae":6,"minecraft:polished_andesite":1554,"minecraft:coarse_dirt":152,"minecraft:wooden_sword":5,"minecraft:purple_wool":21,"minecraft:redstone":6553,"minecraft:coal":899,"minecraft:stone_button":440,"minecraft:dark_oak_trapdoor":6,"minecraft:gray_dye":64,"minecraft:dark_oak_sign":12,"minecraft:diamond_block":36,"minecraft:glass_pane":160,"minecraft:blue_ice":83,"minecraft:yellow_shulker_box":1,"minecraft:green_concrete_powder":184,"minecraft:iron_axe":6,"minecraft:spruce_wood":9,"minecraft:iron_hoe":4,"minecraft:slime_ball":509,"minecraft:orange_concrete_powder":64,"minecraft:lime_dye":88,"minecraft:netherite_scrap":40,"minecraft:observer":306,"minecraft:minecart":44,"minecraft:cooked_beef":1826,"minecraft:sugar":66,"minecraft:red_dye":73,"minecraft:cooked_cod":55,"minecraft:bone_block":497,"minecraft:crimson_planks":8,"minecraft:diamond_sword":22,"minecraft:cyan_dye":44,"minecraft:spruce_sign":60,"minecraft:dark_oak_stairs":48,"minecraft:pink_concrete_powder":224,"minecraft:powered_rail":108,"minecraft:yellow_carpet":231,"minecraft:nether_bricks":6,"minecraft:bucket":182,"minecraft:stone_axe":2,"minecraft:brown_terracotta":8,"minecraft:bread":17,"minecraft:air":0,"minecraft:blue_dye":158,"minecraft:black_stained_glass":288,"minecraft:oak_boat":22,"minecraft:white_wool":78,"minecraft:gold_nugget":1701,"minecraft:brown_wool":7,"minecraft:green_wool":22,"minecraft:pumpkin_pie":1,"minecraft:acacia_planks":96,"minecraft:end_crystal":202,"minecraft:purple_concrete_powder":72,"minecraft:blackstone_slab":6,"minecraft:lapis_lazuli":1439,"minecraft:lapis_block":380,"minecraft:clay":422,"minecraft:firework_rocket":393},"minecraft:dropped":{"minecraft:iron_sword":45,"minecraft:porkchop":19,"minecraft:lapis_lazuli":1382,"minecraft:chorus_fruit":742,"minecraft:glass_bottle":111,"minecraft:diamond":138,"minecraft:crafting_table":205,"minecraft:lime_concrete_powder":1,"minecraft:lime_stained_glass":9,"minecraft:cooked_porkchop":284,"minecraft:dark_oak_slab":2911,"minecraft:warped_fungus_on_a_stick":17,"minecraft:weeping_vines":867,"minecraft:warped_roots":24,"minecraft:quartz_pillar":3,"minecraft:blackstone_stairs":136,"minecraft:red_mushroom":96,"minecraft:gold_block":34,"minecraft:emerald":147,"minecraft:gray_concrete":1045,"minecraft:birch_fence":145,"minecraft:dark_oak_fence":1631,"minecraft:black_stained_glass_pane":524,"minecraft:dark_oak_trapdoor":1394,"minecraft:stripped_dark_oak_wood":2,"minecraft:gold_nugget":91,"minecraft:writable_book":17,"minecraft:sand":3818,"minecraft:purple_wool":495,"minecraft:dark_oak_planks":189,"minecraft:fishing_rod":10,"minecraft:white_wool":5767,"minecraft:birch_stairs":52,"minecraft:tropical_fish_bucket":27,"minecraft:stone_axe":1,"minecraft:compass":24,"minecraft:lever":212,"minecraft:ancient_debris":114,"minecraft:diamond_block":1,"minecraft:iron_nugget":2651,"minecraft:cooked_chicken":113,"minecraft:black_carpet":6,"minecraft:netherite_sword":2,"minecraft:wheat":323,"minecraft:obsidian":244,"minecraft:stripped_dark_oak_log":2,"minecraft:rotten_flesh":730,"minecraft:grindstone":212,"minecraft:oak_planks":306,"minecraft:glowstone_dust":55,"minecraft:warped_sign":24,"minecraft:quartz_bricks":97,"minecraft:nether_brick_fence":194,"minecraft:azure_bluet":296,"minecraft:warped_planks":32,"minecraft:red_mushroom_block":2233,"minecraft:sea_lantern":84,"minecraft:coal_ore":1017,"minecraft:quartz_block":2095,"minecraft:jungle_log":78,"minecraft:music_disc_mall":1,"minecraft:leather_boots":5,"minecraft:acacia_sapling":214,"minecraft:leather_leggings":9,"minecraft:painting":70,"minecraft:red_nether_bricks":1097,"minecraft:glass":969,"minecraft:beef":102,"minecraft:podzol":1618,"minecraft:warped_wart_block":103,"minecraft:stone_brick_stairs":2252,"minecraft:brown_concrete":30,"minecraft:golden_boots":4,"minecraft:orange_shulker_box":1,"minecraft:black_dye":696,"minecraft:wheat_seeds":3034,"minecraft:smooth_quartz_stairs":233,"minecraft:light_gray_stained_glass_pane":6758,"minecraft:prismarine_crystals":6918,"minecraft:book":169,"minecraft:yellow_carpet":6,"minecraft:golden_apple":4,"minecraft:coal_block":1118,"minecraft:turtle_egg":1950,"minecraft:warped_trapdoor":84,"minecraft:acacia_sign":18,"minecraft:lava_bucket":52,"minecraft:diamond_horse_armor":7,"minecraft:dark_oak_leaves":18,"minecraft:brown_concrete_powder":674,"minecraft:gray_wool":243,"minecraft:ink_sac":1542,"minecraft:blackstone_wall":1209,"minecraft:lapis_ore":202,"minecraft:potion":197,"minecraft:oak_stairs":14,"minecraft:pumpkin":358,"minecraft:white_banner":86,"minecraft:smooth_sandstone_slab":67,"minecraft:red_dye":1847,"minecraft:chipped_anvil":34,"minecraft:smooth_stone":229,"minecraft:chainmail_leggings":2,"minecraft:smooth_sandstone":644,"minecraft:acacia_planks":14,"minecraft:stone_brick_slab":7398,"minecraft:snow_block":1308,"minecraft:bricks":362,"minecraft:soul_soil":1732,"minecraft:green_terracotta":1,"minecraft:player_head":498,"minecraft:cocoa_beans":10687,"minecraft:sticky_piston":137,"minecraft:experience_bottle":20,"minecraft:stone_shovel":1,"minecraft:red_banner":4,"minecraft:white_carpet":6,"minecraft:clay_ball":72,"minecraft:iron_boots":8,"minecraft:damaged_anvil":1,"minecraft:name_tag":46,"minecraft:light_gray_concrete":82,"minecraft:white_terracotta":382,"minecraft:white_shulker_box":18,"minecraft:oak_sign":229,"minecraft:shears":19,"minecraft:blast_furnace":1,"minecraft:diamond_sword":28,"minecraft:cyan_wool":35,"minecraft:spruce_boat":5,"minecraft:flower_pot":1228,"minecraft:sea_pickle":59,"minecraft:spruce_trapdoor":3070,"minecraft:spruce_planks":108,"minecraft:diamond_pickaxe":69,"minecraft:andesite_stairs":1730,"minecraft:stone_pressure_plate":156,"minecraft:redstone_torch":355,"minecraft:brown_bed":1,"minecraft:barrel":60,"minecraft:stone_bricks":4119,"minecraft:bamboo":2334,"minecraft:sandstone":11,"minecraft:red_sand":721,"minecraft:bow":266,"minecraft:green_concrete_powder":185,"minecraft:magma_block":75,"minecraft:brick_slab":16,"minecraft:cyan_bed":1,"minecraft:terracotta":23,"minecraft:daylight_detector":3,"minecraft:soul_sand":1055,"minecraft:orange_dye":1168,"minecraft:warped_fungus":5,"minecraft:polished_granite_slab":280,"minecraft:oak_log":263,"minecraft:loom":80,"minecraft:ender_pearl":31674,"minecraft:nether_star":14,"minecraft:dark_oak_sapling":323,"minecraft:jungle_fence":139,"minecraft:lime_terracotta":672,"minecraft:leather":2922,"minecraft:red_wool":52,"minecraft:jungle_planks":51,"minecraft:iron_horse_armor":6,"minecraft:black_banner":635,"minecraft:birch_slab":53,"minecraft:cod":3,"minecraft:music_disc_13":1,"minecraft:cobblestone_stairs":6,"minecraft:redstone_lamp":26,"minecraft:dark_oak_log":6,"minecraft:packed_ice":140,"minecraft:ice":1600,"minecraft:mutton":26,"minecraft:snowball":983,"minecraft:black_shulker_box":16,"minecraft:jungle_sign":12,"minecraft:black_concrete":974,"minecraft:cauldron":194,"minecraft:gold_ingot":113,"minecraft:pink_terracotta":120,"minecraft:purpur_block":9,"minecraft:twisting_vines":147,"minecraft:andesite_slab":5856,"minecraft:smooth_sandstone_stairs":272,"minecraft:soul_lantern":322,"minecraft:cooked_mutton":15,"minecraft:mycelium":1491,"minecraft:mushroom_stem":9004,"minecraft:leather_chestplate":6,"minecraft:mossy_stone_brick_wall":2,"minecraft:dropper":148,"minecraft:beetroot_seeds":2,"minecraft:purple_concrete_powder":44,"minecraft:iron_ore":2926,"minecraft:iron_bars":1568,"minecraft:white_concrete_powder":573,"minecraft:scaffolding":3777,"minecraft:light_gray_concrete_powder":170,"minecraft:polished_granite":35,"minecraft:splash_potion":5,"minecraft:purple_carpet":108,"minecraft:bread":2820,"minecraft:vine":110,"minecraft:golden_helmet":2,"minecraft:lilac":2,"minecraft:yellow_concrete":122,"minecraft:netherite_axe":1,"minecraft:andesite_wall":110,"minecraft:activator_rail":2,"minecraft:tropical_fish":4,"minecraft:spruce_stairs":1201,"minecraft:acacia_log":10,"minecraft:spruce_fence_gate":81,"minecraft:iron_block":1216,"minecraft:milk_bucket":9,"minecraft:green_dye":8843,"minecraft:repeater":367,"minecraft:light_blue_wool":846,"minecraft:nether_wart_block":4839,"minecraft:white_concrete":184,"minecraft:melon_slice":5240,"minecraft:iron_door":2,"minecraft:jungle_door":13,"minecraft:light_gray_stained_glass":955,"minecraft:crimson_sign":2,"minecraft:jungle_leaves":594,"minecraft:polished_andesite_stairs":2257,"minecraft:polished_blackstone_brick_slab":32,"minecraft:stonecutter":1,"minecraft:polished_basalt":3,"minecraft:cactus":161,"minecraft:light_blue_stained_glass_pane":165,"minecraft:tripwire_hook":209,"minecraft:redstone_block":96,"minecraft:polished_diorite":6,"minecraft:blue_terracotta":740,"minecraft:kelp":4027,"minecraft:sweet_berries":68,"minecraft:oak_trapdoor":20,"minecraft:dragon_head":6,"minecraft:light_gray_terracotta":171,"minecraft:lime_concrete":40,"minecraft:comparator":35,"minecraft:shulker_box":110,"minecraft:netherite_leggings":1,"minecraft:flint_and_steel":66,"minecraft:gray_terracotta":927,"minecraft:oak_button":42,"minecraft:andesite":5145,"minecraft:golden_leggings":12,"minecraft:oak_sapling":583,"minecraft:birch_sign":327,"minecraft:gray_concrete_powder":1190,"minecraft:spruce_log":99,"minecraft:magma_cream":165,"minecraft:light_blue_terracotta":40,"minecraft:nautilus_shell":11,"minecraft:brick":264,"minecraft:crimson_stem":1086,"minecraft:clay":148,"minecraft:piston":97,"minecraft:cooked_beef":987,"minecraft:oak_pressure_plate":5,"minecraft:emerald_ore":78,"minecraft:sandstone_stairs":1,"minecraft:crossbow":10,"minecraft:cookie":110,"minecraft:dark_oak_button":255,"minecraft:warped_hyphae":4,"minecraft:fletching_table":12,"minecraft:saddle":14,"minecraft:elytra":20,"minecraft:rail":1039,"minecraft:dragon_breath":1,"minecraft:leather_helmet":4,"minecraft:red_carpet":1,"minecraft:item_frame":112,"minecraft:light_weighted_pressure_plate":2,"minecraft:red_shulker_box":1,"minecraft:dirt":6783,"minecraft:melon":85,"minecraft:grass":70,"minecraft:stone_button":87,"minecraft:jack_o_lantern":2,"minecraft:chain":2674,"minecraft:jungle_sapling":55,"minecraft:bone_meal":6563,"minecraft:bone_block":443,"minecraft:sunflower":15,"minecraft:phantom_membrane":26,"minecraft:sugar":13,"minecraft:iron_pickaxe":8,"minecraft:polished_blackstone_slab":120,"minecraft:gray_dye":114,"minecraft:end_crystal":18,"minecraft:cyan_carpet":1,"minecraft:blue_bed":7,"minecraft:bone":950,"minecraft:green_wool":1667,"minecraft:pink_concrete":4,"minecraft:note_block":215,"minecraft:sugar_cane":20534,"minecraft:polished_andesite_slab":3740,"minecraft:golden_chestplate":4,"minecraft:detector_rail":2,"minecraft:nether_brick":1299,"minecraft:pink_dye":110,"minecraft:birch_sapling":96,"minecraft:blue_wool":242,"minecraft:netherite_shovel":2,"minecraft:lime_dye":706,"minecraft:end_stone":834,"minecraft:light_gray_carpet":821,"minecraft:blaze_powder":402,"minecraft:jungle_trapdoor":1049,"minecraft:white_bed":31,"minecraft:orange_stained_glass":5,"minecraft:dark_oak_fence_gate":419,"minecraft:salmon":3,"minecraft:acacia_button":2,"minecraft:black_glazed_terracotta":418,"minecraft:tipped_arrow":58,"minecraft:brick_stairs":4,"minecraft:jungle_stairs":1,"minecraft:honey_block":109,"minecraft:hopper":141,"minecraft:ladder":135,"minecraft:white_dye":3626,"minecraft:spruce_slab":2558,"minecraft:end_stone_bricks":20,"minecraft:campfire":548,"minecraft:crying_obsidian":242,"minecraft:ghast_tear":56,"minecraft:lectern":208,"minecraft:egg":7086,"minecraft:crimson_planks":214,"minecraft:enchanted_book":70,"minecraft:iron_ingot":7171,"minecraft:netherite_pickaxe":18,"minecraft:cyan_stained_glass":58,"minecraft:birch_leaves":1981,"minecraft:gray_stained_glass_pane":607,"minecraft:tnt":258,"minecraft:polished_blackstone":15,"minecraft:golden_horse_armor":1,"minecraft:netherite_helmet":2,"minecraft:dark_prismarine_slab":2476,"minecraft:yellow_terracotta":67,"minecraft:purpur_slab":6,"minecraft:oak_fence":28,"minecraft:feather":2675,"minecraft:iron_helmet":6,"minecraft:cobblestone":50680,"minecraft:light_gray_glazed_terracotta":16,"minecraft:purple_concrete":2,"minecraft:apple":222,"minecraft:granite":5017,"minecraft:crimson_fence_gate":9,"minecraft:spruce_button":122,"minecraft:stripped_jungle_log":44,"minecraft:spruce_door":12,"minecraft:purple_dye":1114,"minecraft:chainmail_helmet":5,"minecraft:coal":531,"minecraft:pufferfish":13,"minecraft:polished_andesite":1214,"minecraft:end_rod":1087,"minecraft:oxeye_daisy":1275,"minecraft:jungle_slab":768,"minecraft:crimson_stairs":244,"minecraft:warped_slab":106,"minecraft:iron_trapdoor":279,"minecraft:golden_carrot":3615,"minecraft:sponge":147,"minecraft:gray_bed":23,"minecraft:rose_bush":6846,"minecraft:rabbit":1,"minecraft:diamond_helmet":9,"minecraft:lime_carpet":67,"minecraft:pufferfish_bucket":21,"minecraft:brown_terracotta":2989,"minecraft:dried_kelp":1,"minecraft:heart_of_the_sea":9,"minecraft:mossy_cobblestone_stairs":12,"minecraft:iron_shovel":8,"minecraft:paper":10826,"minecraft:string":2570,"minecraft:gray_carpet":2070,"minecraft:spruce_sapling":85,"minecraft:pink_tulip":51,"minecraft:furnace":92,"minecraft:brick_wall":167,"minecraft:redstone_ore":103,"minecraft:soul_torch":1,"minecraft:stone_sword":4,"minecraft:cobblestone_wall":1256,"minecraft:dark_oak_sign":1352,"minecraft:smooth_stone_slab":2322,"minecraft:diamond_hoe":1,"minecraft:chicken":725,"minecraft:blue_concrete":1294,"minecraft:slime_block":104,"minecraft:stone_slab":13439,"minecraft:diamond_ore":7,"minecraft:magenta_concrete":1,"minecraft:light_blue_concrete":133,"minecraft:nether_bricks":807,"minecraft:spruce_fence":3119,"minecraft:pumpkin_seeds":5919,"minecraft:lily_of_the_valley":5,"minecraft:target":48,"minecraft:light_blue_dye":140,"minecraft:potato":171,"minecraft:cobblestone_slab":724,"minecraft:hay_block":716,"minecraft:shroomlight":86,"minecraft:stone":43129,"minecraft:allium":8,"minecraft:crimson_slab":101,"minecraft:wooden_shovel":5,"minecraft:spider_eye":27,"minecraft:brown_carpet":527,"minecraft:light_gray_dye":5880,"minecraft:birch_boat":1,"minecraft:magenta_dye":8,"minecraft:red_tulip":1514,"minecraft:bell":136,"minecraft:dark_prismarine":224,"minecraft:black_wool":2422,"minecraft:quartz_slab":2632,"minecraft:spruce_sign":1218,"minecraft:gold_ore":98,"minecraft:crimson_nylium":359,"minecraft:warped_stem":12,"minecraft:birch_planks":69,"minecraft:brown_mushroom":165,"minecraft:dark_oak_stairs":2937,"minecraft:diamond_axe":9,"minecraft:baked_potato":8,"minecraft:sandstone_slab":1063,"minecraft:red_nether_brick_slab":1573,"minecraft:scute":18,"minecraft:lantern":1134,"minecraft:blue_concrete_powder":3,"minecraft:flint":114,"minecraft:spruce_leaves":1035,"minecraft:cyan_terracotta":4932,"minecraft:stripped_warped_hyphae":129,"minecraft:orange_carpet":9,"minecraft:crimson_trapdoor":415,"minecraft:netherite_scrap":4,"minecraft:dispenser":131,"minecraft:polished_blackstone_brick_stairs":15,"minecraft:cornflower":798,"minecraft:crimson_roots":43,"minecraft:seagrass":669,"minecraft:cooked_cod":222,"minecraft:cut_sandstone":341,"minecraft:white_stained_glass_pane":3180,"minecraft:gilded_blackstone":224,"minecraft:pumpkin_pie":5,"minecraft:polished_blackstone_bricks":291,"minecraft:acacia_door":6,"minecraft:birch_log":1,"minecraft:black_stained_glass":1078,"minecraft:brown_mushroom_block":1104,"minecraft:armor_stand":65,"minecraft:gravel":2477,"minecraft:white_tulip":66,"minecraft:crimson_fungus":8,"minecraft:blackstone":6219,"minecraft:yellow_wool":2,"minecraft:lime_wool":857,"minecraft:black_terracotta":590,"minecraft:fern":14,"minecraft:diamond_shovel":30,"minecraft:beehive":1,"minecraft:stone_stairs":2871,"minecraft:carrot":75,"minecraft:brown_shulker_box":1,"minecraft:chainmail_chestplate":3,"minecraft:chiseled_stone_bricks":102,"minecraft:sandstone_wall":48,"minecraft:shulker_shell":268,"minecraft:poppy":326,"minecraft:rabbit_hide":2,"minecraft:oak_fence_gate":5,"minecraft:gunpowder":3978,"minecraft:birch_trapdoor":40,"minecraft:melon_seeds":5,"minecraft:lingering_potion":66,"minecraft:glowstone":48,"minecraft:chainmail_boots":3,"minecraft:chest":236,"minecraft:blackstone_slab":778,"minecraft:basalt":814,"minecraft:arrow":2329,"minecraft:powered_rail":650,"minecraft:prismarine_bricks":241,"minecraft:quartz":2898,"minecraft:written_book":56,"minecraft:oak_leaves":3540,"minecraft:netherrack":13066,"minecraft:firework_rocket":660,"minecraft:water_bucket":76,"minecraft:purple_terracotta":5,"minecraft:stripped_spruce_log":8,"minecraft:oak_slab":69,"minecraft:red_concrete_powder":462,"minecraft:mossy_cobblestone":208,"minecraft:smithing_table":35,"minecraft:minecart":293,"minecraft:bookshelf":98,"minecraft:cyan_dye":3208,"minecraft:diamond_leggings":6,"minecraft:poisonous_potato":9,"minecraft:prismarine_shard":2627,"minecraft:lead":155,"minecraft:spectral_arrow":205,"minecraft:observer":483,"minecraft:dark_oak_pressure_plate":24,"minecraft:nether_brick_wall":1044,"minecraft:grass_block":1990,"minecraft:stick":5988,"minecraft:blue_dye":7825,"minecraft:nether_gold_ore":37,"minecraft:diorite":9120,"minecraft:brewing_stand":134,"minecraft:light_blue_stained_glass":60,"minecraft:torch":7710,"minecraft:smooth_quartz":529,"minecraft:brown_wool":3916,"minecraft:map":368,"minecraft:green_carpet":817,"minecraft:iron_leggings":6,"minecraft:smooth_quartz_slab":1090,"minecraft:crimson_fence":2,"minecraft:iron_axe":1,"minecraft:bucket":452,"minecraft:music_disc_cat":6,"minecraft:lapis_block":293,"minecraft:dandelion":60,"minecraft:redstone":3671,"minecraft:red_concrete":13,"minecraft:nether_brick_slab":2756,"minecraft:anvil":329,"minecraft:brown_dye":636,"minecraft:gray_stained_glass":781,"minecraft:warped_nylium":42,"minecraft:ender_chest":13,"minecraft:coarse_dirt":3595,"minecraft:nether_wart":726,"minecraft:blaze_rod":139,"minecraft:composter":72,"minecraft:light_gray_wool":8007,"minecraft:smoker":1,"minecraft:ender_eye":518,"minecraft:glass_pane":2757,"minecraft:red_terracotta":350,"minecraft:filled_map":402,"minecraft:snow":1182,"minecraft:shield":1,"minecraft:black_concrete_powder":12,"minecraft:diamond_chestplate":3,"minecraft:orange_terracotta":1307,"minecraft:iron_chestplate":12,"minecraft:mossy_stone_bricks":22,"minecraft:pink_wool":496,"minecraft:blue_ice":188,"minecraft:oak_boat":12,"minecraft:golden_sword":1,"minecraft:diamond_boots":34,"minecraft:slime_ball":1891,"minecraft:stripped_warped_stem":1,"minecraft:stone_pickaxe":1,"minecraft:nether_quartz_ore":150,"minecraft:white_stained_glass":73}},"DataVersion":2584}