{"stat.chestOpened":1,"stat.walkOneCm":32600,"stat.drop.minecraft.wheat":1,"stat.leaveGame":5,"stat.useItem.minecraft.diamond_sword":75,"stat.pickup.minecraft.diamond_sword":1,"stat.jump":59,"stat.swimOneCm":494,"stat.fallOneCm":689,"stat.crouchOneCm":6348,"stat.sprintOneCm":28980,"stat.pickup.minecraft.cooked_beef":1,"stat.pickup.minecraft.skull":1,"stat.mobKills":157,"stat.flyOneCm":19618,"stat.deaths":1,"stat.drop":1,"stat.playOneMinute":43926,"stat.killEntity.Sheep":154,"stat.sneakTime":2331,"stat.pickup.minecraft.wool":157,"stat.damageDealt":5740,"stat.timeSinceDeath":23899,"stat.pickup.minecraft.mutton":248,"stat.diveOneCm":8179,"stat.pickup.minecraft.wheat":1,"stat.pickup.minecraft.cooked_mutton":209}