{"stat.useItem.minecraft.bow":707,"stat.useItem.minecraft.quartz_block":408,"stat.useItem.minecraft.painting":29,"stat.drop.minecraft.redstone":128,"stat.mineBlock.minecraft.stained_glass":2,"stat.mineBlock.minecraft.web":19,"stat.drop.minecraft.iron_sword":1,"stat.pickup.minecraft.rotten_flesh":651,"stat.craftItem.minecraft.stone_axe":2,"stat.useItem.minecraft.vine":136,"stat.drop.minecraft.leather_boots":6,"stat.pickup.minecraft.cobblestone_wall":256,"stat.pickup.minecraft.bucket":1,"stat.useItem.minecraft.rail":489,"stat.killEntity.Enderman":11,"stat.drop.minecraft.elytra":2,"stat.useItem.minecraft.anvil":6,"stat.craftItem.minecraft.iron_shovel":6,"stat.pickup.minecraft.brown_mushroom":8,"stat.useItem.minecraft.iron_pickaxe":760,"stat.pickup.minecraft.stained_hardened_clay":644,"stat.pickup.minecraft.double_plant":17,"stat.craftItem.minecraft.glass_pane":32,"stat.furnaceInteraction":512,"stat.useItem.minecraft.red_sandstone":98,"stat.useItem.minecraft.fence":275,"stat.craftItem.minecraft.orange_glazed_terracotta":64,"stat.useItem.minecraft.acacia_fence":7,"stat.craftItem.minecraft.daylight_detector":20,"stat.useItem.minecraft.cauldron":4,"stat.mineBlock.minecraft.fence":77,"stat.useItem.minecraft.flint_and_steel":24,"stat.useItem.minecraft.wheat_seeds":37,"stat.mineBlock.minecraft.sea_lantern":13,"stat.killEntity.Husk":22,"stat.pickup.minecraft.lever":9,"stat.deaths":3,"stat.pickup.minecraft.egg":167,"stat.craftItem.minecraft.melon_seeds":7,"stat.craftItem.minecraft.item_frame":47,"stat.craftItem.minecraft.iron_pickaxe":5,"stat.pickup.minecraft.glass_pane":4,"stat.pickup.minecraft.item_frame":60,"stat.pickup.minecraft.sea_lantern":13,"stat.craftItem.minecraft.repeater":1,"stat.craftItem.minecraft.cooked_mutton":3,"stat.fishCaught":21,"stat.pickup.minecraft.cooked_mutton":14,"stat.chestOpened":3946,"stat.craftItem.minecraft.mossy_cobblestone":276,"stat.useItem.minecraft.lapis_ore":6,"stat.craftItem.minecraft.sign":15,"stat.useItem.minecraft.jungle_fence":234,"stat.pickup.minecraft.iron_sword":2,"stat.pickup.minecraft.lapis_ore":41,"stat.craftItem.minecraft.quartz_block":671,"stat.pickup.minecraft.carrot":9,"stat.crouchOneCm":336417,"stat.pickup.minecraft.rail":612,"stat.craftItem.minecraft.iron_ingot":772,"stat.pickup.minecraft.ender_chest":1,"stat.craftingTableInteraction":801,"stat.pickup.minecraft.jungle_door":19,"stat.pickup.minecraft.wooden_pickaxe":1,"stat.mineBlock.minecraft.log2":297,"stat.pickup.minecraft.dye":720,"stat.mineBlock.minecraft.jungle_fence":83,"stat.pickup.minecraft.planks":672,"stat.mineBlock.minecraft.ender_chest":1,"stat.mineBlock.minecraft.daylight_detector":8,"stat.flowerPotted":12,"stat.drop.minecraft.rotten_flesh":341,"stat.useItem.minecraft.jungle_fence_gate":32,"stat.drop.minecraft.coal_ore":2,"stat.drop.minecraft.sapling":35,"stat.pickup.minecraft.chicken":24,"stat.useItem.minecraft.glass_pane":19,"stat.breakItem.minecraft.stone_shovel":2,"stat.craftItem.minecraft.bucket":4,"stat.craftItem.minecraft.planks":7136,"stat.useItem.minecraft.iron_sword":597,"stat.craftItem.minecraft.dirt":280,"stat.pickup.minecraft.stone_sword":2,"stat.craftItem.minecraft.fishing_rod":1,"stat.useItem.minecraft.daylight_detector":17,"stat.pickup.minecraft.book":12,"stat.useItem.minecraft.stonebrick":4652,"stat.craftItem.minecraft.wooden_door":12,"stat.mineBlock.minecraft.waterlily":16,"stat.pickup.minecraft.orange_glazed_terracotta":318,"stat.drop.minecraft.leather_leggings":3,"stat.pickup.minecraft.iron_door":7,"stat.pickup.minecraft.cooked_fish":12,"stat.craftItem.minecraft.spruce_door":6,"stat.pickup.minecraft.tripwire_hook":1,"stat.craftItem.minecraft.jungle_boat":2,"stat.pickup.minecraft.spruce_fence_gate":12,"stat.mineBlock.minecraft.cobblestone":1886,"stat.mineBlock.minecraft.pumpkin":9,"stat.pickup.minecraft.stone_pickaxe":1,"stat.pickup.minecraft.flint":70,"stat.craftItem.minecraft.quartz_stairs":112,"stat.pickup.minecraft.leather_chestplate":4,"stat.mineBlock.minecraft.concrete":489,"stat.pickup.minecraft.flower_pot":6,"stat.mineBlock.minecraft.stained_glass_pane":1,"stat.drop.minecraft.cobblestone":353,"stat.pickup.minecraft.cooked_porkchop":28,"stat.useItem.minecraft.stone_slab2":71,"stat.pickup.minecraft.iron_boots":2,"stat.pickup.minecraft.stone_hoe":2,"stat.craftItem.minecraft.furnace":20,"stat.craftItem.minecraft.lapis_block":55,"stat.drop.minecraft.golden_helmet":2,"stat.craftItem.minecraft.iron_boots":4,"stat.useItem.minecraft.spruce_fence_gate":24,"stat.mineBlock.minecraft.clay":13,"stat.pickup.minecraft.diamond_leggings":2,"stat.drop.minecraft.iron_helmet":3,"stat.useItem.minecraft.melon_block":1,"stat.drop.minecraft.spider_eye":16,"stat.useItem.minecraft.wooden_slab":1441,"stat.useItem.minecraft.iron_door":9,"stat.craftItem.minecraft.iron_block":7,"stat.craftItem.minecraft.stonebrick":5211,"stat.drop.minecraft.wool":5,"stat.useItem.minecraft.armor_stand":21,"stat.killEntity.Creeper":93,"stat.craftItem.minecraft.jungle_stairs":812,"stat.drop.minecraft.oak_stairs":2,"stat.killEntity.Squid":8,"stat.sprintOneCm":12284970,"stat.mineBlock.minecraft.stone_slab":302,"stat.pickup.minecraft.leather_leggings":4,"stat.craftItem.minecraft.redstone_lamp":36,"stat.drop.minecraft.boat":2,"stat.pickup.minecraft.vine":921,"stat.useItem.minecraft.banner":11,"stat.killEntity.Zombie":261,"stat.craftItem.minecraft.dye":930,"stat.craftItem.minecraft.diamond_axe":2,"stat.mineBlock.minecraft.gold_ore":444,"stat.drop.minecraft.diamond_pickaxe":1,"stat.craftItem.minecraft.slime_ball":9,"stat.pickup.minecraft.wheat":12,"stat.craftItem.minecraft.sandstone":10,"stat.mineBlock.minecraft.mossy_cobblestone":94,"stat.drop.minecraft.stone_stairs":1,"stat.pickup.minecraft.sign":38,"stat.craftItem.minecraft.cooked_porkchop":15,"stat.pickup.minecraft.obsidian":116,"stat.useItem.minecraft.heavy_weighted_pressure_plate":1,"stat.useItem.minecraft.iron_trapdoor":9,"stat.pickup.minecraft.coal":1543,"stat.pickup.minecraft.iron_ingot":8,"stat.craftItem.minecraft.lever":24,"stat.drop.minecraft.diamond_sword":1,"stat.pickup.minecraft.gunpowder":100,"stat.pickup.minecraft.dirt":6466,"stat.useItem.minecraft.coal_ore":20,"stat.drop.minecraft.iron_shovel":1,"stat.drop.minecraft.jungle_door":2,"stat.useItem.minecraft.dispenser":9,"stat.mineBlock.minecraft.lapis_ore":93,"stat.pickup.minecraft.red_sandstone":68,"stat.pickup.minecraft.iron_axe":1,"stat.brewingstandInteraction":4,"stat.useItem.minecraft.stone_brick_stairs":535,"stat.mineBlock.minecraft.torch":236,"stat.mineBlock.minecraft.red_flower":50,"stat.pickup.minecraft.magma_cream":4,"stat.craftItem.minecraft.comparator":2,"stat.useItem.minecraft.birch_fence":25,"stat.mineBlock.minecraft.fence_gate":4,"stat.pickup.minecraft.diamond_axe":3,"stat.mineBlock.minecraft.birch_fence":3,"stat.drop.minecraft.wheat":1,"stat.pickup.minecraft.diamond_pickaxe":5,"stat.useItem.minecraft.pumpkin":2,"stat.useItem.minecraft.lava_bucket":11,"stat.drop.minecraft.netherrack":2603,"stat.useItem.minecraft.melon":32,"stat.useItem.minecraft.item_frame":115,"stat.useItem.minecraft.stained_hardened_clay":510,"stat.drop.minecraft.egg":6,"stat.useItem.minecraft.redstone_ore":26,"stat.pickup.minecraft.cooked_beef":81,"stat.useItem.minecraft.concrete":464,"stat.drop.minecraft.lever":1,"stat.mobKills":1671,"stat.pickup.minecraft.diamond_boots":4,"stat.mineBlock.minecraft.bookshelf":4,"stat.useItem.minecraft.boat":3,"stat.useItem.minecraft.mossy_cobblestone":261,"stat.craftItem.minecraft.lead":2,"stat.pickup.minecraft.diamond":175,"stat.pickup.minecraft.beetroot_seeds":28,"stat.craftItem.minecraft.spruce_stairs":60,"stat.craftItem.minecraft.map":38,"stat.useItem.minecraft.string":22,"stat.drop.minecraft.mutton":12,"stat.useItem.minecraft.bookshelf":30,"stat.useItem.minecraft.soul_sand":2,"stat.killEntity.Blaze":3,"stat.pickup.minecraft.golden_boots":7,"stat.pickup.minecraft.glowstone_dust":3,"stat.drop.minecraft.wooden_door":1,"stat.mineBlock.minecraft.white_shulker_box":1,"stat.mineBlock.minecraft.red_mushroom":3,"stat.mineBlock.minecraft.stone_brick_stairs":182,"stat.mineBlock.minecraft.nether_brick_fence":1,"stat.drop.minecraft.golden_leggings":2,"stat.craftItem.minecraft.lit_pumpkin":2,"stat.craftItem.minecraft.cobblestone_wall":606,"stat.craftItem.minecraft.stone_sword":1,"stat.mineBlock.minecraft.snow_layer":70,"stat.pickup.minecraft.chainmail_chestplate":2,"stat.mineBlock.minecraft.sand":1339,"stat.hopperInspected":24,"stat.useItem.minecraft.fence_gate":31,"stat.pickup.minecraft.ghast_tear":12,"stat.pickup.minecraft.armor_stand":9,"stat.trappedChestTriggered":12,"stat.drop.minecraft.rail":14,"stat.craftItem.minecraft.acacia_stairs":28,"stat.pickup.minecraft.wooden_button":4,"stat.useItem.minecraft.minecart":26,"stat.useItem.minecraft.cooked_mutton":69,"stat.drop.minecraft.stained_hardened_clay":9,"stat.pickup.minecraft.stone_stairs":229,"stat.craftItem.minecraft.fence_gate":27,"stat.pickup.minecraft.acacia_stairs":25,"stat.pickup.minecraft.pumpkin_seeds":15,"stat.drop.minecraft.snowball":4,"stat.mineBlock.minecraft.soul_sand":19,"stat.mineBlock.minecraft.jungle_stairs":199,"stat.pickup.minecraft.blaze_rod":9,"stat.pickup.minecraft.netherrack":4808,"stat.pickup.minecraft.pumpkin":7,"stat.pickup.minecraft.spruce_door":2,"stat.useItem.minecraft.fish":1,"stat.pickup.minecraft.waterlily":18,"stat.craftItem.minecraft.redstone_torch":31,"stat.craftItem.minecraft.iron_hoe":1,"stat.drop.minecraft.stone":235,"stat.pickup.minecraft.melon_seeds":1,"stat.pickup.minecraft.golden_leggings":6,"stat.pickup.minecraft.melon":64,"stat.useItem.minecraft.golden_rail":29,"stat.drop.minecraft.bone":199,"stat.craftItem.minecraft.wooden_button":8,"stat.useItem.minecraft.furnace":32,"stat.pickup.minecraft.iron_leggings":2,"stat.mineBlock.minecraft.gravel":740,"stat.breakItem.minecraft.stone_axe":1,"stat.useItem.minecraft.wool":4,"stat.drop.minecraft.reeds":6,"stat.pickup.minecraft.flint_and_steel":3,"stat.drop.minecraft.record_13":1,"stat.useItem.minecraft.torch":1904,"stat.craftItem.minecraft.redstone_block":95,"stat.craftItem.minecraft.stone_stairs":472,"stat.pickup.minecraft.crafting_table":92,"stat.useItem.minecraft.log":1508,"stat.useItem.minecraft.comparator":3,"stat.craftItem.minecraft.crafting_table":30,"stat.craftItem.minecraft.boat":2,"stat.pickup.minecraft.redstone_block":2,"stat.useItem.minecraft.cooked_fish":39,"stat.drop.minecraft.sign":5,"stat.craftItem.minecraft.stone_button":15,"stat.drop.minecraft.planks":54,"stat.pickup.minecraft.web":18,"stat.pickup.minecraft.sapling":638,"stat.drop.minecraft.bow":69,"stat.pickup.minecraft.beetroot":13,"stat.drop.minecraft.golden_chestplate":2,"stat.killEntity.WitherSkeleton":2,"stat.useItem.minecraft.wooden_pressure_plate":4,"stat.craftItem.minecraft.sugar":1,"stat.craftItem.minecraft.spruce_fence_gate":27,"stat.pickup.minecraft.stone_slab":588,"stat.drop.minecraft.yellow_flower":7,"stat.pickup.minecraft.yellow_flower":33,"stat.drop.minecraft.ghast_tear":4,"stat.pickup.minecraft.golden_rail":24,"stat.drop.minecraft.wooden_axe":1,"stat.useItem.minecraft.fishing_rod":25,"stat.craftItem.minecraft.jungle_door":21,"stat.craftItem.minecraft.diamond_chestplate":1,"stat.pickup.minecraft.bone":713,"stat.craftItem.minecraft.sticky_piston":12,"stat.pickup.minecraft.redstone_torch":8,"stat.horseOneCm":401957,"stat.useItem.minecraft.log2":128,"stat.drop.minecraft.glowstone_dust":3,"stat.mineBlock.minecraft.brown_mushroom":4,"stat.mineBlock.minecraft.acacia_fence":7,"stat.useItem.minecraft.diamond_sword":1799,"stat.craftItem.minecraft.diamond_helmet":1,"stat.climbOneCm":503272,"stat.craftItem.minecraft.gold_block":35,"stat.enderchestOpened":164,"stat.useItem.minecraft.redstone_torch":26,"stat.pickup.minecraft.golden_helmet":4,"stat.useItem.minecraft.jungle_boat":14,"stat.useItem.minecraft.red_flower":27,"stat.pickup.minecraft.daylight_detector":12,"stat.pickup.minecraft.anvil":4,"stat.useItem.minecraft.iron_ore":11,"stat.craftItem.minecraft.trapdoor":104,"stat.craftItem.minecraft.stone_pickaxe":2,"stat.pickup.minecraft.cobblestone":9445,"stat.craftItem.minecraft.glass_bottle":3,"stat.pickup.minecraft.soul_sand":20,"stat.useItem.minecraft.cooked_beef":304,"stat.pickup.minecraft.cactus":47,"stat.pickup.minecraft.redstone":1036,"stat.craftItem.minecraft.dispenser":5,"stat.mineBlock.minecraft.iron_ore":1018,"stat.craftItem.minecraft.book":89,"stat.pickup.minecraft.mossy_cobblestone":247,"stat.drop.minecraft.coal":1,"stat.drop.minecraft.iron_bars":5,"stat.drop.minecraft.dirt":94,"stat.useItem.minecraft.cooked_porkchop":51,"stat.pickup.minecraft.iron_shovel":3,"stat.pickup.minecraft.trapdoor":53,"stat.pickup.minecraft.carpet":16,"stat.pickup.minecraft.diamond_shovel":2,"stat.pickup.minecraft.jungle_stairs":237,"stat.useItem.minecraft.sea_lantern":48,"stat.useItem.minecraft.spruce_fence":46,"stat.pickup.minecraft.sandstone_stairs":1,"stat.pickup.minecraft.paper":1,"stat.pickup.minecraft.jungle_fence_gate":56,"stat.craftItem.minecraft.stick":2152,"stat.craftItem.minecraft.stained_hardened_clay":56,"stat.craftItem.minecraft.gold_nugget":18,"stat.pickup.minecraft.grass":4,"stat.useItem.minecraft.stone_pressure_plate":1,"stat.drop.minecraft.leaves":36,"stat.pickup.minecraft.diamond_chestplate":1,"stat.entityKilledBy.Creeper":1,"stat.breakItem.minecraft.shears":9,"stat.mineBlock.minecraft.planks":448,"stat.drop":505,"stat.killEntity.Sheep":12,"stat.drop.minecraft.iron_boots":1,"stat.pickup.minecraft.golden_chestplate":6,"stat.useItem.minecraft.melon_seeds":3,"stat.drop.minecraft.bread":5,"stat.drop.minecraft.nether_wart":4,"stat.craftItem.minecraft.piston":12,"stat.useItem.minecraft.quartz_stairs":203,"stat.mineBlock.minecraft.anvil":4,"stat.pickup.minecraft.purple_shulker_box":5,"stat.useItem.minecraft.waterlily":11,"stat.useItem.minecraft.apple":29,"stat.mineBlock.minecraft.deadbush":5,"stat.useItem.minecraft.carpet":29,"stat.useItem.minecraft.flower_pot":20,"stat.pickup.minecraft.fence":108,"stat.useItem.minecraft.stone_axe":136,"stat.craftItem.minecraft.iron_helmet":6,"stat.craftItem.minecraft.rail":544,"stat.drop.minecraft.bed":2,"stat.drop.minecraft.glass":77,"stat.boatOneCm":4087908,"stat.craftItem.minecraft.flint_and_steel":2,"stat.useItem.minecraft.redstone_lamp":42,"stat.mineBlock.minecraft.leaves2":388,"stat.mineBlock.minecraft.stone_stairs":147,"stat.craftItem.minecraft.iron_bars":64,"stat.mineBlock.minecraft.furnace":16,"stat.pickup.minecraft.end_crystal":4,"stat.killEntity.CaveSpider":2,"stat.craftItem.minecraft.netherbrick":64,"stat.craftItem.minecraft.birch_fence":24,"stat.pickup.minecraft.oak_stairs":179,"stat.pickup.minecraft.stained_glass":2,"stat.damageDealt":185223,"stat.craftItem.minecraft.anvil":2,"stat.useItem.minecraft.crafting_table":107,"stat.pickup.minecraft.boat":7,"stat.craftItem.minecraft.stone_shovel":4,"stat.pickup.minecraft.stick":216,"stat.drop.minecraft.vine":3,"stat.craftItem.minecraft.birch_fence_gate":1,"stat.craftItem.minecraft.diamond_boots":2,"stat.useItem.minecraft.redstone_block":2,"stat.drop.minecraft.leather_chestplate":2,"stat.useItem.minecraft.spruce_stairs":86,"stat.craftItem.minecraft.redstone":360,"stat.killEntity.Chicken":15,"stat.drop.minecraft.crafting_table":1,"stat.mineBlock.minecraft.quartz_ore":1100,"stat.pickup.minecraft.concrete_powder":129,"stat.drop.minecraft.filled_map":2,"stat.drop.minecraft.diamond_boots":4,"stat.craftItem.minecraft.fence":246,"stat.craftItem.minecraft.jungle_fence":198,"stat.mineBlock.minecraft.leaves":4884,"stat.mineBlock.minecraft.bone_block":142,"stat.useItem.minecraft.map":26,"stat.pickup.minecraft.wooden_slab":689,"stat.leaveGame":110,"stat.pickup.minecraft.jungle_fence":103,"stat.pickup.minecraft.stone_slab2":9,"stat.useItem.minecraft.glowstone":23,"stat.mineBlock.minecraft.sandstone":2,"stat.craftItem.minecraft.shield":1,"stat.craftItem.minecraft.stone_pressure_plate":1,"stat.drop.minecraft.feather":21,"stat.mineBlock.minecraft.red_sandstone":67,"stat.pickup.minecraft.leaves2":34,"stat.useItem.minecraft.sandstone_stairs":5,"stat.mineBlock.minecraft.wooden_slab":509,"stat.pickup.minecraft.leather_boots":7,"stat.killEntity.Witch":7,"stat.drop.minecraft.sand":1,"stat.craftItem.minecraft.wooden_pickaxe":1,"stat.craftItem.minecraft.iron_door":3,"stat.useItem.minecraft.iron_shovel":2022,"stat.drop.minecraft.chainmail_leggings":1,"stat.craftItem.minecraft.bed":12,"stat.mineBlock.minecraft.vine":1427,"stat.pickup.minecraft.melon_block":1,"stat.mineBlock.minecraft.hopper":7,"stat.drop.minecraft.gravel":27,"stat.mineBlock.minecraft.rail":475,"stat.useItem.minecraft.pumpkin_seeds":10,"stat.killEntity.ZombieVillager":7,"stat.drop.minecraft.red_flower":3,"stat.useItem.minecraft.double_plant":7,"stat.pickup.minecraft.beef":205,"stat.pickup.minecraft.leather_helmet":4,"stat.useItem.minecraft.trapdoor":126,"stat.mineBlock.minecraft.stained_hardened_clay":651,"stat.useItem.minecraft.stained_glass":26,"stat.useItem.minecraft.dark_oak_door":4,"stat.useItem.minecraft.wooden_button":7,"stat.craftItem.minecraft.dropper":1,"stat.useItem.minecraft.dye":729,"stat.mineBlock.minecraft.stone_slab2":6,"stat.drop.minecraft.torch":7,"stat.mineBlock.minecraft.tallgrass":564,"stat.useItem.minecraft.splash_potion":2,"stat.useItem.minecraft.stone":2320,"stat.pickup.minecraft.arrow":1337,"stat.killEntity.Ghast":30,"stat.useItem.minecraft.ender_chest":1,"stat.useItem.minecraft.white_shulker_box":1,"stat.drop.minecraft.iron_pickaxe":2,"stat.mineBlock.minecraft.chest":32,"stat.pickup.minecraft.painting":15,"stat.mineBlock.minecraft.hardened_clay":96,"stat.mineBlock.minecraft.concrete_powder":1,"stat.craftItem.minecraft.hopper":13,"stat.pickup.minecraft.nether_brick_fence":1,"stat.pickup.minecraft.yellow_shulker_box":4,"stat.useItem.minecraft.reeds":35,"stat.craftItem.minecraft.nether_brick":16,"stat.drop.minecraft.jungle_fence":1,"stat.craftItem.minecraft.diamond_shovel":3,"stat.pickup.minecraft.wheat_seeds":136,"stat.mineBlock.minecraft.glass":7,"stat.useItem.minecraft.enchanting_table":2,"stat.mineBlock.minecraft.dirt":5289,"stat.useItem.minecraft.bread":18,"stat.useItem.minecraft.cobblestone":3572,"stat.useItem.minecraft.gravel":215,"stat.mineBlock.minecraft.double_plant":13,"stat.minecartOneCm":160692,"stat.drop.minecraft.chicken":21,"stat.pickup.minecraft.iron_pickaxe":3,"stat.craftItem.minecraft.gold_ingot":425,"stat.pickup.minecraft.hopper":7,"stat.craftItem.minecraft.brewing_stand":1,"stat.useItem.minecraft.tallgrass":12,"stat.pickup.minecraft.apple":41,"stat.pickup.minecraft.banner":11,"stat.itemEnchanted":18,"stat.mineBlock.minecraft.log":4403,"stat.useItem.minecraft.wooden_door":12,"stat.useItem.minecraft.spruce_door":3,"stat.craftItem.minecraft.paper":621,"stat.pickup.minecraft.red_flower":51,"stat.pickup.minecraft.wool":75,"stat.useItem.minecraft.wooden_axe":4,"stat.pickup.minecraft.red_sandstone_stairs":3,"stat.mineBlock.minecraft.orange_glazed_terracotta":318,"stat.craftItem.minecraft.diamond_leggings":1,"stat.mineBlock.minecraft.acacia_stairs":25,"stat.useItem.minecraft.iron_axe":1262,"stat.useItem.minecraft.orange_glazed_terracotta":343,"stat.mineBlock.minecraft.yellow_flower":29,"stat.useItem.minecraft.skull":11,"stat.craftItem.minecraft.wool":23,"stat.useItem.minecraft.concrete_powder":209,"stat.pickup.minecraft.glowstone":115,"stat.useItem.minecraft.obsidian":101,"stat.pickup.minecraft.bow":71,"stat.craftItem.minecraft.dark_oak_door":3,"stat.useItem.minecraft.egg":126,"stat.pickup.minecraft.coal_ore":86,"stat.craftItem.minecraft.cooked_beef":224,"stat.mineBlock.minecraft.obsidian":116,"stat.pickup.minecraft.shears":1,"stat.craftItem.minecraft.bow":12,"stat.pickup.minecraft.iron_trapdoor":4,"stat.craftItem.minecraft.red_sandstone_stairs":40,"stat.flyOneCm":9251102,"stat.pickup.minecraft.sandstone":2,"stat.pickup.minecraft.fish":21,"stat.craftItem.minecraft.stained_glass":56,"stat.timeSinceDeath":1370783,"stat.pickup.minecraft.quartz_ore":62,"stat.craftItem.minecraft.painting":4,"stat.cauldronFilled":3,"stat.killEntity.Bat":2,"stat.useItem.minecraft.potato":1,"stat.pickup.minecraft.chainmail_helmet":2,"stat.pickup.minecraft.nether_wart":64,"stat.pickup.minecraft.spruce_fence":23,"stat.mineBlock.minecraft.enchanting_table":1,"stat.craftItem.minecraft.concrete_powder":336,"stat.mineBlock.minecraft.coal_ore":837,"stat.pickup.minecraft.shield":5,"stat.talkedToVillager":32,"stat.craftItem.minecraft.stone_hoe":1,"stat.pickup.minecraft.string":127,"stat.mineBlock.minecraft.ladder":43,"stat.useItem.minecraft.diamond_shovel":4020,"stat.craftItem.minecraft.wooden_axe":1,"stat.pickup.minecraft.bone_block":269,"stat.mineBlock.minecraft.diamond_ore":112,"stat.craftItem.minecraft.wooden_pressure_plate":4,"stat.breakItem.minecraft.iron_shovel":6,"stat.useItem.minecraft.diamond_ore":27,"stat.useItem.minecraft.ladder":149,"stat.pickup.minecraft.snowball":124,"stat.craftItem.minecraft.sandstone_stairs":4,"stat.diveOneCm":674638,"stat.useItem.minecraft.sticky_piston":12,"stat.craftItem.minecraft.ladder":120,"stat.mineBlock.minecraft.stone_button":1,"stat.drop.minecraft.ladder":27,"stat.pickup.minecraft.stone_axe":2,"stat.pickup.minecraft.stained_glass_pane":15,"stat.useItem.minecraft.rotten_flesh":21,"stat.drop.minecraft.apple":7,"stat.craftItem.minecraft.diamond_sword":2,"stat.jump":55284,"stat.useItem.minecraft.sand":136,"stat.pickup.minecraft.white_shulker_box":2,"stat.craftItem.minecraft.torch":1340,"stat.craftItem.minecraft.fermented_spider_eye":1,"stat.mineBlock.minecraft.spruce_fence_gate":4,"stat.useItem.minecraft.glass":22,"stat.pickup.minecraft.stone_shovel":2,"stat.pickup.minecraft.gold_ore":444,"stat.useItem.minecraft.sapling":194,"stat.mineBlock.minecraft.glass_pane":4,"stat.damageTaken":20945,"stat.useItem.minecraft.end_crystal":4,"stat.mineBlock.minecraft.melon_block":14,"stat.mineBlock.minecraft.sapling":13,"stat.pickup.minecraft.log2":357,"stat.mineBlock.minecraft.sandstone_stairs":1,"stat.useItem.minecraft.purple_shulker_box":3,"stat.pickup.minecraft.bed":32,"stat.pickup.minecraft.concrete":484,"stat.pickup.minecraft.quartz_block":222,"stat.pickup.minecraft.acacia_fence":7,"stat.pickup.minecraft.potato":5,"stat.craftItem.minecraft.stone_slab":1584,"stat.animalsBred":24,"stat.useItem.minecraft.chest":81,"stat.useItem.minecraft.birch_fence_gate":1,"stat.shulkerBoxOpened":123,"stat.craftItem.minecraft.iron_chestplate":4,"stat.pickup.minecraft.ender_pearl":18,"stat.drop.minecraft.wooden_slab":32,"stat.pickup.minecraft.ladder":145,"stat.useItem.minecraft.netherrack":1166,"stat.craftItem.minecraft.stained_glass_pane":32,"stat.craftItem.minecraft.bookshelf":30,"stat.useItem.minecraft.tripwire_hook":1,"stat.mineBlock.minecraft.stonebrick":932,"stat.mineBlock.minecraft.glowstone":120,"stat.craftItem.minecraft.shears":12,"stat.useItem.minecraft.cobblestone_wall":777,"stat.pickup.minecraft.torch":579,"stat.drop.minecraft.diamond_shovel":1,"stat.drop.minecraft.quartz_block":12,"stat.drop.minecraft.arrow":44,"stat.craftItem.minecraft.compass":38,"stat.pickup.minecraft.jungle_boat":19,"stat.craftItem.minecraft.iron_axe":5,"stat.killEntity.Ozelot":10,"stat.mineBlock.minecraft.purple_shulker_box":5,"stat.pickup.minecraft.fishing_rod":2,"stat.useItem.minecraft.planks":1190,"stat.pickup.minecraft.porkchop":53,"stat.pickup.minecraft.glass":8,"stat.pickup.minecraft.blaze_powder":2,"stat.useItem.minecraft.red_sandstone_stairs":41,"stat.useItem.minecraft.water_bucket":328,"stat.pickup.minecraft.sand":1360,"stat.mineBlock.minecraft.jungle_fence_gate":27,"stat.pickup.minecraft.hardened_clay":79,"stat.drop.minecraft.hardened_clay":21,"stat.aviateOneCm":861471,"stat.useItem.minecraft.ender_pearl":1,"stat.craftItem.minecraft.cooked_fish":39,"stat.craftItem.minecraft.blaze_powder":2,"stat.useItem.minecraft.oak_stairs":513,"stat.drop.minecraft.stone_slab":8,"stat.pickup.minecraft.fence_gate":4,"stat.pickup.minecraft.filled_map":127,"stat.pickup.minecraft.furnace":16,"stat.useItem.minecraft.redstone":45,"stat.mineBlock.minecraft.redstone_lamp":21,"stat.pickup.minecraft.iron_chestplate":4,"stat.useItem.minecraft.stone_stairs":586,"stat.pickup.minecraft.skull":11,"stat.useItem.minecraft.hopper":15,"stat.craftItem.minecraft.heavy_weighted_pressure_plate":1,"stat.mineBlock.minecraft.oak_stairs":140,"stat.playOneMinute":5462527,"stat.drop.minecraft.string":19,"stat.useItem.minecraft.jungle_stairs":945,"stat.useItem.minecraft.shears":2493,"stat.pickup.minecraft.iron_bars":44,"stat.pickup.minecraft.dispenser":4,"stat.craftItem.minecraft.carpet":24,"stat.mineBlock.minecraft.netherrack":5064,"stat.mineBlock.minecraft.dispenser":4,"stat.drop.minecraft.flint":8,"stat.craftItem.minecraft.golden_rail":30,"stat.useItem.minecraft.quartz_ore":62,"stat.craftItem.minecraft.iron_nugget":4,"stat.fallOneCm":885016,"stat.drop.minecraft.dye":1,"stat.craftItem.minecraft.chest":68,"stat.mineBlock.minecraft.lever":4,"stat.pickup.minecraft.red_mushroom":4,"stat.useItem.minecraft.iron_hoe":34,"stat.pickup.minecraft.comparator":1,"stat.drop.minecraft.leaves2":34,"stat.pickup.minecraft.feather":26,"stat.drop.minecraft.iron_leggings":1,"stat.mineBlock.minecraft.spruce_fence":13,"stat.useItem.minecraft.yellow_shulker_box":4,"stat.pickup.minecraft.lead":22,"stat.useItem.minecraft.stone_pickaxe":108,"stat.useItem.minecraft.stone_sword":82,"stat.craftItem.minecraft.iron_leggings":3,"stat.pickup.minecraft.redstone_ore":89,"stat.craftItem.minecraft.oak_stairs":384,"stat.drop.minecraft.stick":133,"stat.pickup.minecraft.record_13":1,"stat.useItem.minecraft.iron_bars":96,"stat.mineBlock.minecraft.quartz_stairs":107,"stat.useItem.minecraft.bone_block":317,"stat.drop.minecraft.stone_brick_stairs":1,"stat.killEntity.LavaSlime":21,"stat.pickup.minecraft.log":5633,"stat.mineBlock.minecraft.golden_rail":24,"stat.pickup.minecraft.tallgrass":27,"stat.breakItem.minecraft.iron_helmet":1,"stat.pickup.minecraft.chainmail_leggings":2,"stat.pickup.minecraft.wooden_door":5,"stat.entityKilledBy.Enderman":1,"stat.craftItem.minecraft.snow":32,"stat.pickup.minecraft.diamond_helmet":1,"stat.useItem.minecraft.jungle_door":26,"stat.craftItem.minecraft.cooked_chicken":2,"stat.useItem.minecraft.stone_hoe":37,"stat.craftItem.minecraft.flower_pot":14,"stat.useItem.minecraft.beetroot_seeds":16,"stat.sneakTime":132919,"stat.mineBlock.minecraft.cobblestone_wall":197,"stat.mineBlock.minecraft.yellow_shulker_box":3,"stat.useItem.minecraft.brewing_stand":1,"stat.useItem.minecraft.beetroot":6,"stat.pickup.minecraft.chest":32,"stat.craftItem.minecraft.enchanting_table":1,"stat.useItem.minecraft.web":18,"stat.useItem.minecraft.repeater":1,"stat.drop.minecraft.leather_helmet":3,"stat.craftItem.minecraft.stone_brick_stairs":376,"stat.craftItem.minecraft.iron_trapdoor":5,"stat.swimOneCm":1418024,"stat.mineBlock.minecraft.spruce_stairs":29,"stat.drop.minecraft.brown_mushroom":1,"stat.useItem.minecraft.dirt":4039,"stat.pickup.minecraft.enchanting_table":1,"stat.drop.minecraft.ender_pearl":6,"stat.pickup.minecraft.quartz_stairs":108,"stat.mineBlock.minecraft.carpet":16,"stat.drop.minecraft.fence":3,"stat.mineBlock.minecraft.redstone_block":2,"stat.useItem.minecraft.stone_shovel":422,"stat.drop.minecraft.wheat_seeds":33,"stat.craftItem.minecraft.wooden_slab":1176,"stat.useItem.minecraft.sign":22,"stat.drop.minecraft.log":51,"stat.pickup.minecraft.mutton":23,"stat.useItem.minecraft.lever":31,"stat.pickup.minecraft.dark_oak_door":3,"stat.craftItem.minecraft.red_sandstone":167,"stat.drop.minecraft.golden_boots":1,"stat.pickup.minecraft.stonebrick":1390,"stat.pickup.minecraft.redstone_lamp":21,"stat.useItem.minecraft.acacia_stairs":51,"stat.mineBlock.minecraft.red_sandstone_stairs":3,"stat.drop.minecraft.log2":3,"stat.craftItem.minecraft.stone_slab2":126,"stat.useItem.minecraft.stone_slab":1606,"stat.craftItem.minecraft.jungle_fence_gate":41,"stat.useItem.minecraft.bed":40,"stat.craftItem.minecraft.stone":1588,"stat.craftItem.minecraft.armor_stand":12,"stat.mineBlock.minecraft.crafting_table":89,"stat.useItem.minecraft.diamond_pickaxe":30377,"stat.mineBlock.minecraft.quartz_block":206,"stat.useItem.minecraft.carrot":2,"stat.useItem.minecraft.bucket":346,"stat.pickup.minecraft.stone_button":7,"stat.pickup.minecraft.slime_ball":2,"stat.craftItem.minecraft.diamond_pickaxe":8,"stat.drop.minecraft.wooden_pickaxe":2,"stat.pickup.minecraft.gravel":751,"stat.useItem.minecraft.glass_bottle":3,"stat.useItem.minecraft.diamond_axe":6656,"stat.useItem.minecraft.stained_glass_pane":8,"stat.pickup.minecraft.stone_brick_stairs":259,"stat.pickup.minecraft.diamond_sword":3,"stat.pickup.minecraft.iron_helmet":5,"stat.craftItem.minecraft.bread":1,"stat.pickup.minecraft.spider_eye":43,"stat.useItem.minecraft.stone_button":16,"stat.pickup.minecraft.diamond_ore":27,"stat.useItem.minecraft.cooked_chicken":2,"stat.pickup.minecraft.iron_ore":1036,"stat.mineBlock.minecraft.iron_bars":42,"stat.pickup.minecraft.leaves":1653,"stat.pickup.minecraft.leather":156,"stat.useItem.minecraft.wooden_pickaxe":5,"stat.dispenserInspected":26,"stat.pickup.minecraft.reeds":390,"stat.craftItem.minecraft.glass":280,"stat.craftItem.minecraft.cauldron":4,"stat.sleepInBed":230,"stat.killEntity.Cow":86,"stat.pickup.minecraft.minecart":25,"stat.killEntity.Pig":21,"stat.craftItem.minecraft.iron_sword":4,"stat.walkOneCm":23095808,"stat.playerKills":1,"stat.pickup.minecraft.clay_ball":52,"stat.drop.minecraft.diamond_axe":1,"stat.drop.minecraft.iron_chestplate":2,"stat.pickup.minecraft.stone":9007,"stat.mineBlock.minecraft.wool":2,"stat.useItem.minecraft.leaves":829,"stat.craftItem.minecraft.minecart":7,"stat.pickup.minecraft.gold_ingot":2,"stat.killEntity.Skeleton":964,"stat.mineBlock.minecraft.cactus":8,"stat.mineBlock.minecraft.redstone_torch":2,"stat.killEntity.Spider":65,"stat.pickup.minecraft.bread":4,"stat.craftItem.minecraft.spruce_fence":45,"stat.pickup.minecraft.quartz":1965,"stat.pickup.minecraft.birch_fence":3,"stat.breakItem.minecraft.iron_axe":5,"stat.pickup.minecraft.water_bucket":2,"stat.pickup.minecraft.spruce_stairs":29,"stat.mineBlock.minecraft.redstone_ore":267,"stat.pickup.minecraft.elytra":3,"stat.drop.minecraft.beef":5,"stat.craftItem.minecraft.brick":52,"stat.mineBlock.minecraft.stone":15549}