{"stat.chestOpened":13,"stat.walkOneCm":19810,"stat.craftItem.minecraft.ladder":3,"stat.leaveGame":167,"stat.pickup.minecraft.crafting_table":1,"stat.useItem.minecraft.cooked_fish":1,"stat.mineBlock.minecraft.stained_glass":3,"stat.jump":3,"stat.swimOneCm":202974,"stat.fallOneCm":1101,"stat.shulkerBoxOpened":10,"stat.crouchOneCm":559,"stat.sprintOneCm":822,"stat.useItem.minecraft.concrete":3,"stat.craftItem.minecraft.stick":8,"stat.craftingTableInteraction":2,"stat.damageTaken":40,"stat.flyOneCm":25670647,"stat.playOneMinute":13251428,"stat.useItem.minecraft.ladder":3,"stat.sneakTime":56697,"stat.timeSinceDeath":13251428,"stat.pickup.minecraft.cooked_fish":1,"stat.useItem.minecraft.crafting_table":1,"stat.diveOneCm":685049}