{"stat.useItem.minecraft.bow":804,"stat.useItem.minecraft.painting":58,"stat.drop.minecraft.gunpowder":23,"stat.drop.minecraft.redstone":264,"stat.pickup.minecraft.dark_oak_boat":8,"stat.mineBlock.minecraft.stained_glass":3,"stat.drop.minecraft.enchanted_book":1,"stat.mineBlock.minecraft.web":35,"stat.pickup.minecraft.rotten_flesh":397,"stat.craftItem.minecraft.stone_axe":2,"stat.useItem.minecraft.vine":235,"stat.drop.minecraft.leather_boots":23,"stat.pickup.minecraft.cobblestone_wall":28,"stat.useItem.minecraft.rail":10,"stat.killEntity.Enderman":2,"stat.drop.minecraft.elytra":4,"stat.useItem.minecraft.anvil":7,"stat.craftItem.minecraft.iron_shovel":1,"stat.pickup.minecraft.brown_mushroom":6,"stat.mineBlock.minecraft.end_stone":2,"stat.killEntity.Villager":1,"stat.useItem.minecraft.iron_pickaxe":1129,"stat.pickup.minecraft.stained_hardened_clay":4,"stat.drop.minecraft.ender_eye":2,"stat.pickup.minecraft.double_plant":11,"stat.craftItem.minecraft.glass_pane":16,"stat.useItem.minecraft.hardened_clay":3,"stat.drop.minecraft.diamond_chestplate":1,"stat.mineBlock.minecraft.sticky_piston":1,"stat.furnaceInteraction":1484,"stat.useItem.minecraft.nether_wart":5,"stat.pickup.minecraft.nether_brick":4,"stat.craftItem.minecraft.leather_helmet":11,"stat.useItem.minecraft.green_shulker_box":10,"stat.mineBlock.minecraft.wooden_button":10,"stat.drop.minecraft.cactus":14,"stat.craftItem.minecraft.golden_leggings":1,"stat.useItem.minecraft.acacia_fence":1,"stat.useItem.minecraft.cauldron":2,"stat.useItem.minecraft.flint_and_steel":61,"stat.useItem.minecraft.wheat_seeds":1859,"stat.mineBlock.minecraft.sea_lantern":1,"stat.killEntity.Husk":10,"stat.pickup.minecraft.emerald":14,"stat.craftItem.minecraft.dark_oak_boat":1,"stat.pickup.minecraft.lever":45,"stat.deaths":8,"stat.pickup.minecraft.bowl":4,"stat.pickup.minecraft.egg":31,"stat.craftItem.minecraft.item_frame":6,"stat.pickup.minecraft.clock":7,"stat.craftItem.minecraft.iron_pickaxe":4,"stat.pickup.minecraft.glass_pane":64,"stat.pickup.minecraft.item_frame":11,"stat.drop.minecraft.iron_ingot":11,"stat.craftItem.minecraft.cooked_mutton":791,"stat.fishCaught":184,"stat.pickup.minecraft.cooked_mutton":228,"stat.chestOpened":3640,"stat.craftItem.minecraft.mossy_cobblestone":211,"stat.craftItem.minecraft.sign":60,"stat.useItem.minecraft.jungle_fence":181,"stat.pickup.minecraft.iron_sword":1,"stat.pickup.minecraft.gold_nugget":110,"stat.drop.minecraft.banner":8,"stat.craftItem.minecraft.coal":1312,"stat.drop.minecraft.dark_oak_stairs":10,"stat.pickup.minecraft.carrot":5,"stat.drop.minecraft.stone_sword":1,"stat.crouchOneCm":6569066,"stat.pickup.minecraft.rail":11,"stat.craftItem.minecraft.iron_ingot":597,"stat.drop.minecraft.slime_ball":13,"stat.craftingTableInteraction":884,"stat.mineBlock.minecraft.wooden_pressure_plate":3,"stat.pickup.minecraft.jungle_door":6,"stat.pickup.minecraft.repeater":2,"stat.pickup.minecraft.wooden_pickaxe":3,"stat.mineBlock.minecraft.log2":2040,"stat.useItem.minecraft.dark_oak_fence":60,"stat.pickup.minecraft.dye":1377,"stat.mineBlock.minecraft.jungle_fence":20,"stat.pickup.minecraft.planks":973,"stat.drop.minecraft.minecart":3,"stat.drop.minecraft.soul_sand":192,"stat.drop.minecraft.carpet":14,"stat.flowerPotted":9,"stat.drop.minecraft.rotten_flesh":299,"stat.useItem.minecraft.jungle_fence_gate":3,"stat.drop.minecraft.coal_ore":1,"stat.drop.minecraft.glass_pane":64,"stat.drop.minecraft.iron_ore":3,"stat.useItem.minecraft.yellow_flower":11,"stat.drop.minecraft.sapling":71,"stat.pickup.minecraft.chicken":62,"stat.pickup.minecraft.tipped_arrow":59,"stat.useItem.minecraft.glass_pane":8,"stat.pickup.minecraft.end_stone":2,"stat.breakItem.minecraft.stone_shovel":4,"stat.drop.minecraft.fish":133,"stat.craftItem.minecraft.bucket":5,"stat.craftItem.minecraft.planks":6356,"stat.useItem.minecraft.iron_sword":311,"stat.craftItem.minecraft.dirt":216,"stat.craftItem.minecraft.fishing_rod":5,"stat.pickup.minecraft.book":134,"stat.useItem.minecraft.stonebrick":850,"stat.craftItem.minecraft.wooden_door":3,"stat.drop.minecraft.leather_leggings":19,"stat.pickup.minecraft.iron_door":4,"stat.pickup.minecraft.cooked_fish":3,"stat.craftItem.minecraft.spruce_door":36,"stat.pickup.minecraft.tripwire_hook":3,"stat.craftItem.minecraft.jungle_boat":21,"stat.mineBlock.minecraft.cobblestone":5233,"stat.mineBlock.minecraft.pumpkin":5,"stat.pickup.minecraft.stone_pickaxe":4,"stat.pickup.minecraft.flint":215,"stat.pickup.minecraft.leather_chestplate":16,"stat.mineBlock.minecraft.concrete":186,"stat.pickup.minecraft.flower_pot":5,"stat.mineBlock.minecraft.stained_glass_pane":6,"stat.craftItem.minecraft.clock":2,"stat.drop.minecraft.cobblestone":991,"stat.pickup.minecraft.cooked_porkchop":7,"stat.breakItem.minecraft.iron_pickaxe":5,"stat.mineBlock.minecraft.dropper":1,"stat.pickup.minecraft.iron_boots":1,"stat.pickup.minecraft.stone_hoe":1,"stat.craftItem.minecraft.furnace":38,"stat.drop.minecraft.end_crystal":4,"stat.craftItem.minecraft.lapis_block":74,"stat.drop.minecraft.golden_helmet":1,"stat.useItem.minecraft.spruce_fence_gate":1,"stat.drop.minecraft.record_cat":1,"stat.mineBlock.minecraft.clay":230,"stat.pickup.minecraft.diamond_leggings":2,"stat.drop.minecraft.chainmail_chestplate":1,"stat.drop.minecraft.spider_eye":12,"stat.useItem.minecraft.wooden_slab":1086,"stat.useItem.minecraft.iron_door":4,"stat.craftItem.minecraft.iron_block":21,"stat.craftItem.minecraft.stonebrick":1273,"stat.drop.minecraft.flint_and_steel":1,"stat.drop.minecraft.wool":9,"stat.killEntity.Creeper":74,"stat.useItem.minecraft.armor_stand":17,"stat.breakItem.minecraft.iron_sword":1,"stat.pickup.minecraft.wooden_sword":5,"stat.craftItem.minecraft.jungle_stairs":60,"stat.entityKilledBy.Skeleton":1,"stat.killEntity.Squid":35,"stat.useItem.minecraft.dropper":1,"stat.sprintOneCm":13363865,"stat.mineBlock.minecraft.stone_slab":157,"stat.drop.minecraft.leather":2,"stat.drop.minecraft.dark_oak_door":5,"stat.drop.minecraft.stone_hoe":1,"stat.pickup.minecraft.leather_leggings":19,"stat.drop.minecraft.cobblestone_wall":5,"stat.pickup.minecraft.vine":699,"stat.craftItem.minecraft.leather_chestplate":8,"stat.useItem.minecraft.banner":39,"stat.drop.minecraft.golden_rail":247,"stat.craftItem.minecraft.emerald":40,"stat.pickup.minecraft.iron_block":54,"stat.killEntity.Zombie":183,"stat.craftItem.minecraft.dye":16474,"stat.craftItem.minecraft.diamond_axe":2,"stat.mineBlock.minecraft.gold_ore":156,"stat.drop.minecraft.diamond_pickaxe":1,"stat.pickup.minecraft.wheat":1319,"stat.mineBlock.minecraft.mossy_cobblestone":86,"stat.drop.minecraft.stone_stairs":7,"stat.pickup.minecraft.sign":81,"stat.craftItem.minecraft.cooked_porkchop":49,"stat.pickup.minecraft.obsidian":9,"stat.useItem.minecraft.iron_trapdoor":8,"stat.pickup.minecraft.coal":3119,"stat.pickup.minecraft.iron_ingot":167,"stat.useItem.minecraft.dark_oak_boat":8,"stat.craftItem.minecraft.lever":5,"stat.drop.minecraft.diamond_sword":8,"stat.pickup.minecraft.gunpowder":84,"stat.drop.minecraft.wooden_sword":2,"stat.pickup.minecraft.dirt":15111,"stat.drop.minecraft.jungle_door":2,"stat.useItem.minecraft.dispenser":7,"stat.mineBlock.minecraft.lapis_ore":95,"stat.pickup.minecraft.iron_axe":1,"stat.brewingstandInteraction":17,"stat.useItem.minecraft.stone_brick_stairs":89,"stat.mineBlock.minecraft.torch":484,"stat.mineBlock.minecraft.red_flower":70,"stat.tradedWithVillager":64,"stat.pickup.minecraft.ender_eye":3,"stat.noteblockTuned":1,"stat.craftItem.minecraft.glowstone":3,"stat.useItem.minecraft.birch_fence":16,"stat.pickup.minecraft.diamond_axe":5,"stat.mineBlock.minecraft.birch_fence":1,"stat.pickup.minecraft.green_shulker_box":9,"stat.drop.minecraft.item_frame":1,"stat.drop.minecraft.wheat":19,"stat.pickup.minecraft.diamond_pickaxe":7,"stat.useItem.minecraft.pumpkin":3,"stat.useItem.minecraft.lava_bucket":20,"stat.useItem.minecraft.gold_ore":2,"stat.drop.minecraft.netherrack":2052,"stat.useItem.minecraft.melon":8,"stat.useItem.minecraft.item_frame":16,"stat.useItem.minecraft.stained_hardened_clay":4,"stat.drop.minecraft.egg":11,"stat.useItem.minecraft.concrete":140,"stat.drop.minecraft.lever":31,"stat.craftItem.minecraft.cookie":48,"stat.pickup.minecraft.dark_oak_stairs":66,"stat.drop.minecraft.clock":1,"stat.mobKills":4916,"stat.pickup.minecraft.diamond_boots":3,"stat.mineBlock.minecraft.bookshelf":44,"stat.useItem.minecraft.boat":11,"stat.craftItem.minecraft.lead":2,"stat.useItem.minecraft.mossy_cobblestone":232,"stat.pickup.minecraft.diamond":164,"stat.pickup.minecraft.beetroot_seeds":18,"stat.craftItem.minecraft.spruce_stairs":312,"stat.craftItem.minecraft.map":8,"stat.breakItem.minecraft.stone_sword":1,"stat.useItem.minecraft.string":4,"stat.drop.minecraft.mutton":7,"stat.useItem.minecraft.bookshelf":45,"stat.useItem.minecraft.soul_sand":463,"stat.killEntity.Blaze":12,"stat.drop.minecraft.shield":3,"stat.drop.minecraft.skull":3,"stat.pickup.minecraft.golden_boots":17,"stat.pickup.minecraft.glowstone_dust":1,"stat.drop.minecraft.bowl":2,"stat.mineBlock.minecraft.white_shulker_box":196,"stat.mineBlock.minecraft.stone_brick_stairs":5,"stat.drop.minecraft.golden_leggings":4,"stat.craftItem.minecraft.lit_pumpkin":1,"stat.craftItem.minecraft.cobblestone_wall":156,"stat.craftItem.minecraft.stone_sword":2,"stat.pickup.minecraft.chainmail_chestplate":4,"stat.mineBlock.minecraft.sand":6152,"stat.hopperInspected":90,"stat.pickup.minecraft.ghast_tear":45,"stat.pickup.minecraft.armor_stand":6,"stat.trappedChestTriggered":12,"stat.drop.minecraft.rail":17,"stat.pickup.minecraft.wooden_button":30,"stat.drop.minecraft.purple_shulker_box":1,"stat.drop.minecraft.green_shulker_box":3,"stat.useItem.minecraft.minecart":6,"stat.useItem.minecraft.cooked_mutton":623,"stat.drop.minecraft.diamond_helmet":1,"stat.drop.minecraft.wooden_button":17,"stat.drop.minecraft.fishing_rod":3,"stat.pickup.minecraft.stone_stairs":70,"stat.drop.minecraft.fireworks":93,"stat.drop.minecraft.jungle_boat":2,"stat.pickup.minecraft.saddle":3,"stat.mineBlock.minecraft.soul_sand":475,"stat.mineBlock.minecraft.jungle_stairs":11,"stat.pickup.minecraft.mycelium":11,"stat.pickup.minecraft.blaze_rod":44,"stat.drop.minecraft.chest":1,"stat.drop.minecraft.white_shulker_box":5,"stat.useItem.minecraft.gray_glazed_terracotta":19,"stat.pickup.minecraft.netherrack":2888,"stat.pickup.minecraft.pumpkin":4,"stat.pickup.minecraft.spruce_door":20,"stat.pickup.minecraft.waterlily":7,"stat.craftItem.minecraft.redstone_torch":1,"stat.mineBlock.minecraft.gold_block":1,"stat.drop.minecraft.stone":332,"stat.useItem.minecraft.trapped_chest":1,"stat.drop.minecraft.gold_ore":4,"stat.pickup.minecraft.dropper":1,"stat.useItem.minecraft.black_shulker_box":3,"stat.pickup.minecraft.golden_leggings":14,"stat.pickup.minecraft.melon":8,"stat.dropperInspected":1,"stat.useItem.minecraft.golden_rail":293,"stat.drop.minecraft.bone":709,"stat.craftItem.minecraft.wooden_button":58,"stat.useItem.minecraft.furnace":56,"stat.pickup.minecraft.iron_leggings":2,"stat.mineBlock.minecraft.gravel":1038,"stat.breakItem.minecraft.stone_axe":1,"stat.useItem.minecraft.wool":46,"stat.drop.minecraft.reeds":1,"stat.craftItem.minecraft.gray_glazed_terracotta":24,"stat.pickup.minecraft.flint_and_steel":4,"stat.mineBlock.minecraft.green_shulker_box":6,"stat.useItem.minecraft.torch":2112,"stat.craftItem.minecraft.redstone_block":238,"stat.craftItem.minecraft.stone_stairs":408,"stat.pickup.minecraft.crafting_table":218,"stat.useItem.minecraft.log":3746,"stat.drop.minecraft.tallgrass":4,"stat.craftItem.minecraft.crafting_table":27,"stat.craftItem.minecraft.boat":5,"stat.drop.minecraft.sign":39,"stat.drop.minecraft.stonebrick":6,"stat.craftItem.minecraft.stone_button":38,"stat.drop.minecraft.planks":146,"stat.pickup.minecraft.web":32,"stat.pickup.minecraft.sapling":1498,"stat.drop.minecraft.gray_shulker_box":1,"stat.drop.minecraft.melon_seeds":2,"stat.useItem.minecraft.deadbush":8,"stat.drop.minecraft.bow":402,"stat.pickup.minecraft.beetroot":4,"stat.drop.minecraft.golden_chestplate":4,"stat.killEntity.WitherSkeleton":4,"stat.useItem.minecraft.wooden_pressure_plate":7,"stat.pickup.minecraft.golden_sword":2,"stat.craftItem.minecraft.sugar":1,"stat.drop.minecraft.bucket":1,"stat.craftItem.minecraft.spruce_fence_gate":1,"stat.pickup.minecraft.stone_slab":222,"stat.drop.minecraft.yellow_flower":34,"stat.pickup.minecraft.yellow_flower":83,"stat.drop.minecraft.ghast_tear":6,"stat.pickup.minecraft.golden_rail":540,"stat.drop.minecraft.wooden_axe":1,"stat.useItem.minecraft.fishing_rod":270,"stat.craftItem.minecraft.jungle_door":9,"stat.craftItem.minecraft.diamond_chestplate":1,"stat.drop.minecraft.stone_pickaxe":2,"stat.pickup.minecraft.bone":4561,"stat.craftItem.minecraft.sticky_piston":1,"stat.pickup.minecraft.redstone_torch":14,"stat.horseOneCm":64652,"stat.drop.minecraft.tripwire_hook":1,"stat.useItem.minecraft.log2":234,"stat.drop.minecraft.mossy_cobblestone":3,"stat.mineBlock.minecraft.black_shulker_box":4,"stat.mineBlock.minecraft.acacia_fence":3,"stat.useItem.minecraft.diamond_sword":3223,"stat.craftItem.minecraft.diamond_helmet":1,"stat.climbOneCm":930613,"stat.craftItem.minecraft.gold_block":9,"stat.enderchestOpened":4,"stat.useItem.minecraft.redstone_torch":1,"stat.drop.minecraft.quartz":875,"stat.pickup.minecraft.golden_helmet":8,"stat.useItem.minecraft.jungle_boat":15,"stat.useItem.minecraft.red_flower":33,"stat.craftItem.minecraft.bone_block":1221,"stat.useItem.minecraft.leaves2":34,"stat.pickup.minecraft.anvil":4,"stat.craftItem.minecraft.trapdoor":172,"stat.craftItem.minecraft.stone_pickaxe":33,"stat.pickup.minecraft.cobblestone":17896,"stat.pickup.minecraft.soul_sand":591,"stat.useItem.minecraft.cooked_beef":19,"stat.pickup.minecraft.cactus":114,"stat.pickup.minecraft.redstone":2691,"stat.craftItem.minecraft.dispenser":2,"stat.mineBlock.minecraft.iron_ore":843,"stat.craftItem.minecraft.book":23,"stat.drop.minecraft.name_tag":2,"stat.pickup.minecraft.mossy_cobblestone":51,"stat.drop.minecraft.coal":1,"stat.drop.minecraft.iron_bars":15,"stat.drop.minecraft.dirt":1358,"stat.useItem.minecraft.cooked_porkchop":6,"stat.pickup.minecraft.trapdoor":105,"stat.pickup.minecraft.carpet":40,"stat.pickup.minecraft.diamond_shovel":5,"stat.pickup.minecraft.jungle_stairs":23,"stat.useItem.minecraft.sea_lantern":6,"stat.useItem.minecraft.spruce_fence":186,"stat.craftItem.minecraft.stick":1056,"stat.craftItem.minecraft.stained_hardened_clay":24,"stat.craftItem.minecraft.gold_nugget":66,"stat.pickup.minecraft.grass":284,"stat.useItem.minecraft.stone_pressure_plate":12,"stat.drop.minecraft.leaves":1174,"stat.pickup.minecraft.golden_horse_armor":1,"stat.pickup.minecraft.diamond_chestplate":4,"stat.entityKilledBy.Creeper":2,"stat.drop.minecraft.tipped_arrow":56,"stat.breakItem.minecraft.shears":35,"stat.mineBlock.minecraft.planks":811,"stat.drop":1585,"stat.killEntity.Sheep":494,"stat.drop.minecraft.iron_boots":1,"stat.drop.minecraft.redstone_block":64,"stat.pickup.minecraft.golden_chestplate":14,"stat.drop.minecraft.bread":201,"stat.drop.minecraft.nether_wart":273,"stat.craftItem.minecraft.piston":1,"stat.killEntity.Slime":77,"stat.mineBlock.minecraft.anvil":3,"stat.pickup.minecraft.purple_shulker_box":81,"stat.useItem.minecraft.apple":69,"stat.mineBlock.minecraft.deadbush":73,"stat.drop.minecraft.chainmail_helmet":2,"stat.useItem.minecraft.porkchop":36,"stat.useItem.minecraft.carpet":70,"stat.useItem.minecraft.potion":5,"stat.useItem.minecraft.flower_pot":14,"stat.useItem.minecraft.stone_axe":96,"stat.craftItem.minecraft.rail":16,"stat.drop.minecraft.bed":1,"stat.drop.minecraft.glass":1,"stat.boatOneCm":6741842,"stat.craftItem.minecraft.flint_and_steel":2,"stat.mineBlock.minecraft.leaves2":1844,"stat.mineBlock.minecraft.stone_stairs":64,"stat.craftItem.minecraft.iron_bars":16,"stat.mineBlock.minecraft.furnace":23,"stat.pickup.minecraft.dark_oak_fence":7,"stat.drop.minecraft.stone_button":3,"stat.craftItem.minecraft.birch_fence":15,"stat.pickup.minecraft.stained_glass":6,"stat.damageDealt":196856,"stat.craftItem.minecraft.anvil":3,"stat.useItem.minecraft.crafting_table":237,"stat.pickup.minecraft.boat":7,"stat.craftItem.minecraft.stone_shovel":5,"stat.pickup.minecraft.stick":46,"stat.drop.minecraft.vine":2,"stat.breakItem.minecraft.stone_pickaxe":28,"stat.drop.minecraft.iron_block":49,"stat.craftItem.minecraft.diamond_boots":1,"stat.craftItem.minecraft.writable_book":1,"stat.drop.minecraft.leather_chestplate":21,"stat.useItem.minecraft.spruce_stairs":293,"stat.craftItem.minecraft.redstone":6,"stat.useItem.minecraft.cactus":41,"stat.killEntity.Chicken":52,"stat.drop.minecraft.crafting_table":3,"stat.useItem.minecraft.iron_block":17,"stat.mineBlock.minecraft.quartz_ore":59,"stat.pickup.minecraft.concrete_powder":29,"stat.drop.minecraft.filled_map":1,"stat.drop.minecraft.diamond_boots":1,"stat.craftItem.minecraft.jungle_fence":165,"stat.mineBlock.minecraft.leaves":19586,"stat.craftItem.minecraft.tripwire_hook":4,"stat.pickup.minecraft.wooden_slab":245,"stat.leaveGame":156,"stat.pickup.minecraft.jungle_fence":20,"stat.mineBlock.minecraft.sandstone":28,"stat.craftItem.minecraft.ender_eye":8,"stat.killEntity.PigZombie":70,"stat.craftItem.minecraft.shield":4,"stat.craftItem.minecraft.stone_pressure_plate":12,"stat.drop.minecraft.feather":10,"stat.pickup.minecraft.leaves2":34,"stat.mineBlock.minecraft.wooden_slab":200,"stat.pickup.minecraft.leather_boots":17,"stat.killEntity.Witch":7,"stat.drop.minecraft.sand":974,"stat.drop.minecraft.tnt":13,"stat.craftItem.minecraft.wooden_pickaxe":1,"stat.craftItem.minecraft.iron_door":3,"stat.useItem.minecraft.iron_shovel":252,"stat.drop.minecraft.cooked_mutton":52,"stat.craftItem.minecraft.bed":16,"stat.mineBlock.minecraft.vine":1683,"stat.mineBlock.minecraft.hopper":20,"stat.drop.minecraft.gravel":18,"stat.mineBlock.minecraft.rail":11,"stat.useItem.minecraft.pumpkin_seeds":1,"stat.killEntity.ZombieVillager":9,"stat.drop.minecraft.red_flower":19,"stat.useItem.minecraft.double_plant":8,"stat.pickup.minecraft.beef":104,"stat.pickup.minecraft.leather_helmet":17,"stat.useItem.minecraft.trapdoor":248,"stat.mineBlock.minecraft.stained_hardened_clay":4,"stat.useItem.minecraft.stained_glass":5,"stat.useItem.minecraft.dark_oak_door":76,"stat.pickup.minecraft.potion":7,"stat.useItem.minecraft.wooden_button":55,"stat.craftItem.minecraft.dropper":1,"stat.useItem.minecraft.dye":5011,"stat.useItem.minecraft.beef":1,"stat.mineBlock.minecraft.stone_pressure_plate":3,"stat.useItem.minecraft.nether_brick":1,"stat.drop.minecraft.torch":10,"stat.drop.minecraft.glass_bottle":1,"stat.mineBlock.minecraft.tallgrass":827,"stat.useItem.minecraft.splash_potion":2,"stat.useItem.minecraft.stone":1609,"stat.pickup.minecraft.arrow":4090,"stat.pickup.minecraft.wooden_pressure_plate":3,"stat.killEntity.Ghast":25,"stat.useItem.minecraft.white_shulker_box":197,"stat.useItem.minecraft.clay":9,"stat.mineBlock.minecraft.chest":33,"stat.pickup.minecraft.painting":41,"stat.mineBlock.minecraft.concrete_powder":25,"stat.mineBlock.minecraft.hardened_clay":2,"stat.craftItem.minecraft.hopper":22,"stat.pickup.minecraft.gray_shulker_box":1,"stat.useItem.minecraft.reeds":51,"stat.craftItem.minecraft.wooden_sword":1,"stat.craftItem.minecraft.diamond_shovel":10,"stat.pickup.minecraft.wheat_seeds":2814,"stat.drop.minecraft.spruce_fence":9,"stat.mineBlock.minecraft.glass":168,"stat.useItem.minecraft.enchanting_table":3,"stat.mineBlock.minecraft.dirt":15342,"stat.useItem.minecraft.bread":3,"stat.useItem.minecraft.cobblestone":8479,"stat.craftItem.minecraft.leather_boots":17,"stat.useItem.minecraft.gravel":24,"stat.mineBlock.minecraft.double_plant":24,"stat.minecartOneCm":1114688,"stat.breakItem.minecraft.golden_helmet":1,"stat.drop.minecraft.chicken":4,"stat.craftItem.minecraft.gold_ingot":154,"stat.pickup.minecraft.hopper":20,"stat.craftItem.minecraft.brewing_stand":1,"stat.useItem.minecraft.tallgrass":101,"stat.pickup.minecraft.apple":90,"stat.useItem.minecraft.fireworks":2,"stat.pickup.minecraft.banner":49,"stat.itemEnchanted":30,"stat.mineBlock.minecraft.log":6412,"stat.useItem.minecraft.wooden_door":3,"stat.useItem.minecraft.spruce_door":55,"stat.craftItem.minecraft.paper":294,"stat.pickup.minecraft.red_flower":91,"stat.pickup.minecraft.wool":532,"stat.useItem.minecraft.wooden_axe":38,"stat.drop.minecraft.grass":5,"stat.craftItem.minecraft.trapped_chest":1,"stat.craftItem.minecraft.diamond_leggings":1,"stat.useItem.minecraft.iron_axe":1909,"stat.mineBlock.minecraft.yellow_flower":63,"stat.useItem.minecraft.skull":15,"stat.craftItem.minecraft.wool":37,"stat.drop.minecraft.saddle":1,"stat.useItem.minecraft.concrete_powder":347,"stat.pickup.minecraft.enchanted_book":3,"stat.pickup.minecraft.sticky_piston":2,"stat.useItem.minecraft.obsidian":1,"stat.useItem.minecraft.cookie":41,"stat.pickup.minecraft.bow":305,"stat.craftItem.minecraft.dark_oak_door":36,"stat.useItem.minecraft.egg":8,"stat.pickup.minecraft.coal_ore":3,"stat.craftItem.minecraft.cooked_beef":101,"stat.mineBlock.minecraft.obsidian":5,"stat.pickup.minecraft.shears":5,"stat.craftItem.minecraft.bow":48,"stat.flyOneCm":15579983,"stat.pickup.minecraft.sandstone":18,"stat.pickup.minecraft.fish":276,"stat.craftItem.minecraft.stained_glass":48,"stat.timeSinceDeath":4522970,"stat.craftItem.minecraft.painting":10,"stat.cauldronFilled":3,"stat.killEntity.Bat":18,"stat.useItem.minecraft.potato":8,"stat.pickup.minecraft.chainmail_helmet":3,"stat.pickup.minecraft.nether_wart":82,"stat.pickup.minecraft.spruce_fence":30,"stat.mineBlock.minecraft.enchanting_table":2,"stat.craftItem.minecraft.concrete_powder":336,"stat.mineBlock.minecraft.coal_ore":1358,"stat.pickup.minecraft.shield":6,"stat.craftItem.minecraft.stone_hoe":7,"stat.talkedToVillager":281,"stat.pickup.minecraft.string":101,"stat.useItem.minecraft.written_book":4,"stat.useItem.minecraft.diamond_shovel":22617,"stat.mineBlock.minecraft.diamond_ore":90,"stat.pickup.minecraft.fireworks":193,"stat.drop.minecraft.lava_bucket":1,"stat.craftItem.minecraft.wooden_pressure_plate":4,"stat.useItem.minecraft.wooden_sword":12,"stat.breakItem.minecraft.iron_shovel":1,"stat.useItem.minecraft.ladder":11,"stat.diveOneCm":1566334,"stat.useItem.minecraft.sticky_piston":2,"stat.mineBlock.minecraft.stone_button":7,"stat.drop.minecraft.ladder":23,"stat.pickup.minecraft.stained_glass_pane":1,"stat.drop.minecraft.apple":2,"stat.craftItem.minecraft.diamond_sword":3,"stat.drop.minecraft.sandstone":5,"stat.jump":96850,"stat.useItem.minecraft.sand":110,"stat.pickup.minecraft.white_shulker_box":203,"stat.craftItem.minecraft.torch":1260,"stat.breakItem.minecraft.leather_chestplate":1,"stat.craftItem.minecraft.fermented_spider_eye":1,"stat.useItem.minecraft.glass":5535,"stat.useItem.minecraft.sapling":916,"stat.pickup.minecraft.gold_ore":172,"stat.damageTaken":16547,"stat.useItem.minecraft.end_crystal":4,"stat.mineBlock.minecraft.melon_block":2,"stat.mineBlock.minecraft.sapling":29,"stat.pickup.minecraft.log2":2037,"stat.useItem.minecraft.purple_shulker_box":77,"stat.pickup.minecraft.bed":73,"stat.cauldronUsed":4,"stat.pickup.minecraft.concrete":191,"stat.pickup.minecraft.acacia_fence":2,"stat.pickup.minecraft.potato":14,"stat.breakItem.minecraft.iron_leggings":1,"stat.craftItem.minecraft.stone_slab":1074,"stat.animalsBred":385,"stat.useItem.minecraft.chest":101,"stat.shulkerBoxOpened":759,"stat.craftItem.minecraft.iron_chestplate":1,"stat.drop.minecraft.potato":1,"stat.pickup.minecraft.ender_pearl":16,"stat.drop.minecraft.wooden_slab":36,"stat.breakItem.minecraft.stone_hoe":3,"stat.pickup.minecraft.ladder":40,"stat.useItem.minecraft.netherrack":400,"stat.craftItem.minecraft.stained_glass_pane":112,"stat.mineBlock.minecraft.tnt":9,"stat.craftItem.minecraft.bookshelf":38,"stat.useItem.minecraft.tripwire_hook":2,"stat.mineBlock.minecraft.stonebrick":147,"stat.drop.minecraft.cookie":7,"stat.mineBlock.minecraft.gray_glazed_terracotta":1,"stat.craftItem.minecraft.shears":52,"stat.useItem.minecraft.cobblestone_wall":166,"stat.breakItem.minecraft.diamond_shovel":1,"stat.drop.minecraft.spruce_stairs":37,"stat.useItem.minecraft.writable_book":3,"stat.pickup.minecraft.torch":1174,"stat.drop.minecraft.acacia_fence":1,"stat.drop.minecraft.diamond_shovel":1,"stat.drop.minecraft.arrow":4162,"stat.drop.minecraft.shears":3,"stat.craftItem.minecraft.compass":8,"stat.pickup.minecraft.jungle_boat":29,"stat.drop.minecraft.waterlily":4,"stat.pickup.minecraft.deadbush":68,"stat.craftItem.minecraft.iron_axe":8,"stat.killEntity.Ozelot":21,"stat.mineBlock.minecraft.purple_shulker_box":79,"stat.useItem.minecraft.mutton":1,"stat.drop.minecraft.trapdoor":23,"stat.pickup.minecraft.fishing_rod":2,"stat.useItem.minecraft.planks":2405,"stat.pickup.minecraft.porkchop":108,"stat.pickup.minecraft.glass":275,"stat.pickup.minecraft.blaze_powder":1,"stat.useItem.minecraft.water_bucket":367,"stat.pickup.minecraft.sand":7086,"stat.craftItem.minecraft.golden_apple":2,"stat.craftItem.minecraft.dark_oak_fence":57,"stat.pickup.minecraft.hardened_clay":3,"stat.pickup.minecraft.name_tag":3,"stat.drop.minecraft.hardened_clay":2,"stat.aviateOneCm":2436694,"stat.craftItem.minecraft.blaze_powder":26,"stat.drop.minecraft.golden_sword":2,"stat.craftItem.minecraft.hardened_clay":26,"stat.useItem.minecraft.oak_stairs":9,"stat.mineBlock.minecraft.dark_oak_stairs":60,"stat.useItem.minecraft.dark_oak_stairs":212,"stat.drop.minecraft.stone_slab":8,"stat.pickup.minecraft.filled_map":13,"stat.pickup.minecraft.furnace":23,"stat.useItem.minecraft.redstone":40,"stat.pickup.minecraft.iron_chestplate":1,"stat.useItem.minecraft.stone_stairs":446,"stat.pickup.minecraft.skull":28,"stat.drop.minecraft.wooden_hoe":1,"stat.useItem.minecraft.hopper":39,"stat.playOneMinute":10111455,"stat.drop.minecraft.string":48,"stat.useItem.minecraft.jungle_stairs":59,"stat.useItem.minecraft.shears":9949,"stat.pickup.minecraft.iron_bars":25,"stat.pickup.minecraft.dispenser":6,"stat.mineBlock.minecraft.dark_oak_fence":9,"stat.craftItem.minecraft.carpet":54,"stat.mineBlock.minecraft.netherrack":2814,"stat.mineBlock.minecraft.dispenser":8,"stat.craftItem.minecraft.dark_oak_stairs":168,"stat.drop.minecraft.flint":103,"stat.craftItem.minecraft.iron_nugget":21,"stat.pickup.minecraft.cooked_chicken":4,"stat.fallOneCm":1649684,"stat.drop.minecraft.dye":247,"stat.craftItem.minecraft.chest":97,"stat.craftItem.minecraft.banner":4,"stat.mineBlock.minecraft.lever":28,"stat.pickup.minecraft.red_mushroom":1,"stat.pickup.minecraft.feather":105,"stat.drop.minecraft.concrete":8,"stat.mineBlock.minecraft.spruce_fence":31,"stat.pickup.minecraft.lead":2,"stat.useItem.minecraft.stone_pickaxe":3901,"stat.useItem.minecraft.stone_sword":128,"stat.craftItem.minecraft.oak_stairs":12,"stat.pickup.minecraft.chainmail_boots":5,"stat.drop.minecraft.stick":28,"stat.useItem.minecraft.iron_bars":4,"stat.killEntity.LavaSlime":33,"stat.pickup.minecraft.log":6339,"stat.mineBlock.minecraft.golden_rail":484,"stat.pickup.minecraft.tallgrass":171,"stat.pickup.minecraft.chainmail_leggings":2,"stat.entityKilledBy.Enderman":1,"stat.mineBlock.minecraft.iron_block":54,"stat.mineBlock.minecraft.tripwire_hook":2,"stat.pickup.minecraft.diamond_helmet":2,"stat.useItem.minecraft.jungle_door":12,"stat.craftItem.minecraft.cooked_chicken":42,"stat.useItem.minecraft.stone_hoe":602,"stat.craftItem.minecraft.flower_pot":9,"stat.useItem.minecraft.beetroot_seeds":11,"stat.sneakTime":1839392,"stat.mineBlock.minecraft.cobblestone_wall":28,"stat.useItem.minecraft.brewing_stand":1,"stat.pickup.minecraft.chest":33,"stat.craftItem.minecraft.enchanting_table":1,"stat.useItem.minecraft.web":23,"stat.craftItem.minecraft.leather_leggings":15,"stat.pickup.minecraft.stone_pressure_plate":3,"stat.pickup.minecraft.lit_pumpkin":1,"stat.drop.minecraft.leather_helmet":16,"stat.craftItem.minecraft.stone_brick_stairs":88,"stat.craftItem.minecraft.iron_trapdoor":8,"stat.swimOneCm":2711895,"stat.mineBlock.minecraft.spruce_stairs":43,"stat.drop.minecraft.brown_mushroom":6,"stat.useItem.minecraft.dirt":12723,"stat.pickup.minecraft.enchanting_table":2,"stat.drop.minecraft.ender_pearl":3,"stat.mineBlock.minecraft.carpet":33,"stat.pickup.minecraft.gold_block":1,"stat.useItem.minecraft.stone_shovel":569,"stat.pickup.minecraft.clay":3,"stat.pickup.minecraft.glass_bottle":3,"stat.drop.minecraft.wheat_seeds":328,"stat.craftItem.minecraft.wooden_slab":1008,"stat.useItem.minecraft.sign":70,"stat.drop.minecraft.log":65,"stat.pickup.minecraft.mutton":1068,"stat.useItem.minecraft.lever":18,"stat.pickup.minecraft.wooden_axe":1,"stat.pickup.minecraft.dark_oak_door":51,"stat.drop.minecraft.golden_boots":5,"stat.pickup.minecraft.stonebrick":148,"stat.drop.minecraft.mycelium":1,"stat.mineBlock.minecraft.nether_brick":2,"stat.drop.minecraft.log2":7,"stat.pickup.minecraft.gray_glazed_terracotta":1,"stat.useItem.minecraft.stone_slab":1123,"stat.craftItem.minecraft.jungle_fence_gate":3,"stat.useItem.minecraft.bed":85,"stat.craftItem.minecraft.stone":1933,"stat.craftItem.minecraft.armor_stand":15,"stat.mineBlock.minecraft.crafting_table":215,"stat.useItem.minecraft.diamond_pickaxe":28281,"stat.useItem.minecraft.carrot":5,"stat.killEntity.Endermite":1,"stat.useItem.minecraft.bucket":391,"stat.pickup.minecraft.stone_button":10,"stat.pickup.minecraft.slime_ball":138,"stat.drop.minecraft.blaze_rod":1,"stat.craftItem.minecraft.diamond_pickaxe":6,"stat.craftItem.minecraft.clay":208,"stat.drop.minecraft.wooden_pickaxe":2,"stat.pickup.minecraft.gravel":938,"stat.useItem.minecraft.glass_bottle":4,"stat.useItem.minecraft.diamond_axe":14232,"stat.useItem.minecraft.stained_glass_pane":83,"stat.drop.minecraft.cooked_porkchop":14,"stat.pickup.minecraft.stone_brick_stairs":5,"stat.pickup.minecraft.diamond_sword":14,"stat.pickup.minecraft.black_shulker_box":4,"stat.craftItem.minecraft.bread":178,"stat.pickup.minecraft.spider_eye":21,"stat.useItem.minecraft.stone_button":44,"stat.useItem.minecraft.cooked_chicken":6,"stat.craftItem.minecraft.end_crystal":8,"stat.pickup.minecraft.iron_ore":919,"stat.mineBlock.minecraft.iron_bars":3,"stat.pickup.minecraft.leaves":11690,"stat.pickup.minecraft.leather":80,"stat.useItem.minecraft.wooden_pickaxe":20,"stat.dispenserInspected":26,"stat.mineBlock.minecraft.mycelium":47,"stat.pickup.minecraft.reeds":466,"stat.pickup.minecraft.prismarine_crystals":3,"stat.craftItem.minecraft.glass":140,"stat.craftItem.minecraft.cauldron":2,"stat.sleepInBed":444,"stat.killEntity.Cow":38,"stat.pickup.minecraft.minecart":7,"stat.killEntity.Pig":35,"stat.craftItem.minecraft.iron_sword":3,"stat.breakItem.minecraft.fishing_rod":1,"stat.walkOneCm":29468807,"stat.playerKills":2,"stat.pickup.minecraft.clay_ball":896,"stat.drop.minecraft.diamond_axe":1,"stat.pickup.minecraft.tnt":41,"stat.pickup.minecraft.stone":3410,"stat.mineBlock.minecraft.wool":16,"stat.drop.minecraft.diamond_leggings":1,"stat.useItem.minecraft.leaves":3406,"stat.craftItem.minecraft.minecart":5,"stat.pickup.minecraft.gold_ingot":2,"stat.killEntity.Skeleton":3534,"stat.mineBlock.minecraft.cactus":38,"stat.drop.minecraft.chainmail_boots":2,"stat.killEntity.Spider":33,"stat.pickup.minecraft.bread":24,"stat.craftItem.minecraft.spruce_fence":174,"stat.pickup.minecraft.quartz":308,"stat.pickup.minecraft.birch_fence":1,"stat.pickup.minecraft.water_bucket":2,"stat.breakItem.minecraft.iron_axe":7,"stat.pickup.minecraft.spruce_stairs":67,"stat.mineBlock.minecraft.redstone_ore":537,"stat.pickup.minecraft.elytra":5,"stat.craftItem.minecraft.coal_block":174,"stat.drop.minecraft.beef":2,"stat.craftItem.minecraft.brick":39,"stat.mineBlock.minecraft.stone":17407,"stat.useItem.minecraft.sandstone":12}