{"stat.craftItem.minecraft.chorus_fruit_popped":36,"stat.useItem.minecraft.bow":2186,"stat.craftItem.minecraft.acacia_boat":3,"stat.useItem.minecraft.quartz_block":818,"stat.useItem.minecraft.painting":31,"stat.drop.minecraft.gunpowder":10974,"stat.drop.minecraft.redstone":281,"stat.pickup.minecraft.dark_oak_boat":2,"stat.mineBlock.minecraft.stained_glass":6095,"stat.drop.minecraft.enchanted_book":11,"stat.mineBlock.minecraft.web":651,"stat.drop.minecraft.coal_block":7,"stat.drop.minecraft.iron_sword":29,"stat.pickup.minecraft.rotten_flesh":30796,"stat.drop.minecraft.redstone_torch":24,"stat.mineBlock.minecraft.purpur_stairs":121,"stat.drop.minecraft.golden_horse_armor":3,"stat.killEntity.Donkey":34,"stat.craftItem.minecraft.stone_axe":1,"stat.drop.minecraft.leather_boots":96,"stat.useItem.minecraft.vine":4,"stat.pickup.minecraft.cobblestone_wall":380,"stat.pickup.minecraft.bucket":11,"stat.useItem.minecraft.rail":2095,"stat.killEntity.Enderman":25880,"stat.drop.minecraft.elytra":7,"stat.pickup.minecraft.record_ward":2,"stat.useItem.minecraft.anvil":62,"stat.craftItem.minecraft.iron_shovel":2,"stat.pickup.minecraft.brown_mushroom":979,"stat.mineBlock.minecraft.end_stone":135,"stat.killEntity.Villager":268,"stat.useItem.minecraft.iron_pickaxe":3252,"stat.pickup.minecraft.stained_hardened_clay":2906,"stat.drop.minecraft.ender_eye":1,"stat.pickup.minecraft.double_plant":4439,"stat.craftItem.minecraft.glass_pane":64,"stat.useItem.minecraft.hardened_clay":6,"stat.drop.minecraft.diamond_chestplate":1,"stat.pickup.minecraft.light_weighted_pressure_plate":1,"stat.mineBlock.minecraft.sticky_piston":159,"stat.pickup.minecraft.wooden_shovel":2,"stat.furnaceInteraction":2170,"stat.useItem.minecraft.nether_wart":337,"stat.useItem.minecraft.golden_carrot":317,"stat.mineBlock.minecraft.chorus_plant":16,"stat.pickup.minecraft.nether_brick":956,"stat.drop.minecraft.chorus_fruit":8,"stat.entityKilledBy.WitherSkeleton":1,"stat.pickup.minecraft.sponge":53,"stat.useItem.minecraft.green_shulker_box":193,"stat.useItem.minecraft.end_stone":128,"stat.mineBlock.minecraft.wooden_button":33,"stat.drop.minecraft.cactus":3194,"stat.drop.minecraft.light_weighted_pressure_plate":1,"stat.craftItem.minecraft.golden_leggings":3,"stat.pickup.minecraft.cyan_shulker_box":195,"stat.drop.minecraft.magma":31,"stat.useItem.minecraft.fence":247,"stat.drop.minecraft.furnace":41,"stat.drop.minecraft.golden_axe":1,"stat.useItem.minecraft.acacia_fence":66,"stat.craftItem.minecraft.daylight_detector":1,"stat.mineBlock.minecraft.sponge":47,"stat.useItem.minecraft.cauldron":13,"stat.useItem.minecraft.flint_and_steel":490,"stat.mineBlock.minecraft.fence":634,"stat.useItem.minecraft.wheat_seeds":308,"stat.mineBlock.minecraft.sea_lantern":38,"stat.drop.minecraft.nether_brick_stairs":3,"stat.drop.minecraft.cooked_fish":225,"stat.killEntity.Husk":55,"stat.pickup.minecraft.emerald":16,"stat.craftItem.minecraft.dark_oak_boat":2,"stat.pickup.minecraft.lever":40,"stat.deaths":26,"stat.pickup.minecraft.bowl":15,"stat.pickup.minecraft.egg":74,"stat.mineBlock.minecraft.brown_shulker_box":374,"stat.craftItem.minecraft.item_frame":44,"stat.craftItem.minecraft.wooden_shovel":6,"stat.craftItem.minecraft.iron_pickaxe":15,"stat.pickup.minecraft.glass_pane":9,"stat.pickup.minecraft.item_frame":50,"stat.pickup.minecraft.sea_lantern":119,"stat.craftItem.minecraft.repeater":530,"stat.drop.minecraft.iron_ingot":97,"stat.mineBlock.minecraft.light_weighted_pressure_plate":1,"stat.craftItem.minecraft.cooked_mutton":52,"stat.fishCaught":10545,"stat.pickup.minecraft.cooked_mutton":260,"stat.chestOpened":16695,"stat.useItem.minecraft.lapis_ore":1,"stat.craftItem.minecraft.sign":566,"stat.useItem.minecraft.jungle_fence":11,"stat.pickup.minecraft.iron_sword":39,"stat.pickup.minecraft.lapis_ore":4,"stat.craftItem.minecraft.quartz_block":836,"stat.pickup.minecraft.gold_nugget":1009,"stat.drop.minecraft.banner":39,"stat.pickup.minecraft.chorus_flower":1,"stat.craftItem.minecraft.coal":4347,"stat.drop.minecraft.dark_oak_stairs":8,"stat.craftItem.minecraft.ender_chest":14,"stat.pickup.minecraft.carrot":1577,"stat.drop.minecraft.stone_sword":45,"stat.crouchOneCm":4779178,"stat.pickup.minecraft.rail":2492,"stat.craftItem.minecraft.diamond":9,"stat.craftItem.minecraft.iron_ingot":11619,"stat.pickup.minecraft.ender_chest":298,"stat.drop.minecraft.slime_ball":297,"stat.craftingTableInteraction":2374,"stat.mineBlock.minecraft.wooden_pressure_plate":4,"stat.useItem.minecraft.light_blue_shulker_box":166,"stat.pickup.minecraft.repeater":428,"stat.drop.minecraft.double_plant":68,"stat.mineBlock.minecraft.log2":3302,"stat.useItem.minecraft.dark_oak_fence":8,"stat.drop.minecraft.rabbit":33,"stat.pickup.minecraft.dye":13724,"stat.pickup.minecraft.planks":2615,"stat.drop.minecraft.minecart":39,"stat.drop.minecraft.soul_sand":72,"stat.drop.minecraft.carpet":285,"stat.mineBlock.minecraft.ender_chest":296,"stat.pickup.minecraft.ice":1508,"stat.mineBlock.minecraft.daylight_detector":4,"stat.drop.minecraft.rotten_flesh":6872,"stat.pickup.minecraft.magma":643,"stat.mineBlock.minecraft.activator_rail":3,"stat.drop.minecraft.coal_ore":167,"stat.drop.minecraft.iron_door":3,"stat.drop.minecraft.glass_pane":2,"stat.drop.minecraft.iron_ore":225,"stat.useItem.minecraft.yellow_flower":1,"stat.drop.minecraft.sapling":473,"stat.pickup.minecraft.chicken":67,"stat.drop.minecraft.gold_nugget":127,"stat.pickup.minecraft.tipped_arrow":52,"stat.drop.minecraft.blue_shulker_box":1,"stat.useItem.minecraft.glass_pane":63,"stat.pickup.minecraft.end_stone":133,"stat.pickup.minecraft.coal_block":159,"stat.drop.minecraft.fish":510,"stat.drop.minecraft.trapped_chest":6,"stat.craftItem.minecraft.bucket":58,"stat.craftItem.minecraft.planks":41029,"stat.useItem.minecraft.iron_sword":215,"stat.craftItem.minecraft.dirt":1284,"stat.mineBlock.minecraft.prismarine":286,"stat.pickup.minecraft.stone_sword":52,"stat.useItem.minecraft.daylight_detector":4,"stat.pickup.minecraft.book":187,"stat.useItem.minecraft.stonebrick":10680,"stat.craftItem.minecraft.wooden_door":66,"stat.mineBlock.minecraft.waterlily":79,"stat.pickup.minecraft.iron_door":60,"stat.drop.minecraft.leather_leggings":62,"stat.pickup.minecraft.red_nether_brick":406,"stat.pickup.minecraft.cooked_fish":1214,"stat.craftItem.minecraft.spruce_door":156,"stat.pickup.minecraft.tripwire_hook":80,"stat.drop.minecraft.observer":1,"stat.drop.minecraft.lapis_ore":1,"stat.pickup.minecraft.bookshelf":12,"stat.pickup.minecraft.spruce_fence_gate":4,"stat.drop.minecraft.cyan_shulker_box":1,"stat.mineBlock.minecraft.cobblestone":5769,"stat.mineBlock.minecraft.pumpkin":88,"stat.useItem.minecraft.beacon":24,"stat.pickup.minecraft.stone_pickaxe":5,"stat.pickup.minecraft.flint":1358,"stat.craftItem.minecraft.quartz_stairs":80,"stat.pickup.minecraft.leather_chestplate":80,"stat.mineBlock.minecraft.concrete":72072,"stat.pickup.minecraft.flower_pot":1,"stat.mineBlock.minecraft.stained_glass_pane":877,"stat.drop.minecraft.purpur_slab":9,"stat.drop.minecraft.end_bricks":160,"stat.pickup.minecraft.lime_shulker_box":578,"stat.drop.minecraft.cobblestone":46129,"stat.pickup.minecraft.cooked_porkchop":162,"stat.useItem.minecraft.coal_block":39,"stat.breakItem.minecraft.iron_pickaxe":9,"stat.mineBlock.minecraft.dropper":71,"stat.pickup.minecraft.iron_boots":8,"stat.pickup.minecraft.stone_hoe":2,"stat.craftItem.minecraft.furnace":396,"stat.craftItem.minecraft.lapis_block":97,"stat.drop.minecraft.daylight_detector":1,"stat.drop.minecraft.golden_helmet":84,"stat.craftItem.minecraft.iron_boots":6,"stat.useItem.minecraft.spruce_fence_gate":26,"stat.mineBlock.minecraft.clay":86,"stat.mineBlock.minecraft.noteblock":18,"stat.pickup.minecraft.diamond_leggings":19,"stat.drop.minecraft.iron_helmet":10,"stat.drop.minecraft.chainmail_chestplate":23,"stat.useItem.minecraft.melon_block":1,"stat.drop.minecraft.spider_eye":94,"stat.useItem.minecraft.wooden_slab":1757,"stat.craftItem.minecraft.beacon":10,"stat.useItem.minecraft.iron_door":17,"stat.craftItem.minecraft.iron_block":772,"stat.craftItem.minecraft.stonebrick":10315,"stat.useItem.minecraft.brown_shulker_box":391,"stat.breakItem.minecraft.diamond_pickaxe":9,"stat.craftItem.minecraft.end_rod":76,"stat.drop.minecraft.stained_glass":1535,"stat.drop.minecraft.flint_and_steel":14,"stat.drop.minecraft.magenta_shulker_box":1,"stat.drop.minecraft.wool":1662,"stat.killEntity.Creeper":267,"stat.useItem.minecraft.armor_stand":113,"stat.breakItem.minecraft.iron_sword":1,"stat.useItem.minecraft.silver_shulker_box":366,"stat.drop.minecraft.ender_chest":1,"stat.pickup.minecraft.brown_shulker_box":381,"stat.entityKilledBy.Skeleton":3,"stat.drop.minecraft.obsidian":75,"stat.drop.minecraft.oak_stairs":3,"stat.pickup.minecraft.birch_stairs":2,"stat.killEntity.Squid":337,"stat.useItem.minecraft.dropper":111,"stat.sprintOneCm":125878561,"stat.useItem.minecraft.diamond_block":4,"stat.mineBlock.minecraft.stone_slab":1687,"stat.drop.minecraft.leather":485,"stat.drop.minecraft.dark_oak_door":4,"stat.drop.minecraft.stone_hoe":4,"stat.useItem.minecraft.snowball":121,"stat.pickup.minecraft.leather_leggings":68,"stat.craftItem.minecraft.redstone_lamp":22,"stat.drop.minecraft.boat":3,"stat.drop.minecraft.cobblestone_wall":430,"stat.pickup.minecraft.sugar":9,"stat.pickup.minecraft.vine":21,"stat.craftItem.minecraft.leather_chestplate":35,"stat.useItem.minecraft.banner":221,"stat.drop.minecraft.golden_rail":212,"stat.craftItem.minecraft.emerald":2338,"stat.pickup.minecraft.iron_block":1576,"stat.killEntity.Zombie":9470,"stat.craftItem.minecraft.dye":45947,"stat.craftItem.minecraft.diamond_axe":16,"stat.mineBlock.minecraft.gold_ore":697,"stat.pickup.minecraft.fire_charge":54,"stat.drop.minecraft.diamond_pickaxe":16,"stat.craftItem.minecraft.slime_ball":126,"stat.pickup.minecraft.wheat":343,"stat.craftItem.minecraft.sandstone":81,"stat.mineBlock.minecraft.mossy_cobblestone":659,"stat.drop.minecraft.stone_stairs":61,"stat.drop.minecraft.purpur_stairs":104,"stat.pickup.minecraft.sign":204,"stat.drop.minecraft.black_shulker_box":3,"stat.drop.minecraft.bookshelf":11,"stat.craftItem.minecraft.cooked_porkchop":184,"stat.pickup.minecraft.obsidian":595,"stat.useItem.minecraft.heavy_weighted_pressure_plate":12,"stat.useItem.minecraft.iron_trapdoor":52,"stat.pickup.minecraft.coal":16674,"stat.pickup.minecraft.iron_ingot":811,"stat.useItem.minecraft.dark_oak_boat":5,"stat.craftItem.minecraft.lever":51,"stat.drop.minecraft.diamond_sword":21,"stat.pickup.minecraft.gunpowder":9538,"stat.pickup.minecraft.dirt":68077,"stat.useItem.minecraft.coal_ore":611,"stat.drop.minecraft.iron_shovel":58,"stat.useItem.minecraft.light_weighted_pressure_plate":1,"stat.useItem.minecraft.dispenser":110,"stat.mineBlock.minecraft.lapis_ore":266,"stat.pickup.minecraft.iron_axe":9,"stat.pickup.minecraft.cookie":45,"stat.drop.minecraft.acacia_boat":2,"stat.brewingstandInteraction":140,"stat.useItem.minecraft.stone_brick_stairs":289,"stat.mineBlock.minecraft.red_flower":68,"stat.mineBlock.minecraft.torch":1365,"stat.pickup.minecraft.written_book":16,"stat.tradedWithVillager":2772,"stat.pickup.minecraft.magma_cream":205,"stat.noteblockTuned":816056,"stat.pickup.minecraft.ender_eye":81,"stat.craftItem.minecraft.comparator":310,"stat.craftItem.minecraft.sea_lantern":1,"stat.craftItem.minecraft.glowstone":501,"stat.useItem.minecraft.slime":731,"stat.useItem.minecraft.birch_fence":1,"stat.mineBlock.minecraft.fence_gate":4,"stat.pickup.minecraft.diamond_axe":25,"stat.pickup.minecraft.rabbit_hide":42,"stat.useItem.minecraft.snow_layer":36,"stat.pickup.minecraft.shulker_shell":1168,"stat.mineBlock.minecraft.birch_fence":1,"stat.pickup.minecraft.green_shulker_box":194,"stat.drop.minecraft.item_frame":1,"stat.drop.minecraft.wheat":18,"stat.drop.minecraft.noteblock":4,"stat.pickup.minecraft.diamond_pickaxe":55,"stat.useItem.minecraft.pumpkin":31,"stat.pickup.minecraft.noteblock":19,"stat.useItem.minecraft.tnt":768,"stat.useItem.minecraft.lava_bucket":24,"stat.useItem.minecraft.gold_ore":8,"stat.pickup.minecraft.rabbit_foot":6,"stat.drop.minecraft.netherrack":32808,"stat.drop.minecraft.birch_stairs":4,"stat.pickup.minecraft.red_mushroom_block":3643,"stat.useItem.minecraft.melon":5,"stat.craftItem.minecraft.wheat":27,"stat.useItem.minecraft.item_frame":53,"stat.useItem.minecraft.stained_hardened_clay":5000,"stat.drop.minecraft.egg":52,"stat.useItem.minecraft.redstone_ore":15,"stat.pickup.minecraft.cooked_beef":382,"stat.useItem.minecraft.concrete":65021,"stat.killEntity.Stray":7,"stat.drop.minecraft.lit_pumpkin":1,"stat.drop.minecraft.nether_brick":1,"stat.breakItem.minecraft.golden_axe":1,"stat.drop.minecraft.lever":19,"stat.mineBlock.minecraft.purpur_slab":37,"stat.pickup.minecraft.dark_oak_stairs":14,"stat.mobKills":64768,"stat.pickup.minecraft.diamond_boots":25,"stat.mineBlock.minecraft.bookshelf":61,"stat.drop.minecraft.written_book":4,"stat.useItem.minecraft.boat":44,"stat.useItem.minecraft.mossy_cobblestone":114,"stat.craftItem.minecraft.lead":2,"stat.pickup.minecraft.diamond":585,"stat.pickup.minecraft.beetroot_seeds":41,"stat.pickup.minecraft.brown_mushroom_block":3338,"stat.craftItem.minecraft.spruce_stairs":44,"stat.craftItem.minecraft.map":16,"stat.useItem.minecraft.string":103,"stat.drop.minecraft.mutton":56,"stat.useItem.minecraft.bookshelf":75,"stat.useItem.minecraft.soul_sand":233,"stat.killEntity.Blaze":2158,"stat.drop.minecraft.shield":8,"stat.drop.minecraft.skull":26,"stat.useItem.minecraft.gray_shulker_box":381,"stat.pickup.minecraft.golden_boots":111,"stat.pickup.minecraft.glowstone_dust":702,"stat.drop.minecraft.bowl":18,"stat.drop.minecraft.wooden_door":38,"stat.mineBlock.minecraft.white_shulker_box":358,"stat.mineBlock.minecraft.red_mushroom":9,"stat.mineBlock.minecraft.stone_brick_stairs":148,"stat.mineBlock.minecraft.nether_brick_fence":20,"stat.useItem.minecraft.golden_sword":7,"stat.drop.minecraft.golden_leggings":105,"stat.pickup.minecraft.observer":109,"stat.craftItem.minecraft.fire_charge":211,"stat.craftItem.minecraft.lit_pumpkin":28,"stat.craftItem.minecraft.cobblestone_wall":1698,"stat.craftItem.minecraft.stone_sword":9,"stat.mineBlock.minecraft.snow_layer":294,"stat.pickup.minecraft.chainmail_chestplate":27,"stat.mineBlock.minecraft.sand":112565,"stat.craftItem.minecraft.wooden_hoe":1,"stat.craftItem.minecraft.slime":34,"stat.hopperInspected":2641,"stat.useItem.minecraft.fence_gate":12,"stat.drop.minecraft.diamond":1,"stat.pickup.minecraft.packed_ice":2464,"stat.breakItem.minecraft.flint_and_steel":2,"stat.pickup.minecraft.ghast_tear":114,"stat.pickup.minecraft.armor_stand":87,"stat.trappedChestTriggered":1849,"stat.mineBlock.minecraft.gray_shulker_box":365,"stat.drop.minecraft.rail":357,"stat.drop.minecraft.spruce_door":16,"stat.craftItem.minecraft.observer":200,"stat.pickup.minecraft.wooden_button":58,"stat.drop.minecraft.purple_shulker_box":65,"stat.drop.minecraft.green_shulker_box":1,"stat.drop.minecraft.wooden_pressure_plate":3,"stat.useItem.minecraft.minecart":281,"stat.useItem.minecraft.cooked_mutton":386,"stat.drop.minecraft.stained_hardened_clay":161,"stat.drop.minecraft.diamond_helmet":7,"stat.drop.minecraft.wooden_button":14,"stat.drop.minecraft.fishing_rod":12,"stat.drop.minecraft.pumpkin_seeds":10,"stat.drop.minecraft.prismarine_shard":40,"stat.killEntity.Horse":9,"stat.pickup.minecraft.stone_stairs":206,"stat.craftItem.minecraft.fence_gate":8,"stat.pickup.minecraft.pumpkin_seeds":21,"stat.drop.minecraft.fireworks":1468,"stat.pickup.minecraft.golden_carrot":13,"stat.drop.minecraft.iron_horse_armor":1,"stat.drop.minecraft.snowball":217,"stat.pickup.minecraft.saddle":99,"stat.mineBlock.minecraft.soul_sand":877,"stat.pickup.minecraft.mycelium":14382,"stat.pickup.minecraft.blaze_rod":443,"stat.craftItem.minecraft.diamond_block":21,"stat.drop.minecraft.chest":242,"stat.drop.minecraft.white_shulker_box":4,"stat.pickup.minecraft.netherrack":157741,"stat.pickup.minecraft.pumpkin":267,"stat.pickup.minecraft.spruce_door":154,"stat.drop.minecraft.detector_rail":2,"stat.drop.minecraft.packed_ice":193,"stat.drop.minecraft.red_mushroom_block":705,"stat.pickup.minecraft.waterlily":183,"stat.mineBlock.minecraft.ice":1709,"stat.craftItem.minecraft.redstone_torch":2432,"stat.pickup.minecraft.detector_rail":90,"stat.useItem.minecraft.packed_ice":365,"stat.mineBlock.minecraft.gold_block":78,"stat.craftItem.minecraft.iron_hoe":1,"stat.drop.minecraft.stone":43890,"stat.useItem.minecraft.trapped_chest":494,"stat.pickup.minecraft.melon_seeds":12,"stat.drop.minecraft.gold_ore":31,"stat.pickup.minecraft.dropper":101,"stat.useItem.minecraft.black_shulker_box":285,"stat.drop.minecraft.book":6,"stat.pickup.minecraft.golden_leggings":116,"stat.pickup.minecraft.melon":8,"stat.drop.minecraft.stained_glass_pane":305,"stat.dropperInspected":582,"stat.mineBlock.minecraft.nether_wart_block":39,"stat.pickup.minecraft.heavy_weighted_pressure_plate":9,"stat.pickup.minecraft.emerald_ore":3,"stat.useItem.minecraft.golden_rail":3669,"stat.craftItem.minecraft.detector_rail":66,"stat.drop.minecraft.bone":1293,"stat.craftItem.minecraft.wooden_button":99,"stat.useItem.minecraft.furnace":421,"stat.pickup.minecraft.slime":673,"stat.pickup.minecraft.iron_leggings":17,"stat.killEntity.Llama":38,"stat.mineBlock.minecraft.snow":177,"stat.mineBlock.minecraft.gravel":77684,"stat.drop.minecraft.fence_gate":2,"stat.mineBlock.minecraft.beacon":13,"stat.useItem.minecraft.wool":3865,"stat.drop.minecraft.reeds":5930,"stat.drop.minecraft.iron_axe":1,"stat.pickup.minecraft.flint_and_steel":13,"stat.mineBlock.minecraft.green_shulker_box":181,"stat.useItem.minecraft.torch":10805,"stat.pickup.minecraft.golden_apple":16,"stat.pickup.minecraft.iron_nugget":14,"stat.craftItem.minecraft.redstone_block":774,"stat.drop.minecraft.diamond_horse_armor":1,"stat.craftItem.minecraft.stone_stairs":800,"stat.pickup.minecraft.crafting_table":140,"stat.useItem.minecraft.log":1013,"stat.useItem.minecraft.comparator":378,"stat.drop.minecraft.tallgrass":10,"stat.craftItem.minecraft.crafting_table":197,"stat.drop.minecraft.end_stone":3,"stat.craftItem.minecraft.boat":19,"stat.mineBlock.minecraft.emerald_ore":3,"stat.pickup.minecraft.redstone_block":280,"stat.useItem.minecraft.cooked_fish":3079,"stat.drop.minecraft.sign":121,"stat.useItem.minecraft.nether_wart_block":76,"stat.drop.minecraft.stonebrick":878,"stat.craftItem.minecraft.stone_button":1968,"stat.drop.minecraft.planks":1068,"stat.pickup.minecraft.web":504,"stat.pickup.minecraft.sapling":1715,"stat.drop.minecraft.gray_shulker_box":6,"stat.drop.minecraft.melon_seeds":6,"stat.drop.minecraft.bow":112,"stat.drop.minecraft.golden_chestplate":69,"stat.killEntity.WitherSkeleton":579,"stat.useItem.minecraft.wooden_pressure_plate":12,"stat.pickup.minecraft.golden_sword":190,"stat.craftItem.minecraft.sugar":1,"stat.pickup.minecraft.rabbit":33,"stat.mineBlock.minecraft.orange_shulker_box":169,"stat.drop.minecraft.bucket":9,"stat.craftItem.minecraft.spruce_fence_gate":35,"stat.useItem.minecraft.baked_potato":420,"stat.drop.minecraft.yellow_flower":23,"stat.pickup.minecraft.stone_slab":2749,"stat.pickup.minecraft.yellow_flower":59,"stat.drop.minecraft.ghast_tear":2,"stat.pickup.minecraft.golden_rail":5393,"stat.useItem.minecraft.fishing_rod":14140,"stat.drop.minecraft.stone_pickaxe":4,"stat.craftItem.minecraft.diamond_chestplate":2,"stat.pickup.minecraft.bone":2639,"stat.useItem.minecraft.mushroom_stew":8,"stat.craftItem.minecraft.sticky_piston":151,"stat.pickup.minecraft.redstone_torch":612,"stat.horseOneCm":835220,"stat.drop.minecraft.tripwire_hook":13,"stat.useItem.minecraft.log2":2371,"stat.drop.minecraft.glowstone_dust":62,"stat.mineBlock.minecraft.slime":647,"stat.drop.minecraft.red_mushroom":367,"stat.drop.minecraft.mossy_cobblestone":139,"stat.mineBlock.minecraft.black_shulker_box":275,"stat.drop.minecraft.prismarine_crystals":7,"stat.mineBlock.minecraft.brown_mushroom":295,"stat.mineBlock.minecraft.acacia_fence":21,"stat.useItem.minecraft.diamond_sword":25991,"stat.craftItem.minecraft.diamond_helmet":5,"stat.climbOneCm":1557462,"stat.useItem.minecraft.end_rod":134,"stat.craftItem.minecraft.gold_block":189,"stat.enderchestOpened":4011,"stat.useItem.minecraft.redstone_torch":890,"stat.pickup.minecraft.golden_helmet":88,"stat.drop.minecraft.quartz":69,"stat.craftItem.minecraft.purple_shulker_box":413,"stat.drop.minecraft.brick":2,"stat.useItem.minecraft.jungle_boat":10,"stat.useItem.minecraft.red_flower":5,"stat.drop.minecraft.web":35,"stat.pickup.minecraft.daylight_detector":5,"stat.useItem.minecraft.magenta_shulker_box":59,"stat.craftItem.minecraft.bone_block":664,"stat.pickup.minecraft.anvil":38,"stat.useItem.minecraft.iron_ore":4,"stat.craftItem.minecraft.trapdoor":1576,"stat.craftItem.minecraft.stone_pickaxe":8,"stat.pickup.minecraft.cobblestone":116892,"stat.drop.minecraft.rabbit_hide":42,"stat.craftItem.minecraft.glass_bottle":234,"stat.pickup.minecraft.soul_sand":892,"stat.craftItem.minecraft.golden_axe":3,"stat.useItem.minecraft.cooked_beef":1975,"stat.pickup.minecraft.cactus":3619,"stat.pickup.minecraft.dragon_egg":27,"stat.pickup.minecraft.redstone":12359,"stat.craftItem.minecraft.dispenser":101,"stat.pickup.minecraft.acacia_boat":6,"stat.mineBlock.minecraft.iron_ore":5570,"stat.craftItem.minecraft.book":251,"stat.drop.minecraft.name_tag":3,"stat.pickup.minecraft.mossy_cobblestone":783,"stat.useItem.minecraft.noteblock":51,"stat.drop.minecraft.coal":277,"stat.drop.minecraft.iron_bars":2,"stat.drop.minecraft.dirt":19987,"stat.useItem.minecraft.cooked_porkchop":374,"stat.pickup.minecraft.iron_shovel":62,"stat.pickup.minecraft.trapdoor":157,"stat.pickup.minecraft.carpet":3046,"stat.pickup.minecraft.diamond_shovel":36,"stat.craftItem.minecraft.acacia_fence":132,"stat.useItem.minecraft.chest_minecart":31,"stat.mineBlock.minecraft.lime_shulker_box":569,"stat.useItem.minecraft.sea_lantern":105,"stat.craftItem.minecraft.snow_layer":36,"stat.pickup.minecraft.silver_shulker_box":355,"stat.pickup.minecraft.nether_star":12,"stat.useItem.minecraft.spruce_fence":75,"stat.craftItem.minecraft.chest_minecart":31,"stat.pickup.minecraft.paper":1029,"stat.craftItem.minecraft.stick":9919,"stat.craftItem.minecraft.stained_hardened_clay":4208,"stat.craftItem.minecraft.gold_nugget":2377,"stat.pickup.minecraft.grass":6587,"stat.useItem.minecraft.stone_pressure_plate":37,"stat.drop.minecraft.leaves":337,"stat.pickup.minecraft.golden_horse_armor":9,"stat.drop.minecraft.dispenser":13,"stat.pickup.minecraft.diamond_chestplate":4,"stat.drop.minecraft.tipped_arrow":7,"stat.breakItem.minecraft.shears":18,"stat.pickup.minecraft.blue_shulker_box":111,"stat.mineBlock.minecraft.planks":2020,"stat.drop":10574,"stat.killEntity.Sheep":158,"stat.drop.minecraft.iron_boots":3,"stat.drop.minecraft.redstone_block":61,"stat.pickup.minecraft.golden_chestplate":73,"stat.drop.minecraft.bread":76,"stat.pickup.minecraft.purpur_pillar":158,"stat.drop.minecraft.nether_wart":68,"stat.craftItem.minecraft.piston":165,"stat.useItem.minecraft.quartz_stairs":171,"stat.drop.minecraft.cooked_beef":65,"stat.killEntity.Slime":472,"stat.mineBlock.minecraft.anvil":34,"stat.useItem.minecraft.lime_shulker_box":581,"stat.pickup.minecraft.purple_shulker_box":687,"stat.useItem.minecraft.waterlily":1,"stat.useItem.minecraft.apple":21,"stat.mineBlock.minecraft.deadbush":16,"stat.drop.minecraft.chainmail_helmet":21,"stat.useItem.minecraft.porkchop":3,"stat.useItem.minecraft.carpet":8509,"stat.useItem.minecraft.potion":58,"stat.mineBlock.minecraft.purpur_pillar":164,"stat.useItem.minecraft.flower_pot":1,"stat.pickup.minecraft.fence":663,"stat.craftItem.minecraft.iron_helmet":5,"stat.drop.minecraft.piston":3,"stat.craftItem.minecraft.rail":640,"stat.drop.minecraft.bed":2,"stat.drop.minecraft.glass":410,"stat.boatOneCm":8766196,"stat.drop.minecraft.magma_cream":56,"stat.craftItem.minecraft.flint_and_steel":20,"stat.useItem.minecraft.redstone_lamp":105,"stat.mineBlock.minecraft.leaves2":767,"stat.mineBlock.minecraft.stone_stairs":178,"stat.craftItem.minecraft.iron_bars":480,"stat.mineBlock.minecraft.furnace":118,"stat.pickup.minecraft.dark_oak_fence":1,"stat.drop.minecraft.stone_button":238,"stat.pickup.minecraft.prismarine_shard":324,"stat.drop.minecraft.water_bucket":1,"stat.killEntity.CaveSpider":31,"stat.craftItem.minecraft.netherbrick":492,"stat.pickup.minecraft.oak_stairs":66,"stat.pickup.minecraft.stained_glass":5671,"stat.damageDealt":1778035,"stat.drop.minecraft.rabbit_foot":3,"stat.craftItem.minecraft.bowl":8,"stat.craftItem.minecraft.anvil":31,"stat.mineBlock.minecraft.nether_brick_stairs":12,"stat.pickup.minecraft.end_bricks":637,"stat.useItem.minecraft.crafting_table":268,"stat.drop.minecraft.silver_shulker_box":1,"stat.pickup.minecraft.boat":30,"stat.pickup.minecraft.stick":837,"stat.breakItem.minecraft.stone_pickaxe":1,"stat.drop.minecraft.iron_block":169,"stat.craftItem.minecraft.diamond_boots":6,"stat.craftItem.minecraft.writable_book":6,"stat.useItem.minecraft.redstone_block":360,"stat.drop.minecraft.leather_chestplate":74,"stat.useItem.minecraft.spruce_stairs":53,"stat.craftItem.minecraft.redstone":4497,"stat.useItem.minecraft.cactus":319,"stat.pickup.minecraft.chorus_fruit":150,"stat.craftItem.minecraft.red_nether_brick":826,"stat.drop.minecraft.purpur_block":135,"stat.killEntity.Chicken":66,"stat.drop.minecraft.crafting_table":28,"stat.useItem.minecraft.iron_block":3282,"stat.drop.minecraft.yellow_shulker_box":7,"stat.mineBlock.minecraft.quartz_ore":3109,"stat.pickup.minecraft.concrete_powder":38068,"stat.craftItem.minecraft.tnt":836,"stat.drop.minecraft.diamond_boots":7,"stat.pickup.minecraft.dragon_breath":5,"stat.craftItem.minecraft.fence":297,"stat.craftItem.minecraft.jungle_fence":12,"stat.useItem.minecraft.golden_apple":19,"stat.mineBlock.minecraft.leaves":2973,"stat.mineBlock.minecraft.piston":139,"stat.mineBlock.minecraft.bone_block":170,"stat.craftItem.minecraft.tripwire_hook":390,"stat.beaconInteraction":43,"stat.pickup.minecraft.wooden_slab":399,"stat.leaveGame":639,"stat.killEntity.Parrot":1,"stat.useItem.minecraft.glowstone":248,"stat.mineBlock.minecraft.sandstone":471,"stat.craftItem.minecraft.ender_eye":109,"stat.breakItem.minecraft.wooden_sword":3,"stat.killEntity.PigZombie":375,"stat.craftItem.minecraft.shield":17,"stat.craftItem.minecraft.stone_pressure_plate":95,"stat.drop.minecraft.feather":25,"stat.pickup.minecraft.leaves2":4,"stat.useItem.minecraft.activator_rail":3,"stat.useItem.minecraft.birch_boat":3,"stat.craftItem.minecraft.noteblock":48,"stat.mineBlock.minecraft.wooden_slab":350,"stat.pickup.minecraft.leather_boots":102,"stat.killEntity.Witch":25,"stat.drop.minecraft.sand":2265,"stat.killEntity.MushroomCow":522,"stat.drop.minecraft.gold_ingot":234,"stat.drop.minecraft.tnt":172,"stat.craftItem.minecraft.wooden_pickaxe":3,"stat.craftItem.minecraft.iron_door":9,"stat.useItem.minecraft.iron_shovel":192,"stat.drop.minecraft.chainmail_leggings":21,"stat.drop.minecraft.cooked_mutton":74,"stat.craftItem.minecraft.bed":35,"stat.drop.minecraft.wooden_shovel":5,"stat.mineBlock.minecraft.hopper":509,"stat.mineBlock.minecraft.vine":53,"stat.pickup.minecraft.melon_block":9,"stat.drop.minecraft.gravel":1383,"stat.mineBlock.minecraft.rail":1523,"stat.useItem.minecraft.pumpkin_seeds":3,"stat.killEntity.ZombieVillager":20,"stat.noteblockPlayed":101,"stat.drop.minecraft.red_flower":48,"stat.useItem.minecraft.double_plant":84,"stat.pickup.minecraft.prismarine":276,"stat.pickup.minecraft.beef":1872,"stat.pickup.minecraft.leather_helmet":68,"stat.pickup.minecraft.cauldron":3,"stat.useItem.minecraft.trapdoor":1358,"stat.mineBlock.minecraft.stained_hardened_clay":2948,"stat.useItem.minecraft.blue_shulker_box":116,"stat.useItem.minecraft.stained_glass":35026,"stat.craftItem.minecraft.prismarine":384,"stat.drop.minecraft.stone_pressure_plate":14,"stat.useItem.minecraft.dark_oak_door":1,"stat.useItem.minecraft.ice":419,"stat.pickup.minecraft.magenta_shulker_box":51,"stat.pickup.minecraft.potion":70,"stat.useItem.minecraft.wooden_button":90,"stat.craftItem.minecraft.dropper":70,"stat.useItem.minecraft.dye":7492,"stat.useItem.minecraft.beef":10,"stat.mineBlock.minecraft.stone_pressure_plate":8,"stat.useItem.minecraft.nether_brick":409,"stat.drop.minecraft.torch":592,"stat.drop.minecraft.glass_bottle":72,"stat.mineBlock.minecraft.tallgrass":2105,"stat.useItem.minecraft.splash_potion":2,"stat.drop.minecraft.quartz_ore":12,"stat.craftItem.minecraft.light_weighted_pressure_plate":1,"stat.useItem.minecraft.stone":21472,"stat.pickup.minecraft.arrow":2335,"stat.pickup.minecraft.wooden_pressure_plate":4,"stat.killEntity.Ghast":107,"stat.useItem.minecraft.ender_chest":300,"stat.useItem.minecraft.white_shulker_box":372,"stat.drop.minecraft.iron_pickaxe":7,"stat.mineBlock.minecraft.chest":501,"stat.pickup.minecraft.painting":30,"stat.drop.minecraft.melon_block":1,"stat.mineBlock.minecraft.concrete_powder":32072,"stat.mineBlock.minecraft.hardened_clay":9487,"stat.craftItem.minecraft.hopper":1416,"stat.drop.minecraft.concrete_powder":2081,"stat.pickup.minecraft.gray_shulker_box":378,"stat.pickup.minecraft.nether_brick_fence":22,"stat.pickup.minecraft.yellow_shulker_box":392,"stat.pickup.minecraft.orange_shulker_box":172,"stat.useItem.minecraft.reeds":491,"stat.pickup.minecraft.birch_boat":3,"stat.craftItem.minecraft.wooden_sword":6,"stat.craftItem.minecraft.diamond_shovel":13,"stat.pickup.minecraft.wheat_seeds":1137,"stat.mineBlock.minecraft.glass":269,"stat.drop.minecraft.spruce_fence":15,"stat.useItem.minecraft.enchanting_table":2,"stat.pickup.minecraft.pink_shulker_box":235,"stat.mineBlock.minecraft.dirt":76514,"stat.pickup.minecraft.poisonous_potato":1,"stat.drop.minecraft.paper":1081,"stat.useItem.minecraft.bread":205,"stat.pickup.minecraft.brewing_stand":9,"stat.drop.minecraft.porkchop":28,"stat.pickup.minecraft.light_blue_shulker_box":162,"stat.useItem.minecraft.cobblestone":20509,"stat.useItem.minecraft.gravel":2212,"stat.mineBlock.minecraft.double_plant":150,"stat.minecartOneCm":5104938,"stat.drop.minecraft.chicken":47,"stat.pickup.minecraft.iron_pickaxe":6,"stat.drop.minecraft.carrot":1505,"stat.mineBlock.minecraft.end_rod":163,"stat.craftItem.minecraft.gold_ingot":1839,"stat.pickup.minecraft.hopper":538,"stat.mineBlock.minecraft.silver_shulker_box":351,"stat.craftItem.minecraft.brewing_stand":4,"stat.pickup.minecraft.apple":85,"stat.useItem.minecraft.fireworks":162,"stat.pickup.minecraft.banner":108,"stat.killEntity.ElderGuardian":6,"stat.itemEnchanted":120,"stat.useItem.minecraft.acacia_boat":7,"stat.mineBlock.minecraft.log":10748,"stat.mineBlock.minecraft.heavy_weighted_pressure_plate":7,"stat.useItem.minecraft.wooden_door":45,"stat.useItem.minecraft.spruce_door":201,"stat.craftItem.minecraft.paper":25192,"stat.pickup.minecraft.red_flower":454,"stat.pickup.minecraft.wool":7222,"stat.useItem.minecraft.chorus_fruit":13,"stat.useItem.minecraft.wooden_axe":40,"stat.drop.minecraft.grass":1792,"stat.craftItem.minecraft.trapped_chest":352,"stat.pickup.minecraft.trapped_chest":137,"stat.drop.minecraft.pumpkin":14,"stat.craftItem.minecraft.diamond_leggings":6,"stat.useItem.minecraft.iron_axe":129,"stat.craftItem.minecraft.tnt_minecart":10,"stat.mineBlock.minecraft.yellow_flower":55,"stat.useItem.minecraft.skull":95,"stat.craftItem.minecraft.wool":20807,"stat.drop.minecraft.saddle":59,"stat.useItem.minecraft.snow":31,"stat.useItem.minecraft.concrete_powder":139600,"stat.pickup.minecraft.enchanted_book":54,"stat.pickup.minecraft.glowstone":39,"stat.pickup.minecraft.writable_book":1,"stat.craftItem.minecraft.arrow":552,"stat.useItem.minecraft.obsidian":238,"stat.pickup.minecraft.sticky_piston":182,"stat.useItem.minecraft.cookie":4,"stat.pickup.minecraft.bow":157,"stat.craftItem.minecraft.dark_oak_door":3,"stat.drop.minecraft.birch_boat":1,"stat.mineBlock.minecraft.detector_rail":65,"stat.useItem.minecraft.egg":15,"stat.craftItem.minecraft.spruce_boat":47,"stat.pickup.minecraft.nether_wart_block":42,"stat.pickup.minecraft.coal_ore":693,"stat.craftItem.minecraft.cooked_beef":151,"stat.mineBlock.minecraft.obsidian":526,"stat.pickup.minecraft.shears":5,"stat.craftItem.minecraft.bow":123,"stat.pickup.minecraft.iron_trapdoor":21,"stat.flyOneCm":169561701,"stat.pickup.minecraft.sandstone":481,"stat.pickup.minecraft.nether_brick_stairs":10,"stat.pickup.minecraft.fish":1474,"stat.craftItem.minecraft.stained_glass":35696,"stat.craftItem.minecraft.emerald_block":21,"stat.timeSinceDeath":7755107,"stat.pickup.minecraft.quartz_ore":383,"stat.craftItem.minecraft.painting":2,"stat.drop.minecraft.repeater":5,"stat.killEntity.Bat":69,"stat.drop.minecraft.blaze_powder":2,"stat.useItem.minecraft.potato":248,"stat.pickup.minecraft.chainmail_helmet":23,"stat.pickup.minecraft.nether_wart":1241,"stat.mineBlock.minecraft.enchanting_table":2,"stat.pickup.minecraft.spruce_fence":52,"stat.craftItem.minecraft.concrete_powder":129104,"stat.killEntity.Wolf":5,"stat.mineBlock.minecraft.coal_ore":7889,"stat.pickup.minecraft.shield":9,"stat.talkedToVillager":2215,"stat.craftItem.minecraft.stone_hoe":6,"stat.drop.minecraft.baked_potato":157,"stat.mineBlock.minecraft.red_mushroom_block":5585,"stat.pickup.minecraft.string":3166,"stat.mineBlock.minecraft.ladder":166,"stat.useItem.minecraft.milk_bucket":1,"stat.useItem.minecraft.written_book":15,"stat.mineBlock.minecraft.chorus_flower":1,"stat.useItem.minecraft.dragon_egg":26,"stat.useItem.minecraft.diamond_shovel":327067,"stat.craftItem.minecraft.wooden_axe":2,"stat.pickup.minecraft.bone_block":164,"stat.mineBlock.minecraft.diamond_ore":266,"stat.pickup.minecraft.fireworks":1598,"stat.useItem.minecraft.brown_mushroom_block":223,"stat.craftItem.minecraft.wooden_pressure_plate":36,"stat.craftItem.minecraft.golden_sword":2,"stat.useItem.minecraft.wooden_sword":192,"stat.useItem.minecraft.ladder":613,"stat.useItem.minecraft.diamond_ore":5,"stat.drop.minecraft.purpur_pillar":44,"stat.useItem.minecraft.cyan_shulker_box":197,"stat.pickup.minecraft.snowball":1211,"stat.killEntity.Guardian":293,"stat.diveOneCm":12200079,"stat.useItem.minecraft.sticky_piston":267,"stat.craftItem.minecraft.ladder":735,"stat.mineBlock.minecraft.stone_button":100,"stat.drop.minecraft.ladder":132,"stat.useItem.minecraft.tnt_minecart":10,"stat.pickup.minecraft.stained_glass_pane":407,"stat.useItem.minecraft.rotten_flesh":14,"stat.drop.minecraft.apple":53,"stat.craftItem.minecraft.diamond_sword":13,"stat.mineBlock.minecraft.blue_shulker_box":107,"stat.drop.minecraft.sandstone":240,"stat.jump":574472,"stat.useItem.minecraft.sand":1161,"stat.pickup.minecraft.white_shulker_box":368,"stat.mineBlock.minecraft.observer":111,"stat.craftItem.minecraft.torch":8216,"stat.drop.minecraft.glowstone":3,"stat.craftItem.minecraft.fermented_spider_eye":1,"stat.mineBlock.minecraft.purpur_block":426,"stat.mineBlock.minecraft.spruce_fence_gate":4,"stat.useItem.minecraft.glass":928,"stat.pickup.minecraft.gold_ore":818,"stat.useItem.minecraft.sapling":654,"stat.mineBlock.minecraft.glass_pane":72,"stat.damageTaken":246316,"stat.useItem.minecraft.red_shulker_box":874,"stat.useItem.minecraft.end_crystal":4,"stat.mineBlock.minecraft.melon_block":10,"stat.useItem.minecraft.gold_block":169,"stat.mineBlock.minecraft.sapling":32,"stat.pickup.minecraft.log2":3381,"stat.useItem.minecraft.purple_shulker_box":634,"stat.pickup.minecraft.bed":71,"stat.drop.minecraft.nether_brick_fence":7,"stat.pickup.minecraft.concrete":73432,"stat.pickup.minecraft.acacia_fence":48,"stat.pickup.minecraft.quartz_block":331,"stat.pickup.minecraft.potato":1652,"stat.killEntity.Shulker":527,"stat.entityKilledBy.Zombie":3,"stat.entityKilledBy.LavaSlime":2,"stat.craftItem.minecraft.stone_slab":14418,"stat.animalsBred":9,"stat.useItem.minecraft.chest":1069,"stat.mineBlock.minecraft.light_blue_shulker_box":157,"stat.useItem.minecraft.observer":273,"stat.shulkerBoxOpened":29820,"stat.drop.minecraft.orange_shulker_box":1,"stat.craftItem.minecraft.iron_chestplate":6,"stat.pickup.minecraft.baked_potato":116,"stat.drop.minecraft.potato":2568,"stat.pickup.minecraft.ender_pearl":8826,"stat.drop.minecraft.wooden_slab":56,"stat.pickup.minecraft.ladder":405,"stat.useItem.minecraft.netherrack":9584,"stat.craftItem.minecraft.stained_glass_pane":1776,"stat.mineBlock.minecraft.tnt":86,"stat.craftItem.minecraft.bookshelf":88,"stat.useItem.minecraft.tripwire_hook":23,"stat.mineBlock.minecraft.stonebrick":4598,"stat.drop.minecraft.dragon_breath":5,"stat.drop.minecraft.cookie":12,"stat.mineBlock.minecraft.glowstone":239,"stat.craftItem.minecraft.shears":32,"stat.useItem.minecraft.cobblestone_wall":1206,"stat.pickup.minecraft.iron_horse_armor":6,"stat.breakItem.minecraft.diamond_shovel":6,"stat.useItem.minecraft.writable_book":17,"stat.drop.minecraft.spruce_stairs":192,"stat.pickup.minecraft.torch":4090,"stat.drop.minecraft.acacia_fence":54,"stat.drop.minecraft.diamond_shovel":8,"stat.pickup.minecraft.spruce_boat":33,"stat.drop.minecraft.stone_axe":1,"stat.useItem.minecraft.purpur_slab":8,"stat.drop.minecraft.arrow":1980,"stat.drop.minecraft.shears":9,"stat.craftItem.minecraft.compass":16,"stat.pickup.minecraft.jungle_boat":10,"stat.useItem.minecraft.end_bricks":213,"stat.drop.minecraft.armor_stand":7,"stat.drop.minecraft.waterlily":4,"stat.craftItem.minecraft.iron_axe":5,"stat.killEntity.Ozelot":14,"stat.mineBlock.minecraft.purple_shulker_box":608,"stat.pickup.minecraft.lapis_block":17,"stat.drop.minecraft.red_nether_brick":73,"stat.useItem.minecraft.mutton":2,"stat.drop.minecraft.trapdoor":31,"stat.pickup.minecraft.fishing_rod":49,"stat.useItem.minecraft.planks":1932,"stat.pickup.minecraft.porkchop":260,"stat.pickup.minecraft.glass":944,"stat.pickup.minecraft.blaze_powder":36,"stat.drop.minecraft.melon":5,"stat.useItem.minecraft.pink_shulker_box":228,"stat.useItem.minecraft.water_bucket":268,"stat.pickup.minecraft.sand":114181,"stat.craftItem.minecraft.dark_oak_fence":12,"stat.entityKilledBy.Spider":1,"stat.pickup.minecraft.hardened_clay":9391,"stat.useItem.minecraft.red_nether_brick":1080,"stat.pickup.minecraft.name_tag":43,"stat.drop.minecraft.hardened_clay":19,"stat.pickup.minecraft.activator_rail":8,"stat.aviateOneCm":458940428,"stat.useItem.minecraft.ender_pearl":2434,"stat.craftItem.minecraft.cooked_fish":1348,"stat.craftItem.minecraft.blaze_powder":204,"stat.drop.minecraft.golden_sword":578,"stat.useItem.minecraft.oak_stairs":144,"stat.craftItem.minecraft.golden_carrot":328,"stat.mineBlock.minecraft.dark_oak_stairs":13,"stat.useItem.minecraft.dark_oak_stairs":10,"stat.drop.minecraft.stone_slab":916,"stat.pickup.minecraft.fence_gate":6,"stat.mineBlock.minecraft.birch_stairs":2,"stat.pickup.minecraft.filled_map":62,"stat.pickup.minecraft.furnace":171,"stat.useItem.minecraft.redstone":2484,"stat.mineBlock.minecraft.end_bricks":656,"stat.mineBlock.minecraft.redstone_lamp":99,"stat.pickup.minecraft.iron_chestplate":12,"stat.pickup.minecraft.end_rod":180,"stat.pickup.minecraft.skull":272,"stat.useItem.minecraft.stone_stairs":809,"stat.craftItem.minecraft.nether_wart_block":61,"stat.mineBlock.minecraft.red_shulker_box":870,"stat.useItem.minecraft.hopper":1903,"stat.craftItem.minecraft.heavy_weighted_pressure_plate":4,"stat.mineBlock.minecraft.oak_stairs":71,"stat.drop.minecraft.golden_carrot":1,"stat.playOneMinute":56042428,"stat.pickup.minecraft.birch_door":2,"stat.drop.minecraft.string":778,"stat.pickup.minecraft.diamond_block":4,"stat.useItem.minecraft.shears":5140,"stat.mineBlock.minecraft.brown_mushroom_block":4052,"stat.pickup.minecraft.beacon":13,"stat.pickup.minecraft.iron_bars":87,"stat.pickup.minecraft.dispenser":52,"stat.drop.minecraft.ice":53,"stat.mineBlock.minecraft.dark_oak_fence":1,"stat.craftItem.minecraft.carpet":7728,"stat.mineBlock.minecraft.netherrack":169347,"stat.mineBlock.minecraft.dispenser":37,"stat.craftItem.minecraft.dark_oak_stairs":4,"stat.drop.minecraft.flint":1022,"stat.craftItem.minecraft.golden_rail":474,"stat.useItem.minecraft.quartz_ore":395,"stat.craftItem.minecraft.iron_nugget":9,"stat.pickup.minecraft.cooked_chicken":69,"stat.fallOneCm":13334272,"stat.drop.minecraft.brown_mushroom_block":1213,"stat.drop.minecraft.dye":3734,"stat.craftItem.minecraft.chest":2876,"stat.craftItem.minecraft.banner":337,"stat.mineBlock.minecraft.lever":27,"stat.pickup.minecraft.red_mushroom":527,"stat.useItem.minecraft.iron_hoe":26,"stat.pickup.minecraft.comparator":171,"stat.drop.minecraft.leaves2":1,"stat.pickup.minecraft.feather":231,"stat.drop.minecraft.iron_leggings":9,"stat.pickup.minecraft.record_cat":1,"stat.mineBlock.minecraft.red_nether_brick":372,"stat.drop.minecraft.concrete":1855,"stat.mineBlock.minecraft.spruce_fence":42,"stat.useItem.minecraft.yellow_shulker_box":405,"stat.pickup.minecraft.lead":4,"stat.useItem.minecraft.stone_pickaxe":227,"stat.useItem.minecraft.stone_sword":106,"stat.craftItem.minecraft.iron_leggings":6,"stat.useItem.minecraft.orange_shulker_box":177,"stat.killEntity.Rabbit":16,"stat.pickup.minecraft.redstone_ore":25,"stat.craftItem.minecraft.oak_stairs":212,"stat.pickup.minecraft.chainmail_boots":35,"stat.craftItem.minecraft.golden_pickaxe":3,"stat.drop.minecraft.stick":748,"stat.pickup.minecraft.record_13":5,"stat.useItem.minecraft.iron_bars":455,"stat.mineBlock.minecraft.quartz_stairs":111,"stat.useItem.minecraft.bone_block":418,"stat.drop.minecraft.stone_brick_stairs":54,"stat.drop.minecraft.light_blue_shulker_box":1,"stat.mineBlock.minecraft.pink_shulker_box":220,"stat.killEntity.LavaSlime":956,"stat.pickup.minecraft.log":11876,"stat.mineBlock.minecraft.golden_rail":881,"stat.craftItem.minecraft.hopper_minecart":33,"stat.pickup.minecraft.tallgrass":10,"stat.breakItem.minecraft.iron_helmet":1,"stat.pickup.minecraft.chainmail_leggings":24,"stat.pickup.minecraft.wooden_door":17,"stat.entityKilledBy.Enderman":1,"stat.mineBlock.minecraft.iron_block":1445,"stat.drop.minecraft.clay":5,"stat.mineBlock.minecraft.tripwire_hook":16,"stat.craftItem.minecraft.snow":228,"stat.pickup.minecraft.diamond_helmet":27,"stat.drop.minecraft.dropper":10,"stat.useItem.minecraft.stone_hoe":53,"stat.sneakTime":1303574,"stat.mineBlock.minecraft.cobblestone_wall":306,"stat.mineBlock.minecraft.yellow_shulker_box":382,"stat.useItem.minecraft.brewing_stand":13,"stat.pickup.minecraft.chest":861,"stat.useItem.minecraft.web":60,"stat.drop.minecraft.sugar":3,"stat.drop.minecraft.red_shulker_box":4,"stat.pickup.minecraft.stone_pressure_plate":10,"stat.pickup.minecraft.lit_pumpkin":3,"stat.useItem.minecraft.repeater":844,"stat.drop.minecraft.leather_helmet":53,"stat.craftItem.minecraft.stone_brick_stairs":284,"stat.drop.minecraft.iron_nugget":14,"stat.craftItem.minecraft.iron_trapdoor":44,"stat.swimOneCm":3640204,"stat.mineBlock.minecraft.diamond_block":4,"stat.mineBlock.minecraft.spruce_stairs":191,"stat.drop.minecraft.brown_mushroom":694,"stat.useItem.minecraft.dirt":29823,"stat.pickup.minecraft.purpur_block":444,"stat.pickup.minecraft.enchanting_table":2,"stat.drop.minecraft.iron_trapdoor":6,"stat.useItem.minecraft.detector_rail":104,"stat.craftItem.minecraft.melon_block":42,"stat.drop.minecraft.ender_pearl":6631,"stat.useItem.minecraft.golden_pickaxe":15,"stat.mineBlock.minecraft.magma":560,"stat.pickup.minecraft.quartz_stairs":122,"stat.mineBlock.minecraft.carpet":2759,"stat.drop.minecraft.fence":446,"stat.pickup.minecraft.gold_block":80,"stat.mineBlock.minecraft.redstone_block":88,"stat.pickup.minecraft.clay":39,"stat.pickup.minecraft.glass_bottle":10,"stat.useItem.minecraft.red_mushroom":5,"stat.drop.minecraft.wheat_seeds":644,"stat.craftItem.minecraft.wooden_slab":2008,"stat.useItem.minecraft.sign":525,"stat.drop.minecraft.log":188,"stat.pickup.minecraft.mutton":196,"stat.drop.minecraft.activator_rail":2,"stat.useItem.minecraft.lever":44,"stat.pickup.minecraft.wooden_axe":1,"stat.mineBlock.minecraft.coal_block":11,"stat.pickup.minecraft.dark_oak_door":2,"stat.drop.minecraft.golden_boots":101,"stat.pickup.minecraft.stonebrick":5068,"stat.drop.minecraft.mycelium":7159,"stat.pickup.minecraft.redstone_lamp":99,"stat.drop.minecraft.beetroot_seeds":38,"stat.mineBlock.minecraft.nether_brick":746,"stat.useItem.minecraft.purpur_pillar":36,"stat.drop.minecraft.log2":1,"stat.useItem.minecraft.golden_axe":60,"stat.drop.minecraft.potion":67,"stat.useItem.minecraft.stone_slab":13450,"stat.useItem.minecraft.bed":84,"stat.craftItem.minecraft.stone":3030,"stat.craftItem.minecraft.armor_stand":121,"stat.mineBlock.minecraft.crafting_table":131,"stat.useItem.minecraft.diamond_pickaxe":565088,"stat.mineBlock.minecraft.quartz_block":244,"stat.useItem.minecraft.carrot":295,"stat.killEntity.Endermite":54,"stat.useItem.minecraft.ender_eye":13,"stat.useItem.minecraft.wooden_shovel":12,"stat.drop.minecraft.golden_apple":2,"stat.useItem.minecraft.bucket":320,"stat.drop.minecraft.spruce_fence_gate":1,"stat.pickup.minecraft.stone_button":361,"stat.pickup.minecraft.slime_ball":859,"stat.drop.minecraft.blaze_rod":67,"stat.useItem.minecraft.purpur_block":206,"stat.mineBlock.minecraft.cyan_shulker_box":188,"stat.craftItem.minecraft.diamond_pickaxe":30,"stat.drop.minecraft.wooden_pickaxe":1,"stat.pickup.minecraft.gravel":71741,"stat.useItem.minecraft.glass_bottle":181,"stat.useItem.minecraft.diamond_axe":30710,"stat.pickup.minecraft.purpur_stairs":155,"stat.breakItem.minecraft.wooden_axe":1,"stat.drop.minecraft.spruce_boat":12,"stat.pickup.minecraft.red_shulker_box":898,"stat.useItem.minecraft.stained_glass_pane":1249,"stat.pickup.minecraft.stone_brick_stairs":238,"stat.drop.minecraft.cooked_porkchop":11,"stat.pickup.minecraft.diamond_sword":47,"stat.pickup.minecraft.brick":2,"stat.killEntity.SkeletonHorse":5,"stat.useItem.minecraft.wooden_hoe":11,"stat.pickup.minecraft.iron_helmet":22,"stat.craftItem.minecraft.birch_boat":1,"stat.pickup.minecraft.black_shulker_box":281,"stat.useItem.minecraft.piston":126,"stat.craftItem.minecraft.bread":219,"stat.pickup.minecraft.spider_eye":253,"stat.useItem.minecraft.mycelium":3209,"stat.useItem.minecraft.stone_button":1992,"stat.pickup.minecraft.diamond_ore":5,"stat.mineBlock.minecraft.magenta_shulker_box":49,"stat.useItem.minecraft.cooked_chicken":48,"stat.craftItem.minecraft.end_crystal":4,"stat.pickup.minecraft.iron_ore":6708,"stat.mineBlock.minecraft.iron_bars":106,"stat.pickup.minecraft.leaves":1223,"stat.pickup.minecraft.leather":1706,"stat.drop.minecraft.iron_hoe":1,"stat.useItem.minecraft.wooden_pickaxe":9,"stat.mineBlock.minecraft.mycelium":23053,"stat.dispenserInspected":400,"stat.pickup.minecraft.reeds":12213,"stat.pickup.minecraft.prismarine_crystals":117,"stat.useItem.minecraft.magma":159,"stat.craftItem.minecraft.glass":2818,"stat.craftItem.minecraft.cauldron":11,"stat.sleepInBed":692,"stat.craftItem.minecraft.baked_potato":201,"stat.drop.minecraft.shulker_shell":79,"stat.killEntity.Cow":53,"stat.pickup.minecraft.minecart":282,"stat.killEntity.Pig":134,"stat.craftItem.minecraft.iron_sword":9,"stat.pickup.minecraft.piston":176,"stat.breakItem.minecraft.fishing_rod":1,"stat.walkOneCm":96834469,"stat.playerKills":15,"stat.pickup.minecraft.clay_ball":174,"stat.mineBlock.minecraft.trapped_chest":127,"stat.pickup.minecraft.purpur_slab":35,"stat.useItem.minecraft.spruce_boat":61,"stat.drop.minecraft.diamond_axe":5,"stat.pickup.minecraft.tnt":175,"stat.drop.minecraft.iron_chestplate":5,"stat.pickup.minecraft.stone":128584,"stat.mineBlock.minecraft.wool":4602,"stat.drop.minecraft.slime":19,"stat.drop.minecraft.diamond_leggings":3,"stat.drop.minecraft.emerald":68,"stat.useItem.minecraft.red_mushroom_block":816,"stat.craftItem.minecraft.hay_block":128,"stat.mineBlock.minecraft.packed_ice":1848,"stat.useItem.minecraft.leaves":101,"stat.craftItem.minecraft.minecart":132,"stat.pickup.minecraft.gold_ingot":499,"stat.useItem.minecraft.prismarine":340,"stat.killEntity.Skeleton":755,"stat.mineBlock.minecraft.cactus":82,"stat.drop.minecraft.chainmail_boots":30,"stat.pickup.minecraft.netherbrick":436,"stat.mineBlock.minecraft.redstone_torch":417,"stat.killEntity.Spider":224,"stat.pickup.minecraft.bread":104,"stat.drop.minecraft.end_rod":1,"stat.craftItem.minecraft.spruce_fence":78,"stat.pickup.minecraft.quartz":5660,"stat.pickup.minecraft.birch_fence":1,"stat.pickup.minecraft.water_bucket":6,"stat.drop.minecraft.prismarine":4,"stat.useItem.minecraft.hopper_minecart":33,"stat.pickup.minecraft.spruce_stairs":211,"stat.mineBlock.minecraft.redstone_ore":1532,"stat.pickup.minecraft.lava_bucket":1,"stat.pickup.minecraft.elytra":46,"stat.craftItem.minecraft.coal_block":456,"stat.drop.minecraft.beef":331,"stat.mineBlock.minecraft.stone":256447,"stat.useItem.minecraft.sandstone":262}