{"stat.useItem.minecraft.quartz_block":5503,"stat.useItem.minecraft.painting":469,"stat.craftItem.minecraft.acacia_boat":2,"stat.drop.minecraft.gunpowder":1715,"stat.craftItem.minecraft.black_glazed_terracotta":16,"stat.mineBlock.minecraft.stained_glass":16169,"stat.bannerCleaned":68,"stat.mineBlock.minecraft.web":1644,"stat.drop.minecraft.coal_block":1,"stat.drop.minecraft.iron_sword":4,"stat.pickup.minecraft.rotten_flesh":5804,"stat.useItem.minecraft.diamond_hoe":4697,"stat.killEntity.Donkey":13,"stat.useItem.minecraft.rail":10016,"stat.pickup.minecraft.record_ward":2,"stat.craftItem.minecraft.iron_shovel":24,"stat.mineBlock.minecraft.emerald_block":902,"stat.breakItem.minecraft.bow":4,"stat.mineBlock.minecraft.end_stone":1692,"stat.pickup.minecraft.stained_hardened_clay":25444,"stat.pickup.minecraft.double_plant":1337,"stat.craftItem.minecraft.glass_pane":192,"stat.useItem.minecraft.hardened_clay":6111,"stat.drop.minecraft.diamond_chestplate":9,"stat.mineBlock.minecraft.sticky_piston":969,"stat.furnaceInteraction":6143,"stat.mineBlock.minecraft.chorus_plant":133,"stat.pickup.minecraft.nether_brick":3188,"stat.pickup.minecraft.sponge":2102,"stat.useItem.minecraft.green_shulker_box":304,"stat.drop.minecraft.cactus":168,"stat.useItem.minecraft.red_sandstone":1392,"stat.pickup.minecraft.hay_block":1686,"stat.pickup.minecraft.cyan_shulker_box":324,"stat.drop.minecraft.furnace":11,"stat.mineBlock.minecraft.sponge":2023,"stat.craftItem.minecraft.daylight_detector":67,"stat.useItem.minecraft.cauldron":67,"stat.useItem.minecraft.flint_and_steel":501,"stat.useItem.minecraft.wheat_seeds":10481,"stat.mineBlock.minecraft.sea_lantern":896,"stat.craftItem.minecraft.silver_glazed_terracotta":37,"stat.killEntity.Husk":231,"stat.pickup.minecraft.emerald":531,"stat.craftItem.minecraft.dark_oak_boat":13,"stat.pickup.minecraft.egg":2198,"stat.craftItem.minecraft.melon_seeds":231,"stat.craftItem.minecraft.item_frame":282,"stat.craftItem.minecraft.iron_pickaxe":41,"stat.pickup.minecraft.glass_pane":177,"stat.pickup.minecraft.item_frame":404,"stat.pickup.minecraft.sea_lantern":954,"stat.drop.minecraft.iron_ingot":470,"stat.craftItem.minecraft.repeater":1709,"stat.mineBlock.minecraft.light_weighted_pressure_plate":13,"stat.craftItem.minecraft.cooked_mutton":48,"stat.chestOpened":36349,"stat.drop.minecraft.birch_fence_gate":2,"stat.useItem.minecraft.jungle_fence":497,"stat.killEntity.Vex":70,"stat.pickup.minecraft.lapis_ore":138,"stat.entityKilledBy.Vex":3,"stat.craftItem.minecraft.coal":6750,"stat.drop.minecraft.dark_oak_stairs":47,"stat.pickup.minecraft.carrot":3502,"stat.drop.minecraft.stone_sword":13,"stat.useItem.minecraft.rabbit":2,"stat.craftItem.minecraft.diamond":252,"stat.pickup.minecraft.rail":7998,"stat.mineBlock.minecraft.wooden_pressure_plate":42,"stat.useItem.minecraft.light_blue_shulker_box":528,"stat.pickup.minecraft.jungle_door":4,"stat.mineBlock.minecraft.log2":22312,"stat.drop.minecraft.double_plant":1,"stat.drop.minecraft.rabbit":10,"stat.pickup.minecraft.dye":11550,"stat.mineBlock.minecraft.jungle_fence":120,"stat.pickup.minecraft.planks":6026,"stat.drop.minecraft.minecart":95,"stat.mineBlock.minecraft.blue_glazed_terracotta":196,"stat.drop.minecraft.soul_sand":289,"stat.drop.minecraft.carpet":490,"stat.killEntity.VindicationIllager":17,"stat.mineBlock.minecraft.daylight_detector":56,"stat.drop.minecraft.rotten_flesh":2140,"stat.pickup.minecraft.magma":4831,"stat.mineBlock.minecraft.activator_rail":70,"stat.useItem.minecraft.jungle_fence_gate":2,"stat.drop.minecraft.gold_nugget":138,"stat.pickup.minecraft.tipped_arrow":100,"stat.pickup.minecraft.end_stone":1519,"stat.useItem.minecraft.record_mellohi":3,"stat.useItem.minecraft.iron_sword":85,"stat.craftItem.minecraft.planks":93514,"stat.craftItem.minecraft.dirt":456,"stat.useItem.minecraft.daylight_detector":150,"stat.craftItem.minecraft.wooden_door":1929,"stat.mineBlock.minecraft.waterlily":667,"stat.pickup.minecraft.orange_glazed_terracotta":163,"stat.pickup.minecraft.iron_door":47,"stat.drop.minecraft.leather_leggings":9,"stat.pickup.minecraft.cooked_fish":526,"stat.useItem.minecraft.record_blocks":1,"stat.pickup.minecraft.lingering_potion":4,"stat.pickup.minecraft.spruce_fence_gate":37,"stat.drop.minecraft.cyan_shulker_box":11,"stat.mineBlock.minecraft.cobblestone":10349,"stat.useItem.minecraft.beacon":174,"stat.pickup.minecraft.flint":2258,"stat.drop.minecraft.beacon":1,"stat.pickup.minecraft.flower_pot":83,"stat.drop.minecraft.purpur_slab":4,"stat.pickup.minecraft.lime_shulker_box":637,"stat.useItem.minecraft.coal_block":354,"stat.breakItem.minecraft.iron_pickaxe":5,"stat.mineBlock.minecraft.dropper":388,"stat.pickup.minecraft.iron_boots":2,"stat.pickup.minecraft.diamond_horse_armor":9,"stat.pickup.minecraft.stone_hoe":3,"stat.breakItem.minecraft.diamond_hoe":3,"stat.craftItem.minecraft.lapis_block":465,"stat.useItem.minecraft.white_glazed_terracotta":279,"stat.pickup.minecraft.map":1,"stat.craftItem.minecraft.iron_boots":5,"stat.pickup.minecraft.record_chirp":17,"stat.useItem.minecraft.spruce_fence_gate":166,"stat.mineBlock.minecraft.clay":5888,"stat.pickup.minecraft.diamond_leggings":45,"stat.drop.minecraft.chainmail_chestplate":2,"stat.useItem.minecraft.melon_block":43,"stat.useItem.minecraft.wooden_slab":15763,"stat.craftItem.minecraft.iron_block":11420,"stat.craftItem.minecraft.stonebrick":25211,"stat.pickup.minecraft.light_blue_glazed_terracotta":522,"stat.drop.minecraft.stained_glass":958,"stat.drop.minecraft.flint_and_steel":8,"stat.drop.minecraft.wool":1216,"stat.killEntity.Creeper":812,"stat.useItem.minecraft.armor_stand":91,"stat.useItem.minecraft.silver_shulker_box":709,"stat.drop.minecraft.ender_chest":10,"stat.drop.minecraft.obsidian":169,"stat.drop.minecraft.oak_stairs":3,"stat.pickup.minecraft.birch_stairs":85,"stat.killEntity.Squid":169,"stat.sprintOneCm":266267649,"stat.drop.minecraft.leather":71,"stat.pickup.minecraft.leather_leggings":13,"stat.craftItem.minecraft.redstone_lamp":202,"stat.pickup.minecraft.sugar":240,"stat.pickup.minecraft.iron_block":7120,"stat.killEntity.Zombie":2892,"stat.drop.minecraft.diamond_pickaxe":27,"stat.craftItem.minecraft.slime_ball":2656,"stat.drop.minecraft.stone_stairs":164,"stat.drop.minecraft.bookshelf":62,"stat.craftItem.minecraft.cooked_porkchop":28,"stat.pickup.minecraft.obsidian":4074,"stat.pickup.minecraft.coal":14562,"stat.drop.minecraft.diamond_sword":20,"stat.pickup.minecraft.dirt":138608,"stat.useItem.minecraft.coal_ore":1741,"stat.useItem.minecraft.light_weighted_pressure_plate":24,"stat.craftItem.minecraft.sponge":1626,"stat.mineBlock.minecraft.lapis_ore":546,"stat.pickup.minecraft.red_sandstone":359,"stat.useItem.minecraft.acacia_door":3,"stat.pickup.minecraft.magma_cream":163,"stat.noteblockTuned":220562,"stat.pickup.minecraft.ender_eye":24,"stat.craftItem.minecraft.comparator":458,"stat.craftItem.minecraft.sea_lantern":4265,"stat.craftItem.minecraft.glowstone":3393,"stat.useItem.minecraft.slime":5547,"stat.mineBlock.minecraft.fence_gate":14,"stat.pickup.minecraft.record_wait":4,"stat.drop.minecraft.emerald_block":15,"stat.mineBlock.minecraft.birch_fence":11,"stat.pickup.minecraft.green_shulker_box":393,"stat.drop.minecraft.wheat":16436,"stat.pickup.minecraft.diamond_pickaxe":73,"stat.useItem.minecraft.pumpkin":2404,"stat.pickup.minecraft.rabbit_foot":36,"stat.craftItem.minecraft.spectral_arrow":54,"stat.drop.minecraft.netherrack":10322,"stat.drop.minecraft.birch_stairs":14,"stat.drop.minecraft.egg":34,"stat.useItem.minecraft.redstone_ore":380,"stat.pickup.minecraft.cooked_beef":1039,"stat.drop.minecraft.lit_pumpkin":128,"stat.drop.minecraft.nether_brick":66,"stat.drop.minecraft.lever":53,"stat.pickup.minecraft.dark_oak_stairs":461,"stat.pickup.minecraft.beetroot_seeds":2477,"stat.craftItem.minecraft.nether_brick_stairs":620,"stat.useItem.minecraft.bookshelf":556,"stat.useItem.minecraft.soul_sand":10494,"stat.killEntity.Blaze":11906,"stat.drop.minecraft.skull":58,"stat.mineBlock.minecraft.white_shulker_box":1684,"stat.mineBlock.minecraft.nether_brick_fence":519,"stat.drop.minecraft.golden_leggings":8,"stat.mineBlock.minecraft.sand":201585,"stat.craftItem.minecraft.wooden_hoe":4,"stat.useItem.minecraft.fence_gate":182,"stat.trappedChestTriggered":15764,"stat.mineBlock.minecraft.gray_shulker_box":904,"stat.drop.minecraft.rail":602,"stat.craftItem.minecraft.observer":1620,"stat.craftItem.minecraft.acacia_stairs":108,"stat.drop.minecraft.spruce_door":3,"stat.craftItem.minecraft.pumpkin_seeds":384,"stat.pickup.minecraft.wooden_button":116,"stat.mineBlock.minecraft.lapis_block":123,"stat.drop.minecraft.stained_hardened_clay":986,"stat.drop.minecraft.fishing_rod":118,"stat.drop.minecraft.pumpkin_seeds":7,"stat.drop.minecraft.prismarine_shard":144,"stat.pickup.minecraft.stone_stairs":360,"stat.drop.minecraft.jungle_boat":1,"stat.drop.minecraft.snowball":37,"stat.pickup.minecraft.saddle":67,"stat.pickup.minecraft.mycelium":61868,"stat.useItem.minecraft.furnace_minecart":7,"stat.craftItem.minecraft.diamond_block":60,"stat.useItem.minecraft.gray_glazed_terracotta":18462,"stat.recordPlayed":53,"stat.drop.minecraft.detector_rail":31,"stat.drop.minecraft.packed_ice":202,"stat.drop.minecraft.red_mushroom_block":162,"stat.pickup.minecraft.waterlily":639,"stat.pickup.minecraft.detector_rail":160,"stat.useItem.minecraft.packed_ice":5246,"stat.pickup.minecraft.brick_stairs":328,"stat.mineBlock.minecraft.gold_block":412,"stat.drop.minecraft.stone":29275,"stat.useItem.minecraft.trapped_chest":251,"stat.pickup.minecraft.melon_seeds":231,"stat.drop.minecraft.gold_ore":72,"stat.pickup.minecraft.dropper":344,"stat.useItem.minecraft.black_shulker_box":354,"stat.pickup.minecraft.golden_leggings":12,"stat.pickup.minecraft.melon":6753,"stat.drop.minecraft.stained_glass_pane":329,"stat.pickup.minecraft.heavy_weighted_pressure_plate":141,"stat.useItem.minecraft.furnace":338,"stat.mineBlock.minecraft.gravel":59078,"stat.drop.minecraft.fence_gate":1,"stat.breakItem.minecraft.diamond_axe":1,"stat.useItem.minecraft.wool":15229,"stat.drop.minecraft.iron_axe":2,"stat.pickup.minecraft.flint_and_steel":13,"stat.drop.minecraft.record_13":1,"stat.mineBlock.minecraft.green_shulker_box":385,"stat.craftItem.minecraft.redstone_block":3078,"stat.pickup.minecraft.birch_fence_gate":6,"stat.craftItem.minecraft.stone_stairs":160,"stat.pickup.minecraft.crafting_table":807,"stat.drop.minecraft.tallgrass":47,"stat.pickup.minecraft.redstone_block":735,"stat.craftItem.minecraft.stone_button":374,"stat.pickup.minecraft.web":1564,"stat.drop.minecraft.gray_shulker_box":66,"stat.useItem.minecraft.deadbush":15,"stat.useItem.minecraft.birch_door":3,"stat.pickup.minecraft.golden_sword":43,"stat.drop.minecraft.birch_door":1,"stat.craftItem.minecraft.sugar":666,"stat.drop.minecraft.bucket":28,"stat.craftItem.minecraft.spruce_fence_gate":155,"stat.useItem.minecraft.baked_potato":1975,"stat.pickup.minecraft.stone_slab":16545,"stat.drop.minecraft.ghast_tear":12,"stat.pickup.minecraft.golden_rail":1933,"stat.craftItem.minecraft.jungle_door":3,"stat.drop.minecraft.stone_pickaxe":1,"stat.useItem.minecraft.brick_stairs":512,"stat.craftItem.minecraft.sticky_piston":1427,"stat.drop.minecraft.tripwire_hook":4,"stat.useItem.minecraft.log2":14007,"stat.mineBlock.minecraft.slime":3107,"stat.drop.minecraft.red_mushroom":465,"stat.drop.minecraft.mossy_cobblestone":52,"stat.mineBlock.minecraft.black_shulker_box":367,"stat.breakItem.minecraft.shield":4,"stat.mineBlock.minecraft.brown_mushroom":267,"stat.useItem.minecraft.diamond_sword":64346,"stat.climbOneCm":2610788,"stat.useItem.minecraft.end_rod":1291,"stat.craftItem.minecraft.gold_block":445,"stat.useItem.minecraft.redstone_torch":1657,"stat.drop.minecraft.quartz":131,"stat.craftItem.minecraft.purple_shulker_box":732,"stat.useItem.minecraft.red_flower":1520,"stat.pickup.minecraft.cooked_rabbit":288,"stat.pickup.minecraft.daylight_detector":88,"stat.drop.minecraft.web":141,"stat.craftItem.minecraft.bone_block":1031,"stat.useItem.minecraft.magenta_shulker_box":288,"stat.pickup.minecraft.anvil":198,"stat.useItem.minecraft.leaves2":6415,"stat.useItem.minecraft.iron_ore":232,"stat.craftItem.minecraft.quartz":1,"stat.craftItem.minecraft.stone_pickaxe":4,"stat.pickup.minecraft.cobblestone":144229,"stat.drop.minecraft.rabbit_hide":16,"stat.craftItem.minecraft.dispenser":218,"stat.pickup.minecraft.acacia_boat":8,"stat.mineBlock.minecraft.iron_ore":6329,"stat.useItem.minecraft.noteblock":406,"stat.drop.minecraft.coal":61,"stat.drop.minecraft.dirt":10813,"stat.pickup.minecraft.iron_shovel":11,"stat.pickup.minecraft.trapdoor":1251,"stat.craftItem.minecraft.acacia_fence":30,"stat.pickup.minecraft.jungle_stairs":371,"stat.useItem.minecraft.chest_minecart":22,"stat.craftItem.minecraft.snow_layer":522,"stat.pickup.minecraft.silver_shulker_box":750,"stat.pickup.minecraft.paper":1234,"stat.pickup.minecraft.jungle_fence_gate":2,"stat.breakItem.minecraft.iron_hoe":1,"stat.drop.minecraft.tipped_arrow":371,"stat.breakItem.minecraft.shears":199,"stat.mineBlock.minecraft.planks":4103,"stat.pickup.minecraft.jukebox":75,"stat.drop.minecraft.redstone_block":46,"stat.pickup.minecraft.golden_chestplate":29,"stat.useItem.minecraft.melon_seeds":296,"stat.drop.minecraft.bread":619,"stat.pickup.minecraft.purpur_pillar":613,"stat.craftItem.minecraft.piston":1808,"stat.useItem.minecraft.quartz_stairs":1283,"stat.useItem.minecraft.lime_shulker_box":464,"stat.pickup.minecraft.purple_shulker_box":4624,"stat.useItem.minecraft.apple":249,"stat.drop.minecraft.chainmail_helmet":1,"stat.useItem.minecraft.porkchop":16,"stat.useItem.minecraft.carpet":9946,"stat.useItem.minecraft.potion":319,"stat.pickup.minecraft.fence":441,"stat.useItem.minecraft.stone_axe":146,"stat.craftItem.minecraft.iron_helmet":51,"stat.craftItem.minecraft.rail":4338,"stat.boatOneCm":15245361,"stat.mineBlock.minecraft.furnace":231,"stat.drop.minecraft.stone_button":65,"stat.pickup.minecraft.prismarine_shard":5345,"stat.pickup.minecraft.end_crystal":1,"stat.drop.minecraft.water_bucket":8,"stat.killEntity.CaveSpider":918,"stat.craftItem.minecraft.birch_fence":96,"stat.damageDealt":4508563,"stat.craftItem.minecraft.anvil":173,"stat.pickup.minecraft.end_bricks":448,"stat.mineBlock.minecraft.nether_brick_stairs":424,"stat.useItem.minecraft.crafting_table":934,"stat.drop.minecraft.silver_shulker_box":58,"stat.drop.minecraft.silver_glazed_terracotta":64,"stat.breakItem.minecraft.stone_pickaxe":1,"stat.craftItem.minecraft.birch_fence_gate":11,"stat.craftItem.minecraft.diamond_boots":1,"stat.drop.minecraft.brown_shulker_box":65,"stat.drop.minecraft.leather_chestplate":12,"stat.useItem.minecraft.spruce_stairs":2317,"stat.craftItem.minecraft.redstone":28818,"stat.useItem.minecraft.cactus":53,"stat.drop.minecraft.purpur_block":3,"stat.mineBlock.minecraft.purple_glazed_terracotta":83,"stat.killEntity.Chicken":602,"stat.drop.minecraft.yellow_shulker_box":18,"stat.drop.minecraft.nether_wart_block":136,"stat.pickup.minecraft.yellow_glazed_terracotta":33,"stat.craftItem.minecraft.fence":465,"stat.mineBlock.minecraft.leaves":12591,"stat.mineBlock.minecraft.piston":416,"stat.mineBlock.minecraft.bone_block":446,"stat.drop.minecraft.lime_shulker_box":33,"stat.mineBlock.minecraft.hay_block":1617,"stat.craftItem.minecraft.tripwire_hook":190,"stat.beaconInteraction":480,"stat.pickup.minecraft.wooden_slab":5190,"stat.craftItem.minecraft.diamond_hoe":5,"stat.leaveGame":1836,"stat.pickup.minecraft.stone_slab2":156,"stat.useItem.minecraft.glowstone":3051,"stat.craftItem.minecraft.ender_eye":117,"stat.killEntity.PigZombie":415,"stat.craftItem.minecraft.shield":19,"stat.mineBlock.minecraft.birch_fence_gate":5,"stat.mineBlock.minecraft.red_sandstone":373,"stat.pickup.minecraft.leaves2":18797,"stat.useItem.minecraft.sandstone_stairs":225,"stat.pickup.minecraft.brick_block":1358,"stat.useItem.minecraft.activator_rail":180,"stat.craftItem.minecraft.noteblock":199,"stat.useItem.minecraft.purpur_stairs":1631,"stat.mineBlock.minecraft.lime_glazed_terracotta":875,"stat.killEntity.Witch":330,"stat.killEntity.MushroomCow":316,"stat.drop.minecraft.tnt":581,"stat.craftItem.minecraft.wooden_pickaxe":2,"stat.craftItem.minecraft.iron_door":45,"stat.useItem.minecraft.iron_shovel":448,"stat.drop.minecraft.chainmail_leggings":2,"stat.mineBlock.minecraft.hopper":2137,"stat.pickup.minecraft.record_far":2,"stat.mineBlock.minecraft.rail":6234,"stat.noteblockPlayed":899,"stat.drop.minecraft.red_flower":15778,"stat.pickup.minecraft.prismarine":19707,"stat.pickup.minecraft.cauldron":27,"stat.useItem.minecraft.stained_glass":77463,"stat.useItem.minecraft.ice":3212,"stat.pickup.minecraft.potion":206,"stat.drop.minecraft.netherbrick":8,"stat.useItem.minecraft.beef":66,"stat.useItem.minecraft.nether_brick":7211,"stat.drop.minecraft.torch":313,"stat.useItem.minecraft.cooked_rabbit":203,"stat.drop.minecraft.quartz_ore":55,"stat.useItem.minecraft.stone":62989,"stat.pickup.minecraft.arrow":2250,"stat.useItem.minecraft.acacia_fence_gate":4,"stat.pickup.minecraft.wooden_pressure_plate":63,"stat.useItem.minecraft.white_shulker_box":1688,"stat.pickup.minecraft.painting":389,"stat.mineBlock.minecraft.concrete_powder":4368,"stat.useItem.minecraft.emerald_ore":28,"stat.pickup.minecraft.gray_shulker_box":915,"stat.pickup.minecraft.orange_shulker_box":328,"stat.pickup.minecraft.birch_boat":78,"stat.craftItem.minecraft.rabbit_stew":1,"stat.drop.minecraft.jungle_fence":64,"stat.craftItem.minecraft.diamond_shovel":11,"stat.drop.minecraft.snow":166,"stat.drop.minecraft.spruce_fence":18,"stat.useItem.minecraft.enchanting_table":66,"stat.pickup.minecraft.pink_shulker_box":46,"stat.useItem.minecraft.record_13":10,"stat.mineBlock.minecraft.dirt":260564,"stat.drop.minecraft.paper":658,"stat.useItem.minecraft.bread":1327,"stat.useItem.minecraft.record_11":1,"stat.useItem.minecraft.gravel":1332,"stat.mineBlock.minecraft.double_plant":592,"stat.useItem.minecraft.record_far":1,"stat.drop.minecraft.chicken":2713,"stat.craftItem.minecraft.gold_ingot":4148,"stat.mineBlock.minecraft.silver_shulker_box":736,"stat.craftItem.minecraft.brewing_stand":49,"stat.useItem.minecraft.tallgrass":467,"stat.useItem.minecraft.fireworks":1303,"stat.killEntity.ElderGuardian":24,"stat.mineBlock.minecraft.log":26765,"stat.useItem.minecraft.spruce_door":19,"stat.pickup.minecraft.wool":37226,"stat.useItem.minecraft.chorus_fruit":22,"stat.useItem.minecraft.wooden_axe":48,"stat.pickup.minecraft.red_sandstone_stairs":154,"stat.cakeSlicesEaten":57,"stat.craftItem.minecraft.cooked_rabbit":35,"stat.craftItem.minecraft.diamond_leggings":3,"stat.mineBlock.minecraft.acacia_stairs":64,"stat.craftItem.minecraft.tnt_minecart":1,"stat.useItem.minecraft.skull":1266,"stat.craftItem.minecraft.wool":4748,"stat.drop.minecraft.saddle":108,"stat.useItem.minecraft.snow":6965,"stat.pickup.minecraft.enchanted_book":11,"stat.pickup.minecraft.writable_book":32,"stat.useItem.minecraft.obsidian":1814,"stat.useItem.minecraft.cookie":82,"stat.pickup.minecraft.bow":230,"stat.pickup.minecraft.white_glazed_terracotta":255,"stat.craftItem.minecraft.dark_oak_door":12,"stat.drop.minecraft.birch_boat":2,"stat.mineBlock.minecraft.detector_rail":101,"stat.craftItem.minecraft.spruce_boat":35,"stat.pickup.minecraft.pumpkin_pie":20,"stat.pickup.minecraft.nether_wart_block":52,"stat.pickup.minecraft.coal_ore":2610,"stat.pickup.minecraft.iron_trapdoor":376,"stat.craftItem.minecraft.red_sandstone_stairs":988,"stat.pickup.minecraft.nether_brick_stairs":409,"stat.craftItem.minecraft.furnace_minecart":7,"stat.drop.minecraft.light_blue_glazed_terracotta":217,"stat.craftItem.minecraft.stained_glass":77536,"stat.timeSinceDeath":383562,"stat.craftItem.minecraft.painting":51,"stat.cauldronFilled":83,"stat.craftItem.minecraft.purpur_block":5608,"stat.killEntity.Bat":134,"stat.useItem.minecraft.potato":2015,"stat.pickup.minecraft.chainmail_helmet":4,"stat.pickup.minecraft.nether_wart":14079,"stat.mineBlock.minecraft.enchanting_table":40,"stat.pickup.minecraft.spruce_fence":1002,"stat.killEntity.Wolf":7,"stat.craftItem.minecraft.stone_hoe":3,"stat.drop.minecraft.baked_potato":78,"stat.mineBlock.minecraft.ladder":187,"stat.drop.minecraft.redstone_lamp":17,"stat.useItem.minecraft.written_book":113,"stat.mineBlock.minecraft.chorus_flower":1742,"stat.useItem.minecraft.diamond_shovel":645646,"stat.craftItem.minecraft.wooden_axe":1,"stat.mineBlock.minecraft.diamond_ore":777,"stat.pickup.minecraft.lime_glazed_terracotta":835,"stat.drop.minecraft.lava_bucket":5,"stat.craftItem.minecraft.wooden_pressure_plate":63,"stat.craftItem.minecraft.speckled_melon":271,"stat.craftItem.minecraft.white_glazed_terracotta":16,"stat.useItem.minecraft.diamond_ore":465,"stat.drop.minecraft.purpur_pillar":9,"stat.useItem.minecraft.cyan_shulker_box":321,"stat.pickup.minecraft.snowball":3066,"stat.mineBlock.minecraft.brown_glazed_terracotta":33,"stat.killEntity.Guardian":9938,"stat.useItem.minecraft.sticky_piston":2312,"stat.drop.minecraft.ladder":115,"stat.pickup.minecraft.stained_glass_pane":1076,"stat.useItem.minecraft.rotten_flesh":63,"stat.drop.minecraft.sponge":57,"stat.craftItem.minecraft.diamond_sword":4,"stat.drop.minecraft.sandstone":160,"stat.pickup.minecraft.white_shulker_box":1700,"stat.pickup.minecraft.hopper_minecart":1,"stat.mineBlock.minecraft.observer":1084,"stat.drop.minecraft.glowstone":55,"stat.craftItem.minecraft.fermented_spider_eye":1138,"stat.mineBlock.minecraft.purpur_block":689,"stat.mineBlock.minecraft.cyan_glazed_terracotta":34,"stat.pickup.minecraft.gold_ore":1285,"stat.mineBlock.minecraft.glass_pane":194,"stat.damageTaken":397404,"stat.useItem.minecraft.red_shulker_box":1710,"stat.mineBlock.minecraft.sapling":295,"stat.useItem.minecraft.carrot_on_a_stick":2,"stat.pickup.minecraft.log2":22471,"stat.mineBlock.minecraft.sandstone_stairs":225,"stat.pickup.minecraft.bed":400,"stat.pickup.minecraft.concrete":88409,"stat.pickup.minecraft.acacia_fence":28,"stat.pickup.minecraft.potato":3479,"stat.entityKilledBy.Zombie":3,"stat.useItem.minecraft.pink_glazed_terracotta":315,"stat.useItem.minecraft.birch_fence_gate":4,"stat.drop.minecraft.orange_shulker_box":17,"stat.pickup.minecraft.baked_potato":279,"stat.pickup.minecraft.ender_pearl":15056,"stat.useItem.minecraft.record_mall":1,"stat.useItem.minecraft.netherrack":35117,"stat.craftItem.minecraft.stained_glass_pane":6043,"stat.mineBlock.minecraft.tnt":131,"stat.craftItem.minecraft.bookshelf":388,"stat.mineBlock.minecraft.gray_glazed_terracotta":1917,"stat.craftItem.minecraft.shears":265,"stat.breakItem.minecraft.diamond_shovel":8,"stat.drop.minecraft.spruce_stairs":135,"stat.pickup.minecraft.torch":9081,"stat.drop.minecraft.diamond_shovel":14,"stat.pickup.minecraft.spruce_boat":131,"stat.drop.minecraft.arrow":193,"stat.useItem.minecraft.record_stal":3,"stat.drop.minecraft.armor_stand":3,"stat.craftItem.minecraft.iron_axe":18,"stat.killEntity.Ozelot":57,"stat.mineBlock.minecraft.purple_shulker_box":4507,"stat.useItem.minecraft.mutton":24,"stat.pickup.minecraft.fishing_rod":66,"stat.useItem.minecraft.planks":16266,"stat.useItem.minecraft.nether_brick_stairs":994,"stat.mineBlock.minecraft.acacia_fence_gate":4,"stat.pickup.minecraft.blaze_powder":28,"stat.drop.minecraft.melon":289,"stat.useItem.minecraft.red_sandstone_stairs":799,"stat.pickup.minecraft.sand":313036,"stat.craftItem.minecraft.golden_apple":1,"stat.useItem.minecraft.red_nether_brick":1154,"stat.drop.minecraft.map":14,"stat.pickup.minecraft.activator_rail":176,"stat.aviateOneCm":1125585549,"stat.drop.minecraft.jukebox":25,"stat.drop.minecraft.golden_sword":22,"stat.useItem.minecraft.red_glazed_terracotta":335,"stat.craftItem.minecraft.golden_carrot":863,"stat.mineBlock.minecraft.dark_oak_stairs":481,"stat.pickup.minecraft.fence_gate":15,"stat.mineBlock.minecraft.birch_stairs":99,"stat.pickup.minecraft.furnace":261,"stat.drop.minecraft.pink_shulker_box":4,"stat.mineBlock.minecraft.redstone_lamp":157,"stat.pickup.minecraft.end_rod":1009,"stat.pickup.minecraft.cyan_glazed_terracotta":33,"stat.pickup.minecraft.skull":1199,"stat.useItem.minecraft.stone_stairs":308,"stat.pickup.minecraft.acacia_door":3,"stat.drop.minecraft.golden_carrot":8,"stat.playOneMinute":133191946,"stat.mineBlock.minecraft.brown_mushroom_block":6993,"stat.pickup.minecraft.beacon":107,"stat.pickup.minecraft.dispenser":123,"stat.craftItem.minecraft.pumpkin_pie":84,"stat.mineBlock.minecraft.dark_oak_fence":1402,"stat.mineBlock.minecraft.netherrack":429552,"stat.mineBlock.minecraft.dispenser":138,"stat.drop.minecraft.flint":380,"stat.craftItem.minecraft.iron_nugget":125,"stat.fallOneCm":22655141,"stat.drop.minecraft.brown_mushroom_block":1,"stat.drop.minecraft.dye":1918,"stat.craftItem.minecraft.chest":3273,"stat.craftItem.minecraft.banner":1051,"stat.mineBlock.minecraft.lever":402,"stat.craftItem.minecraft.end_bricks":36,"stat.pickup.minecraft.milk_bucket":27,"stat.pickup.minecraft.feather":1368,"stat.mineBlock.minecraft.red_nether_brick":335,"stat.drop.minecraft.concrete":989,"stat.pickup.minecraft.lead":480,"stat.useItem.minecraft.stone_pickaxe":368,"stat.craftItem.minecraft.birch_stairs":268,"stat.useItem.minecraft.orange_shulker_box":238,"stat.killEntity.Rabbit":279,"stat.craftItem.minecraft.oak_stairs":216,"stat.useItem.minecraft.iron_bars":3451,"stat.drop.minecraft.light_blue_shulker_box":11,"stat.craftItem.minecraft.magenta_glazed_terracotta":3,"stat.pickup.minecraft.log":28081,"stat.useItem.minecraft.brown_glazed_terracotta":190,"stat.craftItem.minecraft.hopper_minecart":90,"stat.pickup.minecraft.chainmail_leggings":6,"stat.pickup.minecraft.wooden_door":86,"stat.mineBlock.minecraft.tripwire_hook":79,"stat.craftItem.minecraft.flower_pot":101,"stat.sneakTime":12112943,"stat.mineBlock.minecraft.yellow_shulker_box":1270,"stat.entityKilledBy.Blaze":1,"stat.useItem.minecraft.brewing_stand":104,"stat.mineBlock.minecraft.jukebox":39,"stat.craftItem.minecraft.enchanting_table":26,"stat.useItem.minecraft.lapis_block":125,"stat.drop.minecraft.sugar":3642,"stat.pickup.minecraft.stone_pressure_plate":148,"stat.useItem.minecraft.silver_glazed_terracotta":320,"stat.craftItem.minecraft.iron_trapdoor":671,"stat.swimOneCm":9575429,"stat.mineBlock.minecraft.spruce_stairs":1084,"stat.useItem.minecraft.dirt":190022,"stat.drop.minecraft.iron_trapdoor":160,"stat.drop.minecraft.ender_pearl":17478,"stat.mineBlock.minecraft.carpet":2239,"stat.drop.minecraft.fence":88,"stat.pickup.minecraft.clay":1678,"stat.pickup.minecraft.glass_bottle":635,"stat.drop.minecraft.log":1522,"stat.pickup.minecraft.mutton":285,"stat.useItem.minecraft.lever":1537,"stat.pickup.minecraft.wooden_axe":1,"stat.mineBlock.minecraft.coal_block":95,"stat.pickup.minecraft.dark_oak_door":16,"stat.craftItem.minecraft.red_sandstone":3509,"stat.pickup.minecraft.stonebrick":19275,"stat.pickup.minecraft.redstone_lamp":191,"stat.useItem.minecraft.purpur_pillar":3650,"stat.drop.minecraft.orange_glazed_terracotta":27,"stat.pickup.minecraft.gray_glazed_terracotta":1520,"stat.useItem.minecraft.stone_slab":40183,"stat.craftItem.minecraft.jungle_fence_gate":1,"stat.pickup.minecraft.speckled_melon":9,"stat.useItem.minecraft.bed":430,"stat.craftItem.minecraft.armor_stand":71,"stat.mineBlock.minecraft.quartz_block":2896,"stat.killEntity.Endermite":71,"stat.useItem.minecraft.bucket":4083,"stat.drop.minecraft.spruce_fence_gate":6,"stat.pickup.minecraft.stone_button":457,"stat.mineBlock.minecraft.cyan_shulker_box":320,"stat.craftItem.minecraft.clay":113,"stat.drop.minecraft.wooden_pickaxe":1,"stat.pickup.minecraft.gravel":50244,"stat.useItem.minecraft.glass_bottle":1493,"stat.drop.minecraft.spruce_boat":28,"stat.pickup.minecraft.red_shulker_box":1752,"stat.useItem.minecraft.stained_glass_pane":5221,"stat.pickup.minecraft.diamond_sword":49,"stat.killEntity.SkeletonHorse":28,"stat.useItem.minecraft.wooden_hoe":18,"stat.pickup.minecraft.iron_helmet":6,"stat.craftItem.minecraft.birch_boat":5,"stat.pickup.minecraft.black_shulker_box":377,"stat.useItem.minecraft.piston":700,"stat.pickup.minecraft.spider_eye":2272,"stat.useItem.minecraft.stone_button":730,"stat.mineBlock.minecraft.magenta_shulker_box":298,"stat.craftItem.minecraft.end_crystal":28,"stat.drop.minecraft.pumpkin_pie":1,"stat.craftItem.minecraft.activator_rail":42,"stat.pickup.minecraft.leather":2028,"stat.useItem.minecraft.wooden_pickaxe":46,"stat.mineBlock.minecraft.mycelium":79001,"stat.dispenserInspected":1881,"stat.craftItem.minecraft.glass":13068,"stat.craftItem.minecraft.cauldron":53,"stat.sleepInBed":2761,"stat.drop.minecraft.shulker_shell":8,"stat.killEntity.Cow":253,"stat.pickup.minecraft.minecart":819,"stat.pickup.minecraft.piston":440,"stat.walkOneCm":372614312,"stat.pickup.minecraft.clay_ball":16134,"stat.pickup.minecraft.purpur_slab":352,"stat.drop.minecraft.diamond_axe":27,"stat.pickup.minecraft.tnt":319,"stat.drop.minecraft.iron_chestplate":3,"stat.pickup.minecraft.stone":198417,"stat.mineBlock.minecraft.wool":3246,"stat.pickup.minecraft.silver_glazed_terracotta":172,"stat.useItem.minecraft.red_mushroom_block":7325,"stat.craftItem.minecraft.hay_block":9569,"stat.mineBlock.minecraft.packed_ice":5578,"stat.craftItem.minecraft.minecart":299,"stat.pickup.minecraft.gold_ingot":75,"stat.useItem.minecraft.prismarine":11144,"stat.mineBlock.minecraft.cactus":66,"stat.drop.minecraft.chainmail_boots":3,"stat.pickup.minecraft.netherbrick":17,"stat.mineBlock.minecraft.redstone_torch":691,"stat.pickup.minecraft.bread":644,"stat.pickup.minecraft.quartz":21399,"stat.breakItem.minecraft.iron_axe":2,"stat.useItem.minecraft.hopper_minecart":90,"stat.pickup.minecraft.spruce_stairs":1106,"stat.mineBlock.minecraft.redstone_ore":2394,"stat.pickup.minecraft.elytra":74,"stat.pickup.minecraft.lava_bucket":6,"stat.drop.minecraft.beef":138,"stat.craftItem.minecraft.brick":64,"stat.mineBlock.minecraft.stone":512381,"stat.useItem.minecraft.sandstone":1188,"stat.useItem.minecraft.bow":15646,"stat.drop.minecraft.redstone":321,"stat.pickup.minecraft.dark_oak_boat":59,"stat.drop.minecraft.enchanted_book":5,"stat.drop.minecraft.redstone_torch":42,"stat.mineBlock.minecraft.purpur_stairs":272,"stat.craftItem.minecraft.stone_axe":4,"stat.useItem.minecraft.vine":319,"stat.drop.minecraft.leather_boots":45,"stat.pickup.minecraft.cobblestone_wall":554,"stat.pickup.minecraft.bucket":63,"stat.killEntity.Enderman":106470,"stat.drop.minecraft.elytra":17,"stat.useItem.minecraft.anvil":369,"stat.useItem.minecraft.record_strad":2,"stat.pickup.minecraft.brown_mushroom":2300,"stat.killEntity.Villager":162,"stat.useItem.minecraft.spider_eye":2,"stat.useItem.minecraft.iron_pickaxe":1767,"stat.drop.minecraft.ender_eye":1,"stat.mineBlock.minecraft.green_glazed_terracotta":14,"stat.pickup.minecraft.light_weighted_pressure_plate":16,"stat.useItem.minecraft.nether_wart":5158,"stat.useItem.minecraft.golden_carrot":58,"stat.drop.minecraft.hay_block":99,"stat.drop.minecraft.chorus_fruit":740,"stat.craftItem.minecraft.leather_helmet":13,"stat.useItem.minecraft.end_stone":1426,"stat.mineBlock.minecraft.wooden_button":60,"stat.drop.minecraft.light_weighted_pressure_plate":1,"stat.drop.minecraft.magma":20,"stat.useItem.minecraft.fence":649,"stat.useItem.minecraft.acacia_fence":12,"stat.mineBlock.minecraft.fence":429,"stat.drop.minecraft.cooked_fish":25,"stat.drop.minecraft.lime_glazed_terracotta":1,"stat.pickup.minecraft.lever":856,"stat.deaths":72,"stat.pickup.minecraft.bowl":16,"stat.mineBlock.minecraft.brown_shulker_box":760,"stat.pickup.minecraft.clock":5,"stat.fishCaught":3223,"stat.pickup.minecraft.cooked_mutton":4485,"stat.useItem.minecraft.lapis_ore":153,"stat.craftItem.minecraft.mossy_cobblestone":136,"stat.craftItem.minecraft.sign":4327,"stat.pickup.minecraft.iron_sword":3,"stat.craftItem.minecraft.quartz_block":5762,"stat.pickup.minecraft.gold_nugget":1060,"stat.drop.minecraft.banner":105,"stat.pickup.minecraft.chorus_flower":1468,"stat.useItem.minecraft.rabbit_stew":1,"stat.craftItem.minecraft.ender_chest":39,"stat.crouchOneCm":39080554,"stat.craftItem.minecraft.iron_ingot":27042,"stat.pickup.minecraft.ender_chest":2832,"stat.drop.minecraft.slime_ball":2060,"stat.craftingTableInteraction":7627,"stat.pickup.minecraft.repeater":1725,"stat.useItem.minecraft.dark_oak_fence":1949,"stat.useItem.minecraft.lime_glazed_terracotta":1384,"stat.mineBlock.minecraft.ender_chest":2812,"stat.pickup.minecraft.ice":3506,"stat.flowerPotted":140,"stat.drop.minecraft.brewing_stand":3,"stat.mineBlock.minecraft.pink_glazed_terracotta":188,"stat.drop.minecraft.coal_ore":176,"stat.drop.minecraft.iron_door":15,"stat.drop.minecraft.glass_pane":1,"stat.drop.minecraft.iron_ore":79,"stat.useItem.minecraft.yellow_flower":20,"stat.drop.minecraft.sapling":880,"stat.pickup.minecraft.chicken":778,"stat.drop.minecraft.blue_shulker_box":5,"stat.useItem.minecraft.glass_pane":240,"stat.breakItem.minecraft.stone_shovel":2,"stat.drop.minecraft.fish":3641,"stat.pickup.minecraft.coal_block":92,"stat.craftItem.minecraft.bucket":596,"stat.mineBlock.minecraft.prismarine":21111,"stat.pickup.minecraft.stone_sword":57,"stat.craftItem.minecraft.fishing_rod":13,"stat.drop.minecraft.comparator":2,"stat.useItem.minecraft.stonebrick":37033,"stat.pickup.minecraft.book":361,"stat.useItem.minecraft.green_glazed_terracotta":190,"stat.pickup.minecraft.red_nether_brick":289,"stat.drop.minecraft.sea_lantern":36,"stat.craftItem.minecraft.spruce_door":6,"stat.pickup.minecraft.tripwire_hook":105,"stat.drop.minecraft.observer":58,"stat.mineBlock.minecraft.magenta_glazed_terracotta":62,"stat.craftItem.minecraft.jungle_boat":4,"stat.drop.minecraft.lapis_ore":4,"stat.pickup.minecraft.bookshelf":303,"stat.mineBlock.minecraft.pumpkin":1406,"stat.pickup.minecraft.stone_pickaxe":1,"stat.craftItem.minecraft.quartz_stairs":699,"stat.breakItem.minecraft.diamond_leggings":1,"stat.pickup.minecraft.leather_chestplate":19,"stat.mineBlock.minecraft.concrete":86106,"stat.mineBlock.minecraft.stained_glass_pane":728,"stat.pickup.minecraft.purple_glazed_terracotta":83,"stat.craftItem.minecraft.clock":6,"stat.drop.minecraft.cobblestone":17962,"stat.useItem.minecraft.chorus_flower":1555,"stat.pickup.minecraft.cooked_porkchop":411,"stat.drop.minecraft.cyan_glazed_terracotta":1,"stat.useItem.minecraft.stone_slab2":425,"stat.craftItem.minecraft.furnace":169,"stat.drop.minecraft.end_crystal":1,"stat.drop.minecraft.golden_helmet":4,"stat.pickup.minecraft.green_glazed_terracotta":13,"stat.drop.minecraft.cooked_rabbit":8,"stat.mineBlock.minecraft.noteblock":201,"stat.useItem.minecraft.brick_block":3670,"stat.drop.minecraft.iron_helmet":6,"stat.drop.minecraft.spider_eye":4007,"stat.craftItem.minecraft.beacon":69,"stat.useItem.minecraft.iron_door":65,"stat.useItem.minecraft.totem_of_undying":2,"stat.useItem.minecraft.brown_shulker_box":748,"stat.breakItem.minecraft.diamond_pickaxe":18,"stat.craftItem.minecraft.end_rod":500,"stat.drop.minecraft.magenta_shulker_box":1,"stat.craftItem.minecraft.jungle_stairs":624,"stat.pickup.minecraft.brown_shulker_box":775,"stat.entityKilledBy.Skeleton":2,"stat.useItem.minecraft.dropper":1062,"stat.useItem.minecraft.diamond_block":45,"stat.mineBlock.minecraft.stone_slab":14770,"stat.useItem.minecraft.hay_block":3512,"stat.drop.minecraft.dark_oak_door":4,"stat.drop.minecraft.stone_hoe":1,"stat.useItem.minecraft.snowball":142,"stat.entityKilledBy.VindicationIllager":2,"stat.drop.minecraft.boat":3,"stat.drop.minecraft.cobblestone_wall":95,"stat.pickup.minecraft.vine":1012,"stat.craftItem.minecraft.leather_chestplate":30,"stat.useItem.minecraft.cake":27,"stat.useItem.minecraft.banner":587,"stat.entityKilledBy.Slime":9,"stat.drop.minecraft.golden_rail":17,"stat.mineBlock.minecraft.yellow_glazed_terracotta":34,"stat.craftItem.minecraft.emerald":27977,"stat.craftItem.minecraft.dye":57988,"stat.craftItem.minecraft.diamond_axe":19,"stat.mineBlock.minecraft.gold_ore":1260,"stat.pickup.minecraft.fire_charge":4,"stat.pickup.minecraft.wheat":21161,"stat.craftItem.minecraft.sandstone":2788,"stat.craftItem.minecraft.purpur_pillar":3071,"stat.mineBlock.minecraft.mossy_cobblestone":267,"stat.drop.minecraft.purpur_stairs":8,"stat.pickup.minecraft.sign":1674,"stat.drop.minecraft.black_shulker_box":39,"stat.useItem.minecraft.heavy_weighted_pressure_plate":281,"stat.useItem.minecraft.iron_trapdoor":849,"stat.pickup.minecraft.iron_ingot":3086,"stat.useItem.minecraft.dark_oak_boat":75,"stat.craftItem.minecraft.lever":816,"stat.pickup.minecraft.gunpowder":5157,"stat.drop.minecraft.wooden_sword":1,"stat.drop.minecraft.iron_shovel":11,"stat.useItem.minecraft.dispenser":319,"stat.pickup.minecraft.cookie":249,"stat.brewingstandInteraction":1760,"stat.useItem.minecraft.stone_brick_stairs":1326,"stat.mineBlock.minecraft.torch":4214,"stat.mineBlock.minecraft.red_flower":2579,"stat.pickup.minecraft.written_book":30,"stat.tradedWithVillager":22714,"stat.useItem.minecraft.birch_fence":71,"stat.pickup.minecraft.rabbit_hide":331,"stat.pickup.minecraft.diamond_axe":59,"stat.drop.minecraft.red_glazed_terracotta":3,"stat.useItem.minecraft.snow_layer":524,"stat.pickup.minecraft.shulker_shell":1846,"stat.drop.minecraft.item_frame":6,"stat.pickup.minecraft.noteblock":212,"stat.useItem.minecraft.tnt":731,"stat.useItem.minecraft.lava_bucket":784,"stat.useItem.minecraft.gold_ore":163,"stat.pickup.minecraft.red_mushroom_block":7373,"stat.useItem.minecraft.melon":364,"stat.pickup.minecraft.pink_glazed_terracotta":183,"stat.craftItem.minecraft.wheat":4827,"stat.useItem.minecraft.item_frame":772,"stat.useItem.minecraft.stained_hardened_clay":34865,"stat.useItem.minecraft.concrete":82780,"stat.killEntity.Stray":20,"stat.mineBlock.minecraft.purpur_slab":359,"stat.craftItem.minecraft.cookie":319,"stat.mobKills":196136,"stat.pickup.minecraft.diamond_boots":54,"stat.mineBlock.minecraft.bookshelf":393,"stat.drop.minecraft.written_book":5,"stat.useItem.minecraft.boat":110,"stat.craftItem.minecraft.lead":74,"stat.useItem.minecraft.mossy_cobblestone":145,"stat.pickup.minecraft.diamond":1888,"stat.pickup.minecraft.brown_mushroom_block":5057,"stat.craftItem.minecraft.spruce_stairs":1752,"stat.craftItem.minecraft.map":208,"stat.armorCleaned":3,"stat.useItem.minecraft.string":1033,"stat.drop.minecraft.mutton":61,"stat.craftItem.minecraft.yellow_glazed_terracotta":6,"stat.drop.minecraft.shield":2,"stat.useItem.minecraft.poisonous_potato":3,"stat.useItem.minecraft.gray_shulker_box":905,"stat.pickup.minecraft.golden_boots":19,"stat.pickup.minecraft.glowstone_dust":239,"stat.drop.minecraft.bowl":16,"stat.drop.minecraft.wooden_door":1,"stat.mineBlock.minecraft.red_mushroom":72,"stat.mineBlock.minecraft.stone_brick_stairs":560,"stat.pickup.minecraft.splash_potion":11,"stat.pickup.minecraft.observer":1214,"stat.craftItem.minecraft.fire_charge":537,"stat.craftItem.minecraft.lit_pumpkin":1538,"stat.craftItem.minecraft.cobblestone_wall":708,"stat.craftItem.minecraft.stone_sword":6,"stat.mineBlock.minecraft.snow_layer":1283,"stat.pickup.minecraft.chainmail_chestplate":7,"stat.craftItem.minecraft.slime":2755,"stat.hopperInspected":3660,"stat.drop.minecraft.diamond":1271,"stat.pickup.minecraft.packed_ice":5656,"stat.breakItem.minecraft.flint_and_steel":5,"stat.pickup.minecraft.ghast_tear":174,"stat.craftItem.minecraft.birch_door":3,"stat.pickup.minecraft.armor_stand":75,"stat.drop.minecraft.purple_shulker_box":168,"stat.drop.minecraft.green_shulker_box":10,"stat.drop.minecraft.wooden_pressure_plate":18,"stat.useItem.minecraft.minecart":533,"stat.useItem.minecraft.cooked_mutton":3024,"stat.drop.minecraft.diamond_helmet":13,"stat.pickup.minecraft.totem_of_undying":5,"stat.drop.minecraft.wooden_button":18,"stat.drop.minecraft.acacia_stairs":8,"stat.killEntity.Horse":98,"stat.craftItem.minecraft.fence_gate":209,"stat.pickup.minecraft.acacia_stairs":72,"stat.drop.minecraft.fireworks":787,"stat.pickup.minecraft.pumpkin_seeds":358,"stat.pickup.minecraft.fermented_spider_eye":10,"stat.mineBlock.minecraft.soul_sand":20852,"stat.mineBlock.minecraft.jungle_stairs":398,"stat.pickup.minecraft.blaze_rod":7211,"stat.drop.minecraft.chest":75,"stat.drop.minecraft.white_shulker_box":23,"stat.pickup.minecraft.netherrack":307461,"stat.pickup.minecraft.pumpkin":1349,"stat.pickup.minecraft.spruce_door":17,"stat.useItem.minecraft.fish":89,"stat.drop.minecraft.hopper":17,"stat.useItem.minecraft.sponge":2005,"stat.mineBlock.minecraft.ice":3304,"stat.craftItem.minecraft.redstone_torch":5632,"stat.craftItem.minecraft.iron_hoe":1,"stat.useItem.minecraft.experience_bottle":32,"stat.drop.minecraft.book":3,"stat.drop.minecraft.milk_bucket":2,"stat.dropperInspected":2916,"stat.mineBlock.minecraft.nether_wart_block":54,"stat.pickup.minecraft.emerald_ore":48,"stat.useItem.minecraft.golden_rail":2864,"stat.craftItem.minecraft.detector_rail":150,"stat.drop.minecraft.bone":391,"stat.craftItem.minecraft.wooden_button":85,"stat.pickup.minecraft.slime":3102,"stat.pickup.minecraft.iron_leggings":3,"stat.killEntity.Llama":173,"stat.mineBlock.minecraft.snow":7458,"stat.entityKilledBy.Villager":1,"stat.mineBlock.minecraft.beacon":105,"stat.drop.minecraft.reeds":1085,"stat.craftItem.minecraft.leather":62,"stat.drop.minecraft.tnt_minecart":2,"stat.useItem.minecraft.torch":17825,"stat.pickup.minecraft.golden_apple":43,"stat.useItem.minecraft.log":7851,"stat.useItem.minecraft.comparator":637,"stat.craftItem.minecraft.crafting_table":216,"stat.drop.minecraft.end_stone":58,"stat.pickup.minecraft.magenta_glazed_terracotta":61,"stat.craftItem.minecraft.boat":13,"stat.mineBlock.minecraft.emerald_ore":72,"stat.useItem.minecraft.cooked_fish":1079,"stat.drop.minecraft.sign":67,"stat.useItem.minecraft.nether_wart_block":235,"stat.pickup.minecraft.compass":2,"stat.drop.minecraft.stonebrick":1026,"stat.drop.minecraft.planks":1855,"stat.pickup.minecraft.sapling":5779,"stat.drop.minecraft.bow":199,"stat.pickup.minecraft.beetroot":1624,"stat.drop.minecraft.golden_chestplate":21,"stat.killEntity.WitherSkeleton":3850,"stat.useItem.minecraft.wooden_pressure_plate":89,"stat.drop.minecraft.cake":7,"stat.pickup.minecraft.rabbit":176,"stat.mineBlock.minecraft.orange_shulker_box":319,"stat.drop.minecraft.yellow_flower":203,"stat.pickup.minecraft.yellow_flower":1370,"stat.useItem.minecraft.fishing_rod":11823,"stat.craftItem.minecraft.diamond_chestplate":5,"stat.pickup.minecraft.bone":2905,"stat.useItem.minecraft.mushroom_stew":18,"stat.pickup.minecraft.redstone_torch":1194,"stat.horseOneCm":3461508,"stat.drop.minecraft.glowstone_dust":22,"stat.drop.minecraft.prismarine_crystals":33,"stat.pickup.minecraft.beetroot_soup":9,"stat.mineBlock.minecraft.acacia_fence":20,"stat.craftItem.minecraft.diamond_helmet":1,"stat.enderchestOpened":12979,"stat.pickup.minecraft.golden_helmet":9,"stat.drop.minecraft.writable_book":2,"stat.drop.minecraft.brick":2,"stat.useItem.minecraft.jungle_boat":34,"stat.mineBlock.minecraft.black_glazed_terracotta":368,"stat.craftItem.minecraft.trapdoor":2118,"stat.useItem.minecraft.yellow_glazed_terracotta":463,"stat.craftItem.minecraft.glass_bottle":39,"stat.pickup.minecraft.soul_sand":19544,"stat.useItem.minecraft.cooked_beef":1397,"stat.pickup.minecraft.cactus":636,"stat.pickup.minecraft.dragon_egg":14,"stat.drop.minecraft.clay_ball":139,"stat.pickup.minecraft.redstone":14517,"stat.craftItem.minecraft.book":145,"stat.craftItem.minecraft.acacia_door":3,"stat.drop.minecraft.name_tag":53,"stat.pickup.minecraft.mossy_cobblestone":233,"stat.craftItem.minecraft.cake":30,"stat.pickup.minecraft.cake":2,"stat.drop.minecraft.iron_bars":154,"stat.useItem.minecraft.cooked_porkchop":435,"stat.pickup.minecraft.carpet":3311,"stat.pickup.minecraft.diamond_shovel":45,"stat.mineBlock.minecraft.lime_shulker_box":619,"stat.drop.minecraft.bedrock":1,"stat.useItem.minecraft.sea_lantern":5163,"stat.pickup.minecraft.nether_star":75,"stat.useItem.minecraft.spruce_fence":1753,"stat.pickup.minecraft.sandstone_stairs":221,"stat.craftItem.minecraft.chest_minecart":22,"stat.craftItem.minecraft.stick":12874,"stat.craftItem.minecraft.stained_hardened_clay":48080,"stat.craftItem.minecraft.gold_nugget":8616,"stat.pickup.minecraft.grass":102185,"stat.useItem.minecraft.magenta_glazed_terracotta":150,"stat.useItem.minecraft.stone_pressure_plate":222,"stat.drop.minecraft.leaves":327,"stat.pickup.minecraft.diamond_chestplate":16,"stat.entityKilledBy.Creeper":3,"stat.pickup.minecraft.blue_shulker_box":741,"stat.drop":12000,"stat.killEntity.Sheep":1339,"stat.drop.minecraft.iron_boots":1,"stat.useItem.minecraft.light_blue_glazed_terracotta":1771,"stat.drop.minecraft.flower_pot":2,"stat.drop.minecraft.nether_wart":102,"stat.pickup.minecraft.record_strad":4,"stat.killEntity.EvocationIllager":5,"stat.drop.minecraft.cooked_beef":50,"stat.pickup.minecraft.black_glazed_terracotta":461,"stat.killEntity.Slime":16409,"stat.mineBlock.minecraft.anvil":206,"stat.useItem.minecraft.blue_glazed_terracotta":556,"stat.useItem.minecraft.waterlily":86,"stat.mineBlock.minecraft.deadbush":198,"stat.useItem.minecraft.black_glazed_terracotta":1020,"stat.mineBlock.minecraft.purpur_pillar":660,"stat.useItem.minecraft.flower_pot":155,"stat.drop.minecraft.piston":18,"stat.drop.minecraft.bed":10,"stat.drop.minecraft.glass":316,"stat.drop.minecraft.magma_cream":31,"stat.craftItem.minecraft.flint_and_steel":16,"stat.useItem.minecraft.redstone_lamp":331,"stat.mineBlock.minecraft.leaves2":35484,"stat.mineBlock.minecraft.stone_stairs":188,"stat.craftItem.minecraft.iron_bars":2992,"stat.pickup.minecraft.dark_oak_fence":1388,"stat.craftItem.minecraft.netherbrick":686,"stat.pickup.minecraft.oak_stairs":85,"stat.pickup.minecraft.emerald_block":941,"stat.pickup.minecraft.stained_glass":15067,"stat.craftItem.minecraft.bowl":8,"stat.useItem.minecraft.cyan_glazed_terracotta":241,"stat.craftItem.minecraft.stone_shovel":2,"stat.pickup.minecraft.boat":107,"stat.pickup.minecraft.stick":1991,"stat.drop.minecraft.vine":9,"stat.drop.minecraft.iron_block":762,"stat.craftItem.minecraft.writable_book":17,"stat.useItem.minecraft.redstone_block":1183,"stat.drop.minecraft.white_glazed_terracotta":64,"stat.pickup.minecraft.chorus_fruit":1668,"stat.craftItem.minecraft.red_nether_brick":812,"stat.drop.minecraft.deadbush":2,"stat.drop.minecraft.crafting_table":17,"stat.useItem.minecraft.iron_block":13230,"stat.mineBlock.minecraft.quartz_ore":12958,"stat.pickup.minecraft.concrete_powder":72900,"stat.craftItem.minecraft.tnt":1279,"stat.drop.minecraft.filled_map":24,"stat.drop.minecraft.diamond_boots":10,"stat.pickup.minecraft.dragon_breath":287,"stat.craftItem.minecraft.jungle_fence":615,"stat.useItem.minecraft.golden_apple":22,"stat.craftItem.minecraft.purpur_slab":6388,"stat.useItem.minecraft.map":25,"stat.drop.minecraft.dark_oak_boat":1,"stat.killEntity.Parrot":7,"stat.pickup.minecraft.jungle_fence":222,"stat.mineBlock.minecraft.sandstone":1269,"stat.craftItem.minecraft.stone_pressure_plate":287,"stat.drop.minecraft.feather":260,"stat.drop.minecraft.brick_block":1,"stat.useItem.minecraft.birch_boat":46,"stat.mineBlock.minecraft.wooden_slab":4831,"stat.pickup.minecraft.leather_boots":49,"stat.drop.minecraft.sand":3259,"stat.drop.minecraft.gold_ingot":10,"stat.mineBlock.minecraft.brick_block":848,"stat.drop.minecraft.cooked_mutton":577,"stat.craftItem.minecraft.bed":72,"stat.mineBlock.minecraft.vine":1374,"stat.pickup.minecraft.melon_block":354,"stat.drop.minecraft.gravel":1319,"stat.useItem.minecraft.pumpkin_seeds":405,"stat.killEntity.ZombieVillager":193,"stat.useItem.minecraft.double_plant":410,"stat.pickup.minecraft.beef":975,"stat.pickup.minecraft.leather_helmet":15,"stat.useItem.minecraft.trapdoor":3044,"stat.mineBlock.minecraft.stained_hardened_clay":26669,"stat.useItem.minecraft.blue_shulker_box":729,"stat.craftItem.minecraft.prismarine":914,"stat.drop.minecraft.stone_pressure_plate":5,"stat.drop.minecraft.lead":5,"stat.useItem.minecraft.dark_oak_door":19,"stat.pickup.minecraft.magenta_shulker_box":300,"stat.mineBlock.minecraft.dark_oak_fence_gate":116,"stat.useItem.minecraft.wooden_button":161,"stat.craftItem.minecraft.dropper":755,"stat.useItem.minecraft.lingering_potion":6,"stat.useItem.minecraft.dye":11191,"stat.mineBlock.minecraft.stone_slab2":146,"stat.mineBlock.minecraft.stone_pressure_plate":71,"stat.drop.minecraft.glass_bottle":5389,"stat.useItem.minecraft.jukebox":103,"stat.mineBlock.minecraft.tallgrass":5495,"stat.useItem.minecraft.splash_potion":60,"stat.craftItem.minecraft.light_weighted_pressure_plate":9,"stat.drop.minecraft.chorus_flower":56,"stat.killEntity.Ghast":704,"stat.useItem.minecraft.ender_chest":2826,"stat.pickup.minecraft.acacia_fence_gate":4,"stat.useItem.minecraft.clay":1768,"stat.drop.minecraft.iron_pickaxe":1,"stat.mineBlock.minecraft.chest":971,"stat.drop.minecraft.melon_block":8,"stat.mineBlock.minecraft.hardened_clay":55383,"stat.craftItem.minecraft.hopper":2004,"stat.drop.minecraft.concrete_powder":252,"stat.pickup.minecraft.nether_brick_fence":477,"stat.useItem.minecraft.purple_glazed_terracotta":256,"stat.pickup.minecraft.yellow_shulker_box":1311,"stat.useItem.minecraft.reeds":1229,"stat.craftItem.minecraft.wooden_sword":2,"stat.craftItem.minecraft.nether_brick":14944,"stat.pickup.minecraft.wheat_seeds":17493,"stat.mineBlock.minecraft.glass":1996,"stat.pickup.minecraft.poisonous_potato":38,"stat.pickup.minecraft.brewing_stand":70,"stat.drop.minecraft.porkchop":151,"stat.pickup.minecraft.light_blue_shulker_box":518,"stat.useItem.minecraft.cobblestone":37867,"stat.craftItem.minecraft.leather_boots":16,"stat.minecartOneCm":14384652,"stat.pickup.minecraft.brown_glazed_terracotta":32,"stat.pickup.minecraft.iron_pickaxe":6,"stat.mineBlock.minecraft.end_rod":1011,"stat.drop.minecraft.carrot":1163,"stat.pickup.minecraft.hopper":2116,"stat.pickup.minecraft.apple":431,"stat.pickup.minecraft.banner":402,"stat.craftItem.minecraft.carrot_on_a_stick":2,"stat.pickup.minecraft.carrot_on_a_stick":5,"stat.itemEnchanted":49,"stat.useItem.minecraft.acacia_boat":8,"stat.mineBlock.minecraft.heavy_weighted_pressure_plate":198,"stat.useItem.minecraft.wooden_door":1566,"stat.craftItem.minecraft.paper":78887,"stat.pickup.minecraft.red_flower":3867,"stat.drop.minecraft.grass":1422,"stat.craftItem.minecraft.trapped_chest":90,"stat.pickup.minecraft.trapped_chest":198,"stat.drop.minecraft.pumpkin":127,"stat.mineBlock.minecraft.orange_glazed_terracotta":139,"stat.useItem.minecraft.iron_axe":511,"stat.useItem.minecraft.orange_glazed_terracotta":291,"stat.mineBlock.minecraft.silver_glazed_terracotta":159,"stat.mineBlock.minecraft.yellow_flower":1490,"stat.useItem.minecraft.concrete_powder":96578,"stat.pickup.minecraft.glowstone":1757,"stat.craftItem.minecraft.arrow":250,"stat.pickup.minecraft.sticky_piston":964,"stat.craftItem.minecraft.beetroot_soup":53,"stat.useItem.minecraft.egg":2406,"stat.craftItem.minecraft.cooked_beef":229,"stat.mineBlock.minecraft.obsidian":3933,"stat.pickup.minecraft.shears":21,"stat.drop.minecraft.quartz_stairs":1,"stat.craftItem.minecraft.bow":240,"stat.flyOneCm":263983055,"stat.drop.minecraft.heavy_weighted_pressure_plate":1,"stat.pickup.minecraft.sandstone":1241,"stat.pickup.minecraft.fish":5531,"stat.craftItem.minecraft.emerald_block":1517,"stat.pickup.minecraft.quartz_ore":2160,"stat.drop.minecraft.repeater":48,"stat.craftItem.minecraft.concrete_powder":92420,"stat.mineBlock.minecraft.coal_ore":11367,"stat.pickup.minecraft.shield":9,"stat.talkedToVillager":5057,"stat.mineBlock.minecraft.red_mushroom_block":11667,"stat.pickup.minecraft.string":3649,"stat.craftItem.minecraft.blue_glazed_terracotta":16,"stat.useItem.minecraft.milk_bucket":145,"stat.drop.minecraft.jungle_stairs":4,"stat.useItem.minecraft.dragon_egg":14,"stat.pickup.minecraft.bone_block":444,"stat.pickup.minecraft.fireworks":2123,"stat.useItem.minecraft.brown_mushroom_block":4707,"stat.drop.minecraft.redstone_ore":4,"stat.craftItem.minecraft.golden_sword":5,"stat.useItem.minecraft.wooden_sword":16,"stat.breakItem.minecraft.iron_shovel":1,"stat.useItem.minecraft.ladder":895,"stat.useItem.minecraft.birch_stairs":159,"stat.craftItem.minecraft.sandstone_stairs":296,"stat.diveOneCm":22795210,"stat.craftItem.minecraft.ladder":549,"stat.drop.minecraft.dark_oak_fence":36,"stat.mineBlock.minecraft.stone_button":182,"stat.useItem.minecraft.chicken":4,"stat.useItem.minecraft.tnt_minecart":2,"stat.drop.minecraft.apple":7,"stat.mineBlock.minecraft.blue_shulker_box":728,"stat.jump":744948,"stat.useItem.minecraft.sand":153716,"stat.mineBlock.minecraft.light_blue_glazed_terracotta":432,"stat.craftItem.minecraft.torch":11065,"stat.mineBlock.minecraft.spruce_fence_gate":38,"stat.useItem.minecraft.glass":2135,"stat.useItem.minecraft.sapling":3457,"stat.useItem.minecraft.end_crystal":15,"stat.mineBlock.minecraft.melon_block":356,"stat.useItem.minecraft.gold_block":622,"stat.useItem.minecraft.purple_shulker_box":4009,"stat.cauldronUsed":71,"stat.drop.minecraft.nether_brick_fence":91,"stat.pickup.minecraft.quartz_block":2821,"stat.killEntity.Shulker":731,"stat.killEntity.Silverfish":229,"stat.entityKilledBy.LavaSlime":1,"stat.craftItem.minecraft.stone_slab":32512,"stat.animalsBred":3824,"stat.useItem.minecraft.chest":1354,"stat.mineBlock.minecraft.light_blue_shulker_box":509,"stat.drop.minecraft.diamond_ore":4,"stat.useItem.minecraft.observer":2589,"stat.shulkerBoxOpened":52561,"stat.craftItem.minecraft.iron_chestplate":8,"stat.drop.minecraft.potato":1341,"stat.drop.minecraft.wooden_slab":647,"stat.breakItem.minecraft.stone_hoe":1,"stat.pickup.minecraft.ladder":527,"stat.useItem.minecraft.tripwire_hook":179,"stat.mineBlock.minecraft.stonebrick":21095,"stat.craftItem.minecraft.purpur_stairs":1656,"stat.mineBlock.minecraft.glowstone":1829,"stat.useItem.minecraft.cobblestone_wall":1072,"stat.pickup.minecraft.iron_horse_armor":4,"stat.useItem.minecraft.writable_book":101,"stat.drop.minecraft.quartz_block":103,"stat.mineBlock.minecraft.red_glazed_terracotta":45,"stat.useItem.minecraft.purpur_slab":596,"stat.drop.minecraft.shears":13,"stat.craftItem.minecraft.compass":150,"stat.pickup.minecraft.jungle_boat":59,"stat.pickup.minecraft.dark_oak_fence_gate":99,"stat.useItem.minecraft.end_bricks":419,"stat.drop.minecraft.waterlily":50,"stat.pigOneCm":94264,"stat.pickup.minecraft.deadbush":117,"stat.pickup.minecraft.record_stal":5,"stat.useItem.minecraft.lead":19,"stat.pickup.minecraft.lapis_block":128,"stat.drop.minecraft.red_nether_brick":64,"stat.drop.minecraft.trapdoor":36,"stat.useItem.minecraft.fire_charge":3,"stat.pickup.minecraft.porkchop":247,"stat.pickup.minecraft.glass":3219,"stat.useItem.minecraft.pink_shulker_box":45,"stat.useItem.minecraft.water_bucket":2887,"stat.mineBlock.minecraft.jungle_fence_gate":2,"stat.craftItem.minecraft.dark_oak_fence":915,"stat.pickup.minecraft.hardened_clay":54743,"stat.entityKilledBy.Spider":1,"stat.pickup.minecraft.name_tag":63,"stat.drop.minecraft.hardened_clay":456,"stat.useItem.minecraft.record_cat":24,"stat.drop.minecraft.splash_potion":10,"stat.useItem.minecraft.ender_pearl":2112,"stat.useItem.minecraft.brown_mushroom":48,"stat.craftItem.minecraft.cooked_fish":642,"stat.craftItem.minecraft.blaze_powder":1388,"stat.useItem.minecraft.oak_stairs":287,"stat.mineBlock.minecraft.white_glazed_terracotta":125,"stat.useItem.minecraft.dark_oak_stairs":1208,"stat.drop.minecraft.stone_slab":1166,"stat.pickup.minecraft.filled_map":808,"stat.useItem.minecraft.redstone":7386,"stat.mineBlock.minecraft.end_bricks":510,"stat.pickup.minecraft.iron_chestplate":8,"stat.craftItem.minecraft.nether_wart_block":334,"stat.mineBlock.minecraft.red_shulker_box":1719,"stat.useItem.minecraft.pumpkin_pie":63,"stat.mineBlock.minecraft.brick_stairs":159,"stat.useItem.minecraft.hopper":4014,"stat.craftItem.minecraft.heavy_weighted_pressure_plate":152,"stat.mineBlock.minecraft.oak_stairs":85,"stat.pickup.minecraft.birch_door":4,"stat.drop.minecraft.string":244,"stat.useItem.minecraft.jungle_stairs":969,"stat.pickup.minecraft.diamond_block":24,"stat.useItem.minecraft.shears":36620,"stat.pickup.minecraft.iron_bars":1238,"stat.drop.minecraft.ice":471,"stat.pickup.minecraft.red_glazed_terracotta":48,"stat.craftItem.minecraft.carpet":8199,"stat.craftItem.minecraft.dark_oak_stairs":1420,"stat.craftItem.minecraft.golden_rail":1026,"stat.useItem.minecraft.quartz_ore":2059,"stat.pickup.minecraft.cooked_chicken":1060,"stat.useItem.minecraft.nether_brick_fence":2846,"stat.pickup.minecraft.red_mushroom":1313,"stat.useItem.minecraft.iron_hoe":251,"stat.pickup.minecraft.comparator":347,"stat.drop.minecraft.leaves2":129,"stat.drop.minecraft.iron_leggings":2,"stat.pickup.minecraft.record_cat":46,"stat.mineBlock.minecraft.spruce_fence":994,"stat.useItem.minecraft.yellow_shulker_box":1156,"stat.craftItem.minecraft.dark_oak_fence_gate":142,"stat.useItem.minecraft.record_chirp":4,"stat.useItem.minecraft.stone_sword":155,"stat.craftItem.minecraft.iron_leggings":6,"stat.pickup.minecraft.redstone_ore":533,"stat.pickup.minecraft.chainmail_boots":9,"stat.drop.minecraft.stick":3934,"stat.pickup.minecraft.record_13":29,"stat.mineBlock.minecraft.quartz_stairs":594,"stat.mineBlock.minecraft.monster_egg":100,"stat.pickup.minecraft.record_11":2,"stat.useItem.minecraft.bone_block":1078,"stat.drop.minecraft.stone_brick_stairs":188,"stat.mineBlock.minecraft.pink_shulker_box":45,"stat.killEntity.LavaSlime":2709,"stat.mineBlock.minecraft.golden_rail":1349,"stat.pickup.minecraft.tallgrass":1219,"stat.drop.minecraft.lapis_block":14,"stat.breakItem.minecraft.iron_helmet":1,"stat.entityKilledBy.Enderman":2,"stat.mineBlock.minecraft.iron_block":6533,"stat.drop.minecraft.clay":5,"stat.useItem.minecraft.beetroot_soup":53,"stat.killEntity.PolarBear":3,"stat.craftItem.minecraft.snow":727,"stat.pickup.minecraft.diamond_helmet":43,"stat.useItem.minecraft.jungle_door":5,"stat.craftItem.minecraft.cooked_chicken":18,"stat.useItem.minecraft.stone_hoe":269,"stat.useItem.minecraft.beetroot_seeds":1571,"stat.mineBlock.minecraft.cobblestone_wall":560,"stat.useItem.minecraft.beetroot":414,"stat.pickup.minecraft.chest":1253,"stat.useItem.minecraft.web":1082,"stat.craftItem.minecraft.leather_leggings":18,"stat.drop.minecraft.red_shulker_box":123,"stat.useItem.minecraft.record_ward":1,"stat.drop.minecraft.beetroot":137,"stat.pickup.minecraft.lit_pumpkin":964,"stat.useItem.minecraft.repeater":3297,"stat.pickup.minecraft.record_blocks":2,"stat.drop.minecraft.leather_helmet":10,"stat.craftItem.minecraft.stone_brick_stairs":1012,"stat.craftItem.minecraft.acacia_fence_gate":1,"stat.mineBlock.minecraft.diamond_block":22,"stat.drop.minecraft.brown_mushroom":504,"stat.pickup.minecraft.purpur_block":587,"stat.pickup.minecraft.enchanting_table":43,"stat.useItem.minecraft.detector_rail":204,"stat.craftItem.minecraft.melon_block":12456,"stat.pickup.minecraft.tnt_minecart":3,"stat.mineBlock.minecraft.magma":5654,"stat.pickup.minecraft.quartz_stairs":702,"stat.pickup.minecraft.gold_block":433,"stat.mineBlock.minecraft.redstone_block":346,"stat.useItem.minecraft.stone_shovel":302,"stat.useItem.minecraft.red_mushroom":230,"stat.drop.minecraft.wheat_seeds":3809,"stat.craftItem.minecraft.wooden_slab":13068,"stat.useItem.minecraft.sign":5395,"stat.drop.minecraft.golden_boots":10,"stat.drop.minecraft.mycelium":924,"stat.drop.minecraft.beetroot_seeds":147,"stat.useItem.minecraft.acacia_stairs":158,"stat.mineBlock.minecraft.nether_brick":3711,"stat.craftItem.minecraft.nether_brick_fence":2616,"stat.mineBlock.minecraft.red_sandstone_stairs":159,"stat.drop.minecraft.log2":326,"stat.craftItem.minecraft.brick_block":3851,"stat.craftItem.minecraft.stone_slab2":466,"stat.drop.minecraft.potion":58,"stat.drop.minecraft.carrot_on_a_stick":4,"stat.craftItem.minecraft.stone":11545,"stat.mineBlock.minecraft.crafting_table":784,"stat.useItem.minecraft.diamond_pickaxe":1326088,"stat.useItem.minecraft.carrot":1986,"stat.useItem.minecraft.ender_eye":52,"stat.drop.minecraft.golden_apple":5,"stat.pickup.minecraft.slime_ball":21121,"stat.useItem.minecraft.purpur_block":514,"stat.drop.minecraft.blaze_rod":3,"stat.craftItem.minecraft.diamond_pickaxe":34,"stat.craftItem.minecraft.jukebox":68,"stat.useItem.minecraft.record_wait":2,"stat.useItem.minecraft.diamond_axe":95232,"stat.pickup.minecraft.purpur_stairs":240,"stat.pickup.minecraft.stone_brick_stairs":739,"stat.drop.minecraft.cooked_porkchop":28,"stat.craftItem.minecraft.brick_stairs":432,"stat.pickup.minecraft.brick":205,"stat.craftItem.minecraft.bread":1332,"stat.useItem.minecraft.mycelium":6899,"stat.pickup.minecraft.diamond_ore":512,"stat.useItem.minecraft.cooked_chicken":2120,"stat.pickup.minecraft.iron_ore":5598,"stat.pickup.minecraft.snow":7226,"stat.mineBlock.minecraft.iron_bars":1244,"stat.pickup.minecraft.leaves":8798,"stat.pickup.minecraft.reeds":5432,"stat.pickup.minecraft.prismarine_crystals":3245,"stat.useItem.minecraft.magma":1142,"stat.drop.minecraft.cooked_chicken":259,"stat.craftItem.minecraft.baked_potato":173,"stat.killEntity.Pig":159,"stat.craftItem.minecraft.iron_sword":7,"stat.breakItem.minecraft.fishing_rod":16,"stat.playerKills":1,"stat.mineBlock.minecraft.trapped_chest":206,"stat.useItem.minecraft.dark_oak_fence_gate":154,"stat.useItem.minecraft.emerald_block":1155,"stat.useItem.minecraft.spruce_boat":139,"stat.drop.minecraft.slime":262,"stat.drop.minecraft.diamond_leggings":13,"stat.drop.minecraft.emerald":328,"stat.useItem.minecraft.leaves":4458,"stat.killEntity.Skeleton":1556,"stat.pickup.minecraft.record_mellohi":11,"stat.pickup.minecraft.record_mall":2,"stat.killEntity.Spider":656,"stat.drop.minecraft.end_rod":53,"stat.craftItem.minecraft.spruce_fence":945,"stat.killEntity.Mule":68,"stat.pickup.minecraft.birch_fence":31,"stat.pickup.minecraft.blue_glazed_terracotta":159,"stat.pickup.minecraft.water_bucket":29,"stat.drop.minecraft.prismarine":458,"stat.craftItem.minecraft.coal_block":1240}