{"stat.craftItem.minecraft.chorus_fruit_popped":1,"stat.useItem.minecraft.bow":513,"stat.useItem.minecraft.quartz_block":747,"stat.useItem.minecraft.painting":193,"stat.drop.minecraft.gunpowder":39,"stat.drop.minecraft.redstone":1,"stat.pickup.minecraft.dark_oak_boat":11,"stat.mineBlock.minecraft.stained_glass":215,"stat.drop.minecraft.enchanted_book":1,"stat.mineBlock.minecraft.web":89,"stat.pickup.minecraft.rotten_flesh":1450,"stat.mineBlock.minecraft.purpur_stairs":4,"stat.craftItem.minecraft.stone_axe":11,"stat.drop.minecraft.leather_boots":147,"stat.useItem.minecraft.vine":24,"stat.pickup.minecraft.cobblestone_wall":966,"stat.pickup.minecraft.bucket":15,"stat.useItem.minecraft.rail":60,"stat.killEntity.Enderman":40503,"stat.drop.minecraft.elytra":3,"stat.useItem.minecraft.anvil":41,"stat.craftItem.minecraft.iron_shovel":6,"stat.mineBlock.minecraft.emerald_block":60,"stat.pickup.minecraft.brown_mushroom":377,"stat.mineBlock.minecraft.end_stone":142,"stat.killEntity.Villager":2,"stat.useItem.minecraft.iron_pickaxe":1039,"stat.pickup.minecraft.stained_hardened_clay":1462,"stat.drop.minecraft.ender_eye":16,"stat.pickup.minecraft.double_plant":522,"stat.craftItem.minecraft.glass_pane":1504,"stat.useItem.minecraft.hardened_clay":9,"stat.drop.minecraft.diamond_chestplate":1,"stat.pickup.minecraft.light_weighted_pressure_plate":1,"stat.mineBlock.minecraft.sticky_piston":22,"stat.pickup.minecraft.wooden_shovel":2,"stat.furnaceInteraction":333,"stat.useItem.minecraft.nether_wart":246,"stat.mineBlock.minecraft.chorus_plant":37,"stat.pickup.minecraft.nether_brick":479,"stat.useItem.minecraft.end_stone":53,"stat.mineBlock.minecraft.wooden_button":4,"stat.drop.minecraft.cactus":21,"stat.pickup.minecraft.hay_block":13,"stat.pickup.minecraft.cyan_shulker_box":59,"stat.useItem.minecraft.fence":267,"stat.craftItem.minecraft.daylight_detector":14,"stat.useItem.minecraft.cauldron":19,"stat.useItem.minecraft.flint_and_steel":149,"stat.mineBlock.minecraft.fence":197,"stat.useItem.minecraft.wheat_seeds":3086,"stat.mineBlock.minecraft.sea_lantern":2,"stat.drop.minecraft.cooked_fish":8,"stat.killEntity.Husk":27,"stat.pickup.minecraft.emerald":86,"stat.craftItem.minecraft.dark_oak_boat":3,"stat.pickup.minecraft.lever":142,"stat.deaths":21,"stat.pickup.minecraft.egg":106,"stat.craftItem.minecraft.item_frame":354,"stat.craftItem.minecraft.wooden_shovel":4,"stat.craftItem.minecraft.iron_pickaxe":4,"stat.pickup.minecraft.glass_pane":612,"stat.pickup.minecraft.item_frame":117,"stat.pickup.minecraft.sea_lantern":66,"stat.craftItem.minecraft.repeater":101,"stat.drop.minecraft.iron_ingot":16,"stat.craftItem.minecraft.cooked_mutton":16,"stat.fishCaught":23543,"stat.pickup.minecraft.cooked_mutton":4,"stat.chestOpened":17256,"stat.useItem.minecraft.lapis_ore":54,"stat.craftItem.minecraft.sign":99,"stat.pickup.minecraft.iron_sword":8,"stat.pickup.minecraft.lapis_ore":33,"stat.craftItem.minecraft.quartz_block":1100,"stat.pickup.minecraft.gold_nugget":91,"stat.pickup.minecraft.chorus_flower":13,"stat.drop.minecraft.banner":1,"stat.craftItem.minecraft.coal":5679,"stat.drop.minecraft.dark_oak_stairs":1,"stat.craftItem.minecraft.ender_chest":15,"stat.pickup.minecraft.carrot":440,"stat.drop.minecraft.stone_sword":2,"stat.crouchOneCm":5455681,"stat.pickup.minecraft.rail":126,"stat.craftItem.minecraft.diamond":81,"stat.craftItem.minecraft.iron_ingot":5160,"stat.pickup.minecraft.ender_chest":983,"stat.drop.minecraft.slime_ball":64,"stat.craftingTableInteraction":1728,"stat.mineBlock.minecraft.wooden_pressure_plate":5,"stat.pickup.minecraft.repeater":100,"stat.pickup.minecraft.mushroom_stew":4,"stat.pickup.minecraft.wooden_pickaxe":1,"stat.mineBlock.minecraft.log2":28586,"stat.useItem.minecraft.dark_oak_fence":623,"stat.pickup.minecraft.dye":7519,"stat.pickup.minecraft.planks":4988,"stat.drop.minecraft.soul_sand":1,"stat.drop.minecraft.carpet":4,"stat.mineBlock.minecraft.ender_chest":976,"stat.pickup.minecraft.ice":685,"stat.mineBlock.minecraft.daylight_detector":3,"stat.flowerPotted":55,"stat.drop.minecraft.rotten_flesh":766,"stat.pickup.minecraft.magma":751,"stat.drop.minecraft.coal_ore":5,"stat.drop.minecraft.glass_pane":16,"stat.useItem.minecraft.yellow_flower":9,"stat.drop.minecraft.sapling":257,"stat.pickup.minecraft.chicken":42,"stat.drop.minecraft.gold_nugget":36,"stat.pickup.minecraft.tipped_arrow":1,"stat.useItem.minecraft.glass_pane":1419,"stat.pickup.minecraft.end_stone":156,"stat.pickup.minecraft.coal_block":75,"stat.craftItem.minecraft.bucket":22,"stat.craftItem.minecraft.planks":65560,"stat.useItem.minecraft.iron_sword":354,"stat.craftItem.minecraft.dirt":1152,"stat.mineBlock.minecraft.prismarine":42,"stat.craftItem.minecraft.fishing_rod":12,"stat.pickup.minecraft.stone_sword":6,"stat.useItem.minecraft.daylight_detector":10,"stat.pickup.minecraft.book":933,"stat.useItem.minecraft.stonebrick":55623,"stat.craftItem.minecraft.wooden_door":3,"stat.mineBlock.minecraft.waterlily":5,"stat.pickup.minecraft.iron_door":20,"stat.drop.minecraft.leather_leggings":4,"stat.pickup.minecraft.red_nether_brick":18,"stat.pickup.minecraft.cooked_fish":423,"stat.useItem.minecraft.record_blocks":1,"stat.craftItem.minecraft.spruce_door":126,"stat.pickup.minecraft.tripwire_hook":32,"stat.pickup.minecraft.bookshelf":457,"stat.pickup.minecraft.spruce_fence_gate":1,"stat.mineBlock.minecraft.cobblestone":6382,"stat.mineBlock.minecraft.pumpkin":49,"stat.useItem.minecraft.beacon":21,"stat.pickup.minecraft.flint":59,"stat.craftItem.minecraft.quartz_stairs":144,"stat.pickup.minecraft.leather_chestplate":6,"stat.mineBlock.minecraft.concrete":18812,"stat.pickup.minecraft.flower_pot":50,"stat.mineBlock.minecraft.stained_glass_pane":566,"stat.drop.minecraft.cobblestone":2108,"stat.useItem.minecraft.chorus_flower":2,"stat.pickup.minecraft.cooked_porkchop":98,"stat.useItem.minecraft.coal_block":1,"stat.breakItem.minecraft.iron_pickaxe":3,"stat.mineBlock.minecraft.dropper":9,"stat.pickup.minecraft.iron_boots":5,"stat.pickup.minecraft.diamond_horse_armor":1,"stat.pickup.minecraft.stone_hoe":1,"stat.craftItem.minecraft.furnace":34,"stat.craftItem.minecraft.lapis_block":148,"stat.drop.minecraft.golden_helmet":5,"stat.craftItem.minecraft.iron_boots":17,"stat.pickup.minecraft.record_chirp":3,"stat.useItem.minecraft.spruce_fence_gate":32,"stat.mineBlock.minecraft.clay":190,"stat.mineBlock.minecraft.noteblock":75,"stat.pickup.minecraft.diamond_leggings":15,"stat.useItem.minecraft.brick_block":1,"stat.useItem.minecraft.melon_block":9,"stat.useItem.minecraft.wooden_slab":28431,"stat.drop.minecraft.spider_eye":14,"stat.craftItem.minecraft.beacon":2,"stat.useItem.minecraft.iron_door":17,"stat.craftItem.minecraft.iron_block":860,"stat.craftItem.minecraft.stonebrick":52379,"stat.breakItem.minecraft.diamond_pickaxe":1,"stat.craftItem.minecraft.end_rod":260,"stat.drop.minecraft.wool":81,"stat.killEntity.Creeper":347,"stat.useItem.minecraft.armor_stand":61,"stat.useItem.minecraft.silver_shulker_box":57,"stat.craftItem.minecraft.jungle_stairs":56,"stat.pickup.minecraft.birch_stairs":12,"stat.killEntity.Squid":271,"stat.useItem.minecraft.dropper":50,"stat.sprintOneCm":140978397,"stat.useItem.minecraft.diamond_block":9,"stat.mineBlock.minecraft.stone_slab":4126,"stat.drop.minecraft.leather":16,"stat.useItem.minecraft.hay_block":81,"stat.drop.minecraft.stone_hoe":1,"stat.pickup.minecraft.leather_leggings":8,"stat.craftItem.minecraft.redstone_lamp":212,"stat.drop.minecraft.cobblestone_wall":1,"stat.pickup.minecraft.sugar":10,"stat.pickup.minecraft.vine":110,"stat.useItem.minecraft.cake":1,"stat.useItem.minecraft.banner":86,"stat.entityKilledBy.Slime":1,"stat.craftItem.minecraft.emerald":1099,"stat.pickup.minecraft.iron_block":2610,"stat.killEntity.Zombie":716,"stat.craftItem.minecraft.dye":26884,"stat.craftItem.minecraft.diamond_axe":4,"stat.mineBlock.minecraft.gold_ore":756,"stat.drop.minecraft.diamond_pickaxe":5,"stat.craftItem.minecraft.slime_ball":495,"stat.pickup.minecraft.wheat":2216,"stat.mineBlock.minecraft.mossy_cobblestone":897,"stat.drop.minecraft.stone_stairs":1,"stat.pickup.minecraft.sign":160,"stat.craftItem.minecraft.cooked_porkchop":125,"stat.pickup.minecraft.obsidian":433,"stat.useItem.minecraft.iron_trapdoor":18,"stat.pickup.minecraft.coal":14984,"stat.pickup.minecraft.iron_ingot":690,"stat.useItem.minecraft.dark_oak_boat":7,"stat.craftItem.minecraft.lever":187,"stat.drop.minecraft.diamond_sword":2,"stat.pickup.minecraft.gunpowder":1009,"stat.drop.minecraft.wooden_sword":1,"stat.pickup.minecraft.dirt":33023,"stat.useItem.minecraft.coal_ore":347,"stat.drop.minecraft.iron_shovel":2,"stat.useItem.minecraft.dispenser":35,"stat.mineBlock.minecraft.lapis_ore":359,"stat.pickup.minecraft.iron_axe":5,"stat.brewingstandInteraction":39,"stat.useItem.minecraft.stone_brick_stairs":6839,"stat.mineBlock.minecraft.torch":2750,"stat.mineBlock.minecraft.red_flower":775,"stat.pickup.minecraft.written_book":10,"stat.tradedWithVillager":1167,"stat.pickup.minecraft.magma_cream":138,"stat.pickup.minecraft.ender_eye":12,"stat.noteblockTuned":16,"stat.craftItem.minecraft.comparator":69,"stat.useItem.minecraft.slime":410,"stat.useItem.minecraft.birch_fence":1,"stat.mineBlock.minecraft.fence_gate":4,"stat.pickup.minecraft.diamond_axe":17,"stat.pickup.minecraft.shulker_shell":273,"stat.mineBlock.minecraft.birch_fence":2,"stat.drop.minecraft.wheat":2,"stat.pickup.minecraft.diamond_pickaxe":33,"stat.useItem.minecraft.pumpkin":21,"stat.pickup.minecraft.noteblock":85,"stat.useItem.minecraft.tnt":5,"stat.useItem.minecraft.lava_bucket":89,"stat.drop.minecraft.netherrack":9745,"stat.pickup.minecraft.red_mushroom_block":229,"stat.craftItem.minecraft.wheat":72,"stat.useItem.minecraft.item_frame":477,"stat.useItem.minecraft.stained_hardened_clay":3720,"stat.drop.minecraft.egg":2,"stat.useItem.minecraft.redstone_ore":99,"stat.pickup.minecraft.cooked_beef":151,"stat.useItem.minecraft.concrete":15987,"stat.killEntity.Stray":1,"stat.drop.minecraft.lever":2,"stat.mineBlock.minecraft.purpur_slab":15,"stat.craftItem.minecraft.cookie":7,"stat.pickup.minecraft.dark_oak_stairs":2797,"stat.mobKills":46042,"stat.pickup.minecraft.diamond_boots":17,"stat.mineBlock.minecraft.bookshelf":665,"stat.useItem.minecraft.boat":28,"stat.craftItem.minecraft.lead":12,"stat.useItem.minecraft.mossy_cobblestone":23,"stat.pickup.minecraft.diamond":520,"stat.pickup.minecraft.brown_mushroom_block":362,"stat.craftItem.minecraft.nether_brick_stairs":256,"stat.craftItem.minecraft.spruce_stairs":3060,"stat.craftItem.minecraft.map":47,"stat.breakItem.minecraft.stone_sword":1,"stat.useItem.minecraft.string":178,"stat.drop.minecraft.mutton":1,"stat.useItem.minecraft.bookshelf":532,"stat.useItem.minecraft.soul_sand":104,"stat.killEntity.Blaze":108,"stat.drop.minecraft.skull":2,"stat.pickup.minecraft.golden_boots":12,"stat.pickup.minecraft.glowstone_dust":41,"stat.drop.minecraft.bowl":12,"stat.mineBlock.minecraft.white_shulker_box":54,"stat.mineBlock.minecraft.red_mushroom":3,"stat.mineBlock.minecraft.stone_brick_stairs":1395,"stat.mineBlock.minecraft.nether_brick_fence":17,"stat.drop.minecraft.poisonous_potato":7,"stat.drop.minecraft.golden_leggings":3,"stat.pickup.minecraft.splash_potion":1,"stat.pickup.minecraft.observer":15,"stat.craftItem.minecraft.lit_pumpkin":1,"stat.craftItem.minecraft.cobblestone_wall":3000,"stat.craftItem.minecraft.stone_sword":2,"stat.pickup.minecraft.chainmail_chestplate":4,"stat.mineBlock.minecraft.sand":19520,"stat.craftItem.minecraft.slime":55,"stat.hopperInspected":147,"stat.useItem.minecraft.fence_gate":16,"stat.drop.minecraft.diamond":2,"stat.pickup.minecraft.packed_ice":6428,"stat.breakItem.minecraft.flint_and_steel":1,"stat.pickup.minecraft.ghast_tear":52,"stat.pickup.minecraft.armor_stand":23,"stat.trappedChestTriggered":6684,"stat.drop.minecraft.rail":17,"stat.craftItem.minecraft.observer":10,"stat.pickup.minecraft.wooden_button":8,"stat.drop.minecraft.purple_shulker_box":3,"stat.mineBlock.minecraft.lapis_block":1,"stat.useItem.minecraft.minecart":4,"stat.useItem.minecraft.cooked_mutton":94,"stat.drop.minecraft.stained_hardened_clay":3,"stat.drop.minecraft.diamond_helmet":1,"stat.drop.minecraft.fishing_rod":500,"stat.pickup.minecraft.stone_stairs":306,"stat.craftItem.minecraft.fence_gate":13,"stat.pickup.minecraft.pumpkin_seeds":7,"stat.drop.minecraft.fireworks":730,"stat.drop.minecraft.jungle_boat":1,"stat.pickup.minecraft.saddle":10,"stat.mineBlock.minecraft.soul_sand":565,"stat.mineBlock.minecraft.jungle_stairs":2,"stat.pickup.minecraft.mycelium":187,"stat.pickup.minecraft.blaze_rod":222,"stat.craftItem.minecraft.diamond_block":9,"stat.drop.minecraft.chest":16,"stat.pickup.minecraft.netherrack":65972,"stat.pickup.minecraft.pumpkin":25,"stat.pickup.minecraft.spruce_door":184,"stat.useItem.minecraft.fish":2,"stat.recordPlayed":1,"stat.drop.minecraft.packed_ice":3,"stat.pickup.minecraft.waterlily":12,"stat.mineBlock.minecraft.ice":929,"stat.craftItem.minecraft.redstone_torch":568,"stat.pickup.minecraft.detector_rail":42,"stat.useItem.minecraft.packed_ice":2284,"stat.mineBlock.minecraft.gold_block":84,"stat.craftItem.minecraft.iron_hoe":3,"stat.drop.minecraft.stone":4670,"stat.useItem.minecraft.trapped_chest":303,"stat.pickup.minecraft.melon_seeds":3,"stat.pickup.minecraft.dropper":16,"stat.useItem.minecraft.black_shulker_box":1,"stat.pickup.minecraft.golden_leggings":16,"stat.dropperInspected":77,"stat.mineBlock.minecraft.nether_wart_block":3,"stat.useItem.minecraft.golden_rail":162,"stat.drop.minecraft.bone":86,"stat.craftItem.minecraft.wooden_button":164,"stat.useItem.minecraft.furnace":78,"stat.pickup.minecraft.slime":145,"stat.pickup.minecraft.iron_leggings":7,"stat.mineBlock.minecraft.snow":2,"stat.mineBlock.minecraft.gravel":11605,"stat.breakItem.minecraft.stone_axe":10,"stat.mineBlock.minecraft.beacon":20,"stat.useItem.minecraft.wool":412,"stat.drop.minecraft.iron_axe":1,"stat.pickup.minecraft.flint_and_steel":4,"stat.useItem.minecraft.torch":14283,"stat.pickup.minecraft.golden_apple":3,"stat.craftItem.minecraft.redstone_block":558,"stat.pickup.minecraft.birch_fence_gate":42,"stat.craftItem.minecraft.stone_stairs":956,"stat.pickup.minecraft.crafting_table":391,"stat.useItem.minecraft.log":4650,"stat.useItem.minecraft.comparator":20,"stat.craftItem.minecraft.crafting_table":69,"stat.drop.minecraft.end_stone":1,"stat.craftItem.minecraft.boat":1,"stat.pickup.minecraft.iron_hoe":1,"stat.mineBlock.minecraft.emerald_ore":7,"stat.pickup.minecraft.redstone_block":20,"stat.useItem.minecraft.cooked_fish":6545,"stat.drop.minecraft.sign":8,"stat.useItem.minecraft.nether_wart_block":19,"stat.drop.minecraft.stonebrick":85,"stat.craftItem.minecraft.stone_button":101,"stat.drop.minecraft.planks":89,"stat.pickup.minecraft.sapling":4759,"stat.drop.minecraft.melon_seeds":3,"stat.drop.minecraft.bow":436,"stat.pickup.minecraft.beetroot":4,"stat.drop.minecraft.golden_chestplate":6,"stat.killEntity.WitherSkeleton":98,"stat.useItem.minecraft.wooden_pressure_plate":7,"stat.pickup.minecraft.golden_sword":14,"stat.pickup.minecraft.rabbit":1,"stat.mineBlock.minecraft.orange_shulker_box":2,"stat.drop.minecraft.bucket":1,"stat.craftItem.minecraft.spruce_fence_gate":31,"stat.useItem.minecraft.baked_potato":2,"stat.pickup.minecraft.stone_slab":7257,"stat.pickup.minecraft.yellow_flower":130,"stat.drop.minecraft.ghast_tear":6,"stat.pickup.minecraft.golden_rail":153,"stat.useItem.minecraft.fishing_rod":66480,"stat.craftItem.minecraft.jungle_door":3,"stat.drop.minecraft.stone_pickaxe":1,"stat.craftItem.minecraft.diamond_chestplate":3,"stat.pickup.minecraft.bone":1417,"stat.craftItem.minecraft.sticky_piston":86,"stat.pickup.minecraft.redstone_torch":224,"stat.horseOneCm":2135036,"stat.useItem.minecraft.log2":5726,"stat.mineBlock.minecraft.slime":18,"stat.drop.minecraft.red_mushroom":1,"stat.mineBlock.minecraft.black_shulker_box":1,"stat.mineBlock.minecraft.brown_mushroom":3,"stat.useItem.minecraft.diamond_sword":11507,"stat.craftItem.minecraft.diamond_helmet":5,"stat.climbOneCm":1856009,"stat.useItem.minecraft.end_rod":84,"stat.craftItem.minecraft.gold_block":69,"stat.enderchestOpened":3778,"stat.useItem.minecraft.redstone_torch":149,"stat.craftItem.minecraft.purple_shulker_box":110,"stat.pickup.minecraft.golden_helmet":7,"stat.drop.minecraft.quartz":22,"stat.useItem.minecraft.jungle_boat":2,"stat.useItem.minecraft.red_flower":38,"stat.pickup.minecraft.daylight_detector":3,"stat.craftItem.minecraft.bone_block":1258,"stat.pickup.minecraft.anvil":21,"stat.mineBlock.minecraft.black_glazed_terracotta":5,"stat.useItem.minecraft.iron_ore":1,"stat.craftItem.minecraft.trapdoor":764,"stat.craftItem.minecraft.stone_pickaxe":7,"stat.pickup.minecraft.cobblestone":69615,"stat.craftItem.minecraft.glass_bottle":69,"stat.pickup.minecraft.soul_sand":581,"stat.useItem.minecraft.cooked_beef":488,"stat.pickup.minecraft.cactus":643,"stat.pickup.minecraft.dragon_egg":3,"stat.pickup.minecraft.redstone":8396,"stat.craftItem.minecraft.dispenser":18,"stat.pickup.minecraft.acacia_boat":2,"stat.mineBlock.minecraft.iron_ore":4578,"stat.craftItem.minecraft.book":691,"stat.pickup.minecraft.mossy_cobblestone":2368,"stat.useItem.minecraft.noteblock":100,"stat.craftItem.minecraft.cake":1,"stat.drop.minecraft.coal":18,"stat.drop.minecraft.dirt":762,"stat.useItem.minecraft.cooked_porkchop":123,"stat.pickup.minecraft.iron_shovel":11,"stat.pickup.minecraft.trapdoor":322,"stat.pickup.minecraft.carpet":1760,"stat.pickup.minecraft.diamond_shovel":11,"stat.pickup.minecraft.jungle_stairs":2,"stat.useItem.minecraft.chest_minecart":8,"stat.useItem.minecraft.sea_lantern":2,"stat.pickup.minecraft.silver_shulker_box":61,"stat.pickup.minecraft.nether_star":2,"stat.useItem.minecraft.spruce_fence":1790,"stat.pickup.minecraft.sandstone_stairs":178,"stat.craftItem.minecraft.chest_minecart":8,"stat.pickup.minecraft.paper":1087,"stat.craftItem.minecraft.stick":9384,"stat.craftItem.minecraft.stained_hardened_clay":3608,"stat.pickup.minecraft.grass":37507,"stat.useItem.minecraft.stone_pressure_plate":2,"stat.drop.minecraft.leaves":2,"stat.pickup.minecraft.golden_horse_armor":9,"stat.pickup.minecraft.diamond_chestplate":8,"stat.entityKilledBy.Creeper":5,"stat.breakItem.minecraft.shears":20,"stat.mineBlock.minecraft.planks":4357,"stat.drop":11221,"stat.killEntity.Sheep":112,"stat.drop.minecraft.redstone_block":128,"stat.pickup.minecraft.golden_chestplate":11,"stat.drop.minecraft.bread":9,"stat.pickup.minecraft.purpur_pillar":23,"stat.drop.minecraft.flower_pot":4,"stat.craftItem.minecraft.piston":132,"stat.useItem.minecraft.quartz_stairs":218,"stat.pickup.minecraft.black_glazed_terracotta":5,"stat.killEntity.Slime":442,"stat.mineBlock.minecraft.anvil":21,"stat.pickup.minecraft.purple_shulker_box":2849,"stat.useItem.minecraft.waterlily":17,"stat.useItem.minecraft.apple":17,"stat.mineBlock.minecraft.deadbush":24,"stat.useItem.minecraft.black_glazed_terracotta":5,"stat.useItem.minecraft.carpet":6758,"stat.useItem.minecraft.potion":159,"stat.mineBlock.minecraft.purpur_pillar":24,"stat.useItem.minecraft.flower_pot":62,"stat.pickup.minecraft.fence":203,"stat.useItem.minecraft.stone_axe":1401,"stat.craftItem.minecraft.iron_helmet":25,"stat.craftItem.minecraft.rail":32,"stat.drop.minecraft.bed":1,"stat.drop.minecraft.glass":25,"stat.boatOneCm":3063198,"stat.craftItem.minecraft.flint_and_steel":4,"stat.useItem.minecraft.redstone_lamp":216,"stat.mineBlock.minecraft.leaves2":659,"stat.mineBlock.minecraft.stone_stairs":187,"stat.craftItem.minecraft.iron_bars":1552,"stat.mineBlock.minecraft.furnace":64,"stat.pickup.minecraft.dark_oak_fence":259,"stat.drop.minecraft.stone_button":8,"stat.drop.minecraft.water_bucket":1,"stat.killEntity.CaveSpider":9,"stat.pickup.minecraft.oak_stairs":223,"stat.pickup.minecraft.emerald_block":60,"stat.pickup.minecraft.stained_glass":211,"stat.damageDealt":1113575,"stat.craftItem.minecraft.bowl":4,"stat.craftItem.minecraft.anvil":21,"stat.mineBlock.minecraft.nether_brick_stairs":61,"stat.pickup.minecraft.end_bricks":25,"stat.useItem.minecraft.crafting_table":413,"stat.pickup.minecraft.boat":31,"stat.craftItem.minecraft.stone_shovel":4,"stat.pickup.minecraft.stick":567,"stat.breakItem.minecraft.stone_pickaxe":4,"stat.craftItem.minecraft.diamond_boots":5,"stat.craftItem.minecraft.writable_book":12,"stat.useItem.minecraft.redstone_block":17,"stat.drop.minecraft.leather_chestplate":3,"stat.useItem.minecraft.spruce_stairs":4459,"stat.craftItem.minecraft.redstone":630,"stat.useItem.minecraft.cactus":210,"stat.pickup.minecraft.chorus_fruit":351,"stat.craftItem.minecraft.red_nether_brick":64,"stat.killEntity.Chicken":20,"stat.drop.minecraft.crafting_table":1,"stat.useItem.minecraft.iron_block":2447,"stat.drop.minecraft.yellow_shulker_box":1,"stat.mineBlock.minecraft.quartz_ore":2121,"stat.pickup.minecraft.concrete_powder":1896,"stat.drop.minecraft.filled_map":1,"stat.drop.minecraft.diamond_boots":1,"stat.craftItem.minecraft.fence":105,"stat.useItem.minecraft.golden_apple":4,"stat.mineBlock.minecraft.leaves":4615,"stat.mineBlock.minecraft.piston":48,"stat.mineBlock.minecraft.bone_block":180,"stat.mineBlock.minecraft.hay_block":13,"stat.useItem.minecraft.map":18,"stat.craftItem.minecraft.tripwire_hook":200,"stat.beaconInteraction":34,"stat.drop.minecraft.dark_oak_boat":1,"stat.pickup.minecraft.wooden_slab":8712,"stat.leaveGame":830,"stat.useItem.minecraft.glowstone":716,"stat.mineBlock.minecraft.sandstone":1446,"stat.craftItem.minecraft.ender_eye":49,"stat.killEntity.PigZombie":172,"stat.craftItem.minecraft.shield":2,"stat.craftItem.minecraft.stone_pressure_plate":64,"stat.entityKilledBy.PigZombie":1,"stat.mineBlock.minecraft.birch_fence_gate":42,"stat.pickup.minecraft.leaves2":139,"stat.useItem.minecraft.sandstone_stairs":383,"stat.pickup.minecraft.brick_block":2,"stat.craftItem.minecraft.noteblock":79,"stat.mineBlock.minecraft.wooden_slab":6042,"stat.pickup.minecraft.leather_boots":11,"stat.killEntity.Witch":22,"stat.killEntity.MushroomCow":45,"stat.drop.minecraft.sand":48,"stat.craftItem.minecraft.wooden_pickaxe":1,"stat.craftItem.minecraft.iron_door":6,"stat.useItem.minecraft.iron_shovel":776,"stat.mineBlock.minecraft.brick_block":1,"stat.craftItem.minecraft.bed":46,"stat.drop.minecraft.wooden_shovel":20,"stat.mineBlock.minecraft.hopper":215,"stat.mineBlock.minecraft.vine":83,"stat.pickup.minecraft.melon_block":1,"stat.drop.minecraft.gravel":72,"stat.mineBlock.minecraft.rail":42,"stat.killEntity.ZombieVillager":32,"stat.noteblockPlayed":76,"stat.drop.minecraft.red_flower":4,"stat.useItem.minecraft.double_plant":13,"stat.pickup.minecraft.prismarine":170,"stat.pickup.minecraft.beef":1360,"stat.pickup.minecraft.leather_helmet":8,"stat.pickup.minecraft.cauldron":10,"stat.useItem.minecraft.trapdoor":783,"stat.mineBlock.minecraft.stained_hardened_clay":1478,"stat.useItem.minecraft.stained_glass":2195,"stat.useItem.minecraft.dark_oak_door":15,"stat.useItem.minecraft.ice":270,"stat.pickup.minecraft.potion":10,"stat.useItem.minecraft.wooden_button":25,"stat.craftItem.minecraft.dropper":48,"stat.useItem.minecraft.dye":1697,"stat.useItem.minecraft.beef":1,"stat.mineBlock.minecraft.stone_pressure_plate":3,"stat.useItem.minecraft.nether_brick":913,"stat.drop.minecraft.torch":65,"stat.mineBlock.minecraft.tallgrass":2323,"stat.useItem.minecraft.stone":72051,"stat.pickup.minecraft.arrow":1379,"stat.pickup.minecraft.wooden_pressure_plate":5,"stat.killEntity.Ghast":34,"stat.useItem.minecraft.ender_chest":978,"stat.useItem.minecraft.white_shulker_box":54,"stat.useItem.minecraft.clay":45,"stat.drop.minecraft.iron_pickaxe":1,"stat.mineBlock.minecraft.chest":507,"stat.pickup.minecraft.painting":162,"stat.mineBlock.minecraft.concrete_powder":783,"stat.mineBlock.minecraft.hardened_clay":7507,"stat.craftItem.minecraft.hopper":227,"stat.drop.minecraft.concrete_powder":258,"stat.pickup.minecraft.nether_brick_fence":17,"stat.pickup.minecraft.yellow_shulker_box":316,"stat.pickup.minecraft.orange_shulker_box":3,"stat.useItem.minecraft.reeds":352,"stat.pickup.minecraft.birch_boat":4,"stat.craftItem.minecraft.nether_brick":2544,"stat.craftItem.minecraft.diamond_shovel":3,"stat.pickup.minecraft.wheat_seeds":5003,"stat.drop.minecraft.snow":4,"stat.mineBlock.minecraft.glass":349,"stat.useItem.minecraft.enchanting_table":3,"stat.mineBlock.minecraft.dirt":62416,"stat.pickup.minecraft.poisonous_potato":7,"stat.drop.minecraft.paper":4,"stat.useItem.minecraft.bread":15,"stat.pickup.minecraft.brewing_stand":3,"stat.useItem.minecraft.cobblestone":17926,"stat.useItem.minecraft.gravel":65,"stat.mineBlock.minecraft.double_plant":128,"stat.minecartOneCm":41055,"stat.pickup.minecraft.iron_pickaxe":10,"stat.mineBlock.minecraft.end_rod":10,"stat.craftItem.minecraft.gold_ingot":929,"stat.pickup.minecraft.hopper":217,"stat.mineBlock.minecraft.silver_shulker_box":57,"stat.craftItem.minecraft.brewing_stand":1,"stat.useItem.minecraft.tallgrass":20,"stat.pickup.minecraft.apple":430,"stat.useItem.minecraft.fireworks":88,"stat.pickup.minecraft.banner":55,"stat.itemEnchanted":21,"stat.useItem.minecraft.acacia_boat":2,"stat.mineBlock.minecraft.log":12917,"stat.useItem.minecraft.wooden_door":3,"stat.useItem.minecraft.spruce_door":175,"stat.craftItem.minecraft.paper":3882,"stat.pickup.minecraft.red_flower":871,"stat.pickup.minecraft.wool":7390,"stat.craftItem.minecraft.trapped_chest":247,"stat.drop.minecraft.grass":494,"stat.pickup.minecraft.trapped_chest":149,"stat.cakeSlicesEaten":1,"stat.craftItem.minecraft.diamond_leggings":7,"stat.useItem.minecraft.iron_axe":417,"stat.drop.minecraft.stone_shovel":5,"stat.mineBlock.minecraft.yellow_flower":54,"stat.useItem.minecraft.skull":11,"stat.craftItem.minecraft.wool":747,"stat.drop.minecraft.saddle":402,"stat.useItem.minecraft.concrete_powder":14225,"stat.pickup.minecraft.enchanted_book":449,"stat.pickup.minecraft.glowstone":1337,"stat.useItem.minecraft.obsidian":245,"stat.pickup.minecraft.sticky_piston":24,"stat.pickup.minecraft.bow":98,"stat.craftItem.minecraft.dark_oak_door":15,"stat.mineBlock.minecraft.detector_rail":1,"stat.useItem.minecraft.egg":30,"stat.craftItem.minecraft.spruce_boat":2,"stat.pickup.minecraft.nether_wart_block":3,"stat.pickup.minecraft.coal_ore":853,"stat.mineBlock.minecraft.obsidian":370,"stat.pickup.minecraft.shears":20,"stat.craftItem.minecraft.bow":104,"stat.pickup.minecraft.iron_trapdoor":9,"stat.flyOneCm":114237835,"stat.pickup.minecraft.sandstone":1455,"stat.pickup.minecraft.nether_brick_stairs":65,"stat.pickup.minecraft.fish":2219,"stat.craftItem.minecraft.stained_glass":3616,"stat.timeSinceDeath":1362455,"stat.pickup.minecraft.quartz_ore":187,"stat.craftItem.minecraft.painting":34,"stat.cauldronFilled":9,"stat.drop.minecraft.repeater":5,"stat.killEntity.Bat":7,"stat.drop.minecraft.blaze_powder":1,"stat.useItem.minecraft.potato":143,"stat.pickup.minecraft.chainmail_helmet":6,"stat.pickup.minecraft.nether_wart":386,"stat.pickup.minecraft.spruce_fence":702,"stat.mineBlock.minecraft.enchanting_table":1,"stat.craftItem.minecraft.concrete_powder":16376,"stat.mineBlock.minecraft.coal_ore":6527,"stat.talkedToVillager":247,"stat.craftItem.minecraft.stone_hoe":3,"stat.mineBlock.minecraft.red_mushroom_block":661,"stat.pickup.minecraft.string":898,"stat.mineBlock.minecraft.ladder":318,"stat.useItem.minecraft.written_book":39,"stat.mineBlock.minecraft.chorus_flower":13,"stat.useItem.minecraft.dragon_egg":3,"stat.useItem.minecraft.diamond_shovel":95160,"stat.pickup.minecraft.bone_block":467,"stat.mineBlock.minecraft.diamond_ore":217,"stat.pickup.minecraft.fireworks":755,"stat.useItem.minecraft.brown_mushroom_block":24,"stat.craftItem.minecraft.wooden_pressure_plate":4,"stat.breakItem.minecraft.iron_shovel":2,"stat.useItem.minecraft.ladder":695,"stat.useItem.minecraft.diamond_ore":14,"stat.useItem.minecraft.cyan_shulker_box":57,"stat.useItem.minecraft.birch_stairs":28,"stat.craftItem.minecraft.sandstone_stairs":228,"stat.diveOneCm":3995762,"stat.useItem.minecraft.sticky_piston":99,"stat.craftItem.minecraft.ladder":435,"stat.mineBlock.minecraft.stone_button":21,"stat.drop.minecraft.ladder":35,"stat.pickup.minecraft.stained_glass_pane":573,"stat.useItem.minecraft.rotten_flesh":1,"stat.drop.minecraft.apple":6,"stat.craftItem.minecraft.diamond_sword":8,"stat.drop.minecraft.sandstone":6,"stat.jump":374863,"stat.useItem.minecraft.sand":444,"stat.pickup.minecraft.white_shulker_box":54,"stat.mineBlock.minecraft.observer":14,"stat.craftItem.minecraft.torch":8504,"stat.drop.minecraft.glowstone":6,"stat.mineBlock.minecraft.purpur_block":11,"stat.mineBlock.minecraft.spruce_fence_gate":1,"stat.useItem.minecraft.glass":1044,"stat.pickup.minecraft.stone_shovel":2,"stat.useItem.minecraft.sapling":464,"stat.pickup.minecraft.gold_ore":767,"stat.mineBlock.minecraft.glass_pane":134,"stat.damageTaken":116864,"stat.useItem.minecraft.red_shulker_box":117,"stat.mineBlock.minecraft.melon_block":1,"stat.useItem.minecraft.gold_block":84,"stat.mineBlock.minecraft.sapling":24,"stat.pickup.minecraft.log2":29630,"stat.mineBlock.minecraft.sandstone_stairs":180,"stat.useItem.minecraft.purple_shulker_box":2823,"stat.pickup.minecraft.bed":223,"stat.drop.minecraft.nether_brick_fence":1,"stat.cauldronUsed":3,"stat.pickup.minecraft.concrete":10032,"stat.pickup.minecraft.quartz_block":180,"stat.pickup.minecraft.potato":480,"stat.killEntity.Shulker":111,"stat.entityKilledBy.Zombie":2,"stat.killEntity.Silverfish":44,"stat.craftItem.minecraft.stone_slab":13594,"stat.animalsBred":829,"stat.useItem.minecraft.chest":1039,"stat.useItem.minecraft.observer":24,"stat.shulkerBoxOpened":13530,"stat.craftItem.minecraft.iron_chestplate":18,"stat.pickup.minecraft.baked_potato":13,"stat.pickup.minecraft.ender_pearl":19035,"stat.drop.minecraft.wooden_slab":64,"stat.pickup.minecraft.ladder":647,"stat.useItem.minecraft.netherrack":5903,"stat.craftItem.minecraft.stained_glass_pane":2336,"stat.mineBlock.minecraft.tnt":19,"stat.craftItem.minecraft.bookshelf":391,"stat.useItem.minecraft.tripwire_hook":7,"stat.mineBlock.minecraft.stonebrick":18814,"stat.drop.minecraft.cookie":7,"stat.mineBlock.minecraft.glowstone":1041,"stat.craftItem.minecraft.shears":27,"stat.useItem.minecraft.cobblestone_wall":3103,"stat.pickup.minecraft.iron_horse_armor":6,"stat.drop.minecraft.spruce_stairs":63,"stat.useItem.minecraft.writable_book":14,"stat.pickup.minecraft.torch":7082,"stat.drop.minecraft.stone_axe":1,"stat.pickup.minecraft.spruce_boat":20,"stat.useItem.minecraft.purpur_slab":1,"stat.drop.minecraft.arrow":221,"stat.drop.minecraft.shears":2,"stat.craftItem.minecraft.compass":47,"stat.pickup.minecraft.jungle_boat":5,"stat.useItem.minecraft.end_bricks":14,"stat.pickup.minecraft.record_stal":1,"stat.craftItem.minecraft.iron_axe":3,"stat.mineBlock.minecraft.purple_shulker_box":2817,"stat.pickup.minecraft.lapis_block":1,"stat.drop.minecraft.trapdoor":3,"stat.pickup.minecraft.fishing_rod":89,"stat.useItem.minecraft.planks":14295,"stat.useItem.minecraft.nether_brick_stairs":155,"stat.pickup.minecraft.porkchop":381,"stat.pickup.minecraft.glass":783,"stat.pickup.minecraft.blaze_powder":49,"stat.drop.minecraft.melon":6,"stat.useItem.minecraft.water_bucket":599,"stat.pickup.minecraft.sand":19761,"stat.craftItem.minecraft.dark_oak_fence":744,"stat.pickup.minecraft.hardened_clay":7544,"stat.useItem.minecraft.red_nether_brick":54,"stat.pickup.minecraft.name_tag":3,"stat.aviateOneCm":245302587,"stat.useItem.minecraft.ender_pearl":748,"stat.useItem.minecraft.brown_mushroom":5,"stat.craftItem.minecraft.cooked_fish":576,"stat.craftItem.minecraft.blaze_powder":166,"stat.drop.minecraft.golden_sword":14,"stat.useItem.minecraft.oak_stairs":426,"stat.mineBlock.minecraft.dark_oak_stairs":2222,"stat.useItem.minecraft.dark_oak_stairs":10853,"stat.drop.minecraft.stone_slab":12,"stat.pickup.minecraft.fence_gate":4,"stat.mineBlock.minecraft.birch_stairs":12,"stat.pickup.minecraft.filled_map":165,"stat.pickup.minecraft.furnace":81,"stat.useItem.minecraft.redstone":944,"stat.mineBlock.minecraft.end_bricks":21,"stat.mineBlock.minecraft.redstone_lamp":56,"stat.pickup.minecraft.iron_chestplate":7,"stat.pickup.minecraft.end_rod":10,"stat.pickup.minecraft.skull":59,"stat.useItem.minecraft.stone_stairs":840,"stat.craftItem.minecraft.nether_wart_block":21,"stat.mineBlock.minecraft.red_shulker_box":117,"stat.useItem.minecraft.hopper":416,"stat.mineBlock.minecraft.oak_stairs":212,"stat.playOneMinute":41765544,"stat.pickup.minecraft.birch_door":6,"stat.drop.minecraft.string":110,"stat.useItem.minecraft.jungle_stairs":25,"stat.pickup.minecraft.diamond_block":9,"stat.useItem.minecraft.shears":1578,"stat.mineBlock.minecraft.brown_mushroom_block":626,"stat.pickup.minecraft.beacon":20,"stat.pickup.minecraft.iron_bars":607,"stat.pickup.minecraft.dispenser":23,"stat.craftItem.minecraft.pumpkin_pie":4,"stat.drop.minecraft.ice":13,"stat.mineBlock.minecraft.dark_oak_fence":200,"stat.craftItem.minecraft.carpet":5754,"stat.mineBlock.minecraft.netherrack":61053,"stat.mineBlock.minecraft.dispenser":23,"stat.craftItem.minecraft.dark_oak_stairs":9056,"stat.craftItem.minecraft.golden_rail":108,"stat.useItem.minecraft.quartz_ore":164,"stat.pickup.minecraft.cooked_chicken":24,"stat.fallOneCm":9800769,"stat.drop.minecraft.dye":1,"stat.craftItem.minecraft.chest":1173,"stat.craftItem.minecraft.banner":95,"stat.mineBlock.minecraft.lever":35,"stat.pickup.minecraft.red_mushroom":153,"stat.useItem.minecraft.iron_hoe":45,"stat.pickup.minecraft.comparator":13,"stat.drop.minecraft.leaves2":2,"stat.pickup.minecraft.feather":51,"stat.drop.minecraft.iron_leggings":1,"stat.pickup.minecraft.record_cat":3,"stat.mineBlock.minecraft.red_nether_brick":20,"stat.drop.minecraft.concrete":128,"stat.mineBlock.minecraft.spruce_fence":418,"stat.useItem.minecraft.yellow_shulker_box":315,"stat.pickup.minecraft.lead":79,"stat.useItem.minecraft.stone_pickaxe":616,"stat.craftItem.minecraft.birch_stairs":40,"stat.useItem.minecraft.stone_sword":133,"stat.craftItem.minecraft.iron_leggings":16,"stat.useItem.minecraft.orange_shulker_box":1,"stat.craftItem.minecraft.oak_stairs":288,"stat.pickup.minecraft.redstone_ore":123,"stat.pickup.minecraft.chainmail_boots":3,"stat.drop.minecraft.stick":34,"stat.pickup.minecraft.record_13":2,"stat.useItem.minecraft.iron_bars":1402,"stat.mineBlock.minecraft.monster_egg":47,"stat.mineBlock.minecraft.quartz_stairs":30,"stat.useItem.minecraft.bone_block":1259,"stat.killEntity.LavaSlime":260,"stat.pickup.minecraft.log":14172,"stat.mineBlock.minecraft.golden_rail":43,"stat.pickup.minecraft.tallgrass":92,"stat.pickup.minecraft.chainmail_leggings":7,"stat.pickup.minecraft.wooden_door":7,"stat.entityKilledBy.Enderman":3,"stat.mineBlock.minecraft.iron_block":2269,"stat.mineBlock.minecraft.tripwire_hook":2,"stat.pickup.minecraft.diamond_helmet":15,"stat.drop.minecraft.dropper":5,"stat.useItem.minecraft.jungle_door":1,"stat.useItem.minecraft.stone_hoe":53,"stat.craftItem.minecraft.flower_pot":54,"stat.sneakTime":1553511,"stat.mineBlock.minecraft.cobblestone_wall":411,"stat.mineBlock.minecraft.yellow_shulker_box":313,"stat.useItem.minecraft.brewing_stand":4,"stat.pickup.minecraft.chest":618,"stat.craftItem.minecraft.enchanting_table":2,"stat.useItem.minecraft.lapis_block":1,"stat.drop.minecraft.sugar":3,"stat.pickup.minecraft.stone_pressure_plate":3,"stat.pickup.minecraft.lit_pumpkin":25,"stat.drop.minecraft.beetroot":4,"stat.useItem.minecraft.repeater":79,"stat.pickup.minecraft.record_blocks":1,"stat.drop.minecraft.leather_helmet":3,"stat.craftItem.minecraft.stone_brick_stairs":6160,"stat.craftItem.minecraft.iron_trapdoor":12,"stat.swimOneCm":2219014,"stat.mineBlock.minecraft.diamond_block":9,"stat.mineBlock.minecraft.spruce_stairs":1829,"stat.drop.minecraft.brown_mushroom":22,"stat.useItem.minecraft.dirt":23415,"stat.pickup.minecraft.purpur_block":11,"stat.pickup.minecraft.enchanting_table":1,"stat.craftItem.minecraft.melon_block":384,"stat.drop.minecraft.ender_pearl":138995,"stat.mineBlock.minecraft.magma":693,"stat.pickup.minecraft.quartz_stairs":40,"stat.mineBlock.minecraft.carpet":1096,"stat.drop.minecraft.fence":1,"stat.pickup.minecraft.gold_block":116,"stat.mineBlock.minecraft.redstone_block":24,"stat.useItem.minecraft.stone_shovel":84,"stat.pickup.minecraft.clay":146,"stat.pickup.minecraft.glass_bottle":24,"stat.drop.minecraft.wheat_seeds":198,"stat.craftItem.minecraft.wooden_slab":23288,"stat.useItem.minecraft.sign":165,"stat.drop.minecraft.log":16,"stat.pickup.minecraft.mutton":296,"stat.useItem.minecraft.lever":161,"stat.mineBlock.minecraft.coal_block":1,"stat.pickup.minecraft.dark_oak_door":5,"stat.drop.minecraft.golden_boots":1,"stat.pickup.minecraft.stonebrick":19552,"stat.pickup.minecraft.redstone_lamp":85,"stat.mineBlock.minecraft.nether_brick":449,"stat.useItem.minecraft.purpur_pillar":15,"stat.drop.minecraft.log2":8,"stat.craftItem.minecraft.brick_block":1,"stat.drop.minecraft.potion":1,"stat.useItem.minecraft.stone_slab":13273,"stat.useItem.minecraft.bed":264,"stat.craftItem.minecraft.stone":6868,"stat.craftItem.minecraft.armor_stand":64,"stat.mineBlock.minecraft.crafting_table":379,"stat.useItem.minecraft.diamond_pickaxe":429275,"stat.mineBlock.minecraft.quartz_block":152,"stat.useItem.minecraft.carrot":112,"stat.killEntity.Endermite":19,"stat.useItem.minecraft.ender_eye":26,"stat.useItem.minecraft.bucket":716,"stat.pickup.minecraft.stone_button":70,"stat.pickup.minecraft.slime_ball":855,"stat.useItem.minecraft.purpur_block":1,"stat.mineBlock.minecraft.cyan_shulker_box":57,"stat.craftItem.minecraft.diamond_pickaxe":12,"stat.craftItem.minecraft.clay":3,"stat.drop.minecraft.wooden_pickaxe":1,"stat.pickup.minecraft.gravel":12026,"stat.useItem.minecraft.glass_bottle":112,"stat.useItem.minecraft.diamond_axe":61755,"stat.pickup.minecraft.purpur_stairs":4,"stat.drop.minecraft.spruce_boat":1,"stat.pickup.minecraft.red_shulker_box":117,"stat.useItem.minecraft.stained_glass_pane":1583,"stat.drop.minecraft.cooked_porkchop":22,"stat.pickup.minecraft.stone_brick_stairs":1484,"stat.pickup.minecraft.diamond_sword":19,"stat.killEntity.SkeletonHorse":4,"stat.pickup.minecraft.iron_helmet":7,"stat.pickup.minecraft.black_shulker_box":1,"stat.useItem.minecraft.piston":70,"stat.craftItem.minecraft.bread":30,"stat.pickup.minecraft.spider_eye":351,"stat.useItem.minecraft.mycelium":45,"stat.useItem.minecraft.stone_button":114,"stat.pickup.minecraft.diamond_ore":10,"stat.craftItem.minecraft.end_crystal":4,"stat.useItem.minecraft.cooked_chicken":39,"stat.pickup.minecraft.iron_ore":4751,"stat.pickup.minecraft.snow":4,"stat.drop.minecraft.pumpkin_pie":4,"stat.mineBlock.minecraft.iron_bars":282,"stat.pickup.minecraft.leaves":2723,"stat.pickup.minecraft.leather":1175,"stat.useItem.minecraft.wooden_pickaxe":36,"stat.dispenserInspected":171,"stat.mineBlock.minecraft.mycelium":116,"stat.pickup.minecraft.reeds":1628,"stat.useItem.minecraft.magma":2,"stat.craftItem.minecraft.glass":66,"stat.drop.minecraft.cooked_chicken":23,"stat.craftItem.minecraft.cauldron":9,"stat.sleepInBed":1276,"stat.drop.minecraft.shulker_shell":5,"stat.killEntity.Cow":362,"stat.pickup.minecraft.minecart":12,"stat.killEntity.Pig":94,"stat.craftItem.minecraft.iron_sword":12,"stat.pickup.minecraft.piston":48,"stat.breakItem.minecraft.fishing_rod":12,"stat.walkOneCm":99019607,"stat.playerKills":1,"stat.pickup.minecraft.clay_ball":180,"stat.mineBlock.minecraft.trapped_chest":82,"stat.pickup.minecraft.purpur_slab":15,"stat.useItem.minecraft.spruce_boat":19,"stat.drop.minecraft.diamond_axe":2,"stat.pickup.minecraft.tnt":19,"stat.pickup.minecraft.stone":205241,"stat.mineBlock.minecraft.wool":91,"stat.drop.minecraft.diamond_leggings":1,"stat.craftItem.minecraft.hay_block":63,"stat.mineBlock.minecraft.packed_ice":6517,"stat.useItem.minecraft.leaves":727,"stat.craftItem.minecraft.minecart":8,"stat.pickup.minecraft.gold_ingot":45,"stat.killEntity.Skeleton":1138,"stat.mineBlock.minecraft.cactus":94,"stat.mineBlock.minecraft.redstone_torch":79,"stat.killEntity.Spider":204,"stat.pickup.minecraft.bread":8,"stat.craftItem.minecraft.spruce_fence":1566,"stat.pickup.minecraft.quartz":4498,"stat.pickup.minecraft.birch_fence":2,"stat.pickup.minecraft.water_bucket":14,"stat.breakItem.minecraft.iron_axe":1,"stat.drop.minecraft.prismarine":4,"stat.pickup.minecraft.spruce_stairs":2879,"stat.mineBlock.minecraft.redstone_ore":1514,"stat.pickup.minecraft.elytra":23,"stat.pickup.minecraft.lava_bucket":1,"stat.craftItem.minecraft.coal_block":761,"stat.mineBlock.minecraft.stone":271194,"stat.useItem.minecraft.sandstone":101}