{"stat.chestOpened":16,"stat.walkOneCm":59299,"stat.leaveGame":350,"stat.pickup.minecraft.carpet":2,"stat.useItem.minecraft.carpet":6,"stat.pickup.minecraft.string":263,"stat.jump":74,"stat.swimOneCm":253002,"stat.useItem.minecraft.iron_trapdoor":1,"stat.climbOneCm":6567,"stat.useItem.minecraft.redstone":6,"stat.crouchOneCm":1637,"stat.sprintOneCm":18601,"stat.useItem.minecraft.glass":2,"stat.dropperInspected":1,"stat.killEntity.Endermite":1,"stat.dispenserInspected":8,"stat.mobKills":1,"stat.useItem.minecraft.bucket":3,"stat.flyOneCm":81166874,"stat.playOneMinute":26535523,"stat.sneakTime":117396,"stat.pickup.minecraft.wool":1,"stat.damageDealt":80,"stat.timeSinceDeath":26535523,"stat.hopperInspected":12,"stat.diveOneCm":413772}