{"stat.pickup.minecraft.flint_and_steel":1,"stat.walkOneCm":24222,"stat.drop.minecraft.paper":11,"stat.playerKills":1,"stat.leaveGame":4,"stat.jump":194,"stat.swimOneCm":1616,"stat.climbOneCm":22,"stat.fallOneCm":2332,"stat.crouchOneCm":5538,"stat.sprintOneCm":20100,"stat.pickup.minecraft.paper":37,"achievement.exploreAllBiomes":{"value":0,"progress":["Mesa Plateau F","Beach","Mesa","Mesa Plateau","Forest","River","Ocean","Deep Ocean"]},"achievement.openInventory":14,"stat.useItem.minecraft.egg":1,"stat.damageTaken":755,"stat.flyOneCm":76504,"stat.deaths":3,"stat.drop":11,"stat.pickup.minecraft.egg":1,"stat.playOneMinute":116154,"stat.sneakTime":1483,"stat.damageDealt":200,"stat.timeSinceDeath":1563,"stat.diveOneCm":1536}