{"stat.useItem.minecraft.bow":4743,"stat.useItem.minecraft.quartz_block":4,"achievement.killWither":1,"stat.drop.minecraft.redstone":26,"stat.mineBlock.minecraft.stained_glass":182,"stat.drop.minecraft.enchanted_book":2,"stat.mineBlock.minecraft.web":23,"achievement.snipeSkeleton":1,"stat.pickup.minecraft.rotten_flesh":1106,"stat.craftItem.minecraft.stone_axe":1,"stat.drop.minecraft.leather_boots":2,"stat.pickup.minecraft.cobblestone_wall":16,"stat.pickup.minecraft.bucket":3,"stat.useItem.minecraft.rail":559,"stat.killEntity.Enderman":8967,"stat.useItem.minecraft.anvil":5,"stat.craftItem.minecraft.iron_shovel":15,"achievement.buildPickaxe":60,"stat.mineBlock.minecraft.end_stone":9,"stat.useItem.minecraft.iron_pickaxe":183,"stat.pickup.minecraft.stained_hardened_clay":5956,"stat.drop.minecraft.ender_eye":10,"stat.pickup.minecraft.double_plant":2614,"stat.useItem.minecraft.hardened_clay":91,"stat.mineBlock.minecraft.sticky_piston":85,"stat.furnaceInteraction":430,"stat.useItem.minecraft.nether_wart":27,"stat.useItem.minecraft.end_stone":9,"stat.mineBlock.minecraft.wooden_button":14,"stat.useItem.minecraft.acacia_fence":2,"stat.useItem.minecraft.cauldron":37,"stat.mineBlock.minecraft.fence":1,"stat.useItem.minecraft.flint_and_steel":2,"stat.useItem.minecraft.wheat_seeds":2133,"stat.mineBlock.minecraft.sea_lantern":9,"stat.drop.minecraft.cooked_fish":13,"stat.pickup.minecraft.emerald":17,"stat.pickup.minecraft.lever":68,"stat.deaths":45,"stat.pickup.minecraft.egg":683,"stat.craftItem.minecraft.melon_seeds":4,"stat.craftItem.minecraft.iron_pickaxe":1,"stat.pickup.minecraft.item_frame":2,"stat.pickup.minecraft.sea_lantern":8,"stat.craftItem.minecraft.repeater":163,"stat.craftItem.minecraft.cooked_mutton":84,"stat.pickup.minecraft.cooked_mutton":7,"stat.chestOpened":3262,"stat.craftItem.minecraft.sign":27,"stat.pickup.minecraft.iron_sword":1,"stat.pickup.minecraft.lapis_ore":25,"stat.craftItem.minecraft.quartz_block":117,"stat.craftItem.minecraft.coal":34,"stat.craftItem.minecraft.ender_chest":4,"stat.pickup.minecraft.carrot":245,"stat.drop.minecraft.stone_sword":1,"stat.crouchOneCm":708333,"stat.pickup.minecraft.rail":338,"stat.craftItem.minecraft.iron_ingot":1243,"stat.pickup.minecraft.ender_chest":3,"stat.craftingTableInteraction":537,"stat.mineBlock.minecraft.wooden_pressure_plate":8,"stat.pickup.minecraft.repeater":288,"stat.mineBlock.minecraft.log2":108,"stat.pickup.minecraft.wooden_pickaxe":1,"stat.pickup.minecraft.dye":1177,"stat.pickup.minecraft.planks":509,"stat.drop.minecraft.minecart":4,"stat.drop.minecraft.carpet":15,"stat.mineBlock.minecraft.ender_chest":3,"stat.drop.minecraft.rotten_flesh":17,"stat.pickup.minecraft.chicken":2,"stat.pickup.minecraft.end_stone":24,"stat.breakItem.minecraft.stone_shovel":1,"stat.pickup.minecraft.coal_block":3,"stat.craftItem.minecraft.bucket":47,"stat.craftItem.minecraft.planks":6483,"stat.useItem.minecraft.iron_sword":553,"stat.craftItem.minecraft.dirt":128,"stat.mineBlock.minecraft.prismarine":18,"stat.craftItem.minecraft.fishing_rod":31,"stat.pickup.minecraft.stone_sword":19,"stat.drop.minecraft.comparator":2,"stat.useItem.minecraft.stonebrick":1509,"stat.pickup.minecraft.book":15,"stat.drop.minecraft.leather_leggings":1,"stat.pickup.minecraft.iron_door":2,"stat.pickup.minecraft.cooked_fish":145,"stat.craftItem.minecraft.spruce_door":9,"stat.pickup.minecraft.tripwire_hook":3,"stat.mineBlock.minecraft.cobblestone":368,"stat.mineBlock.minecraft.pumpkin":3,"stat.useItem.minecraft.beacon":2,"stat.pickup.minecraft.stone_pickaxe":6,"stat.pickup.minecraft.flint":201,"stat.craftItem.minecraft.quartz_stairs":32,"stat.pickup.minecraft.leather_chestplate":6,"stat.mineBlock.minecraft.stained_glass_pane":3,"stat.drop.minecraft.cobblestone":13,"stat.pickup.minecraft.cooked_porkchop":1,"stat.useItem.minecraft.coal_block":18,"stat.mineBlock.minecraft.dropper":8,"stat.pickup.minecraft.iron_boots":13,"stat.craftItem.minecraft.furnace":11,"stat.drop.minecraft.golden_helmet":1,"stat.craftItem.minecraft.iron_boots":1,"stat.useItem.minecraft.spruce_fence_gate":1,"stat.mineBlock.minecraft.noteblock":18,"stat.pickup.minecraft.diamond_leggings":13,"stat.drop.minecraft.iron_helmet":3,"stat.useItem.minecraft.wooden_slab":1942,"stat.drop.minecraft.spider_eye":1,"stat.craftItem.minecraft.beacon":1,"stat.useItem.minecraft.iron_door":5,"stat.craftItem.minecraft.iron_block":44,"stat.craftItem.minecraft.stonebrick":1528,"stat.drop.minecraft.wool":12,"stat.killEntity.Creeper":95,"stat.useItem.minecraft.armor_stand":24,"stat.breakItem.minecraft.iron_sword":2,"stat.entityKilledBy.Skeleton":3,"achievement.buildSword":24,"stat.pickup.minecraft.birch_stairs":33,"stat.useItem.minecraft.dropper":38,"stat.killEntity.Squid":23,"stat.sprintOneCm":28300299,"stat.mineBlock.minecraft.stone_slab":290,"stat.drop.minecraft.leather":4,"stat.useItem.minecraft.snowball":522,"stat.drop.minecraft.cauldron":1,"stat.pickup.minecraft.leather_leggings":7,"stat.craftItem.minecraft.redstone_lamp":94,"stat.pickup.minecraft.sugar":1,"stat.pickup.minecraft.iron_block":329,"stat.killEntity.Zombie":710,"stat.craftItem.minecraft.dye":8521,"stat.craftItem.minecraft.diamond_axe":2,"stat.mineBlock.minecraft.gold_ore":90,"stat.drop.minecraft.diamond_pickaxe":5,"stat.craftItem.minecraft.slime_ball":117,"stat.pickup.minecraft.wheat":1071,"stat.craftItem.minecraft.sandstone":179,"stat.mineBlock.minecraft.mossy_cobblestone":9,"stat.pickup.minecraft.sign":28,"stat.pickup.minecraft.obsidian":580,"stat.useItem.minecraft.iron_trapdoor":49,"stat.pickup.minecraft.coal":1495,"stat.pickup.minecraft.iron_ingot":126,"stat.useItem.minecraft.dark_oak_boat":1,"stat.craftItem.minecraft.lever":46,"stat.drop.minecraft.diamond_sword":2,"stat.pickup.minecraft.gunpowder":68,"stat.pickup.minecraft.dirt":5351,"stat.useItem.minecraft.coal_ore":57,"stat.drop.minecraft.iron_shovel":6,"stat.useItem.minecraft.dispenser":28,"stat.mineBlock.minecraft.lapis_ore":59,"stat.pickup.minecraft.iron_axe":1,"stat.drop.minecraft.acacia_boat":1,"stat.brewingstandInteraction":6,"stat.useItem.minecraft.stone_brick_stairs":6,"stat.mineBlock.minecraft.torch":188,"stat.pickup.minecraft.written_book":3,"stat.mineBlock.minecraft.red_flower":23,"stat.pickup.minecraft.magma_cream":4,"stat.noteblockTuned":54,"stat.craftItem.minecraft.comparator":10,"stat.craftItem.minecraft.glowstone":97,"stat.drop.minecraft.nether_star":1,"stat.useItem.minecraft.slime":77,"stat.useItem.minecraft.birch_fence":51,"stat.pickup.minecraft.rabbit_hide":1,"stat.pickup.minecraft.diamond_axe":24,"stat.mineBlock.minecraft.birch_fence":45,"stat.drop.minecraft.wheat":9,"stat.pickup.minecraft.diamond_pickaxe":48,"stat.useItem.minecraft.pumpkin":3,"stat.pickup.minecraft.noteblock":23,"stat.useItem.minecraft.tnt":6,"stat.drop.minecraft.netherrack":1,"stat.pickup.minecraft.red_mushroom_block":211,"stat.useItem.minecraft.stained_hardened_clay":4701,"stat.drop.minecraft.egg":379,"stat.useItem.minecraft.redstone_ore":279,"stat.pickup.minecraft.cooked_beef":359,"stat.drop.minecraft.lever":2,"stat.pickup.minecraft.dark_oak_stairs":1,"stat.mobKills":11808,"stat.pickup.minecraft.diamond_boots":21,"stat.useItem.minecraft.boat":5,"stat.pickup.minecraft.diamond":340,"stat.craftItem.minecraft.spruce_stairs":504,"stat.craftItem.minecraft.map":10,"stat.useItem.minecraft.string":38,"stat.useItem.minecraft.soul_sand":28,"stat.killEntity.Blaze":81,"stat.drop.minecraft.shield":3,"stat.drop.minecraft.skull":13,"stat.pickup.minecraft.golden_boots":15,"stat.pickup.minecraft.glowstone_dust":262,"stat.mineBlock.minecraft.red_mushroom":3,"stat.mineBlock.minecraft.stone_brick_stairs":10,"stat.drop.minecraft.poisonous_potato":2,"stat.drop.minecraft.golden_leggings":3,"stat.craftItem.minecraft.cobblestone_wall":48,"stat.craftItem.minecraft.stone_sword":9,"stat.mineBlock.minecraft.snow_layer":475,"stat.pickup.minecraft.chainmail_chestplate":2,"stat.mineBlock.minecraft.sand":3050,"stat.craftItem.minecraft.slime":175,"stat.hopperInspected":225,"stat.drop.minecraft.diamond":73,"stat.pickup.minecraft.packed_ice":97,"stat.pickup.minecraft.ghast_tear":15,"stat.pickup.minecraft.armor_stand":29,"stat.trappedChestTriggered":994,"stat.craftItem.minecraft.pumpkin_seeds":4,"stat.pickup.minecraft.wooden_button":20,"stat.useItem.minecraft.minecart":17,"stat.useItem.minecraft.cooked_mutton":105,"stat.drop.minecraft.stained_hardened_clay":36,"stat.drop.minecraft.fishing_rod":10,"stat.mineBlock.minecraft.soul_sand":84,"stat.pickup.minecraft.blaze_rod":219,"stat.pickup.minecraft.netherrack":1858,"stat.pickup.minecraft.pumpkin":6,"stat.pickup.minecraft.spruce_door":7,"stat.drop.minecraft.hopper":11,"stat.craftItem.minecraft.redstone_torch":535,"stat.useItem.minecraft.packed_ice":784,"stat.mineBlock.minecraft.gold_block":2,"stat.craftItem.minecraft.iron_hoe":2,"stat.drop.minecraft.stone":4,"stat.useItem.minecraft.trapped_chest":64,"stat.pickup.minecraft.dropper":39,"stat.pickup.minecraft.golden_leggings":15,"stat.pickup.minecraft.melon":4,"stat.dropperInspected":317,"stat.useItem.minecraft.golden_rail":175,"stat.craftItem.minecraft.wooden_button":23,"stat.useItem.minecraft.furnace":16,"stat.pickup.minecraft.slime":42,"stat.pickup.minecraft.iron_leggings":16,"stat.mineBlock.minecraft.snow":4,"stat.mineBlock.minecraft.gravel":463,"stat.mineBlock.minecraft.beacon":2,"stat.useItem.minecraft.wool":356,"stat.pickup.minecraft.flint_and_steel":3,"stat.useItem.minecraft.torch":1277,"stat.craftItem.minecraft.redstone_block":74,"stat.pickup.minecraft.birch_fence_gate":1,"stat.useItem.minecraft.log":508,"stat.pickup.minecraft.crafting_table":68,"stat.useItem.minecraft.comparator":118,"stat.craftItem.minecraft.crafting_table":29,"stat.craftItem.minecraft.boat":1,"stat.pickup.minecraft.redstone_block":97,"stat.useItem.minecraft.cooked_fish":29,"stat.drop.minecraft.sign":4,"stat.drop.minecraft.stonebrick":83,"stat.craftItem.minecraft.stone_button":66,"stat.drop.minecraft.planks":6,"stat.pickup.minecraft.web":52,"stat.pickup.minecraft.sapling":153,"stat.useItem.minecraft.deadbush":6,"stat.drop.minecraft.bow":16,"stat.useItem.minecraft.wooden_pressure_plate":7,"stat.pickup.minecraft.rabbit":3,"stat.drop.minecraft.bucket":2,"stat.craftItem.minecraft.spruce_fence_gate":1,"stat.useItem.minecraft.baked_potato":856,"stat.drop.minecraft.yellow_flower":2,"stat.pickup.minecraft.stone_slab":400,"stat.pickup.minecraft.yellow_flower":29,"stat.drop.minecraft.ghast_tear":8,"stat.pickup.minecraft.golden_rail":90,"stat.useItem.minecraft.fishing_rod":280,"stat.pickup.minecraft.bone":614,"stat.craftItem.minecraft.sticky_piston":61,"stat.pickup.minecraft.redstone_torch":134,"stat.horseOneCm":488876,"stat.useItem.minecraft.log2":12,"stat.mineBlock.minecraft.slime":66,"stat.mineBlock.minecraft.acacia_fence":27,"stat.useItem.minecraft.diamond_sword":3681,"stat.climbOneCm":483217,"stat.drop.minecraft.sticky_piston":8,"stat.useItem.minecraft.end_rod":1,"stat.enderchestOpened":172,"stat.useItem.minecraft.redstone_torch":143,"stat.pickup.minecraft.golden_helmet":8,"stat.drop.minecraft.web":12,"stat.pickup.minecraft.anvil":3,"stat.craftItem.minecraft.trapdoor":16,"stat.craftItem.minecraft.stone_pickaxe":24,"stat.pickup.minecraft.cobblestone":6631,"stat.craftItem.minecraft.glass_bottle":126,"stat.pickup.minecraft.soul_sand":55,"stat.useItem.minecraft.cooked_beef":809,"stat.pickup.minecraft.cactus":175,"stat.pickup.minecraft.redstone":3232,"stat.pickup.minecraft.acacia_boat":2,"stat.craftItem.minecraft.dispenser":41,"stat.mineBlock.minecraft.iron_ore":976,"stat.craftItem.minecraft.book":62,"stat.pickup.minecraft.mossy_cobblestone":8,"stat.useItem.minecraft.noteblock":26,"stat.drop.minecraft.iron_bars":2,"achievement.spawnWither":1,"stat.drop.minecraft.dirt":7,"stat.pickup.minecraft.iron_shovel":8,"stat.useItem.minecraft.cooked_porkchop":1,"stat.pickup.minecraft.carpet":187,"stat.pickup.minecraft.trapdoor":10,"stat.pickup.minecraft.diamond_shovel":25,"stat.useItem.minecraft.sea_lantern":108,"stat.pickup.minecraft.nether_star":2,"stat.useItem.minecraft.spruce_fence":341,"stat.pickup.minecraft.sandstone_stairs":47,"stat.pickup.minecraft.paper":1,"stat.craftItem.minecraft.stick":2084,"stat.craftItem.minecraft.stained_hardened_clay":2168,"stat.pickup.minecraft.grass":465,"stat.useItem.minecraft.stone_pressure_plate":57,"stat.breakItem.minecraft.iron_hoe":1,"stat.drop.minecraft.dispenser":1,"stat.pickup.minecraft.diamond_chestplate":2,"stat.entityKilledBy.Creeper":5,"stat.breakItem.minecraft.shears":1,"stat.mineBlock.minecraft.planks":299,"stat.drop":789,"stat.killEntity.Sheep":60,"stat.pickup.minecraft.golden_chestplate":13,"stat.craftItem.minecraft.piston":195,"stat.useItem.minecraft.quartz_stairs":36,"stat.drop.minecraft.cooked_beef":43,"stat.killEntity.Slime":7,"stat.mineBlock.minecraft.anvil":2,"stat.useItem.minecraft.apple":1,"stat.mineBlock.minecraft.deadbush":47,"stat.useItem.minecraft.carpet":120,"stat.useItem.minecraft.potion":38,"stat.pickup.minecraft.fence":3,"stat.useItem.minecraft.stone_axe":40,"stat.craftItem.minecraft.iron_helmet":3,"stat.drop.minecraft.piston":1,"stat.craftItem.minecraft.rail":80,"stat.drop.minecraft.bed":1,"stat.boatOneCm":1045502,"stat.craftItem.minecraft.flint_and_steel":1,"stat.useItem.minecraft.redstone_lamp":101,"stat.mineBlock.minecraft.leaves2":21,"stat.craftItem.minecraft.iron_bars":32,"stat.mineBlock.minecraft.furnace":9,"stat.pickup.minecraft.end_crystal":4,"stat.drop.minecraft.water_bucket":1,"stat.killEntity.CaveSpider":552,"stat.craftItem.minecraft.netherbrick":32,"stat.craftItem.minecraft.birch_fence":78,"stat.pickup.minecraft.oak_stairs":2,"stat.pickup.minecraft.stained_glass":455,"stat.damageDealt":147849,"stat.craftItem.minecraft.anvil":3,"stat.useItem.minecraft.crafting_table":68,"stat.pickup.minecraft.boat":5,"stat.craftItem.minecraft.stone_shovel":1,"stat.pickup.minecraft.stick":324,"stat.craftItem.minecraft.birch_fence_gate":1,"stat.craftItem.minecraft.diamond_boots":1,"stat.useItem.minecraft.redstone_block":109,"stat.useItem.minecraft.spruce_stairs":641,"stat.craftItem.minecraft.redstone":585,"stat.useItem.minecraft.cactus":14,"stat.killEntity.Chicken":6,"stat.useItem.minecraft.iron_block":333,"stat.mineBlock.minecraft.quartz_ore":586,"stat.craftItem.minecraft.tnt":4,"stat.drop.minecraft.filled_map":5,"stat.craftItem.minecraft.fence":3,"stat.mineBlock.minecraft.leaves":642,"stat.mineBlock.minecraft.piston":71,"stat.craftItem.minecraft.tripwire_hook":54,"stat.beaconInteraction":10,"stat.killEntity.EntityHorse":1,"stat.pickup.minecraft.wooden_slab":443,"stat.leaveGame":94,"stat.useItem.minecraft.glowstone":51,"stat.mineBlock.minecraft.sandstone":3837,"stat.craftItem.minecraft.ender_eye":14,"stat.craftItem.minecraft.shield":16,"stat.craftItem.minecraft.stone_pressure_plate":66,"stat.mineBlock.minecraft.birch_fence_gate":1,"stat.useItem.minecraft.sandstone_stairs":65,"achievement.diamondsToYou":5,"stat.useItem.minecraft.activator_rail":5,"stat.craftItem.minecraft.noteblock":4,"stat.useItem.minecraft.birch_boat":8,"stat.mineBlock.minecraft.wooden_slab":431,"stat.pickup.minecraft.leather_boots":14,"stat.killEntity.Witch":12,"stat.drop.minecraft.sand":16,"stat.drop.minecraft.gold_ingot":1,"stat.craftItem.minecraft.wooden_pickaxe":1,"stat.craftItem.minecraft.iron_door":6,"stat.useItem.minecraft.iron_shovel":602,"stat.drop.minecraft.cooked_mutton":1,"stat.craftItem.minecraft.bed":2,"stat.mineBlock.minecraft.hopper":36,"stat.pickup.minecraft.melon_block":1,"stat.mineBlock.minecraft.rail":263,"stat.noteblockPlayed":32,"stat.drop.minecraft.red_flower":143,"stat.useItem.minecraft.double_plant":9,"stat.pickup.minecraft.prismarine":18,"stat.pickup.minecraft.beef":403,"stat.pickup.minecraft.leather_helmet":5,"stat.pickup.minecraft.cauldron":44,"stat.mineBlock.minecraft.stained_hardened_clay":5277,"stat.useItem.minecraft.trapdoor":15,"stat.useItem.minecraft.stained_glass":973,"stat.drop.minecraft.stone_pressure_plate":2,"stat.drop.minecraft.lead":1,"achievement.openInventory":6685,"stat.pickup.minecraft.potion":1,"stat.useItem.minecraft.wooden_button":28,"stat.craftItem.minecraft.dropper":1,"stat.useItem.minecraft.dye":299,"stat.mineBlock.minecraft.stone_pressure_plate":7,"stat.mineBlock.minecraft.tallgrass":4192,"achievement.potion":1,"stat.useItem.minecraft.cooked_rabbit":2,"stat.useItem.minecraft.splash_potion":1,"stat.useItem.minecraft.stone":1767,"stat.pickup.minecraft.arrow":1657,"stat.useItem.minecraft.acacia_fence_gate":2,"stat.pickup.minecraft.wooden_pressure_plate":15,"stat.killEntity.Ghast":13,"stat.useItem.minecraft.ender_chest":6,"stat.pickup.minecraft.acacia_fence_gate":1,"achievement.killCow":53,"stat.mineBlock.minecraft.chest":59,"stat.mineBlock.minecraft.hardened_clay":1150,"stat.craftItem.minecraft.hopper":82,"stat.useItem.minecraft.reeds":39,"stat.pickup.minecraft.birch_boat":8,"stat.craftItem.minecraft.nether_brick":8,"stat.craftItem.minecraft.diamond_shovel":5,"stat.pickup.minecraft.wheat_seeds":3706,"stat.mineBlock.minecraft.glass":39,"stat.mineBlock.minecraft.dirt":5797,"stat.pickup.minecraft.poisonous_potato":6,"stat.useItem.minecraft.bread":13,"stat.useItem.minecraft.cobblestone":582,"stat.useItem.minecraft.gravel":4,"stat.mineBlock.minecraft.double_plant":104,"stat.minecartOneCm":41111,"stat.drop.minecraft.carrot":1,"stat.craftItem.minecraft.gold_ingot":16,"stat.pickup.minecraft.hopper":69,"stat.pickup.minecraft.apple":2,"achievement.portal":169,"stat.itemEnchanted":54,"stat.useItem.minecraft.acacia_boat":4,"stat.drop.minecraft.hopper_minecart":1,"stat.mineBlock.minecraft.log":1425,"achievement.acquireIron":65,"stat.useItem.minecraft.spruce_door":10,"stat.craftItem.minecraft.paper":423,"stat.pickup.minecraft.red_flower":300,"stat.pickup.minecraft.wool":472,"stat.craftItem.minecraft.trapped_chest":37,"stat.drop.minecraft.grass":3,"stat.pickup.minecraft.trapped_chest":26,"stat.cakeSlicesEaten":1,"stat.craftItem.minecraft.cooked_rabbit":2,"stat.craftItem.minecraft.diamond_leggings":1,"stat.useItem.minecraft.iron_axe":171,"stat.mineBlock.minecraft.yellow_flower":27,"stat.entityKilledBy.Witch":2,"stat.useItem.minecraft.skull":14,"stat.craftItem.minecraft.wool":681,"stat.useItem.minecraft.snow":14,"stat.pickup.minecraft.enchanted_book":6,"stat.pickup.minecraft.glowstone":131,"achievement.buildWorkBench":57,"stat.pickup.minecraft.sticky_piston":108,"stat.useItem.minecraft.obsidian":592,"stat.pickup.minecraft.bow":96,"stat.useItem.minecraft.egg":5,"stat.pickup.minecraft.pumpkin_pie":31,"stat.pickup.minecraft.coal_ore":1142,"stat.craftItem.minecraft.cooked_beef":1041,"stat.mineBlock.minecraft.obsidian":38,"stat.pickup.minecraft.shears":2,"stat.craftItem.minecraft.bow":46,"stat.pickup.minecraft.iron_trapdoor":10,"stat.flyOneCm":13141561,"stat.pickup.minecraft.sandstone":3445,"stat.craftItem.minecraft.stained_glass":744,"stat.timeSinceDeath":214328,"stat.pickup.minecraft.quartz_ore":378,"stat.cauldronFilled":37,"stat.drop.minecraft.repeater":15,"stat.killEntity.Bat":1,"stat.useItem.minecraft.potato":624,"stat.pickup.minecraft.nether_wart":31,"stat.pickup.minecraft.spruce_fence":162,"stat.mineBlock.minecraft.coal_ore":1156,"stat.pickup.minecraft.shield":14,"stat.craftItem.minecraft.stone_hoe":2,"stat.talkedToVillager":14,"stat.drop.minecraft.baked_potato":43,"stat.mineBlock.minecraft.red_mushroom_block":558,"stat.pickup.minecraft.string":352,"stat.mineBlock.minecraft.ladder":63,"stat.drop.minecraft.redstone_lamp":14,"stat.useItem.minecraft.written_book":1,"stat.useItem.minecraft.diamond_shovel":9326,"stat.breakItem.minecraft.diamond_helmet":1,"stat.mineBlock.minecraft.diamond_ore":172,"stat.craftItem.minecraft.wooden_pressure_plate":4,"achievement.killEnemy":11146,"stat.useItem.minecraft.wooden_sword":35,"stat.breakItem.minecraft.iron_shovel":1,"stat.useItem.minecraft.diamond_ore":93,"stat.useItem.minecraft.ladder":261,"stat.pickup.minecraft.snowball":903,"stat.useItem.minecraft.birch_stairs":91,"stat.craftItem.minecraft.sandstone_stairs":60,"stat.diveOneCm":330566,"stat.useItem.minecraft.sticky_piston":152,"stat.craftItem.minecraft.ladder":126,"achievement.buildHoe":8,"stat.mineBlock.minecraft.stone_button":46,"stat.pickup.minecraft.stained_glass_pane":3,"stat.useItem.minecraft.rotten_flesh":4,"stat.craftItem.minecraft.diamond_sword":1,"stat.drop.minecraft.sandstone":38,"stat.jump":66730,"stat.useItem.minecraft.sand":1309,"stat.craftItem.minecraft.torch":1092,"achievement.makeBread":26,"stat.useItem.minecraft.glass":82,"stat.pickup.minecraft.gold_ore":91,"stat.useItem.minecraft.sapling":87,"achievement.blazeRod":56,"stat.damageTaken":87272,"stat.mineBlock.minecraft.melon_block":2,"stat.mineBlock.minecraft.sapling":14,"stat.pickup.minecraft.log2":494,"stat.mineBlock.minecraft.sandstone_stairs":50,"stat.pickup.minecraft.bed":11,"stat.cauldronUsed":37,"stat.pickup.minecraft.acacia_fence":27,"stat.pickup.minecraft.quartz_block":13,"stat.pickup.minecraft.potato":1071,"stat.breakItem.minecraft.iron_leggings":1,"stat.entityKilledBy.Zombie":2,"stat.killEntity.Silverfish":5,"stat.craftItem.minecraft.stone_slab":780,"stat.animalsBred":666,"stat.useItem.minecraft.chest":92,"stat.useItem.minecraft.birch_fence_gate":2,"stat.craftItem.minecraft.iron_chestplate":1,"stat.pickup.minecraft.baked_potato":378,"stat.drop.minecraft.potato":1,"stat.pickup.minecraft.ender_pearl":4477,"stat.pickup.minecraft.ladder":454,"stat.useItem.minecraft.netherrack":470,"stat.craftItem.minecraft.stained_glass_pane":16,"stat.mineBlock.minecraft.tnt":2,"stat.useItem.minecraft.tripwire_hook":2,"stat.mineBlock.minecraft.stonebrick":671,"stat.mineBlock.minecraft.glowstone":217,"stat.craftItem.minecraft.shears":2,"stat.useItem.minecraft.cobblestone_wall":47,"stat.pickup.minecraft.torch":1068,"stat.drop.minecraft.diamond_shovel":4,"stat.pickup.minecraft.spruce_boat":38,"stat.drop.minecraft.arrow":65,"stat.craftItem.minecraft.compass":11,"stat.pickup.minecraft.deadbush":9,"stat.craftItem.minecraft.iron_axe":1,"stat.pickup.minecraft.fishing_rod":13,"stat.useItem.minecraft.planks":465,"stat.mineBlock.minecraft.acacia_fence_gate":3,"stat.pickup.minecraft.glass":194,"stat.useItem.minecraft.water_bucket":83,"stat.pickup.minecraft.sand":3118,"stat.pickup.minecraft.hardened_clay":1323,"stat.pickup.minecraft.name_tag":1,"achievement.diamonds":151,"stat.pickup.minecraft.activator_rail":1,"stat.aviateOneCm":14479390,"stat.useItem.minecraft.ender_pearl":337,"achievement.buildBetterPickaxe":58,"stat.craftItem.minecraft.blaze_powder":16,"achievement.breedCow":577,"stat.useItem.minecraft.oak_stairs":2,"stat.mineBlock.minecraft.dark_oak_stairs":2,"stat.useItem.minecraft.dark_oak_stairs":1,"stat.drop.minecraft.stone_slab":67,"stat.mineBlock.minecraft.birch_stairs":25,"stat.pickup.minecraft.filled_map":5,"stat.pickup.minecraft.furnace":9,"stat.useItem.minecraft.redstone":1308,"stat.mineBlock.minecraft.redstone_lamp":29,"achievement.mineWood":1440,"stat.pickup.minecraft.iron_chestplate":17,"stat.pickup.minecraft.end_rod":64,"stat.pickup.minecraft.skull":38,"stat.useItem.minecraft.hopper":106,"stat.mineBlock.minecraft.oak_stairs":5,"stat.playOneMinute":9648155,"stat.drop.minecraft.string":30,"stat.useItem.minecraft.shears":231,"stat.pickup.minecraft.beacon":1,"stat.pickup.minecraft.iron_bars":23,"stat.pickup.minecraft.dispenser":27,"stat.craftItem.minecraft.carpet":60,"stat.mineBlock.minecraft.dispenser":19,"stat.mineBlock.minecraft.netherrack":2311,"stat.craftItem.minecraft.golden_rail":18,"stat.useItem.minecraft.quartz_ore":147,"stat.breakItem.minecraft.leather_helmet":1,"stat.pickup.minecraft.cooked_chicken":173,"stat.fallOneCm":1663719,"stat.craftItem.minecraft.chest":184,"stat.mineBlock.minecraft.lever":48,"stat.pickup.minecraft.red_mushroom":84,"stat.useItem.minecraft.iron_hoe":257,"stat.pickup.minecraft.comparator":102,"stat.pickup.minecraft.feather":6,"stat.drop.minecraft.iron_leggings":1,"stat.mineBlock.minecraft.spruce_fence":78,"achievement.fullBeacon":6,"stat.pickup.minecraft.lead":4,"stat.useItem.minecraft.stone_pickaxe":105,"stat.craftItem.minecraft.birch_stairs":92,"stat.useItem.minecraft.stone_sword":53,"stat.craftItem.minecraft.iron_leggings":1,"stat.killEntity.Rabbit":5,"stat.craftItem.minecraft.oak_stairs":4,"stat.pickup.minecraft.redstone_ore":173,"stat.pickup.minecraft.chainmail_boots":6,"stat.drop.minecraft.stick":4,"stat.useItem.minecraft.iron_bars":25,"stat.mineBlock.minecraft.quartz_stairs":8,"stat.killEntity.LavaSlime":34,"stat.pickup.minecraft.log":1956,"achievement.theEnd2":1,"stat.mineBlock.minecraft.golden_rail":24,"stat.craftItem.minecraft.hopper_minecart":12,"stat.pickup.minecraft.tallgrass":3,"stat.breakItem.minecraft.iron_helmet":1,"stat.pickup.minecraft.chainmail_leggings":4,"stat.entityKilledBy.Enderman":2,"stat.mineBlock.minecraft.iron_block":267,"stat.breakItem.minecraft.iron_chestplate":1,"stat.mineBlock.minecraft.tripwire_hook":2,"stat.craftItem.minecraft.snow":14,"stat.pickup.minecraft.diamond_helmet":5,"stat.useItem.minecraft.stone_hoe":141,"stat.sneakTime":282764,"stat.mineBlock.minecraft.cobblestone_wall":27,"stat.pickup.minecraft.chest":64,"stat.useItem.minecraft.web":45,"stat.drop.minecraft.sugar":1,"stat.pickup.minecraft.stone_pressure_plate":30,"stat.useItem.minecraft.repeater":345,"stat.craftItem.minecraft.stone_brick_stairs":4,"stat.craftItem.minecraft.acacia_fence_gate":1,"stat.craftItem.minecraft.iron_trapdoor":39,"stat.swimOneCm":592589,"stat.mineBlock.minecraft.spruce_stairs":199,"stat.useItem.minecraft.dirt":3752,"achievement.exploreAllBiomes":{"value":0,"progress":["Mesa Plateau F","Savanna Plateau","Mesa","ForestHills","Birch Forest","Flower Forest","Plains","The End","Beach","DesertHills","Stone Beach","Mesa Plateau","Forest","River","Ocean","Desert","Taiga","Extreme Hills","MushroomIsland","Hell","Savanna","Deep Ocean"]},"stat.pickup.minecraft.quartz_stairs":8,"stat.mineBlock.minecraft.carpet":151,"stat.pickup.minecraft.gold_block":1,"stat.mineBlock.minecraft.redstone_block":37,"stat.useItem.minecraft.stone_shovel":132,"stat.pickup.minecraft.glass_bottle":107,"stat.useItem.minecraft.red_mushroom":16,"stat.drop.minecraft.wheat_seeds":88,"stat.craftItem.minecraft.wooden_slab":1944,"stat.useItem.minecraft.sign":36,"stat.pickup.minecraft.mutton":79,"achievement.theEnd":15,"stat.useItem.minecraft.lever":78,"stat.mineBlock.minecraft.coal_block":3,"stat.drop.minecraft.golden_boots":2,"stat.craftItem.minecraft.red_sandstone":16,"stat.pickup.minecraft.stonebrick":801,"stat.pickup.minecraft.redstone_lamp":29,"stat.mineBlock.minecraft.nether_brick":3,"stat.useItem.minecraft.stone_slab":759,"stat.useItem.minecraft.bed":10,"stat.craftItem.minecraft.stone":286,"stat.mineBlock.minecraft.crafting_table":62,"stat.useItem.minecraft.diamond_pickaxe":62859,"stat.mineBlock.minecraft.quartz_block":9,"stat.useItem.minecraft.carrot":117,"stat.useItem.minecraft.bucket":163,"achievement.buildFurnace":22,"stat.pickup.minecraft.stone_button":67,"stat.pickup.minecraft.slime_ball":3,"stat.craftItem.minecraft.diamond_pickaxe":4,"stat.pickup.minecraft.gravel":100,"stat.useItem.minecraft.glass_bottle":75,"stat.useItem.minecraft.diamond_axe":3592,"stat.useItem.minecraft.stained_glass_pane":6,"stat.pickup.minecraft.stone_brick_stairs":12,"stat.pickup.minecraft.diamond_sword":23,"stat.pickup.minecraft.iron_helmet":14,"stat.craftItem.minecraft.birch_boat":2,"stat.useItem.minecraft.piston":141,"stat.craftItem.minecraft.bread":13,"stat.pickup.minecraft.spider_eye":93,"stat.useItem.minecraft.stone_button":115,"stat.pickup.minecraft.diamond_ore":73,"stat.useItem.minecraft.cooked_chicken":107,"stat.pickup.minecraft.iron_ore":992,"stat.mineBlock.minecraft.iron_bars":22,"stat.pickup.minecraft.leaves":270,"stat.pickup.minecraft.leather":196,"stat.useItem.minecraft.wooden_pickaxe":23,"stat.dispenserInspected":326,"stat.pickup.minecraft.reeds":218,"stat.pickup.minecraft.prismarine_crystals":2,"stat.craftItem.minecraft.glass":608,"stat.craftItem.minecraft.cauldron":15,"stat.sleepInBed":264,"stat.craftItem.minecraft.baked_potato":765,"stat.killEntity.Cow":503,"stat.pickup.minecraft.minecart":20,"stat.craftItem.minecraft.iron_sword":2,"stat.pickup.minecraft.piston":119,"stat.breakItem.minecraft.fishing_rod":2,"stat.walkOneCm":27695303,"stat.playerKills":10,"stat.mineBlock.minecraft.trapped_chest":34,"stat.useItem.minecraft.spruce_boat":30,"stat.drop.minecraft.diamond_axe":2,"stat.pickup.minecraft.tnt":2,"stat.drop.minecraft.iron_chestplate":2,"stat.pickup.minecraft.stone":18422,"stat.mineBlock.minecraft.wool":67,"stat.drop.minecraft.diamond_leggings":1,"stat.drop.minecraft.emerald":6,"stat.useItem.minecraft.red_mushroom_block":107,"stat.mineBlock.minecraft.packed_ice":31,"stat.useItem.minecraft.leaves":330,"stat.craftItem.minecraft.minecart":19,"stat.pickup.minecraft.gold_ingot":1,"stat.killEntity.Skeleton":616,"stat.mineBlock.minecraft.cactus":101,"stat.drop.minecraft.chainmail_boots":1,"stat.mineBlock.minecraft.redstone_torch":47,"stat.killEntity.Spider":52,"stat.pickup.minecraft.bread":17,"stat.craftItem.minecraft.spruce_fence":351,"stat.pickup.minecraft.quartz":497,"stat.pickup.minecraft.birch_fence":78,"stat.pickup.minecraft.water_bucket":10,"stat.useItem.minecraft.hopper_minecart":11,"stat.pickup.minecraft.spruce_stairs":197,"stat.mineBlock.minecraft.redstone_ore":616,"stat.pickup.minecraft.elytra":10,"stat.pickup.minecraft.lava_bucket":1,"stat.craftItem.minecraft.coal_block":27,"stat.mineBlock.minecraft.stone":43255,"stat.useItem.minecraft.sandstone":1645}