{"stat.flyOneCm":9825889,"stat.swimOneCm":17142,"stat.playOneMinute":498897,"achievement.openInventory":84,"stat.leaveGame":26,"stat.sneakTime":25665,"stat.timeSinceDeath":498897,"achievement.exploreAllBiomes":{"value":0,"progress":["Sunflower Plains","Birch Forest","Roofed Forest","Extreme Hills M","Redwood Taiga Hills M","The End","Beach","Mesa Plateau","Mega Taiga Hills","Extreme Hills+","Ocean","River","Taiga","Mega Taiga","Swampland","Birch Forest Hills","Mesa Plateau F","Savanna Plateau","Roofed Forest M","Mesa","ForestHills","Flower Forest","Plains","TaigaHills","DesertHills","Stone Beach","Forest","Birch Forest Hills M","Desert","Extreme Hills","Deep Ocean","Savanna"]},"stat.diveOneCm":30266}