{"stat.craftItem.minecraft.chorus_fruit_popped":7170,"stat.useItem.minecraft.bow":11693,"stat.useItem.minecraft.quartz_block":1041,"stat.craftItem.minecraft.acacia_boat":28,"stat.useItem.minecraft.painting":458,"stat.drop.minecraft.gunpowder":83,"achievement.killWither":7,"stat.drop.minecraft.redstone":120,"stat.craftItem.minecraft.black_glazed_terracotta":64,"stat.pickup.minecraft.dark_oak_boat":162,"stat.mineBlock.minecraft.stained_glass":3622,"stat.drop.minecraft.enchanted_book":2,"stat.mineBlock.minecraft.web":62,"stat.drop.minecraft.iron_sword":4,"stat.pickup.minecraft.rotten_flesh":8388,"stat.drop.minecraft.redstone_torch":8,"stat.useItem.minecraft.diamond_hoe":177,"stat.mineBlock.minecraft.purpur_stairs":48,"stat.craftItem.minecraft.stone_axe":1,"stat.useItem.minecraft.vine":544,"stat.drop.minecraft.leather_boots":2,"stat.pickup.minecraft.cobblestone_wall":1939,"stat.pickup.minecraft.bucket":79,"stat.useItem.minecraft.rail":7120,"stat.killEntity.Enderman":36990,"stat.drop.minecraft.elytra":3,"stat.useItem.minecraft.anvil":255,"stat.craftItem.minecraft.iron_shovel":16,"stat.mineBlock.minecraft.emerald_block":81,"stat.pickup.minecraft.brown_mushroom":656,"achievement.buildPickaxe":41,"stat.mineBlock.minecraft.end_stone":3127,"stat.killEntity.Villager":2,"stat.useItem.minecraft.spider_eye":1,"stat.useItem.minecraft.iron_pickaxe":2411,"stat.pickup.minecraft.stained_hardened_clay":151333,"stat.pickup.minecraft.double_plant":6003,"stat.craftItem.minecraft.glass_pane":421,"stat.useItem.minecraft.hardened_clay":27007,"stat.drop.minecraft.diamond_chestplate":1,"stat.pickup.minecraft.light_weighted_pressure_plate":12,"stat.mineBlock.minecraft.sticky_piston":424,"stat.pickup.minecraft.wooden_shovel":39,"stat.furnaceInteraction":2608,"stat.useItem.minecraft.nether_wart":7259,"stat.useItem.minecraft.golden_carrot":2224,"stat.mineBlock.minecraft.chorus_plant":1014,"stat.pickup.minecraft.nether_brick":3674,"stat.pickup.minecraft.sponge":3773,"stat.craftItem.minecraft.leather_helmet":16,"stat.useItem.minecraft.green_shulker_box":36,"stat.useItem.minecraft.end_stone":516,"stat.mineBlock.minecraft.wooden_button":41,"stat.drop.minecraft.cactus":6,"stat.drop.minecraft.light_weighted_pressure_plate":1,"stat.useItem.minecraft.red_sandstone":9,"stat.pickup.minecraft.hay_block":3,"stat.craftItem.minecraft.golden_leggings":1,"stat.drop.minecraft.magma":5,"stat.pickup.minecraft.cyan_shulker_box":74,"stat.useItem.minecraft.fence":1701,"stat.craftItem.minecraft.orange_glazed_terracotta":4,"stat.drop.minecraft.furnace":4,"stat.useItem.minecraft.acacia_fence":4,"stat.mineBlock.minecraft.sponge":3433,"stat.craftItem.minecraft.daylight_detector":142,"stat.useItem.minecraft.cauldron":11,"stat.useItem.minecraft.flint_and_steel":421,"stat.mineBlock.minecraft.fence":1102,"stat.useItem.minecraft.wheat_seeds":4512,"stat.mineBlock.minecraft.sea_lantern":510,"stat.craftItem.minecraft.silver_glazed_terracotta":2,"stat.drop.minecraft.cooked_fish":33,"stat.killEntity.Husk":2,"stat.pickup.minecraft.emerald":22,"stat.craftItem.minecraft.dark_oak_boat":167,"stat.pickup.minecraft.lever":217,"stat.deaths":93,"stat.pickup.minecraft.bowl":90,"stat.pickup.minecraft.egg":13453,"stat.mineBlock.minecraft.brown_shulker_box":116,"stat.craftItem.minecraft.item_frame":185,"stat.craftItem.minecraft.wooden_shovel":3,"stat.pickup.minecraft.clock":5,"stat.craftItem.minecraft.iron_pickaxe":10,"stat.pickup.minecraft.glass_pane":73,"stat.pickup.minecraft.item_frame":210,"stat.pickup.minecraft.sea_lantern":1715,"stat.craftItem.minecraft.repeater":834,"stat.drop.minecraft.iron_ingot":88,"stat.pickup.minecraft.cooked_mutton":349,"stat.chestOpened":60969,"stat.useItem.minecraft.lapis_ore":3,"stat.craftItem.minecraft.mossy_cobblestone":12,"stat.craftItem.minecraft.sign":1527,"stat.useItem.minecraft.jungle_fence":229,"stat.pickup.minecraft.iron_sword":21,"stat.killEntity.Vex":3,"stat.pickup.minecraft.lapis_ore":42,"stat.craftItem.minecraft.quartz_block":2247,"stat.pickup.minecraft.gold_nugget":2601,"stat.pickup.minecraft.chorus_flower":1882,"stat.drop.minecraft.banner":18,"stat.craftItem.minecraft.coal":2061,"stat.drop.minecraft.dark_oak_stairs":2,"stat.craftItem.minecraft.ender_chest":76,"stat.pickup.minecraft.carrot":12583,"stat.drop.minecraft.stone_sword":9,"stat.crouchOneCm":17823698,"stat.pickup.minecraft.rail":3725,"stat.craftItem.minecraft.diamond":513,"stat.craftItem.minecraft.iron_ingot":24429,"stat.pickup.minecraft.ender_chest":279,"stat.drop.minecraft.slime_ball":10,"stat.craftingTableInteraction":4691,"stat.mineBlock.minecraft.wooden_pressure_plate":97,"stat.useItem.minecraft.light_blue_shulker_box":38,"stat.pickup.minecraft.jungle_door":2,"stat.pickup.minecraft.repeater":1146,"stat.pickup.minecraft.wooden_pickaxe":1,"stat.mineBlock.minecraft.log2":17673,"stat.drop.minecraft.double_plant":8,"stat.useItem.minecraft.dark_oak_fence":61,"stat.pickup.minecraft.dye":11299,"stat.mineBlock.minecraft.jungle_fence":172,"stat.pickup.minecraft.planks":3832,"stat.drop.minecraft.minecart":79,"stat.drop.minecraft.soul_sand":4,"stat.drop.minecraft.carpet":191,"stat.mineBlock.minecraft.ender_chest":274,"stat.craftItem.minecraft.magma":41,"stat.pickup.minecraft.ice":5022,"stat.mineBlock.minecraft.daylight_detector":2,"stat.killEntity.VindicationIllager":12,"stat.flowerPotted":196,"stat.drop.minecraft.rotten_flesh":521,"stat.pickup.minecraft.magma":284,"stat.mineBlock.minecraft.activator_rail":1,"stat.drop.minecraft.coal_ore":34,"stat.drop.minecraft.iron_ore":73,"stat.useItem.minecraft.yellow_flower":22,"stat.drop.minecraft.sapling":42,"stat.pickup.minecraft.chicken":73,"stat.pickup.minecraft.tipped_arrow":82,"stat.drop.minecraft.gold_nugget":190,"stat.pickup.minecraft.end_stone":3882,"stat.useItem.minecraft.glass_pane":368,"stat.breakItem.minecraft.stone_shovel":9,"stat.pickup.minecraft.coal_block":182,"stat.drop.minecraft.fish":474,"stat.craftItem.minecraft.bucket":99,"stat.craftItem.minecraft.planks":81321,"stat.useItem.minecraft.iron_sword":1587,"stat.craftItem.minecraft.dirt":140,"stat.mineBlock.minecraft.prismarine":18674,"stat.craftItem.minecraft.fishing_rod":23,"stat.pickup.minecraft.stone_sword":54,"stat.useItem.minecraft.daylight_detector":55,"stat.useItem.minecraft.stonebrick":15931,"stat.pickup.minecraft.book":454,"stat.craftItem.minecraft.wooden_door":72,"stat.mineBlock.minecraft.waterlily":14,"stat.useItem.minecraft.grass_path":18,"stat.pickup.minecraft.iron_door":32,"stat.pickup.minecraft.red_nether_brick":554,"stat.drop.minecraft.sea_lantern":202,"stat.pickup.minecraft.cooked_fish":4748,"stat.pickup.minecraft.tripwire_hook":124,"stat.craftItem.minecraft.jungle_boat":3,"stat.drop.minecraft.lapis_ore":1,"stat.pickup.minecraft.bookshelf":15,"stat.pickup.minecraft.spruce_fence_gate":4,"stat.mineBlock.minecraft.cobblestone":10365,"stat.mineBlock.minecraft.pumpkin":2359,"stat.useItem.minecraft.beacon":91,"stat.pickup.minecraft.stone_pickaxe":1,"stat.pickup.minecraft.flint":280,"stat.craftItem.minecraft.quartz_stairs":168,"stat.drop.minecraft.beacon":1,"stat.pickup.minecraft.leather_chestplate":38,"stat.mineBlock.minecraft.concrete":2912,"stat.pickup.minecraft.flower_pot":94,"stat.mineBlock.minecraft.stained_glass_pane":895,"stat.drop.minecraft.purpur_slab":17,"stat.pickup.minecraft.lime_shulker_box":116,"stat.drop.minecraft.end_bricks":56,"stat.craftItem.minecraft.clock":14,"stat.drop.minecraft.cobblestone":8131,"stat.useItem.minecraft.chorus_flower":1740,"stat.pickup.minecraft.cooked_porkchop":469,"stat.useItem.minecraft.coal_block":1517,"stat.breakItem.minecraft.iron_pickaxe":9,"stat.mineBlock.minecraft.dropper":166,"stat.useItem.minecraft.stone_slab2":14,"stat.pickup.minecraft.iron_boots":18,"stat.pickup.minecraft.diamond_horse_armor":4,"stat.pickup.minecraft.stone_hoe":3,"stat.craftItem.minecraft.furnace":806,"stat.craftItem.minecraft.lapis_block":301,"stat.pickup.minecraft.map":6,"stat.drop.minecraft.golden_helmet":1,"stat.pickup.minecraft.golden_axe":1,"stat.craftItem.minecraft.iron_boots":5,"stat.useItem.minecraft.spruce_fence_gate":10,"stat.mineBlock.minecraft.clay":5175,"stat.mineBlock.minecraft.noteblock":57,"stat.pickup.minecraft.diamond_leggings":69,"stat.useItem.minecraft.brick_block":80,"stat.drop.minecraft.iron_helmet":3,"stat.drop.minecraft.snow_layer":15,"stat.useItem.minecraft.melon_block":203,"stat.useItem.minecraft.wooden_slab":14650,"stat.drop.minecraft.spider_eye":75,"stat.craftItem.minecraft.beacon":7,"stat.useItem.minecraft.iron_door":15,"stat.craftItem.minecraft.iron_block":1170,"stat.craftItem.minecraft.stonebrick":18355,"stat.useItem.minecraft.brown_shulker_box":121,"stat.breakItem.minecraft.diamond_pickaxe":4,"stat.craftItem.minecraft.end_rod":1856,"stat.drop.minecraft.stained_glass":62,"stat.drop.minecraft.flint_and_steel":1,"stat.drop.minecraft.wool":86,"stat.killEntity.Creeper":570,"stat.useItem.minecraft.armor_stand":38,"stat.breakItem.minecraft.iron_sword":1,"stat.drop.minecraft.ender_chest":1,"stat.useItem.minecraft.silver_shulker_box":11,"stat.craftItem.minecraft.jungle_stairs":64,"stat.pickup.minecraft.brown_shulker_box":123,"stat.drop.minecraft.obsidian":30,"achievement.buildSword":112,"stat.drop.minecraft.oak_stairs":5,"stat.pickup.minecraft.birch_stairs":180,"stat.useItem.minecraft.dropper":1867,"stat.killEntity.Squid":240,"stat.sprintOneCm":204311827,"stat.useItem.minecraft.diamond_block":56,"stat.mineBlock.minecraft.stone_slab":4120,"stat.useItem.minecraft.hay_block":63,"stat.drop.minecraft.leather":30,"stat.drop.minecraft.stone_hoe":1,"stat.useItem.minecraft.snowball":4,"stat.entityKilledBy.VindicationIllager":3,"stat.drop.minecraft.cauldron":1,"stat.pickup.minecraft.leather_leggings":41,"stat.craftItem.minecraft.redstone_lamp":1206,"stat.drop.minecraft.boat":5,"stat.drop.minecraft.cobblestone_wall":70,"stat.pickup.minecraft.sugar":2415,"stat.pickup.minecraft.vine":1417,"stat.craftItem.minecraft.leather_chestplate":24,"stat.useItem.minecraft.cake":1,"stat.useItem.minecraft.banner":859,"stat.drop.minecraft.golden_rail":3,"stat.mineBlock.minecraft.yellow_glazed_terracotta":11,"stat.craftItem.minecraft.emerald":104,"stat.pickup.minecraft.iron_block":4652,"stat.killEntity.Zombie":3918,"stat.craftItem.minecraft.dye":130087,"stat.craftItem.minecraft.diamond_axe":6,"stat.mineBlock.minecraft.gold_ore":956,"stat.pickup.minecraft.fire_charge":1,"stat.drop.minecraft.diamond_pickaxe":14,"stat.craftItem.minecraft.slime_ball":720,"stat.pickup.minecraft.wheat":4009,"stat.craftItem.minecraft.sandstone":5812,"stat.craftItem.minecraft.purpur_pillar":203,"stat.mineBlock.minecraft.mossy_cobblestone":257,"stat.drop.minecraft.stone_stairs":20,"stat.drop.minecraft.purpur_stairs":2,"stat.pickup.minecraft.sign":1501,"stat.pickup.minecraft.obsidian":5261,"stat.useItem.minecraft.iron_trapdoor":309,"stat.pickup.minecraft.coal":21958,"stat.pickup.minecraft.iron_ingot":2072,"stat.useItem.minecraft.dark_oak_boat":53,"stat.craftItem.minecraft.lever":461,"stat.drop.minecraft.diamond_sword":15,"stat.pickup.minecraft.gunpowder":2943,"stat.drop.minecraft.wooden_sword":6,"stat.pickup.minecraft.dirt":28470,"stat.useItem.minecraft.coal_ore":1294,"stat.drop.minecraft.iron_shovel":5,"stat.craftItem.minecraft.sponge":3352,"stat.useItem.minecraft.light_weighted_pressure_plate":6,"stat.drop.minecraft.jungle_door":2,"stat.useItem.minecraft.dispenser":149,"stat.mineBlock.minecraft.lapis_ore":372,"stat.pickup.minecraft.red_sandstone":11,"stat.pickup.minecraft.iron_axe":6,"stat.pickup.minecraft.cookie":77,"stat.drop.minecraft.acacia_boat":4,"stat.brewingstandInteraction":321,"stat.useItem.minecraft.stone_brick_stairs":5358,"stat.mineBlock.minecraft.torch":3704,"stat.pickup.minecraft.written_book":27,"stat.mineBlock.minecraft.red_flower":207,"stat.tradedWithVillager":108,"stat.pickup.minecraft.magma_cream":138,"stat.noteblockTuned":232,"stat.pickup.minecraft.ender_eye":1,"stat.craftItem.minecraft.comparator":600,"stat.craftItem.minecraft.sea_lantern":4300,"stat.craftItem.minecraft.glowstone":2436,"stat.drop.minecraft.nether_star":3,"stat.useItem.minecraft.slime":3242,"stat.useItem.minecraft.birch_fence":118,"stat.mineBlock.minecraft.fence_gate":14,"stat.pickup.minecraft.diamond_axe":46,"stat.pickup.minecraft.rabbit_hide":3,"stat.useItem.minecraft.snow_layer":458,"stat.pickup.minecraft.shulker_shell":864,"stat.mineBlock.minecraft.birch_fence":55,"stat.pickup.minecraft.green_shulker_box":35,"stat.drop.minecraft.wheat":3,"stat.pickup.minecraft.diamond_pickaxe":111,"stat.useItem.minecraft.pumpkin":1317,"stat.pickup.minecraft.noteblock":93,"stat.useItem.minecraft.tnt":110,"stat.useItem.minecraft.gold_ore":11,"stat.useItem.minecraft.lava_bucket":175,"stat.drop.minecraft.netherrack":2014,"stat.pickup.minecraft.red_mushroom_block":748,"stat.useItem.minecraft.melon":17,"stat.craftItem.minecraft.wheat":18,"stat.useItem.minecraft.item_frame":214,"stat.useItem.minecraft.stained_hardened_clay":56847,"stat.drop.minecraft.egg":35,"stat.useItem.minecraft.redstone_ore":214,"stat.pickup.minecraft.cooked_beef":1763,"stat.useItem.minecraft.concrete":2500,"stat.drop.minecraft.lit_pumpkin":2,"stat.drop.minecraft.nether_brick":10,"stat.drop.minecraft.lever":12,"stat.mineBlock.minecraft.purpur_slab":65,"stat.craftItem.minecraft.cookie":8,"stat.pickup.minecraft.dark_oak_stairs":227,"stat.drop.minecraft.clock":1,"stat.mobKills":1125671,"stat.pickup.minecraft.diamond_boots":73,"stat.mineBlock.minecraft.bookshelf":127,"stat.drop.minecraft.written_book":4,"stat.useItem.minecraft.boat":31,"stat.craftItem.minecraft.lead":138,"stat.useItem.minecraft.mossy_cobblestone":24,"stat.pickup.minecraft.diamond":951,"stat.pickup.minecraft.beetroot_seeds":895,"achievement.bookcase":90,"stat.pickup.minecraft.brown_mushroom_block":3574,"stat.craftItem.minecraft.nether_brick_stairs":80,"stat.craftItem.minecraft.spruce_stairs":2892,"stat.craftItem.minecraft.map":95,"stat.useItem.minecraft.string":218,"stat.drop.minecraft.mutton":4,"stat.craftItem.minecraft.yellow_glazed_terracotta":80,"stat.useItem.minecraft.bookshelf":60,"stat.useItem.minecraft.soul_sand":2483,"stat.killEntity.Blaze":16352,"stat.drop.minecraft.skull":1,"stat.useItem.minecraft.gray_shulker_box":13,"stat.pickup.minecraft.golden_boots":34,"stat.pickup.minecraft.glowstone_dust":3097,"stat.mineBlock.minecraft.white_shulker_box":53,"achievement.overpowered":1,"stat.mineBlock.minecraft.red_mushroom":5,"stat.mineBlock.minecraft.stone_brick_stairs":1363,"stat.mineBlock.minecraft.nether_brick_fence":107,"stat.drop.minecraft.golden_leggings":3,"stat.pickup.minecraft.splash_potion":12,"stat.pickup.minecraft.observer":254,"stat.craftItem.minecraft.lit_pumpkin":452,"stat.craftItem.minecraft.cobblestone_wall":1986,"stat.craftItem.minecraft.stone_sword":30,"stat.mineBlock.minecraft.snow_layer":5505,"stat.pickup.minecraft.chainmail_chestplate":3,"stat.mineBlock.minecraft.sand":56234,"stat.craftItem.minecraft.slime":3018,"stat.hopperInspected":2332,"stat.useItem.minecraft.fence_gate":49,"stat.drop.minecraft.diamond":203,"stat.pickup.minecraft.packed_ice":4670,"stat.breakItem.minecraft.flint_and_steel":4,"stat.pickup.minecraft.ghast_tear":25,"stat.craftItem.minecraft.birch_door":3,"stat.pickup.minecraft.armor_stand":72,"stat.trappedChestTriggered":2653,"stat.mineBlock.minecraft.gray_shulker_box":6,"stat.drop.minecraft.rail":119,"stat.craftItem.minecraft.magma_cream":169,"stat.drop.minecraft.diamond_block":64,"stat.craftItem.minecraft.acacia_stairs":336,"stat.craftItem.minecraft.observer":104,"stat.drop.minecraft.spruce_door":4,"stat.craftItem.minecraft.pumpkin_seeds":56,"stat.pickup.minecraft.wooden_button":228,"stat.drop.minecraft.purple_shulker_box":5,"stat.mineBlock.minecraft.lapis_block":97,"stat.drop.minecraft.wooden_pressure_plate":6,"stat.useItem.minecraft.minecart":259,"stat.useItem.minecraft.cooked_mutton":294,"stat.drop.minecraft.stained_hardened_clay":4288,"stat.drop.minecraft.diamond_helmet":2,"stat.drop.minecraft.wooden_button":12,"stat.drop.minecraft.fishing_rod":4,"stat.drop.minecraft.acacia_stairs":2,"stat.drop.minecraft.pumpkin_seeds":4,"stat.drop.minecraft.prismarine_shard":34038,"stat.pickup.minecraft.stone_stairs":336,"stat.craftItem.minecraft.fence_gate":47,"stat.pickup.minecraft.acacia_stairs":155,"stat.pickup.minecraft.golden_carrot":908,"stat.drop.minecraft.fireworks":144,"stat.pickup.minecraft.pumpkin_seeds":2,"stat.drop.minecraft.snowball":28,"stat.pickup.minecraft.saddle":25,"stat.pickup.minecraft.fermented_spider_eye":1,"stat.mineBlock.minecraft.soul_sand":3593,"stat.mineBlock.minecraft.jungle_stairs":35,"achievement.ghast":11,"stat.pickup.minecraft.mycelium":13,"stat.pickup.minecraft.blaze_rod":12496,"stat.craftItem.minecraft.diamond_block":128,"stat.drop.minecraft.chest":10,"stat.useItem.minecraft.gray_glazed_terracotta":230,"stat.pickup.minecraft.netherrack":55834,"stat.pickup.minecraft.pumpkin":3237,"stat.pickup.minecraft.spruce_door":2,"stat.useItem.minecraft.fish":5,"stat.drop.minecraft.hopper":3,"stat.pickup.minecraft.waterlily":504,"stat.useItem.minecraft.sponge":3403,"stat.mineBlock.minecraft.ice":4018,"stat.craftItem.minecraft.redstone_torch":5588,"stat.pickup.minecraft.detector_rail":195,"stat.useItem.minecraft.packed_ice":3539,"stat.pickup.minecraft.brick_stairs":139,"stat.mineBlock.minecraft.gold_block":327,"stat.drop.minecraft.stone":5061,"stat.useItem.minecraft.trapped_chest":495,"stat.pickup.minecraft.melon_seeds":36,"stat.pickup.minecraft.dropper":490,"stat.useItem.minecraft.black_shulker_box":115,"stat.pickup.minecraft.golden_leggings":29,"stat.pickup.minecraft.melon":345,"stat.drop.minecraft.stained_glass_pane":12,"stat.drop.minecraft.milk_bucket":1,"stat.dropperInspected":782,"stat.mineBlock.minecraft.nether_wart_block":36,"stat.pickup.minecraft.heavy_weighted_pressure_plate":1,"stat.pickup.minecraft.emerald_ore":2,"stat.useItem.minecraft.golden_rail":1441,"stat.craftItem.minecraft.detector_rail":768,"stat.drop.minecraft.bone":254,"stat.craftItem.minecraft.wooden_button":189,"stat.useItem.minecraft.furnace":865,"stat.pickup.minecraft.slime":2044,"stat.pickup.minecraft.iron_leggings":22,"stat.mineBlock.minecraft.snow":666,"stat.entityKilledBy.Villager":1,"stat.mineBlock.minecraft.gravel":12056,"stat.breakItem.minecraft.stone_axe":1,"stat.drop.minecraft.fence_gate":1,"stat.mineBlock.minecraft.beacon":81,"stat.useItem.minecraft.wool":6617,"stat.drop.minecraft.reeds":3,"stat.craftItem.minecraft.gray_glazed_terracotta":192,"stat.drop.minecraft.iron_axe":1,"stat.pickup.minecraft.flint_and_steel":72,"stat.mineBlock.minecraft.green_shulker_box":30,"stat.useItem.minecraft.torch":18664,"stat.pickup.minecraft.golden_apple":52,"stat.craftItem.minecraft.redstone_block":2217,"stat.pickup.minecraft.birch_fence_gate":17,"stat.craftItem.minecraft.stone_stairs":456,"stat.pickup.minecraft.crafting_table":378,"stat.useItem.minecraft.log":4261,"stat.useItem.minecraft.comparator":705,"stat.drop.minecraft.tallgrass":2,"stat.craftItem.minecraft.crafting_table":193,"stat.drop.minecraft.end_stone":13,"stat.craftItem.minecraft.boat":61,"stat.mineBlock.minecraft.emerald_ore":2,"stat.pickup.minecraft.redstone_block":1556,"stat.useItem.minecraft.cooked_fish":2223,"stat.drop.minecraft.sign":33,"stat.useItem.minecraft.nether_wart_block":343,"stat.pickup.minecraft.compass":1,"stat.drop.minecraft.stonebrick":74,"stat.craftItem.minecraft.stone_button":515,"stat.pickup.minecraft.web":234,"stat.drop.minecraft.planks":81,"stat.pickup.minecraft.sapling":25047,"stat.useItem.minecraft.birch_door":1,"stat.drop.minecraft.bow":22,"stat.pickup.minecraft.beetroot":433,"stat.drop.minecraft.golden_chestplate":3,"stat.killEntity.WitherSkeleton":7,"stat.useItem.minecraft.wooden_pressure_plate":154,"stat.pickup.minecraft.golden_sword":187,"stat.craftItem.minecraft.sugar":6,"stat.pickup.minecraft.rabbit":2,"stat.mineBlock.minecraft.orange_shulker_box":70,"stat.drop.minecraft.bucket":31,"stat.craftItem.minecraft.spruce_fence_gate":6,"stat.useItem.minecraft.baked_potato":43,"stat.pickup.minecraft.stone_slab":7376,"stat.drop.minecraft.yellow_flower":48,"stat.pickup.minecraft.yellow_flower":427,"stat.pickup.minecraft.golden_rail":740,"stat.useItem.minecraft.fishing_rod":22739,"stat.craftItem.minecraft.diamond_chestplate":1,"stat.useItem.minecraft.brick_stairs":349,"stat.pickup.minecraft.bone":5727,"stat.craftItem.minecraft.sticky_piston":274,"stat.pickup.minecraft.redstone_torch":1773,"stat.horseOneCm":7354088,"stat.drop.minecraft.tripwire_hook":5,"stat.useItem.minecraft.log2":10910,"stat.drop.minecraft.glowstone_dust":9,"stat.mineBlock.minecraft.slime":1749,"stat.drop.minecraft.red_mushroom":6,"stat.drop.minecraft.mossy_cobblestone":3,"stat.mineBlock.minecraft.black_shulker_box":109,"stat.drop.minecraft.prismarine_crystals":653,"stat.mineBlock.minecraft.brown_mushroom":40,"stat.mineBlock.minecraft.acacia_fence":2,"stat.useItem.minecraft.diamond_sword":15578,"stat.craftItem.minecraft.diamond_helmet":3,"stat.climbOneCm":8928768,"stat.drop.minecraft.sticky_piston":7,"stat.useItem.minecraft.end_rod":964,"stat.craftItem.minecraft.gold_block":3445,"stat.enderchestOpened":4525,"stat.useItem.minecraft.redstone_torch":2981,"stat.pickup.minecraft.golden_helmet":28,"stat.craftItem.minecraft.purple_shulker_box":130,"stat.drop.minecraft.writable_book":1,"stat.useItem.minecraft.jungle_boat":4,"stat.useItem.minecraft.red_flower":191,"stat.pickup.minecraft.cooked_rabbit":1,"stat.pickup.minecraft.daylight_detector":70,"stat.craftItem.minecraft.bone_block":2405,"stat.useItem.minecraft.magenta_shulker_box":42,"stat.pickup.minecraft.anvil":147,"stat.useItem.minecraft.leaves2":592,"stat.mineBlock.minecraft.black_glazed_terracotta":84,"stat.useItem.minecraft.iron_ore":44,"stat.craftItem.minecraft.trapdoor":1410,"stat.craftItem.minecraft.stone_pickaxe":6,"stat.pickup.minecraft.cobblestone":207454,"stat.useItem.minecraft.yellow_glazed_terracotta":52,"stat.craftItem.minecraft.glass_bottle":93,"stat.pickup.minecraft.soul_sand":4259,"stat.craftItem.minecraft.golden_axe":1,"stat.useItem.minecraft.cooked_beef":2790,"stat.pickup.minecraft.cactus":377,"stat.pickup.minecraft.dragon_egg":5862,"stat.pickup.minecraft.redstone":20082,"stat.pickup.minecraft.acacia_boat":21,"stat.craftItem.minecraft.dispenser":53,"stat.mineBlock.minecraft.iron_ore":5880,"stat.craftItem.minecraft.book":148,"stat.drop.minecraft.name_tag":1,"stat.pickup.minecraft.mossy_cobblestone":296,"stat.useItem.minecraft.noteblock":213,"stat.drop.minecraft.coal":6,"stat.drop.minecraft.iron_bars":447,"achievement.spawnWither":7,"stat.drop.minecraft.dirt":416,"stat.useItem.minecraft.cooked_porkchop":347,"stat.pickup.minecraft.iron_shovel":10,"stat.pickup.minecraft.carpet":2371,"stat.pickup.minecraft.trapdoor":671,"stat.pickup.minecraft.diamond_shovel":48,"stat.craftItem.minecraft.acacia_fence":12,"stat.pickup.minecraft.jungle_stairs":43,"stat.useItem.minecraft.chest_minecart":115,"stat.mineBlock.minecraft.lime_shulker_box":111,"stat.useItem.minecraft.sea_lantern":2128,"stat.craftItem.minecraft.snow_layer":468,"stat.pickup.minecraft.silver_shulker_box":10,"stat.pickup.minecraft.nether_star":11,"stat.useItem.minecraft.spruce_fence":1224,"stat.pickup.minecraft.sandstone_stairs":108,"stat.craftItem.minecraft.chest_minecart":120,"stat.pickup.minecraft.paper":440,"stat.craftItem.minecraft.stick":17876,"stat.craftItem.minecraft.stained_hardened_clay":28680,"stat.craftItem.minecraft.gold_nugget":22314,"stat.pickup.minecraft.grass":12351,"stat.useItem.minecraft.stone_pressure_plate":37,"stat.drop.minecraft.leaves":46,"stat.pickup.minecraft.golden_horse_armor":3,"stat.pickup.minecraft.diamond_chestplate":26,"stat.entityKilledBy.Creeper":13,"stat.drop.minecraft.tipped_arrow":14,"stat.breakItem.minecraft.shears":47,"stat.pickup.minecraft.blue_shulker_box":51,"stat.mineBlock.minecraft.planks":2275,"stat.drop":3407,"stat.killEntity.Sheep":76,"stat.drop.minecraft.iron_boots":2,"stat.drop.minecraft.redstone_block":220,"stat.pickup.minecraft.golden_chestplate":26,"stat.useItem.minecraft.melon_seeds":24,"stat.drop.minecraft.bread":1,"stat.pickup.minecraft.purpur_pillar":64,"stat.drop.minecraft.flower_pot":2,"stat.craftItem.minecraft.piston":1082,"stat.useItem.minecraft.quartz_stairs":308,"stat.drop.minecraft.cooked_beef":175,"stat.killEntity.EvocationIllager":1,"stat.pickup.minecraft.black_glazed_terracotta":84,"stat.killEntity.Slime":841,"stat.mineBlock.minecraft.anvil":100,"stat.useItem.minecraft.lime_shulker_box":116,"stat.pickup.minecraft.purple_shulker_box":740,"stat.useItem.minecraft.waterlily":1,"stat.useItem.minecraft.apple":53,"stat.mineBlock.minecraft.deadbush":270,"stat.useItem.minecraft.black_glazed_terracotta":308,"stat.useItem.minecraft.carpet":5787,"stat.useItem.minecraft.potion":59,"stat.useItem.minecraft.flower_pot":209,"stat.mineBlock.minecraft.purpur_pillar":65,"stat.pickup.minecraft.fence":1300,"stat.useItem.minecraft.stone_axe":132,"stat.craftItem.minecraft.iron_helmet":4,"stat.drop.minecraft.piston":14,"stat.craftItem.minecraft.rail":4736,"stat.drop.minecraft.bed":2,"stat.drop.minecraft.glass":7,"achievement.onARail":18467,"stat.boatOneCm":4510280,"stat.drop.minecraft.magma_cream":1,"stat.craftItem.minecraft.flint_and_steel":13,"stat.useItem.minecraft.redstone_lamp":1211,"stat.mineBlock.minecraft.leaves2":4215,"stat.mineBlock.minecraft.stone_stairs":242,"stat.craftItem.minecraft.iron_bars":672,"stat.mineBlock.minecraft.furnace":293,"stat.pickup.minecraft.dark_oak_fence":97,"stat.pickup.minecraft.prismarine_shard":43197,"stat.drop.minecraft.stone_button":45,"stat.pickup.minecraft.end_crystal":1,"stat.drop.minecraft.water_bucket":4,"stat.killEntity.CaveSpider":2590,"stat.craftItem.minecraft.netherbrick":256,"stat.craftItem.minecraft.birch_fence":150,"stat.pickup.minecraft.oak_stairs":219,"stat.pickup.minecraft.emerald_block":81,"stat.pickup.minecraft.stained_glass":9504,"stat.damageDealt":883152,"stat.craftItem.minecraft.anvil":134,"stat.pickup.minecraft.end_bricks":937,"stat.mineBlock.minecraft.nether_brick_stairs":48,"stat.useItem.minecraft.crafting_table":425,"stat.pickup.minecraft.boat":67,"stat.craftItem.minecraft.stone_shovel":18,"stat.pickup.minecraft.stick":5027,"stat.drop.minecraft.vine":1,"achievement.enchantments":13,"stat.breakItem.minecraft.stone_pickaxe":3,"stat.craftItem.minecraft.birch_fence_gate":30,"stat.drop.minecraft.iron_block":13,"stat.craftItem.minecraft.writable_book":5,"stat.craftItem.minecraft.diamond_boots":5,"stat.useItem.minecraft.redstone_block":1072,"stat.drop.minecraft.leather_chestplate":5,"stat.useItem.minecraft.spruce_stairs":3525,"stat.craftItem.minecraft.redstone":16183,"stat.useItem.minecraft.cactus":26,"stat.pickup.minecraft.chorus_fruit":17069,"stat.craftItem.minecraft.red_nether_brick":1568,"stat.drop.minecraft.purpur_block":69,"stat.killEntity.Chicken":95,"stat.drop.minecraft.crafting_table":18,"stat.useItem.minecraft.iron_block":6665,"stat.mineBlock.minecraft.quartz_ore":6815,"stat.craftItem.minecraft.tnt":136,"stat.drop.minecraft.chest_minecart":4,"stat.pickup.minecraft.concrete_powder":1377,"stat.drop.minecraft.filled_map":2,"stat.pickup.minecraft.yellow_glazed_terracotta":11,"stat.pickup.minecraft.dragon_breath":404,"stat.drop.minecraft.diamond_boots":1,"stat.craftItem.minecraft.fence":1480,"stat.craftItem.minecraft.jungle_fence":126,"stat.useItem.minecraft.golden_apple":7,"stat.mineBlock.minecraft.leaves":14448,"stat.craftItem.minecraft.purpur_slab":1386,"stat.mineBlock.minecraft.piston":1270,"stat.mineBlock.minecraft.bone_block":601,"stat.mineBlock.minecraft.hay_block":3,"stat.useItem.minecraft.map":3,"stat.craftItem.minecraft.tripwire_hook":380,"achievement.cookFish":165,"stat.beaconInteraction":193,"stat.drop.minecraft.dark_oak_boat":10,"stat.pickup.minecraft.wooden_slab":4575,"stat.craftItem.minecraft.diamond_hoe":1,"stat.leaveGame":2115,"stat.pickup.minecraft.jungle_fence":241,"stat.pickup.minecraft.stone_slab2":2,"stat.useItem.minecraft.glowstone":1780,"stat.mineBlock.minecraft.sandstone":10614,"stat.craftItem.minecraft.ender_eye":97,"stat.killEntity.PigZombie":301,"stat.craftItem.minecraft.shield":3,"stat.craftItem.minecraft.stone_pressure_plate":150,"stat.drop.minecraft.feather":8,"stat.entityKilledBy.PigZombie":4,"stat.mineBlock.minecraft.birch_fence_gate":3,"stat.mineBlock.minecraft.red_sandstone":11,"stat.pickup.minecraft.leaves2":709,"stat.useItem.minecraft.sandstone_stairs":317,"stat.pickup.minecraft.brick_block":159,"achievement.diamondsToYou":19,"stat.useItem.minecraft.activator_rail":1,"stat.craftItem.minecraft.noteblock":249,"stat.useItem.minecraft.birch_boat":77,"stat.useItem.minecraft.purpur_stairs":320,"stat.mineBlock.minecraft.wooden_slab":3415,"stat.pickup.minecraft.leather_boots":72,"stat.killEntity.Witch":52,"stat.drop.minecraft.sand":86,"stat.drop.minecraft.gold_ingot":36,"stat.craftItem.minecraft.wooden_pickaxe":2,"stat.craftItem.minecraft.brown_glazed_terracotta":79,"stat.craftItem.minecraft.iron_door":9,"stat.useItem.minecraft.iron_shovel":3772,"stat.drop.minecraft.chainmail_leggings":2,"stat.mineBlock.minecraft.brick_block":22,"stat.drop.minecraft.cooked_mutton":3,"stat.craftItem.minecraft.bed":19,"stat.mineBlock.minecraft.vine":1386,"stat.mineBlock.minecraft.hopper":1039,"stat.pickup.minecraft.melon_block":2,"stat.drop.minecraft.gravel":279,"stat.mineBlock.minecraft.rail":2168,"stat.killEntity.ZombieVillager":11,"stat.noteblockPlayed":68,"stat.drop.minecraft.red_flower":50,"stat.useItem.minecraft.double_plant":107,"stat.pickup.minecraft.prismarine":21447,"stat.pickup.minecraft.beef":233,"stat.pickup.minecraft.leather_helmet":27,"stat.pickup.minecraft.cauldron":10,"stat.mineBlock.minecraft.stained_hardened_clay":131683,"stat.useItem.minecraft.trapdoor":1851,"stat.useItem.minecraft.blue_shulker_box":52,"stat.useItem.minecraft.stained_glass":32062,"stat.craftItem.minecraft.prismarine":4660,"stat.drop.minecraft.stone_pressure_plate":1,"stat.drop.minecraft.lead":2,"stat.useItem.minecraft.dark_oak_door":1,"stat.useItem.minecraft.ice":3262,"stat.pickup.minecraft.magenta_shulker_box":43,"achievement.openInventory":50134,"stat.pickup.minecraft.potion":280,"stat.mineBlock.minecraft.dark_oak_fence_gate":6,"stat.useItem.minecraft.wooden_button":212,"stat.craftItem.minecraft.dropper":1896,"stat.useItem.minecraft.lingering_potion":1,"stat.useItem.minecraft.dye":5449,"stat.mineBlock.minecraft.stone_slab2":2,"stat.useItem.minecraft.beef":1,"stat.mineBlock.minecraft.stone_pressure_plate":11,"stat.useItem.minecraft.nether_brick":2385,"stat.drop.minecraft.torch":415,"stat.drop.minecraft.glass_bottle":71,"stat.useItem.minecraft.jukebox":1,"stat.mineBlock.minecraft.tallgrass":2579,"achievement.potion":212,"stat.useItem.minecraft.splash_potion":8,"stat.craftItem.minecraft.light_weighted_pressure_plate":7,"stat.useItem.minecraft.stone":30810,"stat.pickup.minecraft.arrow":6776,"stat.pickup.minecraft.wooden_pressure_plate":141,"stat.killEntity.Ghast":108,"stat.useItem.minecraft.ender_chest":308,"stat.useItem.minecraft.white_shulker_box":60,"stat.useItem.minecraft.clay":2932,"stat.drop.minecraft.iron_pickaxe":3,"achievement.killCow":90,"stat.mineBlock.minecraft.chest":1725,"stat.pickup.minecraft.painting":255,"stat.mineBlock.minecraft.hardened_clay":101419,"stat.mineBlock.minecraft.concrete_powder":93,"stat.craftItem.minecraft.hopper":2313,"stat.pickup.minecraft.gray_shulker_box":12,"stat.drop.minecraft.concrete_powder":341,"stat.pickup.minecraft.nether_brick_fence":98,"stat.pickup.minecraft.yellow_shulker_box":148,"stat.pickup.minecraft.orange_shulker_box":76,"stat.useItem.minecraft.reeds":39,"stat.pickup.minecraft.birch_boat":125,"stat.craftItem.minecraft.wooden_sword":24,"stat.craftItem.minecraft.nether_brick":368,"stat.drop.minecraft.jungle_fence":1,"stat.craftItem.minecraft.diamond_shovel":3,"stat.pickup.minecraft.wheat_seeds":7283,"stat.mineBlock.minecraft.glass":2233,"stat.useItem.minecraft.enchanting_table":17,"stat.pickup.minecraft.pink_shulker_box":34,"stat.mineBlock.minecraft.dirt":34834,"stat.drop.minecraft.paper":35,"stat.useItem.minecraft.bread":38,"stat.pickup.minecraft.brewing_stand":48,"stat.pickup.minecraft.light_blue_shulker_box":34,"stat.useItem.minecraft.cobblestone":19498,"stat.craftItem.minecraft.leather_boots":19,"stat.useItem.minecraft.gravel":696,"stat.mineBlock.minecraft.double_plant":284,"stat.pickup.minecraft.golden_hoe":1,"stat.minecartOneCm":11067567,"stat.pickup.minecraft.brown_glazed_terracotta":36,"stat.drop.minecraft.chicken":3,"stat.pickup.minecraft.iron_pickaxe":8,"stat.mineBlock.minecraft.end_rod":400,"stat.drop.minecraft.carrot":11,"stat.craftItem.minecraft.gold_ingot":46069,"stat.pickup.minecraft.hopper":1286,"stat.mineBlock.minecraft.silver_shulker_box":4,"stat.drop.minecraft.brick_stairs":4,"stat.craftItem.minecraft.brewing_stand":21,"stat.useItem.minecraft.tallgrass":27,"stat.pickup.minecraft.apple":729,"stat.useItem.minecraft.fireworks":55,"stat.pickup.minecraft.banner":929,"achievement.portal":4657,"stat.itemEnchanted":169,"stat.useItem.minecraft.acacia_boat":16,"stat.drop.minecraft.hopper_minecart":2,"stat.mineBlock.minecraft.log":19773,"stat.useItem.minecraft.wooden_door":65,"achievement.acquireIron":226,"stat.craftItem.minecraft.paper":1839,"stat.pickup.minecraft.red_flower":3710,"stat.pickup.minecraft.wool":9797,"stat.useItem.minecraft.chorus_fruit":5,"stat.useItem.minecraft.wooden_axe":7,"stat.drop.minecraft.grass":349,"stat.craftItem.minecraft.trapped_chest":424,"stat.pickup.minecraft.trapped_chest":117,"stat.pickup.minecraft.red_sandstone_stairs":1,"stat.cakeSlicesEaten":95,"stat.drop.minecraft.pumpkin":4,"stat.craftItem.minecraft.diamond_leggings":4,"stat.mineBlock.minecraft.acacia_stairs":132,"stat.useItem.minecraft.iron_axe":504,"stat.mineBlock.minecraft.silver_glazed_terracotta":2,"stat.mineBlock.minecraft.yellow_flower":252,"stat.entityKilledBy.Witch":1,"stat.useItem.minecraft.skull":65,"stat.craftItem.minecraft.wool":5097,"stat.useItem.minecraft.snow":3151,"stat.drop.minecraft.saddle":4,"stat.useItem.minecraft.concrete_powder":3842,"stat.pickup.minecraft.enchanted_book":180,"stat.pickup.minecraft.glowstone":2270,"achievement.buildWorkBench":311,"stat.pickup.minecraft.writable_book":11,"stat.useItem.minecraft.obsidian":3556,"stat.pickup.minecraft.sticky_piston":775,"stat.useItem.minecraft.cookie":1,"stat.pickup.minecraft.bow":472,"stat.craftItem.minecraft.dark_oak_door":3,"stat.pickup.minecraft.chorus_fruit_popped":427,"stat.drop.minecraft.birch_boat":10,"stat.mineBlock.minecraft.detector_rail":43,"stat.useItem.minecraft.egg":1050,"stat.pickup.minecraft.pumpkin_pie":1704,"stat.pickup.minecraft.nether_wart_block":79,"stat.pickup.minecraft.coal_ore":2427,"stat.craftItem.minecraft.cooked_beef":9,"stat.mineBlock.minecraft.obsidian":4980,"stat.pickup.minecraft.shears":71,"stat.pickup.minecraft.iron_trapdoor":56,"stat.craftItem.minecraft.bow":137,"stat.pickup.minecraft.diamond_hoe":1,"stat.craftItem.minecraft.red_sandstone_stairs":16,"stat.flyOneCm":57508427,"stat.pickup.minecraft.sandstone":13268,"stat.pickup.minecraft.nether_brick_stairs":50,"stat.pickup.minecraft.fish":24406,"stat.craftItem.minecraft.stained_glass":27832,"stat.timeSinceDeath":41917,"stat.pickup.minecraft.quartz_ore":2683,"stat.craftItem.minecraft.painting":218,"stat.cauldronFilled":2,"stat.craftItem.minecraft.purpur_block":10544,"stat.killEntity.Bat":6,"stat.useItem.minecraft.potato":10,"stat.pickup.minecraft.chainmail_helmet":6,"stat.pickup.minecraft.nether_wart":14454,"stat.mineBlock.minecraft.enchanting_table":14,"stat.pickup.minecraft.spruce_fence":560,"stat.killEntity.Wolf":3,"stat.craftItem.minecraft.concrete_powder":2968,"stat.mineBlock.minecraft.coal_ore":10577,"stat.pickup.minecraft.shield":16,"stat.craftItem.minecraft.stone_hoe":2,"stat.talkedToVillager":88,"stat.mineBlock.minecraft.red_mushroom_block":964,"stat.pickup.minecraft.string":1936,"stat.craftItem.minecraft.golden_helmet":1,"stat.mineBlock.minecraft.ladder":667,"stat.drop.minecraft.redstone_lamp":1,"stat.useItem.minecraft.milk_bucket":4,"stat.useItem.minecraft.written_book":64,"stat.mineBlock.minecraft.chorus_flower":1824,"stat.useItem.minecraft.dragon_egg":2927,"stat.useItem.minecraft.diamond_shovel":117412,"stat.pickup.minecraft.chest_minecart":3,"stat.craftItem.minecraft.wooden_axe":1,"stat.pickup.minecraft.bone_block":955,"stat.mineBlock.minecraft.diamond_ore":322,"stat.pickup.minecraft.fireworks":388,"stat.useItem.minecraft.brown_mushroom_block":1552,"stat.craftItem.minecraft.wooden_pressure_plate":148,"stat.craftItem.minecraft.speckled_melon":74,"achievement.killEnemy":66553,"stat.drop.minecraft.redstone_ore":1,"stat.craftItem.minecraft.golden_sword":1,"stat.useItem.minecraft.wooden_sword":24,"stat.craftItem.minecraft.white_glazed_terracotta":4,"stat.breakItem.minecraft.iron_shovel":14,"stat.useItem.minecraft.ladder":3981,"stat.useItem.minecraft.diamond_ore":19,"stat.drop.minecraft.purpur_pillar":37,"stat.useItem.minecraft.cyan_shulker_box":75,"stat.pickup.minecraft.snowball":4545,"stat.mineBlock.minecraft.brown_glazed_terracotta":28,"stat.useItem.minecraft.birch_stairs":49,"stat.killEntity.Guardian":89,"stat.craftItem.minecraft.sandstone_stairs":256,"stat.diveOneCm":10726573,"stat.useItem.minecraft.sticky_piston":1001,"stat.craftItem.minecraft.ladder":1827,"achievement.buildHoe":6,"stat.drop.minecraft.dark_oak_fence":1,"stat.mineBlock.minecraft.stone_button":446,"stat.drop.minecraft.ladder":21,"stat.pickup.minecraft.stone_axe":1,"stat.pickup.minecraft.stained_glass_pane":1185,"stat.useItem.minecraft.rotten_flesh":94,"stat.drop.minecraft.apple":20,"stat.craftItem.minecraft.diamond_sword":3,"stat.drop.minecraft.sandstone":3,"stat.mineBlock.minecraft.blue_shulker_box":46,"stat.useItem.minecraft.sand":46592,"stat.jump":402738,"stat.pickup.minecraft.white_shulker_box":61,"stat.pickup.minecraft.hopper_minecart":1,"stat.mineBlock.minecraft.observer":191,"stat.craftItem.minecraft.torch":11104,"achievement.makeBread":70,"stat.drop.minecraft.glowstone":243,"stat.craftItem.minecraft.fermented_spider_eye":6,"stat.mineBlock.minecraft.purpur_block":763,"stat.drop.minecraft.dragon_egg":3,"stat.mineBlock.minecraft.spruce_fence_gate":4,"stat.useItem.minecraft.glass":4092,"stat.pickup.minecraft.stone_shovel":11,"stat.useItem.minecraft.sapling":13536,"stat.pickup.minecraft.gold_ore":955,"stat.drop.minecraft.gold_block":11,"achievement.blazeRod":748,"stat.mineBlock.minecraft.glass_pane":26,"stat.damageTaken":351358,"stat.useItem.minecraft.red_shulker_box":119,"stat.useItem.minecraft.end_crystal":9,"stat.mineBlock.minecraft.melon_block":53,"stat.useItem.minecraft.gold_block":763,"stat.mineBlock.minecraft.sapling":584,"stat.pickup.minecraft.log2":25159,"stat.mineBlock.minecraft.sandstone_stairs":95,"stat.useItem.minecraft.purple_shulker_box":792,"stat.pickup.minecraft.bed":82,"stat.cauldronUsed":2,"stat.pickup.minecraft.concrete":2912,"stat.pickup.minecraft.quartz_block":442,"stat.pickup.minecraft.acacia_fence":12,"stat.pickup.minecraft.potato":292,"stat.killEntity.Shulker":299,"stat.entityKilledBy.Zombie":5,"stat.killEntity.Silverfish":85,"stat.craftItem.minecraft.stone_slab":22422,"stat.useItem.minecraft.command_block":1,"stat.animalsBred":334,"stat.useItem.minecraft.chest":2815,"stat.mineBlock.minecraft.light_blue_shulker_box":28,"stat.useItem.minecraft.observer":312,"stat.useItem.minecraft.birch_fence_gate":22,"stat.shulkerBoxOpened":8642,"stat.craftItem.minecraft.iron_chestplate":6,"stat.pickup.minecraft.baked_potato":57,"stat.drop.minecraft.potato":6,"stat.pickup.minecraft.ender_pearl":25195,"stat.drop.minecraft.wooden_slab":172,"stat.pickup.minecraft.ladder":5089,"stat.useItem.minecraft.netherrack":14756,"stat.craftItem.minecraft.stained_glass_pane":2400,"stat.mineBlock.minecraft.tnt":187,"stat.craftItem.minecraft.bookshelf":45,"stat.useItem.minecraft.tripwire_hook":53,"stat.mineBlock.minecraft.stonebrick":5462,"stat.mineBlock.minecraft.gray_glazed_terracotta":46,"stat.craftItem.minecraft.purpur_stairs":308,"stat.mineBlock.minecraft.glowstone":1531,"stat.craftItem.minecraft.shears":115,"stat.craftItem.minecraft.golden_shovel":1,"stat.useItem.minecraft.cobblestone_wall":2535,"stat.pickup.minecraft.iron_horse_armor":3,"stat.useItem.minecraft.writable_book":58,"stat.drop.minecraft.spruce_stairs":32,"stat.breakItem.minecraft.wooden_shovel":1,"stat.pickup.minecraft.torch":13291,"stat.drop.minecraft.diamond_shovel":4,"stat.drop.minecraft.quartz_block":1,"stat.pickup.minecraft.spruce_boat":20,"stat.useItem.minecraft.purpur_slab":988,"stat.drop.minecraft.arrow":151,"stat.drop.minecraft.shears":14,"stat.craftItem.minecraft.compass":135,"stat.pickup.minecraft.jungle_boat":2,"stat.pickup.minecraft.dark_oak_fence_gate":6,"stat.useItem.minecraft.end_bricks":2067,"stat.drop.minecraft.waterlily":6,"stat.pickup.minecraft.deadbush":12,"stat.craftItem.minecraft.iron_axe":3,"stat.killEntity.Ozelot":1,"stat.mineBlock.minecraft.purple_shulker_box":734,"stat.useItem.minecraft.lead":1,"stat.pickup.minecraft.lapis_block":274,"stat.drop.minecraft.trapdoor":34,"stat.pickup.minecraft.fishing_rod":125,"stat.useItem.minecraft.planks":7178,"stat.useItem.minecraft.nether_brick_stairs":104,"stat.pickup.minecraft.porkchop":35,"stat.pickup.minecraft.glass":10435,"stat.pickup.minecraft.blaze_powder":1528,"stat.useItem.minecraft.red_sandstone_stairs":8,"stat.useItem.minecraft.pink_shulker_box":34,"stat.useItem.minecraft.water_bucket":2165,"stat.pickup.minecraft.sand":114926,"stat.craftItem.minecraft.golden_apple":37,"stat.craftItem.minecraft.dark_oak_fence":18,"stat.pickup.minecraft.hardened_clay":109628,"stat.useItem.minecraft.red_nether_brick":1460,"stat.pickup.minecraft.name_tag":117,"achievement.diamonds":398,"stat.drop.minecraft.hardened_clay":941,"stat.drop.minecraft.splash_potion":1,"stat.pickup.minecraft.activator_rail":1,"stat.aviateOneCm":164577885,"stat.useItem.minecraft.ender_pearl":1797,"stat.useItem.minecraft.brown_mushroom":106,"stat.craftItem.minecraft.cooked_fish":2428,"achievement.buildBetterPickaxe":38,"stat.craftItem.minecraft.blaze_powder":2745,"stat.drop.minecraft.golden_sword":5,"stat.craftItem.minecraft.hardened_clay":1,"achievement.breedCow":50,"stat.useItem.minecraft.oak_stairs":648,"stat.craftItem.minecraft.golden_carrot":16741,"stat.mineBlock.minecraft.dark_oak_stairs":189,"stat.useItem.minecraft.dark_oak_stairs":696,"stat.drop.minecraft.dark_oak_fence_gate":3,"stat.drop.minecraft.stone_slab":89,"stat.mineBlock.minecraft.birch_stairs":117,"stat.pickup.minecraft.fence_gate":17,"stat.pickup.minecraft.filled_map":40,"stat.pickup.minecraft.furnace":418,"stat.useItem.minecraft.redstone":6274,"achievement.overkill":237,"stat.mineBlock.minecraft.end_bricks":1019,"stat.mineBlock.minecraft.redstone_lamp":126,"achievement.mineWood":33633,"stat.pickup.minecraft.iron_chestplate":19,"stat.pickup.minecraft.end_rod":653,"stat.pickup.minecraft.skull":198,"stat.useItem.minecraft.stone_stairs":566,"stat.craftItem.minecraft.nether_wart_block":537,"stat.mineBlock.minecraft.red_shulker_box":113,"stat.useItem.minecraft.pumpkin_pie":1568,"stat.mineBlock.minecraft.brick_stairs":59,"stat.useItem.minecraft.hopper":3457,"stat.mineBlock.minecraft.oak_stairs":217,"stat.drop.minecraft.golden_carrot":66,"stat.playOneMinute":102883909,"stat.drop.minecraft.string":51,"stat.useItem.minecraft.jungle_stairs":76,"stat.pickup.minecraft.diamond_block":25,"stat.useItem.minecraft.shears":12996,"stat.pickup.minecraft.beacon":86,"stat.mineBlock.minecraft.brown_mushroom_block":4622,"stat.pickup.minecraft.iron_bars":903,"stat.pickup.minecraft.dispenser":93,"stat.mineBlock.minecraft.dark_oak_fence":50,"stat.craftItem.minecraft.carpet":4827,"stat.mineBlock.minecraft.netherrack":56394,"stat.mineBlock.minecraft.dispenser":104,"stat.craftItem.minecraft.dark_oak_stairs":524,"stat.drop.minecraft.flint":25,"stat.craftItem.minecraft.golden_rail":1224,"stat.useItem.minecraft.quartz_ore":2183,"stat.craftItem.minecraft.iron_nugget":18,"stat.pickup.minecraft.cooked_chicken":864,"stat.fallOneCm":11425581,"stat.drop.minecraft.brown_mushroom_block":289,"stat.drop.minecraft.dye":454,"stat.craftItem.minecraft.chest":4370,"stat.craftItem.minecraft.banner":705,"stat.useItem.minecraft.nether_brick_fence":9,"stat.mineBlock.minecraft.lever":84,"stat.pickup.minecraft.red_mushroom":92,"stat.craftItem.minecraft.end_bricks":1588,"stat.pickup.minecraft.milk_bucket":2,"stat.pickup.minecraft.comparator":479,"stat.pickup.minecraft.feather":195,"stat.drop.minecraft.iron_leggings":5,"stat.pickup.minecraft.record_cat":9,"stat.mineBlock.minecraft.red_nether_brick":301,"stat.drop.minecraft.concrete":2,"stat.mineBlock.minecraft.spruce_fence":405,"stat.useItem.minecraft.yellow_shulker_box":148,"achievement.fullBeacon":32,"stat.craftItem.minecraft.dark_oak_fence_gate":14,"stat.pickup.minecraft.lead":273,"stat.useItem.minecraft.stone_pickaxe":566,"stat.craftItem.minecraft.birch_stairs":44,"stat.useItem.minecraft.stone_sword":46,"stat.craftItem.minecraft.iron_leggings":5,"stat.useItem.minecraft.orange_shulker_box":75,"stat.killEntity.Rabbit":1,"stat.craftItem.minecraft.oak_stairs":492,"stat.pickup.minecraft.redstone_ore":402,"stat.pickup.minecraft.chainmail_boots":8,"stat.craftItem.minecraft.golden_pickaxe":1,"stat.drop.minecraft.stick":119,"stat.useItem.minecraft.iron_bars":353,"stat.mineBlock.minecraft.monster_egg":19,"stat.mineBlock.minecraft.quartz_stairs":114,"stat.useItem.minecraft.bone_block":2649,"stat.drop.minecraft.stone_brick_stairs":9,"stat.mineBlock.minecraft.pink_shulker_box":28,"stat.killEntity.LavaSlime":262,"stat.pickup.minecraft.log":41215,"achievement.theEnd2":1,"stat.useItem.minecraft.brown_glazed_terracotta":84,"stat.mineBlock.minecraft.golden_rail":257,"stat.craftItem.minecraft.hopper_minecart":135,"stat.pickup.minecraft.tallgrass":1233,"stat.breakItem.minecraft.iron_helmet":1,"stat.pickup.minecraft.chainmail_leggings":12,"stat.pickup.minecraft.wooden_door":231,"stat.entityKilledBy.Enderman":4,"stat.mineBlock.minecraft.iron_block":4183,"stat.mineBlock.minecraft.tripwire_hook":16,"stat.craftItem.minecraft.snow":2938,"stat.pickup.minecraft.diamond_helmet":71,"stat.craftItem.minecraft.cooked_chicken":6,"stat.useItem.minecraft.stone_hoe":40,"stat.craftItem.minecraft.flower_pot":209,"stat.craftItem.minecraft.golden_boots":1,"stat.useItem.minecraft.beetroot_seeds":213,"stat.sneakTime":5319978,"stat.mineBlock.minecraft.cobblestone_wall":1156,"stat.mineBlock.minecraft.yellow_shulker_box":142,"stat.useItem.minecraft.brewing_stand":40,"stat.useItem.minecraft.beetroot":6,"stat.pickup.minecraft.chest":2095,"stat.craftItem.minecraft.enchanting_table":7,"stat.useItem.minecraft.web":22,"stat.craftItem.minecraft.leather_leggings":21,"stat.useItem.minecraft.lapis_block":105,"stat.drop.minecraft.sugar":3,"stat.pickup.minecraft.stone_pressure_plate":23,"stat.pickup.minecraft.lit_pumpkin":223,"stat.drop.minecraft.beetroot":6,"stat.useItem.minecraft.repeater":1704,"stat.craftItem.minecraft.stone_brick_stairs":3752,"stat.drop.minecraft.iron_nugget":24,"stat.useItem.minecraft.silver_glazed_terracotta":2,"stat.craftItem.minecraft.iron_trapdoor":314,"stat.swimOneCm":7237165,"stat.mineBlock.minecraft.diamond_block":13,"stat.mineBlock.minecraft.spruce_stairs":619,"stat.craftItem.minecraft.golden_chestplate":1,"stat.drop.minecraft.brown_mushroom":8,"stat.useItem.minecraft.dirt":23756,"stat.pickup.minecraft.purpur_block":819,"achievement.exploreAllBiomes":{"value":0,"progress":["Sunflower Plains","Cold Taiga","Cold Taiga Hills","Roofed Forest","Birch Forest","Extreme Hills M","MushroomIslandShore","The End","Beach","FrozenRiver","Mega Taiga Hills","Mesa Plateau","Extreme Hills+","Cold Beach","Ocean","River","Taiga","Mega Taiga","MushroomIsland","Swampland","Ice Mountains","Birch Forest Hills","Mesa Plateau F","Savanna Plateau","Roofed Forest M","Mesa","ForestHills","Flower Forest","Plains","Ice Plains Spikes","TaigaHills","DesertHills","Stone Beach","Ice Plains","Jungle","Forest","JungleHills","Desert","Extreme Hills","Mesa (Bryce)","Deep Ocean","Savanna","Hell","Swampland M"]},"stat.pickup.minecraft.enchanting_table":27,"stat.drop.minecraft.iron_trapdoor":6,"stat.useItem.minecraft.detector_rail":426,"stat.craftItem.minecraft.melon_block":264,"stat.drop.minecraft.ender_pearl":271,"stat.mineBlock.minecraft.magma":212,"stat.pickup.minecraft.quartz_stairs":151,"stat.mineBlock.minecraft.carpet":653,"stat.pickup.minecraft.gold_block":489,"stat.drop.minecraft.fence":38,"stat.mineBlock.minecraft.redstone_block":690,"stat.useItem.minecraft.stone_shovel":1475,"stat.pickup.minecraft.clay":3900,"stat.pickup.minecraft.glass_bottle":5389,"stat.useItem.minecraft.red_mushroom":28,"stat.drop.minecraft.wheat_seeds":60,"stat.craftItem.minecraft.wooden_slab":12686,"stat.pickup.minecraft.golden_pickaxe":1,"stat.useItem.minecraft.sign":1809,"stat.drop.minecraft.log":393,"stat.pickup.minecraft.mutton":36,"achievement.theEnd":98,"stat.useItem.minecraft.lever":547,"stat.mineBlock.minecraft.coal_block":37,"stat.pickup.minecraft.dark_oak_door":1,"stat.drop.minecraft.golden_boots":4,"stat.craftItem.minecraft.red_sandstone":45,"stat.pickup.minecraft.stonebrick":8315,"stat.drop.minecraft.red_sandstone_stairs":1,"stat.pickup.minecraft.redstone_lamp":263,"stat.useItem.minecraft.acacia_stairs":385,"stat.drop.minecraft.beetroot_seeds":23,"stat.mineBlock.minecraft.nether_brick":2818,"stat.pickup.minecraft.snow_layer":15,"stat.drop.minecraft.log2":50,"stat.useItem.minecraft.purpur_pillar":197,"stat.craftItem.minecraft.brick_block":564,"stat.craftItem.minecraft.stone_slab2":24,"stat.drop.minecraft.anvil":6,"stat.pickup.minecraft.gray_glazed_terracotta":46,"stat.drop.minecraft.potion":12,"stat.useItem.minecraft.stone_slab":22966,"stat.pickup.minecraft.speckled_melon":4,"stat.useItem.minecraft.bed":78,"stat.craftItem.minecraft.stone":12262,"stat.craftItem.minecraft.armor_stand":21,"stat.mineBlock.minecraft.crafting_table":349,"stat.useItem.minecraft.diamond_pickaxe":847893,"stat.mineBlock.minecraft.quartz_block":211,"stat.useItem.minecraft.carrot":3777,"stat.killEntity.Endermite":12,"stat.useItem.minecraft.ender_eye":12,"stat.useItem.minecraft.wooden_shovel":60,"stat.useItem.minecraft.bucket":2415,"achievement.buildFurnace":1281,"stat.pickup.minecraft.stone_button":774,"stat.pickup.minecraft.slime_ball":2493,"stat.useItem.minecraft.purpur_block":2441,"stat.drop.minecraft.blaze_rod":1,"stat.mineBlock.minecraft.cyan_shulker_box":68,"stat.craftItem.minecraft.diamond_pickaxe":6,"stat.craftItem.minecraft.clay":676,"stat.craftItem.minecraft.jukebox":1,"stat.pickup.minecraft.gravel":16711,"stat.useItem.minecraft.glass_bottle":1061,"stat.useItem.minecraft.diamond_axe":62078,"stat.pickup.minecraft.purpur_stairs":27,"stat.drop.minecraft.spruce_boat":2,"stat.entityKilledBy.Guardian":2,"stat.pickup.minecraft.red_shulker_box":121,"stat.useItem.minecraft.stained_glass_pane":2515,"stat.pickup.minecraft.stone_brick_stairs":2243,"stat.pickup.minecraft.diamond_sword":93,"stat.craftItem.minecraft.brick_stairs":252,"stat.pickup.minecraft.brick":127,"stat.pickup.minecraft.iron_helmet":18,"stat.craftItem.minecraft.birch_boat":5,"stat.pickup.minecraft.black_shulker_box":115,"stat.useItem.minecraft.piston":1842,"stat.craftItem.minecraft.bread":35,"stat.pickup.minecraft.spider_eye":3240,"stat.useItem.minecraft.mycelium":12,"stat.useItem.minecraft.stone_button":510,"stat.pickup.minecraft.diamond_ore":66,"stat.mineBlock.minecraft.magenta_shulker_box":37,"stat.useItem.minecraft.cooked_chicken":199,"stat.craftItem.minecraft.end_crystal":9,"stat.pickup.minecraft.iron_ore":6125,"stat.pickup.minecraft.snow":642,"stat.drop.minecraft.pumpkin_pie":35,"stat.mineBlock.minecraft.iron_bars":230,"stat.pickup.minecraft.leaves":10642,"stat.pickup.minecraft.leather":449,"stat.useItem.minecraft.wooden_pickaxe":16,"stat.dispenserInspected":362,"stat.mineBlock.minecraft.mycelium":42,"stat.craftItem.minecraft.golden_hoe":1,"stat.pickup.minecraft.reeds":528,"stat.pickup.minecraft.prismarine_crystals":11689,"stat.useItem.minecraft.magma":438,"stat.craftItem.minecraft.glass":3819,"stat.drop.minecraft.cooked_chicken":6,"stat.craftItem.minecraft.cauldron":7,"stat.sleepInBed":256,"stat.killEntity.Cow":86,"stat.pickup.minecraft.minecart":444,"stat.killEntity.Pig":44,"stat.craftItem.minecraft.iron_sword":6,"stat.pickup.minecraft.piston":1399,"stat.breakItem.minecraft.fishing_rod":12,"stat.walkOneCm":195544668,"stat.playerKills":110,"stat.pickup.minecraft.clay_ball":6728,"stat.mineBlock.minecraft.trapped_chest":102,"stat.useItem.minecraft.dark_oak_fence_gate":17,"stat.pickup.minecraft.purpur_slab":69,"stat.useItem.minecraft.spruce_boat":10,"stat.drop.minecraft.diamond_axe":5,"stat.pickup.minecraft.tnt":224,"stat.drop.minecraft.iron_chestplate":3,"stat.pickup.minecraft.stone":217104,"stat.mineBlock.minecraft.wool":2611,"stat.drop.minecraft.slime":3,"stat.pickup.minecraft.silver_glazed_terracotta":16,"stat.drop.minecraft.emerald":3,"stat.craftItem.minecraft.hay_block":72,"stat.useItem.minecraft.red_mushroom_block":189,"stat.mineBlock.minecraft.packed_ice":4321,"stat.useItem.minecraft.leaves":7808,"stat.craftItem.minecraft.minecart":227,"stat.pickup.minecraft.gold_ingot":1265,"stat.useItem.minecraft.prismarine":8907,"stat.killEntity.Skeleton":3728,"stat.mineBlock.minecraft.cactus":15,"stat.drop.minecraft.chainmail_boots":1,"stat.pickup.minecraft.netherbrick":256,"stat.mineBlock.minecraft.redstone_torch":617,"stat.killEntity.Spider":309,"stat.pickup.minecraft.bread":6,"stat.drop.minecraft.end_rod":14,"stat.craftItem.minecraft.spruce_fence":819,"stat.pickup.minecraft.quartz":10212,"stat.pickup.minecraft.birch_fence":76,"stat.pickup.minecraft.water_bucket":71,"stat.breakItem.minecraft.iron_axe":1,"stat.pickup.minecraft.golden_shovel":1,"stat.drop.minecraft.prismarine":10,"stat.useItem.minecraft.hopper_minecart":134,"stat.pickup.minecraft.spruce_stairs":1066,"stat.mineBlock.minecraft.redstone_ore":2784,"stat.pickup.minecraft.lava_bucket":49,"stat.pickup.minecraft.elytra":87,"stat.craftItem.minecraft.coal_block":1518,"stat.craftItem.minecraft.brick":994,"stat.mineBlock.minecraft.stone":433614,"stat.useItem.minecraft.sandstone":7528}