{"stat.craftItem.minecraft.chorus_fruit_popped":5366,"stat.useItem.minecraft.bow":30910,"stat.useItem.minecraft.quartz_block":11086,"stat.useItem.minecraft.painting":7,"stat.drop.minecraft.gunpowder":89,"stat.drop.minecraft.redstone":95,"stat.pickup.minecraft.dark_oak_boat":44,"stat.mineBlock.minecraft.stained_glass":3109,"stat.drop.minecraft.enchanted_book":78,"stat.mineBlock.minecraft.web":117,"achievement.snipeSkeleton":1,"stat.drop.minecraft.iron_sword":9,"stat.pickup.minecraft.rotten_flesh":9101,"stat.drop.minecraft.redstone_torch":3,"stat.mineBlock.minecraft.purpur_stairs":2945,"stat.drop.minecraft.golden_horse_armor":2,"stat.craftItem.minecraft.stone_axe":5,"stat.useItem.minecraft.vine":484,"stat.drop.minecraft.leather_boots":5,"stat.pickup.minecraft.cobblestone_wall":258,"stat.pickup.minecraft.bucket":39,"stat.useItem.minecraft.rail":632,"stat.killEntity.Enderman":128367,"stat.drop.minecraft.elytra":1,"stat.useItem.minecraft.anvil":241,"stat.craftItem.minecraft.iron_shovel":14,"stat.pickup.minecraft.brown_mushroom":96,"achievement.buildPickaxe":53,"stat.mineBlock.minecraft.end_stone":1461,"stat.useItem.minecraft.iron_pickaxe":4413,"stat.pickup.minecraft.stained_hardened_clay":86897,"stat.drop.minecraft.ender_eye":1,"stat.pickup.minecraft.double_plant":8804,"stat.craftItem.minecraft.glass_pane":112,"stat.useItem.minecraft.hardened_clay":18968,"stat.drop.minecraft.diamond_chestplate":13,"stat.mineBlock.minecraft.sticky_piston":61,"stat.pickup.minecraft.wooden_shovel":57,"stat.furnaceInteraction":2666,"stat.useItem.minecraft.golden_carrot":3478,"stat.useItem.minecraft.nether_wart":10,"stat.mineBlock.minecraft.chorus_plant":542,"stat.pickup.minecraft.nether_brick":1840,"stat.drop.minecraft.chorus_fruit":19,"stat.pickup.minecraft.sponge":26,"stat.craftItem.minecraft.leather_helmet":21,"stat.useItem.minecraft.green_shulker_box":34,"stat.useItem.minecraft.end_stone":316,"stat.mineBlock.minecraft.wooden_button":18,"stat.drop.minecraft.cactus":17,"stat.useItem.minecraft.red_sandstone":792,"stat.pickup.minecraft.hay_block":22,"stat.craftItem.minecraft.golden_leggings":7,"stat.drop.minecraft.magma":3,"stat.pickup.minecraft.cyan_shulker_box":14,"stat.useItem.minecraft.fence":623,"stat.drop.minecraft.furnace":2,"stat.useItem.minecraft.acacia_fence":177,"stat.mineBlock.minecraft.sponge":24,"stat.craftItem.minecraft.daylight_detector":2,"stat.mineBlock.minecraft.fence":259,"stat.useItem.minecraft.flint_and_steel":349,"stat.useItem.minecraft.wheat_seeds":1949,"stat.mineBlock.minecraft.sea_lantern":144,"stat.killEntity.Husk":6,"stat.pickup.minecraft.emerald":308,"stat.craftItem.minecraft.dark_oak_boat":2,"stat.pickup.minecraft.lever":29,"stat.deaths":347,"stat.pickup.minecraft.bowl":1,"stat.craftItem.minecraft.melon_seeds":30,"stat.pickup.minecraft.egg":1808,"stat.mineBlock.minecraft.brown_shulker_box":33,"stat.craftItem.minecraft.item_frame":356,"stat.craftItem.minecraft.wooden_shovel":180,"stat.pickup.minecraft.clock":2,"stat.craftItem.minecraft.iron_pickaxe":22,"stat.pickup.minecraft.glass_pane":23,"stat.pickup.minecraft.item_frame":324,"stat.pickup.minecraft.sea_lantern":254,"stat.craftItem.minecraft.repeater":143,"stat.drop.minecraft.iron_ingot":47,"stat.craftItem.minecraft.cooked_mutton":9,"stat.fishCaught":16,"stat.pickup.minecraft.cooked_mutton":530,"stat.chestOpened":40821,"stat.craftItem.minecraft.mossy_cobblestone":43,"stat.useItem.minecraft.lapis_ore":6,"stat.craftItem.minecraft.sign":675,"stat.useItem.minecraft.jungle_fence":155,"stat.pickup.minecraft.iron_sword":36,"stat.pickup.minecraft.lapis_ore":19,"stat.craftItem.minecraft.quartz_block":18586,"stat.pickup.minecraft.gold_nugget":19,"stat.drop.minecraft.banner":5,"stat.pickup.minecraft.chorus_flower":1418,"stat.craftItem.minecraft.coal":5067,"stat.craftItem.minecraft.ender_chest":9,"stat.pickup.minecraft.carrot":1547,"stat.drop.minecraft.stone_sword":1,"stat.crouchOneCm":6384878,"stat.pickup.minecraft.rail":844,"stat.craftItem.minecraft.diamond":162,"stat.craftItem.minecraft.iron_ingot":10769,"stat.pickup.minecraft.ender_chest":97,"stat.drop.minecraft.slime_ball":237,"stat.craftingTableInteraction":3184,"stat.mineBlock.minecraft.wooden_pressure_plate":50,"stat.useItem.minecraft.light_blue_shulker_box":89,"stat.pickup.minecraft.repeater":177,"stat.mineBlock.minecraft.log2":39604,"stat.useItem.minecraft.dark_oak_fence":635,"stat.drop.minecraft.rabbit":1,"stat.pickup.minecraft.dye":38656,"stat.mineBlock.minecraft.jungle_fence":109,"stat.pickup.minecraft.planks":5431,"stat.drop.minecraft.minecart":7,"stat.drop.minecraft.soul_sand":19,"stat.drop.minecraft.carpet":11,"stat.mineBlock.minecraft.ender_chest":69,"stat.craftItem.minecraft.magma":4,"stat.pickup.minecraft.ice":389,"stat.drop.minecraft.rotten_flesh":590,"stat.drop.minecraft.fire_charge":4,"stat.pickup.minecraft.magma":17038,"stat.useItem.minecraft.jungle_fence_gate":4,"stat.drop.minecraft.coal_ore":14,"stat.drop.minecraft.iron_door":4,"stat.drop.minecraft.iron_ore":222,"stat.drop.minecraft.sapling":192,"stat.pickup.minecraft.chicken":41,"stat.pickup.minecraft.tipped_arrow":30,"stat.drop.minecraft.blue_shulker_box":1,"stat.useItem.minecraft.glass_pane":39,"stat.pickup.minecraft.end_stone":1636,"stat.breakItem.minecraft.stone_shovel":7,"stat.pickup.minecraft.coal_block":3321,"stat.drop.minecraft.fish":7,"stat.drop.minecraft.trapped_chest":1,"stat.craftItem.minecraft.bucket":92,"stat.craftItem.minecraft.planks":59301,"stat.useItem.minecraft.iron_sword":5168,"stat.craftItem.minecraft.dirt":1736,"stat.mineBlock.minecraft.prismarine":135,"stat.pickup.minecraft.stone_sword":12,"stat.drop.minecraft.comparator":1,"stat.useItem.minecraft.stonebrick":18848,"stat.pickup.minecraft.book":172,"stat.mineBlock.minecraft.waterlily":67,"stat.drop.minecraft.leather_leggings":6,"stat.pickup.minecraft.iron_door":26,"stat.pickup.minecraft.red_nether_brick":61,"stat.drop.minecraft.sea_lantern":2,"stat.pickup.minecraft.cooked_fish":38,"stat.craftItem.minecraft.spruce_door":9,"stat.pickup.minecraft.tripwire_hook":20,"stat.drop.minecraft.lapis_ore":1,"stat.pickup.minecraft.bookshelf":360,"stat.mineBlock.minecraft.cobblestone":8136,"stat.mineBlock.minecraft.pumpkin":52,"stat.useItem.minecraft.beacon":32,"stat.pickup.minecraft.stone_pickaxe":6,"stat.pickup.minecraft.flint":1768,"stat.craftItem.minecraft.quartz_stairs":1584,"stat.breakItem.minecraft.diamond_leggings":1,"stat.drop.minecraft.beacon":1,"stat.pickup.minecraft.leather_chestplate":100,"stat.mineBlock.minecraft.concrete":1020,"stat.pickup.minecraft.flower_pot":4,"stat.mineBlock.minecraft.stained_glass_pane":846,"stat.drop.minecraft.purpur_slab":10,"stat.drop.minecraft.end_bricks":45,"stat.pickup.minecraft.lime_shulker_box":3,"stat.craftItem.minecraft.clock":2,"stat.drop.minecraft.cobblestone":14193,"stat.useItem.minecraft.chorus_flower":1502,"stat.pickup.minecraft.cooked_porkchop":732,"stat.useItem.minecraft.coal_block":1382,"stat.breakItem.minecraft.iron_pickaxe":12,"stat.mineBlock.minecraft.dropper":17,"stat.useItem.minecraft.stone_slab2":55,"stat.pickup.minecraft.iron_boots":34,"stat.pickup.minecraft.diamond_horse_armor":2,"stat.pickup.minecraft.stone_hoe":12,"stat.craftItem.minecraft.furnace":129,"stat.craftItem.minecraft.lapis_block":1201,"stat.drop.minecraft.daylight_detector":1,"stat.pickup.minecraft.map":9,"stat.drop.minecraft.golden_helmet":2,"stat.craftItem.minecraft.iron_boots":8,"stat.drop.minecraft.cooked_rabbit":2,"stat.mineBlock.minecraft.clay":265,"stat.pickup.minecraft.diamond_leggings":82,"stat.drop.minecraft.iron_helmet":16,"stat.drop.minecraft.chainmail_chestplate":1,"stat.useItem.minecraft.melon_block":52,"stat.useItem.minecraft.wooden_slab":12952,"stat.drop.minecraft.spider_eye":35,"stat.useItem.minecraft.iron_door":35,"stat.craftItem.minecraft.iron_block":1099,"stat.craftItem.minecraft.stonebrick":26921,"stat.useItem.minecraft.brown_shulker_box":44,"stat.craftItem.minecraft.end_rod":2240,"stat.drop.minecraft.stained_glass":868,"stat.drop.minecraft.wool":38,"stat.killEntity.Creeper":510,"stat.useItem.minecraft.armor_stand":53,"stat.breakItem.minecraft.iron_sword":14,"stat.pickup.minecraft.wooden_sword":386,"stat.useItem.minecraft.silver_shulker_box":47,"stat.craftItem.minecraft.jungle_stairs":88,"stat.pickup.minecraft.brown_shulker_box":34,"stat.entityKilledBy.Skeleton":19,"achievement.buildSword":1207,"stat.pickup.minecraft.birch_stairs":5,"stat.killEntity.Squid":975,"stat.useItem.minecraft.dropper":357,"stat.sprintOneCm":206734967,"stat.useItem.minecraft.diamond_block":533,"stat.mineBlock.minecraft.stone_slab":5424,"stat.drop.minecraft.leather":84,"stat.useItem.minecraft.snowball":5,"stat.pickup.minecraft.leather_leggings":82,"stat.craftItem.minecraft.redstone_lamp":21,"stat.drop.minecraft.boat":2,"stat.drop.minecraft.cobblestone_wall":20,"stat.pickup.minecraft.sugar":12,"stat.pickup.minecraft.vine":1065,"stat.craftItem.minecraft.leather_chestplate":19,"stat.useItem.minecraft.banner":123,"stat.craftItem.minecraft.emerald":168,"stat.pickup.minecraft.iron_block":4262,"stat.killEntity.Zombie":6888,"stat.craftItem.minecraft.dye":106521,"stat.craftItem.minecraft.diamond_axe":16,"stat.mineBlock.minecraft.gold_ore":1165,"stat.pickup.minecraft.fire_charge":5,"stat.drop.minecraft.diamond_pickaxe":24,"stat.craftItem.minecraft.slime_ball":585,"stat.pickup.minecraft.wheat":1491,"stat.craftItem.minecraft.sandstone":72,"stat.craftItem.minecraft.purpur_pillar":62,"stat.mineBlock.minecraft.mossy_cobblestone":286,"stat.drop.minecraft.stone_stairs":126,"stat.drop.minecraft.purpur_stairs":1,"stat.pickup.minecraft.sign":559,"stat.drop.minecraft.chorus_fruit_popped":4,"stat.craftItem.minecraft.cooked_porkchop":18,"stat.pickup.minecraft.obsidian":232,"stat.useItem.minecraft.heavy_weighted_pressure_plate":10,"stat.useItem.minecraft.iron_trapdoor":6,"stat.pickup.minecraft.coal":40843,"stat.pickup.minecraft.iron_ingot":1571,"stat.useItem.minecraft.dark_oak_boat":46,"stat.craftItem.minecraft.lever":5,"stat.drop.minecraft.diamond_sword":17,"stat.pickup.minecraft.gunpowder":729,"stat.drop.minecraft.wooden_sword":430,"stat.pickup.minecraft.dirt":72127,"stat.useItem.minecraft.coal_ore":106,"stat.drop.minecraft.iron_shovel":5,"stat.useItem.minecraft.dispenser":52,"stat.mineBlock.minecraft.lapis_ore":1005,"stat.pickup.minecraft.red_sandstone":402,"stat.pickup.minecraft.iron_axe":15,"stat.pickup.minecraft.cookie":68,"stat.brewingstandInteraction":37,"stat.useItem.minecraft.stone_brick_stairs":3588,"stat.mineBlock.minecraft.torch":2883,"stat.mineBlock.minecraft.red_flower":742,"stat.pickup.minecraft.written_book":54,"stat.tradedWithVillager":177,"stat.useItem.minecraft.acacia_door":12,"stat.pickup.minecraft.magma_cream":14,"stat.pickup.minecraft.ender_eye":15,"stat.noteblockTuned":138,"stat.craftItem.minecraft.comparator":21,"stat.craftItem.minecraft.sea_lantern":41,"stat.craftItem.minecraft.glowstone":164,"stat.useItem.minecraft.slime":1158,"stat.useItem.minecraft.birch_fence":29,"stat.pickup.minecraft.diamond_axe":159,"stat.pickup.minecraft.rabbit_hide":38,"stat.pickup.minecraft.shulker_shell":712,"stat.mineBlock.minecraft.birch_fence":17,"stat.pickup.minecraft.green_shulker_box":17,"stat.drop.minecraft.wheat":11,"stat.pickup.minecraft.diamond_pickaxe":241,"stat.useItem.minecraft.pumpkin":10,"stat.pickup.minecraft.noteblock":57,"stat.useItem.minecraft.tnt":96,"stat.pickup.minecraft.rabbit_foot":5,"stat.drop.minecraft.netherrack":12619,"stat.useItem.minecraft.melon":124,"stat.craftItem.minecraft.wheat":198,"stat.useItem.minecraft.item_frame":568,"stat.useItem.minecraft.stained_hardened_clay":43498,"stat.drop.minecraft.egg":19,"stat.useItem.minecraft.redstone_ore":6,"stat.pickup.minecraft.cooked_beef":2362,"stat.useItem.minecraft.concrete":822,"stat.drop.minecraft.lit_pumpkin":1,"stat.drop.minecraft.lever":7,"stat.mineBlock.minecraft.purpur_slab":154,"stat.craftItem.minecraft.cookie":16,"stat.pickup.minecraft.dark_oak_stairs":582,"stat.mobKills":157564,"stat.pickup.minecraft.diamond_boots":110,"stat.drop.minecraft.written_book":16,"stat.useItem.minecraft.boat":51,"stat.useItem.minecraft.mossy_cobblestone":112,"stat.craftItem.minecraft.lead":12,"stat.pickup.minecraft.diamond":4593,"stat.pickup.minecraft.beetroot_seeds":886,"stat.pickup.minecraft.brown_mushroom_block":44,"stat.craftItem.minecraft.nether_brick_stairs":84,"stat.craftItem.minecraft.spruce_stairs":3068,"stat.craftItem.minecraft.map":15,"stat.breakItem.minecraft.stone_sword":5,"stat.useItem.minecraft.string":11,"stat.drop.minecraft.mutton":4,"stat.useItem.minecraft.bookshelf":15,"stat.useItem.minecraft.soul_sand":10,"stat.killEntity.Blaze":394,"stat.drop.minecraft.shield":7,"stat.drop.minecraft.skull":8,"stat.useItem.minecraft.gray_shulker_box":14,"stat.pickup.minecraft.golden_boots":134,"stat.pickup.minecraft.glowstone_dust":775,"stat.drop.minecraft.wooden_door":2,"stat.mineBlock.minecraft.white_shulker_box":257,"stat.mineBlock.minecraft.red_mushroom":10,"stat.mineBlock.minecraft.stone_brick_stairs":974,"stat.mineBlock.minecraft.nether_brick_fence":14,"stat.useItem.minecraft.golden_sword":28,"stat.drop.minecraft.golden_leggings":3,"stat.craftItem.minecraft.fire_charge":12,"stat.craftItem.minecraft.lit_pumpkin":3,"stat.pickup.minecraft.wooden_hoe":33,"stat.craftItem.minecraft.cobblestone_wall":900,"stat.craftItem.minecraft.stone_sword":8,"stat.mineBlock.minecraft.snow_layer":1949,"stat.pickup.minecraft.chainmail_chestplate":19,"stat.mineBlock.minecraft.sand":136878,"stat.craftItem.minecraft.wooden_hoe":16,"stat.craftItem.minecraft.slime":1059,"stat.useItem.minecraft.fence_gate":6,"stat.hopperInspected":1366,"stat.drop.minecraft.diamond":288,"stat.pickup.minecraft.packed_ice":3,"stat.breakItem.minecraft.flint_and_steel":3,"stat.pickup.minecraft.ghast_tear":20,"stat.pickup.minecraft.armor_stand":54,"stat.trappedChestTriggered":7175,"stat.mineBlock.minecraft.gray_shulker_box":5,"stat.drop.minecraft.rail":14,"stat.craftItem.minecraft.magma_cream":20,"stat.craftItem.minecraft.acacia_stairs":24,"stat.craftItem.minecraft.pumpkin_seeds":16,"stat.breakItem.minecraft.golden_chestplate":1,"stat.pickup.minecraft.wooden_button":65,"stat.drop.minecraft.purple_shulker_box":10,"stat.useItem.minecraft.minecart":140,"stat.useItem.minecraft.cooked_mutton":311,"stat.drop.minecraft.stained_hardened_clay":2049,"stat.drop.minecraft.diamond_helmet":10,"stat.pickup.minecraft.totem_of_undying":1,"stat.drop.minecraft.wooden_button":1,"stat.drop.minecraft.fishing_rod":16,"stat.drop.minecraft.pumpkin_seeds":1,"stat.drop.minecraft.prismarine_shard":3,"stat.pickup.minecraft.stone_stairs":572,"stat.craftItem.minecraft.fence_gate":10,"stat.pickup.minecraft.acacia_stairs":6,"stat.pickup.minecraft.pumpkin_seeds":21,"stat.pickup.minecraft.golden_carrot":3430,"stat.drop.minecraft.fireworks":387,"stat.drop.minecraft.iron_horse_armor":2,"stat.drop.minecraft.snowball":190,"stat.pickup.minecraft.fermented_spider_eye":16,"stat.pickup.minecraft.saddle":4,"stat.mineBlock.minecraft.soul_sand":31,"stat.mineBlock.minecraft.jungle_stairs":30,"achievement.ghast":25,"stat.pickup.minecraft.mycelium":681,"stat.pickup.minecraft.blaze_rod":798,"stat.craftItem.minecraft.diamond_block":177,"stat.drop.minecraft.chest":102,"stat.pickup.minecraft.netherrack":42907,"stat.pickup.minecraft.pumpkin":92,"stat.pickup.minecraft.spruce_door":14,"stat.drop.minecraft.hopper":2,"stat.pickup.minecraft.waterlily":81,"stat.useItem.minecraft.sponge":2,"stat.mineBlock.minecraft.ice":1089,"stat.craftItem.minecraft.redstone_torch":459,"stat.pickup.minecraft.detector_rail":115,"stat.useItem.minecraft.packed_ice":1,"stat.pickup.minecraft.brick_stairs":57,"stat.mineBlock.minecraft.gold_block":178,"stat.craftItem.minecraft.iron_hoe":1,"stat.drop.minecraft.stone":7570,"stat.useItem.minecraft.trapped_chest":258,"stat.pickup.minecraft.melon_seeds":32,"stat.drop.minecraft.gold_ore":2,"stat.pickup.minecraft.dropper":19,"stat.useItem.minecraft.black_shulker_box":36,"stat.drop.minecraft.book":49,"stat.pickup.minecraft.golden_leggings":99,"stat.pickup.minecraft.melon":236,"stat.drop.minecraft.stained_glass_pane":26,"stat.dropperInspected":1241,"stat.mineBlock.minecraft.nether_wart_block":9,"stat.pickup.minecraft.heavy_weighted_pressure_plate":5,"stat.useItem.minecraft.golden_rail":121,"stat.craftItem.minecraft.detector_rail":450,"stat.drop.minecraft.bone":123,"stat.craftItem.minecraft.wooden_button":205,"stat.useItem.minecraft.furnace":180,"stat.pickup.minecraft.slime":420,"stat.pickup.minecraft.iron_leggings":36,"stat.killEntity.Llama":2,"stat.mineBlock.minecraft.gravel":27419,"stat.breakItem.minecraft.stone_axe":1,"stat.drop.minecraft.fence_gate":1,"stat.mineBlock.minecraft.beacon":33,"stat.breakItem.minecraft.diamond_axe":2,"stat.useItem.minecraft.wool":1546,"stat.drop.minecraft.reeds":14,"stat.pickup.minecraft.flint_and_steel":11,"stat.mineBlock.minecraft.green_shulker_box":17,"stat.useItem.minecraft.torch":12522,"stat.pickup.minecraft.golden_apple":17,"stat.craftItem.minecraft.redstone_block":4514,"stat.craftItem.minecraft.stone_stairs":1364,"stat.useItem.minecraft.log":12136,"stat.pickup.minecraft.crafting_table":335,"stat.useItem.minecraft.comparator":4,"stat.craftItem.minecraft.crafting_table":190,"stat.drop.minecraft.end_stone":105,"stat.craftItem.minecraft.boat":5,"stat.pickup.minecraft.iron_hoe":3,"stat.mineBlock.minecraft.emerald_ore":85,"stat.pickup.minecraft.redstone_block":740,"stat.useItem.minecraft.cooked_fish":19,"stat.drop.minecraft.sign":45,"stat.pickup.minecraft.compass":6,"stat.drop.minecraft.stonebrick":573,"stat.craftItem.minecraft.stone_button":35,"stat.drop.minecraft.planks":347,"stat.pickup.minecraft.web":23,"stat.pickup.minecraft.sapling":16552,"stat.drop.minecraft.melon_seeds":1,"stat.useItem.minecraft.deadbush":14,"stat.drop.minecraft.bow":53,"stat.pickup.minecraft.beetroot":279,"stat.breakItem.minecraft.wooden_hoe":2,"stat.drop.minecraft.golden_chestplate":5,"stat.killEntity.WitherSkeleton":6,"stat.useItem.minecraft.wooden_pressure_plate":87,"stat.pickup.minecraft.golden_sword":1,"stat.craftItem.minecraft.sugar":35,"stat.pickup.minecraft.rabbit":9,"stat.mineBlock.minecraft.orange_shulker_box":65,"stat.drop.minecraft.bucket":4,"stat.craftItem.minecraft.spruce_fence_gate":4,"stat.useItem.minecraft.baked_potato":555,"stat.pickup.minecraft.stone_slab":7718,"stat.drop.minecraft.yellow_flower":19,"stat.pickup.minecraft.yellow_flower":412,"stat.drop.minecraft.ghast_tear":2,"stat.pickup.minecraft.golden_rail":191,"stat.useItem.minecraft.fishing_rod":175,"stat.craftItem.minecraft.diamond_chestplate":3,"stat.useItem.minecraft.brick_stairs":42,"stat.pickup.minecraft.bone":11981,"stat.craftItem.minecraft.sticky_piston":1035,"stat.pickup.minecraft.redstone_torch":247,"stat.horseOneCm":1386962,"stat.drop.minecraft.tripwire_hook":14,"stat.useItem.minecraft.log2":7308,"stat.drop.minecraft.glowstone_dust":4,"stat.mineBlock.minecraft.slime":111,"stat.drop.minecraft.red_mushroom":11,"stat.drop.minecraft.mossy_cobblestone":2,"stat.mineBlock.minecraft.black_shulker_box":24,"stat.mineBlock.minecraft.brown_mushroom":34,"stat.mineBlock.minecraft.acacia_fence":72,"stat.useItem.minecraft.diamond_sword":32143,"stat.craftItem.minecraft.diamond_helmet":9,"stat.climbOneCm":2148696,"stat.drop.minecraft.sticky_piston":10,"stat.useItem.minecraft.end_rod":3932,"stat.craftItem.minecraft.gold_block":225,"stat.enderchestOpened":2450,"stat.useItem.minecraft.redstone_torch":94,"stat.pickup.minecraft.golden_helmet":87,"stat.drop.minecraft.quartz":3,"stat.craftItem.minecraft.purple_shulker_box":260,"stat.drop.minecraft.writable_book":2,"stat.useItem.minecraft.red_flower":213,"stat.pickup.minecraft.cooked_rabbit":23,"stat.pickup.minecraft.daylight_detector":5,"stat.craftItem.minecraft.bone_block":1223,"stat.useItem.minecraft.magenta_shulker_box":28,"stat.useItem.minecraft.leaves2":2159,"stat.pickup.minecraft.anvil":218,"stat.useItem.minecraft.iron_ore":47,"stat.craftItem.minecraft.trapdoor":208,"stat.craftItem.minecraft.stone_pickaxe":8,"stat.pickup.minecraft.cobblestone":320250,"stat.drop.minecraft.rabbit_hide":1,"stat.craftItem.minecraft.glass_bottle":168,"stat.pickup.minecraft.soul_sand":97,"stat.useItem.minecraft.cooked_beef":3141,"stat.pickup.minecraft.cactus":4391,"stat.pickup.minecraft.dragon_egg":2,"stat.pickup.minecraft.redstone":48190,"stat.craftItem.minecraft.dispenser":121,"stat.pickup.minecraft.acacia_boat":1,"stat.mineBlock.minecraft.iron_ore":5801,"stat.craftItem.minecraft.book":809,"stat.craftItem.minecraft.acacia_door":18,"stat.pickup.minecraft.mossy_cobblestone":554,"stat.drop.minecraft.coal":816,"stat.drop.minecraft.iron_bars":1,"stat.drop.minecraft.dirt":856,"stat.useItem.minecraft.cooked_porkchop":651,"stat.pickup.minecraft.iron_shovel":35,"stat.pickup.minecraft.trapdoor":91,"stat.pickup.minecraft.carpet":1340,"stat.pickup.minecraft.diamond_shovel":130,"stat.craftItem.minecraft.acacia_fence":117,"stat.pickup.minecraft.jungle_stairs":21,"stat.useItem.minecraft.chest_minecart":9,"stat.mineBlock.minecraft.lime_shulker_box":3,"stat.useItem.minecraft.sea_lantern":527,"stat.pickup.minecraft.silver_shulker_box":42,"stat.drop.minecraft.compass":2,"stat.useItem.minecraft.spruce_fence":2596,"stat.pickup.minecraft.sandstone_stairs":24,"stat.craftItem.minecraft.chest_minecart":10,"stat.pickup.minecraft.paper":201,"stat.pickup.minecraft.jungle_fence_gate":3,"stat.craftItem.minecraft.stick":15769,"stat.craftItem.minecraft.stained_hardened_clay":16800,"stat.craftItem.minecraft.gold_nugget":387,"stat.pickup.minecraft.grass":17158,"stat.useItem.minecraft.stone_pressure_plate":18,"stat.drop.minecraft.leaves":916,"stat.breakItem.minecraft.iron_hoe":1,"stat.pickup.minecraft.golden_horse_armor":6,"stat.pickup.minecraft.diamond_chestplate":12,"stat.drop.minecraft.dispenser":2,"stat.entityKilledBy.Creeper":38,"stat.drop.minecraft.tipped_arrow":1,"stat.breakItem.minecraft.shears":62,"stat.pickup.minecraft.blue_shulker_box":38,"stat.mineBlock.minecraft.planks":2928,"stat.drop":5416,"stat.killEntity.Sheep":194,"stat.drop.minecraft.iron_boots":6,"stat.drop.minecraft.redstone_block":33,"stat.pickup.minecraft.golden_chestplate":96,"stat.useItem.minecraft.melon_seeds":38,"stat.drop.minecraft.bread":3,"stat.pickup.minecraft.purpur_pillar":1348,"stat.craftItem.minecraft.piston":1266,"stat.useItem.minecraft.quartz_stairs":2166,"stat.drop.minecraft.cooked_beef":303,"stat.killEntity.Slime":648,"stat.mineBlock.minecraft.anvil":140,"stat.useItem.minecraft.lime_shulker_box":9,"stat.pickup.minecraft.purple_shulker_box":652,"stat.useItem.minecraft.waterlily":74,"stat.useItem.minecraft.apple":243,"stat.mineBlock.minecraft.deadbush":365,"stat.drop.minecraft.chainmail_helmet":5,"stat.useItem.minecraft.porkchop":2,"stat.useItem.minecraft.carpet":1226,"stat.useItem.minecraft.potion":76,"stat.useItem.minecraft.flower_pot":4,"stat.mineBlock.minecraft.purpur_pillar":1245,"stat.pickup.minecraft.fence":323,"stat.useItem.minecraft.stone_axe":397,"stat.craftItem.minecraft.iron_helmet":21,"stat.drop.minecraft.piston":1,"stat.craftItem.minecraft.rail":592,"stat.drop.minecraft.bed":3,"stat.drop.minecraft.glass":13,"stat.boatOneCm":5556897,"stat.drop.minecraft.magma_cream":3,"stat.craftItem.minecraft.flint_and_steel":13,"stat.useItem.minecraft.redstone_lamp":21,"stat.mineBlock.minecraft.leaves2":10980,"stat.mineBlock.minecraft.stone_stairs":135,"stat.craftItem.minecraft.iron_bars":1020,"stat.mineBlock.minecraft.furnace":75,"stat.pickup.minecraft.dark_oak_fence":326,"stat.pickup.minecraft.prismarine_shard":19,"stat.drop.minecraft.water_bucket":1,"stat.killEntity.CaveSpider":8173,"stat.craftItem.minecraft.birch_fence":27,"stat.pickup.minecraft.oak_stairs":303,"stat.pickup.minecraft.stained_glass":7516,"stat.damageDealt":1275905,"stat.drop.minecraft.rabbit_foot":1,"stat.craftItem.minecraft.anvil":184,"stat.pickup.minecraft.end_bricks":1970,"stat.mineBlock.minecraft.nether_brick_stairs":38,"stat.useItem.minecraft.crafting_table":337,"stat.craftItem.minecraft.stone_shovel":14,"stat.pickup.minecraft.boat":57,"stat.pickup.minecraft.stick":3200,"stat.drop.minecraft.vine":2,"achievement.enchantments":14,"stat.breakItem.minecraft.stone_pickaxe":1,"stat.drop.minecraft.iron_block":11,"stat.craftItem.minecraft.writable_book":68,"stat.craftItem.minecraft.diamond_boots":11,"stat.useItem.minecraft.redstone_block":44,"stat.drop.minecraft.leather_chestplate":7,"stat.useItem.minecraft.spruce_stairs":3190,"stat.craftItem.minecraft.redstone":1008,"stat.useItem.minecraft.cactus":483,"stat.pickup.minecraft.chorus_fruit":1617,"stat.drop.minecraft.purpur_block":1,"stat.killEntity.Chicken":419,"stat.drop.minecraft.crafting_table":9,"stat.useItem.minecraft.iron_block":5140,"stat.mineBlock.minecraft.quartz_ore":28551,"stat.craftItem.minecraft.tnt":55,"stat.pickup.minecraft.concrete_powder":592,"stat.drop.minecraft.chest_minecart":1,"stat.pickup.minecraft.dragon_breath":51,"stat.drop.minecraft.diamond_boots":8,"stat.craftItem.minecraft.fence":591,"stat.craftItem.minecraft.jungle_fence":201,"stat.useItem.minecraft.golden_apple":39,"stat.mineBlock.minecraft.leaves":27626,"stat.craftItem.minecraft.purpur_slab":268,"stat.mineBlock.minecraft.piston":2,"stat.mineBlock.minecraft.bone_block":754,"stat.mineBlock.minecraft.hay_block":23,"stat.useItem.minecraft.map":7,"stat.craftItem.minecraft.tripwire_hook":218,"stat.beaconInteraction":97,"stat.drop.minecraft.dark_oak_boat":1,"stat.pickup.minecraft.wooden_slab":7208,"stat.leaveGame":1061,"stat.pickup.minecraft.jungle_fence":222,"stat.pickup.minecraft.stone_slab2":46,"stat.useItem.minecraft.glowstone":557,"stat.mineBlock.minecraft.sandstone":1711,"stat.craftItem.minecraft.ender_eye":19,"stat.breakItem.minecraft.wooden_sword":84,"stat.killEntity.PigZombie":3,"stat.craftItem.minecraft.shield":4,"stat.craftItem.minecraft.stone_pressure_plate":304,"stat.drop.minecraft.feather":18,"stat.entityKilledBy.PigZombie":3,"stat.mineBlock.minecraft.red_sandstone":410,"stat.pickup.minecraft.leaves2":4785,"stat.useItem.minecraft.sandstone_stairs":46,"stat.pickup.minecraft.brick_block":245,"achievement.diamondsToYou":47,"stat.useItem.minecraft.birch_boat":54,"stat.useItem.minecraft.purpur_stairs":6881,"stat.mineBlock.minecraft.wooden_slab":4885,"stat.pickup.minecraft.leather_boots":101,"stat.killEntity.Witch":40,"stat.drop.minecraft.sand":199,"stat.drop.minecraft.gold_ingot":7,"stat.craftItem.minecraft.wooden_pickaxe":1,"stat.craftItem.minecraft.iron_door":24,"stat.useItem.minecraft.iron_shovel":3257,"stat.drop.minecraft.chainmail_leggings":2,"stat.drop.minecraft.cooked_mutton":2,"stat.craftItem.minecraft.bed":43,"stat.drop.minecraft.wooden_shovel":76,"stat.pickup.minecraft.firework_charge":4,"stat.mineBlock.minecraft.vine":1464,"stat.pickup.minecraft.melon_block":265,"stat.mineBlock.minecraft.hopper":31,"stat.drop.minecraft.gravel":245,"stat.mineBlock.minecraft.rail":301,"stat.useItem.minecraft.pumpkin_seeds":17,"stat.killEntity.ZombieVillager":15,"stat.noteblockPlayed":55,"stat.drop.minecraft.red_flower":13,"stat.useItem.minecraft.double_plant":44,"stat.pickup.minecraft.prismarine":188,"stat.pickup.minecraft.beef":209,"stat.pickup.minecraft.leather_helmet":72,"stat.mineBlock.minecraft.stained_hardened_clay":70352,"stat.useItem.minecraft.trapdoor":165,"stat.useItem.minecraft.blue_shulker_box":46,"stat.useItem.minecraft.stained_glass":13683,"stat.drop.minecraft.stone_pressure_plate":1,"stat.useItem.minecraft.dark_oak_door":66,"stat.useItem.minecraft.ice":91,"stat.pickup.minecraft.magenta_shulker_box":13,"achievement.openInventory":33036,"stat.pickup.minecraft.potion":91,"stat.useItem.minecraft.wooden_button":126,"stat.craftItem.minecraft.dropper":440,"stat.useItem.minecraft.dye":44259,"stat.mineBlock.minecraft.stone_slab2":47,"stat.useItem.minecraft.beef":15,"stat.mineBlock.minecraft.stone_pressure_plate":13,"stat.useItem.minecraft.nether_brick":537,"stat.drop.minecraft.glass_bottle":32,"stat.drop.minecraft.torch":227,"stat.mineBlock.minecraft.tallgrass":4565,"achievement.potion":24,"stat.useItem.minecraft.cooked_rabbit":3,"stat.drop.minecraft.quartz_ore":13,"stat.drop.minecraft.chorus_flower":4,"stat.useItem.minecraft.stone":16896,"stat.pickup.minecraft.arrow":14493,"stat.useItem.minecraft.acacia_fence_gate":3,"stat.pickup.minecraft.wooden_pressure_plate":106,"stat.killEntity.Ghast":169,"stat.useItem.minecraft.ender_chest":90,"stat.useItem.minecraft.white_shulker_box":283,"stat.pickup.minecraft.acacia_fence_gate":6,"stat.useItem.minecraft.clay":256,"stat.drop.minecraft.iron_pickaxe":3,"achievement.killCow":263,"stat.mineBlock.minecraft.chest":536,"stat.pickup.minecraft.painting":3,"stat.mineBlock.minecraft.hardened_clay":53608,"stat.mineBlock.minecraft.concrete_powder":207,"stat.craftItem.minecraft.hopper":544,"stat.pickup.minecraft.gray_shulker_box":7,"stat.pickup.minecraft.nether_brick_fence":57,"stat.pickup.minecraft.yellow_shulker_box":36,"stat.pickup.minecraft.orange_shulker_box":71,"stat.useItem.minecraft.reeds":1090,"stat.pickup.minecraft.birch_boat":63,"stat.craftItem.minecraft.wooden_sword":712,"stat.craftItem.minecraft.diamond_shovel":15,"stat.pickup.minecraft.wheat_seeds":12144,"stat.mineBlock.minecraft.glass":24,"stat.drop.minecraft.spruce_fence":4,"stat.useItem.minecraft.enchanting_table":2,"stat.pickup.minecraft.pink_shulker_box":33,"stat.mineBlock.minecraft.dirt":85283,"stat.pickup.minecraft.poisonous_potato":18,"stat.drop.minecraft.paper":4,"stat.useItem.minecraft.bread":256,"stat.pickup.minecraft.brewing_stand":2,"stat.drop.minecraft.porkchop":6,"stat.pickup.minecraft.light_blue_shulker_box":66,"stat.useItem.minecraft.cobblestone":23692,"stat.craftItem.minecraft.leather_boots":14,"stat.useItem.minecraft.gravel":1021,"stat.mineBlock.minecraft.double_plant":163,"stat.minecartOneCm":5340858,"stat.breakItem.minecraft.golden_helmet":3,"stat.drop.minecraft.chicken":1,"stat.pickup.minecraft.iron_pickaxe":18,"stat.drop.minecraft.carrot":55,"stat.mineBlock.minecraft.end_rod":1430,"stat.craftItem.minecraft.gold_ingot":736,"stat.pickup.minecraft.hopper":61,"stat.mineBlock.minecraft.silver_shulker_box":43,"stat.useItem.minecraft.tallgrass":48,"stat.pickup.minecraft.apple":774,"stat.useItem.minecraft.fireworks":434,"stat.pickup.minecraft.banner":327,"achievement.portal":2154,"stat.itemEnchanted":1660,"stat.mineBlock.minecraft.log":73187,"stat.mineBlock.minecraft.heavy_weighted_pressure_plate":3,"stat.useItem.minecraft.wooden_door":1,"achievement.acquireIron":233,"stat.useItem.minecraft.spruce_door":5,"stat.craftItem.minecraft.paper":7218,"stat.pickup.minecraft.red_flower":10505,"stat.drop.minecraft.bone_block":7,"stat.pickup.minecraft.wool":4352,"stat.useItem.minecraft.chorus_fruit":2,"stat.useItem.minecraft.wooden_axe":6,"stat.craftItem.minecraft.trapped_chest":187,"stat.drop.minecraft.grass":185,"stat.pickup.minecraft.trapped_chest":101,"stat.pickup.minecraft.red_sandstone_stairs":143,"stat.drop.minecraft.pumpkin":1,"stat.craftItem.minecraft.diamond_leggings":11,"stat.useItem.minecraft.iron_axe":6293,"stat.drop.minecraft.stone_shovel":6,"stat.mineBlock.minecraft.yellow_flower":350,"stat.useItem.minecraft.skull":46,"stat.craftItem.minecraft.wool":55,"stat.drop.minecraft.saddle":4,"stat.useItem.minecraft.concrete_powder":1757,"stat.pickup.minecraft.enchanted_book":50,"stat.pickup.minecraft.glowstone":1498,"achievement.buildWorkBench":234,"stat.pickup.minecraft.writable_book":5,"stat.pickup.minecraft.sticky_piston":96,"stat.useItem.minecraft.obsidian":56,"stat.useItem.minecraft.cookie":36,"stat.pickup.minecraft.bow":840,"stat.craftItem.minecraft.dark_oak_door":51,"stat.pickup.minecraft.chorus_fruit_popped":148,"stat.drop.minecraft.birch_boat":1,"stat.mineBlock.minecraft.detector_rail":21,"stat.useItem.minecraft.egg":673,"stat.pickup.minecraft.pumpkin_pie":600,"stat.pickup.minecraft.nether_wart_block":43,"stat.pickup.minecraft.coal_ore":1016,"stat.craftItem.minecraft.cooked_beef":40,"stat.mineBlock.minecraft.obsidian":201,"stat.pickup.minecraft.shears":28,"stat.drop.minecraft.quartz_stairs":3,"stat.craftItem.minecraft.bow":300,"stat.pickup.minecraft.iron_trapdoor":10,"stat.craftItem.minecraft.red_sandstone_stairs":208,"stat.flyOneCm":101163643,"stat.pickup.minecraft.sandstone":2624,"stat.pickup.minecraft.nether_brick_stairs":38,"stat.pickup.minecraft.fish":41,"stat.craftItem.minecraft.stained_glass":89840,"stat.timeSinceDeath":64915,"stat.pickup.minecraft.quartz_ore":7256,"stat.craftItem.minecraft.painting":5,"stat.craftItem.minecraft.purpur_block":6952,"stat.drop.minecraft.repeater":7,"stat.killEntity.Bat":4,"stat.drop.minecraft.blaze_powder":1,"stat.useItem.minecraft.potato":890,"stat.pickup.minecraft.chainmail_helmet":35,"stat.pickup.minecraft.nether_wart":88,"stat.pickup.minecraft.spruce_fence":697,"stat.mineBlock.minecraft.enchanting_table":1,"stat.drop.minecraft.firework_charge":1,"stat.craftItem.minecraft.concrete_powder":2568,"stat.mineBlock.minecraft.coal_ore":21778,"stat.pickup.minecraft.shield":33,"stat.craftItem.minecraft.stone_hoe":9,"stat.talkedToVillager":228,"stat.drop.minecraft.baked_potato":16,"stat.mineBlock.minecraft.red_mushroom_block":16,"stat.pickup.minecraft.string":4370,"stat.craftItem.minecraft.golden_helmet":13,"stat.mineBlock.minecraft.ladder":212,"stat.drop.minecraft.redstone_lamp":1,"stat.useItem.minecraft.milk_bucket":1,"stat.useItem.minecraft.written_book":152,"stat.mineBlock.minecraft.chorus_flower":1520,"stat.useItem.minecraft.diamond_shovel":252422,"stat.pickup.minecraft.chest_minecart":2,"stat.breakItem.minecraft.diamond_helmet":1,"stat.craftItem.minecraft.wooden_axe":1,"stat.pickup.minecraft.bone_block":1428,"stat.mineBlock.minecraft.diamond_ore":1427,"stat.pickup.minecraft.fireworks":3451,"stat.craftItem.minecraft.wooden_pressure_plate":83,"achievement.killEnemy":155022,"stat.useItem.minecraft.wooden_sword":7645,"stat.breakItem.minecraft.iron_shovel":11,"stat.useItem.minecraft.ladder":606,"stat.useItem.minecraft.diamond_ore":50,"stat.drop.minecraft.purpur_pillar":99,"stat.useItem.minecraft.cyan_shulker_box":28,"stat.pickup.minecraft.snowball":2467,"stat.killEntity.Guardian":7,"stat.craftItem.minecraft.sandstone_stairs":44,"stat.diveOneCm":5068211,"stat.useItem.minecraft.sticky_piston":444,"stat.craftItem.minecraft.ladder":888,"achievement.buildHoe":29,"stat.mineBlock.minecraft.stone_button":18,"stat.drop.minecraft.ladder":20,"stat.pickup.minecraft.stone_axe":19,"stat.pickup.minecraft.stained_glass_pane":552,"stat.useItem.minecraft.rotten_flesh":58,"stat.drop.minecraft.apple":36,"stat.craftItem.minecraft.diamond_sword":17,"stat.drop.minecraft.sandstone":155,"stat.mineBlock.minecraft.blue_shulker_box":34,"stat.useItem.minecraft.sand":2148,"stat.jump":528471,"stat.pickup.minecraft.white_shulker_box":266,"stat.craftItem.minecraft.torch":11604,"stat.breakItem.minecraft.golden_leggings":1,"achievement.makeBread":550,"stat.drop.minecraft.glowstone":14,"stat.craftItem.minecraft.fermented_spider_eye":19,"stat.mineBlock.minecraft.purpur_block":3098,"stat.useItem.minecraft.glass":24,"stat.pickup.minecraft.stone_shovel":3,"stat.useItem.minecraft.sapling":12600,"stat.pickup.minecraft.gold_ore":1077,"achievement.blazeRod":157,"stat.mineBlock.minecraft.glass_pane":38,"stat.damageTaken":747868,"stat.useItem.minecraft.red_shulker_box":112,"stat.mineBlock.minecraft.melon_block":160,"stat.useItem.minecraft.gold_block":250,"stat.mineBlock.minecraft.sapling":892,"stat.pickup.minecraft.log2":42534,"stat.mineBlock.minecraft.sandstone_stairs":24,"stat.useItem.minecraft.purple_shulker_box":690,"stat.pickup.minecraft.bed":138,"stat.pickup.minecraft.concrete":1047,"stat.pickup.minecraft.acacia_fence":72,"stat.pickup.minecraft.quartz_block":6789,"stat.pickup.minecraft.potato":2496,"stat.killEntity.Shulker":268,"stat.breakItem.minecraft.iron_leggings":2,"stat.entityKilledBy.Zombie":30,"stat.killEntity.Silverfish":10,"stat.entityKilledBy.LavaSlime":2,"stat.craftItem.minecraft.stone_slab":21531,"stat.animalsBred":514,"stat.useItem.minecraft.chest":1360,"stat.mineBlock.minecraft.light_blue_shulker_box":65,"stat.shulkerBoxOpened":10797,"stat.drop.minecraft.orange_shulker_box":1,"stat.craftItem.minecraft.iron_chestplate":23,"stat.pickup.minecraft.baked_potato":290,"stat.drop.minecraft.potato":44,"stat.pickup.minecraft.ender_pearl":48982,"stat.drop.minecraft.wooden_slab":32,"stat.breakItem.minecraft.stone_hoe":4,"stat.pickup.minecraft.ladder":913,"stat.breakItem.minecraft.golden_boots":2,"stat.useItem.minecraft.netherrack":5440,"stat.craftItem.minecraft.stained_glass_pane":3837,"stat.mineBlock.minecraft.tnt":29,"stat.craftItem.minecraft.bookshelf":106,"stat.mineBlock.minecraft.stonebrick":3877,"stat.drop.minecraft.dragon_breath":2,"stat.drop.minecraft.cookie":1,"stat.craftItem.minecraft.purpur_stairs":4238,"stat.mineBlock.minecraft.glowstone":1372,"stat.craftItem.minecraft.shears":103,"stat.useItem.minecraft.cobblestone_wall":650,"stat.pickup.minecraft.iron_horse_armor":2,"stat.useItem.minecraft.writable_book":151,"stat.drop.minecraft.spruce_stairs":26,"stat.pickup.minecraft.torch":10738,"stat.drop.minecraft.diamond_shovel":7,"stat.drop.minecraft.quartz_block":1072,"stat.drop.minecraft.stone_axe":1,"stat.pickup.minecraft.spruce_boat":7,"stat.useItem.minecraft.purpur_slab":57,"stat.drop.minecraft.arrow":96,"stat.drop.minecraft.shears":12,"stat.craftItem.minecraft.compass":25,"stat.useItem.minecraft.end_bricks":1192,"stat.drop.minecraft.waterlily":1,"stat.pickup.minecraft.deadbush":102,"stat.craftItem.minecraft.iron_axe":31,"stat.mineBlock.minecraft.purple_shulker_box":630,"stat.useItem.minecraft.lead":1,"stat.pickup.minecraft.lapis_block":179,"stat.drop.minecraft.trapdoor":1,"stat.pickup.minecraft.fishing_rod":16,"stat.useItem.minecraft.planks":6402,"stat.useItem.minecraft.nether_brick_stairs":103,"stat.mineBlock.minecraft.acacia_fence_gate":3,"stat.pickup.minecraft.porkchop":40,"stat.pickup.minecraft.blaze_powder":1,"stat.pickup.minecraft.glass":1068,"stat.drop.minecraft.melon":56,"stat.useItem.minecraft.red_sandstone_stairs":345,"stat.useItem.minecraft.pink_shulker_box":39,"stat.useItem.minecraft.water_bucket":2154,"stat.pickup.minecraft.sand":137231,"stat.craftItem.minecraft.golden_apple":75,"stat.mineBlock.minecraft.jungle_fence_gate":3,"stat.craftItem.minecraft.dark_oak_fence":873,"stat.pickup.minecraft.hardened_clay":59635,"stat.entityKilledBy.Spider":2,"stat.useItem.minecraft.red_nether_brick":2,"stat.pickup.minecraft.name_tag":7,"stat.drop.minecraft.hardened_clay":1865,"achievement.diamonds":1788,"stat.pickup.minecraft.activator_rail":16,"stat.aviateOneCm":297704663,"stat.useItem.minecraft.ender_pearl":6307,"stat.useItem.minecraft.brown_mushroom":11,"achievement.buildBetterPickaxe":53,"stat.craftItem.minecraft.blaze_powder":130,"stat.craftItem.minecraft.hardened_clay":256,"achievement.breedCow":249,"stat.useItem.minecraft.oak_stairs":382,"stat.craftItem.minecraft.golden_carrot":32,"stat.mineBlock.minecraft.dark_oak_stairs":498,"stat.useItem.minecraft.dark_oak_stairs":1082,"stat.drop.minecraft.stone_slab":215,"stat.pickup.minecraft.fence_gate":6,"stat.mineBlock.minecraft.birch_stairs":5,"stat.pickup.minecraft.filled_map":69,"stat.pickup.minecraft.furnace":151,"stat.useItem.minecraft.redstone":213,"stat.drop.minecraft.pink_shulker_box":1,"achievement.overkill":11,"stat.mineBlock.minecraft.end_bricks":1912,"stat.mineBlock.minecraft.redstone_lamp":8,"achievement.mineWood":93243,"stat.pickup.minecraft.iron_chestplate":39,"stat.pickup.minecraft.end_rod":1880,"stat.pickup.minecraft.skull":161,"stat.useItem.minecraft.stone_stairs":429,"stat.pickup.minecraft.acacia_door":7,"stat.mineBlock.minecraft.red_shulker_box":95,"stat.drop.minecraft.wooden_hoe":1,"stat.useItem.minecraft.pumpkin_pie":2144,"stat.mineBlock.minecraft.brick_stairs":12,"stat.useItem.minecraft.hopper":98,"stat.craftItem.minecraft.heavy_weighted_pressure_plate":9,"stat.mineBlock.minecraft.oak_stairs":250,"stat.drop.minecraft.golden_carrot":237,"stat.playOneMinute":61648556,"stat.drop.minecraft.string":110,"stat.useItem.minecraft.jungle_stairs":54,"stat.pickup.minecraft.diamond_block":522,"stat.useItem.minecraft.shears":17177,"stat.pickup.minecraft.beacon":38,"stat.mineBlock.minecraft.brown_mushroom_block":45,"stat.pickup.minecraft.iron_bars":157,"stat.pickup.minecraft.dispenser":63,"stat.mineBlock.minecraft.dark_oak_fence":190,"stat.craftItem.minecraft.carpet":843,"stat.mineBlock.minecraft.netherrack":89035,"stat.mineBlock.minecraft.dispenser":3,"stat.craftItem.minecraft.dark_oak_stairs":1268,"stat.drop.minecraft.flint":418,"stat.craftItem.minecraft.golden_rail":108,"stat.useItem.minecraft.quartz_ore":6983,"stat.breakItem.minecraft.leather_helmet":1,"stat.pickup.minecraft.cooked_chicken":2810,"stat.fallOneCm":13441097,"stat.drop.minecraft.dye":204,"stat.craftItem.minecraft.chest":2097,"stat.craftItem.minecraft.banner":111,"stat.useItem.minecraft.nether_brick_fence":24,"stat.mineBlock.minecraft.lever":1,"stat.pickup.minecraft.red_mushroom":39,"stat.useItem.minecraft.iron_hoe":251,"stat.pickup.minecraft.milk_bucket":1,"stat.craftItem.minecraft.end_bricks":212,"stat.pickup.minecraft.comparator":68,"stat.drop.minecraft.leaves2":4,"stat.pickup.minecraft.feather":740,"stat.drop.minecraft.iron_leggings":4,"stat.pickup.minecraft.record_cat":2,"stat.mineBlock.minecraft.red_nether_brick":2,"stat.drop.minecraft.concrete":6,"stat.mineBlock.minecraft.spruce_fence":625,"stat.useItem.minecraft.yellow_shulker_box":55,"stat.pickup.minecraft.lead":58,"stat.useItem.minecraft.stone_pickaxe":271,"stat.craftItem.minecraft.iron_leggings":17,"stat.useItem.minecraft.stone_sword":865,"stat.useItem.minecraft.orange_shulker_box":84,"stat.killEntity.Rabbit":16,"stat.craftItem.minecraft.oak_stairs":272,"stat.pickup.minecraft.redstone_ore":72,"stat.pickup.minecraft.chainmail_boots":32,"stat.drop.minecraft.stick":451,"stat.pickup.minecraft.record_13":1,"stat.useItem.minecraft.iron_bars":353,"stat.mineBlock.minecraft.quartz_stairs":692,"stat.mineBlock.minecraft.monster_egg":13,"stat.useItem.minecraft.bone_block":2381,"stat.drop.minecraft.stone_brick_stairs":309,"stat.mineBlock.minecraft.pink_shulker_box":27,"stat.killEntity.LavaSlime":174,"stat.pickup.minecraft.log":83305,"achievement.theEnd2":1,"stat.breakItem.minecraft.iron_boots":3,"stat.mineBlock.minecraft.golden_rail":66,"stat.pickup.minecraft.tallgrass":286,"stat.breakItem.minecraft.iron_helmet":4,"stat.pickup.minecraft.chainmail_leggings":39,"stat.pickup.minecraft.wooden_door":4,"stat.entityKilledBy.Enderman":14,"stat.mineBlock.minecraft.iron_block":3503,"stat.craftItem.minecraft.snow":339,"stat.pickup.minecraft.diamond_helmet":92,"stat.craftItem.minecraft.cooked_chicken":27,"stat.useItem.minecraft.stone_hoe":812,"stat.craftItem.minecraft.golden_boots":12,"stat.useItem.minecraft.beetroot_seeds":443,"stat.sneakTime":2298752,"stat.mineBlock.minecraft.cobblestone_wall":142,"stat.mineBlock.minecraft.yellow_shulker_box":32,"stat.useItem.minecraft.beetroot":96,"stat.pickup.minecraft.chest":824,"stat.craftItem.minecraft.enchanting_table":7,"stat.useItem.minecraft.web":20,"stat.craftItem.minecraft.leather_leggings":14,"stat.drop.minecraft.sugar":3,"stat.pickup.minecraft.stone_pressure_plate":21,"stat.pickup.minecraft.lit_pumpkin":17,"stat.drop.minecraft.beetroot":28,"stat.useItem.minecraft.repeater":18,"stat.drop.minecraft.leather_helmet":8,"stat.craftItem.minecraft.stone_brick_stairs":3719,"stat.craftItem.minecraft.acacia_fence_gate":3,"stat.drop.minecraft.iron_nugget":6,"stat.craftItem.minecraft.iron_trapdoor":60,"stat.swimOneCm":3209504,"stat.mineBlock.minecraft.diamond_block":369,"stat.mineBlock.minecraft.spruce_stairs":663,"stat.craftItem.minecraft.golden_chestplate":9,"stat.drop.minecraft.brown_mushroom":10,"stat.useItem.minecraft.dirt":43897,"stat.pickup.minecraft.purpur_block":2965,"achievement.exploreAllBiomes":{"value":0,"progress":["Sunflower Plains","Cold Taiga","Cold Taiga Hills","Desert M","Birch Forest","Roofed Forest","Extreme Hills M","MushroomIslandShore","The End","Extreme Hills+ M","Beach","FrozenRiver","Mesa Plateau","Mega Taiga Hills","Extreme Hills+","Ocean","River","Taiga","Mega Taiga","MushroomIsland","Swampland","Ice Mountains","Birch Forest Hills","Mesa Plateau F","Roofed Forest M","Savanna Plateau","Mesa","ForestHills","Flower Forest","Plains","Ice Plains Spikes","TaigaHills","DesertHills","Stone Beach","Ice Plains","Jungle","Forest","Birch Forest Hills M","JungleHills","Desert","Extreme Hills","Savanna M","Mesa (Bryce)","Deep Ocean","Savanna","Hell","Swampland M"]},"stat.pickup.minecraft.enchanting_table":32,"stat.useItem.minecraft.detector_rail":310,"stat.craftItem.minecraft.melon_block":64,"stat.drop.minecraft.ender_pearl":6252,"stat.mineBlock.minecraft.magma":16681,"stat.pickup.minecraft.quartz_stairs":841,"stat.mineBlock.minecraft.carpet":1246,"stat.pickup.minecraft.gold_block":188,"stat.drop.minecraft.fence":113,"stat.mineBlock.minecraft.redstone_block":28,"stat.useItem.minecraft.stone_shovel":1152,"stat.pickup.minecraft.clay":7,"stat.pickup.minecraft.glass_bottle":269,"stat.useItem.minecraft.red_mushroom":2,"stat.drop.minecraft.wheat_seeds":144,"stat.craftItem.minecraft.wooden_slab":11596,"stat.useItem.minecraft.sign":663,"stat.drop.minecraft.log":1207,"stat.pickup.minecraft.mutton":37,"achievement.theEnd":157,"stat.drop.minecraft.activator_rail":2,"stat.useItem.minecraft.lever":4,"stat.pickup.minecraft.wooden_axe":2,"stat.mineBlock.minecraft.coal_block":1603,"stat.breakItem.minecraft.golden_sword":1,"stat.pickup.minecraft.dark_oak_door":100,"stat.drop.minecraft.golden_boots":4,"stat.craftItem.minecraft.red_sandstone":1181,"stat.pickup.minecraft.stonebrick":6057,"stat.pickup.minecraft.redstone_lamp":22,"stat.drop.minecraft.beetroot_seeds":98,"stat.mineBlock.minecraft.nether_brick":1137,"stat.mineBlock.minecraft.red_sandstone_stairs":144,"stat.drop.minecraft.log2":73,"stat.useItem.minecraft.purpur_pillar":915,"stat.craftItem.minecraft.brick_block":239,"stat.craftItem.minecraft.stone_slab2":156,"stat.drop.minecraft.anvil":1,"stat.drop.minecraft.potion":13,"stat.useItem.minecraft.stone_slab":16299,"stat.craftItem.minecraft.jungle_fence_gate":4,"stat.useItem.minecraft.bed":152,"stat.craftItem.minecraft.stone":13795,"stat.craftItem.minecraft.armor_stand":57,"stat.mineBlock.minecraft.crafting_table":280,"stat.useItem.minecraft.diamond_pickaxe":931449,"stat.mineBlock.minecraft.quartz_block":3886,"stat.useItem.minecraft.carrot":670,"stat.killEntity.Endermite":67,"stat.useItem.minecraft.wooden_shovel":35,"stat.drop.minecraft.golden_apple":5,"stat.useItem.minecraft.bucket":2208,"achievement.buildFurnace":231,"stat.drop.minecraft.spruce_fence_gate":1,"stat.pickup.minecraft.stone_button":32,"stat.pickup.minecraft.slime_ball":1033,"stat.useItem.minecraft.purpur_block":3406,"stat.mineBlock.minecraft.cyan_shulker_box":11,"stat.craftItem.minecraft.diamond_pickaxe":17,"stat.pickup.minecraft.gravel":24243,"stat.useItem.minecraft.glass_bottle":42,"stat.useItem.minecraft.diamond_axe":135858,"stat.pickup.minecraft.purpur_stairs":2865,"stat.drop.minecraft.spruce_boat":1,"stat.pickup.minecraft.red_shulker_box":106,"stat.useItem.minecraft.stained_glass_pane":2540,"stat.pickup.minecraft.stone_brick_stairs":1536,"stat.drop.minecraft.cooked_porkchop":11,"stat.pickup.minecraft.diamond_sword":160,"stat.craftItem.minecraft.brick_stairs":92,"stat.killEntity.SkeletonHorse":1,"stat.useItem.minecraft.wooden_hoe":166,"stat.pickup.minecraft.iron_helmet":39,"stat.pickup.minecraft.black_shulker_box":27,"stat.useItem.minecraft.piston":3,"stat.craftItem.minecraft.bread":306,"stat.entityKilledBy.CaveSpider":3,"stat.pickup.minecraft.spider_eye":1346,"stat.useItem.minecraft.mycelium":13,"stat.useItem.minecraft.stone_button":32,"stat.pickup.minecraft.diamond_ore":70,"stat.mineBlock.minecraft.magenta_shulker_box":12,"stat.useItem.minecraft.cooked_chicken":2919,"stat.craftItem.minecraft.end_crystal":7,"stat.pickup.minecraft.iron_ore":5583,"stat.drop.minecraft.pumpkin_pie":23,"stat.mineBlock.minecraft.iron_bars":153,"stat.pickup.minecraft.leaves":18413,"stat.pickup.minecraft.leather":1615,"stat.useItem.minecraft.wooden_pickaxe":25,"stat.dispenserInspected":303,"stat.mineBlock.minecraft.mycelium":789,"stat.pickup.minecraft.reeds":5805,"stat.pickup.minecraft.prismarine_crystals":231,"stat.useItem.minecraft.magma":700,"stat.drop.minecraft.cooked_chicken":319,"stat.craftItem.minecraft.glass":260,"stat.sleepInBed":1794,"stat.craftItem.minecraft.baked_potato":226,"stat.drop.minecraft.shulker_shell":107,"stat.killEntity.Cow":350,"stat.pickup.minecraft.minecart":203,"stat.killEntity.Pig":22,"stat.craftItem.minecraft.iron_sword":27,"stat.pickup.minecraft.piston":2,"stat.breakItem.minecraft.fishing_rod":1,"stat.walkOneCm":219170518,"stat.playerKills":11,"stat.pickup.minecraft.clay_ball":1024,"stat.mineBlock.minecraft.trapped_chest":69,"stat.pickup.minecraft.purpur_slab":166,"stat.useItem.minecraft.spruce_boat":8,"stat.drop.minecraft.diamond_axe":19,"stat.pickup.minecraft.tnt":54,"stat.drop.minecraft.iron_chestplate":8,"stat.pickup.minecraft.stone":167485,"stat.mineBlock.minecraft.wool":291,"stat.drop.minecraft.slime":1,"stat.drop.minecraft.emerald":101,"stat.drop.minecraft.diamond_leggings":1,"stat.mineBlock.minecraft.packed_ice":2,"stat.useItem.minecraft.leaves":11177,"stat.craftItem.minecraft.minecart":52,"stat.pickup.minecraft.gold_ingot":50,"stat.useItem.minecraft.prismarine":3,"stat.killEntity.Skeleton":9081,"stat.mineBlock.minecraft.cactus":3323,"stat.drop.minecraft.chainmail_boots":3,"stat.mineBlock.minecraft.redstone_torch":31,"stat.killEntity.Spider":269,"stat.pickup.minecraft.bread":56,"stat.craftItem.minecraft.spruce_fence":2646,"stat.pickup.minecraft.quartz":45457,"stat.pickup.minecraft.birch_fence":17,"stat.pickup.minecraft.water_bucket":37,"stat.breakItem.minecraft.iron_axe":20,"stat.pickup.minecraft.spruce_stairs":946,"stat.mineBlock.minecraft.redstone_ore":8456,"stat.pickup.minecraft.elytra":121,"stat.pickup.minecraft.lava_bucket":1,"stat.craftItem.minecraft.coal_block":3543,"stat.drop.minecraft.beef":3,"stat.mineBlock.minecraft.stone":582173,"stat.useItem.minecraft.sandstone":409}