{"stat.useItem.minecraft.bow":933,"stat.useItem.minecraft.quartz_block":3782,"stat.useItem.minecraft.painting":81,"stat.drop.minecraft.gunpowder":4,"stat.drop.minecraft.redstone":1,"stat.pickup.minecraft.dark_oak_boat":1,"stat.mineBlock.minecraft.stained_glass":85,"stat.drop.minecraft.iron_sword":1,"stat.pickup.minecraft.rotten_flesh":464,"stat.craftItem.minecraft.stone_axe":1,"stat.useItem.minecraft.vine":29,"stat.pickup.minecraft.cobblestone_wall":124,"stat.pickup.minecraft.bucket":2,"stat.useItem.minecraft.rail":1981,"stat.killEntity.Enderman":1221,"stat.useItem.minecraft.anvil":15,"stat.craftItem.minecraft.iron_shovel":3,"stat.pickup.minecraft.brown_mushroom":5,"achievement.buildPickaxe":26,"stat.useItem.minecraft.iron_pickaxe":1540,"stat.pickup.minecraft.stained_hardened_clay":4698,"stat.pickup.minecraft.double_plant":51,"stat.craftItem.minecraft.glass_pane":32,"stat.useItem.minecraft.hardened_clay":98,"stat.mineBlock.minecraft.sticky_piston":32,"stat.furnaceInteraction":434,"stat.useItem.minecraft.golden_carrot":64,"stat.useItem.minecraft.nether_wart":1,"stat.pickup.minecraft.nether_brick":19,"stat.craftItem.minecraft.leather_helmet":6,"stat.mineBlock.minecraft.wooden_button":19,"stat.useItem.minecraft.red_sandstone":48,"stat.pickup.minecraft.hay_block":1,"stat.useItem.minecraft.fence":265,"stat.useItem.minecraft.acacia_fence":1,"stat.craftItem.minecraft.daylight_detector":64,"stat.useItem.minecraft.cauldron":1,"stat.useItem.minecraft.flint_and_steel":7,"stat.mineBlock.minecraft.fence":29,"stat.mineBlock.minecraft.sea_lantern":62,"stat.useItem.minecraft.wheat_seeds":103,"stat.killEntity.Husk":14,"stat.pickup.minecraft.emerald":1,"stat.pickup.minecraft.lever":166,"stat.deaths":12,"stat.pickup.minecraft.egg":8,"stat.craftItem.minecraft.item_frame":40,"stat.pickup.minecraft.clock":2,"stat.craftItem.minecraft.iron_pickaxe":9,"stat.pickup.minecraft.glass_pane":8,"stat.pickup.minecraft.item_frame":16,"stat.pickup.minecraft.sea_lantern":82,"stat.craftItem.minecraft.repeater":1,"stat.drop.minecraft.iron_ingot":38,"stat.craftItem.minecraft.cooked_mutton":6,"stat.chestOpened":5738,"stat.useItem.minecraft.lapis_ore":4,"stat.craftItem.minecraft.mossy_cobblestone":47,"stat.craftItem.minecraft.sign":30,"stat.useItem.minecraft.jungle_fence":15,"stat.pickup.minecraft.lapis_ore":4,"stat.craftItem.minecraft.quartz_block":4176,"stat.drop.minecraft.banner":2,"stat.craftItem.minecraft.ender_chest":3,"stat.pickup.minecraft.carrot":327,"stat.crouchOneCm":598817,"stat.pickup.minecraft.rail":375,"stat.craftItem.minecraft.iron_ingot":1509,"stat.pickup.minecraft.ender_chest":17,"stat.craftingTableInteraction":833,"stat.pickup.minecraft.repeater":8,"stat.mineBlock.minecraft.log2":80,"stat.pickup.minecraft.dye":793,"stat.mineBlock.minecraft.jungle_fence":24,"stat.pickup.minecraft.planks":350,"stat.mineBlock.minecraft.ender_chest":15,"stat.mineBlock.minecraft.daylight_detector":14,"stat.flowerPotted":5,"stat.drop.minecraft.rotten_flesh":207,"stat.pickup.minecraft.magma":35,"stat.useItem.minecraft.yellow_flower":2,"stat.useItem.minecraft.glass_pane":8,"stat.breakItem.minecraft.stone_shovel":1,"stat.pickup.minecraft.coal_block":7,"stat.craftItem.minecraft.bucket":3,"stat.craftItem.minecraft.planks":4056,"stat.useItem.minecraft.iron_sword":229,"stat.craftItem.minecraft.dirt":180,"stat.useItem.minecraft.daylight_detector":91,"stat.useItem.minecraft.stonebrick":768,"stat.craftItem.minecraft.wooden_door":27,"stat.craftItem.minecraft.spruce_door":18,"stat.pickup.minecraft.tripwire_hook":1,"stat.pickup.minecraft.spruce_fence_gate":7,"stat.mineBlock.minecraft.cobblestone":1208,"stat.mineBlock.minecraft.pumpkin":8,"stat.useItem.minecraft.beacon":1,"stat.pickup.minecraft.flint":7,"stat.craftItem.minecraft.quartz_stairs":1336,"stat.pickup.minecraft.leather_chestplate":3,"stat.mineBlock.minecraft.stained_glass_pane":313,"stat.craftItem.minecraft.clock":4,"stat.drop.minecraft.cobblestone":703,"stat.useItem.minecraft.coal_block":15,"stat.breakItem.minecraft.iron_pickaxe":3,"stat.useItem.minecraft.stone_slab2":250,"stat.pickup.minecraft.iron_boots":5,"stat.pickup.minecraft.stone_hoe":2,"stat.craftItem.minecraft.furnace":40,"stat.craftItem.minecraft.lapis_block":31,"stat.drop.minecraft.daylight_detector":1,"stat.drop.minecraft.golden_helmet":1,"stat.craftItem.minecraft.iron_boots":2,"stat.useItem.minecraft.spruce_fence_gate":45,"stat.mineBlock.minecraft.clay":26,"stat.pickup.minecraft.diamond_leggings":7,"stat.useItem.minecraft.wooden_slab":1268,"stat.drop.minecraft.spider_eye":4,"stat.craftItem.minecraft.iron_block":9,"stat.craftItem.minecraft.stonebrick":1399,"stat.drop.minecraft.stained_glass":5,"stat.drop.minecraft.wool":2,"stat.killEntity.Creeper":97,"stat.useItem.minecraft.armor_stand":22,"achievement.buildSword":3,"stat.killEntity.Squid":2,"stat.sprintOneCm":22914981,"stat.useItem.minecraft.diamond_block":1,"stat.mineBlock.minecraft.stone_slab":2080,"stat.useItem.minecraft.hay_block":8,"stat.useItem.minecraft.snowball":101,"stat.pickup.minecraft.leather_leggings":1,"stat.craftItem.minecraft.redstone_lamp":31,"stat.pickup.minecraft.vine":92,"stat.craftItem.minecraft.leather_chestplate":7,"stat.useItem.minecraft.banner":62,"stat.craftItem.minecraft.emerald":1,"stat.pickup.minecraft.iron_block":396,"stat.killEntity.Zombie":390,"stat.craftItem.minecraft.dye":822,"stat.craftItem.minecraft.diamond_axe":1,"stat.mineBlock.minecraft.gold_ore":120,"stat.craftItem.minecraft.sandstone":1,"stat.pickup.minecraft.wheat":72,"stat.mineBlock.minecraft.mossy_cobblestone":49,"stat.drop.minecraft.stone_stairs":13,"stat.pickup.minecraft.sign":72,"stat.craftItem.minecraft.cooked_porkchop":5,"stat.pickup.minecraft.obsidian":104,"stat.useItem.minecraft.heavy_weighted_pressure_plate":16,"stat.useItem.minecraft.iron_trapdoor":169,"stat.pickup.minecraft.coal":1666,"stat.pickup.minecraft.iron_ingot":1799,"stat.craftItem.minecraft.lever":236,"stat.pickup.minecraft.gunpowder":92,"stat.pickup.minecraft.dirt":877,"stat.useItem.minecraft.coal_ore":73,"stat.mineBlock.minecraft.lapis_ore":18,"stat.pickup.minecraft.red_sandstone":94,"stat.pickup.minecraft.iron_axe":4,"stat.brewingstandInteraction":20,"stat.useItem.minecraft.stone_brick_stairs":621,"stat.mineBlock.minecraft.torch":511,"stat.pickup.minecraft.written_book":8,"stat.mineBlock.minecraft.red_flower":12,"stat.tradedWithVillager":1,"stat.useItem.minecraft.acacia_door":57,"stat.pickup.minecraft.magma_cream":9,"stat.craftItem.minecraft.comparator":5,"stat.craftItem.minecraft.glowstone":79,"stat.useItem.minecraft.slime":13,"stat.mineBlock.minecraft.fence_gate":2,"stat.pickup.minecraft.diamond_axe":9,"stat.pickup.minecraft.diamond_pickaxe":22,"stat.useItem.minecraft.pumpkin":5,"stat.useItem.minecraft.tnt":11,"stat.useItem.minecraft.lava_bucket":2,"stat.pickup.minecraft.rabbit_foot":1,"stat.drop.minecraft.netherrack":1069,"stat.useItem.minecraft.item_frame":56,"stat.useItem.minecraft.stained_hardened_clay":4498,"stat.useItem.minecraft.redstone_ore":12,"stat.pickup.minecraft.cooked_beef":595,"stat.drop.minecraft.lever":2,"stat.pickup.minecraft.dark_oak_stairs":1,"stat.mobKills":2069,"stat.pickup.minecraft.diamond_boots":8,"stat.useItem.minecraft.boat":8,"stat.useItem.minecraft.mossy_cobblestone":39,"stat.pickup.minecraft.diamond":30,"stat.pickup.minecraft.beetroot_seeds":89,"stat.craftItem.minecraft.spruce_stairs":348,"stat.craftItem.minecraft.map":2,"stat.useItem.minecraft.string":4,"stat.useItem.minecraft.bookshelf":6,"stat.useItem.minecraft.soul_sand":7,"stat.killEntity.Blaze":18,"stat.pickup.minecraft.golden_boots":1,"stat.pickup.minecraft.glowstone_dust":319,"stat.mineBlock.minecraft.red_mushroom":3,"stat.mineBlock.minecraft.stone_brick_stairs":281,"stat.mineBlock.minecraft.nether_brick_fence":5,"stat.drop.minecraft.poisonous_potato":1,"stat.pickup.minecraft.splash_potion":3,"stat.pickup.minecraft.observer":11,"stat.craftItem.minecraft.cobblestone_wall":336,"stat.craftItem.minecraft.stone_sword":1,"stat.mineBlock.minecraft.snow_layer":86,"stat.pickup.minecraft.chainmail_chestplate":1,"stat.mineBlock.minecraft.sand":3044,"stat.hopperInspected":8,"stat.useItem.minecraft.fence_gate":7,"stat.drop.minecraft.diamond":3,"stat.pickup.minecraft.ghast_tear":4,"stat.craftItem.minecraft.birch_door":3,"stat.pickup.minecraft.armor_stand":18,"stat.trappedChestTriggered":323,"stat.drop.minecraft.diamond_block":5,"stat.craftItem.minecraft.acacia_stairs":40,"stat.craftItem.minecraft.observer":2,"stat.craftItem.minecraft.pumpkin_seeds":4,"stat.pickup.minecraft.wooden_button":36,"stat.useItem.minecraft.minecart":75,"stat.useItem.minecraft.cooked_mutton":6,"stat.drop.minecraft.stained_hardened_clay":38,"stat.drop.minecraft.wooden_button":1,"stat.drop.minecraft.pumpkin_seeds":4,"stat.pickup.minecraft.stone_stairs":218,"stat.craftItem.minecraft.fence_gate":10,"stat.pickup.minecraft.acacia_stairs":55,"stat.pickup.minecraft.golden_carrot":63,"stat.pickup.minecraft.pumpkin_seeds":4,"stat.pickup.minecraft.fermented_spider_eye":1,"stat.pickup.minecraft.saddle":1,"stat.mineBlock.minecraft.soul_sand":71,"achievement.ghast":4,"stat.useItem.minecraft.furnace_minecart":1,"stat.pickup.minecraft.blaze_rod":8,"stat.craftItem.minecraft.diamond_block":5,"stat.pickup.minecraft.netherrack":10736,"stat.pickup.minecraft.pumpkin":8,"stat.pickup.minecraft.spruce_door":3,"stat.recordPlayed":4,"stat.pickup.minecraft.waterlily":3,"stat.craftItem.minecraft.redstone_torch":29,"stat.pickup.minecraft.detector_rail":38,"stat.craftItem.minecraft.iron_hoe":1,"stat.drop.minecraft.stone":149,"stat.useItem.minecraft.trapped_chest":5,"stat.pickup.minecraft.golden_leggings":3,"stat.dropperInspected":3,"stat.pickup.minecraft.heavy_weighted_pressure_plate":13,"stat.useItem.minecraft.golden_rail":230,"stat.craftItem.minecraft.detector_rail":36,"stat.drop.minecraft.bone":8,"stat.craftItem.minecraft.wooden_button":11,"stat.useItem.minecraft.furnace":48,"stat.pickup.minecraft.slime":13,"stat.pickup.minecraft.iron_leggings":5,"stat.mineBlock.minecraft.gravel":314,"stat.useItem.minecraft.wool":36,"stat.breakItem.minecraft.diamond_axe":1,"stat.pickup.minecraft.flint_and_steel":1,"stat.useItem.minecraft.torch":1852,"stat.craftItem.minecraft.redstone_block":14,"stat.craftItem.minecraft.stone_stairs":68,"stat.useItem.minecraft.log":887,"stat.pickup.minecraft.crafting_table":83,"stat.useItem.minecraft.comparator":8,"stat.craftItem.minecraft.crafting_table":12,"stat.pickup.minecraft.iron_hoe":5,"stat.mineBlock.minecraft.emerald_ore":1,"stat.pickup.minecraft.redstone_block":6,"stat.drop.minecraft.sign":7,"stat.craftItem.minecraft.stone_button":13,"stat.drop.minecraft.planks":33,"stat.pickup.minecraft.sapling":274,"stat.useItem.minecraft.deadbush":11,"stat.useItem.minecraft.birch_door":1,"stat.pickup.minecraft.beetroot":49,"stat.craftItem.minecraft.sugar":2,"stat.craftItem.minecraft.spruce_fence_gate":43,"stat.useItem.minecraft.baked_potato":52,"stat.pickup.minecraft.stone_slab":2549,"stat.drop.minecraft.yellow_flower":1,"stat.pickup.minecraft.yellow_flower":32,"stat.pickup.minecraft.golden_rail":76,"stat.useItem.minecraft.fishing_rod":45,"stat.pickup.minecraft.bone":172,"stat.craftItem.minecraft.sticky_piston":8,"stat.pickup.minecraft.redstone_torch":61,"stat.horseOneCm":155880,"stat.useItem.minecraft.log2":27,"stat.mineBlock.minecraft.slime":13,"stat.drop.minecraft.mossy_cobblestone":46,"stat.useItem.minecraft.diamond_sword":1061,"stat.climbOneCm":679241,"stat.useItem.minecraft.end_rod":125,"stat.enderchestOpened":241,"stat.useItem.minecraft.redstone_torch":63,"stat.pickup.minecraft.golden_helmet":3,"stat.pickup.minecraft.daylight_detector":28,"stat.craftItem.minecraft.bone_block":2,"stat.pickup.minecraft.anvil":8,"stat.useItem.minecraft.iron_ore":1,"stat.craftItem.minecraft.trapdoor":32,"stat.craftItem.minecraft.stone_pickaxe":2,"stat.pickup.minecraft.cobblestone":6464,"stat.pickup.minecraft.soul_sand":68,"stat.useItem.minecraft.cooked_beef":526,"stat.pickup.minecraft.cactus":384,"stat.pickup.minecraft.redstone":527,"stat.pickup.minecraft.acacia_boat":1,"stat.mineBlock.minecraft.iron_ore":329,"stat.craftItem.minecraft.book":18,"stat.craftItem.minecraft.acacia_door":18,"stat.pickup.minecraft.mossy_cobblestone":49,"stat.drop.minecraft.iron_bars":2,"stat.drop.minecraft.dirt":12,"stat.useItem.minecraft.cooked_porkchop":6,"stat.pickup.minecraft.iron_shovel":1,"stat.pickup.minecraft.carpet":341,"stat.pickup.minecraft.trapdoor":11,"stat.pickup.minecraft.diamond_shovel":12,"stat.craftItem.minecraft.acacia_fence":3,"stat.useItem.minecraft.sea_lantern":167,"stat.useItem.minecraft.spruce_fence":251,"stat.pickup.minecraft.paper":1,"stat.pickup.minecraft.jungle_fence_gate":6,"stat.craftItem.minecraft.stick":2392,"stat.craftItem.minecraft.stained_hardened_clay":1032,"stat.craftItem.minecraft.gold_nugget":10,"stat.pickup.minecraft.grass":503,"stat.useItem.minecraft.stone_pressure_plate":38,"stat.pickup.minecraft.golden_horse_armor":1,"stat.pickup.minecraft.diamond_chestplate":8,"stat.entityKilledBy.Creeper":1,"stat.breakItem.minecraft.shears":2,"stat.mineBlock.minecraft.planks":276,"stat.drop":441,"stat.pickup.minecraft.jukebox":1,"stat.killEntity.Sheep":6,"stat.pickup.minecraft.golden_chestplate":3,"stat.craftItem.minecraft.piston":7,"stat.useItem.minecraft.quartz_stairs":1930,"stat.killEntity.Slime":1,"stat.mineBlock.minecraft.anvil":8,"stat.pickup.minecraft.purple_shulker_box":14,"stat.useItem.minecraft.waterlily":3,"stat.useItem.minecraft.apple":9,"stat.mineBlock.minecraft.deadbush":84,"stat.drop.minecraft.chainmail_helmet":2,"stat.useItem.minecraft.porkchop":3,"stat.useItem.minecraft.carpet":749,"stat.useItem.minecraft.potion":3,"stat.useItem.minecraft.flower_pot":5,"stat.pickup.minecraft.fence":28,"stat.useItem.minecraft.stone_axe":97,"stat.craftItem.minecraft.iron_helmet":2,"stat.craftItem.minecraft.rail":2023,"achievement.onARail":22229,"stat.boatOneCm":1049640,"stat.craftItem.minecraft.flint_and_steel":1,"stat.useItem.minecraft.redstone_lamp":48,"stat.mineBlock.minecraft.leaves2":13,"stat.mineBlock.minecraft.stone_stairs":236,"stat.craftItem.minecraft.iron_bars":224,"stat.mineBlock.minecraft.furnace":42,"stat.drop.minecraft.stone_button":3,"stat.killEntity.CaveSpider":1,"stat.pickup.minecraft.oak_stairs":14,"stat.pickup.minecraft.stained_glass":88,"stat.damageDealt":74737,"stat.craftItem.minecraft.anvil":9,"stat.pickup.minecraft.end_bricks":2,"stat.useItem.minecraft.crafting_table":86,"stat.pickup.minecraft.boat":11,"stat.craftItem.minecraft.stone_shovel":10,"stat.pickup.minecraft.stick":258,"stat.breakItem.minecraft.stone_pickaxe":3,"stat.craftItem.minecraft.writable_book":1,"stat.useItem.minecraft.redstone_block":10,"stat.useItem.minecraft.spruce_stairs":455,"stat.craftItem.minecraft.redstone":27,"stat.useItem.minecraft.cactus":16,"stat.drop.minecraft.crafting_table":2,"stat.useItem.minecraft.iron_block":522,"stat.mineBlock.minecraft.quartz_ore":8201,"stat.craftItem.minecraft.tnt":11,"stat.craftItem.minecraft.fence":243,"stat.mineBlock.minecraft.leaves":734,"stat.mineBlock.minecraft.piston":35,"stat.mineBlock.minecraft.bone_block":28,"stat.mineBlock.minecraft.hay_block":1,"stat.craftItem.minecraft.tripwire_hook":6,"stat.beaconInteraction":6,"stat.pickup.minecraft.wooden_slab":525,"stat.leaveGame":161,"stat.pickup.minecraft.jungle_fence":24,"stat.pickup.minecraft.stone_slab2":58,"stat.useItem.minecraft.glowstone":143,"stat.mineBlock.minecraft.sandstone":83,"stat.craftItem.minecraft.ender_eye":3,"stat.killEntity.PigZombie":1,"stat.craftItem.minecraft.stone_pressure_plate":20,"stat.mineBlock.minecraft.red_sandstone":94,"stat.useItem.minecraft.birch_boat":1,"stat.mineBlock.minecraft.wooden_slab":527,"stat.pickup.minecraft.leather_boots":9,"stat.killEntity.Witch":3,"stat.drop.minecraft.sand":4,"stat.craftItem.minecraft.wooden_pickaxe":1,"stat.useItem.minecraft.iron_shovel":508,"stat.drop.minecraft.chainmail_leggings":1,"stat.craftItem.minecraft.bed":27,"stat.mineBlock.minecraft.hopper":3,"stat.mineBlock.minecraft.vine":94,"stat.drop.minecraft.gravel":27,"stat.mineBlock.minecraft.rail":196,"stat.useItem.minecraft.pumpkin_seeds":4,"stat.killEntity.ZombieVillager":11,"stat.noteblockPlayed":19,"stat.drop.minecraft.red_flower":1,"stat.pickup.minecraft.beef":8,"stat.mineBlock.minecraft.stained_hardened_clay":4396,"stat.useItem.minecraft.trapdoor":37,"stat.useItem.minecraft.stained_glass":390,"stat.drop.minecraft.stone_pressure_plate":2,"stat.useItem.minecraft.dark_oak_door":3,"achievement.openInventory":7373,"stat.pickup.minecraft.potion":5,"stat.useItem.minecraft.wooden_button":37,"stat.useItem.minecraft.dye":401,"stat.mineBlock.minecraft.stone_slab2":57,"stat.useItem.minecraft.beef":2,"stat.mineBlock.minecraft.stone_pressure_plate":20,"stat.useItem.minecraft.nether_brick":2,"stat.drop.minecraft.torch":46,"stat.useItem.minecraft.jukebox":2,"stat.mineBlock.minecraft.tallgrass":93,"achievement.potion":8,"stat.useItem.minecraft.splash_potion":4,"stat.craftItem.minecraft.light_weighted_pressure_plate":1,"stat.useItem.minecraft.stone":813,"stat.pickup.minecraft.arrow":282,"stat.useItem.minecraft.acacia_fence_gate":5,"stat.killEntity.Ghast":22,"stat.useItem.minecraft.ender_chest":18,"stat.pickup.minecraft.acacia_fence_gate":1,"stat.useItem.minecraft.clay":7,"achievement.killCow":1,"stat.mineBlock.minecraft.chest":63,"stat.pickup.minecraft.painting":64,"stat.mineBlock.minecraft.hardened_clay":1293,"stat.craftItem.minecraft.hopper":8,"stat.pickup.minecraft.nether_brick_fence":5,"stat.useItem.minecraft.reeds":7,"stat.pickup.minecraft.birch_boat":1,"stat.pickup.minecraft.wheat_seeds":151,"stat.useItem.minecraft.record_13":2,"stat.mineBlock.minecraft.dirt":1380,"stat.pickup.minecraft.poisonous_potato":2,"stat.drop.minecraft.paper":3,"stat.useItem.minecraft.bread":42,"stat.pickup.minecraft.brewing_stand":2,"stat.useItem.minecraft.record_11":1,"stat.useItem.minecraft.cobblestone":1758,"stat.craftItem.minecraft.leather_boots":12,"stat.useItem.minecraft.gravel":8,"stat.mineBlock.minecraft.double_plant":3,"stat.minecartOneCm":3922032,"stat.mineBlock.minecraft.end_rod":54,"stat.drop.minecraft.carrot":85,"stat.craftItem.minecraft.gold_ingot":52,"stat.pickup.minecraft.hopper":3,"stat.craftItem.minecraft.brewing_stand":2,"stat.useItem.minecraft.tallgrass":1,"stat.pickup.minecraft.apple":11,"stat.useItem.minecraft.fireworks":2,"stat.pickup.minecraft.banner":58,"achievement.portal":265,"stat.itemEnchanted":5,"stat.useItem.minecraft.acacia_boat":1,"stat.mineBlock.minecraft.log":1694,"stat.mineBlock.minecraft.heavy_weighted_pressure_plate":7,"stat.useItem.minecraft.wooden_door":27,"achievement.acquireIron":29,"stat.useItem.minecraft.spruce_door":20,"stat.craftItem.minecraft.paper":105,"stat.pickup.minecraft.red_flower":15,"stat.pickup.minecraft.wool":605,"stat.craftItem.minecraft.trapped_chest":4,"stat.drop.minecraft.grass":1,"stat.pickup.minecraft.trapped_chest":1,"stat.pickup.minecraft.red_sandstone_stairs":8,"stat.mineBlock.minecraft.acacia_stairs":37,"stat.useItem.minecraft.iron_axe":147,"stat.mineBlock.minecraft.yellow_flower":24,"stat.useItem.minecraft.skull":1,"stat.craftItem.minecraft.wool":9,"stat.pickup.minecraft.enchanted_book":4,"stat.pickup.minecraft.glowstone":130,"achievement.buildWorkBench":19,"stat.craftItem.minecraft.arrow":16,"stat.pickup.minecraft.sticky_piston":33,"stat.useItem.minecraft.obsidian":82,"stat.pickup.minecraft.bow":20,"stat.craftItem.minecraft.dark_oak_door":3,"stat.mineBlock.minecraft.detector_rail":36,"stat.useItem.minecraft.egg":2,"stat.craftItem.minecraft.spruce_boat":1,"stat.pickup.minecraft.coal_ore":131,"stat.craftItem.minecraft.cooked_beef":6,"stat.mineBlock.minecraft.obsidian":98,"stat.pickup.minecraft.shears":13,"stat.craftItem.minecraft.bow":1,"stat.pickup.minecraft.iron_trapdoor":93,"stat.craftItem.minecraft.red_sandstone_stairs":36,"stat.flyOneCm":6827894,"stat.pickup.minecraft.sandstone":85,"stat.craftItem.minecraft.furnace_minecart":1,"stat.craftItem.minecraft.stained_glass":656,"stat.timeSinceDeath":1615588,"stat.pickup.minecraft.quartz_ore":890,"stat.craftItem.minecraft.painting":8,"stat.cauldronFilled":1,"stat.useItem.minecraft.potato":190,"stat.pickup.minecraft.chainmail_helmet":4,"stat.pickup.minecraft.nether_wart":9,"stat.pickup.minecraft.spruce_fence":109,"stat.mineBlock.minecraft.coal_ore":705,"stat.craftItem.minecraft.stone_hoe":2,"stat.talkedToVillager":41,"stat.pickup.minecraft.string":78,"stat.mineBlock.minecraft.ladder":164,"stat.useItem.minecraft.written_book":28,"stat.useItem.minecraft.diamond_shovel":3860,"stat.pickup.minecraft.bone_block":28,"stat.mineBlock.minecraft.diamond_ore":19,"achievement.killEnemy":2048,"stat.breakItem.minecraft.iron_shovel":1,"stat.useItem.minecraft.ladder":425,"stat.pickup.minecraft.snowball":184,"stat.diveOneCm":431830,"stat.useItem.minecraft.sticky_piston":36,"stat.craftItem.minecraft.ladder":264,"achievement.buildHoe":4,"stat.mineBlock.minecraft.stone_button":21,"stat.drop.minecraft.ladder":2,"stat.pickup.minecraft.stone_axe":1,"stat.pickup.minecraft.stained_glass_pane":313,"stat.useItem.minecraft.rotten_flesh":99,"stat.craftItem.minecraft.diamond_sword":1,"stat.drop.minecraft.sandstone":47,"stat.jump":54701,"stat.useItem.minecraft.sand":2278,"stat.mineBlock.minecraft.observer":11,"stat.craftItem.minecraft.torch":1356,"achievement.makeBread":1,"stat.craftItem.minecraft.fermented_spider_eye":2,"stat.mineBlock.minecraft.spruce_fence_gate":7,"stat.useItem.minecraft.glass":5,"stat.pickup.minecraft.stone_shovel":3,"stat.useItem.minecraft.sapling":196,"stat.pickup.minecraft.gold_ore":120,"achievement.blazeRod":7,"stat.mineBlock.minecraft.glass_pane":8,"stat.damageTaken":65040,"stat.useItem.minecraft.red_shulker_box":13,"stat.mineBlock.minecraft.sapling":18,"stat.pickup.minecraft.log2":79,"stat.useItem.minecraft.purple_shulker_box":15,"stat.entityKilledBy.ZombieVillager":1,"stat.pickup.minecraft.bed":42,"stat.pickup.minecraft.quartz_block":2280,"stat.pickup.minecraft.potato":432,"stat.entityKilledBy.Zombie":2,"stat.killEntity.Silverfish":4,"stat.craftItem.minecraft.stone_slab":4174,"stat.animalsBred":5,"stat.useItem.minecraft.chest":70,"stat.useItem.minecraft.observer":13,"stat.shulkerBoxOpened":117,"stat.craftItem.minecraft.iron_chestplate":2,"stat.pickup.minecraft.baked_potato":23,"stat.drop.minecraft.potato":157,"stat.pickup.minecraft.ender_pearl":1126,"stat.drop.minecraft.wooden_slab":5,"stat.pickup.minecraft.ladder":217,"stat.useItem.minecraft.netherrack":2595,"stat.craftItem.minecraft.stained_glass_pane":1296,"stat.mineBlock.minecraft.tnt":9,"stat.craftItem.minecraft.bookshelf":6,"stat.useItem.minecraft.tripwire_hook":2,"stat.mineBlock.minecraft.stonebrick":361,"stat.mineBlock.minecraft.glowstone":195,"stat.craftItem.minecraft.shears":3,"stat.useItem.minecraft.cobblestone_wall":325,"stat.pickup.minecraft.iron_horse_armor":1,"stat.useItem.minecraft.writable_book":1,"stat.pickup.minecraft.torch":1356,"stat.drop.minecraft.quartz_block":48,"stat.pickup.minecraft.spruce_boat":2,"stat.craftItem.minecraft.compass":5,"stat.useItem.minecraft.end_bricks":2,"stat.pickup.minecraft.deadbush":54,"stat.craftItem.minecraft.iron_axe":1,"stat.mineBlock.minecraft.purple_shulker_box":13,"stat.drop.minecraft.trapdoor":1,"stat.pickup.minecraft.fishing_rod":2,"stat.useItem.minecraft.planks":396,"stat.mineBlock.minecraft.acacia_fence_gate":2,"stat.pickup.minecraft.porkchop":8,"stat.pickup.minecraft.blaze_powder":1,"stat.useItem.minecraft.red_sandstone_stairs":39,"stat.useItem.minecraft.water_bucket":197,"stat.pickup.minecraft.sand":3117,"stat.craftItem.minecraft.golden_apple":5,"stat.mineBlock.minecraft.jungle_fence_gate":3,"stat.pickup.minecraft.hardened_clay":1250,"stat.pickup.minecraft.name_tag":1,"achievement.diamonds":25,"stat.drop.minecraft.hardened_clay":6,"stat.useItem.minecraft.record_cat":1,"stat.aviateOneCm":4506774,"stat.useItem.minecraft.ender_pearl":661,"achievement.buildBetterPickaxe":24,"stat.craftItem.minecraft.blaze_powder":6,"achievement.breedCow":5,"stat.useItem.minecraft.oak_stairs":32,"stat.mineBlock.minecraft.dark_oak_stairs":1,"stat.useItem.minecraft.dark_oak_stairs":9,"stat.drop.minecraft.stone_slab":11,"stat.pickup.minecraft.fence_gate":2,"stat.pickup.minecraft.filled_map":4,"stat.pickup.minecraft.furnace":45,"stat.useItem.minecraft.redstone":93,"stat.mineBlock.minecraft.end_bricks":2,"stat.mineBlock.minecraft.redstone_lamp":18,"achievement.mineWood":1716,"stat.pickup.minecraft.end_rod":54,"stat.pickup.minecraft.iron_chestplate":5,"stat.useItem.minecraft.stone_stairs":223,"stat.pickup.minecraft.skull":2,"stat.pickup.minecraft.acacia_door":39,"stat.mineBlock.minecraft.red_shulker_box":12,"stat.useItem.minecraft.hopper":11,"stat.craftItem.minecraft.heavy_weighted_pressure_plate":11,"stat.mineBlock.minecraft.oak_stairs":14,"stat.playOneMinute":7125280,"stat.pickup.minecraft.birch_door":2,"stat.drop.minecraft.string":23,"stat.pickup.minecraft.diamond_block":1,"stat.useItem.minecraft.shears":286,"stat.pickup.minecraft.beacon":1,"stat.pickup.minecraft.iron_bars":120,"stat.craftItem.minecraft.carpet":561,"stat.mineBlock.minecraft.netherrack":12115,"stat.craftItem.minecraft.dark_oak_stairs":20,"stat.craftItem.minecraft.golden_rail":192,"stat.useItem.minecraft.quartz_ore":1018,"stat.pickup.minecraft.cooked_chicken":96,"stat.fallOneCm":1407003,"stat.drop.minecraft.dye":1,"stat.craftItem.minecraft.chest":44,"stat.useItem.minecraft.nether_brick_fence":1,"stat.craftItem.minecraft.banner":38,"stat.mineBlock.minecraft.lever":57,"stat.pickup.minecraft.red_mushroom":7,"stat.useItem.minecraft.iron_hoe":62,"stat.pickup.minecraft.comparator":3,"stat.pickup.minecraft.feather":32,"stat.pickup.minecraft.record_cat":1,"stat.mineBlock.minecraft.spruce_fence":116,"stat.pickup.minecraft.lead":1,"stat.useItem.minecraft.stone_pickaxe":397,"stat.useItem.minecraft.stone_sword":122,"stat.craftItem.minecraft.iron_leggings":2,"stat.pickup.minecraft.redstone_ore":20,"stat.craftItem.minecraft.oak_stairs":24,"stat.pickup.minecraft.chainmail_boots":3,"stat.drop.minecraft.stick":62,"stat.useItem.minecraft.iron_bars":315,"stat.pickup.minecraft.record_13":2,"stat.mineBlock.minecraft.quartz_stairs":599,"stat.mineBlock.minecraft.monster_egg":4,"stat.pickup.minecraft.record_11":2,"stat.useItem.minecraft.bone_block":32,"stat.killEntity.LavaSlime":65,"stat.pickup.minecraft.log":1737,"achievement.theEnd2":1,"stat.mineBlock.minecraft.golden_rail":60,"stat.pickup.minecraft.tallgrass":1,"stat.pickup.minecraft.chainmail_leggings":3,"stat.mineBlock.minecraft.iron_block":142,"stat.mineBlock.minecraft.tripwire_hook":2,"stat.pickup.minecraft.diamond_helmet":8,"stat.useItem.minecraft.stone_hoe":59,"stat.craftItem.minecraft.flower_pot":5,"stat.useItem.minecraft.beetroot_seeds":56,"stat.sneakTime":209291,"stat.mineBlock.minecraft.cobblestone_wall":134,"stat.entityKilledBy.Blaze":1,"stat.useItem.minecraft.brewing_stand":4,"stat.mineBlock.minecraft.jukebox":1,"stat.useItem.minecraft.beetroot":2,"stat.pickup.minecraft.chest":64,"stat.craftItem.minecraft.leather_leggings":6,"stat.pickup.minecraft.stone_pressure_plate":31,"stat.useItem.minecraft.repeater":9,"stat.craftItem.minecraft.stone_brick_stairs":388,"stat.craftItem.minecraft.acacia_fence_gate":4,"stat.craftItem.minecraft.iron_trapdoor":85,"stat.swimOneCm":384906,"stat.mineBlock.minecraft.diamond_block":1,"stat.mineBlock.minecraft.spruce_stairs":146,"stat.drop.minecraft.brown_mushroom":1,"stat.useItem.minecraft.dirt":869,"achievement.exploreAllBiomes":{"value":0,"progress":["Sunflower Plains","Desert M","Birch Forest","Roofed Forest","The End","Beach","Mesa Plateau","Ocean","River","Taiga","Swampland","Birch Forest Hills","Savanna Plateau","Mesa Plateau F","Mesa","ForestHills","Plains","DesertHills","Stone Beach","Jungle","Forest","JungleHills","Desert","Extreme Hills","Deep Ocean","Savanna","Hell"]},"stat.useItem.minecraft.detector_rail":66,"stat.drop.minecraft.ender_pearl":8,"stat.mineBlock.minecraft.magma":53,"stat.pickup.minecraft.quartz_stairs":598,"stat.mineBlock.minecraft.carpet":224,"stat.mineBlock.minecraft.redstone_block":3,"stat.useItem.minecraft.stone_shovel":198,"stat.pickup.minecraft.clay":18,"stat.pickup.minecraft.glass_bottle":6,"stat.useItem.minecraft.red_mushroom":2,"stat.craftItem.minecraft.wooden_slab":1086,"stat.useItem.minecraft.sign":72,"stat.pickup.minecraft.mutton":11,"achievement.theEnd":4,"stat.useItem.minecraft.lever":262,"stat.mineBlock.minecraft.coal_block":7,"stat.pickup.minecraft.dark_oak_door":1,"stat.craftItem.minecraft.red_sandstone":138,"stat.pickup.minecraft.stonebrick":360,"stat.pickup.minecraft.redstone_lamp":19,"stat.useItem.minecraft.acacia_stairs":59,"stat.mineBlock.minecraft.nether_brick":15,"stat.mineBlock.minecraft.red_sandstone_stairs":9,"stat.craftItem.minecraft.stone_slab2":228,"stat.useItem.minecraft.stone_slab":5677,"stat.useItem.minecraft.bed":40,"stat.craftItem.minecraft.stone":495,"stat.craftItem.minecraft.armor_stand":4,"stat.mineBlock.minecraft.crafting_table":80,"stat.mineBlock.minecraft.quartz_block":1715,"stat.useItem.minecraft.diamond_pickaxe":46069,"stat.useItem.minecraft.carrot":220,"stat.killEntity.Endermite":4,"stat.useItem.minecraft.bucket":202,"achievement.buildFurnace":46,"stat.pickup.minecraft.stone_button":54,"stat.pickup.minecraft.slime_ball":120,"stat.drop.minecraft.blaze_rod":1,"stat.craftItem.minecraft.diamond_pickaxe":5,"stat.craftItem.minecraft.jukebox":1,"stat.pickup.minecraft.gravel":132,"stat.useItem.minecraft.glass_bottle":3,"stat.useItem.minecraft.diamond_axe":3343,"stat.pickup.minecraft.red_shulker_box":14,"stat.useItem.minecraft.stained_glass_pane":1395,"stat.pickup.minecraft.stone_brick_stairs":299,"stat.pickup.minecraft.diamond_sword":11,"stat.pickup.minecraft.iron_helmet":5,"stat.useItem.minecraft.piston":42,"stat.craftItem.minecraft.bread":1,"stat.pickup.minecraft.spider_eye":17,"stat.useItem.minecraft.stone_button":50,"stat.useItem.minecraft.cooked_chicken":518,"stat.pickup.minecraft.iron_ore":330,"stat.mineBlock.minecraft.iron_bars":106,"stat.pickup.minecraft.leaves":167,"stat.pickup.minecraft.leather":2,"stat.useItem.minecraft.wooden_pickaxe":9,"stat.pickup.minecraft.prismarine_crystals":59,"stat.pickup.minecraft.reeds":168,"stat.useItem.minecraft.magma":16,"stat.craftItem.minecraft.glass":876,"stat.drop.minecraft.cooked_chicken":1,"stat.craftItem.minecraft.cauldron":1,"stat.sleepInBed":194,"stat.craftItem.minecraft.baked_potato":77,"stat.killEntity.Cow":3,"stat.pickup.minecraft.minecart":83,"stat.killEntity.Pig":6,"stat.craftItem.minecraft.iron_sword":1,"stat.pickup.minecraft.piston":44,"stat.walkOneCm":30929847,"stat.pickup.minecraft.clay_ball":36,"stat.mineBlock.minecraft.trapped_chest":1,"stat.useItem.minecraft.spruce_boat":3,"stat.pickup.minecraft.tnt":9,"stat.pickup.minecraft.stone":6051,"stat.mineBlock.minecraft.wool":28,"stat.craftItem.minecraft.hay_block":7,"stat.useItem.minecraft.leaves":32,"stat.craftItem.minecraft.minecart":3,"stat.pickup.minecraft.gold_ingot":1,"stat.killEntity.Skeleton":138,"stat.mineBlock.minecraft.cactus":81,"stat.drop.minecraft.chainmail_boots":1,"stat.mineBlock.minecraft.redstone_torch":33,"stat.killEntity.Spider":59,"stat.pickup.minecraft.bread":15,"stat.craftItem.minecraft.spruce_fence":174,"stat.pickup.minecraft.quartz":17155,"stat.pickup.minecraft.water_bucket":10,"stat.pickup.minecraft.spruce_stairs":160,"stat.mineBlock.minecraft.redstone_ore":106,"stat.pickup.minecraft.elytra":12,"stat.craftItem.minecraft.coal_block":11,"stat.craftItem.minecraft.brick":32,"stat.mineBlock.minecraft.stone":11925}