{"stat.craftItem.minecraft.chorus_fruit_popped":96,"stat.useItem.minecraft.bow":5264,"stat.craftItem.minecraft.acacia_boat":5,"stat.useItem.minecraft.painting":19,"stat.useItem.minecraft.quartz_block":181,"stat.drop.minecraft.gunpowder":18,"achievement.killWither":1,"stat.pickup.minecraft.dark_oak_boat":18,"stat.mineBlock.minecraft.stained_glass":292,"stat.drop.minecraft.enchanted_book":10,"stat.mineBlock.minecraft.web":27,"achievement.snipeSkeleton":1,"stat.pickup.minecraft.rotten_flesh":1852,"stat.mineBlock.minecraft.purpur_stairs":10,"stat.craftItem.minecraft.stone_axe":3,"stat.drop.minecraft.leather_boots":2,"stat.useItem.minecraft.vine":104,"stat.pickup.minecraft.cobblestone_wall":20,"stat.pickup.minecraft.bucket":15,"stat.useItem.minecraft.rail":177,"stat.killEntity.Enderman":16863,"stat.drop.minecraft.elytra":2,"stat.useItem.minecraft.anvil":17,"stat.craftItem.minecraft.iron_shovel":2,"stat.pickup.minecraft.brown_mushroom":54,"achievement.buildPickaxe":39,"stat.mineBlock.minecraft.end_stone":628,"stat.killEntity.Villager":2,"stat.useItem.minecraft.iron_pickaxe":2656,"stat.pickup.minecraft.stained_hardened_clay":5815,"stat.pickup.minecraft.double_plant":15,"stat.craftItem.minecraft.glass_pane":112,"stat.useItem.minecraft.hardened_clay":1818,"stat.furnaceInteraction":893,"stat.useItem.minecraft.nether_wart":1317,"stat.mineBlock.minecraft.chorus_plant":21,"stat.useItem.minecraft.end_stone":615,"stat.drop.minecraft.cactus":1,"stat.useItem.minecraft.fence":147,"stat.useItem.minecraft.acacia_fence":183,"stat.craftItem.minecraft.daylight_detector":193,"stat.useItem.minecraft.cauldron":8,"stat.mineBlock.minecraft.fence":103,"stat.useItem.minecraft.flint_and_steel":28,"stat.useItem.minecraft.wheat_seeds":828,"stat.mineBlock.minecraft.sea_lantern":72,"stat.killEntity.Husk":3,"stat.pickup.minecraft.emerald":58,"stat.craftItem.minecraft.dark_oak_boat":8,"stat.pickup.minecraft.lever":24,"stat.deaths":62,"stat.pickup.minecraft.bowl":8,"stat.pickup.minecraft.egg":787,"stat.craftItem.minecraft.melon_seeds":32,"stat.craftItem.minecraft.item_frame":116,"stat.craftItem.minecraft.wooden_shovel":24,"stat.craftItem.minecraft.iron_pickaxe":13,"stat.pickup.minecraft.glass_pane":37,"stat.pickup.minecraft.item_frame":185,"stat.pickup.minecraft.sea_lantern":88,"stat.drop.minecraft.iron_ingot":7,"stat.craftItem.minecraft.repeater":285,"stat.chestOpened":11638,"stat.useItem.minecraft.lapis_ore":195,"stat.craftItem.minecraft.mossy_cobblestone":9,"stat.craftItem.minecraft.sign":75,"stat.useItem.minecraft.jungle_fence":212,"stat.pickup.minecraft.iron_sword":6,"stat.killEntity.Vex":1,"stat.pickup.minecraft.lapis_ore":217,"stat.craftItem.minecraft.quartz_block":525,"stat.pickup.minecraft.gold_nugget":2,"stat.pickup.minecraft.chorus_flower":15,"stat.drop.minecraft.banner":1,"stat.craftItem.minecraft.coal":501,"stat.pickup.minecraft.carrot":824,"stat.crouchOneCm":3070340,"stat.craftItem.minecraft.diamond":1323,"stat.pickup.minecraft.rail":182,"stat.craftItem.minecraft.iron_ingot":1846,"stat.pickup.minecraft.ender_chest":69,"stat.craftingTableInteraction":1130,"stat.pickup.minecraft.repeater":14,"stat.mineBlock.minecraft.log2":2765,"stat.pickup.minecraft.wooden_pickaxe":4,"stat.drop.minecraft.double_plant":2,"stat.useItem.minecraft.dark_oak_fence":58,"stat.pickup.minecraft.dye":4166,"stat.mineBlock.minecraft.jungle_fence":66,"stat.pickup.minecraft.planks":884,"stat.drop.minecraft.minecart":1,"stat.drop.minecraft.carpet":1,"stat.mineBlock.minecraft.ender_chest":60,"stat.pickup.minecraft.ice":567,"stat.mineBlock.minecraft.daylight_detector":1,"stat.killEntity.VindicationIllager":14,"stat.flowerPotted":23,"stat.drop.minecraft.rotten_flesh":263,"stat.pickup.minecraft.magma":326,"stat.useItem.minecraft.jungle_fence_gate":10,"stat.useItem.minecraft.yellow_flower":4,"stat.drop.minecraft.sapling":3,"stat.pickup.minecraft.chicken":2,"stat.useItem.minecraft.glass_pane":109,"stat.pickup.minecraft.end_stone":716,"stat.breakItem.minecraft.stone_shovel":2,"stat.pickup.minecraft.coal_block":48,"stat.craftItem.minecraft.bucket":10,"stat.craftItem.minecraft.planks":13600,"stat.useItem.minecraft.iron_sword":579,"stat.craftItem.minecraft.dirt":256,"stat.mineBlock.minecraft.prismarine":25,"stat.pickup.minecraft.stone_sword":17,"stat.craftItem.minecraft.fishing_rod":20,"stat.useItem.minecraft.daylight_detector":3,"stat.useItem.minecraft.stonebrick":184,"stat.pickup.minecraft.iron_door":8,"stat.drop.minecraft.leather_leggings":1,"stat.pickup.minecraft.red_nether_brick":8,"stat.pickup.minecraft.cooked_fish":798,"stat.craftItem.minecraft.spruce_door":6,"stat.pickup.minecraft.tripwire_hook":8,"stat.craftItem.minecraft.jungle_boat":4,"stat.drop.minecraft.lapis_ore":5,"stat.pickup.minecraft.bookshelf":2,"stat.mineBlock.minecraft.cobblestone":2122,"stat.mineBlock.minecraft.pumpkin":27,"stat.useItem.minecraft.beacon":3,"stat.pickup.minecraft.stone_pickaxe":4,"stat.pickup.minecraft.flint":51,"stat.craftItem.minecraft.quartz_stairs":4,"stat.breakItem.minecraft.diamond_leggings":1,"stat.pickup.minecraft.leather_chestplate":18,"stat.mineBlock.minecraft.concrete":4,"stat.mineBlock.minecraft.stained_glass_pane":25,"stat.drop.minecraft.purpur_slab":6,"stat.drop.minecraft.end_bricks":18,"stat.drop.minecraft.cobblestone":531,"stat.pickup.minecraft.cooked_porkchop":17,"stat.useItem.minecraft.coal_block":30,"stat.breakItem.minecraft.iron_pickaxe":10,"stat.pickup.minecraft.iron_boots":14,"stat.pickup.minecraft.stone_hoe":2,"stat.craftItem.minecraft.furnace":37,"stat.craftItem.minecraft.lapis_block":377,"stat.drop.minecraft.golden_helmet":2,"stat.craftItem.minecraft.iron_boots":3,"stat.useItem.minecraft.spruce_fence_gate":7,"stat.mineBlock.minecraft.clay":95,"stat.pickup.minecraft.diamond_leggings":13,"stat.drop.minecraft.iron_helmet":1,"stat.useItem.minecraft.melon_block":7,"stat.useItem.minecraft.wooden_slab":1750,"stat.drop.minecraft.spider_eye":13,"stat.craftItem.minecraft.beacon":2,"stat.useItem.minecraft.iron_door":13,"stat.craftItem.minecraft.iron_block":159,"stat.craftItem.minecraft.stonebrick":976,"stat.breakItem.minecraft.diamond_pickaxe":1,"stat.drop.minecraft.wool":26,"stat.killEntity.Creeper":140,"stat.useItem.minecraft.armor_stand":5,"stat.breakItem.minecraft.iron_sword":2,"stat.pickup.minecraft.wooden_sword":6,"stat.drop.minecraft.ender_chest":2,"stat.craftItem.minecraft.jungle_stairs":584,"stat.entityKilledBy.Skeleton":1,"achievement.buildSword":29,"stat.sprintOneCm":31546695,"stat.useItem.minecraft.diamond_block":11,"stat.mineBlock.minecraft.stone_slab":902,"stat.drop.minecraft.leather":63,"stat.useItem.minecraft.snowball":11,"stat.pickup.minecraft.leather_leggings":14,"stat.craftItem.minecraft.redstone_lamp":861,"stat.drop.minecraft.boat":3,"stat.drop.minecraft.cobblestone_wall":1,"stat.pickup.minecraft.sugar":10,"stat.pickup.minecraft.vine":120,"stat.useItem.minecraft.banner":35,"stat.craftItem.minecraft.emerald":68,"stat.pickup.minecraft.iron_block":225,"stat.killEntity.Zombie":1069,"stat.craftItem.minecraft.dye":5233,"stat.craftItem.minecraft.diamond_axe":10,"stat.mineBlock.minecraft.gold_ore":443,"stat.drop.minecraft.diamond_pickaxe":2,"stat.craftItem.minecraft.slime_ball":9,"stat.pickup.minecraft.wheat":636,"stat.craftItem.minecraft.purpur_pillar":26,"stat.mineBlock.minecraft.mossy_cobblestone":9,"stat.drop.minecraft.purpur_stairs":1,"stat.pickup.minecraft.sign":64,"stat.drop.minecraft.bookshelf":1,"stat.craftItem.minecraft.cooked_porkchop":12,"stat.pickup.minecraft.obsidian":707,"stat.useItem.minecraft.heavy_weighted_pressure_plate":3,"stat.useItem.minecraft.iron_trapdoor":36,"stat.pickup.minecraft.coal":2955,"stat.pickup.minecraft.iron_ingot":70,"stat.useItem.minecraft.dark_oak_boat":18,"stat.craftItem.minecraft.lever":3,"stat.drop.minecraft.diamond_sword":3,"stat.drop.minecraft.wooden_sword":1,"stat.pickup.minecraft.gunpowder":240,"stat.pickup.minecraft.dirt":3190,"stat.useItem.minecraft.coal_ore":1039,"stat.mineBlock.minecraft.lapis_ore":443,"stat.pickup.minecraft.iron_axe":3,"stat.brewingstandInteraction":53,"stat.useItem.minecraft.stone_brick_stairs":385,"stat.mineBlock.minecraft.torch":662,"stat.mineBlock.minecraft.red_flower":63,"stat.pickup.minecraft.written_book":15,"stat.tradedWithVillager":45,"stat.useItem.minecraft.acacia_door":10,"stat.pickup.minecraft.magma_cream":16,"stat.pickup.minecraft.ender_eye":2,"stat.noteblockTuned":5,"stat.craftItem.minecraft.comparator":201,"stat.craftItem.minecraft.glowstone":554,"stat.useItem.minecraft.birch_fence":8,"stat.pickup.minecraft.rabbit_hide":4,"stat.pickup.minecraft.diamond_axe":21,"stat.pickup.minecraft.shulker_shell":428,"stat.drop.minecraft.wheat":2,"stat.pickup.minecraft.diamond_pickaxe":58,"stat.useItem.minecraft.gold_ore":1,"stat.useItem.minecraft.lava_bucket":4,"stat.drop.minecraft.netherrack":42,"stat.useItem.minecraft.melon":7,"stat.useItem.minecraft.item_frame":313,"stat.useItem.minecraft.stained_hardened_clay":2276,"stat.useItem.minecraft.redstone_ore":1000,"stat.pickup.minecraft.cooked_beef":641,"stat.useItem.minecraft.concrete":4,"stat.mineBlock.minecraft.purpur_slab":11,"stat.pickup.minecraft.dark_oak_stairs":24,"stat.mobKills":20539,"stat.pickup.minecraft.diamond_boots":11,"stat.mineBlock.minecraft.bookshelf":2,"stat.useItem.minecraft.boat":18,"stat.useItem.minecraft.mossy_cobblestone":9,"stat.craftItem.minecraft.lead":4,"stat.pickup.minecraft.diamond":862,"stat.pickup.minecraft.beetroot_seeds":382,"stat.craftItem.minecraft.spruce_stairs":148,"stat.craftItem.minecraft.map":1,"stat.breakItem.minecraft.stone_sword":1,"stat.useItem.minecraft.string":6,"stat.useItem.minecraft.bookshelf":19,"stat.useItem.minecraft.soul_sand":15,"stat.killEntity.Blaze":38,"stat.drop.minecraft.skull":1,"stat.pickup.minecraft.golden_boots":24,"stat.pickup.minecraft.glowstone_dust":311,"stat.mineBlock.minecraft.red_mushroom":17,"achievement.overpowered":1,"stat.mineBlock.minecraft.stone_brick_stairs":61,"stat.mineBlock.minecraft.nether_brick_fence":1,"stat.drop.minecraft.golden_leggings":1,"stat.craftItem.minecraft.cobblestone_wall":72,"stat.craftItem.minecraft.stone_sword":9,"stat.mineBlock.minecraft.snow_layer":302,"stat.pickup.minecraft.chainmail_chestplate":2,"stat.mineBlock.minecraft.sand":1421,"stat.craftItem.minecraft.wooden_hoe":2,"stat.hopperInspected":112,"stat.drop.minecraft.diamond":80,"stat.pickup.minecraft.packed_ice":567,"stat.pickup.minecraft.ghast_tear":3,"stat.pickup.minecraft.armor_stand":3,"stat.trappedChestTriggered":1074,"stat.drop.minecraft.rail":4,"stat.craftItem.minecraft.acacia_stairs":420,"stat.craftItem.minecraft.pumpkin_seeds":12,"stat.drop.minecraft.purple_shulker_box":7,"stat.drop.minecraft.wooden_pressure_plate":1,"stat.useItem.minecraft.minecart":11,"stat.drop.minecraft.stained_hardened_clay":221,"stat.pickup.minecraft.totem_of_undying":2,"stat.pickup.minecraft.stone_stairs":498,"stat.pickup.minecraft.acacia_stairs":125,"stat.pickup.minecraft.pumpkin_seeds":23,"stat.pickup.minecraft.saddle":8,"stat.mineBlock.minecraft.soul_sand":19,"stat.mineBlock.minecraft.jungle_stairs":61,"achievement.ghast":6,"stat.pickup.minecraft.blaze_rod":96,"stat.craftItem.minecraft.diamond_block":233,"stat.drop.minecraft.chest":119,"stat.pickup.minecraft.netherrack":1587,"stat.pickup.minecraft.pumpkin":44,"stat.pickup.minecraft.spruce_door":3,"stat.mineBlock.minecraft.ice":609,"stat.craftItem.minecraft.redstone_torch":1947,"stat.mineBlock.minecraft.gold_block":1,"stat.craftItem.minecraft.iron_hoe":2,"stat.useItem.minecraft.experience_bottle":1,"stat.drop.minecraft.stone":409,"stat.useItem.minecraft.trapped_chest":17,"stat.pickup.minecraft.melon_seeds":9,"stat.drop.minecraft.gold_ore":7,"stat.pickup.minecraft.golden_leggings":18,"stat.pickup.minecraft.melon":330,"stat.drop.minecraft.stained_glass_pane":64,"stat.dropperInspected":14,"stat.mineBlock.minecraft.nether_wart_block":8,"stat.pickup.minecraft.emerald_ore":18,"stat.useItem.minecraft.golden_rail":26,"stat.drop.minecraft.bone":145,"stat.craftItem.minecraft.wooden_button":4,"stat.useItem.minecraft.furnace":43,"stat.pickup.minecraft.iron_leggings":11,"stat.mineBlock.minecraft.snow":105,"stat.mineBlock.minecraft.gravel":1112,"stat.breakItem.minecraft.stone_axe":1,"stat.mineBlock.minecraft.beacon":1,"stat.breakItem.minecraft.diamond_axe":1,"stat.useItem.minecraft.wool":140,"stat.drop.minecraft.iron_axe":3,"stat.pickup.minecraft.flint_and_steel":4,"stat.useItem.minecraft.torch":2709,"stat.pickup.minecraft.golden_apple":5,"stat.craftItem.minecraft.redstone_block":944,"stat.craftItem.minecraft.stone_stairs":372,"stat.pickup.minecraft.crafting_table":65,"stat.useItem.minecraft.log":2529,"stat.craftItem.minecraft.crafting_table":41,"stat.drop.minecraft.end_stone":7,"stat.craftItem.minecraft.boat":6,"stat.pickup.minecraft.iron_hoe":2,"stat.mineBlock.minecraft.emerald_ore":22,"stat.pickup.minecraft.redstone_block":182,"stat.useItem.minecraft.cooked_fish":541,"stat.useItem.minecraft.nether_wart_block":39,"stat.drop.minecraft.stonebrick":11,"stat.craftItem.minecraft.stone_button":19,"stat.drop.minecraft.planks":64,"stat.pickup.minecraft.sapling":1793,"stat.drop.minecraft.bow":4,"stat.pickup.minecraft.beetroot":181,"stat.useItem.minecraft.wooden_pressure_plate":6,"stat.craftItem.minecraft.sugar":13,"stat.drop.minecraft.bucket":2,"stat.craftItem.minecraft.spruce_fence_gate":8,"stat.useItem.minecraft.baked_potato":818,"stat.pickup.minecraft.stone_slab":1318,"stat.drop.minecraft.yellow_flower":1,"stat.pickup.minecraft.yellow_flower":201,"stat.pickup.minecraft.golden_rail":26,"stat.useItem.minecraft.fishing_rod":2360,"stat.craftItem.minecraft.jungle_door":6,"stat.craftItem.minecraft.diamond_chestplate":6,"stat.pickup.minecraft.bone":2017,"stat.pickup.minecraft.redstone_torch":47,"stat.horseOneCm":10569105,"stat.useItem.minecraft.log2":2318,"stat.drop.minecraft.glowstone_dust":2,"stat.mineBlock.minecraft.brown_mushroom":31,"stat.mineBlock.minecraft.acacia_fence":120,"stat.useItem.minecraft.diamond_sword":5835,"stat.craftItem.minecraft.diamond_helmet":10,"stat.climbOneCm":1275213,"stat.useItem.minecraft.end_rod":21,"stat.craftItem.minecraft.gold_block":258,"stat.enderchestOpened":1286,"stat.useItem.minecraft.redstone_torch":94,"stat.pickup.minecraft.golden_helmet":17,"stat.drop.minecraft.quartz":1,"stat.craftItem.minecraft.purple_shulker_box":165,"stat.entityKilledBy.Endermite":1,"stat.useItem.minecraft.red_flower":3,"stat.pickup.minecraft.daylight_detector":5,"stat.craftItem.minecraft.bone_block":128,"stat.pickup.minecraft.anvil":12,"stat.useItem.minecraft.iron_ore":3,"stat.craftItem.minecraft.trapdoor":132,"stat.craftItem.minecraft.stone_pickaxe":2,"stat.pickup.minecraft.cobblestone":19200,"stat.craftItem.minecraft.glass_bottle":78,"stat.pickup.minecraft.soul_sand":9,"stat.useItem.minecraft.cooked_beef":650,"stat.pickup.minecraft.cactus":148,"stat.pickup.minecraft.dragon_egg":1,"stat.pickup.minecraft.acacia_boat":4,"stat.pickup.minecraft.redstone":7766,"stat.mineBlock.minecraft.iron_ore":1322,"stat.craftItem.minecraft.book":118,"stat.craftItem.minecraft.acacia_door":9,"stat.pickup.minecraft.mossy_cobblestone":7,"stat.drop.minecraft.coal":5,"achievement.spawnWither":1,"stat.drop.minecraft.dirt":28,"stat.useItem.minecraft.cooked_porkchop":72,"stat.pickup.minecraft.iron_shovel":5,"stat.pickup.minecraft.carpet":33,"stat.pickup.minecraft.trapdoor":150,"stat.pickup.minecraft.diamond_shovel":19,"stat.craftItem.minecraft.acacia_fence":222,"stat.pickup.minecraft.jungle_stairs":73,"stat.useItem.minecraft.sea_lantern":167,"stat.pickup.minecraft.nether_star":3,"stat.useItem.minecraft.spruce_fence":823,"stat.pickup.minecraft.paper":100,"stat.pickup.minecraft.jungle_fence_gate":7,"stat.craftItem.minecraft.stick":5348,"stat.craftItem.minecraft.stained_hardened_clay":1320,"stat.craftItem.minecraft.gold_nugget":36,"stat.entityKilledBy.Shulker":1,"stat.pickup.minecraft.grass":467,"stat.useItem.minecraft.stone_pressure_plate":1,"stat.drop.minecraft.leaves":49,"stat.pickup.minecraft.diamond_chestplate":12,"stat.entityKilledBy.Creeper":2,"stat.breakItem.minecraft.shears":2,"stat.mineBlock.minecraft.planks":210,"stat.drop":868,"stat.pickup.minecraft.golden_chestplate":12,"stat.useItem.minecraft.melon_seeds":15,"stat.drop.minecraft.bread":6,"stat.pickup.minecraft.purpur_pillar":66,"stat.drop.minecraft.nether_wart":12,"stat.useItem.minecraft.quartz_stairs":4,"stat.drop.minecraft.cooked_beef":24,"stat.killEntity.EvocationIllager":2,"stat.killEntity.Slime":4,"stat.mineBlock.minecraft.anvil":11,"stat.pickup.minecraft.purple_shulker_box":36,"stat.useItem.minecraft.apple":10,"stat.mineBlock.minecraft.deadbush":49,"stat.drop.minecraft.chainmail_helmet":1,"stat.useItem.minecraft.carpet":59,"stat.useItem.minecraft.potion":18,"stat.mineBlock.minecraft.purpur_pillar":69,"stat.useItem.minecraft.flower_pot":27,"stat.pickup.minecraft.fence":171,"stat.useItem.minecraft.stone_axe":380,"stat.craftItem.minecraft.iron_helmet":5,"stat.craftItem.minecraft.rail":320,"stat.drop.minecraft.glass":1,"stat.boatOneCm":2089369,"stat.craftItem.minecraft.flint_and_steel":3,"stat.useItem.minecraft.redstone_lamp":36,"stat.mineBlock.minecraft.leaves2":507,"stat.mineBlock.minecraft.stone_stairs":274,"stat.craftItem.minecraft.iron_bars":80,"stat.mineBlock.minecraft.furnace":18,"stat.pickup.minecraft.dark_oak_fence":10,"stat.drop.minecraft.water_bucket":2,"stat.killEntity.CaveSpider":932,"stat.craftItem.minecraft.netherbrick":192,"stat.craftItem.minecraft.birch_fence":15,"stat.pickup.minecraft.oak_stairs":59,"stat.pickup.minecraft.stained_glass":308,"stat.damageDealt":304115,"stat.craftItem.minecraft.bowl":4,"stat.craftItem.minecraft.anvil":10,"stat.pickup.minecraft.end_bricks":25,"stat.mineBlock.minecraft.nether_brick_stairs":1,"stat.useItem.minecraft.crafting_table":70,"stat.pickup.minecraft.boat":24,"stat.craftItem.minecraft.stone_shovel":1,"stat.pickup.minecraft.stick":593,"achievement.enchantments":2,"stat.breakItem.minecraft.stone_pickaxe":1,"stat.craftItem.minecraft.diamond_boots":7,"stat.useItem.minecraft.redstone_block":39,"stat.drop.minecraft.leather_chestplate":2,"stat.useItem.minecraft.spruce_stairs":108,"stat.craftItem.minecraft.redstone":8105,"stat.pickup.minecraft.chorus_fruit":255,"stat.useItem.minecraft.cactus":12,"stat.craftItem.minecraft.red_nether_brick":96,"stat.drop.minecraft.purpur_block":11,"stat.drop.minecraft.crafting_table":1,"stat.useItem.minecraft.iron_block":338,"stat.mineBlock.minecraft.quartz_ore":1011,"stat.pickup.minecraft.concrete_powder":344,"stat.pickup.minecraft.dragon_breath":65,"stat.craftItem.minecraft.fence":75,"stat.craftItem.minecraft.jungle_fence":246,"stat.useItem.minecraft.golden_apple":3,"stat.mineBlock.minecraft.leaves":2098,"stat.craftItem.minecraft.purpur_slab":120,"stat.mineBlock.minecraft.bone_block":1,"stat.craftItem.minecraft.tripwire_hook":28,"achievement.cookFish":73,"stat.beaconInteraction":8,"stat.pickup.minecraft.wooden_slab":659,"stat.leaveGame":312,"stat.pickup.minecraft.jungle_fence":110,"stat.useItem.minecraft.glowstone":309,"stat.mineBlock.minecraft.sandstone":39,"stat.craftItem.minecraft.stone_pressure_plate":1,"stat.pickup.minecraft.leaves2":1,"achievement.diamondsToYou":8,"stat.useItem.minecraft.birch_boat":11,"stat.useItem.minecraft.purpur_stairs":92,"stat.mineBlock.minecraft.wooden_slab":509,"stat.pickup.minecraft.leather_boots":17,"stat.killEntity.Witch":13,"stat.drop.minecraft.sand":101,"stat.drop.minecraft.gold_ingot":8,"stat.craftItem.minecraft.wooden_pickaxe":1,"stat.craftItem.minecraft.iron_door":6,"stat.useItem.minecraft.iron_shovel":529,"stat.drop.minecraft.chainmail_leggings":1,"stat.craftItem.minecraft.bed":2,"stat.mineBlock.minecraft.vine":165,"stat.mineBlock.minecraft.hopper":9,"stat.pickup.minecraft.melon_block":6,"stat.drop.minecraft.gravel":3,"stat.mineBlock.minecraft.rail":29,"stat.useItem.minecraft.pumpkin_seeds":8,"stat.killEntity.ZombieVillager":2,"stat.noteblockPlayed":9,"stat.pickup.minecraft.prismarine":25,"stat.pickup.minecraft.beef":31,"stat.pickup.minecraft.leather_helmet":12,"stat.pickup.minecraft.cauldron":1,"stat.mineBlock.minecraft.stained_hardened_clay":3883,"stat.useItem.minecraft.trapdoor":127,"stat.useItem.minecraft.stained_glass":828,"stat.useItem.minecraft.dark_oak_door":19,"stat.useItem.minecraft.ice":21,"achievement.openInventory":12014,"stat.pickup.minecraft.potion":17,"stat.useItem.minecraft.wooden_button":4,"stat.useItem.minecraft.dye":2842,"stat.mineBlock.minecraft.stone_pressure_plate":1,"stat.drop.minecraft.torch":90,"stat.drop.minecraft.glass_bottle":1,"stat.mineBlock.minecraft.tallgrass":948,"achievement.potion":20,"stat.useItem.minecraft.splash_potion":1,"stat.useItem.minecraft.stone":1512,"stat.pickup.minecraft.arrow":3841,"stat.killEntity.Ghast":18,"stat.useItem.minecraft.ender_chest":59,"stat.useItem.minecraft.clay":7,"achievement.killCow":18,"stat.mineBlock.minecraft.chest":153,"stat.pickup.minecraft.painting":9,"stat.mineBlock.minecraft.hardened_clay":3997,"stat.mineBlock.minecraft.concrete_powder":3,"stat.useItem.minecraft.emerald_ore":11,"stat.drop.minecraft.concrete_powder":128,"stat.pickup.minecraft.nether_brick_fence":1,"stat.useItem.minecraft.reeds":37,"stat.pickup.minecraft.birch_boat":17,"stat.craftItem.minecraft.wooden_sword":5,"stat.craftItem.minecraft.diamond_shovel":6,"stat.pickup.minecraft.wheat_seeds":1791,"stat.mineBlock.minecraft.glass":12,"stat.useItem.minecraft.enchanting_table":1,"stat.mineBlock.minecraft.dirt":2592,"stat.pickup.minecraft.poisonous_potato":15,"stat.drop.minecraft.paper":80,"stat.useItem.minecraft.bread":155,"stat.pickup.minecraft.brewing_stand":5,"stat.useItem.minecraft.cobblestone":5179,"stat.useItem.minecraft.gravel":13,"stat.mineBlock.minecraft.double_plant":11,"stat.minecartOneCm":497445,"stat.breakItem.minecraft.golden_helmet":1,"stat.pickup.minecraft.iron_pickaxe":4,"stat.mineBlock.minecraft.end_rod":46,"stat.drop.minecraft.carrot":30,"stat.craftItem.minecraft.gold_ingot":585,"stat.pickup.minecraft.hopper":7,"stat.craftItem.minecraft.brewing_stand":2,"stat.useItem.minecraft.tallgrass":37,"stat.pickup.minecraft.apple":73,"stat.useItem.minecraft.fireworks":31,"stat.pickup.minecraft.banner":48,"achievement.portal":713,"stat.itemEnchanted":140,"stat.useItem.minecraft.acacia_boat":2,"stat.mineBlock.minecraft.log":5281,"achievement.acquireIron":77,"stat.useItem.minecraft.spruce_door":7,"stat.craftItem.minecraft.paper":690,"stat.pickup.minecraft.red_flower":1524,"stat.pickup.minecraft.wool":310,"stat.useItem.minecraft.chorus_fruit":6,"stat.useItem.minecraft.wooden_axe":60,"stat.craftItem.minecraft.trapped_chest":17,"stat.drop.minecraft.grass":157,"stat.pickup.minecraft.trapped_chest":2,"stat.cakeSlicesEaten":15,"stat.craftItem.minecraft.diamond_leggings":4,"stat.mineBlock.minecraft.acacia_stairs":109,"stat.mineBlock.minecraft.yellow_flower":79,"stat.useItem.minecraft.skull":10,"stat.craftItem.minecraft.wool":51,"stat.drop.minecraft.saddle":1,"stat.useItem.minecraft.snow":2,"stat.useItem.minecraft.concrete_powder":76,"stat.pickup.minecraft.enchanted_book":9,"stat.pickup.minecraft.glowstone":1364,"achievement.buildWorkBench":62,"stat.pickup.minecraft.writable_book":3,"stat.craftItem.minecraft.arrow":20,"stat.useItem.minecraft.obsidian":356,"stat.pickup.minecraft.bow":121,"stat.craftItem.minecraft.dark_oak_door":18,"stat.craftItem.minecraft.beetroot_soup":4,"stat.useItem.minecraft.egg":231,"stat.craftItem.minecraft.spruce_boat":6,"stat.pickup.minecraft.pumpkin_pie":29,"stat.pickup.minecraft.nether_wart_block":8,"stat.pickup.minecraft.coal_ore":1106,"stat.craftItem.minecraft.cooked_beef":15,"stat.mineBlock.minecraft.obsidian":681,"stat.pickup.minecraft.shears":11,"stat.craftItem.minecraft.bow":13,"stat.pickup.minecraft.iron_trapdoor":14,"stat.flyOneCm":23582062,"stat.pickup.minecraft.sandstone":20,"stat.pickup.minecraft.nether_brick_stairs":1,"stat.pickup.minecraft.fish":189,"stat.craftItem.minecraft.stained_glass":208,"stat.craftItem.minecraft.emerald_block":4,"stat.timeSinceDeath":72442,"stat.pickup.minecraft.quartz_ore":165,"stat.craftItem.minecraft.painting":10,"stat.cauldronFilled":3,"stat.craftItem.minecraft.purpur_block":96,"stat.killEntity.Bat":5,"stat.useItem.minecraft.potato":745,"stat.pickup.minecraft.chainmail_helmet":7,"stat.pickup.minecraft.nether_wart":2106,"stat.pickup.minecraft.spruce_fence":360,"stat.craftItem.minecraft.concrete_powder":120,"stat.mineBlock.minecraft.coal_ore":2518,"stat.pickup.minecraft.shield":5,"stat.talkedToVillager":105,"stat.drop.minecraft.baked_potato":21,"stat.pickup.minecraft.string":436,"stat.mineBlock.minecraft.ladder":47,"stat.useItem.minecraft.milk_bucket":7,"stat.drop.minecraft.jungle_stairs":1,"stat.useItem.minecraft.written_book":25,"stat.mineBlock.minecraft.chorus_flower":11,"stat.useItem.minecraft.diamond_shovel":5584,"stat.craftItem.minecraft.wooden_axe":1,"stat.pickup.minecraft.bone_block":1,"stat.mineBlock.minecraft.diamond_ore":498,"stat.pickup.minecraft.fireworks":215,"stat.craftItem.minecraft.wooden_pressure_plate":7,"achievement.killEnemy":20362,"stat.useItem.minecraft.wooden_sword":65,"stat.breakItem.minecraft.iron_shovel":3,"stat.useItem.minecraft.ladder":236,"stat.useItem.minecraft.diamond_ore":210,"stat.drop.minecraft.purpur_pillar":7,"stat.pickup.minecraft.snowball":100,"stat.useItem.minecraft.birch_stairs":2,"stat.diveOneCm":1955965,"stat.craftItem.minecraft.ladder":219,"achievement.buildHoe":3,"stat.mineBlock.minecraft.stone_button":3,"stat.useItem.minecraft.chicken":1,"stat.drop.minecraft.ladder":1,"stat.pickup.minecraft.stone_axe":1,"stat.pickup.minecraft.stained_glass_pane":49,"stat.useItem.minecraft.rotten_flesh":40,"stat.craftItem.minecraft.diamond_sword":12,"stat.jump":96511,"stat.useItem.minecraft.sand":78,"stat.craftItem.minecraft.torch":1880,"achievement.makeBread":428,"stat.craftItem.minecraft.fermented_spider_eye":13,"stat.mineBlock.minecraft.purpur_block":79,"stat.drop.minecraft.dragon_egg":1,"stat.useItem.minecraft.glass":128,"stat.pickup.minecraft.stone_shovel":2,"stat.useItem.minecraft.sapling":432,"stat.pickup.minecraft.gold_ore":510,"achievement.blazeRod":22,"stat.mineBlock.minecraft.glass_pane":16,"stat.damageTaken":107959,"stat.useItem.minecraft.red_shulker_box":2,"stat.mineBlock.minecraft.melon_block":55,"stat.useItem.minecraft.gold_block":166,"stat.mineBlock.minecraft.sapling":52,"stat.pickup.minecraft.log2":4647,"stat.useItem.minecraft.purple_shulker_box":30,"stat.pickup.minecraft.bed":5,"stat.cauldronUsed":6,"stat.pickup.minecraft.concrete":4,"stat.pickup.minecraft.acacia_fence":158,"stat.pickup.minecraft.quartz_block":152,"stat.pickup.minecraft.potato":3905,"stat.killEntity.Shulker":175,"stat.entityKilledBy.Zombie":1,"stat.killEntity.Silverfish":26,"stat.craftItem.minecraft.stone_slab":2370,"stat.animalsBred":81,"stat.useItem.minecraft.chest":289,"stat.drop.minecraft.diamond_ore":7,"stat.shulkerBoxOpened":215,"stat.craftItem.minecraft.iron_chestplate":2,"stat.pickup.minecraft.baked_potato":692,"stat.drop.minecraft.potato":62,"stat.pickup.minecraft.ender_pearl":10653,"stat.drop.minecraft.wooden_slab":5,"stat.pickup.minecraft.ladder":174,"stat.breakItem.minecraft.golden_boots":3,"stat.useItem.minecraft.netherrack":763,"stat.craftItem.minecraft.stained_glass_pane":656,"stat.mineBlock.minecraft.tnt":9,"stat.craftItem.minecraft.bookshelf":18,"stat.useItem.minecraft.tripwire_hook":8,"stat.mineBlock.minecraft.stonebrick":143,"stat.craftItem.minecraft.purpur_stairs":136,"stat.mineBlock.minecraft.glowstone":906,"stat.craftItem.minecraft.shears":8,"stat.useItem.minecraft.cobblestone_wall":80,"stat.pickup.minecraft.iron_horse_armor":1,"stat.useItem.minecraft.writable_book":10,"stat.pickup.minecraft.torch":1394,"stat.pickup.minecraft.spruce_boat":8,"stat.useItem.minecraft.purpur_slab":25,"stat.drop.minecraft.arrow":31,"stat.craftItem.minecraft.compass":2,"stat.useItem.minecraft.end_bricks":6,"stat.mineBlock.minecraft.purple_shulker_box":30,"stat.useItem.minecraft.lead":1,"stat.pickup.minecraft.lapis_block":10,"stat.drop.minecraft.trapdoor":2,"stat.pickup.minecraft.fishing_rod":35,"stat.useItem.minecraft.planks":932,"stat.useItem.minecraft.nether_brick_stairs":1,"stat.pickup.minecraft.glass":22,"stat.useItem.minecraft.water_bucket":399,"stat.pickup.minecraft.sand":1596,"stat.craftItem.minecraft.golden_apple":4,"stat.mineBlock.minecraft.jungle_fence_gate":7,"stat.craftItem.minecraft.dark_oak_fence":87,"stat.pickup.minecraft.hardened_clay":4720,"stat.useItem.minecraft.red_nether_brick":34,"stat.pickup.minecraft.name_tag":6,"achievement.diamonds":382,"stat.drop.minecraft.hardened_clay":65,"stat.aviateOneCm":80266625,"stat.useItem.minecraft.ender_pearl":578,"stat.craftItem.minecraft.cooked_fish":1027,"achievement.buildBetterPickaxe":39,"stat.craftItem.minecraft.blaze_powder":6,"stat.drop.minecraft.emerald_ore":7,"achievement.breedCow":20,"stat.useItem.minecraft.oak_stairs":289,"stat.craftItem.minecraft.golden_carrot":4,"stat.mineBlock.minecraft.dark_oak_stairs":24,"stat.useItem.minecraft.dark_oak_stairs":83,"stat.drop.minecraft.stone_slab":153,"stat.pickup.minecraft.fence_gate":2,"stat.pickup.minecraft.filled_map":159,"stat.pickup.minecraft.furnace":20,"stat.useItem.minecraft.redstone":24,"achievement.overkill":219,"stat.mineBlock.minecraft.end_bricks":30,"stat.mineBlock.minecraft.redstone_lamp":4,"achievement.mineWood":7431,"stat.pickup.minecraft.iron_chestplate":14,"stat.pickup.minecraft.end_rod":64,"stat.useItem.minecraft.stone_stairs":527,"stat.pickup.minecraft.skull":13,"stat.pickup.minecraft.acacia_door":2,"stat.craftItem.minecraft.nether_wart_block":56,"stat.mineBlock.minecraft.red_shulker_box":1,"stat.drop.minecraft.wooden_hoe":1,"stat.useItem.minecraft.pumpkin_pie":95,"stat.useItem.minecraft.hopper":16,"stat.craftItem.minecraft.heavy_weighted_pressure_plate":3,"stat.mineBlock.minecraft.oak_stairs":52,"stat.playOneMinute":13536814,"stat.drop.minecraft.string":24,"stat.useItem.minecraft.jungle_stairs":570,"stat.pickup.minecraft.diamond_block":16,"stat.useItem.minecraft.shears":990,"stat.pickup.minecraft.beacon":1,"stat.pickup.minecraft.iron_bars":90,"stat.craftItem.minecraft.pumpkin_pie":2,"stat.mineBlock.minecraft.dark_oak_fence":10,"stat.craftItem.minecraft.carpet":48,"stat.mineBlock.minecraft.netherrack":1281,"stat.craftItem.minecraft.dark_oak_stairs":92,"stat.craftItem.minecraft.golden_rail":60,"stat.useItem.minecraft.quartz_ore":124,"stat.pickup.minecraft.cooked_chicken":308,"stat.fallOneCm":2724086,"stat.drop.minecraft.dye":8,"stat.craftItem.minecraft.chest":388,"stat.craftItem.minecraft.banner":51,"stat.mineBlock.minecraft.lever":8,"stat.pickup.minecraft.red_mushroom":58,"stat.useItem.minecraft.iron_hoe":120,"stat.pickup.minecraft.milk_bucket":2,"stat.pickup.minecraft.comparator":2,"stat.pickup.minecraft.feather":104,"stat.pickup.minecraft.record_cat":1,"stat.mineBlock.minecraft.red_nether_brick":8,"stat.mineBlock.minecraft.spruce_fence":335,"achievement.fullBeacon":2,"stat.pickup.minecraft.lead":11,"stat.useItem.minecraft.stone_pickaxe":266,"stat.craftItem.minecraft.birch_stairs":4,"stat.craftItem.minecraft.iron_leggings":3,"stat.useItem.minecraft.stone_sword":146,"stat.killEntity.Rabbit":1,"stat.craftItem.minecraft.oak_stairs":312,"stat.pickup.minecraft.redstone_ore":2007,"stat.pickup.minecraft.chainmail_boots":4,"stat.drop.minecraft.stick":10,"stat.useItem.minecraft.iron_bars":31,"stat.mineBlock.minecraft.monster_egg":8,"stat.useItem.minecraft.bone_block":1,"stat.killEntity.LavaSlime":51,"stat.pickup.minecraft.log":11192,"achievement.theEnd2":1,"stat.mineBlock.minecraft.golden_rail":8,"stat.breakItem.minecraft.iron_helmet":2,"stat.pickup.minecraft.chainmail_leggings":4,"stat.entityKilledBy.Enderman":3,"stat.mineBlock.minecraft.iron_block":174,"stat.useItem.minecraft.beetroot_soup":4,"stat.craftItem.minecraft.snow":78,"stat.pickup.minecraft.diamond_helmet":15,"stat.useItem.minecraft.jungle_door":5,"stat.craftItem.minecraft.flower_pot":21,"stat.useItem.minecraft.beetroot_seeds":139,"stat.sneakTime":791811,"stat.mineBlock.minecraft.cobblestone_wall":19,"stat.useItem.minecraft.brewing_stand":5,"stat.useItem.minecraft.beetroot":5,"stat.pickup.minecraft.chest":284,"stat.craftItem.minecraft.enchanting_table":1,"stat.drop.minecraft.sugar":1,"stat.pickup.minecraft.stone_pressure_plate":1,"stat.useItem.minecraft.repeater":16,"stat.craftItem.minecraft.stone_brick_stairs":420,"stat.craftItem.minecraft.iron_trapdoor":39,"stat.swimOneCm":3010793,"stat.mineBlock.minecraft.diamond_block":11,"stat.mineBlock.minecraft.spruce_stairs":12,"stat.useItem.minecraft.dirt":3160,"stat.pickup.minecraft.purpur_block":107,"achievement.exploreAllBiomes":{"value":0,"progress":["Sunflower Plains","Cold Taiga","Desert M","Birch Forest","Roofed Forest","MushroomIslandShore","The End","Mesa Plateau F M","Beach","FrozenRiver","Mesa Plateau","Mega Taiga Hills","Extreme Hills+","Savanna Plateau M","Cold Beach","Ocean","River","JungleEdge","Taiga","Mega Taiga","MushroomIsland","Swampland","Ice Mountains","Birch Forest Hills","Mesa Plateau F","Savanna Plateau","Mesa","ForestHills","Flower Forest","Plains","TaigaHills","DesertHills","Stone Beach","Ice Plains","Jungle","Forest","Birch Forest Hills M","JungleHills","Desert","Extreme Hills","Mesa (Bryce)","Deep Ocean","Savanna","Hell","Swampland M"]},"stat.craftItem.minecraft.melon_block":57,"stat.drop.minecraft.ender_pearl":4525,"stat.mineBlock.minecraft.magma":142,"stat.mineBlock.minecraft.carpet":10,"stat.pickup.minecraft.gold_block":5,"stat.mineBlock.minecraft.redstone_block":8,"stat.useItem.minecraft.stone_shovel":228,"stat.pickup.minecraft.clay":84,"stat.pickup.minecraft.glass_bottle":288,"stat.drop.minecraft.wheat_seeds":18,"stat.craftItem.minecraft.wooden_slab":2952,"stat.useItem.minecraft.sign":111,"stat.drop.minecraft.log":62,"achievement.theEnd":28,"stat.useItem.minecraft.lever":11,"stat.mineBlock.minecraft.coal_block":1,"stat.pickup.minecraft.dark_oak_door":6,"stat.drop.minecraft.golden_boots":2,"stat.pickup.minecraft.stonebrick":207,"stat.pickup.minecraft.redstone_lamp":8,"stat.drop.minecraft.beetroot_seeds":1,"stat.useItem.minecraft.acacia_stairs":459,"stat.useItem.minecraft.purpur_pillar":60,"stat.drop.minecraft.log2":79,"stat.drop.minecraft.potion":3,"stat.useItem.minecraft.stone_slab":2626,"stat.craftItem.minecraft.jungle_fence_gate":16,"stat.useItem.minecraft.bed":7,"stat.craftItem.minecraft.stone":196,"stat.mineBlock.minecraft.crafting_table":44,"stat.useItem.minecraft.diamond_pickaxe":61933,"stat.mineBlock.minecraft.quartz_block":21,"stat.useItem.minecraft.carrot":292,"stat.killEntity.Endermite":5,"stat.useItem.minecraft.bucket":404,"achievement.buildFurnace":67,"stat.pickup.minecraft.stone_button":5,"stat.useItem.minecraft.purpur_block":83,"stat.pickup.minecraft.slime_ball":5,"stat.craftItem.minecraft.diamond_pickaxe":16,"stat.craftItem.minecraft.clay":1,"stat.pickup.minecraft.gravel":2080,"stat.useItem.minecraft.glass_bottle":37,"stat.useItem.minecraft.diamond_axe":10042,"stat.pickup.minecraft.purpur_stairs":10,"stat.breakItem.minecraft.wooden_axe":1,"stat.pickup.minecraft.red_shulker_box":1,"stat.useItem.minecraft.stained_glass_pane":249,"stat.pickup.minecraft.stone_brick_stairs":61,"stat.pickup.minecraft.diamond_sword":26,"stat.pickup.minecraft.brick":24,"stat.useItem.minecraft.wooden_hoe":7,"stat.pickup.minecraft.iron_helmet":11,"stat.craftItem.minecraft.birch_boat":20,"stat.craftItem.minecraft.bread":221,"stat.pickup.minecraft.spider_eye":187,"stat.useItem.minecraft.stone_button":4,"stat.pickup.minecraft.diamond_ore":226,"stat.useItem.minecraft.cooked_chicken":286,"stat.pickup.minecraft.iron_ore":1354,"stat.pickup.minecraft.snow":100,"stat.mineBlock.minecraft.iron_bars":35,"stat.pickup.minecraft.leaves":1088,"stat.pickup.minecraft.leather":104,"stat.useItem.minecraft.wooden_pickaxe":60,"stat.dispenserInspected":39,"stat.pickup.minecraft.reeds":606,"stat.useItem.minecraft.magma":39,"stat.craftItem.minecraft.glass":862,"stat.craftItem.minecraft.cauldron":7,"stat.sleepInBed":79,"stat.craftItem.minecraft.baked_potato":1841,"stat.drop.minecraft.shulker_shell":58,"stat.killEntity.Cow":19,"stat.pickup.minecraft.minecart":22,"stat.craftItem.minecraft.iron_sword":3,"stat.breakItem.minecraft.fishing_rod":3,"stat.walkOneCm":29770467,"stat.playerKills":1,"stat.pickup.minecraft.clay_ball":200,"stat.mineBlock.minecraft.trapped_chest":2,"stat.pickup.minecraft.purpur_slab":16,"stat.useItem.minecraft.spruce_boat":8,"stat.drop.minecraft.diamond_axe":1,"stat.pickup.minecraft.tnt":9,"stat.pickup.minecraft.stone":13327,"stat.mineBlock.minecraft.wool":195,"stat.mineBlock.minecraft.packed_ice":576,"stat.useItem.minecraft.leaves":988,"stat.craftItem.minecraft.minecart":6,"stat.pickup.minecraft.gold_ingot":23,"stat.useItem.minecraft.prismarine":202,"stat.killEntity.Skeleton":937,"stat.mineBlock.minecraft.cactus":26,"stat.drop.minecraft.chainmail_boots":2,"stat.mineBlock.minecraft.redstone_torch":9,"stat.killEntity.Spider":79,"stat.pickup.minecraft.bread":32,"stat.craftItem.minecraft.spruce_fence":630,"stat.pickup.minecraft.quartz":2362,"stat.pickup.minecraft.water_bucket":19,"stat.pickup.minecraft.spruce_stairs":34,"stat.mineBlock.minecraft.redstone_ore":3123,"stat.pickup.minecraft.elytra":23,"stat.craftItem.minecraft.coal_block":242,"stat.craftItem.minecraft.brick":136,"stat.mineBlock.minecraft.stone":38250,"stat.breakItem.minecraft.wooden_pickaxe":1,"stat.useItem.minecraft.sandstone":18}