{"stat.craftItem.minecraft.chorus_fruit_popped":744,"stat.useItem.minecraft.bow":24202,"stat.useItem.minecraft.quartz_block":613,"stat.drop.minecraft.gunpowder":246,"achievement.killWither":19,"stat.drop.minecraft.redstone":512,"stat.craftItem.minecraft.black_glazed_terracotta":44,"stat.pickup.minecraft.dark_oak_boat":18,"stat.mineBlock.minecraft.stained_glass":2341,"stat.drop.minecraft.enchanted_book":2,"stat.mineBlock.minecraft.web":444,"achievement.snipeSkeleton":1,"stat.drop.minecraft.coal_block":32,"stat.drop.minecraft.iron_sword":14,"stat.pickup.minecraft.rotten_flesh":4742,"stat.drop.minecraft.redstone_torch":73,"stat.useItem.minecraft.diamond_hoe":1,"stat.mineBlock.minecraft.purpur_stairs":82,"stat.killEntity.Donkey":1,"stat.craftItem.minecraft.stone_axe":1,"stat.drop.minecraft.leather_boots":8,"stat.useItem.minecraft.vine":263,"stat.pickup.minecraft.cobblestone_wall":828,"stat.pickup.minecraft.bucket":123,"stat.useItem.minecraft.rail":6194,"stat.killEntity.Enderman":35019,"stat.drop.minecraft.elytra":5,"stat.useItem.minecraft.anvil":4443,"stat.craftItem.minecraft.iron_shovel":49,"stat.mineBlock.minecraft.emerald_block":25,"stat.pickup.minecraft.brown_mushroom":739,"achievement.buildPickaxe":85,"stat.mineBlock.minecraft.end_stone":482,"stat.killEntity.Villager":2,"stat.useItem.minecraft.spider_eye":2,"stat.useItem.minecraft.iron_pickaxe":3456,"stat.pickup.minecraft.stained_hardened_clay":44644,"stat.drop.minecraft.ender_eye":9,"stat.pickup.minecraft.double_plant":812,"stat.craftItem.minecraft.glass_pane":720,"stat.useItem.minecraft.hardened_clay":7657,"stat.drop.minecraft.diamond_chestplate":1,"stat.pickup.minecraft.light_weighted_pressure_plate":1,"stat.mineBlock.minecraft.sticky_piston":138,"stat.pickup.minecraft.wooden_shovel":2,"stat.furnaceInteraction":2715,"stat.useItem.minecraft.nether_wart":9467,"stat.useItem.minecraft.golden_carrot":1086,"stat.mineBlock.minecraft.chorus_plant":55,"stat.pickup.minecraft.nether_brick":17418,"stat.craftItem.minecraft.leather_helmet":15,"stat.pickup.minecraft.sponge":1,"stat.useItem.minecraft.green_shulker_box":20,"stat.useItem.minecraft.end_stone":130,"stat.mineBlock.minecraft.wooden_button":85,"stat.drop.minecraft.cactus":78,"stat.useItem.minecraft.red_sandstone":12,"stat.pickup.minecraft.hay_block":5,"stat.drop.minecraft.magma":33,"stat.useItem.minecraft.fence":567,"stat.craftItem.minecraft.orange_glazed_terracotta":8,"stat.craftItem.minecraft.daylight_detector":4,"stat.mineBlock.minecraft.sponge":1,"stat.useItem.minecraft.cauldron":80,"stat.mineBlock.minecraft.fence":342,"stat.useItem.minecraft.flint_and_steel":96,"stat.useItem.minecraft.wheat_seeds":1003,"stat.mineBlock.minecraft.sea_lantern":67,"stat.craftItem.minecraft.silver_glazed_terracotta":7,"stat.killEntity.Husk":83,"stat.drop.minecraft.lime_glazed_terracotta":5,"stat.craftItem.minecraft.dark_oak_boat":1,"stat.pickup.minecraft.lever":392,"stat.deaths":98,"stat.pickup.minecraft.egg":4963,"stat.mineBlock.minecraft.brown_shulker_box":25,"stat.craftItem.minecraft.item_frame":253,"stat.craftItem.minecraft.wooden_shovel":3,"stat.pickup.minecraft.clock":1,"stat.craftItem.minecraft.iron_pickaxe":36,"stat.pickup.minecraft.glass_pane":485,"stat.pickup.minecraft.item_frame":115,"stat.pickup.minecraft.sea_lantern":143,"stat.craftItem.minecraft.repeater":998,"stat.drop.minecraft.iron_ingot":42787,"stat.mineBlock.minecraft.light_weighted_pressure_plate":1,"stat.pickup.minecraft.cooked_mutton":24,"stat.chestOpened":30338,"stat.craftItem.minecraft.mossy_cobblestone":64,"stat.useItem.minecraft.lapis_ore":54,"stat.craftItem.minecraft.sign":351,"stat.useItem.minecraft.jungle_fence":14,"stat.pickup.minecraft.iron_sword":23,"stat.killEntity.Vex":60,"stat.pickup.minecraft.lapis_ore":45,"stat.craftItem.minecraft.quartz_block":451,"stat.pickup.minecraft.gold_nugget":12451,"stat.entityKilledBy.Vex":2,"stat.drop.minecraft.banner":10,"stat.pickup.minecraft.chorus_flower":4,"stat.craftItem.minecraft.coal":961,"stat.drop.minecraft.dark_oak_stairs":11,"stat.craftItem.minecraft.ender_chest":8,"stat.pickup.minecraft.carrot":1273,"stat.drop.minecraft.stone_sword":10,"stat.crouchOneCm":11869184,"stat.pickup.minecraft.rail":1870,"stat.craftItem.minecraft.diamond":135,"stat.craftItem.minecraft.iron_ingot":78826,"stat.pickup.minecraft.ender_chest":147,"stat.drop.minecraft.slime_ball":108,"stat.craftingTableInteraction":3396,"stat.mineBlock.minecraft.wooden_pressure_plate":7,"stat.useItem.minecraft.light_blue_shulker_box":6,"stat.pickup.minecraft.repeater":754,"stat.mineBlock.minecraft.log2":320,"stat.pickup.minecraft.wooden_pickaxe":1,"stat.drop.minecraft.double_plant":1,"stat.useItem.minecraft.dark_oak_fence":17,"achievement.bakeCake":8,"stat.drop.minecraft.rabbit":7,"stat.pickup.minecraft.dye":5927,"stat.mineBlock.minecraft.jungle_fence":12,"stat.pickup.minecraft.planks":2838,"stat.drop.minecraft.minecart":20,"stat.mineBlock.minecraft.blue_glazed_terracotta":11,"stat.drop.minecraft.soul_sand":22,"stat.useItem.minecraft.lime_glazed_terracotta":6,"stat.drop.minecraft.carpet":239,"stat.mineBlock.minecraft.ender_chest":134,"stat.pickup.minecraft.ice":7781,"stat.mineBlock.minecraft.daylight_detector":1,"stat.flowerPotted":44,"stat.drop.minecraft.rotten_flesh":819,"stat.pickup.minecraft.magma":2001,"stat.mineBlock.minecraft.activator_rail":2,"stat.craftItem.minecraft.purple_glazed_terracotta":30,"stat.drop.minecraft.coal_ore":71,"stat.drop.minecraft.glass_pane":64,"stat.drop.minecraft.iron_ore":136,"stat.drop.minecraft.sapling":97,"stat.pickup.minecraft.chicken":597,"stat.pickup.minecraft.tipped_arrow":1,"stat.drop.minecraft.gold_nugget":2277,"stat.drop.minecraft.blue_shulker_box":2,"stat.useItem.minecraft.glass_pane":525,"stat.pickup.minecraft.end_stone":549,"stat.breakItem.minecraft.stone_shovel":1,"stat.pickup.minecraft.coal_block":376,"stat.craftItem.minecraft.bucket":327,"stat.craftItem.minecraft.planks":47242,"stat.useItem.minecraft.iron_sword":284,"stat.mineBlock.minecraft.prismarine":9,"stat.craftItem.minecraft.dirt":104,"stat.pickup.minecraft.stone_sword":67,"stat.drop.minecraft.comparator":2,"stat.useItem.minecraft.daylight_detector":4,"stat.useItem.minecraft.stonebrick":4388,"stat.pickup.minecraft.book":14,"stat.craftItem.minecraft.wooden_door":1149,"stat.mineBlock.minecraft.waterlily":855,"stat.pickup.minecraft.orange_glazed_terracotta":4,"stat.drop.minecraft.leather_leggings":16,"stat.pickup.minecraft.iron_door":78,"stat.pickup.minecraft.red_nether_brick":247,"stat.pickup.minecraft.cooked_fish":163,"stat.craftItem.minecraft.spruce_door":1269,"stat.pickup.minecraft.tripwire_hook":54,"stat.drop.minecraft.lapis_ore":8,"stat.pickup.minecraft.bookshelf":16,"stat.pickup.minecraft.spruce_fence_gate":19,"stat.mineBlock.minecraft.cobblestone":2048,"stat.mineBlock.minecraft.pumpkin":35,"stat.useItem.minecraft.beacon":30,"stat.pickup.minecraft.stone_pickaxe":1,"stat.pickup.minecraft.flint":252,"stat.craftItem.minecraft.quartz_stairs":188,"stat.drop.minecraft.beacon":1,"stat.pickup.minecraft.leather_chestplate":39,"stat.mineBlock.minecraft.concrete":2830,"stat.pickup.minecraft.flower_pot":25,"stat.mineBlock.minecraft.stained_glass_pane":168,"stat.drop.minecraft.purpur_slab":6,"stat.pickup.minecraft.purple_glazed_terracotta":17,"stat.drop.minecraft.end_bricks":44,"stat.pickup.minecraft.lime_shulker_box":15,"stat.drop.minecraft.cobblestone":606,"stat.pickup.minecraft.cooked_porkchop":96,"stat.drop.minecraft.cyan_glazed_terracotta":1,"stat.useItem.minecraft.coal_block":520,"stat.breakItem.minecraft.iron_pickaxe":9,"stat.mineBlock.minecraft.dropper":87,"stat.pickup.minecraft.iron_boots":15,"stat.pickup.minecraft.diamond_horse_armor":1,"stat.craftItem.minecraft.furnace":144,"stat.craftItem.minecraft.lapis_block":44,"stat.drop.minecraft.golden_helmet":4,"stat.craftItem.minecraft.iron_boots":60,"stat.drop.minecraft.cooked_rabbit":4,"stat.useItem.minecraft.spruce_fence_gate":19,"stat.mineBlock.minecraft.clay":245,"stat.mineBlock.minecraft.noteblock":40,"stat.pickup.minecraft.diamond_leggings":42,"stat.drop.minecraft.iron_helmet":41,"stat.drop.minecraft.chainmail_chestplate":3,"stat.drop.minecraft.snow_layer":1,"stat.useItem.minecraft.melon_block":400,"stat.useItem.minecraft.wooden_slab":1285,"stat.drop.minecraft.spider_eye":837,"stat.craftItem.minecraft.beacon":11,"stat.useItem.minecraft.iron_door":91,"stat.craftItem.minecraft.iron_block":123359,"stat.craftItem.minecraft.stonebrick":8370,"stat.useItem.minecraft.brown_shulker_box":25,"stat.breakItem.minecraft.diamond_pickaxe":1,"stat.craftItem.minecraft.end_rod":940,"stat.drop.minecraft.stained_glass":21,"stat.drop.minecraft.flint_and_steel":1,"stat.drop.minecraft.wool":139,"stat.killEntity.Creeper":340,"stat.useItem.minecraft.armor_stand":62,"stat.useItem.minecraft.silver_shulker_box":8,"stat.drop.minecraft.ender_chest":3,"stat.craftItem.minecraft.jungle_stairs":28,"stat.pickup.minecraft.brown_shulker_box":25,"stat.entityKilledBy.Skeleton":3,"stat.drop.minecraft.obsidian":65,"achievement.buildSword":154,"stat.killEntity.Squid":79,"stat.useItem.minecraft.dropper":292,"stat.sprintOneCm":93392075,"stat.useItem.minecraft.diamond_block":40,"stat.mineBlock.minecraft.stone_slab":6442,"stat.useItem.minecraft.hay_block":7,"stat.drop.minecraft.leather":1,"stat.useItem.minecraft.snowball":19,"stat.drop.minecraft.cauldron":4,"stat.pickup.minecraft.leather_leggings":29,"stat.craftItem.minecraft.redstone_lamp":198,"stat.drop.minecraft.boat":5,"stat.drop.minecraft.cobblestone_wall":84,"stat.pickup.minecraft.sugar":581,"stat.pickup.minecraft.vine":363,"stat.craftItem.minecraft.leather_chestplate":32,"stat.useItem.minecraft.cake":4,"stat.useItem.minecraft.banner":145,"stat.drop.minecraft.golden_rail":19,"stat.craftItem.minecraft.emerald":1,"stat.pickup.minecraft.iron_block":10723,"stat.killEntity.Zombie":2484,"stat.craftItem.minecraft.dye":16774,"stat.craftItem.minecraft.diamond_axe":7,"stat.mineBlock.minecraft.gold_ore":172,"stat.pickup.minecraft.fire_charge":66,"stat.drop.minecraft.diamond_pickaxe":25,"stat.craftItem.minecraft.slime_ball":1584,"stat.pickup.minecraft.wheat":1001,"stat.craftItem.minecraft.purpur_pillar":84,"stat.craftItem.minecraft.sandstone":4002,"stat.mineBlock.minecraft.mossy_cobblestone":101,"stat.drop.minecraft.stone_stairs":1,"stat.drop.minecraft.purpur_stairs":19,"stat.pickup.minecraft.sign":602,"stat.craftItem.minecraft.cooked_porkchop":18,"stat.pickup.minecraft.obsidian":3247,"stat.useItem.minecraft.heavy_weighted_pressure_plate":10,"stat.useItem.minecraft.iron_trapdoor":243,"stat.pickup.minecraft.coal":5792,"stat.pickup.minecraft.iron_ingot":822217,"stat.useItem.minecraft.dark_oak_boat":7,"stat.craftItem.minecraft.lever":355,"stat.drop.minecraft.diamond_sword":12,"stat.pickup.minecraft.gunpowder":888,"stat.pickup.minecraft.dirt":18849,"stat.useItem.minecraft.coal_ore":426,"stat.drop.minecraft.iron_shovel":5,"stat.useItem.minecraft.light_weighted_pressure_plate":2,"stat.useItem.minecraft.dispenser":173,"stat.mineBlock.minecraft.lapis_ore":134,"stat.pickup.minecraft.red_sandstone":60,"stat.pickup.minecraft.iron_axe":3,"stat.pickup.minecraft.cookie":105,"stat.drop.minecraft.acacia_boat":1,"stat.brewingstandInteraction":848,"stat.useItem.minecraft.stone_brick_stairs":3084,"stat.mineBlock.minecraft.torch":3662,"stat.mineBlock.minecraft.red_flower":386,"stat.pickup.minecraft.written_book":25,"stat.tradedWithVillager":2,"stat.useItem.minecraft.acacia_door":1,"stat.pickup.minecraft.magma_cream":332,"stat.pickup.minecraft.ender_eye":13,"stat.noteblockTuned":635,"stat.craftItem.minecraft.comparator":316,"stat.craftItem.minecraft.glowstone":5459,"stat.useItem.minecraft.slime":183,"stat.useItem.minecraft.birch_fence":18,"stat.mineBlock.minecraft.fence_gate":14,"stat.pickup.minecraft.diamond_axe":49,"stat.pickup.minecraft.rabbit_hide":72,"stat.drop.minecraft.red_glazed_terracotta":1,"stat.useItem.minecraft.snow_layer":73,"stat.pickup.minecraft.shulker_shell":116,"stat.drop.minecraft.emerald_block":25,"stat.mineBlock.minecraft.birch_fence":10,"stat.pickup.minecraft.green_shulker_box":21,"stat.drop.minecraft.item_frame":34,"stat.drop.minecraft.wheat":1,"stat.pickup.minecraft.diamond_pickaxe":82,"stat.useItem.minecraft.pumpkin":162,"stat.pickup.minecraft.noteblock":41,"stat.useItem.minecraft.lava_bucket":167,"stat.pickup.minecraft.rabbit_foot":10,"stat.drop.minecraft.netherrack":1706,"stat.craftItem.minecraft.wheat":9,"stat.useItem.minecraft.item_frame":214,"stat.useItem.minecraft.stained_hardened_clay":19684,"stat.drop.minecraft.egg":883,"stat.useItem.minecraft.redstone_ore":334,"stat.pickup.minecraft.cooked_beef":920,"stat.useItem.minecraft.concrete":2248,"stat.killEntity.Stray":3,"stat.drop.minecraft.nether_brick":54,"stat.drop.minecraft.lever":38,"stat.mineBlock.minecraft.purpur_slab":46,"stat.craftItem.minecraft.cookie":272,"stat.pickup.minecraft.dark_oak_stairs":20,"stat.drop.minecraft.clock":1,"stat.mobKills":48387,"stat.pickup.minecraft.diamond_boots":41,"stat.mineBlock.minecraft.bookshelf":53,"stat.drop.minecraft.written_book":3,"stat.useItem.minecraft.boat":60,"stat.useItem.minecraft.mossy_cobblestone":91,"stat.craftItem.minecraft.lead":1776,"stat.pickup.minecraft.diamond":241,"stat.pickup.minecraft.beetroot_seeds":134,"achievement.bookcase":30,"stat.craftItem.minecraft.nether_brick_stairs":516,"stat.craftItem.minecraft.spruce_stairs":840,"stat.armorCleaned":2,"stat.useItem.minecraft.string":72,"stat.drop.minecraft.mutton":7,"stat.craftItem.minecraft.yellow_glazed_terracotta":20,"stat.useItem.minecraft.bookshelf":31,"stat.useItem.minecraft.soul_sand":5713,"stat.killEntity.Blaze":1746,"stat.drop.minecraft.shield":14,"stat.drop.minecraft.skull":27,"stat.useItem.minecraft.gray_shulker_box":72,"stat.pickup.minecraft.golden_boots":21,"stat.pickup.minecraft.glowstone_dust":433,"stat.mineBlock.minecraft.white_shulker_box":49,"stat.mineBlock.minecraft.red_mushroom":7,"stat.mineBlock.minecraft.stone_brick_stairs":901,"stat.mineBlock.minecraft.nether_brick_fence":340,"stat.drop.minecraft.golden_leggings":3,"stat.craftItem.minecraft.fire_charge":2235,"stat.pickup.minecraft.observer":20,"stat.craftItem.minecraft.lit_pumpkin":73,"stat.craftItem.minecraft.cobblestone_wall":1332,"stat.craftItem.minecraft.stone_sword":2,"stat.mineBlock.minecraft.snow_layer":194,"stat.pickup.minecraft.chainmail_chestplate":4,"stat.mineBlock.minecraft.sand":27768,"stat.craftItem.minecraft.wooden_hoe":1,"stat.craftItem.minecraft.slime":576,"stat.hopperInspected":2742,"stat.useItem.minecraft.fence_gate":57,"stat.drop.minecraft.diamond":45,"stat.pickup.minecraft.packed_ice":1864,"stat.pickup.minecraft.ghast_tear":35,"stat.craftItem.minecraft.birch_door":6,"stat.pickup.minecraft.armor_stand":37,"stat.trappedChestTriggered":10985,"stat.mineBlock.minecraft.gray_shulker_box":71,"stat.drop.minecraft.rail":73,"stat.drop.minecraft.diamond_block":12,"stat.craftItem.minecraft.observer":320,"stat.pickup.minecraft.wooden_button":147,"stat.drop.minecraft.purple_shulker_box":5,"stat.mineBlock.minecraft.lapis_block":9,"stat.useItem.minecraft.minecart":179,"stat.useItem.minecraft.cooked_mutton":9,"stat.drop.minecraft.stained_hardened_clay":4727,"stat.drop.minecraft.diamond_helmet":3,"stat.pickup.minecraft.totem_of_undying":1,"stat.drop.minecraft.wooden_button":15,"stat.killEntity.Horse":1,"stat.pickup.minecraft.stone_stairs":66,"stat.craftItem.minecraft.fence_gate":71,"stat.pickup.minecraft.pumpkin_seeds":2,"stat.pickup.minecraft.golden_carrot":742,"stat.drop.minecraft.fireworks":3130,"stat.drop.minecraft.snowball":35,"stat.pickup.minecraft.saddle":5,"stat.mineBlock.minecraft.soul_sand":7139,"stat.mineBlock.minecraft.jungle_stairs":8,"achievement.ghast":25,"stat.pickup.minecraft.blaze_rod":2517,"stat.craftItem.minecraft.diamond_block":112,"stat.drop.minecraft.chest":128,"stat.useItem.minecraft.gray_glazed_terracotta":4,"stat.pickup.minecraft.netherrack":43848,"stat.pickup.minecraft.pumpkin":24,"stat.pickup.minecraft.spruce_door":673,"stat.drop.minecraft.hopper":5,"stat.pickup.minecraft.waterlily":496,"stat.useItem.minecraft.sponge":1,"stat.mineBlock.minecraft.ice":8382,"stat.craftItem.minecraft.redstone_torch":3876,"stat.pickup.minecraft.detector_rail":55,"stat.useItem.minecraft.packed_ice":3230,"stat.mineBlock.minecraft.gold_block":39,"stat.craftItem.minecraft.iron_hoe":6,"stat.drop.minecraft.stone":6466,"stat.useItem.minecraft.trapped_chest":397,"stat.pickup.minecraft.melon_seeds":2,"stat.drop.minecraft.gold_ore":4,"stat.pickup.minecraft.dropper":87,"stat.useItem.minecraft.black_shulker_box":26,"stat.pickup.minecraft.golden_leggings":26,"stat.pickup.minecraft.melon":393,"stat.drop.minecraft.stained_glass_pane":70,"stat.dropperInspected":1651,"stat.mineBlock.minecraft.nether_wart_block":299,"stat.pickup.minecraft.heavy_weighted_pressure_plate":1,"stat.useItem.minecraft.golden_rail":1989,"stat.craftItem.minecraft.detector_rail":366,"stat.drop.minecraft.bone":236,"stat.craftItem.minecraft.wooden_button":334,"stat.useItem.minecraft.furnace":272,"stat.pickup.minecraft.slime":44,"stat.pickup.minecraft.iron_leggings":17,"stat.mineBlock.minecraft.snow":237,"stat.mineBlock.minecraft.gravel":3334,"stat.mineBlock.minecraft.beacon":16,"stat.drop.minecraft.diamond_hoe":1,"stat.useItem.minecraft.wool":4034,"stat.drop.minecraft.reeds":1,"stat.craftItem.minecraft.gray_glazed_terracotta":8,"stat.craftItem.minecraft.leather":96,"stat.craftItem.minecraft.cyan_glazed_terracotta":9,"stat.pickup.minecraft.flint_and_steel":11,"stat.mineBlock.minecraft.green_shulker_box":21,"stat.useItem.minecraft.torch":9972,"stat.pickup.minecraft.golden_apple":3,"stat.pickup.minecraft.iron_nugget":317,"stat.craftItem.minecraft.redstone_block":1902,"stat.craftItem.minecraft.stone_stairs":88,"stat.pickup.minecraft.crafting_table":147,"stat.useItem.minecraft.log":2294,"stat.useItem.minecraft.comparator":763,"stat.drop.minecraft.tallgrass":5,"stat.craftItem.minecraft.crafting_table":83,"stat.drop.minecraft.end_stone":37,"stat.craftItem.minecraft.boat":40,"stat.pickup.minecraft.iron_hoe":4,"stat.pickup.minecraft.redstone_block":709,"stat.useItem.minecraft.cooked_fish":175,"stat.drop.minecraft.sign":27,"stat.useItem.minecraft.nether_wart_block":1931,"stat.drop.minecraft.stonebrick":62,"stat.craftItem.minecraft.stone_button":135,"stat.pickup.minecraft.web":271,"stat.drop.minecraft.planks":319,"stat.pickup.minecraft.sapling":1047,"stat.drop.minecraft.gray_shulker_box":1,"stat.craftItem.minecraft.red_glazed_terracotta":43,"stat.useItem.minecraft.deadbush":69,"stat.useItem.minecraft.birch_door":6,"stat.drop.minecraft.bow":60,"stat.pickup.minecraft.beetroot":62,"stat.drop.minecraft.golden_chestplate":4,"stat.killEntity.WitherSkeleton":73,"stat.useItem.minecraft.wooden_pressure_plate":35,"stat.pickup.minecraft.golden_sword":9,"stat.craftItem.minecraft.sugar":896,"stat.pickup.minecraft.rabbit":40,"stat.mineBlock.minecraft.orange_shulker_box":15,"stat.drop.minecraft.bucket":6,"stat.craftItem.minecraft.spruce_fence_gate":10,"stat.useItem.minecraft.baked_potato":1931,"stat.pickup.minecraft.stone_slab":10133,"stat.drop.minecraft.yellow_flower":12,"stat.pickup.minecraft.yellow_flower":70,"stat.pickup.minecraft.golden_rail":990,"stat.useItem.minecraft.fishing_rod":196,"stat.craftItem.minecraft.jungle_door":3,"stat.craftItem.minecraft.diamond_chestplate":2,"stat.pickup.minecraft.bone":3382,"stat.craftItem.minecraft.sticky_piston":755,"stat.pickup.minecraft.redstone_torch":1232,"stat.horseOneCm":949303,"stat.drop.minecraft.tripwire_hook":17,"stat.useItem.minecraft.log2":529,"stat.drop.minecraft.glowstone_dust":292,"stat.mineBlock.minecraft.slime":78,"stat.drop.minecraft.red_mushroom":10,"stat.drop.minecraft.mossy_cobblestone":5,"stat.drop.minecraft.prismarine_crystals":6,"stat.mineBlock.minecraft.black_shulker_box":26,"stat.mineBlock.minecraft.brown_mushroom":74,"stat.useItem.minecraft.diamond_sword":14719,"stat.craftItem.minecraft.diamond_helmet":6,"stat.climbOneCm":1966589,"stat.drop.minecraft.sticky_piston":15,"stat.useItem.minecraft.end_rod":1078,"stat.craftItem.minecraft.gold_block":212,"stat.enderchestOpened":2522,"stat.useItem.minecraft.redstone_torch":1381,"stat.pickup.minecraft.golden_helmet":21,"stat.craftItem.minecraft.purple_shulker_box":43,"stat.drop.minecraft.writable_book":2,"stat.useItem.minecraft.jungle_boat":4,"stat.useItem.minecraft.red_flower":4,"stat.pickup.minecraft.cooked_rabbit":9,"stat.pickup.minecraft.daylight_detector":5,"stat.pickup.minecraft.anvil":322,"stat.mineBlock.minecraft.black_glazed_terracotta":46,"stat.useItem.minecraft.iron_ore":54,"stat.craftItem.minecraft.trapdoor":488,"stat.craftItem.minecraft.stone_pickaxe":2,"stat.pickup.minecraft.cobblestone":23507,"stat.drop.minecraft.rabbit_hide":1,"stat.craftItem.minecraft.glass_bottle":399,"stat.pickup.minecraft.soul_sand":6733,"stat.useItem.minecraft.cooked_beef":868,"stat.pickup.minecraft.cactus":296,"stat.pickup.minecraft.dragon_egg":46,"stat.pickup.minecraft.redstone":6545,"stat.craftItem.minecraft.dispenser":99,"stat.pickup.minecraft.acacia_boat":4,"stat.mineBlock.minecraft.iron_ore":1553,"stat.craftItem.minecraft.book":157,"stat.drop.minecraft.name_tag":3,"stat.pickup.minecraft.mossy_cobblestone":84,"stat.useItem.minecraft.noteblock":70,"stat.craftItem.minecraft.cake":5,"stat.drop.minecraft.coal":110,"stat.pickup.minecraft.cake":1,"stat.drop.minecraft.iron_bars":504,"achievement.spawnWither":19,"stat.drop.minecraft.dirt":2177,"stat.useItem.minecraft.cooked_porkchop":43,"stat.pickup.minecraft.iron_shovel":19,"stat.pickup.minecraft.trapdoor":204,"stat.pickup.minecraft.carpet":1796,"stat.pickup.minecraft.diamond_shovel":44,"stat.pickup.minecraft.jungle_stairs":8,"stat.useItem.minecraft.chest_minecart":6,"stat.mineBlock.minecraft.lime_shulker_box":10,"stat.useItem.minecraft.sea_lantern":333,"stat.craftItem.minecraft.snow_layer":144,"stat.pickup.minecraft.silver_shulker_box":7,"stat.pickup.minecraft.nether_star":22,"stat.useItem.minecraft.spruce_fence":242,"stat.pickup.minecraft.sandstone_stairs":105,"stat.craftItem.minecraft.chest_minecart":6,"stat.pickup.minecraft.paper":687,"stat.craftItem.minecraft.stick":9504,"stat.craftItem.minecraft.stained_hardened_clay":4392,"stat.craftItem.minecraft.gold_nugget":20850,"stat.pickup.minecraft.grass":231,"stat.useItem.minecraft.stone_pressure_plate":81,"stat.drop.minecraft.leaves":3,"stat.pickup.minecraft.diamond_chestplate":17,"stat.drop.minecraft.dispenser":3,"stat.entityKilledBy.Creeper":1,"stat.breakItem.minecraft.shears":8,"stat.pickup.minecraft.blue_shulker_box":127,"stat.mineBlock.minecraft.planks":1750,"stat.drop":4872,"stat.killEntity.Sheep":21,"stat.drop.minecraft.iron_boots":6,"stat.drop.minecraft.redstone_block":134,"stat.pickup.minecraft.golden_chestplate":23,"stat.pickup.minecraft.purpur_pillar":129,"stat.drop.minecraft.nether_wart":33,"stat.craftItem.minecraft.piston":2365,"stat.useItem.minecraft.quartz_stairs":310,"stat.pickup.minecraft.black_glazed_terracotta":46,"stat.killEntity.Slime":115,"stat.mineBlock.minecraft.anvil":78,"stat.useItem.minecraft.lime_shulker_box":17,"stat.useItem.minecraft.blue_glazed_terracotta":11,"stat.pickup.minecraft.purple_shulker_box":930,"stat.useItem.minecraft.waterlily":4,"stat.useItem.minecraft.apple":4,"stat.mineBlock.minecraft.deadbush":271,"stat.useItem.minecraft.black_glazed_terracotta":66,"stat.drop.minecraft.chainmail_helmet":3,"stat.useItem.minecraft.carpet":4864,"stat.useItem.minecraft.potion":41,"stat.useItem.minecraft.flower_pot":44,"stat.mineBlock.minecraft.purpur_pillar":123,"stat.pickup.minecraft.fence":406,"stat.useItem.minecraft.stone_axe":86,"stat.craftItem.minecraft.iron_helmet":63,"stat.drop.minecraft.piston":5,"stat.craftItem.minecraft.rail":5776,"stat.drop.minecraft.glass":205,"achievement.onARail":25183,"stat.boatOneCm":27986187,"stat.craftItem.minecraft.flint_and_steel":36,"stat.useItem.minecraft.redstone_lamp":245,"stat.mineBlock.minecraft.leaves2":88,"stat.mineBlock.minecraft.stone_stairs":41,"stat.craftItem.minecraft.iron_bars":14125,"stat.mineBlock.minecraft.furnace":140,"stat.pickup.minecraft.dark_oak_fence":7,"stat.pickup.minecraft.prismarine_shard":10,"stat.drop.minecraft.stone_button":15,"stat.pickup.minecraft.end_crystal":131,"stat.drop.minecraft.water_bucket":3,"stat.killEntity.CaveSpider":2196,"stat.craftItem.minecraft.netherbrick":1551,"stat.craftItem.minecraft.birch_fence":33,"stat.pickup.minecraft.oak_stairs":43,"stat.pickup.minecraft.emerald_block":27,"stat.pickup.minecraft.stained_glass":3058,"stat.damageDealt":697474,"stat.drop.minecraft.rabbit_foot":4,"stat.craftItem.minecraft.anvil":4626,"stat.mineBlock.minecraft.nether_brick_stairs":235,"stat.pickup.minecraft.end_bricks":237,"stat.useItem.minecraft.crafting_table":182,"stat.useItem.minecraft.cyan_glazed_terracotta":12,"stat.craftItem.minecraft.stone_shovel":5,"stat.pickup.minecraft.boat":127,"stat.pickup.minecraft.stick":3598,"stat.drop.minecraft.vine":8,"achievement.enchantments":2,"stat.breakItem.minecraft.stone_pickaxe":1,"stat.craftItem.minecraft.birch_fence_gate":4,"stat.drop.minecraft.iron_block":2079,"stat.craftItem.minecraft.diamond_boots":8,"stat.craftItem.minecraft.writable_book":33,"stat.useItem.minecraft.redstone_block":369,"stat.drop.minecraft.leather_chestplate":16,"stat.useItem.minecraft.spruce_stairs":894,"stat.craftItem.minecraft.redstone":12420,"stat.useItem.minecraft.cactus":53,"stat.pickup.minecraft.chorus_fruit":560,"stat.craftItem.minecraft.red_nether_brick":962,"stat.mineBlock.minecraft.purple_glazed_terracotta":19,"stat.killEntity.Chicken":790,"stat.drop.minecraft.crafting_table":7,"stat.useItem.minecraft.iron_block":33809,"stat.mineBlock.minecraft.quartz_ore":2230,"stat.pickup.minecraft.concrete_powder":195,"stat.drop.minecraft.filled_map":4,"stat.pickup.minecraft.dragon_breath":60,"stat.drop.minecraft.diamond_boots":2,"stat.craftItem.minecraft.fence":486,"stat.craftItem.minecraft.jungle_fence":21,"stat.useItem.minecraft.golden_apple":1,"stat.mineBlock.minecraft.leaves":2822,"stat.craftItem.minecraft.purpur_slab":258,"stat.mineBlock.minecraft.piston":298,"stat.mineBlock.minecraft.bone_block":400,"stat.mineBlock.minecraft.hay_block":5,"stat.drop.minecraft.lime_shulker_box":6,"stat.craftItem.minecraft.tripwire_hook":576,"achievement.cookFish":2,"stat.beaconInteraction":64,"stat.pickup.minecraft.wooden_slab":456,"stat.leaveGame":985,"stat.pickup.minecraft.jungle_fence":12,"stat.useItem.minecraft.glowstone":1365,"stat.mineBlock.minecraft.sandstone":7170,"stat.craftItem.minecraft.ender_eye":1109,"stat.killEntity.PigZombie":40,"stat.craftItem.minecraft.shield":33,"stat.craftItem.minecraft.stone_pressure_plate":129,"stat.drop.minecraft.feather":4571,"stat.entityKilledBy.PigZombie":5,"stat.mineBlock.minecraft.red_sandstone":61,"stat.pickup.minecraft.leaves2":58,"stat.useItem.minecraft.sandstone_stairs":123,"achievement.diamondsToYou":2,"stat.useItem.minecraft.activator_rail":9,"stat.craftItem.minecraft.noteblock":9,"stat.useItem.minecraft.birch_boat":43,"stat.useItem.minecraft.purpur_stairs":144,"stat.mineBlock.minecraft.wooden_slab":395,"stat.pickup.minecraft.leather_boots":18,"stat.mineBlock.minecraft.lime_glazed_terracotta":6,"stat.killEntity.Witch":98,"stat.drop.minecraft.sand":1466,"stat.drop.minecraft.gold_ingot":76,"stat.craftItem.minecraft.wooden_pickaxe":1,"stat.craftItem.minecraft.brown_glazed_terracotta":1,"stat.craftItem.minecraft.iron_door":285,"stat.useItem.minecraft.iron_shovel":438,"stat.drop.minecraft.chainmail_leggings":3,"stat.drop.minecraft.cooked_mutton":3,"stat.craftItem.minecraft.bed":11,"stat.mineBlock.minecraft.hopper":1111,"stat.mineBlock.minecraft.vine":479,"stat.pickup.minecraft.melon_block":5,"stat.pickup.minecraft.record_far":1,"stat.drop.minecraft.gravel":194,"stat.mineBlock.minecraft.rail":1072,"stat.killEntity.ZombieVillager":19,"stat.noteblockPlayed":61,"stat.drop.minecraft.red_flower":468,"stat.useItem.minecraft.double_plant":10,"stat.pickup.minecraft.prismarine":6,"stat.pickup.minecraft.beef":379,"stat.pickup.minecraft.leather_helmet":24,"stat.pickup.minecraft.cauldron":125,"stat.mineBlock.minecraft.stained_hardened_clay":45913,"stat.useItem.minecraft.trapdoor":694,"stat.useItem.minecraft.blue_shulker_box":122,"stat.useItem.minecraft.stained_glass":15270,"stat.drop.minecraft.stone_pressure_plate":19,"stat.drop.minecraft.lead":5,"stat.useItem.minecraft.ice":6827,"achievement.openInventory":33990,"stat.pickup.minecraft.potion":1238,"stat.mineBlock.minecraft.dark_oak_fence_gate":26,"stat.useItem.minecraft.wooden_button":375,"stat.craftItem.minecraft.dropper":208,"stat.useItem.minecraft.dye":1845,"stat.breakItem.minecraft.diamond_boots":1,"stat.mineBlock.minecraft.stone_pressure_plate":33,"stat.useItem.minecraft.nether_brick":3137,"stat.drop.minecraft.torch":497,"stat.drop.minecraft.glass_bottle":1767,"stat.mineBlock.minecraft.tallgrass":1045,"achievement.potion":260,"stat.useItem.minecraft.splash_potion":16,"stat.useItem.minecraft.cooked_rabbit":21,"stat.craftItem.minecraft.light_weighted_pressure_plate":1,"stat.drop.minecraft.quartz_ore":1,"stat.useItem.minecraft.stone":17851,"stat.pickup.minecraft.arrow":5182,"stat.pickup.minecraft.wooden_pressure_plate":12,"stat.killEntity.Ghast":153,"stat.useItem.minecraft.ender_chest":146,"stat.useItem.minecraft.white_shulker_box":49,"stat.useItem.minecraft.clay":96,"stat.drop.minecraft.iron_pickaxe":2,"achievement.killCow":189,"stat.mineBlock.minecraft.chest":1413,"stat.pickup.minecraft.painting":1,"stat.drop.minecraft.melon_block":1,"stat.mineBlock.minecraft.hardened_clay":30597,"stat.mineBlock.minecraft.concrete_powder":116,"stat.craftItem.minecraft.hopper":1541,"stat.pickup.minecraft.gray_shulker_box":77,"stat.drop.minecraft.concrete_powder":64,"stat.pickup.minecraft.nether_brick_fence":460,"stat.useItem.minecraft.purple_glazed_terracotta":39,"stat.pickup.minecraft.yellow_shulker_box":5,"stat.pickup.minecraft.orange_shulker_box":17,"stat.useItem.minecraft.reeds":396,"stat.pickup.minecraft.birch_boat":64,"stat.craftItem.minecraft.wooden_sword":1,"stat.craftItem.minecraft.nether_brick":120,"stat.craftItem.minecraft.diamond_shovel":10,"stat.pickup.minecraft.wheat_seeds":2516,"stat.mineBlock.minecraft.glass":1538,"stat.drop.minecraft.spruce_fence":3,"stat.useItem.minecraft.enchanting_table":4,"stat.pickup.minecraft.pink_shulker_box":4,"stat.mineBlock.minecraft.dirt":25851,"stat.pickup.minecraft.poisonous_potato":6,"stat.drop.minecraft.paper":13,"stat.useItem.minecraft.bread":47,"stat.pickup.minecraft.brewing_stand":63,"stat.pickup.minecraft.light_blue_shulker_box":8,"stat.useItem.minecraft.cobblestone":4378,"stat.craftItem.minecraft.leather_boots":12,"stat.useItem.minecraft.gravel":254,"stat.mineBlock.minecraft.double_plant":53,"stat.minecartOneCm":3870392,"stat.drop.minecraft.chicken":391,"stat.pickup.minecraft.iron_pickaxe":9,"stat.mineBlock.minecraft.end_rod":272,"stat.drop.minecraft.carrot":894,"stat.craftItem.minecraft.gold_ingot":4251,"stat.pickup.minecraft.hopper":1021,"stat.mineBlock.minecraft.silver_shulker_box":8,"stat.craftItem.minecraft.brewing_stand":28,"stat.useItem.minecraft.tallgrass":22,"stat.pickup.minecraft.apple":84,"stat.useItem.minecraft.fireworks":272,"stat.pickup.minecraft.banner":153,"achievement.portal":2210,"stat.pickup.minecraft.carrot_on_a_stick":1,"stat.itemEnchanted":96,"stat.useItem.minecraft.acacia_boat":4,"stat.mineBlock.minecraft.log":4737,"stat.mineBlock.minecraft.heavy_weighted_pressure_plate":2,"stat.useItem.minecraft.wooden_door":1355,"achievement.acquireIron":113,"stat.useItem.minecraft.spruce_door":1376,"stat.craftItem.minecraft.paper":21330,"stat.pickup.minecraft.red_flower":5271,"stat.pickup.minecraft.wool":10017,"stat.useItem.minecraft.chorus_fruit":1,"stat.useItem.minecraft.wooden_axe":56,"stat.craftItem.minecraft.trapped_chest":343,"stat.pickup.minecraft.trapped_chest":73,"stat.pickup.minecraft.red_sandstone_stairs":1,"stat.cakeSlicesEaten":5,"stat.drop.minecraft.pumpkin":1,"stat.mineBlock.minecraft.orange_glazed_terracotta":4,"stat.craftItem.minecraft.cooked_rabbit":38,"stat.craftItem.minecraft.diamond_leggings":7,"stat.useItem.minecraft.iron_axe":503,"stat.useItem.minecraft.orange_glazed_terracotta":4,"stat.mineBlock.minecraft.silver_glazed_terracotta":12,"stat.mineBlock.minecraft.yellow_flower":54,"stat.useItem.minecraft.skull":47,"stat.craftItem.minecraft.wool":685,"stat.useItem.minecraft.snow":345,"stat.useItem.minecraft.concrete_powder":2501,"stat.pickup.minecraft.enchanted_book":17,"stat.pickup.minecraft.glowstone":772,"achievement.buildWorkBench":115,"stat.pickup.minecraft.writable_book":12,"stat.craftItem.minecraft.arrow":12,"stat.useItem.minecraft.obsidian":1348,"stat.pickup.minecraft.sticky_piston":288,"stat.useItem.minecraft.cookie":1,"stat.pickup.minecraft.bow":244,"stat.pickup.minecraft.chorus_fruit_popped":53,"stat.drop.minecraft.birch_boat":8,"stat.mineBlock.minecraft.detector_rail":19,"stat.useItem.minecraft.egg":1748,"stat.craftItem.minecraft.spruce_boat":161,"stat.pickup.minecraft.nether_wart_block":402,"stat.pickup.minecraft.coal_ore":665,"stat.craftItem.minecraft.cooked_beef":346,"stat.mineBlock.minecraft.obsidian":1294,"stat.pickup.minecraft.shears":20,"stat.craftItem.minecraft.bow":119,"stat.pickup.minecraft.iron_trapdoor":235,"stat.flyOneCm":45145050,"stat.pickup.minecraft.sandstone":7615,"stat.pickup.minecraft.nether_brick_stairs":302,"stat.pickup.minecraft.fish":3,"stat.craftItem.minecraft.stained_glass":11544,"stat.timeSinceDeath":164876,"stat.pickup.minecraft.quartz_ore":1007,"stat.cauldronFilled":45,"stat.craftItem.minecraft.purpur_block":396,"stat.drop.minecraft.repeater":4,"stat.killEntity.Bat":4,"stat.useItem.minecraft.potato":82,"stat.pickup.minecraft.chainmail_helmet":4,"stat.pickup.minecraft.nether_wart":26295,"stat.mineBlock.minecraft.enchanting_table":2,"stat.pickup.minecraft.spruce_fence":97,"stat.killEntity.Wolf":1,"stat.craftItem.minecraft.concrete_powder":2640,"stat.mineBlock.minecraft.coal_ore":3187,"stat.pickup.minecraft.shield":29,"stat.talkedToVillager":32,"stat.drop.minecraft.baked_potato":77,"stat.pickup.minecraft.string":2697,"stat.craftItem.minecraft.blue_glazed_terracotta":9,"stat.mineBlock.minecraft.ladder":218,"stat.useItem.minecraft.written_book":133,"stat.mineBlock.minecraft.chorus_flower":4,"stat.useItem.minecraft.dragon_egg":20,"stat.useItem.minecraft.diamond_shovel":62548,"stat.craftItem.minecraft.wooden_axe":1,"stat.pickup.minecraft.bone_block":651,"stat.mineBlock.minecraft.diamond_ore":155,"stat.pickup.minecraft.fireworks":3069,"stat.pickup.minecraft.lime_glazed_terracotta":6,"stat.drop.minecraft.lava_bucket":2,"stat.craftItem.minecraft.wooden_pressure_plate":28,"stat.craftItem.minecraft.speckled_melon":300,"achievement.killEnemy":46529,"stat.drop.minecraft.redstone_ore":2,"stat.useItem.minecraft.wooden_sword":89,"stat.breakItem.minecraft.iron_shovel":1,"stat.useItem.minecraft.diamond_ore":11,"stat.useItem.minecraft.ladder":1337,"stat.pickup.minecraft.snowball":1346,"stat.killEntity.Guardian":6,"stat.craftItem.minecraft.sandstone_stairs":148,"stat.diveOneCm":2736148,"stat.useItem.minecraft.sticky_piston":483,"stat.craftItem.minecraft.ladder":1101,"achievement.buildHoe":11,"stat.mineBlock.minecraft.stone_button":51,"stat.drop.minecraft.ladder":68,"stat.pickup.minecraft.stone_axe":3,"stat.pickup.minecraft.stained_glass_pane":212,"stat.useItem.minecraft.rotten_flesh":13,"stat.drop.minecraft.apple":2,"stat.craftItem.minecraft.diamond_sword":10,"stat.mineBlock.minecraft.blue_shulker_box":122,"stat.drop.minecraft.sandstone":682,"stat.jump":239733,"stat.useItem.minecraft.sand":3815,"stat.pickup.minecraft.white_shulker_box":52,"stat.mineBlock.minecraft.observer":21,"stat.craftItem.minecraft.torch":5512,"achievement.makeBread":68,"stat.drop.minecraft.glowstone":136,"stat.craftItem.minecraft.fermented_spider_eye":141,"stat.mineBlock.minecraft.spruce_fence_gate":10,"stat.mineBlock.minecraft.purpur_block":187,"stat.drop.minecraft.dragon_egg":1,"stat.mineBlock.minecraft.cyan_glazed_terracotta":12,"stat.useItem.minecraft.glass":5723,"stat.useItem.minecraft.sapling":409,"stat.pickup.minecraft.gold_ore":171,"achievement.blazeRod":1085,"stat.mineBlock.minecraft.glass_pane":158,"stat.damageTaken":329023,"stat.useItem.minecraft.red_shulker_box":140,"stat.useItem.minecraft.end_crystal":172,"stat.mineBlock.minecraft.melon_block":31,"stat.useItem.minecraft.gold_block":93,"stat.mineBlock.minecraft.sapling":106,"stat.useItem.minecraft.carrot_on_a_stick":1,"stat.pickup.minecraft.log2":355,"stat.mineBlock.minecraft.sandstone_stairs":62,"stat.useItem.minecraft.purple_shulker_box":927,"stat.pickup.minecraft.bed":39,"stat.drop.minecraft.nether_brick_fence":9,"stat.cauldronUsed":1,"stat.pickup.minecraft.concrete":2781,"stat.pickup.minecraft.quartz_block":287,"stat.pickup.minecraft.potato":314,"stat.killEntity.Shulker":42,"stat.entityKilledBy.Zombie":4,"stat.killEntity.Silverfish":10,"stat.entityKilledBy.LavaSlime":10,"stat.craftItem.minecraft.stone_slab":23308,"stat.animalsBred":731,"stat.useItem.minecraft.chest":2139,"stat.mineBlock.minecraft.light_blue_shulker_box":7,"stat.useItem.minecraft.observer":237,"stat.useItem.minecraft.birch_fence_gate":4,"stat.shulkerBoxOpened":6731,"stat.craftItem.minecraft.iron_chestplate":72,"stat.pickup.minecraft.baked_potato":858,"stat.drop.minecraft.potato":5,"stat.pickup.minecraft.ender_pearl":13828,"stat.drop.minecraft.wooden_slab":6,"stat.pickup.minecraft.ladder":876,"stat.useItem.minecraft.netherrack":18058,"stat.craftItem.minecraft.stained_glass_pane":1344,"stat.drop.minecraft.brown_glazed_terracotta":1,"stat.craftItem.minecraft.bookshelf":15,"stat.useItem.minecraft.tripwire_hook":36,"stat.mineBlock.minecraft.stonebrick":1498,"stat.drop.minecraft.cookie":127,"stat.mineBlock.minecraft.gray_glazed_terracotta":4,"stat.craftItem.minecraft.purpur_stairs":88,"stat.mineBlock.minecraft.glowstone":1343,"stat.craftItem.minecraft.shears":89,"stat.craftItem.minecraft.golden_shovel":1,"stat.useItem.minecraft.cobblestone_wall":1659,"stat.breakItem.minecraft.diamond_shovel":1,"stat.useItem.minecraft.writable_book":38,"stat.drop.minecraft.spruce_stairs":26,"stat.breakItem.minecraft.wooden_shovel":1,"stat.pickup.minecraft.torch":7086,"stat.drop.minecraft.diamond_shovel":10,"stat.mineBlock.minecraft.red_glazed_terracotta":6,"stat.pickup.minecraft.spruce_boat":92,"stat.useItem.minecraft.purpur_slab":107,"stat.drop.minecraft.arrow":412,"stat.drop.minecraft.shears":8,"stat.drop.minecraft.blue_glazed_terracotta":1,"stat.pickup.minecraft.jungle_boat":1,"stat.pickup.minecraft.dark_oak_fence_gate":59,"stat.useItem.minecraft.end_bricks":209,"stat.drop.minecraft.waterlily":166,"stat.pigOneCm":65824,"stat.pickup.minecraft.deadbush":69,"stat.craftItem.minecraft.iron_axe":13,"stat.mineBlock.minecraft.purple_shulker_box":904,"stat.useItem.minecraft.lead":1,"stat.pickup.minecraft.lapis_block":28,"stat.drop.minecraft.red_nether_brick":9,"stat.drop.minecraft.trapdoor":4,"stat.pickup.minecraft.fishing_rod":2,"stat.useItem.minecraft.planks":2926,"stat.useItem.minecraft.nether_brick_stairs":508,"stat.pickup.minecraft.porkchop":27,"stat.pickup.minecraft.glass":2992,"stat.pickup.minecraft.blaze_powder":18,"stat.drop.minecraft.melon":35,"stat.useItem.minecraft.red_sandstone_stairs":1,"stat.useItem.minecraft.pink_shulker_box":3,"stat.useItem.minecraft.water_bucket":1168,"stat.pickup.minecraft.sand":30728,"stat.craftItem.minecraft.dark_oak_fence":15,"stat.pickup.minecraft.hardened_clay":28031,"stat.useItem.minecraft.red_nether_brick":1380,"stat.pickup.minecraft.name_tag":166,"achievement.diamonds":138,"stat.drop.minecraft.hardened_clay":3519,"stat.drop.minecraft.splash_potion":1,"stat.pickup.minecraft.activator_rail":2,"stat.aviateOneCm":247912570,"stat.useItem.minecraft.ender_pearl":4068,"stat.useItem.minecraft.brown_mushroom":29,"stat.craftItem.minecraft.cooked_fish":64,"achievement.buildBetterPickaxe":85,"stat.craftItem.minecraft.blaze_powder":2420,"stat.drop.minecraft.golden_sword":1,"stat.useItem.minecraft.red_glazed_terracotta":6,"achievement.breedCow":188,"stat.useItem.minecraft.oak_stairs":39,"stat.craftItem.minecraft.golden_carrot":1929,"stat.mineBlock.minecraft.dark_oak_stairs":35,"stat.drop.minecraft.stone_slab":942,"stat.pickup.minecraft.fence_gate":22,"stat.pickup.minecraft.filled_map":6,"stat.pickup.minecraft.furnace":144,"stat.useItem.minecraft.redstone":9036,"achievement.overkill":44,"stat.mineBlock.minecraft.end_bricks":156,"stat.mineBlock.minecraft.redstone_lamp":53,"achievement.mineWood":4769,"stat.pickup.minecraft.iron_chestplate":15,"stat.pickup.minecraft.end_rod":443,"stat.pickup.minecraft.cyan_glazed_terracotta":12,"stat.useItem.minecraft.stone_stairs":113,"stat.pickup.minecraft.skull":81,"stat.pickup.minecraft.acacia_door":3,"stat.craftItem.minecraft.nether_wart_block":1749,"stat.mineBlock.minecraft.red_shulker_box":141,"stat.useItem.minecraft.hopper":2012,"stat.craftItem.minecraft.heavy_weighted_pressure_plate":9,"stat.mineBlock.minecraft.oak_stairs":16,"stat.drop.minecraft.golden_carrot":121,"stat.playOneMinute":65049128,"stat.pickup.minecraft.birch_door":2,"stat.drop.minecraft.string":248,"stat.useItem.minecraft.jungle_stairs":35,"stat.pickup.minecraft.diamond_block":26,"stat.useItem.minecraft.shears":1713,"stat.pickup.minecraft.beacon":23,"stat.mineBlock.minecraft.brown_mushroom_block":1332,"stat.pickup.minecraft.iron_bars":1268,"stat.pickup.minecraft.dispenser":67,"stat.drop.minecraft.ice":336,"stat.pickup.minecraft.red_glazed_terracotta":6,"stat.mineBlock.minecraft.dark_oak_fence":9,"stat.craftItem.minecraft.carpet":4159,"stat.mineBlock.minecraft.netherrack":80525,"stat.mineBlock.minecraft.dispenser":65,"stat.drop.minecraft.flint":47,"stat.craftItem.minecraft.golden_rail":522,"stat.useItem.minecraft.quartz_ore":863,"stat.craftItem.minecraft.iron_nugget":1994,"stat.pickup.minecraft.cooked_chicken":1335,"stat.fallOneCm":7025595,"stat.drop.minecraft.dye":293,"stat.craftItem.minecraft.chest":2514,"stat.craftItem.minecraft.banner":148,"stat.useItem.minecraft.nether_brick_fence":168,"stat.mineBlock.minecraft.lever":146,"stat.pickup.minecraft.red_mushroom":22,"stat.useItem.minecraft.iron_hoe":183,"stat.craftItem.minecraft.end_bricks":128,"stat.pickup.minecraft.comparator":474,"stat.drop.minecraft.leaves2":9,"stat.pickup.minecraft.feather":1698,"stat.drop.minecraft.iron_leggings":4,"stat.pickup.minecraft.record_cat":1,"stat.mineBlock.minecraft.red_nether_brick":241,"stat.mineBlock.minecraft.spruce_fence":80,"stat.useItem.minecraft.yellow_shulker_box":3,"achievement.fullBeacon":28,"stat.craftItem.minecraft.dark_oak_fence_gate":36,"stat.pickup.minecraft.lead":157,"stat.useItem.minecraft.stone_pickaxe":253,"stat.useItem.minecraft.stone_sword":173,"stat.craftItem.minecraft.iron_leggings":59,"stat.useItem.minecraft.orange_shulker_box":15,"stat.killEntity.Rabbit":243,"stat.craftItem.minecraft.oak_stairs":72,"stat.pickup.minecraft.redstone_ore":162,"stat.pickup.minecraft.chainmail_boots":17,"stat.drop.minecraft.stick":3181,"stat.useItem.minecraft.iron_bars":11622,"stat.mineBlock.minecraft.quartz_stairs":130,"stat.useItem.minecraft.bone_block":996,"stat.drop.minecraft.stone_brick_stairs":3,"stat.mineBlock.minecraft.pink_shulker_box":3,"stat.drop.minecraft.black_glazed_terracotta":1,"stat.killEntity.LavaSlime":757,"stat.pickup.minecraft.log":5848,"achievement.theEnd2":1,"stat.mineBlock.minecraft.golden_rail":391,"stat.craftItem.minecraft.hopper_minecart":15,"stat.pickup.minecraft.tallgrass":26,"stat.pickup.minecraft.chainmail_leggings":6,"stat.pickup.minecraft.wooden_door":641,"stat.entityKilledBy.Enderman":3,"stat.mineBlock.minecraft.iron_block":7817,"stat.mineBlock.minecraft.tripwire_hook":13,"stat.craftItem.minecraft.snow":622,"stat.pickup.minecraft.diamond_helmet":43,"stat.drop.minecraft.dropper":2,"stat.useItem.minecraft.jungle_door":1,"stat.craftItem.minecraft.cooked_chicken":337,"stat.useItem.minecraft.stone_hoe":27,"stat.craftItem.minecraft.flower_pot":51,"stat.useItem.minecraft.beetroot_seeds":64,"stat.sneakTime":3510515,"stat.mineBlock.minecraft.cobblestone_wall":351,"stat.mineBlock.minecraft.yellow_shulker_box":4,"stat.useItem.minecraft.brewing_stand":75,"stat.useItem.minecraft.beetroot":27,"stat.pickup.minecraft.chest":1654,"stat.craftItem.minecraft.enchanting_table":2,"stat.useItem.minecraft.web":261,"stat.craftItem.minecraft.leather_leggings":20,"stat.useItem.minecraft.lapis_block":45,"stat.drop.minecraft.sugar":333,"stat.pickup.minecraft.stone_pressure_plate":63,"stat.pickup.minecraft.lit_pumpkin":89,"stat.useItem.minecraft.repeater":1483,"stat.craftItem.minecraft.lime_glazed_terracotta":9,"stat.drop.minecraft.leather_helmet":17,"stat.craftItem.minecraft.stone_brick_stairs":2096,"stat.drop.minecraft.iron_nugget":770,"stat.useItem.minecraft.silver_glazed_terracotta":12,"stat.craftItem.minecraft.iron_trapdoor":517,"stat.swimOneCm":6434983,"stat.mineBlock.minecraft.diamond_block":26,"stat.mineBlock.minecraft.spruce_stairs":229,"stat.drop.minecraft.brown_mushroom":9,"stat.useItem.minecraft.dirt":10838,"stat.pickup.minecraft.purpur_block":195,"achievement.exploreAllBiomes":{"value":0,"progress":["Sunflower Plains","Cold Taiga","Desert M","Birch Forest","Roofed Forest","Extreme Hills M","MushroomIslandShore","The End","Extreme Hills+ M","Beach","FrozenRiver","Mesa Plateau","Mega Taiga Hills","Extreme Hills+","Ocean","River","Taiga","Mega Taiga","MushroomIsland","Swampland","Ice Mountains","Birch Forest Hills","Savanna Plateau","Mesa Plateau F","Roofed Forest M","Mesa","ForestHills","Flower Forest","Plains","Ice Plains Spikes","TaigaHills","DesertHills","Birch Forest M","Ice Plains","Jungle","Forest","Desert","Extreme Hills","Savanna M","Mesa (Bryce)","Deep Ocean","Savanna","Hell","Swampland M"]},"stat.pickup.minecraft.enchanting_table":2,"stat.drop.minecraft.iron_trapdoor":3,"stat.useItem.minecraft.detector_rail":57,"stat.craftItem.minecraft.melon_block":445,"stat.drop.minecraft.ender_pearl":2102,"stat.mineBlock.minecraft.magma":1759,"stat.pickup.minecraft.quartz_stairs":138,"stat.mineBlock.minecraft.carpet":928,"stat.pickup.minecraft.gold_block":39,"stat.drop.minecraft.fence":10,"stat.mineBlock.minecraft.redstone_block":288,"stat.useItem.minecraft.stone_shovel":136,"stat.pickup.minecraft.glass_bottle":344,"stat.useItem.minecraft.red_mushroom":1,"stat.drop.minecraft.wheat_seeds":295,"stat.craftItem.minecraft.wooden_slab":1210,"stat.useItem.minecraft.sign":763,"stat.drop.minecraft.log":127,"stat.pickup.minecraft.mutton":15,"achievement.theEnd":55,"stat.useItem.minecraft.lever":387,"stat.pickup.minecraft.wooden_axe":1,"stat.mineBlock.minecraft.coal_block":58,"stat.pickup.minecraft.dark_oak_door":2,"stat.drop.minecraft.golden_boots":3,"stat.pickup.minecraft.stonebrick":2032,"stat.pickup.minecraft.redstone_lamp":66,"stat.mineBlock.minecraft.nether_brick":17722,"stat.craftItem.minecraft.nether_brick_fence":30,"stat.mineBlock.minecraft.red_sandstone_stairs":1,"stat.pickup.minecraft.snow_layer":4,"stat.useItem.minecraft.purpur_pillar":154,"stat.craftItem.minecraft.brick_block":1,"stat.drop.minecraft.anvil":193,"stat.drop.minecraft.yellow_glazed_terracotta":1,"stat.pickup.minecraft.gray_glazed_terracotta":4,"stat.drop.minecraft.potion":35,"stat.useItem.minecraft.stone_slab":24827,"stat.pickup.minecraft.speckled_melon":2,"stat.useItem.minecraft.bed":48,"stat.craftItem.minecraft.stone":5640,"stat.craftItem.minecraft.armor_stand":46,"stat.mineBlock.minecraft.crafting_table":142,"stat.useItem.minecraft.diamond_pickaxe":308594,"stat.mineBlock.minecraft.quartz_block":292,"stat.useItem.minecraft.carrot":17,"stat.killEntity.Endermite":69,"stat.useItem.minecraft.wooden_shovel":115,"stat.useItem.minecraft.bucket":1429,"achievement.buildFurnace":222,"stat.drop.minecraft.spruce_fence_gate":4,"stat.pickup.minecraft.stone_button":149,"stat.pickup.minecraft.slime_ball":327,"stat.useItem.minecraft.purpur_block":149,"stat.craftItem.minecraft.diamond_pickaxe":18,"stat.craftItem.minecraft.clay":112,"stat.pickup.minecraft.gravel":2995,"stat.useItem.minecraft.glass_bottle":1623,"stat.useItem.minecraft.diamond_axe":16263,"stat.pickup.minecraft.purpur_stairs":88,"stat.drop.minecraft.spruce_boat":30,"stat.pickup.minecraft.red_shulker_box":142,"stat.useItem.minecraft.stained_glass_pane":868,"stat.pickup.minecraft.stone_brick_stairs":1081,"stat.pickup.minecraft.diamond_sword":68,"stat.useItem.minecraft.wooden_hoe":7,"stat.pickup.minecraft.iron_helmet":48,"stat.craftItem.minecraft.birch_boat":30,"stat.pickup.minecraft.black_shulker_box":27,"stat.useItem.minecraft.piston":1084,"stat.craftItem.minecraft.bread":36,"stat.pickup.minecraft.spider_eye":1614,"stat.useItem.minecraft.stone_button":151,"stat.pickup.minecraft.diamond_ore":31,"stat.useItem.minecraft.cooked_chicken":2628,"stat.craftItem.minecraft.end_crystal":899,"stat.pickup.minecraft.iron_ore":1592,"stat.pickup.minecraft.snow":147,"stat.mineBlock.minecraft.iron_bars":751,"stat.pickup.minecraft.leaves":749,"stat.craftItem.minecraft.activator_rail":444,"stat.pickup.minecraft.leather":562,"stat.drop.minecraft.iron_hoe":1,"stat.useItem.minecraft.wooden_pickaxe":31,"stat.dispenserInspected":754,"stat.drop.minecraft.red_sandstone":2,"stat.pickup.minecraft.reeds":1555,"stat.pickup.minecraft.prismarine_crystals":16,"stat.useItem.minecraft.magma":5012,"stat.craftItem.minecraft.glass":11541,"stat.drop.minecraft.cooked_chicken":284,"stat.craftItem.minecraft.cauldron":177,"stat.sleepInBed":865,"stat.craftItem.minecraft.baked_potato":2072,"stat.drop.minecraft.shulker_shell":2,"stat.killEntity.Cow":253,"stat.pickup.minecraft.minecart":216,"stat.killEntity.Pig":14,"stat.craftItem.minecraft.iron_sword":78,"stat.pickup.minecraft.piston":384,"stat.breakItem.minecraft.fishing_rod":4,"stat.walkOneCm":188063026,"stat.playerKills":3,"stat.pickup.minecraft.clay_ball":999,"stat.mineBlock.minecraft.trapped_chest":84,"stat.useItem.minecraft.dark_oak_fence_gate":57,"stat.useItem.minecraft.emerald_block":44,"stat.pickup.minecraft.purpur_slab":54,"stat.useItem.minecraft.spruce_boat":65,"stat.drop.minecraft.diamond_axe":5,"stat.drop.minecraft.iron_chestplate":5,"stat.pickup.minecraft.stone":61718,"stat.mineBlock.minecraft.wool":854,"stat.drop.minecraft.slime":3,"stat.pickup.minecraft.silver_glazed_terracotta":12,"stat.drop.minecraft.diamond_leggings":3,"stat.drop.minecraft.emerald":2,"stat.craftItem.minecraft.hay_block":14,"stat.mineBlock.minecraft.packed_ice":1201,"stat.useItem.minecraft.leaves":1150,"stat.craftItem.minecraft.minecart":147,"stat.pickup.minecraft.gold_ingot":421,"stat.useItem.minecraft.prismarine":4,"stat.killEntity.Skeleton":2965,"stat.mineBlock.minecraft.cactus":51,"stat.drop.minecraft.chainmail_boots":1,"stat.drop.minecraft.fermented_spider_eye":4,"stat.mineBlock.minecraft.redstone_torch":608,"stat.killEntity.Spider":240,"stat.pickup.minecraft.bread":88,"stat.drop.minecraft.end_rod":11,"stat.craftItem.minecraft.spruce_fence":225,"stat.pickup.minecraft.quartz":2504,"stat.pickup.minecraft.birch_fence":10,"stat.pickup.minecraft.blue_glazed_terracotta":11,"stat.pickup.minecraft.water_bucket":39,"stat.useItem.minecraft.hopper_minecart":15,"stat.pickup.minecraft.spruce_stairs":245,"stat.mineBlock.minecraft.redstone_ore":609,"stat.pickup.minecraft.elytra":39,"stat.pickup.minecraft.lava_bucket":4,"stat.craftItem.minecraft.coal_block":192,"stat.drop.minecraft.beef":4,"stat.craftItem.minecraft.brick":438,"stat.mineBlock.minecraft.stone":71290,"stat.useItem.minecraft.sandstone":5324}