{"stat.chestOpened":3,"stat.walkOneCm":15857,"stat.useItem.minecraft.torch":2,"stat.leaveGame":33,"stat.jump":51,"stat.swimOneCm":976,"stat.crouchOneCm":1313,"stat.enderchestOpened":1,"stat.sprintOneCm":26178,"achievement.exploreAllBiomes":{"value":0,"progress":["Mesa Plateau F","Mesa","ForestHills","The End","Mesa Plateau F M","Beach","Stone Beach","Mesa Plateau","Forest","River","Ocean","Desert","Mega Taiga","Extreme Hills","Mesa (Bryce)","Deep Ocean","Hell"]},"stat.craftingTableInteraction":1,"stat.useItem.minecraft.netherrack":6,"achievement.openInventory":67,"stat.useItem.minecraft.egg":336,"stat.dispenserInspected":1,"stat.flyOneCm":3362447,"stat.pickup.minecraft.egg":55,"stat.playOneMinute":1841879,"stat.pickup.minecraft.red_flower":31,"stat.sneakTime":9300,"stat.damageDealt":9,"stat.timeSinceDeath":1841836,"stat.useItem.minecraft.sign":2,"stat.diveOneCm":713}