{"stat.useItem.minecraft.bow":39401,"stat.craftItem.minecraft.acacia_boat":2,"stat.useItem.minecraft.quartz_block":1200,"stat.useItem.minecraft.painting":30,"stat.drop.minecraft.gunpowder":673,"achievement.killWither":13,"stat.drop.minecraft.redstone":2997,"stat.pickup.minecraft.dark_oak_boat":43,"stat.mineBlock.minecraft.stained_glass":2523,"stat.drop.minecraft.enchanted_book":11,"stat.mineBlock.minecraft.web":837,"stat.drop.minecraft.coal_block":11,"stat.drop.minecraft.iron_sword":13,"stat.pickup.minecraft.rotten_flesh":7949,"stat.drop.minecraft.redstone_torch":70,"stat.mineBlock.minecraft.purpur_stairs":132,"stat.craftItem.minecraft.stone_axe":6,"stat.drop.minecraft.leather_boots":4,"stat.useItem.minecraft.vine":69,"stat.pickup.minecraft.cobblestone_wall":887,"stat.pickup.minecraft.bucket":16,"stat.useItem.minecraft.rail":5369,"stat.killEntity.Enderman":68675,"stat.drop.minecraft.elytra":6,"stat.useItem.minecraft.anvil":288,"stat.craftItem.minecraft.iron_shovel":24,"stat.mineBlock.minecraft.emerald_block":32,"stat.pickup.minecraft.brown_mushroom":285,"achievement.buildPickaxe":124,"stat.mineBlock.minecraft.end_stone":2275,"stat.killEntity.Villager":82,"stat.useItem.minecraft.iron_pickaxe":3043,"stat.pickup.minecraft.stained_hardened_clay":73495,"stat.drop.minecraft.ender_eye":6,"stat.pickup.minecraft.double_plant":1060,"stat.craftItem.minecraft.glass_pane":48,"stat.useItem.minecraft.hardened_clay":15575,"stat.drop.minecraft.diamond_chestplate":1,"stat.pickup.minecraft.light_weighted_pressure_plate":23,"stat.mineBlock.minecraft.sticky_piston":328,"stat.pickup.minecraft.wooden_shovel":27,"stat.furnaceInteraction":1317,"stat.useItem.minecraft.golden_carrot":3342,"stat.useItem.minecraft.nether_wart":1994,"stat.mineBlock.minecraft.chorus_plant":5,"stat.pickup.minecraft.nether_brick":4627,"stat.drop.minecraft.chorus_fruit":17,"stat.pickup.minecraft.sponge":87,"stat.craftItem.minecraft.leather_helmet":43,"stat.useItem.minecraft.green_shulker_box":40,"stat.useItem.minecraft.end_stone":817,"stat.mineBlock.minecraft.wooden_button":42,"stat.drop.minecraft.cactus":4,"stat.useItem.minecraft.red_sandstone":1208,"stat.pickup.minecraft.hay_block":4,"stat.craftItem.minecraft.golden_leggings":9,"stat.pickup.minecraft.cyan_shulker_box":71,"stat.drop.minecraft.magma":4,"stat.useItem.minecraft.fence":700,"stat.craftItem.minecraft.orange_glazed_terracotta":4,"stat.drop.minecraft.furnace":21,"stat.useItem.minecraft.acacia_fence":24,"stat.mineBlock.minecraft.sponge":65,"stat.useItem.minecraft.cauldron":93,"stat.mineBlock.minecraft.fence":386,"stat.useItem.minecraft.flint_and_steel":1539,"stat.useItem.minecraft.wheat_seeds":725,"stat.mineBlock.minecraft.sea_lantern":199,"stat.craftItem.minecraft.silver_glazed_terracotta":2,"stat.drop.minecraft.cooked_fish":3,"stat.killEntity.Husk":1,"stat.pickup.minecraft.emerald":330,"stat.pickup.minecraft.lever":183,"stat.deaths":148,"stat.pickup.minecraft.bowl":23,"stat.pickup.minecraft.egg":493,"stat.craftItem.minecraft.melon_seeds":191,"stat.mineBlock.minecraft.brown_shulker_box":91,"stat.craftItem.minecraft.item_frame":203,"stat.craftItem.minecraft.wooden_shovel":103,"stat.pickup.minecraft.clock":2,"stat.craftItem.minecraft.iron_pickaxe":16,"stat.pickup.minecraft.glass_pane":2,"stat.pickup.minecraft.item_frame":273,"stat.pickup.minecraft.sea_lantern":453,"stat.craftItem.minecraft.repeater":1339,"stat.drop.minecraft.iron_ingot":254,"stat.mineBlock.minecraft.light_weighted_pressure_plate":14,"stat.craftItem.minecraft.cooked_mutton":109,"stat.pickup.minecraft.cooked_mutton":327,"stat.chestOpened":42305,"stat.useItem.minecraft.lapis_ore":4,"stat.craftItem.minecraft.mossy_cobblestone":117,"stat.craftItem.minecraft.sign":630,"stat.useItem.minecraft.jungle_fence":77,"stat.pickup.minecraft.iron_sword":24,"stat.pickup.minecraft.lapis_ore":9,"stat.craftItem.minecraft.quartz_block":2280,"stat.pickup.minecraft.gold_nugget":388,"stat.pickup.minecraft.chorus_flower":7,"stat.drop.minecraft.banner":3,"stat.craftItem.minecraft.coal":2788,"stat.craftItem.minecraft.ender_chest":14,"stat.pickup.minecraft.carrot":7104,"stat.drop.minecraft.stone_sword":31,"stat.crouchOneCm":4367487,"stat.pickup.minecraft.rail":6150,"stat.craftItem.minecraft.diamond":747,"stat.craftItem.minecraft.iron_ingot":22515,"stat.pickup.minecraft.ender_chest":235,"stat.drop.minecraft.slime_ball":144,"stat.craftingTableInteraction":4131,"stat.mineBlock.minecraft.wooden_pressure_plate":36,"stat.useItem.minecraft.light_blue_shulker_box":103,"stat.pickup.minecraft.repeater":1324,"stat.mineBlock.minecraft.log2":2924,"stat.pickup.minecraft.wooden_pickaxe":2,"stat.drop.minecraft.double_plant":109,"stat.useItem.minecraft.dark_oak_fence":96,"stat.pickup.minecraft.dye":13579,"stat.mineBlock.minecraft.jungle_fence":11,"stat.pickup.minecraft.planks":6179,"stat.drop.minecraft.minecart":25,"stat.drop.minecraft.soul_sand":11,"stat.useItem.minecraft.lime_glazed_terracotta":6,"stat.drop.minecraft.carpet":118,"stat.mineBlock.minecraft.ender_chest":218,"stat.craftItem.minecraft.magma":22,"stat.pickup.minecraft.ice":1659,"stat.mineBlock.minecraft.daylight_detector":1,"stat.flowerPotted":11,"stat.drop.minecraft.rotten_flesh":641,"stat.pickup.minecraft.magma":269,"stat.craftItem.minecraft.purple_glazed_terracotta":36,"stat.drop.minecraft.coal_ore":90,"stat.drop.minecraft.iron_door":1,"stat.drop.minecraft.iron_ore":336,"stat.useItem.minecraft.yellow_flower":1,"stat.drop.minecraft.sapling":43,"stat.pickup.minecraft.chicken":151,"stat.pickup.minecraft.tipped_arrow":172,"stat.drop.minecraft.gold_nugget":6,"stat.drop.minecraft.blue_shulker_box":1,"stat.pickup.minecraft.end_stone":2255,"stat.useItem.minecraft.glass_pane":4,"stat.breakItem.minecraft.stone_shovel":1,"stat.pickup.minecraft.coal_block":998,"stat.drop.minecraft.fish":8,"stat.drop.minecraft.trapped_chest":7,"stat.craftItem.minecraft.bucket":133,"stat.craftItem.minecraft.planks":68262,"stat.useItem.minecraft.iron_sword":2311,"stat.craftItem.minecraft.dirt":7819,"stat.mineBlock.minecraft.prismarine":313,"stat.craftItem.minecraft.fishing_rod":20,"stat.pickup.minecraft.stone_sword":130,"stat.useItem.minecraft.daylight_detector":3,"stat.useItem.minecraft.stonebrick":14570,"stat.pickup.minecraft.book":448,"stat.craftItem.minecraft.wooden_door":6,"stat.mineBlock.minecraft.waterlily":2,"stat.pickup.minecraft.orange_glazed_terracotta":5,"stat.drop.minecraft.leather_leggings":7,"stat.pickup.minecraft.iron_door":29,"stat.pickup.minecraft.red_nether_brick":88,"stat.drop.minecraft.sea_lantern":1,"stat.pickup.minecraft.cooked_fish":161,"stat.craftItem.minecraft.spruce_door":51,"stat.pickup.minecraft.tripwire_hook":48,"stat.mineBlock.minecraft.magenta_glazed_terracotta":17,"stat.pickup.minecraft.bookshelf":41,"stat.pickup.minecraft.spruce_fence_gate":38,"stat.mineBlock.minecraft.cobblestone":7129,"stat.mineBlock.minecraft.pumpkin":236,"stat.useItem.minecraft.beacon":60,"stat.pickup.minecraft.stone_pickaxe":3,"stat.pickup.minecraft.flint":396,"stat.craftItem.minecraft.quartz_stairs":496,"stat.drop.minecraft.beacon":1,"stat.breakItem.minecraft.diamond_leggings":1,"stat.pickup.minecraft.leather_chestplate":32,"stat.mineBlock.minecraft.concrete":3671,"stat.pickup.minecraft.flower_pot":5,"stat.mineBlock.minecraft.stained_glass_pane":565,"stat.drop.minecraft.purpur_slab":3,"stat.pickup.minecraft.purple_glazed_terracotta":60,"stat.pickup.minecraft.lime_shulker_box":55,"stat.drop.minecraft.end_bricks":12,"stat.drop.minecraft.cobblestone":29804,"stat.useItem.minecraft.chorus_flower":1,"stat.pickup.minecraft.cooked_porkchop":2785,"stat.useItem.minecraft.coal_block":1812,"stat.breakItem.minecraft.iron_pickaxe":10,"stat.mineBlock.minecraft.dropper":433,"stat.useItem.minecraft.stone_slab2":531,"stat.pickup.minecraft.iron_boots":28,"stat.pickup.minecraft.diamond_horse_armor":4,"stat.pickup.minecraft.stone_hoe":12,"stat.craftItem.minecraft.furnace":277,"stat.craftItem.minecraft.lapis_block":508,"stat.drop.minecraft.golden_helmet":2,"stat.craftItem.minecraft.iron_boots":25,"stat.useItem.minecraft.spruce_fence_gate":65,"stat.mineBlock.minecraft.clay":385,"stat.mineBlock.minecraft.noteblock":46,"stat.pickup.minecraft.diamond_leggings":109,"stat.useItem.minecraft.brick_block":3,"stat.drop.minecraft.iron_helmet":2,"stat.drop.minecraft.chainmail_chestplate":4,"stat.drop.minecraft.snow_layer":47,"stat.useItem.minecraft.melon_block":618,"stat.useItem.minecraft.wooden_slab":9842,"stat.drop.minecraft.spider_eye":183,"stat.craftItem.minecraft.beacon":13,"stat.useItem.minecraft.iron_door":38,"stat.craftItem.minecraft.iron_block":952,"stat.craftItem.minecraft.stonebrick":15123,"stat.useItem.minecraft.brown_shulker_box":87,"stat.breakItem.minecraft.diamond_pickaxe":1,"stat.drop.minecraft.stained_glass":479,"stat.drop.minecraft.flint_and_steel":4,"stat.drop.minecraft.magenta_shulker_box":4,"stat.drop.minecraft.wool":148,"stat.killEntity.Creeper":822,"stat.useItem.minecraft.armor_stand":148,"stat.breakItem.minecraft.iron_sword":4,"stat.pickup.minecraft.wooden_sword":15,"stat.drop.minecraft.ender_chest":2,"stat.useItem.minecraft.silver_shulker_box":14,"stat.craftItem.minecraft.jungle_stairs":160,"stat.pickup.minecraft.brown_shulker_box":101,"stat.entityKilledBy.Skeleton":12,"stat.drop.minecraft.birch_fence":44,"achievement.buildSword":223,"stat.drop.minecraft.oak_stairs":8,"stat.pickup.minecraft.birch_stairs":25,"stat.useItem.minecraft.dropper":739,"stat.killEntity.Squid":347,"stat.sprintOneCm":189631288,"stat.useItem.minecraft.diamond_block":16,"stat.mineBlock.minecraft.stone_slab":2110,"stat.useItem.minecraft.hay_block":60,"stat.drop.minecraft.leather":48,"stat.drop.minecraft.stone_hoe":1,"stat.useItem.minecraft.snowball":211,"stat.pickup.minecraft.leather_leggings":44,"stat.craftItem.minecraft.redstone_lamp":204,"stat.drop.minecraft.boat":3,"stat.drop.minecraft.cobblestone_wall":51,"stat.pickup.minecraft.sugar":102,"stat.pickup.minecraft.vine":330,"stat.craftItem.minecraft.leather_chestplate":24,"stat.useItem.minecraft.cake":138,"stat.useItem.minecraft.banner":70,"stat.drop.minecraft.golden_rail":14,"stat.entityKilledBy.Slime":1,"stat.craftItem.minecraft.emerald":9530,"stat.pickup.minecraft.iron_block":7798,"stat.killEntity.Zombie":4147,"stat.craftItem.minecraft.dye":29739,"stat.craftItem.minecraft.diamond_axe":29,"stat.mineBlock.minecraft.gold_ore":1639,"stat.pickup.minecraft.fire_charge":1,"stat.craftItem.minecraft.slime_ball":1746,"stat.drop.minecraft.diamond_pickaxe":11,"stat.pickup.minecraft.wheat":865,"stat.craftItem.minecraft.purpur_pillar":230,"stat.craftItem.minecraft.sandstone":995,"stat.mineBlock.minecraft.mossy_cobblestone":249,"stat.drop.minecraft.stone_stairs":156,"stat.drop.minecraft.purpur_stairs":6,"stat.pickup.minecraft.sign":383,"stat.craftItem.minecraft.cooked_porkchop":288,"stat.pickup.minecraft.obsidian":461,"stat.useItem.minecraft.heavy_weighted_pressure_plate":23,"stat.useItem.minecraft.iron_trapdoor":272,"stat.pickup.minecraft.coal":22899,"stat.pickup.minecraft.iron_ingot":1569,"stat.useItem.minecraft.dark_oak_boat":35,"stat.craftItem.minecraft.lever":215,"achievement.flyPig":1,"stat.drop.minecraft.diamond_sword":8,"stat.drop.minecraft.wooden_sword":3,"stat.pickup.minecraft.gunpowder":1811,"stat.pickup.minecraft.dirt":44168,"stat.useItem.minecraft.coal_ore":145,"stat.craftItem.minecraft.sponge":57,"stat.useItem.minecraft.light_weighted_pressure_plate":37,"stat.useItem.minecraft.dispenser":214,"stat.mineBlock.minecraft.lapis_ore":788,"stat.pickup.minecraft.red_sandstone":743,"stat.pickup.minecraft.iron_axe":8,"stat.pickup.minecraft.cookie":333,"stat.brewingstandInteraction":431,"stat.useItem.minecraft.stone_brick_stairs":1020,"stat.mineBlock.minecraft.torch":3353,"stat.mineBlock.minecraft.red_flower":366,"stat.pickup.minecraft.written_book":28,"stat.tradedWithVillager":12185,"stat.pickup.minecraft.magma_cream":241,"stat.pickup.minecraft.ender_eye":11,"stat.noteblockTuned":610,"stat.craftItem.minecraft.comparator":522,"stat.craftItem.minecraft.sea_lantern":5253,"stat.craftItem.minecraft.glowstone":92,"stat.useItem.minecraft.slime":4570,"stat.useItem.minecraft.birch_fence":133,"stat.mineBlock.minecraft.fence_gate":9,"stat.pickup.minecraft.rabbit_hide":9,"stat.pickup.minecraft.diamond_axe":109,"stat.useItem.minecraft.snow_layer":1419,"stat.pickup.minecraft.shulker_shell":184,"stat.mineBlock.minecraft.birch_fence":73,"stat.pickup.minecraft.green_shulker_box":44,"stat.drop.minecraft.item_frame":20,"stat.pickup.minecraft.diamond_pickaxe":211,"stat.useItem.minecraft.pumpkin":197,"stat.pickup.minecraft.noteblock":252,"stat.useItem.minecraft.tnt":294,"stat.useItem.minecraft.gold_ore":20,"stat.useItem.minecraft.lava_bucket":81,"stat.drop.minecraft.netherrack":304,"stat.pickup.minecraft.red_mushroom_block":100,"stat.useItem.minecraft.melon":59,"stat.craftItem.minecraft.wheat":594,"stat.useItem.minecraft.item_frame":392,"stat.useItem.minecraft.stained_hardened_clay":36824,"stat.drop.minecraft.egg":6,"stat.useItem.minecraft.redstone_ore":187,"stat.pickup.minecraft.cooked_beef":2517,"stat.useItem.minecraft.concrete":2780,"stat.drop.minecraft.nether_brick":3,"stat.drop.minecraft.lever":21,"stat.mineBlock.minecraft.purpur_slab":1638,"stat.craftItem.minecraft.cookie":2236,"stat.pickup.minecraft.dark_oak_stairs":48,"stat.mobKills":86042,"stat.pickup.minecraft.diamond_boots":122,"stat.mineBlock.minecraft.bookshelf":142,"stat.drop.minecraft.written_book":10,"stat.useItem.minecraft.boat":34,"stat.useItem.minecraft.mossy_cobblestone":80,"stat.craftItem.minecraft.lead":28,"stat.pickup.minecraft.diamond":2968,"stat.pickup.minecraft.beetroot_seeds":50,"achievement.bookcase":154,"stat.pickup.minecraft.brown_mushroom_block":228,"stat.craftItem.minecraft.nether_brick_stairs":248,"stat.craftItem.minecraft.spruce_stairs":1552,"stat.craftItem.minecraft.map":21,"stat.useItem.minecraft.string":244,"stat.drop.minecraft.mutton":3,"stat.useItem.minecraft.bookshelf":180,"stat.useItem.minecraft.soul_sand":502,"stat.killEntity.Blaze":643,"stat.drop.minecraft.shield":3,"stat.drop.minecraft.skull":3,"stat.useItem.minecraft.gray_shulker_box":19,"stat.pickup.minecraft.golden_boots":46,"stat.pickup.minecraft.glowstone_dust":501,"stat.drop.minecraft.bowl":12,"stat.mineBlock.minecraft.white_shulker_box":132,"achievement.overpowered":2,"stat.mineBlock.minecraft.red_mushroom":42,"stat.mineBlock.minecraft.stone_brick_stairs":427,"stat.mineBlock.minecraft.nether_brick_fence":109,"stat.useItem.minecraft.golden_sword":4,"stat.drop.minecraft.golden_leggings":3,"stat.pickup.minecraft.splash_potion":24,"stat.pickup.minecraft.observer":290,"stat.craftItem.minecraft.fire_charge":9,"stat.craftItem.minecraft.lit_pumpkin":254,"stat.craftItem.minecraft.cobblestone_wall":1152,"stat.pickup.minecraft.wooden_hoe":2,"stat.craftItem.minecraft.stone_sword":24,"stat.mineBlock.minecraft.snow_layer":4629,"stat.pickup.minecraft.chainmail_chestplate":19,"stat.mineBlock.minecraft.sand":28310,"stat.craftItem.minecraft.wooden_hoe":5,"stat.craftItem.minecraft.slime":2799,"stat.hopperInspected":2952,"stat.useItem.minecraft.fence_gate":20,"stat.drop.minecraft.diamond":206,"stat.pickup.minecraft.packed_ice":529,"stat.breakItem.minecraft.flint_and_steel":19,"stat.pickup.minecraft.ghast_tear":28,"stat.pickup.minecraft.armor_stand":134,"stat.trappedChestTriggered":10091,"stat.mineBlock.minecraft.gray_shulker_box":20,"stat.drop.minecraft.rail":228,"stat.craftItem.minecraft.magma_cream":26,"stat.drop.minecraft.spruce_door":3,"stat.craftItem.minecraft.observer":64,"stat.craftItem.minecraft.pumpkin_seeds":148,"stat.breakItem.minecraft.golden_chestplate":1,"stat.pickup.minecraft.wooden_button":116,"stat.drop.minecraft.purple_shulker_box":27,"stat.drop.minecraft.green_shulker_box":2,"stat.mineBlock.minecraft.lapis_block":4,"stat.drop.minecraft.wooden_pressure_plate":2,"stat.useItem.minecraft.minecart":378,"stat.useItem.minecraft.cooked_mutton":340,"stat.drop.minecraft.stained_hardened_clay":10384,"stat.drop.minecraft.diamond_helmet":2,"stat.drop.minecraft.wooden_button":17,"stat.drop.minecraft.fishing_rod":39,"stat.drop.minecraft.prismarine_shard":4,"stat.pickup.minecraft.stone_stairs":405,"stat.craftItem.minecraft.fence_gate":18,"stat.pickup.minecraft.acacia_stairs":6,"stat.pickup.minecraft.pumpkin_seeds":182,"stat.pickup.minecraft.golden_carrot":1250,"stat.drop.minecraft.fireworks":646,"stat.drop.minecraft.snowball":2875,"stat.pickup.minecraft.saddle":34,"stat.mineBlock.minecraft.soul_sand":1274,"stat.mineBlock.minecraft.jungle_stairs":20,"achievement.ghast":6,"stat.pickup.minecraft.mycelium":65,"stat.useItem.minecraft.furnace_minecart":4,"stat.pickup.minecraft.blaze_rod":721,"stat.craftItem.minecraft.diamond_block":51,"stat.drop.minecraft.chest":43,"stat.useItem.minecraft.gray_glazed_terracotta":13,"stat.pickup.minecraft.netherrack":18384,"stat.pickup.minecraft.pumpkin":3624,"stat.pickup.minecraft.spruce_door":38,"stat.useItem.minecraft.fish":6,"stat.drop.minecraft.hopper":33,"stat.drop.minecraft.packed_ice":52,"stat.pickup.minecraft.waterlily":25,"stat.useItem.minecraft.sponge":52,"stat.mineBlock.minecraft.ice":1792,"stat.craftItem.minecraft.redstone_torch":5695,"stat.pickup.minecraft.detector_rail":208,"stat.useItem.minecraft.packed_ice":617,"stat.mineBlock.minecraft.gold_block":349,"stat.craftItem.minecraft.iron_hoe":4,"stat.drop.minecraft.stone":16560,"stat.useItem.minecraft.trapped_chest":367,"stat.pickup.minecraft.melon_seeds":15,"stat.drop.minecraft.gold_ore":124,"stat.pickup.minecraft.dropper":590,"stat.useItem.minecraft.black_shulker_box":56,"stat.pickup.minecraft.golden_leggings":44,"stat.pickup.minecraft.melon":12510,"stat.drop.minecraft.stained_glass_pane":2,"stat.dropperInspected":3388,"stat.mineBlock.minecraft.nether_wart_block":168,"stat.pickup.minecraft.heavy_weighted_pressure_plate":23,"stat.pickup.minecraft.emerald_ore":32,"stat.useItem.minecraft.golden_rail":1831,"stat.craftItem.minecraft.detector_rail":30,"stat.drop.minecraft.bone":135,"stat.craftItem.minecraft.wooden_button":176,"stat.useItem.minecraft.furnace":335,"stat.pickup.minecraft.slime":966,"stat.pickup.minecraft.iron_leggings":37,"stat.mineBlock.minecraft.snow":132,"stat.mineBlock.minecraft.gravel":14623,"stat.breakItem.minecraft.stone_axe":1,"stat.mineBlock.minecraft.beacon":49,"stat.useItem.minecraft.wool":3968,"stat.drop.minecraft.reeds":12,"stat.craftItem.minecraft.gray_glazed_terracotta":64,"stat.drop.minecraft.iron_axe":4,"stat.craftItem.minecraft.cyan_glazed_terracotta":5,"stat.pickup.minecraft.flint_and_steel":13,"stat.mineBlock.minecraft.green_shulker_box":41,"stat.useItem.minecraft.torch":21796,"stat.pickup.minecraft.golden_apple":119,"stat.pickup.minecraft.iron_nugget":398,"stat.craftItem.minecraft.redstone_block":2823,"stat.pickup.minecraft.birch_fence_gate":1,"stat.craftItem.minecraft.stone_stairs":904,"stat.pickup.minecraft.crafting_table":277,"stat.useItem.minecraft.log":7369,"stat.useItem.minecraft.comparator":732,"stat.craftItem.minecraft.crafting_table":317,"stat.drop.minecraft.end_stone":69,"stat.pickup.minecraft.magenta_glazed_terracotta":16,"stat.craftItem.minecraft.boat":1,"stat.pickup.minecraft.iron_hoe":3,"stat.mineBlock.minecraft.emerald_ore":43,"stat.pickup.minecraft.redstone_block":972,"stat.useItem.minecraft.cooked_fish":2205,"stat.drop.minecraft.sign":20,"stat.useItem.minecraft.nether_wart_block":414,"stat.drop.minecraft.stonebrick":545,"stat.craftItem.minecraft.stone_button":369,"stat.pickup.minecraft.web":625,"stat.drop.minecraft.planks":517,"stat.pickup.minecraft.sapling":1086,"stat.drop.minecraft.gray_shulker_box":5,"stat.drop.minecraft.melon_seeds":5,"stat.useItem.minecraft.deadbush":60,"stat.drop.minecraft.bow":49,"stat.pickup.minecraft.beetroot":26,"stat.drop.minecraft.golden_chestplate":4,"stat.killEntity.WitherSkeleton":207,"stat.useItem.minecraft.wooden_pressure_plate":58,"stat.pickup.minecraft.golden_sword":15,"stat.craftItem.minecraft.sugar":75,"stat.drop.minecraft.cake":1,"stat.pickup.minecraft.rabbit":2,"stat.mineBlock.minecraft.orange_shulker_box":33,"stat.craftItem.minecraft.spruce_fence_gate":41,"stat.useItem.minecraft.baked_potato":319,"stat.pickup.minecraft.stone_slab":3808,"stat.drop.minecraft.yellow_flower":53,"stat.pickup.minecraft.yellow_flower":261,"stat.pickup.minecraft.golden_rail":1649,"stat.useItem.minecraft.fishing_rod":6546,"stat.craftItem.minecraft.diamond_chestplate":4,"stat.drop.minecraft.stone_pickaxe":1,"stat.pickup.minecraft.bone":6081,"stat.craftItem.minecraft.sticky_piston":796,"stat.pickup.minecraft.redstone_torch":1513,"stat.horseOneCm":15362739,"stat.drop.minecraft.tripwire_hook":2,"stat.useItem.minecraft.log2":5294,"stat.drop.minecraft.glowstone_dust":6,"stat.mineBlock.minecraft.slime":844,"stat.drop.minecraft.red_mushroom":2,"stat.mineBlock.minecraft.black_shulker_box":57,"stat.drop.minecraft.prismarine_crystals":1,"stat.mineBlock.minecraft.brown_mushroom":37,"stat.mineBlock.minecraft.acacia_fence":1,"stat.useItem.minecraft.diamond_sword":27780,"stat.craftItem.minecraft.diamond_helmet":16,"stat.climbOneCm":2422197,"stat.drop.minecraft.sticky_piston":68,"stat.useItem.minecraft.end_rod":262,"stat.craftItem.minecraft.gold_block":415,"stat.enderchestOpened":3214,"stat.useItem.minecraft.redstone_torch":1781,"stat.pickup.minecraft.golden_helmet":27,"stat.drop.minecraft.quartz":3,"stat.craftItem.minecraft.purple_shulker_box":62,"stat.drop.minecraft.writable_book":4,"stat.useItem.minecraft.red_flower":29,"stat.pickup.minecraft.cooked_rabbit":2,"stat.pickup.minecraft.daylight_detector":7,"stat.craftItem.minecraft.bone_block":901,"stat.useItem.minecraft.magenta_shulker_box":5,"stat.pickup.minecraft.anvil":1986,"stat.useItem.minecraft.iron_ore":14,"stat.craftItem.minecraft.trapdoor":454,"stat.craftItem.minecraft.stone_pickaxe":9,"stat.pickup.minecraft.cobblestone":230872,"stat.drop.minecraft.rabbit_hide":2,"stat.craftItem.minecraft.glass_bottle":660,"stat.pickup.minecraft.soul_sand":1730,"stat.useItem.minecraft.cooked_beef":5031,"stat.pickup.minecraft.cactus":1696,"stat.pickup.minecraft.dragon_egg":5,"stat.pickup.minecraft.redstone":38691,"stat.pickup.minecraft.acacia_boat":2,"stat.craftItem.minecraft.dispenser":102,"stat.mineBlock.minecraft.iron_ore":6291,"stat.craftItem.minecraft.book":908,"stat.drop.minecraft.name_tag":30,"stat.pickup.minecraft.mossy_cobblestone":390,"stat.useItem.minecraft.noteblock":95,"stat.craftItem.minecraft.cake":276,"stat.drop.minecraft.coal":1187,"stat.pickup.minecraft.cake":123,"achievement.spawnWither":13,"stat.drop.minecraft.dirt":3985,"stat.useItem.minecraft.cooked_porkchop":2053,"stat.pickup.minecraft.iron_shovel":15,"stat.pickup.minecraft.trapdoor":270,"stat.pickup.minecraft.carpet":3653,"stat.pickup.minecraft.diamond_shovel":101,"stat.craftItem.minecraft.acacia_fence":24,"stat.pickup.minecraft.jungle_stairs":34,"stat.useItem.minecraft.chest_minecart":42,"stat.mineBlock.minecraft.lime_shulker_box":53,"stat.useItem.minecraft.sea_lantern":350,"stat.craftItem.minecraft.snow_layer":1500,"stat.pickup.minecraft.silver_shulker_box":26,"stat.pickup.minecraft.nether_star":13,"stat.useItem.minecraft.spruce_fence":3921,"stat.pickup.minecraft.sandstone_stairs":29,"stat.craftItem.minecraft.chest_minecart":42,"stat.pickup.minecraft.paper":401,"stat.craftItem.minecraft.stick":21284,"stat.craftItem.minecraft.stained_hardened_clay":14072,"stat.craftItem.minecraft.gold_nugget":970,"stat.pickup.minecraft.grass":35262,"stat.useItem.minecraft.magenta_glazed_terracotta":18,"stat.useItem.minecraft.stone_pressure_plate":207,"stat.drop.minecraft.leaves":117,"stat.pickup.minecraft.diamond_chestplate":22,"stat.entityKilledBy.Creeper":11,"stat.drop.minecraft.tipped_arrow":1,"stat.breakItem.minecraft.shears":27,"stat.pickup.minecraft.blue_shulker_box":100,"stat.mineBlock.minecraft.planks":3839,"stat.drop":5399,"stat.killEntity.Sheep":154,"stat.drop.minecraft.iron_boots":3,"stat.drop.minecraft.redstone_block":170,"stat.pickup.minecraft.golden_chestplate":52,"stat.useItem.minecraft.melon_seeds":185,"stat.pickup.minecraft.purpur_pillar":187,"stat.drop.minecraft.flower_pot":1,"stat.craftItem.minecraft.piston":1131,"stat.useItem.minecraft.quartz_stairs":635,"stat.drop.minecraft.cooked_beef":146,"stat.killEntity.Slime":568,"stat.mineBlock.minecraft.anvil":1126,"stat.useItem.minecraft.lime_shulker_box":54,"stat.pickup.minecraft.purple_shulker_box":384,"stat.useItem.minecraft.waterlily":1,"stat.useItem.minecraft.apple":52,"stat.mineBlock.minecraft.deadbush":805,"stat.drop.minecraft.chainmail_helmet":2,"stat.useItem.minecraft.porkchop":4,"stat.useItem.minecraft.carpet":7456,"stat.useItem.minecraft.potion":93,"stat.useItem.minecraft.flower_pot":22,"stat.mineBlock.minecraft.purpur_pillar":233,"stat.pickup.minecraft.fence":436,"stat.useItem.minecraft.stone_axe":335,"stat.craftItem.minecraft.iron_helmet":29,"stat.drop.minecraft.piston":3,"stat.craftItem.minecraft.rail":3579,"stat.drop.minecraft.bed":1,"stat.drop.minecraft.glass":107,"stat.boatOneCm":3856973,"stat.craftItem.minecraft.flint_and_steel":48,"stat.useItem.minecraft.redstone_lamp":355,"stat.mineBlock.minecraft.leaves2":280,"stat.mineBlock.minecraft.stone_stairs":241,"stat.craftItem.minecraft.iron_bars":816,"stat.mineBlock.minecraft.furnace":224,"stat.pickup.minecraft.dark_oak_fence":69,"stat.pickup.minecraft.prismarine_shard":109,"stat.drop.minecraft.stone_button":17,"stat.pickup.minecraft.end_crystal":4,"stat.drop.minecraft.water_bucket":6,"stat.killEntity.CaveSpider":2213,"stat.craftItem.minecraft.netherbrick":63,"stat.craftItem.minecraft.birch_fence":87,"stat.pickup.minecraft.oak_stairs":72,"stat.pickup.minecraft.emerald_block":64,"stat.pickup.minecraft.stained_glass":5871,"stat.damageDealt":1478408,"stat.craftItem.minecraft.anvil":253,"stat.mineBlock.minecraft.nether_brick_stairs":116,"stat.pickup.minecraft.end_bricks":773,"stat.useItem.minecraft.crafting_table":481,"stat.drop.minecraft.silver_shulker_box":11,"stat.useItem.minecraft.cyan_glazed_terracotta":8,"stat.craftItem.minecraft.stone_shovel":22,"stat.pickup.minecraft.boat":37,"stat.pickup.minecraft.stick":1782,"achievement.enchantments":3,"stat.breakItem.minecraft.stone_pickaxe":3,"stat.drop.minecraft.iron_block":33,"stat.craftItem.minecraft.diamond_boots":21,"stat.craftItem.minecraft.writable_book":103,"stat.useItem.minecraft.redstone_block":197,"stat.drop.minecraft.brown_shulker_box":11,"stat.drop.minecraft.leather_chestplate":4,"stat.useItem.minecraft.spruce_stairs":2016,"stat.craftItem.minecraft.redstone":12180,"stat.useItem.minecraft.cactus":69,"stat.pickup.minecraft.chorus_fruit":37,"stat.craftItem.minecraft.red_nether_brick":67,"stat.drop.minecraft.purpur_block":5,"stat.drop.minecraft.deadbush":1,"stat.mineBlock.minecraft.purple_glazed_terracotta":40,"stat.killEntity.Chicken":251,"stat.drop.minecraft.crafting_table":11,"stat.useItem.minecraft.iron_block":9393,"stat.drop.minecraft.yellow_shulker_box":3,"stat.mineBlock.minecraft.quartz_ore":3766,"stat.craftItem.minecraft.tnt":810,"stat.pickup.minecraft.concrete_powder":2531,"stat.drop.minecraft.nether_wart_block":2,"stat.pickup.minecraft.dragon_breath":121,"stat.drop.minecraft.diamond_boots":4,"stat.craftItem.minecraft.fence":645,"stat.craftItem.minecraft.jungle_fence":60,"stat.useItem.minecraft.golden_apple":29,"stat.mineBlock.minecraft.leaves":9844,"stat.craftItem.minecraft.purpur_slab":3678,"stat.mineBlock.minecraft.piston":283,"stat.mineBlock.minecraft.bone_block":547,"stat.mineBlock.minecraft.hay_block":4,"stat.drop.minecraft.lime_shulker_box":1,"stat.craftItem.minecraft.tripwire_hook":896,"achievement.cookFish":80,"stat.beaconInteraction":138,"stat.drop.minecraft.dark_oak_boat":2,"stat.pickup.minecraft.wooden_slab":3779,"stat.craftItem.minecraft.diamond_hoe":2,"stat.leaveGame":1211,"stat.pickup.minecraft.stone_slab2":243,"stat.pickup.minecraft.jungle_fence":19,"stat.useItem.minecraft.glowstone":308,"stat.mineBlock.minecraft.sandstone":1180,"stat.craftItem.minecraft.ender_eye":39,"stat.killEntity.PigZombie":208,"stat.craftItem.minecraft.shield":15,"stat.craftItem.minecraft.stone_pressure_plate":228,"stat.drop.minecraft.feather":32,"stat.entityKilledBy.PigZombie":1,"stat.mineBlock.minecraft.birch_fence_gate":1,"stat.mineBlock.minecraft.red_sandstone":682,"stat.useItem.minecraft.sandstone_stairs":31,"stat.useItem.minecraft.activator_rail":1,"achievement.diamondsToYou":14,"stat.useItem.minecraft.birch_boat":54,"stat.useItem.minecraft.purpur_stairs":109,"stat.craftItem.minecraft.noteblock":145,"stat.mineBlock.minecraft.wooden_slab":3469,"stat.pickup.minecraft.leather_boots":59,"stat.mineBlock.minecraft.lime_glazed_terracotta":6,"stat.killEntity.Witch":63,"stat.drop.minecraft.sand":1755,"stat.killEntity.MushroomCow":7,"stat.drop.minecraft.gold_ingot":11,"stat.craftItem.minecraft.wooden_pickaxe":5,"stat.craftItem.minecraft.iron_door":24,"stat.useItem.minecraft.iron_shovel":555,"stat.drop.minecraft.cooked_mutton":1,"stat.craftItem.minecraft.bed":26,"stat.drop.minecraft.wooden_shovel":18,"stat.pickup.minecraft.firework_charge":1,"stat.mineBlock.minecraft.vine":284,"stat.mineBlock.minecraft.hopper":993,"stat.pickup.minecraft.melon_block":79,"stat.drop.minecraft.gravel":1152,"stat.mineBlock.minecraft.rail":3903,"stat.useItem.minecraft.pumpkin_seeds":293,"stat.killEntity.ZombieVillager":11,"stat.noteblockPlayed":496,"stat.drop.minecraft.red_flower":11,"stat.useItem.minecraft.double_plant":42,"stat.pickup.minecraft.prismarine":1037,"stat.pickup.minecraft.beef":363,"stat.pickup.minecraft.leather_helmet":46,"stat.pickup.minecraft.cauldron":91,"stat.mineBlock.minecraft.stained_hardened_clay":67826,"stat.useItem.minecraft.trapdoor":474,"stat.useItem.minecraft.blue_shulker_box":96,"stat.useItem.minecraft.stained_glass":4309,"stat.craftItem.minecraft.prismarine":744,"stat.drop.minecraft.stone_pressure_plate":16,"stat.useItem.minecraft.dark_oak_door":73,"stat.useItem.minecraft.ice":178,"stat.pickup.minecraft.magenta_shulker_box":8,"achievement.openInventory":76019,"stat.pickup.minecraft.potion":112,"stat.useItem.minecraft.wooden_button":195,"stat.craftItem.minecraft.dropper":575,"stat.useItem.minecraft.dye":4272,"stat.mineBlock.minecraft.stone_slab2":217,"stat.breakItem.minecraft.diamond_boots":2,"stat.mineBlock.minecraft.stone_pressure_plate":71,"stat.useItem.minecraft.nether_brick":2540,"stat.drop.minecraft.torch":122,"stat.drop.minecraft.glass_bottle":51,"stat.mineBlock.minecraft.tallgrass":4802,"achievement.potion":192,"stat.useItem.minecraft.cooked_rabbit":2,"stat.useItem.minecraft.splash_potion":26,"stat.craftItem.minecraft.light_weighted_pressure_plate":40,"stat.useItem.minecraft.stone":30785,"stat.pickup.minecraft.arrow":9864,"stat.useItem.minecraft.acacia_fence_gate":1,"stat.pickup.minecraft.wooden_pressure_plate":67,"stat.killEntity.Ghast":66,"stat.useItem.minecraft.ender_chest":239,"stat.useItem.minecraft.white_shulker_box":113,"stat.useItem.minecraft.clay":22,"stat.drop.minecraft.iron_pickaxe":2,"achievement.killCow":275,"stat.mineBlock.minecraft.chest":790,"stat.pickup.minecraft.painting":32,"stat.mineBlock.minecraft.hardened_clay":35658,"stat.mineBlock.minecraft.concrete_powder":767,"stat.craftItem.minecraft.hopper":1446,"stat.useItem.minecraft.emerald_ore":7,"stat.pickup.minecraft.gray_shulker_box":23,"stat.drop.minecraft.concrete_powder":61,"stat.pickup.minecraft.nether_brick_fence":165,"stat.useItem.minecraft.purple_glazed_terracotta":40,"stat.pickup.minecraft.yellow_shulker_box":83,"stat.pickup.minecraft.orange_shulker_box":37,"stat.useItem.minecraft.reeds":65,"stat.pickup.minecraft.birch_boat":61,"stat.craftItem.minecraft.wooden_sword":50,"stat.craftItem.minecraft.nether_brick":328,"stat.craftItem.minecraft.diamond_shovel":21,"stat.pickup.minecraft.wheat_seeds":2599,"stat.drop.minecraft.snow":132,"stat.mineBlock.minecraft.glass":219,"stat.drop.minecraft.spruce_fence":98,"stat.useItem.minecraft.enchanting_table":7,"stat.pickup.minecraft.pink_shulker_box":36,"stat.mineBlock.minecraft.dirt":81002,"stat.pickup.minecraft.poisonous_potato":9,"stat.drop.minecraft.paper":154,"stat.useItem.minecraft.bread":281,"stat.pickup.minecraft.brewing_stand":17,"stat.drop.minecraft.porkchop":15,"stat.pickup.minecraft.light_blue_shulker_box":123,"stat.useItem.minecraft.cobblestone":18010,"stat.craftItem.minecraft.leather_boots":25,"stat.useItem.minecraft.gravel":1925,"stat.mineBlock.minecraft.double_plant":258,"stat.minecartOneCm":3262112,"stat.drop.minecraft.chicken":9,"stat.pickup.minecraft.iron_pickaxe":6,"stat.mineBlock.minecraft.end_rod":129,"stat.drop.minecraft.carrot":80,"stat.craftItem.minecraft.gold_ingot":945,"stat.pickup.minecraft.hopper":1334,"stat.mineBlock.minecraft.silver_shulker_box":16,"stat.craftItem.minecraft.brewing_stand":11,"stat.useItem.minecraft.tallgrass":467,"stat.pickup.minecraft.apple":111,"stat.useItem.minecraft.fireworks":115,"stat.pickup.minecraft.banner":67,"stat.craftItem.minecraft.carrot_on_a_stick":2,"achievement.portal":1211,"stat.pickup.minecraft.carrot_on_a_stick":1,"stat.itemEnchanted":342,"stat.useItem.minecraft.acacia_boat":3,"stat.mineBlock.minecraft.log":7738,"stat.mineBlock.minecraft.heavy_weighted_pressure_plate":14,"stat.useItem.minecraft.wooden_door":10,"achievement.acquireIron":225,"stat.useItem.minecraft.spruce_door":51,"stat.craftItem.minecraft.paper":12834,"stat.pickup.minecraft.red_flower":825,"stat.drop.minecraft.bone_block":52,"stat.pickup.minecraft.wool":4523,"stat.useItem.minecraft.wooden_axe":56,"stat.craftItem.minecraft.trapped_chest":412,"stat.drop.minecraft.grass":5101,"stat.pickup.minecraft.trapped_chest":106,"stat.pickup.minecraft.red_sandstone_stairs":193,"stat.cakeSlicesEaten":174,"stat.drop.minecraft.pumpkin":943,"stat.mineBlock.minecraft.orange_glazed_terracotta":5,"stat.craftItem.minecraft.cooked_rabbit":2,"stat.craftItem.minecraft.diamond_leggings":11,"stat.useItem.minecraft.iron_axe":1416,"stat.useItem.minecraft.orange_glazed_terracotta":5,"stat.drop.minecraft.stone_shovel":1,"stat.mineBlock.minecraft.silver_glazed_terracotta":2,"stat.mineBlock.minecraft.yellow_flower":168,"stat.useItem.minecraft.skull":85,"stat.craftItem.minecraft.wool":11787,"stat.drop.minecraft.saddle":2,"stat.useItem.minecraft.snow":497,"stat.useItem.minecraft.concrete_powder":8852,"stat.pickup.minecraft.enchanted_book":128,"stat.pickup.minecraft.glowstone":517,"achievement.buildWorkBench":515,"stat.pickup.minecraft.writable_book":7,"stat.craftItem.minecraft.arrow":24,"stat.useItem.minecraft.obsidian":995,"stat.pickup.minecraft.sticky_piston":563,"stat.useItem.minecraft.cookie":31,"stat.pickup.minecraft.bow":492,"stat.craftItem.minecraft.dark_oak_door":60,"stat.pickup.minecraft.chorus_fruit_popped":1,"stat.drop.minecraft.birch_boat":1,"stat.mineBlock.minecraft.detector_rail":57,"stat.useItem.minecraft.egg":206,"stat.craftItem.minecraft.spruce_boat":5,"stat.pickup.minecraft.pumpkin_pie":572,"stat.pickup.minecraft.nether_wart_block":201,"stat.pickup.minecraft.coal_ore":934,"stat.craftItem.minecraft.cooked_beef":109,"stat.mineBlock.minecraft.obsidian":414,"stat.pickup.minecraft.shears":25,"stat.craftItem.minecraft.bow":173,"stat.pickup.minecraft.iron_trapdoor":243,"stat.pickup.minecraft.diamond_hoe":1,"stat.craftItem.minecraft.red_sandstone_stairs":236,"stat.flyOneCm":250305631,"stat.pickup.minecraft.sandstone":2012,"stat.pickup.minecraft.nether_brick_stairs":195,"stat.craftItem.minecraft.furnace_minecart":4,"stat.pickup.minecraft.fish":399,"stat.craftItem.minecraft.stained_glass":2288,"stat.craftItem.minecraft.emerald_block":192,"stat.timeSinceDeath":642900,"stat.pickup.minecraft.quartz_ore":183,"stat.craftItem.minecraft.painting":2,"stat.drop.minecraft.repeater":1,"stat.killEntity.Bat":103,"stat.useItem.minecraft.potato":266,"stat.pickup.minecraft.chainmail_helmet":19,"stat.pickup.minecraft.nether_wart":5730,"stat.pickup.minecraft.spruce_fence":867,"stat.mineBlock.minecraft.enchanting_table":5,"stat.craftItem.minecraft.concrete_powder":11600,"stat.mineBlock.minecraft.coal_ore":10466,"stat.pickup.minecraft.shield":28,"stat.craftItem.minecraft.stone_hoe":17,"stat.talkedToVillager":4497,"stat.drop.minecraft.baked_potato":4,"stat.mineBlock.minecraft.red_mushroom_block":105,"stat.pickup.minecraft.string":8885,"stat.craftItem.minecraft.golden_helmet":7,"stat.mineBlock.minecraft.ladder":165,"stat.drop.minecraft.redstone_lamp":120,"stat.useItem.minecraft.milk_bucket":2,"stat.useItem.minecraft.written_book":209,"stat.mineBlock.minecraft.chorus_flower":7,"stat.useItem.minecraft.diamond_shovel":134072,"stat.pickup.minecraft.chest_minecart":1,"stat.breakItem.minecraft.diamond_helmet":2,"stat.craftItem.minecraft.wooden_axe":2,"stat.pickup.minecraft.bone_block":1607,"stat.mineBlock.minecraft.diamond_ore":970,"stat.pickup.minecraft.fireworks":2423,"stat.pickup.minecraft.lime_glazed_terracotta":8,"stat.useItem.minecraft.brown_mushroom_block":48,"stat.craftItem.minecraft.wooden_pressure_plate":54,"stat.craftItem.minecraft.speckled_melon":55,"achievement.killEnemy":83332,"stat.drop.minecraft.redstone_ore":1,"stat.useItem.minecraft.wooden_sword":31,"stat.breakItem.minecraft.iron_shovel":1,"stat.useItem.minecraft.ladder":821,"stat.useItem.minecraft.diamond_ore":53,"stat.drop.minecraft.purpur_pillar":12,"stat.useItem.minecraft.cyan_shulker_box":71,"stat.pickup.minecraft.snowball":6591,"stat.useItem.minecraft.birch_stairs":47,"stat.killEntity.Guardian":15,"stat.craftItem.minecraft.sandstone_stairs":32,"stat.diveOneCm":2898174,"stat.useItem.minecraft.sticky_piston":804,"stat.craftItem.minecraft.ladder":1215,"achievement.buildHoe":53,"stat.mineBlock.minecraft.stone_button":141,"stat.drop.minecraft.ladder":92,"stat.useItem.minecraft.chicken":2,"stat.pickup.minecraft.stone_axe":3,"stat.pickup.minecraft.stained_glass_pane":1094,"stat.useItem.minecraft.rotten_flesh":18,"stat.drop.minecraft.apple":10,"stat.craftItem.minecraft.diamond_sword":32,"stat.drop.minecraft.sandstone":125,"stat.mineBlock.minecraft.blue_shulker_box":97,"stat.jump":841332,"stat.useItem.minecraft.sand":12130,"stat.pickup.minecraft.white_shulker_box":138,"stat.mineBlock.minecraft.observer":298,"stat.craftItem.minecraft.torch":16368,"stat.breakItem.minecraft.golden_leggings":1,"achievement.makeBread":206,"stat.drop.minecraft.glowstone":62,"stat.craftItem.minecraft.fermented_spider_eye":19,"stat.mineBlock.minecraft.spruce_fence_gate":36,"stat.mineBlock.minecraft.purpur_block":170,"stat.drop.minecraft.dragon_egg":1,"stat.mineBlock.minecraft.cyan_glazed_terracotta":8,"stat.useItem.minecraft.glass":151,"stat.pickup.minecraft.stone_shovel":6,"stat.pickup.minecraft.gold_ore":1876,"stat.useItem.minecraft.sapling":347,"achievement.blazeRod":348,"stat.mineBlock.minecraft.glass_pane":14,"stat.damageTaken":705321,"stat.useItem.minecraft.red_shulker_box":160,"stat.useItem.minecraft.end_crystal":10,"stat.mineBlock.minecraft.melon_block":179,"stat.useItem.minecraft.gold_block":411,"stat.mineBlock.minecraft.sapling":23,"stat.useItem.minecraft.carrot_on_a_stick":17,"stat.pickup.minecraft.log2":4131,"stat.mineBlock.minecraft.sandstone_stairs":29,"stat.useItem.minecraft.purple_shulker_box":261,"stat.pickup.minecraft.bed":152,"stat.pickup.minecraft.concrete":3996,"stat.pickup.minecraft.acacia_fence":1,"stat.pickup.minecraft.quartz_block":2420,"stat.pickup.minecraft.potato":1102,"stat.killEntity.Shulker":68,"stat.breakItem.minecraft.iron_leggings":2,"stat.entityKilledBy.Zombie":10,"stat.killEntity.Silverfish":57,"stat.craftItem.minecraft.stone_slab":8610,"stat.animalsBred":766,"stat.useItem.minecraft.chest":1782,"stat.mineBlock.minecraft.light_blue_shulker_box":117,"stat.useItem.minecraft.observer":105,"stat.shulkerBoxOpened":5309,"stat.drop.minecraft.orange_shulker_box":2,"stat.craftItem.minecraft.iron_chestplate":30,"stat.pickup.minecraft.baked_potato":167,"stat.drop.minecraft.potato":166,"stat.pickup.minecraft.ender_pearl":65643,"stat.drop.minecraft.wooden_slab":331,"stat.breakItem.minecraft.stone_hoe":1,"stat.pickup.minecraft.ladder":935,"stat.breakItem.minecraft.golden_boots":2,"stat.useItem.minecraft.netherrack":5003,"stat.craftItem.minecraft.stained_glass_pane":2400,"stat.mineBlock.minecraft.tnt":9,"stat.craftItem.minecraft.bookshelf":178,"stat.useItem.minecraft.tripwire_hook":92,"stat.mineBlock.minecraft.stonebrick":6735,"stat.drop.minecraft.cookie":66,"stat.mineBlock.minecraft.gray_glazed_terracotta":13,"stat.craftItem.minecraft.purpur_stairs":108,"stat.mineBlock.minecraft.glowstone":522,"stat.craftItem.minecraft.shears":94,"stat.useItem.minecraft.cobblestone_wall":1436,"stat.pickup.minecraft.iron_horse_armor":2,"stat.breakItem.minecraft.chainmail_helmet":1,"stat.useItem.minecraft.writable_book":155,"stat.drop.minecraft.spruce_stairs":47,"stat.pickup.minecraft.torch":9416,"stat.drop.minecraft.quartz_block":167,"stat.drop.minecraft.diamond_shovel":2,"stat.pickup.minecraft.spruce_boat":185,"stat.useItem.minecraft.purpur_slab":3235,"stat.drop.minecraft.arrow":1823,"stat.drop.minecraft.stone_slab2":2,"stat.drop.minecraft.shears":4,"stat.craftItem.minecraft.compass":22,"stat.useItem.minecraft.end_bricks":618,"stat.drop.minecraft.armor_stand":1,"stat.pigOneCm":92818,"stat.pickup.minecraft.deadbush":204,"stat.craftItem.minecraft.iron_axe":15,"stat.killEntity.Ozelot":44,"stat.mineBlock.minecraft.purple_shulker_box":265,"stat.useItem.minecraft.lead":7,"stat.pickup.minecraft.lapis_block":105,"stat.drop.minecraft.trapdoor":7,"stat.useItem.minecraft.mutton":12,"stat.pickup.minecraft.fishing_rod":152,"stat.useItem.minecraft.planks":8287,"stat.useItem.minecraft.nether_brick_stairs":252,"stat.pickup.minecraft.porkchop":342,"stat.pickup.minecraft.glass":1331,"stat.pickup.minecraft.blaze_powder":28,"stat.drop.minecraft.melon":2228,"stat.useItem.minecraft.red_sandstone_stairs":285,"stat.useItem.minecraft.pink_shulker_box":33,"stat.useItem.minecraft.water_bucket":866,"stat.pickup.minecraft.sand":34914,"stat.craftItem.minecraft.golden_apple":9,"stat.craftItem.minecraft.dark_oak_fence":102,"stat.pickup.minecraft.hardened_clay":35817,"stat.entityKilledBy.Spider":1,"stat.useItem.minecraft.red_nether_brick":92,"stat.pickup.minecraft.name_tag":61,"achievement.diamonds":1380,"stat.drop.minecraft.hardened_clay":368,"stat.aviateOneCm":454565495,"stat.useItem.minecraft.brown_mushroom":21,"stat.useItem.minecraft.ender_pearl":4091,"stat.craftItem.minecraft.cooked_fish":119,"achievement.buildBetterPickaxe":116,"stat.craftItem.minecraft.blaze_powder":148,"stat.drop.minecraft.golden_sword":6,"achievement.breedCow":50,"stat.useItem.minecraft.oak_stairs":75,"stat.craftItem.minecraft.golden_carrot":65,"stat.mineBlock.minecraft.dark_oak_stairs":28,"stat.useItem.minecraft.dark_oak_stairs":44,"stat.drop.minecraft.stone_slab":213,"stat.pickup.minecraft.fence_gate":10,"stat.mineBlock.minecraft.birch_stairs":29,"stat.pickup.minecraft.filled_map":30,"stat.pickup.minecraft.furnace":247,"stat.useItem.minecraft.redstone":5846,"achievement.overkill":663,"stat.mineBlock.minecraft.end_bricks":731,"stat.mineBlock.minecraft.redstone_lamp":231,"achievement.mineWood":10074,"stat.pickup.minecraft.iron_chestplate":41,"stat.pickup.minecraft.end_rod":453,"stat.pickup.minecraft.cyan_glazed_terracotta":51,"stat.useItem.minecraft.stone_stairs":688,"stat.pickup.minecraft.skull":149,"stat.pickup.minecraft.acacia_door":1,"stat.craftItem.minecraft.nether_wart_block":318,"stat.mineBlock.minecraft.red_shulker_box":159,"stat.useItem.minecraft.pumpkin_pie":705,"stat.useItem.minecraft.hopper":2361,"stat.craftItem.minecraft.heavy_weighted_pressure_plate":15,"stat.mineBlock.minecraft.oak_stairs":68,"stat.drop.minecraft.golden_carrot":172,"stat.playOneMinute":65935549,"stat.pickup.minecraft.birch_door":6,"stat.drop.minecraft.string":771,"stat.useItem.minecraft.jungle_stairs":111,"stat.pickup.minecraft.diamond_block":43,"stat.useItem.minecraft.shears":9370,"stat.pickup.minecraft.beacon":53,"stat.mineBlock.minecraft.brown_mushroom_block":228,"stat.pickup.minecraft.iron_bars":344,"stat.pickup.minecraft.dispenser":149,"stat.craftItem.minecraft.pumpkin_pie":5330,"stat.drop.minecraft.ice":132,"stat.mineBlock.minecraft.dark_oak_fence":63,"stat.craftItem.minecraft.carpet":6129,"stat.mineBlock.minecraft.netherrack":17287,"stat.mineBlock.minecraft.dispenser":134,"stat.craftItem.minecraft.dark_oak_stairs":32,"stat.drop.minecraft.flint":9,"stat.craftItem.minecraft.golden_rail":1086,"stat.useItem.minecraft.quartz_ore":111,"stat.craftItem.minecraft.iron_nugget":189,"stat.pickup.minecraft.cooked_chicken":1500,"stat.fallOneCm":23024031,"stat.drop.minecraft.dye":978,"stat.craftItem.minecraft.chest":3173,"stat.craftItem.minecraft.banner":167,"stat.useItem.minecraft.nether_brick_fence":161,"stat.mineBlock.minecraft.lever":71,"stat.pickup.minecraft.red_mushroom":93,"stat.useItem.minecraft.iron_hoe":286,"stat.pickup.minecraft.milk_bucket":1,"stat.craftItem.minecraft.end_bricks":572,"stat.pickup.minecraft.comparator":628,"stat.pickup.minecraft.feather":325,"stat.drop.minecraft.iron_leggings":2,"stat.pickup.minecraft.record_cat":3,"stat.mineBlock.minecraft.red_nether_brick":91,"stat.drop.minecraft.concrete":3,"stat.mineBlock.minecraft.spruce_fence":736,"stat.useItem.minecraft.yellow_shulker_box":67,"achievement.fullBeacon":39,"stat.craftItem.minecraft.dark_oak_fence_gate":2,"stat.pickup.minecraft.lead":162,"stat.useItem.minecraft.stone_pickaxe":693,"stat.craftItem.minecraft.birch_stairs":40,"stat.craftItem.minecraft.iron_leggings":38,"stat.useItem.minecraft.stone_sword":308,"stat.useItem.minecraft.orange_shulker_box":29,"stat.killEntity.Rabbit":5,"stat.pickup.minecraft.redstone_ore":539,"stat.craftItem.minecraft.oak_stairs":52,"stat.pickup.minecraft.chainmail_boots":9,"stat.drop.minecraft.stick":482,"stat.pickup.minecraft.record_13":2,"stat.useItem.minecraft.iron_bars":346,"stat.mineBlock.minecraft.quartz_stairs":193,"stat.mineBlock.minecraft.monster_egg":43,"stat.pickup.minecraft.record_11":2,"stat.useItem.minecraft.bone_block":1478,"stat.drop.minecraft.stone_brick_stairs":2,"stat.mineBlock.minecraft.pink_shulker_box":36,"stat.craftItem.minecraft.magenta_glazed_terracotta":27,"stat.killEntity.LavaSlime":638,"stat.pickup.minecraft.log":11497,"achievement.theEnd2":1,"stat.mineBlock.minecraft.golden_rail":1005,"stat.breakItem.minecraft.iron_boots":1,"stat.craftItem.minecraft.hopper_minecart":129,"stat.pickup.minecraft.tallgrass":806,"stat.breakItem.minecraft.diamond_chestplate":1,"stat.breakItem.minecraft.iron_helmet":2,"stat.pickup.minecraft.chainmail_leggings":12,"stat.pickup.minecraft.wooden_door":18,"stat.entityKilledBy.Enderman":19,"stat.mineBlock.minecraft.iron_block":5655,"stat.breakItem.minecraft.iron_chestplate":1,"stat.mineBlock.minecraft.tripwire_hook":5,"stat.craftItem.minecraft.snow":1339,"stat.pickup.minecraft.diamond_helmet":108,"stat.craftItem.minecraft.cooked_chicken":51,"stat.useItem.minecraft.stone_hoe":445,"stat.craftItem.minecraft.flower_pot":22,"stat.craftItem.minecraft.golden_boots":6,"stat.useItem.minecraft.beetroot_seeds":24,"stat.sneakTime":1218200,"stat.mineBlock.minecraft.cobblestone_wall":733,"stat.mineBlock.minecraft.yellow_shulker_box":80,"stat.useItem.minecraft.brewing_stand":19,"stat.useItem.minecraft.beetroot":6,"stat.pickup.minecraft.chest":1117,"stat.useItem.minecraft.web":244,"stat.craftItem.minecraft.enchanting_table":2,"stat.craftItem.minecraft.leather_leggings":23,"stat.useItem.minecraft.lapis_block":13,"stat.drop.minecraft.red_shulker_box":5,"stat.pickup.minecraft.stone_pressure_plate":98,"stat.pickup.minecraft.lit_pumpkin":113,"stat.useItem.minecraft.repeater":1670,"stat.craftItem.minecraft.lime_glazed_terracotta":6,"stat.drop.minecraft.leather_helmet":6,"stat.craftItem.minecraft.stone_brick_stairs":988,"stat.craftItem.minecraft.acacia_fence_gate":1,"stat.drop.minecraft.iron_nugget":214,"stat.useItem.minecraft.silver_glazed_terracotta":2,"stat.craftItem.minecraft.iron_trapdoor":123,"stat.swimOneCm":3020221,"stat.mineBlock.minecraft.diamond_block":39,"stat.mineBlock.minecraft.spruce_stairs":885,"stat.craftItem.minecraft.golden_chestplate":5,"stat.drop.minecraft.brown_mushroom":1,"stat.useItem.minecraft.dirt":34400,"stat.pickup.minecraft.purpur_block":130,"achievement.exploreAllBiomes":{"value":0,"progress":["Sunflower Plains","Cold Taiga","Cold Taiga Hills","Birch Forest","Roofed Forest","Extreme Hills M","MushroomIslandShore","The End","Beach","FrozenRiver","Mesa Plateau","Mega Taiga Hills","Extreme Hills+","Cold Beach","Ocean","River","Taiga","Mega Taiga","MushroomIsland","Swampland","Ice Mountains","Birch Forest Hills","Mesa Plateau F","Savanna Plateau","Roofed Forest M","Mesa","ForestHills","Flower Forest","Plains","Ice Plains Spikes","TaigaHills","DesertHills","Stone Beach","Jungle","Ice Plains","Forest","Birch Forest Hills M","JungleHills","Desert","Extreme Hills","Mesa (Bryce)","Deep Ocean","Savanna","Hell","Swampland M"]},"stat.pickup.minecraft.enchanting_table":5,"stat.useItem.minecraft.detector_rail":101,"stat.craftItem.minecraft.melon_block":17016,"stat.drop.minecraft.ender_pearl":7343,"stat.mineBlock.minecraft.magma":178,"stat.pickup.minecraft.quartz_stairs":551,"stat.mineBlock.minecraft.carpet":1287,"stat.pickup.minecraft.gold_block":364,"stat.drop.minecraft.fence":16,"stat.mineBlock.minecraft.redstone_block":135,"stat.useItem.minecraft.stone_shovel":203,"stat.pickup.minecraft.clay":351,"stat.pickup.minecraft.glass_bottle":1845,"stat.useItem.minecraft.red_mushroom":9,"stat.drop.minecraft.wheat_seeds":138,"stat.craftItem.minecraft.wooden_slab":9544,"stat.useItem.minecraft.sign":560,"stat.drop.minecraft.log":941,"stat.pickup.minecraft.mutton":199,"achievement.theEnd":145,"stat.useItem.minecraft.lever":259,"stat.mineBlock.minecraft.coal_block":581,"stat.pickup.minecraft.dark_oak_door":61,"stat.craftItem.minecraft.red_sandstone":1520,"stat.drop.minecraft.golden_boots":5,"stat.pickup.minecraft.stonebrick":9045,"stat.pickup.minecraft.redstone_lamp":457,"stat.drop.minecraft.beetroot_seeds":2,"stat.mineBlock.minecraft.nether_brick":4451,"stat.craftItem.minecraft.nether_brick_fence":174,"stat.mineBlock.minecraft.red_sandstone_stairs":173,"stat.useItem.minecraft.purpur_pillar":195,"stat.drop.minecraft.log2":49,"stat.craftItem.minecraft.brick_block":3,"stat.craftItem.minecraft.stone_slab2":558,"stat.drop.minecraft.anvil":10,"stat.pickup.minecraft.gray_glazed_terracotta":13,"stat.drop.minecraft.potion":1,"stat.useItem.minecraft.stone_slab":6286,"stat.useItem.minecraft.bed":167,"stat.craftItem.minecraft.stone":3477,"stat.craftItem.minecraft.armor_stand":52,"stat.mineBlock.minecraft.crafting_table":270,"stat.useItem.minecraft.diamond_pickaxe":614042,"stat.mineBlock.minecraft.quartz_block":1164,"stat.useItem.minecraft.carrot":5238,"stat.killEntity.Endermite":51,"stat.useItem.minecraft.wooden_shovel":1,"stat.drop.minecraft.golden_apple":4,"stat.useItem.minecraft.bucket":1035,"achievement.buildFurnace":469,"stat.drop.minecraft.spruce_fence_gate":6,"stat.pickup.minecraft.stone_button":330,"stat.pickup.minecraft.slime_ball":1092,"stat.useItem.minecraft.purpur_block":112,"stat.mineBlock.minecraft.cyan_shulker_box":69,"stat.craftItem.minecraft.diamond_pickaxe":93,"stat.drop.minecraft.wooden_pickaxe":2,"stat.pickup.minecraft.gravel":14892,"stat.useItem.minecraft.glass_bottle":547,"stat.useItem.minecraft.diamond_axe":23179,"stat.pickup.minecraft.purpur_stairs":98,"stat.drop.minecraft.spruce_boat":1,"stat.entityKilledBy.Guardian":2,"stat.pickup.minecraft.red_shulker_box":167,"stat.useItem.minecraft.stained_glass_pane":1387,"stat.pickup.minecraft.stone_brick_stairs":513,"stat.drop.minecraft.cooked_porkchop":24,"stat.pickup.minecraft.diamond_sword":152,"stat.pickup.minecraft.brick":100,"stat.killEntity.SkeletonHorse":1,"stat.useItem.minecraft.wooden_hoe":3,"stat.pickup.minecraft.iron_helmet":38,"stat.pickup.minecraft.black_shulker_box":61,"stat.useItem.minecraft.piston":465,"stat.craftItem.minecraft.bread":539,"stat.entityKilledBy.CaveSpider":1,"stat.pickup.minecraft.spider_eye":3168,"stat.useItem.minecraft.mycelium":42,"stat.useItem.minecraft.stone_button":452,"stat.pickup.minecraft.diamond_ore":74,"stat.mineBlock.minecraft.magenta_shulker_box":6,"stat.useItem.minecraft.cooked_chicken":2356,"stat.craftItem.minecraft.end_crystal":9,"stat.pickup.minecraft.iron_ore":7041,"stat.pickup.minecraft.snow":312,"stat.drop.minecraft.pumpkin_pie":14,"stat.mineBlock.minecraft.iron_bars":145,"stat.pickup.minecraft.leaves":7298,"stat.craftItem.minecraft.activator_rail":12,"stat.pickup.minecraft.leather":1024,"stat.useItem.minecraft.wooden_pickaxe":31,"stat.dispenserInspected":1644,"stat.mineBlock.minecraft.mycelium":4,"stat.drop.minecraft.red_sandstone":11,"stat.pickup.minecraft.reeds":651,"stat.pickup.minecraft.prismarine_crystals":42,"stat.useItem.minecraft.magma":543,"stat.craftItem.minecraft.glass":1838,"stat.drop.minecraft.cooked_chicken":14,"stat.craftItem.minecraft.cauldron":113,"stat.sleepInBed":1554,"stat.craftItem.minecraft.baked_potato":343,"stat.killEntity.Cow":300,"stat.pickup.minecraft.minecart":658,"stat.killEntity.Pig":794,"stat.craftItem.minecraft.iron_sword":30,"stat.pickup.minecraft.piston":728,"stat.breakItem.minecraft.fishing_rod":5,"stat.walkOneCm":156004710,"stat.playerKills":50,"stat.pickup.minecraft.clay_ball":229,"stat.mineBlock.minecraft.trapped_chest":112,"stat.pickup.minecraft.purpur_slab":1228,"stat.useItem.minecraft.spruce_boat":33,"stat.drop.minecraft.diamond_axe":6,"stat.pickup.minecraft.tnt":8,"stat.drop.minecraft.iron_chestplate":2,"stat.pickup.minecraft.stone":147236,"stat.mineBlock.minecraft.wool":1336,"stat.drop.minecraft.slime":22,"stat.pickup.minecraft.silver_glazed_terracotta":2,"stat.drop.minecraft.emerald":2,"stat.drop.minecraft.diamond_leggings":1,"stat.craftItem.minecraft.hay_block":142,"stat.useItem.minecraft.red_mushroom_block":2,"stat.mineBlock.minecraft.packed_ice":199,"stat.useItem.minecraft.leaves":5484,"stat.craftItem.minecraft.minecart":276,"stat.pickup.minecraft.gold_ingot":54,"stat.useItem.minecraft.prismarine":1186,"stat.killEntity.Skeleton":3479,"stat.mineBlock.minecraft.cactus":62,"stat.drop.minecraft.chainmail_boots":3,"stat.mineBlock.minecraft.redstone_torch":639,"stat.killEntity.Spider":1385,"stat.pickup.minecraft.bread":231,"stat.craftItem.minecraft.spruce_fence":3621,"stat.pickup.minecraft.quartz":8342,"stat.pickup.minecraft.birch_fence":96,"stat.breakItem.minecraft.iron_axe":3,"stat.pickup.minecraft.water_bucket":37,"stat.useItem.minecraft.hopper_minecart":129,"stat.pickup.minecraft.spruce_stairs":942,"stat.mineBlock.minecraft.redstone_ore":6824,"stat.pickup.minecraft.elytra":136,"stat.pickup.minecraft.lava_bucket":2,"stat.craftItem.minecraft.coal_block":1116,"stat.drop.minecraft.beef":16,"stat.craftItem.minecraft.brick":4,"stat.mineBlock.minecraft.stone":406203,"stat.useItem.minecraft.sandstone":672}