{"achievement.openInventory":11,"stat.leaveGame":155,"stat.damageTaken":240,"stat.flyOneCm":10773043,"stat.deaths":1,"stat.jump":2,"stat.swimOneCm":21487,"stat.playOneMinute":12873617,"stat.sneakTime":32446,"stat.timeSinceDeath":2418078,"achievement.exploreAllBiomes":{"value":0,"progress":["Birch Forest","Roofed Forest","The End","Beach","FrozenRiver","Mesa Plateau","Mega Taiga Hills","Extreme Hills+","Ocean","River","Taiga","MushroomIsland","Swampland","Ice Mountains","Birch Forest Hills","Mesa Plateau F","Savanna Plateau","Mesa","ForestHills","Flower Forest","Plains","Ice Plains Spikes","TaigaHills","DesertHills","Stone Beach","Ice Plains","Forest","Desert","Extreme Hills","Mesa (Bryce)","Deep Ocean","Savanna","Hell"]},"stat.diveOneCm":26186}