{"stat.useItem.minecraft.bow":120,"stat.pickup.minecraft.wooden_slab":287,"stat.leaveGame":16,"stat.craftItem.minecraft.iron_axe":2,"stat.craftItem.minecraft.shield":2,"stat.useItem.minecraft.planks":20,"stat.mineBlock.minecraft.web":1,"stat.pickup.minecraft.golden_boots":1,"stat.pickup.minecraft.porkchop":15,"stat.pickup.minecraft.glass":20,"stat.useItem.minecraft.water_bucket":93,"stat.pickup.minecraft.rotten_flesh":217,"stat.mineBlock.minecraft.nether_brick_fence":2,"stat.pickup.minecraft.sand":142,"stat.pickup.minecraft.hardened_clay":2274,"achievement.diamonds":28,"stat.killEntity.Enderman":1,"stat.mineBlock.minecraft.wooden_slab":276,"stat.pickup.minecraft.leather_boots":1,"stat.craftItem.minecraft.stone_sword":1,"stat.useItem.minecraft.anvil":5,"stat.craftItem.minecraft.iron_shovel":4,"stat.mineBlock.minecraft.snow_layer":1,"stat.mineBlock.minecraft.sand":142,"achievement.buildPickaxe":43,"stat.drop.minecraft.sand":1,"stat.craftItem.minecraft.wooden_hoe":1,"achievement.buildBetterPickaxe":41,"stat.useItem.minecraft.spider_eye":1,"stat.hopperInspected":1,"stat.useItem.minecraft.iron_pickaxe":4157,"stat.pickup.minecraft.stained_hardened_clay":1899,"stat.craftItem.minecraft.wooden_pickaxe":1,"stat.pickup.minecraft.packed_ice":235,"stat.useItem.minecraft.iron_shovel":1004,"stat.craftItem.minecraft.birch_door":3,"stat.craftItem.minecraft.bed":1,"stat.useItem.minecraft.hardened_clay":272,"stat.useItem.minecraft.oak_stairs":123,"stat.furnaceInteraction":165,"stat.mineBlock.minecraft.birch_stairs":22,"stat.pickup.minecraft.beef":39,"stat.pickup.minecraft.furnace":5,"stat.useItem.minecraft.cooked_mutton":16,"stat.useItem.minecraft.redstone":3,"achievement.mineWood":641,"stat.mineBlock.minecraft.stained_hardened_clay":1903,"stat.useItem.minecraft.trapdoor":5,"stat.useItem.minecraft.fence":30,"stat.useItem.minecraft.stone_stairs":45,"stat.pickup.minecraft.acacia_door":1,"achievement.openInventory":657,"stat.pickup.minecraft.stone_stairs":6,"stat.mineBlock.minecraft.fence":26,"stat.useItem.minecraft.wheat_seeds":27,"stat.useItem.minecraft.dye":36,"stat.mineBlock.minecraft.oak_stairs":15,"stat.deaths":2,"stat.pickup.minecraft.egg":32,"stat.playOneMinute":1429234,"stat.pickup.minecraft.birch_door":6,"stat.craftItem.minecraft.iron_pickaxe":15,"stat.mineBlock.minecraft.tallgrass":6,"stat.craftItem.minecraft.cooked_mutton":16,"stat.pickup.minecraft.netherrack":144,"stat.chestOpened":298,"stat.craftItem.minecraft.sign":3,"stat.useItem.minecraft.stone":422,"stat.mineBlock.minecraft.netherrack":81,"stat.pickup.minecraft.arrow":87,"stat.craftItem.minecraft.coal":17,"stat.useItem.minecraft.packed_ice":279,"stat.craftItem.minecraft.iron_hoe":1,"stat.fallOneCm":122244,"stat.pickup.minecraft.carrot":26,"stat.pickup.minecraft.melon_seeds":1,"stat.crouchOneCm":434053,"achievement.killCow":17,"stat.pickup.minecraft.rail":2,"stat.mineBlock.minecraft.chest":2,"stat.craftItem.minecraft.iron_ingot":251,"stat.craftItem.minecraft.chest":8,"stat.useItem.minecraft.nether_brick_fence":2,"stat.pickup.minecraft.golden_leggings":2,"stat.mineBlock.minecraft.hardened_clay":2292,"stat.useItem.minecraft.iron_hoe":26,"stat.craftingTableInteraction":126,"stat.pickup.minecraft.nether_brick_fence":2,"stat.mineBlock.minecraft.log2":481,"stat.pickup.minecraft.feather":21,"stat.drop.minecraft.bone":1,"stat.useItem.minecraft.furnace":12,"stat.craftItem.minecraft.wooden_sword":2,"stat.craftItem.minecraft.nether_brick":20,"stat.pickup.minecraft.dye":368,"stat.pickup.minecraft.planks":20,"stat.craftItem.minecraft.diamond_shovel":1,"stat.mineBlock.minecraft.snow":9,"stat.pickup.minecraft.wheat_seeds":52,"stat.mineBlock.minecraft.gravel":268,"stat.useItem.minecraft.stone_pickaxe":132,"stat.craftItem.minecraft.birch_stairs":68,"stat.mineBlock.minecraft.glass":2,"stat.craftItem.minecraft.iron_leggings":2,"stat.craftItem.minecraft.oak_stairs":112,"stat.mineBlock.minecraft.dirt":1528,"stat.pickup.minecraft.chainmail_boots":2,"stat.pickup.minecraft.poisonous_potato":4,"stat.useItem.minecraft.torch":1307,"stat.useItem.minecraft.bread":17,"stat.drop.minecraft.rotten_flesh":10,"stat.craftItem.minecraft.stone_stairs":44,"stat.pickup.minecraft.crafting_table":28,"stat.useItem.minecraft.cobblestone":825,"stat.craftItem.minecraft.crafting_table":9,"stat.useItem.minecraft.gravel":100,"stat.craftItem.minecraft.boat":4,"stat.pickup.minecraft.log":221,"stat.drop.minecraft.carrot":1,"stat.craftItem.minecraft.gold_ingot":20,"stat.pickup.minecraft.chicken":22,"stat.pickup.minecraft.sapling":61,"stat.pickup.minecraft.apple":9,"stat.breakItem.minecraft.stone_shovel":1,"stat.useItem.minecraft.birch_door":8,"stat.pickup.minecraft.beetroot":8,"achievement.portal":26,"stat.craftItem.minecraft.bucket":1,"stat.craftItem.minecraft.planks":896,"stat.useItem.minecraft.iron_sword":451,"stat.itemEnchanted":19,"stat.drop.minecraft.golden_chestplate":1,"stat.craftItem.minecraft.dirt":24,"stat.mineBlock.minecraft.log":222,"stat.craftItem.minecraft.cooked_chicken":18,"achievement.acquireIron":60,"stat.useItem.minecraft.beetroot_seeds":14,"stat.pickup.minecraft.red_flower":2,"stat.sneakTime":157435,"stat.pickup.minecraft.wool":9,"stat.useItem.minecraft.baked_potato":201,"stat.pickup.minecraft.stone_slab":61,"stat.useItem.minecraft.beetroot":8,"stat.pickup.minecraft.chest":2,"stat.pickup.minecraft.bone":95,"stat.horseOneCm":3103,"stat.useItem.minecraft.iron_axe":273,"stat.mineBlock.minecraft.cobblestone":372,"stat.useItem.minecraft.log2":395,"stat.pickup.minecraft.flint":18,"stat.craftItem.minecraft.wool":3,"stat.useItem.minecraft.diamond_sword":645,"stat.swimOneCm":138484,"stat.climbOneCm":25581,"stat.drop.minecraft.cobblestone":41,"achievement.buildWorkBench":17,"stat.enderchestOpened":2,"stat.breakItem.minecraft.iron_pickaxe":13,"stat.craftItem.minecraft.arrow":60,"stat.useItem.minecraft.dirt":1624,"stat.pickup.minecraft.golden_helmet":2,"stat.pickup.minecraft.bow":21,"achievement.exploreAllBiomes":{"value":0,"progress":["Birch Forest Hills","Mesa Plateau F","Mesa","ForestHills","Flower Forest","Roofed Forest","Birch Forest","Plains","Ice Plains Spikes","Beach","FrozenRiver","Mesa Plateau","Ice Plains","Forest","Ocean","River","Desert","Extreme Hills","Swampland","Deep Ocean","Hell","Savanna","Ice Mountains"]},"stat.craftItem.minecraft.furnace":8,"stat.craftItem.minecraft.lapis_block":42,"stat.useItem.minecraft.egg":5,"stat.craftItem.minecraft.iron_boots":2,"stat.pickup.minecraft.anvil":2,"stat.craftItem.minecraft.trapdoor":2,"stat.craftItem.minecraft.stone_pickaxe":1,"stat.craftItem.minecraft.cooked_beef":27,"stat.pickup.minecraft.cobblestone":2091,"stat.useItem.minecraft.stone_shovel":265,"stat.flyOneCm":1104017,"stat.useItem.minecraft.cooked_beef":27,"stat.craftItem.minecraft.wooden_slab":390,"stat.pickup.minecraft.cactus":18,"stat.pickup.minecraft.redstone":301,"stat.mineBlock.minecraft.iron_ore":330,"stat.timeSinceDeath":1154665,"stat.craftItem.minecraft.acacia_door":3,"stat.useItem.minecraft.sign":3,"stat.useItem.minecraft.wooden_slab":643,"stat.pickup.minecraft.mutton":16,"stat.pickup.minecraft.mossy_cobblestone":3,"stat.craftItem.minecraft.iron_block":6,"stat.killEntity.Bat":1,"stat.breakItem.minecraft.diamond_pickaxe":2,"stat.useItem.minecraft.potato":208,"stat.useItem.minecraft.cooked_porkchop":10,"stat.pickup.minecraft.trapdoor":5,"stat.mineBlock.minecraft.coal_ore":635,"stat.killEntity.Creeper":16,"stat.breakItem.minecraft.iron_sword":1,"stat.pickup.minecraft.wooden_sword":1,"stat.drop.minecraft.baked_potato":2,"stat.craftItem.minecraft.nether_brick_fence":6,"stat.pickup.minecraft.string":67,"stat.mineBlock.minecraft.ladder":1,"achievement.buildSword":14,"stat.pickup.minecraft.birch_stairs":22,"stat.sprintOneCm":4100061,"stat.useItem.minecraft.diamond_shovel":626,"stat.mineBlock.minecraft.stone_slab":59,"stat.craftItem.minecraft.stick":304,"stat.useItem.minecraft.stone_slab":61,"stat.craftItem.minecraft.stained_hardened_clay":152,"stat.useItem.minecraft.bed":4,"stat.craftItem.minecraft.stone":452,"stat.mineBlock.minecraft.diamond_ore":28,"stat.mineBlock.minecraft.crafting_table":24,"stat.useItem.minecraft.diamond_pickaxe":8524,"stat.useItem.minecraft.carrot":25,"stat.useItem.minecraft.bucket":94,"stat.entityKilledBy.Creeper":1,"achievement.killEnemy":861,"achievement.buildFurnace":16,"stat.mineBlock.minecraft.planks":20,"stat.drop":14,"stat.useItem.minecraft.wooden_sword":1,"stat.killEntity.Sheep":9,"stat.breakItem.minecraft.iron_shovel":4,"stat.useItem.minecraft.ladder":5,"stat.pickup.minecraft.golden_chestplate":1,"stat.craftItem.minecraft.diamond_pickaxe":5,"stat.useItem.minecraft.melon_seeds":4,"stat.killEntity.Zombie":245,"stat.craftItem.minecraft.dye":186,"stat.pickup.minecraft.snowball":38,"stat.drop.minecraft.bread":1,"stat.useItem.minecraft.birch_stairs":70,"stat.craftItem.minecraft.diamond_axe":1,"stat.mineBlock.minecraft.gold_ore":42,"stat.diveOneCm":22717,"stat.pickup.minecraft.wheat":27,"stat.mineBlock.minecraft.mossy_cobblestone":3,"stat.craftItem.minecraft.ladder":6,"achievement.buildHoe":4,"stat.pickup.minecraft.sign":1,"stat.pickup.minecraft.gravel":130,"stat.craftItem.minecraft.cooked_porkchop":14,"stat.useItem.minecraft.diamond_axe":831,"stat.mineBlock.minecraft.anvil":2,"stat.useItem.minecraft.apple":3,"stat.mineBlock.minecraft.deadbush":98,"stat.useItem.minecraft.porkchop":1,"stat.useItem.minecraft.rotten_flesh":2,"stat.craftItem.minecraft.diamond_sword":1,"stat.useItem.minecraft.sand":6,"stat.jump":8511,"stat.useItem.minecraft.wooden_hoe":3,"stat.pickup.minecraft.fence":26,"stat.pickup.minecraft.coal":625,"stat.pickup.minecraft.iron_ingot":3,"stat.craftItem.minecraft.bread":9,"stat.pickup.minecraft.gunpowder":8,"stat.pickup.minecraft.spider_eye":6,"stat.craftItem.minecraft.torch":1124,"stat.pickup.minecraft.dirt":1617,"stat.craftItem.minecraft.iron_helmet":2,"achievement.makeBread":18,"stat.useItem.minecraft.cooked_chicken":18,"stat.pickup.minecraft.iron_ore":332,"stat.useItem.minecraft.glass":120,"stat.boatOneCm":210670,"stat.useItem.minecraft.sapling":34,"stat.pickup.minecraft.gold_ore":39,"stat.mineBlock.minecraft.lapis_ore":73,"stat.mineBlock.minecraft.leaves2":86,"stat.mineBlock.minecraft.stone_stairs":6,"stat.damageTaken":6611,"stat.pickup.minecraft.leather":26,"stat.mineBlock.minecraft.torch":89,"stat.mineBlock.minecraft.furnace":5,"stat.useItem.minecraft.wooden_pickaxe":24,"stat.useItem.minecraft.acacia_door":3,"stat.mineBlock.minecraft.sapling":4,"stat.pickup.minecraft.log2":480,"stat.killEntity.CaveSpider":333,"stat.pickup.minecraft.bed":3,"stat.craftItem.minecraft.netherbrick":80,"stat.pickup.minecraft.potato":531,"stat.pickup.minecraft.oak_stairs":15,"stat.entityKilledBy.Zombie":1,"stat.damageDealt":50834,"stat.craftItem.minecraft.glass":114,"stat.craftItem.minecraft.bowl":4,"stat.sleepInBed":32,"stat.craftItem.minecraft.baked_potato":322,"stat.craftItem.minecraft.anvil":2,"stat.killEntity.Cow":18,"stat.useItem.minecraft.crafting_table":33,"stat.killEntity.Pig":11,"stat.craftItem.minecraft.iron_sword":3,"stat.craftItem.minecraft.stone_slab":54,"stat.craftItem.minecraft.stone_shovel":4,"stat.walkOneCm":4807112,"stat.useItem.minecraft.chest":10,"stat.pickup.minecraft.stick":108,"stat.useItem.minecraft.gold_ore":15,"stat.breakItem.minecraft.stone_pickaxe":1,"stat.pickup.minecraft.stone":829,"stat.craftItem.minecraft.iron_chestplate":2,"stat.pickup.minecraft.baked_potato":2,"stat.useItem.minecraft.stained_hardened_clay":621,"stat.mineBlock.minecraft.packed_ice":244,"stat.pickup.minecraft.ladder":5,"stat.killEntity.Skeleton":258,"stat.mineBlock.minecraft.cactus":9,"stat.killEntity.Chicken":22,"stat.drop.minecraft.crafting_table":2,"stat.killEntity.Spider":8,"stat.mobKills":926,"stat.craftItem.minecraft.fence":12,"stat.useItem.minecraft.golden_apple":1,"stat.useItem.minecraft.boat":4,"stat.pickup.minecraft.water_bucket":1,"stat.pickup.minecraft.diamond":28,"stat.mineBlock.minecraft.leaves":96,"stat.pickup.minecraft.beetroot_seeds":18,"stat.pickup.minecraft.torch":162,"stat.mineBlock.minecraft.redstone_ore":268,"stat.mineBlock.minecraft.stone":6481}