{"stat.useItem.minecraft.chain_command_block":102,"stat.pickup.minecraft.bone":1,"stat.pickup.minecraft.redstone_torch":3,"stat.useItem.minecraft.repeater":1,"stat.leaveGame":396,"stat.drop.minecraft.redstone":1,"stat.useItem.minecraft.repeating_command_block":93,"stat.pickup.minecraft.fishing_rod":1,"stat.swimOneCm":42124,"stat.climbOneCm":1589,"stat.pickup.minecraft.golden_boots":1,"stat.pickup.minecraft.glass":1,"stat.enderchestOpened":1,"stat.pickup.minecraft.sticky_piston":1,"stat.useItem.minecraft.redstone_torch":3,"stat.pickup.minecraft.golden_helmet":1,"stat.pickup.minecraft.bow":5,"achievement.exploreAllBiomes":{"value":0,"progress":["Sunflower Plains","Roofed Forest","Birch Forest","MushroomIslandShore","The End","Beach","Mesa Plateau","River","Ocean","Taiga","MushroomIsland","Swampland","Birch Forest Hills","Mesa Plateau F","Savanna Plateau","Mesa","ForestHills","Flower Forest","Plains","Ice Plains Spikes","DesertHills","Jungle","Forest","JungleHills","Desert","Extreme Hills","Deep Ocean","Hell","Savanna","Swampland M"]},"stat.pickup.minecraft.iron_boots":1,"stat.useItem.minecraft.water_bucket":1,"stat.pickup.minecraft.rotten_flesh":820,"stat.useItem.minecraft.detector_rail":2,"stat.pickup.minecraft.bucket":1,"stat.useItem.minecraft.rail":3,"stat.pickup.minecraft.cobblestone":1,"stat.pickup.minecraft.leather_boots":1,"stat.pickup.minecraft.diamond_leggings":1,"stat.useItem.minecraft.anvil":1,"stat.flyOneCm":21934841,"stat.drop.minecraft.iron_helmet":1,"stat.pickup.minecraft.glass_bottle":1,"stat.drop.minecraft.gold_ingot":14,"stat.pickup.minecraft.redstone":4,"stat.timeSinceDeath":1414798,"stat.hopperInspected":257,"stat.useItem.minecraft.sign":16,"stat.useItem.minecraft.spawn_egg":1,"stat.pickup.minecraft.stained_hardened_clay":11,"stat.trappedChestTriggered":31,"stat.useItem.minecraft.hardened_clay":3,"stat.pickup.minecraft.diamond_shovel":1,"stat.drop.minecraft.wool":18,"stat.pickup.minecraft.string":4,"stat.drop.minecraft.bedrock":1,"stat.useItem.minecraft.minecart":18,"stat.pickup.minecraft.furnace":1,"stat.useItem.minecraft.redstone":2,"stat.useItem.minecraft.milk_bucket":1,"stat.useItem.minecraft.sea_lantern":3,"achievement.mineWood":3,"stat.useItem.minecraft.spruce_fence":4,"stat.useItem.minecraft.dropper":1,"stat.useItem.minecraft.trapdoor":2,"stat.useItem.minecraft.stained_glass":14,"stat.sprintOneCm":419165,"stat.useItem.minecraft.fence":1,"stat.useItem.minecraft.stone_slab":3,"stat.useItem.minecraft.ice":1,"achievement.openInventory":1053,"stat.pickup.minecraft.potion":2,"stat.useItem.minecraft.hopper":5,"stat.pickup.minecraft.emerald":1,"stat.deaths":3,"stat.drop.minecraft.chain_command_block":1,"stat.playOneMinute":8129278,"stat.pickup.minecraft.golden_chestplate":1,"stat.pickup.minecraft.glass_pane":1,"stat.drop.minecraft.chest":1,"stat.pickup.minecraft.iron_bars":9,"stat.diveOneCm":190733,"stat.drop.minecraft.diamond_pickaxe":1,"stat.chestOpened":141,"stat.useItem.minecraft.sticky_piston":3,"stat.pickup.minecraft.sign":19,"stat.useItem.minecraft.stone":18,"stat.pickup.minecraft.arrow":6,"stat.pickup.minecraft.gold_nugget":620,"stat.jump":1129,"stat.pickup.minecraft.iron_helmet":1,"stat.fallOneCm":9653,"stat.pickup.minecraft.iron_ingot":22223,"stat.drop.minecraft.dye":3,"stat.useItem.minecraft.trapped_chest":48,"stat.useItem.minecraft.piston":2,"stat.drop.minecraft.diamond_sword":1,"stat.crouchOneCm":36862,"stat.pickup.minecraft.rail":3,"stat.useItem.minecraft.stone_button":1,"stat.pickup.minecraft.golden_leggings":1,"stat.drop.minecraft.stained_glass_pane":2,"stat.dropperInspected":26,"stat.useItem.minecraft.glass":2,"stat.useItem.minecraft.sapling":6,"stat.pickup.minecraft.comparator":2,"stat.pickup.minecraft.repeater":2,"stat.useItem.minecraft.golden_rail":2,"stat.damageTaken":1031,"stat.dispenserInspected":10,"stat.mineBlock.minecraft.sapling":1,"stat.pickup.minecraft.log2":2,"stat.pickup.minecraft.dye":9,"stat.pickup.minecraft.iron_leggings":1,"stat.useItem.minecraft.slime":1,"stat.pickup.minecraft.diamond_axe":1,"stat.pickup.minecraft.stained_glass":9,"stat.damageDealt":10033,"stat.useItem.minecraft.wool":2,"stat.sleepInBed":2,"stat.mineBlock.minecraft.dirt":1,"stat.pickup.minecraft.minecart":1,"stat.useItem.minecraft.iron_bars":2,"stat.pickup.minecraft.flint_and_steel":1,"stat.walkOneCm":484318,"stat.useItem.minecraft.torch":8,"stat.useItem.minecraft.chest":1,"stat.playerKills":1,"stat.pickup.minecraft.diamond_pickaxe":1,"stat.useItem.minecraft.log":3,"stat.useItem.minecraft.comparator":3,"stat.useItem.minecraft.cobblestone":5,"stat.pickup.minecraft.log":1,"stat.drop.minecraft.sign":1,"stat.useItem.minecraft.redstone_block":3,"stat.shulkerBoxOpened":34,"stat.drop.minecraft.diamond_leggings":1,"stat.pickup.minecraft.sapling":1,"stat.pickup.minecraft.ender_pearl":29,"stat.pickup.minecraft.apple":3,"stat.pickup.minecraft.ladder":2,"stat.pickup.minecraft.gold_ingot":36,"stat.drop.minecraft.bow":1,"stat.useItem.minecraft.tripwire_hook":5,"stat.pickup.minecraft.diamond_helmet":1,"stat.useItem.minecraft.iron_block":6,"stat.drop.minecraft.diamond_boots":1,"stat.pickup.minecraft.diamond_boots":1,"stat.pickup.minecraft.golden_sword":94,"stat.pickup.minecraft.torch":8,"stat.pickup.minecraft.red_flower":5618,"stat.sneakTime":75281,"stat.pickup.minecraft.elytra":4,"stat.drop.minecraft.diamond_shovel":1,"stat.drop.minecraft.bucket":1,"stat.drop.minecraft.sea_lantern":1,"stat.pickup.minecraft.trapped_chest":6,"stat.pickup.minecraft.chest":1}