{"stat.useItem.minecraft.bow":145,"stat.useItem.minecraft.quartz_block":152,"stat.useItem.minecraft.painting":15,"stat.pickup.minecraft.wooden_slab":57,"stat.leaveGame":587,"stat.pickup.minecraft.stone_slab2":7,"stat.useItem.minecraft.glowstone":55,"stat.craftItem.minecraft.stone_pressure_plate":4,"stat.mineBlock.minecraft.red_sandstone":11,"stat.pickup.minecraft.rotten_flesh":207,"stat.craftItem.minecraft.stone_axe":1,"stat.killEntity.Enderman":1,"stat.mineBlock.minecraft.wooden_slab":56,"stat.pickup.minecraft.leather_boots":3,"stat.useItem.minecraft.anvil":1,"stat.craftItem.minecraft.iron_shovel":5,"achievement.buildPickaxe":33,"stat.useItem.minecraft.iron_pickaxe":2460,"stat.pickup.minecraft.stained_hardened_clay":4037,"stat.craftItem.minecraft.wooden_pickaxe":1,"stat.craftItem.minecraft.iron_door":9,"stat.useItem.minecraft.iron_shovel":597,"stat.craftItem.minecraft.bed":4,"stat.craftItem.minecraft.glass_pane":16,"stat.useItem.minecraft.hardened_clay":446,"stat.mineBlock.minecraft.hopper":7,"stat.mineBlock.minecraft.vine":1,"stat.mineBlock.minecraft.sticky_piston":13,"stat.furnaceInteraction":160,"stat.drop.minecraft.gravel":2,"stat.mineBlock.minecraft.wooden_button":3,"stat.useItem.minecraft.red_sandstone":1,"stat.pickup.minecraft.leather_helmet":2,"stat.mineBlock.minecraft.stained_hardened_clay":3991,"stat.useItem.minecraft.trapdoor":20,"achievement.openInventory":2918,"stat.useItem.minecraft.flint_and_steel":2,"stat.useItem.minecraft.wheat_seeds":6,"stat.useItem.minecraft.wooden_button":5,"stat.craftItem.minecraft.dropper":3,"stat.useItem.minecraft.dye":7,"stat.mineBlock.minecraft.stone_slab2":7,"stat.pickup.minecraft.lever":5,"stat.deaths":2,"stat.pickup.minecraft.egg":173,"stat.craftItem.minecraft.item_frame":2,"stat.craftItem.minecraft.iron_pickaxe":10,"stat.pickup.minecraft.glass_pane":3,"stat.pickup.minecraft.item_frame":1,"stat.drop.minecraft.torch":1,"stat.craftItem.minecraft.repeater":45,"stat.mineBlock.minecraft.tallgrass":17,"stat.chestOpened":1749,"stat.craftItem.minecraft.sign":30,"stat.useItem.minecraft.stone":829,"stat.pickup.minecraft.arrow":524,"stat.killEntity.Ghast":3,"stat.craftItem.minecraft.quartz_block":200,"stat.craftItem.minecraft.coal":48,"stat.drop.minecraft.iron_pickaxe":1,"stat.pickup.minecraft.carrot":378,"stat.crouchOneCm":69623,"achievement.killCow":1,"stat.mineBlock.minecraft.chest":9,"stat.craftItem.minecraft.iron_ingot":580,"stat.pickup.minecraft.painting":8,"stat.mineBlock.minecraft.hardened_clay":3365,"stat.craftItem.minecraft.hopper":31,"stat.craftingTableInteraction":293,"stat.pickup.minecraft.repeater":25,"stat.mineBlock.minecraft.log2":3,"stat.craftItem.minecraft.wooden_sword":1,"stat.pickup.minecraft.dye":623,"stat.pickup.minecraft.planks":19,"stat.craftItem.minecraft.diamond_shovel":1,"stat.pickup.minecraft.wheat_seeds":14,"stat.mineBlock.minecraft.glass":3,"stat.mineBlock.minecraft.dirt":642,"stat.flowerPotted":5,"stat.useItem.minecraft.bread":2,"stat.useItem.minecraft.cobblestone":523,"stat.useItem.minecraft.gravel":41,"stat.pickup.minecraft.iron_pickaxe":1,"stat.drop.minecraft.carrot":1,"stat.craftItem.minecraft.gold_ingot":76,"stat.pickup.minecraft.hopper":7,"stat.pickup.minecraft.chicken":13,"stat.pickup.minecraft.apple":10,"stat.useItem.minecraft.glass_pane":15,"stat.pickup.minecraft.coal_block":3,"achievement.portal":118,"stat.craftItem.minecraft.bucket":2,"stat.craftItem.minecraft.planks":2756,"stat.useItem.minecraft.iron_sword":167,"stat.itemEnchanted":21,"stat.useItem.minecraft.stonebrick":120,"stat.mineBlock.minecraft.log":1148,"stat.craftItem.minecraft.wooden_door":6,"stat.mineBlock.minecraft.heavy_weighted_pressure_plate":1,"stat.useItem.minecraft.wooden_door":6,"achievement.acquireIron":34,"stat.pickup.minecraft.iron_door":3,"stat.pickup.minecraft.red_flower":3,"stat.pickup.minecraft.wool":23,"stat.craftItem.minecraft.trapped_chest":2,"stat.pickup.minecraft.red_sandstone_stairs":29,"stat.cakeSlicesEaten":1,"stat.mineBlock.minecraft.acacia_stairs":1,"stat.useItem.minecraft.iron_axe":748,"stat.mineBlock.minecraft.cobblestone":184,"stat.mineBlock.minecraft.pumpkin":1,"stat.pickup.minecraft.flint":18,"stat.mineBlock.minecraft.yellow_flower":5,"stat.craftItem.minecraft.quartz_stairs":24,"stat.pickup.minecraft.leather_chestplate":6,"stat.craftItem.minecraft.wool":24,"stat.pickup.minecraft.glowstone":18,"stat.drop.minecraft.cobblestone":64,"achievement.buildWorkBench":30,"stat.useItem.minecraft.coal_block":12,"stat.breakItem.minecraft.iron_pickaxe":9,"stat.mineBlock.minecraft.dropper":5,"stat.pickup.minecraft.sticky_piston":32,"stat.useItem.minecraft.stone_slab2":55,"stat.pickup.minecraft.bow":19,"stat.pickup.minecraft.iron_boots":1,"stat.craftItem.minecraft.furnace":13,"stat.craftItem.minecraft.lapis_block":43,"stat.useItem.minecraft.egg":438,"stat.craftItem.minecraft.iron_boots":2,"stat.craftItem.minecraft.bow":21,"stat.pickup.minecraft.iron_trapdoor":8,"stat.mineBlock.minecraft.clay":12,"stat.craftItem.minecraft.red_sandstone_stairs":60,"stat.flyOneCm":44269497,"stat.timeSinceDeath":27327450,"stat.craftItem.minecraft.painting":7,"stat.useItem.minecraft.wooden_slab":302,"stat.useItem.minecraft.iron_door":6,"stat.craftItem.minecraft.iron_block":3,"stat.craftItem.minecraft.stonebrick":128,"stat.pickup.minecraft.chainmail_helmet":1,"stat.mineBlock.minecraft.coal_ore":1393,"stat.killEntity.Creeper":12,"stat.useItem.minecraft.armor_stand":1,"stat.craftItem.minecraft.stone_hoe":1,"stat.pickup.minecraft.wooden_sword":1,"stat.pickup.minecraft.string":97,"stat.mineBlock.minecraft.ladder":19,"stat.entityKilledBy.Skeleton":1,"achievement.buildSword":17,"stat.pickup.minecraft.birch_stairs":10,"stat.useItem.minecraft.dropper":8,"stat.sprintOneCm":3744534,"stat.useItem.minecraft.diamond_shovel":1386,"stat.mineBlock.minecraft.stone_slab":177,"stat.mineBlock.minecraft.diamond_ore":69,"stat.pickup.minecraft.leather_leggings":2,"stat.craftItem.minecraft.wooden_pressure_plate":2,"achievement.killEnemy":855,"stat.useItem.minecraft.wooden_sword":50,"stat.breakItem.minecraft.iron_shovel":1,"stat.useItem.minecraft.ladder":45,"stat.killEntity.Zombie":258,"stat.craftItem.minecraft.dye":2853,"stat.useItem.minecraft.birch_stairs":73,"stat.craftItem.minecraft.diamond_axe":2,"stat.mineBlock.minecraft.gold_ore":91,"stat.diveOneCm":122423,"stat.craftItem.minecraft.slime_ball":36,"stat.pickup.minecraft.wheat":6,"stat.craftItem.minecraft.sandstone":54,"stat.useItem.minecraft.sticky_piston":31,"stat.craftItem.minecraft.ladder":30,"achievement.buildHoe":2,"stat.pickup.minecraft.sign":5,"stat.useItem.minecraft.heavy_weighted_pressure_plate":3,"stat.craftItem.minecraft.diamond_sword":2,"stat.jump":17737,"stat.useItem.minecraft.iron_trapdoor":12,"stat.useItem.minecraft.sand":1,"stat.pickup.minecraft.coal":1626,"stat.pickup.minecraft.iron_ingot":1,"stat.craftItem.minecraft.lever":12,"stat.pickup.minecraft.gunpowder":6,"stat.craftItem.minecraft.torch":624,"stat.pickup.minecraft.dirt":733,"stat.drop.minecraft.iron_shovel":1,"stat.useItem.minecraft.dispenser":21,"stat.useItem.minecraft.glass":61,"stat.useItem.minecraft.sapling":17,"stat.pickup.minecraft.gold_ore":91,"stat.mineBlock.minecraft.lapis_ore":84,"stat.pickup.minecraft.red_sandstone":14,"stat.mineBlock.minecraft.glass_pane":1,"stat.damageTaken":8838,"stat.mineBlock.minecraft.melon_block":19,"stat.mineBlock.minecraft.torch":177,"stat.pickup.minecraft.written_book":1,"stat.mineBlock.minecraft.red_flower":3,"stat.useItem.minecraft.gold_block":29,"stat.craftItem.minecraft.comparator":11,"stat.pickup.minecraft.log2":3,"stat.craftItem.minecraft.glowstone":59,"stat.pickup.minecraft.bed":2,"stat.pickup.minecraft.quartz_block":36,"stat.pickup.minecraft.potato":2,"stat.pickup.minecraft.diamond_axe":2,"stat.craftItem.minecraft.stone_slab":1872,"stat.useItem.minecraft.chest":109,"stat.pickup.minecraft.diamond_pickaxe":3,"stat.useItem.minecraft.tnt":4,"stat.useItem.minecraft.lava_bucket":1,"stat.useItem.minecraft.melon":61,"stat.useItem.minecraft.item_frame":3,"stat.craftItem.minecraft.iron_chestplate":2,"stat.useItem.minecraft.stained_hardened_clay":1873,"stat.pickup.minecraft.ender_pearl":3,"stat.pickup.minecraft.cooked_beef":26,"stat.pickup.minecraft.ladder":19,"stat.useItem.minecraft.netherrack":239,"stat.mineBlock.minecraft.stonebrick":13,"stat.mineBlock.minecraft.glowstone":136,"stat.mobKills":988,"stat.craftItem.minecraft.shears":1,"stat.useItem.minecraft.cobblestone_wall":60,"stat.pickup.minecraft.diamond":82,"stat.pickup.minecraft.beetroot_seeds":5,"stat.pickup.minecraft.torch":274,"stat.breakItem.minecraft.stone_sword":2,"stat.craftItem.minecraft.iron_axe":8,"stat.useItem.minecraft.planks":206,"stat.pickup.minecraft.golden_boots":5,"stat.pickup.minecraft.glowstone_dust":450,"stat.useItem.minecraft.red_sandstone_stairs":78,"stat.useItem.minecraft.water_bucket":125,"stat.pickup.minecraft.sand":1242,"stat.pickup.minecraft.hardened_clay":3371,"achievement.diamonds":78,"stat.drop.minecraft.hardened_clay":1,"stat.craftItem.minecraft.cobblestone_wall":192,"stat.craftItem.minecraft.stone_sword":5,"stat.pickup.minecraft.chainmail_chestplate":2,"stat.mineBlock.minecraft.sand":1276,"achievement.buildBetterPickaxe":32,"stat.hopperInspected":56,"stat.pickup.minecraft.ghast_tear":5,"stat.trappedChestTriggered":18,"stat.craftItem.minecraft.acacia_stairs":52,"stat.pickup.minecraft.wooden_button":3,"stat.drop.minecraft.stone_slab":1,"stat.mineBlock.minecraft.birch_stairs":9,"stat.pickup.minecraft.furnace":2,"stat.useItem.minecraft.redstone":261,"achievement.mineWood":1123,"stat.pickup.minecraft.iron_chestplate":1,"stat.useItem.minecraft.stone_stairs":214,"stat.pickup.minecraft.stone_stairs":7,"stat.pickup.minecraft.acacia_stairs":1,"stat.useItem.minecraft.hopper":35,"stat.craftItem.minecraft.heavy_weighted_pressure_plate":3,"achievement.ghast":3,"stat.playOneMinute":29658274,"stat.pickup.minecraft.iron_bars":12,"stat.pickup.minecraft.netherrack":2416,"stat.mineBlock.minecraft.netherrack":2231,"stat.craftItem.minecraft.redstone_torch":157,"stat.mineBlock.minecraft.gold_block":20,"stat.breakItem.minecraft.leather_helmet":1,"stat.pickup.minecraft.cooked_chicken":146,"stat.fallOneCm":374491,"stat.useItem.minecraft.trapped_chest":2,"stat.pickup.minecraft.dropper":5,"stat.craftItem.minecraft.chest":133,"stat.mineBlock.minecraft.lever":4,"stat.pickup.minecraft.golden_leggings":6,"stat.pickup.minecraft.melon":134,"stat.dropperInspected":53,"stat.pickup.minecraft.heavy_weighted_pressure_plate":1,"stat.pickup.minecraft.comparator":6,"stat.pickup.minecraft.feather":2037,"stat.craftItem.minecraft.wooden_button":4,"stat.useItem.minecraft.furnace":13,"stat.pickup.minecraft.slime":64,"stat.pickup.minecraft.iron_leggings":1,"stat.mineBlock.minecraft.gravel":293,"stat.useItem.minecraft.stone_pickaxe":255,"stat.craftItem.minecraft.birch_stairs":68,"stat.craftItem.minecraft.iron_leggings":2,"stat.useItem.minecraft.stone_sword":453,"stat.pickup.minecraft.chainmail_boots":1,"stat.useItem.minecraft.iron_bars":76,"stat.useItem.minecraft.torch":682,"stat.craftItem.minecraft.redstone_block":165,"stat.craftItem.minecraft.stone_stairs":256,"stat.pickup.minecraft.crafting_table":16,"stat.useItem.minecraft.log":395,"stat.useItem.minecraft.comparator":17,"stat.craftItem.minecraft.crafting_table":16,"stat.pickup.minecraft.log":1208,"stat.craftItem.minecraft.stone_button":14,"stat.pickup.minecraft.chainmail_leggings":4,"stat.pickup.minecraft.sapling":107,"stat.useItem.minecraft.wooden_pressure_plate":2,"stat.useItem.minecraft.stone_hoe":6,"stat.craftItem.minecraft.flower_pot":6,"stat.sneakTime":112451,"stat.pickup.minecraft.stone_slab":230,"stat.pickup.minecraft.yellow_flower":5,"stat.pickup.minecraft.chest":9,"stat.drop.minecraft.stone_pickaxe":1,"stat.pickup.minecraft.bone":157,"stat.craftItem.minecraft.sticky_piston":24,"stat.pickup.minecraft.redstone_torch":22,"stat.horseOneCm":1790,"stat.pickup.minecraft.lit_pumpkin":1,"stat.useItem.minecraft.repeater":65,"stat.useItem.minecraft.log2":43,"stat.useItem.minecraft.diamond_sword":330,"stat.craftItem.minecraft.iron_trapdoor":4,"stat.swimOneCm":194031,"stat.climbOneCm":93842,"stat.craftItem.minecraft.gold_block":9,"stat.enderchestOpened":17,"stat.useItem.minecraft.redstone_torch":40,"stat.useItem.minecraft.dirt":369,"stat.pickup.minecraft.golden_helmet":5,"achievement.exploreAllBiomes":{"value":0,"progress":["Birch Forest","Roofed Forest","The End","Beach","Mesa Plateau","River","Ocean","Taiga","Swampland","Birch Forest Hills","Mesa Plateau F","Savanna Plateau","Mesa","ForestHills","Flower Forest","Plains","DesertHills","Jungle","Forest","JungleHills","Desert","Extreme Hills","Mesa (Bryce)","Hell","Savanna","Deep Ocean","Swampland M"]},"stat.craftItem.minecraft.trapdoor":6,"stat.craftItem.minecraft.stone_pickaxe":2,"stat.pickup.minecraft.cobblestone":7600,"stat.pickup.minecraft.gold_block":20,"stat.useItem.minecraft.stone_shovel":40,"stat.craftItem.minecraft.wooden_slab":318,"stat.pickup.minecraft.redstone":2726,"stat.craftItem.minecraft.dispenser":21,"stat.mineBlock.minecraft.iron_ore":671,"stat.useItem.minecraft.sign":32,"stat.useItem.minecraft.lever":12,"stat.mineBlock.minecraft.coal_block":3,"stat.craftItem.minecraft.red_sandstone":200,"stat.pickup.minecraft.stonebrick":10,"stat.pickup.minecraft.iron_shovel":2,"stat.pickup.minecraft.trapdoor":14,"stat.useItem.minecraft.acacia_stairs":53,"stat.mineBlock.minecraft.red_sandstone_stairs":30,"stat.craftItem.minecraft.stone_slab2":54,"stat.craftItem.minecraft.stick":696,"stat.useItem.minecraft.stone_slab":1986,"stat.craftItem.minecraft.stained_hardened_clay":256,"stat.useItem.minecraft.bed":4,"stat.craftItem.minecraft.stone":1308,"stat.craftItem.minecraft.armor_stand":1,"stat.mineBlock.minecraft.crafting_table":17,"stat.useItem.minecraft.stone_pressure_plate":4,"stat.useItem.minecraft.diamond_pickaxe":21197,"stat.mineBlock.minecraft.quartz_block":36,"stat.useItem.minecraft.carrot":358,"stat.useItem.minecraft.bucket":127,"achievement.buildFurnace":25,"stat.mineBlock.minecraft.planks":14,"stat.drop":9,"stat.pickup.minecraft.stone_button":5,"stat.pickup.minecraft.slime_ball":1,"stat.craftItem.minecraft.diamond_pickaxe":7,"stat.pickup.minecraft.golden_chestplate":1,"stat.craftItem.minecraft.piston":158,"stat.useItem.minecraft.quartz_stairs":22,"stat.pickup.minecraft.gravel":189,"stat.useItem.minecraft.diamond_axe":660,"stat.mineBlock.minecraft.deadbush":28,"stat.pickup.minecraft.diamond_sword":1,"stat.useItem.minecraft.flower_pot":6,"stat.useItem.minecraft.wooden_hoe":1,"stat.pickup.minecraft.iron_helmet":1,"stat.useItem.minecraft.piston":132,"stat.useItem.minecraft.stone_axe":20,"stat.craftItem.minecraft.bread":2,"stat.pickup.minecraft.spider_eye":47,"stat.craftItem.minecraft.iron_helmet":2,"stat.useItem.minecraft.stone_button":7,"stat.useItem.minecraft.cooked_chicken":254,"stat.pickup.minecraft.iron_ore":643,"stat.mineBlock.minecraft.iron_bars":12,"stat.craftItem.minecraft.flint_and_steel":1,"stat.mineBlock.minecraft.stone_stairs":7,"stat.craftItem.minecraft.iron_bars":64,"stat.pickup.minecraft.leather":2,"stat.mineBlock.minecraft.furnace":2,"stat.useItem.minecraft.wooden_pickaxe":60,"stat.dispenserInspected":42,"stat.killEntity.CaveSpider":303,"stat.damageDealt":45206,"stat.craftItem.minecraft.glass":4,"stat.sleepInBed":39,"stat.craftItem.minecraft.anvil":1,"stat.killEntity.Cow":1,"stat.useItem.minecraft.crafting_table":27,"stat.craftItem.minecraft.iron_sword":1,"stat.pickup.minecraft.piston":7,"stat.craftItem.minecraft.stone_shovel":8,"stat.walkOneCm":5257237,"stat.pickup.minecraft.stick":74,"stat.pickup.minecraft.clay_ball":48,"stat.breakItem.minecraft.stone_pickaxe":1,"stat.pickup.minecraft.stone":1640,"stat.mineBlock.minecraft.wool":15,"stat.craftItem.minecraft.redstone":378,"stat.killEntity.Skeleton":262,"stat.killEntity.Chicken":118,"stat.mineBlock.minecraft.redstone_torch":11,"stat.killEntity.Spider":16,"stat.mineBlock.minecraft.quartz_ore":736,"stat.pickup.minecraft.quartz":1332,"stat.breakItem.minecraft.iron_axe":2,"stat.mineBlock.minecraft.leaves":210,"stat.mineBlock.minecraft.piston":7,"stat.mineBlock.minecraft.redstone_ore":582,"stat.craftItem.minecraft.coal_block":74,"stat.craftItem.minecraft.tripwire_hook":2,"stat.mineBlock.minecraft.stone":9934,"stat.breakItem.minecraft.wooden_pickaxe":1}