{"stat.pickup.minecraft.bone":2,"stat.leaveGame":2,"stat.mineBlock.minecraft.acacia_fence":1,"stat.swimOneCm":53995,"stat.climbOneCm":24,"achievement.buildWorkBench":3,"achievement.exploreAllBiomes":{"value":0,"progress":["Mesa Plateau F","Beach","Mesa","Mesa Plateau","Forest","Ocean","River","Deep Ocean"]},"stat.pickup.minecraft.rotten_flesh":3,"stat.pickup.minecraft.sand":14,"stat.craftItem.minecraft.furnace":1,"stat.pickup.minecraft.hardened_clay":9,"stat.craftItem.minecraft.stone_axe":2,"stat.craftItem.minecraft.stone_pickaxe":1,"stat.pickup.minecraft.cobblestone":40,"stat.craftItem.minecraft.stone_sword":1,"stat.flyOneCm":35798,"stat.mineBlock.minecraft.sand":4,"achievement.buildPickaxe":1,"stat.drop.minecraft.sand":2,"achievement.buildBetterPickaxe":1,"stat.timeSinceDeath":92165,"stat.useItem.minecraft.sign":10,"stat.pickup.minecraft.stained_hardened_clay":30,"stat.craftItem.minecraft.wooden_pickaxe":1,"stat.drop.minecraft.spider_eye":1,"stat.useItem.minecraft.hardened_clay":2,"stat.furnaceInteraction":7,"stat.mineBlock.minecraft.coal_ore":12,"stat.killEntity.Creeper":3,"stat.pickup.minecraft.string":2,"achievement.buildSword":1,"achievement.mineWood":235,"stat.mineBlock.minecraft.stained_hardened_clay":32,"stat.sprintOneCm":98670,"stat.craftItem.minecraft.stick":28,"stat.useItem.minecraft.acacia_fence":1,"achievement.openInventory":27,"stat.useItem.minecraft.wheat_seeds":4,"stat.mineBlock.minecraft.crafting_table":1,"stat.useItem.minecraft.dye":6,"achievement.killEnemy":6,"achievement.buildFurnace":2,"stat.deaths":1,"stat.drop":4,"stat.playOneMinute":112588,"stat.killEntity.Zombie":1,"stat.craftItem.minecraft.dye":6,"stat.mineBlock.minecraft.tallgrass":2,"stat.diveOneCm":5871,"stat.pickup.minecraft.wheat":3,"stat.chestOpened":24,"stat.craftItem.minecraft.sign":6,"stat.pickup.minecraft.sign":4,"stat.pickup.minecraft.arrow":1,"stat.useItem.minecraft.apple":16,"stat.mineBlock.minecraft.deadbush":1,"stat.useItem.minecraft.rotten_flesh":3,"stat.useItem.minecraft.sand":10,"stat.jump":674,"stat.pickup.minecraft.coal":12,"stat.fallOneCm":10196,"stat.useItem.minecraft.stone_axe":229,"stat.drop.minecraft.stone_sword":1,"stat.craftItem.minecraft.bread":1,"stat.crouchOneCm":2322,"stat.pickup.minecraft.spider_eye":1,"stat.craftItem.minecraft.torch":36,"stat.craftItem.minecraft.chest":1,"stat.pickup.minecraft.dirt":1,"stat.mineBlock.minecraft.hardened_clay":7,"stat.craftingTableInteraction":19,"stat.pickup.minecraft.iron_ore":25,"stat.boatOneCm":91248,"stat.useItem.minecraft.sapling":130,"stat.damageTaken":781,"stat.useItem.minecraft.wooden_pickaxe":55,"stat.useItem.minecraft.furnace":1,"stat.mineBlock.minecraft.sapling":5,"stat.pickup.minecraft.acacia_fence":1,"stat.pickup.minecraft.wheat_seeds":9,"stat.entityKilledBy.Zombie":1,"stat.useItem.minecraft.stone_pickaxe":4,"stat.breakItem.minecraft.stone_axe":1,"stat.useItem.minecraft.stone_sword":46,"stat.damageDealt":1444,"stat.sleepInBed":1,"stat.useItem.minecraft.crafting_table":4,"stat.mineBlock.minecraft.dirt":1,"stat.pickup.minecraft.boat":1,"stat.walkOneCm":619461,"stat.useItem.minecraft.torch":36,"stat.useItem.minecraft.bread":2,"stat.useItem.minecraft.chest":1,"stat.pickup.minecraft.stick":4,"stat.pickup.minecraft.crafting_table":1,"stat.useItem.minecraft.log":6,"stat.craftItem.minecraft.crafting_table":3,"stat.pickup.minecraft.log":239,"stat.pickup.minecraft.sapling":152,"stat.pickup.minecraft.apple":16,"stat.killEntity.Skeleton":1,"stat.craftItem.minecraft.planks":52,"stat.killEntity.Spider":1,"stat.pickup.minecraft.stone_sword":2,"stat.pickup.minecraft.bread":1,"stat.mobKills":6,"stat.mineBlock.minecraft.log":243,"stat.useItem.minecraft.boat":1,"stat.mineBlock.minecraft.leaves":287,"stat.sneakTime":1071,"stat.mineBlock.minecraft.stone":8}