{"stat.walkOneCm":1112,"achievement.openInventory":9,"stat.leaveGame":9,"stat.flyOneCm":2124111,"stat.jump":8,"stat.swimOneCm":3499,"stat.playOneMinute":208671,"stat.sneakTime":1293,"stat.timeSinceDeath":208671,"stat.sprintOneCm":817,"achievement.exploreAllBiomes":{"value":0,"progress":["Birch Forest Hills","Mesa Plateau F","Mesa","ForestHills","Birch Forest","Roofed Forest","Flower Forest","Plains","Beach","Stone Beach","Mesa Plateau","Extreme Hills+","Forest","Ocean","River","Desert","Taiga","Extreme Hills","Swampland","Deep Ocean"]},"stat.diveOneCm":1552}