{"stat.pickup.minecraft.sand":6,"stat.walkOneCm":53325,"stat.boatOneCm":87653,"stat.useItem.minecraft.sapling":3,"achievement.openInventory":3,"stat.pickup.minecraft.stick":8,"stat.leaveGame":1,"stat.damageTaken":480,"stat.killEntity.Spider":1,"stat.mineBlock.minecraft.deadbush":17,"stat.mobKills":2,"stat.mineBlock.minecraft.log":14,"stat.entityKilledBy.Creeper":1,"stat.pickup.minecraft.string":1,"stat.pickup.minecraft.log":14,"stat.flyOneCm":11375,"stat.deaths":2,"stat.jump":163,"stat.mineBlock.minecraft.sand":8,"stat.useItem.minecraft.sand":6,"stat.swimOneCm":54512,"stat.mineBlock.minecraft.leaves":32,"stat.playOneMinute":25813,"stat.fallOneCm":1649,"stat.sneakTime":1840,"stat.damageDealt":371,"stat.crouchOneCm":6082,"stat.killEntity.Zombie":1,"stat.timeSinceDeath":456,"stat.pickup.minecraft.spider_eye":1,"achievement.mineWood":14,"stat.pickup.minecraft.sapling":4,"stat.sprintOneCm":25766,"achievement.exploreAllBiomes":{"value":0,"progress":["Beach","Mesa","Mesa Plateau","Forest","Ocean","River","Desert","Deep Ocean","Savanna"]},"stat.mineBlock.minecraft.tallgrass":3,"stat.diveOneCm":2375}