{"stat.flyOneCm":17305067,"stat.swimOneCm":20819,"stat.playOneMinute":5798705,"achievement.openInventory":484,"stat.leaveGame":138,"stat.sneakTime":30501,"stat.timeSinceDeath":5798705,"achievement.exploreAllBiomes":{"value":0,"progress":["Mesa Plateau F","Mesa","ForestHills","Flower Forest","Roofed Forest","Birch Forest","Plains","Beach","Stone Beach","Mesa Plateau","Extreme Hills+","Ice Plains","Forest","Ocean","River","Desert","Extreme Hills","Swampland","Deep Ocean","Savanna","Hell","Ice Mountains","Swampland M"]},"stat.diveOneCm":16444}