{"stat.craftItem.minecraft.chorus_fruit_popped":26,"stat.useItem.minecraft.bow":16423,"stat.useItem.minecraft.quartz_block":2931,"stat.craftItem.minecraft.acacia_boat":20,"stat.useItem.minecraft.painting":3,"stat.drop.minecraft.gunpowder":95,"achievement.killWither":42,"stat.drop.minecraft.redstone":112,"stat.entityKilledBy.EvocationIllager":2,"stat.pickup.minecraft.dark_oak_boat":9,"stat.mineBlock.minecraft.stained_glass":7715,"stat.drop.minecraft.enchanted_book":15,"stat.mineBlock.minecraft.web":51,"achievement.snipeSkeleton":1,"stat.drop.minecraft.coal_block":256,"stat.drop.minecraft.iron_sword":7,"stat.pickup.minecraft.rotten_flesh":6195,"stat.drop.minecraft.redstone_torch":181,"stat.useItem.minecraft.diamond_hoe":14,"stat.mineBlock.minecraft.purpur_stairs":105,"stat.craftItem.minecraft.stone_axe":2,"stat.useItem.minecraft.vine":101,"stat.drop.minecraft.leather_boots":13,"stat.pickup.minecraft.cobblestone_wall":420,"stat.pickup.minecraft.bucket":19,"stat.useItem.minecraft.rail":4583,"stat.killEntity.Enderman":7363,"stat.drop.minecraft.elytra":1,"stat.pickup.minecraft.record_ward":1,"stat.useItem.minecraft.anvil":34,"stat.craftItem.minecraft.iron_shovel":35,"stat.mineBlock.minecraft.emerald_block":6,"stat.pickup.minecraft.brown_mushroom":74,"achievement.buildPickaxe":41,"stat.mineBlock.minecraft.end_stone":1063,"stat.killEntity.Villager":295,"stat.useItem.minecraft.iron_pickaxe":2269,"stat.pickup.minecraft.stained_hardened_clay":37630,"stat.pickup.minecraft.double_plant":654,"stat.mineBlock.minecraft.green_glazed_terracotta":1,"stat.craftItem.minecraft.glass_pane":400,"stat.useItem.minecraft.hardened_clay":4857,"stat.drop.minecraft.diamond_chestplate":2,"stat.pickup.minecraft.light_weighted_pressure_plate":10,"stat.mineBlock.minecraft.sticky_piston":551,"stat.furnaceInteraction":2245,"stat.useItem.minecraft.nether_wart":159,"stat.useItem.minecraft.golden_carrot":1631,"stat.mineBlock.minecraft.chorus_plant":23,"stat.pickup.minecraft.nether_brick":20366,"stat.craftItem.minecraft.leather_helmet":2,"stat.pickup.minecraft.sponge":1,"stat.useItem.minecraft.green_shulker_box":17,"stat.useItem.minecraft.end_stone":255,"stat.mineBlock.minecraft.wooden_button":51,"stat.drop.minecraft.cactus":2,"stat.useItem.minecraft.red_sandstone":3,"stat.pickup.minecraft.hay_block":5,"stat.pickup.minecraft.cyan_shulker_box":7,"stat.drop.minecraft.magma":1,"stat.useItem.minecraft.fence":153,"stat.useItem.minecraft.acacia_fence":1,"stat.craftItem.minecraft.daylight_detector":1,"stat.mineBlock.minecraft.sponge":1,"stat.useItem.minecraft.cauldron":8,"stat.useItem.minecraft.flint_and_steel":191,"stat.mineBlock.minecraft.fence":229,"stat.useItem.minecraft.wheat_seeds":6196,"stat.mineBlock.minecraft.sea_lantern":163,"stat.drop.minecraft.cooked_fish":18,"stat.killEntity.Husk":6,"stat.pickup.minecraft.emerald":71,"stat.pickup.minecraft.lever":1013,"stat.deaths":59,"stat.pickup.minecraft.bowl":54,"stat.pickup.minecraft.egg":1004,"stat.craftItem.minecraft.melon_seeds":47,"stat.mineBlock.minecraft.brown_shulker_box":15,"stat.craftItem.minecraft.item_frame":134,"stat.craftItem.minecraft.wooden_shovel":1,"stat.pickup.minecraft.clock":7,"stat.craftItem.minecraft.iron_pickaxe":10,"stat.pickup.minecraft.glass_pane":352,"stat.pickup.minecraft.item_frame":108,"stat.pickup.minecraft.sea_lantern":412,"stat.craftItem.minecraft.repeater":562,"stat.drop.minecraft.iron_ingot":311,"stat.mineBlock.minecraft.light_weighted_pressure_plate":3,"stat.craftItem.minecraft.cooked_mutton":7,"stat.fishCaught":1532,"stat.pickup.minecraft.cooked_mutton":16,"stat.chestOpened":30830,"stat.useItem.minecraft.lapis_ore":17,"stat.craftItem.minecraft.sign":336,"stat.pickup.minecraft.iron_sword":7,"stat.killEntity.Vex":42,"stat.pickup.minecraft.lapis_ore":37,"stat.craftItem.minecraft.quartz_block":3631,"stat.pickup.minecraft.gold_nugget":67880,"stat.entityKilledBy.Vex":9,"stat.pickup.minecraft.chorus_flower":16,"stat.drop.minecraft.banner":1,"stat.craftItem.minecraft.coal":148,"stat.drop.minecraft.dark_oak_stairs":2,"stat.craftItem.minecraft.ender_chest":17,"stat.pickup.minecraft.carrot":77762,"stat.drop.minecraft.stone_sword":45,"stat.crouchOneCm":14052238,"stat.pickup.minecraft.rail":6611,"stat.craftItem.minecraft.diamond":1269,"stat.craftItem.minecraft.iron_ingot":12254,"stat.pickup.minecraft.ender_chest":176,"stat.drop.minecraft.slime_ball":19,"stat.craftingTableInteraction":2203,"stat.mineBlock.minecraft.wooden_pressure_plate":8,"stat.useItem.minecraft.light_blue_shulker_box":40,"stat.pickup.minecraft.repeater":554,"stat.mineBlock.minecraft.log2":214,"stat.drop.minecraft.double_plant":32,"achievement.bakeCake":1,"stat.pickup.minecraft.dye":7482,"stat.pickup.minecraft.planks":3755,"stat.drop.minecraft.minecart":11,"stat.drop.minecraft.carpet":105,"stat.mineBlock.minecraft.ender_chest":147,"stat.craftItem.minecraft.magma":41,"stat.pickup.minecraft.ice":1590,"stat.drop.minecraft.rotten_flesh":550,"stat.pickup.minecraft.magma":43,"stat.mineBlock.minecraft.activator_rail":11,"stat.drop.minecraft.iron_door":1,"stat.drop.minecraft.coal_ore":4,"stat.drop.minecraft.iron_ore":32,"stat.drop.minecraft.sapling":1,"stat.pickup.minecraft.chicken":627,"stat.pickup.minecraft.tipped_arrow":3,"stat.drop.minecraft.gold_nugget":676,"stat.drop.minecraft.blue_shulker_box":1,"stat.useItem.minecraft.glass_pane":149,"stat.pickup.minecraft.end_stone":1293,"stat.breakItem.minecraft.stone_shovel":2,"stat.pickup.minecraft.coal_block":18,"stat.drop.minecraft.trapped_chest":6,"stat.craftItem.minecraft.bucket":202,"stat.craftItem.minecraft.planks":27076,"stat.useItem.minecraft.iron_sword":542,"stat.mineBlock.minecraft.prismarine":15,"stat.pickup.minecraft.stone_sword":106,"stat.craftItem.minecraft.fishing_rod":66,"stat.useItem.minecraft.daylight_detector":1,"stat.useItem.minecraft.stonebrick":2570,"stat.pickup.minecraft.book":719,"stat.craftItem.minecraft.wooden_door":15,"stat.useItem.minecraft.green_glazed_terracotta":13,"stat.mineBlock.minecraft.waterlily":37,"stat.pickup.minecraft.orange_glazed_terracotta":1,"stat.pickup.minecraft.iron_door":39,"stat.drop.minecraft.leather_leggings":17,"stat.pickup.minecraft.red_nether_brick":15,"stat.drop.minecraft.sea_lantern":20,"stat.pickup.minecraft.cooked_fish":795,"stat.craftItem.minecraft.spruce_door":3,"stat.pickup.minecraft.tripwire_hook":256,"stat.mineBlock.minecraft.magenta_glazed_terracotta":17,"stat.craftItem.minecraft.jungle_boat":12,"stat.pickup.minecraft.bookshelf":117,"stat.pickup.minecraft.spruce_fence_gate":3,"stat.mineBlock.minecraft.cobblestone":2435,"stat.mineBlock.minecraft.pumpkin":140,"stat.useItem.minecraft.beacon":21,"stat.pickup.minecraft.stone_pickaxe":3,"stat.pickup.minecraft.flint":858,"stat.craftItem.minecraft.quartz_stairs":364,"stat.drop.minecraft.beacon":5,"stat.pickup.minecraft.leather_chestplate":45,"stat.mineBlock.minecraft.concrete":1733,"stat.pickup.minecraft.flower_pot":1,"stat.mineBlock.minecraft.stained_glass_pane":147,"stat.drop.minecraft.purpur_slab":1,"stat.drop.minecraft.end_bricks":260,"stat.pickup.minecraft.lime_shulker_box":18,"stat.drop.minecraft.cobblestone":119,"stat.useItem.minecraft.chorus_flower":11,"stat.pickup.minecraft.cooked_porkchop":53,"stat.useItem.minecraft.coal_block":47,"stat.breakItem.minecraft.iron_pickaxe":9,"stat.mineBlock.minecraft.dropper":118,"stat.pickup.minecraft.iron_boots":23,"stat.pickup.minecraft.stone_hoe":2,"stat.craftItem.minecraft.furnace":281,"stat.craftItem.minecraft.lapis_block":81,"stat.useItem.minecraft.white_glazed_terracotta":7,"stat.drop.minecraft.golden_helmet":13,"stat.craftItem.minecraft.iron_boots":5,"stat.pickup.minecraft.green_glazed_terracotta":1,"stat.useItem.minecraft.spruce_fence_gate":4,"stat.mineBlock.minecraft.clay":102,"stat.mineBlock.minecraft.noteblock":4,"stat.pickup.minecraft.diamond_leggings":49,"stat.useItem.minecraft.brick_block":1,"stat.drop.minecraft.iron_helmet":21,"stat.drop.minecraft.chainmail_chestplate":2,"stat.useItem.minecraft.melon_block":213,"stat.useItem.minecraft.wooden_slab":392,"stat.drop.minecraft.spider_eye":240,"stat.craftItem.minecraft.beacon":31,"stat.useItem.minecraft.iron_door":74,"stat.craftItem.minecraft.iron_block":1511,"stat.craftItem.minecraft.stonebrick":3476,"stat.useItem.minecraft.brown_shulker_box":15,"stat.craftItem.minecraft.end_rod":360,"stat.drop.minecraft.stained_glass":233,"stat.drop.minecraft.flint_and_steel":4,"stat.drop.minecraft.wool":1,"stat.killEntity.Creeper":386,"stat.useItem.minecraft.armor_stand":5,"stat.breakItem.minecraft.iron_sword":1,"stat.drop.minecraft.ender_chest":1,"stat.useItem.minecraft.silver_shulker_box":48,"stat.pickup.minecraft.brown_shulker_box":15,"stat.entityKilledBy.Skeleton":3,"achievement.buildSword":26,"stat.pickup.minecraft.birch_stairs":56,"stat.useItem.minecraft.dropper":377,"stat.killEntity.Squid":110,"stat.sprintOneCm":128846651,"stat.useItem.minecraft.diamond_block":277,"stat.mineBlock.minecraft.stone_slab":8737,"stat.useItem.minecraft.hay_block":5,"stat.drop.minecraft.leather":1,"stat.useItem.minecraft.snowball":58,"stat.drop.minecraft.cauldron":1,"stat.pickup.minecraft.leather_leggings":48,"stat.craftItem.minecraft.redstone_lamp":174,"stat.drop.minecraft.boat":1,"stat.pickup.minecraft.sugar":24,"stat.pickup.minecraft.vine":307,"stat.craftItem.minecraft.leather_chestplate":5,"stat.useItem.minecraft.cake":12,"stat.useItem.minecraft.banner":29,"stat.drop.minecraft.golden_rail":133,"stat.mineBlock.minecraft.yellow_glazed_terracotta":12,"stat.craftItem.minecraft.emerald":8926,"stat.pickup.minecraft.iron_block":7384,"stat.killEntity.Zombie":1537,"stat.craftItem.minecraft.dye":123086,"stat.craftItem.minecraft.diamond_axe":6,"stat.mineBlock.minecraft.gold_ore":213,"stat.drop.minecraft.diamond_pickaxe":2,"stat.craftItem.minecraft.slime_ball":336,"stat.pickup.minecraft.wheat":13192,"stat.craftItem.minecraft.sandstone":1534,"stat.mineBlock.minecraft.mossy_cobblestone":116,"stat.pickup.minecraft.sign":632,"stat.craftItem.minecraft.cooked_porkchop":47,"stat.pickup.minecraft.obsidian":874,"stat.useItem.minecraft.heavy_weighted_pressure_plate":9,"stat.useItem.minecraft.iron_trapdoor":384,"stat.pickup.minecraft.coal":5627,"stat.pickup.minecraft.iron_ingot":7916,"stat.useItem.minecraft.dark_oak_boat":8,"stat.craftItem.minecraft.lever":521,"stat.drop.minecraft.diamond_sword":2,"stat.pickup.minecraft.gunpowder":3371,"stat.pickup.minecraft.dirt":5659,"stat.useItem.minecraft.coal_ore":327,"stat.drop.minecraft.iron_shovel":1,"stat.useItem.minecraft.light_weighted_pressure_plate":51,"stat.useItem.minecraft.dispenser":48,"stat.mineBlock.minecraft.lapis_ore":132,"stat.pickup.minecraft.red_sandstone":7,"stat.pickup.minecraft.iron_axe":11,"stat.pickup.minecraft.cookie":39,"stat.brewingstandInteraction":235,"stat.useItem.minecraft.stone_brick_stairs":427,"stat.mineBlock.minecraft.red_flower":127,"stat.mineBlock.minecraft.torch":765,"stat.pickup.minecraft.written_book":26,"stat.tradedWithVillager":9663,"stat.pickup.minecraft.magma_cream":521,"stat.pickup.minecraft.ender_eye":1,"stat.noteblockTuned":465658,"stat.craftItem.minecraft.comparator":261,"stat.craftItem.minecraft.glowstone":26,"stat.useItem.minecraft.slime":1401,"stat.useItem.minecraft.birch_fence":379,"stat.mineBlock.minecraft.fence_gate":9,"stat.pickup.minecraft.rabbit_hide":9,"stat.pickup.minecraft.diamond_axe":55,"stat.useItem.minecraft.snow_layer":38,"stat.pickup.minecraft.shulker_shell":213,"stat.mineBlock.minecraft.birch_fence":200,"stat.pickup.minecraft.green_shulker_box":17,"stat.drop.minecraft.item_frame":6,"stat.drop.minecraft.wheat":136,"stat.pickup.minecraft.diamond_pickaxe":98,"stat.useItem.minecraft.pumpkin":173,"stat.pickup.minecraft.noteblock":4,"stat.useItem.minecraft.tnt":8,"stat.useItem.minecraft.lava_bucket":291,"stat.pickup.minecraft.rabbit_foot":1,"stat.drop.minecraft.netherrack":1120,"stat.useItem.minecraft.item_frame":227,"stat.useItem.minecraft.stained_hardened_clay":16881,"stat.drop.minecraft.egg":120,"stat.useItem.minecraft.redstone_ore":328,"stat.pickup.minecraft.cooked_beef":612,"stat.useItem.minecraft.concrete":1314,"stat.drop.minecraft.lit_pumpkin":56,"stat.drop.minecraft.nether_brick":6,"stat.drop.minecraft.lever":76,"stat.mineBlock.minecraft.purpur_slab":26,"stat.craftItem.minecraft.cookie":6,"stat.pickup.minecraft.dark_oak_stairs":5,"stat.drop.minecraft.clock":7,"stat.mobKills":32238,"stat.pickup.minecraft.diamond_boots":53,"stat.mineBlock.minecraft.bookshelf":274,"stat.drop.minecraft.written_book":7,"stat.useItem.minecraft.boat":99,"stat.useItem.minecraft.mossy_cobblestone":27,"stat.craftItem.minecraft.lead":34,"stat.pickup.minecraft.diamond":816,"stat.pickup.minecraft.beetroot_seeds":5,"stat.pickup.minecraft.brown_mushroom_block":52,"stat.craftItem.minecraft.nether_brick_stairs":128,"stat.craftItem.minecraft.spruce_stairs":40,"stat.craftItem.minecraft.map":1,"stat.useItem.minecraft.string":829,"stat.useItem.minecraft.bookshelf":362,"stat.useItem.minecraft.soul_sand":581,"stat.killEntity.Blaze":6426,"stat.drop.minecraft.shield":3,"stat.drop.minecraft.skull":10,"stat.useItem.minecraft.gray_shulker_box":34,"stat.pickup.minecraft.golden_boots":66,"stat.pickup.minecraft.glowstone_dust":215,"stat.mineBlock.minecraft.white_shulker_box":15,"stat.mineBlock.minecraft.red_mushroom":11,"stat.mineBlock.minecraft.stone_brick_stairs":319,"stat.mineBlock.minecraft.nether_brick_fence":861,"stat.drop.minecraft.golden_leggings":9,"stat.pickup.minecraft.splash_potion":1,"stat.pickup.minecraft.observer":24,"stat.craftItem.minecraft.lit_pumpkin":140,"stat.craftItem.minecraft.cobblestone_wall":486,"stat.craftItem.minecraft.stone_sword":3,"stat.mineBlock.minecraft.snow_layer":2356,"stat.pickup.minecraft.chainmail_chestplate":16,"stat.mineBlock.minecraft.sand":34798,"stat.craftItem.minecraft.slime":2729,"stat.hopperInspected":2623,"stat.useItem.minecraft.fence_gate":8,"stat.drop.minecraft.diamond":101,"stat.pickup.minecraft.packed_ice":10365,"stat.breakItem.minecraft.flint_and_steel":2,"stat.pickup.minecraft.ghast_tear":212,"stat.craftItem.minecraft.birch_door":18,"stat.pickup.minecraft.armor_stand":36,"stat.trappedChestTriggered":4859,"stat.mineBlock.minecraft.gray_shulker_box":36,"stat.drop.minecraft.rail":221,"stat.craftItem.minecraft.magma_cream":64,"stat.craftItem.minecraft.observer":12,"stat.craftItem.minecraft.pumpkin_seeds":152,"stat.breakItem.minecraft.golden_chestplate":2,"stat.pickup.minecraft.wooden_button":254,"stat.drop.minecraft.purple_shulker_box":26,"stat.useItem.minecraft.minecart":999,"stat.useItem.minecraft.cooked_mutton":2,"stat.drop.minecraft.stained_hardened_clay":697,"stat.drop.minecraft.diamond_helmet":1,"stat.pickup.minecraft.totem_of_undying":1,"stat.drop.minecraft.wooden_button":9,"stat.drop.minecraft.fishing_rod":9,"stat.pickup.minecraft.stone_stairs":125,"stat.craftItem.minecraft.fence_gate":7,"stat.pickup.minecraft.pumpkin_seeds":82,"stat.pickup.minecraft.golden_carrot":815,"stat.drop.minecraft.fireworks":604,"stat.drop.minecraft.snowball":52,"stat.pickup.minecraft.saddle":122,"stat.mineBlock.minecraft.soul_sand":1395,"achievement.ghast":45,"stat.pickup.minecraft.mycelium":91,"stat.useItem.minecraft.furnace_minecart":1,"stat.pickup.minecraft.blaze_rod":4210,"stat.craftItem.minecraft.diamond_block":274,"stat.drop.minecraft.chest":5,"stat.drop.minecraft.white_shulker_box":1,"stat.pickup.minecraft.netherrack":32428,"stat.pickup.minecraft.pumpkin":1577,"stat.pickup.minecraft.spruce_door":4,"stat.useItem.minecraft.fish":22,"stat.drop.minecraft.hopper":1,"stat.pickup.minecraft.waterlily":170,"stat.useItem.minecraft.sponge":1,"stat.mineBlock.minecraft.ice":1402,"stat.craftItem.minecraft.redstone_torch":2807,"stat.pickup.minecraft.detector_rail":134,"stat.useItem.minecraft.packed_ice":4011,"stat.pickup.minecraft.brick_stairs":2,"stat.mineBlock.minecraft.gold_block":73,"stat.craftItem.minecraft.iron_hoe":14,"stat.drop.minecraft.stone":3014,"stat.useItem.minecraft.trapped_chest":239,"stat.pickup.minecraft.melon_seeds":4,"stat.pickup.minecraft.dropper":123,"stat.useItem.minecraft.black_shulker_box":9,"stat.drop.minecraft.book":4,"stat.pickup.minecraft.golden_leggings":70,"stat.pickup.minecraft.melon":595,"stat.drop.minecraft.stained_glass_pane":11,"stat.dropperInspected":883,"stat.mineBlock.minecraft.nether_wart_block":171,"stat.pickup.minecraft.heavy_weighted_pressure_plate":21,"stat.useItem.minecraft.golden_rail":6711,"stat.craftItem.minecraft.detector_rail":18,"stat.drop.minecraft.bone":464,"stat.craftItem.minecraft.wooden_button":221,"stat.useItem.minecraft.furnace":450,"stat.pickup.minecraft.slime":791,"stat.pickup.minecraft.iron_leggings":20,"stat.mineBlock.minecraft.snow":267,"stat.mineBlock.minecraft.gravel":2716,"stat.breakItem.minecraft.stone_axe":2,"stat.mineBlock.minecraft.beacon":9,"stat.useItem.minecraft.wool":483,"stat.drop.minecraft.reeds":88,"stat.drop.minecraft.iron_axe":9,"stat.pickup.minecraft.flint_and_steel":18,"stat.mineBlock.minecraft.green_shulker_box":17,"stat.useItem.minecraft.torch":3868,"stat.pickup.minecraft.golden_apple":5,"stat.craftItem.minecraft.redstone_block":261,"stat.pickup.minecraft.birch_fence_gate":17,"stat.craftItem.minecraft.stone_stairs":28,"stat.pickup.minecraft.crafting_table":127,"stat.useItem.minecraft.log":16,"stat.useItem.minecraft.comparator":534,"stat.craftItem.minecraft.crafting_table":84,"stat.drop.minecraft.end_stone":83,"stat.pickup.minecraft.magenta_glazed_terracotta":17,"stat.craftItem.minecraft.boat":28,"stat.pickup.minecraft.redstone_block":565,"stat.useItem.minecraft.cooked_fish":3035,"stat.drop.minecraft.sign":30,"stat.useItem.minecraft.nether_wart_block":191,"stat.pickup.minecraft.compass":1,"stat.drop.minecraft.stonebrick":26,"stat.craftItem.minecraft.stone_button":83,"stat.pickup.minecraft.web":48,"stat.drop.minecraft.planks":147,"stat.pickup.minecraft.sapling":180,"stat.drop.minecraft.gray_shulker_box":3,"stat.useItem.minecraft.birch_door":18,"stat.drop.minecraft.bow":108,"stat.pickup.minecraft.beetroot":51,"stat.drop.minecraft.golden_chestplate":10,"stat.killEntity.WitherSkeleton":1530,"stat.useItem.minecraft.wooden_pressure_plate":15,"stat.pickup.minecraft.golden_sword":28,"stat.craftItem.minecraft.sugar":3,"stat.pickup.minecraft.rabbit":3,"stat.mineBlock.minecraft.orange_shulker_box":22,"stat.drop.minecraft.bucket":1,"stat.craftItem.minecraft.spruce_fence_gate":2,"stat.useItem.minecraft.baked_potato":654,"stat.pickup.minecraft.stone_slab":12311,"stat.pickup.minecraft.yellow_flower":30,"stat.drop.minecraft.ghast_tear":5,"stat.pickup.minecraft.golden_rail":3253,"stat.useItem.minecraft.fishing_rod":154155,"stat.craftItem.minecraft.diamond_chestplate":8,"stat.useItem.minecraft.brick_stairs":2,"stat.pickup.minecraft.bone":19805,"stat.craftItem.minecraft.sticky_piston":288,"stat.pickup.minecraft.redstone_torch":1140,"stat.horseOneCm":633573,"stat.useItem.minecraft.log2":112,"stat.mineBlock.minecraft.slime":969,"stat.drop.minecraft.mossy_cobblestone":1,"stat.mineBlock.minecraft.black_shulker_box":11,"stat.drop.minecraft.prismarine_crystals":6,"stat.breakItem.minecraft.shield":2,"stat.mineBlock.minecraft.brown_mushroom":93,"stat.mineBlock.minecraft.acacia_fence":1,"stat.useItem.minecraft.diamond_sword":12767,"stat.craftItem.minecraft.diamond_helmet":3,"stat.climbOneCm":5520312,"stat.useItem.minecraft.end_rod":584,"stat.craftItem.minecraft.gold_block":439,"stat.enderchestOpened":1544,"stat.useItem.minecraft.redstone_torch":1371,"stat.pickup.minecraft.golden_helmet":62,"stat.craftItem.minecraft.purple_shulker_box":64,"stat.useItem.minecraft.jungle_boat":13,"stat.entityKilledBy.Endermite":1,"stat.useItem.minecraft.red_flower":1,"stat.craftItem.minecraft.bone_block":1931,"stat.useItem.minecraft.magenta_shulker_box":14,"stat.pickup.minecraft.anvil":35,"stat.mineBlock.minecraft.black_glazed_terracotta":9,"stat.useItem.minecraft.iron_ore":3,"stat.craftItem.minecraft.trapdoor":94,"stat.craftItem.minecraft.stone_pickaxe":3,"stat.pickup.minecraft.cobblestone":14052,"stat.useItem.minecraft.yellow_glazed_terracotta":22,"stat.drop.minecraft.rabbit_hide":1,"stat.craftItem.minecraft.glass_bottle":141,"stat.pickup.minecraft.soul_sand":1419,"stat.useItem.minecraft.cooked_beef":552,"stat.pickup.minecraft.cactus":119,"stat.pickup.minecraft.dragon_egg":225,"stat.pickup.minecraft.redstone":6105,"stat.craftItem.minecraft.dispenser":19,"stat.pickup.minecraft.acacia_boat":71,"stat.mineBlock.minecraft.iron_ore":1827,"stat.craftItem.minecraft.book":167,"stat.drop.minecraft.name_tag":16,"stat.pickup.minecraft.mossy_cobblestone":183,"stat.useItem.minecraft.noteblock":14,"stat.craftItem.minecraft.cake":12,"stat.drop.minecraft.coal":8,"achievement.spawnWither":42,"stat.drop.minecraft.dirt":153,"stat.useItem.minecraft.cooked_porkchop":46,"stat.pickup.minecraft.iron_shovel":6,"stat.pickup.minecraft.trapdoor":135,"stat.pickup.minecraft.carpet":694,"stat.pickup.minecraft.diamond_shovel":46,"stat.craftItem.minecraft.acacia_fence":3,"stat.useItem.minecraft.chest_minecart":49,"stat.mineBlock.minecraft.lime_shulker_box":18,"stat.useItem.minecraft.sea_lantern":703,"stat.craftItem.minecraft.snow_layer":126,"stat.pickup.minecraft.silver_shulker_box":57,"stat.pickup.minecraft.nether_star":37,"stat.pickup.minecraft.sandstone_stairs":171,"stat.useItem.minecraft.spruce_fence":56,"stat.craftItem.minecraft.chest_minecart":63,"stat.pickup.minecraft.paper":224,"stat.craftItem.minecraft.stick":9599,"stat.craftItem.minecraft.stained_hardened_clay":8720,"stat.craftItem.minecraft.gold_nugget":7676,"stat.pickup.minecraft.grass":372,"stat.useItem.minecraft.magenta_glazed_terracotta":32,"stat.useItem.minecraft.stone_pressure_plate":49,"stat.breakItem.minecraft.iron_hoe":8,"stat.pickup.minecraft.diamond_chestplate":22,"stat.drop.minecraft.dispenser":1,"stat.entityKilledBy.Creeper":8,"stat.breakItem.minecraft.shears":5,"stat.pickup.minecraft.blue_shulker_box":6,"stat.mineBlock.minecraft.planks":3608,"stat.drop":2527,"stat.killEntity.Sheep":118,"stat.drop.minecraft.iron_boots":5,"stat.drop.minecraft.redstone_block":60,"stat.pickup.minecraft.golden_chestplate":77,"stat.useItem.minecraft.melon_seeds":50,"stat.drop.minecraft.bread":9,"stat.pickup.minecraft.purpur_pillar":159,"stat.craftItem.minecraft.piston":344,"stat.useItem.minecraft.quartz_stairs":476,"stat.drop.minecraft.cooked_beef":1,"stat.pickup.minecraft.black_glazed_terracotta":9,"stat.killEntity.Slime":284,"stat.mineBlock.minecraft.anvil":28,"stat.useItem.minecraft.lime_shulker_box":19,"stat.pickup.minecraft.purple_shulker_box":421,"stat.useItem.minecraft.waterlily":73,"stat.useItem.minecraft.apple":3,"stat.mineBlock.minecraft.deadbush":101,"stat.useItem.minecraft.black_glazed_terracotta":16,"stat.drop.minecraft.chainmail_helmet":3,"stat.useItem.minecraft.porkchop":1,"stat.useItem.minecraft.carpet":641,"stat.useItem.minecraft.potion":50,"stat.mineBlock.minecraft.purpur_pillar":188,"stat.useItem.minecraft.flower_pot":1,"stat.pickup.minecraft.fence":235,"stat.useItem.minecraft.stone_axe":265,"stat.craftItem.minecraft.iron_helmet":14,"stat.drop.minecraft.piston":92,"stat.craftItem.minecraft.rail":2160,"stat.drop.minecraft.bed":2,"stat.drop.minecraft.glass":2,"achievement.onARail":21761,"stat.boatOneCm":8720199,"stat.drop.minecraft.magma_cream":1,"stat.craftItem.minecraft.flint_and_steel":17,"stat.useItem.minecraft.redstone_lamp":242,"stat.mineBlock.minecraft.leaves2":138,"stat.mineBlock.minecraft.stone_stairs":115,"stat.craftItem.minecraft.iron_bars":2336,"stat.mineBlock.minecraft.furnace":295,"stat.pickup.minecraft.prismarine_shard":10,"stat.drop.minecraft.stone_button":3,"stat.drop.minecraft.water_bucket":1,"stat.killEntity.CaveSpider":236,"stat.craftItem.minecraft.netherbrick":543,"stat.craftItem.minecraft.birch_fence":264,"stat.pickup.minecraft.oak_stairs":69,"stat.pickup.minecraft.emerald_block":6,"stat.pickup.minecraft.stained_glass":8568,"stat.damageDealt":887950,"stat.craftItem.minecraft.anvil":15,"stat.mineBlock.minecraft.nether_brick_stairs":89,"stat.pickup.minecraft.end_bricks":941,"stat.useItem.minecraft.crafting_table":146,"stat.useItem.minecraft.cyan_glazed_terracotta":9,"stat.pickup.minecraft.boat":134,"stat.craftItem.minecraft.stone_shovel":195,"stat.pickup.minecraft.stick":915,"achievement.enchantments":1,"stat.breakItem.minecraft.stone_pickaxe":1,"stat.craftItem.minecraft.birch_fence_gate":75,"stat.drop.minecraft.iron_block":181,"stat.craftItem.minecraft.writable_book":80,"stat.craftItem.minecraft.diamond_boots":4,"stat.useItem.minecraft.redstone_block":563,"stat.drop.minecraft.leather_chestplate":12,"stat.useItem.minecraft.spruce_stairs":45,"stat.craftItem.minecraft.redstone":5957,"stat.useItem.minecraft.cactus":49,"stat.pickup.minecraft.chorus_fruit":206,"stat.craftItem.minecraft.red_nether_brick":100,"stat.killEntity.Chicken":726,"stat.drop.minecraft.crafting_table":5,"stat.useItem.minecraft.iron_block":10497,"stat.mineBlock.minecraft.quartz_ore":6474,"stat.craftItem.minecraft.tnt":12,"stat.pickup.minecraft.concrete_powder":151,"stat.drop.minecraft.nether_wart_block":28,"stat.drop.minecraft.filled_map":3,"stat.pickup.minecraft.yellow_glazed_terracotta":12,"stat.pickup.minecraft.dragon_breath":31,"stat.craftItem.minecraft.fence":117,"stat.mineBlock.minecraft.leaves":1767,"stat.mineBlock.minecraft.piston":472,"stat.mineBlock.minecraft.bone_block":367,"stat.mineBlock.minecraft.hay_block":4,"stat.craftItem.minecraft.tripwire_hook":262,"achievement.cookFish":190,"stat.beaconInteraction":54,"stat.pickup.minecraft.wooden_slab":509,"stat.leaveGame":752,"stat.useItem.minecraft.glowstone":507,"stat.mineBlock.minecraft.sandstone":4267,"stat.craftItem.minecraft.ender_eye":47,"stat.killEntity.PigZombie":419,"stat.craftItem.minecraft.shield":9,"stat.craftItem.minecraft.stone_pressure_plate":55,"stat.drop.minecraft.feather":272,"stat.entityKilledBy.PigZombie":2,"stat.mineBlock.minecraft.birch_fence_gate":18,"stat.mineBlock.minecraft.red_sandstone":3,"stat.pickup.minecraft.leaves2":38,"stat.useItem.minecraft.sandstone_stairs":165,"stat.pickup.minecraft.brick_block":1,"stat.useItem.minecraft.activator_rail":14,"achievement.diamondsToYou":4,"stat.useItem.minecraft.birch_boat":106,"stat.craftItem.minecraft.noteblock":10,"stat.mineBlock.minecraft.wooden_slab":320,"stat.pickup.minecraft.leather_boots":121,"stat.killEntity.Witch":34,"stat.drop.minecraft.sand":20,"stat.killEntity.MushroomCow":13,"stat.drop.minecraft.gold_ingot":31,"stat.craftItem.minecraft.wooden_pickaxe":1,"stat.craftItem.minecraft.iron_door":90,"stat.useItem.minecraft.iron_shovel":4008,"stat.drop.minecraft.chainmail_leggings":3,"stat.mineBlock.minecraft.brick_block":1,"stat.craftItem.minecraft.bed":10,"stat.mineBlock.minecraft.hopper":922,"stat.pickup.minecraft.melon_block":58,"stat.mineBlock.minecraft.vine":247,"stat.pickup.minecraft.record_far":1,"stat.drop.minecraft.gravel":96,"stat.mineBlock.minecraft.rail":2763,"stat.useItem.minecraft.pumpkin_seeds":155,"stat.killEntity.ZombieVillager":20,"stat.noteblockPlayed":5,"stat.drop.minecraft.red_flower":1,"stat.useItem.minecraft.double_plant":10,"stat.pickup.minecraft.prismarine":64,"stat.pickup.minecraft.beef":373,"stat.pickup.minecraft.leather_helmet":39,"stat.pickup.minecraft.cauldron":22,"stat.mineBlock.minecraft.stained_hardened_clay":30193,"stat.useItem.minecraft.trapdoor":124,"stat.useItem.minecraft.blue_shulker_box":5,"stat.useItem.minecraft.stained_glass":29961,"stat.useItem.minecraft.ice":760,"stat.pickup.minecraft.magenta_shulker_box":16,"achievement.openInventory":41637,"stat.pickup.minecraft.potion":125,"stat.mineBlock.minecraft.dark_oak_fence_gate":25,"stat.useItem.minecraft.wooden_button":244,"stat.craftItem.minecraft.dropper":358,"stat.useItem.minecraft.dye":357,"stat.breakItem.minecraft.diamond_boots":1,"stat.mineBlock.minecraft.stone_pressure_plate":16,"stat.useItem.minecraft.nether_brick":7922,"stat.drop.minecraft.glass_bottle":30,"stat.drop.minecraft.torch":134,"stat.mineBlock.minecraft.tallgrass":792,"achievement.potion":97,"stat.useItem.minecraft.splash_potion":10,"stat.craftItem.minecraft.light_weighted_pressure_plate":46,"stat.useItem.minecraft.stone":7980,"stat.pickup.minecraft.arrow":17179,"stat.useItem.minecraft.acacia_fence_gate":2,"stat.pickup.minecraft.wooden_pressure_plate":25,"stat.killEntity.Ghast":301,"stat.useItem.minecraft.ender_chest":148,"stat.useItem.minecraft.white_shulker_box":16,"stat.pickup.minecraft.acacia_fence_gate":1,"achievement.killCow":175,"stat.mineBlock.minecraft.chest":646,"stat.pickup.minecraft.painting":2,"stat.mineBlock.minecraft.hardened_clay":25776,"stat.mineBlock.minecraft.concrete_powder":62,"stat.craftItem.minecraft.hopper":899,"stat.pickup.minecraft.gray_shulker_box":38,"stat.drop.minecraft.concrete_powder":18,"stat.pickup.minecraft.nether_brick_fence":905,"stat.pickup.minecraft.yellow_shulker_box":11,"stat.pickup.minecraft.orange_shulker_box":23,"stat.useItem.minecraft.reeds":116,"stat.pickup.minecraft.birch_boat":92,"stat.craftItem.minecraft.wooden_sword":1,"stat.craftItem.minecraft.nether_brick":144,"stat.craftItem.minecraft.diamond_shovel":10,"stat.pickup.minecraft.wheat_seeds":17083,"stat.drop.minecraft.snow":63,"stat.mineBlock.minecraft.glass":1987,"stat.useItem.minecraft.enchanting_table":1,"stat.pickup.minecraft.pink_shulker_box":6,"stat.mineBlock.minecraft.dirt":6191,"stat.pickup.minecraft.poisonous_potato":377,"stat.drop.minecraft.paper":16,"stat.useItem.minecraft.bread":584,"stat.pickup.minecraft.brewing_stand":14,"stat.pickup.minecraft.light_blue_shulker_box":43,"stat.useItem.minecraft.cobblestone":3469,"stat.craftItem.minecraft.leather_boots":15,"stat.useItem.minecraft.gravel":94,"stat.mineBlock.minecraft.double_plant":47,"stat.minecartOneCm":15803509,"stat.breakItem.minecraft.golden_helmet":1,"stat.pickup.minecraft.brown_glazed_terracotta":3,"stat.drop.minecraft.chicken":76,"stat.pickup.minecraft.iron_pickaxe":4,"stat.drop.minecraft.carrot":523,"stat.mineBlock.minecraft.end_rod":195,"stat.craftItem.minecraft.gold_ingot":9746,"stat.pickup.minecraft.hopper":976,"stat.mineBlock.minecraft.silver_shulker_box":48,"stat.craftItem.minecraft.brewing_stand":7,"stat.pickup.minecraft.apple":16,"stat.useItem.minecraft.fireworks":128,"stat.pickup.minecraft.banner":56,"stat.craftItem.minecraft.carrot_on_a_stick":2,"achievement.portal":2886,"stat.itemEnchanted":63,"stat.useItem.minecraft.acacia_boat":70,"stat.mineBlock.minecraft.log":781,"stat.mineBlock.minecraft.heavy_weighted_pressure_plate":14,"stat.useItem.minecraft.wooden_door":91,"achievement.acquireIron":217,"stat.useItem.minecraft.spruce_door":3,"stat.craftItem.minecraft.paper":28584,"stat.pickup.minecraft.red_flower":881,"stat.drop.minecraft.bone_block":1,"stat.pickup.minecraft.wool":2085,"stat.useItem.minecraft.chorus_fruit":2,"stat.craftItem.minecraft.trapped_chest":190,"stat.drop.minecraft.grass":2,"stat.pickup.minecraft.trapped_chest":73,"stat.cakeSlicesEaten":9,"stat.drop.minecraft.pumpkin":79,"stat.mineBlock.minecraft.orange_glazed_terracotta":1,"stat.craftItem.minecraft.diamond_leggings":4,"stat.useItem.minecraft.iron_axe":605,"stat.useItem.minecraft.orange_glazed_terracotta":11,"stat.craftItem.minecraft.tnt_minecart":5,"stat.mineBlock.minecraft.yellow_flower":19,"stat.entityKilledBy.Witch":1,"stat.useItem.minecraft.skull":117,"stat.craftItem.minecraft.wool":383,"stat.drop.minecraft.saddle":23,"stat.useItem.minecraft.snow":857,"stat.useItem.minecraft.concrete_powder":1631,"stat.pickup.minecraft.enchanted_book":186,"stat.pickup.minecraft.glowstone":1356,"achievement.buildWorkBench":131,"stat.pickup.minecraft.writable_book":14,"stat.craftItem.minecraft.arrow":9,"stat.useItem.minecraft.obsidian":743,"stat.pickup.minecraft.sticky_piston":907,"stat.pickup.minecraft.bow":915,"stat.pickup.minecraft.chorus_fruit_popped":45,"stat.drop.minecraft.birch_boat":5,"stat.mineBlock.minecraft.detector_rail":35,"stat.useItem.minecraft.egg":298,"stat.pickup.minecraft.pumpkin_pie":6,"stat.craftItem.minecraft.spruce_boat":9,"stat.pickup.minecraft.nether_wart_block":280,"stat.pickup.minecraft.coal_ore":463,"stat.craftItem.minecraft.cooked_beef":297,"stat.mineBlock.minecraft.obsidian":736,"stat.pickup.minecraft.shears":5,"stat.craftItem.minecraft.bow":48,"stat.pickup.minecraft.iron_trapdoor":250,"stat.pickup.minecraft.diamond_hoe":6,"stat.flyOneCm":31834536,"stat.pickup.minecraft.sandstone":4306,"stat.pickup.minecraft.nether_brick_stairs":55,"stat.craftItem.minecraft.furnace_minecart":1,"stat.pickup.minecraft.fish":11596,"stat.craftItem.minecraft.stained_glass":26336,"stat.craftItem.minecraft.emerald_block":116,"stat.timeSinceDeath":2273209,"stat.pickup.minecraft.quartz_ore":965,"stat.craftItem.minecraft.painting":1,"stat.cauldronFilled":4,"stat.drop.minecraft.repeater":1,"stat.killEntity.Bat":18,"stat.useItem.minecraft.potato":16089,"stat.pickup.minecraft.chainmail_helmet":19,"stat.pickup.minecraft.nether_wart":406,"stat.pickup.minecraft.spruce_fence":55,"stat.mineBlock.minecraft.enchanting_table":1,"stat.killEntity.Wolf":3,"stat.craftItem.minecraft.concrete_powder":1816,"stat.mineBlock.minecraft.coal_ore":2249,"stat.pickup.minecraft.shield":11,"stat.craftItem.minecraft.stone_hoe":10,"stat.talkedToVillager":2598,"stat.drop.minecraft.baked_potato":1,"stat.pickup.minecraft.string":3098,"stat.mineBlock.minecraft.ladder":335,"stat.drop.minecraft.redstone_lamp":39,"stat.useItem.minecraft.milk_bucket":5,"stat.useItem.minecraft.written_book":110,"stat.mineBlock.minecraft.chorus_flower":16,"stat.useItem.minecraft.dragon_egg":255,"stat.useItem.minecraft.diamond_shovel":43051,"stat.pickup.minecraft.bone_block":899,"stat.mineBlock.minecraft.diamond_ore":166,"stat.pickup.minecraft.fireworks":2305,"stat.craftItem.minecraft.wooden_pressure_plate":7,"stat.craftItem.minecraft.speckled_melon":36,"achievement.killEnemy":29302,"stat.drop.minecraft.redstone_ore":22,"stat.useItem.minecraft.wooden_sword":5,"stat.breakItem.minecraft.iron_shovel":11,"stat.useItem.minecraft.ladder":1175,"stat.useItem.minecraft.diamond_ore":39,"stat.useItem.minecraft.cyan_shulker_box":7,"stat.pickup.minecraft.snowball":1273,"stat.mineBlock.minecraft.brown_glazed_terracotta":3,"stat.useItem.minecraft.birch_stairs":92,"stat.killEntity.Guardian":7,"stat.craftItem.minecraft.sandstone_stairs":228,"stat.diveOneCm":1848286,"stat.useItem.minecraft.sticky_piston":784,"stat.craftItem.minecraft.ladder":1027,"achievement.buildHoe":43,"stat.mineBlock.minecraft.stone_button":16,"stat.useItem.minecraft.chicken":24,"stat.drop.minecraft.ladder":68,"stat.pickup.minecraft.stone_axe":5,"stat.useItem.minecraft.tnt_minecart":5,"stat.pickup.minecraft.stained_glass_pane":259,"stat.useItem.minecraft.rotten_flesh":11,"stat.drop.minecraft.apple":5,"stat.craftItem.minecraft.diamond_sword":10,"stat.mineBlock.minecraft.blue_shulker_box":5,"stat.drop.minecraft.sandstone":26,"stat.useItem.minecraft.sand":673,"stat.jump":221430,"stat.pickup.minecraft.white_shulker_box":17,"stat.mineBlock.minecraft.observer":24,"stat.craftItem.minecraft.torch":3496,"stat.breakItem.minecraft.golden_leggings":2,"achievement.makeBread":769,"stat.mineBlock.minecraft.spruce_fence_gate":3,"stat.mineBlock.minecraft.purpur_block":408,"stat.mineBlock.minecraft.cyan_glazed_terracotta":9,"stat.useItem.minecraft.glass":4426,"stat.pickup.minecraft.stone_shovel":6,"stat.useItem.minecraft.sapling":33,"stat.pickup.minecraft.gold_ore":203,"stat.drop.minecraft.gold_block":14,"achievement.blazeRod":1208,"stat.mineBlock.minecraft.glass_pane":210,"stat.damageTaken":284046,"stat.useItem.minecraft.red_shulker_box":68,"stat.useItem.minecraft.end_crystal":24,"stat.mineBlock.minecraft.melon_block":69,"stat.useItem.minecraft.gold_block":146,"stat.useItem.minecraft.carrot_on_a_stick":1,"stat.pickup.minecraft.log2":879,"stat.mineBlock.minecraft.sandstone_stairs":81,"stat.useItem.minecraft.purple_shulker_box":386,"stat.pickup.minecraft.bed":57,"stat.cauldronUsed":3,"stat.pickup.minecraft.concrete":1726,"stat.pickup.minecraft.quartz_block":1575,"stat.pickup.minecraft.acacia_fence":1,"stat.pickup.minecraft.potato":35853,"stat.killEntity.Shulker":76,"stat.breakItem.minecraft.iron_leggings":1,"stat.entityKilledBy.Zombie":1,"stat.killEntity.Silverfish":26,"stat.entityKilledBy.LavaSlime":2,"stat.craftItem.minecraft.stone_slab":37017,"stat.animalsBred":1063,"stat.useItem.minecraft.chest":1208,"stat.mineBlock.minecraft.light_blue_shulker_box":43,"stat.useItem.minecraft.observer":32,"stat.useItem.minecraft.birch_fence_gate":93,"stat.shulkerBoxOpened":5655,"stat.craftItem.minecraft.iron_chestplate":3,"stat.pickup.minecraft.baked_potato":673,"stat.drop.minecraft.potato":138,"stat.pickup.minecraft.ender_pearl":6542,"stat.breakItem.minecraft.stone_hoe":7,"stat.pickup.minecraft.ladder":1206,"stat.useItem.minecraft.netherrack":8694,"stat.craftItem.minecraft.stained_glass_pane":720,"stat.craftItem.minecraft.bookshelf":317,"stat.useItem.minecraft.tripwire_hook":143,"stat.mineBlock.minecraft.stonebrick":1239,"stat.drop.minecraft.cookie":36,"stat.mineBlock.minecraft.glowstone":956,"stat.craftItem.minecraft.shears":19,"stat.useItem.minecraft.cobblestone_wall":660,"stat.breakItem.minecraft.diamond_shovel":1,"stat.useItem.minecraft.writable_book":35,"stat.pickup.minecraft.torch":2983,"stat.drop.minecraft.diamond_shovel":2,"stat.drop.minecraft.quartz_block":6,"stat.mineBlock.minecraft.red_glazed_terracotta":2,"stat.pickup.minecraft.spruce_boat":63,"stat.useItem.minecraft.purpur_slab":4,"stat.drop.minecraft.arrow":370,"stat.drop.minecraft.shears":12,"stat.craftItem.minecraft.compass":1,"stat.pickup.minecraft.jungle_boat":10,"stat.pickup.minecraft.dark_oak_fence_gate":25,"stat.useItem.minecraft.end_bricks":322,"stat.pigOneCm":48161,"stat.craftItem.minecraft.iron_axe":5,"stat.mineBlock.minecraft.purple_shulker_box":388,"stat.useItem.minecraft.lead":19,"stat.pickup.minecraft.fishing_rod":122,"stat.useItem.minecraft.planks":4054,"stat.useItem.minecraft.nether_brick_stairs":59,"stat.mineBlock.minecraft.acacia_fence_gate":1,"stat.pickup.minecraft.porkchop":230,"stat.pickup.minecraft.glass":2779,"stat.pickup.minecraft.blaze_powder":14,"stat.drop.minecraft.melon":17,"stat.useItem.minecraft.pink_shulker_box":6,"stat.useItem.minecraft.water_bucket":1196,"stat.pickup.minecraft.sand":34424,"stat.craftItem.minecraft.golden_apple":6,"stat.pickup.minecraft.hardened_clay":27357,"stat.useItem.minecraft.red_nether_brick":75,"stat.pickup.minecraft.name_tag":338,"stat.drop.minecraft.map":1,"achievement.diamonds":193,"stat.drop.minecraft.hardened_clay":115,"stat.pickup.minecraft.activator_rail":27,"stat.aviateOneCm":136021005,"stat.useItem.minecraft.ender_pearl":5143,"stat.craftItem.minecraft.cooked_fish":3039,"achievement.buildBetterPickaxe":39,"stat.craftItem.minecraft.blaze_powder":124,"stat.drop.minecraft.golden_sword":5,"stat.useItem.minecraft.red_glazed_terracotta":9,"achievement.breedCow":1000,"stat.useItem.minecraft.oak_stairs":71,"stat.craftItem.minecraft.golden_carrot":2250,"stat.mineBlock.minecraft.dark_oak_stairs":21,"stat.useItem.minecraft.dark_oak_stairs":3,"stat.drop.minecraft.stone_slab":684,"stat.pickup.minecraft.fence_gate":8,"stat.mineBlock.minecraft.birch_stairs":56,"stat.pickup.minecraft.filled_map":4,"stat.pickup.minecraft.furnace":280,"stat.useItem.minecraft.redstone":3402,"achievement.overkill":2363,"stat.mineBlock.minecraft.end_bricks":389,"stat.mineBlock.minecraft.redstone_lamp":36,"achievement.mineWood":960,"stat.pickup.minecraft.iron_chestplate":15,"stat.pickup.minecraft.end_rod":313,"stat.pickup.minecraft.cyan_glazed_terracotta":9,"stat.useItem.minecraft.stone_stairs":37,"stat.pickup.minecraft.skull":104,"stat.pickup.minecraft.acacia_door":4,"stat.mineBlock.minecraft.red_shulker_box":69,"stat.useItem.minecraft.pumpkin_pie":1,"stat.mineBlock.minecraft.brick_stairs":2,"stat.useItem.minecraft.hopper":1817,"stat.craftItem.minecraft.heavy_weighted_pressure_plate":3,"stat.mineBlock.minecraft.oak_stairs":68,"stat.drop.minecraft.golden_carrot":72,"stat.playOneMinute":89018161,"stat.pickup.minecraft.birch_door":11,"stat.drop.minecraft.string":89,"stat.pickup.minecraft.diamond_block":150,"stat.useItem.minecraft.shears":1341,"stat.pickup.minecraft.beacon":15,"stat.pickup.minecraft.iron_bars":826,"stat.pickup.minecraft.dispenser":37,"stat.craftItem.minecraft.pumpkin_pie":51,"stat.pickup.minecraft.red_glazed_terracotta":2,"stat.mineBlock.minecraft.dark_oak_fence":1,"stat.craftItem.minecraft.carpet":501,"stat.mineBlock.minecraft.netherrack":37949,"stat.mineBlock.minecraft.dispenser":34,"stat.craftItem.minecraft.golden_rail":6666,"stat.useItem.minecraft.quartz_ore":913,"stat.craftItem.minecraft.iron_nugget":1,"stat.pickup.minecraft.cooked_chicken":790,"stat.fallOneCm":5720008,"stat.drop.minecraft.dye":524,"stat.craftItem.minecraft.chest":1846,"stat.useItem.minecraft.nether_brick_fence":476,"stat.craftItem.minecraft.banner":87,"stat.mineBlock.minecraft.lever":251,"stat.pickup.minecraft.red_mushroom":20,"stat.useItem.minecraft.iron_hoe":2508,"stat.craftItem.minecraft.end_bricks":588,"stat.pickup.minecraft.comparator":539,"stat.pickup.minecraft.feather":1078,"stat.drop.minecraft.iron_leggings":1,"stat.mineBlock.minecraft.red_nether_brick":17,"stat.drop.minecraft.concrete":14,"stat.mineBlock.minecraft.spruce_fence":29,"stat.useItem.minecraft.yellow_shulker_box":11,"achievement.fullBeacon":11,"stat.pickup.minecraft.lead":135,"stat.useItem.minecraft.stone_pickaxe":238,"stat.craftItem.minecraft.birch_stairs":120,"stat.useItem.minecraft.stone_sword":217,"stat.craftItem.minecraft.iron_leggings":3,"stat.useItem.minecraft.orange_shulker_box":20,"stat.killEntity.Rabbit":4,"stat.pickup.minecraft.redstone_ore":79,"stat.craftItem.minecraft.oak_stairs":88,"stat.pickup.minecraft.chainmail_boots":21,"stat.drop.minecraft.stick":301,"stat.useItem.minecraft.iron_bars":2307,"stat.mineBlock.minecraft.quartz_stairs":111,"stat.useItem.minecraft.bone_block":1971,"stat.mineBlock.minecraft.pink_shulker_box":6,"stat.killEntity.LavaSlime":2301,"stat.pickup.minecraft.log":2869,"achievement.theEnd2":1,"stat.useItem.minecraft.brown_glazed_terracotta":17,"stat.breakItem.minecraft.iron_boots":2,"stat.mineBlock.minecraft.golden_rail":1622,"stat.craftItem.minecraft.hopper_minecart":88,"stat.breakItem.minecraft.diamond_chestplate":2,"stat.breakItem.minecraft.iron_helmet":2,"stat.pickup.minecraft.chainmail_leggings":21,"stat.pickup.minecraft.wooden_door":87,"stat.entityKilledBy.Enderman":9,"stat.mineBlock.minecraft.iron_block":3873,"stat.breakItem.minecraft.iron_chestplate":3,"stat.mineBlock.minecraft.tripwire_hook":55,"stat.craftItem.minecraft.snow":932,"stat.pickup.minecraft.diamond_helmet":49,"stat.drop.minecraft.dropper":3,"stat.craftItem.minecraft.cooked_chicken":86,"stat.useItem.minecraft.stone_hoe":996,"stat.useItem.minecraft.beetroot_seeds":1,"stat.sneakTime":4356687,"stat.mineBlock.minecraft.cobblestone_wall":305,"stat.mineBlock.minecraft.yellow_shulker_box":11,"stat.useItem.minecraft.brewing_stand":10,"stat.pickup.minecraft.chest":735,"stat.craftItem.minecraft.enchanting_table":1,"stat.useItem.minecraft.web":10,"stat.craftItem.minecraft.leather_leggings":18,"stat.useItem.minecraft.lapis_block":24,"stat.pickup.minecraft.stone_pressure_plate":32,"stat.pickup.minecraft.lit_pumpkin":18,"stat.useItem.minecraft.repeater":1038,"stat.drop.minecraft.leather_helmet":15,"stat.craftItem.minecraft.stone_brick_stairs":740,"stat.craftItem.minecraft.acacia_fence_gate":2,"stat.craftItem.minecraft.iron_trapdoor":230,"stat.swimOneCm":2710761,"stat.mineBlock.minecraft.diamond_block":145,"stat.mineBlock.minecraft.spruce_stairs":16,"stat.drop.minecraft.brown_mushroom":4,"stat.useItem.minecraft.dirt":5336,"stat.pickup.minecraft.purpur_block":280,"achievement.exploreAllBiomes":{"value":0,"progress":["Sunflower Plains","Cold Taiga","Desert M","Roofed Forest","Birch Forest","Extreme Hills M","MushroomIslandShore","The End","Extreme Hills+ M","Beach","FrozenRiver","Mesa Plateau","Mega Taiga Hills","Extreme Hills+","Cold Beach","Ocean","River","Taiga","Mega Taiga","MushroomIsland","Swampland","Ice Mountains","Birch Forest Hills","Mesa Plateau F","Savanna Plateau","Roofed Forest M","Mesa","ForestHills","Flower Forest","Plains","Cold Taiga M","Ice Plains Spikes","TaigaHills","DesertHills","Stone Beach","Birch Forest M","Ice Plains","Forest","Desert","Extreme Hills","Mesa (Bryce)","Deep Ocean","Savanna","Hell","Swampland M"]},"stat.pickup.minecraft.enchanting_table":1,"stat.useItem.minecraft.detector_rail":104,"stat.craftItem.minecraft.melon_block":1537,"stat.drop.minecraft.ender_pearl":27,"stat.mineBlock.minecraft.magma":22,"stat.pickup.minecraft.quartz_stairs":110,"stat.mineBlock.minecraft.carpet":394,"stat.drop.minecraft.fence":84,"stat.pickup.minecraft.gold_block":88,"stat.mineBlock.minecraft.redstone_block":253,"stat.useItem.minecraft.stone_shovel":264,"stat.pickup.minecraft.clay":1,"stat.pickup.minecraft.glass_bottle":39,"stat.drop.minecraft.wheat_seeds":1424,"stat.craftItem.minecraft.wooden_slab":456,"stat.useItem.minecraft.sign":750,"stat.pickup.minecraft.mutton":443,"achievement.theEnd":38,"stat.useItem.minecraft.lever":821,"stat.mineBlock.minecraft.coal_block":4,"stat.craftItem.minecraft.red_sandstone":4,"stat.drop.minecraft.golden_boots":14,"stat.pickup.minecraft.stonebrick":1129,"stat.pickup.minecraft.redstone_lamp":109,"stat.mineBlock.minecraft.nether_brick":24302,"stat.craftItem.minecraft.nether_brick_fence":336,"stat.drop.minecraft.log2":3,"stat.drop.minecraft.potion":5,"stat.useItem.minecraft.stone_slab":40216,"stat.useItem.minecraft.bed":61,"stat.craftItem.minecraft.stone":1678,"stat.mineBlock.minecraft.crafting_table":117,"stat.useItem.minecraft.diamond_pickaxe":263350,"stat.mineBlock.minecraft.quartz_block":1083,"stat.useItem.minecraft.carrot":29290,"stat.killEntity.Endermite":83,"stat.useItem.minecraft.wooden_shovel":23,"stat.useItem.minecraft.bucket":1578,"achievement.buildFurnace":521,"stat.pickup.minecraft.stone_button":53,"stat.pickup.minecraft.slime_ball":1492,"stat.useItem.minecraft.purpur_block":65,"stat.drop.minecraft.blaze_rod":13,"stat.mineBlock.minecraft.cyan_shulker_box":7,"stat.craftItem.minecraft.diamond_pickaxe":13,"stat.craftItem.minecraft.clay":91,"stat.pickup.minecraft.gravel":2066,"stat.useItem.minecraft.glass_bottle":162,"stat.useItem.minecraft.diamond_axe":7611,"stat.pickup.minecraft.purpur_stairs":56,"stat.pickup.minecraft.red_shulker_box":69,"stat.useItem.minecraft.stained_glass_pane":605,"stat.pickup.minecraft.stone_brick_stairs":503,"stat.pickup.minecraft.diamond_sword":66,"stat.pickup.minecraft.iron_helmet":28,"stat.craftItem.minecraft.birch_boat":31,"stat.pickup.minecraft.black_shulker_box":10,"stat.useItem.minecraft.piston":465,"stat.craftItem.minecraft.bread":655,"stat.pickup.minecraft.spider_eye":384,"stat.useItem.minecraft.mycelium":37,"stat.useItem.minecraft.stone_button":42,"stat.pickup.minecraft.diamond_ore":39,"stat.mineBlock.minecraft.magenta_shulker_box":16,"stat.useItem.minecraft.cooked_chicken":844,"stat.craftItem.minecraft.end_crystal":24,"stat.pickup.minecraft.iron_ore":1768,"stat.pickup.minecraft.snow":21,"stat.mineBlock.minecraft.iron_bars":453,"stat.pickup.minecraft.leaves":1161,"stat.craftItem.minecraft.activator_rail":12,"stat.pickup.minecraft.leather":427,"stat.useItem.minecraft.wooden_pickaxe":5,"stat.dispenserInspected":525,"stat.mineBlock.minecraft.mycelium":4,"stat.pickup.minecraft.reeds":1936,"stat.pickup.minecraft.prismarine_crystals":29,"stat.useItem.minecraft.magma":46,"stat.craftItem.minecraft.glass":11301,"stat.drop.minecraft.cooked_chicken":9,"stat.craftItem.minecraft.cauldron":2,"stat.sleepInBed":935,"stat.craftItem.minecraft.baked_potato":662,"stat.drop.minecraft.shulker_shell":11,"stat.killEntity.Cow":189,"stat.pickup.minecraft.minecart":1034,"stat.killEntity.Pig":87,"stat.craftItem.minecraft.iron_sword":7,"stat.pickup.minecraft.piston":780,"stat.breakItem.minecraft.fishing_rod":44,"stat.walkOneCm":110093921,"stat.playerKills":6,"stat.pickup.minecraft.clay_ball":348,"stat.mineBlock.minecraft.trapped_chest":56,"stat.useItem.minecraft.emerald_block":38,"stat.pickup.minecraft.purpur_slab":18,"stat.useItem.minecraft.spruce_boat":75,"stat.drop.minecraft.diamond_axe":5,"stat.pickup.minecraft.tnt":1,"stat.drop.minecraft.iron_chestplate":1,"stat.pickup.minecraft.stone":54613,"stat.mineBlock.minecraft.wool":254,"stat.craftItem.minecraft.hay_block":1,"stat.mineBlock.minecraft.packed_ice":8186,"stat.useItem.minecraft.leaves":670,"stat.craftItem.minecraft.minecart":792,"stat.pickup.minecraft.gold_ingot":120,"stat.useItem.minecraft.prismarine":98,"stat.killEntity.Skeleton":7928,"stat.mineBlock.minecraft.cactus":28,"stat.drop.minecraft.chainmail_boots":6,"stat.pickup.minecraft.netherbrick":204,"stat.mineBlock.minecraft.redstone_torch":485,"stat.killEntity.Spider":260,"stat.pickup.minecraft.bread":231,"stat.drop.minecraft.end_rod":59,"stat.craftItem.minecraft.spruce_fence":27,"stat.pickup.minecraft.quartz":11899,"stat.pickup.minecraft.birch_fence":248,"stat.pickup.minecraft.water_bucket":31,"stat.breakItem.minecraft.iron_axe":2,"stat.drop.minecraft.prismarine":25,"stat.useItem.minecraft.hopper_minecart":86,"stat.pickup.minecraft.spruce_stairs":15,"stat.mineBlock.minecraft.redstone_ore":746,"stat.pickup.minecraft.elytra":43,"stat.pickup.minecraft.lava_bucket":6,"stat.craftItem.minecraft.coal_block":214,"stat.drop.minecraft.beef":5,"stat.mineBlock.minecraft.stone":76802,"stat.useItem.minecraft.sandstone":2358}