{"stat.useItem.139":8,"stat.craftItem.364":32,"stat.mineBlock.67":38,"stat.useItem.65":158,"stat.useItem.404":165,"stat.useItem.172":42,"stat.craftItem.258":21,"stat.craftItem.72":45,"stat.useItem.50":9340,"stat.mineBlock.88":376,"stat.mineBlock.107":77,"stat.useItem.130":33,"stat.mineBlock.152":145,"stat.mineBlock.49":2024,"stat.mineBlock.80":12,"stat.craftItem.156":8,"stat.useItem.151":5,"stat.mineBlock.130":21,"stat.useItem.49":1497,"stat.useItem.146":209,"stat.killEntity.Sheep":5,"stat.mineBlock.121":135,"stat.craftItem.257":21,"stat.mineBlock.27":201,"stat.craftItem.109":1494,"stat.craftItem.113":36,"stat.craftItem.313":1,"stat.craftItem.42":12561,"stat.useItem.143":47,"achievement.openInventory":20090,"stat.craftItem.143":28,"stat.mineBlock.35":132,"stat.killEntity.Cow":93,"stat.useItem.323":163,"stat.mineBlock.153":957,"stat.mineBlock.173":95,"stat.mineBlock.158":33,"stat.killEntity.Ghast":21,"stat.useItem.338":44,"stat.craftItem.278":19,"stat.craftItem.340":187,"stat.useItem.66":2041,"stat.craftItem.112":2269,"stat.craftItem.279":5,"stat.useItem.279":9233,"stat.mineBlock.123":88,"stat.craftItem.155":455,"stat.craftItem.24":64,"stat.mineBlock.111":1,"stat.useItem.72":71,"stat.mineBlock.24":7,"achievement.acquireIron":6,"stat.craftItem.307":13,"stat.mineBlock.46":5,"stat.craftItem.382":1,"stat.craftItem.381":14,"stat.damageDealt":1055179,"stat.mineBlock.116":3,"stat.craftItem.116":1,"stat.killEntity.Bat":8,"stat.craftItem.45":9,"stat.mineBlock.69":209,"stat.useItem.173":95,"stat.mineBlock.53":248,"achievement.exploreAllBiomes":{"value":0,"progress":["Extreme Hills","River","Swampland","Extreme Hills Edge","Hell","Sky"]},"stat.useItem.324":294,"stat.useItem.24":4,"stat.craftItem.89":455,"stat.mineBlock.54":389,"stat.mineBlock.109":1120,"stat.mineBlock.76":163,"stat.mineBlock.73":423,"stat.useItem.46":96,"stat.mineBlock.97":141,"stat.breakItem.310":1,"stat.mineBlock.32":1,"stat.craftItem.27":204,"stat.useItem.3":11468,"stat.mineBlock.37":12,"stat.useItem.2257":1,"stat.useItem.126":5588,"stat.useItem.48":71,"stat.useItem.89":114,"stat.craftItem.66":800,"stat.useItem.96":69,"stat.mineBlock.31":136,"stat.craftItem.50":6230,"stat.craftItem.310":1,"stat.craftItem.96":82,"stat.useItem.351":2019,"stat.useItem.112":419,"stat.mineBlock.139":6,"stat.useItem.53":867,"stat.craftItem.266":178,"stat.craftItem.139":18,"stat.mineBlock.1":59549,"stat.craftItem.138":1,"stat.useItem.23":19,"stat.craftItem.355":4,"achievement.diamondsToYou":1,"stat.useItem.259":92,"stat.useItem.5":769,"stat.mineBlock.131":10,"stat.craftItem.77":8,"stat.mineBlock.101":88,"stat.craftItem.134":736,"stat.breakItem.309":2,"stat.useItem.88":93,"stat.entityKilledBy.Witch":1,"stat.mineBlock.171":752,"stat.mineBlock.154":621,"stat.mineBlock.162":3156,"stat.mineBlock.38":158,"stat.craftItem.308":12,"stat.craftItem.65":192,"achievement.buildWorkBench":69,"stat.treasureFished":12,"stat.useItem.95":4855,"stat.useItem.38":129,"stat.craftItem.342":32,"stat.breakItem.258":12,"stat.useItem.86":213,"stat.craftItem.256":13,"stat.mineBlock.89":111,"stat.mineBlock.23":15,"stat.mineBlock.172":1705,"achievement.killCow":36,"stat.useItem.379":8,"stat.mineBlock.113":58,"stat.mineBlock.28":15,"stat.useItem.4":5486,"stat.craftItem.323":93,"stat.craftItem.108":16,"stat.breakItem.306":3,"stat.mineBlock.21":132,"stat.craftItem.386":7,"stat.craftItem.101":432,"stat.mineBlock.78":2270,"stat.useItem.33":43,"stat.mineBlock.86":32,"stat.mineBlock.126":2307,"stat.breakItem.274":1,"stat.mineBlock.42":222,"stat.breakItem.277":1,"stat.craftItem.91":133,"stat.climbOneCm":1066086,"stat.useItem.69":597,"stat.craftItem.291":1,"stat.mineBlock.160":293,"stat.drop":5118,"stat.useItem.18":243,"stat.useItem.291":21,"stat.mineBlock.33":30,"stat.fallOneCm":2435917,"stat.junkFished":5,"stat.useItem.160":452,"achievement.buildFurnace":160,"stat.craftItem.164":788,"stat.useItem.47":115,"stat.mineBlock.134":646,"stat.breakItem.308":2,"stat.breakItem.315":1,"stat.useItem.156":27,"stat.craftItem.33":109,"stat.craftItem.371":99,"stat.useItem.16":416,"stat.mineBlock.22":4,"stat.mineBlock.155":77,"stat.craftItem.82":144,"stat.craftItem.259":4,"stat.craftItem.58":60,"stat.useItem.152":153,"stat.useItem.45":68,"stat.useItem.87":1749,"stat.craftItem.98":8364,"stat.craftItem.263":1343,"stat.mineBlock.29":167,"stat.mineBlock.95":2560,"stat.craftItem.324":112,"stat.mineBlock.14":235,"stat.useItem.175":28,"stat.craftItem.29":92,"achievement.portal":212,"stat.flyOneCm":19166201,"achievement.buildPickaxe":53,"stat.mineBlock.61":39,"stat.damageTaken":1024936,"stat.useItem.355":9,"stat.breakItem.359":2,"stat.craftItem.272":70,"stat.mineBlock.161":561,"stat.entityKilledBy.Spider":1,"stat.mineBlock.39":147,"stat.killEntity.Chicken":20,"stat.mineBlock.82":1,"stat.craftItem.158":12,"stat.craftItem.404":60,"stat.craftItem.276":3,"stat.craftItem.5":17080,"stat.craftItem.277":8,"stat.entityKilledBy.Creeper":5,"stat.useItem.73":19,"stat.craftItem.339":645,"stat.entityKilledBy.CaveSpider":2,"stat.useItem.392":1,"stat.mineBlock.143":13,"stat.useItem.356":238,"stat.useItem.154":1085,"stat.useItem.106":84,"stat.mineBlock.66":1164,"stat.mineBlock.65":21,"stat.mineBlock.12":9152,"stat.mineBlock.110":5,"stat.craftItem.281":4,"stat.killEntity.Creeper":105,"stat.craftItem.262":328,"stat.craftItem.356":107,"stat.mineBlock.15":1632,"stat.craftItem.53":628,"stat.useItem.155":178,"stat.leaveGame":400,"stat.useItem.158":42,"stat.useItem.131":35,"stat.useItem.258":6021,"stat.useItem.295":688,"stat.useItem.81":6,"stat.mineBlock.56":64,"achievement.buildSword":168,"achievement.mineWood":6892,"stat.useItem.267":1744,"stat.useItem.159":849,"stat.craftItem.376":28,"stat.mineBlock.48":281,"stat.useItem.17":2268,"stat.useItem.272":7,"stat.mineBlock.20":328,"stat.mineBlock.87":10931,"stat.craftItem.85":680,"stat.mineBlock.79":21,"stat.useItem.129":17,"stat.mineBlock.13":2513,"stat.craftItem.306":17,"stat.useItem.123":240,"stat.useItem.76":316,"stat.useItem.70":14,"stat.craftItem.378":20,"stat.diveOneCm":1085563,"stat.craftItem.159":520,"stat.killEntity.Slime":421,"stat.craftItem.22":67,"stat.useItem.277":30352,"stat.mineBlock.112":1714,"stat.useItem.116":4,"stat.breakItem.259":1,"stat.craftItem.282":4,"stat.mineBlock.164":474,"stat.craftItem.23":10,"stat.craftItem.46":144,"stat.craftItem.69":328,"stat.craftItem.28":6,"stat.craftItem.160":720,"achievement.diamonds":6,"stat.breakItem.307":2,"stat.useItem.328":188,"stat.mineBlock.70":3,"stat.craftItem.379":6,"stat.mineBlock.58":78,"stat.craftItem.70":8,"stat.useItem.278":95954,"stat.mineBlock.128":12,"stat.craftItem.396":16,"stat.craftItem.267":44,"stat.killEntity.Enderman":54702,"stat.useItem.6":970,"stat.killEntity.Villager":67,"achievement.buildBetterPickaxe":53,"stat.useItem.61":113,"stat.useItem.85":899,"stat.craftItem.133":12,"stat.useItem.80":362,"stat.useItem.372":132,"stat.craftItem.103":192,"stat.killEntity.PigZombie":15,"stat.craftItem.126":3390,"stat.mineBlock.108":21,"stat.useItem.107":122,"stat.mineBlock.6":102,"stat.mineBlock.18":1654,"stat.entityKilledBy.PigZombie":22,"achievement.buildHoe":1,"stat.useItem.29":234,"stat.useItem.164":1174,"stat.mineBlock.17":5420,"achievement.killEnemy":57473,"stat.useItem.15":2,"stat.killEntity.LavaSlime":40,"stat.craftItem.20":2121,"stat.playOneMinute":21734137,"stat.useItem.21":8,"stat.craftItem.275":3,"stat.useItem.108":37,"stat.craftItem.390":23,"stat.useItem.391":41,"stat.useItem.330":6,"stat.useItem.287":344,"stat.breakItem.275":1,"stat.mineBlock.156":21,"stat.useItem.54":635,"stat.craftItem.351":3256,"stat.killEntity.Spider":88,"stat.useItem.109":2608,"stat.useItem.134":1284,"stat.mineBlock.77":6,"stat.useItem.273":237,"stat.craftItem.1":2343,"stat.animalsBred":114,"stat.useItem.79":1,"stat.breakItem.273":1,"stat.mineBlock.47":87,"stat.entityKilledBy.Skeleton":4,"stat.mineBlock.151":5,"stat.craftItem.35":257,"stat.useItem.275":182,"stat.craftItem.154":491,"stat.craftItem.95":3264,"stat.useItem.77":16,"stat.killEntity.Silverfish":418,"stat.craftItem.325":16,"stat.entityKilledBy.Zombie":4,"stat.craftItem.265":1516,"stat.craftItem.346":28,"stat.craftItem.359":8,"stat.breakItem.257":6,"stat.useItem.256":2699,"stat.useItem.113":87,"stat.craftItem.130":14,"stat.mineBlock.159":1130,"stat.mineBlock.106":158,"stat.minecartOneCm":5183876,"stat.useItem.359":589,"stat.mineBlock.146":167,"stat.killEntity.Blaze":30,"stat.mineBlock.4":3088,"stat.craftItem.173":515,"stat.craftItem.273":4,"stat.craftItem.76":495,"stat.mineBlock.145":4,"stat.craftItem.172":416,"stat.craftItem.131":52,"stat.useItem.58":134,"stat.useItem.13":366,"stat.useItem.128":12,"stat.mineBlock.3":21707,"stat.craftItem.374":33,"stat.breakItem.304":1,"stat.useItem.171":1420,"stat.useItem.67":198,"stat.useItem.82":1,"stat.useItem.1":541,"stat.craftItem.67":184,"stat.killEntity.Squid":104,"stat.useItem.28":23,"stat.craftItem.107":61,"stat.mineBlock.175":6,"stat.craftItem.366":5,"stat.killEntity.CaveSpider":20,"stat.craftItem.274":1,"stat.useItem.22":4,"stat.craftItem.261":20,"stat.craftItem.280":6736,"stat.useItem.397":39,"stat.useItem.35":65,"stat.craftItem.152":308,"stat.mineBlock.72":47,"stat.entityKilledBy.Enderman":1,"stat.mineBlock.45":37,"stat.mineBlock.16":4229,"achievement.breedCow":85,"stat.craftItem.44":22675,"stat.craftItem.377":34,"stat.mobKills":57907,"stat.useItem.42":453,"stat.useItem.98":8158,"stat.craftItem.328":47,"stat.craftItem.145":3,"stat.killEntity.Zombie":414,"stat.craftItem.330":2,"stat.useItem.257":4953,"stat.useItem.276":2426,"stat.useItem.148":96,"stat.craftItem.47":28,"stat.craftItem.405":756,"stat.mineBlock.5":504,"stat.mineBlock.44":3836,"stat.breakItem.256":10,"stat.useItem.101":460,"stat.swimOneCm":2232295,"stat.craftItem.80":546,"stat.fishCaught":187,"stat.useItem.162":1301,"stat.killEntity.Skeleton":1204,"stat.useItem.390":40,"stat.horseOneCm":8246,"stat.walkOneCm":138093571,"stat.useItem.274":138,"stat.useItem.145":7,"stat.useItem.408":9,"stat.useItem.342":32,"stat.useItem.44":26626,"stat.jump":134433,"stat.craftItem.347":2,"stat.mineBlock.30":97,"stat.killEntity.Witch":8,"stat.mineBlock.81":1,"stat.useItem.12":3029,"stat.craftItem.61":83,"stat.mineBlock.138":3,"stat.craftItem.123":171,"stat.craftItem.171":735,"stat.deaths":67,"stat.mineBlock.98":3491,"stat.useItem.389":97,"stat.craftItem.389":55,"stat.craftItem.54":776,"stat.useItem.27":463,"stat.useItem.56":1,"stat.breakItem.278":1,"stat.mineBlock.50":1904,"stat.craftItem.146":39,"stat.craftItem.309":14,"stat.useItem.20":586,"stat.useItem.331":1637,"stat.mineBlock.85":402,"stat.craftItem.353":155,"stat.useItem.138":4,"stat.mineBlock.129":45,"stat.craftItem.331":1845,"stat.craftItem.408":9}