{"stat.mineBlock.minecraft.stonebrick":122,"stat.mineBlock.minecraft.netherrack":321,"stat.craftItem.minecraft.gold_nugget":99,"stat.useItem.minecraft.brown_mushroom":40,"stat.useItem.minecraft.netherrack":62,"stat.mineBlock.minecraft.glass":32,"achievement.acquireIron":24,"stat.useItem.minecraft.minecart":23,"stat.craftItem.minecraft.spruce_door":3,"stat.damageDealt":2102956,"stat.useItem.minecraft.fence":1,"stat.useItem.minecraft.item_frame":3,"stat.craftItem.minecraft.minecart":12,"stat.killEntity.Bat":8,"stat.crouchOneCm":347556,"achievement.theEnd2":44,"stat.useItem.minecraft.shears":83,"stat.mineBlock.minecraft.red_mushroom":7,"stat.useItem.minecraft.acacia_door":22,"achievement.exploreAllBiomes":{"value":0,"progress":["Extreme Hills M","Cold Taiga M","Desert","Taiga","Deep Ocean","Extreme Hills","Mesa Plateau","Ice Mountains","Jungle","Extreme Hills Edge","Sky","Birch Forest Hills","Extreme Hills+ M","Taiga M","DesertHills","Birch Forest","Mesa","Mega Taiga","Savanna","River","Swampland","Roofed Forest M","Extreme Hills+","Flower Forest","Ocean","Ice Plains Spikes","TaigaHills","Plains","Mega Taiga Hills","Ice Plains","The End","Hell","Cold Taiga","ForestHills","Forest","Mesa (Bryce)","Beach","Roofed Forest","Stone Beach","Cold Taiga Hills","Cold Beach"]},"stat.mineBlock.minecraft.double_plant":4,"stat.craftItem.minecraft.flint_and_steel":1,"stat.useItem.minecraft.spruce_door":1,"stat.mineBlock.minecraft.yellow_flower":1,"stat.craftItem.minecraft.brewing_stand":1,"stat.mineBlock.minecraft.golden_rail":3,"stat.useItem.minecraft.chest":38,"stat.mineBlock.minecraft.furnace":9,"stat.craftItem.minecraft.wooden_pickaxe":1,"stat.craftItem.minecraft.glass_bottle":15,"stat.useItem.minecraft.stone_brick_stairs":166,"stat.mineBlock.minecraft.sand":1,"stat.killEntity.Sheep":96,"stat.useItem.minecraft.cobblestone":2,"stat.craftItem.minecraft.chest":1,"stat.craftItem.minecraft.arrow":204,"stat.mineBlock.minecraft.redstone_torch":33,"stat.useItem.minecraft.stained_glass":20,"achievement.openInventory":20204,"stat.useItem.minecraft.dark_oak_stairs":291,"stat.mineBlock.minecraft.redstone_block":2,"stat.craftItem.minecraft.daylight_detector":1,"stat.useItem.minecraft.brewing_stand":1,"stat.killEntity.Cow":16,"stat.useItem.minecraft.diamond_pickaxe":3585,"stat.useItem.minecraft.rabbit":1,"stat.useItem.minecraft.packed_ice":11,"stat.killEntity.Ghast":40,"stat.useItem.minecraft.sticky_piston":27,"stat.mineBlock.minecraft.stained_glass":5,"stat.craftItem.minecraft.iron_chestplate":8,"stat.useItem.minecraft.redstone_block":83,"stat.useItem.minecraft.red_mushroom":23,"stat.useItem.minecraft.diamond_shovel":1917,"stat.useItem.minecraft.snowball":196,"stat.entityKilledBy.Guardian":2,"stat.craftItem.minecraft.furnace":8,"stat.craftItem.minecraft.torch":124,"stat.mineBlock.minecraft.log":12,"stat.useItem.minecraft.obsidian":43,"stat.useItem.minecraft.planks":1017,"stat.fallOneCm":6110513,"stat.junkFished":178,"stat.useItem.minecraft.coal_ore":51,"achievement.buildFurnace":34,"stat.useItem.minecraft.cooked_chicken":385,"stat.useItem.minecraft.boat":25,"stat.useItem.minecraft.torch":194,"stat.entityKilledBy.Witch":1,"stat.useItem.minecraft.bed":8,"stat.useItem.minecraft.dispenser":61,"stat.useItem.minecraft.water_bucket":11,"stat.mineBlock.minecraft.hopper":22,"stat.useItem.minecraft.fish":6,"stat.mineBlock.minecraft.rail":2,"stat.useItem.minecraft.stonebrick":338,"stat.craftItem.minecraft.redstone_block":86,"stat.mineBlock.minecraft.gold_block":10,"achievement.buildWorkBench":1111,"stat.useItem.minecraft.stone":2291,"stat.treasureFished":207,"stat.mineBlock.minecraft.lapis_block":16,"stat.useItem.minecraft.furnace":25,"stat.craftItem.minecraft.slime":64,"stat.useItem.minecraft.birch_door":1,"stat.craftItem.minecraft.acacia_door":15,"stat.useItem.minecraft.ladder":96,"achievement.killCow":19,"stat.useItem.minecraft.redstone":170,"stat.useItem.minecraft.potion":31,"stat.mineBlock.minecraft.slime":36,"stat.mineBlock.minecraft.stone_pressure_plate":14,"stat.mineBlock.minecraft.vine":39,"achievement.portal":472,"stat.flyOneCm":34814417,"stat.useItem.minecraft.writable_book":6,"stat.mineBlock.minecraft.chest":27,"stat.craftItem.minecraft.sea_lantern":4,"achievement.buildPickaxe":24,"stat.mineBlock.minecraft.packed_ice":11,"stat.mineBlock.minecraft.torch":56,"stat.mineBlock.minecraft.iron_ore":87,"stat.useItem.minecraft.prismarine":213,"stat.damageTaken":803612,"stat.useItem.minecraft.milk_bucket":1,"stat.useItem.minecraft.diamond_sword":464,"stat.mineBlock.minecraft.prismarine":769,"stat.mineBlock.minecraft.brown_mushroom":8,"stat.useItem.minecraft.sponge":55,"stat.killEntity.Chicken":459,"stat.mineBlock.minecraft.cobblestone":4,"stat.craftItem.minecraft.redstone_lamp":20,"stat.useItem.minecraft.golden_rail":3,"stat.useItem.minecraft.dye":143,"stat.craftItem.minecraft.lever":64,"stat.useItem.minecraft.rail":2,"stat.useItem.minecraft.ender_chest":4,"stat.useItem.minecraft.redstone_lamp":20,"stat.useItem.minecraft.flint_and_steel":5,"stat.climbOneCm":843731,"achievement.potion":56,"stat.useItem.minecraft.sapling":4,"stat.drop":5308,"achievement.theEnd":11,"stat.mineBlock.minecraft.sea_lantern":149,"stat.useItem.minecraft.repeater":53,"stat.useItem.minecraft.stone_pressure_plate":22,"stat.useItem.minecraft.bow":203,"stat.craftItem.minecraft.boat":28,"stat.mineBlock.minecraft.wooden_slab":57,"stat.mineBlock.minecraft.crafting_table":2,"stat.killEntity.Wolf":1,"stat.useItem.minecraft.glass_bottle":46,"stat.useItem.minecraft.stone_slab":263,"achievement.diamonds":4,"stat.mineBlock.minecraft.fence":1,"stat.useItem.minecraft.egg":13,"stat.killEntity.Creeper":295,"stat.mineBlock.minecraft.planks":743,"stat.useItem.minecraft.lapis_block":86,"stat.useItem.minecraft.crafting_table":4,"stat.killEntity.Rabbit":15,"stat.mineBlock.minecraft.obsidian":32,"stat.craftItem.minecraft.dark_oak_stairs":216,"stat.useItem.minecraft.hopper":25,"stat.killEntity.Enderman":72842,"stat.craftItem.minecraft.diamond_boots":1,"stat.leaveGame":561,"stat.mineBlock.minecraft.stone_brick_stairs":42,"stat.craftItem.minecraft.iron_ingot":694,"stat.useItem.minecraft.glass":29,"stat.killEntity.Villager":195,"achievement.buildBetterPickaxe":22,"stat.useItem.minecraft.ender_pearl":544,"stat.killEntity.Endermite":3,"stat.timeSinceDeath":429461,"stat.useItem.minecraft.iron_trapdoor":2,"stat.mineBlock.minecraft.leaves":13,"stat.mineBlock.minecraft.leaves2":15,"stat.useItem.minecraft.gravel":44,"stat.killEntity.PigZombie":8,"stat.boatOneCm":1065873,"achievement.buildSword":5,"stat.craftItem.minecraft.bucket":31,"achievement.buildHoe":1,"stat.useItem.minecraft.glowstone":21,"stat.useItem.minecraft.comparator":2,"stat.craftItem.minecraft.iron_trapdoor":2,"stat.mineBlock.minecraft.sticky_piston":23,"achievement.mineWood":3856,"stat.craftItem.minecraft.banner":83,"stat.mineBlock.minecraft.stone_slab":520,"stat.useItem.minecraft.sand":1,"achievement.killEnemy":68971,"stat.craftItem.minecraft.dye":210,"stat.mineBlock.minecraft.snow_layer":184,"stat.killEntity.LavaSlime":124,"stat.playOneMinute":25685952,"stat.useItem.minecraft.redstone_torch":84,"stat.killEntity.Pig":22,"stat.useItem.minecraft.iron_ore":84,"stat.mineBlock.minecraft.dispenser":42,"stat.diveOneCm":2810135,"stat.useItem.minecraft.lever":17,"stat.craftItem.minecraft.bow":22,"stat.killEntity.Spider":214,"stat.mineBlock.minecraft.sponge":55,"stat.craftItem.minecraft.dispenser":21,"stat.killEntity.Slime":124,"achievement.ghast":1,"stat.animalsBred":919,"stat.craftItem.minecraft.stick":72,"stat.useItem.minecraft.fishing_rod":3,"stat.craftItem.minecraft.wooden_slab":30,"stat.playerKills":5,"stat.mineBlock.minecraft.daylight_detector":1,"stat.killEntity.Silverfish":454,"stat.mineBlock.minecraft.coal_ore":51,"stat.useItem.minecraft.redstone_ore":163,"stat.mineBlock.minecraft.log2":39,"stat.craftItem.minecraft.golden_carrot":12,"stat.entityKilledBy.Zombie":3,"stat.craftItem.minecraft.redstone":45,"stat.mineBlock.minecraft.tallgrass":62,"stat.useItem.minecraft.daylight_detector":2,"stat.useItem.minecraft.coal_block":160,"stat.useItem.minecraft.written_book":3,"stat.craftItem.minecraft.sponge":54,"stat.craftItem.minecraft.crafting_table":3,"stat.mobKills":79745,"stat.mineBlock.minecraft.stone":953,"stat.useItem.minecraft.bucket":27,"stat.craftItem.minecraft.diamond_shovel":6,"stat.craftItem.minecraft.armor_stand":1,"stat.killEntity.Zombie":845,"stat.mineBlock.minecraft.dirt":1653,"stat.minecartOneCm":29398815,"stat.useItem.minecraft.sign":72,"stat.useItem.minecraft.wooden_sword":7,"stat.useItem.minecraft.armor_stand":4,"stat.killEntity.Blaze":630,"stat.useItem.minecraft.piston":1,"stat.useItem.minecraft.banner":59,"achievement.onARail":3547,"stat.useItem.minecraft.tallgrass":44,"stat.craftItem.minecraft.redstone_torch":19,"stat.mineBlock.minecraft.dark_oak_stairs":73,"stat.craftItem.minecraft.birch_door":3,"stat.killEntity.Guardian":149,"stat.craftItem.minecraft.dark_oak_door":3,"stat.swimOneCm":798250,"stat.fishCaught":3401,"stat.useItem.minecraft.dark_oak_door":1,"stat.useItem.minecraft.diamond_axe":1052,"stat.killEntity.Skeleton":2960,"stat.horseOneCm":3492758,"stat.walkOneCm":162120459,"stat.useItem.minecraft.slime":42,"achievement.blazeRod":35,"achievement.snipeSkeleton":1,"stat.jump":168319,"stat.craftItem.minecraft.stone":4,"stat.killEntity.Witch":30,"stat.mineBlock.minecraft.piston":1,"stat.mineBlock.minecraft.ladder":5,"stat.craftItem.minecraft.sign":57,"stat.deaths":35,"stat.useItem.minecraft.vine":35,"stat.mineBlock.minecraft.glowstone":130,"stat.useItem.minecraft.wooden_slab":67,"stat.mineBlock.minecraft.gravel":48,"stat.mineBlock.minecraft.lever":9,"stat.craftItem.minecraft.planks":944,"stat.mineBlock.minecraft.redstone_ore":163,"stat.useItem.minecraft.wooden_pickaxe":12,"stat.mineBlock.minecraft.ender_chest":3,"stat.killEntity.Squid":70,"stat.sprintOneCm":4883858,"stat.useItem.minecraft.sea_lantern":150,"stat.useItem.minecraft.dirt":821,"stat.killEntity.CaveSpider":20}