{"stat.useItem.66":12,"stat.useItem.130":3,"stat.useItem.279":138,"stat.useItem.3":72,"stat.craftItem.257":1,"stat.mineBlock.37":8,"achievement.exploreAllBiomes":{"value":0,"progress":["Extreme Hills+","Extreme Hills","River"]},"stat.craftItem.42":64,"stat.mineBlock.54":20,"stat.mineBlock.109":11,"stat.mineBlock.1":10,"achievement.openInventory":253,"stat.damageDealt":19924,"stat.mineBlock.130":4,"stat.mineBlock.31":81,"stat.useItem.50":13,"stat.mineBlock.35":668,"stat.useItem.323":2,"stat.useItem.5":4,"stat.fallOneCm":369074,"stat.flyOneCm":4316239,"stat.craftItem.77":1,"achievement.buildPickaxe":4,"achievement.buildFurnace":2,"stat.mineBlock.61":2,"stat.damageTaken":9645,"stat.useItem.4":1,"stat.useItem.354":1,"stat.breakItem.306":1,"stat.craftItem.272":1,"stat.mineBlock.162":1,"stat.craftItem.270":1,"stat.mineBlock.38":5,"stat.craftItem.297":64,"achievement.buildWorkBench":2,"stat.useItem.38":2,"stat.craftItem.342":9,"stat.craftItem.58":1,"stat.craftItem.256":2,"stat.climbOneCm":87204,"stat.craftItem.98":36,"stat.useItem.87":17,"stat.drop":81,"stat.useItem.175":2,"achievement.buildHoe":2,"achievement.mineWood":43,"achievement.makeBread":2,"stat.mineBlock.17":1,"stat.useItem.17":1,"achievement.killEnemy":17,"stat.craftItem.393":72,"stat.mineBlock.12":32,"stat.mineBlock.87":56,"stat.breakItem.307":1,"stat.useItem.328":8,"stat.killEntity.Creeper":6,"stat.mineBlock.70":1,"stat.mineBlock.13":2,"stat.playOneMinute":806691,"stat.useItem.278":133,"stat.mineBlock.84":1,"stat.craftItem.267":1,"stat.killEntity.Enderman":1,"stat.leaveGame":28,"stat.diveOneCm":46174,"stat.useItem.54":21,"achievement.buildBetterPickaxe":2,"stat.killEntity.Spider":8,"stat.useItem.109":8,"stat.useItem.61":1,"stat.useItem.277":37,"stat.craftItem.1":64,"stat.killEntity.PigZombie":1,"achievement.buildSword":2,"stat.craftItem.290":1,"stat.useItem.58":1,"stat.swimOneCm":31872,"stat.craftItem.280":8,"stat.useItem.162":1,"stat.killEntity.Skeleton":16,"stat.horseOneCm":201,"stat.walkOneCm":9048372,"stat.useItem.77":1,"stat.useItem.35":67,"stat.useItem.44":75,"stat.useItem.342":9,"stat.jump":14869,"stat.useItem.13":2,"stat.killEntity.Witch":1,"stat.useItem.12":118,"stat.craftItem.265":18,"stat.craftItem.61":1,"stat.mineBlock.16":18,"stat.craftItem.359":1,"stat.useItem.256":382,"stat.craftItem.44":54,"stat.deaths":2,"stat.mineBlock.3":375,"stat.mineBlock.98":6,"stat.mobKills":68,"stat.useItem.98":33,"stat.killEntity.Zombie":35,"stat.minecartOneCm":420912,"stat.useItem.276":95,"stat.useItem.257":4,"stat.mineBlock.50":9,"stat.mineBlock.4":1,"stat.mineBlock.5":8,"stat.breakItem.256":1,"stat.mineBlock.44":25,"stat.mineBlock.175":1}