{"stat.mineBlock.minecraft.stonebrick":66,"stat.useItem.minecraft.fence_gate":1,"stat.useItem.minecraft.ice":1349,"stat.mineBlock.minecraft.emerald_ore":1,"stat.mineBlock.minecraft.netherrack":90,"stat.useItem.minecraft.stone_button":5,"stat.useItem.minecraft.netherrack":108,"stat.mineBlock.minecraft.glass":3,"achievement.acquireIron":10,"stat.useItem.minecraft.minecart":8,"stat.damageDealt":1110947,"stat.craftItem.minecraft.beacon":1,"stat.craftItem.minecraft.ender_chest":1,"stat.useItem.minecraft.fence":45,"stat.useItem.minecraft.item_frame":19,"stat.useItem.minecraft.iron_block":565,"stat.craftItem.minecraft.minecart":1,"stat.killEntity.Bat":8,"stat.crouchOneCm":83731,"achievement.theEnd2":122,"stat.useItem.minecraft.shears":119,"achievement.exploreAllBiomes":{"value":0,"progress":["Sunflower Plains","Extreme Hills M","Desert","Extreme Hills+","Taiga","Ocean","Extreme Hills","Mesa Plateau","TaigaHills","Plains","Jungle","The End","Extreme Hills Edge","Sky","Hell","ForestHills","Extreme Hills+ M","Forest","DesertHills","Beach","Mesa","Mega Taiga","River","Swampland"]},"stat.mineBlock.minecraft.double_plant":4,"stat.craftItem.minecraft.iron_pickaxe":1,"stat.craftItem.minecraft.flint_and_steel":1,"stat.mineBlock.minecraft.yellow_flower":6,"stat.craftItem.minecraft.wool":107,"stat.useItem.minecraft.glass_pane":1,"stat.useItem.minecraft.anvil":4,"stat.useItem.minecraft.chest":80,"achievement.spawnWither":4,"stat.craftItem.minecraft.emerald":158,"stat.mineBlock.minecraft.furnace":12,"stat.killEntity.Sheep":8,"stat.mineBlock.minecraft.sand":75,"stat.useItem.minecraft.cobblestone":862,"stat.craftItem.minecraft.chest":337,"stat.mineBlock.minecraft.redstone_torch":6,"achievement.openInventory":9352,"stat.mineBlock.minecraft.redstone_block":5,"stat.craftItem.minecraft.golden_leggings":3,"stat.useItem.minecraft.brewing_stand":6,"stat.killEntity.Cow":350,"stat.useItem.minecraft.diamond_pickaxe":7329,"stat.killEntity.Ghast":12,"stat.craftItem.minecraft.fence_gate":3,"stat.useItem.minecraft.sticky_piston":8,"stat.useItem.minecraft.log":60,"stat.mineBlock.minecraft.spruce_stairs":208,"stat.useItem.minecraft.tnt":9,"stat.useItem.minecraft.redstone_block":22,"stat.useItem.minecraft.diamond_shovel":1056,"stat.useItem.minecraft.snowball":12,"stat.craftItem.minecraft.furnace":8,"stat.craftItem.minecraft.torch":112,"stat.mineBlock.minecraft.log":1017,"stat.useItem.minecraft.obsidian":157,"achievement.diamondsToYou":1,"stat.useItem.minecraft.planks":60,"stat.talkedToVillager":82,"stat.craftItem.minecraft.diamond":72,"stat.fallOneCm":1761702,"stat.craftItem.minecraft.golden_chestplate":2,"stat.craftItem.minecraft.ender_eye":1,"stat.useItem.minecraft.coal_ore":38,"achievement.buildFurnace":89,"stat.useItem.minecraft.cooked_chicken":96,"stat.useItem.minecraft.boat":3,"stat.useItem.minecraft.torch":93,"stat.useItem.minecraft.bed":2,"stat.useItem.minecraft.water_bucket":95,"stat.useItem.minecraft.wheat_seeds":521,"stat.mineBlock.minecraft.hopper":35,"stat.mineBlock.minecraft.gold_ore":6,"stat.useItem.minecraft.skull":3,"stat.useItem.minecraft.stonebrick":72,"stat.craftItem.minecraft.redstone_block":21,"stat.mineBlock.minecraft.gold_block":1,"achievement.buildWorkBench":26,"stat.useItem.minecraft.stone":90,"stat.treasureFished":4,"stat.useItem.minecraft.furnace":8,"stat.craftItem.minecraft.stone_button":2,"stat.useItem.minecraft.trapped_chest":43,"stat.useItem.minecraft.ladder":30,"achievement.killCow":319,"stat.useItem.minecraft.redstone":58,"stat.useItem.minecraft.potion":10,"stat.mineBlock.minecraft.bookshelf":18,"stat.craftItem.minecraft.book":3,"stat.useItem.minecraft.cooked_mutton":3,"achievement.portal":1057,"stat.mineBlock.minecraft.diamond_ore":4,"stat.flyOneCm":32991923,"stat.useItem.minecraft.writable_book":7,"stat.mineBlock.minecraft.chest":75,"achievement.buildPickaxe":32,"stat.mineBlock.minecraft.torch":43,"stat.mineBlock.minecraft.iron_ore":6,"stat.mineBlock.minecraft.trapped_chest":14,"stat.damageTaken":731702,"stat.mineBlock.minecraft.diamond_block":8,"stat.useItem.minecraft.diamond_sword":1434,"stat.killEntity.Chicken":231,"stat.mineBlock.minecraft.cobblestone":2428,"stat.craftItem.minecraft.redstone_lamp":26,"stat.mineBlock.minecraft.carpet":228,"stat.useItem.minecraft.stained_hardened_clay":275,"stat.useItem.minecraft.dye":262,"stat.craftItem.minecraft.leather_boots":2,"stat.mineBlock.minecraft.wool":202,"stat.craftItem.minecraft.lever":1,"stat.entityKilledBy.Creeper":5,"stat.craftItem.minecraft.quartz_block":127,"stat.useItem.minecraft.lapis_ore":5,"stat.useItem.minecraft.ender_chest":1,"stat.useItem.minecraft.redstone_lamp":29,"stat.useItem.minecraft.flint_and_steel":57,"stat.climbOneCm":1322912,"achievement.potion":598,"stat.drop":1639,"achievement.theEnd":41,"stat.mineBlock.minecraft.anvil":1,"stat.useItem.minecraft.repeater":10,"stat.useItem.minecraft.bow":253,"achievement.killWither":4,"stat.useItem.minecraft.cooked_beef":163,"stat.mineBlock.minecraft.wooden_slab":90,"achievement.makeBread":60,"stat.useItem.minecraft.gold_block":1,"stat.mineBlock.minecraft.crafting_table":4,"stat.useItem.minecraft.stone_slab":208,"achievement.diamonds":200,"stat.mineBlock.minecraft.fence":79,"stat.useItem.minecraft.cooked_porkchop":2,"stat.useItem.minecraft.egg":34,"stat.killEntity.Creeper":206,"stat.craftItem.minecraft.iron_block":30,"stat.mineBlock.minecraft.planks":220,"stat.useItem.minecraft.crafting_table":3,"stat.craftItem.minecraft.stone_slab":252,"stat.mineBlock.minecraft.obsidian":175,"stat.useItem.minecraft.hopper":303,"stat.killEntity.Enderman":28921,"stat.craftItem.minecraft.diamond_boots":1,"stat.leaveGame":314,"stat.mineBlock.minecraft.stone_brick_stairs":2,"stat.craftItem.minecraft.iron_ingot":3286,"stat.useItem.minecraft.glass":3,"stat.killEntity.Villager":43,"achievement.buildBetterPickaxe":32,"stat.useItem.minecraft.ender_pearl":71,"stat.timeSinceDeath":233297,"stat.mineBlock.minecraft.leaves":18,"stat.killEntity.PigZombie":482,"stat.boatOneCm":42578,"stat.useItem.minecraft.golden_sword":6,"stat.useItem.minecraft.wool":398,"achievement.buildSword":21,"stat.craftItem.minecraft.hopper":256,"stat.craftItem.minecraft.bucket":1,"achievement.buildHoe":4,"stat.useItem.minecraft.glowstone":3,"stat.useItem.minecraft.comparator":6,"stat.mineBlock.minecraft.sticky_piston":2,"stat.mineBlock.minecraft.stone_button":2,"achievement.mineWood":4598,"stat.mineBlock.minecraft.red_flower":4,"stat.mineBlock.minecraft.stone_slab":119,"achievement.killEnemy":30501,"stat.craftItem.minecraft.dye":812,"stat.mineBlock.minecraft.snow_layer":6,"stat.killEntity.LavaSlime":45,"stat.craftItem.minecraft.diamond_pickaxe":10,"stat.craftItem.minecraft.fence":16,"stat.playOneMinute":11790692,"stat.useItem.minecraft.redstone_torch":11,"stat.craftItem.minecraft.gold_ingot":242,"stat.killEntity.Pig":11,"stat.useItem.minecraft.chicken":1,"stat.diveOneCm":279340,"stat.mineBlock.minecraft.dispenser":3,"stat.useItem.minecraft.lever":4,"stat.craftItem.minecraft.bow":9,"stat.useItem.minecraft.soul_sand":4,"stat.useItem.minecraft.rotten_flesh":15,"stat.killEntity.Spider":169,"stat.killEntity.Slime":15,"stat.mineBlock.minecraft.soul_sand":4,"achievement.ghast":2,"stat.animalsBred":507,"stat.useItem.minecraft.lead":3,"stat.craftItem.minecraft.stick":36,"stat.craftItem.minecraft.stained_hardened_clay":512,"stat.entityKilledBy.Skeleton":1,"stat.playerKills":6,"stat.killEntity.Silverfish":58,"stat.mineBlock.minecraft.coal_ore":198,"stat.useItem.minecraft.redstone_ore":4,"stat.useItem.minecraft.bread":3,"stat.mineBlock.minecraft.wooden_pressure_plate":1,"stat.entityKilledBy.Zombie":7,"stat.entityKilledBy.Enderman":1,"stat.craftItem.minecraft.redstone":522,"stat.mineBlock.minecraft.tallgrass":50,"stat.mineBlock.minecraft.ice":2533,"stat.useItem.minecraft.iron_sword":6,"achievement.breedCow":402,"stat.useItem.minecraft.written_book":9,"achievement.fullBeacon":4,"stat.mobKills":32777,"stat.mineBlock.minecraft.quartz_ore":278,"stat.mineBlock.minecraft.stone":1136,"stat.useItem.minecraft.bucket":97,"stat.craftItem.minecraft.diamond_shovel":1,"stat.killEntity.Zombie":1003,"stat.mineBlock.minecraft.dirt":874,"stat.minecartOneCm":3315758,"stat.useItem.minecraft.sign":9,"stat.useItem.minecraft.bookshelf":18,"stat.useItem.minecraft.wooden_sword":4,"stat.useItem.minecraft.pumpkin_pie":107,"stat.killEntity.Blaze":224,"stat.useItem.minecraft.banner":8,"stat.useItem.minecraft.carrot":55,"stat.swimOneCm":792342,"stat.fishCaught":92,"stat.useItem.minecraft.diamond_axe":1774,"stat.killEntity.Skeleton":772,"stat.horseOneCm":6690649,"stat.walkOneCm":101497821,"stat.mineBlock.minecraft.redstone_lamp":9,"achievement.blazeRod":22,"stat.mineBlock.minecraft.lapis_ore":13,"stat.useItem.minecraft.carpet":37,"stat.jump":131451,"stat.mineBlock.minecraft.glass_pane":1,"stat.mineBlock.minecraft.stained_hardened_clay":63,"stat.useItem.minecraft.porkchop":3,"stat.useItem.minecraft.beacon":1,"stat.killEntity.Witch":18,"stat.mineBlock.minecraft.ladder":36,"stat.mineBlock.minecraft.iron_block":121,"stat.deaths":32,"stat.mineBlock.minecraft.glowstone":34,"stat.useItem.minecraft.wooden_slab":2,"stat.mineBlock.minecraft.gravel":54,"stat.craftItem.minecraft.planks":2068,"stat.mineBlock.minecraft.redstone_ore":26,"stat.useItem.minecraft.wooden_axe":60,"stat.tradedWithVillager":166,"stat.useItem.minecraft.diamond_hoe":191,"stat.craftItem.minecraft.shears":1,"stat.craftItem.minecraft.wooden_sword":2,"stat.mineBlock.minecraft.ender_chest":1,"stat.craftItem.minecraft.diamond_helmet":2,"stat.killEntity.Squid":3,"stat.useItem.minecraft.mutton":1,"stat.useItem.minecraft.iron_pickaxe":86,"stat.useItem.minecraft.quartz_ore":64,"stat.craftItem.minecraft.tnt":9,"stat.sprintOneCm":5714633,"stat.useItem.minecraft.dirt":771,"stat.killEntity.CaveSpider":5,"stat.killEntity.MushroomCow":2}