{"stat.useItem.minecraft.anvil":3,"stat.mineBlock.minecraft.stonebrick":267,"stat.useItem.minecraft.chest":18,"stat.mineBlock.minecraft.furnace":5,"stat.useItem.minecraft.iron_bars":1,"stat.mineBlock.minecraft.netherrack":26,"stat.useItem.minecraft.stone_brick_stairs":24,"stat.killEntity.Sheep":13,"stat.mineBlock.minecraft.sand":6,"stat.useItem.minecraft.cobblestone":14,"stat.useItem.minecraft.netherrack":23,"stat.mineBlock.minecraft.glass":18,"stat.mineBlock.minecraft.sandstone":109,"stat.craftItem.minecraft.chest":9,"stat.useItem.minecraft.stained_glass":22,"stat.useItem.minecraft.minecart":9,"achievement.openInventory":18347,"stat.damageDealt":2081823,"stat.craftItem.minecraft.prismarine":1,"stat.mineBlock.minecraft.redstone_block":10,"stat.useItem.minecraft.iron_block":69,"stat.killEntity.Bat":4,"stat.killEntity.Cow":500,"stat.crouchOneCm":30452,"stat.useItem.minecraft.diamond_pickaxe":6062,"stat.killEntity.Ghast":47,"stat.mineBlock.minecraft.stained_glass":31,"stat.useItem.minecraft.sticky_piston":4,"achievement.exploreAllBiomes":{"value":0,"progress":["Extreme Hills M","Desert","Taiga","Deep Ocean","Extreme Hills","Mesa Plateau","Jungle","Extreme Hills Edge","Savanna Plateau","Sky","Extreme Hills+ M","DesertHills","Mesa","Savanna","Swampland","River","Extreme Hills+","Mesa Plateau F","Ocean","Plains","The End","Hell","ForestHills","Forest","Mesa (Bryce)","JungleHills","Beach","Roofed Forest"]},"stat.craftItem.minecraft.slime_ball":9,"stat.useItem.minecraft.redstone_block":10,"stat.useItem.minecraft.diamond_shovel":624,"stat.entityKilledBy.Guardian":1,"stat.craftItem.minecraft.torch":112,"stat.mineBlock.minecraft.log":5,"stat.useItem.minecraft.planks":109,"stat.fallOneCm":7262121,"stat.mineBlock.minecraft.diamond_ore":31,"stat.flyOneCm":55990191,"stat.useItem.minecraft.writable_book":1,"stat.mineBlock.minecraft.chest":15,"stat.craftItem.minecraft.sea_lantern":1,"achievement.buildPickaxe":116,"stat.mineBlock.minecraft.torch":17,"stat.useItem.minecraft.coal_ore":20,"achievement.buildFurnace":320,"stat.useItem.minecraft.prismarine":1343,"stat.damageTaken":1284444,"stat.useItem.minecraft.cooked_chicken":191,"stat.useItem.minecraft.torch":319,"stat.entityKilledBy.Witch":1,"stat.craftItem.minecraft.coal":1,"stat.useItem.minecraft.bed":3,"stat.useItem.minecraft.diamond_sword":354,"stat.mineBlock.minecraft.prismarine":3929,"stat.useItem.minecraft.sponge":305,"stat.mineBlock.minecraft.hopper":4,"stat.killEntity.Chicken":118,"stat.mineBlock.minecraft.cobblestone":7,"stat.craftItem.minecraft.ladder":108,"stat.useItem.minecraft.stonebrick":30,"stat.mineBlock.minecraft.gold_block":8,"achievement.buildWorkBench":106,"stat.useItem.minecraft.stone":355,"stat.useItem.minecraft.furnace":5,"stat.craftItem.minecraft.slime":481,"stat.mineBlock.minecraft.wool":3,"stat.craftItem.minecraft.lever":5,"stat.useItem.minecraft.ladder":164,"stat.entityKilledBy.Creeper":2,"stat.useItem.minecraft.ender_chest":13,"stat.useItem.minecraft.lapis_ore":15,"stat.useItem.minecraft.log2":51,"achievement.killCow":264,"stat.killEntity.EntityHorse":1,"stat.useItem.minecraft.flint_and_steel":11,"stat.climbOneCm":1140753,"stat.useItem.minecraft.potion":6,"stat.mineBlock.minecraft.pumpkin":16,"stat.mineBlock.minecraft.slime":54,"stat.drop":1852,"stat.mineBlock.minecraft.sea_lantern":70,"stat.craftItem.minecraft.sticky_piston":1,"stat.useItem.minecraft.bow":325,"stat.useItem.minecraft.cooked_beef":55,"achievement.makeBread":170,"stat.mineBlock.minecraft.crafting_table":8,"stat.useItem.minecraft.diamond_ore":31,"stat.useItem.minecraft.glass_bottle":5,"stat.useItem.minecraft.stone_slab":1,"stat.useItem.minecraft.egg":4,"stat.killEntity.Creeper":224,"stat.craftItem.minecraft.stonebrick":235,"stat.mineBlock.minecraft.planks":109,"stat.useItem.minecraft.crafting_table":8,"stat.craftItem.minecraft.stone_slab":264,"stat.useItem.minecraft.hopper":4,"stat.killEntity.Enderman":93253,"stat.craftItem.minecraft.diamond_boots":2,"stat.leaveGame":716,"stat.craftItem.minecraft.iron_ingot":36,"stat.killEntity.Villager":4,"achievement.buildBetterPickaxe":116,"stat.useItem.minecraft.ender_pearl":357,"stat.craftItem.minecraft.stone_stairs":4,"stat.killEntity.Endermite":4,"stat.timeSinceDeath":5695,"stat.useItem.minecraft.iron_trapdoor":1,"stat.mineBlock.minecraft.leaves":5,"stat.mineBlock.minecraft.leaves2":12,"stat.useItem.minecraft.gravel":21,"stat.killEntity.PigZombie":10,"stat.boatOneCm":1050130,"stat.useItem.minecraft.wool":14,"achievement.buildSword":178,"stat.entityKilledBy.PigZombie":2,"achievement.buildHoe":7,"stat.craftItem.minecraft.iron_trapdoor":1,"stat.mineBlock.minecraft.sticky_piston":4,"achievement.mineWood":4840,"stat.mineBlock.minecraft.stone_slab":5,"stat.useItem.minecraft.sand":5,"achievement.killEnemy":99813,"stat.craftItem.minecraft.dye":9,"stat.killEntity.LavaSlime":118,"stat.craftItem.minecraft.diamond_pickaxe":2,"stat.playOneMinute":31913662,"stat.diveOneCm":8481011,"stat.useItem.minecraft.lever":6,"stat.craftItem.minecraft.bow":1,"stat.killEntity.Spider":184,"stat.mineBlock.minecraft.sponge":319,"stat.killEntity.Slime":633,"stat.animalsBred":484,"stat.craftItem.minecraft.stick":288,"stat.entityKilledBy.Skeleton":1,"stat.playerKills":3,"stat.killEntity.Silverfish":256,"stat.mineBlock.minecraft.coal_ore":47,"stat.mineBlock.minecraft.log2":152,"stat.entityKilledBy.Zombie":5,"stat.entityKilledBy.Enderman":1,"stat.mineBlock.minecraft.tallgrass":5,"achievement.breedCow":484,"stat.useItem.minecraft.written_book":2,"stat.craftItem.minecraft.sponge":7,"stat.mobKills":100688,"stat.mineBlock.minecraft.quartz_ore":36,"stat.mineBlock.minecraft.stone":1311,"stat.craftItem.minecraft.diamond_shovel":2,"stat.killEntity.Zombie":747,"stat.useItem.minecraft.sign":1,"stat.mineBlock.minecraft.dirt":689,"stat.minecartOneCm":16467888,"stat.killEntity.Blaze":26,"stat.useItem.minecraft.piston":12,"stat.useItem.minecraft.banner":4,"stat.killEntity.Guardian":109,"stat.craftItem.minecraft.anvil":2,"stat.swimOneCm":3308107,"stat.useItem.minecraft.diamond_axe":373,"stat.killEntity.Skeleton":4169,"stat.horseOneCm":3466033,"stat.useItem.minecraft.slime":71,"stat.walkOneCm":191787527,"stat.craftItem.minecraft.stone_brick_stairs":48,"stat.mineBlock.minecraft.lapis_ore":15,"achievement.snipeSkeleton":1,"stat.jump":216386,"stat.mineBlock.minecraft.stained_hardened_clay":67,"stat.craftItem.minecraft.stone":444,"stat.useItem.minecraft.beacon":1,"stat.killEntity.Witch":20,"stat.mineBlock.minecraft.piston":8,"stat.mineBlock.minecraft.ladder":62,"stat.craftItem.minecraft.lapis_block":19,"stat.mineBlock.minecraft.iron_block":10,"stat.deaths":38,"stat.mineBlock.minecraft.gravel":12,"stat.mineBlock.minecraft.lever":3,"stat.useItem.minecraft.stone_stairs":4,"stat.craftItem.minecraft.planks":256,"stat.mineBlock.minecraft.ender_chest":13,"stat.craftItem.minecraft.diamond_helmet":1,"stat.killEntity.Squid":80,"stat.useItem.minecraft.quartz_ore":5,"stat.useItem.minecraft.sea_lantern":18,"stat.sprintOneCm":2386703,"stat.useItem.minecraft.dirt":146,"stat.killEntity.CaveSpider":3}