{"stat.useItem.139":60,"stat.useItem.66":10,"stat.craftItem.364":7,"stat.useItem.174":46,"stat.craftItem.112":148,"stat.useItem.279":537,"stat.mineBlock.123":7,"stat.useItem.172":497,"stat.craftItem.258":1,"stat.mineBlock.111":3,"stat.useItem.72":5,"stat.mineBlock.24":2,"stat.craftItem.72":3,"stat.craftItem.307":1,"stat.mineBlock.116":1,"stat.damageDealt":65318,"stat.useItem.50":168,"stat.craftItem.116":1,"stat.killEntity.Bat":1,"stat.mineBlock.88":44,"stat.useItem.130":6,"stat.useItem.173":6,"achievement.exploreAllBiomes":{"value":0,"progress":["Extreme Hills+","Extreme Hills"]},"stat.useItem.324":6,"stat.mineBlock.152":6,"stat.craftItem.89":1,"stat.mineBlock.54":9,"stat.mineBlock.109":61,"stat.mineBlock.76":1,"stat.mineBlock.130":4,"stat.useItem.146":22,"stat.useItem.3":582,"stat.mineBlock.37":8,"stat.craftItem.109":104,"stat.craftItem.113":30,"stat.useItem.126":827,"stat.craftItem.42":39,"stat.useItem.89":3,"achievement.openInventory":737,"stat.mineBlock.31":83,"stat.mineBlock.35":4,"stat.useItem.323":39,"stat.mineBlock.173":1,"stat.useItem.338":26,"stat.useItem.351":103,"stat.mineBlock.139":35,"stat.breakItem.346":1,"stat.mineBlock.1":2656,"stat.craftItem.278":1,"stat.useItem.23":5,"stat.craftItem.355":1,"stat.useItem.5":333,"stat.fallOneCm":171415,"stat.flyOneCm":1757092,"stat.junkFished":5,"achievement.buildPickaxe":1,"stat.mineBlock.101":2,"stat.breakItem.309":1,"achievement.buildFurnace":16,"stat.craftItem.135":72,"stat.mineBlock.61":11,"stat.damageTaken":17313,"stat.useItem.88":83,"stat.useItem.47":7,"stat.useItem.4":44,"stat.useItem.355":4,"stat.craftItem.323":15,"stat.mineBlock.154":5,"stat.mineBlock.161":20,"stat.mineBlock.162":36,"stat.mineBlock.38":19,"stat.useItem.135":54,"stat.useItem.111":2,"stat.useItem.16":1,"stat.craftItem.308":1,"achievement.buildWorkBench":6,"stat.treasureFished":3,"stat.useItem.95":210,"stat.useItem.38":26,"stat.mineBlock.22":4,"stat.mineBlock.126":390,"stat.craftItem.5":1644,"stat.craftItem.58":4,"stat.craftItem.277":1,"stat.craftItem.256":1,"stat.mineBlock.89":3,"stat.mineBlock.23":3,"stat.useItem.152":6,"stat.mineBlock.172":32,"stat.useItem.69":2,"stat.climbOneCm":57451,"stat.craftItem.98":244,"stat.drop":257,"stat.useItem.18":24,"stat.mineBlock.95":18,"stat.mineBlock.29":2,"stat.craftItem.324":4,"stat.mineBlock.113":1,"stat.useItem.175":5,"stat.craftItem.69":1,"stat.useItem.356":5,"stat.useItem.154":12,"stat.mineBlock.66":2,"stat.mineBlock.135":9,"stat.mineBlock.12":506,"stat.useItem.328":6,"stat.killEntity.Creeper":9,"stat.mineBlock.70":1,"stat.mineBlock.58":13,"stat.craftItem.356":7,"stat.craftItem.70":3,"stat.useItem.278":3062,"stat.killEntity.Enderman":5927,"stat.leaveGame":59,"stat.useItem.6":4,"stat.useItem.131":4,"stat.useItem.258":112,"achievement.buildBetterPickaxe":1,"stat.useItem.61":16,"stat.useItem.85":159,"stat.craftItem.126":720,"achievement.buildSword":1,"stat.mineBlock.18":2,"stat.useItem.29":2,"achievement.mineWood":73,"stat.mineBlock.17":36,"stat.useItem.159":95,"stat.useItem.17":106,"achievement.killEnemy":5956,"stat.mineBlock.20":5,"stat.mineBlock.87":4,"stat.craftItem.85":134,"stat.killEntity.LavaSlime":1,"stat.mineBlock.79":3,"stat.craftItem.20":304,"stat.mineBlock.13":76,"stat.playOneMinute":2452302,"stat.craftItem.306":3,"stat.useItem.123":45,"stat.useItem.37":1,"stat.useItem.70":3,"stat.useItem.76":39,"stat.diveOneCm":24849,"stat.craftItem.390":22,"stat.useItem.330":2,"stat.useItem.287":9,"stat.useItem.54":33,"stat.craftItem.351":195,"stat.killEntity.Spider":3,"stat.useItem.109":142,"stat.craftItem.159":48,"stat.craftItem.22":6,"stat.useItem.277":851,"stat.useItem.116":2,"stat.craftItem.1":64,"stat.useItem.79":3,"stat.mineBlock.47":1,"stat.craftItem.23":3,"stat.useItem.22":4,"stat.craftItem.35":5,"stat.craftItem.261":3,"stat.craftItem.280":724,"stat.craftItem.154":10,"stat.craftItem.95":336,"stat.useItem.35":5,"stat.craftItem.152":3,"stat.craftItem.325":2,"stat.mineBlock.174":2,"stat.craftItem.265":657,"stat.entityKilledBy.Enderman":1,"stat.craftItem.346":20,"stat.mineBlock.16":83,"stat.craftItem.359":2,"stat.useItem.256":205,"stat.craftItem.44":168,"stat.useItem.113":17,"stat.mobKills":6001,"stat.useItem.98":51,"stat.mineBlock.159":19,"stat.killEntity.Zombie":25,"stat.mineBlock.106":5,"stat.minecartOneCm":301125,"stat.craftItem.330":2,"stat.useItem.276":46,"stat.mineBlock.146":4,"stat.killEntity.Blaze":1,"stat.mineBlock.4":36,"stat.craftItem.173":5,"stat.mineBlock.145":1,"stat.craftItem.76":89,"stat.mineBlock.5":91,"stat.mineBlock.44":21,"stat.breakItem.256":1,"stat.useItem.101":38,"stat.craftItem.131":50,"stat.useItem.58":15,"stat.swimOneCm":20518,"stat.fishCaught":51,"stat.craftItem.268":1,"stat.killEntity.Skeleton":32,"stat.useItem.390":8,"stat.horseOneCm":813,"stat.walkOneCm":7729439,"stat.useItem.145":1,"stat.useItem.44":140,"stat.jump":8396,"stat.useItem.13":2,"stat.killEntity.Witch":1,"stat.useItem.12":4,"stat.craftItem.61":10,"stat.craftItem.123":43,"stat.craftItem.171":3,"stat.deaths":2,"stat.mineBlock.3":657,"stat.mineBlock.98":21,"stat.useItem.389":9,"stat.useItem.171":1,"stat.craftItem.389":16,"stat.craftItem.54":73,"stat.breakItem.278":1,"stat.useItem.1":276,"stat.mineBlock.50":89,"stat.craftItem.146":32,"stat.useItem.20":102,"stat.useItem.331":7,"stat.craftItem.309":5,"stat.mineBlock.85":60,"stat.craftItem.331":626,"stat.mineBlock.175":1}