{"stat.mineBlock.minecraft.stonebrick":1575,"stat.mineBlock.minecraft.sandstone_stairs":10,"stat.mineBlock.minecraft.netherrack":3328,"stat.craftItem.minecraft.carpet":33,"stat.useItem.minecraft.stone_button":2,"stat.useItem.minecraft.leaves":577,"stat.useItem.minecraft.netherrack":827,"stat.mineBlock.minecraft.glass":64,"stat.craftItem.minecraft.wooden_hoe":1,"achievement.acquireIron":2,"stat.useItem.minecraft.minecart":27,"stat.craftItem.minecraft.spruce_door":3,"stat.damageDealt":1993745,"stat.craftItem.minecraft.ender_chest":2,"stat.useItem.minecraft.fence":1162,"stat.useItem.minecraft.item_frame":91,"stat.useItem.minecraft.brick_block":23,"stat.useItem.minecraft.iron_block":1218,"stat.craftItem.minecraft.minecart":6,"stat.crouchOneCm":3682946,"achievement.theEnd2":85,"stat.useItem.minecraft.shears":2156,"stat.useItem.minecraft.potato":80,"achievement.exploreAllBiomes":{"value":0,"progress":["Extreme Hills M","Desert","Extreme Hills+","Deep Ocean","Taiga","Ocean","Extreme Hills","TaigaHills","Plains","Jungle","The End","Extreme Hills Edge","Hell","Sky","ForestHills","Extreme Hills+ M","Forest","DesertHills","Beach","Roofed Forest","Savanna","Swampland","River","Stone Beach"]},"stat.mineBlock.minecraft.double_plant":49,"stat.craftItem.minecraft.flint_and_steel":2,"stat.useItem.minecraft.spruce_door":5,"stat.mineBlock.minecraft.yellow_flower":21,"achievement.cookFish":6,"stat.craftItem.minecraft.repeater":1,"stat.useItem.minecraft.glass_pane":1358,"stat.useItem.minecraft.anvil":13,"stat.useItem.minecraft.chest":84,"achievement.spawnWither":4,"stat.craftItem.minecraft.bed":2,"stat.useItem.minecraft.stone_brick_stairs":780,"stat.killEntity.Sheep":155,"stat.mineBlock.minecraft.sand":8176,"stat.useItem.minecraft.cobblestone":608,"stat.craftItem.minecraft.iron_sword":3,"stat.craftItem.minecraft.cooked_chicken":120,"stat.mineBlock.minecraft.sandstone":783,"stat.useItem.minecraft.heavy_weighted_pressure_plate":4,"stat.mineBlock.minecraft.birch_fence_gate":1,"stat.mineBlock.minecraft.waterlily":48,"stat.craftItem.minecraft.chest":85,"stat.useItem.minecraft.quartz_block":1,"stat.mineBlock.minecraft.redstone_torch":8,"stat.useItem.minecraft.wooden_door":36,"stat.craftItem.minecraft.item_frame":60,"stat.useItem.minecraft.stained_glass":3573,"achievement.openInventory":10182,"stat.useItem.minecraft.dark_oak_stairs":190,"stat.useItem.minecraft.spruce_fence":95,"stat.killEntity.Cow":332,"stat.useItem.minecraft.diamond_pickaxe":18815,"stat.useItem.minecraft.stained_glass_pane":45,"stat.killEntity.Ghast":22,"stat.craftItem.minecraft.birch_fence_gate":2,"stat.mineBlock.minecraft.stained_glass":181,"stat.useItem.minecraft.log":205,"stat.mineBlock.minecraft.noteblock":11,"stat.mineBlock.minecraft.spruce_stairs":66,"stat.useItem.minecraft.redstone_block":2,"stat.craftItem.minecraft.iron_door":21,"stat.useItem.minecraft.diamond_shovel":19333,"stat.craftItem.minecraft.furnace":4,"stat.craftItem.minecraft.torch":1512,"achievement.bookcase":10,"stat.mineBlock.minecraft.log":1235,"stat.useItem.minecraft.obsidian":78,"achievement.diamondsToYou":1,"stat.useItem.minecraft.hay_block":101,"stat.craftItem.minecraft.leather_helmet":2,"stat.useItem.minecraft.planks":433,"stat.talkedToVillager":10,"stat.craftItem.minecraft.ender_eye":2,"achievement.overkill":235,"stat.useItem.minecraft.cooked_chicken":362,"stat.useItem.minecraft.torch":1727,"stat.useItem.minecraft.bed":10,"stat.craftItem.minecraft.iron_bars":144,"stat.mineBlock.minecraft.gold_ore":29,"stat.mineBlock.minecraft.quartz_stairs":26,"stat.craftItem.minecraft.cauldron":4,"achievement.buildWorkBench":63,"stat.useItem.minecraft.stone":2368,"stat.treasureFished":184,"stat.mineBlock.minecraft.lapis_block":2,"stat.craftItem.minecraft.diamond_sword":2,"stat.craftItem.minecraft.stone_button":2,"stat.craftItem.minecraft.sandstone_stairs":172,"stat.craftItem.minecraft.iron_leggings":1,"stat.useItem.minecraft.ladder":89,"achievement.killCow":254,"stat.useItem.minecraft.redstone":50,"stat.craftItem.minecraft.writable_book":36,"stat.mineBlock.minecraft.bookshelf":1,"stat.craftItem.minecraft.book":73,"stat.mineBlock.minecraft.slime":4,"stat.mineBlock.minecraft.diamond_ore":46,"stat.useItem.minecraft.red_flower":36,"stat.mineBlock.minecraft.torch":293,"stat.craftItem.minecraft.cooked_beef":56,"stat.craftItem.minecraft.birch_stairs":120,"stat.mineBlock.minecraft.tripwire_hook":3,"stat.useItem.minecraft.diamond_sword":1818,"stat.craftItem.minecraft.wooden_pressure_plate":1,"stat.useItem.minecraft.oak_stairs":119,"stat.craftItem.minecraft.ladder":78,"stat.mineBlock.minecraft.carpet":9,"stat.mineBlock.minecraft.wool":1710,"stat.useItem.minecraft.flower_pot":52,"stat.craftItem.minecraft.lever":14,"stat.useItem.minecraft.rail":384,"stat.craftItem.minecraft.quartz_block":302,"stat.useItem.minecraft.redstone_lamp":37,"stat.climbOneCm":1114461,"achievement.potion":1,"stat.useItem.minecraft.sapling":402,"stat.drop":2029,"achievement.theEnd":30,"stat.fallOneCm":3131689,"stat.junkFished":185,"stat.craftItem.minecraft.sandstone":1098,"stat.mineBlock.minecraft.nether_brick":121,"achievement.buildFurnace":55,"stat.craftItem.minecraft.coal":1182,"stat.craftItem.minecraft.cooked_mutton":152,"stat.useItem.minecraft.dispenser":3,"stat.useItem.minecraft.water_bucket":202,"stat.useItem.minecraft.wheat_seeds":345,"stat.mineBlock.minecraft.hopper":58,"stat.useItem.minecraft.yellow_flower":1,"achievement.enchantments":1,"stat.mineBlock.minecraft.rail":43,"stat.useItem.minecraft.stonebrick":11730,"stat.mineBlock.minecraft.gold_block":1,"stat.useItem.minecraft.furnace":4,"stat.useItem.minecraft.birch_door":1,"stat.useItem.minecraft.trapped_chest":1,"stat.useItem.minecraft.double_plant":44,"stat.craftItem.minecraft.lead":6,"stat.mineBlock.minecraft.pumpkin":14,"stat.useItem.minecraft.cooked_mutton":238,"stat.useItem.minecraft.quartz_stairs":222,"achievement.portal":935,"stat.useItem.minecraft.melon":1,"stat.flyOneCm":25612549,"stat.useItem.minecraft.writable_book":33,"stat.mineBlock.minecraft.chest":62,"achievement.buildPickaxe":23,"stat.mineBlock.minecraft.birch_fence":8,"stat.mineBlock.minecraft.iron_ore":30,"stat.mineBlock.minecraft.trapped_chest":1,"stat.craftItem.minecraft.glowstone":1,"stat.useItem.minecraft.prismarine":1589,"stat.damageTaken":607050,"stat.mineBlock.minecraft.prismarine":291,"stat.useItem.minecraft.wooden_pressure_plate":1,"stat.craftItem.minecraft.tripwire_hook":8,"stat.killEntity.Chicken":668,"stat.useItem.minecraft.dropper":8,"stat.mineBlock.minecraft.cobblestone":614,"stat.craftItem.minecraft.redstone_lamp":35,"stat.useItem.minecraft.stained_hardened_clay":343,"stat.useItem.minecraft.dye":1176,"stat.craftItem.minecraft.leather_boots":2,"stat.mineBlock.minecraft.spruce_fence":1,"stat.entityKilledBy.Creeper":1,"stat.useItem.minecraft.ender_chest":9,"stat.useItem.minecraft.log2":3,"stat.useItem.minecraft.flint_and_steel":3,"stat.killEntity.EntityHorse":40,"stat.breakItem.minecraft.diamond_shovel":1,"stat.useItem.minecraft.repeater":5,"stat.useItem.minecraft.stone_pressure_plate":1,"achievement.killWither":4,"stat.useItem.minecraft.spruce_stairs":236,"stat.craftItem.minecraft.iron_axe":1,"stat.mineBlock.minecraft.wooden_slab":305,"achievement.makeBread":112,"stat.useItem.minecraft.diamond_ore":29,"stat.mineBlock.minecraft.birch_stairs":3,"stat.useItem.minecraft.stone_slab":3515,"stat.mineBlock.minecraft.fence":829,"stat.craftItem.minecraft.leather_chestplate":9,"stat.killEntity.Creeper":285,"stat.craftItem.minecraft.iron_block":39,"stat.mineBlock.minecraft.planks":453,"stat.useItem.minecraft.lapis_block":58,"stat.craftItem.minecraft.stone_slab":3768,"stat.useItem.minecraft.hopper":46,"stat.leaveGame":505,"stat.craftItem.minecraft.iron_ingot":1177,"stat.breakItem.minecraft.fishing_rod":11,"stat.useItem.minecraft.leaves2":80,"stat.killEntity.Endermite":1,"stat.useItem.minecraft.iron_trapdoor":6,"stat.mineBlock.minecraft.leaves":1035,"stat.useItem.minecraft.painting":63,"stat.useItem.minecraft.tripwire_hook":13,"achievement.buildSword":88,"stat.craftItem.minecraft.hopper":44,"stat.craftItem.minecraft.wooden_door":33,"stat.craftItem.minecraft.iron_trapdoor":13,"stat.craftItem.minecraft.birch_fence":117,"achievement.mineWood":14634,"stat.mineBlock.minecraft.red_flower":20,"stat.mineBlock.minecraft.stone_slab":141,"stat.useItem.minecraft.snow":27,"stat.craftItem.minecraft.dye":2050,"stat.mineBlock.minecraft.dropper":4,"achievement.bakeCake":16,"stat.craftItem.minecraft.diamond_pickaxe":3,"stat.diveOneCm":1312170,"stat.useItem.minecraft.lever":88,"stat.craftItem.minecraft.bow":5,"stat.useItem.minecraft.soul_sand":20,"stat.killEntity.Slime":535,"stat.useItem.minecraft.birch_fence_gate":3,"stat.useItem.minecraft.waterlily":25,"stat.useItem.minecraft.nether_brick":24,"stat.useItem.minecraft.bow":371,"stat.useItem.minecraft.cooked_beef":56,"stat.useItem.minecraft.gold_block":1,"stat.mineBlock.minecraft.crafting_table":7,"stat.useItem.minecraft.glass_bottle":3,"achievement.diamonds":284,"stat.useItem.minecraft.egg":5024,"stat.craftItem.minecraft.stonebrick":14000,"stat.useItem.minecraft.crafting_table":4,"stat.breakItem.minecraft.shears":21,"stat.craftItem.minecraft.bookshelf":3,"stat.useItem.minecraft.wooden_hoe":18,"stat.craftItem.minecraft.dark_oak_stairs":132,"stat.mineBlock.minecraft.obsidian":157,"stat.killEntity.Enderman":42589,"stat.mineBlock.minecraft.coal_block":11,"stat.mineBlock.minecraft.stone_brick_stairs":99,"stat.craftItem.minecraft.painting":16,"stat.useItem.minecraft.glass":454,"stat.mineBlock.minecraft.dark_oak_fence":8,"achievement.buildBetterPickaxe":23,"stat.useItem.minecraft.ender_pearl":164,"stat.mineBlock.minecraft.sapling":24,"stat.timeSinceDeath":4433,"stat.mineBlock.minecraft.leaves2":12,"stat.useItem.minecraft.gravel":114,"stat.killEntity.PigZombie":2,"stat.mineBlock.minecraft.quartz_block":1,"stat.craftItem.minecraft.wheat":72,"stat.useItem.minecraft.wool":9603,"stat.craftItem.minecraft.bucket":1,"stat.entityKilledBy.PigZombie":2,"achievement.buildHoe":5,"stat.craftItem.minecraft.lit_pumpkin":106,"stat.useItem.minecraft.glowstone":58,"stat.craftItem.minecraft.iron_shovel":1,"stat.useItem.minecraft.reeds":28,"stat.craftItem.minecraft.banner":238,"stat.useItem.minecraft.sand":2562,"achievement.killEnemy":47608,"stat.craftItem.minecraft.rail":496,"stat.mineBlock.minecraft.snow_layer":1,"stat.killEntity.LavaSlime":108,"stat.craftItem.minecraft.fence":390,"stat.playOneMinute":33129035,"stat.useItem.minecraft.redstone_torch":12,"stat.killEntity.Pig":9,"stat.useItem.minecraft.birch_fence":114,"stat.mineBlock.minecraft.dispenser":3,"stat.useItem.minecraft.gold_ore":1,"stat.killEntity.Spider":251,"achievement.ghast":2,"stat.craftItem.minecraft.glass":4380,"stat.craftItem.minecraft.spruce_stairs":108,"stat.animalsBred":1601,"stat.useItem.minecraft.lead":1,"stat.craftItem.minecraft.stick":2400,"stat.entityKilledBy.Skeleton":1,"stat.useItem.minecraft.pumpkin":96,"stat.craftItem.minecraft.wooden_slab":2436,"stat.craftItem.minecraft.baked_potato":196,"stat.playerKills":1,"stat.useItem.minecraft.sandstone":2298,"stat.useItem.minecraft.dark_oak_fence":535,"stat.killEntity.Silverfish":59,"stat.entityKilledBy.Zombie":1,"stat.useItem.minecraft.written_book":25,"stat.killEntity.Ozelot":13,"stat.mineBlock.minecraft.quartz_ore":1090,"stat.mineBlock.minecraft.stone":8675,"stat.mineBlock.minecraft.cobblestone_wall":144,"stat.minecartOneCm":12302961,"stat.mineBlock.minecraft.dirt":11800,"stat.useItem.minecraft.birch_stairs":42,"stat.mineBlock.minecraft.fence_gate":6,"stat.useItem.minecraft.armor_stand":7,"stat.killEntity.Blaze":422,"stat.useItem.minecraft.piston":24,"stat.useItem.minecraft.tallgrass":61,"stat.craftItem.minecraft.redstone_torch":6,"stat.mineBlock.minecraft.dark_oak_stairs":72,"stat.craftItem.minecraft.anvil":6,"stat.craftItem.minecraft.leather_leggings":3,"stat.useItem.minecraft.dark_oak_door":6,"stat.useItem.minecraft.diamond_axe":3731,"stat.mineBlock.minecraft.redstone_lamp":1,"achievement.blazeRod":10,"stat.craftItem.minecraft.dark_oak_fence":540,"stat.useItem.minecraft.carpet":99,"stat.mineBlock.minecraft.glass_pane":35,"stat.mineBlock.minecraft.hay_block":102,"stat.mineBlock.minecraft.ladder":8,"stat.mineBlock.minecraft.iron_block":530,"stat.useItem.minecraft.cobblestone_wall":1,"stat.craftItem.minecraft.sign":94,"stat.useItem.minecraft.vine":6,"stat.mineBlock.minecraft.gravel":175,"stat.craftItem.minecraft.blaze_powder":2,"stat.useItem.minecraft.baked_potato":195,"stat.mineBlock.minecraft.lever":14,"stat.mineBlock.minecraft.redstone_ore":12,"stat.useItem.minecraft.cauldron":4,"stat.mineBlock.minecraft.ender_chest":8,"stat.killEntity.Squid":165,"stat.useItem.minecraft.quartz_ore":545,"stat.useItem.minecraft.sea_lantern":15,"stat.killEntity.CaveSpider":1,"stat.craftItem.minecraft.quartz_stairs":200,"stat.useItem.minecraft.fishing_rod":18296,"stat.mineBlock.minecraft.coal_ore":93,"stat.useItem.minecraft.iron_door":14,"stat.mineBlock.minecraft.log2":373,"stat.craftItem.minecraft.diamond_axe":1,"stat.craftItem.minecraft.redstone":18,"stat.mineBlock.minecraft.tallgrass":403,"stat.craftItem.minecraft.spruce_fence":111,"achievement.breedCow":242,"stat.useItem.minecraft.coal_block":46,"achievement.fullBeacon":4,"stat.craftItem.minecraft.crafting_table":2,"stat.mobKills":51377,"stat.craftItem.minecraft.snow_layer":18,"stat.craftItem.minecraft.diamond_shovel":7,"stat.useItem.minecraft.bucket":201,"stat.craftItem.minecraft.armor_stand":7,"stat.useItem.minecraft.string":16,"stat.killEntity.Zombie":1199,"stat.useItem.minecraft.sign":94,"stat.useItem.minecraft.bookshelf":3,"stat.craftItem.minecraft.glass_pane":1216,"stat.useItem.minecraft.banner":114,"stat.craftItem.minecraft.birch_door":30,"stat.useItem.minecraft.trapdoor":7,"stat.craftItem.minecraft.dark_oak_door":18,"stat.swimOneCm":1349700,"stat.fishCaught":2875,"stat.useItem.minecraft.sandstone_stairs":180,"stat.killEntity.Skeleton":4451,"stat.horseOneCm":8010429,"stat.walkOneCm":192093490,"stat.mineBlock.minecraft.oak_stairs":51,"stat.craftItem.minecraft.stone_brick_stairs":800,"stat.jump":148398,"stat.mineBlock.minecraft.stained_hardened_clay":317,"stat.craftItem.minecraft.stone":1468,"stat.killEntity.Witch":19,"stat.mineBlock.minecraft.piston":24,"stat.mineBlock.minecraft.snow":3,"stat.mineBlock.minecraft.brick_block":24,"stat.deaths":18,"stat.mineBlock.minecraft.glowstone":164,"stat.useItem.minecraft.wooden_slab":2338,"stat.mineBlock.minecraft.stained_glass_pane":12,"stat.craftItem.minecraft.planks":5606,"stat.craftItem.minecraft.trapdoor":6,"stat.craftItem.minecraft.shears":28,"stat.craftItem.minecraft.stained_glass":3328,"stat.craftItem.minecraft.diamond_helmet":1,"stat.sprintOneCm":19840075,"stat.useItem.minecraft.dirt":10842}