{"stat.mineBlock.minecraft.stonebrick":763,"stat.mineBlock.minecraft.sandstone_stairs":3,"stat.mineBlock.minecraft.netherrack":3987,"stat.useItem.minecraft.stone_button":13,"stat.useItem.minecraft.leaves":546,"stat.craftItem.minecraft.stone_pressure_plate":2,"stat.useItem.minecraft.netherrack":98,"stat.mineBlock.minecraft.glass":8,"stat.useItem.minecraft.minecart":6,"stat.damageDealt":702516,"stat.useItem.minecraft.fence":10,"stat.useItem.minecraft.item_frame":1,"stat.useItem.minecraft.iron_block":856,"stat.craftItem.minecraft.minecart":2,"stat.killEntity.Bat":4,"stat.crouchOneCm":273331,"stat.useItem.minecraft.shears":1037,"achievement.exploreAllBiomes":{"value":0,"progress":["Extreme Hills+","Desert","Taiga","Ocean","Extreme Hills","Plains","Jungle","The End","Savanna Plateau","Extreme Hills Edge","Hell","Sky","Extreme Hills+ M","ForestHills","Forest","JungleHills","DesertHills","Beach","Roofed Forest","Savanna","Stone Beach","Swampland","River"]},"stat.craftItem.minecraft.diamond_chestplate":1,"stat.mineBlock.minecraft.yellow_flower":3,"stat.useItem.minecraft.melon_block":61,"stat.craftItem.minecraft.wool":8,"stat.mineBlock.minecraft.golden_rail":2,"stat.craftItem.minecraft.repeater":53,"stat.useItem.minecraft.chest":1,"stat.craftItem.minecraft.golden_rail":384,"stat.useItem.minecraft.iron_bars":3,"stat.craftItem.minecraft.bed":1,"stat.killEntity.Sheep":1,"stat.mineBlock.minecraft.sand":2542,"stat.useItem.minecraft.cobblestone":217,"stat.mineBlock.minecraft.sandstone":6,"stat.craftItem.minecraft.chest":1,"stat.mineBlock.minecraft.redstone_torch":26,"achievement.openInventory":15018,"stat.mineBlock.minecraft.redstone_block":1,"stat.craftItem.minecraft.daylight_detector":2,"stat.mineBlock.minecraft.web":45,"stat.useItem.minecraft.diamond_pickaxe":11407,"stat.useItem.minecraft.packed_ice":3,"stat.killEntity.Ghast":2,"stat.useItem.minecraft.sticky_piston":148,"stat.mineBlock.minecraft.stained_glass":1,"stat.useItem.minecraft.log":974,"stat.mineBlock.minecraft.noteblock":36,"stat.mineBlock.minecraft.spruce_stairs":32,"stat.craftItem.minecraft.diamond_block":2,"stat.useItem.minecraft.redstone_block":2,"stat.useItem.minecraft.diamond_shovel":4252,"stat.craftItem.minecraft.torch":440,"stat.mineBlock.minecraft.log":1922,"stat.useItem.minecraft.obsidian":11,"stat.useItem.minecraft.planks":332,"stat.fallOneCm":6082614,"stat.junkFished":1,"stat.useItem.minecraft.coal_ore":190,"achievement.buildFurnace":66,"stat.useItem.minecraft.cooked_chicken":388,"stat.useItem.minecraft.torch":389,"stat.useItem.minecraft.bed":3,"stat.useItem.minecraft.dispenser":15,"stat.mineBlock.minecraft.hopper":116,"stat.mineBlock.minecraft.gold_ore":35,"stat.mineBlock.minecraft.rail":7,"stat.useItem.minecraft.stonebrick":1762,"stat.craftItem.minecraft.redstone_block":65,"achievement.buildWorkBench":86,"stat.useItem.minecraft.stone":283,"stat.treasureFished":2,"stat.mineBlock.minecraft.lapis_block":2,"stat.useItem.minecraft.melon_seeds":4,"stat.useItem.minecraft.furnace":1,"stat.craftItem.minecraft.slime":28,"stat.breakItem.minecraft.diamond_chestplate":1,"stat.craftItem.minecraft.stone_button":13,"stat.craftItem.minecraft.gold_block":2,"stat.craftItem.minecraft.diamond_leggings":1,"achievement.killCow":12,"stat.useItem.minecraft.redstone":280,"stat.mineBlock.minecraft.stone_stairs":18,"stat.mineBlock.minecraft.bookshelf":4,"stat.mineBlock.minecraft.pumpkin":2,"stat.mineBlock.minecraft.slime":13,"stat.breakItem.minecraft.diamond_leggings":1,"stat.useItem.minecraft.noteblock":6,"stat.useItem.minecraft.melon":10,"stat.mineBlock.minecraft.vine":61,"stat.mineBlock.minecraft.diamond_ore":12,"stat.flyOneCm":39021481,"stat.useItem.minecraft.writable_book":3,"achievement.buildPickaxe":24,"stat.mineBlock.minecraft.packed_ice":3,"stat.mineBlock.minecraft.torch":24,"stat.mineBlock.minecraft.iron_ore":95,"stat.mineBlock.minecraft.trapped_chest":1,"stat.craftItem.minecraft.glowstone":3,"stat.useItem.minecraft.prismarine":203,"stat.damageTaken":629931,"stat.useItem.minecraft.diamond_sword":373,"stat.mineBlock.minecraft.prismarine":79,"stat.entityKilledBy.Spider":1,"stat.useItem.minecraft.oak_stairs":143,"stat.killEntity.Chicken":4,"stat.useItem.minecraft.dropper":1,"stat.mineBlock.minecraft.cobblestone":153,"stat.useItem.minecraft.golden_rail":258,"stat.useItem.minecraft.dye":11,"stat.mineBlock.minecraft.iron_bars":1237,"stat.craftItem.minecraft.lever":3,"stat.craftItem.minecraft.comparator":4,"stat.useItem.minecraft.rail":618,"stat.useItem.minecraft.enchanting_table":1,"stat.useItem.minecraft.lapis_ore":9,"stat.climbOneCm":1627058,"stat.mineBlock.minecraft.enchanting_table":1,"stat.useItem.minecraft.sapling":158,"stat.drop":3065,"stat.mineBlock.minecraft.anvil":6,"stat.useItem.minecraft.diamond_block":2,"stat.useItem.minecraft.repeater":123,"stat.craftItem.minecraft.sticky_piston":86,"stat.useItem.minecraft.spruce_stairs":57,"stat.mineBlock.minecraft.wooden_slab":411,"stat.useItem.minecraft.gold_block":4,"stat.craftItem.minecraft.piston":107,"stat.mineBlock.minecraft.crafting_table":8,"stat.useItem.minecraft.diamond_ore":6,"stat.mineBlock.minecraft.birch_stairs":11,"stat.useItem.minecraft.stone_slab":2055,"stat.mineBlock.minecraft.cactus":1,"stat.mineBlock.minecraft.fence":32,"stat.craftItem.minecraft.oak_stairs":256,"stat.mineBlock.minecraft.melon_block":61,"stat.killEntity.Creeper":119,"stat.craftItem.minecraft.stonebrick":1534,"stat.mineBlock.minecraft.planks":326,"stat.useItem.minecraft.lapis_block":2,"stat.useItem.minecraft.crafting_table":9,"stat.breakItem.minecraft.shears":3,"stat.craftItem.minecraft.stone_slab":1800,"stat.craftItem.minecraft.detector_rail":6,"stat.mineBlock.minecraft.obsidian":3,"stat.useItem.minecraft.hopper":4,"stat.craftItem.minecraft.diamond_boots":1,"stat.killEntity.Enderman":22452,"stat.leaveGame":622,"stat.craftItem.minecraft.iron_ingot":405,"stat.useItem.minecraft.glass":6,"stat.killEntity.Villager":29,"achievement.buildBetterPickaxe":24,"stat.useItem.minecraft.ender_pearl":286,"stat.craftItem.minecraft.stone_stairs":256,"stat.killEntity.Endermite":2,"stat.timeSinceDeath":1951938,"stat.mineBlock.minecraft.leaves":1419,"stat.useItem.minecraft.gravel":4,"stat.killEntity.PigZombie":10,"achievement.buildSword":13,"stat.craftItem.minecraft.hopper":8,"stat.entityKilledBy.PigZombie":6,"achievement.buildHoe":6,"stat.useItem.minecraft.glowstone":2,"stat.useItem.minecraft.comparator":4,"stat.mineBlock.minecraft.sticky_piston":71,"stat.mineBlock.minecraft.stone_button":4,"achievement.mineWood":9994,"stat.mineBlock.minecraft.stone_slab":228,"stat.useItem.minecraft.sand":8,"achievement.killEnemy":19015,"stat.craftItem.minecraft.dye":198,"stat.craftItem.minecraft.rail":672,"stat.killEntity.LavaSlime":34,"stat.craftItem.minecraft.diamond_pickaxe":3,"stat.playOneMinute":20488110,"stat.useItem.minecraft.redstone_torch":150,"stat.craftItem.minecraft.gold_ingot":431,"stat.breakItem.minecraft.diamond_helmet":1,"stat.diveOneCm":734473,"stat.mineBlock.minecraft.dispenser":2,"stat.useItem.minecraft.lever":7,"stat.craftItem.minecraft.bow":13,"stat.useItem.minecraft.rotten_flesh":4,"stat.killEntity.Spider":75,"stat.craftItem.minecraft.dispenser":13,"stat.killEntity.Slime":233,"stat.craftItem.minecraft.spruce_stairs":56,"stat.animalsBred":61,"stat.craftItem.minecraft.stick":736,"stat.entityKilledBy.Skeleton":1,"stat.craftItem.minecraft.wooden_slab":638,"stat.playerKills":1,"stat.useItem.minecraft.sandstone":38,"stat.killEntity.Silverfish":1,"stat.mineBlock.minecraft.coal_ore":718,"stat.useItem.minecraft.redstone_ore":154,"stat.entityKilledBy.Zombie":1,"stat.craftItem.minecraft.redstone":99,"stat.mineBlock.minecraft.tallgrass":104,"stat.craftItem.minecraft.dropper":1,"stat.useItem.minecraft.daylight_detector":1,"stat.useItem.minecraft.written_book":1,"stat.craftItem.minecraft.crafting_table":3,"stat.mobKills":24506,"stat.killEntity.Ozelot":1,"stat.mineBlock.minecraft.quartz_ore":1,"stat.mineBlock.minecraft.stone":2606,"stat.killEntity.Zombie":714,"stat.mineBlock.minecraft.dirt":1539,"stat.minecartOneCm":5416698,"stat.useItem.minecraft.sign":33,"stat.mineBlock.minecraft.fence_gate":2,"stat.killEntity.Blaze":2,"stat.useItem.minecraft.piston":2,"stat.useItem.minecraft.detector_rail":2,"stat.craftItem.minecraft.redstone_torch":275,"stat.swimOneCm":1026854,"stat.fishCaught":32,"stat.useItem.minecraft.sandstone_stairs":2,"stat.useItem.minecraft.diamond_axe":3381,"stat.killEntity.Skeleton":543,"stat.horseOneCm":610953,"stat.walkOneCm":96360066,"stat.useItem.minecraft.slime":15,"stat.mineBlock.minecraft.oak_stairs":17,"stat.mineBlock.minecraft.lapis_ore":18,"stat.jump":185204,"stat.mineBlock.minecraft.stained_hardened_clay":4,"stat.craftItem.minecraft.stone":610,"stat.killEntity.Witch":11,"stat.mineBlock.minecraft.piston":3,"stat.mineBlock.minecraft.iron_block":772,"stat.mineBlock.minecraft.brick_block":2,"stat.craftItem.minecraft.sign":27,"stat.deaths":20,"stat.useItem.minecraft.wooden_slab":537,"stat.mineBlock.minecraft.gravel":216,"stat.useItem.minecraft.stone_stairs":27,"stat.craftItem.minecraft.planks":2316,"stat.mineBlock.minecraft.redstone_ore":326,"stat.useItem.minecraft.diamond_hoe":8,"stat.craftItem.minecraft.shears":9,"stat.craftItem.minecraft.melon_block":64,"stat.craftItem.minecraft.diamond_helmet":1,"stat.killEntity.Squid":1,"stat.craftItem.minecraft.tnt":832,"stat.sprintOneCm":3515338,"stat.useItem.minecraft.dirt":606,"stat.killEntity.CaveSpider":8,"stat.killEntity.MushroomCow":98}