{"stat.useItem.minecraft.anvil":1,"stat.mineBlock.minecraft.stonebrick":104,"stat.craftItem.minecraft.golden_rail":18,"stat.mineBlock.minecraft.furnace":19,"stat.useItem.minecraft.iron_bars":6,"stat.mineBlock.minecraft.netherrack":12,"stat.useItem.minecraft.stone_brick_stairs":5,"stat.killEntity.Sheep":4,"stat.mineBlock.minecraft.sand":569,"stat.useItem.minecraft.cobblestone":7,"stat.craftItem.minecraft.stone_pressure_plate":7,"stat.useItem.minecraft.netherrack":16,"stat.mineBlock.minecraft.glass":89,"stat.mineBlock.minecraft.redstone_torch":15,"stat.useItem.minecraft.stained_glass":502,"stat.useItem.minecraft.minecart":9,"achievement.openInventory":3784,"stat.damageDealt":194967,"stat.craftItem.minecraft.minecart":2,"stat.killEntity.Cow":1,"stat.crouchOneCm":96437,"stat.useItem.minecraft.diamond_pickaxe":1645,"stat.killEntity.Ghast":6,"stat.mineBlock.minecraft.stained_glass":96,"stat.useItem.minecraft.sticky_piston":11,"achievement.exploreAllBiomes":{"value":0,"progress":["Forest","Desert","Extreme Hills+","Taiga","Ocean","Extreme Hills","Plains","River","Extreme Hills Edge","Swampland","Hell","Sky"]},"stat.useItem.minecraft.log":37,"stat.mineBlock.minecraft.yellow_flower":27,"stat.useItem.minecraft.diamond_shovel":747,"stat.mineBlock.minecraft.golden_rail":1,"stat.craftItem.minecraft.furnace":13,"stat.craftItem.minecraft.torch":36,"stat.mineBlock.minecraft.log":30,"stat.craftItem.minecraft.repeater":1,"stat.useItem.minecraft.planks":107,"stat.talkedToVillager":3,"stat.fallOneCm":1200231,"stat.flyOneCm":5455129,"stat.junkFished":1,"achievement.buildPickaxe":1,"stat.mineBlock.minecraft.torch":17,"stat.mineBlock.minecraft.trapped_chest":1,"achievement.buildFurnace":20,"stat.damageTaken":168696,"stat.useItem.minecraft.cooked_chicken":36,"stat.useItem.minecraft.torch":52,"stat.craftItem.minecraft.coal":9,"stat.useItem.minecraft.bed":2,"stat.useItem.minecraft.diamond_sword":34,"stat.useItem.minecraft.wooden_pressure_plate":6,"stat.useItem.minecraft.water_bucket":206,"stat.craftItem.minecraft.wooden_pressure_plate":6,"stat.mineBlock.minecraft.hopper":1,"stat.killEntity.Chicken":130,"stat.craftItem.minecraft.iron_bars":16,"stat.mineBlock.minecraft.cobblestone":5,"stat.mineBlock.minecraft.rail":5,"stat.useItem.minecraft.stonebrick":77,"achievement.buildWorkBench":83,"stat.useItem.minecraft.golden_rail":18,"stat.useItem.minecraft.stone":1167,"stat.mineBlock.minecraft.iron_bars":6,"stat.useItem.minecraft.furnace":32,"stat.craftItem.minecraft.slime":8,"stat.mineBlock.minecraft.wool":2,"stat.craftItem.minecraft.lever":19,"stat.useItem.minecraft.rail":65,"stat.useItem.minecraft.lapis_ore":1,"stat.useItem.minecraft.flint_and_steel":12,"stat.useItem.minecraft.stone_sword":1,"stat.climbOneCm":369611,"stat.useItem.minecraft.redstone":23,"stat.useItem.minecraft.potion":1,"stat.mineBlock.minecraft.slime":15,"stat.drop":1020,"stat.mineBlock.minecraft.anvil":1,"stat.mineBlock.minecraft.stone_pressure_plate":2,"stat.entityKilledBy.PigZombie":6,"stat.useItem.minecraft.repeater":1,"stat.useItem.minecraft.stone_pressure_plate":14,"achievement.buildHoe":3,"stat.useItem.minecraft.bow":21,"stat.mineBlock.minecraft.sticky_piston":8,"achievement.mineWood":1127,"stat.useItem.minecraft.cooked_beef":22,"achievement.makeBread":142,"stat.mineBlock.minecraft.red_flower":9,"stat.mineBlock.minecraft.crafting_table":15,"stat.mineBlock.minecraft.stone_slab":51,"stat.useItem.minecraft.sand":14,"achievement.killEnemy":3669,"stat.useItem.minecraft.stone_slab":34,"stat.craftItem.minecraft.dye":49,"stat.craftItem.minecraft.rail":112,"stat.killEntity.LavaSlime":17,"stat.useItem.minecraft.egg":64,"stat.killEntity.Creeper":37,"stat.mineBlock.minecraft.planks":107,"stat.useItem.minecraft.crafting_table":17,"stat.craftItem.minecraft.stone_slab":24,"stat.playOneMinute":6252051,"stat.useItem.minecraft.redstone_torch":22,"stat.craftItem.minecraft.gold_ingot":18,"stat.useItem.minecraft.hopper":1,"stat.killEntity.Enderman":9751,"stat.leaveGame":191,"stat.mineBlock.minecraft.stone_brick_stairs":8,"stat.diveOneCm":471738,"stat.mineBlock.minecraft.dispenser":1,"stat.craftItem.minecraft.iron_ingot":63,"stat.useItem.minecraft.lever":15,"stat.useItem.minecraft.glass":311,"achievement.buildBetterPickaxe":1,"stat.useItem.minecraft.ender_pearl":93,"stat.killEntity.Spider":18,"stat.killEntity.Slime":70,"stat.killEntity.Endermite":1,"stat.timeSinceDeath":487090,"stat.craftItem.minecraft.glass":125,"stat.animalsBred":124,"stat.killEntity.PigZombie":23,"achievement.buildSword":2,"stat.swimOneCm":1828625,"stat.fishCaught":5,"stat.useItem.minecraft.diamond_axe":151,"stat.killEntity.Skeleton":196,"stat.horseOneCm":726908,"stat.walkOneCm":37861593,"stat.useItem.minecraft.slime":19,"stat.playerKills":2,"stat.mineBlock.minecraft.lapis_ore":1,"stat.jump":37843,"stat.killEntity.Witch":5,"stat.entityKilledBy.Zombie":1,"stat.mineBlock.minecraft.tallgrass":7,"stat.craftItem.minecraft.redstone":18,"stat.deaths":9,"stat.mineBlock.minecraft.gravel":10,"stat.craftItem.minecraft.crafting_table":13,"stat.mobKills":10469,"stat.useItem.minecraft.baked_potato":1,"stat.mineBlock.minecraft.stained_glass_pane":370,"stat.mineBlock.minecraft.stone":841,"stat.useItem.minecraft.bucket":224,"stat.craftItem.minecraft.planks":76,"stat.killEntity.Zombie":140,"stat.mineBlock.minecraft.dirt":270,"stat.minecartOneCm":2278683,"stat.killEntity.Blaze":1,"stat.craftItem.minecraft.stained_glass":424,"stat.killEntity.Squid":34,"stat.craftItem.minecraft.redstone_torch":1,"stat.sprintOneCm":666590,"stat.useItem.minecraft.dirt":137,"stat.craftItem.minecraft.anvil":1}