{"stat.crouchOneCm":482,"stat.useItem.minecraft.diamond_pickaxe":123,"stat.useItem.minecraft.minecart":1,"stat.mineBlock.minecraft.netherrack":122,"achievement.openInventory":18,"stat.damageDealt":708,"stat.mineBlock.minecraft.stained_glass":1,"achievement.exploreAllBiomes":{"value":0,"progress":["Forest","Desert","Extreme Hills+","DesertHills","Extreme Hills","Plains","River","Extreme Hills Edge","Hell","ForestHills"]},"stat.useItem.minecraft.hay_block":1,"stat.useItem.minecraft.netherrack":127,"stat.climbOneCm":1328,"stat.fallOneCm":24180,"stat.flyOneCm":186430,"stat.drop":34,"stat.damageTaken":3755,"stat.timeSinceDeath":94050,"stat.playOneMinute":825250,"stat.leaveGame":24,"stat.animalsBred":1,"stat.deaths":2,"stat.jump":1227,"stat.swimOneCm":2202,"stat.mineBlock.minecraft.hay_block":1,"stat.mobKills":2,"stat.horseOneCm":326855,"stat.walkOneCm":1062440,"stat.useItem.minecraft.carrot":7,"stat.killEntity.Zombie":2,"stat.minecartOneCm":241022,"stat.sprintOneCm":101747}