{"stat.mineBlock.minecraft.stonebrick":141,"stat.useItem.minecraft.nether_wart":9,"stat.mineBlock.minecraft.emerald_ore":7,"stat.mineBlock.minecraft.netherrack":3016,"stat.craftItem.minecraft.gold_nugget":576,"stat.useItem.minecraft.netherrack":946,"stat.mineBlock.minecraft.glass":173,"achievement.acquireIron":26,"stat.useItem.minecraft.minecart":62,"stat.useItem.minecraft.iron_shovel":90,"stat.damageDealt":1276972,"stat.useItem.minecraft.fence":12,"stat.useItem.minecraft.item_frame":59,"stat.useItem.minecraft.brick_block":5,"stat.useItem.minecraft.iron_block":1388,"stat.craftItem.minecraft.minecart":18,"stat.killEntity.Bat":11,"stat.crouchOneCm":708183,"achievement.theEnd2":6,"stat.useItem.minecraft.shears":714,"stat.useItem.minecraft.potato":1,"achievement.exploreAllBiomes":{"value":0,"progress":["Extreme Hills M","Desert","Taiga","Extreme Hills","Jungle","Extreme Hills Edge","Birch Forest Hills","Sky","Extreme Hills+ M","DesertHills","Birch Forest","Mesa","Savanna","River","Swampland","Roofed Forest M","Sunflower Plains","Extreme Hills+","Ocean","Plains","TaigaHills","The End","Hell","ForestHills","Forest","Mesa (Bryce)","Beach","Roofed Forest"]},"stat.mineBlock.minecraft.double_plant":1,"stat.craftItem.minecraft.iron_pickaxe":1,"stat.mineBlock.minecraft.yellow_flower":1,"stat.craftItem.minecraft.brewing_stand":8,"stat.craftItem.minecraft.wool":2207,"stat.mineBlock.minecraft.golden_rail":2,"achievement.cookFish":8,"stat.craftItem.minecraft.repeater":194,"stat.useItem.minecraft.glass_pane":48,"stat.useItem.minecraft.anvil":31,"stat.useItem.minecraft.chest":130,"stat.craftItem.minecraft.golden_rail":12,"stat.useItem.minecraft.nether_brick_stairs":6,"stat.craftItem.minecraft.cobblestone_wall":24,"stat.useItem.minecraft.iron_bars":641,"stat.craftItem.minecraft.wooden_pickaxe":1,"stat.craftItem.minecraft.glass_bottle":60,"stat.craftItem.minecraft.bed":2,"stat.useItem.minecraft.stone_brick_stairs":2,"stat.killEntity.Sheep":244,"stat.mineBlock.minecraft.sand":1281,"stat.useItem.minecraft.cobblestone":548,"stat.mineBlock.minecraft.monster_egg":16,"stat.mineBlock.minecraft.waterlily":1,"stat.craftItem.minecraft.chest":181,"stat.useItem.minecraft.quartz_block":2,"stat.mineBlock.minecraft.redstone_torch":47,"stat.useItem.minecraft.wooden_door":30,"stat.craftItem.minecraft.item_frame":57,"achievement.openInventory":13149,"stat.craftItem.minecraft.golden_leggings":1,"stat.useItem.minecraft.brewing_stand":8,"stat.killEntity.Cow":219,"stat.mineBlock.minecraft.web":12,"stat.useItem.minecraft.diamond_pickaxe":12990,"stat.killEntity.Ghast":27,"stat.useItem.minecraft.sticky_piston":1,"stat.useItem.minecraft.log":1,"stat.mineBlock.minecraft.noteblock":13,"stat.mineBlock.minecraft.spruce_stairs":6,"stat.useItem.minecraft.tnt":360,"stat.useItem.minecraft.redstone_block":3,"stat.useItem.minecraft.diamond_shovel":2243,"stat.craftItem.minecraft.torch":768,"stat.mineBlock.minecraft.log":665,"stat.useItem.minecraft.obsidian":36,"stat.useItem.minecraft.planks":243,"stat.fallOneCm":4666689,"stat.craftItem.minecraft.ender_eye":12,"stat.junkFished":685,"stat.useItem.minecraft.coal_ore":17,"stat.mineBlock.minecraft.nether_brick":2,"achievement.buildFurnace":178,"stat.useItem.minecraft.cooked_chicken":53,"stat.useItem.minecraft.boat":1,"stat.useItem.minecraft.torch":842,"stat.craftItem.minecraft.coal":468,"stat.useItem.minecraft.bed":2,"stat.useItem.minecraft.stone_pickaxe":27,"stat.useItem.minecraft.water_bucket":56,"stat.mineBlock.minecraft.clay":4,"stat.mineBlock.minecraft.hopper":24,"stat.useItem.minecraft.yellow_flower":1,"stat.craftItem.minecraft.iron_bars":1040,"stat.mineBlock.minecraft.gold_ore":137,"stat.mineBlock.minecraft.rail":34,"stat.useItem.minecraft.skull":3,"stat.useItem.minecraft.stonebrick":16,"stat.mineBlock.minecraft.gold_block":4,"stat.useItem.minecraft.cooked_fish":236,"achievement.buildWorkBench":173,"stat.useItem.minecraft.stone":391,"stat.treasureFished":538,"stat.useItem.minecraft.furnace":2,"stat.craftItem.minecraft.slime":35,"stat.craftItem.minecraft.snow":12,"stat.useItem.minecraft.trapped_chest":2,"stat.craftItem.minecraft.gold_block":75,"stat.useItem.minecraft.ladder":3,"stat.mineBlock.minecraft.tnt":8,"achievement.killCow":89,"stat.useItem.minecraft.redstone":446,"stat.craftItem.minecraft.writable_book":4,"stat.useItem.minecraft.potion":26,"stat.craftItem.minecraft.speckled_melon":24,"stat.mineBlock.minecraft.stone_stairs":1,"stat.mineBlock.minecraft.slime":4,"stat.mineBlock.minecraft.stone_pressure_plate":2,"stat.useItem.minecraft.noteblock":43,"stat.mineBlock.minecraft.vine":2,"achievement.portal":944,"stat.mineBlock.minecraft.diamond_ore":15,"stat.craftItem.minecraft.hay_block":7,"stat.flyOneCm":15955141,"stat.useItem.minecraft.writable_book":7,"stat.mineBlock.minecraft.chest":62,"achievement.buildPickaxe":59,"stat.useItem.minecraft.red_flower":1,"stat.mineBlock.minecraft.torch":28,"stat.mineBlock.minecraft.birch_fence":3,"stat.mineBlock.minecraft.iron_ore":56,"stat.damageTaken":752685,"stat.craftItem.minecraft.birch_stairs":16,"stat.useItem.minecraft.diamond_sword":852,"stat.useItem.minecraft.wooden_pressure_plate":1,"stat.craftItem.minecraft.wooden_pressure_plate":1,"stat.entityKilledBy.Spider":1,"stat.craftItem.minecraft.tripwire_hook":12,"stat.killEntity.Chicken":144,"stat.useItem.minecraft.dropper":3,"stat.craftItem.minecraft.stone_pickaxe":1,"stat.mineBlock.minecraft.cobblestone":1075,"stat.craftItem.minecraft.ladder":12,"stat.mineBlock.minecraft.carpet":2,"stat.useItem.minecraft.stained_hardened_clay":3,"stat.craftItem.minecraft.netherbrick":969,"stat.useItem.minecraft.golden_rail":1,"stat.mineBlock.minecraft.iron_bars":41,"stat.mineBlock.minecraft.wool":730,"stat.craftItem.minecraft.lever":9,"stat.craftItem.minecraft.comparator":25,"stat.useItem.minecraft.rail":60,"stat.entityKilledBy.Creeper":1,"stat.useItem.minecraft.ender_chest":1,"stat.killEntity.EntityHorse":2,"stat.useItem.minecraft.redstone_lamp":34,"stat.useItem.minecraft.flint_and_steel":33,"stat.climbOneCm":1238996,"achievement.potion":6,"stat.useItem.minecraft.sapling":84,"stat.drop":3193,"achievement.theEnd":5,"stat.mineBlock.minecraft.anvil":12,"stat.useItem.minecraft.repeater":113,"stat.useItem.minecraft.stone_pressure_plate":2,"stat.craftItem.minecraft.nether_brick":231,"stat.useItem.minecraft.bow":58,"stat.craftItem.minecraft.boat":10,"stat.useItem.minecraft.spruce_stairs":15,"stat.useItem.minecraft.cooked_beef":89,"stat.craftItem.minecraft.iron_axe":1,"stat.mineBlock.minecraft.wooden_slab":21,"achievement.makeBread":294,"stat.useItem.minecraft.gold_block":51,"stat.mineBlock.minecraft.crafting_table":2,"stat.mineBlock.minecraft.birch_stairs":8,"stat.useItem.minecraft.glass_bottle":25,"stat.useItem.minecraft.stone_slab":252,"achievement.diamonds":234,"stat.mineBlock.minecraft.fence":4,"stat.useItem.minecraft.egg":4,"stat.killEntity.Creeper":270,"stat.mineBlock.minecraft.planks":90,"stat.useItem.minecraft.crafting_table":7,"stat.breakItem.minecraft.shears":1,"stat.craftItem.minecraft.stone_slab":276,"stat.mineBlock.minecraft.obsidian":33,"stat.useItem.minecraft.hopper":65,"stat.killEntity.Enderman":49415,"stat.leaveGame":467,"stat.mineBlock.minecraft.stone_brick_stairs":14,"stat.craftItem.minecraft.iron_ingot":1635,"stat.useItem.minecraft.glass":458,"stat.breakItem.minecraft.fishing_rod":31,"achievement.buildBetterPickaxe":58,"stat.useItem.minecraft.ender_pearl":393,"stat.killEntity.Endermite":2,"stat.timeSinceDeath":1631729,"stat.useItem.minecraft.ender_eye":12,"stat.mineBlock.minecraft.leaves":35,"stat.useItem.minecraft.gravel":28,"stat.killEntity.PigZombie":71,"stat.mineBlock.minecraft.quartz_block":2,"stat.boatOneCm":152592,"stat.useItem.minecraft.wool":4624,"achievement.buildSword":17,"stat.craftItem.minecraft.hopper":78,"stat.craftItem.minecraft.bucket":1,"stat.useItem.minecraft.nether_brick_fence":90,"achievement.buildHoe":4,"stat.useItem.minecraft.glowstone":38,"stat.useItem.minecraft.comparator":14,"stat.craftItem.minecraft.wooden_door":30,"stat.craftItem.minecraft.birch_fence":63,"stat.craftItem.minecraft.iron_shovel":1,"achievement.mineWood":7679,"stat.craftItem.minecraft.noteblock":32,"stat.mineBlock.minecraft.red_flower":2,"stat.craftItem.minecraft.banner":1,"stat.mineBlock.minecraft.stone_slab":67,"achievement.killEnemy":52346,"stat.useItem.minecraft.iron_axe":72,"stat.craftItem.minecraft.dye":1729,"stat.mineBlock.minecraft.snow_layer":27,"stat.mineBlock.minecraft.dropper":2,"stat.killEntity.LavaSlime":26,"achievement.bakeCake":1,"stat.craftItem.minecraft.nether_brick_fence":90,"stat.playOneMinute":41130552,"stat.useItem.minecraft.redstone_torch":130,"stat.craftItem.minecraft.gold_ingot":331,"stat.craftItem.minecraft.cake":1,"stat.killEntity.Pig":44,"stat.useItem.minecraft.birch_fence":51,"stat.diveOneCm":1479491,"stat.useItem.minecraft.lever":4,"stat.useItem.minecraft.gold_ore":86,"stat.craftItem.minecraft.bow":67,"stat.useItem.minecraft.soul_sand":2,"stat.useItem.minecraft.rotten_flesh":5,"stat.killEntity.Spider":191,"stat.killEntity.Slime":439,"stat.mineBlock.minecraft.soul_sand":2,"achievement.ghast":6,"stat.animalsBred":849,"stat.craftItem.minecraft.stick":1830,"stat.useItem.minecraft.nether_brick":80,"stat.entityKilledBy.Skeleton":4,"stat.useItem.minecraft.fishing_rod":12501,"stat.craftItem.minecraft.wooden_slab":315,"stat.craftItem.minecraft.baked_potato":715,"stat.playerKills":3,"stat.mineBlock.minecraft.daylight_detector":1,"stat.killEntity.Silverfish":80,"stat.mineBlock.minecraft.coal_ore":350,"stat.useItem.minecraft.redstone_ore":1,"stat.useItem.minecraft.bread":13,"stat.craftItem.minecraft.fishing_rod":19,"stat.entityKilledBy.Zombie":6,"stat.entityKilledBy.Enderman":2,"stat.craftItem.minecraft.redstone":824,"stat.mineBlock.minecraft.tallgrass":23,"stat.craftItem.minecraft.dropper":1,"achievement.breedCow":700,"stat.useItem.minecraft.written_book":3,"stat.craftItem.minecraft.crafting_table":5,"stat.mobKills":53205,"stat.mineBlock.minecraft.quartz_ore":597,"stat.mineBlock.minecraft.stone":6289,"stat.useItem.minecraft.bucket":49,"stat.craftItem.minecraft.diamond_shovel":1,"stat.mineBlock.minecraft.cobblestone_wall":63,"stat.craftItem.minecraft.armor_stand":1,"stat.killEntity.Zombie":951,"stat.mineBlock.minecraft.dirt":1086,"stat.minecartOneCm":20819231,"stat.useItem.minecraft.sign":303,"stat.useItem.minecraft.birch_stairs":19,"stat.craftItem.minecraft.glass_pane":48,"stat.useItem.minecraft.armor_stand":1,"stat.killEntity.Blaze":4,"stat.useItem.minecraft.piston":8,"achievement.onARail":2148,"stat.craftItem.minecraft.redstone_torch":716,"stat.useItem.minecraft.carrot":12,"stat.useItem.minecraft.trapdoor":1,"stat.craftItem.minecraft.anvil":33,"stat.swimOneCm":2496227,"stat.fishCaught":9158,"stat.useItem.minecraft.diamond_axe":759,"stat.craftItem.minecraft.nether_brick_stairs":8,"stat.killEntity.Skeleton":842,"stat.horseOneCm":2750897,"stat.walkOneCm":128285824,"stat.useItem.minecraft.slime":10,"stat.mineBlock.minecraft.redstone_lamp":2,"achievement.blazeRod":4,"stat.mineBlock.minecraft.oak_stairs":30,"stat.mineBlock.minecraft.lapis_ore":19,"stat.useItem.minecraft.carpet":1,"stat.jump":139444,"stat.mineBlock.minecraft.glass_pane":10,"stat.mineBlock.minecraft.stained_hardened_clay":4,"stat.craftItem.minecraft.stone":512,"stat.killEntity.Witch":24,"stat.mineBlock.minecraft.piston":4,"stat.mineBlock.minecraft.iron_block":457,"stat.mineBlock.minecraft.brick_block":5,"stat.craftItem.minecraft.sign":351,"stat.deaths":52,"stat.mineBlock.minecraft.glowstone":185,"stat.useItem.minecraft.wooden_slab":231,"stat.mineBlock.minecraft.gravel":148,"stat.craftItem.minecraft.blaze_powder":34,"stat.useItem.minecraft.baked_potato":402,"stat.mineBlock.minecraft.lever":3,"stat.craftItem.minecraft.planks":3514,"stat.mineBlock.minecraft.redstone_ore":213,"stat.craftItem.minecraft.shears":6,"stat.useItem.minecraft.wooden_pickaxe":3,"stat.craftItem.minecraft.diamond_helmet":1,"stat.killEntity.Squid":104,"stat.craftItem.minecraft.cooked_fish":384,"stat.useItem.minecraft.iron_pickaxe":90,"stat.useItem.minecraft.quartz_ore":297,"stat.craftItem.minecraft.tnt":335,"stat.craftItem.minecraft.sugar":32,"stat.sprintOneCm":7682466,"stat.useItem.minecraft.dirt":402,"stat.killEntity.CaveSpider":6}