{"stat.crouchOneCm":130,"stat.useItem.minecraft.chest":9,"stat.mineBlock.minecraft.furnace":1,"stat.mineBlock.minecraft.sand":384,"achievement.exploreAllBiomes":{"value":0,"progress":["Desert","Extreme Hills+","Taiga","Ocean","Extreme Hills","Mesa Plateau","TaigaHills","Plains","Extreme Hills Edge","Sky","Hell","Forest","Mesa (Bryce)","Beach","Mesa","Roofed Forest","River"]},"stat.craftItem.minecraft.iron_pickaxe":1,"stat.mineBlock.minecraft.glass":2,"stat.mineBlock.minecraft.yellow_flower":21,"achievement.openInventory":295,"stat.useItem.minecraft.iron_shovel":443,"stat.damageDealt":23150,"stat.mineBlock.minecraft.log":50,"stat.breakItem.minecraft.iron_shovel":2,"stat.useItem.minecraft.stained_hardened_clay":173,"stat.fallOneCm":194927,"stat.flyOneCm":1824965,"achievement.buildWorkBench":2,"stat.mineBlock.minecraft.chest":5,"stat.mineBlock.minecraft.torch":13,"achievement.buildPickaxe":32,"stat.useItem.minecraft.furnace":2,"stat.mineBlock.minecraft.iron_ore":2,"stat.damageTaken":11029,"stat.useItem.minecraft.torch":13,"stat.entityKilledBy.Creeper":2,"stat.climbOneCm":5123,"stat.drop":171,"achievement.buildHoe":2,"stat.craftItem.minecraft.iron_shovel":1,"achievement.mineWood":73,"achievement.makeBread":6,"stat.mineBlock.minecraft.crafting_table":1,"achievement.killEnemy":121,"stat.useItem.minecraft.sand":1,"stat.useItem.minecraft.iron_axe":51,"stat.craftItem.minecraft.dye":21,"stat.killEntity.Creeper":12,"stat.useItem.minecraft.crafting_table":1,"stat.playOneMinute":1073407,"stat.killEntity.Enderman":43,"stat.leaveGame":25,"stat.diveOneCm":247405,"stat.craftItem.minecraft.iron_ingot":18,"stat.useItem.minecraft.glass":311,"achievement.buildBetterPickaxe":32,"stat.killEntity.Spider":14,"stat.timeSinceDeath":102826,"stat.craftItem.minecraft.glass":320,"stat.mineBlock.minecraft.leaves":31,"stat.craftItem.minecraft.stick":8,"stat.craftItem.minecraft.stained_hardened_clay":152,"stat.boatOneCm":33074,"achievement.buildSword":4,"stat.useItem.minecraft.written_book":1,"stat.deaths":4,"stat.swimOneCm":53020,"stat.mobKills":123,"stat.useItem.minecraft.baked_potato":19,"stat.killEntity.Skeleton":16,"stat.horseOneCm":346958,"stat.craftItem.minecraft.baked_potato":6,"stat.mineBlock.minecraft.stone":306,"stat.walkOneCm":4289763,"stat.craftItem.minecraft.planks":4,"stat.killEntity.Zombie":37,"stat.mineBlock.minecraft.dirt":101,"stat.minecartOneCm":877627,"stat.jump":8191,"stat.mineBlock.minecraft.stained_hardened_clay":5,"stat.mineBlock.minecraft.tallgrass":2,"stat.breakItem.minecraft.iron_pickaxe":2,"stat.useItem.minecraft.iron_pickaxe":321,"stat.mineBlock.minecraft.iron_block":6,"stat.useItem.minecraft.iron_sword":40,"stat.sprintOneCm":194009,"stat.useItem.minecraft.dirt":3}