{"stat.useItem.139":42,"stat.craftItem.364":13,"stat.killEntity.Sheep":3,"stat.mineBlock.67":38,"stat.useItem.279":117,"stat.useItem.3":880,"stat.craftItem.257":1,"stat.mineBlock.37":35,"stat.useItem.65":27,"stat.useItem.126":374,"stat.craftItem.258":14,"stat.craftItem.42":14,"stat.useItem.143":2,"stat.useItem.72":1,"stat.craftItem.72":1,"achievement.acquireIron":12,"achievement.openInventory":998,"stat.craftItem.307":1,"stat.damageDealt":80725,"stat.useItem.96":3,"stat.craftItem.143":2,"stat.mineBlock.31":936,"stat.useItem.50":1221,"stat.killEntity.Cow":9,"stat.useItem.323":13,"stat.craftItem.50":1136,"stat.useItem.338":56,"stat.craftItem.96":2,"stat.useItem.351":6,"achievement.exploreAllBiomes":{"value":0,"progress":["Desert","Deep Ocean","Taiga","Extreme Hills","Mesa Plateau","Extreme Hills Edge","Savanna Plateau","Sky","Extreme Hills+ M","Taiga M","DesertHills","Mesa","Savanna","River","Swampland","Sunflower Plains","Extreme Hills+","Flower Forest","Ocean","TaigaHills","Plains","Hell","ForestHills","Forest","Mesa (Bryce)","Beach","Roofed Forest","Stone Beach"]},"stat.useItem.324":4,"stat.useItem.53":72,"stat.mineBlock.54":8,"stat.craftItem.139":156,"stat.mineBlock.49":25,"stat.mineBlock.1":1016,"stat.mineBlock.73":34,"stat.craftItem.278":1,"stat.craftItem.355":2,"stat.useItem.259":2,"stat.useItem.49":20,"stat.useItem.5":510,"achievement.portal":36,"stat.fallOneCm":145089,"stat.flyOneCm":1166224,"stat.useItem.160":53,"achievement.buildPickaxe":11,"stat.craftItem.134":224,"achievement.buildFurnace":10,"stat.craftItem.135":4,"stat.craftItem.164":128,"stat.mineBlock.61":5,"stat.damageTaken":22840,"stat.mineBlock.171":9,"stat.useItem.4":286,"stat.mineBlock.134":44,"stat.useItem.355":11,"stat.craftItem.323":6,"stat.mineBlock.161":394,"stat.craftItem.272":1,"stat.mineBlock.162":1039,"stat.mineBlock.21":20,"stat.mineBlock.39":10,"stat.killEntity.Chicken":6,"stat.craftItem.270":1,"stat.mineBlock.38":22,"stat.useItem.135":2,"stat.craftItem.297":96,"stat.useItem.293":160,"stat.useItem.270":25,"stat.craftItem.65":60,"stat.craftItem.102":256,"achievement.buildWorkBench":9,"stat.mineBlock.126":111,"stat.breakItem.274":1,"stat.craftItem.259":1,"stat.craftItem.5":2052,"stat.craftItem.58":8,"stat.craftItem.256":38,"achievement.killCow":6,"stat.climbOneCm":44170,"stat.craftItem.291":1,"stat.mineBlock.160":3,"stat.drop":53,"stat.craftItem.263":512,"stat.useItem.291":9,"stat.craftItem.324":1,"stat.mineBlock.14":76,"achievement.makeBread":192,"stat.mineBlock.65":10,"stat.mineBlock.135":2,"stat.mineBlock.12":1208,"stat.craftItem.160":80,"achievement.diamonds":23,"stat.useItem.328":15,"stat.killEntity.Creeper":30,"stat.mineBlock.58":9,"stat.mineBlock.15":29,"stat.useItem.278":1067,"stat.craftItem.53":80,"stat.killEntity.Enderman":2362,"stat.leaveGame":14,"stat.useItem.6":151,"stat.useItem.258":1649,"achievement.buildBetterPickaxe":10,"stat.useItem.295":545,"stat.useItem.61":10,"stat.useItem.85":49,"stat.craftItem.126":480,"stat.mineBlock.56":24,"stat.useItem.107":2,"achievement.buildSword":1,"stat.mineBlock.6":7,"stat.mineBlock.18":271,"achievement.buildHoe":1,"stat.useItem.164":162,"achievement.mineWood":1298,"stat.mineBlock.17":473,"stat.useItem.17":117,"achievement.killEnemy":2439,"stat.useItem.272":27,"stat.mineBlock.87":23,"stat.craftItem.85":70,"stat.craftItem.20":256,"stat.mineBlock.13":104,"stat.playOneMinute":1189111,"stat.craftItem.275":2,"stat.diveOneCm":67324,"stat.useItem.330":1,"stat.useItem.54":33,"stat.craftItem.351":25,"stat.killEntity.Spider":29,"stat.killEntity.Slime":1,"stat.useItem.134":239,"stat.useItem.273":132,"stat.useItem.277":72,"stat.craftItem.1":64,"stat.animalsBred":17,"stat.breakItem.273":1,"stat.mineBlock.164":50,"stat.craftItem.280":740,"stat.useItem.275":182,"stat.craftItem.95":40,"stat.useItem.35":1,"stat.craftItem.325":2,"stat.craftItem.265":322,"stat.mineBlock.16":328,"stat.craftItem.359":1,"achievement.breedCow":14,"stat.useItem.256":5200,"stat.craftItem.44":24,"stat.mobKills":2575,"stat.killEntity.Zombie":68,"stat.craftItem.330":1,"stat.minecartOneCm":828903,"stat.useItem.257":162,"stat.useItem.276":541,"stat.useItem.359":106,"achievement.onARail":4609,"stat.mineBlock.4":65,"stat.craftItem.273":1,"stat.mineBlock.5":186,"stat.breakItem.256":1,"stat.mineBlock.44":38,"stat.useItem.58":14,"stat.swimOneCm":132981,"stat.killEntity.Skeleton":52,"stat.walkOneCm":10841297,"stat.useItem.274":529,"stat.useItem.44":38,"stat.jump":8332,"stat.mineBlock.30":79,"stat.killEntity.Witch":1,"stat.useItem.12":12,"stat.craftItem.61":6,"stat.craftItem.171":120,"stat.mineBlock.3":4161,"stat.useItem.171":120,"stat.craftItem.54":25,"stat.useItem.67":38,"stat.mineBlock.50":66,"stat.craftItem.67":40,"stat.mineBlock.102":41,"stat.mineBlock.85":11,"stat.killEntity.Squid":6,"stat.useItem.102":209,"stat.mineBlock.129":7,"stat.craftItem.107":2,"stat.mineBlock.175":21,"stat.craftItem.274":6}