{"stat.mineBlock.minecraft.stonebrick":134,"stat.useItem.minecraft.ice":51,"stat.craftItem.minecraft.iron_helmet":4,"stat.mineBlock.minecraft.netherrack":440,"stat.enderchestOpened":4,"stat.craftItem.minecraft.carpet":3,"stat.useItem.minecraft.stone_button":31,"stat.craftItem.minecraft.gold_nugget":63,"stat.useItem.minecraft.leaves":279,"stat.craftItem.minecraft.stone_pressure_plate":7,"stat.useItem.minecraft.netherrack":18,"stat.mineBlock.minecraft.glass":8,"stat.craftingTableInteraction":199,"stat.useItem.minecraft.minecart":19,"stat.useItem.minecraft.iron_shovel":209,"stat.damageDealt":33674,"stat.useItem.minecraft.item_frame":23,"stat.useItem.minecraft.iron_block":920,"stat.craftItem.minecraft.minecart":6,"stat.crouchOneCm":217471,"stat.useItem.minecraft.shears":427,"stat.mineBlock.minecraft.heavy_weighted_pressure_plate":1,"achievement.exploreAllBiomes":{"value":0,"progress":["Desert","Taiga","Deep Ocean","Extreme Hills","Ocean","Ice Plains Spikes","TaigaHills","Plains","Jungle","The End","Birch Forest Hills","Hell","ForestHills","Forest","Mesa (Bryce)","Beach","Birch Forest","Mesa","Swampland","River"]},"stat.mineBlock.minecraft.double_plant":3,"stat.craftItem.minecraft.iron_pickaxe":7,"stat.mineBlock.minecraft.yellow_flower":6,"stat.craftItem.minecraft.wool":3,"stat.mineBlock.minecraft.golden_rail":5,"stat.craftItem.minecraft.repeater":162,"stat.useItem.minecraft.glass_pane":6,"stat.useItem.minecraft.anvil":4,"stat.useItem.minecraft.chest":96,"stat.craftItem.minecraft.golden_rail":12,"stat.craftItem.minecraft.emerald":400,"stat.mineBlock.minecraft.furnace":14,"stat.useItem.minecraft.iron_bars":1,"stat.craftItem.minecraft.bed":1,"stat.useItem.minecraft.stone_brick_stairs":16,"stat.mineBlock.minecraft.sand":1540,"stat.cakeSlicesEaten":36,"stat.useItem.minecraft.cobblestone":225,"stat.craftItem.minecraft.iron_sword":5,"stat.useItem.minecraft.heavy_weighted_pressure_plate":1,"stat.craftItem.minecraft.chest":97,"stat.mineBlock.minecraft.redstone_torch":24,"stat.craftItem.minecraft.item_frame":11,"stat.useItem.minecraft.stained_glass":170,"achievement.openInventory":2481,"stat.useItem.minecraft.dark_oak_stairs":145,"stat.cauldronFilled":2,"stat.mineBlock.minecraft.redstone_block":2,"stat.trappedChestTriggered":55,"stat.useItem.minecraft.diamond_pickaxe":17534,"stat.useItem.minecraft.stained_glass_pane":6,"stat.useItem.minecraft.packed_ice":282,"stat.killEntity.Ghast":1,"stat.useItem.minecraft.sticky_piston":170,"stat.mineBlock.minecraft.stained_glass":68,"stat.mineBlock.minecraft.noteblock":2,"stat.craftItem.minecraft.iron_chestplate":3,"stat.useItem.minecraft.tnt":1,"stat.craftItem.minecraft.slime_ball":54,"stat.useItem.minecraft.redstone_block":12,"stat.craftItem.minecraft.iron_door":3,"stat.useItem.minecraft.diamond_shovel":4098,"stat.useItem.minecraft.snowball":36,"stat.entityKilledBy.Guardian":2,"stat.craftItem.minecraft.furnace":11,"stat.craftItem.minecraft.torch":508,"stat.mineBlock.minecraft.log":70,"stat.useItem.minecraft.obsidian":8,"stat.useItem.minecraft.snow_layer":8,"stat.useItem.minecraft.planks":44,"stat.talkedToVillager":180,"stat.fallOneCm":732754,"stat.mineBlock.minecraft.nether_brick":5,"stat.hopperInspected":101,"achievement.buildFurnace":18,"stat.useItem.minecraft.cooked_chicken":338,"stat.useItem.minecraft.boat":2,"stat.useItem.minecraft.torch":257,"stat.craftItem.minecraft.bread":20,"stat.useItem.minecraft.bed":4,"stat.useItem.minecraft.dispenser":10,"stat.useItem.minecraft.water_bucket":127,"stat.useItem.minecraft.wheat_seeds":309,"stat.mineBlock.minecraft.hopper":46,"stat.dropperInspected":127,"stat.craftItem.minecraft.iron_bars":16,"stat.mineBlock.minecraft.gold_ore":22,"stat.craftItem.minecraft.cauldron":2,"stat.mineBlock.minecraft.rail":225,"stat.useItem.minecraft.skull":12,"stat.useItem.minecraft.stonebrick":291,"stat.craftItem.minecraft.redstone_block":179,"achievement.buildWorkBench":18,"stat.useItem.minecraft.stone":1353,"stat.useItem.minecraft.furnace":20,"stat.craftItem.minecraft.stone_button":17,"stat.craftItem.minecraft.snow":493,"stat.craftItem.minecraft.iron_leggings":2,"stat.useItem.minecraft.ladder":78,"achievement.killCow":2,"stat.useItem.minecraft.redstone":753,"stat.useItem.minecraft.potion":1,"stat.craftItem.minecraft.speckled_melon":7,"stat.mineBlock.minecraft.stone_stairs":1,"stat.craftItem.minecraft.book":60,"stat.mineBlock.minecraft.slime":19,"stat.mineBlock.minecraft.stone_pressure_plate":4,"stat.useItem.minecraft.noteblock":36,"stat.useItem.minecraft.melon":284,"stat.mineBlock.minecraft.vine":9,"stat.mineBlock.minecraft.diamond_ore":26,"stat.flyOneCm":4423034,"stat.mineBlock.minecraft.chest":49,"achievement.buildPickaxe":8,"stat.mineBlock.minecraft.packed_ice":1128,"stat.mineBlock.minecraft.torch":35,"stat.craftItem.minecraft.cooked_beef":19,"stat.mineBlock.minecraft.iron_ore":43,"stat.craftItem.minecraft.glowstone":256,"stat.damageTaken":27886,"stat.mineBlock.minecraft.tripwire_hook":3,"stat.useItem.minecraft.diamond_sword":2,"stat.useItem.minecraft.cake":7,"stat.craftItem.minecraft.tripwire_hook":4,"stat.useItem.minecraft.dropper":22,"stat.mineBlock.minecraft.cobblestone":120,"stat.craftItem.minecraft.ladder":75,"stat.craftItem.minecraft.redstone_lamp":23,"stat.useItem.minecraft.stained_hardened_clay":986,"stat.useItem.minecraft.golden_rail":12,"stat.useItem.minecraft.dye":106,"stat.craftItem.minecraft.stained_glass_pane":16,"stat.mineBlock.minecraft.wool":4,"stat.craftItem.minecraft.lever":6,"stat.craftItem.minecraft.comparator":85,"stat.useItem.minecraft.rail":381,"stat.useItem.minecraft.log2":60,"stat.useItem.minecraft.redstone_lamp":40,"stat.useItem.minecraft.flint_and_steel":1,"stat.climbOneCm":142539,"stat.useItem.minecraft.sapling":14,"stat.drop":114,"stat.mineBlock.minecraft.sea_lantern":4,"stat.mineBlock.minecraft.anvil":3,"stat.useItem.minecraft.repeater":252,"stat.useItem.minecraft.stone_pressure_plate":11,"stat.craftItem.minecraft.sticky_piston":36,"stat.useItem.minecraft.bow":142,"stat.craftItem.minecraft.boat":2,"stat.useItem.minecraft.cooked_beef":106,"stat.craftItem.minecraft.iron_axe":1,"stat.mineBlock.minecraft.wooden_slab":17,"stat.craftItem.minecraft.piston":56,"stat.mineBlock.minecraft.crafting_table":10,"stat.mineBlock.minecraft.hardened_clay":629,"stat.noteblockPlayed":4,"stat.useItem.minecraft.glass_bottle":21,"stat.useItem.minecraft.stone_slab":407,"stat.mineBlock.minecraft.melon_block":1,"stat.useItem.minecraft.egg":2,"stat.killEntity.Creeper":15,"stat.craftItem.minecraft.stonebrick":620,"stat.mineBlock.minecraft.planks":1,"stat.useItem.minecraft.crafting_table":16,"stat.dispenserInspected":42,"stat.craftItem.minecraft.paper":384,"stat.breakItem.minecraft.shears":1,"stat.craftItem.minecraft.stone_slab":672,"stat.craftItem.minecraft.dark_oak_stairs":84,"stat.useItem.minecraft.hopper":86,"stat.craftItem.minecraft.diamond_boots":1,"stat.killEntity.Enderman":90,"stat.leaveGame":115,"stat.mineBlock.minecraft.stone_brick_stairs":5,"stat.craftItem.minecraft.iron_ingot":1268,"stat.craftItem.minecraft.pumpkin_pie":2,"stat.useItem.minecraft.glass":18,"stat.mineBlock.minecraft.dark_oak_fence":7,"stat.killEntity.Villager":17,"achievement.buildBetterPickaxe":8,"stat.useItem.minecraft.ender_pearl":191,"stat.useItem.minecraft.leaves2":45,"stat.killEntity.Endermite":1,"stat.mineBlock.minecraft.sapling":2,"stat.timeSinceDeath":137391,"stat.mineBlock.minecraft.leaves":340,"stat.mineBlock.minecraft.leaves2":127,"stat.useItem.minecraft.gravel":25,"stat.craftItem.minecraft.dirt":80,"stat.boatOneCm":37448,"stat.useItem.minecraft.tripwire_hook":5,"achievement.buildSword":8,"stat.craftItem.minecraft.hopper":49,"stat.useItem.minecraft.mossy_cobblestone":1,"stat.craftItem.minecraft.bucket":11,"stat.useItem.minecraft.glowstone":50,"stat.useItem.minecraft.comparator":102,"stat.mineBlock.minecraft.sticky_piston":56,"stat.craftItem.minecraft.iron_shovel":2,"stat.mineBlock.minecraft.stone_button":14,"achievement.mineWood":143,"stat.craftItem.minecraft.noteblock":39,"stat.mineBlock.minecraft.red_flower":6,"stat.mineBlock.minecraft.stone_slab":116,"achievement.killEnemy":79,"stat.useItem.minecraft.iron_axe":54,"stat.useItem.minecraft.snow":439,"stat.craftItem.minecraft.dye":437,"stat.craftItem.minecraft.rail":560,"stat.mineBlock.minecraft.snow_layer":854,"stat.mineBlock.minecraft.dropper":4,"stat.craftItem.minecraft.diamond_pickaxe":19,"stat.playOneMinute":3091197,"stat.useItem.minecraft.redstone_torch":135,"stat.craftItem.minecraft.gold_ingot":71,"stat.craftItem.minecraft.cake":27,"stat.craftItem.minecraft.fermented_spider_eye":6,"stat.killEntity.Pig":1,"stat.diveOneCm":121945,"stat.mineBlock.minecraft.dispenser":1,"stat.noteblockTuned":440,"stat.useItem.minecraft.lever":9,"stat.craftItem.minecraft.bow":12,"stat.useItem.minecraft.soul_sand":4,"stat.killEntity.Spider":2,"stat.craftItem.minecraft.dispenser":10,"stat.mineBlock.minecraft.soul_sand":3,"stat.craftItem.minecraft.glass":216,"stat.craftItem.minecraft.stone_shovel":2,"stat.animalsBred":31,"stat.craftItem.minecraft.stick":1196,"stat.craftItem.minecraft.stained_hardened_clay":128,"stat.useItem.minecraft.nether_brick":1,"stat.entityKilledBy.Skeleton":1,"stat.useItem.minecraft.pumpkin":3,"stat.furnaceInteraction":96,"stat.craftItem.minecraft.wooden_slab":150,"stat.playerKills":1,"stat.useItem.minecraft.dark_oak_fence":34,"stat.mineBlock.minecraft.coal_ore":232,"stat.useItem.minecraft.redstone_ore":4,"stat.useItem.minecraft.bread":20,"stat.useItem.minecraft.iron_door":2,"stat.mineBlock.minecraft.log2":74,"stat.craftItem.minecraft.diamond_axe":1,"stat.useItem.minecraft.beef":4,"stat.craftItem.minecraft.redstone":909,"stat.mineBlock.minecraft.tallgrass":92,"stat.mineBlock.minecraft.ice":410,"stat.craftItem.minecraft.dropper":20,"stat.useItem.minecraft.iron_sword":265,"stat.useItem.minecraft.written_book":8,"stat.craftItem.minecraft.crafting_table":11,"stat.mobKills":3144,"stat.mineBlock.minecraft.quartz_ore":63,"stat.craftItem.minecraft.snow_layer":72,"stat.mineBlock.minecraft.stone":11931,"stat.useItem.minecraft.bucket":137,"stat.craftItem.minecraft.diamond_shovel":1,"stat.useItem.minecraft.string":9,"stat.killEntity.Zombie":41,"stat.mineBlock.minecraft.dirt":1732,"stat.mineBlock.minecraft.deadbush":2,"stat.useItem.minecraft.sign":13,"stat.minecartOneCm":1721129,"stat.craftItem.minecraft.glass_pane":16,"stat.useItem.minecraft.armor_stand":1,"stat.useItem.minecraft.pumpkin_pie":2,"stat.useItem.minecraft.piston":14,"stat.craftItem.minecraft.redstone_torch":678,"stat.mineBlock.minecraft.dark_oak_stairs":100,"stat.useItem.minecraft.carrot":64,"stat.useItem.minecraft.trapdoor":20,"stat.craftItem.minecraft.iron_boots":2,"stat.craftItem.minecraft.anvil":1,"stat.craftItem.minecraft.dark_oak_door":3,"stat.swimOneCm":276883,"stat.useItem.minecraft.dark_oak_door":1,"stat.useItem.minecraft.diamond_axe":425,"stat.killEntity.Skeleton":32,"stat.horseOneCm":14843,"stat.walkOneCm":17586590,"stat.useItem.minecraft.slime":40,"stat.mineBlock.minecraft.redstone_lamp":19,"stat.craftItem.minecraft.dark_oak_fence":30,"stat.craftItem.minecraft.stone_brick_stairs":32,"stat.mineBlock.minecraft.lapis_ore":10,"stat.useItem.minecraft.carpet":1,"stat.jump":25585,"stat.mineBlock.minecraft.glass_pane":6,"stat.mineBlock.minecraft.stained_hardened_clay":1508,"stat.useItem.minecraft.porkchop":1,"stat.craftItem.minecraft.stone":503,"stat.killEntity.Witch":4,"stat.mineBlock.minecraft.piston":7,"stat.breakItem.minecraft.iron_pickaxe":1,"stat.mineBlock.minecraft.ladder":8,"stat.mineBlock.minecraft.iron_block":450,"stat.mineBlock.minecraft.snow":126,"stat.craftItem.minecraft.heavy_weighted_pressure_plate":1,"stat.craftItem.minecraft.sign":12,"stat.deaths":17,"stat.mineBlock.minecraft.glowstone":7,"stat.useItem.minecraft.wooden_slab":64,"stat.mineBlock.minecraft.gravel":199,"stat.useItem.minecraft.golden_carrot":20,"stat.mineBlock.minecraft.lever":7,"stat.mineBlock.minecraft.stained_glass_pane":6,"stat.useItem.minecraft.stone_stairs":1,"stat.craftItem.minecraft.planks":2379,"stat.craftItem.minecraft.trapdoor":20,"stat.mineBlock.minecraft.redstone_ore":31,"stat.chestOpened":2308,"stat.tradedWithVillager":464,"stat.itemEnchanted":22,"stat.brewingstandInteraction":51,"stat.craftItem.minecraft.shears":3,"stat.useItem.minecraft.cauldron":2,"stat.craftItem.minecraft.stained_glass":264,"stat.killEntity.Squid":1,"stat.useItem.minecraft.iron_pickaxe":487,"stat.sprintOneCm":8117044,"stat.useItem.minecraft.sea_lantern":18,"stat.useItem.minecraft.dirt":1282}