{"stat.beaconInteraction":5,"stat.useItem.minecraft.bow":867,"stat.useItem.minecraft.quartz_block":347,"stat.useItem.minecraft.painting":14,"stat.leaveGame":512,"stat.useItem.minecraft.glowstone":413,"stat.mineBlock.minecraft.sandstone":12,"stat.craftItem.minecraft.ender_eye":2,"stat.mineBlock.minecraft.stained_glass":1450,"stat.killEntity.PigZombie":57,"stat.mineBlock.minecraft.web":61,"stat.craftItem.minecraft.stone_pressure_plate":73,"achievement.snipeSkeleton":1,"stat.useItem.minecraft.sandstone_stairs":1,"achievement.diamondsToYou":2,"stat.useItem.minecraft.activator_rail":4,"stat.craftItem.minecraft.stone_axe":1,"stat.useItem.minecraft.vine":107,"stat.craftItem.minecraft.noteblock":24,"stat.useItem.minecraft.rail":2361,"stat.killEntity.Enderman":3498,"stat.mineBlock.minecraft.wooden_slab":183,"stat.useItem.minecraft.anvil":24,"stat.craftItem.minecraft.iron_shovel":18,"achievement.buildPickaxe":97,"stat.killEntity.Witch":8,"stat.mineBlock.minecraft.end_stone":313,"stat.useItem.minecraft.iron_pickaxe":3069,"stat.craftItem.minecraft.wooden_pickaxe":5,"stat.craftItem.minecraft.iron_door":6,"stat.useItem.minecraft.iron_shovel":2,"stat.craftItem.minecraft.bed":11,"stat.craftItem.minecraft.glass_pane":192,"stat.useItem.minecraft.hardened_clay":55,"stat.mineBlock.minecraft.hopper":84,"stat.mineBlock.minecraft.vine":259,"stat.mineBlock.minecraft.sticky_piston":81,"stat.furnaceInteraction":241,"stat.useItem.minecraft.golden_carrot":8,"stat.mineBlock.minecraft.rail":768,"stat.useItem.minecraft.pumpkin_seeds":1,"stat.noteblockPlayed":394,"stat.useItem.minecraft.end_stone":106,"stat.useItem.minecraft.double_plant":2,"stat.mineBlock.minecraft.wooden_button":4,"stat.useItem.minecraft.trapdoor":68,"stat.mineBlock.minecraft.stained_hardened_clay":400,"stat.useItem.minecraft.stained_glass":8347,"stat.craftItem.minecraft.prismarine":311,"stat.useItem.minecraft.fence":417,"achievement.openInventory":18513,"stat.craftItem.minecraft.daylight_detector":62,"stat.useItem.minecraft.flint_and_steel":116,"stat.mineBlock.minecraft.fence":372,"stat.mineBlock.minecraft.sea_lantern":406,"stat.useItem.minecraft.wheat_seeds":4037,"stat.useItem.minecraft.wooden_button":11,"stat.craftItem.minecraft.dropper":2,"stat.useItem.minecraft.dye":1801,"stat.useItem.minecraft.beef":6,"stat.deaths":73,"stat.craftItem.minecraft.item_frame":58,"stat.craftItem.minecraft.wooden_shovel":1,"stat.mineBlock.minecraft.stone_pressure_plate":9,"stat.useItem.minecraft.nether_brick":2,"stat.craftItem.minecraft.iron_pickaxe":9,"stat.craftItem.minecraft.repeater":126,"stat.craftItem.minecraft.cooked_mutton":3,"stat.mineBlock.minecraft.tallgrass":2669,"stat.chestOpened":4351,"stat.useItem.minecraft.lapis_ore":125,"stat.craftItem.minecraft.sign":147,"stat.useItem.minecraft.stone":55294,"stat.killEntity.Ghast":37,"stat.useItem.minecraft.ender_chest":13,"stat.craftItem.minecraft.quartz_block":5690,"stat.craftItem.minecraft.coal":1908,"stat.craftItem.minecraft.ender_chest":1,"stat.crouchOneCm":4234016,"achievement.killCow":132,"stat.craftItem.minecraft.diamond":9,"stat.mineBlock.minecraft.chest":340,"stat.craftItem.minecraft.iron_ingot":4148,"stat.mineBlock.minecraft.hardened_clay":321,"stat.craftItem.minecraft.hopper":225,"stat.craftingTableInteraction":261,"stat.useItem.minecraft.emerald_ore":2,"stat.mineBlock.minecraft.wooden_pressure_plate":1,"stat.mineBlock.minecraft.log2":335,"stat.useItem.minecraft.dark_oak_fence":22,"stat.useItem.minecraft.reeds":2,"stat.craftItem.minecraft.wooden_sword":6,"stat.craftItem.minecraft.diamond_shovel":18,"stat.mineBlock.minecraft.glass":399,"stat.useItem.minecraft.enchanting_table":2,"stat.mineBlock.minecraft.ender_chest":12,"stat.mineBlock.minecraft.daylight_detector":10,"stat.mineBlock.minecraft.dirt":31699,"stat.flowerPotted":1,"stat.useItem.minecraft.bread":24,"stat.useItem.minecraft.cobblestone":2946,"stat.mineBlock.minecraft.activator_rail":3,"stat.useItem.minecraft.gravel":27,"stat.mineBlock.minecraft.double_plant":59,"stat.minecartOneCm":29889588,"stat.useItem.minecraft.yellow_flower":1,"stat.craftItem.minecraft.gold_ingot":2199,"stat.useItem.minecraft.tallgrass":26,"stat.useItem.minecraft.glass_pane":202,"achievement.portal":948,"stat.craftItem.minecraft.bucket":36,"stat.useItem.minecraft.iron_sword":143,"stat.craftItem.minecraft.planks":15792,"stat.itemEnchanted":62,"stat.mineBlock.minecraft.prismarine":79,"stat.useItem.minecraft.daylight_detector":60,"stat.useItem.minecraft.stonebrick":1077,"stat.mineBlock.minecraft.log":5545,"stat.craftItem.minecraft.wooden_door":6,"stat.mineBlock.minecraft.heavy_weighted_pressure_plate":13,"stat.mineBlock.minecraft.waterlily":69,"stat.useItem.minecraft.wooden_door":4,"stat.useItem.minecraft.spruce_door":5,"achievement.acquireIron":71,"stat.craftItem.minecraft.paper":615,"stat.useItem.minecraft.wooden_axe":33,"stat.craftItem.minecraft.spruce_door":9,"stat.craftItem.minecraft.diamond_leggings":4,"stat.useItem.minecraft.iron_axe":7,"stat.mineBlock.minecraft.pumpkin":43,"stat.mineBlock.minecraft.cobblestone":1408,"stat.useItem.minecraft.beacon":4,"stat.mineBlock.minecraft.yellow_flower":58,"stat.craftItem.minecraft.quartz_stairs":2384,"stat.useItem.minecraft.skull":20,"stat.craftItem.minecraft.wool":14,"stat.mineBlock.minecraft.stained_glass_pane":691,"stat.useItem.minecraft.snow":292,"achievement.buildWorkBench":83,"stat.breakItem.minecraft.iron_pickaxe":1,"stat.useItem.minecraft.obsidian":121,"stat.craftItem.minecraft.furnace":216,"stat.craftItem.minecraft.lapis_block":74,"stat.mineBlock.minecraft.detector_rail":11,"stat.useItem.minecraft.egg":1129,"stat.craftItem.minecraft.iron_boots":8,"stat.craftItem.minecraft.cooked_beef":518,"stat.mineBlock.minecraft.obsidian":91,"stat.craftItem.minecraft.bow":103,"stat.useItem.minecraft.spruce_fence_gate":3,"stat.mineBlock.minecraft.clay":60,"stat.mineBlock.minecraft.noteblock":4,"stat.flyOneCm":27186168,"stat.craftItem.minecraft.stained_glass":9096,"stat.timeSinceDeath":787646,"stat.useItem.minecraft.wooden_slab":746,"stat.useItem.minecraft.iron_door":5,"stat.craftItem.minecraft.iron_block":1072,"stat.killEntity.Bat":3,"stat.craftItem.minecraft.stonebrick":1796,"stat.breakItem.minecraft.diamond_pickaxe":2,"stat.useItem.minecraft.potato":379,"stat.mineBlock.minecraft.enchanting_table":1,"stat.mineBlock.minecraft.coal_ore":7217,"stat.killEntity.Creeper":103,"stat.useItem.minecraft.armor_stand":7,"stat.talkedToVillager":7,"stat.craftItem.minecraft.stone_hoe":2,"stat.craftItem.minecraft.golden_helmet":1,"stat.mineBlock.minecraft.ladder":554,"stat.useItem.minecraft.milk_bucket":1,"achievement.buildSword":30,"stat.useItem.minecraft.written_book":18,"stat.useItem.minecraft.dropper":2,"stat.killEntity.Squid":59,"stat.useItem.minecraft.diamond_shovel":49665,"stat.sprintOneCm":53350967,"stat.mineBlock.minecraft.stone_slab":2648,"stat.craftItem.minecraft.wooden_axe":10,"stat.useItem.minecraft.snowball":261,"stat.mineBlock.minecraft.diamond_ore":359,"stat.craftItem.minecraft.wooden_pressure_plate":12,"stat.craftItem.minecraft.redstone_lamp":219,"achievement.killEnemy":4312,"stat.craftItem.minecraft.golden_sword":2,"stat.useItem.minecraft.wooden_sword":48,"stat.useItem.minecraft.banner":31,"stat.useItem.minecraft.ladder":1440,"stat.useItem.minecraft.diamond_ore":129,"stat.killEntity.Zombie":173,"stat.craftItem.minecraft.dye":6133,"stat.useItem.minecraft.birch_stairs":7,"stat.craftItem.minecraft.diamond_axe":2,"stat.mineBlock.minecraft.gold_ore":431,"stat.craftItem.minecraft.slime_ball":18,"stat.diveOneCm":1778840,"stat.mineBlock.minecraft.mossy_cobblestone":90,"stat.useItem.minecraft.sticky_piston":201,"stat.craftItem.minecraft.ladder":771,"achievement.buildHoe":5,"stat.mineBlock.minecraft.stone_button":7,"stat.craftItem.minecraft.cooked_porkchop":2,"stat.useItem.minecraft.heavy_weighted_pressure_plate":17,"stat.craftItem.minecraft.diamond_sword":10,"stat.useItem.minecraft.iron_trapdoor":21,"stat.useItem.minecraft.sand":131,"stat.jump":185098,"stat.craftItem.minecraft.lever":347,"stat.craftItem.minecraft.torch":4316,"stat.useItem.minecraft.coal_ore":2131,"achievement.makeBread":46,"stat.mineBlock.minecraft.spruce_fence_gate":2,"stat.useItem.minecraft.dispenser":99,"stat.useItem.minecraft.glass":2483,"stat.useItem.minecraft.sapling":402,"stat.mineBlock.minecraft.lapis_ore":339,"achievement.blazeRod":9,"stat.mineBlock.minecraft.glass_pane":185,"stat.damageTaken":121127,"stat.useItem.minecraft.stone_brick_stairs":694,"stat.mineBlock.minecraft.torch":1404,"stat.mineBlock.minecraft.melon_block":24,"stat.mineBlock.minecraft.red_flower":134,"stat.useItem.minecraft.gold_block":262,"stat.mineBlock.minecraft.sapling":16,"stat.noteblockTuned":651,"stat.mineBlock.minecraft.sandstone_stairs":1,"stat.craftItem.minecraft.comparator":32,"stat.craftItem.minecraft.sea_lantern":1344,"stat.craftItem.minecraft.glowstone":96,"stat.useItem.minecraft.slime":370,"stat.mineBlock.minecraft.fence_gate":9,"stat.entityKilledBy.Zombie":2,"stat.useItem.minecraft.snow_layer":994,"stat.killEntity.Silverfish":12,"stat.entityKilledBy.LavaSlime":1,"stat.craftItem.minecraft.stone_slab":9366,"stat.animalsBred":369,"stat.useItem.minecraft.chest":789,"stat.useItem.minecraft.pumpkin":17,"stat.useItem.minecraft.tnt":82,"stat.useItem.minecraft.lava_bucket":2,"stat.useItem.minecraft.melon":60,"stat.useItem.minecraft.item_frame":63,"stat.craftItem.minecraft.iron_chestplate":2,"stat.useItem.minecraft.stained_hardened_clay":249,"stat.useItem.minecraft.redstone_ore":60,"stat.breakItem.minecraft.stone_hoe":1,"stat.useItem.minecraft.netherrack":4657,"stat.craftItem.minecraft.stained_glass_pane":2816,"stat.mineBlock.minecraft.tnt":2,"stat.craftItem.minecraft.bookshelf":17,"stat.useItem.minecraft.tripwire_hook":5,"stat.mineBlock.minecraft.stonebrick":249,"stat.mineBlock.minecraft.glowstone":924,"stat.mobKills":48179,"stat.mineBlock.minecraft.bookshelf":24,"stat.craftItem.minecraft.shears":60,"stat.useItem.minecraft.boat":4,"stat.craftItem.minecraft.lead":8,"stat.useItem.minecraft.mossy_cobblestone":2,"stat.craftItem.minecraft.golden_shovel":5,"stat.breakItem.minecraft.diamond_shovel":1,"stat.useItem.minecraft.writable_book":4,"achievement.bookcase":4,"stat.craftItem.minecraft.spruce_stairs":688,"stat.useItem.minecraft.string":4,"stat.useItem.minecraft.bookshelf":33,"stat.craftItem.minecraft.iron_axe":1,"stat.useItem.minecraft.soul_sand":51,"stat.useItem.minecraft.lead":4,"stat.killEntity.Blaze":18,"stat.useItem.minecraft.mutton":5,"stat.useItem.minecraft.planks":2487,"stat.useItem.minecraft.red_sandstone_stairs":2,"stat.mineBlock.minecraft.red_mushroom":87,"stat.useItem.minecraft.water_bucket":909,"achievement.overpowered":2,"stat.mineBlock.minecraft.stone_brick_stairs":230,"stat.mineBlock.minecraft.nether_brick_fence":4,"stat.craftItem.minecraft.golden_apple":17,"stat.useItem.minecraft.golden_sword":538,"stat.craftItem.minecraft.dark_oak_fence":30,"achievement.diamonds":247,"stat.craftItem.minecraft.lit_pumpkin":13,"stat.craftItem.minecraft.stone_sword":3,"stat.useItem.minecraft.brown_mushroom":1,"stat.useItem.minecraft.ender_pearl":2750,"stat.mineBlock.minecraft.snow_layer":3823,"stat.mineBlock.minecraft.sand":11491,"stat.craftItem.minecraft.wooden_hoe":1,"stat.craftItem.minecraft.slime":162,"achievement.buildBetterPickaxe":88,"stat.craftItem.minecraft.blaze_powder":2,"stat.useItem.minecraft.fence_gate":9,"stat.hopperInspected":381,"stat.breakItem.minecraft.flint_and_steel":1,"stat.trappedChestTriggered":161,"achievement.breedCow":245,"stat.useItem.minecraft.oak_stairs":20,"stat.craftItem.minecraft.golden_carrot":16,"stat.useItem.minecraft.dark_oak_stairs":3,"stat.mineBlock.minecraft.lapis_block":1,"stat.useItem.minecraft.minecart":529,"stat.useItem.minecraft.cooked_mutton":3,"stat.useItem.minecraft.redstone":723,"achievement.overkill":266,"stat.mineBlock.minecraft.redstone_lamp":32,"achievement.mineWood":5365,"stat.useItem.minecraft.stone_stairs":160,"stat.craftItem.minecraft.fence_gate":4,"stat.useItem.minecraft.hopper":241,"stat.mineBlock.minecraft.soul_sand":311,"stat.craftItem.minecraft.heavy_weighted_pressure_plate":12,"stat.mineBlock.minecraft.oak_stairs":12,"achievement.ghast":4,"stat.playOneMinute":23627917,"stat.useItem.minecraft.shears":2378,"stat.useItem.minecraft.fish":5,"stat.mineBlock.minecraft.dark_oak_fence":2,"stat.craftItem.minecraft.carpet":207,"stat.mineBlock.minecraft.netherrack":11488,"stat.mineBlock.minecraft.dispenser":79,"stat.mineBlock.minecraft.ice":3,"stat.craftItem.minecraft.dark_oak_stairs":12,"stat.craftItem.minecraft.redstone_torch":518,"stat.craftItem.minecraft.golden_rail":630,"stat.useItem.minecraft.packed_ice":176,"stat.useItem.minecraft.quartz_ore":8022,"stat.mineBlock.minecraft.gold_block":110,"stat.fallOneCm":5790621,"stat.useItem.minecraft.trapped_chest":4,"stat.craftItem.minecraft.chest":725,"stat.useItem.minecraft.nether_brick_fence":4,"stat.craftItem.minecraft.banner":24,"stat.mineBlock.minecraft.lever":59,"stat.dropperInspected":67,"stat.useItem.minecraft.golden_rail":567,"stat.craftItem.minecraft.detector_rail":66,"stat.craftItem.minecraft.wooden_button":14,"stat.useItem.minecraft.furnace":248,"stat.mineBlock.minecraft.spruce_fence":105,"stat.mineBlock.minecraft.snow":91,"stat.mineBlock.minecraft.gravel":1918,"stat.useItem.minecraft.stone_pickaxe":331,"stat.craftItem.minecraft.birch_stairs":40,"stat.craftItem.minecraft.iron_leggings":2,"stat.useItem.minecraft.stone_sword":79,"stat.mineBlock.minecraft.beacon":3,"stat.killEntity.Rabbit":4,"stat.useItem.minecraft.wool":5046,"stat.craftItem.minecraft.oak_stairs":44,"stat.useItem.minecraft.iron_bars":123,"stat.mineBlock.minecraft.monster_egg":5,"stat.mineBlock.minecraft.quartz_stairs":588,"stat.useItem.minecraft.torch":5987,"stat.craftItem.minecraft.redstone_block":258,"stat.craftItem.minecraft.stone_stairs":184,"stat.useItem.minecraft.log":1016,"stat.useItem.minecraft.comparator":52,"stat.craftItem.minecraft.crafting_table":44,"stat.craftItem.minecraft.boat":3,"stat.killEntity.LavaSlime":82,"stat.mineBlock.minecraft.emerald_ore":8,"stat.useItem.minecraft.cooked_fish":63,"achievement.theEnd2":119,"stat.craftItem.minecraft.stone_button":111,"stat.mineBlock.minecraft.golden_rail":83,"stat.breakItem.minecraft.iron_helmet":1,"stat.entityKilledBy.Enderman":5,"stat.mineBlock.minecraft.iron_block":450,"stat.craftItem.minecraft.snow":1860,"stat.useItem.minecraft.wooden_pressure_plate":14,"stat.useItem.minecraft.stone_hoe":218,"stat.craftItem.minecraft.flower_pot":1,"stat.craftItem.minecraft.sugar":64,"stat.craftItem.minecraft.golden_boots":1,"stat.mineBlock.minecraft.cobblestone_wall":6,"stat.craftItem.minecraft.spruce_fence_gate":17,"stat.useItem.minecraft.baked_potato":492,"stat.useItem.minecraft.fishing_rod":21,"stat.craftItem.minecraft.enchanting_table":1,"stat.craftItem.minecraft.diamond_chestplate":5,"stat.useItem.minecraft.lapis_block":21,"stat.craftItem.minecraft.sticky_piston":132,"stat.horseOneCm":277869,"stat.useItem.minecraft.repeater":180,"stat.useItem.minecraft.log2":37,"stat.mineBlock.minecraft.slime":264,"stat.craftItem.minecraft.stone_brick_stairs":548,"stat.mineBlock.minecraft.brown_mushroom":121,"stat.useItem.minecraft.diamond_sword":3773,"stat.craftItem.minecraft.diamond_helmet":7,"stat.craftItem.minecraft.iron_trapdoor":7,"stat.swimOneCm":997782,"stat.climbOneCm":2755154,"stat.mineBlock.minecraft.spruce_stairs":482,"stat.craftItem.minecraft.gold_block":407,"stat.enderchestOpened":64,"stat.useItem.minecraft.redstone_torch":188,"stat.useItem.minecraft.dirt":20380,"achievement.exploreAllBiomes":{"value":0,"progress":["Birch Forest","Roofed Forest","The End","Beach","Mesa Plateau","Extreme Hills+","River","Ocean","Taiga","Swampland","Birch Forest Hills","Roofed Forest M","Mesa Plateau F","Mesa","ForestHills","Flower Forest","Plains","Mesa Plateau M","Ice Plains Spikes","TaigaHills","DesertHills","Stone Beach","Forest","Desert","Extreme Hills","Mesa (Bryce)","Deep Ocean","Savanna","Hell"]},"stat.useItem.minecraft.red_flower":10,"stat.useItem.minecraft.iron_ore":19,"stat.useItem.minecraft.detector_rail":40,"stat.craftItem.minecraft.trapdoor":76,"stat.craftItem.minecraft.stone_pickaxe":9,"stat.mineBlock.minecraft.carpet":103,"stat.mineBlock.minecraft.redstone_block":41,"stat.useItem.minecraft.stone_shovel":81,"stat.useItem.minecraft.cooked_beef":1919,"stat.craftItem.minecraft.wooden_slab":1002,"stat.craftItem.minecraft.dispenser":100,"stat.craftItem.minecraft.book":205,"stat.mineBlock.minecraft.iron_ore":1231,"stat.useItem.minecraft.sign":332,"achievement.theEnd":39,"stat.useItem.minecraft.noteblock":28,"stat.useItem.minecraft.lever":399,"stat.useItem.minecraft.cooked_porkchop":2,"stat.mineBlock.minecraft.nether_brick":2,"stat.mineBlock.minecraft.red_sandstone_stairs":2,"stat.useItem.minecraft.sea_lantern":1448,"stat.craftItem.minecraft.snow_layer":1134,"stat.useItem.minecraft.spruce_fence":795,"stat.craftItem.minecraft.stick":6184,"stat.useItem.minecraft.stone_slab":9710,"stat.useItem.minecraft.bed":43,"stat.craftItem.minecraft.gold_nugget":324,"stat.craftItem.minecraft.stone":12440,"stat.craftItem.minecraft.armor_stand":1,"stat.mineBlock.minecraft.crafting_table":64,"stat.useItem.minecraft.stone_pressure_plate":21,"stat.useItem.minecraft.diamond_pickaxe":146607,"stat.mineBlock.minecraft.quartz_block":139,"stat.killEntity.Endermite":39,"stat.useItem.minecraft.carrot":508,"stat.useItem.minecraft.wooden_shovel":34,"stat.useItem.minecraft.bucket":932,"stat.entityKilledBy.Creeper":1,"stat.breakItem.minecraft.shears":10,"achievement.buildFurnace":431,"stat.mineBlock.minecraft.planks":1450,"stat.drop":630,"stat.killEntity.Sheep":8,"stat.craftItem.minecraft.diamond_pickaxe":38,"stat.craftItem.minecraft.piston":164,"stat.useItem.minecraft.quartz_stairs":2868,"stat.useItem.minecraft.glass_bottle":7,"stat.killEntity.Slime":24,"stat.mineBlock.minecraft.anvil":11,"stat.useItem.minecraft.diamond_axe":10169,"stat.useItem.minecraft.waterlily":46,"stat.useItem.minecraft.apple":1,"stat.mineBlock.minecraft.deadbush":5,"stat.useItem.minecraft.carpet":257,"stat.useItem.minecraft.potion":15,"stat.useItem.minecraft.stained_glass_pane":2577,"stat.useItem.minecraft.flower_pot":1,"stat.useItem.minecraft.wooden_hoe":1,"stat.useItem.minecraft.stone_axe":122,"stat.craftItem.minecraft.bread":23,"stat.useItem.minecraft.stone_button":48,"stat.craftItem.minecraft.iron_helmet":7,"stat.craftItem.minecraft.rail":1920,"stat.useItem.minecraft.cooked_chicken":618,"stat.boatOneCm":26300,"stat.mineBlock.minecraft.iron_bars":35,"stat.craftItem.minecraft.flint_and_steel":10,"stat.useItem.minecraft.redstone_lamp":222,"stat.mineBlock.minecraft.leaves2":370,"stat.mineBlock.minecraft.stone_stairs":68,"stat.craftItem.minecraft.activator_rail":60,"stat.craftItem.minecraft.iron_bars":160,"stat.mineBlock.minecraft.furnace":84,"stat.dispenserInspected":371,"stat.useItem.minecraft.wooden_pickaxe":16,"stat.killEntity.CaveSpider":60,"stat.damageDealt":488391,"stat.craftItem.minecraft.glass":5192,"stat.craftItem.minecraft.baked_potato":518,"stat.craftItem.minecraft.anvil":6,"stat.killEntity.Cow":387,"stat.useItem.minecraft.crafting_table":89,"stat.killEntity.Pig":3,"stat.craftItem.minecraft.iron_sword":1,"stat.craftItem.minecraft.stone_shovel":1,"stat.walkOneCm":108338405,"stat.playerKills":12,"achievement.enchantments":2,"stat.mineBlock.minecraft.trapped_chest":5,"stat.breakItem.minecraft.stone_pickaxe":2,"stat.craftItem.minecraft.diamond_boots":7,"stat.useItem.minecraft.redstone_block":57,"stat.useItem.minecraft.spruce_stairs":748,"stat.mineBlock.minecraft.wool":877,"stat.craftItem.minecraft.redstone":1427,"stat.mineBlock.minecraft.packed_ice":49,"stat.useItem.minecraft.leaves":622,"stat.craftItem.minecraft.minecart":116,"stat.useItem.minecraft.cactus":25,"stat.useItem.minecraft.prismarine":126,"stat.killEntity.Skeleton":160,"stat.mineBlock.minecraft.cactus":40,"stat.killEntity.Chicken":775,"stat.mineBlock.minecraft.redstone_torch":67,"stat.useItem.minecraft.iron_block":1135,"stat.killEntity.Spider":41,"stat.mineBlock.minecraft.quartz_ore":17633,"stat.craftItem.minecraft.tnt":7,"stat.craftItem.minecraft.spruce_fence":879,"stat.craftItem.minecraft.fence":309,"stat.useItem.minecraft.golden_apple":8,"stat.mineBlock.minecraft.leaves":2453,"stat.mineBlock.minecraft.piston":1,"stat.mineBlock.minecraft.redstone_ore":1326,"stat.craftItem.minecraft.coal_block":168,"stat.craftItem.minecraft.tripwire_hook":2,"stat.craftItem.minecraft.brick":14,"stat.mineBlock.minecraft.stone":96467,"stat.useItem.minecraft.sandstone":6}