{"stat.mineBlock.minecraft.stonebrick":96,"stat.craftItem.minecraft.iron_helmet":2,"stat.mineBlock.minecraft.emerald_ore":6,"stat.useItem.minecraft.iron_hoe":13,"achievement.acquireIron":32,"stat.useItem.minecraft.minecart":5,"stat.useItem.minecraft.iron_shovel":905,"stat.damageDealt":45105,"stat.useItem.minecraft.fence":33,"stat.craftItem.minecraft.minecart":1,"stat.killEntity.Bat":4,"stat.crouchOneCm":595750,"stat.useItem.minecraft.shears":157,"stat.useItem.minecraft.potato":251,"achievement.exploreAllBiomes":{"value":0,"progress":["Sunflower Plains","Desert","Extreme Hills+","Taiga","Flower Forest","Extreme Hills","Ice Plains Spikes","Plains","Birch Forest Hills M","Hell","Birch Forest Hills","ForestHills","Forest","DesertHills","Birch Forest","Mesa","Roofed Forest","Savanna","Swampland","River"]},"stat.mineBlock.minecraft.double_plant":5,"stat.craftItem.minecraft.iron_pickaxe":19,"stat.mineBlock.minecraft.yellow_flower":31,"stat.mineBlock.minecraft.golden_rail":3,"stat.breakItem.minecraft.iron_shovel":3,"stat.useItem.minecraft.chest":15,"stat.craftItem.minecraft.golden_rail":42,"stat.mineBlock.minecraft.furnace":15,"stat.craftItem.minecraft.cobblestone_wall":66,"stat.craftItem.minecraft.bed":1,"stat.useItem.minecraft.stone_brick_stairs":6,"stat.killEntity.Sheep":6,"stat.mineBlock.minecraft.sand":1931,"stat.useItem.minecraft.cobblestone":612,"stat.craftItem.minecraft.iron_sword":5,"stat.mineBlock.minecraft.monster_egg":6,"stat.breakItem.minecraft.iron_axe":1,"stat.mineBlock.minecraft.sandstone":1,"stat.mineBlock.minecraft.waterlily":1,"stat.craftItem.minecraft.chest":21,"stat.mineBlock.minecraft.redstone_torch":2,"stat.useItem.minecraft.stained_glass":186,"achievement.openInventory":922,"stat.useItem.minecraft.spruce_fence":10,"stat.killEntity.Cow":1,"stat.mineBlock.minecraft.web":2,"stat.useItem.minecraft.diamond_pickaxe":5835,"stat.mineBlock.minecraft.stained_glass":38,"stat.mineBlock.minecraft.spruce_stairs":17,"stat.craftItem.minecraft.iron_chestplate":2,"stat.useItem.minecraft.diamond_shovel":2329,"stat.useItem.minecraft.snowball":2,"stat.craftItem.minecraft.furnace":22,"stat.craftItem.minecraft.torch":944,"stat.mineBlock.minecraft.log":371,"stat.useItem.minecraft.cooked_mutton":7,"stat.useItem.minecraft.planks":622,"stat.talkedToVillager":3,"achievement.portal":28,"stat.fallOneCm":434167,"stat.craftItem.minecraft.wooden_button":10,"stat.mineBlock.minecraft.diamond_ore":29,"stat.flyOneCm":1717876,"stat.mineBlock.minecraft.chest":5,"achievement.buildPickaxe":45,"stat.mineBlock.minecraft.torch":59,"stat.mineBlock.minecraft.iron_ore":251,"achievement.buildFurnace":44,"stat.damageTaken":11985,"stat.useItem.minecraft.cooked_chicken":104,"stat.useItem.minecraft.boat":3,"stat.useItem.minecraft.torch":689,"stat.craftItem.minecraft.coal":87,"stat.craftItem.minecraft.bread":51,"stat.useItem.minecraft.bed":1,"stat.useItem.minecraft.stone_pickaxe":514,"stat.craftItem.minecraft.cooked_mutton":7,"stat.useItem.minecraft.water_bucket":3,"stat.craftItem.minecraft.stone_axe":1,"stat.useItem.minecraft.wheat_seeds":214,"stat.craftItem.minecraft.stone_pickaxe":7,"stat.mineBlock.minecraft.gold_ore":79,"stat.mineBlock.minecraft.cobblestone":252,"stat.craftItem.minecraft.ladder":195,"stat.mineBlock.minecraft.rail":89,"stat.useItem.minecraft.stonebrick":362,"achievement.buildWorkBench":17,"stat.useItem.minecraft.golden_rail":30,"stat.useItem.minecraft.dye":106,"stat.useItem.minecraft.stone":278,"stat.useItem.minecraft.furnace":29,"stat.mineBlock.minecraft.spruce_fence":1,"stat.craftItem.minecraft.iron_leggings":2,"stat.useItem.minecraft.rail":61,"stat.useItem.minecraft.ladder":155,"stat.useItem.minecraft.log2":59,"stat.useItem.minecraft.stone_sword":98,"stat.climbOneCm":262314,"stat.useItem.minecraft.potion":12,"stat.mineBlock.minecraft.stone_stairs":4,"stat.useItem.minecraft.sapling":57,"stat.drop":44,"stat.useItem.minecraft.bow":35,"stat.craftItem.minecraft.iron_hoe":1,"stat.craftItem.minecraft.boat":3,"stat.useItem.minecraft.spruce_stairs":32,"stat.craftItem.minecraft.iron_axe":8,"achievement.makeBread":102,"stat.mineBlock.minecraft.crafting_table":3,"stat.useItem.minecraft.glass_bottle":4,"stat.useItem.minecraft.stone_slab":114,"achievement.diamonds":17,"stat.mineBlock.minecraft.cactus":6,"stat.mineBlock.minecraft.fence":3,"stat.useItem.minecraft.cooked_porkchop":42,"stat.useItem.minecraft.egg":1,"stat.killEntity.Creeper":31,"stat.craftItem.minecraft.stonebrick":468,"stat.mineBlock.minecraft.planks":275,"stat.useItem.minecraft.crafting_table":11,"stat.craftItem.minecraft.stone_slab":138,"stat.killEntity.Enderman":2,"stat.leaveGame":21,"stat.mineBlock.minecraft.stone_brick_stairs":4,"stat.craftItem.minecraft.iron_ingot":96,"achievement.buildBetterPickaxe":45,"stat.useItem.minecraft.ender_pearl":4,"stat.craftItem.minecraft.stone_stairs":60,"stat.mineBlock.minecraft.sapling":3,"stat.timeSinceDeath":207619,"stat.craftItem.minecraft.cooked_porkchop":42,"stat.mineBlock.minecraft.leaves":304,"stat.useItem.minecraft.gravel":4,"stat.mineBlock.minecraft.leaves2":31,"stat.boatOneCm":15982,"achievement.buildSword":8,"stat.craftItem.minecraft.bucket":1,"achievement.buildHoe":2,"stat.craftItem.minecraft.iron_shovel":7,"achievement.mineWood":452,"stat.mineBlock.minecraft.red_flower":10,"stat.mineBlock.minecraft.stone_slab":16,"stat.useItem.minecraft.sand":78,"achievement.killEnemy":122,"stat.useItem.minecraft.iron_axe":807,"stat.craftItem.minecraft.dye":147,"stat.mineBlock.minecraft.snow_layer":3,"stat.craftItem.minecraft.diamond_pickaxe":1,"stat.craftItem.minecraft.fence":30,"stat.playOneMinute":1383946,"stat.useItem.minecraft.redstone_torch":28,"stat.craftItem.minecraft.gold_ingot":71,"stat.killEntity.Pig":20,"stat.useItem.minecraft.stone_shovel":44,"stat.diveOneCm":186925,"stat.useItem.minecraft.gold_ore":1,"stat.craftItem.minecraft.bow":3,"stat.useItem.minecraft.rotten_flesh":7,"stat.killEntity.Spider":14,"stat.craftItem.minecraft.glass":518,"stat.craftItem.minecraft.stone_shovel":2,"stat.craftItem.minecraft.spruce_stairs":24,"stat.animalsBred":21,"stat.mineBlock.minecraft.mossy_cobblestone":60,"stat.craftItem.minecraft.stick":1004,"stat.entityKilledBy.Skeleton":1,"stat.craftItem.minecraft.baked_potato":205,"stat.mineBlock.minecraft.coal_ore":459,"stat.useItem.minecraft.bread":55,"stat.mineBlock.minecraft.log2":100,"stat.craftItem.minecraft.diamond_axe":1,"stat.useItem.minecraft.beef":2,"stat.entityKilledBy.Zombie":1,"stat.mineBlock.minecraft.tallgrass":371,"stat.craftItem.minecraft.stone_sword":1,"stat.useItem.minecraft.iron_sword":490,"stat.craftItem.minecraft.spruce_fence":15,"stat.useItem.minecraft.written_book":1,"stat.useItem.minecraft.stone_axe":25,"stat.craftItem.minecraft.crafting_table":10,"stat.mobKills":781,"stat.mineBlock.minecraft.stone":7794,"stat.useItem.minecraft.bucket":4,"stat.craftItem.minecraft.diamond_shovel":1,"stat.mineBlock.minecraft.cobblestone_wall":16,"stat.killEntity.Zombie":42,"stat.mineBlock.minecraft.dirt":1456,"stat.minecartOneCm":86251,"stat.useItem.minecraft.sign":1,"stat.mineBlock.minecraft.deadbush":1,"stat.craftItem.minecraft.glass_pane":16,"stat.craftItem.minecraft.redstone_torch":57,"stat.useItem.minecraft.carrot":112,"stat.craftItem.minecraft.iron_boots":2,"stat.swimOneCm":280414,"stat.useItem.minecraft.diamond_axe":152,"stat.killEntity.Skeleton":50,"stat.walkOneCm":8532789,"stat.craftItem.minecraft.stone_brick_stairs":12,"stat.mineBlock.minecraft.lapis_ore":50,"stat.jump":18144,"stat.mineBlock.minecraft.glass_pane":1,"stat.useItem.minecraft.porkchop":2,"stat.craftItem.minecraft.stone":558,"stat.killEntity.Witch":3,"stat.useItem.minecraft.apple":7,"stat.breakItem.minecraft.iron_pickaxe":5,"stat.mineBlock.minecraft.ladder":63,"stat.useItem.minecraft.cobblestone_wall":68,"stat.craftItem.minecraft.sign":3,"stat.deaths":5,"stat.mineBlock.minecraft.gravel":173,"stat.useItem.minecraft.golden_carrot":2,"stat.useItem.minecraft.baked_potato":104,"stat.useItem.minecraft.stone_stairs":34,"stat.craftItem.minecraft.planks":1276,"stat.mineBlock.minecraft.redstone_ore":159,"stat.craftItem.minecraft.shears":2,"stat.craftItem.minecraft.stained_glass":240,"stat.killEntity.Squid":3,"stat.useItem.minecraft.mutton":5,"stat.useItem.minecraft.iron_pickaxe":3083,"stat.sprintOneCm":3263080,"stat.useItem.minecraft.dirt":767,"stat.killEntity.CaveSpider":1}