{"stat.beaconInteraction":2,"stat.useItem.minecraft.bow":1004,"stat.useItem.minecraft.quartz_block":24,"stat.useItem.minecraft.painting":19,"stat.leaveGame":197,"stat.useItem.minecraft.glowstone":49,"stat.mineBlock.minecraft.sandstone":336,"stat.craftItem.minecraft.ender_eye":1,"stat.mineBlock.minecraft.stained_glass":38,"stat.killEntity.PigZombie":4,"stat.mineBlock.minecraft.web":314,"stat.craftItem.minecraft.stone_pressure_plate":11,"stat.mineBlock.minecraft.red_sandstone":39,"stat.craftItem.minecraft.stone_axe":6,"stat.useItem.minecraft.rail":531,"stat.killEntity.Enderman":5819,"stat.mineBlock.minecraft.wooden_slab":233,"stat.useItem.minecraft.anvil":18,"stat.craftItem.minecraft.iron_shovel":2,"achievement.buildPickaxe":126,"stat.breakItem.minecraft.bow":1,"stat.killEntity.Witch":10,"stat.useItem.minecraft.iron_pickaxe":3957,"stat.craftItem.minecraft.wooden_pickaxe":9,"stat.craftItem.minecraft.bed":5,"stat.useItem.minecraft.hardened_clay":8,"stat.mineBlock.minecraft.hopper":15,"stat.mineBlock.minecraft.vine":11,"stat.mineBlock.minecraft.sticky_piston":18,"stat.useItem.minecraft.nether_wart":13,"stat.furnaceInteraction":64,"stat.useItem.minecraft.golden_carrot":39,"stat.mineBlock.minecraft.rail":67,"stat.useItem.minecraft.double_plant":3,"stat.mineBlock.minecraft.wooden_button":3,"stat.useItem.minecraft.red_sandstone":57,"stat.useItem.minecraft.trapdoor":46,"stat.mineBlock.minecraft.stained_hardened_clay":2769,"stat.useItem.minecraft.stained_glass":140,"stat.useItem.minecraft.fence":537,"stat.useItem.minecraft.dark_oak_door":15,"stat.useItem.minecraft.acacia_fence":1,"stat.useItem.minecraft.ice":1,"achievement.openInventory":7518,"stat.useItem.minecraft.flint_and_steel":35,"stat.mineBlock.minecraft.fence":458,"stat.mineBlock.minecraft.sea_lantern":45,"stat.useItem.minecraft.wheat_seeds":1658,"stat.useItem.minecraft.wooden_button":6,"stat.craftItem.minecraft.dropper":364,"stat.useItem.minecraft.dye":365,"stat.useItem.minecraft.beef":10,"stat.deaths":11,"stat.craftItem.minecraft.item_frame":38,"stat.mineBlock.minecraft.stone_pressure_plate":3,"stat.useItem.minecraft.nether_brick":2,"stat.craftItem.minecraft.iron_pickaxe":14,"stat.craftItem.minecraft.repeater":28,"stat.craftItem.minecraft.cooked_mutton":21,"stat.mineBlock.minecraft.tallgrass":470,"stat.fishCaught":1,"achievement.potion":12,"stat.chestOpened":1097,"stat.useItem.minecraft.lapis_ore":191,"stat.useItem.minecraft.cooked_rabbit":5,"stat.craftItem.minecraft.sign":135,"stat.useItem.minecraft.stone":12378,"stat.useItem.minecraft.jungle_fence":10,"stat.killEntity.Ghast":9,"stat.useItem.minecraft.ender_chest":1,"stat.craftItem.minecraft.quartz_block":144,"stat.craftItem.minecraft.coal":1248,"stat.craftItem.minecraft.ender_chest":1,"stat.crouchOneCm":3872953,"achievement.killCow":79,"stat.craftItem.minecraft.diamond":54,"stat.mineBlock.minecraft.chest":122,"stat.craftItem.minecraft.iron_ingot":7443,"stat.mineBlock.minecraft.hardened_clay":1018,"stat.craftItem.minecraft.hopper":18,"stat.craftingTableInteraction":108,"stat.mineBlock.minecraft.wooden_pressure_plate":5,"stat.mineBlock.minecraft.log2":8101,"stat.useItem.minecraft.reeds":39,"stat.craftItem.minecraft.wooden_sword":1,"stat.mineBlock.minecraft.jungle_fence":10,"stat.craftItem.minecraft.diamond_shovel":6,"stat.mineBlock.minecraft.glass":13,"stat.useItem.minecraft.enchanting_table":3,"stat.mineBlock.minecraft.dirt":13170,"stat.useItem.minecraft.bread":68,"stat.useItem.minecraft.cobblestone":2764,"stat.useItem.minecraft.gravel":1069,"stat.mineBlock.minecraft.double_plant":12,"stat.minecartOneCm":4204287,"stat.useItem.minecraft.yellow_flower":3,"stat.craftItem.minecraft.gold_ingot":760,"stat.craftItem.minecraft.brewing_stand":3,"stat.breakItem.minecraft.stone_shovel":4,"achievement.portal":274,"stat.craftItem.minecraft.bucket":13,"stat.useItem.minecraft.iron_sword":1015,"stat.craftItem.minecraft.planks":10024,"stat.itemEnchanted":110,"stat.craftItem.minecraft.dirt":52,"stat.craftItem.minecraft.fishing_rod":1,"stat.useItem.minecraft.stonebrick":1427,"stat.mineBlock.minecraft.log":3864,"stat.useItem.minecraft.spruce_door":7,"achievement.acquireIron":135,"stat.craftItem.minecraft.paper":1203,"stat.craftItem.minecraft.trapped_chest":44,"stat.craftItem.minecraft.spruce_door":3,"stat.cakeSlicesEaten":2,"stat.craftItem.minecraft.cooked_rabbit":5,"stat.craftItem.minecraft.diamond_leggings":2,"stat.useItem.minecraft.iron_axe":958,"stat.mineBlock.minecraft.pumpkin":9,"stat.mineBlock.minecraft.cobblestone":1555,"stat.useItem.minecraft.beacon":2,"stat.mineBlock.minecraft.yellow_flower":12,"stat.craftItem.minecraft.quartz_stairs":8,"stat.useItem.minecraft.skull":2,"stat.craftItem.minecraft.wool":51,"stat.mineBlock.minecraft.stained_glass_pane":66,"stat.useItem.minecraft.snow":1126,"achievement.buildWorkBench":101,"stat.mineBlock.minecraft.dropper":19,"stat.breakItem.minecraft.iron_pickaxe":15,"stat.craftItem.minecraft.dark_oak_door":9,"stat.craftItem.minecraft.furnace":168,"stat.craftItem.minecraft.lapis_block":257,"stat.useItem.minecraft.egg":21,"stat.craftItem.minecraft.iron_boots":17,"stat.craftItem.minecraft.cooked_beef":173,"stat.mineBlock.minecraft.obsidian":76,"stat.craftItem.minecraft.bow":33,"stat.useItem.minecraft.spruce_fence_gate":2,"stat.mineBlock.minecraft.clay":22,"stat.flyOneCm":13042545,"stat.craftItem.minecraft.stained_glass":200,"stat.timeSinceDeath":451945,"stat.craftItem.minecraft.painting":6,"stat.useItem.minecraft.wooden_slab":1725,"stat.craftItem.minecraft.iron_block":155,"stat.killEntity.Bat":8,"stat.craftItem.minecraft.stonebrick":7742,"stat.breakItem.minecraft.diamond_pickaxe":3,"stat.useItem.minecraft.potato":391,"stat.mineBlock.minecraft.enchanting_table":1,"stat.mineBlock.minecraft.coal_ore":6728,"stat.killEntity.Creeper":154,"stat.useItem.minecraft.armor_stand":1,"stat.talkedToVillager":10,"stat.breakItem.minecraft.iron_sword":3,"stat.craftItem.minecraft.stone_hoe":2,"stat.mineBlock.minecraft.red_mushroom_block":47,"stat.mineBlock.minecraft.ladder":104,"achievement.buildSword":24,"stat.useItem.minecraft.written_book":19,"stat.useItem.minecraft.dropper":242,"stat.killEntity.Squid":33,"stat.useItem.minecraft.diamond_shovel":18222,"stat.useItem.minecraft.diamond_block":1,"stat.sprintOneCm":27674944,"stat.mineBlock.minecraft.stone_slab":593,"stat.useItem.minecraft.snowball":13,"stat.mineBlock.minecraft.diamond_ore":530,"stat.useItem.minecraft.brown_mushroom_block":1,"stat.craftItem.minecraft.wooden_pressure_plate":8,"stat.craftItem.minecraft.speckled_melon":1,"stat.craftItem.minecraft.redstone_lamp":44,"achievement.killEnemy":7523,"stat.craftItem.minecraft.golden_sword":1,"stat.useItem.minecraft.ladder":467,"stat.useItem.minecraft.diamond_ore":329,"stat.craftItem.minecraft.emerald":2,"stat.killEntity.Zombie":410,"stat.craftItem.minecraft.dye":1836,"stat.craftItem.minecraft.diamond_axe":3,"stat.mineBlock.minecraft.gold_ore":528,"stat.diveOneCm":642528,"stat.mineBlock.minecraft.mossy_cobblestone":191,"stat.useItem.minecraft.sticky_piston":22,"stat.craftItem.minecraft.ladder":507,"achievement.buildHoe":3,"stat.mineBlock.minecraft.stone_button":18,"stat.craftItem.minecraft.cooked_porkchop":27,"stat.useItem.minecraft.chicken":1,"stat.useItem.minecraft.rotten_flesh":4,"stat.craftItem.minecraft.diamond_sword":3,"stat.useItem.minecraft.iron_trapdoor":21,"stat.useItem.minecraft.sand":62,"stat.jump":92488,"stat.craftItem.minecraft.lever":8,"stat.craftItem.minecraft.torch":6824,"stat.useItem.minecraft.coal_ore":1800,"achievement.makeBread":124,"stat.craftItem.minecraft.fermented_spider_eye":16,"stat.mineBlock.minecraft.spruce_fence_gate":1,"stat.useItem.minecraft.dispenser":6,"stat.useItem.minecraft.glass":19,"stat.useItem.minecraft.sapling":136,"stat.mineBlock.minecraft.lapis_ore":520,"achievement.blazeRod":4,"stat.mineBlock.minecraft.glass_pane":27,"stat.brewingstandInteraction":43,"stat.damageTaken":31778,"stat.useItem.minecraft.stone_brick_stairs":1134,"stat.mineBlock.minecraft.torch":795,"stat.mineBlock.minecraft.melon_block":3,"stat.mineBlock.minecraft.red_flower":40,"stat.useItem.minecraft.gold_block":8,"stat.tradedWithVillager":4,"stat.useItem.minecraft.acacia_door":2,"stat.mineBlock.minecraft.sapling":1,"stat.craftItem.minecraft.comparator":7,"stat.craftItem.minecraft.glowstone":257,"stat.useItem.minecraft.slime":33,"stat.useItem.minecraft.snow_layer":70,"stat.killEntity.Silverfish":1,"stat.craftItem.minecraft.stone_slab":6529,"stat.animalsBred":214,"stat.useItem.minecraft.chest":317,"stat.useItem.minecraft.pumpkin":1,"stat.useItem.minecraft.tnt":22,"stat.useItem.minecraft.lava_bucket":73,"stat.useItem.minecraft.melon":23,"stat.useItem.minecraft.item_frame":67,"stat.craftItem.minecraft.iron_chestplate":2,"stat.useItem.minecraft.stained_hardened_clay":792,"stat.useItem.minecraft.redstone_ore":1158,"stat.useItem.minecraft.netherrack":253,"stat.craftItem.minecraft.stained_glass_pane":160,"stat.mineBlock.minecraft.tnt":1,"stat.craftItem.minecraft.bookshelf":36,"stat.mineBlock.minecraft.stonebrick":341,"stat.mineBlock.minecraft.glowstone":141,"stat.mobKills":21166,"stat.mineBlock.minecraft.bookshelf":1,"stat.craftItem.minecraft.shears":4,"stat.craftItem.minecraft.lead":4,"stat.useItem.minecraft.mossy_cobblestone":6,"stat.useItem.minecraft.cobblestone_wall":227,"stat.breakItem.minecraft.diamond_shovel":1,"stat.useItem.minecraft.writable_book":16,"achievement.bookcase":72,"stat.craftItem.minecraft.spruce_stairs":8,"stat.breakItem.minecraft.stone_sword":1,"stat.useItem.minecraft.bookshelf":37,"stat.craftItem.minecraft.iron_axe":3,"stat.useItem.minecraft.soul_sand":16,"stat.killEntity.Blaze":11,"stat.useItem.minecraft.planks":1155,"stat.mineBlock.minecraft.red_mushroom":6,"stat.useItem.minecraft.water_bucket":358,"stat.mineBlock.minecraft.stone_brick_stairs":154,"stat.craftItem.minecraft.golden_apple":10,"stat.useItem.minecraft.golden_sword":35,"achievement.diamonds":262,"stat.craftItem.minecraft.cobblestone_wall":252,"stat.craftItem.minecraft.stone_sword":3,"stat.useItem.minecraft.ender_pearl":164,"stat.mineBlock.minecraft.snow_layer":375,"stat.mineBlock.minecraft.sand":1673,"stat.craftItem.minecraft.cooked_fish":1,"stat.craftItem.minecraft.slime":75,"achievement.buildBetterPickaxe":109,"stat.craftItem.minecraft.blaze_powder":4,"stat.hopperInspected":5,"stat.useItem.minecraft.fence_gate":2,"stat.craftItem.minecraft.birch_door":3,"stat.trappedChestTriggered":151,"achievement.breedCow":167,"stat.useItem.minecraft.oak_stairs":606,"stat.craftItem.minecraft.golden_carrot":64,"stat.mineBlock.minecraft.dark_oak_stairs":27,"stat.useItem.minecraft.dark_oak_stairs":27,"stat.useItem.minecraft.minecart":19,"stat.useItem.minecraft.cooked_mutton":20,"stat.useItem.minecraft.redstone":193,"achievement.overkill":850,"stat.mineBlock.minecraft.redstone_lamp":2,"achievement.mineWood":10465,"stat.useItem.minecraft.stone_stairs":494,"stat.craftItem.minecraft.fence_gate":2,"stat.useItem.minecraft.hopper":24,"stat.mineBlock.minecraft.soul_sand":80,"stat.craftItem.minecraft.heavy_weighted_pressure_plate":446,"stat.mineBlock.minecraft.oak_stairs":214,"stat.playOneMinute":9738118,"stat.craftItem.minecraft.diamond_block":19,"stat.useItem.minecraft.shears":52,"stat.mineBlock.minecraft.brown_mushroom_block":202,"stat.craftItem.minecraft.carpet":282,"stat.mineBlock.minecraft.netherrack":1525,"stat.mineBlock.minecraft.dispenser":2,"stat.mineBlock.minecraft.ice":1,"stat.craftItem.minecraft.dark_oak_stairs":32,"stat.craftItem.minecraft.redstone_torch":138,"stat.craftItem.minecraft.golden_rail":132,"stat.useItem.minecraft.quartz_ore":293,"stat.craftItem.minecraft.iron_hoe":1,"stat.fallOneCm":2165626,"stat.useItem.minecraft.trapped_chest":42,"stat.craftItem.minecraft.chest":309,"stat.mineBlock.minecraft.lever":2,"stat.dropperInspected":72,"stat.useItem.minecraft.golden_rail":100,"stat.craftItem.minecraft.detector_rail":6,"stat.craftItem.minecraft.wooden_button":5,"stat.useItem.minecraft.furnace":165,"stat.mineBlock.minecraft.spruce_fence":3,"stat.mineBlock.minecraft.snow":2748,"stat.mineBlock.minecraft.gravel":1943,"stat.useItem.minecraft.stone_pickaxe":242,"stat.breakItem.minecraft.stone_axe":5,"stat.craftItem.minecraft.iron_leggings":2,"stat.useItem.minecraft.stone_sword":167,"stat.mineBlock.minecraft.beacon":2,"stat.killEntity.Rabbit":22,"stat.useItem.minecraft.wool":178,"stat.craftItem.minecraft.oak_stairs":580,"stat.useItem.minecraft.iron_bars":37,"stat.mineBlock.minecraft.quartz_stairs":5,"stat.useItem.minecraft.torch":7862,"stat.craftItem.minecraft.redstone_block":946,"stat.craftItem.minecraft.stone_stairs":748,"stat.useItem.minecraft.log":594,"stat.useItem.minecraft.comparator":8,"stat.craftItem.minecraft.crafting_table":59,"achievement.theEnd2":28,"stat.craftItem.minecraft.stone_button":18,"stat.mineBlock.minecraft.golden_rail":6,"stat.breakItem.minecraft.iron_helmet":1,"stat.mineBlock.minecraft.iron_block":6,"stat.breakItem.minecraft.iron_chestplate":1,"stat.useItem.minecraft.birch_door":4,"stat.craftItem.minecraft.snow":175,"stat.useItem.minecraft.jungle_door":2,"stat.useItem.minecraft.wooden_pressure_plate":9,"stat.craftItem.minecraft.cooked_chicken":5,"stat.useItem.minecraft.stone_hoe":164,"stat.craftItem.minecraft.flower_pot":10,"stat.craftItem.minecraft.sugar":16,"stat.mineBlock.minecraft.cobblestone_wall":20,"stat.craftItem.minecraft.spruce_fence_gate":5,"stat.useItem.minecraft.baked_potato":471,"stat.useItem.minecraft.brewing_stand":9,"stat.useItem.minecraft.fishing_rod":1,"stat.craftItem.minecraft.enchanting_table":2,"stat.craftItem.minecraft.jungle_door":3,"stat.craftItem.minecraft.diamond_chestplate":2,"stat.useItem.minecraft.lapis_block":11,"stat.craftItem.minecraft.sticky_piston":21,"stat.horseOneCm":231363,"stat.useItem.minecraft.repeater":30,"stat.useItem.minecraft.log2":493,"stat.mineBlock.minecraft.slime":35,"stat.craftItem.minecraft.stone_brick_stairs":1392,"stat.mineBlock.minecraft.brown_mushroom":4,"stat.mineBlock.minecraft.acacia_fence":1,"stat.craftItem.minecraft.acacia_fence_gate":16,"stat.useItem.minecraft.diamond_sword":1737,"stat.craftItem.minecraft.diamond_helmet":3,"stat.craftItem.minecraft.iron_trapdoor":17,"stat.swimOneCm":1275282,"stat.climbOneCm":1089636,"stat.mineBlock.minecraft.spruce_stairs":2,"stat.craftItem.minecraft.gold_block":36,"stat.enderchestOpened":7,"stat.useItem.minecraft.redstone_torch":55,"stat.useItem.minecraft.dirt":6248,"achievement.exploreAllBiomes":{"value":0,"progress":["Sunflower Plains","Cold Taiga","Cold Taiga Hills","Birch Forest","Roofed Forest","MushroomIslandShore","Taiga M","Redwood Taiga Hills M","The End","Beach","FrozenRiver","Mega Taiga Hills","Cold Beach","River","Ocean","JungleEdge","Taiga","Mega Taiga","MushroomIsland","Swampland","Ice Mountains","Birch Forest Hills","Savanna Plateau","Mesa Plateau F","Mesa","ForestHills","Flower Forest","Cold Taiga M","Plains","Mega Spruce Taiga","Ice Plains Spikes","TaigaHills","DesertHills","Jungle","Ice Plains","Birch Forest Hills M","Forest","Desert","Extreme Hills","Mesa (Bryce)","Deep Ocean","Savanna","Hell"]},"stat.useItem.minecraft.leaves2":4,"stat.useItem.minecraft.iron_ore":6,"stat.useItem.minecraft.detector_rail":1,"stat.craftItem.minecraft.trapdoor":68,"stat.craftItem.minecraft.stone_pickaxe":2,"stat.mineBlock.minecraft.carpet":30,"stat.mineBlock.minecraft.redstone_block":4,"stat.useItem.minecraft.stone_shovel":529,"stat.craftItem.minecraft.glass_bottle":18,"stat.useItem.minecraft.red_mushroom":5,"stat.useItem.minecraft.cooked_beef":845,"stat.craftItem.minecraft.wooden_slab":2106,"stat.craftItem.minecraft.dispenser":6,"stat.craftItem.minecraft.book":310,"stat.mineBlock.minecraft.iron_ore":2072,"stat.craftItem.minecraft.acacia_door":3,"stat.useItem.minecraft.sign":113,"achievement.theEnd":8,"stat.useItem.minecraft.lever":12,"stat.craftItem.minecraft.red_sandstone":266,"stat.useItem.minecraft.cooked_porkchop":27,"stat.mineBlock.minecraft.nether_brick":18,"stat.craftItem.minecraft.acacia_fence":18,"stat.useItem.minecraft.chest_minecart":6,"stat.useItem.minecraft.sea_lantern":136,"stat.craftItem.minecraft.stone_slab2":18,"stat.craftItem.minecraft.snow_layer":84,"stat.useItem.minecraft.spruce_fence":30,"stat.craftItem.minecraft.chest_minecart":6,"stat.craftItem.minecraft.stick":5064,"stat.useItem.minecraft.stone_slab":3413,"stat.craftItem.minecraft.stained_hardened_clay":152,"stat.useItem.minecraft.bed":12,"stat.craftItem.minecraft.stone":4490,"stat.craftItem.minecraft.gold_nugget":718,"stat.mineBlock.minecraft.crafting_table":62,"stat.useItem.minecraft.stone_pressure_plate":11,"stat.useItem.minecraft.diamond_pickaxe":122856,"stat.mineBlock.minecraft.quartz_block":9,"stat.useItem.minecraft.carrot":184,"stat.useItem.minecraft.bucket":445,"achievement.buildFurnace":327,"stat.mineBlock.minecraft.planks":673,"stat.drop":111,"stat.killEntity.Sheep":22,"stat.craftItem.minecraft.diamond_pickaxe":42,"stat.useItem.minecraft.melon_seeds":3,"stat.craftItem.minecraft.piston":22,"stat.useItem.minecraft.quartz_stairs":9,"stat.useItem.minecraft.glass_bottle":18,"stat.killEntity.Slime":1,"stat.mineBlock.minecraft.anvil":8,"stat.useItem.minecraft.diamond_axe":13955,"stat.useItem.minecraft.apple":4,"stat.mineBlock.minecraft.deadbush":2,"stat.useItem.minecraft.porkchop":12,"stat.useItem.minecraft.carpet":186,"stat.useItem.minecraft.potion":3,"stat.useItem.minecraft.stained_glass_pane":68,"stat.useItem.minecraft.flower_pot":4,"stat.useItem.minecraft.stone_axe":665,"stat.craftItem.minecraft.bread":87,"stat.useItem.minecraft.stone_button":29,"stat.craftItem.minecraft.iron_helmet":2,"stat.craftItem.minecraft.rail":864,"stat.useItem.minecraft.cooked_chicken":199,"stat.mineBlock.minecraft.iron_bars":11,"stat.craftItem.minecraft.flint_and_steel":1,"stat.useItem.minecraft.redstone_lamp":31,"stat.mineBlock.minecraft.leaves2":445,"stat.mineBlock.minecraft.stone_stairs":28,"stat.craftItem.minecraft.iron_bars":96,"stat.mineBlock.minecraft.furnace":38,"stat.dispenserInspected":11,"stat.useItem.minecraft.wooden_pickaxe":15,"stat.killEntity.CaveSpider":48,"stat.damageDealt":360795,"stat.craftItem.minecraft.glass":378,"stat.craftItem.minecraft.cauldron":577,"stat.craftItem.minecraft.baked_potato":542,"stat.craftItem.minecraft.anvil":11,"stat.killEntity.Cow":212,"stat.useItem.minecraft.crafting_table":107,"stat.killEntity.Pig":27,"stat.craftItem.minecraft.iron_sword":6,"stat.craftItem.minecraft.stone_shovel":4,"stat.walkOneCm":61850889,"stat.playerKills":4,"achievement.enchantments":4,"stat.mineBlock.minecraft.trapped_chest":6,"stat.breakItem.minecraft.stone_pickaxe":1,"stat.craftItem.minecraft.writable_book":5,"stat.craftItem.minecraft.diamond_boots":8,"stat.useItem.minecraft.redstone_block":52,"stat.useItem.minecraft.spruce_stairs":6,"stat.mineBlock.minecraft.wool":63,"stat.craftItem.minecraft.redstone":680,"stat.mineBlock.minecraft.packed_ice":540,"stat.useItem.minecraft.leaves":85,"stat.craftItem.minecraft.minecart":15,"stat.useItem.minecraft.cactus":2,"stat.killEntity.Skeleton":1000,"stat.mineBlock.minecraft.cactus":1,"stat.killEntity.Chicken":12,"stat.mineBlock.minecraft.redstone_torch":16,"stat.useItem.minecraft.iron_block":278,"stat.killEntity.Spider":56,"stat.mineBlock.minecraft.quartz_ore":601,"stat.craftItem.minecraft.tnt":1,"stat.craftItem.minecraft.spruce_fence":60,"stat.craftItem.minecraft.fence":495,"stat.craftItem.minecraft.jungle_fence":12,"stat.breakItem.minecraft.iron_axe":2,"stat.mineBlock.minecraft.leaves":1502,"stat.mineBlock.minecraft.redstone_ore":3107,"stat.craftItem.minecraft.coal_block":414,"stat.craftItem.minecraft.tripwire_hook":44,"stat.craftItem.minecraft.brick":40,"achievement.cookFish":2,"stat.mineBlock.minecraft.stone":102802}