{"stat.beaconInteraction":32,"stat.useItem.minecraft.bow":372,"stat.useItem.minecraft.quartz_block":17,"stat.leaveGame":212,"achievement.killWither":1,"stat.useItem.minecraft.glowstone":4,"stat.mineBlock.minecraft.sandstone":10,"stat.mineBlock.minecraft.stained_glass":4,"stat.killEntity.PigZombie":7,"stat.craftItem.minecraft.stone_pressure_plate":13,"stat.useItem.minecraft.vine":173,"stat.craftItem.minecraft.noteblock":2,"stat.useItem.minecraft.rail":256,"stat.killEntity.Enderman":4828,"stat.mineBlock.minecraft.wooden_slab":381,"stat.useItem.minecraft.anvil":31,"stat.craftItem.minecraft.iron_shovel":7,"achievement.buildPickaxe":57,"stat.killEntity.Witch":7,"stat.killEntity.Villager":5,"stat.useItem.minecraft.spider_eye":1,"stat.useItem.minecraft.iron_pickaxe":4536,"stat.craftItem.minecraft.wooden_pickaxe":1,"stat.useItem.minecraft.iron_shovel":16,"stat.mineBlock.minecraft.brick_block":1,"stat.craftItem.minecraft.bed":2,"stat.craftItem.minecraft.glass_pane":32,"stat.useItem.minecraft.hardened_clay":8,"stat.mineBlock.minecraft.hopper":369,"stat.mineBlock.minecraft.vine":288,"stat.mineBlock.minecraft.sticky_piston":20,"stat.useItem.minecraft.nether_wart":139,"stat.furnaceInteraction":307,"stat.useItem.minecraft.golden_carrot":538,"stat.mineBlock.minecraft.rail":189,"stat.mineBlock.minecraft.wooden_button":4,"stat.useItem.minecraft.trapdoor":15,"stat.mineBlock.minecraft.stained_hardened_clay":6,"stat.useItem.minecraft.stained_glass":31,"stat.useItem.minecraft.fence":49,"stat.useItem.minecraft.ice":378,"achievement.openInventory":7826,"stat.craftItem.minecraft.daylight_detector":2,"stat.mineBlock.minecraft.sponge":2,"stat.useItem.minecraft.flint_and_steel":6,"stat.mineBlock.minecraft.fence":47,"stat.mineBlock.minecraft.sea_lantern":5,"stat.useItem.minecraft.wheat_seeds":1512,"stat.useItem.minecraft.wooden_button":5,"stat.craftItem.minecraft.dropper":157,"stat.useItem.minecraft.dye":441,"stat.deaths":1,"stat.craftItem.minecraft.item_frame":388,"stat.craftItem.minecraft.wooden_shovel":10,"stat.mineBlock.minecraft.stone_pressure_plate":5,"stat.useItem.minecraft.nether_brick":12,"stat.craftItem.minecraft.iron_pickaxe":23,"stat.craftItem.minecraft.repeater":357,"stat.craftItem.minecraft.cooked_mutton":1,"stat.mineBlock.minecraft.tallgrass":136,"stat.fishCaught":49,"achievement.potion":104,"stat.chestOpened":8403,"stat.craftItem.minecraft.mossy_cobblestone":2,"stat.useItem.minecraft.lapis_ore":2,"stat.craftItem.minecraft.mushroom_stew":7,"stat.craftItem.minecraft.light_weighted_pressure_plate":2,"stat.craftItem.minecraft.sign":48,"stat.useItem.minecraft.stone":2756,"stat.killEntity.Ghast":5,"stat.craftItem.minecraft.quartz_block":100,"stat.craftItem.minecraft.coal":17,"stat.crouchOneCm":590824,"achievement.killCow":60,"stat.craftItem.minecraft.diamond":18,"stat.mineBlock.minecraft.chest":223,"stat.craftItem.minecraft.iron_ingot":15095,"stat.mineBlock.minecraft.hardened_clay":70,"stat.craftItem.minecraft.hopper":1403,"stat.craftingTableInteraction":770,"stat.useItem.minecraft.emerald_ore":3,"stat.mineBlock.minecraft.wooden_pressure_plate":5,"stat.mineBlock.minecraft.log2":2645,"stat.useItem.minecraft.dark_oak_fence":41,"achievement.bakeCake":1,"stat.useItem.minecraft.reeds":14,"stat.craftItem.minecraft.nether_brick":2,"stat.mineBlock.minecraft.jungle_fence":366,"stat.craftItem.minecraft.rabbit_stew":1,"stat.craftItem.minecraft.diamond_shovel":4,"stat.mineBlock.minecraft.glass":23,"stat.useItem.minecraft.enchanting_table":3,"stat.mineBlock.minecraft.dirt":4711,"stat.useItem.minecraft.bread":14,"stat.treasureFished":5,"stat.useItem.minecraft.cobblestone":5823,"stat.useItem.minecraft.gravel":3,"stat.mineBlock.minecraft.double_plant":12,"stat.minecartOneCm":4607349,"stat.craftItem.minecraft.gold_ingot":2292,"stat.craftItem.minecraft.brewing_stand":1,"stat.useItem.minecraft.glass_pane":16,"achievement.portal":437,"stat.craftItem.minecraft.bucket":28,"stat.useItem.minecraft.iron_sword":270,"stat.craftItem.minecraft.planks":31391,"stat.itemEnchanted":167,"stat.mineBlock.minecraft.prismarine":3,"stat.craftItem.minecraft.dirt":4,"stat.craftItem.minecraft.fishing_rod":1,"stat.useItem.minecraft.stonebrick":3979,"stat.mineBlock.minecraft.log":4719,"stat.craftItem.minecraft.wooden_door":3,"stat.mineBlock.minecraft.waterlily":1,"stat.useItem.minecraft.wooden_door":5,"stat.useItem.minecraft.spruce_door":51,"achievement.acquireIron":67,"stat.craftItem.minecraft.paper":1491,"stat.craftItem.minecraft.trapped_chest":400,"stat.craftItem.minecraft.spruce_door":12,"stat.craftItem.minecraft.cooked_rabbit":2,"stat.craftItem.minecraft.diamond_leggings":3,"stat.useItem.minecraft.iron_axe":36,"stat.mineBlock.minecraft.pumpkin":2,"stat.mineBlock.minecraft.cobblestone":2327,"stat.useItem.minecraft.beacon":9,"stat.mineBlock.minecraft.yellow_flower":6,"stat.craftItem.minecraft.quartz_stairs":8,"stat.useItem.minecraft.skull":1,"stat.craftItem.minecraft.wool":3,"stat.mineBlock.minecraft.stained_glass_pane":32,"stat.useItem.minecraft.snow":125,"stat.craftItem.minecraft.clock":2,"achievement.buildWorkBench":110,"stat.mineBlock.minecraft.dropper":56,"stat.breakItem.minecraft.iron_pickaxe":12,"stat.useItem.minecraft.obsidian":37,"stat.craftItem.minecraft.furnace":139,"stat.useItem.minecraft.egg":51,"stat.craftItem.minecraft.iron_boots":1,"stat.junkFished":3,"stat.craftItem.minecraft.cooked_beef":71,"stat.mineBlock.minecraft.obsidian":53,"stat.craftItem.minecraft.bow":24,"stat.useItem.minecraft.spruce_fence_gate":46,"stat.mineBlock.minecraft.clay":12,"stat.craftItem.minecraft.red_sandstone_stairs":4,"stat.useItem.minecraft.brick_block":1,"stat.flyOneCm":11339684,"stat.craftItem.minecraft.stained_glass":168,"stat.timeSinceDeath":9738360,"stat.craftItem.minecraft.painting":2,"stat.useItem.minecraft.wooden_slab":1919,"stat.craftItem.minecraft.beacon":1,"stat.craftItem.minecraft.iron_block":8117,"stat.killEntity.Bat":2,"stat.craftItem.minecraft.stonebrick":5786,"stat.useItem.minecraft.potato":267,"stat.mineBlock.minecraft.enchanting_table":1,"stat.mineBlock.minecraft.coal_ore":1264,"stat.killEntity.Creeper":75,"stat.useItem.minecraft.armor_stand":9,"stat.talkedToVillager":511,"stat.breakItem.minecraft.iron_sword":1,"stat.craftItem.minecraft.stone_hoe":2,"stat.mineBlock.minecraft.red_mushroom_block":1,"stat.craftItem.minecraft.jungle_stairs":4,"stat.mineBlock.minecraft.ladder":65,"achievement.buildSword":4,"stat.useItem.minecraft.written_book":38,"stat.useItem.minecraft.dropper":123,"stat.killEntity.Squid":9,"stat.useItem.minecraft.diamond_shovel":7422,"stat.useItem.minecraft.diamond_block":2,"stat.sprintOneCm":27309708,"stat.mineBlock.minecraft.stone_slab":484,"stat.breakItem.minecraft.diamond_helmet":1,"stat.useItem.minecraft.snowball":40,"stat.mineBlock.minecraft.diamond_ore":139,"stat.craftItem.minecraft.wooden_pressure_plate":9,"stat.craftItem.minecraft.redstone_lamp":571,"achievement.killEnemy":5328,"stat.useItem.minecraft.ladder":179,"stat.useItem.minecraft.diamond_ore":12,"stat.craftItem.minecraft.emerald":592,"stat.killEntity.Zombie":227,"stat.craftItem.minecraft.dye":1159,"stat.useItem.minecraft.birch_stairs":5,"stat.craftItem.minecraft.sandstone_stairs":4,"stat.craftItem.minecraft.diamond_axe":6,"stat.mineBlock.minecraft.gold_ore":184,"stat.craftItem.minecraft.slime_ball":45,"stat.diveOneCm":385119,"stat.craftItem.minecraft.sandstone":22,"stat.useItem.minecraft.sticky_piston":35,"stat.craftItem.minecraft.ladder":171,"achievement.buildHoe":4,"stat.craftItem.minecraft.cooked_porkchop":65,"stat.useItem.minecraft.rotten_flesh":37,"stat.craftItem.minecraft.diamond_sword":2,"stat.useItem.minecraft.sand":15,"stat.jump":66179,"stat.craftItem.minecraft.lever":327,"stat.craftItem.minecraft.torch":1700,"stat.useItem.minecraft.coal_ore":22,"stat.craftItem.minecraft.fermented_spider_eye":11,"stat.mineBlock.minecraft.spruce_fence_gate":27,"stat.useItem.minecraft.dispenser":20,"stat.useItem.minecraft.glass":85,"stat.useItem.minecraft.sapling":395,"stat.mineBlock.minecraft.lapis_ore":58,"achievement.blazeRod":1,"stat.brewingstandInteraction":289,"stat.damageTaken":21878,"stat.useItem.minecraft.stone_brick_stairs":1643,"stat.mineBlock.minecraft.torch":334,"stat.mineBlock.minecraft.red_flower":4,"stat.tradedWithVillager":675,"stat.mineBlock.minecraft.sapling":71,"stat.noteblockTuned":1,"stat.craftItem.minecraft.comparator":302,"stat.craftItem.minecraft.sea_lantern":256,"stat.craftItem.minecraft.glowstone":475,"stat.useItem.minecraft.slime":15,"stat.useItem.minecraft.birch_fence":20,"stat.entityKilledBy.Zombie":1,"stat.useItem.minecraft.snow_layer":9,"stat.craftItem.minecraft.stone_slab":2874,"stat.mineBlock.minecraft.birch_fence":20,"stat.animalsBred":689,"stat.useItem.minecraft.chest":722,"stat.useItem.minecraft.pumpkin":10,"stat.useItem.minecraft.tnt":70,"stat.useItem.minecraft.melon":38,"stat.useItem.minecraft.item_frame":428,"stat.useItem.minecraft.birch_fence_gate":2,"stat.craftItem.minecraft.iron_chestplate":1,"stat.useItem.minecraft.netherrack":518,"stat.craftItem.minecraft.stained_glass_pane":272,"stat.mineBlock.minecraft.tnt":1,"stat.craftItem.minecraft.bookshelf":50,"stat.useItem.minecraft.tripwire_hook":3,"stat.mineBlock.minecraft.stonebrick":1462,"stat.craftItem.minecraft.cookie":8,"stat.mineBlock.minecraft.glowstone":158,"stat.mobKills":34565,"stat.mineBlock.minecraft.bookshelf":82,"stat.craftItem.minecraft.shears":30,"stat.craftItem.minecraft.lead":2,"stat.useItem.minecraft.cobblestone_wall":2,"stat.useItem.minecraft.writable_book":29,"achievement.bookcase":99,"stat.craftItem.minecraft.nether_brick_stairs":4,"stat.craftItem.minecraft.spruce_stairs":1968,"stat.craftItem.minecraft.compass":1,"stat.useItem.minecraft.string":43,"stat.useItem.minecraft.bookshelf":95,"stat.craftItem.minecraft.iron_axe":1,"stat.useItem.minecraft.soul_sand":92,"stat.useItem.minecraft.lead":1,"stat.useItem.minecraft.poisonous_potato":1,"stat.useItem.minecraft.mutton":13,"stat.useItem.minecraft.planks":6987,"stat.mineBlock.minecraft.red_mushroom":7,"stat.useItem.minecraft.water_bucket":726,"achievement.overpowered":5,"stat.mineBlock.minecraft.stone_brick_stairs":408,"stat.craftItem.minecraft.golden_apple":6,"stat.useItem.minecraft.golden_sword":17,"stat.craftItem.minecraft.dark_oak_fence":63,"achievement.diamonds":178,"stat.useItem.minecraft.ender_pearl":202,"stat.mineBlock.minecraft.snow_layer":426,"stat.mineBlock.minecraft.sand":444,"stat.craftItem.minecraft.cooked_fish":2,"stat.craftItem.minecraft.slime":11,"achievement.buildBetterPickaxe":56,"stat.craftItem.minecraft.blaze_powder":18,"stat.hopperInspected":2364,"stat.breakItem.minecraft.flint_and_steel":2,"stat.trappedChestTriggered":3514,"stat.craftItem.minecraft.hardened_clay":2,"achievement.breedCow":125,"stat.craftItem.minecraft.magma_cream":8,"stat.craftItem.minecraft.golden_carrot":825,"stat.craftItem.minecraft.acacia_stairs":4,"stat.mineBlock.minecraft.birch_stairs":5,"stat.useItem.minecraft.minecart":29,"stat.useItem.minecraft.redstone":1205,"achievement.overkill":51,"stat.mineBlock.minecraft.redstone_lamp":253,"achievement.mineWood":6744,"stat.useItem.minecraft.stone_stairs":34,"stat.useItem.minecraft.hopper":1750,"stat.mineBlock.minecraft.soul_sand":137,"stat.craftItem.minecraft.heavy_weighted_pressure_plate":2,"achievement.ghast":3,"stat.playOneMinute":9962604,"stat.craftItem.minecraft.diamond_block":2,"stat.useItem.minecraft.shears":321,"stat.craftItem.minecraft.pumpkin_pie":3,"stat.useItem.minecraft.fish":11,"stat.mineBlock.minecraft.dark_oak_fence":2,"stat.craftItem.minecraft.carpet":54,"stat.mineBlock.minecraft.netherrack":1051,"stat.mineBlock.minecraft.dispenser":10,"stat.useItem.minecraft.sponge":2,"stat.mineBlock.minecraft.ice":884,"stat.craftItem.minecraft.dark_oak_stairs":4,"stat.craftItem.minecraft.redstone_torch":2148,"stat.craftItem.minecraft.golden_rail":48,"stat.useItem.minecraft.packed_ice":71,"stat.craftItem.minecraft.iron_hoe":2,"stat.fallOneCm":1647071,"stat.useItem.minecraft.trapped_chest":452,"stat.craftItem.minecraft.chest":2319,"stat.mineBlock.minecraft.lever":111,"stat.useItem.minecraft.iron_hoe":335,"stat.dropperInspected":181,"stat.useItem.minecraft.golden_rail":99,"stat.craftItem.minecraft.detector_rail":6,"stat.craftItem.minecraft.wooden_button":6,"stat.useItem.minecraft.furnace":119,"stat.mineBlock.minecraft.spruce_fence":5785,"achievement.fullBeacon":7,"stat.mineBlock.minecraft.snow":107,"stat.craftItem.minecraft.dark_oak_fence_gate":1,"stat.mineBlock.minecraft.gravel":1996,"stat.useItem.minecraft.stone_pickaxe":259,"stat.craftItem.minecraft.birch_stairs":4,"stat.craftItem.minecraft.iron_leggings":1,"stat.mineBlock.minecraft.beacon":5,"stat.killEntity.Rabbit":10,"stat.breakItem.minecraft.diamond_axe":1,"stat.useItem.minecraft.wool":36,"stat.craftItem.minecraft.oak_stairs":4,"stat.mineBlock.minecraft.monster_egg":2,"stat.mineBlock.minecraft.quartz_stairs":3,"stat.useItem.minecraft.torch":1959,"stat.craftItem.minecraft.redstone_block":285,"stat.craftItem.minecraft.stone_stairs":44,"stat.useItem.minecraft.log":170,"stat.useItem.minecraft.comparator":363,"stat.craftItem.minecraft.crafting_table":79,"stat.killEntity.LavaSlime":16,"stat.mineBlock.minecraft.emerald_ore":8,"achievement.theEnd2":6,"stat.craftItem.minecraft.stone_button":2,"stat.mineBlock.minecraft.golden_rail":33,"stat.craftItem.minecraft.hopper_minecart":15,"stat.mineBlock.minecraft.iron_block":566,"stat.mineBlock.minecraft.tripwire_hook":1,"stat.craftItem.minecraft.snow":286,"stat.useItem.minecraft.wooden_pressure_plate":7,"stat.useItem.minecraft.stone_hoe":159,"stat.craftItem.minecraft.flower_pot":2,"stat.craftItem.minecraft.sugar":1,"stat.mineBlock.minecraft.cobblestone_wall":1,"stat.craftItem.minecraft.spruce_fence_gate":27,"stat.useItem.minecraft.baked_potato":84,"stat.useItem.minecraft.brewing_stand":7,"stat.useItem.minecraft.fishing_rod":82,"stat.craftItem.minecraft.enchanting_table":2,"stat.craftItem.minecraft.diamond_chestplate":6,"stat.useItem.minecraft.mushroom_stew":6,"stat.craftItem.minecraft.sticky_piston":18,"stat.useItem.minecraft.repeater":431,"stat.useItem.minecraft.log2":63,"stat.mineBlock.minecraft.slime":11,"stat.craftItem.minecraft.stone_brick_stairs":1288,"stat.mineBlock.minecraft.brown_mushroom":8,"stat.useItem.minecraft.diamond_sword":1274,"stat.craftItem.minecraft.diamond_helmet":3,"stat.mineBlock.minecraft.diamond_block":2,"stat.swimOneCm":1052054,"stat.climbOneCm":1614031,"stat.mineBlock.minecraft.spruce_stairs":847,"stat.craftItem.minecraft.gold_block":150,"stat.enderchestOpened":58,"stat.useItem.minecraft.redstone_torch":583,"stat.useItem.minecraft.dirt":2390,"achievement.exploreAllBiomes":{"value":0,"progress":["Sunflower Plains","Birch Forest","Roofed Forest","Taiga M","The End","Beach","FrozenRiver","Extreme Hills+","River","Ocean","Taiga","Mega Taiga","Swampland","Birch Forest Hills","Mesa Plateau F","Mesa","ForestHills","Plains","Mesa Plateau M","Ice Plains Spikes","TaigaHills","Jungle","Ice Plains","Birch Forest Hills M","Forest","JungleHills","Desert","Extreme Hills","Mesa (Bryce)","Deep Ocean","Hell"]},"stat.useItem.minecraft.red_flower":1,"stat.useItem.minecraft.leaves2":17,"stat.useItem.minecraft.iron_ore":11,"stat.craftItem.minecraft.trapdoor":6,"stat.craftItem.minecraft.melon_block":320,"stat.craftItem.minecraft.stone_pickaxe":3,"stat.mineBlock.minecraft.carpet":21,"stat.mineBlock.minecraft.redstone_block":4,"stat.craftItem.minecraft.glass_bottle":3,"stat.useItem.minecraft.cooked_beef":437,"stat.craftItem.minecraft.wooden_slab":1540,"stat.craftItem.minecraft.dispenser":12,"stat.craftItem.minecraft.book":229,"stat.mineBlock.minecraft.iron_ore":653,"stat.useItem.minecraft.sign":70,"achievement.theEnd":2,"stat.craftItem.minecraft.cake":1,"stat.useItem.minecraft.lever":443,"stat.craftItem.minecraft.red_sandstone":21,"achievement.spawnWither":1,"stat.useItem.minecraft.cooked_porkchop":66,"stat.mineBlock.minecraft.nether_brick":12,"stat.craftItem.minecraft.acacia_fence":3,"stat.craftItem.minecraft.nether_brick_fence":6,"stat.useItem.minecraft.chest_minecart":48,"stat.craftItem.minecraft.brick_block":11,"stat.useItem.minecraft.sea_lantern":6,"stat.craftItem.minecraft.stone_slab2":6,"stat.craftItem.minecraft.snow_layer":24,"stat.useItem.minecraft.spruce_fence":375,"stat.craftItem.minecraft.chest_minecart":48,"stat.craftItem.minecraft.stick":5316,"stat.useItem.minecraft.stone_slab":2011,"stat.craftItem.minecraft.stained_hardened_clay":72,"stat.useItem.minecraft.bed":5,"stat.craftItem.minecraft.gold_nugget":3251,"stat.craftItem.minecraft.stone":688,"stat.craftItem.minecraft.armor_stand":4,"stat.mineBlock.minecraft.crafting_table":122,"stat.useItem.minecraft.stone_pressure_plate":13,"stat.useItem.minecraft.diamond_pickaxe":85569,"stat.mineBlock.minecraft.quartz_block":17,"stat.breakItem.minecraft.iron_hoe":1,"stat.killEntity.Endermite":1,"stat.useItem.minecraft.carrot":1993,"stat.useItem.minecraft.bucket":743,"stat.breakItem.minecraft.shears":1,"achievement.buildFurnace":272,"stat.mineBlock.minecraft.planks":2593,"stat.drop":321,"stat.killEntity.Sheep":17,"stat.craftItem.minecraft.diamond_pickaxe":39,"stat.craftItem.minecraft.clay":2,"stat.craftItem.minecraft.jukebox":2,"stat.craftItem.minecraft.piston":31,"stat.useItem.minecraft.quartz_stairs":3,"stat.useItem.minecraft.glass_bottle":111,"stat.killEntity.Slime":23,"stat.mineBlock.minecraft.anvil":9,"stat.useItem.minecraft.diamond_axe":18467,"stat.useItem.minecraft.apple":7,"stat.mineBlock.minecraft.deadbush":5,"stat.useItem.minecraft.porkchop":5,"stat.useItem.minecraft.carpet":53,"stat.useItem.minecraft.potion":5,"stat.useItem.minecraft.stained_glass_pane":36,"stat.craftItem.minecraft.brick_stairs":4,"stat.useItem.minecraft.piston":39,"stat.craftItem.minecraft.bread":20,"stat.craftItem.minecraft.iron_helmet":2,"stat.craftItem.minecraft.rail":192,"stat.useItem.minecraft.cooked_chicken":21,"stat.boatOneCm":12527,"stat.craftItem.minecraft.flint_and_steel":1,"stat.useItem.minecraft.redstone_lamp":813,"stat.mineBlock.minecraft.leaves2":167,"stat.mineBlock.minecraft.stone_stairs":34,"stat.craftItem.minecraft.activator_rail":6,"stat.craftItem.minecraft.iron_bars":16,"stat.mineBlock.minecraft.furnace":74,"stat.dispenserInspected":184,"stat.useItem.minecraft.wooden_pickaxe":38,"stat.craftItem.minecraft.netherbrick":30,"stat.craftItem.minecraft.birch_fence":24,"stat.damageDealt":182797,"stat.craftItem.minecraft.glass":209,"stat.craftItem.minecraft.cauldron":2,"stat.craftItem.minecraft.bowl":8,"stat.craftItem.minecraft.baked_potato":101,"stat.craftItem.minecraft.anvil":35,"stat.killEntity.Cow":128,"stat.useItem.minecraft.crafting_table":153,"stat.killEntity.Pig":39,"stat.craftItem.minecraft.iron_sword":2,"stat.walkOneCm":65774005,"achievement.enchantments":2,"stat.mineBlock.minecraft.trapped_chest":62,"stat.useItem.minecraft.dark_oak_fence_gate":1,"stat.breakItem.minecraft.stone_pickaxe":2,"stat.craftItem.minecraft.birch_fence_gate":2,"stat.craftItem.minecraft.diamond_boots":2,"stat.useItem.minecraft.redstone_block":4,"stat.useItem.minecraft.spruce_stairs":2729,"stat.mineBlock.minecraft.wool":33,"stat.craftItem.minecraft.redstone":2587,"stat.mineBlock.minecraft.packed_ice":449,"stat.useItem.minecraft.leaves":61,"stat.craftItem.minecraft.minecart":19,"stat.useItem.minecraft.cactus":6,"stat.useItem.minecraft.prismarine":2,"stat.killEntity.Skeleton":104,"stat.mineBlock.minecraft.cactus":1,"stat.killEntity.Chicken":6,"stat.mineBlock.minecraft.redstone_torch":74,"stat.useItem.minecraft.iron_block":1080,"stat.killEntity.Spider":40,"stat.mineBlock.minecraft.quartz_ore":999,"stat.craftItem.minecraft.tnt":2,"stat.craftItem.minecraft.spruce_fence":144,"stat.craftItem.minecraft.fence":66,"stat.craftItem.minecraft.jungle_fence":3,"stat.useItem.minecraft.golden_apple":1,"stat.useItem.minecraft.hopper_minecart":15,"stat.mineBlock.minecraft.leaves":513,"stat.mineBlock.minecraft.piston":29,"stat.mineBlock.minecraft.redstone_ore":215,"stat.craftItem.minecraft.tripwire_hook":414,"stat.craftItem.minecraft.brick":61,"achievement.cookFish":2,"stat.mineBlock.minecraft.stone":77083,"stat.breakItem.minecraft.wooden_pickaxe":1,"stat.useItem.minecraft.sandstone":10}