{"stat.useItem.minecraft.bow":13,"stat.useItem.minecraft.quartz_block":407,"stat.leaveGame":133,"stat.craftItem.minecraft.iron_axe":9,"stat.useItem.minecraft.soul_sand":7,"stat.useItem.minecraft.glowstone":311,"stat.mineBlock.minecraft.sandstone":195,"stat.useItem.minecraft.planks":407,"stat.useItem.minecraft.nether_brick_stairs":37,"stat.mineBlock.minecraft.red_mushroom":1,"stat.useItem.minecraft.water_bucket":102,"stat.mineBlock.minecraft.stone_brick_stairs":4,"stat.mineBlock.minecraft.nether_brick_fence":40,"stat.useItem.minecraft.golden_sword":12,"stat.entityKilledBy.Spider":2,"stat.useItem.minecraft.sandstone_stairs":5,"stat.craftItem.minecraft.stone_axe":4,"achievement.diamonds":12,"stat.killEntity.Enderman":2684,"stat.mineBlock.minecraft.wooden_slab":41,"stat.craftItem.minecraft.cobblestone_wall":54,"stat.craftItem.minecraft.stone_sword":2,"stat.useItem.minecraft.anvil":1,"stat.useItem.minecraft.ender_pearl":346,"stat.craftItem.minecraft.iron_shovel":20,"stat.mineBlock.minecraft.snow_layer":33,"stat.mineBlock.minecraft.sand":553,"achievement.buildPickaxe":268,"achievement.buildBetterPickaxe":268,"stat.hopperInspected":8,"stat.useItem.minecraft.iron_pickaxe":18776,"stat.craftItem.minecraft.wooden_pickaxe":1,"stat.useItem.minecraft.iron_shovel":5213,"stat.mineBlock.minecraft.brick_block":97,"stat.craftItem.minecraft.birch_door":6,"stat.craftItem.minecraft.bed":9,"stat.trappedChestTriggered":23,"stat.craftItem.minecraft.glass_pane":608,"stat.mineBlock.minecraft.vine":3,"stat.furnaceInteraction":911,"stat.craftItem.minecraft.acacia_stairs":108,"stat.useItem.minecraft.minecart":7,"achievement.mineWood":1643,"stat.useItem.minecraft.trapdoor":3,"stat.mineBlock.minecraft.stained_hardened_clay":991,"stat.useItem.minecraft.fence":44,"stat.useItem.minecraft.stone_stairs":57,"achievement.openInventory":3454,"stat.useItem.minecraft.flint_and_steel":12,"stat.mineBlock.minecraft.fence":44,"stat.useItem.minecraft.wheat_seeds":1509,"stat.mineBlock.minecraft.sea_lantern":4,"stat.mineBlock.minecraft.brick_stairs":16,"stat.useItem.minecraft.dye":6,"stat.mineBlock.minecraft.soul_sand":46,"stat.deaths":9,"stat.playOneMinute":4146465,"stat.craftItem.minecraft.iron_pickaxe":78,"stat.mineBlock.minecraft.tallgrass":99,"stat.chestOpened":1776,"stat.useItem.minecraft.cooked_rabbit":1,"stat.craftItem.minecraft.sign":30,"stat.useItem.minecraft.stone":2237,"stat.mineBlock.minecraft.netherrack":3294,"stat.mineBlock.minecraft.ice":54,"stat.craftItem.minecraft.quartz_block":686,"stat.craftItem.minecraft.coal":258,"stat.craftItem.minecraft.iron_hoe":3,"stat.fallOneCm":702251,"stat.crouchOneCm":409118,"achievement.killCow":6,"stat.mineBlock.minecraft.chest":19,"stat.craftItem.minecraft.chest":52,"stat.craftItem.minecraft.iron_ingot":351,"stat.useItem.minecraft.nether_brick_fence":38,"stat.mineBlock.minecraft.hardened_clay":39,"stat.useItem.minecraft.iron_hoe":740,"stat.craftingTableInteraction":269,"stat.dropperInspected":1,"stat.mineBlock.minecraft.log2":1147,"stat.useItem.minecraft.furnace":42,"stat.craftItem.minecraft.nether_brick":98,"stat.mineBlock.minecraft.gravel":182,"stat.useItem.minecraft.stone_pickaxe":5785,"stat.mineBlock.minecraft.glass":113,"stat.craftItem.minecraft.iron_leggings":4,"stat.useItem.minecraft.stone_sword":124,"stat.killEntity.Rabbit":1,"stat.useItem.minecraft.wool":4,"stat.mineBlock.minecraft.dirt":4610,"stat.useItem.minecraft.iron_bars":37,"stat.useItem.minecraft.torch":1381,"stat.useItem.minecraft.bread":87,"stat.craftItem.minecraft.redstone_block":64,"stat.craftItem.minecraft.stone_stairs":100,"stat.useItem.minecraft.log":84,"stat.useItem.minecraft.cobblestone":549,"stat.craftItem.minecraft.crafting_table":20,"stat.craftItem.minecraft.leather_boots":1,"stat.useItem.minecraft.gravel":19,"stat.mineBlock.minecraft.double_plant":2,"stat.killEntity.LavaSlime":1,"stat.minecartOneCm":326067,"stat.useItem.minecraft.glass_pane":588,"stat.mineBlock.minecraft.iron_block":2,"stat.breakItem.minecraft.stone_shovel":5,"stat.useItem.minecraft.birch_door":14,"achievement.portal":40,"stat.craftItem.minecraft.bucket":20,"stat.useItem.minecraft.iron_sword":846,"stat.craftItem.minecraft.planks":2048,"stat.itemEnchanted":24,"stat.useItem.minecraft.stonebrick":824,"stat.mineBlock.minecraft.log":601,"stat.craftItem.minecraft.wooden_door":9,"stat.craftItem.minecraft.cooked_chicken":11,"stat.mineBlock.minecraft.waterlily":10,"stat.useItem.minecraft.wooden_door":5,"achievement.acquireIron":15,"stat.craftItem.minecraft.paper":12,"stat.mineBlock.minecraft.cobblestone_wall":18,"stat.useItem.minecraft.baked_potato":102,"stat.useItem.minecraft.brick_stairs":52,"stat.craftItem.minecraft.cooked_rabbit":1,"stat.mineBlock.minecraft.acacia_stairs":52,"stat.useItem.minecraft.iron_axe":2386,"stat.mineBlock.minecraft.cobblestone":387,"stat.useItem.minecraft.log2":378,"stat.craftItem.minecraft.stone_brick_stairs":108,"stat.swimOneCm":431000,"stat.climbOneCm":994510,"achievement.buildWorkBench":40,"stat.useItem.minecraft.coal_block":5,"stat.enderchestOpened":28,"stat.breakItem.minecraft.iron_pickaxe":22,"stat.useItem.minecraft.obsidian":12,"stat.useItem.minecraft.dirt":1878,"achievement.exploreAllBiomes":{"value":0,"progress":["Birch Forest Hills","Mesa Plateau F","ForestHills","Mesa","Flower Forest","Birch Forest","Roofed Forest","Plains","The End","TaigaHills","Mesa Plateau F M","DesertHills","Extreme Hills+","Forest","River","Birch Forest Hills M","Desert","Taiga","Extreme Hills","Swampland","Hell","Savanna"]},"stat.craftItem.minecraft.furnace":47,"stat.useItem.minecraft.egg":124,"stat.craftItem.minecraft.iron_boots":8,"stat.craftItem.minecraft.trapdoor":4,"stat.craftItem.minecraft.stone_pickaxe":60,"stat.craftItem.minecraft.cooked_beef":49,"stat.mineBlock.minecraft.obsidian":39,"stat.mineBlock.minecraft.clay":1183,"stat.useItem.minecraft.stone_shovel":1012,"stat.useItem.minecraft.brick_block":1118,"stat.flyOneCm":1526382,"stat.useItem.minecraft.cooked_beef":48,"stat.craftItem.minecraft.wooden_slab":306,"stat.mineBlock.minecraft.iron_ore":18,"stat.craftItem.minecraft.book":4,"stat.timeSinceDeath":633141,"stat.craftItem.minecraft.acacia_door":3,"stat.useItem.minecraft.sign":37,"stat.useItem.minecraft.wooden_slab":310,"stat.craftItem.minecraft.iron_block":69,"stat.craftItem.minecraft.stonebrick":1664,"stat.useItem.minecraft.potato":337,"stat.mineBlock.minecraft.coal_block":3,"stat.useItem.minecraft.cooked_porkchop":10,"stat.useItem.minecraft.acacia_stairs":132,"stat.mineBlock.minecraft.coal_ore":600,"stat.mineBlock.minecraft.nether_brick":111,"stat.killEntity.Creeper":8,"stat.talkedToVillager":1,"stat.breakItem.minecraft.iron_sword":2,"stat.mineBlock.minecraft.ladder":118,"stat.craftItem.minecraft.brick_block":1144,"stat.useItem.minecraft.sea_lantern":66,"stat.entityKilledBy.Skeleton":2,"achievement.buildSword":13,"stat.useItem.minecraft.written_book":1,"stat.sprintOneCm":9186604,"stat.mineBlock.minecraft.stone_slab":185,"stat.craftItem.minecraft.stick":1152,"stat.useItem.minecraft.stone_slab":2340,"stat.useItem.minecraft.bed":13,"stat.craftItem.minecraft.stone":3343,"stat.mineBlock.minecraft.diamond_ore":9,"stat.mineBlock.minecraft.crafting_table":11,"stat.mineBlock.minecraft.quartz_block":93,"stat.useItem.minecraft.diamond_pickaxe":1578,"stat.breakItem.minecraft.iron_hoe":2,"stat.useItem.minecraft.carrot":457,"stat.killEntity.Endermite":1,"stat.useItem.minecraft.bucket":124,"achievement.killEnemy":2712,"achievement.buildFurnace":90,"stat.mineBlock.minecraft.planks":33,"stat.drop":4,"stat.craftItem.minecraft.leather_chestplate":1,"stat.breakItem.minecraft.iron_shovel":6,"stat.useItem.minecraft.ladder":436,"stat.craftItem.minecraft.diamond_pickaxe":2,"stat.killEntity.Zombie":18,"stat.craftItem.minecraft.dye":51,"stat.craftItem.minecraft.sandstone_stairs":4,"stat.mineBlock.minecraft.gold_ore":1,"stat.diveOneCm":492165,"stat.craftItem.minecraft.sandstone":154,"stat.craftItem.minecraft.ladder":243,"achievement.buildHoe":6,"stat.craftItem.minecraft.cooked_porkchop":16,"stat.killEntity.Slime":11,"stat.useItem.minecraft.waterlily":4,"stat.useItem.minecraft.apple":2,"stat.mineBlock.minecraft.deadbush":1,"stat.useItem.minecraft.potion":3,"stat.useItem.minecraft.rotten_flesh":1,"stat.craftItem.minecraft.brick_stairs":40,"stat.jump":24359,"stat.useItem.minecraft.stone_axe":313,"stat.craftItem.minecraft.bread":151,"stat.craftItem.minecraft.torch":836,"stat.craftItem.minecraft.iron_helmet":5,"achievement.makeBread":294,"stat.useItem.minecraft.cooked_chicken":294,"stat.useItem.minecraft.glass":197,"stat.boatOneCm":28904,"stat.mineBlock.minecraft.iron_bars":37,"stat.useItem.minecraft.sapling":210,"stat.craftItem.minecraft.flint_and_steel":3,"stat.mineBlock.minecraft.lapis_ore":1,"stat.mineBlock.minecraft.leaves2":847,"stat.mineBlock.minecraft.glass_pane":102,"stat.mineBlock.minecraft.stone_stairs":45,"stat.brewingstandInteraction":5,"stat.craftItem.minecraft.iron_bars":160,"stat.damageTaken":23207,"stat.useItem.minecraft.stone_brick_stairs":78,"stat.mineBlock.minecraft.furnace":9,"stat.mineBlock.minecraft.torch":277,"stat.mineBlock.minecraft.red_flower":1,"stat.useItem.minecraft.wooden_pickaxe":6,"stat.dispenserInspected":1,"stat.useItem.minecraft.acacia_door":8,"stat.mineBlock.minecraft.sapling":7,"stat.mineBlock.minecraft.sandstone_stairs":3,"stat.craftItem.minecraft.glowstone":562,"stat.craftItem.minecraft.netherbrick":855,"stat.entityKilledBy.Zombie":1,"stat.damageDealt":96578,"stat.craftItem.minecraft.glass":440,"stat.craftItem.minecraft.baked_potato":133,"stat.craftItem.minecraft.anvil":1,"stat.mineBlock.minecraft.nether_brick_stairs":9,"stat.killEntity.Cow":21,"stat.useItem.minecraft.crafting_table":28,"stat.killEntity.Pig":7,"stat.craftItem.minecraft.iron_sword":6,"stat.craftItem.minecraft.stone_slab":2532,"stat.craftItem.minecraft.stone_shovel":11,"stat.walkOneCm":22210522,"stat.useItem.minecraft.chest":69,"stat.useItem.minecraft.lava_bucket":13,"stat.breakItem.minecraft.stone_pickaxe":27,"stat.useItem.minecraft.melon":127,"stat.useItem.minecraft.item_frame":2,"stat.craftItem.minecraft.iron_chestplate":3,"stat.mineBlock.minecraft.wool":7,"stat.useItem.minecraft.stained_hardened_clay":523,"stat.craftItem.minecraft.minecart":9,"stat.useItem.minecraft.netherrack":161,"stat.killEntity.Skeleton":12,"stat.mineBlock.minecraft.stonebrick":45,"stat.killEntity.Chicken":11,"stat.useItem.minecraft.iron_block":2,"stat.mineBlock.minecraft.quartz_ore":1431,"stat.mineBlock.minecraft.glowstone":32,"stat.mobKills":2782,"stat.craftItem.minecraft.shears":1,"stat.craftItem.minecraft.fence":39,"stat.useItem.minecraft.golden_apple":1,"stat.breakItem.minecraft.iron_axe":3,"stat.useItem.minecraft.cobblestone_wall":18,"stat.mineBlock.minecraft.leaves":465,"stat.craftItem.minecraft.nether_brick_stairs":28,"stat.craftItem.minecraft.coal_block":4,"stat.craftItem.minecraft.brick":4660,"stat.mineBlock.minecraft.stone":18268,"stat.useItem.minecraft.sandstone":221}