{"stat.mineBlock.minecraft.stonebrick":2022,"stat.useItem.minecraft.nether_wart":38,"stat.useItem.minecraft.fence_gate":3,"stat.mineBlock.minecraft.netherrack":1593,"stat.enderchestOpened":9,"stat.useItem.minecraft.stone_button":6,"stat.mineBlock.minecraft.glass":200,"stat.craftingTableInteraction":1,"stat.useItem.minecraft.minecart":24,"stat.useItem.minecraft.iron_shovel":636,"stat.craftItem.minecraft.spruce_door":3,"stat.useItem.minecraft.item_frame":4,"stat.craftItem.minecraft.minecart":18,"stat.crouchOneCm":487750,"stat.useItem.minecraft.shears":187,"stat.mineBlock.minecraft.red_mushroom":9,"stat.useItem.minecraft.spruce_door":4,"stat.mineBlock.minecraft.yellow_flower":5,"stat.craftItem.minecraft.brewing_stand":1,"stat.craftItem.minecraft.bowl":4,"stat.breakItem.minecraft.iron_shovel":2,"stat.craftItem.minecraft.golden_rail":60,"stat.useItem.minecraft.chest":328,"achievement.spawnWither":8,"stat.mineBlock.minecraft.furnace":131,"stat.craftItem.minecraft.coal_block":129,"stat.craftItem.minecraft.glass_bottle":30,"stat.useItem.minecraft.stone_brick_stairs":117,"stat.killEntity.Sheep":7,"stat.useItem.minecraft.cobblestone":3593,"stat.craftItem.minecraft.iron_sword":5,"achievement.openInventory":7008,"stat.useItem.minecraft.stained_glass":4082,"stat.mineBlock.minecraft.redstone_block":10,"stat.killEntity.Cow":232,"stat.mineBlock.minecraft.web":26,"stat.useItem.minecraft.stained_glass_pane":26,"stat.killEntity.Ghast":3,"stat.mineBlock.minecraft.stained_glass":696,"stat.useItem.minecraft.log":82,"stat.mineBlock.minecraft.spruce_stairs":61,"stat.craftItem.minecraft.iron_chestplate":3,"stat.craftItem.minecraft.slime_ball":72,"stat.craftItem.minecraft.furnace":91,"achievement.bookcase":15,"stat.mineBlock.minecraft.log":2974,"stat.useItem.minecraft.obsidian":10,"stat.craftItem.minecraft.leather_helmet":3,"stat.craftItem.minecraft.iron_helmet":3,"stat.mineBlock.minecraft.emerald_ore":58,"stat.craftItem.minecraft.gold_nugget":36,"stat.craftItem.minecraft.stone_pressure_plate":38,"stat.useItem.minecraft.netherrack":850,"achievement.acquireIron":64,"stat.useItem.minecraft.red_sandstone":15,"stat.damageDealt":261633,"stat.craftItem.minecraft.prismarine":638,"stat.useItem.minecraft.fence":19,"stat.craftItem.minecraft.ender_chest":10,"stat.craftItem.minecraft.beacon":1,"stat.useItem.minecraft.iron_block":217,"stat.killEntity.Bat":2,"achievement.theEnd2":2,"stat.useItem.minecraft.potato":126,"achievement.exploreAllBiomes":{"value":0,"progress":["Desert","JungleEdge","Taiga","Deep Ocean","Extreme Hills","Birch Forest Hills M","Jungle","Birch Forest Hills","DesertHills","Birch Forest","Mesa","Savanna","Swampland","River","Sunflower Plains","Extreme Hills+","Mesa Plateau F","Flower Forest","Ocean","Plains","Ice Plains Spikes","The End","Hell","ForestHills","Forest","Mesa (Bryce)","JungleHills","Beach","Roofed Forest"]},"stat.mineBlock.minecraft.double_plant":2,"stat.craftItem.minecraft.iron_pickaxe":47,"stat.craftItem.minecraft.flint_and_steel":1,"stat.craftItem.minecraft.diamond_chestplate":1,"stat.mineBlock.minecraft.golden_rail":15,"stat.craftItem.minecraft.enchanting_table":1,"stat.craftItem.minecraft.repeater":24,"stat.useItem.minecraft.anvil":19,"stat.craftItem.minecraft.cobblestone_wall":120,"stat.craftItem.minecraft.wooden_pickaxe":1,"stat.craftItem.minecraft.bed":6,"stat.mineBlock.minecraft.sand":6759,"stat.craftItem.minecraft.cooked_chicken":1,"stat.mineBlock.minecraft.monster_egg":71,"stat.mineBlock.minecraft.sandstone":373,"stat.craftItem.minecraft.chest":504,"stat.mineBlock.minecraft.redstone_torch":69,"stat.craftItem.minecraft.golden_leggings":8,"stat.useItem.minecraft.brewing_stand":2,"stat.useItem.minecraft.spruce_fence":16,"stat.trappedChestTriggered":5,"stat.useItem.minecraft.diamond_pickaxe":83727,"stat.useItem.minecraft.rabbit":1,"stat.mineBlock.minecraft.detector_rail":2,"stat.useItem.minecraft.packed_ice":15,"stat.craftItem.minecraft.fence_gate":3,"stat.useItem.minecraft.sticky_piston":90,"stat.craftItem.minecraft.diamond_block":7,"stat.useItem.minecraft.redstone_block":20,"stat.useItem.minecraft.diamond_shovel":11234,"stat.useItem.minecraft.snowball":74,"stat.craftItem.minecraft.torch":3896,"achievement.diamondsToYou":1,"stat.useItem.minecraft.planks":100,"stat.craftItem.minecraft.golden_boots":3,"stat.craftItem.minecraft.ender_eye":10,"achievement.overkill":4,"stat.useItem.minecraft.cooked_chicken":44,"stat.useItem.minecraft.torch":5471,"stat.useItem.minecraft.bed":21,"stat.useItem.minecraft.stone_pickaxe":481,"stat.craftItem.minecraft.golden_sword":6,"stat.mineBlock.minecraft.clay":2,"stat.mineBlock.minecraft.gold_ore":247,"stat.useItem.minecraft.skull":15,"stat.craftItem.minecraft.redstone_block":399,"achievement.buildWorkBench":34,"stat.useItem.minecraft.stone":10743,"stat.craftItem.minecraft.slime":320,"stat.craftItem.minecraft.diamond_sword":4,"stat.craftItem.minecraft.stone_button":5,"stat.craftItem.minecraft.iron_leggings":3,"stat.useItem.minecraft.hopper_minecart":16,"stat.useItem.minecraft.ladder":494,"stat.craftItem.minecraft.diamond_leggings":1,"achievement.killCow":37,"stat.useItem.minecraft.redstone":349,"stat.mineBlock.minecraft.bookshelf":42,"stat.craftItem.minecraft.book":328,"stat.mineBlock.minecraft.slime":198,"stat.mineBlock.minecraft.stone_pressure_plate":9,"stat.mineBlock.minecraft.diamond_ore":152,"stat.craftItem.minecraft.trapped_chest":70,"stat.mineBlock.minecraft.torch":981,"stat.craftItem.minecraft.cooked_beef":174,"stat.mineBlock.minecraft.diamond_block":2,"stat.useItem.minecraft.diamond_sword":1175,"stat.mineBlock.minecraft.brown_mushroom":6,"stat.craftItem.minecraft.ladder":777,"stat.useItem.minecraft.golden_rail":46,"stat.mineBlock.minecraft.wool":209,"stat.breakItem.minecraft.stone_pickaxe":3,"stat.craftItem.minecraft.lever":32,"stat.useItem.minecraft.rail":81,"stat.useItem.minecraft.enchanting_table":8,"stat.craftItem.minecraft.quartz_block":114,"stat.useItem.minecraft.redstone_lamp":16,"stat.climbOneCm":1620898,"stat.useItem.minecraft.stone_sword":51,"achievement.potion":37,"stat.useItem.minecraft.sapling":151,"stat.drop":79,"achievement.theEnd":1,"stat.mineBlock.minecraft.sea_lantern":47,"stat.mineBlock.minecraft.anvil":14,"stat.craftItem.minecraft.stone_slab2":18,"stat.fallOneCm":1313037,"stat.craftItem.minecraft.diamond":9,"stat.craftItem.minecraft.golden_chestplate":2,"stat.mineBlock.minecraft.red_sandstone":18,"stat.craftItem.minecraft.sandstone":87,"stat.hopperInspected":11,"achievement.buildFurnace":176,"stat.useItem.minecraft.cactus":45,"stat.useItem.minecraft.boat":5,"stat.craftItem.minecraft.coal":171,"stat.craftItem.minecraft.cooked_mutton":2,"stat.useItem.minecraft.water_bucket":720,"stat.craftItem.minecraft.stone_axe":1,"stat.useItem.minecraft.wheat_seeds":492,"stat.mineBlock.minecraft.hopper":202,"achievement.enchantments":1,"stat.craftItem.minecraft.golden_helmet":1,"stat.mineBlock.minecraft.rail":50,"stat.useItem.minecraft.stonebrick":2675,"stat.useItem.minecraft.furnace":189,"stat.useItem.minecraft.trapped_chest":26,"stat.craftItem.minecraft.gold_block":112,"stat.useItem.minecraft.hardened_clay":23,"stat.craftItem.minecraft.lead":18,"stat.craftItem.minecraft.speckled_melon":2,"stat.useItem.minecraft.potion":32,"stat.mineBlock.minecraft.pumpkin":31,"stat.mineBlock.minecraft.end_stone":18,"stat.useItem.minecraft.cooked_mutton":4,"achievement.portal":148,"stat.flyOneCm":10901233,"stat.useItem.minecraft.writable_book":1,"stat.mineBlock.minecraft.chest":169,"stat.craftItem.minecraft.sea_lantern":448,"stat.mineBlock.minecraft.packed_ice":581,"achievement.buildPickaxe":125,"stat.mineBlock.minecraft.iron_ore":1450,"stat.mineBlock.minecraft.trapped_chest":12,"stat.craftItem.minecraft.glowstone":227,"stat.useItem.minecraft.prismarine":1,"stat.damageTaken":27035,"stat.mineBlock.minecraft.prismarine":1,"stat.craftItem.minecraft.tripwire_hook":76,"stat.killEntity.Chicken":1,"stat.craftItem.minecraft.stone_pickaxe":4,"stat.mineBlock.minecraft.cobblestone":1744,"stat.craftItem.minecraft.redstone_lamp":14,"stat.useItem.minecraft.stained_hardened_clay":6,"stat.craftItem.minecraft.stained_glass_pane":16,"stat.useItem.minecraft.dye":469,"stat.craftItem.minecraft.leather_boots":4,"stat.mineBlock.minecraft.spruce_fence":8,"stat.craftItem.minecraft.comparator":5,"stat.useItem.minecraft.ender_chest":44,"stat.useItem.minecraft.lapis_ore":72,"stat.useItem.minecraft.flint_and_steel":1,"stat.mineBlock.minecraft.enchanting_table":7,"stat.useItem.minecraft.repeater":60,"stat.entityKilledBy.CaveSpider":1,"stat.useItem.minecraft.stone_pressure_plate":28,"stat.craftItem.minecraft.golden_apple":2,"stat.craftItem.minecraft.boat":5,"stat.mineBlock.minecraft.wooden_slab":8,"achievement.killWither":7,"stat.useItem.minecraft.spruce_stairs":88,"stat.craftItem.minecraft.iron_axe":2,"stat.craftItem.minecraft.piston":82,"stat.useItem.minecraft.diamond_ore":55,"stat.breakItem.minecraft.iron_sword":1,"stat.useItem.minecraft.stone_slab":10971,"stat.mineBlock.minecraft.fence":75,"stat.useItem.minecraft.cooked_porkchop":2,"stat.craftItem.minecraft.leather_chestplate":2,"stat.killEntity.Creeper":58,"stat.craftItem.minecraft.iron_block":77,"stat.mineBlock.minecraft.planks":393,"stat.craftItem.minecraft.stone_slab":7967,"stat.killEntity.Rabbit":11,"stat.useItem.minecraft.hopper":370,"stat.leaveGame":264,"stat.craftItem.minecraft.iron_ingot":1586,"stat.killEntity.Endermite":4,"stat.mineBlock.minecraft.leaves":177,"achievement.buildSword":20,"stat.craftItem.minecraft.hopper":198,"stat.useItem.minecraft.comparator":5,"stat.mineBlock.minecraft.sticky_piston":66,"achievement.mineWood":2814,"stat.mineBlock.minecraft.red_flower":3,"stat.mineBlock.minecraft.stone_slab":3462,"stat.useItem.minecraft.iron_axe":821,"stat.useItem.minecraft.snow":94,"stat.craftItem.minecraft.dye":2320,"stat.craftItem.minecraft.diamond_pickaxe":26,"stat.useItem.minecraft.stone_shovel":35,"stat.craftItem.minecraft.golden_pickaxe":3,"stat.useItem.minecraft.iron_ore":5,"stat.diveOneCm":864527,"stat.useItem.minecraft.lever":95,"stat.craftItem.minecraft.bow":218,"stat.useItem.minecraft.rotten_flesh":12,"stat.useItem.minecraft.soul_sand":16,"stat.killEntity.Slime":843,"stat.mineBlock.minecraft.mossy_cobblestone":59,"stat.useItem.minecraft.diamond_block":2,"stat.craftItem.minecraft.sticky_piston":30,"stat.useItem.minecraft.bow":274,"stat.useItem.minecraft.cooked_beef":905,"stat.mineBlock.minecraft.crafting_table":67,"stat.mineBlock.minecraft.hardened_clay":140,"stat.useItem.minecraft.glass_bottle":35,"stat.mineBlock.minecraft.cactus":8,"achievement.diamonds":113,"stat.useItem.minecraft.egg":34,"stat.craftItem.minecraft.stonebrick":3040,"stat.useItem.minecraft.crafting_table":81,"stat.craftItem.minecraft.red_sandstone":258,"stat.craftItem.minecraft.paper":984,"stat.breakItem.minecraft.shears":1,"stat.craftItem.minecraft.bookshelf":31,"stat.craftItem.minecraft.detector_rail":12,"stat.useItem.minecraft.stone_hoe":51,"stat.mineBlock.minecraft.obsidian":622,"stat.craftItem.minecraft.diamond_boots":5,"stat.killEntity.Enderman":850,"stat.mineBlock.minecraft.coal_block":5,"stat.mineBlock.minecraft.stone_brick_stairs":72,"stat.useItem.minecraft.glass":541,"achievement.buildBetterPickaxe":124,"stat.useItem.minecraft.ender_pearl":347,"stat.mineBlock.minecraft.sapling":17,"stat.timeSinceDeath":1480899,"stat.useItem.minecraft.golden_apple":1,"stat.craftItem.minecraft.cooked_porkchop":3,"stat.useItem.minecraft.gravel":75,"stat.mineBlock.minecraft.leaves2":3,"stat.killEntity.PigZombie":3,"stat.boatOneCm":107299,"stat.useItem.minecraft.golden_sword":22,"stat.useItem.minecraft.wool":329,"stat.craftItem.minecraft.bucket":29,"stat.entityKilledBy.PigZombie":1,"achievement.buildHoe":3,"stat.craftItem.minecraft.lit_pumpkin":48,"stat.useItem.minecraft.glowstone":3,"stat.craftItem.minecraft.hopper_minecart":16,"stat.craftItem.minecraft.iron_shovel":7,"stat.mineBlock.minecraft.stone_button":3,"stat.useItem.minecraft.reeds":1,"achievement.overpowered":4,"achievement.killEnemy":5647,"stat.useItem.minecraft.sand":90,"stat.craftItem.minecraft.rail":80,"stat.mineBlock.minecraft.snow_layer":3,"stat.killEntity.LavaSlime":19,"stat.craftItem.minecraft.fence":6,"stat.playOneMinute":12326170,"stat.useItem.minecraft.redstone_torch":100,"stat.craftItem.minecraft.gold_ingot":1010,"stat.killEntity.Pig":2,"stat.mineBlock.minecraft.dispenser":1,"stat.useItem.minecraft.cooked_rabbit":2,"stat.killEntity.Spider":25,"stat.mineBlock.minecraft.soul_sand":95,"stat.craftItem.minecraft.glass":1208,"stat.craftItem.minecraft.stone_shovel":1,"stat.animalsBred":203,"stat.craftItem.minecraft.spruce_stairs":64,"stat.useItem.minecraft.lead":1,"stat.craftItem.minecraft.stick":1684,"stat.entityKilledBy.Skeleton":1,"stat.useItem.minecraft.pumpkin":39,"stat.mineBlock.minecraft.beacon":1,"stat.craftItem.minecraft.wooden_slab":18,"stat.furnaceInteraction":8,"stat.craftItem.minecraft.baked_potato":99,"stat.playerKills":15,"stat.useItem.minecraft.sandstone":26,"stat.killEntity.Silverfish":62,"stat.useItem.minecraft.written_book":5,"stat.useItem.minecraft.stone_axe":87,"stat.mineBlock.minecraft.quartz_ore":1177,"stat.mineBlock.minecraft.stone":76616,"stat.mineBlock.minecraft.cobblestone_wall":120,"stat.mineBlock.minecraft.dirt":3893,"stat.minecartOneCm":1859002,"stat.useItem.minecraft.armor_stand":6,"stat.useItem.minecraft.piston":10,"stat.killEntity.Blaze":24,"stat.craftItem.minecraft.redstone_torch":98,"stat.craftItem.minecraft.iron_boots":4,"stat.craftItem.minecraft.anvil":6,"stat.craftItem.minecraft.leather_leggings":3,"stat.useItem.minecraft.diamond_axe":3032,"stat.useItem.minecraft.lava_bucket":6,"stat.useItem.minecraft.slime":314,"stat.mineBlock.minecraft.redstone_lamp":3,"achievement.blazeRod":9,"stat.useItem.minecraft.carpet":1,"stat.breakItem.minecraft.iron_pickaxe":32,"stat.mineBlock.minecraft.ladder":52,"stat.mineBlock.minecraft.iron_block":18,"stat.useItem.minecraft.cobblestone_wall":128,"stat.craftItem.minecraft.sign":87,"stat.mineBlock.minecraft.gravel":1668,"stat.craftItem.minecraft.blaze_powder":12,"stat.craftItem.minecraft.cooked_rabbit":3,"stat.useItem.minecraft.baked_potato":53,"stat.mineBlock.minecraft.lever":50,"stat.mineBlock.minecraft.redstone_ore":933,"stat.useItem.minecraft.stone_slab2":17,"stat.useItem.minecraft.wooden_pickaxe":6,"stat.mineBlock.minecraft.ender_chest":37,"stat.killEntity.Squid":8,"stat.useItem.minecraft.quartz_ore":163,"stat.useItem.minecraft.sea_lantern":88,"stat.killEntity.CaveSpider":166,"stat.mineBlock.minecraft.coal_ore":1923,"stat.craftItem.minecraft.diamond_axe":2,"stat.mineBlock.minecraft.tallgrass":59,"stat.craftItem.minecraft.redstone":261,"stat.craftItem.minecraft.stone_sword":1,"stat.useItem.minecraft.iron_sword":498,"stat.mineBlock.minecraft.stone_slab2":15,"stat.craftItem.minecraft.spruce_fence":33,"achievement.breedCow":197,"stat.useItem.minecraft.coal_block":5,"achievement.fullBeacon":1,"stat.craftItem.minecraft.crafting_table":22,"stat.mobKills":21928,"stat.useItem.minecraft.bucket":992,"stat.craftItem.minecraft.diamond_shovel":3,"stat.craftItem.minecraft.armor_stand":2,"stat.killEntity.Zombie":109,"stat.useItem.minecraft.sign":148,"stat.mineBlock.minecraft.deadbush":6,"stat.useItem.minecraft.bookshelf":72,"stat.useItem.minecraft.detector_rail":2,"stat.useItem.minecraft.carrot":225,"stat.useItem.minecraft.trapdoor":25,"stat.swimOneCm":1255535,"stat.killEntity.Skeleton":3480,"stat.walkOneCm":49730135,"stat.craftItem.minecraft.stone_brick_stairs":92,"stat.mineBlock.minecraft.lapis_ore":254,"stat.craftItem.minecraft.stone_hoe":1,"stat.jump":64198,"stat.mineBlock.minecraft.stained_hardened_clay":270,"stat.craftItem.minecraft.stone":7160,"stat.useItem.minecraft.beacon":2,"stat.mineBlock.minecraft.piston":10,"stat.useItem.minecraft.apple":4,"stat.craftItem.minecraft.lapis_block":191,"stat.mineBlock.minecraft.snow":59,"stat.craftItem.minecraft.magma_cream":3,"stat.deaths":14,"stat.mineBlock.minecraft.glowstone":46,"stat.useItem.minecraft.wooden_slab":16,"stat.mineBlock.minecraft.stained_glass_pane":10,"stat.craftItem.minecraft.diamond_hoe":1,"stat.craftItem.minecraft.planks":5712,"stat.craftItem.minecraft.trapdoor":22,"stat.chestOpened":123,"stat.craftItem.minecraft.shears":5,"stat.craftItem.minecraft.stained_glass":3896,"stat.craftItem.minecraft.diamond_helmet":3,"stat.useItem.minecraft.iron_pickaxe":11364,"stat.sprintOneCm":20009857,"stat.useItem.minecraft.dirt":2239}