{"stat.beaconInteraction":12,"stat.useItem.minecraft.bow":1238,"stat.useItem.minecraft.quartz_block":147,"stat.useItem.minecraft.painting":597,"stat.craftItem.minecraft.diamond_hoe":1,"stat.leaveGame":735,"achievement.killWither":3,"stat.useItem.minecraft.glowstone":363,"stat.mineBlock.minecraft.sandstone":2114,"stat.craftItem.minecraft.ender_eye":8,"stat.mineBlock.minecraft.stained_glass":265,"stat.killEntity.PigZombie":87,"stat.mineBlock.minecraft.web":85,"stat.craftItem.minecraft.stone_pressure_plate":6,"stat.mineBlock.minecraft.red_sandstone":33,"stat.useItem.minecraft.sandstone_stairs":957,"stat.craftItem.minecraft.stone_axe":4,"stat.useItem.minecraft.vine":3,"stat.useItem.minecraft.rail":1876,"stat.killEntity.Enderman":1766,"stat.mineBlock.minecraft.wooden_slab":2144,"stat.useItem.minecraft.anvil":36,"stat.craftItem.minecraft.iron_shovel":10,"achievement.buildPickaxe":136,"stat.killEntity.Witch":17,"stat.killEntity.Villager":2,"stat.useItem.minecraft.iron_pickaxe":8601,"stat.craftItem.minecraft.wooden_pickaxe":2,"stat.craftItem.minecraft.iron_door":3,"stat.useItem.minecraft.iron_shovel":1699,"stat.craftItem.minecraft.bed":6,"stat.craftItem.minecraft.glass_pane":48,"stat.useItem.minecraft.hardened_clay":88,"stat.mineBlock.minecraft.hopper":52,"stat.mineBlock.minecraft.vine":397,"stat.mineBlock.minecraft.sticky_piston":85,"stat.useItem.minecraft.nether_wart":5,"stat.furnaceInteraction":1075,"stat.useItem.minecraft.golden_carrot":46,"stat.mineBlock.minecraft.rail":530,"stat.craftItem.minecraft.leather_helmet":2,"stat.useItem.minecraft.double_plant":53,"stat.mineBlock.minecraft.wooden_button":24,"stat.useItem.minecraft.red_sandstone":50,"stat.craftItem.minecraft.golden_leggings":1,"stat.useItem.minecraft.trapdoor":91,"stat.mineBlock.minecraft.stained_hardened_clay":1077,"stat.useItem.minecraft.stained_glass":701,"stat.craftItem.minecraft.prismarine":64,"stat.useItem.minecraft.fence":72,"stat.useItem.minecraft.dark_oak_door":52,"stat.useItem.minecraft.acacia_fence":70,"stat.useItem.minecraft.ice":53,"achievement.openInventory":17881,"stat.craftItem.minecraft.daylight_detector":2,"stat.useItem.minecraft.cauldron":15,"stat.useItem.minecraft.flint_and_steel":24,"stat.mineBlock.minecraft.fence":102,"stat.mineBlock.minecraft.sea_lantern":249,"stat.useItem.minecraft.wheat_seeds":3841,"stat.useItem.minecraft.wooden_button":34,"stat.craftItem.minecraft.dropper":11,"stat.useItem.minecraft.dye":1633,"stat.mineBlock.minecraft.stone_slab2":25,"stat.useItem.minecraft.beef":8,"stat.deaths":87,"stat.craftItem.minecraft.melon_seeds":1,"stat.craftItem.minecraft.item_frame":164,"stat.mineBlock.minecraft.stone_pressure_plate":2,"stat.useItem.minecraft.nether_brick":5327,"stat.craftItem.minecraft.iron_pickaxe":46,"stat.craftItem.minecraft.repeater":74,"stat.craftItem.minecraft.cooked_mutton":52,"stat.mineBlock.minecraft.tallgrass":2042,"achievement.potion":3,"stat.chestOpened":2779,"stat.useItem.minecraft.lapis_ore":41,"stat.craftItem.minecraft.mushroom_stew":3,"stat.craftItem.minecraft.sign":267,"stat.useItem.minecraft.stone":48518,"stat.useItem.minecraft.jungle_fence":5,"stat.killEntity.Ghast":12,"stat.useItem.minecraft.ender_chest":7,"stat.craftItem.minecraft.quartz_block":431,"stat.useItem.minecraft.clay":103,"stat.craftItem.minecraft.coal":7778,"stat.craftItem.minecraft.ender_chest":1,"stat.crouchOneCm":8165222,"achievement.killCow":79,"stat.mineBlock.minecraft.chest":167,"stat.craftItem.minecraft.iron_ingot":1935,"stat.mineBlock.minecraft.hardened_clay":751,"stat.craftItem.minecraft.hopper":150,"stat.craftingTableInteraction":602,"stat.useItem.minecraft.emerald_ore":4,"stat.mineBlock.minecraft.wooden_pressure_plate":21,"stat.mineBlock.minecraft.log2":902,"stat.useItem.minecraft.dark_oak_fence":59,"stat.useItem.minecraft.reeds":35,"stat.craftItem.minecraft.nether_brick":5513,"stat.mineBlock.minecraft.jungle_fence":2,"stat.craftItem.minecraft.diamond_shovel":7,"stat.mineBlock.minecraft.glass":29,"stat.useItem.minecraft.enchanting_table":9,"stat.useItem.minecraft.record_13":1,"stat.mineBlock.minecraft.ender_chest":6,"stat.mineBlock.minecraft.daylight_detector":6,"stat.mineBlock.minecraft.dirt":29831,"stat.flowerPotted":4,"stat.useItem.minecraft.bread":26,"stat.useItem.minecraft.cobblestone":3987,"stat.craftItem.minecraft.leather_boots":12,"stat.useItem.minecraft.gravel":132,"stat.mineBlock.minecraft.double_plant":63,"stat.minecartOneCm":11148422,"stat.craftItem.minecraft.gold_ingot":817,"stat.useItem.minecraft.tallgrass":6,"stat.useItem.minecraft.glass_pane":41,"stat.breakItem.minecraft.stone_shovel":1,"achievement.portal":713,"stat.craftItem.minecraft.bucket":42,"stat.useItem.minecraft.iron_sword":1627,"stat.craftItem.minecraft.planks":19336,"stat.itemEnchanted":23,"stat.mineBlock.minecraft.prismarine":257,"stat.craftItem.minecraft.dirt":320,"stat.craftItem.minecraft.fishing_rod":14,"stat.useItem.minecraft.daylight_detector":7,"stat.useItem.minecraft.stonebrick":218,"stat.mineBlock.minecraft.log":13438,"stat.craftItem.minecraft.wooden_door":18,"stat.mineBlock.minecraft.heavy_weighted_pressure_plate":6,"stat.mineBlock.minecraft.waterlily":89,"stat.useItem.minecraft.wooden_door":19,"stat.useItem.minecraft.spruce_door":135,"achievement.acquireIron":51,"stat.craftItem.minecraft.paper":3864,"stat.craftItem.minecraft.trapped_chest":88,"stat.craftItem.minecraft.spruce_door":63,"stat.craftItem.minecraft.diamond_leggings":3,"stat.mineBlock.minecraft.acacia_stairs":7,"stat.useItem.minecraft.iron_axe":248,"stat.craftItem.minecraft.tnt_minecart":1,"stat.mineBlock.minecraft.pumpkin":44,"stat.mineBlock.minecraft.cobblestone":1363,"stat.useItem.minecraft.beacon":7,"stat.mineBlock.minecraft.yellow_flower":86,"stat.craftItem.minecraft.quartz_stairs":128,"stat.useItem.minecraft.skull":9,"stat.craftItem.minecraft.wool":922,"stat.mineBlock.minecraft.stained_glass_pane":261,"stat.useItem.minecraft.snow":4,"achievement.buildWorkBench":59,"stat.useItem.minecraft.coal_block":74,"stat.craftItem.minecraft.arrow":32,"stat.mineBlock.minecraft.dropper":9,"stat.breakItem.minecraft.iron_pickaxe":30,"stat.useItem.minecraft.obsidian":85,"stat.useItem.minecraft.cookie":11,"stat.useItem.minecraft.stone_slab2":195,"stat.craftItem.minecraft.dark_oak_door":18,"stat.craftItem.minecraft.furnace":217,"stat.mineBlock.minecraft.detector_rail":1,"stat.useItem.minecraft.egg":58,"stat.craftItem.minecraft.iron_boots":4,"stat.craftItem.minecraft.cooked_beef":103,"stat.mineBlock.minecraft.obsidian":106,"stat.craftItem.minecraft.bow":21,"stat.useItem.minecraft.spruce_fence_gate":3,"stat.mineBlock.minecraft.clay":750,"stat.craftItem.minecraft.red_sandstone_stairs":56,"stat.flyOneCm":14545501,"stat.craftItem.minecraft.stained_glass":624,"stat.timeSinceDeath":164395,"stat.craftItem.minecraft.painting":30,"stat.cauldronFilled":5,"stat.useItem.minecraft.wooden_slab":13394,"stat.useItem.minecraft.iron_door":1,"stat.craftItem.minecraft.iron_block":163,"stat.killEntity.Bat":12,"stat.craftItem.minecraft.stonebrick":303,"stat.breakItem.minecraft.diamond_pickaxe":1,"stat.useItem.minecraft.potato":164,"stat.mineBlock.minecraft.enchanting_table":8,"stat.mineBlock.minecraft.coal_ore":2171,"stat.killEntity.Creeper":140,"stat.useItem.minecraft.armor_stand":66,"stat.talkedToVillager":151,"stat.breakItem.minecraft.iron_sword":2,"stat.craftItem.minecraft.stone_hoe":1,"stat.craftItem.minecraft.golden_helmet":1,"stat.craftItem.minecraft.jungle_stairs":8,"stat.mineBlock.minecraft.ladder":262,"stat.entityKilledBy.Skeleton":2,"achievement.buildSword":25,"stat.useItem.minecraft.written_book":71,"stat.useItem.minecraft.dropper":10,"stat.killEntity.Squid":42,"stat.useItem.minecraft.diamond_shovel":29036,"stat.sprintOneCm":48227899,"stat.useItem.minecraft.hay_block":56,"stat.mineBlock.minecraft.stone_slab":2680,"stat.useItem.minecraft.snowball":136,"stat.mineBlock.minecraft.diamond_ore":224,"stat.craftItem.minecraft.wooden_pressure_plate":20,"stat.craftItem.minecraft.redstone_lamp":117,"achievement.killEnemy":3579,"stat.craftItem.minecraft.leather_chestplate":10,"stat.useItem.minecraft.banner":180,"stat.breakItem.minecraft.iron_shovel":5,"stat.useItem.minecraft.ladder":837,"stat.useItem.minecraft.diamond_ore":91,"stat.craftItem.minecraft.emerald":84,"stat.killEntity.Zombie":466,"stat.craftItem.minecraft.dye":8804,"stat.useItem.minecraft.birch_stairs":447,"stat.craftItem.minecraft.sandstone_stairs":624,"stat.craftItem.minecraft.diamond_axe":7,"stat.mineBlock.minecraft.gold_ore":164,"stat.craftItem.minecraft.slime_ball":9,"stat.diveOneCm":2391531,"stat.craftItem.minecraft.sandstone":362,"stat.useItem.minecraft.sticky_piston":136,"stat.craftItem.minecraft.ladder":702,"achievement.buildHoe":7,"stat.mineBlock.minecraft.stone_button":15,"stat.craftItem.minecraft.cooked_porkchop":10,"stat.useItem.minecraft.chicken":2,"stat.useItem.minecraft.tnt_minecart":1,"stat.useItem.minecraft.heavy_weighted_pressure_plate":19,"stat.useItem.minecraft.rotten_flesh":27,"stat.craftItem.minecraft.diamond_sword":4,"stat.useItem.minecraft.iron_trapdoor":5,"stat.useItem.minecraft.sand":586,"stat.jump":136446,"stat.craftItem.minecraft.lever":46,"stat.craftItem.minecraft.torch":3436,"stat.useItem.minecraft.coal_ore":697,"achievement.makeBread":43,"stat.mineBlock.minecraft.spruce_fence_gate":1,"stat.useItem.minecraft.dispenser":8,"stat.useItem.minecraft.glass":47,"stat.useItem.minecraft.sapling":1328,"stat.mineBlock.minecraft.lapis_ore":93,"achievement.blazeRod":18,"stat.mineBlock.minecraft.glass_pane":31,"stat.brewingstandInteraction":7,"stat.damageTaken":123854,"stat.useItem.minecraft.stone_brick_stairs":87,"stat.mineBlock.minecraft.torch":1126,"stat.mineBlock.minecraft.melon_block":3,"stat.mineBlock.minecraft.red_flower":332,"stat.useItem.minecraft.gold_block":74,"stat.tradedWithVillager":98,"stat.useItem.minecraft.acacia_door":2,"stat.mineBlock.minecraft.sapling":34,"stat.mineBlock.minecraft.sandstone_stairs":328,"stat.craftItem.minecraft.comparator":10,"stat.craftItem.minecraft.sea_lantern":604,"stat.craftItem.minecraft.glowstone":419,"stat.useItem.minecraft.slime":442,"stat.cauldronUsed":10,"stat.useItem.minecraft.birch_fence":49,"stat.entityKilledBy.Zombie":2,"stat.useItem.minecraft.snow_layer":14,"stat.killEntity.Silverfish":6,"stat.craftItem.minecraft.stone_slab":6276,"stat.mineBlock.minecraft.birch_fence":17,"stat.animalsBred":725,"stat.useItem.minecraft.chest":209,"stat.useItem.minecraft.pumpkin":323,"stat.useItem.minecraft.tnt":246,"stat.useItem.minecraft.gold_ore":9,"stat.useItem.minecraft.lava_bucket":21,"stat.useItem.minecraft.melon":17,"stat.useItem.minecraft.item_frame":252,"stat.craftItem.minecraft.iron_chestplate":6,"stat.useItem.minecraft.stained_hardened_clay":1199,"stat.useItem.minecraft.redstone_ore":107,"stat.useItem.minecraft.netherrack":977,"stat.craftItem.minecraft.stained_glass_pane":544,"stat.mineBlock.minecraft.tnt":31,"stat.craftItem.minecraft.bookshelf":206,"stat.useItem.minecraft.tripwire_hook":20,"stat.mineBlock.minecraft.stonebrick":269,"stat.craftItem.minecraft.cookie":80,"stat.mineBlock.minecraft.glowstone":365,"stat.mobKills":25989,"stat.mineBlock.minecraft.bookshelf":109,"stat.craftItem.minecraft.shears":38,"stat.useItem.minecraft.boat":39,"stat.craftItem.minecraft.lead":12,"stat.useItem.minecraft.cobblestone_wall":185,"stat.useItem.minecraft.writable_book":32,"achievement.bookcase":374,"stat.craftItem.minecraft.nether_brick_stairs":1012,"stat.craftItem.minecraft.spruce_stairs":40,"stat.craftItem.minecraft.map":56,"stat.craftItem.minecraft.compass":73,"stat.useItem.minecraft.string":17,"stat.useItem.minecraft.bookshelf":299,"stat.craftItem.minecraft.iron_axe":5,"stat.useItem.minecraft.soul_sand":77,"stat.useItem.minecraft.lead":1,"stat.killEntity.Blaze":41,"stat.useItem.minecraft.mutton":6,"stat.useItem.minecraft.planks":2511,"stat.useItem.minecraft.nether_brick_stairs":1689,"stat.useItem.minecraft.red_sandstone_stairs":121,"stat.mineBlock.minecraft.red_mushroom":13,"stat.useItem.minecraft.water_bucket":566,"achievement.overpowered":2,"stat.mineBlock.minecraft.stone_brick_stairs":64,"stat.mineBlock.minecraft.nether_brick_fence":645,"stat.craftItem.minecraft.golden_apple":3,"stat.useItem.minecraft.golden_sword":79,"stat.craftItem.minecraft.dark_oak_fence":48,"achievement.diamonds":141,"stat.craftItem.minecraft.fire_charge":18,"stat.craftItem.minecraft.lit_pumpkin":236,"stat.craftItem.minecraft.cobblestone_wall":210,"stat.craftItem.minecraft.stone_sword":3,"stat.useItem.minecraft.ender_pearl":2438,"stat.mineBlock.minecraft.snow_layer":90,"stat.mineBlock.minecraft.sand":2813,"stat.craftItem.minecraft.cooked_fish":366,"stat.craftItem.minecraft.slime":39,"achievement.buildBetterPickaxe":134,"stat.craftItem.minecraft.blaze_powder":28,"stat.hopperInspected":478,"stat.craftItem.minecraft.birch_door":3,"stat.trappedChestTriggered":2203,"stat.craftItem.minecraft.hardened_clay":40,"achievement.breedCow":651,"stat.craftItem.minecraft.magma_cream":14,"stat.useItem.minecraft.oak_stairs":153,"stat.craftItem.minecraft.golden_carrot":39,"stat.craftItem.minecraft.acacia_stairs":12,"stat.mineBlock.minecraft.dark_oak_stairs":297,"stat.useItem.minecraft.dark_oak_stairs":701,"stat.mineBlock.minecraft.birch_stairs":217,"stat.useItem.minecraft.minecart":98,"stat.useItem.minecraft.cooked_mutton":41,"stat.useItem.minecraft.redstone":461,"achievement.overkill":297,"stat.mineBlock.minecraft.redstone_lamp":101,"achievement.mineWood":13272,"stat.useItem.minecraft.stone_stairs":3,"stat.useItem.minecraft.hopper":179,"stat.mineBlock.minecraft.soul_sand":345,"stat.mineBlock.minecraft.jungle_stairs":37,"stat.craftItem.minecraft.heavy_weighted_pressure_plate":14,"stat.mineBlock.minecraft.oak_stairs":60,"achievement.ghast":1,"stat.playOneMinute":29552286,"stat.useItem.minecraft.jungle_stairs":55,"stat.useItem.minecraft.shears":2835,"stat.recordPlayed":1,"stat.useItem.minecraft.fish":22,"stat.mineBlock.minecraft.dark_oak_fence":47,"stat.craftItem.minecraft.carpet":3973,"stat.mineBlock.minecraft.netherrack":12682,"stat.mineBlock.minecraft.dispenser":5,"stat.mineBlock.minecraft.ice":258,"stat.craftItem.minecraft.dark_oak_stairs":492,"stat.craftItem.minecraft.redstone_torch":322,"stat.craftItem.minecraft.golden_rail":96,"stat.useItem.minecraft.packed_ice":444,"stat.useItem.minecraft.quartz_ore":596,"stat.mineBlock.minecraft.gold_block":57,"stat.craftItem.minecraft.iron_hoe":3,"stat.fallOneCm":6039024,"stat.useItem.minecraft.trapped_chest":116,"stat.craftItem.minecraft.chest":322,"stat.useItem.minecraft.nether_brick_fence":2033,"stat.craftItem.minecraft.banner":486,"stat.mineBlock.minecraft.lever":38,"stat.useItem.minecraft.iron_hoe":74,"stat.dropperInspected":40,"stat.useItem.minecraft.golden_rail":268,"stat.craftItem.minecraft.detector_rail":6,"stat.craftItem.minecraft.wooden_button":23,"stat.useItem.minecraft.furnace":251,"stat.mineBlock.minecraft.spruce_fence":58,"achievement.fullBeacon":3,"stat.mineBlock.minecraft.gravel":1042,"stat.useItem.minecraft.stone_pickaxe":2763,"stat.craftItem.minecraft.birch_stairs":336,"stat.breakItem.minecraft.stone_axe":1,"stat.craftItem.minecraft.iron_leggings":4,"stat.useItem.minecraft.stone_sword":99,"stat.mineBlock.minecraft.beacon":7,"stat.breakItem.minecraft.diamond_axe":3,"stat.useItem.minecraft.wool":3575,"stat.craftItem.minecraft.oak_stairs":120,"stat.useItem.minecraft.iron_bars":4,"stat.mineBlock.minecraft.monster_egg":4,"stat.mineBlock.minecraft.quartz_stairs":155,"stat.useItem.minecraft.torch":3874,"stat.craftItem.minecraft.redstone_block":25,"stat.craftItem.minecraft.stone_stairs":8,"stat.useItem.minecraft.log":770,"stat.useItem.minecraft.comparator":13,"stat.craftItem.minecraft.crafting_table":55,"stat.craftItem.minecraft.boat":86,"stat.killEntity.LavaSlime":37,"stat.mineBlock.minecraft.emerald_ore":10,"stat.useItem.minecraft.cooked_fish":1411,"achievement.theEnd2":33,"stat.craftItem.minecraft.stone_button":17,"stat.mineBlock.minecraft.golden_rail":53,"stat.craftItem.minecraft.hopper_minecart":4,"stat.breakItem.minecraft.diamond_chestplate":1,"stat.breakItem.minecraft.iron_helmet":2,"stat.entityKilledBy.Enderman":1,"stat.mineBlock.minecraft.iron_block":958,"stat.useItem.minecraft.deadbush":1,"stat.useItem.minecraft.birch_door":4,"stat.mineBlock.minecraft.tripwire_hook":14,"stat.craftItem.minecraft.snow":23,"stat.useItem.minecraft.wooden_pressure_plate":45,"stat.useItem.minecraft.stone_hoe":9,"stat.craftItem.minecraft.flower_pot":12,"stat.craftItem.minecraft.sugar":17,"stat.craftItem.minecraft.golden_boots":1,"stat.mineBlock.minecraft.cobblestone_wall":59,"stat.craftItem.minecraft.spruce_fence_gate":4,"stat.useItem.minecraft.baked_potato":132,"stat.useItem.minecraft.brewing_stand":2,"stat.useItem.minecraft.fishing_rod":423,"stat.craftItem.minecraft.enchanting_table":3,"stat.useItem.minecraft.web":3,"stat.craftItem.minecraft.diamond_chestplate":3,"stat.craftItem.minecraft.leather_leggings":4,"stat.useItem.minecraft.mushroom_stew":2,"stat.craftItem.minecraft.sticky_piston":140,"stat.horseOneCm":357160,"stat.useItem.minecraft.repeater":93,"stat.useItem.minecraft.log2":84,"stat.mineBlock.minecraft.slime":403,"stat.craftItem.minecraft.stone_brick_stairs":44,"stat.mineBlock.minecraft.brown_mushroom":30,"stat.mineBlock.minecraft.acacia_fence":26,"stat.useItem.minecraft.diamond_sword":2908,"stat.craftItem.minecraft.diamond_helmet":3,"stat.craftItem.minecraft.iron_trapdoor":5,"stat.swimOneCm":2481866,"stat.climbOneCm":2884930,"stat.mineBlock.minecraft.spruce_stairs":51,"stat.craftItem.minecraft.gold_block":54,"stat.craftItem.minecraft.golden_chestplate":1,"stat.enderchestOpened":156,"stat.useItem.minecraft.redstone_torch":335,"stat.useItem.minecraft.dirt":19751,"achievement.exploreAllBiomes":{"value":0,"progress":["Sunflower Plains","Birch Forest","Roofed Forest","The End","Beach","Mega Taiga Hills","River","Ocean","JungleEdge","Taiga","Swampland","Birch Forest Hills","Savanna Plateau","Roofed Forest M","Mesa Plateau F","Mesa","ForestHills","Flower Forest","Plains","Mesa Plateau M","Ice Plains Spikes","TaigaHills","DesertHills","Stone Beach","Jungle","Birch Forest Hills M","Forest","JungleHills","Desert","Extreme Hills","Savanna M","Mesa (Bryce)","Deep Ocean","Savanna","Hell"]},"stat.useItem.minecraft.red_flower":9,"stat.useItem.minecraft.leaves2":117,"stat.useItem.minecraft.iron_ore":43,"stat.useItem.minecraft.detector_rail":1,"stat.craftItem.minecraft.trapdoor":66,"stat.craftItem.minecraft.stone_pickaxe":22,"stat.mineBlock.minecraft.carpet":1469,"stat.mineBlock.minecraft.redstone_block":59,"stat.useItem.minecraft.stone_shovel":248,"stat.craftItem.minecraft.glass_bottle":21,"stat.useItem.minecraft.cooked_beef":778,"stat.craftItem.minecraft.wooden_slab":12565,"stat.craftItem.minecraft.dispenser":3,"stat.craftItem.minecraft.book":658,"stat.mineBlock.minecraft.iron_ore":629,"stat.craftItem.minecraft.acacia_door":3,"stat.useItem.minecraft.sign":362,"achievement.theEnd":8,"stat.useItem.minecraft.lever":80,"stat.mineBlock.minecraft.coal_block":46,"stat.breakItem.minecraft.golden_sword":3,"stat.craftItem.minecraft.red_sandstone":364,"achievement.spawnWither":6,"stat.useItem.minecraft.cooked_porkchop":23,"stat.useItem.minecraft.acacia_stairs":11,"stat.mineBlock.minecraft.nether_brick":4725,"stat.craftItem.minecraft.acacia_fence":57,"stat.craftItem.minecraft.nether_brick_fence":1464,"stat.mineBlock.minecraft.red_sandstone_stairs":89,"stat.useItem.minecraft.chest_minecart":6,"stat.craftItem.minecraft.brick_block":8,"stat.useItem.minecraft.sea_lantern":726,"stat.craftItem.minecraft.stone_slab2":234,"stat.craftItem.minecraft.snow_layer":18,"stat.useItem.minecraft.spruce_fence":108,"stat.craftItem.minecraft.chest_minecart":6,"stat.craftItem.minecraft.stick":5856,"stat.useItem.minecraft.stone_slab":7807,"stat.craftItem.minecraft.stained_hardened_clay":912,"stat.useItem.minecraft.bed":53,"stat.craftItem.minecraft.gold_nugget":384,"stat.craftItem.minecraft.stone":7688,"stat.craftItem.minecraft.armor_stand":22,"stat.mineBlock.minecraft.crafting_table":138,"stat.useItem.minecraft.stone_pressure_plate":4,"stat.useItem.minecraft.diamond_pickaxe":110512,"stat.mineBlock.minecraft.quartz_block":91,"stat.killEntity.Endermite":15,"stat.useItem.minecraft.carrot":319,"stat.useItem.minecraft.ender_eye":1,"stat.useItem.minecraft.bucket":783,"stat.breakItem.minecraft.shears":15,"achievement.buildFurnace":421,"stat.mineBlock.minecraft.planks":777,"stat.drop":988,"stat.killEntity.Sheep":11,"stat.craftItem.minecraft.diamond_pickaxe":21,"stat.useItem.minecraft.melon_seeds":1,"stat.craftItem.minecraft.clay":644,"stat.craftItem.minecraft.piston":140,"stat.useItem.minecraft.quartz_stairs":328,"stat.useItem.minecraft.glass_bottle":13,"stat.killEntity.Slime":417,"stat.mineBlock.minecraft.anvil":17,"stat.useItem.minecraft.diamond_axe":19864,"stat.useItem.minecraft.waterlily":32,"stat.useItem.minecraft.apple":65,"stat.mineBlock.minecraft.deadbush":6,"stat.useItem.minecraft.carpet":5409,"stat.useItem.minecraft.potion":16,"stat.useItem.minecraft.stained_glass_pane":655,"stat.useItem.minecraft.flower_pot":16,"stat.useItem.minecraft.stone_axe":403,"stat.useItem.minecraft.piston":5,"stat.craftItem.minecraft.bread":22,"stat.useItem.minecraft.stone_button":31,"stat.craftItem.minecraft.iron_helmet":5,"stat.craftItem.minecraft.rail":112,"stat.useItem.minecraft.cooked_chicken":493,"stat.boatOneCm":1105848,"stat.mineBlock.minecraft.iron_bars":2,"stat.craftItem.minecraft.flint_and_steel":4,"stat.useItem.minecraft.redstone_lamp":214,"stat.mineBlock.minecraft.leaves2":791,"stat.mineBlock.minecraft.stone_stairs":3,"stat.craftItem.minecraft.iron_bars":16,"stat.mineBlock.minecraft.furnace":124,"stat.dispenserInspected":107,"stat.useItem.minecraft.wooden_pickaxe":55,"stat.killEntity.CaveSpider":8,"stat.craftItem.minecraft.netherbrick":12156,"stat.craftItem.minecraft.birch_fence":39,"stat.damageDealt":497015,"stat.craftItem.minecraft.glass":366,"stat.craftItem.minecraft.cauldron":8,"stat.craftItem.minecraft.bowl":8,"stat.craftItem.minecraft.baked_potato":114,"stat.craftItem.minecraft.anvil":11,"stat.mineBlock.minecraft.nether_brick_stairs":752,"stat.killEntity.Cow":564,"stat.useItem.minecraft.crafting_table":161,"stat.killEntity.Pig":6,"stat.craftItem.minecraft.iron_sword":15,"stat.craftItem.minecraft.stone_shovel":238,"stat.breakItem.minecraft.fishing_rod":1,"stat.walkOneCm":136300191,"stat.playerKills":9,"achievement.enchantments":3,"stat.mineBlock.minecraft.trapped_chest":28,"stat.breakItem.minecraft.stone_pickaxe":20,"stat.craftItem.minecraft.writable_book":13,"stat.craftItem.minecraft.diamond_boots":4,"stat.useItem.minecraft.redstone_block":81,"stat.useItem.minecraft.spruce_stairs":75,"stat.mineBlock.minecraft.wool":1949,"stat.craftItem.minecraft.hay_block":31,"stat.craftItem.minecraft.redstone":128,"stat.mineBlock.minecraft.packed_ice":1302,"stat.useItem.minecraft.leaves":1277,"stat.craftItem.minecraft.minecart":39,"stat.useItem.minecraft.prismarine":243,"stat.killEntity.Skeleton":389,"stat.mineBlock.minecraft.cactus":8,"stat.killEntity.Chicken":12,"stat.mineBlock.minecraft.redstone_torch":134,"stat.useItem.minecraft.iron_block":2251,"stat.killEntity.Spider":178,"stat.mineBlock.minecraft.quartz_ore":1371,"stat.craftItem.minecraft.tnt":243,"stat.craftItem.minecraft.spruce_fence":96,"stat.craftItem.minecraft.fence":60,"stat.craftItem.minecraft.jungle_fence":3,"stat.useItem.minecraft.golden_apple":2,"stat.breakItem.minecraft.iron_axe":1,"stat.useItem.minecraft.hopper_minecart":4,"stat.mineBlock.minecraft.leaves":4108,"stat.mineBlock.minecraft.piston":4,"stat.mineBlock.minecraft.redstone_ore":670,"stat.craftItem.minecraft.coal_block":48,"stat.mineBlock.minecraft.hay_block":26,"stat.useItem.minecraft.map":35,"stat.craftItem.minecraft.tripwire_hook":104,"stat.craftItem.minecraft.brick":99,"achievement.cookFish":48,"stat.mineBlock.minecraft.stone":82836,"stat.useItem.minecraft.sandstone":2143}