{"stat.beaconInteraction":89,"stat.useItem.minecraft.bow":2206,"stat.useItem.minecraft.quartz_block":567,"stat.useItem.minecraft.painting":75,"stat.craftItem.minecraft.diamond_hoe":3,"stat.leaveGame":1514,"achievement.killWither":65,"stat.useItem.minecraft.glowstone":555,"stat.mineBlock.minecraft.sandstone":1543,"stat.craftItem.minecraft.ender_eye":8,"stat.mineBlock.minecraft.stained_glass":252,"stat.killEntity.PigZombie":824,"stat.mineBlock.minecraft.web":147,"stat.craftItem.minecraft.stone_pressure_plate":128,"stat.entityKilledBy.PigZombie":1,"stat.mineBlock.minecraft.red_sandstone":206,"stat.useItem.minecraft.sandstone_stairs":186,"stat.useItem.minecraft.activator_rail":16,"stat.craftItem.minecraft.stone_axe":1,"stat.useItem.minecraft.vine":387,"stat.craftItem.minecraft.noteblock":10,"stat.useItem.minecraft.rail":3319,"stat.killEntity.Enderman":15751,"stat.mineBlock.minecraft.wooden_slab":1729,"stat.useItem.minecraft.anvil":47,"stat.craftItem.minecraft.iron_shovel":57,"stat.mineBlock.minecraft.emerald_block":74,"achievement.buildPickaxe":155,"stat.killEntity.Witch":41,"stat.killEntity.MushroomCow":28,"stat.mineBlock.minecraft.end_stone":217,"stat.useItem.minecraft.spider_eye":1,"stat.useItem.minecraft.iron_pickaxe":5181,"stat.craftItem.minecraft.wooden_pickaxe":1,"stat.craftItem.minecraft.iron_door":25,"stat.useItem.minecraft.iron_shovel":5387,"stat.mineBlock.minecraft.brick_block":5,"stat.craftItem.minecraft.bed":20,"stat.craftItem.minecraft.glass_pane":104,"stat.useItem.minecraft.hardened_clay":67,"stat.mineBlock.minecraft.hopper":403,"stat.mineBlock.minecraft.vine":948,"stat.mineBlock.minecraft.sticky_piston":204,"stat.useItem.minecraft.nether_wart":1709,"stat.furnaceInteraction":630,"stat.useItem.minecraft.golden_carrot":56,"stat.mineBlock.minecraft.rail":985,"stat.noteblockPlayed":5,"stat.useItem.minecraft.end_stone":63,"stat.useItem.minecraft.double_plant":3,"stat.mineBlock.minecraft.wooden_button":22,"stat.useItem.minecraft.red_sandstone":604,"stat.useItem.minecraft.trapdoor":127,"stat.mineBlock.minecraft.stained_hardened_clay":8057,"stat.useItem.minecraft.stained_glass":2057,"stat.craftItem.minecraft.prismarine":11,"stat.useItem.minecraft.fence":226,"stat.useItem.minecraft.dark_oak_door":1448,"stat.useItem.minecraft.acacia_fence":152,"stat.useItem.minecraft.ice":286,"achievement.openInventory":33345,"stat.craftItem.minecraft.daylight_detector":2,"stat.useItem.minecraft.cauldron":61,"stat.useItem.minecraft.flint_and_steel":466,"stat.mineBlock.minecraft.fence":106,"stat.mineBlock.minecraft.sea_lantern":462,"stat.useItem.minecraft.wheat_seeds":10178,"stat.useItem.minecraft.wooden_button":78,"stat.craftItem.minecraft.dropper":321,"stat.useItem.minecraft.dye":1592,"stat.mineBlock.minecraft.stone_slab2":203,"stat.breakItem.minecraft.diamond_boots":2,"stat.deaths":131,"stat.craftItem.minecraft.item_frame":335,"stat.craftItem.minecraft.wooden_shovel":21,"stat.mineBlock.minecraft.stone_pressure_plate":22,"stat.useItem.minecraft.nether_brick":7069,"stat.craftItem.minecraft.iron_pickaxe":33,"stat.craftItem.minecraft.repeater":906,"stat.useItem.minecraft.jukebox":2,"stat.mineBlock.minecraft.light_weighted_pressure_plate":5,"stat.craftItem.minecraft.cooked_mutton":3,"stat.mineBlock.minecraft.tallgrass":1827,"achievement.potion":230,"stat.chestOpened":16281,"stat.craftItem.minecraft.mossy_cobblestone":104,"stat.useItem.minecraft.lapis_ore":131,"stat.craftItem.minecraft.light_weighted_pressure_plate":18,"stat.craftItem.minecraft.sign":423,"stat.useItem.minecraft.stone":13429,"stat.killEntity.Ghast":194,"stat.useItem.minecraft.ender_chest":39,"stat.craftItem.minecraft.quartz_block":2598,"stat.useItem.minecraft.clay":3,"stat.craftItem.minecraft.coal":11,"stat.craftItem.minecraft.ender_chest":7,"stat.crouchOneCm":9279488,"achievement.killCow":210,"stat.craftItem.minecraft.diamond":446,"stat.mineBlock.minecraft.chest":2192,"stat.craftItem.minecraft.iron_ingot":60736,"stat.mineBlock.minecraft.hardened_clay":4754,"stat.craftItem.minecraft.hopper":1097,"stat.craftingTableInteraction":1760,"stat.mineBlock.minecraft.wooden_pressure_plate":14,"stat.mineBlock.minecraft.log2":633,"stat.useItem.minecraft.dark_oak_fence":159,"achievement.bakeCake":140,"stat.useItem.minecraft.reeds":67,"stat.craftItem.minecraft.nether_brick":6266,"stat.craftItem.minecraft.wooden_sword":5,"stat.craftItem.minecraft.diamond_shovel":24,"stat.mineBlock.minecraft.glass":905,"stat.useItem.minecraft.enchanting_table":3,"stat.useItem.minecraft.record_13":3,"stat.mineBlock.minecraft.ender_chest":33,"stat.mineBlock.minecraft.dirt":84458,"stat.mineBlock.minecraft.daylight_detector":6,"stat.flowerPotted":25,"stat.useItem.minecraft.bread":30,"stat.useItem.minecraft.cobblestone":5810,"stat.mineBlock.minecraft.activator_rail":9,"stat.craftItem.minecraft.leather_boots":2,"stat.useItem.minecraft.gravel":242,"stat.mineBlock.minecraft.double_plant":62,"stat.minecartOneCm":17986603,"stat.useItem.minecraft.yellow_flower":1,"stat.craftItem.minecraft.gold_ingot":2006,"stat.craftItem.minecraft.brewing_stand":26,"stat.useItem.minecraft.tallgrass":11,"stat.useItem.minecraft.fireworks":18,"stat.useItem.minecraft.glass_pane":41,"achievement.portal":2869,"stat.craftItem.minecraft.bucket":166,"stat.useItem.minecraft.iron_sword":874,"stat.craftItem.minecraft.planks":41130,"stat.itemEnchanted":86,"stat.mineBlock.minecraft.prismarine":211,"stat.craftItem.minecraft.dirt":304,"stat.craftItem.minecraft.fishing_rod":14,"stat.useItem.minecraft.daylight_detector":8,"stat.useItem.minecraft.stonebrick":9574,"stat.mineBlock.minecraft.log":4139,"stat.craftItem.minecraft.wooden_door":966,"stat.mineBlock.minecraft.heavy_weighted_pressure_plate":21,"stat.mineBlock.minecraft.waterlily":804,"stat.useItem.minecraft.wooden_door":1770,"stat.useItem.minecraft.spruce_door":82,"achievement.acquireIron":89,"stat.craftItem.minecraft.paper":11041,"stat.craftItem.minecraft.trapped_chest":420,"stat.craftItem.minecraft.spruce_door":33,"stat.cakeSlicesEaten":2,"stat.craftItem.minecraft.diamond_leggings":8,"stat.mineBlock.minecraft.acacia_stairs":3,"stat.useItem.minecraft.iron_axe":1887,"stat.mineBlock.minecraft.pumpkin":263,"stat.mineBlock.minecraft.cobblestone":2921,"stat.useItem.minecraft.beacon":31,"stat.mineBlock.minecraft.yellow_flower":80,"stat.entityKilledBy.Witch":3,"stat.craftItem.minecraft.quartz_stairs":744,"stat.useItem.minecraft.skull":49,"stat.craftItem.minecraft.wool":1672,"stat.mineBlock.minecraft.stained_glass_pane":288,"stat.useItem.minecraft.snow":365,"stat.craftItem.minecraft.clock":4,"achievement.buildWorkBench":194,"stat.useItem.minecraft.coal_block":21,"stat.craftItem.minecraft.arrow":4,"stat.mineBlock.minecraft.dropper":158,"stat.breakItem.minecraft.iron_pickaxe":5,"stat.useItem.minecraft.obsidian":1248,"stat.useItem.minecraft.cookie":2,"stat.useItem.minecraft.stone_slab2":611,"stat.craftItem.minecraft.dark_oak_door":1463,"stat.craftItem.minecraft.furnace":315,"stat.craftItem.minecraft.lapis_block":67,"stat.mineBlock.minecraft.detector_rail":6,"stat.useItem.minecraft.egg":756,"stat.craftItem.minecraft.iron_boots":10,"stat.craftItem.minecraft.cooked_beef":678,"stat.mineBlock.minecraft.obsidian":1623,"stat.craftItem.minecraft.bow":179,"stat.useItem.minecraft.spruce_fence_gate":1,"stat.mineBlock.minecraft.clay":289,"stat.mineBlock.minecraft.noteblock":3,"stat.craftItem.minecraft.red_sandstone_stairs":828,"stat.useItem.minecraft.brick_block":37,"stat.flyOneCm":51710216,"stat.craftItem.minecraft.furnace_minecart":3,"stat.craftItem.minecraft.stained_glass":3232,"stat.craftItem.minecraft.emerald_block":46,"stat.timeSinceDeath":145035,"stat.craftItem.minecraft.painting":1,"stat.useItem.minecraft.melon_block":4,"stat.cauldronFilled":2,"stat.useItem.minecraft.wooden_slab":5159,"stat.craftItem.minecraft.beacon":12,"stat.useItem.minecraft.iron_door":22,"stat.craftItem.minecraft.iron_block":281611,"stat.killEntity.Bat":23,"stat.craftItem.minecraft.stonebrick":14253,"stat.breakItem.minecraft.diamond_pickaxe":4,"stat.useItem.minecraft.potato":463,"stat.mineBlock.minecraft.enchanting_table":1,"stat.mineBlock.minecraft.coal_ore":5657,"stat.killEntity.Creeper":410,"stat.useItem.minecraft.armor_stand":26,"stat.talkedToVillager":504,"stat.craftItem.minecraft.stone_hoe":1,"stat.mineBlock.minecraft.ladder":161,"stat.useItem.minecraft.milk_bucket":5,"stat.entityKilledBy.Skeleton":1,"achievement.buildSword":113,"stat.useItem.minecraft.written_book":140,"stat.useItem.minecraft.dropper":428,"stat.killEntity.Squid":91,"stat.useItem.minecraft.diamond_shovel":107135,"stat.useItem.minecraft.diamond_block":11,"stat.sprintOneCm":91881792,"stat.useItem.minecraft.hay_block":80,"stat.mineBlock.minecraft.stone_slab":10747,"stat.breakItem.minecraft.diamond_helmet":2,"stat.useItem.minecraft.snowball":51,"stat.mineBlock.minecraft.diamond_ore":976,"stat.useItem.minecraft.brown_mushroom_block":24,"stat.craftItem.minecraft.wooden_pressure_plate":88,"stat.craftItem.minecraft.speckled_melon":285,"stat.craftItem.minecraft.redstone_lamp":188,"achievement.killEnemy":21040,"stat.craftItem.minecraft.leather_chestplate":2,"stat.useItem.minecraft.cake":55,"stat.useItem.minecraft.wooden_sword":6,"stat.useItem.minecraft.banner":107,"stat.breakItem.minecraft.iron_shovel":19,"stat.useItem.minecraft.ladder":1505,"stat.useItem.minecraft.diamond_ore":456,"stat.craftItem.minecraft.emerald":1546,"stat.killEntity.Zombie":1089,"stat.craftItem.minecraft.dye":36295,"stat.useItem.minecraft.birch_stairs":88,"stat.craftItem.minecraft.sandstone_stairs":280,"stat.craftItem.minecraft.diamond_axe":6,"stat.mineBlock.minecraft.gold_ore":290,"stat.craftItem.minecraft.slime_ball":171,"stat.diveOneCm":2500414,"stat.craftItem.minecraft.sandstone":392,"stat.mineBlock.minecraft.mossy_cobblestone":139,"stat.useItem.minecraft.sticky_piston":599,"stat.craftItem.minecraft.ladder":1766,"achievement.buildHoe":7,"stat.mineBlock.minecraft.stone_button":8,"stat.craftItem.minecraft.cooked_porkchop":74,"stat.useItem.minecraft.heavy_weighted_pressure_plate":49,"stat.craftItem.minecraft.diamond_sword":12,"stat.useItem.minecraft.iron_trapdoor":94,"stat.useItem.minecraft.sand":1087,"stat.jump":297629,"stat.craftItem.minecraft.lever":867,"stat.craftItem.minecraft.torch":6857,"stat.useItem.minecraft.coal_ore":1316,"stat.useItem.minecraft.light_weighted_pressure_plate":25,"stat.craftItem.minecraft.fermented_spider_eye":10,"stat.useItem.minecraft.dispenser":243,"stat.useItem.minecraft.glass":3651,"stat.useItem.minecraft.sapling":236,"stat.mineBlock.minecraft.lapis_ore":337,"achievement.blazeRod":101,"stat.mineBlock.minecraft.glass_pane":15,"stat.brewingstandInteraction":316,"stat.damageTaken":283880,"stat.useItem.minecraft.stone_brick_stairs":3172,"stat.mineBlock.minecraft.torch":2156,"stat.mineBlock.minecraft.melon_block":17,"stat.mineBlock.minecraft.red_flower":158,"stat.useItem.minecraft.gold_block":360,"stat.tradedWithVillager":1637,"stat.useItem.minecraft.acacia_door":6,"stat.mineBlock.minecraft.sapling":30,"stat.noteblockTuned":151,"stat.mineBlock.minecraft.sandstone_stairs":128,"stat.craftItem.minecraft.comparator":554,"stat.craftItem.minecraft.sea_lantern":304,"stat.craftItem.minecraft.glowstone":1956,"stat.useItem.minecraft.slime":311,"stat.mineBlock.minecraft.fence_gate":2,"stat.useItem.minecraft.snow_layer":1817,"stat.killEntity.Silverfish":14,"stat.craftItem.minecraft.stone_slab":29238,"stat.animalsBred":1524,"stat.useItem.minecraft.chest":3088,"stat.useItem.minecraft.pumpkin":188,"stat.useItem.minecraft.tnt":702,"stat.useItem.minecraft.gold_ore":31,"stat.useItem.minecraft.lava_bucket":340,"stat.useItem.minecraft.melon":14,"stat.useItem.minecraft.item_frame":423,"stat.useItem.minecraft.birch_fence_gate":1,"stat.craftItem.minecraft.iron_chestplate":29,"stat.useItem.minecraft.stained_hardened_clay":7515,"stat.useItem.minecraft.redstone_ore":470,"stat.useItem.minecraft.netherrack":14659,"stat.craftItem.minecraft.stained_glass_pane":1850,"stat.mineBlock.minecraft.tnt":123,"stat.craftItem.minecraft.bookshelf":47,"stat.useItem.minecraft.tripwire_hook":85,"stat.mineBlock.minecraft.stonebrick":2869,"stat.craftItem.minecraft.cookie":6,"stat.mineBlock.minecraft.glowstone":353,"stat.mobKills":48208,"stat.mineBlock.minecraft.bookshelf":92,"stat.craftItem.minecraft.shears":68,"stat.useItem.minecraft.boat":6,"stat.useItem.minecraft.mossy_cobblestone":48,"stat.useItem.minecraft.cobblestone_wall":428,"stat.breakItem.minecraft.diamond_shovel":2,"stat.useItem.minecraft.writable_book":90,"achievement.bookcase":60,"stat.craftItem.minecraft.nether_brick_stairs":2300,"stat.craftItem.minecraft.spruce_stairs":694,"stat.craftItem.minecraft.map":16,"stat.craftItem.minecraft.compass":17,"stat.useItem.minecraft.string":771,"stat.useItem.minecraft.bookshelf":50,"stat.craftItem.minecraft.iron_axe":7,"stat.useItem.minecraft.soul_sand":793,"stat.killEntity.Blaze":241,"stat.useItem.minecraft.planks":2533,"stat.useItem.minecraft.nether_brick_stairs":2970,"stat.useItem.minecraft.red_sandstone_stairs":994,"stat.mineBlock.minecraft.red_mushroom":29,"stat.useItem.minecraft.water_bucket":1275,"achievement.overpowered":3,"stat.mineBlock.minecraft.stone_brick_stairs":1206,"stat.mineBlock.minecraft.nether_brick_fence":515,"stat.craftItem.minecraft.golden_apple":22,"stat.useItem.minecraft.golden_sword":14,"stat.craftItem.minecraft.dark_oak_fence":240,"achievement.diamonds":578,"stat.craftItem.minecraft.fire_charge":960,"stat.craftItem.minecraft.lit_pumpkin":75,"stat.craftItem.minecraft.cobblestone_wall":345,"stat.craftItem.minecraft.stone_sword":17,"stat.useItem.minecraft.brown_mushroom":15,"stat.useItem.minecraft.ender_pearl":3156,"stat.mineBlock.minecraft.snow_layer":2375,"stat.mineBlock.minecraft.sand":21091,"stat.craftItem.minecraft.cooked_fish":92,"stat.craftItem.minecraft.slime":110,"achievement.buildBetterPickaxe":155,"stat.craftItem.minecraft.blaze_powder":732,"stat.useItem.minecraft.fence_gate":4,"stat.hopperInspected":755,"stat.breakItem.minecraft.flint_and_steel":2,"stat.craftItem.minecraft.birch_door":5,"stat.trappedChestTriggered":6143,"stat.craftItem.minecraft.hardened_clay":31,"achievement.breedCow":1435,"stat.useItem.minecraft.oak_stairs":225,"stat.craftItem.minecraft.golden_carrot":21,"stat.mineBlock.minecraft.dark_oak_stairs":76,"stat.craftItem.minecraft.acacia_stairs":4,"stat.useItem.minecraft.dark_oak_stairs":224,"stat.mineBlock.minecraft.lapis_block":7,"stat.mineBlock.minecraft.birch_stairs":88,"stat.useItem.minecraft.minecart":222,"stat.useItem.minecraft.cooked_mutton":14,"stat.useItem.minecraft.redstone":6322,"achievement.overkill":1150,"stat.mineBlock.minecraft.redstone_lamp":127,"achievement.mineWood":4408,"stat.useItem.minecraft.stone_stairs":139,"stat.craftItem.minecraft.fence_gate":3,"stat.mineBlock.minecraft.brick_stairs":2,"stat.useItem.minecraft.hopper":1528,"stat.mineBlock.minecraft.soul_sand":2213,"stat.craftItem.minecraft.heavy_weighted_pressure_plate":1,"stat.mineBlock.minecraft.oak_stairs":96,"achievement.ghast":10,"stat.useItem.minecraft.furnace_minecart":3,"stat.playOneMinute":76111950,"stat.craftItem.minecraft.diamond_block":97,"stat.useItem.minecraft.shears":2731,"stat.mineBlock.minecraft.brown_mushroom_block":53,"stat.craftItem.minecraft.pumpkin_pie":12,"stat.recordPlayed":3,"stat.mineBlock.minecraft.dark_oak_fence":96,"stat.craftItem.minecraft.carpet":937,"stat.mineBlock.minecraft.netherrack":29292,"stat.mineBlock.minecraft.dispenser":63,"stat.mineBlock.minecraft.ice":567,"stat.craftItem.minecraft.dark_oak_stairs":208,"stat.craftItem.minecraft.redstone_torch":5113,"stat.craftItem.minecraft.golden_rail":360,"stat.useItem.minecraft.packed_ice":2010,"stat.useItem.minecraft.quartz_ore":2068,"stat.mineBlock.minecraft.gold_block":51,"stat.fallOneCm":8234973,"stat.useItem.minecraft.trapped_chest":453,"stat.craftItem.minecraft.chest":2364,"stat.useItem.minecraft.nether_brick_fence":1821,"stat.craftItem.minecraft.banner":132,"stat.mineBlock.minecraft.lever":95,"stat.useItem.minecraft.iron_hoe":3,"stat.dropperInspected":708,"stat.useItem.minecraft.golden_rail":484,"stat.craftItem.minecraft.detector_rail":12,"stat.craftItem.minecraft.wooden_button":58,"stat.useItem.minecraft.furnace":467,"stat.mineBlock.minecraft.spruce_fence":21,"achievement.fullBeacon":38,"stat.mineBlock.minecraft.snow":180,"stat.craftItem.minecraft.dark_oak_fence_gate":2,"stat.mineBlock.minecraft.gravel":3883,"stat.useItem.minecraft.stone_pickaxe":243,"stat.craftItem.minecraft.birch_stairs":48,"stat.craftItem.minecraft.iron_leggings":9,"stat.useItem.minecraft.stone_sword":64,"stat.mineBlock.minecraft.beacon":19,"stat.killEntity.Rabbit":14,"stat.useItem.minecraft.wool":1277,"stat.craftItem.minecraft.oak_stairs":180,"stat.entityKilledBy.Ghast":1,"stat.useItem.minecraft.iron_bars":732,"stat.mineBlock.minecraft.monster_egg":14,"stat.mineBlock.minecraft.quartz_stairs":210,"stat.useItem.minecraft.torch":10207,"stat.craftItem.minecraft.redstone_block":6964,"stat.craftItem.minecraft.stone_stairs":180,"stat.useItem.minecraft.log":936,"stat.useItem.minecraft.comparator":740,"stat.craftItem.minecraft.crafting_table":119,"stat.craftItem.minecraft.boat":9,"stat.killEntity.LavaSlime":391,"stat.mineBlock.minecraft.emerald_ore":15,"stat.useItem.minecraft.cooked_fish":133,"achievement.theEnd2":251,"stat.craftItem.minecraft.stone_button":28,"stat.mineBlock.minecraft.golden_rail":161,"stat.breakItem.minecraft.diamond_chestplate":1,"stat.breakItem.minecraft.iron_helmet":2,"stat.mineBlock.minecraft.iron_block":9615,"stat.useItem.minecraft.birch_door":8,"stat.mineBlock.minecraft.tripwire_hook":13,"stat.craftItem.minecraft.snow":1237,"stat.useItem.minecraft.jungle_door":3,"stat.useItem.minecraft.wooden_pressure_plate":50,"stat.craftItem.minecraft.cooked_chicken":101,"stat.useItem.minecraft.stone_hoe":7,"stat.craftItem.minecraft.flower_pot":28,"stat.craftItem.minecraft.sugar":648,"stat.mineBlock.minecraft.cobblestone_wall":171,"stat.craftItem.minecraft.spruce_fence_gate":1,"stat.useItem.minecraft.baked_potato":2739,"stat.useItem.minecraft.brewing_stand":43,"stat.mineBlock.minecraft.jukebox":1,"stat.useItem.minecraft.fishing_rod":88,"stat.craftItem.minecraft.enchanting_table":2,"stat.useItem.minecraft.web":55,"stat.craftItem.minecraft.jungle_door":3,"stat.craftItem.minecraft.diamond_chestplate":9,"stat.useItem.minecraft.brick_stairs":4,"stat.craftItem.minecraft.leather_leggings":10,"stat.useItem.minecraft.lapis_block":19,"stat.craftItem.minecraft.sticky_piston":514,"stat.horseOneCm":391692,"stat.useItem.minecraft.repeater":1366,"stat.useItem.minecraft.log2":32,"stat.mineBlock.minecraft.slime":225,"stat.craftItem.minecraft.stone_brick_stairs":2484,"stat.mineBlock.minecraft.brown_mushroom":58,"stat.mineBlock.minecraft.acacia_fence":47,"stat.useItem.minecraft.diamond_sword":14194,"stat.craftItem.minecraft.diamond_helmet":14,"stat.craftItem.minecraft.iron_trapdoor":95,"stat.mineBlock.minecraft.diamond_block":2,"stat.swimOneCm":8507355,"stat.climbOneCm":4013942,"stat.mineBlock.minecraft.spruce_stairs":284,"stat.craftItem.minecraft.gold_block":214,"stat.enderchestOpened":654,"stat.useItem.minecraft.redstone_torch":1883,"stat.useItem.minecraft.dirt":28653,"achievement.exploreAllBiomes":{"value":0,"progress":["Sunflower Plains","Desert M","Birch Forest","Roofed Forest","MushroomIslandShore","The End","Mesa Plateau F M","Beach","Extreme Hills+","River","Ocean","JungleEdge","Taiga","Mega Taiga","MushroomIsland","Swampland","Ice Mountains","Birch Forest Hills","Savanna Plateau","Mesa Plateau F","Mesa","ForestHills","Flower Forest","Plains","Mesa Plateau M","Ice Plains Spikes","TaigaHills","DesertHills","Stone Beach","Jungle","Ice Plains","Birch Forest Hills M","Forest","JungleHills","Desert","Extreme Hills","Savanna M","Mesa (Bryce)","Deep Ocean","Savanna","Hell"]},"stat.useItem.minecraft.red_flower":6,"stat.useItem.minecraft.iron_ore":4,"stat.useItem.minecraft.detector_rail":12,"stat.craftItem.minecraft.trapdoor":90,"stat.craftItem.minecraft.melon_block":51,"stat.craftItem.minecraft.stone_pickaxe":2,"stat.mineBlock.minecraft.carpet":224,"stat.mineBlock.minecraft.redstone_block":474,"stat.useItem.minecraft.stone_shovel":50,"stat.craftItem.minecraft.glass_bottle":45,"stat.useItem.minecraft.red_mushroom":11,"stat.useItem.minecraft.cooked_beef":1943,"stat.craftItem.minecraft.wooden_slab":4411,"stat.craftItem.minecraft.dispenser":171,"stat.craftItem.minecraft.book":321,"stat.mineBlock.minecraft.iron_ore":2208,"stat.craftItem.minecraft.acacia_door":6,"stat.useItem.minecraft.sign":594,"achievement.theEnd":60,"stat.useItem.minecraft.noteblock":13,"stat.craftItem.minecraft.cake":80,"stat.useItem.minecraft.lever":792,"stat.mineBlock.minecraft.coal_block":6,"stat.craftItem.minecraft.red_sandstone":2487,"achievement.spawnWither":65,"stat.useItem.minecraft.cooked_porkchop":255,"stat.useItem.minecraft.acacia_stairs":3,"stat.mineBlock.minecraft.nether_brick":9234,"stat.craftItem.minecraft.acacia_fence":123,"stat.craftItem.minecraft.nether_brick_fence":1548,"stat.mineBlock.minecraft.red_sandstone_stairs":282,"stat.useItem.minecraft.chest_minecart":56,"stat.craftItem.minecraft.brick_block":135,"stat.useItem.minecraft.sea_lantern":1208,"stat.craftItem.minecraft.stone_slab2":777,"stat.craftItem.minecraft.snow_layer":1818,"stat.useItem.minecraft.spruce_fence":88,"stat.craftItem.minecraft.chest_minecart":60,"stat.craftItem.minecraft.stick":8479,"stat.useItem.minecraft.stone_slab":35119,"stat.craftItem.minecraft.stained_hardened_clay":3184,"stat.useItem.minecraft.bed":45,"stat.craftItem.minecraft.gold_nugget":2286,"stat.craftItem.minecraft.stone":5441,"stat.craftItem.minecraft.armor_stand":12,"stat.mineBlock.minecraft.crafting_table":153,"stat.useItem.minecraft.stone_pressure_plate":105,"stat.useItem.minecraft.diamond_pickaxe":317480,"stat.mineBlock.minecraft.quartz_block":202,"stat.killEntity.Endermite":37,"stat.useItem.minecraft.carrot":2879,"stat.useItem.minecraft.bucket":1821,"stat.breakItem.minecraft.shears":11,"achievement.buildFurnace":622,"stat.mineBlock.minecraft.planks":1117,"stat.drop":3279,"stat.killEntity.Sheep":24,"stat.craftItem.minecraft.diamond_pickaxe":83,"stat.craftItem.minecraft.clay":54,"stat.craftItem.minecraft.jukebox":1,"stat.craftItem.minecraft.piston":729,"stat.useItem.minecraft.quartz_stairs":810,"stat.useItem.minecraft.glass_bottle":1488,"stat.killEntity.Slime":675,"stat.mineBlock.minecraft.anvil":28,"stat.useItem.minecraft.diamond_axe":12476,"stat.useItem.minecraft.waterlily":43,"stat.useItem.minecraft.apple":1,"stat.mineBlock.minecraft.deadbush":70,"stat.useItem.minecraft.carpet":924,"stat.useItem.minecraft.potion":188,"stat.useItem.minecraft.stained_glass_pane":1398,"stat.craftItem.minecraft.brick_stairs":2,"stat.useItem.minecraft.flower_pot":34,"stat.useItem.minecraft.stone_axe":99,"stat.useItem.minecraft.piston":315,"stat.craftItem.minecraft.bread":64,"stat.useItem.minecraft.stone_button":31,"stat.craftItem.minecraft.iron_helmet":46,"stat.craftItem.minecraft.rail":2768,"stat.useItem.minecraft.cooked_chicken":771,"achievement.onARail":271,"stat.boatOneCm":17817,"stat.mineBlock.minecraft.iron_bars":226,"stat.craftItem.minecraft.flint_and_steel":39,"stat.useItem.minecraft.redstone_lamp":318,"stat.mineBlock.minecraft.leaves2":197,"stat.mineBlock.minecraft.stone_stairs":125,"stat.craftItem.minecraft.activator_rail":12,"stat.craftItem.minecraft.iron_bars":1587,"stat.mineBlock.minecraft.furnace":161,"stat.mineBlock.minecraft.mycelium":1464,"stat.dispenserInspected":537,"stat.useItem.minecraft.wooden_pickaxe":14,"stat.killEntity.CaveSpider":347,"stat.craftItem.minecraft.netherbrick":1023,"stat.damageDealt":2160839,"stat.craftItem.minecraft.glass":6175,"stat.craftItem.minecraft.cauldron":128,"stat.craftItem.minecraft.baked_potato":3677,"stat.craftItem.minecraft.anvil":71,"stat.mineBlock.minecraft.nether_brick_stairs":729,"stat.killEntity.Cow":902,"stat.useItem.minecraft.crafting_table":219,"stat.killEntity.Pig":106,"stat.craftItem.minecraft.iron_sword":32,"stat.craftItem.minecraft.stone_shovel":11,"stat.walkOneCm":295553609,"stat.playerKills":19,"achievement.enchantments":2,"stat.mineBlock.minecraft.trapped_chest":107,"stat.useItem.minecraft.emerald_block":12,"stat.breakItem.minecraft.stone_pickaxe":1,"stat.craftItem.minecraft.birch_fence_gate":2,"stat.craftItem.minecraft.writable_book":43,"stat.craftItem.minecraft.diamond_boots":14,"stat.useItem.minecraft.redstone_block":2400,"stat.useItem.minecraft.spruce_stairs":763,"stat.mineBlock.minecraft.wool":510,"stat.craftItem.minecraft.hay_block":203,"stat.craftItem.minecraft.redstone":14582,"stat.mineBlock.minecraft.packed_ice":1844,"stat.useItem.minecraft.leaves":1110,"stat.craftItem.minecraft.minecart":219,"stat.useItem.minecraft.cactus":54,"stat.useItem.minecraft.prismarine":250,"stat.killEntity.Skeleton":774,"stat.mineBlock.minecraft.cactus":37,"stat.killEntity.Chicken":114,"stat.mineBlock.minecraft.redstone_torch":675,"stat.useItem.minecraft.iron_block":28707,"stat.killEntity.Spider":244,"stat.mineBlock.minecraft.quartz_ore":7510,"stat.craftItem.minecraft.tnt":2534,"stat.craftItem.minecraft.spruce_fence":90,"stat.craftItem.minecraft.fence":303,"stat.useItem.minecraft.golden_apple":6,"stat.breakItem.minecraft.iron_axe":1,"stat.mineBlock.minecraft.leaves":2918,"stat.mineBlock.minecraft.piston":156,"stat.mineBlock.minecraft.redstone_ore":1278,"stat.craftItem.minecraft.coal_block":50,"stat.mineBlock.minecraft.hay_block":7,"stat.craftItem.minecraft.tripwire_hook":656,"stat.craftItem.minecraft.brick":779,"achievement.cookFish":49,"stat.mineBlock.minecraft.stone":210403,"stat.useItem.minecraft.sandstone":958}