{"stat.walkOneCm":25412,"achievement.openInventory":65,"stat.useItem.minecraft.repeater":1,"stat.leaveGame":35,"stat.useItem.minecraft.flint_and_steel":1,"stat.useItem.minecraft.potion":3,"stat.flyOneCm":4417347,"stat.jump":24,"stat.swimOneCm":7555,"stat.playOneMinute":1755001,"stat.climbOneCm":554,"stat.fallOneCm":269,"stat.useItem.minecraft.item_frame":2,"stat.useItem.minecraft.redstone":3,"stat.useItem.minecraft.spruce_stairs":1,"stat.crouchOneCm":258,"stat.timeSinceDeath":1755001,"stat.useItem.minecraft.redstone_torch":2,"stat.sprintOneCm":5109,"achievement.exploreAllBiomes":{"value":0,"progress":["Sunflower Plains","ForestHills","Mesa","Flower Forest","Birch Forest","Roofed Forest","Plains","TaigaHills","The End","Beach","Jungle","Ocean","Forest","River","Desert","Taiga","Extreme Hills","Swampland","Deep Ocean","Hell"]},"stat.diveOneCm":20864}