{"stat.walkOneCm":1715,"achievement.openInventory":230,"stat.leaveGame":119,"stat.flyOneCm":5640085,"stat.jump":2,"stat.swimOneCm":124265,"stat.playOneMinute":3718651,"stat.timeSinceDeath":3718651,"stat.sprintOneCm":287,"achievement.exploreAllBiomes":{"value":0,"progress":["Birch Forest","MushroomIslandShore","Beach","Extreme Hills+","Ocean","River","Taiga","Swampland","Mesa Plateau F","Savanna Plateau","ForestHills","Mesa","Plains","Mesa Plateau M","DesertHills","Jungle","Forest","JungleHills","Desert","Extreme Hills","Savanna M","Mesa (Bryce)","Deep Ocean","Hell","Savanna"]},"stat.diveOneCm":752482}