{"stat.beaconInteraction":55,"stat.useItem.minecraft.bow":4551,"stat.useItem.minecraft.quartz_block":403,"stat.killEntity.EntityHorse":3,"stat.useItem.minecraft.painting":276,"stat.craftItem.minecraft.diamond_hoe":1,"stat.leaveGame":706,"achievement.killWither":12,"stat.useItem.minecraft.glowstone":33,"stat.mineBlock.minecraft.sandstone":9088,"stat.craftItem.minecraft.ender_eye":13,"stat.mineBlock.minecraft.stained_glass":5094,"stat.killEntity.PigZombie":87,"stat.mineBlock.minecraft.web":340,"stat.craftItem.minecraft.stone_pressure_plate":69,"achievement.snipeSkeleton":7,"stat.mineBlock.minecraft.red_sandstone":49,"stat.useItem.minecraft.diamond_hoe":1116,"stat.useItem.minecraft.sandstone_stairs":1079,"achievement.diamondsToYou":8,"stat.useItem.minecraft.activator_rail":22,"stat.craftItem.minecraft.stone_axe":1,"stat.useItem.minecraft.vine":110,"stat.useItem.minecraft.rail":4139,"stat.killEntity.Enderman":16487,"stat.mineBlock.minecraft.wooden_slab":5059,"stat.useItem.minecraft.anvil":52,"stat.craftItem.minecraft.iron_shovel":9,"achievement.buildPickaxe":254,"stat.breakItem.minecraft.bow":1,"stat.killEntity.Witch":37,"stat.mineBlock.minecraft.end_stone":548,"stat.killEntity.Villager":43,"stat.useItem.minecraft.iron_pickaxe":1255,"stat.craftItem.minecraft.wooden_pickaxe":5,"stat.craftItem.minecraft.iron_door":27,"stat.useItem.minecraft.iron_shovel":1381,"stat.mineBlock.minecraft.brick_block":1,"stat.craftItem.minecraft.bed":16,"stat.craftItem.minecraft.glass_pane":128,"stat.useItem.minecraft.hardened_clay":1118,"stat.mineBlock.minecraft.hopper":721,"stat.mineBlock.minecraft.vine":727,"stat.mineBlock.minecraft.sticky_piston":148,"stat.useItem.minecraft.nether_wart":370,"stat.furnaceInteraction":513,"stat.mineBlock.minecraft.rail":2139,"stat.useItem.minecraft.pumpkin_seeds":2,"stat.craftItem.minecraft.leather_helmet":9,"stat.useItem.minecraft.end_stone":361,"stat.useItem.minecraft.double_plant":85,"stat.mineBlock.minecraft.wooden_button":23,"stat.useItem.minecraft.red_sandstone":25,"stat.craftItem.minecraft.golden_leggings":4,"stat.useItem.minecraft.trapdoor":1213,"stat.mineBlock.minecraft.stained_hardened_clay":14859,"stat.useItem.minecraft.stained_glass":23933,"stat.craftItem.minecraft.prismarine":35586,"stat.useItem.minecraft.fence":1040,"stat.useItem.minecraft.dark_oak_door":31,"stat.useItem.minecraft.acacia_fence":58,"stat.useItem.minecraft.ice":244,"achievement.openInventory":41435,"stat.craftItem.minecraft.daylight_detector":7,"stat.mineBlock.minecraft.sponge":3348,"stat.useItem.minecraft.cauldron":25,"stat.useItem.minecraft.flint_and_steel":310,"stat.mineBlock.minecraft.fence":588,"stat.mineBlock.minecraft.sea_lantern":1355,"stat.useItem.minecraft.wheat_seeds":2524,"stat.useItem.minecraft.wooden_button":52,"stat.craftItem.minecraft.dropper":45,"stat.useItem.minecraft.dye":5638,"stat.mineBlock.minecraft.stone_slab2":48,"stat.useItem.minecraft.beef":2,"stat.deaths":70,"stat.craftItem.minecraft.melon_seeds":1,"stat.craftItem.minecraft.item_frame":64,"stat.craftItem.minecraft.wooden_shovel":1,"stat.mineBlock.minecraft.stone_pressure_plate":34,"stat.useItem.minecraft.nether_brick":642,"stat.craftItem.minecraft.iron_pickaxe":8,"stat.craftItem.minecraft.repeater":263,"stat.craftItem.minecraft.cooked_mutton":6,"stat.mineBlock.minecraft.tallgrass":5898,"stat.fishCaught":525,"achievement.potion":231,"stat.chestOpened":16162,"stat.craftItem.minecraft.mossy_cobblestone":102,"stat.useItem.minecraft.lapis_ore":246,"stat.craftItem.minecraft.sign":432,"stat.useItem.minecraft.stone":51318,"stat.useItem.minecraft.jungle_fence":45,"stat.useItem.minecraft.acacia_fence_gate":4,"stat.killEntity.Ghast":20,"stat.useItem.minecraft.ender_chest":194,"stat.craftItem.minecraft.quartz_block":508,"stat.craftItem.minecraft.coal":2593,"stat.craftItem.minecraft.ender_chest":8,"stat.crouchOneCm":17331977,"achievement.killCow":287,"stat.craftItem.minecraft.diamond":28,"stat.mineBlock.minecraft.chest":504,"stat.craftItem.minecraft.iron_ingot":13509,"stat.mineBlock.minecraft.hardened_clay":10301,"stat.craftItem.minecraft.hopper":1031,"stat.craftingTableInteraction":1806,"stat.useItem.minecraft.emerald_ore":7,"stat.mineBlock.minecraft.wooden_pressure_plate":8,"stat.mineBlock.minecraft.log2":4618,"stat.useItem.minecraft.dark_oak_fence":279,"stat.useItem.minecraft.reeds":160,"stat.craftItem.minecraft.nether_brick":2507,"stat.mineBlock.minecraft.jungle_fence":7,"stat.craftItem.minecraft.diamond_shovel":32,"stat.mineBlock.minecraft.glass":375,"stat.useItem.minecraft.enchanting_table":3,"stat.mineBlock.minecraft.ender_chest":187,"stat.mineBlock.minecraft.dirt":46859,"stat.treasureFished":28,"stat.useItem.minecraft.cobblestone":14835,"stat.mineBlock.minecraft.activator_rail":18,"stat.craftItem.minecraft.leather_boots":7,"stat.useItem.minecraft.gravel":5061,"stat.mineBlock.minecraft.double_plant":103,"stat.minecartOneCm":36055915,"stat.useItem.minecraft.jungle_fence_gate":4,"stat.useItem.minecraft.yellow_flower":14,"stat.craftItem.minecraft.gold_ingot":2666,"stat.craftItem.minecraft.brewing_stand":9,"stat.useItem.minecraft.tallgrass":34,"stat.useItem.minecraft.glass_pane":58,"achievement.portal":2242,"stat.craftItem.minecraft.bucket":566,"stat.useItem.minecraft.iron_sword":375,"stat.craftItem.minecraft.planks":48232,"stat.itemEnchanted":86,"stat.mineBlock.minecraft.prismarine":24192,"stat.craftItem.minecraft.dirt":784,"stat.craftItem.minecraft.fishing_rod":19,"stat.useItem.minecraft.daylight_detector":6,"stat.useItem.minecraft.stonebrick":13732,"stat.mineBlock.minecraft.log":17082,"stat.craftItem.minecraft.wooden_door":15,"stat.mineBlock.minecraft.heavy_weighted_pressure_plate":26,"stat.mineBlock.minecraft.waterlily":171,"stat.useItem.minecraft.wooden_door":53,"stat.useItem.minecraft.spruce_door":76,"achievement.acquireIron":102,"stat.craftItem.minecraft.paper":1599,"stat.craftItem.minecraft.trapped_chest":419,"stat.craftItem.minecraft.spruce_door":42,"stat.craftItem.minecraft.diamond_leggings":6,"stat.mineBlock.minecraft.acacia_stairs":28,"stat.useItem.minecraft.iron_axe":502,"stat.mineBlock.minecraft.pumpkin":124,"stat.mineBlock.minecraft.cobblestone":10345,"stat.useItem.minecraft.beacon":46,"stat.mineBlock.minecraft.yellow_flower":288,"stat.craftItem.minecraft.quartz_stairs":124,"stat.useItem.minecraft.skull":45,"stat.craftItem.minecraft.wool":1393,"stat.mineBlock.minecraft.stained_glass_pane":998,"achievement.buildWorkBench":269,"stat.useItem.minecraft.coal_block":94,"stat.craftItem.minecraft.arrow":12,"stat.mineBlock.minecraft.dropper":77,"stat.breakItem.minecraft.iron_pickaxe":5,"stat.useItem.minecraft.obsidian":688,"stat.useItem.minecraft.stone_slab2":151,"stat.craftItem.minecraft.dark_oak_door":27,"stat.craftItem.minecraft.furnace":143,"stat.craftItem.minecraft.lapis_block":68,"stat.mineBlock.minecraft.detector_rail":2,"stat.useItem.minecraft.egg":159,"stat.craftItem.minecraft.iron_boots":6,"stat.junkFished":6,"stat.craftItem.minecraft.cooked_beef":219,"stat.mineBlock.minecraft.obsidian":996,"stat.craftItem.minecraft.bow":310,"stat.useItem.minecraft.spruce_fence_gate":259,"stat.mineBlock.minecraft.clay":35,"stat.craftItem.minecraft.red_sandstone_stairs":252,"stat.useItem.minecraft.brick_block":1,"stat.flyOneCm":70670796,"stat.craftItem.minecraft.stained_glass":22240,"stat.craftItem.minecraft.emerald_block":9,"stat.timeSinceDeath":3898780,"stat.craftItem.minecraft.painting":7,"stat.cauldronFilled":2,"stat.useItem.minecraft.wooden_slab":16034,"stat.craftItem.minecraft.beacon":2,"stat.useItem.minecraft.iron_door":63,"stat.craftItem.minecraft.iron_block":3187,"stat.killEntity.Bat":98,"stat.craftItem.minecraft.stonebrick":15497,"stat.breakItem.minecraft.diamond_pickaxe":1,"stat.useItem.minecraft.potato":1957,"stat.mineBlock.minecraft.enchanting_table":2,"stat.mineBlock.minecraft.coal_ore":9050,"stat.killEntity.Creeper":456,"stat.useItem.minecraft.armor_stand":31,"stat.talkedToVillager":648,"stat.breakItem.minecraft.iron_sword":1,"stat.craftItem.minecraft.stone_hoe":3,"stat.mineBlock.minecraft.red_mushroom_block":101,"stat.craftItem.minecraft.golden_helmet":3,"stat.craftItem.minecraft.jungle_stairs":440,"stat.mineBlock.minecraft.ladder":595,"stat.useItem.minecraft.milk_bucket":20,"achievement.buildSword":43,"stat.useItem.minecraft.written_book":57,"stat.useItem.minecraft.dropper":120,"stat.killEntity.Squid":252,"stat.useItem.minecraft.diamond_shovel":126751,"stat.useItem.minecraft.diamond_block":7,"stat.sprintOneCm":162643253,"stat.useItem.minecraft.hay_block":32,"stat.mineBlock.minecraft.stone_slab":5974,"stat.useItem.minecraft.snowball":195,"stat.mineBlock.minecraft.diamond_ore":801,"stat.craftItem.minecraft.wooden_pressure_plate":16,"stat.craftItem.minecraft.speckled_melon":7,"stat.craftItem.minecraft.redstone_lamp":26,"achievement.killEnemy":32330,"stat.craftItem.minecraft.leather_chestplate":15,"stat.useItem.minecraft.cake":20,"stat.useItem.minecraft.banner":108,"stat.breakItem.minecraft.iron_shovel":5,"stat.useItem.minecraft.ladder":1543,"stat.useItem.minecraft.diamond_ore":326,"stat.craftItem.minecraft.emerald":609,"stat.killEntity.Zombie":1056,"stat.craftItem.minecraft.dye":11342,"stat.useItem.minecraft.birch_stairs":133,"stat.killEntity.Guardian":7189,"stat.craftItem.minecraft.sandstone_stairs":692,"stat.craftItem.minecraft.diamond_axe":10,"stat.mineBlock.minecraft.gold_ore":627,"stat.craftItem.minecraft.slime_ball":27,"stat.diveOneCm":38357745,"stat.craftItem.minecraft.sandstone":2580,"stat.mineBlock.minecraft.mossy_cobblestone":655,"stat.useItem.minecraft.sticky_piston":273,"stat.craftItem.minecraft.ladder":1236,"achievement.buildHoe":32,"stat.mineBlock.minecraft.stone_button":59,"stat.craftItem.minecraft.cooked_porkchop":41,"stat.useItem.minecraft.heavy_weighted_pressure_plate":65,"stat.useItem.minecraft.rotten_flesh":1,"stat.craftItem.minecraft.diamond_sword":17,"stat.useItem.minecraft.iron_trapdoor":540,"stat.useItem.minecraft.sand":71109,"stat.jump":400690,"stat.craftItem.minecraft.lever":104,"stat.craftItem.minecraft.torch":16536,"stat.useItem.minecraft.coal_ore":2280,"achievement.makeBread":212,"stat.craftItem.minecraft.sponge":244,"stat.craftItem.minecraft.fermented_spider_eye":14,"stat.mineBlock.minecraft.spruce_fence_gate":13,"stat.useItem.minecraft.dispenser":237,"stat.useItem.minecraft.glass":840,"stat.useItem.minecraft.sapling":1399,"stat.mineBlock.minecraft.lapis_ore":662,"achievement.blazeRod":42,"stat.mineBlock.minecraft.glass_pane":6,"stat.brewingstandInteraction":114,"stat.damageTaken":131581,"stat.useItem.minecraft.stone_brick_stairs":2152,"stat.mineBlock.minecraft.torch":7677,"stat.mineBlock.minecraft.melon_block":5,"stat.mineBlock.minecraft.red_flower":521,"stat.useItem.minecraft.gold_block":261,"stat.tradedWithVillager":688,"stat.useItem.minecraft.acacia_door":75,"stat.mineBlock.minecraft.sapling":94,"stat.noteblockTuned":6,"stat.mineBlock.minecraft.sandstone_stairs":732,"stat.craftItem.minecraft.comparator":52,"stat.craftItem.minecraft.sea_lantern":18402,"stat.craftItem.minecraft.glowstone":55,"stat.useItem.minecraft.slime":160,"stat.useItem.minecraft.birch_fence":236,"stat.mineBlock.minecraft.fence_gate":5,"stat.killEntity.Silverfish":24,"stat.craftItem.minecraft.stone_slab":16960,"stat.mineBlock.minecraft.birch_fence":30,"stat.animalsBred":1080,"stat.useItem.minecraft.chest":1226,"stat.useItem.minecraft.pumpkin":124,"stat.useItem.minecraft.tnt":737,"stat.useItem.minecraft.gold_ore":18,"stat.useItem.minecraft.lava_bucket":292,"stat.useItem.minecraft.item_frame":113,"stat.craftItem.minecraft.iron_chestplate":8,"stat.useItem.minecraft.stained_hardened_clay":19840,"stat.useItem.minecraft.redstone_ore":590,"stat.useItem.minecraft.netherrack":5133,"stat.craftItem.minecraft.stained_glass_pane":3616,"stat.mineBlock.minecraft.tnt":50,"stat.craftItem.minecraft.bookshelf":42,"stat.useItem.minecraft.tripwire_hook":11,"stat.mineBlock.minecraft.stonebrick":4828,"stat.mineBlock.minecraft.glowstone":44,"stat.mobKills":93055,"stat.mineBlock.minecraft.bookshelf":59,"stat.craftItem.minecraft.shears":37,"stat.useItem.minecraft.boat":39,"stat.craftItem.minecraft.lead":50,"stat.useItem.minecraft.mossy_cobblestone":541,"stat.useItem.minecraft.cobblestone_wall":639,"stat.breakItem.minecraft.diamond_shovel":1,"stat.useItem.minecraft.writable_book":44,"achievement.bookcase":74,"stat.entityKilledBy.Silverfish":1,"stat.craftItem.minecraft.nether_brick_stairs":492,"stat.craftItem.minecraft.spruce_stairs":1108,"stat.craftItem.minecraft.compass":1,"stat.useItem.minecraft.string":484,"stat.useItem.minecraft.bookshelf":97,"stat.craftItem.minecraft.iron_axe":2,"stat.useItem.minecraft.soul_sand":256,"stat.killEntity.Ozelot":6,"stat.useItem.minecraft.lead":1,"stat.killEntity.Blaze":57,"stat.useItem.minecraft.planks":3184,"stat.useItem.minecraft.nether_brick_stairs":702,"stat.mineBlock.minecraft.acacia_fence_gate":4,"stat.useItem.minecraft.red_sandstone_stairs":421,"stat.mineBlock.minecraft.red_mushroom":4,"stat.useItem.minecraft.water_bucket":3055,"achievement.overpowered":4,"stat.mineBlock.minecraft.stone_brick_stairs":769,"stat.mineBlock.minecraft.nether_brick_fence":12,"stat.craftItem.minecraft.golden_apple":8,"stat.craftItem.minecraft.dark_oak_fence":264,"achievement.diamonds":588,"stat.craftItem.minecraft.lit_pumpkin":17,"stat.craftItem.minecraft.cobblestone_wall":696,"stat.craftItem.minecraft.stone_sword":1,"stat.useItem.minecraft.brown_mushroom":2,"stat.useItem.minecraft.ender_pearl":2519,"stat.mineBlock.minecraft.snow_layer":131,"stat.mineBlock.minecraft.sand":67046,"stat.craftItem.minecraft.cooked_fish":40,"stat.craftItem.minecraft.slime":1084,"achievement.buildBetterPickaxe":246,"stat.craftItem.minecraft.blaze_powder":40,"stat.useItem.minecraft.fence_gate":7,"stat.hopperInspected":817,"stat.breakItem.minecraft.flint_and_steel":3,"stat.craftItem.minecraft.birch_door":3,"stat.trappedChestTriggered":3229,"achievement.breedCow":1012,"stat.craftItem.minecraft.magma_cream":14,"stat.useItem.minecraft.oak_stairs":632,"stat.craftItem.minecraft.golden_carrot":89,"stat.craftItem.minecraft.acacia_stairs":52,"stat.mineBlock.minecraft.dark_oak_stairs":288,"stat.useItem.minecraft.dark_oak_stairs":765,"stat.mineBlock.minecraft.birch_stairs":79,"stat.useItem.minecraft.minecart":175,"stat.useItem.minecraft.cooked_mutton":6,"stat.useItem.minecraft.redstone":2141,"achievement.overkill":447,"stat.mineBlock.minecraft.redstone_lamp":5,"achievement.mineWood":19400,"stat.useItem.minecraft.stone_stairs":739,"stat.craftItem.minecraft.fence_gate":6,"stat.useItem.minecraft.hopper":1566,"stat.mineBlock.minecraft.soul_sand":773,"stat.mineBlock.minecraft.jungle_stairs":25,"stat.craftItem.minecraft.heavy_weighted_pressure_plate":50,"stat.mineBlock.minecraft.oak_stairs":208,"achievement.ghast":2,"stat.playOneMinute":78387454,"stat.useItem.minecraft.jungle_stairs":403,"stat.craftItem.minecraft.diamond_block":9,"stat.useItem.minecraft.shears":4831,"stat.craftItem.minecraft.pumpkin_pie":4,"stat.useItem.minecraft.fish":1,"stat.mineBlock.minecraft.dark_oak_fence":45,"stat.craftItem.minecraft.carpet":1167,"stat.mineBlock.minecraft.netherrack":24300,"stat.mineBlock.minecraft.dispenser":41,"stat.useItem.minecraft.sponge":3220,"stat.mineBlock.minecraft.ice":734,"stat.craftItem.minecraft.dark_oak_stairs":700,"stat.craftItem.minecraft.redstone_torch":962,"stat.craftItem.minecraft.golden_rail":462,"stat.useItem.minecraft.packed_ice":5593,"stat.useItem.minecraft.quartz_ore":986,"stat.mineBlock.minecraft.gold_block":64,"stat.craftItem.minecraft.iron_hoe":12,"stat.useItem.minecraft.experience_bottle":8,"stat.fallOneCm":5818864,"stat.useItem.minecraft.trapped_chest":503,"stat.craftItem.minecraft.chest":2295,"stat.useItem.minecraft.nether_brick_fence":34,"stat.craftItem.minecraft.banner":187,"stat.mineBlock.minecraft.lever":51,"stat.useItem.minecraft.iron_hoe":2210,"stat.dropperInspected":254,"stat.useItem.minecraft.golden_rail":706,"stat.craftItem.minecraft.detector_rail":12,"stat.craftItem.minecraft.wooden_button":47,"stat.useItem.minecraft.furnace":332,"stat.mineBlock.minecraft.spruce_fence":290,"achievement.fullBeacon":38,"stat.mineBlock.minecraft.snow":48,"stat.craftItem.minecraft.dark_oak_fence_gate":5,"stat.mineBlock.minecraft.gravel":17468,"stat.useItem.minecraft.stone_pickaxe":434,"stat.craftItem.minecraft.birch_stairs":60,"stat.breakItem.minecraft.stone_axe":1,"stat.craftItem.minecraft.iron_leggings":6,"stat.useItem.minecraft.stone_sword":78,"stat.mineBlock.minecraft.beacon":44,"stat.killEntity.Rabbit":28,"stat.useItem.minecraft.wool":1354,"stat.craftItem.minecraft.oak_stairs":464,"stat.useItem.minecraft.iron_bars":1345,"stat.mineBlock.minecraft.monster_egg":8,"stat.mineBlock.minecraft.quartz_stairs":95,"stat.useItem.minecraft.torch":31008,"stat.craftItem.minecraft.redstone_block":603,"stat.craftItem.minecraft.stone_stairs":688,"stat.useItem.minecraft.log":5891,"stat.useItem.minecraft.comparator":88,"stat.craftItem.minecraft.crafting_table":154,"stat.craftItem.minecraft.boat":45,"stat.killEntity.LavaSlime":180,"stat.mineBlock.minecraft.emerald_ore":26,"stat.useItem.minecraft.cooked_fish":3978,"achievement.theEnd2":82,"stat.craftItem.minecraft.stone_button":115,"stat.mineBlock.minecraft.golden_rail":220,"stat.craftItem.minecraft.hopper_minecart":8,"stat.entityKilledBy.Enderman":1,"stat.mineBlock.minecraft.iron_block":2837,"stat.useItem.minecraft.birch_door":14,"stat.mineBlock.minecraft.tripwire_hook":5,"stat.useItem.minecraft.jungle_door":1,"stat.useItem.minecraft.wooden_pressure_plate":8,"stat.useItem.minecraft.stone_hoe":26,"stat.craftItem.minecraft.flower_pot":3,"stat.craftItem.minecraft.sugar":44,"stat.craftItem.minecraft.golden_boots":3,"stat.mineBlock.minecraft.cobblestone_wall":197,"stat.craftItem.minecraft.spruce_fence_gate":260,"stat.useItem.minecraft.baked_potato":1819,"stat.useItem.minecraft.brewing_stand":15,"stat.useItem.minecraft.fishing_rod":1097,"stat.craftItem.minecraft.enchanting_table":1,"stat.craftItem.minecraft.jungle_door":6,"stat.craftItem.minecraft.diamond_chestplate":15,"stat.craftItem.minecraft.leather_leggings":6,"stat.useItem.minecraft.lapis_block":5,"stat.craftItem.minecraft.sticky_piston":182,"stat.horseOneCm":221529,"stat.useItem.minecraft.repeater":602,"stat.useItem.minecraft.log2":1305,"stat.mineBlock.minecraft.slime":118,"stat.craftItem.minecraft.stone_brick_stairs":1676,"stat.mineBlock.minecraft.brown_mushroom":37,"stat.mineBlock.minecraft.acacia_fence":53,"stat.craftItem.minecraft.acacia_fence_gate":6,"stat.useItem.minecraft.diamond_sword":11787,"stat.craftItem.minecraft.diamond_helmet":18,"stat.craftItem.minecraft.iron_trapdoor":502,"stat.mineBlock.minecraft.diamond_block":3,"stat.swimOneCm":17907521,"stat.climbOneCm":5703445,"stat.mineBlock.minecraft.spruce_stairs":490,"stat.craftItem.minecraft.gold_block":358,"stat.craftItem.minecraft.golden_chestplate":4,"stat.enderchestOpened":616,"stat.useItem.minecraft.redstone_torch":413,"stat.useItem.minecraft.dirt":25765,"achievement.exploreAllBiomes":{"value":0,"progress":["Sunflower Plains","Birch Forest","Roofed Forest","Extreme Hills M","MushroomIslandShore","The End","Mesa Plateau F M","Beach","Mesa Plateau","Extreme Hills+","River","Ocean","JungleEdge","Taiga","MushroomIsland","Swampland","Ice Mountains","Birch Forest Hills","Savanna Plateau","Roofed Forest M","Mesa Plateau F","Mesa","ForestHills","Flower Forest","Plains","Mesa Plateau M","Ice Plains Spikes","TaigaHills","DesertHills","Stone Beach","Birch Forest M","Jungle","Ice Plains","Birch Forest Hills M","Forest","JungleHills","Desert","Extreme Hills","Savanna M","Mesa (Bryce)","Deep Ocean","Savanna","Hell"]},"stat.useItem.minecraft.red_flower":87,"stat.useItem.minecraft.leaves2":417,"stat.useItem.minecraft.iron_ore":21,"stat.useItem.minecraft.detector_rail":4,"stat.craftItem.minecraft.trapdoor":1196,"stat.craftItem.minecraft.stone_pickaxe":10,"stat.mineBlock.minecraft.carpet":1046,"stat.mineBlock.minecraft.redstone_block":57,"stat.useItem.minecraft.stone_shovel":21,"stat.craftItem.minecraft.glass_bottle":318,"stat.useItem.minecraft.red_mushroom":2,"stat.useItem.minecraft.cooked_beef":3681,"stat.craftItem.minecraft.wooden_slab":12502,"stat.craftItem.minecraft.dispenser":268,"stat.craftItem.minecraft.book":300,"stat.mineBlock.minecraft.iron_ore":2537,"stat.craftItem.minecraft.acacia_door":51,"stat.useItem.minecraft.sign":627,"achievement.theEnd":30,"stat.useItem.minecraft.lever":137,"stat.mineBlock.minecraft.coal_block":71,"stat.craftItem.minecraft.red_sandstone":438,"achievement.spawnWither":11,"stat.useItem.minecraft.cooked_porkchop":75,"stat.useItem.minecraft.acacia_stairs":34,"stat.mineBlock.minecraft.nether_brick":250,"stat.craftItem.minecraft.acacia_fence":54,"stat.craftItem.minecraft.nether_brick_fence":42,"stat.mineBlock.minecraft.red_sandstone_stairs":175,"stat.useItem.minecraft.chest_minecart":30,"stat.craftItem.minecraft.brick_block":1,"stat.useItem.minecraft.sea_lantern":4576,"stat.craftItem.minecraft.stone_slab2":132,"stat.useItem.minecraft.spruce_fence":930,"stat.craftItem.minecraft.chest_minecart":30,"stat.craftItem.minecraft.stick":13234,"stat.useItem.minecraft.stone_slab":17029,"stat.craftItem.minecraft.jungle_fence_gate":4,"stat.craftItem.minecraft.stained_hardened_clay":8376,"stat.useItem.minecraft.bed":23,"stat.craftItem.minecraft.gold_nugget":846,"stat.craftItem.minecraft.stone":13424,"stat.craftItem.minecraft.armor_stand":22,"stat.mineBlock.minecraft.crafting_table":231,"stat.useItem.minecraft.stone_pressure_plate":83,"stat.useItem.minecraft.diamond_pickaxe":447336,"stat.mineBlock.minecraft.quartz_block":246,"stat.breakItem.minecraft.iron_hoe":6,"stat.killEntity.Endermite":29,"stat.useItem.minecraft.carrot":1731,"stat.useItem.minecraft.bucket":4388,"stat.entityKilledBy.Creeper":1,"stat.breakItem.minecraft.shears":14,"achievement.buildFurnace":269,"stat.mineBlock.minecraft.planks":1622,"stat.drop":1546,"stat.killEntity.Sheep":23,"stat.craftItem.minecraft.diamond_pickaxe":128,"stat.useItem.minecraft.melon_seeds":2,"stat.craftItem.minecraft.piston":267,"stat.useItem.minecraft.quartz_stairs":214,"stat.useItem.minecraft.glass_bottle":405,"stat.killEntity.Slime":1425,"stat.mineBlock.minecraft.anvil":29,"stat.useItem.minecraft.diamond_axe":33300,"stat.useItem.minecraft.waterlily":115,"stat.useItem.minecraft.apple":4,"stat.mineBlock.minecraft.deadbush":45,"stat.entityKilledBy.Guardian":3,"stat.useItem.minecraft.carpet":1885,"stat.useItem.minecraft.potion":192,"stat.useItem.minecraft.stained_glass_pane":3302,"stat.useItem.minecraft.stone_axe":132,"stat.useItem.minecraft.piston":78,"stat.craftItem.minecraft.bread":108,"stat.useItem.minecraft.stone_button":181,"stat.craftItem.minecraft.iron_helmet":9,"stat.craftItem.minecraft.rail":3200,"stat.useItem.minecraft.cooked_chicken":1089,"stat.boatOneCm":1513878,"stat.mineBlock.minecraft.iron_bars":299,"stat.craftItem.minecraft.flint_and_steel":23,"stat.useItem.minecraft.redstone_lamp":31,"stat.mineBlock.minecraft.leaves2":2538,"stat.mineBlock.minecraft.stone_stairs":313,"stat.craftItem.minecraft.activator_rail":12,"stat.craftItem.minecraft.iron_bars":1792,"stat.mineBlock.minecraft.furnace":199,"stat.dispenserInspected":345,"stat.useItem.minecraft.wooden_pickaxe":17,"stat.killEntity.CaveSpider":3613,"stat.craftItem.minecraft.netherbrick":405,"stat.craftItem.minecraft.birch_fence":216,"stat.damageDealt":1551668,"stat.craftItem.minecraft.glass":1366,"stat.craftItem.minecraft.cauldron":19,"stat.craftItem.minecraft.baked_potato":693,"stat.craftItem.minecraft.anvil":36,"stat.mineBlock.minecraft.nether_brick_stairs":282,"stat.killEntity.Cow":914,"stat.useItem.minecraft.crafting_table":332,"stat.killEntity.Pig":35,"stat.craftItem.minecraft.iron_sword":5,"stat.craftItem.minecraft.stone_shovel":125,"stat.walkOneCm":408710073,"stat.playerKills":23,"achievement.enchantments":2,"stat.mineBlock.minecraft.trapped_chest":126,"stat.useItem.minecraft.dark_oak_fence_gate":5,"stat.breakItem.minecraft.stone_pickaxe":2,"stat.craftItem.minecraft.writable_book":24,"stat.craftItem.minecraft.diamond_boots":10,"stat.useItem.minecraft.redstone_block":115,"stat.useItem.minecraft.spruce_stairs":1386,"stat.mineBlock.minecraft.wool":499,"stat.craftItem.minecraft.hay_block":19,"stat.useItem.minecraft.red_mushroom_block":1,"stat.craftItem.minecraft.redstone":995,"stat.mineBlock.minecraft.packed_ice":6214,"stat.useItem.minecraft.leaves":2332,"stat.craftItem.minecraft.minecart":100,"stat.useItem.minecraft.cactus":19,"stat.useItem.minecraft.prismarine":40552,"stat.killEntity.Skeleton":1496,"stat.mineBlock.minecraft.cactus":26,"stat.killEntity.Chicken":16,"stat.mineBlock.minecraft.redstone_torch":167,"stat.useItem.minecraft.iron_block":3834,"stat.killEntity.Spider":165,"stat.mineBlock.minecraft.quartz_ore":2892,"stat.craftItem.minecraft.tnt":520,"stat.craftItem.minecraft.spruce_fence":726,"stat.craftItem.minecraft.fence":771,"stat.craftItem.minecraft.jungle_fence":45,"stat.useItem.minecraft.golden_apple":8,"stat.breakItem.minecraft.iron_axe":2,"stat.useItem.minecraft.hopper_minecart":8,"stat.mineBlock.minecraft.leaves":9549,"stat.mineBlock.minecraft.piston":36,"stat.mineBlock.minecraft.redstone_ore":2368,"stat.craftItem.minecraft.coal_block":387,"stat.mineBlock.minecraft.hay_block":19,"stat.craftItem.minecraft.tripwire_hook":450,"stat.craftItem.minecraft.brick":20,"achievement.cookFish":1,"stat.mineBlock.minecraft.stone":298599,"stat.useItem.minecraft.sandstone":10832}