{"stat.chestOpened":36,"stat.useItem.minecraft.string":15,"stat.useItem.minecraft.sticky_piston":10,"stat.useItem.minecraft.repeater":21,"stat.leaveGame":239,"stat.useItem.minecraft.diamond_sword":31,"stat.useItem.minecraft.bedrock":2,"stat.swimOneCm":33509,"stat.jump":224,"stat.fallOneCm":3568,"stat.climbOneCm":18503,"stat.crouchOneCm":6976,"stat.craftItem.minecraft.chest":6,"stat.useItem.minecraft.obsidian":5,"stat.useItem.minecraft.redstone_torch":8,"stat.useItem.minecraft.dirt":7,"achievement.exploreAllBiomes":{"value":0,"progress":["Sunflower Plains","Birch Forest","Roofed Forest","Extreme Hills M","Taiga M","The End","Beach","Extreme Hills+","Cold Beach","River","Ocean","JungleEdge","Taiga","Swampland","Birch Forest Hills","Roofed Forest M","Mesa Plateau F","Mesa","ForestHills","Flower Forest","Plains","TaigaHills","DesertHills","Stone Beach","Birch Forest M","Jungle","Ice Plains","Birch Forest Hills M","Forest","JungleHills","Desert","Extreme Hills","Savanna M","Mesa (Bryce)","Deep Ocean","Swampland M","Savanna","Hell"]},"stat.craftItem.minecraft.hopper":2,"stat.craftingTableInteraction":3,"stat.useItem.minecraft.diamond_hoe":245,"stat.dropperInspected":3,"stat.useItem.minecraft.glass":3,"stat.damageTaken":374,"stat.mineBlock.minecraft.torch":1,"stat.killEntity.Enderman":1,"stat.useItem.minecraft.slime":5,"stat.useItem.minecraft.anvil":1,"stat.flyOneCm":18535789,"stat.mineBlock.minecraft.glass":1,"stat.damageDealt":18519,"stat.timeSinceDeath":4707507,"stat.hopperInspected":5,"stat.mineBlock.minecraft.dirt":1,"stat.useItem.minecraft.sign":11,"stat.useItem.minecraft.spawn_egg":2,"stat.walkOneCm":139803,"stat.useItem.minecraft.torch":2,"stat.trappedChestTriggered":3,"stat.useItem.minecraft.chest":4,"stat.playerKills":2,"stat.minecartOneCm":15757,"stat.killEntity.Creeper":1,"stat.useItem.minecraft.redstone_block":5,"stat.useItem.minecraft.redstone":12,"stat.useItem.minecraft.milk_bucket":1,"stat.useItem.minecraft.written_book":5,"stat.useItem.minecraft.stained_hardened_clay":2,"stat.sprintOneCm":38978,"achievement.openInventory":640,"stat.craftItem.minecraft.planks":48,"stat.useItem.minecraft.iron_block":8,"stat.useItem.minecraft.hopper":2,"stat.mobKills":11,"stat.useItem.minecraft.stonebrick":54,"stat.breakItem.minecraft.shears":6,"stat.deaths":1,"stat.drop":17,"stat.playOneMinute":5839994,"stat.killEntity.Zombie":9,"stat.diveOneCm":72211}