{"stat.useItem.minecraft.chest":9,"stat.mineBlock.minecraft.furnace":7,"stat.craftItem.minecraft.iron_helmet":1,"stat.mineBlock.minecraft.emerald_ore":1,"stat.craftItem.minecraft.bed":1,"stat.killEntity.Sheep":7,"stat.useItem.minecraft.cobblestone":142,"stat.craftItem.minecraft.iron_sword":1,"stat.craftItem.minecraft.cooked_chicken":3,"stat.craftItem.minecraft.chest":6,"stat.craftItem.minecraft.arrow":4,"achievement.acquireIron":12,"stat.useItem.minecraft.minecart":1,"achievement.openInventory":490,"stat.useItem.minecraft.iron_shovel":336,"stat.damageDealt":22575,"stat.craftItem.minecraft.minecart":1,"stat.killEntity.Cow":1,"stat.mineBlock.minecraft.web":59,"stat.crouchOneCm":38041,"stat.useItem.minecraft.diamond_pickaxe":764,"stat.useItem.minecraft.potato":38,"stat.mineBlock.minecraft.red_mushroom":3,"achievement.exploreAllBiomes":{"value":0,"progress":["Forest","Taiga","Flower Forest","Extreme Hills","Plains","Birch Forest","Roofed Forest","River","Swampland","Birch Forest Hills","Hell","ForestHills"]},"stat.mineBlock.minecraft.double_plant":1,"stat.craftItem.minecraft.iron_pickaxe":10,"stat.craftItem.minecraft.iron_chestplate":2,"stat.mineBlock.minecraft.yellow_flower":2,"stat.useItem.minecraft.snowball":3,"stat.craftItem.minecraft.bowl":4,"stat.craftItem.minecraft.furnace":5,"stat.craftItem.minecraft.torch":536,"stat.mineBlock.minecraft.log":43,"stat.breakItem.minecraft.iron_shovel":1,"stat.breakItem.minecraft.stone_shovel":1,"stat.useItem.minecraft.cooked_mutton":11,"stat.useItem.minecraft.planks":1,"achievement.portal":4,"stat.fallOneCm":131206,"stat.mineBlock.minecraft.diamond_ore":11,"stat.flyOneCm":608669,"stat.mineBlock.minecraft.chest":1,"achievement.buildPickaxe":15,"stat.mineBlock.minecraft.torch":17,"stat.mineBlock.minecraft.iron_ore":111,"achievement.buildFurnace":1,"stat.damageTaken":3542,"stat.useItem.minecraft.cooked_chicken":2,"stat.useItem.minecraft.torch":545,"stat.useItem.minecraft.boat":2,"stat.craftItem.minecraft.coal":9,"stat.craftItem.minecraft.bread":29,"stat.useItem.minecraft.bed":1,"stat.useItem.minecraft.stone_pickaxe":165,"stat.craftItem.minecraft.cooked_mutton":11,"stat.useItem.minecraft.diamond_sword":42,"stat.useItem.minecraft.water_bucket":43,"stat.craftItem.minecraft.stone_axe":1,"stat.mineBlock.minecraft.clay":11,"stat.mineBlock.minecraft.brown_mushroom":18,"stat.useItem.minecraft.wheat_seeds":138,"stat.killEntity.Chicken":3,"stat.craftItem.minecraft.stone_pickaxe":2,"stat.mineBlock.minecraft.cobblestone":25,"stat.mineBlock.minecraft.gold_ore":78,"stat.craftItem.minecraft.wooden_shovel":1,"stat.mineBlock.minecraft.rail":137,"stat.craftItem.minecraft.redstone_block":9,"achievement.buildWorkBench":4,"stat.useItem.minecraft.dye":6,"stat.useItem.minecraft.stone":157,"stat.useItem.minecraft.furnace":11,"stat.breakItem.minecraft.stone_pickaxe":1,"stat.craftItem.minecraft.diamond_sword":1,"stat.craftItem.minecraft.iron_leggings":1,"stat.craftItem.minecraft.gold_block":3,"stat.useItem.minecraft.stone_sword":28,"stat.climbOneCm":68611,"stat.mineBlock.minecraft.stone_stairs":2,"stat.useItem.minecraft.sapling":2,"stat.drop":5,"stat.useItem.minecraft.bow":26,"stat.craftItem.minecraft.iron_shovel":3,"stat.craftItem.minecraft.boat":2,"stat.useItem.minecraft.reeds":1,"achievement.mineWood":37,"stat.useItem.minecraft.cooked_beef":1,"stat.mineBlock.minecraft.crafting_table":12,"achievement.killEnemy":59,"stat.craftItem.minecraft.mushroom_stew":3,"stat.breakItem.minecraft.iron_sword":1,"stat.craftItem.minecraft.dye":6,"stat.mineBlock.minecraft.fence":6,"achievement.diamonds":12,"stat.useItem.minecraft.cooked_porkchop":12,"stat.useItem.minecraft.egg":2,"stat.killEntity.Creeper":12,"stat.craftItem.minecraft.diamond_pickaxe":1,"stat.mineBlock.minecraft.planks":40,"stat.useItem.minecraft.crafting_table":14,"stat.playOneMinute":791258,"stat.killEntity.Rabbit":5,"stat.craftItem.minecraft.gold_ingot":66,"stat.killEntity.Pig":5,"stat.useItem.minecraft.stone_hoe":62,"stat.useItem.minecraft.stone_shovel":134,"stat.killEntity.Enderman":4,"stat.leaveGame":9,"stat.diveOneCm":98780,"stat.useItem.minecraft.cooked_rabbit":1,"stat.craftItem.minecraft.iron_ingot":104,"achievement.buildBetterPickaxe":15,"stat.craftItem.minecraft.bow":4,"stat.useItem.minecraft.rotten_flesh":2,"stat.killEntity.Spider":5,"stat.craftItem.minecraft.stone_stairs":8,"stat.killEntity.Slime":12,"stat.timeSinceDeath":791258,"stat.craftItem.minecraft.glass":1,"stat.craftItem.minecraft.cooked_porkchop":12,"stat.craftItem.minecraft.stone_shovel":3,"stat.animalsBred":1,"stat.mineBlock.minecraft.leaves":68,"stat.mineBlock.minecraft.leaves2":3,"stat.killEntity.PigZombie":1,"stat.craftItem.minecraft.stick":190,"stat.boatOneCm":6686,"achievement.buildSword":3,"stat.craftItem.minecraft.bucket":2,"stat.swimOneCm":182374,"stat.useItem.minecraft.mushroom_stew":3,"stat.killEntity.Skeleton":19,"stat.craftItem.minecraft.baked_potato":61,"stat.walkOneCm":4114198,"stat.mineBlock.minecraft.coal_ore":317,"stat.useItem.minecraft.bread":18,"stat.mineBlock.minecraft.lapis_ore":20,"stat.jump":9273,"stat.craftItem.minecraft.stone":384,"stat.killEntity.Witch":2,"stat.useItem.minecraft.beef":2,"stat.useItem.minecraft.apple":2,"stat.mineBlock.minecraft.tallgrass":220,"stat.craftItem.minecraft.stone_sword":1,"stat.breakItem.minecraft.iron_pickaxe":10,"stat.useItem.minecraft.iron_sword":277,"stat.craftItem.minecraft.sign":6,"stat.useItem.minecraft.stone_axe":92,"stat.mineBlock.minecraft.gravel":75,"stat.craftItem.minecraft.crafting_table":3,"stat.mobKills":407,"stat.craftItem.minecraft.cooked_rabbit":2,"stat.useItem.minecraft.baked_potato":60,"stat.mineBlock.minecraft.stone":2753,"stat.useItem.minecraft.bucket":45,"stat.useItem.minecraft.stone_stairs":4,"stat.craftItem.minecraft.planks":168,"stat.killEntity.Zombie":23,"stat.mineBlock.minecraft.redstone_ore":33,"stat.useItem.minecraft.sign":5,"stat.mineBlock.minecraft.dirt":380,"stat.minecartOneCm":10627,"stat.useItem.minecraft.wooden_pickaxe":27,"stat.killEntity.Squid":1,"stat.useItem.minecraft.wooden_shovel":11,"stat.useItem.minecraft.iron_pickaxe":2550,"stat.useItem.minecraft.carrot":96,"stat.craftItem.minecraft.iron_boots":1,"stat.sprintOneCm":1559377,"stat.useItem.minecraft.dirt":288,"stat.killEntity.CaveSpider":4}