{"stat.useItem.minecraft.bow":117,"stat.useItem.minecraft.quartz_block":459,"stat.useItem.minecraft.painting":56,"stat.leaveGame":171,"stat.useItem.minecraft.glowstone":20,"stat.mineBlock.minecraft.sandstone":3652,"stat.craftItem.minecraft.ender_eye":4,"stat.mineBlock.minecraft.stained_glass":998,"stat.killEntity.PigZombie":132,"stat.entityKilledBy.PigZombie":1,"stat.mineBlock.minecraft.birch_fence_gate":2,"stat.useItem.minecraft.sandstone_stairs":372,"stat.useItem.minecraft.vine":32,"stat.useItem.minecraft.rail":570,"stat.killEntity.Enderman":1489,"stat.mineBlock.minecraft.wooden_slab":53,"stat.useItem.minecraft.anvil":12,"stat.craftItem.minecraft.iron_shovel":15,"achievement.buildPickaxe":56,"stat.killEntity.Witch":2,"stat.mineBlock.minecraft.end_stone":933,"stat.useItem.minecraft.iron_pickaxe":2045,"stat.craftItem.minecraft.iron_door":12,"stat.useItem.minecraft.iron_shovel":2990,"stat.craftItem.minecraft.bed":11,"stat.craftItem.minecraft.glass_pane":32,"stat.useItem.minecraft.hardened_clay":27,"stat.mineBlock.minecraft.hopper":18,"stat.mineBlock.minecraft.vine":140,"stat.useItem.minecraft.nether_wart":34,"stat.furnaceInteraction":700,"stat.mineBlock.minecraft.rail":22,"stat.useItem.minecraft.pumpkin_seeds":49,"stat.craftItem.minecraft.leather_helmet":2,"stat.useItem.minecraft.end_stone":404,"stat.useItem.minecraft.double_plant":5,"stat.mineBlock.minecraft.wooden_button":2,"stat.useItem.minecraft.trapdoor":59,"stat.mineBlock.minecraft.stained_hardened_clay":3378,"stat.useItem.minecraft.stained_glass":11126,"stat.craftItem.minecraft.prismarine":738,"stat.useItem.minecraft.fence":289,"stat.useItem.minecraft.dark_oak_door":1,"stat.useItem.minecraft.acacia_fence":7,"achievement.openInventory":3877,"stat.useItem.minecraft.cauldron":3,"stat.useItem.minecraft.flint_and_steel":26,"stat.mineBlock.minecraft.fence":112,"stat.mineBlock.minecraft.sea_lantern":168,"stat.useItem.minecraft.wheat_seeds":1445,"stat.useItem.minecraft.wooden_button":5,"stat.craftItem.minecraft.dropper":76,"stat.useItem.minecraft.dye":1051,"stat.deaths":37,"stat.craftItem.minecraft.item_frame":78,"stat.useItem.minecraft.nether_brick":45,"stat.craftItem.minecraft.iron_pickaxe":13,"stat.craftItem.minecraft.cooked_mutton":94,"stat.mineBlock.minecraft.tallgrass":1795,"achievement.potion":4,"stat.chestOpened":3265,"stat.useItem.minecraft.lapis_ore":49,"stat.craftItem.minecraft.sign":66,"stat.useItem.minecraft.stone":4814,"stat.useItem.minecraft.ender_chest":13,"stat.craftItem.minecraft.quartz_block":1175,"stat.craftItem.minecraft.coal":884,"stat.craftItem.minecraft.ender_chest":4,"stat.crouchOneCm":5648644,"achievement.killCow":308,"stat.craftItem.minecraft.diamond":9,"stat.mineBlock.minecraft.chest":96,"stat.craftItem.minecraft.iron_ingot":1608,"stat.mineBlock.minecraft.hardened_clay":715,"stat.craftItem.minecraft.hopper":102,"stat.craftingTableInteraction":379,"stat.useItem.minecraft.emerald_ore":8,"stat.mineBlock.minecraft.log2":1881,"stat.useItem.minecraft.dark_oak_fence":82,"stat.craftItem.minecraft.nether_brick":249,"stat.craftItem.minecraft.wooden_sword":1,"stat.craftItem.minecraft.diamond_shovel":13,"stat.mineBlock.minecraft.glass":384,"stat.mineBlock.minecraft.ender_chest":10,"stat.mineBlock.minecraft.dirt":13770,"stat.flowerPotted":1,"stat.useItem.minecraft.bread":30,"stat.useItem.minecraft.cobblestone":2567,"stat.craftItem.minecraft.leather_boots":2,"stat.useItem.minecraft.gravel":109,"stat.mineBlock.minecraft.double_plant":27,"stat.minecartOneCm":4018609,"stat.craftItem.minecraft.gold_ingot":1100,"stat.craftItem.minecraft.brewing_stand":2,"stat.useItem.minecraft.glass_pane":19,"achievement.portal":656,"stat.craftItem.minecraft.bucket":15,"stat.useItem.minecraft.iron_sword":142,"stat.craftItem.minecraft.planks":12736,"stat.itemEnchanted":16,"stat.mineBlock.minecraft.prismarine":1457,"stat.useItem.minecraft.stonebrick":385,"stat.mineBlock.minecraft.log":4357,"stat.mineBlock.minecraft.heavy_weighted_pressure_plate":4,"stat.mineBlock.minecraft.waterlily":20,"stat.useItem.minecraft.spruce_door":2,"achievement.acquireIron":35,"stat.craftItem.minecraft.paper":153,"stat.useItem.minecraft.wooden_axe":60,"stat.craftItem.minecraft.spruce_door":3,"stat.craftItem.minecraft.diamond_leggings":4,"stat.mineBlock.minecraft.acacia_stairs":7,"stat.useItem.minecraft.iron_axe":1992,"stat.mineBlock.minecraft.pumpkin":130,"stat.mineBlock.minecraft.cobblestone":1356,"stat.mineBlock.minecraft.yellow_flower":221,"stat.entityKilledBy.Witch":1,"stat.craftItem.minecraft.quartz_stairs":280,"stat.craftItem.minecraft.wool":24,"stat.mineBlock.minecraft.stained_glass_pane":22,"stat.useItem.minecraft.snow":12510,"achievement.buildWorkBench":52,"stat.useItem.minecraft.coal_block":98,"stat.mineBlock.minecraft.dropper":12,"stat.breakItem.minecraft.iron_pickaxe":6,"stat.useItem.minecraft.obsidian":385,"stat.craftItem.minecraft.furnace":33,"stat.craftItem.minecraft.lapis_block":91,"stat.craftItem.minecraft.iron_boots":5,"stat.craftItem.minecraft.cooked_beef":761,"stat.mineBlock.minecraft.obsidian":458,"stat.craftItem.minecraft.bow":5,"stat.mineBlock.minecraft.clay":11,"stat.flyOneCm":7371148,"stat.craftItem.minecraft.stained_glass":12016,"stat.timeSinceDeath":1391814,"stat.craftItem.minecraft.painting":27,"stat.useItem.minecraft.melon_block":410,"stat.useItem.minecraft.wooden_slab":549,"stat.useItem.minecraft.iron_door":14,"stat.craftItem.minecraft.iron_block":1742,"stat.killEntity.Bat":1,"stat.craftItem.minecraft.stonebrick":1500,"stat.useItem.minecraft.potato":146,"stat.mineBlock.minecraft.coal_ore":2829,"stat.killEntity.Creeper":60,"stat.useItem.minecraft.armor_stand":3,"stat.talkedToVillager":10,"stat.craftItem.minecraft.stone_hoe":1,"stat.mineBlock.minecraft.red_mushroom_block":53,"stat.mineBlock.minecraft.ladder":87,"achievement.buildSword":15,"stat.useItem.minecraft.written_book":19,"stat.useItem.minecraft.dropper":78,"stat.killEntity.Squid":31,"stat.useItem.minecraft.diamond_shovel":51467,"stat.sprintOneCm":30189839,"stat.mineBlock.minecraft.stone_slab":802,"stat.breakItem.minecraft.diamond_helmet":1,"stat.craftItem.minecraft.wooden_axe":1,"stat.useItem.minecraft.snowball":96,"stat.mineBlock.minecraft.diamond_ore":250,"stat.craftItem.minecraft.speckled_melon":2,"achievement.killEnemy":2068,"stat.craftItem.minecraft.leather_chestplate":4,"stat.useItem.minecraft.banner":37,"stat.breakItem.minecraft.iron_shovel":8,"stat.useItem.minecraft.ladder":657,"stat.useItem.minecraft.diamond_ore":67,"stat.craftItem.minecraft.emerald":14,"stat.killEntity.Zombie":160,"stat.craftItem.minecraft.dye":3556,"stat.useItem.minecraft.birch_stairs":74,"stat.craftItem.minecraft.sandstone_stairs":252,"stat.craftItem.minecraft.diamond_axe":4,"stat.mineBlock.minecraft.gold_ore":331,"stat.diveOneCm":831303,"stat.craftItem.minecraft.ladder":3360,"achievement.buildHoe":5,"stat.mineBlock.minecraft.stone_button":3,"stat.craftItem.minecraft.cooked_porkchop":32,"stat.useItem.minecraft.heavy_weighted_pressure_plate":22,"stat.craftItem.minecraft.diamond_sword":6,"stat.useItem.minecraft.iron_trapdoor":17,"stat.useItem.minecraft.sand":220,"stat.jump":87109,"stat.craftItem.minecraft.lever":16,"stat.craftItem.minecraft.torch":1448,"stat.useItem.minecraft.coal_ore":573,"achievement.makeBread":100,"stat.craftItem.minecraft.fermented_spider_eye":1,"stat.useItem.minecraft.dispenser":8,"stat.useItem.minecraft.glass":4152,"stat.useItem.minecraft.sapling":630,"stat.mineBlock.minecraft.lapis_ore":219,"achievement.blazeRod":26,"stat.mineBlock.minecraft.glass_pane":2,"stat.brewingstandInteraction":15,"stat.damageTaken":57036,"stat.useItem.minecraft.stone_brick_stairs":693,"stat.mineBlock.minecraft.torch":269,"stat.mineBlock.minecraft.melon_block":60,"stat.mineBlock.minecraft.red_flower":244,"stat.useItem.minecraft.gold_block":110,"stat.tradedWithVillager":16,"stat.useItem.minecraft.acacia_door":1,"stat.mineBlock.minecraft.sapling":40,"stat.mineBlock.minecraft.sandstone_stairs":157,"stat.craftItem.minecraft.glowstone":224,"stat.useItem.minecraft.slime":172,"stat.useItem.minecraft.birch_fence":30,"stat.useItem.minecraft.snow_layer":102,"stat.killEntity.Silverfish":3,"stat.craftItem.minecraft.stone_slab":3984,"stat.mineBlock.minecraft.birch_fence":27,"stat.animalsBred":461,"stat.useItem.minecraft.chest":273,"stat.useItem.minecraft.pumpkin":102,"stat.useItem.minecraft.tnt":18,"stat.useItem.minecraft.lava_bucket":5,"stat.useItem.minecraft.melon":2,"stat.useItem.minecraft.item_frame":75,"stat.useItem.minecraft.birch_fence_gate":12,"stat.craftItem.minecraft.iron_chestplate":6,"stat.useItem.minecraft.stained_hardened_clay":404,"stat.useItem.minecraft.redstone_ore":17,"stat.useItem.minecraft.netherrack":12944,"stat.craftItem.minecraft.stained_glass_pane":892,"stat.mineBlock.minecraft.stonebrick":179,"stat.mineBlock.minecraft.glowstone":28,"stat.mobKills":28606,"stat.craftItem.minecraft.shears":26,"stat.useItem.minecraft.boat":7,"stat.craftItem.minecraft.lead":8,"stat.useItem.minecraft.cobblestone_wall":170,"stat.breakItem.minecraft.diamond_shovel":4,"stat.useItem.minecraft.writable_book":3,"stat.craftItem.minecraft.nether_brick_stairs":8,"stat.craftItem.minecraft.map":5,"stat.craftItem.minecraft.compass":6,"stat.useItem.minecraft.string":13,"stat.craftItem.minecraft.iron_axe":12,"stat.useItem.minecraft.soul_sand":15,"stat.killEntity.Blaze":74,"stat.useItem.minecraft.planks":1905,"stat.useItem.minecraft.nether_brick_stairs":5,"stat.mineBlock.minecraft.red_mushroom":11,"stat.useItem.minecraft.water_bucket":578,"stat.mineBlock.minecraft.stone_brick_stairs":118,"stat.mineBlock.minecraft.nether_brick_fence":4,"stat.craftItem.minecraft.golden_apple":6,"stat.useItem.minecraft.golden_sword":22,"stat.craftItem.minecraft.dark_oak_fence":144,"achievement.diamonds":206,"stat.craftItem.minecraft.lit_pumpkin":87,"stat.craftItem.minecraft.cobblestone_wall":204,"stat.craftItem.minecraft.stone_sword":3,"stat.useItem.minecraft.ender_pearl":274,"stat.mineBlock.minecraft.snow_layer":24001,"stat.mineBlock.minecraft.sand":14724,"stat.craftItem.minecraft.wooden_hoe":1,"achievement.buildBetterPickaxe":56,"stat.craftItem.minecraft.blaze_powder":4,"stat.hopperInspected":32,"stat.trappedChestTriggered":100,"achievement.breedCow":288,"stat.useItem.minecraft.oak_stairs":25,"stat.craftItem.minecraft.golden_carrot":1,"stat.craftItem.minecraft.acacia_stairs":4,"stat.mineBlock.minecraft.dark_oak_stairs":47,"stat.craftItem.minecraft.pumpkin_seeds":48,"stat.useItem.minecraft.dark_oak_stairs":228,"stat.mineBlock.minecraft.lapis_block":32,"stat.mineBlock.minecraft.birch_stairs":12,"stat.useItem.minecraft.minecart":16,"stat.useItem.minecraft.cooked_mutton":111,"stat.useItem.minecraft.redstone":20,"stat.mineBlock.minecraft.redstone_lamp":1,"achievement.mineWood":5916,"stat.useItem.minecraft.stone_stairs":63,"stat.useItem.minecraft.hopper":103,"stat.mineBlock.minecraft.soul_sand":139,"stat.craftItem.minecraft.heavy_weighted_pressure_plate":20,"stat.mineBlock.minecraft.oak_stairs":14,"stat.playOneMinute":12041934,"stat.craftItem.minecraft.diamond_block":1,"stat.useItem.minecraft.shears":496,"stat.useItem.minecraft.fish":31,"stat.mineBlock.minecraft.dark_oak_fence":18,"stat.craftItem.minecraft.carpet":297,"stat.mineBlock.minecraft.netherrack":26119,"stat.mineBlock.minecraft.dispenser":8,"stat.craftItem.minecraft.dark_oak_stairs":296,"stat.craftItem.minecraft.redstone_torch":61,"stat.craftItem.minecraft.golden_rail":84,"stat.useItem.minecraft.quartz_ore":732,"stat.mineBlock.minecraft.gold_block":2,"stat.craftItem.minecraft.iron_hoe":1,"stat.useItem.minecraft.experience_bottle":2,"stat.fallOneCm":1369196,"stat.craftItem.minecraft.chest":351,"stat.useItem.minecraft.nether_brick_fence":7,"stat.craftItem.minecraft.banner":94,"stat.mineBlock.minecraft.lever":11,"stat.useItem.minecraft.iron_hoe":66,"stat.dropperInspected":383,"stat.useItem.minecraft.golden_rail":60,"stat.craftItem.minecraft.wooden_button":4,"stat.useItem.minecraft.furnace":53,"stat.mineBlock.minecraft.spruce_fence":46,"stat.mineBlock.minecraft.snow":2373,"stat.mineBlock.minecraft.gravel":651,"stat.useItem.minecraft.stone_pickaxe":345,"stat.craftItem.minecraft.birch_stairs":92,"stat.craftItem.minecraft.iron_leggings":6,"stat.useItem.minecraft.stone_sword":123,"stat.killEntity.Rabbit":2,"stat.breakItem.minecraft.diamond_axe":1,"stat.useItem.minecraft.wool":3596,"stat.craftItem.minecraft.oak_stairs":80,"stat.useItem.minecraft.iron_bars":165,"stat.mineBlock.minecraft.monster_egg":3,"stat.mineBlock.minecraft.quartz_stairs":108,"stat.useItem.minecraft.torch":1416,"stat.craftItem.minecraft.redstone_block":276,"stat.craftItem.minecraft.stone_stairs":80,"stat.useItem.minecraft.log":444,"stat.craftItem.minecraft.crafting_table":33,"stat.craftItem.minecraft.boat":11,"stat.killEntity.LavaSlime":8,"stat.mineBlock.minecraft.emerald_ore":27,"achievement.theEnd2":10,"stat.craftItem.minecraft.stone_button":6,"stat.mineBlock.minecraft.iron_block":716,"stat.breakItem.minecraft.wooden_hoe":1,"stat.craftItem.minecraft.snow":13482,"stat.useItem.minecraft.stone_hoe":77,"stat.craftItem.minecraft.flower_pot":4,"stat.craftItem.minecraft.sugar":1,"stat.mineBlock.minecraft.cobblestone_wall":60,"stat.useItem.minecraft.baked_potato":181,"stat.useItem.minecraft.brewing_stand":2,"stat.craftItem.minecraft.diamond_chestplate":3,"stat.craftItem.minecraft.leather_leggings":3,"stat.useItem.minecraft.lapis_block":96,"stat.horseOneCm":89821,"stat.useItem.minecraft.log2":89,"stat.mineBlock.minecraft.slime":174,"stat.craftItem.minecraft.stone_brick_stairs":640,"stat.mineBlock.minecraft.brown_mushroom":16,"stat.useItem.minecraft.diamond_sword":1818,"stat.craftItem.minecraft.diamond_helmet":5,"stat.craftItem.minecraft.iron_trapdoor":8,"stat.swimOneCm":641664,"stat.climbOneCm":1520489,"stat.craftItem.minecraft.gold_block":109,"stat.enderchestOpened":79,"stat.useItem.minecraft.redstone_torch":67,"stat.useItem.minecraft.dirt":5774,"achievement.exploreAllBiomes":{"value":0,"progress":["Sunflower Plains","Birch Forest","Roofed Forest","The End","Beach","Extreme Hills+","River","Ocean","Taiga","Swampland","Birch Forest Hills","Savanna Plateau","Mesa Plateau F","Mesa","ForestHills","Flower Forest","Plains","TaigaHills","DesertHills","Stone Beach","Jungle","Birch Forest Hills M","Forest","JungleHills","Desert","Extreme Hills","Savanna M","Mesa (Bryce)","Deep Ocean","Savanna","Hell"]},"stat.craftItem.minecraft.trapdoor":80,"stat.craftItem.minecraft.melon_block":416,"stat.craftItem.minecraft.stone_pickaxe":3,"stat.mineBlock.minecraft.carpet":140,"stat.mineBlock.minecraft.redstone_block":5,"stat.craftItem.minecraft.glass_bottle":9,"stat.useItem.minecraft.red_mushroom":4,"stat.useItem.minecraft.cooked_beef":928,"stat.craftItem.minecraft.wooden_slab":546,"stat.craftItem.minecraft.dispenser":6,"stat.craftItem.minecraft.book":2,"stat.mineBlock.minecraft.iron_ore":796,"stat.craftItem.minecraft.acacia_door":3,"stat.useItem.minecraft.sign":54,"achievement.theEnd":3,"stat.useItem.minecraft.lever":26,"stat.mineBlock.minecraft.coal_block":34,"stat.useItem.minecraft.cooked_porkchop":33,"stat.useItem.minecraft.acacia_stairs":11,"stat.mineBlock.minecraft.nether_brick":3,"stat.craftItem.minecraft.acacia_fence":12,"stat.craftItem.minecraft.nether_brick_fence":6,"stat.useItem.minecraft.sea_lantern":690,"stat.craftItem.minecraft.snow_layer":108,"stat.useItem.minecraft.spruce_fence":160,"stat.craftItem.minecraft.stick":10062,"stat.useItem.minecraft.stone_slab":3469,"stat.useItem.minecraft.bed":29,"stat.craftItem.minecraft.gold_nugget":18,"stat.craftItem.minecraft.stone":4135,"stat.craftItem.minecraft.armor_stand":2,"stat.mineBlock.minecraft.crafting_table":37,"stat.useItem.minecraft.diamond_pickaxe":84140,"stat.mineBlock.minecraft.quartz_block":152,"stat.killEntity.Endermite":1,"stat.useItem.minecraft.carrot":17,"stat.useItem.minecraft.bucket":586,"stat.entityKilledBy.Creeper":1,"stat.breakItem.minecraft.shears":9,"achievement.buildFurnace":64,"stat.mineBlock.minecraft.planks":709,"stat.drop":577,"stat.killEntity.Sheep":37,"stat.craftItem.minecraft.diamond_pickaxe":21,"stat.craftItem.minecraft.piston":13,"stat.useItem.minecraft.quartz_stairs":376,"stat.useItem.minecraft.glass_bottle":10,"stat.mineBlock.minecraft.anvil":6,"stat.useItem.minecraft.diamond_axe":5912,"stat.useItem.minecraft.waterlily":26,"stat.useItem.minecraft.apple":24,"stat.breakItem.minecraft.wooden_axe":1,"stat.mineBlock.minecraft.deadbush":1,"stat.useItem.minecraft.carpet":380,"stat.useItem.minecraft.potion":13,"stat.useItem.minecraft.stained_glass_pane":605,"stat.useItem.minecraft.flower_pot":4,"stat.useItem.minecraft.wooden_hoe":60,"stat.useItem.minecraft.piston":26,"stat.craftItem.minecraft.bread":50,"stat.useItem.minecraft.stone_button":9,"stat.craftItem.minecraft.iron_helmet":5,"stat.craftItem.minecraft.rail":672,"stat.useItem.minecraft.cooked_chicken":117,"stat.boatOneCm":29812,"stat.mineBlock.minecraft.iron_bars":105,"stat.craftItem.minecraft.flint_and_steel":4,"stat.mineBlock.minecraft.leaves2":105,"stat.mineBlock.minecraft.stone_stairs":2,"stat.craftItem.minecraft.iron_bars":160,"stat.mineBlock.minecraft.furnace":31,"stat.dispenserInspected":22,"stat.craftItem.minecraft.netherbrick":1088,"stat.craftItem.minecraft.birch_fence":27,"stat.damageDealt":216227,"stat.craftItem.minecraft.glass":10391,"stat.craftItem.minecraft.cauldron":2,"stat.craftItem.minecraft.baked_potato":161,"stat.craftItem.minecraft.anvil":8,"stat.killEntity.Cow":300,"stat.useItem.minecraft.crafting_table":60,"stat.killEntity.Pig":10,"stat.craftItem.minecraft.iron_sword":3,"stat.walkOneCm":75453530,"stat.breakItem.minecraft.stone_pickaxe":2,"stat.craftItem.minecraft.birch_fence_gate":10,"stat.craftItem.minecraft.writable_book":1,"stat.craftItem.minecraft.diamond_boots":5,"stat.useItem.minecraft.redstone_block":139,"stat.mineBlock.minecraft.wool":292,"stat.useItem.minecraft.red_mushroom_block":46,"stat.craftItem.minecraft.redstone":36,"stat.mineBlock.minecraft.packed_ice":1,"stat.useItem.minecraft.leaves":64,"stat.craftItem.minecraft.minecart":9,"stat.useItem.minecraft.cactus":187,"stat.useItem.minecraft.prismarine":4584,"stat.killEntity.Skeleton":120,"stat.mineBlock.minecraft.cactus":24,"stat.killEntity.Chicken":1,"stat.mineBlock.minecraft.redstone_torch":4,"stat.useItem.minecraft.iron_block":3871,"stat.killEntity.Spider":28,"stat.mineBlock.minecraft.quartz_ore":2158,"stat.craftItem.minecraft.tnt":5,"stat.craftItem.minecraft.spruce_fence":231,"stat.craftItem.minecraft.fence":330,"stat.breakItem.minecraft.iron_axe":3,"stat.mineBlock.minecraft.leaves":1061,"stat.mineBlock.minecraft.piston":15,"stat.mineBlock.minecraft.redstone_ore":585,"stat.craftItem.minecraft.coal_block":249,"stat.craftItem.minecraft.brick":12,"stat.mineBlock.minecraft.stone":36913,"stat.useItem.minecraft.sandstone":610}