{"achievement.exploreAllBiomes":{"value":0,"progress":["Desert","Mesa Plateau F","Taiga","Deep Ocean","Ocean","Extreme Hills","Plains","Mesa Plateau M","Jungle","The End","Hell","ForestHills","Forest","Mesa (Bryce)","JungleHills","DesertHills","Birch Forest","Beach","Mesa","Roofed Forest","Swampland","River"]},"achievement.openInventory":5,"stat.climbOneCm":16,"stat.fallOneCm":659,"stat.flyOneCm":7512728,"stat.damageTaken":40,"stat.timeSinceDeath":4327828,"stat.playOneMinute":4327828,"stat.leaveGame":155,"stat.diveOneCm":36612,"stat.useItem.minecraft.cooked_beef":2,"stat.walkOneCm":59684,"stat.jump":70,"stat.swimOneCm":11718,"stat.minecartOneCm":10712,"stat.sprintOneCm":24487}