{"stat.walkOneCm":5586,"achievement.openInventory":107,"stat.leaveGame":146,"stat.damageTaken":30,"stat.flyOneCm":6036580,"stat.jump":24,"stat.swimOneCm":38652,"stat.playOneMinute":4279417,"stat.fallOneCm":569,"stat.timeSinceDeath":4279417,"stat.sprintOneCm":3720,"achievement.exploreAllBiomes":{"value":0,"progress":["Birch Forest Hills","Sunflower Plains","Mesa Plateau F","ForestHills","Mesa","Flower Forest","Birch Forest","Roofed Forest","Plains","Extreme Hills+","Ocean","Forest","River","Taiga","Extreme Hills","Swampland","Deep Ocean","Hell"]},"stat.diveOneCm":22651}