{"stat.beaconInteraction":51,"stat.useItem.minecraft.bow":4185,"stat.useItem.minecraft.quartz_block":1733,"stat.leaveGame":717,"achievement.killWither":64,"stat.useItem.minecraft.glowstone":873,"stat.mineBlock.minecraft.sandstone":725,"stat.craftItem.minecraft.ender_eye":22,"stat.mineBlock.minecraft.stained_glass":551,"stat.killEntity.PigZombie":895,"stat.mineBlock.minecraft.web":121,"stat.craftItem.minecraft.stone_pressure_plate":21,"achievement.snipeSkeleton":1,"stat.entityKilledBy.PigZombie":2,"stat.useItem.minecraft.sandstone_stairs":1,"achievement.diamondsToYou":1,"stat.useItem.minecraft.activator_rail":33,"stat.useItem.minecraft.vine":11,"stat.craftItem.minecraft.noteblock":117,"stat.useItem.minecraft.rail":2436,"stat.killEntity.Enderman":13130,"stat.mineBlock.minecraft.wooden_slab":1080,"stat.useItem.minecraft.anvil":105,"stat.craftItem.minecraft.iron_shovel":38,"stat.mineBlock.minecraft.emerald_block":2,"achievement.buildPickaxe":98,"stat.killEntity.Witch":91,"stat.killEntity.MushroomCow":3,"stat.mineBlock.minecraft.end_stone":292,"stat.killEntity.Villager":25,"stat.useItem.minecraft.iron_pickaxe":1817,"stat.craftItem.minecraft.iron_door":18,"stat.useItem.minecraft.iron_shovel":6270,"stat.craftItem.minecraft.bed":4,"stat.craftItem.minecraft.glass_pane":336,"stat.useItem.minecraft.hardened_clay":109,"stat.mineBlock.minecraft.hopper":247,"stat.mineBlock.minecraft.vine":236,"stat.mineBlock.minecraft.sticky_piston":592,"stat.useItem.minecraft.nether_wart":232,"stat.furnaceInteraction":301,"stat.useItem.minecraft.golden_carrot":1265,"stat.mineBlock.minecraft.rail":1010,"stat.noteblockPlayed":19,"stat.useItem.minecraft.end_stone":8,"stat.mineBlock.minecraft.wooden_button":39,"stat.craftItem.minecraft.golden_leggings":4,"stat.useItem.minecraft.trapdoor":339,"stat.mineBlock.minecraft.stained_hardened_clay":16799,"stat.useItem.minecraft.stained_glass":2480,"stat.craftItem.minecraft.prismarine":3,"stat.useItem.minecraft.fence":385,"stat.useItem.minecraft.dark_oak_door":8,"stat.useItem.minecraft.ice":68,"achievement.openInventory":28555,"stat.craftItem.minecraft.daylight_detector":92,"stat.useItem.minecraft.cauldron":91,"stat.useItem.minecraft.flint_and_steel":110,"stat.mineBlock.minecraft.fence":356,"stat.mineBlock.minecraft.sea_lantern":1274,"stat.useItem.minecraft.wheat_seeds":8566,"stat.useItem.minecraft.wooden_button":82,"stat.craftItem.minecraft.dropper":122,"stat.useItem.minecraft.dye":529,"stat.breakItem.minecraft.diamond_boots":3,"stat.useItem.minecraft.beef":63,"stat.deaths":135,"stat.craftItem.minecraft.item_frame":148,"stat.mineBlock.minecraft.stone_pressure_plate":49,"stat.useItem.minecraft.nether_brick":3731,"stat.craftItem.minecraft.iron_pickaxe":15,"stat.craftItem.minecraft.repeater":831,"stat.useItem.minecraft.jukebox":8,"stat.mineBlock.minecraft.tallgrass":2013,"achievement.potion":45,"stat.chestOpened":13517,"stat.craftItem.minecraft.mossy_cobblestone":26,"stat.useItem.minecraft.lapis_ore":53,"stat.craftItem.minecraft.sign":171,"stat.useItem.minecraft.stone":6766,"stat.killEntity.Ghast":143,"stat.useItem.minecraft.ender_chest":13,"stat.craftItem.minecraft.quartz_block":2477,"stat.craftItem.minecraft.coal":227,"stat.craftItem.minecraft.ender_chest":10,"stat.crouchOneCm":8696843,"achievement.killCow":330,"stat.craftItem.minecraft.diamond":225,"stat.mineBlock.minecraft.chest":220,"stat.craftItem.minecraft.iron_ingot":14506,"stat.mineBlock.minecraft.hardened_clay":7523,"stat.craftItem.minecraft.hopper":1016,"stat.craftingTableInteraction":1274,"stat.mineBlock.minecraft.wooden_pressure_plate":14,"stat.mineBlock.minecraft.log2":1245,"stat.useItem.minecraft.dark_oak_fence":137,"stat.useItem.minecraft.reeds":18,"stat.craftItem.minecraft.nether_brick":3929,"stat.craftItem.minecraft.wooden_sword":5,"stat.mineBlock.minecraft.jungle_fence":6,"stat.craftItem.minecraft.diamond_shovel":18,"stat.mineBlock.minecraft.glass":1379,"stat.useItem.minecraft.enchanting_table":3,"stat.useItem.minecraft.record_13":1,"stat.mineBlock.minecraft.ender_chest":6,"stat.mineBlock.minecraft.daylight_detector":222,"stat.mineBlock.minecraft.dirt":39703,"stat.flowerPotted":4,"stat.useItem.minecraft.bread":12,"stat.useItem.minecraft.cobblestone":7716,"stat.mineBlock.minecraft.activator_rail":17,"stat.useItem.minecraft.gravel":281,"stat.mineBlock.minecraft.double_plant":11,"stat.minecartOneCm":17308918,"stat.craftItem.minecraft.gold_ingot":4518,"stat.craftItem.minecraft.brewing_stand":32,"stat.useItem.minecraft.tallgrass":13,"stat.useItem.minecraft.glass_pane":212,"achievement.portal":1248,"stat.craftItem.minecraft.bucket":133,"stat.useItem.minecraft.iron_sword":62,"stat.craftItem.minecraft.planks":35346,"stat.itemEnchanted":93,"stat.mineBlock.minecraft.prismarine":414,"stat.craftItem.minecraft.dirt":48,"stat.craftItem.minecraft.fishing_rod":4,"stat.useItem.minecraft.daylight_detector":299,"stat.useItem.minecraft.stonebrick":5916,"stat.mineBlock.minecraft.log":2983,"stat.craftItem.minecraft.wooden_door":6,"stat.mineBlock.minecraft.heavy_weighted_pressure_plate":1,"stat.mineBlock.minecraft.waterlily":322,"stat.useItem.minecraft.wooden_door":15,"achievement.acquireIron":8,"stat.useItem.minecraft.spruce_door":8,"stat.craftItem.minecraft.paper":5250,"stat.craftItem.minecraft.trapped_chest":266,"stat.cakeSlicesEaten":8,"stat.craftItem.minecraft.diamond_leggings":16,"stat.useItem.minecraft.iron_axe":2826,"stat.mineBlock.minecraft.pumpkin":99,"stat.mineBlock.minecraft.cobblestone":3589,"stat.useItem.minecraft.beacon":26,"stat.mineBlock.minecraft.yellow_flower":230,"stat.craftItem.minecraft.quartz_stairs":224,"stat.entityKilledBy.Witch":3,"stat.breakItem.minecraft.diamond_leggings":2,"stat.useItem.minecraft.skull":25,"stat.craftItem.minecraft.wool":1462,"stat.mineBlock.minecraft.stained_glass_pane":119,"stat.useItem.minecraft.snow":294,"achievement.buildWorkBench":99,"stat.useItem.minecraft.coal_block":324,"stat.mineBlock.minecraft.dropper":63,"stat.breakItem.minecraft.iron_pickaxe":6,"stat.useItem.minecraft.obsidian":831,"stat.useItem.minecraft.cookie":36,"stat.craftItem.minecraft.furnace":367,"stat.craftItem.minecraft.lapis_block":191,"stat.mineBlock.minecraft.detector_rail":28,"stat.useItem.minecraft.egg":308,"stat.craftItem.minecraft.iron_boots":7,"stat.craftItem.minecraft.cooked_beef":129,"stat.mineBlock.minecraft.obsidian":973,"stat.craftItem.minecraft.bow":41,"stat.mineBlock.minecraft.clay":44,"stat.mineBlock.minecraft.noteblock":44,"stat.flyOneCm":25625781,"stat.craftItem.minecraft.furnace_minecart":1,"stat.craftItem.minecraft.stained_glass":2760,"stat.craftItem.minecraft.emerald_block":101,"stat.timeSinceDeath":203743,"stat.useItem.minecraft.melon_block":2,"stat.cauldronFilled":1,"stat.useItem.minecraft.wooden_slab":4266,"stat.craftItem.minecraft.beacon":6,"stat.useItem.minecraft.iron_door":19,"stat.craftItem.minecraft.iron_block":1842,"stat.killEntity.Bat":52,"stat.craftItem.minecraft.stonebrick":7182,"stat.breakItem.minecraft.diamond_pickaxe":10,"stat.useItem.minecraft.potato":1,"stat.killEntity.Wolf":1,"stat.mineBlock.minecraft.coal_ore":5514,"stat.killEntity.Creeper":401,"stat.useItem.minecraft.armor_stand":67,"stat.talkedToVillager":645,"stat.craftItem.minecraft.golden_helmet":4,"stat.mineBlock.minecraft.ladder":92,"stat.useItem.minecraft.milk_bucket":15,"stat.entityKilledBy.Skeleton":2,"achievement.buildSword":62,"stat.useItem.minecraft.written_book":30,"stat.useItem.minecraft.dropper":172,"stat.killEntity.Squid":51,"stat.useItem.minecraft.diamond_shovel":56545,"stat.sprintOneCm":87782647,"stat.useItem.minecraft.diamond_block":2,"stat.mineBlock.minecraft.stone_slab":5358,"stat.useItem.minecraft.hay_block":19,"stat.breakItem.minecraft.diamond_helmet":4,"stat.useItem.minecraft.snowball":92,"stat.mineBlock.minecraft.diamond_ore":333,"stat.useItem.minecraft.brown_mushroom_block":25,"stat.craftItem.minecraft.wooden_pressure_plate":6,"stat.craftItem.minecraft.speckled_melon":53,"stat.craftItem.minecraft.redstone_lamp":1240,"achievement.killEnemy":17864,"stat.craftItem.minecraft.leather_chestplate":2,"stat.useItem.minecraft.cake":45,"stat.useItem.minecraft.wooden_sword":3,"stat.useItem.minecraft.banner":38,"stat.breakItem.minecraft.iron_shovel":22,"stat.useItem.minecraft.ladder":1364,"stat.useItem.minecraft.diamond_ore":106,"stat.craftItem.minecraft.emerald":1613,"stat.killEntity.Zombie":979,"stat.craftItem.minecraft.dye":78184,"stat.useItem.minecraft.birch_stairs":404,"stat.killEntity.Guardian":58,"stat.craftItem.minecraft.diamond_axe":4,"stat.mineBlock.minecraft.gold_ore":384,"stat.craftItem.minecraft.slime_ball":351,"stat.diveOneCm":2227612,"stat.mineBlock.minecraft.mossy_cobblestone":99,"stat.useItem.minecraft.sticky_piston":1135,"stat.craftItem.minecraft.ladder":1209,"achievement.buildHoe":11,"stat.mineBlock.minecraft.stone_button":32,"stat.useItem.minecraft.heavy_weighted_pressure_plate":9,"stat.useItem.minecraft.rotten_flesh":8,"stat.craftItem.minecraft.diamond_sword":23,"stat.useItem.minecraft.iron_trapdoor":178,"stat.useItem.minecraft.sand":3018,"stat.jump":159009,"stat.craftItem.minecraft.lever":182,"stat.craftItem.minecraft.torch":4020,"stat.useItem.minecraft.coal_ore":1077,"stat.craftItem.minecraft.fermented_spider_eye":114,"stat.useItem.minecraft.dispenser":71,"stat.useItem.minecraft.glass":3025,"stat.useItem.minecraft.sapling":6413,"stat.mineBlock.minecraft.lapis_ore":315,"achievement.blazeRod":19,"stat.mineBlock.minecraft.glass_pane":7,"stat.brewingstandInteraction":514,"stat.damageTaken":176595,"stat.useItem.minecraft.stone_brick_stairs":923,"stat.mineBlock.minecraft.torch":632,"stat.mineBlock.minecraft.melon_block":2,"stat.mineBlock.minecraft.red_flower":89,"stat.useItem.minecraft.gold_block":120,"stat.tradedWithVillager":1584,"stat.useItem.minecraft.acacia_door":35,"stat.mineBlock.minecraft.sapling":15,"stat.noteblockTuned":51,"stat.craftItem.minecraft.comparator":300,"stat.mineBlock.minecraft.sandstone_stairs":3,"stat.craftItem.minecraft.sea_lantern":1694,"stat.craftItem.minecraft.glowstone":2050,"stat.useItem.minecraft.slime":443,"stat.cauldronUsed":3,"stat.mineBlock.minecraft.fence_gate":4,"stat.useItem.minecraft.snow_layer":72,"stat.killEntity.Silverfish":23,"stat.craftItem.minecraft.stone_slab":14102,"stat.animalsBred":3822,"stat.useItem.minecraft.chest":887,"stat.useItem.minecraft.pumpkin":171,"stat.useItem.minecraft.tnt":396,"stat.useItem.minecraft.gold_ore":1,"stat.useItem.minecraft.lava_bucket":330,"stat.useItem.minecraft.melon":76,"stat.craftItem.minecraft.wheat":576,"stat.useItem.minecraft.item_frame":137,"stat.craftItem.minecraft.iron_chestplate":15,"stat.useItem.minecraft.stained_hardened_clay":3280,"stat.useItem.minecraft.redstone_ore":335,"stat.useItem.minecraft.netherrack":4144,"stat.craftItem.minecraft.stained_glass_pane":960,"stat.mineBlock.minecraft.tnt":46,"stat.craftItem.minecraft.bookshelf":35,"stat.useItem.minecraft.tripwire_hook":249,"stat.mineBlock.minecraft.stonebrick":2063,"stat.craftItem.minecraft.cookie":36,"stat.mineBlock.minecraft.glowstone":231,"stat.mobKills":97499,"stat.mineBlock.minecraft.bookshelf":1,"stat.craftItem.minecraft.shears":17,"stat.useItem.minecraft.boat":7,"stat.craftItem.minecraft.lead":30,"stat.useItem.minecraft.mossy_cobblestone":60,"stat.useItem.minecraft.cobblestone_wall":336,"stat.breakItem.minecraft.diamond_shovel":2,"stat.useItem.minecraft.writable_book":29,"achievement.bookcase":32,"stat.craftItem.minecraft.nether_brick_stairs":860,"stat.craftItem.minecraft.spruce_stairs":164,"stat.useItem.minecraft.string":1340,"stat.useItem.minecraft.bookshelf":31,"stat.craftItem.minecraft.iron_axe":13,"stat.useItem.minecraft.soul_sand":219,"stat.killEntity.Blaze":1409,"stat.useItem.minecraft.mutton":32,"stat.useItem.minecraft.planks":5445,"stat.useItem.minecraft.nether_brick_stairs":880,"stat.useItem.minecraft.water_bucket":472,"achievement.overpowered":48,"stat.mineBlock.minecraft.stone_brick_stairs":394,"stat.mineBlock.minecraft.nether_brick_fence":60,"stat.craftItem.minecraft.golden_apple":40,"stat.useItem.minecraft.golden_sword":18,"stat.craftItem.minecraft.dark_oak_fence":147,"achievement.diamonds":98,"stat.craftItem.minecraft.fire_charge":252,"stat.craftItem.minecraft.lit_pumpkin":158,"stat.craftItem.minecraft.cobblestone_wall":438,"stat.craftItem.minecraft.stone_sword":3,"stat.useItem.minecraft.ender_pearl":3685,"stat.mineBlock.minecraft.snow_layer":3791,"stat.mineBlock.minecraft.sand":15631,"stat.craftItem.minecraft.wooden_hoe":1,"stat.craftItem.minecraft.cooked_fish":42,"stat.craftItem.minecraft.slime":227,"achievement.buildBetterPickaxe":98,"stat.craftItem.minecraft.blaze_powder":142,"stat.useItem.minecraft.fence_gate":6,"stat.hopperInspected":859,"stat.breakItem.minecraft.flint_and_steel":1,"stat.craftItem.minecraft.birch_door":9,"stat.trappedChestTriggered":3422,"achievement.breedCow":3720,"stat.craftItem.minecraft.magma_cream":37,"stat.useItem.minecraft.oak_stairs":44,"stat.craftItem.minecraft.golden_carrot":1663,"stat.mineBlock.minecraft.dark_oak_stairs":29,"stat.useItem.minecraft.dark_oak_stairs":287,"stat.mineBlock.minecraft.lapis_block":62,"stat.mineBlock.minecraft.birch_stairs":100,"stat.useItem.minecraft.minecart":529,"stat.useItem.minecraft.redstone":4838,"achievement.overkill":565,"stat.mineBlock.minecraft.redstone_lamp":130,"achievement.mineWood":3684,"stat.useItem.minecraft.stone_stairs":170,"stat.craftItem.minecraft.fence_gate":2,"stat.useItem.minecraft.hopper":1134,"stat.mineBlock.minecraft.soul_sand":111,"stat.craftItem.minecraft.heavy_weighted_pressure_plate":9,"stat.mineBlock.minecraft.oak_stairs":1,"achievement.ghast":14,"stat.useItem.minecraft.furnace_minecart":1,"stat.playOneMinute":48582896,"stat.craftItem.minecraft.diamond_block":14,"stat.useItem.minecraft.shears":731,"stat.mineBlock.minecraft.brown_mushroom_block":151,"stat.craftItem.minecraft.pumpkin_pie":2,"stat.recordPlayed":1,"stat.mineBlock.minecraft.dark_oak_fence":6,"stat.craftItem.minecraft.carpet":1812,"stat.mineBlock.minecraft.netherrack":25439,"stat.mineBlock.minecraft.dispenser":28,"stat.mineBlock.minecraft.ice":189,"stat.craftItem.minecraft.dark_oak_stairs":332,"stat.craftItem.minecraft.redstone_torch":2627,"stat.craftItem.minecraft.golden_rail":1422,"stat.useItem.minecraft.packed_ice":1536,"stat.useItem.minecraft.quartz_ore":4440,"stat.mineBlock.minecraft.gold_block":45,"stat.craftItem.minecraft.iron_hoe":5,"stat.fallOneCm":4454494,"stat.useItem.minecraft.trapped_chest":314,"stat.craftItem.minecraft.chest":1980,"stat.useItem.minecraft.nether_brick_fence":457,"stat.craftItem.minecraft.banner":64,"stat.mineBlock.minecraft.lever":94,"stat.useItem.minecraft.iron_hoe":738,"stat.dropperInspected":510,"stat.useItem.minecraft.golden_rail":2528,"stat.craftItem.minecraft.detector_rail":18,"stat.craftItem.minecraft.wooden_button":49,"stat.useItem.minecraft.furnace":221,"stat.mineBlock.minecraft.spruce_fence":32,"achievement.fullBeacon":10,"stat.mineBlock.minecraft.snow":33,"stat.mineBlock.minecraft.gravel":3226,"stat.craftItem.minecraft.birch_stairs":344,"stat.craftItem.minecraft.iron_leggings":7,"stat.mineBlock.minecraft.beacon":21,"stat.killEntity.Rabbit":4,"stat.breakItem.minecraft.diamond_axe":1,"stat.useItem.minecraft.wool":739,"stat.craftItem.minecraft.oak_stairs":16,"stat.entityKilledBy.Ghast":2,"stat.useItem.minecraft.iron_bars":1204,"stat.mineBlock.minecraft.monster_egg":3,"stat.mineBlock.minecraft.quartz_stairs":170,"stat.useItem.minecraft.torch":4472,"stat.craftItem.minecraft.redstone_block":1370,"stat.craftItem.minecraft.stone_stairs":316,"stat.useItem.minecraft.log":1129,"stat.useItem.minecraft.comparator":391,"stat.craftItem.minecraft.crafting_table":58,"stat.craftItem.minecraft.boat":6,"stat.killEntity.LavaSlime":137,"stat.mineBlock.minecraft.emerald_ore":2,"stat.useItem.minecraft.cooked_fish":64,"achievement.theEnd2":41,"stat.craftItem.minecraft.stone_button":36,"stat.mineBlock.minecraft.golden_rail":535,"stat.craftItem.minecraft.hopper_minecart":37,"stat.breakItem.minecraft.diamond_chestplate":1,"stat.breakItem.minecraft.iron_helmet":1,"stat.entityKilledBy.Enderman":2,"stat.mineBlock.minecraft.iron_block":10098,"stat.useItem.minecraft.deadbush":1,"stat.useItem.minecraft.birch_door":14,"stat.mineBlock.minecraft.tripwire_hook":34,"stat.craftItem.minecraft.snow":4,"stat.useItem.minecraft.wooden_pressure_plate":11,"stat.craftItem.minecraft.cooked_chicken":18,"stat.craftItem.minecraft.flower_pot":6,"stat.craftItem.minecraft.sugar":226,"stat.craftItem.minecraft.golden_boots":4,"stat.mineBlock.minecraft.cobblestone_wall":99,"stat.useItem.minecraft.baked_potato":531,"stat.useItem.minecraft.brewing_stand":28,"stat.useItem.minecraft.fishing_rod":128,"stat.craftItem.minecraft.enchanting_table":3,"stat.craftItem.minecraft.diamond_chestplate":15,"stat.craftItem.minecraft.leather_leggings":4,"stat.useItem.minecraft.lapis_block":69,"stat.craftItem.minecraft.sticky_piston":517,"stat.horseOneCm":603802,"stat.useItem.minecraft.repeater":1480,"stat.useItem.minecraft.log2":755,"stat.mineBlock.minecraft.slime":543,"stat.craftItem.minecraft.stone_brick_stairs":932,"stat.mineBlock.minecraft.brown_mushroom":95,"stat.useItem.minecraft.diamond_sword":7879,"stat.craftItem.minecraft.diamond_helmet":16,"stat.craftItem.minecraft.iron_trapdoor":194,"stat.swimOneCm":6384112,"stat.mineBlock.minecraft.diamond_block":2,"stat.climbOneCm":3705527,"stat.mineBlock.minecraft.spruce_stairs":65,"stat.craftItem.minecraft.gold_block":399,"stat.craftItem.minecraft.golden_chestplate":4,"stat.enderchestOpened":502,"stat.useItem.minecraft.redstone_torch":800,"stat.useItem.minecraft.dirt":10857,"achievement.exploreAllBiomes":{"value":0,"progress":["Sunflower Plains","Cold Taiga","Cold Taiga Hills","Birch Forest","Roofed Forest","MushroomIslandShore","Taiga M","The End","Mesa Plateau F M","Beach","FrozenRiver","Mesa Plateau","Extreme Hills+","River","Ocean","JungleEdge","Taiga","Mega Taiga","MushroomIsland","Swampland","Ice Mountains","Birch Forest Hills","Savanna Plateau","Mesa Plateau F","Mesa","ForestHills","Flower Forest","Plains","Ice Plains Spikes","TaigaHills","DesertHills","Stone Beach","Jungle","Ice Plains","Birch Forest Hills M","Forest","JungleHills","Desert","Extreme Hills","Savanna M","Mesa (Bryce)","Deep Ocean","Savanna","Hell"]},"stat.useItem.minecraft.iron_ore":2,"stat.useItem.minecraft.detector_rail":33,"stat.craftItem.minecraft.trapdoor":386,"stat.craftItem.minecraft.melon_block":461,"stat.mineBlock.minecraft.carpet":1343,"stat.mineBlock.minecraft.redstone_block":483,"stat.craftItem.minecraft.glass_bottle":66,"stat.useItem.minecraft.cooked_beef":1516,"stat.craftItem.minecraft.wooden_slab":4752,"stat.craftItem.minecraft.dispenser":34,"stat.craftItem.minecraft.book":135,"stat.mineBlock.minecraft.iron_ore":1034,"stat.useItem.minecraft.sign":170,"achievement.theEnd":12,"stat.useItem.minecraft.noteblock":150,"stat.craftItem.minecraft.cake":58,"stat.useItem.minecraft.lever":315,"stat.mineBlock.minecraft.coal_block":111,"achievement.spawnWither":64,"stat.useItem.minecraft.cooked_porkchop":1,"stat.mineBlock.minecraft.nether_brick":1492,"stat.craftItem.minecraft.nether_brick_fence":450,"stat.mineBlock.minecraft.red_sandstone_stairs":1,"stat.useItem.minecraft.chest_minecart":31,"stat.useItem.minecraft.sea_lantern":2297,"stat.craftItem.minecraft.snow_layer":72,"stat.useItem.minecraft.spruce_fence":20,"stat.craftItem.minecraft.chest_minecart":33,"stat.craftItem.minecraft.stick":6737,"stat.useItem.minecraft.stone_slab":16046,"stat.craftItem.minecraft.stained_hardened_clay":1880,"stat.useItem.minecraft.bed":17,"stat.craftItem.minecraft.gold_nugget":10830,"stat.craftItem.minecraft.stone":1254,"stat.craftItem.minecraft.armor_stand":70,"stat.mineBlock.minecraft.crafting_table":86,"stat.useItem.minecraft.stone_pressure_plate":24,"stat.useItem.minecraft.diamond_pickaxe":256714,"stat.mineBlock.minecraft.quartz_block":407,"stat.breakItem.minecraft.iron_hoe":2,"stat.killEntity.Endermite":89,"stat.useItem.minecraft.carrot":949,"stat.useItem.minecraft.bucket":856,"stat.breakItem.minecraft.shears":1,"achievement.buildFurnace":719,"stat.mineBlock.minecraft.planks":1371,"stat.drop":820,"stat.killEntity.Sheep":22,"stat.craftItem.minecraft.diamond_pickaxe":62,"stat.craftItem.minecraft.jukebox":8,"stat.craftItem.minecraft.piston":1059,"stat.useItem.minecraft.quartz_stairs":483,"stat.useItem.minecraft.glass_bottle":556,"stat.killEntity.Slime":446,"stat.mineBlock.minecraft.anvil":60,"stat.useItem.minecraft.diamond_axe":5417,"stat.useItem.minecraft.waterlily":61,"stat.useItem.minecraft.apple":5,"stat.useItem.minecraft.porkchop":3,"stat.useItem.minecraft.carpet":2937,"stat.useItem.minecraft.potion":257,"stat.useItem.minecraft.stained_glass_pane":630,"stat.useItem.minecraft.flower_pot":5,"stat.useItem.minecraft.piston":921,"stat.craftItem.minecraft.bread":3,"stat.useItem.minecraft.mycelium":2,"stat.useItem.minecraft.stone_button":58,"stat.craftItem.minecraft.iron_helmet":4,"stat.craftItem.minecraft.rail":1088,"stat.useItem.minecraft.cooked_chicken":342,"stat.boatOneCm":70792,"stat.mineBlock.minecraft.iron_bars":514,"stat.craftItem.minecraft.flint_and_steel":10,"stat.useItem.minecraft.redstone_lamp":898,"stat.mineBlock.minecraft.leaves2":87,"stat.mineBlock.minecraft.stone_stairs":13,"stat.craftItem.minecraft.activator_rail":90,"stat.craftItem.minecraft.iron_bars":976,"stat.mineBlock.minecraft.furnace":79,"stat.mineBlock.minecraft.mycelium":1429,"stat.dispenserInspected":465,"stat.killEntity.CaveSpider":61,"stat.craftItem.minecraft.netherbrick":772,"stat.damageDealt":1201280,"stat.craftItem.minecraft.glass":5790,"stat.craftItem.minecraft.cauldron":43,"stat.craftItem.minecraft.baked_potato":345,"stat.craftItem.minecraft.anvil":55,"stat.mineBlock.minecraft.nether_brick_stairs":252,"stat.killEntity.Cow":202,"stat.useItem.minecraft.crafting_table":117,"stat.killEntity.Pig":5,"stat.craftItem.minecraft.iron_sword":12,"stat.walkOneCm":180723327,"stat.playerKills":26,"achievement.enchantments":2,"stat.mineBlock.minecraft.trapped_chest":15,"stat.useItem.minecraft.emerald_block":76,"stat.craftItem.minecraft.writable_book":19,"stat.craftItem.minecraft.diamond_boots":21,"stat.useItem.minecraft.redstone_block":1625,"stat.useItem.minecraft.spruce_stairs":85,"stat.mineBlock.minecraft.wool":156,"stat.craftItem.minecraft.redstone":5915,"stat.mineBlock.minecraft.packed_ice":2517,"stat.useItem.minecraft.leaves":272,"stat.craftItem.minecraft.minecart":250,"stat.useItem.minecraft.cactus":15,"stat.useItem.minecraft.prismarine":395,"stat.killEntity.Skeleton":928,"stat.mineBlock.minecraft.cactus":3,"stat.killEntity.Chicken":87,"stat.mineBlock.minecraft.redstone_torch":220,"stat.useItem.minecraft.iron_block":24681,"stat.killEntity.Spider":183,"stat.mineBlock.minecraft.quartz_ore":9495,"stat.craftItem.minecraft.tnt":392,"stat.craftItem.minecraft.spruce_fence":18,"stat.craftItem.minecraft.fence":375,"stat.useItem.minecraft.golden_apple":12,"stat.breakItem.minecraft.iron_axe":6,"stat.useItem.minecraft.hopper_minecart":37,"stat.mineBlock.minecraft.leaves":2044,"stat.mineBlock.minecraft.piston":335,"stat.mineBlock.minecraft.redstone_ore":2104,"stat.craftItem.minecraft.coal_block":252,"stat.mineBlock.minecraft.hay_block":11,"stat.craftItem.minecraft.tripwire_hook":366,"stat.craftItem.minecraft.brick":18,"stat.mineBlock.minecraft.stone":151474,"stat.useItem.minecraft.sandstone":193}