{"stat.useItem.minecraft.chest":3,"stat.mineBlock.minecraft.furnace":6,"stat.craftItem.minecraft.iron_helmet":1,"stat.craftItem.minecraft.wooden_pickaxe":1,"stat.craftItem.minecraft.bed":1,"stat.killEntity.Sheep":3,"stat.useItem.minecraft.cobblestone":75,"stat.craftItem.minecraft.iron_sword":1,"stat.craftItem.minecraft.cooked_chicken":3,"stat.craftItem.minecraft.chest":2,"achievement.openInventory":98,"stat.useItem.minecraft.iron_shovel":3,"stat.damageDealt":16540,"stat.useItem.minecraft.fence":20,"stat.killEntity.Bat":3,"stat.killEntity.Cow":3,"stat.crouchOneCm":73732,"stat.breakItem.minecraft.stone_sword":1,"stat.useItem.minecraft.potato":52,"stat.mineBlock.minecraft.red_mushroom":1,"achievement.exploreAllBiomes":{"value":0,"progress":["Forest","Taiga","Flower Forest","Extreme Hills","Birch Forest","Plains","Swampland","River","ForestHills"]},"stat.useItem.minecraft.log":5,"stat.craftItem.minecraft.iron_pickaxe":4,"stat.craftItem.minecraft.iron_chestplate":1,"stat.craftItem.minecraft.furnace":3,"stat.craftItem.minecraft.torch":200,"stat.mineBlock.minecraft.log":43,"stat.breakItem.minecraft.stone_shovel":1,"stat.useItem.minecraft.cooked_mutton":2,"stat.fallOneCm":69849,"stat.flyOneCm":166934,"stat.mineBlock.minecraft.chest":1,"achievement.buildPickaxe":6,"stat.mineBlock.minecraft.torch":12,"stat.craftItem.minecraft.cooked_beef":5,"stat.mineBlock.minecraft.iron_ore":213,"stat.damageTaken":1467,"stat.useItem.minecraft.cooked_chicken":3,"stat.useItem.minecraft.torch":183,"stat.useItem.minecraft.bed":3,"stat.useItem.minecraft.stone_pickaxe":530,"stat.craftItem.minecraft.cooked_mutton":6,"stat.useItem.minecraft.water_bucket":2,"stat.craftItem.minecraft.stone_axe":1,"stat.mineBlock.minecraft.brown_mushroom":1,"stat.killEntity.Chicken":3,"stat.craftItem.minecraft.stone_pickaxe":5,"stat.mineBlock.minecraft.cobblestone":16,"stat.mineBlock.minecraft.gold_ore":35,"stat.craftItem.minecraft.ladder":54,"achievement.buildWorkBench":2,"stat.useItem.minecraft.dye":3,"stat.useItem.minecraft.furnace":8,"stat.breakItem.minecraft.stone_pickaxe":4,"stat.craftItem.minecraft.iron_leggings":1,"stat.useItem.minecraft.ladder":38,"stat.useItem.minecraft.stone_sword":143,"stat.climbOneCm":13252,"stat.useItem.minecraft.potion":2,"stat.useItem.minecraft.sapling":1,"stat.drop":15,"stat.craftItem.minecraft.iron_shovel":1,"achievement.mineWood":36,"stat.useItem.minecraft.cooked_beef":8,"stat.mineBlock.minecraft.red_flower":5,"stat.mineBlock.minecraft.crafting_table":7,"stat.craftItem.minecraft.dye":3,"stat.mineBlock.minecraft.fence":2,"stat.useItem.minecraft.cooked_porkchop":10,"stat.killEntity.Creeper":7,"stat.useItem.minecraft.crafting_table":8,"stat.playOneMinute":522658,"stat.killEntity.Rabbit":1,"stat.killEntity.Pig":5,"stat.useItem.minecraft.stone_shovel":133,"stat.killEntity.Enderman":1,"stat.leaveGame":7,"stat.diveOneCm":23326,"stat.craftItem.minecraft.iron_ingot":51,"achievement.buildBetterPickaxe":6,"stat.killEntity.Spider":4,"stat.killEntity.Slime":1,"stat.mineBlock.minecraft.sapling":1,"stat.timeSinceDeath":240724,"stat.craftItem.minecraft.stone_shovel":1,"stat.mineBlock.minecraft.leaves":13,"stat.craftItem.minecraft.stick":228,"stat.craftItem.minecraft.bucket":1,"stat.swimOneCm":41517,"stat.killEntity.Skeleton":21,"stat.craftItem.minecraft.baked_potato":33,"stat.walkOneCm":1101110,"stat.mineBlock.minecraft.coal_ore":176,"stat.mineBlock.minecraft.lapis_ore":10,"stat.jump":2895,"stat.killEntity.Witch":1,"stat.mineBlock.minecraft.tallgrass":9,"stat.craftItem.minecraft.stone_sword":2,"stat.breakItem.minecraft.iron_pickaxe":2,"stat.useItem.minecraft.iron_sword":108,"stat.deaths":1,"stat.useItem.minecraft.stone_axe":56,"stat.mineBlock.minecraft.gravel":28,"stat.craftItem.minecraft.crafting_table":2,"stat.mobKills":75,"stat.mineBlock.minecraft.stone":662,"stat.useItem.minecraft.bucket":3,"stat.craftItem.minecraft.planks":148,"stat.killEntity.Zombie":18,"stat.mineBlock.minecraft.redstone_ore":31,"stat.chestOpened":1,"stat.mineBlock.minecraft.dirt":147,"stat.useItem.minecraft.wooden_pickaxe":21,"stat.useItem.minecraft.iron_pickaxe":601,"stat.useItem.minecraft.carrot":26,"stat.craftItem.minecraft.iron_boots":1,"stat.sprintOneCm":175183,"stat.useItem.minecraft.dirt":147}