{"stats":{"minecraft:custom":{"minecraft:interact_with_furnace":16,"minecraft:mob_kills":26,"minecraft:interact_with_crafting_table":15,"minecraft:play_one_minute":442484,"minecraft:open_shulker_box":8,"minecraft:leave_game":35,"minecraft:time_since_death":89135,"minecraft:climb_one_cm":1889,"minecraft:time_since_rest":89163,"minecraft:sprint_one_cm":372367,"minecraft:damage_taken":1714,"minecraft:walk_one_cm":227602,"minecraft:drop":43,"minecraft:damage_dealt":2225,"minecraft:swim_one_cm":25563,"minecraft:talked_to_villager":1,"minecraft:fly_one_cm":342656,"minecraft:open_chest":16,"minecraft:crouch_one_cm":16919,"minecraft:sneak_time":10784,"minecraft:deaths":6,"minecraft:walk_under_water_one_cm":75823,"minecraft:boat_one_cm":225179,"minecraft:aviate_one_cm":461672,"minecraft:jump":942,"minecraft:walk_on_water_one_cm":39941,"minecraft:fall_one_cm":14540},"minecraft:killed_by":{"minecraft:skeleton":1,"minecraft:creeper":1,"minecraft:drowned":1},"minecraft:dropped":{"minecraft:stone_axe":2,"minecraft:birch_planks":5,"minecraft:player_head":2,"minecraft:cooked_beef":4,"minecraft:stone_sword":2,"minecraft:birch_sapling":8,"minecraft:diamond_leggings":1,"minecraft:feather":7,"minecraft:rotten_flesh":3,"minecraft:leather":8,"minecraft:name_tag":2,"minecraft:elytra":1,"minecraft:stick":31,"minecraft:diamond_sword":1,"minecraft:dirt":2,"minecraft:oak_boat":1,"minecraft:oak_sapling":30,"minecraft:diamond_helmet":1,"minecraft:leather_leggings":2,"minecraft:diamond_boots":1,"minecraft:sandstone":5,"minecraft:sand":1,"minecraft:arrow":5,"minecraft:bow":1,"minecraft:stone_pickaxe":1,"minecraft:wooden_pickaxe":1,"minecraft:written_book":2,"minecraft:white_wool":4,"minecraft:netherrack":1,"minecraft:brick":161,"minecraft:bone":2,"minecraft:egg":30},"minecraft:crafted":{"minecraft:cooked_beef":14,"minecraft:oak_planks":72,"minecraft:cooked_porkchop":8,"minecraft:crafting_table":1,"minecraft:wooden_pickaxe":1,"minecraft:baked_potato":64,"minecraft:cooked_chicken":8,"minecraft:iron_sword":1,"minecraft:furnace":1,"minecraft:birch_planks":80,"minecraft:stone_axe":2,"minecraft:cooked_mutton":2,"minecraft:air":0,"minecraft:oak_boat":2,"minecraft:iron_chestplate":1,"minecraft:iron_boots":1,"minecraft:charcoal":23,"minecraft:shield":1,"minecraft:iron_axe":1,"minecraft:stick":48,"minecraft:iron_pickaxe":1,"minecraft:stone_pickaxe":1,"minecraft:stone_sword":1,"minecraft:iron_shovel":1},"minecraft:used":{"minecraft:stone_sword":34,"minecraft:birch_planks":5,"minecraft:stone_pickaxe":29,"minecraft:wooden_pickaxe":18,"minecraft:cooked_chicken":3,"minecraft:sand":2,"minecraft:dirt":17,"minecraft:crafting_table":2,"minecraft:firework_rocket":1,"minecraft:iron_pickaxe":2,"minecraft:stone_axe":110,"minecraft:cobblestone":6,"minecraft:furnace":2,"minecraft:cooked_cod":2,"minecraft:birch_log":2,"minecraft:egg":1,"minecraft:oak_boat":2,"minecraft:cooked_beef":5},"minecraft:killed":{"minecraft:pig":4,"minecraft:sheep":2,"minecraft:skeleton":3,"minecraft:zombie":3,"minecraft:chicken":8,"minecraft:cow":6},"minecraft:picked_up":{"minecraft:birch_log":29,"minecraft:charcoal":13,"minecraft:iron_chestplate":1,"minecraft:crafting_table":7,"minecraft:feather":14,"minecraft:cooked_beef":21,"minecraft:chicken":8,"minecraft:leather_leggings":5,"minecraft:leather":16,"minecraft:diamond_sword":1,"minecraft:wooden_pickaxe":2,"minecraft:birch_planks":48,"minecraft:oak_log":95,"minecraft:brick":483,"minecraft:shield":1,"minecraft:dirt":39,"minecraft:elytra":1,"minecraft:iron_axe":1,"minecraft:name_tag":5,"minecraft:cooked_mutton":2,"minecraft:sign":1,"minecraft:iron_shovel":1,"minecraft:bone":9,"minecraft:apple":8,"minecraft:bow":1,"minecraft:diamond_leggings":1,"minecraft:iron_ingot":106,"minecraft:beef":14,"minecraft:stone_pickaxe":2,"minecraft:cooked_chicken":8,"minecraft:oak_boat":1,"minecraft:written_book":2,"minecraft:player_head":6,"minecraft:iron_pickaxe":1,"minecraft:diamond_helmet":1,"minecraft:oak_planks":2,"minecraft:birch_sapling":19,"minecraft:iron_sword":1,"minecraft:iron_boots":1,"minecraft:egg":46,"minecraft:furnace":1,"minecraft:stick":27,"minecraft:sandstone":10,"minecraft:cooked_porkchop":8,"minecraft:porkchop":8,"minecraft:sand":4,"minecraft:stone_sword":3,"minecraft:arrow":12,"minecraft:rotten_flesh":3,"minecraft:stone_axe":2,"minecraft:diamond_boots":1,"minecraft:baked_potato":64,"minecraft:oak_sapling":69,"minecraft:netherrack":1,"minecraft:mutton":2,"minecraft:white_wool":6,"minecraft:cobblestone":59},"minecraft:mined":{"minecraft:wall_sign":1,"minecraft:crafting_table":4,"minecraft:grass_block":3,"minecraft:cobblestone":5,"minecraft:sandstone":5,"minecraft:furnace":1,"minecraft:birch_log":29,"minecraft:birch_leaves":4,"minecraft:oak_log":60,"minecraft:sand":2,"minecraft:dirt":16,"minecraft:stone":28,"minecraft:netherrack":1,"minecraft:oak_leaves":73}},"DataVersion":1631}