{"stats":{"minecraft:used":{"minecraft:jack_o_lantern":22,"minecraft:writable_book":54,"minecraft:dispenser":5,"minecraft:spruce_slab":238,"minecraft:oak_sign":19,"minecraft:white_concrete_powder":344,"minecraft:chest":8,"minecraft:nether_wart":8,"minecraft:iron_sword":55,"minecraft:stone":207,"minecraft:purple_shulker_box":6,"minecraft:white_shulker_box":6,"minecraft:quartz_stairs":34,"minecraft:player_head":8,"minecraft:spruce_leaves":200,"minecraft:obsidian":158,"minecraft:glass":1388,"minecraft:spruce_boat":2,"minecraft:lava_bucket":8,"minecraft:coal_ore":28,"minecraft:lime_banner":4,"minecraft:spruce_wood":16,"minecraft:grass_block":13,"minecraft:lantern":62,"minecraft:dark_oak_wood":49,"minecraft:dark_oak_slab":1,"minecraft:stone_bricks":153,"minecraft:blue_banner":6,"minecraft:item_frame":3,"minecraft:bow":26,"minecraft:dark_oak_boat":4,"minecraft:written_book":2123,"minecraft:scaffolding":10,"minecraft:blue_shulker_box":31,"minecraft:furnace":32,"minecraft:gray_banner":5,"minecraft:magenta_shulker_box":15,"minecraft:dark_oak_stairs":1,"minecraft:diorite":85,"minecraft:end_stone_bricks":104,"minecraft:end_rod":80,"minecraft:spruce_door":4,"minecraft:acacia_trapdoor":32,"minecraft:ender_pearl":1,"minecraft:wooden_pickaxe":1,"minecraft:sandstone":5,"minecraft:end_stone_brick_slab":8,"minecraft:diamond_axe":2385,"minecraft:jungle_boat":1,"minecraft:white_wool":1,"minecraft:dark_oak_trapdoor":4,"minecraft:sand":104,"minecraft:loom":2,"minecraft:gray_concrete":34,"minecraft:black_concrete_powder":221,"minecraft:shears":474,"minecraft:redstone_torch":5,"minecraft:sticky_piston":2,"minecraft:green_concrete":8,"minecraft:black_concrete":120,"minecraft:firework_rocket":8,"minecraft:dark_oak_log":35,"minecraft:cyan_carpet":32,"minecraft:string":8,"minecraft:lectern":5,"minecraft:gravel":37,"minecraft:jungle_sign":15,"minecraft:diamond_sword":564,"minecraft:coal_block":253,"minecraft:pufferfish_bucket":1,"minecraft:dark_oak_fence":128,"minecraft:white_stained_glass":259,"minecraft:andesite":176,"minecraft:oak_boat":2,"minecraft:white_concrete":100,"minecraft:bone_meal":368,"minecraft:oak_fence":92,"minecraft:iron_bars":43,"minecraft:flint_and_steel":13,"minecraft:armor_stand":151,"minecraft:redstone":27,"minecraft:spruce_planks":456,"minecraft:ender_chest":16,"minecraft:brown_shulker_box":6,"minecraft:cooked_chicken":15,"minecraft:torch":239,"minecraft:light_gray_shulker_box":16,"minecraft:brewing_stand":4,"minecraft:anvil":3,"minecraft:dirt":338,"minecraft:white_carpet":1,"minecraft:spruce_stairs":126,"minecraft:cobblestone_wall":62,"minecraft:stone_stairs":1,"minecraft:shulker_box":93,"minecraft:granite":6,"minecraft:purple_banner":4,"minecraft:red_shulker_box":59,"minecraft:bookshelf":3,"minecraft:yellow_stained_glass":17,"minecraft:iron_block":2,"minecraft:oak_stairs":2,"minecraft:barrel":11,"minecraft:tripwire_hook":5,"minecraft:black_stained_glass":704,"minecraft:lime_stained_glass":1192,"minecraft:white_stained_glass_pane":62,"minecraft:cyan_banner":8,"minecraft:cooked_beef":123,"minecraft:wheat_seeds":355,"minecraft:acacia_boat":1,"minecraft:water_bucket":184,"minecraft:light_blue_shulker_box":21,"minecraft:sandstone_stairs":12,"minecraft:glass_bottle":3,"minecraft:yellow_shulker_box":20,"minecraft:polished_andesite":6,"minecraft:smooth_sandstone_slab":1,"minecraft:pink_banner":7,"minecraft:red_mushroom_block":20,"minecraft:black_shulker_box":90,"minecraft:cracked_stone_bricks":3,"minecraft:tnt":279,"minecraft:vine":19,"minecraft:comparator":11,"minecraft:crafting_table":15,"minecraft:oak_slab":255,"minecraft:birch_sign":1,"minecraft:white_bed":8,"minecraft:campfire":2,"minecraft:dark_oak_fence_gate":5,"minecraft:painting":26,"minecraft:spruce_log":240,"minecraft:oak_log":211,"minecraft:diamond_pickaxe":11069,"minecraft:diamond_shovel":1708,"minecraft:spruce_trapdoor":214,"minecraft:spruce_sapling":76,"minecraft:magenta_banner":8,"minecraft:blue_carpet":10,"minecraft:cobblestone":1416,"minecraft:potion":4,"minecraft:purple_bed":1,"minecraft:white_banner":6,"minecraft:bucket":202,"minecraft:lapis_block":4,"minecraft:sea_pickle":41,"minecraft:stripped_oak_log":3,"minecraft:gray_wool":14,"minecraft:smooth_stone":7},"minecraft:crafted":{"minecraft:lime_stained_glass":896,"minecraft:black_dye":2,"minecraft:smooth_stone":225,"minecraft:oak_planks":356,"minecraft:barrel":4,"minecraft:oak_sign":12,"minecraft:magenta_banner":10,"minecraft:dark_oak_wood":51,"minecraft:blaze_powder":4,"minecraft:loom":2,"minecraft:bookshelf":1,"minecraft:flower_banner_pattern":1,"minecraft:iron_bars":32,"minecraft:green_dye":512,"minecraft:quartz_block":28,"minecraft:glass":1577,"minecraft:iron_boots":2,"minecraft:chest":3,"minecraft:cyan_banner":10,"minecraft:stone_bricks":64,"minecraft:oak_fence":78,"minecraft:golden_boots":1,"minecraft:white_banner":7,"minecraft:glass_bottle":3,"minecraft:quartz_stairs":16,"minecraft:oak_slab":256,"minecraft:item_frame":3,"minecraft:emerald":189,"minecraft:crafting_table":4,"minecraft:spruce_planks":1912,"minecraft:wooden_pickaxe":1,"minecraft:iron_helmet":2,"minecraft:lime_banner":10,"minecraft:spruce_door":3,"minecraft:purple_banner":10,"minecraft:sticky_piston":1,"minecraft:birch_planks":72,"minecraft:white_stained_glass_pane":64,"minecraft:yellow_stained_glass":8,"minecraft:end_stone_brick_slab":18,"minecraft:spruce_trapdoor":176,"minecraft:lectern":1,"minecraft:dark_oak_slab":6,"minecraft:charcoal":116,"minecraft:iron_chestplate":1,"minecraft:paper":3,"minecraft:golden_leggings":1,"minecraft:stick":1708,"minecraft:iron_ingot":36,"minecraft:leather_chestplate":30,"minecraft:iron_block":3,"minecraft:gold_ingot":9,"minecraft:cyan_carpet":27,"minecraft:light_gray_carpet":3,"minecraft:dark_oak_fence_gate":2,"minecraft:shears":3,"minecraft:sandstone_stairs":16,"minecraft:redstone":18,"minecraft:coal":45,"minecraft:tripwire_hook":32,"minecraft:smooth_stone_slab":194,"minecraft:leather_leggings":33,"minecraft:leather_boots":28,"minecraft:player_head":91,"minecraft:furnace":9,"minecraft:piston":1,"minecraft:dark_oak_trapdoor":6,"minecraft:jack_o_lantern":27,"minecraft:bone_meal":576,"minecraft:flint_and_steel":1,"minecraft:spruce_stairs":272,"minecraft:dark_oak_fence":54,"minecraft:white_concrete_powder":384,"minecraft:iron_axe":1,"minecraft:spruce_wood":48,"minecraft:spruce_slab":270,"minecraft:blue_banner":10,"minecraft:lime_dye":112,"minecraft:cobblestone_wall":150,"minecraft:spruce_boat":1,"minecraft:gray_banner":16,"minecraft:redstone_block":7,"minecraft:dark_oak_planks":76,"minecraft:golden_helmet":1,"minecraft:coal_block":88,"minecraft:diamond_sword":1,"minecraft:pink_concrete_powder":8,"minecraft:iron_sword":1,"minecraft:bucket":10,"minecraft:white_stained_glass":264,"minecraft:enchanted_book":6,"minecraft:acacia_boat":1,"minecraft:air":0,"minecraft:blue_dye":18,"minecraft:white_wool":42,"minecraft:white_dye":158,"minecraft:oak_stairs":8,"minecraft:writable_book":7,"minecraft:iron_leggings":2,"minecraft:armor_stand":239,"minecraft:anvil":1,"minecraft:pink_banner":10,"minecraft:torch":196,"minecraft:lapis_lazuli":9,"minecraft:lapis_block":22},"minecraft:killed_by":{"minecraft:zombie":1},"minecraft:picked_up":{"minecraft:wheat":355,"minecraft:ender_chest":15,"minecraft:light_gray_shulker_box":16,"minecraft:anvil":1,"minecraft:potion":7,"minecraft:purple_shulker_box":6,"minecraft:brewing_stand":5,"minecraft:lapis_block":2,"minecraft:string":3,"minecraft:sticky_piston":1,"minecraft:armor_stand":46,"minecraft:pufferfish":2,"minecraft:purple_banner":1,"minecraft:oak_sign":12,"minecraft:smooth_stone":39,"minecraft:black_shulker_box":90,"minecraft:comparator":9,"minecraft:spruce_planks":284,"minecraft:redstone_torch":4,"minecraft:written_book":1,"minecraft:flower_banner_pattern":1,"minecraft:coal_block":3,"minecraft:furnace":31,"minecraft:blue_wool":4,"minecraft:stick":79,"minecraft:torch":66,"minecraft:spruce_stairs":26,"minecraft:diorite":236,"minecraft:vine":25,"minecraft:rotten_flesh":89,"minecraft:iron_block":1,"minecraft:brown_shulker_box":6,"minecraft:blue_dye":1,"minecraft:end_rod":12,"minecraft:cod":78,"minecraft:obsidian":141,"minecraft:iron_bars":3,"minecraft:blaze_powder":6,"minecraft:cobblestone":5433,"minecraft:leather_chestplate":12,"minecraft:cooked_beef":2,"minecraft:water_bucket":2,"minecraft:andesite":382,"minecraft:dark_oak_boat":7,"minecraft:flint":5,"minecraft:acacia_boat":2,"minecraft:lapis_lazuli":248,"minecraft:pink_concrete_powder":1,"minecraft:dirt":622,"minecraft:lantern":16,"minecraft:leather_boots":14,"minecraft:glass":93,"minecraft:bone":41,"minecraft:bow":4,"minecraft:wheat_seeds":962,"minecraft:pink_banner":2,"minecraft:oak_planks":47,"minecraft:sand":1447,"minecraft:light_blue_shulker_box":21,"minecraft:stripped_spruce_log":1,"minecraft:loom":2,"minecraft:dark_oak_log":11,"minecraft:barrel":7,"minecraft:shulker_box":93,"minecraft:spruce_boat":1,"minecraft:polished_andesite":9,"minecraft:dispenser":1,"minecraft:black_concrete_powder":2,"minecraft:yellow_carpet":1,"minecraft:green_concrete":8,"minecraft:diamond":133,"minecraft:black_concrete":1,"minecraft:writable_book":2,"minecraft:granite":208,"minecraft:bone_meal":45,"minecraft:white_concrete":119,"minecraft:blue_banner":1,"minecraft:oak_sapling":4,"minecraft:dark_oak_fence":18,"minecraft:end_stone_bricks":52,"minecraft:spruce_leaves":480,"minecraft:charcoal":64,"minecraft:crafting_table":13,"minecraft:sandstone_slab":3,"minecraft:nether_wart":23,"minecraft:leather_leggings":12,"minecraft:brown_mushroom":3,"minecraft:wooden_pickaxe":1,"minecraft:gold_block":1,"minecraft:stone_stairs":1,"minecraft:white_stained_glass":38,"minecraft:white_carpet":1,"minecraft:cyan_carpet":10,"minecraft:cracked_stone_bricks":7,"minecraft:beef":803,"minecraft:oak_boat":2,"minecraft:player_head":29,"minecraft:spruce_slab":19,"minecraft:lectern":2,"minecraft:quartz_stairs":16,"minecraft:blue_shulker_box":31,"minecraft:chest":3,"minecraft:spruce_trapdoor":20,"minecraft:black_stained_glass":62,"minecraft:sandstone":5,"minecraft:stone":380,"minecraft:cookie":14,"minecraft:magenta_shulker_box":15,"minecraft:redstone":94,"minecraft:blue_carpet":12,"minecraft:jungle_sign":33,"minecraft:smooth_sandstone_slab":1,"minecraft:tnt":13,"minecraft:arrow":18,"minecraft:red_shulker_box":59,"minecraft:sandstone_stairs":6,"minecraft:black_banner":1,"minecraft:gold_ingot":1,"minecraft:white_shulker_box":6,"minecraft:white_wool":2,"minecraft:lime_stained_glass":24,"minecraft:oxeye_daisy":4,"minecraft:stripped_oak_log":12,"minecraft:yellow_shulker_box":20,"minecraft:magenta_banner":2,"minecraft:leather":486,"minecraft:red_mushroom":7,"minecraft:oak_log":111,"minecraft:golden_boots":2,"minecraft:cobblestone_wall":13,"minecraft:nether_wart_block":1,"minecraft:gunpowder":4,"minecraft:paper":6,"minecraft:birch_pressure_plate":1,"minecraft:apple":1,"minecraft:stone_bricks":73,"minecraft:kelp":68,"minecraft:acacia_trapdoor":16,"minecraft:iron_ore":248,"minecraft:dark_oak_stairs":1,"minecraft:book":9,"minecraft:scaffolding":10,"minecraft:oak_slab":99,"minecraft:white_stained_glass_pane":2,"minecraft:emerald_block":2,"minecraft:gravel":68,"minecraft:spruce_sapling":145,"minecraft:white_bed":7,"minecraft:spruce_log":1672,"minecraft:gold_ore":67,"minecraft:dark_oak_fence_gate":3,"minecraft:spruce_door":2,"minecraft:leather_helmet":8,"minecraft:cyan_banner":3,"minecraft:white_concrete_powder":13,"minecraft:campfire":1,"minecraft:painting":27,"minecraft:birch_sign":1,"minecraft:gray_wool":12,"minecraft:dark_oak_wood":20,"minecraft:coal":956,"minecraft:ender_pearl":1},"minecraft:mined":{"minecraft:black_shulker_box":90,"minecraft:blue_carpet":6,"minecraft:spruce_planks":283,"minecraft:red_shulker_box":59,"minecraft:white_bed":7,"minecraft:obsidian":141,"minecraft:brewing_stand":5,"minecraft:spruce_trapdoor":20,"minecraft:granite":315,"minecraft:grass_block":84,"minecraft:white_concrete":119,"minecraft:coal_block":3,"minecraft:lime_stained_glass":26,"minecraft:green_concrete":2,"minecraft:oxeye_daisy":4,"minecraft:oak_wall_sign":3,"minecraft:nether_wart":8,"minecraft:sandstone_stairs":5,"minecraft:smooth_stone":7,"minecraft:iron_ore":256,"minecraft:barrel":7,"minecraft:cyan_wall_banner":3,"minecraft:anvil":1,"minecraft:dark_oak_stairs":1,"minecraft:oak_sign":1,"minecraft:iron_bars":3,"minecraft:smooth_sandstone_stairs":1,"minecraft:white_shulker_box":6,"minecraft:spruce_wood":1,"minecraft:end_stone_bricks":52,"minecraft:iron_block":1,"minecraft:player_head":2,"minecraft:spruce_slab":15,"minecraft:tripwire":6,"minecraft:piston_head":1,"minecraft:brown_shulker_box":6,"minecraft:sandstone_slab":3,"minecraft:blue_wall_banner":1,"minecraft:magenta_wall_banner":2,"minecraft:kelp_plant":11,"minecraft:player_wall_head":2,"minecraft:torch":27,"minecraft:dark_oak_wood":20,"minecraft:chest":3,"minecraft:white_stained_glass_pane":2,"minecraft:dead_bush":1,"minecraft:glass":14,"minecraft:cobblestone":951,"minecraft:smooth_sandstone_slab":1,"minecraft:wall_torch":11,"minecraft:magenta_shulker_box":15,"minecraft:seagrass":1,"minecraft:black_concrete_powder":2,"minecraft:lapis_block":2,"minecraft:wheat":355,"minecraft:tnt":14,"minecraft:oak_log":116,"minecraft:loom":2,"minecraft:sand":1329,"minecraft:dirt":285,"minecraft:blue_shulker_box":31,"minecraft:tripwire_hook":1,"minecraft:red_mushroom_block":20,"minecraft:dispenser":1,"minecraft:yellow_stained_glass":1,"minecraft:oak_leaves":8,"minecraft:diamond_ore":54,"minecraft:quartz_stairs":16,"minecraft:dark_oak_log":11,"minecraft:shulker_box":93,"minecraft:dark_oak_fence":18,"minecraft:black_banner":1,"minecraft:white_stained_glass":43,"minecraft:redstone_wire":13,"minecraft:spruce_leaves":845,"minecraft:kelp":1,"minecraft:sandstone":5,"minecraft:white_concrete_powder":14,"minecraft:redstone_ore":24,"minecraft:spruce_sapling":4,"minecraft:furnace":31,"minecraft:acacia_trapdoor":16,"minecraft:andesite":435,"minecraft:light_gray_shulker_box":16,"minecraft:dark_oak_fence_gate":3,"minecraft:stripped_spruce_log":1,"minecraft:black_concrete":1,"minecraft:bookshelf":3,"minecraft:vine":20,"minecraft:lantern":13,"minecraft:stripped_oak_log":13,"minecraft:stone":7097,"minecraft:yellow_shulker_box":20,"minecraft:white_wool":1,"minecraft:ender_chest":15,"minecraft:redstone_wall_torch":3,"minecraft:podzol":271,"minecraft:oak_slab":97,"minecraft:scaffolding":8,"minecraft:light_blue_shulker_box":21,"minecraft:comparator":9,"minecraft:polished_granite":1,"minecraft:crafting_table":13,"minecraft:purple_wall_banner":1,"minecraft:lectern":2,"minecraft:campfire":1,"minecraft:lapis_ore":16,"minecraft:diorite":312,"minecraft:spruce_stairs":28,"minecraft:gray_wool":14,"minecraft:black_stained_glass":82,"minecraft:cobblestone_wall":14,"minecraft:redstone_torch":1,"minecraft:pink_wall_banner":2,"minecraft:spruce_log":1587,"minecraft:birch_leaves":5,"minecraft:coal_ore":449,"minecraft:cyan_carpet":10,"minecraft:end_rod":7,"minecraft:gravel":88,"minecraft:purple_shulker_box":6,"minecraft:cracked_stone_bricks":7,"minecraft:polished_andesite":12,"minecraft:stone_bricks":72,"minecraft:gold_ore":67,"minecraft:jungle_wall_sign":1,"minecraft:infested_stone":2},"minecraft:killed":{"minecraft:cod":87,"minecraft:skeleton":264,"minecraft:silverfish":1,"minecraft:creeper":4,"minecraft:zombie":13,"minecraft:cow":184,"minecraft:drowned":9},"minecraft:dropped":{"minecraft:acacia_boat":1,"minecraft:sandstone_stairs":1,"minecraft:spruce_leaves":97,"minecraft:flint":8,"minecraft:dirt":81,"minecraft:jungle_sign":16,"minecraft:sand":1,"minecraft:dark_oak_boat":1,"minecraft:gravel":2,"minecraft:gray_banner":3,"minecraft:blue_wool":4,"minecraft:rotten_flesh":78,"minecraft:leather_boots":2,"minecraft:arrow":1,"minecraft:end_stone_bricks":1,"minecraft:beef":146,"minecraft:written_book":1,"minecraft:vine":6,"minecraft:cobblestone":686,"minecraft:granite":16,"minecraft:lava_bucket":1,"minecraft:diorite":39,"minecraft:torch":1,"minecraft:potion":3,"minecraft:white_banner":1,"minecraft:paper":2,"minecraft:redstone":2,"minecraft:kelp":4,"minecraft:birch_pressure_plate":1,"minecraft:stripped_oak_log":1,"minecraft:spruce_log":91},"minecraft:custom":{"minecraft:animals_bred":188,"minecraft:interact_with_crafting_table":153,"minecraft:open_barrel":336,"minecraft:open_shulker_box":3303,"minecraft:leave_game":79,"minecraft:time_since_death":15787,"minecraft:damage_resisted":79,"minecraft:sprint_one_cm":3455944,"minecraft:drop":66,"minecraft:talked_to_villager":79,"minecraft:deaths":2,"minecraft:interact_with_brewingstand":10,"minecraft:jump":10737,"minecraft:walk_on_water_one_cm":201435,"minecraft:interact_with_furnace":202,"minecraft:traded_with_villager":87,"minecraft:play_one_minute":2369599,"minecraft:interact_with_loom":29,"minecraft:sleep_in_bed":79,"minecraft:open_enderchest":166,"minecraft:damage_dealt":37885,"minecraft:crouch_one_cm":656108,"minecraft:interact_with_smoker":1,"minecraft:inspect_dispenser":18,"minecraft:horse_one_cm":2064,"minecraft:inspect_dropper":3,"minecraft:mob_kills":562,"minecraft:climb_one_cm":96530,"minecraft:walk_one_cm":6267451,"minecraft:sneak_time":229983,"minecraft:walk_under_water_one_cm":288107,"minecraft:boat_one_cm":1187093,"minecraft:interact_with_lectern":58,"minecraft:time_since_rest":16009,"minecraft:damage_taken":5861,"minecraft:trigger_trapped_chest":13,"minecraft:minecart_one_cm":254,"minecraft:swim_one_cm":531596,"minecraft:fly_one_cm":931356,"minecraft:open_chest":251,"minecraft:aviate_one_cm":17369340,"minecraft:fall_one_cm":116001},"minecraft:broken":{"minecraft:shears":1}},"DataVersion":1976}