{"stats":{"minecraft:custom":{"minecraft:interact_with_crafting_table":9760,"minecraft:damage_blocked_by_shield":1225,"minecraft:deaths":90,"minecraft:jump":626110,"minecraft:play_record":14,"minecraft:interact_with_cartography_table":6,"minecraft:interact_with_smoker":39,"minecraft:inspect_dispenser":1706,"minecraft:horse_one_cm":219724,"minecraft:inspect_dropper":1624,"minecraft:inspect_hopper":4853,"minecraft:tune_noteblock":2717034,"minecraft:time_since_rest":14394,"minecraft:swim_one_cm":15594232,"minecraft:open_chest":32516,"minecraft:open_shulker_box":99721,"minecraft:clean_banner":90,"minecraft:damage_resisted":34831,"minecraft:play_noteblock":70,"minecraft:talked_to_villager":557,"minecraft:interact_with_brewingstand":363,"minecraft:interact_with_beacon":121,"minecraft:fill_cauldron":129,"minecraft:raid_win":7664,"minecraft:boat_one_cm":42662876,"minecraft:damage_taken":422282,"minecraft:aviate_one_cm":655070402,"minecraft:open_barrel":3932,"minecraft:bell_ring":195,"minecraft:eat_cake_slice":6,"minecraft:leave_game":3147,"minecraft:time_since_death":345629,"minecraft:enchant_item":156,"minecraft:interact_with_furnace":6186,"minecraft:traded_with_villager":914,"minecraft:sleep_in_bed":2977,"minecraft:damage_dealt":3898718,"minecraft:use_cauldron":1,"minecraft:damage_dealt_absorbed":80,"minecraft:sneak_time":8088150,"minecraft:interact_with_lectern":148,"minecraft:interact_with_blast_furnace":6,"minecraft:interact_with_stonecutter":1,"minecraft:fly_one_cm":89503713,"minecraft:fish_caught":17740,"minecraft:fall_one_cm":16531448,"minecraft:animals_bred":2172,"minecraft:sprint_one_cm":210907051,"minecraft:drop":18403,"minecraft:walk_on_water_one_cm":20927987,"minecraft:play_one_minute":220188624,"minecraft:interact_with_loom":71,"minecraft:open_enderchest":13491,"minecraft:player_kills":2,"minecraft:crouch_one_cm":28096436,"minecraft:mob_kills":626513,"minecraft:climb_one_cm":10000793,"minecraft:walk_one_cm":262017961,"minecraft:clean_shulker_box":51,"minecraft:walk_under_water_one_cm":32197377,"minecraft:raid_trigger":7813,"minecraft:pot_flower":48,"minecraft:damage_absorbed":548,"minecraft:trigger_trapped_chest":28,"minecraft:minecart_one_cm":213493778},"minecraft:dropped":{"minecraft:iron_sword":11,"minecraft:porkchop":156,"minecraft:lapis_lazuli":13,"minecraft:chorus_fruit":35,"minecraft:glass_bottle":822,"minecraft:diamond":813,"minecraft:crafting_table":27,"minecraft:cooked_porkchop":5,"minecraft:dark_oak_slab":60,"minecraft:cracked_stone_bricks":40,"minecraft:red_mushroom":18,"minecraft:emerald":159,"minecraft:gold_block":86,"minecraft:gray_concrete":132,"minecraft:dark_oak_fence":111,"minecraft:black_stained_glass_pane":1,"minecraft:conduit":2,"minecraft:dark_oak_trapdoor":14,"minecraft:gold_nugget":3498,"minecraft:writable_book":1,"minecraft:sand":2671,"minecraft:dark_oak_planks":380,"minecraft:fishing_rod":298,"minecraft:white_wool":7,"minecraft:birch_stairs":32,"minecraft:dark_oak_door":2,"minecraft:stone_axe":2,"minecraft:compass":3,"minecraft:lever":32,"minecraft:diamond_block":255,"minecraft:iron_nugget":65,"minecraft:cooked_chicken":16,"minecraft:black_carpet":13,"minecraft:wheat":95,"minecraft:obsidian":211,"minecraft:stripped_dark_oak_log":9,"minecraft:rotten_flesh":2073,"minecraft:oak_planks":115,"minecraft:birch_wood":2,"minecraft:glowstone_dust":183,"minecraft:nether_brick_fence":4,"minecraft:azure_bluet":16,"minecraft:red_mushroom_block":886,"minecraft:sea_lantern":531,"minecraft:orange_banner":1,"minecraft:coal_ore":385,"minecraft:leather_boots":170,"minecraft:acacia_sapling":101,"minecraft:leather_leggings":54,"minecraft:glass":776,"minecraft:beef":6639,"minecraft:podzol":58,"minecraft:stone_brick_stairs":16,"minecraft:acacia_fence":1,"minecraft:golden_boots":87,"minecraft:orange_shulker_box":4,"minecraft:black_dye":96,"minecraft:wheat_seeds":4947,"minecraft:smooth_quartz_stairs":2,"minecraft:light_gray_stained_glass_pane":7,"minecraft:prismarine_crystals":8001,"minecraft:book":3,"minecraft:red_stained_glass":41,"minecraft:golden_apple":6,"minecraft:coal_block":30,"minecraft:dark_oak_leaves":9,"minecraft:brown_concrete_powder":1,"minecraft:gray_wool":1,"minecraft:ink_sac":195,"minecraft:wooden_axe":1,"minecraft:cooked_salmon":9,"minecraft:lapis_ore":4,"minecraft:potion":239,"minecraft:stripped_birch_log":12,"minecraft:oak_stairs":1,"minecraft:pumpkin":8,"minecraft:white_banner":2215,"minecraft:smooth_sandstone_slab":3,"minecraft:jungle_boat":2,"minecraft:red_dye":49,"minecraft:smooth_stone":4,"minecraft:chainmail_leggings":28,"minecraft:smooth_sandstone":117,"minecraft:lily_pad":82,"minecraft:blue_carpet":179,"minecraft:acacia_planks":15,"minecraft:stone_brick_slab":641,"minecraft:snow_block":126,"minecraft:yellow_concrete_powder":2,"minecraft:green_terracotta":1,"minecraft:player_head":220,"minecraft:cocoa_beans":295,"minecraft:stone_shovel":2,"minecraft:red_banner":9,"minecraft:white_carpet":7,"minecraft:clay_ball":4,"minecraft:iron_boots":4,"minecraft:damaged_anvil":1,"minecraft:name_tag":51,"minecraft:light_gray_concrete":73,"minecraft:white_terracotta":166,"minecraft:white_shulker_box":1,"minecraft:oak_sign":84,"minecraft:shears":117,"minecraft:diamond_sword":13,"minecraft:cyan_wool":64,"minecraft:spruce_boat":10,"minecraft:flower_pot":3,"minecraft:sea_pickle":67,"minecraft:peony":28,"minecraft:spruce_trapdoor":4,"minecraft:spruce_planks":165,"minecraft:diamond_pickaxe":29,"minecraft:light_blue_carpet":3,"minecraft:redstone_torch":22,"minecraft:brown_bed":10,"minecraft:stone_pressure_plate":31,"minecraft:stone_bricks":265,"minecraft:bamboo":768,"minecraft:sandstone":64,"minecraft:red_sand":65,"minecraft:bow":883,"minecraft:stripped_spruce_wood":2,"minecraft:green_concrete_powder":16,"minecraft:magma_block":29,"minecraft:brick_slab":64,"minecraft:cyan_bed":2,"minecraft:terracotta":208,"minecraft:nether_brick_stairs":36,"minecraft:blue_shulker_box":2,"minecraft:acacia_boat":4,"minecraft:soul_sand":406,"minecraft:orange_dye":1,"minecraft:oak_log":399,"minecraft:ender_pearl":9700,"minecraft:nether_star":11,"minecraft:dark_oak_sapling":16,"minecraft:jungle_fence":1,"minecraft:lime_terracotta":75,"minecraft:leather":135,"minecraft:jungle_planks":29,"minecraft:red_wool":2,"minecraft:carrot_on_a_stick":3,"minecraft:birch_slab":54,"minecraft:cod":2945,"minecraft:cobblestone_stairs":49,"minecraft:dark_oak_log":202,"minecraft:packed_ice":39,"minecraft:ice":124,"minecraft:mutton":119,"minecraft:snowball":164,"minecraft:light_gray_banner":2,"minecraft:black_shulker_box":1,"minecraft:jungle_sign":40,"minecraft:black_concrete":13,"minecraft:cauldron":13,"minecraft:gold_ingot":25,"minecraft:stripped_jungle_wood":3,"minecraft:andesite_slab":7,"minecraft:purple_banner":1,"minecraft:cyan_shulker_box":2,"minecraft:acacia_stairs":3,"minecraft:mycelium":2023,"minecraft:mushroom_stem":257,"minecraft:leather_chestplate":43,"minecraft:trident":9,"minecraft:beetroot_seeds":20,"minecraft:birch_door":1,"minecraft:iron_ore":187,"minecraft:birch_button":50,"minecraft:iron_bars":260,"minecraft:scaffolding":337,"minecraft:light_gray_concrete_powder":32,"minecraft:polished_granite":32,"minecraft:splash_potion":1,"minecraft:acacia_pressure_plate":8,"minecraft:purple_carpet":4,"minecraft:stone_hoe":1,"minecraft:bread":12,"minecraft:vine":6,"minecraft:golden_helmet":83,"minecraft:lilac":13,"minecraft:yellow_concrete":133,"minecraft:andesite_wall":1,"minecraft:tropical_fish":33,"minecraft:spruce_stairs":18,"minecraft:acacia_log":115,"minecraft:acacia_trapdoor":17,"minecraft:spruce_fence_gate":3,"minecraft:iron_block":162,"minecraft:milk_bucket":1,"minecraft:green_dye":572,"minecraft:repeater":1,"minecraft:light_blue_wool":1,"minecraft:white_concrete":163,"minecraft:melon_slice":306,"minecraft:light_gray_shulker_box":2,"minecraft:iron_door":10,"minecraft:yellow_shulker_box":3,"minecraft:jungle_leaves":7,"minecraft:music_disc_ward":1,"minecraft:cactus":1554,"minecraft:light_blue_stained_glass_pane":5,"minecraft:tripwire_hook":67,"minecraft:redstone_block":198,"minecraft:chiseled_sandstone":1,"minecraft:polished_diorite":16,"minecraft:blue_terracotta":1,"minecraft:kelp":55513,"minecraft:sweet_berries":56,"minecraft:oak_trapdoor":13,"minecraft:light_gray_terracotta":30,"minecraft:birch_pressure_plate":8,"minecraft:comparator":6,"minecraft:stripped_oak_log":3,"minecraft:green_concrete":34,"minecraft:totem_of_undying":85,"minecraft:shulker_box":14,"minecraft:flint_and_steel":3,"minecraft:oak_button":37,"minecraft:andesite":1232,"minecraft:golden_leggings":65,"minecraft:oak_sapling":1068,"minecraft:birch_sign":4,"minecraft:gray_concrete_powder":115,"minecraft:spruce_log":137,"minecraft:nautilus_shell":2,"minecraft:wooden_pickaxe":2,"minecraft:brown_stained_glass":1,"minecraft:magma_cream":5,"minecraft:light_blue_terracotta":6,"minecraft:brick":84,"minecraft:clay":6,"minecraft:acacia_wood":1,"minecraft:piston":2,"minecraft:cooked_beef":4,"minecraft:oak_pressure_plate":19,"minecraft:sandstone_stairs":3,"minecraft:orange_tulip":4,"minecraft:crossbow":2045,"minecraft:cookie":18,"minecraft:dark_oak_button":10,"minecraft:saddle":363,"minecraft:elytra":17,"minecraft:rail":101,"minecraft:leather_helmet":51,"minecraft:red_carpet":1,"minecraft:item_frame":6,"minecraft:light_weighted_pressure_plate":1,"minecraft:red_shulker_box":1,"minecraft:dirt":12354,"minecraft:grass":25,"minecraft:stone_button":152,"minecraft:yellow_dye":60,"minecraft:jungle_sapling":1,"minecraft:wooden_sword":6,"minecraft:bone_meal":431,"minecraft:bone_block":3836,"minecraft:sunflower":5,"minecraft:phantom_membrane":1,"minecraft:sugar":491,"minecraft:iron_pickaxe":2,"minecraft:dark_oak_boat":2,"minecraft:gray_dye":169,"minecraft:cyan_carpet":3,"minecraft:bone":1643,"minecraft:oak_door":2,"minecraft:pink_concrete":81,"minecraft:emerald_block":2,"minecraft:sugar_cane":452,"minecraft:golden_chestplate":70,"minecraft:nether_brick":23,"minecraft:birch_sapling":109,"minecraft:lime_dye":2,"minecraft:end_stone":5,"minecraft:light_gray_carpet":34,"minecraft:green_banner":3,"minecraft:blaze_powder":1,"minecraft:jungle_trapdoor":7,"minecraft:white_bed":1,"minecraft:dark_oak_fence_gate":6,"minecraft:orange_stained_glass":1,"minecraft:salmon":1708,"minecraft:acacia_button":1,"minecraft:red_stained_glass_pane":48,"minecraft:black_glazed_terracotta":3,"minecraft:lime_bed":1,"minecraft:tipped_arrow":6,"minecraft:heavy_weighted_pressure_plate":3,"minecraft:jungle_stairs":4,"minecraft:charcoal":14,"minecraft:ladder":221,"minecraft:yellow_banner":2,"minecraft:white_dye":29,"minecraft:spruce_slab":23,"minecraft:end_stone_bricks":6,"minecraft:campfire":9,"minecraft:egg":231,"minecraft:enchanted_book":39,"minecraft:iron_ingot":1130,"minecraft:blue_stained_glass_pane":65,"minecraft:cyan_stained_glass":40,"minecraft:birch_leaves":23,"minecraft:tnt":3,"minecraft:dark_prismarine_slab":18,"minecraft:yellow_terracotta":43,"minecraft:purpur_slab":2,"minecraft:oak_fence":143,"minecraft:feather":19,"minecraft:iron_helmet":15,"minecraft:cobblestone":24703,"minecraft:apple":38,"minecraft:granite":1981,"minecraft:spruce_button":14,"minecraft:stripped_jungle_log":1,"minecraft:spruce_door":2,"minecraft:purple_dye":1,"minecraft:chainmail_helmet":12,"minecraft:coal":82,"minecraft:pufferfish":710,"minecraft:polished_andesite":5,"minecraft:end_rod":38,"minecraft:oxeye_daisy":25,"minecraft:dried_kelp_block":66,"minecraft:jungle_slab":6,"minecraft:iron_trapdoor":47,"minecraft:golden_carrot":50,"minecraft:sponge":7,"minecraft:wooden_hoe":3,"minecraft:gray_bed":1,"minecraft:rose_bush":108,"minecraft:rabbit":5,"minecraft:diamond_helmet":9,"minecraft:lime_carpet":1,"minecraft:brown_terracotta":114,"minecraft:dried_kelp":3479,"minecraft:heart_of_the_sea":1,"minecraft:mossy_cobblestone_stairs":2,"minecraft:iron_shovel":3,"minecraft:paper":75,"minecraft:string":181,"minecraft:gray_carpet":74,"minecraft:magenta_shulker_box":1,"minecraft:spruce_sapling":77,"minecraft:pink_tulip":12,"minecraft:furnace":73,"minecraft:redstone_ore":12,"minecraft:stone_sword":38,"minecraft:cobblestone_wall":104,"minecraft:dark_oak_sign":2,"minecraft:smooth_stone_slab":184,"minecraft:bowl":119,"minecraft:diamond_hoe":1,"minecraft:chicken":88,"minecraft:slime_block":25,"minecraft:stone_slab":219,"minecraft:diamond_ore":10,"minecraft:light_blue_concrete":56,"minecraft:nether_bricks":31,"minecraft:spruce_fence":33,"minecraft:pumpkin_seeds":1101,"minecraft:light_blue_dye":1,"minecraft:potato":345,"minecraft:cobblestone_slab":522,"minecraft:polished_granite_stairs":2,"minecraft:hay_block":8,"minecraft:stone":8453,"minecraft:allium":1,"minecraft:blue_banner":10,"minecraft:wooden_shovel":72,"minecraft:carved_pumpkin":22,"minecraft:spider_eye":881,"minecraft:brown_carpet":4,"minecraft:birch_boat":10,"minecraft:blue_orchid":15,"minecraft:dark_prismarine":117,"minecraft:pink_concrete_powder":52,"minecraft:black_wool":4,"minecraft:quartz_slab":52,"minecraft:gold_ore":26,"minecraft:spruce_sign":17,"minecraft:birch_planks":78,"minecraft:brown_mushroom":227,"minecraft:dark_oak_stairs":75,"minecraft:diamond_axe":11,"minecraft:baked_potato":73,"minecraft:sandstone_slab":97,"minecraft:blue_concrete_powder":12,"minecraft:flint":156,"minecraft:spruce_leaves":59,"minecraft:cyan_terracotta":139,"minecraft:orange_carpet":1,"minecraft:jungle_button":9,"minecraft:dispenser":1,"minecraft:cornflower":6,"minecraft:seagrass":60,"minecraft:cooked_cod":17098,"minecraft:cut_sandstone":15,"minecraft:white_stained_glass_pane":4,"minecraft:acacia_door":1,"minecraft:birch_log":38,"minecraft:black_stained_glass":1,"minecraft:brown_mushroom_block":588,"minecraft:armor_stand":9,"minecraft:gravel":1424,"minecraft:white_tulip":9,"minecraft:yellow_wool":11,"minecraft:lime_wool":3,"minecraft:black_terracotta":9,"minecraft:diamond_shovel":10,"minecraft:prismarine":61,"minecraft:stone_stairs":14,"minecraft:carrot":32,"minecraft:brown_shulker_box":2,"minecraft:chainmail_chestplate":12,"minecraft:shulker_shell":66,"minecraft:poppy":458,"minecraft:rabbit_hide":4,"minecraft:oak_fence_gate":2,"minecraft:gunpowder":566,"minecraft:birch_trapdoor":8,"minecraft:melon_seeds":41,"minecraft:glowstone":195,"minecraft:spruce_wood":11,"minecraft:chainmail_boots":30,"minecraft:chest":71,"minecraft:arrow":8273,"minecraft:cyan_concrete":2,"minecraft:gray_shulker_box":2,"minecraft:powered_rail":9,"minecraft:prismarine_bricks":225,"minecraft:netherrack":44444,"minecraft:written_book":29,"minecraft:oak_leaves":144,"minecraft:firework_rocket":1115,"minecraft:water_bucket":4,"minecraft:stripped_spruce_log":5,"minecraft:oak_slab":107,"minecraft:red_concrete_powder":5,"minecraft:mossy_cobblestone":38,"minecraft:minecart":54,"minecraft:cyan_dye":27,"minecraft:diamond_leggings":10,"minecraft:poisonous_potato":1,"minecraft:prismarine_shard":5336,"minecraft:lead":39,"minecraft:spectral_arrow":2,"minecraft:observer":13,"minecraft:grass_block":8310,"minecraft:stick":1629,"minecraft:blue_dye":4,"minecraft:diorite":2329,"minecraft:light_blue_stained_glass":138,"minecraft:torch":402,"minecraft:smooth_quartz":1,"minecraft:brown_wool":4,"minecraft:map":2,"minecraft:green_carpet":2,"minecraft:iron_leggings":15,"minecraft:smooth_quartz_slab":6,"minecraft:wither_rose":1792,"minecraft:iron_axe":853,"minecraft:bucket":5,"minecraft:dandelion":198,"minecraft:redstone":509,"minecraft:red_concrete":3,"minecraft:jungle_pressure_plate":7,"minecraft:nether_brick_slab":84,"minecraft:anvil":1,"minecraft:gray_stained_glass":101,"minecraft:ender_chest":8,"minecraft:coarse_dirt":54,"minecraft:nether_wart":67,"minecraft:composter":7,"minecraft:wither_skeleton_skull":1,"minecraft:light_gray_wool":1,"minecraft:iron_hoe":1,"minecraft:cyan_stained_glass_pane":8,"minecraft:acacia_leaves":93,"minecraft:glass_pane":2,"minecraft:red_terracotta":5,"minecraft:filled_map":8,"minecraft:snow":117,"minecraft:shield":5,"minecraft:black_concrete_powder":1,"minecraft:diamond_chestplate":3,"minecraft:orange_terracotta":67,"minecraft:iron_chestplate":34,"minecraft:quartz_stairs":1,"minecraft:mossy_stone_bricks":5,"minecraft:oak_boat":10,"minecraft:golden_sword":1,"minecraft:slime_ball":142,"minecraft:diamond_boots":9,"minecraft:stripped_acacia_log":1,"minecraft:purple_shulker_box":1,"minecraft:stone_pickaxe":1,"minecraft:white_stained_glass":6,"minecraft:light_blue_shulker_box":1},"minecraft:killed_by":{"minecraft:ravager":6,"minecraft:zombie":3,"minecraft:wolf":1,"minecraft:wither":1,"minecraft:skeleton":2,"minecraft:vindicator":2,"minecraft:vex":4,"minecraft:zombie_pigman":2,"minecraft:ender_dragon":1,"minecraft:guardian":1,"minecraft:creeper":9,"minecraft:player":4,"minecraft:enderman":2,"minecraft:phantom":3},"minecraft:crafted":{"minecraft:lime_stained_glass":96,"minecraft:green_banner":32,"minecraft:red_stained_glass_pane":576,"minecraft:black_dye":4877,"minecraft:yellow_wool":5087,"minecraft:chainmail_helmet":27,"minecraft:oak_sign":1869,"minecraft:end_stone_brick_wall":96,"minecraft:melon":192,"minecraft:blaze_powder":48,"minecraft:birch_boat":3,"minecraft:brick_wall":72,"minecraft:blue_stained_glass_pane":352,"minecraft:diorite_stairs":8,"minecraft:diamond_shovel":9,"minecraft:cracked_stone_bricks":1148,"minecraft:nether_brick":3707,"minecraft:gray_wool":18,"minecraft:shulker_box":205,"minecraft:diamond_helmet":4,"minecraft:magenta_concrete_powder":256,"minecraft:beacon":17,"minecraft:light_blue_concrete_powder":264,"minecraft:stone_pressure_plate":187,"minecraft:iron_door":45,"minecraft:cyan_banner":5,"minecraft:gray_stained_glass_pane":816,"minecraft:dried_kelp_block":226289,"minecraft:black_wool":292,"minecraft:gray_stained_glass":3104,"minecraft:white_shulker_box":20,"minecraft:lime_concrete_powder":496,"minecraft:pink_stained_glass":16,"minecraft:turtle_helmet":25,"minecraft:blue_stained_glass":152,"minecraft:redstone_lamp":232,"minecraft:acacia_slab":72,"minecraft:jungle_boat":3,"minecraft:polished_andesite_stairs":144,"minecraft:smooth_red_sandstone_stairs":816,"minecraft:chest_minecart":9,"minecraft:jungle_pressure_plate":97,"minecraft:green_bed":1,"minecraft:lime_banner":66,"minecraft:smithing_table":308,"minecraft:mossy_cobblestone":523,"minecraft:brown_bed":15,"minecraft:nether_brick_fence":210,"minecraft:sticky_piston":601,"minecraft:red_nether_bricks":1653,"minecraft:fletching_table":256,"minecraft:green_stained_glass":192,"minecraft:painting":1726,"minecraft:cartography_table":257,"minecraft:end_stone_brick_slab":12,"minecraft:stone_brick_stairs":8816,"minecraft:lectern":214,"minecraft:wooden_hoe":4,"minecraft:golden_leggings":3,"minecraft:stone_slab":10085,"minecraft:red_nether_brick_stairs":256,"minecraft:iron_pickaxe":3,"minecraft:acacia_door":72,"minecraft:sandstone":797,"minecraft:composter":255,"minecraft:dark_prismarine":15451,"minecraft:cyan_wool":70,"minecraft:jungle_sign":87,"minecraft:golden_carrot":7,"minecraft:jukebox":2,"minecraft:orange_shulker_box":15,"minecraft:iron_nugget":5987,"minecraft:diamond_hoe":1,"minecraft:brick_stairs":704,"minecraft:acacia_fence_gate":19,"minecraft:red_banner":113,"minecraft:light_gray_wool":344,"minecraft:jack_o_lantern":32,"minecraft:blue_shulker_box":10,"minecraft:prismarine_brick_stairs":532,"minecraft:lime_stained_glass_pane":608,"minecraft:spruce_fence":1044,"minecraft:stone_stairs":440,"minecraft:terracotta":56,"minecraft:lantern":781,"minecraft:spruce_stairs":1032,"minecraft:light_gray_shulker_box":34,"minecraft:polished_diorite":1228,"minecraft:black_concrete_powder":21800,"minecraft:red_shulker_box":29,"minecraft:stone_pickaxe":7,"minecraft:quartz_slab":1202,"minecraft:spruce_boat":14,"minecraft:purple_carpet":24,"minecraft:prismarine_slab":3774,"minecraft:brick_slab":2286,"minecraft:lead":58,"minecraft:chainmail_leggings":27,"minecraft:light_gray_terracotta":136,"minecraft:purpur_slab":180,"minecraft:light_blue_glazed_terracotta":1,"minecraft:enchanting_table":2,"minecraft:cyan_bed":5,"minecraft:acacia_trapdoor":1566,"minecraft:light_blue_wool":16,"minecraft:yellow_stained_glass_pane":96,"minecraft:leather_helmet":2,"minecraft:dark_oak_button":15,"minecraft:acacia_stairs":272,"minecraft:red_carpet":1197,"minecraft:enchanted_book":17,"minecraft:orange_dye":3369,"minecraft:light_blue_carpet":99,"minecraft:oak_fence_gate":284,"minecraft:red_stained_glass":3248,"minecraft:chainmail_boots":36,"minecraft:fermented_spider_eye":71,"minecraft:black_glazed_terracotta":104,"minecraft:birch_trapdoor":364,"minecraft:iron_shovel":8,"minecraft:black_stained_glass_pane":1640,"minecraft:writable_book":33,"minecraft:armor_stand":564,"minecraft:note_block":153,"minecraft:grindstone":260,"minecraft:cobblestone_slab":4100,"minecraft:barrel":480,"minecraft:birch_wood":87,"minecraft:polished_granite_slab":270,"minecraft:magenta_banner":1,"minecraft:acacia_pressure_plate":28,"minecraft:stone":5432,"minecraft:red_sandstone":2179,"minecraft:pink_carpet":3,"minecraft:heavy_weighted_pressure_plate":4,"minecraft:quartz_pillar":262,"minecraft:brown_carpet":1059,"minecraft:stone_brick_slab":15730,"minecraft:brown_stained_glass":48,"minecraft:nether_brick_wall":72,"minecraft:orange_stained_glass_pane":144,"minecraft:bow":193,"minecraft:purpur_pillar":71,"minecraft:comparator":219,"minecraft:chest":3791,"minecraft:oak_button":133,"minecraft:yellow_terracotta":936,"minecraft:jungle_stairs":1496,"minecraft:rail":3368,"minecraft:blue_concrete_powder":440,"minecraft:bricks":4108,"minecraft:birch_button":372,"minecraft:red_nether_brick_slab":320,"minecraft:ender_eye":21,"minecraft:stone_bricks":40736,"minecraft:oak_fence":795,"minecraft:polished_diorite_slab":6,"minecraft:granite_stairs":32,"minecraft:golden_boots":4,"minecraft:sea_lantern":30794,"minecraft:white_banner":61,"minecraft:dropper":820,"minecraft:cauldron":283,"minecraft:lime_terracotta":1080,"minecraft:iron_helmet":15,"minecraft:brown_dye":2093,"minecraft:birch_pressure_plate":108,"minecraft:chainmail_chestplate":27,"minecraft:red_wool":6139,"minecraft:acacia_button":18,"minecraft:spectral_arrow":8,"minecraft:white_stained_glass_pane":480,"minecraft:yellow_stained_glass":256,"minecraft:dispenser":398,"minecraft:prismarine_brick_slab":5064,"minecraft:green_glazed_terracotta":64,"minecraft:tnt":128,"minecraft:spruce_trapdoor":2448,"minecraft:yellow_dye":10793,"minecraft:purple_dye":1850,"minecraft:gray_terracotta":3448,"minecraft:stick":27330,"minecraft:iron_ingot":33245,"minecraft:andesite_stairs":168,"minecraft:light_blue_shulker_box":17,"minecraft:light_blue_stained_glass":6888,"minecraft:black_bed":6,"minecraft:lime_carpet":468,"minecraft:red_nether_brick_wall":162,"minecraft:cyan_carpet":186,"minecraft:dark_oak_fence_gate":10,"minecraft:polished_diorite_stairs":192,"minecraft:blue_terracotta":1312,"minecraft:oak_door":3,"minecraft:nether_brick_slab":204,"minecraft:tripwire_hook":2,"minecraft:fishing_rod":13,"minecraft:stone_brick_wall":192,"minecraft:leather_boots":36,"minecraft:golden_chestplate":4,"minecraft:spruce_button":450,"minecraft:mossy_stone_bricks":364,"minecraft:furnace":1033,"minecraft:blast_furnace":256,"minecraft:piston":1437,"minecraft:polished_andesite_slab":522,"minecraft:smooth_quartz_stairs":216,"minecraft:oak_trapdoor":614,"minecraft:flint_and_steel":48,"minecraft:scaffolding":9474,"minecraft:white_concrete_powder":17812,"minecraft:polished_granite_stairs":48,"minecraft:orange_terracotta":512,"minecraft:cobblestone_wall":1776,"minecraft:brown_shulker_box":27,"minecraft:smooth_quartz_slab":482,"minecraft:red_sandstone_stairs":32,"minecraft:purpur_block":480,"minecraft:birch_sign":9,"minecraft:glistering_melon_slice":73,"minecraft:magma_cream":1,"minecraft:smooth_sandstone_stairs":216,"minecraft:light_blue_stained_glass_pane":176,"minecraft:jungle_wood":36,"minecraft:purple_stained_glass":56,"minecraft:iron_trapdoor":1169,"minecraft:purple_shulker_box":11,"minecraft:diorite_wall":132,"minecraft:iron_sword":44,"minecraft:black_banner":135,"minecraft:cooked_salmon":493,"minecraft:acacia_boat":18,"minecraft:jungle_planks":16392,"minecraft:jungle_door":15,"minecraft:white_dye":8536,"minecraft:brown_concrete_powder":896,"minecraft:black_carpet":1239,"minecraft:blue_wool":1603,"minecraft:anvil":70,"minecraft:stonecutter":256,"minecraft:pink_banner":13,"minecraft:torch":10672,"minecraft:cut_red_sandstone":88,"minecraft:prismarine_stairs":40,"minecraft:orange_bed":2,"minecraft:diorite_slab":6,"minecraft:magenta_carpet":3,"minecraft:granite_slab":228,"minecraft:ender_chest":20,"minecraft:jungle_button":98,"minecraft:light_gray_concrete_powder":4601,"minecraft:smooth_stone":6332,"minecraft:jungle_fence_gate":83,"minecraft:chiseled_red_sandstone":138,"minecraft:cut_sandstone":1608,"minecraft:dark_oak_pressure_plate":7,"minecraft:cut_sandstone_slab":310,"minecraft:purple_bed":2,"minecraft:orange_carpet":291,"minecraft:pink_bed":2,"minecraft:orange_stained_glass":272,"minecraft:oak_pressure_plate":32,"minecraft:dark_oak_wood":66,"minecraft:birch_slab":8118,"minecraft:slime_block":1424,"minecraft:loom":321,"minecraft:lever":255,"minecraft:bookshelf":1034,"minecraft:dark_prismarine_stairs":168,"minecraft:iron_bars":4992,"minecraft:red_concrete_powder":560,"minecraft:magenta_shulker_box":11,"minecraft:quartz_block":3012,"minecraft:glass":24446,"minecraft:light_blue_terracotta":8696,"minecraft:repeater":1045,"minecraft:diamond_leggings":3,"minecraft:cyan_stained_glass_pane":416,"minecraft:melon_seeds":135,"minecraft:birch_fence_gate":49,"minecraft:acacia_fence":285,"minecraft:birch_door":9,"minecraft:chiseled_quartz_block":101,"minecraft:magenta_dye":1985,"minecraft:gray_bed":2,"minecraft:flower_pot":329,"minecraft:glass_bottle":240,"minecraft:wooden_shovel":127,"minecraft:emerald":2063,"minecraft:smooth_quartz":773,"minecraft:cooked_porkchop":6,"minecraft:diamond_axe":5,"minecraft:prismarine_bricks":13083,"minecraft:spruce_door":51,"minecraft:clock":1,"minecraft:purple_banner":14,"minecraft:oak_wood":57,"minecraft:hay_block":20,"minecraft:campfire":392,"minecraft:end_stone_brick_stairs":240,"minecraft:knowledge_book":4,"minecraft:light_gray_bed":1,"minecraft:brown_banner":1,"minecraft:lime_shulker_box":8,"minecraft:lime_bed":4,"minecraft:green_terracotta":2184,"minecraft:compass":31,"minecraft:white_terracotta":264,"minecraft:iron_block":36856,"minecraft:light_blue_bed":2,"minecraft:gold_ingot":34500,"minecraft:light_gray_dye":2825,"minecraft:spruce_fence_gate":430,"minecraft:birch_stairs":1504,"minecraft:packed_ice":68,"minecraft:yellow_concrete_powder":1024,"minecraft:prismarine":2816,"minecraft:stone_shovel":145,"minecraft:smooth_stone_slab":31132,"minecraft:leather_leggings":43,"minecraft:player_head":207,"minecraft:globe_banner_pattern":6,"minecraft:smooth_red_sandstone_slab":366,"minecraft:mossy_cobblestone_stairs":8,"minecraft:yellow_bed":2,"minecraft:red_terracotta":1600,"minecraft:bone_meal":415391,"minecraft:cyan_stained_glass":1813,"minecraft:andesite_wall":702,"minecraft:pink_dye":1967,"minecraft:white_carpet":516,"minecraft:diamond":4446,"minecraft:dark_oak_fence":1008,"minecraft:detector_rail":84,"minecraft:ladder":1599,"minecraft:blue_banner":54,"minecraft:spruce_slab":2902,"minecraft:diamond_boots":2,"minecraft:redstone_block":4474,"minecraft:jungle_fence":243,"minecraft:dark_oak_planks":12404,"minecraft:golden_helmet":1,"minecraft:coal_block":879,"minecraft:firework_star":3552,"minecraft:daylight_detector":4,"minecraft:purple_stained_glass_pane":64,"minecraft:crossbow":2,"minecraft:dried_kelp":2988,"minecraft:red_sandstone_slab":312,"minecraft:red_bed":1,"minecraft:blue_bed":2,"minecraft:conduit":24,"minecraft:polished_granite":2540,"minecraft:gray_concrete_powder":16144,"minecraft:sandstone_slab":34850,"minecraft:glowstone":6084,"minecraft:white_stained_glass":2024,"minecraft:green_stained_glass_pane":272,"minecraft:jungle_slab":3366,"minecraft:sandstone_wall":36,"minecraft:mossy_stone_brick_stairs":56,"minecraft:golden_apple":70,"minecraft:acacia_sign":3,"minecraft:andesite_slab":1332,"minecraft:gray_shulker_box":22,"minecraft:cyan_shulker_box":13,"minecraft:wooden_axe":2,"minecraft:oak_stairs":384,"minecraft:iron_leggings":24,"minecraft:white_bed":7,"minecraft:lime_wool":8,"minecraft:nether_brick_stairs":664,"minecraft:blue_carpet":657,"minecraft:brick":3729,"minecraft:oak_planks":28828,"minecraft:dark_oak_boat":4,"minecraft:pink_shulker_box":8,"minecraft:mossy_stone_brick_slab":50,"minecraft:cobblestone_stairs":592,"minecraft:light_blue_banner":89,"minecraft:flower_banner_pattern":1,"minecraft:spruce_pressure_plate":49,"minecraft:purpur_stairs":544,"minecraft:green_dye":1315,"minecraft:dark_oak_door":24,"minecraft:hopper":2203,"minecraft:iron_boots":13,"minecraft:written_book":1,"minecraft:mossy_cobblestone_slab":60,"minecraft:cyan_terracotta":19096,"minecraft:chiseled_stone_bricks":337,"minecraft:yellow_banner":944,"minecraft:stone_hoe":2,"minecraft:golden_sword":2,"minecraft:smoker":289,"minecraft:smooth_red_sandstone":1035,"minecraft:quartz_stairs":976,"minecraft:item_frame":1836,"minecraft:oak_slab":1464,"minecraft:acacia_wood":39,"minecraft:map":27,"minecraft:crafting_table":84,"minecraft:spruce_planks":39650,"minecraft:brown_stained_glass_pane":64,"minecraft:wooden_pickaxe":3,"minecraft:baked_potato":276,"minecraft:light_gray_banner":2,"minecraft:hopper_minecart":54,"minecraft:gold_block":5389,"minecraft:mojang_banner_pattern":1,"minecraft:brewing_stand":256,"minecraft:birch_planks":13772,"minecraft:pumpkin_seeds":116,"minecraft:black_shulker_box":12,"minecraft:brown_glazed_terracotta":200,"minecraft:dark_oak_slab":2268,"minecraft:book":3103,"minecraft:iron_chestplate":40,"minecraft:paper":15624,"minecraft:emerald_block":21428,"minecraft:diamond_pickaxe":9,"minecraft:shield":43,"minecraft:light_weighted_pressure_plate":1,"minecraft:birch_fence":873,"minecraft:light_blue_dye":3906,"minecraft:leather_chestplate":38,"minecraft:stone_sword":4,"minecraft:snow_block":1969,"minecraft:green_shulker_box":14,"minecraft:redstone_torch":3469,"minecraft:gray_carpet":6174,"minecraft:light_gray_carpet":2349,"minecraft:sponge":3362,"minecraft:light_gray_stained_glass_pane":128,"minecraft:shears":1142,"minecraft:green_carpet":1803,"minecraft:sandstone_stairs":2496,"minecraft:polished_andesite":7744,"minecraft:coarse_dirt":684,"minecraft:wooden_sword":10,"minecraft:purple_wool":12,"minecraft:redstone":18229,"minecraft:coal":4662,"minecraft:light_gray_stained_glass":608,"minecraft:stone_button":1069,"minecraft:dark_oak_trapdoor":718,"minecraft:jungle_trapdoor":1198,"minecraft:gray_dye":4702,"minecraft:dark_oak_sign":15,"minecraft:mossy_stone_brick_wall":12,"minecraft:diamond_block":696,"minecraft:glass_pane":2768,"minecraft:end_stone_bricks":640,"minecraft:yellow_shulker_box":21,"minecraft:green_concrete_powder":2200,"minecraft:black_terracotta":3240,"minecraft:iron_axe":4,"minecraft:spruce_wood":33,"minecraft:iron_hoe":1,"minecraft:slime_ball":999,"minecraft:orange_concrete_powder":496,"minecraft:lime_dye":2062,"minecraft:filled_map":56,"minecraft:gray_banner":27,"minecraft:chiseled_sandstone":49,"minecraft:orange_banner":1,"minecraft:minecart":152,"minecraft:observer":1481,"minecraft:cooked_beef":80,"minecraft:sugar":170,"minecraft:red_dye":13824,"minecraft:cooked_cod":1243,"minecraft:cyan_concrete_powder":136,"minecraft:bone_block":39722,"minecraft:magenta_bed":1,"minecraft:diamond_sword":2,"minecraft:cyan_dye":4514,"minecraft:spruce_sign":30,"minecraft:dark_oak_stairs":1824,"minecraft:pink_concrete_powder":384,"minecraft:powered_rail":4318,"minecraft:activator_rail":48,"minecraft:yellow_carpet":1368,"minecraft:smooth_sandstone":14709,"minecraft:bowl":116,"minecraft:nether_bricks":4293,"minecraft:bucket":317,"minecraft:stone_axe":3,"minecraft:brown_terracotta":1928,"minecraft:mossy_cobblestone_wall":48,"minecraft:bread":92,"minecraft:air":0,"minecraft:blue_dye":5749,"minecraft:black_stained_glass":11144,"minecraft:oak_boat":11,"minecraft:smooth_sandstone_slab":156,"minecraft:white_wool":2751,"minecraft:gold_nugget":1818,"minecraft:brown_wool":206,"minecraft:pink_stained_glass_pane":544,"minecraft:dark_prismarine_slab":11893,"minecraft:nether_wart_block":134,"minecraft:acacia_planks":8456,"minecraft:end_crystal":1,"minecraft:purple_concrete_powder":304,"minecraft:lapis_lazuli":6734,"minecraft:lapis_block":262,"minecraft:clay":22,"minecraft:firework_rocket":14034},"minecraft:mined":{"minecraft:blue_carpet":524,"minecraft:red_nether_brick_slab":96,"minecraft:dragon_wall_head":9,"minecraft:cut_sandstone_slab":19,"minecraft:white_bed":423,"minecraft:red_shulker_box":894,"minecraft:pink_bed":28,"minecraft:fire_coral_wall_fan":55,"minecraft:cyan_shulker_box":627,"minecraft:red_nether_bricks":110,"minecraft:light_blue_carpet":4,"minecraft:granite":17538,"minecraft:acacia_log":5188,"minecraft:brown_wool":19,"minecraft:light_gray_bed":1,"minecraft:oak_pressure_plate":18,"minecraft:blue_wool":143,"minecraft:green_concrete":1004,"minecraft:oak_wall_sign":326,"minecraft:nether_wart":166,"minecraft:red_stained_glass_pane":256,"minecraft:chorus_flower":213,"minecraft:magma_block":499,"minecraft:dark_oak_trapdoor":143,"minecraft:mossy_cobblestone_stairs":6,"minecraft:barrel":111,"minecraft:fletching_table":3,"minecraft:granite_slab":12,"minecraft:nether_brick_stairs":441,"minecraft:potted_dandelion":1,"minecraft:light_gray_concrete":4352,"minecraft:green_carpet":115,"minecraft:pink_tulip":63,"minecraft:white_shulker_box":1081,"minecraft:spruce_wood":3,"minecraft:white_banner":13,"minecraft:player_head":84,"minecraft:tripwire":163,"minecraft:jungle_trapdoor":496,"minecraft:jungle_button":24,"minecraft:sandstone_slab":2727,"minecraft:cut_sandstone":370,"minecraft:blue_wall_banner":14,"minecraft:blue_concrete_powder":81,"minecraft:kelp_plant":3100,"minecraft:smoker":24,"minecraft:torch":4082,"minecraft:note_block":56,"minecraft:dark_oak_wood":6,"minecraft:melon":40,"minecraft:white_stained_glass_pane":111,"minecraft:dead_bush":23,"minecraft:nether_brick_slab":926,"minecraft:spruce_wall_sign":16,"minecraft:smooth_quartz_slab":192,"minecraft:tube_coral_fan":4,"minecraft:lime_shulker_box":199,"minecraft:sugar_cane":714,"minecraft:bricks":1063,"minecraft:birch_sapling":32,"minecraft:white_terracotta":7195,"minecraft:repeater":698,"minecraft:jungle_wood":24,"minecraft:wither_rose":27,"minecraft:grass":6847,"minecraft:dark_oak_sapling":19,"minecraft:birch_button":9,"minecraft:smooth_quartz":88,"minecraft:sandstone_wall":8,"minecraft:attached_pumpkin_stem":6,"minecraft:dark_prismarine":826,"minecraft:brown_concrete":587,"minecraft:light_blue_wool":41,"minecraft:mossy_cobblestone":124,"minecraft:nether_brick_wall":37,"minecraft:orange_concrete_powder":7,"minecraft:dark_oak_log":8828,"minecraft:cyan_stained_glass":16,"minecraft:sea_lantern":1171,"minecraft:end_stone":4078,"minecraft:birch_fence_gate":51,"minecraft:dark_oak_fence":447,"minecraft:spruce_fence":705,"minecraft:acacia_button":3,"minecraft:stripped_jungle_wood":6,"minecraft:redstone_wire":1278,"minecraft:red_mushroom":25,"minecraft:cartography_table":9,"minecraft:white_concrete_powder":649,"minecraft:horn_coral":7,"minecraft:redstone_ore":2026,"minecraft:acacia_trapdoor":625,"minecraft:light_blue_concrete_powder":17,"minecraft:pink_concrete":317,"minecraft:andesite":23778,"minecraft:green_terracotta":342,"minecraft:mossy_stone_brick_stairs":11,"minecraft:cyan_concrete":166,"minecraft:vine":2005,"minecraft:rail":1303,"minecraft:cobblestone_slab":418,"minecraft:brain_coral_wall_fan":39,"minecraft:bone_block":1291,"minecraft:fire_coral_block":507,"minecraft:green_wool":121,"minecraft:ender_chest":1539,"minecraft:birch_stairs":274,"minecraft:oak_slab":476,"minecraft:redstone_block":425,"minecraft:soul_sand":7519,"minecraft:glass_pane":195,"minecraft:dandelion":289,"minecraft:fire_coral":15,"minecraft:cornflower":15,"minecraft:prismarine_slab":848,"minecraft:dead_tube_coral_wall_fan":8,"minecraft:campfire":248,"minecraft:tall_grass":4,"minecraft:purpur_pillar":175,"minecraft:brain_coral_fan":7,"minecraft:green_stained_glass_pane":12,"minecraft:diorite":19867,"minecraft:orange_carpet":13,"minecraft:purple_wool":148,"minecraft:black_stained_glass":1168,"minecraft:red_terracotta":8907,"minecraft:light_blue_bed":4,"minecraft:coarse_dirt":218,"minecraft:cobblestone_wall":416,"minecraft:stripped_spruce_wood":5,"minecraft:dark_oak_wall_sign":8,"minecraft:purple_concrete":164,"minecraft:dark_prismarine_slab":685,"minecraft:dark_oak_button":3,"minecraft:gravel":46680,"minecraft:brown_terracotta":2380,"minecraft:cobweb":630,"minecraft:birch_sign":8,"minecraft:oak_button":4,"minecraft:stone_bricks":13219,"minecraft:gold_ore":1007,"minecraft:chipped_anvil":79,"minecraft:iron_trapdoor":119,"minecraft:fern":136,"minecraft:stone_pressure_plate":57,"minecraft:oak_sapling":39,"minecraft:farmland":184,"minecraft:mossy_stone_brick_slab":3,"minecraft:andesite_stairs":5,"minecraft:orange_stained_glass":96,"minecraft:end_stone_brick_wall":72,"minecraft:orange_wool":70,"minecraft:brewing_stand":17,"minecraft:spruce_trapdoor":720,"minecraft:lime_banner":7,"minecraft:white_concrete":16937,"minecraft:bubble_coral_fan":10,"minecraft:polished_diorite":201,"minecraft:composter":62,"minecraft:green_wall_banner":2,"minecraft:mossy_cobblestone_slab":6,"minecraft:turtle_egg":86,"minecraft:dragon_head":1,"minecraft:brown_bed":99,"minecraft:green_stained_glass":12,"minecraft:red_tulip":48,"minecraft:iron_bars":984,"minecraft:spruce_slab":732,"minecraft:brown_shulker_box":2053,"minecraft:gray_terracotta":367,"minecraft:quartz_block":703,"minecraft:orange_terracotta":6326,"minecraft:yellow_banner":9,"minecraft:purpur_stairs":168,"minecraft:light_gray_terracotta":12518,"minecraft:jungle_stairs":283,"minecraft:mossy_cobblestone_wall":8,"minecraft:beacon":46,"minecraft:wither_skeleton_wall_skull":2,"minecraft:nether_quartz_ore":8379,"minecraft:oak_planks":1683,"minecraft:wall_torch":777,"minecraft:cauldron":93,"minecraft:light_blue_terracotta":1298,"minecraft:fire_coral_fan":5,"minecraft:stone_stairs":61,"minecraft:light_weighted_pressure_plate":2,"minecraft:blue_terracotta":134,"minecraft:powered_rail":447,"minecraft:dark_oak_slab":574,"minecraft:blue_ice":605,"minecraft:tnt":91,"minecraft:smooth_stone_slab":4317,"minecraft:oak_log":8996,"minecraft:beetroots":62,"minecraft:lime_terracotta":363,"minecraft:dirt":93253,"minecraft:prismarine_stairs":2,"minecraft:dispenser":405,"minecraft:daylight_detector":2,"minecraft:yellow_wall_banner":15,"minecraft:quartz_stairs":390,"minecraft:dark_oak_leaves":1016,"minecraft:red_stained_glass":61,"minecraft:gray_glazed_terracotta":2,"minecraft:lever":149,"minecraft:ladder":781,"minecraft:purple_terracotta":2,"minecraft:stone_button":28,"minecraft:tube_coral_wall_fan":56,"minecraft:cyan_banner":3,"minecraft:brown_mushroom_block":6306,"minecraft:birch_slab":886,"minecraft:spruce_leaves":3402,"minecraft:acacia_slab":79,"minecraft:hay_block":10,"minecraft:light_blue_wall_banner":2,"minecraft:heavy_weighted_pressure_plate":3,"minecraft:orange_stained_glass_pane":23,"minecraft:light_gray_shulker_box":1785,"minecraft:gray_wall_banner":5,"minecraft:detector_rail":34,"minecraft:gold_block":640,"minecraft:nether_brick_fence":59,"minecraft:bookshelf":139,"minecraft:lime_wall_banner":10,"minecraft:stripped_oak_log":164,"minecraft:wet_sponge":3446,"minecraft:jungle_fence_gate":5,"minecraft:scaffolding":5393,"minecraft:acacia_leaves":3110,"minecraft:snow_block":98,"minecraft:stripped_dark_oak_log":174,"minecraft:polished_granite":1549,"minecraft:oak_fence":1243,"minecraft:gray_stained_glass":358,"minecraft:lime_carpet":93,"minecraft:stone_slab":826,"minecraft:red_glazed_terracotta":124,"minecraft:red_concrete":838,"minecraft:prismarine_bricks":7291,"minecraft:birch_planks":916,"minecraft:dead_fire_coral_block":43,"minecraft:bubble_coral":7,"minecraft:end_stone_brick_stairs":129,"minecraft:sea_pickle":39,"minecraft:black_wall_banner":30,"minecraft:ice":24695,"minecraft:white_wall_banner":63,"minecraft:grass_path":970,"minecraft:black_wool":320,"minecraft:cocoa":90,"minecraft:yellow_concrete":1724,"minecraft:flower_pot":4,"minecraft:purple_shulker_box":219,"minecraft:cyan_carpet":4,"minecraft:cracked_stone_bricks":148,"minecraft:stripped_acacia_wood":1,"minecraft:mossy_stone_bricks":107,"minecraft:jungle_wall_sign":15,"minecraft:dark_oak_planks":1552,"minecraft:polished_granite_slab":11,"minecraft:dark_prismarine_stairs":27,"minecraft:light_blue_concrete":319,"minecraft:black_terracotta":234,"minecraft:chiseled_red_sandstone":13,"minecraft:jungle_leaves":2070,"minecraft:obsidian":2387,"minecraft:carved_pumpkin":273,"minecraft:red_sand":8813,"minecraft:smooth_red_sandstone_stairs":95,"minecraft:stone_brick_wall":81,"minecraft:yellow_carpet":104,"minecraft:jungle_log":4413,"minecraft:horn_coral_fan":5,"minecraft:coal_block":165,"minecraft:purpur_slab":47,"minecraft:lime_stained_glass":8,"minecraft:bubble_coral_block":401,"minecraft:hopper":1551,"minecraft:oxeye_daisy":36,"minecraft:tube_coral_block":297,"minecraft:acacia_pressure_plate":13,"minecraft:chiseled_stone_bricks":125,"minecraft:light_blue_stained_glass":1628,"minecraft:orange_concrete":741,"minecraft:brown_stained_glass":1,"minecraft:sticky_piston":578,"minecraft:pumpkin":131,"minecraft:stripped_dark_oak_wood":14,"minecraft:enchanting_table":9,"minecraft:lime_stained_glass_pane":40,"minecraft:smooth_red_sandstone":184,"minecraft:oak_sign":41,"minecraft:oak_stairs":146,"minecraft:quartz_slab":356,"minecraft:smooth_sandstone_stairs":14,"minecraft:blue_orchid":42,"minecraft:iron_block":4029,"minecraft:piston_head":14,"minecraft:conduit":23,"minecraft:brown_mushroom":78,"minecraft:red_bed":1,"minecraft:player_wall_head":55,"minecraft:blue_stained_glass":8,"minecraft:blast_furnace":23,"minecraft:polished_andesite_stairs":30,"minecraft:green_concrete_powder":197,"minecraft:polished_diorite_slab":7,"minecraft:glass":1671,"minecraft:cyan_bed":105,"minecraft:damaged_anvil":41,"minecraft:smooth_sandstone_slab":25,"minecraft:spruce_sign":3,"minecraft:polished_diorite_stairs":132,"minecraft:cyan_wool":8,"minecraft:black_concrete_powder":71,"minecraft:light_gray_stained_glass":47,"minecraft:wheat":1855,"minecraft:pumpkin_stem":4,"minecraft:lime_concrete":504,"minecraft:black_bed":202,"minecraft:stone_brick_stairs":2225,"minecraft:prismarine_brick_stairs":79,"minecraft:oak_fence_gate":32,"minecraft:loom":17,"minecraft:stripped_birch_wood":39,"minecraft:blue_shulker_box":215,"minecraft:cut_red_sandstone":8,"minecraft:stonecutter":5,"minecraft:red_mushroom_block":3971,"minecraft:yellow_stained_glass":42,"minecraft:piston":526,"minecraft:light_blue_stained_glass_pane":21,"minecraft:yellow_terracotta":1864,"minecraft:pink_shulker_box":1015,"minecraft:light_gray_stained_glass_pane":65,"minecraft:blue_stained_glass_pane":27,"minecraft:stripped_birch_log":247,"minecraft:jack_o_lantern":17,"minecraft:shulker_box":4126,"minecraft:nether_bricks":1292,"minecraft:orange_banner":18,"minecraft:allium":10,"minecraft:jungle_planks":73,"minecraft:orange_shulker_box":2206,"minecraft:magenta_concrete":190,"minecraft:yellow_concrete_powder":20,"minecraft:lime_wool":50,"minecraft:horn_coral_wall_fan":39,"minecraft:kelp":1197,"minecraft:pink_wool":1,"minecraft:black_stained_glass_pane":1518,"minecraft:jungle_sapling":14,"minecraft:red_sandstone":20,"minecraft:snow":18896,"minecraft:diamond_block":40,"minecraft:potatoes":208,"minecraft:magenta_concrete_powder":8,"minecraft:smooth_quartz_stairs":30,"minecraft:bamboo":1562,"minecraft:white_wool":274,"minecraft:brain_coral":10,"minecraft:smithing_table":15,"minecraft:light_gray_carpet":93,"minecraft:gray_concrete":13902,"minecraft:comparator":192,"minecraft:brown_carpet":150,"minecraft:stone_brick_slab":6853,"minecraft:pink_concrete_powder":8,"minecraft:observer":1710,"minecraft:jungle_sign":2,"minecraft:smooth_sandstone":1409,"minecraft:light_gray_concrete_powder":195,"minecraft:spruce_button":16,"minecraft:emerald_ore":5,"minecraft:cyan_concrete_powder":12,"minecraft:sponge":47,"minecraft:dropper":427,"minecraft:smooth_red_sandstone_slab":29,"minecraft:dried_kelp_block":80,"minecraft:purple_bed":55,"minecraft:lime_glazed_terracotta":17,"minecraft:purple_stained_glass":43,"minecraft:prismarine_brick_slab":1244,"minecraft:white_carpet":149,"minecraft:spruce_log":14020,"minecraft:birch_leaves":1602,"minecraft:jungle_fence":217,"minecraft:quartz_pillar":15,"minecraft:red_wall_banner":5,"minecraft:mycelium":4655,"minecraft:pink_stained_glass_pane":7,"minecraft:acacia_planks":6,"minecraft:spruce_fence_gate":55,"minecraft:infested_stone":13,"minecraft:black_shulker_box":574,"minecraft:light_gray_banner":3,"minecraft:attached_melon_stem":6,"minecraft:spruce_planks":543,"minecraft:jungle_slab":435,"minecraft:cobblestone_stairs":127,"minecraft:potted_blue_orchid":1,"minecraft:dead_tube_coral_block":1,"minecraft:grass_block":87190,"minecraft:infested_cobblestone":1,"minecraft:gray_banner":2,"minecraft:blue_concrete":409,"minecraft:purple_stained_glass_pane":4,"minecraft:sandstone_stairs":290,"minecraft:smooth_stone":1413,"minecraft:glowstone":167,"minecraft:red_nether_brick_stairs":15,"minecraft:iron_ore":4725,"minecraft:potted_red_mushroom":1,"minecraft:anvil":95,"minecraft:black_carpet":50,"minecraft:azure_bluet":30,"minecraft:dark_oak_stairs":569,"minecraft:brown_glazed_terracotta":5,"minecraft:purple_carpet":9,"minecraft:birch_wall_sign":4,"minecraft:end_stone_bricks":446,"minecraft:brain_coral_block":534,"minecraft:polished_granite_stairs":12,"minecraft:green_bed":72,"minecraft:blue_banner":10,"minecraft:cyan_terracotta":4707,"minecraft:clay":4041,"minecraft:chiseled_quartz_block":21,"minecraft:poppy":486,"minecraft:chest":3543,"minecraft:mushroom_stem":1240,"minecraft:cobblestone":7287,"minecraft:birch_wood":16,"minecraft:slime_block":1152,"minecraft:grindstone":13,"minecraft:prismarine":8087,"minecraft:magenta_shulker_box":457,"minecraft:seagrass":1860,"minecraft:acacia_sapling":130,"minecraft:brown_concrete_powder":114,"minecraft:birch_log":4063,"minecraft:yellow_wool":350,"minecraft:lapis_block":178,"minecraft:birch_trapdoor":144,"minecraft:activator_rail":18,"minecraft:stripped_oak_wood":3,"minecraft:purpur_block":329,"minecraft:light_gray_wool":30,"minecraft:orange_tulip":70,"minecraft:yellow_stained_glass_pane":1,"minecraft:green_glazed_terracotta":6,"minecraft:acacia_fence":307,"minecraft:diorite_wall":1,"minecraft:sand":102506,"minecraft:infested_cracked_stone_bricks":1,"minecraft:tripwire_hook":31,"minecraft:wither_skeleton_skull":5,"minecraft:netherrack":126556,"minecraft:oak_leaves":9950,"minecraft:magenta_wool":26,"minecraft:horn_coral_block":337,"minecraft:emerald_block":113,"minecraft:redstone_lamp":72,"minecraft:diamond_ore":487,"minecraft:tube_coral":5,"minecraft:red_carpet":102,"minecraft:gray_shulker_box":424,"minecraft:gray_stained_glass_pane":109,"minecraft:black_banner":8,"minecraft:brick_stairs":358,"minecraft:light_blue_glazed_terracotta":596,"minecraft:white_stained_glass":401,"minecraft:polished_andesite_slab":24,"minecraft:sandstone":25497,"minecraft:oak_trapdoor":121,"minecraft:red_concrete_powder":147,"minecraft:spruce_sapling":51,"minecraft:furnace":991,"minecraft:carrots":60,"minecraft:black_glazed_terracotta":25,"minecraft:acacia_stairs":252,"minecraft:chiseled_sandstone":21,"minecraft:stripped_spruce_log":79,"minecraft:dark_oak_fence_gate":10,"minecraft:black_concrete":20696,"minecraft:bell":11,"minecraft:lantern":135,"minecraft:stripped_acacia_log":37,"minecraft:stripped_jungle_log":13,"minecraft:packed_ice":7896,"minecraft:chorus_plant":157,"minecraft:white_tulip":54,"minecraft:stone":340533,"minecraft:yellow_shulker_box":927,"minecraft:redstone_wall_torch":163,"minecraft:birch_pressure_plate":31,"minecraft:podzol":1803,"minecraft:light_blue_shulker_box":928,"minecraft:red_wool":60,"minecraft:infested_stone_bricks":3,"minecraft:brick_wall":15,"minecraft:red_banner":7,"minecraft:crafting_table":871,"minecraft:cyan_stained_glass_pane":28,"minecraft:purple_wall_banner":1,"minecraft:oak_wood":4,"minecraft:rose_bush":1,"minecraft:andesite_slab":227,"minecraft:lectern":27,"minecraft:andesite_wall":5,"minecraft:red_nether_brick_wall":30,"minecraft:lapis_ore":449,"minecraft:lily_pad":101,"minecraft:blue_bed":2,"minecraft:spruce_stairs":532,"minecraft:gray_wool":19,"minecraft:cactus":154,"minecraft:lime_bed":14,"minecraft:gray_concrete_powder":1100,"minecraft:brick_slab":1066,"minecraft:green_shulker_box":441,"minecraft:acacia_fence_gate":18,"minecraft:redstone_torch":104,"minecraft:sweet_berry_bush":78,"minecraft:gray_bed":25,"minecraft:yellow_bed":8,"minecraft:dead_brain_coral_block":1,"minecraft:coal_ore":8448,"minecraft:bubble_coral_wall_fan":48,"minecraft:end_rod":662,"minecraft:gray_carpet":293,"minecraft:terracotta":10784,"minecraft:polished_andesite":2218,"minecraft:birch_fence":645},"minecraft:broken":{"minecraft:shears":424,"minecraft:iron_leggings":1,"minecraft:diamond_pickaxe":1,"minecraft:fishing_rod":4,"minecraft:wooden_hoe":1,"minecraft:iron_shovel":5,"minecraft:stone_shovel":1,"minecraft:golden_boots":1,"minecraft:stone_sword":1,"minecraft:golden_helmet":1,"minecraft:flint_and_steel":2,"minecraft:leather_chestplate":1},"minecraft:used":{"minecraft:writable_book":199,"minecraft:jack_o_lantern":43,"minecraft:polished_granite_stairs":42,"minecraft:smooth_quartz_slab":650,"minecraft:dispenser":750,"minecraft:poppy":5,"minecraft:black_carpet":1296,"minecraft:quartz_stairs":1619,"minecraft:stone":48238,"minecraft:red_nether_brick_stairs":150,"minecraft:rotten_flesh":5,"minecraft:tube_coral":1,"minecraft:chiseled_red_sandstone":138,"minecraft:soul_sand":3091,"minecraft:cocoa_beans":3433,"minecraft:lily_of_the_valley":1,"minecraft:snowball":343,"minecraft:azure_bluet":10,"minecraft:spruce_boat":53,"minecraft:jungle_sapling":197,"minecraft:packed_ice":6679,"minecraft:stripped_dark_oak_wood":15,"minecraft:quartz_pillar":1067,"minecraft:red_wool":512,"minecraft:lava_bucket":382,"minecraft:lime_banner":47,"minecraft:jungle_fence_gate":81,"minecraft:music_disc_ward":1,"minecraft:quartz_block":1267,"minecraft:dark_oak_leaves":120,"minecraft:dark_oak_slab":2860,"minecraft:diorite_wall":133,"minecraft:bow":5561,"minecraft:cooked_cod":3821,"minecraft:acacia_fence":380,"minecraft:end_stone_brick_stairs":353,"minecraft:oak_sapling":435,"minecraft:gray_banner":15,"minecraft:green_stained_glass_pane":259,"minecraft:dark_prismarine_stairs":139,"minecraft:mossy_stone_bricks":283,"minecraft:damaged_anvil":36,"minecraft:chorus_fruit":6,"minecraft:prismarine":7796,"minecraft:clay":1425,"minecraft:lily_pad":57,"minecraft:cactus":772,"minecraft:black_glazed_terracotta":117,"minecraft:mossy_stone_brick_stairs":59,"minecraft:wooden_pickaxe":61,"minecraft:composter":123,"minecraft:jungle_boat":9,"minecraft:golden_apple":8,"minecraft:cut_sandstone_slab":311,"minecraft:blast_furnace":40,"minecraft:acacia_leaves":870,"minecraft:chiseled_quartz_block":139,"minecraft:gray_concrete":13839,"minecraft:purple_concrete_powder":167,"minecraft:birch_fence":1191,"minecraft:red_sandstone":20,"minecraft:birch_slab":8672,"minecraft:gray_stained_glass_pane":864,"minecraft:oak_pressure_plate":34,"minecraft:cut_red_sandstone":80,"minecraft:coal_block":537,"minecraft:nether_wart_block":3,"minecraft:diamond_sword":79682,"minecraft:smithing_table":77,"minecraft:birch_log":2609,"minecraft:oak_boat":181,"minecraft:purple_wool":367,"minecraft:oak_trapdoor":706,"minecraft:stripped_acacia_wood":1,"minecraft:enchanting_table":11,"minecraft:orange_concrete":665,"minecraft:carved_pumpkin":221,"minecraft:armor_stand":209,"minecraft:light_gray_carpet":2543,"minecraft:torch":19327,"minecraft:cooked_salmon":513,"minecraft:orange_stained_glass":268,"minecraft:brewing_stand":33,"minecraft:nether_quartz_ore":2894,"minecraft:yellow_carpet":1375,"minecraft:oak_fence_gate":299,"minecraft:mossy_cobblestone_stairs":10,"minecraft:music_disc_mellohi":1,"minecraft:sea_lantern":21073,"minecraft:chipped_anvil":76,"minecraft:iron_block":5734,"minecraft:light_weighted_pressure_plate":4,"minecraft:jungle_log":1298,"minecraft:barrel":434,"minecraft:bamboo":735,"minecraft:lime_concrete":545,"minecraft:podzol":988,"minecraft:acacia_planks":20,"minecraft:horn_coral_fan":42,"minecraft:wheat_seeds":1906,"minecraft:light_blue_shulker_box":936,"minecraft:tube_coral_block":69,"minecraft:birch_planks":1025,"minecraft:blue_concrete_powder":383,"minecraft:cauldron":116,"minecraft:spruce_fence_gate":471,"minecraft:gold_ore":10,"minecraft:conduit":29,"minecraft:diamond_block":34,"minecraft:light_gray_banner":4,"minecraft:rail":4380,"minecraft:red_bed":2,"minecraft:white_bed":489,"minecraft:campfire":287,"minecraft:spruce_log":4187,"minecraft:mushroom_stem":403,"minecraft:acacia_sign":1,"minecraft:diamond_shovel":371083,"minecraft:blue_stained_glass_pane":649,"minecraft:diamond_pickaxe":864437,"minecraft:oak_button":111,"minecraft:suspicious_stew":31,"minecraft:spruce_pressure_plate":1,"minecraft:magenta_concrete_powder":196,"minecraft:spruce_trapdoor":3121,"minecraft:blue_carpet":19030,"minecraft:spruce_sapling":877,"minecraft:pink_bed":30,"minecraft:green_carpet":1945,"minecraft:potion":88,"minecraft:orange_banner":23,"minecraft:purple_bed":56,"minecraft:andesite_stairs":135,"minecraft:cooked_porkchop":9,"minecraft:stripped_oak_log":134,"minecraft:dandelion":9,"minecraft:green_stained_glass":324,"minecraft:light_blue_banner":27,"minecraft:blue_terracotta":1430,"minecraft:red_sand":10,"minecraft:melon":74,"minecraft:light_gray_stained_glass_pane":135,"minecraft:bone_block":4266,"minecraft:nether_wart":6995,"minecraft:stripped_jungle_wood":1,"minecraft:grass":74,"minecraft:bubble_coral":2,"minecraft:mossy_stone_brick_slab":45,"minecraft:green_terracotta":2263,"minecraft:spruce_leaves":1769,"minecraft:jungle_planks":264,"minecraft:obsidian":2795,"minecraft:bricks":3669,"minecraft:spruce_wood":13,"minecraft:lantern":1006,"minecraft:blue_orchid":2,"minecraft:green_wool":713,"minecraft:light_blue_bed":6,"minecraft:mossy_cobblestone_slab":57,"minecraft:item_frame":322,"minecraft:birch_button":336,"minecraft:golden_sword":1,"minecraft:birch_trapdoor":489,"minecraft:red_nether_brick_wall":175,"minecraft:horn_coral":8,"minecraft:jungle_button":118,"minecraft:written_book":1859,"minecraft:blue_shulker_box":218,"minecraft:gold_block":1418,"minecraft:pink_concrete_powder":325,"minecraft:dark_oak_sapling":737,"minecraft:tube_coral_fan":32,"minecraft:end_rod":1265,"minecraft:dropper":1249,"minecraft:wither_skeleton_skull":271,"minecraft:stripped_acacia_log":9,"minecraft:gray_carpet":6573,"minecraft:stone_pickaxe":83,"minecraft:jungle_fence":280,"minecraft:oak_planks":4547,"minecraft:prismarine_stairs":10,"minecraft:polished_diorite_slab":9,"minecraft:sandstone":1379,"minecraft:sugar_cane":305,"minecraft:diamond_axe":92580,"minecraft:white_wool":1175,"minecraft:light_blue_concrete":263,"minecraft:lime_stained_glass_pane":576,"minecraft:light_blue_wool":783,"minecraft:yellow_concrete":1272,"minecraft:crossbow":10,"minecraft:end_stone":3558,"minecraft:sticky_piston":1122,"minecraft:black_terracotta":3205,"minecraft:lever":462,"minecraft:daylight_detector":5,"minecraft:acacia_door":139,"minecraft:dark_oak_log":6615,"minecraft:bread":79,"minecraft:brown_wool":95,"minecraft:iron_door":59,"minecraft:light_blue_concrete_powder":262,"minecraft:pufferfish_bucket":64,"minecraft:smooth_stone_slab":26525,"minecraft:mossy_cobblestone_wall":52,"minecraft:coarse_dirt":793,"minecraft:bone_meal":14827,"minecraft:orange_concrete_powder":495,"minecraft:white_tulip":38,"minecraft:flint_and_steel":311,"minecraft:rose_bush":21,"minecraft:granite_stairs":21,"minecraft:redstone":4759,"minecraft:ender_chest":1546,"minecraft:brown_shulker_box":2079,"minecraft:stone_hoe":160,"minecraft:stripped_birch_wood":42,"minecraft:dried_kelp_block":513,"minecraft:cooked_chicken":242,"minecraft:dirt":54929,"minecraft:red_nether_brick_slab":278,"minecraft:prismarine_bricks":17798,"minecraft:spruce_fence":1473,"minecraft:iron_hoe":136,"minecraft:wooden_axe":9,"minecraft:brown_terracotta":2028,"minecraft:light_gray_stained_glass":435,"minecraft:oak_stairs":564,"minecraft:smooth_sandstone":15356,"minecraft:yellow_concrete_powder":1037,"minecraft:black_stained_glass":10900,"minecraft:dark_oak_pressure_plate":7,"minecraft:lime_stained_glass":63,"minecraft:minecart":235,"minecraft:dead_bubble_coral_block":3,"minecraft:mossy_stone_brick_wall":11,"minecraft:cyan_concrete_powder":131,"minecraft:light_gray_bed":2,"minecraft:cooked_beef":122,"minecraft:pumpkin":400,"minecraft:turtle_egg":45,"minecraft:orange_stained_glass_pane":75,"minecraft:cobblestone_stairs":563,"minecraft:snow_block":1821,"minecraft:baked_potato":334,"minecraft:red_nether_bricks":1049,"minecraft:birch_boat":153,"minecraft:brown_mushroom":84,"minecraft:cut_sandstone":1410,"minecraft:spruce_sign":72,"minecraft:green_bed":74,"minecraft:music_disc_cat":3,"minecraft:dark_prismarine_slab":12572,"minecraft:magenta_bed":1,"minecraft:red_mushroom":1,"minecraft:spider_eye":4,"minecraft:brown_glazed_terracotta":202,"minecraft:magenta_carpet":1,"minecraft:cyan_stained_glass":1588,"minecraft:piston":1321,"minecraft:wooden_hoe":149,"minecraft:gray_terracotta":3265,"minecraft:flower_pot":52,"minecraft:black_wool":2064,"minecraft:lapis_ore":10,"minecraft:stone_slab":10375,"minecraft:detector_rail":137,"minecraft:magenta_concrete":62,"minecraft:jungle_stairs":1747,"minecraft:brown_stained_glass_pane":35,"minecraft:pink_shulker_box":1024,"minecraft:stone_axe":146,"minecraft:end_crystal":1,"minecraft:yellow_wool":9141,"minecraft:magenta_banner":1,"minecraft:cyan_stained_glass_pane":365,"minecraft:fire_coral_block":114,"minecraft:lapis_block":271,"minecraft:wither_rose":359,"minecraft:sea_pickle":280,"minecraft:gray_wool":36,"minecraft:birch_stairs":1767,"minecraft:nether_brick_fence":211,"minecraft:music_disc_far":1,"minecraft:peony":17,"minecraft:dead_horn_coral_block":11,"minecraft:ladder":3046,"minecraft:spruce_slab":3093,"minecraft:chest":5089,"minecraft:green_banner":21,"minecraft:brown_concrete":494,"minecraft:white_shulker_box":1099,"minecraft:acacia_button":28,"minecraft:acacia_sapling":658,"minecraft:brick_slab":3226,"minecraft:orange_wool":1020,"minecraft:blue_stained_glass":8,"minecraft:allium":20,"minecraft:jungle_slab":2955,"minecraft:stripped_spruce_log":60,"minecraft:black_stained_glass_pane":3289,"minecraft:grass_block":37517,"minecraft:birch_sapling":467,"minecraft:polished_andesite_stairs":167,"minecraft:orange_shulker_box":2232,"minecraft:wet_sponge":7,"minecraft:music_disc_chirp":2,"minecraft:blue_banner":51,"minecraft:dark_oak_button":9,"minecraft:pink_wool":4,"minecraft:stone_brick_stairs":10307,"minecraft:music_disc_stal":3,"minecraft:snow":11484,"minecraft:red_stained_glass_pane":733,"minecraft:dark_oak_boat":32,"minecraft:sweet_berries":438,"minecraft:furnace":1467,"minecraft:egg":28,"minecraft:potato":191,"minecraft:dragon_head":2,"minecraft:seagrass":524,"minecraft:brown_concrete_powder":892,"minecraft:magenta_shulker_box":465,"minecraft:light_blue_carpet":94,"minecraft:spruce_door":109,"minecraft:stripped_birch_log":145,"minecraft:diorite":556,"minecraft:end_stone_bricks":794,"minecraft:brick_wall":73,"minecraft:red_stained_glass":3563,"minecraft:acacia_trapdoor":2176,"minecraft:powered_rail":4477,"minecraft:orange_tulip":75,"minecraft:lime_concrete_powder":472,"minecraft:jungle_pressure_plate":89,"minecraft:purpur_pillar":226,"minecraft:oak_leaves":4820,"minecraft:smooth_quartz_stairs":229,"minecraft:cookie":8,"minecraft:dark_oak_trapdoor":838,"minecraft:sand":45275,"minecraft:purpur_stairs":645,"minecraft:smooth_red_sandstone":958,"minecraft:blue_ice":132,"minecraft:black_concrete_powder":19264,"minecraft:pumpkin_seeds":100,"minecraft:chiseled_sandstone":37,"minecraft:stone_button":864,"minecraft:cyan_carpet":167,"minecraft:lectern":41,"minecraft:red_terracotta":3629,"minecraft:polished_granite":3842,"minecraft:diamond_ore":146,"minecraft:lilac":21,"minecraft:polished_andesite_slab":534,"minecraft:dark_oak_fence":1399,"minecraft:white_stained_glass":1587,"minecraft:bubble_coral_block":82,"minecraft:green_concrete_powder":3971,"minecraft:ice":12802,"minecraft:gray_stained_glass":22508,"minecraft:iron_bars":4535,"minecraft:acacia_log":4175,"minecraft:stone_sword":130,"minecraft:brain_coral_fan":10,"minecraft:red_concrete":747,"minecraft:mycelium":1027,"minecraft:sandstone_wall":17,"minecraft:netherrack":12499,"minecraft:green_glazed_terracotta":78,"minecraft:orange_bed":2,"minecraft:light_gray_shulker_box":1790,"minecraft:anvil":171,"minecraft:chorus_flower":190,"minecraft:stone_stairs":429,"minecraft:polished_granite_slab":200,"minecraft:nether_brick_slab":884,"minecraft:jungle_trapdoor":1710,"minecraft:blue_concrete":341,"minecraft:nether_brick_stairs":1167,"minecraft:polished_diorite":1256,"minecraft:red_shulker_box":913,"minecraft:cyan_shulker_box":638,"minecraft:spruce_button":412,"minecraft:brick_stairs":1047,"minecraft:iron_axe":244,"minecraft:slime_block":1796,"minecraft:smooth_quartz":561,"minecraft:totem_of_undying":18,"minecraft:pink_stained_glass_pane":521,"minecraft:prismarine_slab":4922,"minecraft:melon_seeds":94,"minecraft:tripwire_hook":122,"minecraft:purple_concrete":145,"minecraft:glowstone":920,"minecraft:beef":1,"minecraft:iron_trapdoor":1213,"minecraft:magenta_wool":29,"minecraft:acacia_wood":35,"minecraft:orange_terracotta":800,"minecraft:observer":3512,"minecraft:water_bucket":7692,"minecraft:yellow_banner":74,"minecraft:nether_brick_wall":53,"minecraft:light_blue_glazed_terracotta":7,"minecraft:sandstone_stairs":2714,"minecraft:prismarine_brick_slab":6380,"minecraft:smooth_sandstone_slab":181,"minecraft:cartography_table":12,"minecraft:yellow_shulker_box":933,"minecraft:lime_wool":945,"minecraft:bubble_coral_fan":16,"minecraft:red_mushroom_block":13,"minecraft:fletching_table":7,"minecraft:pink_concrete":153,"minecraft:orange_carpet":278,"minecraft:lime_terracotta":2239,"minecraft:cracked_stone_bricks":1265,"minecraft:comparator":748,"minecraft:vine":631,"minecraft:mossy_cobblestone":483,"minecraft:tnt":137,"minecraft:crafting_table":927,"minecraft:oak_slab":1642,"minecraft:birch_sign":19,"minecraft:fire_coral":8,"minecraft:cod":4,"minecraft:dark_oak_fence_gate":12,"minecraft:lime_shulker_box":201,"minecraft:cake":1,"minecraft:oak_log":2761,"minecraft:dark_prismarine":10110,"minecraft:cornflower":2,"minecraft:oxeye_daisy":14,"minecraft:stripped_jungle_log":4,"minecraft:sunflower":24,"minecraft:iron_pickaxe":233,"minecraft:cyan_concrete":108,"minecraft:purpur_slab":62,"minecraft:music_disc_blocks":1,"minecraft:chiseled_stone_bricks":456,"minecraft:cobblestone":18169,"minecraft:red_concrete_powder":623,"minecraft:acacia_pressure_plate":51,"minecraft:sandstone_slab":8460,"minecraft:glass_pane":2833,"minecraft:brown_mushroom_block":98,"minecraft:jukebox":2,"minecraft:kelp":7513,"minecraft:light_blue_stained_glass_pane":192,"minecraft:iron_shovel":2070,"minecraft:carrot_on_a_stick":551,"minecraft:oak_sign":2711,"minecraft:diamond_hoe":1,"minecraft:white_concrete_powder":20114,"minecraft:white_terracotta":692,"minecraft:iron_sword":263,"minecraft:purple_shulker_box":226,"minecraft:bell":11,"minecraft:player_head":224,"minecraft:smooth_sandstone_stairs":164,"minecraft:birch_pressure_plate":108,"minecraft:nether_bricks":5131,"minecraft:prismarine_brick_stairs":556,"minecraft:carrot":71,"minecraft:music_disc_11":1,"minecraft:cyan_wool":194,"minecraft:milk_bucket":23,"minecraft:red_sandstone_stairs":29,"minecraft:glass":5900,"minecraft:cyan_terracotta":25374,"minecraft:coal_ore":390,"minecraft:quartz_slab":1341,"minecraft:dark_oak_wood":67,"minecraft:gray_concrete_powder":16638,"minecraft:hopper_minecart":54,"minecraft:stone_bricks":32184,"minecraft:redstone_lamp":302,"minecraft:repeater":2143,"minecraft:red_carpet":1336,"minecraft:magma_block":198,"minecraft:brown_carpet":1203,"minecraft:hay_block":39,"minecraft:scaffolding":23580,"minecraft:gray_bed":33,"minecraft:beetroot_seeds":68,"minecraft:polished_diorite_stairs":260,"minecraft:fire_coral_fan":21,"minecraft:stripped_spruce_wood":1,"minecraft:dark_oak_stairs":2328,"minecraft:birch_leaves":564,"minecraft:dark_oak_sign":20,"minecraft:birch_wood":96,"minecraft:ender_pearl":1294,"minecraft:blue_bed":4,"minecraft:redstone_block":991,"minecraft:brain_coral":5,"minecraft:yellow_terracotta":1773,"minecraft:black_banner":86,"minecraft:loom":43,"minecraft:light_gray_terracotta":1298,"minecraft:gray_shulker_box":429,"minecraft:melon_slice":5,"minecraft:sponge":3422,"minecraft:black_bed":229,"minecraft:note_block":226,"minecraft:firework_rocket":390,"minecraft:stone_brick_wall":268,"minecraft:string":1012,"minecraft:shears":14249,"minecraft:redstone_torch":1123,"minecraft:cyan_bed":109,"minecraft:green_concrete":3653,"minecraft:birch_fence_gate":92,"minecraft:black_concrete":18976,"minecraft:music_disc_mall":1,"minecraft:heavy_weighted_pressure_plate":8,"minecraft:lime_carpet":563,"minecraft:light_gray_concrete":4213,"minecraft:brown_stained_glass":25,"minecraft:gravel":5813,"minecraft:smooth_red_sandstone_slab":359,"minecraft:granite_slab":157,"minecraft:jungle_sign":66,"minecraft:oak_fence":1057,"minecraft:stripped_oak_wood":3,"minecraft:grindstone":47,"minecraft:jungle_leaves":1240,"minecraft:purpur_block":136,"minecraft:white_concrete":15864,"minecraft:experience_bottle":0,"minecraft:andesite":6734,"minecraft:cobweb":25,"minecraft:chest_minecart":3,"minecraft:trident":315,"minecraft:redstone_ore":16,"minecraft:stone_shovel":310,"minecraft:light_blue_terracotta":10320,"minecraft:spruce_planks":2073,"minecraft:oak_door":1,"minecraft:end_stone_brick_wall":151,"minecraft:white_carpet":626,"minecraft:hopper":3746,"minecraft:spruce_stairs":1487,"minecraft:cobblestone_wall":2075,"minecraft:shulker_box":4119,"minecraft:pink_carpet":1,"minecraft:oak_wood":58,"minecraft:granite":1569,"minecraft:light_blue_stained_glass":8060,"minecraft:purple_banner":6,"minecraft:birch_door":6,"minecraft:andesite_wall":628,"minecraft:purple_stained_glass_pane":32,"minecraft:stone_brick_slab":18264,"minecraft:dark_oak_planks":2108,"minecraft:red_tulip":57,"minecraft:yellow_stained_glass":222,"minecraft:bookshelf":406,"minecraft:acacia_slab":125,"minecraft:light_gray_wool":1595,"minecraft:emerald_block":376,"minecraft:golden_carrot":5408,"minecraft:white_stained_glass_pane":490,"minecraft:cyan_banner":6,"minecraft:stone_pressure_plate":204,"minecraft:horn_coral_block":101,"minecraft:brown_bed":105,"minecraft:brain_coral_block":77,"minecraft:acacia_boat":50,"minecraft:cooked_mutton":2,"minecraft:pink_tulip":29,"minecraft:iron_ore":46,"minecraft:glass_bottle":345,"minecraft:polished_andesite":9415,"minecraft:blue_wool":4641,"minecraft:pink_banner":5,"minecraft:andesite_slab":1390,"minecraft:black_shulker_box":586,"minecraft:stonecutter":10,"minecraft:beacon":65,"minecraft:red_glazed_terracotta":90,"minecraft:cobblestone_slab":4033,"minecraft:jungle_wood":55,"minecraft:stripped_dark_oak_log":127,"minecraft:terracotta":1069,"minecraft:lime_bed":18,"minecraft:dead_fire_coral_block":74,"minecraft:brown_banner":1,"minecraft:activator_rail":79,"minecraft:smoker":82,"minecraft:yellow_stained_glass_pane":76,"minecraft:acacia_stairs":507,"minecraft:light_gray_concrete_powder":5582,"minecraft:painting":141,"minecraft:smooth_red_sandstone_stairs":890,"minecraft:dark_oak_door":50,"minecraft:purple_stained_glass":58,"minecraft:apple":18,"minecraft:acacia_fence_gate":33,"minecraft:fishing_rod":131025,"minecraft:green_shulker_box":449,"minecraft:white_banner":256,"minecraft:jungle_door":26,"minecraft:red_banner":66,"minecraft:bucket":8383,"minecraft:yellow_bed":10,"minecraft:purple_carpet":12,"minecraft:smooth_stone":7986,"minecraft:splash_potion":20},"minecraft:killed":{"minecraft:cod":58,"minecraft:guardian":1931,"minecraft:parrot":5,"minecraft:elder_guardian":4,"minecraft:salmon":3,"minecraft:iron_golem":1,"minecraft:ender_dragon":1,"minecraft:pillager":147902,"minecraft:zombie":1114,"minecraft:evoker":27275,"minecraft:zombie_pigman":64,"minecraft:endermite":19,"minecraft:vindicator":132783,"minecraft:snow_golem":41,"minecraft:husk":10,"minecraft:rabbit":2,"minecraft:ravager":2,"minecraft:witch":53945,"minecraft:spider":173,"minecraft:wither":98,"minecraft:silverfish":7,"minecraft:zombie_villager":24,"minecraft:sheep":159,"minecraft:trader_llama":55,"minecraft:mooshroom":6623,"minecraft:ghast":183,"minecraft:vex":12,"minecraft:slime":846,"minecraft:drowned":414,"minecraft:squid":192,"minecraft:wither_skeleton":308,"minecraft:villager":1,"minecraft:cave_spider":30,"minecraft:shulker":273,"minecraft:pufferfish":8,"minecraft:skeleton":55473,"minecraft:chicken":98,"minecraft:magma_cube":54,"minecraft:cow":107,"minecraft:horse":1,"minecraft:ocelot":1,"minecraft:wandering_trader":23,"minecraft:enderman":852,"minecraft:turtle":32,"minecraft:wolf":2,"minecraft:pig":6,"minecraft:creeper":457,"minecraft:stray":5,"minecraft:blaze":58,"minecraft:phantom":84,"minecraft:bat":30},"minecraft:picked_up":{"minecraft:suspicious_stew":2,"minecraft:stone_slab":974,"minecraft:smithing_table":16,"minecraft:lead":331,"minecraft:enchanted_book":159,"minecraft:purple_shulker_box":224,"minecraft:blue_concrete":310,"minecraft:music_disc_cat":7,"minecraft:string":977,"minecraft:pufferfish":236,"minecraft:diamond_leggings":57,"minecraft:horn_coral_block":332,"minecraft:bubble_coral":6,"minecraft:hopper_minecart":1,"minecraft:diamond_ore":255,"minecraft:cyan_stained_glass":58,"minecraft:brick_wall":15,"minecraft:acacia_log":6022,"minecraft:purpur_pillar":168,"minecraft:gray_shulker_box":433,"minecraft:green_terracotta":594,"minecraft:golden_chestplate":46,"minecraft:cyan_stained_glass_pane":28,"minecraft:cauldron":93,"minecraft:brown_carpet":162,"minecraft:yellow_banner":432,"minecraft:stone_sword":12,"minecraft:lime_carpet":109,"minecraft:horn_coral_fan":43,"minecraft:red_tulip":60,"minecraft:carved_pumpkin":274,"minecraft:glowstone":173,"minecraft:bookshelf":107,"minecraft:end_rod":934,"minecraft:white_terracotta":7296,"minecraft:blaze_rod":22,"minecraft:iron_bars":1196,"minecraft:snowball":6646,"minecraft:sponge":155,"minecraft:feather":252,"minecraft:cooked_beef":194,"minecraft:water_bucket":36,"minecraft:dark_oak_boat":25,"minecraft:brown_wool":6339,"minecraft:flint":1994,"minecraft:purple_stained_glass":43,"minecraft:cyan_concrete_powder":18,"minecraft:pink_concrete_powder":115,"minecraft:lantern":266,"minecraft:gray_concrete_powder":10274,"minecraft:purple_carpet":13,"minecraft:stonecutter":6,"minecraft:dark_oak_sign":8,"minecraft:rabbit":7,"minecraft:diamond_helmet":54,"minecraft:lime_terracotta":762,"minecraft:stripped_acacia_wood":1,"minecraft:birch_fence_gate":67,"minecraft:stripped_spruce_log":79,"minecraft:brown_mushroom_block":2601,"minecraft:acacia_stairs":254,"minecraft:iron_hoe":1,"minecraft:polished_andesite":2132,"minecraft:blue_terracotta":177,"minecraft:lever":215,"minecraft:granite":14726,"minecraft:spruce_button":28,"minecraft:golden_horse_armor":1,"minecraft:blue_banner":75,"minecraft:jack_o_lantern":16,"minecraft:light_gray_carpet":316,"minecraft:diamond_pickaxe":128,"minecraft:clay_ball":5390,"minecraft:redstone_lamp":72,"minecraft:leather_leggings":27,"minecraft:dragon_head":12,"minecraft:acacia_button":13,"minecraft:purpur_block":381,"minecraft:fire_coral":13,"minecraft:heavy_weighted_pressure_plate":8,"minecraft:cornflower":16,"minecraft:elytra":80,"minecraft:flint_and_steel":33,"minecraft:acacia_door":77,"minecraft:white_carpet":309,"minecraft:white_stained_glass":410,"minecraft:iron_shovel":2,"minecraft:glass_pane":190,"minecraft:jungle_sapling":251,"minecraft:poppy":1658,"minecraft:spruce_slab":836,"minecraft:minecart":238,"minecraft:birch_sapling":751,"minecraft:piston":533,"minecraft:lime_shulker_box":208,"minecraft:black_stained_glass":1211,"minecraft:stone":143890,"minecraft:music_disc_mellohi":2,"minecraft:white_dye":21,"minecraft:jungle_fence_gate":5,"minecraft:cyan_shulker_box":642,"minecraft:red_nether_brick_wall":27,"minecraft:jungle_sign":44,"minecraft:diamond_chestplate":9,"minecraft:purpur_slab":49,"minecraft:hay_block":8,"minecraft:yellow_terracotta":2048,"minecraft:totem_of_undying":318,"minecraft:mutton":149,"minecraft:bone_block":5293,"minecraft:rail":2710,"minecraft:emerald_ore":5,"minecraft:oxeye_daisy":65,"minecraft:lime_bed":17,"minecraft:birch_leaves":1102,"minecraft:yellow_shulker_box":945,"minecraft:clock":1,"minecraft:smooth_red_sandstone":337,"minecraft:tripwire_hook":137,"minecraft:yellow_dye":230,"minecraft:fern":16,"minecraft:red_glazed_terracotta":124,"minecraft:jungle_fence":215,"minecraft:purpur_stairs":160,"minecraft:lily_pad":119,"minecraft:paper":163,"minecraft:light_blue_banner":2,"minecraft:apple":364,"minecraft:yellow_stained_glass":39,"minecraft:oak_fence_gate":38,"minecraft:stone_pickaxe":1,"minecraft:iron_ore":4676,"minecraft:gray_bed":34,"minecraft:dark_oak_stairs":669,"minecraft:polished_andesite_stairs":84,"minecraft:milk_bucket":10,"minecraft:light_gray_stained_glass":47,"minecraft:sweet_berries":3692,"minecraft:green_glazed_terracotta":6,"minecraft:red_wool":3430,"minecraft:lime_concrete":399,"minecraft:light_blue_stained_glass":1721,"minecraft:dragon_egg":1,"minecraft:leather_helmet":24,"minecraft:oak_wood":4,"minecraft:diamond_shovel":67,"minecraft:coal_ore":2214,"minecraft:slime_ball":1594,"minecraft:painting":100,"minecraft:birch_sign":20,"minecraft:red_nether_brick_slab":111,"minecraft:baked_potato":222,"minecraft:smooth_quartz_slab":203,"minecraft:hopper":1703,"minecraft:prismarine_stairs":2,"minecraft:black_carpet":236,"minecraft:light_blue_concrete":329,"minecraft:ender_chest":1550,"minecraft:nether_brick_fence":119,"minecraft:yellow_wool":4320,"minecraft:stone_brick_stairs":2214,"minecraft:lapis_block":216,"minecraft:dead_tube_coral_block":1,"minecraft:purple_banner":2,"minecraft:experience_bottle":2,"minecraft:smooth_red_sandstone_slab":30,"minecraft:red_sand":8852,"minecraft:smooth_stone":1778,"minecraft:comparator":424,"minecraft:bucket":59,"minecraft:light_weighted_pressure_plate":4,"minecraft:white_tulip":79,"minecraft:red_dye":45,"minecraft:rose_bush":4860,"minecraft:cobblestone_slab":721,"minecraft:smooth_quartz":415,"minecraft:wooden_shovel":18,"minecraft:iron_pickaxe":2,"minecraft:smooth_quartz_stairs":32,"minecraft:blue_wool":6523,"minecraft:tipped_arrow":16,"minecraft:acacia_fence":305,"minecraft:birch_trapdoor":181,"minecraft:spruce_stairs":550,"minecraft:diorite":16433,"minecraft:vine":1791,"minecraft:andesite_wall":4,"minecraft:rotten_flesh":4264,"minecraft:music_disc_ward":1,"minecraft:brown_shulker_box":2085,"minecraft:chorus_flower":229,"minecraft:obsidian":2728,"minecraft:blaze_powder":2,"minecraft:cobblestone":144152,"minecraft:enchanting_table":9,"minecraft:leather_chestplate":22,"minecraft:lilac":94,"minecraft:repeater":972,"minecraft:andesite":22426,"minecraft:black_bed":223,"minecraft:orange_carpet":38,"minecraft:golden_leggings":36,"minecraft:beacon":51,"minecraft:potato":873,"minecraft:smooth_sandstone_stairs":14,"minecraft:prismarine_bricks":7513,"minecraft:stripped_birch_log":262,"minecraft:dirt":109152,"minecraft:cut_sandstone_slab":27,"minecraft:name_tag":86,"minecraft:glass":5301,"minecraft:bone":22377,"minecraft:acacia_planks":8,"minecraft:bow":586,"minecraft:wheat_seeds":7807,"minecraft:orange_tulip":94,"minecraft:birch_wood":18,"minecraft:grindstone":14,"minecraft:popped_chorus_fruit":480,"minecraft:purple_stained_glass_pane":38,"minecraft:mossy_stone_bricks":81,"minecraft:fletching_table":3,"minecraft:bamboo":19335,"minecraft:cyan_concrete":249,"minecraft:prismarine":8313,"minecraft:diorite_wall":1,"minecraft:brown_stained_glass":8,"minecraft:gray_stained_glass":529,"minecraft:black_stained_glass_pane":1515,"minecraft:light_blue_shulker_box":953,"minecraft:melon":16,"minecraft:nether_brick_stairs":436,"minecraft:grass_block":90158,"minecraft:diamond_block":117,"minecraft:jungle_slab":485,"minecraft:mossy_cobblestone":146,"minecraft:jungle_leaves":1509,"minecraft:light_gray_terracotta":13032,"minecraft:light_blue_terracotta":1370,"minecraft:sugar":1513,"minecraft:yellow_carpet":231,"minecraft:slime_block":1162,"minecraft:crossbow":465,"minecraft:bone_meal":1483,"minecraft:grass":118,"minecraft:golden_apple":63,"minecraft:spruce_sign":83,"minecraft:emerald":46614,"minecraft:chorus_fruit":1197,"minecraft:netherrack":76128,"minecraft:oak_leaves":5922,"minecraft:andesite_slab":235,"minecraft:azure_bluet":63,"minecraft:splash_potion":6,"minecraft:ladder":2255,"minecraft:brown_mushroom":553,"minecraft:packed_ice":7919,"minecraft:pink_wool":5997,"minecraft:stone_brick_wall":128,"minecraft:brick":392,"minecraft:shield":22,"minecraft:orange_stained_glass":94,"minecraft:oak_trapdoor":120,"minecraft:end_stone_brick_wall":71,"minecraft:mycelium":3151,"minecraft:birch_fence":649,"minecraft:magenta_wool":6394,"minecraft:blue_orchid":3709,"minecraft:lime_wool":5964,"minecraft:end_stone":4959,"minecraft:note_block":106,"minecraft:cookie":27,"minecraft:brown_concrete_powder":457,"minecraft:trident":30,"minecraft:light_blue_bed":4,"minecraft:light_gray_stained_glass_pane":119,"minecraft:brown_dye":3,"minecraft:stone_pressure_plate":107,"minecraft:purple_terracotta":2,"minecraft:blue_concrete_powder":171,"minecraft:tube_coral":5,"minecraft:red_shulker_box":908,"minecraft:nether_bricks":1374,"minecraft:stripped_dark_oak_wood":15,"minecraft:pink_tulip":96,"minecraft:black_banner":47,"minecraft:brick_stairs":358,"minecraft:nether_brick_wall":71,"minecraft:skeleton_skull":1,"minecraft:jungle_boat":8,"minecraft:prismarine_slab":1180,"minecraft:dark_oak_button":4,"minecraft:golden_carrot":1422,"minecraft:leather":1052,"minecraft:music_disc_stal":2,"minecraft:ice":21139,"minecraft:chainmail_chestplate":12,"minecraft:yellow_bed":8,"minecraft:cobblestone_wall":488,"minecraft:gunpowder":2921,"minecraft:orange_terracotta":6401,"minecraft:red_carpet":308,"minecraft:gray_carpet":808,"minecraft:acacia_trapdoor":672,"minecraft:rabbit_hide":4,"minecraft:spruce_wood":11,"minecraft:iron_ingot":310613,"minecraft:cooked_chicken":129,"minecraft:prismarine_brick_slab":1741,"minecraft:polished_andesite_slab":51,"minecraft:pink_bed":28,"minecraft:nether_quartz_ore":1319,"minecraft:emerald_block":147,"minecraft:stone_brick_slab":5828,"minecraft:quartz":15190,"minecraft:dandelion":368,"minecraft:lava_bucket":10,"minecraft:green_stained_glass":11,"minecraft:red_banner":13,"minecraft:nether_brick_slab":1010,"minecraft:spruce_door":85,"minecraft:brick_slab":1157,"minecraft:cut_red_sandstone":8,"minecraft:light_blue_concrete_powder":27,"minecraft:polished_diorite_stairs":131,"minecraft:pumpkin_seeds":1130,"minecraft:white_concrete_powder":7265,"minecraft:gray_banner":7,"minecraft:chainmail_leggings":30,"minecraft:mossy_cobblestone_stairs":7,"minecraft:terracotta":10839,"minecraft:damaged_anvil":41,"minecraft:dark_oak_wood":6,"minecraft:wooden_axe":1,"minecraft:sunflower":4715,"minecraft:iron_chestplate":7,"minecraft:seagrass":1245,"minecraft:birch_door":2,"minecraft:anvil":96,"minecraft:chainmail_boots":20,"minecraft:creeper_head":1,"minecraft:flower_pot":16,"minecraft:prismarine_shard":82582,"minecraft:diamond_sword":73,"minecraft:magenta_carpet":2,"minecraft:oak_stairs":156,"minecraft:brown_bed":103,"minecraft:acacia_pressure_plate":35,"minecraft:wither_rose":644,"minecraft:birch_button":20,"minecraft:brewing_stand":17,"minecraft:golden_sword":2,"minecraft:dark_oak_trapdoor":161,"minecraft:cooked_salmon":82,"minecraft:red_nether_bricks":110,"minecraft:blue_stained_glass_pane":708,"minecraft:beetroot":69,"minecraft:orange_concrete_powder":7,"minecraft:gold_nugget":234645,"minecraft:black_glazed_terracotta":59,"minecraft:spruce_planks":797,"minecraft:acacia_sign":2,"minecraft:acacia_fence_gate":18,"minecraft:written_book":48,"minecraft:melon_slice":636,"minecraft:coal_block":193,"minecraft:dark_oak_door":37,"minecraft:golden_helmet":52,"minecraft:music_disc_blocks":2,"minecraft:magenta_concrete_powder":40,"minecraft:composter":63,"minecraft:green_bed":73,"minecraft:sandstone_wall":11,"minecraft:black_dye":32,"minecraft:gray_stained_glass_pane":109,"minecraft:light_gray_bed":1,"minecraft:light_blue_wool":3761,"minecraft:tropical_fish":44,"minecraft:blue_dye":20,"minecraft:iron_block":4934,"minecraft:cyan_terracotta":5840,"minecraft:birch_log":5089,"minecraft:magma_block":510,"minecraft:mossy_cobblestone_slab":6,"minecraft:polished_diorite_slab":9,"minecraft:birch_slab":1008,"minecraft:iron_door":46,"minecraft:jungle_log":5017,"minecraft:acacia_leaves":1149,"minecraft:green_concrete_powder":226,"minecraft:jungle_wood":24,"minecraft:smoker":25,"minecraft:stripped_spruce_wood":5,"minecraft:gray_concrete":8629,"minecraft:map":15,"minecraft:light_gray_concrete_powder":886,"minecraft:chipped_anvil":79,"minecraft:gray_terracotta":370,"minecraft:glowstone_dust":1747,"minecraft:gray_glazed_terracotta":10,"minecraft:dropper":537,"minecraft:ink_sac":1148,"minecraft:granite_slab":17,"minecraft:loom":17,"minecraft:red_terracotta":8940,"minecraft:dark_oak_log":9509,"minecraft:barrel":109,"minecraft:stripped_acacia_log":38,"minecraft:black_concrete_powder":17683,"minecraft:dispenser":448,"minecraft:green_concrete":1084,"minecraft:writable_book":54,"minecraft:polished_granite_slab":11,"minecraft:dead_brain_coral_block":1,"minecraft:blue_ice":604,"minecraft:bread":6,"minecraft:chainmail_helmet":13,"minecraft:dark_oak_fence":646,"minecraft:bricks":1103,"minecraft:spruce_leaves":2182,"minecraft:lime_stained_glass_pane":39,"minecraft:crafting_table":898,"minecraft:coarse_dirt":473,"minecraft:bubble_coral_fan":54,"minecraft:sandstone_slab":2738,"minecraft:purple_wool":3641,"minecraft:nether_wart":8758,"minecraft:orange_stained_glass_pane":25,"minecraft:orange_banner":22,"minecraft:conduit":24,"minecraft:red_bed":2,"minecraft:jungle_trapdoor":535,"minecraft:snow":11930,"minecraft:cracked_stone_bricks":121,"minecraft:cartography_table":9,"minecraft:beef":1053,"minecraft:cyan_wool":7238,"minecraft:iron_nugget":186,"minecraft:quartz_stairs":390,"minecraft:chest":3912,"minecraft:egg":179,"minecraft:sandstone":26112,"minecraft:oak_door":3,"minecraft:spruce_fence":815,"minecraft:cake":1,"minecraft:carrot":304,"minecraft:redstone":12528,"minecraft:mushroom_stem":723,"minecraft:blue_carpet":623,"minecraft:prismarine_crystals":27593,"minecraft:tnt":181,"minecraft:polished_granite_stairs":12,"minecraft:cooked_cod":64065,"minecraft:beetroot_seeds":164,"minecraft:peony":81,"minecraft:tube_coral_fan":56,"minecraft:shears":408,"minecraft:diamond_boots":61,"minecraft:sandstone_stairs":284,"minecraft:tube_coral_block":291,"minecraft:gold_ingot":2220,"minecraft:white_shulker_box":1102,"minecraft:white_wool":1826,"minecraft:lapis_ore":204,"minecraft:stripped_oak_log":165,"minecraft:smooth_red_sandstone_stairs":95,"minecraft:red_mushroom_block":958,"minecraft:red_mushroom":35,"minecraft:filled_map":84,"minecraft:brown_concrete":607,"minecraft:oak_log":10148,"minecraft:jungle_button":29,"minecraft:golden_boots":60,"minecraft:blue_bed":2,"minecraft:white_banner":1014,"minecraft:birch_pressure_plate":29,"minecraft:stone_bricks":12295,"minecraft:kelp":107113,"minecraft:music_disc_far":2,"minecraft:cobweb":415,"minecraft:glass_bottle":1720,"minecraft:iron_sword":8,"minecraft:prismarine_brick_stairs":73,"minecraft:white_stained_glass_pane":153,"minecraft:dark_oak_slab":724,"minecraft:daylight_detector":2,"minecraft:yellow_concrete":2023,"minecraft:light_blue_glazed_terracotta":573,"minecraft:gravel":44037,"minecraft:birch_stairs":302,"minecraft:dead_fire_coral_block":43,"minecraft:spruce_sapling":1578,"minecraft:spruce_log":15665,"minecraft:sea_lantern":2056,"minecraft:firework_rocket":5867,"minecraft:red_stained_glass":294,"minecraft:purple_bed":56,"minecraft:stone_axe":3,"minecraft:polished_diorite":199,"minecraft:light_blue_carpet":141,"minecraft:diamond_axe":56,"minecraft:redstone_ore":547,"minecraft:scute":51,"minecraft:gray_wool":1207,"minecraft:oak_button":15,"minecraft:stripped_dark_oak_log":182,"minecraft:ender_pearl":1632,"minecraft:shulker_shell":812,"minecraft:wheat":5159,"minecraft:redstone_block":945,"minecraft:iron_trapdoor":212,"minecraft:light_gray_shulker_box":1824,"minecraft:green_stained_glass_pane":48,"minecraft:potion":364,"minecraft:turtle_egg":86,"minecraft:nether_brick":691,"minecraft:brain_coral_block":530,"minecraft:smooth_stone_slab":5063,"minecraft:iron_leggings":6,"minecraft:sticky_piston":587,"minecraft:armor_stand":94,"minecraft:zombie_head":2,"minecraft:pink_shulker_box":1031,"minecraft:oak_sign":1059,"minecraft:activator_rail":22,"minecraft:sea_pickle":346,"minecraft:black_shulker_box":599,"minecraft:dark_oak_leaves":196,"minecraft:redstone_torch":455,"minecraft:iron_boots":7,"minecraft:furnace":1034,"minecraft:stick":7000,"minecraft:orange_shulker_box":2250,"minecraft:jungle_door":21,"minecraft:brown_terracotta":2538,"minecraft:oak_fence":1132,"minecraft:torch":11375,"minecraft:porkchop":60,"minecraft:snow_block":56,"minecraft:dried_kelp":1527786,"minecraft:light_gray_banner":4,"minecraft:yellow_concrete_powder":22,"minecraft:blue_stained_glass":28,"minecraft:green_banner":4,"minecraft:quartz_block":852,"minecraft:cactus":33775,"minecraft:green_wool":5444,"minecraft:fire_coral_fan":60,"minecraft:leather_horse_armor":1,"minecraft:stripped_birch_wood":39,"minecraft:cod":2351,"minecraft:nautilus_shell":33,"minecraft:jungle_pressure_plate":2,"minecraft:magma_cream":13,"minecraft:chiseled_quartz_block":44,"minecraft:light_gray_dye":94,"minecraft:horn_coral":7,"minecraft:acacia_boat":35,"minecraft:wither_skeleton_skull":20,"minecraft:green_shulker_box":453,"minecraft:lapis_lazuli":2765,"minecraft:polished_granite":1606,"minecraft:leather_boots":61,"minecraft:bell":13,"minecraft:light_blue_dye":61,"minecraft:powered_rail":1183,"minecraft:mossy_stone_brick_stairs":11,"minecraft:oak_planks":1169,"minecraft:brain_coral":10,"minecraft:lime_glazed_terracotta":17,"minecraft:ghast_tear":29,"minecraft:pink_stained_glass":4,"minecraft:pink_concrete":434,"minecraft:black_terracotta":234,"minecraft:cooked_porkchop":18,"minecraft:poisonous_potato":10,"minecraft:oak_pressure_plate":31,"minecraft:pink_stained_glass_pane":9,"minecraft:jungle_planks":64,"minecraft:sand":125618,"minecraft:cyan_bed":109,"minecraft:chiseled_sandstone":15,"minecraft:shulker_box":4268,"minecraft:orange_wool":5546,"minecraft:dark_prismarine":1055,"minecraft:light_gray_concrete":3672,"minecraft:dark_prismarine_slab":809,"minecraft:spruce_fence_gate":58,"minecraft:clay":2759,"minecraft:diamond":1424,"minecraft:spruce_boat":57,"minecraft:black_concrete":5688,"minecraft:white_concrete":11682,"minecraft:chiseled_red_sandstone":13,"minecraft:oak_sapling":2431,"minecraft:bubble_coral_block":386,"minecraft:nether_star":107,"minecraft:end_stone_bricks":438,"minecraft:fishing_rod":49,"minecraft:cocoa_beans":8011,"minecraft:end_stone_brick_stairs":129,"minecraft:allium":26,"minecraft:chicken":225,"minecraft:turtle_helmet":1,"minecraft:wooden_pickaxe":2,"minecraft:gold_block":1060,"minecraft:stone_stairs":123,"minecraft:orange_concrete":655,"minecraft:iron_axe":240,"minecraft:wooden_sword":3,"minecraft:item_frame":194,"minecraft:quartz_slab":586,"minecraft:cyan_carpet":24,"minecraft:detector_rail":62,"minecraft:dark_prismarine_stairs":35,"minecraft:mossy_cobblestone_wall":8,"minecraft:andesite_stairs":54,"minecraft:oak_boat":186,"minecraft:player_head":1628,"minecraft:observer":1899,"minecraft:light_gray_wool":1519,"minecraft:lectern":27,"minecraft:sugar_cane":12126,"minecraft:blue_shulker_box":224,"minecraft:spruce_trapdoor":699,"minecraft:phantom_membrane":50,"minecraft:dark_oak_sapling":925,"minecraft:red_stained_glass_pane":287,"minecraft:bowl":12,"minecraft:brown_glazed_terracotta":5,"minecraft:gray_dye":1633,"minecraft:quartz_pillar":15,"minecraft:stone_button":135,"minecraft:magenta_shulker_box":470,"minecraft:dark_oak_planks":2332,"minecraft:smooth_sandstone_slab":29,"minecraft:arrow":12276,"minecraft:light_blue_stained_glass_pane":26,"minecraft:jungle_stairs":269,"minecraft:saddle":39,"minecraft:lime_stained_glass":8,"minecraft:wet_sponge":3449,"minecraft:salmon":633,"minecraft:cut_sandstone":374,"minecraft:birch_planks":1029,"minecraft:cobblestone_stairs":194,"minecraft:wooden_hoe":2,"minecraft:podzol":1717,"minecraft:smooth_sandstone":1883,"minecraft:red_nether_brick_stairs":16,"minecraft:red_sandstone":20,"minecraft:fire_coral_block":464,"minecraft:heart_of_the_sea":5,"minecraft:stripped_oak_wood":3,"minecraft:soul_sand":4268,"minecraft:acacia_sapling":1149,"minecraft:purple_concrete":64,"minecraft:music_disc_chirp":3,"minecraft:green_dye":45354,"minecraft:book":112,"minecraft:scaffolding":19303,"minecraft:oak_slab":664,"minecraft:red_concrete_powder":187,"minecraft:birch_boat":160,"minecraft:pumpkin":261,"minecraft:chiseled_stone_bricks":118,"minecraft:brain_coral_fan":44,"minecraft:blast_furnace":24,"minecraft:white_bed":486,"minecraft:gold_ore":984,"minecraft:mossy_stone_brick_slab":3,"minecraft:dark_oak_fence_gate":11,"minecraft:green_carpet":186,"minecraft:spider_eye":2022,"minecraft:stripped_jungle_log":13,"minecraft:cyan_banner":5,"minecraft:lime_banner":18,"minecraft:music_disc_mall":2,"minecraft:lime_dye":2,"minecraft:dried_kelp_block":39445,"minecraft:campfire":180,"minecraft:iron_helmet":5,"minecraft:stripped_jungle_wood":6,"minecraft:red_concrete":736,"minecraft:acacia_slab":81,"minecraft:black_wool":1221,"minecraft:magenta_concrete":248,"minecraft:coal":11010,"minecraft:purple_concrete_powder":46}},"DataVersion":1976}