{"stats":{"minecraft:mined":{"minecraft:dark_oak_planks":3,"minecraft:spruce_planks":4,"minecraft:oak_sapling":31,"minecraft:farmland":43,"minecraft:jungle_slab":5,"minecraft:cobblestone_stairs":1,"minecraft:jungle_leaves":11,"minecraft:obsidian":16,"minecraft:granite":42,"minecraft:acacia_log":21,"minecraft:grass_block":519,"minecraft:jungle_log":280,"minecraft:hopper":2,"minecraft:oxeye_daisy":5,"minecraft:iron_ore":201,"minecraft:pumpkin":125,"minecraft:dark_oak_stairs":1,"minecraft:blue_orchid":11,"minecraft:player_head":1,"minecraft:spruce_slab":3,"minecraft:kelp_plant":459,"minecraft:melon_stem":9,"minecraft:clay":18,"minecraft:torch":53,"minecraft:poppy":12,"minecraft:melon":65,"minecraft:chest":31,"minecraft:cobblestone":18,"minecraft:sugar_cane":203,"minecraft:oak_planks":3,"minecraft:wall_torch":3,"minecraft:birch_sapling":17,"minecraft:seagrass":18,"minecraft:dark_oak_slab":9,"minecraft:birch_log":283,"minecraft:sign":5,"minecraft:wheat":306,"minecraft:pumpkin_stem":16,"minecraft:stone_brick_stairs":15,"minecraft:grass":151,"minecraft:oak_log":387,"minecraft:beetroots":221,"minecraft:sand":396,"minecraft:dirt":354,"minecraft:oak_leaves":194,"minecraft:attached_pumpkin_stem":2,"minecraft:dark_oak_leaves":9,"minecraft:stripped_birch_log":1,"minecraft:dark_oak_log":178,"minecraft:birch_slab":7,"minecraft:acacia_slab":3,"minecraft:kelp":108,"minecraft:sandstone":98,"minecraft:hay_block":2,"minecraft:redstone_ore":61,"minecraft:furnace":3,"minecraft:carrots":221,"minecraft:jungle_sapling":4,"minecraft:andesite":67,"minecraft:potatoes":238,"minecraft:vine":8,"minecraft:stone":1430,"minecraft:white_wool":1,"minecraft:oak_slab":81,"minecraft:glass_pane":1,"minecraft:stone_brick_slab":28,"minecraft:dandelion":8,"minecraft:oak_fence":1,"minecraft:crafting_table":6,"minecraft:dried_kelp_block":14,"minecraft:lily_pad":1,"minecraft:diorite":107,"minecraft:spruce_stairs":2,"minecraft:cactus":20,"minecraft:cobblestone_wall":3,"minecraft:spruce_log":77,"minecraft:birch_leaves":187,"minecraft:jungle_fence":1,"minecraft:coal_ore":414,"minecraft:cocoa":82,"minecraft:gravel":141,"minecraft:mossy_stone_bricks":1,"minecraft:gold_ore":11,"minecraft:birch_fence":4},"minecraft:crafted":{"minecraft:oak_planks":428,"minecraft:birch_boat":1,"minecraft:birch_slab":6,"minecraft:stone":60,"minecraft:cobblestone_stairs":40,"minecraft:glass":192,"minecraft:hopper":2,"minecraft:stone_brick_slab":18,"minecraft:melon_seeds":9,"minecraft:chest":22,"minecraft:acacia_fence":3,"minecraft:jungle_stairs":8,"minecraft:dried_kelp_block":191,"minecraft:stone_bricks":60,"minecraft:oak_fence":12,"minecraft:oak_slab":96,"minecraft:crafting_table":2,"minecraft:spruce_planks":108,"minecraft:acacia_slab":6,"minecraft:jungle_boat":1,"minecraft:baked_potato":184,"minecraft:iron_helmet":1,"minecraft:hay_block":7,"minecraft:birch_planks":88,"minecraft:pumpkin_seeds":24,"minecraft:stone_brick_stairs":8,"minecraft:wooden_hoe":1,"minecraft:iron_chestplate":1,"minecraft:dark_oak_slab":6,"minecraft:book":1,"minecraft:diamond_pickaxe":1,"minecraft:charcoal":256,"minecraft:birch_fence":27,"minecraft:stick":224,"minecraft:iron_ingot":157,"minecraft:iron_pickaxe":5,"minecraft:iron_block":4,"minecraft:shears":2,"minecraft:iron_nugget":9,"minecraft:furnace":4,"minecraft:glass_pane":64,"minecraft:spruce_stairs":24,"minecraft:dark_oak_fence":3,"minecraft:iron_axe":7,"minecraft:iron_hoe":1,"minecraft:spruce_slab":78,"minecraft:cobblestone_wall":18,"minecraft:redstone_block":14,"minecraft:dark_oak_planks":20,"minecraft:cooked_beef":16,"minecraft:cooked_cod":11,"minecraft:diamond_sword":1,"minecraft:dried_kelp":1725,"minecraft:iron_sword":1,"minecraft:bucket":2,"minecraft:sign":27,"minecraft:stone_axe":1,"minecraft:jungle_slab":30,"minecraft:acacia_boat":1,"minecraft:bread":11,"minecraft:air":0,"minecraft:jungle_planks":44,"minecraft:oak_boat":1,"minecraft:oak_fence_gate":2,"minecraft:wooden_axe":3,"minecraft:writable_book":1,"minecraft:iron_shovel":6,"minecraft:iron_leggings":1,"minecraft:anvil":1,"minecraft:white_bed":1,"minecraft:acacia_planks":84,"minecraft:torch":240},"minecraft:custom":{"minecraft:animals_bred":20,"minecraft:interact_with_crafting_table":128,"minecraft:open_shulker_box":2,"minecraft:leave_game":40,"minecraft:time_since_death":1476218,"minecraft:sprint_one_cm":3982032,"minecraft:drop":36,"minecraft:talked_to_villager":1,"minecraft:jump":11019,"minecraft:walk_on_water_one_cm":322527,"minecraft:interact_with_furnace":272,"minecraft:play_one_minute":1476218,"minecraft:sleep_in_bed":76,"minecraft:open_enderchest":6,"minecraft:damage_dealt":12399,"minecraft:crouch_one_cm":60182,"minecraft:horse_one_cm":648,"minecraft:mob_kills":184,"minecraft:inspect_hopper":13,"minecraft:climb_one_cm":22815,"minecraft:walk_one_cm":4803166,"minecraft:sneak_time":24335,"minecraft:walk_under_water_one_cm":332550,"minecraft:boat_one_cm":7814792,"minecraft:time_since_rest":1548,"minecraft:damage_taken":2514,"minecraft:trigger_trapped_chest":2,"minecraft:minecart_one_cm":64916,"minecraft:swim_one_cm":839270,"minecraft:fly_one_cm":1908710,"minecraft:open_chest":1242,"minecraft:fish_caught":45,"minecraft:fall_one_cm":208913},"minecraft:killed":{"minecraft:witch":2,"minecraft:spider":3,"minecraft:cod":31,"minecraft:skeleton":10,"minecraft:chicken":59,"minecraft:tropical_fish":1,"minecraft:pig":2,"minecraft:salmon":4,"minecraft:creeper":11,"minecraft:sheep":2,"minecraft:zombie":18,"minecraft:cow":8,"minecraft:drowned":19,"minecraft:bat":4,"minecraft:squid":7},"minecraft:broken":{"minecraft:iron_shovel":5,"minecraft:shears":1,"minecraft:iron_sword":1,"minecraft:wooden_axe":2,"minecraft:iron_axe":6,"minecraft:iron_pickaxe":6,"minecraft:wooden_hoe":1},"minecraft:picked_up":{"minecraft:seagrass":50,"minecraft:wheat":332,"minecraft:potion":1,"minecraft:enchanted_book":1,"minecraft:stone_brick_stairs":19,"minecraft:string":6,"minecraft:pufferfish":6,"minecraft:beetroot":193,"minecraft:spruce_planks":4,"minecraft:rose_bush":8,"minecraft:written_book":1,"minecraft:melon_slice":312,"minecraft:furnace":3,"minecraft:stick":29,"minecraft:oak_fence":1,"minecraft:torch":69,"minecraft:acacia_log":21,"minecraft:spruce_stairs":2,"minecraft:porkchop":4,"minecraft:diorite":98,"minecraft:cactus":135,"minecraft:rotten_flesh":43,"minecraft:tropical_fish":2,"minecraft:obsidian":16,"minecraft:cod":70,"minecraft:cobblestone":1212,"minecraft:nautilus_shell":1,"minecraft:birch_log":283,"minecraft:feather":52,"minecraft:birch_slab":7,"minecraft:andesite":82,"minecraft:jungle_log":280,"minecraft:potato":592,"minecraft:flint":15,"minecraft:acacia_boat":5,"minecraft:stripped_birch_log":1,"minecraft:dirt":923,"minecraft:sign":15,"minecraft:bone":20,"minecraft:bow":3,"minecraft:wheat_seeds":531,"minecraft:oak_planks":15,"minecraft:poisonous_potato":3,"minecraft:sand":395,"minecraft:ink_sac":28,"minecraft:jungle_slab":6,"minecraft:dark_oak_log":178,"minecraft:diamond":23,"minecraft:spruce_boat":1,"minecraft:granite":49,"minecraft:grass":92,"minecraft:oak_sapling":178,"minecraft:oak_leaves":93,"minecraft:fishing_rod":4,"minecraft:cocoa_beans":256,"minecraft:crafting_table":6,"minecraft:chicken":61,"minecraft:clay_ball":72,"minecraft:leather_leggings":2,"minecraft:wooden_pickaxe":1,"minecraft:wooden_sword":1,"minecraft:iron_shovel":1,"minecraft:birch_fence":4,"minecraft:blue_orchid":11,"minecraft:beef":19,"minecraft:oak_boat":21,"minecraft:player_head":1,"minecraft:jungle_sapling":28,"minecraft:poppy":13,"minecraft:spruce_slab":3,"minecraft:chest":31,"minecraft:sugar_cane":377,"minecraft:birch_sapling":111,"minecraft:egg":807,"minecraft:dark_oak_sapling":15,"minecraft:sandstone":98,"minecraft:bowl":1,"minecraft:carrot":524,"minecraft:redstone":280,"minecraft:dark_oak_planks":3,"minecraft:arrow":20,"minecraft:beetroot_seeds":414,"minecraft:hay_block":2,"minecraft:saddle":1,"minecraft:mutton":5,"minecraft:white_wool":15,"minecraft:oxeye_daisy":5,"minecraft:jungle_boat":2,"minecraft:birch_leaves":140,"minecraft:salmon":9,"minecraft:leather":7,"minecraft:jungle_fence":1,"minecraft:filled_map":1,"minecraft:oak_log":383,"minecraft:lily_pad":3,"minecraft:gunpowder":11,"minecraft:cobblestone_wall":3,"minecraft:cobblestone_stairs":1,"minecraft:apple":19,"minecraft:kelp":6157,"minecraft:iron_ore":202,"minecraft:dark_oak_stairs":1,"minecraft:acacia_sapling":5,"minecraft:oak_slab":83,"minecraft:dark_oak_slab":9,"minecraft:birch_boat":14,"minecraft:pumpkin":125,"minecraft:stone_brick_slab":28,"minecraft:dandelion":8,"minecraft:gravel":122,"minecraft:spruce_sapling":4,"minecraft:white_bed":3,"minecraft:spruce_log":77,"minecraft:gold_ore":11,"minecraft:spider_eye":2,"minecraft:pumpkin_seeds":27,"minecraft:dried_kelp_block":14,"minecraft:gray_wool":1,"minecraft:baked_potato":1,"minecraft:acacia_slab":3,"minecraft:melon_seeds":13,"minecraft:coal":544,"minecraft:hopper":2},"minecraft:dropped":{"minecraft:baked_potato":1,"minecraft:fishing_rod":3,"minecraft:sugar_cane":4,"minecraft:wheat":65,"minecraft:rotten_flesh":4,"minecraft:beetroot_seeds":7,"minecraft:stone_brick_stairs":4,"minecraft:egg":31,"minecraft:wheat_seeds":36,"minecraft:cobblestone":322,"minecraft:granite":27,"minecraft:coal":366,"minecraft:diorite":46,"minecraft:wooden_axe":1,"minecraft:cactus":1,"minecraft:bucket":1,"minecraft:furnace":1,"minecraft:kelp":65,"minecraft:potato":20,"minecraft:andesite":51},"minecraft:used":{"minecraft:writable_book":25,"minecraft:iron_shovel":1459,"minecraft:spruce_slab":65,"minecraft:chest":48,"minecraft:iron_sword":272,"minecraft:player_head":1,"minecraft:cocoa_beans":82,"minecraft:carrot":227,"minecraft:jungle_slab":18,"minecraft:acacia_sapling":1,"minecraft:spruce_boat":1,"minecraft:jungle_sapling":14,"minecraft:birch_sapling":47,"minecraft:dark_oak_slab":9,"minecraft:stone_brick_stairs":15,"minecraft:bow":76,"minecraft:hay_block":9,"minecraft:written_book":3,"minecraft:furnace":6,"minecraft:oak_sapling":55,"minecraft:cooked_cod":11,"minecraft:beetroot_seeds":221,"minecraft:acacia_fence":3,"minecraft:egg":759,"minecraft:potato":238,"minecraft:dark_oak_sapling":4,"minecraft:dark_oak_stairs":1,"minecraft:diorite":7,"minecraft:birch_leaves":15,"minecraft:jungle_fence":3,"minecraft:oak_planks":14,"minecraft:lily_pad":2,"minecraft:cactus":35,"minecraft:sugar_cane":73,"minecraft:jungle_boat":3,"minecraft:oak_leaves":7,"minecraft:white_wool":1,"minecraft:sand":22,"minecraft:shears":330,"minecraft:pumpkin_seeds":18,"minecraft:birch_fence":13,"minecraft:dark_oak_log":75,"minecraft:melon_slice":3,"minecraft:birch_slab":7,"minecraft:bread":13,"minecraft:sign":18,"minecraft:dark_oak_fence":3,"minecraft:andesite":3,"minecraft:birch_log":1,"minecraft:oak_boat":22,"minecraft:oak_fence":13,"minecraft:rose_bush":2,"minecraft:dried_kelp":3,"minecraft:spruce_planks":4,"minecraft:dried_kelp_block":22,"minecraft:torch":309,"minecraft:dirt":799,"minecraft:anvil":1,"minecraft:hopper":2,"minecraft:spruce_stairs":18,"minecraft:cobblestone_wall":9,"minecraft:cod_bucket":5,"minecraft:salmon_bucket":1,"minecraft:iron_hoe":113,"minecraft:stone_brick_slab":37,"minecraft:dark_oak_planks":5,"minecraft:wooden_axe":142,"minecraft:iron_axe":1521,"minecraft:acacia_slab":9,"minecraft:jungle_log":10,"minecraft:melon_seeds":9,"minecraft:cooked_beef":16,"minecraft:acacia_planks":5,"minecraft:wheat_seeds":306,"minecraft:acacia_boat":6,"minecraft:water_bucket":43,"minecraft:cobblestone_stairs":13,"minecraft:baked_potato":131,"minecraft:birch_boat":14,"minecraft:oak_slab":83,"minecraft:crafting_table":6,"minecraft:white_bed":4,"minecraft:cod":4,"minecraft:spruce_log":24,"minecraft:oak_log":20,"minecraft:diamond_pickaxe":1014,"minecraft:wooden_hoe":60,"minecraft:iron_pickaxe":1506,"minecraft:jungle_stairs":5,"minecraft:spruce_sapling":4,"minecraft:stone_axe":69,"minecraft:fishing_rod":59,"minecraft:cobblestone":120,"minecraft:bucket":51,"minecraft:glass_pane":34,"minecraft:kelp":92}},"DataVersion":1628}