{"stats":{"minecraft:used":{"minecraft:dirt":1},"minecraft:mined":{"minecraft:grass_block":1,"minecraft:sand":3},"minecraft:picked_up":{"minecraft:sand":3,"minecraft:dirt":1},"minecraft:custom":{"minecraft:jump":3,"minecraft:time_since_rest":3113612,"minecraft:play_one_minute":3113612,"minecraft:leave_game":75,"minecraft:sprint_one_cm":50,"minecraft:time_since_death":3113612,"minecraft:walk_on_water_one_cm":15829,"minecraft:walk_one_cm":2612,"minecraft:sneak_time":36780,"minecraft:walk_under_water_one_cm":36290,"minecraft:fall_one_cm":269,"minecraft:fly_one_cm":15379738}},"DataVersion":1976}