{"stats":{"minecraft:used":{"minecraft:stone_bricks":9,"minecraft:diamond_sword":65,"minecraft:anvil":1,"minecraft:light_blue_stained_glass":1},"minecraft:custom":{"minecraft:open_chest":14,"minecraft:time_since_rest":1240396,"minecraft:play_one_minute":1240396,"minecraft:crouch_one_cm":298,"minecraft:sprint_one_cm":1452,"minecraft:walk_one_cm":3123,"minecraft:sneak_time":19944,"minecraft:walk_under_water_one_cm":648759,"minecraft:mob_kills":3,"minecraft:drop":11,"minecraft:jump":26,"minecraft:damage_dealt":3418,"minecraft:leave_game":88,"minecraft:time_since_death":1240396,"minecraft:walk_on_water_one_cm":145179,"minecraft:fly_one_cm":26920379},"minecraft:killed":{"minecraft:guardian":3},"minecraft:picked_up":{"minecraft:prismarine_shard":5,"minecraft:diamond_chestplate":1,"minecraft:cooked_chicken":119,"minecraft:diamond_helmet":1,"minecraft:cod":2,"minecraft:prismarine_crystals":3,"minecraft:white_wool":1},"minecraft:dropped":{"minecraft:diamond_shovel":2,"minecraft:diamond_boots":1,"minecraft:diamond_axe":1,"minecraft:diamond_chestplate":2,"minecraft:diamond_pickaxe":2,"minecraft:diamond_leggings":1,"minecraft:diamond_helmet":2}},"DataVersion":1976}