{"stats":{"minecraft:custom":{"minecraft:interact_with_crafting_table":2685,"minecraft:deaths":82,"minecraft:jump":207113,"minecraft:play_record":30,"minecraft:interact_with_cartography_table":1,"minecraft:interact_with_smoker":32,"minecraft:inspect_dispenser":269,"minecraft:horse_one_cm":735999,"minecraft:inspect_dropper":82,"minecraft:inspect_hopper":855,"minecraft:tune_noteblock":628,"minecraft:time_since_rest":12816,"minecraft:swim_one_cm":1796954,"minecraft:open_chest":17851,"minecraft:open_shulker_box":9529,"minecraft:damage_resisted":3623,"minecraft:play_noteblock":47,"minecraft:talked_to_villager":368,"minecraft:interact_with_brewingstand":361,"minecraft:interact_with_beacon":29,"minecraft:fill_cauldron":1,"minecraft:boat_one_cm":23062043,"minecraft:damage_taken":240428,"minecraft:aviate_one_cm":263864729,"minecraft:open_barrel":4873,"minecraft:bell_ring":29,"minecraft:eat_cake_slice":69,"minecraft:leave_game":591,"minecraft:time_since_death":54585,"minecraft:enchant_item":227,"minecraft:interact_with_furnace":7182,"minecraft:traded_with_villager":375,"minecraft:sleep_in_bed":1927,"minecraft:damage_dealt":343431,"minecraft:sneak_time":976930,"minecraft:interact_with_lectern":182,"minecraft:interact_with_blast_furnace":22,"minecraft:interact_with_stonecutter":2,"minecraft:fly_one_cm":21602210,"minecraft:fish_caught":1,"minecraft:fall_one_cm":6433992,"minecraft:animals_bred":196,"minecraft:sprint_one_cm":92725543,"minecraft:drop":1524,"minecraft:walk_on_water_one_cm":5278398,"minecraft:play_one_minute":44410158,"minecraft:interact_with_loom":10,"minecraft:open_enderchest":2069,"minecraft:crouch_one_cm":3217161,"minecraft:mob_kills":41234,"minecraft:climb_one_cm":5919667,"minecraft:walk_one_cm":121161020,"minecraft:walk_under_water_one_cm":12919619,"minecraft:pot_flower":7,"minecraft:damage_absorbed":264,"minecraft:trigger_trapped_chest":30,"minecraft:minecart_one_cm":3011446,"minecraft:pig_one_cm":14070},"minecraft:picked_up":{"minecraft:red_sandstone_stairs":1,"minecraft:suspicious_stew":1,"minecraft:lead":8,"minecraft:enchanted_book":8,"minecraft:blue_concrete":1,"minecraft:music_disc_cat":8,"minecraft:string":173,"minecraft:dark_oak_pressure_plate":7,"minecraft:orange_glazed_terracotta":566,"minecraft:pufferfish":4,"minecraft:diamond_leggings":8,"minecraft:dead_bubble_coral_fan":64,"minecraft:diamond_ore":40,"minecraft:spruce_pressure_plate":44,"minecraft:jukebox":2,"minecraft:acacia_log":254,"minecraft:green_terracotta":10,"minecraft:golden_chestplate":10,"minecraft:gray_shulker_box":40,"minecraft:cauldron":1,"minecraft:yellow_banner":27,"minecraft:stone_sword":3,"minecraft:blue_glazed_terracotta":147,"minecraft:carved_pumpkin":1383,"minecraft:red_tulip":238,"minecraft:glowstone":124,"minecraft:bookshelf":72,"minecraft:end_rod":287,"minecraft:white_terracotta":1501,"minecraft:blaze_rod":11,"minecraft:iron_bars":312,"minecraft:snowball":317,"minecraft:sponge":114,"minecraft:cooked_beef":165,"minecraft:feather":23,"minecraft:water_bucket":13,"minecraft:brown_wool":13,"minecraft:dark_oak_boat":57,"minecraft:flint":1596,"minecraft:lantern":364,"minecraft:magenta_terracotta":1,"minecraft:diamond_helmet":15,"minecraft:rabbit":12,"minecraft:lime_terracotta":48,"minecraft:stripped_spruce_log":9,"minecraft:dead_fire_coral_fan":64,"minecraft:acacia_stairs":12,"minecraft:iron_hoe":5,"minecraft:polished_andesite":87,"minecraft:blue_terracotta":30,"minecraft:lever":21,"minecraft:granite":6000,"minecraft:spruce_button":6,"minecraft:blue_banner":4,"minecraft:jack_o_lantern":205,"minecraft:light_gray_carpet":31,"minecraft:diamond_pickaxe":60,"minecraft:magenta_glazed_terracotta":1,"minecraft:clay_ball":2121,"minecraft:leather_leggings":19,"minecraft:redstone_lamp":72,"minecraft:purpur_block":2,"minecraft:fire_coral":1,"minecraft:elytra":45,"minecraft:flint_and_steel":7,"minecraft:white_carpet":9,"minecraft:white_stained_glass":335,"minecraft:iron_shovel":11,"minecraft:glass_pane":14,"minecraft:jungle_sapling":1,"minecraft:poppy":316,"minecraft:spruce_slab":426,"minecraft:minecart":166,"minecraft:birch_sapling":169,"minecraft:lime_shulker_box":69,"minecraft:black_stained_glass":137,"minecraft:stone":67513,"minecraft:music_disc_mellohi":6,"minecraft:white_dye":2,"minecraft:cyan_shulker_box":35,"minecraft:stone_shovel":4,"minecraft:purpur_slab":2,"minecraft:hay_block":33,"minecraft:yellow_terracotta":1350,"minecraft:totem_of_undying":2,"minecraft:mutton":13,"minecraft:rail":815,"minecraft:bone_block":757,"minecraft:oxeye_daisy":54,"minecraft:birch_leaves":17,"minecraft:yellow_shulker_box":104,"minecraft:clock":7,"minecraft:tripwire_hook":28,"minecraft:jungle_fence":1,"minecraft:red_glazed_terracotta":348,"minecraft:lily_pad":297,"minecraft:paper":1899,"minecraft:light_blue_banner":11,"minecraft:apple":114,"minecraft:light_gray_glazed_terracotta":159,"minecraft:yellow_stained_glass":26,"minecraft:stone_pickaxe":12,"minecraft:iron_ore":2404,"minecraft:dark_oak_stairs":143,"minecraft:milk_bucket":3,"minecraft:light_gray_stained_glass":8,"minecraft:sweet_berries":212,"minecraft:leather_helmet":15,"minecraft:oak_wood":2,"minecraft:diamond_shovel":56,"minecraft:coal_ore":2107,"minecraft:slime_ball":370,"minecraft:painting":101,"minecraft:birch_sign":104,"minecraft:baked_potato":680,"minecraft:hopper":16,"minecraft:black_carpet":5,"minecraft:ender_chest":29,"minecraft:nether_brick_fence":2,"minecraft:yellow_wool":54,"minecraft:stone_brick_stairs":85,"minecraft:lapis_block":134,"minecraft:dead_tube_coral_block":75,"minecraft:smooth_stone":34,"minecraft:red_sand":6771,"minecraft:comparator":25,"minecraft:bucket":63,"minecraft:red_dye":2,"minecraft:white_tulip":71,"minecraft:rose_bush":113,"minecraft:cobblestone_slab":88,"minecraft:iron_pickaxe":20,"minecraft:blue_wool":3,"minecraft:birch_trapdoor":82,"minecraft:spruce_stairs":41,"minecraft:diorite":5533,"minecraft:vine":638,"minecraft:rotten_flesh":415,"minecraft:music_disc_ward":6,"minecraft:chorus_flower":12,"minecraft:music_disc_wait":8,"minecraft:obsidian":2288,"minecraft:cobblestone":34307,"minecraft:enchanting_table":2,"minecraft:leather_chestplate":12,"minecraft:lilac":26,"minecraft:repeater":228,"minecraft:dead_tube_coral_fan":64,"minecraft:andesite":7349,"minecraft:black_bed":7,"minecraft:golden_leggings":24,"minecraft:beacon":5,"minecraft:potato":3741,"minecraft:prismarine_bricks":17,"minecraft:dirt":54786,"minecraft:cut_sandstone_slab":4,"minecraft:name_tag":2,"minecraft:glass":408,"minecraft:bone":2091,"minecraft:acacia_planks":18,"minecraft:bow":168,"minecraft:wheat_seeds":6585,"minecraft:orange_tulip":256,"minecraft:purple_stained_glass_pane":4,"minecraft:mossy_stone_bricks":2,"minecraft:bamboo":21336,"minecraft:cyan_concrete":5,"minecraft:prismarine":1,"minecraft:gray_stained_glass":79,"minecraft:black_stained_glass_pane":1,"minecraft:light_blue_shulker_box":180,"minecraft:nether_brick_stairs":351,"minecraft:grass_block":989,"minecraft:diamond_block":19,"minecraft:jungle_slab":52,"minecraft:spectral_arrow":3,"minecraft:mossy_cobblestone":55,"minecraft:light_gray_terracotta":1267,"minecraft:yellow_carpet":4,"minecraft:light_blue_terracotta":123,"minecraft:slime_block":7,"minecraft:crossbow":8,"minecraft:bone_meal":233,"minecraft:grass":38,"minecraft:golden_apple":2,"minecraft:spruce_sign":52,"minecraft:emerald":47,"minecraft:netherrack":71629,"minecraft:chorus_fruit":133,"minecraft:oak_leaves":171,"minecraft:azure_bluet":107,"minecraft:splash_potion":5,"minecraft:ladder":1243,"minecraft:brown_mushroom":159,"minecraft:packed_ice":4,"minecraft:shield":1,"minecraft:brick":80,"minecraft:orange_stained_glass":55,"minecraft:oak_trapdoor":9,"minecraft:magenta_wool":2,"minecraft:blue_orchid":58,"minecraft:end_stone":500,"minecraft:note_block":17,"minecraft:cookie":1,"minecraft:music_disc_11":1,"minecraft:trident":40,"minecraft:light_blue_bed":19,"minecraft:stone_pressure_plate":18,"minecraft:purple_terracotta":94,"minecraft:tube_coral":2,"minecraft:red_shulker_box":274,"minecraft:nether_bricks":3610,"minecraft:pink_tulip":99,"minecraft:jungle_boat":1,"minecraft:golden_carrot":310,"minecraft:leather":111,"minecraft:music_disc_stal":5,"minecraft:ice":447,"minecraft:granite_stairs":13,"minecraft:chainmail_chestplate":12,"minecraft:cobblestone_wall":94,"minecraft:gunpowder":149,"minecraft:orange_terracotta":13479,"minecraft:red_carpet":95,"minecraft:gray_carpet":20,"minecraft:acacia_trapdoor":3,"minecraft:rabbit_hide":8,"minecraft:spruce_wood":35,"minecraft:iron_ingot":224,"minecraft:cooked_chicken":86,"minecraft:dead_horn_coral":24,"minecraft:nether_quartz_ore":111,"minecraft:emerald_block":35,"minecraft:stone_brick_slab":42,"minecraft:quartz":1216,"minecraft:dandelion":147,"minecraft:lava_bucket":22,"minecraft:green_stained_glass":19,"minecraft:red_banner":42,"minecraft:nether_brick_slab":106,"minecraft:spruce_door":33,"minecraft:pumpkin_seeds":7502,"minecraft:white_concrete_powder":416,"minecraft:gray_banner":3,"minecraft:chainmail_leggings":17,"minecraft:mossy_cobblestone_stairs":30,"minecraft:terracotta":1977,"minecraft:damaged_anvil":7,"minecraft:wooden_axe":2,"minecraft:iron_chestplate":12,"minecraft:chainmail_boots":19,"minecraft:prismarine_shard":596,"minecraft:flower_pot":7,"minecraft:anvil":19,"minecraft:diamond_sword":31,"minecraft:oak_stairs":37,"minecraft:brewing_stand":10,"minecraft:dark_oak_trapdoor":1,"minecraft:cooked_salmon":7,"minecraft:beetroot":28,"minecraft:blue_stained_glass_pane":64,"minecraft:gold_nugget":36,"minecraft:black_glazed_terracotta":9,"minecraft:spruce_planks":289,"minecraft:written_book":16,"minecraft:coal_block":101,"minecraft:melon_slice":64,"minecraft:golden_helmet":22,"minecraft:white_glazed_terracotta":289,"minecraft:music_disc_blocks":7,"minecraft:composter":1,"minecraft:pink_carpet":2,"minecraft:sandstone_wall":47,"minecraft:rabbit_foot":2,"minecraft:light_gray_bed":13,"minecraft:tropical_fish":1,"minecraft:iron_block":484,"minecraft:cyan_terracotta":32,"minecraft:birch_log":1179,"minecraft:magma_block":377,"minecraft:iron_door":13,"minecraft:birch_slab":30,"minecraft:smoker":1,"minecraft:stripped_spruce_wood":1,"minecraft:light_gray_concrete_powder":4,"minecraft:chipped_anvil":7,"minecraft:glowstone_dust":171,"minecraft:ink_sac":359,"minecraft:loom":2,"minecraft:barrel":13,"minecraft:dark_oak_log":655,"minecraft:red_terracotta":1204,"minecraft:stripped_acacia_log":1,"minecraft:dispenser":15,"minecraft:black_concrete_powder":273,"minecraft:writable_book":13,"minecraft:polished_granite_slab":216,"minecraft:dead_brain_coral_block":66,"minecraft:chainmail_helmet":25,"minecraft:bread":102,"minecraft:dark_oak_fence":180,"minecraft:spruce_leaves":9094,"minecraft:lime_stained_glass_pane":174,"minecraft:coarse_dirt":16,"minecraft:crafting_table":87,"minecraft:sandstone_slab":66,"minecraft:bubble_coral_fan":3,"minecraft:purple_wool":1,"minecraft:nether_wart":701,"minecraft:dead_tube_coral":36,"minecraft:dead_horn_coral_block":65,"minecraft:jungle_trapdoor":6,"minecraft:red_bed":1,"minecraft:cracked_stone_bricks":252,"minecraft:beef":130,"minecraft:cyan_wool":9,"minecraft:iron_nugget":45,"minecraft:quartz_stairs":14,"minecraft:chest":247,"minecraft:egg":393,"minecraft:sandstone":11767,"minecraft:spruce_fence":47,"minecraft:carrot":3815,"minecraft:redstone":9123,"minecraft:prismarine_crystals":134,"minecraft:blue_carpet":3,"minecraft:tnt":71,"minecraft:polished_granite_stairs":510,"minecraft:cooked_cod":352,"minecraft:beetroot_seeds":196,"minecraft:peony":14,"minecraft:shears":7,"minecraft:diamond_boots":19,"minecraft:sandstone_stairs":268,"minecraft:tube_coral_block":1,"minecraft:gold_ingot":155,"minecraft:white_shulker_box":71,"minecraft:white_wool":282,"minecraft:lapis_ore":102,"minecraft:stripped_oak_log":3,"minecraft:red_mushroom_block":30,"minecraft:red_mushroom":96,"minecraft:filled_map":25,"minecraft:oak_log":2657,"minecraft:golden_boots":25,"minecraft:white_banner":7,"minecraft:birch_pressure_plate":10,"minecraft:stone_bricks":1761,"minecraft:kelp":22880,"minecraft:music_disc_far":4,"minecraft:cobweb":542,"minecraft:glass_bottle":24,"minecraft:iron_sword":11,"minecraft:dark_oak_slab":11,"minecraft:white_stained_glass_pane":7,"minecraft:light_blue_glazed_terracotta":41,"minecraft:gravel":4232,"minecraft:dead_fire_coral_block":69,"minecraft:spruce_sapling":702,"minecraft:spruce_log":4369,"minecraft:sea_lantern":8,"minecraft:firework_rocket":2409,"minecraft:red_stained_glass":3,"minecraft:stone_axe":3,"minecraft:redstone_ore":649,"minecraft:diamond_axe":26,"minecraft:gray_wool":163,"minecraft:oak_button":70,"minecraft:stripped_dark_oak_log":35,"minecraft:pink_dye":2,"minecraft:ender_pearl":951,"minecraft:music_disc_strad":4,"minecraft:wheat":3258,"minecraft:redstone_block":265,"minecraft:iron_trapdoor":3,"minecraft:light_gray_shulker_box":24,"minecraft:dead_horn_coral_fan":96,"minecraft:potion":33,"minecraft:nether_brick":180,"minecraft:smooth_stone_slab":115,"minecraft:iron_leggings":12,"minecraft:armor_stand":21,"minecraft:sticky_piston":3,"minecraft:pink_shulker_box":1,"minecraft:oak_sign":402,"minecraft:sea_pickle":340,"minecraft:activator_rail":1,"minecraft:dark_oak_leaves":6,"minecraft:redstone_torch":215,"minecraft:furnace":96,"minecraft:iron_boots":10,"minecraft:stick":981,"minecraft:orange_shulker_box":36,"minecraft:brown_terracotta":8019,"minecraft:oak_fence":283,"minecraft:torch":6141,"minecraft:porkchop":6,"minecraft:snow_block":88,"minecraft:dried_kelp":193,"minecraft:dead_brain_coral_fan":64,"minecraft:light_gray_banner":5,"minecraft:blue_stained_glass":4,"minecraft:green_banner":3,"minecraft:quartz_block":36,"minecraft:cactus":803,"minecraft:green_wool":38,"minecraft:cod":183,"minecraft:nautilus_shell":13,"minecraft:magma_cream":7,"minecraft:chiseled_quartz_block":6,"minecraft:magenta_dye":4,"minecraft:light_gray_dye":4,"minecraft:green_shulker_box":94,"minecraft:lapis_lazuli":3389,"minecraft:polished_granite":284,"minecraft:leather_boots":15,"minecraft:light_blue_dye":93,"minecraft:powered_rail":177,"minecraft:oak_planks":1009,"minecraft:stone_hoe":2,"minecraft:brain_coral":2,"minecraft:lime_glazed_terracotta":14,"minecraft:ghast_tear":18,"minecraft:pink_concrete":5,"minecraft:black_terracotta":123,"minecraft:music_disc_13":4,"minecraft:jungle_planks":7,"minecraft:oak_pressure_plate":7,"minecraft:poisonous_potato":31,"minecraft:sand":34544,"minecraft:cyan_bed":5,"minecraft:chiseled_sandstone":1,"minecraft:shulker_box":357,"minecraft:dark_prismarine":4,"minecraft:dead_fire_coral":24,"minecraft:light_gray_concrete":4,"minecraft:spruce_fence_gate":3,"minecraft:clay":7,"minecraft:black_concrete":419,"minecraft:spruce_boat":61,"minecraft:diamond":736,"minecraft:white_concrete":1089,"minecraft:oak_sapling":723,"minecraft:dead_brain_coral":24,"minecraft:nether_star":1,"minecraft:end_stone_bricks":164,"minecraft:fishing_rod":1,"minecraft:allium":143,"minecraft:chicken":23,"minecraft:wooden_pickaxe":6,"minecraft:gold_block":17,"minecraft:stone_stairs":1,"minecraft:iron_axe":10,"minecraft:item_frame":17,"minecraft:quartz_slab":15,"minecraft:cyan_carpet":2,"minecraft:detector_rail":40,"minecraft:mossy_cobblestone_wall":16,"minecraft:oak_boat":68,"minecraft:player_head":311,"minecraft:observer":3,"minecraft:light_gray_wool":77,"minecraft:lectern":17,"minecraft:blue_shulker_box":47,"minecraft:sugar_cane":13045,"minecraft:spruce_trapdoor":58,"minecraft:phantom_membrane":7,"minecraft:dark_oak_sapling":78,"minecraft:red_stained_glass_pane":7,"minecraft:bowl":14,"minecraft:quartz_pillar":11,"minecraft:stone_button":238,"minecraft:magenta_shulker_box":57,"minecraft:dark_oak_planks":319,"minecraft:arrow":1103,"minecraft:jungle_stairs":31,"minecraft:saddle":1,"minecraft:lime_stained_glass":5,"minecraft:wet_sponge":953,"minecraft:salmon":58,"minecraft:cut_sandstone":364,"minecraft:birch_planks":117,"minecraft:mushroom_stew":3,"minecraft:yellow_glazed_terracotta":193,"minecraft:nether_wart_block":1,"minecraft:cobblestone_stairs":121,"minecraft:smooth_sandstone":7,"minecraft:acacia_sapling":33,"minecraft:soul_sand":1512,"minecraft:music_disc_chirp":4,"minecraft:green_dye":36,"minecraft:book":80,"minecraft:oak_slab":68,"minecraft:scaffolding":2899,"minecraft:pumpkin":1243,"minecraft:birch_boat":56,"minecraft:blast_furnace":2,"minecraft:white_bed":38,"minecraft:gold_ore":702,"minecraft:green_carpet":6,"minecraft:spider_eye":16,"minecraft:dead_bubble_coral":10,"minecraft:music_disc_mall":6,"minecraft:dried_kelp_block":296,"minecraft:dead_bubble_coral_block":54,"minecraft:iron_helmet":7,"minecraft:black_wool":111,"minecraft:acacia_slab":23,"minecraft:coal":12155},"minecraft:crafted":{"minecraft:lime_stained_glass":64,"minecraft:black_dye":122,"minecraft:red_stained_glass_pane":224,"minecraft:chainmail_helmet":1,"minecraft:oak_sign":466,"minecraft:blaze_powder":26,"minecraft:birch_boat":1,"minecraft:blue_stained_glass_pane":288,"minecraft:diamond_shovel":33,"minecraft:nether_brick":13616,"minecraft:cracked_stone_bricks":154,"minecraft:diamond_helmet":3,"minecraft:white_glazed_terracotta":384,"minecraft:stone_pressure_plate":37,"minecraft:iron_door":21,"minecraft:dried_kelp_block":2183,"minecraft:black_wool":31,"minecraft:gray_stained_glass":3480,"minecraft:name_tag":6,"minecraft:white_shulker_box":2,"minecraft:golden_axe":4,"minecraft:blue_stained_glass":120,"minecraft:redstone_lamp":52,"minecraft:acacia_slab":306,"minecraft:chest_minecart":1,"minecraft:mossy_cobblestone":285,"minecraft:sticky_piston":6,"minecraft:red_nether_bricks":56,"minecraft:green_stained_glass":440,"minecraft:painting":11,"minecraft:stone_brick_stairs":296,"minecraft:lectern":16,"minecraft:golden_leggings":6,"minecraft:stone_slab":12,"minecraft:iron_pickaxe":30,"minecraft:sandstone":157,"minecraft:composter":1,"minecraft:dark_prismarine":8,"minecraft:golden_carrot":561,"minecraft:magenta_wool":1,"minecraft:jukebox":1,"minecraft:orange_shulker_box":2,"minecraft:iron_nugget":4135,"minecraft:red_banner":30,"minecraft:light_gray_wool":6,"minecraft:jack_o_lantern":1113,"minecraft:blue_shulker_box":1,"minecraft:lime_stained_glass_pane":48,"minecraft:spruce_fence":150,"minecraft:stone_stairs":16,"minecraft:lantern":513,"minecraft:spruce_stairs":176,"minecraft:light_gray_shulker_box":1,"minecraft:polished_diorite":24,"minecraft:black_concrete_powder":160,"minecraft:red_shulker_box":6,"minecraft:stone_pickaxe":58,"minecraft:quartz_slab":36,"minecraft:spruce_boat":9,"minecraft:lead":4,"minecraft:light_blue_glazed_terracotta":243,"minecraft:enchanting_table":1,"minecraft:acacia_trapdoor":60,"minecraft:light_blue_wool":6,"minecraft:leather_helmet":16,"minecraft:acacia_stairs":96,"minecraft:red_carpet":39,"minecraft:enchanted_book":12,"minecraft:orange_dye":146,"minecraft:light_blue_carpet":6,"minecraft:magenta_glazed_terracotta":27,"minecraft:oak_fence_gate":8,"minecraft:red_stained_glass":344,"minecraft:chainmail_boots":1,"minecraft:fermented_spider_eye":11,"minecraft:black_glazed_terracotta":176,"minecraft:birch_trapdoor":110,"minecraft:writable_book":13,"minecraft:black_stained_glass_pane":192,"minecraft:iron_shovel":20,"minecraft:armor_stand":39,"minecraft:note_block":26,"minecraft:cobblestone_slab":2178,"minecraft:barrel":56,"minecraft:polished_granite_slab":756,"minecraft:cooked_chicken":11,"minecraft:snow":48,"minecraft:stone":7437,"minecraft:red_sandstone":9,"minecraft:pink_carpet":27,"minecraft:quartz_pillar":16,"minecraft:stone_brick_slab":404,"minecraft:orange_stained_glass_pane":16,"minecraft:bow":239,"minecraft:comparator":26,"minecraft:chest":592,"minecraft:oak_button":20,"minecraft:jungle_stairs":272,"minecraft:rail":160,"minecraft:birch_button":1,"minecraft:ender_eye":13,"minecraft:stone_bricks":8375,"minecraft:oak_fence":66,"minecraft:granite_stairs":8,"minecraft:golden_boots":11,"minecraft:sea_lantern":23,"minecraft:white_banner":35,"minecraft:dropper":65,"minecraft:cauldron":10,"minecraft:lime_terracotta":712,"minecraft:iron_helmet":3,"minecraft:birch_pressure_plate":7,"minecraft:chainmail_chestplate":1,"minecraft:red_wool":29,"minecraft:white_stained_glass_pane":208,"minecraft:yellow_stained_glass":256,"minecraft:dispenser":34,"minecraft:tnt":64,"minecraft:spruce_trapdoor":136,"minecraft:purple_dye":28,"minecraft:pink_wool":19,"minecraft:yellow_dye":180,"minecraft:stick":8308,"minecraft:iron_ingot":3348,"minecraft:light_blue_shulker_box":1,"minecraft:black_bed":2,"minecraft:cyan_carpet":9,"minecraft:dark_oak_fence_gate":8,"minecraft:blue_terracotta":1104,"minecraft:orange_glazed_terracotta":557,"minecraft:nether_brick_slab":1944,"minecraft:fishing_rod":1,"minecraft:tripwire_hook":18,"minecraft:leather_boots":17,"minecraft:golden_chestplate":2,"minecraft:spruce_button":21,"minecraft:mossy_stone_bricks":53,"minecraft:furnace":244,"minecraft:blast_furnace":1,"minecraft:piston":2,"minecraft:mushroom_stew":54,"minecraft:oak_trapdoor":142,"minecraft:flint_and_steel":13,"minecraft:scaffolding":3126,"minecraft:white_concrete_powder":3192,"minecraft:polished_granite_stairs":2083,"minecraft:orange_terracotta":128,"minecraft:cobblestone_wall":474,"minecraft:red_sandstone_stairs":8,"minecraft:birch_sign":84,"minecraft:magma_cream":7,"minecraft:purple_terracotta":200,"minecraft:iron_trapdoor":6,"minecraft:iron_sword":2,"minecraft:cooked_salmon":35,"minecraft:jungle_planks":512,"minecraft:white_dye":585,"minecraft:blue_wool":8,"minecraft:anvil":20,"minecraft:torch":11216,"minecraft:diamond_chestplate":1,"minecraft:ender_chest":12,"minecraft:jungle_button":1,"minecraft:light_gray_concrete_powder":16,"minecraft:smooth_stone":209,"minecraft:cut_sandstone":1103,"minecraft:dark_oak_pressure_plate":6,"minecraft:cut_sandstone_slab":130,"minecraft:dark_oak_wood":21,"minecraft:orange_stained_glass":728,"minecraft:oak_pressure_plate":41,"minecraft:birch_slab":854,"minecraft:slime_block":48,"minecraft:loom":1,"minecraft:lever":21,"minecraft:lime_glazed_terracotta":30,"minecraft:bookshelf":184,"minecraft:cooked_mutton":8,"minecraft:iron_bars":608,"minecraft:magenta_shulker_box":1,"minecraft:quartz_block":171,"minecraft:glass":9219,"minecraft:light_blue_terracotta":1816,"minecraft:repeater":462,"minecraft:diamond_leggings":2,"minecraft:birch_door":3,"minecraft:magenta_dye":9,"minecraft:cooked_rabbit":12,"minecraft:gray_bed":11,"minecraft:flower_pot":5,"minecraft:glass_bottle":141,"minecraft:emerald":838,"minecraft:cooked_porkchop":2,"minecraft:diamond_axe":6,"minecraft:prismarine_bricks":12,"minecraft:spruce_door":36,"minecraft:clock":1,"minecraft:hay_block":186,"minecraft:campfire":4,"minecraft:light_gray_bed":7,"minecraft:lime_shulker_box":2,"minecraft:green_terracotta":536,"minecraft:compass":25,"minecraft:iron_block":122,"minecraft:light_blue_bed":5,"minecraft:gold_ingot":1044,"minecraft:light_gray_dye":51,"minecraft:spruce_fence_gate":5,"minecraft:packed_ice":1,"minecraft:prismarine":16,"minecraft:stone_shovel":8,"minecraft:smooth_stone_slab":1160,"minecraft:leather_leggings":19,"minecraft:player_head":58,"minecraft:mossy_cobblestone_stairs":16,"minecraft:red_terracotta":376,"minecraft:bone_meal":60018,"minecraft:pink_dye":27,"minecraft:white_carpet":3,"minecraft:diamond":207,"minecraft:detector_rail":24,"minecraft:yellow_glazed_terracotta":285,"minecraft:ladder":1179,"minecraft:spruce_slab":2334,"minecraft:diamond_boots":4,"minecraft:red_glazed_terracotta":878,"minecraft:redstone_block":1027,"minecraft:jungle_fence":48,"minecraft:dark_oak_planks":964,"minecraft:golden_helmet":4,"minecraft:wheat":1397,"minecraft:coal_block":927,"minecraft:daylight_detector":12,"minecraft:dried_kelp":18497,"minecraft:red_bed":5,"minecraft:polished_granite":2644,"minecraft:sandstone_slab":180,"minecraft:glowstone":126,"minecraft:white_stained_glass":16886,"minecraft:jungle_slab":382,"minecraft:sandstone_wall":162,"minecraft:golden_apple":5,"minecraft:gray_shulker_box":1,"minecraft:cyan_shulker_box":1,"minecraft:oak_stairs":8,"minecraft:wooden_axe":1,"minecraft:iron_leggings":5,"minecraft:white_bed":18,"minecraft:light_gray_glazed_terracotta":252,"minecraft:nether_brick_stairs":2243,"minecraft:blue_carpet":9,"minecraft:brick":40,"minecraft:oak_planks":6922,"minecraft:dark_oak_boat":2,"minecraft:purple_glazed_terracotta":88,"minecraft:cobblestone_stairs":376,"minecraft:spruce_pressure_plate":52,"minecraft:green_dye":252,"minecraft:hopper":70,"minecraft:iron_boots":5,"minecraft:written_book":1,"minecraft:mossy_cobblestone_slab":6,"minecraft:stone_hoe":2,"minecraft:smoker":1,"minecraft:quartz_stairs":72,"minecraft:oak_slab":204,"minecraft:item_frame":31,"minecraft:acacia_wood":9,"minecraft:map":25,"minecraft:crafting_table":91,"minecraft:spruce_planks":4330,"minecraft:wooden_pickaxe":11,"minecraft:baked_potato":2128,"minecraft:light_gray_banner":9,"minecraft:gold_block":8,"minecraft:hopper_minecart":11,"minecraft:birch_planks":3528,"minecraft:brewing_stand":7,"minecraft:pumpkin_seeds":16,"minecraft:dark_oak_slab":252,"minecraft:iron_chestplate":6,"minecraft:book":36,"minecraft:paper":11131,"minecraft:diamond_pickaxe":30,"minecraft:charcoal":1281,"minecraft:emerald_block":12,"minecraft:light_blue_dye":114,"minecraft:leather_chestplate":18,"minecraft:stone_sword":2,"minecraft:snow_block":68,"minecraft:green_shulker_box":2,"minecraft:gray_carpet":6,"minecraft:redstone_torch":1211,"minecraft:sponge":945,"minecraft:shears":91,"minecraft:green_carpet":153,"minecraft:sandstone_stairs":1248,"minecraft:polished_andesite":160,"minecraft:coarse_dirt":448,"minecraft:redstone":3990,"minecraft:coal":1602,"minecraft:light_gray_stained_glass":64,"minecraft:stone_button":172,"minecraft:dark_oak_trapdoor":2,"minecraft:jungle_trapdoor":2,"minecraft:gray_dye":272,"minecraft:end_stone_bricks":176,"minecraft:diamond_block":5,"minecraft:glass_pane":80,"minecraft:yellow_shulker_box":2,"minecraft:spruce_wood":324,"minecraft:black_terracotta":1608,"minecraft:iron_axe":12,"minecraft:slime_ball":36,"minecraft:iron_hoe":11,"minecraft:lime_dye":106,"minecraft:filled_map":23,"minecraft:gray_banner":45,"minecraft:blue_glazed_terracotta":987,"minecraft:minecart":40,"minecraft:cooked_beef":123,"minecraft:sugar":189,"minecraft:red_dye":290,"minecraft:cooked_cod":150,"minecraft:cyan_concrete_powder":32,"minecraft:bone_block":5847,"minecraft:diamond_sword":7,"minecraft:cyan_dye":16,"minecraft:spruce_sign":147,"minecraft:dark_oak_stairs":272,"minecraft:pink_concrete_powder":8,"minecraft:powered_rail":372,"minecraft:bowl":24,"minecraft:nether_bricks":13856,"minecraft:bucket":95,"minecraft:stone_axe":5,"minecraft:mossy_cobblestone_wall":186,"minecraft:air":0,"minecraft:bread":564,"minecraft:black_stained_glass":824,"minecraft:blue_dye":30,"minecraft:oak_boat":26,"minecraft:magenta_terracotta":32,"minecraft:gold_nugget":5123,"minecraft:green_wool":73,"minecraft:nether_wart_block":14,"minecraft:acacia_planks":460,"minecraft:lapis_lazuli":981,"minecraft:clay":229,"minecraft:lapis_block":387,"minecraft:firework_rocket":891},"minecraft:broken":{"minecraft:shears":22,"minecraft:iron_leggings":1,"minecraft:diamond_shovel":3,"minecraft:diamond_pickaxe":4,"minecraft:fishing_rod":1,"minecraft:iron_hoe":2,"minecraft:chainmail_leggings":3,"minecraft:diamond_leggings":1,"minecraft:stone_hoe":1,"minecraft:wooden_pickaxe":2,"minecraft:iron_pickaxe":4,"minecraft:iron_shovel":7,"minecraft:leather_leggings":1,"minecraft:stone_pickaxe":13,"minecraft:stone_axe":2,"minecraft:stone_shovel":4,"minecraft:diamond_sword":1,"minecraft:iron_boots":1,"minecraft:iron_sword":1,"minecraft:bow":2,"minecraft:chainmail_helmet":3,"minecraft:iron_axe":3,"minecraft:golden_helmet":1,"minecraft:golden_leggings":5,"minecraft:flint_and_steel":4,"minecraft:golden_axe":2,"minecraft:leather_boots":1},"minecraft:used":{"minecraft:writable_book":118,"minecraft:jack_o_lantern":923,"minecraft:polished_granite_stairs":2190,"minecraft:dispenser":64,"minecraft:poppy":8,"minecraft:black_carpet":5,"minecraft:stone":31926,"minecraft:quartz_stairs":74,"minecraft:rotten_flesh":1,"minecraft:tube_coral":2,"minecraft:soul_sand":1497,"minecraft:snowball":15,"minecraft:spruce_boat":75,"minecraft:packed_ice":2,"minecraft:lava_bucket":317,"minecraft:quartz_pillar":21,"minecraft:music_disc_ward":2,"minecraft:quartz_block":94,"minecraft:dark_oak_slab":169,"minecraft:bow":268,"minecraft:oak_sapling":33,"minecraft:yellow_glazed_terracotta":5,"minecraft:cooked_cod":252,"minecraft:gray_banner":30,"minecraft:lime_glazed_terracotta":18,"minecraft:mossy_stone_bricks":55,"minecraft:damaged_anvil":7,"minecraft:chorus_fruit":51,"minecraft:prismarine":2,"minecraft:lily_pad":47,"minecraft:cactus":341,"minecraft:wooden_pickaxe":140,"minecraft:black_glazed_terracotta":83,"minecraft:composter":2,"minecraft:clay":116,"minecraft:jungle_boat":2,"minecraft:golden_apple":9,"minecraft:cut_sandstone_slab":8,"minecraft:blast_furnace":3,"minecraft:purple_terracotta":80,"minecraft:chiseled_quartz_block":6,"minecraft:birch_slab":853,"minecraft:white_glazed_terracotta":53,"minecraft:oak_pressure_plate":15,"minecraft:coal_block":592,"minecraft:nether_wart_block":1,"minecraft:diamond_sword":8542,"minecraft:birch_log":40,"minecraft:oak_boat":89,"minecraft:oak_trapdoor":17,"minecraft:enchanting_table":3,"minecraft:dead_tube_coral_block":11,"minecraft:carved_pumpkin":6,"minecraft:armor_stand":54,"minecraft:light_gray_carpet":31,"minecraft:cooked_salmon":35,"minecraft:torch":14302,"minecraft:orange_stained_glass":722,"minecraft:brewing_stand":16,"minecraft:nether_quartz_ore":106,"minecraft:light_gray_glazed_terracotta":33,"minecraft:yellow_carpet":4,"minecraft:oak_fence_gate":5,"minecraft:mossy_cobblestone_stairs":38,"minecraft:music_disc_mellohi":3,"minecraft:sea_lantern":33,"minecraft:chipped_anvil":7,"minecraft:iron_block":580,"minecraft:barrel":66,"minecraft:bamboo":1473,"minecraft:magenta_terracotta":6,"minecraft:acacia_planks":3,"minecraft:horn_coral_fan":5,"minecraft:wheat_seeds":3693,"minecraft:light_blue_shulker_box":181,"minecraft:tube_coral_block":41,"minecraft:birch_planks":166,"minecraft:lead":1,"minecraft:cauldron":3,"minecraft:spruce_fence_gate":8,"minecraft:gold_ore":5,"minecraft:diamond_block":1,"minecraft:light_gray_banner":13,"minecraft:rail":419,"minecraft:red_bed":5,"minecraft:white_bed":47,"minecraft:campfire":4,"minecraft:spruce_log":878,"minecraft:music_disc_strad":2,"minecraft:blue_stained_glass_pane":214,"minecraft:diamond_pickaxe":278635,"minecraft:diamond_shovel":104561,"minecraft:oak_button":8,"minecraft:suspicious_stew":2,"minecraft:spruce_pressure_plate":30,"minecraft:spruce_trapdoor":145,"minecraft:spruce_sapling":579,"minecraft:blue_carpet":46,"minecraft:green_carpet":150,"minecraft:potion":84,"minecraft:cooked_porkchop":2,"minecraft:dandelion":9,"minecraft:green_stained_glass":387,"minecraft:light_blue_banner":11,"minecraft:blue_terracotta":240,"minecraft:red_sand":513,"minecraft:bone_block":4198,"minecraft:nether_wart":351,"minecraft:green_terracotta":182,"minecraft:spruce_leaves":10005,"minecraft:orange_glazed_terracotta":27,"minecraft:music_disc_13":2,"minecraft:obsidian":605,"minecraft:spruce_wood":247,"minecraft:lantern":590,"minecraft:blue_orchid":2,"minecraft:light_blue_bed":24,"minecraft:mossy_cobblestone_slab":6,"minecraft:item_frame":57,"minecraft:birch_button":1,"minecraft:birch_trapdoor":104,"minecraft:horn_coral":2,"minecraft:jungle_button":1,"minecraft:written_book":123,"minecraft:blue_shulker_box":48,"minecraft:gold_block":20,"minecraft:pink_concrete_powder":6,"minecraft:dark_oak_sapling":41,"minecraft:tube_coral_fan":1,"minecraft:end_rod":225,"minecraft:dropper":19,"minecraft:gray_carpet":24,"minecraft:stone_pickaxe":4288,"minecraft:jungle_fence":41,"minecraft:oak_planks":306,"minecraft:sandstone":7491,"minecraft:sugar_cane":1358,"minecraft:diamond_axe":14623,"minecraft:white_wool":1,"minecraft:lime_stained_glass_pane":147,"minecraft:mushroom_stew":52,"minecraft:light_blue_wool":2,"minecraft:crossbow":4,"minecraft:end_stone":134,"minecraft:sticky_piston":7,"minecraft:black_terracotta":1546,"minecraft:lever":31,"minecraft:blue_glazed_terracotta":955,"minecraft:daylight_detector":4,"minecraft:dark_oak_log":176,"minecraft:bread":557,"minecraft:iron_door":19,"minecraft:cooked_rabbit":12,"minecraft:smooth_stone_slab":1034,"minecraft:mossy_cobblestone_wall":184,"minecraft:coarse_dirt":364,"minecraft:bone_meal":2088,"minecraft:rose_bush":20,"minecraft:white_tulip":10,"minecraft:granite_stairs":7,"minecraft:flint_and_steel":462,"minecraft:dried_kelp":469,"minecraft:redstone":946,"minecraft:ender_chest":40,"minecraft:stone_hoe":260,"minecraft:cooked_chicken":714,"minecraft:dried_kelp_block":15,"minecraft:dirt":21811,"minecraft:prismarine_bricks":25,"minecraft:spruce_fence":105,"minecraft:iron_hoe":1776,"minecraft:wooden_axe":58,"minecraft:brown_terracotta":7096,"minecraft:light_gray_stained_glass":40,"minecraft:oak_stairs":11,"minecraft:smooth_sandstone":391,"minecraft:black_stained_glass":1649,"minecraft:dark_oak_pressure_plate":12,"minecraft:lime_stained_glass":41,"minecraft:minecart":160,"minecraft:cyan_concrete_powder":13,"minecraft:cooked_beef":177,"minecraft:light_gray_bed":20,"minecraft:orange_stained_glass_pane":14,"minecraft:pumpkin":824,"minecraft:cobblestone_stairs":144,"minecraft:snow_block":94,"minecraft:baked_potato":2350,"minecraft:birch_boat":59,"minecraft:cut_sandstone":1109,"minecraft:spruce_sign":158,"minecraft:music_disc_cat":4,"minecraft:piston":1,"minecraft:flower_pot":11,"minecraft:black_wool":93,"minecraft:lapis_ore":90,"minecraft:detector_rail":29,"minecraft:jungle_stairs":269,"minecraft:stone_axe":555,"minecraft:fire_coral_block":32,"minecraft:lapis_block":363,"minecraft:sea_pickle":324,"minecraft:gray_wool":2,"minecraft:music_disc_far":1,"minecraft:dead_horn_coral_block":1,"minecraft:spruce_slab":2242,"minecraft:ladder":1901,"minecraft:green_banner":3,"minecraft:chest":643,"minecraft:white_shulker_box":73,"minecraft:blue_stained_glass":12,"minecraft:allium":1,"minecraft:jungle_slab":405,"minecraft:acacia_sapling":28,"minecraft:stripped_spruce_log":3,"minecraft:black_stained_glass_pane":142,"minecraft:grass_block":434,"minecraft:birch_sapling":70,"minecraft:orange_shulker_box":38,"minecraft:wet_sponge":6,"minecraft:music_disc_chirp":2,"minecraft:music_disc_wait":4,"minecraft:stone_brick_stairs":247,"minecraft:blue_banner":2,"minecraft:music_disc_stal":3,"minecraft:red_stained_glass_pane":165,"minecraft:snow":51,"minecraft:dark_oak_boat":64,"minecraft:sweet_berries":224,"minecraft:furnace":245,"minecraft:egg":479,"minecraft:potato":1341,"minecraft:magenta_shulker_box":58,"minecraft:light_blue_carpet":6,"minecraft:diorite":208,"minecraft:end_stone_bricks":163,"minecraft:spruce_door":46,"minecraft:red_stained_glass":260,"minecraft:acacia_trapdoor":31,"minecraft:powered_rail":401,"minecraft:orange_tulip":5,"minecraft:cookie":2,"minecraft:dark_oak_trapdoor":3,"minecraft:sand":13362,"minecraft:black_concrete_powder":355,"minecraft:pumpkin_seeds":560,"minecraft:stone_button":158,"minecraft:cyan_carpet":11,"minecraft:lectern":18,"minecraft:red_terracotta":308,"minecraft:polished_granite":401,"minecraft:diamond_ore":40,"minecraft:dark_oak_fence":26,"minecraft:bubble_coral_block":32,"minecraft:white_stained_glass":15217,"minecraft:ice":47,"minecraft:gray_stained_glass":13531,"minecraft:iron_bars":722,"minecraft:stone_sword":66,"minecraft:acacia_log":88,"minecraft:brain_coral_fan":3,"minecraft:sandstone_wall":150,"minecraft:netherrack":1555,"minecraft:light_gray_shulker_box":24,"minecraft:anvil":39,"minecraft:chorus_flower":2,"minecraft:stone_stairs":1,"minecraft:nether_brick_slab":1569,"minecraft:blue_concrete":1,"minecraft:polished_granite_slab":364,"minecraft:jungle_trapdoor":8,"minecraft:dead_brain_coral_block":1,"minecraft:nether_brick_stairs":1889,"minecraft:polished_diorite":22,"minecraft:red_shulker_box":276,"minecraft:cyan_shulker_box":35,"minecraft:iron_axe":3449,"minecraft:spruce_button":18,"minecraft:slime_block":14,"minecraft:totem_of_undying":1,"minecraft:tripwire_hook":8,"minecraft:glowstone":348,"minecraft:iron_trapdoor":9,"minecraft:magenta_wool":1,"minecraft:acacia_wood":9,"minecraft:observer":3,"minecraft:orange_terracotta":5009,"minecraft:golden_axe":64,"minecraft:water_bucket":409,"minecraft:yellow_banner":38,"minecraft:light_blue_glazed_terracotta":164,"minecraft:sandstone_stairs":1311,"minecraft:yellow_shulker_box":106,"minecraft:bubble_coral_fan":2,"minecraft:red_mushroom_block":2,"minecraft:cracked_stone_bricks":252,"minecraft:mossy_cobblestone":203,"minecraft:lime_terracotta":686,"minecraft:comparator":36,"minecraft:vine":165,"minecraft:tnt":80,"minecraft:oak_slab":2,"minecraft:crafting_table":158,"minecraft:birch_sign":127,"minecraft:fire_coral":6,"minecraft:cod":1,"minecraft:dark_oak_fence_gate":8,"minecraft:lime_shulker_box":70,"minecraft:oak_log":66,"minecraft:dark_prismarine":12,"minecraft:ender_eye":1,"minecraft:oxeye_daisy":3,"minecraft:iron_pickaxe":6327,"minecraft:cyan_concrete":4,"minecraft:music_disc_blocks":4,"minecraft:cobblestone":3120,"minecraft:sandstone_slab":161,"minecraft:glass_pane":14,"minecraft:kelp":283,"minecraft:jukebox":3,"minecraft:iron_shovel":3575,"minecraft:oak_sign":557,"minecraft:white_concrete_powder":3166,"minecraft:white_terracotta":658,"minecraft:iron_sword":1678,"minecraft:player_head":200,"minecraft:birch_pressure_plate":9,"minecraft:nether_bricks":11946,"minecraft:carrot":3062,"minecraft:milk_bucket":4,"minecraft:red_sandstone_stairs":6,"minecraft:glass":799,"minecraft:cyan_terracotta":109,"minecraft:coal_ore":1612,"minecraft:quartz_slab":43,"minecraft:hopper_minecart":11,"minecraft:stone_bricks":7636,"minecraft:repeater":575,"minecraft:red_carpet":128,"minecraft:redstone_lamp":127,"minecraft:magma_block":288,"minecraft:hay_block":22,"minecraft:scaffolding":5360,"minecraft:gray_bed":10,"minecraft:beetroot_seeds":30,"minecraft:dark_oak_stairs":238,"minecraft:ender_pearl":749,"minecraft:redstone_block":294,"minecraft:brain_coral":3,"minecraft:yellow_terracotta":189,"minecraft:loom":3,"minecraft:light_gray_terracotta":164,"minecraft:sponge":1056,"minecraft:note_block":32,"minecraft:black_bed":9,"minecraft:shears":10531,"minecraft:redstone_torch":246,"minecraft:gray_shulker_box":41,"minecraft:black_concrete":367,"minecraft:melon_slice":52,"minecraft:firework_rocket":310,"minecraft:string":9,"minecraft:cyan_bed":5,"minecraft:music_disc_mall":3,"minecraft:light_gray_concrete":39,"minecraft:gravel":1153,"minecraft:andesite":857,"minecraft:chest_minecart":1,"minecraft:white_concrete":1032,"minecraft:cobweb":44,"minecraft:oak_fence":128,"minecraft:trident":1791,"minecraft:redstone_ore":98,"minecraft:stone_shovel":736,"minecraft:light_blue_terracotta":1238,"minecraft:spruce_planks":177,"minecraft:white_carpet":13,"minecraft:hopper":67,"minecraft:spruce_stairs":143,"minecraft:cobblestone_wall":427,"minecraft:shulker_box":339,"minecraft:pink_carpet":28,"minecraft:granite":248,"minecraft:birch_door":3,"minecraft:purple_stained_glass_pane":3,"minecraft:stone_brick_slab":302,"minecraft:dark_oak_planks":92,"minecraft:bookshelf":71,"minecraft:yellow_stained_glass":205,"minecraft:acacia_slab":244,"minecraft:light_gray_wool":1,"minecraft:golden_carrot":693,"minecraft:emerald_block":35,"minecraft:white_stained_glass_pane":206,"minecraft:stone_pressure_plate":17,"minecraft:horn_coral_block":17,"minecraft:brain_coral_block":32,"minecraft:cooked_mutton":6,"minecraft:pink_tulip":7,"minecraft:iron_ore":16,"minecraft:glass_bottle":167,"minecraft:polished_andesite":163,"minecraft:blue_wool":1,"minecraft:beacon":6,"minecraft:red_glazed_terracotta":699,"minecraft:cobblestone_slab":2153,"minecraft:stripped_dark_oak_log":30,"minecraft:terracotta":110,"minecraft:dead_fire_coral_block":4,"minecraft:light_gray_concrete_powder":6,"minecraft:painting":146,"minecraft:smoker":2,"minecraft:activator_rail":2,"minecraft:acacia_stairs":63,"minecraft:apple":73,"minecraft:map":1,"minecraft:fishing_rod":5,"minecraft:green_shulker_box":95,"minecraft:white_banner":22,"minecraft:red_banner":58,"minecraft:bucket":1254,"minecraft:smooth_stone":171,"minecraft:splash_potion":7},"minecraft:killed":{"minecraft:cod":64,"minecraft:guardian":293,"minecraft:salmon":63,"minecraft:pillager":19,"minecraft:zombie":215,"minecraft:zombie_pigman":4,"minecraft:endermite":5,"minecraft:husk":10,"minecraft:rabbit":21,"minecraft:witch":2,"minecraft:spider":34,"minecraft:zombie_villager":3,"minecraft:sheep":4,"minecraft:ghast":52,"minecraft:slime":268,"minecraft:drowned":150,"minecraft:squid":139,"minecraft:wither_skeleton":1,"minecraft:cave_spider":10,"minecraft:skeleton":6253,"minecraft:chicken":19,"minecraft:magma_cube":75,"minecraft:cow":39,"minecraft:wandering_trader":1,"minecraft:enderman":23,"minecraft:pig":3,"minecraft:creeper":107,"minecraft:blaze":55,"minecraft:phantom":4,"minecraft:bat":10},"minecraft:killed_by":{"minecraft:zombie":4,"minecraft:wither":3,"minecraft:ghast":1,"minecraft:drowned":8,"minecraft:skeleton":3,"minecraft:slime":2,"minecraft:creeper":5,"minecraft:player":1,"minecraft:phantom":1},"minecraft:dropped":{"minecraft:iron_sword":3,"minecraft:lapis_lazuli":64,"minecraft:chorus_fruit":1,"minecraft:glass_bottle":28,"minecraft:diamond":106,"minecraft:red_mushroom":1,"minecraft:red_bed":1,"minecraft:dark_oak_fence":1,"minecraft:gold_nugget":8,"minecraft:writable_book":1,"minecraft:sand":15,"minecraft:dark_oak_planks":2,"minecraft:white_wool":9,"minecraft:lever":1,"minecraft:cooked_chicken":4,"minecraft:wheat":3,"minecraft:rotten_flesh":98,"minecraft:oak_planks":36,"minecraft:azure_bluet":1,"minecraft:red_mushroom_block":30,"minecraft:coal_ore":11,"minecraft:leather_boots":8,"minecraft:leather_leggings":7,"minecraft:glass":1,"minecraft:purple_stained_glass_pane":1,"minecraft:stone_brick_stairs":45,"minecraft:golden_boots":2,"minecraft:wheat_seeds":377,"minecraft:prismarine_crystals":18,"minecraft:golden_apple":1,"minecraft:wooden_axe":3,"minecraft:potion":2,"minecraft:pumpkin":165,"minecraft:red_dye":4,"minecraft:smooth_stone":3,"minecraft:acacia_planks":16,"minecraft:stone_brick_slab":1,"minecraft:green_terracotta":1,"minecraft:player_head":6,"minecraft:stone_shovel":1,"minecraft:iron_boots":3,"minecraft:white_terracotta":5,"minecraft:oak_sign":7,"minecraft:diamond_sword":1,"minecraft:spruce_boat":1,"minecraft:spruce_trapdoor":7,"minecraft:spruce_planks":121,"minecraft:pink_shulker_box":1,"minecraft:redstone_torch":6,"minecraft:stone_bricks":45,"minecraft:sandstone":6,"minecraft:bow":69,"minecraft:red_sand":1,"minecraft:terracotta":8,"minecraft:nether_brick_stairs":218,"minecraft:soul_sand":2,"minecraft:oak_log":68,"minecraft:ender_pearl":31,"minecraft:lime_terracotta":3,"minecraft:jungle_planks":3,"minecraft:light_gray_banner":1,"minecraft:gold_ingot":38,"minecraft:leather_chestplate":1,"minecraft:trident":1,"minecraft:iron_bars":8,"minecraft:scaffolding":2,"minecraft:magenta_wool":2,"minecraft:polished_granite":1,"minecraft:lilac":7,"minecraft:acacia_log":70,"minecraft:acacia_trapdoor":20,"minecraft:cactus":1548,"minecraft:tripwire_hook":36,"minecraft:redstone_block":12,"minecraft:kelp":180,"minecraft:sweet_berries":3,"minecraft:light_gray_terracotta":42,"minecraft:totem_of_undying":1,"minecraft:oak_button":4,"minecraft:andesite":390,"minecraft:oak_sapling":58,"minecraft:birch_sign":7,"minecraft:spruce_log":89,"minecraft:wooden_pickaxe":2,"minecraft:cooked_beef":1,"minecraft:rail":6,"minecraft:leather_helmet":3,"minecraft:dirt":888,"minecraft:grass":6,"minecraft:stone_button":1,"minecraft:bone_meal":75,"minecraft:bone":88,"minecraft:sugar_cane":5,"minecraft:birch_sapling":37,"minecraft:salmon":4,"minecraft:ladder":66,"minecraft:white_dye":2,"minecraft:egg":12,"minecraft:enchanted_book":7,"minecraft:iron_ingot":6,"minecraft:tnt":1,"minecraft:oak_fence":6,"minecraft:iron_helmet":2,"minecraft:cobblestone":6157,"minecraft:apple":1,"minecraft:granite":454,"minecraft:coal":4,"minecraft:oxeye_daisy":4,"minecraft:jungle_slab":1,"minecraft:golden_carrot":20,"minecraft:rose_bush":3,"minecraft:brown_terracotta":2,"minecraft:dried_kelp":17,"minecraft:paper":68,"minecraft:string":21,"minecraft:smooth_stone_slab":6,"minecraft:chicken":1,"minecraft:pumpkin_seeds":376,"minecraft:light_blue_dye":56,"minecraft:potato":2,"minecraft:stone":1876,"minecraft:allium":1,"minecraft:blue_banner":2,"minecraft:carved_pumpkin":1,"minecraft:spider_eye":2,"minecraft:red_tulip":3,"minecraft:brown_mushroom":1,"minecraft:birch_planks":35,"minecraft:diamond_axe":1,"minecraft:baked_potato":102,"minecraft:lime_stained_glass_pane":1,"minecraft:flint":186,"minecraft:black_stained_glass":3,"minecraft:birch_log":68,"minecraft:armor_stand":1,"minecraft:gravel":136,"minecraft:carrot":14,"minecraft:chainmail_chestplate":1,"minecraft:poppy":18,"minecraft:gunpowder":4,"minecraft:chest":27,"minecraft:arrow":445,"minecraft:written_book":2,"minecraft:netherrack":2302,"minecraft:firework_rocket":233,"minecraft:stripped_spruce_log":1,"minecraft:poisonous_potato":2,"minecraft:grass_block":1,"minecraft:stick":274,"minecraft:diorite":541,"minecraft:torch":111,"minecraft:iron_leggings":2,"minecraft:bucket":1,"minecraft:dandelion":34,"minecraft:redstone":113,"minecraft:nether_brick_slab":64,"minecraft:gray_stained_glass":29,"minecraft:red_terracotta":8,"minecraft:orange_terracotta":69,"minecraft:iron_chestplate":1,"minecraft:oak_boat":3,"minecraft:diamond_boots":2,"minecraft:slime_ball":90,"minecraft:beacon":1,"minecraft:stone_pickaxe":1},"minecraft:mined":{"minecraft:blue_carpet":2,"minecraft:cut_sandstone_slab":5,"minecraft:red_shulker_box":272,"minecraft:white_bed":27,"minecraft:cyan_shulker_box":35,"minecraft:granite":5597,"minecraft:acacia_log":168,"minecraft:light_gray_bed":8,"minecraft:oak_pressure_plate":6,"minecraft:oak_wall_sign":85,"minecraft:nether_wart":205,"minecraft:red_stained_glass_pane":13,"minecraft:spawner":2,"minecraft:chorus_flower":6,"minecraft:magma_block":391,"minecraft:mossy_cobblestone_stairs":30,"minecraft:dark_oak_trapdoor":1,"minecraft:barrel":11,"minecraft:nether_brick_stairs":87,"minecraft:spruce_pressure_plate":5,"minecraft:light_gray_concrete":4,"minecraft:green_carpet":6,"minecraft:pink_tulip":8,"minecraft:white_shulker_box":71,"minecraft:spruce_wood":36,"minecraft:white_banner":2,"minecraft:player_head":114,"minecraft:tripwire":2,"minecraft:jungle_trapdoor":7,"minecraft:sandstone_slab":58,"minecraft:cut_sandstone":387,"minecraft:kelp_plant":2330,"minecraft:smoker":1,"minecraft:torch":1863,"minecraft:note_block":17,"minecraft:white_stained_glass_pane":25,"minecraft:dead_bush":98,"minecraft:nether_brick_slab":38,"minecraft:spruce_wall_sign":24,"minecraft:lime_shulker_box":69,"minecraft:sugar_cane":7473,"minecraft:birch_sapling":4,"minecraft:white_terracotta":1354,"minecraft:repeater":105,"minecraft:jukebox":2,"minecraft:yellow_glazed_terracotta":1,"minecraft:grass":2252,"minecraft:dark_oak_sapling":5,"minecraft:sandstone_wall":23,"minecraft:attached_pumpkin_stem":21,"minecraft:dark_prismarine":4,"minecraft:mossy_cobblestone":55,"minecraft:dark_oak_log":632,"minecraft:sea_lantern":2,"minecraft:end_stone":446,"minecraft:dark_oak_fence":129,"minecraft:spruce_fence":44,"minecraft:redstone_wire":291,"minecraft:red_mushroom":68,"minecraft:white_concrete_powder":293,"minecraft:redstone_ore":2058,"minecraft:acacia_trapdoor":3,"minecraft:pink_concrete":6,"minecraft:green_terracotta":9,"minecraft:andesite":6039,"minecraft:cyan_concrete":5,"minecraft:cobblestone_slab":55,"minecraft:vine":738,"minecraft:rail":593,"minecraft:bone_block":735,"minecraft:fire_coral_block":2,"minecraft:ender_chest":30,"minecraft:oak_slab":6,"minecraft:redstone_block":179,"minecraft:glass_pane":14,"minecraft:soul_sand":1583,"minecraft:dandelion":96,"minecraft:diorite":5307,"minecraft:black_stained_glass":153,"minecraft:red_terracotta":1224,"minecraft:coarse_dirt":16,"minecraft:light_blue_bed":17,"minecraft:cobblestone_wall":99,"minecraft:stripped_spruce_wood":1,"minecraft:dead_bubble_coral_fan":1,"minecraft:gravel":5404,"minecraft:cobweb":588,"minecraft:brown_terracotta":8283,"minecraft:oak_button":1,"minecraft:birch_sign":37,"minecraft:stone_bricks":1131,"minecraft:chipped_anvil":7,"minecraft:gold_ore":705,"minecraft:iron_trapdoor":3,"minecraft:fern":22,"minecraft:stone_pressure_plate":6,"minecraft:oak_sapling":2,"minecraft:farmland":21,"minecraft:orange_stained_glass":18,"minecraft:brewing_stand":8,"minecraft:spruce_trapdoor":32,"minecraft:white_concrete":1019,"minecraft:composter":1,"minecraft:green_wall_banner":2,"minecraft:green_stained_glass":5,"minecraft:red_tulip":39,"minecraft:iron_bars":270,"minecraft:granite_stairs":6,"minecraft:spruce_slab":316,"minecraft:quartz_block":36,"minecraft:orange_terracotta":12402,"minecraft:yellow_banner":24,"minecraft:light_gray_terracotta":1264,"minecraft:jungle_stairs":36,"minecraft:mossy_cobblestone_wall":16,"minecraft:beacon":5,"minecraft:nether_quartz_ore":750,"minecraft:oak_planks":733,"minecraft:light_blue_banner":7,"minecraft:wall_torch":1242,"minecraft:cauldron":1,"minecraft:stone_stairs":1,"minecraft:light_blue_terracotta":172,"minecraft:blue_terracotta":31,"minecraft:powered_rail":60,"minecraft:dark_oak_slab":10,"minecraft:green_banner":1,"minecraft:tnt":35,"minecraft:smooth_stone_slab":85,"minecraft:oak_log":2487,"minecraft:beetroots":31,"minecraft:lime_terracotta":45,"minecraft:dirt":36366,"minecraft:dispenser":16,"minecraft:pink_carpet":2,"minecraft:quartz_stairs":13,"minecraft:dark_oak_leaves":185,"minecraft:red_stained_glass":6,"minecraft:lever":14,"minecraft:ladder":583,"minecraft:purple_terracotta":10,"minecraft:stone_button":89,"minecraft:birch_slab":22,"minecraft:spruce_leaves":12729,"minecraft:acacia_slab":25,"minecraft:hay_block":7,"minecraft:light_gray_shulker_box":24,"minecraft:detector_rail":10,"minecraft:gold_block":17,"minecraft:nether_brick_fence":1,"minecraft:bookshelf":42,"minecraft:stripped_oak_log":3,"minecraft:wet_sponge":956,"minecraft:blue_glazed_terracotta":99,"minecraft:orange_glazed_terracotta":19,"minecraft:acacia_leaves":228,"minecraft:scaffolding":1099,"minecraft:snow_block":2,"minecraft:stripped_dark_oak_log":35,"minecraft:polished_granite":188,"minecraft:oak_fence":291,"minecraft:gray_stained_glass":62,"minecraft:red_glazed_terracotta":144,"minecraft:prismarine_bricks":17,"minecraft:dead_fire_coral_block":3,"minecraft:birch_planks":47,"minecraft:sea_pickle":86,"minecraft:ice":42,"minecraft:white_wall_banner":1,"minecraft:grass_path":109,"minecraft:black_wool":16,"minecraft:flower_pot":5,"minecraft:cracked_stone_bricks":130,"minecraft:mossy_stone_bricks":2,"minecraft:dark_oak_planks":217,"minecraft:polished_granite_slab":125,"minecraft:black_terracotta":141,"minecraft:carved_pumpkin":1381,"minecraft:obsidian":2274,"minecraft:red_sand":6571,"minecraft:yellow_carpet":4,"minecraft:coal_block":100,"minecraft:lime_stained_glass":1,"minecraft:purpur_slab":1,"minecraft:tube_coral_block":1,"minecraft:hopper":12,"minecraft:oxeye_daisy":20,"minecraft:sticky_piston":3,"minecraft:pumpkin":1043,"minecraft:enchanting_table":2,"minecraft:lime_stained_glass_pane":140,"minecraft:oak_sign":49,"minecraft:oak_stairs":5,"minecraft:quartz_slab":15,"minecraft:blue_orchid":60,"minecraft:iron_block":346,"minecraft:brown_mushroom":114,"minecraft:player_wall_head":89,"minecraft:blast_furnace":2,"minecraft:glass":49,"minecraft:cyan_bed":4,"minecraft:damaged_anvil":7,"minecraft:spruce_sign":6,"minecraft:black_concrete_powder":2,"minecraft:light_gray_stained_glass":8,"minecraft:wheat":1673,"minecraft:pumpkin_stem":13,"minecraft:black_bed":7,"minecraft:stone_brick_stairs":41,"minecraft:loom":2,"minecraft:blue_shulker_box":47,"minecraft:yellow_stained_glass":6,"minecraft:yellow_terracotta":1405,"minecraft:blue_stained_glass_pane":24,"minecraft:jack_o_lantern":44,"minecraft:shulker_box":336,"minecraft:nether_bricks":2785,"minecraft:allium":19,"minecraft:jungle_planks":1,"minecraft:orange_shulker_box":36,"minecraft:red_sandstone_stairs":1,"minecraft:kelp":943,"minecraft:black_stained_glass_pane":4,"minecraft:snow":265,"minecraft:diamond_block":16,"minecraft:white_glazed_terracotta":31,"minecraft:potatoes":1224,"minecraft:bamboo":1791,"minecraft:bamboo_sapling":1,"minecraft:cake":5,"minecraft:light_gray_carpet":2,"minecraft:comparator":20,"minecraft:stone_brick_slab":38,"minecraft:observer":3,"minecraft:smooth_sandstone":8,"minecraft:light_gray_concrete_powder":4,"minecraft:spruce_button":4,"minecraft:sponge":106,"minecraft:dried_kelp_block":13,"minecraft:lime_glazed_terracotta":1,"minecraft:white_carpet":9,"minecraft:spruce_log":4064,"minecraft:birch_leaves":274,"minecraft:jungle_fence":1,"minecraft:quartz_pillar":11,"minecraft:red_wall_banner":12,"minecraft:acacia_planks":2,"minecraft:spruce_fence_gate":3,"minecraft:light_gray_banner":2,"minecraft:spruce_planks":38,"minecraft:jungle_slab":51,"minecraft:cobblestone_stairs":77,"minecraft:grass_block":22613,"minecraft:dead_tube_coral_block":11,"minecraft:gray_banner":3,"minecraft:blue_concrete":1,"minecraft:purple_stained_glass_pane":4,"minecraft:sandstone_stairs":280,"minecraft:smooth_stone":33,"minecraft:glowstone":55,"minecraft:iron_ore":2353,"minecraft:black_carpet":5,"minecraft:anvil":16,"minecraft:azure_bluet":14,"minecraft:dark_oak_stairs":95,"minecraft:birch_wall_sign":23,"minecraft:end_stone_bricks":35,"minecraft:brain_coral_block":1,"minecraft:polished_granite_stairs":607,"minecraft:cyan_terracotta":26,"minecraft:chiseled_quartz_block":6,"minecraft:clay":402,"minecraft:poppy":156,"minecraft:chest":171,"minecraft:cobblestone":1920,"minecraft:slime_block":7,"minecraft:prismarine":1,"minecraft:magenta_shulker_box":57,"minecraft:seagrass":93,"minecraft:light_gray_glazed_terracotta":1,"minecraft:nether_wart_block":1,"minecraft:birch_log":1112,"minecraft:lapis_block":128,"minecraft:birch_trapdoor":19,"minecraft:light_gray_wool":1,"minecraft:orange_tulip":17,"minecraft:purpur_block":1,"minecraft:sand":34609,"minecraft:netherrack":94108,"minecraft:magenta_wool":1,"minecraft:oak_leaves":3038,"minecraft:emerald_block":35,"minecraft:redstone_lamp":60,"minecraft:diamond_ore":272,"minecraft:red_carpet":42,"minecraft:gray_shulker_box":40,"minecraft:dark_oak_pressure_plate":5,"minecraft:light_blue_glazed_terracotta":15,"minecraft:white_stained_glass":406,"minecraft:sandstone":12434,"minecraft:oak_trapdoor":9,"minecraft:spruce_sapling":63,"minecraft:furnace":95,"minecraft:carrots":1018,"minecraft:black_glazed_terracotta":6,"minecraft:chiseled_sandstone":2,"minecraft:acacia_stairs":12,"minecraft:stripped_spruce_log":9,"minecraft:black_concrete":423,"minecraft:dead_horn_coral_block":1,"minecraft:lantern":99,"minecraft:stripped_acacia_log":1,"minecraft:packed_ice":9,"minecraft:chorus_plant":9,"minecraft:stone":103379,"minecraft:white_tulip":18,"minecraft:yellow_shulker_box":104,"minecraft:redstone_wall_torch":22,"minecraft:birch_pressure_plate":4,"minecraft:podzol":477,"minecraft:light_blue_shulker_box":180,"minecraft:red_banner":15,"minecraft:crafting_table":86,"minecraft:light_gray_wall_banner":1,"minecraft:lectern":11,"minecraft:lapis_ore":342,"minecraft:lily_pad":118,"minecraft:spruce_stairs":27,"minecraft:gray_wool":1,"minecraft:cactus":177,"minecraft:green_shulker_box":93,"minecraft:redstone_torch":65,"minecraft:magenta_terracotta":1,"minecraft:sweet_berry_bush":15,"minecraft:potted_azure_bluet":1,"minecraft:dead_brain_coral_block":1,"minecraft:coal_ore":8031,"minecraft:end_rod":62,"minecraft:bubble_coral_wall_fan":1,"minecraft:gray_carpet":11,"minecraft:terracotta":2012,"minecraft:polished_andesite":39}},"DataVersion":1976}