{"stats":{"minecraft:used":{"minecraft:writable_book":272,"minecraft:smooth_quartz_slab":333,"minecraft:dispenser":186,"minecraft:poppy":55,"minecraft:black_carpet":13,"minecraft:stone":37147,"minecraft:quartz_stairs":1273,"minecraft:rotten_flesh":105,"minecraft:tube_coral":28,"minecraft:soul_sand":116,"minecraft:cocoa_beans":1280,"minecraft:snowball":80,"minecraft:azure_bluet":22,"minecraft:spruce_boat":36,"minecraft:jungle_sapling":90,"minecraft:packed_ice":810,"minecraft:quartz_pillar":893,"minecraft:red_wool":235,"minecraft:lava_bucket":260,"minecraft:lime_banner":4,"minecraft:music_disc_ward":79,"minecraft:quartz_block":1275,"minecraft:dark_oak_slab":2790,"minecraft:cooked_cod":2010,"minecraft:bow":417,"minecraft:acacia_fence":37,"minecraft:end_stone_brick_stairs":2,"minecraft:oak_sapling":1302,"minecraft:dark_prismarine_stairs":21,"minecraft:mossy_stone_bricks":6,"minecraft:damaged_anvil":10,"minecraft:chorus_fruit":47,"minecraft:prismarine":27,"minecraft:cactus":80,"minecraft:clay":27,"minecraft:wooden_pickaxe":93,"minecraft:composter":58,"minecraft:jungle_boat":1,"minecraft:golden_apple":16,"minecraft:blast_furnace":1,"minecraft:purple_terracotta":48,"minecraft:chiseled_quartz_block":64,"minecraft:gray_concrete":7355,"minecraft:birch_fence":21,"minecraft:gray_stained_glass_pane":1250,"minecraft:birch_slab":903,"minecraft:white_glazed_terracotta":33,"minecraft:coal_block":595,"minecraft:diamond_sword":18571,"minecraft:birch_log":56,"minecraft:oak_boat":98,"minecraft:diorite_slab":105,"minecraft:purple_wool":23,"minecraft:diorite_stairs":25,"minecraft:oak_trapdoor":196,"minecraft:dead_tube_coral_block":3,"minecraft:enchanting_table":5,"minecraft:orange_concrete":369,"minecraft:dead_bush":11,"minecraft:carved_pumpkin":59,"minecraft:armor_stand":44,"minecraft:light_gray_carpet":809,"minecraft:cooked_salmon":52,"minecraft:torch":27477,"minecraft:orange_stained_glass":110,"minecraft:brewing_stand":5,"minecraft:nether_quartz_ore":1482,"minecraft:cod_bucket":19,"minecraft:yellow_carpet":124,"minecraft:oak_fence_gate":70,"minecraft:fern":28,"minecraft:mossy_cobblestone_stairs":20,"minecraft:music_disc_mellohi":10,"minecraft:sea_lantern":2262,"minecraft:chipped_anvil":16,"minecraft:iron_block":2931,"minecraft:jungle_log":433,"minecraft:barrel":207,"minecraft:bamboo":462,"minecraft:lime_concrete":169,"minecraft:magenta_terracotta":1182,"minecraft:podzol":325,"minecraft:acacia_planks":205,"minecraft:horn_coral_fan":135,"minecraft:wheat_seeds":8575,"minecraft:light_blue_shulker_box":99,"minecraft:tube_coral_block":326,"minecraft:birch_planks":2189,"minecraft:lead":3,"minecraft:blue_concrete_powder":624,"minecraft:cauldron":308,"minecraft:spruce_fence_gate":107,"minecraft:gold_ore":83,"minecraft:conduit":2,"minecraft:diamond_block":353,"minecraft:rail":2215,"minecraft:red_bed":10,"minecraft:white_bed":193,"minecraft:campfire":92,"minecraft:spruce_log":1411,"minecraft:mushroom_stem":2,"minecraft:music_disc_strad":19,"minecraft:acacia_sign":2,"minecraft:diamond_shovel":615040,"minecraft:diamond_pickaxe":788758,"minecraft:oak_button":21,"minecraft:suspicious_stew":1,"minecraft:tnt_minecart":16,"minecraft:spruce_pressure_plate":5,"minecraft:magenta_concrete_powder":480,"minecraft:spruce_trapdoor":1575,"minecraft:blue_carpet":9,"minecraft:spruce_sapling":180,"minecraft:pink_bed":26,"minecraft:green_carpet":21,"minecraft:potion":59,"minecraft:purple_bed":7,"minecraft:andesite_stairs":21,"minecraft:cooked_porkchop":34,"minecraft:porkchop":2,"minecraft:stripped_oak_log":75,"minecraft:dandelion":2,"minecraft:green_stained_glass":164,"minecraft:blue_terracotta":68,"minecraft:melon":6,"minecraft:light_gray_stained_glass_pane":1388,"minecraft:bone_block":36,"minecraft:nether_wart":22,"minecraft:grass":115,"minecraft:bubble_coral":13,"minecraft:green_terracotta":451,"minecraft:spruce_leaves":709,"minecraft:mutton":1,"minecraft:orange_glazed_terracotta":37,"minecraft:jungle_planks":218,"minecraft:pink_terracotta":5,"minecraft:music_disc_13":6,"minecraft:obsidian":1112,"minecraft:bricks":698,"minecraft:spruce_wood":139,"minecraft:lantern":177,"minecraft:green_wool":123,"minecraft:light_blue_bed":11,"minecraft:item_frame":2809,"minecraft:birch_button":121,"minecraft:golden_sword":6,"minecraft:birch_trapdoor":11,"minecraft:horn_coral":31,"minecraft:written_book":177,"minecraft:blue_shulker_box":67,"minecraft:gold_block":260,"minecraft:pink_concrete_powder":78,"minecraft:dark_oak_sapling":20,"minecraft:tube_coral_fan":149,"minecraft:end_rod":1215,"minecraft:dropper":12,"minecraft:wither_skeleton_skull":7,"minecraft:gray_carpet":800,"minecraft:stone_pickaxe":743,"minecraft:oak_planks":1590,"minecraft:polished_diorite_slab":57,"minecraft:sandstone":1104,"minecraft:sugar_cane":1160,"minecraft:diamond_axe":38060,"minecraft:white_wool":63,"minecraft:light_blue_concrete":4,"minecraft:lime_stained_glass_pane":172,"minecraft:light_blue_wool":26,"minecraft:yellow_concrete":681,"minecraft:crossbow":215,"minecraft:end_stone":33,"minecraft:sticky_piston":551,"minecraft:black_terracotta":80,"minecraft:lever":286,"minecraft:daylight_detector":93,"minecraft:acacia_door":14,"minecraft:dark_oak_log":141,"minecraft:bread":154,"minecraft:brown_wool":1,"minecraft:iron_door":15,"minecraft:pufferfish_bucket":49,"minecraft:cooked_rabbit":3,"minecraft:smooth_stone_slab":260,"minecraft:mossy_cobblestone_wall":1,"minecraft:coarse_dirt":7639,"minecraft:bone_meal":3853,"minecraft:orange_concrete_powder":831,"minecraft:white_tulip":26,"minecraft:rose_bush":26,"minecraft:flint_and_steel":140,"minecraft:granite_stairs":4,"minecraft:redstone":1798,"minecraft:ender_chest":238,"minecraft:brown_shulker_box":27,"minecraft:stone_hoe":1611,"minecraft:cooked_chicken":272,"minecraft:dried_kelp_block":19,"minecraft:dirt":30391,"minecraft:prismarine_bricks":49,"minecraft:spruce_fence":435,"minecraft:iron_hoe":465,"minecraft:brown_terracotta":137,"minecraft:light_gray_stained_glass":5708,"minecraft:oak_stairs":82,"minecraft:smooth_sandstone":784,"minecraft:yellow_concrete_powder":1056,"minecraft:black_stained_glass":49,"minecraft:dark_oak_pressure_plate":9,"minecraft:minecart":94,"minecraft:cyan_concrete_powder":256,"minecraft:dead_bubble_coral_block":4,"minecraft:cooked_beef":558,"minecraft:enchanted_golden_apple":1,"minecraft:light_gray_bed":2,"minecraft:pumpkin":237,"minecraft:orange_stained_glass_pane":106,"minecraft:beetroot_soup":1,"minecraft:cobblestone_stairs":652,"minecraft:snow_block":198,"minecraft:baked_potato":5338,"minecraft:birch_boat":41,"minecraft:brown_mushroom":16,"minecraft:cut_sandstone":135,"minecraft:spruce_sign":90,"minecraft:music_disc_cat":8,"minecraft:dark_prismarine_slab":6,"minecraft:magenta_bed":8,"minecraft:red_mushroom":22,"minecraft:magenta_carpet":16,"minecraft:cyan_stained_glass":45669,"minecraft:piston":551,"minecraft:wooden_hoe":56,"minecraft:gray_terracotta":303,"minecraft:flower_pot":157,"minecraft:black_wool":127,"minecraft:chicken":7,"minecraft:lapis_ore":214,"minecraft:stone_slab":845,"minecraft:detector_rail":10,"minecraft:magenta_concrete":35,"minecraft:yellow_wool":60,"minecraft:stone_axe":430,"minecraft:magenta_banner":2,"minecraft:brown_stained_glass_pane":11,"minecraft:fire_coral_block":309,"minecraft:pink_shulker_box":73,"minecraft:end_crystal":1,"minecraft:cyan_stained_glass_pane":487,"minecraft:lapis_block":5,"minecraft:sea_pickle":6918,"minecraft:gray_wool":2,"minecraft:birch_stairs":896,"minecraft:peony":538,"minecraft:beetroot":25,"minecraft:music_disc_far":13,"minecraft:nether_brick_fence":18,"minecraft:ladder":208,"minecraft:spruce_slab":1891,"minecraft:chest":1621,"minecraft:brown_concrete":4,"minecraft:white_shulker_box":111,"minecraft:stripped_spruce_log":154,"minecraft:brick_slab":4,"minecraft:orange_wool":54,"minecraft:blue_stained_glass":1,"minecraft:allium":15,"minecraft:black_stained_glass_pane":20,"minecraft:grass_block":24017,"minecraft:birch_sapling":2,"minecraft:polished_andesite_stairs":147,"minecraft:orange_shulker_box":54,"minecraft:wet_sponge":2,"minecraft:music_disc_chirp":6,"minecraft:music_disc_wait":35,"minecraft:dark_oak_button":51,"minecraft:pink_wool":291,"minecraft:stone_brick_stairs":579,"minecraft:music_disc_stal":9,"minecraft:snow":18955,"minecraft:red_stained_glass_pane":136,"minecraft:dark_oak_boat":41,"minecraft:sweet_berries":299,"minecraft:furnace":299,"minecraft:egg":9898,"minecraft:potato":6543,"minecraft:dragon_head":6,"minecraft:seagrass":21,"minecraft:brown_concrete_powder":961,"minecraft:magenta_shulker_box":103,"minecraft:light_blue_carpet":11,"minecraft:emerald_ore":18,"minecraft:spruce_door":45,"minecraft:stripped_birch_log":111,"minecraft:diorite":1173,"minecraft:end_stone_bricks":56,"minecraft:brick_wall":16,"minecraft:red_stained_glass":167,"minecraft:acacia_trapdoor":7,"minecraft:powered_rail":893,"minecraft:orange_tulip":12,"minecraft:lime_concrete_powder":453,"minecraft:purpur_pillar":29,"minecraft:oak_leaves":3892,"minecraft:smooth_quartz_stairs":187,"minecraft:cookie":21,"minecraft:dark_oak_trapdoor":538,"minecraft:sand":48727,"minecraft:purpur_stairs":1,"minecraft:blue_ice":4,"minecraft:black_concrete_powder":7506,"minecraft:pumpkin_seeds":99,"minecraft:chiseled_sandstone":2,"minecraft:stone_button":3009,"minecraft:cyan_carpet":40,"minecraft:lectern":35,"minecraft:red_terracotta":5108,"minecraft:polished_granite":14,"minecraft:diamond_ore":155,"minecraft:lilac":589,"minecraft:polished_andesite_slab":44,"minecraft:magenta_stained_glass_pane":71,"minecraft:wooden_sword":24,"minecraft:dark_oak_fence":114,"minecraft:white_stained_glass":5612,"minecraft:bubble_coral_block":265,"minecraft:green_concrete_powder":2294,"minecraft:pink_stained_glass":1,"minecraft:ice":394,"minecraft:gray_stained_glass":221,"minecraft:iron_bars":471,"minecraft:stone_sword":95,"minecraft:acacia_log":35,"minecraft:brain_coral_fan":122,"minecraft:red_concrete":563,"minecraft:mycelium":13,"minecraft:sandstone_wall":2,"minecraft:netherrack":2370,"minecraft:orange_bed":2,"minecraft:light_gray_shulker_box":103,"minecraft:dragon_egg":1,"minecraft:anvil":123,"minecraft:chorus_flower":1,"minecraft:stone_stairs":364,"minecraft:nether_brick_slab":8,"minecraft:blue_concrete":197,"minecraft:nether_brick_stairs":10,"minecraft:polished_diorite":29,"minecraft:red_shulker_box":258,"minecraft:cyan_shulker_box":28,"minecraft:spruce_button":74,"minecraft:iron_axe":379,"minecraft:brick_stairs":42,"minecraft:slime_block":700,"minecraft:smooth_quartz":607,"minecraft:totem_of_undying":4,"minecraft:pink_stained_glass_pane":4,"minecraft:tripwire_hook":57,"minecraft:purple_concrete":2,"minecraft:glowstone":1544,"minecraft:gray_glazed_terracotta":22,"minecraft:iron_trapdoor":239,"minecraft:magenta_wool":39,"minecraft:acacia_wood":9,"minecraft:orange_terracotta":455,"minecraft:observer":792,"minecraft:water_bucket":2786,"minecraft:sandstone_stairs":264,"minecraft:smooth_sandstone_slab":67,"minecraft:yellow_shulker_box":368,"minecraft:lime_wool":39,"minecraft:bubble_coral_fan":144,"minecraft:red_mushroom_block":3,"minecraft:pink_concrete":32,"minecraft:salmon":3,"minecraft:cracked_stone_bricks":1,"minecraft:orange_carpet":13,"minecraft:lime_terracotta":491,"minecraft:comparator":60,"minecraft:vine":88,"minecraft:mossy_cobblestone":106,"minecraft:tnt":3001,"minecraft:crafting_table":450,"minecraft:oak_slab":130,"minecraft:birch_sign":228,"minecraft:fire_coral":32,"minecraft:cod":60,"minecraft:dark_oak_fence_gate":29,"minecraft:lime_shulker_box":19,"minecraft:cake":17,"minecraft:oak_log":1583,"minecraft:dark_prismarine":243,"minecraft:cornflower":27,"minecraft:oxeye_daisy":13,"minecraft:stripped_jungle_log":1,"minecraft:sunflower":2,"minecraft:iron_pickaxe":3399,"minecraft:cyan_concrete":1,"minecraft:music_disc_blocks":18,"minecraft:chiseled_stone_bricks":6,"minecraft:cobblestone":19566,"minecraft:red_concrete_powder":739,"minecraft:sandstone_slab":209,"minecraft:glass_pane":53,"minecraft:jukebox":74,"minecraft:kelp":1526,"minecraft:iron_shovel":274,"minecraft:carrot_on_a_stick":9,"minecraft:oak_sign":767,"minecraft:diamond_hoe":653,"minecraft:white_concrete_powder":149374,"minecraft:white_terracotta":113,"minecraft:iron_sword":917,"minecraft:purple_shulker_box":114,"minecraft:player_head":1388,"minecraft:birch_pressure_plate":12,"minecraft:nether_bricks":82,"minecraft:carrot":8175,"minecraft:music_disc_11":8,"minecraft:cyan_wool":53,"minecraft:milk_bucket":25,"minecraft:glass":1235,"minecraft:cyan_terracotta":52465,"minecraft:coal_ore":561,"minecraft:quartz_slab":7310,"minecraft:dark_oak_wood":18,"minecraft:gray_concrete_powder":7398,"minecraft:hopper_minecart":44,"minecraft:stone_bricks":1636,"minecraft:repeater":468,"minecraft:red_carpet":127,"minecraft:redstone_lamp":102,"minecraft:magma_block":235,"minecraft:brown_carpet":142,"minecraft:hay_block":40,"minecraft:scaffolding":5392,"minecraft:gray_bed":4,"minecraft:beetroot_seeds":73,"minecraft:polished_diorite_stairs":1,"minecraft:fire_coral_fan":122,"minecraft:stripped_spruce_wood":21,"minecraft:dark_oak_stairs":3078,"minecraft:birch_leaves":145,"minecraft:dark_oak_sign":39,"minecraft:ender_pearl":121,"minecraft:blue_bed":5,"minecraft:redstone_block":282,"minecraft:brain_coral":26,"minecraft:yellow_terracotta":311,"minecraft:loom":10,"minecraft:light_gray_terracotta":447,"minecraft:sponge":1013,"minecraft:black_bed":2,"minecraft:note_block":144,"minecraft:stone_brick_wall":68,"minecraft:shears":9127,"minecraft:gray_shulker_box":21,"minecraft:firework_rocket":2946,"minecraft:string":376,"minecraft:redstone_torch":219,"minecraft:cyan_bed":12,"minecraft:green_concrete":2339,"minecraft:birch_fence_gate":8,"minecraft:music_disc_mall":9,"minecraft:black_concrete":4185,"minecraft:heavy_weighted_pressure_plate":2,"minecraft:lime_carpet":11,"minecraft:light_gray_concrete":9635,"minecraft:brown_stained_glass":1,"minecraft:gravel":2489,"minecraft:jungle_sign":21,"minecraft:oak_fence":283,"minecraft:jungle_leaves":677,"minecraft:grindstone":61,"minecraft:purpur_block":5,"minecraft:white_concrete":134568,"minecraft:experience_bottle":124,"minecraft:andesite":1728,"minecraft:cobweb":244,"minecraft:chest_minecart":4,"minecraft:air":2,"minecraft:tropical_fish_bucket":3,"minecraft:trident":7280,"minecraft:tropical_fish":9,"minecraft:redstone_ore":20,"minecraft:stone_shovel":328,"minecraft:light_blue_terracotta":18,"minecraft:spruce_planks":15209,"minecraft:wooden_shovel":48,"minecraft:oak_door":7,"minecraft:white_carpet":2917,"minecraft:hopper":524,"minecraft:spruce_stairs":1124,"minecraft:cobblestone_wall":369,"minecraft:shulker_box":2477,"minecraft:pink_carpet":12,"minecraft:oak_wood":313,"minecraft:granite":317,"minecraft:salmon_bucket":4,"minecraft:light_blue_stained_glass":14,"minecraft:birch_door":5,"minecraft:andesite_wall":39,"minecraft:purple_stained_glass_pane":152,"minecraft:stone_brick_slab":1499,"minecraft:dark_oak_planks":2666,"minecraft:red_tulip":13,"minecraft:bookshelf":404,"minecraft:yellow_stained_glass":1138,"minecraft:acacia_slab":45,"minecraft:light_gray_wool":5672,"minecraft:golden_carrot":6787,"minecraft:emerald_block":152,"minecraft:white_stained_glass_pane":2310,"minecraft:cyan_banner":14,"minecraft:stone_pressure_plate":55,"minecraft:horn_coral_block":301,"minecraft:brain_coral_block":354,"minecraft:cooked_mutton":203,"minecraft:acacia_boat":6,"minecraft:pink_tulip":1,"minecraft:iron_ore":68,"minecraft:glass_bottle":15,"minecraft:polished_andesite":220,"minecraft:blue_wool":34,"minecraft:andesite_slab":78,"minecraft:black_shulker_box":15,"minecraft:magenta_stained_glass":46,"minecraft:red_glazed_terracotta":10,"minecraft:stonecutter":1,"minecraft:beacon":29,"minecraft:cobblestone_slab":1317,"minecraft:jungle_wood":576,"minecraft:stripped_dark_oak_log":6,"minecraft:terracotta":404,"minecraft:dead_fire_coral_block":13,"minecraft:yellow_stained_glass_pane":322,"minecraft:light_gray_concrete_powder":10571,"minecraft:painting":806,"minecraft:activator_rail":163,"minecraft:smoker":27,"minecraft:dark_oak_door":4,"minecraft:purple_stained_glass":8,"minecraft:acacia_stairs":2,"minecraft:apple":96,"minecraft:map":36,"minecraft:fishing_rod":121,"minecraft:green_shulker_box":62,"minecraft:white_banner":21,"minecraft:red_banner":51,"minecraft:bucket":3412,"minecraft:yellow_bed":25,"minecraft:smooth_stone":291,"minecraft:purple_carpet":9,"minecraft:splash_potion":42},"minecraft:crafted":{"minecraft:lime_stained_glass":64,"minecraft:red_stained_glass_pane":416,"minecraft:black_dye":4893,"minecraft:yellow_wool":128,"minecraft:oak_sign":849,"minecraft:melon":700,"minecraft:blaze_powder":70,"minecraft:diorite_stairs":64,"minecraft:diamond_shovel":76,"minecraft:nether_brick":33,"minecraft:gray_wool":10,"minecraft:shulker_box":713,"minecraft:diamond_helmet":34,"minecraft:white_glazed_terracotta":24,"minecraft:magenta_concrete_powder":480,"minecraft:beacon":1,"minecraft:stone_pressure_plate":52,"minecraft:iron_door":12,"minecraft:gray_stained_glass_pane":1616,"minecraft:dried_kelp_block":4733,"minecraft:white_shulker_box":5,"minecraft:black_wool":131,"minecraft:gray_stained_glass":1712,"minecraft:name_tag":21,"minecraft:lime_concrete_powder":448,"minecraft:turtle_helmet":2,"minecraft:blue_stained_glass":8,"minecraft:redstone_lamp":16,"minecraft:end_rod":520,"minecraft:jungle_boat":2,"minecraft:polished_andesite_stairs":136,"minecraft:acacia_slab":6,"minecraft:chest_minecart":4,"minecraft:mossy_cobblestone":15,"minecraft:sticky_piston":412,"minecraft:green_stained_glass":192,"minecraft:painting":150,"minecraft:stone_brick_stairs":824,"minecraft:lectern":29,"minecraft:wooden_hoe":2,"minecraft:golden_leggings":13,"minecraft:stone_slab":1146,"minecraft:iron_pickaxe":33,"minecraft:acacia_door":12,"minecraft:sandstone":24,"minecraft:composter":119,"minecraft:dark_prismarine":64,"minecraft:cyan_wool":3,"minecraft:jungle_sign":6,"minecraft:golden_carrot":31563,"minecraft:jukebox":12,"minecraft:orange_shulker_box":1,"minecraft:iron_nugget":1244,"minecraft:diamond_hoe":1,"minecraft:brick_stairs":48,"minecraft:red_banner":42,"minecraft:light_gray_wool":6123,"minecraft:jack_o_lantern":128,"minecraft:blue_shulker_box":1,"minecraft:lime_stained_glass_pane":320,"minecraft:spruce_fence":789,"minecraft:stone_stairs":368,"minecraft:lantern":148,"minecraft:spruce_stairs":2136,"minecraft:light_gray_shulker_box":1,"minecraft:black_concrete_powder":6717,"minecraft:red_shulker_box":4,"minecraft:stone_pickaxe":8,"minecraft:quartz_slab":5710,"minecraft:spruce_boat":13,"minecraft:lead":6,"minecraft:light_gray_terracotta":324,"minecraft:enchanting_table":1,"minecraft:cyan_bed":5,"minecraft:acacia_trapdoor":10,"minecraft:yellow_stained_glass_pane":400,"minecraft:leather_helmet":3,"minecraft:dark_oak_button":46,"minecraft:red_carpet":114,"minecraft:enchanted_book":327,"minecraft:orange_dye":2404,"minecraft:oak_fence_gate":61,"minecraft:red_stained_glass":416,"minecraft:fermented_spider_eye":2,"minecraft:birch_trapdoor":10,"minecraft:black_stained_glass_pane":32,"minecraft:writable_book":11,"minecraft:iron_shovel":1,"minecraft:armor_stand":51,"minecraft:note_block":111,"minecraft:pink_terracotta":8,"minecraft:grindstone":39,"minecraft:cobblestone_slab":1890,"minecraft:barrel":219,"minecraft:cooked_chicken":92,"minecraft:stone":5891,"minecraft:pink_carpet":3,"minecraft:heavy_weighted_pressure_plate":2,"minecraft:quartz_pillar":684,"minecraft:brown_carpet":228,"minecraft:cake":7,"minecraft:stone_brick_slab":1662,"minecraft:orange_stained_glass_pane":128,"minecraft:bow":1428,"minecraft:comparator":795,"minecraft:chest":4149,"minecraft:oak_button":9,"minecraft:yellow_terracotta":264,"minecraft:cod_bucket":6,"minecraft:rail":2048,"minecraft:blue_concrete_powder":369,"minecraft:bricks":10422,"minecraft:birch_button":68,"minecraft:ender_eye":23,"minecraft:stone_bricks":3580,"minecraft:oak_fence":762,"minecraft:polished_diorite_slab":66,"minecraft:granite_stairs":8,"minecraft:golden_boots":13,"minecraft:sea_lantern":230,"minecraft:white_banner":16,"minecraft:dropper":626,"minecraft:cauldron":296,"minecraft:lime_terracotta":440,"minecraft:iron_helmet":22,"minecraft:brown_dye":1804,"minecraft:birch_pressure_plate":5,"minecraft:red_wool":2,"minecraft:yellow_stained_glass":912,"minecraft:white_stained_glass_pane":2952,"minecraft:dispenser":1373,"minecraft:tnt":401,"minecraft:spruce_trapdoor":1556,"minecraft:pink_wool":3,"minecraft:purple_dye":1948,"minecraft:yellow_dye":4094,"minecraft:gray_terracotta":128,"minecraft:stick":34467,"minecraft:iron_ingot":26800,"minecraft:andesite_stairs":24,"minecraft:light_blue_shulker_box":1,"minecraft:light_blue_stained_glass":8,"minecraft:black_bed":1,"minecraft:cyan_carpet":33,"minecraft:dark_oak_fence_gate":34,"minecraft:polished_diorite_stairs":8,"minecraft:blue_terracotta":56,"minecraft:orange_glazed_terracotta":36,"minecraft:oak_door":15,"minecraft:nether_brick_slab":6,"minecraft:fishing_rod":1,"minecraft:tripwire_hook":344,"minecraft:leather_boots":4,"minecraft:golden_chestplate":11,"minecraft:spruce_button":82,"minecraft:mossy_stone_bricks":39,"minecraft:furnace":280,"minecraft:piston":700,"minecraft:magenta_stained_glass_pane":64,"minecraft:polished_andesite_slab":24,"minecraft:smooth_quartz_stairs":200,"minecraft:oak_trapdoor":202,"minecraft:flint_and_steel":24,"minecraft:scaffolding":276,"minecraft:white_concrete_powder":154268,"minecraft:cobblestone_wall":684,"minecraft:brown_shulker_box":5,"minecraft:smooth_quartz_slab":286,"minecraft:birch_sign":484,"minecraft:jungle_wood":576,"minecraft:iron_trapdoor":155,"minecraft:purple_shulker_box":1,"minecraft:iron_sword":4,"minecraft:cooked_salmon":21,"minecraft:acacia_boat":3,"minecraft:jungle_planks":4804,"minecraft:white_dye":16067,"minecraft:brown_concrete_powder":856,"minecraft:black_carpet":3,"minecraft:anvil":191,"minecraft:stonecutter":1,"minecraft:torch":17724,"minecraft:diorite_slab":6,"minecraft:orange_bed":1,"minecraft:diamond_chestplate":6,"minecraft:ender_chest":21,"minecraft:light_gray_concrete_powder":9424,"minecraft:smooth_stone":1161,"minecraft:cut_sandstone":20,"minecraft:dark_oak_pressure_plate":6,"minecraft:cut_sandstone_slab":6,"minecraft:pink_bed":3,"minecraft:dark_oak_wood":21,"minecraft:oak_pressure_plate":48,"minecraft:birch_slab":948,"minecraft:slime_block":1457,"minecraft:loom":5,"minecraft:lever":231,"minecraft:bookshelf":343,"minecraft:dark_prismarine_stairs":20,"minecraft:cooked_mutton":28,"minecraft:iron_bars":1120,"minecraft:red_concrete_powder":864,"minecraft:magenta_shulker_box":1,"minecraft:quartz_block":11631,"minecraft:glass":14622,"minecraft:repeater":951,"minecraft:diamond_leggings":19,"minecraft:cyan_stained_glass_pane":464,"minecraft:birch_fence_gate":10,"minecraft:birch_door":6,"minecraft:chiseled_quartz_block":28,"minecraft:magenta_dye":2122,"minecraft:cooked_rabbit":3,"minecraft:gray_bed":1,"minecraft:glass_bottle":9,"minecraft:wooden_shovel":2,"minecraft:emerald":31261,"minecraft:smooth_quartz":128,"minecraft:cooked_porkchop":56,"minecraft:diamond_axe":24,"minecraft:spruce_door":60,"minecraft:clock":7,"minecraft:oak_wood":432,"minecraft:hay_block":49,"minecraft:campfire":129,"minecraft:tnt_minecart":20,"minecraft:light_gray_bed":1,"minecraft:lime_shulker_box":1,"minecraft:green_terracotta":820,"minecraft:compass":963,"minecraft:white_terracotta":48,"minecraft:iron_block":1668,"minecraft:light_blue_bed":3,"minecraft:gold_ingot":5152,"minecraft:light_gray_dye":11936,"minecraft:spruce_fence_gate":98,"minecraft:birch_stairs":944,"minecraft:packed_ice":37,"minecraft:yellow_concrete_powder":1120,"minecraft:stone_shovel":4,"minecraft:smooth_stone_slab":600,"minecraft:leather_leggings":4,"minecraft:player_head":2108,"minecraft:mossy_cobblestone_stairs":24,"minecraft:yellow_bed":1,"minecraft:red_terracotta":1888,"minecraft:bone_meal":68324,"minecraft:cyan_stained_glass":44896,"minecraft:andesite_wall":48,"minecraft:pink_dye":2068,"minecraft:white_carpet":3030,"minecraft:diamond":4581,"minecraft:dark_oak_fence":333,"minecraft:detector_rail":6,"minecraft:ladder":288,"minecraft:spruce_slab":3274,"minecraft:diamond_boots":19,"minecraft:redstone_block":657,"minecraft:dark_oak_planks":12642,"minecraft:golden_helmet":11,"minecraft:coal_block":437,"minecraft:firework_star":778,"minecraft:daylight_detector":91,"minecraft:purple_stained_glass_pane":160,"minecraft:crossbow":64,"minecraft:dried_kelp":967,"minecraft:red_bed":2,"minecraft:polished_granite":12,"minecraft:gray_concrete_powder":7928,"minecraft:sandstone_slab":1549,"minecraft:glowstone":2171,"minecraft:white_stained_glass":6952,"minecraft:jungle_slab":126,"minecraft:sandstone_wall":6,"minecraft:andesite_slab":84,"minecraft:gray_shulker_box":1,"minecraft:cyan_shulker_box":1,"minecraft:oak_stairs":336,"minecraft:iron_leggings":23,"minecraft:white_bed":47,"minecraft:nether_brick_stairs":80,"minecraft:blue_carpet":6,"minecraft:brick":10627,"minecraft:oak_planks":42406,"minecraft:dark_oak_boat":3,"minecraft:pink_shulker_box":2,"minecraft:cobblestone_stairs":1080,"minecraft:spruce_pressure_plate":5,"minecraft:suspicious_stew":6,"minecraft:green_dye":3541,"minecraft:dark_oak_door":3,"minecraft:hopper":1898,"minecraft:iron_boots":23,"minecraft:mossy_cobblestone_slab":6,"minecraft:cyan_terracotta":35312,"minecraft:chiseled_stone_bricks":64,"minecraft:stone_hoe":20,"minecraft:smoker":21,"minecraft:quartz_stairs":800,"minecraft:item_frame":1645,"minecraft:oak_slab":1068,"minecraft:acacia_wood":9,"minecraft:map":856,"minecraft:crafting_table":278,"minecraft:spruce_planks":34730,"minecraft:brown_stained_glass_pane":16,"minecraft:wooden_pickaxe":4,"minecraft:baked_potato":656,"minecraft:gold_block":101,"minecraft:hopper_minecart":44,"minecraft:brewing_stand":2,"minecraft:birch_planks":8102,"minecraft:pumpkin_seeds":136,"minecraft:black_shulker_box":1,"minecraft:dark_oak_slab":3258,"minecraft:iron_chestplate":11,"minecraft:book":470,"minecraft:emerald_block":386,"minecraft:paper":50625,"minecraft:charcoal":49,"minecraft:diamond_pickaxe":72,"minecraft:shield":3,"minecraft:light_weighted_pressure_plate":32,"minecraft:birch_fence":114,"minecraft:light_blue_dye":1795,"minecraft:leather_chestplate":7,"minecraft:stone_sword":2,"minecraft:snow_block":273,"minecraft:green_shulker_box":1,"minecraft:gray_carpet":783,"minecraft:redstone_torch":5531,"minecraft:light_gray_carpet":876,"minecraft:sponge":312,"minecraft:light_gray_stained_glass_pane":2420,"minecraft:shears":74,"minecraft:green_carpet":15,"minecraft:sandstone_stairs":248,"minecraft:polished_andesite":248,"minecraft:coarse_dirt":2834,"minecraft:wooden_sword":3,"minecraft:redstone":10273,"minecraft:coal":1333,"minecraft:light_gray_stained_glass":6640,"minecraft:stone_button":3628,"minecraft:dark_oak_trapdoor":546,"minecraft:gray_dye":7897,"minecraft:dark_oak_sign":48,"minecraft:diamond_block":651,"minecraft:glass_pane":96,"minecraft:blue_ice":4,"minecraft:yellow_shulker_box":8,"minecraft:green_concrete_powder":2575,"minecraft:black_terracotta":440,"minecraft:iron_axe":2,"minecraft:spruce_wood":111,"minecraft:iron_hoe":5,"minecraft:slime_ball":477,"minecraft:orange_concrete_powder":768,"minecraft:lime_dye":2048,"minecraft:filled_map":1656,"minecraft:minecart":97,"minecraft:observer":1186,"minecraft:cooked_beef":349,"minecraft:sugar":9,"minecraft:red_dye":4971,"minecraft:cooked_cod":13,"minecraft:cyan_concrete_powder":60,"minecraft:bone_block":1810,"minecraft:magenta_bed":1,"minecraft:diamond_sword":20,"minecraft:cyan_dye":12526,"minecraft:spruce_sign":126,"minecraft:dark_oak_stairs":3232,"minecraft:pink_concrete_powder":424,"minecraft:powered_rail":582,"minecraft:activator_rail":124,"minecraft:yellow_carpet":133,"minecraft:smooth_sandstone":548,"minecraft:bucket":467,"minecraft:stone_axe":6,"minecraft:brown_terracotta":108,"minecraft:air":0,"minecraft:bread":960,"minecraft:blue_dye":5380,"minecraft:oak_boat":24,"minecraft:magenta_terracotta":204,"minecraft:smooth_sandstone_slab":66,"minecraft:gold_nugget":44372,"minecraft:dark_prismarine_slab":6,"minecraft:green_wool":128,"minecraft:acacia_planks":740,"minecraft:end_crystal":1,"minecraft:lapis_block":210,"minecraft:lapis_lazuli":1325,"minecraft:clay":2,"minecraft:carrot_on_a_stick":1,"minecraft:firework_rocket":85670},"minecraft:killed_by":{"minecraft:ravager":10,"minecraft:pufferfish":2,"minecraft:zombie":5,"minecraft:drowned":6,"minecraft:skeleton":9,"minecraft:vindicator":2,"minecraft:vex":3,"minecraft:husk":2,"minecraft:zombie_pigman":3,"minecraft:slime":1,"minecraft:guardian":2,"minecraft:creeper":8,"minecraft:cave_spider":2,"minecraft:player":5,"minecraft:spider":1,"minecraft:enderman":5,"minecraft:iron_golem":2,"minecraft:phantom":14},"minecraft:picked_up":{"minecraft:lead":53,"minecraft:stone_slab":237,"minecraft:enchanted_book":35,"minecraft:purple_shulker_box":119,"minecraft:blue_concrete":554,"minecraft:music_disc_cat":8,"minecraft:string":2228,"minecraft:dark_oak_pressure_plate":5,"minecraft:beetroot_soup":2,"minecraft:orange_glazed_terracotta":21,"minecraft:pufferfish":30,"minecraft:diamond_leggings":157,"minecraft:horn_coral_block":458,"minecraft:bubble_coral":50,"minecraft:diamond_ore":224,"minecraft:spruce_pressure_plate":6,"minecraft:jukebox":67,"minecraft:acacia_log":150,"minecraft:purpur_pillar":70,"minecraft:cyan_stained_glass":11075,"minecraft:brick_wall":15,"minecraft:gray_shulker_box":22,"minecraft:cauldron":179,"minecraft:green_terracotta":74,"minecraft:golden_chestplate":21,"minecraft:cyan_stained_glass_pane":210,"minecraft:pink_terracotta":1,"minecraft:brown_carpet":69,"minecraft:yellow_banner":1,"minecraft:orange_bed":1,"minecraft:stone_sword":27,"minecraft:lime_carpet":21,"minecraft:horn_coral_fan":290,"minecraft:red_tulip":164,"minecraft:carved_pumpkin":245,"minecraft:glowstone":2114,"minecraft:bookshelf":224,"minecraft:end_rod":1175,"minecraft:white_terracotta":5768,"minecraft:blaze_rod":66,"minecraft:iron_bars":733,"minecraft:snowball":1344,"minecraft:sponge":169,"minecraft:feather":663,"minecraft:cooked_beef":572,"minecraft:water_bucket":147,"minecraft:brown_wool":45,"minecraft:dark_oak_boat":42,"minecraft:flint":2345,"minecraft:purple_stained_glass":2308,"minecraft:pink_concrete_powder":448,"minecraft:cyan_concrete_powder":424,"minecraft:magenta_terracotta":286,"minecraft:lantern":217,"minecraft:gray_concrete_powder":6510,"minecraft:purple_carpet":17,"minecraft:stonecutter":1,"minecraft:dark_oak_sign":33,"minecraft:diamond_helmet":162,"minecraft:rabbit":17,"minecraft:lime_terracotta":139,"minecraft:birch_fence_gate":6,"minecraft:stripped_spruce_log":201,"minecraft:brown_mushroom_block":1,"minecraft:acacia_stairs":2,"minecraft:iron_hoe":2,"minecraft:polished_andesite":290,"minecraft:blue_terracotta":21,"minecraft:lever":352,"minecraft:granite":18825,"minecraft:spruce_button":63,"minecraft:cyan_dye":943,"minecraft:jack_o_lantern":4,"minecraft:light_gray_carpet":54,"minecraft:diamond_pickaxe":404,"minecraft:clay_ball":219,"minecraft:leather_leggings":24,"minecraft:redstone_lamp":154,"minecraft:dragon_head":24,"minecraft:purpur_block":116,"minecraft:fire_coral":48,"minecraft:heavy_weighted_pressure_plate":5,"minecraft:cornflower":2826,"minecraft:elytra":248,"minecraft:acacia_door":7,"minecraft:flint_and_steel":38,"minecraft:white_carpet":478,"minecraft:white_stained_glass":1892,"minecraft:iron_shovel":7,"minecraft:glass_pane":68,"minecraft:brown_stained_glass_pane":27,"minecraft:jungle_sapling":95,"minecraft:poppy":4419,"minecraft:spruce_slab":1478,"minecraft:minecart":150,"minecraft:birch_sapling":79,"minecraft:piston":510,"minecraft:lime_shulker_box":19,"minecraft:black_stained_glass":9,"minecraft:stone":122289,"minecraft:music_disc_mellohi":9,"minecraft:white_dye":3843,"minecraft:cyan_shulker_box":27,"minecraft:jungle_sign":5,"minecraft:stone_shovel":6,"minecraft:diamond_chestplate":15,"minecraft:purpur_slab":30,"minecraft:hay_block":5,"minecraft:yellow_terracotta":248,"minecraft:totem_of_undying":17,"minecraft:mutton":287,"minecraft:rail":2784,"minecraft:bone_block":1520,"minecraft:emerald_ore":25,"minecraft:oxeye_daisy":3785,"minecraft:birch_leaves":291,"minecraft:yellow_shulker_box":365,"minecraft:clock":6,"minecraft:tripwire_hook":177,"minecraft:red_glazed_terracotta":3,"minecraft:fern":107,"minecraft:yellow_dye":398,"minecraft:acacia_wood":2,"minecraft:purpur_stairs":16,"minecraft:lily_pad":31,"minecraft:diorite_stairs":51,"minecraft:paper":3398,"minecraft:light_blue_banner":2,"minecraft:apple":185,"minecraft:light_gray_glazed_terracotta":120,"minecraft:yellow_stained_glass":297,"minecraft:pufferfish_bucket":5,"minecraft:oak_fence_gate":33,"minecraft:stone_pickaxe":6,"minecraft:iron_ore":5682,"minecraft:magenta_stained_glass":4,"minecraft:gray_bed":3,"minecraft:dark_oak_stairs":1333,"minecraft:polished_andesite_stairs":261,"minecraft:milk_bucket":2,"minecraft:light_gray_stained_glass":1160,"minecraft:sweet_berries":934,"minecraft:red_wool":327,"minecraft:lime_concrete":578,"minecraft:light_blue_stained_glass":30,"minecraft:dragon_egg":1,"minecraft:leather_helmet":20,"minecraft:oak_wood":79,"minecraft:diamond_shovel":205,"minecraft:coal_ore":1820,"minecraft:slime_ball":1421,"minecraft:painting":650,"minecraft:birch_sign":139,"minecraft:baked_potato":2698,"minecraft:smooth_quartz_slab":201,"minecraft:hopper":475,"minecraft:black_carpet":43,"minecraft:light_blue_concrete":7,"minecraft:ender_chest":318,"minecraft:nether_brick_fence":85,"minecraft:yellow_wool":161,"minecraft:stone_brick_stairs":463,"minecraft:lapis_block":69,"minecraft:dead_tube_coral_block":21,"minecraft:purple_banner":3,"minecraft:red_sand":72,"minecraft:smooth_stone":519,"minecraft:comparator":164,"minecraft:bucket":141,"minecraft:light_weighted_pressure_plate":32,"minecraft:red_dye":169,"minecraft:white_tulip":77,"minecraft:rose_bush":281,"minecraft:cobblestone_slab":1147,"minecraft:ender_eye":3,"minecraft:iron_pickaxe":18,"minecraft:wooden_shovel":4,"minecraft:smooth_quartz":596,"minecraft:smooth_quartz_stairs":232,"minecraft:blue_wool":37,"minecraft:acacia_fence":39,"minecraft:birch_trapdoor":8,"minecraft:spruce_stairs":1149,"minecraft:diorite":23124,"minecraft:vine":119,"minecraft:andesite_wall":14,"minecraft:rotten_flesh":4394,"minecraft:red_sandstone_slab":40,"minecraft:music_disc_ward":81,"minecraft:brown_shulker_box":21,"minecraft:music_disc_wait":34,"minecraft:obsidian":2873,"minecraft:blaze_powder":2,"minecraft:cobblestone":211588,"minecraft:enchanting_table":4,"minecraft:leather_chestplate":10,"minecraft:lilac":289,"minecraft:repeater":333,"minecraft:andesite":20856,"minecraft:orange_carpet":13,"minecraft:black_bed":1,"minecraft:golden_leggings":17,"minecraft:beacon":29,"minecraft:potato":25963,"minecraft:prismarine_bricks":81,"minecraft:stripped_birch_log":173,"minecraft:dirt":48110,"minecraft:name_tag":60,"minecraft:glass":4150,"minecraft:bone":3117,"minecraft:acacia_planks":387,"minecraft:bow":1529,"minecraft:wheat_seeds":26342,"minecraft:orange_tulip":24,"minecraft:grindstone":37,"minecraft:purple_stained_glass_pane":90,"minecraft:mossy_stone_bricks":12,"minecraft:bamboo":4355,"minecraft:cyan_concrete":1,"minecraft:prismarine":49,"minecraft:diorite_wall":2,"minecraft:brown_stained_glass":1888,"minecraft:gray_stained_glass":255,"minecraft:black_stained_glass_pane":16,"minecraft:light_blue_shulker_box":110,"minecraft:melon":18,"minecraft:nether_brick_stairs":20,"minecraft:grass_block":49326,"minecraft:diamond_block":235,"minecraft:spectral_arrow":50,"minecraft:jungle_slab":20,"minecraft:mossy_cobblestone":300,"minecraft:jungle_leaves":254,"minecraft:light_gray_terracotta":10926,"minecraft:sugar":14,"minecraft:yellow_carpet":76,"minecraft:light_blue_terracotta":146,"minecraft:slime_block":558,"minecraft:yellow_stained_glass_pane":103,"minecraft:crossbow":111,"minecraft:bone_meal":3356,"minecraft:grass":285,"minecraft:golden_apple":17,"minecraft:spruce_sign":50,"minecraft:emerald":3963,"minecraft:netherrack":23961,"minecraft:andesite_slab":18,"minecraft:oak_leaves":4373,"minecraft:azure_bluet":3371,"minecraft:splash_potion":20,"minecraft:ladder":233,"minecraft:brown_mushroom":55,"minecraft:packed_ice":4190,"minecraft:pink_wool":99,"minecraft:stone_brick_wall":2,"minecraft:diorite_slab":10,"minecraft:shield":29,"minecraft:brick":64,"minecraft:oak_trapdoor":196,"minecraft:mycelium":15,"minecraft:birch_fence":12,"minecraft:magenta_wool":27,"minecraft:blue_orchid":5,"minecraft:lime_wool":71,"minecraft:end_stone":67,"minecraft:note_block":111,"minecraft:brown_concrete_powder":577,"minecraft:cookie":253,"minecraft:music_disc_11":8,"minecraft:trident":189,"minecraft:light_blue_bed":11,"minecraft:light_gray_stained_glass_pane":1828,"minecraft:brown_dye":128,"minecraft:stone_pressure_plate":50,"minecraft:purple_terracotta":3,"minecraft:blue_concrete_powder":888,"minecraft:tube_coral":52,"minecraft:red_shulker_box":263,"minecraft:nether_bricks":298,"minecraft:pink_tulip":2,"minecraft:brick_stairs":14,"minecraft:purple_dye":66,"minecraft:jungle_boat":2,"minecraft:dark_oak_button":25,"minecraft:golden_carrot":4950,"minecraft:magenta_banner":2,"minecraft:leather":2886,"minecraft:music_disc_stal":9,"minecraft:ice":2181,"minecraft:granite_stairs":2,"minecraft:yellow_bed":25,"minecraft:cobblestone_wall":569,"minecraft:gunpowder":2220,"minecraft:orange_terracotta":8316,"minecraft:cooked_mutton":128,"minecraft:red_carpet":48,"minecraft:gray_carpet":118,"minecraft:acacia_trapdoor":23,"minecraft:rabbit_hide":22,"minecraft:spruce_wood":142,"minecraft:iron_ingot":2279,"minecraft:cooked_chicken":203,"minecraft:polished_andesite_slab":70,"minecraft:pink_bed":23,"minecraft:nether_quartz_ore":1500,"minecraft:emerald_block":465,"minecraft:stone_brick_slab":651,"minecraft:quartz":48797,"minecraft:dandelion":6282,"minecraft:lava_bucket":49,"minecraft:green_stained_glass":88,"minecraft:red_banner":24,"minecraft:nether_brick_slab":8,"minecraft:spruce_door":55,"minecraft:brick_slab":4,"minecraft:pumpkin_seeds":927,"minecraft:white_concrete_powder":83591,"minecraft:chainmail_leggings":6,"minecraft:mossy_cobblestone_stairs":7,"minecraft:terracotta":21764,"minecraft:damaged_anvil":13,"minecraft:sunflower":43,"minecraft:seagrass":599,"minecraft:birch_door":3,"minecraft:iron_chestplate":27,"minecraft:anvil":66,"minecraft:chainmail_boots":3,"minecraft:flower_pot":168,"minecraft:prismarine_shard":7352,"minecraft:magenta_carpet":16,"minecraft:diamond_sword":197,"minecraft:oak_stairs":196,"minecraft:wither_rose":1,"minecraft:birch_button":95,"minecraft:brewing_stand":5,"minecraft:golden_sword":11,"minecraft:dark_oak_trapdoor":202,"minecraft:cooked_salmon":34,"minecraft:beetroot":106,"minecraft:orange_concrete_powder":266,"minecraft:gold_nugget":1170,"minecraft:spruce_planks":7280,"minecraft:acacia_sign":2,"minecraft:written_book":105,"minecraft:melon_slice":4,"minecraft:coal_block":760,"minecraft:dark_oak_door":6,"minecraft:golden_helmet":26,"minecraft:white_glazed_terracotta":17,"minecraft:music_disc_blocks":22,"minecraft:magenta_concrete_powder":330,"minecraft:composter":85,"minecraft:pink_carpet":9,"minecraft:sandstone_wall":4,"minecraft:black_dye":871,"minecraft:gray_stained_glass_pane":619,"minecraft:light_gray_bed":1,"minecraft:light_blue_wool":26,"minecraft:tropical_fish":17,"minecraft:blue_dye":390,"minecraft:iron_block":3237,"minecraft:cyan_terracotta":23279,"minecraft:birch_log":1567,"minecraft:magma_block":1045,"minecraft:polished_diorite_slab":54,"minecraft:iron_door":40,"minecraft:birch_slab":220,"minecraft:jungle_log":852,"minecraft:green_concrete_powder":91,"minecraft:smoker":26,"minecraft:stripped_spruce_wood":29,"minecraft:magenta_bed":8,"minecraft:gray_concrete":8526,"minecraft:map":150,"minecraft:light_gray_concrete_powder":4859,"minecraft:chipped_anvil":22,"minecraft:gray_terracotta":82,"minecraft:glowstone_dust":297,"minecraft:gray_glazed_terracotta":11,"minecraft:dropper":17,"minecraft:ink_sac":479,"minecraft:loom":9,"minecraft:red_terracotta":6144,"minecraft:dark_oak_log":3350,"minecraft:barrel":77,"minecraft:dispenser":173,"minecraft:black_concrete_powder":5978,"minecraft:green_concrete":2606,"minecraft:writable_book":33,"minecraft:blue_ice":264,"minecraft:bread":202,"minecraft:chainmail_helmet":4,"minecraft:dark_oak_fence":88,"minecraft:bricks":412,"minecraft:spruce_leaves":2085,"minecraft:lime_stained_glass_pane":154,"minecraft:crafting_table":335,"minecraft:coarse_dirt":2186,"minecraft:bubble_coral_fan":322,"minecraft:sandstone_slab":385,"minecraft:purple_wool":25,"minecraft:nether_wart":174,"minecraft:conduit":3,"minecraft:red_bed":9,"minecraft:snow":21719,"minecraft:compass":28,"minecraft:cracked_stone_bricks":72,"minecraft:beef":3513,"minecraft:cyan_wool":76,"minecraft:iron_nugget":50,"minecraft:quartz_stairs":843,"minecraft:chest":1439,"minecraft:egg":3634,"minecraft:sandstone":10576,"minecraft:oak_door":24,"minecraft:spruce_fence":492,"minecraft:cake":1,"minecraft:carrot":27971,"minecraft:redstone":12381,"minecraft:mushroom_stem":8,"minecraft:blue_carpet":10,"minecraft:prismarine_crystals":3042,"minecraft:tnt":528,"minecraft:cooked_cod":1680,"minecraft:beetroot_seeds":133,"minecraft:peony":470,"minecraft:tube_coral_fan":287,"minecraft:shears":44,"minecraft:diamond_boots":167,"minecraft:sandstone_stairs":233,"minecraft:tube_coral_block":498,"minecraft:gold_ingot":617,"minecraft:white_shulker_box":113,"minecraft:lime_concrete_powder":344,"minecraft:white_wool":329,"minecraft:lapis_ore":199,"minecraft:stripped_oak_log":153,"minecraft:red_mushroom_block":46,"minecraft:red_mushroom":97,"minecraft:filled_map":1266,"minecraft:brown_concrete":400,"minecraft:oak_log":7030,"minecraft:golden_boots":30,"minecraft:blue_bed":5,"minecraft:white_banner":33,"minecraft:birch_pressure_plate":8,"minecraft:stone_bricks":1790,"minecraft:kelp":19429,"minecraft:music_disc_far":17,"minecraft:cobweb":423,"minecraft:glass_bottle":37,"minecraft:iron_sword":10,"minecraft:white_stained_glass_pane":1263,"minecraft:dark_oak_slab":1165,"minecraft:daylight_detector":8,"minecraft:yellow_concrete":826,"minecraft:gravel":183976,"minecraft:dead_fire_coral_block":20,"minecraft:birch_stairs":121,"minecraft:spruce_sapling":831,"minecraft:spruce_log":8400,"minecraft:sea_lantern":1549,"minecraft:firework_rocket":28654,"minecraft:red_stained_glass":20,"minecraft:purple_bed":6,"minecraft:polished_diorite":102,"minecraft:stone_axe":5,"minecraft:light_blue_carpet":13,"minecraft:redstone_ore":48,"minecraft:scute":10,"minecraft:diamond_axe":200,"minecraft:gray_wool":32,"minecraft:oak_button":31,"minecraft:stripped_dark_oak_log":12,"minecraft:pink_dye":103,"minecraft:ender_pearl":681,"minecraft:shulker_shell":686,"minecraft:music_disc_strad":22,"minecraft:wheat":7676,"minecraft:redstone_block":680,"minecraft:iron_trapdoor":154,"minecraft:light_gray_shulker_box":115,"minecraft:green_stained_glass_pane":6,"minecraft:turtle_egg":32,"minecraft:potion":28,"minecraft:brain_coral_block":519,"minecraft:nether_brick":33,"minecraft:cod_bucket":2,"minecraft:smooth_stone_slab":416,"minecraft:iron_leggings":42,"minecraft:armor_stand":49,"minecraft:sticky_piston":267,"minecraft:pink_shulker_box":82,"minecraft:oak_sign":670,"minecraft:sea_pickle":6486,"minecraft:activator_rail":52,"minecraft:black_shulker_box":16,"minecraft:dark_oak_leaves":150,"minecraft:redstone_torch":431,"minecraft:iron_boots":44,"minecraft:furnace":173,"minecraft:stick":4945,"minecraft:orange_shulker_box":54,"minecraft:brown_terracotta":168,"minecraft:oak_fence":480,"minecraft:torch":19679,"minecraft:porkchop":149,"minecraft:snow_block":430,"minecraft:dried_kelp":85,"minecraft:blue_stained_glass":9,"minecraft:quartz_block":1716,"minecraft:cactus":1991,"minecraft:green_wool":24,"minecraft:fire_coral_fan":362,"minecraft:cod":3810,"minecraft:nautilus_shell":30,"minecraft:magma_cream":17,"minecraft:chiseled_quartz_block":19,"minecraft:magenta_dye":236,"minecraft:light_gray_dye":503,"minecraft:horn_coral":42,"minecraft:wither_skeleton_skull":8,"minecraft:acacia_boat":7,"minecraft:green_shulker_box":65,"minecraft:lapis_lazuli":7734,"minecraft:polished_granite":39,"minecraft:leather_boots":20,"minecraft:light_blue_dye":6,"minecraft:powered_rail":981,"minecraft:stone_hoe":9,"minecraft:oak_planks":3537,"minecraft:brain_coral":53,"minecraft:ghast_tear":17,"minecraft:pink_stained_glass":2118,"minecraft:pink_concrete":7,"minecraft:black_terracotta":44,"minecraft:cooked_porkchop":4,"minecraft:music_disc_13":8,"minecraft:poisonous_potato":364,"minecraft:oak_pressure_plate":26,"minecraft:jungle_planks":42,"minecraft:sand":356391,"minecraft:dead_bush":25,"minecraft:lily_of_the_valley":2,"minecraft:cyan_bed":8,"minecraft:chiseled_sandstone":3,"minecraft:shulker_box":2810,"minecraft:orange_wool":98,"minecraft:dark_prismarine":269,"minecraft:light_gray_concrete":7375,"minecraft:dark_prismarine_slab":34,"minecraft:spruce_fence_gate":97,"minecraft:clay":183,"minecraft:diamond":3729,"minecraft:spruce_boat":37,"minecraft:black_concrete":2918,"minecraft:white_concrete":100918,"minecraft:oak_sapling":1490,"minecraft:bubble_coral_block":382,"minecraft:nether_star":6,"minecraft:end_stone_bricks":142,"minecraft:fishing_rod":1,"minecraft:charcoal":36,"minecraft:cocoa_beans":3905,"minecraft:end_stone_brick_stairs":2,"minecraft:allium":19,"minecraft:chicken":616,"minecraft:turtle_helmet":13,"minecraft:wooden_pickaxe":1,"minecraft:gold_block":125,"minecraft:diamond_horse_armor":1,"minecraft:stone_stairs":243,"minecraft:iron_axe":10,"minecraft:orange_concrete":718,"minecraft:wooden_sword":2,"minecraft:item_frame":2513,"minecraft:quartz_slab":2683,"minecraft:cyan_carpet":26,"minecraft:detector_rail":21,"minecraft:dark_prismarine_stairs":5,"minecraft:mossy_cobblestone_wall":1,"minecraft:oak_boat":97,"minecraft:player_head":2706,"minecraft:observer":434,"minecraft:light_gray_wool":1396,"minecraft:lectern":29,"minecraft:sugar_cane":12341,"minecraft:blue_shulker_box":69,"minecraft:spruce_trapdoor":446,"minecraft:phantom_membrane":1043,"minecraft:dark_oak_sapling":89,"minecraft:red_stained_glass_pane":19,"minecraft:gray_dye":721,"minecraft:quartz_pillar":452,"minecraft:stone_button":249,"minecraft:magenta_shulker_box":104,"minecraft:iron_horse_armor":1,"minecraft:dark_oak_planks":2515,"minecraft:smooth_sandstone_slab":74,"minecraft:arrow":2170,"minecraft:light_blue_stained_glass_pane":17,"minecraft:saddle":5,"minecraft:lime_stained_glass":33,"minecraft:wet_sponge":1031,"minecraft:salmon":208,"minecraft:cut_sandstone":148,"minecraft:carrot_on_a_stick":1,"minecraft:birch_planks":1687,"minecraft:cobblestone_stairs":621,"minecraft:wooden_hoe":1,"minecraft:podzol":1554,"minecraft:smooth_sandstone":675,"minecraft:fire_coral_block":427,"minecraft:stripped_oak_wood":2,"minecraft:acacia_sapling":9,"minecraft:soul_sand":1508,"minecraft:music_disc_chirp":7,"minecraft:purple_concrete":2,"minecraft:green_dye":5890,"minecraft:book":463,"minecraft:scaffolding":5324,"minecraft:oak_slab":342,"minecraft:red_concrete_powder":168,"minecraft:birch_boat":41,"minecraft:pumpkin":797,"minecraft:chiseled_stone_bricks":4,"minecraft:magenta_stained_glass_pane":24,"minecraft:brain_coral_fan":263,"minecraft:blast_furnace":1,"minecraft:white_bed":192,"minecraft:gold_ore":867,"minecraft:dark_oak_fence_gate":7,"minecraft:green_carpet":10,"minecraft:spider_eye":227,"minecraft:stripped_jungle_log":1,"minecraft:cyan_banner":17,"minecraft:lime_banner":4,"minecraft:music_disc_mall":10,"minecraft:lime_dye":363,"minecraft:dried_kelp_block":600,"minecraft:campfire":5,"minecraft:dead_bubble_coral_block":6,"minecraft:iron_helmet":26,"minecraft:black_wool":178,"minecraft:magenta_concrete":20,"minecraft:red_concrete":588,"minecraft:coal":24027},"minecraft:mined":{"minecraft:blue_carpet":2,"minecraft:dragon_wall_head":8,"minecraft:red_shulker_box":245,"minecraft:white_bed":147,"minecraft:pink_bed":23,"minecraft:fire_coral_wall_fan":316,"minecraft:cyan_shulker_box":26,"minecraft:light_blue_carpet":2,"minecraft:granite":16545,"minecraft:acacia_log":154,"minecraft:brown_wool":1,"minecraft:light_gray_bed":1,"minecraft:oak_pressure_plate":1,"minecraft:blue_wool":40,"minecraft:green_concrete":2481,"minecraft:oak_wall_sign":156,"minecraft:nether_wart":22,"minecraft:spawner":6,"minecraft:red_stained_glass_pane":32,"minecraft:chorus_flower":1,"minecraft:magma_block":1317,"minecraft:dark_oak_trapdoor":112,"minecraft:mossy_cobblestone_stairs":8,"minecraft:barrel":59,"minecraft:nether_brick_stairs":26,"minecraft:potted_dandelion":3,"minecraft:spruce_pressure_plate":2,"minecraft:spruce_wood":77,"minecraft:light_gray_concrete":6834,"minecraft:white_banner":4,"minecraft:green_carpet":8,"minecraft:pink_tulip":8,"minecraft:white_shulker_box":106,"minecraft:player_head":101,"minecraft:tripwire":134,"minecraft:orange_bed":1,"minecraft:sandstone_slab":110,"minecraft:cut_sandstone":119,"minecraft:magenta_carpet":12,"minecraft:kelp_plant":3339,"minecraft:smoker":27,"minecraft:torch":5387,"minecraft:note_block":60,"minecraft:melon":1,"minecraft:white_stained_glass_pane":396,"minecraft:dead_bush":52,"minecraft:nether_brick_slab":6,"minecraft:spruce_wall_sign":8,"minecraft:smooth_quartz_slab":160,"minecraft:tube_coral_fan":50,"minecraft:lime_shulker_box":18,"minecraft:sugar_cane":1594,"minecraft:bricks":215,"minecraft:white_terracotta":5637,"minecraft:repeater":131,"minecraft:magenta_bed":6,"minecraft:jukebox":66,"minecraft:wither_rose":1,"minecraft:grass":6462,"minecraft:birch_button":7,"minecraft:smooth_quartz":387,"minecraft:attached_pumpkin_stem":5,"minecraft:dark_prismarine":223,"minecraft:brown_concrete":2,"minecraft:light_blue_wool":29,"minecraft:mossy_cobblestone":309,"minecraft:orange_concrete_powder":12,"minecraft:dark_oak_log":1791,"minecraft:cyan_stained_glass":5821,"minecraft:sea_lantern":800,"minecraft:end_stone":70,"minecraft:birch_fence_gate":2,"minecraft:dark_oak_fence":68,"minecraft:spruce_fence":160,"minecraft:redstone_wire":435,"minecraft:red_mushroom":35,"minecraft:white_concrete_powder":1873,"minecraft:magenta_stained_glass_pane":24,"minecraft:horn_coral":44,"minecraft:redstone_ore":1901,"minecraft:acacia_trapdoor":5,"minecraft:pink_concrete":4,"minecraft:andesite":20439,"minecraft:green_terracotta":70,"minecraft:vine":142,"minecraft:rail":1104,"minecraft:cobblestone_slab":319,"minecraft:brain_coral_wall_fan":225,"minecraft:bone_block":56,"minecraft:fire_coral_block":429,"minecraft:green_wool":11,"minecraft:ender_chest":228,"minecraft:birch_stairs":81,"minecraft:oak_slab":36,"minecraft:redstone_block":154,"minecraft:glass_pane":34,"minecraft:soul_sand":634,"minecraft:lily_of_the_valley":1,"minecraft:dandelion":388,"minecraft:fire_coral":48,"minecraft:cornflower":55,"minecraft:tall_grass":1,"minecraft:campfire":20,"minecraft:potted_oxeye_daisy":2,"minecraft:purpur_pillar":74,"minecraft:brain_coral_fan":52,"minecraft:green_stained_glass_pane":7,"minecraft:diorite":22288,"minecraft:orange_carpet":2,"minecraft:purple_wool":32,"minecraft:black_stained_glass":15,"minecraft:red_terracotta":5534,"minecraft:coarse_dirt":2362,"minecraft:light_blue_bed":7,"minecraft:cobblestone_wall":91,"minecraft:stripped_spruce_wood":29,"minecraft:dark_oak_wall_sign":6,"minecraft:purple_concrete":1,"minecraft:dark_prismarine_slab":99,"minecraft:dark_oak_button":10,"minecraft:gravel":162133,"minecraft:brown_terracotta":169,"minecraft:cobweb":711,"minecraft:birch_sign":17,"minecraft:oak_button":8,"minecraft:stone_bricks":751,"minecraft:gold_ore":874,"minecraft:chipped_anvil":17,"minecraft:iron_trapdoor":128,"minecraft:fern":204,"minecraft:stone_pressure_plate":40,"minecraft:oak_sapling":60,"minecraft:farmland":333,"minecraft:magenta_banner":2,"minecraft:orange_stained_glass":8,"minecraft:orange_wool":38,"minecraft:brewing_stand":3,"minecraft:spruce_trapdoor":344,"minecraft:lime_banner":3,"minecraft:white_concrete":125535,"minecraft:bubble_coral_fan":59,"minecraft:polished_diorite":16,"minecraft:composter":36,"minecraft:dragon_head":3,"minecraft:green_stained_glass":13,"minecraft:red_tulip":47,"minecraft:iron_bars":161,"minecraft:granite_stairs":2,"minecraft:spruce_slab":608,"minecraft:brown_shulker_box":22,"minecraft:gray_terracotta":21,"minecraft:quartz_block":816,"minecraft:orange_terracotta":8434,"minecraft:purpur_stairs":21,"minecraft:light_gray_terracotta":10718,"minecraft:mossy_cobblestone_wall":1,"minecraft:beacon":22,"minecraft:wither_skeleton_wall_skull":3,"minecraft:nether_quartz_ore":23828,"minecraft:oak_planks":970,"minecraft:wall_torch":1098,"minecraft:cauldron":112,"minecraft:light_blue_terracotta":20,"minecraft:stone_stairs":96,"minecraft:fire_coral_fan":56,"minecraft:blue_terracotta":15,"minecraft:powered_rail":395,"minecraft:dark_oak_slab":595,"minecraft:blue_ice":173,"minecraft:tnt":212,"minecraft:smooth_stone_slab":259,"minecraft:oak_log":5680,"minecraft:beetroots":57,"minecraft:lime_terracotta":129,"minecraft:dirt":46512,"minecraft:dispenser":67,"minecraft:daylight_detector":7,"minecraft:pink_carpet":2,"minecraft:quartz_stairs":568,"minecraft:dark_oak_leaves":255,"minecraft:red_stained_glass":35,"minecraft:gray_glazed_terracotta":11,"minecraft:lever":75,"minecraft:ladder":76,"minecraft:purple_terracotta":4,"minecraft:tube_coral_wall_fan":242,"minecraft:stone_button":32,"minecraft:cyan_banner":12,"minecraft:birch_slab":105,"minecraft:spruce_leaves":2498,"minecraft:acacia_slab":1,"minecraft:hay_block":5,"minecraft:light_blue_wall_banner":1,"minecraft:heavy_weighted_pressure_plate":3,"minecraft:orange_stained_glass_pane":8,"minecraft:light_gray_shulker_box":97,"minecraft:detector_rail":5,"minecraft:gold_block":92,"minecraft:nether_brick_fence":5,"minecraft:bookshelf":195,"minecraft:stripped_oak_log":131,"minecraft:wet_sponge":1035,"minecraft:pink_terracotta":1,"minecraft:orange_glazed_terracotta":21,"minecraft:scaffolding":1524,"minecraft:acacia_leaves":11,"minecraft:magenta_stained_glass":23,"minecraft:snow_block":762,"minecraft:stripped_dark_oak_log":13,"minecraft:polished_granite":10,"minecraft:oak_fence":248,"minecraft:gray_stained_glass":39,"minecraft:lime_carpet":13,"minecraft:stone_slab":229,"minecraft:red_glazed_terracotta":3,"minecraft:red_concrete":484,"minecraft:prismarine_bricks":86,"minecraft:birch_planks":762,"minecraft:dead_fire_coral_block":22,"minecraft:bubble_coral":52,"minecraft:end_stone_brick_stairs":2,"minecraft:sea_pickle":1054,"minecraft:ice":1808,"minecraft:white_wall_banner":3,"minecraft:grass_path":283,"minecraft:black_wool":71,"minecraft:cocoa":403,"minecraft:flower_pot":21,"minecraft:cyan_carpet":4,"minecraft:yellow_concrete":820,"minecraft:purple_shulker_box":108,"minecraft:cracked_stone_bricks":22,"minecraft:mossy_stone_bricks":2,"minecraft:jungle_wall_sign":3,"minecraft:dark_oak_planks":1169,"minecraft:dark_prismarine_stairs":5,"minecraft:light_blue_concrete":4,"minecraft:black_terracotta":35,"minecraft:jungle_leaves":305,"minecraft:obsidian":1359,"minecraft:carved_pumpkin":225,"minecraft:red_sand":3,"minecraft:stone_brick_wall":2,"minecraft:yellow_carpet":52,"minecraft:jungle_log":759,"minecraft:horn_coral_fan":62,"minecraft:coal_block":294,"minecraft:lime_stained_glass":1,"minecraft:purpur_slab":22,"minecraft:diorite_stairs":6,"minecraft:bubble_coral_block":388,"minecraft:hopper":364,"minecraft:tube_coral_block":494,"minecraft:oxeye_daisy":63,"minecraft:light_blue_stained_glass":12,"minecraft:potted_fern":11,"minecraft:orange_concrete":704,"minecraft:sticky_piston":232,"minecraft:cyan_wall_banner":1,"minecraft:pumpkin":485,"minecraft:enchanting_table":4,"minecraft:lime_stained_glass_pane":18,"minecraft:oak_sign":110,"minecraft:oak_stairs":138,"minecraft:quartz_slab":1745,"minecraft:blue_orchid":3,"minecraft:iron_block":1260,"minecraft:piston_head":8,"minecraft:conduit":1,"minecraft:brown_mushroom":23,"minecraft:red_bed":8,"minecraft:player_wall_head":145,"minecraft:blue_stained_glass":1,"minecraft:blast_furnace":1,"minecraft:polished_andesite_stairs":153,"minecraft:green_concrete_powder":26,"minecraft:polished_diorite_slab":11,"minecraft:glass":982,"minecraft:cyan_bed":9,"minecraft:damaged_anvil":10,"minecraft:smooth_sandstone_slab":62,"minecraft:spruce_sign":5,"minecraft:polished_diorite_stairs":1,"minecraft:cyan_wool":22,"minecraft:black_concrete_powder":253,"minecraft:light_gray_stained_glass":989,"minecraft:wheat":5816,"minecraft:pumpkin_stem":13,"minecraft:lime_concrete":46,"minecraft:black_bed":1,"minecraft:stone_brick_stairs":173,"minecraft:potted_poppy":1,"minecraft:oak_fence_gate":22,"minecraft:loom":9,"minecraft:blue_shulker_box":63,"minecraft:stonecutter":1,"minecraft:red_mushroom_block":61,"minecraft:yellow_stained_glass":189,"minecraft:piston":216,"minecraft:yellow_terracotta":163,"minecraft:pink_shulker_box":69,"minecraft:light_gray_stained_glass_pane":372,"minecraft:stripped_birch_log":104,"minecraft:jack_o_lantern":4,"minecraft:shulker_box":2320,"minecraft:nether_bricks":435,"minecraft:allium":15,"minecraft:jungle_planks":2,"minecraft:orange_shulker_box":48,"minecraft:magenta_concrete":5,"minecraft:lime_wool":41,"minecraft:horn_coral_wall_fan":241,"minecraft:kelp":951,"minecraft:pink_wool":82,"minecraft:black_stained_glass_pane":17,"minecraft:jungle_sapling":2,"minecraft:snow":29776,"minecraft:acacia_wood":2,"minecraft:diamond_block":169,"minecraft:white_glazed_terracotta":19,"minecraft:potatoes":647,"minecraft:smooth_quartz_stairs":85,"minecraft:bamboo_sapling":9,"minecraft:bamboo":669,"minecraft:white_wool":34,"minecraft:cake":2,"minecraft:brain_coral":54,"minecraft:light_gray_carpet":32,"minecraft:gray_concrete":6657,"minecraft:comparator":30,"minecraft:brown_stained_glass_pane":1,"minecraft:brown_carpet":26,"minecraft:stone_brick_slab":318,"minecraft:observer":336,"minecraft:smooth_sandstone":321,"minecraft:light_gray_concrete_powder":331,"minecraft:spruce_button":23,"minecraft:emerald_ore":42,"minecraft:sponge":22,"minecraft:dropper":11,"minecraft:dried_kelp_block":19,"minecraft:purple_bed":9,"minecraft:purple_stained_glass":6,"minecraft:white_carpet":168,"minecraft:spruce_log":6941,"minecraft:birch_leaves":438,"minecraft:quartz_pillar":322,"minecraft:red_wall_banner":8,"minecraft:mycelium":15,"minecraft:dark_oak_sign":6,"minecraft:pink_stained_glass_pane":1,"minecraft:acacia_planks":228,"minecraft:spruce_fence_gate":67,"minecraft:infested_stone":93,"minecraft:black_shulker_box":15,"minecraft:spruce_planks":5175,"minecraft:cobblestone_stairs":239,"minecraft:potted_cactus":1,"minecraft:grass_block":52106,"minecraft:dead_tube_coral_block":13,"minecraft:blue_concrete":15,"minecraft:purple_stained_glass_pane":5,"minecraft:sandstone_stairs":145,"minecraft:smooth_stone":204,"minecraft:glowstone":2183,"minecraft:iron_ore":5616,"minecraft:black_carpet":16,"minecraft:anvil":29,"minecraft:azure_bluet":56,"minecraft:dark_oak_stairs":818,"minecraft:purple_carpet":3,"minecraft:birch_wall_sign":31,"minecraft:end_stone_bricks":129,"minecraft:brain_coral_block":534,"minecraft:dead_bubble_coral_block":4,"minecraft:cyan_terracotta":11735,"minecraft:clay":248,"minecraft:chiseled_quartz_block":18,"minecraft:poppy":411,"minecraft:chest":591,"minecraft:mushroom_stem":10,"minecraft:cobblestone":12551,"minecraft:slime_block":366,"minecraft:grindstone":39,"minecraft:prismarine":52,"minecraft:magenta_shulker_box":94,"minecraft:seagrass":867,"minecraft:light_gray_glazed_terracotta":2,"minecraft:brown_concrete_powder":1,"minecraft:birch_log":454,"minecraft:yellow_wool":50,"minecraft:birch_trapdoor":3,"minecraft:stripped_oak_wood":2,"minecraft:activator_rail":34,"minecraft:light_gray_wool":1238,"minecraft:orange_tulip":21,"minecraft:purpur_block":124,"minecraft:yellow_stained_glass_pane":104,"minecraft:acacia_fence":41,"minecraft:diorite_wall":2,"minecraft:sand":311948,"minecraft:tripwire_hook":9,"minecraft:netherrack":38811,"minecraft:oak_leaves":7598,"minecraft:magenta_wool":30,"minecraft:horn_coral_block":462,"minecraft:emerald_block":105,"minecraft:redstone_lamp":19,"minecraft:diamond_ore":577,"minecraft:tube_coral":53,"minecraft:red_carpet":15,"minecraft:gray_shulker_box":21,"minecraft:gray_stained_glass_pane":153,"minecraft:dark_oak_pressure_plate":4,"minecraft:brick_stairs":5,"minecraft:white_stained_glass":796,"minecraft:polished_andesite_slab":44,"minecraft:sandstone":10767,"minecraft:large_fern":1,"minecraft:diorite_slab":5,"minecraft:oak_trapdoor":137,"minecraft:spruce_sapling":10,"minecraft:furnace":139,"minecraft:carrots":4546,"minecraft:acacia_stairs":2,"minecraft:chiseled_sandstone":6,"minecraft:stripped_spruce_log":208,"minecraft:dark_oak_fence_gate":2,"minecraft:black_concrete":4330,"minecraft:lantern":15,"minecraft:stripped_jungle_log":1,"minecraft:packed_ice":3970,"minecraft:white_tulip":19,"minecraft:stone":363529,"minecraft:yellow_shulker_box":342,"minecraft:redstone_wall_torch":45,"minecraft:birch_pressure_plate":8,"minecraft:podzol":1550,"minecraft:light_blue_shulker_box":100,"minecraft:red_wool":237,"minecraft:brick_wall":16,"minecraft:red_banner":8,"minecraft:crafting_table":290,"minecraft:cyan_stained_glass_pane":52,"minecraft:oak_wood":46,"minecraft:lime_concrete_powder":5,"minecraft:rose_bush":2,"minecraft:andesite_slab":20,"minecraft:lectern":27,"minecraft:andesite_wall":17,"minecraft:lapis_ore":693,"minecraft:lily_pad":2,"minecraft:blue_bed":5,"minecraft:spruce_stairs":321,"minecraft:gray_wool":2,"minecraft:cactus":62,"minecraft:gray_concrete_powder":18,"minecraft:brick_slab":4,"minecraft:green_shulker_box":58,"minecraft:redstone_torch":38,"minecraft:magenta_terracotta":296,"minecraft:sweet_berry_bush":147,"minecraft:gray_bed":1,"minecraft:yellow_bed":22,"minecraft:potted_azure_bluet":1,"minecraft:coal_ore":12431,"minecraft:bubble_coral_wall_fan":271,"minecraft:end_rod":432,"minecraft:gray_carpet":36,"minecraft:terracotta":18755,"minecraft:polished_andesite":170,"minecraft:birch_fence":6},"minecraft:killed":{"minecraft:cod":72,"minecraft:guardian":6338,"minecraft:skeleton_horse":2,"minecraft:tropical_fish":12,"minecraft:parrot":1,"minecraft:salmon":102,"minecraft:iron_golem":1,"minecraft:pillager":128,"minecraft:zombie":1564,"minecraft:evoker":3,"minecraft:zombie_pigman":226,"minecraft:vindicator":33,"minecraft:endermite":1,"minecraft:snow_golem":4,"minecraft:husk":166,"minecraft:rabbit":12,"minecraft:ravager":3,"minecraft:witch":27,"minecraft:spider":259,"minecraft:wither":1,"minecraft:silverfish":118,"minecraft:zombie_villager":23,"minecraft:sheep":114,"minecraft:trader_llama":30,"minecraft:ghast":60,"minecraft:vex":8,"minecraft:slime":564,"minecraft:drowned":2330,"minecraft:squid":103,"minecraft:wither_skeleton":300,"minecraft:villager":26,"minecraft:cave_spider":44,"minecraft:dolphin":1,"minecraft:shulker":285,"minecraft:pufferfish":5,"minecraft:skeleton":1758,"minecraft:fox":1,"minecraft:chicken":456,"minecraft:magma_cube":62,"minecraft:cow":1263,"minecraft:horse":18,"minecraft:wandering_trader":16,"minecraft:enderman":225,"minecraft:turtle":2,"minecraft:wolf":2,"minecraft:pig":54,"minecraft:creeper":425,"minecraft:blaze":128,"minecraft:phantom":1369,"minecraft:llama":1,"minecraft:bat":15},"minecraft:dropped":{"minecraft:iron_sword":6,"minecraft:pink_stained_glass":691,"minecraft:porkchop":15,"minecraft:lapis_lazuli":102,"minecraft:glass_bottle":35,"minecraft:diamond":811,"minecraft:crafting_table":30,"minecraft:cooked_porkchop":26,"minecraft:dark_oak_slab":197,"minecraft:quartz_pillar":24,"minecraft:red_mushroom":29,"minecraft:gold_block":52,"minecraft:emerald":3619,"minecraft:gray_concrete":70,"minecraft:red_bed":1,"minecraft:birch_fence":7,"minecraft:dark_oak_fence":17,"minecraft:conduit":1,"minecraft:dark_oak_trapdoor":11,"minecraft:gold_nugget":817,"minecraft:writable_book":11,"minecraft:sand":1706,"minecraft:purple_wool":2,"minecraft:diorite_slab":6,"minecraft:fishing_rod":3,"minecraft:dark_oak_planks":514,"minecraft:white_wool":16,"minecraft:birch_stairs":1,"minecraft:music_disc_blocks":2,"minecraft:dark_oak_door":4,"minecraft:stone_axe":2,"minecraft:lever":64,"minecraft:diamond_block":140,"minecraft:iron_nugget":57,"minecraft:cooked_chicken":65,"minecraft:black_carpet":9,"minecraft:wheat":380,"minecraft:obsidian":24,"minecraft:stripped_dark_oak_log":2,"minecraft:rotten_flesh":4652,"minecraft:oak_planks":1194,"minecraft:glowstone_dust":8,"minecraft:music_disc_far":1,"minecraft:azure_bluet":1194,"minecraft:nether_brick_fence":1,"minecraft:red_mushroom_block":43,"minecraft:sea_lantern":85,"minecraft:coal_ore":99,"minecraft:quartz_block":181,"minecraft:jungle_log":64,"minecraft:leather_boots":8,"minecraft:acacia_sapling":5,"minecraft:leather_leggings":12,"minecraft:glass":350,"minecraft:beef":26,"minecraft:podzol":64,"minecraft:stone_brick_stairs":39,"minecraft:green_stained_glass":29,"minecraft:brown_concrete":1,"minecraft:golden_boots":24,"minecraft:orange_shulker_box":3,"minecraft:black_dye":6,"minecraft:wheat_seeds":6465,"minecraft:light_gray_stained_glass_pane":1259,"minecraft:book":13,"minecraft:prismarine_crystals":259,"minecraft:red_stained_glass":4,"minecraft:yellow_carpet":3,"minecraft:golden_apple":3,"minecraft:coal_block":38,"minecraft:lava_bucket":12,"minecraft:diamond_horse_armor":1,"minecraft:dark_oak_leaves":1,"minecraft:brown_concrete_powder":640,"minecraft:gray_wool":2,"minecraft:ink_sac":167,"minecraft:potion":13,"minecraft:oak_stairs":8,"minecraft:pumpkin":163,"minecraft:white_banner":1,"minecraft:jungle_boat":1,"minecraft:red_dye":42,"minecraft:chipped_anvil":1,"minecraft:smooth_stone":70,"minecraft:chainmail_leggings":3,"minecraft:smooth_sandstone":31,"minecraft:lily_pad":15,"minecraft:acacia_planks":35,"minecraft:stone_brick_slab":99,"minecraft:snow_block":69,"minecraft:bricks":62,"minecraft:player_head":154,"minecraft:cocoa_beans":47,"minecraft:sticky_piston":8,"minecraft:orange_concrete":242,"minecraft:red_banner":3,"minecraft:white_carpet":26,"minecraft:iron_boots":26,"minecraft:name_tag":22,"minecraft:damaged_anvil":1,"minecraft:light_gray_concrete":311,"minecraft:white_terracotta":30,"minecraft:oak_sign":112,"minecraft:shears":16,"minecraft:diamond_sword":23,"minecraft:cyan_wool":1,"minecraft:spruce_boat":3,"minecraft:flower_pot":2,"minecraft:sea_pickle":1466,"minecraft:peony":365,"minecraft:spruce_trapdoor":43,"minecraft:spruce_planks":1637,"minecraft:diamond_pickaxe":65,"minecraft:light_blue_carpet":1,"minecraft:pink_shulker_box":3,"minecraft:redstone_torch":39,"minecraft:stone_pressure_plate":12,"minecraft:barrel":1,"minecraft:stone_bricks":53,"minecraft:bamboo":667,"minecraft:sandstone":863,"minecraft:bow":1480,"minecraft:stripped_spruce_wood":4,"minecraft:green_concrete_powder":316,"minecraft:magma_block":15,"minecraft:terracotta":253,"minecraft:nether_brick_stairs":8,"minecraft:daylight_detector":1,"minecraft:soul_sand":155,"minecraft:orange_dye":1,"minecraft:oak_log":523,"minecraft:ender_pearl":261,"minecraft:nether_star":5,"minecraft:dark_oak_sapling":4,"minecraft:lime_terracotta":2,"minecraft:leather":46,"minecraft:red_wool":6,"minecraft:jungle_planks":3,"minecraft:iron_horse_armor":1,"minecraft:birch_slab":6,"minecraft:cod":55,"minecraft:cobblestone_stairs":85,"minecraft:dark_oak_log":260,"minecraft:packed_ice":76,"minecraft:ice":9,"minecraft:mutton":12,"minecraft:snowball":183,"minecraft:wet_sponge":19,"minecraft:black_concrete":735,"minecraft:light_blue_banner":1,"minecraft:gold_ingot":627,"minecraft:red_glazed_terracotta":2,"minecraft:magenta_stained_glass":1,"minecraft:purpur_block":48,"minecraft:andesite_slab":1,"minecraft:purple_banner":1,"minecraft:yellow_stained_glass":13,"minecraft:cooked_mutton":16,"minecraft:birch_fence_gate":1,"minecraft:mushroom_stem":6,"minecraft:leather_chestplate":9,"minecraft:trident":30,"minecraft:cyan_banner":2,"minecraft:oak_wood":16,"minecraft:dropper":5,"minecraft:birch_door":2,"minecraft:iron_ore":161,"minecraft:iron_bars":32,"minecraft:scaffolding":130,"minecraft:white_concrete_powder":1622,"minecraft:light_gray_concrete_powder":1024,"minecraft:polished_granite":2,"minecraft:splash_potion":2,"minecraft:stone_hoe":7,"minecraft:bread":228,"minecraft:vine":2,"minecraft:lilac":197,"minecraft:golden_helmet":12,"minecraft:yellow_concrete":229,"minecraft:activator_rail":3,"minecraft:spruce_stairs":58,"minecraft:acacia_log":3,"minecraft:acacia_trapdoor":8,"minecraft:spruce_fence_gate":14,"minecraft:iron_block":384,"minecraft:milk_bucket":8,"minecraft:green_dye":1016,"minecraft:repeater":139,"minecraft:white_concrete":1547,"minecraft:light_gray_shulker_box":1,"minecraft:iron_door":25,"minecraft:yellow_shulker_box":19,"minecraft:light_gray_stained_glass":368,"minecraft:music_disc_strad":1,"minecraft:polished_andesite_stairs":54,"minecraft:music_disc_ward":1,"minecraft:music_disc_wait":1,"minecraft:cactus":893,"minecraft:tripwire_hook":58,"minecraft:redstone_block":149,"minecraft:chiseled_sandstone":3,"minecraft:blue_terracotta":2,"minecraft:sweet_berries":48,"minecraft:kelp":734,"minecraft:oak_trapdoor":12,"minecraft:dragon_head":6,"minecraft:light_gray_terracotta":57,"minecraft:brown_stained_glass_pane":22,"minecraft:birch_pressure_plate":1,"minecraft:comparator":263,"minecraft:stripped_oak_log":8,"minecraft:totem_of_undying":7,"minecraft:shulker_box":826,"minecraft:flint_and_steel":9,"minecraft:oak_button":13,"minecraft:andesite":1302,"minecraft:golden_leggings":7,"minecraft:oak_sapling":120,"minecraft:birch_sign":29,"minecraft:gray_concrete_powder":775,"minecraft:spruce_log":433,"minecraft:wooden_pickaxe":3,"minecraft:brown_stained_glass":714,"minecraft:acacia_wood":35,"minecraft:piston":88,"minecraft:cooked_beef":112,"minecraft:oak_pressure_plate":1,"minecraft:sandstone_stairs":19,"minecraft:orange_tulip":10,"minecraft:crossbow":74,"minecraft:cookie":111,"minecraft:dark_oak_button":1,"minecraft:purpur_stairs":11,"minecraft:elytra":33,"minecraft:rail":121,"minecraft:leather_helmet":10,"minecraft:red_carpet":2,"minecraft:item_frame":204,"minecraft:light_weighted_pressure_plate":32,"minecraft:red_shulker_box":4,"minecraft:dirt":2906,"minecraft:grass":8,"minecraft:stone_button":715,"minecraft:yellow_dye":64,"minecraft:jungle_sapling":4,"minecraft:wooden_sword":4,"minecraft:bone_meal":1705,"minecraft:bone_block":418,"minecraft:sunflower":46,"minecraft:phantom_membrane":307,"minecraft:sugar":6,"minecraft:iron_pickaxe":7,"minecraft:dark_oak_boat":3,"minecraft:gray_dye":37,"minecraft:cyan_carpet":5,"minecraft:bone":625,"minecraft:oak_door":8,"minecraft:note_block":5,"minecraft:sugar_cane":3107,"minecraft:polished_andesite_slab":26,"minecraft:detector_rail":29,"minecraft:golden_chestplate":19,"minecraft:pink_dye":1,"minecraft:birch_sapling":18,"minecraft:lime_dye":64,"minecraft:end_stone":2,"minecraft:light_gray_carpet":8,"minecraft:white_bed":28,"minecraft:dark_oak_fence_gate":5,"minecraft:salmon":24,"minecraft:red_stained_glass_pane":4,"minecraft:yellow_stained_glass_pane":3,"minecraft:firework_star":1,"minecraft:heavy_weighted_pressure_plate":2,"minecraft:charcoal":2,"minecraft:hopper":51,"minecraft:ladder":23,"minecraft:white_dye":282,"minecraft:spruce_slab":366,"minecraft:end_stone_bricks":3,"minecraft:dead_tube_coral_block":1,"minecraft:egg":2175,"minecraft:enchanted_book":13,"minecraft:iron_ingot":1316,"minecraft:cyan_stained_glass":899,"minecraft:gray_stained_glass_pane":763,"minecraft:tnt":28,"minecraft:dark_prismarine_slab":1,"minecraft:iron_helmet":15,"minecraft:purpur_slab":21,"minecraft:oak_fence":27,"minecraft:feather":108,"minecraft:yellow_terracotta":67,"minecraft:cobblestone":12604,"minecraft:apple":26,"minecraft:granite":1731,"minecraft:spruce_button":26,"minecraft:spruce_door":12,"minecraft:chainmail_helmet":3,"minecraft:coal":411,"minecraft:pufferfish":6,"minecraft:polished_andesite":8,"minecraft:end_rod":295,"minecraft:oxeye_daisy":873,"minecraft:iron_trapdoor":36,"minecraft:golden_carrot":1504,"minecraft:sponge":68,"minecraft:wooden_hoe":2,"minecraft:rose_bush":186,"minecraft:rabbit":9,"minecraft:diamond_helmet":12,"minecraft:lime_carpet":1,"minecraft:pufferfish_bucket":3,"minecraft:brown_terracotta":32,"minecraft:dried_kelp":67,"minecraft:iron_shovel":3,"minecraft:paper":953,"minecraft:string":1032,"minecraft:magenta_shulker_box":2,"minecraft:spruce_sapling":76,"minecraft:purpur_pillar":35,"minecraft:furnace":16,"minecraft:redstone_ore":4,"minecraft:stone_sword":10,"minecraft:cobblestone_wall":65,"minecraft:dark_oak_sign":6,"minecraft:smooth_stone_slab":16,"minecraft:bowl":2,"minecraft:chicken":116,"minecraft:slime_block":4,"minecraft:stone_slab":29,"minecraft:red_sandstone_slab":7,"minecraft:diamond_ore":18,"minecraft:nether_bricks":19,"minecraft:spruce_fence":11,"minecraft:pumpkin_seeds":28,"minecraft:purple_stained_glass":1046,"minecraft:potato":3146,"minecraft:cobblestone_slab":83,"minecraft:hay_block":10,"minecraft:stone":7814,"minecraft:wooden_shovel":8,"minecraft:spider_eye":92,"minecraft:brown_carpet":2,"minecraft:light_gray_dye":142,"minecraft:birch_boat":1,"minecraft:magenta_dye":56,"minecraft:red_tulip":2,"minecraft:cyan_concrete_powder":416,"minecraft:pink_concrete_powder":448,"minecraft:black_wool":1,"minecraft:quartz_slab":239,"minecraft:spruce_sign":17,"minecraft:birch_planks":221,"minecraft:brown_mushroom":26,"minecraft:dark_oak_stairs":117,"minecraft:diamond_axe":29,"minecraft:baked_potato":388,"minecraft:sandstone_slab":112,"minecraft:lantern":12,"minecraft:blue_concrete_powder":392,"minecraft:flint":1330,"minecraft:spruce_leaves":47,"minecraft:cyan_terracotta":815,"minecraft:dispenser":173,"minecraft:cornflower":71,"minecraft:seagrass":54,"minecraft:cooked_cod":106,"minecraft:cut_sandstone":61,"minecraft:white_stained_glass_pane":183,"minecraft:acacia_door":2,"minecraft:birch_log":198,"minecraft:armor_stand":1,"minecraft:gravel":1117,"minecraft:white_tulip":4,"minecraft:yellow_wool":73,"minecraft:black_terracotta":4,"minecraft:diamond_shovel":22,"minecraft:prismarine":16,"minecraft:stone_stairs":19,"minecraft:carrot":1070,"minecraft:chiseled_stone_bricks":2,"minecraft:poppy":447,"minecraft:rabbit_hide":17,"minecraft:turtle_helmet":2,"minecraft:gunpowder":442,"minecraft:birch_trapdoor":2,"minecraft:spruce_pressure_plate":1,"minecraft:glowstone":24,"minecraft:spruce_wood":1,"minecraft:chainmail_boots":1,"minecraft:chest":93,"minecraft:arrow":1070,"minecraft:powered_rail":75,"minecraft:prismarine_bricks":31,"minecraft:quartz":14,"minecraft:written_book":72,"minecraft:oak_leaves":521,"minecraft:netherrack":7024,"minecraft:firework_rocket":7046,"minecraft:water_bucket":46,"minecraft:stripped_spruce_log":13,"minecraft:oak_slab":78,"minecraft:red_concrete_powder":2,"minecraft:minecart":15,"minecraft:bookshelf":13,"minecraft:cyan_dye":112,"minecraft:diamond_leggings":11,"minecraft:poisonous_potato":83,"minecraft:prismarine_shard":680,"minecraft:lead":8,"minecraft:spectral_arrow":3,"minecraft:observer":39,"minecraft:grass_block":2163,"minecraft:stick":2355,"minecraft:diorite":1507,"minecraft:torch":2264,"minecraft:smooth_quartz":66,"minecraft:map":139,"minecraft:iron_leggings":23,"minecraft:iron_axe":4,"minecraft:bucket":31,"minecraft:lapis_block":34,"minecraft:dandelion":563,"minecraft:redstone":2151,"minecraft:red_concrete":2,"minecraft:anvil":1,"minecraft:gray_stained_glass":7,"minecraft:ender_chest":15,"minecraft:coarse_dirt":74,"minecraft:nether_wart":69,"minecraft:jukebox":1,"minecraft:dead_bubble_coral_block":2,"minecraft:light_gray_wool":27,"minecraft:iron_hoe":1,"minecraft:cyan_stained_glass_pane":9,"minecraft:glass_pane":4,"minecraft:red_terracotta":118,"minecraft:filled_map":18,"minecraft:snow":1760,"minecraft:shield":6,"minecraft:black_concrete_powder":1064,"minecraft:diamond_chestplate":1,"minecraft:orange_terracotta":74,"minecraft:iron_chestplate":9,"minecraft:cake":2,"minecraft:quartz_stairs":58,"minecraft:pink_wool":4,"minecraft:oak_boat":1,"minecraft:golden_sword":7,"minecraft:slime_ball":201,"minecraft:diamond_boots":15,"minecraft:purple_shulker_box":6,"minecraft:stone_pickaxe":4,"minecraft:white_stained_glass":198,"minecraft:light_blue_shulker_box":6,"minecraft:light_blue_bed":1},"minecraft:custom":{"minecraft:interact_with_crafting_table":5466,"minecraft:damage_blocked_by_shield":9270,"minecraft:deaths":241,"minecraft:jump":826677,"minecraft:play_record":220,"minecraft:interact_with_cartography_table":1,"minecraft:interact_with_smoker":3,"minecraft:inspect_dispenser":1994,"minecraft:horse_one_cm":1785541,"minecraft:inspect_dropper":749,"minecraft:inspect_hopper":2137,"minecraft:tune_noteblock":1919,"minecraft:time_since_rest":23744,"minecraft:swim_one_cm":12906234,"minecraft:open_chest":51969,"minecraft:open_shulker_box":54058,"minecraft:damage_resisted":12362,"minecraft:play_noteblock":1417,"minecraft:talked_to_villager":4152,"minecraft:interact_with_brewingstand":42,"minecraft:interact_with_beacon":55,"minecraft:fill_cauldron":3,"minecraft:boat_one_cm":21635054,"minecraft:damage_taken":844312,"minecraft:aviate_one_cm":-1898858093,"minecraft:open_barrel":4641,"minecraft:bell_ring":23,"minecraft:eat_cake_slice":119,"minecraft:leave_game":2163,"minecraft:time_since_death":23722,"minecraft:enchant_item":311,"minecraft:interact_with_furnace":3533,"minecraft:traded_with_villager":23099,"minecraft:sleep_in_bed":1568,"minecraft:damage_dealt":1311407,"minecraft:use_cauldron":9,"minecraft:sneak_time":4053052,"minecraft:interact_with_lectern":72,"minecraft:interact_with_blast_furnace":8,"minecraft:interact_with_stonecutter":9,"minecraft:fly_one_cm":216187917,"minecraft:fall_one_cm":29820335,"minecraft:fish_caught":11,"minecraft:animals_bred":1278,"minecraft:sprint_one_cm":162913052,"minecraft:drop":15908,"minecraft:walk_on_water_one_cm":7080980,"minecraft:play_one_minute":116929786,"minecraft:interact_with_loom":16,"minecraft:open_enderchest":4029,"minecraft:player_kills":9,"minecraft:crouch_one_cm":13864820,"minecraft:mob_kills":533919,"minecraft:climb_one_cm":6539013,"minecraft:walk_one_cm":164993635,"minecraft:walk_under_water_one_cm":38530692,"minecraft:raid_trigger":1,"minecraft:pot_flower":129,"minecraft:damage_absorbed":308,"minecraft:trigger_trapped_chest":75,"minecraft:minecart_one_cm":1502263,"minecraft:pig_one_cm":205677},"minecraft:broken":{"minecraft:diamond_helmet":2,"minecraft:shears":29,"minecraft:diamond_shovel":23,"minecraft:diamond_pickaxe":15,"minecraft:fishing_rod":5,"minecraft:crossbow":2,"minecraft:iron_hoe":1,"minecraft:diamond_leggings":1,"minecraft:stone_hoe":9,"minecraft:wooden_pickaxe":1,"minecraft:shield":1,"minecraft:iron_pickaxe":13,"minecraft:iron_shovel":2,"minecraft:stone_pickaxe":4,"minecraft:diamond_boots":1,"minecraft:stone_axe":3,"minecraft:stone_shovel":2,"minecraft:diamond_sword":1,"minecraft:diamond_chestplate":1,"minecraft:iron_boots":1,"minecraft:golden_sword":2,"minecraft:iron_sword":1,"minecraft:bow":1,"minecraft:iron_axe":1,"minecraft:golden_helmet":1,"minecraft:flint_and_steel":9}},"DataVersion":1976}