{"stats":{"minecraft:used":{"minecraft:writable_book":36,"minecraft:jack_o_lantern":216,"minecraft:dispenser":296,"minecraft:poppy":5,"minecraft:black_carpet":27,"minecraft:stone":22956,"minecraft:quartz_stairs":613,"minecraft:tube_coral":8,"minecraft:soul_sand":237,"minecraft:cocoa_beans":1063,"minecraft:snowball":110,"minecraft:spruce_boat":37,"minecraft:packed_ice":2380,"minecraft:stripped_dark_oak_wood":6,"minecraft:lava_bucket":77,"minecraft:lime_banner":3,"minecraft:red_wool":76,"minecraft:quartz_block":684,"minecraft:dark_oak_slab":528,"minecraft:diorite_wall":4,"minecraft:bow":2750,"minecraft:cooked_cod":2,"minecraft:oak_sapling":179,"minecraft:green_stained_glass_pane":550,"minecraft:mossy_stone_bricks":512,"minecraft:damaged_anvil":7,"minecraft:chorus_fruit":2,"minecraft:prismarine":54,"minecraft:cactus":63,"minecraft:wooden_pickaxe":16,"minecraft:jungle_boat":5,"minecraft:golden_apple":3,"minecraft:blast_furnace":65,"minecraft:purple_terracotta":12,"minecraft:gray_concrete":274,"minecraft:purple_concrete_powder":3979,"minecraft:birch_fence":152,"minecraft:birch_slab":395,"minecraft:oak_pressure_plate":2,"minecraft:coal_block":38,"minecraft:nether_wart_block":42,"minecraft:diamond_sword":15529,"minecraft:smithing_table":59,"minecraft:birch_log":21,"minecraft:oak_boat":119,"minecraft:purple_wool":254,"minecraft:oak_trapdoor":159,"minecraft:enchanting_table":7,"minecraft:orange_concrete":2,"minecraft:carved_pumpkin":21,"minecraft:armor_stand":36,"minecraft:light_gray_carpet":834,"minecraft:torch":9077,"minecraft:orange_stained_glass":42,"minecraft:brewing_stand":17,"minecraft:nether_quartz_ore":2031,"minecraft:yellow_carpet":11,"minecraft:oak_fence_gate":12,"minecraft:sea_lantern":1818,"minecraft:chipped_anvil":7,"minecraft:iron_block":9539,"minecraft:filled_map":4,"minecraft:jungle_log":760,"minecraft:barrel":67,"minecraft:lime_concrete":35,"minecraft:magenta_terracotta":1,"minecraft:trapped_chest":2,"minecraft:horn_coral_fan":15,"minecraft:wheat_seeds":3157,"minecraft:light_blue_shulker_box":84,"minecraft:tube_coral_block":85,"minecraft:birch_planks":169,"minecraft:blue_concrete_powder":3205,"minecraft:cauldron":131,"minecraft:spruce_fence_gate":4,"minecraft:gold_ore":17,"minecraft:conduit":1,"minecraft:diamond_block":5,"minecraft:rail":1478,"minecraft:red_bed":4,"minecraft:white_bed":50,"minecraft:campfire":12,"minecraft:spruce_log":842,"minecraft:mushroom_stem":4,"minecraft:blue_stained_glass_pane":26,"minecraft:diamond_pickaxe":418994,"minecraft:diamond_shovel":135537,"minecraft:oak_button":11,"minecraft:suspicious_stew":1,"minecraft:tnt_minecart":16,"minecraft:spruce_pressure_plate":2,"minecraft:magenta_concrete_powder":1,"minecraft:spruce_trapdoor":5,"minecraft:blue_carpet":154,"minecraft:green_carpet":12,"minecraft:potion":43,"minecraft:orange_banner":9,"minecraft:cooked_porkchop":69,"minecraft:andesite_stairs":8,"minecraft:stripped_oak_log":42,"minecraft:green_stained_glass":63,"minecraft:blue_terracotta":1114,"minecraft:light_gray_stained_glass_pane":899,"minecraft:bone_block":857,"minecraft:nether_wart":2425,"minecraft:bubble_coral":12,"minecraft:green_terracotta":395,"minecraft:spruce_leaves":185,"minecraft:pink_terracotta":1,"minecraft:obsidian":636,"minecraft:spruce_wood":3,"minecraft:lantern":206,"minecraft:green_wool":1,"minecraft:item_frame":238,"minecraft:birch_button":142,"minecraft:birch_trapdoor":1049,"minecraft:horn_coral":10,"minecraft:written_book":139,"minecraft:blue_shulker_box":314,"minecraft:gold_block":695,"minecraft:pink_concrete_powder":1,"minecraft:tube_coral_fan":22,"minecraft:end_rod":800,"minecraft:dropper":199,"minecraft:wither_skeleton_skull":61,"minecraft:gray_carpet":246,"minecraft:stone_pickaxe":482,"minecraft:oak_planks":307,"minecraft:sandstone":99,"minecraft:sugar_cane":347,"minecraft:diamond_axe":12779,"minecraft:white_wool":187,"minecraft:light_blue_concrete":69,"minecraft:lime_stained_glass_pane":31,"minecraft:light_blue_wool":1,"minecraft:yellow_concrete":118,"minecraft:crossbow":14,"minecraft:end_stone":256,"minecraft:sticky_piston":546,"minecraft:black_terracotta":8,"minecraft:lever":214,"minecraft:daylight_detector":7,"minecraft:dark_oak_log":510,"minecraft:bread":8,"minecraft:brown_wool":1,"minecraft:iron_door":6,"minecraft:light_blue_concrete_powder":159,"minecraft:smooth_stone_slab":35510,"minecraft:mossy_cobblestone_wall":112,"minecraft:coarse_dirt":134,"minecraft:bone_meal":393,"minecraft:orange_concrete_powder":1,"minecraft:rose_bush":1,"minecraft:white_tulip":3,"minecraft:flint_and_steel":59,"minecraft:redstone":4799,"minecraft:ender_chest":737,"minecraft:brown_shulker_box":226,"minecraft:stone_hoe":87,"minecraft:cooked_chicken":45,"minecraft:dirt":23127,"minecraft:red_nether_brick_slab":25,"minecraft:prismarine_bricks":3073,"minecraft:spruce_fence":35,"minecraft:iron_hoe":1056,"minecraft:wooden_axe":5,"minecraft:brown_terracotta":2,"minecraft:light_gray_stained_glass":263,"minecraft:oak_stairs":1112,"minecraft:smooth_sandstone":2179,"minecraft:yellow_concrete_powder":257,"minecraft:black_stained_glass":10,"minecraft:dark_oak_pressure_plate":3,"minecraft:lime_stained_glass":2,"minecraft:minecart":101,"minecraft:cyan_concrete_powder":1,"minecraft:cooked_beef":1833,"minecraft:pumpkin":2015,"minecraft:orange_stained_glass_pane":63,"minecraft:cobblestone_stairs":144,"minecraft:snow_block":697,"minecraft:baked_potato":1109,"minecraft:red_nether_bricks":3978,"minecraft:birch_boat":196,"minecraft:purple_glazed_terracotta":1,"minecraft:cut_sandstone":228,"minecraft:spruce_sign":11,"minecraft:cyan_stained_glass":83,"minecraft:piston":473,"minecraft:gray_terracotta":27,"minecraft:wooden_hoe":2,"minecraft:flower_pot":624,"minecraft:black_wool":59,"minecraft:lapis_ore":297,"minecraft:stone_slab":447,"minecraft:detector_rail":25,"minecraft:magenta_concrete":3,"minecraft:jungle_stairs":19,"minecraft:yellow_wool":10,"minecraft:stone_axe":120,"minecraft:fire_coral_block":36,"minecraft:end_crystal":7,"minecraft:pink_shulker_box":112,"minecraft:lapis_block":169,"minecraft:pumpkin_pie":2,"minecraft:sea_pickle":95,"minecraft:gray_wool":1,"minecraft:birch_stairs":45,"minecraft:nether_brick_fence":38,"minecraft:spruce_slab":315,"minecraft:ladder":225,"minecraft:chest":1794,"minecraft:brown_concrete":7,"minecraft:white_shulker_box":551,"minecraft:brick_slab":7,"minecraft:blue_stained_glass":1299,"minecraft:orange_wool":2,"minecraft:allium":1,"minecraft:jungle_slab":11,"minecraft:stripped_spruce_log":5,"minecraft:grass_block":1755,"minecraft:birch_sapling":722,"minecraft:polished_andesite_stairs":344,"minecraft:orange_shulker_box":229,"minecraft:dark_oak_button":30,"minecraft:pink_wool":1,"minecraft:stone_brick_stairs":1856,"minecraft:blue_banner":7,"minecraft:snow":1036,"minecraft:red_stained_glass_pane":1295,"minecraft:dark_oak_boat":5,"minecraft:furnace":464,"minecraft:egg":723,"minecraft:potato":735,"minecraft:dragon_head":3,"minecraft:brown_concrete_powder":2,"minecraft:magenta_shulker_box":180,"minecraft:emerald_ore":2,"minecraft:diorite":322,"minecraft:end_stone_bricks":214,"minecraft:spruce_door":23,"minecraft:stripped_birch_log":26,"minecraft:red_stained_glass":146,"minecraft:acacia_trapdoor":5,"minecraft:powered_rail":1785,"minecraft:orange_tulip":1,"minecraft:lime_concrete_powder":257,"minecraft:jungle_pressure_plate":1,"minecraft:purpur_pillar":83,"minecraft:oak_leaves":1584,"minecraft:cookie":29,"minecraft:dark_oak_trapdoor":75,"minecraft:sand":6301,"minecraft:purpur_stairs":31,"minecraft:blue_ice":76,"minecraft:black_concrete_powder":207,"minecraft:pumpkin_seeds":22,"minecraft:chiseled_sandstone":124,"minecraft:stone_button":260,"minecraft:cyan_carpet":7,"minecraft:lectern":1,"minecraft:red_terracotta":375,"minecraft:polished_granite":3,"minecraft:diamond_ore":108,"minecraft:lilac":1,"minecraft:polished_andesite_slab":84,"minecraft:magenta_stained_glass_pane":218,"minecraft:wooden_sword":20,"minecraft:dark_oak_fence":144,"minecraft:white_stained_glass":7,"minecraft:bubble_coral_block":86,"minecraft:green_concrete_powder":1,"minecraft:pink_stained_glass":628,"minecraft:ice":711,"minecraft:gray_stained_glass":46,"minecraft:iron_bars":1577,"minecraft:stone_sword":76,"minecraft:brain_coral_fan":17,"minecraft:red_concrete":2217,"minecraft:netherrack":9058,"minecraft:orange_bed":1,"minecraft:light_gray_shulker_box":127,"minecraft:dragon_egg":1,"minecraft:anvil":102,"minecraft:stone_stairs":103,"minecraft:nether_brick_slab":98,"minecraft:blue_concrete":4254,"minecraft:nether_brick_stairs":41,"minecraft:polished_diorite":83,"minecraft:red_shulker_box":349,"minecraft:cyan_shulker_box":247,"minecraft:iron_axe":968,"minecraft:spruce_button":7,"minecraft:slime_block":506,"minecraft:smooth_quartz":1,"minecraft:totem_of_undying":4,"minecraft:melon_seeds":3,"minecraft:tripwire_hook":229,"minecraft:purple_concrete":3717,"minecraft:glowstone":152,"minecraft:magenta_wool":3,"minecraft:iron_trapdoor":1167,"minecraft:observer":305,"minecraft:orange_terracotta":2,"minecraft:water_bucket":3739,"minecraft:yellow_banner":3,"minecraft:nether_brick_wall":13,"minecraft:sandstone_stairs":432,"minecraft:prismarine_brick_slab":151,"minecraft:yellow_shulker_box":135,"minecraft:cartography_table":1,"minecraft:lime_wool":4,"minecraft:bubble_coral_fan":13,"minecraft:cracked_stone_bricks":398,"minecraft:pink_concrete":4,"minecraft:lime_terracotta":2,"minecraft:comparator":425,"minecraft:vine":126,"minecraft:mossy_cobblestone":19,"minecraft:tnt":856,"minecraft:oak_slab":721,"minecraft:crafting_table":196,"minecraft:birch_sign":6,"minecraft:fire_coral":7,"minecraft:lime_shulker_box":305,"minecraft:cake":1,"minecraft:oak_log":362,"minecraft:ender_eye":11,"minecraft:stripped_jungle_log":1,"minecraft:iron_pickaxe":5703,"minecraft:cyan_concrete":1,"minecraft:purpur_slab":6,"minecraft:chiseled_stone_bricks":936,"minecraft:cobblestone":3123,"minecraft:red_concrete_powder":2324,"minecraft:sandstone_slab":1606,"minecraft:glass_pane":514,"minecraft:kelp":2606,"minecraft:light_blue_stained_glass_pane":5,"minecraft:iron_shovel":1530,"minecraft:carrot_on_a_stick":41,"minecraft:oak_sign":415,"minecraft:white_concrete_powder":1584,"minecraft:white_terracotta":596,"minecraft:iron_sword":2108,"minecraft:purple_shulker_box":43,"minecraft:player_head":453,"minecraft:birch_pressure_plate":92,"minecraft:nether_bricks":2370,"minecraft:prismarine_brick_stairs":153,"minecraft:carrot":26,"minecraft:cyan_wool":282,"minecraft:milk_bucket":8,"minecraft:glass":12546,"minecraft:cyan_terracotta":3222,"minecraft:coal_ore":1434,"minecraft:quartz_slab":810,"minecraft:dark_oak_wood":23,"minecraft:gray_concrete_powder":273,"minecraft:hopper_minecart":67,"minecraft:stone_bricks":8127,"minecraft:repeater":721,"minecraft:red_carpet":206,"minecraft:redstone_lamp":31,"minecraft:magma_block":702,"minecraft:brown_carpet":10,"minecraft:scaffolding":783,"minecraft:beetroot_seeds":70,"minecraft:fire_coral_fan":31,"minecraft:dark_oak_stairs":186,"minecraft:dark_oak_sign":12,"minecraft:ender_pearl":351,"minecraft:redstone_block":1996,"minecraft:blue_bed":2,"minecraft:brain_coral":5,"minecraft:yellow_terracotta":73,"minecraft:loom":7,"minecraft:black_banner":23,"minecraft:light_gray_terracotta":2,"minecraft:sponge":63,"minecraft:note_block":57,"minecraft:stone_brick_wall":92,"minecraft:shears":5167,"minecraft:redstone_torch":676,"minecraft:gray_shulker_box":177,"minecraft:green_concrete":8,"minecraft:firework_rocket":545,"minecraft:string":359,"minecraft:black_concrete":197,"minecraft:birch_fence_gate":377,"minecraft:lime_carpet":11,"minecraft:light_gray_concrete":350,"minecraft:brown_stained_glass":1,"minecraft:gravel":1065,"minecraft:jungle_sign":2,"minecraft:oak_fence":187,"minecraft:purpur_block":148,"minecraft:white_concrete":4318,"minecraft:andesite":1206,"minecraft:cobweb":18,"minecraft:chest_minecart":1,"minecraft:tropical_fish_bucket":7,"minecraft:trident":1223,"minecraft:redstone_ore":890,"minecraft:stone_shovel":172,"minecraft:light_blue_terracotta":1,"minecraft:spruce_planks":18,"minecraft:oak_door":123,"minecraft:end_stone_brick_wall":25,"minecraft:white_carpet":25,"minecraft:hopper":1482,"minecraft:spruce_stairs":79,"minecraft:cobblestone_wall":462,"minecraft:shulker_box":2100,"minecraft:oak_wood":34,"minecraft:granite":204,"minecraft:salmon_bucket":3,"minecraft:light_blue_stained_glass":3650,"minecraft:purple_banner":16,"minecraft:birch_door":5,"minecraft:andesite_wall":604,"minecraft:purple_stained_glass_pane":236,"minecraft:stone_brick_slab":6461,"minecraft:dark_oak_planks":258,"minecraft:red_tulip":1,"minecraft:bookshelf":117,"minecraft:yellow_stained_glass":29,"minecraft:light_gray_wool":184,"minecraft:emerald_block":1,"minecraft:golden_carrot":961,"minecraft:white_stained_glass_pane":102,"minecraft:stone_pressure_plate":198,"minecraft:horn_coral_block":80,"minecraft:brain_coral_block":34,"minecraft:cooked_mutton":10,"minecraft:acacia_boat":6,"minecraft:iron_ore":10,"minecraft:glass_bottle":343,"minecraft:polished_andesite":416,"minecraft:blue_wool":279,"minecraft:black_shulker_box":96,"minecraft:magenta_stained_glass":1511,"minecraft:stonecutter":3,"minecraft:beacon":24,"minecraft:cobblestone_slab":545,"minecraft:jungle_wood":4,"minecraft:stripped_dark_oak_log":106,"minecraft:terracotta":8,"minecraft:lime_bed":4,"minecraft:yellow_stained_glass_pane":10,"minecraft:light_gray_concrete_powder":103,"minecraft:painting":52,"minecraft:smoker":4,"minecraft:dark_oak_door":5,"minecraft:purple_stained_glass":225,"minecraft:activator_rail":1,"minecraft:apple":1,"minecraft:fishing_rod":617,"minecraft:green_shulker_box":32,"minecraft:white_banner":25,"minecraft:jungle_door":2821,"minecraft:red_banner":73,"minecraft:bucket":3922,"minecraft:yellow_bed":11,"minecraft:smooth_stone":402,"minecraft:purple_carpet":137,"minecraft:splash_potion":3},"minecraft:crafted":{"minecraft:lime_stained_glass":8,"minecraft:green_banner":10,"minecraft:red_stained_glass_pane":1456,"minecraft:yellow_wool":26,"minecraft:oak_sign":240,"minecraft:melon":21,"minecraft:blaze_powder":2526,"minecraft:birch_boat":22,"minecraft:blue_stained_glass_pane":48,"minecraft:diamond_shovel":5,"minecraft:cracked_stone_bricks":248,"minecraft:gray_wool":147,"minecraft:shulker_box":335,"minecraft:diamond_helmet":8,"minecraft:magenta_concrete_powder":8,"minecraft:beacon":10,"minecraft:light_blue_concrete_powder":128,"minecraft:stone_pressure_plate":520,"minecraft:iron_door":9,"minecraft:dried_kelp_block":21997,"minecraft:black_wool":42,"minecraft:gray_stained_glass":376,"minecraft:lime_concrete_powder":264,"minecraft:name_tag":3,"minecraft:white_shulker_box":4,"minecraft:pink_stained_glass":864,"minecraft:blue_stained_glass":1784,"minecraft:redstone_lamp":8,"minecraft:end_rod":640,"minecraft:jungle_boat":1,"minecraft:polished_andesite_stairs":488,"minecraft:chest_minecart":1,"minecraft:lime_banner":13,"minecraft:smithing_table":64,"minecraft:mossy_cobblestone":128,"minecraft:nether_brick_fence":6,"minecraft:sticky_piston":146,"minecraft:red_nether_bricks":3391,"minecraft:green_stained_glass":392,"minecraft:painting":6,"minecraft:cartography_table":1,"minecraft:stone_brick_stairs":2188,"minecraft:lectern":1,"minecraft:wooden_hoe":1,"minecraft:stone_slab":156,"minecraft:iron_pickaxe":23,"minecraft:sandstone":2992,"minecraft:cyan_wool":1,"minecraft:golden_carrot":1,"minecraft:jukebox":1,"minecraft:orange_shulker_box":1,"minecraft:iron_nugget":2848,"minecraft:red_banner":37,"minecraft:light_gray_wool":1012,"minecraft:jack_o_lantern":210,"minecraft:blue_shulker_box":15,"minecraft:prismarine_brick_stairs":72,"minecraft:spruce_fence":45,"minecraft:stone_stairs":88,"minecraft:lantern":356,"minecraft:spruce_stairs":656,"minecraft:light_gray_shulker_box":1,"minecraft:polished_diorite":100,"minecraft:black_concrete_powder":208,"minecraft:red_shulker_box":3,"minecraft:stone_pickaxe":5,"minecraft:quartz_slab":656,"minecraft:spruce_boat":1,"minecraft:purple_carpet":198,"minecraft:enchanting_table":2,"minecraft:light_blue_wool":1,"minecraft:yellow_stained_glass_pane":16,"minecraft:leather_helmet":32,"minecraft:dark_oak_button":33,"minecraft:red_carpet":210,"minecraft:enchanted_book":74,"minecraft:orange_dye":147,"minecraft:oak_fence_gate":19,"minecraft:red_stained_glass":1880,"minecraft:fermented_spider_eye":8,"minecraft:birch_trapdoor":966,"minecraft:writable_book":51,"minecraft:iron_shovel":3,"minecraft:armor_stand":38,"minecraft:note_block":64,"minecraft:pink_terracotta":8,"minecraft:cobblestone_slab":600,"minecraft:barrel":49,"minecraft:cooked_chicken":17,"minecraft:stone":3854,"minecraft:snow":240,"minecraft:stone_brick_slab":2614,"minecraft:brown_stained_glass":8,"minecraft:nether_brick_wall":30,"minecraft:orange_stained_glass_pane":112,"minecraft:bow":204,"minecraft:purpur_pillar":7,"minecraft:comparator":207,"minecraft:chest":2929,"minecraft:rail":3936,"minecraft:blue_concrete_powder":3336,"minecraft:birch_button":119,"minecraft:red_nether_brick_slab":42,"minecraft:ender_eye":51,"minecraft:stone_bricks":10008,"minecraft:oak_fence":156,"minecraft:sea_lantern":539,"minecraft:white_banner":18,"minecraft:dropper":151,"minecraft:cauldron":153,"minecraft:lime_terracotta":8,"minecraft:iron_helmet":117,"minecraft:birch_pressure_plate":73,"minecraft:red_wool":411,"minecraft:white_stained_glass_pane":144,"minecraft:dispenser":190,"minecraft:prismarine_brick_slab":72,"minecraft:tnt":5921,"minecraft:spruce_trapdoor":8,"minecraft:pink_wool":1,"minecraft:purple_dye":728,"minecraft:yellow_dye":161,"minecraft:gray_terracotta":8,"minecraft:stick":9300,"minecraft:iron_ingot":28683,"minecraft:andesite_stairs":8,"minecraft:light_blue_shulker_box":1,"minecraft:light_blue_stained_glass":3192,"minecraft:lime_carpet":9,"minecraft:cyan_carpet":6,"minecraft:blue_terracotta":928,"minecraft:oak_door":81,"minecraft:nether_brick_slab":82,"minecraft:tripwire_hook":62,"minecraft:stone_brick_wall":126,"minecraft:fishing_rod":4,"minecraft:leather_boots":46,"minecraft:spruce_button":9,"minecraft:mossy_stone_bricks":576,"minecraft:furnace":738,"minecraft:blast_furnace":64,"minecraft:piston":869,"minecraft:magenta_stained_glass_pane":208,"minecraft:polished_andesite_slab":30,"minecraft:oak_trapdoor":162,"minecraft:flint_and_steel":43,"minecraft:scaffolding":592,"minecraft:white_concrete_powder":1600,"minecraft:orange_terracotta":8,"minecraft:cobblestone_wall":380,"minecraft:brown_shulker_box":1,"minecraft:birch_sign":6,"minecraft:glistering_melon_slice":3,"minecraft:magma_cream":32,"minecraft:purple_terracotta":8,"minecraft:light_blue_stained_glass_pane":16,"minecraft:purple_stained_glass":592,"minecraft:iron_trapdoor":1254,"minecraft:purple_shulker_box":3,"minecraft:iron_sword":15,"minecraft:black_banner":61,"minecraft:jungle_planks":3880,"minecraft:jungle_door":1920,"minecraft:white_dye":389,"minecraft:brown_concrete_powder":8,"minecraft:black_carpet":21,"minecraft:blue_wool":96,"minecraft:anvil":86,"minecraft:stonecutter":2,"minecraft:orange_bed":3,"minecraft:torch":7080,"minecraft:ender_chest":25,"minecraft:light_gray_concrete_powder":104,"minecraft:smooth_stone":549,"minecraft:cut_sandstone":176,"minecraft:dark_oak_pressure_plate":2,"minecraft:orange_stained_glass":8,"minecraft:dark_oak_wood":45,"minecraft:oak_pressure_plate":1,"minecraft:birch_slab":648,"minecraft:slime_block":741,"minecraft:loom":4,"minecraft:lever":133,"minecraft:bookshelf":39,"minecraft:cooked_mutton":11,"minecraft:iron_bars":3035,"minecraft:red_concrete_powder":2512,"minecraft:magenta_shulker_box":7,"minecraft:quartz_block":1259,"minecraft:glass":19410,"minecraft:light_blue_terracotta":16,"minecraft:repeater":459,"minecraft:diamond_leggings":4,"minecraft:birch_fence_gate":407,"minecraft:birch_door":9,"minecraft:magenta_dye":306,"minecraft:flower_pot":329,"minecraft:glass_bottle":441,"minecraft:emerald":708,"minecraft:smooth_quartz":14,"minecraft:cooked_porkchop":129,"minecraft:diamond_axe":9,"minecraft:prismarine_bricks":143,"minecraft:spruce_door":18,"minecraft:purple_banner":13,"minecraft:oak_wood":51,"minecraft:hay_block":28,"minecraft:campfire":9,"minecraft:tnt_minecart":16,"minecraft:lime_shulker_box":8,"minecraft:lime_bed":3,"minecraft:green_terracotta":16,"minecraft:compass":65,"minecraft:iron_block":73422,"minecraft:gold_ingot":6478,"minecraft:light_gray_dye":1079,"minecraft:fire_charge":6957,"minecraft:spruce_fence_gate":4,"minecraft:birch_stairs":40,"minecraft:packed_ice":139,"minecraft:yellow_concrete_powder":272,"minecraft:stone_shovel":2,"minecraft:smooth_stone_slab":30292,"minecraft:leather_leggings":44,"minecraft:player_head":253,"minecraft:yellow_bed":2,"minecraft:bone_meal":53072,"minecraft:cyan_stained_glass":16,"minecraft:andesite_wall":714,"minecraft:pink_dye":341,"minecraft:white_carpet":45,"minecraft:orange_wool":64,"minecraft:diamond":972,"minecraft:dark_oak_fence":312,"minecraft:detector_rail":396,"minecraft:ladder":203,"minecraft:spruce_slab":504,"minecraft:blue_banner":7,"minecraft:diamond_boots":9,"minecraft:redstone_block":610,"minecraft:dark_oak_planks":4268,"minecraft:wheat":126,"minecraft:coal_block":554,"minecraft:firework_star":397,"minecraft:daylight_detector":21,"minecraft:purple_stained_glass_pane":272,"minecraft:crossbow":34,"minecraft:dried_kelp":12268,"minecraft:magenta_stained_glass":1960,"minecraft:red_bed":3,"minecraft:blue_bed":2,"minecraft:polished_granite":8,"minecraft:gray_concrete_powder":272,"minecraft:sandstone_slab":6520,"minecraft:conduit":2,"minecraft:glowstone":1,"minecraft:white_stained_glass":752,"minecraft:green_stained_glass_pane":624,"minecraft:jungle_slab":30,"minecraft:golden_apple":108,"minecraft:gray_shulker_box":2,"minecraft:cyan_shulker_box":2,"minecraft:oak_stairs":1056,"minecraft:wooden_axe":1,"minecraft:iron_leggings":12,"minecraft:white_bed":17,"minecraft:lime_wool":64,"minecraft:nether_brick_stairs":40,"minecraft:blue_carpet":192,"minecraft:brick":1579,"minecraft:oak_planks":14882,"minecraft:dark_oak_boat":2,"minecraft:pink_shulker_box":1,"minecraft:cobblestone_stairs":144,"minecraft:spruce_pressure_plate":1,"minecraft:purpur_stairs":16,"minecraft:green_dye":8491,"minecraft:dark_oak_door":6,"minecraft:hopper":1724,"minecraft:iron_boots":9,"minecraft:written_book":40,"minecraft:cyan_terracotta":1488,"minecraft:chiseled_stone_bricks":502,"minecraft:yellow_banner":3,"minecraft:stone_hoe":1,"minecraft:smoker":2,"minecraft:quartz_stairs":504,"minecraft:item_frame":109,"minecraft:oak_slab":810,"minecraft:map":16,"minecraft:crafting_table":86,"minecraft:spruce_planks":8516,"minecraft:wooden_pickaxe":1,"minecraft:baked_potato":1202,"minecraft:gold_block":733,"minecraft:hopper_minecart":67,"minecraft:brewing_stand":10,"minecraft:birch_planks":15008,"minecraft:black_shulker_box":1,"minecraft:charcoal":67,"minecraft:iron_chestplate":9,"minecraft:dark_oak_slab":628,"minecraft:book":309,"minecraft:paper":87808,"minecraft:diamond_pickaxe":40,"minecraft:emerald_block":8,"minecraft:shield":11,"minecraft:birch_fence":144,"minecraft:light_blue_dye":612,"minecraft:leather_chestplate":67,"minecraft:stone_sword":1,"minecraft:snow_block":835,"minecraft:green_shulker_box":4,"minecraft:redstone_torch":1852,"minecraft:gray_carpet":273,"minecraft:light_gray_carpet":738,"minecraft:sponge":55,"minecraft:shears":66,"minecraft:light_gray_stained_glass_pane":960,"minecraft:green_carpet":9,"minecraft:sandstone_stairs":408,"minecraft:polished_andesite":852,"minecraft:coarse_dirt":252,"minecraft:wooden_sword":1,"minecraft:purple_wool":133,"minecraft:cookie":64,"minecraft:redstone":7407,"minecraft:coal":2412,"minecraft:light_gray_stained_glass":256,"minecraft:popped_chorus_fruit":564,"minecraft:stone_button":266,"minecraft:dark_oak_trapdoor":68,"minecraft:gray_dye":276,"minecraft:dark_oak_sign":12,"minecraft:end_stone_bricks":228,"minecraft:diamond_block":424,"minecraft:glass_pane":704,"minecraft:blue_ice":402,"minecraft:yellow_shulker_box":1,"minecraft:black_terracotta":16,"minecraft:green_concrete_powder":8,"minecraft:iron_axe":6,"minecraft:iron_hoe":8,"minecraft:slime_ball":90,"minecraft:orange_concrete_powder":8,"minecraft:lime_dye":356,"minecraft:gray_banner":3,"minecraft:chiseled_sandstone":250,"minecraft:orange_banner":10,"minecraft:minecart":239,"minecraft:observer":223,"minecraft:cooked_beef":198,"minecraft:sugar":158,"minecraft:red_dye":1465,"minecraft:cyan_concrete_powder":8,"minecraft:bone_block":4035,"minecraft:diamond_sword":2,"minecraft:cyan_dye":308,"minecraft:spruce_sign":6,"minecraft:dark_oak_stairs":160,"minecraft:pink_concrete_powder":8,"minecraft:powered_rail":1662,"minecraft:activator_rail":6,"minecraft:yellow_carpet":9,"minecraft:smooth_sandstone":2654,"minecraft:bucket":136,"minecraft:stone_axe":1,"minecraft:brown_terracotta":8,"minecraft:mossy_cobblestone_wall":102,"minecraft:air":0,"minecraft:bread":83,"minecraft:blue_dye":759,"minecraft:oak_boat":29,"minecraft:magenta_terracotta":16,"minecraft:white_wool":5108,"minecraft:gold_nugget":36,"minecraft:green_wool":64,"minecraft:nether_wart_block":65,"minecraft:pumpkin_pie":22,"minecraft:acacia_planks":4,"minecraft:end_crystal":11,"minecraft:purple_concrete_powder":3984,"minecraft:lapis_block":252,"minecraft:lapis_lazuli":549,"minecraft:clay":1,"minecraft:trapped_chest":1,"minecraft:firework_rocket":253292},"minecraft:killed_by":{"minecraft:magma_cube":1,"minecraft:zombie":1,"minecraft:zombie_pigman":1,"minecraft:ender_dragon":3,"minecraft:wither_skeleton":1,"minecraft:creeper":10,"minecraft:player":3,"minecraft:enderman":1,"minecraft:iron_golem":1,"minecraft:phantom":3},"minecraft:picked_up":{"minecraft:suspicious_stew":4,"minecraft:smithing_table":8,"minecraft:lead":15,"minecraft:stone_slab":155,"minecraft:enchanted_book":20,"minecraft:purple_shulker_box":42,"minecraft:blue_concrete":1966,"minecraft:string":2295,"minecraft:dark_oak_pressure_plate":1,"minecraft:pufferfish":60,"minecraft:diamond_leggings":50,"minecraft:horn_coral_block":23,"minecraft:diamond_ore":156,"minecraft:spruce_pressure_plate":1,"minecraft:acacia_log":17,"minecraft:cyan_stained_glass":22,"minecraft:purpur_pillar":189,"minecraft:golden_chestplate":15,"minecraft:gray_shulker_box":180,"minecraft:green_terracotta":10,"minecraft:cauldron":43,"minecraft:brown_carpet":10,"minecraft:orange_bed":1,"minecraft:stone_sword":43,"minecraft:lime_carpet":2,"minecraft:carved_pumpkin":1967,"minecraft:red_tulip":38,"minecraft:glowstone":546,"minecraft:bookshelf":97,"minecraft:end_rod":615,"minecraft:white_terracotta":2282,"minecraft:blaze_rod":755,"minecraft:iron_bars":799,"minecraft:snowball":3984,"minecraft:cooked_beef":3826,"minecraft:feather":139,"minecraft:water_bucket":48,"minecraft:brown_wool":33,"minecraft:dark_oak_boat":4,"minecraft:flint":2967,"minecraft:purple_stained_glass":178,"minecraft:lantern":121,"minecraft:gray_concrete_powder":16,"minecraft:purple_carpet":12,"minecraft:stonecutter":1,"minecraft:dark_oak_sign":13,"minecraft:diamond_helmet":39,"minecraft:rabbit":4,"minecraft:lime_terracotta":3,"minecraft:birch_fence_gate":41,"minecraft:stripped_spruce_log":16,"minecraft:iron_hoe":3,"minecraft:polished_andesite":136,"minecraft:blue_terracotta":635,"minecraft:lever":159,"minecraft:granite":13125,"minecraft:spruce_button":3,"minecraft:golden_horse_armor":12,"minecraft:cyan_dye":75,"minecraft:jack_o_lantern":11,"minecraft:light_gray_carpet":217,"minecraft:diamond_pickaxe":76,"minecraft:clay_ball":1110,"minecraft:leather_leggings":28,"minecraft:redstone_lamp":13,"minecraft:dragon_head":2,"minecraft:purpur_block":408,"minecraft:cornflower":17,"minecraft:elytra":75,"minecraft:flint_and_steel":30,"minecraft:white_carpet":10,"minecraft:white_stained_glass":40,"minecraft:iron_shovel":25,"minecraft:glass_pane":139,"minecraft:poppy":41556,"minecraft:spruce_slab":196,"minecraft:minecart":210,"minecraft:birch_sapling":263,"minecraft:piston":330,"minecraft:lime_shulker_box":310,"minecraft:black_stained_glass":10,"minecraft:stone":121128,"minecraft:fire_charge":180,"minecraft:cyan_shulker_box":249,"minecraft:jungle_sign":2,"minecraft:stone_shovel":1,"minecraft:diamond_chestplate":21,"minecraft:purpur_slab":47,"minecraft:yellow_terracotta":683,"minecraft:totem_of_undying":3,"minecraft:mutton":22,"minecraft:rail":902,"minecraft:bone_block":609,"minecraft:emerald_ore":11,"minecraft:oxeye_daisy":92,"minecraft:lime_bed":1,"minecraft:birch_leaves":162,"minecraft:yellow_shulker_box":142,"minecraft:tripwire_hook":102,"minecraft:jungle_fence":3,"minecraft:purpur_stairs":26,"minecraft:lily_pad":10,"minecraft:paper":1506,"minecraft:apple":22,"minecraft:yellow_stained_glass":61,"minecraft:pufferfish_bucket":2,"minecraft:oak_fence_gate":2,"minecraft:stone_pickaxe":4,"minecraft:iron_ore":3486,"minecraft:magenta_stained_glass":379,"minecraft:dark_oak_stairs":118,"minecraft:polished_andesite_stairs":40,"minecraft:milk_bucket":1,"minecraft:light_gray_stained_glass":141,"minecraft:sweet_berries":3,"minecraft:red_wool":102,"minecraft:lime_concrete":53,"minecraft:light_blue_stained_glass":385,"minecraft:dragon_egg":4,"minecraft:leather_helmet":30,"minecraft:oak_wood":7,"minecraft:diamond_shovel":49,"minecraft:coal_ore":2903,"minecraft:slime_ball":2645,"minecraft:painting":49,"minecraft:birch_sign":4,"minecraft:red_nether_brick_slab":4,"minecraft:baked_potato":539,"minecraft:hopper":308,"minecraft:black_carpet":7,"minecraft:light_blue_concrete":155,"minecraft:ender_chest":755,"minecraft:nether_brick_fence":171,"minecraft:yellow_wool":23,"minecraft:stone_brick_stairs":853,"minecraft:lapis_block":89,"minecraft:purple_banner":4,"minecraft:smooth_stone":405,"minecraft:comparator":231,"minecraft:bucket":35,"minecraft:red_dye":24,"minecraft:white_tulip":46,"minecraft:rose_bush":21,"minecraft:cobblestone_slab":179,"minecraft:ender_eye":5,"minecraft:iron_pickaxe":21,"minecraft:smooth_quartz":1,"minecraft:blue_wool":121,"minecraft:birch_trapdoor":111,"minecraft:spruce_stairs":27,"minecraft:diorite":12931,"minecraft:vine":1175,"minecraft:andesite_wall":20,"minecraft:rotten_flesh":5784,"minecraft:brown_shulker_box":226,"minecraft:chorus_flower":14,"minecraft:obsidian":1153,"minecraft:blaze_powder":83,"minecraft:cobblestone":93905,"minecraft:enchanting_table":7,"minecraft:leather_chestplate":29,"minecraft:lilac":5,"minecraft:repeater":532,"minecraft:andesite":15744,"minecraft:black_bed":2,"minecraft:golden_leggings":15,"minecraft:beacon":16,"minecraft:potato":2370,"minecraft:prismarine_bricks":777,"minecraft:dirt":27270,"minecraft:stripped_birch_log":29,"minecraft:name_tag":46,"minecraft:glass":4892,"minecraft:bone":2459,"minecraft:acacia_planks":2,"minecraft:bow":103,"minecraft:wheat_seeds":8377,"minecraft:orange_tulip":78,"minecraft:popped_chorus_fruit":108,"minecraft:purple_stained_glass_pane":56,"minecraft:mossy_stone_bricks":127,"minecraft:cyan_concrete":13,"minecraft:prismarine":88,"minecraft:diorite_wall":2,"minecraft:light_blue_shulker_box":85,"minecraft:melon":6,"minecraft:nether_brick_stairs":20,"minecraft:grass_block":1909,"minecraft:diamond_block":61,"minecraft:mossy_cobblestone":63,"minecraft:light_gray_terracotta":982,"minecraft:sugar":5,"minecraft:yellow_carpet":2,"minecraft:slime_block":179,"minecraft:yellow_stained_glass_pane":4,"minecraft:crossbow":3,"minecraft:bone_meal":921,"minecraft:grass":5,"minecraft:golden_apple":50,"minecraft:spruce_sign":13,"minecraft:emerald":86,"minecraft:netherrack":17434,"minecraft:chorus_fruit":1293,"minecraft:oak_leaves":3671,"minecraft:azure_bluet":40,"minecraft:splash_potion":5,"minecraft:ladder":85,"minecraft:brown_mushroom":29,"minecraft:packed_ice":4693,"minecraft:stone_brick_wall":56,"minecraft:shield":7,"minecraft:orange_stained_glass":141,"minecraft:oak_trapdoor":72,"minecraft:end_stone_brick_wall":17,"minecraft:birch_fence":20,"minecraft:magenta_wool":29,"minecraft:lime_wool":43,"minecraft:end_stone":1134,"minecraft:note_block":81,"minecraft:brown_concrete_powder":23,"minecraft:cookie":30,"minecraft:trident":23,"minecraft:light_gray_stained_glass_pane":361,"minecraft:stone_pressure_plate":109,"minecraft:purple_terracotta":15,"minecraft:blue_concrete_powder":2561,"minecraft:red_shulker_box":353,"minecraft:pumpkin_pie":14,"minecraft:nether_bricks":8002,"minecraft:stripped_dark_oak_wood":6,"minecraft:pink_tulip":12,"minecraft:black_banner":17,"minecraft:nether_brick_wall":1,"minecraft:jungle_boat":6,"minecraft:dark_oak_button":9,"minecraft:golden_carrot":232,"minecraft:leather":2337,"minecraft:ice":1939,"minecraft:chainmail_chestplate":8,"minecraft:yellow_bed":12,"minecraft:cobblestone_wall":209,"minecraft:gunpowder":2671,"minecraft:orange_terracotta":3,"minecraft:red_carpet":52,"minecraft:gray_carpet":63,"minecraft:acacia_trapdoor":6,"minecraft:rabbit_hide":11,"minecraft:spruce_wood":4,"minecraft:iron_ingot":576743,"minecraft:cooked_chicken":96,"minecraft:prismarine_brick_slab":76,"minecraft:polished_andesite_slab":11,"minecraft:tropical_fish_bucket":4,"minecraft:nether_quartz_ore":2814,"minecraft:emerald_block":2,"minecraft:stone_brick_slab":1459,"minecraft:quartz":6002,"minecraft:dandelion":252,"minecraft:lava_bucket":23,"minecraft:green_stained_glass":4,"minecraft:red_banner":56,"minecraft:nether_brick_slab":30,"minecraft:spruce_door":16,"minecraft:brick_slab":11,"minecraft:light_blue_concrete_powder":31,"minecraft:pumpkin_seeds":7885,"minecraft:white_concrete_powder":1328,"minecraft:chainmail_leggings":4,"minecraft:terracotta":225,"minecraft:damaged_anvil":8,"minecraft:dark_oak_wood":2,"minecraft:birch_door":3,"minecraft:iron_chestplate":29,"minecraft:chainmail_boots":4,"minecraft:flower_pot":53,"minecraft:anvil":37,"minecraft:prismarine_shard":5249,"minecraft:diamond_sword":56,"minecraft:oak_stairs":531,"minecraft:wither_rose":1,"minecraft:birch_button":152,"minecraft:brewing_stand":9,"minecraft:golden_sword":16,"minecraft:dark_oak_trapdoor":24,"minecraft:red_nether_bricks":732,"minecraft:blue_stained_glass_pane":4,"minecraft:beetroot":88,"minecraft:gold_nugget":49,"minecraft:spruce_planks":336,"minecraft:written_book":104,"minecraft:melon_slice":33,"minecraft:coal_block":350,"minecraft:dark_oak_door":1,"minecraft:golden_helmet":12,"minecraft:rabbit_foot":3,"minecraft:tropical_fish":10,"minecraft:iron_block":3173,"minecraft:cyan_terracotta":1076,"minecraft:birch_log":4074,"minecraft:magma_block":1410,"minecraft:iron_door":6,"minecraft:birch_slab":53,"minecraft:jungle_log":154,"minecraft:acacia_leaves":3,"minecraft:jungle_wood":22,"minecraft:smoker":2,"minecraft:map":11,"minecraft:gray_concrete":150,"minecraft:light_gray_concrete_powder":71,"minecraft:chipped_anvil":10,"minecraft:gray_terracotta":28,"minecraft:glowstone_dust":157,"minecraft:dropper":83,"minecraft:ink_sac":163,"minecraft:loom":3,"minecraft:trapped_chest":1,"minecraft:dark_oak_log":350,"minecraft:red_terracotta":961,"minecraft:barrel":23,"minecraft:dispenser":227,"minecraft:black_concrete_powder":154,"minecraft:green_concrete":8,"minecraft:writable_book":5,"minecraft:blue_ice":327,"minecraft:chainmail_helmet":4,"minecraft:bread":230,"minecraft:dark_oak_fence":94,"minecraft:bricks":6,"minecraft:spruce_leaves":318,"minecraft:lime_stained_glass_pane":72,"minecraft:crafting_table":143,"minecraft:coarse_dirt":43,"minecraft:bubble_coral_fan":1,"minecraft:sandstone_slab":659,"minecraft:purple_wool":90,"minecraft:nether_wart":1226,"minecraft:orange_stained_glass_pane":11,"minecraft:orange_banner":1,"minecraft:dead_horn_coral_block":2,"minecraft:jungle_trapdoor":5,"minecraft:red_bed":1,"minecraft:snow":963,"minecraft:cracked_stone_bricks":97,"minecraft:beef":611,"minecraft:cyan_wool":307,"minecraft:iron_nugget":10,"minecraft:quartz_stairs":153,"minecraft:chest":1193,"minecraft:egg":301,"minecraft:sandstone":333,"minecraft:oak_door":151,"minecraft:spruce_fence":24,"minecraft:cake":1,"minecraft:carrot":642,"minecraft:redstone":8466,"minecraft:mushroom_stem":4,"minecraft:prismarine_crystals":2329,"minecraft:blue_carpet":25,"minecraft:tnt":860,"minecraft:cooked_cod":7,"minecraft:beetroot_seeds":302,"minecraft:tube_coral_fan":1,"minecraft:shears":9,"minecraft:diamond_boots":39,"minecraft:sandstone_stairs":90,"minecraft:tube_coral_block":24,"minecraft:gold_ingot":600,"minecraft:white_shulker_box":555,"minecraft:white_wool":1210,"minecraft:lapis_ore":335,"minecraft:stripped_oak_log":85,"minecraft:red_mushroom":3,"minecraft:filled_map":75,"minecraft:brown_concrete":7,"minecraft:oak_log":1479,"minecraft:golden_boots":13,"minecraft:white_banner":22,"minecraft:birch_pressure_plate":72,"minecraft:stone_bricks":2230,"minecraft:kelp":22038,"minecraft:cobweb":71,"minecraft:glass_bottle":20,"minecraft:iron_sword":20,"minecraft:prismarine_brick_stairs":85,"minecraft:white_stained_glass_pane":188,"minecraft:dark_oak_slab":277,"minecraft:yellow_concrete":142,"minecraft:light_blue_glazed_terracotta":1,"minecraft:gravel":14344,"minecraft:birch_stairs":13,"minecraft:spruce_sapling":2,"minecraft:spruce_log":251,"minecraft:sea_lantern":382,"minecraft:firework_rocket":4585,"minecraft:red_stained_glass":146,"minecraft:purple_glazed_terracotta":3,"minecraft:polished_diorite":15,"minecraft:stone_axe":1,"minecraft:redstone_ore":797,"minecraft:diamond_axe":35,"minecraft:gray_wool":54,"minecraft:oak_button":15,"minecraft:melon_seeds":7,"minecraft:stripped_dark_oak_log":113,"minecraft:ender_pearl":689,"minecraft:shulker_shell":932,"minecraft:wheat":4894,"minecraft:redstone_block":651,"minecraft:iron_trapdoor":313,"minecraft:light_gray_shulker_box":128,"minecraft:green_stained_glass_pane":16,"minecraft:potion":237,"minecraft:brain_coral_block":6,"minecraft:smooth_stone_slab":7022,"minecraft:iron_leggings":21,"minecraft:armor_stand":42,"minecraft:sticky_piston":367,"minecraft:pink_shulker_box":114,"minecraft:oak_sign":357,"minecraft:sea_pickle":3,"minecraft:activator_rail":1,"minecraft:black_shulker_box":97,"minecraft:redstone_torch":680,"minecraft:iron_boots":27,"minecraft:furnace":137,"minecraft:stick":634,"minecraft:orange_shulker_box":230,"minecraft:jungle_door":1471,"minecraft:brown_terracotta":269,"minecraft:oak_fence":185,"minecraft:torch":6780,"minecraft:porkchop":136,"minecraft:snow_block":219,"minecraft:dried_kelp":11349,"minecraft:blue_stained_glass":29,"minecraft:quartz_block":186,"minecraft:cactus":596,"minecraft:green_wool":27,"minecraft:cod":2918,"minecraft:nautilus_shell":16,"minecraft:jungle_pressure_plate":1,"minecraft:magma_cream":87,"minecraft:light_gray_dye":1,"minecraft:wither_skeleton_skull":23,"minecraft:acacia_boat":8,"minecraft:green_shulker_box":32,"minecraft:lapis_lazuli":4599,"minecraft:polished_granite":5,"minecraft:leather_boots":28,"minecraft:powered_rail":574,"minecraft:oak_planks":626,"minecraft:stone_hoe":1,"minecraft:ghast_tear":24,"minecraft:pink_stained_glass":23,"minecraft:pink_concrete":4,"minecraft:black_terracotta":7,"minecraft:cooked_porkchop":15,"minecraft:oak_pressure_plate":3,"minecraft:poisonous_potato":14,"minecraft:jungle_planks":26,"minecraft:sand":82429,"minecraft:chiseled_sandstone":19,"minecraft:shulker_box":2089,"minecraft:orange_wool":1,"minecraft:dark_prismarine":14,"minecraft:light_gray_concrete":311,"minecraft:diamond":518,"minecraft:spruce_boat":31,"minecraft:black_concrete":87,"minecraft:white_concrete":1901,"minecraft:oak_sapling":343,"minecraft:bubble_coral_block":28,"minecraft:nether_star":16,"minecraft:end_stone_bricks":181,"minecraft:fishing_rod":14,"minecraft:cocoa_beans":2301,"minecraft:charcoal":13,"minecraft:allium":45,"minecraft:chicken":114,"minecraft:gold_block":875,"minecraft:diamond_horse_armor":3,"minecraft:stone_stairs":97,"minecraft:iron_axe":2,"minecraft:orange_concrete":2,"minecraft:item_frame":156,"minecraft:quartz_slab":153,"minecraft:cyan_carpet":6,"minecraft:detector_rail":18,"minecraft:mossy_cobblestone_wall":38,"minecraft:andesite_stairs":2,"minecraft:oak_boat":109,"minecraft:player_head":872,"minecraft:observer":146,"minecraft:light_gray_wool":135,"minecraft:blue_shulker_box":312,"minecraft:sugar_cane":1820,"minecraft:spruce_trapdoor":10,"minecraft:phantom_membrane":51,"minecraft:red_stained_glass_pane":161,"minecraft:bowl":2,"minecraft:stone_button":127,"minecraft:magenta_shulker_box":178,"minecraft:iron_horse_armor":7,"minecraft:dark_oak_planks":236,"minecraft:arrow":4221,"minecraft:light_blue_stained_glass_pane":5,"minecraft:jungle_stairs":14,"minecraft:saddle":16,"minecraft:lime_stained_glass":1,"minecraft:wet_sponge":62,"minecraft:salmon":130,"minecraft:cut_sandstone":87,"minecraft:carrot_on_a_stick":3,"minecraft:birch_planks":253,"minecraft:nether_wart_block":19,"minecraft:cobblestone_stairs":32,"minecraft:smooth_sandstone":692,"minecraft:fire_coral_block":5,"minecraft:acacia_sapling":1,"minecraft:soul_sand":866,"minecraft:purple_concrete":1331,"minecraft:green_dye":84,"minecraft:book":216,"minecraft:scaffolding":775,"minecraft:oak_slab":428,"minecraft:red_concrete_powder":1384,"minecraft:birch_boat":203,"minecraft:pumpkin":129,"minecraft:chiseled_stone_bricks":200,"minecraft:magenta_stained_glass_pane":75,"minecraft:blast_furnace":15,"minecraft:white_bed":45,"minecraft:gold_ore":337,"minecraft:green_carpet":4,"minecraft:spider_eye":182,"minecraft:stripped_jungle_log":1,"minecraft:dried_kelp_block":424,"minecraft:campfire":4,"minecraft:iron_helmet":112,"minecraft:black_wool":92,"minecraft:magenta_concrete":3,"minecraft:red_concrete":1080,"minecraft:coal":7434,"minecraft:purple_concrete_powder":3856},"minecraft:mined":{"minecraft:red_nether_brick_slab":4,"minecraft:blue_carpet":25,"minecraft:white_bed":21,"minecraft:red_shulker_box":347,"minecraft:cyan_shulker_box":246,"minecraft:red_nether_bricks":646,"minecraft:granite":14903,"minecraft:acacia_log":17,"minecraft:oak_pressure_plate":2,"minecraft:blue_wool":82,"minecraft:green_concrete":1,"minecraft:oak_wall_sign":183,"minecraft:nether_wart":434,"minecraft:spawner":3,"minecraft:red_stained_glass_pane":150,"minecraft:chorus_flower":7,"minecraft:magma_block":1511,"minecraft:dark_oak_trapdoor":15,"minecraft:barrel":22,"minecraft:nether_brick_stairs":11,"minecraft:spruce_pressure_plate":1,"minecraft:light_gray_concrete":388,"minecraft:spruce_wood":4,"minecraft:pink_tulip":12,"minecraft:white_shulker_box":551,"minecraft:white_banner":3,"minecraft:player_head":248,"minecraft:orange_bed":1,"minecraft:tripwire":52,"minecraft:jungle_trapdoor":5,"minecraft:sandstone_slab":1105,"minecraft:cut_sandstone":114,"minecraft:blue_concrete_powder":1,"minecraft:kelp_plant":1406,"minecraft:smoker":2,"minecraft:torch":1114,"minecraft:note_block":24,"minecraft:dark_oak_wood":2,"minecraft:melon":10,"minecraft:white_stained_glass_pane":69,"minecraft:dead_bush":21,"minecraft:nether_brick_slab":24,"minecraft:spruce_wall_sign":9,"minecraft:tube_coral_fan":1,"minecraft:lime_shulker_box":305,"minecraft:sugar_cane":682,"minecraft:bricks":6,"minecraft:birch_sapling":14,"minecraft:white_terracotta":2298,"minecraft:repeater":246,"minecraft:jungle_wood":2,"minecraft:infested_mossy_stone_bricks":1,"minecraft:grass":625,"minecraft:birch_button":78,"minecraft:smooth_quartz":1,"minecraft:purple_glazed_terracotta":2,"minecraft:dark_prismarine":33,"minecraft:brown_concrete":5,"minecraft:mossy_cobblestone":55,"minecraft:nether_brick_wall":1,"minecraft:dark_oak_log":74,"minecraft:cyan_stained_glass":17,"minecraft:sea_lantern":376,"minecraft:end_stone":725,"minecraft:birch_fence_gate":51,"minecraft:dark_oak_fence":42,"minecraft:spruce_fence":18,"minecraft:redstone_wire":1325,"minecraft:magenta_stained_glass_pane":28,"minecraft:redstone_ore":1791,"minecraft:acacia_trapdoor":6,"minecraft:light_blue_concrete_powder":31,"minecraft:pink_concrete":4,"minecraft:andesite":17962,"minecraft:green_terracotta":10,"minecraft:cyan_concrete":2,"minecraft:cobblestone_slab":143,"minecraft:vine":1223,"minecraft:rail":686,"minecraft:bone_block":142,"minecraft:fire_coral_block":5,"minecraft:ender_chest":715,"minecraft:birch_stairs":12,"minecraft:oak_slab":383,"minecraft:redstone_block":472,"minecraft:glass_pane":102,"minecraft:soul_sand":749,"minecraft:lily_of_the_valley":1,"minecraft:dandelion":238,"minecraft:cornflower":17,"minecraft:campfire":5,"minecraft:potted_oxeye_daisy":2,"minecraft:purpur_pillar":160,"minecraft:green_stained_glass_pane":16,"minecraft:diorite":13920,"minecraft:purple_wool":68,"minecraft:black_stained_glass":10,"minecraft:red_terracotta":945,"minecraft:coarse_dirt":50,"minecraft:trapped_chest":1,"minecraft:cobblestone_wall":91,"minecraft:dark_oak_wall_sign":4,"minecraft:purple_concrete":4767,"minecraft:dark_oak_button":5,"minecraft:gravel":18229,"minecraft:cobweb":114,"minecraft:brown_terracotta":279,"minecraft:birch_sign":1,"minecraft:oak_button":8,"minecraft:stone_bricks":2251,"minecraft:gold_ore":341,"minecraft:chipped_anvil":8,"minecraft:iron_trapdoor":116,"minecraft:fern":1,"minecraft:stone_pressure_plate":90,"minecraft:oak_sapling":3,"minecraft:farmland":88,"minecraft:andesite_stairs":2,"minecraft:orange_stained_glass":14,"minecraft:end_stone_brick_wall":13,"minecraft:orange_wool":1,"minecraft:brewing_stand":8,"minecraft:spruce_trapdoor":10,"minecraft:white_concrete":3217,"minecraft:polished_diorite":16,"minecraft:frosted_ice":1,"minecraft:dragon_head":1,"minecraft:green_stained_glass":6,"minecraft:red_tulip":45,"minecraft:iron_bars":856,"minecraft:spruce_slab":133,"minecraft:brown_shulker_box":227,"minecraft:gray_terracotta":26,"minecraft:quartz_block":193,"minecraft:orange_terracotta":1,"minecraft:purpur_stairs":35,"minecraft:light_gray_terracotta":1062,"minecraft:jungle_stairs":15,"minecraft:mossy_cobblestone_wall":26,"minecraft:beacon":15,"minecraft:nether_quartz_ore":5187,"minecraft:wither_skeleton_wall_skull":9,"minecraft:oak_planks":474,"minecraft:wall_torch":357,"minecraft:cauldron":55,"minecraft:stone_stairs":63,"minecraft:blue_terracotta":302,"minecraft:powered_rail":361,"minecraft:dark_oak_slab":217,"minecraft:blue_ice":353,"minecraft:tnt":165,"minecraft:smooth_stone_slab":5546,"minecraft:oak_log":1369,"minecraft:beetroots":66,"minecraft:moving_piston":1,"minecraft:lime_terracotta":4,"minecraft:dirt":26712,"minecraft:dispenser":161,"minecraft:quartz_stairs":152,"minecraft:red_stained_glass":86,"minecraft:lever":80,"minecraft:ladder":53,"minecraft:purple_terracotta":12,"minecraft:tube_coral_wall_fan":1,"minecraft:stone_button":37,"minecraft:birch_slab":59,"minecraft:spruce_leaves":373,"minecraft:light_gray_shulker_box":127,"minecraft:orange_stained_glass_pane":13,"minecraft:detector_rail":18,"minecraft:gold_block":596,"minecraft:nether_brick_fence":188,"minecraft:bookshelf":159,"minecraft:stripped_oak_log":83,"minecraft:wet_sponge":59,"minecraft:scaffolding":337,"minecraft:acacia_leaves":3,"minecraft:magenta_stained_glass":125,"minecraft:snow_block":54,"minecraft:stripped_dark_oak_log":112,"minecraft:oak_fence":122,"minecraft:lime_carpet":2,"minecraft:stone_slab":212,"minecraft:red_concrete":2825,"minecraft:prismarine_bricks":866,"minecraft:birch_planks":123,"minecraft:black_wall_banner":10,"minecraft:ice":2209,"minecraft:white_wall_banner":16,"minecraft:grass_path":92,"minecraft:black_wool":13,"minecraft:cocoa":203,"minecraft:flower_pot":31,"minecraft:cyan_carpet":6,"minecraft:yellow_concrete":356,"minecraft:purple_shulker_box":41,"minecraft:cracked_stone_bricks":64,"minecraft:mossy_stone_bricks":99,"minecraft:dark_oak_planks":114,"minecraft:light_blue_concrete":153,"minecraft:black_terracotta":7,"minecraft:jungle_leaves":1,"minecraft:obsidian":1070,"minecraft:carved_pumpkin":224,"minecraft:red_sand":3,"minecraft:stone_brick_wall":56,"minecraft:yellow_carpet":2,"minecraft:jungle_log":37,"minecraft:pink_stained_glass":20,"minecraft:coal_block":2,"minecraft:purpur_slab":46,"minecraft:lime_stained_glass":2,"minecraft:bubble_coral_block":31,"minecraft:tube_coral_block":27,"minecraft:hopper":264,"minecraft:oxeye_daisy":86,"minecraft:chiseled_stone_bricks":206,"minecraft:light_blue_stained_glass":361,"minecraft:orange_concrete":2,"minecraft:sticky_piston":160,"minecraft:pumpkin":26,"minecraft:stripped_dark_oak_wood":6,"minecraft:enchanting_table":7,"minecraft:lime_stained_glass_pane":8,"minecraft:oak_sign":25,"minecraft:oak_stairs":470,"minecraft:quartz_slab":143,"minecraft:iron_block":1862,"minecraft:piston_head":14,"minecraft:brown_mushroom":8,"minecraft:player_wall_head":80,"minecraft:blue_stained_glass":44,"minecraft:blast_furnace":25,"minecraft:polished_andesite_stairs":32,"minecraft:glass":3053,"minecraft:damaged_anvil":8,"minecraft:spruce_sign":1,"minecraft:cyan_wool":38,"minecraft:black_concrete_powder":13,"minecraft:light_gray_stained_glass":82,"minecraft:wheat":797,"minecraft:lilac":1,"minecraft:lime_concrete":278,"minecraft:stone_brick_stairs":547,"minecraft:potted_poppy":2,"minecraft:prismarine_brick_stairs":85,"minecraft:oak_fence_gate":1,"minecraft:purple_concrete_powder":1,"minecraft:loom":4,"minecraft:blue_shulker_box":305,"minecraft:stonecutter":1,"minecraft:yellow_stained_glass":4,"minecraft:piston":140,"minecraft:light_blue_stained_glass_pane":5,"minecraft:yellow_terracotta":662,"minecraft:pink_shulker_box":112,"minecraft:light_gray_stained_glass_pane":83,"minecraft:blue_stained_glass_pane":4,"minecraft:stripped_birch_log":29,"minecraft:jack_o_lantern":15,"minecraft:shulker_box":2001,"minecraft:orange_banner":1,"minecraft:nether_bricks":7815,"minecraft:allium":39,"minecraft:jungle_planks":3,"minecraft:orange_shulker_box":228,"minecraft:magenta_concrete":3,"minecraft:lime_wool":3,"minecraft:kelp":533,"minecraft:snow":4411,"minecraft:diamond_block":31,"minecraft:potatoes":747,"minecraft:white_wool":41,"minecraft:smithing_table":8,"minecraft:light_gray_carpet":152,"minecraft:gray_concrete":337,"minecraft:comparator":136,"minecraft:brown_carpet":16,"minecraft:stone_brick_slab":1103,"minecraft:observer":140,"minecraft:smooth_sandstone":545,"minecraft:light_gray_concrete_powder":3,"minecraft:spruce_button":3,"minecraft:emerald_ore":27,"minecraft:dropper":84,"minecraft:purple_stained_glass":32,"minecraft:prismarine_brick_slab":91,"minecraft:white_carpet":14,"minecraft:spruce_log":157,"minecraft:birch_leaves":337,"minecraft:jungle_fence":20,"minecraft:red_wall_banner":40,"minecraft:infested_stone":178,"minecraft:black_shulker_box":96,"minecraft:spruce_planks":17,"minecraft:cobblestone_stairs":25,"minecraft:grass_block":5410,"minecraft:infested_cobblestone":1,"minecraft:blue_concrete":4375,"minecraft:purple_stained_glass_pane":24,"minecraft:sandstone_stairs":95,"minecraft:smooth_stone":155,"minecraft:glowstone":400,"minecraft:iron_ore":3497,"minecraft:black_carpet":7,"minecraft:anvil":35,"minecraft:azure_bluet":30,"minecraft:dark_oak_stairs":68,"minecraft:purple_carpet":11,"minecraft:birch_wall_sign":4,"minecraft:end_stone_bricks":161,"minecraft:brain_coral_block":6,"minecraft:cyan_terracotta":1124,"minecraft:melon_stem":2,"minecraft:clay":329,"minecraft:poppy":242,"minecraft:chest":993,"minecraft:mushroom_stem":4,"minecraft:cobblestone":2144,"minecraft:slime_block":154,"minecraft:prismarine":109,"minecraft:magenta_shulker_box":176,"minecraft:seagrass":348,"minecraft:brown_concrete_powder":23,"minecraft:nether_wart_block":19,"minecraft:birch_log":3575,"minecraft:yellow_wool":6,"minecraft:lapis_block":23,"minecraft:birch_trapdoor":102,"minecraft:activator_rail":1,"minecraft:light_gray_wool":23,"minecraft:orange_tulip":37,"minecraft:purpur_block":344,"minecraft:yellow_stained_glass_pane":4,"minecraft:diorite_wall":2,"minecraft:sand":84066,"minecraft:tripwire_hook":5,"minecraft:wither_skeleton_skull":2,"minecraft:netherrack":20821,"minecraft:oak_leaves":4233,"minecraft:magenta_wool":2,"minecraft:horn_coral_block":24,"minecraft:emerald_block":2,"minecraft:redstone_lamp":13,"minecraft:diamond_ore":234,"minecraft:red_carpet":40,"minecraft:gray_shulker_box":177,"minecraft:dark_oak_pressure_plate":1,"minecraft:black_banner":7,"minecraft:light_blue_glazed_terracotta":1,"minecraft:white_stained_glass":6,"minecraft:polished_andesite_slab":8,"minecraft:sandstone":206,"minecraft:oak_trapdoor":61,"minecraft:red_concrete_powder":4,"minecraft:furnace":134,"minecraft:carrots":98,"minecraft:chiseled_sandstone":21,"minecraft:stripped_spruce_log":15,"minecraft:black_concrete":272,"minecraft:dead_horn_coral_block":2,"minecraft:lantern":62,"minecraft:stripped_jungle_log":1,"minecraft:packed_ice":4781,"minecraft:chorus_plant":78,"minecraft:white_tulip":33,"minecraft:stone":258991,"minecraft:yellow_shulker_box":135,"minecraft:redstone_wall_torch":164,"minecraft:birch_pressure_plate":37,"minecraft:podzol":4,"minecraft:light_blue_shulker_box":85,"minecraft:red_wool":47,"minecraft:infested_stone_bricks":4,"minecraft:red_banner":10,"minecraft:crafting_table":136,"minecraft:purple_wall_banner":3,"minecraft:oak_wood":3,"minecraft:andesite_wall":21,"minecraft:lapis_ore":496,"minecraft:spruce_stairs":19,"minecraft:cactus":82,"minecraft:lime_bed":1,"minecraft:gray_concrete_powder":1,"minecraft:brick_slab":9,"minecraft:green_shulker_box":31,"minecraft:redstone_torch":150,"minecraft:gray_bed":1,"minecraft:yellow_bed":10,"minecraft:coal_ore":6704,"minecraft:end_rod":282,"minecraft:bubble_coral_wall_fan":1,"minecraft:gray_carpet":27,"minecraft:terracotta":246,"minecraft:polished_andesite":89,"minecraft:birch_fence":23},"minecraft:killed":{"minecraft:cod":30,"minecraft:guardian":4345,"minecraft:tropical_fish":1,"minecraft:parrot":1,"minecraft:elder_guardian":5,"minecraft:iron_golem":3,"minecraft:ender_dragon":2,"minecraft:pillager":29,"minecraft:zombie":1905,"minecraft:evoker":1,"minecraft:zombie_pigman":28,"minecraft:vindicator":14,"minecraft:endermite":2,"minecraft:snow_golem":3,"minecraft:husk":46,"minecraft:rabbit":5,"minecraft:witch":14,"minecraft:spider":233,"minecraft:wither":14,"minecraft:silverfish":117,"minecraft:zombie_villager":35,"minecraft:sheep":13,"minecraft:trader_llama":2,"minecraft:ghast":95,"minecraft:slime":1713,"minecraft:drowned":1833,"minecraft:squid":29,"minecraft:wither_skeleton":423,"minecraft:villager":9,"minecraft:cave_spider":5,"minecraft:shulker":326,"minecraft:skeleton":1291,"minecraft:chicken":133,"minecraft:magma_cube":318,"minecraft:cow":851,"minecraft:wandering_trader":1,"minecraft:enderman":97,"minecraft:pig":65,"minecraft:creeper":382,"minecraft:blaze":6906,"minecraft:phantom":79,"minecraft:bat":26},"minecraft:dropped":{"minecraft:iron_sword":21,"minecraft:porkchop":3,"minecraft:lapis_lazuli":63,"minecraft:glass_bottle":49,"minecraft:diamond":73,"minecraft:crafting_table":9,"minecraft:cooked_porkchop":15,"minecraft:cracked_stone_bricks":43,"minecraft:red_mushroom":2,"minecraft:gold_block":51,"minecraft:emerald":26,"minecraft:birch_fence":7,"minecraft:dark_oak_fence":196,"minecraft:dark_oak_trapdoor":4,"minecraft:writable_book":1,"minecraft:gold_nugget":54,"minecraft:sand":950,"minecraft:fishing_rod":22,"minecraft:dark_oak_planks":24,"minecraft:white_wool":233,"minecraft:tropical_fish_bucket":2,"minecraft:stone_axe":1,"minecraft:diamond_block":30,"minecraft:lever":39,"minecraft:iron_nugget":15,"minecraft:cooked_chicken":72,"minecraft:wheat":156,"minecraft:obsidian":30,"minecraft:stripped_dark_oak_log":1,"minecraft:rotten_flesh":14329,"minecraft:oak_planks":220,"minecraft:glowstone_dust":15,"minecraft:azure_bluet":3,"minecraft:nether_brick_fence":66,"minecraft:rabbit_foot":1,"minecraft:blue_stained_glass":12,"minecraft:sea_lantern":75,"minecraft:coal_ore":985,"minecraft:jungle_log":194,"minecraft:leather_boots":29,"minecraft:acacia_sapling":2,"minecraft:leather_leggings":28,"minecraft:painting":1,"minecraft:red_nether_bricks":3,"minecraft:glass":680,"minecraft:beef":84,"minecraft:stone_brick_stairs":513,"minecraft:golden_boots":15,"minecraft:wheat_seeds":8879,"minecraft:light_gray_stained_glass_pane":137,"minecraft:book":14,"minecraft:prismarine_crystals":135,"minecraft:red_stained_glass":3,"minecraft:golden_apple":2,"minecraft:diamond_horse_armor":1,"minecraft:lava_bucket":7,"minecraft:cobweb":3,"minecraft:ink_sac":1,"minecraft:cooked_salmon":4,"minecraft:lapis_ore":45,"minecraft:potion":74,"minecraft:pumpkin":83,"minecraft:jungle_boat":2,"minecraft:red_dye":2,"minecraft:chipped_anvil":3,"minecraft:smooth_stone":77,"minecraft:chainmail_leggings":4,"minecraft:smooth_sandstone":278,"minecraft:lily_pad":8,"minecraft:acacia_planks":2,"minecraft:stone_brick_slab":252,"minecraft:snow_block":118,"minecraft:light_blue_glazed_terracotta":1,"minecraft:player_head":40,"minecraft:sticky_piston":79,"minecraft:stone_shovel":2,"minecraft:white_carpet":17,"minecraft:clay_ball":42,"minecraft:iron_boots":14,"minecraft:damaged_anvil":1,"minecraft:name_tag":8,"minecraft:light_gray_concrete":1,"minecraft:white_terracotta":118,"minecraft:white_shulker_box":3,"minecraft:shears":19,"minecraft:oak_sign":59,"minecraft:suspicious_stew":3,"minecraft:diamond_sword":19,"minecraft:spruce_boat":2,"minecraft:cyan_wool":1,"minecraft:sea_pickle":27,"minecraft:spruce_trapdoor":13,"minecraft:spruce_planks":307,"minecraft:diamond_pickaxe":22,"minecraft:pink_shulker_box":1,"minecraft:popped_chorus_fruit":64,"minecraft:fire_coral_block":1,"minecraft:redstone_torch":197,"minecraft:stone_pressure_plate":110,"minecraft:stone_bricks":304,"minecraft:sandstone":135,"minecraft:bow":45,"minecraft:magma_block":3,"minecraft:brick_slab":3,"minecraft:terracotta":24,"minecraft:blue_shulker_box":1,"minecraft:soul_sand":155,"minecraft:oak_log":70,"minecraft:ender_pearl":68,"minecraft:purple_glazed_terracotta":1,"minecraft:nether_star":5,"minecraft:jungle_fence":3,"minecraft:lime_terracotta":2,"minecraft:leather":305,"minecraft:red_wool":49,"minecraft:prismarine_brick_stairs":1,"minecraft:jungle_planks":31,"minecraft:iron_horse_armor":11,"minecraft:mossy_cobblestone_wall":13,"minecraft:carrot_on_a_stick":1,"minecraft:black_banner":2,"minecraft:birch_slab":18,"minecraft:cod":1784,"minecraft:cobblestone_stairs":4,"minecraft:dark_oak_log":162,"minecraft:packed_ice":220,"minecraft:ice":287,"minecraft:mutton":8,"minecraft:snowball":152,"minecraft:black_shulker_box":1,"minecraft:cauldron":18,"minecraft:gold_ingot":150,"minecraft:magenta_stained_glass":499,"minecraft:purpur_block":106,"minecraft:beetroot":58,"minecraft:cyan_shulker_box":1,"minecraft:birch_fence_gate":8,"minecraft:leather_chestplate":29,"minecraft:trident":14,"minecraft:beetroot_seeds":221,"minecraft:fire_coral_fan":1,"minecraft:stone_brick_wall":8,"minecraft:birch_door":2,"minecraft:iron_ore":1513,"minecraft:birch_button":61,"minecraft:iron_bars":2333,"minecraft:scaffolding":16,"minecraft:polished_granite":10,"minecraft:splash_potion":1,"minecraft:stone_hoe":1,"minecraft:bread":248,"minecraft:golden_helmet":13,"minecraft:jungle_wood":18,"minecraft:tropical_fish":7,"minecraft:spruce_stairs":258,"minecraft:iron_block":733,"minecraft:milk_bucket":3,"minecraft:green_dye":6264,"minecraft:repeater":94,"minecraft:white_concrete":35,"minecraft:melon_slice":64,"minecraft:yellow_shulker_box":1,"minecraft:iron_door":4,"minecraft:jungle_door":1,"minecraft:light_gray_stained_glass":65,"minecraft:cactus":118,"minecraft:tripwire_hook":1,"minecraft:redstone_block":39,"minecraft:chiseled_sandstone":1,"minecraft:polished_diorite":24,"minecraft:kelp":1696,"minecraft:sweet_berries":3,"minecraft:oak_trapdoor":65,"minecraft:light_gray_terracotta":2,"minecraft:birch_pressure_plate":29,"minecraft:comparator":46,"minecraft:stripped_oak_log":1,"minecraft:shulker_box":19,"minecraft:flint_and_steel":15,"minecraft:gray_terracotta":2,"minecraft:oak_button":4,"minecraft:andesite":9638,"minecraft:golden_leggings":13,"minecraft:oak_sapling":13,"minecraft:spruce_log":111,"minecraft:nautilus_shell":2,"minecraft:magma_cream":3,"minecraft:brick":15,"minecraft:clay":1,"minecraft:piston":280,"minecraft:cooked_beef":362,"minecraft:oak_pressure_plate":1,"minecraft:emerald_ore":6,"minecraft:sandstone_stairs":1,"minecraft:orange_tulip":42,"minecraft:cookie":60,"minecraft:dark_oak_button":9,"minecraft:saddle":12,"minecraft:purpur_stairs":14,"minecraft:elytra":12,"minecraft:rail":256,"minecraft:leather_helmet":35,"minecraft:red_carpet":4,"minecraft:item_frame":4,"minecraft:red_shulker_box":2,"minecraft:melon":3,"minecraft:dirt":8479,"minecraft:grass":5,"minecraft:stone_button":72,"minecraft:bone_meal":733,"minecraft:bone_block":60,"minecraft:phantom_membrane":4,"minecraft:sugar":84,"minecraft:iron_pickaxe":16,"minecraft:dark_oak_boat":1,"minecraft:cyan_carpet":5,"minecraft:bone":5368,"minecraft:oak_door":19,"minecraft:note_block":66,"minecraft:sugar_cane":219,"minecraft:golden_chestplate":16,"minecraft:birch_sapling":8,"minecraft:blue_wool":18,"minecraft:end_stone":77,"minecraft:blaze_powder":4,"minecraft:jungle_trapdoor":5,"minecraft:white_bed":4,"minecraft:salmon":110,"minecraft:orange_stained_glass":40,"minecraft:red_stained_glass_pane":1,"minecraft:tipped_arrow":2,"minecraft:hopper":22,"minecraft:ladder":64,"minecraft:spruce_slab":10,"minecraft:end_stone_bricks":33,"minecraft:egg":105,"minecraft:enchanted_book":28,"minecraft:iron_ingot":5070,"minecraft:birch_leaves":31,"minecraft:golden_horse_armor":14,"minecraft:purpur_slab":43,"minecraft:oak_fence":47,"minecraft:iron_helmet":130,"minecraft:feather":78,"minecraft:cobblestone":69083,"minecraft:apple":18,"minecraft:granite":8951,"minecraft:spruce_button":5,"minecraft:spruce_door":7,"minecraft:chainmail_helmet":3,"minecraft:coal":1889,"minecraft:pufferfish":9,"minecraft:polished_andesite":13,"minecraft:end_rod":142,"minecraft:oxeye_daisy":34,"minecraft:dried_kelp_block":1,"minecraft:iron_trapdoor":232,"minecraft:golden_carrot":89,"minecraft:rabbit":2,"minecraft:rose_bush":1,"minecraft:diamond_helmet":13,"minecraft:pufferfish_bucket":2,"minecraft:dried_kelp":1477,"minecraft:iron_shovel":14,"minecraft:paper":661,"minecraft:string":2093,"minecraft:gray_carpet":19,"minecraft:purpur_pillar":22,"minecraft:furnace":10,"minecraft:redstone_ore":101,"minecraft:stone_sword":143,"minecraft:cobblestone_wall":38,"minecraft:smooth_stone_slab":1635,"minecraft:bowl":2,"minecraft:chicken":59,"minecraft:stone_slab":36,"minecraft:slime_block":6,"minecraft:diamond_ore":21,"minecraft:nether_bricks":421,"minecraft:spruce_fence":3,"minecraft:pumpkin_seeds":7400,"minecraft:purple_stained_glass":256,"minecraft:light_blue_dye":56,"minecraft:potato":4225,"minecraft:cobblestone_slab":75,"minecraft:stone":51697,"minecraft:yellow_bed":2,"minecraft:carved_pumpkin":30,"minecraft:spider_eye":187,"minecraft:birch_boat":15,"minecraft:orange_stained_glass_pane":59,"minecraft:red_tulip":2,"minecraft:dark_prismarine":3,"minecraft:quartz_slab":4,"minecraft:gold_ore":71,"minecraft:brown_mushroom":10,"minecraft:birch_planks":99,"minecraft:diamond_axe":9,"minecraft:baked_potato":117,"minecraft:lime_shulker_box":1,"minecraft:sandstone_slab":90,"minecraft:lantern":64,"minecraft:flint":2376,"minecraft:spruce_leaves":3,"minecraft:cyan_terracotta":149,"minecraft:dispenser":2,"minecraft:cooked_cod":2,"minecraft:cut_sandstone":9,"minecraft:white_stained_glass_pane":140,"minecraft:pumpkin_pie":28,"minecraft:birch_log":32,"minecraft:armor_stand":20,"minecraft:gravel":2100,"minecraft:white_tulip":1,"minecraft:yellow_wool":9,"minecraft:lime_wool":14,"minecraft:black_terracotta":8,"minecraft:diamond_shovel":12,"minecraft:stone_stairs":38,"minecraft:carrot":2478,"minecraft:chainmail_chestplate":9,"minecraft:poppy":56750,"minecraft:chiseled_stone_bricks":2,"minecraft:shulker_shell":7,"minecraft:rabbit_hide":2,"minecraft:oak_fence_gate":2,"minecraft:gunpowder":1171,"minecraft:birch_trapdoor":18,"minecraft:melon_seeds":4,"minecraft:glowstone":123,"minecraft:chainmail_boots":4,"minecraft:chest":61,"minecraft:cyan_concrete":63,"minecraft:arrow":10680,"minecraft:gray_shulker_box":1,"minecraft:powered_rail":131,"minecraft:quartz":1,"minecraft:written_book":72,"minecraft:oak_leaves":320,"minecraft:netherrack":5337,"minecraft:firework_rocket":2520,"minecraft:water_bucket":13,"minecraft:oak_slab":68,"minecraft:stripped_spruce_log":3,"minecraft:mossy_cobblestone":26,"minecraft:minecart":64,"minecraft:diamond_leggings":13,"minecraft:poisonous_potato":11,"minecraft:prismarine_shard":1012,"minecraft:lead":1,"minecraft:observer":2,"minecraft:dead_horn_coral_block":2,"minecraft:grass_block":596,"minecraft:stick":510,"minecraft:diorite":9628,"minecraft:brewing_stand":1,"minecraft:light_blue_stained_glass":37,"minecraft:torch":870,"minecraft:brown_wool":1,"minecraft:iron_leggings":15,"minecraft:wither_rose":2,"minecraft:iron_axe":4,"minecraft:bucket":38,"minecraft:music_disc_cat":1,"minecraft:dandelion":6,"minecraft:redstone":421,"minecraft:red_concrete":3,"minecraft:nether_brick_slab":1,"minecraft:anvil":3,"minecraft:ender_chest":10,"minecraft:nether_wart":6,"minecraft:blaze_rod":26,"minecraft:wither_skeleton_skull":1,"minecraft:light_gray_wool":20,"minecraft:iron_hoe":6,"minecraft:ender_eye":3,"minecraft:glass_pane":1,"minecraft:acacia_leaves":3,"minecraft:red_terracotta":65,"minecraft:filled_map":16,"minecraft:snow":82,"minecraft:shield":3,"minecraft:diamond_chestplate":14,"minecraft:orange_terracotta":2,"minecraft:iron_chestplate":22,"minecraft:quartz_stairs":21,"minecraft:mossy_stone_bricks":45,"minecraft:blue_ice":64,"minecraft:oak_boat":14,"minecraft:golden_sword":22,"minecraft:slime_ball":235,"minecraft:diamond_boots":6,"minecraft:stone_pickaxe":4,"minecraft:nether_quartz_ore":39,"minecraft:white_stained_glass":64,"minecraft:light_blue_shulker_box":1},"minecraft:custom":{"minecraft:interact_with_crafting_table":3906,"minecraft:damage_blocked_by_shield":2280,"minecraft:deaths":52,"minecraft:jump":223157,"minecraft:interact_with_smoker":44,"minecraft:inspect_dispenser":1159,"minecraft:horse_one_cm":15020,"minecraft:inspect_dropper":840,"minecraft:inspect_hopper":1809,"minecraft:tune_noteblock":193,"minecraft:time_since_rest":174412,"minecraft:swim_one_cm":8013172,"minecraft:open_chest":24407,"minecraft:open_shulker_box":25490,"minecraft:clean_armor":2,"minecraft:damage_resisted":1639,"minecraft:play_noteblock":27,"minecraft:talked_to_villager":376,"minecraft:interact_with_brewingstand":356,"minecraft:interact_with_beacon":56,"minecraft:fill_cauldron":7,"minecraft:raid_win":1,"minecraft:boat_one_cm":22961937,"minecraft:damage_taken":216140,"minecraft:aviate_one_cm":460961041,"minecraft:open_barrel":784,"minecraft:bell_ring":1,"minecraft:leave_game":941,"minecraft:time_since_death":13012832,"minecraft:enchant_item":159,"minecraft:interact_with_furnace":4520,"minecraft:traded_with_villager":967,"minecraft:sleep_in_bed":1008,"minecraft:damage_dealt":1210445,"minecraft:use_cauldron":62,"minecraft:sneak_time":3742155,"minecraft:interact_with_lectern":16,"minecraft:interact_with_blast_furnace":5,"minecraft:interact_with_stonecutter":80,"minecraft:fly_one_cm":40834969,"minecraft:fish_caught":363,"minecraft:fall_one_cm":4934245,"minecraft:animals_bred":1249,"minecraft:sprint_one_cm":74000586,"minecraft:drop":11846,"minecraft:walk_on_water_one_cm":8616300,"minecraft:play_one_minute":72105890,"minecraft:interact_with_loom":9,"minecraft:open_enderchest":7078,"minecraft:player_kills":3,"minecraft:crouch_one_cm":13528635,"minecraft:mob_kills":82122,"minecraft:climb_one_cm":1025016,"minecraft:walk_one_cm":146451497,"minecraft:walk_under_water_one_cm":24797176,"minecraft:raid_trigger":2,"minecraft:pot_flower":26,"minecraft:damage_absorbed":116,"minecraft:trigger_trapped_chest":82,"minecraft:minecart_one_cm":224717,"minecraft:pig_one_cm":952},"minecraft:broken":{"minecraft:shears":24,"minecraft:diamond_shovel":1,"minecraft:diamond_pickaxe":5,"minecraft:iron_hoe":3,"minecraft:iron_pickaxe":15,"minecraft:iron_shovel":1,"minecraft:stone_pickaxe":2,"minecraft:iron_sword":1,"minecraft:iron_axe":1,"minecraft:iron_helmet":2}},"DataVersion":1976}