{"stats":{"minecraft:mined":{"minecraft:oak_sapling":15,"minecraft:jungle_sapling":27,"minecraft:jungle_leaves":3,"minecraft:dandelion":1,"minecraft:crafting_table":1,"minecraft:cornflower":2,"minecraft:azure_bluet":3,"minecraft:grass":261,"minecraft:jungle_log":14,"minecraft:grass_block":19,"minecraft:oak_sign":3,"minecraft:oak_log":4,"minecraft:poppy":4,"minecraft:vine":3,"minecraft:dirt":16,"minecraft:birch_wall_sign":9,"minecraft:tall_grass":1,"minecraft:birch_sign":7,"minecraft:oak_wall_sign":5,"minecraft:oxeye_daisy":1,"minecraft:oak_leaves":118},"minecraft:dropped":{"minecraft:oak_sign":146},"minecraft:used":{"minecraft:jungle_sapling":167,"minecraft:apple":7,"minecraft:jungle_log":3,"minecraft:oak_sign":77,"minecraft:dirt":23,"minecraft:diamond_sword":14,"minecraft:golden_carrot":29,"minecraft:crafting_table":1,"minecraft:oak_sapling":234,"minecraft:birch_sign":261,"minecraft:bone_meal":1948},"minecraft:picked_up":{"minecraft:crafting_table":1,"minecraft:stick":2,"minecraft:azure_bluet":1,"minecraft:jungle_log":14,"minecraft:dandelion":1,"minecraft:oak_log":4,"minecraft:cornflower":3,"minecraft:dirt":35,"minecraft:arrow":2,"minecraft:bone":3,"minecraft:oak_sign":9,"minecraft:wheat_seeds":72,"minecraft:birch_sign":16,"minecraft:jungle_sapling":28,"minecraft:poppy":3,"minecraft:oak_sapling":18,"minecraft:oak_planks":2,"minecraft:egg":4},"minecraft:custom":{"minecraft:time_since_rest":64987,"minecraft:sprint_one_cm":1003795,"minecraft:open_enderchest":2,"minecraft:damage_taken":587,"minecraft:walk_one_cm":418443,"minecraft:mob_kills":4,"minecraft:drop":10,"minecraft:damage_dealt":726,"minecraft:swim_one_cm":314,"minecraft:talked_to_villager":1,"minecraft:interact_with_crafting_table":7,"minecraft:fly_one_cm":549933,"minecraft:open_chest":125,"minecraft:crouch_one_cm":6097,"minecraft:play_one_minute":230921,"minecraft:open_shulker_box":168,"minecraft:sneak_time":2097,"minecraft:walk_under_water_one_cm":441,"minecraft:jump":3138,"minecraft:leave_game":1,"minecraft:walk_on_water_one_cm":5559,"minecraft:time_since_death":230921,"minecraft:sleep_in_bed":2,"minecraft:climb_one_cm":135,"minecraft:fall_one_cm":61162},"minecraft:killed":{"minecraft:skeleton":3,"minecraft:zombie":1},"minecraft:crafted":{"minecraft:oak_planks":732,"minecraft:oak_sign":320,"minecraft:crafting_table":1,"minecraft:stick":108,"minecraft:bone_meal":1875,"minecraft:birch_planks":280,"minecraft:birch_sign":150,"minecraft:jungle_planks":16}},"DataVersion":1976}