{"stats":{"minecraft:used":{"minecraft:jungle_sapling":33,"minecraft:grass_block":1,"minecraft:jungle_log":26,"minecraft:oak_leaves":57,"minecraft:golden_carrot":1,"minecraft:oak_sapling":57,"minecraft:birch_sign":84,"minecraft:bone_meal":19},"minecraft:crafted":{"minecraft:diamond_sword":1,"minecraft:stick":24,"minecraft:birch_planks":128,"minecraft:birch_sign":60,"minecraft:jungle_planks":4},"minecraft:mined":{"minecraft:oak_sapling":20,"minecraft:jungle_sapling":3,"minecraft:dandelion":1,"minecraft:grass":97,"minecraft:grass_block":7,"minecraft:oak_log":6,"minecraft:jungle_log":11,"minecraft:birch_wall_sign":1,"minecraft:birch_sign":9,"minecraft:oak_leaves":4},"minecraft:custom":{"minecraft:time_since_rest":78169,"minecraft:sprint_one_cm":17979,"minecraft:open_enderchest":1,"minecraft:damage_taken":84,"minecraft:walk_one_cm":432293,"minecraft:drop":47,"minecraft:interact_with_crafting_table":5,"minecraft:fly_one_cm":1848,"minecraft:open_chest":19,"minecraft:crouch_one_cm":1732,"minecraft:play_one_minute":187283,"minecraft:open_shulker_box":51,"minecraft:sneak_time":754,"minecraft:jump":277,"minecraft:leave_game":1,"minecraft:time_since_death":187283,"minecraft:sleep_in_bed":3,"minecraft:fall_one_cm":1591},"minecraft:dropped":{"minecraft:oak_sapling":28,"minecraft:birch_sign":38,"minecraft:bone_meal":16},"minecraft:picked_up":{"minecraft:iron_chestplate":1,"minecraft:jungle_log":11,"minecraft:oak_log":6,"minecraft:grass_block":2,"minecraft:dirt":9,"minecraft:iron_leggings":1,"minecraft:wheat_seeds":11,"minecraft:iron_helmet":1,"minecraft:birch_sign":10,"minecraft:jungle_sapling":10,"minecraft:oak_sapling":21,"minecraft:iron_boots":1,"minecraft:egg":2}},"DataVersion":1976}