{"stats":{"minecraft:custom":{"minecraft:interact_with_crafting_table":2604,"minecraft:deaths":23,"minecraft:jump":195903,"minecraft:interact_with_cartography_table":11,"minecraft:interact_with_smoker":3,"minecraft:inspect_dispenser":103,"minecraft:horse_one_cm":1906809,"minecraft:inspect_dropper":22,"minecraft:inspect_hopper":269,"minecraft:tune_noteblock":337097,"minecraft:time_since_rest":1958,"minecraft:swim_one_cm":479395,"minecraft:open_chest":7091,"minecraft:open_shulker_box":5906,"minecraft:damage_resisted":1148,"minecraft:play_noteblock":1,"minecraft:talked_to_villager":108,"minecraft:interact_with_brewingstand":38,"minecraft:interact_with_beacon":15,"minecraft:fill_cauldron":11,"minecraft:interact_with_campfire":260,"minecraft:boat_one_cm":2845283,"minecraft:damage_taken":39408,"minecraft:aviate_one_cm":24550112,"minecraft:open_barrel":3434,"minecraft:bell_ring":4,"minecraft:eat_cake_slice":7,"minecraft:leave_game":556,"minecraft:time_since_death":1919084,"minecraft:enchant_item":9,"minecraft:interact_with_furnace":1337,"minecraft:traded_with_villager":32,"minecraft:sleep_in_bed":1325,"minecraft:damage_dealt":80174,"minecraft:use_cauldron":3,"minecraft:sneak_time":2310282,"minecraft:interact_with_lectern":32,"minecraft:interact_with_blast_furnace":279,"minecraft:interact_with_stonecutter":989,"minecraft:fly_one_cm":30153539,"minecraft:fish_caught":2610,"minecraft:fall_one_cm":3903896,"minecraft:animals_bred":377,"minecraft:sprint_one_cm":29648633,"minecraft:drop":953,"minecraft:walk_on_water_one_cm":913340,"minecraft:play_one_minute":20263725,"minecraft:interact_with_loom":10,"minecraft:open_enderchest":38,"minecraft:crouch_one_cm":7425231,"minecraft:mob_kills":2736,"minecraft:climb_one_cm":2307760,"minecraft:walk_one_cm":52508266,"minecraft:walk_under_water_one_cm":679562,"minecraft:pot_flower":112,"minecraft:damage_absorbed":160,"minecraft:trigger_trapped_chest":13,"minecraft:minecart_one_cm":46438,"minecraft:pig_one_cm":34632},"minecraft:picked_up":{"minecraft:lead":25,"minecraft:stone_slab":91,"minecraft:enchanted_book":3,"minecraft:blue_concrete":1654,"minecraft:string":77,"minecraft:dark_oak_pressure_plate":2,"minecraft:pufferfish":15,"minecraft:diamond_leggings":5,"minecraft:diamond_ore":5,"minecraft:acacia_log":207,"minecraft:brick_wall":1,"minecraft:golden_chestplate":2,"minecraft:gray_shulker_box":445,"minecraft:green_terracotta":56,"minecraft:cauldron":23,"minecraft:stone_sword":1,"minecraft:red_tulip":25,"minecraft:end_rod":2,"minecraft:white_terracotta":482,"minecraft:iron_bars":94,"minecraft:cooked_beef":1125,"minecraft:feather":22,"minecraft:water_bucket":2,"minecraft:dark_oak_boat":7,"minecraft:flint":38,"minecraft:lantern":76,"minecraft:stonecutter":545,"minecraft:dark_oak_sign":16,"minecraft:diamond_helmet":7,"minecraft:birch_fence_gate":1,"minecraft:stripped_spruce_log":60,"minecraft:polished_andesite":31,"minecraft:lever":52,"minecraft:granite":4737,"minecraft:spruce_button":4,"minecraft:blue_banner":8,"minecraft:light_gray_carpet":21,"minecraft:diamond_pickaxe":7,"minecraft:clay_ball":565,"minecraft:dragon_head":1,"minecraft:heavy_weighted_pressure_plate":3,"minecraft:cornflower":54,"minecraft:elytra":19,"minecraft:white_stained_glass":47,"minecraft:white_carpet":22,"minecraft:iron_shovel":4,"minecraft:glass_pane":34,"minecraft:jungle_sapling":26,"minecraft:poppy":130,"minecraft:spruce_slab":262,"minecraft:minecart":8,"minecraft:birch_sapling":235,"minecraft:piston":23,"minecraft:black_stained_glass":10,"minecraft:stone":432,"minecraft:jungle_fence_gate":8,"minecraft:cyan_shulker_box":1,"minecraft:diamond_chestplate":4,"minecraft:hay_block":3,"minecraft:totem_of_undying":5,"minecraft:rail":79,"minecraft:bone_block":403,"minecraft:oxeye_daisy":29,"minecraft:yellow_shulker_box":255,"minecraft:birch_leaves":117,"minecraft:tripwire_hook":5,"minecraft:jungle_fence":30,"minecraft:fern":306,"minecraft:yellow_dye":2,"minecraft:acacia_wood":7,"minecraft:diorite_stairs":35,"minecraft:paper":146,"minecraft:apple":126,"minecraft:oak_fence_gate":19,"minecraft:iron_ore":2210,"minecraft:gray_bed":182,"minecraft:dark_oak_stairs":687,"minecraft:polished_andesite_stairs":3,"minecraft:sweet_berries":318,"minecraft:green_glazed_terracotta":4,"minecraft:red_wool":253,"minecraft:leather_helmet":4,"minecraft:oak_wood":7,"minecraft:diamond_shovel":2,"minecraft:slime_ball":1411,"minecraft:painting":630,"minecraft:birch_sign":12,"minecraft:baked_potato":45,"minecraft:smooth_quartz_slab":15,"minecraft:hopper":21,"minecraft:light_blue_concrete":61,"minecraft:ender_chest":1,"minecraft:yellow_wool":286,"minecraft:stone_brick_stairs":84,"minecraft:lapis_block":72,"minecraft:smooth_stone":396,"minecraft:comparator":1,"minecraft:bucket":7,"minecraft:red_dye":1,"minecraft:rose_bush":96,"minecraft:cobblestone_slab":157,"minecraft:iron_pickaxe":1,"minecraft:smooth_quartz":2,"minecraft:blue_wool":22,"minecraft:acacia_fence":9,"minecraft:birch_trapdoor":6,"minecraft:spruce_stairs":313,"minecraft:diorite":6285,"minecraft:vine":464,"minecraft:andesite_wall":9,"minecraft:rotten_flesh":227,"minecraft:obsidian":187,"minecraft:cobblestone":68273,"minecraft:enchanting_table":7,"minecraft:leather_chestplate":2,"minecraft:lilac":47,"minecraft:repeater":5,"minecraft:andesite":5820,"minecraft:orange_carpet":1,"minecraft:golden_leggings":3,"minecraft:beacon":8,"minecraft:potato":32,"minecraft:smooth_sandstone_stairs":3,"minecraft:dirt":11940,"minecraft:stripped_birch_log":156,"minecraft:cut_sandstone_slab":5,"minecraft:name_tag":1,"minecraft:glass":39,"minecraft:bone":139,"minecraft:acacia_planks":2,"minecraft:granite_wall":18,"minecraft:bow":14,"minecraft:wheat_seeds":3332,"minecraft:birch_wood":8,"minecraft:grindstone":44,"minecraft:mossy_stone_bricks":41,"minecraft:bamboo":882,"minecraft:diorite_wall":95,"minecraft:black_stained_glass_pane":16,"minecraft:light_blue_shulker_box":1,"minecraft:grass_block":5803,"minecraft:diamond_block":25,"minecraft:jungle_slab":1,"minecraft:mossy_cobblestone":186,"minecraft:jungle_leaves":37,"minecraft:light_gray_terracotta":150,"minecraft:yellow_carpet":7,"minecraft:slime_block":117,"minecraft:crossbow":3,"minecraft:grass":288,"minecraft:bone_meal":110,"minecraft:golden_apple":12,"minecraft:spruce_sign":15,"minecraft:emerald":3,"minecraft:netherrack":7,"minecraft:andesite_slab":15,"minecraft:oak_leaves":2270,"minecraft:azure_bluet":58,"minecraft:ladder":27,"minecraft:brown_mushroom":28,"minecraft:packed_ice":12,"minecraft:stone_brick_wall":58,"minecraft:diorite_slab":12,"minecraft:shield":1,"minecraft:brick":43,"minecraft:oak_trapdoor":169,"minecraft:birch_fence":5,"minecraft:lime_wool":14,"minecraft:note_block":1,"minecraft:brown_concrete_powder":6,"minecraft:trident":2,"minecraft:light_gray_stained_glass_pane":46,"minecraft:stone_pressure_plate":540,"minecraft:red_shulker_box":301,"minecraft:stripped_dark_oak_wood":39,"minecraft:pink_tulip":12,"minecraft:brick_stairs":5,"minecraft:jungle_boat":3,"minecraft:golden_carrot":43,"minecraft:leather":1193,"minecraft:ice":129,"minecraft:granite_stairs":4,"minecraft:yellow_bed":13,"minecraft:gunpowder":122,"minecraft:cobblestone_wall":190,"minecraft:orange_terracotta":3,"minecraft:cooked_mutton":20,"minecraft:red_carpet":5,"minecraft:gray_carpet":8,"minecraft:acacia_trapdoor":1,"minecraft:spruce_wood":24,"minecraft:iron_ingot":125,"minecraft:cooked_chicken":3,"minecraft:emerald_block":4,"minecraft:stone_brick_slab":90,"minecraft:quartz":378,"minecraft:dandelion":89,"minecraft:lava_bucket":7,"minecraft:spruce_door":32,"minecraft:brick_slab":3,"minecraft:polished_diorite_stairs":35,"minecraft:pumpkin_seeds":4,"minecraft:white_concrete_powder":9,"minecraft:chainmail_leggings":2,"minecraft:mossy_cobblestone_stairs":12,"minecraft:terracotta":2204,"minecraft:dark_oak_wood":188,"minecraft:sunflower":77,"minecraft:birch_door":5,"minecraft:seagrass":1,"minecraft:iron_chestplate":2,"minecraft:flower_pot":12,"minecraft:anvil":30,"minecraft:diamond_sword":4,"minecraft:brown_bed":1,"minecraft:oak_stairs":711,"minecraft:brewing_stand":29,"minecraft:dark_oak_trapdoor":108,"minecraft:cooked_salmon":7,"minecraft:gold_nugget":10,"minecraft:spruce_planks":1677,"minecraft:acacia_sign":1,"minecraft:written_book":14,"minecraft:coal_block":131,"minecraft:dark_oak_door":6,"minecraft:golden_helmet":3,"minecraft:white_glazed_terracotta":22,"minecraft:composter":9,"minecraft:black_dye":8,"minecraft:light_gray_bed":56,"minecraft:tropical_fish":1,"minecraft:iron_block":56,"minecraft:cyan_terracotta":447,"minecraft:birch_log":784,"minecraft:mossy_cobblestone_slab":6,"minecraft:magma_block":8,"minecraft:polished_diorite_slab":77,"minecraft:iron_door":5,"minecraft:jungle_log":671,"minecraft:jungle_wood":2,"minecraft:smoker":3,"minecraft:stripped_spruce_wood":30,"minecraft:gray_concrete":144,"minecraft:light_gray_concrete_powder":19,"minecraft:granite_slab":3,"minecraft:ink_sac":194,"minecraft:loom":1,"minecraft:barrel":96,"minecraft:dark_oak_log":8069,"minecraft:red_terracotta":913,"minecraft:stripped_acacia_log":6,"minecraft:dispenser":16,"minecraft:polished_granite_slab":27,"minecraft:blue_ice":6,"minecraft:chainmail_helmet":1,"minecraft:dark_oak_fence":112,"minecraft:bricks":98,"minecraft:spruce_leaves":347,"minecraft:coarse_dirt":719,"minecraft:crafting_table":617,"minecraft:nether_wart":9,"minecraft:jungle_trapdoor":15,"minecraft:red_bed":5,"minecraft:snow":63,"minecraft:cracked_stone_bricks":73,"minecraft:cartography_table":1,"minecraft:beef":157,"minecraft:cyan_wool":132,"minecraft:iron_nugget":34,"minecraft:chest":100,"minecraft:egg":41,"minecraft:sandstone":8,"minecraft:oak_door":18,"minecraft:spruce_fence":123,"minecraft:carrot":782,"minecraft:redstone":10684,"minecraft:prismarine_crystals":5,"minecraft:blue_carpet":11,"minecraft:tnt":8,"minecraft:polished_granite_stairs":123,"minecraft:peony":39,"minecraft:shears":7,"minecraft:diamond_boots":5,"minecraft:gold_ingot":90,"minecraft:white_wool":194,"minecraft:stripped_oak_log":137,"minecraft:red_mushroom":7,"minecraft:filled_map":10,"minecraft:oak_log":1504,"minecraft:golden_boots":2,"minecraft:blue_bed":8,"minecraft:white_banner":4,"minecraft:birch_pressure_plate":26,"minecraft:stone_bricks":413,"minecraft:kelp":835,"minecraft:cobweb":28,"minecraft:glass_bottle":40,"minecraft:white_stained_glass_pane":9,"minecraft:dark_oak_slab":748,"minecraft:yellow_concrete":35,"minecraft:gravel":3636,"minecraft:birch_stairs":2,"minecraft:spruce_sapling":414,"minecraft:spruce_log":3998,"minecraft:sea_lantern":37,"minecraft:firework_rocket":641,"minecraft:polished_diorite":210,"minecraft:stone_axe":1,"minecraft:diamond_axe":2,"minecraft:gray_wool":1,"minecraft:oak_button":1,"minecraft:stripped_dark_oak_log":427,"minecraft:ender_pearl":31,"minecraft:wheat":1075,"minecraft:redstone_block":346,"minecraft:iron_trapdoor":46,"minecraft:light_gray_shulker_box":4,"minecraft:potion":2,"minecraft:smooth_stone_slab":66,"minecraft:iron_leggings":4,"minecraft:armor_stand":9,"minecraft:sticky_piston":9,"minecraft:pink_shulker_box":180,"minecraft:oak_sign":34,"minecraft:sea_pickle":3,"minecraft:dark_oak_leaves":198,"minecraft:redstone_torch":14,"minecraft:furnace":63,"minecraft:iron_boots":1,"minecraft:stick":1199,"minecraft:brown_terracotta":6,"minecraft:oak_fence":113,"minecraft:torch":1253,"minecraft:porkchop":8,"minecraft:dried_kelp":38,"minecraft:yellow_concrete_powder":1,"minecraft:quartz_block":2,"minecraft:cactus":2,"minecraft:leather_horse_armor":1,"minecraft:stripped_birch_wood":27,"minecraft:cod":267,"minecraft:chiseled_quartz_block":5,"minecraft:lapis_lazuli":3539,"minecraft:polished_granite":259,"minecraft:leather_boots":7,"minecraft:oak_planks":652,"minecraft:mossy_stone_brick_stairs":12,"minecraft:cooked_porkchop":11,"minecraft:oak_pressure_plate":3,"minecraft:sand":2162,"minecraft:jungle_planks":32,"minecraft:lily_of_the_valley":37,"minecraft:dead_bush":126,"minecraft:cyan_bed":255,"minecraft:shulker_box":47,"minecraft:orange_wool":5,"minecraft:spruce_fence_gate":26,"minecraft:black_concrete":6,"minecraft:spruce_boat":14,"minecraft:clay":105,"minecraft:diamond":678,"minecraft:white_concrete":264,"minecraft:oak_sapling":459,"minecraft:fishing_rod":1,"minecraft:cocoa_beans":34,"minecraft:charcoal":4,"minecraft:chicken":2,"minecraft:gold_block":386,"minecraft:stone_stairs":34,"minecraft:iron_axe":1,"minecraft:item_frame":31,"minecraft:cyan_carpet":5,"minecraft:mossy_cobblestone_wall":1,"minecraft:andesite_stairs":14,"minecraft:oak_boat":19,"minecraft:player_head":145,"minecraft:observer":8,"minecraft:light_gray_wool":67,"minecraft:lectern":4,"minecraft:sugar_cane":1149,"minecraft:spruce_trapdoor":205,"minecraft:dark_oak_sapling":959,"minecraft:orange_dye":4,"minecraft:bowl":3,"minecraft:quartz_pillar":4,"minecraft:dark_oak_planks":700,"minecraft:smooth_sandstone_slab":5,"minecraft:arrow":174,"minecraft:jungle_stairs":25,"minecraft:saddle":4,"minecraft:salmon":402,"minecraft:birch_planks":127,"minecraft:nether_wart_block":4,"minecraft:cobblestone_stairs":279,"minecraft:podzol":375,"minecraft:smooth_sandstone":144,"minecraft:stripped_oak_wood":6,"minecraft:mossy_stone_brick_wall":5,"minecraft:acacia_sapling":50,"minecraft:soul_sand":2,"minecraft:oak_slab":203,"minecraft:green_dye":128,"minecraft:book":379,"minecraft:scaffolding":8976,"minecraft:pumpkin":95,"minecraft:birch_boat":2,"minecraft:chiseled_stone_bricks":8,"minecraft:blast_furnace":4,"minecraft:white_bed":205,"minecraft:gold_ore":443,"minecraft:dark_oak_fence_gate":53,"minecraft:mossy_stone_brick_slab":7,"minecraft:spider_eye":16,"minecraft:stripped_jungle_log":10,"minecraft:cyan_banner":5,"minecraft:dried_kelp_block":25,"minecraft:campfire":32,"minecraft:iron_helmet":5,"minecraft:stripped_jungle_wood":18,"minecraft:red_concrete":7,"minecraft:coal":8598},"minecraft:crafted":{"minecraft:black_dye":67,"minecraft:oak_sign":24,"minecraft:diamond_shovel":2,"minecraft:gray_wool":20,"minecraft:cracked_stone_bricks":275,"minecraft:white_glazed_terracotta":8,"minecraft:light_blue_concrete_powder":40,"minecraft:stone_pressure_plate":3,"minecraft:cyan_banner":20,"minecraft:dried_kelp_block":42,"minecraft:jungle_boat":1,"minecraft:chest_minecart":1,"minecraft:smithing_table":1,"minecraft:mossy_cobblestone":129,"minecraft:sticky_piston":6,"minecraft:painting":32,"minecraft:stone_brick_stairs":40,"minecraft:lectern":17,"minecraft:golden_leggings":1,"minecraft:stone_slab":6,"minecraft:iron_pickaxe":12,"minecraft:sandstone":425,"minecraft:composter":13,"minecraft:cyan_wool":39,"minecraft:golden_carrot":23,"minecraft:iron_nugget":1347,"minecraft:red_banner":1,"minecraft:spruce_fence":375,"minecraft:stone_stairs":32,"minecraft:lantern":160,"minecraft:spruce_stairs":864,"minecraft:polished_diorite":28,"minecraft:red_shulker_box":1,"minecraft:stone_pickaxe":9,"minecraft:quartz_slab":2,"minecraft:spruce_boat":2,"minecraft:lead":4,"minecraft:enchanting_table":1,"minecraft:cyan_bed":5,"minecraft:acacia_trapdoor":8,"minecraft:leather_helmet":16,"minecraft:dark_oak_button":6,"minecraft:acacia_stairs":8,"minecraft:red_carpet":12,"minecraft:orange_dye":4,"minecraft:oak_fence_gate":40,"minecraft:fermented_spider_eye":1,"minecraft:birch_trapdoor":20,"minecraft:iron_shovel":11,"minecraft:writable_book":11,"minecraft:armor_stand":20,"minecraft:note_block":3,"minecraft:grindstone":24,"minecraft:cobblestone_slab":268,"minecraft:barrel":375,"minecraft:birch_wood":138,"minecraft:stone":5224,"minecraft:heavy_weighted_pressure_plate":6,"minecraft:cake":3,"minecraft:stone_brick_slab":38,"minecraft:bow":12,"minecraft:comparator":69,"minecraft:chest":243,"minecraft:oak_button":2,"minecraft:jungle_stairs":40,"minecraft:rail":16,"minecraft:blue_concrete_powder":1320,"minecraft:bricks":228,"minecraft:birch_button":2,"minecraft:ender_eye":1,"minecraft:stone_bricks":772,"minecraft:oak_fence":12,"minecraft:golden_boots":2,"minecraft:white_banner":22,"minecraft:dropper":1,"minecraft:arrow":4,"minecraft:cauldron":18,"minecraft:brown_dye":1,"minecraft:iron_helmet":2,"minecraft:birch_pressure_plate":5,"minecraft:red_wool":2,"minecraft:white_stained_glass_pane":160,"minecraft:dispenser":11,"minecraft:tnt":4,"minecraft:spruce_trapdoor":810,"minecraft:yellow_dye":24,"minecraft:pink_wool":31,"minecraft:stick":4964,"minecraft:iron_ingot":2838,"minecraft:cyan_carpet":15,"minecraft:dark_oak_fence_gate":402,"minecraft:oak_door":3,"minecraft:stone_brick_wall":24,"minecraft:fishing_rod":14,"minecraft:tripwire_hook":20,"minecraft:leather_boots":24,"minecraft:golden_chestplate":1,"minecraft:spruce_button":4,"minecraft:mossy_stone_bricks":205,"minecraft:furnace":38,"minecraft:blast_furnace":3,"minecraft:piston":15,"minecraft:oak_trapdoor":766,"minecraft:flint_and_steel":2,"minecraft:scaffolding":204,"minecraft:white_concrete_powder":184,"minecraft:polished_granite_stairs":8,"minecraft:cobblestone_wall":60,"minecraft:birch_sign":9,"minecraft:jungle_wood":117,"minecraft:iron_trapdoor":1,"minecraft:diorite_wall":12,"minecraft:iron_sword":2,"minecraft:jungle_planks":1272,"minecraft:jungle_door":3,"minecraft:white_dye":177,"minecraft:stonecutter":6,"minecraft:anvil":8,"minecraft:pink_banner":3,"minecraft:torch":2092,"minecraft:granite_slab":2,"minecraft:diamond_chestplate":1,"minecraft:jungle_button":1,"minecraft:light_gray_concrete_powder":128,"minecraft:smooth_stone":293,"minecraft:jungle_fence_gate":82,"minecraft:dark_oak_pressure_plate":38,"minecraft:orange_carpet":3,"minecraft:pink_bed":3,"minecraft:dark_oak_wood":1149,"minecraft:birch_slab":42,"minecraft:slime_block":96,"minecraft:loom":17,"minecraft:lever":16,"minecraft:bookshelf":53,"minecraft:iron_bars":224,"minecraft:quartz_block":83,"minecraft:glass":156,"minecraft:repeater":2,"minecraft:diamond_leggings":1,"minecraft:birch_fence_gate":6,"minecraft:acacia_fence":3,"minecraft:chiseled_quartz_block":1,"minecraft:magenta_dye":12,"minecraft:gray_bed":2,"minecraft:flower_pot":109,"minecraft:glass_bottle":21,"minecraft:wooden_shovel":3,"minecraft:smooth_quartz":7,"minecraft:diamond_axe":2,"minecraft:spruce_door":69,"minecraft:hay_block":15,"minecraft:oak_wood":84,"minecraft:campfire":71,"minecraft:light_gray_bed":19,"minecraft:green_terracotta":72,"minecraft:compass":6,"minecraft:iron_block":202,"minecraft:white_terracotta":48,"minecraft:gold_ingot":466,"minecraft:light_gray_dye":50,"minecraft:spruce_fence_gate":169,"minecraft:birch_stairs":32,"minecraft:yellow_concrete_powder":32,"minecraft:stone_shovel":3,"minecraft:smooth_stone_slab":6,"minecraft:leather_leggings":18,"minecraft:player_head":34,"minecraft:mossy_cobblestone_stairs":32,"minecraft:yellow_bed":2,"minecraft:bone_meal":1089,"minecraft:pink_dye":34,"minecraft:white_carpet":33,"minecraft:diamond":297,"minecraft:dark_oak_fence":342,"minecraft:detector_rail":6,"minecraft:ladder":69,"minecraft:spruce_slab":1296,"minecraft:redstone_block":1133,"minecraft:jungle_fence":171,"minecraft:dark_oak_planks":10287,"minecraft:golden_helmet":1,"minecraft:coal_block":778,"minecraft:crossbow":1,"minecraft:dried_kelp":365,"minecraft:red_bed":5,"minecraft:blue_bed":1,"minecraft:gray_concrete_powder":256,"minecraft:polished_granite":44,"minecraft:white_stained_glass":432,"minecraft:jungle_slab":24,"minecraft:andesite_slab":102,"minecraft:gray_shulker_box":1,"minecraft:oak_stairs":88,"minecraft:iron_leggings":1,"minecraft:white_bed":2,"minecraft:blue_carpet":78,"minecraft:brick":556,"minecraft:oak_planks":3332,"minecraft:dark_oak_boat":1,"minecraft:mossy_stone_brick_slab":26,"minecraft:cobblestone_stairs":312,"minecraft:spruce_pressure_plate":3,"minecraft:green_dye":509,"minecraft:dark_oak_door":30,"minecraft:hopper":53,"minecraft:iron_boots":1,"minecraft:cyan_terracotta":32,"minecraft:mossy_cobblestone_slab":20,"minecraft:stone_hoe":2,"minecraft:smoker":7,"minecraft:item_frame":99,"minecraft:oak_slab":540,"minecraft:map":6,"minecraft:crafting_table":17,"minecraft:spruce_planks":10148,"minecraft:wooden_pickaxe":1,"minecraft:gold_block":33,"minecraft:hopper_minecart":7,"minecraft:pumpkin_seeds":4,"minecraft:birch_planks":1016,"minecraft:iron_chestplate":1,"minecraft:dark_oak_slab":1746,"minecraft:book":10,"minecraft:paper":84,"minecraft:charcoal":36,"minecraft:shield":1,"minecraft:light_weighted_pressure_plate":3,"minecraft:birch_fence":39,"minecraft:light_blue_dye":6,"minecraft:leather_chestplate":18,"minecraft:stone_sword":2,"minecraft:gray_carpet":54,"minecraft:redstone_torch":218,"minecraft:light_gray_carpet":48,"minecraft:shears":36,"minecraft:green_carpet":15,"minecraft:polished_andesite":44,"minecraft:coarse_dirt":1636,"minecraft:wooden_sword":1,"minecraft:redstone":243,"minecraft:coal":891,"minecraft:stone_button":2,"minecraft:dark_oak_trapdoor":306,"minecraft:jungle_trapdoor":108,"minecraft:gray_dye":104,"minecraft:dark_oak_sign":15,"minecraft:mossy_stone_brick_wall":6,"minecraft:diamond_block":36,"minecraft:glass_pane":144,"minecraft:iron_axe":5,"minecraft:spruce_wood":198,"minecraft:slime_ball":9,"minecraft:minecart":1,"minecraft:observer":4,"minecraft:sugar":72,"minecraft:red_dye":10,"minecraft:bone_block":126,"minecraft:diamond_sword":1,"minecraft:cyan_dye":48,"minecraft:dark_oak_stairs":1928,"minecraft:spruce_sign":15,"minecraft:yellow_carpet":63,"minecraft:smooth_sandstone":358,"minecraft:bucket":7,"minecraft:stone_axe":18,"minecraft:brown_terracotta":8,"minecraft:air":0,"minecraft:bread":6,"minecraft:black_stained_glass":8,"minecraft:blue_dye":29,"minecraft:oak_boat":1,"minecraft:gold_nugget":192,"minecraft:acacia_planks":100,"minecraft:lapis_lazuli":108,"minecraft:lapis_block":375,"minecraft:carrot_on_a_stick":9},"minecraft:broken":{"minecraft:shears":15,"minecraft:fishing_rod":4,"minecraft:leather_helmet":1,"minecraft:chainmail_leggings":1,"minecraft:iron_pickaxe":12,"minecraft:iron_shovel":11,"minecraft:stone_pickaxe":8,"minecraft:stone_axe":18,"minecraft:stone_shovel":3,"minecraft:stone_sword":1,"minecraft:iron_axe":5,"minecraft:golden_helmet":2,"minecraft:leather_chestplate":1,"minecraft:leather_boots":1},"minecraft:used":{"minecraft:writable_book":25,"minecraft:polished_granite_stairs":1335,"minecraft:smooth_quartz_slab":20,"minecraft:dispenser":25,"minecraft:poppy":96,"minecraft:stone":1486,"minecraft:rotten_flesh":5,"minecraft:soul_sand":20,"minecraft:lily_of_the_valley":17,"minecraft:cocoa_beans":11,"minecraft:azure_bluet":22,"minecraft:spruce_boat":14,"minecraft:jungle_sapling":31,"minecraft:packed_ice":1,"minecraft:lava_bucket":6,"minecraft:stripped_dark_oak_wood":35,"minecraft:quartz_pillar":57,"minecraft:jungle_fence_gate":90,"minecraft:red_wool":295,"minecraft:quartz_block":4,"minecraft:dark_oak_leaves":188,"minecraft:dark_oak_slab":1643,"minecraft:diorite_wall":905,"minecraft:bow":1190,"minecraft:oak_sapling":178,"minecraft:acacia_fence":10,"minecraft:mossy_stone_bricks":238,"minecraft:cactus":2,"minecraft:wooden_pickaxe":36,"minecraft:mossy_stone_brick_stairs":15,"minecraft:composter":25,"minecraft:clay":147,"minecraft:jungle_boat":3,"minecraft:cut_sandstone_slab":33,"minecraft:blast_furnace":6,"minecraft:chiseled_quartz_block":28,"minecraft:gray_concrete":202,"minecraft:birch_fence":42,"minecraft:birch_slab":15,"minecraft:white_glazed_terracotta":18,"minecraft:oak_pressure_plate":1,"minecraft:nether_wart_block":10,"minecraft:diamond_sword":751,"minecraft:coal_block":44,"minecraft:smithing_table":1,"minecraft:birch_log":522,"minecraft:oak_boat":15,"minecraft:diorite_slab":91,"minecraft:diorite_stairs":208,"minecraft:oak_trapdoor":905,"minecraft:enchanting_table":6,"minecraft:dead_bush":1,"minecraft:armor_stand":29,"minecraft:light_gray_carpet":65,"minecraft:torch":3038,"minecraft:brewing_stand":16,"minecraft:nether_quartz_ore":4,"minecraft:yellow_carpet":52,"minecraft:oak_fence_gate":45,"minecraft:fern":211,"minecraft:mossy_cobblestone_stairs":46,"minecraft:sea_lantern":43,"minecraft:iron_block":5,"minecraft:light_weighted_pressure_plate":3,"minecraft:jungle_log":82,"minecraft:barrel":479,"minecraft:bamboo":40,"minecraft:podzol":278,"minecraft:wheat_seeds":1074,"minecraft:light_blue_shulker_box":1,"minecraft:birch_planks":755,"minecraft:lead":2,"minecraft:blue_concrete_powder":1320,"minecraft:cauldron":22,"minecraft:spruce_fence_gate":194,"minecraft:diamond_block":3,"minecraft:rail":61,"minecraft:red_bed":4,"minecraft:campfire":121,"minecraft:white_bed":203,"minecraft:spruce_log":761,"minecraft:mushroom_stem":10,"minecraft:diamond_pickaxe":105541,"minecraft:acacia_sign":1,"minecraft:diamond_shovel":20465,"minecraft:oak_button":2,"minecraft:spruce_pressure_plate":3,"minecraft:spruce_trapdoor":1004,"minecraft:spruce_sapling":234,"minecraft:blue_carpet":89,"minecraft:pink_bed":3,"minecraft:green_carpet":12,"minecraft:potion":18,"minecraft:cooked_porkchop":10,"minecraft:andesite_stairs":48,"minecraft:stripped_oak_log":114,"minecraft:dandelion":34,"minecraft:light_gray_stained_glass_pane":2,"minecraft:bone_block":1473,"minecraft:nether_wart":3,"minecraft:stripped_jungle_wood":16,"minecraft:grass":286,"minecraft:mossy_stone_brick_slab":37,"minecraft:green_terracotta":127,"minecraft:spruce_leaves":218,"minecraft:jungle_planks":162,"minecraft:bricks":214,"minecraft:spruce_wood":212,"minecraft:lantern":279,"minecraft:green_wool":2,"minecraft:mossy_cobblestone_slab":35,"minecraft:item_frame":141,"minecraft:birch_button":2,"minecraft:birch_trapdoor":25,"minecraft:written_book":38,"minecraft:jungle_button":1,"minecraft:gold_block":500,"minecraft:dark_oak_sapling":790,"minecraft:end_rod":36,"minecraft:dropper":1,"minecraft:stripped_acacia_log":6,"minecraft:stone_pickaxe":1096,"minecraft:gray_carpet":62,"minecraft:jungle_fence":182,"minecraft:oak_planks":30,"minecraft:polished_diorite_slab":441,"minecraft:sandstone":15,"minecraft:sugar_cane":37,"minecraft:diamond_axe":24625,"minecraft:white_wool":110,"minecraft:light_blue_concrete":55,"minecraft:light_blue_wool":3,"minecraft:yellow_concrete":35,"minecraft:crossbow":1,"minecraft:sticky_piston":8,"minecraft:lever":36,"minecraft:dark_oak_log":3459,"minecraft:bread":15,"minecraft:iron_door":4,"minecraft:light_blue_concrete_powder":40,"minecraft:mossy_cobblestone_wall":3,"minecraft:smooth_stone_slab":165,"minecraft:coarse_dirt":2060,"minecraft:bone_meal":986,"minecraft:rose_bush":93,"minecraft:granite_stairs":14,"minecraft:flint_and_steel":44,"minecraft:redstone":67,"minecraft:stripped_birch_wood":23,"minecraft:stone_hoe":38,"minecraft:cooked_chicken":3,"minecraft:dried_kelp_block":14,"minecraft:dirt":8522,"minecraft:spruce_fence":537,"minecraft:brown_terracotta":9,"minecraft:oak_stairs":189,"minecraft:smooth_sandstone":513,"minecraft:yellow_concrete_powder":33,"minecraft:black_stained_glass":4,"minecraft:dark_oak_pressure_plate":40,"minecraft:cooked_beef":902,"minecraft:turtle_egg":7,"minecraft:mossy_stone_brick_wall":23,"minecraft:pumpkin":6,"minecraft:light_gray_bed":73,"minecraft:cobblestone_stairs":653,"minecraft:baked_potato":32,"minecraft:birch_boat":1,"minecraft:brown_mushroom":7,"minecraft:spruce_sign":18,"minecraft:piston":26,"minecraft:flower_pot":133,"minecraft:detector_rail":1,"minecraft:jungle_stairs":38,"minecraft:stone_slab":325,"minecraft:yellow_wool":277,"minecraft:stone_axe":2358,"minecraft:pink_shulker_box":178,"minecraft:sea_pickle":17,"minecraft:gray_wool":10,"minecraft:birch_stairs":5,"minecraft:peony":16,"minecraft:spruce_slab":1231,"minecraft:ladder":72,"minecraft:chest":285,"minecraft:brick_slab":17,"minecraft:jungle_slab":6,"minecraft:orange_wool":9,"minecraft:acacia_sapling":29,"minecraft:stripped_spruce_log":53,"minecraft:grass_block":4359,"minecraft:birch_sapling":139,"minecraft:polished_andesite_stairs":20,"minecraft:dark_oak_button":6,"minecraft:pink_wool":4,"minecraft:stone_brick_stairs":110,"minecraft:blue_banner":6,"minecraft:snow":23,"minecraft:dark_oak_boat":3,"minecraft:sweet_berries":152,"minecraft:furnace":69,"minecraft:egg":21,"minecraft:potato":11,"minecraft:brown_concrete_powder":3,"minecraft:diorite":4573,"minecraft:spruce_door":99,"minecraft:brick_wall":31,"minecraft:stripped_birch_log":132,"minecraft:acacia_trapdoor":8,"minecraft:oak_leaves":2051,"minecraft:dark_oak_trapdoor":338,"minecraft:sand":60,"minecraft:blue_ice":2,"minecraft:pumpkin_seeds":1,"minecraft:stone_button":2,"minecraft:cyan_carpet":13,"minecraft:lectern":23,"minecraft:red_terracotta":172,"minecraft:polished_granite":1742,"minecraft:diamond_ore":5,"minecraft:lilac":40,"minecraft:polished_andesite_slab":6,"minecraft:dark_oak_fence":425,"minecraft:white_stained_glass":397,"minecraft:ice":7,"minecraft:iron_bars":313,"minecraft:stone_sword":129,"minecraft:acacia_log":115,"minecraft:red_concrete":6,"minecraft:sandstone_wall":36,"minecraft:netherrack":10,"minecraft:green_glazed_terracotta":22,"minecraft:light_gray_shulker_box":3,"minecraft:anvil":18,"minecraft:stone_stairs":282,"minecraft:polished_granite_slab":109,"minecraft:jungle_trapdoor":117,"minecraft:blue_concrete":1581,"minecraft:polished_diorite":1095,"minecraft:red_shulker_box":300,"minecraft:cyan_shulker_box":1,"minecraft:iron_axe":1414,"minecraft:brick_stairs":25,"minecraft:spruce_button":8,"minecraft:slime_block":27,"minecraft:smooth_quartz":3,"minecraft:totem_of_undying":3,"minecraft:tripwire_hook":16,"minecraft:iron_trapdoor":20,"minecraft:acacia_wood":51,"minecraft:observer":8,"minecraft:water_bucket":312,"minecraft:sandstone_stairs":8,"minecraft:yellow_shulker_box":256,"minecraft:lime_wool":91,"minecraft:smooth_sandstone_slab":43,"minecraft:cracked_stone_bricks":398,"minecraft:vine":39,"minecraft:mossy_cobblestone":235,"minecraft:orange_carpet":4,"minecraft:comparator":6,"minecraft:oak_slab":590,"minecraft:crafting_table":624,"minecraft:birch_sign":19,"minecraft:dark_oak_fence_gate":430,"minecraft:cake":3,"minecraft:oak_log":368,"minecraft:cornflower":9,"minecraft:oxeye_daisy":9,"minecraft:stripped_jungle_log":10,"minecraft:iron_pickaxe":3001,"minecraft:chiseled_stone_bricks":49,"minecraft:cobblestone":12778,"minecraft:glass_pane":45,"minecraft:kelp":44,"minecraft:brown_mushroom_block":30,"minecraft:iron_shovel":2745,"minecraft:carrot_on_a_stick":3,"minecraft:oak_sign":42,"minecraft:white_concrete_powder":193,"minecraft:white_terracotta":492,"minecraft:iron_sword":152,"minecraft:player_head":60,"minecraft:smooth_sandstone_stairs":38,"minecraft:birch_pressure_plate":31,"minecraft:carrot":234,"minecraft:cyan_wool":167,"minecraft:glass":20,"minecraft:cyan_terracotta":94,"minecraft:quartz_slab":1,"minecraft:dark_oak_wood":1298,"minecraft:gray_concrete_powder":107,"minecraft:hopper_minecart":7,"minecraft:stone_bricks":684,"minecraft:repeater":7,"minecraft:red_carpet":15,"minecraft:magma_block":11,"minecraft:hay_block":18,"minecraft:scaffolding":9006,"minecraft:gray_bed":182,"minecraft:polished_diorite_stairs":456,"minecraft:large_fern":1,"minecraft:stripped_spruce_wood":22,"minecraft:dark_oak_stairs":2346,"minecraft:birch_leaves":101,"minecraft:dark_oak_sign":15,"minecraft:birch_wood":146,"minecraft:ender_pearl":16,"minecraft:redstone_block":15,"minecraft:blue_bed":9,"minecraft:loom":20,"minecraft:note_block":3,"minecraft:stone_brick_wall":129,"minecraft:shears":4029,"minecraft:redstone_torch":11,"minecraft:firework_rocket":20,"minecraft:birch_fence_gate":7,"minecraft:gray_shulker_box":446,"minecraft:heavy_weighted_pressure_plate":9,"minecraft:cyan_bed":258,"minecraft:string":21,"minecraft:gravel":527,"minecraft:granite_slab":5,"minecraft:stripped_oak_wood":3,"minecraft:grindstone":61,"minecraft:andesite":1817,"minecraft:white_concrete":220,"minecraft:cobweb":32,"minecraft:experience_bottle":16,"minecraft:oak_fence":143,"minecraft:jungle_leaves":67,"minecraft:trident":11,"minecraft:stone_shovel":395,"minecraft:spruce_planks":2828,"minecraft:oak_door":8,"minecraft:white_carpet":35,"minecraft:hopper":66,"minecraft:spruce_stairs":1124,"minecraft:cobblestone_wall":309,"minecraft:shulker_box":45,"minecraft:oak_wood":87,"minecraft:granite":395,"minecraft:andesite_wall":141,"minecraft:birch_door":4,"minecraft:stone_brick_slab":159,"minecraft:dark_oak_planks":4054,"minecraft:bookshelf":116,"minecraft:light_gray_wool":19,"minecraft:golden_carrot":152,"minecraft:emerald_block":1,"minecraft:white_stained_glass_pane":147,"minecraft:cyan_banner":25,"minecraft:stone_pressure_plate":2,"minecraft:granite_wall":340,"minecraft:cooked_mutton":20,"minecraft:iron_ore":40,"minecraft:glass_bottle":36,"minecraft:polished_andesite":307,"minecraft:blue_wool":334,"minecraft:pink_banner":3,"minecraft:andesite_slab":140,"minecraft:beacon":8,"minecraft:stonecutter":546,"minecraft:cobblestone_slab":477,"minecraft:jungle_wood":118,"minecraft:terracotta":240,"minecraft:stripped_dark_oak_log":382,"minecraft:light_gray_concrete_powder":180,"minecraft:painting":221,"minecraft:smoker":10,"minecraft:dark_oak_door":33,"minecraft:acacia_stairs":4,"minecraft:apple":133,"minecraft:map":1,"minecraft:fishing_rod":3335,"minecraft:white_banner":24,"minecraft:jungle_door":1,"minecraft:red_banner":1,"minecraft:bucket":330,"minecraft:yellow_bed":15,"minecraft:splash_potion":24,"minecraft:smooth_stone":345},"minecraft:killed":{"minecraft:salmon":7,"minecraft:pillager":8,"minecraft:zombie":140,"minecraft:witch":1,"minecraft:spider":44,"minecraft:zombie_villager":1,"minecraft:sheep":6,"minecraft:slime":1786,"minecraft:squid":65,"minecraft:skeleton":74,"minecraft:chicken":6,"minecraft:cow":367,"minecraft:horse":1,"minecraft:pig":8,"minecraft:creeper":70,"minecraft:bat":17},"minecraft:killed_by":{"minecraft:zombie":1,"minecraft:enderman":1},"minecraft:dropped":{"minecraft:glass_bottle":3,"minecraft:diamond":394,"minecraft:crafting_table":3,"minecraft:cooked_porkchop":1,"minecraft:dark_oak_slab":16,"minecraft:red_mushroom":6,"minecraft:gold_block":50,"minecraft:black_stained_glass_pane":16,"minecraft:dark_oak_trapdoor":3,"minecraft:writable_book":1,"minecraft:sand":36,"minecraft:dark_oak_planks":1,"minecraft:fishing_rod":1,"minecraft:diamond_block":46,"minecraft:iron_nugget":7,"minecraft:wheat":17,"minecraft:stripped_dark_oak_log":2,"minecraft:rotten_flesh":136,"minecraft:grindstone":2,"minecraft:oak_planks":14,"minecraft:azure_bluet":3,"minecraft:sea_lantern":29,"minecraft:diorite_wall":14,"minecraft:quartz_block":25,"minecraft:leather_boots":2,"minecraft:painting":51,"minecraft:granite_wall":2,"minecraft:golden_boots":1,"minecraft:wheat_seeds":552,"minecraft:smooth_quartz_stairs":1,"minecraft:book":15,"minecraft:yellow_carpet":12,"minecraft:coal_block":1,"minecraft:lava_bucket":1,"minecraft:dark_oak_leaves":1,"minecraft:brown_concrete_powder":3,"minecraft:ink_sac":12,"minecraft:potion":1,"minecraft:stripped_birch_log":5,"minecraft:green_glazed_terracotta":1,"minecraft:smooth_stone":127,"minecraft:chainmail_leggings":1,"minecraft:acacia_planks":2,"minecraft:stone_brick_slab":5,"minecraft:green_terracotta":1,"minecraft:player_head":7,"minecraft:white_carpet":13,"minecraft:clay_ball":6,"minecraft:oak_sign":2,"minecraft:shears":3,"minecraft:blast_furnace":1,"minecraft:diamond_sword":2,"minecraft:spruce_boat":3,"minecraft:flower_pot":1,"minecraft:spruce_trapdoor":2,"minecraft:spruce_planks":15,"minecraft:diamond_pickaxe":3,"minecraft:andesite_stairs":2,"minecraft:bamboo":3,"minecraft:brown_bed":1,"minecraft:stone_pressure_plate":536,"minecraft:stone_bricks":6,"minecraft:barrel":4,"minecraft:bow":7,"minecraft:stripped_spruce_wood":1,"minecraft:terracotta":68,"minecraft:oak_log":1,"minecraft:ender_pearl":15,"minecraft:dark_oak_sapling":3,"minecraft:jungle_fence":12,"minecraft:leather":781,"minecraft:jungle_planks":7,"minecraft:red_wool":9,"minecraft:carrot_on_a_stick":1,"minecraft:cobblestone_stairs":3,"minecraft:packed_ice":4,"minecraft:polished_diorite_stairs":1,"minecraft:gold_ingot":30,"minecraft:andesite_slab":10,"minecraft:acacia_stairs":4,"minecraft:trident":1,"minecraft:scaffolding":271,"minecraft:polished_granite":75,"minecraft:vine":10,"minecraft:iron_block":24,"minecraft:mossy_cobblestone_slab":1,"minecraft:green_dye":512,"minecraft:white_concrete":27,"minecraft:stonecutter":2,"minecraft:tripwire_hook":5,"minecraft:polished_diorite":35,"minecraft:kelp":9,"minecraft:sweet_berries":3,"minecraft:oak_trapdoor":1,"minecraft:stripped_oak_log":1,"minecraft:totem_of_undying":3,"minecraft:andesite":315,"minecraft:oak_sapling":48,"minecraft:spruce_log":27,"minecraft:cooked_beef":3,"minecraft:crossbow":1,"minecraft:elytra":6,"minecraft:leather_helmet":3,"minecraft:red_carpet":1,"minecraft:red_shulker_box":1,"minecraft:dirt":281,"minecraft:grass":2,"minecraft:jungle_sapling":1,"minecraft:bone_meal":21,"minecraft:bone_block":9,"minecraft:sunflower":3,"minecraft:dark_oak_boat":4,"minecraft:cyan_carpet":4,"minecraft:bone":11,"minecraft:note_block":1,"minecraft:sugar_cane":65,"minecraft:golden_chestplate":1,"minecraft:birch_sapling":5,"minecraft:blue_wool":15,"minecraft:light_gray_carpet":4,"minecraft:white_bed":1,"minecraft:salmon":127,"minecraft:jungle_stairs":14,"minecraft:spruce_slab":1,"minecraft:campfire":6,"minecraft:egg":1,"minecraft:enchanted_book":1,"minecraft:iron_ingot":75,"minecraft:oak_fence":2,"minecraft:feather":2,"minecraft:iron_helmet":1,"minecraft:cobblestone":1944,"minecraft:apple":9,"minecraft:granite":448,"minecraft:coal":60,"minecraft:jungle_slab":4,"minecraft:golden_carrot":3,"minecraft:diamond_helmet":1,"minecraft:paper":16,"minecraft:iron_shovel":2,"minecraft:string":10,"minecraft:spruce_sapling":22,"minecraft:furnace":4,"minecraft:polished_diorite_slab":2,"minecraft:cobblestone_wall":2,"minecraft:dark_oak_sign":16,"minecraft:smooth_stone_slab":3,"minecraft:slime_block":29,"minecraft:stone_slab":1,"minecraft:spruce_fence":2,"minecraft:polished_granite_stairs":5,"minecraft:cobblestone_slab":1,"minecraft:stone":80,"minecraft:blue_banner":2,"minecraft:spider_eye":5,"minecraft:birch_boat":1,"minecraft:gold_ore":13,"minecraft:birch_planks":1,"minecraft:dark_oak_stairs":36,"minecraft:diamond_axe":1,"minecraft:flint":9,"minecraft:cornflower":1,"minecraft:gravel":49,"minecraft:yellow_wool":38,"minecraft:lime_wool":96,"minecraft:diorite_stairs":8,"minecraft:diamond_shovel":1,"minecraft:poppy":5,"minecraft:gunpowder":40,"minecraft:chest":1,"minecraft:quartz":5,"minecraft:written_book":1,"minecraft:oak_leaves":63,"minecraft:firework_rocket":68,"minecraft:water_bucket":1,"minecraft:stripped_spruce_log":1,"minecraft:oak_slab":1,"minecraft:grass_block":475,"minecraft:stick":9,"minecraft:diorite":282,"minecraft:green_carpet":2,"minecraft:smooth_quartz_slab":2,"minecraft:bucket":8,"minecraft:dandelion":9,"minecraft:red_concrete":1,"minecraft:coarse_dirt":7,"minecraft:chiseled_quartz_block":23,"minecraft:smoker":2,"minecraft:filled_map":1,"minecraft:light_gray_bed":1,"minecraft:blue_ice":2,"minecraft:oak_boat":2,"minecraft:diamond_boots":1,"minecraft:slime_ball":152,"minecraft:beacon":1},"minecraft:mined":{"minecraft:blue_carpet":13,"minecraft:cut_sandstone_slab":4,"minecraft:red_shulker_box":300,"minecraft:white_bed":202,"minecraft:cyan_shulker_box":1,"minecraft:granite":4369,"minecraft:acacia_log":209,"minecraft:light_gray_bed":55,"minecraft:oak_pressure_plate":2,"minecraft:blue_wool":18,"minecraft:oak_wall_sign":7,"minecraft:nether_wart":3,"minecraft:magma_block":8,"minecraft:mossy_cobblestone_stairs":12,"minecraft:dark_oak_trapdoor":109,"minecraft:barrel":90,"minecraft:granite_slab":3,"minecraft:pink_tulip":12,"minecraft:spruce_wood":24,"minecraft:white_banner":1,"minecraft:player_head":36,"minecraft:tripwire":10,"minecraft:jungle_trapdoor":14,"minecraft:blue_wall_banner":3,"minecraft:kelp_plant":174,"minecraft:smoker":3,"minecraft:torch":523,"minecraft:dark_oak_wood":183,"minecraft:white_stained_glass_pane":5,"minecraft:dead_bush":64,"minecraft:spruce_wall_sign":8,"minecraft:smooth_quartz_slab":5,"minecraft:sugar_cane":90,"minecraft:bricks":46,"minecraft:birch_sapling":3,"minecraft:white_terracotta":477,"minecraft:repeater":5,"minecraft:jungle_wood":2,"minecraft:grass":1683,"minecraft:dark_oak_sapling":66,"minecraft:smooth_quartz":1,"minecraft:mossy_cobblestone":155,"minecraft:dark_oak_log":7729,"minecraft:sea_lantern":10,"minecraft:birch_fence_gate":1,"minecraft:dark_oak_fence":102,"minecraft:spruce_fence":127,"minecraft:stripped_jungle_wood":18,"minecraft:redstone_wire":65,"minecraft:cartography_table":1,"minecraft:white_concrete_powder":6,"minecraft:redstone_ore":1888,"minecraft:acacia_trapdoor":1,"minecraft:green_terracotta":56,"minecraft:andesite":4236,"minecraft:mossy_stone_brick_stairs":12,"minecraft:cobblestone_slab":144,"minecraft:vine":478,"minecraft:rail":20,"minecraft:bone_block":373,"minecraft:ender_chest":1,"minecraft:oak_slab":143,"minecraft:birch_stairs":2,"minecraft:redstone_block":2,"minecraft:glass_pane":46,"minecraft:soul_sand":4,"minecraft:lily_of_the_valley":36,"minecraft:dandelion":74,"minecraft:cornflower":49,"minecraft:campfire":28,"minecraft:diorite":6068,"minecraft:orange_carpet":1,"minecraft:black_stained_glass":11,"minecraft:red_terracotta":468,"minecraft:coarse_dirt":444,"minecraft:cobblestone_wall":63,"minecraft:stripped_spruce_wood":31,"minecraft:gravel":2672,"minecraft:cobweb":36,"minecraft:brown_terracotta":7,"minecraft:oak_button":1,"minecraft:birch_sign":2,"minecraft:stone_bricks":385,"minecraft:gold_ore":433,"minecraft:iron_trapdoor":5,"minecraft:fern":54,"minecraft:stone_pressure_plate":560,"minecraft:oak_sapling":23,"minecraft:farmland":53,"minecraft:mossy_stone_brick_slab":6,"minecraft:andesite_stairs":14,"minecraft:orange_wool":5,"minecraft:brewing_stand":2,"minecraft:spruce_trapdoor":195,"minecraft:white_concrete":267,"minecraft:polished_diorite":110,"minecraft:composter":10,"minecraft:mossy_cobblestone_slab":6,"minecraft:red_tulip":25,"minecraft:iron_bars":92,"minecraft:granite_stairs":4,"minecraft:spruce_slab":250,"minecraft:quartz_block":2,"minecraft:orange_terracotta":3,"minecraft:light_gray_terracotta":154,"minecraft:jungle_stairs":12,"minecraft:mossy_cobblestone_wall":1,"minecraft:beacon":7,"minecraft:nether_quartz_ore":1,"minecraft:oak_planks":613,"minecraft:wall_torch":281,"minecraft:cauldron":23,"minecraft:stone_stairs":28,"minecraft:dark_oak_slab":698,"minecraft:mossy_stone_brick_wall":5,"minecraft:tnt":5,"minecraft:smooth_stone_slab":62,"minecraft:oak_log":1433,"minecraft:dirt":7985,"minecraft:dispenser":16,"minecraft:dark_oak_leaves":1454,"minecraft:lever":38,"minecraft:ladder":3,"minecraft:cyan_banner":1,"minecraft:brown_mushroom_block":4,"minecraft:spruce_leaves":753,"minecraft:hay_block":3,"minecraft:heavy_weighted_pressure_plate":3,"minecraft:light_gray_shulker_box":3,"minecraft:gold_block":389,"minecraft:bookshelf":65,"minecraft:stripped_oak_log":139,"minecraft:jungle_fence_gate":8,"minecraft:acacia_leaves":95,"minecraft:scaffolding":6435,"minecraft:stripped_dark_oak_log":431,"minecraft:polished_granite":161,"minecraft:oak_fence":104,"minecraft:stone_slab":90,"minecraft:red_concrete":7,"minecraft:birch_planks":118,"minecraft:sea_pickle":3,"minecraft:ice":2,"minecraft:white_wall_banner":2,"minecraft:grass_path":772,"minecraft:cocoa":9,"minecraft:flower_pot":6,"minecraft:yellow_concrete":35,"minecraft:cracked_stone_bricks":68,"minecraft:mossy_stone_bricks":39,"minecraft:dark_oak_planks":691,"minecraft:polished_granite_slab":26,"minecraft:light_blue_concrete":61,"minecraft:jungle_leaves":108,"minecraft:obsidian":136,"minecraft:stone_brick_wall":56,"minecraft:yellow_carpet":3,"minecraft:jungle_log":597,"minecraft:coal_block":2,"minecraft:diorite_stairs":19,"minecraft:hopper":17,"minecraft:oxeye_daisy":26,"minecraft:chiseled_stone_bricks":8,"minecraft:potted_fern":1,"minecraft:sticky_piston":6,"minecraft:cyan_wall_banner":1,"minecraft:pumpkin":7,"minecraft:stripped_dark_oak_wood":40,"minecraft:enchanting_table":6,"minecraft:oak_sign":6,"minecraft:oak_stairs":674,"minecraft:smooth_sandstone_stairs":3,"minecraft:iron_block":24,"minecraft:piston_head":4,"minecraft:brown_mushroom":15,"minecraft:potted_brown_mushroom":2,"minecraft:red_bed":2,"minecraft:player_wall_head":21,"minecraft:blast_furnace":3,"minecraft:polished_andesite_stairs":3,"minecraft:polished_diorite_slab":67,"minecraft:glass":8,"minecraft:cyan_bed":252,"minecraft:smooth_sandstone_slab":5,"minecraft:polished_diorite_stairs":33,"minecraft:cyan_wool":79,"minecraft:wheat":905,"minecraft:stone_brick_stairs":78,"minecraft:oak_fence_gate":5,"minecraft:loom":1,"minecraft:stripped_birch_wood":28,"minecraft:stonecutter":544,"minecraft:piston":22,"minecraft:pink_shulker_box":179,"minecraft:light_gray_stained_glass_pane":50,"minecraft:stripped_birch_log":151,"minecraft:shulker_box":46,"minecraft:jungle_planks":30,"minecraft:lime_wool":5,"minecraft:yellow_concrete_powder":1,"minecraft:kelp":62,"minecraft:snow":23,"minecraft:acacia_wood":7,"minecraft:diamond_block":2,"minecraft:white_glazed_terracotta":16,"minecraft:potatoes":10,"minecraft:bamboo":32,"minecraft:bamboo_sapling":1,"minecraft:white_wool":17,"minecraft:light_gray_carpet":19,"minecraft:gray_concrete":144,"minecraft:stone_brick_slab":76,"minecraft:observer":7,"minecraft:smooth_sandstone":96,"minecraft:light_gray_concrete_powder":19,"minecraft:dried_kelp_block":11,"minecraft:white_carpet":17,"minecraft:spruce_log":3914,"minecraft:birch_leaves":441,"minecraft:jungle_fence":15,"minecraft:quartz_pillar":4,"minecraft:spruce_fence_gate":26,"minecraft:spruce_planks":1588,"minecraft:jungle_slab":1,"minecraft:cobblestone_stairs":266,"minecraft:grass_block":7682,"minecraft:blue_concrete":1655,"minecraft:smooth_stone":71,"minecraft:iron_ore":2241,"minecraft:anvil":30,"minecraft:azure_bluet":53,"minecraft:dark_oak_stairs":659,"minecraft:birch_wall_sign":4,"minecraft:polished_granite_stairs":113,"minecraft:cyan_terracotta":548,"minecraft:chiseled_quartz_block":5,"minecraft:clay":246,"minecraft:poppy":110,"minecraft:chest":96,"minecraft:cobblestone":4059,"minecraft:birch_wood":8,"minecraft:slime_block":8,"minecraft:grindstone":38,"minecraft:seagrass":12,"minecraft:acacia_sapling":3,"minecraft:brown_concrete_powder":6,"minecraft:nether_wart_block":4,"minecraft:yellow_wool":220,"minecraft:birch_log":784,"minecraft:birch_trapdoor":6,"minecraft:light_gray_wool":3,"minecraft:stripped_oak_wood":6,"minecraft:diorite_wall":68,"minecraft:green_glazed_terracotta":3,"minecraft:acacia_fence":9,"minecraft:sand":2075,"minecraft:tripwire_hook":3,"minecraft:netherrack":8,"minecraft:oak_leaves":3598,"minecraft:emerald_block":1,"minecraft:granite_wall":17,"minecraft:diamond_ore":210,"minecraft:gray_shulker_box":446,"minecraft:dark_oak_pressure_plate":1,"minecraft:brick_stairs":2,"minecraft:white_stained_glass":47,"minecraft:sandstone":7,"minecraft:diorite_slab":12,"minecraft:potted_dark_oak_sapling":1,"minecraft:oak_trapdoor":153,"minecraft:spruce_sapling":12,"minecraft:furnace":55,"minecraft:carrots":199,"minecraft:dark_oak_fence_gate":53,"minecraft:stripped_spruce_log":59,"minecraft:black_concrete":6,"minecraft:lantern":72,"minecraft:stripped_acacia_log":6,"minecraft:stripped_jungle_log":10,"minecraft:packed_ice":2,"minecraft:stone":69691,"minecraft:yellow_shulker_box":255,"minecraft:redstone_wall_torch":3,"minecraft:birch_pressure_plate":27,"minecraft:podzol":354,"minecraft:light_blue_shulker_box":1,"minecraft:red_wool":257,"minecraft:brick_wall":1,"minecraft:crafting_table":612,"minecraft:oak_wood":7,"minecraft:andesite_slab":14,"minecraft:lectern":4,"minecraft:andesite_wall":7,"minecraft:lapis_ore":275,"minecraft:blue_bed":8,"minecraft:spruce_stairs":278,"minecraft:gray_wool":1,"minecraft:cactus":1,"minecraft:brick_slab":3,"minecraft:redstone_torch":3,"minecraft:sweet_berry_bush":17,"minecraft:gray_bed":178,"minecraft:yellow_bed":13,"minecraft:potted_azure_bluet":1,"minecraft:coal_ore":4414,"minecraft:end_rod":2,"minecraft:gray_carpet":8,"minecraft:terracotta":1233,"minecraft:polished_andesite":32,"minecraft:acacia_wall_sign":1,"minecraft:birch_fence":5}},"DataVersion":1976}