{"stats":{"minecraft:killed_by":{"minecraft:zombie_pigman":1},"minecraft:mined":{"minecraft:green_carpet":2},"minecraft:used":{"minecraft:trident":5,"minecraft:green_carpet":2,"minecraft:sweet_berries":30,"minecraft:ender_pearl":2},"minecraft:picked_up":{"minecraft:firework_rocket":86,"minecraft:ender_chest":2,"minecraft:sweet_berries":67,"minecraft:trident":1,"minecraft:green_carpet":2,"minecraft:ender_pearl":31,"minecraft:elytra":3},"minecraft:custom":{"minecraft:time_since_rest":33302,"minecraft:open_chest":12,"minecraft:damage_taken":549,"minecraft:crouch_one_cm":27,"minecraft:play_one_minute":39038,"minecraft:open_enderchest":4,"minecraft:open_shulker_box":8,"minecraft:sprint_one_cm":35783,"minecraft:deaths":1,"minecraft:walk_one_cm":19189,"minecraft:sneak_time":14,"minecraft:walk_under_water_one_cm":359,"minecraft:mob_kills":133,"minecraft:aviate_one_cm":944944,"minecraft:jump":196,"minecraft:damage_dealt":14,"minecraft:leave_game":5,"minecraft:time_since_death":33247,"minecraft:walk_on_water_one_cm":929,"minecraft:climb_one_cm":26584,"minecraft:swim_one_cm":323,"minecraft:fall_one_cm":3161,"minecraft:fly_one_cm":71217,"minecraft:inspect_dispenser":11}},"DataVersion":1976}