{"stats":{"minecraft:used":{"minecraft:phantom_spawn_egg":8,"minecraft:diamond_sword":15,"minecraft:anvil":1},"minecraft:picked_up":{"minecraft:phantom_membrane":1},"minecraft:custom":{"minecraft:jump":4,"minecraft:time_since_rest":27493163,"minecraft:damage_dealt":599,"minecraft:play_one_minute":27493163,"minecraft:crouch_one_cm":213,"minecraft:leave_game":319,"minecraft:time_since_death":27493163,"minecraft:walk_on_water_one_cm":157134,"minecraft:walk_one_cm":984,"minecraft:sneak_time":33851,"minecraft:walk_under_water_one_cm":585552,"minecraft:mob_kills":3,"minecraft:fly_one_cm":25722756,"minecraft:fall_one_cm":267},"minecraft:killed":{"minecraft:phantom":3}},"DataVersion":1976}