{"stats":{"minecraft:custom":{"minecraft:interact_with_crafting_table":9301,"minecraft:damage_blocked_by_shield":9590,"minecraft:deaths":475,"minecraft:jump":1191492,"minecraft:play_record":8,"minecraft:interact_with_cartography_table":15,"minecraft:interact_with_smoker":17,"minecraft:inspect_dispenser":1056,"minecraft:horse_one_cm":1107756,"minecraft:inspect_dropper":237,"minecraft:inspect_hopper":721,"minecraft:tune_noteblock":532,"minecraft:time_since_rest":10694,"minecraft:swim_one_cm":25351437,"minecraft:open_chest":79816,"minecraft:open_shulker_box":99819,"minecraft:damage_resisted":23968,"minecraft:play_noteblock":50,"minecraft:talked_to_villager":4267,"minecraft:interact_with_brewingstand":290,"minecraft:interact_with_beacon":83,"minecraft:fill_cauldron":9,"minecraft:raid_win":1,"minecraft:boat_one_cm":40197816,"minecraft:damage_taken":1045852,"minecraft:aviate_one_cm":-831702721,"minecraft:open_barrel":3900,"minecraft:bell_ring":125,"minecraft:leave_game":3871,"minecraft:eat_cake_slice":223,"minecraft:time_since_death":340539,"minecraft:enchant_item":761,"minecraft:interact_with_furnace":4827,"minecraft:traded_with_villager":14271,"minecraft:sleep_in_bed":3482,"minecraft:damage_dealt":1842643,"minecraft:sneak_time":12763625,"minecraft:interact_with_lectern":73,"minecraft:interact_with_blast_furnace":57,"minecraft:interact_with_stonecutter":51,"minecraft:fly_one_cm":244948689,"minecraft:fish_caught":244,"minecraft:fall_one_cm":30148670,"minecraft:animals_bred":2756,"minecraft:sprint_one_cm":219223442,"minecraft:drop":20103,"minecraft:walk_on_water_one_cm":21901589,"minecraft:play_one_minute":140260458,"minecraft:interact_with_loom":38,"minecraft:open_enderchest":9597,"minecraft:player_kills":2,"minecraft:crouch_one_cm":38301918,"minecraft:mob_kills":257383,"minecraft:climb_one_cm":4363173,"minecraft:walk_one_cm":400856684,"minecraft:walk_under_water_one_cm":58385010,"minecraft:raid_trigger":3,"minecraft:pot_flower":51,"minecraft:damage_absorbed":194,"minecraft:trigger_trapped_chest":563,"minecraft:minecart_one_cm":4512778},"minecraft:picked_up":{"minecraft:suspicious_stew":2,"minecraft:red_sandstone_stairs":22,"minecraft:stone_slab":433,"minecraft:smithing_table":102,"minecraft:lead":288,"minecraft:enchanted_book":68,"minecraft:purple_shulker_box":338,"minecraft:blue_concrete":1371,"minecraft:music_disc_cat":1,"minecraft:dark_oak_pressure_plate":45,"minecraft:string":6285,"minecraft:orange_glazed_terracotta":132,"minecraft:pufferfish":139,"minecraft:diamond_leggings":199,"minecraft:dead_bubble_coral_fan":78,"minecraft:horn_coral_block":1524,"minecraft:bubble_coral":205,"minecraft:hopper_minecart":1,"minecraft:diamond_ore":1409,"minecraft:spruce_pressure_plate":22,"minecraft:jukebox":6,"minecraft:cyan_stained_glass":181,"minecraft:acacia_log":22582,"minecraft:purpur_pillar":28,"minecraft:gray_shulker_box":24,"minecraft:end_crystal":4,"minecraft:cauldron":13,"minecraft:green_terracotta":4673,"minecraft:golden_chestplate":20,"minecraft:cyan_stained_glass_pane":5,"minecraft:pink_terracotta":161,"minecraft:brown_carpet":46,"minecraft:yellow_banner":5,"minecraft:orange_bed":7,"minecraft:stone_sword":44,"minecraft:lime_carpet":28,"minecraft:horn_coral_fan":1203,"minecraft:red_tulip":13,"minecraft:carved_pumpkin":32,"minecraft:glowstone":1848,"minecraft:bookshelf":75,"minecraft:end_rod":4102,"minecraft:white_terracotta":24554,"minecraft:blaze_rod":229,"minecraft:iron_bars":1081,"minecraft:snowball":16927,"minecraft:sponge":92,"minecraft:feather":1067,"minecraft:cooked_beef":3164,"minecraft:water_bucket":122,"minecraft:dark_oak_boat":107,"minecraft:brown_wool":87,"minecraft:flint":1451,"minecraft:purple_stained_glass":492,"minecraft:cyan_concrete_powder":176,"minecraft:pink_concrete_powder":176,"minecraft:lantern":488,"minecraft:gray_concrete_powder":11267,"minecraft:purple_carpet":25,"minecraft:stonecutter":26,"minecraft:dark_oak_sign":5,"minecraft:rabbit":3,"minecraft:diamond_helmet":224,"minecraft:lime_terracotta":1721,"minecraft:stripped_acacia_wood":42,"minecraft:birch_fence_gate":7,"minecraft:stripped_spruce_log":639,"minecraft:brown_mushroom_block":49,"minecraft:dead_fire_coral_fan":110,"minecraft:acacia_stairs":47,"minecraft:iron_hoe":1,"minecraft:polished_andesite":5085,"minecraft:blue_terracotta":15,"minecraft:lever":426,"minecraft:granite":34711,"minecraft:spruce_button":8,"minecraft:cyan_dye":71,"minecraft:blue_banner":8,"minecraft:jack_o_lantern":2,"minecraft:light_gray_carpet":292,"minecraft:diamond_pickaxe":420,"minecraft:clay_ball":231,"minecraft:redstone_lamp":6,"minecraft:leather_leggings":53,"minecraft:dragon_head":33,"minecraft:purpur_block":115,"minecraft:fire_coral":291,"minecraft:heavy_weighted_pressure_plate":1,"minecraft:cornflower":323,"minecraft:elytra":347,"minecraft:flint_and_steel":17,"minecraft:acacia_door":9,"minecraft:white_carpet":318,"minecraft:white_stained_glass":2232,"minecraft:iron_shovel":54,"minecraft:glass_pane":228,"minecraft:brown_stained_glass_pane":41,"minecraft:jungle_sapling":550,"minecraft:poppy":1316,"minecraft:spruce_slab":4106,"minecraft:minecart":517,"minecraft:birch_sapling":4814,"minecraft:piston":142,"minecraft:lime_shulker_box":203,"minecraft:black_stained_glass":590,"minecraft:stone":471403,"minecraft:fire_charge":110,"minecraft:white_dye":369,"minecraft:cyan_shulker_box":151,"minecraft:stone_shovel":32,"minecraft:diamond_chestplate":25,"minecraft:purpur_slab":44,"minecraft:hay_block":204,"minecraft:yellow_terracotta":49,"minecraft:totem_of_undying":5,"minecraft:mutton":2245,"minecraft:bone_block":482,"minecraft:rail":5728,"minecraft:oxeye_daisy":337,"minecraft:birch_leaves":9366,"minecraft:yellow_shulker_box":907,"minecraft:smooth_red_sandstone":2236,"minecraft:tripwire_hook":158,"minecraft:yellow_dye":266,"minecraft:fern":979,"minecraft:red_glazed_terracotta":131,"minecraft:jungle_fence":3,"minecraft:acacia_wood":179,"minecraft:purpur_stairs":21,"minecraft:lily_pad":87,"minecraft:paper":3988,"minecraft:light_blue_banner":26,"minecraft:apple":1617,"minecraft:light_gray_glazed_terracotta":761,"minecraft:oak_fence_gate":27,"minecraft:yellow_stained_glass":663,"minecraft:pufferfish_bucket":6,"minecraft:stone_pickaxe":14,"minecraft:iron_ore":13225,"minecraft:magenta_stained_glass":10,"minecraft:gray_bed":49,"minecraft:dark_oak_stairs":994,"minecraft:polished_andesite_stairs":670,"minecraft:milk_bucket":13,"minecraft:light_gray_stained_glass":1317,"minecraft:green_glazed_terracotta":128,"minecraft:sweet_berries":16074,"minecraft:red_wool":295,"minecraft:lime_concrete":1843,"minecraft:light_blue_stained_glass":165,"minecraft:dragon_egg":1,"minecraft:leather_helmet":21,"minecraft:oak_wood":654,"minecraft:diamond_shovel":285,"minecraft:coal_ore":12231,"minecraft:slime_ball":2915,"minecraft:painting":59,"minecraft:birch_sign":31,"minecraft:baked_potato":260,"minecraft:smooth_quartz_slab":3352,"minecraft:hopper":354,"minecraft:prismarine_stairs":5,"minecraft:black_carpet":493,"minecraft:light_blue_concrete":4297,"minecraft:ender_chest":1348,"minecraft:nether_brick_fence":167,"minecraft:yellow_wool":1222,"minecraft:stone_brick_stairs":1665,"minecraft:lapis_block":496,"minecraft:dead_tube_coral_block":116,"minecraft:experience_bottle":368,"minecraft:bucket":51,"minecraft:red_sand":30176,"minecraft:smooth_stone":15376,"minecraft:comparator":258,"minecraft:light_weighted_pressure_plate":10,"minecraft:white_tulip":37,"minecraft:red_dye":93,"minecraft:rose_bush":2419,"minecraft:cobblestone_slab":1909,"minecraft:ender_eye":2,"minecraft:smooth_quartz":20698,"minecraft:iron_pickaxe":17,"minecraft:smooth_quartz_stairs":1109,"minecraft:blue_wool":26,"minecraft:acacia_fence":8,"minecraft:birch_trapdoor":101,"minecraft:spruce_stairs":1756,"minecraft:diorite":34833,"minecraft:vine":174,"minecraft:andesite_wall":81,"minecraft:rotten_flesh":8327,"minecraft:red_sandstone_slab":312,"minecraft:brown_shulker_box":27,"minecraft:chorus_flower":33,"minecraft:music_disc_wait":1,"minecraft:obsidian":1408,"minecraft:blaze_powder":1,"minecraft:cobblestone":225524,"minecraft:enchanting_table":13,"minecraft:leather_chestplate":46,"minecraft:lilac":354,"minecraft:repeater":961,"minecraft:dead_tube_coral_fan":92,"minecraft:andesite":49638,"minecraft:black_bed":2,"minecraft:orange_carpet":12,"minecraft:golden_leggings":20,"minecraft:beacon":47,"minecraft:potato":3470,"minecraft:prismarine_bricks":318,"minecraft:stripped_birch_log":527,"minecraft:dirt":316951,"minecraft:cut_sandstone_slab":63,"minecraft:name_tag":35,"minecraft:glass":93964,"minecraft:bone":1931,"minecraft:acacia_planks":197,"minecraft:bow":119,"minecraft:wheat_seeds":17004,"minecraft:orange_tulip":35,"minecraft:birch_wood":47,"minecraft:grindstone":291,"minecraft:popped_chorus_fruit":570,"minecraft:purple_stained_glass_pane":138,"minecraft:mossy_stone_bricks":6,"minecraft:fletching_table":1,"minecraft:bamboo":560,"minecraft:cyan_concrete":596,"minecraft:prismarine":629,"minecraft:diorite_wall":110,"minecraft:brown_stained_glass":96,"minecraft:gray_stained_glass":678,"minecraft:black_stained_glass_pane":54,"minecraft:light_blue_shulker_box":1627,"minecraft:nether_brick_stairs":65,"minecraft:diamond_block":1696,"minecraft:grass_block":165849,"minecraft:spectral_arrow":203,"minecraft:mossy_cobblestone":121,"minecraft:jungle_leaves":4000,"minecraft:light_gray_terracotta":34168,"minecraft:light_blue_terracotta":267,"minecraft:sugar":9,"minecraft:yellow_carpet":256,"minecraft:slime_block":37,"minecraft:yellow_stained_glass_pane":89,"minecraft:crossbow":43,"minecraft:bone_meal":1035,"minecraft:grass":227,"minecraft:golden_apple":22,"minecraft:spruce_sign":47,"minecraft:emerald":1438,"minecraft:chorus_fruit":938,"minecraft:netherrack":29559,"minecraft:oak_leaves":54417,"minecraft:andesite_slab":135,"minecraft:azure_bluet":423,"minecraft:splash_potion":2,"minecraft:ladder":207,"minecraft:rabbit_stew":185,"minecraft:brown_mushroom":147,"minecraft:packed_ice":1095,"minecraft:pink_wool":354,"minecraft:stone_brick_wall":292,"minecraft:brick":1768,"minecraft:shield":103,"minecraft:orange_stained_glass":94,"minecraft:oak_trapdoor":238,"minecraft:large_fern":3,"minecraft:birch_fence":20,"minecraft:blue_orchid":590,"minecraft:lime_wool":46,"minecraft:end_stone":124,"minecraft:note_block":43,"minecraft:brown_concrete_powder":471,"minecraft:cookie":574,"minecraft:music_disc_11":1,"minecraft:trident":70,"minecraft:light_blue_bed":26,"minecraft:light_gray_stained_glass_pane":1026,"minecraft:brown_dye":2,"minecraft:stone_pressure_plate":46,"minecraft:blue_concrete_powder":11,"minecraft:tube_coral":275,"minecraft:red_shulker_box":409,"minecraft:pumpkin_pie":378,"minecraft:nether_bricks":1338,"minecraft:stripped_dark_oak_wood":370,"minecraft:pink_tulip":27,"minecraft:black_banner":2,"minecraft:brick_stairs":30,"minecraft:nether_brick_wall":373,"minecraft:purple_dye":56,"minecraft:jungle_boat":16,"minecraft:prismarine_slab":9,"minecraft:dark_oak_button":2,"minecraft:golden_carrot":5693,"minecraft:leather":3852,"minecraft:ice":7335,"minecraft:chainmail_chestplate":13,"minecraft:yellow_bed":23,"minecraft:cobblestone_wall":532,"minecraft:gunpowder":2471,"minecraft:orange_terracotta":17558,"minecraft:cooked_mutton":1142,"minecraft:red_carpet":133,"minecraft:gray_carpet":544,"minecraft:acacia_trapdoor":519,"minecraft:rabbit_hide":6,"minecraft:spruce_wood":35,"minecraft:iron_ingot":3830,"minecraft:cooked_chicken":2936,"minecraft:prismarine_brick_slab":34,"minecraft:polished_andesite_slab":981,"minecraft:dead_horn_coral":13,"minecraft:pink_bed":25,"minecraft:nether_quartz_ore":10148,"minecraft:emerald_block":73,"minecraft:stone_brick_slab":1857,"minecraft:quartz":150015,"minecraft:dandelion":1028,"minecraft:lava_bucket":5,"minecraft:green_stained_glass":98,"minecraft:red_banner":28,"minecraft:nether_brick_slab":302,"minecraft:spruce_door":43,"minecraft:brick_slab":226,"minecraft:light_blue_concrete_powder":3255,"minecraft:pumpkin_seeds":629,"minecraft:white_concrete_powder":10882,"minecraft:gray_banner":1,"minecraft:chainmail_leggings":8,"minecraft:terracotta":39150,"minecraft:damaged_anvil":18,"minecraft:dark_oak_wood":260,"minecraft:wooden_axe":2,"minecraft:sunflower":1937,"minecraft:seagrass":532,"minecraft:iron_chestplate":21,"minecraft:birch_door":20,"minecraft:anvil":83,"minecraft:chainmail_boots":8,"minecraft:flower_pot":15,"minecraft:prismarine_shard":29776,"minecraft:diamond_sword":290,"minecraft:magenta_carpet":3,"minecraft:oak_stairs":276,"minecraft:wither_rose":2,"minecraft:birch_button":66,"minecraft:brewing_stand":107,"minecraft:golden_sword":1,"minecraft:dark_oak_trapdoor":189,"minecraft:cooked_salmon":209,"minecraft:blue_stained_glass_pane":149,"minecraft:orange_concrete_powder":454,"minecraft:gold_nugget":83,"minecraft:black_glazed_terracotta":129,"minecraft:spruce_planks":3447,"minecraft:acacia_sign":11,"minecraft:written_book":75,"minecraft:melon_slice":44,"minecraft:coal_block":972,"minecraft:dark_oak_door":31,"minecraft:golden_helmet":26,"minecraft:composter":112,"minecraft:green_bed":3,"minecraft:pink_carpet":11,"minecraft:black_dye":105,"minecraft:gray_stained_glass_pane":32,"minecraft:light_blue_wool":737,"minecraft:tropical_fish":19,"minecraft:iron_block":5795,"minecraft:cyan_terracotta":11971,"minecraft:birch_log":16759,"minecraft:magma_block":3141,"minecraft:iron_door":87,"minecraft:birch_slab":164,"minecraft:jungle_log":11012,"minecraft:acacia_leaves":5185,"minecraft:green_concrete_powder":289,"minecraft:smoker":114,"minecraft:stripped_spruce_wood":4,"minecraft:magenta_bed":1,"minecraft:gray_concrete":27017,"minecraft:map":16,"minecraft:light_gray_concrete_powder":4240,"minecraft:chipped_anvil":24,"minecraft:gray_terracotta":3558,"minecraft:glowstone_dust":3438,"minecraft:gray_glazed_terracotta":4,"minecraft:dropper":355,"minecraft:ink_sac":7998,"minecraft:loom":13,"minecraft:fermented_spider_eye":10,"minecraft:red_terracotta":16176,"minecraft:trapped_chest":12,"minecraft:dark_oak_log":42363,"minecraft:barrel":679,"minecraft:stripped_acacia_log":918,"minecraft:black_concrete_powder":3700,"minecraft:dispenser":157,"minecraft:green_concrete":874,"minecraft:writable_book":38,"minecraft:dead_brain_coral_block":590,"minecraft:blue_ice":69,"minecraft:bread":272,"minecraft:chainmail_helmet":8,"minecraft:dark_oak_fence":314,"minecraft:bricks":286,"minecraft:spruce_leaves":33897,"minecraft:lime_stained_glass_pane":23,"minecraft:crafting_table":442,"minecraft:coarse_dirt":9165,"minecraft:purple_wool":3,"minecraft:bubble_coral_fan":1297,"minecraft:sandstone_slab":2948,"minecraft:nether_wart":544,"minecraft:orange_stained_glass_pane":7,"minecraft:dead_tube_coral":10,"minecraft:orange_banner":23,"minecraft:conduit":2,"minecraft:dead_horn_coral_block":157,"minecraft:jungle_trapdoor":50,"minecraft:red_bed":151,"minecraft:snow":21535,"minecraft:compass":8,"minecraft:cracked_stone_bricks":49,"minecraft:cartography_table":19,"minecraft:beef":4128,"minecraft:cyan_wool":228,"minecraft:iron_nugget":682,"minecraft:quartz_stairs":945,"minecraft:chest":1401,"minecraft:egg":1010,"minecraft:sandstone":82406,"minecraft:oak_door":5,"minecraft:spruce_fence":1285,"minecraft:cake":18,"minecraft:carrot":4149,"minecraft:redstone":107504,"minecraft:mushroom_stem":12,"minecraft:blue_carpet":11,"minecraft:prismarine_crystals":12226,"minecraft:tnt":223,"minecraft:polished_granite_stairs":3,"minecraft:cooked_cod":2662,"minecraft:peony":194,"minecraft:tube_coral_fan":1137,"minecraft:shears":42,"minecraft:diamond_boots":214,"minecraft:sandstone_stairs":296,"minecraft:tube_coral_block":1424,"minecraft:gold_ingot":295,"minecraft:white_shulker_box":193,"minecraft:lime_concrete_powder":8,"minecraft:white_wool":3226,"minecraft:lapis_ore":995,"minecraft:stripped_oak_log":1056,"minecraft:red_mushroom_block":62,"minecraft:red_mushroom":52,"minecraft:filled_map":333,"minecraft:brown_concrete":84,"minecraft:oak_log":42388,"minecraft:jungle_button":2,"minecraft:golden_boots":24,"minecraft:blue_bed":29,"minecraft:white_banner":23,"minecraft:birch_pressure_plate":1,"minecraft:stone_bricks":1574,"minecraft:kelp":13893,"minecraft:cobweb":192,"minecraft:glass_bottle":182,"minecraft:iron_sword":14,"minecraft:prismarine_brick_stairs":23,"minecraft:white_stained_glass_pane":1241,"minecraft:dark_oak_slab":2388,"minecraft:daylight_detector":47,"minecraft:yellow_concrete":1559,"minecraft:light_blue_glazed_terracotta":1022,"minecraft:gravel":135196,"minecraft:birch_stairs":128,"minecraft:dead_fire_coral_block":220,"minecraft:spruce_sapling":4922,"minecraft:spruce_log":56182,"minecraft:sea_lantern":277,"minecraft:firework_rocket":14864,"minecraft:red_stained_glass":352,"minecraft:purple_bed":41,"minecraft:stone_axe":5,"minecraft:purple_glazed_terracotta":38,"minecraft:polished_diorite":29,"minecraft:light_blue_carpet":239,"minecraft:diamond_axe":273,"minecraft:redstone_ore":10813,"minecraft:gray_wool":212,"minecraft:oak_button":3,"minecraft:stripped_dark_oak_log":1906,"minecraft:pink_dye":34,"minecraft:ender_pearl":750,"minecraft:shulker_shell":1155,"minecraft:wheat":8430,"minecraft:redstone_block":1137,"minecraft:iron_trapdoor":3955,"minecraft:light_gray_shulker_box":122,"minecraft:green_stained_glass_pane":29,"minecraft:dead_horn_coral_fan":62,"minecraft:potion":53,"minecraft:nether_brick":3056,"minecraft:brain_coral_block":3166,"minecraft:smooth_stone_slab":2528,"minecraft:iron_leggings":29,"minecraft:sticky_piston":99,"minecraft:armor_stand":110,"minecraft:zombie_head":1,"minecraft:oak_sign":218,"minecraft:pink_shulker_box":96,"minecraft:activator_rail":3,"minecraft:sea_pickle":1133,"minecraft:black_shulker_box":98,"minecraft:dark_oak_leaves":381,"minecraft:redstone_torch":1402,"minecraft:iron_boots":22,"minecraft:furnace":60,"minecraft:stick":11776,"minecraft:orange_shulker_box":304,"minecraft:brown_terracotta":6022,"minecraft:oak_fence":466,"minecraft:torch":24154,"minecraft:porkchop":852,"minecraft:snow_block":1307,"minecraft:dried_kelp":2406,"minecraft:dead_brain_coral_fan":125,"minecraft:light_gray_banner":29,"minecraft:yellow_concrete_powder":470,"minecraft:blue_stained_glass":1094,"minecraft:quartz_block":2784,"minecraft:cactus":915,"minecraft:green_wool":112,"minecraft:fire_coral_fan":1253,"minecraft:leather_horse_armor":1,"minecraft:stripped_birch_wood":11,"minecraft:cod":13159,"minecraft:nautilus_shell":35,"minecraft:magma_cream":112,"minecraft:chiseled_quartz_block":2,"minecraft:magenta_dye":61,"minecraft:light_gray_dye":35,"minecraft:horn_coral":200,"minecraft:acacia_boat":24,"minecraft:wither_skeleton_skull":19,"minecraft:green_shulker_box":16,"minecraft:lapis_lazuli":22034,"minecraft:polished_granite":1657,"minecraft:leather_boots":41,"minecraft:bell":15,"minecraft:light_blue_dye":11,"minecraft:powered_rail":2275,"minecraft:stone_hoe":3,"minecraft:oak_planks":1350,"minecraft:brain_coral":195,"minecraft:lime_glazed_terracotta":129,"minecraft:ghast_tear":155,"minecraft:pink_concrete":3,"minecraft:black_terracotta":2317,"minecraft:cooked_porkchop":2482,"minecraft:poisonous_potato":27,"minecraft:oak_pressure_plate":43,"minecraft:pink_stained_glass_pane":3,"minecraft:jungle_planks":30,"minecraft:sand":297432,"minecraft:lily_of_the_valley":15,"minecraft:cyan_bed":20,"minecraft:chiseled_sandstone":2,"minecraft:shulker_box":6440,"minecraft:orange_wool":66,"minecraft:dark_prismarine":1319,"minecraft:dead_fire_coral":13,"minecraft:light_gray_concrete":6883,"minecraft:dark_prismarine_slab":30,"minecraft:spruce_fence_gate":277,"minecraft:clay":414,"minecraft:diamond":6557,"minecraft:spruce_boat":76,"minecraft:black_concrete":12398,"minecraft:white_concrete":29186,"minecraft:chiseled_red_sandstone":10,"minecraft:oak_sapling":11162,"minecraft:bubble_coral_block":1866,"minecraft:dead_brain_coral":10,"minecraft:nether_star":6,"minecraft:end_stone_bricks":87,"minecraft:fishing_rod":5,"minecraft:charcoal":10,"minecraft:cocoa_beans":5932,"minecraft:firework_star":64,"minecraft:chicken":504,"minecraft:turtle_helmet":1,"minecraft:gold_block":661,"minecraft:diamond_horse_armor":1,"minecraft:dragon_breath":3,"minecraft:stone_stairs":431,"minecraft:orange_concrete":1447,"minecraft:iron_axe":21,"minecraft:wooden_sword":2,"minecraft:item_frame":496,"minecraft:quartz_slab":1303,"minecraft:cyan_carpet":25,"minecraft:detector_rail":24,"minecraft:dark_prismarine_stairs":20,"minecraft:mossy_cobblestone_wall":2,"minecraft:andesite_stairs":59,"minecraft:oak_boat":65,"minecraft:player_head":1538,"minecraft:observer":483,"minecraft:light_gray_wool":547,"minecraft:lectern":24,"minecraft:sugar_cane":3080,"minecraft:blue_shulker_box":213,"minecraft:spruce_trapdoor":2777,"minecraft:phantom_membrane":156,"minecraft:dark_oak_sapling":4634,"minecraft:orange_dye":38,"minecraft:red_stained_glass_pane":19,"minecraft:bowl":4,"minecraft:brown_glazed_terracotta":256,"minecraft:gray_dye":48,"minecraft:quartz_pillar":214,"minecraft:stone_button":263,"minecraft:magenta_shulker_box":38,"minecraft:dark_oak_planks":1323,"minecraft:smooth_sandstone_slab":26,"minecraft:arrow":3652,"minecraft:light_blue_stained_glass_pane":172,"minecraft:jungle_stairs":8,"minecraft:pink_glazed_terracotta":132,"minecraft:saddle":11,"minecraft:lime_stained_glass":89,"minecraft:wet_sponge":298,"minecraft:salmon":285,"minecraft:cut_sandstone":718,"minecraft:birch_planks":620,"minecraft:yellow_glazed_terracotta":124,"minecraft:nether_wart_block":2,"minecraft:cobblestone_stairs":1285,"minecraft:podzol":876,"minecraft:smooth_sandstone":10583,"minecraft:red_sandstone":3,"minecraft:fire_coral_block":1910,"minecraft:stripped_oak_wood":218,"minecraft:soul_sand":4196,"minecraft:acacia_sapling":5323,"minecraft:purple_concrete":1254,"minecraft:music_disc_chirp":8,"minecraft:green_dye":10164,"minecraft:book":741,"minecraft:scaffolding":4859,"minecraft:oak_slab":1013,"minecraft:red_concrete_powder":162,"minecraft:birch_boat":37,"minecraft:pumpkin":503,"minecraft:chiseled_stone_bricks":80,"minecraft:magenta_stained_glass_pane":10,"minecraft:brain_coral_fan":1175,"minecraft:blast_furnace":237,"minecraft:gold_ore":3389,"minecraft:white_bed":106,"minecraft:dark_oak_fence_gate":80,"minecraft:green_carpet":95,"minecraft:spider_eye":686,"minecraft:dead_bubble_coral":21,"minecraft:stripped_jungle_log":41,"minecraft:cyan_banner":4,"minecraft:lime_banner":5,"minecraft:lime_dye":38,"minecraft:dried_kelp_block":837,"minecraft:campfire":81,"minecraft:dead_bubble_coral_block":151,"minecraft:iron_helmet":30,"minecraft:stripped_jungle_wood":1,"minecraft:red_concrete":2285,"minecraft:acacia_slab":51,"minecraft:black_wool":1652,"minecraft:magenta_concrete":6,"minecraft:coal":43534,"minecraft:purple_concrete_powder":2},"minecraft:crafted":{"minecraft:lime_stained_glass":2792,"minecraft:green_banner":1,"minecraft:red_stained_glass_pane":368,"minecraft:black_dye":6686,"minecraft:yellow_wool":200,"minecraft:chainmail_helmet":1,"minecraft:oak_sign":300,"minecraft:melon":146,"minecraft:blaze_powder":626,"minecraft:birch_boat":3,"minecraft:blue_stained_glass_pane":1168,"minecraft:diamond_shovel":13,"minecraft:cracked_stone_bricks":38,"minecraft:nether_brick":284,"minecraft:gray_wool":371,"minecraft:shulker_box":582,"minecraft:diamond_helmet":7,"minecraft:magenta_concrete_powder":16,"minecraft:beacon":2,"minecraft:light_blue_concrete_powder":5936,"minecraft:stone_pressure_plate":306,"minecraft:tipped_arrow":40,"minecraft:iron_door":30,"minecraft:cyan_banner":8,"minecraft:gray_stained_glass_pane":640,"minecraft:dried_kelp_block":20042,"minecraft:black_wool":494,"minecraft:gray_stained_glass":10024,"minecraft:white_shulker_box":22,"minecraft:name_tag":13,"minecraft:lime_concrete_powder":1912,"minecraft:pink_stained_glass":296,"minecraft:blue_stained_glass":4592,"minecraft:redstone_lamp":1243,"minecraft:end_rod":2371,"minecraft:acacia_slab":492,"minecraft:jungle_boat":10,"minecraft:polished_andesite_stairs":1704,"minecraft:chest_minecart":6,"minecraft:green_bed":2,"minecraft:lime_banner":13,"minecraft:smithing_table":678,"minecraft:mossy_cobblestone":110,"minecraft:nether_brick_fence":78,"minecraft:sticky_piston":120,"minecraft:green_stained_glass":3512,"minecraft:painting":18,"minecraft:cartography_table":32,"minecraft:stone_brick_stairs":4323,"minecraft:lectern":32,"minecraft:golden_leggings":3,"minecraft:stone_slab":3336,"minecraft:iron_pickaxe":22,"minecraft:acacia_door":9,"minecraft:sandstone":1703,"minecraft:composter":542,"minecraft:dark_prismarine":3731,"minecraft:cyan_wool":17,"minecraft:golden_carrot":21,"minecraft:jukebox":1,"minecraft:orange_shulker_box":14,"minecraft:iron_nugget":10136,"minecraft:diamond_hoe":6,"minecraft:experience_bottle":24,"minecraft:brick_stairs":184,"minecraft:red_banner":1,"minecraft:light_gray_wool":546,"minecraft:blue_shulker_box":12,"minecraft:prismarine_brick_stairs":16,"minecraft:lime_stained_glass_pane":728,"minecraft:spruce_fence":5400,"minecraft:stone_stairs":4016,"minecraft:lantern":1226,"minecraft:spruce_stairs":5736,"minecraft:light_gray_shulker_box":15,"minecraft:polished_diorite":4,"minecraft:black_concrete_powder":19800,"minecraft:red_shulker_box":30,"minecraft:stone_pickaxe":45,"minecraft:quartz_slab":3302,"minecraft:spruce_boat":6,"minecraft:purple_carpet":198,"minecraft:prismarine_slab":24,"minecraft:brick_slab":144,"minecraft:lead":86,"minecraft:chainmail_leggings":1,"minecraft:light_gray_terracotta":24,"minecraft:light_blue_glazed_terracotta":137,"minecraft:enchanting_table":5,"minecraft:cyan_bed":2,"minecraft:acacia_trapdoor":1378,"minecraft:light_blue_wool":191,"minecraft:yellow_stained_glass_pane":680,"minecraft:leather_helmet":18,"minecraft:dark_oak_button":19,"minecraft:acacia_stairs":608,"minecraft:red_carpet":183,"minecraft:enchanted_book":178,"minecraft:orange_dye":767,"minecraft:light_blue_carpet":360,"minecraft:oak_fence_gate":169,"minecraft:red_stained_glass":2184,"minecraft:fermented_spider_eye":26,"minecraft:birch_trapdoor":174,"minecraft:black_stained_glass_pane":608,"minecraft:writable_book":26,"minecraft:iron_shovel":25,"minecraft:armor_stand":216,"minecraft:note_block":150,"minecraft:pink_terracotta":864,"minecraft:grindstone":678,"minecraft:cobblestone_slab":12984,"minecraft:barrel":979,"minecraft:birch_wood":135,"minecraft:leather_horse_armor":1,"minecraft:cooked_chicken":4070,"minecraft:stone":19711,"minecraft:red_sandstone":6450,"minecraft:snow":1224,"minecraft:pink_carpet":45,"minecraft:heavy_weighted_pressure_plate":53,"minecraft:quartz_pillar":310,"minecraft:brown_carpet":669,"minecraft:cake":250,"minecraft:stone_brick_slab":5216,"minecraft:brown_stained_glass":2976,"minecraft:nether_brick_wall":492,"minecraft:orange_stained_glass_pane":408,"minecraft:bow":2360,"minecraft:comparator":5661,"minecraft:chest":2206,"minecraft:oak_button":21,"minecraft:yellow_terracotta":80,"minecraft:cod_bucket":1,"minecraft:bricks":1152,"minecraft:rail":2576,"minecraft:blue_concrete_powder":2088,"minecraft:birch_button":138,"minecraft:ender_eye":48,"minecraft:stone_bricks":12744,"minecraft:oak_fence":2385,"minecraft:golden_boots":2,"minecraft:white_banner":3,"minecraft:dropper":3327,"minecraft:arrow":88,"minecraft:cauldron":27,"minecraft:lime_terracotta":7416,"minecraft:iron_helmet":9,"minecraft:brown_dye":321,"minecraft:birch_pressure_plate":181,"minecraft:chainmail_chestplate":1,"minecraft:red_wool":424,"minecraft:acacia_button":2,"minecraft:spectral_arrow":340,"minecraft:white_stained_glass_pane":8040,"minecraft:yellow_stained_glass":2584,"minecraft:dispenser":2367,"minecraft:prismarine_brick_slab":18,"minecraft:tnt":493,"minecraft:spruce_trapdoor":8060,"minecraft:yellow_dye":2659,"minecraft:pink_wool":204,"minecraft:purple_dye":1092,"minecraft:gray_terracotta":9512,"minecraft:stick":82128,"minecraft:iron_ingot":55324,"minecraft:andesite_stairs":248,"minecraft:light_blue_shulker_box":24,"minecraft:light_blue_stained_glass":2504,"minecraft:lime_carpet":375,"minecraft:cyan_carpet":81,"minecraft:dark_oak_fence_gate":392,"minecraft:blue_terracotta":32,"minecraft:oak_door":9,"minecraft:nether_brick_slab":1028,"minecraft:tripwire_hook":648,"minecraft:fishing_rod":5,"minecraft:stone_brick_wall":2581,"minecraft:leather_boots":79,"minecraft:golden_chestplate":1,"minecraft:spruce_button":121,"minecraft:mossy_stone_bricks":25,"minecraft:furnace":1061,"minecraft:blast_furnace":279,"minecraft:piston":5887,"minecraft:magenta_stained_glass_pane":152,"minecraft:polished_andesite_slab":3646,"minecraft:smooth_quartz_stairs":1400,"minecraft:oak_trapdoor":1074,"minecraft:flint_and_steel":21,"minecraft:scaffolding":342,"minecraft:white_concrete_powder":35048,"minecraft:polished_granite_stairs":8,"minecraft:orange_terracotta":384,"minecraft:cobblestone_wall":3042,"minecraft:brown_shulker_box":4,"minecraft:smooth_quartz_slab":4980,"minecraft:red_sandstone_stairs":184,"minecraft:birch_sign":9,"minecraft:glistering_melon_slice":3,"minecraft:light_blue_stained_glass_pane":1480,"minecraft:jungle_wood":9,"minecraft:purple_stained_glass":2528,"minecraft:iron_trapdoor":6896,"minecraft:purple_shulker_box":3,"minecraft:diorite_wall":108,"minecraft:iron_sword":12,"minecraft:cooked_salmon":23,"minecraft:acacia_boat":26,"minecraft:jungle_planks":1556,"minecraft:white_dye":22363,"minecraft:brown_concrete_powder":2008,"minecraft:black_carpet":1071,"minecraft:blue_wool":163,"minecraft:anvil":77,"minecraft:stonecutter":144,"minecraft:prismarine_stairs":12,"minecraft:torch":19928,"minecraft:orange_bed":2,"minecraft:diamond_chestplate":4,"minecraft:ender_chest":38,"minecraft:light_gray_concrete_powder":25584,"minecraft:smooth_stone":2193,"minecraft:chiseled_red_sandstone":9,"minecraft:cut_sandstone":4955,"minecraft:dark_oak_pressure_plate":77,"minecraft:cut_sandstone_slab":304,"minecraft:orange_carpet":42,"minecraft:pink_bed":14,"minecraft:orange_stained_glass":1448,"minecraft:oak_pressure_plate":209,"minecraft:dark_oak_wood":1989,"minecraft:birch_slab":378,"minecraft:slime_block":287,"minecraft:loom":10,"minecraft:lever":796,"minecraft:bookshelf":252,"minecraft:dark_prismarine_stairs":116,"minecraft:cooked_mutton":2155,"minecraft:iron_bars":3520,"minecraft:red_concrete_powder":3528,"minecraft:magenta_shulker_box":1,"minecraft:quartz_block":30627,"minecraft:glass":2523,"minecraft:light_blue_terracotta":1088,"minecraft:repeater":8175,"minecraft:diamond_leggings":6,"minecraft:cyan_stained_glass_pane":192,"minecraft:birch_fence_gate":11,"minecraft:acacia_fence":18,"minecraft:birch_door":78,"minecraft:chiseled_quartz_block":71,"minecraft:magenta_dye":328,"minecraft:gray_bed":58,"minecraft:flower_pot":45,"minecraft:glass_bottle":378,"minecraft:emerald":10407,"minecraft:smooth_quartz":929,"minecraft:cooked_porkchop":2368,"minecraft:diamond_axe":8,"minecraft:spruce_door":126,"minecraft:oak_wood":4419,"minecraft:hay_block":963,"minecraft:campfire":448,"minecraft:knowledge_book":2,"minecraft:tnt_minecart":13,"minecraft:lime_shulker_box":4,"minecraft:green_terracotta":17312,"minecraft:compass":169,"minecraft:white_terracotta":632,"minecraft:iron_block":29266,"minecraft:light_blue_bed":3,"minecraft:gold_ingot":4935,"minecraft:light_gray_dye":6883,"minecraft:fire_charge":972,"minecraft:spruce_fence_gate":949,"minecraft:birch_stairs":248,"minecraft:yellow_concrete_powder":3688,"minecraft:rabbit_stew":286,"minecraft:stone_shovel":128,"minecraft:smooth_stone_slab":11212,"minecraft:leather_leggings":98,"minecraft:player_head":432,"minecraft:yellow_bed":4,"minecraft:red_terracotta":1104,"minecraft:bone_meal":47452,"minecraft:cyan_stained_glass":968,"minecraft:andesite_wall":264,"minecraft:pink_dye":715,"minecraft:white_carpet":1029,"minecraft:orange_wool":14,"minecraft:diamond":4023,"minecraft:dark_oak_fence":2160,"minecraft:detector_rail":12,"minecraft:ladder":756,"minecraft:blue_banner":9,"minecraft:spruce_slab":16054,"minecraft:diamond_boots":9,"minecraft:redstone_block":9127,"minecraft:dark_oak_planks":36835,"minecraft:golden_helmet":3,"minecraft:wheat":2628,"minecraft:coal_block":3484,"minecraft:firework_star":1884,"minecraft:daylight_detector":676,"minecraft:purple_stained_glass_pane":352,"minecraft:crossbow":36,"minecraft:skull_banner_pattern":1,"minecraft:dried_kelp":1281,"minecraft:red_sandstone_slab":1164,"minecraft:magenta_stained_glass":768,"minecraft:red_bed":71,"minecraft:polished_granite":1752,"minecraft:gray_concrete_powder":35656,"minecraft:sandstone_slab":66452,"minecraft:glowstone":456,"minecraft:white_stained_glass":17408,"minecraft:green_stained_glass_pane":528,"minecraft:golden_apple":30,"minecraft:acacia_sign":15,"minecraft:andesite_slab":2534,"minecraft:gray_shulker_box":13,"minecraft:cyan_shulker_box":16,"minecraft:wooden_axe":3,"minecraft:oak_stairs":1440,"minecraft:iron_leggings":7,"minecraft:white_bed":40,"minecraft:lime_wool":294,"minecraft:nether_brick_stairs":280,"minecraft:blue_carpet":150,"minecraft:brick":160,"minecraft:oak_planks":28676,"minecraft:dark_oak_boat":9,"minecraft:pink_shulker_box":3,"minecraft:cobblestone_stairs":7896,"minecraft:light_blue_banner":40,"minecraft:spruce_pressure_plate":25,"minecraft:suspicious_stew":4,"minecraft:green_dye":409,"minecraft:dark_oak_door":72,"minecraft:hopper":315,"minecraft:iron_boots":10,"minecraft:cyan_terracotta":29676,"minecraft:chiseled_stone_bricks":371,"minecraft:yellow_banner":14,"minecraft:stone_hoe":6,"minecraft:golden_sword":2,"minecraft:smoker":401,"minecraft:quartz_stairs":1912,"minecraft:item_frame":681,"minecraft:oak_slab":2970,"minecraft:acacia_wood":837,"minecraft:map":144,"minecraft:crafting_table":282,"minecraft:spruce_planks":103229,"minecraft:brown_stained_glass_pane":120,"minecraft:wooden_pickaxe":1,"minecraft:baked_potato":369,"minecraft:hopper_minecart":35,"minecraft:gold_block":307,"minecraft:brewing_stand":113,"minecraft:birch_planks":6168,"minecraft:black_shulker_box":9,"minecraft:dark_oak_slab":15430,"minecraft:book":500,"minecraft:iron_chestplate":4,"minecraft:emerald_block":48,"minecraft:paper":49563,"minecraft:charcoal":63,"minecraft:diamond_pickaxe":32,"minecraft:shield":8,"minecraft:light_weighted_pressure_plate":25,"minecraft:birch_fence":102,"minecraft:light_blue_dye":2710,"minecraft:leather_chestplate":117,"minecraft:stone_sword":1,"minecraft:snow_block":4032,"minecraft:green_shulker_box":3,"minecraft:gray_carpet":2071,"minecraft:redstone_torch":40094,"minecraft:light_gray_carpet":1527,"minecraft:sponge":167,"minecraft:light_gray_stained_glass_pane":5144,"minecraft:shears":457,"minecraft:green_carpet":795,"minecraft:sandstone_stairs":1096,"minecraft:polished_andesite":14892,"minecraft:coarse_dirt":26080,"minecraft:wooden_sword":1,"minecraft:purple_wool":266,"minecraft:cookie":3868,"minecraft:redstone":69806,"minecraft:coal":10251,"minecraft:light_gray_stained_glass":19992,"minecraft:popped_chorus_fruit":518,"minecraft:stone_button":2396,"minecraft:dark_oak_trapdoor":764,"minecraft:gray_dye":8184,"minecraft:dark_oak_sign":75,"minecraft:diamond_block":994,"minecraft:glass_pane":96,"minecraft:yellow_shulker_box":24,"minecraft:green_concrete_powder":2328,"minecraft:black_terracotta":5168,"minecraft:iron_axe":25,"minecraft:spruce_wood":99,"minecraft:iron_hoe":7,"minecraft:slime_ball":54,"minecraft:orange_concrete_powder":1600,"minecraft:lime_dye":1994,"minecraft:filled_map":188,"minecraft:chiseled_sandstone":52,"minecraft:minecart":127,"minecraft:observer":5441,"minecraft:cooked_beef":4012,"minecraft:sugar":1348,"minecraft:red_dye":3218,"minecraft:cooked_cod":581,"minecraft:cyan_concrete_powder":2576,"minecraft:bone_block":296,"minecraft:diamond_sword":24,"minecraft:cyan_dye":4604,"minecraft:spruce_sign":78,"minecraft:dark_oak_stairs":4088,"minecraft:pink_concrete_powder":1032,"minecraft:powered_rail":2064,"minecraft:activator_rail":6,"minecraft:yellow_carpet":699,"minecraft:bell":6,"minecraft:smooth_sandstone":2130,"minecraft:nether_bricks":792,"minecraft:bucket":498,"minecraft:stone_axe":8,"minecraft:brown_terracotta":2360,"minecraft:bread":1762,"minecraft:air":0,"minecraft:blue_dye":4270,"minecraft:black_stained_glass":6824,"minecraft:oak_boat":24,"minecraft:magenta_terracotta":128,"minecraft:smooth_sandstone_slab":344,"minecraft:white_wool":171,"minecraft:gold_nugget":117,"minecraft:brown_wool":144,"minecraft:dark_prismarine_slab":84,"minecraft:green_wool":400,"minecraft:pumpkin_pie":492,"minecraft:acacia_planks":10054,"minecraft:end_crystal":8,"minecraft:purple_concrete_powder":1456,"minecraft:lapis_lazuli":8163,"minecraft:lapis_block":2298,"minecraft:trapped_chest":4,"minecraft:firework_rocket":104512},"minecraft:broken":{"minecraft:diamond_helmet":1,"minecraft:shears":332,"minecraft:diamond_shovel":6,"minecraft:diamond_pickaxe":18,"minecraft:fishing_rod":4,"minecraft:diamond_leggings":1,"minecraft:stone_hoe":1,"minecraft:wooden_pickaxe":1,"minecraft:shield":1,"minecraft:iron_pickaxe":15,"minecraft:iron_shovel":15,"minecraft:stone_pickaxe":30,"minecraft:diamond_boots":1,"minecraft:stone_shovel":112,"minecraft:diamond_chestplate":1,"minecraft:golden_boots":1,"minecraft:iron_boots":1,"minecraft:iron_sword":1,"minecraft:iron_axe":9,"minecraft:golden_helmet":1,"minecraft:golden_leggings":1,"minecraft:wooden_axe":1,"minecraft:flint_and_steel":1},"minecraft:used":{"minecraft:writable_book":117,"minecraft:jack_o_lantern":6,"minecraft:polished_granite_stairs":11,"minecraft:smooth_quartz_slab":9465,"minecraft:dispenser":144,"minecraft:red_sandstone_slab":1259,"minecraft:dead_brain_coral":10,"minecraft:poppy":89,"minecraft:black_carpet":1056,"minecraft:quartz_stairs":1808,"minecraft:stone":297304,"minecraft:rotten_flesh":4,"minecraft:tube_coral":92,"minecraft:chiseled_red_sandstone":14,"minecraft:soul_sand":1771,"minecraft:cocoa_beans":1631,"minecraft:snowball":196,"minecraft:azure_bluet":134,"minecraft:spruce_boat":77,"minecraft:jungle_sapling":470,"minecraft:packed_ice":852,"minecraft:stripped_dark_oak_wood":275,"minecraft:lava_bucket":69,"minecraft:quartz_pillar":243,"minecraft:red_wool":309,"minecraft:lime_banner":7,"minecraft:quartz_block":546,"minecraft:dark_oak_leaves":98,"minecraft:dark_oak_slab":11317,"minecraft:diorite_wall":42,"minecraft:cooked_cod":1144,"minecraft:bow":2662,"minecraft:acacia_fence":8,"minecraft:oak_sapling":6453,"minecraft:gray_banner":1,"minecraft:yellow_glazed_terracotta":4,"minecraft:dark_prismarine_stairs":124,"minecraft:green_stained_glass_pane":399,"minecraft:lime_glazed_terracotta":1,"minecraft:mossy_stone_bricks":5,"minecraft:damaged_anvil":10,"minecraft:chorus_fruit":13,"minecraft:prismarine":120,"minecraft:lily_pad":5,"minecraft:clay":42,"minecraft:cactus":63,"minecraft:black_glazed_terracotta":1,"minecraft:wooden_pickaxe":60,"minecraft:composter":307,"minecraft:jungle_boat":22,"minecraft:golden_apple":18,"minecraft:cut_sandstone_slab":289,"minecraft:blast_furnace":234,"minecraft:acacia_leaves":566,"minecraft:chiseled_quartz_block":35,"minecraft:gray_concrete":21981,"minecraft:purple_concrete_powder":996,"minecraft:birch_fence":44,"minecraft:red_sandstone":3,"minecraft:birch_slab":154,"minecraft:gray_stained_glass_pane":477,"minecraft:oak_pressure_plate":158,"minecraft:coal_block":3000,"minecraft:nether_wart_block":1,"minecraft:diamond_sword":34927,"minecraft:smithing_table":340,"minecraft:birch_log":1284,"minecraft:oak_boat":78,"minecraft:purple_wool":2,"minecraft:oak_trapdoor":776,"minecraft:stripped_acacia_wood":3,"minecraft:dead_tube_coral_block":113,"minecraft:enchanting_table":15,"minecraft:orange_concrete":870,"minecraft:carved_pumpkin":14,"minecraft:armor_stand":159,"minecraft:light_gray_carpet":1102,"minecraft:cooked_salmon":542,"minecraft:torch":31719,"minecraft:orange_stained_glass":487,"minecraft:brewing_stand":132,"minecraft:nether_quartz_ore":7349,"minecraft:cod_bucket":7,"minecraft:light_gray_glazed_terracotta":120,"minecraft:yellow_carpet":669,"minecraft:oak_fence_gate":91,"minecraft:fern":257,"minecraft:sea_lantern":100,"minecraft:chipped_anvil":18,"minecraft:iron_block":5074,"minecraft:light_weighted_pressure_plate":30,"minecraft:filled_map":14,"minecraft:jungle_log":1042,"minecraft:barrel":834,"minecraft:bamboo":392,"minecraft:lime_concrete":1110,"minecraft:magenta_terracotta":29,"minecraft:podzol":779,"minecraft:dead_bubble_coral_fan":67,"minecraft:trapped_chest":16,"minecraft:acacia_planks":658,"minecraft:horn_coral_fan":241,"minecraft:wheat_seeds":5673,"minecraft:birch_planks":94,"minecraft:light_blue_shulker_box":1635,"minecraft:tube_coral_block":340,"minecraft:lead":2,"minecraft:blue_concrete_powder":1536,"minecraft:cauldron":21,"minecraft:spruce_fence_gate":253,"minecraft:gold_ore":71,"minecraft:conduit":4,"minecraft:diamond_block":1648,"minecraft:red_bed":214,"minecraft:light_gray_banner":29,"minecraft:rail":4281,"minecraft:white_bed":133,"minecraft:campfire":172,"minecraft:mushroom_stem":4,"minecraft:spruce_log":4446,"minecraft:acacia_sign":8,"minecraft:diamond_shovel":1001428,"minecraft:blue_stained_glass_pane":327,"minecraft:diamond_pickaxe":1544702,"minecraft:oak_button":6,"minecraft:suspicious_stew":4,"minecraft:tnt_minecart":13,"minecraft:spruce_pressure_plate":16,"minecraft:magenta_concrete_powder":2,"minecraft:spruce_trapdoor":8097,"minecraft:blue_carpet":151,"minecraft:spruce_sapling":2853,"minecraft:pink_bed":38,"minecraft:green_carpet":778,"minecraft:potion":99,"minecraft:orange_banner":23,"minecraft:purple_bed":38,"minecraft:cooked_porkchop":31,"minecraft:andesite_stairs":146,"minecraft:stripped_oak_log":422,"minecraft:dandelion":8,"minecraft:green_stained_glass":2113,"minecraft:light_blue_banner":48,"minecraft:blue_terracotta":25,"minecraft:red_sand":2143,"minecraft:light_gray_stained_glass_pane":4024,"minecraft:bone_block":684,"minecraft:nether_wart":170,"minecraft:grass":182,"minecraft:bubble_coral":43,"minecraft:green_terracotta":18278,"minecraft:spruce_leaves":16621,"minecraft:orange_glazed_terracotta":12,"minecraft:jungle_planks":23,"minecraft:pink_terracotta":585,"minecraft:obsidian":768,"minecraft:bricks":773,"minecraft:spruce_wood":110,"minecraft:lantern":1058,"minecraft:blue_orchid":1,"minecraft:green_wool":23,"minecraft:light_blue_bed":27,"minecraft:item_frame":928,"minecraft:birch_button":90,"minecraft:birch_trapdoor":128,"minecraft:horn_coral":98,"minecraft:blue_shulker_box":216,"minecraft:jungle_button":2,"minecraft:written_book":1512,"minecraft:gold_block":663,"minecraft:pink_concrete_powder":476,"minecraft:dark_oak_sapling":3866,"minecraft:tube_coral_fan":194,"minecraft:end_rod":4194,"minecraft:dropper":215,"minecraft:wither_skeleton_skull":15,"minecraft:stripped_acacia_log":578,"minecraft:gray_carpet":1277,"minecraft:stone_pickaxe":4186,"minecraft:jungle_fence":3,"minecraft:oak_planks":1766,"minecraft:prismarine_stairs":17,"minecraft:sandstone":12593,"minecraft:sugar_cane":27,"minecraft:diamond_axe":251283,"minecraft:white_wool":1057,"minecraft:light_blue_concrete":3355,"minecraft:lime_stained_glass_pane":203,"minecraft:light_blue_wool":471,"minecraft:yellow_concrete":909,"minecraft:crossbow":188,"minecraft:end_stone":105,"minecraft:sticky_piston":109,"minecraft:black_terracotta":6177,"minecraft:dead_fire_coral_fan":74,"minecraft:lever":210,"minecraft:daylight_detector":21,"minecraft:acacia_door":9,"minecraft:dark_oak_log":12728,"minecraft:bread":215,"minecraft:brown_wool":252,"minecraft:iron_door":81,"minecraft:evoker_spawn_egg":1,"minecraft:dead_horn_coral":13,"minecraft:light_blue_concrete_powder":4783,"minecraft:pufferfish_bucket":34,"minecraft:dead_horn_coral_fan":59,"minecraft:smooth_stone_slab":7804,"minecraft:coarse_dirt":29152,"minecraft:bone_meal":13107,"minecraft:orange_concrete_powder":1115,"minecraft:flint_and_steel":469,"minecraft:rose_bush":23,"minecraft:dried_kelp":65,"minecraft:redstone":1625,"minecraft:ender_chest":1193,"minecraft:brown_shulker_box":28,"minecraft:stone_hoe":433,"minecraft:dried_kelp_block":33,"minecraft:cooked_chicken":13,"minecraft:dirt":219949,"minecraft:prismarine_bricks":139,"minecraft:spruce_fence":3094,"minecraft:iron_hoe":44,"minecraft:wooden_axe":116,"minecraft:brown_terracotta":4287,"minecraft:light_gray_stained_glass":14440,"minecraft:oak_stairs":611,"minecraft:smooth_sandstone":3955,"minecraft:yellow_concrete_powder":2611,"minecraft:black_stained_glass":5078,"minecraft:dark_oak_pressure_plate":5,"minecraft:lime_stained_glass":1160,"minecraft:minecart":380,"minecraft:cyan_concrete_powder":1329,"minecraft:cooked_beef":4222,"minecraft:dead_bubble_coral_block":100,"minecraft:pumpkin":82,"minecraft:orange_stained_glass_pane":216,"minecraft:cobblestone_stairs":5735,"minecraft:pink_glazed_terracotta":9,"minecraft:snow_block":4185,"minecraft:baked_potato":354,"minecraft:birch_boat":43,"minecraft:purple_glazed_terracotta":6,"minecraft:brown_mushroom":14,"minecraft:cut_sandstone":4051,"minecraft:spruce_sign":66,"minecraft:green_bed":4,"minecraft:music_disc_cat":1,"minecraft:dark_prismarine_slab":96,"minecraft:red_mushroom":8,"minecraft:spider_eye":1,"minecraft:brown_glazed_terracotta":9,"minecraft:cyan_stained_glass":121,"minecraft:piston":122,"minecraft:gray_terracotta":10977,"minecraft:flower_pot":54,"minecraft:black_wool":824,"minecraft:lapis_ore":813,"minecraft:stone_slab":1631,"minecraft:detector_rail":17,"minecraft:magenta_concrete":1,"minecraft:jungle_stairs":2,"minecraft:yellow_wool":116,"minecraft:stone_axe":246,"minecraft:brown_stained_glass_pane":101,"minecraft:fire_coral_block":401,"minecraft:pink_shulker_box":94,"minecraft:end_crystal":11,"minecraft:cyan_stained_glass_pane":125,"minecraft:lapis_block":202,"minecraft:pumpkin_pie":788,"minecraft:wither_rose":2,"minecraft:sea_pickle":346,"minecraft:gray_wool":6,"minecraft:birch_stairs":79,"minecraft:peony":1,"minecraft:nether_brick_fence":39,"minecraft:dead_horn_coral_block":112,"minecraft:ladder":358,"minecraft:spruce_slab":13424,"minecraft:chest":2041,"minecraft:brown_concrete":23,"minecraft:white_shulker_box":196,"minecraft:acacia_sapling":2739,"minecraft:brick_slab":39,"minecraft:orange_wool":17,"minecraft:blue_stained_glass":3139,"minecraft:stripped_spruce_log":19,"minecraft:black_stained_glass_pane":448,"minecraft:grass_block":114231,"minecraft:birch_sapling":2367,"minecraft:polished_andesite_stairs":1523,"minecraft:orange_shulker_box":286,"minecraft:wet_sponge":6,"minecraft:music_disc_chirp":5,"minecraft:blue_banner":13,"minecraft:music_disc_wait":1,"minecraft:dark_oak_button":2,"minecraft:pink_wool":169,"minecraft:stone_brick_stairs":3793,"minecraft:rabbit_stew":4,"minecraft:snow":15957,"minecraft:red_stained_glass_pane":149,"minecraft:dark_oak_boat":119,"minecraft:sweet_berries":2146,"minecraft:furnace":101,"minecraft:egg":1095,"minecraft:potato":1202,"minecraft:dragon_head":18,"minecraft:dead_brain_coral_fan":50,"minecraft:seagrass":177,"minecraft:brown_concrete_powder":1914,"minecraft:magenta_shulker_box":35,"minecraft:light_blue_carpet":395,"minecraft:diorite":965,"minecraft:end_stone_bricks":15,"minecraft:spruce_door":30,"minecraft:stripped_birch_log":160,"minecraft:red_stained_glass":870,"minecraft:acacia_trapdoor":1424,"minecraft:powered_rail":2675,"minecraft:orange_tulip":21,"minecraft:lime_concrete_powder":1120,"minecraft:purpur_pillar":18,"minecraft:oak_leaves":34658,"minecraft:smooth_quartz_stairs":2251,"minecraft:cookie":132,"minecraft:dark_oak_trapdoor":623,"minecraft:sand":51832,"minecraft:purpur_stairs":7,"minecraft:blue_ice":7,"minecraft:black_concrete_powder":20751,"minecraft:pumpkin_seeds":8,"minecraft:chiseled_sandstone":8,"minecraft:stone_button":310,"minecraft:cyan_carpet":30,"minecraft:red_terracotta":784,"minecraft:lectern":44,"minecraft:diamond_ore":1337,"minecraft:polished_granite":2449,"minecraft:lilac":14,"minecraft:polished_andesite_slab":3410,"minecraft:magenta_stained_glass_pane":122,"minecraft:fire_charge":4,"minecraft:dark_oak_fence":1170,"minecraft:white_stained_glass":12476,"minecraft:bubble_coral_block":335,"minecraft:green_concrete_powder":1614,"minecraft:ice":7962,"minecraft:gray_stained_glass":7435,"minecraft:iron_bars":2577,"minecraft:acacia_log":6705,"minecraft:stone_sword":33,"minecraft:brain_coral_fan":351,"minecraft:red_concrete":1348,"minecraft:netherrack":8050,"minecraft:green_glazed_terracotta":5,"minecraft:orange_bed":8,"minecraft:light_gray_shulker_box":110,"minecraft:anvil":125,"minecraft:chorus_flower":10,"minecraft:stone_stairs":1673,"minecraft:nether_brick_slab":598,"minecraft:dead_tube_coral":10,"minecraft:blue_concrete":868,"minecraft:dead_brain_coral_block":500,"minecraft:nether_brick_stairs":166,"minecraft:polished_diorite":8,"minecraft:red_shulker_box":407,"minecraft:cyan_shulker_box":158,"minecraft:spruce_button":1,"minecraft:brick_stairs":49,"minecraft:iron_axe":3021,"minecraft:slime_block":120,"minecraft:smooth_quartz":7133,"minecraft:totem_of_undying":4,"minecraft:pink_stained_glass_pane":3,"minecraft:prismarine_slab":33,"minecraft:tripwire_hook":61,"minecraft:purple_concrete":554,"minecraft:glowstone":176,"minecraft:beef":6,"minecraft:gray_glazed_terracotta":6,"minecraft:iron_trapdoor":8014,"minecraft:acacia_wood":676,"minecraft:orange_terracotta":1184,"minecraft:observer":427,"minecraft:water_bucket":8906,"minecraft:yellow_banner":6,"minecraft:nether_brick_wall":560,"minecraft:light_blue_glazed_terracotta":1127,"minecraft:sandstone_stairs":571,"minecraft:prismarine_brick_slab":7,"minecraft:smooth_sandstone_slab":250,"minecraft:cartography_table":35,"minecraft:lime_wool":2,"minecraft:yellow_shulker_box":895,"minecraft:bubble_coral_fan":280,"minecraft:red_mushroom_block":53,"minecraft:fletching_table":1,"minecraft:pink_concrete":1,"minecraft:salmon":10,"minecraft:orange_carpet":36,"minecraft:cracked_stone_bricks":10,"minecraft:lime_terracotta":5835,"minecraft:comparator":113,"minecraft:vine":15,"minecraft:mossy_cobblestone":110,"minecraft:tnt":361,"minecraft:crafting_table":442,"minecraft:oak_slab":1825,"minecraft:birch_sign":18,"minecraft:fire_coral":123,"minecraft:cod":140,"minecraft:dark_oak_fence_gate":363,"minecraft:lime_shulker_box":202,"minecraft:cake":94,"minecraft:oak_log":6662,"minecraft:dark_prismarine":4188,"minecraft:ender_eye":1,"minecraft:cornflower":189,"minecraft:oxeye_daisy":39,"minecraft:stripped_jungle_log":15,"minecraft:sunflower":11,"minecraft:iron_pickaxe":4253,"minecraft:cyan_concrete":417,"minecraft:purpur_slab":8,"minecraft:chiseled_stone_bricks":235,"minecraft:cobblestone":9875,"minecraft:red_concrete_powder":2853,"minecraft:sandstone_slab":62684,"minecraft:glass_pane":11,"minecraft:brown_mushroom_block":44,"minecraft:jukebox":5,"minecraft:kelp":529,"minecraft:light_blue_stained_glass_pane":1216,"minecraft:iron_shovel":4616,"minecraft:carrot_on_a_stick":4,"minecraft:dead_tube_coral_fan":51,"minecraft:oak_sign":240,"minecraft:white_concrete_powder":32813,"minecraft:white_terracotta":1935,"minecraft:iron_sword":1034,"minecraft:purple_shulker_box":339,"minecraft:bell":13,"minecraft:player_head":871,"minecraft:birch_pressure_plate":26,"minecraft:nether_bricks":101,"minecraft:prismarine_brick_stairs":6,"minecraft:carrot":1789,"minecraft:music_disc_11":1,"minecraft:cyan_wool":67,"minecraft:milk_bucket":69,"minecraft:red_sandstone_stairs":117,"minecraft:glass":240,"minecraft:cyan_terracotta":33140,"minecraft:coal_ore":3936,"minecraft:quartz_slab":2891,"minecraft:dark_oak_wood":1717,"minecraft:gray_concrete_powder":38387,"minecraft:hopper_minecart":33,"minecraft:stone_bricks":2664,"minecraft:repeater":304,"minecraft:red_carpet":190,"minecraft:redstone_lamp":28,"minecraft:magma_block":1153,"minecraft:brown_carpet":420,"minecraft:hay_block":299,"minecraft:scaffolding":2701,"minecraft:gray_bed":86,"minecraft:fire_coral_fan":218,"minecraft:dark_oak_stairs":2232,"minecraft:birch_leaves":3840,"minecraft:dark_oak_sign":25,"minecraft:birch_wood":58,"minecraft:ender_pearl":570,"minecraft:blue_bed":26,"minecraft:redstone_block":369,"minecraft:brain_coral":49,"minecraft:yellow_terracotta":43,"minecraft:loom":17,"minecraft:black_banner":1,"minecraft:light_gray_terracotta":1493,"minecraft:gray_shulker_box":33,"minecraft:black_bed":2,"minecraft:dead_bubble_coral":21,"minecraft:sponge":157,"minecraft:note_block":81,"minecraft:firework_rocket":2422,"minecraft:string":4126,"minecraft:stone_brick_wall":1395,"minecraft:cyan_bed":22,"minecraft:shears":85472,"minecraft:green_concrete":482,"minecraft:birch_fence_gate":11,"minecraft:redstone_torch":480,"minecraft:heavy_weighted_pressure_plate":38,"minecraft:lime_carpet":364,"minecraft:light_gray_concrete":4830,"minecraft:black_concrete":10183,"minecraft:brown_stained_glass":2327,"minecraft:gravel":3238,"minecraft:oak_fence":1763,"minecraft:stripped_oak_wood":64,"minecraft:jungle_leaves":2059,"minecraft:purpur_block":31,"minecraft:white_concrete":23473,"minecraft:grindstone":449,"minecraft:experience_bottle":24,"minecraft:andesite":14290,"minecraft:cobweb":67,"minecraft:trident":2169,"minecraft:chest_minecart":6,"minecraft:tropical_fish_bucket":52,"minecraft:tropical_fish":1,"minecraft:redstone_ore":10099,"minecraft:stone_shovel":15155,"minecraft:light_blue_terracotta":903,"minecraft:spruce_planks":5696,"minecraft:oak_door":7,"minecraft:white_carpet":622,"minecraft:spruce_stairs":2762,"minecraft:hopper":333,"minecraft:cobblestone_wall":1794,"minecraft:shulker_box":6368,"minecraft:pink_carpet":52,"minecraft:oak_wood":4698,"minecraft:granite":1648,"minecraft:salmon_bucket":5,"minecraft:light_blue_stained_glass":474,"minecraft:birch_door":25,"minecraft:andesite_wall":174,"minecraft:purple_stained_glass_pane":259,"minecraft:stone_brick_slab":4077,"minecraft:dark_oak_planks":2589,"minecraft:yellow_stained_glass":1799,"minecraft:bookshelf":143,"minecraft:acacia_slab":136,"minecraft:light_gray_wool":1186,"minecraft:golden_carrot":6514,"minecraft:emerald_block":35,"minecraft:white_stained_glass_pane":7124,"minecraft:cyan_banner":4,"minecraft:stone_pressure_plate":193,"minecraft:horn_coral_block":283,"minecraft:brain_coral_block":1324,"minecraft:acacia_boat":30,"minecraft:cooked_mutton":2210,"minecraft:iron_ore":73,"minecraft:glass_bottle":191,"minecraft:polished_andesite":11817,"minecraft:blue_wool":2,"minecraft:andesite_slab":2376,"minecraft:black_shulker_box":101,"minecraft:magenta_stained_glass":32,"minecraft:red_glazed_terracotta":19,"minecraft:stonecutter":26,"minecraft:cobblestone_slab":12135,"minecraft:beacon":47,"minecraft:jungle_wood":8,"minecraft:stripped_dark_oak_log":972,"minecraft:terracotta":1589,"minecraft:dead_fire_coral_block":151,"minecraft:yellow_stained_glass_pane":581,"minecraft:light_gray_concrete_powder":24333,"minecraft:painting":65,"minecraft:activator_rail":4,"minecraft:smoker":165,"minecraft:dark_oak_door":68,"minecraft:purple_stained_glass":1030,"minecraft:acacia_stairs":242,"minecraft:apple":250,"minecraft:dead_fire_coral":12,"minecraft:map":45,"minecraft:fishing_rod":376,"minecraft:green_shulker_box":17,"minecraft:white_banner":11,"minecraft:red_banner":26,"minecraft:bucket":9326,"minecraft:smooth_stone":6006,"minecraft:yellow_bed":23,"minecraft:purple_carpet":178,"minecraft:splash_potion":3},"minecraft:killed":{"minecraft:cod":22,"minecraft:guardian":22768,"minecraft:skeleton_horse":6,"minecraft:tropical_fish":2,"minecraft:parrot":1,"minecraft:elder_guardian":6,"minecraft:salmon":48,"minecraft:iron_golem":21,"minecraft:ender_dragon":3,"minecraft:pillager":55,"minecraft:zombie":3198,"minecraft:evoker":2,"minecraft:zombie_pigman":9,"minecraft:vindicator":16,"minecraft:endermite":7,"minecraft:snow_golem":15,"minecraft:husk":152,"minecraft:rabbit":10,"minecraft:ravager":1,"minecraft:witch":22,"minecraft:spider":515,"minecraft:wither":1,"minecraft:silverfish":83,"minecraft:zombie_villager":41,"minecraft:sheep":929,"minecraft:trader_llama":23,"minecraft:ghast":120,"minecraft:vex":21,"minecraft:slime":1662,"minecraft:drowned":832,"minecraft:squid":2187,"minecraft:wither_skeleton":115,"minecraft:villager":20,"minecraft:cave_spider":16,"minecraft:shulker":505,"minecraft:skeleton":1288,"minecraft:fox":1,"minecraft:chicken":250,"minecraft:cat":9,"minecraft:magma_cube":213,"minecraft:cow":1459,"minecraft:horse":14,"minecraft:wandering_trader":14,"minecraft:enderman":23,"minecraft:turtle":1,"minecraft:wolf":3,"minecraft:pig":274,"minecraft:creeper":794,"minecraft:blaze":540,"minecraft:phantom":89,"minecraft:bat":44},"minecraft:killed_by":{"minecraft:zombie_villager":1,"minecraft:ravager":60,"minecraft:pufferfish":7,"minecraft:zombie":17,"minecraft:wither":4,"minecraft:ghast":1,"minecraft:drowned":12,"minecraft:skeleton":23,"minecraft:pillager":3,"minecraft:vindicator":5,"minecraft:vex":16,"minecraft:husk":2,"minecraft:zombie_pigman":6,"minecraft:ender_dragon":4,"minecraft:slime":5,"minecraft:guardian":62,"minecraft:wither_skeleton":1,"minecraft:creeper":18,"minecraft:silverfish":4,"minecraft:blaze":1,"minecraft:player":13,"minecraft:enderman":5,"minecraft:iron_golem":42,"minecraft:phantom":8},"minecraft:dropped":{"minecraft:iron_sword":7,"minecraft:porkchop":4,"minecraft:lapis_lazuli":345,"minecraft:chorus_fruit":385,"minecraft:glass_bottle":145,"minecraft:diamond":2207,"minecraft:crafting_table":69,"minecraft:cooked_porkchop":204,"minecraft:red_sandstone":2246,"minecraft:dark_oak_slab":650,"minecraft:cracked_stone_bricks":18,"minecraft:red_mushroom":26,"minecraft:emerald":30,"minecraft:gray_concrete":41,"minecraft:birch_fence":7,"minecraft:dark_oak_fence":35,"minecraft:black_stained_glass_pane":1,"minecraft:dark_oak_trapdoor":13,"minecraft:stripped_dark_oak_wood":12,"minecraft:gold_nugget":72,"minecraft:writable_book":6,"minecraft:sand":101380,"minecraft:fishing_rod":3,"minecraft:dark_oak_planks":233,"minecraft:white_wool":232,"minecraft:stone_axe":5,"minecraft:compass":18,"minecraft:lever":153,"minecraft:diamond_block":198,"minecraft:iron_nugget":15,"minecraft:cooked_chicken":187,"minecraft:black_carpet":119,"minecraft:wheat":153,"minecraft:obsidian":29,"minecraft:stripped_dark_oak_log":59,"minecraft:grindstone":4,"minecraft:rotten_flesh":6828,"minecraft:oak_planks":992,"minecraft:birch_wood":42,"minecraft:glowstone_dust":30,"minecraft:azure_bluet":55,"minecraft:blue_stained_glass":130,"minecraft:sea_lantern":65,"minecraft:coal_ore":1531,"minecraft:quartz_block":16967,"minecraft:jungle_log":1,"minecraft:leather_boots":11,"minecraft:acacia_sapling":135,"minecraft:leather_leggings":20,"minecraft:painting":3,"minecraft:glass":254,"minecraft:beef":28,"minecraft:podzol":73,"minecraft:purple_stained_glass_pane":126,"minecraft:stone_brick_stairs":220,"minecraft:acacia_fence":18,"minecraft:green_stained_glass":3,"minecraft:brown_concrete":3,"minecraft:golden_boots":22,"minecraft:black_dye":1,"minecraft:wheat_seeds":6490,"minecraft:light_gray_stained_glass_pane":311,"minecraft:prismarine_crystals":2624,"minecraft:book":14,"minecraft:red_stained_glass":11,"minecraft:yellow_carpet":31,"minecraft:golden_apple":3,"minecraft:coal_block":44,"minecraft:lime_banner":1,"minecraft:acacia_sign":2,"minecraft:lava_bucket":1,"minecraft:diamond_horse_armor":1,"minecraft:dark_oak_leaves":14,"minecraft:brown_concrete_powder":7,"minecraft:gray_wool":7,"minecraft:ink_sac":75,"minecraft:wooden_axe":2,"minecraft:cooked_salmon":2,"minecraft:lapis_ore":35,"minecraft:potion":19,"minecraft:stripped_birch_log":5,"minecraft:oak_stairs":42,"minecraft:pumpkin":34,"minecraft:white_banner":2,"minecraft:red_dye":5,"minecraft:smooth_stone":97,"minecraft:chainmail_leggings":7,"minecraft:smooth_sandstone":52,"minecraft:lily_pad":67,"minecraft:acacia_planks":106,"minecraft:stone_brick_slab":234,"minecraft:snow_block":111,"minecraft:yellow_concrete_powder":26,"minecraft:bricks":32,"minecraft:green_terracotta":126,"minecraft:light_blue_glazed_terracotta":17,"minecraft:player_head":356,"minecraft:cocoa_beans":17,"minecraft:chiseled_red_sandstone":3,"minecraft:sticky_piston":1,"minecraft:orange_concrete":13,"minecraft:experience_bottle":368,"minecraft:stone_shovel":5,"minecraft:red_banner":2,"minecraft:white_carpet":57,"minecraft:clay_ball":1728,"minecraft:iron_boots":5,"minecraft:damaged_anvil":2,"minecraft:name_tag":23,"minecraft:light_gray_concrete":117,"minecraft:white_terracotta":434,"minecraft:white_shulker_box":1,"minecraft:oak_sign":88,"minecraft:shears":45,"minecraft:suspicious_stew":1,"minecraft:blast_furnace":2,"minecraft:diamond_sword":19,"minecraft:cyan_wool":120,"minecraft:spruce_boat":6,"minecraft:brain_coral_block":193,"minecraft:sea_pickle":74,"minecraft:peony":23,"minecraft:spruce_trapdoor":206,"minecraft:spruce_planks":282,"minecraft:diamond_pickaxe":32,"minecraft:light_blue_carpet":10,"minecraft:fire_coral_block":1,"minecraft:andesite_stairs":66,"minecraft:redstone_torch":53,"minecraft:stone_pressure_plate":32,"minecraft:barrel":67,"minecraft:stone_bricks":455,"minecraft:bamboo":13,"minecraft:sandstone":10878,"minecraft:red_sand":70,"minecraft:bow":63,"minecraft:green_concrete_powder":3,"minecraft:magma_block":204,"minecraft:brick_slab":40,"minecraft:terracotta":476,"minecraft:blue_shulker_box":1,"minecraft:daylight_detector":1,"minecraft:soul_sand":69,"minecraft:orange_dye":70,"minecraft:oak_log":247,"minecraft:loom":1,"minecraft:purple_glazed_terracotta":32,"minecraft:ender_pearl":72,"minecraft:nether_star":3,"minecraft:dark_oak_sapling":20,"minecraft:lime_terracotta":3,"minecraft:leather":329,"minecraft:jungle_planks":18,"minecraft:red_wool":16,"minecraft:birch_slab":79,"minecraft:cod":5654,"minecraft:cobblestone_stairs":215,"minecraft:redstone_lamp":1,"minecraft:dark_oak_log":261,"minecraft:packed_ice":1,"minecraft:ice":96,"minecraft:dark_oak_wood":56,"minecraft:mutton":44,"minecraft:snowball":250,"minecraft:black_shulker_box":1,"minecraft:wet_sponge":50,"minecraft:dead_bubble_coral_fan":2,"minecraft:tube_coral":48,"minecraft:stripped_oak_wood":23,"minecraft:black_concrete":173,"minecraft:cauldron":4,"minecraft:gold_ingot":113,"minecraft:pink_terracotta":27,"minecraft:magenta_stained_glass":1,"minecraft:purpur_block":76,"minecraft:stripped_jungle_wood":1,"minecraft:andesite_slab":24,"minecraft:yellow_stained_glass":1,"minecraft:cooked_mutton":63,"minecraft:acacia_stairs":262,"minecraft:birch_fence_gate":2,"minecraft:leather_chestplate":19,"minecraft:trident":22,"minecraft:cyan_banner":1,"minecraft:oak_wood":7,"minecraft:beetroot_seeds":1,"minecraft:acacia_slab":12,"minecraft:stone_brick_wall":109,"minecraft:birch_door":1,"minecraft:iron_ore":1117,"minecraft:birch_button":1,"minecraft:iron_bars":441,"minecraft:scaffolding":197,"minecraft:white_concrete_powder":617,"minecraft:light_gray_concrete_powder":250,"minecraft:polished_granite":18,"minecraft:purple_carpet":30,"minecraft:stone_hoe":5,"minecraft:bread":1775,"minecraft:vine":1,"minecraft:golden_helmet":22,"minecraft:lilac":9,"minecraft:yellow_concrete":10,"minecraft:andesite_wall":45,"minecraft:tropical_fish":5,"minecraft:spruce_stairs":1088,"minecraft:acacia_log":1,"minecraft:spruce_fence_gate":215,"minecraft:iron_block":144,"minecraft:milk_bucket":1,"minecraft:green_dye":23,"minecraft:light_blue_wool":62,"minecraft:repeater":5,"minecraft:white_concrete":132,"minecraft:iron_door":15,"minecraft:yellow_shulker_box":2,"minecraft:zombie_head":1,"minecraft:light_gray_stained_glass":242,"minecraft:jungle_leaves":53,"minecraft:polished_andesite_stairs":6,"minecraft:cactus":10437,"minecraft:light_blue_stained_glass_pane":1,"minecraft:tripwire_hook":37,"minecraft:redstone_block":345,"minecraft:polished_diorite":8,"minecraft:blue_terracotta":22,"minecraft:kelp":10022,"minecraft:sweet_berries":1378,"minecraft:oak_trapdoor":16,"minecraft:dragon_head":1,"minecraft:light_gray_terracotta":1186,"minecraft:gray_glazed_terracotta":32,"minecraft:comparator":3,"minecraft:stripped_oak_log":83,"minecraft:totem_of_undying":1,"minecraft:shulker_box":16,"minecraft:flint_and_steel":6,"minecraft:gray_terracotta":220,"minecraft:oak_button":4,"minecraft:dead_tube_coral_fan":1,"minecraft:andesite":1671,"minecraft:golden_leggings":20,"minecraft:oak_sapling":488,"minecraft:birch_sign":19,"minecraft:gray_concrete_powder":130,"minecraft:spruce_log":678,"minecraft:nautilus_shell":23,"minecraft:magma_cream":3,"minecraft:light_blue_terracotta":355,"minecraft:brick":2,"minecraft:clay":24,"minecraft:acacia_wood":25,"minecraft:cooked_beef":140,"minecraft:oak_pressure_plate":4,"minecraft:sandstone_stairs":40,"minecraft:crossbow":12,"minecraft:cookie":57,"minecraft:dark_oak_button":14,"minecraft:saddle":1,"minecraft:purpur_stairs":11,"minecraft:elytra":25,"minecraft:rail":516,"minecraft:cut_sandstone_slab":2,"minecraft:dragon_breath":1,"minecraft:leather_helmet":12,"minecraft:red_carpet":1,"minecraft:item_frame":6,"minecraft:dirt":7234,"minecraft:grass":21,"minecraft:stone_button":314,"minecraft:yellow_dye":187,"minecraft:horn_coral":19,"minecraft:bone_meal":292,"minecraft:bone_block":21,"minecraft:sunflower":21,"minecraft:phantom_membrane":29,"minecraft:sugar":9,"minecraft:iron_pickaxe":5,"minecraft:dark_oak_boat":3,"minecraft:green_stained_glass_pane":1,"minecraft:gray_dye":5,"minecraft:bone":957,"minecraft:green_wool":11,"minecraft:oak_door":3,"minecraft:note_block":1,"minecraft:brain_coral_fan":1,"minecraft:sugar_cane":377,"minecraft:polished_andesite_slab":43,"minecraft:golden_chestplate":19,"minecraft:pink_dye":1,"minecraft:birch_sapling":237,"minecraft:blue_wool":5,"minecraft:lime_dye":5,"minecraft:end_stone":9,"minecraft:light_gray_carpet":316,"minecraft:jungle_trapdoor":39,"minecraft:white_bed":4,"minecraft:dark_oak_fence_gate":5,"minecraft:salmon":98,"minecraft:acacia_button":2,"minecraft:red_stained_glass_pane":1,"minecraft:yellow_stained_glass_pane":1,"minecraft:brick_stairs":8,"minecraft:jungle_stairs":3,"minecraft:charcoal":6,"minecraft:hopper":26,"minecraft:ladder":27,"minecraft:white_dye":198,"minecraft:spruce_slab":813,"minecraft:end_stone_bricks":44,"minecraft:campfire":6,"minecraft:ghast_tear":16,"minecraft:lectern":1,"minecraft:egg":109,"minecraft:enchanted_book":343,"minecraft:iron_ingot":682,"minecraft:cyan_stained_glass":2,"minecraft:birch_leaves":88,"minecraft:gray_stained_glass_pane":1,"minecraft:yellow_terracotta":2,"minecraft:purpur_slab":36,"minecraft:oak_fence":77,"minecraft:feather":159,"minecraft:iron_helmet":4,"minecraft:cobblestone":15145,"minecraft:purple_concrete":59,"minecraft:apple":146,"minecraft:granite":10732,"minecraft:spruce_button":18,"minecraft:stripped_jungle_log":2,"minecraft:spruce_door":8,"minecraft:chainmail_helmet":8,"minecraft:coal":1811,"minecraft:pufferfish":36,"minecraft:polished_andesite":498,"minecraft:end_rod":90,"minecraft:oxeye_daisy":41,"minecraft:dried_kelp_block":9,"minecraft:iron_trapdoor":7,"minecraft:golden_carrot":395,"minecraft:sponge":48,"minecraft:gray_bed":1,"minecraft:rose_bush":43,"minecraft:yellow_glazed_terracotta":1,"minecraft:diamond_helmet":12,"minecraft:lime_carpet":15,"minecraft:brown_terracotta":149,"minecraft:dried_kelp":3,"minecraft:iron_shovel":9,"minecraft:paper":1360,"minecraft:string":757,"minecraft:gray_carpet":144,"minecraft:magenta_shulker_box":1,"minecraft:spruce_sapling":105,"minecraft:pink_tulip":2,"minecraft:purpur_pillar":10,"minecraft:furnace":9,"minecraft:redstone_ore":64,"minecraft:stone_sword":28,"minecraft:cobblestone_wall":169,"minecraft:dark_oak_sign":2,"minecraft:smooth_stone_slab":374,"minecraft:bowl":10,"minecraft:diamond_hoe":1,"minecraft:chicken":22,"minecraft:slime_block":8,"minecraft:stone_slab":105,"minecraft:red_sandstone_slab":8,"minecraft:light_blue_concrete":128,"minecraft:orange_wool":1,"minecraft:nether_bricks":6,"minecraft:spruce_fence":570,"minecraft:pumpkin_seeds":200,"minecraft:purple_stained_glass":1013,"minecraft:lily_of_the_valley":2,"minecraft:light_blue_dye":45,"minecraft:potato":294,"minecraft:cobblestone_slab":218,"minecraft:hay_block":50,"minecraft:stone":41429,"minecraft:yellow_bed":3,"minecraft:carved_pumpkin":4,"minecraft:spider_eye":391,"minecraft:brown_carpet":3,"minecraft:light_gray_dye":22,"minecraft:rabbit_stew":69,"minecraft:birch_boat":2,"minecraft:blue_orchid":20,"minecraft:red_tulip":8,"minecraft:red_sandstone_stairs":18,"minecraft:black_wool":151,"minecraft:quartz_slab":20,"minecraft:gold_ore":133,"minecraft:spruce_sign":4,"minecraft:birch_planks":129,"minecraft:brown_mushroom":72,"minecraft:dark_oak_stairs":213,"minecraft:diamond_axe":21,"minecraft:baked_potato":41,"minecraft:stripped_birch_wood":3,"minecraft:sandstone_slab":326,"minecraft:lantern":17,"minecraft:tube_coral_fan":3,"minecraft:flint":514,"minecraft:spruce_leaves":259,"minecraft:cyan_terracotta":520,"minecraft:orange_carpet":8,"minecraft:cornflower":33,"minecraft:seagrass":164,"minecraft:cooked_cod":1212,"minecraft:cut_sandstone":19,"minecraft:white_stained_glass_pane":176,"minecraft:pumpkin_pie":23,"minecraft:acacia_door":4,"minecraft:birch_log":337,"minecraft:black_stained_glass":56,"minecraft:armor_stand":63,"minecraft:gravel":1580,"minecraft:white_tulip":10,"minecraft:yellow_wool":185,"minecraft:black_terracotta":56,"minecraft:fern":75,"minecraft:diamond_shovel":22,"minecraft:prismarine":5,"minecraft:stone_stairs":45,"minecraft:carrot":186,"minecraft:chainmail_chestplate":11,"minecraft:chiseled_stone_bricks":7,"minecraft:shulker_shell":73,"minecraft:poppy":452,"minecraft:rabbit_hide":1,"minecraft:turtle_helmet":1,"minecraft:gunpowder":1444,"minecraft:birch_trapdoor":3,"minecraft:spruce_pressure_plate":3,"minecraft:glowstone":5,"minecraft:spruce_wood":3,"minecraft:chainmail_boots":6,"minecraft:chest":39,"minecraft:arrow":1120,"minecraft:gray_shulker_box":2,"minecraft:powered_rail":93,"minecraft:prismarine_bricks":1,"minecraft:quartz":199,"minecraft:netherrack":13898,"minecraft:written_book":35,"minecraft:oak_leaves":813,"minecraft:firework_rocket":1469,"minecraft:water_bucket":18,"minecraft:oak_slab":528,"minecraft:stripped_spruce_log":13,"minecraft:red_concrete_powder":10,"minecraft:chorus_flower":1,"minecraft:mossy_cobblestone":7,"minecraft:minecart":22,"minecraft:bookshelf":16,"minecraft:diamond_leggings":4,"minecraft:poisonous_potato":6,"minecraft:prismarine_shard":3006,"minecraft:lead":17,"minecraft:spectral_arrow":85,"minecraft:observer":2,"minecraft:dark_oak_pressure_plate":1,"minecraft:nether_brick_wall":106,"minecraft:light_blue_concrete_powder":1,"minecraft:dead_horn_coral_block":4,"minecraft:grass_block":4007,"minecraft:stick":2268,"minecraft:diorite":11194,"minecraft:brewing_stand":1,"minecraft:light_blue_stained_glass":36,"minecraft:torch":1030,"minecraft:smooth_quartz":35,"minecraft:brown_wool":128,"minecraft:map":2,"minecraft:green_carpet":13,"minecraft:iron_leggings":2,"minecraft:smooth_quartz_slab":74,"minecraft:wither_rose":8,"minecraft:iron_axe":11,"minecraft:bucket":32,"minecraft:lapis_block":192,"minecraft:dandelion":276,"minecraft:redstone":1222,"minecraft:red_concrete":6,"minecraft:bubble_coral":1,"minecraft:nether_brick_slab":61,"minecraft:brown_dye":1,"minecraft:gray_stained_glass":2,"minecraft:ender_chest":7,"minecraft:coarse_dirt":273,"minecraft:nether_wart":1,"minecraft:blaze_rod":8,"minecraft:composter":1,"minecraft:brown_glazed_terracotta":64,"minecraft:dead_bubble_coral_block":3,"minecraft:light_gray_wool":976,"minecraft:iron_hoe":2,"minecraft:cyan_stained_glass_pane":10,"minecraft:ender_eye":1,"minecraft:acacia_leaves":66,"minecraft:glass_pane":152,"minecraft:red_terracotta":457,"minecraft:filled_map":28,"minecraft:snow":1462,"minecraft:shield":7,"minecraft:black_concrete_powder":139,"minecraft:diamond_chestplate":5,"minecraft:orange_terracotta":584,"minecraft:iron_chestplate":3,"minecraft:cake":12,"minecraft:quartz_stairs":32,"minecraft:mossy_stone_bricks":3,"minecraft:pink_wool":57,"minecraft:fire_coral":48,"minecraft:dead_fire_coral":1,"minecraft:oak_boat":5,"minecraft:golden_sword":1,"minecraft:slime_ball":184,"minecraft:diamond_boots":11,"minecraft:stripped_acacia_log":3,"minecraft:beacon":12,"minecraft:stone_pickaxe":4,"minecraft:dead_brain_coral_block":4,"minecraft:nether_quartz_ore":1,"minecraft:white_stained_glass":153,"minecraft:light_blue_bed":1,"minecraft:light_blue_shulker_box":1},"minecraft:mined":{"minecraft:blue_carpet":7,"minecraft:dragon_wall_head":23,"minecraft:cut_sandstone_slab":56,"minecraft:white_bed":87,"minecraft:red_shulker_box":398,"minecraft:pink_bed":20,"minecraft:fire_coral_wall_fan":1087,"minecraft:cyan_shulker_box":148,"minecraft:light_blue_carpet":70,"minecraft:granite":36736,"minecraft:acacia_log":21677,"minecraft:brown_wool":26,"minecraft:oak_pressure_plate":15,"minecraft:green_concrete":875,"minecraft:oak_wall_sign":75,"minecraft:nether_wart":162,"minecraft:red_stained_glass_pane":29,"minecraft:chorus_flower":35,"minecraft:magma_block":2865,"minecraft:dark_oak_trapdoor":176,"minecraft:barrel":330,"minecraft:fletching_table":1,"minecraft:nether_brick_stairs":17,"minecraft:dead_tube_coral":10,"minecraft:spruce_pressure_plate":7,"minecraft:light_gray_concrete":6240,"minecraft:green_carpet":67,"minecraft:spruce_wood":35,"minecraft:white_banner":2,"minecraft:pink_tulip":29,"minecraft:white_shulker_box":180,"minecraft:player_head":233,"minecraft:orange_bed":7,"minecraft:tripwire":1101,"minecraft:jungle_trapdoor":53,"minecraft:sandstone_slab":2802,"minecraft:cut_sandstone":738,"minecraft:blue_wall_banner":5,"minecraft:blue_concrete_powder":11,"minecraft:kelp_plant":6281,"minecraft:smoker":115,"minecraft:torch":6372,"minecraft:note_block":40,"minecraft:dark_oak_wood":221,"minecraft:melon":6,"minecraft:white_stained_glass_pane":823,"minecraft:dead_bush":118,"minecraft:nether_brick_slab":77,"minecraft:spruce_wall_sign":17,"minecraft:smooth_quartz_slab":1993,"minecraft:tube_coral_fan":166,"minecraft:dead_tube_coral_fan":83,"minecraft:lime_shulker_box":199,"minecraft:sugar_cane":1550,"minecraft:bricks":174,"minecraft:birch_sapling":95,"minecraft:white_terracotta":24652,"minecraft:repeater":140,"minecraft:magenta_bed":1,"minecraft:jukebox":6,"minecraft:yellow_glazed_terracotta":3,"minecraft:wither_rose":2,"minecraft:infested_mossy_stone_bricks":2,"minecraft:grass":6789,"minecraft:dark_oak_sapling":53,"minecraft:birch_button":11,"minecraft:smooth_quartz":2531,"minecraft:acacia_sign":1,"minecraft:attached_pumpkin_stem":11,"minecraft:purple_glazed_terracotta":6,"minecraft:dark_prismarine":1234,"minecraft:brown_concrete":90,"minecraft:light_blue_wool":314,"minecraft:mossy_cobblestone":123,"minecraft:nether_brick_wall":254,"minecraft:orange_concrete_powder":22,"minecraft:dark_oak_log":41139,"minecraft:cyan_stained_glass":30,"minecraft:sea_lantern":34,"minecraft:end_stone":116,"minecraft:birch_fence_gate":8,"minecraft:dark_oak_fence":188,"minecraft:spruce_fence":913,"minecraft:stripped_jungle_wood":1,"minecraft:redstone_wire":851,"minecraft:red_mushroom":26,"minecraft:cartography_table":19,"minecraft:white_concrete_powder":1913,"minecraft:magenta_stained_glass_pane":29,"minecraft:horn_coral":184,"minecraft:redstone_ore":28935,"minecraft:acacia_trapdoor":315,"minecraft:light_blue_concrete_powder":495,"minecraft:andesite":50191,"minecraft:green_terracotta":3598,"minecraft:cyan_concrete":629,"minecraft:vine":463,"minecraft:rail":3411,"minecraft:cobblestone_slab":1412,"minecraft:brain_coral_wall_fan":1038,"minecraft:green_wool":2,"minecraft:bone_block":372,"minecraft:fire_coral_block":1941,"minecraft:pink_glazed_terracotta":4,"minecraft:ender_chest":1183,"minecraft:birch_stairs":55,"minecraft:oak_slab":857,"minecraft:soul_sand":3754,"minecraft:redstone_block":203,"minecraft:glass_pane":79,"minecraft:red_sandstone_slab":254,"minecraft:lily_of_the_valley":14,"minecraft:dandelion":752,"minecraft:fire_coral":200,"minecraft:cornflower":277,"minecraft:prismarine_slab":8,"minecraft:dead_tube_coral_wall_fan":10,"minecraft:tall_grass":2,"minecraft:potted_oxeye_daisy":1,"minecraft:campfire":68,"minecraft:purpur_pillar":33,"minecraft:brain_coral_fan":181,"minecraft:green_stained_glass_pane":53,"minecraft:diorite":36792,"minecraft:orange_carpet":5,"minecraft:red_terracotta":16008,"minecraft:black_stained_glass":556,"minecraft:coarse_dirt":8390,"minecraft:trapped_chest":12,"minecraft:light_blue_bed":24,"minecraft:cobblestone_wall":347,"minecraft:stripped_spruce_wood":4,"minecraft:dark_oak_wall_sign":1,"minecraft:dead_bubble_coral_fan":54,"minecraft:purple_concrete":1207,"minecraft:dark_prismarine_slab":18,"minecraft:dark_oak_button":1,"minecraft:gravel":139533,"minecraft:cobweb":89,"minecraft:brown_terracotta":5700,"minecraft:birch_sign":9,"minecraft:oak_button":3,"minecraft:stone_bricks":699,"minecraft:gold_ore":3406,"minecraft:chipped_anvil":21,"minecraft:iron_trapdoor":2220,"minecraft:fern":466,"minecraft:stone_pressure_plate":31,"minecraft:oak_sapling":268,"minecraft:farmland":446,"minecraft:andesite_stairs":3,"minecraft:orange_stained_glass":152,"minecraft:orange_wool":8,"minecraft:brewing_stand":106,"minecraft:spruce_trapdoor":2519,"minecraft:dead_horn_coral":13,"minecraft:lime_banner":1,"minecraft:white_concrete":25940,"minecraft:bubble_coral_fan":162,"minecraft:polished_diorite":31,"minecraft:frosted_ice":5,"minecraft:composter":58,"minecraft:dragon_head":7,"minecraft:green_stained_glass":127,"minecraft:red_tulip":8,"minecraft:iron_bars":878,"minecraft:spruce_slab":3457,"minecraft:brown_shulker_box":26,"minecraft:gray_terracotta":3096,"minecraft:quartz_block":316,"minecraft:orange_terracotta":17266,"minecraft:yellow_banner":1,"minecraft:purpur_stairs":24,"minecraft:light_gray_terracotta":33945,"minecraft:jungle_stairs":5,"minecraft:mossy_cobblestone_wall":2,"minecraft:beacon":45,"minecraft:wither_skeleton_wall_skull":3,"minecraft:nether_quartz_ore":79655,"minecraft:oak_planks":1003,"minecraft:light_blue_banner":9,"minecraft:wall_torch":4735,"minecraft:cauldron":8,"minecraft:light_blue_terracotta":108,"minecraft:fire_coral_fan":177,"minecraft:stone_stairs":377,"minecraft:light_weighted_pressure_plate":5,"minecraft:blue_terracotta":15,"minecraft:powered_rail":787,"minecraft:dark_oak_slab":1801,"minecraft:blue_ice":65,"minecraft:tnt":189,"minecraft:smooth_stone_slab":2168,"minecraft:oak_log":38172,"minecraft:lime_terracotta":1036,"minecraft:dirt":303060,"minecraft:prismarine_stairs":7,"minecraft:dispenser":65,"minecraft:daylight_detector":10,"minecraft:yellow_wall_banner":2,"minecraft:pink_carpet":7,"minecraft:quartz_stairs":561,"minecraft:dark_oak_leaves":1062,"minecraft:red_stained_glass":555,"minecraft:gray_glazed_terracotta":4,"minecraft:lever":48,"minecraft:ladder":96,"minecraft:stone_button":55,"minecraft:tube_coral_wall_fan":945,"minecraft:cyan_banner":1,"minecraft:brown_mushroom_block":50,"minecraft:birch_slab":103,"minecraft:spruce_leaves":34470,"minecraft:acacia_slab":36,"minecraft:dead_horn_coral_wall_fan":6,"minecraft:hay_block":82,"minecraft:light_blue_wall_banner":14,"minecraft:dead_brain_coral":10,"minecraft:heavy_weighted_pressure_plate":1,"minecraft:orange_stained_glass_pane":26,"minecraft:light_gray_shulker_box":106,"minecraft:detector_rail":14,"minecraft:gold_block":595,"minecraft:nether_brick_fence":74,"minecraft:bookshelf":180,"minecraft:stripped_oak_log":1074,"minecraft:wet_sponge":230,"minecraft:pink_terracotta":69,"minecraft:orange_glazed_terracotta":3,"minecraft:scaffolding":513,"minecraft:acacia_leaves":6666,"minecraft:magenta_stained_glass":9,"minecraft:snow_block":913,"minecraft:stripped_dark_oak_log":1934,"minecraft:polished_granite":1126,"minecraft:oak_fence":511,"minecraft:gray_stained_glass":810,"minecraft:lime_carpet":23,"minecraft:stone_slab":323,"minecraft:red_glazed_terracotta":3,"minecraft:red_concrete":2273,"minecraft:prismarine_bricks":42,"minecraft:birch_planks":138,"minecraft:dead_fire_coral_block":199,"minecraft:bubble_coral":213,"minecraft:sea_pickle":259,"minecraft:ice":6988,"minecraft:white_wall_banner":6,"minecraft:grass_path":1734,"minecraft:black_wool":388,"minecraft:dead_brain_coral_wall_fan":31,"minecraft:cocoa":133,"minecraft:yellow_concrete":1536,"minecraft:flower_pot":8,"minecraft:cyan_carpet":7,"minecraft:purple_shulker_box":337,"minecraft:cracked_stone_bricks":51,"minecraft:stripped_acacia_wood":39,"minecraft:dead_bubble_coral_wall_fan":21,"minecraft:mossy_stone_bricks":4,"minecraft:dark_oak_planks":771,"minecraft:dead_horn_coral_fan":55,"minecraft:dark_prismarine_stairs":20,"minecraft:light_blue_concrete":3909,"minecraft:black_terracotta":1863,"minecraft:chiseled_red_sandstone":8,"minecraft:jungle_leaves":4505,"minecraft:obsidian":521,"minecraft:carved_pumpkin":14,"minecraft:red_sand":30424,"minecraft:stone_brick_wall":253,"minecraft:yellow_carpet":109,"minecraft:jungle_log":11049,"minecraft:horn_coral_fan":216,"minecraft:coal_block":848,"minecraft:hopper":157,"minecraft:lime_stained_glass":114,"minecraft:purpur_slab":73,"minecraft:oxeye_daisy":271,"minecraft:bubble_coral_block":1794,"minecraft:tube_coral_block":1449,"minecraft:chiseled_stone_bricks":77,"minecraft:light_blue_stained_glass":102,"minecraft:orange_concrete":1357,"minecraft:brown_stained_glass":111,"minecraft:sticky_piston":54,"minecraft:dead_fire_coral_wall_fan":10,"minecraft:cyan_wall_banner":2,"minecraft:pumpkin":497,"minecraft:stripped_dark_oak_wood":396,"minecraft:enchanting_table":13,"minecraft:lime_stained_glass_pane":58,"minecraft:oak_sign":30,"minecraft:oak_stairs":195,"minecraft:quartz_slab":774,"minecraft:blue_orchid":623,"minecraft:iron_block":4564,"minecraft:piston_head":13,"minecraft:conduit":2,"minecraft:brown_mushroom":65,"minecraft:red_bed":137,"minecraft:player_wall_head":155,"minecraft:blue_stained_glass":1088,"minecraft:blast_furnace":147,"minecraft:polished_andesite_stairs":416,"minecraft:green_concrete_powder":117,"minecraft:dead_brain_coral_fan":95,"minecraft:glass":92,"minecraft:cyan_bed":19,"minecraft:damaged_anvil":17,"minecraft:smooth_sandstone_slab":25,"minecraft:spruce_sign":2,"minecraft:cyan_wool":51,"minecraft:black_concrete_powder":2452,"minecraft:light_gray_stained_glass":1106,"minecraft:wheat":7803,"minecraft:pumpkin_stem":252,"minecraft:lime_concrete":1801,"minecraft:black_bed":2,"minecraft:stone_brick_stairs":1455,"minecraft:prismarine_brick_stairs":3,"minecraft:oak_fence_gate":30,"minecraft:purple_concrete_powder":2,"minecraft:loom":13,"minecraft:stripped_birch_wood":12,"minecraft:blue_shulker_box":210,"minecraft:stonecutter":13,"minecraft:red_mushroom_block":63,"minecraft:yellow_stained_glass":515,"minecraft:piston":61,"minecraft:light_blue_stained_glass_pane":182,"minecraft:yellow_terracotta":54,"minecraft:pink_shulker_box":93,"minecraft:light_gray_stained_glass_pane":996,"minecraft:dead_bubble_coral":21,"minecraft:blue_stained_glass_pane":166,"minecraft:stripped_birch_log":528,"minecraft:jack_o_lantern":3,"minecraft:shulker_box":6174,"minecraft:orange_banner":21,"minecraft:nether_bricks":1220,"minecraft:jungle_planks":32,"minecraft:orange_shulker_box":283,"minecraft:magenta_concrete":1,"minecraft:red_sandstone_stairs":24,"minecraft:yellow_concrete_powder":398,"minecraft:horn_coral_wall_fan":962,"minecraft:kelp":2432,"minecraft:pink_wool":3,"minecraft:black_stained_glass_pane":36,"minecraft:jungle_sapling":14,"minecraft:red_sandstone":3,"minecraft:snow":37874,"minecraft:acacia_wood":185,"minecraft:diamond_block":1077,"minecraft:potatoes":1186,"minecraft:smooth_quartz_stairs":732,"minecraft:bamboo_sapling":7,"minecraft:bamboo":34,"minecraft:white_wool":887,"minecraft:cake":15,"minecraft:brain_coral":205,"minecraft:smithing_table":62,"minecraft:light_gray_carpet":107,"minecraft:gray_concrete":23659,"minecraft:comparator":49,"minecraft:brown_stained_glass_pane":41,"minecraft:brown_carpet":31,"minecraft:stone_brick_slab":1204,"minecraft:pink_concrete_powder":51,"minecraft:observer":185,"minecraft:jungle_sign":1,"minecraft:smooth_sandstone":1164,"minecraft:light_gray_concrete_powder":2281,"minecraft:spruce_button":1,"minecraft:emerald_ore":25,"minecraft:cyan_concrete_powder":143,"minecraft:sponge":3,"minecraft:dropper":61,"minecraft:dried_kelp_block":33,"minecraft:purple_bed":42,"minecraft:lime_glazed_terracotta":2,"minecraft:purple_stained_glass":38,"minecraft:prismarine_brick_slab":6,"minecraft:white_carpet":160,"minecraft:spruce_log":54466,"minecraft:birch_leaves":9830,"minecraft:jungle_fence":4,"minecraft:quartz_pillar":171,"minecraft:red_wall_banner":3,"minecraft:mycelium":2,"minecraft:dark_oak_sign":2,"minecraft:pink_stained_glass_pane":3,"minecraft:acacia_planks":179,"minecraft:spruce_fence_gate":56,"minecraft:infested_stone":37,"minecraft:black_shulker_box":97,"minecraft:light_gray_banner":4,"minecraft:spruce_planks":2390,"minecraft:cobblestone_stairs":629,"minecraft:potted_blue_orchid":1,"minecraft:potted_cactus":1,"minecraft:grass_block":193978,"minecraft:dead_tube_coral_block":119,"minecraft:gray_banner":1,"minecraft:blue_concrete":1407,"minecraft:purple_stained_glass_pane":37,"minecraft:sandstone_stairs":157,"minecraft:smooth_stone":844,"minecraft:potted_birch_sapling":1,"minecraft:glowstone":2624,"minecraft:iron_ore":12769,"minecraft:anvil":74,"minecraft:black_carpet":214,"minecraft:azure_bluet":256,"minecraft:dark_oak_stairs":681,"minecraft:purple_carpet":23,"minecraft:birch_wall_sign":3,"minecraft:end_stone_bricks":93,"minecraft:brain_coral_block":2908,"minecraft:polished_granite_stairs":3,"minecraft:green_bed":3,"minecraft:dead_fire_coral":13,"minecraft:blue_banner":3,"minecraft:dead_bubble_coral_block":156,"minecraft:cyan_terracotta":9567,"minecraft:clay":504,"minecraft:chiseled_quartz_block":1,"minecraft:dead_fire_coral_fan":104,"minecraft:poppy":1106,"minecraft:chest":1341,"minecraft:mushroom_stem":16,"minecraft:cobblestone":2838,"minecraft:birch_wood":5,"minecraft:slime_block":38,"minecraft:grindstone":168,"minecraft:prismarine":71,"minecraft:magenta_shulker_box":34,"minecraft:seagrass":1370,"minecraft:light_gray_glazed_terracotta":59,"minecraft:acacia_sapling":184,"minecraft:brown_concrete_powder":75,"minecraft:nether_wart_block":1,"minecraft:birch_log":15714,"minecraft:lapis_block":30,"minecraft:yellow_wool":146,"minecraft:birch_trapdoor":36,"minecraft:activator_rail":3,"minecraft:stripped_oak_wood":240,"minecraft:light_gray_wool":105,"minecraft:orange_tulip":24,"minecraft:purpur_block":127,"minecraft:yellow_stained_glass_pane":83,"minecraft:acacia_fence":7,"minecraft:diorite_wall":26,"minecraft:sand":293780,"minecraft:tripwire_hook":23,"minecraft:wither_skeleton_skull":6,"minecraft:netherrack":60818,"minecraft:emerald_block":9,"minecraft:oak_leaves":59730,"minecraft:horn_coral_block":1457,"minecraft:redstone_lamp":5,"minecraft:diamond_ore":3805,"minecraft:tube_coral":195,"minecraft:red_carpet":31,"minecraft:gray_shulker_box":22,"minecraft:gray_stained_glass_pane":12,"minecraft:black_banner":1,"minecraft:brick_stairs":11,"minecraft:light_blue_glazed_terracotta":371,"minecraft:white_stained_glass":1851,"minecraft:polished_andesite_slab":744,"minecraft:sandstone":82897,"minecraft:oak_trapdoor":248,"minecraft:potted_dark_oak_sapling":2,"minecraft:red_concrete_powder":105,"minecraft:spruce_sapling":76,"minecraft:furnace":49,"minecraft:carrots":1242,"minecraft:black_glazed_terracotta":1,"minecraft:acacia_stairs":54,"minecraft:chiseled_sandstone":3,"minecraft:stripped_spruce_log":642,"minecraft:dark_oak_fence_gate":87,"minecraft:black_concrete":12437,"minecraft:dead_horn_coral_block":161,"minecraft:bell":10,"minecraft:lantern":183,"minecraft:stripped_acacia_log":735,"minecraft:stripped_jungle_log":44,"minecraft:packed_ice":1059,"minecraft:chorus_plant":101,"minecraft:white_tulip":28,"minecraft:stone":768192,"minecraft:yellow_shulker_box":883,"minecraft:redstone_wall_torch":21,"minecraft:birch_pressure_plate":1,"minecraft:podzol":927,"minecraft:light_blue_shulker_box":1617,"minecraft:red_wool":161,"minecraft:infested_stone_bricks":5,"minecraft:red_banner":20,"minecraft:crafting_table":389,"minecraft:cyan_stained_glass_pane":14,"minecraft:oak_wood":589,"minecraft:light_gray_wall_banner":25,"minecraft:lime_concrete_powder":8,"minecraft:rose_bush":2,"minecraft:andesite_slab":118,"minecraft:lectern":22,"minecraft:andesite_wall":56,"minecraft:lapis_ore":2784,"minecraft:lily_pad":78,"minecraft:blue_bed":28,"minecraft:spruce_stairs":931,"minecraft:gray_wool":2,"minecraft:cactus":89,"minecraft:gray_concrete_powder":4109,"minecraft:brick_slab":66,"minecraft:green_shulker_box":16,"minecraft:redstone_torch":156,"minecraft:sweet_berry_bush":459,"minecraft:gray_bed":68,"minecraft:yellow_bed":22,"minecraft:dead_brain_coral_block":513,"minecraft:coal_ore":33698,"minecraft:end_rod":2072,"minecraft:bubble_coral_wall_fan":1085,"minecraft:gray_carpet":246,"minecraft:terracotta":39571,"minecraft:polished_andesite":4139,"minecraft:acacia_wall_sign":2,"minecraft:birch_fence":16}},"DataVersion":1976}