{"stats":{"minecraft:mined":{"minecraft:blue_carpet":74,"minecraft:red_shulker_box":19,"minecraft:white_bed":24,"minecraft:light_blue_concrete":133,"minecraft:obsidian":5028,"minecraft:granite":14028,"minecraft:stone_brick_wall":13,"minecraft:yellow_carpet":26,"minecraft:oak_pressure_plate":12,"minecraft:coal_block":2,"minecraft:blue_wool":71,"minecraft:hopper":355,"minecraft:oak_wall_sign":45,"minecraft:chorus_flower":752,"minecraft:magma_block":608,"minecraft:dark_oak_trapdoor":3,"minecraft:sticky_piston":68,"minecraft:barrel":1,"minecraft:oak_sign":4,"minecraft:oak_stairs":28,"minecraft:spruce_pressure_plate":1,"minecraft:light_gray_concrete":1,"minecraft:green_carpet":2,"minecraft:white_banner":1,"minecraft:iron_block":91,"minecraft:player_head":41,"minecraft:tripwire":4,"minecraft:jungle_trapdoor":1,"minecraft:piston_head":1,"minecraft:brown_mushroom":9,"minecraft:kelp_plant":182,"minecraft:player_wall_head":24,"minecraft:smoker":2,"minecraft:cyan_glazed_terracotta":6,"minecraft:torch":1714,"minecraft:note_block":3,"minecraft:blast_furnace":1,"minecraft:dead_bush":1,"minecraft:polished_diorite_slab":134,"minecraft:glass":94,"minecraft:sugar_cane":14,"minecraft:damaged_anvil":2,"minecraft:polished_diorite_stairs":31,"minecraft:repeater":125,"minecraft:wheat":10461,"minecraft:stone_brick_stairs":219,"minecraft:grass":93,"minecraft:oak_fence_gate":9,"minecraft:loom":3,"minecraft:piston":17,"minecraft:purple_glazed_terracotta":4,"minecraft:light_blue_stained_glass_pane":11,"minecraft:light_blue_wool":47,"minecraft:dark_oak_log":27,"minecraft:sea_lantern":177,"minecraft:shulker_box":559,"minecraft:end_stone":32,"minecraft:spruce_fence":1,"minecraft:redstone_wire":521,"minecraft:kelp":209,"minecraft:red_mushroom":4,"minecraft:cartography_table":6,"minecraft:redstone_ore":13257,"minecraft:acacia_trapdoor":1,"minecraft:light_blue_concrete_powder":4,"minecraft:snow":51,"minecraft:andesite":15508,"minecraft:diamond_block":22,"minecraft:white_glazed_terracotta":13,"minecraft:potatoes":9936,"minecraft:rail":185,"minecraft:bamboo_sapling":1,"minecraft:bamboo":7,"minecraft:white_wool":7,"minecraft:ender_chest":16,"minecraft:birch_stairs":9,"minecraft:redstone_block":50,"minecraft:glass_pane":79,"minecraft:comparator":56,"minecraft:soul_sand":30,"minecraft:stone_brick_slab":2,"minecraft:observer":35,"minecraft:dandelion":24,"minecraft:light_gray_concrete_powder":6,"minecraft:emerald_ore":27,"minecraft:dropper":30,"minecraft:campfire":41,"minecraft:dried_kelp_block":3,"minecraft:diorite":14233,"minecraft:trapped_chest":49,"minecraft:cobblestone_wall":4,"minecraft:white_carpet":43,"minecraft:spruce_log":250,"minecraft:quartz_pillar":7,"minecraft:gravel":7302,"minecraft:cobweb":1,"minecraft:oak_button":4,"minecraft:stone_bricks":641,"minecraft:gold_ore":1966,"minecraft:chipped_anvil":1,"minecraft:iron_trapdoor":9,"minecraft:infested_stone":224,"minecraft:fern":1,"minecraft:spruce_planks":228,"minecraft:stone_pressure_plate":3,"minecraft:oak_sapling":7,"minecraft:farmland":22,"minecraft:cobblestone_stairs":2,"minecraft:spruce_trapdoor":10,"minecraft:grass_block":2081,"minecraft:infested_cobblestone":3,"minecraft:polished_diorite":1618,"minecraft:composter":3,"minecraft:smooth_stone":83,"minecraft:glowstone":6,"minecraft:iron_ore":11210,"minecraft:black_carpet":2,"minecraft:dark_oak_stairs":11,"minecraft:iron_bars":2,"minecraft:birch_wall_sign":2,"minecraft:end_stone_bricks":3,"minecraft:spruce_slab":10,"minecraft:quartz_block":18,"minecraft:cyan_terracotta":2,"minecraft:poppy":22,"minecraft:chest":344,"minecraft:cobblestone":14323,"minecraft:nether_quartz_ore":19,"minecraft:slime_block":37,"minecraft:grindstone":8,"minecraft:oak_planks":204,"minecraft:wall_torch":2501,"minecraft:cauldron":9,"minecraft:seagrass":59,"minecraft:light_blue_terracotta":1,"minecraft:blue_terracotta":1,"minecraft:powered_rail":155,"minecraft:yellow_wool":5,"minecraft:lapis_block":6,"minecraft:light_gray_wool":139,"minecraft:tnt":3,"minecraft:smooth_stone_slab":1176,"minecraft:oak_log":3480,"minecraft:beetroots":165,"minecraft:acacia_fence":3,"minecraft:sand":1092,"minecraft:dirt":6250,"minecraft:tripwire_hook":1,"minecraft:dispenser":32,"minecraft:netherrack":1326,"minecraft:oak_leaves":8948,"minecraft:diamond_ore":2036,"minecraft:quartz_stairs":21,"minecraft:dark_oak_leaves":5,"minecraft:gray_shulker_box":1,"minecraft:lever":52,"minecraft:ladder":32,"minecraft:dark_oak_pressure_plate":1,"minecraft:stone_button":25,"minecraft:black_banner":1,"minecraft:light_blue_glazed_terracotta":40,"minecraft:spruce_leaves":328,"minecraft:sandstone":1,"minecraft:hay_block":17,"minecraft:light_blue_wall_banner":1,"minecraft:oak_trapdoor":4,"minecraft:heavy_weighted_pressure_plate":1,"minecraft:furnace":68,"minecraft:carrots":8601,"minecraft:dark_oak_fence_gate":4,"minecraft:stripped_spruce_log":11,"minecraft:black_concrete":1,"minecraft:detector_rail":12,"minecraft:gold_block":2,"minecraft:bookshelf":18,"minecraft:packed_ice":6,"minecraft:chorus_plant":464,"minecraft:blue_glazed_terracotta":12,"minecraft:stone":231648,"minecraft:birch_pressure_plate":3,"minecraft:redstone_wall_torch":45,"minecraft:scaffolding":21,"minecraft:polished_granite":164,"minecraft:oak_fence":181,"minecraft:crafting_table":53,"minecraft:lime_concrete_powder":1,"minecraft:lime_carpet":5,"minecraft:lectern":2,"minecraft:lapis_ore":1136,"minecraft:blue_bed":22,"minecraft:spruce_stairs":4,"minecraft:birch_planks":2,"minecraft:brick_slab":1,"minecraft:redstone_torch":132,"minecraft:ice":170,"minecraft:white_wall_banner":15,"minecraft:grass_path":5,"minecraft:coal_ore":23740,"minecraft:cocoa":2,"minecraft:end_rod":104,"minecraft:polished_andesite":511,"minecraft:birch_fence":1},"minecraft:dropped":{"minecraft:piston":2,"minecraft:lapis_lazuli":5,"minecraft:diamond":33,"minecraft:cookie":3,"minecraft:leather_helmet":4,"minecraft:red_mushroom":9,"minecraft:emerald":4,"minecraft:dirt":752,"minecraft:stone_button":2,"minecraft:sand":2,"minecraft:bone":15,"minecraft:sugar_cane":3,"minecraft:lever":4,"minecraft:golden_chestplate":3,"minecraft:obsidian":11,"minecraft:rotten_flesh":56,"minecraft:oak_planks":2,"minecraft:white_bed":4,"minecraft:charcoal":4,"minecraft:leather_leggings":1,"minecraft:glass":10,"minecraft:stone_brick_stairs":320,"minecraft:egg":51,"minecraft:golden_boots":1,"minecraft:enchanted_book":3,"minecraft:iron_ingot":169,"minecraft:wheat_seeds":2162,"minecraft:clock":1,"minecraft:oak_fence":2,"minecraft:book":2,"minecraft:cobblestone":15810,"minecraft:prismarine_crystals":7,"minecraft:apple":9,"minecraft:granite":1500,"minecraft:coal":549,"minecraft:yellow_carpet":3,"minecraft:coal_block":41,"minecraft:polished_andesite":4,"minecraft:dried_kelp_block":64,"minecraft:dried_kelp":9,"minecraft:paper":692,"minecraft:chainmail_leggings":1,"minecraft:string":2,"minecraft:furnace":24,"minecraft:player_head":4,"minecraft:stone_sword":3,"minecraft:chicken":1,"minecraft:shears":1,"minecraft:diamond_sword":6,"minecraft:stone":807,"minecraft:spruce_trapdoor":10,"minecraft:diamond_pickaxe":7,"minecraft:stone_bricks":90,"minecraft:bamboo":1799,"minecraft:sandstone":1,"minecraft:bow":1,"minecraft:magma_block":28,"minecraft:gold_ore":8,"minecraft:soul_sand":1,"minecraft:brown_mushroom":5,"minecraft:baked_potato":60,"minecraft:ender_pearl":2,"minecraft:flint":300,"minecraft:cobblestone_stairs":96,"minecraft:ice":2,"minecraft:pumpkin_pie":4,"minecraft:gold_ingot":1,"minecraft:gravel":543,"minecraft:carrot":1,"minecraft:leather_chestplate":2,"minecraft:gunpowder":4,"minecraft:spruce_pressure_plate":3,"minecraft:beetroot_seeds":1,"minecraft:chest":48,"minecraft:arrow":26,"minecraft:iron_ore":160,"minecraft:written_book":19,"minecraft:netherrack":278,"minecraft:bread":4,"minecraft:bookshelf":1,"minecraft:poisonous_potato":1,"minecraft:iron_block":1,"minecraft:diorite":235,"minecraft:torch":2,"minecraft:green_dye":1,"minecraft:cactus":1,"minecraft:bucket":3,"minecraft:redstone_block":65,"minecraft:redstone":50,"minecraft:polished_diorite":1,"minecraft:kelp":118,"minecraft:shulker_box":1,"minecraft:oak_button":4,"minecraft:andesite":1082,"minecraft:cake":4,"minecraft:golden_leggings":2,"minecraft:slime_ball":120},"minecraft:used":{"minecraft:beetroot":20,"minecraft:writable_book":8,"minecraft:dispenser":53,"minecraft:spruce_slab":28,"minecraft:ladder":167,"minecraft:black_carpet":2,"minecraft:chest":1073,"minecraft:stone":9640,"minecraft:quartz_stairs":25,"minecraft:soul_sand":4,"minecraft:cocoa_beans":2,"minecraft:brick_slab":1,"minecraft:blue_stained_glass":6,"minecraft:snowball":2,"minecraft:stripped_spruce_log":10,"minecraft:spruce_boat":3,"minecraft:packed_ice":18,"minecraft:lava_bucket":22,"minecraft:quartz_pillar":37,"minecraft:grass_block":179,"minecraft:quartz_block":142,"minecraft:dark_oak_leaves":20,"minecraft:stone_brick_stairs":3953,"minecraft:bow":866,"minecraft:dark_oak_boat":7,"minecraft:furnace":93,"minecraft:oak_sapling":785,"minecraft:acacia_fence":13,"minecraft:egg":285,"minecraft:end_stone_brick_stairs":1,"minecraft:potato":10099,"minecraft:damaged_anvil":2,"minecraft:diorite":256,"minecraft:end_stone_bricks":45,"minecraft:spruce_door":3,"minecraft:acacia_trapdoor":3,"minecraft:powered_rail":347,"minecraft:cactus":1,"minecraft:lime_concrete_powder":1,"minecraft:wooden_pickaxe":60,"minecraft:composter":4,"minecraft:jungle_boat":3,"minecraft:oak_leaves":27,"minecraft:dark_oak_trapdoor":7,"minecraft:sand":7,"minecraft:blast_furnace":2,"minecraft:birch_fence":1,"minecraft:stone_button":71,"minecraft:white_glazed_terracotta":21,"minecraft:lectern":13,"minecraft:polished_granite":406,"minecraft:oak_pressure_plate":24,"minecraft:coal_block":26,"minecraft:nether_wart_block":1,"minecraft:diamond_sword":3000,"minecraft:ice":266,"minecraft:oak_boat":19,"minecraft:oak_trapdoor":11,"minecraft:iron_bars":42,"minecraft:stone_sword":81,"minecraft:netherrack":50,"minecraft:torch":26646,"minecraft:brewing_stand":1,"minecraft:anvil":12,"minecraft:chorus_flower":456,"minecraft:nether_quartz_ore":1,"minecraft:yellow_carpet":131,"minecraft:jungle_trapdoor":11,"minecraft:oak_fence_gate":13,"minecraft:polished_diorite":8684,"minecraft:red_shulker_box":20,"minecraft:sea_lantern":1042,"minecraft:chipped_anvil":1,"minecraft:iron_block":304,"minecraft:iron_axe":1085,"minecraft:slime_block":37,"minecraft:barrel":1,"minecraft:bamboo":14,"minecraft:tripwire_hook":15,"minecraft:glowstone":15,"minecraft:iron_trapdoor":11,"minecraft:trapped_chest":113,"minecraft:observer":228,"minecraft:wheat_seeds":10724,"minecraft:water_bucket":4409,"minecraft:light_blue_glazed_terracotta":127,"minecraft:birch_planks":2,"minecraft:lead":1,"minecraft:cartography_table":8,"minecraft:cauldron":14,"minecraft:diamond_block":193,"minecraft:rail":1463,"minecraft:comparator":125,"minecraft:cyan_glazed_terracotta":6,"minecraft:crafting_table":63,"minecraft:birch_sign":6,"minecraft:white_bed":33,"minecraft:campfire":58,"minecraft:dark_oak_fence_gate":4,"minecraft:cake":5,"minecraft:spruce_log":117,"minecraft:oak_log":7,"minecraft:diamond_pickaxe":354938,"minecraft:diamond_shovel":13458,"minecraft:oak_button":12,"minecraft:iron_pickaxe":3256,"minecraft:spruce_pressure_plate":6,"minecraft:spruce_trapdoor":51,"minecraft:spruce_sapling":32,"minecraft:blue_carpet":377,"minecraft:green_carpet":19,"minecraft:cobblestone":109710,"minecraft:potion":5,"minecraft:cooked_porkchop":17,"minecraft:glass_pane":180,"minecraft:kelp":212,"minecraft:light_blue_stained_glass_pane":43,"minecraft:blue_terracotta":1,"minecraft:light_blue_banner":5,"minecraft:iron_shovel":1799,"minecraft:oak_sign":131,"minecraft:iron_sword":386,"minecraft:player_head":61,"minecraft:spruce_leaves":2,"minecraft:birch_pressure_plate":3,"minecraft:carrot":8769,"minecraft:obsidian":90,"minecraft:glass":1047,"minecraft:cyan_terracotta":2,"minecraft:coal_ore":8,"minecraft:hopper_minecart":16,"minecraft:stone_bricks":2978,"minecraft:item_frame":35,"minecraft:birch_trapdoor":1,"minecraft:repeater":296,"minecraft:redstone_lamp":6,"minecraft:magma_block":43,"minecraft:hay_block":17,"minecraft:written_book":9,"minecraft:scaffolding":311,"minecraft:beetroot_seeds":172,"minecraft:gold_block":2,"minecraft:polished_diorite_stairs":103,"minecraft:dark_oak_stairs":43,"minecraft:end_rod":1053,"minecraft:dropper":36,"minecraft:birch_leaves":11,"minecraft:stone_pickaxe":2225,"minecraft:oak_planks":807,"minecraft:polished_diorite_slab":481,"minecraft:ender_pearl":20,"minecraft:redstone_block":102,"minecraft:sugar_cane":10,"minecraft:diamond_axe":7883,"minecraft:blue_bed":50,"minecraft:white_wool":40,"minecraft:light_blue_concrete":133,"minecraft:loom":5,"minecraft:light_blue_wool":524,"minecraft:crossbow":3,"minecraft:stone_brick_wall":29,"minecraft:note_block":3,"minecraft:end_stone":79,"minecraft:shears":167,"minecraft:redstone_torch":391,"minecraft:sticky_piston":87,"minecraft:heavy_weighted_pressure_plate":5,"minecraft:lever":153,"minecraft:blue_glazed_terracotta":42,"minecraft:lime_carpet":11,"minecraft:black_concrete":1,"minecraft:light_gray_concrete":2,"minecraft:dark_oak_log":84,"minecraft:string":4,"minecraft:iron_door":28,"minecraft:gravel":369,"minecraft:light_blue_concrete_powder":132,"minecraft:pufferfish_bucket":1,"minecraft:grindstone":17,"minecraft:andesite":929,"minecraft:smooth_stone_slab":3665,"minecraft:chest_minecart":8,"minecraft:tropical_fish_bucket":5,"minecraft:bone_meal":82,"minecraft:oak_fence":199,"minecraft:jungle_leaves":8,"minecraft:stone_shovel":529,"minecraft:redstone":1393,"minecraft:light_blue_terracotta":1,"minecraft:spruce_planks":985,"minecraft:ender_chest":21,"minecraft:stone_hoe":585,"minecraft:cooked_chicken":44,"minecraft:dried_kelp_block":3,"minecraft:oak_door":89,"minecraft:dirt":3981,"minecraft:white_carpet":75,"minecraft:hopper":994,"minecraft:spruce_stairs":8,"minecraft:cobblestone_wall":8,"minecraft:shulker_box":584,"minecraft:spruce_fence":1,"minecraft:salmon_bucket":2,"minecraft:light_blue_stained_glass":4,"minecraft:granite":630,"minecraft:stone_brick_slab":10,"minecraft:bookshelf":64,"minecraft:yellow_stained_glass":2,"minecraft:oak_stairs":130,"minecraft:light_gray_wool":1058,"minecraft:dark_oak_pressure_plate":1,"minecraft:minecart":131,"minecraft:stone_pressure_plate":6,"minecraft:cobblestone_stairs":7,"minecraft:glass_bottle":54,"minecraft:polished_andesite":3413,"minecraft:baked_potato":1046,"minecraft:blue_wool":418,"minecraft:andesite_slab":1,"minecraft:purple_glazed_terracotta":4,"minecraft:spruce_sign":5,"minecraft:painting":91,"minecraft:smoker":25,"minecraft:piston":214,"minecraft:apple":3,"minecraft:lapis_ore":4,"minecraft:detector_rail":31,"minecraft:yellow_wool":66,"minecraft:stone_axe":393,"minecraft:white_banner":37,"minecraft:bucket":4487,"minecraft:lapis_block":17,"minecraft:smooth_stone":185,"minecraft:birch_stairs":8},"minecraft:broken":{"minecraft:shears":3,"minecraft:diamond_pickaxe":1,"minecraft:iron_sword":1,"minecraft:stone_hoe":4,"minecraft:wooden_pickaxe":1,"minecraft:iron_axe":3,"minecraft:iron_pickaxe":10,"minecraft:iron_shovel":5,"minecraft:stone_pickaxe":6,"minecraft:stone_axe":3,"minecraft:stone_shovel":4},"minecraft:picked_up":{"minecraft:iron_chestplate":20,"minecraft:chainmail_boots":1,"minecraft:lead":57,"minecraft:diamond_sword":8,"minecraft:oak_stairs":28,"minecraft:enchanted_book":3,"minecraft:string":30,"minecraft:dark_oak_pressure_plate":1,"minecraft:dark_oak_trapdoor":3,"minecraft:beetroot":176,"minecraft:spruce_planks":295,"minecraft:written_book":25,"minecraft:coal_block":24,"minecraft:white_glazed_terracotta":11,"minecraft:golden_helmet":4,"minecraft:spruce_pressure_plate":4,"minecraft:composter":2,"minecraft:gray_shulker_box":1,"minecraft:golden_chestplate":5,"minecraft:cauldron":9,"minecraft:stone_sword":3,"minecraft:lime_carpet":5,"minecraft:light_blue_wool":605,"minecraft:blue_glazed_terracotta":10,"minecraft:iron_block":121,"minecraft:cyan_terracotta":2,"minecraft:bookshelf":6,"minecraft:end_rod":262,"minecraft:blaze_rod":16,"minecraft:iron_bars":2,"minecraft:snowball":51,"minecraft:magma_block":501,"minecraft:polished_diorite_slab":217,"minecraft:feather":86,"minecraft:iron_door":7,"minecraft:water_bucket":40,"minecraft:jungle_log":64,"minecraft:dark_oak_boat":5,"minecraft:smoker":2,"minecraft:flint":1041,"minecraft:light_gray_concrete_powder":6,"minecraft:chipped_anvil":1,"minecraft:glowstone_dust":24,"minecraft:dropper":28,"minecraft:stripped_spruce_log":11,"minecraft:ink_sac":29,"minecraft:loom":3,"minecraft:trapped_chest":44,"minecraft:dark_oak_log":27,"minecraft:barrel":1,"minecraft:polished_andesite":517,"minecraft:dispenser":32,"minecraft:blue_terracotta":1,"minecraft:lever":400,"minecraft:granite":14051,"minecraft:chainmail_helmet":1,"minecraft:diamond_pickaxe":12,"minecraft:crafting_table":54,"minecraft:leather_leggings":1,"minecraft:heavy_weighted_pressure_plate":2,"minecraft:jungle_trapdoor":1,"minecraft:elytra":1,"minecraft:flint_and_steel":2,"minecraft:white_carpet":48,"minecraft:iron_shovel":38,"minecraft:glass_pane":55,"minecraft:cartography_table":6,"minecraft:beef":253,"minecraft:poppy":22,"minecraft:spruce_slab":11,"minecraft:minecart":145,"minecraft:quartz_stairs":21,"minecraft:chest":458,"minecraft:piston":18,"minecraft:egg":116,"minecraft:sandstone":1,"minecraft:stone":11080,"minecraft:oak_door":43,"minecraft:cyan_glazed_terracotta":6,"minecraft:spruce_fence":1,"minecraft:cake":1,"minecraft:carrot":22932,"minecraft:redstone":77537,"minecraft:prismarine_crystals":22,"minecraft:blue_carpet":83,"minecraft:jungle_sign":7,"minecraft:stone_shovel":2,"minecraft:diamond_chestplate":1,"minecraft:beetroot_seeds":329,"minecraft:shears":1,"minecraft:diamond_boots":1,"minecraft:hay_block":17,"minecraft:mutton":75,"minecraft:white_wool":254,"minecraft:lime_concrete_powder":1,"minecraft:rail":761,"minecraft:lapis_ore":4,"minecraft:clock":11,"minecraft:tripwire_hook":131,"minecraft:red_mushroom":15,"minecraft:oak_log":3699,"minecraft:lily_pad":3,"minecraft:golden_boots":2,"minecraft:blue_bed":22,"minecraft:paper":58,"minecraft:white_banner":21,"minecraft:birch_pressure_plate":3,"minecraft:light_blue_banner":1,"minecraft:stone_bricks":1262,"minecraft:apple":166,"minecraft:kelp":2536,"minecraft:oak_fence_gate":9,"minecraft:stone_pickaxe":4,"minecraft:iron_ore":11236,"minecraft:iron_sword":6,"minecraft:dark_oak_stairs":11,"minecraft:light_blue_glazed_terracotta":40,"minecraft:gravel":6773,"minecraft:birch_stairs":9,"minecraft:spruce_sapling":84,"minecraft:spruce_log":294,"minecraft:sea_lantern":226,"minecraft:leather_helmet":4,"minecraft:diamond_shovel":1,"minecraft:coal_ore":28,"minecraft:slime_ball":1895,"minecraft:polished_diorite":1679,"minecraft:purple_glazed_terracotta":4,"minecraft:stone_axe":1,"minecraft:painting":32,"minecraft:birch_sign":6,"minecraft:oak_button":13,"minecraft:baked_potato":523,"minecraft:brown_banner":1,"minecraft:pink_dye":1,"minecraft:hopper":389,"minecraft:ender_pearl":12,"minecraft:wheat":9982,"minecraft:black_carpet":2,"minecraft:light_blue_concrete":133,"minecraft:ender_chest":16,"minecraft:redstone_block":2575,"minecraft:iron_trapdoor":8,"minecraft:yellow_wool":164,"minecraft:potion":6,"minecraft:stone_brick_stairs":335,"minecraft:lapis_block":209,"minecraft:smooth_stone_slab":1040,"minecraft:sticky_piston":69,"minecraft:oak_sign":54,"minecraft:smooth_stone":83,"minecraft:comparator":61,"minecraft:bucket":4,"minecraft:redstone_torch":306,"minecraft:iron_pickaxe":9,"minecraft:furnace":54,"minecraft:blue_wool":492,"minecraft:stick":489,"minecraft:acacia_fence":3,"minecraft:oak_fence":179,"minecraft:torch":7477,"minecraft:spruce_stairs":4,"minecraft:porkchop":30,"minecraft:dried_kelp":12,"minecraft:diorite":15033,"minecraft:quartz_block":18,"minecraft:cactus":1,"minecraft:rotten_flesh":211,"minecraft:chorus_flower":754,"minecraft:obsidian":5116,"minecraft:cobblestone":255940,"minecraft:leather_chestplate":5,"minecraft:repeater":151,"minecraft:andesite":17252,"minecraft:golden_leggings":2,"minecraft:potato":26371,"minecraft:lapis_lazuli":14211,"minecraft:dirt":8010,"minecraft:polished_granite":164,"minecraft:glass":68,"minecraft:bone":448,"minecraft:bow":52,"minecraft:wheat_seeds":18310,"minecraft:grindstone":8,"minecraft:popped_chorus_fruit":272,"minecraft:bamboo":93,"minecraft:powered_rail":400,"minecraft:oak_planks":306,"minecraft:stone_hoe":1,"minecraft:cooked_porkchop":42,"minecraft:oak_pressure_plate":15,"minecraft:poisonous_potato":173,"minecraft:sand":1103,"minecraft:grass_block":447,"minecraft:diamond_block":21,"minecraft:shulker_box":580,"minecraft:light_gray_concrete":2,"minecraft:diamond":4368,"minecraft:yellow_carpet":32,"minecraft:light_blue_terracotta":1,"minecraft:slime_block":37,"minecraft:spruce_boat":6,"minecraft:black_concrete":1,"minecraft:bone_meal":4,"minecraft:emerald":65,"minecraft:oak_sapling":1634,"minecraft:netherrack":717,"minecraft:chorus_fruit":2020,"minecraft:andesite_slab":1,"minecraft:oak_leaves":9,"minecraft:end_stone_bricks":3,"minecraft:cocoa_beans":6,"minecraft:charcoal":10,"minecraft:chicken":85,"minecraft:ladder":35,"minecraft:brown_mushroom":33,"minecraft:packed_ice":2,"minecraft:wooden_pickaxe":1,"minecraft:pink_wool":7,"minecraft:stone_brick_wall":13,"minecraft:gold_block":2,"minecraft:oak_trapdoor":4,"minecraft:item_frame":22,"minecraft:birch_fence":1,"minecraft:magenta_wool":3,"minecraft:detector_rail":19,"minecraft:oak_boat":21,"minecraft:player_head":72,"minecraft:observer":35,"minecraft:light_gray_wool":1600,"minecraft:lectern":2,"minecraft:sugar_cane":36,"minecraft:spruce_trapdoor":20,"minecraft:end_stone":40,"minecraft:note_block":3,"minecraft:quartz_pillar":7,"minecraft:stone_button":64,"minecraft:cookie":6,"minecraft:stone_pressure_plate":9,"minecraft:dark_oak_planks":2,"minecraft:arrow":383,"minecraft:red_shulker_box":19,"minecraft:pumpkin_pie":4,"minecraft:black_banner":1,"minecraft:jungle_boat":3,"minecraft:leather":186,"minecraft:birch_planks":2,"minecraft:ice":26,"minecraft:cobblestone_wall":4,"minecraft:gunpowder":26,"minecraft:cobblestone_stairs":2,"minecraft:acacia_trapdoor":1,"minecraft:iron_ingot":841,"minecraft:cooked_chicken":19,"minecraft:soul_sand":32,"minecraft:book":44,"minecraft:scaffolding":299,"minecraft:nether_quartz_ore":2,"minecraft:stone_brick_slab":1,"minecraft:quartz":340,"minecraft:dandelion":24,"minecraft:lava_bucket":3,"minecraft:blast_furnace":1,"minecraft:white_bed":31,"minecraft:dark_oak_fence_gate":4,"minecraft:gold_ore":2084,"minecraft:green_carpet":2,"minecraft:spider_eye":19,"minecraft:brick_slab":1,"minecraft:light_blue_concrete_powder":4,"minecraft:polished_diorite_stairs":31,"minecraft:dried_kelp_block":7326,"minecraft:campfire":36,"minecraft:chainmail_leggings":1,"minecraft:damaged_anvil":2,"minecraft:coal":56467},"minecraft:killed_by":{"minecraft:pufferfish":1,"minecraft:zombie":3,"minecraft:creeper":5,"minecraft:spider":1,"minecraft:skeleton":6},"minecraft:custom":{"minecraft:interact_with_crafting_table":2311,"minecraft:open_barrel":48,"minecraft:bell_ring":1,"minecraft:eat_cake_slice":3,"minecraft:leave_game":537,"minecraft:time_since_death":1397522,"minecraft:deaths":25,"minecraft:jump":49037,"minecraft:enchant_item":9,"minecraft:interact_with_furnace":1492,"minecraft:traded_with_villager":2024,"minecraft:interact_with_cartography_table":1,"minecraft:sleep_in_bed":146,"minecraft:damage_dealt":155572,"minecraft:interact_with_smoker":276,"minecraft:use_cauldron":6,"minecraft:inspect_dispenser":156,"minecraft:inspect_dropper":129,"minecraft:inspect_hopper":4317,"minecraft:damage_dealt_absorbed":949,"minecraft:sneak_time":384417,"minecraft:interact_with_lectern":35,"minecraft:interact_with_blast_furnace":13,"minecraft:tune_noteblock":302,"minecraft:interact_with_stonecutter":1,"minecraft:time_since_rest":12111,"minecraft:swim_one_cm":40576,"minecraft:fly_one_cm":1846128,"minecraft:open_chest":18236,"minecraft:fall_one_cm":357776,"minecraft:animals_bred":110,"minecraft:open_shulker_box":6444,"minecraft:damage_resisted":4,"minecraft:sprint_one_cm":21329848,"minecraft:drop":929,"minecraft:play_noteblock":21,"minecraft:talked_to_villager":1078,"minecraft:interact_with_brewingstand":62,"minecraft:walk_on_water_one_cm":2816954,"minecraft:play_one_minute":34756819,"minecraft:interact_with_loom":5,"minecraft:open_enderchest":1065,"minecraft:crouch_one_cm":687203,"minecraft:mob_kills":3496,"minecraft:fill_cauldron":12,"minecraft:climb_one_cm":5532649,"minecraft:walk_one_cm":110110319,"minecraft:walk_under_water_one_cm":2683420,"minecraft:boat_one_cm":2798744,"minecraft:damage_taken":19557,"minecraft:trigger_trapped_chest":681,"minecraft:minecart_one_cm":24416287},"minecraft:killed":{"minecraft:skeleton":1769,"minecraft:chicken":41,"minecraft:zombie":143,"minecraft:cow":72,"minecraft:enderman":4,"minecraft:witch":1,"minecraft:spider":21,"minecraft:silverfish":183,"minecraft:pig":8,"minecraft:zombie_villager":2,"minecraft:creeper":45,"minecraft:sheep":29,"minecraft:slime":1134,"minecraft:llama":9,"minecraft:drowned":6,"minecraft:bat":12,"minecraft:squid":13},"minecraft:crafted":{"minecraft:ender_chest":8,"minecraft:yellow_wool":1,"minecraft:smooth_stone":64,"minecraft:oak_sign":111,"minecraft:dark_oak_pressure_plate":3,"minecraft:blaze_powder":190,"minecraft:oak_pressure_plate":34,"minecraft:blue_stained_glass_pane":16,"minecraft:slime_block":156,"minecraft:loom":2,"minecraft:diamond_shovel":4,"minecraft:lever":185,"minecraft:bookshelf":77,"minecraft:gray_wool":1,"minecraft:iron_bars":64,"minecraft:quartz_block":180,"minecraft:glass":707,"minecraft:repeater":215,"minecraft:diamond_helmet":5,"minecraft:diamond_leggings":5,"minecraft:white_glazed_terracotta":40,"minecraft:light_blue_concrete_powder":128,"minecraft:stone_pressure_plate":37,"minecraft:acacia_fence":57,"minecraft:iron_door":24,"minecraft:dried_kelp_block":69445,"minecraft:black_wool":8,"minecraft:magenta_dye":2,"minecraft:name_tag":3,"minecraft:glass_bottle":66,"minecraft:blue_stained_glass":16,"minecraft:redstone_lamp":8,"minecraft:end_rod":5888,"minecraft:emerald":2147,"minecraft:cooked_porkchop":17,"minecraft:diamond_axe":2,"minecraft:jungle_boat":1,"minecraft:chest_minecart":8,"minecraft:spruce_door":3,"minecraft:clock":6,"minecraft:sticky_piston":82,"minecraft:hay_block":14,"minecraft:end_stone_brick_stairs":8,"minecraft:campfire":25,"minecraft:painting":64,"minecraft:cartography_table":2,"minecraft:stone_brick_stairs":4544,"minecraft:lectern":11,"minecraft:stone_slab":18,"minecraft:iron_pickaxe":16,"minecraft:iron_block":967,"minecraft:gold_ingot":1296,"minecraft:light_gray_dye":4,"minecraft:composter":1,"minecraft:birch_stairs":8,"minecraft:cyan_wool":1,"minecraft:packed_ice":72,"minecraft:golden_carrot":1,"minecraft:stone_shovel":4,"minecraft:smooth_stone_slab":3258,"minecraft:light_gray_wool":1,"minecraft:bone_meal":489,"minecraft:pink_dye":4,"minecraft:white_carpet":108,"minecraft:orange_wool":1,"minecraft:stone_stairs":8,"minecraft:diamond":1512,"minecraft:spruce_stairs":32,"minecraft:detector_rail":30,"minecraft:polished_diorite":8352,"minecraft:ladder":174,"minecraft:spruce_slab":126,"minecraft:red_shulker_box":1,"minecraft:stone_pickaxe":12,"minecraft:diamond_boots":5,"minecraft:redstone_block":8824,"minecraft:dark_oak_planks":148,"minecraft:lead":4,"minecraft:coal_block":5136,"minecraft:cyan_glazed_terracotta":64,"minecraft:crossbow":1,"minecraft:light_blue_glazed_terracotta":128,"minecraft:dried_kelp":3972,"minecraft:light_blue_wool":1,"minecraft:acacia_trapdoor":4,"minecraft:blue_bed":29,"minecraft:polished_granite":512,"minecraft:glowstone":33,"minecraft:enchanted_book":113,"minecraft:orange_dye":2,"minecraft:jungle_slab":48,"minecraft:oak_fence_gate":8,"minecraft:birch_trapdoor":4,"minecraft:oak_stairs":272,"minecraft:writable_book":13,"minecraft:iron_shovel":43,"minecraft:iron_leggings":3,"minecraft:white_bed":8,"minecraft:note_block":3,"minecraft:lime_wool":34,"minecraft:blue_carpet":357,"minecraft:grindstone":9,"minecraft:oak_planks":17951,"minecraft:purple_glazed_terracotta":64,"minecraft:cobblestone_stairs":136,"minecraft:stone":4278,"minecraft:light_blue_banner":6,"minecraft:heavy_weighted_pressure_plate":5,"minecraft:spruce_pressure_plate":8,"minecraft:quartz_pillar":30,"minecraft:green_dye":98,"minecraft:cake":10,"minecraft:hopper":794,"minecraft:stone_brick_slab":18,"minecraft:bow":16,"minecraft:iron_boots":3,"minecraft:comparator":67,"minecraft:chest":1690,"minecraft:oak_button":3,"minecraft:rail":1168,"minecraft:stone_hoe":5,"minecraft:ender_eye":16,"minecraft:stone_bricks":20900,"minecraft:oak_fence":228,"minecraft:polished_diorite_slab":662,"minecraft:smoker":33,"minecraft:white_banner":26,"minecraft:dropper":72,"minecraft:quartz_stairs":16,"minecraft:oak_slab":30,"minecraft:item_frame":30,"minecraft:arrow":48,"minecraft:cauldron":12,"minecraft:crafting_table":12,"minecraft:spruce_planks":2033,"minecraft:iron_helmet":3,"minecraft:wooden_pickaxe":1,"minecraft:baked_potato":1162,"minecraft:birch_pressure_plate":1,"minecraft:red_wool":1,"minecraft:gold_block":81,"minecraft:hopper_minecart":16,"minecraft:brewing_stand":1,"minecraft:birch_planks":140,"minecraft:yellow_stained_glass":8,"minecraft:apple":23,"minecraft:spruce_trapdoor":68,"minecraft:purple_dye":2,"minecraft:emerald_block":50,"minecraft:charcoal":16,"minecraft:dark_oak_slab":60,"minecraft:iron_chestplate":4,"minecraft:book":242,"minecraft:paper":10657,"minecraft:diamond_pickaxe":15,"minecraft:pink_wool":1,"minecraft:yellow_dye":24,"minecraft:stick":9994,"minecraft:birch_fence":3,"minecraft:light_blue_dye":110,"minecraft:iron_ingot":8375,"minecraft:stone_sword":2,"minecraft:snow_block":12,"minecraft:light_blue_stained_glass":80,"minecraft:lime_carpet":48,"minecraft:redstone_torch":623,"minecraft:dark_oak_fence_gate":10,"minecraft:polished_diorite_stairs":160,"minecraft:shears":74,"minecraft:green_carpet":48,"minecraft:polished_andesite":3536,"minecraft:oak_door":69,"minecraft:purple_wool":1,"minecraft:cookie":6,"minecraft:coal":4215,"minecraft:redstone":5517,"minecraft:stone_brick_wall":60,"minecraft:tripwire_hook":196,"minecraft:furnace":90,"minecraft:stone_button":20,"minecraft:blast_furnace":2,"minecraft:piston":381,"minecraft:dark_oak_trapdoor":8,"minecraft:jungle_trapdoor":18,"minecraft:gray_dye":6,"minecraft:glass_pane":256,"minecraft:diamond_block":575,"minecraft:oak_trapdoor":26,"minecraft:flint_and_steel":90,"minecraft:iron_axe":6,"minecraft:slime_ball":252,"minecraft:lime_dye":66,"minecraft:cobblestone_wall":6,"minecraft:purpur_block":256,"minecraft:observer":256,"minecraft:blue_glazed_terracotta":64,"minecraft:minecart":25,"minecraft:magma_cream":33,"minecraft:sugar":64,"minecraft:red_dye":17,"minecraft:light_blue_stained_glass_pane":80,"minecraft:diamond_sword":4,"minecraft:cyan_dye":2,"minecraft:spruce_sign":12,"minecraft:iron_trapdoor":10,"minecraft:dark_oak_stairs":64,"minecraft:powered_rail":228,"minecraft:yellow_carpet":168,"minecraft:iron_sword":5,"minecraft:bucket":36,"minecraft:stone_axe":4,"minecraft:air":0,"minecraft:bread":74,"minecraft:jungle_planks":768,"minecraft:blue_dye":20,"minecraft:oak_boat":2,"minecraft:white_wool":229,"minecraft:gold_nugget":18,"minecraft:white_dye":181,"minecraft:brown_wool":1,"minecraft:blue_wool":205,"minecraft:anvil":15,"minecraft:green_wool":33,"minecraft:nether_wart_block":1,"minecraft:pumpkin_pie":8,"minecraft:acacia_planks":2816,"minecraft:torch":21136,"minecraft:lapis_lazuli":451,"minecraft:lapis_block":1575,"minecraft:trapped_chest":64,"minecraft:diamond_chestplate":6}},"DataVersion":1976}