{"stats":{"minecraft:killed_by":{"minecraft:player":1,"minecraft:creeper":1},"minecraft:dropped":{"minecraft:clock":1,"minecraft:ender_pearl":13,"minecraft:feather":2,"minecraft:elytra":1,"minecraft:leather_helmet":1,"minecraft:stick":1,"minecraft:flint":1,"minecraft:cyan_terracotta":64,"minecraft:dirt":22,"minecraft:ice":22,"minecraft:ink_sac":1,"minecraft:white_concrete":46,"minecraft:sand":2,"minecraft:tripwire_hook":2,"minecraft:rose_red":2,"minecraft:compass":1,"minecraft:cooked_chicken":1,"minecraft:golden_chestplate":1,"minecraft:red_banner":1,"minecraft:chicken":1,"minecraft:rotten_flesh":5,"minecraft:diamond_shovel":1,"minecraft:salmon":1,"minecraft:red_terracotta":6,"minecraft:yellow_banner":1,"minecraft:spider_eye":4,"minecraft:diamond_boots":1,"minecraft:written_book":1,"minecraft:firework_rocket":1},"minecraft:picked_up":{"minecraft:spruce_leaves":7,"minecraft:crafting_table":2,"minecraft:chicken":1,"minecraft:diamond_sword":1,"minecraft:string":12,"minecraft:elytra":8,"minecraft:compass":2,"minecraft:diamond_leggings":6,"minecraft:spruce_planks":2,"minecraft:player_head":2,"minecraft:poppy":6,"minecraft:spruce_slab":5,"minecraft:chest":4,"minecraft:spruce_trapdoor":1,"minecraft:phantom_membrane":64,"minecraft:egg":214,"minecraft:stick":3,"minecraft:cyan_stained_glass":63,"minecraft:torch":1,"minecraft:snow_block":5,"minecraft:trident":4,"minecraft:golden_chestplate":1,"minecraft:yellow_banner":1,"minecraft:arrow":6,"minecraft:rotten_flesh":23,"minecraft:cooked_cod":2,"minecraft:diamond_boots":10,"minecraft:cyan_terracotta":248,"minecraft:bookshelf":2,"minecraft:white_terracotta":79,"minecraft:bone_block":92,"minecraft:cobblestone":4,"minecraft:nautilus_shell":1,"minecraft:feather":2,"minecraft:clock":6,"minecraft:golden_carrot":200,"minecraft:tripwire_hook":4,"minecraft:salmon":1,"minecraft:dark_oak_boat":2,"minecraft:ice":140,"minecraft:flint":1,"minecraft:acacia_boat":1,"minecraft:gray_concrete":215,"minecraft:dirt":197,"minecraft:gray_concrete_powder":2,"minecraft:name_tag":1,"minecraft:rose_red":2,"minecraft:sign":7,"minecraft:glass":193,"minecraft:bone":30,"minecraft:bow":1,"minecraft:gray_terracotta":64,"minecraft:iron_ingot":1,"minecraft:cooked_chicken":193,"minecraft:diamond_helmet":5,"minecraft:black_terracotta":195,"minecraft:lime_terracotta":2,"minecraft:sand":11,"minecraft:spruce_sapling":5,"minecraft:red_banner":9,"minecraft:grass_block":5,"minecraft:ink_sac":2,"minecraft:white_bed":6,"minecraft:spruce_log":8,"minecraft:red_terracotta":10,"minecraft:spider_eye":6,"minecraft:leather_helmet":2,"minecraft:light_gray_concrete":2,"minecraft:firework_rocket":888,"minecraft:diamond_shovel":5,"minecraft:diamond":2,"minecraft:spruce_boat":1,"minecraft:black_concrete":378,"minecraft:diamond_axe":1,"minecraft:bone_meal":104,"minecraft:white_concrete":190,"minecraft:emerald":9,"minecraft:terracotta":37,"minecraft:netherrack":11,"minecraft:pink_dye":1,"minecraft:diamond_pickaxe":4,"minecraft:ender_pearl":123},"minecraft:custom":{"minecraft:inspect_dropper":5,"minecraft:mob_kills":3,"minecraft:interact_with_crafting_table":11,"minecraft:open_shulker_box":3,"minecraft:leave_game":2,"minecraft:time_since_death":18355,"minecraft:climb_one_cm":658,"minecraft:sprint_one_cm":403588,"minecraft:walk_one_cm":999332,"minecraft:drop":57,"minecraft:talked_to_villager":8,"minecraft:deaths":10,"minecraft:sneak_time":31458,"minecraft:walk_under_water_one_cm":57806,"minecraft:boat_one_cm":301366,"minecraft:jump":4394,"minecraft:walk_on_water_one_cm":36900,"minecraft:tune_noteblock":11,"minecraft:play_one_minute":285802,"minecraft:sleep_in_bed":2,"minecraft:time_since_rest":18487,"minecraft:open_enderchest":3,"minecraft:damage_taken":6063,"minecraft:minecart_one_cm":73669,"minecraft:damage_dealt":320,"minecraft:swim_one_cm":24350,"minecraft:fly_one_cm":628607,"minecraft:open_chest":172,"minecraft:crouch_one_cm":96590,"minecraft:aviate_one_cm":3907999,"minecraft:fall_one_cm":128540},"minecraft:killed":{"minecraft:chicken":2,"minecraft:drowned":1},"minecraft:mined":{"minecraft:wall_sign":3,"minecraft:white_bed":4,"minecraft:black_terracotta":2,"minecraft:grass_block":95,"minecraft:white_concrete":50,"minecraft:black_concrete":61,"minecraft:light_gray_concrete":1,"minecraft:bone_block":16,"minecraft:gray_concrete":42,"minecraft:cyan_terracotta":6,"minecraft:yellow_banner":1,"minecraft:red_banner":6,"minecraft:torch":1,"minecraft:poppy":3,"minecraft:cobblestone":2,"minecraft:white_terracotta":42,"minecraft:red_terracotta":4,"minecraft:gray_concrete_powder":1,"minecraft:sign":1,"minecraft:ice":4,"minecraft:grass":4,"minecraft:lime_terracotta":2,"minecraft:gravel":1,"minecraft:sand":7,"minecraft:dirt":23,"minecraft:terracotta":28,"minecraft:netherrack":2,"minecraft:oak_leaves":6},"minecraft:crafted":{"minecraft:red_terracotta":24,"minecraft:chest":4,"minecraft:spruce_planks":32,"minecraft:rose_red":1,"minecraft:white_terracotta":192},"minecraft:used":{"minecraft:trident":8,"minecraft:writable_book":2,"minecraft:poppy":2,"minecraft:bone_block":31,"minecraft:chest":4,"minecraft:white_terracotta":146,"minecraft:cooked_chicken":39,"minecraft:netherrack":2,"minecraft:torch":1,"minecraft:dirt":121,"minecraft:cyan_terracotta":56,"minecraft:bookshelf":1,"minecraft:grass_block":1,"minecraft:gray_concrete_powder":1,"minecraft:golden_carrot":9,"minecraft:written_book":2,"minecraft:egg":150,"minecraft:ender_pearl":29,"minecraft:lime_terracotta":1,"minecraft:sand":9,"minecraft:terracotta":53,"minecraft:crafting_table":1,"minecraft:white_bed":4,"minecraft:gray_concrete":93,"minecraft:cyan_stained_glass":1,"minecraft:black_terracotta":15,"minecraft:diamond_pickaxe":262,"minecraft:black_concrete":340,"minecraft:firework_rocket":20,"minecraft:diamond_shovel":71,"minecraft:light_gray_concrete":2,"minecraft:sign":5,"minecraft:red_terracotta":22,"minecraft:spruce_trapdoor":1,"minecraft:cobblestone":2,"minecraft:red_banner":7,"minecraft:ice":4,"minecraft:white_concrete":131}},"DataVersion":1631}