{"stats":{"minecraft:used":{"minecraft:writable_book":202,"minecraft:jack_o_lantern":78,"minecraft:smooth_quartz_slab":30,"minecraft:dispenser":74,"minecraft:poppy":8,"minecraft:black_carpet":235,"minecraft:stone":37819,"minecraft:quartz_stairs":89,"minecraft:soul_sand":34,"minecraft:cocoa_beans":577,"minecraft:snowball":1,"minecraft:spruce_boat":124,"minecraft:packed_ice":29585,"minecraft:lava_bucket":8,"minecraft:red_wool":3,"minecraft:quartz_block":128,"minecraft:dark_oak_leaves":91,"minecraft:dark_oak_slab":310,"minecraft:bow":1168,"minecraft:cooked_cod":516,"minecraft:oak_sapling":339,"minecraft:acacia_fence":17,"minecraft:dark_prismarine_stairs":43,"minecraft:mossy_stone_bricks":154,"minecraft:damaged_anvil":23,"minecraft:prismarine":130,"minecraft:lily_pad":1,"minecraft:cactus":5,"minecraft:wooden_pickaxe":16,"minecraft:composter":69,"minecraft:clay":66,"minecraft:jungle_boat":1,"minecraft:golden_apple":5,"minecraft:blast_furnace":9,"minecraft:acacia_leaves":852,"minecraft:gray_concrete":6258,"minecraft:purple_concrete_powder":167,"minecraft:birch_fence":44,"minecraft:gray_stained_glass_pane":15,"minecraft:birch_slab":264,"minecraft:diamond_sword":11362,"minecraft:coal_block":17,"minecraft:smithing_table":11,"minecraft:birch_log":391,"minecraft:oak_boat":21,"minecraft:oak_trapdoor":821,"minecraft:enchanting_table":2,"minecraft:orange_concrete":1493,"minecraft:carved_pumpkin":2,"minecraft:armor_stand":56,"minecraft:light_gray_carpet":17,"minecraft:cooked_salmon":576,"minecraft:torch":11279,"minecraft:orange_stained_glass":8,"minecraft:brewing_stand":32,"minecraft:nether_quartz_ore":506,"minecraft:oak_fence_gate":147,"minecraft:sea_lantern":1078,"minecraft:chipped_anvil":15,"minecraft:iron_block":1853,"minecraft:jungle_log":113,"minecraft:barrel":35,"minecraft:magenta_terracotta":107,"minecraft:acacia_planks":7,"minecraft:wheat_seeds":1555,"minecraft:light_blue_shulker_box":565,"minecraft:lead":2,"minecraft:cauldron":16,"minecraft:spruce_fence_gate":48,"minecraft:gold_ore":1,"minecraft:conduit":1,"minecraft:diamond_block":7,"minecraft:rail":5168,"minecraft:red_bed":9,"minecraft:white_bed":130,"minecraft:campfire":26,"minecraft:spruce_log":2863,"minecraft:diamond_pickaxe":513568,"minecraft:diamond_shovel":127374,"minecraft:spruce_pressure_plate":56,"minecraft:magenta_concrete_powder":2850,"minecraft:spruce_trapdoor":639,"minecraft:spruce_sapling":18,"minecraft:pink_bed":55,"minecraft:green_carpet":1,"minecraft:potion":9,"minecraft:purple_bed":5,"minecraft:cooked_porkchop":10,"minecraft:stripped_oak_log":44,"minecraft:light_blue_banner":18,"minecraft:melon":6,"minecraft:bone_block":1,"minecraft:grass":136,"minecraft:green_terracotta":1934,"minecraft:spruce_leaves":2,"minecraft:mutton":2,"minecraft:obsidian":291,"minecraft:spruce_wood":4,"minecraft:lantern":79,"minecraft:light_blue_bed":16,"minecraft:item_frame":92,"minecraft:birch_trapdoor":1,"minecraft:written_book":515,"minecraft:blue_shulker_box":182,"minecraft:gold_block":186,"minecraft:end_rod":682,"minecraft:dropper":114,"minecraft:wither_skeleton_skull":9,"minecraft:stripped_acacia_log":1,"minecraft:gray_carpet":1573,"minecraft:stone_pickaxe":153,"minecraft:oak_planks":843,"minecraft:prismarine_stairs":11,"minecraft:sandstone":137,"minecraft:sugar_cane":120,"minecraft:diamond_axe":26216,"minecraft:white_wool":1,"minecraft:lime_stained_glass_pane":8,"minecraft:yellow_concrete":114,"minecraft:crossbow":4,"minecraft:end_stone":12,"minecraft:sticky_piston":152,"minecraft:black_terracotta":673,"minecraft:lever":54,"minecraft:dark_oak_log":6243,"minecraft:bread":6,"minecraft:brown_wool":1,"minecraft:iron_door":65,"minecraft:prismarine_wall":64,"minecraft:smooth_stone_slab":527,"minecraft:mossy_cobblestone_wall":2,"minecraft:coarse_dirt":507,"minecraft:bone_meal":3759,"minecraft:orange_concrete_powder":680,"minecraft:rose_bush":10,"minecraft:white_tulip":8,"minecraft:flint_and_steel":119,"minecraft:redstone":807,"minecraft:ender_chest":1193,"minecraft:brown_shulker_box":635,"minecraft:stone_hoe":541,"minecraft:cooked_chicken":308,"minecraft:dirt":14801,"minecraft:spruce_fence":3023,"minecraft:iron_hoe":35,"minecraft:wooden_axe":8,"minecraft:light_gray_stained_glass":1050,"minecraft:oak_stairs":861,"minecraft:smooth_sandstone":324,"minecraft:yellow_concrete_powder":302,"minecraft:black_stained_glass":372,"minecraft:minecart":125,"minecraft:cyan_concrete_powder":494,"minecraft:cooked_beef":68,"minecraft:light_gray_bed":15,"minecraft:turtle_egg":3,"minecraft:pumpkin":85,"minecraft:cobblestone_stairs":272,"minecraft:snow_block":1824,"minecraft:baked_potato":103,"minecraft:birch_boat":54,"minecraft:cut_sandstone":43,"minecraft:spruce_sign":276,"minecraft:dark_prismarine_slab":93,"minecraft:magenta_bed":25,"minecraft:red_mushroom":20,"minecraft:magenta_carpet":717,"minecraft:cyan_stained_glass":339,"minecraft:piston":275,"minecraft:wooden_hoe":223,"minecraft:flower_pot":36,"minecraft:black_wool":50,"minecraft:lapis_ore":66,"minecraft:stone_slab":561,"minecraft:detector_rail":2,"minecraft:magenta_concrete":2275,"minecraft:stone_axe":18,"minecraft:magenta_banner":41,"minecraft:end_crystal":1,"minecraft:cyan_stained_glass_pane":130,"minecraft:pink_shulker_box":292,"minecraft:lapis_block":6,"minecraft:pumpkin_pie":49,"minecraft:wither_rose":785,"minecraft:gray_wool":52,"minecraft:birch_stairs":587,"minecraft:peony":18,"minecraft:spruce_slab":6016,"minecraft:ladder":878,"minecraft:green_banner":1,"minecraft:chest":698,"minecraft:brown_concrete":442,"minecraft:white_shulker_box":280,"minecraft:blue_stained_glass":5,"minecraft:allium":18,"minecraft:acacia_sapling":86,"minecraft:stripped_spruce_log":36,"minecraft:black_stained_glass_pane":38,"minecraft:grass_block":11243,"minecraft:orange_shulker_box":301,"minecraft:dark_oak_button":4,"minecraft:pink_wool":1,"minecraft:stone_brick_stairs":2166,"minecraft:snow":801,"minecraft:dark_oak_boat":14,"minecraft:sweet_berries":22,"minecraft:furnace":144,"minecraft:egg":992,"minecraft:potato":196,"minecraft:dead_brain_coral_fan":1,"minecraft:brown_concrete_powder":500,"minecraft:magenta_shulker_box":984,"minecraft:light_blue_carpet":1,"minecraft:diorite":126,"minecraft:spruce_door":72,"minecraft:stripped_birch_log":4,"minecraft:powered_rail":2739,"minecraft:orange_tulip":10,"minecraft:oak_leaves":562,"minecraft:cookie":60,"minecraft:dark_oak_trapdoor":73,"minecraft:sand":1647,"minecraft:blue_ice":316,"minecraft:black_concrete_powder":1231,"minecraft:pumpkin_seeds":59,"minecraft:stone_button":410,"minecraft:cyan_carpet":87,"minecraft:lectern":1917,"minecraft:red_terracotta":136,"minecraft:diamond_ore":208,"minecraft:lilac":39,"minecraft:magenta_stained_glass_pane":1346,"minecraft:wooden_sword":28,"minecraft:dark_oak_fence":552,"minecraft:white_stained_glass":573,"minecraft:green_concrete_powder":488,"minecraft:pink_stained_glass":682,"minecraft:ice":4794,"minecraft:gray_stained_glass":57,"minecraft:iron_bars":1617,"minecraft:stone_sword":12,"minecraft:acacia_log":9674,"minecraft:red_concrete":51,"minecraft:mycelium":378,"minecraft:netherrack":1157,"minecraft:light_gray_shulker_box":253,"minecraft:anvil":53,"minecraft:chorus_flower":79,"minecraft:stone_stairs":25,"minecraft:dead_brain_coral_block":6,"minecraft:red_shulker_box":363,"minecraft:cyan_shulker_box":124,"minecraft:iron_axe":1268,"minecraft:spruce_button":104,"minecraft:slime_block":26,"minecraft:smooth_quartz":1,"minecraft:pink_stained_glass_pane":1,"minecraft:prismarine_slab":1,"minecraft:melon_seeds":44,"minecraft:tripwire_hook":22,"minecraft:purple_concrete":32,"minecraft:glowstone":249,"minecraft:beef":4,"minecraft:magenta_wool":9,"minecraft:iron_trapdoor":70,"minecraft:acacia_wood":301,"minecraft:observer":435,"minecraft:orange_terracotta":803,"minecraft:water_bucket":456,"minecraft:yellow_shulker_box":257,"minecraft:smooth_sandstone_slab":2,"minecraft:cracked_stone_bricks":2015,"minecraft:salmon":7,"minecraft:orange_carpet":122,"minecraft:lime_terracotta":2,"minecraft:comparator":78,"minecraft:vine":62,"minecraft:tnt":22,"minecraft:crafting_table":416,"minecraft:oak_slab":574,"minecraft:birch_sign":73,"minecraft:cod":18,"minecraft:dark_oak_fence_gate":621,"minecraft:lime_shulker_box":48,"minecraft:cake":3,"minecraft:oak_log":1664,"minecraft:dark_prismarine":386,"minecraft:cornflower":2,"minecraft:oxeye_daisy":1,"minecraft:sunflower":3,"minecraft:iron_pickaxe":7568,"minecraft:cyan_concrete":473,"minecraft:music_disc_blocks":1,"minecraft:cobblestone":4938,"minecraft:red_concrete_powder":117,"minecraft:sandstone_slab":436,"minecraft:glass_pane":479,"minecraft:kelp":285,"minecraft:brown_mushroom_block":30,"minecraft:light_blue_stained_glass_pane":215,"minecraft:iron_shovel":1776,"minecraft:carrot_on_a_stick":1,"minecraft:oak_sign":436,"minecraft:white_concrete_powder":16463,"minecraft:white_terracotta":96,"minecraft:iron_sword":159,"minecraft:purple_shulker_box":63,"minecraft:player_head":132,"minecraft:smooth_sandstone_stairs":1,"minecraft:carrot":201,"minecraft:cyan_wool":116,"minecraft:milk_bucket":3,"minecraft:glass":8697,"minecraft:cyan_terracotta":5922,"minecraft:coal_ore":667,"minecraft:quartz_slab":1062,"minecraft:dark_oak_wood":20,"minecraft:gray_concrete_powder":5480,"minecraft:hopper_minecart":57,"minecraft:stone_bricks":53536,"minecraft:repeater":277,"minecraft:red_carpet":36,"minecraft:redstone_lamp":4,"minecraft:magma_block":1516,"minecraft:brown_carpet":56,"minecraft:hay_block":3,"minecraft:scaffolding":73,"minecraft:beetroot_seeds":21,"minecraft:dark_oak_stairs":184,"minecraft:birch_leaves":2,"minecraft:dark_oak_sign":18,"minecraft:ender_pearl":54,"minecraft:redstone_block":723,"minecraft:blue_bed":2,"minecraft:yellow_terracotta":74,"minecraft:loom":3,"minecraft:light_gray_terracotta":107,"minecraft:sponge":355,"minecraft:note_block":460,"minecraft:stone_brick_wall":16,"minecraft:shears":756,"minecraft:redstone_torch":245,"minecraft:green_concrete":332,"minecraft:black_concrete":1493,"minecraft:gray_shulker_box":155,"minecraft:firework_rocket":546,"minecraft:string":13,"minecraft:cyan_bed":5,"minecraft:heavy_weighted_pressure_plate":23,"minecraft:light_gray_concrete":2063,"minecraft:gravel":798,"minecraft:grindstone":27,"minecraft:andesite":178,"minecraft:oak_fence":29,"minecraft:white_concrete":16447,"minecraft:tropical_fish_bucket":1,"minecraft:jungle_leaves":94,"minecraft:cobweb":222,"minecraft:trident":16,"minecraft:redstone_ore":655,"minecraft:light_blue_terracotta":329,"minecraft:spruce_planks":2242,"minecraft:wooden_shovel":7,"minecraft:oak_door":3,"minecraft:white_carpet":132,"minecraft:hopper":737,"minecraft:spruce_stairs":871,"minecraft:cobblestone_wall":354,"minecraft:shulker_box":926,"minecraft:oak_wood":7,"minecraft:granite":180,"minecraft:light_blue_stained_glass":42,"minecraft:purple_banner":6,"minecraft:purple_stained_glass_pane":182,"minecraft:stone_brick_slab":8199,"minecraft:dark_oak_planks":1582,"minecraft:red_tulip":2,"minecraft:bookshelf":343,"minecraft:yellow_stained_glass":22,"minecraft:golden_carrot":2124,"minecraft:emerald_block":334,"minecraft:white_stained_glass_pane":402,"minecraft:cyan_banner":1,"minecraft:stone_pressure_plate":28,"minecraft:brown_bed":1,"minecraft:cooked_mutton":22,"minecraft:acacia_boat":13,"minecraft:pink_tulip":7,"minecraft:glass_bottle":103,"minecraft:polished_andesite":254,"minecraft:black_shulker_box":79,"minecraft:magenta_stained_glass":1506,"minecraft:beacon":24,"minecraft:cobblestone_slab":712,"minecraft:stripped_dark_oak_log":320,"minecraft:terracotta":59,"minecraft:yellow_stained_glass_pane":1,"minecraft:light_gray_concrete_powder":1580,"minecraft:painting":100,"minecraft:smoker":3,"minecraft:dark_oak_door":12,"minecraft:purple_stained_glass":129,"minecraft:activator_rail":25,"minecraft:acacia_fence_gate":333,"minecraft:fishing_rod":9011,"minecraft:green_shulker_box":92,"minecraft:white_banner":43,"minecraft:bucket":489,"minecraft:smooth_stone":26,"minecraft:splash_potion":37},"minecraft:crafted":{"minecraft:black_dye":404,"minecraft:chainmail_helmet":1,"minecraft:oak_sign":555,"minecraft:melon":23137,"minecraft:blaze_powder":76,"minecraft:birch_boat":51,"minecraft:diamond_shovel":12,"minecraft:gray_wool":256,"minecraft:cracked_stone_bricks":532,"minecraft:shulker_box":17,"minecraft:diamond_helmet":17,"minecraft:magenta_concrete_powder":5928,"minecraft:beacon":3,"minecraft:stone_pressure_plate":31,"minecraft:iron_door":18,"minecraft:black_wool":128,"minecraft:gray_stained_glass":64,"minecraft:white_shulker_box":6,"minecraft:pink_stained_glass":464,"minecraft:blue_stained_glass":16,"minecraft:redstone_lamp":27,"minecraft:end_rod":256,"minecraft:smithing_table":1,"minecraft:sticky_piston":170,"minecraft:painting":13,"minecraft:stone_brick_stairs":2016,"minecraft:lectern":24,"minecraft:wooden_hoe":5,"minecraft:stone_slab":516,"minecraft:iron_pickaxe":60,"minecraft:sandstone":569,"minecraft:composter":13,"minecraft:dark_prismarine":945,"minecraft:golden_carrot":1861,"minecraft:magenta_wool":532,"minecraft:orange_shulker_box":3,"minecraft:iron_nugget":540,"minecraft:diamond_hoe":13,"minecraft:acacia_fence_gate":330,"minecraft:jack_o_lantern":67,"minecraft:blue_shulker_box":3,"minecraft:lime_stained_glass_pane":160,"minecraft:spruce_fence":2160,"minecraft:stone_stairs":32,"minecraft:lantern":73,"minecraft:spruce_stairs":528,"minecraft:light_gray_shulker_box":7,"minecraft:black_concrete_powder":1440,"minecraft:red_shulker_box":3,"minecraft:stone_pickaxe":19,"minecraft:quartz_slab":360,"minecraft:spruce_boat":7,"minecraft:prismarine_slab":6,"minecraft:lead":24,"minecraft:light_gray_terracotta":192,"minecraft:enchanting_table":2,"minecraft:cyan_bed":2,"minecraft:light_blue_wool":112,"minecraft:yellow_stained_glass_pane":16,"minecraft:leather_helmet":9,"minecraft:dark_oak_button":2,"minecraft:enchanted_book":291,"minecraft:orange_dye":322,"minecraft:light_blue_carpet":3,"minecraft:oak_fence_gate":209,"minecraft:fermented_spider_eye":15,"minecraft:birch_trapdoor":2,"minecraft:black_stained_glass_pane":32,"minecraft:writable_book":61,"minecraft:iron_shovel":7,"minecraft:armor_stand":76,"minecraft:prismarine_wall":240,"minecraft:note_block":467,"minecraft:grindstone":2,"minecraft:cobblestone_slab":978,"minecraft:barrel":21,"minecraft:magenta_banner":68,"minecraft:leather_horse_armor":14,"minecraft:cooked_chicken":69,"minecraft:stone":2797,"minecraft:snow":738,"minecraft:heavy_weighted_pressure_plate":16,"minecraft:brown_carpet":63,"minecraft:cake":6,"minecraft:stone_brick_slab":7762,"minecraft:bow":44,"minecraft:comparator":61,"minecraft:chest":1247,"minecraft:rail":1760,"minecraft:ender_eye":42,"minecraft:stone_bricks":40728,"minecraft:oak_fence":45,"minecraft:white_banner":54,"minecraft:dropper":36,"minecraft:cauldron":15,"minecraft:iron_helmet":23,"minecraft:brown_dye":183,"minecraft:white_stained_glass_pane":256,"minecraft:dispenser":41,"minecraft:apple":8,"minecraft:tnt":7,"minecraft:spruce_trapdoor":450,"minecraft:purple_dye":120,"minecraft:yellow_dye":262,"minecraft:stick":13900,"minecraft:iron_ingot":9997,"minecraft:light_blue_shulker_box":6,"minecraft:light_blue_stained_glass":200,"minecraft:cyan_carpet":36,"minecraft:dark_oak_fence_gate":629,"minecraft:oak_door":3,"minecraft:fishing_rod":31,"minecraft:stone_brick_wall":36,"minecraft:tripwire_hook":22,"minecraft:leather_boots":5,"minecraft:spruce_button":103,"minecraft:mossy_stone_bricks":13,"minecraft:furnace":123,"minecraft:blast_furnace":2,"minecraft:piston":300,"minecraft:magenta_stained_glass_pane":1264,"minecraft:oak_trapdoor":892,"minecraft:flint_and_steel":2,"minecraft:scaffolding":12,"minecraft:white_concrete_powder":25728,"minecraft:orange_terracotta":544,"minecraft:cobblestone_wall":306,"minecraft:brown_shulker_box":3,"minecraft:smooth_quartz_slab":28,"minecraft:birch_sign":63,"minecraft:glistering_melon_slice":5,"minecraft:light_blue_stained_glass_pane":160,"minecraft:purple_stained_glass":48,"minecraft:iron_trapdoor":71,"minecraft:purple_shulker_box":1,"minecraft:iron_sword":54,"minecraft:cooked_salmon":470,"minecraft:acacia_boat":5,"minecraft:jungle_planks":36,"minecraft:white_dye":1860,"minecraft:brown_concrete_powder":816,"minecraft:black_carpet":123,"minecraft:anvil":36,"minecraft:prismarine_stairs":28,"minecraft:torch":6844,"minecraft:magenta_carpet":618,"minecraft:diamond_chestplate":7,"minecraft:ender_chest":35,"minecraft:light_gray_concrete_powder":1312,"minecraft:smooth_stone":60,"minecraft:cut_sandstone":64,"minecraft:orange_carpet":123,"minecraft:pink_bed":5,"minecraft:dark_oak_wood":15,"minecraft:birch_slab":300,"minecraft:slime_block":7,"minecraft:loom":1,"minecraft:lever":18,"minecraft:bookshelf":493,"minecraft:dark_prismarine_stairs":76,"minecraft:cooked_mutton":10,"minecraft:iron_bars":1152,"minecraft:red_concrete_powder":344,"minecraft:magenta_shulker_box":11,"minecraft:quartz_block":298,"minecraft:glass":2369,"minecraft:repeater":201,"minecraft:diamond_leggings":14,"minecraft:cyan_stained_glass_pane":144,"minecraft:melon_seeds":52,"minecraft:birch_fence_gate":11,"minecraft:acacia_fence":30,"minecraft:magenta_dye":1719,"minecraft:flower_pot":30,"minecraft:glass_bottle":150,"minecraft:wooden_shovel":1,"minecraft:emerald":17011,"minecraft:cooked_porkchop":9,"minecraft:diamond_axe":10,"minecraft:spruce_door":36,"minecraft:purple_banner":9,"minecraft:hay_block":3,"minecraft:oak_wood":6,"minecraft:campfire":29,"minecraft:light_gray_bed":2,"minecraft:lime_shulker_box":1,"minecraft:green_terracotta":1792,"minecraft:compass":1,"minecraft:light_blue_bed":3,"minecraft:iron_block":276,"minecraft:white_terracotta":448,"minecraft:gold_ingot":4786,"minecraft:light_gray_dye":239,"minecraft:spruce_fence_gate":31,"minecraft:birch_stairs":176,"minecraft:packed_ice":10723,"minecraft:yellow_concrete_powder":568,"minecraft:prismarine":1519,"minecraft:stone_shovel":22,"minecraft:smooth_stone_slab":942,"minecraft:leather_leggings":5,"minecraft:player_head":249,"minecraft:bone_meal":28132,"minecraft:cyan_stained_glass":1728,"minecraft:pink_dye":66,"minecraft:white_carpet":48,"minecraft:orange_wool":82,"minecraft:diamond":873,"minecraft:dark_oak_fence":309,"minecraft:detector_rail":36,"minecraft:ladder":807,"minecraft:spruce_slab":5262,"minecraft:diamond_boots":13,"minecraft:redstone_block":1164,"minecraft:dark_oak_planks":8484,"minecraft:wheat":1152,"minecraft:coal_block":238,"minecraft:firework_star":92,"minecraft:purple_stained_glass_pane":144,"minecraft:magenta_stained_glass":1672,"minecraft:gray_concrete_powder":5640,"minecraft:sandstone_slab":444,"minecraft:conduit":1,"minecraft:glowstone":47,"minecraft:white_stained_glass":952,"minecraft:golden_apple":35,"minecraft:gray_shulker_box":2,"minecraft:cyan_shulker_box":2,"minecraft:oak_stairs":696,"minecraft:wooden_axe":1,"minecraft:iron_leggings":22,"minecraft:white_bed":34,"minecraft:brick":67,"minecraft:oak_planks":15368,"minecraft:dark_oak_boat":2,"minecraft:pink_shulker_box":3,"minecraft:sand":64,"minecraft:cobblestone_stairs":544,"minecraft:light_blue_banner":15,"minecraft:flower_banner_pattern":1,"minecraft:spruce_pressure_plate":13,"minecraft:green_dye":2530,"minecraft:dark_oak_door":9,"minecraft:hopper":740,"minecraft:iron_boots":25,"minecraft:written_book":31,"minecraft:cyan_terracotta":5080,"minecraft:stone_hoe":6,"minecraft:smoker":2,"minecraft:quartz_stairs":80,"minecraft:oak_slab":528,"minecraft:item_frame":55,"minecraft:acacia_wood":294,"minecraft:crafting_table":96,"minecraft:spruce_planks":12064,"minecraft:wooden_pickaxe":9,"minecraft:baked_potato":79,"minecraft:gold_block":93,"minecraft:hopper_minecart":57,"minecraft:brewing_stand":11,"minecraft:birch_planks":2848,"minecraft:pumpkin_seeds":64,"minecraft:black_shulker_box":1,"minecraft:emerald_block":901,"minecraft:dark_oak_slab":342,"minecraft:iron_chestplate":22,"minecraft:book":148,"minecraft:paper":3186,"minecraft:diamond_pickaxe":5,"minecraft:charcoal":65,"minecraft:shield":22,"minecraft:birch_fence":63,"minecraft:light_blue_dye":192,"minecraft:leather_chestplate":29,"minecraft:stone_sword":1,"minecraft:snow_block":3429,"minecraft:green_shulker_box":3,"minecraft:redstone_torch":707,"minecraft:gray_carpet":957,"minecraft:light_gray_carpet":12,"minecraft:sponge":295,"minecraft:shears":11,"minecraft:polished_andesite":104,"minecraft:coarse_dirt":652,"minecraft:wooden_sword":2,"minecraft:purple_wool":24,"minecraft:cookie":108,"minecraft:redstone":3582,"minecraft:coal":1350,"minecraft:light_gray_stained_glass":256,"minecraft:stone_button":441,"minecraft:dark_oak_trapdoor":40,"minecraft:gray_dye":1110,"minecraft:dark_oak_sign":21,"minecraft:diamond_block":59,"minecraft:glass_pane":736,"minecraft:blue_ice":3956,"minecraft:yellow_shulker_box":2,"minecraft:black_terracotta":648,"minecraft:green_concrete_powder":488,"minecraft:iron_axe":38,"minecraft:spruce_wood":6,"minecraft:iron_hoe":5,"minecraft:orange_concrete_powder":680,"minecraft:lime_dye":2,"minecraft:observer":155,"minecraft:minecart":66,"minecraft:cooked_beef":13,"minecraft:sugar":23,"minecraft:red_dye":438,"minecraft:cooked_cod":7,"minecraft:cyan_concrete_powder":768,"minecraft:bone_block":170,"minecraft:magenta_bed":6,"minecraft:diamond_sword":4,"minecraft:cyan_dye":924,"minecraft:spruce_sign":60,"minecraft:dark_oak_stairs":336,"minecraft:powered_rail":1938,"minecraft:smooth_sandstone":352,"minecraft:bucket":38,"minecraft:stone_axe":13,"minecraft:brown_terracotta":192,"minecraft:air":0,"minecraft:bread":134,"minecraft:blue_dye":333,"minecraft:black_stained_glass":432,"minecraft:oak_boat":10,"minecraft:white_wool":46,"minecraft:gold_nugget":15240,"minecraft:brown_wool":62,"minecraft:dark_prismarine_slab":312,"minecraft:pumpkin_pie":48,"minecraft:acacia_planks":3480,"minecraft:end_crystal":1,"minecraft:purple_concrete_powder":376,"minecraft:lapis_block":207,"minecraft:clay":87,"minecraft:lapis_lazuli":541,"minecraft:carrot_on_a_stick":1,"minecraft:firework_rocket":8148},"minecraft:killed_by":{"minecraft:pufferfish":2,"minecraft:drowned":1,"minecraft:zombie_pigman":1,"minecraft:guardian":1,"minecraft:creeper":2,"minecraft:cave_spider":1,"minecraft:player":2,"minecraft:phantom":1},"minecraft:picked_up":{"minecraft:smithing_table":11,"minecraft:lead":273,"minecraft:stone_slab":264,"minecraft:enchanted_book":80,"minecraft:purple_shulker_box":67,"minecraft:string":371,"minecraft:pufferfish":117,"minecraft:diamond_leggings":4,"minecraft:diamond_ore":208,"minecraft:spruce_pressure_plate":54,"minecraft:acacia_log":4529,"minecraft:cyan_stained_glass":464,"minecraft:green_terracotta":449,"minecraft:golden_chestplate":10,"minecraft:gray_shulker_box":157,"minecraft:cyan_stained_glass_pane":98,"minecraft:cauldron":1,"minecraft:brown_carpet":95,"minecraft:stone_sword":21,"minecraft:lime_carpet":3,"minecraft:carved_pumpkin":77,"minecraft:red_tulip":10,"minecraft:glowstone":114,"minecraft:bookshelf":24,"minecraft:end_rod":295,"minecraft:white_terracotta":1,"minecraft:blaze_rod":3,"minecraft:iron_bars":665,"minecraft:snowball":2100,"minecraft:sponge":34,"minecraft:cooked_beef":249,"minecraft:feather":685,"minecraft:water_bucket":15,"minecraft:brown_wool":1,"minecraft:dark_oak_boat":14,"minecraft:flint":639,"minecraft:purple_stained_glass":93,"minecraft:lantern":35,"minecraft:cyan_concrete_powder":33,"minecraft:magenta_terracotta":28,"minecraft:gray_concrete_powder":767,"minecraft:diamond_helmet":10,"minecraft:lime_terracotta":22,"minecraft:birch_fence_gate":4,"minecraft:stripped_spruce_log":54,"minecraft:iron_hoe":2,"minecraft:polished_andesite":114,"minecraft:lever":55,"minecraft:granite":7227,"minecraft:spruce_button":29,"minecraft:jack_o_lantern":13,"minecraft:light_gray_carpet":11,"minecraft:diamond_pickaxe":65,"minecraft:clay_ball":1740,"minecraft:leather_leggings":4,"minecraft:redstone_lamp":4,"minecraft:heavy_weighted_pressure_plate":12,"minecraft:cornflower":4,"minecraft:elytra":6,"minecraft:flint_and_steel":1,"minecraft:white_carpet":77,"minecraft:white_stained_glass":179,"minecraft:glass_pane":74,"minecraft:poppy":100,"minecraft:spruce_slab":887,"minecraft:minecart":122,"minecraft:birch_sapling":14,"minecraft:piston":51,"minecraft:diamond_hoe":4,"minecraft:lime_shulker_box":48,"minecraft:black_stained_glass":88,"minecraft:stone":131343,"minecraft:white_dye":57,"minecraft:cyan_shulker_box":125,"minecraft:stone_shovel":6,"minecraft:yellow_terracotta":139,"minecraft:totem_of_undying":9,"minecraft:mutton":160,"minecraft:rail":3928,"minecraft:bone_block":36,"minecraft:oxeye_daisy":23,"minecraft:yellow_shulker_box":264,"minecraft:birch_leaves":2,"minecraft:tripwire_hook":20,"minecraft:jungle_fence":4,"minecraft:acacia_wood":151,"minecraft:lily_pad":1,"minecraft:paper":1011,"minecraft:light_blue_banner":10,"minecraft:apple":46,"minecraft:yellow_stained_glass":1,"minecraft:pufferfish_bucket":2,"minecraft:oak_fence_gate":12,"minecraft:stone_pickaxe":1,"minecraft:iron_ore":2298,"minecraft:magenta_stained_glass":87,"minecraft:dark_oak_stairs":81,"minecraft:milk_bucket":1,"minecraft:light_gray_stained_glass":10,"minecraft:sweet_berries":199,"minecraft:red_wool":8,"minecraft:light_blue_stained_glass":112,"minecraft:leather_helmet":3,"minecraft:oak_wood":3,"minecraft:diamond_shovel":12,"minecraft:coal_ore":2157,"minecraft:slime_ball":874,"minecraft:painting":91,"minecraft:birch_sign":21,"minecraft:baked_potato":83,"minecraft:smooth_quartz_slab":5,"minecraft:hopper":152,"minecraft:black_carpet":153,"minecraft:ender_chest":1165,"minecraft:stone_brick_stairs":1026,"minecraft:lapis_block":213,"minecraft:purple_banner":8,"minecraft:smooth_stone":193,"minecraft:comparator":16,"minecraft:bucket":10,"minecraft:white_tulip":10,"minecraft:rose_bush":113,"minecraft:cobblestone_slab":175,"minecraft:iron_pickaxe":11,"minecraft:smooth_quartz":20,"minecraft:smooth_quartz_stairs":7,"minecraft:tipped_arrow":6,"minecraft:acacia_fence":2,"minecraft:spruce_stairs":423,"minecraft:diorite":8196,"minecraft:vine":74,"minecraft:rotten_flesh":1523,"minecraft:brown_shulker_box":637,"minecraft:chorus_flower":7,"minecraft:obsidian":419,"minecraft:blaze_powder":30,"minecraft:cobblestone":22911,"minecraft:leather_chestplate":8,"minecraft:lilac":216,"minecraft:repeater":61,"minecraft:andesite":9956,"minecraft:orange_carpet":1,"minecraft:golden_leggings":8,"minecraft:beacon":23,"minecraft:potato":735,"minecraft:smooth_sandstone_stairs":4,"minecraft:dirt":21755,"minecraft:stripped_birch_log":6,"minecraft:name_tag":5,"minecraft:glass":2063,"minecraft:bone":635,"minecraft:acacia_planks":2,"minecraft:bow":56,"minecraft:wheat_seeds":4263,"minecraft:orange_tulip":12,"minecraft:grindstone":26,"minecraft:purple_stained_glass_pane":40,"minecraft:mossy_stone_bricks":135,"minecraft:bamboo":133,"minecraft:cyan_concrete":312,"minecraft:prismarine":74,"minecraft:gray_stained_glass":10,"minecraft:light_blue_shulker_box":572,"minecraft:melon":1309,"minecraft:grass_block":16317,"minecraft:diamond_block":12,"minecraft:jungle_slab":12,"minecraft:spectral_arrow":2,"minecraft:mossy_cobblestone":56,"minecraft:jungle_leaves":106,"minecraft:light_gray_terracotta":8,"minecraft:sugar":2,"minecraft:light_blue_terracotta":83,"minecraft:slime_block":23,"minecraft:crossbow":5,"minecraft:bone_meal":119,"minecraft:grass":119,"minecraft:golden_apple":7,"minecraft:spruce_sign":191,"minecraft:emerald":32,"minecraft:netherrack":15488,"minecraft:chorus_fruit":7,"minecraft:oak_leaves":173,"minecraft:azure_bluet":8,"minecraft:splash_potion":12,"minecraft:ladder":341,"minecraft:brown_mushroom":140,"minecraft:packed_ice":93434,"minecraft:pink_wool":38,"minecraft:stone_brick_wall":2,"minecraft:shield":12,"minecraft:orange_stained_glass":8,"minecraft:oak_trapdoor":17,"minecraft:mycelium":411,"minecraft:birch_fence":5,"minecraft:magenta_wool":5,"minecraft:end_stone":4,"minecraft:note_block":127,"minecraft:cookie":65,"minecraft:brown_concrete_powder":6,"minecraft:trident":11,"minecraft:light_blue_bed":13,"minecraft:stone_pressure_plate":11,"minecraft:red_shulker_box":361,"minecraft:nether_bricks":6,"minecraft:pink_tulip":8,"minecraft:jungle_boat":1,"minecraft:prismarine_slab":1,"minecraft:dark_oak_button":4,"minecraft:golden_carrot":384,"minecraft:magenta_banner":31,"minecraft:leather":427,"minecraft:ice":40551,"minecraft:chainmail_chestplate":2,"minecraft:yellow_bed":1,"minecraft:cobblestone_wall":236,"minecraft:gunpowder":196,"minecraft:orange_terracotta":611,"minecraft:cooked_mutton":201,"minecraft:red_carpet":36,"minecraft:gray_carpet":729,"minecraft:rabbit_hide":3,"minecraft:spruce_wood":2,"minecraft:iron_ingot":289,"minecraft:cooked_chicken":73,"minecraft:prismarine_brick_slab":1,"minecraft:pink_bed":50,"minecraft:nether_quartz_ore":560,"minecraft:emerald_block":73,"minecraft:stone_brick_slab":1039,"minecraft:quartz":1137,"minecraft:dandelion":77,"minecraft:lava_bucket":1,"minecraft:red_banner":3,"minecraft:spruce_door":49,"minecraft:pumpkin_seeds":926,"minecraft:white_concrete_powder":13694,"minecraft:prismarine_wall":1,"minecraft:chainmail_leggings":1,"minecraft:terracotta":4829,"minecraft:damaged_anvil":24,"minecraft:dark_oak_wood":8,"minecraft:sunflower":38,"minecraft:seagrass":4,"minecraft:iron_chestplate":5,"minecraft:flower_pot":13,"minecraft:anvil":21,"minecraft:prismarine_shard":25731,"minecraft:magenta_carpet":330,"minecraft:diamond_sword":12,"minecraft:oak_stairs":327,"minecraft:brown_bed":1,"minecraft:wither_rose":1,"minecraft:brewing_stand":22,"minecraft:golden_sword":1,"minecraft:dark_oak_trapdoor":43,"minecraft:cooked_salmon":222,"minecraft:beetroot":28,"minecraft:orange_concrete_powder":639,"minecraft:gold_nugget":68,"minecraft:spruce_planks":1494,"minecraft:acacia_fence_gate":3,"minecraft:written_book":18,"minecraft:melon_slice":905,"minecraft:coal_block":198,"minecraft:dark_oak_door":6,"minecraft:golden_helmet":6,"minecraft:music_disc_blocks":1,"minecraft:magenta_concrete_powder":188,"minecraft:composter":60,"minecraft:rabbit_foot":1,"minecraft:gray_stained_glass_pane":18,"minecraft:black_dye":64,"minecraft:light_gray_bed":13,"minecraft:light_blue_wool":1,"minecraft:tropical_fish":11,"minecraft:iron_block":1869,"minecraft:cyan_terracotta":1772,"minecraft:birch_log":305,"minecraft:magma_block":1462,"minecraft:iron_door":55,"minecraft:birch_slab":30,"minecraft:jungle_log":149,"minecraft:acacia_leaves":109,"minecraft:green_concrete_powder":192,"minecraft:smoker":1,"minecraft:magenta_bed":18,"minecraft:gray_concrete":4969,"minecraft:light_gray_concrete_powder":880,"minecraft:chipped_anvil":16,"minecraft:glowstone_dust":176,"minecraft:dropper":44,"minecraft:ink_sac":510,"minecraft:loom":2,"minecraft:dark_oak_log":898,"minecraft:red_terracotta":217,"minecraft:barrel":14,"minecraft:stripped_acacia_log":6,"minecraft:dispenser":37,"minecraft:black_concrete_powder":1087,"minecraft:green_concrete":480,"minecraft:writable_book":5,"minecraft:dead_brain_coral_block":6,"minecraft:blue_ice":3789,"minecraft:dark_oak_fence":441,"minecraft:spruce_leaves":44,"minecraft:lime_stained_glass_pane":8,"minecraft:crafting_table":389,"minecraft:coarse_dirt":75,"minecraft:bubble_coral_fan":2,"minecraft:sandstone_slab":74,"minecraft:nether_wart":90,"minecraft:jungle_trapdoor":6,"minecraft:red_bed":9,"minecraft:snow":429,"minecraft:cracked_stone_bricks":643,"minecraft:beef":339,"minecraft:cyan_wool":224,"minecraft:quartz_stairs":54,"minecraft:chest":234,"minecraft:egg":1640,"minecraft:sandstone":833,"minecraft:oak_door":7,"minecraft:spruce_fence":1150,"minecraft:carrot":899,"minecraft:redstone":6876,"minecraft:prismarine_crystals":10156,"minecraft:tnt":18,"minecraft:cooked_cod":2225,"minecraft:beetroot_seeds":71,"minecraft:peony":75,"minecraft:shears":1,"minecraft:diamond_boots":8,"minecraft:sandstone_stairs":1,"minecraft:gold_ingot":91,"minecraft:white_shulker_box":282,"minecraft:white_wool":151,"minecraft:lapis_ore":189,"minecraft:stripped_oak_log":298,"minecraft:red_mushroom":59,"minecraft:filled_map":1,"minecraft:brown_concrete":516,"minecraft:oak_log":1014,"minecraft:golden_boots":9,"minecraft:blue_bed":2,"minecraft:white_banner":22,"minecraft:birch_pressure_plate":2,"minecraft:stone_bricks":16933,"minecraft:kelp":475,"minecraft:cobweb":81,"minecraft:glass_bottle":4,"minecraft:iron_sword":16,"minecraft:dark_oak_slab":125,"minecraft:white_stained_glass_pane":124,"minecraft:yellow_concrete":165,"minecraft:gravel":35704,"minecraft:birch_stairs":448,"minecraft:spruce_sapling":43,"minecraft:spruce_log":1400,"minecraft:sea_lantern":666,"minecraft:firework_rocket":495,"minecraft:purple_bed":5,"minecraft:light_blue_carpet":1,"minecraft:redstone_ore":1035,"minecraft:diamond_axe":12,"minecraft:gray_wool":82,"minecraft:melon_seeds":9,"minecraft:stripped_dark_oak_log":465,"minecraft:ender_pearl":55,"minecraft:shulker_shell":32,"minecraft:wheat":5119,"minecraft:redstone_block":543,"minecraft:iron_trapdoor":251,"minecraft:light_gray_shulker_box":265,"minecraft:potion":36,"minecraft:smooth_stone_slab":242,"minecraft:iron_leggings":7,"minecraft:armor_stand":24,"minecraft:sticky_piston":49,"minecraft:pink_shulker_box":295,"minecraft:oak_sign":104,"minecraft:sea_pickle":62,"minecraft:activator_rail":35,"minecraft:black_shulker_box":79,"minecraft:dark_oak_leaves":12,"minecraft:redstone_torch":206,"minecraft:iron_boots":6,"minecraft:furnace":40,"minecraft:stick":312,"minecraft:orange_shulker_box":302,"minecraft:oak_fence":87,"minecraft:torch":5296,"minecraft:porkchop":69,"minecraft:snow_block":2030,"minecraft:dead_brain_coral_fan":1,"minecraft:yellow_concrete_powder":117,"minecraft:green_banner":2,"minecraft:quartz_block":131,"minecraft:cactus":157,"minecraft:leather_horse_armor":1,"minecraft:cod":9637,"minecraft:nautilus_shell":28,"minecraft:magma_cream":13,"minecraft:magenta_dye":3,"minecraft:wither_skeleton_skull":3,"minecraft:acacia_boat":9,"minecraft:green_shulker_box":92,"minecraft:lapis_lazuli":2359,"minecraft:polished_granite":18,"minecraft:leather_boots":5,"minecraft:powered_rail":962,"minecraft:oak_planks":427,"minecraft:ghast_tear":2,"minecraft:pink_stained_glass":30,"minecraft:black_terracotta":62,"minecraft:cooked_porkchop":82,"minecraft:pink_stained_glass_pane":16,"minecraft:oak_pressure_plate":2,"minecraft:poisonous_potato":6,"minecraft:jungle_planks":2,"minecraft:sand":26082,"minecraft:dead_bush":1,"minecraft:lily_of_the_valley":2,"minecraft:cyan_bed":4,"minecraft:shulker_box":928,"minecraft:dark_prismarine":122,"minecraft:light_gray_concrete":996,"minecraft:dark_prismarine_slab":35,"minecraft:spruce_fence_gate":28,"minecraft:clay":50,"minecraft:spruce_boat":109,"minecraft:diamond":1130,"minecraft:black_concrete":921,"minecraft:white_concrete":11278,"minecraft:oak_sapling":338,"minecraft:nether_star":3,"minecraft:fishing_rod":11,"minecraft:cocoa_beans":1159,"minecraft:charcoal":17,"minecraft:firework_star":5,"minecraft:allium":85,"minecraft:chicken":568,"minecraft:turtle_helmet":1,"minecraft:gold_block":180,"minecraft:diamond_horse_armor":1,"minecraft:stone_stairs":28,"minecraft:iron_axe":2,"minecraft:orange_concrete":1334,"minecraft:item_frame":95,"minecraft:quartz_slab":240,"minecraft:cyan_carpet":88,"minecraft:detector_rail":2,"minecraft:dark_prismarine_stairs":15,"minecraft:mossy_cobblestone_wall":2,"minecraft:oak_boat":27,"minecraft:player_head":299,"minecraft:observer":142,"minecraft:light_gray_wool":27,"minecraft:lectern":1896,"minecraft:blue_shulker_box":183,"minecraft:sugar_cane":246,"minecraft:spruce_trapdoor":296,"minecraft:phantom_membrane":51,"minecraft:orange_dye":2,"minecraft:bowl":1,"minecraft:stone_button":201,"minecraft:magenta_shulker_box":987,"minecraft:iron_horse_armor":1,"minecraft:dark_oak_planks":1255,"minecraft:smooth_sandstone_slab":2,"minecraft:arrow":681,"minecraft:light_blue_stained_glass_pane":74,"minecraft:saddle":11,"minecraft:wet_sponge":353,"minecraft:salmon":632,"minecraft:cut_sandstone":20,"minecraft:carrot_on_a_stick":1,"minecraft:birch_planks":343,"minecraft:cobblestone_stairs":179,"minecraft:wooden_hoe":3,"minecraft:smooth_sandstone":31,"minecraft:heart_of_the_sea":1,"minecraft:acacia_sapling":245,"minecraft:soul_sand":484,"minecraft:purple_concrete":100,"minecraft:book":405,"minecraft:scaffolding":165,"minecraft:oak_slab":134,"minecraft:red_concrete_powder":34,"minecraft:birch_boat":56,"minecraft:pumpkin":912,"minecraft:magenta_stained_glass_pane":137,"minecraft:blast_furnace":6,"minecraft:white_bed":113,"minecraft:gold_ore":472,"minecraft:dark_oak_fence_gate":30,"minecraft:green_carpet":3,"minecraft:spider_eye":48,"minecraft:campfire":3,"minecraft:iron_helmet":8,"minecraft:black_wool":2,"minecraft:acacia_slab":1,"minecraft:magenta_concrete":2208,"minecraft:red_concrete":97,"minecraft:coal":4572,"minecraft:purple_concrete_powder":9},"minecraft:mined":{"minecraft:red_shulker_box":365,"minecraft:white_bed":100,"minecraft:pink_bed":50,"minecraft:cyan_shulker_box":125,"minecraft:light_blue_carpet":1,"minecraft:granite":7968,"minecraft:acacia_log":4924,"minecraft:brown_wool":1,"minecraft:light_gray_bed":13,"minecraft:green_concrete":693,"minecraft:oak_wall_sign":41,"minecraft:chorus_flower":71,"minecraft:magma_block":1756,"minecraft:dark_oak_trapdoor":36,"minecraft:barrel":14,"minecraft:spruce_pressure_plate":12,"minecraft:light_gray_concrete":2027,"minecraft:green_carpet":3,"minecraft:pink_tulip":7,"minecraft:white_shulker_box":280,"minecraft:spruce_wood":2,"minecraft:white_banner":1,"minecraft:player_head":11,"minecraft:tripwire":11,"minecraft:jungle_trapdoor":4,"minecraft:sandstone_slab":69,"minecraft:cut_sandstone":23,"minecraft:magenta_carpet":290,"minecraft:kelp_plant":35,"minecraft:smoker":1,"minecraft:torch":2290,"minecraft:note_block":102,"minecraft:dark_oak_wood":8,"minecraft:melon":43,"minecraft:white_stained_glass_pane":130,"minecraft:dead_bush":7,"minecraft:spruce_wall_sign":23,"minecraft:smooth_quartz_slab":3,"minecraft:lime_shulker_box":48,"minecraft:sugar_cane":105,"minecraft:white_terracotta":5,"minecraft:repeater":57,"minecraft:magenta_bed":15,"minecraft:grass":1476,"minecraft:smooth_quartz":21,"minecraft:attached_pumpkin_stem":1,"minecraft:dark_prismarine":152,"minecraft:brown_concrete":625,"minecraft:mossy_cobblestone":56,"minecraft:dark_oak_log":813,"minecraft:cyan_stained_glass":55,"minecraft:sea_lantern":389,"minecraft:end_stone":4,"minecraft:dark_oak_fence":442,"minecraft:spruce_fence":1070,"minecraft:redstone_wire":265,"minecraft:red_mushroom":38,"minecraft:white_concrete_powder":94,"minecraft:magenta_stained_glass_pane":142,"minecraft:redstone_ore":2173,"minecraft:andesite":10683,"minecraft:green_terracotta":462,"minecraft:cyan_concrete":452,"minecraft:cobblestone_slab":190,"minecraft:vine":88,"minecraft:rail":3462,"minecraft:potted_spruce_sapling":2,"minecraft:bone_block":16,"minecraft:ender_chest":1157,"minecraft:potted_allium":5,"minecraft:oak_slab":124,"minecraft:birch_stairs":470,"minecraft:redstone_block":356,"minecraft:glass_pane":10,"minecraft:soul_sand":432,"minecraft:dandelion":47,"minecraft:cornflower":1,"minecraft:prismarine_slab":1,"minecraft:campfire":11,"minecraft:diorite":8732,"minecraft:orange_carpet":1,"minecraft:black_stained_glass":102,"minecraft:red_terracotta":103,"minecraft:coarse_dirt":50,"minecraft:light_blue_bed":13,"minecraft:cobblestone_wall":238,"minecraft:purple_concrete":103,"minecraft:dark_prismarine_slab":48,"minecraft:dark_oak_button":3,"minecraft:gravel":36276,"minecraft:cobweb":224,"minecraft:brown_terracotta":21,"minecraft:birch_sign":6,"minecraft:stone_bricks":18625,"minecraft:chipped_anvil":16,"minecraft:gold_ore":389,"minecraft:iron_trapdoor":247,"minecraft:fern":19,"minecraft:stone_pressure_plate":12,"minecraft:prismarine_wall":4,"minecraft:oak_sapling":4,"minecraft:farmland":38,"minecraft:magenta_banner":1,"minecraft:orange_stained_glass":8,"minecraft:brewing_stand":22,"minecraft:spruce_trapdoor":238,"minecraft:white_concrete":20056,"minecraft:composter":57,"minecraft:green_wall_banner":1,"minecraft:brown_bed":1,"minecraft:red_tulip":4,"minecraft:iron_bars":250,"minecraft:spruce_slab":1006,"minecraft:brown_shulker_box":637,"minecraft:quartz_block":67,"minecraft:magenta_wall_banner":11,"minecraft:orange_terracotta":698,"minecraft:light_gray_terracotta":15,"minecraft:mossy_cobblestone_wall":2,"minecraft:beacon":17,"minecraft:nether_quartz_ore":1037,"minecraft:oak_planks":572,"minecraft:wall_torch":803,"minecraft:cauldron":1,"minecraft:light_blue_terracotta":84,"minecraft:stone_stairs":25,"minecraft:powered_rail":768,"minecraft:dark_oak_slab":115,"minecraft:blue_ice":3637,"minecraft:smooth_stone_slab":204,"minecraft:oak_log":984,"minecraft:beetroots":29,"minecraft:lime_terracotta":23,"minecraft:dirt":24553,"minecraft:dispenser":22,"minecraft:quartz_stairs":53,"minecraft:dark_oak_leaves":17,"minecraft:lever":38,"minecraft:ladder":97,"minecraft:stone_button":97,"minecraft:brown_mushroom_block":165,"minecraft:birch_slab":25,"minecraft:spruce_leaves":179,"minecraft:acacia_slab":1,"minecraft:light_blue_wall_banner":10,"minecraft:heavy_weighted_pressure_plate":11,"minecraft:light_gray_shulker_box":262,"minecraft:detector_rail":2,"minecraft:gold_block":155,"minecraft:bookshelf":126,"minecraft:stripped_oak_log":278,"minecraft:wet_sponge":353,"minecraft:scaffolding":64,"minecraft:acacia_leaves":246,"minecraft:magenta_stained_glass":87,"minecraft:snow_block":2147,"minecraft:stripped_dark_oak_log":656,"minecraft:polished_granite":12,"minecraft:oak_fence":114,"minecraft:gray_stained_glass":13,"minecraft:lime_carpet":3,"minecraft:stone_slab":233,"minecraft:red_concrete":98,"minecraft:sea_pickle":20,"minecraft:ice":110601,"minecraft:white_wall_banner":13,"minecraft:grass_path":64,"minecraft:black_wool":1,"minecraft:cocoa":386,"minecraft:flower_pot":4,"minecraft:cyan_carpet":56,"minecraft:yellow_concrete":190,"minecraft:purple_shulker_box":66,"minecraft:cracked_stone_bricks":393,"minecraft:mossy_stone_bricks":141,"minecraft:dark_oak_planks":1090,"minecraft:dark_prismarine_stairs":17,"minecraft:black_terracotta":63,"minecraft:jungle_leaves":161,"minecraft:obsidian":392,"minecraft:carved_pumpkin":77,"minecraft:stone_brick_wall":2,"minecraft:jungle_log":156,"minecraft:pink_stained_glass":32,"minecraft:coal_block":18,"minecraft:oxeye_daisy":2,"minecraft:hopper":138,"minecraft:light_blue_stained_glass":59,"minecraft:orange_concrete":1564,"minecraft:sticky_piston":50,"minecraft:pumpkin":42,"minecraft:lime_stained_glass_pane":4,"minecraft:oak_sign":8,"minecraft:oak_stairs":343,"minecraft:quartz_slab":220,"minecraft:smooth_sandstone_stairs":4,"minecraft:iron_block":1555,"minecraft:brown_mushroom":7,"minecraft:red_bed":9,"minecraft:player_wall_head":85,"minecraft:blue_stained_glass":1,"minecraft:blast_furnace":6,"minecraft:dead_brain_coral_fan":1,"minecraft:glass":1859,"minecraft:cyan_bed":4,"minecraft:damaged_anvil":24,"minecraft:smooth_sandstone_slab":2,"minecraft:spruce_sign":9,"minecraft:cyan_wool":45,"minecraft:black_concrete_powder":246,"minecraft:light_gray_stained_glass":10,"minecraft:wheat":1178,"minecraft:stone_brick_stairs":1052,"minecraft:oak_fence_gate":13,"minecraft:purple_concrete_powder":7,"minecraft:loom":2,"minecraft:blue_shulker_box":182,"minecraft:red_mushroom_block":45,"minecraft:yellow_stained_glass":1,"minecraft:piston":76,"minecraft:yellow_terracotta":41,"minecraft:light_blue_stained_glass_pane":58,"minecraft:pink_shulker_box":292,"minecraft:stripped_birch_log":8,"minecraft:jack_o_lantern":13,"minecraft:shulker_box":917,"minecraft:nether_bricks":3,"minecraft:allium":15,"minecraft:orange_shulker_box":302,"minecraft:magenta_concrete":2396,"minecraft:yellow_concrete_powder":113,"minecraft:kelp":331,"minecraft:pink_wool":38,"minecraft:snow":16988,"minecraft:acacia_wood":150,"minecraft:diamond_block":7,"minecraft:potatoes":221,"minecraft:magenta_concrete_powder":146,"minecraft:smooth_quartz_stairs":7,"minecraft:white_wool":1,"minecraft:smithing_table":10,"minecraft:light_gray_carpet":8,"minecraft:gray_concrete":6508,"minecraft:comparator":14,"minecraft:brown_carpet":28,"minecraft:stone_brick_slab":994,"minecraft:observer":117,"minecraft:smooth_sandstone":48,"minecraft:light_gray_concrete_powder":8,"minecraft:spruce_button":15,"minecraft:cyan_concrete_powder":33,"minecraft:sponge":2,"minecraft:dropper":43,"minecraft:purple_bed":5,"minecraft:purple_stained_glass":94,"minecraft:white_carpet":53,"minecraft:spruce_log":1217,"minecraft:birch_leaves":56,"minecraft:jungle_fence":2,"minecraft:red_wall_banner":1,"minecraft:mycelium":427,"minecraft:pink_stained_glass_pane":16,"minecraft:acacia_planks":3,"minecraft:spruce_fence_gate":23,"minecraft:infested_stone":28,"minecraft:black_shulker_box":79,"minecraft:spruce_planks":1408,"minecraft:cobblestone_stairs":136,"minecraft:grass_block":20647,"minecraft:purple_stained_glass_pane":43,"minecraft:sandstone_stairs":1,"minecraft:smooth_stone":50,"minecraft:potted_birch_sapling":2,"minecraft:glowstone":160,"minecraft:iron_ore":2151,"minecraft:black_carpet":94,"minecraft:anvil":18,"minecraft:azure_bluet":4,"minecraft:dark_oak_stairs":81,"minecraft:birch_wall_sign":14,"minecraft:cyan_terracotta":1533,"minecraft:clay":496,"minecraft:poppy":80,"minecraft:chest":243,"minecraft:mushroom_stem":20,"minecraft:cobblestone":2585,"minecraft:slime_block":28,"minecraft:grindstone":26,"minecraft:prismarine":71,"minecraft:magenta_shulker_box":986,"minecraft:seagrass":9,"minecraft:birch_log":309,"minecraft:lapis_block":6,"minecraft:activator_rail":31,"minecraft:orange_tulip":9,"minecraft:acacia_fence":2,"minecraft:sand":26206,"minecraft:tripwire_hook":1,"minecraft:netherrack":17752,"minecraft:magenta_wool":5,"minecraft:oak_leaves":782,"minecraft:emerald_block":6,"minecraft:redstone_lamp":4,"minecraft:diamond_ore":540,"minecraft:red_carpet":34,"minecraft:gray_shulker_box":154,"minecraft:gray_stained_glass_pane":16,"minecraft:dark_oak_pressure_plate":1,"minecraft:white_stained_glass":149,"minecraft:sandstone":829,"minecraft:oak_trapdoor":14,"minecraft:furnace":48,"minecraft:carrots":83,"minecraft:red_concrete_powder":34,"minecraft:chiseled_sandstone":1,"minecraft:dark_oak_fence_gate":31,"minecraft:stripped_spruce_log":52,"minecraft:black_concrete":648,"minecraft:lantern":22,"minecraft:stripped_acacia_log":5,"minecraft:packed_ice":93346,"minecraft:chorus_plant":1,"minecraft:stone":167151,"minecraft:white_tulip":9,"minecraft:yellow_shulker_box":261,"minecraft:birch_pressure_plate":2,"minecraft:redstone_wall_torch":56,"minecraft:light_blue_shulker_box":567,"minecraft:red_wool":7,"minecraft:crafting_table":378,"minecraft:cyan_stained_glass_pane":34,"minecraft:purple_wall_banner":5,"minecraft:oak_wood":3,"minecraft:lectern":1895,"minecraft:lapis_ore":331,"minecraft:blue_bed":2,"minecraft:spruce_stairs":430,"minecraft:gray_wool":33,"minecraft:cactus":48,"minecraft:gray_concrete_powder":45,"minecraft:green_shulker_box":92,"minecraft:acacia_fence_gate":3,"minecraft:redstone_torch":74,"minecraft:magenta_terracotta":28,"minecraft:sweet_berry_bush":79,"minecraft:yellow_bed":1,"minecraft:dead_brain_coral_block":6,"minecraft:coal_ore":4486,"minecraft:end_rod":243,"minecraft:gray_carpet":580,"minecraft:terracotta":4852,"minecraft:polished_andesite":120,"minecraft:birch_fence":5},"minecraft:killed":{"minecraft:guardian":34750,"minecraft:salmon":21,"minecraft:pillager":23,"minecraft:zombie":253,"minecraft:evoker":3,"minecraft:zombie_pigman":2,"minecraft:vindicator":8,"minecraft:endermite":1,"minecraft:snow_golem":1,"minecraft:rabbit":1,"minecraft:ravager":1,"minecraft:polar_bear":1,"minecraft:witch":5,"minecraft:spider":31,"minecraft:wither":3,"minecraft:zombie_villager":3,"minecraft:sheep":119,"minecraft:trader_llama":2,"minecraft:mooshroom":23,"minecraft:ghast":8,"minecraft:vex":12,"minecraft:slime":542,"minecraft:drowned":2387,"minecraft:squid":35,"minecraft:wither_skeleton":270,"minecraft:cave_spider":6,"minecraft:pufferfish":1,"minecraft:skeleton":437,"minecraft:chicken":231,"minecraft:cat":1,"minecraft:magma_cube":45,"minecraft:cow":145,"minecraft:horse":6,"minecraft:wandering_trader":1,"minecraft:enderman":1,"minecraft:turtle":2,"minecraft:wolf":1,"minecraft:pig":47,"minecraft:creeper":122,"minecraft:blaze":403,"minecraft:phantom":2,"minecraft:bat":9},"minecraft:dropped":{"minecraft:iron_sword":35,"minecraft:pink_stained_glass":2,"minecraft:porkchop":44,"minecraft:lapis_lazuli":10,"minecraft:chorus_fruit":4,"minecraft:glass_bottle":6,"minecraft:diamond":232,"minecraft:crafting_table":29,"minecraft:cooked_porkchop":3,"minecraft:dark_oak_slab":2,"minecraft:cracked_stone_bricks":53,"minecraft:red_mushroom":6,"minecraft:emerald":139,"minecraft:gray_concrete":87,"minecraft:red_bed":1,"minecraft:dark_oak_fence":4,"minecraft:dark_oak_trapdoor":10,"minecraft:writable_book":3,"minecraft:gold_nugget":11,"minecraft:sand":384,"minecraft:fishing_rod":123,"minecraft:dark_oak_planks":148,"minecraft:white_wool":15,"minecraft:stone_axe":13,"minecraft:compass":1,"minecraft:lever":14,"minecraft:cooked_chicken":18,"minecraft:black_carpet":42,"minecraft:wheat":206,"minecraft:obsidian":9,"minecraft:stripped_dark_oak_log":78,"minecraft:rotten_flesh":401,"minecraft:oak_planks":147,"minecraft:glowstone_dust":6,"minecraft:azure_bluet":4,"minecraft:sea_lantern":102,"minecraft:coal_ore":157,"minecraft:quartz_block":1,"minecraft:leather_boots":33,"minecraft:acacia_sapling":7,"minecraft:leather_leggings":4,"minecraft:painting":4,"minecraft:glass":77,"minecraft:beef":117,"minecraft:stone_brick_stairs":17,"minecraft:golden_boots":7,"minecraft:orange_shulker_box":3,"minecraft:wheat_seeds":9662,"minecraft:book":14,"minecraft:prismarine_crystals":487,"minecraft:coal_block":41,"minecraft:lava_bucket":7,"minecraft:cobweb":25,"minecraft:gray_wool":130,"minecraft:ink_sac":26,"minecraft:cooked_salmon":115,"minecraft:lapis_ore":2,"minecraft:potion":44,"minecraft:pumpkin":261,"minecraft:white_banner":1,"minecraft:smooth_stone":21,"minecraft:chainmail_leggings":1,"minecraft:smooth_sandstone":4,"minecraft:lily_pad":53,"minecraft:acacia_planks":2,"minecraft:stone_brick_slab":12,"minecraft:snow_block":4,"minecraft:player_head":39,"minecraft:sticky_piston":42,"minecraft:orange_concrete":148,"minecraft:stone_shovel":28,"minecraft:white_carpet":15,"minecraft:clay_ball":30,"minecraft:iron_boots":1,"minecraft:name_tag":3,"minecraft:light_gray_concrete":1,"minecraft:white_terracotta":33,"minecraft:oak_sign":174,"minecraft:shears":3,"minecraft:diamond_sword":13,"minecraft:cyan_wool":64,"minecraft:spruce_boat":3,"minecraft:flower_pot":5,"minecraft:sea_pickle":1,"minecraft:peony":2,"minecraft:spruce_trapdoor":28,"minecraft:spruce_planks":104,"minecraft:diamond_pickaxe":41,"minecraft:pink_shulker_box":3,"minecraft:redstone_torch":43,"minecraft:stone_pressure_plate":1,"minecraft:stone_bricks":416,"minecraft:bamboo":7,"minecraft:sandstone":104,"minecraft:bow":90,"minecraft:magma_block":161,"minecraft:terracotta":17,"minecraft:acacia_boat":1,"minecraft:soul_sand":96,"minecraft:orange_dye":29,"minecraft:oak_log":16,"minecraft:ender_pearl":9,"minecraft:jungle_fence":4,"minecraft:leather":15,"minecraft:red_wool":1,"minecraft:jungle_planks":2,"minecraft:birch_slab":1,"minecraft:cod":2529,"minecraft:cobblestone_stairs":35,"minecraft:redstone_lamp":1,"minecraft:dark_oak_log":124,"minecraft:packed_ice":6920,"minecraft:ice":1422,"minecraft:mutton":62,"minecraft:snowball":52,"minecraft:black_concrete":219,"minecraft:light_blue_banner":6,"minecraft:gold_ingot":34,"minecraft:smooth_sandstone_stairs":3,"minecraft:purple_banner":4,"minecraft:beetroot":1,"minecraft:cyan_shulker_box":1,"minecraft:cooked_mutton":8,"minecraft:birch_fence_gate":15,"minecraft:leather_chestplate":2,"minecraft:trident":2,"minecraft:beetroot_seeds":1,"minecraft:acacia_slab":1,"minecraft:purple_concrete_powder":2,"minecraft:iron_ore":137,"minecraft:white_concrete_powder":64,"minecraft:polished_granite":18,"minecraft:splash_potion":2,"minecraft:stone_hoe":1,"minecraft:bread":137,"minecraft:lilac":1,"minecraft:golden_helmet":15,"minecraft:yellow_concrete":1,"minecraft:tropical_fish":76,"minecraft:spruce_stairs":2,"minecraft:acacia_log":20,"minecraft:spruce_fence_gate":5,"minecraft:iron_block":59,"minecraft:milk_bucket":7,"minecraft:green_dye":1551,"minecraft:repeater":1,"minecraft:light_blue_wool":1,"minecraft:white_concrete":556,"minecraft:light_gray_shulker_box":1,"minecraft:jungle_leaves":1,"minecraft:cactus":11,"minecraft:tripwire_hook":13,"minecraft:redstone_block":14,"minecraft:sweet_berries":176,"minecraft:kelp":206,"minecraft:oak_trapdoor":2,"minecraft:comparator":4,"minecraft:totem_of_undying":2,"minecraft:shulker_box":28,"minecraft:andesite":1944,"minecraft:golden_leggings":7,"minecraft:oak_sapling":84,"minecraft:birch_sign":2,"minecraft:spruce_log":148,"minecraft:wooden_pickaxe":1,"minecraft:magma_cream":1,"minecraft:acacia_wood":3,"minecraft:cooked_beef":22,"minecraft:oak_pressure_plate":2,"minecraft:crossbow":2,"minecraft:orange_tulip":1,"minecraft:cookie":2,"minecraft:dark_oak_button":2,"minecraft:saddle":60,"minecraft:elytra":2,"minecraft:rail":29,"minecraft:leather_helmet":5,"minecraft:item_frame":55,"minecraft:red_shulker_box":4,"minecraft:dirt":1872,"minecraft:grass":1,"minecraft:stone_button":74,"minecraft:bone_block":3,"minecraft:bone_meal":193,"minecraft:sunflower":1,"minecraft:phantom_membrane":1,"minecraft:sugar":2,"minecraft:iron_pickaxe":6,"minecraft:dark_oak_boat":1,"minecraft:cyan_carpet":1,"minecraft:bone":156,"minecraft:oak_door":3,"minecraft:note_block":61,"minecraft:magenta_banner":23,"minecraft:sugar_cane":106,"minecraft:golden_chestplate":4,"minecraft:birch_sapling":7,"minecraft:light_gray_carpet":2,"minecraft:green_banner":1,"minecraft:jungle_trapdoor":4,"minecraft:white_bed":11,"minecraft:salmon":13,"minecraft:firework_star":5,"minecraft:tipped_arrow":6,"minecraft:charcoal":1,"minecraft:hopper":77,"minecraft:ladder":41,"minecraft:spruce_slab":66,"minecraft:egg":303,"minecraft:iron_ingot":75,"minecraft:enchanted_book":7,"minecraft:cyan_stained_glass":7,"minecraft:gray_stained_glass_pane":1,"minecraft:cobblestone":4357,"minecraft:yellow_terracotta":120,"minecraft:oak_fence":78,"minecraft:iron_helmet":4,"minecraft:feather":478,"minecraft:dark_prismarine_slab":2,"minecraft:apple":24,"minecraft:granite":1179,"minecraft:spruce_button":17,"minecraft:spruce_door":6,"minecraft:coal":3,"minecraft:pufferfish":446,"minecraft:polished_andesite":1,"minecraft:end_rod":71,"minecraft:oxeye_daisy":14,"minecraft:jungle_slab":12,"minecraft:iron_trapdoor":1,"minecraft:golden_carrot":275,"minecraft:wooden_hoe":1,"minecraft:diamond_helmet":1,"minecraft:pufferfish_bucket":1,"minecraft:paper":537,"minecraft:string":182,"minecraft:gray_carpet":1,"minecraft:magenta_shulker_box":4,"minecraft:spruce_sapling":11,"minecraft:furnace":4,"minecraft:redstone_ore":2,"minecraft:stone_sword":10,"minecraft:cobblestone_wall":37,"minecraft:smooth_stone_slab":8,"minecraft:bowl":33,"minecraft:diamond_hoe":5,"minecraft:chicken":420,"minecraft:slime_block":3,"minecraft:stone_slab":65,"minecraft:magenta_concrete":1,"minecraft:nether_bricks":4,"minecraft:spruce_fence":40,"minecraft:pumpkin_seeds":116,"minecraft:potato":22,"minecraft:cobblestone_slab":4,"minecraft:stone":13165,"minecraft:allium":32,"minecraft:spider_eye":27,"minecraft:magenta_concrete_powder":33,"minecraft:birch_boat":2,"minecraft:red_tulip":1,"minecraft:dark_prismarine":63,"minecraft:black_wool":1,"minecraft:gold_ore":31,"minecraft:spruce_sign":13,"minecraft:birch_planks":14,"minecraft:brown_mushroom":5,"minecraft:dark_oak_stairs":11,"minecraft:diamond_axe":5,"minecraft:baked_potato":84,"minecraft:flint":474,"minecraft:cyan_terracotta":755,"minecraft:dispenser":16,"minecraft:cooked_cod":618,"minecraft:seagrass":4,"minecraft:cut_sandstone":10,"minecraft:white_stained_glass_pane":5,"minecraft:pumpkin_pie":3,"minecraft:birch_log":33,"minecraft:black_stained_glass":1,"minecraft:armor_stand":4,"minecraft:gravel":2746,"minecraft:black_terracotta":96,"minecraft:diamond_shovel":6,"minecraft:stone_stairs":3,"minecraft:carrot":2564,"minecraft:chainmail_chestplate":1,"minecraft:poppy":72,"minecraft:oak_fence_gate":4,"minecraft:gunpowder":60,"minecraft:spruce_pressure_plate":3,"minecraft:chest":21,"minecraft:arrow":253,"minecraft:gray_shulker_box":2,"minecraft:powered_rail":12,"minecraft:written_book":16,"minecraft:netherrack":3088,"minecraft:firework_rocket":538,"minecraft:oak_slab":5,"minecraft:water_bucket":6,"minecraft:stripped_spruce_log":5,"minecraft:red_concrete_powder":1,"minecraft:chorus_flower":18,"minecraft:minecart":5,"minecraft:diamond_leggings":1,"minecraft:poisonous_potato":3,"minecraft:prismarine_shard":3436,"minecraft:lead":34,"minecraft:spectral_arrow":6,"minecraft:observer":19,"minecraft:grass_block":537,"minecraft:stick":404,"minecraft:diorite":1830,"minecraft:light_blue_stained_glass":3,"minecraft:torch":317,"minecraft:iron_leggings":1,"minecraft:iron_axe":34,"minecraft:bucket":12,"minecraft:lapis_block":64,"minecraft:dandelion":59,"minecraft:redstone":22,"minecraft:anvil":2,"minecraft:ender_chest":1,"minecraft:coarse_dirt":29,"minecraft:blaze_rod":64,"minecraft:light_gray_wool":5,"minecraft:cyan_stained_glass_pane":64,"minecraft:acacia_leaves":1,"minecraft:red_terracotta":47,"minecraft:prismarine_stairs":4,"minecraft:filled_map":1,"minecraft:snow":411,"minecraft:shield":7,"minecraft:black_concrete_powder":2,"minecraft:orange_terracotta":12,"minecraft:iron_chestplate":1,"minecraft:quartz_stairs":7,"minecraft:blue_ice":18,"minecraft:oak_boat":8,"minecraft:diamond_boots":2,"minecraft:slime_ball":127,"minecraft:stripped_acacia_log":2,"minecraft:beacon":4,"minecraft:stone_pickaxe":18,"minecraft:nether_quartz_ore":33,"minecraft:white_stained_glass":31,"minecraft:light_blue_shulker_box":2},"minecraft:custom":{"minecraft:interact_with_crafting_table":2939,"minecraft:damage_blocked_by_shield":180,"minecraft:deaths":29,"minecraft:jump":279917,"minecraft:play_record":1,"minecraft:interact_with_smoker":5,"minecraft:inspect_dispenser":497,"minecraft:horse_one_cm":1412969,"minecraft:inspect_dropper":347,"minecraft:inspect_hopper":607,"minecraft:tune_noteblock":460057,"minecraft:time_since_rest":7652,"minecraft:swim_one_cm":4659889,"minecraft:open_chest":18363,"minecraft:open_shulker_box":23137,"minecraft:damage_resisted":61172,"minecraft:play_noteblock":139,"minecraft:talked_to_villager":3324,"minecraft:interact_with_brewingstand":203,"minecraft:interact_with_beacon":41,"minecraft:fill_cauldron":3,"minecraft:raid_win":4,"minecraft:boat_one_cm":24082470,"minecraft:damage_taken":182502,"minecraft:aviate_one_cm":457632310,"minecraft:open_barrel":479,"minecraft:eat_cake_slice":3,"minecraft:leave_game":1074,"minecraft:time_since_death":3234133,"minecraft:enchant_item":185,"minecraft:interact_with_furnace":1204,"minecraft:traded_with_villager":9788,"minecraft:sleep_in_bed":1559,"minecraft:damage_dealt":464874,"minecraft:sneak_time":1257507,"minecraft:interact_with_lectern":48,"minecraft:interact_with_blast_furnace":7,"minecraft:interact_with_stonecutter":1,"minecraft:fly_one_cm":67314731,"minecraft:fish_caught":5111,"minecraft:fall_one_cm":5205869,"minecraft:animals_bred":373,"minecraft:sprint_one_cm":77822007,"minecraft:drop":5057,"minecraft:walk_on_water_one_cm":9951773,"minecraft:play_one_minute":44911721,"minecraft:interact_with_loom":45,"minecraft:open_enderchest":7221,"minecraft:player_kills":6,"minecraft:crouch_one_cm":3533391,"minecraft:mob_kills":40873,"minecraft:climb_one_cm":1532674,"minecraft:walk_one_cm":92945991,"minecraft:walk_under_water_one_cm":10550880,"minecraft:pot_flower":42,"minecraft:damage_absorbed":67,"minecraft:trigger_trapped_chest":14,"minecraft:minecart_one_cm":38952,"minecraft:pig_one_cm":1693},"minecraft:broken":{"minecraft:diamond_pickaxe":5,"minecraft:fishing_rod":1,"minecraft:stone_hoe":3,"minecraft:iron_pickaxe":29,"minecraft:wooden_hoe":3,"minecraft:iron_shovel":7,"minecraft:stone_pickaxe":1,"minecraft:iron_axe":5,"minecraft:leather_boots":1}},"DataVersion":1976}