{"stats":{"minecraft:killed_by":{"minecraft:ravager":1,"minecraft:pufferfish":1,"minecraft:vindicator":1,"minecraft:zombie":2,"minecraft:creeper":4,"minecraft:cave_spider":1},"minecraft:killed":{"minecraft:cave_spider":7,"minecraft:pufferfish":14,"minecraft:skeleton":69,"minecraft:tropical_fish":1,"minecraft:magma_cube":16,"minecraft:pillager":6,"minecraft:zombie":141,"minecraft:cow":4,"minecraft:horse":3,"minecraft:enderman":2,"minecraft:witch":1,"minecraft:spider":17,"minecraft:silverfish":36,"minecraft:pig":1,"minecraft:zombie_villager":3,"minecraft:creeper":40,"minecraft:sheep":2,"minecraft:llama":2,"minecraft:bat":1,"minecraft:squid":11},"minecraft:dropped":{"minecraft:iron_sword":2,"minecraft:lapis_lazuli":36,"minecraft:cooked_beef":69,"minecraft:glass_bottle":2,"minecraft:diamond":62,"minecraft:crafting_table":2,"minecraft:dark_oak_slab":8,"minecraft:crossbow":1,"minecraft:dark_oak_button":2,"minecraft:quartz_pillar":6,"minecraft:elytra":2,"minecraft:rail":51,"minecraft:leather_helmet":2,"minecraft:red_shulker_box":1,"minecraft:dirt":1060,"minecraft:grass":6,"minecraft:stone_button":25,"minecraft:writable_book":1,"minecraft:gold_nugget":40,"minecraft:bone_block":4,"minecraft:bone_meal":151,"minecraft:sunflower":4,"minecraft:sand":98,"minecraft:iron_pickaxe":5,"minecraft:birch_stairs":5,"minecraft:bone":77,"minecraft:emerald_block":64,"minecraft:sugar_cane":100,"minecraft:lever":19,"minecraft:iron_nugget":79,"minecraft:golden_chestplate":2,"minecraft:wheat":37,"minecraft:blue_wool":7,"minecraft:stripped_dark_oak_log":12,"minecraft:rotten_flesh":97,"minecraft:oak_planks":104,"minecraft:lime_dye":1,"minecraft:glowstone_dust":3,"minecraft:blaze_powder":1,"minecraft:sea_lantern":163,"minecraft:coal_ore":40,"minecraft:quartz_block":398,"minecraft:jungle_log":2,"minecraft:hopper":12,"minecraft:leather_boots":1,"minecraft:ladder":1,"minecraft:white_dye":5,"minecraft:spruce_slab":60,"minecraft:glass":52,"minecraft:podzol":9,"minecraft:stone_brick_stairs":10,"minecraft:egg":9,"minecraft:enchanted_book":1,"minecraft:golden_boots":3,"minecraft:iron_ingot":145,"minecraft:birch_leaves":504,"minecraft:wheat_seeds":138,"minecraft:smooth_quartz_stairs":2,"minecraft:oak_fence":5,"minecraft:iron_helmet":1,"minecraft:cobblestone":6590,"minecraft:prismarine_crystals":16,"minecraft:apple":4,"minecraft:granite":803,"minecraft:spruce_door":4,"minecraft:coal":398,"minecraft:pufferfish":1,"minecraft:end_rod":1,"minecraft:oxeye_daisy":1,"minecraft:dark_oak_leaves":64,"minecraft:brown_concrete_powder":16,"minecraft:iron_trapdoor":6,"minecraft:golden_carrot":266,"minecraft:ink_sac":10,"minecraft:rose_bush":1,"minecraft:oak_stairs":26,"minecraft:mossy_cobblestone_stairs":5,"minecraft:smooth_stone":121,"minecraft:iron_shovel":1,"minecraft:paper":1,"minecraft:string":366,"minecraft:blue_carpet":1,"minecraft:gray_carpet":86,"minecraft:spruce_sapling":1,"minecraft:bricks":53,"minecraft:redstone_ore":4,"minecraft:player_head":3,"minecraft:cobblestone_wall":157,"minecraft:dark_oak_sign":5,"minecraft:white_carpet":1,"minecraft:slime_block":18,"minecraft:stone_slab":3,"minecraft:light_gray_concrete":5,"minecraft:light_blue_concrete":13,"minecraft:oak_sign":6,"minecraft:spruce_fence":31,"minecraft:shears":8,"minecraft:diamond_sword":1,"minecraft:potato":3,"minecraft:cobblestone_slab":110,"minecraft:cyan_wool":45,"minecraft:spruce_boat":1,"minecraft:stone":2038,"minecraft:flower_pot":1,"minecraft:sea_pickle":3,"minecraft:spruce_trapdoor":39,"minecraft:spruce_planks":67,"minecraft:diamond_pickaxe":11,"minecraft:barrel":11,"minecraft:redstone_torch":5,"minecraft:stone_pressure_plate":2,"minecraft:stone_bricks":2,"minecraft:spider_eye":9,"minecraft:bamboo":240,"minecraft:birch_boat":1,"minecraft:blue_orchid":31,"minecraft:bow":2,"minecraft:green_concrete_powder":1,"minecraft:cyan_concrete_powder":6,"minecraft:gold_ore":5,"minecraft:dark_oak_stairs":24,"minecraft:soul_sand":6,"minecraft:brown_mushroom":1,"minecraft:birch_planks":13,"minecraft:diamond_axe":1,"minecraft:oak_log":19,"minecraft:baked_potato":32,"minecraft:lantern":6,"minecraft:green_shulker_box":2,"minecraft:leather":2,"minecraft:spruce_leaves":1684,"minecraft:flint":28,"minecraft:cobblestone_stairs":10,"minecraft:dark_oak_log":30,"minecraft:ice":2,"minecraft:dispenser":9,"minecraft:cornflower":7,"minecraft:seagrass":6,"minecraft:white_stained_glass_pane":39,"minecraft:stripped_oak_wood":4,"minecraft:birch_log":5,"minecraft:black_stained_glass":1,"minecraft:armor_stand":14,"minecraft:gravel":487,"minecraft:andesite_slab":1,"minecraft:fern":39,"minecraft:diamond_shovel":3,"minecraft:mossy_stone_brick_slab":5,"minecraft:cyan_shulker_box":1,"minecraft:carrot":4,"minecraft:poppy":3,"minecraft:oak_fence_gate":1,"minecraft:trident":10,"minecraft:gunpowder":30,"minecraft:oak_wood":1,"minecraft:dropper":10,"minecraft:glowstone":18,"minecraft:melon_seeds":12,"minecraft:chainmail_boots":1,"minecraft:iron_ore":76,"minecraft:arrow":106,"minecraft:powered_rail":1,"minecraft:scaffolding":1,"minecraft:oak_leaves":278,"minecraft:written_book":4,"minecraft:light_gray_concrete_powder":64,"minecraft:firework_rocket":187,"minecraft:water_bucket":3,"minecraft:stripped_spruce_log":39,"minecraft:oak_slab":9,"minecraft:vine":3,"minecraft:mossy_cobblestone":1,"minecraft:minecart":1,"minecraft:poisonous_potato":21,"minecraft:lead":1,"minecraft:andesite_wall":2,"minecraft:light_blue_concrete_powder":67,"minecraft:tropical_fish":1,"minecraft:spruce_stairs":80,"minecraft:grass_block":225,"minecraft:stick":279,"minecraft:spruce_fence_gate":2,"minecraft:iron_block":78,"minecraft:mossy_cobblestone_slab":1,"minecraft:diorite":962,"minecraft:torch":24,"minecraft:light_blue_wool":3,"minecraft:repeater":9,"minecraft:white_concrete":7,"minecraft:smooth_quartz":5,"minecraft:iron_leggings":1,"minecraft:jungle_leaves":88,"minecraft:iron_axe":1,"minecraft:bucket":7,"minecraft:redstone_block":8,"minecraft:dandelion":24,"minecraft:redstone":42,"minecraft:polished_diorite":64,"minecraft:kelp":11,"minecraft:sweet_berries":8,"minecraft:oak_trapdoor":33,"minecraft:coarse_dirt":14,"minecraft:blaze_rod":2,"minecraft:iron_hoe":2,"minecraft:comparator":2,"minecraft:stripped_oak_log":7,"minecraft:totem_of_undying":1,"minecraft:acacia_leaves":64,"minecraft:glass_pane":8,"minecraft:filled_map":1,"minecraft:oak_button":7,"minecraft:iron_chestplate":1,"minecraft:andesite":757,"minecraft:quartz_stairs":2,"minecraft:oak_sapling":11,"minecraft:golden_leggings":1,"minecraft:oak_boat":5,"minecraft:spruce_log":17,"minecraft:stripped_acacia_log":1,"minecraft:white_stained_glass":2},"minecraft:broken":{"minecraft:shears":17,"minecraft:diamond_pickaxe":2,"minecraft:iron_sword":1,"minecraft:iron_axe":9,"minecraft:iron_pickaxe":60,"minecraft:iron_helmet":1,"minecraft:iron_shovel":15},"minecraft:picked_up":{"minecraft:birch_door":2,"minecraft:seagrass":131,"minecraft:iron_chestplate":5,"minecraft:chainmail_boots":1,"minecraft:flower_pot":9,"minecraft:anvil":1,"minecraft:stone_slab":89,"minecraft:lead":17,"minecraft:diamond_sword":1,"minecraft:oak_stairs":69,"minecraft:brown_bed":16,"minecraft:music_disc_cat":1,"minecraft:string":470,"minecraft:dark_oak_trapdoor":7,"minecraft:pufferfish":19,"minecraft:diamond_leggings":2,"minecraft:gold_nugget":4,"minecraft:spruce_planks":318,"minecraft:acacia_sign":1,"minecraft:written_book":7,"minecraft:enchanted_golden_apple":1,"minecraft:coal_block":5,"minecraft:diamond_ore":279,"minecraft:spruce_pressure_plate":7,"minecraft:composter":5,"minecraft:acacia_log":71,"minecraft:golden_chestplate":3,"minecraft:gray_shulker_box":8,"minecraft:green_terracotta":1,"minecraft:brown_carpet":11,"minecraft:light_blue_wool":20,"minecraft:tropical_fish":1,"minecraft:iron_block":962,"minecraft:cyan_terracotta":13,"minecraft:glowstone":9,"minecraft:bookshelf":65,"minecraft:end_rod":137,"minecraft:iron_bars":128,"minecraft:birch_log":278,"minecraft:magma_block":4,"minecraft:mossy_cobblestone_slab":44,"minecraft:cooked_beef":187,"minecraft:birch_slab":22,"minecraft:water_bucket":8,"minecraft:jungle_log":4,"minecraft:green_concrete_powder":21,"minecraft:dark_oak_boat":2,"minecraft:smoker":2,"minecraft:flint":60,"minecraft:gray_concrete":9,"minecraft:cyan_concrete_powder":2,"minecraft:lantern":142,"minecraft:light_gray_concrete_powder":138,"minecraft:dark_oak_sign":15,"minecraft:diamond_helmet":4,"minecraft:glowstone_dust":6,"minecraft:lime_terracotta":1,"minecraft:dropper":6,"minecraft:stripped_spruce_log":47,"minecraft:ink_sac":40,"minecraft:loom":6,"minecraft:trapped_chest":1,"minecraft:dark_oak_log":89,"minecraft:barrel":64,"minecraft:iron_hoe":1,"minecraft:stripped_acacia_log":1,"minecraft:polished_andesite":28,"minecraft:lever":112,"minecraft:blue_ice":124,"minecraft:granite":1813,"minecraft:spruce_button":1,"minecraft:bread":5,"minecraft:blue_banner":5,"minecraft:light_gray_carpet":15,"minecraft:diamond_pickaxe":14,"minecraft:spruce_leaves":1928,"minecraft:crafting_table":38,"minecraft:coarse_dirt":136,"minecraft:sandstone_slab":92,"minecraft:nether_wart":1,"minecraft:clay_ball":28,"minecraft:leather_leggings":1,"minecraft:fire_coral":1,"minecraft:heavy_weighted_pressure_plate":1,"minecraft:cornflower":37,"minecraft:red_bed":2,"minecraft:elytra":8,"minecraft:white_stained_glass":12,"minecraft:white_carpet":6,"minecraft:iron_shovel":9,"minecraft:glass_pane":57,"minecraft:cracked_stone_bricks":32,"minecraft:beef":9,"minecraft:cyan_wool":1,"minecraft:iron_nugget":87,"minecraft:poppy":7,"minecraft:spruce_slab":156,"minecraft:minecart":9,"minecraft:quartz_stairs":20,"minecraft:chest":26,"minecraft:birch_sapling":13,"minecraft:piston":97,"minecraft:egg":22,"minecraft:lime_shulker_box":18,"minecraft:black_stained_glass":1,"minecraft:stone":12535,"minecraft:spruce_fence":27,"minecraft:white_dye":51,"minecraft:carrot":223,"minecraft:redstone":1907,"minecraft:cyan_shulker_box":7,"minecraft:prismarine_crystals":32,"minecraft:blue_carpet":3,"minecraft:tnt":6,"minecraft:shears":3,"minecraft:diamond_boots":1,"minecraft:hay_block":15,"minecraft:totem_of_undying":7,"minecraft:mutton":4,"minecraft:white_wool":11,"minecraft:bone_block":2,"minecraft:lime_concrete_powder":3,"minecraft:rail":39,"minecraft:emerald_ore":1,"minecraft:oxeye_daisy":36,"minecraft:stripped_oak_log":338,"minecraft:birch_leaves":636,"minecraft:yellow_shulker_box":69,"minecraft:tripwire_hook":3,"minecraft:fern":98,"minecraft:jungle_fence":2,"minecraft:filled_map":7,"minecraft:oak_log":1566,"minecraft:golden_boots":5,"minecraft:paper":87,"minecraft:white_banner":35,"minecraft:birch_pressure_plate":3,"minecraft:apple":131,"minecraft:stone_bricks":225,"minecraft:kelp":179,"minecraft:oak_fence_gate":40,"minecraft:iron_ore":772,"minecraft:iron_sword":6,"minecraft:dark_oak_stairs":25,"minecraft:milk_bucket":1,"minecraft:white_stained_glass_pane":36,"minecraft:dark_oak_slab":78,"minecraft:sweet_berries":26,"minecraft:red_wool":9,"minecraft:gravel":1950,"minecraft:birch_stairs":15,"minecraft:spruce_sapling":74,"minecraft:spruce_log":651,"minecraft:sea_lantern":266,"minecraft:leather_helmet":2,"minecraft:oak_wood":13,"minecraft:firework_rocket":721,"minecraft:diamond_shovel":4,"minecraft:coal_ore":200,"minecraft:polished_diorite":67,"minecraft:redstone_ore":10,"minecraft:diamond_axe":2,"minecraft:painting":78,"minecraft:birch_sign":7,"minecraft:gray_wool":22,"minecraft:oak_button":17,"minecraft:baked_potato":22,"minecraft:melon_seeds":9,"minecraft:stripped_dark_oak_log":94,"minecraft:smooth_quartz_slab":5,"minecraft:hopper":27,"minecraft:ender_pearl":193,"minecraft:wheat":445,"minecraft:black_carpet":5,"minecraft:light_blue_concrete":283,"minecraft:redstone_block":33,"minecraft:ender_chest":19,"minecraft:iron_trapdoor":62,"minecraft:light_gray_shulker_box":140,"minecraft:yellow_wool":69,"minecraft:potion":1,"minecraft:stone_brick_stairs":165,"minecraft:lapis_block":1,"minecraft:smooth_stone_slab":3,"minecraft:iron_leggings":5,"minecraft:armor_stand":28,"minecraft:sticky_piston":106,"minecraft:oak_sign":17,"minecraft:sea_pickle":88,"minecraft:smooth_stone":5,"minecraft:bucket":10,"minecraft:rose_bush":39,"minecraft:redstone_torch":193,"minecraft:cobblestone_slab":212,"minecraft:smooth_quartz":302,"minecraft:iron_pickaxe":15,"minecraft:smooth_quartz_stairs":30,"minecraft:iron_boots":4,"minecraft:furnace":12,"minecraft:blue_wool":85,"minecraft:stick":275,"minecraft:birch_trapdoor":64,"minecraft:oak_fence":120,"minecraft:torch":918,"minecraft:spruce_stairs":542,"minecraft:porkchop":2,"minecraft:diorite":2806,"minecraft:vine":1110,"minecraft:andesite_wall":39,"minecraft:quartz_block":636,"minecraft:rotten_flesh":150,"minecraft:brown_shulker_box":19,"minecraft:obsidian":10,"minecraft:cobblestone":23133,"minecraft:leather_chestplate":1,"minecraft:magma_cream":3,"minecraft:repeater":2,"minecraft:andesite":2407,"minecraft:golden_leggings":1,"minecraft:beacon":7,"minecraft:chiseled_quartz_block":235,"minecraft:potato":24,"minecraft:light_gray_dye":5,"minecraft:prismarine_bricks":3,"minecraft:acacia_boat":1,"minecraft:green_shulker_box":31,"minecraft:lapis_lazuli":476,"minecraft:dirt":6096,"minecraft:stripped_birch_log":2,"minecraft:name_tag":1,"minecraft:leather_boots":1,"minecraft:glass":148,"minecraft:bone":157,"minecraft:bow":2,"minecraft:wheat_seeds":1342,"minecraft:mossy_stone_bricks":157,"minecraft:bamboo":2541,"minecraft:powered_rail":1,"minecraft:prismarine":104,"minecraft:oak_planks":296,"minecraft:mossy_stone_brick_stairs":33,"minecraft:poisonous_potato":10,"minecraft:sand":438,"minecraft:dead_bush":10,"minecraft:grass_block":2110,"minecraft:lily_of_the_valley":20,"minecraft:diamond_block":78,"minecraft:shulker_box":27,"minecraft:mossy_cobblestone":52,"minecraft:jungle_leaves":33,"minecraft:light_gray_concrete":124,"minecraft:spruce_fence_gate":3,"minecraft:clay":11,"minecraft:yellow_carpet":2,"minecraft:diamond":1886,"minecraft:slime_block":36,"minecraft:spruce_boat":16,"minecraft:black_concrete":1,"minecraft:crossbow":2,"minecraft:grass":7,"minecraft:bone_meal":165,"minecraft:white_concrete":1128,"minecraft:spruce_sign":2,"minecraft:emerald":40,"minecraft:oak_sapling":96,"minecraft:netherrack":262,"minecraft:chorus_fruit":36,"minecraft:andesite_slab":1,"minecraft:oak_leaves":1579,"minecraft:cocoa_beans":42,"minecraft:azure_bluet":12,"minecraft:ladder":48,"minecraft:brown_mushroom":1,"minecraft:packed_ice":126,"minecraft:pink_wool":2,"minecraft:shield":3,"minecraft:oak_trapdoor":97,"minecraft:stone_stairs":95,"minecraft:iron_axe":8,"minecraft:item_frame":43,"minecraft:quartz_slab":19,"minecraft:birch_fence":7,"minecraft:blue_orchid":74,"minecraft:andesite_stairs":1,"minecraft:oak_boat":77,"minecraft:player_head":48,"minecraft:observer":35,"minecraft:light_gray_wool":22,"minecraft:blue_shulker_box":1,"minecraft:sugar_cane":547,"minecraft:spruce_trapdoor":353,"minecraft:lime_wool":3,"minecraft:note_block":5,"minecraft:quartz_pillar":111,"minecraft:stone_button":10,"minecraft:brown_concrete_powder":17,"minecraft:magenta_shulker_box":27,"minecraft:trident":8,"minecraft:light_gray_stained_glass_pane":2,"minecraft:stone_pressure_plate":133,"minecraft:dark_oak_planks":2,"minecraft:tube_coral":2,"minecraft:arrow":100,"minecraft:red_shulker_box":48,"minecraft:saddle":3,"minecraft:black_banner":1,"minecraft:jungle_boat":5,"minecraft:dark_oak_button":1,"minecraft:golden_carrot":663,"minecraft:leather":14,"minecraft:cut_sandstone":1,"minecraft:carrot_on_a_stick":1,"minecraft:birch_planks":37,"minecraft:ice":2,"minecraft:yellow_bed":14,"minecraft:cobblestone_wall":100,"minecraft:gunpowder":26,"minecraft:cobblestone_stairs":113,"minecraft:orange_terracotta":3,"minecraft:podzol":25,"minecraft:gray_carpet":92,"minecraft:acacia_trapdoor":2,"minecraft:spruce_wood":4,"minecraft:iron_ingot":472,"minecraft:stripped_oak_wood":28,"minecraft:mossy_stone_brick_wall":13,"minecraft:soul_sand":71,"minecraft:purple_concrete":1,"minecraft:book":6,"minecraft:scaffolding":298,"minecraft:oak_slab":264,"minecraft:emerald_block":2,"minecraft:birch_boat":12,"minecraft:chiseled_stone_bricks":1,"minecraft:stone_brick_slab":18,"minecraft:quartz":112,"minecraft:dandelion":33,"minecraft:blast_furnace":18,"minecraft:white_bed":25,"minecraft:gold_ore":146,"minecraft:green_carpet":1,"minecraft:mossy_stone_brick_slab":19,"minecraft:spruce_door":35,"minecraft:spider_eye":11,"minecraft:light_blue_concrete_powder":117,"minecraft:dried_kelp_block":32,"minecraft:white_concrete_powder":401,"minecraft:campfire":29,"minecraft:iron_helmet":5,"minecraft:mossy_cobblestone_stairs":43,"minecraft:black_wool":4,"minecraft:red_concrete":8,"minecraft:coal":1737,"minecraft:sunflower":6},"minecraft:crafted":{"minecraft:ender_chest":1,"minecraft:black_dye":33,"minecraft:light_gray_concrete_powder":512,"minecraft:oak_sign":15,"minecraft:oak_pressure_plate":3,"minecraft:blaze_powder":2,"minecraft:birch_slab":426,"minecraft:slime_block":7,"minecraft:lever":50,"minecraft:diamond_shovel":1,"minecraft:iron_bars":272,"minecraft:quartz_block":28,"minecraft:glass":265,"minecraft:diamond_helmet":6,"minecraft:repeater":1,"minecraft:diamond_leggings":6,"minecraft:light_blue_concrete_powder":752,"minecraft:acacia_fence":153,"minecraft:chiseled_quartz_block":533,"minecraft:lime_concrete_powder":128,"minecraft:flower_pot":8,"minecraft:end_rod":120,"minecraft:smooth_quartz":1236,"minecraft:diamond_axe":1,"minecraft:jungle_pressure_plate":12,"minecraft:spruce_door":27,"minecraft:mossy_cobblestone":469,"minecraft:brown_bed":1,"minecraft:sticky_piston":39,"minecraft:oak_wood":21,"minecraft:hay_block":35,"minecraft:campfire":13,"minecraft:painting":6,"minecraft:stone_brick_stairs":320,"minecraft:lectern":1,"minecraft:stone_slab":294,"minecraft:iron_pickaxe":68,"minecraft:iron_block":29,"minecraft:acacia_door":6,"minecraft:light_gray_dye":64,"minecraft:composter":6,"minecraft:spruce_fence_gate":7,"minecraft:birch_stairs":200,"minecraft:iron_nugget":2007,"minecraft:diamond_hoe":1,"minecraft:mossy_cobblestone_stairs":192,"minecraft:bone_meal":2655,"minecraft:spruce_fence":495,"minecraft:andesite_wall":42,"minecraft:white_carpet":9,"minecraft:stone_stairs":208,"minecraft:terracotta":5,"minecraft:lantern":188,"minecraft:diamond":378,"minecraft:spruce_stairs":1432,"minecraft:polished_diorite":60,"minecraft:ladder":57,"minecraft:spruce_slab":1454,"minecraft:blue_banner":4,"minecraft:diamond_boots":5,"minecraft:quartz_slab":1184,"minecraft:redstone_block":112,"minecraft:jungle_fence":165,"minecraft:dark_oak_planks":856,"minecraft:lead":2,"minecraft:enchanting_table":1,"minecraft:light_blue_wool":14,"minecraft:acacia_trapdoor":28,"minecraft:gray_concrete_powder":128,"minecraft:dark_oak_button":4,"minecraft:white_stained_glass":72,"minecraft:jungle_slab":144,"minecraft:oak_fence_gate":101,"minecraft:mossy_stone_brick_stairs":160,"minecraft:acacia_sign":12,"minecraft:oak_stairs":440,"minecraft:birch_trapdoor":226,"minecraft:iron_leggings":5,"minecraft:iron_shovel":22,"minecraft:white_bed":7,"minecraft:brick":24,"minecraft:oak_planks":4972,"minecraft:cobblestone_slab":310,"minecraft:barrel":140,"minecraft:mossy_stone_brick_slab":114,"minecraft:cobblestone_stairs":296,"minecraft:stone":446,"minecraft:quartz_pillar":26,"minecraft:spruce_pressure_plate":4,"minecraft:brown_carpet":54,"minecraft:stone_brick_slab":66,"minecraft:iron_boots":6,"minecraft:mossy_cobblestone_slab":172,"minecraft:chest":49,"minecraft:oak_button":60,"minecraft:rail":16,"minecraft:ender_eye":1,"minecraft:stone_bricks":1044,"minecraft:oak_fence":570,"minecraft:white_banner":70,"minecraft:quartz_stairs":128,"minecraft:oak_slab":816,"minecraft:item_frame":10,"minecraft:crafting_table":29,"minecraft:spruce_planks":6262,"minecraft:iron_helmet":5,"minecraft:baked_potato":71,"minecraft:birch_pressure_plate":1,"minecraft:birch_planks":2124,"minecraft:white_stained_glass_pane":144,"minecraft:spruce_trapdoor":748,"minecraft:dark_oak_slab":96,"minecraft:book":1,"minecraft:iron_chestplate":6,"minecraft:paper":2316,"minecraft:shield":3,"minecraft:birch_fence":42,"minecraft:stick":2976,"minecraft:light_blue_dye":74,"minecraft:iron_ingot":1584,"minecraft:light_blue_stained_glass":24,"minecraft:lime_carpet":3,"minecraft:redstone_torch":26,"minecraft:gray_carpet":57,"minecraft:light_gray_carpet":162,"minecraft:shears":30,"minecraft:polished_andesite":128,"minecraft:coarse_dirt":156,"minecraft:redstone":99,"minecraft:coal":45,"minecraft:tripwire_hook":40,"minecraft:popped_chorus_fruit":30,"minecraft:spruce_button":6,"minecraft:mossy_stone_bricks":337,"minecraft:stone_button":72,"minecraft:furnace":29,"minecraft:piston":44,"minecraft:dark_oak_trapdoor":96,"minecraft:gray_dye":18,"minecraft:dark_oak_sign":9,"minecraft:mossy_stone_brick_wall":12,"minecraft:smooth_quartz_stairs":168,"minecraft:oak_trapdoor":312,"minecraft:glass_pane":512,"minecraft:scaffolding":576,"minecraft:white_concrete_powder":2160,"minecraft:iron_axe":18,"minecraft:green_concrete_powder":128,"minecraft:iron_hoe":4,"minecraft:cobblestone_wall":558,"minecraft:smooth_quartz_slab":144,"minecraft:orange_banner":4,"minecraft:birch_sign":18,"minecraft:cyan_concrete_powder":24,"minecraft:iron_trapdoor":104,"minecraft:spruce_sign":24,"minecraft:dark_oak_stairs":456,"minecraft:iron_sword":8,"minecraft:black_banner":8,"minecraft:bucket":65,"minecraft:air":0,"minecraft:bread":10,"minecraft:jungle_planks":512,"minecraft:blue_dye":68,"minecraft:oak_boat":3,"minecraft:white_wool":83,"minecraft:white_dye":175,"minecraft:brown_concrete_powder":32,"minecraft:anvil":6,"minecraft:acacia_planks":412,"minecraft:torch":1888,"minecraft:diamond_chestplate":5,"minecraft:firework_rocket":2346},"minecraft:used":{"minecraft:writable_book":25,"minecraft:smooth_quartz_slab":107,"minecraft:dispenser":1,"minecraft:spruce_slab":973,"minecraft:ladder":75,"minecraft:chest":73,"minecraft:black_carpet":5,"minecraft:stone":4049,"minecraft:quartz_stairs":78,"minecraft:rotten_flesh":1,"minecraft:soul_sand":12,"minecraft:stripped_spruce_log":2,"minecraft:spruce_boat":15,"minecraft:packed_ice":2,"minecraft:lava_bucket":7,"minecraft:quartz_pillar":66,"minecraft:red_wool":8,"minecraft:grass_block":1341,"minecraft:birch_sapling":2,"minecraft:quartz_block":507,"minecraft:dark_oak_slab":102,"minecraft:dark_oak_button":3,"minecraft:pink_wool":1,"minecraft:stone_brick_stairs":428,"minecraft:blue_banner":5,"minecraft:dark_oak_boat":1,"minecraft:sweet_berries":20,"minecraft:furnace":37,"minecraft:oak_sapling":75,"minecraft:acacia_fence":146,"minecraft:egg":48,"minecraft:potato":5,"minecraft:magenta_shulker_box":25,"minecraft:seagrass":66,"minecraft:brown_concrete_powder":28,"minecraft:mossy_stone_bricks":258,"minecraft:diorite":60,"minecraft:spruce_door":46,"minecraft:chorus_fruit":51,"minecraft:acacia_trapdoor":14,"minecraft:prismarine":533,"minecraft:lime_concrete_powder":3,"minecraft:mossy_stone_brick_stairs":169,"minecraft:composter":10,"minecraft:clay":6,"minecraft:smooth_quartz_stairs":183,"minecraft:jungle_boat":4,"minecraft:oak_leaves":1340,"minecraft:golden_apple":8,"minecraft:dark_oak_trapdoor":92,"minecraft:sand":442,"minecraft:blast_furnace":6,"minecraft:acacia_leaves":47,"minecraft:blue_ice":4,"minecraft:gray_concrete":9,"minecraft:chiseled_quartz_block":670,"minecraft:birch_fence":26,"minecraft:birch_slab":361,"minecraft:stone_button":27,"minecraft:lectern":1,"minecraft:diamond_ore":280,"minecraft:diamond_sword":236,"minecraft:green_concrete_powder":110,"minecraft:white_stained_glass":36,"minecraft:birch_log":2,"minecraft:ice":2,"minecraft:oak_boat":65,"minecraft:oak_trapdoor":353,"minecraft:iron_bars":183,"minecraft:enchanting_table":1,"minecraft:acacia_log":335,"minecraft:brain_coral_fan":5,"minecraft:red_concrete":8,"minecraft:armor_stand":44,"minecraft:light_gray_carpet":98,"minecraft:netherrack":15,"minecraft:torch":2221,"minecraft:light_gray_shulker_box":129,"minecraft:anvil":7,"minecraft:nether_quartz_ore":64,"minecraft:yellow_carpet":2,"minecraft:oak_fence_gate":100,"minecraft:stone_stairs":234,"minecraft:cod_bucket":2,"minecraft:fern":22,"minecraft:polished_diorite":13,"minecraft:mossy_cobblestone_stairs":208,"minecraft:red_shulker_box":47,"minecraft:sea_lantern":585,"minecraft:cyan_shulker_box":6,"minecraft:iron_block":409,"minecraft:iron_axe":2727,"minecraft:spruce_button":7,"minecraft:slime_block":14,"minecraft:jungle_log":2,"minecraft:smooth_quartz":1329,"minecraft:totem_of_undying":13,"minecraft:barrel":233,"minecraft:bamboo":17,"minecraft:tripwire_hook":9,"minecraft:purple_concrete":1,"minecraft:glowstone":25,"minecraft:beef":2,"minecraft:iron_trapdoor":116,"minecraft:podzol":8,"minecraft:trapped_chest":1,"minecraft:orange_terracotta":3,"minecraft:acacia_planks":6,"minecraft:horn_coral_fan":3,"minecraft:observer":40,"minecraft:water_bucket":1226,"minecraft:wheat_seeds":943,"minecraft:birch_planks":297,"minecraft:yellow_shulker_box":65,"minecraft:lime_wool":2,"minecraft:bubble_coral_fan":2,"minecraft:cauldron":1,"minecraft:gold_ore":51,"minecraft:spruce_fence_gate":7,"minecraft:cracked_stone_bricks":101,"minecraft:vine":81,"minecraft:diamond_block":5,"minecraft:rail":8,"minecraft:mossy_cobblestone":193,"minecraft:lime_terracotta":1,"minecraft:comparator":2,"minecraft:tnt":2,"minecraft:crafting_table":57,"minecraft:oak_slab":537,"minecraft:birch_sign":14,"minecraft:white_bed":30,"minecraft:campfire":36,"minecraft:lime_shulker_box":19,"minecraft:cake":3,"minecraft:spruce_log":97,"minecraft:cornflower":2,"minecraft:oak_log":2372,"minecraft:diamond_pickaxe":43274,"minecraft:acacia_sign":10,"minecraft:diamond_shovel":8226,"minecraft:iron_pickaxe":16421,"minecraft:oak_button":55,"minecraft:spruce_pressure_plate":3,"minecraft:spruce_trapdoor":957,"minecraft:chiseled_stone_bricks":4,"minecraft:blue_carpet":2,"minecraft:spruce_sapling":47,"minecraft:green_carpet":1,"minecraft:cobblestone":3963,"minecraft:potion":2,"minecraft:orange_banner":4,"minecraft:porkchop":2,"minecraft:andesite_stairs":1,"minecraft:glass_pane":331,"minecraft:dandelion":1,"minecraft:kelp":104,"minecraft:stripped_oak_log":303,"minecraft:brown_mushroom_block":2,"minecraft:iron_shovel":4479,"minecraft:light_gray_stained_glass_pane":2,"minecraft:diamond_hoe":266,"minecraft:carrot_on_a_stick":3,"minecraft:bone_block":2,"minecraft:oak_sign":16,"minecraft:white_concrete_powder":2165,"minecraft:iron_sword":1011,"minecraft:mossy_stone_brick_slab":100,"minecraft:player_head":31,"minecraft:green_terracotta":1,"minecraft:spruce_leaves":121,"minecraft:birch_pressure_plate":4,"minecraft:carrot":305,"minecraft:cyan_wool":16,"minecraft:obsidian":2,"minecraft:milk_bucket":2,"minecraft:glass":651,"minecraft:coal_ore":13,"minecraft:cyan_terracotta":13,"minecraft:quartz_slab":91,"minecraft:spruce_wood":4,"minecraft:lantern":334,"minecraft:blue_orchid":2,"minecraft:mossy_cobblestone_slab":194,"minecraft:stone_bricks":339,"minecraft:item_frame":100,"minecraft:birch_trapdoor":157,"minecraft:repeater":2,"minecraft:brown_carpet":58,"minecraft:magma_block":4,"minecraft:hay_block":50,"minecraft:written_book":283,"minecraft:scaffolding":313,"minecraft:blue_shulker_box":1,"minecraft:fire_coral_fan":5,"minecraft:dark_oak_stairs":453,"minecraft:tube_coral_fan":17,"minecraft:end_rod":175,"minecraft:dropper":7,"minecraft:birch_leaves":81,"minecraft:gray_carpet":22,"minecraft:dark_oak_sign":9,"minecraft:jungle_fence":167,"minecraft:oak_planks":680,"minecraft:ender_pearl":31,"minecraft:sugar_cane":33,"minecraft:redstone_block":21,"minecraft:diamond_axe":4687,"minecraft:light_blue_concrete":240,"minecraft:loom":7,"minecraft:light_blue_wool":71,"minecraft:black_banner":9,"minecraft:crossbow":17,"minecraft:note_block":5,"minecraft:shears":5207,"minecraft:redstone_torch":209,"minecraft:sticky_piston":115,"minecraft:gray_shulker_box":12,"minecraft:lever":69,"minecraft:lime_carpet":3,"minecraft:acacia_door":4,"minecraft:bread":10,"minecraft:light_gray_concrete":144,"minecraft:black_concrete":1,"minecraft:firework_rocket":491,"minecraft:dark_oak_log":711,"minecraft:string":39,"minecraft:brown_wool":15,"minecraft:gravel":488,"minecraft:light_blue_concrete_powder":748,"minecraft:pufferfish_bucket":3,"minecraft:stripped_oak_wood":19,"minecraft:andesite":202,"minecraft:smooth_stone_slab":3,"minecraft:white_concrete":1886,"minecraft:tropical_fish_bucket":75,"minecraft:coarse_dirt":171,"minecraft:bone_meal":2383,"minecraft:oak_fence":479,"minecraft:trident":185,"minecraft:jungle_leaves":66,"minecraft:rose_bush":18,"minecraft:redstone":257,"minecraft:spruce_planks":570,"minecraft:ender_chest":21,"minecraft:brown_shulker_box":17,"minecraft:dirt":3068,"minecraft:white_carpet":11,"minecraft:hopper":34,"minecraft:prismarine_bricks":3,"minecraft:spruce_stairs":1426,"minecraft:cobblestone_wall":411,"minecraft:shulker_box":32,"minecraft:oak_wood":32,"minecraft:salmon_bucket":11,"minecraft:spruce_fence":355,"minecraft:granite":47,"minecraft:light_blue_stained_glass":3,"minecraft:andesite_wall":8,"minecraft:iron_hoe":315,"minecraft:stone_brick_slab":29,"minecraft:dark_oak_planks":1,"minecraft:bookshelf":99,"minecraft:oak_stairs":406,"minecraft:light_gray_wool":135,"minecraft:golden_carrot":866,"minecraft:emerald_block":2,"minecraft:white_stained_glass_pane":93,"minecraft:minecart":7,"minecraft:cyan_concrete_powder":20,"minecraft:stone_pressure_plate":1,"minecraft:cooked_beef":243,"minecraft:mossy_stone_brick_wall":25,"minecraft:turtle_egg":2,"minecraft:brown_bed":15,"minecraft:acacia_boat":1,"minecraft:cobblestone_stairs":260,"minecraft:polished_andesite":33,"minecraft:baked_potato":38,"minecraft:blue_wool":293,"minecraft:birch_boat":10,"minecraft:cut_sandstone":1,"minecraft:spruce_sign":9,"minecraft:beacon":5,"minecraft:cobblestone_slab":206,"minecraft:stripped_dark_oak_log":55,"minecraft:light_gray_concrete_powder":614,"minecraft:painting":93,"minecraft:smoker":5,"minecraft:flower_pot":37,"minecraft:black_wool":4,"minecraft:piston":109,"minecraft:apple":15,"minecraft:stone_slab":438,"minecraft:yellow_wool":2,"minecraft:fishing_rod":1,"minecraft:green_shulker_box":28,"minecraft:white_banner":102,"minecraft:bucket":1332,"minecraft:yellow_bed":14,"minecraft:sea_pickle":102,"minecraft:gray_wool":40,"minecraft:birch_stairs":153,"minecraft:smooth_stone":12},"minecraft:custom":{"minecraft:interact_with_crafting_table":842,"minecraft:open_barrel":2056,"minecraft:bell_ring":85,"minecraft:eat_cake_slice":21,"minecraft:leave_game":337,"minecraft:time_since_death":1407647,"minecraft:damage_blocked_by_shield":1160,"minecraft:deaths":28,"minecraft:jump":87284,"minecraft:enchant_item":4,"minecraft:interact_with_furnace":337,"minecraft:interact_with_cartography_table":4,"minecraft:sleep_in_bed":378,"minecraft:damage_dealt":56603,"minecraft:interact_with_smoker":3,"minecraft:inspect_dispenser":105,"minecraft:horse_one_cm":54609,"minecraft:inspect_dropper":97,"minecraft:inspect_hopper":231,"minecraft:sneak_time":336584,"minecraft:interact_with_lectern":60,"minecraft:interact_with_blast_furnace":1,"minecraft:tune_noteblock":261,"minecraft:interact_with_stonecutter":3,"minecraft:time_since_rest":5087,"minecraft:swim_one_cm":1002160,"minecraft:fly_one_cm":13388381,"minecraft:open_chest":2896,"minecraft:fall_one_cm":1762976,"minecraft:animals_bred":24,"minecraft:open_shulker_box":7335,"minecraft:damage_resisted":805,"minecraft:sprint_one_cm":37691986,"minecraft:drop":1694,"minecraft:play_noteblock":7,"minecraft:talked_to_villager":7,"minecraft:walk_on_water_one_cm":1051468,"minecraft:play_one_minute":14612071,"minecraft:interact_with_loom":23,"minecraft:open_enderchest":347,"minecraft:interact_with_beacon":26,"minecraft:crouch_one_cm":570180,"minecraft:mob_kills":4579,"minecraft:climb_one_cm":1092492,"minecraft:walk_one_cm":35466683,"minecraft:walk_under_water_one_cm":1285630,"minecraft:boat_one_cm":8125445,"minecraft:pot_flower":36,"minecraft:damage_taken":58448,"minecraft:damage_absorbed":530,"minecraft:trigger_trapped_chest":30,"minecraft:minecart_one_cm":251261,"minecraft:aviate_one_cm":112140708},"minecraft:mined":{"minecraft:dark_oak_planks":2,"minecraft:red_shulker_box":45,"minecraft:white_bed":25,"minecraft:light_blue_concrete":287,"minecraft:jungle_leaves":45,"minecraft:cyan_shulker_box":4,"minecraft:obsidian":2,"minecraft:granite":2186,"minecraft:acacia_log":73,"minecraft:yellow_carpet":1,"minecraft:jungle_log":3,"minecraft:coal_block":5,"minecraft:blue_wool":22,"minecraft:oxeye_daisy":36,"minecraft:hopper":27,"minecraft:oak_wall_sign":8,"minecraft:chiseled_stone_bricks":1,"minecraft:spawner":1,"minecraft:light_blue_stained_glass":3,"minecraft:magma_block":4,"minecraft:dark_oak_trapdoor":7,"minecraft:mossy_cobblestone_stairs":44,"minecraft:sticky_piston":106,"minecraft:barrel":54,"minecraft:oak_sign":2,"minecraft:quartz_slab":14,"minecraft:oak_stairs":81,"minecraft:spruce_pressure_plate":3,"minecraft:light_gray_concrete":141,"minecraft:green_carpet":1,"minecraft:spruce_wood":4,"minecraft:white_banner":6,"minecraft:blue_orchid":44,"minecraft:iron_block":389,"minecraft:player_head":12,"minecraft:tripwire":11,"minecraft:piston_head":1,"minecraft:sandstone_slab":117,"minecraft:cut_sandstone":1,"minecraft:player_wall_head":7,"minecraft:kelp_plant":24,"minecraft:torch":393,"minecraft:note_block":5,"minecraft:blast_furnace":2,"minecraft:green_concrete_powder":2,"minecraft:white_stained_glass_pane":33,"minecraft:dead_bush":13,"minecraft:glass":137,"minecraft:smooth_quartz_slab":6,"minecraft:tube_coral_fan":2,"minecraft:lime_shulker_box":18,"minecraft:potted_oak_sapling":1,"minecraft:sugar_cane":109,"minecraft:cyan_wool":2,"minecraft:repeater":2,"minecraft:wheat":431,"minecraft:stone_brick_stairs":129,"minecraft:grass":702,"minecraft:oak_fence_gate":39,"minecraft:loom":6,"minecraft:smooth_quartz":290,"minecraft:blue_shulker_box":1,"minecraft:piston":95,"minecraft:light_blue_wool":20,"minecraft:light_gray_stained_glass_pane":2,"minecraft:mossy_cobblestone":39,"minecraft:stripped_birch_log":2,"minecraft:dark_oak_log":59,"minecraft:sea_lantern":131,"minecraft:shulker_box":27,"minecraft:spruce_fence":31,"minecraft:redstone_wire":173,"minecraft:lime_wool":2,"minecraft:potted_bamboo":4,"minecraft:kelp":20,"minecraft:pink_wool":1,"minecraft:white_concrete_powder":312,"minecraft:redstone_ore":389,"minecraft:acacia_trapdoor":2,"minecraft:light_blue_concrete_powder":58,"minecraft:andesite":2818,"minecraft:green_terracotta":1,"minecraft:diamond_block":6,"minecraft:mossy_stone_brick_stairs":34,"minecraft:potatoes":6,"minecraft:cobblestone_slab":59,"minecraft:vine":1195,"minecraft:rail":17,"minecraft:brain_coral_wall_fan":1,"minecraft:smooth_quartz_stairs":28,"minecraft:bamboo":2,"minecraft:bone_block":2,"minecraft:white_wool":1,"minecraft:ender_chest":20,"minecraft:birch_stairs":17,"minecraft:oak_slab":165,"minecraft:light_gray_carpet":8,"minecraft:redstone_block":24,"minecraft:gray_concrete":9,"minecraft:glass_pane":47,"minecraft:soul_sand":89,"minecraft:comparator":1,"minecraft:lily_of_the_valley":20,"minecraft:brown_carpet":6,"minecraft:stone_brick_slab":13,"minecraft:observer":36,"minecraft:dandelion":18,"minecraft:cornflower":40,"minecraft:light_gray_concrete_powder":103,"minecraft:emerald_ore":23,"minecraft:spruce_button":1,"minecraft:cyan_concrete_powder":2,"minecraft:dropper":6,"minecraft:campfire":19,"minecraft:brain_coral_fan":1,"minecraft:diorite":3143,"minecraft:black_stained_glass":1,"minecraft:coarse_dirt":92,"minecraft:trapped_chest":1,"minecraft:cobblestone_wall":103,"minecraft:dark_oak_wall_sign":5,"minecraft:white_carpet":4,"minecraft:spruce_log":582,"minecraft:birch_leaves":717,"minecraft:jungle_fence":3,"minecraft:purple_concrete":1,"minecraft:quartz_pillar":43,"minecraft:gravel":2177,"minecraft:cobweb":1,"minecraft:oak_button":12,"minecraft:spruce_fence_gate":3,"minecraft:stone_bricks":123,"minecraft:gold_ore":98,"minecraft:iron_trapdoor":44,"minecraft:infested_stone":31,"minecraft:fern":10,"minecraft:spruce_planks":186,"minecraft:farmland":10,"minecraft:oak_sapling":10,"minecraft:stone_pressure_plate":135,"minecraft:mossy_stone_brick_slab":18,"minecraft:andesite_stairs":1,"minecraft:cobblestone_stairs":87,"minecraft:spruce_trapdoor":312,"minecraft:grass_block":4589,"minecraft:white_concrete":1145,"minecraft:polished_diorite":3,"minecraft:composter":5,"minecraft:smooth_stone":4,"minecraft:mossy_cobblestone_slab":39,"minecraft:glowstone":2,"minecraft:iron_ore":776,"minecraft:turtle_egg":1,"minecraft:black_carpet":5,"minecraft:anvil":1,"minecraft:brown_bed":15,"minecraft:azure_bluet":18,"minecraft:dark_oak_stairs":37,"minecraft:iron_bars":75,"minecraft:birch_wall_sign":4,"minecraft:spruce_slab":111,"minecraft:brown_shulker_box":19,"minecraft:blue_banner":2,"minecraft:quartz_block":372,"minecraft:cyan_terracotta":13,"minecraft:orange_terracotta":3,"minecraft:clay":19,"minecraft:chiseled_quartz_block":178,"minecraft:poppy":13,"minecraft:beacon":4,"minecraft:chest":25,"minecraft:nether_quartz_ore":64,"minecraft:cobblestone":1300,"minecraft:slime_block":14,"minecraft:prismarine":123,"minecraft:oak_planks":209,"minecraft:wall_torch":61,"minecraft:magenta_shulker_box":27,"minecraft:seagrass":108,"minecraft:stone_stairs":103,"minecraft:powered_rail":3,"minecraft:dark_oak_slab":15,"minecraft:brown_concrete_powder":16,"minecraft:mossy_stone_brick_wall":13,"minecraft:lapis_block":1,"minecraft:yellow_wool":2,"minecraft:birch_log":218,"minecraft:birch_trapdoor":24,"minecraft:stripped_oak_wood":24,"minecraft:tnt":6,"minecraft:light_gray_wool":22,"minecraft:smooth_stone_slab":3,"minecraft:oak_log":1234,"minecraft:lime_terracotta":1,"minecraft:sand":478,"minecraft:dirt":4065,"minecraft:tripwire_hook":3,"minecraft:netherrack":280,"minecraft:oak_leaves":2095,"minecraft:emerald_block":1,"minecraft:diamond_ore":932,"minecraft:quartz_stairs":19,"minecraft:gray_shulker_box":7,"minecraft:lever":78,"minecraft:ladder":45,"minecraft:stone_button":5,"minecraft:black_banner":1,"minecraft:white_stained_glass":12,"minecraft:brown_mushroom_block":2,"minecraft:birch_slab":16,"minecraft:spruce_leaves":1996,"minecraft:hay_block":15,"minecraft:oak_trapdoor":76,"minecraft:spruce_sapling":2,"minecraft:furnace":13,"minecraft:carrots":64,"minecraft:stripped_spruce_log":35,"minecraft:light_gray_shulker_box":140,"minecraft:black_concrete":1,"minecraft:bookshelf":35,"minecraft:lantern":103,"minecraft:stripped_acacia_log":1,"minecraft:stripped_oak_log":356,"minecraft:stone":39972,"minecraft:yellow_shulker_box":69,"minecraft:birch_pressure_plate":3,"minecraft:redstone_wall_torch":86,"minecraft:podzol":26,"minecraft:scaffolding":142,"minecraft:acacia_leaves":3,"minecraft:red_wool":8,"minecraft:stripped_dark_oak_log":96,"minecraft:oak_fence":27,"minecraft:crafting_table":37,"minecraft:oak_wood":12,"minecraft:lime_concrete_powder":3,"minecraft:andesite_slab":1,"minecraft:andesite_wall":5,"minecraft:stone_slab":83,"minecraft:lapis_ore":55,"minecraft:red_concrete":8,"minecraft:spruce_stairs":493,"minecraft:prismarine_bricks":3,"minecraft:gray_wool":22,"minecraft:birch_planks":6,"minecraft:bubble_coral":1,"minecraft:green_shulker_box":18,"minecraft:sea_pickle":35,"minecraft:redstone_torch":43,"minecraft:sweet_berry_bush":7,"minecraft:gray_bed":1,"minecraft:white_wall_banner":24,"minecraft:yellow_bed":13,"minecraft:grass_path":231,"minecraft:black_wool":4,"minecraft:coal_ore":1313,"minecraft:cocoa":13,"minecraft:end_rod":77,"minecraft:flower_pot":3,"minecraft:gray_carpet":6,"minecraft:cracked_stone_bricks":35,"minecraft:polished_andesite":33,"minecraft:mossy_stone_bricks":68,"minecraft:acacia_wall_sign":1,"minecraft:birch_fence":7}},"DataVersion":1976}