{"stats":{"minecraft:used":{"minecraft:jungle_sapling":20,"minecraft:jungle_leaves":77,"minecraft:diamond_pickaxe":1,"minecraft:oak_button":1,"minecraft:oak_planks":3,"minecraft:stone_button":1,"minecraft:jungle_log":46,"minecraft:diamond_axe":4,"minecraft:diamond_sword":5,"minecraft:dirt":4,"minecraft:golden_carrot":8,"minecraft:oak_sapling":41,"minecraft:birch_sign":75,"minecraft:bone_meal":427},"minecraft:crafted":{"minecraft:diamond_sword":1,"minecraft:diamond_pickaxe":1,"minecraft:diamond_axe":1,"minecraft:stone_button":1,"minecraft:oak_button":2,"minecraft:bone_meal":720,"minecraft:torch":16},"minecraft:mined":{"minecraft:stone_pressure_plate":1,"minecraft:oak_sapling":7,"minecraft:jungle_sapling":2,"minecraft:dandelion":1,"minecraft:grass":454,"minecraft:red_tulip":1,"minecraft:grass_block":7,"minecraft:oak_log":4,"minecraft:jungle_log":4,"minecraft:dirt":4,"minecraft:birch_wall_sign":9,"minecraft:pink_tulip":1,"minecraft:white_tulip":1,"minecraft:birch_sign":4,"minecraft:oak_button":1,"minecraft:oak_leaves":37},"minecraft:custom":{"minecraft:time_since_rest":64953,"minecraft:sprint_one_cm":351463,"minecraft:open_enderchest":2,"minecraft:damage_taken":153,"minecraft:walk_one_cm":495836,"minecraft:mob_kills":2,"minecraft:drop":18,"minecraft:damage_dealt":220,"minecraft:interact_with_crafting_table":3,"minecraft:fly_one_cm":55333,"minecraft:open_chest":47,"minecraft:play_one_minute":226012,"minecraft:crouch_one_cm":2635,"minecraft:open_shulker_box":85,"minecraft:sneak_time":1203,"minecraft:jump":643,"minecraft:leave_game":1,"minecraft:time_since_death":226012,"minecraft:sleep_in_bed":3,"minecraft:fall_one_cm":8265},"minecraft:dropped":{"minecraft:jungle_sapling":18},"minecraft:picked_up":{"minecraft:stick":5,"minecraft:iron_chestplate":1,"minecraft:jungle_log":4,"minecraft:oak_log":4,"minecraft:dirt":9,"minecraft:iron_leggings":1,"minecraft:rotten_flesh":2,"minecraft:diamond":3,"minecraft:wheat_seeds":40,"minecraft:red_tulip":1,"minecraft:iron_helmet":1,"minecraft:bone_meal":80,"minecraft:birch_sign":50,"minecraft:jungle_sapling":15,"minecraft:oak_button":1,"minecraft:oak_sapling":9,"minecraft:oak_planks":5,"minecraft:iron_boots":1},"minecraft:killed":{"minecraft:zombie":2}},"DataVersion":1976}