{"stats":{"minecraft:custom":{"minecraft:interact_with_crafting_table":1269,"minecraft:damage_blocked_by_shield":2040,"minecraft:deaths":40,"minecraft:jump":158288,"minecraft:interact_with_smoker":6,"minecraft:inspect_dispenser":237,"minecraft:horse_one_cm":298634,"minecraft:inspect_dropper":363,"minecraft:inspect_hopper":1086,"minecraft:tune_noteblock":31,"minecraft:time_since_rest":10156,"minecraft:swim_one_cm":4901148,"minecraft:open_chest":7639,"minecraft:open_shulker_box":7923,"minecraft:damage_resisted":202,"minecraft:play_noteblock":5,"minecraft:talked_to_villager":494,"minecraft:interact_with_brewingstand":180,"minecraft:interact_with_beacon":6,"minecraft:fill_cauldron":1,"minecraft:boat_one_cm":8426748,"minecraft:damage_taken":104177,"minecraft:aviate_one_cm":91069138,"minecraft:open_barrel":73,"minecraft:eat_cake_slice":14,"minecraft:leave_game":629,"minecraft:time_since_death":10124,"minecraft:enchant_item":107,"minecraft:interact_with_furnace":2404,"minecraft:traded_with_villager":1040,"minecraft:sleep_in_bed":555,"minecraft:damage_dealt":421894,"minecraft:sneak_time":1341954,"minecraft:interact_with_lectern":1,"minecraft:interact_with_stonecutter":1,"minecraft:fly_one_cm":29246052,"minecraft:fish_caught":4,"minecraft:fall_one_cm":3388178,"minecraft:animals_bred":827,"minecraft:sprint_one_cm":38676014,"minecraft:drop":4809,"minecraft:walk_on_water_one_cm":3439139,"minecraft:play_one_minute":21564459,"minecraft:interact_with_loom":10,"minecraft:open_enderchest":1951,"minecraft:crouch_one_cm":4475921,"minecraft:mob_kills":26503,"minecraft:climb_one_cm":1166560,"minecraft:walk_one_cm":39891857,"minecraft:walk_under_water_one_cm":4680318,"minecraft:pot_flower":2,"minecraft:minecart_one_cm":296924},"minecraft:picked_up":{"minecraft:lead":27,"minecraft:stone_slab":86,"minecraft:enchanted_book":7,"minecraft:purple_shulker_box":26,"minecraft:blue_concrete":42,"minecraft:string":844,"minecraft:pufferfish":2,"minecraft:diamond_leggings":28,"minecraft:diamond_ore":159,"minecraft:acacia_log":123,"minecraft:cyan_stained_glass":467,"minecraft:purpur_pillar":109,"minecraft:golden_chestplate":15,"minecraft:gray_shulker_box":5,"minecraft:orange_bed":1,"minecraft:stone_sword":8,"minecraft:carved_pumpkin":88,"minecraft:red_tulip":36,"minecraft:glowstone":261,"minecraft:end_rod":54,"minecraft:bookshelf":14,"minecraft:white_terracotta":1,"minecraft:blaze_rod":84,"minecraft:iron_bars":913,"minecraft:snowball":1478,"minecraft:sponge":2,"minecraft:cooked_beef":539,"minecraft:feather":811,"minecraft:water_bucket":33,"minecraft:brown_wool":77,"minecraft:dark_oak_boat":12,"minecraft:flint":37,"minecraft:purple_stained_glass":279,"minecraft:pink_concrete_powder":1,"minecraft:gray_concrete_powder":11,"minecraft:dark_oak_sign":61,"minecraft:diamond_helmet":26,"minecraft:rabbit":2,"minecraft:lime_terracotta":4,"minecraft:birch_fence_gate":13,"minecraft:polished_andesite":1002,"minecraft:blue_terracotta":40,"minecraft:lever":127,"minecraft:granite":1813,"minecraft:spruce_button":1,"minecraft:golden_horse_armor":3,"minecraft:cyan_dye":10,"minecraft:jack_o_lantern":6,"minecraft:light_gray_carpet":5,"minecraft:diamond_pickaxe":37,"minecraft:clay_ball":40,"minecraft:leather_leggings":13,"minecraft:redstone_lamp":7,"minecraft:purpur_block":164,"minecraft:cornflower":14,"minecraft:elytra":23,"minecraft:flint_and_steel":16,"minecraft:white_carpet":1,"minecraft:white_stained_glass":24,"minecraft:iron_shovel":16,"minecraft:glass_pane":16,"minecraft:jungle_sapling":47,"minecraft:poppy":2086,"minecraft:spruce_slab":9,"minecraft:minecart":76,"minecraft:birch_sapling":66,"minecraft:piston":55,"minecraft:lime_shulker_box":15,"minecraft:black_stained_glass":2,"minecraft:stone":32859,"minecraft:white_dye":26,"minecraft:cyan_shulker_box":27,"minecraft:diamond_chestplate":6,"minecraft:purpur_slab":30,"minecraft:yellow_terracotta":73,"minecraft:totem_of_undying":1,"minecraft:mutton":10,"minecraft:rail":896,"minecraft:bone_block":418,"minecraft:oxeye_daisy":35,"minecraft:yellow_shulker_box":202,"minecraft:birch_leaves":54,"minecraft:clock":7,"minecraft:tripwire_hook":6,"minecraft:jungle_fence":20,"minecraft:fern":12,"minecraft:yellow_dye":87,"minecraft:purpur_stairs":11,"minecraft:paper":497,"minecraft:light_blue_banner":1,"minecraft:apple":57,"minecraft:oak_fence_gate":10,"minecraft:iron_ore":1755,"minecraft:magenta_stained_glass":628,"minecraft:dark_oak_stairs":20,"minecraft:polished_andesite_stairs":1,"minecraft:red_wool":333,"minecraft:lime_concrete":32,"minecraft:light_blue_stained_glass":8,"minecraft:leather_helmet":12,"minecraft:diamond_shovel":23,"minecraft:coal_ore":734,"minecraft:slime_ball":195,"minecraft:hopper":232,"minecraft:ender_chest":197,"minecraft:nether_brick_fence":45,"minecraft:yellow_wool":9,"minecraft:stone_brick_stairs":119,"minecraft:lapis_block":2,"minecraft:dead_tube_coral_block":242,"minecraft:smooth_stone":134,"minecraft:comparator":94,"minecraft:bucket":77,"minecraft:red_dye":151,"minecraft:white_tulip":72,"minecraft:rose_bush":216,"minecraft:cobblestone_slab":117,"minecraft:ender_eye":4,"minecraft:iron_pickaxe":7,"minecraft:blue_wool":66,"minecraft:tipped_arrow":1,"minecraft:birch_trapdoor":26,"minecraft:spruce_stairs":97,"minecraft:diorite":2203,"minecraft:vine":79,"minecraft:andesite_wall":2,"minecraft:rotten_flesh":1290,"minecraft:brown_shulker_box":6,"minecraft:chorus_flower":6,"minecraft:obsidian":283,"minecraft:blaze_powder":45,"minecraft:cobblestone":5603,"minecraft:leather_chestplate":15,"minecraft:lilac":54,"minecraft:repeater":207,"minecraft:andesite":3984,"minecraft:orange_carpet":82,"minecraft:black_bed":13,"minecraft:golden_leggings":13,"minecraft:beacon":1,"minecraft:potato":1074,"minecraft:prismarine_bricks":655,"minecraft:dirt":13804,"minecraft:name_tag":16,"minecraft:glass":2908,"minecraft:bone":1732,"minecraft:acacia_planks":15,"minecraft:bow":208,"minecraft:wheat_seeds":4717,"minecraft:orange_tulip":76,"minecraft:popped_chorus_fruit":12,"minecraft:mossy_stone_bricks":2,"minecraft:bamboo":601,"minecraft:prismarine":34,"minecraft:light_blue_shulker_box":5,"minecraft:nether_brick_stairs":65,"minecraft:grass_block":4486,"minecraft:jungle_slab":206,"minecraft:mossy_cobblestone":93,"minecraft:jungle_leaves":3071,"minecraft:light_gray_terracotta":336,"minecraft:sugar":56,"minecraft:light_blue_terracotta":2,"minecraft:slime_block":53,"minecraft:crossbow":3,"minecraft:bone_meal":241,"minecraft:grass":94,"minecraft:golden_apple":7,"minecraft:spruce_sign":1,"minecraft:emerald":113,"minecraft:netherrack":21539,"minecraft:chorus_fruit":692,"minecraft:oak_leaves":4102,"minecraft:azure_bluet":36,"minecraft:splash_potion":51,"minecraft:ladder":231,"minecraft:brown_mushroom":7,"minecraft:packed_ice":2637,"minecraft:shield":3,"minecraft:orange_stained_glass":163,"minecraft:oak_trapdoor":13,"minecraft:mycelium":3,"minecraft:birch_fence":7,"minecraft:lime_wool":133,"minecraft:end_stone":1169,"minecraft:note_block":5,"minecraft:brown_concrete_powder":148,"minecraft:cookie":22,"minecraft:music_disc_11":1,"minecraft:trident":2,"minecraft:light_blue_bed":7,"minecraft:stone_pressure_plate":23,"minecraft:purple_terracotta":83,"minecraft:red_shulker_box":161,"minecraft:nether_bricks":390,"minecraft:pink_tulip":36,"minecraft:jungle_boat":45,"minecraft:golden_carrot":274,"minecraft:leather":741,"minecraft:ice":460,"minecraft:chainmail_chestplate":1,"minecraft:cobblestone_wall":12,"minecraft:gunpowder":442,"minecraft:orange_terracotta":718,"minecraft:cooked_mutton":19,"minecraft:rabbit_hide":2,"minecraft:iron_ingot":612,"minecraft:cooked_chicken":327,"minecraft:prismarine_brick_slab":324,"minecraft:polished_andesite_slab":982,"minecraft:nether_quartz_ore":1756,"minecraft:stone_brick_slab":401,"minecraft:quartz":9070,"minecraft:dandelion":194,"minecraft:lava_bucket":6,"minecraft:green_stained_glass":248,"minecraft:nether_brick_slab":42,"minecraft:spruce_door":1,"minecraft:pumpkin_seeds":259,"minecraft:chainmail_leggings":3,"minecraft:terracotta":52,"minecraft:damaged_anvil":1,"minecraft:birch_door":9,"minecraft:iron_chestplate":7,"minecraft:chainmail_boots":3,"minecraft:flower_pot":1,"minecraft:anvil":14,"minecraft:prismarine_shard":216,"minecraft:diamond_sword":30,"minecraft:brewing_stand":6,"minecraft:golden_sword":62,"minecraft:cooked_salmon":23,"minecraft:beetroot":22,"minecraft:gold_nugget":4848,"minecraft:spruce_planks":234,"minecraft:written_book":64,"minecraft:coal_block":45,"minecraft:golden_helmet":15,"minecraft:composter":6,"minecraft:blue_dye":88,"minecraft:iron_block":843,"minecraft:birch_log":215,"minecraft:magma_block":493,"minecraft:iron_door":19,"minecraft:jungle_log":1189,"minecraft:green_concrete_powder":1,"minecraft:jungle_wood":47,"minecraft:gray_concrete":10,"minecraft:chipped_anvil":10,"minecraft:glowstone_dust":8,"minecraft:gray_glazed_terracotta":1,"minecraft:dropper":49,"minecraft:ink_sac":108,"minecraft:loom":1,"minecraft:barrel":1,"minecraft:dark_oak_log":302,"minecraft:red_terracotta":1114,"minecraft:dispenser":30,"minecraft:black_concrete_powder":262,"minecraft:green_concrete":1,"minecraft:writable_book":19,"minecraft:blue_ice":389,"minecraft:chainmail_helmet":2,"minecraft:bread":49,"minecraft:dark_oak_fence":4,"minecraft:crafting_table":202,"minecraft:coarse_dirt":12,"minecraft:sandstone_slab":258,"minecraft:purple_wool":1,"minecraft:nether_wart":11550,"minecraft:red_bed":6,"minecraft:snow":52,"minecraft:cracked_stone_bricks":3,"minecraft:beef":1182,"minecraft:cyan_wool":504,"minecraft:quartz_stairs":24,"minecraft:chest":325,"minecraft:egg":295,"minecraft:sandstone":10993,"minecraft:oak_door":58,"minecraft:spruce_fence":1,"minecraft:carrot":723,"minecraft:redstone":5327,"minecraft:prismarine_crystals":93,"minecraft:tnt":251,"minecraft:cooked_cod":117,"minecraft:beetroot_seeds":194,"minecraft:peony":6,"minecraft:shears":11,"minecraft:diamond_boots":24,"minecraft:sandstone_stairs":261,"minecraft:tube_coral_block":3,"minecraft:gold_ingot":230,"minecraft:white_shulker_box":193,"minecraft:white_wool":272,"minecraft:lapis_ore":221,"minecraft:stripped_oak_log":1,"minecraft:filled_map":11,"minecraft:jungle_button":2,"minecraft:brown_concrete":102,"minecraft:oak_log":1249,"minecraft:golden_boots":19,"minecraft:white_banner":5,"minecraft:stone_bricks":2361,"minecraft:kelp":2104,"minecraft:cobweb":37,"minecraft:glass_bottle":20,"minecraft:iron_sword":8,"minecraft:prismarine_brick_stairs":16,"minecraft:daylight_detector":4,"minecraft:light_blue_glazed_terracotta":4,"minecraft:gravel":3896,"minecraft:birch_stairs":1,"minecraft:spruce_sapling":21,"minecraft:spruce_log":239,"minecraft:sea_lantern":169,"minecraft:firework_rocket":1461,"minecraft:stone_axe":2,"minecraft:redstone_ore":673,"minecraft:diamond_axe":16,"minecraft:gray_wool":3,"minecraft:oak_button":28,"minecraft:melon_seeds":42,"minecraft:pink_dye":87,"minecraft:ender_pearl":409,"minecraft:shulker_shell":477,"minecraft:wheat":2690,"minecraft:redstone_block":76,"minecraft:iron_trapdoor":10,"minecraft:light_gray_shulker_box":5,"minecraft:potion":155,"minecraft:smooth_stone_slab":1607,"minecraft:iron_leggings":2,"minecraft:armor_stand":40,"minecraft:sticky_piston":236,"minecraft:pink_shulker_box":2,"minecraft:oak_sign":215,"minecraft:activator_rail":18,"minecraft:black_shulker_box":6,"minecraft:redstone_torch":333,"minecraft:iron_boots":4,"minecraft:furnace":132,"minecraft:stick":654,"minecraft:orange_shulker_box":10,"minecraft:brown_terracotta":176,"minecraft:oak_fence":190,"minecraft:torch":3144,"minecraft:porkchop":16,"minecraft:snow_block":164,"minecraft:blue_stained_glass":8,"minecraft:quartz_block":19,"minecraft:cactus":1013,"minecraft:cod":96,"minecraft:nautilus_shell":61,"minecraft:jungle_pressure_plate":7,"minecraft:magma_cream":8,"minecraft:chiseled_quartz_block":3,"minecraft:magenta_dye":123,"minecraft:light_gray_dye":3,"minecraft:wither_skeleton_skull":1,"minecraft:acacia_boat":2,"minecraft:green_shulker_box":53,"minecraft:lapis_lazuli":3165,"minecraft:polished_granite":20,"minecraft:leather_boots":13,"minecraft:light_blue_dye":74,"minecraft:powered_rail":103,"minecraft:oak_planks":1045,"minecraft:ghast_tear":19,"minecraft:pink_concrete":3,"minecraft:cooked_porkchop":63,"minecraft:music_disc_13":1,"minecraft:oak_pressure_plate":5,"minecraft:poisonous_potato":10,"minecraft:jungle_planks":167,"minecraft:sand":20505,"minecraft:cyan_bed":5,"minecraft:chiseled_sandstone":56,"minecraft:shulker_box":512,"minecraft:dark_prismarine":19,"minecraft:clay":46,"minecraft:diamond":549,"minecraft:spruce_boat":135,"minecraft:black_concrete":1612,"minecraft:white_concrete":61,"minecraft:oak_sapling":314,"minecraft:nether_star":5,"minecraft:end_stone_bricks":1338,"minecraft:fishing_rod":1,"minecraft:cocoa_beans":120,"minecraft:charcoal":16,"minecraft:allium":62,"minecraft:chicken":253,"minecraft:turtle_helmet":1,"minecraft:wooden_pickaxe":1,"minecraft:gold_block":133,"minecraft:diamond_horse_armor":1,"minecraft:stone_stairs":2,"minecraft:iron_axe":1,"minecraft:orange_concrete":385,"minecraft:wooden_sword":248,"minecraft:item_frame":7,"minecraft:quartz_slab":23,"minecraft:cyan_carpet":5,"minecraft:detector_rail":27,"minecraft:oak_boat":372,"minecraft:player_head":170,"minecraft:observer":98,"minecraft:light_gray_wool":1,"minecraft:blue_shulker_box":5,"minecraft:sugar_cane":6821,"minecraft:spruce_trapdoor":20,"minecraft:phantom_membrane":52,"minecraft:dark_oak_sapling":28,"minecraft:orange_dye":83,"minecraft:quartz_pillar":93,"minecraft:stone_button":56,"minecraft:magenta_shulker_box":2,"minecraft:iron_horse_armor":1,"minecraft:dark_oak_planks":44,"minecraft:arrow":4028,"minecraft:saddle":7,"minecraft:wet_sponge":41,"minecraft:salmon":2,"minecraft:cut_sandstone":255,"minecraft:carrot_on_a_stick":4,"minecraft:birch_planks":35,"minecraft:yellow_glazed_terracotta":16,"minecraft:nether_wart_block":1,"minecraft:cobblestone_stairs":1,"minecraft:wooden_hoe":1,"minecraft:smooth_sandstone":1,"minecraft:heart_of_the_sea":2,"minecraft:acacia_sapling":12,"minecraft:soul_sand":943,"minecraft:music_disc_chirp":1,"minecraft:purple_concrete":579,"minecraft:green_dye":80,"minecraft:book":60,"minecraft:oak_slab":24,"minecraft:scaffolding":275,"minecraft:pumpkin":64,"minecraft:birch_boat":14,"minecraft:chiseled_stone_bricks":56,"minecraft:white_bed":37,"minecraft:gold_ore":464,"minecraft:spider_eye":120,"minecraft:stripped_jungle_log":6,"minecraft:lime_dye":74,"minecraft:iron_helmet":6,"minecraft:acacia_slab":1,"minecraft:black_wool":5,"minecraft:red_concrete":46,"minecraft:coal":3148},"minecraft:crafted":{"minecraft:black_dye":520,"minecraft:oak_sign":177,"minecraft:melon":46,"minecraft:blaze_powder":86,"minecraft:birch_boat":1,"minecraft:diamond_shovel":7,"minecraft:nether_brick":1271,"minecraft:shulker_box":48,"minecraft:diamond_helmet":3,"minecraft:stone_pressure_plate":16,"minecraft:iron_door":30,"minecraft:dried_kelp_block":101,"minecraft:black_wool":32,"minecraft:white_shulker_box":5,"minecraft:name_tag":3,"minecraft:lime_concrete_powder":64,"minecraft:blue_stained_glass":8,"minecraft:redstone_lamp":46,"minecraft:end_rod":256,"minecraft:acacia_slab":12,"minecraft:jungle_boat":12,"minecraft:polished_andesite_stairs":8,"minecraft:chest_minecart":7,"minecraft:jungle_pressure_plate":4,"minecraft:nether_brick_fence":192,"minecraft:sticky_piston":64,"minecraft:red_nether_bricks":64,"minecraft:green_stained_glass":152,"minecraft:stone_brick_stairs":368,"minecraft:wooden_hoe":3,"minecraft:stone_slab":396,"minecraft:iron_pickaxe":17,"minecraft:sandstone":1050,"minecraft:composter":1,"minecraft:cyan_wool":23,"minecraft:golden_carrot":418,"minecraft:orange_shulker_box":2,"minecraft:iron_nugget":18,"minecraft:jack_o_lantern":7,"minecraft:blue_shulker_box":2,"minecraft:prismarine_brick_stairs":8,"minecraft:stone_stairs":16,"minecraft:terracotta":33,"minecraft:light_gray_shulker_box":1,"minecraft:black_concrete_powder":3208,"minecraft:red_shulker_box":2,"minecraft:stone_pickaxe":6,"minecraft:quartz_slab":94,"minecraft:spruce_boat":48,"minecraft:lead":34,"minecraft:cyan_bed":1,"minecraft:enchanted_book":67,"minecraft:orange_dye":163,"minecraft:oak_fence_gate":9,"minecraft:birch_trapdoor":10,"minecraft:writable_book":7,"minecraft:iron_shovel":27,"minecraft:armor_stand":19,"minecraft:note_block":15,"minecraft:cobblestone_slab":126,"minecraft:barrel":1,"minecraft:cooked_chicken":214,"minecraft:stone":92,"minecraft:snow":186,"minecraft:quartz_pillar":280,"minecraft:cake":9,"minecraft:stone_brick_slab":330,"minecraft:bow":57,"minecraft:comparator":80,"minecraft:chest":287,"minecraft:oak_button":12,"minecraft:yellow_terracotta":144,"minecraft:jungle_stairs":8,"minecraft:rail":16,"minecraft:blue_concrete_powder":64,"minecraft:ender_eye":14,"minecraft:stone_bricks":3362,"minecraft:oak_fence":123,"minecraft:white_banner":1,"minecraft:dropper":47,"minecraft:iron_helmet":4,"minecraft:brown_dye":45,"minecraft:birch_pressure_plate":1,"minecraft:red_wool":27,"minecraft:prismarine_brick_slab":174,"minecraft:dispenser":38,"minecraft:tnt":322,"minecraft:purple_dye":232,"minecraft:yellow_dye":183,"minecraft:stick":3368,"minecraft:iron_ingot":8639,"minecraft:light_blue_shulker_box":2,"minecraft:black_bed":1,"minecraft:light_blue_stained_glass":8,"minecraft:cyan_carpet":6,"minecraft:beetroot_soup":3,"minecraft:blue_terracotta":376,"minecraft:oak_door":45,"minecraft:nether_brick_slab":198,"minecraft:fishing_rod":2,"minecraft:tripwire_hook":28,"minecraft:spruce_button":1,"minecraft:furnace":59,"minecraft:piston":206,"minecraft:polished_andesite_slab":918,"minecraft:oak_trapdoor":14,"minecraft:flint_and_steel":4,"minecraft:scaffolding":132,"minecraft:white_concrete_powder":16,"minecraft:cobblestone_wall":6,"minecraft:brown_shulker_box":2,"minecraft:magma_cream":35,"minecraft:purple_terracotta":1024,"minecraft:jungle_wood":39,"minecraft:iron_trapdoor":1204,"minecraft:purple_shulker_box":3,"minecraft:iron_sword":6,"minecraft:jungle_planks":668,"minecraft:white_dye":408,"minecraft:brown_concrete_powder":180,"minecraft:black_carpet":12,"minecraft:anvil":15,"minecraft:orange_bed":1,"minecraft:torch":2920,"minecraft:diamond_chestplate":3,"minecraft:ender_chest":15,"minecraft:jungle_button":9,"minecraft:smooth_stone":494,"minecraft:cut_sandstone":196,"minecraft:orange_carpet":72,"minecraft:orange_stained_glass":272,"minecraft:oak_pressure_plate":2,"minecraft:slime_block":32,"minecraft:loom":1,"minecraft:lever":41,"minecraft:bookshelf":4,"minecraft:iron_bars":416,"minecraft:red_concrete_powder":72,"minecraft:magenta_shulker_box":1,"minecraft:quartz_block":346,"minecraft:glass":4023,"minecraft:repeater":191,"minecraft:diamond_leggings":2,"minecraft:birch_door":12,"minecraft:chiseled_quartz_block":16,"minecraft:magenta_dye":125,"minecraft:cooked_rabbit":3,"minecraft:flower_pot":21,"minecraft:glass_bottle":174,"minecraft:wooden_shovel":17,"minecraft:emerald":936,"minecraft:cooked_porkchop":10,"minecraft:diamond_axe":3,"minecraft:knowledge_book":2,"minecraft:lime_shulker_box":1,"minecraft:compass":1,"minecraft:white_terracotta":8,"minecraft:iron_block":237,"minecraft:light_blue_bed":1,"minecraft:gold_ingot":1183,"minecraft:light_gray_dye":53,"minecraft:spruce_fence_gate":1,"minecraft:yellow_concrete_powder":56,"minecraft:stone_shovel":3,"minecraft:smooth_stone_slab":2977,"minecraft:leather_leggings":24,"minecraft:player_head":1,"minecraft:red_terracotta":128,"minecraft:bone_meal":14318,"minecraft:cyan_stained_glass":2560,"minecraft:pink_dye":87,"minecraft:andesite_wall":6,"minecraft:white_carpet":12,"minecraft:orange_wool":3,"minecraft:diamond":207,"minecraft:detector_rail":12,"minecraft:yellow_glazed_terracotta":8,"minecraft:ladder":288,"minecraft:spruce_slab":18,"minecraft:diamond_boots":4,"minecraft:redstone_block":422,"minecraft:jungle_fence":18,"minecraft:dark_oak_planks":688,"minecraft:coal_block":228,"minecraft:daylight_detector":2,"minecraft:dried_kelp":954,"minecraft:red_bed":2,"minecraft:sandstone_slab":350,"minecraft:gray_concrete_powder":8,"minecraft:polished_granite":16,"minecraft:jungle_slab":348,"minecraft:gray_shulker_box":2,"minecraft:cyan_shulker_box":3,"minecraft:wooden_axe":1,"minecraft:iron_leggings":3,"minecraft:white_bed":8,"minecraft:nether_brick_stairs":200,"minecraft:oak_planks":2916,"minecraft:pink_shulker_box":1,"minecraft:green_dye":347,"minecraft:hopper":160,"minecraft:iron_boots":3,"minecraft:written_book":1,"minecraft:chiseled_stone_bricks":12,"minecraft:stone_hoe":4,"minecraft:quartz_stairs":56,"minecraft:oak_slab":36,"minecraft:item_frame":8,"minecraft:map":1,"minecraft:crafting_table":17,"minecraft:spruce_planks":1008,"minecraft:wooden_pickaxe":2,"minecraft:baked_potato":451,"minecraft:gold_block":140,"minecraft:hopper_minecart":1,"minecraft:birch_planks":520,"minecraft:pumpkin_seeds":36,"minecraft:black_shulker_box":2,"minecraft:emerald_block":1,"minecraft:iron_chestplate":3,"minecraft:book":77,"minecraft:paper":7656,"minecraft:diamond_pickaxe":16,"minecraft:charcoal":69,"minecraft:shield":8,"minecraft:birch_fence":114,"minecraft:light_blue_dye":90,"minecraft:stone_sword":5,"minecraft:snow_block":362,"minecraft:green_shulker_box":2,"minecraft:redstone_torch":717,"minecraft:light_gray_carpet":8,"minecraft:sponge":35,"minecraft:shears":27,"minecraft:sandstone_stairs":384,"minecraft:polished_andesite":1332,"minecraft:wooden_sword":24,"minecraft:redstone":2538,"minecraft:coal":873,"minecraft:popped_chorus_fruit":76,"minecraft:stone_button":203,"minecraft:gray_dye":34,"minecraft:dark_oak_sign":27,"minecraft:end_stone_bricks":768,"minecraft:diamond_block":42,"minecraft:glass_pane":16,"minecraft:blue_ice":98,"minecraft:yellow_shulker_box":3,"minecraft:leather":1,"minecraft:green_concrete_powder":32,"minecraft:iron_axe":4,"minecraft:slime_ball":162,"minecraft:orange_concrete_powder":296,"minecraft:lime_dye":144,"minecraft:filled_map":4,"minecraft:chiseled_sandstone":28,"minecraft:observer":57,"minecraft:cooked_beef":973,"minecraft:sugar":1,"minecraft:red_dye":435,"minecraft:cooked_cod":6,"minecraft:bone_block":918,"minecraft:diamond_sword":7,"minecraft:cyan_dye":382,"minecraft:pink_concrete_powder":8,"minecraft:powered_rail":72,"minecraft:activator_rail":12,"minecraft:bowl":4,"minecraft:nether_bricks":442,"minecraft:bucket":75,"minecraft:stone_axe":1,"minecraft:air":0,"minecraft:bread":25,"minecraft:blue_dye":284,"minecraft:oak_boat":71,"minecraft:white_wool":49,"minecraft:gold_nugget":2827,"minecraft:brown_wool":16,"minecraft:nether_wart_block":35,"minecraft:pumpkin_pie":2,"minecraft:acacia_planks":116,"minecraft:purple_concrete_powder":448,"minecraft:lapis_block":399,"minecraft:lapis_lazuli":1692,"minecraft:clay":11,"minecraft:carrot_on_a_stick":1,"minecraft:firework_rocket":159},"minecraft:broken":{"minecraft:shears":11,"minecraft:fishing_rod":2,"minecraft:stone_hoe":2,"minecraft:shield":2,"minecraft:iron_pickaxe":11,"minecraft:wooden_hoe":1,"minecraft:iron_shovel":4,"minecraft:stone_pickaxe":3,"minecraft:iron_boots":1,"minecraft:iron_sword":3,"minecraft:bow":1,"minecraft:iron_axe":3,"minecraft:iron_helmet":2,"minecraft:wooden_axe":1},"minecraft:used":{"minecraft:jack_o_lantern":11,"minecraft:writable_book":28,"minecraft:dispenser":35,"minecraft:poppy":5,"minecraft:black_carpet":7,"minecraft:stone":7759,"minecraft:quartz_stairs":59,"minecraft:soul_sand":326,"minecraft:snowball":145,"minecraft:azure_bluet":1,"minecraft:spruce_boat":32,"minecraft:jungle_sapling":13,"minecraft:packed_ice":1401,"minecraft:lava_bucket":27,"minecraft:quartz_pillar":361,"minecraft:red_wool":89,"minecraft:quartz_block":35,"minecraft:bow":1159,"minecraft:oak_sapling":100,"minecraft:yellow_glazed_terracotta":16,"minecraft:cooked_cod":6,"minecraft:mossy_stone_bricks":2,"minecraft:damaged_anvil":1,"minecraft:chorus_fruit":1,"minecraft:prismarine":1,"minecraft:cactus":345,"minecraft:wooden_pickaxe":39,"minecraft:composter":5,"minecraft:clay":10,"minecraft:jungle_boat":26,"minecraft:golden_apple":1,"minecraft:purple_terracotta":785,"minecraft:chiseled_quartz_block":9,"minecraft:gray_concrete":8,"minecraft:purple_concrete_powder":448,"minecraft:birch_fence":88,"minecraft:oak_pressure_plate":3,"minecraft:coal_block":66,"minecraft:nether_wart_block":29,"minecraft:diamond_sword":6330,"minecraft:oak_boat":90,"minecraft:oak_trapdoor":15,"minecraft:dead_tube_coral_block":225,"minecraft:orange_concrete":374,"minecraft:carved_pumpkin":6,"minecraft:armor_stand":24,"minecraft:light_gray_carpet":5,"minecraft:torch":4997,"minecraft:orange_stained_glass":75,"minecraft:brewing_stand":4,"minecraft:nether_quartz_ore":1805,"minecraft:cod_bucket":2,"minecraft:oak_fence_gate":12,"minecraft:sea_lantern":43,"minecraft:chipped_anvil":10,"minecraft:iron_block":193,"minecraft:jungle_log":727,"minecraft:barrel":2,"minecraft:bamboo":22,"minecraft:lime_concrete":32,"minecraft:acacia_planks":14,"minecraft:wheat_seeds":2666,"minecraft:light_blue_shulker_box":7,"minecraft:tube_coral_block":195,"minecraft:birch_planks":1,"minecraft:blue_concrete_powder":32,"minecraft:spruce_fence_gate":1,"minecraft:rail":407,"minecraft:red_bed":7,"minecraft:white_bed":40,"minecraft:spruce_log":11,"minecraft:diamond_pickaxe":101603,"minecraft:diamond_shovel":35573,"minecraft:oak_button":27,"minecraft:spruce_sapling":14,"minecraft:potion":39,"minecraft:cooked_porkchop":34,"minecraft:porkchop":4,"minecraft:green_stained_glass":1468,"minecraft:light_blue_banner":1,"minecraft:blue_terracotta":413,"minecraft:bone_block":377,"minecraft:nether_wart":3719,"minecraft:grass":4,"minecraft:jungle_planks":85,"minecraft:obsidian":233,"minecraft:light_blue_bed":8,"minecraft:item_frame":14,"minecraft:birch_trapdoor":29,"minecraft:written_book":120,"minecraft:jungle_button":11,"minecraft:blue_shulker_box":6,"minecraft:gold_block":56,"minecraft:pink_concrete_powder":4,"minecraft:dark_oak_sapling":7,"minecraft:end_rod":150,"minecraft:dropper":54,"minecraft:stone_pickaxe":551,"minecraft:jungle_fence":24,"minecraft:oak_planks":69,"minecraft:sandstone":4838,"minecraft:sugar_cane":556,"minecraft:diamond_axe":4742,"minecraft:white_wool":215,"minecraft:crossbow":2,"minecraft:end_stone":97,"minecraft:sticky_piston":187,"minecraft:lever":125,"minecraft:daylight_detector":5,"minecraft:dark_oak_log":8,"minecraft:bread":45,"minecraft:brown_wool":82,"minecraft:iron_door":29,"minecraft:pufferfish_bucket":1,"minecraft:cooked_rabbit":3,"minecraft:smooth_stone_slab":1868,"minecraft:coarse_dirt":11,"minecraft:bone_meal":998,"minecraft:orange_concrete_powder":296,"minecraft:rose_bush":10,"minecraft:white_tulip":9,"minecraft:flint_and_steel":59,"minecraft:redstone":1984,"minecraft:dried_kelp":45,"minecraft:ender_chest":176,"minecraft:brown_shulker_box":7,"minecraft:stone_hoe":368,"minecraft:cooked_chicken":299,"minecraft:dirt":9956,"minecraft:prismarine_bricks":108,"minecraft:brown_terracotta":1,"minecraft:wooden_axe":60,"minecraft:black_stained_glass":2,"minecraft:minecart":24,"minecraft:cooked_beef":1182,"minecraft:pumpkin":57,"minecraft:beetroot_soup":3,"minecraft:cobblestone_stairs":1,"minecraft:snow_block":51,"minecraft:baked_potato":287,"minecraft:red_nether_bricks":32,"minecraft:birch_boat":15,"minecraft:brown_mushroom":4,"minecraft:cut_sandstone":288,"minecraft:spruce_sign":1,"minecraft:cyan_stained_glass":2617,"minecraft:piston":117,"minecraft:wooden_hoe":87,"minecraft:flower_pot":1,"minecraft:lapis_ore":217,"minecraft:jungle_stairs":1,"minecraft:detector_rail":26,"minecraft:stone_slab":64,"minecraft:stone_axe":83,"minecraft:end_crystal":4,"minecraft:lapis_block":2,"minecraft:pink_shulker_box":3,"minecraft:birch_stairs":1,"minecraft:peony":4,"minecraft:beetroot":2,"minecraft:nether_brick_fence":181,"minecraft:spruce_slab":19,"minecraft:ladder":346,"minecraft:chest":273,"minecraft:brown_concrete":60,"minecraft:white_shulker_box":191,"minecraft:blue_stained_glass":16,"minecraft:jungle_slab":343,"minecraft:allium":5,"minecraft:acacia_sapling":1,"minecraft:grass_block":1843,"minecraft:birch_sapling":23,"minecraft:polished_andesite_stairs":4,"minecraft:orange_shulker_box":11,"minecraft:wet_sponge":2,"minecraft:stone_brick_stairs":403,"minecraft:snow":39,"minecraft:dark_oak_boat":9,"minecraft:furnace":140,"minecraft:egg":560,"minecraft:potato":466,"minecraft:brown_concrete_powder":299,"minecraft:magenta_shulker_box":3,"minecraft:diorite":114,"minecraft:end_stone_bricks":1109,"minecraft:powered_rail":89,"minecraft:orange_tulip":5,"minecraft:lime_concrete_powder":33,"minecraft:jungle_pressure_plate":10,"minecraft:purpur_pillar":28,"minecraft:oak_leaves":1026,"minecraft:purpur_stairs":1,"minecraft:sand":5663,"minecraft:blue_ice":306,"minecraft:black_concrete_powder":3022,"minecraft:pumpkin_seeds":2,"minecraft:chiseled_sandstone":37,"minecraft:cyan_carpet":6,"minecraft:stone_button":223,"minecraft:red_terracotta":788,"minecraft:polished_granite":16,"minecraft:diamond_ore":139,"minecraft:lilac":4,"minecraft:polished_andesite_slab":1112,"minecraft:wooden_sword":2,"minecraft:green_concrete_powder":1,"minecraft:white_stained_glass":23,"minecraft:ice":148,"minecraft:gray_stained_glass":2,"minecraft:iron_bars":786,"minecraft:stone_sword":148,"minecraft:acacia_log":8,"minecraft:red_concrete":38,"minecraft:mycelium":3,"minecraft:netherrack":4962,"minecraft:orange_bed":2,"minecraft:light_gray_shulker_box":5,"minecraft:anvil":27,"minecraft:stone_stairs":6,"minecraft:nether_brick_slab":237,"minecraft:blue_concrete":30,"minecraft:nether_brick_stairs":236,"minecraft:red_shulker_box":159,"minecraft:cyan_shulker_box":29,"minecraft:iron_axe":1045,"minecraft:spruce_button":1,"minecraft:slime_block":53,"minecraft:tripwire_hook":26,"minecraft:purple_concrete":563,"minecraft:glowstone":79,"minecraft:gray_glazed_terracotta":1,"minecraft:iron_trapdoor":938,"minecraft:observer":125,"minecraft:orange_terracotta":4,"minecraft:water_bucket":1835,"minecraft:light_blue_glazed_terracotta":2,"minecraft:sandstone_stairs":451,"minecraft:prismarine_brick_slab":153,"minecraft:yellow_shulker_box":203,"minecraft:lime_wool":11,"minecraft:cracked_stone_bricks":2,"minecraft:pink_concrete":3,"minecraft:vine":15,"minecraft:orange_carpet":106,"minecraft:mossy_cobblestone":5,"minecraft:comparator":116,"minecraft:tnt":154,"minecraft:crafting_table":199,"minecraft:oak_slab":19,"minecraft:cod":1,"minecraft:lime_shulker_box":12,"minecraft:cake":9,"minecraft:oak_log":12,"minecraft:oxeye_daisy":10,"minecraft:stripped_jungle_log":6,"minecraft:iron_pickaxe":3201,"minecraft:purpur_slab":2,"minecraft:chiseled_stone_bricks":8,"minecraft:cobblestone":1083,"minecraft:red_concrete_powder":40,"minecraft:sandstone_slab":420,"minecraft:glass_pane":29,"minecraft:kelp":71,"minecraft:iron_shovel":2407,"minecraft:carrot_on_a_stick":254,"minecraft:oak_sign":187,"minecraft:white_concrete_powder":6,"minecraft:white_terracotta":32,"minecraft:iron_sword":912,"minecraft:purple_shulker_box":26,"minecraft:player_head":8,"minecraft:birch_pressure_plate":1,"minecraft:nether_bricks":159,"minecraft:carrot":74,"minecraft:cyan_wool":189,"minecraft:milk_bucket":9,"minecraft:glass":1513,"minecraft:coal_ore":622,"minecraft:quartz_slab":94,"minecraft:gray_concrete_powder":11,"minecraft:hopper_minecart":1,"minecraft:stone_bricks":2972,"minecraft:repeater":332,"minecraft:redstone_lamp":17,"minecraft:magma_block":69,"minecraft:scaffolding":232,"minecraft:beetroot_seeds":25,"minecraft:dark_oak_sign":70,"minecraft:ender_pearl":288,"minecraft:redstone_block":29,"minecraft:yellow_terracotta":167,"minecraft:loom":1,"minecraft:light_gray_terracotta":1,"minecraft:sponge":35,"minecraft:note_block":10,"minecraft:black_bed":13,"minecraft:shears":3385,"minecraft:redstone_torch":236,"minecraft:green_concrete":1,"minecraft:black_concrete":1511,"minecraft:firework_rocket":36,"minecraft:gray_shulker_box":6,"minecraft:string":73,"minecraft:cyan_bed":6,"minecraft:gravel":903,"minecraft:andesite":214,"minecraft:chest_minecart":6,"minecraft:tropical_fish_bucket":14,"minecraft:white_concrete":69,"minecraft:cobweb":33,"minecraft:oak_fence":121,"minecraft:purpur_block":42,"minecraft:trident":18,"minecraft:jungle_leaves":294,"minecraft:redstone_ore":572,"minecraft:stone_shovel":131,"minecraft:light_blue_terracotta":2,"minecraft:spruce_planks":6,"minecraft:wooden_shovel":33,"minecraft:oak_door":8,"minecraft:white_carpet":1,"minecraft:hopper":357,"minecraft:shulker_box":458,"minecraft:salmon_bucket":3,"minecraft:granite":76,"minecraft:light_blue_stained_glass":16,"minecraft:andesite_wall":2,"minecraft:birch_door":12,"minecraft:stone_brick_slab":268,"minecraft:bookshelf":4,"minecraft:red_tulip":12,"minecraft:acacia_slab":10,"minecraft:golden_carrot":264,"minecraft:stone_pressure_plate":16,"minecraft:cooked_mutton":19,"minecraft:acacia_boat":1,"minecraft:pink_tulip":1,"minecraft:iron_ore":8,"minecraft:polished_andesite":1024,"minecraft:glass_bottle":170,"minecraft:blue_wool":10,"minecraft:black_shulker_box":8,"minecraft:magenta_stained_glass":320,"minecraft:beacon":1,"minecraft:cobblestone_slab":76,"minecraft:jungle_wood":6,"minecraft:terracotta":36,"minecraft:purple_stained_glass":112,"minecraft:apple":5,"minecraft:fishing_rod":77,"minecraft:green_shulker_box":52,"minecraft:white_banner":4,"minecraft:bucket":1914,"minecraft:splash_potion":6,"minecraft:smooth_stone":386},"minecraft:killed":{"minecraft:cod":10,"minecraft:guardian":123,"minecraft:elder_guardian":1,"minecraft:ender_dragon":1,"minecraft:pillager":8,"minecraft:zombie":554,"minecraft:zombie_pigman":10,"minecraft:vindicator":1,"minecraft:endermite":3,"minecraft:snow_golem":7,"minecraft:husk":70,"minecraft:rabbit":3,"minecraft:witch":4,"minecraft:spider":226,"minecraft:wither":1,"minecraft:silverfish":6,"minecraft:zombie_villager":8,"minecraft:sheep":17,"minecraft:trader_llama":4,"minecraft:ghast":54,"minecraft:slime":193,"minecraft:drowned":58,"minecraft:squid":39,"minecraft:wither_skeleton":26,"minecraft:cave_spider":365,"minecraft:shulker":193,"minecraft:pufferfish":2,"minecraft:skeleton":678,"minecraft:chicken":117,"minecraft:magma_cube":106,"minecraft:cow":379,"minecraft:wandering_trader":2,"minecraft:enderman":95,"minecraft:pig":13,"minecraft:creeper":217,"minecraft:blaze":122,"minecraft:phantom":54,"minecraft:bat":5},"minecraft:killed_by":{"minecraft:zombie":2,"minecraft:skeleton":2,"minecraft:slime":1,"minecraft:guardian":6,"minecraft:creeper":6,"minecraft:player":2,"minecraft:enderman":1},"minecraft:dropped":{"minecraft:iron_sword":4,"minecraft:lapis_lazuli":481,"minecraft:chorus_fruit":374,"minecraft:glass_bottle":27,"minecraft:diamond":153,"minecraft:crafting_table":1,"minecraft:cooked_porkchop":10,"minecraft:gold_block":88,"minecraft:emerald":34,"minecraft:gray_concrete":2,"minecraft:red_bed":1,"minecraft:writable_book":1,"minecraft:gold_nugget":4998,"minecraft:sand":2128,"minecraft:purple_wool":1,"minecraft:dark_oak_planks":2,"minecraft:fishing_rod":1,"minecraft:white_wool":198,"minecraft:diamond_block":1,"minecraft:lever":31,"minecraft:iron_nugget":9,"minecraft:cooked_chicken":95,"minecraft:black_carpet":5,"minecraft:wheat":46,"minecraft:obsidian":2,"minecraft:rotten_flesh":1001,"minecraft:oak_planks":91,"minecraft:glowstone_dust":3,"minecraft:azure_bluet":6,"minecraft:nether_brick_fence":30,"minecraft:sea_lantern":130,"minecraft:coal_ore":5,"minecraft:jungle_log":35,"minecraft:leather_boots":19,"minecraft:acacia_sapling":7,"minecraft:leather_leggings":21,"minecraft:glass":226,"minecraft:beef":124,"minecraft:brown_concrete":41,"minecraft:golden_boots":32,"minecraft:orange_shulker_box":1,"minecraft:wheat_seeds":689,"minecraft:clock":1,"minecraft:book":23,"minecraft:coal_block":29,"minecraft:lava_bucket":5,"minecraft:cobweb":5,"minecraft:gray_wool":2,"minecraft:ink_sac":1,"minecraft:cooked_salmon":23,"minecraft:potion":40,"minecraft:pumpkin":1,"minecraft:white_banner":5,"minecraft:red_dye":69,"minecraft:smooth_stone":149,"minecraft:chainmail_leggings":3,"minecraft:acacia_planks":3,"minecraft:stone_brick_slab":178,"minecraft:snow_block":29,"minecraft:light_blue_glazed_terracotta":2,"minecraft:player_head":13,"minecraft:cocoa_beans":29,"minecraft:sticky_piston":94,"minecraft:stone_shovel":2,"minecraft:iron_boots":2,"minecraft:name_tag":1,"minecraft:white_shulker_box":1,"minecraft:oak_sign":29,"minecraft:shears":8,"minecraft:diamond_sword":6,"minecraft:cyan_wool":125,"minecraft:spruce_boat":74,"minecraft:spruce_planks":18,"minecraft:diamond_pickaxe":14,"minecraft:popped_chorus_fruit":24,"minecraft:redstone_torch":93,"minecraft:stone_bricks":426,"minecraft:bamboo":130,"minecraft:sandstone":1967,"minecraft:bow":254,"minecraft:magma_block":2,"minecraft:soul_sand":210,"minecraft:orange_dye":4,"minecraft:oak_log":76,"minecraft:ender_pearl":61,"minecraft:nether_star":5,"minecraft:dark_oak_sapling":1,"minecraft:lime_terracotta":4,"minecraft:prismarine_brick_stairs":16,"minecraft:jungle_planks":45,"minecraft:red_wool":160,"minecraft:carrot_on_a_stick":5,"minecraft:cod":7,"minecraft:redstone_lamp":2,"minecraft:dark_oak_log":8,"minecraft:packed_ice":1114,"minecraft:ice":11,"minecraft:mutton":2,"minecraft:snowball":2,"minecraft:prismarine_brick_slab":288,"minecraft:gold_ingot":96,"minecraft:magenta_stained_glass":308,"minecraft:purpur_block":66,"minecraft:leather_chestplate":23,"minecraft:dropper":5,"minecraft:beetroot_seeds":110,"minecraft:birch_door":8,"minecraft:iron_ore":19,"minecraft:iron_bars":118,"minecraft:scaffolding":6,"minecraft:white_concrete_powder":6,"minecraft:polished_granite":20,"minecraft:splash_potion":46,"minecraft:bread":20,"minecraft:vine":7,"minecraft:golden_helmet":19,"minecraft:lilac":2,"minecraft:andesite_wall":6,"minecraft:jungle_wood":20,"minecraft:acacia_log":23,"minecraft:iron_block":566,"minecraft:milk_bucket":1,"minecraft:green_dye":5,"minecraft:repeater":17,"minecraft:light_gray_shulker_box":1,"minecraft:yellow_shulker_box":1,"minecraft:iron_door":1,"minecraft:jungle_leaves":545,"minecraft:cactus":130,"minecraft:redstone_block":24,"minecraft:chiseled_sandstone":7,"minecraft:blue_terracotta":85,"minecraft:kelp":763,"minecraft:comparator":32,"minecraft:totem_of_undying":1,"minecraft:shulker_box":28,"minecraft:flint_and_steel":18,"minecraft:andesite":1184,"minecraft:golden_leggings":17,"minecraft:oak_sapling":27,"minecraft:wooden_pickaxe":2,"minecraft:magma_cream":6,"minecraft:clay":7,"minecraft:piston":24,"minecraft:oak_pressure_plate":4,"minecraft:cooked_beef":65,"minecraft:sandstone_stairs":7,"minecraft:crossbow":1,"minecraft:orange_tulip":23,"minecraft:cookie":22,"minecraft:saddle":3,"minecraft:purpur_stairs":5,"minecraft:elytra":2,"minecraft:rail":64,"minecraft:leather_helmet":19,"minecraft:item_frame":1,"minecraft:dirt":2717,"minecraft:stone_button":5,"minecraft:yellow_dye":1,"minecraft:jack_o_lantern":2,"minecraft:jungle_sapling":1,"minecraft:wooden_sword":41,"minecraft:bone_block":48,"minecraft:bone_meal":69,"minecraft:phantom_membrane":7,"minecraft:sugar":56,"minecraft:iron_pickaxe":7,"minecraft:dark_oak_boat":4,"minecraft:bone":888,"minecraft:oak_door":26,"minecraft:sugar_cane":4938,"minecraft:polished_andesite_slab":148,"minecraft:music_disc_chirp":1,"minecraft:golden_chestplate":23,"minecraft:nether_brick":3,"minecraft:pink_dye":1,"minecraft:birch_sapling":6,"minecraft:blue_wool":118,"minecraft:end_stone":106,"minecraft:blaze_powder":104,"minecraft:white_bed":1,"minecraft:orange_stained_glass":48,"minecraft:tipped_arrow":2,"minecraft:hopper":18,"minecraft:ladder":8,"minecraft:spruce_slab":3,"minecraft:end_stone_bricks":451,"minecraft:ghast_tear":3,"minecraft:egg":300,"minecraft:enchanted_book":12,"minecraft:iron_ingot":253,"minecraft:tnt":26,"minecraft:golden_horse_armor":1,"minecraft:yellow_terracotta":62,"minecraft:oak_fence":52,"minecraft:purpur_slab":14,"minecraft:iron_helmet":3,"minecraft:feather":424,"minecraft:cobblestone":2566,"minecraft:purple_concrete":2,"minecraft:apple":1,"minecraft:granite":744,"minecraft:chainmail_helmet":3,"minecraft:coal":14,"minecraft:pufferfish":1,"minecraft:polished_andesite":50,"minecraft:end_rod":229,"minecraft:oxeye_daisy":3,"minecraft:jungle_slab":8,"minecraft:iron_trapdoor":176,"minecraft:golden_carrot":1,"minecraft:wooden_hoe":2,"minecraft:rose_bush":9,"minecraft:rabbit":1,"minecraft:yellow_glazed_terracotta":8,"minecraft:diamond_helmet":8,"minecraft:heart_of_the_sea":1,"minecraft:paper":438,"minecraft:iron_shovel":20,"minecraft:string":152,"minecraft:spruce_sapling":1,"minecraft:pink_tulip":18,"minecraft:purpur_pillar":18,"minecraft:furnace":17,"minecraft:redstone_ore":14,"minecraft:stone_sword":1,"minecraft:cobblestone_wall":10,"minecraft:dark_oak_sign":9,"minecraft:smooth_stone_slab":758,"minecraft:bowl":1,"minecraft:chicken":33,"minecraft:blue_concrete":8,"minecraft:slime_block":7,"minecraft:stone_slab":90,"minecraft:diamond_ore":6,"minecraft:nether_bricks":64,"minecraft:pumpkin_seeds":246,"minecraft:purple_stained_glass":168,"minecraft:light_blue_dye":1,"minecraft:potato":32,"minecraft:cobblestone_slab":19,"minecraft:stone":13091,"minecraft:allium":2,"minecraft:wooden_shovel":1,"minecraft:carved_pumpkin":46,"minecraft:spider_eye":53,"minecraft:light_gray_dye":1,"minecraft:birch_boat":1,"minecraft:magenta_dye":1,"minecraft:red_tulip":8,"minecraft:black_wool":24,"minecraft:brown_mushroom":3,"minecraft:birch_planks":12,"minecraft:diamond_axe":2,"minecraft:sandstone_slab":114,"minecraft:flint":31,"minecraft:orange_carpet":24,"minecraft:dispenser":10,"minecraft:cornflower":1,"minecraft:cooked_cod":55,"minecraft:cut_sandstone":29,"minecraft:birch_log":46,"minecraft:armor_stand":17,"minecraft:gravel":977,"minecraft:white_tulip":14,"minecraft:lime_wool":103,"minecraft:diamond_shovel":3,"minecraft:prismarine":2,"minecraft:stone_stairs":7,"minecraft:carrot":590,"minecraft:chainmail_chestplate":1,"minecraft:chiseled_stone_bricks":3,"minecraft:poppy":3457,"minecraft:shulker_shell":10,"minecraft:oak_fence_gate":3,"minecraft:gunpowder":477,"minecraft:birch_trapdoor":2,"minecraft:melon_seeds":38,"minecraft:glowstone":27,"minecraft:chainmail_boots":6,"minecraft:chest":34,"minecraft:arrow":330,"minecraft:prismarine_bricks":512,"minecraft:quartz":1837,"minecraft:written_book":49,"minecraft:oak_leaves":292,"minecraft:netherrack":6193,"minecraft:firework_rocket":193,"minecraft:water_bucket":18,"minecraft:oak_slab":1,"minecraft:chorus_flower":3,"minecraft:mossy_cobblestone":1,"minecraft:minecart":12,"minecraft:diamond_leggings":9,"minecraft:poisonous_potato":6,"minecraft:lead":2,"minecraft:observer":7,"minecraft:stick":133,"minecraft:grass_block":549,"minecraft:diorite":1272,"minecraft:torch":148,"minecraft:brown_wool":6,"minecraft:iron_leggings":2,"minecraft:bucket":13,"minecraft:dandelion":15,"minecraft:redstone":247,"minecraft:ender_chest":10,"minecraft:coarse_dirt":1,"minecraft:nether_wart":1138,"minecraft:blaze_rod":37,"minecraft:composter":1,"minecraft:ender_eye":4,"minecraft:glass_pane":3,"minecraft:filled_map":15,"minecraft:snow":13,"minecraft:shield":1,"minecraft:black_concrete_powder":112,"minecraft:diamond_chestplate":3,"minecraft:iron_chestplate":7,"minecraft:blue_ice":1,"minecraft:oak_boat":179,"minecraft:golden_sword":57,"minecraft:diamond_boots":7,"minecraft:slime_ball":31,"minecraft:purple_shulker_box":1,"minecraft:stone_pickaxe":2,"minecraft:nether_quartz_ore":144},"minecraft:mined":{"minecraft:red_shulker_box":158,"minecraft:white_bed":32,"minecraft:cyan_shulker_box":26,"minecraft:granite":1725,"minecraft:acacia_log":54,"minecraft:brown_wool":1,"minecraft:oak_pressure_plate":2,"minecraft:blue_wool":1,"minecraft:green_concrete":1,"minecraft:oak_wall_sign":55,"minecraft:nether_wart":1975,"minecraft:spawner":2,"minecraft:chorus_flower":3,"minecraft:magma_block":258,"minecraft:barrel":1,"minecraft:nether_brick_stairs":45,"minecraft:pink_tulip":34,"minecraft:white_shulker_box":188,"minecraft:player_head":3,"minecraft:tripwire":9,"minecraft:jungle_button":2,"minecraft:sandstone_slab":116,"minecraft:cut_sandstone":180,"minecraft:kelp_plant":173,"minecraft:torch":741,"minecraft:note_block":5,"minecraft:dead_bush":3,"minecraft:nether_brick_slab":40,"minecraft:spruce_wall_sign":1,"minecraft:lime_shulker_box":11,"minecraft:sugar_cane":706,"minecraft:white_terracotta":1,"minecraft:repeater":111,"minecraft:yellow_glazed_terracotta":12,"minecraft:grass":1748,"minecraft:dark_oak_sapling":3,"minecraft:attached_pumpkin_stem":1,"minecraft:dark_prismarine":7,"minecraft:brown_concrete":80,"minecraft:mossy_cobblestone":96,"minecraft:dark_oak_log":219,"minecraft:cyan_stained_glass":447,"minecraft:sea_lantern":16,"minecraft:end_stone":1158,"minecraft:birch_fence_gate":9,"minecraft:dark_oak_fence":10,"minecraft:spruce_fence":1,"minecraft:redstone_wire":760,"minecraft:redstone_ore":1285,"minecraft:pink_concrete":3,"minecraft:andesite":3814,"minecraft:cobblestone_slab":29,"minecraft:vine":180,"minecraft:rail":403,"minecraft:bone_block":195,"minecraft:ender_chest":181,"minecraft:oak_slab":22,"minecraft:birch_stairs":1,"minecraft:redstone_block":33,"minecraft:glass_pane":32,"minecraft:soul_sand":782,"minecraft:dandelion":183,"minecraft:cornflower":13,"minecraft:purpur_pillar":142,"minecraft:diorite":2096,"minecraft:orange_carpet":41,"minecraft:black_stained_glass":2,"minecraft:red_terracotta":378,"minecraft:coarse_dirt":12,"minecraft:light_blue_bed":7,"minecraft:cobblestone_wall":1,"minecraft:dark_oak_wall_sign":14,"minecraft:purple_concrete":577,"minecraft:gravel":3731,"minecraft:cobweb":312,"minecraft:brown_terracotta":181,"minecraft:oak_button":10,"minecraft:stone_bricks":1580,"minecraft:chipped_anvil":10,"minecraft:gold_ore":455,"minecraft:iron_trapdoor":10,"minecraft:fern":19,"minecraft:stone_pressure_plate":14,"minecraft:oak_sapling":6,"minecraft:farmland":60,"minecraft:orange_stained_glass":21,"minecraft:brewing_stand":6,"minecraft:spruce_trapdoor":11,"minecraft:white_concrete":27,"minecraft:composter":5,"minecraft:frosted_ice":10,"minecraft:green_stained_glass":281,"minecraft:red_tulip":29,"minecraft:iron_bars":163,"minecraft:spruce_slab":6,"minecraft:brown_shulker_box":4,"minecraft:quartz_block":19,"minecraft:orange_terracotta":725,"minecraft:purpur_stairs":15,"minecraft:light_gray_terracotta":336,"minecraft:beacon":1,"minecraft:nether_quartz_ore":4958,"minecraft:oak_planks":700,"minecraft:light_blue_banner":1,"minecraft:wall_torch":295,"minecraft:stone_stairs":1,"minecraft:light_blue_terracotta":2,"minecraft:blue_terracotta":44,"minecraft:powered_rail":21,"minecraft:blue_ice":302,"minecraft:tnt":9,"minecraft:smooth_stone_slab":482,"minecraft:oak_log":828,"minecraft:beetroots":25,"minecraft:lime_terracotta":5,"minecraft:dirt":11894,"minecraft:dispenser":16,"minecraft:daylight_detector":4,"minecraft:quartz_stairs":8,"minecraft:dark_oak_leaves":85,"minecraft:gray_glazed_terracotta":1,"minecraft:lever":77,"minecraft:ladder":155,"minecraft:purple_terracotta":86,"minecraft:stone_button":25,"minecraft:spruce_leaves":246,"minecraft:acacia_slab":1,"minecraft:light_gray_shulker_box":4,"minecraft:detector_rail":13,"minecraft:gold_block":15,"minecraft:nether_brick_fence":47,"minecraft:bookshelf":18,"minecraft:stripped_oak_log":1,"minecraft:wet_sponge":38,"minecraft:acacia_leaves":98,"minecraft:scaffolding":58,"minecraft:magenta_stained_glass":137,"minecraft:snow_block":86,"minecraft:polished_granite":10,"minecraft:oak_fence":110,"minecraft:stone_slab":44,"minecraft:red_concrete":43,"minecraft:prismarine_bricks":113,"minecraft:birch_planks":1,"minecraft:ice":573,"minecraft:white_wall_banner":1,"minecraft:grass_path":99,"minecraft:black_wool":5,"minecraft:cocoa":11,"minecraft:flower_pot":1,"minecraft:purple_shulker_box":25,"minecraft:cracked_stone_bricks":3,"minecraft:mossy_stone_bricks":2,"minecraft:dark_oak_planks":44,"minecraft:jungle_leaves":1108,"minecraft:carved_pumpkin":64,"minecraft:obsidian":260,"minecraft:jungle_log":1062,"minecraft:coal_block":45,"minecraft:purpur_slab":19,"minecraft:tube_coral_block":93,"minecraft:hopper":233,"minecraft:oxeye_daisy":34,"minecraft:chiseled_stone_bricks":22,"minecraft:light_blue_stained_glass":16,"minecraft:orange_concrete":385,"minecraft:sticky_piston":182,"minecraft:pumpkin":18,"minecraft:oak_sign":29,"minecraft:quartz_slab":23,"minecraft:iron_block":313,"minecraft:piston_head":5,"minecraft:brown_mushroom":2,"minecraft:red_bed":4,"minecraft:player_wall_head":1,"minecraft:blue_stained_glass":16,"minecraft:polished_andesite_stairs":2,"minecraft:green_concrete_powder":1,"minecraft:glass":796,"minecraft:cyan_bed":5,"minecraft:damaged_anvil":1,"minecraft:cyan_wool":72,"minecraft:black_concrete_powder":73,"minecraft:wheat":1886,"minecraft:lilac":1,"minecraft:lime_concrete":32,"minecraft:stone_brick_stairs":90,"minecraft:oak_fence_gate":6,"minecraft:loom":1,"minecraft:blue_shulker_box":4,"minecraft:piston":38,"minecraft:yellow_terracotta":77,"minecraft:pink_shulker_box":2,"minecraft:jack_o_lantern":6,"minecraft:shulker_box":446,"minecraft:nether_bricks":354,"minecraft:allium":53,"minecraft:jungle_planks":77,"minecraft:orange_shulker_box":9,"minecraft:lime_wool":2,"minecraft:kelp":13,"minecraft:snow":1257,"minecraft:potatoes":418,"minecraft:bamboo_sapling":2,"minecraft:bamboo":20,"minecraft:white_wool":43,"minecraft:light_gray_carpet":1,"minecraft:gray_concrete":9,"minecraft:comparator":43,"minecraft:pink_concrete_powder":1,"minecraft:stone_brick_slab":188,"minecraft:observer":95,"minecraft:smooth_sandstone":2,"minecraft:spruce_button":1,"minecraft:dropper":37,"minecraft:purple_stained_glass":26,"minecraft:prismarine_brick_slab":33,"minecraft:spruce_log":217,"minecraft:birch_leaves":328,"minecraft:jungle_fence":15,"minecraft:quartz_pillar":94,"minecraft:mycelium":3,"minecraft:acacia_planks":14,"minecraft:black_shulker_box":6,"minecraft:spruce_planks":118,"minecraft:jungle_slab":183,"minecraft:cobblestone_stairs":1,"minecraft:grass_block":4555,"minecraft:dead_tube_coral_block":144,"minecraft:blue_concrete":36,"minecraft:sandstone_stairs":150,"minecraft:smooth_stone":70,"minecraft:glowstone":122,"minecraft:iron_ore":1715,"minecraft:anvil":13,"minecraft:azure_bluet":30,"minecraft:dark_oak_stairs":12,"minecraft:jungle_pressure_plate":6,"minecraft:end_stone_bricks":1039,"minecraft:chiseled_quartz_block":3,"minecraft:clay":58,"minecraft:poppy":119,"minecraft:chest":246,"minecraft:cobblestone":627,"minecraft:slime_block":41,"minecraft:prismarine":29,"minecraft:magenta_shulker_box":2,"minecraft:seagrass":37,"minecraft:brown_concrete_powder":145,"minecraft:nether_wart_block":1,"minecraft:birch_log":206,"minecraft:lapis_block":2,"minecraft:birch_trapdoor":24,"minecraft:orange_tulip":54,"minecraft:purpur_block":161,"minecraft:sand":16565,"minecraft:netherrack":22429,"minecraft:oak_leaves":3390,"minecraft:redstone_lamp":7,"minecraft:diamond_ore":323,"minecraft:gray_shulker_box":5,"minecraft:light_blue_glazed_terracotta":3,"minecraft:white_stained_glass":23,"minecraft:polished_andesite_slab":333,"minecraft:sandstone":6099,"minecraft:oak_trapdoor":12,"minecraft:spruce_sapling":1,"minecraft:furnace":118,"minecraft:carrots":26,"minecraft:chiseled_sandstone":31,"minecraft:black_concrete":1613,"minecraft:stripped_jungle_log":6,"minecraft:packed_ice":1469,"minecraft:chorus_plant":58,"minecraft:stone":35773,"minecraft:white_tulip":62,"minecraft:yellow_shulker_box":201,"minecraft:redstone_wall_torch":53,"minecraft:light_blue_shulker_box":4,"minecraft:red_wool":78,"minecraft:infested_stone_bricks":1,"minecraft:crafting_table":190,"minecraft:andesite_wall":2,"minecraft:lapis_ore":420,"minecraft:spruce_stairs":96,"minecraft:cactus":231,"minecraft:gray_concrete_powder":3,"minecraft:green_shulker_box":51,"minecraft:redstone_torch":25,"minecraft:coal_ore":2411,"minecraft:end_rod":42,"minecraft:terracotta":52,"minecraft:polished_andesite":856,"minecraft:birch_fence":5}},"DataVersion":1976}