{"stats":{"minecraft:mined":{"minecraft:blue_carpet":41,"minecraft:red_shulker_box":727,"minecraft:white_bed":30,"minecraft:fire_coral_wall_fan":30,"minecraft:cyan_shulker_box":12,"minecraft:red_nether_bricks":1,"minecraft:light_blue_carpet":5,"minecraft:granite":8083,"minecraft:acacia_log":188,"minecraft:light_gray_bed":5,"minecraft:oak_pressure_plate":7,"minecraft:blue_wool":50,"minecraft:green_concrete":10,"minecraft:oak_wall_sign":92,"minecraft:nether_wart":4,"minecraft:chorus_flower":4,"minecraft:magma_block":476,"minecraft:dark_oak_trapdoor":160,"minecraft:mossy_cobblestone_stairs":1,"minecraft:barrel":8,"minecraft:nether_brick_stairs":8,"minecraft:potted_dandelion":2,"minecraft:light_gray_concrete":3393,"minecraft:green_carpet":9,"minecraft:spruce_wood":10,"minecraft:pink_tulip":6,"minecraft:white_shulker_box":180,"minecraft:white_banner":4,"minecraft:player_head":41,"minecraft:tripwire":63,"minecraft:jungle_trapdoor":21,"minecraft:jungle_button":1,"minecraft:sandstone_slab":580,"minecraft:cut_sandstone":31,"minecraft:magenta_carpet":1,"minecraft:kelp_plant":487,"minecraft:torch":1089,"minecraft:note_block":107,"minecraft:melon":11,"minecraft:white_stained_glass_pane":645,"minecraft:dead_bush":122,"minecraft:nether_brick_slab":1,"minecraft:spruce_wall_sign":2,"minecraft:smooth_quartz_slab":41,"minecraft:tube_coral_fan":5,"minecraft:lime_shulker_box":3,"minecraft:sugar_cane":926,"minecraft:bricks":1,"minecraft:birch_sapling":4,"minecraft:white_terracotta":377,"minecraft:repeater":568,"minecraft:wither_rose":188,"minecraft:infested_mossy_stone_bricks":2,"minecraft:grass":2585,"minecraft:birch_button":7,"minecraft:smooth_quartz":42,"minecraft:dark_prismarine":296,"minecraft:light_blue_wool":22,"minecraft:mossy_cobblestone":249,"minecraft:orange_concrete_powder":1,"minecraft:dark_oak_log":93,"minecraft:sea_lantern":505,"minecraft:end_stone":178,"minecraft:birch_fence_gate":9,"minecraft:dark_oak_fence":77,"minecraft:spruce_fence":61,"minecraft:acacia_button":3,"minecraft:redstone_wire":1029,"minecraft:red_mushroom":27,"minecraft:white_concrete_powder":313,"minecraft:horn_coral":2,"minecraft:redstone_ore":1503,"minecraft:acacia_trapdoor":40,"minecraft:light_blue_concrete_powder":19,"minecraft:andesite":9844,"minecraft:green_terracotta":78,"minecraft:cyan_concrete":1,"minecraft:cobblestone_slab":135,"minecraft:vine":475,"minecraft:rail":9093,"minecraft:brain_coral_wall_fan":16,"minecraft:bone_block":835,"minecraft:fire_coral_block":55,"minecraft:ender_chest":335,"minecraft:birch_stairs":3,"minecraft:redstone_block":337,"minecraft:soul_sand":958,"minecraft:glass_pane":16,"minecraft:red_sandstone_slab":797,"minecraft:lily_of_the_valley":4,"minecraft:dandelion":433,"minecraft:fire_coral":9,"minecraft:cornflower":125,"minecraft:dead_tube_coral_wall_fan":1,"minecraft:campfire":3,"minecraft:potted_oxeye_daisy":2,"minecraft:brain_coral_fan":3,"minecraft:green_stained_glass_pane":7,"minecraft:diorite":8672,"minecraft:orange_carpet":5,"minecraft:black_stained_glass":506,"minecraft:red_terracotta":983,"minecraft:coarse_dirt":181,"minecraft:cobblestone_wall":147,"minecraft:stripped_spruce_wood":7,"minecraft:dark_oak_wall_sign":4,"minecraft:dark_prismarine_slab":30,"minecraft:gravel":22750,"minecraft:cobweb":156,"minecraft:brown_terracotta":183,"minecraft:oak_button":17,"minecraft:stone_bricks":4573,"minecraft:gold_ore":205,"minecraft:chipped_anvil":15,"minecraft:iron_trapdoor":281,"minecraft:fern":213,"minecraft:stone_pressure_plate":47,"minecraft:oak_sapling":23,"minecraft:farmland":72,"minecraft:brewing_stand":24,"minecraft:spruce_trapdoor":355,"minecraft:lime_banner":1,"minecraft:white_concrete":16427,"minecraft:bubble_coral_fan":4,"minecraft:polished_diorite":1,"minecraft:frosted_ice":5,"minecraft:composter":27,"minecraft:mossy_cobblestone_slab":1,"minecraft:turtle_egg":448,"minecraft:green_stained_glass":7,"minecraft:red_tulip":15,"minecraft:iron_bars":399,"minecraft:potted_cornflower":4,"minecraft:potted_orange_tulip":1,"minecraft:spruce_slab":206,"minecraft:brown_shulker_box":114,"minecraft:gray_terracotta":2,"minecraft:quartz_block":306,"minecraft:orange_terracotta":214,"minecraft:yellow_banner":2,"minecraft:light_gray_terracotta":515,"minecraft:mossy_cobblestone_wall":3,"minecraft:beacon":26,"minecraft:nether_quartz_ore":8752,"minecraft:oak_planks":213,"minecraft:wall_torch":548,"minecraft:cauldron":29,"minecraft:light_blue_terracotta":16,"minecraft:fire_coral_fan":5,"minecraft:stone_stairs":98,"minecraft:blue_terracotta":3,"minecraft:powered_rail":464,"minecraft:dark_oak_slab":661,"minecraft:green_banner":1,"minecraft:blue_ice":84,"minecraft:tnt":32,"minecraft:smooth_stone_slab":5379,"minecraft:oak_log":2325,"minecraft:beetroots":8,"minecraft:lime_terracotta":32,"minecraft:dirt":25311,"minecraft:dispenser":173,"minecraft:daylight_detector":5,"minecraft:yellow_wall_banner":5,"minecraft:quartz_stairs":1048,"minecraft:dark_oak_leaves":52,"minecraft:gray_glazed_terracotta":2,"minecraft:lever":171,"minecraft:ladder":307,"minecraft:tube_coral_wall_fan":34,"minecraft:stone_button":131,"minecraft:brown_mushroom_block":7044,"minecraft:birch_slab":105,"minecraft:spruce_leaves":703,"minecraft:hay_block":28,"minecraft:heavy_weighted_pressure_plate":4,"minecraft:light_gray_shulker_box":149,"minecraft:detector_rail":14,"minecraft:gold_block":140,"minecraft:bookshelf":17,"minecraft:lime_wall_banner":1,"minecraft:stripped_oak_log":199,"minecraft:wet_sponge":223,"minecraft:scaffolding":1897,"minecraft:acacia_leaves":201,"minecraft:snow_block":352,"minecraft:stripped_dark_oak_log":183,"minecraft:polished_granite":108,"minecraft:oak_fence":36,"minecraft:gray_stained_glass":271,"minecraft:lime_carpet":25,"minecraft:stone_slab":169,"minecraft:red_glazed_terracotta":2,"minecraft:red_concrete":161,"minecraft:prismarine_bricks":496,"minecraft:birch_planks":213,"minecraft:dead_fire_coral_block":2,"minecraft:bubble_coral":2,"minecraft:sea_pickle":174,"minecraft:black_wall_banner":14,"minecraft:ice":264,"minecraft:grass_path":272,"minecraft:black_wool":195,"minecraft:dead_brain_coral_wall_fan":1,"minecraft:cocoa":24,"minecraft:flower_pot":7,"minecraft:cyan_carpet":5,"minecraft:yellow_concrete":259,"minecraft:purple_shulker_box":3,"minecraft:cracked_stone_bricks":45,"minecraft:mossy_stone_bricks":38,"minecraft:dark_oak_planks":243,"minecraft:dark_prismarine_stairs":14,"minecraft:light_blue_concrete":293,"minecraft:black_terracotta":113,"minecraft:jungle_leaves":47,"minecraft:obsidian":636,"minecraft:carved_pumpkin":12,"minecraft:red_sand":8248,"minecraft:stone_brick_wall":161,"minecraft:yellow_carpet":38,"minecraft:jungle_log":67,"minecraft:horn_coral_fan":4,"minecraft:coal_block":254,"minecraft:purpur_slab":1,"minecraft:lime_stained_glass":187,"minecraft:bubble_coral_block":17,"minecraft:tube_coral_block":40,"minecraft:hopper":137,"minecraft:oxeye_daisy":121,"minecraft:chiseled_stone_bricks":40,"minecraft:light_blue_stained_glass":285,"minecraft:potted_fern":1,"minecraft:orange_concrete":3,"minecraft:sticky_piston":831,"minecraft:pumpkin":5,"minecraft:enchanting_table":2,"minecraft:lime_stained_glass_pane":90,"minecraft:oak_sign":47,"minecraft:oak_stairs":8,"minecraft:quartz_slab":827,"minecraft:iron_block":1943,"minecraft:piston_head":23,"minecraft:conduit":5,"minecraft:brown_mushroom":275,"minecraft:red_bed":2,"minecraft:player_wall_head":22,"minecraft:blue_stained_glass":299,"minecraft:blast_furnace":10,"minecraft:polished_andesite_stairs":76,"minecraft:glass":1780,"minecraft:cyan_bed":1,"minecraft:damaged_anvil":10,"minecraft:smooth_sandstone_slab":2,"minecraft:black_concrete_powder":2,"minecraft:light_gray_stained_glass":2381,"minecraft:wheat":675,"minecraft:lime_concrete":1,"minecraft:stone_brick_stairs":320,"minecraft:oak_fence_gate":3,"minecraft:loom":1,"minecraft:blue_shulker_box":67,"minecraft:stonecutter":1,"minecraft:red_mushroom_block":3930,"minecraft:yellow_stained_glass":16,"minecraft:piston":403,"minecraft:light_blue_stained_glass_pane":3,"minecraft:yellow_terracotta":182,"minecraft:pink_shulker_box":154,"minecraft:light_gray_stained_glass_pane":80,"minecraft:blue_stained_glass_pane":8,"minecraft:stripped_birch_log":111,"minecraft:jack_o_lantern":35,"minecraft:shulker_box":806,"minecraft:nether_bricks":14,"minecraft:jungle_planks":75,"minecraft:orange_shulker_box":33,"minecraft:yellow_concrete_powder":3,"minecraft:lime_wool":1,"minecraft:horn_coral_wall_fan":18,"minecraft:kelp":205,"minecraft:black_stained_glass_pane":2,"minecraft:red_sandstone":9,"minecraft:snow":3522,"minecraft:diamond_block":200,"minecraft:potatoes":13,"minecraft:smooth_quartz_stairs":19,"minecraft:bamboo":25,"minecraft:white_wool":105,"minecraft:cake":1,"minecraft:brain_coral":6,"minecraft:light_gray_carpet":673,"minecraft:gray_concrete":1669,"minecraft:comparator":145,"minecraft:brown_carpet":3,"minecraft:stone_brick_slab":757,"minecraft:observer":774,"minecraft:smooth_sandstone":297,"minecraft:light_gray_concrete_powder":118,"minecraft:spruce_button":3,"minecraft:emerald_ore":1,"minecraft:sponge":15,"minecraft:dropper":71,"minecraft:purple_bed":43,"minecraft:purple_stained_glass":127,"minecraft:prismarine_brick_slab":2,"minecraft:white_carpet":124,"minecraft:spruce_log":854,"minecraft:birch_leaves":953,"minecraft:jungle_fence":3,"minecraft:quartz_pillar":296,"minecraft:red_wall_banner":4,"minecraft:mycelium":261,"minecraft:dark_oak_sign":1,"minecraft:acacia_planks":1,"minecraft:spruce_fence_gate":9,"minecraft:infested_stone":15,"minecraft:black_shulker_box":283,"minecraft:spruce_planks":2263,"minecraft:jungle_slab":27,"minecraft:cobblestone_stairs":89,"minecraft:grass_block":15221,"minecraft:blue_concrete":6,"minecraft:sandstone_stairs":118,"minecraft:smooth_stone":896,"minecraft:glowstone":245,"minecraft:iron_ore":2111,"minecraft:black_carpet":99,"minecraft:anvil":62,"minecraft:azure_bluet":130,"minecraft:dark_oak_stairs":258,"minecraft:birch_wall_sign":6,"minecraft:end_stone_bricks":22,"minecraft:brain_coral_block":42,"minecraft:cyan_terracotta":1167,"minecraft:clay":40,"minecraft:chiseled_quartz_block":81,"minecraft:poppy":490,"minecraft:chest":289,"minecraft:mushroom_stem":1479,"minecraft:cobblestone":2916,"minecraft:slime_block":907,"minecraft:grindstone":10,"minecraft:prismarine":255,"minecraft:magenta_shulker_box":26,"minecraft:seagrass":333,"minecraft:acacia_sapling":3,"minecraft:brown_concrete_powder":7,"minecraft:birch_log":300,"minecraft:yellow_wool":219,"minecraft:birch_trapdoor":44,"minecraft:activator_rail":10,"minecraft:stripped_oak_wood":1,"minecraft:light_gray_wool":39,"minecraft:orange_tulip":11,"minecraft:diorite_wall":1,"minecraft:sand":44864,"minecraft:infested_cracked_stone_bricks":2,"minecraft:tripwire_hook":24,"minecraft:potted_red_tulip":1,"minecraft:netherrack":54700,"minecraft:oak_leaves":2748,"minecraft:horn_coral_block":72,"minecraft:emerald_block":25,"minecraft:redstone_lamp":67,"minecraft:diamond_ore":314,"minecraft:tube_coral":8,"minecraft:red_carpet":347,"minecraft:gray_shulker_box":141,"minecraft:gray_stained_glass_pane":106,"minecraft:black_banner":3,"minecraft:brick_stairs":2,"minecraft:light_blue_glazed_terracotta":40,"minecraft:white_stained_glass":664,"minecraft:polished_andesite_slab":91,"minecraft:sandstone":5561,"minecraft:oak_trapdoor":81,"minecraft:spruce_sapling":5,"minecraft:furnace":77,"minecraft:carrots":58,"minecraft:red_concrete_powder":4,"minecraft:black_glazed_terracotta":1,"minecraft:chiseled_sandstone":16,"minecraft:dark_oak_fence_gate":32,"minecraft:stripped_spruce_log":280,"minecraft:black_concrete":400,"minecraft:bell":15,"minecraft:lantern":11,"minecraft:stripped_acacia_log":23,"minecraft:stripped_jungle_log":187,"minecraft:packed_ice":10677,"minecraft:chorus_plant":15,"minecraft:white_tulip":15,"minecraft:stone":149486,"minecraft:yellow_shulker_box":33,"minecraft:redstone_wall_torch":83,"minecraft:birch_pressure_plate":1,"minecraft:podzol":182,"minecraft:light_blue_shulker_box":192,"minecraft:red_wool":81,"minecraft:infested_stone_bricks":3,"minecraft:crafting_table":223,"minecraft:lime_concrete_powder":36,"minecraft:lectern":261,"minecraft:andesite_wall":15,"minecraft:lapis_ore":159,"minecraft:blue_bed":98,"minecraft:spruce_stairs":212,"minecraft:gray_wool":6,"minecraft:cactus":21,"minecraft:lime_bed":1,"minecraft:gray_concrete_powder":139,"minecraft:brick_slab":10,"minecraft:green_shulker_box":100,"minecraft:redstone_torch":141,"minecraft:sweet_berry_bush":92,"minecraft:gray_bed":9,"minecraft:yellow_bed":247,"minecraft:coal_ore":6734,"minecraft:end_rod":112,"minecraft:bubble_coral_wall_fan":20,"minecraft:gray_carpet":179,"minecraft:terracotta":2313,"minecraft:polished_andesite":984,"minecraft:birch_fence":12},"minecraft:used":{"minecraft:jack_o_lantern":40,"minecraft:writable_book":126,"minecraft:smooth_quartz_slab":52,"minecraft:red_sandstone_slab":3647,"minecraft:dispenser":441,"minecraft:poppy":24,"minecraft:black_carpet":1037,"minecraft:stone":31865,"minecraft:quartz_stairs":1482,"minecraft:rotten_flesh":124,"minecraft:tube_coral":6,"minecraft:soul_sand":487,"minecraft:cocoa_beans":304,"minecraft:lily_of_the_valley":2,"minecraft:snowball":134,"minecraft:azure_bluet":7,"minecraft:spruce_boat":89,"minecraft:packed_ice":3489,"minecraft:lava_bucket":69,"minecraft:quartz_pillar":494,"minecraft:red_wool":88,"minecraft:lime_banner":3,"minecraft:quartz_block":437,"minecraft:dark_oak_leaves":54,"minecraft:dark_oak_slab":557,"minecraft:diorite_wall":4,"minecraft:bow":211,"minecraft:cooked_cod":907,"minecraft:oak_sapling":242,"minecraft:dark_prismarine_stairs":45,"minecraft:mossy_stone_bricks":45,"minecraft:damaged_anvil":9,"minecraft:prismarine":146,"minecraft:cactus":56,"minecraft:wooden_pickaxe":6,"minecraft:black_glazed_terracotta":1,"minecraft:composter":35,"minecraft:clay":1,"minecraft:jungle_boat":78,"minecraft:golden_apple":3,"minecraft:blast_furnace":18,"minecraft:acacia_leaves":155,"minecraft:chiseled_quartz_block":185,"minecraft:gray_concrete":1170,"minecraft:birch_fence":23,"minecraft:red_sandstone":38,"minecraft:gray_stained_glass_pane":316,"minecraft:birch_slab":258,"minecraft:oak_pressure_plate":17,"minecraft:coal_block":1772,"minecraft:diamond_sword":17278,"minecraft:birch_log":145,"minecraft:oak_boat":232,"minecraft:oak_trapdoor":573,"minecraft:dead_tube_coral_block":21,"minecraft:enchanting_table":1,"minecraft:orange_concrete":28,"minecraft:dead_bush":83,"minecraft:carved_pumpkin":4,"minecraft:armor_stand":352,"minecraft:light_gray_carpet":6271,"minecraft:cooked_salmon":202,"minecraft:torch":8046,"minecraft:brewing_stand":26,"minecraft:nether_quartz_ore":2486,"minecraft:cod_bucket":272,"minecraft:yellow_carpet":548,"minecraft:oak_fence_gate":13,"minecraft:fern":59,"minecraft:sea_lantern":870,"minecraft:chipped_anvil":14,"minecraft:iron_block":4996,"minecraft:light_weighted_pressure_plate":4,"minecraft:jungle_log":297,"minecraft:barrel":12,"minecraft:bamboo":31,"minecraft:podzol":269,"minecraft:acacia_planks":17,"minecraft:horn_coral_fan":14,"minecraft:wheat_seeds":1708,"minecraft:light_blue_shulker_box":188,"minecraft:tube_coral_block":12,"minecraft:birch_planks":225,"minecraft:lead":12,"minecraft:cauldron":23,"minecraft:spruce_fence_gate":21,"minecraft:gold_ore":8,"minecraft:conduit":8,"minecraft:diamond_block":309,"minecraft:rail":11772,"minecraft:red_bed":2,"minecraft:white_bed":49,"minecraft:campfire":10,"minecraft:spruce_log":803,"minecraft:mushroom_stem":744,"minecraft:blue_stained_glass_pane":165,"minecraft:diamond_pickaxe":351157,"minecraft:acacia_sign":3,"minecraft:diamond_shovel":117682,"minecraft:oak_button":333,"minecraft:spruce_pressure_plate":8,"minecraft:spruce_trapdoor":958,"minecraft:spruce_sapling":77,"minecraft:blue_carpet":82,"minecraft:green_carpet":55,"minecraft:potion":24,"minecraft:purple_bed":43,"minecraft:cooked_porkchop":5,"minecraft:stripped_oak_log":168,"minecraft:dandelion":26,"minecraft:blue_terracotta":74,"minecraft:red_sand":2036,"minecraft:light_gray_stained_glass_pane":17,"minecraft:melon":7,"minecraft:bone_block":1945,"minecraft:grass":161,"minecraft:bubble_coral":1,"minecraft:green_terracotta":286,"minecraft:spruce_leaves":1055,"minecraft:jungle_planks":144,"minecraft:obsidian":441,"minecraft:bricks":1,"minecraft:spruce_wood":9,"minecraft:lantern":21,"minecraft:item_frame":362,"minecraft:birch_button":94,"minecraft:birch_trapdoor":84,"minecraft:horn_coral":2,"minecraft:written_book":4792,"minecraft:jungle_button":3,"minecraft:blue_shulker_box":69,"minecraft:gold_block":405,"minecraft:tube_coral_fan":21,"minecraft:end_rod":462,"minecraft:dropper":153,"minecraft:wither_skeleton_skull":6,"minecraft:stripped_acacia_log":8,"minecraft:gray_carpet":4555,"minecraft:stone_pickaxe":297,"minecraft:jungle_fence":15,"minecraft:oak_planks":186,"minecraft:sandstone":5113,"minecraft:sugar_cane":21,"minecraft:diamond_axe":26299,"minecraft:white_wool":255,"minecraft:golden_hoe":21,"minecraft:light_blue_concrete":70,"minecraft:lime_stained_glass_pane":1784,"minecraft:mushroom_stew":3,"minecraft:light_blue_wool":167,"minecraft:yellow_concrete":172,"minecraft:crossbow":65,"minecraft:end_stone":64,"minecraft:sticky_piston":1844,"minecraft:dead_fire_coral_fan":38,"minecraft:lever":411,"minecraft:daylight_detector":21,"minecraft:dark_oak_log":332,"minecraft:bread":29,"minecraft:iron_door":41,"minecraft:light_blue_concrete_powder":284,"minecraft:pufferfish_bucket":45,"minecraft:smooth_stone_slab":20470,"minecraft:mossy_cobblestone_wall":32,"minecraft:coarse_dirt":457,"minecraft:bone_meal":3083,"minecraft:orange_concrete_powder":1,"minecraft:rose_bush":29,"minecraft:flint_and_steel":113,"minecraft:redstone":4890,"minecraft:ender_chest":350,"minecraft:brown_shulker_box":118,"minecraft:stone_hoe":94,"minecraft:cooked_chicken":1816,"minecraft:dried_kelp_block":1,"minecraft:dirt":14441,"minecraft:prismarine_bricks":463,"minecraft:spruce_fence":333,"minecraft:brown_terracotta":48,"minecraft:light_gray_stained_glass":3509,"minecraft:oak_stairs":13,"minecraft:smooth_sandstone":1219,"minecraft:yellow_concrete_powder":226,"minecraft:black_stained_glass":2811,"minecraft:lime_stained_glass":6468,"minecraft:minecart":507,"minecraft:cooked_beef":178,"minecraft:light_gray_bed":4,"minecraft:pumpkin":16,"minecraft:turtle_egg":303,"minecraft:cobblestone_stairs":305,"minecraft:snow_block":545,"minecraft:baked_potato":5,"minecraft:birch_boat":52,"minecraft:brown_mushroom":266,"minecraft:cut_sandstone":26,"minecraft:spruce_sign":2,"minecraft:dark_prismarine_slab":161,"minecraft:red_mushroom":89,"minecraft:piston":1761,"minecraft:wooden_hoe":55,"minecraft:gray_terracotta":34,"minecraft:flower_pot":27,"minecraft:black_wool":706,"minecraft:lapis_ore":50,"minecraft:stone_slab":579,"minecraft:detector_rail":56,"minecraft:yellow_wool":728,"minecraft:stone_axe":73,"minecraft:end_crystal":16,"minecraft:pink_shulker_box":157,"minecraft:pumpkin_pie":44,"minecraft:wither_rose":350,"minecraft:sea_pickle":722,"minecraft:gray_wool":6,"minecraft:birch_stairs":20,"minecraft:peony":28,"minecraft:dead_horn_coral_block":37,"minecraft:spruce_slab":693,"minecraft:ladder":1323,"minecraft:green_banner":1,"minecraft:chest":689,"minecraft:white_shulker_box":197,"minecraft:brick_slab":12,"minecraft:blue_stained_glass":4658,"minecraft:acacia_button":22,"minecraft:acacia_sapling":4,"minecraft:jungle_slab":14,"minecraft:stripped_spruce_log":243,"minecraft:black_stained_glass_pane":10,"minecraft:grass_block":3023,"minecraft:birch_sapling":26,"minecraft:polished_andesite_stairs":624,"minecraft:orange_shulker_box":36,"minecraft:stone_brick_stairs":869,"minecraft:snow":597,"minecraft:dark_oak_boat":34,"minecraft:sweet_berries":147,"minecraft:furnace":154,"minecraft:egg":57,"minecraft:dragon_head":1,"minecraft:dead_brain_coral_fan":51,"minecraft:seagrass":76,"minecraft:brown_concrete_powder":4,"minecraft:magenta_shulker_box":27,"minecraft:diorite":258,"minecraft:end_stone_bricks":81,"minecraft:spruce_door":27,"minecraft:stripped_birch_log":11,"minecraft:acacia_trapdoor":187,"minecraft:powered_rail":3488,"minecraft:orange_tulip":1,"minecraft:lime_concrete_powder":956,"minecraft:oak_leaves":1158,"minecraft:smooth_quartz_stairs":70,"minecraft:cookie":26,"minecraft:dark_oak_trapdoor":133,"minecraft:sand":5308,"minecraft:purpur_stairs":4,"minecraft:blue_ice":326,"minecraft:black_concrete_powder":2,"minecraft:chiseled_sandstone":133,"minecraft:stone_button":475,"minecraft:lectern":261,"minecraft:red_terracotta":530,"minecraft:polished_granite":210,"minecraft:diamond_ore":119,"minecraft:lilac":4,"minecraft:polished_andesite_slab":378,"minecraft:pufferfish":1,"minecraft:wooden_sword":66,"minecraft:dark_oak_fence":127,"minecraft:white_stained_glass":2125,"minecraft:green_concrete_powder":8,"minecraft:ice":140,"minecraft:gray_stained_glass":2643,"minecraft:iron_bars":2341,"minecraft:stone_sword":143,"minecraft:acacia_log":572,"minecraft:brain_coral_fan":8,"minecraft:red_concrete":15,"minecraft:mycelium":6,"minecraft:netherrack":12792,"minecraft:light_gray_shulker_box":155,"minecraft:dragon_egg":2,"minecraft:anvil":98,"minecraft:chorus_flower":4,"minecraft:stone_stairs":108,"minecraft:nether_brick_slab":4,"minecraft:jungle_trapdoor":73,"minecraft:blue_concrete":1,"minecraft:polished_diorite":1,"minecraft:red_shulker_box":746,"minecraft:cyan_shulker_box":13,"minecraft:spruce_button":16,"minecraft:iron_axe":573,"minecraft:brick_stairs":2,"minecraft:slime_block":1634,"minecraft:smooth_quartz":64,"minecraft:totem_of_undying":9,"minecraft:tripwire_hook":81,"minecraft:glowstone":113,"minecraft:beef":8,"minecraft:gray_glazed_terracotta":9,"minecraft:iron_trapdoor":1702,"minecraft:orange_terracotta":55,"minecraft:observer":1607,"minecraft:water_bucket":1625,"minecraft:yellow_banner":20,"minecraft:sandstone_stairs":110,"minecraft:prismarine_brick_slab":6,"minecraft:yellow_shulker_box":36,"minecraft:cartography_table":2,"minecraft:lime_wool":56,"minecraft:bubble_coral_fan":8,"minecraft:smooth_sandstone_slab":1,"minecraft:red_mushroom_block":952,"minecraft:salmon":5,"minecraft:orange_carpet":6,"minecraft:lime_terracotta":19,"minecraft:comparator":493,"minecraft:cracked_stone_bricks":194,"minecraft:vine":141,"minecraft:mossy_cobblestone":93,"minecraft:tnt":174,"minecraft:crafting_table":305,"minecraft:oak_slab":2,"minecraft:birch_sign":29,"minecraft:fire_coral":8,"minecraft:cod":16,"minecraft:dark_oak_fence_gate":40,"minecraft:lime_shulker_box":3,"minecraft:cake":10,"minecraft:oak_log":300,"minecraft:dark_prismarine":204,"minecraft:cornflower":2,"minecraft:oxeye_daisy":3,"minecraft:stripped_jungle_log":156,"minecraft:sunflower":3,"minecraft:iron_pickaxe":2119,"minecraft:purpur_slab":11,"minecraft:chiseled_stone_bricks":62,"minecraft:cobblestone":4934,"minecraft:red_concrete_powder":142,"minecraft:sandstone_slab":335,"minecraft:glass_pane":29,"minecraft:brown_mushroom_block":1260,"minecraft:kelp":788,"minecraft:light_blue_stained_glass_pane":33,"minecraft:iron_shovel":3505,"minecraft:dead_tube_coral_fan":5,"minecraft:diamond_hoe":132,"minecraft:oak_sign":641,"minecraft:white_concrete_powder":14898,"minecraft:white_terracotta":45,"minecraft:iron_sword":494,"minecraft:purple_shulker_box":3,"minecraft:bell":28,"minecraft:player_head":108,"minecraft:birch_pressure_plate":18,"minecraft:carrot":4244,"minecraft:milk_bucket":4,"minecraft:glass":14312,"minecraft:cyan_terracotta":3891,"minecraft:coal_ore":2876,"minecraft:quartz_slab":854,"minecraft:gray_concrete_powder":1686,"minecraft:hopper_minecart":30,"minecraft:stone_bricks":9768,"minecraft:repeater":3279,"minecraft:red_carpet":639,"minecraft:redstone_lamp":188,"minecraft:magma_block":20,"minecraft:brown_carpet":3,"minecraft:hay_block":61,"minecraft:scaffolding":5980,"minecraft:gray_bed":10,"minecraft:fire_coral_fan":25,"minecraft:dark_oak_stairs":32,"minecraft:birch_leaves":382,"minecraft:dark_oak_sign":4,"minecraft:ender_pearl":2884,"minecraft:blue_bed":96,"minecraft:redstone_block":475,"minecraft:brain_coral":6,"minecraft:yellow_terracotta":153,"minecraft:loom":2,"minecraft:black_banner":22,"minecraft:light_gray_terracotta":29,"minecraft:sponge":236,"minecraft:note_block":440,"minecraft:stone_brick_wall":2359,"minecraft:shears":3303,"minecraft:redstone_torch":1649,"minecraft:gray_shulker_box":144,"minecraft:green_concrete":5,"minecraft:firework_rocket":893,"minecraft:black_concrete":313,"minecraft:string":211,"minecraft:birch_fence_gate":24,"minecraft:heavy_weighted_pressure_plate":6,"minecraft:lime_carpet":127,"minecraft:light_gray_concrete":3313,"minecraft:gravel":3961,"minecraft:stripped_oak_wood":1,"minecraft:grindstone":8,"minecraft:oak_fence":64,"minecraft:white_concrete":15034,"minecraft:andesite":3428,"minecraft:chest_minecart":1,"minecraft:tropical_fish_bucket":2,"minecraft:cobweb":106,"minecraft:jungle_leaves":44,"minecraft:trident":4094,"minecraft:tropical_fish":2,"minecraft:redstone_ore":486,"minecraft:stone_shovel":235,"minecraft:light_blue_terracotta":16,"minecraft:spruce_planks":1519,"minecraft:oak_door":27,"minecraft:white_carpet":870,"minecraft:hopper":605,"minecraft:spruce_stairs":290,"minecraft:cobblestone_wall":522,"minecraft:shulker_box":804,"minecraft:granite":332,"minecraft:light_blue_stained_glass":5015,"minecraft:birch_door":5,"minecraft:andesite_wall":25,"minecraft:stone_brick_slab":4084,"minecraft:dark_oak_planks":363,"minecraft:bookshelf":3,"minecraft:light_gray_wool":50,"minecraft:golden_carrot":4547,"minecraft:emerald_block":250,"minecraft:white_stained_glass_pane":1827,"minecraft:stone_pressure_plate":58,"minecraft:horn_coral_block":18,"minecraft:brain_coral_block":26,"minecraft:cooked_mutton":130,"minecraft:iron_ore":17,"minecraft:glass_bottle":308,"minecraft:polished_andesite":2592,"minecraft:blue_wool":463,"minecraft:black_shulker_box":289,"minecraft:stonecutter":2,"minecraft:beacon":32,"minecraft:red_glazed_terracotta":2,"minecraft:cobblestone_slab":762,"minecraft:stripped_dark_oak_log":146,"minecraft:terracotta":114,"minecraft:lime_bed":1,"minecraft:light_gray_concrete_powder":3196,"minecraft:painting":77,"minecraft:smoker":3,"minecraft:dark_oak_door":28,"minecraft:activator_rail":60,"minecraft:purple_stained_glass":292,"minecraft:apple":57,"minecraft:fishing_rod":10566,"minecraft:green_shulker_box":100,"minecraft:white_banner":15,"minecraft:red_banner":20,"minecraft:bucket":2066,"minecraft:yellow_bed":273,"minecraft:smooth_stone":2827,"minecraft:splash_potion":22},"minecraft:dropped":{"minecraft:iron_sword":4,"minecraft:lapis_lazuli":129,"minecraft:glass_bottle":127,"minecraft:diamond":724,"minecraft:crafting_table":7,"minecraft:lime_stained_glass":1,"minecraft:cooked_porkchop":1,"minecraft:red_sandstone":13,"minecraft:dark_oak_slab":16,"minecraft:cracked_stone_bricks":2,"minecraft:quartz_pillar":9,"minecraft:red_mushroom":16,"minecraft:gold_block":32,"minecraft:emerald":302,"minecraft:gray_concrete":1,"minecraft:red_bed":1,"minecraft:birch_fence":6,"minecraft:dark_oak_fence":2,"minecraft:gold_nugget":81,"minecraft:sand":414,"minecraft:purple_wool":1,"minecraft:fishing_rod":43,"minecraft:dark_oak_planks":43,"minecraft:white_wool":23,"minecraft:diamond_block":1,"minecraft:lever":10,"minecraft:iron_nugget":3,"minecraft:cooked_chicken":155,"minecraft:wheat":46,"minecraft:obsidian":2,"minecraft:rotten_flesh":1500,"minecraft:grindstone":1,"minecraft:oak_planks":190,"minecraft:glowstone_dust":25,"minecraft:azure_bluet":624,"minecraft:red_mushroom_block":366,"minecraft:sea_lantern":337,"minecraft:coal_ore":259,"minecraft:quartz_block":160,"minecraft:leather_boots":17,"minecraft:leather_leggings":18,"minecraft:painting":5,"minecraft:glass":335,"minecraft:beef":32,"minecraft:podzol":113,"minecraft:stone_brick_stairs":15,"minecraft:green_stained_glass":8,"minecraft:golden_boots":6,"minecraft:black_dye":48,"minecraft:wheat_seeds":2081,"minecraft:light_gray_stained_glass_pane":15,"minecraft:book":27,"minecraft:prismarine_crystals":811,"minecraft:yellow_carpet":284,"minecraft:golden_apple":4,"minecraft:lime_banner":1,"minecraft:brown_concrete_powder":67,"minecraft:ink_sac":40,"minecraft:cooked_salmon":21,"minecraft:lapis_ore":6,"minecraft:potion":44,"minecraft:stripped_birch_log":101,"minecraft:white_banner":257,"minecraft:pumpkin":1,"minecraft:golden_hoe":1,"minecraft:jungle_boat":8,"minecraft:red_dye":1,"minecraft:smooth_stone":80,"minecraft:chainmail_leggings":2,"minecraft:smooth_sandstone":26,"minecraft:blue_carpet":6,"minecraft:lily_pad":5,"minecraft:acacia_planks":29,"minecraft:stone_brick_slab":91,"minecraft:snow_block":62,"minecraft:green_terracotta":12,"minecraft:player_head":217,"minecraft:cocoa_beans":13,"minecraft:sticky_piston":2,"minecraft:orange_concrete":2,"minecraft:stone_shovel":1,"minecraft:white_carpet":30,"minecraft:clay_ball":16,"minecraft:iron_boots":2,"minecraft:name_tag":7,"minecraft:light_gray_concrete":1,"minecraft:white_terracotta":5,"minecraft:shears":4,"minecraft:oak_sign":44,"minecraft:diamond_sword":29,"minecraft:spruce_boat":20,"minecraft:sea_pickle":10,"minecraft:peony":9,"minecraft:spruce_trapdoor":5,"minecraft:spruce_planks":199,"minecraft:diamond_pickaxe":16,"minecraft:redstone_torch":26,"minecraft:stone_pressure_plate":13,"minecraft:stone_bricks":189,"minecraft:bamboo":64,"minecraft:sandstone":148,"minecraft:bow":120,"minecraft:red_sand":18,"minecraft:magma_block":691,"minecraft:terracotta":2,"minecraft:nether_brick_stairs":7,"minecraft:soul_sand":27,"minecraft:oak_log":41,"minecraft:ender_pearl":2639,"minecraft:nether_star":4,"minecraft:lime_terracotta":1,"minecraft:green_shulker_box":5,"minecraft:leather":30,"minecraft:red_wool":6,"minecraft:jungle_planks":68,"minecraft:mossy_cobblestone_wall":1,"minecraft:carrot_on_a_stick":1,"minecraft:black_banner":2,"minecraft:cod":1557,"minecraft:music_disc_13":1,"minecraft:cobblestone_stairs":55,"minecraft:redstone_lamp":5,"minecraft:dark_oak_log":119,"minecraft:packed_ice":84,"minecraft:ice":1,"minecraft:mutton":23,"minecraft:snowball":489,"minecraft:prismarine_brick_slab":2,"minecraft:black_shulker_box":3,"minecraft:tube_coral":1,"minecraft:black_concrete":9,"minecraft:gold_ingot":15,"minecraft:cyan_shulker_box":1,"minecraft:birch_fence_gate":2,"minecraft:mushroom_stem":157,"minecraft:leather_chestplate":5,"minecraft:trident":21,"minecraft:dropper":15,"minecraft:beetroot_seeds":8,"minecraft:stone_brick_wall":84,"minecraft:birch_button":3,"minecraft:iron_ore":193,"minecraft:iron_bars":214,"minecraft:scaffolding":247,"minecraft:white_concrete_powder":2,"minecraft:polished_granite":3,"minecraft:splash_potion":13,"minecraft:stone_hoe":1,"minecraft:bread":10,"minecraft:vine":7,"minecraft:lilac":159,"minecraft:golden_helmet":2,"minecraft:tropical_fish":29,"minecraft:spruce_stairs":34,"minecraft:acacia_trapdoor":8,"minecraft:spruce_fence_gate":1,"minecraft:iron_block":213,"minecraft:mossy_cobblestone_slab":2,"minecraft:green_dye":1,"minecraft:repeater":1,"minecraft:light_blue_wool":1,"minecraft:white_concrete":43,"minecraft:light_gray_shulker_box":1,"minecraft:iron_door":1,"minecraft:light_gray_stained_glass":14,"minecraft:jungle_leaves":2,"minecraft:stonecutter":1,"minecraft:cactus":62,"minecraft:tripwire_hook":156,"minecraft:redstone_block":1,"minecraft:chiseled_sandstone":2,"minecraft:sweet_berries":126,"minecraft:kelp":567,"minecraft:oak_trapdoor":4,"minecraft:dragon_head":1,"minecraft:lime_concrete":11,"minecraft:comparator":64,"minecraft:stripped_oak_log":2,"minecraft:green_concrete":4,"minecraft:totem_of_undying":22,"minecraft:shulker_box":1,"minecraft:flint_and_steel":3,"minecraft:gray_terracotta":1,"minecraft:oak_button":73,"minecraft:andesite":1042,"minecraft:golden_leggings":2,"minecraft:oak_sapling":169,"minecraft:birch_sign":3,"minecraft:gray_concrete_powder":1,"minecraft:spruce_log":48,"minecraft:wooden_pickaxe":2,"minecraft:nautilus_shell":62,"minecraft:oak_pressure_plate":6,"minecraft:sandstone_stairs":56,"minecraft:crossbow":133,"minecraft:cookie":35,"minecraft:dark_oak_button":1,"minecraft:saddle":38,"minecraft:elytra":9,"minecraft:rail":544,"minecraft:leather_helmet":5,"minecraft:red_carpet":24,"minecraft:item_frame":6,"minecraft:red_shulker_box":5,"minecraft:dirt":6273,"minecraft:grass":6,"minecraft:stone_button":69,"minecraft:jack_o_lantern":1,"minecraft:wooden_sword":57,"minecraft:bone_meal":389,"minecraft:sunflower":3,"minecraft:phantom_membrane":7,"minecraft:sugar":115,"minecraft:iron_pickaxe":1,"minecraft:dark_oak_boat":7,"minecraft:green_stained_glass_pane":6,"minecraft:gray_dye":5,"minecraft:bone":254,"minecraft:note_block":2,"minecraft:sugar_cane":176,"minecraft:polished_andesite_slab":19,"minecraft:golden_chestplate":5,"minecraft:birch_sapling":1,"minecraft:lime_dye":64,"minecraft:end_stone":25,"minecraft:light_gray_carpet":2845,"minecraft:green_banner":1,"minecraft:blaze_powder":13,"minecraft:white_bed":2,"minecraft:salmon":418,"minecraft:dark_oak_fence_gate":9,"minecraft:hopper":10,"minecraft:ladder":22,"minecraft:white_dye":37,"minecraft:spruce_slab":40,"minecraft:egg":56,"minecraft:enchanted_book":16,"minecraft:iron_ingot":142,"minecraft:birch_leaves":104,"minecraft:cyan_stained_glass":1,"minecraft:gray_stained_glass_pane":5,"minecraft:tnt":108,"minecraft:iron_helmet":5,"minecraft:oak_fence":6,"minecraft:feather":39,"minecraft:yellow_terracotta":88,"minecraft:cobblestone":7891,"minecraft:apple":6,"minecraft:granite":1914,"minecraft:spruce_button":2,"minecraft:chainmail_helmet":1,"minecraft:coal":111,"minecraft:pufferfish":323,"minecraft:polished_andesite":7,"minecraft:end_rod":132,"minecraft:oxeye_daisy":625,"minecraft:jungle_slab":1,"minecraft:iron_trapdoor":7,"minecraft:golden_carrot":322,"minecraft:wooden_hoe":1,"minecraft:rabbit":6,"minecraft:rose_bush":143,"minecraft:diamond_helmet":3,"minecraft:lime_carpet":2,"minecraft:brown_terracotta":58,"minecraft:iron_shovel":4,"minecraft:paper":510,"minecraft:string":94,"minecraft:magenta_shulker_box":1,"minecraft:gray_carpet":71,"minecraft:spruce_sapling":32,"minecraft:furnace":2,"minecraft:redstone_ore":4,"minecraft:stone_sword":3,"minecraft:cobblestone_wall":10,"minecraft:dark_oak_sign":9,"minecraft:smooth_stone_slab":246,"minecraft:bowl":29,"minecraft:chicken":40,"minecraft:blue_concrete":61,"minecraft:stone_slab":83,"minecraft:slime_block":49,"minecraft:red_sandstone_slab":49,"minecraft:light_blue_concrete":176,"minecraft:nether_bricks":81,"minecraft:spruce_fence":9,"minecraft:pumpkin_seeds":6,"minecraft:lily_of_the_valley":3,"minecraft:light_blue_dye":1,"minecraft:potato":145,"minecraft:cobblestone_slab":214,"minecraft:stone":7591,"minecraft:carved_pumpkin":1,"minecraft:spider_eye":209,"minecraft:light_gray_dye":33,"minecraft:red_tulip":1,"minecraft:black_wool":31,"minecraft:quartz_slab":3,"minecraft:gold_ore":10,"minecraft:brown_mushroom":31,"minecraft:birch_planks":211,"minecraft:diamond_axe":6,"minecraft:sandstone_slab":381,"minecraft:scute":2,"minecraft:lantern":2,"minecraft:flint":1409,"minecraft:spruce_leaves":77,"minecraft:cyan_terracotta":115,"minecraft:orange_carpet":5,"minecraft:dispenser":23,"minecraft:cornflower":20,"minecraft:cooked_cod":58,"minecraft:seagrass":31,"minecraft:cut_sandstone":20,"minecraft:white_stained_glass_pane":1,"minecraft:pumpkin_pie":7,"minecraft:birch_log":49,"minecraft:black_stained_glass":509,"minecraft:brown_mushroom_block":686,"minecraft:armor_stand":1,"minecraft:gravel":460,"minecraft:white_tulip":2,"minecraft:yellow_wool":46,"minecraft:lime_wool":9,"minecraft:fern":8,"minecraft:diamond_shovel":6,"minecraft:carrot":5244,"minecraft:chainmail_chestplate":1,"minecraft:poppy":6352,"minecraft:rabbit_hide":6,"minecraft:turtle_helmet":3,"minecraft:gunpowder":218,"minecraft:birch_trapdoor":4,"minecraft:glowstone":1,"minecraft:chainmail_boots":3,"minecraft:chest":6,"minecraft:arrow":836,"minecraft:powered_rail":22,"minecraft:quartz":29,"minecraft:oak_leaves":322,"minecraft:written_book":87,"minecraft:netherrack":15603,"minecraft:firework_rocket":589,"minecraft:water_bucket":3,"minecraft:oak_slab":12,"minecraft:stripped_spruce_log":2,"minecraft:red_concrete_powder":24,"minecraft:mossy_cobblestone":24,"minecraft:minecart":14,"minecraft:diamond_leggings":5,"minecraft:poisonous_potato":2,"minecraft:prismarine_shard":1780,"minecraft:lead":13,"minecraft:grass_block":151,"minecraft:stick":668,"minecraft:blue_dye":17,"minecraft:diorite":1779,"minecraft:light_blue_stained_glass":10,"minecraft:torch":547,"minecraft:brown_wool":1,"minecraft:map":2,"minecraft:green_carpet":3,"minecraft:iron_leggings":3,"minecraft:wither_rose":5,"minecraft:iron_axe":24,"minecraft:bucket":13,"minecraft:dandelion":1288,"minecraft:redstone":90,"minecraft:red_concrete":203,"minecraft:anvil":7,"minecraft:ender_chest":5,"minecraft:coarse_dirt":8,"minecraft:chiseled_quartz_block":2,"minecraft:light_gray_wool":31,"minecraft:red_terracotta":91,"minecraft:filled_map":5,"minecraft:snow":7,"minecraft:shield":2,"minecraft:diamond_chestplate":3,"minecraft:orange_terracotta":140,"minecraft:iron_chestplate":1,"minecraft:dragon_egg":1,"minecraft:mossy_stone_bricks":2,"minecraft:light_gray_bed":1,"minecraft:oak_boat":5,"minecraft:golden_sword":2,"minecraft:dead_fire_coral_fan":32,"minecraft:slime_ball":18,"minecraft:diamond_boots":5,"minecraft:stripped_acacia_log":8,"minecraft:stone_pickaxe":4,"minecraft:nether_quartz_ore":41,"minecraft:white_stained_glass":69,"minecraft:light_blue_shulker_box":1},"minecraft:broken":{"minecraft:shears":8,"minecraft:iron_leggings":1,"minecraft:diamond_shovel":2,"minecraft:diamond_pickaxe":1,"minecraft:fishing_rod":16,"minecraft:shield":1,"minecraft:iron_pickaxe":8,"minecraft:iron_shovel":11,"minecraft:stone_pickaxe":1,"minecraft:stone_shovel":1,"minecraft:golden_boots":5,"minecraft:iron_boots":1,"minecraft:iron_chestplate":1,"minecraft:iron_sword":1,"minecraft:iron_axe":1,"minecraft:golden_helmet":1,"minecraft:golden_leggings":3,"minecraft:golden_chestplate":1,"minecraft:flint_and_steel":1},"minecraft:picked_up":{"minecraft:lead":429,"minecraft:stone_slab":1102,"minecraft:enchanted_book":18,"minecraft:purple_shulker_box":2,"minecraft:blue_concrete":66,"minecraft:string":1008,"minecraft:pufferfish":187,"minecraft:diamond_leggings":81,"minecraft:horn_coral_block":31,"minecraft:bubble_coral":1,"minecraft:diamond_ore":126,"minecraft:spruce_pressure_plate":2,"minecraft:cyan_stained_glass":2,"minecraft:acacia_log":245,"minecraft:golden_chestplate":11,"minecraft:gray_shulker_box":143,"minecraft:green_terracotta":126,"minecraft:cauldron":32,"minecraft:brown_carpet":3,"minecraft:yellow_banner":9,"minecraft:stone_sword":7,"minecraft:lime_carpet":28,"minecraft:horn_coral_fan":18,"minecraft:carved_pumpkin":26,"minecraft:red_tulip":15,"minecraft:glowstone":204,"minecraft:bookshelf":1,"minecraft:end_rod":149,"minecraft:white_terracotta":373,"minecraft:blaze_rod":208,"minecraft:iron_bars":843,"minecraft:snowball":4427,"minecraft:sponge":42,"minecraft:feather":109,"minecraft:water_bucket":86,"minecraft:brown_wool":1,"minecraft:dark_oak_boat":32,"minecraft:flint":2669,"minecraft:purple_stained_glass":44,"minecraft:lantern":15,"minecraft:gray_concrete_powder":658,"minecraft:stonecutter":2,"minecraft:dark_oak_sign":31,"minecraft:diamond_helmet":76,"minecraft:rabbit":6,"minecraft:lime_terracotta":22,"minecraft:birch_fence_gate":7,"minecraft:stripped_spruce_log":270,"minecraft:brown_mushroom_block":4829,"minecraft:dead_fire_coral_fan":64,"minecraft:polished_andesite":944,"minecraft:blue_terracotta":58,"minecraft:lever":338,"minecraft:granite":8129,"minecraft:spruce_button":5,"minecraft:jack_o_lantern":35,"minecraft:light_gray_carpet":5517,"minecraft:diamond_pickaxe":267,"minecraft:clay_ball":132,"minecraft:leather_leggings":24,"minecraft:redstone_lamp":71,"minecraft:dragon_head":2,"minecraft:acacia_button":7,"minecraft:fire_coral":9,"minecraft:heavy_weighted_pressure_plate":5,"minecraft:cornflower":994,"minecraft:elytra":112,"minecraft:flint_and_steel":74,"minecraft:white_carpet":724,"minecraft:white_stained_glass":798,"minecraft:iron_shovel":5,"minecraft:glass_pane":75,"minecraft:poppy":4081,"minecraft:spruce_slab":317,"minecraft:minecart":559,"minecraft:birch_sapling":34,"minecraft:piston":904,"minecraft:diamond_hoe":1,"minecraft:lime_shulker_box":3,"minecraft:black_stained_glass":861,"minecraft:stone":85695,"minecraft:white_dye":9,"minecraft:cyan_shulker_box":13,"minecraft:diamond_chestplate":8,"minecraft:purpur_slab":1,"minecraft:hay_block":30,"minecraft:yellow_terracotta":309,"minecraft:totem_of_undying":44,"minecraft:mutton":176,"minecraft:rail":11947,"minecraft:bone_block":736,"minecraft:oxeye_daisy":735,"minecraft:lime_bed":2,"minecraft:birch_leaves":888,"minecraft:yellow_shulker_box":33,"minecraft:clock":2,"minecraft:tripwire_hook":279,"minecraft:red_glazed_terracotta":2,"minecraft:fern":207,"minecraft:jungle_fence":3,"minecraft:lily_pad":14,"minecraft:paper":961,"minecraft:apple":64,"minecraft:yellow_stained_glass":58,"minecraft:pufferfish_bucket":8,"minecraft:stone_pickaxe":6,"minecraft:iron_ore":2100,"minecraft:magenta_stained_glass":1,"minecraft:gray_bed":12,"minecraft:dark_oak_stairs":324,"minecraft:polished_andesite_stairs":49,"minecraft:milk_bucket":4,"minecraft:light_gray_stained_glass":1790,"minecraft:sweet_berries":425,"minecraft:red_wool":70,"minecraft:lime_concrete":12,"minecraft:light_blue_stained_glass":225,"minecraft:dragon_egg":2,"minecraft:leather_helmet":6,"minecraft:diamond_shovel":142,"minecraft:coal_ore":2122,"minecraft:slime_ball":199,"minecraft:painting":78,"minecraft:birch_sign":11,"minecraft:baked_potato":143,"minecraft:smooth_quartz_slab":53,"minecraft:hopper":389,"minecraft:black_carpet":292,"minecraft:light_blue_concrete":524,"minecraft:ender_chest":360,"minecraft:yellow_wool":218,"minecraft:stone_brick_stairs":421,"minecraft:dead_tube_coral_block":21,"minecraft:comparator":364,"minecraft:red_sand":8933,"minecraft:smooth_stone":978,"minecraft:bucket":182,"minecraft:light_weighted_pressure_plate":1,"minecraft:red_dye":2,"minecraft:white_tulip":13,"minecraft:rose_bush":598,"minecraft:cobblestone_slab":459,"minecraft:iron_pickaxe":20,"minecraft:smooth_quartz":77,"minecraft:smooth_quartz_stairs":24,"minecraft:blue_wool":45,"minecraft:birch_trapdoor":47,"minecraft:spruce_stairs":447,"minecraft:diorite":7644,"minecraft:vine":399,"minecraft:andesite_wall":21,"minecraft:rotten_flesh":4393,"minecraft:red_sandstone_slab":1256,"minecraft:brown_shulker_box":117,"minecraft:chorus_flower":4,"minecraft:obsidian":899,"minecraft:blaze_powder":36,"minecraft:cobblestone":29247,"minecraft:enchanting_table":2,"minecraft:leather_chestplate":13,"minecraft:lilac":688,"minecraft:repeater":955,"minecraft:dead_tube_coral_fan":1,"minecraft:andesite":8824,"minecraft:orange_carpet":7,"minecraft:golden_leggings":12,"minecraft:beacon":28,"minecraft:potato":158,"minecraft:prismarine_bricks":624,"minecraft:dirt":38609,"minecraft:stripped_birch_log":140,"minecraft:name_tag":100,"minecraft:glass":3004,"minecraft:bone":1075,"minecraft:acacia_planks":15,"minecraft:bow":185,"minecraft:wheat_seeds":4844,"minecraft:orange_tulip":12,"minecraft:grindstone":11,"minecraft:mossy_stone_bricks":40,"minecraft:bamboo":1216,"minecraft:prismarine":367,"minecraft:diorite_wall":1,"minecraft:gray_stained_glass":383,"minecraft:black_stained_glass_pane":1,"minecraft:light_blue_shulker_box":204,"minecraft:melon":11,"minecraft:nether_brick_stairs":7,"minecraft:grass_block":967,"minecraft:diamond_block":341,"minecraft:jungle_slab":25,"minecraft:mossy_cobblestone":258,"minecraft:jungle_leaves":61,"minecraft:light_gray_terracotta":535,"minecraft:sugar":171,"minecraft:yellow_carpet":477,"minecraft:light_blue_terracotta":24,"minecraft:slime_block":1035,"minecraft:crossbow":163,"minecraft:bone_meal":447,"minecraft:grass":226,"minecraft:golden_apple":5,"minecraft:spruce_sign":15,"minecraft:emerald":1614,"minecraft:netherrack":34400,"minecraft:chorus_fruit":139,"minecraft:oak_leaves":2399,"minecraft:azure_bluet":794,"minecraft:splash_potion":20,"minecraft:ladder":1127,"minecraft:brown_mushroom":505,"minecraft:packed_ice":10354,"minecraft:stone_brick_wall":306,"minecraft:shield":25,"minecraft:oak_trapdoor":119,"minecraft:mycelium":6,"minecraft:birch_fence":17,"minecraft:blue_orchid":4,"minecraft:lime_wool":97,"minecraft:end_stone":171,"minecraft:note_block":166,"minecraft:cookie":387,"minecraft:brown_concrete_powder":217,"minecraft:trident":170,"minecraft:light_gray_stained_glass_pane":128,"minecraft:stone_pressure_plate":104,"minecraft:tube_coral":8,"minecraft:red_shulker_box":745,"minecraft:pumpkin_pie":24,"minecraft:nether_bricks":86,"minecraft:pink_tulip":6,"minecraft:black_banner":23,"minecraft:brick_stairs":2,"minecraft:jungle_boat":89,"minecraft:dark_oak_button":1,"minecraft:golden_carrot":2330,"minecraft:magenta_banner":1,"minecraft:leather":633,"minecraft:ice":199,"minecraft:chainmail_chestplate":3,"minecraft:yellow_bed":259,"minecraft:cobblestone_wall":398,"minecraft:gunpowder":1024,"minecraft:orange_terracotta":505,"minecraft:cooked_mutton":76,"minecraft:red_carpet":396,"minecraft:gray_carpet":4126,"minecraft:acacia_trapdoor":51,"minecraft:rabbit_hide":6,"minecraft:spruce_wood":16,"minecraft:iron_ingot":3707,"minecraft:cooked_chicken":1612,"minecraft:prismarine_brick_slab":2,"minecraft:polished_andesite_slab":149,"minecraft:nether_quartz_ore":4575,"minecraft:emerald_block":103,"minecraft:stone_brick_slab":1270,"minecraft:quartz":8633,"minecraft:dandelion":1567,"minecraft:lava_bucket":2,"minecraft:green_stained_glass":10,"minecraft:red_banner":5,"minecraft:nether_brick_slab":1,"minecraft:spruce_door":15,"minecraft:brick_slab":14,"minecraft:light_blue_concrete_powder":40,"minecraft:pumpkin_seeds":103,"minecraft:white_concrete_powder":391,"minecraft:chainmail_leggings":4,"minecraft:terracotta":2268,"minecraft:damaged_anvil":13,"minecraft:sunflower":7,"minecraft:wooden_axe":4,"minecraft:seagrass":882,"minecraft:birch_door":5,"minecraft:iron_chestplate":12,"minecraft:chainmail_boots":18,"minecraft:flower_pot":23,"minecraft:anvil":96,"minecraft:prismarine_shard":5164,"minecraft:diamond_sword":176,"minecraft:oak_stairs":9,"minecraft:wither_rose":469,"minecraft:birch_button":137,"minecraft:brewing_stand":25,"minecraft:golden_sword":2,"minecraft:dark_oak_trapdoor":240,"minecraft:cooked_salmon":313,"minecraft:blue_stained_glass_pane":7,"minecraft:orange_concrete_powder":151,"minecraft:gold_nugget":1919,"minecraft:black_glazed_terracotta":1,"minecraft:spruce_planks":3349,"minecraft:written_book":141,"minecraft:coal_block":207,"minecraft:dark_oak_door":24,"minecraft:golden_helmet":8,"minecraft:composter":32,"minecraft:rabbit_foot":1,"minecraft:black_dye":48,"minecraft:gray_stained_glass_pane":158,"minecraft:light_gray_bed":6,"minecraft:light_blue_wool":50,"minecraft:tropical_fish":19,"minecraft:blue_dye":37,"minecraft:iron_block":2224,"minecraft:cyan_terracotta":1311,"minecraft:birch_log":412,"minecraft:magma_block":892,"minecraft:mossy_cobblestone_slab":2,"minecraft:iron_door":47,"minecraft:birch_slab":170,"minecraft:jungle_log":191,"minecraft:acacia_leaves":139,"minecraft:stripped_spruce_wood":7,"minecraft:map":55,"minecraft:gray_concrete":1115,"minecraft:light_gray_concrete_powder":232,"minecraft:chipped_anvil":16,"minecraft:gray_terracotta":3,"minecraft:glowstone_dust":2108,"minecraft:gray_glazed_terracotta":2,"minecraft:dropper":100,"minecraft:ink_sac":257,"minecraft:loom":1,"minecraft:dark_oak_log":264,"minecraft:red_terracotta":1328,"minecraft:barrel":7,"minecraft:stripped_acacia_log":19,"minecraft:dispenser":264,"minecraft:black_concrete_powder":4,"minecraft:green_concrete":17,"minecraft:writable_book":56,"minecraft:dead_brain_coral_block":1,"minecraft:blue_ice":84,"minecraft:chainmail_helmet":1,"minecraft:bread":4,"minecraft:dark_oak_fence":155,"minecraft:bricks":1,"minecraft:spruce_leaves":766,"minecraft:lime_stained_glass_pane":77,"minecraft:crafting_table":257,"minecraft:coarse_dirt":161,"minecraft:bubble_coral_fan":14,"minecraft:sandstone_slab":692,"minecraft:purple_wool":1,"minecraft:nether_wart":1,"minecraft:conduit":5,"minecraft:dead_horn_coral_block":37,"minecraft:jungle_trapdoor":28,"minecraft:red_bed":2,"minecraft:compass":1,"minecraft:cracked_stone_bricks":63,"minecraft:beef":512,"minecraft:quartz_stairs":1064,"minecraft:chest":283,"minecraft:egg":157,"minecraft:sandstone":6118,"minecraft:oak_door":26,"minecraft:spruce_fence":162,"minecraft:carrot":7544,"minecraft:redstone":7683,"minecraft:mushroom_stem":1404,"minecraft:prismarine_crystals":2299,"minecraft:blue_carpet":83,"minecraft:tnt":607,"minecraft:cooked_cod":1095,"minecraft:beetroot_seeds":12,"minecraft:peony":482,"minecraft:tube_coral_fan":34,"minecraft:shears":91,"minecraft:diamond_boots":83,"minecraft:sandstone_stairs":127,"minecraft:tube_coral_block":17,"minecraft:gold_ingot":127,"minecraft:white_shulker_box":189,"minecraft:lime_concrete_powder":34,"minecraft:white_wool":439,"minecraft:lapis_ore":41,"minecraft:stripped_oak_log":199,"minecraft:red_mushroom_block":2980,"minecraft:red_mushroom":165,"minecraft:filled_map":268,"minecraft:oak_log":2738,"minecraft:jungle_button":2,"minecraft:golden_boots":15,"minecraft:blue_bed":98,"minecraft:white_banner":292,"minecraft:birch_pressure_plate":1,"minecraft:stone_bricks":4940,"minecraft:kelp":2688,"minecraft:cobweb":123,"minecraft:glass_bottle":212,"minecraft:iron_sword":8,"minecraft:dark_oak_slab":818,"minecraft:white_stained_glass_pane":644,"minecraft:daylight_detector":5,"minecraft:yellow_concrete":253,"minecraft:light_blue_glazed_terracotta":38,"minecraft:gravel":19564,"minecraft:dead_fire_coral_block":2,"minecraft:birch_stairs":50,"minecraft:spruce_sapling":162,"minecraft:spruce_log":1254,"minecraft:sea_lantern":1697,"minecraft:firework_rocket":4682,"minecraft:purple_bed":48,"minecraft:polished_diorite":1,"minecraft:stone_axe":3,"minecraft:light_blue_carpet":3,"minecraft:redstone_ore":445,"minecraft:scute":140,"minecraft:diamond_axe":133,"minecraft:gray_wool":6,"minecraft:oak_button":109,"minecraft:stripped_dark_oak_log":182,"minecraft:ender_pearl":5999,"minecraft:music_disc_strad":1,"minecraft:wheat":1597,"minecraft:redstone_block":472,"minecraft:iron_trapdoor":237,"minecraft:light_gray_shulker_box":154,"minecraft:green_stained_glass_pane":6,"minecraft:turtle_egg":569,"minecraft:potion":50,"minecraft:brain_coral_block":42,"minecraft:smooth_stone_slab":4839,"minecraft:iron_leggings":13,"minecraft:armor_stand":215,"minecraft:sticky_piston":995,"minecraft:pink_shulker_box":156,"minecraft:oak_sign":349,"minecraft:sea_pickle":833,"minecraft:activator_rail":108,"minecraft:tnt_minecart":8,"minecraft:black_shulker_box":290,"minecraft:dark_oak_leaves":40,"minecraft:redstone_torch":529,"minecraft:iron_boots":12,"minecraft:furnace":95,"minecraft:stick":1838,"minecraft:orange_shulker_box":40,"minecraft:brown_terracotta":211,"minecraft:oak_fence":87,"minecraft:torch":6932,"minecraft:porkchop":8,"minecraft:snow_block":149,"minecraft:dead_brain_coral_fan":1,"minecraft:yellow_concrete_powder":2,"minecraft:blue_stained_glass":487,"minecraft:green_banner":2,"minecraft:quartz_block":373,"minecraft:cactus":298,"minecraft:green_wool":64,"minecraft:fire_coral_fan":29,"minecraft:cod":3347,"minecraft:nautilus_shell":60,"minecraft:magma_cream":33,"minecraft:chiseled_quartz_block":81,"minecraft:light_gray_dye":17,"minecraft:horn_coral":2,"minecraft:wither_skeleton_skull":12,"minecraft:green_shulker_box":105,"minecraft:lapis_lazuli":1592,"minecraft:polished_granite":142,"minecraft:leather_boots":16,"minecraft:bell":28,"minecraft:powered_rail":3990,"minecraft:oak_planks":1044,"minecraft:stone_hoe":1,"minecraft:brain_coral":6,"minecraft:ghast_tear":56,"minecraft:black_terracotta":147,"minecraft:cooked_porkchop":2,"minecraft:oak_pressure_plate":16,"minecraft:poisonous_potato":4,"minecraft:jungle_planks":149,"minecraft:sand":44551,"minecraft:lily_of_the_valley":9,"minecraft:dead_bush":87,"minecraft:cyan_bed":1,"minecraft:chiseled_sandstone":19,"minecraft:shulker_box":827,"minecraft:dark_prismarine":276,"minecraft:light_gray_concrete":3326,"minecraft:dark_prismarine_slab":86,"minecraft:spruce_fence_gate":40,"minecraft:diamond":1613,"minecraft:spruce_boat":72,"minecraft:black_concrete":500,"minecraft:white_concrete":16021,"minecraft:oak_sapling":595,"minecraft:bubble_coral_block":17,"minecraft:nether_star":6,"minecraft:end_stone_bricks":20,"minecraft:fishing_rod":65,"minecraft:cocoa_beans":972,"minecraft:charcoal":11,"minecraft:chicken":115,"minecraft:turtle_helmet":18,"minecraft:gold_block":194,"minecraft:stone_stairs":114,"minecraft:iron_axe":44,"minecraft:orange_concrete":5,"minecraft:wooden_sword":7,"minecraft:item_frame":302,"minecraft:quartz_slab":981,"minecraft:cyan_carpet":11,"minecraft:detector_rail":60,"minecraft:dark_prismarine_stairs":14,"minecraft:mossy_cobblestone_wall":5,"minecraft:oak_boat":232,"minecraft:player_head":666,"minecraft:observer":1022,"minecraft:light_gray_wool":99,"minecraft:lectern":261,"minecraft:blue_shulker_box":69,"minecraft:sugar_cane":1799,"minecraft:spruce_trapdoor":444,"minecraft:phantom_membrane":185,"minecraft:bowl":12,"minecraft:quartz_pillar":301,"minecraft:stone_button":561,"minecraft:magenta_shulker_box":28,"minecraft:dark_oak_planks":322,"minecraft:smooth_sandstone_slab":5,"minecraft:arrow":7465,"minecraft:light_blue_stained_glass_pane":2,"minecraft:saddle":15,"minecraft:lime_stained_glass":403,"minecraft:wet_sponge":221,"minecraft:salmon":954,"minecraft:cut_sandstone":26,"minecraft:birch_planks":808,"minecraft:cobblestone_stairs":213,"minecraft:wooden_hoe":2,"minecraft:podzol":70,"minecraft:smooth_sandstone":1069,"minecraft:red_sandstone":30,"minecraft:fire_coral_block":55,"minecraft:heart_of_the_sea":1,"minecraft:stripped_oak_wood":1,"minecraft:acacia_sapling":6,"minecraft:soul_sand":784,"minecraft:green_dye":51,"minecraft:book":166,"minecraft:scaffolding":6321,"minecraft:oak_slab":98,"minecraft:red_concrete_powder":86,"minecraft:birch_boat":41,"minecraft:pumpkin":8,"minecraft:chiseled_stone_bricks":46,"minecraft:brain_coral_fan":15,"minecraft:blast_furnace":10,"minecraft:white_bed":46,"minecraft:gold_ore":245,"minecraft:dark_oak_fence_gate":58,"minecraft:green_carpet":10,"minecraft:spider_eye":522,"minecraft:stripped_jungle_log":183,"minecraft:lime_banner":3,"minecraft:music_disc_mall":1,"minecraft:campfire":9,"minecraft:iron_helmet":10,"minecraft:black_wool":320,"minecraft:red_concrete":234,"minecraft:coal":8912},"minecraft:killed_by":{"minecraft:ravager":19,"minecraft:pufferfish":14,"minecraft:zombie":5,"minecraft:wither":1,"minecraft:drowned":19,"minecraft:skeleton":7,"minecraft:pillager":1,"minecraft:vindicator":3,"minecraft:vex":6,"minecraft:zombie_pigman":1,"minecraft:ender_dragon":15,"minecraft:guardian":2,"minecraft:creeper":8,"minecraft:blaze":1,"minecraft:player":4,"minecraft:enderman":11,"minecraft:iron_golem":2,"minecraft:phantom":48},"minecraft:custom":{"minecraft:interact_with_crafting_table":3220,"minecraft:damage_blocked_by_shield":3510,"minecraft:deaths":241,"minecraft:jump":414188,"minecraft:interact_with_smoker":13,"minecraft:inspect_dispenser":2432,"minecraft:horse_one_cm":969951,"minecraft:inspect_dropper":828,"minecraft:inspect_hopper":1221,"minecraft:tune_noteblock":246074,"minecraft:time_since_rest":12241,"minecraft:swim_one_cm":14313765,"minecraft:open_chest":19263,"minecraft:open_shulker_box":26229,"minecraft:damage_resisted":29132,"minecraft:play_noteblock":293,"minecraft:talked_to_villager":924,"minecraft:interact_with_brewingstand":712,"minecraft:interact_with_beacon":43,"minecraft:fill_cauldron":9,"minecraft:raid_win":34,"minecraft:boat_one_cm":41538373,"minecraft:damage_taken":452750,"minecraft:aviate_one_cm":379838089,"minecraft:open_barrel":333,"minecraft:bell_ring":141,"minecraft:eat_cake_slice":40,"minecraft:leave_game":1175,"minecraft:time_since_death":457232,"minecraft:enchant_item":33,"minecraft:interact_with_furnace":2891,"minecraft:traded_with_villager":990,"minecraft:sleep_in_bed":1404,"minecraft:damage_dealt":1106837,"minecraft:use_cauldron":3,"minecraft:sneak_time":5564571,"minecraft:interact_with_lectern":30,"minecraft:interact_with_blast_furnace":20,"minecraft:interact_with_stonecutter":13,"minecraft:fly_one_cm":81333866,"minecraft:fish_caught":3285,"minecraft:fall_one_cm":13291845,"minecraft:animals_bred":332,"minecraft:sprint_one_cm":161232709,"minecraft:drop":7709,"minecraft:walk_on_water_one_cm":8088525,"minecraft:play_one_minute":69871276,"minecraft:interact_with_loom":2,"minecraft:open_enderchest":2673,"minecraft:player_kills":1,"minecraft:crouch_one_cm":15348268,"minecraft:mob_kills":57844,"minecraft:climb_one_cm":10117384,"minecraft:walk_one_cm":173128764,"minecraft:walk_under_water_one_cm":20772229,"minecraft:raid_trigger":713,"minecraft:pot_flower":21,"minecraft:damage_absorbed":430,"minecraft:trigger_trapped_chest":28,"minecraft:minecart_one_cm":7481166,"minecraft:pig_one_cm":58339},"minecraft:killed":{"minecraft:cod":117,"minecraft:guardian":6850,"minecraft:tropical_fish":3,"minecraft:parrot":2,"minecraft:salmon":1,"minecraft:iron_golem":27,"minecraft:ender_dragon":2,"minecraft:pillager":7823,"minecraft:zombie":1196,"minecraft:evoker":310,"minecraft:zombie_pigman":1,"minecraft:vindicator":3433,"minecraft:endermite":28,"minecraft:snow_golem":3,"minecraft:husk":2,"minecraft:rabbit":3,"minecraft:ravager":9,"minecraft:witch":951,"minecraft:spider":210,"minecraft:wither":1,"minecraft:silverfish":58,"minecraft:zombie_villager":19,"minecraft:sheep":70,"minecraft:trader_llama":8,"minecraft:mooshroom":1,"minecraft:ghast":79,"minecraft:vex":53,"minecraft:slime":69,"minecraft:drowned":2793,"minecraft:squid":71,"minecraft:wither_skeleton":84,"minecraft:villager":16,"minecraft:cave_spider":15,"minecraft:dolphin":1,"minecraft:pufferfish":8,"minecraft:skeleton":732,"minecraft:mule":1,"minecraft:chicken":47,"minecraft:magma_cube":125,"minecraft:cow":163,"minecraft:horse":49,"minecraft:ocelot":1,"minecraft:wandering_trader":6,"minecraft:enderman":13046,"minecraft:turtle":138,"minecraft:pig":6,"minecraft:creeper":294,"minecraft:blaze":62,"minecraft:phantom":99,"minecraft:bat":4},"minecraft:crafted":{"minecraft:lime_stained_glass":7144,"minecraft:red_stained_glass_pane":16,"minecraft:black_dye":608,"minecraft:oak_sign":624,"minecraft:blaze_powder":82,"minecraft:birch_boat":3,"minecraft:blue_stained_glass_pane":160,"minecraft:diamond_shovel":8,"minecraft:gray_wool":3,"minecraft:cracked_stone_bricks":209,"minecraft:diamond_helmet":3,"minecraft:beacon":2,"minecraft:light_blue_concrete_powder":80,"minecraft:stone_pressure_plate":145,"minecraft:iron_door":12,"minecraft:gray_stained_glass_pane":288,"minecraft:dried_kelp_block":8,"minecraft:black_wool":114,"minecraft:gray_stained_glass":2344,"minecraft:white_shulker_box":12,"minecraft:name_tag":16,"minecraft:lime_concrete_powder":1024,"minecraft:turtle_helmet":29,"minecraft:blue_stained_glass":4296,"minecraft:redstone_lamp":63,"minecraft:end_rod":32,"minecraft:jungle_boat":25,"minecraft:chest_minecart":1,"minecraft:mossy_cobblestone":64,"minecraft:sticky_piston":1004,"minecraft:painting":21,"minecraft:cartography_table":2,"minecraft:stone_brick_stairs":856,"minecraft:wooden_hoe":3,"minecraft:stone_slab":1450,"minecraft:iron_pickaxe":17,"minecraft:sandstone":1218,"minecraft:composter":12,"minecraft:dark_prismarine":12,"minecraft:golden_carrot":1,"minecraft:orange_shulker_box":2,"minecraft:iron_nugget":108,"minecraft:diamond_hoe":1,"minecraft:red_banner":36,"minecraft:light_gray_wool":26,"minecraft:jack_o_lantern":7,"minecraft:blue_shulker_box":1,"minecraft:lime_stained_glass_pane":1776,"minecraft:spruce_fence":297,"minecraft:stone_stairs":512,"minecraft:lantern":11,"minecraft:spruce_stairs":232,"minecraft:light_gray_shulker_box":2,"minecraft:red_shulker_box":10,"minecraft:stone_pickaxe":5,"minecraft:quartz_slab":636,"minecraft:spruce_boat":50,"minecraft:lead":54,"minecraft:purpur_slab":12,"minecraft:acacia_trapdoor":178,"minecraft:leather_helmet":3,"minecraft:dark_oak_button":15,"minecraft:red_carpet":282,"minecraft:enchanted_book":67,"minecraft:orange_dye":138,"minecraft:oak_fence_gate":13,"minecraft:red_stained_glass":8,"minecraft:fermented_spider_eye":3,"minecraft:birch_trapdoor":64,"minecraft:black_stained_glass_pane":16,"minecraft:writable_book":88,"minecraft:iron_shovel":18,"minecraft:armor_stand":169,"minecraft:note_block":300,"minecraft:cobblestone_slab":1260,"minecraft:barrel":21,"minecraft:cooked_chicken":61,"minecraft:snow":618,"minecraft:stone":1633,"minecraft:red_sandstone":1585,"minecraft:heavy_weighted_pressure_plate":1,"minecraft:quartz_pillar":256,"minecraft:cake":7,"minecraft:stone_brick_slab":4360,"minecraft:bow":49,"minecraft:comparator":50,"minecraft:chest":890,"minecraft:oak_button":354,"minecraft:rail":2365,"minecraft:birch_button":128,"minecraft:ender_eye":40,"minecraft:stone_bricks":12548,"minecraft:oak_fence":132,"minecraft:white_banner":3,"minecraft:dropper":7,"minecraft:cauldron":17,"minecraft:iron_helmet":10,"minecraft:birch_pressure_plate":32,"minecraft:red_wool":186,"minecraft:acacia_button":28,"minecraft:spectral_arrow":116,"minecraft:white_stained_glass_pane":1984,"minecraft:dispenser":113,"minecraft:prismarine_brick_slab":6,"minecraft:apple":80,"minecraft:tnt":1703,"minecraft:spruce_trapdoor":682,"minecraft:yellow_dye":159,"minecraft:stick":10916,"minecraft:iron_ingot":9494,"minecraft:light_blue_shulker_box":4,"minecraft:light_blue_stained_glass":4928,"minecraft:lime_carpet":120,"minecraft:dark_oak_fence_gate":53,"minecraft:oak_door":21,"minecraft:nether_brick_slab":60,"minecraft:fishing_rod":37,"minecraft:stone_brick_wall":2662,"minecraft:tripwire_hook":108,"minecraft:leather_boots":54,"minecraft:spruce_button":35,"minecraft:mossy_stone_bricks":26,"minecraft:furnace":129,"minecraft:blast_furnace":7,"minecraft:piston":1189,"minecraft:polished_andesite_slab":414,"minecraft:smooth_quartz_stairs":8,"minecraft:oak_trapdoor":558,"minecraft:flint_and_steel":12,"minecraft:scaffolding":252,"minecraft:white_concrete_powder":14896,"minecraft:cobblestone_wall":648,"minecraft:brown_shulker_box":1,"minecraft:smooth_quartz_slab":18,"minecraft:purpur_block":64,"minecraft:birch_sign":54,"minecraft:light_blue_stained_glass_pane":64,"minecraft:iron_trapdoor":1773,"minecraft:iron_sword":10,"minecraft:black_banner":6,"minecraft:cooked_salmon":205,"minecraft:jungle_planks":1316,"minecraft:white_dye":3843,"minecraft:black_carpet":1304,"minecraft:blue_wool":357,"minecraft:anvil":50,"minecraft:stonecutter":2,"minecraft:torch":5305,"minecraft:diamond_chestplate":1,"minecraft:ender_chest":29,"minecraft:jungle_button":1,"minecraft:light_gray_concrete_powder":2336,"minecraft:smooth_stone":5307,"minecraft:cut_sandstone":28,"minecraft:oak_pressure_plate":17,"minecraft:birch_slab":192,"minecraft:slime_block":286,"minecraft:loom":1,"minecraft:lever":187,"minecraft:bookshelf":8,"minecraft:dark_prismarine_stairs":52,"minecraft:cooked_mutton":131,"minecraft:iron_bars":3060,"minecraft:red_concrete_powder":16,"minecraft:magenta_shulker_box":1,"minecraft:quartz_block":1931,"minecraft:glass":17680,"minecraft:repeater":851,"minecraft:diamond_leggings":4,"minecraft:birch_fence_gate":20,"minecraft:birch_door":3,"minecraft:chiseled_quartz_block":148,"minecraft:gray_bed":1,"minecraft:flower_pot":7,"minecraft:glass_bottle":315,"minecraft:emerald":1407,"minecraft:smooth_quartz":37,"minecraft:diamond_axe":3,"minecraft:spruce_door":24,"minecraft:clock":1,"minecraft:hay_block":107,"minecraft:campfire":2,"minecraft:compass":58,"minecraft:iron_block":4587,"minecraft:gold_ingot":2350,"minecraft:light_gray_dye":874,"minecraft:spruce_fence_gate":15,"minecraft:packed_ice":5,"minecraft:yellow_concrete_powder":72,"minecraft:stone_shovel":4,"minecraft:smooth_stone_slab":17838,"minecraft:leather_leggings":61,"minecraft:player_head":78,"minecraft:yellow_bed":33,"minecraft:bone_meal":27706,"minecraft:pink_dye":360,"minecraft:andesite_wall":6,"minecraft:white_carpet":267,"minecraft:diamond":2178,"minecraft:dark_oak_fence":54,"minecraft:detector_rail":12,"minecraft:ladder":1113,"minecraft:spruce_slab":582,"minecraft:diamond_boots":4,"minecraft:redstone_block":241,"minecraft:jungle_fence":18,"minecraft:dark_oak_planks":9384,"minecraft:wheat":45,"minecraft:coal_block":610,"minecraft:firework_star":381,"minecraft:daylight_detector":6,"minecraft:dried_kelp":76,"minecraft:red_sandstone_slab":3048,"minecraft:red_bed":1,"minecraft:blue_bed":1,"minecraft:polished_granite":196,"minecraft:gray_concrete_powder":1808,"minecraft:sandstone_slab":792,"minecraft:conduit":1,"minecraft:glowstone":428,"minecraft:white_stained_glass":616,"minecraft:golden_apple":9,"minecraft:acacia_sign":3,"minecraft:gray_shulker_box":3,"minecraft:oak_stairs":16,"minecraft:wooden_axe":3,"minecraft:iron_leggings":10,"minecraft:white_bed":11,"minecraft:blue_carpet":3,"minecraft:golden_hoe":1,"minecraft:brick":6,"minecraft:oak_planks":9246,"minecraft:dark_oak_boat":26,"minecraft:pink_shulker_box":4,"minecraft:cobblestone_stairs":336,"minecraft:spruce_pressure_plate":6,"minecraft:purpur_stairs":8,"minecraft:green_dye":179,"minecraft:dark_oak_door":21,"minecraft:hopper":409,"minecraft:iron_boots":9,"minecraft:written_book":39,"minecraft:cyan_terracotta":2624,"minecraft:chiseled_stone_bricks":39,"minecraft:yellow_banner":20,"minecraft:stone_hoe":2,"minecraft:smoker":3,"minecraft:quartz_stairs":1152,"minecraft:oak_slab":126,"minecraft:item_frame":97,"minecraft:map":58,"minecraft:crafting_table":119,"minecraft:spruce_planks":9337,"minecraft:wooden_pickaxe":2,"minecraft:light_gray_banner":2,"minecraft:gold_block":250,"minecraft:hopper_minecart":30,"minecraft:brewing_stand":3,"minecraft:birch_planks":3800,"minecraft:black_shulker_box":5,"minecraft:iron_chestplate":11,"minecraft:dark_oak_slab":606,"minecraft:book":22,"minecraft:emerald_block":104,"minecraft:paper":2517,"minecraft:diamond_pickaxe":11,"minecraft:charcoal":33,"minecraft:shield":6,"minecraft:light_weighted_pressure_plate":3,"minecraft:birch_fence":33,"minecraft:light_blue_dye":708,"minecraft:leather_chestplate":72,"minecraft:stone_sword":2,"minecraft:snow_block":951,"minecraft:green_shulker_box":1,"minecraft:redstone_torch":2834,"minecraft:gray_carpet":510,"minecraft:light_gray_carpet":4499,"minecraft:sponge":186,"minecraft:shears":90,"minecraft:light_gray_stained_glass_pane":32,"minecraft:green_carpet":63,"minecraft:sandstone_stairs":152,"minecraft:polished_andesite":2856,"minecraft:coarse_dirt":496,"minecraft:wooden_sword":34,"minecraft:cookie":192,"minecraft:redstone":6291,"minecraft:coal":171,"minecraft:light_gray_stained_glass":2680,"minecraft:stone_button":450,"minecraft:dark_oak_trapdoor":74,"minecraft:jungle_trapdoor":84,"minecraft:gray_dye":1022,"minecraft:end_stone_bricks":64,"minecraft:diamond_block":178,"minecraft:glass_pane":192,"minecraft:blue_ice":703,"minecraft:yellow_shulker_box":4,"minecraft:green_concrete_powder":8,"minecraft:iron_axe":4,"minecraft:spruce_wood":9,"minecraft:slime_ball":640,"minecraft:lime_dye":1218,"minecraft:filled_map":106,"minecraft:chiseled_sandstone":132,"minecraft:observer":39,"minecraft:minecart":276,"minecraft:cooked_beef":178,"minecraft:sugar":22,"minecraft:red_dye":743,"minecraft:cooked_cod":942,"minecraft:bone_block":456,"minecraft:diamond_sword":13,"minecraft:cyan_dye":462,"minecraft:dark_oak_stairs":24,"minecraft:powered_rail":150,"minecraft:activator_rail":12,"minecraft:yellow_carpet":930,"minecraft:smooth_sandstone":1086,"minecraft:bowl":72,"minecraft:bucket":73,"minecraft:stone_axe":1,"minecraft:mossy_cobblestone_wall":36,"minecraft:air":0,"minecraft:bread":38,"minecraft:blue_dye":960,"minecraft:black_stained_glass":1344,"minecraft:oak_boat":50,"minecraft:white_wool":606,"minecraft:gold_nugget":9,"minecraft:dark_prismarine_slab":162,"minecraft:green_wool":8,"minecraft:pumpkin_pie":58,"minecraft:acacia_planks":652,"minecraft:end_crystal":12,"minecraft:lapis_lazuli":18,"minecraft:firework_rocket":1548}},"DataVersion":1976}