{"stats":{"minecraft:used":{"minecraft:cooked_chicken":12,"minecraft:dirt":45,"minecraft:spruce_stairs":9,"minecraft:stone_pickaxe":71,"minecraft:white_concrete":6,"minecraft:magenta_carpet":1,"minecraft:birch_stairs":3,"minecraft:stone_bricks":17},"minecraft:crafted":{"minecraft:stone_pickaxe":1},"minecraft:mined":{"minecraft:dirt":7,"minecraft:white_concrete":6,"minecraft:stone":65},"minecraft:picked_up":{"minecraft:stone_bricks":1,"minecraft:white_concrete":6,"minecraft:dirt":10,"minecraft:cobblestone":65},"minecraft:killed":{"minecraft:slime":1},"minecraft:custom":{"minecraft:time_since_rest":29019734,"minecraft:open_chest":42,"minecraft:crouch_one_cm":1085,"minecraft:play_one_minute":29019734,"minecraft:sprint_one_cm":151076,"minecraft:open_shulker_box":12,"minecraft:open_enderchest":2,"minecraft:damage_taken":298,"minecraft:walk_one_cm":50100,"minecraft:sneak_time":149616,"minecraft:walk_under_water_one_cm":1552074,"minecraft:mob_kills":1,"minecraft:jump":1302,"minecraft:damage_dealt":10,"minecraft:leave_game":368,"minecraft:walk_on_water_one_cm":686212,"minecraft:time_since_death":29019688,"minecraft:swim_one_cm":1652,"minecraft:interact_with_crafting_table":2,"minecraft:fall_one_cm":39026,"minecraft:fly_one_cm":76607589}},"DataVersion":1976}