{"stats":{"minecraft:mined":{"minecraft:spruce_planks":1,"minecraft:oak_sapling":13,"minecraft:jungle_leaves":159,"minecraft:dandelion":7,"minecraft:cornflower":3,"minecraft:poppy":2,"minecraft:grass_block":2,"minecraft:jungle_log":369,"minecraft:spruce_wall_sign":4,"minecraft:oak_wall_sign":3,"minecraft:oxeye_daisy":2,"minecraft:coarse_dirt":2,"minecraft:jungle_sapling":38,"minecraft:grass_path":1,"minecraft:grass":1124,"minecraft:vine":13,"minecraft:end_rod":2,"minecraft:birch_wall_sign":1,"minecraft:birch_sign":2,"minecraft:oak_leaves":7,"minecraft:jungle_wall_sign":11},"minecraft:dropped":{"minecraft:wheat_seeds":5,"minecraft:iron_helmet":3,"minecraft:cobblestone":1,"minecraft:oak_planks":128,"minecraft:iron_boots":3,"minecraft:oak_sign":14,"minecraft:stick":1,"minecraft:oxeye_daisy":2,"minecraft:diamond_sword":1,"minecraft:golden_carrot":35,"minecraft:cornflower":2,"minecraft:iron_chestplate":3,"minecraft:iron_leggings":3,"minecraft:jungle_sapling":2,"minecraft:birch_sign":19,"minecraft:jungle_leaves":256,"minecraft:bone_meal":130,"minecraft:spruce_slab":2,"minecraft:oak_leaves":128},"minecraft:used":{"minecraft:jungle_leaves":14,"minecraft:end_rod":2,"minecraft:oak_sign":52,"minecraft:spruce_planks":1,"minecraft:chest":2,"minecraft:spruce_sign":68,"minecraft:diamond_axe":429,"minecraft:cobblestone_slab":1,"minecraft:birch_sign":127,"minecraft:jungle_sapling":253,"minecraft:diamond_pickaxe":4,"minecraft:jungle_log":21,"minecraft:jungle_sign":81,"minecraft:diamond_sword":59,"minecraft:golden_carrot":81,"minecraft:oak_sapling":205,"minecraft:egg":1,"minecraft:bone_meal":1653},"minecraft:picked_up":{"minecraft:coarse_dirt":2,"minecraft:lilac":1,"minecraft:golden_carrot":12,"minecraft:iron_door":1,"minecraft:jungle_log":363,"minecraft:diamond_sword":1,"minecraft:oak_log":26,"minecraft:cornflower":2,"minecraft:dirt":4,"minecraft:bone":13,"minecraft:oak_sign":102,"minecraft:wheat_seeds":146,"minecraft:spruce_planks":2,"minecraft:cobblestone_slab":20,"minecraft:jungle_sapling":66,"minecraft:poppy":3,"minecraft:spruce_slab":2,"minecraft:egg":6,"minecraft:stick":38,"minecraft:oak_fence":1,"minecraft:dandelion":6,"minecraft:porkchop":3,"minecraft:jungle_planks":1,"minecraft:grass_block":8,"minecraft:stone_pressure_plate":1,"minecraft:jungle_sign":10,"minecraft:jungle_leaves":50,"minecraft:rotten_flesh":6,"minecraft:arrow":10,"minecraft:diamond":3,"minecraft:iron_helmet":1,"minecraft:birch_sign":22,"minecraft:bone_meal":12,"minecraft:spruce_sign":4,"minecraft:end_rod":2,"minecraft:oak_sapling":42,"minecraft:cobblestone":1,"minecraft:oxeye_daisy":3},"minecraft:custom":{"minecraft:mob_kills":14,"minecraft:interact_with_crafting_table":23,"minecraft:play_one_minute":458630,"minecraft:open_shulker_box":272,"minecraft:leave_game":2,"minecraft:time_since_death":458630,"minecraft:sleep_in_bed":2,"minecraft:climb_one_cm":4570,"minecraft:time_since_rest":404801,"minecraft:sprint_one_cm":2597081,"minecraft:open_enderchest":3,"minecraft:damage_taken":1816,"minecraft:walk_one_cm":556887,"minecraft:drop":48,"minecraft:damage_dealt":2382,"minecraft:fly_one_cm":1577719,"minecraft:open_chest":244,"minecraft:crouch_one_cm":2800,"minecraft:sneak_time":1871,"minecraft:jump":6642,"minecraft:walk_on_water_one_cm":764,"minecraft:fall_one_cm":169093},"minecraft:killed":{"minecraft:pig":1,"minecraft:spider":1,"minecraft:skeleton":10,"minecraft:zombie":1,"minecraft:cow":1},"minecraft:crafted":{"minecraft:bone_block":20,"minecraft:oak_planks":273,"minecraft:diamond_sword":1,"minecraft:oak_sign":48,"minecraft:spruce_sign":132,"minecraft:diamond_axe":1,"minecraft:spruce_planks":272,"minecraft:wooden_pickaxe":1,"minecraft:iron_helmet":4,"minecraft:bone_meal":1989,"minecraft:jungle_planks":304,"minecraft:iron_boots":4,"minecraft:iron_chestplate":4,"minecraft:diamond_pickaxe":1,"minecraft:stick":322,"minecraft:iron_ingot":117,"minecraft:chest":2,"minecraft:iron_leggings":4,"minecraft:birch_sign":12,"minecraft:jungle_sign":87}},"DataVersion":1976}