{"stats":{"minecraft:used":{"minecraft:writable_book":141,"minecraft:jack_o_lantern":1,"minecraft:smooth_quartz_slab":462,"minecraft:dispenser":68,"minecraft:poppy":32,"minecraft:black_carpet":17,"minecraft:stone":62194,"minecraft:quartz_stairs":4099,"minecraft:red_nether_brick_stairs":491,"minecraft:rotten_flesh":3,"minecraft:tube_coral":4,"minecraft:soul_sand":1452,"minecraft:cocoa_beans":3470,"minecraft:snowball":63,"minecraft:azure_bluet":22,"minecraft:spruce_boat":334,"minecraft:jungle_sapling":610,"minecraft:packed_ice":15339,"minecraft:quartz_pillar":1954,"minecraft:lava_bucket":26,"minecraft:red_wool":109,"minecraft:lime_banner":2,"minecraft:quartz_block":4896,"minecraft:dark_oak_leaves":768,"minecraft:dark_oak_slab":6740,"minecraft:cooked_cod":36,"minecraft:bow":3044,"minecraft:acacia_fence":20,"minecraft:oak_sapling":4325,"minecraft:green_stained_glass_pane":66,"minecraft:dark_prismarine_stairs":4402,"minecraft:mossy_stone_bricks":1521,"minecraft:damaged_anvil":6,"minecraft:chorus_fruit":24,"minecraft:prismarine":65,"minecraft:lily_pad":8,"minecraft:cactus":117,"minecraft:wooden_pickaxe":32,"minecraft:mossy_stone_brick_stairs":756,"minecraft:composter":3,"minecraft:clay":191,"minecraft:golden_apple":2,"minecraft:acacia_leaves":57,"minecraft:purple_terracotta":134,"minecraft:chiseled_quartz_block":886,"minecraft:gray_concrete":8470,"minecraft:purple_concrete_powder":8,"minecraft:birch_fence":17,"minecraft:birch_slab":219,"minecraft:gray_stained_glass_pane":98,"minecraft:oak_pressure_plate":50,"minecraft:diamond_sword":8683,"minecraft:coal_block":138,"minecraft:birch_log":4136,"minecraft:oak_boat":95,"minecraft:purple_wool":10,"minecraft:oak_trapdoor":1008,"minecraft:dead_tube_coral_block":39,"minecraft:enchanting_table":1,"minecraft:orange_concrete":8,"minecraft:armor_stand":4,"minecraft:light_gray_carpet":109,"minecraft:cooked_salmon":13,"minecraft:torch":22164,"minecraft:orange_stained_glass":814,"minecraft:brewing_stand":1,"minecraft:nether_quartz_ore":9539,"minecraft:cod_bucket":10,"minecraft:yellow_carpet":130,"minecraft:golden_shovel":42,"minecraft:oak_fence_gate":9,"minecraft:fern":8,"minecraft:mossy_cobblestone_stairs":76,"minecraft:sea_lantern":2259,"minecraft:chipped_anvil":23,"minecraft:iron_block":1568,"minecraft:light_weighted_pressure_plate":22,"minecraft:jungle_log":658,"minecraft:barrel":231,"minecraft:bamboo":179,"minecraft:lime_concrete":6290,"minecraft:magenta_terracotta":307,"minecraft:podzol":14,"minecraft:trapped_chest":7,"minecraft:acacia_planks":86,"minecraft:horn_coral_fan":3,"minecraft:wheat_seeds":5872,"minecraft:light_blue_shulker_box":2147,"minecraft:tube_coral_block":16,"minecraft:birch_planks":45,"minecraft:blue_concrete_powder":200,"minecraft:cauldron":11,"minecraft:spruce_fence_gate":49,"minecraft:gold_ore":26,"minecraft:conduit":2,"minecraft:diamond_block":82,"minecraft:light_gray_banner":13,"minecraft:rail":6442,"minecraft:red_bed":29,"minecraft:white_bed":261,"minecraft:campfire":54,"minecraft:spruce_log":10833,"minecraft:mushroom_stem":1066,"minecraft:acacia_sign":3,"minecraft:diamond_shovel":312762,"minecraft:diamond_pickaxe":1042043,"minecraft:blue_stained_glass_pane":82,"minecraft:oak_button":7,"minecraft:tnt_minecart":3,"minecraft:spruce_pressure_plate":45,"minecraft:magenta_concrete_powder":8,"minecraft:spruce_trapdoor":3097,"minecraft:spruce_sapling":3590,"minecraft:blue_carpet":510,"minecraft:pink_bed":5,"minecraft:green_carpet":230,"minecraft:potion":40,"minecraft:orange_banner":5,"minecraft:purple_bed":11,"minecraft:cooked_porkchop":4,"minecraft:andesite_stairs":88,"minecraft:stripped_oak_log":48,"minecraft:dandelion":12,"minecraft:green_stained_glass":54,"minecraft:melon":19,"minecraft:light_gray_stained_glass_pane":62,"minecraft:bone_block":1768,"minecraft:nether_wart":14378,"minecraft:grass":225,"minecraft:bubble_coral":1,"minecraft:mossy_stone_brick_slab":342,"minecraft:green_terracotta":1,"minecraft:spruce_leaves":1870,"minecraft:jungle_planks":1204,"minecraft:pink_terracotta":62,"minecraft:obsidian":412,"minecraft:bricks":9,"minecraft:spruce_wood":1221,"minecraft:lantern":1365,"minecraft:blue_orchid":29,"minecraft:green_wool":145,"minecraft:light_blue_bed":12,"minecraft:mossy_cobblestone_slab":129,"minecraft:item_frame":478,"minecraft:birch_button":3,"minecraft:birch_trapdoor":17,"minecraft:horn_coral":3,"minecraft:written_book":200,"minecraft:blue_shulker_box":41,"minecraft:gold_block":4906,"minecraft:pink_concrete_powder":8,"minecraft:dark_oak_sapling":3775,"minecraft:tube_coral_fan":3,"minecraft:end_rod":141,"minecraft:dropper":493,"minecraft:wither_skeleton_skull":9,"minecraft:stripped_acacia_log":4,"minecraft:gray_carpet":2,"minecraft:stone_pickaxe":161,"minecraft:jungle_fence":147,"minecraft:oak_planks":569,"minecraft:sandstone":106,"minecraft:sugar_cane":4581,"minecraft:diamond_axe":169240,"minecraft:white_wool":92,"minecraft:light_blue_concrete":5104,"minecraft:lime_stained_glass_pane":569,"minecraft:light_blue_wool":5,"minecraft:yellow_concrete":3063,"minecraft:crossbow":10,"minecraft:end_stone":47,"minecraft:sticky_piston":238,"minecraft:black_terracotta":65,"minecraft:dead_fire_coral_fan":10,"minecraft:lever":444,"minecraft:acacia_door":2,"minecraft:dark_oak_log":10361,"minecraft:bread":77,"minecraft:brown_wool":99,"minecraft:iron_door":37,"minecraft:light_blue_concrete_powder":3829,"minecraft:pufferfish_bucket":174,"minecraft:dead_horn_coral_fan":1,"minecraft:smooth_stone_slab":3896,"minecraft:mossy_cobblestone_wall":231,"minecraft:coarse_dirt":3453,"minecraft:bone_meal":52270,"minecraft:dried_kelp":4,"minecraft:white_tulip":33,"minecraft:orange_concrete_powder":24,"minecraft:flint_and_steel":147,"minecraft:rose_bush":339,"minecraft:granite_stairs":1,"minecraft:redstone":2674,"minecraft:ender_chest":230,"minecraft:brown_shulker_box":692,"minecraft:stripped_birch_wood":1,"minecraft:stone_hoe":79,"minecraft:cooked_chicken":3948,"minecraft:dried_kelp_block":39,"minecraft:dirt":64341,"minecraft:red_nether_brick_slab":905,"minecraft:spruce_fence":2387,"minecraft:iron_hoe":462,"minecraft:wooden_axe":152,"minecraft:brown_terracotta":9,"minecraft:light_gray_stained_glass":739,"minecraft:oak_stairs":1708,"minecraft:smooth_sandstone":313,"minecraft:yellow_concrete_powder":2109,"minecraft:black_stained_glass":2836,"minecraft:dark_oak_pressure_plate":99,"minecraft:lime_stained_glass":909,"minecraft:minecart":208,"minecraft:cyan_concrete_powder":142,"minecraft:dead_bubble_coral_block":48,"minecraft:mossy_stone_brick_wall":142,"minecraft:light_gray_bed":3,"minecraft:cooked_beef":415,"minecraft:pumpkin":3,"minecraft:turtle_egg":6,"minecraft:orange_stained_glass_pane":2431,"minecraft:beetroot_soup":1,"minecraft:cobblestone_stairs":839,"minecraft:snow_block":38,"minecraft:baked_potato":614,"minecraft:red_nether_bricks":239,"minecraft:birch_boat":67,"minecraft:brown_mushroom":21,"minecraft:cut_sandstone":2,"minecraft:spruce_sign":255,"minecraft:green_bed":15,"minecraft:dark_prismarine_slab":9395,"minecraft:magenta_bed":1,"minecraft:red_mushroom":78,"minecraft:magenta_carpet":22,"minecraft:cyan_stained_glass":342,"minecraft:piston":64,"minecraft:wooden_hoe":91,"minecraft:gray_terracotta":9,"minecraft:flower_pot":55,"minecraft:lapis_ore":26,"minecraft:stone_slab":826,"minecraft:detector_rail":36,"minecraft:magenta_concrete":11,"minecraft:jungle_stairs":94,"minecraft:yellow_wool":153,"minecraft:stone_axe":36,"minecraft:brown_stained_glass_pane":3,"minecraft:fire_coral_block":25,"minecraft:pink_shulker_box":86,"minecraft:cyan_stained_glass_pane":41,"minecraft:lapis_block":2,"minecraft:wither_rose":447,"minecraft:sea_pickle":329,"minecraft:birch_stairs":12,"minecraft:peony":76,"minecraft:dead_horn_coral_block":29,"minecraft:spruce_slab":11630,"minecraft:ladder":587,"minecraft:chest":3444,"minecraft:brown_concrete":1,"minecraft:white_shulker_box":351,"minecraft:acacia_button":3,"minecraft:stripped_spruce_log":44,"minecraft:acacia_sapling":1125,"minecraft:orange_wool":50,"minecraft:blue_stained_glass":1052,"minecraft:allium":6,"minecraft:jungle_slab":872,"minecraft:black_stained_glass_pane":1819,"minecraft:grass_block":35321,"minecraft:birch_sapling":2507,"minecraft:polished_andesite_stairs":117,"minecraft:orange_shulker_box":534,"minecraft:dark_oak_button":10,"minecraft:pink_wool":704,"minecraft:stone_brick_stairs":8311,"minecraft:snow":4,"minecraft:red_stained_glass_pane":456,"minecraft:dark_oak_boat":101,"minecraft:sweet_berries":40,"minecraft:furnace":912,"minecraft:egg":7975,"minecraft:potato":2009,"minecraft:dragon_head":5,"minecraft:seagrass":137,"minecraft:brown_concrete_powder":1,"minecraft:magenta_shulker_box":232,"minecraft:light_blue_carpet":71,"minecraft:emerald_ore":3,"minecraft:spruce_door":89,"minecraft:stripped_birch_log":1212,"minecraft:diorite":3937,"minecraft:end_stone_bricks":234,"minecraft:red_stained_glass":1241,"minecraft:acacia_trapdoor":16,"minecraft:powered_rail":2582,"minecraft:orange_tulip":3,"minecraft:lime_concrete_powder":2158,"minecraft:jungle_pressure_plate":3,"minecraft:purpur_pillar":5,"minecraft:oak_leaves":1323,"minecraft:smooth_quartz_stairs":69,"minecraft:cookie":11,"minecraft:dark_oak_trapdoor":2998,"minecraft:sand":19892,"minecraft:purpur_stairs":7,"minecraft:blue_ice":7025,"minecraft:black_concrete_powder":1953,"minecraft:pumpkin_seeds":14,"minecraft:stone_button":152,"minecraft:cyan_carpet":115,"minecraft:diamond_ore":276,"minecraft:lectern":3,"minecraft:polished_granite":279,"minecraft:lilac":365,"minecraft:polished_andesite_slab":200,"minecraft:magenta_stained_glass_pane":40,"minecraft:wooden_sword":153,"minecraft:dark_oak_fence":3149,"minecraft:white_stained_glass":7573,"minecraft:bubble_coral_block":19,"minecraft:green_concrete_powder":2704,"minecraft:pink_stained_glass":227,"minecraft:ice":339,"minecraft:gray_stained_glass":416,"minecraft:iron_bars":320,"minecraft:stone_sword":46,"minecraft:acacia_log":2680,"minecraft:red_concrete":6696,"minecraft:mycelium":357,"minecraft:netherrack":6693,"minecraft:orange_bed":2,"minecraft:light_gray_shulker_box":583,"minecraft:anvil":157,"minecraft:stone_stairs":394,"minecraft:nether_brick_slab":101,"minecraft:blue_concrete":8,"minecraft:jungle_trapdoor":475,"minecraft:dead_brain_coral_block":62,"minecraft:nether_brick_stairs":295,"minecraft:polished_diorite":332,"minecraft:red_shulker_box":374,"minecraft:cyan_shulker_box":103,"minecraft:iron_axe":456,"minecraft:spruce_button":175,"minecraft:slime_block":151,"minecraft:smooth_quartz":22,"minecraft:totem_of_undying":8,"minecraft:pink_stained_glass_pane":47,"minecraft:melon_seeds":1314,"minecraft:tripwire_hook":80,"minecraft:purple_concrete":14,"minecraft:glowstone":515,"minecraft:iron_trapdoor":103,"minecraft:magenta_wool":3,"minecraft:orange_terracotta":4,"minecraft:observer":553,"minecraft:water_bucket":1662,"minecraft:yellow_banner":5,"minecraft:nether_brick_wall":51,"minecraft:light_blue_glazed_terracotta":3,"minecraft:sandstone_stairs":1,"minecraft:yellow_shulker_box":289,"minecraft:smooth_sandstone_slab":1,"minecraft:lime_wool":174,"minecraft:red_mushroom_block":2605,"minecraft:cracked_stone_bricks":763,"minecraft:pink_concrete":10,"minecraft:orange_carpet":10,"minecraft:lime_terracotta":2,"minecraft:comparator":313,"minecraft:mossy_cobblestone":701,"minecraft:vine":605,"minecraft:tnt":201,"minecraft:crafting_table":473,"minecraft:oak_slab":4624,"minecraft:birch_sign":50,"minecraft:fire_coral":4,"minecraft:dark_oak_fence_gate":251,"minecraft:lime_shulker_box":40,"minecraft:cake":2,"minecraft:oak_log":1628,"minecraft:dark_prismarine":898,"minecraft:cornflower":12,"minecraft:oxeye_daisy":23,"minecraft:stripped_jungle_log":4,"minecraft:sunflower":2,"minecraft:iron_pickaxe":3243,"minecraft:cyan_concrete":48,"minecraft:chiseled_stone_bricks":673,"minecraft:cobblestone":22924,"minecraft:red_concrete_powder":4475,"minecraft:acacia_pressure_plate":4,"minecraft:sandstone_slab":3,"minecraft:glass_pane":4953,"minecraft:brown_mushroom_block":382,"minecraft:jukebox":9,"minecraft:kelp":535,"minecraft:light_blue_stained_glass_pane":303,"minecraft:iron_shovel":577,"minecraft:dead_tube_coral_fan":3,"minecraft:oak_sign":226,"minecraft:diamond_hoe":3187,"minecraft:white_concrete_powder":39393,"minecraft:iron_sword":177,"minecraft:purple_shulker_box":57,"minecraft:bell":31,"minecraft:player_head":73,"minecraft:birch_pressure_plate":6,"minecraft:nether_bricks":345,"minecraft:carrot":8384,"minecraft:cyan_wool":193,"minecraft:glass":5812,"minecraft:cyan_terracotta":100,"minecraft:coal_ore":939,"minecraft:quartz_slab":8513,"minecraft:dark_oak_wood":33,"minecraft:gray_concrete_powder":8447,"minecraft:hopper_minecart":61,"minecraft:stone_bricks":29027,"minecraft:redstone_lamp":420,"minecraft:repeater":785,"minecraft:red_carpet":600,"minecraft:magma_block":86,"minecraft:brown_carpet":616,"minecraft:hay_block":3,"minecraft:scaffolding":18543,"minecraft:beetroot_seeds":269,"minecraft:gray_bed":58,"minecraft:dark_oak_stairs":5341,"minecraft:birch_leaves":12,"minecraft:dark_oak_sign":16,"minecraft:birch_wood":408,"minecraft:ender_pearl":929,"minecraft:blue_bed":101,"minecraft:redstone_block":583,"minecraft:brain_coral":9,"minecraft:yellow_terracotta":45,"minecraft:loom":23,"minecraft:black_banner":30,"minecraft:dead_bubble_coral":4,"minecraft:note_block":123,"minecraft:stone_brick_wall":809,"minecraft:shears":25076,"minecraft:redstone_torch":468,"minecraft:gray_shulker_box":283,"minecraft:firework_rocket":1313,"minecraft:green_concrete":3257,"minecraft:string":629,"minecraft:black_concrete":1476,"minecraft:heavy_weighted_pressure_plate":8,"minecraft:lime_carpet":135,"minecraft:light_gray_concrete":3821,"minecraft:gravel":13804,"minecraft:granite_slab":6,"minecraft:grindstone":1,"minecraft:oak_fence":945,"minecraft:jungle_leaves":1549,"minecraft:purpur_block":123,"minecraft:white_concrete":51876,"minecraft:andesite":1795,"minecraft:cobweb":9,"minecraft:trident":7034,"minecraft:tropical_fish_bucket":50,"minecraft:redstone_ore":104,"minecraft:stone_shovel":19,"minecraft:light_blue_terracotta":205,"minecraft:spruce_planks":6861,"minecraft:wooden_shovel":96,"minecraft:oak_door":38,"minecraft:spruce_stairs":4549,"minecraft:white_carpet":550,"minecraft:hopper":2782,"minecraft:cobblestone_wall":613,"minecraft:shulker_box":836,"minecraft:pink_carpet":283,"minecraft:granite":1288,"minecraft:salmon_bucket":1,"minecraft:light_blue_stained_glass":2098,"minecraft:birch_door":5,"minecraft:andesite_wall":39,"minecraft:purple_stained_glass_pane":50,"minecraft:stone_brick_slab":4187,"minecraft:dark_oak_planks":2815,"minecraft:red_tulip":4,"minecraft:bookshelf":72,"minecraft:yellow_stained_glass":1042,"minecraft:acacia_slab":78,"minecraft:golden_carrot":5526,"minecraft:emerald_block":49,"minecraft:white_stained_glass_pane":5272,"minecraft:stone_pressure_plate":146,"minecraft:horn_coral_block":30,"minecraft:brain_coral_block":7,"minecraft:acacia_boat":7,"minecraft:cooked_mutton":31,"minecraft:pink_tulip":1,"minecraft:iron_ore":26,"minecraft:glass_bottle":13,"minecraft:polished_andesite":6496,"minecraft:blue_wool":641,"minecraft:andesite_slab":263,"minecraft:black_shulker_box":102,"minecraft:magenta_stained_glass":158,"minecraft:red_glazed_terracotta":1,"minecraft:stonecutter":34,"minecraft:beacon":42,"minecraft:cobblestone_slab":666,"minecraft:stripped_dark_oak_log":189,"minecraft:lime_bed":6,"minecraft:dead_fire_coral_block":60,"minecraft:brown_banner":21,"minecraft:yellow_stained_glass_pane":515,"minecraft:activator_rail":11,"minecraft:smoker":1,"minecraft:painting":372,"minecraft:light_gray_concrete_powder":2946,"minecraft:dark_oak_door":92,"minecraft:purple_stained_glass":121,"minecraft:acacia_stairs":42,"minecraft:apple":68,"minecraft:dead_fire_coral":5,"minecraft:fishing_rod":90,"minecraft:green_shulker_box":555,"minecraft:white_banner":447,"minecraft:jungle_door":1,"minecraft:red_banner":56,"minecraft:bucket":2044,"minecraft:smooth_stone":206,"minecraft:yellow_bed":44,"minecraft:purple_carpet":8,"minecraft:splash_potion":7},"minecraft:crafted":{"minecraft:lime_stained_glass":1800,"minecraft:red_stained_glass_pane":1360,"minecraft:black_dye":889,"minecraft:yellow_wool":16,"minecraft:oak_sign":312,"minecraft:blaze_powder":140,"minecraft:birch_boat":19,"minecraft:blue_stained_glass_pane":112,"minecraft:diorite_stairs":8,"minecraft:diamond_shovel":11,"minecraft:cracked_stone_bricks":18177,"minecraft:nether_brick":423,"minecraft:gray_wool":16,"minecraft:shulker_box":86,"minecraft:diamond_helmet":2,"minecraft:magenta_concrete_powder":8,"minecraft:beacon":3,"minecraft:light_blue_concrete_powder":4976,"minecraft:stone_pressure_plate":106,"minecraft:iron_door":21,"minecraft:gray_stained_glass_pane":256,"minecraft:dried_kelp_block":5819,"minecraft:white_shulker_box":10,"minecraft:black_wool":88,"minecraft:name_tag":248,"minecraft:gray_stained_glass":592,"minecraft:lime_concrete_powder":2248,"minecraft:pink_stained_glass":352,"minecraft:blue_stained_glass":2304,"minecraft:redstone_lamp":319,"minecraft:jungle_boat":2,"minecraft:polished_andesite_stairs":112,"minecraft:acacia_slab":138,"minecraft:jungle_pressure_plate":17,"minecraft:green_bed":2,"minecraft:mossy_cobblestone":2016,"minecraft:sticky_piston":109,"minecraft:red_nether_bricks":12146,"minecraft:green_stained_glass":320,"minecraft:painting":48,"minecraft:stone_brick_stairs":10240,"minecraft:lectern":2,"minecraft:wooden_hoe":3,"minecraft:golden_leggings":2,"minecraft:stone_slab":4860,"minecraft:red_nether_brick_stairs":528,"minecraft:iron_pickaxe":75,"minecraft:acacia_door":9,"minecraft:sandstone":182,"minecraft:composter":1,"minecraft:dark_prismarine":7661,"minecraft:golden_carrot":9204,"minecraft:magenta_wool":6,"minecraft:jukebox":1,"minecraft:orange_shulker_box":7,"minecraft:iron_nugget":9726,"minecraft:diamond_hoe":3,"minecraft:brick_stairs":88,"minecraft:acacia_fence_gate":1,"minecraft:red_banner":171,"minecraft:light_gray_wool":36,"minecraft:blue_shulker_box":1,"minecraft:lime_stained_glass_pane":720,"minecraft:spruce_fence":2529,"minecraft:stone_stairs":3832,"minecraft:lantern":1169,"minecraft:spruce_stairs":5744,"minecraft:light_gray_shulker_box":13,"minecraft:polished_diorite":456,"minecraft:black_concrete_powder":1952,"minecraft:red_shulker_box":16,"minecraft:stone_pickaxe":4,"minecraft:quartz_slab":8466,"minecraft:blue_orchid":1,"minecraft:spruce_boat":40,"minecraft:purple_carpet":33,"minecraft:prismarine_slab":72,"minecraft:brick_slab":60,"minecraft:enchanting_table":1,"minecraft:acacia_trapdoor":14,"minecraft:light_blue_wool":92,"minecraft:yellow_stained_glass_pane":880,"minecraft:leather_helmet":2,"minecraft:dark_oak_button":10,"minecraft:acacia_stairs":128,"minecraft:red_carpet":279,"minecraft:enchanted_book":126,"minecraft:orange_dye":944,"minecraft:light_blue_carpet":51,"minecraft:oak_fence_gate":20,"minecraft:red_stained_glass":1848,"minecraft:birch_trapdoor":17,"minecraft:black_stained_glass_pane":2608,"minecraft:writable_book":49,"minecraft:iron_shovel":5,"minecraft:armor_stand":3,"minecraft:note_block":82,"minecraft:grindstone":1,"minecraft:cobblestone_slab":3216,"minecraft:barrel":194,"minecraft:birch_wood":408,"minecraft:polished_granite_slab":66,"minecraft:acacia_pressure_plate":3,"minecraft:cooked_chicken":440,"minecraft:stone":93450,"minecraft:snow":6,"minecraft:pink_carpet":441,"minecraft:heavy_weighted_pressure_plate":19,"minecraft:quartz_pillar":1614,"minecraft:brown_carpet":759,"minecraft:cake":5,"minecraft:stone_brick_slab":10572,"minecraft:nether_brick_wall":66,"minecraft:orange_stained_glass_pane":2424,"minecraft:bow":123,"minecraft:comparator":2,"minecraft:chest":4126,"minecraft:oak_button":7,"minecraft:jungle_stairs":200,"minecraft:rail":3488,"minecraft:blue_concrete_powder":8,"minecraft:bricks":456,"minecraft:birch_button":67,"minecraft:red_nether_brick_slab":926,"minecraft:ender_eye":32,"minecraft:stone_bricks":81530,"minecraft:oak_fence":978,"minecraft:granite_stairs":8,"minecraft:golden_boots":1,"minecraft:white_banner":590,"minecraft:dropper":568,"minecraft:arrow":44,"minecraft:cauldron":16,"minecraft:iron_helmet":5,"minecraft:brown_dye":97,"minecraft:birch_pressure_plate":1,"minecraft:red_wool":95,"minecraft:acacia_button":3,"minecraft:white_stained_glass_pane":5864,"minecraft:yellow_stained_glass":1544,"minecraft:dispenser":30,"minecraft:apple":27,"minecraft:tnt":78,"minecraft:spruce_trapdoor":3234,"minecraft:pink_wool":52,"minecraft:purple_dye":104,"minecraft:yellow_dye":1196,"minecraft:stick":23748,"minecraft:iron_ingot":20020,"minecraft:andesite_stairs":104,"minecraft:light_blue_shulker_box":45,"minecraft:light_blue_stained_glass":3528,"minecraft:lime_carpet":204,"minecraft:cyan_carpet":114,"minecraft:dark_oak_fence_gate":227,"minecraft:beetroot_soup":19,"minecraft:oak_door":36,"minecraft:nether_brick_slab":342,"minecraft:tripwire_hook":76,"minecraft:fishing_rod":2,"minecraft:stone_brick_wall":4318,"minecraft:leather_boots":100,"minecraft:golden_chestplate":2,"minecraft:spruce_button":229,"minecraft:mossy_stone_bricks":3572,"minecraft:furnace":794,"minecraft:piston":14,"minecraft:magenta_stained_glass_pane":64,"minecraft:polished_andesite_slab":240,"minecraft:smooth_quartz_stairs":120,"minecraft:oak_trapdoor":670,"minecraft:flint_and_steel":10,"minecraft:scaffolding":120,"minecraft:granite_wall":6,"minecraft:white_concrete_powder":54256,"minecraft:polished_granite_stairs":8,"minecraft:cobblestone_wall":2330,"minecraft:brown_shulker_box":15,"minecraft:smooth_quartz_slab":346,"minecraft:birch_sign":228,"minecraft:light_blue_stained_glass_pane":488,"minecraft:jungle_wood":6,"minecraft:purple_stained_glass":296,"minecraft:iron_trapdoor":80,"minecraft:purple_shulker_box":4,"minecraft:diorite_wall":6,"minecraft:iron_sword":4,"minecraft:black_banner":26,"minecraft:cooked_salmon":34,"minecraft:golden_shovel":1,"minecraft:acacia_boat":3,"minecraft:jungle_planks":16246,"minecraft:jungle_door":3,"minecraft:white_dye":4072,"minecraft:black_carpet":18,"minecraft:anvil":105,"minecraft:stonecutter":3,"minecraft:torch":19164,"minecraft:prismarine_stairs":72,"minecraft:diorite_slab":6,"minecraft:orange_bed":1,"minecraft:magenta_carpet":18,"minecraft:granite_slab":78,"minecraft:diamond_chestplate":2,"minecraft:ender_chest":16,"minecraft:jungle_button":1,"minecraft:light_gray_concrete_powder":3968,"minecraft:smooth_stone":418,"minecraft:jungle_fence_gate":1,"minecraft:cut_sandstone":4,"minecraft:dark_oak_pressure_plate":90,"minecraft:purple_bed":1,"minecraft:orange_carpet":6,"minecraft:pink_bed":1,"minecraft:orange_stained_glass":2312,"minecraft:oak_pressure_plate":54,"minecraft:dark_oak_wood":36,"minecraft:birch_slab":316,"minecraft:slime_block":203,"minecraft:loom":14,"minecraft:lever":387,"minecraft:bookshelf":58,"minecraft:dark_prismarine_stairs":3650,"minecraft:cooked_mutton":11,"minecraft:iron_bars":448,"minecraft:red_concrete_powder":4504,"minecraft:magenta_shulker_box":3,"minecraft:quartz_block":10007,"minecraft:glass":9367,"minecraft:repeater":374,"minecraft:diamond_leggings":3,"minecraft:cyan_stained_glass_pane":64,"minecraft:melon_seeds":1309,"minecraft:birch_fence_gate":1,"minecraft:acacia_fence":24,"minecraft:birch_door":33,"minecraft:chiseled_quartz_block":878,"minecraft:magenta_dye":337,"minecraft:flower_pot":43,"minecraft:glass_bottle":6,"minecraft:wooden_shovel":371,"minecraft:emerald":7168,"minecraft:smooth_quartz":99,"minecraft:diamond_axe":5,"minecraft:spruce_door":171,"minecraft:clock":3,"minecraft:oak_wood":6,"minecraft:campfire":33,"minecraft:tnt_minecart":3,"minecraft:light_gray_bed":2,"minecraft:brown_banner":33,"minecraft:lime_shulker_box":3,"minecraft:compass":10,"minecraft:iron_block":756,"minecraft:light_blue_bed":1,"minecraft:gold_ingot":12696,"minecraft:light_gray_dye":1035,"minecraft:spruce_fence_gate":311,"minecraft:birch_stairs":96,"minecraft:packed_ice":3623,"minecraft:yellow_concrete_powder":2320,"minecraft:prismarine":92,"minecraft:stone_shovel":1,"minecraft:smooth_stone_slab":6856,"minecraft:leather_leggings":2,"minecraft:player_head":100,"minecraft:mossy_cobblestone_stairs":88,"minecraft:yellow_bed":4,"minecraft:bone_meal":77756,"minecraft:cyan_stained_glass":1792,"minecraft:andesite_wall":72,"minecraft:pink_dye":399,"minecraft:white_carpet":678,"minecraft:diamond":1674,"minecraft:dark_oak_fence":2958,"minecraft:detector_rail":6,"minecraft:ladder":1080,"minecraft:spruce_slab":9984,"minecraft:diamond_boots":9,"minecraft:redstone_block":4578,"minecraft:jungle_fence":150,"minecraft:dark_oak_planks":28948,"minecraft:coal_block":2985,"minecraft:purple_stained_glass_pane":96,"minecraft:skull_banner_pattern":1,"minecraft:dried_kelp":38740,"minecraft:magenta_stained_glass":360,"minecraft:red_bed":2,"minecraft:polished_granite":432,"minecraft:gray_concrete_powder":8440,"minecraft:sandstone_slab":880,"minecraft:glowstone":525,"minecraft:white_stained_glass":8752,"minecraft:green_stained_glass_pane":176,"minecraft:jungle_slab":1074,"minecraft:mossy_stone_brick_stairs":480,"minecraft:acacia_sign":3,"minecraft:andesite_slab":294,"minecraft:gray_shulker_box":59,"minecraft:cyan_shulker_box":5,"minecraft:wooden_axe":5,"minecraft:oak_stairs":1776,"minecraft:iron_leggings":5,"minecraft:white_bed":15,"minecraft:lime_wool":172,"minecraft:nether_brick_stairs":864,"minecraft:blue_carpet":507,"minecraft:brick":206,"minecraft:oak_planks":10458,"minecraft:dark_oak_boat":37,"minecraft:pink_shulker_box":7,"minecraft:mossy_stone_brick_slab":248,"minecraft:cobblestone_stairs":9216,"minecraft:light_blue_banner":5,"minecraft:spruce_pressure_plate":87,"minecraft:purpur_stairs":8,"minecraft:green_dye":20049,"minecraft:dark_oak_door":105,"minecraft:hopper":1630,"minecraft:iron_boots":3,"minecraft:written_book":1,"minecraft:mossy_cobblestone_slab":126,"minecraft:chiseled_stone_bricks":2867,"minecraft:yellow_banner":3,"minecraft:stone_hoe":3,"minecraft:smoker":1,"minecraft:quartz_stairs":2960,"minecraft:item_frame":314,"minecraft:oak_slab":5394,"minecraft:acacia_wood":3,"minecraft:map":8,"minecraft:crafting_table":242,"minecraft:spruce_planks":45699,"minecraft:brown_stained_glass_pane":16,"minecraft:wooden_pickaxe":20,"minecraft:baked_potato":1838,"minecraft:light_gray_banner":4,"minecraft:gold_block":386,"minecraft:hopper_minecart":61,"minecraft:brewing_stand":1,"minecraft:birch_planks":14122,"minecraft:pumpkin_seeds":112,"minecraft:black_shulker_box":26,"minecraft:dark_oak_slab":6360,"minecraft:book":265,"minecraft:iron_chestplate":5,"minecraft:paper":69466,"minecraft:charcoal":29,"minecraft:diamond_pickaxe":17,"minecraft:shield":15,"minecraft:light_weighted_pressure_plate":19,"minecraft:birch_fence":33,"minecraft:light_blue_dye":1546,"minecraft:leather_chestplate":8,"minecraft:stone_sword":16,"minecraft:snow_block":5,"minecraft:green_shulker_box":43,"minecraft:gray_carpet":24,"minecraft:redstone_torch":1197,"minecraft:light_gray_carpet":72,"minecraft:light_gray_stained_glass_pane":400,"minecraft:shears":137,"minecraft:green_carpet":249,"minecraft:polished_andesite":3308,"minecraft:coarse_dirt":7048,"minecraft:wooden_sword":9,"minecraft:cookie":34,"minecraft:redstone":5798,"minecraft:coal":17492,"minecraft:light_gray_stained_glass":928,"minecraft:stone_button":175,"minecraft:dark_oak_trapdoor":2980,"minecraft:jungle_trapdoor":360,"minecraft:gray_dye":1302,"minecraft:dark_oak_sign":21,"minecraft:mossy_stone_brick_wall":90,"minecraft:diamond_block":220,"minecraft:glass_pane":5380,"minecraft:blue_ice":1744,"minecraft:yellow_shulker_box":7,"minecraft:green_concrete_powder":2768,"minecraft:iron_axe":4,"minecraft:spruce_wood":1179,"minecraft:iron_hoe":4,"minecraft:slime_ball":99,"minecraft:orange_concrete_powder":24,"minecraft:lime_dye":679,"minecraft:filled_map":3,"minecraft:minecart":95,"minecraft:observer":62,"minecraft:cooked_beef":75,"minecraft:sugar":4,"minecraft:red_dye":1979,"minecraft:cooked_cod":35,"minecraft:cyan_concrete_powder":168,"minecraft:bone_block":1464,"minecraft:magenta_bed":1,"minecraft:diamond_sword":2,"minecraft:cyan_dye":366,"minecraft:spruce_sign":539,"minecraft:dark_oak_stairs":5063,"minecraft:pink_concrete_powder":8,"minecraft:powered_rail":1476,"minecraft:activator_rail":6,"minecraft:yellow_carpet":156,"minecraft:smooth_sandstone":378,"minecraft:bowl":36,"minecraft:nether_bricks":5212,"minecraft:bucket":277,"minecraft:stone_axe":1,"minecraft:mossy_cobblestone_wall":288,"minecraft:bread":796,"minecraft:air":0,"minecraft:blue_dye":583,"minecraft:black_stained_glass":3240,"minecraft:oak_boat":28,"minecraft:white_wool":1019,"minecraft:gold_nugget":69182,"minecraft:brown_wool":76,"minecraft:pink_stained_glass_pane":96,"minecraft:dark_prismarine_slab":6998,"minecraft:green_wool":49,"minecraft:nether_wart_block":26,"minecraft:pumpkin_pie":32,"minecraft:acacia_planks":1276,"minecraft:purple_concrete_powder":8,"minecraft:lapis_lazuli":3505,"minecraft:lapis_block":1345,"minecraft:trapped_chest":1,"minecraft:firework_rocket":1728},"minecraft:killed_by":{"minecraft:ravager":8,"minecraft:pufferfish":3,"minecraft:zombie":10,"minecraft:drowned":4,"minecraft:skeleton":7,"minecraft:pillager":1,"minecraft:vindicator":1,"minecraft:vex":1,"minecraft:zombie_pigman":2,"minecraft:slime":4,"minecraft:guardian":4,"minecraft:creeper":12,"minecraft:endermite":1,"minecraft:player":8,"minecraft:spider":1,"minecraft:iron_golem":1,"minecraft:phantom":1},"minecraft:picked_up":{"minecraft:stone_slab":731,"minecraft:lead":28,"minecraft:enchanted_book":13,"minecraft:purple_shulker_box":56,"minecraft:blue_concrete":139,"minecraft:dark_oak_pressure_plate":48,"minecraft:string":382,"minecraft:beetroot_soup":26,"minecraft:orange_glazed_terracotta":66,"minecraft:pufferfish":90,"minecraft:diamond_leggings":46,"minecraft:horn_coral_block":7,"minecraft:diamond_ore":287,"minecraft:spruce_pressure_plate":88,"minecraft:jukebox":9,"minecraft:cyan_stained_glass":20,"minecraft:acacia_log":6335,"minecraft:purpur_pillar":192,"minecraft:gray_shulker_box":282,"minecraft:cauldron":6,"minecraft:green_terracotta":2,"minecraft:golden_chestplate":14,"minecraft:cyan_stained_glass_pane":1,"minecraft:pink_terracotta":17,"minecraft:brown_carpet":476,"minecraft:yellow_banner":4,"minecraft:orange_bed":1,"minecraft:stone_sword":20,"minecraft:lime_carpet":9,"minecraft:glowstone":801,"minecraft:red_tulip":458,"minecraft:carved_pumpkin":6,"minecraft:bookshelf":8,"minecraft:end_rod":460,"minecraft:white_terracotta":128,"minecraft:blaze_rod":9,"minecraft:iron_bars":244,"minecraft:snowball":190,"minecraft:feather":4333,"minecraft:cooked_beef":1792,"minecraft:water_bucket":26,"minecraft:dark_oak_boat":74,"minecraft:brown_wool":278,"minecraft:flint":472,"minecraft:purple_stained_glass":2563,"minecraft:cyan_concrete_powder":29,"minecraft:magenta_terracotta":257,"minecraft:lantern":368,"minecraft:gray_concrete_powder":331,"minecraft:purple_carpet":9,"minecraft:stonecutter":32,"minecraft:dark_oak_sign":7,"minecraft:diamond_helmet":8,"minecraft:lime_terracotta":3,"minecraft:stripped_acacia_wood":2,"minecraft:birch_fence_gate":2,"minecraft:stripped_spruce_log":100,"minecraft:brown_mushroom_block":158,"minecraft:dead_fire_coral_fan":1,"minecraft:acacia_stairs":44,"minecraft:iron_hoe":1,"minecraft:polished_andesite":7113,"minecraft:lever":225,"minecraft:granite":32426,"minecraft:spruce_button":150,"minecraft:cyan_dye":1,"minecraft:jack_o_lantern":3,"minecraft:light_gray_carpet":75,"minecraft:diamond_pickaxe":195,"minecraft:clay_ball":967,"minecraft:redstone_lamp":224,"minecraft:leather_leggings":10,"minecraft:dragon_head":9,"minecraft:acacia_button":1,"minecraft:purpur_block":444,"minecraft:heavy_weighted_pressure_plate":2,"minecraft:cornflower":166,"minecraft:elytra":97,"minecraft:flint_and_steel":12,"minecraft:acacia_door":4,"minecraft:white_carpet":330,"minecraft:white_stained_glass":1271,"minecraft:iron_shovel":5,"minecraft:glass_pane":1664,"minecraft:jungle_sapling":584,"minecraft:poppy":1141,"minecraft:spruce_slab":4590,"minecraft:minecart":264,"minecraft:birch_sapling":2224,"minecraft:piston":74,"minecraft:lime_shulker_box":39,"minecraft:black_stained_glass":320,"minecraft:stone":197495,"minecraft:white_dye":163,"minecraft:jungle_fence_gate":3,"minecraft:cyan_shulker_box":103,"minecraft:stone_shovel":1,"minecraft:diamond_chestplate":1,"minecraft:purpur_slab":25,"minecraft:hay_block":3,"minecraft:yellow_terracotta":39,"minecraft:totem_of_undying":10,"minecraft:mutton":42,"minecraft:rail":3946,"minecraft:bone_block":1553,"minecraft:emerald_ore":3,"minecraft:oxeye_daisy":224,"minecraft:lime_bed":8,"minecraft:birch_leaves":443,"minecraft:yellow_shulker_box":300,"minecraft:clock":2,"minecraft:tripwire_hook":96,"minecraft:yellow_dye":327,"minecraft:fern":29,"minecraft:red_glazed_terracotta":133,"minecraft:jungle_fence":69,"minecraft:acacia_wood":8,"minecraft:purpur_stairs":41,"minecraft:lily_pad":27,"minecraft:diorite_stairs":9,"minecraft:paper":2725,"minecraft:light_blue_banner":1,"minecraft:apple":875,"minecraft:oak_fence_gate":338,"minecraft:yellow_stained_glass":148,"minecraft:pufferfish_bucket":7,"minecraft:stone_pickaxe":4,"minecraft:iron_ore":7751,"minecraft:magenta_stained_glass":24,"minecraft:gray_bed":57,"minecraft:dark_oak_stairs":1510,"minecraft:polished_andesite_stairs":58,"minecraft:milk_bucket":2,"minecraft:light_gray_stained_glass":105,"minecraft:sweet_berries":241,"minecraft:green_glazed_terracotta":111,"minecraft:red_wool":225,"minecraft:lime_concrete":7189,"minecraft:light_blue_stained_glass":470,"minecraft:leather_helmet":3,"minecraft:diamond_shovel":98,"minecraft:coal_ore":2009,"minecraft:slime_ball":2270,"minecraft:painting":339,"minecraft:birch_sign":28,"minecraft:red_nether_brick_slab":77,"minecraft:baked_potato":362,"minecraft:smooth_quartz_slab":284,"minecraft:hopper":1380,"minecraft:prismarine_stairs":7,"minecraft:black_carpet":3,"minecraft:light_blue_concrete":7427,"minecraft:ender_chest":228,"minecraft:yellow_wool":22,"minecraft:stone_brick_stairs":6104,"minecraft:lapis_block":468,"minecraft:dead_tube_coral_block":1,"minecraft:bucket":47,"minecraft:smooth_stone":374,"minecraft:comparator":475,"minecraft:light_weighted_pressure_plate":6,"minecraft:white_tulip":386,"minecraft:red_dye":102,"minecraft:rose_bush":79,"minecraft:cobblestone_slab":1108,"minecraft:smooth_quartz":148,"minecraft:wooden_shovel":11,"minecraft:iron_pickaxe":2,"minecraft:smooth_quartz_stairs":121,"minecraft:blue_wool":17,"minecraft:acacia_fence":11,"minecraft:birch_trapdoor":13,"minecraft:spruce_stairs":1945,"minecraft:diorite":39885,"minecraft:vine":2617,"minecraft:andesite_wall":17,"minecraft:rotten_flesh":1386,"minecraft:brown_shulker_box":690,"minecraft:obsidian":798,"minecraft:blaze_powder":13,"minecraft:cobblestone":410153,"minecraft:leather_chestplate":7,"minecraft:lilac":293,"minecraft:repeater":943,"minecraft:dead_tube_coral_fan":4,"minecraft:andesite":40942,"minecraft:orange_carpet":10,"minecraft:golden_leggings":12,"minecraft:beacon":41,"minecraft:potato":5042,"minecraft:stripped_birch_log":1495,"minecraft:dirt":99288,"minecraft:name_tag":12,"minecraft:glass":3838,"minecraft:bone":1358,"minecraft:acacia_planks":119,"minecraft:bow":154,"minecraft:wheat_seeds":14058,"minecraft:orange_tulip":460,"minecraft:birch_wood":38,"minecraft:purple_stained_glass_pane":11,"minecraft:mossy_stone_bricks":549,"minecraft:bamboo":909,"minecraft:cyan_concrete":113,"minecraft:prismarine":81,"minecraft:diorite_wall":7,"minecraft:brown_stained_glass":2090,"minecraft:gray_stained_glass":204,"minecraft:black_stained_glass_pane":151,"minecraft:light_blue_shulker_box":2172,"minecraft:melon":1255,"minecraft:nether_brick_stairs":34,"minecraft:diamond_block":67,"minecraft:grass_block":58284,"minecraft:spectral_arrow":3,"minecraft:jungle_slab":237,"minecraft:mossy_cobblestone":631,"minecraft:jungle_leaves":1903,"minecraft:light_gray_terracotta":10,"minecraft:light_blue_terracotta":107,"minecraft:sugar":196,"minecraft:yellow_carpet":34,"minecraft:slime_block":110,"minecraft:yellow_stained_glass_pane":68,"minecraft:crossbow":7,"minecraft:bone_meal":1944,"minecraft:grass":307,"minecraft:spruce_sign":78,"minecraft:emerald":348,"minecraft:netherrack":60772,"minecraft:oak_leaves":8625,"minecraft:andesite_slab":81,"minecraft:azure_bluet":547,"minecraft:splash_potion":3,"minecraft:ladder":273,"minecraft:brown_mushroom":135,"minecraft:packed_ice":52063,"minecraft:pink_wool":152,"minecraft:stone_brick_wall":252,"minecraft:diorite_slab":9,"minecraft:brick":3,"minecraft:shield":21,"minecraft:orange_stained_glass":2,"minecraft:oak_trapdoor":586,"minecraft:mycelium":1078,"minecraft:birch_fence":25,"minecraft:magenta_wool":2,"minecraft:blue_orchid":34,"minecraft:lime_wool":13,"minecraft:end_stone":49,"minecraft:note_block":75,"minecraft:cookie":41,"minecraft:brown_concrete_powder":3,"minecraft:trident":72,"minecraft:light_blue_bed":11,"minecraft:light_gray_stained_glass_pane":27,"minecraft:stone_pressure_plate":116,"minecraft:purple_terracotta":84,"minecraft:red_shulker_box":388,"minecraft:pumpkin_pie":4,"minecraft:nether_bricks":343,"minecraft:pink_tulip":302,"minecraft:black_banner":17,"minecraft:brick_stairs":16,"minecraft:nether_brick_wall":72,"minecraft:purple_dye":4,"minecraft:prismarine_slab":5,"minecraft:dark_oak_button":5,"minecraft:golden_carrot":3082,"minecraft:leather":1414,"minecraft:ice":3748,"minecraft:granite_stairs":1,"minecraft:chainmail_chestplate":5,"minecraft:yellow_bed":40,"minecraft:cobblestone_wall":259,"minecraft:gunpowder":630,"minecraft:orange_terracotta":3,"minecraft:cooked_mutton":90,"minecraft:red_carpet":554,"minecraft:gray_carpet":10,"minecraft:acacia_trapdoor":6,"minecraft:spruce_wood":517,"minecraft:iron_ingot":506,"minecraft:cooked_chicken":2086,"minecraft:polished_andesite_slab":101,"minecraft:dead_horn_coral":1,"minecraft:pink_bed":4,"minecraft:nether_quartz_ore":6473,"minecraft:emerald_block":24,"minecraft:stone_brick_slab":3093,"minecraft:quartz":34816,"minecraft:dandelion":506,"minecraft:lava_bucket":3,"minecraft:green_stained_glass":102,"minecraft:red_banner":70,"minecraft:nether_brick_slab":78,"minecraft:spruce_door":68,"minecraft:brick_slab":14,"minecraft:light_blue_concrete_powder":539,"minecraft:pumpkin_seeds":57,"minecraft:white_concrete_powder":20370,"minecraft:chainmail_leggings":5,"minecraft:mossy_cobblestone_stairs":35,"minecraft:terracotta":17,"minecraft:damaged_anvil":11,"minecraft:dark_oak_wood":16,"minecraft:wooden_axe":3,"minecraft:sunflower":205,"minecraft:seagrass":220,"minecraft:birch_door":32,"minecraft:iron_chestplate":11,"minecraft:anvil":93,"minecraft:chainmail_boots":4,"minecraft:flower_pot":62,"minecraft:prismarine_shard":8805,"minecraft:magenta_carpet":23,"minecraft:diamond_sword":103,"minecraft:oak_stairs":998,"minecraft:acacia_pressure_plate":2,"minecraft:wither_rose":302,"minecraft:birch_button":9,"minecraft:brewing_stand":4,"minecraft:golden_sword":1,"minecraft:dark_oak_trapdoor":1000,"minecraft:cooked_salmon":7,"minecraft:red_nether_bricks":66,"minecraft:blue_stained_glass_pane":1,"minecraft:beetroot":213,"minecraft:gold_nugget":3437,"minecraft:spruce_planks":3334,"minecraft:acacia_sign":1,"minecraft:written_book":118,"minecraft:melon_slice":2028,"minecraft:coal_block":382,"minecraft:dark_oak_door":51,"minecraft:golden_helmet":6,"minecraft:white_glazed_terracotta":8,"minecraft:composter":2,"minecraft:green_bed":15,"minecraft:pink_carpet":99,"minecraft:black_dye":1,"minecraft:gray_stained_glass_pane":139,"minecraft:light_gray_bed":1,"minecraft:light_blue_wool":35,"minecraft:tropical_fish":30,"minecraft:blue_dye":20,"minecraft:iron_block":1083,"minecraft:cyan_terracotta":1222,"minecraft:birch_log":11515,"minecraft:magma_block":357,"minecraft:mossy_cobblestone_slab":35,"minecraft:iron_door":29,"minecraft:birch_slab":66,"minecraft:jungle_log":10847,"minecraft:acacia_leaves":137,"minecraft:green_concrete_powder":256,"minecraft:jungle_wood":4,"minecraft:stripped_spruce_wood":7,"minecraft:magenta_bed":1,"minecraft:gray_concrete":9081,"minecraft:map":2,"minecraft:light_gray_concrete_powder":1423,"minecraft:chipped_anvil":24,"minecraft:gray_terracotta":10,"minecraft:glowstone_dust":2299,"minecraft:dropper":94,"minecraft:ink_sac":367,"minecraft:granite_slab":14,"minecraft:loom":13,"minecraft:fermented_spider_eye":1,"minecraft:red_terracotta":1,"minecraft:trapped_chest":8,"minecraft:dark_oak_log":41099,"minecraft:barrel":50,"minecraft:stripped_acacia_log":69,"minecraft:black_concrete_powder":1,"minecraft:dispenser":143,"minecraft:green_concrete":3915,"minecraft:writable_book":32,"minecraft:polished_granite_slab":6,"minecraft:dead_brain_coral_block":2,"minecraft:blue_ice":3215,"minecraft:bread":39,"minecraft:chainmail_helmet":2,"minecraft:dark_oak_fence":1106,"minecraft:bricks":31,"minecraft:spruce_leaves":7100,"minecraft:lime_stained_glass_pane":17,"minecraft:crafting_table":454,"minecraft:coarse_dirt":1172,"minecraft:sandstone_slab":8,"minecraft:purple_wool":142,"minecraft:nether_wart":2560,"minecraft:orange_stained_glass_pane":576,"minecraft:dead_tube_coral":2,"minecraft:orange_banner":5,"minecraft:conduit":1,"minecraft:dead_horn_coral_block":1,"minecraft:red_bed":26,"minecraft:jungle_trapdoor":355,"minecraft:snow":720,"minecraft:compass":2,"minecraft:cracked_stone_bricks":3672,"minecraft:beef":319,"minecraft:cyan_wool":54,"minecraft:iron_nugget":25,"minecraft:quartz_stairs":1474,"minecraft:chest":2124,"minecraft:egg":4436,"minecraft:sandstone":678,"minecraft:oak_door":40,"minecraft:spruce_fence":990,"minecraft:cake":9,"minecraft:carrot":30382,"minecraft:redstone":48016,"minecraft:mushroom_stem":924,"minecraft:blue_carpet":18,"minecraft:prismarine_crystals":4235,"minecraft:tnt":148,"minecraft:cooked_cod":682,"minecraft:beetroot_seeds":597,"minecraft:peony":77,"minecraft:diamond_boots":86,"minecraft:shears":26,"minecraft:sandstone_stairs":14,"minecraft:tube_coral_block":2,"minecraft:gold_ingot":753,"minecraft:white_shulker_box":363,"minecraft:lime_concrete_powder":529,"minecraft:white_wool":591,"minecraft:lapis_ore":65,"minecraft:stripped_oak_log":112,"minecraft:red_mushroom_block":3151,"minecraft:red_mushroom":529,"minecraft:filled_map":131,"minecraft:brown_concrete":3,"minecraft:oak_log":19900,"minecraft:golden_boots":11,"minecraft:blue_bed":105,"minecraft:white_banner":285,"minecraft:birch_pressure_plate":5,"minecraft:stone_bricks":18409,"minecraft:kelp":62698,"minecraft:cobweb":113,"minecraft:glass_bottle":10,"minecraft:iron_sword":5,"minecraft:white_stained_glass_pane":1020,"minecraft:dark_oak_slab":2822,"minecraft:yellow_concrete":3309,"minecraft:light_blue_glazed_terracotta":34,"minecraft:gravel":74574,"minecraft:birch_stairs":42,"minecraft:dead_fire_coral_block":5,"minecraft:spruce_sapling":4331,"minecraft:spruce_log":48288,"minecraft:sea_lantern":711,"minecraft:firework_rocket":5156,"minecraft:red_stained_glass":607,"minecraft:purple_bed":10,"minecraft:polished_diorite":604,"minecraft:light_blue_carpet":67,"minecraft:redstone_ore":407,"minecraft:scute":4,"minecraft:diamond_axe":98,"minecraft:gray_wool":7,"minecraft:oak_button":6,"minecraft:brown_banner":23,"minecraft:melon_seeds":206,"minecraft:stripped_dark_oak_log":479,"minecraft:pink_dye":55,"minecraft:ender_pearl":1210,"minecraft:shulker_shell":330,"minecraft:wheat":5955,"minecraft:redstone_block":927,"minecraft:iron_trapdoor":109,"minecraft:light_gray_shulker_box":627,"minecraft:green_stained_glass_pane":225,"minecraft:dead_horn_coral_fan":1,"minecraft:potion":19,"minecraft:nether_brick":621,"minecraft:brain_coral_block":1,"minecraft:smooth_stone_slab":2921,"minecraft:iron_leggings":10,"minecraft:sticky_piston":240,"minecraft:armor_stand":9,"minecraft:pink_shulker_box":85,"minecraft:oak_sign":304,"minecraft:activator_rail":11,"minecraft:sea_pickle":41,"minecraft:black_shulker_box":95,"minecraft:dark_oak_leaves":754,"minecraft:redstone_torch":946,"minecraft:iron_boots":19,"minecraft:furnace":729,"minecraft:stick":6661,"minecraft:orange_shulker_box":570,"minecraft:brown_terracotta":3,"minecraft:oak_fence":623,"minecraft:torch":11505,"minecraft:porkchop":13,"minecraft:snow_block":171,"minecraft:dried_kelp":142,"minecraft:dead_brain_coral_fan":1,"minecraft:yellow_concrete_powder":821,"minecraft:light_gray_banner":12,"minecraft:blue_stained_glass":277,"minecraft:quartz_block":2196,"minecraft:cactus":2002,"minecraft:green_wool":14,"minecraft:stripped_birch_wood":5,"minecraft:cod":3131,"minecraft:nautilus_shell":11,"minecraft:jungle_pressure_plate":1,"minecraft:magma_cream":57,"minecraft:chiseled_quartz_block":236,"minecraft:magenta_dye":23,"minecraft:light_gray_dye":45,"minecraft:wither_skeleton_skull":3,"minecraft:acacia_boat":5,"minecraft:green_shulker_box":532,"minecraft:lapis_lazuli":13913,"minecraft:polished_granite":322,"minecraft:leather_boots":5,"minecraft:bell":34,"minecraft:light_blue_dye":17,"minecraft:powered_rail":1427,"minecraft:stone_hoe":1,"minecraft:oak_planks":1575,"minecraft:mossy_stone_brick_stairs":149,"minecraft:brain_coral":2,"minecraft:lime_glazed_terracotta":44,"minecraft:ghast_tear":37,"minecraft:pink_stained_glass":1735,"minecraft:pink_concrete":14,"minecraft:black_terracotta":263,"minecraft:cooked_porkchop":30,"minecraft:poisonous_potato":40,"minecraft:oak_pressure_plate":82,"minecraft:pink_stained_glass_pane":21,"minecraft:jungle_planks":626,"minecraft:sand":92963,"minecraft:lily_of_the_valley":42,"minecraft:shulker_box":863,"minecraft:orange_wool":47,"minecraft:dark_prismarine":726,"minecraft:dead_fire_coral":3,"minecraft:light_gray_concrete":2996,"minecraft:dark_prismarine_slab":2624,"minecraft:spruce_fence_gate":42,"minecraft:clay":220,"minecraft:diamond":3984,"minecraft:spruce_boat":300,"minecraft:black_concrete":3607,"minecraft:white_concrete":37785,"minecraft:oak_sapling":4578,"minecraft:bubble_coral_block":4,"minecraft:dead_brain_coral":3,"minecraft:nether_star":3,"minecraft:end_stone_bricks":727,"minecraft:fishing_rod":1,"minecraft:charcoal":34,"minecraft:cocoa_beans":9842,"minecraft:allium":363,"minecraft:chicken":206,"minecraft:turtle_helmet":73,"minecraft:wooden_pickaxe":1,"minecraft:gold_block":4836,"minecraft:stone_stairs":409,"minecraft:orange_concrete":8,"minecraft:iron_axe":5,"minecraft:wooden_sword":19,"minecraft:item_frame":851,"minecraft:quartz_slab":2163,"minecraft:cyan_carpet":13,"minecraft:detector_rail":36,"minecraft:dark_prismarine_stairs":1377,"minecraft:mossy_cobblestone_wall":37,"minecraft:andesite_stairs":22,"minecraft:oak_boat":81,"minecraft:player_head":300,"minecraft:observer":390,"minecraft:light_gray_wool":63,"minecraft:lectern":1,"minecraft:sugar_cane":81342,"minecraft:blue_shulker_box":46,"minecraft:spruce_trapdoor":940,"minecraft:phantom_membrane":15,"minecraft:dark_oak_sapling":3913,"minecraft:orange_dye":23,"minecraft:red_stained_glass_pane":474,"minecraft:brown_glazed_terracotta":70,"minecraft:gray_dye":18,"minecraft:quartz_pillar":834,"minecraft:stone_button":257,"minecraft:magenta_shulker_box":239,"minecraft:dark_oak_planks":1227,"minecraft:smooth_sandstone_slab":1,"minecraft:arrow":2796,"minecraft:light_blue_stained_glass_pane":93,"minecraft:jungle_stairs":49,"minecraft:pink_glazed_terracotta":156,"minecraft:saddle":2,"minecraft:lime_stained_glass":149,"minecraft:wet_sponge":2,"minecraft:salmon":78,"minecraft:cut_sandstone":2,"minecraft:birch_planks":276,"minecraft:yellow_glazed_terracotta":87,"minecraft:nether_wart_block":26,"minecraft:cobblestone_stairs":775,"minecraft:wooden_hoe":4,"minecraft:podzol":349,"minecraft:smooth_sandstone":45,"minecraft:red_nether_brick_stairs":54,"minecraft:fire_coral_block":4,"minecraft:mossy_stone_brick_wall":30,"minecraft:soul_sand":2899,"minecraft:acacia_sapling":1241,"minecraft:purple_concrete":15,"minecraft:music_disc_chirp":1,"minecraft:green_dye":3842,"minecraft:book":403,"minecraft:scaffolding":20201,"minecraft:oak_slab":2678,"minecraft:red_concrete_powder":475,"minecraft:birch_boat":37,"minecraft:pumpkin":215,"minecraft:chiseled_stone_bricks":548,"minecraft:gold_ore":1269,"minecraft:white_bed":260,"minecraft:mossy_stone_brick_slab":109,"minecraft:dark_oak_fence_gate":116,"minecraft:green_carpet":116,"minecraft:spider_eye":96,"minecraft:stripped_jungle_log":26,"minecraft:lime_banner":2,"minecraft:lime_dye":64,"minecraft:dried_kelp_block":471,"minecraft:campfire":23,"minecraft:dead_bubble_coral_block":1,"minecraft:iron_helmet":7,"minecraft:red_concrete":8011,"minecraft:acacia_slab":35,"minecraft:black_wool":3,"minecraft:magenta_concrete":14,"minecraft:coal":47528},"minecraft:mined":{"minecraft:red_nether_brick_slab":58,"minecraft:blue_carpet":18,"minecraft:dragon_wall_head":6,"minecraft:potted_pink_tulip":2,"minecraft:red_shulker_box":370,"minecraft:white_bed":230,"minecraft:pink_bed":3,"minecraft:cyan_shulker_box":101,"minecraft:red_nether_bricks":66,"minecraft:light_blue_carpet":37,"minecraft:bubble_column":1,"minecraft:granite":25262,"minecraft:acacia_log":6283,"minecraft:brown_wool":96,"minecraft:oak_pressure_plate":40,"minecraft:blue_wool":20,"minecraft:green_concrete":3849,"minecraft:oak_wall_sign":52,"minecraft:nether_wart":418,"minecraft:spawner":1,"minecraft:red_stained_glass_pane":322,"minecraft:magma_block":275,"minecraft:dark_oak_trapdoor":536,"minecraft:mossy_cobblestone_stairs":21,"minecraft:barrel":52,"minecraft:nether_brick_stairs":9,"minecraft:potted_dandelion":1,"minecraft:dead_tube_coral":2,"minecraft:spruce_pressure_plate":35,"minecraft:light_gray_concrete":4724,"minecraft:spruce_wood":261,"minecraft:white_banner":74,"minecraft:green_carpet":113,"minecraft:pink_tulip":111,"minecraft:white_shulker_box":339,"minecraft:player_head":22,"minecraft:tripwire":173,"minecraft:jungle_trapdoor":226,"minecraft:sandstone_slab":11,"minecraft:cut_sandstone":2,"minecraft:magenta_carpet":16,"minecraft:kelp_plant":6885,"minecraft:torch":3090,"minecraft:note_block":72,"minecraft:dark_oak_wood":12,"minecraft:melon":1663,"minecraft:white_stained_glass_pane":964,"minecraft:dead_bush":5,"minecraft:nether_brick_slab":9,"minecraft:spruce_wall_sign":43,"minecraft:smooth_quartz_slab":286,"minecraft:dead_tube_coral_fan":4,"minecraft:lime_shulker_box":38,"minecraft:sugar_cane":40717,"minecraft:bricks":9,"minecraft:birch_sapling":231,"minecraft:white_terracotta":8,"minecraft:repeater":271,"minecraft:magenta_bed":1,"minecraft:jukebox":9,"minecraft:yellow_glazed_terracotta":29,"minecraft:wither_rose":289,"minecraft:grass":10129,"minecraft:dark_oak_sapling":183,"minecraft:birch_button":3,"minecraft:smooth_quartz":16,"minecraft:dark_prismarine":686,"minecraft:light_blue_wool":10,"minecraft:mossy_cobblestone":202,"minecraft:nether_brick_wall":6,"minecraft:dark_oak_log":37582,"minecraft:cyan_stained_glass":29,"minecraft:sea_lantern":484,"minecraft:end_stone":49,"minecraft:dark_oak_fence":900,"minecraft:spruce_fence":580,"minecraft:redstone_wire":1054,"minecraft:red_mushroom":95,"minecraft:white_concrete_powder":40,"minecraft:redstone_ore":8468,"minecraft:acacia_trapdoor":5,"minecraft:light_blue_concrete_powder":8,"minecraft:pink_concrete":10,"minecraft:andesite":33451,"minecraft:green_terracotta":1,"minecraft:mossy_stone_brick_stairs":155,"minecraft:cyan_concrete":102,"minecraft:vine":6951,"minecraft:rail":2923,"minecraft:cobblestone_slab":270,"minecraft:potted_spruce_sapling":1,"minecraft:bone_block":540,"minecraft:fire_coral_block":5,"minecraft:green_wool":14,"minecraft:pink_glazed_terracotta":39,"minecraft:ender_chest":210,"minecraft:potted_allium":1,"minecraft:birch_stairs":9,"minecraft:oak_slab":1541,"minecraft:redstone_block":434,"minecraft:soul_sand":2751,"minecraft:glass_pane":1642,"minecraft:lily_of_the_valley":13,"minecraft:dandelion":322,"minecraft:cornflower":91,"minecraft:campfire":33,"minecraft:purpur_pillar":146,"minecraft:green_stained_glass_pane":65,"minecraft:diorite":33072,"minecraft:orange_carpet":10,"minecraft:purple_wool":10,"minecraft:red_terracotta":1,"minecraft:black_stained_glass":192,"minecraft:light_blue_bed":11,"minecraft:cobblestone_wall":132,"minecraft:coarse_dirt":818,"minecraft:trapped_chest":7,"minecraft:stripped_spruce_wood":4,"minecraft:dark_oak_wall_sign":1,"minecraft:purple_concrete":13,"minecraft:dark_prismarine_slab":1991,"minecraft:dark_oak_button":2,"minecraft:gravel":72323,"minecraft:cobweb":119,"minecraft:brown_terracotta":3,"minecraft:birch_sign":15,"minecraft:oak_button":1,"minecraft:stone_bricks":15109,"minecraft:gold_ore":1224,"minecraft:chipped_anvil":24,"minecraft:iron_trapdoor":95,"minecraft:fern":219,"minecraft:stone_pressure_plate":72,"minecraft:oak_sapling":273,"minecraft:farmland":157,"minecraft:mossy_stone_brick_slab":112,"minecraft:andesite_stairs":16,"minecraft:orange_stained_glass":37,"minecraft:orange_wool":49,"minecraft:brewing_stand":4,"minecraft:spruce_trapdoor":709,"minecraft:dead_horn_coral":1,"minecraft:white_concrete":55321,"minecraft:polished_diorite":334,"minecraft:composter":2,"minecraft:mossy_cobblestone_slab":35,"minecraft:dragon_head":1,"minecraft:green_stained_glass":36,"minecraft:red_tulip":235,"minecraft:iron_bars":178,"minecraft:granite_stairs":1,"minecraft:potted_orange_tulip":2,"minecraft:spruce_slab":3294,"minecraft:brown_shulker_box":689,"minecraft:gray_terracotta":9,"minecraft:quartz_block":1666,"minecraft:orange_terracotta":3,"minecraft:yellow_banner":2,"minecraft:purpur_stairs":46,"minecraft:jungle_stairs":23,"minecraft:mossy_cobblestone_wall":32,"minecraft:beacon":38,"minecraft:nether_quartz_ore":22071,"minecraft:oak_planks":972,"minecraft:wall_torch":886,"minecraft:cauldron":6,"minecraft:light_blue_terracotta":108,"minecraft:stone_stairs":132,"minecraft:light_weighted_pressure_plate":6,"minecraft:powered_rail":825,"minecraft:dark_oak_slab":1749,"minecraft:mossy_stone_brick_wall":24,"minecraft:blue_ice":3007,"minecraft:tnt":106,"minecraft:smooth_stone_slab":1445,"minecraft:oak_log":18040,"minecraft:beetroots":229,"minecraft:lime_terracotta":2,"minecraft:dirt":79309,"minecraft:dispenser":59,"minecraft:yellow_wall_banner":2,"minecraft:pink_carpet":75,"minecraft:quartz_stairs":1278,"minecraft:dark_oak_leaves":2652,"minecraft:red_stained_glass":456,"minecraft:lever":64,"minecraft:ladder":94,"minecraft:purple_terracotta":86,"minecraft:stone_button":75,"minecraft:brown_mushroom_block":123,"minecraft:birch_slab":52,"minecraft:spruce_leaves":13126,"minecraft:acacia_slab":15,"minecraft:hay_block":3,"minecraft:dead_brain_coral":3,"minecraft:heavy_weighted_pressure_plate":2,"minecraft:orange_stained_glass_pane":252,"minecraft:light_gray_shulker_box":577,"minecraft:detector_rail":26,"minecraft:gold_block":4238,"minecraft:bookshelf":81,"minecraft:stripped_oak_log":104,"minecraft:jungle_fence_gate":1,"minecraft:pink_terracotta":17,"minecraft:orange_glazed_terracotta":22,"minecraft:scaffolding":8080,"minecraft:acacia_leaves":3172,"minecraft:magenta_stained_glass":28,"minecraft:snow_block":117,"minecraft:stripped_dark_oak_log":438,"minecraft:polished_granite":112,"minecraft:oak_fence":416,"minecraft:gray_stained_glass":124,"minecraft:lime_carpet":9,"minecraft:stone_slab":516,"minecraft:red_glazed_terracotta":45,"minecraft:red_concrete":7753,"minecraft:prismarine_bricks":1,"minecraft:birch_planks":11,"minecraft:dead_fire_coral_block":7,"minecraft:sea_pickle":18,"minecraft:black_wall_banner":16,"minecraft:ice":35312,"minecraft:white_wall_banner":120,"minecraft:grass_path":845,"minecraft:cocoa":3326,"minecraft:flower_pot":11,"minecraft:cyan_carpet":12,"minecraft:yellow_concrete":3130,"minecraft:purple_shulker_box":56,"minecraft:cracked_stone_bricks":260,"minecraft:stripped_acacia_wood":1,"minecraft:mossy_stone_bricks":420,"minecraft:dark_oak_planks":974,"minecraft:dead_horn_coral_fan":1,"minecraft:dark_prismarine_stairs":998,"minecraft:light_blue_concrete":7544,"minecraft:black_terracotta":41,"minecraft:jungle_leaves":3501,"minecraft:obsidian":718,"minecraft:stone_brick_wall":205,"minecraft:yellow_carpet":14,"minecraft:jungle_log":10314,"minecraft:pink_stained_glass":25,"minecraft:coal_block":99,"minecraft:chiseled_stone_bricks":199,"minecraft:hopper":1246,"minecraft:purpur_slab":31,"minecraft:lime_stained_glass":84,"minecraft:bubble_coral_block":5,"minecraft:oxeye_daisy":98,"minecraft:tube_coral_block":3,"minecraft:acacia_pressure_plate":1,"minecraft:light_blue_stained_glass":556,"minecraft:potted_fern":9,"minecraft:orange_concrete":9,"minecraft:sticky_piston":161,"minecraft:dead_fire_coral_wall_fan":1,"minecraft:pumpkin":165,"minecraft:lime_stained_glass_pane":7,"minecraft:oak_sign":46,"minecraft:oak_stairs":560,"minecraft:quartz_slab":1635,"minecraft:blue_orchid":31,"minecraft:iron_block":819,"minecraft:piston_head":15,"minecraft:conduit":1,"minecraft:brown_mushroom":31,"minecraft:red_bed":24,"minecraft:player_wall_head":41,"minecraft:blue_stained_glass":333,"minecraft:polished_andesite_stairs":24,"minecraft:dead_brain_coral_fan":1,"minecraft:glass":2528,"minecraft:damaged_anvil":10,"minecraft:smooth_sandstone_slab":1,"minecraft:spruce_sign":17,"minecraft:cyan_wool":56,"minecraft:black_concrete_powder":1,"minecraft:light_gray_stained_glass":113,"minecraft:wheat":5704,"minecraft:pumpkin_stem":3,"minecraft:lime_concrete":7369,"minecraft:stone_brick_stairs":4481,"minecraft:potted_poppy":2,"minecraft:oak_fence_gate":330,"minecraft:loom":13,"minecraft:stripped_birch_wood":3,"minecraft:blue_shulker_box":41,"minecraft:stonecutter":32,"minecraft:red_mushroom_block":3652,"minecraft:yellow_stained_glass":272,"minecraft:piston":33,"minecraft:light_blue_stained_glass_pane":44,"minecraft:yellow_terracotta":45,"minecraft:pink_shulker_box":83,"minecraft:light_gray_stained_glass_pane":43,"minecraft:blue_stained_glass_pane":1,"minecraft:stripped_birch_log":1481,"minecraft:jack_o_lantern":2,"minecraft:shulker_box":823,"minecraft:nether_bricks":189,"minecraft:orange_banner":5,"minecraft:allium":186,"minecraft:jungle_planks":352,"minecraft:orange_shulker_box":536,"minecraft:magenta_concrete":10,"minecraft:yellow_concrete_powder":31,"minecraft:lime_wool":13,"minecraft:kelp":1619,"minecraft:pink_wool":137,"minecraft:black_stained_glass_pane":313,"minecraft:jungle_sapling":59,"minecraft:snow":709,"minecraft:acacia_wood":8,"minecraft:diamond_block":55,"minecraft:white_glazed_terracotta":8,"minecraft:potatoes":1891,"minecraft:smooth_quartz_stairs":69,"minecraft:bamboo_sapling":5,"minecraft:bamboo":95,"minecraft:brain_coral":2,"minecraft:white_wool":48,"minecraft:cake":1,"minecraft:light_gray_carpet":47,"minecraft:gray_concrete":9035,"minecraft:comparator":86,"minecraft:brown_carpet":129,"minecraft:stone_brick_slab":2313,"minecraft:observer":354,"minecraft:smooth_sandstone":47,"minecraft:light_gray_concrete_powder":1,"minecraft:spruce_button":49,"minecraft:emerald_ore":43,"minecraft:cyan_concrete_powder":29,"minecraft:dropper":77,"minecraft:dried_kelp_block":4,"minecraft:purple_bed":8,"minecraft:lime_glazed_terracotta":11,"minecraft:purple_stained_glass":12,"minecraft:white_carpet":90,"minecraft:spruce_log":37583,"minecraft:birch_leaves":3592,"minecraft:jungle_fence":34,"minecraft:quartz_pillar":718,"minecraft:red_wall_banner":7,"minecraft:mycelium":1125,"minecraft:dark_oak_sign":3,"minecraft:pink_stained_glass_pane":1,"minecraft:acacia_planks":43,"minecraft:spruce_fence_gate":42,"minecraft:infested_stone":116,"minecraft:black_shulker_box":95,"minecraft:light_gray_banner":3,"minecraft:attached_melon_stem":1172,"minecraft:spruce_planks":2427,"minecraft:jungle_slab":166,"minecraft:cobblestone_stairs":364,"minecraft:potted_blue_orchid":4,"minecraft:dead_tube_coral_block":1,"minecraft:grass_block":60755,"minecraft:blue_concrete":200,"minecraft:purple_stained_glass_pane":2,"minecraft:sandstone_stairs":7,"minecraft:smooth_stone":143,"minecraft:glowstone":1084,"minecraft:red_nether_brick_stairs":44,"minecraft:iron_ore":7064,"minecraft:anvil":84,"minecraft:black_carpet":3,"minecraft:azure_bluet":329,"minecraft:dark_oak_stairs":988,"minecraft:brown_glazed_terracotta":21,"minecraft:purple_carpet":7,"minecraft:birch_wall_sign":6,"minecraft:jungle_pressure_plate":1,"minecraft:end_stone_bricks":636,"minecraft:brain_coral_block":1,"minecraft:green_bed":12,"minecraft:dead_fire_coral":3,"minecraft:dead_bubble_coral_block":2,"minecraft:cyan_terracotta":453,"minecraft:melon_stem":134,"minecraft:clay":463,"minecraft:chiseled_quartz_block":236,"minecraft:dead_fire_coral_fan":1,"minecraft:poppy":697,"minecraft:chest":1499,"minecraft:mushroom_stem":893,"minecraft:cobblestone":8584,"minecraft:birch_wood":21,"minecraft:slime_block":94,"minecraft:prismarine":23,"minecraft:magenta_shulker_box":232,"minecraft:seagrass":332,"minecraft:acacia_sapling":51,"minecraft:brown_concrete_powder":1,"minecraft:birch_log":9008,"minecraft:yellow_wool":26,"minecraft:lapis_block":2,"minecraft:birch_trapdoor":11,"minecraft:activator_rail":6,"minecraft:brown_wall_banner":9,"minecraft:orange_tulip":169,"minecraft:purpur_block":338,"minecraft:yellow_stained_glass_pane":169,"minecraft:green_glazed_terracotta":37,"minecraft:acacia_fence":3,"minecraft:sand":89692,"minecraft:tripwire_hook":45,"minecraft:netherrack":65128,"minecraft:potted_red_tulip":1,"minecraft:emerald_block":21,"minecraft:oak_leaves":17722,"minecraft:magenta_wool":2,"minecraft:horn_coral_block":9,"minecraft:redstone_lamp":98,"minecraft:diamond_ore":1715,"minecraft:tube_coral":1,"minecraft:red_carpet":315,"minecraft:gray_shulker_box":278,"minecraft:gray_stained_glass_pane":94,"minecraft:dark_oak_pressure_plate":38,"minecraft:black_banner":1,"minecraft:brick_stairs":8,"minecraft:light_blue_glazed_terracotta":34,"minecraft:white_stained_glass":1628,"minecraft:polished_andesite_slab":73,"minecraft:sandstone":572,"minecraft:oak_trapdoor":641,"minecraft:red_concrete_powder":3,"minecraft:spruce_sapling":492,"minecraft:furnace":717,"minecraft:carrots":8329,"minecraft:acacia_stairs":6,"minecraft:stripped_spruce_log":90,"minecraft:dark_oak_fence_gate":125,"minecraft:black_concrete":3204,"minecraft:dead_horn_coral_block":1,"minecraft:bell":24,"minecraft:lantern":160,"minecraft:stripped_acacia_log":38,"minecraft:stripped_jungle_log":25,"minecraft:packed_ice":36755,"minecraft:white_tulip":182,"minecraft:stone":551251,"minecraft:yellow_shulker_box":283,"minecraft:redstone_wall_torch":79,"minecraft:birch_pressure_plate":5,"minecraft:podzol":432,"minecraft:light_blue_shulker_box":2065,"minecraft:red_wool":58,"minecraft:red_banner":17,"minecraft:crafting_table":388,"minecraft:cyan_stained_glass_pane":1,"minecraft:light_gray_wall_banner":9,"minecraft:lime_concrete_powder":17,"minecraft:andesite_slab":57,"minecraft:lectern":1,"minecraft:andesite_wall":12,"minecraft:lapis_ore":1135,"minecraft:lily_pad":23,"minecraft:spruce_stairs":750,"minecraft:blue_bed":102,"minecraft:cactus":1066,"minecraft:lime_bed":6,"minecraft:gray_concrete_powder":13,"minecraft:brick_slab":8,"minecraft:green_shulker_box":511,"minecraft:redstone_torch":116,"minecraft:magenta_terracotta":231,"minecraft:sweet_berry_bush":77,"minecraft:gray_bed":56,"minecraft:yellow_bed":38,"minecraft:dead_brain_coral_block":4,"minecraft:coal_ore":19682,"minecraft:end_rod":285,"minecraft:gray_carpet":1,"minecraft:terracotta":17,"minecraft:potted_white_tulip":1,"minecraft:polished_andesite":5608,"minecraft:acacia_wall_sign":1,"minecraft:birch_fence":12},"minecraft:killed":{"minecraft:cod":13,"minecraft:guardian":10605,"minecraft:skeleton_horse":2,"minecraft:tropical_fish":17,"minecraft:salmon":14,"minecraft:iron_golem":1,"minecraft:pillager":117,"minecraft:donkey":1,"minecraft:zombie":492,"minecraft:evoker":7,"minecraft:zombie_pigman":37,"minecraft:vindicator":31,"minecraft:endermite":15,"minecraft:snow_golem":9,"minecraft:husk":2,"minecraft:ravager":9,"minecraft:witch":30,"minecraft:spider":114,"minecraft:wither":3,"minecraft:silverfish":98,"minecraft:zombie_villager":8,"minecraft:sheep":45,"minecraft:trader_llama":15,"minecraft:ghast":88,"minecraft:vex":30,"minecraft:slime":1254,"minecraft:drowned":453,"minecraft:squid":64,"minecraft:wither_skeleton":73,"minecraft:villager":2,"minecraft:cave_spider":3,"minecraft:dolphin":1,"minecraft:shulker":161,"minecraft:pufferfish":1,"minecraft:skeleton":1711,"minecraft:chicken":410,"minecraft:magma_cube":115,"minecraft:cow":476,"minecraft:horse":6,"minecraft:wandering_trader":10,"minecraft:enderman":2612,"minecraft:pig":14,"minecraft:creeper":219,"minecraft:blaze":159,"minecraft:phantom":21,"minecraft:bat":3},"minecraft:dropped":{"minecraft:iron_sword":1,"minecraft:pink_stained_glass":1341,"minecraft:porkchop":10,"minecraft:lapis_lazuli":547,"minecraft:glass_bottle":38,"minecraft:diamond":638,"minecraft:crafting_table":78,"minecraft:cooked_porkchop":12,"minecraft:dark_oak_slab":370,"minecraft:cracked_stone_bricks":1174,"minecraft:quartz_pillar":23,"minecraft:brown_banner":6,"minecraft:red_mushroom":18,"minecraft:gold_block":230,"minecraft:emerald":204,"minecraft:gray_concrete":96,"minecraft:birch_fence":10,"minecraft:dark_oak_fence":27,"minecraft:dark_oak_trapdoor":82,"minecraft:gold_nugget":269,"minecraft:writable_book":47,"minecraft:acacia_fence_gate":1,"minecraft:sand":2865,"minecraft:fishing_rod":1,"minecraft:dark_oak_planks":158,"minecraft:white_wool":27,"minecraft:birch_stairs":22,"minecraft:diorite_slab":18,"minecraft:dark_oak_door":32,"minecraft:compass":2,"minecraft:lever":21,"minecraft:diamond_block":19,"minecraft:iron_nugget":50,"minecraft:cooked_chicken":606,"minecraft:black_carpet":2,"minecraft:wheat":561,"minecraft:obsidian":262,"minecraft:stripped_dark_oak_log":9,"minecraft:rotten_flesh":1201,"minecraft:oak_planks":118,"minecraft:pink_carpet":15,"minecraft:glowstone_dust":140,"minecraft:azure_bluet":311,"minecraft:dead_fire_coral_block":18,"minecraft:sea_lantern":121,"minecraft:coal_ore":554,"minecraft:diorite_wall":18,"minecraft:quartz_block":287,"minecraft:jungle_log":4836,"minecraft:leather_boots":10,"minecraft:acacia_sapling":341,"minecraft:leather_leggings":7,"minecraft:painting":5,"minecraft:red_nether_bricks":13,"minecraft:glass":5131,"minecraft:beef":85,"minecraft:podzol":28,"minecraft:purple_stained_glass_pane":11,"minecraft:stone_brick_stairs":2318,"minecraft:acacia_fence":2,"minecraft:green_stained_glass":4,"minecraft:brown_concrete":2,"minecraft:golden_boots":11,"minecraft:orange_shulker_box":1,"minecraft:black_dye":5,"minecraft:wheat_seeds":5481,"minecraft:clock":2,"minecraft:smooth_quartz_stairs":53,"minecraft:light_gray_stained_glass_pane":15,"minecraft:prismarine_crystals":556,"minecraft:book":132,"minecraft:red_stained_glass":7,"minecraft:yellow_carpet":53,"minecraft:golden_apple":1,"minecraft:coal_block":388,"minecraft:lava_bucket":1,"minecraft:cobweb":31,"minecraft:dark_oak_leaves":173,"minecraft:gray_wool":4,"minecraft:ink_sac":96,"minecraft:cooked_salmon":327,"minecraft:lapis_ore":6,"minecraft:potion":17,"minecraft:stripped_birch_log":26,"minecraft:oak_stairs":61,"minecraft:pumpkin":9,"minecraft:white_banner":35,"minecraft:jungle_boat":2,"minecraft:red_dye":45,"minecraft:chipped_anvil":1,"minecraft:smooth_stone":769,"minecraft:chainmail_leggings":6,"minecraft:smooth_sandstone":69,"minecraft:trapped_chest":2,"minecraft:lily_pad":7,"minecraft:blue_carpet":3,"minecraft:acacia_planks":22,"minecraft:pink_stained_glass_pane":10,"minecraft:stone_brick_slab":235,"minecraft:snow_block":135,"minecraft:yellow_concrete_powder":21,"minecraft:bricks":322,"minecraft:green_terracotta":1,"minecraft:player_head":122,"minecraft:cocoa_beans":11,"minecraft:green_bed":1,"minecraft:sticky_piston":56,"minecraft:red_banner":63,"minecraft:white_carpet":188,"minecraft:iron_boots":8,"minecraft:damaged_anvil":3,"minecraft:name_tag":7,"minecraft:light_gray_concrete":280,"minecraft:white_terracotta":64,"minecraft:white_shulker_box":1,"minecraft:oak_sign":171,"minecraft:shears":8,"minecraft:diamond_sword":6,"minecraft:spruce_boat":17,"minecraft:sea_pickle":8,"minecraft:flower_pot":4,"minecraft:lime_glazed_terracotta":11,"minecraft:peony":24,"minecraft:spruce_trapdoor":81,"minecraft:spruce_planks":732,"minecraft:diamond_pickaxe":26,"minecraft:light_blue_carpet":14,"minecraft:pink_shulker_box":1,"minecraft:andesite_stairs":66,"minecraft:redstone_torch":553,"minecraft:stone_pressure_plate":50,"minecraft:stone_bricks":5479,"minecraft:bamboo":51,"minecraft:sandstone":13,"minecraft:bow":119,"minecraft:stripped_spruce_wood":3,"minecraft:magma_block":143,"minecraft:brick_slab":5,"minecraft:nether_brick_stairs":71,"minecraft:acacia_boat":1,"minecraft:soul_sand":97,"minecraft:orange_dye":8,"minecraft:polished_granite_slab":5,"minecraft:oak_log":774,"minecraft:loom":1,"minecraft:ender_pearl":529,"minecraft:dark_oak_sapling":137,"minecraft:jungle_fence":5,"minecraft:green_shulker_box":1,"minecraft:leather":251,"minecraft:red_wool":133,"minecraft:jungle_planks":881,"minecraft:mossy_cobblestone_wall":177,"minecraft:black_banner":1,"minecraft:birch_slab":37,"minecraft:cod":721,"minecraft:cobblestone_stairs":529,"minecraft:redstone_lamp":3,"minecraft:dark_oak_log":1286,"minecraft:packed_ice":1952,"minecraft:ice":81,"minecraft:dark_oak_wood":6,"minecraft:mutton":15,"minecraft:snowball":122,"minecraft:black_concrete":193,"minecraft:light_blue_banner":1,"minecraft:pink_glazed_terracotta":39,"minecraft:cauldron":3,"minecraft:gold_ingot":552,"minecraft:magenta_stained_glass":3,"minecraft:purpur_block":87,"minecraft:andesite_slab":50,"minecraft:beetroot":8,"minecraft:mossy_stone_brick_slab":4,"minecraft:cooked_mutton":29,"minecraft:acacia_stairs":22,"minecraft:mushroom_stem":101,"minecraft:leather_chestplate":5,"minecraft:trident":7,"minecraft:mossy_stone_brick_wall":15,"minecraft:dropper":346,"minecraft:beetroot_seeds":3,"minecraft:acacia_slab":6,"minecraft:stone_brick_wall":133,"minecraft:birch_door":4,"minecraft:iron_ore":412,"minecraft:birch_button":7,"minecraft:iron_bars":6,"minecraft:white_concrete_powder":459,"minecraft:scaffolding":397,"minecraft:light_gray_concrete_powder":64,"minecraft:polished_granite":35,"minecraft:splash_potion":1,"minecraft:acacia_pressure_plate":1,"minecraft:purple_carpet":6,"minecraft:stone_hoe":3,"minecraft:bread":109,"minecraft:vine":1278,"minecraft:golden_helmet":8,"minecraft:lilac":52,"minecraft:yellow_concrete":280,"minecraft:andesite_wall":10,"minecraft:jungle_wood":1,"minecraft:tropical_fish":13,"minecraft:spruce_stairs":893,"minecraft:acacia_log":466,"minecraft:acacia_trapdoor":2,"minecraft:spruce_fence_gate":2,"minecraft:iron_block":236,"minecraft:milk_bucket":1,"minecraft:green_dye":14981,"minecraft:repeater":320,"minecraft:nether_wart_block":78,"minecraft:white_concrete":1748,"minecraft:melon_slice":6,"minecraft:light_gray_shulker_box":1,"minecraft:yellow_shulker_box":6,"minecraft:iron_door":5,"minecraft:jungle_leaves":395,"minecraft:polished_andesite_stairs":14,"minecraft:granite_slab":5,"minecraft:stonecutter":3,"minecraft:cactus":268,"minecraft:light_blue_stained_glass_pane":13,"minecraft:tripwire_hook":17,"minecraft:redstone_block":472,"minecraft:polished_diorite":149,"minecraft:kelp":6918,"minecraft:sweet_berries":171,"minecraft:oak_trapdoor":104,"minecraft:dark_prismarine_stairs":377,"minecraft:lime_concrete":426,"minecraft:comparator":228,"minecraft:stripped_oak_log":15,"minecraft:green_concrete":41,"minecraft:totem_of_undying":3,"minecraft:shulker_box":9,"minecraft:flint_and_steel":11,"minecraft:gray_terracotta":129,"minecraft:oak_button":2,"minecraft:andesite":2182,"minecraft:golden_leggings":10,"minecraft:oak_sapling":363,"minecraft:birch_sign":10,"minecraft:spruce_log":3738,"minecraft:nautilus_shell":38,"minecraft:magma_cream":11,"minecraft:brown_stained_glass":938,"minecraft:brick":33,"minecraft:clay":13,"minecraft:acacia_wood":1,"minecraft:piston":3,"minecraft:cooked_beef":512,"minecraft:oak_pressure_plate":43,"minecraft:sandstone_stairs":6,"minecraft:orange_tulip":218,"minecraft:crossbow":6,"minecraft:cookie":778,"minecraft:dark_oak_button":3,"minecraft:mossy_stone_brick_stairs":91,"minecraft:saddle":1,"minecraft:purpur_stairs":42,"minecraft:elytra":10,"minecraft:rail":160,"minecraft:leather_helmet":4,"minecraft:red_carpet":75,"minecraft:item_frame":576,"minecraft:light_weighted_pressure_plate":1,"minecraft:dirt":10541,"minecraft:grass":11,"minecraft:stone_button":105,"minecraft:yellow_dye":76,"minecraft:jack_o_lantern":2,"minecraft:jungle_sapling":45,"minecraft:wooden_sword":7,"minecraft:bone_meal":1410,"minecraft:bone_block":363,"minecraft:sunflower":19,"minecraft:phantom_membrane":9,"minecraft:sugar":130,"minecraft:iron_pickaxe":2,"minecraft:dark_oak_boat":11,"minecraft:green_stained_glass_pane":15,"minecraft:cyan_carpet":5,"minecraft:blue_bed":1,"minecraft:bone":495,"minecraft:green_wool":3,"minecraft:oak_door":5,"minecraft:pink_concrete":2,"minecraft:note_block":6,"minecraft:sugar_cane":527,"minecraft:polished_andesite_slab":15,"minecraft:golden_chestplate":14,"minecraft:detector_rail":3,"minecraft:nether_brick":21,"minecraft:pink_dye":16,"minecraft:birch_sapling":69,"minecraft:enchanted_golden_apple":1,"minecraft:lime_dye":237,"minecraft:end_stone":2,"minecraft:light_gray_carpet":18,"minecraft:blaze_powder":12,"minecraft:jungle_trapdoor":29,"minecraft:white_bed":2,"minecraft:orange_stained_glass":49,"minecraft:dark_oak_fence_gate":1,"minecraft:salmon":46,"minecraft:acacia_button":2,"minecraft:red_stained_glass_pane":26,"minecraft:lime_bed":1,"minecraft:brick_stairs":17,"minecraft:jungle_stairs":8,"minecraft:charcoal":36,"minecraft:hopper":226,"minecraft:ladder":160,"minecraft:white_dye":8,"minecraft:spruce_slab":431,"minecraft:end_stone_bricks":201,"minecraft:campfire":1,"minecraft:ghast_tear":2,"minecraft:white_glazed_terracotta":8,"minecraft:egg":3170,"minecraft:enchanted_book":7,"minecraft:iron_ingot":256,"minecraft:birch_leaves":215,"minecraft:tnt":18,"minecraft:dark_prismarine_slab":3,"minecraft:yellow_terracotta":384,"minecraft:purpur_slab":24,"minecraft:oak_fence":8,"minecraft:feather":2800,"minecraft:iron_helmet":3,"minecraft:cobblestone":9940,"minecraft:apple":478,"minecraft:granite":3316,"minecraft:spruce_button":87,"minecraft:stripped_jungle_log":2,"minecraft:spruce_door":56,"minecraft:chainmail_helmet":1,"minecraft:coal":1183,"minecraft:pufferfish":14,"minecraft:polished_andesite":991,"minecraft:end_rod":270,"minecraft:oxeye_daisy":62,"minecraft:dried_kelp_block":196,"minecraft:jungle_slab":17,"minecraft:iron_trapdoor":10,"minecraft:golden_carrot":681,"minecraft:rose_bush":18,"minecraft:diamond_helmet":3,"minecraft:lime_carpet":5,"minecraft:pufferfish_bucket":9,"minecraft:dried_kelp":121,"minecraft:mossy_cobblestone_stairs":65,"minecraft:prismarine_slab":35,"minecraft:iron_shovel":5,"minecraft:paper":1157,"minecraft:string":265,"minecraft:gray_carpet":9,"minecraft:beetroot_soup":3,"minecraft:spruce_sapling":649,"minecraft:pink_tulip":129,"minecraft:purpur_pillar":55,"minecraft:furnace":263,"minecraft:redstone_ore":27,"minecraft:jungle_fence_gate":1,"minecraft:stone_sword":28,"minecraft:cobblestone_wall":427,"minecraft:dark_oak_sign":12,"minecraft:smooth_stone_slab":1193,"minecraft:bowl":1,"minecraft:chicken":12,"minecraft:slime_block":33,"minecraft:stone_slab":656,"minecraft:diamond_ore":1,"minecraft:magenta_concrete":1,"minecraft:light_blue_concrete":231,"minecraft:nether_bricks":362,"minecraft:spruce_fence":72,"minecraft:pumpkin_seeds":181,"minecraft:purple_stained_glass":1198,"minecraft:lily_of_the_valley":13,"minecraft:potato":129,"minecraft:cobblestone_slab":752,"minecraft:stone":14861,"minecraft:allium":227,"minecraft:wooden_shovel":356,"minecraft:carved_pumpkin":13,"minecraft:spider_eye":47,"minecraft:brown_carpet":131,"minecraft:light_gray_dye":36,"minecraft:birch_boat":4,"minecraft:magenta_dye":1,"minecraft:orange_stained_glass_pane":34,"minecraft:red_tulip":243,"minecraft:bell":1,"minecraft:dark_prismarine":23,"minecraft:black_wool":67,"minecraft:quartz_slab":187,"minecraft:gold_ore":63,"minecraft:spruce_sign":317,"minecraft:birch_planks":85,"minecraft:brown_mushroom":35,"minecraft:dark_oak_stairs":111,"minecraft:diamond_axe":6,"minecraft:baked_potato":104,"minecraft:sandstone_slab":5,"minecraft:red_nether_brick_slab":48,"minecraft:scute":4,"minecraft:lantern":25,"minecraft:lime_stained_glass_pane":10,"minecraft:flint":328,"minecraft:spruce_leaves":878,"minecraft:cyan_terracotta":148,"minecraft:orange_carpet":6,"minecraft:jungle_button":1,"minecraft:dispenser":86,"minecraft:cornflower":71,"minecraft:seagrass":11,"minecraft:cooked_cod":68,"minecraft:cut_sandstone":8,"minecraft:white_stained_glass_pane":32,"minecraft:pumpkin_pie":5,"minecraft:acacia_door":3,"minecraft:birch_log":642,"minecraft:black_stained_glass":10,"minecraft:brown_mushroom_block":1,"minecraft:armor_stand":3,"minecraft:gravel":1838,"minecraft:white_tulip":161,"minecraft:lime_wool":1,"minecraft:diorite_stairs":32,"minecraft:fern":4,"minecraft:diamond_shovel":6,"minecraft:prismarine":235,"minecraft:stone_stairs":462,"minecraft:carrot":3204,"minecraft:chainmail_chestplate":2,"minecraft:chiseled_stone_bricks":822,"minecraft:shulker_shell":64,"minecraft:poppy":398,"minecraft:oak_fence_gate":11,"minecraft:turtle_helmet":2,"minecraft:gunpowder":481,"minecraft:birch_trapdoor":8,"minecraft:melon_seeds":2,"minecraft:spruce_pressure_plate":30,"minecraft:glowstone":639,"minecraft:spruce_wood":3,"minecraft:chainmail_boots":1,"minecraft:chest":416,"minecraft:cyan_concrete":1,"minecraft:arrow":734,"minecraft:gray_shulker_box":1,"minecraft:powered_rail":25,"minecraft:quartz":801,"minecraft:written_book":44,"minecraft:oak_leaves":1203,"minecraft:netherrack":18836,"minecraft:firework_rocket":2414,"minecraft:water_bucket":8,"minecraft:oak_slab":202,"minecraft:stripped_spruce_log":22,"minecraft:magenta_carpet":16,"minecraft:mossy_cobblestone":212,"minecraft:minecart":31,"minecraft:cyan_dye":1,"minecraft:diamond_leggings":5,"minecraft:poisonous_potato":14,"minecraft:prismarine_shard":721,"minecraft:lead":12,"minecraft:spectral_arrow":52,"minecraft:observer":40,"minecraft:dark_oak_pressure_plate":29,"minecraft:nether_brick_wall":111,"minecraft:light_blue_concrete_powder":1,"minecraft:grass_block":4637,"minecraft:stick":7635,"minecraft:magenta_bed":1,"minecraft:diorite":4142,"minecraft:light_blue_stained_glass":109,"minecraft:torch":1531,"minecraft:smooth_quartz":70,"minecraft:brown_wool":2,"minecraft:map":1,"minecraft:green_carpet":4,"minecraft:iron_leggings":5,"minecraft:wither_rose":2,"minecraft:bucket":147,"minecraft:music_disc_cat":1,"minecraft:lapis_block":103,"minecraft:dandelion":173,"minecraft:redstone":1205,"minecraft:red_concrete":178,"minecraft:jungle_pressure_plate":7,"minecraft:nether_brick_slab":14,"minecraft:anvil":25,"minecraft:gray_stained_glass":58,"minecraft:blaze_rod":133,"minecraft:ender_chest":7,"minecraft:coarse_dirt":406,"minecraft:nether_wart":452,"minecraft:chiseled_quartz_block":8,"minecraft:brown_glazed_terracotta":7,"minecraft:light_gray_wool":20,"minecraft:ender_eye":16,"minecraft:stripped_acacia_wood":1,"minecraft:acacia_leaves":127,"minecraft:glass_pane":43,"minecraft:red_terracotta":1,"minecraft:prismarine_stairs":21,"minecraft:red_nether_brick_stairs":80,"minecraft:filled_map":11,"minecraft:snow":807,"minecraft:shield":9,"minecraft:diamond_chestplate":1,"minecraft:orange_terracotta":33,"minecraft:iron_chestplate":5,"minecraft:cake":8,"minecraft:quartz_stairs":71,"minecraft:mossy_stone_bricks":114,"minecraft:pink_wool":4,"minecraft:blue_ice":11,"minecraft:oak_boat":10,"minecraft:golden_sword":1,"minecraft:slime_ball":779,"minecraft:diamond_boots":10,"minecraft:stripped_acacia_log":2,"minecraft:beacon":6,"minecraft:nether_quartz_ore":136,"minecraft:white_stained_glass":147,"minecraft:light_blue_shulker_box":23},"minecraft:custom":{"minecraft:interact_with_crafting_table":4545,"minecraft:damage_blocked_by_shield":5850,"minecraft:deaths":155,"minecraft:jump":681562,"minecraft:interact_with_smoker":13,"minecraft:inspect_dispenser":507,"minecraft:horse_one_cm":748639,"minecraft:inspect_dropper":904,"minecraft:inspect_hopper":4314,"minecraft:tune_noteblock":1750,"minecraft:time_since_rest":2631,"minecraft:swim_one_cm":4996202,"minecraft:open_chest":57014,"minecraft:open_shulker_box":50114,"minecraft:damage_resisted":21268,"minecraft:play_noteblock":170,"minecraft:talked_to_villager":1447,"minecraft:interact_with_brewingstand":24,"minecraft:interact_with_beacon":73,"minecraft:raid_win":4,"minecraft:boat_one_cm":76393696,"minecraft:damage_taken":545759,"minecraft:aviate_one_cm":1154783248,"minecraft:open_barrel":1772,"minecraft:bell_ring":202,"minecraft:leave_game":2147,"minecraft:time_since_death":863941,"minecraft:eat_cake_slice":12,"minecraft:enchant_item":1425,"minecraft:interact_with_furnace":11140,"minecraft:traded_with_villager":2471,"minecraft:sleep_in_bed":3332,"minecraft:damage_dealt":560115,"minecraft:sneak_time":3992249,"minecraft:interact_with_lectern":73,"minecraft:interact_with_stonecutter":138,"minecraft:fly_one_cm":128171113,"minecraft:fall_one_cm":21046587,"minecraft:fish_caught":15,"minecraft:animals_bred":415,"minecraft:sprint_one_cm":165019931,"minecraft:drop":12471,"minecraft:walk_on_water_one_cm":15701434,"minecraft:play_one_minute":80632207,"minecraft:interact_with_loom":50,"minecraft:open_enderchest":3658,"minecraft:player_kills":2,"minecraft:crouch_one_cm":10698328,"minecraft:mob_kills":108107,"minecraft:climb_one_cm":5013208,"minecraft:walk_one_cm":230188160,"minecraft:walk_under_water_one_cm":40659899,"minecraft:raid_trigger":6,"minecraft:pot_flower":43,"minecraft:damage_absorbed":80,"minecraft:trigger_trapped_chest":132,"minecraft:minecart_one_cm":4305943},"minecraft:broken":{"minecraft:shears":67,"minecraft:iron_leggings":1,"minecraft:diamond_shovel":1,"minecraft:shield":1,"minecraft:iron_pickaxe":7,"minecraft:wooden_hoe":1,"minecraft:iron_shovel":1,"minecraft:diamond_boots":1,"minecraft:golden_boots":1,"minecraft:iron_boots":1,"minecraft:iron_chestplate":1,"minecraft:iron_axe":1,"minecraft:iron_helmet":1,"minecraft:golden_helmet":1,"minecraft:golden_leggings":1,"minecraft:wooden_axe":1,"minecraft:leather_chestplate":1}},"DataVersion":1976}