{"stats":{"minecraft:mined":{"minecraft:dragon_wall_head":27,"minecraft:cut_sandstone_slab":6,"minecraft:white_bed":4,"minecraft:granite":430,"minecraft:acacia_log":69,"minecraft:oak_pressure_plate":6,"minecraft:green_concrete":19,"minecraft:oak_wall_sign":25,"minecraft:red_stained_glass_pane":211,"minecraft:chorus_flower":93,"minecraft:magma_block":227,"minecraft:dark_oak_trapdoor":5,"minecraft:barrel":1,"minecraft:potted_dandelion":1,"minecraft:light_gray_concrete":110,"minecraft:pink_tulip":1,"minecraft:white_shulker_box":52,"minecraft:spruce_wood":4,"minecraft:player_head":3,"minecraft:tripwire":10,"minecraft:sandstone_slab":19,"minecraft:cut_sandstone":1,"minecraft:kelp_plant":34,"minecraft:torch":154,"minecraft:dark_oak_wood":2,"minecraft:white_stained_glass_pane":13,"minecraft:dead_bush":2,"minecraft:nether_brick_slab":1,"minecraft:spruce_wall_sign":1,"minecraft:smooth_quartz_slab":37,"minecraft:sugar_cane":407,"minecraft:birch_sapling":1,"minecraft:white_terracotta":1,"minecraft:repeater":8,"minecraft:jukebox":1,"minecraft:yellow_glazed_terracotta":20,"minecraft:grass":2176,"minecraft:smooth_quartz":8,"minecraft:dark_oak_log":168,"minecraft:sea_lantern":122,"minecraft:end_stone":379,"minecraft:dark_oak_fence":87,"minecraft:spruce_fence":92,"minecraft:redstone_wire":57,"minecraft:red_mushroom":8,"minecraft:white_concrete_powder":135,"minecraft:horn_coral":1,"minecraft:redstone_ore":411,"minecraft:acacia_trapdoor":12,"minecraft:pink_concrete":265,"minecraft:green_terracotta":1,"minecraft:andesite":342,"minecraft:cobblestone_slab":14,"minecraft:vine":51,"minecraft:rail":196,"minecraft:potted_spruce_sapling":3,"minecraft:bone_block":22,"minecraft:fire_coral_block":19,"minecraft:ender_chest":389,"minecraft:oak_slab":11,"minecraft:redstone_block":7,"minecraft:soul_sand":474,"minecraft:dandelion":20,"minecraft:fire_coral":2,"minecraft:potted_oxeye_daisy":3,"minecraft:purpur_pillar":88,"minecraft:diorite":228,"minecraft:black_stained_glass":4,"minecraft:coarse_dirt":24,"minecraft:light_blue_bed":1,"minecraft:cobblestone_wall":29,"minecraft:stripped_spruce_wood":1,"minecraft:dark_oak_wall_sign":17,"minecraft:purple_concrete":562,"minecraft:gravel":11223,"minecraft:cobweb":32,"minecraft:brown_terracotta":127,"minecraft:oak_button":3,"minecraft:stone_bricks":15,"minecraft:chipped_anvil":5,"minecraft:gold_ore":65,"minecraft:iron_trapdoor":8,"minecraft:fern":37,"minecraft:farmland":116,"minecraft:brewing_stand":14,"minecraft:spruce_trapdoor":25,"minecraft:white_concrete":5402,"minecraft:red_tulip":3,"minecraft:iron_bars":113,"minecraft:potted_orange_tulip":4,"minecraft:spruce_slab":673,"minecraft:quartz_block":194,"minecraft:orange_terracotta":3,"minecraft:purpur_stairs":151,"minecraft:potted_jungle_sapling":1,"minecraft:nether_quartz_ore":9793,"minecraft:oak_planks":129,"minecraft:wall_torch":116,"minecraft:powered_rail":5,"minecraft:dark_oak_slab":16,"minecraft:smooth_stone_slab":385,"minecraft:oak_log":360,"minecraft:beetroots":172,"minecraft:lime_terracotta":1,"minecraft:dirt":4712,"minecraft:dispenser":2,"minecraft:daylight_detector":16,"minecraft:quartz_stairs":482,"minecraft:dark_oak_leaves":92,"minecraft:red_stained_glass":12,"minecraft:lever":3,"minecraft:ladder":8,"minecraft:purple_terracotta":67,"minecraft:spruce_leaves":1137,"minecraft:light_gray_shulker_box":29,"minecraft:orange_stained_glass_pane":26,"minecraft:gold_block":5,"minecraft:nether_brick_fence":9,"minecraft:bookshelf":124,"minecraft:stripped_oak_log":67,"minecraft:wet_sponge":31,"minecraft:acacia_leaves":75,"minecraft:scaffolding":6,"minecraft:magenta_stained_glass":1,"minecraft:polished_granite":1,"minecraft:oak_fence":34,"minecraft:gray_stained_glass":3,"minecraft:red_concrete":614,"minecraft:dead_fire_coral_block":10,"minecraft:birch_planks":1,"minecraft:bubble_coral":1,"minecraft:sea_pickle":2,"minecraft:ice":18,"minecraft:grass_path":252,"minecraft:black_wool":14,"minecraft:cocoa":50,"minecraft:flower_pot":25,"minecraft:yellow_concrete":567,"minecraft:purple_shulker_box":1,"minecraft:cracked_stone_bricks":8,"minecraft:stripped_acacia_wood":15,"minecraft:mossy_stone_bricks":4,"minecraft:dark_oak_planks":120,"minecraft:light_blue_concrete":522,"minecraft:jungle_leaves":158,"minecraft:obsidian":144,"minecraft:yellow_carpet":3,"minecraft:jungle_log":204,"minecraft:coal_block":1,"minecraft:purpur_slab":43,"minecraft:bubble_coral_block":26,"minecraft:tube_coral_block":24,"minecraft:hopper":13,"minecraft:oxeye_daisy":10,"minecraft:chiseled_stone_bricks":1,"minecraft:potted_fern":4,"minecraft:orange_concrete":338,"minecraft:sticky_piston":22,"minecraft:pumpkin":25,"minecraft:enchanting_table":8,"minecraft:lime_stained_glass_pane":8,"minecraft:oak_sign":9,"minecraft:oak_stairs":57,"minecraft:quartz_slab":670,"minecraft:blue_orchid":1,"minecraft:iron_block":153,"minecraft:brown_mushroom":5,"minecraft:red_bed":4,"minecraft:player_wall_head":3,"minecraft:blue_stained_glass":10,"minecraft:polished_andesite_stairs":1,"minecraft:green_concrete_powder":134,"minecraft:glass":18,"minecraft:cyan_bed":1,"minecraft:potted_oak_sapling":3,"minecraft:damaged_anvil":4,"minecraft:spruce_sign":6,"minecraft:light_gray_stained_glass":1,"minecraft:wheat":788,"minecraft:lime_concrete":267,"minecraft:potted_poppy":7,"minecraft:stone_brick_stairs":1,"minecraft:purple_concrete_powder":2,"minecraft:stripped_birch_wood":27,"minecraft:blue_shulker_box":2,"minecraft:stonecutter":17,"minecraft:yellow_stained_glass":32,"minecraft:piston":3,"minecraft:yellow_terracotta":2,"minecraft:light_blue_stained_glass_pane":15,"minecraft:blue_stained_glass_pane":43,"minecraft:stripped_birch_log":14,"minecraft:shulker_box":756,"minecraft:nether_bricks":35,"minecraft:allium":4,"minecraft:yellow_concrete_powder":82,"minecraft:kelp":3,"minecraft:snow":1,"minecraft:acacia_wood":2,"minecraft:potatoes":575,"minecraft:brain_coral":1,"minecraft:light_gray_carpet":25,"minecraft:gray_concrete":235,"minecraft:comparator":8,"minecraft:observer":8,"minecraft:light_gray_concrete_powder":3,"minecraft:dropper":1,"minecraft:purple_bed":2,"minecraft:purple_stained_glass":25,"minecraft:white_carpet":16,"minecraft:spruce_log":1482,"minecraft:birch_leaves":32,"minecraft:quartz_pillar":771,"minecraft:dark_oak_sign":2,"minecraft:pink_stained_glass_pane":20,"minecraft:spruce_fence_gate":5,"minecraft:black_shulker_box":131,"minecraft:spruce_planks":25,"minecraft:potted_cactus":2,"minecraft:grass_block":9175,"minecraft:dead_tube_coral_block":15,"minecraft:blue_concrete":329,"minecraft:purple_stained_glass_pane":97,"minecraft:sandstone_stairs":2,"minecraft:smooth_stone":332,"minecraft:potted_birch_sapling":1,"minecraft:glowstone":252,"minecraft:iron_ore":591,"minecraft:black_carpet":25,"minecraft:anvil":14,"minecraft:azure_bluet":6,"minecraft:dark_oak_stairs":102,"minecraft:purple_carpet":1,"minecraft:end_stone_bricks":178,"minecraft:green_bed":2,"minecraft:cyan_terracotta":342,"minecraft:dead_bubble_coral_block":13,"minecraft:chiseled_quartz_block":131,"minecraft:clay":670,"minecraft:poppy":43,"minecraft:chest":309,"minecraft:cobblestone":719,"minecraft:birch_wood":5,"minecraft:slime_block":9,"minecraft:magenta_shulker_box":1,"minecraft:seagrass":89,"minecraft:birch_log":161,"minecraft:birch_trapdoor":2,"minecraft:orange_tulip":3,"minecraft:purpur_block":330,"minecraft:yellow_stained_glass_pane":16,"minecraft:acacia_fence":22,"minecraft:sand":16438,"minecraft:wither_skeleton_skull":2,"minecraft:netherrack":3962,"minecraft:oak_leaves":1394,"minecraft:horn_coral_block":16,"minecraft:emerald_block":4,"minecraft:redstone_lamp":17,"minecraft:diamond_ore":26,"minecraft:red_carpet":14,"minecraft:gray_shulker_box":29,"minecraft:white_stained_glass":160,"minecraft:sandstone":17,"minecraft:oak_trapdoor":5,"minecraft:spruce_sapling":2,"minecraft:furnace":59,"minecraft:carrots":186,"minecraft:red_concrete_powder":2,"minecraft:dark_oak_fence_gate":1,"minecraft:stripped_spruce_log":1,"minecraft:black_concrete":7,"minecraft:dead_horn_coral_block":11,"minecraft:lantern":29,"minecraft:chorus_plant":247,"minecraft:stone":6431,"minecraft:white_tulip":1,"minecraft:yellow_shulker_box":36,"minecraft:redstone_wall_torch":3,"minecraft:podzol":6,"minecraft:light_blue_shulker_box":44,"minecraft:red_wool":8,"minecraft:crafting_table":99,"minecraft:lapis_ore":204,"minecraft:spruce_stairs":177,"minecraft:lime_bed":1,"minecraft:gray_concrete_powder":29,"minecraft:redstone_torch":2,"minecraft:yellow_bed":1,"minecraft:potted_azure_bluet":2,"minecraft:coal_ore":1257,"minecraft:end_rod":1035,"minecraft:gray_carpet":2,"minecraft:terracotta":632,"minecraft:potted_white_tulip":2,"minecraft:polished_andesite":1},"minecraft:dropped":{"minecraft:lapis_lazuli":8,"minecraft:glass_bottle":3,"minecraft:diamond":71,"minecraft:crafting_table":4,"minecraft:lime_concrete_powder":60,"minecraft:cracked_stone_bricks":1,"minecraft:quartz_pillar":194,"minecraft:red_mushroom":4,"minecraft:gold_nugget":6,"minecraft:sand":112,"minecraft:stone_axe":1,"minecraft:diamond_block":9,"minecraft:lever":2,"minecraft:iron_nugget":36,"minecraft:black_carpet":25,"minecraft:wheat":48,"minecraft:obsidian":6,"minecraft:rotten_flesh":472,"minecraft:azure_bluet":3,"minecraft:blue_stained_glass":192,"minecraft:sea_lantern":58,"minecraft:quartz_block":6,"minecraft:jungle_log":61,"minecraft:leather_boots":3,"minecraft:leather_leggings":2,"minecraft:purple_stained_glass_pane":9,"minecraft:golden_boots":4,"minecraft:orange_shulker_box":7,"minecraft:black_dye":1344,"minecraft:wheat_seeds":94,"minecraft:prismarine_crystals":143,"minecraft:red_stained_glass":95,"minecraft:dark_oak_leaves":245,"minecraft:ink_sac":2,"minecraft:potion":25,"minecraft:pumpkin":24,"minecraft:player_head":15,"minecraft:green_bed":2,"minecraft:stone_shovel":1,"minecraft:name_tag":1,"minecraft:light_gray_concrete":21,"minecraft:oak_sign":11,"minecraft:diamond_sword":6,"minecraft:spruce_boat":8,"minecraft:flower_pot":56,"minecraft:spruce_planks":41,"minecraft:diamond_pickaxe":1,"minecraft:pink_shulker_box":16,"minecraft:stone_pressure_plate":1,"minecraft:sandstone":14,"minecraft:bow":41,"minecraft:green_concrete_powder":125,"minecraft:magma_block":15,"minecraft:cyan_bed":1,"minecraft:soul_sand":10,"minecraft:oak_log":1,"minecraft:ender_pearl":4,"minecraft:red_wool":57,"minecraft:cod":135,"minecraft:dark_oak_log":10,"minecraft:black_shulker_box":2,"minecraft:purpur_block":239,"minecraft:magenta_stained_glass":1,"minecraft:yellow_stained_glass":32,"minecraft:leather_chestplate":1,"minecraft:trident":2,"minecraft:beetroot_seeds":4,"minecraft:iron_ore":2,"minecraft:iron_bars":42,"minecraft:light_gray_concrete_powder":100,"minecraft:bread":313,"minecraft:green_dye":64,"minecraft:white_concrete":116,"minecraft:light_gray_shulker_box":10,"minecraft:yellow_shulker_box":9,"minecraft:fire_charge":2,"minecraft:cactus":6,"minecraft:polished_diorite":3,"minecraft:kelp":2,"minecraft:dragon_head":1,"minecraft:lime_concrete":72,"minecraft:green_concrete":22,"minecraft:shulker_box":5,"minecraft:andesite":22,"minecraft:golden_leggings":4,"minecraft:oak_sapling":1,"minecraft:spruce_log":4,"minecraft:brick":3,"minecraft:clay":1,"minecraft:oak_pressure_plate":8,"minecraft:cooked_beef":41,"minecraft:orange_tulip":7,"minecraft:cookie":142,"minecraft:saddle":2,"minecraft:purpur_stairs":49,"minecraft:elytra":4,"minecraft:rail":13,"minecraft:leather_helmet":3,"minecraft:red_shulker_box":2,"minecraft:dirt":50,"minecraft:bone_meal":648,"minecraft:iron_pickaxe":2,"minecraft:bone":433,"minecraft:golden_chestplate":6,"minecraft:end_stone":65,"minecraft:blaze_powder":1,"minecraft:jungle_trapdoor":2,"minecraft:white_bed":10,"minecraft:salmon":1,"minecraft:lime_bed":1,"minecraft:ladder":12,"minecraft:spruce_slab":12,"minecraft:white_dye":3265,"minecraft:end_stone_bricks":147,"minecraft:egg":2,"minecraft:iron_ingot":240,"minecraft:purpur_slab":51,"minecraft:cobblestone":123,"minecraft:granite":72,"minecraft:spruce_button":1,"minecraft:chainmail_helmet":1,"minecraft:coal":17,"minecraft:end_rod":5,"minecraft:oxeye_daisy":3,"minecraft:golden_carrot":73,"minecraft:rose_bush":1,"minecraft:diamond_helmet":1,"minecraft:paper":2,"minecraft:string":29,"minecraft:gray_carpet":130,"minecraft:pink_tulip":2,"minecraft:purpur_pillar":49,"minecraft:redstone_ore":128,"minecraft:stone_sword":16,"minecraft:cobblestone_wall":9,"minecraft:bowl":1,"minecraft:chicken":1,"minecraft:slime_block":10,"minecraft:diamond_ore":17,"minecraft:nether_bricks":1,"minecraft:potato":2515,"minecraft:cobblestone_slab":1,"minecraft:stone":763,"minecraft:allium":6,"minecraft:wooden_shovel":6,"minecraft:spider_eye":20,"minecraft:orange_stained_glass_pane":2,"minecraft:red_tulip":4,"minecraft:quartz_slab":17,"minecraft:brown_mushroom":5,"minecraft:birch_planks":1,"minecraft:baked_potato":76,"minecraft:sandstone_slab":1,"minecraft:flint":2,"minecraft:spruce_leaves":1,"minecraft:pumpkin_pie":4,"minecraft:black_stained_glass":46,"minecraft:birch_log":3,"minecraft:gravel":28,"minecraft:diamond_shovel":1,"minecraft:carrot":1024,"minecraft:poppy":11,"minecraft:shulker_shell":88,"minecraft:gunpowder":26,"minecraft:glowstone":6,"minecraft:chainmail_boots":2,"minecraft:chest":78,"minecraft:arrow":398,"minecraft:quartz":833,"minecraft:written_book":21,"minecraft:oak_leaves":80,"minecraft:netherrack":1609,"minecraft:firework_rocket":85,"minecraft:minecart":4,"minecraft:poisonous_potato":162,"minecraft:prismarine_shard":406,"minecraft:grass_block":74,"minecraft:stick":34,"minecraft:diorite":99,"minecraft:torch":12,"minecraft:smooth_quartz_slab":1,"minecraft:iron_axe":1,"minecraft:bucket":10,"minecraft:dandelion":5,"minecraft:redstone":1,"minecraft:red_concrete":56,"minecraft:anvil":1,"minecraft:ender_chest":4,"minecraft:blaze_rod":1,"minecraft:filled_map":1,"minecraft:quartz_stairs":93,"minecraft:cake":4,"minecraft:mossy_stone_bricks":1,"minecraft:oak_boat":2,"minecraft:diamond_boots":1,"minecraft:slime_ball":47,"minecraft:white_stained_glass":1},"minecraft:used":{"minecraft:writable_book":10,"minecraft:smooth_quartz_slab":333,"minecraft:dispenser":8,"minecraft:poppy":13,"minecraft:black_carpet":239,"minecraft:stone":955,"minecraft:quartz_stairs":3932,"minecraft:tube_coral":6,"minecraft:soul_sand":149,"minecraft:cocoa_beans":54,"minecraft:snowball":1,"minecraft:azure_bluet":4,"minecraft:spruce_boat":35,"minecraft:jungle_sapling":8,"minecraft:packed_ice":1,"minecraft:lava_bucket":8,"minecraft:quartz_pillar":8081,"minecraft:red_wool":8,"minecraft:quartz_block":356,"minecraft:dark_oak_leaves":274,"minecraft:dark_oak_slab":217,"minecraft:bow":2536,"minecraft:yellow_glazed_terracotta":24,"minecraft:oak_sapling":35,"minecraft:mossy_stone_bricks":4,"minecraft:damaged_anvil":4,"minecraft:chorus_fruit":2,"minecraft:cactus":4,"minecraft:wooden_pickaxe":60,"minecraft:composter":1,"minecraft:jungle_boat":1,"minecraft:cut_sandstone_slab":34,"minecraft:blast_furnace":1,"minecraft:chiseled_quartz_block":558,"minecraft:purple_terracotta":127,"minecraft:gray_concrete":74,"minecraft:purple_concrete_powder":423,"minecraft:diamond_sword":5463,"minecraft:coal_block":1,"minecraft:birch_log":127,"minecraft:oak_boat":40,"minecraft:purple_wool":10,"minecraft:oak_trapdoor":18,"minecraft:stripped_acacia_wood":11,"minecraft:enchanting_table":12,"minecraft:orange_concrete":148,"minecraft:armor_stand":8,"minecraft:light_gray_carpet":29,"minecraft:torch":1138,"minecraft:brewing_stand":6,"minecraft:nether_quartz_ore":1405,"minecraft:yellow_carpet":91,"minecraft:fern":10,"minecraft:sea_lantern":864,"minecraft:chipped_anvil":5,"minecraft:iron_block":317,"minecraft:jungle_log":9,"minecraft:barrel":5,"minecraft:lime_concrete":11,"minecraft:podzol":4,"minecraft:wheat_seeds":1066,"minecraft:light_blue_shulker_box":43,"minecraft:tube_coral_block":84,"minecraft:blue_concrete_powder":256,"minecraft:cauldron":24,"minecraft:spruce_fence_gate":8,"minecraft:diamond_block":164,"minecraft:rail":251,"minecraft:red_bed":8,"minecraft:white_bed":36,"minecraft:spruce_log":572,"minecraft:blue_stained_glass_pane":2410,"minecraft:diamond_pickaxe":40862,"minecraft:diamond_shovel":43006,"minecraft:oak_button":5,"minecraft:spruce_pressure_plate":3,"minecraft:spruce_trapdoor":133,"minecraft:spruce_sapling":55,"minecraft:potion":15,"minecraft:purple_bed":3,"minecraft:cooked_porkchop":4,"minecraft:dandelion":8,"minecraft:bone_block":22,"minecraft:grass":1,"minecraft:bubble_coral":6,"minecraft:green_terracotta":1,"minecraft:spruce_leaves":679,"minecraft:obsidian":5,"minecraft:spruce_wood":29,"minecraft:lantern":237,"minecraft:light_blue_bed":2,"minecraft:item_frame":137,"minecraft:birch_trapdoor":2,"minecraft:horn_coral":7,"minecraft:written_book":44,"minecraft:blue_shulker_box":2,"minecraft:gold_block":169,"minecraft:pink_concrete_powder":256,"minecraft:dark_oak_sapling":4,"minecraft:end_rod":245,"minecraft:dropper":3,"minecraft:wither_skeleton_skull":14,"minecraft:stone_pickaxe":386,"minecraft:gray_carpet":219,"minecraft:oak_planks":118,"minecraft:sandstone":3,"minecraft:sugar_cane":64,"minecraft:diamond_axe":3765,"minecraft:light_blue_concrete":160,"minecraft:yellow_concrete":185,"minecraft:crossbow":5,"minecraft:end_stone":85,"minecraft:sticky_piston":35,"minecraft:lever":24,"minecraft:daylight_detector":19,"minecraft:dark_oak_log":559,"minecraft:bread":78,"minecraft:iron_door":20,"minecraft:light_blue_concrete_powder":512,"minecraft:pufferfish_bucket":4,"minecraft:smooth_stone_slab":1098,"minecraft:coarse_dirt":129,"minecraft:bone_meal":1163,"minecraft:orange_concrete_powder":256,"minecraft:rose_bush":2,"minecraft:white_tulip":7,"minecraft:flint_and_steel":5,"minecraft:redstone":94,"minecraft:ender_chest":368,"minecraft:stripped_birch_wood":26,"minecraft:stone_hoe":55,"minecraft:cooked_chicken":4,"minecraft:dirt":6281,"minecraft:spruce_fence":202,"minecraft:brown_terracotta":143,"minecraft:wooden_axe":57,"minecraft:light_gray_stained_glass":1,"minecraft:oak_stairs":15,"minecraft:yellow_concrete_powder":634,"minecraft:black_stained_glass":4,"minecraft:minecart":12,"minecraft:cooked_beef":184,"minecraft:orange_stained_glass_pane":310,"minecraft:baked_potato":606,"minecraft:birch_boat":14,"minecraft:cut_sandstone":25,"minecraft:spruce_sign":14,"minecraft:piston":9,"minecraft:flower_pot":346,"minecraft:black_wool":22,"minecraft:lapis_ore":169,"minecraft:detector_rail":4,"minecraft:stone_axe":351,"minecraft:fire_coral_block":76,"minecraft:pumpkin_pie":84,"minecraft:sea_pickle":23,"minecraft:peony":1,"minecraft:nether_brick_fence":196,"minecraft:spruce_slab":2975,"minecraft:ladder":104,"minecraft:chest":506,"minecraft:white_shulker_box":52,"minecraft:blue_stained_glass":117,"minecraft:acacia_sapling":3,"minecraft:allium":1,"minecraft:black_stained_glass_pane":20,"minecraft:grass_block":5379,"minecraft:birch_sapling":13,"minecraft:polished_andesite_stairs":1,"minecraft:red_stained_glass_pane":1008,"minecraft:dark_oak_boat":2,"minecraft:furnace":74,"minecraft:egg":102,"minecraft:potato":624,"minecraft:dragon_head":2,"minecraft:magenta_shulker_box":1,"minecraft:end_stone_bricks":109,"minecraft:spruce_door":15,"minecraft:stripped_birch_log":4,"minecraft:red_stained_glass":126,"minecraft:acacia_trapdoor":12,"minecraft:powered_rail":33,"minecraft:orange_tulip":9,"minecraft:lime_concrete_powder":260,"minecraft:purpur_pillar":146,"minecraft:oak_leaves":715,"minecraft:dark_oak_trapdoor":9,"minecraft:sand":2578,"minecraft:purpur_stairs":290,"minecraft:pumpkin_seeds":9,"minecraft:chiseled_sandstone":25,"minecraft:stone_button":23,"minecraft:diamond_ore":3,"minecraft:lilac":3,"minecraft:fire_charge":1,"minecraft:dark_oak_fence":642,"minecraft:bubble_coral_block":84,"minecraft:white_stained_glass":518,"minecraft:green_concrete_powder":306,"minecraft:gray_stained_glass":1,"minecraft:iron_bars":236,"minecraft:stone_sword":142,"minecraft:red_concrete":498,"minecraft:sandstone_wall":28,"minecraft:netherrack":1220,"minecraft:light_gray_shulker_box":29,"minecraft:anvil":31,"minecraft:chorus_flower":34,"minecraft:nether_brick_slab":69,"minecraft:blue_concrete":135,"minecraft:iron_axe":1584,"minecraft:spruce_button":5,"minecraft:slime_block":9,"minecraft:smooth_quartz":8,"minecraft:totem_of_undying":10,"minecraft:pink_stained_glass_pane":8,"minecraft:purple_concrete":546,"minecraft:glowstone":184,"minecraft:iron_trapdoor":17,"minecraft:acacia_wood":45,"minecraft:orange_terracotta":67,"minecraft:observer":12,"minecraft:water_bucket":2620,"minecraft:sandstone_stairs":43,"minecraft:yellow_shulker_box":36,"minecraft:cracked_stone_bricks":43,"minecraft:salmon":5,"minecraft:pink_concrete":161,"minecraft:vine":161,"minecraft:lime_terracotta":1,"minecraft:comparator":15,"minecraft:oak_slab":33,"minecraft:crafting_table":133,"minecraft:dark_oak_fence_gate":11,"minecraft:fire_coral":7,"minecraft:cake":1,"minecraft:oak_log":340,"minecraft:oxeye_daisy":12,"minecraft:sunflower":2,"minecraft:iron_pickaxe":2106,"minecraft:purpur_slab":10,"minecraft:cobblestone":1213,"minecraft:red_concrete_powder":450,"minecraft:sandstone_slab":78,"minecraft:glass_pane":2,"minecraft:kelp":4,"minecraft:jukebox":2,"minecraft:light_blue_stained_glass_pane":651,"minecraft:iron_shovel":389,"minecraft:oak_sign":100,"minecraft:white_concrete_powder":10235,"minecraft:white_terracotta":1,"minecraft:iron_sword":758,"minecraft:purple_shulker_box":1,"minecraft:player_head":9,"minecraft:nether_bricks":591,"minecraft:carrot":189,"minecraft:milk_bucket":6,"minecraft:glass":1,"minecraft:cyan_terracotta":7226,"minecraft:coal_ore":271,"minecraft:quartz_slab":3998,"minecraft:dark_oak_wood":30,"minecraft:gray_concrete_powder":3062,"minecraft:hopper_minecart":4,"minecraft:stone_bricks":128,"minecraft:repeater":21,"minecraft:red_carpet":146,"minecraft:redstone_lamp":20,"minecraft:magma_block":10,"minecraft:scaffolding":193,"minecraft:beetroot_seeds":131,"minecraft:dark_oak_stairs":509,"minecraft:dark_oak_sign":28,"minecraft:birch_wood":179,"minecraft:ender_pearl":75,"minecraft:redstone_block":18,"minecraft:brain_coral":6,"minecraft:yellow_terracotta":24,"minecraft:loom":1,"minecraft:light_gray_terracotta":1,"minecraft:sponge":31,"minecraft:note_block":1,"minecraft:black_bed":4,"minecraft:shears":1604,"minecraft:redstone_torch":18,"minecraft:black_concrete":30,"minecraft:firework_rocket":245,"minecraft:gray_shulker_box":29,"minecraft:heavy_weighted_pressure_plate":1,"minecraft:light_gray_concrete":89,"minecraft:string":25,"minecraft:gravel":89,"minecraft:grindstone":2,"minecraft:andesite":10,"minecraft:white_concrete":5350,"minecraft:tropical_fish_bucket":8,"minecraft:oak_fence":2,"minecraft:purpur_block":170,"minecraft:trident":12,"minecraft:redstone_ore":249,"minecraft:stone_shovel":425,"minecraft:spruce_planks":59,"minecraft:oak_door":4,"minecraft:white_carpet":118,"minecraft:hopper":29,"minecraft:spruce_stairs":596,"minecraft:cobblestone_wall":304,"minecraft:shulker_box":763,"minecraft:oak_wood":4,"minecraft:salmon_bucket":1,"minecraft:granite":21,"minecraft:purple_banner":9,"minecraft:purple_stained_glass_pane":816,"minecraft:dark_oak_planks":192,"minecraft:red_tulip":3,"minecraft:bookshelf":191,"minecraft:yellow_stained_glass":163,"minecraft:golden_carrot":1030,"minecraft:emerald_block":168,"minecraft:white_stained_glass_pane":170,"minecraft:horn_coral_block":72,"minecraft:stone_pressure_plate":1,"minecraft:cooked_mutton":4,"minecraft:pink_tulip":1,"minecraft:iron_ore":2,"minecraft:glass_bottle":10,"minecraft:black_shulker_box":129,"minecraft:beacon":4,"minecraft:stonecutter":28,"minecraft:cobblestone_slab":42,"minecraft:terracotta":560,"minecraft:yellow_stained_glass_pane":652,"minecraft:light_gray_concrete_powder":213,"minecraft:painting":65,"minecraft:smoker":2,"minecraft:purple_stained_glass":223,"minecraft:apple":1,"minecraft:fishing_rod":8,"minecraft:white_banner":1,"minecraft:bucket":2677,"minecraft:yellow_bed":2,"minecraft:purple_carpet":20,"minecraft:smooth_stone":437},"minecraft:broken":{"minecraft:shears":4,"minecraft:diamond_pickaxe":1,"minecraft:wooden_pickaxe":1,"minecraft:iron_pickaxe":4,"minecraft:iron_shovel":1,"minecraft:stone_pickaxe":3,"minecraft:stone_axe":3,"minecraft:stone_shovel":3,"minecraft:iron_sword":2,"minecraft:stone_sword":1,"minecraft:iron_axe":6,"minecraft:wooden_axe":1,"minecraft:leather_boots":1},"minecraft:picked_up":{"minecraft:lead":16,"minecraft:enchanted_book":1,"minecraft:purple_shulker_box":1,"minecraft:blue_concrete":537,"minecraft:string":105,"minecraft:pufferfish":20,"minecraft:diamond_leggings":23,"minecraft:horn_coral_block":14,"minecraft:bubble_coral":1,"minecraft:diamond_ore":50,"minecraft:jukebox":2,"minecraft:acacia_log":69,"minecraft:purpur_pillar":87,"minecraft:golden_chestplate":12,"minecraft:gray_shulker_box":29,"minecraft:green_terracotta":1,"minecraft:stone_sword":24,"minecraft:red_tulip":37,"minecraft:glowstone":498,"minecraft:bookshelf":74,"minecraft:end_rod":1251,"minecraft:white_terracotta":1,"minecraft:blaze_rod":94,"minecraft:iron_bars":195,"minecraft:snowball":1,"minecraft:cooked_beef":112,"minecraft:feather":3,"minecraft:water_bucket":11,"minecraft:dark_oak_boat":1,"minecraft:flint":27,"minecraft:purple_stained_glass":35,"minecraft:lantern":66,"minecraft:gray_concrete_powder":100,"minecraft:purple_carpet":1,"minecraft:stonecutter":17,"minecraft:dark_oak_sign":22,"minecraft:diamond_helmet":36,"minecraft:lime_terracotta":1,"minecraft:stripped_acacia_wood":11,"minecraft:stripped_spruce_log":1,"minecraft:polished_andesite":1,"minecraft:lever":25,"minecraft:granite":406,"minecraft:spruce_button":1,"minecraft:golden_horse_armor":11,"minecraft:cyan_dye":34,"minecraft:light_gray_carpet":26,"minecraft:diamond_pickaxe":42,"minecraft:clay_ball":2663,"minecraft:leather_leggings":3,"minecraft:redstone_lamp":15,"minecraft:dragon_head":27,"minecraft:purpur_block":368,"minecraft:fire_coral":1,"minecraft:elytra":42,"minecraft:flint_and_steel":1,"minecraft:white_carpet":12,"minecraft:white_stained_glass":258,"minecraft:iron_shovel":12,"minecraft:glass_pane":14,"minecraft:jungle_sapling":14,"minecraft:poppy":110,"minecraft:spruce_slab":890,"minecraft:minecart":17,"minecraft:birch_sapling":26,"minecraft:piston":7,"minecraft:black_stained_glass":50,"minecraft:stone":6746,"minecraft:white_dye":3218,"minecraft:diamond_chestplate":18,"minecraft:purpur_slab":54,"minecraft:yellow_terracotta":28,"minecraft:totem_of_undying":1,"minecraft:mutton":8,"minecraft:rail":230,"minecraft:bone_block":275,"minecraft:oxeye_daisy":34,"minecraft:lime_bed":1,"minecraft:yellow_shulker_box":55,"minecraft:fern":18,"minecraft:yellow_dye":28,"minecraft:acacia_wood":2,"minecraft:purpur_stairs":147,"minecraft:paper":57,"minecraft:apple":68,"minecraft:yellow_stained_glass":285,"minecraft:iron_ore":590,"minecraft:magenta_stained_glass":1,"minecraft:dark_oak_stairs":95,"minecraft:polished_andesite_stairs":1,"minecraft:milk_bucket":1,"minecraft:red_wool":65,"minecraft:lime_concrete":503,"minecraft:light_blue_stained_glass":260,"minecraft:leather_helmet":6,"minecraft:diamond_shovel":24,"minecraft:coal_ore":211,"minecraft:slime_ball":44,"minecraft:painting":44,"minecraft:baked_potato":307,"minecraft:smooth_quartz_slab":31,"minecraft:hopper":14,"minecraft:black_carpet":70,"minecraft:light_blue_concrete":842,"minecraft:ender_chest":407,"minecraft:nether_brick_fence":28,"minecraft:lapis_block":10,"minecraft:dead_tube_coral_block":16,"minecraft:purple_banner":3,"minecraft:smooth_stone":401,"minecraft:comparator":9,"minecraft:bucket":6,"minecraft:red_dye":78,"minecraft:white_tulip":54,"minecraft:rose_bush":34,"minecraft:cobblestone_slab":15,"minecraft:iron_pickaxe":19,"minecraft:smooth_quartz":296,"minecraft:acacia_fence":22,"minecraft:birch_trapdoor":2,"minecraft:spruce_stairs":186,"minecraft:diorite":213,"minecraft:vine":53,"minecraft:rotten_flesh":1135,"minecraft:chorus_flower":93,"minecraft:obsidian":152,"minecraft:blaze_powder":1,"minecraft:cobblestone":2583,"minecraft:enchanting_table":8,"minecraft:leather_chestplate":6,"minecraft:lilac":3,"minecraft:repeater":8,"minecraft:andesite":328,"minecraft:golden_leggings":10,"minecraft:potato":2671,"minecraft:dirt":9706,"minecraft:stripped_birch_log":26,"minecraft:cut_sandstone_slab":6,"minecraft:name_tag":1,"minecraft:glass":583,"minecraft:bone":1672,"minecraft:wheat_seeds":2771,"minecraft:bow":95,"minecraft:orange_tulip":45,"minecraft:birch_wood":5,"minecraft:purple_stained_glass_pane":104,"minecraft:mossy_stone_bricks":5,"minecraft:light_blue_shulker_box":44,"minecraft:grass_block":6742,"minecraft:diamond_block":25,"minecraft:light_gray_terracotta":1,"minecraft:yellow_carpet":77,"minecraft:sugar":59,"minecraft:slime_block":9,"minecraft:yellow_stained_glass_pane":16,"minecraft:crossbow":6,"minecraft:bone_meal":1834,"minecraft:grass":1,"minecraft:spruce_sign":12,"minecraft:emerald":231,"minecraft:netherrack":3514,"minecraft:chorus_fruit":2494,"minecraft:oak_leaves":1045,"minecraft:azure_bluet":62,"minecraft:ladder":64,"minecraft:brown_mushroom":10,"minecraft:shield":12,"minecraft:brick":196,"minecraft:oak_trapdoor":11,"minecraft:blue_orchid":1,"minecraft:end_stone":394,"minecraft:note_block":1,"minecraft:cookie":628,"minecraft:trident":4,"minecraft:light_blue_bed":1,"minecraft:stone_pressure_plate":1,"minecraft:purple_terracotta":67,"minecraft:red_shulker_box":12,"minecraft:pumpkin_pie":25,"minecraft:nether_bricks":51,"minecraft:pink_tulip":26,"minecraft:purple_dye":32,"minecraft:jungle_boat":1,"minecraft:golden_carrot":414,"minecraft:leather":135,"minecraft:ice":18,"minecraft:chainmail_chestplate":1,"minecraft:cobblestone_wall":76,"minecraft:yellow_bed":1,"minecraft:gunpowder":157,"minecraft:orange_terracotta":3,"minecraft:red_carpet":92,"minecraft:gray_carpet":303,"minecraft:acacia_trapdoor":12,"minecraft:spruce_wood":4,"minecraft:iron_ingot":717,"minecraft:cooked_chicken":135,"minecraft:nether_quartz_ore":829,"minecraft:emerald_block":4,"minecraft:quartz":20144,"minecraft:dandelion":40,"minecraft:lava_bucket":1,"minecraft:nether_brick_slab":59,"minecraft:spruce_door":4,"minecraft:pumpkin_seeds":2,"minecraft:white_concrete_powder":719,"minecraft:chainmail_leggings":2,"minecraft:terracotta":619,"minecraft:damaged_anvil":4,"minecraft:dark_oak_wood":16,"minecraft:sunflower":2,"minecraft:iron_chestplate":10,"minecraft:chainmail_boots":3,"minecraft:prismarine_shard":3594,"minecraft:flower_pot":483,"minecraft:anvil":15,"minecraft:diamond_sword":37,"minecraft:oak_stairs":55,"minecraft:brewing_stand":14,"minecraft:dark_oak_trapdoor":5,"minecraft:cooked_salmon":5,"minecraft:beetroot":229,"minecraft:blue_stained_glass_pane":201,"minecraft:gold_nugget":6,"minecraft:spruce_planks":105,"minecraft:written_book":29,"minecraft:coal_block":1,"minecraft:golden_helmet":6,"minecraft:green_bed":2,"minecraft:black_dye":1344,"minecraft:tropical_fish":2,"minecraft:iron_block":211,"minecraft:blue_dye":32,"minecraft:cyan_terracotta":830,"minecraft:birch_log":204,"minecraft:magma_block":215,"minecraft:iron_door":8,"minecraft:jungle_log":265,"minecraft:green_concrete_powder":259,"minecraft:stripped_spruce_wood":1,"minecraft:gray_concrete":332,"minecraft:light_gray_concrete_powder":103,"minecraft:chipped_anvil":5,"minecraft:glowstone_dust":231,"minecraft:dropper":1,"minecraft:ink_sac":177,"minecraft:fermented_spider_eye":3,"minecraft:barrel":1,"minecraft:dark_oak_log":1137,"minecraft:dispenser":2,"minecraft:green_concrete":41,"minecraft:writable_book":4,"minecraft:chainmail_helmet":7,"minecraft:bread":45,"minecraft:dark_oak_fence":84,"minecraft:lime_stained_glass_pane":72,"minecraft:spruce_leaves":790,"minecraft:coarse_dirt":24,"minecraft:crafting_table":105,"minecraft:sandstone_slab":19,"minecraft:orange_stained_glass_pane":28,"minecraft:dead_horn_coral_block":11,"minecraft:red_bed":4,"minecraft:cracked_stone_bricks":104,"minecraft:beef":101,"minecraft:iron_nugget":86,"minecraft:chest":891,"minecraft:quartz_stairs":1554,"minecraft:egg":58,"minecraft:sandstone":30,"minecraft:oak_door":4,"minecraft:spruce_fence":120,"minecraft:carrot":601,"minecraft:redstone":1668,"minecraft:prismarine_crystals":1597,"minecraft:cooked_cod":6,"minecraft:beetroot_seeds":500,"minecraft:shears":4,"minecraft:diamond_boots":35,"minecraft:sandstone_stairs":2,"minecraft:tube_coral_block":46,"minecraft:gold_ingot":443,"minecraft:white_shulker_box":53,"minecraft:lime_concrete_powder":60,"minecraft:white_wool":60,"minecraft:lapis_ore":36,"minecraft:stripped_oak_log":65,"minecraft:red_mushroom":13,"minecraft:filled_map":2,"minecraft:oak_log":529,"minecraft:golden_boots":15,"minecraft:white_banner":9,"minecraft:stone_bricks":107,"minecraft:kelp":346,"minecraft:cobweb":56,"minecraft:glass_bottle":4,"minecraft:iron_sword":19,"minecraft:dark_oak_slab":16,"minecraft:white_stained_glass_pane":3,"minecraft:daylight_detector":16,"minecraft:yellow_concrete":905,"minecraft:gravel":11507,"minecraft:dead_fire_coral_block":9,"minecraft:spruce_sapling":222,"minecraft:spruce_log":2545,"minecraft:sea_lantern":490,"minecraft:firework_rocket":811,"minecraft:red_stained_glass":108,"minecraft:purple_bed":3,"minecraft:redstone_ore":259,"minecraft:diamond_axe":12,"minecraft:gray_wool":20,"minecraft:oak_button":4,"minecraft:ender_pearl":90,"minecraft:shulker_shell":2824,"minecraft:wheat":1181,"minecraft:redstone_block":41,"minecraft:iron_trapdoor":8,"minecraft:light_gray_shulker_box":50,"minecraft:potion":36,"minecraft:smooth_stone_slab":449,"minecraft:iron_leggings":23,"minecraft:armor_stand":4,"minecraft:sticky_piston":22,"minecraft:pink_shulker_box":25,"minecraft:oak_sign":76,"minecraft:sea_pickle":133,"minecraft:black_shulker_box":131,"minecraft:dark_oak_leaves":135,"minecraft:redstone_torch":27,"minecraft:furnace":67,"minecraft:iron_boots":12,"minecraft:stick":67,"minecraft:orange_shulker_box":16,"minecraft:brown_terracotta":171,"minecraft:oak_fence":30,"minecraft:torch":1012,"minecraft:porkchop":5,"minecraft:yellow_concrete_powder":186,"minecraft:blue_stained_glass":326,"minecraft:quartz_block":5300,"minecraft:cactus":92,"minecraft:stripped_birch_wood":26,"minecraft:cod":1685,"minecraft:nautilus_shell":1,"minecraft:magma_cream":39,"minecraft:chiseled_quartz_block":221,"minecraft:light_gray_dye":32,"minecraft:horn_coral":1,"minecraft:wither_skeleton_skull":14,"minecraft:lapis_lazuli":2428,"minecraft:leather_boots":16,"minecraft:light_blue_dye":10,"minecraft:powered_rail":37,"minecraft:oak_planks":213,"minecraft:stone_hoe":2,"minecraft:brain_coral":1,"minecraft:pink_stained_glass":64,"minecraft:ghast_tear":20,"minecraft:pink_concrete":328,"minecraft:music_disc_13":1,"minecraft:pink_stained_glass_pane":48,"minecraft:oak_pressure_plate":8,"minecraft:poisonous_potato":217,"minecraft:sand":18195,"minecraft:cyan_bed":1,"minecraft:shulker_box":785,"minecraft:light_gray_concrete":131,"minecraft:spruce_fence_gate":7,"minecraft:black_concrete":7,"minecraft:clay":1,"minecraft:spruce_boat":44,"minecraft:diamond":246,"minecraft:white_concrete":5648,"minecraft:oak_sapling":136,"minecraft:bubble_coral_block":48,"minecraft:nether_star":4,"minecraft:end_stone_bricks":185,"minecraft:fishing_rod":3,"minecraft:cocoa_beans":214,"minecraft:charcoal":6,"minecraft:allium":30,"minecraft:chicken":4,"minecraft:turtle_helmet":1,"minecraft:gold_block":15,"minecraft:diamond_horse_armor":6,"minecraft:iron_axe":17,"minecraft:orange_concrete":338,"minecraft:quartz_slab":1097,"minecraft:item_frame":47,"minecraft:detector_rail":1,"minecraft:oak_boat":41,"minecraft:player_head":329,"minecraft:observer":17,"minecraft:light_gray_wool":1,"minecraft:blue_shulker_box":4,"minecraft:sugar_cane":1462,"minecraft:phantom_membrane":55,"minecraft:spruce_trapdoor":27,"minecraft:dark_oak_sapling":9,"minecraft:red_stained_glass_pane":211,"minecraft:bowl":1,"minecraft:gray_dye":62,"minecraft:quartz_pillar":5618,"minecraft:stone_button":3,"minecraft:magenta_shulker_box":11,"minecraft:iron_horse_armor":4,"minecraft:dark_oak_planks":120,"minecraft:arrow":1561,"minecraft:light_blue_stained_glass_pane":10,"minecraft:saddle":30,"minecraft:lime_stained_glass":52,"minecraft:wet_sponge":31,"minecraft:salmon":34,"minecraft:cut_sandstone":1,"minecraft:birch_planks":65,"minecraft:yellow_glazed_terracotta":92,"minecraft:podzol":6,"minecraft:fire_coral_block":44,"minecraft:acacia_sapling":13,"minecraft:soul_sand":437,"minecraft:oak_slab":35,"minecraft:purple_concrete":561,"minecraft:green_dye":74,"minecraft:book":164,"minecraft:scaffolding":184,"minecraft:pumpkin":99,"minecraft:red_concrete_powder":2,"minecraft:birch_boat":14,"minecraft:white_bed":24,"minecraft:gold_ore":64,"minecraft:dark_oak_fence_gate":1,"minecraft:spider_eye":48,"minecraft:lime_dye":10,"minecraft:dead_bubble_coral_block":14,"minecraft:iron_helmet":19,"minecraft:black_wool":14,"minecraft:red_concrete":667,"minecraft:coal":1862,"minecraft:purple_concrete_powder":2},"minecraft:killed_by":{"minecraft:pufferfish":1,"minecraft:skeleton":1,"minecraft:vindicator":3,"minecraft:guardian":1,"minecraft:creeper":1,"minecraft:enderman":1},"minecraft:custom":{"minecraft:interact_with_crafting_table":1345,"minecraft:damage_blocked_by_shield":636,"minecraft:deaths":26,"minecraft:jump":120441,"minecraft:interact_with_smoker":4,"minecraft:inspect_dispenser":154,"minecraft:horse_one_cm":162277,"minecraft:inspect_dropper":57,"minecraft:inspect_hopper":200,"minecraft:tune_noteblock":121,"minecraft:time_since_rest":27433,"minecraft:swim_one_cm":6880305,"minecraft:open_chest":17598,"minecraft:open_shulker_box":5436,"minecraft:damage_resisted":4531,"minecraft:talked_to_villager":1599,"minecraft:interact_with_brewingstand":33,"minecraft:interact_with_beacon":18,"minecraft:fill_cauldron":28,"minecraft:boat_one_cm":5645670,"minecraft:damage_taken":107894,"minecraft:aviate_one_cm":250049676,"minecraft:open_barrel":154,"minecraft:bell_ring":5,"minecraft:eat_cake_slice":8,"minecraft:leave_game":451,"minecraft:time_since_death":526441,"minecraft:enchant_item":123,"minecraft:interact_with_furnace":1205,"minecraft:traded_with_villager":13998,"minecraft:sleep_in_bed":298,"minecraft:damage_dealt":387163,"minecraft:sneak_time":1170373,"minecraft:interact_with_lectern":51,"minecraft:interact_with_blast_furnace":1,"minecraft:interact_with_stonecutter":57,"minecraft:fly_one_cm":29078163,"minecraft:fish_caught":1,"minecraft:fall_one_cm":3874420,"minecraft:animals_bred":233,"minecraft:sprint_one_cm":30061320,"minecraft:drop":1571,"minecraft:walk_on_water_one_cm":2340059,"minecraft:play_one_minute":13265081,"minecraft:interact_with_loom":1,"minecraft:open_enderchest":1920,"minecraft:player_kills":1,"minecraft:crouch_one_cm":4801527,"minecraft:mob_kills":12620,"minecraft:climb_one_cm":528352,"minecraft:walk_one_cm":30459175,"minecraft:clean_shulker_box":4,"minecraft:walk_under_water_one_cm":4363624,"minecraft:pot_flower":316,"minecraft:damage_absorbed":110,"minecraft:trigger_trapped_chest":17,"minecraft:minecart_one_cm":65232},"minecraft:killed":{"minecraft:cod":12,"minecraft:guardian":3519,"minecraft:salmon":11,"minecraft:pillager":44,"minecraft:zombie":394,"minecraft:evoker":1,"minecraft:zombie_pigman":1,"minecraft:vindicator":9,"minecraft:husk":29,"minecraft:ravager":2,"minecraft:witch":5,"minecraft:spider":83,"minecraft:wither":4,"minecraft:zombie_villager":12,"minecraft:sheep":3,"minecraft:ghast":52,"minecraft:drowned":49,"minecraft:squid":43,"minecraft:wither_skeleton":293,"minecraft:villager":2,"minecraft:shulker":914,"minecraft:pufferfish":1,"minecraft:skeleton":2014,"minecraft:chicken":5,"minecraft:cat":1,"minecraft:magma_cube":107,"minecraft:cow":68,"minecraft:horse":1,"minecraft:enderman":77,"minecraft:pig":2,"minecraft:creeper":113,"minecraft:blaze":97,"minecraft:phantom":35},"minecraft:crafted":{"minecraft:red_stained_glass_pane":1040,"minecraft:black_dye":672,"minecraft:yellow_wool":32,"minecraft:chainmail_helmet":1,"minecraft:oak_sign":78,"minecraft:blaze_powder":10,"minecraft:blue_stained_glass_pane":2765,"minecraft:diamond_shovel":1,"minecraft:nether_brick":256,"minecraft:shulker_box":859,"minecraft:diamond_helmet":3,"minecraft:white_glazed_terracotta":12,"minecraft:beacon":4,"minecraft:light_blue_concrete_powder":512,"minecraft:stone_pressure_plate":2,"minecraft:iron_door":12,"minecraft:black_wool":6,"minecraft:white_shulker_box":14,"minecraft:name_tag":2,"minecraft:lime_concrete_powder":320,"minecraft:pink_stained_glass":64,"minecraft:blue_stained_glass":344,"minecraft:redstone_lamp":256,"minecraft:jungle_boat":1,"minecraft:sticky_piston":16,"minecraft:nether_brick_fence":240,"minecraft:painting":27,"minecraft:golden_leggings":1,"minecraft:stone_slab":12,"minecraft:iron_pickaxe":7,"minecraft:sandstone":178,"minecraft:composter":1,"minecraft:golden_carrot":142,"minecraft:jukebox":1,"minecraft:orange_shulker_box":15,"minecraft:iron_nugget":7017,"minecraft:light_gray_wool":12,"minecraft:blue_shulker_box":12,"minecraft:spruce_fence":264,"minecraft:lantern":855,"minecraft:spruce_stairs":552,"minecraft:light_gray_shulker_box":16,"minecraft:polished_diorite":128,"minecraft:red_shulker_box":15,"minecraft:stone_pickaxe":3,"minecraft:quartz_slab":3674,"minecraft:spruce_boat":10,"minecraft:purple_carpet":48,"minecraft:lead":2,"minecraft:purpur_slab":234,"minecraft:light_blue_glazed_terracotta":12,"minecraft:enchanting_table":4,"minecraft:yellow_stained_glass_pane":672,"minecraft:leather_helmet":3,"minecraft:red_carpet":181,"minecraft:enchanted_book":44,"minecraft:orange_dye":64,"minecraft:red_stained_glass":352,"minecraft:fermented_spider_eye":5,"minecraft:black_stained_glass_pane":48,"minecraft:iron_shovel":4,"minecraft:armor_stand":16,"minecraft:note_block":2,"minecraft:grindstone":2,"minecraft:cobblestone_slab":120,"minecraft:barrel":4,"minecraft:birch_wood":288,"minecraft:stone":400,"minecraft:heavy_weighted_pressure_plate":1,"minecraft:quartz_pillar":8850,"minecraft:cake":14,"minecraft:stone_brick_slab":48,"minecraft:bow":52,"minecraft:orange_stained_glass_pane":352,"minecraft:purpur_pillar":113,"minecraft:comparator":8,"minecraft:chest":1202,"minecraft:oak_button":2,"minecraft:yellow_terracotta":48,"minecraft:rail":224,"minecraft:blue_concrete_powder":256,"minecraft:stone_bricks":240,"minecraft:golden_boots":5,"minecraft:sea_lantern":334,"minecraft:white_banner":6,"minecraft:dropper":2,"minecraft:arrow":4,"minecraft:cauldron":24,"minecraft:iron_helmet":1,"minecraft:red_wool":2,"minecraft:white_stained_glass_pane":248,"minecraft:yellow_stained_glass":224,"minecraft:dispenser":6,"minecraft:apple":55,"minecraft:spruce_trapdoor":132,"minecraft:purple_dye":274,"minecraft:yellow_dye":263,"minecraft:stick":2804,"minecraft:iron_ingot":2623,"minecraft:light_blue_shulker_box":12,"minecraft:black_bed":4,"minecraft:light_blue_stained_glass":512,"minecraft:dark_oak_fence_gate":10,"minecraft:orange_glazed_terracotta":12,"minecraft:oak_door":3,"minecraft:nether_brick_slab":126,"minecraft:fishing_rod":1,"minecraft:leather_boots":7,"minecraft:golden_chestplate":4,"minecraft:spruce_button":5,"minecraft:furnace":37,"minecraft:blast_furnace":1,"minecraft:piston":22,"minecraft:oak_trapdoor":16,"minecraft:flint_and_steel":3,"minecraft:white_concrete_powder":11392,"minecraft:cobblestone_wall":120,"minecraft:brown_shulker_box":13,"minecraft:purpur_block":384,"minecraft:light_blue_stained_glass_pane":672,"minecraft:purple_stained_glass":288,"minecraft:iron_trapdoor":9,"minecraft:purple_shulker_box":12,"minecraft:iron_sword":5,"minecraft:black_banner":4,"minecraft:jungle_planks":2312,"minecraft:white_dye":1684,"minecraft:black_carpet":285,"minecraft:stonecutter":12,"minecraft:anvil":18,"minecraft:torch":2648,"minecraft:diamond_chestplate":3,"minecraft:light_gray_concrete_powder":304,"minecraft:smooth_stone":421,"minecraft:purple_bed":1,"minecraft:orange_stained_glass":136,"minecraft:dark_oak_wood":144,"minecraft:slime_block":9,"minecraft:loom":1,"minecraft:lever":14,"minecraft:lime_glazed_terracotta":24,"minecraft:bookshelf":117,"minecraft:cooked_mutton":4,"minecraft:iron_bars":288,"minecraft:red_concrete_powder":448,"minecraft:magenta_shulker_box":15,"minecraft:quartz_block":10702,"minecraft:glass":1471,"minecraft:repeater":14,"minecraft:diamond_leggings":3,"minecraft:chiseled_quartz_block":237,"minecraft:magenta_dye":64,"minecraft:flower_pot":2516,"minecraft:glass_bottle":6,"minecraft:wooden_shovel":7,"minecraft:smooth_quartz":534,"minecraft:emerald":16645,"minecraft:cooked_porkchop":5,"minecraft:diamond_axe":3,"minecraft:spruce_door":15,"minecraft:clock":7,"minecraft:purple_banner":50,"minecraft:oak_wood":6,"minecraft:lime_shulker_box":12,"minecraft:compass":12,"minecraft:iron_block":353,"minecraft:light_blue_bed":1,"minecraft:gold_ingot":364,"minecraft:light_gray_dye":134,"minecraft:fire_charge":3,"minecraft:spruce_fence_gate":4,"minecraft:packed_ice":1,"minecraft:yellow_concrete_powder":656,"minecraft:stone_shovel":4,"minecraft:smooth_stone_slab":1890,"minecraft:player_head":3,"minecraft:yellow_bed":1,"minecraft:red_terracotta":12,"minecraft:bone_meal":15076,"minecraft:pink_dye":128,"minecraft:white_carpet":195,"minecraft:diamond":802,"minecraft:dark_oak_fence":582,"minecraft:detector_rail":6,"minecraft:yellow_glazed_terracotta":12,"minecraft:ladder":78,"minecraft:spruce_slab":2484,"minecraft:diamond_boots":5,"minecraft:red_glazed_terracotta":12,"minecraft:redstone_block":41,"minecraft:dark_oak_planks":2580,"minecraft:golden_helmet":1,"minecraft:coal_block":171,"minecraft:daylight_detector":17,"minecraft:purple_stained_glass_pane":784,"minecraft:red_bed":4,"minecraft:sandstone_slab":48,"minecraft:gray_concrete_powder":3168,"minecraft:polished_granite":256,"minecraft:glowstone":48,"minecraft:white_stained_glass":528,"minecraft:golden_apple":10,"minecraft:gray_shulker_box":13,"minecraft:cyan_shulker_box":12,"minecraft:oak_stairs":16,"minecraft:wooden_axe":1,"minecraft:iron_leggings":1,"minecraft:white_bed":24,"minecraft:brick":7612,"minecraft:oak_planks":1796,"minecraft:dark_oak_boat":1,"minecraft:pink_shulker_box":15,"minecraft:spruce_pressure_plate":4,"minecraft:purpur_stairs":192,"minecraft:green_dye":1256,"minecraft:hopper":17,"minecraft:iron_boots":1,"minecraft:cyan_terracotta":6976,"minecraft:chiseled_stone_bricks":856,"minecraft:stone_hoe":3,"minecraft:smoker":2,"minecraft:quartz_stairs":3488,"minecraft:oak_slab":48,"minecraft:item_frame":92,"minecraft:acacia_wood":45,"minecraft:map":6,"minecraft:crafting_table":61,"minecraft:spruce_planks":9252,"minecraft:wooden_pickaxe":1,"minecraft:baked_potato":768,"minecraft:gold_block":50,"minecraft:hopper_minecart":4,"minecraft:pumpkin_seeds":8,"minecraft:birch_planks":344,"minecraft:brewing_stand":5,"minecraft:black_shulker_box":13,"minecraft:dark_oak_slab":282,"minecraft:diamond_pickaxe":5,"minecraft:iron_chestplate":1,"minecraft:book":152,"minecraft:paper":6207,"minecraft:charcoal":10,"minecraft:emerald_block":474,"minecraft:shield":4,"minecraft:light_blue_dye":144,"minecraft:stone_sword":19,"minecraft:green_shulker_box":12,"minecraft:gray_carpet":382,"minecraft:redstone_torch":67,"minecraft:light_gray_carpet":18,"minecraft:sponge":31,"minecraft:shears":14,"minecraft:polished_andesite":192,"minecraft:coarse_dirt":208,"minecraft:cookie":66,"minecraft:redstone":90,"minecraft:coal":657,"minecraft:popped_chorus_fruit":1344,"minecraft:stone_button":20,"minecraft:dark_oak_trapdoor":8,"minecraft:gray_dye":1306,"minecraft:dark_oak_sign":12,"minecraft:end_stone_bricks":96,"minecraft:diamond_block":264,"minecraft:glass_pane":16,"minecraft:yellow_shulker_box":16,"minecraft:iron_axe":7,"minecraft:green_concrete_powder":336,"minecraft:black_terracotta":12,"minecraft:spruce_wood":42,"minecraft:orange_concrete_powder":256,"minecraft:lime_dye":96,"minecraft:filled_map":27,"minecraft:observer":13,"minecraft:blue_glazed_terracotta":24,"minecraft:minecart":6,"minecraft:cooked_beef":262,"minecraft:sugar":344,"minecraft:red_dye":461,"minecraft:bone_block":18,"minecraft:diamond_sword":6,"minecraft:cyan_dye":912,"minecraft:spruce_sign":12,"minecraft:dark_oak_stairs":528,"minecraft:pink_concrete_powder":256,"minecraft:powered_rail":72,"minecraft:yellow_carpet":138,"minecraft:nether_bricks":44,"minecraft:bucket":28,"minecraft:stone_axe":4,"minecraft:air":0,"minecraft:bread":691,"minecraft:blue_dye":563,"minecraft:oak_boat":6,"minecraft:white_wool":12,"minecraft:gold_nugget":1485,"minecraft:pumpkin_pie":224,"minecraft:acacia_planks":40,"minecraft:purple_concrete_powder":640,"minecraft:lapis_lazuli":1341,"minecraft:lapis_block":287,"minecraft:firework_rocket":312}},"DataVersion":1976}