{"stats":{"minecraft:mined":{"minecraft:dragon_wall_head":5,"minecraft:red_shulker_box":580,"minecraft:white_bed":83,"minecraft:fire_coral_wall_fan":4,"minecraft:cyan_shulker_box":42,"minecraft:light_blue_carpet":101,"minecraft:granite":14335,"minecraft:acacia_log":184,"minecraft:oak_pressure_plate":5,"minecraft:blue_wool":17,"minecraft:green_concrete":252,"minecraft:oak_wall_sign":272,"minecraft:nether_wart":34,"minecraft:spawner":4,"minecraft:chorus_flower":17,"minecraft:magma_block":1061,"minecraft:dark_oak_trapdoor":148,"minecraft:potted_dandelion":2,"minecraft:spruce_pressure_plate":1,"minecraft:light_gray_concrete":6424,"minecraft:white_shulker_box":74,"minecraft:player_head":55,"minecraft:tripwire":2,"minecraft:orange_bed":5,"minecraft:sandstone_slab":11,"minecraft:cut_sandstone":37,"minecraft:kelp_plant":324,"minecraft:torch":1911,"minecraft:note_block":17,"minecraft:melon":8,"minecraft:white_stained_glass_pane":57,"minecraft:dead_bush":4,"minecraft:tube_coral_fan":7,"minecraft:lime_shulker_box":220,"minecraft:sugar_cane":269,"minecraft:bricks":62,"minecraft:white_terracotta":579,"minecraft:repeater":280,"minecraft:grass":1844,"minecraft:birch_button":890,"minecraft:smooth_quartz":20,"minecraft:attached_pumpkin_stem":1,"minecraft:dark_prismarine":50,"minecraft:brown_concrete":232,"minecraft:light_blue_wool":190,"minecraft:mossy_cobblestone":147,"minecraft:dark_oak_log":71,"minecraft:cyan_stained_glass":176,"minecraft:sea_lantern":375,"minecraft:end_stone":1286,"minecraft:dark_oak_fence":54,"minecraft:spruce_fence":355,"minecraft:redstone_wire":816,"minecraft:red_mushroom":154,"minecraft:cartography_table":1,"minecraft:white_concrete_powder":41,"minecraft:horn_coral":5,"minecraft:redstone_ore":15293,"minecraft:light_blue_concrete_powder":1,"minecraft:pink_concrete":226,"minecraft:andesite":17748,"minecraft:green_terracotta":1,"minecraft:cyan_concrete":1030,"minecraft:cobblestone_slab":1237,"minecraft:vine":338,"minecraft:rail":227,"minecraft:potted_spruce_sapling":4,"minecraft:brain_coral_wall_fan":2,"minecraft:bone_block":33,"minecraft:fire_coral_block":38,"minecraft:ender_chest":523,"minecraft:oak_slab":65,"minecraft:redstone_block":79,"minecraft:glass_pane":274,"minecraft:soul_sand":2391,"minecraft:dandelion":59,"minecraft:fire_coral":7,"minecraft:prismarine_slab":1,"minecraft:brain_coral_fan":2,"minecraft:purpur_pillar":42,"minecraft:diorite":15647,"minecraft:black_stained_glass":64,"minecraft:red_terracotta":174,"minecraft:coarse_dirt":101,"minecraft:trapped_chest":11,"minecraft:light_blue_bed":4,"minecraft:cobblestone_wall":156,"minecraft:purple_concrete":24,"minecraft:gravel":23856,"minecraft:cobweb":659,"minecraft:brown_terracotta":646,"minecraft:oak_button":7,"minecraft:stone_bricks":27870,"minecraft:gold_ore":5684,"minecraft:chipped_anvil":7,"minecraft:iron_trapdoor":3,"minecraft:fern":51,"minecraft:stone_pressure_plate":137,"minecraft:oak_sapling":6,"minecraft:farmland":250,"minecraft:brewing_stand":85,"minecraft:spruce_trapdoor":304,"minecraft:white_concrete":17062,"minecraft:bubble_coral_fan":6,"minecraft:polished_diorite":7,"minecraft:brown_bed":10,"minecraft:iron_bars":423,"minecraft:spruce_slab":553,"minecraft:gray_terracotta":11,"minecraft:quartz_block":473,"minecraft:orange_terracotta":15,"minecraft:purpur_stairs":5,"minecraft:light_gray_terracotta":292,"minecraft:jungle_stairs":1,"minecraft:beacon":16,"minecraft:nether_quartz_ore":7551,"minecraft:oak_planks":702,"minecraft:wall_torch":965,"minecraft:cauldron":2,"minecraft:light_blue_terracotta":4,"minecraft:fire_coral_fan":2,"minecraft:blue_terracotta":1,"minecraft:powered_rail":85,"minecraft:green_banner":3,"minecraft:blue_ice":5,"minecraft:tnt":53,"minecraft:smooth_stone_slab":3150,"minecraft:oak_log":2345,"minecraft:beetroots":6,"minecraft:lime_terracotta":10,"minecraft:dirt":17497,"minecraft:prismarine_stairs":10,"minecraft:dispenser":79,"minecraft:daylight_detector":4,"minecraft:yellow_wall_banner":4,"minecraft:pink_carpet":1,"minecraft:quartz_stairs":258,"minecraft:dark_oak_leaves":89,"minecraft:red_stained_glass":1495,"minecraft:lever":57,"minecraft:ladder":408,"minecraft:tube_coral_wall_fan":12,"minecraft:stone_button":41,"minecraft:brown_mushroom_block":817,"minecraft:birch_slab":3,"minecraft:spruce_leaves":723,"minecraft:hay_block":4,"minecraft:light_gray_shulker_box":304,"minecraft:detector_rail":3,"minecraft:gold_block":1570,"minecraft:nether_brick_fence":9,"minecraft:bookshelf":143,"minecraft:stripped_oak_log":352,"minecraft:wet_sponge":1202,"minecraft:scaffolding":129,"minecraft:acacia_leaves":16,"minecraft:magenta_stained_glass":4,"minecraft:snow_block":309,"minecraft:stripped_dark_oak_log":53,"minecraft:polished_granite":2,"minecraft:oak_fence":251,"minecraft:gray_stained_glass":4,"minecraft:lime_carpet":34,"minecraft:stone_slab":1,"minecraft:red_glazed_terracotta":26,"minecraft:red_concrete":2452,"minecraft:prismarine_bricks":530,"minecraft:birch_planks":126,"minecraft:dead_fire_coral_block":1,"minecraft:bubble_coral":4,"minecraft:sea_pickle":24,"minecraft:black_wall_banner":7,"minecraft:ice":32,"minecraft:white_wall_banner":11,"minecraft:grass_path":345,"minecraft:black_wool":73,"minecraft:cocoa":77,"minecraft:yellow_concrete":169,"minecraft:flower_pot":7,"minecraft:cracked_stone_bricks":38,"minecraft:mossy_stone_bricks":57,"minecraft:dark_oak_planks":1481,"minecraft:light_blue_concrete":1229,"minecraft:jungle_leaves":95,"minecraft:obsidian":580,"minecraft:carved_pumpkin":471,"minecraft:red_sand":150,"minecraft:yellow_carpet":1,"minecraft:jungle_log":330,"minecraft:coal_block":60,"minecraft:purpur_slab":12,"minecraft:lime_stained_glass":21,"minecraft:bubble_coral_block":43,"minecraft:tube_coral_block":65,"minecraft:hopper":1337,"minecraft:oxeye_daisy":9,"minecraft:chiseled_stone_bricks":4,"minecraft:light_blue_stained_glass":6364,"minecraft:orange_concrete":50,"minecraft:sticky_piston":195,"minecraft:pumpkin":328,"minecraft:enchanting_table":2,"minecraft:lime_stained_glass_pane":1,"minecraft:oak_sign":48,"minecraft:oak_stairs":45,"minecraft:quartz_slab":540,"minecraft:iron_block":287,"minecraft:piston_head":12,"minecraft:conduit":28,"minecraft:brown_mushroom":89,"minecraft:red_bed":3,"minecraft:player_wall_head":66,"minecraft:green_concrete_powder":2,"minecraft:polished_diorite_slab":6,"minecraft:glass":3221,"minecraft:cyan_bed":1,"minecraft:potted_oak_sapling":2,"minecraft:damaged_anvil":9,"minecraft:black_concrete_powder":95,"minecraft:light_gray_stained_glass":16,"minecraft:wheat":1868,"minecraft:pumpkin_stem":17,"minecraft:lime_concrete":160,"minecraft:stone_brick_stairs":860,"minecraft:potted_poppy":2,"minecraft:prismarine_brick_stairs":56,"minecraft:oak_fence_gate":183,"minecraft:loom":1,"minecraft:blue_shulker_box":128,"minecraft:red_mushroom_block":578,"minecraft:yellow_stained_glass":19,"minecraft:piston":142,"minecraft:yellow_terracotta":357,"minecraft:light_gray_stained_glass_pane":12,"minecraft:stripped_birch_log":217,"minecraft:jack_o_lantern":123,"minecraft:shulker_box":2178,"minecraft:nether_bricks":672,"minecraft:jungle_planks":11,"minecraft:magenta_concrete":8,"minecraft:lime_wool":11,"minecraft:kelp":451,"minecraft:horn_coral_wall_fan":10,"minecraft:black_stained_glass_pane":2,"minecraft:snow":1652,"minecraft:diamond_block":250,"minecraft:potatoes":313,"minecraft:bamboo":8,"minecraft:white_wool":52,"minecraft:cake":4,"minecraft:brain_coral":2,"minecraft:light_gray_carpet":63,"minecraft:gray_concrete":453,"minecraft:comparator":27,"minecraft:brown_carpet":140,"minecraft:stone_brick_slab":863,"minecraft:observer":241,"minecraft:smooth_sandstone":1181,"minecraft:light_gray_concrete_powder":29,"minecraft:emerald_ore":126,"minecraft:sponge":21,"minecraft:dropper":151,"minecraft:purple_stained_glass":1,"minecraft:prismarine_brick_slab":3,"minecraft:white_carpet":580,"minecraft:spruce_log":3383,"minecraft:birch_leaves":28,"minecraft:jungle_fence":10,"minecraft:quartz_pillar":366,"minecraft:mycelium":17,"minecraft:acacia_planks":2,"minecraft:spruce_fence_gate":15,"minecraft:infested_stone":120,"minecraft:black_shulker_box":257,"minecraft:light_gray_banner":31,"minecraft:spruce_planks":1772,"minecraft:jungle_slab":2,"minecraft:cobblestone_stairs":88,"minecraft:grass_block":13437,"minecraft:dead_tube_coral_block":6,"minecraft:infested_cobblestone":2,"minecraft:gray_banner":12,"minecraft:blue_concrete":9,"minecraft:purple_stained_glass_pane":2,"minecraft:sandstone_stairs":18,"minecraft:glowstone":987,"minecraft:iron_ore":22409,"minecraft:black_carpet":86,"minecraft:anvil":15,"minecraft:azure_bluet":13,"minecraft:dark_oak_stairs":6,"minecraft:purple_carpet":1,"minecraft:birch_wall_sign":1,"minecraft:end_stone_bricks":66,"minecraft:brain_coral_block":333,"minecraft:cyan_terracotta":888,"minecraft:dead_bubble_coral_block":3,"minecraft:melon_stem":5,"minecraft:chiseled_quartz_block":17,"minecraft:clay":684,"minecraft:poppy":108,"minecraft:chest":2074,"minecraft:mushroom_stem":116,"minecraft:cobblestone":21099,"minecraft:slime_block":5,"minecraft:grindstone":1,"minecraft:prismarine":842,"minecraft:seagrass":598,"minecraft:brown_concrete_powder":1,"minecraft:yellow_wool":21,"minecraft:birch_log":98,"minecraft:birch_trapdoor":3,"minecraft:activator_rail":1,"minecraft:light_gray_wool":1,"minecraft:orange_tulip":1,"minecraft:purpur_block":70,"minecraft:sand":38424,"minecraft:tripwire_hook":5,"minecraft:netherrack":30848,"minecraft:oak_leaves":1254,"minecraft:horn_coral_block":33,"minecraft:emerald_block":61,"minecraft:redstone_lamp":73,"minecraft:tube_coral":4,"minecraft:diamond_ore":9244,"minecraft:red_carpet":164,"minecraft:gray_shulker_box":2,"minecraft:brick_stairs":16,"minecraft:white_stained_glass":972,"minecraft:sandstone":2197,"minecraft:oak_trapdoor":975,"minecraft:spruce_sapling":8,"minecraft:furnace":295,"minecraft:carrots":435,"minecraft:black_glazed_terracotta":33,"minecraft:chiseled_sandstone":6,"minecraft:dark_oak_fence_gate":19,"minecraft:stripped_spruce_log":7,"minecraft:black_concrete":10958,"minecraft:dead_horn_coral_block":8,"minecraft:lantern":1,"minecraft:stripped_acacia_log":47,"minecraft:packed_ice":333,"minecraft:chorus_plant":8,"minecraft:stone":282081,"minecraft:yellow_shulker_box":448,"minecraft:redstone_wall_torch":88,"minecraft:podzol":166,"minecraft:light_blue_shulker_box":337,"minecraft:red_wool":2,"minecraft:crafting_table":276,"minecraft:cyan_stained_glass_pane":24,"minecraft:rose_bush":1,"minecraft:lapis_ore":2816,"minecraft:lily_pad":69,"minecraft:spruce_stairs":519,"minecraft:gray_wool":22,"minecraft:cactus":5,"minecraft:gray_concrete_powder":3,"minecraft:brick_slab":54,"minecraft:green_shulker_box":5,"minecraft:acacia_fence_gate":2,"minecraft:redstone_torch":60,"minecraft:dead_brain_coral_block":161,"minecraft:coal_ore":14945,"minecraft:end_rod":43,"minecraft:bubble_coral_wall_fan":11,"minecraft:gray_carpet":27,"minecraft:terracotta":583,"minecraft:polished_andesite":133},"minecraft:used":{"minecraft:jack_o_lantern":306,"minecraft:writable_book":239,"minecraft:dispenser":102,"minecraft:black_carpet":1585,"minecraft:stone":13560,"minecraft:quartz_stairs":622,"minecraft:rotten_flesh":56,"minecraft:tube_coral":4,"minecraft:soul_sand":637,"minecraft:cocoa_beans":149,"minecraft:snowball":12,"minecraft:spruce_boat":31,"minecraft:packed_ice":391,"minecraft:lava_bucket":35,"minecraft:quartz_pillar":399,"minecraft:lime_banner":2,"minecraft:red_wool":14,"minecraft:quartz_block":711,"minecraft:dark_oak_leaves":173,"minecraft:bow":1377,"minecraft:oak_sapling":125,"minecraft:cooked_cod":51,"minecraft:acacia_fence":8,"minecraft:gray_banner":12,"minecraft:mossy_stone_bricks":71,"minecraft:damaged_anvil":8,"minecraft:prismarine":883,"minecraft:lily_pad":27,"minecraft:cactus":6,"minecraft:wooden_pickaxe":98,"minecraft:black_glazed_terracotta":202,"minecraft:jungle_boat":3,"minecraft:golden_apple":2,"minecraft:acacia_leaves":6,"minecraft:chiseled_quartz_block":19,"minecraft:gray_concrete":285,"minecraft:purple_concrete_powder":24,"minecraft:birch_slab":2,"minecraft:oak_pressure_plate":2,"minecraft:coal_block":140,"minecraft:diamond_sword":21550,"minecraft:birch_log":124,"minecraft:oak_boat":177,"minecraft:oak_trapdoor":2222,"minecraft:dead_tube_coral_block":4,"minecraft:enchanting_table":4,"minecraft:orange_concrete":24,"minecraft:carved_pumpkin":30,"minecraft:armor_stand":72,"minecraft:light_gray_carpet":262,"minecraft:cooked_salmon":5,"minecraft:torch":23405,"minecraft:orange_stained_glass":18,"minecraft:brewing_stand":119,"minecraft:nether_quartz_ore":112,"minecraft:cod_bucket":2,"minecraft:yellow_carpet":2,"minecraft:oak_fence_gate":313,"minecraft:sea_lantern":1311,"minecraft:chipped_anvil":7,"minecraft:iron_block":335,"minecraft:filled_map":10,"minecraft:jungle_log":119,"minecraft:barrel":1,"minecraft:bamboo":1,"minecraft:lime_concrete":102,"minecraft:podzol":11,"minecraft:trapped_chest":20,"minecraft:acacia_planks":7,"minecraft:horn_coral_fan":10,"minecraft:wheat_seeds":1983,"minecraft:light_blue_shulker_box":329,"minecraft:tube_coral_block":93,"minecraft:birch_planks":127,"minecraft:lead":2,"minecraft:blue_concrete_powder":8,"minecraft:cauldron":5,"minecraft:spruce_fence_gate":40,"minecraft:gold_ore":43,"minecraft:conduit":30,"minecraft:diamond_block":287,"minecraft:light_gray_banner":32,"minecraft:rail":346,"minecraft:red_bed":3,"minecraft:white_bed":106,"minecraft:campfire":6,"minecraft:spruce_log":1151,"minecraft:mushroom_stem":4,"minecraft:diamond_pickaxe":573686,"minecraft:diamond_shovel":96577,"minecraft:oak_button":164,"minecraft:spruce_pressure_plate":3,"minecraft:magenta_concrete_powder":8,"minecraft:spruce_trapdoor":553,"minecraft:spruce_sapling":124,"minecraft:potion":43,"minecraft:cooked_porkchop":172,"minecraft:porkchop":7,"minecraft:stripped_oak_log":262,"minecraft:red_sand":1,"minecraft:light_gray_stained_glass_pane":150,"minecraft:melon":7,"minecraft:bone_block":42,"minecraft:nether_wart":771,"minecraft:bubble_coral":2,"minecraft:spruce_leaves":294,"minecraft:mutton":11,"minecraft:jungle_planks":28,"minecraft:obsidian":355,"minecraft:bricks":466,"minecraft:lantern":3,"minecraft:green_wool":2,"minecraft:light_blue_bed":4,"minecraft:item_frame":451,"minecraft:birch_button":7711,"minecraft:horn_coral":12,"minecraft:written_book":1176,"minecraft:jungle_button":64,"minecraft:blue_shulker_box":130,"minecraft:gold_block":2164,"minecraft:pink_concrete_powder":136,"minecraft:tube_coral_fan":30,"minecraft:end_rod":14,"minecraft:dropper":173,"minecraft:wither_skeleton_skull":24,"minecraft:stripped_acacia_log":25,"minecraft:gray_carpet":107,"minecraft:stone_pickaxe":279,"minecraft:jungle_fence":481,"minecraft:oak_planks":354,"minecraft:prismarine_stairs":26,"minecraft:polished_diorite_slab":6,"minecraft:sandstone":134,"minecraft:sugar_cane":258,"minecraft:diamond_axe":22974,"minecraft:white_wool":71,"minecraft:light_blue_concrete":561,"minecraft:lime_stained_glass_pane":33,"minecraft:light_blue_wool":190,"minecraft:yellow_concrete":92,"minecraft:crossbow":26,"minecraft:lingering_potion":1,"minecraft:end_stone":1087,"minecraft:sticky_piston":323,"minecraft:lever":294,"minecraft:daylight_detector":4,"minecraft:dark_oak_log":336,"minecraft:bread":16,"minecraft:iron_door":8,"minecraft:light_blue_concrete_powder":681,"minecraft:pufferfish_bucket":4,"minecraft:smooth_stone_slab":19469,"minecraft:coarse_dirt":131,"minecraft:bone_meal":2762,"minecraft:orange_concrete_powder":32,"minecraft:rose_bush":2,"minecraft:flint_and_steel":4,"minecraft:redstone":2272,"minecraft:ender_chest":532,"minecraft:brown_shulker_box":1,"minecraft:stone_hoe":440,"minecraft:cooked_chicken":1117,"minecraft:dirt":20076,"minecraft:prismarine_bricks":471,"minecraft:spruce_fence":768,"minecraft:iron_hoe":461,"minecraft:wooden_axe":31,"minecraft:brown_terracotta":622,"minecraft:light_gray_stained_glass":129,"minecraft:oak_stairs":7,"minecraft:smooth_sandstone":3196,"minecraft:yellow_concrete_powder":88,"minecraft:black_stained_glass":140,"minecraft:lime_stained_glass":39,"minecraft:minecart":212,"minecraft:cyan_concrete_powder":704,"minecraft:cooked_beef":207,"minecraft:dead_bubble_coral_block":3,"minecraft:pumpkin":890,"minecraft:cobblestone_stairs":231,"minecraft:snow_block":146,"minecraft:baked_potato":9,"minecraft:birch_boat":25,"minecraft:cut_sandstone":20,"minecraft:spruce_sign":33,"minecraft:spider_eye":3,"minecraft:cyan_stained_glass":351,"minecraft:piston":582,"minecraft:wooden_hoe":29,"minecraft:gray_terracotta":10,"minecraft:flower_pot":22,"minecraft:black_wool":215,"minecraft:lapis_ore":41,"minecraft:detector_rail":18,"minecraft:stone_slab":1,"minecraft:yellow_wool":31,"minecraft:stone_axe":106,"minecraft:fire_coral_block":58,"minecraft:end_crystal":8,"minecraft:cyan_stained_glass_pane":24,"minecraft:pink_shulker_box":1,"minecraft:sea_pickle":146,"minecraft:gray_wool":79,"minecraft:dead_horn_coral_block":27,"minecraft:spruce_slab":1040,"minecraft:ladder":1229,"minecraft:green_banner":4,"minecraft:chest":3149,"minecraft:brown_concrete":78,"minecraft:white_shulker_box":77,"minecraft:brick_slab":346,"minecraft:blue_stained_glass":16,"minecraft:stripped_spruce_log":4,"minecraft:black_stained_glass_pane":2,"minecraft:grass_block":1015,"minecraft:orange_shulker_box":1,"minecraft:wet_sponge":34,"minecraft:stone_brick_stairs":2011,"minecraft:snow":543,"minecraft:dark_oak_boat":7,"minecraft:furnace":426,"minecraft:egg":83,"minecraft:potato":243,"minecraft:dragon_head":6,"minecraft:brown_concrete_powder":137,"minecraft:magenta_shulker_box":1,"minecraft:light_blue_carpet":101,"minecraft:emerald_ore":13,"minecraft:diorite":762,"minecraft:end_stone_bricks":48,"minecraft:spruce_door":622,"minecraft:stripped_birch_log":109,"minecraft:red_stained_glass":12343,"minecraft:powered_rail":238,"minecraft:orange_tulip":1,"minecraft:lime_concrete_powder":155,"minecraft:purpur_pillar":2,"minecraft:oak_leaves":601,"minecraft:cookie":1,"minecraft:dark_oak_trapdoor":157,"minecraft:sand":7250,"minecraft:purpur_stairs":1,"minecraft:black_concrete_powder":6545,"minecraft:pumpkin_seeds":32,"minecraft:chiseled_sandstone":1,"minecraft:stone_button":179,"minecraft:red_terracotta":679,"minecraft:polished_granite":1,"minecraft:diamond_ore":4557,"minecraft:dark_oak_fence":55,"minecraft:bubble_coral_block":75,"minecraft:white_stained_glass":3178,"minecraft:green_concrete_powder":250,"minecraft:ice":36,"minecraft:gray_stained_glass":4,"minecraft:iron_bars":595,"minecraft:stone_sword":105,"minecraft:acacia_log":60,"minecraft:brain_coral_fan":10,"minecraft:red_concrete":2142,"minecraft:netherrack":1253,"minecraft:orange_bed":3,"minecraft:light_gray_shulker_box":312,"minecraft:anvil":60,"minecraft:blue_concrete":7,"minecraft:dead_brain_coral_block":372,"minecraft:polished_diorite":8,"minecraft:red_shulker_box":582,"minecraft:cyan_shulker_box":43,"minecraft:iron_axe":977,"minecraft:brick_stairs":79,"minecraft:slime_block":4,"minecraft:smooth_quartz":32,"minecraft:totem_of_undying":8,"minecraft:prismarine_slab":1,"minecraft:melon_seeds":7,"minecraft:tripwire_hook":14,"minecraft:purple_concrete":6,"minecraft:glowstone":487,"minecraft:beef":4,"minecraft:iron_trapdoor":3,"minecraft:orange_terracotta":3,"minecraft:observer":650,"minecraft:water_bucket":4646,"minecraft:yellow_banner":9,"minecraft:sandstone_stairs":31,"minecraft:prismarine_brick_slab":3,"minecraft:yellow_shulker_box":457,"minecraft:cartography_table":1,"minecraft:lime_wool":21,"minecraft:bubble_coral_fan":20,"minecraft:red_mushroom_block":128,"minecraft:cracked_stone_bricks":38,"minecraft:salmon":3,"minecraft:pink_concrete":108,"minecraft:comparator":83,"minecraft:mossy_cobblestone":155,"minecraft:vine":80,"minecraft:tnt":177,"minecraft:crafting_table":343,"minecraft:oak_slab":116,"minecraft:birch_sign":4,"minecraft:fire_coral":4,"minecraft:cod":59,"minecraft:dark_oak_fence_gate":19,"minecraft:lime_shulker_box":227,"minecraft:cake":4,"minecraft:oak_log":599,"minecraft:dark_prismarine":3,"minecraft:iron_pickaxe":6766,"minecraft:cyan_concrete":591,"minecraft:chiseled_stone_bricks":3,"minecraft:cobblestone":27341,"minecraft:red_concrete_powder":1440,"minecraft:sandstone_slab":19,"minecraft:glass_pane":770,"minecraft:brown_mushroom_block":361,"minecraft:kelp":904,"minecraft:iron_shovel":816,"minecraft:carrot_on_a_stick":453,"minecraft:diamond_hoe":2233,"minecraft:oak_sign":772,"minecraft:white_concrete_powder":15513,"minecraft:white_terracotta":232,"minecraft:iron_sword":1202,"minecraft:purple_shulker_box":1,"minecraft:player_head":189,"minecraft:nether_bricks":99,"minecraft:prismarine_brick_stairs":61,"minecraft:carrot":386,"minecraft:milk_bucket":14,"minecraft:glass":7035,"minecraft:cyan_terracotta":4927,"minecraft:coal_ore":1920,"minecraft:quartz_slab":1071,"minecraft:gray_concrete_powder":203,"minecraft:hopper_minecart":62,"minecraft:stone_bricks":57903,"minecraft:repeater":522,"minecraft:red_carpet":358,"minecraft:redstone_lamp":247,"minecraft:magma_block":348,"minecraft:brown_carpet":140,"minecraft:hay_block":3,"minecraft:scaffolding":238,"minecraft:beetroot_seeds":1,"minecraft:fire_coral_fan":13,"minecraft:dark_oak_stairs":6,"minecraft:birch_leaves":1,"minecraft:dark_oak_sign":1,"minecraft:ender_pearl":238,"minecraft:redstone_block":107,"minecraft:brain_coral":5,"minecraft:yellow_terracotta":738,"minecraft:loom":1,"minecraft:black_banner":15,"minecraft:light_gray_terracotta":74,"minecraft:sponge":933,"minecraft:note_block":3,"minecraft:shears":1339,"minecraft:redstone_torch":335,"minecraft:green_concrete":184,"minecraft:gray_shulker_box":3,"minecraft:black_concrete":9931,"minecraft:melon_slice":10,"minecraft:firework_rocket":1719,"minecraft:string":2,"minecraft:cyan_bed":1,"minecraft:lime_carpet":55,"minecraft:light_gray_concrete":310,"minecraft:gravel":1137,"minecraft:grindstone":1,"minecraft:white_concrete":9964,"minecraft:experience_bottle":1,"minecraft:andesite":1496,"minecraft:chest_minecart":5,"minecraft:tropical_fish_bucket":21,"minecraft:cobweb":288,"minecraft:oak_fence":350,"minecraft:purpur_block":5,"minecraft:jungle_leaves":150,"minecraft:trident":590,"minecraft:redstone_ore":386,"minecraft:stone_shovel":289,"minecraft:light_blue_terracotta":2,"minecraft:spruce_planks":3970,"minecraft:wooden_shovel":59,"minecraft:oak_door":68,"minecraft:white_carpet":650,"minecraft:hopper":1970,"minecraft:spruce_stairs":903,"minecraft:cobblestone_wall":535,"minecraft:shulker_box":2213,"minecraft:pink_carpet":29,"minecraft:salmon_bucket":2,"minecraft:granite":676,"minecraft:light_blue_stained_glass":12502,"minecraft:purple_banner":1,"minecraft:birch_door":3,"minecraft:stone_brick_slab":1440,"minecraft:dark_oak_planks":1458,"minecraft:bookshelf":126,"minecraft:yellow_stained_glass":37,"minecraft:light_gray_wool":4,"minecraft:golden_carrot":2699,"minecraft:emerald_block":119,"minecraft:white_stained_glass_pane":83,"minecraft:stone_pressure_plate":841,"minecraft:horn_coral_block":32,"minecraft:brown_bed":11,"minecraft:brain_coral_block":160,"minecraft:cooked_mutton":174,"minecraft:acacia_boat":1,"minecraft:iron_ore":24,"minecraft:glass_bottle":762,"minecraft:polished_andesite":197,"minecraft:blue_wool":22,"minecraft:black_shulker_box":278,"minecraft:magenta_stained_glass":2,"minecraft:beacon":27,"minecraft:red_glazed_terracotta":26,"minecraft:cobblestone_slab":1588,"minecraft:stripped_dark_oak_log":9,"minecraft:terracotta":3,"minecraft:dead_fire_coral_block":1,"minecraft:light_gray_concrete_powder":6046,"minecraft:painting":31,"minecraft:purple_stained_glass":17,"minecraft:activator_rail":1,"minecraft:apple":6,"minecraft:acacia_fence_gate":2,"minecraft:fishing_rod":6,"minecraft:green_shulker_box":11,"minecraft:white_banner":28,"minecraft:bucket":4765,"minecraft:purple_carpet":1,"minecraft:splash_potion":9},"minecraft:dropped":{"minecraft:iron_sword":6,"minecraft:lapis_lazuli":29,"minecraft:chorus_fruit":18,"minecraft:glass_bottle":7,"minecraft:diamond":365,"minecraft:crafting_table":11,"minecraft:cracked_stone_bricks":9,"minecraft:quartz_pillar":18,"minecraft:red_mushroom":2,"minecraft:gold_block":256,"minecraft:emerald":4,"minecraft:writable_book":1,"minecraft:gold_nugget":19,"minecraft:sand":8674,"minecraft:fishing_rod":1,"minecraft:dark_oak_planks":21,"minecraft:white_wool":148,"minecraft:stone_axe":1,"minecraft:diamond_block":296,"minecraft:lever":81,"minecraft:iron_nugget":11,"minecraft:cooked_chicken":2,"minecraft:black_carpet":9,"minecraft:wheat":8,"minecraft:obsidian":106,"minecraft:rotten_flesh":1245,"minecraft:oak_planks":165,"minecraft:glowstone_dust":2,"minecraft:dead_fire_coral_block":5,"minecraft:sea_lantern":38,"minecraft:coal_ore":508,"minecraft:quartz_block":29,"minecraft:jungle_log":4,"minecraft:leather_boots":10,"minecraft:leather_leggings":7,"minecraft:glass":161,"minecraft:beef":88,"minecraft:stone_brick_stairs":72,"minecraft:brown_concrete":2,"minecraft:golden_boots":5,"minecraft:wheat_seeds":805,"minecraft:book":19,"minecraft:prismarine_crystals":803,"minecraft:red_stained_glass":3,"minecraft:dark_oak_leaves":64,"minecraft:gray_wool":9,"minecraft:ink_sac":10,"minecraft:wooden_axe":1,"minecraft:lapis_ore":7,"minecraft:potion":46,"minecraft:stripped_birch_log":16,"minecraft:oak_stairs":3,"minecraft:pumpkin":1,"minecraft:white_banner":4,"minecraft:jungle_boat":1,"minecraft:chainmail_leggings":4,"minecraft:smooth_sandstone":91,"minecraft:acacia_planks":1,"minecraft:stone_brick_slab":151,"minecraft:bricks":9,"minecraft:light_blue_glazed_terracotta":1,"minecraft:player_head":70,"minecraft:stone_shovel":10,"minecraft:white_carpet":38,"minecraft:iron_boots":4,"minecraft:name_tag":3,"minecraft:white_terracotta":39,"minecraft:oak_sign":14,"minecraft:shears":5,"minecraft:suspicious_stew":18,"minecraft:diamond_sword":14,"minecraft:spruce_trapdoor":4,"minecraft:spruce_planks":92,"minecraft:diamond_pickaxe":40,"minecraft:fire_coral_block":36,"minecraft:redstone_torch":69,"minecraft:stone_bricks":805,"minecraft:bamboo":34,"minecraft:sandstone":138,"minecraft:bow":137,"minecraft:red_sand":1,"minecraft:brick_slab":3,"minecraft:terracotta":580,"minecraft:soul_sand":93,"minecraft:oak_log":172,"minecraft:ender_pearl":42,"minecraft:dark_oak_sapling":6,"minecraft:leather":5,"minecraft:jungle_planks":33,"minecraft:black_banner":3,"minecraft:cod":932,"minecraft:cobblestone_stairs":173,"minecraft:redstone_lamp":5,"minecraft:dark_oak_log":50,"minecraft:mutton":60,"minecraft:snowball":63,"minecraft:black_shulker_box":1,"minecraft:black_concrete":5,"minecraft:gold_ingot":71,"minecraft:purpur_block":11,"minecraft:beetroot":2,"minecraft:yellow_stained_glass":25,"minecraft:cyan_shulker_box":2,"minecraft:leather_chestplate":6,"minecraft:trident":1,"minecraft:beetroot_seeds":3,"minecraft:birch_button":1,"minecraft:iron_ore":7054,"minecraft:iron_bars":130,"minecraft:polished_granite":1,"minecraft:splash_potion":6,"minecraft:stone_hoe":14,"minecraft:golden_helmet":1,"minecraft:tropical_fish":6,"minecraft:spruce_stairs":10,"minecraft:green_dye":14400,"minecraft:repeater":4,"minecraft:light_blue_wool":2,"minecraft:melon_slice":705,"minecraft:white_concrete":63,"minecraft:yellow_shulker_box":2,"minecraft:jungle_leaves":4,"minecraft:cactus":201,"minecraft:tripwire_hook":18,"minecraft:redstone_block":1,"minecraft:polished_diorite":62,"minecraft:blue_terracotta":1,"minecraft:kelp":6169,"minecraft:oak_trapdoor":19,"minecraft:light_gray_terracotta":129,"minecraft:totem_of_undying":6,"minecraft:shulker_box":11,"minecraft:andesite":5989,"minecraft:golden_leggings":13,"minecraft:oak_sapling":56,"minecraft:spruce_log":149,"minecraft:wooden_pickaxe":3,"minecraft:light_blue_terracotta":2,"minecraft:nautilus_shell":1,"minecraft:brick":3,"minecraft:piston":1,"minecraft:cooked_beef":24,"minecraft:oak_pressure_plate":4,"minecraft:emerald_ore":10,"minecraft:crossbow":3,"minecraft:purpur_stairs":2,"minecraft:elytra":7,"minecraft:dragon_breath":32,"minecraft:rail":87,"minecraft:leather_helmet":3,"minecraft:item_frame":2,"minecraft:dirt":3803,"minecraft:grass":1,"minecraft:stone_button":51,"minecraft:yellow_dye":1,"minecraft:bone_block":1,"minecraft:bone_meal":1289,"minecraft:sugar":3,"minecraft:iron_pickaxe":5,"minecraft:gray_dye":4,"minecraft:bone":1013,"minecraft:oak_door":5,"minecraft:pink_concrete":130,"minecraft:sugar_cane":851,"minecraft:detector_rail":1,"minecraft:golden_chestplate":6,"minecraft:birch_sapling":1,"minecraft:blue_wool":3,"minecraft:end_stone":75,"minecraft:light_gray_carpet":54,"minecraft:blaze_powder":65,"minecraft:dark_oak_fence_gate":16,"minecraft:salmon":15,"minecraft:tipped_arrow":1,"minecraft:hopper":120,"minecraft:ladder":211,"minecraft:white_dye":5,"minecraft:spruce_slab":59,"minecraft:end_stone_bricks":15,"minecraft:dead_tube_coral_block":12,"minecraft:egg":32,"minecraft:enchanted_book":37,"minecraft:iron_ingot":762,"minecraft:cyan_stained_glass":61,"minecraft:tnt":3,"minecraft:yellow_terracotta":219,"minecraft:oak_fence":449,"minecraft:purpur_slab":4,"minecraft:iron_helmet":2,"minecraft:feather":31,"minecraft:cobblestone":21577,"minecraft:granite":5929,"minecraft:spruce_button":3,"minecraft:spruce_door":2,"minecraft:purple_dye":12,"minecraft:chainmail_helmet":2,"minecraft:coal":469,"minecraft:polished_andesite":32,"minecraft:pufferfish":6,"minecraft:golden_carrot":259,"minecraft:diamond_helmet":2,"minecraft:brown_terracotta":31,"minecraft:iron_shovel":3,"minecraft:paper":589,"minecraft:string":791,"minecraft:gray_carpet":26,"minecraft:spruce_sapling":10,"minecraft:purpur_pillar":26,"minecraft:furnace":33,"minecraft:redstone_ore":1437,"minecraft:stone_sword":93,"minecraft:cobblestone_wall":1,"minecraft:smooth_stone_slab":231,"minecraft:chicken":18,"minecraft:stone_slab":10,"minecraft:diamond_ore":3,"minecraft:nether_bricks":30,"minecraft:pumpkin_seeds":424,"minecraft:potato":682,"minecraft:cobblestone_slab":23,"minecraft:hay_block":4,"minecraft:stone":47263,"minecraft:wooden_shovel":2,"minecraft:spider_eye":111,"minecraft:light_gray_dye":23,"minecraft:brown_carpet":8,"minecraft:birch_boat":1,"minecraft:dark_prismarine":28,"minecraft:black_wool":59,"minecraft:quartz_slab":8,"minecraft:gold_ore":616,"minecraft:brown_mushroom":88,"minecraft:birch_planks":6,"minecraft:diamond_axe":7,"minecraft:baked_potato":128,"minecraft:lime_shulker_box":1,"minecraft:sandstone_slab":13,"minecraft:flint":800,"minecraft:cyan_terracotta":11,"minecraft:cooked_cod":958,"minecraft:seagrass":13,"minecraft:cut_sandstone":4,"minecraft:birch_log":19,"minecraft:brown_mushroom_block":63,"minecraft:armor_stand":1,"minecraft:gravel":2528,"minecraft:diamond_shovel":5,"minecraft:prismarine":36,"minecraft:carrot":4241,"minecraft:chainmail_chestplate":3,"minecraft:chiseled_stone_bricks":1,"minecraft:poppy":89,"minecraft:gunpowder":215,"minecraft:birch_trapdoor":3,"minecraft:melon_seeds":2,"minecraft:glowstone":14,"minecraft:chainmail_boots":7,"minecraft:chest":44,"minecraft:arrow":436,"minecraft:cyan_concrete":1,"minecraft:powered_rail":12,"minecraft:prismarine_bricks":47,"minecraft:quartz":7,"minecraft:written_book":80,"minecraft:oak_leaves":6,"minecraft:netherrack":7567,"minecraft:firework_rocket":634,"minecraft:water_bucket":4,"minecraft:mossy_cobblestone":7,"minecraft:minecart":1,"minecraft:bookshelf":5,"minecraft:diamond_leggings":1,"minecraft:poisonous_potato":2,"minecraft:prismarine_shard":1743,"minecraft:lead":7,"minecraft:observer":13,"minecraft:dark_oak_pressure_plate":1,"minecraft:grass_block":75,"minecraft:stick":1009,"minecraft:diorite":5717,"minecraft:light_blue_stained_glass":64,"minecraft:torch":1308,"minecraft:brown_wool":3,"minecraft:iron_leggings":4,"minecraft:iron_axe":3,"minecraft:bucket":11,"minecraft:lapis_block":8,"minecraft:dandelion":18,"minecraft:redstone":248,"minecraft:anvil":1,"minecraft:ender_chest":4,"minecraft:coarse_dirt":4,"minecraft:nether_wart":57,"minecraft:light_gray_wool":9,"minecraft:iron_hoe":1,"minecraft:glass_pane":1,"minecraft:filled_map":7,"minecraft:snow":1,"minecraft:shield":1,"minecraft:diamond_chestplate":1,"minecraft:orange_terracotta":11,"minecraft:iron_chestplate":3,"minecraft:cake":1,"minecraft:mossy_stone_bricks":6,"minecraft:pink_wool":1,"minecraft:oak_boat":5,"minecraft:golden_sword":2,"minecraft:diamond_boots":1,"minecraft:slime_ball":28,"minecraft:beacon":1,"minecraft:stone_pickaxe":2,"minecraft:nether_quartz_ore":12,"minecraft:white_stained_glass":1},"minecraft:broken":{"minecraft:wooden_shovel":1,"minecraft:shears":22,"minecraft:diamond_pickaxe":1,"minecraft:iron_hoe":1,"minecraft:stone_hoe":2,"minecraft:wooden_pickaxe":1,"minecraft:iron_pickaxe":16,"minecraft:iron_shovel":2,"minecraft:stone_pickaxe":2,"minecraft:stone_shovel":1,"minecraft:diamond_hoe":1,"minecraft:iron_boots":1,"minecraft:iron_sword":1,"minecraft:iron_axe":2,"minecraft:iron_helmet":2,"minecraft:leather_boots":1},"minecraft:picked_up":{"minecraft:suspicious_stew":261,"minecraft:lead":95,"minecraft:stone_slab":6,"minecraft:enchanted_book":49,"minecraft:purple_shulker_box":1,"minecraft:blue_concrete":17,"minecraft:string":2273,"minecraft:dark_oak_pressure_plate":1,"minecraft:orange_glazed_terracotta":1,"minecraft:pufferfish":76,"minecraft:diamond_leggings":51,"minecraft:dead_bubble_coral_fan":32,"minecraft:horn_coral_block":42,"minecraft:bubble_coral":10,"minecraft:hopper_minecart":11,"minecraft:diamond_ore":4669,"minecraft:spruce_pressure_plate":1,"minecraft:acacia_log":229,"minecraft:purpur_pillar":98,"minecraft:cyan_stained_glass":815,"minecraft:green_terracotta":1,"minecraft:golden_chestplate":19,"minecraft:gray_shulker_box":2,"minecraft:cyan_stained_glass_pane":94,"minecraft:cauldron":4,"minecraft:brown_carpet":236,"minecraft:yellow_banner":11,"minecraft:orange_bed":5,"minecraft:stone_sword":65,"minecraft:lime_carpet":67,"minecraft:horn_coral_fan":68,"minecraft:blue_glazed_terracotta":1,"minecraft:carved_pumpkin":475,"minecraft:red_tulip":14,"minecraft:glowstone":1305,"minecraft:bookshelf":22,"minecraft:end_rod":256,"minecraft:white_terracotta":823,"minecraft:blaze_rod":63,"minecraft:iron_bars":1810,"minecraft:snowball":3902,"minecraft:sponge":219,"minecraft:cooked_beef":188,"minecraft:feather":116,"minecraft:water_bucket":48,"minecraft:brown_wool":387,"minecraft:dark_oak_boat":5,"minecraft:flint":3159,"minecraft:purple_stained_glass":111,"minecraft:cyan_concrete_powder":2,"minecraft:magenta_terracotta":1,"minecraft:lantern":1,"minecraft:gray_concrete_powder":3,"minecraft:purple_carpet":1,"minecraft:diamond_helmet":50,"minecraft:lime_terracotta":13,"minecraft:stripped_spruce_log":9,"minecraft:brown_mushroom_block":1014,"minecraft:iron_hoe":3,"minecraft:polished_andesite":1006,"minecraft:blue_terracotta":6,"minecraft:lever":431,"minecraft:granite":12987,"minecraft:spruce_button":3,"minecraft:cyan_dye":152,"minecraft:jack_o_lantern":283,"minecraft:light_gray_carpet":221,"minecraft:diamond_pickaxe":162,"minecraft:clay_ball":4287,"minecraft:leather_leggings":41,"minecraft:redstone_lamp":824,"minecraft:dragon_head":9,"minecraft:purpur_block":190,"minecraft:fire_coral":12,"minecraft:cornflower":86,"minecraft:elytra":77,"minecraft:flint_and_steel":5,"minecraft:white_carpet":931,"minecraft:white_stained_glass":974,"minecraft:iron_shovel":5,"minecraft:glass_pane":1436,"minecraft:jungle_sapling":9,"minecraft:poppy":1305,"minecraft:spruce_slab":1103,"minecraft:minecart":191,"minecraft:birch_sapling":22,"minecraft:piston":341,"minecraft:diamond_hoe":2,"minecraft:lime_shulker_box":230,"minecraft:black_stained_glass":88,"minecraft:stone":120935,"minecraft:cyan_glazed_terracotta":1,"minecraft:fire_charge":63,"minecraft:white_dye":15,"minecraft:cyan_shulker_box":44,"minecraft:stone_shovel":4,"minecraft:diamond_chestplate":23,"minecraft:purpur_slab":17,"minecraft:hay_block":22,"minecraft:yellow_terracotta":1248,"minecraft:totem_of_undying":5,"minecraft:mutton":313,"minecraft:rail":756,"minecraft:bone_block":318,"minecraft:emerald_ore":120,"minecraft:oxeye_daisy":105,"minecraft:birch_leaves":1,"minecraft:yellow_shulker_box":458,"minecraft:clock":1,"minecraft:tripwire_hook":44,"minecraft:red_glazed_terracotta":144,"minecraft:yellow_dye":4,"minecraft:jungle_fence":10,"minecraft:purpur_stairs":5,"minecraft:lily_pad":111,"minecraft:paper":908,"minecraft:light_blue_banner":1,"minecraft:apple":216,"minecraft:yellow_stained_glass":520,"minecraft:oak_fence_gate":350,"minecraft:stone_pickaxe":2,"minecraft:iron_ore":22888,"minecraft:magenta_stained_glass":64,"minecraft:dark_oak_stairs":9,"minecraft:milk_bucket":42,"minecraft:light_gray_stained_glass":216,"minecraft:green_glazed_terracotta":1,"minecraft:red_wool":66,"minecraft:lime_concrete":94,"minecraft:light_blue_stained_glass":6129,"minecraft:dragon_egg":3,"minecraft:leather_helmet":19,"minecraft:diamond_shovel":72,"minecraft:coal_ore":9933,"minecraft:slime_ball":1088,"minecraft:painting":47,"minecraft:birch_sign":2,"minecraft:baked_potato":92,"minecraft:hopper":1927,"minecraft:prismarine_stairs":41,"minecraft:black_carpet":85,"minecraft:light_blue_concrete":688,"minecraft:ender_chest":560,"minecraft:nether_brick_fence":8,"minecraft:yellow_wool":182,"minecraft:stone_brick_stairs":1673,"minecraft:lapis_block":15,"minecraft:dead_tube_coral_block":75,"minecraft:purple_banner":1,"minecraft:comparator":350,"minecraft:red_sand":148,"minecraft:bucket":114,"minecraft:red_dye":984,"minecraft:white_tulip":69,"minecraft:rose_bush":200,"minecraft:cobblestone_slab":2546,"minecraft:ender_eye":1,"minecraft:wooden_shovel":21,"minecraft:iron_pickaxe":4,"minecraft:smooth_quartz":28,"minecraft:blue_wool":13928,"minecraft:tipped_arrow":269,"minecraft:birch_trapdoor":7,"minecraft:spruce_stairs":1314,"minecraft:diorite":14488,"minecraft:vine":611,"minecraft:rotten_flesh":6155,"minecraft:chorus_flower":63,"minecraft:obsidian":1185,"minecraft:blaze_powder":1740,"minecraft:cobblestone":105974,"minecraft:enchanting_table":2,"minecraft:leather_chestplate":31,"minecraft:lilac":3,"minecraft:repeater":634,"minecraft:andesite":15364,"minecraft:golden_leggings":33,"minecraft:beacon":20,"minecraft:potato":1195,"minecraft:prismarine_bricks":679,"minecraft:dirt":36436,"minecraft:stripped_birch_log":286,"minecraft:name_tag":13,"minecraft:glass":9771,"minecraft:bone":6987,"minecraft:acacia_planks":10,"minecraft:bow":179,"minecraft:wheat_seeds":5468,"minecraft:orange_tulip":61,"minecraft:grindstone":1,"minecraft:mossy_stone_bricks":157,"minecraft:bamboo":156,"minecraft:cyan_concrete":784,"minecraft:prismarine":1408,"minecraft:brown_stained_glass":64,"minecraft:gray_stained_glass":128,"minecraft:black_stained_glass_pane":2,"minecraft:light_blue_shulker_box":341,"minecraft:melon":4,"minecraft:grass_block":2782,"minecraft:diamond_block":396,"minecraft:jungle_slab":2,"minecraft:mossy_cobblestone":588,"minecraft:jungle_leaves":187,"minecraft:light_gray_terracotta":503,"minecraft:sugar":169,"minecraft:yellow_carpet":5,"minecraft:light_blue_terracotta":4,"minecraft:slime_block":7,"minecraft:crossbow":8,"minecraft:bone_meal":3108,"minecraft:grass":44,"minecraft:golden_apple":62,"minecraft:spruce_sign":30,"minecraft:emerald":212,"minecraft:netherrack":14911,"minecraft:chorus_fruit":61,"minecraft:oak_leaves":1261,"minecraft:azure_bluet":25,"minecraft:splash_potion":27,"minecraft:ladder":1495,"minecraft:brown_mushroom":759,"minecraft:packed_ice":803,"minecraft:pink_wool":2,"minecraft:shield":1,"minecraft:brick":691,"minecraft:orange_stained_glass":112,"minecraft:oak_trapdoor":1359,"minecraft:mycelium":18,"minecraft:magenta_wool":1,"minecraft:blue_orchid":12,"minecraft:lime_wool":314,"minecraft:end_stone":1285,"minecraft:note_block":23,"minecraft:cookie":452,"minecraft:brown_concrete_powder":2,"minecraft:trident":21,"minecraft:light_blue_bed":4,"minecraft:light_gray_stained_glass_pane":398,"minecraft:stone_pressure_plate":192,"minecraft:tube_coral":8,"minecraft:red_shulker_box":590,"minecraft:pumpkin_pie":132,"minecraft:nether_bricks":828,"minecraft:pink_tulip":185,"minecraft:glistering_melon_slice":12,"minecraft:black_banner":31,"minecraft:brick_stairs":60,"minecraft:skeleton_skull":1,"minecraft:jungle_boat":2,"minecraft:purple_dye":61,"minecraft:prismarine_slab":25,"minecraft:golden_carrot":2857,"minecraft:leather":240,"minecraft:ice":65,"minecraft:chainmail_chestplate":9,"minecraft:cobblestone_wall":433,"minecraft:gunpowder":2228,"minecraft:orange_terracotta":15,"minecraft:cooked_mutton":34,"minecraft:red_carpet":314,"minecraft:gray_carpet":125,"minecraft:iron_ingot":10282,"minecraft:cooked_chicken":1151,"minecraft:prismarine_brick_slab":39,"minecraft:nether_quartz_ore":4228,"minecraft:emerald_block":62,"minecraft:stone_brick_slab":1936,"minecraft:quartz":5897,"minecraft:dandelion":122,"minecraft:lava_bucket":6,"minecraft:green_stained_glass":64,"minecraft:spruce_door":426,"minecraft:brick_slab":63,"minecraft:light_blue_concrete_powder":615,"minecraft:pumpkin_seeds":2747,"minecraft:white_concrete_powder":13010,"minecraft:gray_banner":13,"minecraft:chainmail_leggings":15,"minecraft:terracotta":647,"minecraft:damaged_anvil":10,"minecraft:birch_door":7,"minecraft:seagrass":15,"minecraft:iron_chestplate":12,"minecraft:chainmail_boots":20,"minecraft:flower_pot":43,"minecraft:anvil":28,"minecraft:prismarine_shard":6092,"minecraft:brown_bed":10,"minecraft:diamond_sword":75,"minecraft:oak_stairs":299,"minecraft:birch_button":895,"minecraft:brewing_stand":88,"minecraft:golden_sword":3,"minecraft:dark_oak_trapdoor":226,"minecraft:beetroot":3,"minecraft:orange_concrete_powder":2,"minecraft:gold_nugget":112,"minecraft:black_glazed_terracotta":55,"minecraft:spruce_planks":3365,"minecraft:acacia_fence_gate":2,"minecraft:written_book":219,"minecraft:melon_slice":1306,"minecraft:coal_block":52,"minecraft:golden_helmet":22,"minecraft:white_glazed_terracotta":1,"minecraft:music_disc_blocks":1,"minecraft:magenta_concrete_powder":3,"minecraft:pink_carpet":1,"minecraft:gray_stained_glass_pane":160,"minecraft:light_blue_wool":270,"minecraft:tropical_fish":10,"minecraft:iron_block":420,"minecraft:cyan_terracotta":1297,"minecraft:birch_log":111,"minecraft:magma_block":1233,"minecraft:polished_diorite_slab":6,"minecraft:iron_door":7,"minecraft:birch_slab":3,"minecraft:jungle_log":318,"minecraft:acacia_leaves":592,"minecraft:green_concrete_powder":4,"minecraft:map":2,"minecraft:gray_concrete":545,"minecraft:light_gray_concrete_powder":2822,"minecraft:chipped_anvil":10,"minecraft:gray_terracotta":11,"minecraft:glowstone_dust":535,"minecraft:dropper":230,"minecraft:ink_sac":492,"minecraft:loom":3,"minecraft:fermented_spider_eye":32,"minecraft:trapped_chest":16,"minecraft:dark_oak_log":751,"minecraft:red_terracotta":580,"minecraft:stripped_acacia_log":47,"minecraft:dispenser":321,"minecraft:black_concrete_powder":6027,"minecraft:green_concrete":79,"minecraft:writable_book":63,"minecraft:dead_brain_coral_block":454,"minecraft:blue_ice":15,"minecraft:chainmail_helmet":11,"minecraft:bread":68,"minecraft:dark_oak_fence":97,"minecraft:bricks":691,"minecraft:spruce_leaves":468,"minecraft:lime_stained_glass_pane":127,"minecraft:crafting_table":455,"minecraft:coarse_dirt":384,"minecraft:bubble_coral_fan":241,"minecraft:sandstone_slab":64,"minecraft:purple_wool":1,"minecraft:nether_wart":1066,"minecraft:conduit":30,"minecraft:dead_horn_coral_block":21,"minecraft:red_bed":3,"minecraft:snow":34,"minecraft:compass":2,"minecraft:cracked_stone_bricks":882,"minecraft:cartography_table":1,"minecraft:beef":508,"minecraft:cyan_wool":256,"minecraft:iron_nugget":60,"minecraft:quartz_stairs":480,"minecraft:chest":3300,"minecraft:egg":896,"minecraft:sandstone":2277,"minecraft:oak_door":113,"minecraft:spruce_fence":863,"minecraft:cake":30,"minecraft:carrot":5086,"minecraft:redstone":8709,"minecraft:mushroom_stem":124,"minecraft:prismarine_crystals":2877,"minecraft:blue_carpet":67,"minecraft:tnt":94,"minecraft:cooked_cod":741,"minecraft:beetroot_seeds":12,"minecraft:tube_coral_fan":84,"minecraft:shears":64,"minecraft:diamond_boots":52,"minecraft:sandstone_stairs":47,"minecraft:tube_coral_block":111,"minecraft:gold_ingot":780,"minecraft:white_shulker_box":74,"minecraft:lime_concrete_powder":2,"minecraft:white_wool":563,"minecraft:lapis_ore":2599,"minecraft:stripped_oak_log":354,"minecraft:red_mushroom":480,"minecraft:filled_map":59,"minecraft:brown_concrete":471,"minecraft:oak_log":4356,"minecraft:golden_boots":32,"minecraft:white_banner":33,"minecraft:stone_bricks":34885,"minecraft:kelp":13230,"minecraft:cobweb":772,"minecraft:glass_bottle":56,"minecraft:iron_sword":12,"minecraft:prismarine_brick_stairs":88,"minecraft:white_stained_glass_pane":429,"minecraft:daylight_detector":4,"minecraft:yellow_concrete":344,"minecraft:light_blue_glazed_terracotta":3,"minecraft:gravel":21520,"minecraft:dead_fire_coral_block":6,"minecraft:spruce_sapling":305,"minecraft:spruce_log":4667,"minecraft:sea_lantern":1106,"minecraft:firework_rocket":4524,"minecraft:red_stained_glass":1965,"minecraft:purple_glazed_terracotta":1,"minecraft:polished_diorite":37,"minecraft:stone_axe":1,"minecraft:light_blue_carpet":272,"minecraft:redstone_ore":19510,"minecraft:diamond_axe":60,"minecraft:gray_wool":212,"minecraft:oak_button":31,"minecraft:melon_seeds":36,"minecraft:stripped_dark_oak_log":124,"minecraft:pink_dye":91,"minecraft:ender_pearl":351,"minecraft:shulker_shell":184,"minecraft:music_disc_strad":3,"minecraft:wheat":1674,"minecraft:redstone_block":323,"minecraft:iron_trapdoor":10,"minecraft:light_gray_shulker_box":305,"minecraft:potion":323,"minecraft:brain_coral_block":188,"minecraft:smooth_stone_slab":9238,"minecraft:iron_leggings":20,"minecraft:armor_stand":94,"minecraft:sticky_piston":448,"minecraft:oak_sign":1051,"minecraft:sea_pickle":119,"minecraft:activator_rail":1,"minecraft:black_shulker_box":264,"minecraft:dark_oak_leaves":998,"minecraft:redstone_torch":763,"minecraft:iron_boots":22,"minecraft:furnace":408,"minecraft:stick":2527,"minecraft:brown_terracotta":1381,"minecraft:oak_fence":444,"minecraft:torch":12470,"minecraft:porkchop":224,"minecraft:snow_block":5,"minecraft:light_gray_banner":32,"minecraft:blue_stained_glass":112,"minecraft:green_banner":4,"minecraft:quartz_block":1036,"minecraft:cactus":512,"minecraft:fire_coral_fan":81,"minecraft:cod":4247,"minecraft:nautilus_shell":20,"minecraft:magma_cream":61,"minecraft:chiseled_quartz_block":28,"minecraft:magenta_dye":101,"minecraft:light_gray_dye":262,"minecraft:horn_coral":6,"minecraft:wither_skeleton_skull":12,"minecraft:green_shulker_box":6,"minecraft:lapis_lazuli":2379,"minecraft:polished_granite":35,"minecraft:leather_boots":46,"minecraft:light_blue_dye":222,"minecraft:powered_rail":197,"minecraft:oak_planks":3080,"minecraft:stone_hoe":22,"minecraft:brain_coral":6,"minecraft:lime_glazed_terracotta":1,"minecraft:ghast_tear":145,"minecraft:pink_stained_glass":128,"minecraft:pink_concrete":373,"minecraft:cooked_porkchop":227,"minecraft:music_disc_13":2,"minecraft:oak_pressure_plate":15,"minecraft:poisonous_potato":31,"minecraft:jungle_planks":71,"minecraft:sand":40250,"minecraft:cyan_bed":1,"minecraft:chiseled_sandstone":5,"minecraft:shulker_box":2218,"minecraft:dark_prismarine":108,"minecraft:light_gray_concrete":1130,"minecraft:spruce_fence_gate":20,"minecraft:clay":21,"minecraft:diamond":10800,"minecraft:spruce_boat":23,"minecraft:black_concrete":5793,"minecraft:white_concrete":4540,"minecraft:chiseled_red_sandstone":1,"minecraft:oak_sapling":1080,"minecraft:bubble_coral_block":75,"minecraft:nether_star":8,"minecraft:end_stone_bricks":71,"minecraft:fishing_rod":2,"minecraft:cocoa_beans":377,"minecraft:allium":45,"minecraft:chicken":156,"minecraft:turtle_helmet":3,"minecraft:wooden_pickaxe":3,"minecraft:gold_block":1891,"minecraft:diamond_horse_armor":1,"minecraft:dragon_breath":63,"minecraft:iron_axe":6,"minecraft:orange_concrete":53,"minecraft:item_frame":359,"minecraft:quartz_slab":951,"minecraft:detector_rail":9,"minecraft:oak_boat":164,"minecraft:player_head":676,"minecraft:observer":447,"minecraft:light_gray_wool":278,"minecraft:blue_shulker_box":131,"minecraft:sugar_cane":4605,"minecraft:spruce_trapdoor":371,"minecraft:phantom_membrane":63,"minecraft:dark_oak_sapling":16,"minecraft:orange_dye":361,"minecraft:bowl":239,"minecraft:gray_dye":144,"minecraft:quartz_pillar":506,"minecraft:stone_button":359,"minecraft:iron_horse_armor":1,"minecraft:dark_oak_planks":2604,"minecraft:arrow":4565,"minecraft:light_blue_stained_glass_pane":16,"minecraft:jungle_stairs":1,"minecraft:pink_glazed_terracotta":1,"minecraft:saddle":6,"minecraft:lime_stained_glass":244,"minecraft:wet_sponge":1347,"minecraft:salmon":107,"minecraft:cut_sandstone":48,"minecraft:carrot_on_a_stick":2,"minecraft:birch_planks":377,"minecraft:yellow_glazed_terracotta":1,"minecraft:cobblestone_stairs":671,"minecraft:podzol":10,"minecraft:smooth_sandstone":2489,"minecraft:red_sandstone":1,"minecraft:fire_coral_block":170,"minecraft:heart_of_the_sea":2,"minecraft:acacia_sapling":17,"minecraft:soul_sand":2008,"minecraft:purple_concrete":33,"minecraft:green_dye":2035,"minecraft:book":733,"minecraft:scaffolding":232,"minecraft:oak_slab":607,"minecraft:red_concrete_powder":721,"minecraft:birch_boat":24,"minecraft:pumpkin":1198,"minecraft:chiseled_stone_bricks":4,"minecraft:brain_coral_fan":1,"minecraft:white_bed":100,"minecraft:gold_ore":5821,"minecraft:dark_oak_fence_gate":105,"minecraft:spider_eye":1268,"minecraft:lime_banner":2,"minecraft:lime_dye":32,"minecraft:dried_kelp_block":1632,"minecraft:dead_bubble_coral_block":35,"minecraft:iron_helmet":11,"minecraft:magenta_concrete":22,"minecraft:black_wool":63,"minecraft:red_concrete":1530,"minecraft:coal":14577},"minecraft:killed_by":{"minecraft:zombie":4,"minecraft:drowned":2,"minecraft:skeleton":10,"minecraft:vindicator":1,"minecraft:guardian":1,"minecraft:creeper":15,"minecraft:cave_spider":1,"minecraft:player":3,"minecraft:enderman":2,"minecraft:iron_golem":2,"minecraft:phantom":4},"minecraft:custom":{"minecraft:interact_with_crafting_table":2888,"minecraft:deaths":79,"minecraft:jump":243128,"minecraft:interact_with_cartography_table":7,"minecraft:inspect_dispenser":182,"minecraft:horse_one_cm":3158028,"minecraft:inspect_dropper":386,"minecraft:inspect_hopper":1640,"minecraft:tune_noteblock":4,"minecraft:time_since_rest":35624,"minecraft:swim_one_cm":15507980,"minecraft:open_chest":45910,"minecraft:open_shulker_box":19516,"minecraft:damage_resisted":1165,"minecraft:play_noteblock":21,"minecraft:talked_to_villager":1729,"minecraft:interact_with_brewingstand":1502,"minecraft:interact_with_beacon":83,"minecraft:fill_cauldron":4,"minecraft:boat_one_cm":23754438,"minecraft:damage_taken":272517,"minecraft:aviate_one_cm":1086980517,"minecraft:open_barrel":84,"minecraft:eat_cake_slice":32,"minecraft:leave_game":1089,"minecraft:time_since_death":49281,"minecraft:enchant_item":377,"minecraft:interact_with_furnace":3263,"minecraft:traded_with_villager":3294,"minecraft:sleep_in_bed":712,"minecraft:damage_dealt":1343911,"minecraft:use_cauldron":1,"minecraft:sneak_time":2263059,"minecraft:interact_with_lectern":30,"minecraft:fly_one_cm":45147368,"minecraft:fall_one_cm":5506403,"minecraft:fish_caught":3,"minecraft:animals_bred":375,"minecraft:sprint_one_cm":75256795,"minecraft:drop":7439,"minecraft:walk_on_water_one_cm":12305248,"minecraft:play_one_minute":57595715,"minecraft:interact_with_loom":5,"minecraft:open_enderchest":3812,"minecraft:player_kills":1,"minecraft:crouch_one_cm":7370177,"minecraft:mob_kills":90568,"minecraft:climb_one_cm":5319922,"minecraft:walk_one_cm":151161818,"minecraft:clean_shulker_box":1,"minecraft:walk_under_water_one_cm":35006083,"minecraft:raid_trigger":5,"minecraft:pot_flower":20,"minecraft:damage_absorbed":130,"minecraft:trigger_trapped_chest":175,"minecraft:minecart_one_cm":832381,"minecraft:pig_one_cm":1139},"minecraft:killed":{"minecraft:cod":21,"minecraft:guardian":5123,"minecraft:elder_guardian":19,"minecraft:salmon":29,"minecraft:iron_golem":24,"minecraft:ender_dragon":2,"minecraft:pillager":64,"minecraft:zombie":1683,"minecraft:evoker":1,"minecraft:zombie_pigman":23,"minecraft:vindicator":13,"minecraft:endermite":2,"minecraft:snow_golem":8,"minecraft:husk":21,"minecraft:ravager":1,"minecraft:witch":25,"minecraft:spider":310,"minecraft:wither":6,"minecraft:silverfish":40,"minecraft:zombie_villager":29,"minecraft:sheep":116,"minecraft:ghast":61,"minecraft:slime":403,"minecraft:drowned":611,"minecraft:squid":50,"minecraft:wither_skeleton":628,"minecraft:villager":28,"minecraft:cave_spider":499,"minecraft:shulker":63,"minecraft:pufferfish":1,"minecraft:skeleton":2471,"minecraft:chicken":57,"minecraft:magma_cube":85,"minecraft:cow":120,"minecraft:horse":3,"minecraft:ocelot":1,"minecraft:enderman":76,"minecraft:turtle":1,"minecraft:wolf":1,"minecraft:pig":100,"minecraft:creeper":832,"minecraft:stray":1,"minecraft:blaze":31,"minecraft:phantom":74,"minecraft:bat":46},"minecraft:crafted":{"minecraft:black_dye":161,"minecraft:oak_sign":465,"minecraft:melon":9,"minecraft:blaze_powder":1140,"minecraft:birch_boat":3,"minecraft:diamond_shovel":35,"minecraft:gray_wool":8,"minecraft:cracked_stone_bricks":1,"minecraft:shulker_box":58,"minecraft:diamond_helmet":15,"minecraft:magenta_concrete_powder":16,"minecraft:beacon":8,"minecraft:light_blue_concrete_powder":752,"minecraft:stone_pressure_plate":757,"minecraft:tipped_arrow":880,"minecraft:iron_door":3,"minecraft:gray_stained_glass_pane":160,"minecraft:dried_kelp_block":483,"minecraft:black_wool":172,"minecraft:gray_stained_glass":64,"minecraft:white_shulker_box":4,"minecraft:name_tag":7,"minecraft:lime_concrete_powder":216,"minecraft:redstone_lamp":251,"minecraft:end_rod":40,"minecraft:jungle_boat":2,"minecraft:chest_minecart":5,"minecraft:lime_banner":4,"minecraft:mossy_cobblestone":173,"minecraft:brown_bed":1,"minecraft:sticky_piston":173,"minecraft:painting":25,"minecraft:cartography_table":1,"minecraft:stone_brick_stairs":2032,"minecraft:wooden_hoe":2,"minecraft:golden_leggings":3,"minecraft:stone_slab":12,"minecraft:iron_pickaxe":30,"minecraft:sandstone":1521,"minecraft:golden_carrot":705,"minecraft:orange_shulker_box":1,"minecraft:iron_nugget":47,"minecraft:diamond_hoe":3,"minecraft:brick_stairs":80,"minecraft:acacia_fence_gate":2,"minecraft:light_gray_wool":9,"minecraft:jack_o_lantern":257,"minecraft:blue_shulker_box":3,"minecraft:prismarine_brick_stairs":64,"minecraft:lime_stained_glass_pane":160,"minecraft:spruce_fence":612,"minecraft:terracotta":722,"minecraft:lantern":5,"minecraft:spruce_stairs":1064,"minecraft:light_gray_shulker_box":9,"minecraft:polished_diorite":76,"minecraft:black_concrete_powder":6896,"minecraft:red_shulker_box":9,"minecraft:stone_pickaxe":5,"minecraft:quartz_slab":810,"minecraft:spruce_boat":14,"minecraft:prismarine_slab":72,"minecraft:brick_slab":546,"minecraft:lead":12,"minecraft:enchanting_table":2,"minecraft:light_blue_wool":34,"minecraft:red_carpet":327,"minecraft:enchanted_book":167,"minecraft:orange_dye":406,"minecraft:light_blue_carpet":195,"minecraft:oak_fence_gate":243,"minecraft:red_stained_glass":12064,"minecraft:fermented_spider_eye":42,"minecraft:writable_book":25,"minecraft:iron_shovel":5,"minecraft:armor_stand":39,"minecraft:note_block":3,"minecraft:grindstone":1,"minecraft:cobblestone_slab":1314,"minecraft:barrel":1,"minecraft:cooked_chicken":15,"minecraft:snow":444,"minecraft:stone":519,"minecraft:red_sandstone":21,"minecraft:pink_carpet":30,"minecraft:quartz_pillar":178,"minecraft:brown_carpet":105,"minecraft:cake":12,"minecraft:stone_brick_slab":1852,"minecraft:bow":195,"minecraft:comparator":87,"minecraft:chest":2552,"minecraft:oak_button":335,"minecraft:rail":304,"minecraft:blue_concrete_powder":8,"minecraft:bricks":615,"minecraft:birch_button":6818,"minecraft:ender_eye":27,"minecraft:stone_bricks":41410,"minecraft:oak_fence":705,"minecraft:polished_diorite_slab":6,"minecraft:golden_boots":3,"minecraft:sea_lantern":419,"minecraft:magma_block":1,"minecraft:white_banner":21,"minecraft:dropper":136,"minecraft:arrow":11,"minecraft:cauldron":4,"minecraft:iron_helmet":15,"minecraft:brown_dye":1,"minecraft:red_wool":91,"minecraft:acacia_button":26,"minecraft:white_stained_glass_pane":240,"minecraft:yellow_stained_glass":32,"minecraft:prismarine_brick_slab":42,"minecraft:dispenser":16,"minecraft:tnt":145,"minecraft:spruce_trapdoor":468,"minecraft:purple_dye":32,"minecraft:yellow_dye":57,"minecraft:stick":16484,"minecraft:iron_ingot":18610,"minecraft:light_blue_shulker_box":2,"minecraft:light_blue_stained_glass":10640,"minecraft:lime_carpet":54,"minecraft:dark_oak_fence_gate":22,"minecraft:oak_door":75,"minecraft:fishing_rod":2,"minecraft:tripwire_hook":22,"minecraft:golden_chestplate":3,"minecraft:spruce_button":8,"minecraft:mossy_stone_bricks":53,"minecraft:furnace":290,"minecraft:piston":371,"minecraft:oak_trapdoor":1556,"minecraft:flint_and_steel":3,"minecraft:scaffolding":276,"minecraft:white_concrete_powder":18484,"minecraft:cobblestone_wall":624,"minecraft:brown_shulker_box":1,"minecraft:birch_sign":15,"minecraft:glistering_melon_slice":53,"minecraft:magma_cream":44,"minecraft:light_blue_stained_glass_pane":16,"minecraft:iron_trapdoor":7,"minecraft:purple_shulker_box":1,"minecraft:iron_sword":12,"minecraft:black_banner":27,"minecraft:cooked_salmon":10,"minecraft:acacia_boat":1,"minecraft:jungle_planks":1448,"minecraft:white_dye":1736,"minecraft:brown_concrete_powder":136,"minecraft:black_carpet":1596,"minecraft:anvil":50,"minecraft:prismarine_stairs":120,"minecraft:cut_red_sandstone":4,"minecraft:torch":20976,"minecraft:diamond_chestplate":7,"minecraft:ender_chest":19,"minecraft:jungle_button":72,"minecraft:light_gray_concrete_powder":7000,"minecraft:smooth_stone":8,"minecraft:chiseled_red_sandstone":1,"minecraft:cut_sandstone":4,"minecraft:oak_pressure_plate":4,"minecraft:slime_block":1,"minecraft:loom":1,"minecraft:lever":291,"minecraft:bookshelf":139,"minecraft:cooked_mutton":90,"minecraft:iron_bars":880,"minecraft:red_concrete_powder":1440,"minecraft:magenta_shulker_box":1,"minecraft:quartz_block":1196,"minecraft:glass":1898,"minecraft:repeater":118,"minecraft:diamond_leggings":14,"minecraft:cyan_stained_glass_pane":80,"minecraft:melon_seeds":20,"minecraft:acacia_fence":90,"minecraft:birch_door":3,"minecraft:chiseled_quartz_block":13,"minecraft:magenta_dye":104,"minecraft:flower_pot":18,"minecraft:glass_bottle":771,"minecraft:wooden_shovel":21,"minecraft:emerald":4266,"minecraft:smooth_quartz":12,"minecraft:cooked_porkchop":154,"minecraft:diamond_axe":32,"minecraft:spruce_door":561,"minecraft:clock":2,"minecraft:hay_block":27,"minecraft:campfire":16,"minecraft:knowledge_book":1,"minecraft:lime_shulker_box":4,"minecraft:compass":37,"minecraft:iron_block":1502,"minecraft:gold_ingot":1509,"minecraft:light_gray_dye":1163,"minecraft:spruce_fence_gate":38,"minecraft:yellow_concrete_powder":88,"minecraft:prismarine":11,"minecraft:stone_shovel":36,"minecraft:smooth_stone_slab":18654,"minecraft:leather_leggings":2,"minecraft:player_head":515,"minecraft:bone_meal":10658,"minecraft:pink_dye":124,"minecraft:white_carpet":417,"minecraft:diamond":14538,"minecraft:dark_oak_fence":198,"minecraft:detector_rail":12,"minecraft:ladder":903,"minecraft:spruce_slab":870,"minecraft:diamond_boots":16,"minecraft:redstone_block":670,"minecraft:jungle_fence":474,"minecraft:dark_oak_planks":2756,"minecraft:golden_helmet":2,"minecraft:wheat":27,"minecraft:coal_block":472,"minecraft:daylight_detector":1,"minecraft:red_sandstone_slab":6,"minecraft:gray_concrete_powder":200,"minecraft:polished_granite":8,"minecraft:sandstone_slab":6894,"minecraft:conduit":1,"minecraft:glowstone":72,"minecraft:white_stained_glass":13960,"minecraft:gray_shulker_box":1,"minecraft:cyan_shulker_box":2,"minecraft:oak_stairs":88,"minecraft:wooden_axe":3,"minecraft:iron_leggings":17,"minecraft:white_bed":21,"minecraft:blue_carpet":20703,"minecraft:brick":445,"minecraft:oak_planks":19804,"minecraft:dark_oak_boat":2,"minecraft:pink_shulker_box":1,"minecraft:cobblestone_stairs":672,"minecraft:spruce_pressure_plate":3,"minecraft:suspicious_stew":247,"minecraft:green_dye":14867,"minecraft:hopper":831,"minecraft:iron_boots":16,"minecraft:cyan_terracotta":2768,"minecraft:yellow_banner":6,"minecraft:stone_hoe":16,"minecraft:smooth_red_sandstone":2,"minecraft:quartz_stairs":488,"minecraft:oak_slab":186,"minecraft:item_frame":255,"minecraft:map":25,"minecraft:crafting_table":168,"minecraft:spruce_planks":21092,"minecraft:wooden_pickaxe":3,"minecraft:gold_block":166,"minecraft:hopper_minecart":62,"minecraft:brewing_stand":72,"minecraft:birch_planks":10728,"minecraft:pumpkin_seeds":100,"minecraft:black_shulker_box":24,"minecraft:emerald_block":235,"minecraft:iron_chestplate":17,"minecraft:book":134,"minecraft:paper":72536,"minecraft:diamond_pickaxe":62,"minecraft:charcoal":97,"minecraft:shield":2,"minecraft:light_blue_dye":1675,"minecraft:stone_sword":14,"minecraft:snow_block":385,"minecraft:green_shulker_box":6,"minecraft:redstone_torch":641,"minecraft:gray_carpet":117,"minecraft:light_gray_carpet":429,"minecraft:sponge":1055,"minecraft:shears":90,"minecraft:light_gray_stained_glass_pane":208,"minecraft:sandstone_stairs":40,"minecraft:polished_andesite":344,"minecraft:coarse_dirt":320,"minecraft:cookie":256,"minecraft:redstone":5054,"minecraft:coal":2826,"minecraft:light_gray_stained_glass":336,"minecraft:popped_chorus_fruit":17,"minecraft:stone_button":268,"minecraft:dark_oak_trapdoor":104,"minecraft:gray_dye":402,"minecraft:dark_oak_sign":3,"minecraft:diamond_block":2353,"minecraft:glass_pane":1088,"minecraft:yellow_shulker_box":10,"minecraft:green_concrete_powder":248,"minecraft:iron_axe":6,"minecraft:iron_hoe":4,"minecraft:slime_ball":9,"minecraft:orange_concrete_powder":40,"minecraft:lime_dye":84,"minecraft:filled_map":14,"minecraft:chiseled_sandstone":1,"minecraft:observer":332,"minecraft:minecart":90,"minecraft:cooked_beef":237,"minecraft:sugar":241,"minecraft:red_dye":2430,"minecraft:cyan_concrete_powder":704,"minecraft:bone_block":120,"minecraft:diamond_sword":24,"minecraft:cyan_dye":514,"minecraft:spruce_sign":102,"minecraft:dark_oak_stairs":24,"minecraft:pink_concrete_powder":136,"minecraft:powered_rail":132,"minecraft:activator_rail":36,"minecraft:yellow_carpet":3,"minecraft:smooth_sandstone":3432,"minecraft:bowl":600,"minecraft:bucket":70,"minecraft:stone_axe":2,"minecraft:air":0,"minecraft:bread":47,"minecraft:blue_dye":595,"minecraft:black_stained_glass":256,"minecraft:oak_boat":37,"minecraft:white_wool":183,"minecraft:gold_nugget":6375,"minecraft:brown_wool":9,"minecraft:green_wool":2,"minecraft:pumpkin_pie":48,"minecraft:acacia_planks":740,"minecraft:end_crystal":8,"minecraft:purple_concrete_powder":24,"minecraft:lapis_lazuli":1810,"minecraft:lapis_block":194,"minecraft:clay":7,"minecraft:trapped_chest":10,"minecraft:firework_rocket":3027}},"DataVersion":1976}