{"stats":{"minecraft:used":{"minecraft:writable_book":456,"minecraft:jack_o_lantern":294,"minecraft:smooth_quartz_slab":174,"minecraft:red_sandstone_slab":1,"minecraft:dispenser":376,"minecraft:poppy":3,"minecraft:black_carpet":415,"minecraft:stone":52997,"minecraft:quartz_stairs":1091,"minecraft:rotten_flesh":3,"minecraft:tube_coral":3,"minecraft:soul_sand":2352,"minecraft:cocoa_beans":317,"minecraft:snowball":70,"minecraft:azure_bluet":4,"minecraft:spruce_boat":292,"minecraft:jungle_sapling":14,"minecraft:packed_ice":28730,"minecraft:quartz_pillar":551,"minecraft:lava_bucket":120,"minecraft:red_wool":335,"minecraft:lime_banner":3,"minecraft:jungle_fence_gate":2,"minecraft:music_disc_ward":5,"minecraft:quartz_block":1323,"minecraft:dark_oak_leaves":297,"minecraft:dark_oak_slab":718,"minecraft:diorite_wall":3,"minecraft:cooked_cod":1098,"minecraft:bow":7639,"minecraft:acacia_fence":2,"minecraft:oak_sapling":1569,"minecraft:dark_prismarine_stairs":41,"minecraft:green_stained_glass_pane":4,"minecraft:lime_glazed_terracotta":4,"minecraft:mossy_stone_bricks":102,"minecraft:damaged_anvil":9,"minecraft:chorus_fruit":3,"minecraft:prismarine":4219,"minecraft:clay":230,"minecraft:cactus":129,"minecraft:black_glazed_terracotta":402,"minecraft:wooden_pickaxe":111,"minecraft:composter":28,"minecraft:jungle_boat":44,"minecraft:golden_apple":9,"minecraft:blast_furnace":115,"minecraft:acacia_leaves":745,"minecraft:chiseled_quartz_block":123,"minecraft:gray_concrete":24364,"minecraft:purple_concrete_powder":62,"minecraft:birch_fence":166,"minecraft:birch_slab":657,"minecraft:gray_stained_glass_pane":8577,"minecraft:oak_pressure_plate":7,"minecraft:coal_block":1170,"minecraft:nether_wart_block":203,"minecraft:diamond_sword":46536,"minecraft:smithing_table":49,"minecraft:birch_log":1950,"minecraft:oak_boat":160,"minecraft:purple_wool":37,"minecraft:diorite_slab":12,"minecraft:diorite_stairs":11,"minecraft:oak_trapdoor":1340,"minecraft:dead_tube_coral_block":4,"minecraft:enchanting_table":4,"minecraft:orange_concrete":717,"minecraft:dead_bush":33,"minecraft:carved_pumpkin":83,"minecraft:armor_stand":204,"minecraft:light_gray_carpet":797,"minecraft:cooked_salmon":313,"minecraft:torch":24829,"minecraft:orange_stained_glass":18,"minecraft:brewing_stand":49,"minecraft:nether_quartz_ore":633,"minecraft:cod_bucket":4,"minecraft:light_gray_glazed_terracotta":111,"minecraft:yellow_carpet":751,"minecraft:oak_fence_gate":28,"minecraft:fern":4,"minecraft:music_disc_mellohi":3,"minecraft:sea_lantern":3988,"minecraft:chipped_anvil":24,"minecraft:iron_block":10161,"minecraft:light_weighted_pressure_plate":43,"minecraft:jungle_log":268,"minecraft:barrel":341,"minecraft:bamboo":133,"minecraft:lime_concrete":754,"minecraft:magenta_terracotta":5,"minecraft:podzol":2,"minecraft:acacia_planks":189,"minecraft:horn_coral_fan":30,"minecraft:wheat_seeds":409,"minecraft:light_blue_shulker_box":653,"minecraft:tube_coral_block":19,"minecraft:birch_planks":490,"minecraft:blue_concrete_powder":258,"minecraft:spruce_fence_gate":928,"minecraft:cauldron":77,"minecraft:gold_ore":1,"minecraft:conduit":7,"minecraft:diamond_block":753,"minecraft:red_bed":57,"minecraft:rail":8941,"minecraft:cyan_glazed_terracotta":41,"minecraft:white_bed":66,"minecraft:campfire":89,"minecraft:mushroom_stem":76,"minecraft:spruce_log":219,"minecraft:music_disc_strad":2,"minecraft:acacia_sign":7,"minecraft:blue_stained_glass_pane":50,"minecraft:diamond_shovel":358349,"minecraft:diamond_pickaxe":1011836,"minecraft:oak_button":74,"minecraft:suspicious_stew":6,"minecraft:tnt_minecart":11,"minecraft:spruce_pressure_plate":29,"minecraft:magenta_concrete_powder":455,"minecraft:spruce_trapdoor":1044,"minecraft:blue_carpet":109,"minecraft:pink_bed":11,"minecraft:spruce_sapling":159,"minecraft:green_carpet":48,"minecraft:potion":53,"minecraft:cooked_porkchop":95,"minecraft:andesite_stairs":86,"minecraft:stripped_oak_log":209,"minecraft:dandelion":5,"minecraft:green_stained_glass":1,"minecraft:blue_terracotta":185,"minecraft:red_sand":1,"minecraft:light_gray_stained_glass_pane":845,"minecraft:melon":53,"minecraft:bone_block":1021,"minecraft:nether_wart":51,"minecraft:grass":3,"minecraft:bubble_coral":1,"minecraft:mossy_stone_brick_slab":7,"minecraft:green_terracotta":29,"minecraft:spruce_leaves":336,"minecraft:mutton":2,"minecraft:jungle_planks":450,"minecraft:pink_terracotta":12,"minecraft:obsidian":658,"minecraft:bricks":126,"minecraft:spruce_wood":1,"minecraft:lantern":88,"minecraft:green_wool":12,"minecraft:light_blue_bed":26,"minecraft:mossy_cobblestone_slab":1,"minecraft:item_frame":535,"minecraft:birch_button":101,"minecraft:birch_trapdoor":20,"minecraft:horn_coral":8,"minecraft:jungle_button":13,"minecraft:written_book":1288,"minecraft:blue_shulker_box":108,"minecraft:gold_block":424,"minecraft:pink_concrete_powder":56,"minecraft:dark_oak_sapling":13,"minecraft:tube_coral_fan":2,"minecraft:end_rod":2069,"minecraft:dropper":1555,"minecraft:wither_skeleton_skull":636,"minecraft:gray_carpet":3034,"minecraft:stone_pickaxe":198,"minecraft:jungle_fence":4,"minecraft:oak_planks":364,"minecraft:prismarine_stairs":107,"minecraft:sandstone":6248,"minecraft:sugar_cane":182,"minecraft:diamond_axe":40858,"minecraft:white_wool":77,"minecraft:light_blue_concrete":41,"minecraft:lime_stained_glass_pane":572,"minecraft:light_blue_wool":161,"minecraft:yellow_concrete":1944,"minecraft:crossbow":159,"minecraft:end_stone":1186,"minecraft:sticky_piston":2114,"minecraft:black_terracotta":730,"minecraft:dead_fire_coral_fan":1,"minecraft:lever":394,"minecraft:daylight_detector":14,"minecraft:acacia_door":17,"minecraft:dark_oak_log":1000,"minecraft:bread":163,"minecraft:iron_door":118,"minecraft:light_blue_concrete_powder":223,"minecraft:pufferfish_bucket":58,"minecraft:cooked_rabbit":1,"minecraft:coarse_dirt":3568,"minecraft:smooth_stone_slab":19262,"minecraft:mossy_cobblestone_wall":8,"minecraft:bone_meal":3112,"minecraft:dried_kelp":5,"minecraft:orange_concrete_powder":1116,"minecraft:white_tulip":1,"minecraft:flint_and_steel":2268,"minecraft:rose_bush":5,"minecraft:redstone":12567,"minecraft:ender_chest":1497,"minecraft:brown_shulker_box":589,"minecraft:stripped_birch_wood":50,"minecraft:stone_hoe":228,"minecraft:cooked_chicken":285,"minecraft:dirt":25583,"minecraft:prismarine_bricks":1378,"minecraft:spruce_fence":1434,"minecraft:iron_hoe":1022,"minecraft:wooden_axe":28,"minecraft:brown_terracotta":335,"minecraft:light_gray_stained_glass":5030,"minecraft:oak_stairs":70,"minecraft:smooth_sandstone":14502,"minecraft:yellow_concrete_powder":11797,"minecraft:black_stained_glass":216,"minecraft:dark_oak_pressure_plate":52,"minecraft:lime_stained_glass":2179,"minecraft:minecart":292,"minecraft:cyan_concrete_powder":425,"minecraft:dead_bubble_coral_block":7,"minecraft:cooked_beef":108,"minecraft:pumpkin":800,"minecraft:turtle_egg":3,"minecraft:orange_stained_glass_pane":4,"minecraft:pink_glazed_terracotta":14,"minecraft:cobblestone_stairs":754,"minecraft:snow_block":2640,"minecraft:baked_potato":769,"minecraft:red_nether_bricks":8,"minecraft:birch_boat":105,"minecraft:brown_mushroom":2,"minecraft:cut_sandstone":789,"minecraft:spruce_sign":499,"minecraft:green_bed":4,"minecraft:music_disc_cat":1,"minecraft:dark_prismarine_slab":26,"minecraft:red_mushroom":3,"minecraft:magenta_carpet":171,"minecraft:cyan_stained_glass":10861,"minecraft:piston":868,"minecraft:wooden_hoe":20,"minecraft:gray_terracotta":38,"minecraft:flower_pot":38,"minecraft:black_wool":193,"minecraft:lapis_ore":78,"minecraft:stone_slab":754,"minecraft:detector_rail":146,"minecraft:magenta_concrete":59,"minecraft:yellow_wool":332,"minecraft:stone_axe":253,"minecraft:magenta_banner":9,"minecraft:fire_coral_block":73,"minecraft:cyan_stained_glass_pane":35,"minecraft:pink_shulker_box":44,"minecraft:pumpkin_pie":242,"minecraft:wither_rose":451,"minecraft:sea_pickle":185,"minecraft:gray_wool":674,"minecraft:birch_stairs":90,"minecraft:peony":1,"minecraft:music_disc_far":2,"minecraft:nether_brick_fence":55,"minecraft:dead_horn_coral_block":17,"minecraft:spruce_slab":2563,"minecraft:ladder":731,"minecraft:green_banner":1,"minecraft:chest":3665,"minecraft:brown_concrete":5,"minecraft:white_shulker_box":838,"minecraft:acacia_button":1,"minecraft:stripped_spruce_log":27,"minecraft:acacia_sapling":104,"minecraft:orange_wool":141,"minecraft:blue_stained_glass":1861,"minecraft:allium":3,"minecraft:jungle_slab":214,"minecraft:black_stained_glass_pane":5,"minecraft:grass_block":10660,"minecraft:birch_sapling":267,"minecraft:polished_andesite_stairs":254,"minecraft:orange_shulker_box":274,"minecraft:wet_sponge":3,"minecraft:music_disc_chirp":1,"minecraft:music_disc_wait":1,"minecraft:dark_oak_button":5,"minecraft:pink_wool":61,"minecraft:stone_brick_stairs":1504,"minecraft:music_disc_stal":1,"minecraft:snow":4116,"minecraft:red_stained_glass_pane":183,"minecraft:dark_oak_boat":53,"minecraft:sweet_berries":36,"minecraft:furnace":738,"minecraft:egg":400,"minecraft:potato":497,"minecraft:dragon_head":5,"minecraft:emerald_ore":12,"minecraft:seagrass":66,"minecraft:spruce_door":63,"minecraft:brown_concrete_powder":544,"minecraft:magenta_shulker_box":160,"minecraft:stripped_birch_log":304,"minecraft:light_blue_carpet":113,"minecraft:brick_wall":20,"minecraft:diorite":1086,"minecraft:red_stained_glass":380,"minecraft:acacia_trapdoor":7,"minecraft:end_stone_bricks":558,"minecraft:powered_rail":5319,"minecraft:orange_tulip":3,"minecraft:lime_concrete_powder":1428,"minecraft:purpur_pillar":19,"minecraft:oak_leaves":1618,"minecraft:smooth_quartz_stairs":58,"minecraft:cookie":42,"minecraft:dark_oak_trapdoor":602,"minecraft:sand":40307,"minecraft:purpur_stairs":7,"minecraft:blue_ice":3433,"minecraft:black_concrete_powder":2629,"minecraft:pumpkin_seeds":71,"minecraft:chiseled_sandstone":20,"minecraft:stone_button":49490,"minecraft:cyan_carpet":239,"minecraft:red_terracotta":2611,"minecraft:diamond_ore":412,"minecraft:lectern":1547,"minecraft:polished_granite":545,"minecraft:lilac":1,"minecraft:polished_andesite_slab":81,"minecraft:magenta_stained_glass_pane":41,"minecraft:dark_oak_fence":604,"minecraft:white_stained_glass":16420,"minecraft:bubble_coral_block":33,"minecraft:green_concrete_powder":1175,"minecraft:pink_stained_glass":207,"minecraft:ice":26961,"minecraft:gray_stained_glass":8068,"minecraft:iron_bars":728,"minecraft:acacia_log":2010,"minecraft:stone_sword":153,"minecraft:brain_coral_fan":1,"minecraft:red_concrete":104,"minecraft:mycelium":2613,"minecraft:netherrack":10250,"minecraft:green_glazed_terracotta":49,"minecraft:orange_bed":26,"minecraft:light_gray_shulker_box":520,"minecraft:anvil":182,"minecraft:chorus_flower":51,"minecraft:stone_stairs":230,"minecraft:blue_concrete":120,"minecraft:nether_brick_slab":319,"minecraft:dead_brain_coral_block":23,"minecraft:jungle_trapdoor":29,"minecraft:nether_brick_stairs":93,"minecraft:polished_diorite":582,"minecraft:red_shulker_box":1171,"minecraft:cyan_shulker_box":401,"minecraft:spruce_button":91,"minecraft:iron_axe":1486,"minecraft:brick_stairs":17,"minecraft:slime_block":7647,"minecraft:smooth_quartz":45,"minecraft:totem_of_undying":5,"minecraft:pink_stained_glass_pane":18,"minecraft:prismarine_slab":315,"minecraft:melon_seeds":42,"minecraft:tripwire_hook":34,"minecraft:purple_concrete":3,"minecraft:glowstone":685,"minecraft:beef":5,"minecraft:gray_glazed_terracotta":22,"minecraft:iron_trapdoor":427,"minecraft:magenta_wool":111,"minecraft:acacia_wood":280,"minecraft:observer":3800,"minecraft:orange_terracotta":37,"minecraft:water_bucket":2523,"minecraft:yellow_banner":34,"minecraft:light_blue_glazed_terracotta":1,"minecraft:sandstone_stairs":1639,"minecraft:prismarine_brick_slab":402,"minecraft:yellow_shulker_box":1382,"minecraft:smooth_sandstone_slab":3868,"minecraft:cartography_table":2,"minecraft:lime_wool":411,"minecraft:red_mushroom_block":106,"minecraft:pink_concrete":23,"minecraft:salmon":6,"minecraft:orange_carpet":20,"minecraft:cracked_stone_bricks":562,"minecraft:lime_terracotta":1649,"minecraft:comparator":2222,"minecraft:vine":36,"minecraft:mossy_cobblestone":151,"minecraft:tnt":122,"minecraft:crafting_table":830,"minecraft:oak_slab":787,"minecraft:birch_sign":292,"minecraft:fire_coral":3,"minecraft:cod":61,"minecraft:lime_shulker_box":270,"minecraft:cake":54,"minecraft:oak_log":4847,"minecraft:dark_prismarine":343,"minecraft:ender_eye":18,"minecraft:cornflower":2,"minecraft:sunflower":7,"minecraft:iron_pickaxe":712,"minecraft:cyan_concrete":282,"minecraft:purpur_slab":20,"minecraft:music_disc_blocks":3,"minecraft:chiseled_stone_bricks":31,"minecraft:cobblestone":10158,"minecraft:red_concrete_powder":286,"minecraft:acacia_pressure_plate":2,"minecraft:sandstone_slab":2620,"minecraft:glass_pane":188,"minecraft:brown_mushroom_block":284,"minecraft:jukebox":10,"minecraft:kelp":5646,"minecraft:light_blue_stained_glass_pane":236,"minecraft:iron_shovel":507,"minecraft:dead_tube_coral_fan":34,"minecraft:oak_sign":2337,"minecraft:white_concrete_powder":38701,"minecraft:white_terracotta":657,"minecraft:iron_sword":131,"minecraft:purple_shulker_box":18,"minecraft:bell":1,"minecraft:player_head":313,"minecraft:smooth_sandstone_stairs":4867,"minecraft:birch_pressure_plate":7,"minecraft:nether_bricks":1974,"minecraft:carrot":838,"minecraft:music_disc_11":1,"minecraft:cyan_wool":80,"minecraft:milk_bucket":51,"minecraft:glass":11719,"minecraft:cyan_terracotta":35388,"minecraft:coal_ore":516,"minecraft:quartz_slab":6379,"minecraft:dark_oak_wood":6,"minecraft:gray_concrete_powder":25981,"minecraft:hopper_minecart":181,"minecraft:stone_bricks":27298,"minecraft:repeater":4054,"minecraft:red_carpet":250,"minecraft:redstone_lamp":1175,"minecraft:magma_block":4671,"minecraft:brown_carpet":119,"minecraft:hay_block":22,"minecraft:scaffolding":1803,"minecraft:gray_bed":53,"minecraft:fire_coral_fan":33,"minecraft:dark_oak_stairs":163,"minecraft:birch_leaves":445,"minecraft:dark_oak_sign":16,"minecraft:birch_wood":281,"minecraft:ender_pearl":1489,"minecraft:redstone_block":1355,"minecraft:yellow_terracotta":527,"minecraft:black_banner":6,"minecraft:light_gray_terracotta":1,"minecraft:loom":3,"minecraft:gray_shulker_box":383,"minecraft:sponge":2654,"minecraft:black_bed":7,"minecraft:note_block":535,"minecraft:firework_rocket":574,"minecraft:stone_brick_wall":632,"minecraft:string":1746,"minecraft:shears":8282,"minecraft:green_concrete":51,"minecraft:redstone_torch":3523,"minecraft:birch_fence_gate":51,"minecraft:music_disc_mall":1,"minecraft:heavy_weighted_pressure_plate":65,"minecraft:black_concrete":3005,"minecraft:lime_carpet":234,"minecraft:light_gray_concrete":7850,"minecraft:gravel":7683,"minecraft:brown_stained_glass":1,"minecraft:oak_fence":429,"minecraft:stripped_oak_wood":37,"minecraft:jungle_sign":3,"minecraft:jungle_leaves":842,"minecraft:purpur_block":265,"minecraft:grindstone":14,"minecraft:white_concrete":30812,"minecraft:experience_bottle":309,"minecraft:andesite":4238,"minecraft:cobweb":280,"minecraft:chest_minecart":79,"minecraft:tropical_fish_bucket":19,"minecraft:trident":370,"minecraft:tropical_fish":10,"minecraft:redstone_ore":200,"minecraft:stone_shovel":266,"minecraft:light_blue_terracotta":7,"minecraft:spruce_planks":2085,"minecraft:wooden_shovel":52,"minecraft:oak_door":59,"minecraft:white_carpet":5271,"minecraft:hopper":6009,"minecraft:spruce_stairs":538,"minecraft:cobblestone_wall":1599,"minecraft:shulker_box":1707,"minecraft:pink_carpet":108,"minecraft:oak_wood":200,"minecraft:granite":1213,"minecraft:salmon_bucket":6,"minecraft:light_blue_stained_glass":1081,"minecraft:purple_banner":2,"minecraft:birch_door":33,"minecraft:andesite_wall":114,"minecraft:purple_stained_glass_pane":3,"minecraft:stone_brick_slab":1138,"minecraft:dark_oak_planks":942,"minecraft:red_tulip":7,"minecraft:bookshelf":3579,"minecraft:yellow_stained_glass":292,"minecraft:acacia_slab":3,"minecraft:light_gray_wool":15,"minecraft:golden_carrot":10201,"minecraft:emerald_block":530,"minecraft:white_stained_glass_pane":977,"minecraft:cyan_banner":1,"minecraft:stone_pressure_plate":641,"minecraft:horn_coral_block":43,"minecraft:brain_coral_block":32,"minecraft:acacia_boat":33,"minecraft:cooked_mutton":58,"minecraft:iron_ore":8,"minecraft:glass_bottle":174,"minecraft:polished_andesite":3327,"minecraft:blue_wool":89,"minecraft:andesite_slab":249,"minecraft:black_shulker_box":661,"minecraft:magenta_stained_glass":367,"minecraft:stonecutter":54,"minecraft:beacon":105,"minecraft:cobblestone_slab":1438,"minecraft:jungle_wood":3,"minecraft:stripped_dark_oak_log":24,"minecraft:terracotta":393,"minecraft:lime_bed":17,"minecraft:dead_fire_coral_block":39,"minecraft:yellow_stained_glass_pane":4,"minecraft:activator_rail":43,"minecraft:light_gray_concrete_powder":17276,"minecraft:painting":8,"minecraft:smoker":15,"minecraft:dark_oak_door":11,"minecraft:purple_stained_glass":205,"minecraft:acacia_stairs":1,"minecraft:apple":4,"minecraft:map":60,"minecraft:acacia_fence_gate":15,"minecraft:fishing_rod":7423,"minecraft:green_shulker_box":145,"minecraft:white_banner":1,"minecraft:jungle_door":1,"minecraft:red_banner":79,"minecraft:bucket":2904,"minecraft:magenta_glazed_terracotta":14,"minecraft:purple_carpet":113,"minecraft:yellow_bed":60,"minecraft:smooth_stone":16197,"minecraft:splash_potion":19},"minecraft:crafted":{"minecraft:lime_stained_glass":2992,"minecraft:red_stained_glass_pane":192,"minecraft:black_dye":3701,"minecraft:yellow_wool":545,"minecraft:chainmail_helmet":11,"minecraft:oak_sign":2213,"minecraft:red_sand":24,"minecraft:melon":39295,"minecraft:blaze_powder":172,"minecraft:birch_boat":23,"minecraft:brick_wall":24,"minecraft:blue_stained_glass_pane":80,"minecraft:diorite_stairs":8,"minecraft:diamond_shovel":44,"minecraft:cracked_stone_bricks":624,"minecraft:gray_wool":388,"minecraft:shulker_box":807,"minecraft:diamond_helmet":3,"minecraft:magenta_concrete_powder":1168,"minecraft:beacon":199,"minecraft:light_blue_concrete_powder":216,"minecraft:stone_pressure_plate":970,"minecraft:iron_door":96,"minecraft:gray_stained_glass_pane":9190,"minecraft:cyan_banner":3,"minecraft:dried_kelp_block":173,"minecraft:white_shulker_box":133,"minecraft:black_wool":139,"minecraft:gray_stained_glass":10280,"minecraft:name_tag":101,"minecraft:lime_concrete_powder":1992,"minecraft:pink_stained_glass":16,"minecraft:blue_stained_glass":2336,"minecraft:redstone_lamp":575,"minecraft:end_rod":256,"minecraft:acacia_slab":138,"minecraft:jungle_boat":7,"minecraft:polished_andesite_stairs":320,"minecraft:chest_minecart":79,"minecraft:jungle_pressure_plate":4,"minecraft:green_bed":1,"minecraft:lime_banner":1,"minecraft:smithing_table":50,"minecraft:mossy_cobblestone":179,"minecraft:nether_brick_fence":108,"minecraft:sticky_piston":1553,"minecraft:fletching_table":1,"minecraft:green_stained_glass":128,"minecraft:cartography_table":2,"minecraft:tropical_fish_bucket":8,"minecraft:stone_brick_stairs":1296,"minecraft:lectern":73,"minecraft:wooden_hoe":1,"minecraft:golden_leggings":1,"minecraft:stone_slab":1614,"minecraft:iron_pickaxe":26,"minecraft:acacia_door":30,"minecraft:sandstone":753,"minecraft:composter":18,"minecraft:dark_prismarine":317,"minecraft:golden_carrot":11426,"minecraft:magenta_wool":349,"minecraft:jukebox":1,"minecraft:orange_shulker_box":43,"minecraft:iron_nugget":25203,"minecraft:diamond_hoe":22,"minecraft:experience_bottle":4762,"minecraft:brick_stairs":8,"minecraft:acacia_fence_gate":32,"minecraft:red_banner":54,"minecraft:light_gray_wool":10,"minecraft:jack_o_lantern":257,"minecraft:blue_shulker_box":5,"minecraft:lime_stained_glass_pane":512,"minecraft:spruce_fence":1473,"minecraft:stone_stairs":360,"minecraft:brain_coral_block":6,"minecraft:lantern":343,"minecraft:spruce_stairs":728,"minecraft:light_gray_shulker_box":93,"minecraft:polished_diorite":780,"minecraft:black_concrete_powder":3744,"minecraft:red_shulker_box":52,"minecraft:stone_pickaxe":56,"minecraft:quartz_slab":5368,"minecraft:spruce_boat":61,"minecraft:purple_carpet":117,"minecraft:prismarine_slab":610,"minecraft:lead":42,"minecraft:chainmail_leggings":18,"minecraft:light_gray_terracotta":24,"minecraft:enchanting_table":3,"minecraft:acacia_trapdoor":6,"minecraft:light_blue_wool":255,"minecraft:dark_oak_button":5,"minecraft:acacia_stairs":8,"minecraft:red_carpet":351,"minecraft:enchanted_book":853,"minecraft:orange_dye":396,"minecraft:light_blue_carpet":108,"minecraft:magenta_glazed_terracotta":24,"minecraft:oak_fence_gate":16,"minecraft:red_stained_glass":888,"minecraft:chainmail_boots":21,"minecraft:fermented_spider_eye":81,"minecraft:black_glazed_terracotta":3,"minecraft:birch_trapdoor":22,"minecraft:black_stained_glass_pane":16,"minecraft:writable_book":35,"minecraft:iron_shovel":200,"minecraft:armor_stand":199,"minecraft:note_block":355,"minecraft:pink_terracotta":92,"minecraft:grindstone":3,"minecraft:cobblestone_slab":1840,"minecraft:barrel":152,"minecraft:birch_wood":390,"minecraft:acacia_pressure_plate":2,"minecraft:stone":2032,"minecraft:snow":960,"minecraft:pink_carpet":105,"minecraft:heavy_weighted_pressure_plate":75,"minecraft:quartz_pillar":952,"minecraft:brown_carpet":102,"minecraft:cake":90,"minecraft:stone_brick_slab":1888,"minecraft:bow":85,"minecraft:comparator":535,"minecraft:chest":6231,"minecraft:oak_button":43,"minecraft:yellow_terracotta":680,"minecraft:cod_bucket":3,"minecraft:rail":5655,"minecraft:blue_concrete_powder":416,"minecraft:bricks":2181,"minecraft:birch_button":184,"minecraft:ender_eye":70,"minecraft:stone_bricks":25510,"minecraft:oak_fence":354,"minecraft:golden_boots":1,"minecraft:sea_lantern":26841,"minecraft:dropper":666,"minecraft:cauldron":102,"minecraft:lime_terracotta":3384,"minecraft:iron_helmet":36,"minecraft:brown_dye":156,"minecraft:birch_pressure_plate":5,"minecraft:red_wool":756,"minecraft:acacia_button":4,"minecraft:yellow_stained_glass":416,"minecraft:white_stained_glass_pane":1304,"minecraft:prismarine_brick_slab":684,"minecraft:dispenser":57,"minecraft:green_glazed_terracotta":2,"minecraft:apple":553,"minecraft:tnt":227,"minecraft:spruce_trapdoor":908,"minecraft:yellow_dye":3744,"minecraft:pink_wool":136,"minecraft:purple_dye":174,"minecraft:stick":24768,"minecraft:iron_ingot":35961,"minecraft:andesite_stairs":104,"minecraft:light_blue_shulker_box":247,"minecraft:light_blue_stained_glass":2112,"minecraft:black_bed":3,"minecraft:lime_carpet":402,"minecraft:cyan_carpet":132,"minecraft:blue_terracotta":192,"minecraft:orange_glazed_terracotta":24,"minecraft:oak_door":27,"minecraft:nether_brick_slab":546,"minecraft:tripwire_hook":182,"minecraft:fishing_rod":31,"minecraft:stone_brick_wall":1128,"minecraft:leather_boots":12,"minecraft:golden_chestplate":2,"minecraft:spruce_button":146,"minecraft:mossy_stone_bricks":178,"minecraft:furnace":926,"minecraft:blast_furnace":66,"minecraft:piston":1318,"minecraft:magenta_stained_glass_pane":48,"minecraft:polished_andesite_slab":160,"minecraft:smooth_quartz_stairs":64,"minecraft:oak_trapdoor":1366,"minecraft:flint_and_steel":34,"minecraft:scaffolding":660,"minecraft:white_concrete_powder":37344,"minecraft:orange_terracotta":96,"minecraft:cobblestone_wall":2154,"minecraft:brown_shulker_box":51,"minecraft:smooth_quartz_slab":212,"minecraft:birch_sign":360,"minecraft:glistering_melon_slice":2,"minecraft:magma_cream":1,"minecraft:smooth_sandstone_stairs":4824,"minecraft:light_blue_stained_glass_pane":304,"minecraft:jungle_wood":3,"minecraft:iron_trapdoor":429,"minecraft:purple_shulker_box":1,"minecraft:diorite_wall":6,"minecraft:iron_sword":13,"minecraft:black_banner":3,"minecraft:cooked_salmon":392,"minecraft:acacia_boat":14,"minecraft:jungle_planks":8840,"minecraft:jungle_door":3,"minecraft:white_dye":6279,"minecraft:brown_concrete_powder":664,"minecraft:black_carpet":453,"minecraft:blue_wool":65,"minecraft:anvil":116,"minecraft:stonecutter":48,"minecraft:pink_banner":2,"minecraft:prismarine_stairs":176,"minecraft:torch":19976,"minecraft:diorite_slab":48,"minecraft:orange_bed":23,"minecraft:magenta_carpet":216,"minecraft:diamond_chestplate":1,"minecraft:ender_chest":34,"minecraft:jungle_button":16,"minecraft:light_gray_concrete_powder":18528,"minecraft:smooth_stone":16511,"minecraft:jungle_fence_gate":2,"minecraft:cut_sandstone":557,"minecraft:dark_oak_pressure_plate":80,"minecraft:orange_carpet":27,"minecraft:pink_bed":3,"minecraft:oak_pressure_plate":5,"minecraft:dark_oak_wood":9,"minecraft:birch_slab":1132,"minecraft:slime_block":13002,"minecraft:loom":2,"minecraft:lever":290,"minecraft:bookshelf":4845,"minecraft:dark_prismarine_stairs":24,"minecraft:cooked_mutton":8,"minecraft:iron_bars":1728,"minecraft:red_concrete_powder":384,"minecraft:magenta_shulker_box":40,"minecraft:quartz_block":8262,"minecraft:glass":8159,"minecraft:light_blue_terracotta":56,"minecraft:repeater":1315,"minecraft:diamond_leggings":7,"minecraft:cyan_stained_glass_pane":32,"minecraft:melon_seeds":121,"minecraft:birch_fence_gate":36,"minecraft:birch_door":12,"minecraft:chiseled_quartz_block":110,"minecraft:magenta_dye":550,"minecraft:cooked_rabbit":1,"minecraft:gray_bed":39,"minecraft:flower_pot":55,"minecraft:glass_bottle":183,"minecraft:wooden_shovel":47,"minecraft:emerald":76552,"minecraft:smooth_quartz":137,"minecraft:cooked_porkchop":118,"minecraft:diamond_axe":23,"minecraft:prismarine_bricks":6902,"minecraft:spruce_door":57,"minecraft:clock":30,"minecraft:oak_wood":270,"minecraft:hay_block":27,"minecraft:campfire":113,"minecraft:tnt_minecart":17,"minecraft:lime_shulker_box":65,"minecraft:lime_bed":6,"minecraft:green_terracotta":104,"minecraft:compass":257,"minecraft:iron_block":18271,"minecraft:white_terracotta":68,"minecraft:gold_ingot":11294,"minecraft:light_gray_dye":3288,"minecraft:spruce_fence_gate":784,"minecraft:birch_stairs":88,"minecraft:packed_ice":717,"minecraft:yellow_concrete_powder":11784,"minecraft:prismarine":6784,"minecraft:rabbit_stew":14,"minecraft:stone_shovel":46,"minecraft:smooth_stone_slab":49811,"minecraft:leather_leggings":8,"minecraft:player_head":407,"minecraft:globe_banner_pattern":1,"minecraft:yellow_bed":29,"minecraft:red_terracotta":3227,"minecraft:bone_meal":139855,"minecraft:cyan_stained_glass":11968,"minecraft:andesite_wall":114,"minecraft:pink_dye":224,"minecraft:white_carpet":5658,"minecraft:orange_wool":128,"minecraft:diamond":4752,"minecraft:dark_oak_fence":552,"minecraft:detector_rail":96,"minecraft:ladder":729,"minecraft:yellow_glazed_terracotta":12,"minecraft:spruce_slab":2390,"minecraft:ender_pearl":22,"minecraft:diamond_boots":16,"minecraft:red_glazed_terracotta":24,"minecraft:redstone_block":2918,"minecraft:jungle_fence":6,"minecraft:dark_oak_planks":10000,"minecraft:wheat":180,"minecraft:coal_block":3632,"minecraft:firework_star":384,"minecraft:cyan_glazed_terracotta":12,"minecraft:daylight_detector":25,"minecraft:crossbow":19,"minecraft:dried_kelp":567,"minecraft:magenta_stained_glass":80,"minecraft:red_bed":12,"minecraft:conduit":3,"minecraft:polished_granite":1028,"minecraft:gray_concrete_powder":25144,"minecraft:sandstone_slab":13023,"minecraft:glowstone":3952,"minecraft:white_stained_glass":15256,"minecraft:jungle_slab":262,"minecraft:golden_apple":96,"minecraft:acacia_sign":6,"minecraft:andesite_slab":346,"minecraft:gray_shulker_box":59,"minecraft:cyan_shulker_box":24,"minecraft:wooden_axe":2,"minecraft:oak_stairs":32,"minecraft:iron_leggings":26,"minecraft:white_bed":16,"minecraft:lime_wool":1,"minecraft:nether_brick_stairs":80,"minecraft:blue_carpet":108,"minecraft:brick":5376,"minecraft:oak_planks":22222,"minecraft:dark_oak_boat":11,"minecraft:pink_shulker_box":18,"minecraft:sand":56,"minecraft:mossy_stone_brick_slab":6,"minecraft:cobblestone_stairs":1136,"minecraft:spruce_pressure_plate":20,"minecraft:suspicious_stew":32,"minecraft:green_dye":5405,"minecraft:dark_oak_door":12,"minecraft:hopper":3139,"minecraft:iron_boots":54,"minecraft:written_book":1,"minecraft:cyan_terracotta":33056,"minecraft:chiseled_stone_bricks":1364,"minecraft:yellow_banner":11,"minecraft:stone_hoe":37,"minecraft:smoker":10,"minecraft:quartz_stairs":720,"minecraft:item_frame":181,"minecraft:oak_slab":1206,"minecraft:acacia_wood":360,"minecraft:map":161,"minecraft:crafting_table":510,"minecraft:spruce_planks":34660,"minecraft:wooden_pickaxe":147,"minecraft:baked_potato":510,"minecraft:hopper_minecart":181,"minecraft:gold_block":308,"minecraft:brewing_stand":22,"minecraft:birch_planks":15452,"minecraft:pumpkin_seeds":300,"minecraft:black_shulker_box":21,"minecraft:dark_oak_slab":594,"minecraft:book":6,"minecraft:iron_chestplate":13,"minecraft:emerald_block":2189,"minecraft:paper":36432,"minecraft:charcoal":123,"minecraft:diamond_pickaxe":113,"minecraft:shield":22,"minecraft:light_weighted_pressure_plate":32,"minecraft:birch_fence":195,"minecraft:light_blue_dye":1360,"minecraft:leather_chestplate":18,"minecraft:stone_sword":39,"minecraft:snow_block":5516,"minecraft:green_shulker_box":26,"minecraft:redstone_torch":5679,"minecraft:gray_carpet":3321,"minecraft:light_gray_carpet":801,"minecraft:sponge":2487,"minecraft:light_gray_stained_glass_pane":192,"minecraft:shears":269,"minecraft:green_carpet":96,"minecraft:sandstone_stairs":1576,"minecraft:polished_andesite":4180,"minecraft:coarse_dirt":2668,"minecraft:wooden_sword":159,"minecraft:purple_wool":65,"minecraft:cookie":3704,"minecraft:redstone":33294,"minecraft:coal":12347,"minecraft:light_gray_stained_glass":6112,"minecraft:stone_button":50039,"minecraft:dark_oak_trapdoor":624,"minecraft:jungle_trapdoor":30,"minecraft:gray_dye":6212,"minecraft:dark_oak_sign":18,"minecraft:diamond_block":652,"minecraft:glass_pane":640,"minecraft:blue_ice":1952,"minecraft:yellow_shulker_box":761,"minecraft:black_terracotta":980,"minecraft:green_concrete_powder":1544,"minecraft:iron_axe":57,"minecraft:spruce_wood":3,"minecraft:iron_hoe":7,"minecraft:slime_ball":14457,"minecraft:orange_concrete_powder":1168,"minecraft:lime_dye":1516,"minecraft:pink_glazed_terracotta":28,"minecraft:filled_map":178,"minecraft:chiseled_sandstone":24,"minecraft:orange_banner":2,"minecraft:minecart":330,"minecraft:observer":904,"minecraft:cooked_beef":12,"minecraft:sugar":229,"minecraft:red_dye":2000,"minecraft:cooked_cod":1261,"minecraft:cyan_concrete_powder":576,"minecraft:bone_block":12691,"minecraft:diamond_sword":22,"minecraft:cyan_dye":6412,"minecraft:spruce_sign":508,"minecraft:dark_oak_stairs":200,"minecraft:pink_concrete_powder":56,"minecraft:powered_rail":3252,"minecraft:activator_rail":24,"minecraft:yellow_carpet":1036,"minecraft:bell":30,"minecraft:smooth_sandstone":5246,"minecraft:bowl":4,"minecraft:nether_bricks":148,"minecraft:bucket":301,"minecraft:stone_axe":78,"minecraft:brown_terracotta":24,"minecraft:mossy_cobblestone_wall":18,"minecraft:bread":986,"minecraft:air":0,"minecraft:blue_dye":2269,"minecraft:black_stained_glass":176,"minecraft:oak_boat":26,"minecraft:magenta_terracotta":100,"minecraft:smooth_sandstone_slab":4054,"minecraft:white_wool":3497,"minecraft:gold_nugget":48596,"minecraft:brown_wool":4,"minecraft:pink_stained_glass_pane":16,"minecraft:dark_prismarine_slab":132,"minecraft:green_wool":64,"minecraft:nether_wart_block":227,"minecraft:pumpkin_pie":446,"minecraft:acacia_planks":13372,"minecraft:purple_concrete_powder":72,"minecraft:lapis_lazuli":4652,"minecraft:lapis_block":578,"minecraft:clay":54,"minecraft:firework_rocket":37500},"minecraft:killed_by":{"minecraft:zombie":6,"minecraft:drowned":3,"minecraft:skeleton":1,"minecraft:pillager":1,"minecraft:vindicator":11,"minecraft:zombie_pigman":3,"minecraft:guardian":124,"minecraft:creeper":10,"minecraft:blaze":1,"minecraft:witch":1,"minecraft:player":5,"minecraft:spider":1,"minecraft:enderman":1,"minecraft:phantom":2},"minecraft:picked_up":{"minecraft:suspicious_stew":9,"minecraft:stone_slab":667,"minecraft:smithing_table":46,"minecraft:lead":132,"minecraft:enchanted_book":117,"minecraft:purple_shulker_box":16,"minecraft:blue_concrete":186,"minecraft:music_disc_cat":2,"minecraft:dark_oak_pressure_plate":11,"minecraft:string":8974,"minecraft:pufferfish":373,"minecraft:diamond_leggings":93,"minecraft:horn_coral_block":27,"minecraft:bubble_coral":1,"minecraft:hopper_minecart":1,"minecraft:diamond_ore":413,"minecraft:spruce_pressure_plate":29,"minecraft:jukebox":11,"minecraft:cyan_stained_glass":1894,"minecraft:brick_wall":3,"minecraft:acacia_log":1931,"minecraft:purpur_pillar":313,"minecraft:gray_shulker_box":384,"minecraft:cauldron":52,"minecraft:green_terracotta":37,"minecraft:golden_chestplate":30,"minecraft:cyan_stained_glass_pane":85,"minecraft:pink_terracotta":12,"minecraft:brown_carpet":32,"minecraft:yellow_banner":38,"minecraft:orange_bed":27,"minecraft:stone_sword":722,"minecraft:lime_carpet":80,"minecraft:horn_coral_fan":4,"minecraft:glowstone":824,"minecraft:red_tulip":87,"minecraft:carved_pumpkin":380,"minecraft:bookshelf":257,"minecraft:end_rod":1941,"minecraft:white_terracotta":2878,"minecraft:blaze_rod":5490,"minecraft:iron_bars":554,"minecraft:snowball":8610,"minecraft:sponge":281,"minecraft:feather":820,"minecraft:cooked_beef":149,"minecraft:water_bucket":53,"minecraft:dark_oak_boat":43,"minecraft:brown_wool":28,"minecraft:flint":481,"minecraft:purple_stained_glass":492,"minecraft:cyan_concrete_powder":317,"minecraft:magenta_terracotta":77,"minecraft:lantern":127,"minecraft:gray_concrete_powder":14140,"minecraft:purple_carpet":24,"minecraft:stonecutter":39,"minecraft:dark_oak_sign":12,"minecraft:rabbit":5,"minecraft:diamond_helmet":73,"minecraft:lime_terracotta":355,"minecraft:stripped_acacia_wood":1,"minecraft:birch_fence_gate":42,"minecraft:stripped_spruce_log":53,"minecraft:brown_mushroom_block":1593,"minecraft:dead_fire_coral_fan":2,"minecraft:iron_hoe":4,"minecraft:polished_andesite":1406,"minecraft:blue_terracotta":176,"minecraft:lever":354,"minecraft:granite":22596,"minecraft:spruce_button":63,"minecraft:cyan_dye":392,"minecraft:jack_o_lantern":69,"minecraft:light_gray_carpet":67,"minecraft:diamond_pickaxe":217,"minecraft:clay_ball":1543,"minecraft:redstone_lamp":469,"minecraft:leather_leggings":29,"minecraft:dragon_head":16,"minecraft:acacia_button":1,"minecraft:purpur_block":799,"minecraft:fire_coral":2,"minecraft:heavy_weighted_pressure_plate":21,"minecraft:cornflower":51,"minecraft:elytra":111,"minecraft:flint_and_steel":29,"minecraft:acacia_door":16,"minecraft:white_carpet":268,"minecraft:white_stained_glass":2996,"minecraft:iron_shovel":62,"minecraft:glass_pane":50,"minecraft:jungle_sapling":77,"minecraft:poppy":218,"minecraft:spruce_slab":1082,"minecraft:minecart":662,"minecraft:birch_sapling":125,"minecraft:piston":585,"minecraft:lime_shulker_box":260,"minecraft:black_stained_glass":1845,"minecraft:stone":306899,"minecraft:music_disc_mellohi":3,"minecraft:cyan_glazed_terracotta":26,"minecraft:white_dye":666,"minecraft:jungle_fence_gate":1,"minecraft:cyan_shulker_box":395,"minecraft:jungle_sign":4,"minecraft:stone_shovel":13,"minecraft:diamond_chestplate":31,"minecraft:purpur_slab":201,"minecraft:hay_block":49,"minecraft:yellow_terracotta":941,"minecraft:totem_of_undying":18,"minecraft:mutton":104,"minecraft:bone_block":1952,"minecraft:rail":5878,"minecraft:emerald_ore":59,"minecraft:oxeye_daisy":34,"minecraft:lime_bed":11,"minecraft:birch_leaves":433,"minecraft:yellow_shulker_box":1530,"minecraft:clock":8,"minecraft:tripwire_hook":49,"minecraft:yellow_dye":82,"minecraft:fern":35,"minecraft:jungle_fence":2,"minecraft:acacia_wood":140,"minecraft:purpur_stairs":158,"minecraft:lily_pad":50,"minecraft:diorite_stairs":5,"minecraft:paper":1350,"minecraft:apple":310,"minecraft:light_gray_glazed_terracotta":97,"minecraft:oak_fence_gate":20,"minecraft:yellow_stained_glass":1120,"minecraft:pufferfish_bucket":8,"minecraft:stone_pickaxe":5,"minecraft:iron_ore":7079,"minecraft:magenta_stained_glass":13,"minecraft:gray_bed":35,"minecraft:dark_oak_stairs":144,"minecraft:polished_andesite_stairs":75,"minecraft:milk_bucket":12,"minecraft:light_gray_stained_glass":1474,"minecraft:sweet_berries":264,"minecraft:green_glazed_terracotta":23,"minecraft:red_wool":183,"minecraft:lime_concrete":1146,"minecraft:light_blue_stained_glass":2330,"minecraft:leather_helmet":26,"minecraft:oak_wood":27,"minecraft:diamond_shovel":107,"minecraft:coal_ore":3207,"minecraft:slime_ball":18744,"minecraft:painting":9,"minecraft:birch_sign":129,"minecraft:baked_potato":2405,"minecraft:smooth_quartz_slab":42,"minecraft:hopper":2114,"minecraft:prismarine_stairs":93,"minecraft:black_carpet":300,"minecraft:light_blue_concrete":167,"minecraft:ender_chest":1514,"minecraft:nether_brick_fence":120,"minecraft:yellow_wool":365,"minecraft:stone_brick_stairs":420,"minecraft:lapis_block":96,"minecraft:dead_tube_coral_block":12,"minecraft:purple_banner":3,"minecraft:experience_bottle":12,"minecraft:red_sand":4,"minecraft:bucket":112,"minecraft:smooth_stone":6608,"minecraft:comparator":1248,"minecraft:light_weighted_pressure_plate":19,"minecraft:white_tulip":9,"minecraft:red_dye":196,"minecraft:rose_bush":718,"minecraft:cobblestone_slab":429,"minecraft:smooth_quartz":16,"minecraft:ender_eye":1,"minecraft:wooden_shovel":3,"minecraft:iron_pickaxe":28,"minecraft:smooth_quartz_stairs":18,"minecraft:blue_wool":1019,"minecraft:tipped_arrow":2,"minecraft:acacia_fence":19,"minecraft:birch_trapdoor":8,"minecraft:spruce_stairs":329,"minecraft:diorite":25996,"minecraft:vine":360,"minecraft:andesite_wall":12,"minecraft:rotten_flesh":9399,"minecraft:red_sandstone_slab":1,"minecraft:music_disc_ward":8,"minecraft:brown_shulker_box":592,"minecraft:chorus_flower":6,"minecraft:music_disc_wait":2,"minecraft:obsidian":1370,"minecraft:blaze_powder":38,"minecraft:cobblestone":139562,"minecraft:enchanting_table":1,"minecraft:leather_chestplate":16,"minecraft:lilac":13,"minecraft:repeater":1993,"minecraft:dead_tube_coral_fan":2,"minecraft:andesite":28729,"minecraft:black_bed":4,"minecraft:orange_carpet":2,"minecraft:golden_leggings":36,"minecraft:beacon":75,"minecraft:potato":16919,"minecraft:smooth_sandstone_stairs":276,"minecraft:prismarine_bricks":9721,"minecraft:stripped_birch_log":483,"minecraft:dirt":82725,"minecraft:name_tag":90,"minecraft:glass":5557,"minecraft:bone":20467,"minecraft:acacia_planks":315,"minecraft:bow":362,"minecraft:wheat_seeds":1581,"minecraft:orange_tulip":9,"minecraft:birch_wood":46,"minecraft:grindstone":13,"minecraft:purple_stained_glass_pane":19,"minecraft:mossy_stone_bricks":44,"minecraft:fletching_table":1,"minecraft:bamboo":18552,"minecraft:cyan_concrete":460,"minecraft:prismarine":6900,"minecraft:brown_stained_glass":2,"minecraft:gray_stained_glass":3514,"minecraft:black_stained_glass_pane":3,"minecraft:light_blue_shulker_box":612,"minecraft:melon":4188,"minecraft:nether_brick_stairs":35,"minecraft:diamond_block":1015,"minecraft:grass_block":32432,"minecraft:spectral_arrow":5,"minecraft:jungle_slab":76,"minecraft:mossy_cobblestone":556,"minecraft:jungle_leaves":1590,"minecraft:light_gray_terracotta":4808,"minecraft:light_blue_terracotta":14,"minecraft:sugar":26,"minecraft:yellow_carpet":227,"minecraft:slime_block":6212,"minecraft:yellow_stained_glass_pane":4,"minecraft:crossbow":41,"minecraft:bone_meal":11220,"minecraft:grass":29,"minecraft:golden_apple":98,"minecraft:spruce_sign":33,"minecraft:emerald":1506,"minecraft:chorus_fruit":14,"minecraft:netherrack":45196,"minecraft:oak_leaves":3061,"minecraft:andesite_slab":47,"minecraft:azure_bluet":16,"minecraft:splash_potion":16,"minecraft:ladder":508,"minecraft:brown_mushroom":785,"minecraft:packed_ice":77509,"minecraft:pink_wool":13,"minecraft:stone_brick_wall":121,"minecraft:diorite_slab":3,"minecraft:brick":1179,"minecraft:shield":11,"minecraft:orange_stained_glass":1213,"minecraft:oak_trapdoor":136,"minecraft:mycelium":17400,"minecraft:birch_fence":35,"minecraft:magenta_wool":82,"minecraft:lime_wool":196,"minecraft:end_stone":1908,"minecraft:note_block":214,"minecraft:brown_concrete_powder":506,"minecraft:cookie":808,"minecraft:music_disc_11":1,"minecraft:trident":36,"minecraft:light_blue_bed":30,"minecraft:light_gray_stained_glass_pane":200,"minecraft:stone_pressure_plate":261,"minecraft:blue_concrete_powder":163,"minecraft:tube_coral":1,"minecraft:red_shulker_box":1169,"minecraft:pumpkin_pie":167,"minecraft:nether_bricks":3251,"minecraft:pink_tulip":11,"minecraft:black_banner":5,"minecraft:brick_stairs":12,"minecraft:purple_dye":1,"minecraft:jungle_boat":40,"minecraft:prismarine_slab":125,"minecraft:dark_oak_button":6,"minecraft:golden_carrot":1937,"minecraft:magenta_banner":14,"minecraft:leather":258,"minecraft:music_disc_stal":3,"minecraft:ice":28793,"minecraft:chainmail_chestplate":7,"minecraft:yellow_bed":50,"minecraft:cobblestone_wall":250,"minecraft:gunpowder":3426,"minecraft:orange_terracotta":772,"minecraft:cooked_mutton":171,"minecraft:red_carpet":79,"minecraft:gray_carpet":713,"minecraft:acacia_trapdoor":5,"minecraft:rabbit_hide":2,"minecraft:spruce_wood":1,"minecraft:iron_ingot":157732,"minecraft:cooked_chicken":288,"minecraft:prismarine_brick_slab":563,"minecraft:polished_andesite_slab":51,"minecraft:tropical_fish_bucket":49,"minecraft:pink_bed":9,"minecraft:nether_quartz_ore":730,"minecraft:emerald_block":343,"minecraft:stone_brick_slab":597,"minecraft:quartz":10709,"minecraft:dandelion":172,"minecraft:lava_bucket":43,"minecraft:green_stained_glass":1179,"minecraft:red_banner":68,"minecraft:nether_brick_slab":470,"minecraft:spruce_door":43,"minecraft:light_blue_concrete_powder":65,"minecraft:pumpkin_seeds":2374,"minecraft:white_concrete_powder":28251,"minecraft:chainmail_leggings":9,"minecraft:terracotta":5170,"minecraft:damaged_anvil":11,"minecraft:dark_oak_wood":1,"minecraft:sunflower":761,"minecraft:iron_chestplate":26,"minecraft:seagrass":147,"minecraft:birch_door":32,"minecraft:anvil":120,"minecraft:chainmail_boots":6,"minecraft:flower_pot":53,"minecraft:prismarine_shard":51408,"minecraft:magenta_carpet":25,"minecraft:diamond_sword":142,"minecraft:oak_stairs":62,"minecraft:acacia_pressure_plate":2,"minecraft:wither_rose":1856,"minecraft:birch_button":43,"minecraft:brewing_stand":33,"minecraft:golden_sword":398,"minecraft:dark_oak_trapdoor":303,"minecraft:cooked_salmon":55,"minecraft:red_nether_bricks":8,"minecraft:blue_stained_glass_pane":20,"minecraft:orange_concrete_powder":966,"minecraft:gold_nugget":5357,"minecraft:black_glazed_terracotta":308,"minecraft:spruce_planks":2261,"minecraft:acacia_sign":7,"minecraft:written_book":50,"minecraft:melon_slice":12560,"minecraft:enchanted_golden_apple":1,"minecraft:coal_block":661,"minecraft:dark_oak_door":7,"minecraft:golden_helmet":35,"minecraft:music_disc_blocks":3,"minecraft:magenta_concrete_powder":14,"minecraft:composter":21,"minecraft:green_bed":4,"minecraft:pink_carpet":5,"minecraft:rabbit_foot":1,"minecraft:gray_stained_glass_pane":526,"minecraft:light_blue_wool":40,"minecraft:tropical_fish":71,"minecraft:iron_block":9173,"minecraft:cyan_terracotta":15654,"minecraft:birch_log":650,"minecraft:magma_block":6813,"minecraft:mossy_cobblestone_slab":1,"minecraft:birch_slab":644,"minecraft:iron_door":132,"minecraft:jungle_log":2955,"minecraft:acacia_leaves":79,"minecraft:green_concrete_powder":956,"minecraft:jungle_wood":1,"minecraft:smoker":13,"minecraft:gray_concrete":16264,"minecraft:map":11,"minecraft:light_gray_concrete_powder":6596,"minecraft:chipped_anvil":33,"minecraft:gray_terracotta":17,"minecraft:glowstone_dust":34,"minecraft:gray_glazed_terracotta":22,"minecraft:dropper":967,"minecraft:ink_sac":737,"minecraft:loom":3,"minecraft:fermented_spider_eye":1,"minecraft:red_terracotta":1819,"minecraft:dark_oak_log":2446,"minecraft:barrel":206,"minecraft:stripped_acacia_log":2,"minecraft:black_concrete_powder":1667,"minecraft:dispenser":376,"minecraft:green_concrete":62,"minecraft:writable_book":24,"minecraft:dead_brain_coral_block":42,"minecraft:blue_ice":5071,"minecraft:bread":638,"minecraft:chainmail_helmet":7,"minecraft:dark_oak_fence":336,"minecraft:bricks":70,"minecraft:spruce_leaves":349,"minecraft:lime_stained_glass_pane":237,"minecraft:crafting_table":544,"minecraft:coarse_dirt":1570,"minecraft:bubble_coral_fan":2,"minecraft:sandstone_slab":696,"minecraft:purple_wool":83,"minecraft:nether_wart":164,"minecraft:orange_stained_glass_pane":4,"minecraft:conduit":7,"minecraft:dead_horn_coral_block":21,"minecraft:red_bed":50,"minecraft:jungle_trapdoor":6,"minecraft:snow":3706,"minecraft:compass":9,"minecraft:cracked_stone_bricks":759,"minecraft:cartography_table":2,"minecraft:beef":416,"minecraft:cyan_wool":168,"minecraft:iron_nugget":1105,"minecraft:quartz_stairs":630,"minecraft:chest":2576,"minecraft:egg":552,"minecraft:sandstone":26721,"minecraft:oak_door":54,"minecraft:spruce_fence":517,"minecraft:cake":8,"minecraft:carrot":14034,"minecraft:redstone":37098,"minecraft:mushroom_stem":468,"minecraft:blue_carpet":23,"minecraft:prismarine_crystals":16090,"minecraft:tnt":154,"minecraft:cooked_cod":919,"minecraft:beetroot_seeds":6,"minecraft:peony":93,"minecraft:tube_coral_fan":6,"minecraft:diamond_boots":97,"minecraft:shears":21,"minecraft:sandstone_stairs":752,"minecraft:tube_coral_block":3,"minecraft:gold_ingot":2294,"minecraft:white_shulker_box":839,"minecraft:lime_concrete_powder":954,"minecraft:white_wool":411,"minecraft:lapis_ore":75,"minecraft:stripped_oak_log":336,"minecraft:red_mushroom_block":2183,"minecraft:red_mushroom":401,"minecraft:filled_map":343,"minecraft:brown_concrete":62,"minecraft:oak_log":2189,"minecraft:golden_boots":28,"minecraft:white_banner":82,"minecraft:birch_pressure_plate":2,"minecraft:stone_bricks":15460,"minecraft:kelp":11652,"minecraft:music_disc_far":2,"minecraft:cobweb":898,"minecraft:glass_bottle":70,"minecraft:iron_sword":21,"minecraft:prismarine_brick_stairs":1,"minecraft:white_stained_glass_pane":483,"minecraft:dark_oak_slab":713,"minecraft:daylight_detector":5,"minecraft:yellow_concrete":2613,"minecraft:light_blue_glazed_terracotta":2,"minecraft:gravel":65867,"minecraft:birch_stairs":86,"minecraft:dead_fire_coral_block":45,"minecraft:spruce_sapling":590,"minecraft:spruce_log":4777,"minecraft:sea_lantern":19390,"minecraft:firework_rocket":5590,"minecraft:red_stained_glass":1457,"minecraft:purple_bed":3,"minecraft:stone_axe":4,"minecraft:polished_diorite":473,"minecraft:light_blue_carpet":10,"minecraft:diamond_axe":81,"minecraft:redstone_ore":426,"minecraft:gray_wool":682,"minecraft:oak_button":78,"minecraft:melon_seeds":31,"minecraft:stripped_dark_oak_log":114,"minecraft:pink_dye":5,"minecraft:ender_pearl":7886,"minecraft:shulker_shell":3623,"minecraft:music_disc_strad":1,"minecraft:wheat":429,"minecraft:redstone_block":1224,"minecraft:iron_trapdoor":325,"minecraft:light_gray_shulker_box":527,"minecraft:green_stained_glass_pane":4,"minecraft:potion":127,"minecraft:turtle_egg":24,"minecraft:brain_coral_block":1,"minecraft:cod_bucket":2,"minecraft:smooth_stone_slab":4245,"minecraft:iron_leggings":24,"minecraft:sticky_piston":941,"minecraft:armor_stand":74,"minecraft:pink_shulker_box":45,"minecraft:oak_sign":605,"minecraft:activator_rail":32,"minecraft:sea_pickle":165,"minecraft:black_shulker_box":658,"minecraft:dark_oak_leaves":46,"minecraft:redstone_torch":1792,"minecraft:iron_boots":23,"minecraft:furnace":401,"minecraft:stick":2557,"minecraft:orange_shulker_box":270,"minecraft:jungle_door":1,"minecraft:brown_terracotta":127,"minecraft:oak_fence":345,"minecraft:torch":11992,"minecraft:porkchop":43,"minecraft:snow_block":1690,"minecraft:dried_kelp":937,"minecraft:yellow_concrete_powder":4003,"minecraft:blue_stained_glass":1663,"minecraft:green_banner":2,"minecraft:quartz_block":1491,"minecraft:cactus":2849,"minecraft:green_wool":32,"minecraft:fire_coral_fan":13,"minecraft:stripped_birch_wood":67,"minecraft:cod":21174,"minecraft:nautilus_shell":35,"minecraft:jungle_pressure_plate":4,"minecraft:magma_cream":35,"minecraft:chiseled_quartz_block":120,"minecraft:magenta_dye":63,"minecraft:light_gray_dye":346,"minecraft:acacia_boat":27,"minecraft:wither_skeleton_skull":318,"minecraft:green_shulker_box":144,"minecraft:lapis_lazuli":6201,"minecraft:polished_granite":442,"minecraft:leather_boots":27,"minecraft:bell":11,"minecraft:light_blue_dye":360,"minecraft:powered_rail":2951,"minecraft:stone_hoe":3,"minecraft:oak_planks":2251,"minecraft:lime_glazed_terracotta":2,"minecraft:ghast_tear":80,"minecraft:pink_stained_glass":6,"minecraft:pink_concrete":46,"minecraft:black_terracotta":292,"minecraft:cooked_porkchop":3,"minecraft:poisonous_potato":37,"minecraft:oak_pressure_plate":5,"minecraft:pink_stained_glass_pane":1,"minecraft:jungle_planks":285,"minecraft:sand":159320,"minecraft:dead_bush":113,"minecraft:lily_of_the_valley":1,"minecraft:chiseled_sandstone":16,"minecraft:shulker_box":2318,"minecraft:orange_wool":40,"minecraft:dark_prismarine":581,"minecraft:light_gray_concrete":3954,"minecraft:dark_prismarine_slab":42,"minecraft:spruce_fence_gate":151,"minecraft:clay":283,"minecraft:diamond":3978,"minecraft:spruce_boat":253,"minecraft:black_concrete":1096,"minecraft:white_concrete":26906,"minecraft:oak_sapling":609,"minecraft:bubble_coral_block":30,"minecraft:nether_star":209,"minecraft:end_stone_bricks":1131,"minecraft:fishing_rod":37,"minecraft:charcoal":12,"minecraft:cocoa_beans":1028,"minecraft:allium":64,"minecraft:chicken":257,"minecraft:turtle_helmet":3,"minecraft:wooden_pickaxe":21,"minecraft:gold_block":250,"minecraft:diamond_horse_armor":1,"minecraft:stone_stairs":146,"minecraft:orange_concrete":1564,"minecraft:iron_axe":30,"minecraft:wooden_sword":24,"minecraft:item_frame":309,"minecraft:quartz_slab":2768,"minecraft:cyan_carpet":113,"minecraft:detector_rail":87,"minecraft:dark_prismarine_stairs":17,"minecraft:andesite_stairs":16,"minecraft:oak_boat":159,"minecraft:player_head":980,"minecraft:observer":1742,"minecraft:light_gray_wool":35,"minecraft:lectern":1492,"minecraft:sugar_cane":1950,"minecraft:blue_shulker_box":102,"minecraft:spruce_trapdoor":495,"minecraft:phantom_membrane":66,"minecraft:dark_oak_sapling":127,"minecraft:orange_dye":39,"minecraft:red_stained_glass_pane":40,"minecraft:bowl":10,"minecraft:gray_dye":97,"minecraft:quartz_pillar":323,"minecraft:stone_button":4275,"minecraft:magenta_shulker_box":171,"minecraft:iron_horse_armor":1,"minecraft:dark_oak_planks":668,"minecraft:smooth_sandstone_slab":303,"minecraft:arrow":6888,"minecraft:light_blue_stained_glass_pane":152,"minecraft:jungle_stairs":1,"minecraft:saddle":44,"minecraft:lime_stained_glass":1804,"minecraft:wet_sponge":2757,"minecraft:salmon":780,"minecraft:cut_sandstone":521,"minecraft:birch_planks":514,"minecraft:nether_wart_block":45,"minecraft:cobblestone_stairs":344,"minecraft:podzol":86,"minecraft:smooth_sandstone":14749,"minecraft:fire_coral_block":71,"minecraft:heart_of_the_sea":4,"minecraft:stripped_oak_wood":57,"minecraft:soul_sand":5264,"minecraft:acacia_sapling":235,"minecraft:purple_concrete":9,"minecraft:music_disc_chirp":2,"minecraft:green_dye":376,"minecraft:book":5288,"minecraft:scaffolding":2006,"minecraft:oak_slab":80,"minecraft:red_concrete_powder":81,"minecraft:birch_boat":91,"minecraft:pumpkin":13883,"minecraft:chiseled_stone_bricks":59,"minecraft:magenta_stained_glass_pane":1,"minecraft:brain_coral_fan":3,"minecraft:blast_furnace":71,"minecraft:white_bed":58,"minecraft:gold_ore":882,"minecraft:mossy_stone_brick_slab":1,"minecraft:green_carpet":40,"minecraft:spider_eye":1361,"minecraft:stripped_jungle_log":14,"minecraft:cyan_banner":3,"minecraft:lime_banner":4,"minecraft:music_disc_mall":1,"minecraft:dried_kelp_block":1,"minecraft:campfire":42,"minecraft:dead_bubble_coral_block":17,"minecraft:iron_helmet":28,"minecraft:red_concrete":166,"minecraft:acacia_slab":1,"minecraft:black_wool":379,"minecraft:magenta_concrete":73,"minecraft:coal":24497,"minecraft:purple_concrete_powder":53},"minecraft:mined":{"minecraft:blue_carpet":8,"minecraft:dragon_wall_head":10,"minecraft:white_bed":36,"minecraft:red_shulker_box":1143,"minecraft:pink_bed":9,"minecraft:fire_coral_wall_fan":4,"minecraft:cyan_shulker_box":392,"minecraft:red_nether_bricks":8,"minecraft:light_blue_carpet":7,"minecraft:bubble_column":1,"minecraft:granite":21483,"minecraft:acacia_log":1546,"minecraft:oak_pressure_plate":5,"minecraft:blue_wool":587,"minecraft:green_concrete":109,"minecraft:oak_wall_sign":191,"minecraft:nether_wart":71,"minecraft:spawner":4,"minecraft:red_stained_glass_pane":27,"minecraft:chorus_flower":39,"minecraft:magma_block":7039,"minecraft:dark_oak_trapdoor":232,"minecraft:barrel":206,"minecraft:fletching_table":1,"minecraft:nether_brick_stairs":37,"minecraft:potted_dandelion":1,"minecraft:spruce_wood":1,"minecraft:spruce_pressure_plate":17,"minecraft:white_banner":1,"minecraft:light_gray_concrete":4973,"minecraft:green_carpet":2,"minecraft:pink_tulip":1,"minecraft:white_shulker_box":811,"minecraft:player_head":93,"minecraft:orange_bed":27,"minecraft:tripwire":249,"minecraft:jungle_trapdoor":13,"minecraft:sandstone_slab":785,"minecraft:cut_sandstone":497,"minecraft:magenta_carpet":20,"minecraft:blue_concrete_powder":35,"minecraft:kelp_plant":1142,"minecraft:smoker":13,"minecraft:torch":3427,"minecraft:note_block":180,"minecraft:dark_oak_wood":1,"minecraft:melon":44,"minecraft:white_stained_glass_pane":353,"minecraft:dead_bush":116,"minecraft:nether_brick_slab":229,"minecraft:spruce_wall_sign":20,"minecraft:smooth_quartz_slab":39,"minecraft:lime_shulker_box":253,"minecraft:sugar_cane":147,"minecraft:bricks":72,"minecraft:birch_sapling":3,"minecraft:white_terracotta":2871,"minecraft:repeater":1300,"minecraft:jungle_wood":1,"minecraft:jukebox":11,"minecraft:wither_rose":2,"minecraft:grass":1526,"minecraft:birch_button":25,"minecraft:smooth_quartz":17,"minecraft:acacia_sign":1,"minecraft:dark_prismarine":592,"minecraft:brown_concrete":63,"minecraft:light_blue_wool":42,"minecraft:mossy_cobblestone":534,"minecraft:orange_concrete_powder":6,"minecraft:dark_oak_log":1987,"minecraft:cyan_stained_glass":719,"minecraft:sea_lantern":1067,"minecraft:end_stone":1957,"minecraft:birch_fence_gate":29,"minecraft:dark_oak_fence":504,"minecraft:spruce_fence":335,"minecraft:acacia_button":1,"minecraft:redstone_wire":3495,"minecraft:red_mushroom":146,"minecraft:cartography_table":2,"minecraft:white_concrete_powder":791,"minecraft:redstone_ore":3709,"minecraft:acacia_trapdoor":6,"minecraft:light_blue_concrete_powder":65,"minecraft:pink_concrete":68,"minecraft:andesite":26898,"minecraft:green_terracotta":32,"minecraft:cyan_concrete":590,"minecraft:vine":681,"minecraft:rail":4220,"minecraft:cobblestone_slab":281,"minecraft:brain_coral_wall_fan":1,"minecraft:bone_block":139,"minecraft:fire_coral_block":87,"minecraft:green_wool":5,"minecraft:ender_chest":1482,"minecraft:birch_stairs":65,"minecraft:oak_slab":81,"minecraft:redstone_block":781,"minecraft:soul_sand":5411,"minecraft:glass_pane":31,"minecraft:red_sandstone_slab":1,"minecraft:lily_of_the_valley":1,"minecraft:dandelion":109,"minecraft:fire_coral":2,"minecraft:cornflower":14,"minecraft:prismarine_slab":267,"minecraft:dead_tube_coral_wall_fan":3,"minecraft:tall_grass":3,"minecraft:potted_oxeye_daisy":1,"minecraft:campfire":27,"minecraft:purpur_pillar":312,"minecraft:brain_coral_fan":2,"minecraft:green_stained_glass_pane":4,"minecraft:diorite":24988,"minecraft:orange_carpet":2,"minecraft:purple_wool":43,"minecraft:black_stained_glass":170,"minecraft:red_terracotta":1425,"minecraft:coarse_dirt":1379,"minecraft:light_blue_bed":28,"minecraft:cobblestone_wall":260,"minecraft:dark_oak_wall_sign":5,"minecraft:purple_concrete":10,"minecraft:dark_prismarine_slab":46,"minecraft:dark_oak_button":2,"minecraft:gravel":62871,"minecraft:cobweb":1118,"minecraft:brown_terracotta":103,"minecraft:birch_sign":39,"minecraft:oak_button":28,"minecraft:stone_bricks":14939,"minecraft:gold_ore":861,"minecraft:chipped_anvil":34,"minecraft:iron_trapdoor":272,"minecraft:fern":89,"minecraft:stone_pressure_plate":134,"minecraft:oak_sapling":13,"minecraft:farmland":678,"minecraft:mossy_stone_brick_slab":1,"minecraft:andesite_stairs":16,"minecraft:orange_stained_glass":24,"minecraft:orange_wool":37,"minecraft:brewing_stand":35,"minecraft:spruce_trapdoor":414,"minecraft:lime_banner":2,"minecraft:white_concrete":33278,"minecraft:polished_diorite":388,"minecraft:composter":18,"minecraft:mossy_cobblestone_slab":1,"minecraft:turtle_egg":14,"minecraft:dragon_head":1,"minecraft:green_stained_glass":1,"minecraft:red_tulip":17,"minecraft:iron_bars":417,"minecraft:spruce_slab":1003,"minecraft:brown_shulker_box":580,"minecraft:gray_terracotta":9,"minecraft:quartz_block":734,"minecraft:magenta_wall_banner":9,"minecraft:orange_terracotta":772,"minecraft:yellow_banner":25,"minecraft:purpur_stairs":197,"minecraft:light_gray_terracotta":4518,"minecraft:jungle_stairs":3,"minecraft:beacon":64,"minecraft:wither_skeleton_wall_skull":5,"minecraft:nether_quartz_ore":5804,"minecraft:oak_planks":641,"minecraft:wall_torch":708,"minecraft:cauldron":33,"minecraft:light_blue_terracotta":15,"minecraft:stone_stairs":104,"minecraft:light_weighted_pressure_plate":14,"minecraft:fire_coral_fan":7,"minecraft:blue_terracotta":185,"minecraft:powered_rail":2010,"minecraft:dark_oak_slab":520,"minecraft:green_banner":1,"minecraft:blue_ice":5342,"minecraft:tnt":69,"minecraft:smooth_stone_slab":3108,"minecraft:oak_log":1969,"minecraft:lime_terracotta":368,"minecraft:dirt":70856,"minecraft:prismarine_stairs":98,"minecraft:dispenser":197,"minecraft:daylight_detector":7,"minecraft:yellow_wall_banner":3,"minecraft:pink_carpet":5,"minecraft:quartz_stairs":638,"minecraft:dark_oak_leaves":136,"minecraft:red_stained_glass":75,"minecraft:gray_glazed_terracotta":22,"minecraft:lever":175,"minecraft:ladder":165,"minecraft:stone_button":940,"minecraft:tube_coral_wall_fan":2,"minecraft:brown_mushroom_block":1994,"minecraft:birch_slab":210,"minecraft:spruce_leaves":1336,"minecraft:acacia_slab":1,"minecraft:hay_block":37,"minecraft:heavy_weighted_pressure_plate":18,"minecraft:orange_stained_glass_pane":4,"minecraft:light_gray_shulker_box":507,"minecraft:detector_rail":66,"minecraft:gold_block":242,"minecraft:nether_brick_fence":119,"minecraft:bookshelf":3415,"minecraft:lime_wall_banner":2,"minecraft:stripped_oak_log":344,"minecraft:wet_sponge":2655,"minecraft:jungle_fence_gate":1,"minecraft:pink_terracotta":12,"minecraft:scaffolding":644,"minecraft:acacia_leaves":582,"minecraft:magenta_stained_glass":14,"minecraft:snow_block":1950,"minecraft:stripped_dark_oak_log":48,"minecraft:polished_granite":494,"minecraft:oak_fence":263,"minecraft:gray_stained_glass":1050,"minecraft:lime_carpet":26,"minecraft:stone_slab":378,"minecraft:red_concrete":178,"minecraft:prismarine_bricks":8419,"minecraft:birch_planks":66,"minecraft:dead_fire_coral_block":27,"minecraft:bubble_coral":1,"minecraft:sea_pickle":53,"minecraft:black_wall_banner":4,"minecraft:ice":109942,"minecraft:grass_path":444,"minecraft:black_wool":16,"minecraft:cocoa":332,"minecraft:flower_pot":9,"minecraft:cyan_carpet":102,"minecraft:yellow_concrete":2786,"minecraft:purple_shulker_box":16,"minecraft:cracked_stone_bricks":106,"minecraft:stripped_acacia_wood":1,"minecraft:mossy_stone_bricks":39,"minecraft:jungle_wall_sign":1,"minecraft:dark_oak_planks":264,"minecraft:dark_prismarine_stairs":17,"minecraft:light_blue_concrete":168,"minecraft:black_terracotta":202,"minecraft:jungle_leaves":2406,"minecraft:obsidian":1167,"minecraft:carved_pumpkin":373,"minecraft:red_sand":2,"minecraft:stone_brick_wall":127,"minecraft:yellow_carpet":154,"minecraft:jungle_log":2676,"minecraft:pink_stained_glass":5,"minecraft:coal_block":379,"minecraft:chiseled_stone_bricks":11,"minecraft:hopper":2074,"minecraft:lime_stained_glass":406,"minecraft:purpur_slab":205,"minecraft:diorite_stairs":7,"minecraft:bubble_coral_block":32,"minecraft:oxeye_daisy":32,"minecraft:tube_coral_block":4,"minecraft:light_blue_stained_glass":421,"minecraft:orange_concrete":1593,"minecraft:brown_stained_glass":1,"minecraft:sticky_piston":834,"minecraft:dead_fire_coral_wall_fan":4,"minecraft:pumpkin":269,"minecraft:enchanting_table":1,"minecraft:lime_stained_glass_pane":132,"minecraft:oak_sign":26,"minecraft:oak_stairs":58,"minecraft:quartz_slab":2466,"minecraft:smooth_sandstone_stairs":279,"minecraft:iron_block":5793,"minecraft:piston_head":26,"minecraft:conduit":6,"minecraft:brown_mushroom":449,"minecraft:red_bed":40,"minecraft:player_wall_head":71,"minecraft:cyan_glazed_terracotta":23,"minecraft:blue_stained_glass":538,"minecraft:blast_furnace":72,"minecraft:polished_andesite_stairs":81,"minecraft:green_concrete_powder":462,"minecraft:glass":2708,"minecraft:damaged_anvil":10,"minecraft:smooth_sandstone_slab":288,"minecraft:spruce_sign":4,"minecraft:cyan_wool":44,"minecraft:black_concrete_powder":145,"minecraft:light_gray_stained_glass":317,"minecraft:wheat":470,"minecraft:pumpkin_stem":10,"minecraft:lime_concrete":1263,"minecraft:black_bed":3,"minecraft:stone_brick_stairs":441,"minecraft:potted_poppy":28,"minecraft:prismarine_brick_stairs":1,"minecraft:oak_fence_gate":19,"minecraft:purple_concrete_powder":39,"minecraft:loom":3,"minecraft:stripped_birch_wood":62,"minecraft:blue_shulker_box":102,"minecraft:stonecutter":38,"minecraft:red_mushroom_block":2667,"minecraft:yellow_stained_glass":46,"minecraft:piston":403,"minecraft:light_blue_stained_glass_pane":136,"minecraft:yellow_terracotta":287,"minecraft:pink_shulker_box":37,"minecraft:light_gray_stained_glass_pane":177,"minecraft:blue_stained_glass_pane":20,"minecraft:stripped_birch_log":454,"minecraft:jack_o_lantern":45,"minecraft:shulker_box":1737,"minecraft:nether_bricks":3506,"minecraft:allium":10,"minecraft:jungle_planks":83,"minecraft:orange_shulker_box":257,"minecraft:magenta_concrete":95,"minecraft:yellow_concrete_powder":2065,"minecraft:lime_wool":59,"minecraft:horn_coral_wall_fan":5,"minecraft:kelp":2270,"minecraft:pink_wool":15,"minecraft:black_stained_glass_pane":3,"minecraft:jungle_sapling":5,"minecraft:snow":25930,"minecraft:acacia_wood":102,"minecraft:diamond_block":757,"minecraft:potatoes":240,"minecraft:magenta_concrete_powder":7,"minecraft:smooth_quartz_stairs":18,"minecraft:bamboo":78,"minecraft:white_wool":87,"minecraft:cake":47,"minecraft:smithing_table":45,"minecraft:light_gray_carpet":41,"minecraft:gray_concrete":21207,"minecraft:comparator":576,"minecraft:brown_carpet":26,"minecraft:stone_brick_slab":409,"minecraft:observer":1578,"minecraft:smooth_sandstone":3371,"minecraft:light_gray_concrete_powder":248,"minecraft:spruce_button":33,"minecraft:emerald_ore":62,"minecraft:sponge":52,"minecraft:dropper":618,"minecraft:purple_bed":1,"minecraft:lime_glazed_terracotta":2,"minecraft:purple_stained_glass":44,"minecraft:prismarine_brick_slab":410,"minecraft:white_carpet":141,"minecraft:spruce_log":3655,"minecraft:birch_leaves":587,"minecraft:jungle_fence":4,"minecraft:quartz_pillar":323,"minecraft:red_wall_banner":29,"minecraft:mycelium":20647,"minecraft:dark_oak_sign":3,"minecraft:pink_stained_glass_pane":2,"minecraft:acacia_planks":62,"minecraft:spruce_fence_gate":36,"minecraft:infested_stone":132,"minecraft:black_shulker_box":656,"minecraft:spruce_planks":1076,"minecraft:jungle_slab":83,"minecraft:cobblestone_stairs":200,"minecraft:potted_cactus":2,"minecraft:dead_tube_coral_block":12,"minecraft:grass_block":37672,"minecraft:blue_concrete":178,"minecraft:purple_stained_glass_pane":3,"minecraft:sandstone_stairs":613,"minecraft:smooth_stone":5557,"minecraft:glowstone":432,"minecraft:iron_ore":6436,"minecraft:potted_red_mushroom":1,"minecraft:black_carpet":69,"minecraft:anvil":86,"minecraft:azure_bluet":8,"minecraft:dark_oak_stairs":128,"minecraft:purple_carpet":4,"minecraft:birch_wall_sign":47,"minecraft:end_stone_bricks":1275,"minecraft:brain_coral_block":22,"minecraft:green_bed":3,"minecraft:dead_bubble_coral_block":15,"minecraft:cyan_terracotta":12429,"minecraft:clay":701,"minecraft:chiseled_quartz_block":122,"minecraft:dead_fire_coral_fan":1,"minecraft:poppy":103,"minecraft:chest":2140,"minecraft:mushroom_stem":582,"minecraft:cobblestone":4221,"minecraft:birch_wood":6,"minecraft:slime_block":4784,"minecraft:grindstone":12,"minecraft:prismarine":8951,"minecraft:magenta_shulker_box":156,"minecraft:seagrass":352,"minecraft:light_gray_glazed_terracotta":95,"minecraft:acacia_sapling":5,"minecraft:brown_concrete_powder":61,"minecraft:nether_wart_block":49,"minecraft:birch_log":503,"minecraft:yellow_wool":211,"minecraft:birch_trapdoor":8,"minecraft:stripped_oak_wood":63,"minecraft:purpur_block":971,"minecraft:activator_rail":28,"minecraft:light_gray_wool":3,"minecraft:orange_tulip":8,"minecraft:yellow_stained_glass_pane":4,"minecraft:green_glazed_terracotta":21,"minecraft:acacia_fence":17,"minecraft:sand":124768,"minecraft:infested_cracked_stone_bricks":1,"minecraft:tripwire_hook":18,"minecraft:wither_skeleton_skull":10,"minecraft:netherrack":57548,"minecraft:potted_red_tulip":2,"minecraft:oak_leaves":4431,"minecraft:magenta_wool":23,"minecraft:horn_coral_block":18,"minecraft:emerald_block":253,"minecraft:redstone_lamp":407,"minecraft:diamond_ore":936,"minecraft:tube_coral":2,"minecraft:red_carpet":26,"minecraft:gray_shulker_box":366,"minecraft:gray_stained_glass_pane":453,"minecraft:dark_oak_pressure_plate":5,"minecraft:black_banner":1,"minecraft:brick_stairs":12,"minecraft:light_blue_glazed_terracotta":2,"minecraft:white_stained_glass":1958,"minecraft:polished_andesite_slab":35,"minecraft:sandstone":27006,"minecraft:large_fern":1,"minecraft:diorite_slab":2,"minecraft:oak_trapdoor":62,"minecraft:red_concrete_powder":73,"minecraft:spruce_sapling":6,"minecraft:furnace":333,"minecraft:carrots":750,"minecraft:black_glazed_terracotta":57,"minecraft:chiseled_sandstone":16,"minecraft:stripped_spruce_log":53,"minecraft:dark_oak_fence_gate":4,"minecraft:black_concrete":1985,"minecraft:dead_horn_coral_block":11,"minecraft:bell":2,"minecraft:lantern":24,"minecraft:stripped_acacia_log":1,"minecraft:stripped_jungle_log":14,"minecraft:packed_ice":71206,"minecraft:chorus_plant":4,"minecraft:white_tulip":8,"minecraft:stone":418949,"minecraft:yellow_shulker_box":1345,"minecraft:redstone_wall_torch":440,"minecraft:birch_pressure_plate":2,"minecraft:podzol":27,"minecraft:light_blue_shulker_box":577,"minecraft:red_wool":100,"minecraft:infested_stone_bricks":6,"minecraft:brick_wall":4,"minecraft:red_banner":26,"minecraft:crafting_table":508,"minecraft:cyan_stained_glass_pane":27,"minecraft:oak_wood":20,"minecraft:lime_concrete_powder":41,"minecraft:andesite_slab":37,"minecraft:lectern":1490,"minecraft:andesite_wall":16,"minecraft:lapis_ore":509,"minecraft:lily_pad":7,"minecraft:spruce_stairs":240,"minecraft:gray_wool":160,"minecraft:cactus":56,"minecraft:lime_bed":11,"minecraft:gray_concrete_powder":565,"minecraft:green_shulker_box":139,"minecraft:redstone_torch":613,"minecraft:magenta_terracotta":5,"minecraft:sweet_berry_bush":112,"minecraft:gray_bed":34,"minecraft:yellow_bed":49,"minecraft:dead_brain_coral_block":28,"minecraft:potted_azure_bluet":1,"minecraft:coal_ore":10451,"minecraft:end_rod":1220,"minecraft:bubble_coral_wall_fan":2,"minecraft:gray_carpet":444,"minecraft:terracotta":4967,"minecraft:acacia_wall_sign":4,"minecraft:polished_andesite":1303,"minecraft:birch_fence":39},"minecraft:killed":{"minecraft:cod":18,"minecraft:guardian":22495,"minecraft:skeleton_horse":1,"minecraft:elder_guardian":4,"minecraft:salmon":45,"minecraft:iron_golem":1,"minecraft:pillager":133,"minecraft:zombie":1484,"minecraft:evoker":11,"minecraft:zombie_pigman":10561,"minecraft:vindicator":54,"minecraft:endermite":30,"minecraft:snow_golem":4,"minecraft:husk":122,"minecraft:rabbit":2,"minecraft:ravager":10,"minecraft:polar_bear":5,"minecraft:witch":19,"minecraft:spider":413,"minecraft:wither":200,"minecraft:silverfish":81,"minecraft:zombie_villager":39,"minecraft:sheep":65,"minecraft:trader_llama":8,"minecraft:mooshroom":33,"minecraft:ghast":384,"minecraft:vex":11,"minecraft:slime":1825,"minecraft:drowned":279,"minecraft:squid":147,"minecraft:wither_skeleton":20438,"minecraft:villager":201,"minecraft:cave_spider":434,"minecraft:shulker":1477,"minecraft:pufferfish":17,"minecraft:skeleton":5939,"minecraft:chicken":69,"minecraft:magma_cube":306,"minecraft:cow":93,"minecraft:horse":1,"minecraft:wandering_trader":5,"minecraft:enderman":9807,"minecraft:turtle":4,"minecraft:wolf":1,"minecraft:pig":19,"minecraft:creeper":839,"minecraft:stray":8,"minecraft:blaze":13944,"minecraft:phantom":116,"minecraft:llama":2,"minecraft:bat":109},"minecraft:dropped":{"minecraft:iron_sword":15,"minecraft:porkchop":8,"minecraft:lapis_lazuli":282,"minecraft:chorus_fruit":9,"minecraft:cyan_glazed_terracotta":15,"minecraft:glass_bottle":132,"minecraft:diamond":845,"minecraft:crafting_table":70,"minecraft:lime_concrete_powder":131,"minecraft:lime_stained_glass":41,"minecraft:dark_oak_slab":144,"minecraft:cracked_stone_bricks":18,"minecraft:quartz_pillar":13,"minecraft:red_mushroom":350,"minecraft:emerald":491,"minecraft:gold_block":2,"minecraft:gray_concrete":793,"minecraft:birch_fence":15,"minecraft:dark_oak_fence":13,"minecraft:dark_oak_trapdoor":128,"minecraft:gold_nugget":855,"minecraft:writable_book":4,"minecraft:acacia_fence_gate":17,"minecraft:sand":8723,"minecraft:purple_wool":2,"minecraft:fishing_rod":27,"minecraft:fermented_spider_eye":1,"minecraft:dark_oak_planks":240,"minecraft:white_wool":183,"minecraft:birch_stairs":6,"minecraft:diorite_slab":2,"minecraft:tropical_fish_bucket":13,"minecraft:dark_oak_door":6,"minecraft:stone_axe":64,"minecraft:compass":74,"minecraft:lever":33,"minecraft:diamond_block":242,"minecraft:iron_nugget":1207,"minecraft:cooked_chicken":3,"minecraft:black_carpet":49,"minecraft:wheat":27,"minecraft:obsidian":139,"minecraft:stripped_dark_oak_log":15,"minecraft:rotten_flesh":7710,"minecraft:oak_planks":402,"minecraft:birch_wood":7,"minecraft:glowstone_dust":9,"minecraft:nether_brick_fence":98,"minecraft:azure_bluet":8,"minecraft:blue_stained_glass":1,"minecraft:red_mushroom_block":360,"minecraft:sea_lantern":18044,"minecraft:orange_banner":2,"minecraft:coal_ore":2286,"minecraft:diorite_wall":3,"minecraft:quartz_block":204,"minecraft:jungle_log":258,"minecraft:leather_boots":15,"minecraft:acacia_sapling":23,"minecraft:leather_leggings":22,"minecraft:painting":1,"minecraft:glass":533,"minecraft:beef":242,"minecraft:podzol":4,"minecraft:stone_brick_stairs":78,"minecraft:cartography_table":1,"minecraft:golden_boots":21,"minecraft:orange_shulker_box":1,"minecraft:black_dye":64,"minecraft:wheat_seeds":1056,"minecraft:clock":4,"minecraft:light_gray_stained_glass_pane":156,"minecraft:prismarine_crystals":8263,"minecraft:book":177,"minecraft:yellow_carpet":35,"minecraft:golden_apple":3,"minecraft:mushroom_stew":4,"minecraft:coal_block":4,"minecraft:acacia_sign":1,"minecraft:lava_bucket":2,"minecraft:dark_oak_leaves":3,"minecraft:brown_concrete_powder":1,"minecraft:gray_wool":92,"minecraft:ink_sac":93,"minecraft:cooked_salmon":2,"minecraft:lapis_ore":36,"minecraft:potion":38,"minecraft:stripped_birch_log":13,"minecraft:oak_stairs":23,"minecraft:green_glazed_terracotta":2,"minecraft:pumpkin":827,"minecraft:white_banner":9,"minecraft:smooth_sandstone_slab":10,"minecraft:jungle_boat":3,"minecraft:red_dye":152,"minecraft:smooth_stone":549,"minecraft:chainmail_leggings":14,"minecraft:smooth_sandstone":1967,"minecraft:lily_pad":1,"minecraft:blue_carpet":2,"minecraft:acacia_planks":139,"minecraft:pink_stained_glass_pane":14,"minecraft:stone_brick_slab":202,"minecraft:snow_block":741,"minecraft:bricks":38,"minecraft:green_terracotta":2,"minecraft:player_head":128,"minecraft:cocoa_beans":6,"minecraft:green_bed":1,"minecraft:sticky_piston":54,"minecraft:orange_concrete":82,"minecraft:experience_bottle":12,"minecraft:stone_shovel":56,"minecraft:red_banner":9,"minecraft:white_carpet":78,"minecraft:clay_ball":4,"minecraft:iron_boots":29,"minecraft:damaged_anvil":1,"minecraft:name_tag":35,"minecraft:light_gray_concrete":276,"minecraft:white_terracotta":25,"minecraft:white_shulker_box":40,"minecraft:oak_sign":113,"minecraft:shears":30,"minecraft:suspicious_stew":18,"minecraft:diamond_sword":29,"minecraft:cyan_wool":191,"minecraft:spruce_boat":12,"minecraft:flower_pot":125,"minecraft:sea_pickle":3,"minecraft:peony":2,"minecraft:spruce_trapdoor":71,"minecraft:spruce_planks":504,"minecraft:diamond_pickaxe":47,"minecraft:light_blue_carpet":2,"minecraft:pink_shulker_box":2,"minecraft:andesite_stairs":11,"minecraft:redstone_torch":24,"minecraft:stone_pressure_plate":245,"minecraft:barrel":8,"minecraft:stone_bricks":4396,"minecraft:bamboo":9525,"minecraft:sandstone":357,"minecraft:bow":241,"minecraft:green_concrete_powder":186,"minecraft:magma_block":71,"minecraft:terracotta":262,"minecraft:nether_brick_stairs":1,"minecraft:blue_shulker_box":1,"minecraft:acacia_boat":6,"minecraft:soul_sand":1247,"minecraft:oak_log":129,"minecraft:loom":1,"minecraft:ender_pearl":7863,"minecraft:nether_star":6,"minecraft:dark_oak_sapling":1,"minecraft:lime_terracotta":3,"minecraft:leather":68,"minecraft:jungle_planks":241,"minecraft:red_wool":10,"minecraft:iron_horse_armor":1,"minecraft:birch_slab":204,"minecraft:cod":21896,"minecraft:cobblestone_stairs":274,"minecraft:redstone_lamp":7,"minecraft:dark_oak_log":119,"minecraft:packed_ice":5113,"minecraft:ice":1890,"minecraft:dark_oak_wood":2,"minecraft:mutton":70,"minecraft:snowball":168,"minecraft:prismarine_brick_slab":215,"minecraft:jungle_sign":1,"minecraft:wet_sponge":26,"minecraft:black_concrete":451,"minecraft:pink_glazed_terracotta":14,"minecraft:cauldron":2,"minecraft:gold_ingot":1817,"minecraft:red_glazed_terracotta":24,"minecraft:pink_terracotta":12,"minecraft:magenta_stained_glass":2,"minecraft:purpur_block":174,"minecraft:andesite_slab":67,"minecraft:smooth_sandstone_stairs":19,"minecraft:purple_banner":1,"minecraft:yellow_stained_glass":10,"minecraft:cyan_shulker_box":2,"minecraft:mycelium":10804,"minecraft:birch_fence_gate":23,"minecraft:mushroom_stem":87,"minecraft:leather_chestplate":13,"minecraft:trident":12,"minecraft:cyan_banner":4,"minecraft:oak_wood":1,"minecraft:dropper":143,"minecraft:beetroot_seeds":3,"minecraft:acacia_slab":5,"minecraft:stone_brick_wall":92,"minecraft:iron_ore":3014,"minecraft:birch_button":86,"minecraft:iron_bars":320,"minecraft:scaffolding":413,"minecraft:white_concrete_powder":451,"minecraft:light_gray_concrete_powder":130,"minecraft:magenta_wool":58,"minecraft:polished_granite":475,"minecraft:splash_potion":5,"minecraft:acacia_pressure_plate":2,"minecraft:stone_hoe":37,"minecraft:bread":307,"minecraft:vine":11,"minecraft:golden_helmet":28,"minecraft:lilac":36,"minecraft:yellow_concrete":42,"minecraft:andesite_wall":7,"minecraft:activator_rail":7,"minecraft:tropical_fish":7,"minecraft:spruce_stairs":128,"minecraft:acacia_log":85,"minecraft:acacia_trapdoor":1,"minecraft:spruce_fence_gate":50,"minecraft:iron_block":951,"minecraft:milk_bucket":2,"minecraft:green_dye":4821,"minecraft:light_blue_wool":1,"minecraft:repeater":162,"minecraft:white_concrete":2639,"minecraft:melon_slice":290,"minecraft:light_gray_shulker_box":1,"minecraft:yellow_shulker_box":93,"minecraft:iron_door":62,"minecraft:light_gray_stained_glass":196,"minecraft:jungle_leaves":11,"minecraft:music_disc_ward":1,"minecraft:polished_andesite_stairs":15,"minecraft:stonecutter":1,"minecraft:cactus":3284,"minecraft:light_blue_stained_glass_pane":28,"minecraft:tripwire_hook":18,"minecraft:redstone_block":136,"minecraft:chiseled_sandstone":3,"minecraft:polished_diorite":551,"minecraft:sweet_berries":121,"minecraft:kelp":3438,"minecraft:oak_trapdoor":77,"minecraft:dragon_head":1,"minecraft:gray_glazed_terracotta":1,"minecraft:light_gray_terracotta":7,"minecraft:lime_concrete":3,"minecraft:comparator":80,"minecraft:stripped_oak_log":3,"minecraft:green_concrete":13,"minecraft:totem_of_undying":8,"minecraft:shulker_box":65,"minecraft:flint_and_steel":18,"minecraft:gray_terracotta":12,"minecraft:oak_button":34,"minecraft:andesite":16524,"minecraft:golden_leggings":28,"minecraft:oak_sapling":203,"minecraft:birch_sign":82,"minecraft:gray_concrete_powder":66,"minecraft:spruce_log":109,"minecraft:wooden_pickaxe":15,"minecraft:nautilus_shell":9,"minecraft:magma_cream":17,"minecraft:brick":397,"minecraft:magenta_terracotta":48,"minecraft:acacia_wood":6,"minecraft:piston":2,"minecraft:cooked_beef":107,"minecraft:oak_pressure_plate":2,"minecraft:sandstone_stairs":214,"minecraft:orange_tulip":7,"minecraft:crossbow":17,"minecraft:cookie":1752,"minecraft:dark_oak_button":8,"minecraft:saddle":9,"minecraft:purpur_stairs":40,"minecraft:elytra":11,"minecraft:rail":1050,"minecraft:leather_helmet":19,"minecraft:red_carpet":34,"minecraft:item_frame":8,"minecraft:light_weighted_pressure_plate":4,"minecraft:red_shulker_box":5,"minecraft:dirt":24732,"minecraft:melon":816,"minecraft:grass":7,"minecraft:stone_button":3253,"minecraft:yellow_dye":99,"minecraft:jack_o_lantern":1,"minecraft:wooden_sword":23,"minecraft:bone_meal":1057,"minecraft:bone_block":691,"minecraft:sunflower":180,"minecraft:phantom_membrane":14,"minecraft:sugar":157,"minecraft:iron_pickaxe":23,"minecraft:dark_oak_boat":4,"minecraft:gray_dye":9,"minecraft:cyan_carpet":21,"minecraft:bone":5946,"minecraft:green_wool":1,"minecraft:oak_door":7,"minecraft:emerald_block":135,"minecraft:sugar_cane":344,"minecraft:polished_andesite_slab":75,"minecraft:pink_bed":1,"minecraft:golden_chestplate":25,"minecraft:detector_rail":4,"minecraft:pink_dye":3,"minecraft:birch_sapling":11,"minecraft:blue_wool":437,"minecraft:enchanted_golden_apple":1,"minecraft:lime_dye":4,"minecraft:end_stone":46,"minecraft:light_gray_carpet":25,"minecraft:green_banner":1,"minecraft:jungle_trapdoor":3,"minecraft:white_bed":2,"minecraft:dark_oak_fence_gate":38,"minecraft:salmon":513,"minecraft:acacia_button":4,"minecraft:black_glazed_terracotta":3,"minecraft:tipped_arrow":4,"minecraft:heavy_weighted_pressure_plate":13,"minecraft:charcoal":12,"minecraft:cod_bucket":3,"minecraft:hopper":85,"minecraft:ladder":156,"minecraft:yellow_banner":4,"minecraft:white_dye":158,"minecraft:spruce_slab":46,"minecraft:end_stone_bricks":178,"minecraft:campfire":23,"minecraft:ghast_tear":4,"minecraft:lectern":5,"minecraft:egg":343,"minecraft:enchanted_book":102,"minecraft:iron_ingot":4041,"minecraft:blue_stained_glass_pane":1,"minecraft:cyan_stained_glass":16,"minecraft:gray_stained_glass_pane":176,"minecraft:tnt":14,"minecraft:dark_prismarine_slab":6,"minecraft:yellow_terracotta":685,"minecraft:purpur_slab":92,"minecraft:oak_fence":99,"minecraft:feather":684,"minecraft:iron_helmet":16,"minecraft:cobblestone":86966,"minecraft:apple":336,"minecraft:granite":18724,"minecraft:spruce_button":15,"minecraft:stripped_jungle_log":2,"minecraft:spruce_door":5,"minecraft:purple_dye":1,"minecraft:chainmail_helmet":14,"minecraft:coal":1335,"minecraft:pufferfish":106,"minecraft:polished_andesite":392,"minecraft:end_rod":355,"minecraft:oxeye_daisy":6,"minecraft:iron_trapdoor":21,"minecraft:golden_carrot":216,"minecraft:sponge":106,"minecraft:wooden_hoe":1,"minecraft:gray_bed":2,"minecraft:rose_bush":4,"minecraft:yellow_glazed_terracotta":12,"minecraft:diamond_helmet":11,"minecraft:lime_carpet":53,"minecraft:pufferfish_bucket":1,"minecraft:dead_bush":33,"minecraft:dried_kelp":131,"minecraft:heart_of_the_sea":2,"minecraft:orange_concrete_powder":5,"minecraft:magenta_glazed_terracotta":12,"minecraft:prismarine_slab":122,"minecraft:iron_shovel":103,"minecraft:paper":1642,"minecraft:string":2427,"minecraft:gray_carpet":149,"minecraft:magenta_shulker_box":3,"minecraft:spruce_sapling":98,"minecraft:pink_tulip":6,"minecraft:purpur_pillar":166,"minecraft:furnace":62,"minecraft:redstone_ore":110,"minecraft:jungle_fence_gate":1,"minecraft:stone_sword":718,"minecraft:cobblestone_wall":118,"minecraft:dark_oak_sign":5,"minecraft:smooth_stone_slab":1204,"minecraft:bowl":10,"minecraft:diamond_hoe":15,"minecraft:chicken":229,"minecraft:blue_concrete":1,"minecraft:slime_block":1278,"minecraft:stone_slab":546,"minecraft:magenta_concrete":1,"minecraft:orange_wool":3,"minecraft:nether_bricks":60,"minecraft:spruce_fence":121,"minecraft:pumpkin_seeds":1631,"minecraft:purple_stained_glass":2,"minecraft:lily_of_the_valley":2,"minecraft:light_blue_dye":20,"minecraft:potato":4203,"minecraft:cobblestone_slab":205,"minecraft:hay_block":8,"minecraft:stone":146519,"minecraft:allium":36,"minecraft:wooden_shovel":2,"minecraft:carved_pumpkin":24,"minecraft:spider_eye":332,"minecraft:brown_carpet":14,"minecraft:light_gray_dye":26,"minecraft:rabbit_stew":2,"minecraft:birch_boat":11,"minecraft:red_tulip":137,"minecraft:bell":9,"minecraft:dark_prismarine":5,"minecraft:black_wool":8,"minecraft:quartz_slab":179,"minecraft:gold_ore":300,"minecraft:spruce_sign":8,"minecraft:birch_planks":213,"minecraft:brown_mushroom":575,"minecraft:dark_oak_stairs":182,"minecraft:diamond_axe":24,"minecraft:baked_potato":1130,"minecraft:lime_shulker_box":18,"minecraft:sandstone_slab":46,"minecraft:lantern":131,"minecraft:lime_stained_glass_pane":112,"minecraft:flint":228,"minecraft:music_disc_11":1,"minecraft:spruce_leaves":232,"minecraft:cyan_terracotta":2450,"minecraft:jungle_button":1,"minecraft:dispenser":1,"minecraft:cornflower":5,"minecraft:seagrass":52,"minecraft:cooked_cod":112,"minecraft:cut_sandstone":28,"minecraft:white_stained_glass_pane":172,"minecraft:pumpkin_pie":96,"minecraft:acacia_door":12,"minecraft:birch_log":818,"minecraft:black_stained_glass":789,"minecraft:brown_mushroom_block":257,"minecraft:armor_stand":23,"minecraft:gravel":7588,"minecraft:white_tulip":8,"minecraft:yellow_wool":104,"minecraft:lime_wool":124,"minecraft:black_terracotta":139,"minecraft:fern":9,"minecraft:diamond_shovel":37,"minecraft:prismarine":1286,"minecraft:stone_stairs":30,"minecraft:carrot":21505,"minecraft:brown_shulker_box":23,"minecraft:chainmail_chestplate":7,"minecraft:chiseled_stone_bricks":830,"minecraft:shulker_shell":483,"minecraft:poppy":194,"minecraft:oak_fence_gate":2,"minecraft:gunpowder":2214,"minecraft:birch_trapdoor":2,"minecraft:melon_seeds":53,"minecraft:spruce_pressure_plate":5,"minecraft:glowstone":137,"minecraft:spruce_wood":1,"minecraft:chainmail_boots":16,"minecraft:chest":398,"minecraft:arrow":3279,"minecraft:cyan_concrete":11,"minecraft:gray_shulker_box":3,"minecraft:powered_rail":195,"minecraft:prismarine_bricks":3856,"minecraft:quartz":15,"minecraft:written_book":30,"minecraft:oak_leaves":56,"minecraft:netherrack":33093,"minecraft:firework_rocket":813,"minecraft:water_bucket":36,"minecraft:oak_slab":62,"minecraft:magenta_carpet":2,"minecraft:mossy_cobblestone":55,"minecraft:minecart":57,"minecraft:bookshelf":258,"minecraft:cyan_dye":2,"minecraft:diamond_leggings":20,"minecraft:poisonous_potato":8,"minecraft:prismarine_shard":29247,"minecraft:lead":33,"minecraft:spectral_arrow":73,"minecraft:observer":60,"minecraft:dark_oak_pressure_plate":36,"minecraft:grass_block":8532,"minecraft:stick":2475,"minecraft:blue_dye":1,"minecraft:diorite":25019,"minecraft:light_blue_stained_glass":14,"minecraft:torch":1106,"minecraft:smooth_quartz":1,"minecraft:map":8,"minecraft:green_carpet":40,"minecraft:iron_leggings":14,"minecraft:wither_rose":64,"minecraft:iron_axe":65,"minecraft:bucket":94,"minecraft:lapis_block":47,"minecraft:dandelion":112,"minecraft:redstone":1614,"minecraft:red_concrete":3,"minecraft:jungle_pressure_plate":8,"minecraft:nether_brick_slab":315,"minecraft:anvil":6,"minecraft:gray_stained_glass":1435,"minecraft:ender_chest":14,"minecraft:coarse_dirt":221,"minecraft:nether_wart":2,"minecraft:blaze_rod":966,"minecraft:composter":5,"minecraft:dead_bubble_coral_block":1,"minecraft:wither_skeleton_skull":57,"minecraft:light_gray_wool":2,"minecraft:iron_hoe":5,"minecraft:cyan_stained_glass_pane":1,"minecraft:acacia_leaves":62,"minecraft:glass_pane":9,"minecraft:red_terracotta":141,"minecraft:prismarine_stairs":16,"minecraft:filled_map":62,"minecraft:snow":1980,"minecraft:shield":15,"minecraft:diamond_chestplate":9,"minecraft:orange_terracotta":11,"minecraft:iron_chestplate":7,"minecraft:cake":19,"minecraft:quartz_stairs":22,"minecraft:mossy_stone_bricks":21,"minecraft:pink_wool":2,"minecraft:blue_ice":3,"minecraft:oak_boat":13,"minecraft:golden_sword":384,"minecraft:slime_ball":2685,"minecraft:diamond_boots":22,"minecraft:stripped_acacia_log":1,"minecraft:beacon":14,"minecraft:stone_pickaxe":33,"minecraft:nether_quartz_ore":39,"minecraft:white_stained_glass":130,"minecraft:light_blue_bed":1,"minecraft:light_blue_shulker_box":6},"minecraft:custom":{"minecraft:interact_with_crafting_table":6723,"minecraft:damage_blocked_by_shield":760,"minecraft:deaths":208,"minecraft:jump":1097347,"minecraft:play_record":21,"minecraft:interact_with_cartography_table":3,"minecraft:interact_with_smoker":7,"minecraft:inspect_dispenser":2465,"minecraft:horse_one_cm":545714,"minecraft:inspect_dropper":4979,"minecraft:inspect_hopper":8339,"minecraft:tune_noteblock":148647,"minecraft:time_since_rest":153,"minecraft:swim_one_cm":39495754,"minecraft:open_chest":56788,"minecraft:open_shulker_box":56954,"minecraft:damage_resisted":62368,"minecraft:play_noteblock":1282,"minecraft:talked_to_villager":13905,"minecraft:interact_with_brewingstand":250,"minecraft:interact_with_beacon":160,"minecraft:fill_cauldron":9,"minecraft:damage_dealt_resisted":264,"minecraft:raid_win":4,"minecraft:boat_one_cm":75853686,"minecraft:damage_taken":632065,"minecraft:aviate_one_cm":1407993715,"minecraft:open_barrel":3548,"minecraft:bell_ring":38,"minecraft:leave_game":2116,"minecraft:time_since_death":185048,"minecraft:eat_cake_slice":30,"minecraft:enchant_item":41,"minecraft:interact_with_furnace":4066,"minecraft:traded_with_villager":60027,"minecraft:sleep_in_bed":2546,"minecraft:damage_dealt":3569770,"minecraft:use_cauldron":22,"minecraft:sneak_time":3613993,"minecraft:interact_with_lectern":378,"minecraft:interact_with_blast_furnace":13,"minecraft:interact_with_stonecutter":6,"minecraft:fly_one_cm":380591347,"minecraft:fall_one_cm":26087411,"minecraft:fish_caught":2089,"minecraft:animals_bred":50,"minecraft:sprint_one_cm":237146798,"minecraft:drop":27873,"minecraft:walk_on_water_one_cm":21497051,"minecraft:play_one_minute":122489008,"minecraft:interact_with_loom":7,"minecraft:open_enderchest":9032,"minecraft:player_kills":15,"minecraft:crouch_one_cm":13265569,"minecraft:mob_kills":96180,"minecraft:climb_one_cm":2122485,"minecraft:walk_one_cm":232708967,"minecraft:walk_under_water_one_cm":39439512,"minecraft:raid_trigger":7,"minecraft:pot_flower":27,"minecraft:damage_absorbed":360,"minecraft:trigger_trapped_chest":22,"minecraft:minecart_one_cm":1475132,"minecraft:pig_one_cm":17652},"minecraft:broken":{"minecraft:diamond_helmet":1,"minecraft:shears":26,"minecraft:iron_leggings":3,"minecraft:diamond_shovel":4,"minecraft:diamond_pickaxe":9,"minecraft:fishing_rod":1,"minecraft:iron_hoe":1,"minecraft:stone_hoe":1,"minecraft:leather_leggings":1,"minecraft:stone_pickaxe":1,"minecraft:stone_shovel":2,"minecraft:diamond_axe":1,"minecraft:iron_boots":1,"minecraft:iron_axe":7,"minecraft:iron_helmet":6,"minecraft:golden_helmet":1,"minecraft:flint_and_steel":5}},"DataVersion":1976}