{"stats":{"minecraft:used":{"minecraft:ravager_spawn_egg":1,"minecraft:sticky_piston":1,"minecraft:sea_lantern":271,"minecraft:birch_leaves":1,"minecraft:lantern":16,"minecraft:grass_block":1,"minecraft:gray_carpet":3,"minecraft:light_gray_carpet":60,"minecraft:quartz_block":1,"minecraft:stone":2,"minecraft:stone_bricks":2,"minecraft:torch":1256,"minecraft:red_carpet":1,"minecraft:diamond_sword":204,"minecraft:oak_leaves":1,"minecraft:repeater":1,"minecraft:spruce_leaves":1,"minecraft:stripped_dark_oak_log":1,"minecraft:end_crystal":1,"minecraft:birch_sign":1,"minecraft:smooth_stone_slab":1,"minecraft:stripped_spruce_log":1},"minecraft:killed_by":{"minecraft:phantom":1},"minecraft:picked_up":{"minecraft:feather":1,"minecraft:iron_chestplate":1,"minecraft:leather_chestplate":1,"minecraft:stone":6,"minecraft:repeater":1,"minecraft:chicken":1,"minecraft:andesite":1,"minecraft:brown_mushroom":1,"minecraft:torch":9,"minecraft:ice":2,"minecraft:diorite":2,"minecraft:gunpowder":4,"minecraft:string":1,"minecraft:iron_leggings":1,"minecraft:item_frame":3,"minecraft:arrow":19,"minecraft:bone":13,"minecraft:coal_ore":1,"minecraft:rotten_flesh":70,"minecraft:slime_ball":5,"minecraft:stone_bricks":1,"minecraft:kelp":1,"minecraft:granite":2,"minecraft:cobweb":1,"minecraft:saddle":1,"minecraft:oak_planks":1,"minecraft:iron_sword":1,"minecraft:cod":2,"minecraft:cobblestone":4,"minecraft:egg":1},"minecraft:dropped":{"minecraft:smooth_stone_slab":1},"minecraft:killed":{"minecraft:zombie":57,"minecraft:zombie_villager":1,"minecraft:drowned":4,"minecraft:ravager":1},"minecraft:custom":{"minecraft:time_since_rest":7791985,"minecraft:damage_taken":270,"minecraft:inspect_dropper":1,"minecraft:interact_with_furnace":2,"minecraft:sprint_one_cm":38232,"minecraft:walk_one_cm":107864,"minecraft:mob_kills":64,"minecraft:drop":1,"minecraft:damage_dealt":12137,"minecraft:fly_one_cm":70204448,"minecraft:open_chest":1,"minecraft:play_one_minute":7926950,"minecraft:crouch_one_cm":2822,"minecraft:open_shulker_box":1,"minecraft:deaths":1,"minecraft:sneak_time":139919,"minecraft:walk_under_water_one_cm":1246564,"minecraft:jump":138,"minecraft:leave_game":275,"minecraft:time_since_death":7791959,"minecraft:walk_on_water_one_cm":274555,"minecraft:climb_one_cm":2058}},"DataVersion":1976}