{"stats":{"minecraft:used":{"minecraft:red_sand":1,"minecraft:iron_shovel":1567,"minecraft:spruce_slab":684,"minecraft:chest":81,"minecraft:stone":256,"minecraft:iron_sword":318,"minecraft:quartz_stairs":7,"minecraft:player_head":1,"minecraft:tube_coral":3,"minecraft:soul_sand":29,"minecraft:prismarine_brick_stairs":85,"minecraft:acacia_sapling":4,"minecraft:stripped_spruce_log":25,"minecraft:cyan_terracotta":76,"minecraft:black_stained_glass_pane":31,"minecraft:quartz_slab":23,"minecraft:quartz_pillar":4,"minecraft:grass_block":13,"minecraft:birch_sapling":3,"minecraft:dark_oak_leaves":192,"minecraft:dark_oak_slab":331,"minecraft:stone_brick_stairs":157,"minecraft:stone_bricks":34,"minecraft:birch_trapdoor":19,"minecraft:magma_block":7,"minecraft:bow":359,"minecraft:written_book":1,"minecraft:oak_sapling":5,"minecraft:furnace":19,"minecraft:cooked_cod":18,"minecraft:potato":92,"minecraft:dark_oak_sapling":12,"minecraft:dark_oak_stairs":112,"minecraft:diorite":343,"minecraft:tube_coral_fan":6,"minecraft:spruce_door":1,"minecraft:stripped_birch_log":62,"minecraft:stone_pickaxe":274,"minecraft:prismarine":85,"minecraft:oak_planks":1,"minecraft:cactus":8,"minecraft:wooden_pickaxe":14,"minecraft:sandstone":12,"minecraft:diamond_axe":1555,"minecraft:oak_leaves":115,"minecraft:white_wool":1,"minecraft:dark_oak_trapdoor":4,"minecraft:sand":724,"minecraft:acacia_leaves":83,"minecraft:shears":258,"minecraft:birch_fence":3,"minecraft:lever":16,"minecraft:firework_rocket":4,"minecraft:birch_fence_gate":1,"minecraft:birch_slab":123,"minecraft:sign":10,"minecraft:diamond_ore":1,"minecraft:gravel":132,"minecraft:diamond_sword":438,"minecraft:coal_block":22,"minecraft:andesite":51,"minecraft:birch_log":83,"minecraft:oak_boat":1,"minecraft:coarse_dirt":62,"minecraft:bone_meal":274,"minecraft:oak_fence":4,"minecraft:oak_trapdoor":94,"minecraft:iron_bars":171,"minecraft:rose_bush":5,"minecraft:stone_sword":5,"minecraft:flint_and_steel":5,"minecraft:stone_shovel":132,"minecraft:cooked_chicken":288,"minecraft:netherrack":9,"minecraft:torch":2209,"minecraft:anvil":5,"minecraft:dirt":1444,"minecraft:white_carpet":54,"minecraft:hopper":9,"minecraft:prismarine_bricks":64,"minecraft:spruce_stairs":130,"minecraft:cod_bucket":1,"minecraft:shulker_box":12,"minecraft:salmon_bucket":2,"minecraft:polished_diorite":1050,"minecraft:granite":29,"minecraft:iron_hoe":12,"minecraft:stone_brick_slab":24,"minecraft:sea_lantern":24,"minecraft:iron_axe":252,"minecraft:oak_stairs":38,"minecraft:golden_carrot":33,"minecraft:black_stained_glass":1,"minecraft:iron_trapdoor":15,"minecraft:horn_coral_fan":6,"minecraft:brown_bed":2,"minecraft:water_bucket":311,"minecraft:prismarine_brick_slab":16,"minecraft:polished_andesite":4,"minecraft:baked_potato":136,"minecraft:bubble_coral_fan":10,"minecraft:birch_boat":1,"minecraft:gold_ore":4,"minecraft:cracked_stone_bricks":7,"minecraft:oak_slab":194,"minecraft:crafting_table":21,"minecraft:fire_coral":3,"minecraft:spruce_log":152,"minecraft:cyan_stained_glass":104,"minecraft:dark_oak_door":12,"minecraft:oak_log":6,"minecraft:piston":17,"minecraft:dark_prismarine":213,"minecraft:diamond_pickaxe":27136,"minecraft:diamond_shovel":5551,"minecraft:iron_pickaxe":2514,"minecraft:stone_slab":74,"minecraft:spruce_sapling":26,"minecraft:stone_axe":123,"minecraft:cobblestone":1187,"minecraft:cyan_stained_glass_pane":127,"minecraft:white_banner":16,"minecraft:bucket":316,"minecraft:glass_pane":29,"minecraft:kelp":89,"minecraft:stripped_oak_log":1,"minecraft:smooth_stone":86,"minecraft:birch_stairs":3},"minecraft:custom":{"minecraft:interact_with_crafting_table":217,"minecraft:open_shulker_box":20,"minecraft:leave_game":24,"minecraft:time_since_death":1763568,"minecraft:sprint_one_cm":9528672,"minecraft:damage_blocked_by_shield":115,"minecraft:drop":315,"minecraft:deaths":2,"minecraft:jump":19263,"minecraft:walk_on_water_one_cm":433175,"minecraft:enchant_item":22,"minecraft:interact_with_furnace":293,"minecraft:play_one_minute":2796052,"minecraft:sleep_in_bed":56,"minecraft:open_enderchest":1,"minecraft:damage_dealt":35794,"minecraft:crouch_one_cm":361557,"minecraft:horse_one_cm":91440,"minecraft:mob_kills":1626,"minecraft:inspect_hopper":3,"minecraft:climb_one_cm":158,"minecraft:walk_one_cm":9879274,"minecraft:sneak_time":102549,"minecraft:walk_under_water_one_cm":359217,"minecraft:boat_one_cm":610712,"minecraft:time_since_rest":111949,"minecraft:damage_taken":11051,"minecraft:swim_one_cm":683462,"minecraft:fly_one_cm":3381884,"minecraft:open_chest":2126,"minecraft:aviate_one_cm":2906666,"minecraft:fall_one_cm":283993},"minecraft:picked_up":{"minecraft:iron_chestplate":1,"minecraft:redstone_block":57,"minecraft:iron_trapdoor":10,"minecraft:anvil":2,"minecraft:prismarine_shard":1303,"minecraft:stone_slab":9,"minecraft:oak_stairs":16,"minecraft:brown_bed":1,"minecraft:enchanted_book":4,"minecraft:stone_brick_stairs":25,"minecraft:string":34,"minecraft:dark_oak_trapdoor":4,"minecraft:iron_leggings":1,"minecraft:pufferfish":2,"minecraft:red_sand":1,"minecraft:smooth_stone":92,"minecraft:rose_bush":15,"minecraft:diamond_ore":1,"minecraft:coal_block":35,"minecraft:furnace":15,"minecraft:iron_boots":1,"minecraft:dark_oak_door":2,"minecraft:golden_helmet":2,"minecraft:birch_trapdoor":15,"minecraft:torch":319,"minecraft:cyan_stained_glass":2,"minecraft:spruce_stairs":56,"minecraft:diorite":1750,"minecraft:golden_chestplate":4,"minecraft:stone_sword":1,"minecraft:cactus":87,"minecraft:rotten_flesh":55,"minecraft:tropical_fish":1,"minecraft:cyan_terracotta":13,"minecraft:obsidian":1,"minecraft:iron_bars":19,"minecraft:cod":610,"minecraft:snowball":117,"minecraft:cobblestone":8046,"minecraft:birch_log":110,"minecraft:magma_block":9,"minecraft:leather_chestplate":1,"minecraft:birch_slab":13,"minecraft:water_bucket":1,"minecraft:andesite":700,"minecraft:brown_wool":4,"minecraft:golden_leggings":3,"minecraft:potato":251,"minecraft:flint":50,"minecraft:prismarine_bricks":24,"minecraft:lapis_lazuli":1120,"minecraft:stripped_birch_log":66,"minecraft:dirt":4051,"minecraft:name_tag":1,"minecraft:sign":7,"minecraft:bone":96,"minecraft:bow":14,"minecraft:wheat_seeds":43,"minecraft:prismarine":16,"minecraft:poisonous_potato":2,"minecraft:black_stained_glass_pane":2,"minecraft:sand":1864,"minecraft:stripped_spruce_log":25,"minecraft:ink_sac":8,"minecraft:grass_block":13,"minecraft:shulker_box":12,"minecraft:dark_oak_log":97,"minecraft:dark_prismarine":35,"minecraft:diamond":408,"minecraft:spruce_boat":1,"minecraft:lever":16,"minecraft:granite":684,"minecraft:bone_meal":64,"minecraft:golden_apple":1,"minecraft:cyan_dye":64,"minecraft:oak_sapling":69,"minecraft:netherrack":15,"minecraft:oak_leaves":209,"minecraft:diamond_pickaxe":1,"minecraft:coarse_dirt":9,"minecraft:crafting_table":17,"minecraft:azure_bluet":6,"minecraft:clay_ball":170,"minecraft:leather_leggings":3,"minecraft:brown_mushroom":2,"minecraft:wooden_pickaxe":1,"minecraft:shield":1,"minecraft:oak_trapdoor":12,"minecraft:quartz_slab":19,"minecraft:white_carpet":19,"minecraft:iron_shovel":2,"minecraft:birch_fence":1,"minecraft:cracked_stone_bricks":1,"minecraft:oak_boat":2,"minecraft:player_head":7,"minecraft:poppy":23,"minecraft:spruce_slab":336,"minecraft:chest":26,"minecraft:birch_sapling":14,"minecraft:piston":17,"minecraft:egg":5,"minecraft:dark_oak_sapling":20,"minecraft:sandstone":12,"minecraft:stone":3195,"minecraft:redstone":5565,"minecraft:prismarine_crystals":475,"minecraft:dark_oak_planks":20,"minecraft:arrow":93,"minecraft:cooked_cod":3,"minecraft:rail":7,"minecraft:white_wool":132,"minecraft:lapis_ore":29,"minecraft:stripped_oak_log":6,"minecraft:birch_leaves":53,"minecraft:salmon":8,"minecraft:red_mushroom":1,"minecraft:birch_planks":6,"minecraft:oak_log":232,"minecraft:golden_boots":2,"minecraft:gunpowder":46,"minecraft:white_banner":8,"minecraft:apple":10,"minecraft:stone_bricks":13,"minecraft:kelp":145,"minecraft:iron_ingot":81,"minecraft:cooked_chicken":5,"minecraft:iron_ore":1821,"minecraft:prismarine_brick_slab":15,"minecraft:iron_sword":4,"minecraft:acacia_sapling":6,"minecraft:soul_sand":44,"minecraft:dark_oak_stairs":36,"minecraft:oak_slab":2,"minecraft:prismarine_brick_stairs":23,"minecraft:dark_oak_slab":225,"minecraft:stone_brick_slab":20,"minecraft:quartz":87,"minecraft:dandelion":3,"minecraft:gravel":593,"minecraft:spruce_sapling":52,"minecraft:spruce_log":475,"minecraft:gold_ore":200,"minecraft:sea_lantern":9,"minecraft:spruce_door":1,"minecraft:spider_eye":2,"minecraft:coal_ore":894,"minecraft:polished_diorite":242,"minecraft:iron_helmet":1,"minecraft:redstone_ore":615,"minecraft:diamond_axe":1,"minecraft:terracotta":214,"minecraft:baked_potato":19,"minecraft:coal":2097,"minecraft:ender_pearl":2},"minecraft:crafted":{"minecraft:smooth_stone":126,"minecraft:oak_planks":772,"minecraft:birch_boat":1,"minecraft:birch_slab":132,"minecraft:stone":384,"minecraft:lever":1,"minecraft:diamond_shovel":3,"minecraft:cracked_stone_bricks":64,"minecraft:heavy_weighted_pressure_plate":1,"minecraft:quartz_pillar":4,"minecraft:iron_bars":192,"minecraft:hopper":9,"minecraft:dark_oak_door":12,"minecraft:quartz_block":21,"minecraft:glass":320,"minecraft:stone_brick_slab":18,"minecraft:diamond_helmet":1,"minecraft:diamond_leggings":1,"minecraft:iron_boots":2,"minecraft:cyan_stained_glass_pane":160,"minecraft:birch_fence_gate":1,"minecraft:cyan_terracotta":64,"minecraft:chest":83,"minecraft:stone_bricks":436,"minecraft:oak_fence":15,"minecraft:sea_lantern":37,"minecraft:white_banner":8,"minecraft:blue_stained_glass":192,"minecraft:quartz_stairs":8,"minecraft:oak_slab":252,"minecraft:wooden_shovel":1,"minecraft:diamond_axe":3,"minecraft:crafting_table":11,"minecraft:spruce_planks":1024,"minecraft:iron_helmet":2,"minecraft:baked_potato":159,"minecraft:wooden_pickaxe":1,"minecraft:prismarine_bricks":48,"minecraft:spruce_door":3,"minecraft:brown_bed":1,"minecraft:birch_planks":176,"minecraft:prismarine_brick_slab":12,"minecraft:stone_brick_stairs":272,"minecraft:dark_oak_slab":276,"minecraft:iron_chestplate":2,"minecraft:charcoal":13,"minecraft:diamond_pickaxe":8,"minecraft:shield":4,"minecraft:birch_fence":3,"minecraft:stick":624,"minecraft:stone_slab":390,"minecraft:iron_ingot":399,"minecraft:iron_pickaxe":10,"minecraft:iron_block":13,"minecraft:stone_sword":1,"minecraft:cactus_green":51,"minecraft:birch_stairs":32,"minecraft:dark_prismarine":49,"minecraft:shears":3,"minecraft:polished_andesite":4,"minecraft:coarse_dirt":128,"minecraft:stone_shovel":3,"minecraft:prismarine":51,"minecraft:coal":126,"minecraft:furnace":15,"minecraft:piston":1,"minecraft:dark_oak_trapdoor":2,"minecraft:bone_meal":408,"minecraft:prismarine_brick_stairs":72,"minecraft:cyan_stained_glass":192,"minecraft:white_carpet":39,"minecraft:oak_trapdoor":100,"minecraft:diamond_block":2,"minecraft:glass_pane":48,"minecraft:flint_and_steel":1,"minecraft:terracotta":42,"minecraft:spruce_stairs":88,"minecraft:polished_diorite":928,"minecraft:iron_axe":1,"minecraft:spruce_slab":414,"minecraft:iron_hoe":1,"minecraft:stone_pickaxe":4,"minecraft:diamond_boots":2,"minecraft:quartz_slab":6,"minecraft:redstone_block":535,"minecraft:dark_oak_planks":316,"minecraft:coal_block":92,"minecraft:cooked_cod":256,"minecraft:diamond_sword":3,"minecraft:cyan_dye":88,"minecraft:iron_trapdoor":5,"minecraft:dark_oak_stairs":112,"minecraft:iron_sword":3,"minecraft:bucket":1,"minecraft:sign":9,"minecraft:stone_axe":1,"minecraft:air":0,"minecraft:black_stained_glass":64,"minecraft:oak_stairs":40,"minecraft:birch_trapdoor":20,"minecraft:black_stained_glass_pane":48,"minecraft:iron_shovel":8,"minecraft:iron_leggings":2,"minecraft:anvil":4,"minecraft:torch":1964,"minecraft:lapis_lazuli":99,"minecraft:clay":42,"minecraft:lapis_block":102,"minecraft:diamond_chestplate":1},"minecraft:mined":{"minecraft:obsidian":1,"minecraft:granite":1072,"minecraft:grass_block":2041,"minecraft:bubble_coral_fan":1,"minecraft:coal_block":2,"minecraft:polished_diorite":242,"minecraft:spawner":1,"minecraft:smooth_stone":33,"minecraft:magma_block":10,"minecraft:dark_oak_trapdoor":4,"minecraft:iron_ore":1525,"minecraft:anvil":2,"minecraft:azure_bluet":6,"minecraft:dark_oak_stairs":36,"minecraft:iron_bars":18,"minecraft:oak_stairs":16,"minecraft:quartz_slab":19,"minecraft:spruce_slab":325,"minecraft:cyan_terracotta":13,"minecraft:kelp_plant":16,"minecraft:clay":46,"minecraft:torch":103,"minecraft:poppy":11,"minecraft:chest":26,"minecraft:nether_quartz_ore":55,"minecraft:cobblestone":163,"minecraft:prismarine":18,"minecraft:oak_planks":5,"minecraft:wall_torch":44,"minecraft:seagrass":1,"minecraft:dark_oak_slab":216,"minecraft:sign":1,"minecraft:birch_log":103,"minecraft:birch_trapdoor":7,"minecraft:stone_brick_stairs":26,"minecraft:prismarine_brick_stairs":23,"minecraft:grass":207,"minecraft:oak_log":207,"minecraft:sand":1827,"minecraft:dirt":2102,"minecraft:netherrack":15,"minecraft:piston":17,"minecraft:oak_leaves":461,"minecraft:wall_sign":2,"minecraft:dark_prismarine":35,"minecraft:diamond_ore":214,"minecraft:dark_oak_leaves":210,"minecraft:stripped_birch_log":66,"minecraft:dark_oak_log":77,"minecraft:cyan_stained_glass":18,"minecraft:sea_lantern":11,"minecraft:shulker_box":9,"minecraft:lever":16,"minecraft:birch_slab":4,"minecraft:spruce_leaves":150,"minecraft:kelp":12,"minecraft:sandstone":12,"minecraft:black_stained_glass_pane":4,"minecraft:redstone_ore":1854,"minecraft:oak_trapdoor":12,"minecraft:furnace":15,"minecraft:snow":117,"minecraft:andesite":1067,"minecraft:stripped_spruce_log":25,"minecraft:potatoes":92,"minecraft:rail":6,"minecraft:stripped_oak_log":6,"minecraft:stone":17948,"minecraft:white_wool":1,"minecraft:podzol":141,"minecraft:oak_slab":2,"minecraft:acacia_leaves":83,"minecraft:glass_pane":5,"minecraft:soul_sand":44,"minecraft:stone_brick_slab":20,"minecraft:dandelion":3,"minecraft:fire_coral":1,"minecraft:crafting_table":17,"minecraft:cyan_stained_glass_pane":5,"minecraft:stone_slab":6,"minecraft:lapis_ore":168,"minecraft:diorite":2051,"minecraft:prismarine_bricks":24,"minecraft:spruce_stairs":56,"minecraft:black_stained_glass":1,"minecraft:cactus":44,"minecraft:coarse_dirt":8,"minecraft:prismarine_brick_slab":15,"minecraft:white_carpet":9,"minecraft:spruce_log":477,"minecraft:birch_leaves":100,"minecraft:grass_path":2,"minecraft:coal_ore":2641,"minecraft:bubble_coral_wall_fan":2,"minecraft:gravel":1043,"minecraft:cobweb":4,"minecraft:cracked_stone_bricks":1,"minecraft:terracotta":219,"minecraft:stone_bricks":13,"minecraft:gold_ore":261,"minecraft:iron_trapdoor":10,"minecraft:birch_fence":1},"minecraft:broken":{"minecraft:iron_shovel":3,"minecraft:shears":1,"minecraft:stone_pickaxe":2,"minecraft:bow":1,"minecraft:stone_shovel":1,"minecraft:iron_axe":1,"minecraft:iron_pickaxe":9},"minecraft:killed":{"minecraft:cave_spider":8,"minecraft:witch":1,"minecraft:spider":9,"minecraft:skeleton":339,"minecraft:guardian":1112,"minecraft:zombie_villager":2,"minecraft:creeper":60,"minecraft:zombie":52,"minecraft:ghast":8,"minecraft:phantom":1,"minecraft:drowned":2,"minecraft:husk":1,"minecraft:bat":3,"minecraft:enderman":3},"minecraft:dropped":{"minecraft:gold_ore":41,"minecraft:iron_sword":4,"minecraft:brown_mushroom":2,"minecraft:baked_potato":3,"minecraft:crafting_table":2,"minecraft:rail":7,"minecraft:cod":134,"minecraft:flint":12,"minecraft:dirt":115,"minecraft:iron_pickaxe":1,"minecraft:bone":21,"minecraft:gravel":274,"minecraft:stone_axe":1,"minecraft:diamond_block":3,"minecraft:golden_chestplate":4,"minecraft:birch_sapling":5,"minecraft:rotten_flesh":14,"minecraft:gunpowder":28,"minecraft:iron_ore":30,"minecraft:arrow":4,"minecraft:golden_boots":2,"minecraft:wheat_seeds":4,"minecraft:golden_helmet":1,"minecraft:cobblestone":4061,"minecraft:granite":583,"minecraft:coal":64,"minecraft:diorite":358,"minecraft:iron_shovel":1,"minecraft:paper":1,"minecraft:string":23,"minecraft:dandelion":2,"minecraft:redstone":182,"minecraft:polished_diorite":1,"minecraft:furnace":4,"minecraft:redstone_ore":51,"minecraft:stone_sword":1,"minecraft:stone_shovel":2,"minecraft:stone":2181,"minecraft:andesite":309,"minecraft:golden_leggings":1,"minecraft:oak_sapling":2,"minecraft:bow":1,"minecraft:stone_pickaxe":2,"minecraft:wooden_pickaxe":1},"minecraft:killed_by":{"minecraft:creeper":1,"minecraft:zombie":1}},"DataVersion":1628}