{"stats":{"minecraft:used":{"minecraft:writable_book":275,"minecraft:jack_o_lantern":104,"minecraft:polished_granite_stairs":1,"minecraft:smooth_quartz_slab":1587,"minecraft:dispenser":40,"minecraft:poppy":26,"minecraft:black_carpet":577,"minecraft:stone":95819,"minecraft:quartz_stairs":2150,"minecraft:red_nether_brick_stairs":69,"minecraft:tube_coral":3,"minecraft:soul_sand":2568,"minecraft:cocoa_beans":622,"minecraft:lily_of_the_valley":4,"minecraft:snowball":944,"minecraft:azure_bluet":86,"minecraft:spruce_boat":64,"minecraft:jungle_sapling":9,"minecraft:packed_ice":3318,"minecraft:lava_bucket":23,"minecraft:villager_spawn_egg":2,"minecraft:quartz_pillar":2392,"minecraft:red_wool":126,"minecraft:lime_banner":17,"minecraft:music_disc_ward":4,"minecraft:quartz_block":1014,"minecraft:dark_oak_leaves":185,"minecraft:dark_oak_slab":5964,"minecraft:cooked_cod":2299,"minecraft:bow":2304,"minecraft:acacia_fence":4,"minecraft:oak_sapling":608,"minecraft:yellow_glazed_terracotta":56,"minecraft:gray_banner":18,"minecraft:dark_prismarine_stairs":9,"minecraft:mossy_stone_bricks":932,"minecraft:damaged_anvil":25,"minecraft:chorus_fruit":6,"minecraft:prismarine":1593,"minecraft:lily_pad":194,"minecraft:cactus":26,"minecraft:wooden_pickaxe":3,"minecraft:clay":785,"minecraft:composter":6,"minecraft:jungle_boat":11,"minecraft:golden_apple":6,"minecraft:blast_furnace":42,"minecraft:acacia_leaves":423,"minecraft:purple_terracotta":268,"minecraft:chiseled_quartz_block":526,"minecraft:gray_concrete":1624,"minecraft:purple_concrete_powder":2766,"minecraft:birch_fence":73,"minecraft:birch_slab":10100,"minecraft:gray_stained_glass_pane":1092,"minecraft:oak_pressure_plate":4,"minecraft:coal_block":64,"minecraft:diamond_sword":8679,"minecraft:birch_log":2015,"minecraft:oak_boat":111,"minecraft:purple_wool":2126,"minecraft:oak_trapdoor":147,"minecraft:enchanting_table":6,"minecraft:orange_concrete":2283,"minecraft:dead_bush":9,"minecraft:carved_pumpkin":155,"minecraft:armor_stand":171,"minecraft:light_gray_carpet":2345,"minecraft:torch":22362,"minecraft:cooked_salmon":201,"minecraft:structure_block":2,"minecraft:orange_stained_glass":52,"minecraft:brewing_stand":18,"minecraft:nether_quartz_ore":12368,"minecraft:cod_bucket":17,"minecraft:light_gray_glazed_terracotta":86,"minecraft:yellow_carpet":85,"minecraft:oak_fence_gate":125,"minecraft:fern":1591,"minecraft:music_disc_mellohi":2,"minecraft:sea_lantern":3702,"minecraft:chipped_anvil":27,"minecraft:iron_block":3566,"minecraft:jungle_log":199,"minecraft:barrel":321,"minecraft:bamboo":121,"minecraft:lime_concrete":332,"minecraft:magenta_terracotta":612,"minecraft:podzol":46,"minecraft:trapped_chest":6,"minecraft:acacia_planks":4,"minecraft:dead_bubble_coral_fan":6,"minecraft:horn_coral_fan":20,"minecraft:wheat_seeds":5666,"minecraft:birch_planks":1888,"minecraft:light_blue_shulker_box":884,"minecraft:tube_coral_block":66,"minecraft:lead":3,"minecraft:blue_concrete_powder":357,"minecraft:cauldron":82,"minecraft:spruce_fence_gate":152,"minecraft:gold_ore":130,"minecraft:conduit":2,"minecraft:diamond_block":48,"minecraft:light_gray_banner":6,"minecraft:rail":4167,"minecraft:red_bed":50,"minecraft:white_bed":42,"minecraft:campfire":104,"minecraft:spruce_log":1081,"minecraft:mushroom_stem":655,"minecraft:music_disc_strad":1,"minecraft:diamond_shovel":395424,"minecraft:diamond_pickaxe":1117030,"minecraft:suspicious_stew":3,"minecraft:spruce_pressure_plate":3,"minecraft:magenta_concrete_powder":458,"minecraft:spruce_trapdoor":794,"minecraft:spruce_sapling":714,"minecraft:blue_carpet":23,"minecraft:pink_bed":3,"minecraft:green_carpet":147,"minecraft:potion":116,"minecraft:orange_banner":3,"minecraft:purple_bed":107,"minecraft:andesite_stairs":4,"minecraft:cooked_porkchop":3,"minecraft:stripped_oak_log":58,"minecraft:dandelion":17,"minecraft:green_stained_glass":4,"minecraft:light_blue_banner":127,"minecraft:blue_terracotta":7,"minecraft:light_gray_stained_glass_pane":640,"minecraft:bone_block":499,"minecraft:nether_wart":200,"minecraft:stripped_jungle_wood":2,"minecraft:grass":40,"minecraft:bubble_coral":2,"minecraft:green_terracotta":1082,"minecraft:spruce_leaves":16334,"minecraft:orange_glazed_terracotta":40,"minecraft:jungle_planks":84,"minecraft:pink_terracotta":18,"minecraft:music_disc_13":7,"minecraft:obsidian":4533,"minecraft:bricks":6930,"minecraft:spruce_wood":4690,"minecraft:lantern":908,"minecraft:blue_orchid":1,"minecraft:green_wool":11,"minecraft:light_blue_bed":2,"minecraft:item_frame":715,"minecraft:birch_button":12,"minecraft:birch_trapdoor":748,"minecraft:horn_coral":3,"minecraft:blue_shulker_box":668,"minecraft:written_book":4010,"minecraft:gold_block":1045,"minecraft:skeleton_skull":2,"minecraft:pink_concrete_powder":192,"minecraft:dark_oak_sapling":421,"minecraft:tube_coral_fan":20,"minecraft:end_rod":191,"minecraft:dropper":93,"minecraft:wither_skeleton_skull":19,"minecraft:stripped_acacia_log":2,"minecraft:gray_carpet":825,"minecraft:stone_pickaxe":539,"minecraft:jungle_fence":2,"minecraft:oak_planks":3511,"minecraft:prismarine_stairs":325,"minecraft:sandstone":2328,"minecraft:sugar_cane":5649,"minecraft:diamond_axe":73243,"minecraft:white_wool":200,"minecraft:light_blue_concrete":90,"minecraft:lime_stained_glass_pane":50,"minecraft:light_blue_wool":1,"minecraft:yellow_concrete":435,"minecraft:crossbow":21,"minecraft:end_stone":394,"minecraft:sticky_piston":188,"minecraft:black_terracotta":87,"minecraft:dead_fire_coral_fan":2,"minecraft:lever":500,"minecraft:daylight_detector":27,"minecraft:acacia_door":27,"minecraft:dark_oak_log":4972,"minecraft:brown_wool":2,"minecraft:iron_door":60,"minecraft:prismarine_wall":380,"minecraft:light_blue_concrete_powder":146,"minecraft:pufferfish_bucket":57,"minecraft:dead_horn_coral_fan":24,"minecraft:smooth_stone_slab":55029,"minecraft:coarse_dirt":2760,"minecraft:bone_meal":11941,"minecraft:orange_concrete_powder":1834,"minecraft:white_tulip":16,"minecraft:flint_and_steel":101,"minecraft:rose_bush":262,"minecraft:redstone":864,"minecraft:ender_chest":391,"minecraft:brown_shulker_box":180,"minecraft:stone_hoe":6,"minecraft:cooked_chicken":8,"minecraft:dried_kelp_block":52,"minecraft:dirt":121690,"minecraft:red_nether_brick_slab":17,"minecraft:prismarine_bricks":4271,"minecraft:spruce_fence":817,"minecraft:iron_hoe":47,"minecraft:brown_terracotta":3,"minecraft:light_gray_stained_glass":1150,"minecraft:oak_stairs":649,"minecraft:smooth_sandstone":9174,"minecraft:yellow_concrete_powder":635,"minecraft:black_stained_glass":4241,"minecraft:dark_oak_pressure_plate":4,"minecraft:lime_stained_glass":7,"minecraft:minecart":171,"minecraft:cyan_concrete_powder":559,"minecraft:cooked_beef":6168,"minecraft:dead_bubble_coral_block":18,"minecraft:turtle_egg":67,"minecraft:orange_stained_glass_pane":54,"minecraft:pumpkin":214,"minecraft:light_gray_bed":15,"minecraft:cobblestone_stairs":1099,"minecraft:snow_block":2672,"minecraft:baked_potato":696,"minecraft:red_nether_bricks":12,"minecraft:birch_boat":138,"minecraft:purple_glazed_terracotta":53,"minecraft:brown_mushroom":216,"minecraft:cut_sandstone":528,"minecraft:spruce_sign":91,"minecraft:green_bed":12,"minecraft:music_disc_cat":3,"minecraft:dark_prismarine_slab":217,"minecraft:red_mushroom":113,"minecraft:magenta_carpet":2,"minecraft:cyan_stained_glass":212,"minecraft:piston":192,"minecraft:flower_pot":74,"minecraft:black_wool":79,"minecraft:lapis_ore":162,"minecraft:stone_slab":8839,"minecraft:detector_rail":6,"minecraft:magenta_concrete":150,"minecraft:jungle_stairs":277,"minecraft:yellow_wool":255,"minecraft:stone_axe":852,"minecraft:fire_coral_block":40,"minecraft:pink_shulker_box":223,"minecraft:end_crystal":28,"minecraft:cyan_stained_glass_pane":313,"minecraft:lapis_block":1,"minecraft:pumpkin_pie":1,"minecraft:sea_pickle":873,"minecraft:gray_wool":173,"minecraft:birch_stairs":2887,"minecraft:music_disc_far":2,"minecraft:peony":5,"minecraft:beetroot":1,"minecraft:nether_brick_fence":1,"minecraft:spruce_slab":6881,"minecraft:ladder":1778,"minecraft:chest":2383,"minecraft:green_banner":3,"minecraft:brown_concrete":750,"minecraft:white_shulker_box":814,"minecraft:acacia_sapling":29,"minecraft:brick_slab":172,"minecraft:orange_wool":105,"minecraft:blue_stained_glass":2628,"minecraft:allium":67,"minecraft:jungle_slab":594,"minecraft:stripped_spruce_log":43,"minecraft:black_stained_glass_pane":3,"minecraft:grass_block":8532,"minecraft:birch_sapling":123,"minecraft:polished_andesite_stairs":538,"minecraft:orange_shulker_box":331,"minecraft:wet_sponge":8,"minecraft:music_disc_chirp":1,"minecraft:music_disc_wait":3,"minecraft:dark_oak_button":453,"minecraft:pink_wool":80,"minecraft:blue_banner":32,"minecraft:stone_brick_stairs":13450,"minecraft:music_disc_stal":3,"minecraft:snow":3121,"minecraft:red_stained_glass_pane":24,"minecraft:dark_oak_boat":49,"minecraft:sweet_berries":13,"minecraft:furnace":140,"minecraft:egg":237,"minecraft:potato":530,"minecraft:dragon_head":12,"minecraft:dead_brain_coral_fan":42,"minecraft:seagrass":89,"minecraft:brown_concrete_powder":1253,"minecraft:magenta_shulker_box":114,"minecraft:light_blue_carpet":1,"minecraft:emerald_ore":35,"minecraft:spruce_door":52,"minecraft:diorite":1736,"minecraft:end_stone_bricks":80,"minecraft:stripped_birch_log":980,"minecraft:red_stained_glass":23,"minecraft:acacia_trapdoor":159,"minecraft:powered_rail":1417,"minecraft:orange_tulip":20,"minecraft:lime_concrete_powder":510,"minecraft:oak_leaves":2425,"minecraft:smooth_quartz_stairs":14,"minecraft:cookie":3,"minecraft:dark_oak_trapdoor":893,"minecraft:sand":26609,"minecraft:blue_ice":2,"minecraft:black_concrete_powder":28797,"minecraft:pumpkin_seeds":2,"minecraft:chiseled_sandstone":21,"minecraft:stone_button":901,"minecraft:cyan_carpet":144,"minecraft:lectern":25,"minecraft:red_terracotta":11689,"minecraft:polished_granite":1043,"minecraft:diamond_ore":229,"minecraft:lilac":66,"minecraft:polished_andesite_slab":1544,"minecraft:dark_oak_fence":2810,"minecraft:white_stained_glass":5854,"minecraft:bubble_coral_block":24,"minecraft:green_concrete_powder":1168,"minecraft:ice":211,"minecraft:gray_stained_glass":48,"minecraft:iron_bars":2861,"minecraft:acacia_log":1552,"minecraft:stone_sword":24,"minecraft:brain_coral_fan":21,"minecraft:red_concrete":1258,"minecraft:mycelium":73,"minecraft:sandstone_wall":23,"minecraft:netherrack":31572,"minecraft:green_glazed_terracotta":96,"minecraft:orange_bed":5,"minecraft:light_gray_shulker_box":75,"minecraft:anvil":89,"minecraft:stone_stairs":155,"minecraft:nether_brick_slab":9,"minecraft:blue_concrete":141,"minecraft:polished_granite_slab":68,"minecraft:jungle_trapdoor":722,"minecraft:dead_brain_coral_block":14,"minecraft:nether_brick_stairs":6,"minecraft:polished_diorite":570,"minecraft:red_shulker_box":563,"minecraft:spruce_button":6,"minecraft:iron_axe":668,"minecraft:brick_stairs":330,"minecraft:slime_block":116,"minecraft:smooth_quartz":234,"minecraft:totem_of_undying":11,"minecraft:pink_stained_glass_pane":3,"minecraft:prismarine_slab":897,"minecraft:melon_seeds":2,"minecraft:tripwire_hook":92,"minecraft:purple_concrete":3097,"minecraft:glowstone":370,"minecraft:magenta_wool":1,"minecraft:iron_trapdoor":1433,"minecraft:acacia_wood":249,"minecraft:observer":378,"minecraft:orange_terracotta":5055,"minecraft:water_bucket":6044,"minecraft:yellow_banner":35,"minecraft:sandstone_stairs":721,"minecraft:prismarine_brick_slab":2118,"minecraft:yellow_shulker_box":139,"minecraft:smooth_sandstone_slab":560,"minecraft:lime_wool":15,"minecraft:bubble_coral_fan":12,"minecraft:red_mushroom_block":1104,"minecraft:pink_concrete":98,"minecraft:orange_carpet":169,"minecraft:lime_terracotta":10680,"minecraft:cracked_stone_bricks":647,"minecraft:comparator":57,"minecraft:vine":256,"minecraft:mossy_cobblestone":11,"minecraft:tnt":19,"minecraft:crafting_table":1140,"minecraft:oak_slab":3478,"minecraft:birch_sign":81,"minecraft:cod":14,"minecraft:dark_oak_fence_gate":206,"minecraft:lime_shulker_box":174,"minecraft:cake":7,"minecraft:oak_log":1679,"minecraft:dark_prismarine":419,"minecraft:cornflower":9,"minecraft:oxeye_daisy":18,"minecraft:stripped_jungle_log":4,"minecraft:sunflower":18,"minecraft:iron_pickaxe":3548,"minecraft:cyan_concrete":307,"minecraft:purpur_slab":6,"minecraft:music_disc_blocks":5,"minecraft:chiseled_stone_bricks":258,"minecraft:cobblestone":10823,"minecraft:red_concrete_powder":2105,"minecraft:sandstone_slab":6734,"minecraft:glass_pane":163,"minecraft:brown_mushroom_block":4056,"minecraft:jukebox":16,"minecraft:kelp":6331,"minecraft:light_blue_stained_glass_pane":24,"minecraft:iron_shovel":1333,"minecraft:dead_tube_coral_fan":3,"minecraft:oak_sign":1052,"minecraft:diamond_hoe":3646,"minecraft:white_concrete_powder":6832,"minecraft:white_terracotta":329,"minecraft:iron_sword":1180,"minecraft:purple_shulker_box":463,"minecraft:bell":13,"minecraft:player_head":1339,"minecraft:smooth_sandstone_stairs":14,"minecraft:birch_pressure_plate":26,"minecraft:nether_bricks":87,"minecraft:prismarine_brick_stairs":930,"minecraft:carrot":212,"minecraft:music_disc_11":2,"minecraft:cyan_wool":1,"minecraft:milk_bucket":11,"minecraft:glass":4748,"minecraft:cyan_terracotta":1350,"minecraft:coal_ore":3557,"minecraft:quartz_slab":5407,"minecraft:dark_oak_wood":3254,"minecraft:gray_concrete_powder":3307,"minecraft:hopper_minecart":31,"minecraft:stone_bricks":51670,"minecraft:repeater":246,"minecraft:red_carpet":9592,"minecraft:redstone_lamp":320,"minecraft:magma_block":708,"minecraft:brown_carpet":399,"minecraft:hay_block":468,"minecraft:scaffolding":8490,"minecraft:gray_bed":13,"minecraft:beetroot_seeds":14,"minecraft:fire_coral_fan":14,"minecraft:stripped_spruce_wood":37,"minecraft:dark_oak_stairs":2142,"minecraft:birch_leaves":2074,"minecraft:dark_oak_sign":142,"minecraft:birch_wood":6,"minecraft:ender_pearl":996,"minecraft:blue_bed":5,"minecraft:redstone_block":161,"minecraft:brain_coral":3,"minecraft:yellow_terracotta":956,"minecraft:loom":19,"minecraft:black_banner":24,"minecraft:light_gray_terracotta":31,"minecraft:sponge":959,"minecraft:black_bed":1,"minecraft:note_block":15,"minecraft:stone_brick_wall":524,"minecraft:shears":21760,"minecraft:gray_shulker_box":99,"minecraft:firework_rocket":772,"minecraft:string":591,"minecraft:cyan_bed":1,"minecraft:redstone_torch":126,"minecraft:green_concrete":106,"minecraft:birch_fence_gate":106,"minecraft:music_disc_mall":1,"minecraft:heavy_weighted_pressure_plate":9,"minecraft:black_concrete":29789,"minecraft:lime_carpet":705,"minecraft:light_gray_concrete":375,"minecraft:brown_stained_glass":243,"minecraft:gravel":4351,"minecraft:stripped_oak_wood":109,"minecraft:grindstone":18,"minecraft:oak_fence":700,"minecraft:jungle_leaves":653,"minecraft:purpur_block":2,"minecraft:andesite":4128,"minecraft:white_concrete":6939,"minecraft:tropical_fish_bucket":173,"minecraft:cobweb":117,"minecraft:trident":491,"minecraft:redstone_ore":664,"minecraft:stone_shovel":146,"minecraft:light_blue_terracotta":398,"minecraft:spruce_planks":1501,"minecraft:oak_door":30,"minecraft:white_carpet":3870,"minecraft:hopper":374,"minecraft:spruce_stairs":1698,"minecraft:cobblestone_wall":1563,"minecraft:shulker_box":1070,"minecraft:pink_carpet":327,"minecraft:oak_wood":37,"minecraft:granite":815,"minecraft:salmon_bucket":23,"minecraft:light_blue_stained_glass":764,"minecraft:purple_banner":10,"minecraft:birch_door":8,"minecraft:andesite_wall":30,"minecraft:purple_stained_glass_pane":26,"minecraft:stone_brick_slab":12798,"minecraft:dark_oak_planks":1742,"minecraft:red_tulip":12,"minecraft:bookshelf":18,"minecraft:yellow_stained_glass":24,"minecraft:light_gray_wool":142,"minecraft:emerald_block":9,"minecraft:golden_carrot":1235,"minecraft:white_stained_glass_pane":1883,"minecraft:cyan_banner":9,"minecraft:stone_pressure_plate":183,"minecraft:horn_coral_block":60,"minecraft:brown_bed":3,"minecraft:brain_coral_block":60,"minecraft:cooked_mutton":1,"minecraft:acacia_boat":26,"minecraft:pink_tulip":2,"minecraft:iron_ore":24,"minecraft:glass_bottle":410,"minecraft:polished_andesite":19069,"minecraft:blue_wool":1,"minecraft:pink_banner":18,"minecraft:andesite_slab":75,"minecraft:black_shulker_box":121,"minecraft:magenta_stained_glass":4,"minecraft:stonecutter":41,"minecraft:beacon":32,"minecraft:red_glazed_terracotta":111,"minecraft:cobblestone_slab":4555,"minecraft:jungle_wood":76,"minecraft:stripped_dark_oak_log":36,"minecraft:terracotta":243,"minecraft:lime_bed":17,"minecraft:brown_banner":22,"minecraft:yellow_stained_glass_pane":15,"minecraft:light_gray_concrete_powder":6716,"minecraft:painting":285,"minecraft:activator_rail":18,"minecraft:smoker":2,"minecraft:dark_oak_door":67,"minecraft:purple_stained_glass":118,"minecraft:apple":1,"minecraft:dead_fire_coral":2,"minecraft:acacia_fence_gate":4,"minecraft:fishing_rod":11950,"minecraft:green_shulker_box":275,"minecraft:white_banner":118,"minecraft:jungle_door":18,"minecraft:red_banner":20,"minecraft:bucket":6519,"minecraft:yellow_bed":11,"minecraft:smooth_stone":3860,"minecraft:purple_carpet":1038,"minecraft:splash_potion":2},"minecraft:crafted":{"minecraft:lime_stained_glass":128,"minecraft:green_banner":1,"minecraft:red_stained_glass_pane":64,"minecraft:black_dye":648,"minecraft:yellow_wool":235,"minecraft:oak_sign":525,"minecraft:blaze_powder":116,"minecraft:birch_boat":26,"minecraft:diamond_shovel":8,"minecraft:nether_brick":1152,"minecraft:cracked_stone_bricks":1170,"minecraft:shulker_box":102,"minecraft:diamond_helmet":1,"minecraft:magenta_concrete_powder":552,"minecraft:beacon":7,"minecraft:light_blue_concrete_powder":152,"minecraft:stone_pressure_plate":234,"minecraft:iron_door":48,"minecraft:gray_stained_glass_pane":1248,"minecraft:cyan_banner":2,"minecraft:dried_kelp_block":2216,"minecraft:black_wool":216,"minecraft:gray_stained_glass":12120,"minecraft:white_shulker_box":22,"minecraft:name_tag":48,"minecraft:lime_concrete_powder":696,"minecraft:blue_stained_glass":1936,"minecraft:redstone_lamp":364,"minecraft:end_rod":84,"minecraft:jungle_boat":4,"minecraft:polished_andesite_stairs":568,"minecraft:green_bed":5,"minecraft:lime_banner":12,"minecraft:mossy_cobblestone":9,"minecraft:brown_bed":1,"minecraft:sticky_piston":124,"minecraft:red_nether_bricks":155,"minecraft:painting":286,"minecraft:stone_brick_stairs":10708,"minecraft:lectern":44,"minecraft:stone_slab":2868,"minecraft:red_nether_brick_stairs":72,"minecraft:iron_pickaxe":23,"minecraft:acacia_door":18,"minecraft:sandstone":1443,"minecraft:composter":2,"minecraft:dark_prismarine":180,"minecraft:nautilus_shell":4,"minecraft:golden_carrot":8,"minecraft:jukebox":15,"minecraft:orange_shulker_box":6,"minecraft:iron_nugget":7337,"minecraft:diamond_hoe":3,"minecraft:brick_stairs":344,"minecraft:acacia_fence_gate":5,"minecraft:red_banner":25,"minecraft:light_gray_wool":243,"minecraft:jack_o_lantern":80,"minecraft:blue_shulker_box":3,"minecraft:prismarine_brick_stairs":752,"minecraft:lime_stained_glass_pane":112,"minecraft:spruce_fence":705,"minecraft:stone_stairs":176,"minecraft:lantern":853,"minecraft:spruce_stairs":2024,"minecraft:light_gray_shulker_box":8,"minecraft:polished_diorite":512,"minecraft:black_concrete_powder":28824,"minecraft:red_shulker_box":16,"minecraft:stone_pickaxe":6,"minecraft:quartz_slab":5760,"minecraft:spruce_boat":7,"minecraft:purple_carpet":894,"minecraft:prismarine_slab":854,"minecraft:brick_slab":144,"minecraft:lead":16,"minecraft:enchanting_table":2,"minecraft:cyan_bed":1,"minecraft:acacia_trapdoor":174,"minecraft:yellow_stained_glass_pane":32,"minecraft:leather_helmet":5,"minecraft:dark_oak_button":650,"minecraft:red_carpet":9477,"minecraft:enchanted_book":49,"minecraft:orange_dye":612,"minecraft:light_blue_carpet":3,"minecraft:oak_fence_gate":117,"minecraft:red_stained_glass":128,"minecraft:fermented_spider_eye":8,"minecraft:birch_trapdoor":756,"minecraft:black_stained_glass_pane":16,"minecraft:writable_book":39,"minecraft:iron_shovel":12,"minecraft:armor_stand":195,"minecraft:prismarine_wall":420,"minecraft:note_block":36,"minecraft:pink_terracotta":40,"minecraft:grindstone":34,"minecraft:cobblestone_slab":4366,"minecraft:barrel":323,"minecraft:birch_wood":9,"minecraft:polished_granite_slab":64,"minecraft:cooked_chicken":11,"minecraft:stone":443,"minecraft:snow":504,"minecraft:pink_carpet":312,"minecraft:heavy_weighted_pressure_plate":7,"minecraft:quartz_pillar":2114,"minecraft:brown_carpet":360,"minecraft:cake":11,"minecraft:stone_brick_slab":11310,"minecraft:brown_stained_glass":248,"minecraft:orange_stained_glass_pane":48,"minecraft:bow":79,"minecraft:comparator":88,"minecraft:chest":1860,"minecraft:oak_button":3,"minecraft:yellow_terracotta":2512,"minecraft:jungle_stairs":232,"minecraft:rail":3473,"minecraft:bricks":2852,"minecraft:blue_concrete_powder":552,"minecraft:birch_button":14,"minecraft:red_nether_brick_slab":20,"minecraft:ender_eye":78,"minecraft:stone_bricks":58096,"minecraft:oak_fence":588,"minecraft:golden_boots":13,"minecraft:sea_lantern":1207,"minecraft:white_banner":129,"minecraft:dropper":51,"minecraft:cauldron":94,"minecraft:lime_terracotta":15312,"minecraft:iron_helmet":35,"minecraft:brown_dye":115,"minecraft:birch_pressure_plate":37,"minecraft:white_stained_glass_pane":1848,"minecraft:prismarine_brick_slab":2034,"minecraft:dispenser":9,"minecraft:green_glazed_terracotta":64,"minecraft:apple":31,"minecraft:tnt":89,"minecraft:spruce_trapdoor":758,"minecraft:purple_dye":460,"minecraft:yellow_dye":1212,"minecraft:gray_terracotta":24,"minecraft:stick":22001,"minecraft:iron_ingot":18032,"minecraft:andesite_stairs":8,"minecraft:light_blue_shulker_box":2,"minecraft:light_blue_stained_glass":712,"minecraft:black_bed":1,"minecraft:lime_carpet":546,"minecraft:cyan_carpet":147,"minecraft:dark_oak_fence_gate":257,"minecraft:blue_terracotta":104,"minecraft:orange_glazed_terracotta":32,"minecraft:oak_door":39,"minecraft:nether_brick_slab":12,"minecraft:fishing_rod":8,"minecraft:stone_brick_wall":648,"minecraft:tripwire_hook":344,"minecraft:leather_boots":31,"minecraft:spruce_button":12,"minecraft:mossy_stone_bricks":688,"minecraft:furnace":236,"minecraft:blast_furnace":75,"minecraft:piston":229,"minecraft:mushroom_stew":13,"minecraft:polished_andesite_slab":1542,"minecraft:smooth_quartz_stairs":24,"minecraft:oak_trapdoor":200,"minecraft:flint_and_steel":9,"minecraft:scaffolding":300,"minecraft:white_concrete_powder":4112,"minecraft:polished_granite_stairs":8,"minecraft:orange_terracotta":2040,"minecraft:cobblestone_wall":1572,"minecraft:brown_shulker_box":5,"minecraft:smooth_quartz_slab":1338,"minecraft:birch_sign":84,"minecraft:glistering_melon_slice":5,"minecraft:smooth_sandstone_stairs":48,"minecraft:purple_terracotta":112,"minecraft:light_blue_stained_glass_pane":160,"minecraft:jungle_wood":87,"minecraft:purple_stained_glass":88,"minecraft:iron_trapdoor":1436,"minecraft:purple_shulker_box":10,"minecraft:iron_sword":10,"minecraft:black_banner":24,"minecraft:cooked_salmon":238,"minecraft:acacia_boat":3,"minecraft:jungle_planks":4404,"minecraft:jungle_door":12,"minecraft:white_dye":1855,"minecraft:brown_concrete_powder":1224,"minecraft:black_carpet":447,"minecraft:blue_wool":64,"minecraft:anvil":51,"minecraft:stonecutter":26,"minecraft:prismarine_stairs":472,"minecraft:torch":9668,"minecraft:orange_bed":4,"minecraft:diamond_chestplate":2,"minecraft:ender_chest":41,"minecraft:light_gray_concrete_powder":6256,"minecraft:smooth_stone":2368,"minecraft:cut_sandstone":908,"minecraft:dark_oak_pressure_plate":2,"minecraft:purple_bed":27,"minecraft:orange_carpet":102,"minecraft:pink_bed":2,"minecraft:orange_stained_glass":72,"minecraft:oak_pressure_plate":5,"minecraft:dark_oak_wood":2835,"minecraft:birch_slab":9401,"minecraft:slime_block":82,"minecraft:loom":98,"minecraft:lever":537,"minecraft:bookshelf":62,"minecraft:cooked_mutton":12,"minecraft:iron_bars":2480,"minecraft:red_concrete_powder":2272,"minecraft:magenta_shulker_box":1,"minecraft:quartz_block":7816,"minecraft:glass":8948,"minecraft:light_blue_terracotta":800,"minecraft:repeater":143,"minecraft:diamond_leggings":1,"minecraft:cyan_stained_glass_pane":416,"minecraft:melon_seeds":1,"minecraft:birch_fence_gate":99,"minecraft:birch_door":3,"minecraft:chiseled_quartz_block":634,"minecraft:magenta_dye":373,"minecraft:gray_bed":9,"minecraft:flower_pot":189,"minecraft:glass_bottle":399,"minecraft:wooden_shovel":3,"minecraft:emerald":2657,"minecraft:smooth_quartz":228,"minecraft:cooked_porkchop":16,"minecraft:diamond_axe":5,"minecraft:prismarine_bricks":248,"minecraft:spruce_door":42,"minecraft:clock":1,"minecraft:purple_banner":18,"minecraft:oak_wood":78,"minecraft:hay_block":144,"minecraft:campfire":110,"minecraft:light_gray_bed":5,"minecraft:brown_banner":2,"minecraft:lime_shulker_box":7,"minecraft:lime_bed":11,"minecraft:green_terracotta":1984,"minecraft:compass":5,"minecraft:white_terracotta":112,"minecraft:iron_block":274,"minecraft:light_blue_bed":1,"minecraft:gold_ingot":19998,"minecraft:light_gray_dye":1467,"minecraft:spruce_fence_gate":141,"minecraft:birch_stairs":2912,"minecraft:packed_ice":356,"minecraft:yellow_concrete_powder":712,"minecraft:prismarine":64,"minecraft:stone_shovel":7,"minecraft:smooth_stone_slab":53628,"minecraft:leather_leggings":70,"minecraft:player_head":160,"minecraft:yellow_bed":7,"minecraft:red_terracotta":2680,"minecraft:bone_meal":19287,"minecraft:cyan_stained_glass":492,"minecraft:andesite_wall":36,"minecraft:pink_dye":526,"minecraft:white_carpet":3795,"minecraft:orange_wool":13,"minecraft:diamond":2376,"minecraft:dark_oak_fence":2670,"minecraft:detector_rail":90,"minecraft:ladder":1437,"minecraft:yellow_glazed_terracotta":32,"minecraft:spruce_slab":5998,"minecraft:diamond_boots":3,"minecraft:red_glazed_terracotta":64,"minecraft:redstone_block":601,"minecraft:dark_oak_planks":16220,"minecraft:wheat":4698,"minecraft:coal_block":890,"minecraft:firework_star":94,"minecraft:daylight_detector":49,"minecraft:purple_stained_glass_pane":32,"minecraft:crossbow":3,"minecraft:dried_kelp":7414,"minecraft:red_bed":26,"minecraft:blue_bed":1,"minecraft:conduit":1,"minecraft:polished_granite":1076,"minecraft:gray_concrete_powder":2936,"minecraft:sandstone_slab":21246,"minecraft:glowstone":5,"minecraft:white_stained_glass":6776,"minecraft:jungle_slab":858,"minecraft:sandstone_wall":42,"minecraft:golden_apple":21,"minecraft:andesite_slab":144,"minecraft:gray_shulker_box":6,"minecraft:oak_stairs":664,"minecraft:iron_leggings":47,"minecraft:white_bed":3,"minecraft:lime_wool":6,"minecraft:blue_carpet":48,"minecraft:brick":589,"minecraft:oak_planks":25242,"minecraft:pink_shulker_box":2,"minecraft:cobblestone_stairs":1120,"minecraft:light_blue_banner":142,"minecraft:flower_banner_pattern":1,"minecraft:spruce_pressure_plate":20,"minecraft:suspicious_stew":19,"minecraft:green_dye":939,"minecraft:dark_oak_door":57,"minecraft:hopper":348,"minecraft:iron_boots":62,"minecraft:written_book":4,"minecraft:cyan_terracotta":1416,"minecraft:chiseled_stone_bricks":368,"minecraft:yellow_banner":10,"minecraft:stone_hoe":1,"minecraft:smoker":25,"minecraft:quartz_stairs":1720,"minecraft:item_frame":564,"minecraft:oak_slab":2868,"minecraft:acacia_wood":279,"minecraft:map":5,"minecraft:crafting_table":236,"minecraft:spruce_planks":13876,"minecraft:wooden_pickaxe":2,"minecraft:baked_potato":763,"minecraft:hopper_minecart":31,"minecraft:gold_block":1742,"minecraft:brewing_stand":7,"minecraft:birch_planks":15303,"minecraft:black_shulker_box":3,"minecraft:dark_oak_slab":5414,"minecraft:book":536,"minecraft:iron_chestplate":42,"minecraft:emerald_block":91,"minecraft:paper":21694,"minecraft:charcoal":532,"minecraft:diamond_pickaxe":24,"minecraft:shield":21,"minecraft:birch_fence":75,"minecraft:light_blue_dye":466,"minecraft:leather_chestplate":54,"minecraft:stone_sword":2,"minecraft:snow_block":3081,"minecraft:green_shulker_box":6,"minecraft:gray_carpet":480,"minecraft:redstone_torch":749,"minecraft:light_gray_carpet":2091,"minecraft:sponge":938,"minecraft:light_gray_stained_glass_pane":704,"minecraft:shears":145,"minecraft:green_carpet":192,"minecraft:sandstone_stairs":696,"minecraft:polished_andesite":17444,"minecraft:coarse_dirt":2684,"minecraft:purple_wool":12,"minecraft:cookie":22,"minecraft:redstone":4348,"minecraft:coal":1683,"minecraft:light_gray_stained_glass":1592,"minecraft:popped_chorus_fruit":14,"minecraft:stone_button":838,"minecraft:dark_oak_trapdoor":804,"minecraft:jungle_trapdoor":516,"minecraft:gray_dye":2644,"minecraft:dark_oak_sign":123,"minecraft:diamond_block":271,"minecraft:glass_pane":224,"minecraft:yellow_shulker_box":4,"minecraft:iron_axe":8,"minecraft:black_terracotta":256,"minecraft:green_concrete_powder":1176,"minecraft:spruce_wood":4701,"minecraft:iron_hoe":2,"minecraft:slime_ball":234,"minecraft:orange_concrete_powder":1976,"minecraft:lime_dye":2158,"minecraft:filled_map":4,"minecraft:gray_banner":16,"minecraft:chiseled_sandstone":68,"minecraft:orange_banner":9,"minecraft:minecart":66,"minecraft:observer":283,"minecraft:cooked_beef":2739,"minecraft:sugar":137,"minecraft:red_dye":1672,"minecraft:cooked_cod":878,"minecraft:cyan_concrete_powder":672,"minecraft:bone_block":66,"minecraft:diamond_sword":2,"minecraft:cyan_dye":418,"minecraft:spruce_sign":87,"minecraft:dark_oak_stairs":2176,"minecraft:pink_concrete_powder":200,"minecraft:powered_rail":1164,"minecraft:activator_rail":294,"minecraft:yellow_carpet":78,"minecraft:smooth_sandstone":7470,"minecraft:bowl":80,"minecraft:nether_bricks":256,"minecraft:bucket":342,"minecraft:stone_axe":7,"minecraft:air":0,"minecraft:bread":8,"minecraft:blue_dye":276,"minecraft:black_stained_glass":4664,"minecraft:oak_boat":17,"minecraft:magenta_terracotta":240,"minecraft:smooth_sandstone_slab":510,"minecraft:white_wool":129,"minecraft:gold_nugget":171,"minecraft:dark_prismarine_slab":186,"minecraft:green_wool":72,"minecraft:pumpkin_pie":10,"minecraft:acacia_planks":2080,"minecraft:end_crystal":32,"minecraft:purple_concrete_powder":2744,"minecraft:lapis_block":232,"minecraft:lapis_lazuli":2080,"minecraft:clay":1,"minecraft:trapped_chest":1,"minecraft:firework_rocket":24823},"minecraft:killed_by":{"minecraft:ravager":4,"minecraft:vex":1,"minecraft:ender_dragon":1,"minecraft:guardian":1,"minecraft:creeper":2,"minecraft:blaze":1,"minecraft:player":3,"minecraft:enderman":1,"minecraft:phantom":1},"minecraft:picked_up":{"minecraft:suspicious_stew":3,"minecraft:lead":60,"minecraft:stone_slab":1132,"minecraft:enchanted_book":41,"minecraft:purple_shulker_box":464,"minecraft:blue_concrete":197,"minecraft:music_disc_cat":68,"minecraft:string":927,"minecraft:dark_oak_pressure_plate":5,"minecraft:orange_glazed_terracotta":19,"minecraft:pufferfish":36,"minecraft:diamond_leggings":24,"minecraft:dead_bubble_coral_fan":2,"minecraft:horn_coral_block":2,"minecraft:bubble_coral":1,"minecraft:diamond_ore":279,"minecraft:spruce_pressure_plate":5,"minecraft:jukebox":2,"minecraft:acacia_log":1055,"minecraft:cyan_stained_glass":62,"minecraft:purpur_pillar":2,"minecraft:gray_shulker_box":98,"minecraft:cauldron":16,"minecraft:green_terracotta":148,"minecraft:golden_chestplate":30,"minecraft:cyan_stained_glass_pane":11,"minecraft:pink_terracotta":18,"minecraft:brown_carpet":48,"minecraft:yellow_banner":54,"minecraft:orange_bed":1,"minecraft:stone_sword":12,"minecraft:lime_carpet":265,"minecraft:red_tulip":388,"minecraft:carved_pumpkin":209,"minecraft:glowstone":1017,"minecraft:end_rod":132,"minecraft:white_terracotta":5215,"minecraft:blaze_rod":167,"minecraft:iron_bars":806,"minecraft:snowball":14938,"minecraft:sponge":41,"minecraft:feather":1256,"minecraft:cooked_beef":2488,"minecraft:water_bucket":65,"minecraft:brown_wool":167,"minecraft:dark_oak_boat":46,"minecraft:flint":2458,"minecraft:purple_stained_glass":73,"minecraft:pink_concrete_powder":64,"minecraft:magenta_terracotta":194,"minecraft:lantern":296,"minecraft:gray_concrete_powder":382,"minecraft:purple_carpet":79,"minecraft:stonecutter":58,"minecraft:dark_oak_sign":54,"minecraft:diamond_helmet":4,"minecraft:lime_terracotta":1005,"minecraft:stripped_acacia_wood":1,"minecraft:birch_fence_gate":37,"minecraft:stripped_spruce_log":69,"minecraft:brown_mushroom_block":7622,"minecraft:iron_hoe":1,"minecraft:polished_andesite":4019,"minecraft:blue_terracotta":7,"minecraft:lever":304,"minecraft:granite":31476,"minecraft:spruce_button":2,"minecraft:golden_horse_armor":2,"minecraft:cyan_dye":20,"minecraft:blue_banner":33,"minecraft:jack_o_lantern":44,"minecraft:light_gray_carpet":502,"minecraft:diamond_pickaxe":36,"minecraft:clay_ball":4058,"minecraft:leather_leggings":18,"minecraft:redstone_lamp":118,"minecraft:dragon_head":28,"minecraft:purpur_block":34,"minecraft:fire_coral":1,"minecraft:heavy_weighted_pressure_plate":10,"minecraft:cornflower":96,"minecraft:elytra":41,"minecraft:acacia_door":38,"minecraft:flint_and_steel":6,"minecraft:white_carpet":397,"minecraft:white_stained_glass":1519,"minecraft:iron_shovel":8,"minecraft:glass_pane":110,"minecraft:jungle_sapling":14,"minecraft:poppy":1214,"minecraft:spruce_slab":1921,"minecraft:minecart":180,"minecraft:birch_sapling":357,"minecraft:piston":89,"minecraft:lime_shulker_box":173,"minecraft:black_stained_glass":454,"minecraft:stone":310020,"minecraft:music_disc_mellohi":73,"minecraft:white_dye":66,"minecraft:red_nether_brick_wall":2,"minecraft:stone_shovel":1,"minecraft:diamond_chestplate":7,"minecraft:purpur_slab":21,"minecraft:hay_block":348,"minecraft:yellow_terracotta":586,"minecraft:totem_of_undying":26,"minecraft:mutton":17,"minecraft:rail":1580,"minecraft:bone_block":665,"minecraft:emerald_ore":3,"minecraft:oxeye_daisy":126,"minecraft:lime_bed":8,"minecraft:birch_leaves":1592,"minecraft:yellow_shulker_box":138,"minecraft:clock":6,"minecraft:tripwire_hook":196,"minecraft:red_glazed_terracotta":58,"minecraft:fern":2672,"minecraft:yellow_dye":441,"minecraft:jungle_fence":2,"minecraft:acacia_wood":84,"minecraft:purpur_stairs":2,"minecraft:lily_pad":372,"minecraft:paper":287,"minecraft:light_blue_banner":12,"minecraft:apple":277,"minecraft:light_gray_glazed_terracotta":38,"minecraft:yellow_stained_glass":41,"minecraft:oak_fence_gate":28,"minecraft:pufferfish_bucket":3,"minecraft:iron_ore":5435,"minecraft:magenta_stained_glass":6,"minecraft:gray_bed":4,"minecraft:dark_oak_stairs":355,"minecraft:polished_andesite_stairs":65,"minecraft:milk_bucket":7,"minecraft:light_gray_stained_glass":94,"minecraft:sweet_berries":99,"minecraft:green_glazed_terracotta":110,"minecraft:red_wool":254,"minecraft:lime_concrete":537,"minecraft:light_blue_stained_glass":117,"minecraft:dragon_egg":8,"minecraft:leather_helmet":11,"minecraft:oak_wood":107,"minecraft:diamond_shovel":23,"minecraft:coal_ore":7112,"minecraft:slime_ball":366,"minecraft:painting":189,"minecraft:birch_sign":29,"minecraft:red_nether_brick_slab":7,"minecraft:baked_potato":322,"minecraft:smooth_quartz_slab":275,"minecraft:hopper":158,"minecraft:prismarine_stairs":90,"minecraft:black_carpet":252,"minecraft:light_blue_concrete":163,"minecraft:ender_chest":382,"minecraft:nether_brick_fence":5,"minecraft:yellow_wool":257,"minecraft:stone_brick_stairs":4526,"minecraft:lapis_block":2,"minecraft:purple_banner":9,"minecraft:experience_bottle":184,"minecraft:red_sand":797,"minecraft:smooth_stone":910,"minecraft:comparator":22,"minecraft:bucket":83,"minecraft:red_dye":510,"minecraft:white_tulip":237,"minecraft:rose_bush":1053,"minecraft:cobblestone_slab":1799,"minecraft:iron_pickaxe":10,"minecraft:wooden_shovel":2,"minecraft:smooth_quartz":122,"minecraft:smooth_quartz_stairs":4,"minecraft:blue_wool":78,"minecraft:tipped_arrow":96,"minecraft:acacia_fence":4,"minecraft:birch_trapdoor":42,"minecraft:spruce_stairs":416,"minecraft:diorite":21876,"minecraft:vine":2333,"minecraft:andesite_wall":3,"minecraft:rotten_flesh":1963,"minecraft:music_disc_ward":83,"minecraft:brown_shulker_box":181,"minecraft:music_disc_wait":82,"minecraft:obsidian":5195,"minecraft:cobblestone":51661,"minecraft:enchanting_table":4,"minecraft:leather_chestplate":18,"minecraft:lilac":388,"minecraft:repeater":153,"minecraft:dead_tube_coral_fan":1,"minecraft:andesite":30780,"minecraft:orange_carpet":80,"minecraft:golden_leggings":22,"minecraft:beacon":32,"minecraft:potato":1620,"minecraft:prismarine_bricks":6704,"minecraft:dirt":195095,"minecraft:stripped_birch_log":988,"minecraft:name_tag":61,"minecraft:glass":2759,"minecraft:bone":698,"minecraft:acacia_planks":24,"minecraft:bow":56,"minecraft:wheat_seeds":8898,"minecraft:orange_tulip":396,"minecraft:grindstone":11,"minecraft:popped_chorus_fruit":14,"minecraft:purple_stained_glass_pane":2,"minecraft:mossy_stone_bricks":543,"minecraft:bamboo":629,"minecraft:cyan_concrete":586,"minecraft:prismarine":3913,"minecraft:brown_stained_glass":10,"minecraft:gray_stained_glass":118,"minecraft:black_stained_glass_pane":2,"minecraft:light_blue_shulker_box":892,"minecraft:nether_brick_stairs":987,"minecraft:grass_block":22958,"minecraft:diamond_block":60,"minecraft:jungle_slab":299,"minecraft:mossy_cobblestone":6,"minecraft:jungle_leaves":605,"minecraft:light_gray_terracotta":13857,"minecraft:light_blue_terracotta":68,"minecraft:sugar":8,"minecraft:yellow_carpet":25,"minecraft:slime_block":126,"minecraft:yellow_stained_glass_pane":15,"minecraft:crossbow":8,"minecraft:bone_meal":995,"minecraft:grass":98,"minecraft:golden_apple":6,"minecraft:spruce_sign":34,"minecraft:emerald":133,"minecraft:netherrack":210170,"minecraft:chorus_fruit":269,"minecraft:andesite_slab":9,"minecraft:oak_leaves":4183,"minecraft:azure_bluet":532,"minecraft:splash_potion":17,"minecraft:ladder":2064,"minecraft:brown_mushroom":987,"minecraft:packed_ice":1691,"minecraft:pink_wool":48,"minecraft:stone_brick_wall":130,"minecraft:shield":9,"minecraft:brick":48,"minecraft:orange_stained_glass":72,"minecraft:oak_trapdoor":122,"minecraft:mycelium":235,"minecraft:birch_fence":6,"minecraft:magenta_wool":57,"minecraft:blue_orchid":40,"minecraft:lime_wool":193,"minecraft:end_stone":750,"minecraft:note_block":17,"minecraft:brown_concrete_powder":230,"minecraft:cookie":6,"minecraft:music_disc_11":46,"minecraft:trident":24,"minecraft:light_blue_bed":2,"minecraft:light_gray_stained_glass_pane":237,"minecraft:stone_pressure_plate":127,"minecraft:purple_terracotta":120,"minecraft:blue_concrete_powder":7,"minecraft:tube_coral":4,"minecraft:red_shulker_box":564,"minecraft:nether_bricks":5118,"minecraft:stripped_dark_oak_wood":7,"minecraft:pink_tulip":140,"minecraft:black_banner":12,"minecraft:brick_stairs":100,"minecraft:skeleton_skull":3,"minecraft:jungle_boat":10,"minecraft:purple_dye":4,"minecraft:prismarine_slab":279,"minecraft:dark_oak_button":85,"minecraft:golden_carrot":347,"minecraft:leather":6325,"minecraft:music_disc_stal":79,"minecraft:ice":241,"minecraft:chainmail_chestplate":2,"minecraft:yellow_bed":7,"minecraft:cobblestone_wall":511,"minecraft:gunpowder":1230,"minecraft:orange_terracotta":9450,"minecraft:cooked_mutton":24,"minecraft:red_carpet":300,"minecraft:gray_carpet":354,"minecraft:acacia_trapdoor":29,"minecraft:spruce_wood":1085,"minecraft:iron_ingot":829,"minecraft:cooked_chicken":1893,"minecraft:prismarine_brick_slab":151,"minecraft:polished_andesite_slab":139,"minecraft:tropical_fish_bucket":3,"minecraft:pink_bed":3,"minecraft:nether_quartz_ore":11864,"minecraft:emerald_block":10,"minecraft:stone_brick_slab":3755,"minecraft:quartz":28699,"minecraft:dandelion":565,"minecraft:lava_bucket":22,"minecraft:red_banner":5,"minecraft:nether_brick_slab":1494,"minecraft:spruce_door":33,"minecraft:brick_slab":34,"minecraft:light_blue_concrete_powder":12,"minecraft:pumpkin_seeds":744,"minecraft:white_concrete_powder":1901,"minecraft:prismarine_wall":54,"minecraft:gray_banner":11,"minecraft:chainmail_leggings":1,"minecraft:terracotta":9134,"minecraft:damaged_anvil":27,"minecraft:dark_oak_wood":734,"minecraft:sunflower":842,"minecraft:seagrass":603,"minecraft:birch_door":7,"minecraft:iron_chestplate":20,"minecraft:anvil":53,"minecraft:chainmail_boots":2,"minecraft:flower_pot":61,"minecraft:prismarine_shard":4962,"minecraft:magenta_carpet":2,"minecraft:diamond_sword":29,"minecraft:oak_stairs":239,"minecraft:brown_bed":2,"minecraft:birch_button":6562,"minecraft:brewing_stand":18,"minecraft:golden_sword":14,"minecraft:dark_oak_trapdoor":202,"minecraft:cooked_salmon":151,"minecraft:red_nether_bricks":52,"minecraft:blue_stained_glass_pane":32,"minecraft:beetroot":23,"minecraft:orange_concrete_powder":517,"minecraft:gold_nugget":527,"minecraft:spruce_planks":807,"minecraft:acacia_fence_gate":5,"minecraft:written_book":136,"minecraft:flower_banner_pattern":1,"minecraft:melon_slice":27,"minecraft:coal_block":99,"minecraft:dark_oak_door":42,"minecraft:golden_helmet":13,"minecraft:music_disc_blocks":82,"minecraft:magenta_concrete_powder":4,"minecraft:composter":4,"minecraft:green_bed":9,"minecraft:pink_carpet":101,"minecraft:sandstone_wall":15,"minecraft:black_dye":49,"minecraft:gray_stained_glass_pane":58,"minecraft:light_gray_bed":14,"minecraft:light_blue_wool":558,"minecraft:tropical_fish":4,"minecraft:blue_dye":35,"minecraft:iron_block":4594,"minecraft:cyan_terracotta":1014,"minecraft:birch_log":3462,"minecraft:magma_block":1139,"minecraft:iron_door":27,"minecraft:birch_slab":1301,"minecraft:jungle_log":517,"minecraft:acacia_leaves":983,"minecraft:green_concrete_powder":200,"minecraft:jungle_wood":31,"minecraft:stripped_spruce_wood":43,"minecraft:gray_concrete":1959,"minecraft:light_gray_concrete_powder":922,"minecraft:chipped_anvil":29,"minecraft:glowstone_dust":37,"minecraft:dropper":61,"minecraft:ink_sac":2769,"minecraft:loom":15,"minecraft:red_terracotta":21410,"minecraft:trapped_chest":6,"minecraft:dark_oak_log":5919,"minecraft:barrel":237,"minecraft:stripped_acacia_log":16,"minecraft:dispenser":25,"minecraft:black_concrete_powder":19719,"minecraft:green_concrete":1006,"minecraft:writable_book":33,"minecraft:polished_granite_slab":4,"minecraft:dead_brain_coral_block":2,"minecraft:blue_ice":10,"minecraft:bread":7,"minecraft:dark_oak_fence":441,"minecraft:bricks":972,"minecraft:spruce_leaves":15819,"minecraft:lime_stained_glass_pane":5,"minecraft:crafting_table":1143,"minecraft:coarse_dirt":562,"minecraft:bubble_coral_fan":2,"minecraft:sandstone_slab":1201,"minecraft:purple_wool":1189,"minecraft:nether_wart":731,"minecraft:orange_stained_glass_pane":20,"minecraft:orange_banner":3,"minecraft:conduit":2,"minecraft:jungle_trapdoor":313,"minecraft:red_bed":32,"minecraft:snow":3059,"minecraft:cracked_stone_bricks":682,"minecraft:beef":6121,"minecraft:cyan_wool":57,"minecraft:iron_nugget":59,"minecraft:quartz_stairs":571,"minecraft:chest":1429,"minecraft:egg":579,"minecraft:sandstone":18420,"minecraft:oak_door":60,"minecraft:spruce_fence":496,"minecraft:carrot":334,"minecraft:redstone":6444,"minecraft:mushroom_stem":1688,"minecraft:blue_carpet":1,"minecraft:prismarine_crystals":2155,"minecraft:tnt":111,"minecraft:cooked_cod":328,"minecraft:beetroot_seeds":54,"minecraft:peony":355,"minecraft:diamond_boots":33,"minecraft:shears":21,"minecraft:sandstone_stairs":160,"minecraft:tube_coral_block":2,"minecraft:gold_ingot":133,"minecraft:white_shulker_box":817,"minecraft:lime_concrete_powder":34,"minecraft:white_wool":636,"minecraft:lapis_ore":280,"minecraft:stripped_oak_log":124,"minecraft:smooth_red_sandstone_stairs":4,"minecraft:red_mushroom_block":3695,"minecraft:red_mushroom":807,"minecraft:filled_map":53,"minecraft:brown_concrete":918,"minecraft:oak_log":9791,"minecraft:jungle_button":64,"minecraft:golden_boots":35,"minecraft:blue_bed":7,"minecraft:white_banner":59,"minecraft:birch_pressure_plate":13,"minecraft:stone_bricks":14204,"minecraft:kelp":32301,"minecraft:music_disc_far":61,"minecraft:cobweb":346,"minecraft:glass_bottle":14,"minecraft:iron_sword":10,"minecraft:prismarine_brick_stairs":116,"minecraft:white_stained_glass_pane":297,"minecraft:dark_oak_slab":1027,"minecraft:daylight_detector":19,"minecraft:yellow_concrete":621,"minecraft:light_blue_glazed_terracotta":3,"minecraft:gravel":37659,"minecraft:birch_stairs":458,"minecraft:spruce_sapling":1027,"minecraft:spruce_log":13283,"minecraft:sea_lantern":1451,"minecraft:firework_rocket":3842,"minecraft:red_stained_glass":4,"minecraft:purple_bed":86,"minecraft:purple_glazed_terracotta":38,"minecraft:polished_diorite":853,"minecraft:light_blue_carpet":1,"minecraft:redstone_ore":1131,"minecraft:scute":59,"minecraft:diamond_axe":28,"minecraft:gray_wool":246,"minecraft:oak_button":133,"minecraft:brown_banner":36,"minecraft:melon_seeds":4,"minecraft:stripped_dark_oak_log":120,"minecraft:pink_dye":67,"minecraft:ender_pearl":1120,"minecraft:shulker_shell":744,"minecraft:music_disc_strad":83,"minecraft:wheat":2911,"minecraft:redstone_block":100,"minecraft:iron_trapdoor":86,"minecraft:light_gray_shulker_box":76,"minecraft:dead_horn_coral_fan":4,"minecraft:turtle_egg":63,"minecraft:potion":46,"minecraft:brain_coral_block":1,"minecraft:nether_brick":64,"minecraft:smooth_stone_slab":8525,"minecraft:iron_leggings":36,"minecraft:armor_stand":77,"minecraft:sticky_piston":121,"minecraft:pink_shulker_box":227,"minecraft:oak_sign":855,"minecraft:sea_pickle":304,"minecraft:activator_rail":25,"minecraft:black_shulker_box":122,"minecraft:dark_oak_leaves":167,"minecraft:redstone_torch":159,"minecraft:iron_boots":40,"minecraft:furnace":107,"minecraft:stick":2005,"minecraft:orange_shulker_box":331,"minecraft:jungle_door":8,"minecraft:brown_terracotta":1100,"minecraft:oak_fence":466,"minecraft:torch":17876,"minecraft:porkchop":19,"minecraft:snow_block":1374,"minecraft:dried_kelp":1468,"minecraft:dead_brain_coral_fan":2,"minecraft:yellow_concrete_powder":257,"minecraft:light_gray_banner":7,"minecraft:blue_stained_glass":288,"minecraft:green_banner":3,"minecraft:quartz_block":2331,"minecraft:cactus":1083,"minecraft:green_wool":141,"minecraft:fire_coral_fan":26,"minecraft:stripped_birch_wood":2,"minecraft:cod":2394,"minecraft:nautilus_shell":14,"minecraft:magma_cream":103,"minecraft:chiseled_quartz_block":86,"minecraft:light_gray_dye":256,"minecraft:wither_skeleton_skull":9,"minecraft:acacia_boat":27,"minecraft:green_shulker_box":276,"minecraft:lapis_lazuli":2444,"minecraft:polished_granite":390,"minecraft:leather_boots":19,"minecraft:pink_banner":18,"minecraft:bell":14,"minecraft:light_blue_dye":40,"minecraft:powered_rail":467,"minecraft:oak_planks":1978,"minecraft:stone_hoe":1,"minecraft:brain_coral":2,"minecraft:ghast_tear":167,"minecraft:pink_concrete":87,"minecraft:black_terracotta":86,"minecraft:music_disc_13":91,"minecraft:poisonous_potato":32,"minecraft:oak_pressure_plate":12,"minecraft:pink_stained_glass_pane":3,"minecraft:jungle_planks":46,"minecraft:sand":100513,"minecraft:dead_bush":246,"minecraft:lily_of_the_valley":16,"minecraft:chiseled_sandstone":11,"minecraft:shulker_box":1075,"minecraft:orange_wool":120,"minecraft:dark_prismarine":407,"minecraft:light_gray_concrete":682,"minecraft:dark_prismarine_slab":44,"minecraft:spruce_fence_gate":57,"minecraft:clay":789,"minecraft:diamond":1093,"minecraft:spruce_boat":84,"minecraft:black_concrete":10273,"minecraft:white_concrete":7293,"minecraft:oak_sapling":1510,"minecraft:nether_star":13,"minecraft:end_stone_bricks":145,"minecraft:fishing_rod":22,"minecraft:charcoal":72,"minecraft:cocoa_beans":1262,"minecraft:allium":342,"minecraft:chicken":61,"minecraft:turtle_helmet":8,"minecraft:wooden_pickaxe":1,"minecraft:gold_block":856,"minecraft:dragon_breath":90,"minecraft:stone_stairs":27,"minecraft:iron_axe":7,"minecraft:orange_concrete":2922,"minecraft:item_frame":314,"minecraft:quartz_slab":1349,"minecraft:cyan_carpet":7,"minecraft:detector_rail":19,"minecraft:dark_prismarine_stairs":13,"minecraft:andesite_stairs":4,"minecraft:oak_boat":117,"minecraft:player_head":1601,"minecraft:observer":154,"minecraft:light_gray_wool":344,"minecraft:lectern":39,"minecraft:sugar_cane":25354,"minecraft:blue_shulker_box":675,"minecraft:spruce_trapdoor":455,"minecraft:phantom_membrane":136,"minecraft:dark_oak_sapling":562,"minecraft:orange_dye":259,"minecraft:bowl":40,"minecraft:gray_dye":73,"minecraft:quartz_pillar":375,"minecraft:stone_button":592,"minecraft:magenta_shulker_box":113,"minecraft:iron_horse_armor":2,"minecraft:dark_oak_planks":619,"minecraft:smooth_sandstone_slab":156,"minecraft:arrow":2463,"minecraft:light_blue_stained_glass_pane":2,"minecraft:jungle_stairs":272,"minecraft:saddle":8,"minecraft:lime_stained_glass":1,"minecraft:wet_sponge":1052,"minecraft:salmon":81,"minecraft:cut_sandstone":95,"minecraft:birch_planks":791,"minecraft:yellow_glazed_terracotta":31,"minecraft:cobblestone_stairs":387,"minecraft:podzol":126,"minecraft:smooth_sandstone":2372,"minecraft:red_nether_brick_stairs":50,"minecraft:fire_coral_block":26,"minecraft:heart_of_the_sea":2,"minecraft:stripped_oak_wood":112,"minecraft:acacia_sapling":63,"minecraft:soul_sand":3466,"minecraft:music_disc_chirp":70,"minecraft:purple_concrete":3672,"minecraft:green_dye":414,"minecraft:book":66,"minecraft:scaffolding":9366,"minecraft:oak_slab":1261,"minecraft:red_concrete_powder":360,"minecraft:birch_boat":135,"minecraft:pumpkin":167,"minecraft:chiseled_stone_bricks":121,"minecraft:brain_coral_fan":1,"minecraft:blast_furnace":8,"minecraft:white_bed":44,"minecraft:gold_ore":693,"minecraft:dark_oak_fence_gate":125,"minecraft:green_carpet":40,"minecraft:spider_eye":152,"minecraft:dead_bubble_coral":1,"minecraft:stripped_jungle_log":8,"minecraft:cyan_banner":9,"minecraft:lime_banner":14,"minecraft:music_disc_mall":63,"minecraft:lime_dye":29,"minecraft:dried_kelp_block":672,"minecraft:campfire":91,"minecraft:iron_helmet":21,"minecraft:stripped_jungle_wood":2,"minecraft:black_wool":133,"minecraft:magenta_concrete":486,"minecraft:red_concrete":1628,"minecraft:coal":11587,"minecraft:purple_concrete_powder":22},"minecraft:mined":{"minecraft:red_nether_brick_slab":1,"minecraft:dragon_wall_head":4,"minecraft:white_bed":39,"minecraft:red_shulker_box":559,"minecraft:pink_bed":2,"minecraft:red_nether_bricks":1,"minecraft:bubble_column":1,"minecraft:granite":23504,"minecraft:acacia_log":800,"minecraft:brown_wool":1,"minecraft:light_gray_bed":14,"minecraft:oak_pressure_plate":5,"minecraft:green_concrete":1174,"minecraft:oak_wall_sign":411,"minecraft:nether_wart":98,"minecraft:magma_block":1093,"minecraft:dark_oak_trapdoor":174,"minecraft:barrel":94,"minecraft:nether_brick_stairs":1478,"minecraft:spruce_pressure_plate":3,"minecraft:light_gray_concrete":651,"minecraft:green_carpet":22,"minecraft:pink_tulip":65,"minecraft:white_shulker_box":806,"minecraft:spruce_wood":864,"minecraft:white_banner":27,"minecraft:player_head":352,"minecraft:tripwire":85,"minecraft:orange_bed":1,"minecraft:jungle_trapdoor":274,"minecraft:jungle_button":64,"minecraft:sandstone_slab":853,"minecraft:cut_sandstone":80,"minecraft:blue_wall_banner":3,"minecraft:blue_concrete_powder":8,"minecraft:kelp_plant":5438,"minecraft:torch":7145,"minecraft:note_block":6,"minecraft:dark_oak_wood":566,"minecraft:melon":3,"minecraft:white_stained_glass_pane":242,"minecraft:dead_bush":252,"minecraft:nether_brick_slab":1502,"minecraft:spruce_wall_sign":16,"minecraft:smooth_quartz_slab":234,"minecraft:lime_shulker_box":171,"minecraft:sugar_cane":13563,"minecraft:bricks":1015,"minecraft:birch_sapling":23,"minecraft:white_terracotta":5199,"minecraft:repeater":68,"minecraft:jungle_wood":11,"minecraft:purple_banner":6,"minecraft:jukebox":1,"minecraft:yellow_glazed_terracotta":32,"minecraft:infested_mossy_stone_bricks":18,"minecraft:grass":9341,"minecraft:dark_oak_sapling":37,"minecraft:birch_button":6802,"minecraft:smooth_quartz":23,"minecraft:sandstone_wall":17,"minecraft:purple_glazed_terracotta":41,"minecraft:dark_prismarine":358,"minecraft:brown_concrete":1043,"minecraft:mossy_cobblestone":6,"minecraft:orange_concrete_powder":2,"minecraft:dark_oak_log":4948,"minecraft:cyan_stained_glass":6,"minecraft:sea_lantern":706,"minecraft:end_stone":734,"minecraft:birch_fence_gate":49,"minecraft:dark_oak_fence":348,"minecraft:spruce_fence":368,"minecraft:stripped_jungle_wood":2,"minecraft:redstone_wire":280,"minecraft:brown_banner":4,"minecraft:red_mushroom":30,"minecraft:white_concrete_powder":140,"minecraft:redstone_ore":2037,"minecraft:acacia_trapdoor":10,"minecraft:light_blue_concrete_powder":10,"minecraft:pink_concrete":211,"minecraft:andesite":31075,"minecraft:green_terracotta":154,"minecraft:cyan_concrete":585,"minecraft:vine":1962,"minecraft:rail":584,"minecraft:cobblestone_slab":836,"minecraft:brain_coral_wall_fan":5,"minecraft:bone_block":157,"minecraft:fire_coral_block":2,"minecraft:ender_chest":364,"minecraft:birch_stairs":201,"minecraft:oak_slab":1151,"minecraft:redstone_block":69,"minecraft:soul_sand":3668,"minecraft:glass_pane":58,"minecraft:lily_of_the_valley":10,"minecraft:dandelion":437,"minecraft:cornflower":61,"minecraft:prismarine_slab":137,"minecraft:campfire":59,"minecraft:purpur_pillar":2,"minecraft:diorite":23216,"minecraft:orange_carpet":53,"minecraft:purple_wool":156,"minecraft:red_terracotta":18616,"minecraft:black_stained_glass":383,"minecraft:light_blue_bed":2,"minecraft:coarse_dirt":466,"minecraft:trapped_chest":6,"minecraft:cobblestone_wall":363,"minecraft:stripped_spruce_wood":46,"minecraft:dark_oak_wall_sign":30,"minecraft:dead_bubble_coral_fan":2,"minecraft:purple_concrete":3728,"minecraft:dark_prismarine_slab":47,"minecraft:dark_oak_button":17,"minecraft:gravel":37463,"minecraft:brown_terracotta":1133,"minecraft:cobweb":200,"minecraft:birch_sign":3,"minecraft:oak_button":127,"minecraft:stone_bricks":12669,"minecraft:orange_wall_banner":1,"minecraft:gold_ore":630,"minecraft:chipped_anvil":28,"minecraft:iron_trapdoor":87,"minecraft:fern":525,"minecraft:stone_pressure_plate":49,"minecraft:prismarine_wall":46,"minecraft:oak_sapling":76,"minecraft:farmland":432,"minecraft:andesite_stairs":4,"minecraft:orange_stained_glass":34,"minecraft:orange_wool":102,"minecraft:brewing_stand":18,"minecraft:spruce_trapdoor":225,"minecraft:lime_banner":6,"minecraft:white_concrete":8327,"minecraft:polished_diorite":571,"minecraft:composter":4,"minecraft:green_wall_banner":2,"minecraft:turtle_egg":64,"minecraft:dragon_head":9,"minecraft:brown_bed":2,"minecraft:red_tulip":267,"minecraft:iron_bars":590,"minecraft:potted_cornflower":1,"minecraft:spruce_slab":1654,"minecraft:brown_shulker_box":180,"minecraft:quartz_block":294,"minecraft:orange_terracotta":7953,"minecraft:yellow_banner":4,"minecraft:purpur_stairs":2,"minecraft:light_gray_terracotta":13746,"minecraft:jungle_stairs":237,"minecraft:beacon":29,"minecraft:nether_quartz_ore":25283,"minecraft:oak_planks":1471,"minecraft:light_blue_banner":8,"minecraft:wall_torch":1793,"minecraft:cauldron":15,"minecraft:light_blue_terracotta":69,"minecraft:stone_stairs":18,"minecraft:blue_terracotta":7,"minecraft:powered_rail":248,"minecraft:dark_oak_slab":930,"minecraft:green_banner":1,"minecraft:blue_ice":10,"minecraft:tnt":32,"minecraft:smooth_stone_slab":6459,"minecraft:oak_log":8933,"minecraft:beetroots":14,"minecraft:lime_terracotta":1088,"minecraft:dirt":113254,"minecraft:pink_banner":16,"minecraft:prismarine_stairs":13,"minecraft:dispenser":20,"minecraft:daylight_detector":15,"minecraft:yellow_wall_banner":13,"minecraft:pink_carpet":77,"minecraft:quartz_stairs":500,"minecraft:dark_oak_leaves":645,"minecraft:red_stained_glass":10,"minecraft:lever":70,"minecraft:ladder":752,"minecraft:purple_terracotta":122,"minecraft:tube_coral_wall_fan":4,"minecraft:stone_button":123,"minecraft:cyan_banner":6,"minecraft:brown_mushroom_block":6848,"minecraft:birch_slab":1267,"minecraft:spruce_leaves":15405,"minecraft:hay_block":246,"minecraft:light_blue_wall_banner":2,"minecraft:heavy_weighted_pressure_plate":6,"minecraft:orange_stained_glass_pane":18,"minecraft:light_gray_shulker_box":73,"minecraft:gray_wall_banner":2,"minecraft:detector_rail":1,"minecraft:gold_block":661,"minecraft:peony":1,"minecraft:nether_brick_fence":5,"minecraft:bookshelf":1,"minecraft:lime_wall_banner":6,"minecraft:stripped_oak_log":124,"minecraft:wet_sponge":1043,"minecraft:pink_terracotta":18,"minecraft:orange_glazed_terracotta":16,"minecraft:scaffolding":4711,"minecraft:acacia_leaves":1012,"minecraft:magenta_stained_glass":7,"minecraft:snow_block":308,"minecraft:stripped_dark_oak_log":114,"minecraft:polished_granite":235,"minecraft:oak_fence":379,"minecraft:gray_stained_glass":37,"minecraft:lime_carpet":117,"minecraft:stone_slab":839,"minecraft:red_glazed_terracotta":62,"minecraft:red_concrete":1647,"minecraft:prismarine_bricks":4449,"minecraft:birch_planks":342,"minecraft:bubble_coral":1,"minecraft:sea_pickle":67,"minecraft:black_wall_banner":6,"minecraft:ice":84,"minecraft:white_wall_banner":28,"minecraft:grass_path":679,"minecraft:black_wool":13,"minecraft:cocoa":321,"minecraft:yellow_concrete":660,"minecraft:flower_pot":13,"minecraft:cyan_carpet":6,"minecraft:purple_shulker_box":461,"minecraft:cracked_stone_bricks":268,"minecraft:stripped_acacia_wood":1,"minecraft:mossy_stone_bricks":392,"minecraft:dark_oak_planks":314,"minecraft:dead_horn_coral_fan":4,"minecraft:polished_granite_slab":3,"minecraft:dark_prismarine_stairs":13,"minecraft:light_blue_concrete":156,"minecraft:black_terracotta":27,"minecraft:jungle_leaves":306,"minecraft:obsidian":4839,"minecraft:carved_pumpkin":195,"minecraft:red_sand":824,"minecraft:smooth_red_sandstone_stairs":4,"minecraft:stone_brick_wall":53,"minecraft:yellow_carpet":13,"minecraft:jungle_log":271,"minecraft:coal_block":33,"minecraft:purpur_slab":21,"minecraft:lime_stained_glass":7,"minecraft:tube_coral_block":2,"minecraft:hopper":163,"minecraft:oxeye_daisy":88,"minecraft:chiseled_stone_bricks":133,"minecraft:light_blue_stained_glass":132,"minecraft:orange_concrete":3369,"minecraft:brown_stained_glass":11,"minecraft:sticky_piston":97,"minecraft:cyan_wall_banner":2,"minecraft:pumpkin":42,"minecraft:stripped_dark_oak_wood":3,"minecraft:enchanting_table":4,"minecraft:lime_stained_glass_pane":5,"minecraft:oak_sign":98,"minecraft:oak_stairs":169,"minecraft:quartz_slab":1130,"minecraft:blue_orchid":20,"minecraft:iron_block":3351,"minecraft:piston_head":12,"minecraft:conduit":2,"minecraft:brown_mushroom":52,"minecraft:red_bed":32,"minecraft:player_wall_head":207,"minecraft:blue_stained_glass":312,"minecraft:blast_furnace":8,"minecraft:polished_andesite_stairs":74,"minecraft:green_concrete_powder":8,"minecraft:dead_brain_coral_fan":2,"minecraft:glass":788,"minecraft:damaged_anvil":27,"minecraft:smooth_sandstone_slab":157,"minecraft:spruce_sign":7,"minecraft:skeleton_skull":1,"minecraft:black_concrete_powder":76,"minecraft:light_gray_stained_glass":35,"minecraft:wheat":2701,"minecraft:pumpkin_stem":2,"minecraft:lime_concrete":539,"minecraft:stone_brick_stairs":3365,"minecraft:prismarine_brick_stairs":106,"minecraft:oak_fence_gate":23,"minecraft:purple_concrete_powder":22,"minecraft:loom":14,"minecraft:stripped_birch_wood":2,"minecraft:blue_shulker_box":669,"minecraft:red_mushroom_block":3975,"minecraft:stonecutter":38,"minecraft:yellow_stained_glass":15,"minecraft:piston":64,"minecraft:light_blue_stained_glass_pane":2,"minecraft:yellow_terracotta":618,"minecraft:pink_shulker_box":224,"minecraft:light_gray_stained_glass_pane":117,"minecraft:dead_bubble_coral":1,"minecraft:blue_stained_glass_pane":16,"minecraft:stripped_birch_log":997,"minecraft:jack_o_lantern":42,"minecraft:shulker_box":1063,"minecraft:orange_banner":2,"minecraft:nether_bricks":5331,"minecraft:allium":240,"minecraft:jungle_planks":21,"minecraft:orange_shulker_box":328,"minecraft:magenta_concrete":486,"minecraft:yellow_concrete_powder":44,"minecraft:lime_wool":7,"minecraft:horn_coral_wall_fan":4,"minecraft:kelp":1781,"minecraft:black_stained_glass_pane":2,"minecraft:snow":19359,"minecraft:acacia_wood":71,"minecraft:diamond_block":48,"minecraft:potatoes":531,"minecraft:magenta_concrete_powder":4,"minecraft:bamboo_sapling":4,"minecraft:bamboo":53,"minecraft:white_wool":44,"minecraft:cake":33,"minecraft:light_gray_carpet":363,"minecraft:gray_concrete":1796,"minecraft:comparator":16,"minecraft:brown_carpet":42,"minecraft:stone_brick_slab":3070,"minecraft:observer":148,"minecraft:smooth_sandstone":1531,"minecraft:light_gray_concrete_powder":735,"minecraft:spruce_button":1,"minecraft:emerald_ore":37,"minecraft:sponge":21,"minecraft:dropper":24,"minecraft:dried_kelp_block":8,"minecraft:purple_bed":74,"minecraft:purple_stained_glass":9,"minecraft:prismarine_brick_slab":114,"minecraft:white_carpet":236,"minecraft:spruce_log":10667,"minecraft:birch_leaves":1290,"minecraft:jungle_fence":2,"minecraft:quartz_pillar":356,"minecraft:red_wall_banner":3,"minecraft:mycelium":38,"minecraft:dark_oak_sign":6,"minecraft:pink_stained_glass_pane":3,"minecraft:spruce_fence_gate":52,"minecraft:infested_stone":23,"minecraft:black_shulker_box":121,"minecraft:light_gray_banner":6,"minecraft:spruce_planks":495,"minecraft:jungle_slab":234,"minecraft:cobblestone_stairs":243,"minecraft:grass_block":107197,"minecraft:infested_cobblestone":2,"minecraft:gray_banner":9,"minecraft:blue_concrete":196,"minecraft:purple_stained_glass_pane":2,"minecraft:sandstone_stairs":164,"minecraft:smooth_stone":815,"minecraft:potted_birch_sapling":2,"minecraft:glowstone":995,"minecraft:red_nether_brick_stairs":19,"minecraft:iron_ore":4657,"minecraft:anvil":47,"minecraft:black_carpet":166,"minecraft:azure_bluet":344,"minecraft:dark_oak_stairs":285,"minecraft:purple_carpet":74,"minecraft:birch_wall_sign":13,"minecraft:end_stone_bricks":157,"minecraft:brain_coral_block":3,"minecraft:green_bed":8,"minecraft:blue_banner":24,"minecraft:cyan_terracotta":713,"minecraft:melon_stem":1,"minecraft:clay":1838,"minecraft:chiseled_quartz_block":82,"minecraft:poppy":956,"minecraft:chest":1225,"minecraft:mushroom_stem":1585,"minecraft:cobblestone":3953,"minecraft:slime_block":91,"minecraft:grindstone":8,"minecraft:prismarine":2962,"minecraft:magenta_shulker_box":114,"minecraft:seagrass":2414,"minecraft:light_gray_glazed_terracotta":38,"minecraft:acacia_sapling":3,"minecraft:brown_concrete_powder":47,"minecraft:birch_log":2819,"minecraft:lapis_block":1,"minecraft:yellow_wool":198,"minecraft:birch_trapdoor":44,"minecraft:activator_rail":1,"minecraft:brown_wall_banner":1,"minecraft:stripped_oak_wood":112,"minecraft:light_gray_wool":3,"minecraft:orange_tulip":232,"minecraft:purpur_block":37,"minecraft:yellow_stained_glass_pane":15,"minecraft:green_glazed_terracotta":42,"minecraft:acacia_fence":4,"minecraft:sand":100228,"minecraft:infested_cracked_stone_bricks":8,"minecraft:tripwire_hook":18,"minecraft:netherrack":392558,"minecraft:potted_red_tulip":2,"minecraft:oak_leaves":9438,"minecraft:horn_coral_block":2,"minecraft:emerald_block":9,"minecraft:redstone_lamp":62,"minecraft:diamond_ore":510,"minecraft:tube_coral":1,"minecraft:red_carpet":284,"minecraft:gray_shulker_box":93,"minecraft:gray_stained_glass_pane":65,"minecraft:dark_oak_pressure_plate":2,"minecraft:black_banner":6,"minecraft:brick_stairs":107,"minecraft:light_blue_glazed_terracotta":3,"minecraft:white_stained_glass":1347,"minecraft:polished_andesite_slab":148,"minecraft:sandstone":18012,"minecraft:oak_trapdoor":43,"minecraft:spruce_sapling":68,"minecraft:furnace":92,"minecraft:carrots":68,"minecraft:red_concrete_powder":33,"minecraft:chiseled_sandstone":16,"minecraft:stripped_spruce_log":60,"minecraft:dark_oak_fence_gate":33,"minecraft:black_concrete":29165,"minecraft:bell":13,"minecraft:lantern":140,"minecraft:stripped_acacia_log":16,"minecraft:stripped_jungle_log":7,"minecraft:packed_ice":1691,"minecraft:chorus_plant":15,"minecraft:white_tulip":150,"minecraft:stone":382821,"minecraft:yellow_shulker_box":137,"minecraft:redstone_wall_torch":12,"minecraft:birch_pressure_plate":9,"minecraft:podzol":877,"minecraft:light_blue_shulker_box":886,"minecraft:red_wool":13,"minecraft:infested_stone_bricks":35,"minecraft:red_banner":2,"minecraft:crafting_table":1087,"minecraft:cyan_stained_glass_pane":16,"minecraft:purple_wall_banner":2,"minecraft:oak_wood":35,"minecraft:lime_concrete_powder":37,"minecraft:andesite_slab":12,"minecraft:lectern":11,"minecraft:red_nether_brick_wall":2,"minecraft:lapis_ore":377,"minecraft:lily_pad":339,"minecraft:blue_bed":5,"minecraft:spruce_stairs":314,"minecraft:gray_wool":20,"minecraft:cactus":114,"minecraft:lime_bed":7,"minecraft:gray_concrete_powder":383,"minecraft:brick_slab":39,"minecraft:green_shulker_box":272,"minecraft:acacia_fence_gate":3,"minecraft:redstone_torch":18,"minecraft:magenta_terracotta":194,"minecraft:sweet_berry_bush":5,"minecraft:gray_bed":4,"minecraft:yellow_bed":6,"minecraft:dead_brain_coral_block":2,"minecraft:potted_azure_bluet":1,"minecraft:coal_ore":10902,"minecraft:bubble_coral_wall_fan":4,"minecraft:end_rod":50,"minecraft:gray_carpet":208,"minecraft:terracotta":8815,"minecraft:potted_white_tulip":2,"minecraft:polished_andesite":3861,"minecraft:birch_fence":7},"minecraft:killed":{"minecraft:cod":82,"minecraft:guardian":5008,"minecraft:elder_guardian":5,"minecraft:salmon":2,"minecraft:ender_dragon":7,"minecraft:pillager":23,"minecraft:zombie":515,"minecraft:zombie_pigman":125,"minecraft:endermite":24,"minecraft:vindicator":5,"minecraft:snow_golem":49,"minecraft:husk":62,"minecraft:witch":4,"minecraft:spider":92,"minecraft:wither":7,"minecraft:silverfish":1,"minecraft:zombie_villager":7,"minecraft:sheep":6,"minecraft:trader_llama":10,"minecraft:ghast":145,"minecraft:vex":6,"minecraft:slime":211,"minecraft:drowned":144,"minecraft:squid":50,"minecraft:wither_skeleton":232,"minecraft:cave_spider":10,"minecraft:dolphin":5,"minecraft:shulker":97,"minecraft:skeleton":413,"minecraft:chicken":198,"minecraft:magma_cube":184,"minecraft:cow":2184,"minecraft:ocelot":1,"minecraft:wandering_trader":6,"minecraft:enderman":118,"minecraft:turtle":49,"minecraft:pig":5,"minecraft:creeper":277,"minecraft:blaze":53,"minecraft:phantom":143,"minecraft:bat":265},"minecraft:dropped":{"minecraft:porkchop":3,"minecraft:lapis_lazuli":6,"minecraft:chorus_fruit":41,"minecraft:glass_bottle":27,"minecraft:diamond":225,"minecraft:crafting_table":29,"minecraft:lime_stained_glass":1,"minecraft:dark_oak_slab":9,"minecraft:cracked_stone_bricks":39,"minecraft:quartz_pillar":9,"minecraft:brown_banner":16,"minecraft:red_mushroom":6,"minecraft:gold_block":16,"minecraft:gray_concrete":3,"minecraft:red_bed":1,"minecraft:dark_oak_fence":11,"minecraft:dark_oak_trapdoor":2,"minecraft:stripped_dark_oak_wood":7,"minecraft:gold_nugget":238,"minecraft:writable_book":1,"minecraft:acacia_fence_gate":2,"minecraft:sand":1030,"minecraft:purple_wool":64,"minecraft:dark_oak_planks":121,"minecraft:fishing_rod":3,"minecraft:white_wool":3,"minecraft:birch_stairs":1,"minecraft:music_disc_blocks":2,"minecraft:dark_oak_door":4,"minecraft:stone_axe":3,"minecraft:lever":5,"minecraft:diamond_block":2,"minecraft:iron_nugget":6,"minecraft:cooked_chicken":1402,"minecraft:black_carpet":10,"minecraft:wheat":31,"minecraft:obsidian":95,"minecraft:stripped_dark_oak_log":9,"minecraft:rotten_flesh":1049,"minecraft:oak_planks":500,"minecraft:pink_carpet":1,"minecraft:birch_wood":1,"minecraft:azure_bluet":104,"minecraft:red_mushroom_block":78,"minecraft:sea_lantern":140,"minecraft:coal_ore":606,"minecraft:quartz_block":192,"minecraft:leather_boots":2,"minecraft:acacia_sapling":1,"minecraft:leather_leggings":5,"minecraft:glass":120,"minecraft:beef":55,"minecraft:podzol":1,"minecraft:stone_brick_stairs":257,"minecraft:brown_concrete":4,"minecraft:golden_boots":9,"minecraft:black_dye":17,"minecraft:wheat_seeds":1953,"minecraft:light_gray_stained_glass_pane":8,"minecraft:book":27,"minecraft:prismarine_crystals":41,"minecraft:red_stained_glass":2,"minecraft:yellow_carpet":4,"minecraft:coal_block":58,"minecraft:lime_banner":1,"minecraft:lava_bucket":8,"minecraft:dark_oak_leaves":31,"minecraft:brown_concrete_powder":7,"minecraft:gray_wool":2,"minecraft:ink_sac":443,"minecraft:cooked_salmon":1,"minecraft:lapis_ore":32,"minecraft:potion":18,"minecraft:stripped_birch_log":4,"minecraft:oak_stairs":69,"minecraft:green_glazed_terracotta":68,"minecraft:pumpkin":5,"minecraft:white_banner":1,"minecraft:smooth_sandstone_slab":1,"minecraft:jungle_boat":2,"minecraft:red_dye":12,"minecraft:smooth_stone":33,"minecraft:smooth_sandstone":14,"minecraft:acacia_planks":18,"minecraft:stone_brick_slab":476,"minecraft:snow_block":20,"minecraft:yellow_concrete_powder":3,"minecraft:green_terracotta":4,"minecraft:light_blue_glazed_terracotta":3,"minecraft:player_head":309,"minecraft:cocoa_beans":3,"minecraft:experience_bottle":2,"minecraft:stone_shovel":6,"minecraft:white_carpet":3,"minecraft:clay_ball":94,"minecraft:iron_boots":8,"minecraft:name_tag":10,"minecraft:white_terracotta":3,"minecraft:white_shulker_box":2,"minecraft:oak_sign":44,"minecraft:shears":24,"minecraft:diamond_sword":5,"minecraft:cyan_wool":2,"minecraft:spruce_boat":6,"minecraft:flower_pot":12,"minecraft:sea_pickle":3,"minecraft:peony":12,"minecraft:spruce_trapdoor":32,"minecraft:spruce_planks":94,"minecraft:diamond_pickaxe":7,"minecraft:redstone_torch":1,"minecraft:stone_pressure_plate":71,"minecraft:barrel":25,"minecraft:stone_bricks":468,"minecraft:bamboo":3,"minecraft:sandstone":317,"minecraft:red_sand":3,"minecraft:bow":9,"minecraft:stripped_spruce_wood":2,"minecraft:green_concrete_powder":8,"minecraft:magma_block":8,"minecraft:terracotta":32,"minecraft:nether_brick_stairs":1,"minecraft:blue_shulker_box":1,"minecraft:soul_sand":142,"minecraft:orange_dye":2,"minecraft:oak_log":318,"minecraft:ender_pearl":180,"minecraft:lime_terracotta":75,"minecraft:green_shulker_box":3,"minecraft:leather":165,"minecraft:red_wool":72,"minecraft:jungle_planks":1,"minecraft:iron_horse_armor":1,"minecraft:birch_slab":2,"minecraft:cod":55,"minecraft:orange_glazed_terracotta":4,"minecraft:cobblestone_stairs":82,"minecraft:dark_oak_log":600,"minecraft:packed_ice":7,"minecraft:mutton":2,"minecraft:snowball":1753,"minecraft:light_gray_banner":1,"minecraft:prismarine_brick_slab":19,"minecraft:stripped_oak_wood":2,"minecraft:black_concrete":71,"minecraft:gold_ingot":27,"minecraft:purple_banner":1,"minecraft:yellow_stained_glass":2,"minecraft:birch_fence_gate":5,"minecraft:leather_chestplate":5,"minecraft:trident":4,"minecraft:oak_wood":18,"minecraft:beetroot_seeds":10,"minecraft:iron_ore":400,"minecraft:birch_button":22,"minecraft:iron_bars":39,"minecraft:prismarine_wall":3,"minecraft:scaffolding":122,"minecraft:white_concrete_powder":131,"minecraft:light_gray_concrete_powder":5,"minecraft:polished_granite":107,"minecraft:splash_potion":3,"minecraft:purple_carpet":1,"minecraft:stone_hoe":1,"minecraft:bread":2,"minecraft:vine":842,"minecraft:lilac":10,"minecraft:golden_helmet":5,"minecraft:activator_rail":2,"minecraft:tropical_fish":1,"minecraft:spruce_stairs":16,"minecraft:acacia_log":47,"minecraft:spruce_fence_gate":5,"minecraft:iron_block":26,"minecraft:milk_bucket":1,"minecraft:light_blue_wool":2,"minecraft:white_concrete":479,"minecraft:light_gray_shulker_box":1,"minecraft:iron_door":2,"minecraft:light_gray_stained_glass":1,"minecraft:music_disc_strad":1,"minecraft:jungle_leaves":44,"minecraft:music_disc_ward":1,"minecraft:cactus":102,"minecraft:tripwire_hook":10,"minecraft:polished_diorite":115,"minecraft:kelp":1068,"minecraft:sweet_berries":3,"minecraft:oak_trapdoor":17,"minecraft:light_gray_terracotta":385,"minecraft:birch_pressure_plate":23,"minecraft:stripped_oak_log":13,"minecraft:shulker_box":5,"minecraft:flint_and_steel":1,"minecraft:oak_button":3,"minecraft:andesite":1543,"minecraft:golden_leggings":4,"minecraft:oak_sapling":102,"minecraft:birch_sign":1,"minecraft:spruce_log":75,"minecraft:wooden_pickaxe":2,"minecraft:nautilus_shell":2,"minecraft:light_blue_terracotta":1,"minecraft:clay":2,"minecraft:acacia_wood":2,"minecraft:cooked_beef":423,"minecraft:oak_pressure_plate":10,"minecraft:orange_tulip":76,"minecraft:cookie":11,"minecraft:saddle":1,"minecraft:purpur_stairs":1,"minecraft:elytra":4,"minecraft:rail":117,"minecraft:leather_helmet":2,"minecraft:red_carpet":2,"minecraft:item_frame":16,"minecraft:dirt":4995,"minecraft:grass":20,"minecraft:stone_button":75,"minecraft:jack_o_lantern":2,"minecraft:bone_meal":251,"minecraft:bone_block":90,"minecraft:sunflower":7,"minecraft:phantom_membrane":4,"minecraft:iron_pickaxe":2,"minecraft:dark_oak_boat":3,"minecraft:bone":106,"minecraft:green_wool":4,"minecraft:oak_door":3,"minecraft:sugar_cane":488,"minecraft:music_disc_chirp":3,"minecraft:golden_chestplate":10,"minecraft:birch_sapling":42,"minecraft:blue_wool":10,"minecraft:end_stone":1,"minecraft:light_gray_carpet":7,"minecraft:jungle_trapdoor":37,"minecraft:white_bed":1,"minecraft:orange_stained_glass":42,"minecraft:salmon":15,"minecraft:tipped_arrow":74,"minecraft:heavy_weighted_pressure_plate":8,"minecraft:jungle_stairs":38,"minecraft:charcoal":8,"minecraft:hopper":1,"minecraft:ladder":183,"minecraft:white_dye":5,"minecraft:spruce_slab":11,"minecraft:end_stone_bricks":1,"minecraft:campfire":11,"minecraft:ghast_tear":1,"minecraft:egg":28,"minecraft:enchanted_book":4,"minecraft:iron_ingot":114,"minecraft:cyan_stained_glass":1,"minecraft:birch_leaves":62,"minecraft:gray_stained_glass_pane":3,"minecraft:dark_prismarine_slab":3,"minecraft:purpur_slab":1,"minecraft:oak_fence":48,"minecraft:iron_helmet":4,"minecraft:feather":3700,"minecraft:cobblestone":3933,"minecraft:purple_concrete":1,"minecraft:apple":22,"minecraft:granite":4548,"minecraft:spruce_button":6,"minecraft:stripped_jungle_log":3,"minecraft:spruce_door":5,"minecraft:coal":149,"minecraft:pufferfish":12,"minecraft:polished_andesite":56,"minecraft:end_rod":1,"minecraft:oxeye_daisy":43,"minecraft:dried_kelp_block":1,"minecraft:jungle_slab":13,"minecraft:iron_trapdoor":3,"minecraft:golden_carrot":76,"minecraft:sponge":51,"minecraft:rose_bush":9,"minecraft:diamond_helmet":2,"minecraft:lime_carpet":3,"minecraft:pufferfish_bucket":3,"minecraft:dried_kelp":141,"minecraft:prismarine_slab":120,"minecraft:iron_shovel":1,"minecraft:paper":82,"minecraft:string":135,"minecraft:gray_carpet":1,"minecraft:spruce_sapling":40,"minecraft:pink_tulip":26,"minecraft:furnace":9,"minecraft:redstone_ore":122,"minecraft:stone_sword":59,"minecraft:cobblestone_wall":87,"minecraft:smooth_stone_slab":214,"minecraft:bowl":1,"minecraft:chicken":31,"minecraft:blue_concrete":1,"minecraft:slime_block":6,"minecraft:stone_slab":87,"minecraft:light_blue_concrete":7,"minecraft:nether_bricks":86,"minecraft:spruce_fence":7,"minecraft:purple_stained_glass":64,"minecraft:light_blue_dye":5,"minecraft:potato":209,"minecraft:cobblestone_slab":234,"minecraft:stone":14651,"minecraft:allium":41,"minecraft:yellow_bed":1,"minecraft:blue_banner":1,"minecraft:wooden_shovel":5,"minecraft:carved_pumpkin":3,"minecraft:spider_eye":38,"minecraft:brown_carpet":5,"minecraft:birch_boat":7,"minecraft:red_tulip":65,"minecraft:bell":1,"minecraft:dark_prismarine":5,"minecraft:black_wool":3,"minecraft:quartz_slab":68,"minecraft:gold_ore":13,"minecraft:spruce_sign":4,"minecraft:birch_planks":123,"minecraft:brown_mushroom":15,"minecraft:dark_oak_stairs":40,"minecraft:diamond_axe":6,"minecraft:baked_potato":27,"minecraft:lime_shulker_box":1,"minecraft:stripped_birch_wood":2,"minecraft:sandstone_slab":93,"minecraft:scute":11,"minecraft:lantern":12,"minecraft:flint":430,"minecraft:spruce_leaves":804,"minecraft:cyan_terracotta":142,"minecraft:orange_carpet":1,"minecraft:cornflower":7,"minecraft:seagrass":115,"minecraft:cooked_cod":4,"minecraft:cut_sandstone":23,"minecraft:pumpkin_pie":2,"minecraft:birch_log":122,"minecraft:brown_mushroom_block":16,"minecraft:armor_stand":5,"minecraft:gravel":1310,"minecraft:white_tulip":51,"minecraft:yellow_wool":5,"minecraft:lime_wool":9,"minecraft:black_terracotta":1,"minecraft:fern":51,"minecraft:diamond_shovel":3,"minecraft:prismarine":200,"minecraft:stone_stairs":3,"minecraft:carrot":5,"minecraft:chiseled_stone_bricks":2,"minecraft:poppy":408,"minecraft:oak_fence_gate":7,"minecraft:gunpowder":103,"minecraft:birch_trapdoor":5,"minecraft:spruce_pressure_plate":1,"minecraft:glowstone":8,"minecraft:chainmail_boots":1,"minecraft:chest":58,"minecraft:cyan_concrete":1,"minecraft:arrow":177,"minecraft:powered_rail":32,"minecraft:prismarine_bricks":896,"minecraft:written_book":77,"minecraft:oak_leaves":66,"minecraft:netherrack":77490,"minecraft:firework_rocket":445,"minecraft:water_bucket":12,"minecraft:oak_slab":36,"minecraft:purple_terracotta":1,"minecraft:stripped_spruce_log":11,"minecraft:red_concrete_powder":19,"minecraft:mossy_cobblestone":4,"minecraft:minecart":8,"minecraft:diamond_leggings":4,"minecraft:poisonous_potato":8,"minecraft:prismarine_shard":60,"minecraft:spectral_arrow":1,"minecraft:dark_oak_pressure_plate":2,"minecraft:light_blue_concrete_powder":2,"minecraft:grass_block":859,"minecraft:stick":376,"minecraft:diorite":2625,"minecraft:light_blue_stained_glass":4,"minecraft:torch":403,"minecraft:brown_wool":3,"minecraft:green_carpet":2,"minecraft:iron_leggings":5,"minecraft:iron_axe":3,"minecraft:bucket":56,"minecraft:dandelion":259,"minecraft:redstone":9,"minecraft:red_concrete":3,"minecraft:gray_stained_glass":1,"minecraft:ender_chest":3,"minecraft:coarse_dirt":11,"minecraft:nether_wart":3,"minecraft:chiseled_quartz_block":2,"minecraft:iron_hoe":1,"minecraft:cyan_stained_glass_pane":4,"minecraft:acacia_leaves":1,"minecraft:glass_pane":24,"minecraft:red_terracotta":23,"minecraft:snow":20,"minecraft:black_concrete_powder":132,"minecraft:diamond_chestplate":2,"minecraft:orange_terracotta":7,"minecraft:iron_chestplate":2,"minecraft:purple_bed":1,"minecraft:cake":2,"minecraft:quartz_stairs":1,"minecraft:mossy_stone_bricks":17,"minecraft:pink_wool":1,"minecraft:oak_boat":10,"minecraft:golden_sword":12,"minecraft:slime_ball":1,"minecraft:diamond_boots":4,"minecraft:stripped_acacia_log":3,"minecraft:purple_shulker_box":2,"minecraft:stone_pickaxe":1,"minecraft:nether_quartz_ore":110,"minecraft:music_disc_mellohi":3,"minecraft:white_stained_glass":148,"minecraft:light_blue_shulker_box":1},"minecraft:custom":{"minecraft:interact_with_crafting_table":6927,"minecraft:damage_blocked_by_shield":2965,"minecraft:deaths":38,"minecraft:jump":549443,"minecraft:play_record":34,"minecraft:interact_with_cartography_table":1,"minecraft:interact_with_smoker":7,"minecraft:inspect_dispenser":533,"minecraft:horse_one_cm":1347434,"minecraft:inspect_dropper":145,"minecraft:inspect_hopper":629,"minecraft:tune_noteblock":38500,"minecraft:time_since_rest":49400,"minecraft:swim_one_cm":24362268,"minecraft:open_chest":78678,"minecraft:open_shulker_box":37367,"minecraft:clean_banner":31,"minecraft:damage_resisted":13858,"minecraft:play_noteblock":19,"minecraft:talked_to_villager":912,"minecraft:interact_with_brewingstand":604,"minecraft:interact_with_beacon":53,"minecraft:fill_cauldron":35,"minecraft:boat_one_cm":25374233,"minecraft:damage_taken":427294,"minecraft:aviate_one_cm":1185153015,"minecraft:open_barrel":918,"minecraft:bell_ring":268,"minecraft:eat_cake_slice":6,"minecraft:leave_game":1655,"minecraft:time_since_death":989071,"minecraft:enchant_item":359,"minecraft:interact_with_furnace":2985,"minecraft:traded_with_villager":1837,"minecraft:sleep_in_bed":2211,"minecraft:damage_dealt":601395,"minecraft:use_cauldron":4,"minecraft:sneak_time":5868788,"minecraft:interact_with_lectern":129,"minecraft:interact_with_blast_furnace":18,"minecraft:interact_with_stonecutter":68,"minecraft:fly_one_cm":109058470,"minecraft:fall_one_cm":13608411,"minecraft:fish_caught":1100,"minecraft:animals_bred":2755,"minecraft:sprint_one_cm":199452718,"minecraft:drop":8466,"minecraft:walk_on_water_one_cm":7747119,"minecraft:play_one_minute":105042859,"minecraft:interact_with_loom":141,"minecraft:open_enderchest":6680,"minecraft:player_kills":2,"minecraft:crouch_one_cm":21100637,"minecraft:mob_kills":135746,"minecraft:climb_one_cm":6688134,"minecraft:walk_one_cm":167770233,"minecraft:walk_under_water_one_cm":18187062,"minecraft:pot_flower":69,"minecraft:damage_absorbed":430,"minecraft:trigger_trapped_chest":183,"minecraft:minecart_one_cm":3469127},"minecraft:broken":{"minecraft:shears":75,"minecraft:diamond_pickaxe":4,"minecraft:fishing_rod":4,"minecraft:leather_helmet":1,"minecraft:iron_pickaxe":12,"minecraft:iron_shovel":5,"minecraft:stone_pickaxe":3,"minecraft:stone_axe":4,"minecraft:diamond_hoe":1,"minecraft:golden_boots":1,"minecraft:iron_axe":2,"minecraft:iron_helmet":2}},"DataVersion":1976}