{"stats":{"minecraft:custom":{"minecraft:interact_with_cartography_table":23,"minecraft:inspect_dispenser":3758,"minecraft:inspect_dropper":3645,"minecraft:inspect_hopper":5309,"minecraft:clean_armor":13,"minecraft:play_noteblock":570,"minecraft:talked_to_villager":12220,"minecraft:fill_cauldron":78,"minecraft:raid_win":2,"minecraft:damage_taken":1216202,"minecraft:eat_cake_slice":1362,"minecraft:enchant_item":81,"minecraft:interact_with_furnace":11303,"minecraft:sleep_in_bed":6202,"minecraft:use_cauldron":126,"minecraft:damage_dealt_absorbed":80,"minecraft:sneak_time":8980272,"minecraft:interact_with_lectern":1072,"minecraft:interact_with_blast_furnace":64,"minecraft:fish_caught":611,"minecraft:fall_one_cm":38567037,"minecraft:drop":20711,"minecraft:interact_with_loom":114,"minecraft:player_kills":12,"minecraft:damage_absorbed":1845,"minecraft:trigger_trapped_chest":553,"minecraft:pig_one_cm":10794,"minecraft:interact_with_crafting_table":14453,"minecraft:damage_blocked_by_shield":72621,"minecraft:deaths":229,"minecraft:jump":1116833,"minecraft:play_record":90,"minecraft:interact_with_smoker":52,"minecraft:horse_one_cm":15380197,"minecraft:tune_noteblock":1412,"minecraft:time_since_rest":313,"minecraft:swim_one_cm":70434034,"minecraft:open_chest":92551,"minecraft:open_shulker_box":90687,"minecraft:clean_banner":120,"minecraft:damage_resisted":91123,"minecraft:interact_with_brewingstand":3611,"minecraft:interact_with_beacon":244,"minecraft:boat_one_cm":132583876,"minecraft:aviate_one_cm":1756924688,"minecraft:open_barrel":2175,"minecraft:bell_ring":500,"minecraft:leave_game":2963,"minecraft:time_since_death":4237315,"minecraft:traded_with_villager":54315,"minecraft:damage_dealt":2297572,"minecraft:interact_with_stonecutter":50,"minecraft:fly_one_cm":236278886,"minecraft:animals_bred":314,"minecraft:sprint_one_cm":407030913,"minecraft:walk_on_water_one_cm":18928802,"minecraft:play_one_minute":168348464,"minecraft:open_enderchest":20531,"minecraft:crouch_one_cm":23616790,"minecraft:mob_kills":114290,"minecraft:climb_one_cm":6950937,"minecraft:walk_one_cm":470914941,"minecraft:clean_shulker_box":60,"minecraft:walk_under_water_one_cm":69630079,"minecraft:raid_trigger":14,"minecraft:pot_flower":181,"minecraft:minecart_one_cm":3662439},"minecraft:picked_up":{"minecraft:red_sandstone_stairs":12,"minecraft:enchanted_book":300,"minecraft:blue_concrete":1421,"minecraft:music_disc_cat":11,"minecraft:string":2236,"minecraft:orange_glazed_terracotta":1743,"minecraft:horn_coral_block":1928,"minecraft:spruce_pressure_plate":98,"minecraft:jukebox":50,"minecraft:purpur_pillar":848,"minecraft:green_terracotta":5280,"minecraft:gray_shulker_box":1797,"minecraft:cyan_stained_glass_pane":14,"minecraft:cauldron":57,"minecraft:orange_bed":32,"minecraft:stone_sword":90,"minecraft:blue_glazed_terracotta":1733,"minecraft:carved_pumpkin":4287,"minecraft:end_rod":1495,"minecraft:glowstone":6674,"minecraft:blaze_rod":1221,"minecraft:snowball":15585,"minecraft:sponge":136,"minecraft:feather":177,"minecraft:water_bucket":41,"minecraft:brown_wool":223,"minecraft:dark_oak_boat":626,"minecraft:pink_concrete_powder":24,"minecraft:lantern":506,"minecraft:stonecutter":30,"minecraft:lime_terracotta":9290,"minecraft:birch_fence_gate":4,"minecraft:brown_mushroom_block":3861,"minecraft:acacia_stairs":158,"minecraft:granite":18425,"minecraft:spruce_button":127,"minecraft:cyan_dye":13,"minecraft:light_gray_carpet":369,"minecraft:diamond_pickaxe":115,"minecraft:magenta_glazed_terracotta":1799,"minecraft:clay_ball":17496,"minecraft:redstone_lamp":378,"minecraft:acacia_button":27,"minecraft:fire_coral":175,"minecraft:white_stained_glass":175,"minecraft:iron_shovel":34,"minecraft:glass_pane":333,"minecraft:jungle_sapling":1615,"minecraft:minecart":268,"minecraft:birch_sapling":4127,"minecraft:piston":381,"minecraft:stone":227739,"minecraft:music_disc_mellohi":3,"minecraft:red_nether_brick_wall":6,"minecraft:diamond_chestplate":18,"minecraft:stone_shovel":6,"minecraft:hay_block":310,"minecraft:totem_of_undying":32,"minecraft:mutton":78,"minecraft:rail":13115,"minecraft:bone_block":863,"minecraft:oxeye_daisy":257,"minecraft:lime_bed":1,"minecraft:birch_leaves":268,"minecraft:yellow_shulker_box":1385,"minecraft:jungle_fence":200,"minecraft:acacia_wood":416,"minecraft:purpur_stairs":109,"minecraft:paper":1657,"minecraft:light_gray_glazed_terracotta":1528,"minecraft:iron_ore":10778,"minecraft:gray_bed":34,"minecraft:milk_bucket":31,"minecraft:light_gray_stained_glass":163,"minecraft:light_blue_stained_glass":2312,"minecraft:dragon_egg":1,"minecraft:diamond_shovel":79,"minecraft:painting":308,"minecraft:birch_sign":363,"minecraft:baked_potato":263,"minecraft:light_blue_concrete":1004,"minecraft:nether_brick_fence":115,"minecraft:yellow_wool":187,"minecraft:stone_brick_stairs":1161,"minecraft:dead_tube_coral_block":285,"minecraft:smooth_red_sandstone_slab":163,"minecraft:red_sand":19599,"minecraft:comparator":314,"minecraft:bucket":67,"minecraft:light_weighted_pressure_plate":7,"minecraft:white_tulip":179,"minecraft:ender_eye":8,"minecraft:smooth_quartz":1512,"minecraft:tipped_arrow":2,"minecraft:birch_trapdoor":174,"minecraft:spruce_stairs":1798,"minecraft:andesite_wall":231,"minecraft:obsidian":6982,"minecraft:enchanting_table":9,"minecraft:leather_chestplate":43,"minecraft:andesite":20000,"minecraft:smooth_sandstone_stairs":7,"minecraft:prismarine_bricks":6350,"minecraft:dirt":159062,"minecraft:glass":58236,"minecraft:bone":3625,"minecraft:bow":218,"minecraft:wheat_seeds":16383,"minecraft:orange_tulip":182,"minecraft:birch_wood":341,"minecraft:grindstone":130,"minecraft:purple_stained_glass_pane":21,"minecraft:fletching_table":16,"minecraft:prismarine":3971,"minecraft:diorite_wall":37,"minecraft:red_sandstone_wall":2,"minecraft:gray_stained_glass":80,"minecraft:black_stained_glass_pane":471,"minecraft:light_blue_shulker_box":1202,"minecraft:nether_brick_stairs":62,"minecraft:diamond_block":711,"minecraft:jungle_slab":394,"minecraft:spectral_arrow":1667,"minecraft:jungle_leaves":1341,"minecraft:light_blue_terracotta":457,"minecraft:slime_block":875,"minecraft:crossbow":89,"minecraft:spruce_sign":77,"minecraft:netherrack":142959,"minecraft:chorus_fruit":8038,"minecraft:oak_leaves":9763,"minecraft:azure_bluet":360,"minecraft:ladder":501,"minecraft:pink_wool":264,"minecraft:brick":13761,"minecraft:mycelium":3668,"minecraft:birch_fence":238,"minecraft:blue_orchid":284,"minecraft:lime_wool":288,"minecraft:note_block":186,"minecraft:brown_concrete_powder":244,"minecraft:music_disc_11":4,"minecraft:cookie":144,"minecraft:trident":116,"minecraft:light_gray_stained_glass_pane":164,"minecraft:purple_terracotta":462,"minecraft:nether_bricks":898,"minecraft:stripped_dark_oak_wood":155,"minecraft:black_banner":27,"minecraft:skeleton_skull":2,"minecraft:jungle_boat":50,"minecraft:leather":770,"minecraft:cobblestone_wall":859,"minecraft:yellow_bed":6,"minecraft:gunpowder":3336,"minecraft:cooked_mutton":47,"minecraft:gray_carpet":720,"minecraft:acacia_trapdoor":365,"minecraft:rabbit_hide":60,"minecraft:iron_ingot":5716,"minecraft:cooked_chicken":227,"minecraft:prismarine_brick_slab":271,"minecraft:emerald_block":594,"minecraft:nether_quartz_ore":10654,"minecraft:stone_brick_slab":4761,"minecraft:nether_brick_slab":232,"minecraft:spruce_door":55,"minecraft:brick_slab":690,"minecraft:white_concrete_powder":2973,"minecraft:prismarine_wall":4,"minecraft:gray_banner":52,"minecraft:mossy_cobblestone_stairs":1,"minecraft:terracotta":138105,"minecraft:end_stone_brick_slab":19,"minecraft:iron_chestplate":28,"minecraft:prismarine_shard":53768,"minecraft:creeper_head":3,"minecraft:anvil":283,"minecraft:oak_stairs":195,"minecraft:acacia_pressure_plate":20,"minecraft:golden_sword":56,"minecraft:cooked_salmon":153,"minecraft:red_nether_bricks":30,"minecraft:beetroot":228,"minecraft:gold_nugget":406,"minecraft:black_glazed_terracotta":2180,"minecraft:spruce_planks":2519,"minecraft:acacia_fence_gate":85,"minecraft:coal_block":348,"minecraft:golden_helmet":20,"minecraft:magenta_concrete_powder":26,"minecraft:green_bed":71,"minecraft:sandstone_wall":83,"minecraft:rabbit_foot":11,"minecraft:light_blue_wool":349,"minecraft:blue_dye":67,"minecraft:cyan_terracotta":5199,"minecraft:birch_log":14572,"minecraft:magma_block":3613,"minecraft:iron_door":204,"minecraft:acacia_leaves":2895,"minecraft:green_concrete_powder":1163,"minecraft:jungle_wood":25,"minecraft:stripped_spruce_wood":286,"minecraft:gray_concrete":7099,"minecraft:glowstone_dust":11721,"minecraft:dropper":239,"minecraft:granite_slab":223,"minecraft:dark_oak_log":21335,"minecraft:trapped_chest":2,"minecraft:stripped_acacia_log":1977,"minecraft:writable_book":116,"minecraft:dead_brain_coral_block":231,"minecraft:blue_ice":1237,"minecraft:bread":7,"minecraft:dark_oak_fence":520,"minecraft:coarse_dirt":3220,"minecraft:sandstone_slab":705,"minecraft:purple_wool":237,"minecraft:nether_wart":28796,"minecraft:orange_stained_glass_pane":32,"minecraft:dead_tube_coral":65,"minecraft:orange_banner":11,"minecraft:conduit":15,"minecraft:dead_horn_coral_block":272,"minecraft:compass":13,"minecraft:beef":646,"minecraft:cyan_wool":308,"minecraft:chest":1448,"minecraft:cake":60,"minecraft:carrot":18106,"minecraft:redstone":50897,"minecraft:prismarine_crystals":24244,"minecraft:polished_granite_stairs":95,"minecraft:beetroot_seeds":555,"minecraft:tube_coral_fan":1103,"minecraft:shears":7,"minecraft:diamond_boots":59,"minecraft:sandstone_stairs":47,"minecraft:gold_ingot":2243,"minecraft:lime_concrete_powder":198,"minecraft:white_wool":945,"minecraft:lapis_ore":1118,"minecraft:stripped_oak_log":999,"minecraft:red_mushroom":188,"minecraft:filled_map":2531,"minecraft:jungle_button":71,"minecraft:blue_bed":29,"minecraft:stone_bricks":11358,"minecraft:music_disc_far":71,"minecraft:prismarine_brick_stairs":55,"minecraft:dark_oak_slab":538,"minecraft:white_stained_glass_pane":125,"minecraft:light_blue_glazed_terracotta":10745,"minecraft:gravel":28448,"minecraft:dead_fire_coral_block":940,"minecraft:spruce_sapling":2674,"minecraft:red_stained_glass":75,"minecraft:purple_bed":14,"minecraft:polished_diorite":1272,"minecraft:stone_axe":10,"minecraft:light_blue_carpet":234,"minecraft:diamond_axe":63,"minecraft:oak_button":27,"minecraft:brown_banner":36,"minecraft:stripped_dark_oak_log":633,"minecraft:wheat":6543,"minecraft:redstone_block":1002,"minecraft:light_gray_shulker_box":278,"minecraft:smooth_stone_slab":3592,"minecraft:armor_stand":64,"minecraft:sea_pickle":1150,"minecraft:activator_rail":104,"minecraft:black_shulker_box":147,"minecraft:dark_oak_leaves":983,"minecraft:redstone_torch":1227,"minecraft:iron_boots":11,"minecraft:stick":5870,"minecraft:orange_shulker_box":1558,"minecraft:oak_fence":269,"minecraft:snow_block":998,"minecraft:dead_brain_coral_fan":269,"minecraft:green_banner":11,"minecraft:green_wool":396,"minecraft:fire_coral_fan":1176,"minecraft:cod":28212,"minecraft:magma_cream":84,"minecraft:chiseled_quartz_block":27,"minecraft:light_gray_dye":356,"minecraft:wither_skeleton_skull":47,"minecraft:acacia_boat":101,"minecraft:polished_granite":1758,"minecraft:leather_boots":74,"minecraft:light_blue_dye":140,"minecraft:ghast_tear":92,"minecraft:black_terracotta":1352,"minecraft:pink_stained_glass_pane":3,"minecraft:sand":227933,"minecraft:shulker_box":7952,"minecraft:orange_wool":112,"minecraft:dark_prismarine":667,"minecraft:light_gray_concrete":2914,"minecraft:dark_prismarine_slab":354,"minecraft:spruce_fence_gate":444,"minecraft:clay":1374,"minecraft:white_concrete":5720,"minecraft:chiseled_red_sandstone":79,"minecraft:oak_sapling":4963,"minecraft:bubble_coral_block":1747,"minecraft:dead_brain_coral":59,"minecraft:cocoa_beans":3029,"minecraft:charcoal":72,"minecraft:end_stone_brick_stairs":68,"minecraft:dragon_breath":64,"minecraft:stone_stairs":100,"minecraft:iron_axe":35,"minecraft:orange_concrete":306,"minecraft:quartz_slab":1342,"minecraft:cyan_carpet":37,"minecraft:andesite_stairs":40,"minecraft:oak_boat":688,"minecraft:player_head":3277,"minecraft:light_gray_wool":970,"minecraft:spruce_trapdoor":831,"minecraft:orange_dye":2,"minecraft:bowl":3,"minecraft:brown_glazed_terracotta":2032,"minecraft:gray_dye":10,"minecraft:stone_button":588,"minecraft:smooth_sandstone_slab":1,"minecraft:arrow":3277,"minecraft:light_blue_stained_glass_pane":62,"minecraft:jungle_stairs":200,"minecraft:saddle":46,"minecraft:wet_sponge":1045,"minecraft:birch_planks":636,"minecraft:yellow_glazed_terracotta":1874,"minecraft:cobblestone_stairs":398,"minecraft:smooth_sandstone":2146,"minecraft:fire_coral_block":2612,"minecraft:heart_of_the_sea":1,"minecraft:stripped_oak_wood":218,"minecraft:mossy_stone_brick_wall":9,"minecraft:soul_sand":9392,"minecraft:green_dye":13373,"minecraft:book":979,"minecraft:scaffolding":23735,"minecraft:pumpkin":363,"minecraft:red_concrete_powder":491,"minecraft:birch_boat":771,"minecraft:brain_coral_fan":1099,"minecraft:magenta_stained_glass_pane":14,"minecraft:white_bed":325,"minecraft:green_carpet":64,"minecraft:mossy_stone_brick_slab":3,"minecraft:stripped_jungle_log":1712,"minecraft:cyan_banner":23,"minecraft:lime_banner":10,"minecraft:lime_dye":2518,"minecraft:iron_helmet":47,"minecraft:stripped_jungle_wood":163,"minecraft:coal":21909,"minecraft:purple_concrete_powder":7,"minecraft:suspicious_stew":14,"minecraft:lead":253,"minecraft:smithing_table":56,"minecraft:stone_slab":2287,"minecraft:purple_shulker_box":695,"minecraft:dark_oak_pressure_plate":31,"minecraft:pufferfish":299,"minecraft:diamond_leggings":46,"minecraft:dead_bubble_coral_fan":284,"minecraft:bubble_coral":150,"minecraft:diamond_ore":965,"minecraft:acacia_log":23187,"minecraft:brick_wall":365,"minecraft:cyan_stained_glass":37,"minecraft:golden_axe":1,"minecraft:end_crystal":1,"minecraft:golden_chestplate":32,"minecraft:pink_terracotta":224,"minecraft:brown_carpet":418,"minecraft:yellow_banner":21,"minecraft:lime_carpet":287,"minecraft:horn_coral_fan":1125,"minecraft:red_tulip":204,"minecraft:bookshelf":407,"minecraft:white_terracotta":38699,"minecraft:iron_bars":3825,"minecraft:cooked_beef":229,"minecraft:flint":1630,"minecraft:purple_stained_glass":55,"minecraft:cyan_concrete_powder":15,"minecraft:magenta_terracotta":213,"minecraft:gray_concrete_powder":3529,"minecraft:purple_carpet":39,"minecraft:dark_oak_sign":57,"minecraft:diamond_helmet":57,"minecraft:rabbit":48,"minecraft:stripped_acacia_wood":3971,"minecraft:stripped_spruce_log":1008,"minecraft:dead_fire_coral_fan":307,"minecraft:polished_andesite":5228,"minecraft:blue_terracotta":1265,"minecraft:lever":1377,"minecraft:blue_banner":72,"minecraft:jack_o_lantern":88,"minecraft:leather_leggings":52,"minecraft:dragon_head":28,"minecraft:purpur_block":1683,"minecraft:heavy_weighted_pressure_plate":114,"minecraft:cornflower":88,"minecraft:elytra":80,"minecraft:acacia_door":43,"minecraft:flint_and_steel":8,"minecraft:white_carpet":341,"minecraft:poppy":733,"minecraft:spruce_slab":2359,"minecraft:diamond_hoe":6,"minecraft:lime_shulker_box":1533,"minecraft:black_stained_glass":251,"minecraft:cyan_glazed_terracotta":1940,"minecraft:fire_charge":289,"minecraft:white_dye":1,"minecraft:jungle_fence_gate":11,"minecraft:cyan_shulker_box":527,"minecraft:jungle_sign":35,"minecraft:purpur_slab":139,"minecraft:yellow_terracotta":18219,"minecraft:emerald_ore":76,"minecraft:clock":3,"minecraft:tripwire_hook":137,"minecraft:smooth_red_sandstone":10,"minecraft:red_glazed_terracotta":1960,"minecraft:fern":520,"minecraft:yellow_dye":16,"minecraft:lily_pad":53,"minecraft:light_blue_banner":97,"minecraft:apple":1109,"minecraft:yellow_stained_glass":5,"minecraft:oak_fence_gate":6,"minecraft:stone_pickaxe":9,"minecraft:magenta_stained_glass":91,"minecraft:dark_oak_stairs":472,"minecraft:polished_andesite_stairs":421,"minecraft:sweet_berries":5581,"minecraft:green_glazed_terracotta":1769,"minecraft:red_wool":518,"minecraft:lime_concrete":937,"minecraft:leather_helmet":31,"minecraft:oak_wood":251,"minecraft:coal_ore":4911,"minecraft:slime_ball":1842,"minecraft:red_nether_brick_slab":13,"minecraft:smooth_quartz_slab":510,"minecraft:hopper":863,"minecraft:prismarine_stairs":109,"minecraft:black_carpet":166,"minecraft:ender_chest":4550,"minecraft:lapis_block":379,"minecraft:purple_banner":36,"minecraft:experience_bottle":65,"minecraft:smooth_stone":4257,"minecraft:red_dye":233,"minecraft:rose_bush":1222,"minecraft:cobblestone_slab":553,"minecraft:iron_pickaxe":11,"minecraft:smooth_quartz_stairs":226,"minecraft:blue_wool":759,"minecraft:acacia_fence":806,"minecraft:diorite":18519,"minecraft:vine":4446,"minecraft:rotten_flesh":10211,"minecraft:red_sandstone_slab":215,"minecraft:brown_shulker_box":637,"minecraft:chorus_flower":901,"minecraft:music_disc_wait":8,"minecraft:blaze_powder":439,"minecraft:cobblestone":90397,"minecraft:lilac":214,"minecraft:repeater":987,"minecraft:dead_tube_coral_fan":333,"minecraft:orange_carpet":5,"minecraft:black_bed":54,"minecraft:golden_leggings":31,"minecraft:beacon":183,"minecraft:potato":9778,"minecraft:stripped_birch_log":2178,"minecraft:name_tag":85,"minecraft:acacia_planks":90,"minecraft:granite_wall":45,"minecraft:popped_chorus_fruit":608,"minecraft:mossy_stone_bricks":78,"minecraft:bamboo":4135,"minecraft:cyan_concrete":423,"minecraft:brown_stained_glass":2,"minecraft:melon":136,"minecraft:grass_block":66873,"minecraft:mossy_cobblestone":162,"minecraft:light_gray_terracotta":56907,"minecraft:yellow_carpet":31,"minecraft:sugar":95,"minecraft:yellow_stained_glass_pane":15,"minecraft:bone_meal":2569,"minecraft:grass":611,"minecraft:golden_apple":12,"minecraft:emerald":2265,"minecraft:andesite_slab":292,"minecraft:splash_potion":24,"minecraft:rabbit_stew":26,"minecraft:packed_ice":24667,"minecraft:brown_mushroom":353,"minecraft:stone_brick_wall":500,"minecraft:shield":98,"minecraft:oak_trapdoor":211,"minecraft:end_stone_brick_wall":47,"minecraft:magenta_wool":73,"minecraft:end_stone":11092,"minecraft:light_blue_bed":268,"minecraft:stone_pressure_plate":795,"minecraft:blue_concrete_powder":281,"minecraft:tube_coral":178,"minecraft:red_shulker_box":1727,"minecraft:pumpkin_pie":237,"minecraft:pink_tulip":127,"minecraft:glistering_melon_slice":3,"minecraft:brick_stairs":468,"minecraft:nether_brick_wall":37,"minecraft:prismarine_slab":125,"minecraft:dark_oak_button":94,"minecraft:golden_carrot":1111,"minecraft:magenta_banner":16,"minecraft:music_disc_stal":2,"minecraft:ice":4728,"minecraft:granite_stairs":42,"minecraft:chainmail_chestplate":11,"minecraft:orange_terracotta":37489,"minecraft:red_carpet":932,"minecraft:spruce_wood":41,"minecraft:polished_andesite_slab":515,"minecraft:dead_horn_coral":63,"minecraft:pink_bed":2,"minecraft:quartz":14852,"minecraft:dandelion":444,"minecraft:lava_bucket":15,"minecraft:red_banner":340,"minecraft:green_stained_glass":79,"minecraft:cut_red_sandstone":55,"minecraft:light_blue_concrete_powder":809,"minecraft:polished_diorite_stairs":218,"minecraft:pumpkin_seeds":8245,"minecraft:chainmail_leggings":32,"minecraft:damaged_anvil":41,"minecraft:dark_oak_wood":159,"minecraft:sunflower":750,"minecraft:seagrass":482,"minecraft:birch_door":38,"minecraft:chainmail_boots":17,"minecraft:flower_pot":67,"minecraft:magenta_carpet":5,"minecraft:diamond_sword":85,"minecraft:brown_bed":33,"minecraft:birch_button":131,"minecraft:brewing_stand":54,"minecraft:dark_oak_trapdoor":90,"minecraft:blue_stained_glass_pane":48,"minecraft:orange_concrete_powder":32,"minecraft:written_book":390,"minecraft:melon_slice":788,"minecraft:dark_oak_door":19,"minecraft:white_glazed_terracotta":1924,"minecraft:music_disc_blocks":5,"minecraft:composter":42,"minecraft:pink_carpet":17,"minecraft:gray_stained_glass_pane":59,"minecraft:tropical_fish":59,"minecraft:iron_block":7541,"minecraft:mossy_cobblestone_slab":4,"minecraft:polished_diorite_slab":109,"minecraft:birch_slab":1081,"minecraft:jungle_log":29059,"minecraft:smoker":18,"minecraft:magenta_bed":3,"minecraft:map":174,"minecraft:light_gray_concrete_powder":2611,"minecraft:chipped_anvil":84,"minecraft:gray_terracotta":1872,"minecraft:gray_glazed_terracotta":1924,"minecraft:ink_sac":938,"minecraft:loom":33,"minecraft:fermented_spider_eye":3,"minecraft:red_terracotta":37608,"minecraft:barrel":116,"minecraft:dispenser":259,"minecraft:black_concrete_powder":21909,"minecraft:green_concrete":1082,"minecraft:polished_granite_slab":32,"minecraft:chainmail_helmet":13,"minecraft:bricks":2163,"minecraft:lime_stained_glass_pane":38,"minecraft:spruce_leaves":3953,"minecraft:crafting_table":1764,"minecraft:bubble_coral_fan":1158,"minecraft:jungle_trapdoor":159,"minecraft:red_bed":50,"minecraft:snow":2640,"minecraft:cracked_stone_bricks":8508,"minecraft:cartography_table":20,"minecraft:iron_nugget":94,"minecraft:quartz_stairs":905,"minecraft:egg":513,"minecraft:sandstone":28593,"minecraft:oak_door":15,"minecraft:cut_red_sandstone_slab":5,"minecraft:spruce_fence":1074,"minecraft:mushroom_stem":1189,"minecraft:blue_carpet":90,"minecraft:tnt":857,"minecraft:cooked_cod":24449,"minecraft:peony":286,"minecraft:tube_coral_block":2693,"minecraft:white_shulker_box":3051,"minecraft:smooth_red_sandstone_stairs":47,"minecraft:red_mushroom_block":3338,"minecraft:oak_log":20138,"minecraft:brown_concrete":274,"minecraft:golden_boots":32,"minecraft:white_banner":167,"minecraft:birch_pressure_plate":3,"minecraft:kelp":81362,"minecraft:cobweb":7070,"minecraft:glass_bottle":204,"minecraft:iron_sword":18,"minecraft:daylight_detector":183,"minecraft:yellow_concrete":367,"minecraft:birch_stairs":3021,"minecraft:spruce_log":31949,"minecraft:sea_lantern":2525,"minecraft:firework_rocket":8585,"minecraft:purple_glazed_terracotta":1896,"minecraft:redstone_ore":6942,"minecraft:gray_wool":202,"minecraft:melon_seeds":68,"minecraft:pink_dye":11,"minecraft:ender_pearl":10359,"minecraft:shulker_shell":1497,"minecraft:iron_trapdoor":1773,"minecraft:green_stained_glass_pane":97,"minecraft:dead_horn_coral_fan":271,"minecraft:turtle_egg":48,"minecraft:potion":261,"minecraft:brain_coral_block":1216,"minecraft:nether_brick":35016,"minecraft:iron_leggings":19,"minecraft:sticky_piston":500,"minecraft:zombie_head":5,"minecraft:pink_shulker_box":359,"minecraft:oak_sign":1692,"minecraft:furnace":364,"minecraft:jungle_door":11,"minecraft:brown_terracotta":13752,"minecraft:torch":12510,"minecraft:porkchop":142,"minecraft:dried_kelp":2858,"minecraft:yellow_concrete_powder":92,"minecraft:light_gray_banner":19,"minecraft:blue_stained_glass":151,"minecraft:quartz_block":646,"minecraft:cactus":824,"minecraft:leather_horse_armor":5,"minecraft:stripped_birch_wood":297,"minecraft:nautilus_shell":102,"minecraft:jungle_pressure_plate":26,"minecraft:horn_coral":159,"minecraft:green_shulker_box":469,"minecraft:lapis_lazuli":17207,"minecraft:pink_banner":5,"minecraft:bell":72,"minecraft:powered_rail":2107,"minecraft:oak_planks":4167,"minecraft:stone_hoe":4,"minecraft:mossy_stone_brick_stairs":14,"minecraft:brain_coral":170,"minecraft:lime_glazed_terracotta":1946,"minecraft:pink_concrete":315,"minecraft:cooked_porkchop":76,"minecraft:music_disc_13":18,"minecraft:oak_pressure_plate":84,"minecraft:poisonous_potato":73,"minecraft:jungle_planks":525,"minecraft:lily_of_the_valley":13,"minecraft:dead_bush":67,"minecraft:cyan_bed":80,"minecraft:chiseled_sandstone":5,"minecraft:dead_fire_coral":61,"minecraft:black_concrete":23333,"minecraft:spruce_boat":271,"minecraft:diamond":4595,"minecraft:nether_star":58,"minecraft:end_stone_bricks":927,"minecraft:lingering_potion":2,"minecraft:fishing_rod":23,"minecraft:allium":239,"minecraft:firework_star":51,"minecraft:chicken":105,"minecraft:wooden_pickaxe":5,"minecraft:gold_block":1397,"minecraft:diamond_horse_armor":1,"minecraft:wooden_sword":4,"minecraft:item_frame":718,"minecraft:detector_rail":10,"minecraft:mossy_cobblestone_wall":3,"minecraft:dark_prismarine_stairs":316,"minecraft:observer":639,"minecraft:lectern":94,"minecraft:blue_shulker_box":300,"minecraft:sugar_cane":6080,"minecraft:phantom_membrane":914,"minecraft:dark_oak_sapling":2271,"minecraft:red_stained_glass_pane":38,"minecraft:quartz_pillar":245,"minecraft:magenta_shulker_box":291,"minecraft:dark_oak_planks":970,"minecraft:pink_glazed_terracotta":2174,"minecraft:lime_stained_glass":878,"minecraft:salmon":728,"minecraft:cut_sandstone":67,"minecraft:carrot_on_a_stick":2,"minecraft:nether_wart_block":37,"minecraft:podzol":5495,"minecraft:red_sandstone":161,"minecraft:acacia_sapling":4839,"minecraft:music_disc_chirp":7,"minecraft:purple_concrete":286,"minecraft:oak_slab":407,"minecraft:chiseled_stone_bricks":676,"minecraft:blast_furnace":11,"minecraft:gold_ore":6915,"minecraft:dark_oak_fence_gate":35,"minecraft:spider_eye":706,"minecraft:dead_bubble_coral":62,"minecraft:music_disc_mall":11,"minecraft:dried_kelp_block":1542,"minecraft:campfire":53,"minecraft:dead_bubble_coral_block":404,"minecraft:black_wool":696,"minecraft:acacia_slab":92,"minecraft:magenta_concrete":446,"minecraft:red_concrete":2211},"minecraft:crafted":{"minecraft:green_banner":24,"minecraft:yellow_wool":54,"minecraft:chainmail_helmet":8,"minecraft:melon":54688,"minecraft:birch_boat":11,"minecraft:brick_wall":762,"minecraft:blue_stained_glass_pane":344,"minecraft:cut_red_sandstone_slab":6,"minecraft:diamond_shovel":11,"minecraft:cracked_stone_bricks":379,"minecraft:nether_brick":25,"minecraft:shulker_box":769,"minecraft:magenta_concrete_powder":640,"minecraft:light_blue_concrete_powder":1344,"minecraft:tipped_arrow":1496,"minecraft:cyan_banner":24,"minecraft:bubble_coral_block":8,"minecraft:black_wool":17,"minecraft:gray_stained_glass":23184,"minecraft:lime_concrete_powder":1096,"minecraft:pink_stained_glass":664,"minecraft:blue_stained_glass":1000,"minecraft:redstone_lamp":364,"minecraft:jungle_boat":4,"minecraft:polished_andesite_stairs":1088,"minecraft:acacia_slab":336,"minecraft:smooth_red_sandstone_stairs":672,"minecraft:green_bed":153,"minecraft:nether_brick_fence":54,"minecraft:sticky_piston":2218,"minecraft:fletching_table":8,"minecraft:red_nether_bricks":1622,"minecraft:green_stained_glass":192,"minecraft:painting":144,"minecraft:cartography_table":12,"minecraft:end_stone_brick_slab":48,"minecraft:stone_brick_stairs":2488,"minecraft:wooden_hoe":1,"minecraft:cornflower":12,"minecraft:stone_slab":4224,"minecraft:dark_prismarine":1812,"minecraft:orange_shulker_box":176,"minecraft:light_gray_wool":471,"minecraft:red_banner":749,"minecraft:spruce_fence":954,"minecraft:vine":12,"minecraft:spruce_stairs":1488,"minecraft:blue_orchid":8,"minecraft:lead":32,"minecraft:light_blue_glazed_terracotta":278,"minecraft:acacia_trapdoor":3869,"minecraft:light_blue_wool":161,"minecraft:acacia_stairs":304,"minecraft:red_carpet":1182,"minecraft:enchanted_book":402,"minecraft:orange_dye":794,"minecraft:red_stained_glass":640,"minecraft:black_glazed_terracotta":4,"minecraft:birch_trapdoor":112,"minecraft:writable_book":159,"minecraft:iron_shovel":23,"minecraft:armor_stand":76,"minecraft:prismarine_wall":30,"minecraft:barrel":253,"minecraft:polished_granite_slab":338,"minecraft:leather_horse_armor":13,"minecraft:cooked_chicken":844,"minecraft:snow":4500,"minecraft:cake":871,"minecraft:nether_brick_wall":114,"minecraft:purpur_pillar":406,"minecraft:chest":3427,"minecraft:oak_button":119,"minecraft:jungle_stairs":472,"minecraft:blue_concrete_powder":1704,"minecraft:stone_bricks":44718,"minecraft:golden_boots":2,"minecraft:sea_lantern":26369,"minecraft:white_banner":171,"minecraft:cauldron":87,"minecraft:lime_terracotta":135676,"minecraft:brown_dye":687,"minecraft:birch_pressure_plate":7,"minecraft:chainmail_chestplate":3,"minecraft:acacia_button":27,"minecraft:spectral_arrow":5546,"minecraft:white_stained_glass_pane":1000,"minecraft:dispenser":172,"minecraft:apple":648,"minecraft:tnt":22234,"minecraft:purple_dye":1248,"minecraft:yellow_dye":1624,"minecraft:stick":37294,"minecraft:black_bed":197,"minecraft:red_nether_brick_wall":54,"minecraft:cyan_carpet":129,"minecraft:dark_oak_fence_gate":32,"minecraft:stone_brick_wall":450,"minecraft:fishing_rod":13,"minecraft:spruce_button":225,"minecraft:mossy_stone_bricks":2741,"minecraft:blast_furnace":146,"minecraft:piston":2138,"minecraft:oak_trapdoor":604,"minecraft:scaffolding":2854,"minecraft:granite_wall":48,"minecraft:white_concrete_powder":4968,"minecraft:polished_granite_stairs":400,"minecraft:cobblestone_wall":3162,"minecraft:smooth_quartz_slab":714,"minecraft:red_sandstone_stairs":48,"minecraft:glistering_melon_slice":128,"minecraft:smooth_sandstone_stairs":104,"minecraft:light_blue_stained_glass_pane":656,"minecraft:iron_trapdoor":1697,"minecraft:iron_sword":17,"minecraft:black_banner":67,"minecraft:acacia_boat":2,"minecraft:brown_concrete_powder":728,"minecraft:black_carpet":145,"minecraft:stonecutter":146,"minecraft:pink_banner":5,"minecraft:prismarine_stairs":468,"minecraft:torch":28011,"minecraft:magenta_carpet":99,"minecraft:diamond_chestplate":5,"minecraft:ender_chest":89,"minecraft:jungle_button":226,"minecraft:light_gray_concrete_powder":7040,"minecraft:smooth_stone":6804,"minecraft:chiseled_red_sandstone":366,"minecraft:dark_oak_pressure_plate":39,"minecraft:purple_bed":9,"minecraft:orange_carpet":102,"minecraft:pink_bed":14,"minecraft:oak_pressure_plate":118,"minecraft:slime_block":640,"minecraft:lever":529,"minecraft:bookshelf":2037,"minecraft:cooked_mutton":21,"minecraft:magenta_shulker_box":5,"minecraft:quartz_block":4822,"minecraft:glass":4839,"minecraft:light_blue_terracotta":16248,"minecraft:birch_fence_gate":4,"minecraft:acacia_fence":945,"minecraft:birch_door":33,"minecraft:chiseled_quartz_block":31,"minecraft:gray_bed":48,"minecraft:glass_bottle":1155,"minecraft:smooth_quartz":228,"minecraft:cooked_porkchop":927,"minecraft:diamond_axe":8,"minecraft:spruce_door":33,"minecraft:purple_banner":39,"minecraft:oak_wood":354,"minecraft:end_stone_brick_stairs":48,"minecraft:knowledge_book":2,"minecraft:tnt_minecart":198,"minecraft:lime_shulker_box":135,"minecraft:lime_bed":3,"minecraft:compass":575,"minecraft:white_terracotta":4296,"minecraft:light_blue_bed":44,"minecraft:gold_ingot":4716,"minecraft:light_gray_dye":2163,"minecraft:birch_stairs":4064,"minecraft:packed_ice":102,"minecraft:prismarine":3256,"minecraft:leather_leggings":63,"minecraft:player_head":306,"minecraft:yellow_bed":2,"minecraft:andesite_wall":1930,"minecraft:white_carpet":1035,"minecraft:orange_wool":6,"minecraft:dark_oak_fence":891,"minecraft:yellow_glazed_terracotta":64,"minecraft:spruce_slab":2784,"minecraft:blue_banner":302,"minecraft:ender_pearl":16,"minecraft:diamond_boots":12,"minecraft:red_glazed_terracotta":64,"minecraft:redstone_block":5398,"minecraft:dark_oak_planks":12256,"minecraft:wheat":8668,"minecraft:coal_block":2412,"minecraft:daylight_detector":203,"minecraft:cyan_glazed_terracotta":96,"minecraft:red_sandstone_slab":1700,"minecraft:red_bed":12,"minecraft:blue_bed":54,"minecraft:sandstone_slab":15751,"minecraft:glowstone":215,"minecraft:jungle_slab":456,"minecraft:sandstone_wall":2310,"minecraft:golden_apple":32,"minecraft:andesite_slab":4256,"minecraft:oak_stairs":280,"minecraft:blue_carpet":6033,"minecraft:pink_shulker_box":33,"minecraft:mossy_stone_brick_slab":26,"minecraft:flower_banner_pattern":1,"minecraft:spruce_pressure_plate":127,"minecraft:suspicious_stew":74,"minecraft:dark_oak_door":51,"minecraft:iron_boots":20,"minecraft:written_book":66,"minecraft:yellow_banner":8,"minecraft:stone_hoe":1,"minecraft:smoker":147,"minecraft:acacia_wood":3162,"minecraft:spruce_planks":42330,"minecraft:baked_potato":919,"minecraft:light_gray_banner":72,"minecraft:hopper_minecart":66,"minecraft:dark_oak_slab":1458,"minecraft:book":85,"minecraft:paper":104333,"minecraft:diamond_pickaxe":33,"minecraft:charcoal":110,"minecraft:emerald_block":1072,"minecraft:birch_fence":345,"minecraft:light_weighted_pressure_plate":6,"minecraft:light_blue_dye":3765,"minecraft:leather_chestplate":32,"minecraft:snow_block":3785,"minecraft:green_shulker_box":53,"minecraft:redstone_torch":2688,"minecraft:light_gray_carpet":966,"minecraft:light_gray_stained_glass_pane":2928,"minecraft:trident":1,"minecraft:coarse_dirt":128,"minecraft:wooden_sword":10,"minecraft:purple_wool":12,"minecraft:cookie":2212,"minecraft:redstone":16133,"minecraft:coal":7322,"minecraft:light_gray_stained_glass":3568,"minecraft:dark_oak_trapdoor":254,"minecraft:jungle_trapdoor":1788,"minecraft:gray_dye":5681,"minecraft:dark_oak_sign":33,"minecraft:mossy_stone_brick_wall":78,"minecraft:end_stone_bricks":5064,"minecraft:blue_ice":2503,"minecraft:yellow_shulker_box":69,"minecraft:leather":13,"minecraft:green_concrete_powder":15000,"minecraft:iron_axe":36,"minecraft:slime_ball":2493,"minecraft:lime_dye":15382,"minecraft:filled_map":479,"minecraft:chiseled_sandstone":14,"minecraft:orange_banner":18,"minecraft:minecart":289,"minecraft:cooked_beef":302,"minecraft:sugar":3645,"minecraft:red_dye":3717,"minecraft:bone_block":4116,"minecraft:spruce_sign":69,"minecraft:pink_concrete_powder":624,"minecraft:powered_rail":1480,"minecraft:yellow_carpet":192,"minecraft:activator_rail":6,"minecraft:bowl":8,"minecraft:bucket":141,"minecraft:brown_terracotta":9032,"minecraft:air":0,"minecraft:bread":649,"minecraft:black_stained_glass":2864,"minecraft:blue_dye":3686,"minecraft:oak_boat":36,"minecraft:smooth_sandstone_slab":142,"minecraft:white_wool":44,"minecraft:gold_nugget":8788,"minecraft:brown_wool":69,"minecraft:pink_stained_glass_pane":128,"minecraft:dark_prismarine_slab":690,"minecraft:green_wool":27,"minecraft:nether_wart_block":1362,"minecraft:pumpkin_pie":2678,"minecraft:end_crystal":26,"minecraft:purple_concrete_powder":576,"minecraft:lapis_lazuli":6222,"minecraft:clay":413,"minecraft:trapped_chest":10,"minecraft:firework_rocket":157838,"minecraft:lime_stained_glass":1768,"minecraft:red_stained_glass_pane":368,"minecraft:black_dye":1544,"minecraft:oak_sign":1072,"minecraft:end_stone_brick_wall":114,"minecraft:blaze_powder":2846,"minecraft:gray_wool":26,"minecraft:diamond_helmet":10,"minecraft:beacon":55,"minecraft:stone_pressure_plate":429,"minecraft:iron_door":390,"minecraft:dried_kelp_block":86792,"minecraft:gray_stained_glass_pane":80,"minecraft:name_tag":118,"minecraft:white_shulker_box":83,"minecraft:turtle_helmet":22,"minecraft:end_rod":3660,"minecraft:chest_minecart":6,"minecraft:jungle_pressure_plate":18,"minecraft:lime_banner":48,"minecraft:smithing_table":606,"minecraft:mossy_cobblestone":778,"minecraft:brown_bed":42,"minecraft:lectern":43,"minecraft:golden_leggings":2,"minecraft:iron_pickaxe":21,"minecraft:acacia_door":3,"minecraft:sandstone":2345,"minecraft:composter":247,"minecraft:cyan_wool":19,"minecraft:nautilus_shell":5,"minecraft:jungle_sign":66,"minecraft:golden_carrot":8080,"minecraft:magenta_wool":6,"minecraft:jukebox":25,"minecraft:iron_nugget":18734,"minecraft:experience_bottle":12316,"minecraft:diamond_hoe":4,"minecraft:brick_stairs":1209,"minecraft:acacia_fence_gate":51,"minecraft:jack_o_lantern":4181,"minecraft:blue_shulker_box":9,"minecraft:prismarine_brick_stairs":124,"minecraft:lime_stained_glass_pane":560,"minecraft:stone_stairs":272,"minecraft:terracotta":144,"minecraft:lantern":1917,"minecraft:light_gray_shulker_box":25,"minecraft:polished_diorite":3756,"minecraft:black_concrete_powder":23008,"minecraft:red_shulker_box":104,"minecraft:stone_pickaxe":27,"minecraft:quartz_slab":1394,"minecraft:spruce_boat":25,"minecraft:purple_carpet":162,"minecraft:prismarine_slab":150,"minecraft:brick_slab":4285,"minecraft:chainmail_leggings":39,"minecraft:light_gray_terracotta":864,"minecraft:purpur_slab":964,"minecraft:enchanting_table":19,"minecraft:cyan_bed":65,"minecraft:yellow_stained_glass_pane":304,"minecraft:leather_helmet":40,"minecraft:dark_oak_button":186,"minecraft:light_blue_carpet":306,"minecraft:oak_fence_gate":8,"minecraft:fermented_spider_eye":172,"minecraft:chainmail_boots":19,"minecraft:black_stained_glass_pane":2096,"minecraft:note_block":451,"minecraft:pink_terracotta":5376,"minecraft:grindstone":215,"minecraft:cobblestone_slab":1258,"minecraft:birch_wood":381,"minecraft:magenta_banner":17,"minecraft:acacia_pressure_plate":8,"minecraft:stone":747,"minecraft:red_sandstone":4286,"minecraft:pink_carpet":117,"minecraft:heavy_weighted_pressure_plate":213,"minecraft:quartz_pillar":1128,"minecraft:brown_carpet":1321,"minecraft:stone_brick_slab":12316,"minecraft:orange_stained_glass_pane":288,"minecraft:bow":221,"minecraft:comparator":191,"minecraft:yellow_terracotta":5736,"minecraft:cod_bucket":14,"minecraft:rail":608,"minecraft:bricks":21284,"minecraft:birch_button":144,"minecraft:red_nether_brick_slab":12,"minecraft:ender_eye":132,"minecraft:oak_fence":546,"minecraft:polished_diorite_slab":1516,"minecraft:granite_stairs":40,"minecraft:dropper":478,"minecraft:arrow":1616,"minecraft:iron_helmet":36,"minecraft:red_wool":249,"minecraft:yellow_stained_glass":208,"minecraft:prismarine_brick_slab":3532,"minecraft:green_glazed_terracotta":68,"minecraft:spruce_trapdoor":1370,"minecraft:pink_wool":39,"minecraft:gray_terracotta":13092,"minecraft:iron_ingot":38081,"minecraft:andesite_stairs":199,"minecraft:light_blue_shulker_box":71,"minecraft:light_blue_stained_glass":6656,"minecraft:lime_carpet":423,"minecraft:polished_diorite_stairs":240,"minecraft:blue_terracotta":8712,"minecraft:orange_glazed_terracotta":32,"minecraft:oak_door":18,"minecraft:nether_brick_slab":728,"minecraft:tripwire_hook":1470,"minecraft:leather_boots":65,"minecraft:golden_chestplate":2,"minecraft:furnace":742,"minecraft:magenta_stained_glass_pane":320,"minecraft:polished_andesite_slab":1502,"minecraft:smooth_quartz_stairs":336,"minecraft:flint_and_steel":98,"minecraft:orange_terracotta":2308,"minecraft:brown_shulker_box":24,"minecraft:purpur_block":1448,"minecraft:birch_sign":291,"minecraft:purple_terracotta":6032,"minecraft:jungle_wood":490,"minecraft:purple_stained_glass":1488,"minecraft:purple_shulker_box":77,"minecraft:diorite_wall":30,"minecraft:cooked_salmon":541,"minecraft:jungle_planks":21510,"minecraft:jungle_door":18,"minecraft:white_dye":3975,"minecraft:blue_wool":131,"minecraft:anvil":202,"minecraft:andesite":3264,"minecraft:cut_red_sandstone":892,"minecraft:orange_bed":13,"minecraft:granite_slab":424,"minecraft:jungle_fence_gate":16,"minecraft:cut_sandstone":96,"minecraft:orange_stained_glass":128,"minecraft:dark_oak_wood":1057,"minecraft:birch_slab":14894,"minecraft:loom":67,"minecraft:dark_prismarine_stairs":372,"minecraft:iron_bars":6656,"minecraft:red_concrete_powder":2144,"minecraft:repeater":691,"minecraft:diamond_leggings":11,"minecraft:cyan_stained_glass_pane":400,"minecraft:melon_seeds":104,"minecraft:magenta_dye":1156,"minecraft:flower_pot":188,"minecraft:wooden_shovel":2,"minecraft:emerald":61178,"minecraft:prismarine_bricks":4331,"minecraft:clock":7,"minecraft:hay_block":6046,"minecraft:campfire":221,"minecraft:brown_banner":187,"minecraft:green_terracotta":25624,"minecraft:iron_block":1848,"minecraft:fire_charge":7230,"minecraft:spruce_fence_gate":3445,"minecraft:yellow_concrete_powder":688,"minecraft:rabbit_stew":36,"minecraft:stone_shovel":32,"minecraft:smooth_stone_slab":21018,"minecraft:globe_banner_pattern":2,"minecraft:mossy_cobblestone_stairs":64,"minecraft:smooth_red_sandstone_slab":672,"minecraft:red_terracotta":5144,"minecraft:bone_meal":67587,"minecraft:cyan_stained_glass":248,"minecraft:pink_dye":960,"minecraft:diamond":4905,"minecraft:detector_rail":24,"minecraft:ladder":615,"minecraft:jungle_fence":852,"minecraft:golden_helmet":1,"minecraft:firework_star":4946,"minecraft:purple_stained_glass_pane":336,"minecraft:crossbow":9,"minecraft:skull_banner_pattern":1,"minecraft:dried_kelp":30583,"minecraft:magenta_stained_glass":128,"minecraft:gray_concrete_powder":6752,"minecraft:polished_granite":6732,"minecraft:conduit":9,"minecraft:white_stained_glass":1152,"minecraft:green_stained_glass_pane":64,"minecraft:mossy_stone_brick_stairs":192,"minecraft:gray_shulker_box":68,"minecraft:cyan_shulker_box":5,"minecraft:wooden_axe":1,"minecraft:iron_leggings":28,"minecraft:white_bed":59,"minecraft:lime_wool":55,"minecraft:light_gray_glazed_terracotta":200,"minecraft:nether_brick_stairs":248,"minecraft:brick":8449,"minecraft:oak_planks":19049,"minecraft:dark_oak_boat":55,"minecraft:purple_glazed_terracotta":128,"minecraft:cobblestone_stairs":368,"minecraft:light_blue_banner":217,"minecraft:purpur_stairs":48,"minecraft:green_dye":278,"minecraft:hopper":2041,"minecraft:cyan_terracotta":25698,"minecraft:mossy_cobblestone_slab":30,"minecraft:chiseled_stone_bricks":6160,"minecraft:golden_sword":3,"minecraft:smooth_red_sandstone":10,"minecraft:quartz_stairs":968,"minecraft:item_frame":611,"minecraft:oak_slab":600,"minecraft:map":662,"minecraft:crafting_table":303,"minecraft:wooden_pickaxe":15,"minecraft:gold_block":895,"minecraft:mojang_banner_pattern":1,"minecraft:birch_planks":16470,"minecraft:brewing_stand":30,"minecraft:black_shulker_box":17,"minecraft:iron_chestplate":34,"minecraft:shield":555,"minecraft:stone_sword":261,"minecraft:gray_carpet":3537,"minecraft:sponge":580,"minecraft:shears":312,"minecraft:green_carpet":327,"minecraft:sandstone_stairs":184,"minecraft:polished_andesite":17888,"minecraft:popped_chorus_fruit":256,"minecraft:stone_button":960,"minecraft:diamond_block":921,"minecraft:glass_pane":1637,"minecraft:black_terracotta":9392,"minecraft:spruce_wood":312,"minecraft:iron_hoe":2,"minecraft:orange_concrete_powder":600,"minecraft:gray_banner":83,"minecraft:observer":779,"minecraft:cooked_cod":1354,"minecraft:cyan_concrete_powder":520,"minecraft:magenta_bed":50,"minecraft:diamond_sword":5,"minecraft:cyan_dye":4294,"minecraft:dark_oak_stairs":1872,"minecraft:bell":33,"minecraft:smooth_sandstone":4980,"minecraft:nether_bricks":9010,"minecraft:stone_axe":15,"minecraft:mossy_cobblestone_wall":30,"minecraft:magenta_terracotta":6616,"minecraft:acacia_planks":15278,"minecraft:lapis_block":1720},"minecraft:broken":{"minecraft:diamond_pickaxe":6,"minecraft:leather_helmet":1,"minecraft:shield":7,"minecraft:leather_leggings":1,"minecraft:diamond_boots":1,"minecraft:stone_axe":1,"minecraft:stone_shovel":1,"minecraft:diamond_sword":1,"minecraft:diamond_hoe":2,"minecraft:chainmail_boots":2,"minecraft:bow":2,"minecraft:iron_helmet":2,"minecraft:shears":62,"minecraft:diamond_shovel":3,"minecraft:iron_pickaxe":11,"minecraft:wooden_hoe":1,"minecraft:iron_shovel":7,"minecraft:stone_pickaxe":1,"minecraft:diamond_axe":1,"minecraft:golden_sword":1,"minecraft:iron_axe":4,"minecraft:flint_and_steel":7,"minecraft:leather_boots":3},"minecraft:used":{"minecraft:jack_o_lantern":4356,"minecraft:dead_brain_coral":6,"minecraft:black_carpet":197,"minecraft:stone":58129,"minecraft:quartz_stairs":1892,"minecraft:rotten_flesh":38,"minecraft:tube_coral":107,"minecraft:chiseled_red_sandstone":1527,"minecraft:lily_of_the_valley":1,"minecraft:azure_bluet":94,"minecraft:packed_ice":2464,"minecraft:stripped_dark_oak_wood":140,"minecraft:quartz_pillar":1153,"minecraft:red_wool":914,"minecraft:quartz_block":1362,"minecraft:dark_oak_leaves":558,"minecraft:acacia_fence":1018,"minecraft:gray_banner":65,"minecraft:end_stone_brick_stairs":59,"minecraft:damaged_anvil":42,"minecraft:lily_pad":30,"minecraft:composter":163,"minecraft:jungle_boat":43,"minecraft:golden_apple":60,"minecraft:purple_terracotta":1373,"minecraft:gray_concrete":6393,"minecraft:red_sandstone_wall":2,"minecraft:purple_concrete_powder":510,"minecraft:birch_fence":321,"minecraft:red_sandstone":439,"minecraft:gray_stained_glass_pane":103,"minecraft:birch_slab":15812,"minecraft:white_glazed_terracotta":440,"minecraft:oak_pressure_plate":98,"minecraft:diamond_sword":39073,"minecraft:coal_block":649,"minecraft:smithing_table":482,"minecraft:poisonous_potato":5,"minecraft:purple_wool":109,"minecraft:oak_trapdoor":811,"minecraft:stripped_acacia_wood":3204,"minecraft:enchanting_table":27,"minecraft:dead_tube_coral_block":14,"minecraft:armor_stand":92,"minecraft:light_gray_carpet":1168,"minecraft:cooked_salmon":469,"minecraft:orange_stained_glass":1,"minecraft:brewing_stand":73,"minecraft:nether_quartz_ore":5523,"minecraft:yellow_carpet":86,"minecraft:oak_fence_gate":13,"minecraft:music_disc_mellohi":2,"minecraft:sea_lantern":25606,"minecraft:filled_map":282,"minecraft:iron_block":10432,"minecraft:light_weighted_pressure_plate":13,"minecraft:jungle_log":3632,"minecraft:bamboo":3027,"minecraft:lime_concrete":98,"minecraft:podzol":3509,"minecraft:acacia_planks":94,"minecraft:horn_coral_fan":319,"minecraft:wheat_seeds":8930,"minecraft:light_blue_shulker_box":1208,"minecraft:birch_planks":678,"minecraft:blue_concrete_powder":1537,"minecraft:spruce_fence_gate":3894,"minecraft:conduit":22,"minecraft:light_gray_banner":31,"minecraft:rail":13722,"minecraft:red_bed":55,"minecraft:campfire":98,"minecraft:spruce_log":4870,"minecraft:oak_button":134,"minecraft:suspicious_stew":11,"minecraft:spruce_pressure_plate":208,"minecraft:spruce_sapling":1599,"minecraft:blue_carpet":585,"minecraft:green_carpet":271,"minecraft:pink_bed":15,"minecraft:porkchop":7,"minecraft:dandelion":30,"minecraft:green_stained_glass":123,"minecraft:blue_terracotta":3565,"minecraft:creeper_head":1,"minecraft:stripped_jungle_wood":46,"minecraft:bubble_coral":97,"minecraft:green_terracotta":24859,"minecraft:jungle_planks":378,"minecraft:pink_terracotta":1279,"minecraft:music_disc_13":12,"minecraft:bricks":9154,"minecraft:spruce_wood":296,"minecraft:lantern":1666,"minecraft:blue_orchid":35,"minecraft:light_blue_bed":307,"minecraft:mossy_cobblestone_slab":19,"minecraft:golden_sword":3,"minecraft:red_nether_brick_wall":38,"minecraft:written_book":1448,"minecraft:jungle_button":189,"minecraft:blue_shulker_box":304,"minecraft:end_rod":2464,"minecraft:stripped_acacia_log":1759,"minecraft:gray_carpet":3893,"minecraft:stone_pickaxe":238,"minecraft:polished_diorite_slab":1582,"minecraft:sandstone":14483,"minecraft:diamond_axe":222652,"minecraft:sugar_cane":653,"minecraft:light_blue_concrete":601,"minecraft:lime_stained_glass_pane":575,"minecraft:light_blue_wool":1056,"minecraft:yellow_concrete":65,"minecraft:end_stone":3983,"minecraft:black_terracotta":3913,"minecraft:blue_glazed_terracotta":7,"minecraft:daylight_detector":513,"minecraft:dark_oak_log":4586,"minecraft:iron_door":530,"minecraft:dead_horn_coral":6,"minecraft:light_blue_concrete_powder":1310,"minecraft:pufferfish_bucket":7,"minecraft:smooth_stone_slab":10045,"minecraft:coarse_dirt":1082,"minecraft:bone_meal":10078,"minecraft:rose_bush":156,"minecraft:granite_stairs":42,"minecraft:white_tulip":36,"minecraft:flint_and_steel":637,"minecraft:redstone":7230,"minecraft:dried_kelp":381,"minecraft:ender_chest":4553,"minecraft:stone_hoe":4,"minecraft:dried_kelp_block":12841,"minecraft:dirt":130316,"minecraft:prismarine_bricks":3347,"minecraft:spruce_fence":1627,"minecraft:brown_terracotta":4424,"minecraft:oak_stairs":202,"minecraft:yellow_concrete_powder":631,"minecraft:black_stained_glass":2266,"minecraft:lime_stained_glass":2253,"minecraft:cyan_concrete_powder":513,"minecraft:dead_bubble_coral_block":77,"minecraft:orange_stained_glass_pane":316,"minecraft:mossy_stone_brick_wall":82,"minecraft:cobblestone_stairs":550,"minecraft:birch_boat":742,"minecraft:brown_mushroom":100,"minecraft:spruce_sign":126,"minecraft:red_mushroom":82,"minecraft:magenta_carpet":74,"minecraft:wooden_hoe":59,"minecraft:black_wool":2975,"minecraft:lapis_ore":1079,"minecraft:stone_slab":5587,"minecraft:yellow_wool":40,"minecraft:stone_axe":132,"minecraft:magenta_banner":18,"minecraft:fire_coral_block":2047,"minecraft:cyan_stained_glass_pane":341,"minecraft:pink_shulker_box":359,"minecraft:gray_wool":71,"minecraft:music_disc_far":41,"minecraft:cut_red_sandstone_slab":11,"minecraft:chest":1838,"minecraft:white_shulker_box":3049,"minecraft:blue_stained_glass":159,"minecraft:jungle_slab":575,"minecraft:allium":2,"minecraft:acacia_button":37,"minecraft:stripped_spruce_log":165,"minecraft:black_stained_glass_pane":2320,"minecraft:birch_sapling":2435,"minecraft:polished_andesite_stairs":1322,"minecraft:orange_shulker_box":1542,"minecraft:wet_sponge":65,"minecraft:music_disc_wait":7,"minecraft:dark_oak_button":104,"minecraft:pink_wool":52,"minecraft:stone_brick_stairs":3046,"minecraft:blue_banner":102,"minecraft:snow":6052,"minecraft:sweet_berries":3819,"minecraft:furnace":780,"minecraft:dragon_head":28,"minecraft:seagrass":64,"minecraft:dead_brain_coral_fan":1,"minecraft:emerald_ore":9,"minecraft:spruce_door":59,"minecraft:acacia_trapdoor":4010,"minecraft:powered_rail":3513,"minecraft:orange_tulip":64,"minecraft:purpur_pillar":595,"minecraft:cookie":571,"minecraft:dark_oak_trapdoor":278,"minecraft:pumpkin_seeds":95,"minecraft:chiseled_sandstone":18,"minecraft:lectern":133,"minecraft:polished_andesite_slab":1990,"minecraft:magenta_stained_glass_pane":314,"minecraft:wooden_sword":12,"minecraft:dark_oak_fence":984,"minecraft:bubble_coral_block":354,"minecraft:white_stained_glass":454,"minecraft:green_concrete_powder":15549,"minecraft:ice":1083,"minecraft:gray_stained_glass":501,"minecraft:iron_bars":8905,"minecraft:brain_coral_fan":301,"minecraft:red_concrete":1581,"minecraft:sandstone_wall":2426,"minecraft:netherrack":34651,"minecraft:orange_bed":44,"minecraft:light_gray_shulker_box":275,"minecraft:anvil":423,"minecraft:polished_granite_slab":290,"minecraft:slime_block":1067,"minecraft:smooth_quartz":3710,"minecraft:melon_seeds":119,"minecraft:tripwire_hook":1398,"minecraft:glowstone":3997,"minecraft:iron_trapdoor":3419,"minecraft:observer":1653,"minecraft:yellow_banner":9,"minecraft:light_blue_glazed_terracotta":10569,"minecraft:sandstone_stairs":164,"minecraft:yellow_shulker_box":1375,"minecraft:bubble_coral_fan":313,"minecraft:cartography_table":30,"minecraft:smooth_sandstone_slab":143,"minecraft:fletching_table":22,"minecraft:salmon":50,"minecraft:pink_concrete":55,"minecraft:orange_carpet":76,"minecraft:vine":81,"minecraft:oak_slab":454,"minecraft:cod":188,"minecraft:fire_coral":97,"minecraft:dark_prismarine":1287,"minecraft:oxeye_daisy":29,"minecraft:stripped_jungle_log":741,"minecraft:purpur_slab":195,"minecraft:music_disc_blocks":5,"minecraft:red_concrete_powder":1988,"minecraft:sandstone_slab":6211,"minecraft:glass_pane":582,"minecraft:kelp":2672,"minecraft:brown_mushroom_block":46,"minecraft:jukebox":65,"minecraft:iron_shovel":2431,"minecraft:carrot_on_a_stick":4607,"minecraft:diamond_hoe":3789,"minecraft:oak_sign":2092,"minecraft:bell":77,"minecraft:birch_pressure_plate":7,"minecraft:cyan_wool":45,"minecraft:milk_bucket":61,"minecraft:red_sandstone_stairs":29,"minecraft:cyan_terracotta":13277,"minecraft:gray_concrete_powder":7165,"minecraft:repeater":2273,"minecraft:hay_block":1643,"minecraft:beetroot_seeds":232,"minecraft:polished_diorite_stairs":305,"minecraft:fire_coral_fan":351,"minecraft:dark_oak_stairs":2000,"minecraft:birch_leaves":345,"minecraft:dark_oak_sign":73,"minecraft:birch_wood":402,"minecraft:ender_pearl":2673,"minecraft:redstone_block":3444,"minecraft:end_stone_brick_slab":27,"minecraft:brain_coral":97,"minecraft:loom":79,"minecraft:black_banner":34,"minecraft:note_block":624,"minecraft:stone_brick_wall":840,"minecraft:redstone_torch":2206,"minecraft:gray_shulker_box":1779,"minecraft:birch_fence_gate":4,"minecraft:melon_slice":256,"minecraft:string":2788,"minecraft:light_gray_concrete":2576,"minecraft:heavy_weighted_pressure_plate":308,"minecraft:cyan_bed":144,"minecraft:jungle_sign":67,"minecraft:white_concrete":5576,"minecraft:tropical_fish_bucket":6,"minecraft:cobweb":6720,"minecraft:experience_bottle":6675,"minecraft:oak_fence":258,"minecraft:purpur_block":465,"minecraft:redstone_ore":5963,"minecraft:tropical_fish":14,"minecraft:light_blue_terracotta":1768,"minecraft:spruce_planks":3935,"minecraft:oak_door":19,"minecraft:end_stone_brick_wall":159,"minecraft:white_carpet":1280,"minecraft:salmon_bucket":6,"minecraft:pink_carpet":68,"minecraft:light_blue_stained_glass":8158,"minecraft:purple_banner":37,"minecraft:andesite_wall":1994,"minecraft:stone_brick_slab":8676,"minecraft:bookshelf":2047,"minecraft:yellow_stained_glass":26,"minecraft:acacia_slab":266,"minecraft:light_gray_wool":1793,"minecraft:golden_carrot":4170,"minecraft:emerald_block":1487,"minecraft:white_stained_glass_pane":1071,"minecraft:horn_coral_block":355,"minecraft:brain_coral_block":306,"minecraft:cooked_mutton":42,"minecraft:iron_ore":2978,"minecraft:glass_bottle":1518,"minecraft:pink_banner":5,"minecraft:andesite_slab":4078,"minecraft:beacon":303,"minecraft:stonecutter":46,"minecraft:red_glazed_terracotta":178,"minecraft:terracotta":3883,"minecraft:stripped_dark_oak_log":882,"minecraft:dead_fire_coral_block":778,"minecraft:painting":436,"minecraft:smoker":32,"minecraft:dark_oak_door":38,"minecraft:activator_rail":61,"minecraft:acacia_stairs":368,"minecraft:apple":632,"minecraft:fishing_rod":924,"minecraft:green_shulker_box":463,"minecraft:white_banner":158,"minecraft:jungle_door":16,"minecraft:bucket":9567,"minecraft:purple_carpet":115,"minecraft:smooth_stone":11191,"minecraft:writable_book":1055,"minecraft:polished_granite_stairs":383,"minecraft:smooth_quartz_slab":977,"minecraft:red_sandstone_slab":1099,"minecraft:dispenser":512,"minecraft:poppy":24,"minecraft:soul_sand":5683,"minecraft:cocoa_beans":2635,"minecraft:snowball":582,"minecraft:spruce_boat":234,"minecraft:jungle_sapling":1346,"minecraft:lava_bucket":809,"minecraft:lime_banner":13,"minecraft:jungle_fence_gate":24,"minecraft:dark_oak_slab":1338,"minecraft:diorite_wall":8,"minecraft:bow":20168,"minecraft:yellow_glazed_terracotta":465,"minecraft:oak_sapling":3009,"minecraft:cooked_cod":11291,"minecraft:green_stained_glass_pane":76,"minecraft:dark_prismarine_stairs":600,"minecraft:lime_glazed_terracotta":107,"minecraft:mossy_stone_bricks":490,"minecraft:cow_spawn_egg":9,"minecraft:chorus_fruit":56,"minecraft:prismarine":2949,"minecraft:cactus":197,"minecraft:wooden_pickaxe":12,"minecraft:mossy_stone_brick_stairs":178,"minecraft:black_glazed_terracotta":14,"minecraft:clay":1405,"minecraft:blast_furnace":23,"minecraft:acacia_leaves":441,"minecraft:chiseled_quartz_block":41,"minecraft:zombie_head":1,"minecraft:cut_red_sandstone":1061,"minecraft:nether_wart_block":2918,"minecraft:birch_log":1616,"minecraft:oak_boat":631,"minecraft:orange_concrete":50,"minecraft:dead_bush":67,"minecraft:carved_pumpkin":86,"minecraft:torch":35189,"minecraft:cod_bucket":8,"minecraft:light_gray_glazed_terracotta":2,"minecraft:fern":204,"minecraft:mossy_cobblestone_stairs":15,"minecraft:chipped_anvil":84,"minecraft:barrel":226,"minecraft:magenta_terracotta":1078,"minecraft:trapped_chest":14,"minecraft:dead_bubble_coral_fan":12,"minecraft:tube_coral_block":1576,"minecraft:lead":5,"minecraft:cauldron":124,"minecraft:gold_ore":2047,"minecraft:diamond_block":781,"minecraft:cyan_glazed_terracotta":516,"minecraft:white_bed":353,"minecraft:mushroom_stem":1049,"minecraft:blue_stained_glass_pane":347,"minecraft:diamond_pickaxe":1568448,"minecraft:diamond_shovel":567795,"minecraft:tnt_minecart":182,"minecraft:spruce_trapdoor":1951,"minecraft:magenta_concrete_powder":664,"minecraft:potion":456,"minecraft:orange_banner":15,"minecraft:purple_bed":17,"minecraft:cooked_porkchop":95,"minecraft:andesite_stairs":158,"minecraft:stripped_oak_log":96,"minecraft:light_blue_banner":153,"minecraft:red_sand":907,"minecraft:light_gray_stained_glass_pane":2933,"minecraft:melon":3026,"minecraft:bone_block":3360,"minecraft:nether_wart":11783,"minecraft:grass":280,"minecraft:mossy_stone_brick_slab":28,"minecraft:spruce_leaves":3509,"minecraft:mutton":12,"minecraft:orange_glazed_terracotta":314,"minecraft:obsidian":4109,"minecraft:green_wool":267,"minecraft:item_frame":1368,"minecraft:birch_button":159,"minecraft:birch_trapdoor":231,"minecraft:horn_coral":95,"minecraft:gold_block":3977,"minecraft:skeleton_skull":1,"minecraft:pink_concrete_powder":539,"minecraft:dark_oak_sapling":2075,"minecraft:tube_coral_fan":375,"minecraft:dropper":826,"minecraft:wither_skeleton_skull":167,"minecraft:jungle_fence":433,"minecraft:oak_planks":971,"minecraft:prismarine_stairs":433,"minecraft:white_wool":1650,"minecraft:crossbow":2060,"minecraft:lingering_potion":7,"minecraft:sticky_piston":2607,"minecraft:dead_fire_coral_fan":9,"minecraft:lever":1579,"minecraft:acacia_door":16,"minecraft:bread":294,"minecraft:brown_wool":182,"minecraft:prismarine_wall":4,"minecraft:dead_horn_coral_fan":3,"minecraft:cooked_rabbit":45,"minecraft:mossy_cobblestone_wall":23,"minecraft:orange_concrete_powder":608,"minecraft:brown_shulker_box":636,"minecraft:stripped_birch_wood":178,"minecraft:cooked_chicken":244,"minecraft:red_nether_brick_slab":14,"minecraft:iron_hoe":326,"minecraft:light_gray_stained_glass":1798,"minecraft:smooth_sandstone":5733,"minecraft:dark_oak_pressure_plate":65,"minecraft:minecart":232,"minecraft:cooked_beef":666,"minecraft:enchanted_golden_apple":1,"minecraft:turtle_egg":116,"minecraft:pumpkin":7077,"minecraft:pink_glazed_terracotta":255,"minecraft:snow_block":1953,"minecraft:baked_potato":1248,"minecraft:red_nether_bricks":384,"minecraft:purple_glazed_terracotta":150,"minecraft:cut_sandstone":60,"minecraft:green_bed":114,"minecraft:music_disc_cat":9,"minecraft:dark_prismarine_slab":920,"minecraft:magenta_bed":27,"minecraft:brown_glazed_terracotta":130,"minecraft:cyan_stained_glass":112,"minecraft:gray_terracotta":8807,"minecraft:piston":587,"minecraft:flower_pot":204,"minecraft:chicken":12,"minecraft:detector_rail":36,"minecraft:jungle_stairs":420,"minecraft:magenta_concrete":84,"minecraft:end_crystal":16,"minecraft:lapis_block":1218,"minecraft:pumpkin_pie":1770,"minecraft:sea_pickle":591,"minecraft:birch_stairs":6641,"minecraft:beetroot":100,"minecraft:peony":149,"minecraft:nether_brick_fence":145,"minecraft:spruce_slab":4016,"minecraft:ladder":866,"minecraft:green_banner":13,"minecraft:brown_concrete":129,"minecraft:brick_slab":4979,"minecraft:orange_wool":21,"minecraft:acacia_sapling":2644,"minecraft:grass_block":41264,"minecraft:music_disc_chirp":7,"minecraft:rabbit_stew":7,"minecraft:red_stained_glass_pane":360,"minecraft:dark_oak_boat":576,"minecraft:egg":315,"minecraft:potato":3947,"minecraft:brown_concrete_powder":734,"minecraft:magenta_shulker_box":288,"minecraft:light_blue_carpet":460,"minecraft:diorite":1006,"minecraft:end_stone_bricks":1068,"minecraft:brick_wall":1066,"minecraft:stripped_birch_log":1173,"minecraft:red_stained_glass":9,"minecraft:lime_concrete_powder":1091,"minecraft:jungle_pressure_plate":37,"minecraft:oak_leaves":10347,"minecraft:smooth_quartz_stairs":503,"minecraft:purpur_stairs":85,"minecraft:sand":48325,"minecraft:smooth_red_sandstone":162,"minecraft:blue_ice":4687,"minecraft:black_concrete_powder":22721,"minecraft:stone_button":1422,"minecraft:cyan_carpet":146,"minecraft:red_terracotta":2664,"minecraft:polished_granite":7856,"minecraft:diamond_ore":1044,"minecraft:lilac":49,"minecraft:pufferfish":1,"minecraft:fire_charge":60,"minecraft:stone_sword":100,"minecraft:acacia_log":9165,"minecraft:mycelium":5,"minecraft:green_glazed_terracotta":296,"minecraft:chorus_flower":924,"minecraft:stone_stairs":294,"minecraft:nether_brick_slab":598,"minecraft:jungle_trapdoor":1772,"minecraft:blue_concrete":1078,"minecraft:nether_brick_stairs":199,"minecraft:polished_diorite":3884,"minecraft:red_shulker_box":1708,"minecraft:cyan_shulker_box":519,"minecraft:iron_axe":1193,"minecraft:spruce_button":232,"minecraft:brick_stairs":1578,"minecraft:totem_of_undying":40,"minecraft:pink_stained_glass_pane":27,"minecraft:prismarine_slab":231,"minecraft:purple_concrete":34,"minecraft:beef":21,"minecraft:magenta_wool":43,"minecraft:gray_glazed_terracotta":16,"minecraft:acacia_wood":3507,"minecraft:orange_terracotta":4714,"minecraft:golden_axe":1,"minecraft:water_bucket":8586,"minecraft:nether_brick_wall":88,"minecraft:prismarine_brick_slab":3606,"minecraft:rabbit":2,"minecraft:lime_wool":58,"minecraft:red_mushroom_block":3,"minecraft:cracked_stone_bricks":5717,"minecraft:mossy_cobblestone":714,"minecraft:lime_terracotta":140044,"minecraft:comparator":789,"minecraft:tnt":1550,"minecraft:crafting_table":1806,"minecraft:birch_sign":503,"minecraft:dark_oak_fence_gate":56,"minecraft:lime_shulker_box":1522,"minecraft:cake":879,"minecraft:oak_log":3097,"minecraft:ender_eye":18,"minecraft:cornflower":10,"minecraft:sunflower":10,"minecraft:iron_pickaxe":3912,"minecraft:cyan_concrete":131,"minecraft:chiseled_stone_bricks":3640,"minecraft:cobblestone":14954,"minecraft:acacia_pressure_plate":22,"minecraft:light_blue_stained_glass_pane":514,"minecraft:dead_tube_coral_fan":4,"minecraft:white_concrete_powder":5109,"minecraft:white_terracotta":2500,"minecraft:iron_sword":1023,"minecraft:purple_shulker_box":690,"minecraft:player_head":1498,"minecraft:smooth_sandstone_stairs":95,"minecraft:nether_bricks":708,"minecraft:prismarine_brick_stairs":119,"minecraft:carrot":6671,"minecraft:music_disc_11":2,"minecraft:glass":5567,"minecraft:coal_ore":5605,"minecraft:quartz_slab":2225,"minecraft:dark_oak_wood":1058,"minecraft:hopper_minecart":65,"minecraft:stone_bricks":29106,"minecraft:redstone_lamp":794,"minecraft:red_carpet":1769,"minecraft:magma_block":736,"minecraft:brown_carpet":1639,"minecraft:scaffolding":25466,"minecraft:gray_bed":68,"minecraft:large_fern":1,"minecraft:stripped_spruce_wood":76,"minecraft:blue_bed":62,"minecraft:yellow_terracotta":1266,"minecraft:light_gray_terracotta":4148,"minecraft:sponge":959,"minecraft:black_bed":125,"minecraft:shears":19682,"minecraft:green_concrete":780,"minecraft:black_concrete":22301,"minecraft:firework_rocket":1441,"minecraft:lime_carpet":612,"minecraft:music_disc_mall":5,"minecraft:gravel":1160,"minecraft:granite_slab":267,"minecraft:smooth_red_sandstone_slab":833,"minecraft:stripped_oak_wood":86,"minecraft:grindstone":213,"minecraft:andesite":5703,"minecraft:chest_minecart":6,"minecraft:jungle_leaves":2105,"minecraft:trident":3095,"minecraft:stone_shovel":138,"minecraft:wooden_shovel":3,"minecraft:hopper":2866,"minecraft:spruce_stairs":2527,"minecraft:cobblestone_wall":3840,"minecraft:shulker_box":7785,"minecraft:oak_wood":522,"minecraft:granite":2689,"minecraft:birch_door":57,"minecraft:purple_stained_glass_pane":326,"minecraft:dark_oak_planks":857,"minecraft:red_tulip":53,"minecraft:cyan_banner":26,"minecraft:granite_wall":58,"minecraft:stone_pressure_plate":590,"minecraft:brown_bed":65,"minecraft:acacia_boat":96,"minecraft:pink_tulip":44,"minecraft:polished_andesite":20538,"minecraft:blue_wool":283,"minecraft:black_shulker_box":145,"minecraft:magenta_stained_glass":13,"minecraft:cobblestone_slab":1579,"minecraft:jungle_wood":411,"minecraft:lime_bed":4,"minecraft:brown_banner":72,"minecraft:yellow_stained_glass_pane":301,"minecraft:light_gray_concrete_powder":7576,"minecraft:smooth_red_sandstone_stairs":711,"minecraft:purple_stained_glass":1364,"minecraft:map":32,"minecraft:acacia_fence_gate":109,"minecraft:red_banner":553,"minecraft:magenta_glazed_terracotta":75,"minecraft:yellow_bed":5,"minecraft:splash_potion":129},"minecraft:killed":{"minecraft:cod":127,"minecraft:skeleton_horse":6,"minecraft:tropical_fish":6,"minecraft:elder_guardian":5,"minecraft:zombie":3069,"minecraft:evoker":40,"minecraft:zombie_pigman":380,"minecraft:endermite":47,"minecraft:husk":202,"minecraft:rabbit":63,"minecraft:polar_bear":1,"minecraft:spider":636,"minecraft:zombie_villager":56,"minecraft:sheep":45,"minecraft:trader_llama":31,"minecraft:slime":1088,"minecraft:wither_skeleton":3142,"minecraft:cave_spider":240,"minecraft:shulker":709,"minecraft:skeleton":3223,"minecraft:cat":7,"minecraft:magma_cube":238,"minecraft:wandering_trader":17,"minecraft:enderman":2379,"minecraft:turtle":286,"minecraft:stray":2,"minecraft:phantom":1887,"minecraft:llama":2,"minecraft:bat":82,"minecraft:guardian":60793,"minecraft:parrot":4,"minecraft:salmon":36,"minecraft:ender_dragon":2,"minecraft:pillager":678,"minecraft:vindicator":268,"minecraft:ravager":29,"minecraft:witch":126,"minecraft:wither":52,"minecraft:silverfish":30,"minecraft:ghast":326,"minecraft:vex":272,"minecraft:drowned":3794,"minecraft:squid":130,"minecraft:villager":3,"minecraft:pufferfish":4,"minecraft:chicken":92,"minecraft:cow":271,"minecraft:horse":11,"minecraft:ocelot":1,"minecraft:wolf":6,"minecraft:pig":40,"minecraft:creeper":1690,"minecraft:blaze":1496},"minecraft:killed_by":{"minecraft:ravager":76,"minecraft:drowned":2,"minecraft:vex":3,"minecraft:enderman":1,"minecraft:phantom":4,"minecraft:zombie_villager":1,"minecraft:skeleton":3,"minecraft:vindicator":2,"minecraft:zombie_pigman":1,"minecraft:guardian":77,"minecraft:creeper":4,"minecraft:player":4,"minecraft:iron_golem":1},"minecraft:dropped":{"minecraft:porkchop":7,"minecraft:lapis_lazuli":270,"minecraft:diamond":1154,"minecraft:crafting_table":80,"minecraft:lime_stained_glass":1,"minecraft:cooked_porkchop":471,"minecraft:red_sandstone":4,"minecraft:cracked_stone_bricks":81,"minecraft:quartz_pillar":66,"minecraft:brown_banner":2,"minecraft:red_mushroom":19,"minecraft:emerald":365,"minecraft:gray_concrete":229,"minecraft:birch_fence":5,"minecraft:dark_oak_fence":130,"minecraft:gold_nugget":63,"minecraft:sand":58904,"minecraft:dark_oak_planks":337,"minecraft:fishing_rod":14,"minecraft:dark_oak_door":3,"minecraft:stone_axe":22,"minecraft:compass":1,"minecraft:lever":170,"minecraft:cooked_chicken":200,"minecraft:gray_banner":7,"minecraft:black_carpet":34,"minecraft:wheat":152,"minecraft:rotten_flesh":9242,"minecraft:birch_wood":2,"minecraft:azure_bluet":8,"minecraft:sea_lantern":447,"minecraft:coal_ore":284,"minecraft:quartz_block":392,"minecraft:jungle_log":60,"minecraft:music_disc_mall":3,"minecraft:leather_boots":70,"minecraft:acacia_sapling":91,"minecraft:leather_leggings":62,"minecraft:beef":7,"minecraft:podzol":39,"minecraft:acacia_fence":6,"minecraft:golden_boots":17,"minecraft:wheat_seeds":6030,"minecraft:light_gray_stained_glass_pane":66,"minecraft:prismarine_crystals":2867,"minecraft:book":24,"minecraft:yellow_carpet":97,"minecraft:golden_apple":10,"minecraft:coal_block":5,"minecraft:cobweb":64,"minecraft:gray_wool":100,"minecraft:ink_sac":290,"minecraft:cooked_salmon":85,"minecraft:stripped_birch_log":4,"minecraft:oak_stairs":17,"minecraft:pumpkin":94,"minecraft:white_banner":7,"minecraft:red_dye":99,"minecraft:jungle_boat":5,"minecraft:smooth_stone":113,"minecraft:chainmail_leggings":48,"minecraft:smooth_sandstone":17,"minecraft:blue_carpet":10,"minecraft:lily_pad":2,"minecraft:acacia_planks":56,"minecraft:bricks":281,"minecraft:player_head":453,"minecraft:white_carpet":57,"minecraft:clay_ball":13905,"minecraft:name_tag":36,"minecraft:light_gray_concrete":18,"minecraft:white_terracotta":1910,"minecraft:white_shulker_box":17,"minecraft:oak_sign":141,"minecraft:shears":8,"minecraft:diamond_sword":31,"minecraft:cyan_wool":4,"minecraft:brain_coral_block":64,"minecraft:lime_glazed_terracotta":64,"minecraft:peony":2,"minecraft:spruce_trapdoor":92,"minecraft:spruce_planks":476,"minecraft:diamond_pickaxe":33,"minecraft:light_blue_carpet":47,"minecraft:andesite_stairs":2,"minecraft:redstone_torch":32,"minecraft:bamboo":1086,"minecraft:stone_bricks":9045,"minecraft:sandstone":2660,"minecraft:green_concrete_powder":183,"minecraft:brick_slab":6,"minecraft:terracotta":1488,"minecraft:daylight_detector":1,"minecraft:acacia_boat":1,"minecraft:oak_log":655,"minecraft:purple_glazed_terracotta":96,"minecraft:dark_oak_sapling":1,"minecraft:tube_coral_block":8,"minecraft:lime_terracotta":2535,"minecraft:jungle_planks":358,"minecraft:red_wool":47,"minecraft:black_banner":1,"minecraft:birch_slab":79,"minecraft:cod":29207,"minecraft:music_disc_13":1,"minecraft:dark_oak_log":127,"minecraft:packed_ice":401,"minecraft:ice":212,"minecraft:prismarine_brick_slab":8,"minecraft:wet_sponge":14,"minecraft:light_blue_banner":4,"minecraft:pink_glazed_terracotta":64,"minecraft:gold_ingot":37,"minecraft:red_glazed_terracotta":64,"minecraft:magenta_stained_glass":1,"minecraft:purpur_block":78,"minecraft:beetroot":32,"minecraft:cyan_shulker_box":10,"minecraft:cooked_mutton":12,"minecraft:leather_chestplate":26,"minecraft:trident":42,"minecraft:cyan_banner":1,"minecraft:oak_wood":9,"minecraft:dropper":5,"minecraft:beetroot_seeds":101,"minecraft:stone_brick_wall":93,"minecraft:scaffolding":644,"minecraft:light_gray_concrete_powder":89,"minecraft:acacia_pressure_plate":4,"minecraft:stone_hoe":3,"minecraft:golden_helmet":16,"minecraft:tropical_fish":7,"minecraft:acacia_trapdoor":89,"minecraft:spruce_fence_gate":7,"minecraft:iron_block":75,"minecraft:milk_bucket":2,"minecraft:green_dye":65,"minecraft:repeater":15,"minecraft:melon_slice":102,"minecraft:light_gray_shulker_box":31,"minecraft:iron_door":24,"minecraft:jungle_door":3,"minecraft:fire_charge":4,"minecraft:polished_andesite_stairs":64,"minecraft:orange_bed":1,"minecraft:tripwire_hook":48,"minecraft:kelp":7050,"minecraft:oak_trapdoor":1,"minecraft:dragon_head":1,"minecraft:dark_prismarine_stairs":2,"minecraft:light_gray_terracotta":2295,"minecraft:lime_concrete":2,"minecraft:magenta_stained_glass_pane":6,"minecraft:comparator":2,"minecraft:stripped_oak_log":6,"minecraft:shulker_box":144,"minecraft:gray_terracotta":2392,"minecraft:oak_button":10,"minecraft:andesite":2120,"minecraft:birch_sign":47,"minecraft:spruce_log":656,"minecraft:magma_cream":2,"minecraft:light_blue_terracotta":8264,"minecraft:magenta_terracotta":1792,"minecraft:oak_pressure_plate":28,"minecraft:cooked_beef":23,"minecraft:cookie":396,"minecraft:bubble_coral_fan":7,"minecraft:rail":190,"minecraft:leather_helmet":21,"minecraft:red_carpet":190,"minecraft:red_shulker_box":73,"minecraft:grass":2,"minecraft:jungle_sapling":2,"minecraft:wooden_sword":4,"minecraft:bone_block":385,"minecraft:bone_meal":391,"minecraft:sunflower":4,"minecraft:phantom_membrane":116,"minecraft:sugar":66,"minecraft:iron_pickaxe":2,"minecraft:end_crystal":4,"minecraft:gray_dye":4,"minecraft:blue_bed":1,"minecraft:cyan_carpet":18,"minecraft:bone":260,"minecraft:green_wool":1,"minecraft:emerald_block":65,"minecraft:golden_chestplate":21,"minecraft:birch_sapling":729,"minecraft:blue_wool":11,"minecraft:lime_dye":69,"minecraft:end_stone":69,"minecraft:light_gray_carpet":15,"minecraft:blaze_powder":64,"minecraft:jungle_trapdoor":3,"minecraft:salmon":66,"minecraft:dark_oak_fence_gate":4,"minecraft:black_glazed_terracotta":64,"minecraft:brick_stairs":1,"minecraft:charcoal":2,"minecraft:jungle_stairs":7,"minecraft:yellow_banner":13,"minecraft:spruce_slab":200,"minecraft:ghast_tear":1,"minecraft:lectern":2,"minecraft:birch_leaves":2,"minecraft:iron_helmet":37,"minecraft:yellow_terracotta":2105,"minecraft:apple":105,"minecraft:spruce_button":5,"minecraft:spruce_door":7,"minecraft:chainmail_helmet":12,"minecraft:polished_andesite":174,"minecraft:end_rod":105,"minecraft:pufferfish":31,"minecraft:dried_kelp_block":399,"minecraft:jungle_slab":44,"minecraft:golden_carrot":278,"minecraft:gray_bed":9,"minecraft:yellow_glazed_terracotta":60,"minecraft:lime_carpet":33,"minecraft:brown_terracotta":2149,"minecraft:prismarine_slab":9,"minecraft:paper":383,"minecraft:string":307,"minecraft:magenta_shulker_box":5,"minecraft:spruce_sapling":270,"minecraft:pink_tulip":3,"minecraft:furnace":11,"minecraft:brick_wall":43,"minecraft:redstone_ore":8,"minecraft:dark_oak_sign":1,"minecraft:polished_diorite_slab":2,"minecraft:cobblestone_wall":131,"minecraft:chicken":28,"minecraft:slime_block":109,"minecraft:light_blue_concrete":8,"minecraft:spruce_fence":81,"minecraft:pumpkin_seeds":7650,"minecraft:purple_stained_glass":5,"minecraft:light_blue_dye":9,"minecraft:polished_granite_stairs":38,"minecraft:cobblestone_slab":114,"minecraft:stone":39995,"minecraft:blue_banner":7,"minecraft:light_gray_dye":209,"minecraft:birch_boat":11,"minecraft:cyan_concrete_powder":14,"minecraft:quartz_slab":52,"minecraft:spruce_sign":1,"minecraft:brown_mushroom":39,"minecraft:diamond_axe":16,"minecraft:baked_potato":97,"minecraft:lime_shulker_box":58,"minecraft:sandstone_slab":82,"minecraft:lantern":3,"minecraft:tube_coral_fan":45,"minecraft:flint":108,"minecraft:jungle_button":14,"minecraft:dispenser":22,"minecraft:cornflower":2,"minecraft:pumpkin_pie":315,"minecraft:birch_log":214,"minecraft:black_stained_glass":2,"minecraft:armor_stand":5,"minecraft:yellow_wool":1,"minecraft:lime_wool":68,"minecraft:diamond_shovel":18,"minecraft:prismarine":83,"minecraft:chiseled_stone_bricks":64,"minecraft:rabbit_hide":5,"minecraft:skeleton_skull":1,"minecraft:chainmail_boots":15,"minecraft:chest":24,"minecraft:arrow":793,"minecraft:powered_rail":29,"minecraft:quartz":118,"minecraft:oak_leaves":514,"minecraft:written_book":335,"minecraft:firework_rocket":1619,"minecraft:purple_terracotta":1792,"minecraft:mossy_cobblestone":107,"minecraft:minecart":16,"minecraft:smithing_table":3,"minecraft:poisonous_potato":72,"minecraft:lead":7,"minecraft:dark_oak_pressure_plate":1,"minecraft:nether_brick_wall":1,"minecraft:grass_block":2208,"minecraft:stick":2048,"minecraft:blue_dye":14,"minecraft:light_blue_stained_glass":3,"minecraft:leather_horse_armor":11,"minecraft:smooth_quartz":47,"minecraft:brown_wool":6,"minecraft:smooth_quartz_slab":206,"minecraft:iron_axe":37,"minecraft:bucket":44,"minecraft:dandelion":93,"minecraft:redstone":796,"minecraft:red_concrete":27,"minecraft:nether_brick_slab":3,"minecraft:jungle_pressure_plate":4,"minecraft:anvil":13,"minecraft:ender_chest":15,"minecraft:nether_wart":197,"minecraft:coarse_dirt":568,"minecraft:composter":2,"minecraft:brown_glazed_terracotta":128,"minecraft:ender_eye":2,"minecraft:acacia_leaves":9,"minecraft:filled_map":118,"minecraft:snow":603,"minecraft:black_concrete_powder":2,"minecraft:diamond_chestplate":6,"minecraft:orange_terracotta":2954,"minecraft:blue_ice":13,"minecraft:oak_boat":36,"minecraft:diamond_boots":19,"minecraft:slime_ball":43,"minecraft:beacon":6,"minecraft:purple_shulker_box":18,"minecraft:light_blue_bed":2,"minecraft:light_blue_shulker_box":11,"minecraft:iron_sword":17,"minecraft:chorus_fruit":586,"minecraft:glass_bottle":223,"minecraft:dark_oak_slab":43,"minecraft:black_bed":92,"minecraft:gold_block":81,"minecraft:red_bed":1,"minecraft:black_stained_glass_pane":87,"minecraft:dark_oak_trapdoor":9,"minecraft:stripped_dark_oak_wood":4,"minecraft:writable_book":17,"minecraft:bubble_coral_block":32,"minecraft:birch_stairs":43,"minecraft:white_wool":274,"minecraft:diamond_block":302,"minecraft:iron_nugget":5,"minecraft:obsidian":130,"minecraft:stripped_dark_oak_log":11,"minecraft:oak_planks":355,"minecraft:glowstone_dust":82,"minecraft:music_disc_far":12,"minecraft:nether_brick_fence":8,"minecraft:dead_fire_coral_block":10,"minecraft:rabbit_foot":1,"minecraft:blue_stained_glass":65,"minecraft:diorite_wall":30,"minecraft:painting":1,"minecraft:red_nether_bricks":4,"minecraft:glass":139,"minecraft:stone_brick_stairs":85,"minecraft:orange_shulker_box":61,"minecraft:smooth_quartz_stairs":4,"minecraft:horn_coral_block":65,"minecraft:red_stained_glass":10,"minecraft:lime_banner":4,"minecraft:lava_bucket":4,"minecraft:dark_oak_leaves":2,"minecraft:brown_concrete_powder":1,"minecraft:potion":67,"minecraft:green_glazed_terracotta":64,"minecraft:red_nether_brick_wall":4,"minecraft:stone_brick_slab":733,"minecraft:snow_block":1,"minecraft:yellow_concrete_powder":24,"minecraft:green_terracotta":1990,"minecraft:light_blue_glazed_terracotta":348,"minecraft:cocoa_beans":9,"minecraft:green_bed":50,"minecraft:sticky_piston":2,"minecraft:stone_shovel":32,"minecraft:red_banner":7,"minecraft:iron_boots":10,"minecraft:end_stone_brick_wall":1,"minecraft:suspicious_stew":13,"minecraft:spruce_boat":18,"minecraft:flower_pot":9,"minecraft:sea_pickle":2368,"minecraft:fire_coral_block":19,"minecraft:pink_shulker_box":5,"minecraft:stone_pressure_plate":17,"minecraft:barrel":12,"minecraft:bow":109,"minecraft:red_sand":436,"minecraft:blue_shulker_box":5,"minecraft:soul_sand":455,"minecraft:loom":5,"minecraft:ender_pearl":734,"minecraft:jungle_fence":75,"minecraft:green_shulker_box":6,"minecraft:leather":4,"minecraft:carrot_on_a_stick":2,"minecraft:orange_glazed_terracotta":64,"minecraft:cobblestone_stairs":91,"minecraft:mutton":15,"minecraft:dark_oak_wood":4,"minecraft:snowball":399,"minecraft:black_shulker_box":6,"minecraft:jungle_sign":7,"minecraft:stripped_oak_wood":4,"minecraft:black_concrete":10,"minecraft:cauldron":3,"minecraft:pink_terracotta":2112,"minecraft:andesite_slab":51,"minecraft:mushroom_stem":2,"minecraft:mossy_stone_brick_wall":1,"minecraft:horn_coral_fan":7,"minecraft:fire_coral_fan":8,"minecraft:birch_door":3,"minecraft:iron_ore":2624,"minecraft:birch_button":55,"minecraft:iron_bars":397,"minecraft:smooth_red_sandstone_stairs":4,"minecraft:white_concrete_powder":58,"minecraft:magenta_wool":3,"minecraft:polished_granite":51,"minecraft:splash_potion":14,"minecraft:bread":116,"minecraft:vine":16,"minecraft:yellow_concrete":40,"minecraft:spruce_stairs":211,"minecraft:acacia_log":140,"minecraft:mossy_cobblestone_slab":4,"minecraft:light_blue_wool":75,"minecraft:nether_wart_block":2,"minecraft:white_concrete":203,"minecraft:yellow_shulker_box":43,"minecraft:light_gray_stained_glass":11,"minecraft:jungle_leaves":69,"minecraft:cactus":13450,"minecraft:redstone_block":105,"minecraft:polished_diorite":144,"minecraft:blue_terracotta":2499,"minecraft:sweet_berries":6234,"minecraft:totem_of_undying":7,"minecraft:flint_and_steel":5,"minecraft:end_stone_brick_stairs":18,"minecraft:golden_leggings":14,"minecraft:oak_sapling":784,"minecraft:gray_concrete_powder":5,"minecraft:wooden_pickaxe":17,"minecraft:nautilus_shell":1,"minecraft:brick":109,"minecraft:piston":72,"minecraft:sandstone_stairs":38,"minecraft:crossbow":41,"minecraft:dark_oak_button":71,"minecraft:saddle":13,"minecraft:purpur_stairs":2,"minecraft:elytra":23,"minecraft:item_frame":10,"minecraft:dirt":11508,"minecraft:melon":68,"minecraft:stone_button":28,"minecraft:green_stained_glass_pane":68,"minecraft:dark_oak_boat":13,"minecraft:oak_door":11,"minecraft:brain_coral_fan":6,"minecraft:sugar_cane":75,"minecraft:polished_andesite_slab":15,"minecraft:pink_dye":11,"minecraft:green_banner":1,"minecraft:white_bed":6,"minecraft:acacia_button":17,"minecraft:firework_star":64,"minecraft:tipped_arrow":1,"minecraft:heavy_weighted_pressure_plate":18,"minecraft:hopper":4,"minecraft:cod_bucket":11,"minecraft:ladder":34,"minecraft:campfire":12,"minecraft:white_glazed_terracotta":64,"minecraft:egg":191,"minecraft:enchanted_book":13,"minecraft:iron_ingot":251,"minecraft:cyan_stained_glass":33,"minecraft:tnt":85,"minecraft:oak_fence":23,"minecraft:purpur_slab":2,"minecraft:cobblestone":20021,"minecraft:feather":61,"minecraft:dark_prismarine_slab":53,"minecraft:granite":2210,"minecraft:stripped_jungle_log":2,"minecraft:coal":178,"minecraft:oxeye_daisy":25,"minecraft:iron_trapdoor":23,"minecraft:sponge":51,"minecraft:rabbit":1,"minecraft:rose_bush":2,"minecraft:diamond_helmet":25,"minecraft:dried_kelp":91,"minecraft:heart_of_the_sea":1,"minecraft:iron_shovel":9,"minecraft:gray_carpet":218,"minecraft:stone_sword":102,"minecraft:smooth_stone_slab":479,"minecraft:bowl":12,"minecraft:blue_concrete":1,"minecraft:stone_slab":138,"minecraft:red_sandstone_slab":64,"minecraft:potato":124,"minecraft:hay_block":47,"minecraft:carved_pumpkin":12,"minecraft:spider_eye":234,"minecraft:brown_carpet":2,"minecraft:rabbit_stew":43,"minecraft:dark_prismarine":99,"minecraft:black_wool":1,"minecraft:gold_ore":1991,"minecraft:birch_planks":297,"minecraft:dark_oak_stairs":32,"minecraft:lime_stained_glass_pane":1,"minecraft:spruce_leaves":281,"minecraft:cyan_terracotta":2041,"minecraft:seagrass":5,"minecraft:cooked_cod":526,"minecraft:cut_sandstone":26,"minecraft:acacia_door":14,"minecraft:brown_mushroom_block":2,"minecraft:gravel":880,"minecraft:black_terracotta":2188,"minecraft:stone_stairs":43,"minecraft:carrot":8792,"minecraft:brown_shulker_box":24,"minecraft:chainmail_chestplate":9,"minecraft:poppy":116,"minecraft:shulker_shell":9,"minecraft:gunpowder":287,"minecraft:birch_trapdoor":25,"minecraft:glowstone":58,"minecraft:spruce_pressure_plate":15,"minecraft:melon_seeds":4,"minecraft:gray_shulker_box":66,"minecraft:cyan_concrete":23,"minecraft:prismarine_bricks":146,"minecraft:netherrack":52685,"minecraft:water_bucket":4,"minecraft:stripped_spruce_log":13,"minecraft:oak_slab":14,"minecraft:chorus_flower":49,"minecraft:bookshelf":23,"minecraft:cyan_dye":40,"minecraft:diamond_leggings":9,"minecraft:prismarine_shard":3819,"minecraft:spectral_arrow":188,"minecraft:light_blue_concrete_powder":68,"minecraft:dead_horn_coral_block":2,"minecraft:diorite":2547,"minecraft:brewing_stand":1,"minecraft:torch":696,"minecraft:map":28,"minecraft:iron_leggings":14,"minecraft:music_disc_cat":1,"minecraft:wither_skeleton_skull":1,"minecraft:light_gray_wool":66,"minecraft:stripped_acacia_wood":2,"minecraft:glass_pane":138,"minecraft:red_terracotta":2308,"minecraft:shield":14,"minecraft:iron_chestplate":40,"minecraft:dragon_egg":1,"minecraft:quartz_stairs":12,"minecraft:cake":19,"minecraft:mossy_stone_bricks":3,"minecraft:golden_sword":55,"minecraft:stripped_acacia_log":24,"minecraft:stone_pickaxe":31,"minecraft:nether_quartz_ore":15},"minecraft:mined":{"minecraft:cut_red_sandstone_slab":5,"minecraft:dragon_wall_head":19,"minecraft:red_shulker_box":1708,"minecraft:white_bed":312,"minecraft:pink_bed":14,"minecraft:light_blue_carpet":127,"minecraft:acacia_log":22844,"minecraft:oak_pressure_plate":52,"minecraft:green_concrete":994,"minecraft:oak_wall_sign":827,"minecraft:nether_wart":3534,"minecraft:spawner":106,"minecraft:chorus_flower":687,"minecraft:dead_tube_coral":65,"minecraft:spruce_pressure_plate":70,"minecraft:green_carpet":8,"minecraft:pink_tulip":129,"minecraft:white_shulker_box":3032,"minecraft:white_banner":14,"minecraft:sandstone_slab":700,"minecraft:blue_wall_banner":40,"minecraft:cut_sandstone":64,"minecraft:magenta_carpet":5,"minecraft:blue_concrete_powder":7,"minecraft:kelp_plant":5999,"minecraft:smoker":14,"minecraft:torch":4439,"minecraft:dark_oak_wood":128,"minecraft:melon":132,"minecraft:dead_bush":372,"minecraft:nether_brick_slab":363,"minecraft:dead_tube_coral_fan":334,"minecraft:sugar_cane":3327,"minecraft:bricks":1705,"minecraft:repeater":689,"minecraft:jungle_wood":23,"minecraft:purple_banner":28,"minecraft:magenta_bed":25,"minecraft:grass":7772,"minecraft:attached_pumpkin_stem":1,"minecraft:brown_concrete":416,"minecraft:mossy_cobblestone":66,"minecraft:orange_concrete_powder":29,"minecraft:dark_oak_log":21124,"minecraft:birch_fence_gate":4,"minecraft:dark_oak_fence":435,"minecraft:spruce_fence":1120,"minecraft:stripped_jungle_wood":175,"minecraft:brown_banner":36,"minecraft:red_mushroom":12,"minecraft:white_concrete_powder":219,"minecraft:magenta_stained_glass_pane":8,"minecraft:redstone_ore":14819,"minecraft:green_terracotta":5108,"minecraft:cyan_concrete":342,"minecraft:vine":4389,"minecraft:potted_spruce_sapling":3,"minecraft:fire_coral_block":2635,"minecraft:potted_allium":1,"minecraft:oak_slab":376,"minecraft:soul_sand":9666,"minecraft:lily_of_the_valley":12,"minecraft:potted_lily_of_the_valley":1,"minecraft:cornflower":81,"minecraft:prismarine_slab":131,"minecraft:campfire":58,"minecraft:tall_grass":7,"minecraft:diorite":19850,"minecraft:orange_carpet":5,"minecraft:black_stained_glass":183,"minecraft:trapped_chest":5,"minecraft:light_blue_bed":265,"minecraft:cobblestone_wall":737,"minecraft:pink_wall_banner":1,"minecraft:red_sandstone_wall":2,"minecraft:dark_oak_button":48,"minecraft:gravel":32825,"minecraft:cobweb":7449,"minecraft:brown_terracotta":13904,"minecraft:oak_button":16,"minecraft:stone_bricks":13511,"minecraft:chipped_anvil":85,"minecraft:fern":538,"minecraft:oak_sapling":199,"minecraft:magenta_banner":13,"minecraft:andesite_stairs":42,"minecraft:spruce_trapdoor":762,"minecraft:lime_banner":6,"minecraft:turtle_egg":113,"minecraft:green_stained_glass":65,"minecraft:granite_stairs":42,"minecraft:brown_shulker_box":632,"minecraft:gray_terracotta":1349,"minecraft:quartz_block":579,"minecraft:orange_terracotta":39629,"minecraft:yellow_banner":12,"minecraft:end_stone_brick_slab":19,"minecraft:mossy_cobblestone_wall":4,"minecraft:beacon":159,"minecraft:nether_quartz_ore":18472,"minecraft:oak_planks":2916,"minecraft:light_blue_banner":34,"minecraft:wall_torch":1018,"minecraft:light_weighted_pressure_plate":7,"minecraft:light_blue_terracotta":462,"minecraft:blue_terracotta":910,"minecraft:powered_rail":1456,"minecraft:dark_oak_slab":488,"minecraft:mossy_stone_brick_wall":9,"minecraft:green_banner":9,"minecraft:blue_ice":1274,"minecraft:tnt":598,"minecraft:smooth_stone_slab":2676,"minecraft:dispenser":247,"minecraft:daylight_detector":185,"minecraft:yellow_wall_banner":4,"minecraft:pink_carpet":5,"minecraft:lever":701,"minecraft:ladder":377,"minecraft:tube_coral_wall_fan":913,"minecraft:purple_terracotta":477,"minecraft:birch_slab":903,"minecraft:spruce_leaves":5659,"minecraft:hay_block":178,"minecraft:dead_brain_coral":59,"minecraft:gray_wall_banner":32,"minecraft:orange_stained_glass_pane":32,"minecraft:detector_rail":6,"minecraft:gold_block":1195,"minecraft:nether_brick_fence":111,"minecraft:stripped_oak_log":990,"minecraft:blue_glazed_terracotta":5,"minecraft:pink_terracotta":232,"minecraft:acacia_leaves":3967,"minecraft:snow_block":888,"minecraft:stripped_dark_oak_log":633,"minecraft:polished_granite":1842,"minecraft:gray_stained_glass":81,"minecraft:stone_slab":2057,"minecraft:prismarine_bricks":7923,"minecraft:dead_fire_coral_block":936,"minecraft:birch_planks":251,"minecraft:bubble_coral":385,"minecraft:end_stone_brick_stairs":44,"minecraft:sea_pickle":301,"minecraft:grass_path":1391,"minecraft:black_wool":458,"minecraft:cocoa":152,"minecraft:cyan_carpet":19,"minecraft:cracked_stone_bricks":911,"minecraft:stripped_acacia_wood":3977,"minecraft:dark_oak_planks":622,"minecraft:polished_granite_slab":31,"minecraft:dark_prismarine_stairs":257,"minecraft:black_terracotta":1317,"minecraft:carved_pumpkin":4243,"minecraft:red_sand":21381,"minecraft:smooth_red_sandstone_stairs":49,"minecraft:stone_brick_wall":418,"minecraft:yellow_carpet":21,"minecraft:jungle_log":26575,"minecraft:lime_stained_glass":987,"minecraft:tube_coral_block":2615,"minecraft:hopper":883,"minecraft:chiseled_stone_bricks":644,"minecraft:brown_stained_glass":2,"minecraft:sticky_piston":388,"minecraft:enchanting_table":10,"minecraft:lime_stained_glass_pane":24,"minecraft:oak_sign":280,"minecraft:quartz_slab":1068,"minecraft:smooth_sandstone_stairs":7,"minecraft:iron_block":7153,"minecraft:blue_orchid":283,"minecraft:brown_mushroom":17,"minecraft:red_bed":48,"minecraft:blue_stained_glass":21,"minecraft:cyan_glazed_terracotta":71,"minecraft:blast_furnace":11,"minecraft:dead_brain_coral_fan":269,"minecraft:polished_diorite_slab":92,"minecraft:cyan_bed":79,"minecraft:potted_oak_sapling":1,"minecraft:damaged_anvil":40,"minecraft:spruce_sign":3,"minecraft:skeleton_skull":1,"minecraft:cyan_wool":19,"minecraft:black_concrete_powder":6,"minecraft:light_gray_stained_glass":211,"minecraft:wheat":6587,"minecraft:pumpkin_stem":55,"minecraft:black_bed":87,"minecraft:stone_brick_stairs":1405,"minecraft:red_mushroom_block":3740,"minecraft:stonecutter":30,"minecraft:cut_red_sandstone":62,"minecraft:light_gray_stained_glass_pane":96,"minecraft:dead_bubble_coral":62,"minecraft:blue_stained_glass_pane":38,"minecraft:orange_banner":9,"minecraft:jungle_planks":122,"minecraft:yellow_concrete_powder":69,"minecraft:lime_wool":21,"minecraft:jungle_sapling":65,"minecraft:red_sandstone":203,"minecraft:acacia_wood":408,"minecraft:white_glazed_terracotta":68,"minecraft:potatoes":1362,"minecraft:smooth_quartz_stairs":216,"minecraft:bamboo":479,"minecraft:cake":52,"minecraft:white_wool":303,"minecraft:brain_coral":424,"minecraft:smithing_table":95,"minecraft:light_gray_carpet":299,"minecraft:comparator":239,"minecraft:pink_concrete_powder":24,"minecraft:stone_brick_slab":7697,"minecraft:observer":450,"minecraft:jungle_sign":1,"minecraft:smooth_sandstone":779,"minecraft:light_gray_concrete_powder":949,"minecraft:emerald_ore":82,"minecraft:sponge":19,"minecraft:purple_bed":14,"minecraft:lime_glazed_terracotta":26,"minecraft:purple_stained_glass":51,"minecraft:white_carpet":149,"minecraft:spruce_log":29502,"minecraft:birch_leaves":801,"minecraft:jungle_fence":223,"minecraft:quartz_pillar":242,"minecraft:red_wall_banner":199,"minecraft:dark_oak_sign":1,"minecraft:infested_stone":75,"minecraft:light_gray_banner":4,"minecraft:spruce_planks":2009,"minecraft:jungle_slab":276,"minecraft:grass_block":126170,"minecraft:infested_cobblestone":1,"minecraft:sandstone_stairs":48,"minecraft:smooth_stone":1808,"minecraft:iron_ore":10517,"minecraft:black_carpet":45,"minecraft:anvil":236,"minecraft:purple_carpet":33,"minecraft:birch_wall_sign":161,"minecraft:jungle_pressure_plate":21,"minecraft:brain_coral_block":1225,"minecraft:green_bed":99,"minecraft:dead_fire_coral":61,"minecraft:blue_banner":23,"minecraft:dead_bubble_coral_block":414,"minecraft:melon_stem":69,"minecraft:clay":6121,"minecraft:dead_fire_coral_fan":306,"minecraft:chest":1249,"minecraft:mushroom_stem":1239,"minecraft:slime_block":660,"minecraft:grindstone":131,"minecraft:prismarine":6036,"minecraft:seagrass":10641,"minecraft:nether_wart_block":34,"minecraft:yellow_wool":14,"minecraft:birch_log":14058,"minecraft:activator_rail":31,"minecraft:orange_tulip":189,"minecraft:purpur_block":1682,"minecraft:green_glazed_terracotta":45,"minecraft:sand":236283,"minecraft:tripwire_hook":39,"minecraft:potted_red_tulip":1,"minecraft:oak_leaves":13658,"minecraft:horn_coral_block":1968,"minecraft:emerald_block":481,"minecraft:tube_coral":415,"minecraft:red_carpet":517,"minecraft:gray_shulker_box":1778,"minecraft:gray_stained_glass_pane":60,"minecraft:black_banner":11,"minecraft:white_stained_glass":193,"minecraft:polished_andesite_slab":463,"minecraft:oak_trapdoor":218,"minecraft:spruce_sapling":98,"minecraft:furnace":357,"minecraft:carrots":3159,"minecraft:red_concrete_powder":8,"minecraft:chiseled_sandstone":5,"minecraft:acacia_stairs":149,"minecraft:stripped_spruce_log":1001,"minecraft:lantern":291,"minecraft:stripped_acacia_log":1958,"minecraft:stripped_jungle_log":1703,"minecraft:packed_ice":25131,"minecraft:chorus_plant":908,"minecraft:stone":362164,"minecraft:white_tulip":194,"minecraft:yellow_shulker_box":1377,"minecraft:red_wool":386,"minecraft:brick_wall":327,"minecraft:red_banner":100,"minecraft:cyan_stained_glass_pane":15,"minecraft:purple_wall_banner":3,"minecraft:light_gray_wall_banner":12,"minecraft:lime_concrete_powder":3,"minecraft:andesite_slab":271,"minecraft:lectern":90,"minecraft:andesite_wall":238,"minecraft:lapis_ore":2295,"minecraft:red_nether_brick_wall":7,"minecraft:brick_slab":637,"minecraft:green_shulker_box":461,"minecraft:redstone_torch":358,"minecraft:yellow_bed":6,"minecraft:potted_azure_bluet":1,"minecraft:end_rod":1552,"minecraft:bubble_coral_wall_fan":995,"minecraft:birch_fence":243,"minecraft:red_nether_brick_slab":14,"minecraft:blue_carpet":51,"minecraft:fire_coral_wall_fan":1002,"minecraft:cyan_shulker_box":524,"minecraft:red_nether_bricks":27,"minecraft:granite":19380,"minecraft:brown_wool":172,"minecraft:blue_wool":141,"minecraft:red_stained_glass_pane":38,"minecraft:magma_block":3928,"minecraft:mossy_cobblestone_stairs":1,"minecraft:dark_oak_trapdoor":76,"minecraft:barrel":120,"minecraft:granite_slab":221,"minecraft:fletching_table":16,"minecraft:nether_brick_stairs":78,"minecraft:light_gray_concrete":3015,"minecraft:spruce_wood":40,"minecraft:player_head":759,"minecraft:tripwire":183,"minecraft:orange_bed":32,"minecraft:jungle_trapdoor":114,"minecraft:jungle_button":26,"minecraft:note_block":178,"minecraft:white_stained_glass_pane":132,"minecraft:spruce_wall_sign":38,"minecraft:smooth_quartz_slab":295,"minecraft:lime_shulker_box":1510,"minecraft:tube_coral_fan":412,"minecraft:birch_sapling":78,"minecraft:white_terracotta":40049,"minecraft:jukebox":47,"minecraft:magenta_glazed_terracotta":7,"minecraft:yellow_glazed_terracotta":150,"minecraft:dark_oak_sapling":54,"minecraft:birch_button":85,"minecraft:smooth_quartz":1087,"minecraft:sandstone_wall":84,"minecraft:purple_glazed_terracotta":56,"minecraft:dark_prismarine":556,"minecraft:light_blue_wool":92,"minecraft:nether_brick_wall":36,"minecraft:cyan_stained_glass":41,"minecraft:sea_lantern":2287,"minecraft:end_stone":11115,"minecraft:acacia_button":10,"minecraft:redstone_wire":1990,"minecraft:potted_bamboo":9,"minecraft:cartography_table":20,"minecraft:horn_coral":407,"minecraft:acacia_trapdoor":287,"minecraft:light_blue_concrete_powder":42,"minecraft:pink_concrete":250,"minecraft:andesite":22744,"minecraft:mossy_stone_brick_stairs":16,"minecraft:cobblestone_slab":451,"minecraft:rail":9889,"minecraft:brain_coral_wall_fan":954,"minecraft:bone_block":512,"minecraft:pink_glazed_terracotta":63,"minecraft:green_wool":208,"minecraft:ender_chest":4504,"minecraft:birch_stairs":2938,"minecraft:redstone_block":357,"minecraft:glass_pane":186,"minecraft:red_sandstone_slab":149,"minecraft:dandelion":254,"minecraft:fire_coral":432,"minecraft:brain_coral_fan":387,"minecraft:purpur_pillar":875,"minecraft:green_stained_glass_pane":23,"minecraft:purple_wool":45,"minecraft:red_terracotta":39362,"minecraft:coarse_dirt":3295,"minecraft:stripped_spruce_wood":289,"minecraft:dark_oak_wall_sign":26,"minecraft:dead_bubble_coral_fan":282,"minecraft:purple_concrete":225,"minecraft:dark_prismarine_slab":285,"minecraft:birch_sign":72,"minecraft:gold_ore":6933,"minecraft:iron_trapdoor":1762,"minecraft:stone_pressure_plate":340,"minecraft:prismarine_wall":4,"minecraft:farmland":360,"minecraft:mossy_stone_brick_slab":4,"minecraft:end_stone_brick_wall":48,"minecraft:orange_wool":6,"minecraft:brewing_stand":47,"minecraft:dead_horn_coral":63,"minecraft:white_concrete":5461,"minecraft:bubble_coral_fan":392,"minecraft:polished_diorite":1158,"minecraft:composter":45,"minecraft:green_wall_banner":1,"minecraft:dragon_head":7,"minecraft:brown_bed":33,"minecraft:red_tulip":215,"minecraft:iron_bars":3446,"minecraft:spruce_slab":1990,"minecraft:purpur_stairs":126,"minecraft:light_gray_terracotta":59275,"minecraft:jungle_stairs":203,"minecraft:cauldron":54,"minecraft:stone_stairs":57,"minecraft:fire_coral_fan":432,"minecraft:oak_log":19719,"minecraft:beetroots":178,"minecraft:lime_terracotta":8857,"minecraft:dirt":105030,"minecraft:prismarine_stairs":120,"minecraft:quartz_stairs":898,"minecraft:dark_oak_leaves":1611,"minecraft:red_stained_glass":74,"minecraft:gray_glazed_terracotta":14,"minecraft:stone_button":311,"minecraft:cyan_banner":10,"minecraft:brown_mushroom_block":4574,"minecraft:acacia_slab":89,"minecraft:light_blue_wall_banner":42,"minecraft:heavy_weighted_pressure_plate":80,"minecraft:light_gray_shulker_box":273,"minecraft:bookshelf":625,"minecraft:lime_wall_banner":3,"minecraft:wet_sponge":1026,"minecraft:jungle_fence_gate":11,"minecraft:orange_glazed_terracotta":47,"minecraft:scaffolding":6364,"minecraft:magenta_stained_glass":93,"minecraft:oak_fence":266,"minecraft:lime_carpet":144,"minecraft:red_glazed_terracotta":40,"minecraft:red_concrete":2125,"minecraft:ice":5481,"minecraft:black_wall_banner":10,"minecraft:white_wall_banner":36,"minecraft:flower_pot":22,"minecraft:yellow_concrete":261,"minecraft:purple_shulker_box":686,"minecraft:dead_bubble_coral_wall_fan":4,"minecraft:mossy_stone_bricks":52,"minecraft:jungle_wall_sign":11,"minecraft:dead_horn_coral_fan":272,"minecraft:light_blue_concrete":817,"minecraft:chiseled_red_sandstone":92,"minecraft:jungle_leaves":5274,"minecraft:obsidian":6584,"minecraft:horn_coral_fan":407,"minecraft:coal_block":175,"minecraft:purpur_slab":141,"minecraft:bubble_coral_block":1776,"minecraft:acacia_pressure_plate":16,"minecraft:oxeye_daisy":174,"minecraft:light_blue_stained_glass":2582,"minecraft:orange_concrete":241,"minecraft:dead_fire_coral_wall_fan":1,"minecraft:cyan_wall_banner":8,"minecraft:pumpkin":73,"minecraft:stripped_dark_oak_wood":156,"minecraft:smooth_red_sandstone":13,"minecraft:oak_stairs":164,"minecraft:piston_head":28,"minecraft:conduit":14,"minecraft:player_wall_head":544,"minecraft:polished_andesite_stairs":367,"minecraft:green_concrete_powder":965,"minecraft:glass":2914,"minecraft:smooth_sandstone_slab":1,"minecraft:polished_diorite_stairs":223,"minecraft:lilac":2,"minecraft:lime_concrete":876,"minecraft:potted_poppy":2,"minecraft:prismarine_brick_stairs":55,"minecraft:oak_fence_gate":6,"minecraft:loom":28,"minecraft:purple_concrete_powder":7,"minecraft:stripped_birch_wood":301,"minecraft:blue_shulker_box":299,"minecraft:yellow_stained_glass":4,"minecraft:piston":260,"minecraft:yellow_terracotta":18643,"minecraft:light_blue_stained_glass_pane":63,"minecraft:pink_shulker_box":354,"minecraft:stripped_birch_log":2139,"minecraft:jack_o_lantern":65,"minecraft:shulker_box":7830,"minecraft:nether_bricks":1096,"minecraft:allium":247,"minecraft:orange_shulker_box":1541,"minecraft:magenta_concrete":381,"minecraft:red_sandstone_stairs":16,"minecraft:kelp":2915,"minecraft:horn_coral_wall_fan":967,"minecraft:pink_wool":24,"minecraft:black_stained_glass_pane":327,"minecraft:snow":19496,"minecraft:diamond_block":425,"minecraft:magenta_concrete_powder":26,"minecraft:bamboo_sapling":18,"minecraft:gray_concrete":6822,"minecraft:brown_carpet":251,"minecraft:spruce_button":85,"minecraft:cyan_concrete_powder":1,"minecraft:dropper":232,"minecraft:smooth_red_sandstone_slab":181,"minecraft:dried_kelp_block":660,"minecraft:prismarine_brick_slab":228,"minecraft:mycelium":3904,"minecraft:pink_stained_glass_pane":3,"minecraft:acacia_planks":24,"minecraft:spruce_fence_gate":421,"minecraft:black_shulker_box":145,"minecraft:attached_melon_stem":9,"minecraft:cobblestone_stairs":236,"minecraft:dead_tube_coral_block":279,"minecraft:gray_banner":8,"minecraft:blue_concrete":1362,"minecraft:purple_stained_glass_pane":21,"minecraft:potted_birch_sapling":1,"minecraft:glowstone":10280,"minecraft:azure_bluet":311,"minecraft:dark_oak_stairs":458,"minecraft:brown_glazed_terracotta":52,"minecraft:end_stone_bricks":944,"minecraft:polished_granite_stairs":57,"minecraft:cyan_terracotta":4738,"minecraft:chiseled_quartz_block":27,"minecraft:poppy":359,"minecraft:cobblestone":4723,"minecraft:birch_wood":398,"minecraft:magenta_shulker_box":288,"minecraft:acacia_sapling":97,"minecraft:brown_concrete_powder":66,"minecraft:lapis_block":207,"minecraft:birch_trapdoor":145,"minecraft:brown_wall_banner":6,"minecraft:light_gray_wool":114,"minecraft:stripped_oak_wood":219,"minecraft:yellow_stained_glass_pane":15,"minecraft:diorite_wall":7,"minecraft:acacia_fence":834,"minecraft:wither_skeleton_skull":2,"minecraft:netherrack":356533,"minecraft:magenta_wool":2,"minecraft:redstone_lamp":346,"minecraft:granite_wall":46,"minecraft:diamond_ore":2413,"minecraft:dark_oak_pressure_plate":22,"minecraft:brick_stairs":406,"minecraft:light_blue_glazed_terracotta":2227,"minecraft:sandstone":31191,"minecraft:black_glazed_terracotta":12,"minecraft:dark_oak_fence_gate":35,"minecraft:black_concrete":23376,"minecraft:bell":69,"minecraft:dead_horn_coral_block":270,"minecraft:birch_pressure_plate":2,"minecraft:redstone_wall_torch":334,"minecraft:podzol":5869,"minecraft:light_blue_shulker_box":1180,"minecraft:infested_stone_bricks":1,"minecraft:crafting_table":1594,"minecraft:oak_wood":247,"minecraft:lily_pad":37,"minecraft:blue_bed":53,"minecraft:spruce_stairs":1512,"minecraft:gray_wool":32,"minecraft:lime_bed":1,"minecraft:cactus":112,"minecraft:gray_concrete_powder":534,"minecraft:acacia_fence_gate":86,"minecraft:magenta_terracotta":219,"minecraft:sweet_berry_bush":1750,"minecraft:gray_bed":29,"minecraft:dead_brain_coral_block":231,"minecraft:coal_ore":14680,"minecraft:gray_carpet":339,"minecraft:terracotta":141943,"minecraft:polished_andesite":5066}},"DataVersion":1976}