{"stats":{"minecraft:used":{"minecraft:writable_book":32,"minecraft:dispenser":11,"minecraft:poppy":16,"minecraft:black_carpet":7,"minecraft:stone":30524,"minecraft:quartz_stairs":2070,"minecraft:soul_sand":33,"minecraft:cocoa_beans":128,"minecraft:azure_bluet":3,"minecraft:snowball":18,"minecraft:spruce_boat":5,"minecraft:packed_ice":80,"minecraft:lava_bucket":3,"minecraft:quartz_pillar":496,"minecraft:red_wool":83,"minecraft:quartz_block":179,"minecraft:dark_oak_leaves":1,"minecraft:dark_oak_slab":1194,"minecraft:bow":874,"minecraft:cooked_cod":598,"minecraft:green_stained_glass_pane":3,"minecraft:damaged_anvil":2,"minecraft:prismarine":1,"minecraft:lily_pad":2,"minecraft:cactus":68,"minecraft:clay":859,"minecraft:jungle_boat":4,"minecraft:acacia_leaves":1,"minecraft:chiseled_quartz_block":24,"minecraft:gray_concrete":1258,"minecraft:purple_concrete_powder":64,"minecraft:birch_fence":14,"minecraft:gray_stained_glass_pane":3,"minecraft:birch_slab":125,"minecraft:diamond_sword":3837,"minecraft:birch_log":489,"minecraft:oak_boat":73,"minecraft:purple_wool":4,"minecraft:oak_trapdoor":90,"minecraft:enchanting_table":1,"minecraft:orange_concrete":22,"minecraft:armor_stand":154,"minecraft:light_gray_carpet":89,"minecraft:orange_stained_glass":1,"minecraft:torch":7975,"minecraft:brewing_stand":1,"minecraft:nether_quartz_ore":9,"minecraft:yellow_carpet":5,"minecraft:oak_fence_gate":10,"minecraft:sea_lantern":541,"minecraft:iron_block":1447,"minecraft:jungle_log":37,"minecraft:barrel":41,"minecraft:lime_concrete":32,"minecraft:podzol":1,"minecraft:trapped_chest":4,"minecraft:horn_coral_fan":2,"minecraft:wheat_seeds":988,"minecraft:birch_planks":968,"minecraft:blue_concrete_powder":64,"minecraft:cauldron":43,"minecraft:spruce_fence_gate":4,"minecraft:diamond_block":92,"minecraft:rail":631,"minecraft:red_bed":199,"minecraft:campfire":2,"minecraft:white_bed":192,"minecraft:spruce_log":2671,"minecraft:blue_stained_glass_pane":3,"minecraft:diamond_pickaxe":260438,"minecraft:diamond_shovel":164485,"minecraft:oak_button":4,"minecraft:spruce_pressure_plate":17,"minecraft:spruce_trapdoor":250,"minecraft:magenta_concrete_powder":64,"minecraft:spruce_sapling":384,"minecraft:blue_carpet":18,"minecraft:green_carpet":32,"minecraft:potion":4,"minecraft:cooked_porkchop":85,"minecraft:stripped_oak_log":14,"minecraft:dandelion":3,"minecraft:green_stained_glass":1,"minecraft:light_gray_stained_glass_pane":3,"minecraft:bone_block":1503,"minecraft:grass":58,"minecraft:green_terracotta":370,"minecraft:spruce_leaves":229,"minecraft:obsidian":108,"minecraft:bricks":2821,"minecraft:spruce_wood":117,"minecraft:lantern":108,"minecraft:blue_orchid":3,"minecraft:green_wool":15,"minecraft:item_frame":527,"minecraft:birch_button":1,"minecraft:written_book":38,"minecraft:blue_shulker_box":125,"minecraft:pink_concrete_powder":64,"minecraft:end_rod":94,"minecraft:dropper":4,"minecraft:wither_skeleton_skull":7,"minecraft:stone_pickaxe":5,"minecraft:gray_carpet":223,"minecraft:oak_planks":4308,"minecraft:sandstone":418,"minecraft:sugar_cane":7520,"minecraft:diamond_axe":22133,"minecraft:white_wool":66,"minecraft:light_blue_concrete":31,"minecraft:lime_stained_glass_pane":3,"minecraft:light_blue_wool":3,"minecraft:yellow_concrete":31,"minecraft:end_stone":1,"minecraft:sticky_piston":214,"minecraft:lever":92,"minecraft:dark_oak_log":456,"minecraft:bread":1,"minecraft:brown_wool":462,"minecraft:iron_door":13,"minecraft:light_blue_concrete_powder":64,"minecraft:smooth_stone_slab":4097,"minecraft:coarse_dirt":266,"minecraft:bone_meal":1329,"minecraft:orange_concrete_powder":64,"minecraft:rose_bush":5,"minecraft:flint_and_steel":12,"minecraft:redstone":492,"minecraft:ender_chest":907,"minecraft:stripped_birch_wood":1,"minecraft:stone_hoe":65,"minecraft:cooked_chicken":343,"minecraft:dirt":10729,"minecraft:prismarine_bricks":2,"minecraft:spruce_fence":573,"minecraft:light_gray_stained_glass":124,"minecraft:oak_stairs":913,"minecraft:yellow_concrete_powder":199,"minecraft:black_stained_glass":822,"minecraft:lime_stained_glass":1,"minecraft:minecart":17,"minecraft:cyan_concrete_powder":64,"minecraft:cooked_beef":916,"minecraft:orange_stained_glass_pane":3,"minecraft:pumpkin":33,"minecraft:cobblestone_stairs":291,"minecraft:snow_block":1560,"minecraft:baked_potato":1459,"minecraft:birch_boat":12,"minecraft:cut_sandstone":465,"minecraft:spruce_sign":3,"minecraft:dark_prismarine_slab":398,"minecraft:magenta_carpet":6,"minecraft:cyan_stained_glass":1,"minecraft:piston":225,"minecraft:flower_pot":36,"minecraft:black_wool":30,"minecraft:lapis_ore":5,"minecraft:detector_rail":6,"minecraft:magenta_concrete":21,"minecraft:stone_slab":8,"minecraft:yellow_wool":2,"minecraft:brown_stained_glass_pane":3,"minecraft:end_crystal":4,"minecraft:cyan_stained_glass_pane":3,"minecraft:gray_wool":18,"minecraft:peony":3,"minecraft:spruce_slab":2468,"minecraft:ladder":286,"minecraft:chest":1307,"minecraft:brown_concrete":21,"minecraft:white_shulker_box":123,"minecraft:blue_stained_glass":1,"minecraft:brick_slab":69,"minecraft:orange_wool":2,"minecraft:black_stained_glass_pane":3,"minecraft:grass_block":11124,"minecraft:birch_sapling":20,"minecraft:wet_sponge":4,"minecraft:dark_oak_button":44,"minecraft:pink_wool":3,"minecraft:stone_brick_stairs":3445,"minecraft:red_stained_glass_pane":4,"minecraft:snow":568,"minecraft:dark_oak_boat":5,"minecraft:sweet_berries":12,"minecraft:furnace":542,"minecraft:egg":26,"minecraft:potato":111,"minecraft:brown_concrete_powder":230,"minecraft:magenta_shulker_box":56,"minecraft:light_blue_carpet":6,"minecraft:emerald_ore":1,"minecraft:diorite":185,"minecraft:spruce_door":18,"minecraft:stripped_birch_log":72,"minecraft:red_stained_glass":1,"minecraft:powered_rail":1450,"minecraft:lime_concrete_powder":64,"minecraft:oak_leaves":393,"minecraft:dark_oak_trapdoor":264,"minecraft:sand":4987,"minecraft:black_concrete_powder":1089,"minecraft:chiseled_sandstone":15,"minecraft:stone_button":20,"minecraft:cyan_carpet":5,"minecraft:lectern":8,"minecraft:polished_granite":446,"minecraft:diamond_ore":11,"minecraft:lilac":3,"minecraft:magenta_stained_glass_pane":5,"minecraft:dark_oak_fence":255,"minecraft:white_stained_glass":360,"minecraft:green_concrete_powder":526,"minecraft:pink_stained_glass":1,"minecraft:ice":1,"minecraft:gray_stained_glass":3,"minecraft:iron_bars":162,"minecraft:acacia_log":32,"minecraft:red_concrete":259,"minecraft:netherrack":1167,"minecraft:anvil":22,"minecraft:stone_stairs":14,"minecraft:nether_brick_slab":1051,"minecraft:blue_concrete":48,"minecraft:nether_brick_stairs":159,"minecraft:polished_diorite":1,"minecraft:red_shulker_box":40,"minecraft:iron_axe":1930,"minecraft:spruce_button":17,"minecraft:brick_stairs":283,"minecraft:smooth_quartz":2,"minecraft:pink_stained_glass_pane":4,"minecraft:tripwire_hook":12,"minecraft:purple_concrete":22,"minecraft:glowstone":194,"minecraft:magenta_wool":3,"minecraft:iron_trapdoor":6,"minecraft:observer":11,"minecraft:water_bucket":739,"minecraft:yellow_banner":5,"minecraft:sandstone_stairs":106,"minecraft:yellow_shulker_box":500,"minecraft:lime_wool":2,"minecraft:pink_concrete":30,"minecraft:orange_carpet":5,"minecraft:lime_terracotta":320,"minecraft:comparator":46,"minecraft:oak_slab":2231,"minecraft:crafting_table":307,"minecraft:oak_log":1275,"minecraft:dark_prismarine":218,"minecraft:oxeye_daisy":2,"minecraft:sunflower":2,"minecraft:iron_pickaxe":1018,"minecraft:cyan_concrete":21,"minecraft:chiseled_stone_bricks":46,"minecraft:cobblestone":2922,"minecraft:red_concrete_powder":192,"minecraft:sandstone_slab":1829,"minecraft:glass_pane":503,"minecraft:kelp":783,"minecraft:light_blue_stained_glass_pane":5,"minecraft:iron_shovel":926,"minecraft:oak_sign":177,"minecraft:white_concrete_powder":6116,"minecraft:white_terracotta":147,"minecraft:iron_sword":233,"minecraft:purple_shulker_box":1,"minecraft:player_head":25,"minecraft:nether_bricks":15,"minecraft:carrot":72,"minecraft:cyan_wool":3,"minecraft:milk_bucket":1,"minecraft:glass":833,"minecraft:cyan_terracotta":5,"minecraft:coal_ore":305,"minecraft:quartz_slab":1899,"minecraft:gray_concrete_powder":2488,"minecraft:hopper_minecart":52,"minecraft:stone_bricks":16424,"minecraft:repeater":99,"minecraft:red_carpet":10,"minecraft:redstone_lamp":27,"minecraft:magma_block":2,"minecraft:brown_carpet":7,"minecraft:hay_block":1,"minecraft:dark_oak_stairs":2134,"minecraft:birch_leaves":59,"minecraft:dark_oak_sign":30,"minecraft:birch_wood":16,"minecraft:ender_pearl":65,"minecraft:redstone_block":472,"minecraft:loom":20,"minecraft:light_gray_terracotta":81,"minecraft:sponge":401,"minecraft:stone_brick_wall":1,"minecraft:shears":24791,"minecraft:redstone_torch":137,"minecraft:green_concrete":28,"minecraft:black_concrete":1101,"minecraft:firework_rocket":74,"minecraft:light_gray_concrete":2067,"minecraft:lime_carpet":5,"minecraft:heavy_weighted_pressure_plate":6,"minecraft:brown_stained_glass":2,"minecraft:gravel":126,"minecraft:andesite":187,"minecraft:chest_minecart":33,"minecraft:white_concrete":6542,"minecraft:experience_bottle":1,"minecraft:oak_fence":460,"minecraft:trident":14,"minecraft:jungle_leaves":13,"minecraft:redstone_ore":6,"minecraft:spruce_planks":6499,"minecraft:oak_door":2,"minecraft:white_carpet":375,"minecraft:hopper":1477,"minecraft:spruce_stairs":1486,"minecraft:cobblestone_wall":83,"minecraft:shulker_box":2019,"minecraft:oak_wood":29,"minecraft:pink_carpet":5,"minecraft:granite":63,"minecraft:light_blue_stained_glass":2,"minecraft:birch_door":1,"minecraft:purple_stained_glass_pane":3,"minecraft:stone_brick_slab":15382,"minecraft:dark_oak_planks":442,"minecraft:bookshelf":262,"minecraft:yellow_stained_glass":1,"minecraft:light_gray_wool":16,"minecraft:white_stained_glass_pane":918,"minecraft:cooked_mutton":12,"minecraft:iron_ore":1,"minecraft:glass_bottle":45,"minecraft:polished_andesite":3501,"minecraft:blue_wool":4,"minecraft:magenta_stained_glass":1,"minecraft:beacon":8,"minecraft:cobblestone_slab":139,"minecraft:terracotta":205,"minecraft:stripped_dark_oak_log":1,"minecraft:yellow_stained_glass_pane":7,"minecraft:light_gray_concrete_powder":2310,"minecraft:painting":76,"minecraft:smoker":2,"minecraft:dark_oak_door":35,"minecraft:purple_stained_glass":1,"minecraft:activator_rail":4,"minecraft:white_banner":16,"minecraft:bucket":749,"minecraft:purple_carpet":5,"minecraft:smooth_stone":166},"minecraft:crafted":{"minecraft:lime_stained_glass":2512,"minecraft:red_stained_glass_pane":16,"minecraft:oak_sign":96,"minecraft:blaze_powder":20,"minecraft:blue_stained_glass_pane":16,"minecraft:diamond_shovel":6,"minecraft:shulker_box":5,"minecraft:diamond_helmet":3,"minecraft:magenta_concrete_powder":64,"minecraft:beacon":2,"minecraft:light_blue_concrete_powder":64,"minecraft:iron_door":9,"minecraft:gray_stained_glass_pane":16,"minecraft:gray_stained_glass":2928,"minecraft:white_shulker_box":1,"minecraft:lime_concrete_powder":64,"minecraft:pink_stained_glass":1808,"minecraft:blue_stained_glass":1872,"minecraft:redstone_lamp":32,"minecraft:chest_minecart":33,"minecraft:sticky_piston":161,"minecraft:green_stained_glass":1808,"minecraft:painting":31,"minecraft:stone_brick_stairs":4184,"minecraft:lectern":1,"minecraft:stone_slab":18,"minecraft:iron_pickaxe":5,"minecraft:dark_prismarine":648,"minecraft:iron_nugget":801,"minecraft:brick_stairs":256,"minecraft:lime_stained_glass_pane":16,"minecraft:spruce_fence":750,"minecraft:stone_stairs":24,"minecraft:lantern":98,"minecraft:spruce_stairs":1736,"minecraft:polished_diorite":4,"minecraft:black_concrete_powder":1216,"minecraft:red_shulker_box":1,"minecraft:stone_pickaxe":1,"minecraft:quartz_slab":1686,"minecraft:purple_carpet":6,"minecraft:brick_slab":66,"minecraft:lead":6,"minecraft:light_gray_terracotta":128,"minecraft:enchanting_table":1,"minecraft:yellow_stained_glass_pane":32,"minecraft:dark_oak_button":44,"minecraft:acacia_stairs":8,"minecraft:red_carpet":9,"minecraft:enchanted_book":26,"minecraft:orange_dye":266,"minecraft:light_blue_carpet":6,"minecraft:oak_fence_gate":8,"minecraft:red_stained_glass":3344,"minecraft:black_stained_glass_pane":32,"minecraft:writable_book":5,"minecraft:iron_shovel":6,"minecraft:armor_stand":149,"minecraft:cobblestone_slab":258,"minecraft:barrel":31,"minecraft:birch_wood":15,"minecraft:cooked_chicken":4,"minecraft:stone":256,"minecraft:pink_carpet":6,"minecraft:heavy_weighted_pressure_plate":9,"minecraft:quartz_pillar":448,"minecraft:brown_carpet":6,"minecraft:stone_brick_slab":14220,"minecraft:brown_stained_glass":1808,"minecraft:bow":24,"minecraft:orange_stained_glass_pane":16,"minecraft:comparator":53,"minecraft:chest":2451,"minecraft:oak_button":11,"minecraft:jungle_stairs":8,"minecraft:rail":272,"minecraft:blue_concrete_powder":64,"minecraft:bricks":3385,"minecraft:ender_eye":17,"minecraft:stone_bricks":25720,"minecraft:oak_fence":513,"minecraft:white_banner":6,"minecraft:dropper":17,"minecraft:cauldron":34,"minecraft:lime_terracotta":320,"minecraft:iron_helmet":20,"minecraft:red_wool":3,"minecraft:white_stained_glass_pane":912,"minecraft:yellow_stained_glass":2640,"minecraft:dispenser":10,"minecraft:spruce_trapdoor":250,"minecraft:yellow_dye":608,"minecraft:purple_dye":388,"minecraft:stick":9072,"minecraft:iron_ingot":12124,"minecraft:light_blue_stained_glass":3616,"minecraft:lime_carpet":6,"minecraft:cyan_carpet":6,"minecraft:oak_door":6,"minecraft:nether_brick_slab":1152,"minecraft:stone_brick_wall":6,"minecraft:tripwire_hook":14,"minecraft:leather_boots":4,"minecraft:spruce_button":5,"minecraft:furnace":427,"minecraft:piston":186,"minecraft:magenta_stained_glass_pane":16,"minecraft:oak_trapdoor":60,"minecraft:flint_and_steel":1,"minecraft:white_concrete_powder":6208,"minecraft:cobblestone_wall":144,"minecraft:light_blue_stained_glass_pane":48,"minecraft:purple_stained_glass":2832,"minecraft:iron_trapdoor":3,"minecraft:iron_sword":73,"minecraft:jungle_planks":12,"minecraft:white_dye":40,"minecraft:brown_concrete_powder":576,"minecraft:black_carpet":9,"minecraft:anvil":7,"minecraft:andesite":1664,"minecraft:torch":5376,"minecraft:magenta_carpet":6,"minecraft:diamond_chestplate":1,"minecraft:ender_chest":13,"minecraft:light_gray_concrete_powder":2360,"minecraft:smooth_stone":108,"minecraft:cut_sandstone":444,"minecraft:orange_carpet":6,"minecraft:orange_stained_glass":2000,"minecraft:birch_slab":96,"minecraft:loom":3,"minecraft:lever":82,"minecraft:bookshelf":338,"minecraft:cooked_mutton":12,"minecraft:iron_bars":176,"minecraft:red_concrete_powder":192,"minecraft:quartz_block":2845,"minecraft:glass":657,"minecraft:repeater":86,"minecraft:diamond_leggings":1,"minecraft:cyan_stained_glass_pane":48,"minecraft:birch_door":3,"minecraft:chiseled_quartz_block":24,"minecraft:magenta_dye":284,"minecraft:flower_pot":28,"minecraft:glass_bottle":45,"minecraft:wooden_shovel":9,"minecraft:emerald":306,"minecraft:smooth_quartz":2,"minecraft:cooked_porkchop":92,"minecraft:diamond_axe":6,"minecraft:spruce_door":15,"minecraft:hay_block":2,"minecraft:oak_wood":30,"minecraft:campfire":2,"minecraft:green_terracotta":384,"minecraft:compass":106,"minecraft:iron_block":416,"minecraft:white_terracotta":128,"minecraft:gold_ingot":2505,"minecraft:light_gray_dye":1026,"minecraft:spruce_fence_gate":2,"minecraft:birch_stairs":8,"minecraft:yellow_concrete_powder":192,"minecraft:stone_shovel":3,"minecraft:smooth_stone_slab":4362,"minecraft:player_head":6,"minecraft:bone_meal":7773,"minecraft:cyan_stained_glass":2208,"minecraft:pink_dye":266,"minecraft:white_carpet":318,"minecraft:diamond":729,"minecraft:dark_oak_fence":195,"minecraft:ladder":234,"minecraft:spruce_slab":2394,"minecraft:diamond_boots":2,"minecraft:redstone_block":678,"minecraft:dark_oak_planks":3740,"minecraft:golden_helmet":2,"minecraft:coal_block":956,"minecraft:firework_star":384,"minecraft:purple_stained_glass_pane":16,"minecraft:magenta_stained_glass":2192,"minecraft:red_bed":2,"minecraft:sandstone_slab":1704,"minecraft:gray_concrete_powder":2496,"minecraft:polished_granite":524,"minecraft:glowstone":20,"minecraft:white_stained_glass":5200,"minecraft:green_stained_glass_pane":16,"minecraft:golden_apple":67,"minecraft:oak_stairs":1248,"minecraft:iron_leggings":18,"minecraft:white_bed":3,"minecraft:nether_brick_stairs":160,"minecraft:blue_carpet":12,"minecraft:brick":2304,"minecraft:oak_planks":14784,"minecraft:cobblestone_stairs":360,"minecraft:spruce_pressure_plate":11,"minecraft:green_dye":192,"minecraft:hopper":1446,"minecraft:dark_oak_door":30,"minecraft:iron_boots":23,"minecraft:chiseled_stone_bricks":75,"minecraft:stone_hoe":1,"minecraft:smoker":2,"minecraft:quartz_stairs":1672,"minecraft:item_frame":508,"minecraft:oak_slab":2400,"minecraft:map":106,"minecraft:crafting_table":34,"minecraft:spruce_planks":25240,"minecraft:brown_stained_glass_pane":16,"minecraft:baked_potato":99,"minecraft:gold_block":89,"minecraft:hopper_minecart":52,"minecraft:birch_planks":3064,"minecraft:brewing_stand":1,"minecraft:diamond_pickaxe":10,"minecraft:dark_oak_slab":1092,"minecraft:iron_chestplate":22,"minecraft:book":25,"minecraft:paper":5712,"minecraft:charcoal":21,"minecraft:birch_fence":21,"minecraft:light_blue_dye":520,"minecraft:snow_block":1771,"minecraft:gray_carpet":174,"minecraft:redstone_torch":409,"minecraft:light_gray_carpet":99,"minecraft:sponge":399,"minecraft:green_carpet":30,"minecraft:shears":167,"minecraft:light_gray_stained_glass_pane":16,"minecraft:sandstone_stairs":168,"minecraft:polished_andesite":3176,"minecraft:coarse_dirt":384,"minecraft:wooden_sword":1,"minecraft:redstone":1278,"minecraft:coal":8748,"minecraft:light_gray_stained_glass":4056,"minecraft:stone_button":16,"minecraft:dark_oak_trapdoor":202,"minecraft:gray_dye":1202,"minecraft:dark_oak_sign":9,"minecraft:diamond_block":121,"minecraft:glass_pane":640,"minecraft:yellow_shulker_box":1,"minecraft:green_concrete_powder":576,"minecraft:iron_axe":10,"minecraft:spruce_wood":102,"minecraft:orange_concrete_powder":64,"minecraft:lime_dye":364,"minecraft:filled_map":205,"minecraft:chiseled_sandstone":12,"minecraft:minecart":37,"minecraft:observer":9,"minecraft:cooked_beef":92,"minecraft:red_dye":797,"minecraft:cyan_concrete_powder":64,"minecraft:diamond_sword":2,"minecraft:cyan_dye":326,"minecraft:spruce_sign":3,"minecraft:dark_oak_stairs":1664,"minecraft:pink_concrete_powder":64,"minecraft:powered_rail":1296,"minecraft:yellow_carpet":6,"minecraft:nether_bricks":1728,"minecraft:bucket":5,"minecraft:air":0,"minecraft:black_stained_glass":5224,"minecraft:oak_boat":5,"minecraft:pink_stained_glass_pane":16,"minecraft:dark_prismarine_slab":342,"minecraft:acacia_planks":8,"minecraft:end_crystal":4,"minecraft:purple_concrete_powder":64,"minecraft:lapis_lazuli":612,"minecraft:clay":825,"minecraft:lapis_block":160,"minecraft:trapped_chest":4,"minecraft:firework_rocket":1998},"minecraft:killed_by":{"minecraft:ender_dragon":5,"minecraft:creeper":2,"minecraft:player":2,"minecraft:enderman":2},"minecraft:picked_up":{"minecraft:lead":85,"minecraft:stone_slab":13,"minecraft:enchanted_book":8,"minecraft:purple_shulker_box":1,"minecraft:blue_concrete":6,"minecraft:music_disc_cat":2,"minecraft:string":224,"minecraft:pufferfish":22,"minecraft:diamond_leggings":7,"minecraft:diamond_ore":11,"minecraft:spruce_pressure_plate":6,"minecraft:acacia_log":453,"minecraft:cyan_stained_glass":1,"minecraft:cyan_stained_glass_pane":13,"minecraft:golden_chestplate":4,"minecraft:green_terracotta":371,"minecraft:cauldron":9,"minecraft:brown_carpet":2,"minecraft:yellow_banner":5,"minecraft:stone_sword":10,"minecraft:horn_coral_fan":2,"minecraft:red_tulip":6,"minecraft:glowstone":406,"minecraft:bookshelf":64,"minecraft:end_rod":119,"minecraft:white_terracotta":96,"minecraft:blaze_rod":136,"minecraft:iron_bars":127,"minecraft:snowball":6079,"minecraft:sponge":35,"minecraft:cooked_beef":388,"minecraft:feather":21,"minecraft:water_bucket":7,"minecraft:brown_wool":274,"minecraft:dark_oak_boat":7,"minecraft:flint":145,"minecraft:lantern":27,"minecraft:gray_concrete_powder":988,"minecraft:dark_oak_sign":23,"minecraft:diamond_helmet":8,"minecraft:rabbit":2,"minecraft:lime_terracotta":328,"minecraft:polished_andesite":742,"minecraft:blue_terracotta":2,"minecraft:lever":26,"minecraft:granite":8084,"minecraft:spruce_button":14,"minecraft:golden_horse_armor":2,"minecraft:light_gray_carpet":16,"minecraft:diamond_pickaxe":16,"minecraft:clay_ball":18363,"minecraft:redstone_lamp":3,"minecraft:leather_leggings":14,"minecraft:dragon_head":1,"minecraft:elytra":1,"minecraft:white_stained_glass":195,"minecraft:white_carpet":96,"minecraft:iron_shovel":1,"minecraft:glass_pane":24,"minecraft:brown_stained_glass_pane":13,"minecraft:jungle_sapling":15,"minecraft:poppy":243,"minecraft:spruce_slab":447,"minecraft:minecart":52,"minecraft:birch_sapling":161,"minecraft:piston":220,"minecraft:black_stained_glass":14,"minecraft:stone":91438,"minecraft:diamond_chestplate":9,"minecraft:yellow_terracotta":81,"minecraft:mutton":733,"minecraft:bone_block":368,"minecraft:rail":363,"minecraft:emerald_ore":1,"minecraft:oxeye_daisy":57,"minecraft:birch_leaves":2903,"minecraft:yellow_shulker_box":502,"minecraft:tripwire_hook":3,"minecraft:fern":40,"minecraft:purpur_stairs":1,"minecraft:lily_pad":91,"minecraft:paper":16,"minecraft:apple":103,"minecraft:yellow_stained_glass":15,"minecraft:oak_fence_gate":2,"minecraft:stone_pickaxe":1,"minecraft:iron_ore":4464,"minecraft:dark_oak_stairs":584,"minecraft:light_gray_stained_glass":16,"minecraft:sweet_berries":8,"minecraft:red_wool":85,"minecraft:lime_concrete":1,"minecraft:light_blue_stained_glass":1,"minecraft:dragon_egg":1,"minecraft:leather_helmet":12,"minecraft:oak_wood":2,"minecraft:diamond_shovel":8,"minecraft:coal_ore":644,"minecraft:slime_ball":284,"minecraft:painting":51,"minecraft:baked_potato":105,"minecraft:hopper":137,"minecraft:nether_brick_fence":3,"minecraft:ender_chest":904,"minecraft:yellow_wool":26,"minecraft:stone_brick_stairs":695,"minecraft:purple_banner":1,"minecraft:red_sand":2,"minecraft:smooth_stone":58,"minecraft:comparator":5,"minecraft:bucket":4,"minecraft:white_tulip":7,"minecraft:rose_bush":24,"minecraft:cobblestone_slab":103,"minecraft:ender_eye":1,"minecraft:iron_pickaxe":2,"minecraft:smooth_quartz":2,"minecraft:blue_wool":22,"minecraft:tipped_arrow":112,"minecraft:spruce_stairs":324,"minecraft:diorite":9266,"minecraft:vine":29,"minecraft:rotten_flesh":865,"minecraft:brown_shulker_box":2,"minecraft:chorus_flower":8,"minecraft:obsidian":258,"minecraft:cobblestone":78956,"minecraft:leather_chestplate":4,"minecraft:lilac":17,"minecraft:repeater":22,"minecraft:andesite":8945,"minecraft:golden_leggings":4,"minecraft:beacon":6,"minecraft:potato":377,"minecraft:prismarine_bricks":2,"minecraft:dirt":30998,"minecraft:stripped_birch_log":148,"minecraft:name_tag":2,"minecraft:glass":46405,"minecraft:bone":1748,"minecraft:orange_tulip":4,"minecraft:bow":90,"minecraft:wheat_seeds":2285,"minecraft:birch_wood":1,"minecraft:purple_stained_glass_pane":13,"minecraft:mossy_stone_bricks":1,"minecraft:prismarine":1,"minecraft:brown_stained_glass":1,"minecraft:gray_stained_glass":2,"minecraft:black_stained_glass_pane":25,"minecraft:nether_brick_stairs":39,"minecraft:grass_block":16298,"minecraft:diamond_block":100,"minecraft:jungle_slab":2,"minecraft:mossy_cobblestone":140,"minecraft:jungle_leaves":3661,"minecraft:light_gray_terracotta":95,"minecraft:yellow_stained_glass_pane":14,"minecraft:crossbow":2,"minecraft:grass":136,"minecraft:bone_meal":84,"minecraft:golden_apple":1,"minecraft:spruce_sign":45,"minecraft:emerald":22,"minecraft:netherrack":11004,"minecraft:chorus_fruit":43,"minecraft:oak_leaves":5612,"minecraft:azure_bluet":43,"minecraft:ladder":234,"minecraft:brown_mushroom":30,"minecraft:packed_ice":258,"minecraft:pink_wool":26,"minecraft:stone_brick_wall":1,"minecraft:brick":2,"minecraft:oak_trapdoor":59,"minecraft:magenta_wool":20,"minecraft:blue_orchid":11,"minecraft:lime_wool":26,"minecraft:end_stone":1,"minecraft:cookie":2,"minecraft:brown_concrete_powder":14,"minecraft:trident":2,"minecraft:light_gray_stained_glass_pane":13,"minecraft:stone_pressure_plate":1,"minecraft:red_shulker_box":43,"minecraft:nether_bricks":15,"minecraft:pink_tulip":5,"minecraft:brick_stairs":66,"minecraft:jungle_boat":4,"minecraft:leather":519,"minecraft:ice":64,"minecraft:chainmail_chestplate":2,"minecraft:gunpowder":493,"minecraft:cobblestone_wall":19,"minecraft:orange_terracotta":88,"minecraft:cooked_mutton":12,"minecraft:red_carpet":6,"minecraft:gray_carpet":70,"minecraft:rabbit_hide":2,"minecraft:spruce_wood":30,"minecraft:iron_ingot":477,"minecraft:cooked_chicken":334,"minecraft:nether_quartz_ore":19,"minecraft:stone_brick_slab":4582,"minecraft:quartz":13004,"minecraft:dandelion":120,"minecraft:nether_brick_slab":101,"minecraft:spruce_door":8,"minecraft:brick_slab":31,"minecraft:pumpkin_seeds":14,"minecraft:white_concrete_powder":5314,"minecraft:chainmail_leggings":1,"minecraft:terracotta":1827,"minecraft:damaged_anvil":2,"minecraft:sunflower":5,"minecraft:chainmail_boots":2,"minecraft:prismarine_shard":7606,"minecraft:flower_pot":9,"minecraft:anvil":15,"minecraft:magenta_carpet":1,"minecraft:diamond_sword":10,"minecraft:oak_stairs":84,"minecraft:birch_button":1,"minecraft:golden_sword":1,"minecraft:dark_oak_trapdoor":74,"minecraft:blue_stained_glass_pane":13,"minecraft:gold_nugget":17,"minecraft:spruce_planks":1737,"minecraft:written_book":63,"minecraft:coal_block":128,"minecraft:melon_slice":67,"minecraft:dark_oak_door":11,"minecraft:golden_helmet":7,"minecraft:gray_stained_glass_pane":13,"minecraft:light_blue_wool":27,"minecraft:tropical_fish":7,"minecraft:iron_block":1153,"minecraft:cyan_terracotta":515,"minecraft:birch_log":1621,"minecraft:magma_block":110,"minecraft:iron_door":11,"minecraft:birch_slab":33,"minecraft:jungle_log":946,"minecraft:acacia_leaves":3108,"minecraft:green_concrete_powder":18,"minecraft:map":104,"minecraft:gray_concrete":322,"minecraft:light_gray_concrete_powder":1317,"minecraft:glowstone_dust":82,"minecraft:dropper":3,"minecraft:ink_sac":911,"minecraft:loom":17,"minecraft:barrel":17,"minecraft:dark_oak_log":1623,"minecraft:trapped_chest":3,"minecraft:red_terracotta":77,"minecraft:dispenser":1,"minecraft:black_concrete_powder":992,"minecraft:green_concrete":136,"minecraft:writable_book":3,"minecraft:bread":10,"minecraft:dark_oak_fence":88,"minecraft:bricks":850,"minecraft:lime_stained_glass_pane":13,"minecraft:spruce_leaves":5161,"minecraft:coarse_dirt":26,"minecraft:crafting_table":320,"minecraft:sandstone_slab":236,"minecraft:purple_wool":27,"minecraft:orange_stained_glass_pane":13,"minecraft:red_bed":198,"minecraft:snow":520,"minecraft:beef":713,"minecraft:cyan_wool":33,"minecraft:iron_nugget":25,"minecraft:chest":376,"minecraft:quartz_stairs":582,"minecraft:egg":82,"minecraft:sandstone":2719,"minecraft:spruce_fence":72,"minecraft:carrot":218,"minecraft:redstone":6819,"minecraft:prismarine_crystals":3173,"minecraft:blue_carpet":7,"minecraft:tnt":9,"minecraft:cooked_cod":96,"minecraft:beetroot_seeds":5,"minecraft:peony":21,"minecraft:shears":1,"minecraft:diamond_boots":10,"minecraft:sandstone_stairs":8,"minecraft:gold_ingot":35,"minecraft:white_shulker_box":124,"minecraft:white_wool":688,"minecraft:lapis_ore":9,"minecraft:stripped_oak_log":38,"minecraft:red_mushroom":29,"minecraft:filled_map":149,"minecraft:oak_log":4588,"minecraft:golden_boots":6,"minecraft:white_banner":19,"minecraft:stone_bricks":2262,"minecraft:kelp":3680,"minecraft:cobweb":75,"minecraft:glass_bottle":168,"minecraft:dark_oak_slab":449,"minecraft:white_stained_glass_pane":182,"minecraft:yellow_concrete":1,"minecraft:light_blue_glazed_terracotta":1,"minecraft:gravel":6400,"minecraft:spruce_sapling":643,"minecraft:spruce_log":8688,"minecraft:sea_lantern":204,"minecraft:firework_rocket":98,"minecraft:red_stained_glass":5,"minecraft:polished_diorite":1,"minecraft:light_blue_carpet":1,"minecraft:diamond_axe":8,"minecraft:redstone_ore":6,"minecraft:gray_wool":68,"minecraft:oak_button":11,"minecraft:stripped_dark_oak_log":13,"minecraft:ender_pearl":222,"minecraft:shulker_shell":8,"minecraft:wheat":929,"minecraft:redstone_block":427,"minecraft:iron_trapdoor":3,"minecraft:green_stained_glass_pane":13,"minecraft:smooth_stone_slab":1123,"minecraft:armor_stand":9,"minecraft:sticky_piston":70,"minecraft:oak_sign":148,"minecraft:activator_rail":5,"minecraft:dark_oak_leaves":3439,"minecraft:redstone_torch":104,"minecraft:iron_boots":1,"minecraft:furnace":133,"minecraft:stick":248,"minecraft:brown_terracotta":66,"minecraft:oak_fence":97,"minecraft:torch":3441,"minecraft:snow_block":185,"minecraft:porkchop":105,"minecraft:yellow_concrete_powder":33,"minecraft:quartz_block":91,"minecraft:cactus":513,"minecraft:green_wool":44,"minecraft:stripped_birch_wood":13,"minecraft:cod":3240,"minecraft:nautilus_shell":2,"minecraft:magma_cream":78,"minecraft:wither_skeleton_skull":4,"minecraft:lapis_lazuli":2747,"minecraft:polished_granite":320,"minecraft:leather_boots":6,"minecraft:powered_rail":215,"minecraft:oak_planks":525,"minecraft:ghast_tear":38,"minecraft:pink_concrete":4,"minecraft:cooked_porkchop":1,"minecraft:music_disc_13":1,"minecraft:pink_stained_glass_pane":14,"minecraft:poisonous_potato":3,"minecraft:sand":104001,"minecraft:chiseled_sandstone":10,"minecraft:shulker_box":2037,"minecraft:orange_wool":66,"minecraft:dark_prismarine":54,"minecraft:light_gray_concrete":879,"minecraft:dark_prismarine_slab":86,"minecraft:spruce_fence_gate":7,"minecraft:clay":167,"minecraft:black_concrete":69,"minecraft:spruce_boat":7,"minecraft:diamond":296,"minecraft:white_concrete":1603,"minecraft:oak_sapling":864,"minecraft:nether_star":2,"minecraft:end_stone_bricks":6,"minecraft:fishing_rod":1,"minecraft:cocoa_beans":508,"minecraft:charcoal":6,"minecraft:allium":4,"minecraft:chicken":14,"minecraft:dragon_breath":48,"minecraft:stone_stairs":21,"minecraft:orange_concrete":1,"minecraft:quartz_slab":477,"minecraft:item_frame":10,"minecraft:detector_rail":5,"minecraft:oak_boat":80,"minecraft:player_head":96,"minecraft:observer":6,"minecraft:blue_shulker_box":130,"minecraft:light_gray_wool":68,"minecraft:lectern":7,"minecraft:sugar_cane":435,"minecraft:phantom_membrane":2,"minecraft:spruce_trapdoor":77,"minecraft:dark_oak_sapling":38,"minecraft:red_stained_glass_pane":13,"minecraft:quartz_pillar":149,"minecraft:stone_button":4,"minecraft:magenta_shulker_box":60,"minecraft:iron_horse_armor":1,"minecraft:dark_oak_planks":128,"minecraft:arrow":1812,"minecraft:light_blue_stained_glass_pane":14,"minecraft:saddle":3,"minecraft:wet_sponge":403,"minecraft:salmon":73,"minecraft:cut_sandstone":35,"minecraft:birch_planks":171,"minecraft:cobblestone_stairs":95,"minecraft:podzol":74,"minecraft:acacia_sapling":14,"minecraft:soul_sand":548,"minecraft:purple_concrete":1,"minecraft:book":158,"minecraft:oak_slab":311,"minecraft:birch_boat":16,"minecraft:red_concrete_powder":96,"minecraft:pumpkin":40,"minecraft:chiseled_stone_bricks":34,"minecraft:magenta_stained_glass_pane":14,"minecraft:white_bed":195,"minecraft:gold_ore":601,"minecraft:green_carpet":3,"minecraft:spider_eye":138,"minecraft:cyan_banner":1,"minecraft:dried_kelp_block":64,"minecraft:iron_helmet":1,"minecraft:magenta_concrete":2,"minecraft:black_wool":84,"minecraft:red_concrete":48,"minecraft:coal":15632},"minecraft:mined":{"minecraft:blue_carpet":6,"minecraft:red_shulker_box":41,"minecraft:white_bed":56,"minecraft:light_blue_carpet":1,"minecraft:granite":7740,"minecraft:acacia_log":453,"minecraft:brown_wool":252,"minecraft:blue_wool":3,"minecraft:green_concrete":199,"minecraft:oak_wall_sign":56,"minecraft:chorus_flower":8,"minecraft:magma_block":110,"minecraft:dark_oak_trapdoor":72,"minecraft:barrel":17,"minecraft:nether_brick_stairs":39,"minecraft:spruce_pressure_plate":6,"minecraft:light_gray_concrete":2156,"minecraft:green_carpet":3,"minecraft:pink_tulip":4,"minecraft:white_shulker_box":120,"minecraft:spruce_wood":30,"minecraft:white_banner":7,"minecraft:player_head":4,"minecraft:sandstone_slab":223,"minecraft:cut_sandstone":35,"minecraft:magenta_carpet":1,"minecraft:kelp_plant":219,"minecraft:torch":607,"minecraft:melon":13,"minecraft:white_stained_glass_pane":136,"minecraft:dead_bush":7,"minecraft:nether_brick_slab":85,"minecraft:spruce_wall_sign":4,"minecraft:sugar_cane":107,"minecraft:bricks":846,"minecraft:birch_sapling":3,"minecraft:white_terracotta":29,"minecraft:repeater":14,"minecraft:grass":2618,"minecraft:smooth_quartz":2,"minecraft:dark_prismarine":19,"minecraft:brown_concrete":64,"minecraft:light_blue_wool":2,"minecraft:mossy_cobblestone":102,"minecraft:dark_oak_log":1182,"minecraft:sea_lantern":204,"minecraft:end_stone":1,"minecraft:dark_oak_fence":87,"minecraft:spruce_fence":72,"minecraft:redstone_wire":125,"minecraft:red_mushroom":1,"minecraft:white_concrete_powder":36,"minecraft:magenta_stained_glass_pane":1,"minecraft:redstone_ore":1109,"minecraft:pink_concrete":64,"minecraft:green_terracotta":370,"minecraft:andesite":8474,"minecraft:cyan_concrete":64,"minecraft:cobblestone_slab":42,"minecraft:vine":60,"minecraft:rail":194,"minecraft:potted_spruce_sapling":1,"minecraft:bone_block":355,"minecraft:green_wool":14,"minecraft:ender_chest":903,"minecraft:oak_slab":282,"minecraft:redstone_block":363,"minecraft:glass_pane":22,"minecraft:soul_sand":594,"minecraft:dandelion":110,"minecraft:potted_oxeye_daisy":2,"minecraft:tall_grass":1,"minecraft:diorite":8983,"minecraft:purple_wool":3,"minecraft:black_stained_glass":12,"minecraft:red_terracotta":12,"minecraft:coarse_dirt":26,"minecraft:trapped_chest":3,"minecraft:cobblestone_wall":19,"minecraft:dark_oak_wall_sign":7,"minecraft:purple_concrete":65,"minecraft:dark_prismarine_slab":80,"minecraft:gravel":6232,"minecraft:cobweb":102,"minecraft:oak_button":2,"minecraft:stone_bricks":2175,"minecraft:gold_ore":587,"minecraft:iron_trapdoor":3,"minecraft:fern":72,"minecraft:stone_pressure_plate":1,"minecraft:orange_wool":1,"minecraft:spruce_trapdoor":77,"minecraft:white_concrete":7228,"minecraft:polished_diorite":1,"minecraft:frosted_ice":6,"minecraft:red_tulip":6,"minecraft:iron_bars":83,"minecraft:spruce_slab":417,"minecraft:quartz_block":40,"minecraft:orange_terracotta":22,"minecraft:yellow_banner":5,"minecraft:purpur_stairs":1,"minecraft:light_gray_terracotta":28,"minecraft:beacon":6,"minecraft:nether_quartz_ore":5957,"minecraft:wither_skeleton_wall_skull":1,"minecraft:oak_planks":528,"minecraft:wall_torch":268,"minecraft:cauldron":9,"minecraft:stone_stairs":12,"minecraft:blue_terracotta":1,"minecraft:powered_rail":191,"minecraft:dark_oak_slab":388,"minecraft:tnt":9,"minecraft:smooth_stone_slab":968,"minecraft:oak_log":4279,"minecraft:lime_terracotta":320,"minecraft:dirt":23320,"minecraft:dispenser":1,"minecraft:quartz_stairs":429,"minecraft:dark_oak_leaves":3543,"minecraft:red_stained_glass":5,"minecraft:ladder":138,"minecraft:lever":21,"minecraft:stone_button":2,"minecraft:cyan_banner":1,"minecraft:birch_slab":31,"minecraft:spruce_leaves":6198,"minecraft:detector_rail":2,"minecraft:peony":1,"minecraft:nether_brick_fence":3,"minecraft:bookshelf":110,"minecraft:stripped_oak_log":38,"minecraft:wet_sponge":403,"minecraft:acacia_leaves":3156,"minecraft:snow_block":189,"minecraft:stripped_dark_oak_log":13,"minecraft:polished_granite":188,"minecraft:oak_fence":96,"minecraft:gray_stained_glass":2,"minecraft:stone_slab":7,"minecraft:red_concrete":235,"minecraft:prismarine_bricks":2,"minecraft:birch_planks":175,"minecraft:ice":8,"minecraft:white_wall_banner":5,"minecraft:grass_path":169,"minecraft:black_wool":16,"minecraft:cocoa":157,"minecraft:flower_pot":3,"minecraft:yellow_concrete":65,"minecraft:mossy_stone_bricks":1,"minecraft:dark_oak_planks":129,"minecraft:light_blue_concrete":64,"minecraft:jungle_leaves":3893,"minecraft:obsidian":177,"minecraft:red_sand":1,"minecraft:stone_brick_wall":1,"minecraft:jungle_log":951,"minecraft:horn_coral_fan":2,"minecraft:hopper":118,"minecraft:oxeye_daisy":38,"minecraft:chiseled_stone_bricks":34,"minecraft:light_blue_stained_glass":1,"minecraft:orange_concrete":65,"minecraft:brown_stained_glass":1,"minecraft:sticky_piston":70,"minecraft:pumpkin":41,"minecraft:oak_sign":4,"minecraft:oak_stairs":84,"minecraft:quartz_slab":314,"minecraft:iron_block":1092,"minecraft:blue_orchid":10,"minecraft:piston_head":1,"minecraft:brown_mushroom":8,"minecraft:red_bed":198,"minecraft:player_wall_head":2,"minecraft:green_concrete_powder":18,"minecraft:glass":222,"minecraft:damaged_anvil":2,"minecraft:cyan_wool":2,"minecraft:light_gray_stained_glass":16,"minecraft:wheat":865,"minecraft:lime_concrete":65,"minecraft:stone_brick_stairs":667,"minecraft:oak_fence_gate":2,"minecraft:loom":17,"minecraft:stripped_birch_wood":13,"minecraft:blue_shulker_box":130,"minecraft:red_mushroom_block":1,"minecraft:yellow_stained_glass":14,"minecraft:piston":219,"minecraft:yellow_terracotta":15,"minecraft:light_blue_stained_glass_pane":1,"minecraft:stripped_birch_log":150,"minecraft:shulker_box":2018,"minecraft:nether_bricks":15,"minecraft:allium":4,"minecraft:magenta_concrete":64,"minecraft:yellow_concrete_powder":33,"minecraft:lime_wool":1,"minecraft:kelp":710,"minecraft:pink_wool":2,"minecraft:snow":7583,"minecraft:diamond_block":90,"minecraft:potatoes":165,"minecraft:white_wool":30,"minecraft:light_gray_carpet":16,"minecraft:gray_concrete":1289,"minecraft:comparator":3,"minecraft:brown_carpet":1,"minecraft:stone_brick_slab":4604,"minecraft:observer":6,"minecraft:light_gray_concrete_powder":69,"minecraft:spruce_button":14,"minecraft:emerald_ore":7,"minecraft:sponge":35,"minecraft:dropper":3,"minecraft:white_carpet":65,"minecraft:spruce_log":7716,"minecraft:birch_leaves":3087,"minecraft:quartz_pillar":150,"minecraft:dark_oak_sign":10,"minecraft:pink_stained_glass_pane":1,"minecraft:spruce_fence_gate":7,"minecraft:infested_stone":30,"minecraft:spruce_planks":1441,"minecraft:jungle_slab":2,"minecraft:cobblestone_stairs":98,"minecraft:potted_blue_orchid":1,"minecraft:grass_block":20064,"minecraft:blue_concrete":70,"minecraft:sandstone_stairs":8,"minecraft:smooth_stone":58,"minecraft:potted_birch_sapling":2,"minecraft:glowstone":430,"minecraft:iron_ore":4376,"minecraft:anvil":15,"minecraft:azure_bluet":26,"minecraft:dark_oak_stairs":590,"minecraft:end_stone_bricks":4,"minecraft:cyan_terracotta":515,"minecraft:clay":4719,"minecraft:poppy":188,"minecraft:chest":341,"minecraft:cobblestone":2240,"minecraft:birch_wood":1,"minecraft:prismarine":1,"minecraft:magenta_shulker_box":58,"minecraft:seagrass":125,"minecraft:brown_concrete_powder":14,"minecraft:yellow_wool":1,"minecraft:birch_log":1558,"minecraft:activator_rail":5,"minecraft:light_gray_wool":3,"minecraft:orange_tulip":4,"minecraft:yellow_stained_glass_pane":1,"minecraft:sand":100454,"minecraft:tripwire_hook":3,"minecraft:netherrack":13211,"minecraft:magenta_wool":2,"minecraft:oak_leaves":6825,"minecraft:redstone_lamp":3,"minecraft:diamond_ore":164,"minecraft:red_carpet":4,"minecraft:brick_stairs":66,"minecraft:light_blue_glazed_terracotta":1,"minecraft:white_stained_glass":124,"minecraft:sandstone":2724,"minecraft:oak_trapdoor":47,"minecraft:spruce_sapling":18,"minecraft:furnace":135,"minecraft:carrots":86,"minecraft:chiseled_sandstone":10,"minecraft:black_concrete":1144,"minecraft:lantern":17,"minecraft:packed_ice":169,"minecraft:chorus_plant":6,"minecraft:stone":161554,"minecraft:white_tulip":4,"minecraft:yellow_shulker_box":500,"minecraft:redstone_wall_torch":24,"minecraft:podzol":74,"minecraft:red_wool":21,"minecraft:crafting_table":295,"minecraft:oak_wood":2,"minecraft:lectern":7,"minecraft:lapis_ore":244,"minecraft:lily_pad":87,"minecraft:spruce_stairs":328,"minecraft:gray_wool":3,"minecraft:cactus":157,"minecraft:brick_slab":31,"minecraft:gray_concrete_powder":220,"minecraft:redstone_torch":28,"minecraft:coal_ore":7205,"minecraft:end_rod":114,"minecraft:gray_carpet":70,"minecraft:terracotta":1763,"minecraft:polished_andesite":733},"minecraft:killed":{"minecraft:guardian":7496,"minecraft:salmon":4,"minecraft:ender_dragon":1,"minecraft:pillager":3,"minecraft:zombie":315,"minecraft:zombie_pigman":20,"minecraft:endermite":2,"minecraft:snow_golem":2,"minecraft:witch":4,"minecraft:spider":69,"minecraft:wither":2,"minecraft:silverfish":20,"minecraft:zombie_villager":2,"minecraft:sheep":246,"minecraft:ghast":78,"minecraft:slime":131,"minecraft:drowned":10,"minecraft:squid":97,"minecraft:wither_skeleton":112,"minecraft:villager":11,"minecraft:cave_spider":6,"minecraft:shulker":3,"minecraft:skeleton":697,"minecraft:chicken":8,"minecraft:magma_cube":176,"minecraft:cow":201,"minecraft:horse":12,"minecraft:enderman":13,"minecraft:pig":41,"minecraft:creeper":140,"minecraft:blaze":80,"minecraft:phantom":2,"minecraft:bat":3},"minecraft:dropped":{"minecraft:lapis_lazuli":321,"minecraft:diamond":75,"minecraft:crafting_table":13,"minecraft:cooked_porkchop":1,"minecraft:red_mushroom":4,"minecraft:dark_oak_fence":1,"minecraft:dark_oak_trapdoor":1,"minecraft:gold_nugget":1,"minecraft:sand":46662,"minecraft:dark_oak_door":2,"minecraft:diamond_block":1,"minecraft:iron_nugget":7,"minecraft:rotten_flesh":126,"minecraft:oak_planks":2,"minecraft:azure_bluet":1,"minecraft:coal_ore":16,"minecraft:leather_boots":1,"minecraft:acacia_sapling":1,"minecraft:leather_leggings":1,"minecraft:painting":1,"minecraft:beef":10,"minecraft:golden_boots":1,"minecraft:wheat_seeds":22,"minecraft:prismarine_crystals":7,"minecraft:ink_sac":9,"minecraft:player_head":6,"minecraft:cocoa_beans":9,"minecraft:stone_shovel":3,"minecraft:name_tag":7,"minecraft:light_gray_concrete":39,"minecraft:oak_sign":17,"minecraft:diamond_sword":3,"minecraft:spruce_planks":9,"minecraft:diamond_pickaxe":2,"minecraft:stone_bricks":17,"minecraft:sandstone":2,"minecraft:red_sand":1,"minecraft:bow":1,"minecraft:soul_sand":1,"minecraft:ender_pearl":6,"minecraft:cod":8,"minecraft:cobblestone_stairs":9,"minecraft:dark_oak_log":64,"minecraft:packed_ice":21,"minecraft:purple_banner":1,"minecraft:trident":2,"minecraft:cyan_banner":1,"minecraft:iron_ore":5,"minecraft:polished_granite":64,"minecraft:vine":4,"minecraft:white_concrete":19,"minecraft:iron_door":2,"minecraft:cactus":158,"minecraft:kelp":1,"minecraft:shulker_box":7,"minecraft:oak_button":8,"minecraft:andesite":3281,"minecraft:golden_leggings":1,"minecraft:spruce_log":34,"minecraft:cooked_beef":2,"minecraft:cookie":3,"minecraft:dirt":1839,"minecraft:grass":6,"minecraft:bone":20,"minecraft:spruce_slab":1,"minecraft:egg":1,"minecraft:iron_ingot":30,"minecraft:oak_fence":2,"minecraft:cobblestone":50024,"minecraft:granite":3953,"minecraft:coal":74,"minecraft:oxeye_daisy":1,"minecraft:dried_kelp_block":64,"minecraft:rabbit":2,"minecraft:string":14,"minecraft:pink_tulip":1,"minecraft:stone_sword":10,"minecraft:spruce_fence":64,"minecraft:stone":34157,"minecraft:wooden_shovel":6,"minecraft:spider_eye":3,"minecraft:brown_mushroom":3,"minecraft:baked_potato":20,"minecraft:gravel":263,"minecraft:white_tulip":3,"minecraft:brown_shulker_box":2,"minecraft:poppy":3,"minecraft:rabbit_hide":2,"minecraft:gunpowder":20,"minecraft:chest":1,"minecraft:arrow":28,"minecraft:written_book":70,"minecraft:netherrack":55,"minecraft:firework_rocket":578,"minecraft:oak_slab":1,"minecraft:prismarine_shard":13,"minecraft:lead":2,"minecraft:grass_block":12,"minecraft:stick":76,"minecraft:diorite":5609,"minecraft:torch":3,"minecraft:iron_axe":1,"minecraft:bucket":1,"minecraft:dandelion":1,"minecraft:redstone":12,"minecraft:snow":29,"minecraft:oak_boat":2,"minecraft:golden_sword":1,"minecraft:slime_ball":31},"minecraft:custom":{"minecraft:interact_with_crafting_table":1566,"minecraft:deaths":13,"minecraft:jump":229848,"minecraft:interact_with_smoker":1,"minecraft:inspect_dispenser":56,"minecraft:horse_one_cm":2529674,"minecraft:inspect_dropper":103,"minecraft:inspect_hopper":443,"minecraft:tune_noteblock":2,"minecraft:time_since_rest":12513,"minecraft:swim_one_cm":2505930,"minecraft:open_chest":13872,"minecraft:open_shulker_box":9001,"minecraft:damage_resisted":4532,"minecraft:talked_to_villager":312,"minecraft:interact_with_brewingstand":7,"minecraft:interact_with_beacon":17,"minecraft:fill_cauldron":6,"minecraft:boat_one_cm":6128994,"minecraft:damage_taken":68358,"minecraft:aviate_one_cm":197578199,"minecraft:open_barrel":3,"minecraft:leave_game":440,"minecraft:time_since_death":1460614,"minecraft:enchant_item":160,"minecraft:interact_with_furnace":1229,"minecraft:traded_with_villager":454,"minecraft:sleep_in_bed":916,"minecraft:damage_dealt":248545,"minecraft:use_cauldron":1,"minecraft:sneak_time":956878,"minecraft:fly_one_cm":54456766,"minecraft:fall_one_cm":5696450,"minecraft:animals_bred":413,"minecraft:sprint_one_cm":70799196,"minecraft:drop":3013,"minecraft:walk_on_water_one_cm":1923461,"minecraft:play_one_minute":19486869,"minecraft:interact_with_loom":5,"minecraft:open_enderchest":3028,"minecraft:player_kills":4,"minecraft:crouch_one_cm":3830246,"minecraft:mob_kills":18185,"minecraft:climb_one_cm":539465,"minecraft:walk_one_cm":57069222,"minecraft:clean_shulker_box":9,"minecraft:walk_under_water_one_cm":2267369,"minecraft:pot_flower":39,"minecraft:trigger_trapped_chest":66,"minecraft:minecart_one_cm":59625},"minecraft:broken":{"minecraft:shears":101,"minecraft:iron_pickaxe":4,"minecraft:iron_shovel":3,"minecraft:iron_axe":7}},"DataVersion":1976}