{"stats":{"minecraft:picked_up":{"minecraft:seagrass":3,"minecraft:birch_door":3,"minecraft:iron_chestplate":3,"minecraft:chainmail_boots":1,"minecraft:flower_pot":3,"minecraft:anvil":7,"minecraft:prismarine_shard":256,"minecraft:stone_slab":4,"minecraft:diamond_sword":6,"minecraft:oak_stairs":396,"minecraft:enchanted_book":102,"minecraft:knowledge_book":1,"minecraft:purple_shulker_box":25,"minecraft:brewing_stand":1,"minecraft:golden_sword":2,"minecraft:music_disc_cat":1,"minecraft:string":349,"minecraft:cooked_salmon":34,"minecraft:red_nether_bricks":1,"minecraft:orange_glazed_terracotta":11,"minecraft:pufferfish":646,"minecraft:beetroot":73,"minecraft:diamond_leggings":3,"minecraft:gold_nugget":27,"minecraft:spruce_planks":53,"minecraft:written_book":20,"minecraft:melon_slice":8,"minecraft:coal_block":51,"minecraft:diamond_ore":118,"minecraft:golden_helmet":5,"minecraft:white_glazed_terracotta":59,"minecraft:cyan_stained_glass":3,"minecraft:acacia_log":3,"minecraft:gray_shulker_box":10,"minecraft:golden_chestplate":3,"minecraft:stone_sword":17,"minecraft:light_blue_wool":78,"minecraft:tropical_fish":212,"minecraft:red_tulip":9,"minecraft:iron_block":277,"minecraft:glowstone":199,"minecraft:bookshelf":43,"minecraft:white_terracotta":1167,"minecraft:blaze_rod":69,"minecraft:iron_bars":228,"minecraft:snowball":522,"minecraft:sponge":53,"minecraft:birch_log":145,"minecraft:magma_block":72,"minecraft:feather":46,"minecraft:cooked_beef":23,"minecraft:water_bucket":2,"minecraft:jungle_log":93,"minecraft:brown_wool":67,"minecraft:dark_oak_boat":5,"minecraft:flint":30,"minecraft:purple_stained_glass":3,"minecraft:rabbit":3,"minecraft:diamond_helmet":4,"minecraft:glowstone_dust":5,"minecraft:lime_terracotta":2,"minecraft:ink_sac":71,"minecraft:acacia_stairs":2,"minecraft:dark_oak_log":604,"minecraft:red_terracotta":22,"minecraft:dispenser":2,"minecraft:writable_book":4,"minecraft:dead_brain_coral_block":1,"minecraft:blue_ice":958,"minecraft:granite":2032,"minecraft:chainmail_helmet":1,"minecraft:bread":8,"minecraft:blue_banner":8,"minecraft:light_gray_carpet":5,"minecraft:dark_oak_fence":20,"minecraft:diamond_pickaxe":10,"minecraft:spruce_leaves":46,"minecraft:crafting_table":98,"minecraft:purple_wool":71,"minecraft:nether_wart":1158,"minecraft:leather_leggings":14,"minecraft:conduit":3,"minecraft:jungle_trapdoor":1,"minecraft:elytra":4,"minecraft:flint_and_steel":1,"minecraft:snow":42,"minecraft:white_stained_glass":3,"minecraft:white_carpet":30,"minecraft:iron_shovel":4,"minecraft:glass_pane":7,"minecraft:cracked_stone_bricks":8,"minecraft:beef":176,"minecraft:cyan_wool":89,"minecraft:jungle_sapling":1,"minecraft:iron_nugget":37,"minecraft:poppy":85,"minecraft:spruce_slab":160,"minecraft:minecart":14,"minecraft:chest":244,"minecraft:birch_sapling":23,"minecraft:egg":55,"minecraft:lime_shulker_box":36,"minecraft:black_stained_glass":3,"minecraft:sandstone":305,"minecraft:stone":10022,"minecraft:oak_door":92,"minecraft:spruce_fence":10,"minecraft:carrot":4024,"minecraft:redstone":8574,"minecraft:cyan_shulker_box":33,"minecraft:prismarine_crystals":95,"minecraft:stone_shovel":1,"minecraft:diamond_chestplate":3,"minecraft:cooked_cod":51,"minecraft:beetroot_seeds":156,"minecraft:peony":41,"minecraft:shears":1,"minecraft:diamond_boots":3,"minecraft:sandstone_stairs":79,"minecraft:yellow_terracotta":37,"minecraft:gold_ingot":8,"minecraft:totem_of_undying":2,"minecraft:white_shulker_box":21,"minecraft:mutton":100,"minecraft:white_wool":579,"minecraft:bone_block":196,"minecraft:rail":1076,"minecraft:lapis_ore":174,"minecraft:stripped_oak_log":45,"minecraft:yellow_shulker_box":144,"minecraft:clock":1,"minecraft:tripwire_hook":165,"minecraft:red_glazed_terracotta":7,"minecraft:red_mushroom":18,"minecraft:filled_map":7,"minecraft:oak_log":1605,"minecraft:lily_pad":203,"minecraft:golden_boots":8,"minecraft:paper":22,"minecraft:white_banner":2,"minecraft:apple":45,"minecraft:stone_bricks":557,"minecraft:kelp":1490,"minecraft:light_gray_glazed_terracotta":71,"minecraft:yellow_stained_glass":3,"minecraft:oak_fence_gate":9,"minecraft:stone_pickaxe":2,"minecraft:iron_ore":2650,"minecraft:cobweb":64,"minecraft:magenta_stained_glass":3,"minecraft:glass_bottle":1,"minecraft:iron_sword":1,"minecraft:dark_oak_stairs":4,"minecraft:prismarine_brick_stairs":204,"minecraft:dark_oak_slab":3,"minecraft:red_wool":70,"minecraft:gravel":1841,"minecraft:spruce_sapling":76,"minecraft:spruce_log":1171,"minecraft:light_blue_stained_glass":11,"minecraft:sea_lantern":292,"minecraft:leather_helmet":11,"minecraft:oak_wood":4,"minecraft:firework_rocket":406,"minecraft:diamond_shovel":3,"minecraft:red_stained_glass":3,"minecraft:coal_ore":1310,"minecraft:slime_ball":155,"minecraft:stone_axe":2,"minecraft:redstone_ore":804,"minecraft:diamond_axe":5,"minecraft:gray_wool":83,"minecraft:baked_potato":102,"minecraft:melon_seeds":6,"minecraft:hopper":11,"minecraft:ender_pearl":97,"minecraft:wheat":403,"minecraft:black_carpet":1,"minecraft:ender_chest":285,"minecraft:light_gray_shulker_box":21,"minecraft:yellow_wool":66,"minecraft:potion":40,"minecraft:stone_brick_stairs":75,"minecraft:iron_leggings":2,"minecraft:armor_stand":3,"minecraft:sticky_piston":1,"minecraft:pink_shulker_box":15,"minecraft:red_sand":35,"minecraft:black_shulker_box":27,"minecraft:bucket":5,"minecraft:dark_oak_leaves":14,"minecraft:white_tulip":13,"minecraft:rose_bush":64,"minecraft:cobblestone_slab":134,"minecraft:iron_pickaxe":1,"minecraft:iron_boots":4,"minecraft:furnace":69,"minecraft:blue_wool":69,"minecraft:stick":712,"minecraft:orange_shulker_box":31,"minecraft:brown_terracotta":22,"minecraft:oak_fence":29,"minecraft:torch":914,"minecraft:spruce_stairs":43,"minecraft:snow_block":376,"minecraft:porkchop":10,"minecraft:diorite":2354,"minecraft:blue_stained_glass":3,"minecraft:quartz_block":9,"minecraft:cactus":128,"minecraft:rotten_flesh":661,"minecraft:brown_shulker_box":44,"minecraft:green_wool":78,"minecraft:obsidian":370,"minecraft:cod":2891,"minecraft:blaze_powder":2,"minecraft:cobblestone":24018,"minecraft:nautilus_shell":295,"minecraft:enchanting_table":2,"minecraft:leather_chestplate":8,"minecraft:lilac":38,"minecraft:magma_cream":44,"minecraft:andesite":2487,"minecraft:golden_leggings":13,"minecraft:beacon":8,"minecraft:potato":4726,"minecraft:prismarine_bricks":4270,"minecraft:wither_skeleton_skull":9,"minecraft:green_shulker_box":30,"minecraft:lapis_lazuli":3488,"minecraft:dirt":2907,"minecraft:polished_granite":1,"minecraft:name_tag":279,"minecraft:leather_boots":45,"minecraft:sign":60,"minecraft:glass":181,"minecraft:bone":3445,"minecraft:acacia_planks":3,"minecraft:bow":222,"minecraft:wheat_seeds":923,"minecraft:orange_tulip":32,"minecraft:mossy_stone_bricks":16,"minecraft:prismarine":3348,"minecraft:oak_planks":147,"minecraft:stone_hoe":1,"minecraft:ghast_tear":7,"minecraft:cooked_porkchop":5,"minecraft:oak_pressure_plate":38,"minecraft:poisonous_potato":29,"minecraft:sand":4670,"minecraft:jungle_planks":13,"minecraft:light_blue_shulker_box":39,"minecraft:melon":43,"minecraft:nether_brick_stairs":175,"minecraft:grass_block":444,"minecraft:diamond_block":29,"minecraft:orange_wool":86,"minecraft:shulker_box":374,"minecraft:mossy_cobblestone":44,"minecraft:dark_prismarine":287,"minecraft:jungle_leaves":8,"minecraft:light_gray_terracotta":1946,"minecraft:diamond":710,"minecraft:slime_block":1,"minecraft:spruce_boat":17,"minecraft:bone_meal":3,"minecraft:golden_apple":1,"minecraft:white_concrete":4,"minecraft:emerald":27,"minecraft:oak_sapling":315,"minecraft:netherrack":10033,"minecraft:oak_leaves":326,"minecraft:nether_star":6,"minecraft:fishing_rod":71,"minecraft:cocoa_beans":232,"minecraft:allium":16,"minecraft:azure_bluet":29,"minecraft:chicken":45,"minecraft:ladder":95,"minecraft:turtle_helmet":1,"minecraft:brown_mushroom":15,"minecraft:packed_ice":5698,"minecraft:pink_wool":68,"minecraft:gold_block":93,"minecraft:shield":4,"minecraft:orange_stained_glass":3,"minecraft:oak_trapdoor":7,"minecraft:iron_axe":1,"minecraft:item_frame":76,"minecraft:quartz_slab":3,"minecraft:mycelium":2,"minecraft:magenta_wool":66,"minecraft:blue_orchid":64,"minecraft:detector_rail":8,"minecraft:oak_boat":9,"minecraft:player_head":79,"minecraft:observer":1,"minecraft:light_gray_wool":79,"minecraft:blue_shulker_box":28,"minecraft:sugar_cane":1030,"minecraft:spruce_trapdoor":27,"minecraft:phantom_membrane":131,"minecraft:lime_wool":85,"minecraft:dark_oak_sapling":21,"minecraft:bowl":226,"minecraft:brown_glazed_terracotta":13,"minecraft:stone_button":6,"minecraft:magenta_shulker_box":130,"minecraft:trident":6,"minecraft:dark_oak_planks":42,"minecraft:arrow":2804,"minecraft:red_shulker_box":55,"minecraft:jungle_stairs":2,"minecraft:nether_bricks":144,"minecraft:pink_glazed_terracotta":2,"minecraft:pink_tulip":3,"minecraft:saddle":56,"minecraft:lime_stained_glass":3,"minecraft:wet_sponge":388,"minecraft:salmon":1735,"minecraft:cut_sandstone":1,"minecraft:leather":200,"minecraft:birch_planks":58,"minecraft:ice":80,"minecraft:chainmail_chestplate":4,"minecraft:yellow_glazed_terracotta":15,"minecraft:cobblestone_wall":10,"minecraft:gunpowder":173,"minecraft:cobblestone_stairs":44,"minecraft:wooden_hoe":7,"minecraft:orange_terracotta":1031,"minecraft:cooked_mutton":68,"minecraft:red_carpet":44,"minecraft:rabbit_hide":3,"minecraft:iron_ingot":44,"minecraft:cooked_chicken":64,"minecraft:prismarine_brick_slab":16,"minecraft:soul_sand":558,"minecraft:book":12,"minecraft:oak_slab":251,"minecraft:nether_quartz_ore":206,"minecraft:emerald_block":4,"minecraft:birch_boat":89,"minecraft:pumpkin":8,"minecraft:chiseled_stone_bricks":8,"minecraft:stone_brick_slab":248,"minecraft:quartz":782,"minecraft:dandelion":10,"minecraft:green_stained_glass":4,"minecraft:white_bed":37,"minecraft:nether_brick_slab":85,"minecraft:gold_ore":494,"minecraft:spruce_door":4,"minecraft:spider_eye":49,"minecraft:pumpkin_seeds":28,"minecraft:chainmail_leggings":6,"minecraft:iron_helmet":5,"minecraft:terracotta":3136,"minecraft:damaged_anvil":3,"minecraft:black_wool":72,"minecraft:coal":9388,"minecraft:sunflower":24},"minecraft:crafted":{"minecraft:ender_chest":13,"minecraft:blaze_powder":24,"minecraft:oak_pressure_plate":22,"minecraft:birch_boat":4,"minecraft:lever":5,"minecraft:diamond_shovel":2,"minecraft:lime_glazed_terracotta":8,"minecraft:bookshelf":92,"minecraft:nether_brick":7537,"minecraft:cooked_mutton":37,"minecraft:shulker_box":1,"minecraft:iron_bars":896,"minecraft:quartz_block":54,"minecraft:glass":2312,"minecraft:repeater":1,"minecraft:light_blue_terracotta":8,"minecraft:diamond_helmet":1,"minecraft:diamond_leggings":2,"minecraft:white_glazed_terracotta":464,"minecraft:beacon":6,"minecraft:stone_pressure_plate":12,"minecraft:birch_door":3,"minecraft:magenta_dye":2,"minecraft:wooden_shovel":1,"minecraft:emerald":370,"minecraft:diamond_axe":2,"minecraft:jungle_boat":1,"minecraft:spruce_door":6,"minecraft:sticky_piston":1,"minecraft:oak_wood":30,"minecraft:knowledge_book":2,"minecraft:dandelion_yellow":2,"minecraft:stone_brick_stairs":200,"minecraft:wooden_hoe":15,"minecraft:green_terracotta":8,"minecraft:stone_slab":90,"minecraft:compass":10,"minecraft:iron_pickaxe":8,"minecraft:iron_block":328,"minecraft:white_terracotta":8,"minecraft:gold_ingot":734,"minecraft:sandstone":47,"minecraft:light_gray_dye":2,"minecraft:cactus_green":16,"minecraft:dark_prismarine":16,"minecraft:golden_carrot":7,"minecraft:stone_shovel":6,"minecraft:player_head":186,"minecraft:red_terracotta":8,"minecraft:bone_meal":9520,"minecraft:prismarine_brick_stairs":984,"minecraft:spruce_fence":42,"minecraft:pink_dye":3,"minecraft:diamond":1026,"minecraft:dark_oak_fence":39,"minecraft:spruce_stairs":272,"minecraft:yellow_glazed_terracotta":17,"minecraft:ladder":213,"minecraft:spruce_slab":282,"minecraft:stone_pickaxe":3,"minecraft:diamond_boots":1,"minecraft:red_glazed_terracotta":16,"minecraft:spruce_boat":10,"minecraft:redstone_block":955,"minecraft:dark_oak_planks":124,"minecraft:coal_block":1021,"minecraft:cyan_glazed_terracotta":8,"minecraft:light_gray_terracotta":8,"minecraft:light_blue_glazed_terracotta":8,"minecraft:enchanting_table":1,"minecraft:dried_kelp":427,"minecraft:enchanted_book":2,"minecraft:orange_dye":2,"minecraft:magenta_glazed_terracotta":8,"minecraft:oak_fence_gate":10,"minecraft:oak_stairs":80,"minecraft:black_glazed_terracotta":8,"minecraft:wooden_axe":2,"minecraft:writable_book":1,"minecraft:iron_shovel":2,"minecraft:iron_leggings":2,"minecraft:armor_stand":17,"minecraft:white_bed":6,"minecraft:note_block":2,"minecraft:light_gray_glazed_terracotta":336,"minecraft:nether_brick_stairs":640,"minecraft:pink_terracotta":8,"minecraft:oak_planks":4012,"minecraft:cobblestone_slab":384,"minecraft:cooked_chicken":61,"minecraft:purple_glazed_terracotta":8,"minecraft:cobblestone_stairs":320,"minecraft:stone":7569,"minecraft:cake":1,"minecraft:hopper":99,"minecraft:stone_brick_slab":2446,"minecraft:bow":29,"minecraft:iron_boots":2,"minecraft:comparator":1,"minecraft:cyan_terracotta":8,"minecraft:chest":582,"minecraft:yellow_terracotta":8,"minecraft:chiseled_stone_bricks":14,"minecraft:rail":32,"minecraft:stone_hoe":1,"minecraft:ender_eye":13,"minecraft:stone_bricks":2112,"minecraft:oak_fence":9,"minecraft:sea_lantern":136,"minecraft:dropper":1,"minecraft:oak_slab":204,"minecraft:item_frame":203,"minecraft:arrow":20,"minecraft:crafting_table":36,"minecraft:map":8,"minecraft:spruce_planks":3800,"minecraft:lime_terracotta":8,"minecraft:iron_helmet":2,"minecraft:wooden_pickaxe":1,"minecraft:baked_potato":1444,"minecraft:rose_red":6,"minecraft:gold_block":77,"minecraft:brewing_stand":1,"minecraft:birch_planks":488,"minecraft:brown_glazed_terracotta":15,"minecraft:prismarine_brick_slab":70,"minecraft:dispenser":3,"minecraft:green_glazed_terracotta":8,"minecraft:apple":6,"minecraft:spruce_trapdoor":30,"minecraft:purple_dye":2,"minecraft:iron_chestplate":2,"minecraft:book":82,"minecraft:emerald_block":7,"minecraft:paper":771,"minecraft:charcoal":79,"minecraft:diamond_pickaxe":18,"minecraft:shield":3,"minecraft:gray_terracotta":8,"minecraft:light_weighted_pressure_plate":2,"minecraft:stick":3955,"minecraft:light_blue_dye":2,"minecraft:iron_ingot":3997,"minecraft:stone_sword":1,"minecraft:redstone_torch":6,"minecraft:sponge":344,"minecraft:shears":4,"minecraft:sandstone_stairs":88,"minecraft:blue_terracotta":16,"minecraft:orange_glazed_terracotta":79,"minecraft:wooden_sword":1,"minecraft:oak_door":39,"minecraft:gray_glazed_terracotta":8,"minecraft:nether_brick_slab":1220,"minecraft:coal":5239,"minecraft:redstone":117,"minecraft:fishing_rod":15,"minecraft:furnace":42,"minecraft:stone_button":198,"minecraft:piston":1,"minecraft:gray_dye":2,"minecraft:diamond_block":187,"minecraft:oak_trapdoor":52,"minecraft:flint_and_steel":1,"minecraft:black_terracotta":16,"minecraft:iron_axe":2,"minecraft:iron_hoe":2,"minecraft:lime_dye":2,"minecraft:orange_terracotta":8,"minecraft:cobblestone_wall":186,"minecraft:pink_glazed_terracotta":8,"minecraft:filled_map":16,"minecraft:observer":2,"minecraft:blue_glazed_terracotta":8,"minecraft:minecart":10,"minecraft:glistering_melon_slice":3,"minecraft:cooked_beef":130,"minecraft:cooked_cod":90,"minecraft:purple_terracotta":8,"minecraft:diamond_sword":1,"minecraft:cyan_dye":2,"minecraft:iron_trapdoor":2,"minecraft:powered_rail":24,"minecraft:iron_sword":4,"minecraft:nether_bricks":1652,"minecraft:cooked_salmon":50,"minecraft:bucket":8,"minecraft:sign":54,"minecraft:stone_axe":2,"minecraft:brown_terracotta":8,"minecraft:air":0,"minecraft:bread":40,"minecraft:jungle_planks":88,"minecraft:oak_boat":10,"minecraft:magenta_terracotta":8,"minecraft:white_wool":3,"minecraft:gold_nugget":234,"minecraft:anvil":10,"minecraft:pumpkin_pie":34,"minecraft:torch":3440,"minecraft:lapis_lazuli":207,"minecraft:lapis_block":392,"minecraft:diamond_chestplate":1},"minecraft:dropped":{"minecraft:cooked_beef":2,"minecraft:glass_bottle":2,"minecraft:diamond":32,"minecraft:sandstone_stairs":1,"minecraft:dark_oak_slab":3,"minecraft:orange_tulip":2,"minecraft:saddle":5,"minecraft:elytra":1,"minecraft:rail":213,"minecraft:leather_helmet":2,"minecraft:red_mushroom":5,"minecraft:red_carpet":6,"minecraft:item_frame":7,"minecraft:dirt":144,"minecraft:melon":1,"minecraft:gold_nugget":7,"minecraft:bone_meal":1,"minecraft:sand":106,"minecraft:iron_pickaxe":1,"minecraft:dark_oak_planks":10,"minecraft:fishing_rod":13,"minecraft:white_wool":1,"minecraft:bone":165,"minecraft:oak_door":2,"minecraft:diamond_block":2,"minecraft:iron_nugget":8,"minecraft:detector_rail":1,"minecraft:wheat":10,"minecraft:rotten_flesh":92,"minecraft:oak_planks":14,"minecraft:jungle_trapdoor":1,"minecraft:salmon":24,"minecraft:jungle_stairs":2,"minecraft:leather_boots":7,"minecraft:leather_leggings":3,"minecraft:spruce_slab":2,"minecraft:glass":53,"minecraft:enchanted_book":1,"minecraft:golden_boots":1,"minecraft:iron_ingot":1,"minecraft:wheat_seeds":8,"minecraft:clock":1,"minecraft:oak_fence":17,"minecraft:feather":3,"minecraft:cobblestone":1086,"minecraft:granite":113,"minecraft:coal":122,"minecraft:golden_apple":1,"minecraft:pufferfish":16,"minecraft:dark_oak_leaves":4,"minecraft:wooden_hoe":5,"minecraft:potion":4,"minecraft:pumpkin":8,"minecraft:chainmail_leggings":1,"minecraft:string":2,"minecraft:acacia_planks":2,"minecraft:stone_brick_slab":3,"minecraft:furnace":1,"minecraft:redstone_ore":7,"minecraft:player_head":2,"minecraft:stone_sword":12,"minecraft:bowl":111,"minecraft:white_carpet":4,"minecraft:iron_boots":1,"minecraft:name_tag":4,"minecraft:white_terracotta":64,"minecraft:pumpkin_seeds":14,"minecraft:diamond_sword":2,"minecraft:potato":323,"minecraft:spruce_boat":8,"minecraft:stone":138,"minecraft:spruce_trapdoor":8,"minecraft:spruce_planks":16,"minecraft:stone_bricks":275,"minecraft:birch_boat":1,"minecraft:sandstone":18,"minecraft:bow":32,"minecraft:terracotta":65,"minecraft:soul_sand":2,"minecraft:birch_planks":45,"minecraft:dark_oak_stairs":2,"minecraft:oak_log":57,"minecraft:ender_pearl":5,"minecraft:dark_oak_sapling":3,"minecraft:prismarine_brick_stairs":29,"minecraft:jungle_planks":10,"minecraft:iron_horse_armor":1,"minecraft:cod":246,"minecraft:flint":1,"minecraft:cobblestone_stairs":1,"minecraft:packed_ice":723,"minecraft:dark_oak_log":4,"minecraft:seagrass":3,"minecraft:cut_sandstone":1,"minecraft:prismarine_brick_slab":6,"minecraft:birch_log":22,"minecraft:gravel":70,"minecraft:white_tulip":1,"minecraft:beetroot":1,"minecraft:prismarine":115,"minecraft:acacia_stairs":2,"minecraft:carrot":8,"minecraft:leather_chestplate":2,"minecraft:trident":2,"minecraft:gunpowder":1,"minecraft:beetroot_seeds":7,"minecraft:chest":2,"minecraft:iron_ore":45,"minecraft:arrow":276,"minecraft:powered_rail":5,"minecraft:quartz":4,"minecraft:oak_leaves":15,"minecraft:written_book":16,"minecraft:netherrack":76,"minecraft:stone_hoe":1,"minecraft:bread":3,"minecraft:golden_helmet":2,"minecraft:minecart":6,"minecraft:poisonous_potato":6,"minecraft:tropical_fish":11,"minecraft:spruce_stairs":3,"minecraft:acacia_log":3,"minecraft:grass_block":9,"minecraft:stick":135,"minecraft:diorite":75,"minecraft:torch":21,"minecraft:iron_leggings":1,"minecraft:jungle_leaves":8,"minecraft:music_disc_cat":1,"minecraft:redstone":8,"minecraft:nether_brick_slab":4,"minecraft:kelp":52,"minecraft:light_gray_terracotta":36,"minecraft:glass_pane":4,"minecraft:filled_map":2,"minecraft:shield":1,"minecraft:iron_chestplate":2,"minecraft:andesite":85,"minecraft:blue_ice":129,"minecraft:golden_leggings":2,"minecraft:oak_boat":3,"minecraft:oak_sapling":2,"minecraft:golden_sword":2,"minecraft:spruce_log":173},"minecraft:killed":{"minecraft:cave_spider":11,"minecraft:cod":33,"minecraft:skeleton":1553,"minecraft:guardian":203,"minecraft:chicken":52,"minecraft:magma_cube":107,"minecraft:elder_guardian":2,"minecraft:salmon":21,"minecraft:zombie":297,"minecraft:cow":1,"minecraft:evoker":2,"minecraft:zombie_pigman":25,"minecraft:vindicator":9,"minecraft:horse":1,"minecraft:snow_golem":3,"minecraft:husk":10,"minecraft:rabbit":3,"minecraft:enderman":13,"minecraft:witch":4,"minecraft:spider":54,"minecraft:wither":6,"minecraft:turtle":1,"minecraft:pig":2,"minecraft:zombie_villager":7,"minecraft:creeper":129,"minecraft:sheep":25,"minecraft:mooshroom":56,"minecraft:ghast":39,"minecraft:blaze":115,"minecraft:vex":9,"minecraft:slime":100,"minecraft:phantom":86,"minecraft:drowned":58,"minecraft:bat":128,"minecraft:squid":4,"minecraft:wither_skeleton":323,"minecraft:villager":45},"minecraft:broken":{"minecraft:shears":1,"minecraft:diamond_pickaxe":1,"minecraft:iron_sword":1,"minecraft:fishing_rod":16,"minecraft:diamond_leggings":1,"minecraft:iron_axe":1,"minecraft:iron_pickaxe":5,"minecraft:leather_leggings":1,"minecraft:stone_pickaxe":1,"minecraft:stone_shovel":5},"minecraft:custom":{"minecraft:interact_with_crafting_table":708,"minecraft:leave_game":209,"minecraft:time_since_death":3511051,"minecraft:damage_blocked_by_shield":130,"minecraft:deaths":11,"minecraft:jump":40447,"minecraft:enchant_item":65,"minecraft:interact_with_furnace":1846,"minecraft:traded_with_villager":507,"minecraft:sleep_in_bed":124,"minecraft:damage_dealt":198202,"minecraft:inspect_dispenser":52,"minecraft:horse_one_cm":670,"minecraft:inspect_dropper":2,"minecraft:inspect_hopper":419,"minecraft:sneak_time":364906,"minecraft:tune_noteblock":2862550,"minecraft:time_since_rest":295364,"minecraft:swim_one_cm":3200087,"minecraft:fly_one_cm":6137308,"minecraft:open_chest":6861,"minecraft:fish_caught":39573,"minecraft:fall_one_cm":659483,"minecraft:animals_bred":1,"minecraft:open_shulker_box":3277,"minecraft:damage_resisted":900,"minecraft:sprint_one_cm":22736018,"minecraft:drop":648,"minecraft:play_noteblock":18,"minecraft:talked_to_villager":165,"minecraft:interact_with_brewingstand":27,"minecraft:walk_on_water_one_cm":1888835,"minecraft:play_one_minute":21603541,"minecraft:open_enderchest":1821,"minecraft:interact_with_beacon":28,"minecraft:player_kills":1,"minecraft:crouch_one_cm":1102958,"minecraft:mob_kills":10412,"minecraft:climb_one_cm":796603,"minecraft:walk_one_cm":17758385,"minecraft:walk_under_water_one_cm":3108309,"minecraft:boat_one_cm":7974541,"minecraft:pot_flower":3,"minecraft:damage_taken":26119,"minecraft:damage_absorbed":43,"minecraft:aviate_one_cm":31656187},"minecraft:killed_by":{"minecraft:creeper":1,"minecraft:drowned":1,"minecraft:phantom":4},"minecraft:used":{"minecraft:peony":1,"minecraft:writable_book":32,"minecraft:dispenser":5,"minecraft:spruce_slab":231,"minecraft:ladder":282,"minecraft:chest":715,"minecraft:black_carpet":1,"minecraft:stone":1207,"minecraft:white_shulker_box":21,"minecraft:rotten_flesh":5,"minecraft:soul_sand":296,"minecraft:cocoa_beans":94,"minecraft:blue_stained_glass":3,"minecraft:snowball":142,"minecraft:spruce_boat":7,"minecraft:packed_ice":310,"minecraft:grass_block":94,"minecraft:birch_sapling":21,"minecraft:quartz_block":9,"minecraft:orange_shulker_box":30,"minecraft:wet_sponge":10,"minecraft:stone_brick_stairs":165,"minecraft:blue_banner":8,"minecraft:snow":17,"minecraft:bow":1628,"minecraft:dark_oak_boat":5,"minecraft:furnace":101,"minecraft:yellow_glazed_terracotta":10,"minecraft:oak_sapling":280,"minecraft:cooked_cod":16,"minecraft:egg":573,"minecraft:potato":2842,"minecraft:magenta_shulker_box":130,"minecraft:lime_glazed_terracotta":4,"minecraft:mossy_stone_bricks":15,"minecraft:diorite":195,"minecraft:damaged_anvil":3,"minecraft:spruce_door":8,"minecraft:red_stained_glass":3,"minecraft:powered_rail":4,"minecraft:prismarine":873,"minecraft:lily_pad":9,"minecraft:wooden_pickaxe":5,"minecraft:black_glazed_terracotta":4,"minecraft:jungle_boat":1,"minecraft:golden_apple":3,"minecraft:sand":225,"minecraft:blue_ice":9,"minecraft:pumpkin_seeds":9,"minecraft:stone_button":180,"minecraft:white_glazed_terracotta":55,"minecraft:red_terracotta":1,"minecraft:oak_pressure_plate":28,"minecraft:diamond_ore":117,"minecraft:diamond_sword":3448,"minecraft:wooden_sword":6,"minecraft:dark_oak_fence":19,"minecraft:white_stained_glass":3,"minecraft:ice":27,"minecraft:oak_boat":15,"minecraft:oak_trapdoor":49,"minecraft:iron_bars":230,"minecraft:enchanting_table":3,"minecraft:stone_sword":42,"minecraft:armor_stand":4,"minecraft:cooked_salmon":6,"minecraft:torch":4284,"minecraft:green_glazed_terracotta":4,"minecraft:netherrack":1652,"minecraft:light_gray_shulker_box":21,"minecraft:orange_stained_glass":3,"minecraft:brewing_stand":2,"minecraft:anvil":17,"minecraft:nether_quartz_ore":103,"minecraft:nether_brick_slab":1025,"minecraft:light_gray_glazed_terracotta":143,"minecraft:dead_brain_coral_block":1,"minecraft:nether_brick_stairs":690,"minecraft:oak_fence_gate":10,"minecraft:red_shulker_box":55,"minecraft:sea_lantern":215,"minecraft:cyan_shulker_box":33,"minecraft:iron_block":429,"minecraft:light_weighted_pressure_plate":2,"minecraft:iron_axe":584,"minecraft:slime_block":1,"minecraft:jungle_log":17,"minecraft:melon_seeds":4,"minecraft:glowstone":27,"minecraft:gray_glazed_terracotta":4,"minecraft:beef":1,"minecraft:iron_trapdoor":2,"minecraft:acacia_planks":1,"minecraft:observer":3,"minecraft:orange_terracotta":9,"minecraft:wheat_seeds":585,"minecraft:water_bucket":517,"minecraft:light_blue_shulker_box":39,"minecraft:light_blue_glazed_terracotta":4,"minecraft:sandstone_stairs":12,"minecraft:prismarine_brick_slab":46,"minecraft:birch_planks":8,"minecraft:yellow_shulker_box":144,"minecraft:conduit":2,"minecraft:cracked_stone_bricks":8,"minecraft:salmon":1,"minecraft:diamond_block":29,"minecraft:rail":10,"minecraft:cyan_glazed_terracotta":4,"minecraft:oak_slab":173,"minecraft:crafting_table":108,"minecraft:white_bed":41,"minecraft:cod":6,"minecraft:lime_shulker_box":36,"minecraft:cake":1,"minecraft:spruce_log":7,"minecraft:oak_log":112,"minecraft:dark_prismarine":90,"minecraft:diamond_pickaxe":87907,"minecraft:diamond_shovel":8874,"minecraft:iron_pickaxe":2247,"minecraft:spruce_trapdoor":40,"minecraft:spruce_sapling":71,"minecraft:chiseled_stone_bricks":12,"minecraft:cobblestone":4108,"minecraft:potion":10,"minecraft:cooked_porkchop":5,"minecraft:glass_pane":2,"minecraft:kelp":34,"minecraft:stripped_oak_log":41,"minecraft:green_stained_glass":4,"minecraft:iron_shovel":787,"minecraft:melon":2,"minecraft:carrot_on_a_stick":607,"minecraft:bone_block":4,"minecraft:white_terracotta":7,"minecraft:nether_wart":338,"minecraft:iron_sword":546,"minecraft:purple_shulker_box":26,"minecraft:player_head":97,"minecraft:orange_glazed_terracotta":10,"minecraft:nether_bricks":1421,"minecraft:prismarine_brick_stairs":612,"minecraft:carrot":24262,"minecraft:obsidian":152,"minecraft:glass":1624,"minecraft:coal_ore":1196,"minecraft:quartz_slab":3,"minecraft:stone_bricks":884,"minecraft:item_frame":267,"minecraft:magma_block":2,"minecraft:written_book":47,"minecraft:blue_shulker_box":28,"minecraft:beetroot_seeds":61,"minecraft:gold_block":83,"minecraft:dark_oak_stairs":2,"minecraft:wither_skeleton_skull":18,"minecraft:stone_pickaxe":253,"minecraft:oak_planks":209,"minecraft:ender_pearl":48,"minecraft:sandstone":100,"minecraft:sugar_cane":113,"minecraft:diamond_axe":4060,"minecraft:yellow_terracotta":6,"minecraft:light_gray_terracotta":64,"minecraft:sponge":380,"minecraft:note_block":2,"minecraft:shears":303,"minecraft:sticky_piston":2,"minecraft:lever":4,"minecraft:blue_glazed_terracotta":4,"minecraft:firework_rocket":34,"minecraft:gray_shulker_box":11,"minecraft:bread":54,"minecraft:dark_oak_log":6,"minecraft:sign":71,"minecraft:gravel":47,"minecraft:andesite":168,"minecraft:white_concrete":4,"minecraft:bone_meal":286,"minecraft:cobweb":88,"minecraft:oak_fence":9,"minecraft:trident":853,"minecraft:flint_and_steel":20,"minecraft:dried_kelp":124,"minecraft:redstone_ore":719,"minecraft:stone_shovel":706,"minecraft:redstone":9,"minecraft:spruce_planks":27,"minecraft:ender_chest":291,"minecraft:brown_shulker_box":44,"minecraft:wooden_shovel":14,"minecraft:stone_hoe":15,"minecraft:cooked_chicken":53,"minecraft:oak_door":57,"minecraft:dirt":1107,"minecraft:hopper":109,"minecraft:prismarine_bricks":2202,"minecraft:spruce_stairs":251,"minecraft:oak_wood":28,"minecraft:cobblestone_wall":158,"minecraft:shulker_box":379,"minecraft:spruce_fence":44,"minecraft:light_blue_stained_glass":645,"minecraft:granite":44,"minecraft:iron_hoe":147,"minecraft:stone_brick_slab":1109,"minecraft:dark_oak_planks":15,"minecraft:wooden_axe":3,"minecraft:bookshelf":135,"minecraft:yellow_stained_glass":3,"minecraft:oak_stairs":21,"minecraft:emerald_block":4,"minecraft:black_stained_glass":3,"minecraft:lime_stained_glass":3,"minecraft:minecart":6,"minecraft:cooked_beef":62,"minecraft:pumpkin":5,"minecraft:cooked_mutton":63,"minecraft:pink_glazed_terracotta":6,"minecraft:cobblestone_stairs":82,"minecraft:snow_block":8,"minecraft:baked_potato":768,"minecraft:red_nether_bricks":1,"minecraft:birch_boat":90,"minecraft:purple_glazed_terracotta":4,"minecraft:black_shulker_box":28,"minecraft:magenta_stained_glass":3,"minecraft:beacon":12,"minecraft:red_glazed_terracotta":10,"minecraft:cobblestone_slab":209,"minecraft:terracotta":14,"minecraft:brown_glazed_terracotta":10,"minecraft:cyan_stained_glass":3,"minecraft:purple_stained_glass":3,"minecraft:flower_pot":3,"minecraft:wooden_hoe":54,"minecraft:apple":2,"minecraft:lapis_ore":163,"minecraft:stone_slab":3,"minecraft:stone_axe":136,"minecraft:fishing_rod":70118,"minecraft:green_shulker_box":31,"minecraft:bucket":523,"minecraft:pink_shulker_box":16,"minecraft:magenta_glazed_terracotta":4,"minecraft:pumpkin_pie":62},"minecraft:mined":{"minecraft:dark_oak_planks":67,"minecraft:red_shulker_box":55,"minecraft:white_bed":24,"minecraft:jungle_leaves":12,"minecraft:cyan_shulker_box":33,"minecraft:red_nether_bricks":1,"minecraft:obsidian":348,"minecraft:granite":1967,"minecraft:acacia_log":3,"minecraft:red_sand":37,"minecraft:jungle_log":93,"minecraft:oak_pressure_plate":16,"minecraft:lime_stained_glass":3,"minecraft:chiseled_stone_bricks":8,"minecraft:hopper":12,"minecraft:nether_wart":365,"minecraft:spawner":2,"minecraft:light_blue_stained_glass":11,"minecraft:magma_block":76,"minecraft:dark_oak_trapdoor":2,"minecraft:sticky_piston":1,"minecraft:pumpkin":8,"minecraft:nether_brick_stairs":56,"minecraft:enchanting_table":2,"minecraft:quartz_slab":2,"minecraft:oak_stairs":22,"minecraft:pink_tulip":3,"minecraft:white_shulker_box":21,"minecraft:iron_block":213,"minecraft:blue_orchid":64,"minecraft:jungle_trapdoor":1,"minecraft:conduit":1,"minecraft:cut_sandstone":1,"minecraft:brown_mushroom":11,"minecraft:kelp_plant":125,"minecraft:player_wall_head":33,"minecraft:blue_stained_glass":3,"minecraft:torch":229,"minecraft:melon":44,"minecraft:dead_bush":8,"minecraft:nether_brick_slab":54,"minecraft:glass":144,"minecraft:lime_shulker_box":36,"minecraft:sugar_cane":622,"minecraft:damaged_anvil":3,"minecraft:birch_sapling":3,"minecraft:white_terracotta":1104,"minecraft:wheat":337,"minecraft:yellow_glazed_terracotta":6,"minecraft:stone_brick_stairs":74,"minecraft:prismarine_brick_stairs":155,"minecraft:grass":745,"minecraft:oak_fence_gate":8,"minecraft:blue_shulker_box":28,"minecraft:yellow_stained_glass":3,"minecraft:yellow_terracotta":33,"minecraft:wall_sign":20,"minecraft:dark_prismarine":286,"minecraft:pink_shulker_box":15,"minecraft:mossy_cobblestone":44,"minecraft:dark_oak_log":611,"minecraft:cyan_stained_glass":3,"minecraft:sea_lantern":187,"minecraft:shulker_box":370,"minecraft:nether_bricks":152,"minecraft:dark_oak_fence":20,"minecraft:allium":14,"minecraft:spruce_fence":12,"minecraft:jungle_planks":18,"minecraft:orange_shulker_box":30,"minecraft:redstone_wire":1,"minecraft:kelp":46,"minecraft:red_mushroom":9,"minecraft:redstone_ore":2254,"minecraft:snow":567,"minecraft:andesite":2355,"minecraft:diamond_block":29,"minecraft:white_glazed_terracotta":51,"minecraft:potatoes":442,"minecraft:vine":13,"minecraft:rail":465,"minecraft:cobblestone_slab":209,"minecraft:bone_block":4,"minecraft:pink_glazed_terracotta":2,"minecraft:cake":1,"minecraft:ender_chest":284,"minecraft:oak_slab":34,"minecraft:glass_pane":4,"minecraft:soul_sand":621,"minecraft:stone_brick_slab":234,"minecraft:observer":1,"minecraft:dandelion":10,"minecraft:sponge":12,"minecraft:diorite":2285,"minecraft:black_stained_glass":3,"minecraft:red_terracotta":24,"minecraft:cobblestone_wall":10,"minecraft:purple_stained_glass":3,"minecraft:prismarine_brick_slab":8,"minecraft:white_carpet":26,"minecraft:spruce_log":1022,"minecraft:birch_leaves":7,"minecraft:mycelium":2,"minecraft:gravel":1812,"minecraft:cobweb":306,"minecraft:brown_terracotta":18,"minecraft:acacia_planks":3,"minecraft:stone_bricks":187,"minecraft:gold_ore":495,"minecraft:fern":2,"minecraft:black_shulker_box":27,"minecraft:spruce_planks":61,"minecraft:farmland":6,"minecraft:oak_sapling":17,"minecraft:jungle_slab":1,"minecraft:cobblestone_stairs":40,"minecraft:orange_stained_glass":3,"minecraft:brewing_stand":1,"minecraft:spruce_trapdoor":21,"minecraft:grass_block":604,"minecraft:white_concrete":4,"minecraft:sandstone_stairs":2,"minecraft:glowstone":205,"minecraft:iron_ore":2577,"minecraft:anvil":7,"minecraft:dark_oak_stairs":8,"minecraft:azure_bluet":31,"minecraft:green_stained_glass":4,"minecraft:red_tulip":9,"minecraft:brown_glazed_terracotta":6,"minecraft:iron_bars":230,"minecraft:spruce_slab":69,"minecraft:brown_shulker_box":44,"minecraft:blue_banner":8,"minecraft:quartz_block":9,"minecraft:melon_stem":1,"minecraft:orange_terracotta":1021,"minecraft:light_gray_terracotta":1921,"minecraft:jungle_stairs":3,"minecraft:poppy":84,"minecraft:beacon":8,"minecraft:chest":266,"minecraft:nether_quartz_ore":696,"minecraft:cobblestone":1698,"minecraft:slime_block":1,"minecraft:prismarine":3995,"minecraft:oak_planks":94,"minecraft:wall_torch":192,"minecraft:magenta_shulker_box":129,"minecraft:seagrass":5,"minecraft:light_gray_glazed_terracotta":75,"minecraft:dark_oak_slab":2,"minecraft:sign":2,"minecraft:birch_log":122,"minecraft:blue_ice":831,"minecraft:orange_tulip":28,"minecraft:oak_log":1447,"minecraft:beetroots":73,"minecraft:lime_terracotta":2,"minecraft:sand":4516,"minecraft:dirt":1848,"minecraft:dispenser":2,"minecraft:netherrack":10325,"minecraft:oak_leaves":898,"minecraft:emerald_block":4,"minecraft:diamond_ore":387,"minecraft:red_carpet":38,"minecraft:dark_oak_leaves":27,"minecraft:red_stained_glass":3,"minecraft:gray_shulker_box":10,"minecraft:ladder":45,"minecraft:white_stained_glass":3,"minecraft:spruce_leaves":97,"minecraft:sandstone":227,"minecraft:oak_trapdoor":4,"minecraft:spruce_sapling":4,"minecraft:furnace":67,"minecraft:carrots":5,"minecraft:light_gray_shulker_box":21,"minecraft:acacia_stairs":2,"minecraft:gold_block":91,"minecraft:bookshelf":47,"minecraft:stripped_oak_log":45,"minecraft:stripped_jungle_log":1,"minecraft:packed_ice":5009,"minecraft:wet_sponge":378,"minecraft:white_tulip":10,"minecraft:stone":32124,"minecraft:yellow_shulker_box":144,"minecraft:orange_glazed_terracotta":6,"minecraft:light_blue_shulker_box":39,"minecraft:magenta_stained_glass":3,"minecraft:snow_block":381,"minecraft:polished_granite":1,"minecraft:oak_fence":14,"minecraft:crafting_table":82,"minecraft:oak_wood":4,"minecraft:stone_slab":2,"minecraft:red_glazed_terracotta":6,"minecraft:lapis_ore":443,"minecraft:lily_pad":1,"minecraft:prismarine_bricks":4196,"minecraft:spruce_stairs":46,"minecraft:birch_planks":13,"minecraft:cactus":4,"minecraft:green_shulker_box":30,"minecraft:ice":30,"minecraft:grass_path":1,"minecraft:dead_brain_coral_block":1,"minecraft:coal_ore":5728,"minecraft:cocoa":74,"minecraft:flower_pot":2,"minecraft:purple_shulker_box":25,"minecraft:cracked_stone_bricks":12,"minecraft:terracotta":3054,"minecraft:potted_white_tulip":1,"minecraft:mossy_stone_bricks":17}},"DataVersion":1631}