{"stats":{"minecraft:dropped":{"minecraft:iron_sword":2,"minecraft:porkchop":4,"minecraft:diamond":48,"minecraft:lime_stained_glass":2,"minecraft:dark_oak_slab":60,"minecraft:red_mushroom":1,"minecraft:dark_oak_fence":3,"minecraft:gold_nugget":17,"minecraft:purple_wool":2,"minecraft:dark_oak_planks":20,"minecraft:fishing_rod":1,"minecraft:white_wool":2,"minecraft:stone_axe":1,"minecraft:lever":2,"minecraft:iron_nugget":10,"minecraft:cooked_chicken":17,"minecraft:wheat":1,"minecraft:obsidian":662,"minecraft:rotten_flesh":58,"minecraft:oak_planks":12,"minecraft:pink_carpet":2,"minecraft:glowstone_dust":5,"minecraft:acacia_sapling":2,"minecraft:leather_leggings":2,"minecraft:beef":2332,"minecraft:golden_boots":24,"minecraft:wheat_seeds":244,"minecraft:coal_block":85,"minecraft:wooden_axe":2,"minecraft:potion":1,"minecraft:red_dye":26,"minecraft:acacia_planks":2,"minecraft:stone_brick_slab":45,"minecraft:player_head":6,"minecraft:cocoa_beans":9,"minecraft:white_carpet":22,"minecraft:oak_sign":4,"minecraft:diamond_sword":4,"minecraft:spruce_trapdoor":1,"minecraft:spruce_planks":39,"minecraft:diamond_pickaxe":3,"minecraft:andesite_stairs":4,"minecraft:stone_pressure_plate":10,"minecraft:barrel":26,"minecraft:stone_bricks":1,"minecraft:sandstone":128,"minecraft:bow":122,"minecraft:magma_block":2,"minecraft:terracotta":1,"minecraft:nether_brick_stairs":19,"minecraft:soul_sand":1,"minecraft:oak_log":6,"minecraft:cod":6613,"minecraft:black_shulker_box":1,"minecraft:black_concrete":23,"minecraft:leather_chestplate":1,"minecraft:trident":2,"minecraft:iron_ore":2,"minecraft:scaffolding":5,"minecraft:light_gray_concrete_powder":7,"minecraft:stone_hoe":1,"minecraft:golden_helmet":13,"minecraft:acacia_trapdoor":2,"minecraft:green_dye":1210,"minecraft:iron_door":3,"minecraft:cactus":6,"minecraft:redstone_block":126,"minecraft:kelp":22,"minecraft:oak_trapdoor":1,"minecraft:shulker_box":1,"minecraft:flint_and_steel":1,"minecraft:andesite":993,"minecraft:golden_leggings":18,"minecraft:oak_sapling":158,"minecraft:spruce_log":16,"minecraft:oak_pressure_plate":1,"minecraft:cooked_beef":13,"minecraft:leather_helmet":8,"minecraft:red_shulker_box":1,"minecraft:dirt":1174,"minecraft:stone_button":1,"minecraft:jack_o_lantern":2,"minecraft:bone_meal":2,"minecraft:phantom_membrane":3,"minecraft:bone":341,"minecraft:emerald_block":28,"minecraft:sugar_cane":165,"minecraft:polished_andesite_slab":165,"minecraft:golden_chestplate":10,"minecraft:blue_wool":1,"minecraft:light_gray_carpet":1,"minecraft:salmon":3,"minecraft:heavy_weighted_pressure_plate":4,"minecraft:charcoal":2,"minecraft:spruce_slab":3,"minecraft:egg":555,"minecraft:iron_ingot":2,"minecraft:oak_fence":2,"minecraft:feather":290,"minecraft:cobblestone":11159,"minecraft:granite":1003,"minecraft:spruce_button":2,"minecraft:spruce_door":1,"minecraft:chainmail_helmet":2,"minecraft:coal":40,"minecraft:wooden_hoe":2,"minecraft:rose_bush":64,"minecraft:paper":4,"minecraft:string":3,"minecraft:spruce_sapling":13,"minecraft:furnace":1,"minecraft:stone_sword":22,"minecraft:cobblestone_wall":2,"minecraft:smooth_stone_slab":31,"minecraft:bowl":7,"minecraft:chicken":258,"minecraft:spruce_fence":2,"minecraft:pumpkin_seeds":42,"minecraft:potato":61,"minecraft:cobblestone_slab":6,"minecraft:stone":62,"minecraft:spider_eye":2,"minecraft:birch_boat":9,"minecraft:black_wool":1,"minecraft:gold_ore":8,"minecraft:birch_planks":34,"minecraft:diamond_axe":1,"minecraft:flint":129,"minecraft:cooked_cod":177,"minecraft:cut_sandstone":4,"minecraft:birch_log":32,"minecraft:armor_stand":37,"minecraft:carrot":352,"minecraft:poppy":1,"minecraft:spruce_pressure_plate":2,"minecraft:chest":1,"minecraft:arrow":135,"minecraft:written_book":14,"minecraft:oak_leaves":1,"minecraft:netherrack":51,"minecraft:firework_rocket":96,"minecraft:water_bucket":1,"minecraft:oak_slab":1,"minecraft:minecart":1,"minecraft:stick":110,"minecraft:diorite":692,"minecraft:torch":25,"minecraft:brown_wool":64,"minecraft:lapis_block":23,"minecraft:dandelion":1,"minecraft:redstone":899,"minecraft:coarse_dirt":1,"minecraft:light_gray_wool":3,"minecraft:black_concrete_powder":256,"minecraft:diamond_chestplate":1,"minecraft:orange_terracotta":1,"minecraft:cake":4,"minecraft:oak_boat":17,"minecraft:stone_pickaxe":12,"minecraft:dead_brain_coral_block":1},"minecraft:picked_up":{"minecraft:smithing_table":10,"minecraft:lead":35,"minecraft:enchanted_book":7,"minecraft:purple_shulker_box":37,"minecraft:string":343,"minecraft:dark_oak_pressure_plate":1,"minecraft:orange_glazed_terracotta":54,"minecraft:pufferfish":16,"minecraft:diamond_leggings":3,"minecraft:diamond_ore":58,"minecraft:spruce_pressure_plate":15,"minecraft:acacia_log":435,"minecraft:cyan_stained_glass_pane":22,"minecraft:golden_chestplate":9,"minecraft:cauldron":3,"minecraft:brown_carpet":34,"minecraft:stone_sword":3,"minecraft:blue_glazed_terracotta":12,"minecraft:carved_pumpkin":218,"minecraft:red_tulip":1,"minecraft:glowstone":52,"minecraft:end_rod":246,"minecraft:bookshelf":4,"minecraft:white_terracotta":1775,"minecraft:blaze_rod":72,"minecraft:iron_bars":48,"minecraft:snowball":82,"minecraft:cooked_beef":441,"minecraft:feather":2058,"minecraft:water_bucket":4,"minecraft:brown_wool":520,"minecraft:dark_oak_boat":8,"minecraft:flint":923,"minecraft:lantern":340,"minecraft:cyan_concrete_powder":1,"minecraft:gray_concrete_powder":100,"minecraft:stonecutter":13,"minecraft:dark_oak_sign":17,"minecraft:diamond_helmet":1,"minecraft:stripped_spruce_log":18,"minecraft:dead_fire_coral_fan":34,"minecraft:acacia_stairs":3,"minecraft:polished_andesite":4,"minecraft:lever":20,"minecraft:granite":3383,"minecraft:spruce_button":4,"minecraft:jack_o_lantern":3,"minecraft:light_gray_carpet":10,"minecraft:diamond_pickaxe":13,"minecraft:clay_ball":28,"minecraft:leather_leggings":43,"minecraft:redstone_lamp":4,"minecraft:heavy_weighted_pressure_plate":9,"minecraft:elytra":10,"minecraft:white_carpet":245,"minecraft:white_stained_glass":66,"minecraft:iron_shovel":2,"minecraft:glass_pane":27,"minecraft:jungle_sapling":28,"minecraft:poppy":190,"minecraft:spruce_slab":728,"minecraft:minecart":15,"minecraft:birch_sapling":89,"minecraft:piston":36,"minecraft:black_stained_glass":2311,"minecraft:stone":5087,"minecraft:cyan_glazed_terracotta":1,"minecraft:white_dye":85,"minecraft:diamond_chestplate":7,"minecraft:stone_shovel":2,"minecraft:hay_block":7,"minecraft:yellow_terracotta":102,"minecraft:totem_of_undying":5,"minecraft:mutton":68,"minecraft:rail":176,"minecraft:bone_block":243,"minecraft:yellow_shulker_box":19,"minecraft:clock":3,"minecraft:tripwire_hook":27,"minecraft:jungle_fence":3,"minecraft:yellow_dye":80,"minecraft:acacia_wood":163,"minecraft:lily_pad":2,"minecraft:paper":186,"minecraft:apple":104,"minecraft:light_gray_glazed_terracotta":51,"minecraft:yellow_stained_glass":25,"minecraft:stone_pickaxe":12,"minecraft:pufferfish_bucket":1,"minecraft:iron_ore":2989,"minecraft:dark_oak_stairs":180,"minecraft:milk_bucket":3,"minecraft:light_gray_stained_glass":2,"minecraft:sweet_berries":67,"minecraft:red_wool":825,"minecraft:leather_helmet":9,"minecraft:oak_wood":18,"minecraft:diamond_shovel":6,"minecraft:coal_ore":885,"minecraft:slime_ball":173,"minecraft:painting":74,"minecraft:birch_sign":2,"minecraft:baked_potato":48,"minecraft:hopper":4,"minecraft:black_carpet":35,"minecraft:nether_brick_fence":1,"minecraft:ender_chest":2,"minecraft:yellow_wool":441,"minecraft:stone_brick_stairs":121,"minecraft:lapis_block":33,"minecraft:smooth_stone":133,"minecraft:comparator":27,"minecraft:bucket":5,"minecraft:red_dye":120,"minecraft:rose_bush":210,"minecraft:cobblestone_slab":4,"minecraft:iron_pickaxe":7,"minecraft:blue_wool":1010,"minecraft:birch_trapdoor":16,"minecraft:spruce_stairs":537,"minecraft:diorite":3447,"minecraft:vine":587,"minecraft:andesite_wall":1,"minecraft:rotten_flesh":438,"minecraft:brown_shulker_box":33,"minecraft:obsidian":733,"minecraft:blaze_powder":16,"minecraft:cobblestone":48320,"minecraft:leather_chestplate":35,"minecraft:lilac":2,"minecraft:repeater":38,"minecraft:andesite":3736,"minecraft:black_bed":6,"minecraft:golden_leggings":10,"minecraft:potato":577,"minecraft:smooth_sandstone_stairs":16,"minecraft:dirt":14740,"minecraft:stripped_birch_log":6,"minecraft:cut_sandstone_slab":6,"minecraft:name_tag":4,"minecraft:glass":22,"minecraft:bone":1748,"minecraft:acacia_planks":2,"minecraft:bow":108,"minecraft:wheat_seeds":7162,"minecraft:orange_tulip":6,"minecraft:grindstone":3,"minecraft:mossy_stone_bricks":16,"minecraft:fletching_table":1,"minecraft:bamboo":274,"minecraft:gray_stained_glass":5,"minecraft:black_stained_glass_pane":46,"minecraft:light_blue_shulker_box":53,"minecraft:nether_brick_stairs":206,"minecraft:grass_block":102,"minecraft:diamond_block":1,"minecraft:jungle_slab":36,"minecraft:mossy_cobblestone":11,"minecraft:jungle_leaves":4,"minecraft:light_gray_terracotta":831,"minecraft:sugar":1,"minecraft:light_blue_terracotta":37,"minecraft:slime_block":8,"minecraft:crossbow":3,"minecraft:bone_meal":187,"minecraft:grass":2,"minecraft:emerald":42,"minecraft:netherrack":658,"minecraft:andesite_slab":8,"minecraft:oak_leaves":145,"minecraft:splash_potion":7,"minecraft:ladder":134,"minecraft:brown_mushroom":31,"minecraft:packed_ice":9,"minecraft:pink_wool":106,"minecraft:shield":1,"minecraft:oak_trapdoor":2,"minecraft:lime_wool":816,"minecraft:end_stone":1,"minecraft:note_block":8,"minecraft:cookie":3,"minecraft:trident":3,"minecraft:stone_pressure_plate":10,"minecraft:tube_coral":8,"minecraft:red_shulker_box":321,"minecraft:pumpkin_pie":18,"minecraft:nether_bricks":6,"minecraft:purple_dye":2,"minecraft:leather":4178,"minecraft:chainmail_chestplate":1,"minecraft:cobblestone_wall":201,"minecraft:gunpowder":93,"minecraft:orange_terracotta":182,"minecraft:cooked_mutton":1,"minecraft:red_carpet":29,"minecraft:gray_carpet":9,"minecraft:acacia_trapdoor":72,"minecraft:spruce_wood":159,"minecraft:iron_ingot":130,"minecraft:cooked_chicken":77,"minecraft:polished_andesite_slab":117,"minecraft:emerald_block":67,"minecraft:stone_brick_slab":188,"minecraft:quartz":2452,"minecraft:dandelion":112,"minecraft:green_stained_glass":3,"minecraft:red_banner":12,"minecraft:nether_brick_slab":64,"minecraft:spruce_door":24,"minecraft:pumpkin_seeds":600,"minecraft:white_concrete_powder":34,"minecraft:chainmail_leggings":3,"minecraft:terracotta":1561,"minecraft:dark_oak_wood":8,"minecraft:wooden_axe":3,"minecraft:seagrass":9,"minecraft:birch_door":2,"minecraft:iron_chestplate":9,"minecraft:chainmail_boots":7,"minecraft:flower_pot":2,"minecraft:anvil":5,"minecraft:diamond_sword":12,"minecraft:oak_stairs":171,"minecraft:brewing_stand":3,"minecraft:dark_oak_trapdoor":147,"minecraft:cooked_salmon":1,"minecraft:red_nether_bricks":24,"minecraft:gold_nugget":4,"minecraft:spruce_planks":2277,"minecraft:written_book":44,"minecraft:melon_slice":58,"minecraft:coal_block":194,"minecraft:dark_oak_door":4,"minecraft:golden_helmet":10,"minecraft:white_glazed_terracotta":27,"minecraft:composter":8,"minecraft:sandstone_wall":2,"minecraft:light_gray_bed":7,"minecraft:light_blue_wool":559,"minecraft:tropical_fish":2,"minecraft:iron_block":11,"minecraft:cyan_terracotta":227,"minecraft:birch_log":269,"minecraft:magma_block":176,"minecraft:jungle_log":361,"minecraft:iron_door":9,"minecraft:birch_slab":3,"minecraft:green_concrete_powder":3,"minecraft:smoker":48,"minecraft:gray_concrete":689,"minecraft:light_gray_concrete_powder":43,"minecraft:glowstone_dust":337,"minecraft:dropper":106,"minecraft:ink_sac":206,"minecraft:loom":3,"minecraft:dark_oak_log":1299,"minecraft:barrel":95,"minecraft:dispenser":8,"minecraft:black_concrete_powder":90,"minecraft:green_concrete":353,"minecraft:writable_book":10,"minecraft:dead_brain_coral_block":1,"minecraft:chainmail_helmet":2,"minecraft:dark_oak_fence":636,"minecraft:bricks":30,"minecraft:coarse_dirt":14,"minecraft:crafting_table":81,"minecraft:sandstone_slab":57,"minecraft:bubble_coral_fan":32,"minecraft:purple_wool":889,"minecraft:nether_wart":112,"minecraft:cracked_stone_bricks":87,"minecraft:cartography_table":3,"minecraft:beef":6230,"minecraft:cyan_wool":139,"minecraft:iron_nugget":12,"minecraft:chest":148,"minecraft:quartz_stairs":161,"minecraft:egg":3296,"minecraft:sandstone":8246,"minecraft:spruce_fence":223,"minecraft:cake":1,"minecraft:carrot":906,"minecraft:redstone":13047,"minecraft:blue_carpet":42,"minecraft:cooked_cod":127,"minecraft:peony":2,"minecraft:shears":5,"minecraft:diamond_boots":4,"minecraft:sandstone_stairs":47,"minecraft:gold_ingot":4,"minecraft:white_shulker_box":65,"minecraft:white_wool":780,"minecraft:lapis_ore":29,"minecraft:stripped_oak_log":145,"minecraft:red_mushroom":12,"minecraft:filled_map":2,"minecraft:oak_log":2459,"minecraft:golden_boots":6,"minecraft:blue_bed":4,"minecraft:white_banner":3,"minecraft:birch_pressure_plate":14,"minecraft:stone_bricks":853,"minecraft:kelp":381,"minecraft:cobweb":2,"minecraft:glass_bottle":3,"minecraft:iron_sword":8,"minecraft:dark_oak_slab":234,"minecraft:white_stained_glass_pane":28,"minecraft:light_blue_glazed_terracotta":4,"minecraft:gravel":6645,"minecraft:birch_stairs":7,"minecraft:spruce_sapling":305,"minecraft:spruce_log":2758,"minecraft:sea_lantern":73,"minecraft:firework_rocket":567,"minecraft:purple_bed":4,"minecraft:stone_axe":6,"minecraft:redstone_ore":343,"minecraft:diamond_axe":9,"minecraft:oak_button":1,"minecraft:stripped_dark_oak_log":381,"minecraft:ender_pearl":12,"minecraft:wheat":2738,"minecraft:redstone_block":432,"minecraft:light_gray_shulker_box":14,"minecraft:potion":3,"minecraft:brain_coral_block":1,"minecraft:cod_bucket":2,"minecraft:smooth_stone_slab":257,"minecraft:iron_leggings":14,"minecraft:armor_stand":372,"minecraft:sticky_piston":9,"minecraft:oak_sign":136,"minecraft:sea_pickle":761,"minecraft:black_shulker_box":460,"minecraft:dark_oak_leaves":127,"minecraft:redstone_torch":109,"minecraft:furnace":38,"minecraft:iron_boots":5,"minecraft:stick":534,"minecraft:orange_shulker_box":26,"minecraft:oak_fence":59,"minecraft:torch":1418,"minecraft:porkchop":27,"minecraft:quartz_block":43,"minecraft:cactus":194,"minecraft:fire_coral_fan":32,"minecraft:cod":2919,"minecraft:nautilus_shell":2,"minecraft:magma_cream":5,"minecraft:chiseled_quartz_block":80,"minecraft:acacia_boat":1,"minecraft:green_shulker_box":1,"minecraft:lapis_lazuli":4127,"minecraft:leather_boots":31,"minecraft:light_blue_dye":2,"minecraft:powered_rail":26,"minecraft:oak_planks":951,"minecraft:black_terracotta":6,"minecraft:cooked_porkchop":2,"minecraft:jungle_planks":1,"minecraft:oak_pressure_plate":2,"minecraft:sand":13333,"minecraft:cyan_bed":2,"minecraft:chiseled_sandstone":1,"minecraft:shulker_box":229,"minecraft:orange_wool":558,"minecraft:light_gray_concrete":128,"minecraft:spruce_fence_gate":23,"minecraft:black_concrete":3826,"minecraft:spruce_boat":28,"minecraft:diamond":935,"minecraft:white_concrete":109,"minecraft:oak_sapling":817,"minecraft:bubble_coral_block":1,"minecraft:end_stone_bricks":227,"minecraft:fishing_rod":4,"minecraft:cocoa_beans":68,"minecraft:charcoal":14,"minecraft:allium":71,"minecraft:chicken":1533,"minecraft:turtle_helmet":3,"minecraft:wooden_pickaxe":1,"minecraft:gold_block":13,"minecraft:wooden_sword":2,"minecraft:quartz_slab":14,"minecraft:item_frame":30,"minecraft:cyan_carpet":3,"minecraft:andesite_stairs":17,"minecraft:oak_boat":79,"minecraft:player_head":352,"minecraft:observer":7,"minecraft:light_gray_wool":179,"minecraft:lectern":1,"minecraft:blue_shulker_box":198,"minecraft:sugar_cane":875,"minecraft:phantom_membrane":1113,"minecraft:spruce_trapdoor":368,"minecraft:dark_oak_sapling":172,"minecraft:bowl":5,"minecraft:quartz_pillar":4,"minecraft:stone_button":15,"minecraft:magenta_shulker_box":64,"minecraft:dark_oak_planks":97,"minecraft:smooth_sandstone_slab":50,"minecraft:arrow":986,"minecraft:jungle_stairs":10,"minecraft:saddle":3,"minecraft:lime_stained_glass":10,"minecraft:salmon":60,"minecraft:cut_sandstone":140,"minecraft:birch_planks":155,"minecraft:yellow_glazed_terracotta":14,"minecraft:nether_wart_block":8,"minecraft:cobblestone_stairs":51,"minecraft:wooden_hoe":3,"minecraft:smooth_sandstone":30,"minecraft:acacia_sapling":178,"minecraft:soul_sand":37,"minecraft:green_dye":129,"minecraft:book":74,"minecraft:oak_slab":440,"minecraft:scaffolding":365,"minecraft:pumpkin":44,"minecraft:birch_boat":31,"minecraft:red_concrete_powder":8,"minecraft:brain_coral_fan":32,"minecraft:white_bed":18,"minecraft:gold_ore":672,"minecraft:dark_oak_fence_gate":1,"minecraft:spider_eye":44,"minecraft:cyan_banner":5,"minecraft:lime_dye":4,"minecraft:campfire":47,"minecraft:iron_helmet":4,"minecraft:black_wool":425,"minecraft:acacia_slab":11,"minecraft:red_concrete":2,"minecraft:coal":13824},"minecraft:broken":{"minecraft:wooden_shovel":6,"minecraft:shears":18,"minecraft:diamond_shovel":13,"minecraft:wooden_pickaxe":1,"minecraft:shield":1,"minecraft:iron_pickaxe":48,"minecraft:stone_pickaxe":5,"minecraft:stone_axe":27,"minecraft:stone_shovel":15,"minecraft:diamond_axe":1,"minecraft:iron_sword":2,"minecraft:stone_sword":3,"minecraft:chainmail_helmet":1,"minecraft:iron_axe":4,"minecraft:wooden_axe":4},"minecraft:used":{"minecraft:writable_book":36,"minecraft:dispenser":5,"minecraft:black_carpet":42,"minecraft:stone":323,"minecraft:quartz_stairs":348,"minecraft:tube_coral":23,"minecraft:soul_sand":34,"minecraft:cocoa_beans":3,"minecraft:snowball":10,"minecraft:spruce_boat":40,"minecraft:jungle_sapling":16,"minecraft:packed_ice":7,"minecraft:lava_bucket":72,"minecraft:quartz_pillar":64,"minecraft:red_wool":1303,"minecraft:quartz_block":256,"minecraft:dark_oak_leaves":127,"minecraft:dark_oak_slab":1125,"minecraft:bow":647,"minecraft:yellow_glazed_terracotta":14,"minecraft:oak_sapling":188,"minecraft:mossy_stone_bricks":252,"minecraft:chorus_fruit":1,"minecraft:cactus":58,"minecraft:wooden_pickaxe":60,"minecraft:composter":28,"minecraft:golden_apple":1,"minecraft:cut_sandstone_slab":49,"minecraft:blast_furnace":1,"minecraft:chiseled_quartz_block":204,"minecraft:gray_concrete":355,"minecraft:birch_slab":5,"minecraft:white_glazed_terracotta":78,"minecraft:oak_pressure_plate":3,"minecraft:nether_wart_block":124,"minecraft:diamond_sword":10186,"minecraft:coal_block":137,"minecraft:smithing_table":56,"minecraft:birch_log":17,"minecraft:oak_boat":76,"minecraft:purple_wool":672,"minecraft:oak_trapdoor":35,"minecraft:carved_pumpkin":1,"minecraft:armor_stand":1221,"minecraft:light_gray_carpet":10,"minecraft:torch":3259,"minecraft:brewing_stand":4,"minecraft:nether_quartz_ore":320,"minecraft:cod_bucket":1,"minecraft:light_gray_glazed_terracotta":51,"minecraft:sea_lantern":37,"minecraft:iron_block":27,"minecraft:light_weighted_pressure_plate":3,"minecraft:jungle_log":60,"minecraft:barrel":191,"minecraft:bamboo":21,"minecraft:acacia_planks":2,"minecraft:horn_coral_fan":8,"minecraft:wheat_seeds":2741,"minecraft:light_blue_shulker_box":51,"minecraft:tube_coral_block":7,"minecraft:birch_planks":191,"minecraft:cauldron":3,"minecraft:spruce_fence_gate":67,"minecraft:diamond_block":2,"minecraft:rail":171,"minecraft:cyan_glazed_terracotta":1,"minecraft:red_bed":1,"minecraft:campfire":218,"minecraft:white_bed":22,"minecraft:spruce_log":731,"minecraft:blue_stained_glass_pane":14,"minecraft:diamond_pickaxe":119288,"minecraft:diamond_shovel":25990,"minecraft:oak_button":4,"minecraft:spruce_pressure_plate":37,"minecraft:spruce_trapdoor":1352,"minecraft:spruce_sapling":138,"minecraft:blue_carpet":188,"minecraft:green_carpet":18,"minecraft:potion":41,"minecraft:purple_bed":5,"minecraft:cooked_porkchop":13,"minecraft:andesite_stairs":25,"minecraft:stripped_oak_log":70,"minecraft:green_stained_glass":1,"minecraft:bone_block":651,"minecraft:nether_wart":38,"minecraft:bubble_coral":15,"minecraft:orange_glazed_terracotta":74,"minecraft:jungle_planks":1,"minecraft:bricks":90,"minecraft:spruce_wood":129,"minecraft:lantern":600,"minecraft:light_blue_bed":2,"minecraft:item_frame":131,"minecraft:birch_trapdoor":31,"minecraft:horn_coral":21,"minecraft:written_book":21172,"minecraft:blue_shulker_box":192,"minecraft:gold_block":39,"minecraft:dark_oak_sapling":96,"minecraft:tube_coral_fan":32,"minecraft:end_rod":256,"minecraft:dropper":123,"minecraft:stone_pickaxe":660,"minecraft:gray_carpet":7,"minecraft:jungle_fence":4,"minecraft:oak_planks":2862,"minecraft:sandstone":5302,"minecraft:sugar_cane":47,"minecraft:diamond_axe":12561,"minecraft:white_wool":560,"minecraft:lime_stained_glass_pane":12,"minecraft:light_blue_wool":460,"minecraft:crossbow":11,"minecraft:end_stone":1,"minecraft:sticky_piston":15,"minecraft:black_terracotta":6,"minecraft:dead_fire_coral_fan":32,"minecraft:lever":49,"minecraft:blue_glazed_terracotta":28,"minecraft:dark_oak_log":265,"minecraft:bread":1,"minecraft:brown_wool":369,"minecraft:iron_door":10,"minecraft:pufferfish_bucket":1,"minecraft:smooth_stone_slab":1786,"minecraft:coarse_dirt":8,"minecraft:bone_meal":2612,"minecraft:rose_bush":1,"minecraft:flint_and_steel":24,"minecraft:redstone":431,"minecraft:ender_chest":4,"minecraft:brown_shulker_box":33,"minecraft:stone_hoe":110,"minecraft:cooked_chicken":700,"minecraft:dried_kelp_block":4,"minecraft:dirt":2208,"minecraft:spruce_fence":363,"minecraft:wooden_axe":238,"minecraft:oak_stairs":487,"minecraft:smooth_sandstone":450,"minecraft:lime_stained_glass":638,"minecraft:minecart":20,"minecraft:cooked_beef":789,"minecraft:light_gray_bed":7,"minecraft:orange_stained_glass_pane":14,"minecraft:pumpkin":15,"minecraft:cobblestone_stairs":41,"minecraft:snow_block":2,"minecraft:baked_potato":114,"minecraft:red_nether_bricks":24,"minecraft:birch_boat":26,"minecraft:cut_sandstone":183,"minecraft:piston":35,"minecraft:wooden_hoe":40,"minecraft:flower_pot":2,"minecraft:black_wool":1906,"minecraft:lapis_ore":29,"minecraft:jungle_stairs":66,"minecraft:yellow_wool":328,"minecraft:stone_axe":4001,"minecraft:cyan_stained_glass_pane":58,"minecraft:lapis_block":179,"minecraft:sea_pickle":723,"minecraft:gray_wool":2,"minecraft:birch_stairs":66,"minecraft:peony":1,"minecraft:nether_brick_fence":5,"minecraft:spruce_slab":1485,"minecraft:ladder":284,"minecraft:chest":205,"minecraft:white_shulker_box":65,"minecraft:jungle_slab":45,"minecraft:orange_wool":247,"minecraft:acacia_sapling":46,"minecraft:stripped_spruce_log":8,"minecraft:grass_block":14,"minecraft:black_stained_glass_pane":89,"minecraft:orange_shulker_box":26,"minecraft:pink_wool":106,"minecraft:stone_brick_stairs":294,"minecraft:red_stained_glass_pane":16,"minecraft:dark_oak_boat":16,"minecraft:sweet_berries":12,"minecraft:furnace":48,"minecraft:egg":3015,"minecraft:potato":162,"minecraft:seagrass":9,"minecraft:dead_brain_coral_fan":32,"minecraft:magenta_shulker_box":63,"minecraft:diorite":27,"minecraft:end_stone_bricks":366,"minecraft:spruce_door":27,"minecraft:acacia_trapdoor":70,"minecraft:powered_rail":26,"minecraft:jungle_pressure_plate":1,"minecraft:oak_leaves":66,"minecraft:cookie":3,"minecraft:dark_oak_trapdoor":183,"minecraft:sand":5581,"minecraft:black_concrete_powder":4743,"minecraft:pumpkin_seeds":43,"minecraft:stone_button":24,"minecraft:cyan_carpet":7,"minecraft:lectern":5,"minecraft:diamond_ore":58,"minecraft:lilac":1,"minecraft:polished_andesite_slab":336,"minecraft:wooden_sword":7,"minecraft:bubble_coral_block":8,"minecraft:dark_oak_fence":854,"minecraft:white_stained_glass":52,"minecraft:green_concrete_powder":925,"minecraft:iron_bars":299,"minecraft:stone_sword":621,"minecraft:acacia_log":41,"minecraft:brain_coral_fan":32,"minecraft:red_concrete":2,"minecraft:sandstone_wall":22,"minecraft:netherrack":616,"minecraft:light_gray_shulker_box":13,"minecraft:anvil":10,"minecraft:nether_brick_slab":6,"minecraft:jungle_trapdoor":12,"minecraft:nether_brick_stairs":312,"minecraft:red_shulker_box":321,"minecraft:iron_axe":982,"minecraft:slime_block":11,"minecraft:totem_of_undying":9,"minecraft:tripwire_hook":39,"minecraft:glowstone":53,"minecraft:acacia_wood":241,"minecraft:orange_terracotta":1,"minecraft:water_bucket":1079,"minecraft:light_blue_glazed_terracotta":7,"minecraft:sandstone_stairs":346,"minecraft:yellow_shulker_box":19,"minecraft:cartography_table":3,"minecraft:lime_wool":570,"minecraft:bubble_coral_fan":43,"minecraft:smooth_sandstone_slab":342,"minecraft:red_mushroom_block":63,"minecraft:fletching_table":1,"minecraft:cracked_stone_bricks":232,"minecraft:mossy_cobblestone":14,"minecraft:vine":157,"minecraft:comparator":11,"minecraft:oak_slab":2374,"minecraft:crafting_table":104,"minecraft:dark_oak_fence_gate":3,"minecraft:fire_coral":15,"minecraft:cake":3,"minecraft:oak_log":609,"minecraft:iron_pickaxe":12768,"minecraft:cobblestone":6133,"minecraft:red_concrete_powder":9,"minecraft:sandstone_slab":724,"minecraft:glass_pane":19,"minecraft:kelp":12,"minecraft:brown_mushroom_block":64,"minecraft:light_blue_stained_glass_pane":12,"minecraft:iron_shovel":115,"minecraft:carrot_on_a_stick":384,"minecraft:oak_sign":209,"minecraft:white_concrete_powder":475,"minecraft:white_terracotta":95,"minecraft:iron_sword":707,"minecraft:purple_shulker_box":36,"minecraft:player_head":181,"minecraft:smooth_sandstone_stairs":170,"minecraft:birch_pressure_plate":38,"minecraft:nether_bricks":60,"minecraft:carrot":211,"minecraft:milk_bucket":8,"minecraft:glass":181,"minecraft:cyan_terracotta":196,"minecraft:coal_ore":814,"minecraft:quartz_slab":90,"minecraft:dark_oak_wood":38,"minecraft:gray_concrete_powder":485,"minecraft:stone_bricks":2923,"minecraft:repeater":97,"minecraft:red_carpet":186,"minecraft:redstone_lamp":19,"minecraft:magma_block":46,"minecraft:brown_carpet":43,"minecraft:hay_block":17,"minecraft:scaffolding":395,"minecraft:fire_coral_fan":32,"minecraft:dark_oak_stairs":280,"minecraft:dark_oak_sign":72,"minecraft:ender_pearl":2,"minecraft:redstone_block":120,"minecraft:blue_bed":6,"minecraft:brain_coral":26,"minecraft:loom":5,"minecraft:light_gray_terracotta":437,"minecraft:note_block":62,"minecraft:black_bed":7,"minecraft:shears":3513,"minecraft:redstone_torch":78,"minecraft:green_concrete":193,"minecraft:black_concrete":3683,"minecraft:firework_rocket":126,"minecraft:melon_slice":1,"minecraft:heavy_weighted_pressure_plate":4,"minecraft:light_gray_concrete":92,"minecraft:cyan_bed":4,"minecraft:string":762,"minecraft:gravel":1595,"minecraft:grindstone":4,"minecraft:andesite":107,"minecraft:white_concrete":66,"minecraft:tropical_fish_bucket":4,"minecraft:cobweb":19,"minecraft:oak_fence":55,"minecraft:trident":29,"minecraft:redstone_ore":343,"minecraft:stone_shovel":1985,"minecraft:light_blue_terracotta":178,"minecraft:spruce_planks":1120,"minecraft:wooden_shovel":361,"minecraft:white_carpet":180,"minecraft:hopper":2,"minecraft:spruce_stairs":1070,"minecraft:cobblestone_wall":351,"minecraft:shulker_box":227,"minecraft:oak_wood":41,"minecraft:pink_carpet":1,"minecraft:salmon_bucket":4,"minecraft:granite":143,"minecraft:andesite_wall":5,"minecraft:birch_door":2,"minecraft:purple_stained_glass_pane":16,"minecraft:stone_brick_slab":174,"minecraft:dark_oak_planks":384,"minecraft:bookshelf":61,"minecraft:yellow_stained_glass":555,"minecraft:acacia_slab":29,"minecraft:light_gray_wool":60,"minecraft:golden_carrot":4,"minecraft:emerald_block":28,"minecraft:white_stained_glass_pane":210,"minecraft:cyan_banner":11,"minecraft:horn_coral_block":4,"minecraft:brain_coral_block":9,"minecraft:cooked_mutton":4,"minecraft:acacia_boat":1,"minecraft:glass_bottle":115,"minecraft:polished_andesite":10,"minecraft:blue_wool":1087,"minecraft:andesite_slab":30,"minecraft:black_shulker_box":455,"minecraft:stonecutter":14,"minecraft:cobblestone_slab":4,"minecraft:terracotta":51,"minecraft:stripped_dark_oak_log":332,"minecraft:yellow_stained_glass_pane":12,"minecraft:light_gray_concrete_powder":482,"minecraft:painting":92,"minecraft:dark_oak_door":7,"minecraft:smoker":82,"minecraft:acacia_stairs":73,"minecraft:apple":30,"minecraft:fishing_rod":100,"minecraft:green_shulker_box":2,"minecraft:white_banner":1,"minecraft:red_banner":26,"minecraft:bucket":1170,"minecraft:smooth_stone":172,"minecraft:splash_potion":15},"minecraft:crafted":{"minecraft:lime_stained_glass":16,"minecraft:black_dye":444,"minecraft:red_stained_glass_pane":16,"minecraft:yellow_wool":28,"minecraft:oak_sign":87,"minecraft:blaze_powder":30,"minecraft:birch_boat":1,"minecraft:blue_stained_glass_pane":16,"minecraft:diamond_shovel":15,"minecraft:gray_wool":2,"minecraft:cracked_stone_bricks":384,"minecraft:diamond_helmet":2,"minecraft:white_glazed_terracotta":64,"minecraft:stone_pressure_plate":11,"minecraft:iron_door":9,"minecraft:dried_kelp_block":38,"minecraft:cyan_banner":11,"minecraft:black_wool":12,"minecraft:white_shulker_box":1,"minecraft:name_tag":18,"minecraft:lime_concrete_powder":8,"minecraft:blue_stained_glass":8,"minecraft:redstone_lamp":15,"minecraft:end_rod":172,"minecraft:acacia_slab":24,"minecraft:fern":2,"minecraft:jungle_pressure_plate":1,"minecraft:smithing_table":49,"minecraft:mossy_cobblestone":32,"minecraft:sticky_piston":6,"minecraft:nether_brick_fence":6,"minecraft:fletching_table":1,"minecraft:green_stained_glass":8,"minecraft:painting":27,"minecraft:cartography_table":1,"minecraft:stone_brick_stairs":360,"minecraft:lectern":7,"minecraft:wooden_hoe":9,"minecraft:golden_leggings":4,"minecraft:stone_slab":12,"minecraft:iron_pickaxe":56,"minecraft:sandstone":251,"minecraft:composter":25,"minecraft:golden_carrot":27,"minecraft:orange_shulker_box":1,"minecraft:iron_nugget":2431,"minecraft:red_banner":16,"minecraft:jack_o_lantern":1,"minecraft:blue_shulker_box":2,"minecraft:lime_stained_glass_pane":16,"minecraft:spruce_fence":378,"minecraft:lantern":279,"minecraft:spruce_stairs":744,"minecraft:black_concrete_powder":5576,"minecraft:red_shulker_box":4,"minecraft:stone_pickaxe":20,"minecraft:quartz_slab":396,"minecraft:spruce_boat":10,"minecraft:lead":2,"minecraft:light_gray_terracotta":104,"minecraft:light_blue_glazed_terracotta":64,"minecraft:cyan_bed":3,"minecraft:acacia_trapdoor":48,"minecraft:light_blue_wool":16,"minecraft:yellow_stained_glass_pane":16,"minecraft:leather_helmet":12,"minecraft:acacia_stairs":168,"minecraft:red_carpet":159,"minecraft:enchanted_book":49,"minecraft:orange_dye":28,"minecraft:red_stained_glass":8,"minecraft:chainmail_boots":1,"minecraft:fermented_spider_eye":11,"minecraft:birch_trapdoor":20,"minecraft:black_stained_glass_pane":96,"minecraft:writable_book":11,"minecraft:iron_shovel":2,"minecraft:armor_stand":878,"minecraft:note_block":55,"minecraft:grindstone":1,"minecraft:cobblestone_slab":6,"minecraft:barrel":133,"minecraft:cooked_chicken":867,"minecraft:stone":4631,"minecraft:pink_carpet":3,"minecraft:heavy_weighted_pressure_plate":11,"minecraft:quartz_pillar":64,"minecraft:brown_carpet":39,"minecraft:cake":26,"minecraft:stone_brick_slab":240,"minecraft:bow":70,"minecraft:orange_stained_glass_pane":16,"minecraft:comparator":8,"minecraft:chest":133,"minecraft:oak_button":7,"minecraft:jungle_stairs":80,"minecraft:rail":128,"minecraft:ender_eye":3,"minecraft:stone_bricks":3548,"minecraft:oak_fence":51,"minecraft:golden_boots":6,"minecraft:white_banner":3,"minecraft:dropper":81,"minecraft:arrow":60,"minecraft:cauldron":2,"minecraft:brown_dye":5,"minecraft:iron_helmet":11,"minecraft:birch_pressure_plate":25,"minecraft:red_wool":176,"minecraft:white_stained_glass_pane":192,"minecraft:yellow_stained_glass":8,"minecraft:dispenser":4,"minecraft:tnt":1,"minecraft:spruce_trapdoor":1178,"minecraft:purple_dye":34,"minecraft:yellow_dye":45,"minecraft:stick":9864,"minecraft:iron_ingot":3665,"minecraft:andesite_stairs":8,"minecraft:light_blue_shulker_box":1,"minecraft:black_bed":1,"minecraft:light_blue_stained_glass":8,"minecraft:cyan_carpet":9,"minecraft:dark_oak_fence_gate":2,"minecraft:blue_terracotta":64,"minecraft:orange_glazed_terracotta":64,"minecraft:fishing_rod":4,"minecraft:tripwire_hook":36,"minecraft:leather_boots":260,"minecraft:golden_chestplate":4,"minecraft:mossy_stone_bricks":281,"minecraft:furnace":56,"minecraft:blast_furnace":1,"minecraft:piston":13,"minecraft:polished_andesite_slab":384,"minecraft:oak_trapdoor":40,"minecraft:flint_and_steel":2,"minecraft:scaffolding":66,"minecraft:white_concrete_powder":488,"minecraft:cobblestone_wall":372,"minecraft:brown_shulker_box":1,"minecraft:magma_cream":7,"minecraft:smooth_sandstone_stairs":184,"minecraft:light_blue_stained_glass_pane":16,"minecraft:purple_stained_glass":8,"minecraft:purple_shulker_box":1,"minecraft:iron_sword":57,"minecraft:cooked_salmon":11,"minecraft:jungle_planks":1376,"minecraft:white_dye":204,"minecraft:black_carpet":45,"minecraft:blue_wool":34,"minecraft:stonecutter":1,"minecraft:anvil":6,"minecraft:torch":2520,"minecraft:diamond_chestplate":6,"minecraft:ender_chest":3,"minecraft:light_gray_concrete_powder":536,"minecraft:smooth_stone":1445,"minecraft:cut_sandstone":160,"minecraft:dark_oak_pressure_plate":1,"minecraft:cut_sandstone_slab":66,"minecraft:purple_bed":2,"minecraft:dark_oak_wood":45,"minecraft:orange_stained_glass":8,"minecraft:oak_pressure_plate":3,"minecraft:birch_slab":12,"minecraft:slime_block":7,"minecraft:loom":3,"minecraft:lever":36,"minecraft:bookshelf":85,"minecraft:cooked_mutton":3,"minecraft:iron_bars":352,"minecraft:red_concrete_powder":40,"minecraft:magenta_shulker_box":1,"minecraft:quartz_block":583,"minecraft:glass":471,"minecraft:light_blue_terracotta":256,"minecraft:repeater":68,"minecraft:diamond_leggings":2,"minecraft:cyan_stained_glass_pane":48,"minecraft:birch_door":6,"minecraft:chiseled_quartz_block":160,"minecraft:magenta_dye":1,"minecraft:flower_pot":6,"minecraft:glass_bottle":78,"minecraft:wooden_shovel":9,"minecraft:emerald":1806,"minecraft:cooked_porkchop":21,"minecraft:diamond_axe":9,"minecraft:spruce_door":27,"minecraft:clock":3,"minecraft:hay_block":17,"minecraft:oak_wood":54,"minecraft:campfire":192,"minecraft:knowledge_book":1,"minecraft:light_gray_bed":1,"minecraft:compass":7,"minecraft:iron_block":189,"minecraft:light_blue_bed":2,"minecraft:gold_ingot":764,"minecraft:light_gray_dye":122,"minecraft:spruce_fence_gate":53,"minecraft:birch_stairs":112,"minecraft:stone_shovel":16,"minecraft:smooth_stone_slab":2696,"minecraft:leather_leggings":445,"minecraft:player_head":938,"minecraft:bone_meal":13188,"minecraft:cyan_stained_glass":16,"minecraft:pink_dye":4,"minecraft:white_carpet":177,"minecraft:orange_wool":16,"minecraft:diamond":207,"minecraft:dark_oak_fence":573,"minecraft:yellow_glazed_terracotta":64,"minecraft:ladder":312,"minecraft:spruce_slab":906,"minecraft:ender_pearl":2,"minecraft:diamond_boots":2,"minecraft:redstone_block":1356,"minecraft:jungle_fence":9,"minecraft:dark_oak_planks":3112,"minecraft:wheat":1161,"minecraft:coal_block":1441,"minecraft:cyan_glazed_terracotta":32,"minecraft:purple_stained_glass_pane":16,"minecraft:crossbow":8,"minecraft:dried_kelp":354,"minecraft:red_bed":1,"minecraft:blue_bed":2,"minecraft:sandstone_slab":910,"minecraft:gray_concrete_powder":576,"minecraft:glowstone":79,"minecraft:white_stained_glass":112,"minecraft:jungle_slab":324,"minecraft:oak_stairs":528,"minecraft:wooden_axe":5,"minecraft:iron_leggings":27,"minecraft:white_bed":6,"minecraft:lime_wool":2,"minecraft:light_gray_glazed_terracotta":64,"minecraft:nether_brick_stairs":208,"minecraft:blue_carpet":183,"minecraft:brick":28,"minecraft:oak_planks":6296,"minecraft:dark_oak_boat":4,"minecraft:cobblestone_stairs":72,"minecraft:spruce_pressure_plate":31,"minecraft:green_dye":1914,"minecraft:dark_oak_door":6,"minecraft:hopper":2,"minecraft:iron_boots":18,"minecraft:cyan_terracotta":64,"minecraft:stone_hoe":3,"minecraft:smoker":38,"minecraft:quartz_stairs":192,"minecraft:oak_slab":2232,"minecraft:item_frame":106,"minecraft:acacia_wood":252,"minecraft:map":6,"minecraft:crafting_table":40,"minecraft:spruce_planks":7143,"minecraft:wooden_pickaxe":1,"minecraft:baked_potato":155,"minecraft:gold_block":66,"minecraft:birch_planks":1236,"minecraft:brewing_stand":2,"minecraft:pumpkin_seeds":12,"minecraft:black_shulker_box":7,"minecraft:diamond_pickaxe":7,"minecraft:iron_chestplate":34,"minecraft:book":8,"minecraft:dark_oak_slab":1214,"minecraft:paper":606,"minecraft:charcoal":15,"minecraft:emerald_block":42,"minecraft:shield":7,"minecraft:light_weighted_pressure_plate":3,"minecraft:light_blue_dye":72,"minecraft:leather_chestplate":484,"minecraft:stone_sword":27,"minecraft:snow_block":16,"minecraft:green_shulker_box":1,"minecraft:redstone_torch":184,"minecraft:light_gray_carpet":6,"minecraft:green_carpet":18,"minecraft:shears":26,"minecraft:sandstone_stairs":729,"minecraft:polished_andesite":200,"minecraft:wooden_sword":1,"minecraft:purple_wool":22,"minecraft:cookie":30,"minecraft:redstone":1605,"minecraft:coal":1126,"minecraft:stone_button":25,"minecraft:dark_oak_trapdoor":112,"minecraft:jungle_trapdoor":12,"minecraft:gray_dye":98,"minecraft:dark_oak_sign":57,"minecraft:diamond_block":25,"minecraft:glass_pane":32,"minecraft:yellow_shulker_box":1,"minecraft:spruce_wood":84,"minecraft:iron_axe":11,"minecraft:black_terracotta":8,"minecraft:green_concrete_powder":952,"minecraft:lime_dye":22,"minecraft:filled_map":10,"minecraft:chiseled_sandstone":67,"minecraft:blue_glazed_terracotta":64,"minecraft:minecart":8,"minecraft:cooked_beef":1176,"minecraft:sugar":84,"minecraft:red_dye":260,"minecraft:cooked_cod":180,"minecraft:cyan_concrete_powder":8,"minecraft:bone_block":1142,"minecraft:diamond_sword":6,"minecraft:cyan_dye":36,"minecraft:dark_oak_stairs":240,"minecraft:powered_rail":18,"minecraft:smooth_sandstone":1216,"minecraft:bowl":8,"minecraft:bucket":13,"minecraft:stone_axe":32,"minecraft:air":0,"minecraft:bread":11,"minecraft:blue_dye":79,"minecraft:oak_boat":8,"minecraft:smooth_sandstone_slab":420,"minecraft:white_wool":6,"minecraft:gold_nugget":252,"minecraft:green_wool":12,"minecraft:nether_wart_block":123,"minecraft:pumpkin_pie":13,"minecraft:acacia_planks":880,"minecraft:purple_concrete_powder":8,"minecraft:lapis_lazuli":216,"minecraft:lapis_block":403},"minecraft:mined":{"minecraft:blue_carpet":44,"minecraft:cut_sandstone_slab":6,"minecraft:red_shulker_box":321,"minecraft:white_bed":14,"minecraft:fire_coral_wall_fan":2,"minecraft:red_nether_bricks":24,"minecraft:granite":4468,"minecraft:acacia_log":439,"minecraft:brown_wool":28,"minecraft:light_gray_bed":7,"minecraft:oak_pressure_plate":2,"minecraft:blue_wool":430,"minecraft:green_concrete":268,"minecraft:oak_wall_sign":44,"minecraft:nether_wart":31,"minecraft:red_stained_glass_pane":16,"minecraft:magma_block":194,"minecraft:dark_oak_trapdoor":143,"minecraft:barrel":70,"minecraft:fletching_table":1,"minecraft:nether_brick_stairs":15,"minecraft:spruce_pressure_plate":12,"minecraft:light_gray_concrete":126,"minecraft:white_shulker_box":65,"minecraft:spruce_wood":129,"minecraft:player_head":47,"minecraft:tripwire":45,"minecraft:sandstone_slab":41,"minecraft:cut_sandstone":155,"minecraft:kelp_plant":115,"minecraft:smoker":48,"minecraft:torch":502,"minecraft:note_block":8,"minecraft:dark_oak_wood":8,"minecraft:melon":7,"minecraft:white_stained_glass_pane":28,"minecraft:dead_bush":54,"minecraft:nether_brick_slab":2,"minecraft:sugar_cane":350,"minecraft:bricks":30,"minecraft:white_terracotta":1776,"minecraft:repeater":21,"minecraft:yellow_glazed_terracotta":14,"minecraft:grass":1408,"minecraft:dark_oak_sapling":4,"minecraft:sandstone_wall":2,"minecraft:attached_pumpkin_stem":2,"minecraft:light_blue_wool":234,"minecraft:mossy_cobblestone":11,"minecraft:dark_oak_log":986,"minecraft:sea_lantern":13,"minecraft:end_stone":1,"minecraft:dark_oak_fence":454,"minecraft:spruce_fence":185,"minecraft:redstone_wire":150,"minecraft:cartography_table":3,"minecraft:white_concrete_powder":34,"minecraft:horn_coral":1,"minecraft:redstone_ore":3045,"minecraft:acacia_trapdoor":52,"minecraft:andesite":4436,"minecraft:cobblestone_slab":4,"minecraft:vine":603,"minecraft:rail":134,"minecraft:bone_block":192,"minecraft:ender_chest":4,"minecraft:oak_slab":278,"minecraft:birch_stairs":8,"minecraft:redstone_block":98,"minecraft:glass_pane":7,"minecraft:soul_sand":37,"minecraft:dandelion":61,"minecraft:fire_coral":1,"minecraft:campfire":53,"minecraft:diorite":4015,"minecraft:purple_wool":391,"minecraft:black_stained_glass":2457,"minecraft:coarse_dirt":14,"minecraft:cobblestone_wall":104,"minecraft:dark_oak_wall_sign":11,"minecraft:gravel":6909,"minecraft:oak_button":1,"minecraft:stone_bricks":826,"minecraft:gold_ore":670,"minecraft:fern":2,"minecraft:stone_pressure_plate":1,"minecraft:oak_sapling":3,"minecraft:farmland":26,"minecraft:andesite_stairs":17,"minecraft:orange_wool":173,"minecraft:brewing_stand":3,"minecraft:spruce_trapdoor":317,"minecraft:white_concrete":69,"minecraft:composter":8,"minecraft:green_stained_glass":1,"minecraft:red_tulip":1,"minecraft:iron_bars":51,"minecraft:spruce_slab":693,"minecraft:brown_shulker_box":33,"minecraft:quartz_block":43,"minecraft:orange_terracotta":181,"minecraft:light_gray_terracotta":834,"minecraft:jungle_stairs":10,"minecraft:nether_quartz_ore":1127,"minecraft:oak_planks":921,"minecraft:wall_torch":159,"minecraft:cauldron":2,"minecraft:light_blue_terracotta":38,"minecraft:powered_rail":14,"minecraft:dark_oak_slab":133,"minecraft:tnt":2,"minecraft:smooth_stone_slab":87,"minecraft:oak_log":2390,"minecraft:dirt":6029,"minecraft:dispenser":10,"minecraft:quartz_stairs":154,"minecraft:dark_oak_leaves":786,"minecraft:lever":13,"minecraft:ladder":30,"minecraft:tube_coral_wall_fan":2,"minecraft:stone_button":9,"minecraft:cyan_banner":1,"minecraft:brown_mushroom_block":64,"minecraft:birch_slab":3,"minecraft:spruce_leaves":226,"minecraft:acacia_slab":13,"minecraft:hay_block":7,"minecraft:dead_brain_coral":1,"minecraft:light_gray_shulker_box":14,"minecraft:orange_stained_glass_pane":14,"minecraft:gold_block":11,"minecraft:nether_brick_fence":1,"minecraft:bookshelf":25,"minecraft:stripped_oak_log":136,"minecraft:blue_glazed_terracotta":12,"minecraft:orange_glazed_terracotta":54,"minecraft:acacia_leaves":67,"minecraft:scaffolding":155,"minecraft:snow_block":2,"minecraft:stripped_dark_oak_log":380,"minecraft:oak_fence":43,"minecraft:gray_stained_glass":6,"minecraft:red_concrete":2,"minecraft:birch_planks":100,"minecraft:sea_pickle":259,"minecraft:white_wall_banner":1,"minecraft:grass_path":1,"minecraft:black_wool":253,"minecraft:cocoa":7,"minecraft:flower_pot":2,"minecraft:purple_shulker_box":36,"minecraft:cracked_stone_bricks":38,"minecraft:mossy_stone_bricks":16,"minecraft:dark_oak_planks":69,"minecraft:black_terracotta":6,"minecraft:jungle_leaves":146,"minecraft:carved_pumpkin":102,"minecraft:obsidian":722,"minecraft:jungle_log":362,"minecraft:coal_block":39,"minecraft:lime_stained_glass":12,"minecraft:bubble_coral_block":1,"minecraft:hopper":4,"minecraft:sticky_piston":9,"minecraft:dead_fire_coral_wall_fan":14,"minecraft:cyan_wall_banner":3,"minecraft:pumpkin":31,"minecraft:lime_stained_glass_pane":12,"minecraft:oak_sign":21,"minecraft:oak_stairs":178,"minecraft:quartz_slab":13,"minecraft:smooth_sandstone_stairs":18,"minecraft:iron_block":11,"minecraft:piston_head":1,"minecraft:player_wall_head":26,"minecraft:cyan_glazed_terracotta":1,"minecraft:green_concrete_powder":4,"minecraft:glass":11,"minecraft:cyan_bed":2,"minecraft:smooth_sandstone_slab":45,"minecraft:black_concrete_powder":25,"minecraft:light_gray_stained_glass":2,"minecraft:wheat":2651,"minecraft:pumpkin_stem":10,"minecraft:black_bed":6,"minecraft:stone_brick_stairs":71,"minecraft:loom":3,"minecraft:blue_shulker_box":193,"minecraft:red_mushroom_block":4,"minecraft:stonecutter":13,"minecraft:yellow_stained_glass":6,"minecraft:piston":35,"minecraft:yellow_terracotta":102,"minecraft:light_blue_stained_glass_pane":12,"minecraft:blue_stained_glass_pane":14,"minecraft:stripped_birch_log":6,"minecraft:shulker_box":225,"minecraft:nether_bricks":6,"minecraft:allium":5,"minecraft:jungle_planks":1,"minecraft:orange_shulker_box":26,"minecraft:lime_wool":421,"minecraft:kelp":62,"minecraft:pink_wool":106,"minecraft:black_stained_glass_pane":45,"minecraft:snow":74,"minecraft:acacia_wood":167,"minecraft:diamond_block":1,"minecraft:white_glazed_terracotta":27,"minecraft:potatoes":162,"minecraft:bamboo":10,"minecraft:white_wool":43,"minecraft:cake":1,"minecraft:brain_coral":1,"minecraft:smithing_table":10,"minecraft:light_gray_carpet":4,"minecraft:gray_concrete":458,"minecraft:comparator":7,"minecraft:brown_carpet":7,"minecraft:stone_brick_slab":61,"minecraft:observer":7,"minecraft:smooth_sandstone":32,"minecraft:light_gray_concrete_powder":28,"minecraft:spruce_button":2,"minecraft:emerald_ore":1,"minecraft:dropper":106,"minecraft:purple_bed":4,"minecraft:white_carpet":34,"minecraft:spruce_log":2255,"minecraft:birch_leaves":31,"minecraft:jungle_fence":3,"minecraft:quartz_pillar":4,"minecraft:red_wall_banner":3,"minecraft:dark_oak_sign":2,"minecraft:spruce_fence_gate":24,"minecraft:infested_stone":11,"minecraft:black_shulker_box":454,"minecraft:spruce_planks":2292,"minecraft:jungle_slab":26,"minecraft:cobblestone_stairs":11,"minecraft:grass_block":4498,"minecraft:purple_stained_glass_pane":16,"minecraft:sandstone_stairs":41,"minecraft:smooth_stone":133,"minecraft:glowstone":94,"minecraft:iron_ore":2961,"minecraft:black_carpet":24,"minecraft:anvil":5,"minecraft:dark_oak_stairs":118,"minecraft:end_stone_bricks":36,"minecraft:brain_coral_block":2,"minecraft:cyan_terracotta":99,"minecraft:chiseled_quartz_block":80,"minecraft:clay":9,"minecraft:dead_fire_coral_fan":23,"minecraft:poppy":129,"minecraft:chest":137,"minecraft:cobblestone":2883,"minecraft:slime_block":8,"minecraft:grindstone":3,"minecraft:magenta_shulker_box":63,"minecraft:seagrass":177,"minecraft:light_gray_glazed_terracotta":51,"minecraft:acacia_sapling":2,"minecraft:nether_wart_block":8,"minecraft:yellow_wool":171,"minecraft:birch_log":189,"minecraft:lapis_block":10,"minecraft:birch_trapdoor":14,"minecraft:light_gray_wool":32,"minecraft:orange_tulip":6,"minecraft:yellow_stained_glass_pane":12,"minecraft:sand":13162,"minecraft:tripwire_hook":17,"minecraft:netherrack":767,"minecraft:oak_leaves":1202,"minecraft:emerald_block":12,"minecraft:redstone_lamp":4,"minecraft:tube_coral":1,"minecraft:diamond_ore":488,"minecraft:red_carpet":29,"minecraft:light_blue_glazed_terracotta":4,"minecraft:white_stained_glass":53,"minecraft:polished_andesite_slab":120,"minecraft:sandstone":8373,"minecraft:oak_trapdoor":2,"minecraft:spruce_sapling":7,"minecraft:furnace":32,"minecraft:carrots":123,"minecraft:red_concrete_powder":8,"minecraft:acacia_stairs":3,"minecraft:dark_oak_fence_gate":1,"minecraft:stripped_spruce_log":18,"minecraft:black_concrete":3838,"minecraft:lantern":93,"minecraft:packed_ice":10,"minecraft:stone":72243,"minecraft:yellow_shulker_box":19,"minecraft:redstone_wall_torch":18,"minecraft:birch_pressure_plate":14,"minecraft:podzol":74,"minecraft:light_blue_shulker_box":52,"minecraft:red_wool":656,"minecraft:red_banner":6,"minecraft:crafting_table":79,"minecraft:cyan_stained_glass_pane":24,"minecraft:oak_wood":18,"minecraft:andesite_slab":10,"minecraft:lectern":1,"minecraft:andesite_wall":1,"minecraft:lapis_ore":357,"minecraft:lily_pad":1,"minecraft:blue_bed":4,"minecraft:spruce_stairs":515,"minecraft:cactus":63,"minecraft:gray_concrete_powder":37,"minecraft:green_shulker_box":1,"minecraft:redstone_torch":39,"minecraft:sweet_berry_bush":9,"minecraft:coal_ore":7768,"minecraft:end_rod":106,"minecraft:gray_carpet":9,"minecraft:terracotta":1567,"minecraft:polished_andesite":4},"minecraft:killed_by":{"minecraft:drowned":2,"minecraft:skeleton":1,"minecraft:creeper":3,"minecraft:player":1},"minecraft:killed":{"minecraft:cod":548,"minecraft:parrot":2,"minecraft:salmon":43,"minecraft:pillager":8,"minecraft:zombie":151,"minecraft:husk":18,"minecraft:witch":1,"minecraft:spider":43,"minecraft:zombie_villager":1,"minecraft:sheep":24,"minecraft:trader_llama":6,"minecraft:slime":21,"minecraft:drowned":124,"minecraft:squid":38,"minecraft:dolphin":3,"minecraft:skeleton":6692,"minecraft:chicken":552,"minecraft:cat":1,"minecraft:magma_cube":35,"minecraft:cow":1638,"minecraft:horse":12,"minecraft:wandering_trader":3,"minecraft:pig":11,"minecraft:creeper":89,"minecraft:blaze":37,"minecraft:phantom":840},"minecraft:custom":{"minecraft:interact_with_crafting_table":1933,"minecraft:damage_blocked_by_shield":3040,"minecraft:deaths":24,"minecraft:jump":79961,"minecraft:interact_with_cartography_table":1,"minecraft:interact_with_smoker":44,"minecraft:inspect_dispenser":52,"minecraft:horse_one_cm":86645,"minecraft:inspect_dropper":587,"minecraft:inspect_hopper":25,"minecraft:tune_noteblock":16,"minecraft:time_since_rest":3772,"minecraft:swim_one_cm":5561018,"minecraft:open_chest":7681,"minecraft:open_shulker_box":15709,"minecraft:damage_resisted":1947,"minecraft:play_noteblock":16,"minecraft:talked_to_villager":599,"minecraft:interact_with_brewingstand":131,"minecraft:fill_cauldron":2,"minecraft:interact_with_campfire":51,"minecraft:boat_one_cm":17453677,"minecraft:damage_taken":83257,"minecraft:aviate_one_cm":126866068,"minecraft:open_barrel":1681,"minecraft:eat_cake_slice":6,"minecraft:leave_game":316,"minecraft:time_since_death":3372524,"minecraft:enchant_item":37,"minecraft:interact_with_furnace":1298,"minecraft:traded_with_villager":2221,"minecraft:sleep_in_bed":652,"minecraft:damage_dealt":814930,"minecraft:use_cauldron":1,"minecraft:sneak_time":1843099,"minecraft:interact_with_lectern":47,"minecraft:interact_with_blast_furnace":5,"minecraft:interact_with_stonecutter":15,"minecraft:fly_one_cm":5975876,"minecraft:fish_caught":74,"minecraft:fall_one_cm":1451261,"minecraft:animals_bred":1884,"minecraft:sprint_one_cm":31057337,"minecraft:drop":1369,"minecraft:walk_on_water_one_cm":2869158,"minecraft:play_one_minute":22944575,"minecraft:interact_with_loom":10,"minecraft:open_enderchest":85,"minecraft:player_kills":1,"minecraft:crouch_one_cm":5972397,"minecraft:mob_kills":10957,"minecraft:climb_one_cm":2376433,"minecraft:walk_one_cm":61997523,"minecraft:walk_under_water_one_cm":6542977,"minecraft:damage_absorbed":192,"minecraft:trigger_trapped_chest":6,"minecraft:minecart_one_cm":703121,"minecraft:pig_one_cm":3752}},"DataVersion":1976}