{"stats":{"minecraft:mined":{"minecraft:oak_sapling":9,"minecraft:jungle_sapling":24,"minecraft:dandelion":15,"minecraft:cornflower":1,"minecraft:grass":1819,"minecraft:grass_block":22,"minecraft:poppy":5,"minecraft:oak_sign":3,"minecraft:dirt":6,"minecraft:spruce_wall_sign":4,"minecraft:oak_wall_sign":10,"minecraft:oxeye_daisy":4,"minecraft:oak_leaves":2,"minecraft:spruce_sign":1},"minecraft:dropped":{"minecraft:poppy":6,"minecraft:wheat_seeds":1,"minecraft:lilac":1,"minecraft:golden_carrot":10,"minecraft:cornflower":1,"minecraft:rotten_flesh":1,"minecraft:bone_meal":1,"minecraft:dandelion":1},"minecraft:used":{"minecraft:jungle_sapling":125,"minecraft:cornflower":2,"minecraft:poppy":3,"minecraft:oak_sign":217,"minecraft:spruce_sign":69,"minecraft:diamond_axe":18,"minecraft:dirt":18,"minecraft:golden_carrot":12,"minecraft:oak_sapling":222,"minecraft:dandelion":5,"minecraft:bone_meal":1329},"minecraft:picked_up":{"minecraft:stick":3,"minecraft:iron_chestplate":1,"minecraft:lilac":1,"minecraft:golden_carrot":33,"minecraft:dandelion":15,"minecraft:cornflower":3,"minecraft:dirt":30,"minecraft:iron_leggings":1,"minecraft:rotten_flesh":5,"minecraft:oak_sign":18,"minecraft:diamond":3,"minecraft:wheat_seeds":207,"minecraft:iron_helmet":1,"minecraft:bone_meal":64,"minecraft:spruce_sign":5,"minecraft:jungle_sapling":24,"minecraft:poppy":9,"minecraft:oak_sapling":10,"minecraft:cobblestone":2,"minecraft:iron_boots":1,"minecraft:oxeye_daisy":4},"minecraft:custom":{"minecraft:time_since_rest":25600,"minecraft:sprint_one_cm":325362,"minecraft:open_enderchest":3,"minecraft:damage_taken":571,"minecraft:walk_one_cm":631170,"minecraft:mob_kills":3,"minecraft:drop":22,"minecraft:damage_dealt":373,"minecraft:swim_one_cm":509,"minecraft:interact_with_crafting_table":5,"minecraft:fly_one_cm":100927,"minecraft:open_chest":70,"minecraft:play_one_minute":442408,"minecraft:crouch_one_cm":2610,"minecraft:open_shulker_box":80,"minecraft:sneak_time":1231,"minecraft:walk_under_water_one_cm":269,"minecraft:jump":989,"minecraft:leave_game":3,"minecraft:walk_on_water_one_cm":985,"minecraft:time_since_death":442408,"minecraft:sleep_in_bed":4,"minecraft:climb_one_cm":5886,"minecraft:fall_one_cm":15583},"minecraft:killed":{"minecraft:zombie":3},"minecraft:crafted":{"minecraft:oak_planks":574,"minecraft:oak_sign":189,"minecraft:diamond_axe":1,"minecraft:bone_meal":810}},"DataVersion":1976}