{"stats":{"minecraft:custom":{"minecraft:time_since_rest":24158740,"minecraft:damage_dealt":808,"minecraft:crouch_one_cm":25,"minecraft:play_one_minute":24158740,"minecraft:leave_game":275,"minecraft:time_since_death":24158740,"minecraft:walk_on_water_one_cm":599947,"minecraft:walk_one_cm":2435,"minecraft:sneak_time":96700,"minecraft:walk_under_water_one_cm":3286559,"minecraft:mob_kills":9,"minecraft:fly_one_cm":75909648},"minecraft:used":{"minecraft:diamond_sword":36,"minecraft:lava_bucket":1},"minecraft:killed":{"minecraft:zombie":4},"minecraft:picked_up":{"minecraft:rotten_flesh":198}},"DataVersion":1976}