{"stats":{"minecraft:used":{"minecraft:jack_o_lantern":60,"minecraft:writable_book":69,"minecraft:dispenser":203,"minecraft:poppy":3,"minecraft:stone":12060,"minecraft:quartz_stairs":1419,"minecraft:soul_sand":270,"minecraft:snowball":17,"minecraft:spruce_boat":15,"minecraft:packed_ice":6338,"minecraft:lava_bucket":60,"minecraft:quartz_pillar":14,"minecraft:red_wool":1,"minecraft:quartz_block":1006,"minecraft:dark_oak_leaves":967,"minecraft:dark_oak_slab":38,"minecraft:bow":2238,"minecraft:oak_sapling":1485,"minecraft:cooked_cod":1098,"minecraft:acacia_fence":307,"minecraft:green_stained_glass_pane":1,"minecraft:prismarine":28,"minecraft:cactus":565,"minecraft:wooden_pickaxe":41,"minecraft:composter":28,"minecraft:jungle_boat":5,"minecraft:golden_apple":66,"minecraft:acacia_leaves":1,"minecraft:gray_concrete":519,"minecraft:purple_concrete_powder":7,"minecraft:gray_stained_glass_pane":1101,"minecraft:birch_slab":519,"minecraft:oak_pressure_plate":2,"minecraft:diamond_sword":10747,"minecraft:birch_log":1,"minecraft:oak_boat":58,"minecraft:purple_wool":64,"minecraft:oak_trapdoor":87,"minecraft:enchanting_table":2,"minecraft:orange_concrete":1112,"minecraft:dead_bush":55,"minecraft:carved_pumpkin":21,"minecraft:armor_stand":138,"minecraft:light_gray_carpet":209,"minecraft:cooked_salmon":44,"minecraft:torch":6410,"minecraft:orange_stained_glass":133,"minecraft:brewing_stand":1,"minecraft:nether_quartz_ore":24,"minecraft:cod_bucket":27,"minecraft:yellow_carpet":3,"minecraft:oak_fence_gate":33,"minecraft:sea_lantern":2567,"minecraft:chipped_anvil":2,"minecraft:iron_block":6273,"minecraft:jungle_log":1,"minecraft:barrel":132,"minecraft:bamboo":1108,"minecraft:lime_concrete":278,"minecraft:podzol":7,"minecraft:acacia_planks":238,"minecraft:dead_bubble_coral_fan":14,"minecraft:horn_coral_fan":10,"minecraft:wheat_seeds":229,"minecraft:light_blue_shulker_box":20,"minecraft:birch_planks":18,"minecraft:blue_concrete_powder":6,"minecraft:cauldron":4,"minecraft:gold_ore":3,"minecraft:conduit":2,"minecraft:diamond_block":36,"minecraft:rail":6447,"minecraft:red_bed":1,"minecraft:white_bed":59,"minecraft:spruce_log":173,"minecraft:blue_stained_glass_pane":1,"minecraft:diamond_pickaxe":409886,"minecraft:diamond_shovel":258451,"minecraft:oak_button":16,"minecraft:suspicious_stew":2,"minecraft:tnt_minecart":18,"minecraft:magenta_concrete_powder":7,"minecraft:spruce_trapdoor":1,"minecraft:potion":19,"minecraft:stripped_oak_log":122,"minecraft:green_stained_glass":1,"minecraft:blue_terracotta":1,"minecraft:red_sand":1,"minecraft:light_gray_stained_glass_pane":1846,"minecraft:melon":23,"minecraft:bone_block":3,"minecraft:green_terracotta":28,"minecraft:spruce_leaves":6,"minecraft:jungle_planks":1,"minecraft:pink_terracotta":1,"minecraft:obsidian":388,"minecraft:bricks":1041,"minecraft:item_frame":115,"minecraft:birch_button":4,"minecraft:birch_trapdoor":1,"minecraft:written_book":358,"minecraft:jungle_button":7,"minecraft:pink_concrete_powder":270,"minecraft:tube_coral_fan":10,"minecraft:end_rod":3130,"minecraft:dropper":486,"minecraft:wither_skeleton_skull":45,"minecraft:gray_carpet":3,"minecraft:stone_pickaxe":136,"minecraft:oak_planks":127,"minecraft:sandstone":77,"minecraft:sugar_cane":2265,"minecraft:diamond_axe":17272,"minecraft:white_wool":201,"minecraft:light_blue_concrete":371,"minecraft:lime_stained_glass_pane":4,"minecraft:light_blue_wool":55,"minecraft:yellow_concrete":3397,"minecraft:end_stone":369,"minecraft:sticky_piston":2094,"minecraft:dead_fire_coral_fan":17,"minecraft:lever":317,"minecraft:daylight_detector":4,"minecraft:acacia_door":12,"minecraft:dark_oak_log":175,"minecraft:bread":50,"minecraft:iron_door":56,"minecraft:light_blue_concrete_powder":524,"minecraft:pufferfish_bucket":2,"minecraft:smooth_stone_slab":45680,"minecraft:coarse_dirt":418,"minecraft:bone_meal":1272,"minecraft:orange_concrete_powder":7,"minecraft:flint_and_steel":50,"minecraft:redstone":8978,"minecraft:ender_chest":81,"minecraft:brown_shulker_box":11,"minecraft:stone_hoe":370,"minecraft:cooked_chicken":1317,"minecraft:dried_kelp_block":3,"minecraft:dirt":19221,"minecraft:prismarine_bricks":93,"minecraft:spruce_fence":2,"minecraft:brown_terracotta":7,"minecraft:light_gray_stained_glass":331,"minecraft:oak_stairs":46,"minecraft:smooth_sandstone":1,"minecraft:yellow_concrete_powder":2065,"minecraft:black_stained_glass":83,"minecraft:lime_stained_glass":187,"minecraft:minecart":71,"minecraft:cyan_concrete_powder":9,"minecraft:cooked_beef":35,"minecraft:orange_stained_glass_pane":1,"minecraft:pumpkin":374,"minecraft:cobblestone_stairs":225,"minecraft:snow_block":1405,"minecraft:baked_potato":38,"minecraft:birch_boat":11,"minecraft:brown_mushroom":92,"minecraft:cut_sandstone":1,"minecraft:spruce_sign":3,"minecraft:dark_prismarine_slab":2,"minecraft:red_mushroom":91,"minecraft:cyan_stained_glass":3,"minecraft:piston":1662,"minecraft:lapis_ore":24,"minecraft:stone_slab":126,"minecraft:detector_rail":95,"minecraft:jungle_stairs":2,"minecraft:magenta_concrete":17,"minecraft:stone_axe":9,"minecraft:brown_stained_glass_pane":4,"minecraft:cyan_stained_glass_pane":1,"minecraft:lapis_block":3,"minecraft:sea_pickle":9,"minecraft:birch_stairs":97,"minecraft:spruce_slab":452,"minecraft:ladder":250,"minecraft:chest":3341,"minecraft:brown_concrete":97,"minecraft:white_shulker_box":25,"minecraft:blue_stained_glass":812,"minecraft:brick_slab":25,"minecraft:orange_wool":94,"minecraft:jungle_slab":1,"minecraft:black_stained_glass_pane":1,"minecraft:grass_block":9108,"minecraft:birch_sapling":228,"minecraft:orange_shulker_box":23,"minecraft:dark_oak_button":5,"minecraft:pink_wool":26,"minecraft:stone_brick_stairs":295,"minecraft:snow":3616,"minecraft:red_stained_glass_pane":1,"minecraft:dark_oak_boat":108,"minecraft:furnace":1281,"minecraft:egg":654,"minecraft:potato":90,"minecraft:dragon_head":5,"minecraft:dead_brain_coral_fan":20,"minecraft:brown_concrete_powder":4,"minecraft:diorite":604,"minecraft:end_stone_bricks":25,"minecraft:red_stained_glass":15,"minecraft:powered_rail":4021,"minecraft:lime_concrete_powder":72,"minecraft:purpur_pillar":53,"minecraft:oak_leaves":4689,"minecraft:dark_oak_trapdoor":913,"minecraft:sand":62473,"minecraft:purpur_stairs":1,"minecraft:blue_ice":25,"minecraft:black_concrete_powder":117,"minecraft:pumpkin_seeds":978,"minecraft:stone_button":252,"minecraft:lectern":616,"minecraft:red_terracotta":138,"minecraft:polished_granite":2,"minecraft:diamond_ore":114,"minecraft:magenta_stained_glass_pane":2,"minecraft:fire_charge":4,"minecraft:dark_oak_fence":2,"minecraft:white_stained_glass":42673,"minecraft:bubble_coral_block":15,"minecraft:green_concrete_powder":1803,"minecraft:pink_stained_glass":1,"minecraft:ice":596,"minecraft:gray_stained_glass":160,"minecraft:iron_bars":786,"minecraft:stone_sword":10,"minecraft:acacia_log":372,"minecraft:brain_coral_fan":18,"minecraft:red_concrete":33,"minecraft:mycelium":356,"minecraft:netherrack":819,"minecraft:light_gray_shulker_box":10,"minecraft:anvil":26,"minecraft:chorus_flower":386,"minecraft:blue_concrete":76,"minecraft:polished_diorite":44,"minecraft:red_shulker_box":178,"minecraft:cyan_shulker_box":17,"minecraft:iron_axe":663,"minecraft:spruce_button":8,"minecraft:brick_stairs":410,"minecraft:slime_block":1445,"minecraft:totem_of_undying":1,"minecraft:pink_stained_glass_pane":4,"minecraft:prismarine_slab":2,"minecraft:melon_seeds":684,"minecraft:tripwire_hook":8,"minecraft:purple_concrete":4,"minecraft:glowstone":1341,"minecraft:magenta_wool":88,"minecraft:iron_trapdoor":232,"minecraft:acacia_wood":123,"minecraft:observer":2826,"minecraft:orange_terracotta":195,"minecraft:water_bucket":2079,"minecraft:yellow_banner":3,"minecraft:sandstone_stairs":318,"minecraft:prismarine_brick_slab":2,"minecraft:yellow_shulker_box":92,"minecraft:lime_wool":49,"minecraft:smooth_sandstone_slab":1,"minecraft:red_mushroom_block":2,"minecraft:cracked_stone_bricks":10,"minecraft:pink_concrete":230,"minecraft:orange_carpet":3,"minecraft:lime_terracotta":37,"minecraft:mossy_cobblestone":1,"minecraft:comparator":1287,"minecraft:tnt":385,"minecraft:oak_slab":313,"minecraft:crafting_table":184,"minecraft:birch_sign":1,"minecraft:cod":17,"minecraft:dark_oak_fence_gate":4,"minecraft:lime_shulker_box":2,"minecraft:oak_log":555,"minecraft:iron_pickaxe":758,"minecraft:cyan_concrete":63,"minecraft:purpur_slab":12,"minecraft:cobblestone":12714,"minecraft:red_concrete_powder":4,"minecraft:sandstone_slab":737,"minecraft:glass_pane":743,"minecraft:kelp":1097,"minecraft:light_blue_stained_glass_pane":65,"minecraft:iron_shovel":512,"minecraft:dead_tube_coral_fan":1,"minecraft:diamond_hoe":2602,"minecraft:oak_sign":604,"minecraft:white_concrete_powder":37639,"minecraft:white_terracotta":216,"minecraft:iron_sword":526,"minecraft:player_head":10,"minecraft:nether_bricks":60,"minecraft:carrot":924,"minecraft:cyan_wool":75,"minecraft:milk_bucket":3,"minecraft:glass":16765,"minecraft:cyan_terracotta":14720,"minecraft:coal_ore":547,"minecraft:quartz_slab":9745,"minecraft:gray_concrete_powder":22,"minecraft:hopper_minecart":110,"minecraft:stone_bricks":24248,"minecraft:repeater":2801,"minecraft:redstone_lamp":316,"minecraft:magma_block":794,"minecraft:hay_block":3,"minecraft:scaffolding":121,"minecraft:gray_bed":1,"minecraft:beetroot_seeds":1,"minecraft:fire_coral_fan":7,"minecraft:dark_oak_stairs":1,"minecraft:birch_leaves":1,"minecraft:dark_oak_sign":2,"minecraft:ender_pearl":147,"minecraft:blue_bed":4,"minecraft:redstone_block":1395,"minecraft:yellow_terracotta":1,"minecraft:light_gray_terracotta":43,"minecraft:note_block":50,"minecraft:stone_brick_wall":42,"minecraft:shears":5756,"minecraft:redstone_torch":1254,"minecraft:green_concrete":2,"minecraft:black_concrete":112,"minecraft:gray_shulker_box":26,"minecraft:firework_rocket":329,"minecraft:string":734,"minecraft:heavy_weighted_pressure_plate":125,"minecraft:lime_carpet":37,"minecraft:light_gray_concrete":3704,"minecraft:brown_stained_glass":1,"minecraft:gravel":737,"minecraft:grindstone":2,"minecraft:white_concrete":49621,"minecraft:andesite":506,"minecraft:chest_minecart":8,"minecraft:cobweb":56,"minecraft:oak_fence":2277,"minecraft:purpur_block":87,"minecraft:jungle_leaves":128,"minecraft:trident":1951,"minecraft:redstone_ore":571,"minecraft:stone_shovel":1892,"minecraft:spruce_planks":107,"minecraft:oak_door":18,"minecraft:white_carpet":403,"minecraft:hopper":4969,"minecraft:spruce_stairs":28,"minecraft:cobblestone_wall":93,"minecraft:shulker_box":1150,"minecraft:granite":136,"minecraft:light_blue_stained_glass":828,"minecraft:purple_banner":9,"minecraft:birch_door":11,"minecraft:purple_stained_glass_pane":1,"minecraft:stone_brick_slab":2063,"minecraft:dark_oak_planks":212,"minecraft:bookshelf":51,"minecraft:yellow_stained_glass":105,"minecraft:acacia_slab":519,"minecraft:golden_carrot":2737,"minecraft:emerald_block":301,"minecraft:white_stained_glass_pane":5996,"minecraft:cyan_banner":2,"minecraft:stone_pressure_plate":322,"minecraft:horn_coral_block":15,"minecraft:brain_coral_block":8,"minecraft:cooked_mutton":5,"minecraft:acacia_boat":10,"minecraft:iron_ore":7,"minecraft:glass_bottle":58,"minecraft:polished_andesite":167,"minecraft:blue_wool":67,"minecraft:andesite_slab":63,"minecraft:magenta_stained_glass":1,"minecraft:stonecutter":54,"minecraft:beacon":35,"minecraft:cobblestone_slab":220,"minecraft:terracotta":20,"minecraft:lime_bed":43,"minecraft:yellow_stained_glass_pane":1,"minecraft:light_gray_concrete_powder":2956,"minecraft:painting":28,"minecraft:purple_stained_glass":1,"minecraft:activator_rail":42,"minecraft:acacia_stairs":1,"minecraft:acacia_fence_gate":2,"minecraft:fishing_rod":410,"minecraft:green_shulker_box":3,"minecraft:bucket":2239,"minecraft:smooth_stone":4399,"minecraft:splash_potion":13},"minecraft:crafted":{"minecraft:lime_stained_glass":208,"minecraft:red_stained_glass_pane":32,"minecraft:black_dye":129,"minecraft:oak_sign":686,"minecraft:melon":4628,"minecraft:blaze_powder":146,"minecraft:blue_stained_glass_pane":16,"minecraft:diamond_shovel":13,"minecraft:shulker_box":214,"minecraft:diamond_helmet":3,"minecraft:magenta_concrete_powder":8,"minecraft:beacon":13,"minecraft:light_blue_concrete_powder":520,"minecraft:stone_pressure_plate":535,"minecraft:iron_door":45,"minecraft:gray_stained_glass_pane":576,"minecraft:dried_kelp_block":5305,"minecraft:gray_stained_glass":8,"minecraft:white_shulker_box":3,"minecraft:name_tag":26,"minecraft:lime_concrete_powder":72,"minecraft:pink_stained_glass":8,"minecraft:blue_stained_glass":1032,"minecraft:redstone_lamp":130,"minecraft:end_rod":3376,"minecraft:jungle_boat":1,"minecraft:acacia_slab":630,"minecraft:chest_minecart":9,"minecraft:sticky_piston":1454,"minecraft:green_stained_glass":8,"minecraft:painting":20,"minecraft:stone_brick_stairs":536,"minecraft:lectern":19,"minecraft:stone_slab":330,"minecraft:iron_pickaxe":5,"minecraft:acacia_door":12,"minecraft:composter":32,"minecraft:dark_prismarine":4,"minecraft:golden_carrot":2332,"minecraft:orange_shulker_box":7,"minecraft:iron_nugget":72,"minecraft:diamond_hoe":4,"minecraft:experience_bottle":1,"minecraft:brick_stairs":560,"minecraft:acacia_fence_gate":2,"minecraft:light_gray_wool":95,"minecraft:jack_o_lantern":76,"minecraft:lime_stained_glass_pane":32,"minecraft:spruce_fence":24,"minecraft:spruce_stairs":80,"minecraft:light_gray_shulker_box":2,"minecraft:polished_diorite":156,"minecraft:black_concrete_powder":624,"minecraft:red_shulker_box":8,"minecraft:stone_pickaxe":3,"minecraft:quartz_slab":7739,"minecraft:spruce_boat":3,"minecraft:prismarine_slab":6,"minecraft:brick_slab":36,"minecraft:lead":2,"minecraft:enchanting_table":1,"minecraft:yellow_stained_glass_pane":32,"minecraft:leather_helmet":4,"minecraft:acacia_stairs":8,"minecraft:dark_oak_button":3,"minecraft:enchanted_book":93,"minecraft:orange_dye":80,"minecraft:magenta_glazed_terracotta":12,"minecraft:oak_fence_gate":40,"minecraft:red_stained_glass":48,"minecraft:fermented_spider_eye":35,"minecraft:birch_trapdoor":2,"minecraft:black_stained_glass_pane":16,"minecraft:writable_book":20,"minecraft:iron_shovel":32,"minecraft:armor_stand":131,"minecraft:note_block":45,"minecraft:grindstone":1,"minecraft:cobblestone_slab":508,"minecraft:barrel":135,"minecraft:stone":309,"minecraft:snow":12,"minecraft:heavy_weighted_pressure_plate":181,"minecraft:quartz_pillar":14,"minecraft:cake":3,"minecraft:stone_brick_slab":2230,"minecraft:brown_stained_glass":8,"minecraft:orange_stained_glass_pane":16,"minecraft:bow":95,"minecraft:comparator":334,"minecraft:chest":7002,"minecraft:oak_button":14,"minecraft:yellow_terracotta":77,"minecraft:jungle_stairs":8,"minecraft:rail":6124,"minecraft:blue_concrete_powder":8,"minecraft:bricks":2248,"minecraft:birch_button":3,"minecraft:ender_eye":12,"minecraft:stone_bricks":23772,"minecraft:oak_fence":2394,"minecraft:sea_lantern":195,"minecraft:dropper":291,"minecraft:cauldron":7,"minecraft:lime_terracotta":1048,"minecraft:iron_helmet":5,"minecraft:spectral_arrow":4,"minecraft:white_stained_glass_pane":4738,"minecraft:yellow_stained_glass":64,"minecraft:prismarine_brick_slab":6,"minecraft:dispenser":66,"minecraft:apple":80,"minecraft:tnt":411,"minecraft:spruce_trapdoor":2,"minecraft:purple_dye":8,"minecraft:yellow_dye":116,"minecraft:stick":8712,"minecraft:iron_ingot":30142,"minecraft:light_blue_shulker_box":2,"minecraft:light_blue_stained_glass":1056,"minecraft:lime_carpet":96,"minecraft:dark_oak_fence_gate":8,"minecraft:oak_door":12,"minecraft:fishing_rod":1,"minecraft:stone_brick_wall":102,"minecraft:tripwire_hook":8,"minecraft:spruce_button":4,"minecraft:furnace":1050,"minecraft:piston":2200,"minecraft:magenta_stained_glass_pane":16,"minecraft:oak_trapdoor":86,"minecraft:flint_and_steel":9,"minecraft:white_concrete_powder":36269,"minecraft:orange_terracotta":272,"minecraft:cobblestone_wall":402,"minecraft:brown_shulker_box":2,"minecraft:glistering_melon_slice":6,"minecraft:magma_cream":31,"minecraft:purple_terracotta":55,"minecraft:light_blue_stained_glass_pane":352,"minecraft:purple_stained_glass":8,"minecraft:iron_trapdoor":224,"minecraft:iron_sword":10,"minecraft:cooked_salmon":64,"minecraft:acacia_boat":6,"minecraft:jungle_planks":760,"minecraft:white_dye":1901,"minecraft:brown_concrete_powder":8,"minecraft:anvil":22,"minecraft:stonecutter":63,"minecraft:torch":5012,"minecraft:diamond_chestplate":1,"minecraft:ender_chest":11,"minecraft:jungle_button":3,"minecraft:light_gray_concrete_powder":3992,"minecraft:smooth_stone":220,"minecraft:cut_sandstone":16,"minecraft:dark_oak_pressure_plate":1,"minecraft:orange_stained_glass":160,"minecraft:oak_pressure_plate":4,"minecraft:birch_slab":510,"minecraft:slime_block":1729,"minecraft:lever":295,"minecraft:bookshelf":89,"minecraft:cooked_mutton":5,"minecraft:iron_bars":864,"minecraft:red_concrete_powder":8,"minecraft:quartz_block":5338,"minecraft:glass":909,"minecraft:repeater":1180,"minecraft:diamond_leggings":2,"minecraft:cyan_stained_glass_pane":16,"minecraft:melon_seeds":1835,"minecraft:acacia_fence":267,"minecraft:birch_door":15,"minecraft:chiseled_quartz_block":1,"minecraft:magenta_dye":10,"minecraft:glass_bottle":48,"minecraft:wooden_shovel":4,"minecraft:emerald":9509,"minecraft:diamond_axe":7,"minecraft:prismarine_bricks":4,"minecraft:clock":1,"minecraft:hay_block":12,"minecraft:tnt_minecart":18,"minecraft:lime_shulker_box":1,"minecraft:lime_bed":30,"minecraft:green_terracotta":40,"minecraft:compass":3,"minecraft:iron_block":4179,"minecraft:white_terracotta":40,"minecraft:gold_ingot":4960,"minecraft:light_gray_dye":602,"minecraft:fire_charge":108,"minecraft:birch_stairs":408,"minecraft:packed_ice":378,"minecraft:yellow_concrete_powder":2120,"minecraft:prismarine":32,"minecraft:stone_shovel":22,"minecraft:smooth_stone_slab":43245,"minecraft:red_terracotta":16,"minecraft:bone_meal":24244,"minecraft:cyan_stained_glass":8,"minecraft:pink_dye":14,"minecraft:white_carpet":452,"minecraft:diamond":1008,"minecraft:dark_oak_fence":105,"minecraft:detector_rail":114,"minecraft:ladder":432,"minecraft:spruce_slab":396,"minecraft:ender_pearl":1,"minecraft:diamond_boots":4,"minecraft:redstone_block":1877,"minecraft:dark_oak_planks":19911,"minecraft:wheat":81,"minecraft:coal_block":581,"minecraft:firework_star":10,"minecraft:daylight_detector":5,"minecraft:cyan_glazed_terracotta":12,"minecraft:purple_stained_glass_pane":16,"minecraft:magenta_stained_glass":8,"minecraft:polished_granite":20,"minecraft:gray_concrete_powder":48,"minecraft:sandstone_slab":1148,"minecraft:glowstone":4322,"minecraft:white_stained_glass":40904,"minecraft:green_stained_glass_pane":16,"minecraft:jungle_slab":6,"minecraft:golden_apple":129,"minecraft:andesite_slab":62,"minecraft:gray_shulker_box":1,"minecraft:cyan_shulker_box":1,"minecraft:oak_stairs":160,"minecraft:iron_leggings":7,"minecraft:white_bed":31,"minecraft:blue_carpet":57,"minecraft:brick":2348,"minecraft:oak_planks":29780,"minecraft:dark_oak_boat":48,"minecraft:cobblestone_stairs":352,"minecraft:suspicious_stew":2,"minecraft:green_dye":67,"minecraft:dark_oak_door":3,"minecraft:hopper":4176,"minecraft:iron_boots":2,"minecraft:written_book":3,"minecraft:cyan_terracotta":10277,"minecraft:chiseled_stone_bricks":284,"minecraft:stone_hoe":6,"minecraft:quartz_stairs":968,"minecraft:oak_slab":786,"minecraft:item_frame":94,"minecraft:acacia_wood":192,"minecraft:crafting_table":100,"minecraft:spruce_planks":16260,"minecraft:wooden_pickaxe":1,"minecraft:brown_stained_glass_pane":16,"minecraft:baked_potato":30,"minecraft:hopper_minecart":117,"minecraft:brewing_stand":1,"minecraft:birch_planks":6330,"minecraft:pumpkin_seeds":2064,"minecraft:emerald_block":387,"minecraft:dark_oak_slab":192,"minecraft:iron_chestplate":6,"minecraft:book":24,"minecraft:paper":22711,"minecraft:diamond_pickaxe":18,"minecraft:charcoal":4,"minecraft:shield":7,"minecraft:light_blue_dye":264,"minecraft:stone_sword":1,"minecraft:snow_block":541,"minecraft:green_shulker_box":1,"minecraft:redstone_torch":3992,"minecraft:light_gray_carpet":181,"minecraft:shears":32,"minecraft:light_gray_stained_glass_pane":1984,"minecraft:sandstone_stairs":752,"minecraft:polished_andesite":292,"minecraft:coarse_dirt":508,"minecraft:cookie":72,"minecraft:redstone":13053,"minecraft:coal":693,"minecraft:light_gray_stained_glass":1072,"minecraft:stone_button":236,"minecraft:dark_oak_trapdoor":984,"minecraft:gray_dye":12,"minecraft:dark_oak_sign":3,"minecraft:diamond_block":47,"minecraft:glass_pane":916,"minecraft:blue_ice":19,"minecraft:yellow_shulker_box":1,"minecraft:green_concrete_powder":3528,"minecraft:black_terracotta":72,"minecraft:iron_axe":16,"minecraft:slime_ball":1647,"minecraft:orange_concrete_powder":8,"minecraft:lime_dye":175,"minecraft:observer":2962,"minecraft:minecart":464,"minecraft:cooked_beef":35,"minecraft:sugar":69,"minecraft:red_dye":132,"minecraft:cyan_concrete_powder":8,"minecraft:bone_block":71,"minecraft:diamond_sword":8,"minecraft:cyan_dye":1602,"minecraft:spruce_sign":3,"minecraft:dark_oak_stairs":8,"minecraft:pink_concrete_powder":8,"minecraft:powered_rail":3480,"minecraft:activator_rail":78,"minecraft:bucket":106,"minecraft:stone_axe":1,"minecraft:air":0,"minecraft:bread":88,"minecraft:blue_dye":194,"minecraft:black_stained_glass":8,"minecraft:oak_boat":14,"minecraft:white_wool":185,"minecraft:gold_nugget":5353,"minecraft:pink_stained_glass_pane":16,"minecraft:dark_prismarine_slab":6,"minecraft:pumpkin_pie":129,"minecraft:acacia_planks":7506,"minecraft:purple_concrete_powder":8,"minecraft:lapis_lazuli":317,"minecraft:lapis_block":60,"minecraft:firework_rocket":39708},"minecraft:killed_by":{"minecraft:zombie":428,"minecraft:wolf":1,"minecraft:drowned":3,"minecraft:skeleton":1,"minecraft:husk":1,"minecraft:creeper":3,"minecraft:cave_spider":1,"minecraft:player":4,"minecraft:phantom":5},"minecraft:picked_up":{"minecraft:lead":13,"minecraft:stone_slab":73,"minecraft:enchanted_book":5,"minecraft:blue_concrete":58,"minecraft:music_disc_cat":1,"minecraft:string":1252,"minecraft:pufferfish":35,"minecraft:diamond_leggings":47,"minecraft:dead_bubble_coral_fan":31,"minecraft:horn_coral_block":15,"minecraft:hopper_minecart":2,"minecraft:diamond_ore":145,"minecraft:spruce_pressure_plate":2,"minecraft:acacia_log":741,"minecraft:purpur_pillar":203,"minecraft:cyan_stained_glass":67,"minecraft:golden_chestplate":11,"minecraft:gray_shulker_box":29,"minecraft:green_terracotta":4,"minecraft:pink_terracotta":215,"minecraft:yellow_banner":3,"minecraft:stone_sword":42,"minecraft:lime_carpet":5,"minecraft:horn_coral_fan":2,"minecraft:carved_pumpkin":97,"minecraft:red_tulip":2,"minecraft:glowstone":765,"minecraft:bookshelf":10,"minecraft:end_rod":1204,"minecraft:white_terracotta":1511,"minecraft:blaze_rod":381,"minecraft:iron_bars":198,"minecraft:snowball":2614,"minecraft:feather":1540,"minecraft:cooked_beef":13,"minecraft:water_bucket":24,"minecraft:dark_oak_boat":88,"minecraft:flint":1020,"minecraft:cyan_concrete_powder":2,"minecraft:pink_concrete_powder":264,"minecraft:gray_concrete_powder":12,"minecraft:stonecutter":18,"minecraft:dark_oak_sign":1,"minecraft:diamond_helmet":47,"minecraft:rabbit":5,"minecraft:lime_terracotta":25,"minecraft:stripped_spruce_log":8,"minecraft:dead_fire_coral_fan":4,"minecraft:iron_hoe":1,"minecraft:polished_andesite":88,"minecraft:blue_terracotta":44,"minecraft:lever":146,"minecraft:granite":7015,"minecraft:spruce_button":10,"minecraft:cyan_dye":110,"minecraft:jack_o_lantern":16,"minecraft:light_gray_carpet":36,"minecraft:diamond_pickaxe":93,"minecraft:clay_ball":5,"minecraft:leather_leggings":9,"minecraft:redstone_lamp":232,"minecraft:dragon_head":6,"minecraft:purpur_block":410,"minecraft:heavy_weighted_pressure_plate":97,"minecraft:elytra":61,"minecraft:acacia_door":6,"minecraft:flint_and_steel":7,"minecraft:white_carpet":65,"minecraft:white_stained_glass":10266,"minecraft:iron_shovel":34,"minecraft:glass_pane":35,"minecraft:brown_stained_glass_pane":1,"minecraft:poppy":146,"minecraft:spruce_slab":299,"minecraft:minecart":427,"minecraft:birch_sapling":704,"minecraft:piston":579,"minecraft:diamond_hoe":1,"minecraft:lime_shulker_box":2,"minecraft:black_stained_glass":5,"minecraft:stone":117315,"minecraft:fire_charge":33,"minecraft:white_dye":31,"minecraft:cyan_shulker_box":17,"minecraft:stone_shovel":6,"minecraft:diamond_chestplate":7,"minecraft:purpur_slab":54,"minecraft:hay_block":1,"minecraft:yellow_terracotta":2310,"minecraft:mutton":20,"minecraft:rail":763,"minecraft:bone_block":355,"minecraft:oxeye_daisy":26,"minecraft:yellow_shulker_box":109,"minecraft:lime_bed":13,"minecraft:birch_leaves":44,"minecraft:clock":2,"minecraft:tripwire_hook":6,"minecraft:yellow_dye":136,"minecraft:acacia_wood":109,"minecraft:purpur_stairs":34,"minecraft:lily_pad":114,"minecraft:paper":12716,"minecraft:light_blue_banner":3,"minecraft:apple":81,"minecraft:yellow_stained_glass":51,"minecraft:oak_fence_gate":29,"minecraft:iron_ore":2750,"minecraft:magenta_stained_glass":5,"minecraft:gray_bed":1,"minecraft:dark_oak_stairs":1,"minecraft:milk_bucket":4,"minecraft:light_gray_stained_glass":33,"minecraft:red_wool":14,"minecraft:lime_concrete":178,"minecraft:light_blue_stained_glass":903,"minecraft:leather_helmet":4,"minecraft:diamond_shovel":61,"minecraft:coal_ore":2255,"minecraft:slime_ball":6675,"minecraft:painting":13,"minecraft:birch_sign":4,"minecraft:baked_potato":325,"minecraft:hopper":1229,"minecraft:black_carpet":5,"minecraft:light_blue_concrete":33,"minecraft:ender_chest":86,"minecraft:nether_brick_fence":35,"minecraft:stone_brick_stairs":100,"minecraft:lapis_block":7,"minecraft:purple_banner":10,"minecraft:red_sand":64,"minecraft:smooth_stone":1336,"minecraft:comparator":482,"minecraft:bucket":34,"minecraft:red_dye":132,"minecraft:rose_bush":3,"minecraft:cobblestone_slab":37,"minecraft:iron_pickaxe":3,"minecraft:blue_wool":9,"minecraft:tipped_arrow":64,"minecraft:acacia_fence":199,"minecraft:spruce_stairs":86,"minecraft:diorite":9141,"minecraft:rotten_flesh":2607,"minecraft:brown_shulker_box":11,"minecraft:chorus_flower":393,"minecraft:obsidian":958,"minecraft:blaze_powder":27,"minecraft:cobblestone":39411,"minecraft:enchanting_table":2,"minecraft:leather_chestplate":3,"minecraft:lilac":2,"minecraft:repeater":1438,"minecraft:dead_tube_coral_fan":31,"minecraft:andesite":8130,"minecraft:golden_leggings":14,"minecraft:beacon":25,"minecraft:potato":228,"minecraft:prismarine_bricks":70,"minecraft:dirt":32938,"minecraft:name_tag":7,"minecraft:glass":4272,"minecraft:bone":1015,"minecraft:acacia_planks":254,"minecraft:bow":74,"minecraft:wheat_seeds":1044,"minecraft:grindstone":2,"minecraft:mossy_stone_bricks":2,"minecraft:bamboo":2842,"minecraft:cyan_concrete":15,"minecraft:prismarine":5,"minecraft:gray_stained_glass":99,"minecraft:light_blue_shulker_box":21,"minecraft:melon":281,"minecraft:grass_block":12645,"minecraft:diamond_block":203,"minecraft:mossy_cobblestone":50,"minecraft:light_gray_terracotta":1819,"minecraft:sugar":372,"minecraft:yellow_carpet":28,"minecraft:light_blue_terracotta":124,"minecraft:slime_block":879,"minecraft:bone_meal":1785,"minecraft:grass":6,"minecraft:golden_apple":4,"minecraft:spruce_sign":4,"minecraft:emerald":625,"minecraft:netherrack":8099,"minecraft:chorus_fruit":1566,"minecraft:andesite_slab":9,"minecraft:oak_leaves":5193,"minecraft:azure_bluet":36,"minecraft:splash_potion":3,"minecraft:ladder":179,"minecraft:brown_mushroom":189,"minecraft:packed_ice":4356,"minecraft:stone_brick_wall":16,"minecraft:brick":100,"minecraft:orange_stained_glass":124,"minecraft:oak_trapdoor":12,"minecraft:mycelium":576,"minecraft:magenta_wool":15,"minecraft:lime_wool":82,"minecraft:end_stone":1392,"minecraft:note_block":29,"minecraft:brown_concrete_powder":64,"minecraft:trident":42,"minecraft:light_gray_stained_glass_pane":226,"minecraft:stone_pressure_plate":113,"minecraft:red_shulker_box":174,"minecraft:pumpkin_pie":4,"minecraft:nether_bricks":476,"minecraft:pink_tulip":3,"minecraft:brick_stairs":63,"minecraft:jungle_boat":4,"minecraft:dark_oak_button":4,"minecraft:golden_carrot":982,"minecraft:leather":137,"minecraft:ice":1313,"minecraft:chainmail_chestplate":2,"minecraft:cobblestone_wall":90,"minecraft:gunpowder":1709,"minecraft:orange_terracotta":861,"minecraft:cooked_mutton":3,"minecraft:red_carpet":3,"minecraft:gray_carpet":7,"minecraft:rabbit_hide":5,"minecraft:iron_ingot":3269,"minecraft:cooked_chicken":1932,"minecraft:nether_quartz_ore":25,"minecraft:emerald_block":59,"minecraft:stone_brick_slab":292,"minecraft:quartz":24546,"minecraft:dandelion":199,"minecraft:lava_bucket":4,"minecraft:spruce_door":1,"minecraft:brick_slab":1,"minecraft:light_blue_concrete_powder":8,"minecraft:pumpkin_seeds":364,"minecraft:white_concrete_powder":6202,"minecraft:chainmail_leggings":3,"minecraft:terracotta":3327,"minecraft:sunflower":13,"minecraft:seagrass":1,"minecraft:birch_door":3,"minecraft:iron_chestplate":6,"minecraft:chainmail_boots":1,"minecraft:anvil":5,"minecraft:prismarine_shard":8683,"minecraft:diamond_sword":49,"minecraft:oak_stairs":72,"minecraft:birch_button":5,"minecraft:golden_sword":11,"minecraft:dark_oak_trapdoor":13,"minecraft:cooked_salmon":4,"minecraft:beetroot":1,"minecraft:gold_nugget":268,"minecraft:spruce_planks":176,"minecraft:acacia_fence_gate":2,"minecraft:written_book":67,"minecraft:melon_slice":37710,"minecraft:coal_block":23,"minecraft:golden_helmet":6,"minecraft:composter":2,"minecraft:gray_stained_glass_pane":709,"minecraft:light_blue_wool":11,"minecraft:tropical_fish":2,"minecraft:iron_block":3257,"minecraft:cyan_terracotta":3649,"minecraft:birch_log":344,"minecraft:magma_block":1173,"minecraft:iron_door":38,"minecraft:birch_slab":73,"minecraft:acacia_leaves":42,"minecraft:green_concrete_powder":255,"minecraft:gray_concrete":638,"minecraft:light_gray_concrete_powder":417,"minecraft:chipped_anvil":3,"minecraft:gray_terracotta":38,"minecraft:glowstone_dust":622,"minecraft:dropper":249,"minecraft:ink_sac":203,"minecraft:fermented_spider_eye":2,"minecraft:dark_oak_log":2524,"minecraft:red_terracotta":840,"minecraft:barrel":11,"minecraft:stripped_acacia_log":1,"minecraft:dispenser":99,"minecraft:black_concrete_powder":485,"minecraft:green_concrete":1732,"minecraft:writable_book":13,"minecraft:blue_ice":64,"minecraft:chainmail_helmet":1,"minecraft:bread":52,"minecraft:dark_oak_fence":5,"minecraft:bricks":63,"minecraft:spruce_leaves":251,"minecraft:crafting_table":133,"minecraft:coarse_dirt":196,"minecraft:sandstone_slab":110,"minecraft:purple_wool":18,"minecraft:nether_wart":29,"minecraft:conduit":1,"minecraft:red_bed":1,"minecraft:snow":5915,"minecraft:cracked_stone_bricks":24,"minecraft:beef":148,"minecraft:cyan_wool":7,"minecraft:iron_nugget":5,"minecraft:quartz_stairs":892,"minecraft:chest":1072,"minecraft:egg":2420,"minecraft:sandstone":3286,"minecraft:oak_door":19,"minecraft:spruce_fence":8,"minecraft:cake":1,"minecraft:carrot":2223,"minecraft:redstone":19108,"minecraft:prismarine_crystals":3451,"minecraft:tnt":144,"minecraft:cooked_cod":144,"minecraft:beetroot_seeds":3,"minecraft:peony":2,"minecraft:shears":3,"minecraft:diamond_boots":46,"minecraft:sandstone_stairs":247,"minecraft:gold_ingot":260,"minecraft:white_shulker_box":25,"minecraft:lime_concrete_powder":1,"minecraft:white_wool":101,"minecraft:lapis_ore":68,"minecraft:stripped_oak_log":137,"minecraft:red_mushroom_block":2,"minecraft:red_mushroom":143,"minecraft:filled_map":1,"minecraft:jungle_button":4,"minecraft:brown_concrete":946,"minecraft:oak_log":2458,"minecraft:golden_boots":6,"minecraft:blue_bed":1,"minecraft:stone_bricks":7686,"minecraft:kelp":6903,"minecraft:cobweb":64,"minecraft:glass_bottle":489,"minecraft:iron_sword":13,"minecraft:white_stained_glass_pane":2240,"minecraft:dark_oak_slab":4,"minecraft:yellow_concrete":1586,"minecraft:light_blue_glazed_terracotta":5,"minecraft:gravel":38138,"minecraft:birch_stairs":81,"minecraft:spruce_sapling":163,"minecraft:spruce_log":2945,"minecraft:sea_lantern":1450,"minecraft:firework_rocket":4360,"minecraft:red_stained_glass":16,"minecraft:polished_diorite":10,"minecraft:stone_axe":1,"minecraft:redstone_ore":658,"minecraft:diamond_axe":52,"minecraft:oak_button":11,"minecraft:melon_seeds":262,"minecraft:stripped_dark_oak_log":1,"minecraft:ender_pearl":350,"minecraft:shulker_shell":600,"minecraft:wheat":171,"minecraft:redstone_block":667,"minecraft:iron_trapdoor":47,"minecraft:light_gray_shulker_box":10,"minecraft:potion":19,"minecraft:brain_coral_block":8,"minecraft:cod_bucket":1,"minecraft:smooth_stone_slab":7687,"minecraft:iron_leggings":4,"minecraft:armor_stand":10,"minecraft:sticky_piston":1192,"minecraft:oak_sign":298,"minecraft:activator_rail":3,"minecraft:dark_oak_leaves":1045,"minecraft:redstone_torch":580,"minecraft:iron_boots":4,"minecraft:furnace":253,"minecraft:stick":1093,"minecraft:orange_shulker_box":20,"minecraft:brown_terracotta":1402,"minecraft:oak_fence":108,"minecraft:torch":3176,"minecraft:porkchop":3,"minecraft:snow_block":908,"minecraft:dried_kelp":166,"minecraft:dead_brain_coral_fan":1,"minecraft:yellow_concrete_powder":35,"minecraft:light_gray_banner":1,"minecraft:blue_stained_glass":780,"minecraft:green_banner":1,"minecraft:quartz_block":359,"minecraft:cactus":1854,"minecraft:cod":3826,"minecraft:nautilus_shell":8,"minecraft:magma_cream":3,"minecraft:light_gray_dye":88,"minecraft:wither_skeleton_skull":28,"minecraft:acacia_boat":8,"minecraft:green_shulker_box":6,"minecraft:lapis_lazuli":2434,"minecraft:polished_granite":1,"minecraft:leather_boots":3,"minecraft:powered_rail":849,"minecraft:oak_planks":332,"minecraft:stone_hoe":2,"minecraft:ghast_tear":6,"minecraft:pink_concrete":163,"minecraft:black_terracotta":22,"minecraft:pink_stained_glass_pane":2,"minecraft:oak_pressure_plate":1,"minecraft:poisonous_potato":5,"minecraft:jungle_planks":1,"minecraft:sand":147004,"minecraft:dead_bush":55,"minecraft:shulker_box":1162,"minecraft:orange_wool":14,"minecraft:light_gray_concrete":1181,"minecraft:clay":10,"minecraft:spruce_boat":13,"minecraft:diamond":1745,"minecraft:black_concrete":1831,"minecraft:white_concrete":41617,"minecraft:oak_sapling":656,"minecraft:bubble_coral_block":13,"minecraft:nether_star":13,"minecraft:end_stone_bricks":255,"minecraft:fishing_rod":2,"minecraft:cocoa_beans":24,"minecraft:chicken":307,"minecraft:wooden_pickaxe":1,"minecraft:gold_block":50,"minecraft:stone_stairs":4,"minecraft:iron_axe":8,"minecraft:orange_concrete":676,"minecraft:item_frame":26,"minecraft:quartz_slab":2641,"minecraft:detector_rail":124,"minecraft:oak_boat":48,"minecraft:player_head":154,"minecraft:observer":1341,"minecraft:lectern":597,"minecraft:sugar_cane":2147,"minecraft:spruce_trapdoor":8,"minecraft:phantom_membrane":364,"minecraft:dark_oak_sapling":38,"minecraft:quartz_pillar":2,"minecraft:stone_button":141,"minecraft:dark_oak_planks":217,"minecraft:smooth_sandstone_slab":1,"minecraft:arrow":1188,"minecraft:light_blue_stained_glass_pane":114,"minecraft:jungle_stairs":1,"minecraft:saddle":3,"minecraft:lime_stained_glass":2,"minecraft:wet_sponge":1,"minecraft:salmon":64,"minecraft:birch_planks":19,"minecraft:cobblestone_stairs":132,"minecraft:podzol":64,"minecraft:smooth_sandstone":1,"minecraft:acacia_sapling":23,"minecraft:soul_sand":620,"minecraft:purple_concrete":5,"minecraft:book":144,"minecraft:scaffolding":247,"minecraft:oak_slab":126,"minecraft:red_concrete_powder":19,"minecraft:birch_boat":9,"minecraft:pumpkin":4899,"minecraft:chiseled_stone_bricks":81,"minecraft:magenta_stained_glass_pane":1,"minecraft:white_bed":30,"minecraft:gold_ore":440,"minecraft:spider_eye":631,"minecraft:cyan_banner":2,"minecraft:lime_dye":4,"minecraft:dried_kelp_block":212,"minecraft:iron_helmet":5,"minecraft:magenta_concrete":8,"minecraft:acacia_slab":341,"minecraft:red_concrete":145,"minecraft:coal":7903},"minecraft:mined":{"minecraft:dragon_wall_head":2,"minecraft:red_shulker_box":172,"minecraft:white_bed":25,"minecraft:fire_coral_wall_fan":3,"minecraft:cyan_shulker_box":17,"minecraft:granite":9240,"minecraft:acacia_log":638,"minecraft:blue_wool":9,"minecraft:green_concrete":1731,"minecraft:oak_wall_sign":81,"minecraft:spawner":1,"minecraft:chorus_flower":392,"minecraft:magma_block":1257,"minecraft:dark_oak_trapdoor":14,"minecraft:barrel":10,"minecraft:spruce_pressure_plate":2,"minecraft:light_gray_concrete":1095,"minecraft:pink_tulip":3,"minecraft:white_shulker_box":21,"minecraft:player_head":3,"minecraft:tripwire":185,"minecraft:jungle_button":4,"minecraft:sandstone_slab":110,"minecraft:kelp_plant":456,"minecraft:torch":1232,"minecraft:note_block":16,"minecraft:melon":23,"minecraft:white_stained_glass_pane":1602,"minecraft:dead_bush":74,"minecraft:spruce_wall_sign":3,"minecraft:tube_coral_fan":5,"minecraft:lime_shulker_box":2,"minecraft:sugar_cane":318,"minecraft:bricks":66,"minecraft:birch_sapling":1,"minecraft:white_terracotta":1581,"minecraft:repeater":685,"minecraft:purple_banner":9,"minecraft:grass":1817,"minecraft:birch_button":1,"minecraft:brown_concrete":728,"minecraft:light_blue_wool":11,"minecraft:mossy_cobblestone":53,"minecraft:dark_oak_log":2696,"minecraft:cyan_stained_glass":5,"minecraft:sea_lantern":532,"minecraft:end_stone":1300,"minecraft:dark_oak_fence":8,"minecraft:spruce_fence":9,"minecraft:redstone_wire":1214,"minecraft:red_mushroom":75,"minecraft:white_concrete_powder":71,"minecraft:magenta_stained_glass_pane":1,"minecraft:redstone_ore":3278,"minecraft:light_blue_concrete_powder":5,"minecraft:pink_concrete":164,"minecraft:andesite":12276,"minecraft:green_terracotta":4,"minecraft:cyan_concrete":20,"minecraft:cobblestone_slab":33,"minecraft:vine":54,"minecraft:rail":608,"minecraft:brain_coral_wall_fan":3,"minecraft:bone_block":16,"minecraft:ender_chest":77,"minecraft:oak_slab":120,"minecraft:birch_stairs":28,"minecraft:redstone_block":455,"minecraft:glass_pane":22,"minecraft:soul_sand":1310,"minecraft:dandelion":183,"minecraft:tall_grass":3,"minecraft:brain_coral_fan":15,"minecraft:purpur_pillar":209,"minecraft:diorite":11357,"minecraft:purple_wool":19,"minecraft:black_stained_glass":7,"minecraft:red_terracotta":779,"minecraft:coarse_dirt":149,"minecraft:cobblestone_wall":58,"minecraft:purple_concrete":5,"minecraft:dark_oak_button":3,"minecraft:gravel":42365,"minecraft:cobweb":95,"minecraft:brown_terracotta":1417,"minecraft:oak_button":5,"minecraft:birch_sign":3,"minecraft:stone_bricks":9019,"minecraft:chipped_anvil":3,"minecraft:gold_ore":431,"minecraft:iron_trapdoor":47,"minecraft:fern":4,"minecraft:stone_pressure_plate":54,"minecraft:oak_sapling":2,"minecraft:farmland":72,"minecraft:orange_stained_glass":114,"minecraft:orange_wool":14,"minecraft:spruce_trapdoor":8,"minecraft:white_concrete":40609,"minecraft:polished_diorite":10,"minecraft:composter":7,"minecraft:green_wall_banner":1,"minecraft:dragon_head":1,"minecraft:red_tulip":2,"minecraft:iron_bars":196,"minecraft:spruce_slab":294,"minecraft:brown_shulker_box":11,"minecraft:gray_terracotta":110,"minecraft:quartz_block":256,"minecraft:orange_terracotta":1002,"minecraft:yellow_banner":2,"minecraft:purpur_stairs":35,"minecraft:light_gray_terracotta":1870,"minecraft:jungle_stairs":1,"minecraft:beacon":23,"minecraft:nether_quartz_ore":11028,"minecraft:oak_planks":131,"minecraft:wall_torch":354,"minecraft:light_blue_terracotta":136,"minecraft:stone_stairs":1,"minecraft:fire_coral_fan":4,"minecraft:blue_terracotta":69,"minecraft:powered_rail":513,"minecraft:dark_oak_slab":4,"minecraft:blue_ice":3,"minecraft:tnt":43,"minecraft:smooth_stone_slab":6045,"minecraft:oak_log":2433,"minecraft:moving_piston":1,"minecraft:beetroots":1,"minecraft:lime_terracotta":18,"minecraft:dirt":37276,"minecraft:dispenser":67,"minecraft:quartz_stairs":572,"minecraft:dark_oak_leaves":1266,"minecraft:red_stained_glass":25,"minecraft:lever":59,"minecraft:ladder":24,"minecraft:tube_coral_wall_fan":5,"minecraft:stone_button":44,"minecraft:brown_mushroom_block":179,"minecraft:birch_slab":84,"minecraft:spruce_leaves":284,"minecraft:acacia_slab":317,"minecraft:hay_block":1,"minecraft:heavy_weighted_pressure_plate":28,"minecraft:light_gray_shulker_box":10,"minecraft:detector_rail":46,"minecraft:gold_block":26,"minecraft:nether_brick_fence":42,"minecraft:bookshelf":49,"minecraft:stripped_oak_log":138,"minecraft:pink_terracotta":223,"minecraft:scaffolding":14,"minecraft:acacia_leaves":47,"minecraft:magenta_stained_glass":4,"minecraft:snow_block":1061,"minecraft:stripped_dark_oak_log":1,"minecraft:polished_granite":1,"minecraft:oak_fence":105,"minecraft:gray_stained_glass":2,"minecraft:lime_carpet":4,"minecraft:stone_slab":24,"minecraft:red_concrete":159,"minecraft:prismarine_bricks":78,"minecraft:birch_planks":17,"minecraft:sea_pickle":1,"minecraft:ice":586,"minecraft:grass_path":97,"minecraft:dead_brain_coral_wall_fan":2,"minecraft:cocoa":8,"minecraft:yellow_concrete":1344,"minecraft:cracked_stone_bricks":11,"minecraft:dead_bubble_coral_wall_fan":3,"minecraft:mossy_stone_bricks":2,"minecraft:dark_oak_planks":99,"minecraft:light_blue_concrete":15,"minecraft:black_terracotta":23,"minecraft:obsidian":933,"minecraft:carved_pumpkin":99,"minecraft:red_sand":19,"minecraft:stone_brick_wall":16,"minecraft:yellow_carpet":22,"minecraft:horn_coral_fan":8,"minecraft:coal_block":23,"minecraft:purpur_slab":56,"minecraft:lime_stained_glass":28,"minecraft:bubble_coral_block":15,"minecraft:hopper":1323,"minecraft:oxeye_daisy":25,"minecraft:light_blue_stained_glass":106,"minecraft:orange_concrete":265,"minecraft:sticky_piston":1048,"minecraft:dead_fire_coral_wall_fan":14,"minecraft:pumpkin":125,"minecraft:enchanting_table":2,"minecraft:lime_stained_glass_pane":1,"minecraft:oak_sign":16,"minecraft:oak_stairs":12,"minecraft:quartz_slab":2365,"minecraft:iron_block":2523,"minecraft:piston_head":62,"minecraft:conduit":1,"minecraft:brown_mushroom":118,"minecraft:player_wall_head":5,"minecraft:blue_stained_glass":74,"minecraft:green_concrete_powder":7,"minecraft:glass":2546,"minecraft:smooth_sandstone_slab":1,"minecraft:cyan_wool":8,"minecraft:black_concrete_powder":20,"minecraft:light_gray_stained_glass":15,"minecraft:wheat":171,"minecraft:lime_concrete":196,"minecraft:stone_brick_stairs":88,"minecraft:oak_fence_gate":33,"minecraft:red_mushroom_block":446,"minecraft:stonecutter":30,"minecraft:yellow_stained_glass":29,"minecraft:piston":472,"minecraft:yellow_terracotta":2131,"minecraft:light_blue_stained_glass_pane":64,"minecraft:light_gray_stained_glass_pane":162,"minecraft:jack_o_lantern":2,"minecraft:shulker_box":997,"minecraft:nether_bricks":1642,"minecraft:orange_shulker_box":19,"minecraft:magenta_concrete":8,"minecraft:yellow_concrete_powder":1,"minecraft:lime_wool":18,"minecraft:kelp":471,"minecraft:horn_coral_wall_fan":2,"minecraft:pink_wool":1,"minecraft:snow":7166,"minecraft:acacia_wood":123,"minecraft:diamond_block":98,"minecraft:potatoes":30,"minecraft:bamboo":139,"minecraft:white_wool":118,"minecraft:light_gray_carpet":36,"minecraft:gray_concrete":488,"minecraft:comparator":247,"minecraft:brown_stained_glass_pane":1,"minecraft:pink_concrete_powder":1,"minecraft:stone_brick_slab":203,"minecraft:observer":990,"minecraft:smooth_sandstone":1,"minecraft:light_gray_concrete_powder":98,"minecraft:spruce_button":8,"minecraft:dropper":219,"minecraft:white_carpet":31,"minecraft:spruce_log":2906,"minecraft:birch_leaves":48,"minecraft:quartz_pillar":2,"minecraft:mycelium":604,"minecraft:pink_stained_glass_pane":3,"minecraft:acacia_planks":222,"minecraft:infested_stone":3,"minecraft:spruce_planks":152,"minecraft:cobblestone_stairs":59,"minecraft:grass_block":24477,"minecraft:blue_concrete":62,"minecraft:sandstone_stairs":188,"minecraft:smooth_stone":672,"minecraft:glowstone":236,"minecraft:iron_ore":2958,"minecraft:black_carpet":3,"minecraft:anvil":4,"minecraft:azure_bluet":26,"minecraft:dark_oak_stairs":1,"minecraft:end_stone_bricks":276,"minecraft:brain_coral_block":8,"minecraft:cyan_terracotta":2553,"minecraft:clay":56,"minecraft:poppy":179,"minecraft:chest":1044,"minecraft:mushroom_stem":84,"minecraft:cobblestone":4638,"minecraft:slime_block":938,"minecraft:grindstone":2,"minecraft:prismarine":6,"minecraft:seagrass":133,"minecraft:birch_log":241,"minecraft:lapis_block":1,"minecraft:purpur_block":467,"minecraft:acacia_fence":223,"minecraft:sand":146470,"minecraft:wither_skeleton_skull":2,"minecraft:tripwire_hook":5,"minecraft:netherrack":26088,"minecraft:magenta_wool":15,"minecraft:oak_leaves":5770,"minecraft:horn_coral_block":15,"minecraft:emerald_block":59,"minecraft:redstone_lamp":155,"minecraft:diamond_ore":510,"minecraft:gray_shulker_box":28,"minecraft:gray_stained_glass_pane":11,"minecraft:brick_stairs":67,"minecraft:light_blue_glazed_terracotta":9,"minecraft:white_stained_glass":8620,"minecraft:sandstone":3265,"minecraft:oak_trapdoor":17,"minecraft:spruce_sapling":3,"minecraft:furnace":472,"minecraft:carrots":346,"minecraft:red_concrete_powder":20,"minecraft:stripped_spruce_log":8,"minecraft:black_concrete":1661,"minecraft:stripped_acacia_log":1,"minecraft:packed_ice":3838,"minecraft:chorus_plant":12,"minecraft:stone":199604,"minecraft:yellow_shulker_box":99,"minecraft:redstone_wall_torch":130,"minecraft:light_blue_shulker_box":21,"minecraft:red_wool":3,"minecraft:crafting_table":135,"minecraft:andesite_slab":8,"minecraft:lectern":597,"minecraft:lapis_ore":276,"minecraft:lily_pad":72,"minecraft:blue_bed":1,"minecraft:spruce_stairs":39,"minecraft:lime_bed":13,"minecraft:cactus":249,"minecraft:gray_concrete_powder":2,"minecraft:brick_slab":1,"minecraft:green_shulker_box":4,"minecraft:acacia_fence_gate":2,"minecraft:redstone_torch":97,"minecraft:gray_bed":1,"minecraft:coal_ore":6462,"minecraft:end_rod":485,"minecraft:gray_carpet":10,"minecraft:terracotta":3547,"minecraft:polished_andesite":271},"minecraft:killed":{"minecraft:cod":3,"minecraft:guardian":11202,"minecraft:skeleton_horse":2,"minecraft:salmon":3,"minecraft:pillager":10,"minecraft:zombie":1034,"minecraft:zombie_pigman":955,"minecraft:endermite":6,"minecraft:husk":41,"minecraft:rabbit":5,"minecraft:polar_bear":1,"minecraft:witch":6,"minecraft:spider":186,"minecraft:wither":12,"minecraft:zombie_villager":22,"minecraft:sheep":9,"minecraft:trader_llama":6,"minecraft:ghast":38,"minecraft:slime":127,"minecraft:drowned":596,"minecraft:squid":46,"minecraft:wither_skeleton":1955,"minecraft:villager":8,"minecraft:shulker":288,"minecraft:pufferfish":1,"minecraft:skeleton":1078,"minecraft:chicken":198,"minecraft:magma_cube":40,"minecraft:cow":59,"minecraft:wandering_trader":2,"minecraft:enderman":10,"minecraft:creeper":244,"minecraft:blaze":1875,"minecraft:phantom":26},"minecraft:dropped":{"minecraft:iron_sword":9,"minecraft:lapis_lazuli":658,"minecraft:chorus_fruit":51,"minecraft:glass_bottle":225,"minecraft:cyan_glazed_terracotta":1,"minecraft:diamond":478,"minecraft:crafting_table":2,"minecraft:lime_stained_glass":1,"minecraft:dark_oak_slab":4,"minecraft:cracked_stone_bricks":21,"minecraft:red_mushroom":29,"minecraft:gold_block":21,"minecraft:emerald":559,"minecraft:gray_concrete":10,"minecraft:dark_oak_fence":2,"minecraft:dark_oak_trapdoor":1,"minecraft:writable_book":2,"minecraft:gold_nugget":315,"minecraft:bubble_coral_block":17,"minecraft:sand":2394,"minecraft:dark_oak_planks":63,"minecraft:fermented_spider_eye":2,"minecraft:birch_stairs":108,"minecraft:white_wool":28,"minecraft:stone_axe":2,"minecraft:compass":2,"minecraft:diamond_block":15,"minecraft:lever":62,"minecraft:iron_nugget":8,"minecraft:cooked_chicken":286,"minecraft:wheat":17,"minecraft:obsidian":39,"minecraft:stripped_dark_oak_log":1,"minecraft:rotten_flesh":1423,"minecraft:oak_planks":153,"minecraft:glowstone_dust":313,"minecraft:azure_bluet":21,"minecraft:nether_brick_fence":21,"minecraft:blue_stained_glass":25,"minecraft:sea_lantern":402,"minecraft:coal_ore":296,"minecraft:quartz_block":27,"minecraft:leather_boots":1,"minecraft:acacia_sapling":3,"minecraft:leather_leggings":5,"minecraft:beef":102,"minecraft:glass":1134,"minecraft:podzol":57,"minecraft:stone_brick_stairs":30,"minecraft:acacia_fence":1,"minecraft:brown_concrete":28,"minecraft:golden_boots":4,"minecraft:black_dye":14,"minecraft:wheat_seeds":742,"minecraft:clock":1,"minecraft:horn_coral_block":17,"minecraft:light_gray_stained_glass_pane":81,"minecraft:book":4,"minecraft:prismarine_crystals":2989,"minecraft:red_stained_glass":2,"minecraft:lava_bucket":3,"minecraft:cobweb":8,"minecraft:dark_oak_leaves":78,"minecraft:ink_sac":92,"minecraft:lapis_ore":5,"minecraft:potion":6,"minecraft:oak_stairs":16,"minecraft:pumpkin":2796,"minecraft:red_dye":214,"minecraft:smooth_stone":235,"minecraft:chainmail_leggings":1,"minecraft:lily_pad":104,"minecraft:acacia_planks":45,"minecraft:stone_brick_slab":131,"minecraft:snow_block":77,"minecraft:yellow_concrete_powder":1,"minecraft:player_head":68,"minecraft:sticky_piston":8,"minecraft:orange_concrete":163,"minecraft:experience_bottle":1,"minecraft:stone_shovel":14,"minecraft:white_carpet":15,"minecraft:clay_ball":3,"minecraft:iron_boots":1,"minecraft:name_tag":1,"minecraft:light_gray_concrete":14,"minecraft:white_terracotta":110,"minecraft:oak_sign":232,"minecraft:shears":6,"minecraft:diamond_sword":15,"minecraft:spruce_boat":1,"minecraft:brain_coral_block":24,"minecraft:sea_pickle":1,"minecraft:spruce_planks":108,"minecraft:diamond_pickaxe":25,"minecraft:redstone_torch":100,"minecraft:stone_pressure_plate":54,"minecraft:stone_bricks":542,"minecraft:bamboo":11765,"minecraft:sandstone":140,"minecraft:bow":35,"minecraft:red_sand":1,"minecraft:green_concrete_powder":248,"minecraft:magma_block":30,"minecraft:brick_slab":3,"minecraft:terracotta":38,"minecraft:acacia_boat":2,"minecraft:soul_sand":36,"minecraft:oak_log":24,"minecraft:ender_pearl":200,"minecraft:dark_oak_sapling":8,"minecraft:lime_terracotta":2,"minecraft:green_shulker_box":2,"minecraft:leather":20,"minecraft:red_wool":2,"minecraft:jungle_planks":12,"minecraft:cod":3245,"minecraft:cobblestone_stairs":39,"minecraft:redstone_lamp":18,"minecraft:dark_oak_log":41,"minecraft:packed_ice":325,"minecraft:ice":3183,"minecraft:mutton":4,"minecraft:snowball":473,"minecraft:light_gray_banner":1,"minecraft:wet_sponge":1,"minecraft:dead_bubble_coral_fan":31,"minecraft:black_concrete":297,"minecraft:gold_ingot":215,"minecraft:magenta_stained_glass":3,"minecraft:pink_terracotta":5,"minecraft:purpur_block":267,"minecraft:andesite_slab":1,"minecraft:yellow_stained_glass":1,"minecraft:leather_chestplate":1,"minecraft:trident":8,"minecraft:dropper":22,"minecraft:stone_brick_wall":2,"minecraft:beetroot_seeds":3,"minecraft:horn_coral_fan":22,"minecraft:fire_coral_fan":24,"minecraft:acacia_slab":3,"minecraft:birch_button":3,"minecraft:iron_ore":509,"minecraft:iron_bars":20,"minecraft:white_concrete_powder":33,"minecraft:scaffolding":64,"minecraft:light_gray_concrete_powder":738,"minecraft:splash_potion":4,"minecraft:stone_hoe":5,"minecraft:bread":35,"minecraft:lilac":2,"minecraft:golden_helmet":2,"minecraft:yellow_concrete":62,"minecraft:activator_rail":1,"minecraft:tropical_fish":2,"minecraft:spruce_stairs":56,"minecraft:acacia_log":67,"minecraft:iron_block":694,"minecraft:green_dye":2,"minecraft:repeater":115,"minecraft:melon_slice":3117,"minecraft:white_concrete":931,"minecraft:yellow_shulker_box":1,"minecraft:iron_door":4,"minecraft:light_gray_stained_glass":28,"minecraft:cactus":800,"minecraft:light_blue_stained_glass_pane":1,"minecraft:tripwire_hook":1,"minecraft:redstone_block":108,"minecraft:kelp":3426,"minecraft:oak_trapdoor":2,"minecraft:dragon_head":1,"minecraft:light_gray_terracotta":4,"minecraft:lime_concrete":1,"minecraft:brown_stained_glass_pane":1,"minecraft:comparator":50,"minecraft:stripped_oak_log":4,"minecraft:green_concrete":1,"minecraft:shulker_box":5,"minecraft:flint_and_steel":8,"minecraft:gray_terracotta":1,"minecraft:oak_button":1,"minecraft:dead_tube_coral_fan":20,"minecraft:andesite":3901,"minecraft:golden_leggings":11,"minecraft:oak_sapling":322,"minecraft:gray_concrete_powder":8,"minecraft:spruce_log":7,"minecraft:wooden_pickaxe":2,"minecraft:light_blue_terracotta":39,"minecraft:nautilus_shell":1,"minecraft:brick":100,"minecraft:acacia_wood":4,"minecraft:piston":28,"minecraft:oak_pressure_plate":1,"minecraft:sandstone_stairs":97,"minecraft:cookie":9,"minecraft:dark_oak_button":1,"minecraft:purpur_stairs":16,"minecraft:elytra":13,"minecraft:rail":134,"minecraft:leather_helmet":3,"minecraft:item_frame":2,"minecraft:red_shulker_box":2,"minecraft:dirt":10358,"minecraft:melon":393,"minecraft:grass":4,"minecraft:stone_button":47,"minecraft:yellow_dye":12,"minecraft:jack_o_lantern":21,"minecraft:bone_block":46,"minecraft:bone_meal":781,"minecraft:sunflower":11,"minecraft:phantom_membrane":65,"minecraft:sugar":187,"minecraft:iron_pickaxe":1,"minecraft:dark_oak_boat":6,"minecraft:bone":719,"minecraft:oak_door":8,"minecraft:note_block":11,"minecraft:brain_coral_fan":13,"minecraft:sugar_cane":996,"minecraft:detector_rail":8,"minecraft:golden_chestplate":6,"minecraft:birch_sapling":1,"minecraft:lime_dye":1,"minecraft:end_stone":72,"minecraft:light_gray_carpet":1,"minecraft:green_banner":1,"minecraft:blaze_powder":27,"minecraft:salmon":49,"minecraft:dark_oak_fence_gate":4,"minecraft:red_stained_glass_pane":16,"minecraft:yellow_stained_glass_pane":16,"minecraft:tipped_arrow":64,"minecraft:brick_stairs":15,"minecraft:heavy_weighted_pressure_plate":103,"minecraft:cod_bucket":1,"minecraft:hopper":14,"minecraft:ladder":95,"minecraft:spruce_slab":13,"minecraft:white_dye":29,"minecraft:end_stone_bricks":78,"minecraft:ghast_tear":3,"minecraft:egg":1975,"minecraft:enchanted_book":5,"minecraft:iron_ingot":1331,"minecraft:cyan_stained_glass":3,"minecraft:birch_leaves":38,"minecraft:tnt":41,"minecraft:iron_helmet":1,"minecraft:oak_fence":35,"minecraft:purpur_slab":34,"minecraft:feather":1226,"minecraft:yellow_terracotta":7,"minecraft:cobblestone":7012,"minecraft:apple":79,"minecraft:granite":4029,"minecraft:spruce_door":1,"minecraft:coal":648,"minecraft:pufferfish":34,"minecraft:polished_andesite":14,"minecraft:end_rod":617,"minecraft:oxeye_daisy":9,"minecraft:iron_trapdoor":1,"minecraft:golden_carrot":160,"minecraft:rabbit":5,"minecraft:diamond_helmet":5,"minecraft:brown_terracotta":21,"minecraft:dried_kelp":21,"minecraft:iron_shovel":21,"minecraft:paper":1007,"minecraft:string":201,"minecraft:spruce_sapling":64,"minecraft:pink_tulip":3,"minecraft:purpur_pillar":135,"minecraft:furnace":7,"minecraft:redstone_ore":17,"minecraft:stone_sword":43,"minecraft:cobblestone_wall":24,"minecraft:smooth_stone_slab":1545,"minecraft:bowl":2,"minecraft:chicken":106,"minecraft:slime_block":247,"minecraft:stone_slab":32,"minecraft:nether_bricks":55,"minecraft:spruce_fence":1,"minecraft:pumpkin_seeds":305,"minecraft:potato":978,"minecraft:cobblestone_slab":15,"minecraft:stone":8457,"minecraft:wooden_shovel":4,"minecraft:carved_pumpkin":1,"minecraft:spider_eye":293,"minecraft:light_gray_dye":49,"minecraft:quartz_slab":138,"minecraft:gold_ore":87,"minecraft:brown_mushroom":37,"minecraft:birch_planks":27,"minecraft:diamond_axe":7,"minecraft:baked_potato":59,"minecraft:sandstone_slab":43,"minecraft:tube_coral_fan":21,"minecraft:flint":788,"minecraft:spruce_leaves":190,"minecraft:cyan_terracotta":385,"minecraft:orange_carpet":1,"minecraft:dispenser":1,"minecraft:cooked_cod":66,"minecraft:white_stained_glass_pane":413,"minecraft:pumpkin_pie":107,"minecraft:acacia_door":2,"minecraft:birch_log":4,"minecraft:armor_stand":2,"minecraft:gravel":864,"minecraft:lime_wool":65,"minecraft:black_terracotta":8,"minecraft:diamond_shovel":14,"minecraft:stone_stairs":1,"minecraft:carrot":7027,"minecraft:poppy":2383,"minecraft:rabbit_hide":5,"minecraft:oak_fence_gate":29,"minecraft:gunpowder":1000,"minecraft:melon_seeds":832,"minecraft:glowstone":441,"minecraft:spruce_pressure_plate":2,"minecraft:chest":23,"minecraft:arrow":387,"minecraft:powered_rail":59,"minecraft:prismarine_bricks":18,"minecraft:quartz":654,"minecraft:written_book":41,"minecraft:oak_leaves":227,"minecraft:netherrack":3698,"minecraft:firework_rocket":2350,"minecraft:water_bucket":15,"minecraft:oak_slab":47,"minecraft:chorus_flower":2,"minecraft:minecart":108,"minecraft:bookshelf":1,"minecraft:cyan_dye":430,"minecraft:diamond_leggings":4,"minecraft:poisonous_potato":1,"minecraft:prismarine_shard":7429,"minecraft:lead":9,"minecraft:observer":58,"minecraft:grass_block":1537,"minecraft:stick":953,"minecraft:diorite":5010,"minecraft:light_blue_stained_glass":13,"minecraft:torch":456,"minecraft:iron_leggings":1,"minecraft:iron_axe":15,"minecraft:bucket":24,"minecraft:music_disc_cat":1,"minecraft:dandelion":99,"minecraft:redstone":482,"minecraft:red_concrete":1,"minecraft:ender_chest":4,"minecraft:nether_wart":27,"minecraft:coarse_dirt":109,"minecraft:blaze_rod":70,"minecraft:composter":1,"minecraft:wither_skeleton_skull":32,"minecraft:glass_pane":6,"minecraft:acacia_leaves":24,"minecraft:red_terracotta":44,"minecraft:snow":264,"minecraft:shield":3,"minecraft:black_concrete_powder":156,"minecraft:orange_terracotta":78,"minecraft:iron_chestplate":1,"minecraft:quartz_stairs":262,"minecraft:cake":2,"minecraft:mossy_stone_bricks":2,"minecraft:blue_ice":59,"minecraft:oak_boat":2,"minecraft:golden_sword":10,"minecraft:slime_ball":3329,"minecraft:diamond_boots":5,"minecraft:beacon":3,"minecraft:stone_pickaxe":1,"minecraft:white_stained_glass":998},"minecraft:custom":{"minecraft:interact_with_crafting_table":3289,"minecraft:damage_blocked_by_shield":520,"minecraft:deaths":488,"minecraft:jump":398010,"minecraft:interact_with_smoker":3,"minecraft:inspect_dispenser":775,"minecraft:horse_one_cm":9281,"minecraft:inspect_dropper":817,"minecraft:inspect_hopper":5878,"minecraft:tune_noteblock":11395,"minecraft:time_since_rest":127899,"minecraft:swim_one_cm":4437420,"minecraft:open_chest":43603,"minecraft:open_shulker_box":21476,"minecraft:damage_resisted":100839,"minecraft:play_noteblock":28,"minecraft:talked_to_villager":3251,"minecraft:interact_with_brewingstand":59,"minecraft:interact_with_beacon":84,"minecraft:fill_cauldron":2,"minecraft:boat_one_cm":19125225,"minecraft:damage_taken":374344,"minecraft:aviate_one_cm":856881929,"minecraft:open_barrel":505,"minecraft:eat_cake_slice":17,"minecraft:leave_game":1134,"minecraft:time_since_death":147896,"minecraft:enchant_item":42,"minecraft:interact_with_furnace":1757,"minecraft:traded_with_villager":10254,"minecraft:sleep_in_bed":1071,"minecraft:damage_dealt":647928,"minecraft:sneak_time":4217163,"minecraft:interact_with_lectern":76,"minecraft:interact_with_stonecutter":2,"minecraft:fly_one_cm":80004879,"minecraft:fish_caught":41,"minecraft:fall_one_cm":11187529,"minecraft:animals_bred":1,"minecraft:sprint_one_cm":87375218,"minecraft:drop":7197,"minecraft:walk_on_water_one_cm":9396320,"minecraft:play_one_minute":97332176,"minecraft:open_enderchest":1466,"minecraft:player_kills":1,"minecraft:crouch_one_cm":13004479,"minecraft:mob_kills":22973,"minecraft:climb_one_cm":917982,"minecraft:walk_one_cm":146749544,"minecraft:walk_under_water_one_cm":18645094,"minecraft:raid_trigger":1,"minecraft:pot_flower":3,"minecraft:damage_absorbed":368,"minecraft:trigger_trapped_chest":26,"minecraft:minecart_one_cm":115358,"minecraft:pig_one_cm":506},"minecraft:broken":{"minecraft:shears":21,"minecraft:diamond_shovel":3,"minecraft:diamond_pickaxe":12,"minecraft:fishing_rod":1,"minecraft:stone_hoe":2,"minecraft:iron_pickaxe":3,"minecraft:iron_shovel":2,"minecraft:stone_pickaxe":1,"minecraft:diamond_boots":1,"minecraft:stone_shovel":14,"minecraft:iron_sword":2,"minecraft:iron_axe":2}},"DataVersion":1976}