{"stats":{"minecraft:dropped":{"minecraft:diamond_axe":2,"minecraft:player_head":1,"minecraft:cooked_chicken":11,"minecraft:cooked_beef":13,"minecraft:cooked_porkchop":7,"minecraft:feather":10,"minecraft:lead":4,"minecraft:rotten_flesh":4,"minecraft:diamond_shovel":2,"minecraft:leather":15,"minecraft:cooked_mutton":4,"minecraft:spruce_stairs":21,"minecraft:elytra":2,"minecraft:polished_andesite":1,"minecraft:diamond_sword":2,"minecraft:stone":6,"minecraft:golden_carrot":20,"minecraft:torch":1,"minecraft:spruce_trapdoor":6,"minecraft:diamond_pickaxe":2,"minecraft:light_gray_stained_glass":60,"minecraft:diamond_helmet":2,"minecraft:spruce_slab":47,"minecraft:diamond_boots":2,"minecraft:white_dye":50,"minecraft:sand":127,"minecraft:glass":64,"minecraft:white_concrete_powder":90,"minecraft:white_wool":1,"minecraft:firework_rocket":53},"minecraft:custom":{"minecraft:mob_kills":15,"minecraft:interact_with_crafting_table":3,"minecraft:play_one_minute":34830146,"minecraft:open_shulker_box":73,"minecraft:leave_game":440,"minecraft:time_since_death":34830146,"minecraft:sleep_in_bed":1,"minecraft:climb_one_cm":428,"minecraft:time_since_rest":423605,"minecraft:sprint_one_cm":171509,"minecraft:damage_taken":401,"minecraft:walk_one_cm":172297,"minecraft:drop":40,"minecraft:damage_dealt":1389,"minecraft:fly_one_cm":142328154,"minecraft:open_chest":7,"minecraft:crouch_one_cm":769,"minecraft:sneak_time":129685,"minecraft:walk_under_water_one_cm":1439967,"minecraft:aviate_one_cm":2588304,"minecraft:jump":603,"minecraft:walk_on_water_one_cm":473382,"minecraft:fall_one_cm":15468},"minecraft:crafted":{"minecraft:spruce_planks":128,"minecraft:spruce_trapdoor":26,"minecraft:spruce_stairs":24,"minecraft:white_concrete_powder":112,"minecraft:spruce_slab":54},"minecraft:killed":{"minecraft:pig":2,"minecraft:sheep":1,"minecraft:zombie":4,"minecraft:chicken":4,"minecraft:cow":4},"minecraft:used":{"minecraft:polished_andesite":1,"minecraft:spruce_slab":8,"minecraft:white_concrete_powder":312,"minecraft:spruce_planks":5,"minecraft:stone":4,"minecraft:diamond_axe":9,"minecraft:dirt":1,"minecraft:sand":2,"minecraft:spruce_stairs":3,"minecraft:diamond_pickaxe":15,"minecraft:light_gray_stained_glass":4,"minecraft:firework_rocket":1,"minecraft:diamond_shovel":10,"minecraft:spruce_trapdoor":28,"minecraft:diamond_sword":24,"minecraft:golden_carrot":7},"minecraft:mined":{"minecraft:spruce_trapdoor":8,"minecraft:torch":1,"minecraft:white_concrete_powder":9,"minecraft:light_gray_stained_glass":2,"minecraft:grass":1,"minecraft:sand":2,"minecraft:dirt":1,"minecraft:stone":12,"minecraft:polished_andesite":2,"minecraft:stone_bricks":1,"minecraft:spruce_slab":1},"minecraft:picked_up":{"minecraft:feather":10,"minecraft:cooked_beef":13,"minecraft:golden_carrot":27,"minecraft:leather":15,"minecraft:diamond_sword":2,"minecraft:lead":4,"minecraft:dirt":1,"minecraft:elytra":2,"minecraft:cooked_mutton":4,"minecraft:cooked_chicken":11,"minecraft:player_head":1,"minecraft:spruce_slab":1,"minecraft:diamond_helmet":2,"minecraft:spruce_trapdoor":8,"minecraft:stone":10,"minecraft:cooked_porkchop":7,"minecraft:torch":1,"minecraft:light_blue_glazed_terracotta":1,"minecraft:sand":1,"minecraft:polished_andesite":2,"minecraft:firework_rocket":38,"minecraft:diamond_shovel":2,"minecraft:rotten_flesh":4,"minecraft:white_concrete_powder":298,"minecraft:diamond_boots":2,"minecraft:diamond_axe":2,"minecraft:oak_leaves":1,"minecraft:white_wool":1,"minecraft:diamond_pickaxe":2}},"DataVersion":1976}