{"stats":{"minecraft:custom":{"minecraft:interact_with_crafting_table":4248,"minecraft:damage_blocked_by_shield":5710,"minecraft:deaths":110,"minecraft:jump":252508,"minecraft:play_record":54,"minecraft:interact_with_cartography_table":2,"minecraft:interact_with_smoker":1,"minecraft:inspect_dispenser":1971,"minecraft:inspect_dropper":1618,"minecraft:inspect_hopper":3853,"minecraft:tune_noteblock":592,"minecraft:time_since_rest":83651,"minecraft:swim_one_cm":4603332,"minecraft:open_chest":39440,"minecraft:open_shulker_box":30964,"minecraft:damage_resisted":14656,"minecraft:play_noteblock":236,"minecraft:talked_to_villager":8368,"minecraft:interact_with_brewingstand":511,"minecraft:interact_with_beacon":48,"minecraft:fill_cauldron":3,"minecraft:boat_one_cm":24756944,"minecraft:damage_taken":210681,"minecraft:aviate_one_cm":232335769,"minecraft:open_barrel":400,"minecraft:bell_ring":16,"minecraft:eat_cake_slice":5,"minecraft:leave_game":1080,"minecraft:time_since_death":578467,"minecraft:enchant_item":213,"minecraft:interact_with_furnace":3331,"minecraft:traded_with_villager":24223,"minecraft:sleep_in_bed":1031,"minecraft:damage_dealt":1436207,"minecraft:use_cauldron":1,"minecraft:sneak_time":5563199,"minecraft:interact_with_lectern":84,"minecraft:interact_with_blast_furnace":3,"minecraft:interact_with_stonecutter":4,"minecraft:fly_one_cm":41384829,"minecraft:fall_one_cm":5044382,"minecraft:animals_bred":1317,"minecraft:sprint_one_cm":114851144,"minecraft:drop":5484,"minecraft:walk_on_water_one_cm":6367576,"minecraft:play_one_minute":93159659,"minecraft:interact_with_loom":14,"minecraft:open_enderchest":4006,"minecraft:player_kills":3,"minecraft:crouch_one_cm":18779357,"minecraft:mob_kills":634849,"minecraft:climb_one_cm":4387829,"minecraft:walk_one_cm":163922565,"minecraft:walk_under_water_one_cm":22195910,"minecraft:raid_trigger":2,"minecraft:pot_flower":69,"minecraft:damage_absorbed":250,"minecraft:trigger_trapped_chest":328,"minecraft:minecart_one_cm":27005809},"minecraft:picked_up":{"minecraft:smithing_table":18,"minecraft:lead":13,"minecraft:stone_slab":283,"minecraft:enchanted_book":23,"minecraft:purple_shulker_box":11,"minecraft:blue_concrete":29,"minecraft:string":17885,"minecraft:beetroot_soup":1,"minecraft:orange_glazed_terracotta":7,"minecraft:pufferfish":14,"minecraft:diamond_leggings":51,"minecraft:diamond_ore":60,"minecraft:spruce_pressure_plate":1,"minecraft:jukebox":9,"minecraft:acacia_log":827,"minecraft:purpur_pillar":369,"minecraft:golden_chestplate":20,"minecraft:gray_shulker_box":87,"minecraft:green_terracotta":1,"minecraft:cauldron":50,"minecraft:brown_carpet":14,"minecraft:yellow_banner":9,"minecraft:stone_sword":8,"minecraft:lime_carpet":10,"minecraft:carved_pumpkin":133,"minecraft:red_tulip":1,"minecraft:end_rod":147,"minecraft:glowstone":350,"minecraft:bookshelf":19,"minecraft:white_terracotta":8,"minecraft:blaze_rod":128,"minecraft:iron_bars":624,"minecraft:snowball":5501,"minecraft:feather":45,"minecraft:cooked_beef":2553,"minecraft:water_bucket":102,"minecraft:brown_wool":3,"minecraft:dark_oak_boat":14,"minecraft:flint":462,"minecraft:lantern":16,"minecraft:gray_concrete_powder":23,"minecraft:purple_carpet":191,"minecraft:stonecutter":1,"minecraft:dark_oak_sign":1,"minecraft:diamond_helmet":47,"minecraft:lime_terracotta":7,"minecraft:birch_fence_gate":102,"minecraft:stripped_spruce_log":15,"minecraft:dead_fire_coral_fan":32,"minecraft:iron_hoe":2,"minecraft:polished_andesite":734,"minecraft:blue_terracotta":4,"minecraft:lever":268,"minecraft:granite":11411,"minecraft:spruce_button":15,"minecraft:jack_o_lantern":78,"minecraft:light_gray_carpet":718,"minecraft:diamond_pickaxe":89,"minecraft:clay_ball":680,"minecraft:leather_leggings":13,"minecraft:redstone_lamp":203,"minecraft:dragon_head":11,"minecraft:purpur_block":984,"minecraft:cornflower":214,"minecraft:elytra":68,"minecraft:flint_and_steel":8,"minecraft:white_carpet":439,"minecraft:white_stained_glass":3045,"minecraft:iron_shovel":9,"minecraft:glass_pane":13,"minecraft:jungle_sapling":296,"minecraft:poppy":592,"minecraft:spruce_slab":758,"minecraft:minecart":810,"minecraft:birch_sapling":1999,"minecraft:piston":1269,"minecraft:lime_shulker_box":61,"minecraft:black_stained_glass":3,"minecraft:stone":115335,"minecraft:cyan_shulker_box":56,"minecraft:stone_shovel":1,"minecraft:diamond_chestplate":1,"minecraft:purpur_slab":39,"minecraft:hay_block":36,"minecraft:totem_of_undying":7,"minecraft:rail":3902,"minecraft:bone_block":33,"minecraft:emerald_ore":10,"minecraft:oxeye_daisy":314,"minecraft:lime_bed":1,"minecraft:birch_leaves":99,"minecraft:yellow_shulker_box":148,"minecraft:clock":17,"minecraft:tripwire_hook":63,"minecraft:jungle_fence":55,"minecraft:acacia_wood":2,"minecraft:purpur_stairs":183,"minecraft:paper":444,"minecraft:apple":495,"minecraft:light_gray_glazed_terracotta":51,"minecraft:yellow_stained_glass":332,"minecraft:oak_fence_gate":18,"minecraft:pufferfish_bucket":2,"minecraft:iron_ore":2908,"minecraft:magenta_stained_glass":88,"minecraft:polished_andesite_stairs":3,"minecraft:light_gray_stained_glass":551,"minecraft:sweet_berries":25,"minecraft:red_wool":55,"minecraft:lime_concrete":933,"minecraft:light_blue_stained_glass":482,"minecraft:leather_helmet":18,"minecraft:oak_wood":2,"minecraft:diamond_shovel":49,"minecraft:coal_ore":1879,"minecraft:slime_ball":3235,"minecraft:painting":30,"minecraft:birch_sign":85,"minecraft:red_nether_brick_slab":77,"minecraft:baked_potato":38,"minecraft:smooth_quartz_slab":102,"minecraft:hopper":1581,"minecraft:black_carpet":164,"minecraft:light_blue_concrete":385,"minecraft:ender_chest":436,"minecraft:nether_brick_fence":152,"minecraft:yellow_wool":10,"minecraft:stone_brick_stairs":1401,"minecraft:smooth_stone":230,"minecraft:comparator":240,"minecraft:bucket":42,"minecraft:rose_bush":115,"minecraft:cobblestone_slab":68,"minecraft:wooden_shovel":1,"minecraft:iron_pickaxe":1,"minecraft:smooth_quartz":36,"minecraft:smooth_quartz_stairs":80,"minecraft:acacia_fence":3,"minecraft:birch_trapdoor":108,"minecraft:spruce_stairs":566,"minecraft:diorite":15481,"minecraft:vine":124,"minecraft:andesite_wall":2,"minecraft:rotten_flesh":37866,"minecraft:brown_shulker_box":193,"minecraft:chorus_flower":16,"minecraft:music_disc_wait":58,"minecraft:obsidian":1001,"minecraft:blaze_powder":56,"minecraft:cobblestone":96614,"minecraft:enchanting_table":1,"minecraft:leather_chestplate":25,"minecraft:lilac":47,"minecraft:repeater":556,"minecraft:andesite":12503,"minecraft:orange_carpet":61,"minecraft:golden_leggings":24,"minecraft:beacon":10,"minecraft:potato":6872,"minecraft:smooth_sandstone_stairs":130,"minecraft:prismarine_bricks":13,"minecraft:dirt":28459,"minecraft:stripped_birch_log":1097,"minecraft:name_tag":57,"minecraft:glass":3410,"minecraft:bone":3783,"minecraft:bow":307,"minecraft:wheat_seeds":6098,"minecraft:orange_tulip":10,"minecraft:grindstone":15,"minecraft:purple_stained_glass_pane":2,"minecraft:mossy_stone_bricks":3,"minecraft:bamboo":7708,"minecraft:cyan_concrete":403,"minecraft:brown_stained_glass":806,"minecraft:gray_stained_glass":6,"minecraft:black_stained_glass_pane":12,"minecraft:light_blue_shulker_box":389,"minecraft:melon":2,"minecraft:grass_block":9185,"minecraft:diamond_block":149,"minecraft:jungle_slab":6,"minecraft:mossy_cobblestone":111,"minecraft:jungle_leaves":7,"minecraft:light_gray_terracotta":26,"minecraft:yellow_carpet":14,"minecraft:light_blue_terracotta":48,"minecraft:slime_block":1134,"minecraft:yellow_stained_glass_pane":23,"minecraft:crossbow":8,"minecraft:bone_meal":3569,"minecraft:grass":3,"minecraft:golden_apple":243,"minecraft:spruce_sign":85,"minecraft:emerald":259,"minecraft:netherrack":32224,"minecraft:chorus_fruit":54,"minecraft:oak_leaves":3525,"minecraft:azure_bluet":480,"minecraft:splash_potion":96,"minecraft:ladder":543,"minecraft:brown_mushroom":249,"minecraft:packed_ice":3330,"minecraft:stone_brick_wall":3,"minecraft:diorite_slab":5,"minecraft:shield":24,"minecraft:oak_trapdoor":178,"minecraft:mycelium":1218,"minecraft:birch_fence":7,"minecraft:magenta_wool":1,"minecraft:lime_wool":30,"minecraft:end_stone":445,"minecraft:note_block":176,"minecraft:cookie":172,"minecraft:trident":23,"minecraft:light_gray_stained_glass_pane":200,"minecraft:stone_pressure_plate":59,"minecraft:blue_concrete_powder":64,"minecraft:tube_coral":1,"minecraft:red_shulker_box":324,"minecraft:pumpkin_pie":52,"minecraft:nether_bricks":2264,"minecraft:black_banner":12,"minecraft:jungle_boat":6,"minecraft:golden_carrot":1287,"minecraft:magenta_banner":3,"minecraft:leather":1593,"minecraft:ice":2942,"minecraft:yellow_bed":56,"minecraft:cobblestone_wall":142,"minecraft:gunpowder":479,"minecraft:orange_terracotta":2215,"minecraft:cooked_mutton":2,"minecraft:red_carpet":154,"minecraft:gray_carpet":483,"minecraft:iron_ingot":840,"minecraft:cooked_chicken":44,"minecraft:prismarine_brick_slab":1,"minecraft:tropical_fish_bucket":2,"minecraft:nether_quartz_ore":499,"minecraft:emerald_block":1,"minecraft:stone_brick_slab":1172,"minecraft:quartz":4129,"minecraft:dandelion":423,"minecraft:lava_bucket":2,"minecraft:red_banner":4,"minecraft:nether_brick_slab":4,"minecraft:spruce_door":16,"minecraft:brick_slab":164,"minecraft:light_blue_concrete_powder":147,"minecraft:polished_diorite_stairs":8,"minecraft:pumpkin_seeds":751,"minecraft:white_concrete_powder":1103,"minecraft:chainmail_leggings":6,"minecraft:terracotta":24,"minecraft:damaged_anvil":16,"minecraft:birch_door":7,"minecraft:iron_chestplate":2,"minecraft:chainmail_boots":5,"minecraft:anvil":41,"minecraft:prismarine_shard":888,"minecraft:diamond_sword":51,"minecraft:oak_stairs":353,"minecraft:birch_button":12,"minecraft:brewing_stand":19,"minecraft:golden_sword":78,"minecraft:dark_oak_trapdoor":23,"minecraft:red_nether_bricks":207,"minecraft:beetroot":15,"minecraft:orange_concrete_powder":192,"minecraft:gold_nugget":121318,"minecraft:spruce_planks":565,"minecraft:written_book":193,"minecraft:melon_slice":528,"minecraft:coal_block":39,"minecraft:dark_oak_door":5,"minecraft:golden_helmet":29,"minecraft:white_glazed_terracotta":1,"minecraft:composter":54,"minecraft:tropical_fish":1,"minecraft:iron_block":943,"minecraft:cyan_terracotta":889,"minecraft:birch_log":2698,"minecraft:magma_block":807,"minecraft:polished_diorite_slab":3,"minecraft:iron_door":41,"minecraft:birch_slab":375,"minecraft:jungle_log":846,"minecraft:map":1,"minecraft:gray_concrete":2109,"minecraft:light_gray_concrete_powder":42,"minecraft:chipped_anvil":15,"minecraft:glowstone_dust":662,"minecraft:dropper":582,"minecraft:ink_sac":622,"minecraft:loom":7,"minecraft:fermented_spider_eye":4,"minecraft:trapped_chest":10,"minecraft:dark_oak_log":652,"minecraft:red_terracotta":94,"minecraft:barrel":29,"minecraft:stripped_acacia_log":4,"minecraft:dispenser":221,"minecraft:black_concrete_powder":368,"minecraft:writable_book":10,"minecraft:blue_ice":86,"minecraft:chainmail_helmet":4,"minecraft:bread":10,"minecraft:dark_oak_fence":167,"minecraft:bricks":44,"minecraft:spruce_leaves":17,"minecraft:lime_stained_glass_pane":116,"minecraft:crafting_table":241,"minecraft:coarse_dirt":19,"minecraft:sandstone_slab":172,"minecraft:purple_wool":2,"minecraft:nether_wart":26527,"minecraft:orange_stained_glass_pane":116,"minecraft:orange_banner":1,"minecraft:conduit":1,"minecraft:jungle_trapdoor":17,"minecraft:red_bed":42,"minecraft:snow":126,"minecraft:compass":4,"minecraft:cracked_stone_bricks":34,"minecraft:beef":901,"minecraft:iron_nugget":61,"minecraft:quartz_stairs":771,"minecraft:chest":1547,"minecraft:egg":73,"minecraft:sandstone":2935,"minecraft:oak_door":99,"minecraft:spruce_fence":350,"minecraft:cake":21,"minecraft:carrot":19289,"minecraft:redstone":12201,"minecraft:prismarine_crystals":402,"minecraft:blue_carpet":230,"minecraft:tnt":993,"minecraft:cooked_cod":28,"minecraft:beetroot_seeds":34,"minecraft:peony":8,"minecraft:shears":2,"minecraft:diamond_boots":50,"minecraft:sandstone_stairs":1,"minecraft:tube_coral_block":2,"minecraft:gold_ingot":282,"minecraft:white_shulker_box":935,"minecraft:lime_concrete_powder":8,"minecraft:white_wool":657,"minecraft:lapis_ore":50,"minecraft:stripped_oak_log":55,"minecraft:red_mushroom":3,"minecraft:filled_map":2,"minecraft:oak_log":4305,"minecraft:jungle_button":1,"minecraft:golden_boots":33,"minecraft:white_banner":158,"minecraft:birch_pressure_plate":10,"minecraft:stone_bricks":11212,"minecraft:kelp":11999,"minecraft:cobweb":551,"minecraft:glass_bottle":9,"minecraft:iron_sword":8,"minecraft:white_stained_glass_pane":571,"minecraft:dark_oak_slab":30,"minecraft:yellow_concrete":994,"minecraft:light_blue_glazed_terracotta":1,"minecraft:gravel":5020,"minecraft:birch_stairs":2289,"minecraft:spruce_sapling":2754,"minecraft:spruce_log":1232,"minecraft:sea_lantern":244,"minecraft:firework_rocket":3223,"minecraft:red_stained_glass":73,"minecraft:polished_diorite":131,"minecraft:redstone_ore":197,"minecraft:diamond_axe":48,"minecraft:gray_wool":72,"minecraft:oak_button":56,"minecraft:melon_seeds":9,"minecraft:ender_pearl":719,"minecraft:shulker_shell":1677,"minecraft:wheat":2972,"minecraft:redstone_block":904,"minecraft:iron_trapdoor":1405,"minecraft:light_gray_shulker_box":77,"minecraft:potion":572,"minecraft:brain_coral_block":1,"minecraft:nether_brick":918,"minecraft:smooth_stone_slab":5107,"minecraft:iron_leggings":6,"minecraft:armor_stand":66,"minecraft:sticky_piston":750,"minecraft:zombie_head":2,"minecraft:pink_shulker_box":84,"minecraft:oak_sign":540,"minecraft:sea_pickle":34,"minecraft:activator_rail":17,"minecraft:black_shulker_box":59,"minecraft:redstone_torch":390,"minecraft:iron_boots":4,"minecraft:furnace":190,"minecraft:stick":434,"minecraft:orange_shulker_box":75,"minecraft:jungle_door":7,"minecraft:oak_fence":242,"minecraft:torch":5555,"minecraft:porkchop":4,"minecraft:snow_block":54,"minecraft:dried_kelp":2757,"minecraft:yellow_concrete_powder":192,"minecraft:green_banner":1,"minecraft:quartz_block":131,"minecraft:cactus":257,"minecraft:green_wool":2,"minecraft:cod":282,"minecraft:nautilus_shell":64,"minecraft:jungle_pressure_plate":2,"minecraft:magma_cream":108,"minecraft:chiseled_quartz_block":8,"minecraft:magenta_dye":62,"minecraft:light_gray_dye":74,"minecraft:wither_skeleton_skull":6,"minecraft:acacia_boat":2,"minecraft:green_shulker_box":42,"minecraft:lapis_lazuli":3497,"minecraft:polished_granite":94,"minecraft:leather_boots":15,"minecraft:light_blue_dye":56,"minecraft:powered_rail":1029,"minecraft:oak_planks":1074,"minecraft:stone_hoe":2,"minecraft:lime_glazed_terracotta":4,"minecraft:ghast_tear":34,"minecraft:black_terracotta":2,"minecraft:cooked_porkchop":12,"minecraft:oak_pressure_plate":45,"minecraft:poisonous_potato":40,"minecraft:jungle_planks":364,"minecraft:sand":23046,"minecraft:shulker_box":2468,"minecraft:dark_prismarine":3,"minecraft:light_gray_concrete":47,"minecraft:spruce_boat":55,"minecraft:diamond":930,"minecraft:black_concrete":3121,"minecraft:white_concrete":2379,"minecraft:oak_sapling":4020,"minecraft:bubble_coral_block":2,"minecraft:nether_star":8,"minecraft:end_stone_bricks":1225,"minecraft:fishing_rod":1,"minecraft:cocoa_beans":2419,"minecraft:chicken":9,"minecraft:gold_block":579,"minecraft:stone_stairs":2,"minecraft:iron_axe":19,"minecraft:orange_concrete":67,"minecraft:item_frame":100,"minecraft:quartz_slab":249,"minecraft:cyan_carpet":14,"minecraft:detector_rail":18,"minecraft:oak_boat":101,"minecraft:player_head":345,"minecraft:observer":1654,"minecraft:light_gray_wool":2,"minecraft:lectern":1117,"minecraft:blue_shulker_box":142,"minecraft:sugar_cane":13936,"minecraft:spruce_trapdoor":350,"minecraft:phantom_membrane":60,"minecraft:dark_oak_sapling":39,"minecraft:red_stained_glass_pane":14,"minecraft:quartz_pillar":95,"minecraft:stone_button":176,"minecraft:magenta_shulker_box":91,"minecraft:dark_oak_planks":55,"minecraft:smooth_sandstone_slab":50,"minecraft:arrow":4377,"minecraft:jungle_stairs":221,"minecraft:saddle":2,"minecraft:lime_stained_glass":102,"minecraft:wet_sponge":7,"minecraft:birch_planks":309,"minecraft:cobblestone_stairs":97,"minecraft:podzol":3,"minecraft:smooth_sandstone":1274,"minecraft:acacia_sapling":975,"minecraft:soul_sand":1912,"minecraft:oak_slab":752,"minecraft:green_dye":451,"minecraft:book":1594,"minecraft:scaffolding":2589,"minecraft:red_concrete_powder":512,"minecraft:birch_boat":71,"minecraft:pumpkin":9547,"minecraft:chiseled_stone_bricks":13,"minecraft:white_bed":267,"minecraft:gold_ore":279,"minecraft:spider_eye":4195,"minecraft:stripped_jungle_log":108,"minecraft:lime_banner":2,"minecraft:dried_kelp_block":2280,"minecraft:iron_helmet":6,"minecraft:black_wool":17,"minecraft:red_concrete":834,"minecraft:coal":7857},"minecraft:crafted":{"minecraft:lime_stained_glass":424,"minecraft:red_stained_glass_pane":912,"minecraft:black_dye":737,"minecraft:yellow_wool":64,"minecraft:oak_sign":412,"minecraft:melon":7618,"minecraft:blaze_powder":294,"minecraft:birch_boat":25,"minecraft:diamond_shovel":5,"minecraft:gray_wool":132,"minecraft:nether_brick":1877,"minecraft:cracked_stone_bricks":37,"minecraft:shulker_box":411,"minecraft:diamond_helmet":2,"minecraft:beacon":5,"minecraft:light_blue_concrete_powder":880,"minecraft:stone_pressure_plate":78,"minecraft:iron_door":12,"minecraft:dried_kelp_block":7156,"minecraft:black_wool":777,"minecraft:white_shulker_box":124,"minecraft:gray_stained_glass":144,"minecraft:name_tag":85,"minecraft:lime_concrete_powder":664,"minecraft:redstone_lamp":879,"minecraft:end_rod":288,"minecraft:jungle_pressure_plate":1,"minecraft:lime_banner":11,"minecraft:smithing_table":213,"minecraft:sticky_piston":1208,"minecraft:red_nether_bricks":938,"minecraft:green_stained_glass":8,"minecraft:painting":4,"minecraft:cartography_table":1,"minecraft:stone_brick_stairs":3216,"minecraft:lectern":79,"minecraft:wooden_hoe":1,"minecraft:golden_leggings":38,"minecraft:stone_slab":1962,"minecraft:iron_pickaxe":22,"minecraft:sandstone":2612,"minecraft:composter":20,"minecraft:dark_prismarine":42,"minecraft:golden_carrot":34670,"minecraft:magenta_wool":1,"minecraft:jukebox":2,"minecraft:iron_nugget":1057,"minecraft:diamond_hoe":4,"minecraft:light_gray_wool":465,"minecraft:jack_o_lantern":112,"minecraft:blue_shulker_box":7,"minecraft:lime_stained_glass_pane":896,"minecraft:spruce_fence":366,"minecraft:lantern":146,"minecraft:spruce_stairs":1176,"minecraft:light_gray_shulker_box":7,"minecraft:polished_diorite":1192,"minecraft:black_concrete_powder":2712,"minecraft:red_shulker_box":2,"minecraft:stone_pickaxe":1,"minecraft:quartz_slab":2034,"minecraft:spruce_boat":2,"minecraft:purple_carpet":192,"minecraft:brick_slab":270,"minecraft:lead":156,"minecraft:enchanting_table":1,"minecraft:yellow_stained_glass_pane":384,"minecraft:leather_helmet":2,"minecraft:red_carpet":498,"minecraft:enchanted_book":938,"minecraft:orange_dye":64,"minecraft:oak_fence_gate":21,"minecraft:red_stained_glass":872,"minecraft:fermented_spider_eye":68,"minecraft:birch_trapdoor":68,"minecraft:black_stained_glass_pane":32,"minecraft:writable_book":105,"minecraft:iron_shovel":16,"minecraft:armor_stand":141,"minecraft:note_block":195,"minecraft:grindstone":11,"minecraft:cobblestone_slab":96,"minecraft:barrel":19,"minecraft:stone":3821,"minecraft:snow":1188,"minecraft:quartz_pillar":1303,"minecraft:brown_carpet":159,"minecraft:cake":3,"minecraft:stone_brick_slab":2772,"minecraft:brown_stained_glass":768,"minecraft:orange_stained_glass_pane":1344,"minecraft:bow":335,"minecraft:comparator":357,"minecraft:chest":3184,"minecraft:oak_button":102,"minecraft:rail":6566,"minecraft:blue_concrete_powder":128,"minecraft:birch_button":2,"minecraft:red_nether_brick_slab":390,"minecraft:ender_eye":18,"minecraft:stone_bricks":24664,"minecraft:oak_fence":879,"minecraft:polished_diorite_slab":126,"minecraft:golden_boots":41,"minecraft:sea_lantern":64,"minecraft:white_banner":77,"minecraft:dropper":1076,"minecraft:arrow":222,"minecraft:cauldron":83,"minecraft:iron_helmet":12,"minecraft:brown_dye":96,"minecraft:birch_pressure_plate":2,"minecraft:red_wool":280,"minecraft:white_stained_glass_pane":3472,"minecraft:yellow_stained_glass":880,"minecraft:dispenser":149,"minecraft:apple":75,"minecraft:tnt":1840,"minecraft:spruce_trapdoor":648,"minecraft:pink_wool":2,"minecraft:yellow_dye":356,"minecraft:stick":12277,"minecraft:iron_ingot":13687,"minecraft:lime_carpet":324,"minecraft:polished_diorite_stairs":160,"minecraft:oak_door":69,"minecraft:fishing_rod":52,"minecraft:stone_brick_wall":66,"minecraft:tripwire_hook":714,"minecraft:leather_boots":17,"minecraft:golden_chestplate":39,"minecraft:spruce_button":9,"minecraft:furnace":81,"minecraft:blast_furnace":1,"minecraft:piston":1962,"minecraft:smooth_quartz_stairs":320,"minecraft:oak_trapdoor":208,"minecraft:flint_and_steel":17,"minecraft:scaffolding":13738,"minecraft:white_concrete_powder":2256,"minecraft:cobblestone_wall":732,"minecraft:smooth_quartz_slab":498,"minecraft:birch_sign":315,"minecraft:glistering_melon_slice":141,"minecraft:magma_cream":64,"minecraft:smooth_sandstone_stairs":176,"minecraft:iron_trapdoor":1139,"minecraft:iron_sword":31,"minecraft:black_banner":42,"minecraft:jungle_planks":2260,"minecraft:white_dye":674,"minecraft:black_carpet":744,"minecraft:blue_wool":1060,"minecraft:stonecutter":2,"minecraft:anvil":42,"minecraft:diorite_slab":94,"minecraft:torch":7576,"minecraft:diamond_chestplate":7,"minecraft:ender_chest":17,"minecraft:light_gray_concrete_powder":104,"minecraft:smooth_stone":676,"minecraft:jungle_fence_gate":1,"minecraft:orange_carpet":192,"minecraft:orange_stained_glass":128,"minecraft:oak_pressure_plate":2,"minecraft:birch_slab":3156,"minecraft:slime_block":2613,"minecraft:loom":4,"minecraft:lever":783,"minecraft:bookshelf":618,"minecraft:iron_bars":832,"minecraft:red_concrete_powder":1424,"minecraft:magenta_shulker_box":4,"minecraft:quartz_block":2334,"minecraft:glass":7287,"minecraft:light_blue_terracotta":2048,"minecraft:repeater":729,"minecraft:diamond_leggings":9,"minecraft:melon_seeds":20,"minecraft:birch_fence_gate":97,"minecraft:birch_door":3,"minecraft:chiseled_quartz_block":2,"minecraft:magenta_dye":64,"minecraft:flower_pot":55,"minecraft:glass_bottle":792,"minecraft:furnace_minecart":1,"minecraft:wooden_shovel":6,"minecraft:emerald":24828,"minecraft:smooth_quartz":230,"minecraft:cooked_porkchop":4,"minecraft:diamond_axe":3,"minecraft:spruce_door":9,"minecraft:clock":6,"minecraft:hay_block":1,"minecraft:oak_wood":12,"minecraft:knowledge_book":1,"minecraft:tnt_minecart":4,"minecraft:lime_bed":1,"minecraft:compass":10,"minecraft:iron_block":3396,"minecraft:gold_ingot":52305,"minecraft:light_gray_dye":590,"minecraft:spruce_fence_gate":9,"minecraft:birch_stairs":992,"minecraft:packed_ice":30,"minecraft:yellow_concrete_powder":1088,"minecraft:stone_shovel":1,"minecraft:smooth_stone_slab":15080,"minecraft:leather_leggings":11,"minecraft:player_head":204,"minecraft:yellow_bed":1,"minecraft:bone_meal":114885,"minecraft:andesite_wall":60,"minecraft:pink_dye":2,"minecraft:white_carpet":507,"minecraft:diamond":3078,"minecraft:detector_rail":96,"minecraft:ladder":579,"minecraft:spruce_slab":1356,"minecraft:diamond_boots":7,"minecraft:redstone_block":954,"minecraft:jungle_fence":81,"minecraft:dark_oak_planks":904,"minecraft:golden_helmet":2,"minecraft:coal_block":203,"minecraft:firework_star":246,"minecraft:daylight_detector":2,"minecraft:dried_kelp":1427,"minecraft:red_bed":15,"minecraft:gray_concrete_powder":1888,"minecraft:polished_granite":236,"minecraft:sandstone_slab":8488,"minecraft:glowstone":1597,"minecraft:white_stained_glass":7896,"minecraft:green_stained_glass_pane":16,"minecraft:jungle_slab":48,"minecraft:golden_apple":313,"minecraft:flint":10,"minecraft:gray_shulker_box":1,"minecraft:oak_stairs":801,"minecraft:iron_leggings":27,"minecraft:white_bed":50,"minecraft:lime_wool":78,"minecraft:blue_carpet":1590,"minecraft:brick":407,"minecraft:oak_planks":21534,"minecraft:cobblestone_stairs":160,"minecraft:spruce_pressure_plate":6,"minecraft:green_dye":4350,"minecraft:dark_oak_door":6,"minecraft:hopper":1629,"minecraft:iron_boots":29,"minecraft:written_book":50,"minecraft:cyan_terracotta":16,"minecraft:chiseled_stone_bricks":194,"minecraft:yellow_banner":9,"minecraft:stone_hoe":6,"minecraft:quartz_stairs":1784,"minecraft:oak_slab":2645,"minecraft:item_frame":111,"minecraft:acacia_wood":3,"minecraft:map":2,"minecraft:crafting_table":81,"minecraft:spruce_planks":10883,"minecraft:wooden_pickaxe":1,"minecraft:gold_block":7016,"minecraft:hopper_minecart":181,"minecraft:birch_planks":21428,"minecraft:brewing_stand":24,"minecraft:pumpkin_seeds":2896,"minecraft:iron_chestplate":25,"minecraft:dark_oak_slab":64,"minecraft:book":2320,"minecraft:paper":76745,"minecraft:emerald_block":600,"minecraft:diamond_pickaxe":14,"minecraft:shield":15,"minecraft:birch_fence":21,"minecraft:light_blue_dye":572,"minecraft:leather_chestplate":5,"minecraft:stone_sword":5,"minecraft:snow_block":1195,"minecraft:redstone_torch":2871,"minecraft:gray_carpet":1356,"minecraft:light_gray_carpet":2016,"minecraft:sponge":7,"minecraft:shears":36,"minecraft:light_gray_stained_glass_pane":1439,"minecraft:polished_andesite":1168,"minecraft:coarse_dirt":8,"minecraft:wooden_sword":3,"minecraft:cookie":30,"minecraft:redstone":16600,"minecraft:coal":1854,"minecraft:light_gray_stained_glass":632,"minecraft:popped_chorus_fruit":27,"minecraft:stone_button":120,"minecraft:dark_oak_trapdoor":94,"minecraft:gray_dye":512,"minecraft:dark_oak_sign":3,"minecraft:diamond_block":428,"minecraft:glass_pane":32,"minecraft:blue_ice":20,"minecraft:yellow_shulker_box":11,"minecraft:black_terracotta":64,"minecraft:iron_axe":7,"minecraft:iron_hoe":11,"minecraft:slime_ball":1265,"minecraft:orange_concrete_powder":256,"minecraft:lime_dye":244,"minecraft:observer":1300,"minecraft:minecart":386,"minecraft:cooked_beef":1096,"minecraft:sugar":68,"minecraft:red_dye":767,"minecraft:cyan_concrete_powder":384,"minecraft:bone_block":511,"minecraft:diamond_sword":3,"minecraft:cyan_dye":64,"minecraft:spruce_sign":48,"minecraft:dark_oak_stairs":160,"minecraft:powered_rail":2424,"minecraft:activator_rail":12,"minecraft:yellow_carpet":63,"minecraft:smooth_sandstone":4349,"minecraft:bucket":152,"minecraft:air":0,"minecraft:bread":24,"minecraft:black_stained_glass":200,"minecraft:blue_dye":166,"minecraft:oak_boat":15,"minecraft:smooth_sandstone_slab":300,"minecraft:white_wool":3354,"minecraft:gold_nugget":64036,"minecraft:brown_wool":106,"minecraft:green_wool":6,"minecraft:nether_wart_block":1529,"minecraft:pumpkin_pie":23,"minecraft:acacia_planks":288,"minecraft:end_crystal":1,"minecraft:lapis_lazuli":599,"minecraft:lapis_block":120,"minecraft:trapped_chest":90,"minecraft:firework_rocket":3558},"minecraft:broken":{"minecraft:wooden_shovel":4,"minecraft:shears":15,"minecraft:diamond_shovel":1,"minecraft:diamond_pickaxe":3,"minecraft:fishing_rod":14,"minecraft:iron_hoe":9,"minecraft:stone_hoe":2,"minecraft:shield":1,"minecraft:iron_pickaxe":15,"minecraft:wooden_hoe":1,"minecraft:iron_shovel":11,"minecraft:stone_pickaxe":1,"minecraft:stone_shovel":1,"minecraft:diamond_hoe":1,"minecraft:diamond_axe":1,"minecraft:iron_sword":2,"minecraft:bow":1,"minecraft:stone_sword":1,"minecraft:iron_axe":6,"minecraft:iron_helmet":1},"minecraft:used":{"minecraft:jack_o_lantern":86,"minecraft:writable_book":103,"minecraft:smooth_quartz_slab":582,"minecraft:dispenser":394,"minecraft:poppy":1,"minecraft:black_carpet":845,"minecraft:stone":26719,"minecraft:quartz_stairs":2302,"minecraft:rotten_flesh":8,"minecraft:tube_coral":5,"minecraft:soul_sand":474,"minecraft:cocoa_beans":1968,"minecraft:snowball":57,"minecraft:spruce_boat":54,"minecraft:jungle_sapling":841,"minecraft:packed_ice":2754,"minecraft:lava_bucket":122,"minecraft:quartz_pillar":157,"minecraft:red_wool":128,"minecraft:lime_banner":11,"minecraft:jungle_fence_gate":1,"minecraft:quartz_block":291,"minecraft:dark_oak_slab":31,"minecraft:bow":7807,"minecraft:oak_sapling":2640,"minecraft:cooked_cod":21,"minecraft:acacia_fence":3,"minecraft:green_stained_glass_pane":8,"minecraft:lime_glazed_terracotta":85,"minecraft:mossy_stone_bricks":3,"minecraft:damaged_anvil":10,"minecraft:cactus":9,"minecraft:wooden_pickaxe":51,"minecraft:composter":71,"minecraft:jungle_boat":5,"minecraft:golden_apple":4,"minecraft:blast_furnace":1,"minecraft:chiseled_quartz_block":2,"minecraft:gray_concrete":2211,"minecraft:birch_fence":7,"minecraft:birch_slab":3589,"minecraft:zombie_head":1,"minecraft:oak_pressure_plate":4,"minecraft:coal_block":7,"minecraft:diamond_sword":18218,"minecraft:smithing_table":101,"minecraft:birch_log":1645,"minecraft:oak_boat":118,"minecraft:purple_wool":2,"minecraft:diorite_slab":37,"minecraft:oak_trapdoor":349,"minecraft:enchanting_table":2,"minecraft:orange_concrete":33,"minecraft:carved_pumpkin":44,"minecraft:armor_stand":198,"minecraft:light_gray_carpet":2665,"minecraft:torch":10900,"minecraft:orange_stained_glass":1,"minecraft:brewing_stand":34,"minecraft:nether_quartz_ore":853,"minecraft:cod_bucket":3,"minecraft:light_gray_glazed_terracotta":37,"minecraft:yellow_carpet":51,"minecraft:oak_fence_gate":32,"minecraft:sea_lantern":2984,"minecraft:chipped_anvil":10,"minecraft:iron_block":1742,"minecraft:jungle_log":215,"minecraft:barrel":31,"minecraft:bamboo":2390,"minecraft:lime_concrete":825,"minecraft:podzol":2,"minecraft:trapped_chest":85,"minecraft:horn_coral_fan":4,"minecraft:wheat_seeds":2721,"minecraft:light_blue_shulker_box":383,"minecraft:tube_coral_block":8,"minecraft:birch_planks":321,"minecraft:lead":3,"minecraft:blue_concrete_powder":64,"minecraft:cauldron":82,"minecraft:spruce_fence_gate":9,"minecraft:conduit":1,"minecraft:diamond_block":19,"minecraft:rail":8685,"minecraft:red_bed":47,"minecraft:white_bed":279,"minecraft:spruce_log":712,"minecraft:diamond_pickaxe":454205,"minecraft:diamond_shovel":72448,"minecraft:oak_button":70,"minecraft:tnt_minecart":4,"minecraft:spruce_pressure_plate":6,"minecraft:spruce_trapdoor":825,"minecraft:spruce_sapling":1928,"minecraft:blue_carpet":8671,"minecraft:potion":23,"minecraft:orange_banner":1,"minecraft:cooked_porkchop":6,"minecraft:stripped_oak_log":46,"minecraft:dandelion":1,"minecraft:blue_terracotta":46,"minecraft:light_gray_stained_glass_pane":1585,"minecraft:melon":1,"minecraft:bone_block":190,"minecraft:nether_wart":9386,"minecraft:spruce_leaves":118,"minecraft:jungle_planks":265,"minecraft:furnace_minecart":1,"minecraft:obsidian":1615,"minecraft:bricks":30,"minecraft:lantern":84,"minecraft:green_wool":3,"minecraft:item_frame":233,"minecraft:birch_button":5,"minecraft:birch_trapdoor":134,"minecraft:written_book":1619,"minecraft:blue_shulker_box":140,"minecraft:gold_block":1632,"minecraft:dark_oak_sapling":5,"minecraft:tube_coral_fan":7,"minecraft:end_rod":273,"minecraft:dropper":1574,"minecraft:wither_skeleton_skull":9,"minecraft:stripped_acacia_log":2,"minecraft:gray_carpet":1807,"minecraft:stone_pickaxe":132,"minecraft:jungle_fence":72,"minecraft:oak_planks":663,"minecraft:polished_diorite_slab":106,"minecraft:sandstone":82,"minecraft:sugar_cane":4499,"minecraft:diamond_axe":40449,"minecraft:white_wool":819,"minecraft:light_blue_concrete":216,"minecraft:lime_stained_glass_pane":692,"minecraft:yellow_concrete":1076,"minecraft:crossbow":18,"minecraft:end_stone":9,"minecraft:sticky_piston":1506,"minecraft:black_terracotta":17,"minecraft:dead_fire_coral_fan":18,"minecraft:lever":825,"minecraft:daylight_detector":2,"minecraft:dark_oak_log":133,"minecraft:bread":1,"minecraft:brown_wool":2,"minecraft:iron_door":38,"minecraft:light_blue_concrete_powder":731,"minecraft:pufferfish_bucket":10,"minecraft:smooth_stone_slab":15534,"minecraft:coarse_dirt":23,"minecraft:bone_meal":4698,"minecraft:orange_concrete_powder":256,"minecraft:rose_bush":172,"minecraft:flint_and_steel":53,"minecraft:redstone":5443,"minecraft:ender_chest":417,"minecraft:brown_shulker_box":194,"minecraft:stone_hoe":390,"minecraft:cooked_chicken":21,"minecraft:dried_kelp_block":2,"minecraft:dirt":20658,"minecraft:red_nether_brick_slab":288,"minecraft:prismarine_bricks":365,"minecraft:spruce_fence":551,"minecraft:iron_hoe":2506,"minecraft:light_gray_stained_glass":1609,"minecraft:oak_stairs":1116,"minecraft:smooth_sandstone":5893,"minecraft:yellow_concrete_powder":1088,"minecraft:black_stained_glass":97,"minecraft:lime_stained_glass":436,"minecraft:minecart":681,"minecraft:cyan_concrete_powder":320,"minecraft:cooked_beef":1823,"minecraft:orange_stained_glass_pane":707,"minecraft:pumpkin":234,"minecraft:cobblestone_stairs":206,"minecraft:snow_block":413,"minecraft:red_nether_bricks":946,"minecraft:birch_boat":75,"minecraft:brown_mushroom":84,"minecraft:spruce_sign":128,"minecraft:red_mushroom":2,"minecraft:piston":1646,"minecraft:wooden_hoe":60,"minecraft:flower_pot":50,"minecraft:black_wool":61,"minecraft:lapis_ore":129,"minecraft:stone_slab":1443,"minecraft:detector_rail":51,"minecraft:jungle_stairs":204,"minecraft:yellow_wool":3,"minecraft:end_crystal":1,"minecraft:pink_shulker_box":83,"minecraft:sea_pickle":35,"minecraft:gray_wool":14,"minecraft:birch_stairs":2951,"minecraft:peony":13,"minecraft:nether_brick_fence":1,"minecraft:spruce_slab":1619,"minecraft:ladder":841,"minecraft:chest":2312,"minecraft:white_shulker_box":656,"minecraft:brick_slab":351,"minecraft:jungle_slab":22,"minecraft:acacia_sapling":797,"minecraft:stripped_spruce_log":8,"minecraft:black_stained_glass_pane":37,"minecraft:grass_block":3640,"minecraft:birch_sapling":2066,"minecraft:polished_andesite_stairs":3,"minecraft:orange_shulker_box":75,"minecraft:music_disc_wait":54,"minecraft:pink_wool":1,"minecraft:stone_brick_stairs":4100,"minecraft:snow":686,"minecraft:red_stained_glass_pane":911,"minecraft:dark_oak_boat":20,"minecraft:sweet_berries":1,"minecraft:furnace":208,"minecraft:egg":63,"minecraft:potato":2153,"minecraft:magenta_shulker_box":91,"minecraft:emerald_ore":3,"minecraft:diorite":841,"minecraft:end_stone_bricks":74,"minecraft:spruce_door":17,"minecraft:stripped_birch_log":1059,"minecraft:red_stained_glass":144,"minecraft:powered_rail":3056,"minecraft:lime_concrete_powder":624,"minecraft:jungle_pressure_plate":3,"minecraft:purpur_pillar":5,"minecraft:oak_leaves":3585,"minecraft:smooth_quartz_stairs":350,"minecraft:cookie":9,"minecraft:dark_oak_trapdoor":93,"minecraft:sand":2073,"minecraft:blue_ice":27,"minecraft:black_concrete_powder":2460,"minecraft:pumpkin_seeds":2728,"minecraft:stone_button":171,"minecraft:cyan_carpet":14,"minecraft:lectern":1189,"minecraft:red_terracotta":59,"minecraft:polished_granite":4,"minecraft:diamond_ore":30,"minecraft:lilac":104,"minecraft:wooden_sword":21,"minecraft:dark_oak_fence":75,"minecraft:white_stained_glass":8463,"minecraft:ice":2420,"minecraft:gray_stained_glass":3023,"minecraft:iron_bars":945,"minecraft:stone_sword":4,"minecraft:acacia_log":744,"minecraft:brain_coral_fan":9,"minecraft:red_concrete":1090,"minecraft:mycelium":1193,"minecraft:netherrack":10706,"minecraft:light_gray_shulker_box":75,"minecraft:anvil":67,"minecraft:chorus_flower":4,"minecraft:stone_stairs":1,"minecraft:nether_brick_slab":2,"minecraft:blue_concrete":20,"minecraft:polished_diorite":982,"minecraft:red_shulker_box":318,"minecraft:cyan_shulker_box":53,"minecraft:iron_axe":1283,"minecraft:spruce_button":16,"minecraft:slime_block":1739,"minecraft:smooth_quartz":100,"minecraft:totem_of_undying":5,"minecraft:melon_seeds":17,"minecraft:tripwire_hook":118,"minecraft:glowstone":1040,"minecraft:magenta_wool":1,"minecraft:iron_trapdoor":2246,"minecraft:acacia_wood":4,"minecraft:observer":2947,"minecraft:orange_terracotta":1207,"minecraft:water_bucket":2760,"minecraft:yellow_banner":12,"minecraft:prismarine_brick_slab":1,"minecraft:yellow_shulker_box":150,"minecraft:cartography_table":1,"minecraft:lime_wool":30,"minecraft:bubble_coral_fan":6,"minecraft:smooth_sandstone_slab":341,"minecraft:cracked_stone_bricks":103,"minecraft:orange_carpet":179,"minecraft:mossy_cobblestone":32,"minecraft:comparator":874,"minecraft:vine":7,"minecraft:tnt":977,"minecraft:oak_slab":2204,"minecraft:crafting_table":265,"minecraft:birch_sign":254,"minecraft:lime_shulker_box":61,"minecraft:cake":2,"minecraft:oak_log":733,"minecraft:dark_prismarine":39,"minecraft:cornflower":1,"minecraft:stripped_jungle_log":102,"minecraft:iron_pickaxe":4215,"minecraft:cyan_concrete":178,"minecraft:purpur_slab":1,"minecraft:chiseled_stone_bricks":143,"minecraft:cobblestone":4946,"minecraft:red_concrete_powder":1291,"minecraft:sandstone_slab":721,"minecraft:glass_pane":95,"minecraft:kelp":1881,"minecraft:jukebox":9,"minecraft:iron_shovel":2782,"minecraft:carrot_on_a_stick":3,"minecraft:oak_sign":793,"minecraft:diamond_hoe":2761,"minecraft:white_concrete_powder":2015,"minecraft:white_terracotta":3,"minecraft:iron_sword":583,"minecraft:purple_shulker_box":11,"minecraft:player_head":47,"minecraft:smooth_sandstone_stairs":265,"minecraft:birch_pressure_plate":8,"minecraft:nether_bricks":2248,"minecraft:carrot":3245,"minecraft:glass":5393,"minecraft:cyan_terracotta":2515,"minecraft:coal_ore":193,"minecraft:quartz_slab":2233,"minecraft:gray_concrete_powder":1907,"minecraft:hopper_minecart":180,"minecraft:stone_bricks":29061,"minecraft:repeater":1438,"minecraft:red_carpet":344,"minecraft:redstone_lamp":990,"minecraft:magma_block":623,"minecraft:brown_carpet":157,"minecraft:hay_block":1,"minecraft:scaffolding":3112,"minecraft:beetroot_seeds":1,"minecraft:polished_diorite_stairs":151,"minecraft:dark_oak_stairs":104,"minecraft:dark_oak_sign":3,"minecraft:ender_pearl":749,"minecraft:redstone_block":1391,"minecraft:loom":6,"minecraft:black_banner":19,"minecraft:light_gray_terracotta":3,"minecraft:sponge":7,"minecraft:note_block":364,"minecraft:stone_brick_wall":30,"minecraft:shears":4232,"minecraft:redstone_torch":1107,"minecraft:black_concrete":4106,"minecraft:gray_shulker_box":81,"minecraft:melon_slice":4,"minecraft:firework_rocket":154,"minecraft:string":477,"minecraft:birch_fence_gate":107,"minecraft:lime_carpet":330,"minecraft:light_gray_concrete":25,"minecraft:brown_stained_glass":1029,"minecraft:gravel":721,"minecraft:grindstone":24,"minecraft:andesite":561,"minecraft:white_concrete":3295,"minecraft:tropical_fish_bucket":2,"minecraft:cobweb":26,"minecraft:oak_fence":1013,"minecraft:jungle_leaves":2,"minecraft:purpur_block":141,"minecraft:trident":479,"minecraft:redstone_ore":978,"minecraft:stone_shovel":131,"minecraft:light_blue_terracotta":1992,"minecraft:spruce_planks":1737,"minecraft:wooden_shovel":292,"minecraft:oak_door":137,"minecraft:white_carpet":793,"minecraft:hopper":2700,"minecraft:spruce_stairs":1360,"minecraft:cobblestone_wall":435,"minecraft:shulker_box":2436,"minecraft:oak_wood":10,"minecraft:granite":158,"minecraft:salmon_bucket":3,"minecraft:light_blue_stained_glass":384,"minecraft:birch_door":8,"minecraft:andesite_wall":38,"minecraft:purple_stained_glass_pane":2,"minecraft:stone_brick_slab":3042,"minecraft:dark_oak_planks":1,"minecraft:bookshelf":529,"minecraft:yellow_stained_glass":546,"minecraft:light_gray_wool":17,"minecraft:golden_carrot":2283,"minecraft:white_stained_glass_pane":2976,"minecraft:stone_pressure_plate":90,"minecraft:horn_coral_block":7,"minecraft:brain_coral_block":5,"minecraft:acacia_boat":1,"minecraft:iron_ore":3,"minecraft:glass_bottle":804,"minecraft:polished_andesite":1461,"minecraft:black_shulker_box":59,"minecraft:stonecutter":3,"minecraft:beacon":18,"minecraft:cobblestone_slab":129,"minecraft:lime_bed":1,"minecraft:yellow_stained_glass_pane":279,"minecraft:light_gray_concrete_powder":86,"minecraft:painting":34,"minecraft:dark_oak_door":7,"minecraft:activator_rail":30,"minecraft:apple":5,"minecraft:fishing_rod":740,"minecraft:green_shulker_box":43,"minecraft:white_banner":13,"minecraft:jungle_door":5,"minecraft:red_banner":4,"minecraft:bucket":3046,"minecraft:yellow_bed":46,"minecraft:smooth_stone":372,"minecraft:purple_carpet":303,"minecraft:splash_potion":49},"minecraft:killed":{"minecraft:cod":5,"minecraft:salmon":2,"minecraft:iron_golem":23,"minecraft:pillager":52,"minecraft:zombie":1176,"minecraft:evoker":5,"minecraft:zombie_pigman":793,"minecraft:vindicator":33,"minecraft:endermite":13,"minecraft:husk":3,"minecraft:ravager":5,"minecraft:witch":10,"minecraft:spider":173,"minecraft:wither":3,"minecraft:silverfish":58,"minecraft:zombie_villager":17,"minecraft:sheep":1,"minecraft:trader_llama":2,"minecraft:ghast":159,"minecraft:vex":3,"minecraft:slime":1667,"minecraft:drowned":228,"minecraft:squid":170,"minecraft:wither_skeleton":181,"minecraft:villager":1043,"minecraft:cave_spider":11440,"minecraft:dolphin":1,"minecraft:shulker":533,"minecraft:skeleton":2802,"minecraft:chicken":88,"minecraft:magma_cube":388,"minecraft:cow":600,"minecraft:horse":2,"minecraft:wandering_trader":1,"minecraft:enderman":104,"minecraft:wolf":1,"minecraft:pig":3,"minecraft:creeper":420,"minecraft:blaze":170,"minecraft:phantom":128,"minecraft:bat":57},"minecraft:killed_by":{"minecraft:ravager":14,"minecraft:zombie":2,"minecraft:ghast":1,"minecraft:drowned":3,"minecraft:skeleton":6,"minecraft:vex":1,"minecraft:zombie_pigman":1,"minecraft:creeper":1,"minecraft:player":3,"minecraft:enderman":1},"minecraft:dropped":{"minecraft:iron_sword":6,"minecraft:lapis_lazuli":2,"minecraft:glass_bottle":14,"minecraft:diamond":108,"minecraft:crafting_table":3,"minecraft:cooked_porkchop":5,"minecraft:quartz_pillar":8,"minecraft:gold_block":88,"minecraft:emerald":11,"minecraft:gray_concrete":3,"minecraft:gold_nugget":1156,"minecraft:sand":415,"minecraft:dark_oak_planks":182,"minecraft:fishing_rod":3,"minecraft:birch_stairs":82,"minecraft:white_wool":192,"minecraft:diamond_block":128,"minecraft:lever":11,"minecraft:iron_nugget":34,"minecraft:wheat":179,"minecraft:obsidian":2,"minecraft:rotten_flesh":3719,"minecraft:oak_planks":7,"minecraft:glowstone_dust":1,"minecraft:azure_bluet":448,"minecraft:sea_lantern":37,"minecraft:coal_ore":136,"minecraft:quartz_block":6,"minecraft:jungle_log":134,"minecraft:leather_boots":33,"minecraft:acacia_sapling":32,"minecraft:leather_leggings":22,"minecraft:beef":1,"minecraft:glass":567,"minecraft:stone_brick_stairs":1,"minecraft:golden_boots":17,"minecraft:wheat_seeds":1763,"minecraft:light_gray_stained_glass_pane":1,"minecraft:book":10,"minecraft:prismarine_crystals":12,"minecraft:red_stained_glass":192,"minecraft:golden_apple":1,"minecraft:lava_bucket":1,"minecraft:cobweb":9,"minecraft:gray_wool":64,"minecraft:ink_sac":3,"minecraft:lapis_ore":6,"minecraft:potion":15,"minecraft:stripped_birch_log":1,"minecraft:pumpkin":1482,"minecraft:white_banner":1,"minecraft:smooth_stone":173,"minecraft:chainmail_leggings":5,"minecraft:smooth_sandstone":128,"minecraft:stone_brick_slab":79,"minecraft:snow_block":117,"minecraft:player_head":87,"minecraft:cocoa_beans":39,"minecraft:sticky_piston":118,"minecraft:orange_concrete":7,"minecraft:white_carpet":39,"minecraft:iron_boots":2,"minecraft:name_tag":6,"minecraft:light_gray_concrete":1,"minecraft:white_terracotta":2,"minecraft:white_shulker_box":35,"minecraft:shears":1,"minecraft:oak_sign":27,"minecraft:diamond_sword":2,"minecraft:peony":4,"minecraft:spruce_trapdoor":7,"minecraft:spruce_planks":4,"minecraft:diamond_pickaxe":9,"minecraft:pink_shulker_box":1,"minecraft:redstone_torch":4,"minecraft:stone_pressure_plate":4,"minecraft:stone_bricks":222,"minecraft:bamboo":189,"minecraft:sandstone":1,"minecraft:bow":221,"minecraft:brick_slab":1,"minecraft:soul_sand":43,"minecraft:oak_log":107,"minecraft:ender_pearl":103,"minecraft:nether_star":1,"minecraft:lime_terracotta":1,"minecraft:leather":59,"minecraft:red_wool":7,"minecraft:carrot_on_a_stick":1,"minecraft:birch_slab":64,"minecraft:cod":65,"minecraft:cobblestone_stairs":7,"minecraft:redstone_lamp":10,"minecraft:dark_oak_log":129,"minecraft:packed_ice":8,"minecraft:ice":64,"minecraft:snowball":127,"minecraft:black_concrete":23,"minecraft:gold_ingot":198,"minecraft:magenta_stained_glass":13,"minecraft:purpur_block":4,"minecraft:smooth_sandstone_stairs":17,"minecraft:yellow_stained_glass":48,"minecraft:cyan_shulker_box":2,"minecraft:leather_chestplate":27,"minecraft:trident":6,"minecraft:dropper":29,"minecraft:iron_ore":147,"minecraft:iron_bars":158,"minecraft:scaffolding":193,"minecraft:light_gray_concrete_powder":1,"minecraft:polished_granite":45,"minecraft:bread":6,"minecraft:lilac":1,"minecraft:golden_helmet":16,"minecraft:tropical_fish":1,"minecraft:spruce_stairs":1,"minecraft:acacia_log":38,"minecraft:iron_block":229,"minecraft:green_dye":2574,"minecraft:repeater":45,"minecraft:white_concrete":50,"minecraft:iron_door":7,"minecraft:light_gray_stained_glass":7,"minecraft:cactus":1,"minecraft:tripwire_hook":2,"minecraft:redstone_block":37,"minecraft:polished_diorite":8,"minecraft:kelp":1908,"minecraft:oak_trapdoor":1,"minecraft:birch_pressure_plate":1,"minecraft:shulker_box":12,"minecraft:flint_and_steel":3,"minecraft:oak_button":8,"minecraft:andesite":2051,"minecraft:golden_leggings":22,"minecraft:oak_sapling":58,"minecraft:birch_sign":14,"minecraft:spruce_log":319,"minecraft:nautilus_shell":73,"minecraft:magma_cream":16,"minecraft:piston":121,"minecraft:cooked_beef":121,"minecraft:elytra":5,"minecraft:rail":95,"minecraft:leather_helmet":28,"minecraft:item_frame":2,"minecraft:red_shulker_box":3,"minecraft:dirt":2133,"minecraft:stone_button":9,"minecraft:bone_meal":277,"minecraft:phantom_membrane":8,"minecraft:iron_pickaxe":1,"minecraft:bone":1257,"minecraft:sugar_cane":1771,"minecraft:detector_rail":2,"minecraft:golden_chestplate":15,"minecraft:birch_sapling":12,"minecraft:end_stone":64,"minecraft:light_gray_carpet":17,"minecraft:green_banner":1,"minecraft:white_bed":1,"minecraft:orange_stained_glass":64,"minecraft:lime_bed":1,"minecraft:hopper":40,"minecraft:ladder":15,"minecraft:spruce_slab":64,"minecraft:end_stone_bricks":11,"minecraft:ghast_tear":12,"minecraft:lectern":1,"minecraft:egg":8,"minecraft:enchanted_book":10,"minecraft:iron_ingot":223,"minecraft:birch_leaves":12,"minecraft:oak_fence":5,"minecraft:purpur_slab":8,"minecraft:iron_helmet":3,"minecraft:feather":68,"minecraft:cobblestone":10527,"minecraft:apple":77,"minecraft:granite":2744,"minecraft:spruce_button":4,"minecraft:chainmail_helmet":2,"minecraft:coal":243,"minecraft:pufferfish":3,"minecraft:polished_andesite":4,"minecraft:end_rod":57,"minecraft:oxeye_daisy":325,"minecraft:iron_trapdoor":7,"minecraft:golden_carrot":712,"minecraft:diamond_helmet":4,"minecraft:dried_kelp":1,"minecraft:paper":223,"minecraft:iron_shovel":2,"minecraft:string":921,"minecraft:gray_carpet":1,"minecraft:spruce_sapling":10,"minecraft:redstone_ore":3,"minecraft:stone_sword":12,"minecraft:cobblestone_wall":9,"minecraft:smooth_stone_slab":589,"minecraft:chicken":3,"minecraft:stone_slab":135,"minecraft:light_blue_concrete":99,"minecraft:nether_bricks":13,"minecraft:spruce_fence":65,"minecraft:pumpkin_seeds":15,"minecraft:potato":424,"minecraft:stone":15714,"minecraft:yellow_bed":2,"minecraft:wooden_shovel":3,"minecraft:carved_pumpkin":7,"minecraft:spider_eye":2457,"minecraft:birch_boat":2,"minecraft:black_wool":7,"minecraft:gold_ore":26,"minecraft:birch_planks":224,"minecraft:brown_mushroom":1,"minecraft:dark_oak_stairs":28,"minecraft:diamond_axe":2,"minecraft:baked_potato":38,"minecraft:lime_shulker_box":1,"minecraft:sandstone_slab":31,"minecraft:lime_stained_glass_pane":64,"minecraft:flint":115,"minecraft:spruce_leaves":66,"minecraft:cyan_terracotta":11,"minecraft:cornflower":257,"minecraft:cooked_cod":16,"minecraft:white_stained_glass_pane":142,"minecraft:pumpkin_pie":16,"minecraft:birch_log":305,"minecraft:black_stained_glass":1,"minecraft:gravel":297,"minecraft:yellow_wool":8,"minecraft:diamond_shovel":5,"minecraft:carrot":41862,"minecraft:poppy":712,"minecraft:gunpowder":155,"minecraft:birch_trapdoor":5,"minecraft:chainmail_boots":2,"minecraft:chest":3,"minecraft:arrow":1187,"minecraft:cyan_concrete":20,"minecraft:powered_rail":135,"minecraft:quartz":16,"minecraft:written_book":203,"minecraft:oak_leaves":116,"minecraft:netherrack":3860,"minecraft:firework_rocket":685,"minecraft:water_bucket":11,"minecraft:oak_slab":168,"minecraft:mossy_cobblestone":7,"minecraft:minecart":24,"minecraft:diamond_leggings":5,"minecraft:lead":10,"minecraft:observer":1,"minecraft:grass_block":608,"minecraft:stick":108,"minecraft:diorite":2664,"minecraft:light_blue_stained_glass":1,"minecraft:torch":352,"minecraft:brown_wool":1,"minecraft:map":1,"minecraft:iron_leggings":5,"minecraft:iron_axe":2,"minecraft:bucket":20,"minecraft:dandelion":261,"minecraft:redstone":100,"minecraft:red_concrete":64,"minecraft:ender_chest":5,"minecraft:nether_wart":64,"minecraft:blaze_rod":7,"minecraft:light_gray_wool":1,"minecraft:iron_hoe":1,"minecraft:glass_pane":5,"minecraft:red_terracotta":5,"minecraft:filled_map":1,"minecraft:snow":219,"minecraft:shield":1,"minecraft:black_concrete_powder":1,"minecraft:diamond_chestplate":1,"minecraft:orange_terracotta":2,"minecraft:iron_chestplate":1,"minecraft:quartz_stairs":1,"minecraft:cake":7,"minecraft:oak_boat":5,"minecraft:golden_sword":172,"minecraft:dead_fire_coral_fan":64,"minecraft:diamond_boots":5,"minecraft:slime_ball":498,"minecraft:beacon":1,"minecraft:white_stained_glass":35,"minecraft:light_blue_shulker_box":2},"minecraft:mined":{"minecraft:red_nether_brick_slab":74,"minecraft:blue_carpet":229,"minecraft:dragon_wall_head":11,"minecraft:red_shulker_box":311,"minecraft:white_bed":250,"minecraft:cyan_shulker_box":55,"minecraft:red_nether_bricks":208,"minecraft:bubble_column":1,"minecraft:granite":12935,"minecraft:acacia_log":791,"minecraft:brown_wool":2,"minecraft:oak_pressure_plate":25,"minecraft:oak_wall_sign":333,"minecraft:nether_wart":9119,"minecraft:red_stained_glass_pane":14,"minecraft:spawner":8,"minecraft:chorus_flower":15,"minecraft:magma_block":861,"minecraft:dark_oak_trapdoor":23,"minecraft:barrel":12,"minecraft:spruce_pressure_plate":3,"minecraft:light_gray_concrete":44,"minecraft:white_shulker_box":891,"minecraft:white_banner":18,"minecraft:player_head":25,"minecraft:tripwire":140,"minecraft:jungle_trapdoor":16,"minecraft:jungle_button":1,"minecraft:sandstone_slab":129,"minecraft:kelp_plant":411,"minecraft:torch":1575,"minecraft:note_block":174,"minecraft:melon":15,"minecraft:white_stained_glass_pane":212,"minecraft:dead_bush":1,"minecraft:nether_brick_slab":3,"minecraft:spruce_wall_sign":11,"minecraft:smooth_quartz_slab":97,"minecraft:lime_shulker_box":60,"minecraft:sugar_cane":5988,"minecraft:bricks":38,"minecraft:birch_sapling":23,"minecraft:white_terracotta":6,"minecraft:repeater":375,"minecraft:jukebox":9,"minecraft:grass":3002,"minecraft:dark_oak_sapling":1,"minecraft:birch_button":3,"minecraft:smooth_quartz":13,"minecraft:attached_pumpkin_stem":1,"minecraft:dark_prismarine":3,"minecraft:mossy_cobblestone":103,"minecraft:dark_oak_log":543,"minecraft:sea_lantern":217,"minecraft:end_stone":367,"minecraft:birch_fence_gate":102,"minecraft:dark_oak_fence":14,"minecraft:spruce_fence":266,"minecraft:redstone_wire":956,"minecraft:white_concrete_powder":15,"minecraft:redstone_ore":1973,"minecraft:light_blue_concrete_powder":121,"minecraft:andesite":15812,"minecraft:green_terracotta":1,"minecraft:cyan_concrete":393,"minecraft:cobblestone_slab":64,"minecraft:vine":231,"minecraft:rail":2699,"minecraft:bone_block":34,"minecraft:green_wool":2,"minecraft:ender_chest":418,"minecraft:oak_slab":474,"minecraft:birch_stairs":2171,"minecraft:redstone_block":466,"minecraft:glass_pane":9,"minecraft:soul_sand":1794,"minecraft:dandelion":170,"minecraft:potted_oxeye_daisy":1,"minecraft:purpur_pillar":445,"minecraft:green_stained_glass_pane":1,"minecraft:diorite":16500,"minecraft:orange_carpet":58,"minecraft:purple_wool":2,"minecraft:black_stained_glass":2,"minecraft:red_terracotta":26,"minecraft:coarse_dirt":22,"minecraft:trapped_chest":10,"minecraft:cobblestone_wall":153,"minecraft:dark_oak_wall_sign":1,"minecraft:gravel":5911,"minecraft:cobweb":621,"minecraft:oak_button":30,"minecraft:birch_sign":2,"minecraft:stone_bricks":10703,"minecraft:chipped_anvil":13,"minecraft:gold_ore":311,"minecraft:iron_trapdoor":1317,"minecraft:fern":63,"minecraft:stone_pressure_plate":57,"minecraft:oak_sapling":6,"minecraft:farmland":1135,"minecraft:orange_stained_glass":1,"minecraft:brewing_stand":19,"minecraft:spruce_trapdoor":327,"minecraft:white_concrete":3512,"minecraft:polished_diorite":155,"minecraft:composter":55,"minecraft:red_tulip":1,"minecraft:iron_bars":508,"minecraft:spruce_slab":635,"minecraft:brown_shulker_box":193,"minecraft:quartz_block":64,"minecraft:orange_terracotta":2257,"minecraft:yellow_banner":3,"minecraft:purpur_stairs":266,"minecraft:light_gray_terracotta":22,"minecraft:jungle_stairs":220,"minecraft:mossy_cobblestone_wall":2,"minecraft:beacon":9,"minecraft:nether_quartz_ore":2383,"minecraft:oak_planks":814,"minecraft:wall_torch":560,"minecraft:cauldron":47,"minecraft:light_blue_terracotta":49,"minecraft:stone_stairs":1,"minecraft:blue_terracotta":6,"minecraft:powered_rail":682,"minecraft:dark_oak_slab":23,"minecraft:blue_ice":15,"minecraft:tnt":55,"minecraft:smooth_stone_slab":3521,"minecraft:oak_log":4033,"minecraft:moving_piston":1,"minecraft:beetroots":14,"minecraft:lime_terracotta":2,"minecraft:dirt":20213,"minecraft:dispenser":217,"minecraft:yellow_wall_banner":3,"minecraft:quartz_stairs":780,"minecraft:dark_oak_leaves":18,"minecraft:red_stained_glass":32,"minecraft:lever":108,"minecraft:ladder":292,"minecraft:stone_button":75,"minecraft:cyan_banner":1,"minecraft:brown_mushroom_block":225,"minecraft:birch_slab":277,"minecraft:spruce_leaves":256,"minecraft:light_gray_shulker_box":76,"minecraft:orange_stained_glass_pane":85,"minecraft:detector_rail":13,"minecraft:gold_block":430,"minecraft:nether_brick_fence":186,"minecraft:bookshelf":512,"minecraft:stripped_oak_log":55,"minecraft:wet_sponge":5,"minecraft:orange_glazed_terracotta":8,"minecraft:scaffolding":1045,"minecraft:acacia_leaves":871,"minecraft:magenta_stained_glass":102,"minecraft:snow_block":135,"minecraft:stripped_dark_oak_log":1,"minecraft:polished_granite":4,"minecraft:oak_fence":271,"minecraft:gray_stained_glass":11,"minecraft:lime_carpet":5,"minecraft:stone_slab":300,"minecraft:red_concrete":1335,"minecraft:prismarine_bricks":16,"minecraft:birch_planks":89,"minecraft:sea_pickle":3,"minecraft:ice":3274,"minecraft:black_wall_banner":10,"minecraft:white_wall_banner":54,"minecraft:grass_path":36,"minecraft:black_wool":10,"minecraft:cocoa":206,"minecraft:cyan_carpet":10,"minecraft:yellow_concrete":1230,"minecraft:purple_shulker_box":12,"minecraft:cracked_stone_bricks":4,"minecraft:mossy_stone_bricks":4,"minecraft:dark_oak_planks":1,"minecraft:light_blue_concrete":288,"minecraft:black_terracotta":2,"minecraft:jungle_leaves":205,"minecraft:obsidian":875,"minecraft:carved_pumpkin":116,"minecraft:stone_brick_wall":4,"minecraft:yellow_carpet":10,"minecraft:jungle_log":647,"minecraft:coal_block":38,"minecraft:purpur_slab":47,"minecraft:lime_stained_glass":109,"minecraft:hopper":1289,"minecraft:oxeye_daisy":8,"minecraft:chiseled_stone_bricks":14,"minecraft:light_blue_stained_glass":415,"minecraft:orange_concrete":285,"minecraft:brown_stained_glass":828,"minecraft:sticky_piston":583,"minecraft:pumpkin":145,"minecraft:enchanting_table":1,"minecraft:lime_stained_glass_pane":120,"minecraft:oak_sign":30,"minecraft:oak_stairs":474,"minecraft:quartz_slab":260,"minecraft:smooth_sandstone_stairs":113,"minecraft:iron_block":797,"minecraft:piston_head":19,"minecraft:brown_mushroom":74,"minecraft:red_bed":42,"minecraft:player_wall_head":48,"minecraft:blue_stained_glass":1,"minecraft:polished_andesite_stairs":3,"minecraft:polished_diorite_slab":4,"minecraft:glass":2701,"minecraft:damaged_anvil":15,"minecraft:smooth_sandstone_slab":44,"minecraft:spruce_sign":1,"minecraft:polished_diorite_stairs":7,"minecraft:black_concrete_powder":13,"minecraft:light_gray_stained_glass":532,"minecraft:wheat":1362,"minecraft:lime_concrete":935,"minecraft:stone_brick_stairs":1039,"minecraft:oak_fence_gate":13,"minecraft:loom":7,"minecraft:blue_shulker_box":142,"minecraft:stonecutter":1,"minecraft:yellow_stained_glass":206,"minecraft:piston":712,"minecraft:pink_shulker_box":82,"minecraft:light_gray_stained_glass_pane":143,"minecraft:stripped_birch_log":1091,"minecraft:jack_o_lantern":80,"minecraft:shulker_box":2365,"minecraft:nether_bricks":2441,"minecraft:jungle_planks":315,"minecraft:orange_shulker_box":75,"minecraft:lime_wool":27,"minecraft:kelp":114,"minecraft:black_stained_glass_pane":12,"minecraft:snow":5546,"minecraft:acacia_wood":2,"minecraft:diamond_block":17,"minecraft:potatoes":683,"minecraft:smooth_quartz_stairs":80,"minecraft:bamboo_sapling":1,"minecraft:bamboo":234,"minecraft:white_wool":580,"minecraft:cake":48,"minecraft:smithing_table":14,"minecraft:light_gray_carpet":405,"minecraft:gray_concrete":2163,"minecraft:comparator":167,"minecraft:brown_carpet":8,"minecraft:stone_brick_slab":1074,"minecraft:observer":1660,"minecraft:smooth_sandstone":948,"minecraft:light_gray_concrete_powder":14,"minecraft:spruce_button":10,"minecraft:emerald_ore":29,"minecraft:dropper":505,"minecraft:dried_kelp_block":2,"minecraft:lime_glazed_terracotta":4,"minecraft:prismarine_brick_slab":2,"minecraft:white_carpet":346,"minecraft:spruce_log":1115,"minecraft:birch_leaves":792,"minecraft:jungle_fence":24,"minecraft:quartz_pillar":86,"minecraft:red_wall_banner":4,"minecraft:mycelium":1233,"minecraft:zombie_head":1,"minecraft:infested_stone":132,"minecraft:black_shulker_box":59,"minecraft:spruce_planks":511,"minecraft:jungle_slab":6,"minecraft:cobblestone_stairs":78,"minecraft:grass_block":17577,"minecraft:infested_cobblestone":1,"minecraft:blue_concrete":84,"minecraft:purple_stained_glass_pane":2,"minecraft:smooth_stone":99,"minecraft:glowstone":343,"minecraft:iron_ore":3135,"minecraft:black_carpet":110,"minecraft:anvil":37,"minecraft:azure_bluet":11,"minecraft:purple_carpet":191,"minecraft:birch_wall_sign":13,"minecraft:jungle_pressure_plate":2,"minecraft:end_stone_bricks":1418,"minecraft:brain_coral_block":1,"minecraft:cyan_terracotta":751,"minecraft:chiseled_quartz_block":9,"minecraft:clay":170,"minecraft:poppy":49,"minecraft:chest":1237,"minecraft:mushroom_stem":23,"minecraft:cobblestone":2510,"minecraft:slime_block":729,"minecraft:grindstone":14,"minecraft:magenta_shulker_box":91,"minecraft:seagrass":68,"minecraft:light_gray_glazed_terracotta":12,"minecraft:acacia_sapling":1,"minecraft:yellow_wool":2,"minecraft:birch_log":2471,"minecraft:birch_trapdoor":107,"minecraft:activator_rail":6,"minecraft:light_gray_wool":1,"minecraft:orange_tulip":12,"minecraft:purpur_block":1261,"minecraft:yellow_stained_glass_pane":23,"minecraft:acacia_fence":3,"minecraft:sand":23127,"minecraft:tripwire_hook":18,"minecraft:netherrack":47155,"minecraft:magenta_wool":1,"minecraft:oak_leaves":9649,"minecraft:redstone_lamp":158,"minecraft:diamond_ore":220,"minecraft:red_carpet":110,"minecraft:gray_shulker_box":80,"minecraft:light_blue_glazed_terracotta":1,"minecraft:white_stained_glass":2267,"minecraft:sandstone":2958,"minecraft:diorite_slab":6,"minecraft:oak_trapdoor":188,"minecraft:spruce_sapling":4,"minecraft:furnace":177,"minecraft:carrots":3561,"minecraft:stripped_spruce_log":19,"minecraft:black_concrete":3467,"minecraft:lantern":7,"minecraft:stripped_acacia_log":4,"minecraft:stripped_jungle_log":110,"minecraft:packed_ice":3345,"minecraft:chorus_plant":4,"minecraft:stone":266280,"minecraft:yellow_shulker_box":147,"minecraft:birch_pressure_plate":4,"minecraft:redstone_wall_torch":133,"minecraft:podzol":3,"minecraft:light_blue_shulker_box":384,"minecraft:red_wool":34,"minecraft:infested_stone_bricks":1,"minecraft:crafting_table":236,"minecraft:oak_wood":3,"minecraft:lime_concrete_powder":8,"minecraft:lectern":1129,"minecraft:andesite_wall":2,"minecraft:lapis_ore":308,"minecraft:spruce_stairs":377,"minecraft:gray_wool":7,"minecraft:lime_bed":1,"minecraft:cactus":27,"minecraft:gray_concrete_powder":26,"minecraft:brick_slab":140,"minecraft:green_shulker_box":39,"minecraft:redstone_torch":99,"minecraft:sweet_berry_bush":6,"minecraft:yellow_bed":22,"minecraft:coal_ore":5785,"minecraft:end_rod":86,"minecraft:gray_carpet":436,"minecraft:terracotta":25,"minecraft:polished_andesite":807,"minecraft:birch_fence":5}},"DataVersion":1976}